episode,n_drones,n_dests,steps,team_reward,delivered,makespan,reloads,hop2plus,max_reach,stall_ratio,max_stall_run,term_reason,relay_frac,wall_sec
1,6,57,660,660.253,57,660,9,0.4692,793.8,0.2141,18,complete,0.1684,4.2
2,3,50,1000,450.074,41,,7,0.446,769.6,0.3109,44,step_limit,0.1803,8.5
3,6,72,1000,818.675,71,,12,0.5093,775.1,0.0932,8,step_limit,0.1491,15.6
4,3,46,1000,502.667,41,,8,0.3027,572.3,0.173,21,step_limit,0.1531,27.2
5,4,58,1000,380.269,45,,6,0.6245,1015.0,0.4037,80,step_limit,0.3142,80.9
6,3,61,1000,676.208,56,,9,0.5133,783.3,0.2573,51,step_limit,0.3087,135.0
7,3,30,673,329.55,30,673,4,0.4988,771.4,0.3693,60,complete,0.3182,170.9
8,3,69,1000,691.717,59,,9,0.4807,749.9,0.3273,70,step_limit,0.2414,225.6
9,4,66,997,820.199,66,997,11,0.6123,1005.1,0.2713,14,complete,0.3095,281.2
10,4,26,1000,62.877,19,,2,0.6765,529.2,0.7919,225,step_limit,0.1632,334.1
11,6,32,253,358.201,32,253,4,0.4967,692.3,0.23,5,complete,0.1259,348.9
12,4,35,462,419.406,35,462,5,0.4978,704.1,0.3066,28,complete,0.1271,375.7
13,4,23,434,245.301,23,434,3,0.5156,813.7,0.4886,113,complete,0.1615,400.0
14,3,61,1000,516.62,48,,7,0.531,756.9,0.5314,217,step_limit,0.2265,454.4
15,5,78,873,995.388,78,873,13,0.5491,762.1,0.4115,17,complete,0.1924,504.8
16,6,46,435,507.739,46,435,6,0.5713,880.3,0.2924,48,complete,0.0751,530.8
17,5,74,609,984.286,74,609,13,0.4713,778.5,0.1173,9,complete,0.1026,566.8
18,4,24,379,283.74,24,379,4,0.4763,764.5,0.2699,18,complete,0.1862,586.6
19,5,24,288,290.6,24,288,4,0.5472,841.2,0.1839,10,complete,0.1867,603.2
20,4,66,824,849.137,66,824,12,0.4184,635.2,0.4101,53,complete,0.1352,650.9
21,4,43,558,534.052,43,558,7,0.4512,630.0,0.3673,47,complete,0.1594,682.3
22,4,43,507,543.571,43,507,7,0.3871,495.8,0.3817,37,complete,0.0878,711.6
23,3,22,555,238.695,22,555,3,0.5435,785.5,0.3989,53,complete,0.1923,741.5
24,4,35,636,385.611,35,636,5,0.5197,778.4,0.371,30,complete,0.2007,776.4
25,5,25,295,300.23,25,295,4,0.5397,884.5,0.154,2,complete,0.1867,794.5
26,4,79,832,1047.591,79,832,14,0.4615,667.9,0.1792,23,complete,0.1107,844.9
27,6,63,832,668.051,63,832,9,0.6737,1119.5,0.176,18,complete,0.2722,896.3
28,3,77,1000,651.327,57,,9,0.4627,689.2,0.5028,220,step_limit,0.2,950.9
29,4,34,581,337.148,34,581,4,0.5955,880.2,0.241,18,complete,0.2365,982.0
30,4,25,467,237.992,25,467,3,0.5739,890.7,0.3033,13,complete,0.2269,1007.9
31,6,68,482,892.28,68,482,12,0.5246,781.3,0.1059,7,complete,0.1238,1036.6
32,4,79,1000,573.149,53,,10,0.5205,697.8,0.387,255,step_limit,0.2167,1091.7
33,4,62,1000,685.355,58,,10,0.5365,927.8,0.2497,10,step_limit,0.2733,1148.2
34,4,33,487,387.756,33,487,5,0.3511,650.3,0.2083,34,complete,0.1411,1178.0
35,4,26,478,251.018,26,478,3,0.5329,688.3,0.3333,35,complete,0.2067,1203.9
36,4,57,923,658.084,57,923,9,0.6029,936.4,0.3672,25,complete,0.2699,1255.0
37,4,29,789,283.433,29,789,4,0.6343,968.0,0.3887,52,complete,0.27,1297.1
38,5,63,813,734.215,63,813,10,0.6214,864.9,0.4044,28,complete,0.2305,1342.9
39,5,44,1000,347.148,40,,6,0.631,895.9,0.5568,58,step_limit,0.2981,1398.6
40,6,56,563,655.488,56,563,8,0.6311,852.7,0.4026,16,complete,0.1971,1432.1
41,6,21,178,149.634,21,178,0,0.6479,937.4,0.1927,3,complete,0.2184,1442.0
42,3,24,800,113.125,17,,2,0.6021,664.5,0.7257,256,no_progress,0.2429,1483.4
43,4,52,740,666.092,52,740,9,0.5372,787.3,0.2398,39,complete,0.1421,1523.3
44,4,72,877,922.72,72,877,12,0.4322,745.9,0.3394,35,complete,0.126,1572.7
45,4,52,996,575.122,52,996,8,0.6393,1018.0,0.3849,31,complete,0.3333,1626.6
46,6,72,422,920.305,72,422,11,0.4269,638.9,0.1894,6,complete,0.105,1652.6
47,4,69,815,934.241,69,815,13,0.5138,720.8,0.2624,24,complete,0.1,1692.0
48,4,56,844,666.004,56,844,9,0.4455,725.8,0.3514,16,complete,0.177,1732.2
49,6,78,711,1010.44,78,711,14,0.6181,876.1,0.3017,7,complete,0.1706,1756.2
50,5,40,1000,266.825,34,,6,0.6836,965.3,0.3444,15,step_limit,0.2978,1788.2
51,6,51,354,587.466,51,354,6,0.5537,735.9,0.1248,4,complete,0.1299,2031.6
52,3,42,1000,470.336,40,,7,0.4393,636.5,0.3968,83,step_limit,0.2105,2084.3
53,6,60,592,786.49,60,592,11,0.4291,631.1,0.2833,13,complete,0.1062,2117.9
54,4,49,774,623.26,49,774,9,0.4732,626.2,0.3494,26,complete,0.1303,2160.8
55,4,40,469,478.76,40,469,6,0.484,702.6,0.075,5,complete,0.1306,2188.8
56,5,61,755,761.914,61,755,10,0.6135,841.3,0.3716,32,complete,0.1627,2233.4
57,3,53,1000,499.325,42,,8,0.513,774.7,0.5082,215,step_limit,0.2188,2289.5
58,6,57,496,669.914,57,496,8,0.621,939.9,0.2228,9,complete,0.1647,2318.9
59,3,50,1000,525.218,44,,7,0.5233,771.3,0.3932,97,step_limit,0.1733,2374.3
60,4,21,427,212.063,21,427,3,0.5269,754.4,0.2458,21,complete,0.163,2397.8
61,5,26,294,280.819,26,294,3,0.6014,856.8,0.1218,8,complete,0.1143,2415.3
62,5,55,955,666.886,55,955,10,0.6829,882.0,0.2662,10,complete,0.2554,2467.7
63,6,68,1000,795.588,65,,12,0.7045,944.7,0.3949,62,step_limit,0.188,2525.6
64,3,41,1000,269.561,30,,5,0.4223,669.9,0.4804,55,step_limit,0.1818,2582.2
65,5,68,575,894.75,68,575,12,0.4233,665.2,0.2374,10,complete,0.0796,2615.8
66,3,61,1000,711.093,57,,10,0.404,602.3,0.3316,52,step_limit,0.1361,2671.2
67,3,53,1000,459.008,44,,7,0.4757,708.6,0.4261,55,step_limit,0.2372,2726.4
68,3,44,887,555.863,44,887,8,0.4175,673.7,0.3186,70,complete,0.1581,2774.9
69,4,34,415,379.776,34,415,4,0.553,733.9,0.2471,23,complete,0.1161,2797.9
70,4,31,1000,196.839,27,,4,0.664,1015.4,0.455,28,step_limit,0.3218,2851.2
71,5,71,716,906.904,71,716,12,0.4115,588.7,0.2163,20,complete,0.0899,2892.3
72,3,53,1000,452.26,41,,7,0.478,728.3,0.4353,75,step_limit,0.2298,2947.0
73,4,21,909,115.45,21,909,3,0.5663,1052.6,0.3187,18,complete,0.3041,2997.2
74,5,45,390,533.956,45,390,6,0.5749,854.5,0.1423,6,complete,0.1159,3019.6
75,5,40,617,432.188,40,617,6,0.5533,791.5,0.357,11,complete,0.1,3054.1
76,4,75,1000,708.763,64,,10,0.6135,868.5,0.267,18,step_limit,0.252,3109.8
77,5,24,324,225.112,24,324,2,0.6685,908.7,0.3348,37,complete,0.1385,3127.7
78,4,64,1000,700.656,60,,10,0.5507,839.4,0.4574,63,step_limit,0.1765,3182.8
79,3,41,1000,402.049,37,,7,0.4747,725.7,0.4042,79,step_limit,0.2447,3236.6
80,3,69,1000,766.861,59,,11,0.3713,634.3,0.3162,83,step_limit,0.1667,3291.9
81,6,47,350,577.872,47,350,7,0.5629,831.0,0.0784,2,complete,0.0682,3312.8
82,6,69,557,835.319,69,557,10,0.6346,906.2,0.2198,13,complete,0.18,3345.8
83,5,31,549,312.647,31,549,4,0.6754,923.8,0.2117,6,complete,0.2492,3377.3
84,3,33,1000,319.482,31,,5,0.4593,792.5,0.4962,175,step_limit,0.2659,3429.3
85,4,38,565,421.526,38,565,5,0.5283,550.0,0.3872,20,complete,0.0821,3461.3
86,6,24,221,189.44,24,221,1,0.7398,822.5,0.1575,5,complete,0.1571,3474.6
87,3,30,596,363.14,30,596,5,0.4021,735.7,0.2612,27,complete,0.2097,3506.7
88,4,38,662,447.141,38,662,6,0.5695,925.8,0.2542,18,complete,0.25,3542.7
89,3,57,1000,581.111,50,,8,0.52,775.7,0.4028,60,step_limit,0.2444,3597.2
90,6,21,183,155.649,21,183,0,0.6603,988.8,0.1044,0,complete,0.1562,3608.0
91,6,77,738,951.85,77,738,13,0.643,901.5,0.3002,53,complete,0.172,3652.9
92,4,69,1000,817.119,68,,12,0.5102,875.7,0.2774,60,step_limit,0.2229,3699.9
93,6,60,578,727.07,60,578,9,0.5092,753.2,0.3075,12,complete,0.1014,3723.7
94,6,45,373,528.207,45,373,6,0.538,769.1,0.1294,3,complete,0.0931,3740.2
95,4,71,1000,790.282,67,,11,0.4617,671.7,0.3799,14,step_limit,0.1842,3779.2
96,3,74,1000,795.045,63,,11,0.482,793.1,0.2134,44,step_limit,0.2213,3815.2
97,6,47,515,548.236,47,515,7,0.5417,804.5,0.2486,8,complete,0.1623,3831.0
98,6,50,738,590.348,50,738,9,0.7026,964.7,0.3119,16,complete,0.2381,3852.5
99,6,35,326,347.891,35,326,3,0.5629,799.1,0.1754,7,complete,0.1144,3862.7
100,3,40,843,451.99,40,843,6,0.484,726.6,0.3088,46,complete,0.2556,3889.3
101,3,23,685,195.272,23,685,2,0.3601,719.7,0.4201,50,complete,0.2308,4197.1
102,3,21,488,265.974,21,488,4,0.4809,782.7,0.1903,27,complete,0.284,4223.6
103,6,72,602,911.988,72,602,12,0.5664,726.0,0.3252,25,complete,0.1101,4259.2
104,3,27,1000,236.8,26,,3,0.5827,789.2,0.5469,90,step_limit,0.2927,4312.1
105,4,63,939,801.227,63,939,11,0.4497,810.9,0.3051,32,complete,0.1562,4362.8
106,5,58,622,726.391,58,622,10,0.4466,727.2,0.2596,15,complete,0.1097,4397.2
107,6,75,697,869.652,75,697,11,0.6901,1064.9,0.1833,3,complete,0.2342,4437.3
108,4,55,1000,523.92,48,,8,0.542,921.8,0.4709,38,step_limit,0.2648,4494.2
109,5,64,903,729.569,64,903,10,0.6009,936.5,0.2916,13,complete,0.2357,4548.9
110,4,55,860,714.887,55,860,10,0.5451,845.7,0.2294,21,complete,0.2018,4596.2
111,5,67,877,803.799,67,877,11,0.6527,963.6,0.3092,15,complete,0.2191,4646.6
112,4,46,830,564.087,46,830,8,0.5822,924.7,0.2954,19,complete,0.2303,4691.8
113,5,43,528,529.298,43,528,7,0.4644,661.8,0.2908,12,complete,0.1169,4720.8
114,3,80,1000,760.589,61,,11,0.4543,758.9,0.3152,36,step_limit,0.1921,4775.3
115,6,78,603,1017.766,78,603,13,0.4685,724.5,0.1875,7,complete,0.1177,4810.4
116,5,72,717,940.594,72,717,13,0.54,867.2,0.1374,20,complete,0.1759,4852.1
117,4,54,834,676.129,54,834,10,0.4296,714.8,0.3217,20,complete,0.1968,4898.9
118,3,63,1000,751.448,60,,10,0.4967,795.3,0.302,45,step_limit,0.2373,4953.6
119,6,66,720,751.955,66,720,10,0.5745,788.5,0.3716,20,complete,0.1321,4994.7
120,5,70,850,910.45,70,850,13,0.5859,885.4,0.2649,14,complete,0.1746,5045.9
121,5,45,506,538.856,45,506,7,0.6174,810.6,0.1535,9,complete,0.1534,5074.7
122,5,26,404,287.319,26,404,4,0.653,1029.1,0.2315,13,complete,0.264,5099.2
123,6,30,604,280.22,30,604,5,0.622,834.2,0.2082,15,complete,0.2176,5132.4
124,3,80,1000,741.386,60,,11,0.477,620.5,0.3397,49,step_limit,0.1956,5189.6
125,6,41,356,477.425,41,356,6,0.5496,738.3,0.2284,6,complete,0.1515,5209.6
126,4,50,1000,445.208,47,,7,0.6512,986.2,0.3848,72,step_limit,0.2827,5263.7
127,4,37,678,403.269,37,678,5,0.6552,883.6,0.3949,42,complete,0.3,5302.6
128,3,42,1000,471.45,40,,7,0.481,787.6,0.2989,46,step_limit,0.2415,5360.0
129,5,52,578,659.071,52,578,9,0.5619,851.4,0.1592,6,complete,0.1363,5394.5
130,3,40,1000,430.255,37,,7,0.556,766.5,0.3763,54,step_limit,0.2569,5447.4
131,4,39,565,468.887,39,565,6,0.4858,637.2,0.2963,12,complete,0.1473,5479.9
132,6,63,435,764.338,63,435,9,0.5548,713.4,0.0326,3,complete,0.0703,5506.0
133,4,61,746,778.652,61,746,10,0.4896,760.5,0.244,14,complete,0.1442,5548.5
134,5,22,183,201.214,22,183,1,0.4568,683.1,0.1903,3,complete,0.1032,5560.2
135,3,20,562,217.925,20,562,3,0.5374,721.6,0.2773,26,complete,0.2138,5590.6
136,6,57,709,616.828,57,709,9,0.5891,839.6,0.321,10,complete,0.2087,5631.0
137,4,24,346,259.16,24,346,3,0.3757,722.8,0.1087,9,complete,0.1667,5651.4
138,5,35,324,384.857,35,324,4,0.4889,592.4,0.113,7,complete,0.0731,5669.7
139,4,29,414,332.764,29,414,4,0.6045,833.3,0.2583,11,complete,0.1955,5693.7
140,3,32,923,325.854,32,923,5,0.5814,781.3,0.3843,74,complete,0.2731,5741.7
141,4,54,703,688.347,54,703,10,0.494,617.8,0.2508,17,complete,0.1213,5775.9
142,3,42,714,529.837,42,714,7,0.4678,670.2,0.2717,35,complete,0.1587,5809.8
143,3,23,671,215.413,23,671,3,0.4739,755.5,0.3664,39,complete,0.2404,5834.9
144,4,61,1000,656.938,57,,10,0.5105,835.3,0.4208,40,step_limit,0.1792,5875.7
145,4,64,928,802.274,64,928,11,0.51,747.6,0.2555,19,complete,0.1474,5914.2
146,3,71,1000,577.677,51,,8,0.4113,616.4,0.5077,97,step_limit,0.1521,5950.6
147,3,48,1000,599.438,47,,9,0.405,700.3,0.3067,46,step_limit,0.1589,5980.8
148,5,36,544,351.675,36,544,4,0.6544,1024.1,0.2006,12,complete,0.2176,6002.2
149,5,40,456,416.187,40,456,4,0.4618,846.9,0.2198,20,complete,0.1304,6021.6
150,4,26,673,203.772,26,673,2,0.4357,796.1,0.3519,18,complete,0.1445,6049.6
151,5,70,1000,786.764,69,,11,0.5162,864.9,0.3574,38,step_limit,0.1535,6377.5
152,6,48,373,547.482,48,373,6,0.6113,818.1,0.1355,2,complete,0.1419,6403.0
153,6,57,915,633.237,57,915,9,0.6703,943.5,0.2912,13,complete,0.204,6453.6
154,6,34,275,409.671,34,275,5,0.5182,725.3,0.1354,4,complete,0.1258,6469.1
155,6,80,884,965.735,80,884,14,0.6242,918.7,0.3606,11,complete,0.1843,6519.5
156,6,59,628,695.974,59,628,9,0.6502,921.1,0.2424,7,complete,0.18,6555.2
157,3,42,878,533.703,42,878,8,0.415,768.3,0.2976,34,complete,0.1614,6602.4
158,5,76,1000,876.572,70,,13,0.4234,586.5,0.439,26,step_limit,0.0969,6658.8
159,6,47,415,596.874,47,415,8,0.5161,850.2,0.1555,8,complete,0.1296,6683.8
160,3,62,1000,656.994,55,,9,0.5123,732.3,0.3267,179,step_limit,0.2202,6743.5
161,4,31,534,368.756,31,534,5,0.4738,804.4,0.226,10,complete,0.1923,6772.4
162,4,26,647,270.243,26,647,4,0.558,956.1,0.2145,16,complete,0.2348,6807.2
163,5,21,491,145.021,21,491,2,0.6595,1068.6,0.3767,14,complete,0.275,6833.4
164,6,79,1000,923.676,77,,14,0.6425,971.0,0.3466,11,step_limit,0.1702,6889.5
165,6,47,320,549.736,47,320,6,0.4745,796.0,0.1581,4,complete,0.0683,6909.2
166,4,77,908,986.506,77,908,13,0.4692,883.1,0.3111,26,complete,0.153,6959.5
167,5,77,1000,800.513,72,,11,0.6802,1083.0,0.3101,38,step_limit,0.2535,7015.4
168,6,29,365,306.728,29,365,4,0.6475,802.5,0.2424,4,complete,0.1154,7035.9
169,6,59,550,751.319,59,550,10,0.6418,936.5,0.1738,14,complete,0.1759,7070.2
170,4,74,1000,712.238,63,,10,0.5883,945.4,0.3231,20,step_limit,0.2583,7129.6
171,5,34,376,352.509,34,376,4,0.5638,596.8,0.229,6,complete,0.0667,7151.6
172,3,43,957,533.618,43,957,8,0.4967,734.0,0.2989,59,complete,0.2351,7202.7
173,4,35,826,336.869,35,826,5,0.6017,923.7,0.4111,15,complete,0.2628,7248.0
174,6,43,384,497.476,43,384,6,0.497,785.2,0.1898,10,complete,0.1024,7270.9
175,6,30,358,287.76,30,358,3,0.696,1063.5,0.1829,3,complete,0.1765,7290.7
176,6,29,315,318.852,29,315,4,0.6471,955.7,0.2452,6,complete,0.1632,7309.2
177,3,45,1000,461.147,40,,7,0.5853,776.0,0.4791,300,step_limit,0.2639,7363.0
178,3,20,681,191.27,20,681,3,0.605,774.0,0.2968,28,complete,0.2857,7400.6
179,6,66,661,786.958,66,661,11,0.6755,994.6,0.2618,9,complete,0.1543,7438.8
180,6,22,340,123.591,22,340,0,0.5961,667.5,0.4491,12,complete,0.1667,7457.3
181,6,77,598,916.816,77,598,11,0.6711,922.7,0.1586,3,complete,0.1652,7493.5
182,4,74,881,992.344,74,881,14,0.5335,835.9,0.2853,37,complete,0.1762,7545.9
183,6,40,320,477.895,40,320,6,0.4859,644.0,0.0647,4,complete,0.0525,7566.5
184,4,77,1000,969.616,76,,13,0.5162,848.7,0.2449,27,step_limit,0.1685,7624.2
185,5,72,783,923.392,72,783,13,0.6084,900.7,0.2447,13,complete,0.1869,7670.2
186,5,74,635,969.345,74,635,13,0.4854,769.9,0.1372,10,complete,0.1053,7708.8
187,3,65,936,841.026,65,936,11,0.4701,751.4,0.2969,39,complete,0.1121,7761.4
188,3,80,1000,569.231,51,,9,0.527,690.5,0.3325,35,step_limit,0.2355,7810.7
189,5,55,723,697.086,55,723,10,0.6097,882.6,0.3049,16,complete,0.1879,7844.8
190,4,36,698,422.391,36,698,6,0.6408,950.8,0.2929,14,complete,0.1867,7877.6
191,3,28,767,335.997,28,767,5,0.5285,796.0,0.3419,52,complete,0.1735,7913.7
192,6,74,603,973.95,74,603,13,0.5746,831.1,0.1989,9,complete,0.1125,7941.3
193,4,61,1000,669.351,58,,10,0.5765,880.4,0.294,31,step_limit,0.2376,7983.4
194,6,73,571,898.499,73,571,11,0.5347,769.5,0.248,13,complete,0.1023,8009.2
195,5,69,848,883.788,69,848,13,0.6153,991.9,0.2812,10,complete,0.1783,8050.0
196,4,47,715,579.63,47,715,8,0.4224,694.9,0.2457,21,complete,0.0989,8078.5
197,5,27,474,238.689,27,474,3,0.6211,863.2,0.3014,10,complete,0.1593,8098.0
198,4,56,679,704.419,56,679,9,0.4076,656.8,0.1585,11,complete,0.0842,8125.1
199,3,57,1000,630.505,52,,9,0.5177,781.5,0.2636,77,step_limit,0.208,8164.6
200,6,64,881,738.218,64,881,11,0.6655,971.6,0.4204,14,complete,0.1554,8203.1
201,6,38,845,318.895,38,845,5,0.7176,1095.4,0.3458,8,complete,0.2348,8520.1
202,3,32,982,337.64,32,982,5,0.5,791.0,0.3564,82,complete,0.2159,8572.4
203,4,23,442,236.39,23,442,3,0.4706,652.9,0.3623,37,complete,0.117,8596.5
204,4,38,579,462.766,38,579,6,0.3782,763.1,0.2046,13,complete,0.1357,8627.2
205,4,27,411,282.893,27,411,3,0.5347,683.0,0.3023,21,complete,0.1176,8649.1
206,3,58,1000,658.853,52,,10,0.474,779.4,0.2377,28,step_limit,0.2538,8703.5
207,4,52,1000,555.862,51,,8,0.5948,950.1,0.3583,23,step_limit,0.2385,8757.1
208,4,60,1000,534.913,51,,8,0.6042,928.3,0.3316,32,step_limit,0.2269,8812.5
209,3,72,1000,589.254,51,,9,0.4837,784.8,0.3358,55,step_limit,0.2104,8866.0
210,6,39,383,396.112,39,383,4,0.5265,708.5,0.3355,9,complete,0.1093,8888.2
211,3,55,942,679.436,55,942,9,0.4303,768.4,0.2107,36,complete,0.181,8939.5
212,4,62,955,782.935,62,955,11,0.4411,738.4,0.2959,15,complete,0.1345,8992.6
213,5,77,682,1032.108,77,682,14,0.3994,626.4,0.1676,8,complete,0.0737,9033.4
214,4,44,640,558.573,44,640,8,0.4777,671.0,0.1985,10,complete,0.1406,9070.1
215,3,49,1000,563.62,48,,8,0.4947,782.3,0.28,57,step_limit,0.2756,9124.7
216,6,29,363,334.034,29,363,5,0.6657,975.7,0.2155,3,complete,0.1519,9144.3
217,5,36,353,395.558,36,353,4,0.5598,658.4,0.3127,13,complete,0.0897,9166.0
218,5,55,483,704.386,55,483,9,0.5652,706.8,0.2091,17,complete,0.086,9194.2
219,3,35,688,402.329,35,688,5,0.5426,794.3,0.3148,35,complete,0.2162,9231.3
220,6,73,681,888.48,73,681,11,0.5509,839.0,0.2499,9,complete,0.1353,9269.6
221,6,25,245,174.364,25,245,0,0.5776,835.2,0.2701,9,complete,0.1176,9282.5
222,4,30,718,332.48,30,718,5,0.5978,798.3,0.4702,165,complete,0.1679,9321.5
223,4,45,1000,373.769,39,,6,0.581,886.4,0.3964,36,step_limit,0.2184,9374.6
224,5,76,1000,794.599,70,,11,0.693,1033.6,0.4239,34,step_limit,0.2234,9430.5
225,5,70,659,873.593,70,659,11,0.5727,766.4,0.2634,9,complete,0.1019,9468.1
226,6,73,524,921.875,73,524,11,0.5165,715.4,0.0775,6,complete,0.0794,9501.3
227,6,56,378,716.709,56,378,9,0.5009,818.9,0.0447,1,complete,0.0889,9524.6
228,5,24,339,228.883,24,339,2,0.5994,859.5,0.173,3,complete,0.1128,9542.3
229,3,32,993,349.657,32,993,6,0.5592,780.5,0.278,61,complete,0.2959,9595.0
230,3,62,1000,643.542,55,,9,0.4503,632.2,0.3096,53,step_limit,0.2193,9650.3
231,3,27,448,324.16,27,448,4,0.5357,778.3,0.2675,28,complete,0.1176,9675.3
232,6,27,265,275.944,27,265,3,0.6994,973.7,0.172,5,complete,0.1341,9690.8
233,5,58,676,723.64,58,676,10,0.613,890.2,0.2182,7,complete,0.1532,9728.7
234,4,56,624,700.376,56,624,9,0.4255,698.9,0.1947,27,complete,0.1211,9766.3
235,4,49,670,577.086,49,670,7,0.5776,853.2,0.216,12,complete,0.2059,9801.5
236,6,71,560,865.797,71,560,11,0.5988,925.4,0.0834,3,complete,0.1607,9831.4
237,5,77,865,985.886,77,865,14,0.498,662.7,0.2682,9,complete,0.1017,9871.1
238,6,27,309,269.86,27,309,3,0.4353,754.0,0.1918,8,complete,0.0667,9883.8
239,5,37,563,377.093,37,563,5,0.6899,950.0,0.3007,7,complete,0.1886,9906.9
240,6,70,578,826.977,70,578,10,0.5213,686.6,0.2274,8,complete,0.1038,9931.3
241,3,46,1000,450.976,41,,7,0.494,787.6,0.3705,74,step_limit,0.2509,9972.2
242,6,65,496,833.305,65,496,11,0.4765,675.1,0.2222,9,complete,0.0879,9994.5
243,5,39,486,449.238,39,486,6,0.6313,909.4,0.2244,5,complete,0.1408,10013.1
244,4,51,948,607.037,51,948,9,0.5214,827.8,0.3316,48,complete,0.1982,10057.5
245,3,52,1000,339.863,35,,6,0.5847,774.5,0.4099,78,step_limit,0.2569,10103.1
246,5,54,773,651.294,54,773,9,0.4448,698.5,0.2886,8,complete,0.1192,10139.8
247,6,69,580,850.461,69,580,11,0.5974,978.1,0.1502,6,complete,0.1568,10170.9
248,3,77,1000,854.1,66,,12,0.4173,797.7,0.1902,24,step_limit,0.2056,10219.8
249,5,70,770,934.764,70,770,13,0.481,726.6,0.221,12,complete,0.1107,10258.6
250,3,51,1000,523.453,45,,8,0.525,789.8,0.3567,92,step_limit,0.2508,10305.9
251,6,33,503,299.856,33,503,3,0.5805,776.6,0.3131,8,complete,0.1361,10611.5
252,3,25,584,289.336,25,584,4,0.5457,779.3,0.2745,34,complete,0.2456,10642.9
253,5,49,795,557.434,49,795,8,0.6176,951.2,0.1954,7,complete,0.2356,10687.6
254,5,26,252,257.342,26,252,2,0.6016,726.8,0.183,5,complete,0.1024,10701.5
255,4,38,993,346.743,38,993,5,0.6392,945.2,0.4053,36,complete,0.2947,10754.5
256,4,27,482,295.194,27,482,4,0.5804,890.9,0.2268,28,complete,0.1296,10781.0
257,3,44,1000,494.639,42,,7,0.442,754.5,0.2667,47,step_limit,0.1683,10835.1
258,5,73,735,945.325,73,735,13,0.6215,793.1,0.2026,10,complete,0.1556,10880.2
259,5,65,741,793.565,65,741,11,0.5452,812.3,0.2575,24,complete,0.1504,10923.0
260,6,49,455,524.769,49,455,6,0.6579,881.1,0.2726,14,complete,0.1425,10949.3
261,6,21,371,155.369,21,371,1,0.6411,1080.8,0.1921,3,complete,0.1905,10969.6
262,3,69,1000,634.765,51,,10,0.272,554.7,0.4183,70,step_limit,0.1622,11023.5
263,4,40,1000,246.05,32,,5,0.648,899.7,0.533,69,step_limit,0.3478,11077.6
264,5,35,347,399.65,35,347,5,0.5844,814.8,0.2733,11,complete,0.1321,11096.5
265,6,52,371,641.394,52,371,8,0.4259,558.2,0.0689,2,complete,0.0797,11119.5
266,4,33,411,369.899,33,411,4,0.3777,646.4,0.2763,13,complete,0.1293,11142.4
267,6,32,346,386.465,32,346,5,0.6498,893.6,0.2157,4,complete,0.1442,11163.5
268,4,39,1000,340.39,34,,6,0.6512,879.4,0.4213,46,step_limit,0.217,11216.5
269,5,71,641,907.52,71,641,12,0.5629,787.2,0.1758,10,complete,0.1099,11252.8
270,3,56,1000,541.266,47,,8,0.575,799.7,0.2917,57,step_limit,0.2772,11306.7
271,5,66,796,765.405,66,796,10,0.5761,864.6,0.2738,11,complete,0.1321,11350.8
272,4,33,378,399.05,33,378,5,0.4087,595.1,0.1291,10,complete,0.1184,11371.9
273,5,75,756,951.427,75,756,13,0.6156,889.6,0.1947,10,complete,0.1791,11415.1
274,4,63,1000,696.197,58,,10,0.4497,717.2,0.3487,24,step_limit,0.1346,11469.4
275,3,46,1000,466.524,41,,7,0.531,794.2,0.3259,44,step_limit,0.2427,11526.1
276,5,62,780,767.935,62,780,11,0.6472,1006.7,0.2406,6,complete,0.1982,11571.0
277,6,35,349,400.271,35,349,5,0.6777,839.4,0.1209,0,complete,0.1069,11591.9
278,4,79,846,1005.456,79,846,13,0.4557,736.2,0.1591,16,complete,0.1492,11638.9
279,3,50,1000,526.06,46,,8,0.4353,768.2,0.2948,51,step_limit,0.2476,11692.6
280,3,71,1000,680.949,57,,10,0.4133,759.3,0.2502,24,step_limit,0.2259,11749.5
281,5,52,754,625.55,52,754,9,0.5851,831.5,0.3223,14,complete,0.1881,11791.6
282,4,55,675,719.189,55,675,10,0.4833,745.6,0.1666,10,complete,0.151,11825.1
283,4,44,554,572.185,44,554,8,0.4066,641.7,0.1503,11,complete,0.1161,11851.0
284,6,61,455,737.185,61,455,9,0.5777,800.6,0.1605,9,complete,0.1071,11874.1
285,6,61,477,766.298,61,477,10,0.5412,804.2,0.2425,5,complete,0.0939,11899.2
286,6,35,327,411.037,35,327,5,0.5398,714.1,0.2185,3,complete,0.0879,11914.6
287,5,42,422,502.555,42,422,6,0.6175,932.1,0.2526,7,complete,0.1062,11935.0
288,4,26,722,208.72,26,722,3,0.6305,1034.0,0.4212,38,complete,0.2941,11964.9
289,5,71,705,938.87,71,705,13,0.5169,792.0,0.1753,15,complete,0.1376,11992.7
290,3,34,781,409.905,34,781,6,0.4405,677.4,0.2478,34,complete,0.1622,12025.4
291,6,70,682,865.017,70,682,12,0.5816,803.4,0.1746,7,complete,0.1293,12055.4
292,6,25,235,240.076,25,235,2,0.5234,692.3,0.1452,2,complete,0.0495,12066.7
293,5,78,818,942.888,78,818,12,0.6086,921.3,0.2441,17,complete,0.159,12105.9
294,4,63,822,837.812,63,822,12,0.5222,786.3,0.2439,21,complete,0.1509,12143.0
295,3,40,872,452.747,40,872,6,0.4813,797.1,0.3116,48,complete,0.2637,12182.8
296,3,78,1000,716.896,57,,11,0.4957,743.8,0.3209,51,step_limit,0.2339,12232.3
297,3,76,1000,851.467,66,,12,0.3363,526.5,0.2426,34,step_limit,0.1189,12282.5
298,5,42,585,466.583,42,585,6,0.5511,757.3,0.3516,13,complete,0.1147,12310.0
299,5,34,624,305.638,34,624,4,0.6734,1062.8,0.3648,37,complete,0.2423,12340.3
300,6,73,813,898.256,73,813,13,0.6361,951.3,0.2803,7,complete,0.1209,12379.4
301,5,74,580,997.216,74,580,13,0.4707,730.8,0.1237,11,complete,0.1,12697.3
302,3,56,1000,678.073,55,,9,0.4757,766.5,0.2697,48,step_limit,0.2455,12752.2
303,6,24,308,218.545,24,308,2,0.5357,814.4,0.2505,5,complete,0.1404,12769.1
304,5,67,1000,722.194,62,,11,0.6074,862.1,0.4039,24,step_limit,0.2194,12829.8
305,4,69,975,906.994,69,975,13,0.5469,863.8,0.2349,13,complete,0.2051,12885.7
306,4,30,587,308.493,30,587,4,0.5004,839.7,0.2927,30,complete,0.1577,12917.4
307,6,46,422,517.232,46,422,6,0.5213,639.1,0.2041,11,complete,0.0728,12941.0
308,3,45,925,579.863,45,925,8,0.4638,788.4,0.2346,51,complete,0.2057,12992.1
309,6,80,951,1023.658,80,951,15,0.6663,984.1,0.2776,9,complete,0.1763,13045.3
310,4,26,468,293.865,26,468,4,0.6426,769.2,0.3422,22,complete,0.1587,13070.6
311,3,52,1000,594.356,50,,8,0.4047,714.1,0.315,40,step_limit,0.1772,13125.8
312,3,42,935,484.279,42,935,7,0.5102,775.2,0.428,102,complete,0.2096,13176.8
313,3,60,1000,736.865,56,,11,0.4663,749.9,0.302,51,step_limit,0.2104,13232.5
314,3,78,1000,803.458,65,,11,0.479,770.5,0.1259,21,step_limit,0.2849,13286.8
315,5,51,668,584.169,51,668,8,0.6644,983.0,0.2361,13,complete,0.2021,13324.8
316,5,58,474,692.671,58,474,8,0.4949,833.7,0.1798,15,complete,0.0964,13352.3
317,5,75,871,970.957,75,871,14,0.566,952.6,0.2232,11,complete,0.1894,13401.1
318,6,56,563,704.699,56,563,10,0.6451,957.0,0.1856,6,complete,0.1519,13433.5
319,4,69,1000,836.33,67,,12,0.5827,891.0,0.2579,22,step_limit,0.225,13490.3
320,5,45,751,523.128,45,751,8,0.632,865.6,0.2642,19,complete,0.1698,13532.2
321,5,28,350,284.607,28,350,3,0.676,905.9,0.2433,22,complete,0.0958,13552.5
322,5,59,601,752.925,59,601,10,0.378,594.9,0.3263,11,complete,0.0948,13587.8
323,3,44,1000,282.407,31,,5,0.4307,769.9,0.4591,326,step_limit,0.2644,13641.0
324,3,25,505,291.118,25,505,4,0.371,573.8,0.2021,36,complete,0.1724,13669.2
325,6,65,554,828.283,65,554,11,0.574,766.2,0.2087,12,complete,0.0986,13701.4
326,4,31,677,307.81,31,677,4,0.613,960.0,0.4556,76,complete,0.194,13737.5
327,6,67,513,824.074,67,513,10,0.6335,863.1,0.1844,4,complete,0.12,13767.3
328,4,65,928,794.369,65,928,11,0.4572,740.0,0.2727,14,complete,0.1521,13819.8
329,6,33,336,357.313,33,336,4,0.5764,861.2,0.2319,5,complete,0.0769,13838.9
330,5,76,1000,889.961,73,,13,0.6006,791.2,0.3719,72,step_limit,0.1755,13891.9
331,4,76,994,965.903,76,994,13,0.5624,885.8,0.2464,26,complete,0.1705,13939.9
332,6,75,726,970.184,75,726,14,0.5048,805.7,0.3241,39,complete,0.1268,13977.6
333,4,26,537,286.951,26,537,4,0.4809,789.2,0.2551,12,complete,0.1182,14003.7
334,3,63,1000,629.581,53,,9,0.3443,658.8,0.3487,158,step_limit,0.1802,14051.9
335,5,28,506,290.682,28,506,4,0.6269,843.5,0.2962,20,complete,0.1322,14075.8
336,3,54,1000,627.006,50,,9,0.4597,769.4,0.2382,58,step_limit,0.2298,14116.8
337,4,65,1000,629.84,55,,10,0.6235,1023.0,0.3759,37,step_limit,0.2797,14165.9
338,4,68,1000,872.594,67,,13,0.536,811.2,0.2183,13,step_limit,0.1914,14214.2
339,5,47,432,565.283,47,432,7,0.4519,656.5,0.259,9,complete,0.0841,14236.3
340,4,73,1000,731.764,62,,11,0.6162,999.1,0.3237,67,step_limit,0.2823,14283.3
341,4,64,1000,568.475,51,,10,0.6202,849.9,0.3199,39,step_limit,0.2696,14326.8
342,4,26,426,308.16,26,426,4,0.4407,706.6,0.25,18,complete,0.09,14345.7
343,6,58,487,735.859,58,487,10,0.5551,836.3,0.1332,4,complete,0.092,14369.3
344,5,23,273,229.85,23,273,2,0.4527,660.5,0.2249,10,complete,0.0944,14382.7
345,5,53,814,640.989,53,814,9,0.6543,1022.8,0.3401,20,complete,0.1635,14421.8
346,4,21,566,193.893,21,566,3,0.4704,713.9,0.3494,12,complete,0.1818,14448.2
347,6,39,357,428.98,39,357,5,0.6125,768.6,0.1352,1,complete,0.1306,14466.8
348,6,46,358,561.872,46,358,7,0.5205,612.2,0.1265,5,complete,0.0783,14485.0
349,5,37,455,394.777,37,455,4,0.5257,868.5,0.2433,6,complete,0.1,14506.4
350,3,42,1000,448.493,38,,7,0.4753,792.0,0.4196,100,step_limit,0.1685,14552.6
351,6,54,431,690.284,54,431,9,0.5704,927.4,0.1526,7,complete,0.1337,14858.2
352,5,69,1000,665.435,59,,10,0.5728,806.1,0.45,22,step_limit,0.167,14913.4
353,3,44,1000,462.891,40,,7,0.402,713.1,0.3664,85,step_limit,0.2109,14968.1
354,4,49,757,589.72,49,757,8,0.5535,841.0,0.2851,31,complete,0.1611,15010.7
355,3,28,647,267.769,28,647,3,0.4853,692.0,0.4122,59,complete,0.1587,15046.4
356,3,79,1000,765.963,62,,11,0.283,552.8,0.3012,49,step_limit,0.1897,15101.7
357,5,71,535,881.292,71,535,10,0.4811,599.8,0.2012,9,complete,0.0733,15134.2
358,3,30,702,324.24,30,702,4,0.5404,771.6,0.3352,36,complete,0.1963,15172.2
359,4,74,991,931.863,74,991,13,0.4518,658.9,0.3044,18,complete,0.1346,15226.9
360,5,47,497,565.618,47,497,7,0.5634,857.0,0.2088,10,complete,0.0944,15255.7
361,4,43,662,523.204,43,662,7,0.5276,879.8,0.295,25,complete,0.1829,15292.5
362,6,78,591,1029.625,78,591,14,0.509,761.2,0.2011,8,complete,0.1042,15327.2
363,5,70,869,838.393,70,869,11,0.4806,702.0,0.3191,11,complete,0.1429,15376.5
364,3,64,1000,756.273,58,,11,0.4807,781.6,0.2975,58,step_limit,0.2365,15432.5
365,3,63,1000,557.267,50,,8,0.5793,746.9,0.4335,104,step_limit,0.2436,15486.9
366,4,44,948,488.353,44,948,7,0.6261,978.3,0.3227,26,complete,0.25,15539.8
367,5,38,467,454.439,38,467,6,0.5478,920.6,0.2413,10,complete,0.1354,15566.6
368,3,37,669,479.141,37,669,7,0.418,542.7,0.224,24,complete,0.1368,15603.9
369,3,42,902,519.29,42,902,7,0.4601,664.0,0.3579,54,complete,0.1519,15650.8
370,4,70,1000,708.103,60,,10,0.6215,894.4,0.4679,120,step_limit,0.1545,15705.5
371,4,40,652,482.58,40,652,7,0.5169,818.4,0.2813,17,complete,0.1562,15741.5
372,5,29,346,324.183,29,346,4,0.4838,569.2,0.144,7,complete,0.0458,15760.4
373,3,79,1000,897.035,70,,12,0.4043,691.5,0.2143,40,step_limit,0.1849,15818.6
374,4,40,709,435.12,40,709,6,0.5649,913.6,0.219,16,complete,0.2278,15858.2
375,3,28,556,319.977,28,556,4,0.3951,685.7,0.2876,44,complete,0.1366,15889.2
376,4,40,1000,400.62,38,,7,0.6222,966.5,0.3218,30,step_limit,0.2653,15944.4
377,3,72,1000,709.033,56,,11,0.4613,718.6,0.2504,40,step_limit,0.2432,15992.4
378,6,61,559,732.47,61,559,9,0.5692,855.7,0.2492,6,complete,0.1227,16022.2
379,5,68,662,853.304,68,662,11,0.6021,943.5,0.2308,15,complete,0.178,16055.6
380,3,24,500,285.65,24,500,4,0.4553,749.8,0.2382,28,complete,0.1543,16079.3
381,4,52,1000,465.523,46,,7,0.631,931.8,0.2892,29,step_limit,0.2292,16129.7
382,5,35,450,425.871,35,450,6,0.5729,838.4,0.1792,20,complete,0.146,16151.1
383,3,47,1000,515.726,45,,7,0.532,791.2,0.2859,47,step_limit,0.2654,16197.5
384,4,28,622,308.02,28,622,4,0.5366,833.0,0.3494,30,complete,0.1719,16221.7
385,5,70,556,886.279,70,556,11,0.5608,800.6,0.1502,7,complete,0.098,16248.5
386,5,71,743,891.949,71,743,12,0.47,784.6,0.2227,13,complete,0.113,16285.3
387,4,49,507,636.659,49,507,8,0.3333,633.7,0.1494,20,complete,0.0667,16310.9
388,4,21,888,129.109,21,888,2,0.6805,1010.1,0.5056,206,complete,0.3043,16349.9
389,5,60,589,734.867,60,589,9,0.4591,604.6,0.2403,16,complete,0.0813,16378.4
390,5,30,349,342.267,30,349,4,0.6172,834.9,0.2239,10,complete,0.1375,16396.3
391,3,51,861,667.817,51,861,9,0.3674,648.1,0.2103,30,complete,0.1178,16435.9
392,4,39,771,420.637,39,771,6,0.5678,904.5,0.2861,21,complete,0.1829,16468.1
393,6,73,571,933.998,73,571,12,0.3882,605.4,0.2474,14,complete,0.0784,16496.7
394,3,32,1000,335.031,31,,5,0.559,791.4,0.3244,104,step_limit,0.2556,16545.0
395,6,70,551,900.074,70,551,12,0.5076,723.3,0.1621,8,complete,0.073,16572.6
396,6,28,329,258.096,28,329,2,0.5816,673.7,0.4216,13,complete,0.1098,16587.8
397,3,39,781,461.37,39,781,6,0.4891,785.9,0.2687,55,complete,0.225,16625.8
398,4,40,499,485.54,40,499,6,0.5882,923.9,0.1876,13,complete,0.1077,16650.5
399,3,51,1000,585.829,49,,8,0.4853,796.9,0.2754,38,step_limit,0.2492,16698.4
400,3,79,1000,631.452,52,,10,0.5003,785.9,0.3479,169,step_limit,0.2562,16752.6
401,3,63,1000,748.219,60,,10,0.45,731.6,0.3098,59,step_limit,0.1893,17084.8
402,3,32,722,368.709,32,722,5,0.5032,757.8,0.3117,45,complete,0.1898,17125.3
403,4,76,930,977.137,76,930,13,0.4298,784.0,0.1376,10,complete,0.1857,17178.2
404,5,23,245,265.554,23,245,3,0.5355,707.6,0.161,5,complete,0.0595,17192.5
405,4,67,1000,738.615,61,,11,0.6155,843.1,0.3191,30,step_limit,0.2271,17248.9
406,4,48,775,576.742,48,775,8,0.5045,746.3,0.278,28,complete,0.1364,17292.9
407,3,72,1000,668.221,55,,10,0.449,756.1,0.2209,86,step_limit,0.2485,17347.9
408,6,79,606,1024.339,79,606,14,0.5897,950.1,0.1164,6,complete,0.1362,17383.2
409,6,28,211,300.619,28,211,3,0.5261,512.7,0.0776,5,complete,0.0439,17395.9
410,6,46,533,504.037,46,533,6,0.5901,850.7,0.2921,6,complete,0.1175,17427.4
411,6,69,714,824.212,69,714,11,0.6849,1063.4,0.2381,4,complete,0.1681,17468.3
412,3,47,1000,549.0,45,,8,0.4337,777.7,0.1916,69,step_limit,0.2524,17524.2
413,5,45,439,585.839,45,439,8,0.5239,804.3,0.1548,5,complete,0.1151,17549.4
414,3,76,1000,827.161,64,,12,0.441,688.0,0.2547,35,step_limit,0.1905,17605.5
415,4,79,968,1070.07,79,968,15,0.555,880.2,0.1853,16,complete,0.1596,17661.0
416,3,20,486,220.25,20,486,3,0.4883,760.2,0.2983,30,complete,0.1111,17687.3
417,3,45,1000,519.247,42,,8,0.4807,717.9,0.3507,47,step_limit,0.2647,17741.6
418,4,75,967,997.197,75,967,14,0.4855,728.6,0.2239,14,complete,0.1902,17796.6
419,6,78,631,947.209,78,631,12,0.6138,942.5,0.2028,10,complete,0.1339,17834.5
420,6,33,370,354.182,33,370,4,0.5459,869.8,0.0981,2,complete,0.1316,17855.7
421,4,62,1000,698.0,59,,10,0.5783,844.4,0.3806,59,step_limit,0.2229,17910.6
422,6,51,819,602.801,51,819,9,0.7279,1128.2,0.2175,12,complete,0.1947,17961.3
423,4,44,785,517.6,44,785,7,0.5061,862.3,0.282,21,complete,0.2253,18009.8
424,4,33,1000,282.921,32,,5,0.5773,967.1,0.284,29,step_limit,0.2416,18057.2
425,3,33,663,361.383,33,663,4,0.3625,510.1,0.2168,19,complete,0.105,18088.7
426,5,24,385,215.604,24,385,2,0.3927,786.3,0.2685,13,complete,0.1261,18106.8
427,4,64,1000,769.612,62,,11,0.63,907.2,0.2338,24,step_limit,0.2741,18154.7
428,6,53,608,639.094,53,608,9,0.6606,1132.3,0.1906,6,complete,0.2107,18184.0
429,4,36,476,419.249,36,476,5,0.5362,719.7,0.2395,16,complete,0.1681,18206.4
430,6,48,717,500.643,48,717,7,0.6836,882.8,0.3009,13,complete,0.1594,18241.0
431,3,56,1000,565.936,47,,9,0.498,793.2,0.2219,39,step_limit,0.2395,18289.0
432,4,45,510,565.164,45,510,7,0.5123,738.3,0.2538,56,complete,0.1115,18317.0
433,5,25,317,254.91,25,317,3,0.6322,867.0,0.2367,8,complete,0.1333,18332.5
434,4,58,843,715.811,58,843,10,0.5738,921.7,0.2332,17,complete,0.195,18375.3
435,4,72,1000,421.128,45,,8,0.621,800.1,0.3552,49,step_limit,0.3101,18422.8
436,3,71,1000,746.638,59,,11,0.3807,636.8,0.3632,57,step_limit,0.1877,18470.0
437,3,53,1000,556.219,47,,8,0.4743,791.9,0.3863,137,step_limit,0.2628,18519.6
438,6,31,513,350.775,31,513,5,0.6329,923.0,0.2805,11,complete,0.161,18542.3
439,6,77,561,961.036,77,561,12,0.5612,843.8,0.1171,7,complete,0.0849,18570.3
440,4,73,1000,795.326,65,,12,0.521,806.3,0.2137,16,step_limit,0.2288,18624.0
441,5,27,246,328.07,27,246,4,0.4496,579.8,0.0956,10,complete,0.1179,18638.5
442,4,20,402,219.22,20,402,3,0.602,895.7,0.3266,12,complete,0.0988,18661.1
443,5,73,931,937.929,73,931,13,0.3704,653.9,0.2379,9,complete,0.1281,18707.9
444,3,56,917,714.376,56,917,9,0.414,752.8,0.3032,76,complete,0.1193,18750.8
445,5,20,211,137.5,20,211,0,0.7204,911.7,0.2543,11,complete,0.1,18760.5
446,3,26,761,270.274,26,761,4,0.4227,728.8,0.3248,57,complete,0.1867,18798.6
447,4,41,409,532.684,41,409,7,0.4303,656.4,0.1243,7,complete,0.0625,18818.9
448,6,73,575,859.349,73,575,10,0.5638,836.6,0.244,5,complete,0.1049,18849.3
449,4,56,771,672.817,56,771,9,0.4968,764.7,0.1823,16,complete,0.1691,18886.8
450,4,35,743,378.577,35,743,5,0.6511,928.1,0.3981,46,complete,0.1149,18922.6
451,5,77,567,963.027,77,567,11,0.3891,627.1,0.1397,10,complete,0.0679,19246.9
452,3,22,661,206.347,22,661,3,0.4513,707.9,0.2526,25,complete,0.2203,19282.9
453,6,47,473,550.399,47,473,7,0.4338,760.9,0.226,7,complete,0.1167,19312.6
454,5,72,774,925.439,72,774,13,0.591,859.7,0.1895,7,complete,0.1348,19356.6
455,6,63,637,743.837,63,637,10,0.6232,976.2,0.2199,6,complete,0.1383,19393.6
456,4,73,1000,901.096,70,,13,0.5547,889.0,0.2599,25,step_limit,0.2169,19453.1
457,5,36,390,375.292,36,390,4,0.5938,909.6,0.1386,10,complete,0.1448,19475.5
458,5,78,738,1033.638,78,738,14,0.4981,742.7,0.1512,13,complete,0.1066,19522.1
459,5,45,507,568.45,45,507,8,0.6122,1016.5,0.1871,10,complete,0.1173,19550.9
460,4,70,1000,723.069,61,,11,0.577,889.2,0.2059,20,step_limit,0.246,19606.7
461,3,39,840,469.9,39,840,6,0.5143,777.8,0.4411,111,complete,0.1647,19652.6
462,5,62,797,771.182,62,797,11,0.5995,814.9,0.1957,22,complete,0.1577,19696.3
463,4,67,1000,724.997,58,,11,0.5477,823.0,0.2714,22,step_limit,0.2252,19751.4
464,4,33,484,385.307,33,484,5,0.4096,605.1,0.1714,30,complete,0.0943,19779.0
465,5,80,1000,788.475,69,,12,0.5838,855.4,0.2225,11,step_limit,0.2256,19834.1
466,6,42,370,456.986,42,370,5,0.4703,751.7,0.2103,7,complete,0.0608,19855.7
467,4,63,732,815.622,63,732,11,0.4915,783.0,0.2387,32,complete,0.1446,19896.5
468,3,78,1000,804.665,65,,11,0.4973,770.5,0.248,29,step_limit,0.2295,19952.1
469,5,48,437,568.775,48,437,7,0.465,690.7,0.11,7,complete,0.0587,19977.8
470,5,70,709,868.114,70,709,11,0.5994,948.8,0.2088,13,complete,0.1547,20018.3
471,4,24,319,298.107,24,319,4,0.5243,764.6,0.1083,5,complete,0.0688,20035.8
472,6,62,518,799.094,62,518,11,0.5418,778.7,0.1142,5,complete,0.1156,20067.1
473,4,30,780,288.373,30,780,4,0.6369,918.9,0.3405,24,complete,0.2319,20110.8
474,4,37,493,456.042,37,493,6,0.5461,802.8,0.1825,20,complete,0.1098,20137.8
475,3,71,1000,718.696,59,,10,0.428,750.0,0.2837,64,step_limit,0.2455,20185.5
476,3,29,552,324.326,29,552,4,0.4342,714.5,0.2852,29,complete,0.1582,20211.6
477,4,36,600,427.289,36,600,6,0.5308,829.4,0.257,19,complete,0.1389,20239.1
478,3,52,1000,496.265,43,,8,0.467,790.4,0.4774,74,step_limit,0.2245,20286.7
479,5,75,781,916.65,75,781,12,0.6095,867.3,0.2741,10,complete,0.1294,20325.9
480,6,64,461,812.721,64,461,10,0.5484,858.9,0.1003,3,complete,0.0618,20350.0
481,4,70,1000,680.4,57,,11,0.5723,951.0,0.3236,41,step_limit,0.2417,20397.6
482,6,39,456,378.902,39,456,4,0.5303,802.8,0.3869,50,complete,0.0873,20420.1
483,5,51,496,632.906,51,496,8,0.6226,849.5,0.1954,8,complete,0.0846,20446.1
484,5,43,594,526.347,43,594,8,0.5609,918.9,0.3096,19,complete,0.1342,20475.4
485,4,36,698,412.924,36,698,6,0.6243,826.0,0.3741,57,complete,0.1786,20509.0
486,4,53,646,664.718,53,646,9,0.4965,731.8,0.145,16,complete,0.1047,20541.1
487,6,34,364,355.995,34,364,4,0.6136,816.6,0.2538,11,complete,0.0988,20558.5
488,3,73,1000,517.742,48,,8,0.4007,661.7,0.3206,38,step_limit,0.2703,20607.3
489,5,52,505,662.058,52,505,9,0.4376,821.1,0.136,10,complete,0.116,20632.5
490,6,40,342,453.085,40,342,5,0.598,843.9,0.2103,8,complete,0.0734,20651.3
491,3,47,894,537.246,47,894,7,0.3811,599.1,0.257,38,complete,0.1792,20693.0
492,3,71,1000,584.177,53,,8,0.4743,781.7,0.3129,93,step_limit,0.2132,20743.6
493,4,46,1000,514.6,45,,8,0.471,813.1,0.3224,21,step_limit,0.2452,20797.9
494,3,47,1000,547.985,45,,8,0.513,775.9,0.2512,36,step_limit,0.2427,20845.1
495,4,45,961,499.951,45,961,7,0.5806,887.1,0.3364,31,complete,0.19,20890.9
496,5,65,591,834.419,65,591,11,0.4917,653.8,0.2198,7,complete,0.1067,20920.5
497,3,35,616,450.586,35,616,6,0.4453,709.7,0.3405,80,complete,0.1078,20949.3
498,5,39,593,397.542,39,593,5,0.6702,1009.0,0.3536,20,complete,0.1836,20977.8
499,5,28,342,289.507,28,342,3,0.6164,881.8,0.2092,3,complete,0.1277,20993.3
500,4,49,1000,414.735,42,,7,0.5962,844.4,0.3447,22,step_limit,0.2675,21040.0
501,5,26,349,306.665,26,349,4,0.5971,890.8,0.1143,12,complete,0.1388,21338.9
502,6,69,523,867.968,69,523,11,0.4742,710.0,0.1428,3,complete,0.0729,21369.4
503,6,44,427,538.348,44,427,7,0.573,840.3,0.2021,10,complete,0.1,21393.4
504,6,34,354,316.413,34,354,3,0.621,914.9,0.2944,9,complete,0.1154,21413.9
505,6,77,971,846.904,77,971,13,0.7389,1162.7,0.2298,10,complete,0.273,21467.5
506,6,55,507,655.311,55,507,8,0.4507,672.7,0.1742,7,complete,0.0654,21496.9
507,3,61,732,800.77,61,732,10,0.3607,602.5,0.1205,18,complete,0.085,21538.5
508,4,24,356,263.46,24,356,3,0.4396,719.5,0.2174,19,complete,0.0813,21557.5
509,3,48,1000,439.638,42,,6,0.5393,793.8,0.3458,99,step_limit,0.2686,21611.0
510,5,71,1000,767.556,68,,11,0.6122,860.3,0.3204,11,step_limit,0.229,21667.6
511,6,39,525,383.392,39,525,5,0.6632,889.3,0.2413,6,complete,0.1738,21695.5
512,5,29,379,319.86,29,379,4,0.3831,627.8,0.2572,16,complete,0.088,21716.3
513,6,46,393,545.242,46,393,7,0.4983,828.0,0.0515,1,complete,0.0962,21741.6
514,3,49,1000,580.845,46,,9,0.4943,767.1,0.305,59,step_limit,0.2712,21797.2
515,3,70,1000,761.017,62,,10,0.4703,763.9,0.2368,46,step_limit,0.1995,21851.9
516,5,63,1000,600.849,56,,10,0.652,1092.7,0.3344,16,step_limit,0.2189,21907.0
517,5,44,917,460.127,44,917,7,0.5496,891.7,0.2666,14,complete,0.1835,21958.5
518,3,57,1000,537.458,48,,8,0.5673,782.2,0.2403,54,step_limit,0.3462,22013.9
519,6,34,304,369.831,34,304,4,0.6431,841.7,0.1376,5,complete,0.0817,22031.0
520,4,68,856,913.636,68,856,13,0.4144,710.0,0.2285,22,complete,0.1488,22080.4
521,5,71,922,853.344,71,922,12,0.6755,1007.8,0.1688,10,complete,0.1843,22130.8
522,4,72,864,922.273,72,864,12,0.5327,909.6,0.1723,25,complete,0.1806,22179.7
523,4,27,450,304.119,27,450,4,0.5483,828.1,0.2807,52,complete,0.1814,22201.8
524,3,37,1000,326.532,34,,5,0.542,782.1,0.3616,46,step_limit,0.2899,22249.4
525,3,79,1000,808.181,66,,11,0.4207,788.0,0.1853,31,step_limit,0.2661,22300.8
526,4,39,847,412.038,39,847,6,0.6417,1031.6,0.3471,25,complete,0.2412,22340.8
527,4,42,722,505.596,42,722,7,0.5938,877.0,0.1911,11,complete,0.1815,22375.1
528,4,51,516,674.991,51,516,9,0.4918,701.7,0.0836,11,complete,0.1006,22400.5
529,4,21,449,189.716,21,449,2,0.6219,941.9,0.3731,45,complete,0.1628,22421.6
530,5,34,385,395.471,34,385,5,0.6156,826.1,0.15,2,complete,0.146,22440.9
531,6,64,553,779.836,64,553,10,0.6528,924.6,0.1353,5,complete,0.1053,22471.1
532,6,78,618,988.682,78,618,13,0.4906,597.1,0.2366,10,complete,0.0718,22507.5
533,5,68,716,905.06,68,716,13,0.6162,946.3,0.2117,12,complete,0.16,22545.9
534,4,25,487,247.192,25,487,3,0.6289,882.6,0.3313,19,complete,0.0991,22568.4
535,4,25,554,269.408,25,554,4,0.5185,865.0,0.1757,9,complete,0.1721,22593.2
536,6,71,494,892.937,71,494,11,0.5371,843.5,0.1163,3,complete,0.085,22620.7
537,6,31,288,282.055,31,288,2,0.684,876.0,0.1733,6,complete,0.1023,22634.8
538,5,55,608,637.573,55,608,8,0.6069,961.8,0.2452,14,complete,0.1451,22666.0
539,3,46,1000,393.867,36,,6,0.517,722.4,0.6411,327,step_limit,0.1687,22710.7
540,5,50,413,635.66,50,413,8,0.4271,611.0,0.1568,18,complete,0.0685,22731.3
541,5,25,260,285.64,25,260,3,0.5569,683.5,0.1992,16,complete,0.1122,22743.5
542,5,65,687,819.396,65,687,11,0.5616,857.5,0.2199,18,complete,0.1262,22779.1
543,4,32,492,341.858,32,492,4,0.4431,604.6,0.3624,24,complete,0.1009,22803.0
544,5,60,659,752.992,60,659,10,0.5918,901.5,0.1825,12,complete,0.1093,22840.9
545,4,74,1000,835.454,66,,12,0.5733,856.4,0.269,35,step_limit,0.204,22894.9
546,4,45,852,492.116,45,852,7,0.5933,932.3,0.3133,16,complete,0.1995,22939.6
547,4,37,640,443.059,37,640,6,0.4457,618.5,0.2574,36,complete,0.1267,22969.9
548,4,63,607,813.739,63,607,10,0.4946,713.8,0.1933,12,complete,0.104,23002.7
549,6,55,472,695.724,55,472,9,0.5494,786.9,0.1337,7,complete,0.0861,23029.9
550,5,30,536,301.067,30,536,4,0.6325,925.5,0.2909,12,complete,0.17,23054.3
551,6,33,249,411.187,33,249,5,0.3481,540.4,0.0425,4,complete,0.0426,23323.1
552,6,71,441,914.185,71,441,11,0.4875,731.0,0.0664,4,complete,0.0642,23350.3
553,6,68,592,850.527,68,592,11,0.5943,918.0,0.1916,4,complete,0.1293,23384.9
554,4,74,974,944.764,74,974,13,0.5341,880.6,0.3073,16,complete,0.1584,23440.1
555,5,59,771,691.23,59,771,10,0.6306,1032.0,0.1552,7,complete,0.2238,23483.3
556,5,41,652,462.12,41,652,7,0.6371,1077.1,0.2784,14,complete,0.1694,23519.3
557,4,71,710,955.099,71,710,13,0.5046,711.4,0.1448,10,complete,0.0811,23558.7
558,5,50,525,611.2,50,525,8,0.5387,713.6,0.2535,10,complete,0.1229,23588.2
559,5,57,810,700.421,57,810,10,0.6193,1027.2,0.3556,18,complete,0.1495,23633.5
560,5,42,380,512.857,42,380,6,0.4626,612.5,0.1537,6,complete,0.0742,23654.7
561,5,27,380,272.87,27,380,3,0.6432,963.7,0.3124,26,complete,0.0818,23676.2
562,6,47,639,546.171,47,639,8,0.6956,1030.5,0.2689,17,complete,0.1566,23711.3
563,4,78,1000,997.118,77,,14,0.5242,802.7,0.1871,11,step_limit,0.1685,23768.1
564,5,30,333,298.9,30,333,3,0.4733,849.7,0.2089,9,complete,0.0696,23786.4
565,6,22,197,186.935,22,197,1,0.5787,704.6,0.2002,3,complete,0.1422,23798.2
566,4,49,592,617.038,49,592,8,0.5477,841.8,0.1659,20,complete,0.1042,23831.2
567,4,78,1000,857.323,70,,12,0.5675,1012.2,0.2762,36,step_limit,0.2148,23887.3
568,5,67,1000,788.739,66,,12,0.6854,1089.2,0.2954,12,step_limit,0.2242,23942.4
569,6,70,503,860.166,70,503,10,0.5871,805.0,0.2482,4,complete,0.0833,23973.6
570,4,72,934,908.673,72,934,12,0.519,737.3,0.2658,18,complete,0.1593,24027.3
571,6,49,358,559.475,49,358,6,0.5996,835.4,0.1069,2,complete,0.0905,24048.7
572,6,75,583,972.244,75,583,13,0.5726,1009.7,0.1867,10,complete,0.1016,24082.9
573,5,66,541,821.776,66,541,10,0.5519,862.3,0.1506,6,complete,0.122,24114.1
574,5,44,712,519.866,44,712,7,0.5834,892.5,0.3829,37,complete,0.1512,24150.4
575,6,78,739,1032.337,78,739,14,0.5778,844.1,0.2259,5,complete,0.0966,24187.5
576,3,69,1000,755.952,60,,11,0.5077,775.1,0.2054,21,step_limit,0.25,24238.2
577,5,24,197,243.233,24,197,2,0.4284,742.3,0.1324,12,complete,0.0533,24248.1
578,5,32,470,368.734,32,470,5,0.5204,684.6,0.3243,10,complete,0.1186,24273.9
579,6,26,253,308.143,26,253,4,0.4256,666.6,0.1182,1,complete,0.1042,24288.1
580,5,60,624,747.917,60,624,10,0.5433,829.8,0.1732,24,complete,0.1292,24320.0
581,4,47,852,527.563,47,852,7,0.5933,906.6,0.2771,19,complete,0.2043,24364.1
582,3,36,869,418.947,36,869,6,0.4607,742.8,0.3437,54,complete,0.2129,24407.6
583,6,65,583,795.482,65,583,10,0.5898,900.7,0.2634,15,complete,0.1068,24443.0
584,4,54,1000,629.578,53,,9,0.5823,956.8,0.2858,33,step_limit,0.1923,24499.3
585,6,72,1000,792.967,71,,11,0.6998,968.4,0.4076,16,step_limit,0.1759,24553.6
586,6,37,388,407.742,37,388,5,0.5881,824.0,0.2288,5,complete,0.1138,24575.9
587,3,49,1000,425.416,41,,6,0.4893,751.5,0.3693,108,step_limit,0.2211,24625.9
588,4,57,823,670.041,57,823,9,0.5191,877.3,0.3328,54,complete,0.1779,24666.1
589,3,50,885,607.484,50,885,8,0.4452,703.6,0.2591,66,complete,0.186,24708.4
590,4,47,686,564.577,47,686,7,0.5561,893.6,0.3079,28,complete,0.1111,24739.8
591,6,64,786,746.281,64,786,11,0.6902,1031.5,0.2463,15,complete,0.187,24777.8
592,5,22,290,251.795,22,290,3,0.4986,847.7,0.1835,6,complete,0.1122,24792.0
593,5,51,682,623.91,51,682,9,0.544,820.3,0.3101,17,complete,0.1333,24824.7
594,3,40,1000,353.89,34,,6,0.466,767.8,0.4303,119,step_limit,0.2449,24870.7
595,5,26,335,268.096,26,335,3,0.6513,864.7,0.1162,4,complete,0.1733,24890.1
596,6,26,195,271.769,26,195,2,0.3983,699.5,0.1578,4,complete,0.0392,24901.2
597,4,21,498,214.994,21,498,3,0.6355,820.9,0.2679,39,complete,0.1354,24928.6
598,4,23,391,248.099,23,391,3,0.4488,775.8,0.2278,12,complete,0.1512,24949.8
599,4,77,1000,917.543,73,,13,0.572,958.6,0.282,19,step_limit,0.2199,25006.1
600,5,68,1000,693.162,65,,10,0.6386,1122.0,0.3143,19,step_limit,0.2488,25053.8
601,4,20,580,162.94,20,580,2,0.5341,891.9,0.2986,30,complete,0.2143,25343.4
602,5,72,614,901.543,72,614,11,0.5098,818.5,0.2401,9,complete,0.1167,25379.7
603,6,60,405,783.41,60,405,10,0.5,765.7,0.168,8,complete,0.0939,25404.6
604,5,68,576,932.737,68,576,13,0.4215,610.2,0.1285,9,complete,0.058,25437.6
605,4,73,1000,789.079,64,,12,0.589,921.1,0.2614,28,step_limit,0.2478,25495.2
606,5,51,799,561.04,51,799,8,0.591,941.8,0.3495,17,complete,0.2135,25539.6
607,3,48,916,603.001,48,916,8,0.5364,764.3,0.2832,59,complete,0.1852,25591.8
608,5,67,605,857.354,67,605,11,0.4083,631.5,0.1914,23,complete,0.0759,25628.2
609,4,51,861,614.768,51,861,9,0.5961,937.4,0.2062,12,complete,0.2087,25675.1
610,4,72,741,932.427,72,741,12,0.3799,677.0,0.1731,13,complete,0.1,25721.0
611,4,77,1000,928.655,74,,13,0.6002,939.3,0.2304,20,step_limit,0.2463,25778.6
612,3,42,1000,331.921,36,,5,0.4837,788.0,0.3265,50,step_limit,0.2835,25835.9
613,4,40,441,496.36,40,441,6,0.4535,662.8,0.1393,12,complete,0.0952,25861.1
614,4,42,743,456.385,42,743,6,0.5582,872.8,0.3369,43,complete,0.1964,25902.3
615,4,80,841,1052.105,80,841,14,0.4269,741.2,0.212,20,complete,0.125,25950.3
616,5,26,351,305.681,26,351,4,0.6074,810.7,0.2671,4,complete,0.1391,25968.9
617,6,75,829,895.06,75,829,12,0.6212,926.1,0.2599,7,complete,0.1521,26018.5
618,4,50,1000,511.744,48,,8,0.6005,979.2,0.2761,33,step_limit,0.331,26072.6
619,5,71,777,884.115,71,777,12,0.5393,784.7,0.2703,10,complete,0.1413,26117.6
620,6,55,620,659.8,55,620,9,0.6417,911.9,0.2578,4,complete,0.1245,26152.4
621,4,79,1000,949.843,76,,13,0.5663,893.6,0.1842,21,step_limit,0.2099,26204.6
622,6,56,935,644.15,56,935,10,0.7141,1085.9,0.2479,12,complete,0.2006,26249.0
623,3,33,781,371.925,33,781,5,0.4772,702.8,0.3115,62,complete,0.2078,26285.4
624,4,72,1000,780.0,66,,11,0.58,855.5,0.2478,16,step_limit,0.2326,26334.0
625,6,47,460,518.166,47,460,6,0.6728,971.5,0.247,6,complete,0.1134,26356.8
626,3,52,1000,593.098,50,,8,0.448,694.2,0.3776,57,step_limit,0.1918,26404.2
627,5,66,961,817.374,66,961,12,0.6293,1019.4,0.19,8,complete,0.192,26453.4
628,4,42,511,494.931,42,511,6,0.4535,697.0,0.186,15,complete,0.1143,26480.7
629,3,31,931,130.612,20,,3,0.5822,668.9,0.662,330,no_progress,0.2911,26529.7
630,4,65,1000,799.305,63,,12,0.5757,842.6,0.2174,22,step_limit,0.2403,26584.7
631,3,20,527,217.31,20,527,3,0.487,702.6,0.2623,45,complete,0.1702,26611.7
632,4,38,760,409.253,38,760,6,0.5664,925.8,0.3459,23,complete,0.2138,26652.9
633,6,67,460,798.516,67,460,9,0.4942,699.1,0.1925,3,complete,0.0644,26681.2
634,6,47,375,580.023,47,375,7,0.5244,696.3,0.1564,6,complete,0.0718,26702.2
635,6,30,275,306.22,30,275,3,0.4697,554.7,0.2167,11,complete,0.0444,26716.9
636,4,29,678,321.432,29,678,5,0.6136,992.6,0.2319,7,complete,0.2537,26750.1
637,4,71,1000,817.555,66,,12,0.5248,813.9,0.2024,16,step_limit,0.1976,26797.7
638,6,73,617,884.643,73,617,11,0.4679,749.6,0.2292,5,complete,0.103,26828.7
639,5,79,1000,834.867,73,,12,0.6268,1056.2,0.2507,17,step_limit,0.2219,26879.1
640,3,22,507,199.99,22,507,2,0.5477,771.7,0.3393,57,complete,0.2222,26904.5
641,5,77,798,970.938,77,798,13,0.5576,850.1,0.1838,13,complete,0.1641,26946.4
642,5,26,279,250.608,26,279,2,0.595,735.1,0.0827,6,complete,0.0821,26959.6
643,6,30,401,331.04,30,401,4,0.4422,661.6,0.4498,21,complete,0.0556,26982.1
644,4,77,999,1017.037,77,999,14,0.5218,857.5,0.3129,33,complete,0.1426,27037.2
645,4,34,378,387.198,34,378,4,0.4947,584.4,0.0885,5,complete,0.0789,27059.0
646,5,34,391,391.553,34,391,5,0.5084,636.4,0.1517,15,complete,0.0731,27080.7
647,3,37,798,470.568,37,798,7,0.4908,765.6,0.3566,56,complete,0.1767,27123.1
648,4,55,630,705.171,55,630,9,0.4627,687.8,0.2495,15,complete,0.0907,27155.3
649,3,20,768,186.38,20,768,3,0.5712,757.1,0.3341,37,complete,0.2564,27190.7
650,5,37,356,434.592,37,356,5,0.468,741.5,0.2042,10,complete,0.0867,27207.5
651,3,77,1000,706.651,58,,10,0.4897,670.2,0.3116,99,step_limit,0.2042,27513.4
652,6,57,546,657.514,57,546,8,0.6261,863.9,0.2997,11,complete,0.0918,27544.5
653,5,38,582,435.189,38,582,6,0.5137,753.3,0.2647,9,complete,0.1387,27576.4
654,6,45,343,537.42,45,343,6,0.4893,789.2,0.1399,8,complete,0.0593,27595.8
655,3,40,721,507.79,40,721,7,0.4693,792.3,0.2005,21,complete,0.2222,27635.7
656,5,31,371,377.934,31,371,5,0.5892,758.6,0.2047,9,complete,0.1038,27658.0
657,5,26,507,244.323,26,507,3,0.6789,992.4,0.3273,10,complete,0.1556,27685.6
658,4,39,627,453.782,39,627,6,0.5451,854.4,0.2787,30,complete,0.1474,27722.3
659,4,51,1000,585.545,49,,9,0.4995,822.0,0.3099,29,step_limit,0.1904,27778.3
660,4,51,982,615.457,51,982,9,0.572,986.0,0.2321,34,complete,0.2568,27831.0
661,3,38,957,419.951,38,957,6,0.4747,774.3,0.296,45,complete,0.2645,27881.8
662,5,43,513,530.699,43,513,7,0.5154,800.3,0.3346,17,complete,0.097,27910.4
663,5,57,671,717.652,57,671,10,0.6247,835.1,0.2174,9,complete,0.1367,27947.3
664,4,27,503,272.117,27,503,3,0.6297,779.5,0.4285,123,complete,0.0893,27974.0
665,6,59,398,744.412,59,398,9,0.4782,688.6,0.1252,4,complete,0.0641,27997.3
666,4,72,985,933.389,72,985,13,0.5467,886.5,0.2649,20,complete,0.1555,28051.1
667,5,45,497,537.406,45,497,7,0.5662,780.6,0.1966,8,complete,0.104,28079.5
668,3,65,1000,722.628,56,,11,0.4077,722.0,0.1259,30,step_limit,0.2194,28133.1
669,4,66,799,836.343,66,799,11,0.4393,629.4,0.2623,17,complete,0.1543,28177.9
670,6,77,829,941.068,77,829,13,0.6468,1003.5,0.1972,4,complete,0.1813,28224.8
671,5,58,659,728.007,58,659,10,0.6568,958.3,0.3119,12,complete,0.1579,28259.6
672,3,43,629,539.725,43,629,7,0.4557,606.9,0.2278,38,complete,0.125,28293.0
673,6,68,565,838.091,68,565,11,0.6378,838.5,0.1304,3,complete,0.1294,28321.4
674,3,52,1000,622.462,49,,9,0.4757,735.9,0.3411,41,step_limit,0.2099,28367.5
675,4,42,1000,408.219,41,,7,0.613,892.6,0.297,18,step_limit,0.2767,28414.6
676,3,45,958,563.413,45,958,8,0.3775,676.5,0.3005,44,complete,0.1616,28458.9
677,3,41,1000,455.32,39,,7,0.4713,720.6,0.3419,97,step_limit,0.2234,28506.2
678,6,79,760,929.284,79,760,12,0.666,903.5,0.17,8,complete,0.143,28549.6
679,4,24,714,224.673,24,714,4,0.6499,933.3,0.3366,41,complete,0.2944,28588.1
680,4,52,899,582.325,52,899,8,0.619,982.8,0.2715,16,complete,0.2377,28638.4
681,5,77,1000,971.429,75,,14,0.5616,963.8,0.3776,16,step_limit,0.1781,28694.6
682,4,49,558,611.99,49,558,8,0.4803,600.9,0.1959,33,complete,0.1235,28726.7
683,5,63,670,762.254,63,670,10,0.6352,896.4,0.1825,11,complete,0.1293,28764.3
684,4,37,475,453.843,37,475,6,0.5842,849.4,0.1972,15,complete,0.1731,28790.9
685,6,56,497,678.198,56,497,9,0.5969,862.5,0.1512,6,complete,0.154,28817.2
686,3,28,541,312.745,28,541,4,0.4652,701.5,0.3249,33,complete,0.1845,28842.5
687,6,77,522,1006.818,77,522,13,0.454,696.6,0.1454,6,complete,0.0545,28868.4
688,4,45,861,503.124,45,861,7,0.5859,809.7,0.3541,33,complete,0.2314,28910.2
689,5,70,691,888.679,70,691,12,0.578,879.8,0.158,15,complete,0.1223,28946.4
690,6,62,627,775.996,62,627,11,0.5869,888.2,0.2339,7,complete,0.1241,28976.7
691,3,31,612,366.108,31,612,5,0.4782,787.5,0.1946,18,complete,0.202,29005.8
692,6,61,601,716.563,61,601,9,0.6287,909.2,0.2128,8,complete,0.1181,29037.4
693,6,60,614,694.77,60,614,9,0.6574,947.2,0.1712,3,complete,0.1617,29067.8
694,4,33,617,357.49,33,617,5,0.6487,892.6,0.3273,31,complete,0.1932,29100.5
695,4,29,987,297.513,29,987,5,0.6299,982.1,0.3908,142,complete,0.3163,29153.1
696,6,28,246,272.59,28,246,2,0.5881,853.4,0.1051,1,complete,0.1016,29166.9
697,6,35,357,372.054,35,357,4,0.6695,819.5,0.204,3,complete,0.0692,29187.7
698,4,32,688,322.83,32,688,4,0.6537,1023.7,0.3131,53,complete,0.243,29224.8
699,3,62,1000,598.432,51,,9,0.3623,650.0,0.3246,91,step_limit,0.1526,29279.7
700,4,61,900,705.6,61,900,9,0.5433,870.8,0.3411,37,complete,0.1814,29322.6
701,6,72,653,982.095,72,653,14,0.6052,800.1,0.1501,7,complete,0.1009,29616.0
702,6,34,461,326.881,34,461,4,0.727,1046.8,0.3235,9,complete,0.1582,29641.0
703,6,32,312,325.749,32,312,3,0.6191,923.4,0.1694,2,complete,0.1405,29658.8
704,5,74,869,947.53,74,869,13,0.5857,925.6,0.2899,11,complete,0.1504,29708.6
705,3,38,788,452.771,38,788,6,0.5165,747.7,0.3675,91,complete,0.1548,29749.6
706,6,30,259,321.06,30,259,3,0.5335,703.4,0.1806,7,complete,0.0659,29764.8
707,5,31,360,343.113,31,360,4,0.5494,851.3,0.2233,11,complete,0.0784,29785.6
708,4,63,789,815.05,63,789,11,0.4886,855.7,0.2456,17,complete,0.1261,29831.3
709,4,20,411,202.06,20,411,3,0.5803,852.2,0.2482,20,complete,0.1944,29853.2
710,5,78,797,1022.753,78,797,14,0.4459,719.3,0.2476,27,complete,0.1348,29902.2
711,6,58,622,695.349,58,622,10,0.6833,1106.5,0.1769,4,complete,0.1525,29940.0
712,3,75,1000,756.636,60,,11,0.4783,758.5,0.2917,55,step_limit,0.2047,29995.9
713,3,69,984,909.806,69,984,12,0.3564,568.0,0.1811,48,complete,0.1307,30051.5
714,3,36,942,410.757,36,942,6,0.5633,780.7,0.3075,43,complete,0.263,30103.3
715,3,65,1000,700.975,57,,10,0.4497,747.9,0.3039,37,step_limit,0.1917,30159.2
716,6,36,347,414.563,36,347,5,0.5567,717.7,0.1722,8,complete,0.0667,30180.2
717,6,56,496,683.658,56,496,9,0.6495,1017.9,0.144,9,complete,0.128,30210.0
718,4,69,826,928.473,69,826,13,0.5342,799.0,0.2043,19,complete,0.1348,30257.4
719,4,21,233,225.023,21,233,2,0.4828,627.6,0.1875,10,complete,0.0903,30271.5
720,6,45,388,517.173,45,388,6,0.5816,839.0,0.118,3,complete,0.107,30291.6
721,3,30,470,378.86,30,470,5,0.4362,602.2,0.1467,13,complete,0.1235,30314.6
722,6,47,379,571.064,47,379,7,0.4705,737.1,0.1558,13,complete,0.0686,30334.3
723,3,51,1000,628.459,50,,9,0.4287,709.4,0.2578,30,step_limit,0.2242,30382.2
724,5,57,588,681.004,57,588,9,0.6201,847.6,0.2529,11,complete,0.1126,30413.5
725,5,29,354,347.628,29,354,5,0.6096,998.8,0.1569,8,complete,0.1154,30431.3
726,6,69,683,837.29,69,683,11,0.6186,941.2,0.1777,6,complete,0.1466,30465.2
727,5,36,546,345.339,36,546,4,0.6696,956.9,0.304,11,complete,0.2062,30491.2
728,4,74,1000,741.373,66,,10,0.5948,834.6,0.2795,21,step_limit,0.2773,30540.3
729,6,64,603,740.479,64,603,9,0.5992,927.8,0.2193,7,complete,0.1323,30571.1
730,4,70,714,921.891,70,714,12,0.4982,786.1,0.2072,37,complete,0.0952,30614.1
731,3,48,953,617.235,48,953,9,0.418,735.4,0.2226,27,complete,0.2127,30666.7
732,5,37,527,384.474,37,527,5,0.6725,1007.5,0.2986,10,complete,0.2031,30694.7
733,5,67,944,822.203,67,944,12,0.5239,726.5,0.3047,15,complete,0.1511,30748.0
734,6,54,666,654.262,54,666,10,0.701,1072.5,0.1372,6,complete,0.2066,30786.3
735,5,57,744,670.782,57,744,9,0.6433,1077.0,0.2851,11,complete,0.1771,30825.4
736,6,39,352,444.48,39,352,5,0.5407,738.5,0.1798,5,complete,0.0891,30843.4
737,4,29,531,348.47,29,531,5,0.5042,777.8,0.2544,18,complete,0.0932,30868.7
738,6,68,501,829.137,68,501,10,0.521,725.9,0.1329,7,complete,0.0944,30894.1
739,4,20,483,190.42,20,483,3,0.6579,1050.1,0.3083,13,complete,0.2549,30919.9
740,3,69,1000,505.543,50,,7,0.519,760.5,0.2087,27,step_limit,0.3117,30970.5
741,6,41,402,469.675,41,402,6,0.5978,841.2,0.1338,6,complete,0.1187,30989.6
742,4,78,1000,972.641,75,,14,0.5575,803.9,0.2089,16,step_limit,0.182,31040.4
743,3,39,1000,401.192,37,,6,0.536,746.0,0.3619,92,step_limit,0.2526,31087.6
744,4,57,939,685.514,57,939,10,0.5455,872.8,0.2299,24,complete,0.1937,31139.7
745,3,76,1000,755.458,62,,11,0.3873,578.3,0.2847,71,step_limit,0.1823,31194.1
746,4,69,1000,705.559,63,,10,0.5485,909.0,0.3038,26,step_limit,0.2282,31249.8
747,4,33,401,399.039,33,401,5,0.51,764.9,0.2034,12,complete,0.1296,31272.5
748,3,30,894,290.92,30,894,4,0.5037,787.3,0.3706,59,complete,0.2363,31320.2
749,5,32,346,347.419,32,346,4,0.6058,890.6,0.1971,11,complete,0.1245,31340.5
750,5,61,618,775.092,61,618,10,0.5638,831.9,0.25,34,complete,0.1011,31371.0
751,5,34,488,383.556,34,488,5,0.593,863.6,0.1696,12,complete,0.1906,31638.6
752,6,69,819,853.877,69,819,12,0.6659,1051.9,0.3068,18,complete,0.1477,31684.5
753,4,80,981,1045.8,80,981,14,0.5392,892.4,0.2142,31,complete,0.1781,31739.4
754,4,29,516,305.774,29,516,4,0.3677,594.7,0.2964,29,complete,0.1017,31767.6
755,3,43,766,560.662,43,766,8,0.399,639.9,0.1922,38,complete,0.1434,31808.8
756,6,30,250,281.92,30,250,2,0.6073,854.8,0.2349,4,complete,0.1449,31825.1
757,6,37,378,372.585,37,378,4,0.6199,799.4,0.1645,9,complete,0.1012,31847.1
758,4,51,806,648.944,51,806,9,0.447,819.8,0.318,36,complete,0.1183,31892.1
759,5,23,364,176.648,23,364,1,0.5434,810.4,0.3405,10,complete,0.1268,31912.1
760,5,60,848,710.767,60,848,10,0.6535,1076.2,0.2441,13,complete,0.1917,31961.6
761,3,77,1000,733.899,59,,11,0.494,792.2,0.2141,42,step_limit,0.2452,32016.9
762,5,26,315,228.827,26,315,2,0.6603,927.8,0.1865,4,complete,0.155,32034.8
763,5,70,532,898.807,70,532,11,0.447,709.4,0.0766,7,complete,0.0633,32066.4
764,6,32,399,282.447,32,399,3,0.7285,1150.7,0.2382,5,complete,0.1541,32088.6
765,5,23,308,242.557,23,308,3,0.6117,825.8,0.1434,3,complete,0.1667,32106.4
766,6,51,395,628.559,51,395,8,0.5346,886.6,0.08,6,complete,0.1044,32131.6
767,4,49,800,572.098,49,800,8,0.5416,883.2,0.2641,16,complete,0.1685,32175.2
768,3,72,1000,822.758,65,,11,0.4733,767.6,0.1407,21,step_limit,0.2194,32234.0
769,6,22,210,187.464,22,210,1,0.5833,684.6,0.089,0,complete,0.0909,32246.4
770,6,53,391,685.453,53,391,9,0.4595,593.8,0.1274,8,complete,0.0534,32271.7
771,5,38,514,440.155,38,514,6,0.6276,885.4,0.2056,12,complete,0.1065,32297.8
772,4,36,545,393.7,36,545,5,0.5202,819.1,0.2253,13,complete,0.1462,32322.4
773,6,21,208,178.777,21,208,1,0.7091,951.5,0.1794,3,complete,0.1979,32333.1
774,6,46,424,532.269,46,424,7,0.5645,858.7,0.1429,10,complete,0.1022,32355.3
775,6,41,370,448.005,41,370,5,0.6887,853.5,0.1931,8,complete,0.1333,32375.0
776,5,48,703,579.319,48,703,8,0.5906,929.3,0.3145,11,complete,0.1143,32409.4
777,4,20,393,190.66,20,393,2,0.6221,805.7,0.2843,16,complete,0.1524,32427.9
778,5,57,802,686.804,57,802,10,0.6743,1014.3,0.1934,10,complete,0.24,32465.7
779,6,79,821,942.074,79,821,13,0.6401,1070.7,0.1967,7,complete,0.168,32506.2
780,3,68,1000,711.812,57,,10,0.418,777.1,0.2373,45,step_limit,0.2105,32555.6
781,5,50,391,581.49,50,391,6,0.5171,804.6,0.1776,10,complete,0.0685,32578.4
782,5,45,755,485.306,45,755,7,0.694,1028.4,0.2054,13,complete,0.1862,32621.2
783,3,28,728,340.414,28,728,5,0.4904,764.3,0.3203,79,complete,0.1841,32662.0
784,6,58,515,731.314,58,515,10,0.6285,935.8,0.1018,5,complete,0.1554,32692.2
785,4,49,894,561.497,49,894,8,0.5394,854.5,0.2329,21,complete,0.1961,32741.9
786,4,53,1000,536.151,50,,8,0.6075,911.7,0.314,18,step_limit,0.2733,32797.2
787,4,47,902,524.524,47,902,8,0.5299,824.0,0.2055,44,complete,0.1691,32847.3
788,6,75,677,942.924,75,677,13,0.6145,976.4,0.1964,5,complete,0.1219,32885.9
789,3,79,1000,966.165,70,,14,0.4353,667.4,0.2806,46,step_limit,0.1484,32941.5
790,3,65,1000,719.014,59,,10,0.4053,761.3,0.1798,24,step_limit,0.2222,32997.9
791,3,21,520,233.8,21,520,3,0.5333,692.3,0.2165,27,complete,0.1806,33023.9
792,4,50,584,622.36,50,584,8,0.4837,666.0,0.2136,14,complete,0.0844,33051.2
793,6,27,256,278.884,27,256,3,0.6061,775.4,0.1697,3,complete,0.127,33064.0
794,3,74,1000,782.511,62,,11,0.453,684.9,0.1697,21,step_limit,0.2176,33112.3
795,3,58,1000,712.926,55,,10,0.3977,749.5,0.2951,90,step_limit,0.1275,33166.9
796,4,23,386,243.638,23,386,3,0.612,881.9,0.2388,16,complete,0.1755,33185.7
797,5,34,323,376.541,34,323,4,0.5288,633.9,0.1078,6,complete,0.0815,33202.0
798,4,60,702,730.78,60,702,9,0.4338,759.8,0.1779,19,complete,0.1355,33236.6
799,3,33,747,370.617,33,747,5,0.469,714.7,0.3289,51,complete,0.1991,33271.6
800,5,50,498,590.21,50,498,7,0.5217,786.1,0.2207,10,complete,0.0817,33298.2
801,5,57,674,714.537,57,674,10,0.5843,952.3,0.1367,14,complete,0.1636,33585.0
802,4,68,776,896.672,68,776,12,0.5074,780.5,0.1677,20,complete,0.125,33623.8
803,4,80,977,1034.095,80,977,14,0.4882,798.3,0.1445,11,complete,0.1314,33670.8
804,6,65,542,829.058,65,542,11,0.651,839.6,0.1689,6,complete,0.104,33698.2
805,6,78,709,973.637,78,709,13,0.5576,831.0,0.1853,7,complete,0.1106,33737.9
806,6,73,539,973.512,73,539,13,0.4743,783.8,0.1141,2,complete,0.0896,33770.9
807,6,69,482,910.619,69,482,12,0.519,833.4,0.0823,2,complete,0.0707,33799.7
808,4,26,422,269.428,26,422,3,0.6072,860.3,0.3051,15,complete,0.1786,33823.0
809,4,70,1000,909.263,69,,13,0.4395,759.8,0.2771,40,step_limit,0.1297,33879.9
810,4,68,858,891.927,68,858,12,0.4971,701.3,0.2478,20,complete,0.1301,33929.0
811,3,58,1000,732.962,57,,10,0.393,625.8,0.2732,75,step_limit,0.1351,33983.7
812,4,33,446,392.936,33,446,5,0.5252,669.5,0.1711,12,complete,0.114,34008.9
813,4,41,606,504.189,41,606,7,0.5441,741.2,0.2098,17,complete,0.1047,34043.9
814,4,24,799,176.173,24,799,3,0.6608,968.1,0.3731,21,complete,0.2684,34086.7
815,3,38,989,449.796,38,989,7,0.4901,749.6,0.2901,73,complete,0.1685,34142.5
816,3,25,566,254.764,25,566,3,0.5506,724.3,0.2955,37,complete,0.152,34172.6
817,4,53,650,701.842,53,650,10,0.3654,589.8,0.2419,50,complete,0.0833,34209.8
818,5,28,305,312.786,28,305,4,0.6334,757.6,0.1079,8,complete,0.144,34228.7
819,6,23,325,168.265,23,325,1,0.5067,904.7,0.2206,4,complete,0.088,34247.2
820,4,74,1000,867.708,71,,12,0.5603,921.0,0.2771,28,step_limit,0.1962,34306.6
821,4,79,1000,943.063,75,,13,0.5533,790.2,0.2261,20,step_limit,0.1911,34355.2
822,4,20,380,188.14,20,380,2,0.5408,717.2,0.3321,38,complete,0.1159,34372.7
823,5,61,656,724.405,61,656,9,0.6149,926.7,0.1554,13,complete,0.1486,34406.5
824,3,25,690,281.5,25,690,4,0.542,781.9,0.2809,49,complete,0.1667,34438.8
825,3,41,1000,436.241,40,,6,0.4917,798.3,0.3668,160,step_limit,0.2172,34483.4
826,3,53,1000,493.183,42,,8,0.5527,794.5,0.3045,56,step_limit,0.2887,34530.7
827,4,44,942,433.947,44,942,6,0.5661,1034.9,0.2724,18,complete,0.2302,34575.5
828,4,24,472,246.903,24,472,3,0.5318,826.4,0.3393,40,complete,0.1562,34600.8
829,6,53,444,675.515,53,444,9,0.5968,991.5,0.1061,3,complete,0.109,34626.6
830,6,66,666,846.74,66,666,12,0.6101,973.2,0.1728,6,complete,0.1324,34664.7
831,5,69,671,844.957,69,671,11,0.5311,749.5,0.1603,11,complete,0.1029,34702.3
832,5,69,605,871.924,69,605,11,0.5722,833.6,0.121,10,complete,0.102,34737.0
833,6,72,698,875.062,72,698,12,0.66,970.6,0.1582,8,complete,0.1288,34776.6
834,4,71,1000,532.124,50,,9,0.6165,857.1,0.3128,62,step_limit,0.217,34829.3
835,3,56,889,726.985,56,889,10,0.3742,718.2,0.2226,35,complete,0.1215,34877.7
836,6,30,340,295.02,30,340,3,0.6265,836.3,0.1617,4,complete,0.1327,34898.5
837,3,73,1000,717.658,57,,11,0.3963,659.9,0.1997,27,step_limit,0.2011,34952.9
838,5,56,721,675.28,56,721,9,0.4804,662.6,0.2897,29,complete,0.0918,34992.4
839,4,20,549,178.9,20,549,3,0.6694,888.4,0.3112,20,complete,0.225,35022.4
840,3,33,643,428.146,33,643,6,0.3821,706.5,0.2631,66,complete,0.1571,35057.1
841,4,31,626,317.463,31,626,4,0.5671,936.4,0.3164,15,complete,0.1567,35092.6
842,3,68,1000,772.61,60,,11,0.4777,675.1,0.2264,38,step_limit,0.2213,35143.1
843,6,51,597,495.345,51,597,6,0.6683,1051.3,0.1713,9,complete,0.1434,35172.7
844,4,37,612,427.131,37,612,6,0.4649,727.8,0.2532,18,complete,0.1269,35202.6
845,6,74,519,966.082,74,519,12,0.4197,586.9,0.2004,11,complete,0.0561,35229.8
846,3,32,575,396.181,32,575,5,0.3264,609.2,0.2286,28,complete,0.129,35257.3
847,5,25,386,243.94,25,386,3,0.4435,733.5,0.2986,16,complete,0.1067,35275.0
848,3,44,727,580.524,44,727,8,0.4897,786.7,0.2813,37,complete,0.1533,35309.6
849,5,28,488,246.082,28,488,3,0.6045,905.4,0.2758,11,complete,0.1962,35332.9
850,3,47,828,584.226,47,828,8,0.3692,593.0,0.2139,32,complete,0.1088,35372.7
851,3,39,799,422.03,39,799,5,0.4844,786.9,0.3506,36,complete,0.1687,35662.6
852,4,68,903,328.115,36,,7,0.6467,742.8,0.6211,216,no_progress,0.1925,35702.8
853,4,65,1000,716.769,60,,11,0.5587,890.8,0.2183,20,step_limit,0.2125,35753.2
854,5,61,944,659.997,61,944,9,0.6237,985.6,0.2948,12,complete,0.1868,35801.0
855,5,22,275,214.932,22,275,2,0.5876,779.6,0.1983,6,complete,0.0865,35815.9
856,5,59,772,705.417,59,772,10,0.4694,726.6,0.2409,12,complete,0.1231,35861.2
857,3,69,1000,743.696,59,,11,0.4757,742.1,0.2067,41,step_limit,0.2047,35917.6
858,6,35,312,345.509,35,312,3,0.5454,597.4,0.2655,5,complete,0.071,35935.0
859,3,20,888,137.255,20,888,2,0.5721,752.9,0.5126,142,complete,0.2995,35982.3
860,5,42,758,408.862,42,758,6,0.5916,936.6,0.2316,14,complete,0.1727,36027.6
861,4,58,699,775.171,58,699,11,0.4535,685.0,0.2106,20,complete,0.1199,36067.2
862,3,39,869,490.338,39,869,7,0.4956,683.0,0.337,102,complete,0.1829,36112.3
863,5,77,1000,913.292,73,,14,0.5176,907.5,0.1976,8,step_limit,0.1771,36167.7
864,6,37,449,383.487,37,449,5,0.7012,1146.3,0.225,15,complete,0.1638,36193.5
865,4,33,531,345.184,33,531,4,0.6102,824.1,0.2736,18,complete,0.1429,36223.4
866,5,40,372,450.963,40,372,5,0.528,702.7,0.0584,2,complete,0.071,36244.3
867,6,34,398,332.867,34,398,4,0.5168,721.9,0.2382,7,complete,0.1121,36267.6
868,3,34,605,398.315,34,605,5,0.5102,742.8,0.2132,44,complete,0.181,36300.2
869,3,76,1000,988.757,75,,13,0.374,601.9,0.1898,21,step_limit,0.1256,36352.0
870,4,42,857,469.91,42,857,7,0.4886,888.6,0.2063,16,complete,0.1939,36394.0
871,3,47,1000,528.436,44,,8,0.4507,779.1,0.3247,39,step_limit,0.2013,36440.4
872,5,22,218,184.214,22,218,1,0.6523,782.4,0.1206,6,complete,0.0909,36452.4
873,5,60,706,755.342,60,706,10,0.6323,1100.7,0.2286,9,complete,0.1762,36487.7
874,6,45,536,487.707,45,536,6,0.6175,855.2,0.1771,3,complete,0.1048,36514.8
875,6,32,322,349.655,32,322,4,0.6527,921.9,0.1,1,complete,0.13,36530.8
876,3,49,872,606.028,49,872,8,0.3704,593.4,0.2567,36,complete,0.1521,36573.4
877,6,77,798,918.382,77,798,12,0.6393,1052.3,0.2552,10,complete,0.1483,36614.3
878,5,44,1000,331.182,40,,6,0.6752,1089.9,0.4068,95,step_limit,0.2772,36669.0
879,3,79,1000,831.743,65,,12,0.435,786.7,0.2213,41,step_limit,0.2049,36725.6
880,5,32,349,380.378,32,349,5,0.5135,740.8,0.214,11,complete,0.0962,36745.1
881,6,74,709,853.501,74,709,11,0.6335,1041.3,0.1389,3,complete,0.174,36787.9
882,4,76,1000,927.426,72,,13,0.551,888.0,0.3196,32,step_limit,0.1484,36844.0
883,6,50,644,578.888,50,644,8,0.6462,1103.2,0.2998,8,complete,0.1796,36879.9
884,6,56,497,656.319,56,497,8,0.5389,870.8,0.1445,7,complete,0.0833,36908.1
885,3,44,901,503.754,44,901,7,0.407,722.6,0.2971,77,complete,0.1875,36958.7
886,6,76,552,964.441,76,552,12,0.4915,739.4,0.1242,4,complete,0.0825,36991.0
887,4,67,1000,876.245,66,,13,0.5517,814.6,0.2203,27,step_limit,0.1565,37045.6
888,3,71,1000,698.538,58,,10,0.4583,738.2,0.2085,33,step_limit,0.227,37101.2
889,3,32,904,363.333,32,904,6,0.4333,765.1,0.2509,115,complete,0.2403,37144.0
890,5,62,535,751.734,62,535,9,0.4591,802.1,0.1657,11,complete,0.1043,37171.5
891,3,78,1000,802.854,64,,11,0.429,639.7,0.3024,140,step_limit,0.2028,37219.6
892,4,39,481,503.478,39,481,7,0.3721,675.0,0.1872,17,complete,0.0923,37241.7
893,4,65,894,813.514,65,894,11,0.5696,839.9,0.2153,15,complete,0.1942,37286.1
894,6,47,314,551.82,47,314,6,0.4952,708.3,0.1048,1,complete,0.0457,37302.7
895,6,64,728,782.086,64,728,11,0.6172,795.2,0.1929,7,complete,0.138,37340.0
896,5,41,576,470.102,41,576,7,0.5854,958.2,0.1666,6,complete,0.1605,37369.2
897,6,77,506,991.991,77,506,12,0.4529,623.2,0.1772,20,complete,0.0413,37395.4
898,4,29,799,306.578,29,799,5,0.5472,938.2,0.241,17,complete,0.24,37437.7
899,3,31,730,318.177,31,730,4,0.4689,776.7,0.1693,20,complete,0.1872,37476.0
900,3,69,1000,893.661,68,,12,0.401,709.0,0.1618,30,step_limit,0.1641,37531.6
901,6,26,361,290.355,26,361,4,0.6699,890.4,0.2293,8,complete,0.1827,37792.0
902,6,58,592,756.301,58,592,11,0.6002,921.6,0.1759,3,complete,0.1264,37822.8
903,3,41,1000,410.188,36,,6,0.545,784.3,0.5209,279,step_limit,0.2846,37874.9
904,6,47,450,568.17,47,450,7,0.3756,685.6,0.1687,12,complete,0.0466,37900.7
905,3,63,1000,694.133,55,,10,0.51,759.5,0.2783,48,step_limit,0.2294,37955.1
906,5,64,963,760.834,64,963,11,0.6191,1010.5,0.2453,10,complete,0.1969,38007.4
907,3,80,1000,755.739,62,,11,0.3177,615.1,0.3,38,step_limit,0.1421,38062.9
908,6,49,624,525.956,49,624,7,0.6175,794.8,0.2126,10,complete,0.1341,38097.5
909,3,68,1000,774.356,61,,11,0.4927,751.3,0.2201,37,step_limit,0.2333,38151.8
910,6,69,683,874.777,69,683,12,0.654,979.8,0.219,11,complete,0.1373,38190.8
911,3,22,370,253.614,22,370,3,0.4441,653.8,0.208,27,complete,0.1583,38210.4
912,4,71,1000,549.656,52,,9,0.611,1022.5,0.1887,18,step_limit,0.2854,38263.8
913,3,48,1000,544.275,46,,8,0.366,573.5,0.2664,44,step_limit,0.1584,38317.9
914,3,64,1000,694.361,55,,10,0.4623,753.7,0.2601,115,step_limit,0.2184,38372.0
915,6,58,498,662.961,58,498,8,0.6734,978.1,0.1182,4,complete,0.1352,38397.7
916,4,21,420,227.01,21,420,3,0.4315,714.9,0.2857,17,complete,0.1705,38417.9
917,5,75,1000,733.54,67,,11,0.6612,1045.7,0.1574,7,step_limit,0.2791,38467.6
918,6,22,287,197.789,22,287,2,0.6609,982.3,0.2839,6,complete,0.1157,38481.6
919,5,73,765,950.846,73,765,13,0.5736,885.8,0.1451,14,complete,0.1259,38520.1
920,3,79,1000,650.485,55,,10,0.482,769.3,0.2486,47,step_limit,0.2242,38566.6
921,4,27,393,294.265,27,393,3,0.4854,636.7,0.2262,12,complete,0.102,38586.5
922,4,20,267,215.98,20,267,2,0.515,810.6,0.2086,7,complete,0.0809,38601.5
923,5,51,703,624.428,51,703,9,0.6048,976.4,0.2229,7,complete,0.1612,38638.4
924,6,68,552,915.248,68,552,13,0.4481,697.3,0.1766,6,complete,0.085,38668.6
925,6,30,376,309.9,30,376,4,0.6547,962.2,0.2278,8,complete,0.1346,38689.7
926,6,31,214,300.276,31,214,2,0.662,773.5,0.142,1,complete,0.0721,38701.7
927,3,62,1000,750.406,60,,10,0.4913,739.4,0.2353,54,step_limit,0.2381,38755.9
928,3,51,912,652.416,51,912,9,0.4616,796.3,0.2597,37,complete,0.1993,38805.2
929,6,34,277,414.227,34,277,5,0.4158,659.0,0.082,2,complete,0.0667,38822.4
930,4,57,770,679.368,57,770,9,0.3958,658.9,0.3137,23,complete,0.1335,38864.9
931,4,52,845,647.169,52,845,9,0.4811,804.6,0.1995,34,complete,0.165,38911.9
932,6,27,285,216.989,27,285,1,0.6421,791.6,0.3248,6,complete,0.1357,38928.6
933,6,71,841,879.901,71,841,13,0.6688,976.4,0.2302,10,complete,0.1558,38977.6
934,6,65,986,681.505,65,986,10,0.6433,1076.3,0.255,11,complete,0.215,39032.8
935,4,29,575,358.062,29,575,5,0.6157,846.9,0.332,10,complete,0.1694,39063.8
936,3,44,816,541.172,44,816,7,0.4596,774.2,0.2116,29,complete,0.1818,39108.1
937,3,22,596,226.406,22,596,3,0.5403,795.5,0.2332,30,complete,0.2517,39139.7
938,4,44,777,525.402,44,777,8,0.621,865.8,0.2541,33,complete,0.177,39180.8
939,5,68,1000,717.449,65,,10,0.6866,1174.0,0.2309,24,step_limit,0.265,39229.9
940,5,43,844,407.265,43,844,6,0.6756,1050.8,0.2705,28,complete,0.2587,39269.5
941,5,73,954,873.218,73,954,12,0.6266,995.2,0.2487,26,complete,0.229,39316.8
942,6,26,317,190.742,26,317,1,0.5952,752.6,0.3599,10,complete,0.1008,39331.8
943,5,28,822,225.382,28,822,3,0.7182,940.9,0.5748,249,complete,0.2286,39368.0
944,3,79,1000,895.281,70,,12,0.3203,612.1,0.232,33,step_limit,0.1413,39418.6
945,3,61,1000,646.003,51,,10,0.481,789.4,0.2566,40,step_limit,0.181,39469.7
946,4,50,860,585.88,50,860,8,0.6093,920.0,0.2885,22,complete,0.1624,39520.4
947,6,25,228,198.856,25,228,1,0.6579,735.1,0.0614,1,complete,0.1009,39533.1
948,6,58,582,642.28,58,582,8,0.608,880.3,0.2335,12,complete,0.1418,39561.9
949,6,52,368,580.316,52,368,6,0.6268,891.9,0.1131,4,complete,0.1096,39581.1
950,6,43,291,492.954,43,291,5,0.4891,726.0,0.1743,6,complete,0.0545,39596.3
951,5,30,428,287.85,30,428,3,0.6327,900.1,0.2265,10,complete,0.1216,39867.1
952,3,51,1000,593.876,48,,9,0.4837,725.8,0.23,48,step_limit,0.1909,39921.8
953,6,43,455,475.37,43,455,6,0.5967,895.2,0.2448,30,complete,0.1296,39947.8
954,6,80,1000,885.25,79,,13,0.6417,1036.4,0.1931,6,step_limit,0.2296,40004.2
955,6,46,393,522.559,46,393,6,0.6179,854.4,0.137,5,complete,0.1184,40026.6
956,5,37,436,422.673,37,436,5,0.6615,933.8,0.2357,12,complete,0.1414,40050.8
957,3,52,998,669.783,52,998,10,0.309,560.1,0.2652,32,complete,0.1595,40105.1
958,6,46,659,493.203,46,659,7,0.7061,1158.4,0.1626,9,complete,0.2417,40141.3
959,4,46,779,526.518,46,779,7,0.5305,869.9,0.2142,10,complete,0.1962,40185.2
960,6,66,463,851.538,66,463,11,0.5194,677.5,0.1648,7,complete,0.067,40212.1
961,4,76,1000,686.237,63,,10,0.5467,845.7,0.2077,14,step_limit,0.2576,40267.6
962,4,52,1000,555.592,47,,9,0.6192,927.5,0.2934,28,step_limit,0.2288,40321.9
963,3,56,1000,496.036,47,,7,0.549,792.5,0.2316,31,step_limit,0.288,40375.9
964,3,54,1000,611.183,51,,9,0.3993,600.2,0.3364,41,step_limit,0.1562,40428.9
965,4,34,709,348.969,34,709,5,0.5603,890.5,0.2839,24,complete,0.1918,40466.9
966,5,77,730,1024.091,77,730,14,0.4504,676.7,0.2505,34,complete,0.0955,40507.1
967,6,38,358,418.504,38,358,5,0.5321,682.0,0.1847,8,complete,0.0833,40525.7
968,6,37,551,402.518,37,551,6,0.6137,960.1,0.2536,11,complete,0.1941,40552.7
969,4,54,974,648.818,54,974,9,0.5878,838.9,0.2783,30,complete,0.1929,40602.6
970,5,80,871,1005.65,80,871,14,0.5915,826.2,0.2255,15,complete,0.1669,40647.0
971,5,26,311,276.565,26,311,3,0.5119,653.1,0.1477,8,complete,0.1045,40661.8
972,6,27,357,258.913,27,357,3,0.6303,826.6,0.2798,5,complete,0.1087,40679.7
973,4,36,933,340.936,36,933,5,0.5807,900.7,0.2523,23,complete,0.2051,40721.8
974,3,80,1000,796.604,61,,12,0.3947,735.4,0.199,37,step_limit,0.2204,40770.3
975,6,80,739,1021.385,80,739,14,0.6281,1018.8,0.1931,3,complete,0.1303,40815.7
976,4,48,888,546.222,48,888,8,0.5805,1050.5,0.2443,11,complete,0.2175,40864.6
977,5,48,489,575.54,48,489,7,0.492,655.5,0.1087,9,complete,0.088,40892.7
978,5,69,634,896.626,69,634,12,0.5568,819.8,0.1081,15,complete,0.1327,40929.4
979,6,58,405,697.693,58,405,8,0.5132,718.3,0.0796,3,complete,0.0582,40953.3
980,6,73,846,927.065,73,846,14,0.6594,1032.4,0.2954,38,complete,0.1681,41002.3
981,4,62,857,779.991,62,857,11,0.5023,819.9,0.2004,11,complete,0.1729,41050.5
982,6,66,625,770.927,66,625,10,0.6275,883.6,0.1795,6,complete,0.1667,41087.4
983,4,22,400,235.873,22,400,3,0.4206,802.4,0.301,14,complete,0.125,41108.6
984,3,53,1000,531.502,46,,8,0.565,779.3,0.3619,96,step_limit,0.2585,41159.6
985,5,65,700,857.985,65,700,12,0.4911,696.9,0.214,8,complete,0.1215,41195.8
986,6,35,514,300.406,35,514,3,0.6339,847.8,0.3224,18,complete,0.1871,41219.9
987,5,47,469,593.976,47,469,8,0.5966,761.5,0.1912,10,complete,0.1053,41244.8
988,4,24,322,256.903,24,322,3,0.5396,681.4,0.1218,10,complete,0.1477,41261.6
989,3,64,886,845.297,64,886,11,0.4703,791.2,0.1749,27,complete,0.1836,41305.0
990,4,26,754,262.502,26,754,4,0.6499,883.9,0.3709,57,complete,0.1667,41340.7
991,3,30,751,309.07,30,751,4,0.443,770.2,0.307,53,complete,0.2037,41374.9
992,4,59,857,721.801,59,857,10,0.5388,820.2,0.2377,35,complete,0.1476,41415.4
993,3,46,851,578.868,46,851,8,0.4673,793.1,0.2215,52,complete,0.2462,41458.2
994,5,71,643,941.632,71,643,13,0.4622,744.2,0.2507,16,complete,0.0936,41489.4
995,3,61,1000,641.208,54,,9,0.4353,781.1,0.2284,31,step_limit,0.2609,41536.4
996,3,61,956,777.028,61,956,10,0.4146,660.0,0.2132,34,complete,0.1682,41585.2
997,3,59,1000,680.936,56,,9,0.4823,804.6,0.2073,29,step_limit,0.2042,41632.2
998,6,70,659,839.509,70,659,11,0.6416,1017.9,0.1413,7,complete,0.1711,41665.6
999,4,49,667,568.7,49,667,7,0.5439,871.5,0.2041,17,complete,0.1379,41697.4
1000,5,63,686,805.184,63,686,11,0.5636,893.5,0.1765,11,complete,0.15,41732.7
1001,6,43,374,504.188,43,374,6,0.5107,744.8,0.1523,3,complete,0.0968,42036.9
1002,4,78,1000,822.308,68,,12,0.5395,784.9,0.2044,16,step_limit,0.2292,42092.0
1003,4,74,1000,698.178,60,,11,0.577,801.5,0.1717,31,step_limit,0.2398,42148.1
1004,6,61,623,744.072,61,623,10,0.6102,907.1,0.166,6,complete,0.1085,42184.2
1005,5,62,547,752.198,62,547,9,0.5166,856.9,0.1952,8,complete,0.1121,42217.5
1006,3,22,492,227.317,22,492,3,0.4783,676.9,0.2749,50,complete,0.1923,42244.0
1007,5,79,1000,835.361,69,,13,0.573,781.8,0.2485,35,step_limit,0.191,42301.4
1008,4,28,642,321.077,28,642,5,0.4556,842.5,0.2117,19,complete,0.1801,42336.7
1009,4,65,1000,605.846,55,,9,0.531,809.6,0.3928,56,step_limit,0.2273,42393.2
1010,5,22,302,229.218,22,302,3,0.6099,802.7,0.1542,6,complete,0.1474,42409.9
1011,5,52,595,625.74,52,595,8,0.3913,584.5,0.2285,19,complete,0.0682,42444.8
1012,6,47,430,567.762,47,430,7,0.5523,786.0,0.119,2,complete,0.0735,42468.7
1013,6,66,563,802.638,66,563,10,0.4346,689.2,0.2257,10,complete,0.0789,42502.0
1014,4,69,901,881.548,69,901,12,0.5447,838.2,0.2463,16,complete,0.1508,42553.7
1015,4,77,935,1021.551,77,935,14,0.4893,770.8,0.1926,19,complete,0.1308,42606.2
1016,4,80,1000,794.915,66,,12,0.59,850.5,0.2154,16,step_limit,0.2101,42661.6
1017,5,51,549,582.883,51,549,7,0.5264,749.2,0.2722,8,complete,0.1158,42694.2
1018,6,21,175,190.329,21,175,1,0.5229,789.8,0.1907,8,complete,0.1,42702.6
1019,4,58,792,772.161,58,792,11,0.512,869.0,0.2216,11,complete,0.1708,42740.9
1020,4,74,1000,669.73,60,,10,0.5605,783.5,0.1046,13,step_limit,0.2155,42789.6
1021,3,48,1000,582.363,47,,8,0.417,779.8,0.3069,69,step_limit,0.2075,42837.2
1022,6,27,237,222.602,27,237,1,0.4761,558.7,0.1425,3,complete,0.0714,42851.0
1023,6,46,319,536.43,46,319,6,0.4671,732.5,0.1573,5,complete,0.0621,42866.3
1024,3,70,1000,522.057,49,,8,0.517,736.0,0.1788,49,step_limit,0.2956,42914.0
1025,5,41,779,354.465,41,779,5,0.6647,928.9,0.2483,10,complete,0.1902,42952.4
1026,6,76,939,890.481,76,939,12,0.6525,973.1,0.2497,10,complete,0.1939,43007.1
1027,4,51,1000,587.765,50,,8,0.5555,775.1,0.387,110,step_limit,0.1538,43062.6
1028,3,27,566,300.842,27,566,4,0.374,743.1,0.3116,40,complete,0.1921,43093.1
1029,4,37,420,474.086,37,420,6,0.5,744.7,0.1992,11,complete,0.0697,43117.8
1030,4,46,1000,294.096,38,,5,0.6028,929.8,0.3744,75,step_limit,0.2677,43171.5
1031,6,20,206,170.3,20,206,1,0.5647,660.9,0.2292,6,complete,0.1398,43183.6
1032,3,27,580,332.367,27,580,5,0.296,533.3,0.2486,40,complete,0.1264,43215.0
1033,5,38,476,451.424,38,476,6,0.4748,732.1,0.1606,11,complete,0.1059,43241.2
1034,4,66,1000,732.57,64,,10,0.4908,880.8,0.1868,15,step_limit,0.21,43297.2
1035,6,64,670,760.891,64,670,10,0.6316,1018.6,0.2283,15,complete,0.1063,43335.8
1036,4,59,979,699.938,59,979,10,0.4977,819.7,0.2566,52,complete,0.1891,43389.5
1037,3,49,909,632.916,49,909,9,0.4243,758.9,0.2207,37,complete,0.1215,43430.7
1038,6,57,718,605.152,57,718,8,0.7242,1130.7,0.233,10,complete,0.2133,43466.3
1039,4,73,1000,917.079,72,,13,0.5643,907.3,0.2888,25,step_limit,0.2008,43515.6
1040,3,44,1000,452.705,40,,6,0.5313,792.3,0.4647,247,step_limit,0.2294,43561.9
1041,5,65,898,753.215,65,898,10,0.6606,1000.0,0.2204,11,complete,0.1982,43604.5
1042,3,37,1000,358.978,33,,6,0.5433,751.5,0.3004,45,step_limit,0.2199,43650.8
1043,5,52,530,638.462,52,530,8,0.5336,722.0,0.2048,8,complete,0.1035,43673.9
1044,4,36,1000,306.644,32,,5,0.62,893.3,0.5073,139,step_limit,0.1686,43719.9
1045,4,52,726,658.66,52,726,9,0.4425,629.2,0.2089,10,complete,0.1144,43757.1
1046,5,43,476,489.56,43,476,6,0.6067,780.7,0.1675,8,complete,0.1086,43781.2
1047,3,52,1000,504.129,46,,7,0.512,749.7,0.33,134,step_limit,0.2524,43828.8
1048,3,51,1000,546.224,45,,8,0.484,766.8,0.2987,46,step_limit,0.2222,43878.1
1049,4,72,1000,639.278,57,,10,0.5745,896.2,0.2571,15,step_limit,0.1979,43924.8
1050,5,76,917,958.203,76,917,14,0.6109,1029.4,0.1401,10,complete,0.1578,43974.2
1051,4,79,1000,663.21,58,,11,0.5112,760.6,0.1872,20,step_limit,0.1947,44322.6
1052,5,45,856,443.389,45,856,6,0.5444,910.8,0.3365,22,complete,0.1939,44369.0
1053,6,49,538,584.504,49,538,8,0.6763,1021.1,0.2299,3,complete,0.1515,44398.7
1054,6,61,474,783.367,61,474,10,0.4975,619.3,0.1587,6,complete,0.0549,44426.3
1055,5,41,569,469.026,41,569,6,0.6728,979.1,0.2908,9,complete,0.1658,44458.7
1056,5,54,598,665.239,54,598,9,0.5438,857.5,0.1254,5,complete,0.1356,44492.3
1057,5,64,647,755.666,64,647,9,0.5484,809.5,0.1869,7,complete,0.1184,44529.7
1058,5,66,894,775.588,66,894,11,0.5776,933.0,0.2056,7,complete,0.181,44581.0
1059,3,51,966,594.261,51,966,8,0.381,662.2,0.3011,68,complete,0.13,44635.3
1060,6,52,507,642.995,52,507,9,0.6114,903.1,0.1307,6,complete,0.1584,44664.7
1061,5,37,580,433.581,37,580,6,0.5762,837.1,0.2877,10,complete,0.1559,44697.3
1062,5,24,331,251.971,24,331,3,0.5227,664.5,0.2201,2,complete,0.1455,44716.2
1063,5,73,884,857.286,73,884,11,0.5548,904.7,0.2556,25,complete,0.1512,44766.2
1064,5,39,672,406.092,39,672,6,0.6753,968.5,0.2979,10,complete,0.2125,44802.5
1065,4,24,626,219.093,24,626,3,0.6278,972.3,0.3152,36,complete,0.2944,44837.3
1066,3,75,1000,879.748,68,,12,0.4143,765.6,0.2296,43,step_limit,0.194,44888.1
1067,6,50,404,516.416,50,404,5,0.4703,826.9,0.1611,4,complete,0.0608,44908.1
1068,4,45,608,545.716,45,608,7,0.4568,704.2,0.2729,20,complete,0.0854,44938.1
1069,5,20,252,170.7,20,252,1,0.6349,873.2,0.2429,6,complete,0.125,44951.2
1070,3,79,1000,957.984,72,,13,0.404,743.0,0.1191,20,step_limit,0.1569,44996.9
1071,4,32,697,337.108,32,697,5,0.4397,669.5,0.3151,40,complete,0.1287,45027.4
1072,3,56,1000,672.623,53,,10,0.509,755.3,0.2559,82,step_limit,0.2263,45072.7
1073,6,25,233,176.764,25,233,0,0.5901,836.2,0.1166,2,complete,0.0637,45085.3
1074,3,34,820,398.191,34,820,6,0.4817,777.5,0.2652,32,complete,0.1923,45126.3
1075,6,40,409,464.17,40,409,6,0.6316,740.8,0.0674,4,complete,0.0783,45148.3
1076,3,73,1000,694.682,58,,10,0.4177,714.1,0.2862,46,step_limit,0.1711,45202.3
1077,5,50,828,550.73,50,828,8,0.594,898.9,0.2517,28,complete,0.1796,45251.6
1078,5,62,745,745.226,62,745,10,0.6277,948.3,0.1809,10,complete,0.1486,45293.5
1079,4,25,653,284.824,25,653,4,0.6351,809.4,0.5161,159,complete,0.1598,45327.9
1080,3,51,1000,543.429,46,,8,0.4303,711.8,0.2376,36,step_limit,0.2039,45381.6
1081,5,46,750,533.163,46,750,8,0.6283,1079.9,0.2825,18,complete,0.1909,45422.2
1082,6,51,504,537.772,51,504,6,0.5106,789.9,0.2452,7,complete,0.0939,45450.9
1083,4,64,1000,758.731,62,,11,0.5633,851.2,0.2709,26,step_limit,0.2097,45499.0
1084,4,48,772,609.153,48,772,9,0.5981,888.1,0.2193,15,complete,0.176,45537.7
1085,4,60,1000,613.72,55,,9,0.6175,999.2,0.1989,14,step_limit,0.232,45584.5
1086,5,27,362,300.548,27,362,4,0.6055,810.8,0.1312,8,complete,0.1125,45602.2
1087,5,66,1000,610.258,58,,10,0.6678,943.3,0.2323,17,step_limit,0.2754,45652.0
1088,5,48,484,609.769,48,484,8,0.5525,710.2,0.1898,8,complete,0.0658,45673.9
1089,4,63,741,812.728,63,741,11,0.5108,702.6,0.1994,20,complete,0.0991,45705.7
1090,5,78,1000,812.673,71,,12,0.6546,1070.0,0.1705,13,step_limit,0.2485,45747.3
1091,4,66,1000,763.461,65,,10,0.621,986.4,0.2141,19,step_limit,0.209,45794.0
1092,3,77,1000,696.488,59,,10,0.4853,710.1,0.2552,48,step_limit,0.2529,45838.7
1093,3,72,1000,842.829,64,,12,0.4543,777.4,0.196,42,step_limit,0.1884,45885.8
1094,6,45,551,459.22,45,551,6,0.5877,761.4,0.2578,5,complete,0.1075,45912.6
1095,5,21,304,192.895,21,304,2,0.6276,751.5,0.1015,5,complete,0.1263,45927.7
1096,6,77,550,1032.278,77,550,14,0.5673,763.0,0.1028,4,complete,0.1126,45960.6
1097,3,44,1000,488.582,40,,7,0.5093,710.8,0.4512,239,step_limit,0.1719,46016.7
1098,3,59,1000,559.422,49,,8,0.4927,763.6,0.2718,29,step_limit,0.2516,46071.2
1099,4,75,1000,877.013,68,,13,0.527,848.2,0.182,13,step_limit,0.1855,46127.8
1100,3,54,1000,523.017,45,,8,0.4983,787.5,0.2755,29,step_limit,0.2343,46181.5
1101,4,78,1000,807.369,69,,11,0.343,611.1,0.3275,22,step_limit,0.1349,46529.4
1102,6,36,374,398.393,36,374,5,0.5218,767.9,0.1684,3,complete,0.1061,46551.3
1103,4,32,707,306.058,32,707,4,0.6132,996.8,0.3261,33,complete,0.2429,46591.1
1104,6,37,376,382.143,37,376,4,0.6844,970.0,0.1328,3,complete,0.1316,46614.9
1105,6,63,632,773.861,63,632,10,0.5456,838.5,0.3076,9,complete,0.0938,46655.5
1106,5,46,609,566.409,46,609,8,0.5685,944.7,0.2375,15,complete,0.1405,46691.2
1107,5,21,436,172.676,21,436,2,0.6546,956.0,0.3213,13,complete,0.15,46715.4
1108,3,41,1000,208.466,29,,4,0.5723,782.0,0.6012,259,step_limit,0.2031,46772.2
1109,5,21,226,247.2,21,226,3,0.4841,785.2,0.1722,10,complete,0.0765,46787.5
1110,3,55,1000,561.144,49,,8,0.5467,796.2,0.3248,90,step_limit,0.2274,46838.0
1111,6,49,448,597.814,49,448,8,0.4211,598.1,0.2174,8,complete,0.0524,46861.7
1112,4,27,507,288.772,27,507,4,0.5932,756.6,0.2789,16,complete,0.1154,46886.4
1113,6,70,521,868.334,70,521,11,0.484,623.8,0.1234,11,complete,0.0748,46915.4
1114,6,50,610,528.296,50,610,7,0.6175,811.0,0.2412,7,complete,0.1145,46949.9
1115,6,73,1000,616.011,63,,10,0.6237,1059.0,0.2752,13,step_limit,0.1983,46997.5
1116,4,54,1000,415.541,42,,7,0.5645,918.4,0.3438,38,step_limit,0.2624,47045.4
1117,5,74,741,943.768,74,741,13,0.519,790.1,0.1743,10,complete,0.1517,47083.1
1118,6,52,549,627.875,52,549,9,0.6515,1120.5,0.1335,7,complete,0.1911,47114.5
1119,6,22,202,151.835,22,202,0,0.6947,940.1,0.1869,1,complete,0.1111,47125.7
1120,5,40,445,447.438,40,445,5,0.6301,945.0,0.2175,14,complete,0.1292,47151.4
1121,5,26,778,249.081,26,778,4,0.7262,1175.7,0.3858,17,complete,0.2457,47193.7
1122,6,55,371,714.1,55,371,9,0.4888,657.0,0.1119,6,complete,0.0619,47216.6
1123,6,54,470,676.767,54,470,9,0.5255,754.2,0.1853,10,complete,0.0917,47243.8
1124,5,79,739,1017.683,79,739,13,0.4739,682.3,0.2149,9,complete,0.0957,47287.5
1125,6,53,536,612.712,53,536,8,0.6558,1001.2,0.1438,2,complete,0.1645,47318.1
1126,5,21,212,180.543,21,212,1,0.5642,892.0,0.2012,10,complete,0.0968,47330.8
1127,4,66,1000,605.024,55,,9,0.5613,1004.5,0.2435,18,step_limit,0.1799,47388.3
1128,5,70,1000,835.836,67,,12,0.6432,908.2,0.3478,13,step_limit,0.1276,47444.4
1129,6,28,466,249.897,28,466,3,0.6974,934.5,0.2228,4,complete,0.1154,47469.4
1130,5,45,454,584.6,45,454,8,0.574,798.0,0.1275,12,complete,0.12,47495.8
1131,4,55,1000,631.069,55,1000,9,0.604,988.3,0.2599,53,complete,0.2651,47552.5
1132,6,59,494,680.258,59,494,8,0.614,872.7,0.1954,10,complete,0.1039,47582.0
1133,5,69,568,860.325,69,568,10,0.4965,785.7,0.2386,9,complete,0.0959,47616.6
1134,6,28,293,283.72,28,293,3,0.5728,937.8,0.2172,10,complete,0.1593,47632.7
1135,4,68,1000,556.265,53,,9,0.5285,829.9,0.1919,15,step_limit,0.1947,47689.0
1136,6,76,1000,540.829,60,,9,0.6558,1002.9,0.2785,27,step_limit,0.1989,47737.2
1137,5,30,429,331.4,30,429,4,0.379,700.8,0.3164,12,complete,0.0982,47757.5
1138,4,48,741,594.993,48,741,8,0.5051,780.2,0.2482,11,complete,0.1044,47791.3
1139,6,39,316,400.209,39,316,4,0.5459,828.3,0.1351,4,complete,0.0893,47805.3
1140,4,80,1000,1053.635,79,,15,0.4402,696.7,0.2427,21,step_limit,0.1466,47848.4
1141,4,28,457,318.249,28,457,4,0.4513,747.7,0.195,21,complete,0.101,47866.9
1142,6,47,475,578.211,47,475,8,0.5526,706.8,0.1498,13,complete,0.0811,47888.0
1143,4,44,1000,476.218,42,,7,0.568,939.4,0.3827,50,step_limit,0.2325,47927.3
1144,4,28,936,212.174,28,936,4,0.6464,976.1,0.2955,39,complete,0.2563,47964.1
1145,5,21,322,186.686,21,322,2,0.6807,886.4,0.2179,9,complete,0.2048,47980.8
1146,3,72,1000,771.742,61,,11,0.4427,696.0,0.2011,18,step_limit,0.1681,48028.0
1147,4,77,940,1023.496,77,940,14,0.4492,701.6,0.1948,31,complete,0.1407,48080.9
1148,6,45,434,472.587,45,434,5,0.6452,906.7,0.1834,5,complete,0.1493,48105.5
1149,4,80,1000,1006.195,77,,14,0.492,743.3,0.2647,23,step_limit,0.1455,48161.8
1150,4,73,877,925.578,73,877,12,0.494,737.8,0.1694,12,complete,0.1387,48211.6
1151,3,40,1000,308.212,33,,5,0.5063,757.6,0.3219,46,step_limit,0.2527,48563.9
1152,4,61,985,771.911,61,985,11,0.4698,713.2,0.2911,16,complete,0.1625,48619.3
1153,6,24,299,244.16,24,299,3,0.6527,1003.4,0.2043,4,complete,0.1542,48635.7
1154,4,24,620,225.467,24,620,3,0.5641,928.5,0.3095,35,complete,0.2544,48668.1
1155,3,31,827,347.522,31,827,5,0.505,771.1,0.3224,52,complete,0.1923,48713.0
1156,4,20,378,221.16,20,378,3,0.455,748.5,0.1935,16,complete,0.1282,48733.4
1157,6,23,183,158.237,23,183,0,0.6175,673.9,0.0352,3,complete,0.0968,48744.4
1158,5,41,821,438.352,41,821,7,0.6724,992.8,0.262,19,complete,0.1912,48791.1
1159,5,64,507,810.9,64,507,10,0.4619,816.1,0.1842,14,complete,0.08,48819.6
1160,4,47,870,498.74,47,870,7,0.594,860.8,0.2647,23,complete,0.2054,48861.1
1161,5,70,616,920.657,70,616,12,0.45,677.3,0.1226,13,complete,0.0923,48892.8
1162,5,77,816,1018.966,77,816,14,0.5537,773.3,0.2017,8,complete,0.1152,48934.0
1163,4,43,1000,376.586,41,,6,0.6412,1030.9,0.3115,73,step_limit,0.2677,48981.0
1164,3,40,911,479.83,40,911,7,0.5163,773.6,0.3194,47,complete,0.2197,49023.0
1165,6,67,503,845.11,67,503,11,0.5417,809.5,0.1433,8,complete,0.0926,49050.2
1166,5,65,624,825.031,65,624,11,0.4641,721.1,0.2036,11,complete,0.0845,49081.1
1167,3,24,599,274.642,24,599,4,0.5431,782.0,0.25,22,complete,0.2688,49112.9
1168,6,67,775,799.999,67,775,11,0.6892,1085.4,0.1992,10,complete,0.1817,49157.6
1169,4,37,494,424.64,37,494,5,0.4266,649.0,0.2003,12,complete,0.0923,49186.0
1170,3,35,774,415.229,35,774,6,0.4569,733.7,0.2936,46,complete,0.1688,49228.8
1171,5,70,792,874.35,70,792,12,0.6119,896.6,0.1247,6,complete,0.1479,49273.1
1172,5,56,908,641.377,56,908,10,0.6163,1077.3,0.2241,12,complete,0.2157,49325.3
1173,3,39,825,449.958,39,825,6,0.5131,764.4,0.2965,32,complete,0.2008,49368.4
1174,6,53,688,549.603,53,688,7,0.6407,910.6,0.2332,11,complete,0.1418,49407.2
1175,6,44,577,462.83,44,577,6,0.6811,930.2,0.2364,12,complete,0.1532,49439.2
1176,6,44,674,458.428,44,674,6,0.612,864.8,0.3432,14,complete,0.1626,49476.1
1177,6,33,382,325.298,33,382,4,0.63,834.7,0.1698,4,complete,0.1358,49497.7
1178,3,61,1000,669.818,55,,9,0.5583,797.5,0.414,178,step_limit,0.2061,49552.2
1179,5,71,553,903.568,71,553,11,0.4242,650.4,0.1025,5,complete,0.0714,49585.5
1180,5,62,750,735.331,62,750,10,0.6323,928.0,0.1522,9,complete,0.2,49627.9
1181,5,50,854,501.1,50,854,7,0.5925,900.5,0.2718,15,complete,0.1824,49675.3
1182,3,79,1000,899.887,70,,12,0.3903,612.8,0.2229,41,step_limit,0.1522,49731.4
1183,5,51,775,594.642,51,775,8,0.4795,702.8,0.1987,8,complete,0.1191,49774.9
1184,5,30,440,330.75,30,440,4,0.6264,1078.0,0.2547,20,complete,0.1143,49799.4
1185,3,77,1000,872.952,67,,12,0.4337,744.3,0.2048,28,step_limit,0.1944,49849.9
1186,6,42,370,490.186,42,370,6,0.4865,627.1,0.2131,8,complete,0.0583,49865.1
1187,6,20,198,200.09,20,198,2,0.5017,562.9,0.1973,4,complete,0.0556,49873.2
1188,4,74,946,906.387,74,946,12,0.5727,934.5,0.181,21,complete,0.2129,49913.6
1189,5,60,614,799.492,60,614,11,0.4557,648.2,0.2111,18,complete,0.0968,49938.6
1190,3,26,839,264.357,26,839,4,0.5332,777.1,0.4181,57,complete,0.2283,49970.7
1191,5,27,348,310.007,27,348,4,0.619,923.6,0.1703,7,complete,0.125,49984.0
1192,5,78,741,1030.777,78,741,14,0.5557,786.3,0.1333,9,complete,0.112,50018.1
1193,3,42,955,495.686,42,955,7,0.4328,763.4,0.2462,41,complete,0.2029,50054.3
1194,4,75,1000,878.224,72,,12,0.502,807.6,0.232,16,step_limit,0.1955,50103.0
1195,5,56,514,707.47,56,514,9,0.514,598.9,0.1166,6,complete,0.0977,50133.1
1196,6,66,989,756.451,66,989,12,0.6464,1012.1,0.1431,4,complete,0.1949,50189.9
1197,5,59,599,717.558,59,599,9,0.5629,802.7,0.132,6,complete,0.1067,50224.4
1198,4,47,569,598.644,47,569,8,0.4837,684.0,0.1614,16,complete,0.1297,50256.7
1199,4,65,797,827.012,65,797,11,0.4012,623.8,0.2075,30,complete,0.1138,50300.9
1200,6,48,398,531.145,48,398,6,0.5168,847.0,0.2828,6,complete,0.0771,50325.0
1201,5,22,278,197.509,22,278,2,0.5799,889.0,0.2319,8,complete,0.0757,50623.9
1202,4,68,840,846.518,68,840,11,0.4068,653.0,0.265,36,complete,0.1273,50670.3
1203,3,36,724,428.13,36,724,6,0.5424,737.7,0.2791,38,complete,0.2658,50709.7
1204,4,23,420,278.191,23,420,4,0.5423,866.2,0.2338,20,complete,0.1522,50732.9
1205,4,32,568,325.843,32,568,4,0.5295,805.6,0.3027,74,complete,0.1523,50764.8
1206,3,76,1000,643.843,54,,10,0.417,714.8,0.2913,102,step_limit,0.1959,50819.0
1207,6,45,359,529.073,45,359,6,0.5487,720.2,0.0951,3,complete,0.0707,50839.0
1208,5,40,374,491.888,40,374,6,0.4385,634.2,0.1417,9,complete,0.0677,50861.9
1209,3,49,956,638.626,49,956,9,0.4351,714.4,0.2064,44,complete,0.1815,50908.4
1210,4,60,1000,509.92,51,,8,0.6028,849.8,0.3553,75,step_limit,0.2409,50956.6
1211,4,66,1000,806.206,63,,12,0.5122,879.1,0.2016,21,step_limit,0.1754,51004.9
1212,5,66,801,818.109,66,801,11,0.5348,776.9,0.3176,9,complete,0.1458,51044.1
1213,6,56,429,641.51,56,429,7,0.6041,870.6,0.137,6,complete,0.0844,51065.6
1214,3,49,996,617.614,49,996,9,0.5054,784.0,0.2152,22,complete,0.2265,51114.6
1215,3,21,474,219.623,21,474,3,0.5183,782.0,0.3765,96,complete,0.1957,51138.7
1216,4,38,1000,349.305,37,,5,0.6382,1012.3,0.3616,48,step_limit,0.2389,51190.3
1217,4,22,380,212.909,22,380,2,0.5625,922.1,0.2964,15,complete,0.1512,51211.5
1218,4,61,1000,703.423,56,,10,0.5002,911.0,0.3772,34,step_limit,0.1441,51265.6
1219,5,66,823,785.221,66,823,11,0.6243,1025.6,0.139,7,complete,0.178,51312.5
1220,3,38,965,455.853,38,965,7,0.5323,770.0,0.302,84,complete,0.2421,51364.2
1221,3,62,1000,647.244,52,,10,0.4597,705.5,0.2719,78,step_limit,0.2025,51420.0
1222,6,34,420,369.559,34,420,5,0.6345,974.3,0.2299,12,complete,0.1303,51442.6
1223,5,35,411,397.764,35,411,5,0.6326,939.6,0.1857,5,complete,0.1279,51467.0
1224,6,33,399,368.569,33,399,5,0.6763,970.7,0.201,6,complete,0.1525,51491.8
1225,4,70,765,921.183,70,765,12,0.3412,619.5,0.1359,24,complete,0.0932,51535.7
1226,6,32,326,338.652,32,326,4,0.5302,614.0,0.1605,7,complete,0.0957,51555.7
1227,3,77,1000,694.4,59,,10,0.4397,759.9,0.2008,30,step_limit,0.2583,51610.5
1228,3,35,1000,325.423,33,,5,0.4983,769.7,0.2907,78,step_limit,0.25,51665.1
1229,5,25,325,264.83,25,325,3,0.4302,722.6,0.2016,5,complete,0.0905,51683.8
1230,3,50,1000,559.18,46,,8,0.546,773.1,0.3462,54,step_limit,0.2127,51738.8
1231,6,65,538,862.723,65,538,12,0.4706,800.8,0.1315,7,complete,0.068,51770.3
1232,3,79,1000,652.015,55,,10,0.5027,712.3,0.2876,71,step_limit,0.2076,51825.7
1233,3,30,722,348.86,30,722,5,0.5194,797.8,0.3039,45,complete,0.2523,51863.2
1234,6,57,507,654.254,57,507,8,0.6256,878.7,0.1154,4,complete,0.1016,51892.1
1235,3,49,1000,271.996,33,,5,0.4163,701.0,0.4197,125,step_limit,0.2386,51945.3
1236,4,72,861,949.999,72,861,13,0.4805,733.8,0.2523,15,complete,0.1597,51991.8
1237,4,57,1000,551.761,53,,8,0.5397,964.9,0.2284,26,step_limit,0.2362,52039.9
1238,6,73,682,843.551,73,682,11,0.6461,930.2,0.1965,13,complete,0.1494,52072.7
1239,4,40,623,458.08,40,623,6,0.569,843.9,0.1697,18,complete,0.1741,52097.1
1240,5,21,415,182.083,21,415,2,0.6222,877.4,0.2972,21,complete,0.1024,52114.5
1241,6,58,549,704.529,58,549,9,0.5376,727.4,0.1262,2,complete,0.1124,52136.9
1242,5,71,742,911.175,71,742,12,0.5852,902.5,0.1932,11,complete,0.1255,52167.7
1243,6,54,531,604.918,54,531,7,0.6375,984.4,0.1665,4,complete,0.116,52189.1
1244,5,23,295,250.141,23,295,3,0.5634,825.3,0.1216,5,complete,0.1231,52203.1
1245,3,31,846,344.146,31,846,5,0.5343,777.6,0.2196,22,complete,0.2616,52238.8
1246,5,37,685,368.736,37,685,5,0.6158,853.2,0.2752,19,complete,0.1605,52271.4
1247,3,20,575,208.025,20,575,3,0.3855,755.3,0.1701,20,complete,0.2061,52299.6
1248,6,79,766,972.731,79,766,13,0.6116,986.6,0.1772,4,complete,0.1269,52341.2
1249,4,22,442,225.102,22,442,3,0.5243,664.3,0.3052,59,complete,0.1111,52365.3
1250,3,27,718,292.771,27,718,4,0.4986,780.7,0.288,59,complete,0.209,52404.1
1251,4,20,413,200.82,20,413,3,0.5266,760.7,0.1944,23,complete,0.1686,52709.2
1252,5,48,582,580.233,48,582,8,0.5608,965.7,0.1582,4,complete,0.1392,52741.3
1253,4,64,1000,703.769,59,,10,0.5905,872.5,0.3402,25,step_limit,0.2396,52796.5
1254,6,44,635,446.232,44,635,6,0.6822,943.9,0.331,13,complete,0.1585,52831.1
1255,6,39,337,444.826,39,337,5,0.452,688.1,0.1378,8,complete,0.0575,52851.7
1256,4,32,738,318.018,32,738,4,0.6206,840.5,0.3655,39,complete,0.2273,52891.3
1257,3,71,1000,801.718,63,,11,0.4227,583.0,0.388,79,step_limit,0.1377,52945.3
1258,3,40,1000,406.087,39,,6,0.4827,770.4,0.2841,33,step_limit,0.2823,52998.9
1259,4,80,917,1049.71,80,917,14,0.4534,740.1,0.2178,18,complete,0.1269,53042.3
1260,6,60,715,617.96,60,715,8,0.6364,993.8,0.1424,4,complete,0.1846,53076.9
1261,6,26,319,233.245,26,319,2,0.6296,828.4,0.2619,7,complete,0.1111,53092.4
1262,6,68,506,826.896,68,506,10,0.525,690.5,0.0818,2,complete,0.0904,53119.4
1263,5,61,634,802.021,61,634,11,0.5205,739.0,0.1154,5,complete,0.1146,53149.7
1264,4,55,1000,447.724,45,,8,0.5677,825.7,0.2898,27,step_limit,0.2455,53196.3
1265,5,73,1000,925.486,72,,14,0.6206,1007.2,0.2517,15,step_limit,0.1906,53243.1
1266,5,72,781,921.387,72,781,13,0.5117,833.9,0.1565,9,complete,0.1312,53283.8
1267,3,46,1000,162.396,26,,4,0.4553,663.5,0.5103,215,step_limit,0.2447,53334.7
1268,3,58,1000,650.152,54,,9,0.512,779.0,0.2085,36,step_limit,0.3036,53390.0
1269,6,74,935,846.281,74,935,12,0.6676,975.2,0.1354,6,complete,0.155,53442.2
1270,4,30,393,344.907,30,393,4,0.4313,648.8,0.1503,7,complete,0.1154,53464.5
1271,4,37,679,394.354,37,679,5,0.391,666.1,0.2747,25,complete,0.1319,53501.5
1272,4,22,464,223.876,22,464,3,0.5938,788.9,0.2952,16,complete,0.1224,53527.2
1273,3,43,1000,396.688,38,,6,0.509,758.6,0.3625,79,step_limit,0.2175,53581.0
1274,3,66,1000,718.023,58,,10,0.368,779.2,0.2007,31,step_limit,0.2042,53636.7
1275,6,63,554,775.55,63,554,10,0.617,865.8,0.2183,10,complete,0.129,53667.7
1276,3,47,1000,498.343,43,,7,0.4747,706.5,0.3218,58,step_limit,0.1871,53720.5
1277,6,30,384,288.24,30,384,3,0.6141,819.7,0.1354,2,complete,0.158,53742.1
1278,5,62,598,774.495,62,598,10,0.5361,621.8,0.141,7,complete,0.1109,53776.2
1279,4,28,510,312.157,28,510,4,0.4657,734.4,0.2705,37,complete,0.1017,53803.5
1280,5,47,464,605.098,47,464,8,0.4384,713.4,0.1859,11,complete,0.0857,53829.7
1281,4,66,1000,813.176,65,,11,0.5897,997.6,0.3086,31,step_limit,0.2012,53884.4
1282,3,74,1000,691.232,57,,10,0.3773,673.8,0.3932,235,step_limit,0.1594,53937.3
1283,3,80,1000,844.024,66,,12,0.356,618.9,0.2499,48,step_limit,0.1602,53993.2
1284,6,57,519,626.871,57,519,7,0.5934,830.2,0.2147,6,complete,0.1298,54022.7
1285,3,40,841,490.21,40,841,7,0.5351,766.6,0.2256,28,complete,0.2472,54069.5
1286,5,50,778,537.08,50,778,7,0.6411,1052.4,0.3452,16,complete,0.1806,54111.8
1287,5,36,467,406.747,36,467,5,0.5482,737.0,0.1929,7,complete,0.1258,54136.3
1288,3,32,812,342.018,32,812,5,0.58,788.9,0.4017,116,complete,0.2568,54173.9
1289,3,51,1000,618.3,48,,9,0.4683,746.9,0.2117,26,step_limit,0.2274,54220.9
1290,3,56,1000,624.53,51,,9,0.5027,728.3,0.3048,44,step_limit,0.2469,54267.7
1291,3,33,646,379.32,33,646,5,0.4628,723.8,0.3223,34,complete,0.1538,54295.9
1292,4,48,978,545.588,48,978,8,0.5999,861.1,0.2453,59,complete,0.2095,54335.1
1293,3,27,892,313.24,27,892,5,0.4966,741.9,0.3276,83,complete,0.2756,54370.2
1294,6,72,784,890.61,72,784,13,0.649,838.6,0.1666,4,complete,0.1374,54408.0
1295,5,38,685,374.171,38,685,5,0.5139,823.4,0.3445,15,complete,0.15,54440.2
1296,4,47,534,580.402,47,534,7,0.5243,869.9,0.2156,21,complete,0.13,54467.0
1297,4,44,550,553.718,44,550,7,0.43,643.4,0.2089,32,complete,0.1067,54495.8
1298,4,29,474,346.585,29,474,5,0.4552,820.1,0.1928,21,complete,0.1296,54521.8
1299,6,55,632,659.276,55,632,9,0.6725,1054.1,0.2001,3,complete,0.1286,54557.8
1300,5,49,894,546.269,49,894,8,0.6857,1108.8,0.4037,49,complete,0.1798,54608.4
1301,5,22,400,231.273,22,400,3,0.4595,695.7,0.3784,15,complete,0.1116,54912.7
1302,5,46,528,579.491,46,528,8,0.3667,602.4,0.2641,19,complete,0.0784,54942.1
1303,5,51,412,616.253,51,412,7,0.4019,572.3,0.0879,5,complete,0.0868,54966.6
1304,6,41,472,513.329,41,472,7,0.3941,588.4,0.2952,4,complete,0.1111,54993.1
1305,6,56,739,656.917,56,739,9,0.6125,842.1,0.3478,57,complete,0.1481,55032.1
1306,5,51,553,612.487,51,553,8,0.5505,775.8,0.1224,10,complete,0.1377,55058.9
1307,3,52,1000,447.604,41,,7,0.5487,773.1,0.3694,99,step_limit,0.2143,55104.9
1308,5,44,394,528.732,44,394,6,0.5497,800.0,0.1062,6,complete,0.0852,55124.8
1309,6,65,631,817.912,65,631,11,0.5541,761.5,0.1096,3,complete,0.1014,55155.3
1310,4,20,392,213.92,20,392,3,0.5249,791.6,0.3358,44,complete,0.1607,55173.6
1311,6,70,880,840.203,70,880,12,0.7136,1149.3,0.2684,14,complete,0.2197,55214.6
1312,4,38,498,458.575,38,498,6,0.4518,696.8,0.1158,6,complete,0.1174,55239.4
1313,3,39,705,506.535,39,705,7,0.3281,571.2,0.2189,24,complete,0.1392,55272.8
1314,3,59,1000,758.025,56,,11,0.434,647.1,0.2077,35,step_limit,0.1858,55316.5
1315,5,65,894,790.923,65,894,11,0.6204,963.1,0.239,10,complete,0.1741,55353.0
1316,6,67,612,825.701,67,612,11,0.5596,805.9,0.2006,9,complete,0.116,55378.3
1317,4,73,1000,833.337,70,,11,0.5457,846.0,0.247,17,step_limit,0.2117,55420.2
1318,4,24,475,202.467,24,475,2,0.4489,803.5,0.1875,13,complete,0.1682,55439.1
1319,4,31,583,357.596,31,583,5,0.5142,845.0,0.334,21,complete,0.123,55462.5
1320,6,47,412,533.212,47,412,6,0.5453,753.4,0.244,8,complete,0.0905,55479.5
1321,4,75,847,970.44,75,847,13,0.4421,675.8,0.2175,44,complete,0.1411,55516.9
1322,4,49,896,628.356,49,896,9,0.5912,861.6,0.3683,125,complete,0.1485,55553.0
1323,5,75,776,923.88,75,776,12,0.5724,927.5,0.2186,14,complete,0.1508,55586.5
1324,3,46,888,569.195,46,888,8,0.4899,780.6,0.2031,36,complete,0.1953,55623.0
1325,3,59,1000,658.973,54,,9,0.4287,771.7,0.2018,28,step_limit,0.179,55662.9
1326,3,44,1000,474.859,42,,7,0.4643,792.0,0.3267,51,step_limit,0.2234,55701.3
1327,5,32,321,362.434,32,321,4,0.4312,628.1,0.139,7,complete,0.0981,55714.3
1328,6,45,416,476.867,45,416,5,0.637,1008.0,0.1266,2,complete,0.1359,55733.4
1329,4,41,877,365.613,41,877,5,0.5334,941.0,0.2282,19,complete,0.2473,55768.6
1330,5,65,920,725.892,65,920,10,0.6578,987.4,0.205,20,complete,0.2306,55806.2
1331,6,74,928,838.439,74,928,12,0.6378,1035.7,0.2095,17,complete,0.2214,55844.9
1332,3,35,701,396.907,35,701,5,0.3752,612.9,0.2389,31,complete,0.1579,55873.4
1333,3,77,1000,735.361,58,,11,0.431,649.5,0.3264,73,step_limit,0.236,55913.0
1334,4,64,1000,682.575,58,,10,0.5182,799.5,0.278,37,step_limit,0.2316,55954.4
1335,6,58,592,642.487,58,592,8,0.6039,931.7,0.1382,8,complete,0.1597,55979.4
1336,4,56,770,686.871,56,770,9,0.5867,986.0,0.259,26,complete,0.1711,56008.4
1337,5,58,1000,625.638,56,,10,0.666,1067.9,0.3345,64,step_limit,0.2195,56042.8
1338,6,52,446,597.167,52,446,7,0.5919,794.0,0.1541,5,complete,0.0926,56058.4
1339,4,66,871,873.221,66,871,12,0.4383,719.2,0.2462,24,complete,0.1377,56079.5
1340,5,72,683,949.649,72,683,13,0.5406,801.3,0.1529,23,complete,0.1268,56097.7
1341,5,37,480,364.73,37,480,4,0.6858,981.1,0.2854,12,complete,0.1541,56111.7
1342,5,72,697,889.261,72,697,11,0.4207,595.3,0.1542,10,complete,0.1135,56140.6
1343,3,73,1000,631.164,55,,9,0.4967,734.9,0.2813,36,step_limit,0.2102,56168.1
1344,5,34,448,347.321,34,448,4,0.671,1023.9,0.2418,10,complete,0.1786,56183.5
1345,6,41,326,493.801,41,326,6,0.5307,662.1,0.0468,1,complete,0.0952,56196.0
1346,6,33,414,387.887,33,414,6,0.6099,768.0,0.1832,3,complete,0.1402,56209.6
1347,3,42,1000,425.729,39,,7,0.4387,743.9,0.2769,34,step_limit,0.2033,56245.8
1348,3,65,775,863.662,65,775,11,0.3884,735.5,0.1747,42,complete,0.1424,56279.1
1349,3,21,398,205.917,21,398,2,0.3216,609.9,0.1776,12,complete,0.1301,56295.8
1350,6,56,375,757.379,56,375,10,0.4596,752.0,0.0854,1,complete,0.0681,56312.7
1351,6,56,359,686.66,56,359,8,0.552,666.1,0.0702,2,complete,0.0748,56538.2
1352,5,20,306,158.45,20,306,1,0.5556,791.0,0.2701,12,complete,0.1314,56552.5
1353,4,25,277,316.568,25,277,4,0.4161,696.8,0.0761,10,complete,0.0641,56565.0
1354,4,58,907,724.589,58,907,10,0.3897,643.4,0.3126,35,complete,0.1419,56605.4
1355,6,79,705,971.318,79,705,13,0.5366,872.7,0.1849,15,complete,0.1028,56635.3
1356,6,38,395,411.737,38,395,5,0.6848,1045.7,0.1776,8,complete,0.1408,56650.8
1357,6,63,630,754.686,63,630,10,0.6082,926.4,0.1654,5,complete,0.1165,56677.3
1358,6,28,387,272.509,28,387,3,0.6701,943.3,0.3062,10,complete,0.1837,56693.6
1359,5,39,368,446.344,39,368,5,0.4424,686.2,0.1247,8,complete,0.0618,56708.5
1360,6,43,431,491.907,43,431,6,0.6237,886.0,0.1868,7,complete,0.101,56728.3
1361,3,44,1000,407.957,40,,6,0.484,774.9,0.3056,58,step_limit,0.2021,56767.9
1362,3,35,713,434.596,35,713,6,0.4044,757.7,0.2043,27,complete,0.1963,56796.5
1363,5,40,630,431.888,40,630,6,0.5556,802.5,0.3306,12,complete,0.1449,56823.2
1364,5,38,648,394.955,38,648,5,0.6796,953.7,0.4453,48,complete,0.2108,56848.9
1365,5,73,924,921.184,73,924,13,0.5764,868.7,0.2735,22,complete,0.1735,56889.6
1366,4,38,1000,363.937,37,,6,0.6657,997.8,0.3673,58,step_limit,0.2556,56930.2
1367,4,73,1000,796.762,67,,11,0.5875,828.9,0.3195,71,step_limit,0.1996,56970.9
1368,5,30,418,363.867,30,418,5,0.5713,878.5,0.2286,10,complete,0.1148,56988.8
1369,3,47,1000,483.143,41,,8,0.486,754.2,0.3909,109,step_limit,0.2007,57028.8
1370,5,24,259,234.821,24,259,2,0.4378,709.6,0.0594,4,complete,0.0872,57039.3
1371,3,27,561,307.514,27,561,4,0.4599,591.4,0.2921,40,complete,0.1552,57062.9
1372,6,58,652,693.197,58,652,10,0.6628,1105.8,0.1774,3,complete,0.1352,57090.2
1373,5,62,1000,505.669,53,,8,0.595,917.7,0.2092,10,step_limit,0.2268,57131.5
1374,3,38,1000,327.663,33,,5,0.467,775.4,0.3513,75,step_limit,0.2209,57171.3
1375,3,21,662,219.526,21,662,3,0.4834,765.3,0.4459,87,complete,0.1845,57197.5
1376,5,61,1000,680.631,58,,11,0.6552,987.7,0.3171,21,step_limit,0.205,57238.6
1377,6,41,430,402.405,41,430,4,0.6884,862.3,0.2145,4,complete,0.1322,57257.7
1378,5,55,598,684.427,55,598,9,0.509,925.8,0.2235,11,complete,0.1495,57282.4
1379,6,27,245,260.433,27,245,2,0.4605,694.5,0.0858,4,complete,0.094,57293.2
1380,5,22,752,186.9,22,752,3,0.7061,868.4,0.521,177,complete,0.2459,57322.6
1381,5,42,679,443.419,42,679,6,0.6654,934.7,0.373,40,complete,0.16,57348.5
1382,4,57,921,681.939,57,921,9,0.5765,787.7,0.3999,59,complete,0.1429,57385.2
1383,5,22,357,197.355,22,357,2,0.7025,833.1,0.2497,8,complete,0.1846,57399.6
1384,5,66,698,870.782,66,698,12,0.516,768.4,0.2129,23,complete,0.1061,57428.5
1385,3,70,1000,798.364,63,,11,0.4547,787.1,0.1926,42,step_limit,0.1801,57469.4
1386,6,25,431,209.212,25,431,3,0.5159,685.9,0.3274,10,complete,0.1144,57486.1
1387,4,74,1000,626.995,56,,10,0.5105,800.4,0.4186,18,step_limit,0.2115,57526.8
1388,6,21,275,158.757,21,275,1,0.5727,857.5,0.3108,4,complete,0.1476,57537.4
1389,5,63,676,773.66,63,676,10,0.503,837.0,0.1661,5,complete,0.1196,57561.3
1390,5,26,409,215.319,26,409,2,0.5985,854.9,0.1975,7,complete,0.183,57574.2
1391,3,78,1000,797.823,64,,11,0.3457,556.7,0.2655,50,step_limit,0.1093,57606.2
1392,4,49,1000,508.286,44,,8,0.571,997.2,0.2103,10,step_limit,0.1976,57632.3
1393,5,68,1000,641.912,61,,10,0.6588,1076.5,0.2702,16,step_limit,0.19,57658.0
1394,6,22,469,143.696,22,469,1,0.6812,937.2,0.4134,37,complete,0.1741,57669.7
1395,4,61,727,810.35,61,727,11,0.4866,641.9,0.2823,23,complete,0.1284,57687.9
1396,6,43,403,495.862,43,403,6,0.6406,921.4,0.1631,5,complete,0.1095,57700.0
1397,5,71,1000,844.401,69,,12,0.5986,830.4,0.3132,36,step_limit,0.1797,57729.0
1398,4,47,813,569.165,47,813,8,0.5443,818.2,0.2341,15,complete,0.1667,57755.0
1399,6,40,312,485.98,40,312,6,0.4936,759.2,0.1163,8,complete,0.0595,57767.1
1400,6,23,187,169.476,23,187,0,0.6952,900.4,0.1763,1,complete,0.1611,57774.7
1401,6,27,436,238.951,27,436,3,0.6208,992.4,0.3249,14,complete,0.1455,57924.5
1402,6,78,771,971.032,78,771,13,0.4827,775.9,0.2188,8,complete,0.1173,57945.3
1403,5,51,547,606.728,51,547,8,0.5133,718.5,0.1403,7,complete,0.1326,57961.4
1404,3,29,630,347.89,29,630,5,0.5042,758.4,0.215,24,complete,0.1799,57977.7
1405,5,28,424,261.8,28,424,3,0.6198,1092.9,0.3088,12,complete,0.1309,57990.2
1406,3,57,1000,573.295,47,,9,0.482,731.7,0.1721,24,step_limit,0.1827,58016.1
1407,5,34,473,353.159,34,473,4,0.586,778.1,0.279,13,complete,0.1085,58029.7
1408,4,68,749,862.34,68,749,11,0.4743,668.6,0.1863,12,complete,0.1206,58050.1
1409,6,23,271,173.983,23,271,1,0.6156,781.8,0.2459,6,complete,0.0921,58058.2
1410,6,62,728,717.862,62,728,10,0.6914,953.7,0.1635,3,complete,0.2035,58078.4
1411,4,48,1000,477.317,47,,7,0.5533,891.3,0.2451,70,step_limit,0.2408,58105.5
1412,5,20,272,193.15,20,272,2,0.4066,553.3,0.2878,21,complete,0.0686,58112.8
1413,4,60,1000,531.86,52,,8,0.642,873.8,0.2675,19,step_limit,0.2477,58140.0
1414,6,53,377,698.214,53,377,9,0.4726,733.2,0.1404,4,complete,0.0469,58150.6
1415,4,56,1000,608.293,53,,9,0.574,945.7,0.2372,19,step_limit,0.2105,58177.6
1416,3,40,1000,390.905,35,,6,0.547,648.1,0.4687,267,step_limit,0.2584,58204.3
1417,5,48,632,576.348,48,632,8,0.5256,722.8,0.3336,18,complete,0.1182,58221.5
1418,4,54,848,669.206,54,848,9,0.5156,777.8,0.2838,27,complete,0.1458,58245.3
1419,3,45,1000,401.58,38,,6,0.518,752.4,0.3299,57,step_limit,0.2908,58272.1
1420,3,56,944,730.334,56,944,10,0.4583,740.3,0.2082,36,complete,0.1959,58298.0
1421,3,28,690,310.482,28,690,4,0.3971,636.4,0.3673,54,complete,0.1244,58316.0
1422,5,56,629,678.595,56,629,9,0.6203,966.0,0.1382,10,complete,0.1644,58333.9
1423,3,42,1000,471.586,40,,7,0.4877,782.3,0.356,54,step_limit,0.2326,58361.2
1424,5,22,246,218.677,22,246,2,0.4585,621.8,0.081,3,complete,0.1111,58367.9
1425,3,29,1000,297.876,28,,5,0.509,781.6,0.4496,172,step_limit,0.2716,58394.0
1426,4,41,643,470.417,41,643,6,0.5894,868.1,0.2632,18,complete,0.1331,58410.9
1427,3,20,392,196.295,20,392,2,0.3197,604.0,0.1927,19,complete,0.1429,58421.1
1428,5,77,1000,792.273,71,,11,0.5776,957.9,0.259,11,step_limit,0.1696,58448.9
1429,4,27,1000,198.267,26,,4,0.6753,1025.1,0.3645,29,step_limit,0.3012,58475.8
1430,6,79,545,985.885,79,545,12,0.5,785.1,0.1238,5,complete,0.0916,58492.3
1431,4,49,906,539.327,49,906,8,0.5582,983.8,0.2944,42,complete,0.2106,58516.4
1432,6,57,713,705.978,57,713,10,0.6487,880.5,0.3082,27,complete,0.0997,58536.6
1433,4,68,1000,843.406,66,,12,0.5182,844.9,0.222,30,step_limit,0.1625,58564.1
1434,6,45,371,517.287,45,371,6,0.5714,783.0,0.1913,8,complete,0.0809,58574.6
1435,4,73,1000,751.195,63,,11,0.5565,830.2,0.2883,19,step_limit,0.1542,58602.1
1436,6,30,271,311.24,30,271,3,0.6125,774.7,0.1645,2,complete,0.0871,58607.9
1437,6,64,497,798.299,64,497,10,0.394,644.3,0.1217,18,complete,0.0601,58618.0
1438,4,36,829,352.873,36,829,5,0.6619,1017.9,0.3092,33,complete,0.2625,58634.9
1439,3,50,1000,576.79,46,,9,0.3547,548.3,0.367,60,step_limit,0.1424,58654.1
1440,5,33,509,364.883,33,509,5,0.6542,957.9,0.2506,17,complete,0.197,58665.0
1441,6,72,731,833.265,72,731,11,0.6856,1039.5,0.1645,10,complete,0.1591,58679.6
1442,4,54,580,663.785,54,580,8,0.4759,805.2,0.1627,11,complete,0.1101,58692.2
1443,6,38,316,447.708,38,316,5,0.3977,688.8,0.1913,3,complete,0.0904,58698.8
1444,3,56,1000,638.388,52,,9,0.4823,739.4,0.2487,57,step_limit,0.2201,58717.9
1445,5,70,586,921.214,70,586,12,0.4857,667.4,0.1686,11,complete,0.0838,58730.9
1446,5,62,880,757.847,62,880,11,0.523,732.6,0.3281,30,complete,0.1315,58752.8
1447,5,41,395,453.909,41,395,5,0.5838,802.8,0.1489,4,complete,0.1,58764.5
1448,5,39,545,396.596,39,545,5,0.6532,962.8,0.2414,11,complete,0.1623,58778.9
1449,4,27,612,272.513,27,612,4,0.6266,1056.8,0.3107,26,complete,0.1667,58795.7
1450,3,77,1000,810.445,62,,12,0.4383,749.9,0.2606,64,step_limit,0.1721,58822.2
1451,3,40,1000,416.947,39,,6,0.4967,792.8,0.3219,59,step_limit,0.2405,58984.5
1452,5,30,365,292.1,30,365,3,0.6329,1046.8,0.1946,10,complete,0.16,58995.3
1453,6,49,526,551.979,49,526,7,0.673,1027.1,0.1946,11,complete,0.1437,59009.6
1454,6,33,317,356.525,33,317,4,0.5662,944.8,0.1547,7,complete,0.1111,59018.3
1455,5,25,222,292.44,25,222,3,0.3279,685.7,0.2381,10,complete,0.0606,59025.4
1456,6,50,857,548.744,50,857,9,0.6881,1011.3,0.3072,15,complete,0.1768,59047.9
1457,5,29,266,367.579,29,266,5,0.4459,648.0,0.1471,10,complete,0.1048,59055.1
1458,6,38,326,473.193,38,326,6,0.4448,741.9,0.111,4,complete,0.1148,59065.2
1459,6,32,279,358.741,32,279,4,0.4283,633.3,0.1232,7,complete,0.0593,59072.8
1460,5,80,1000,977.338,78,,14,0.574,790.2,0.2849,20,step_limit,0.1352,59101.4
1461,6,27,200,265.511,27,200,2,0.3842,626.4,0.0714,2,complete,0.0811,59107.0
1462,6,36,632,370.597,36,632,5,0.7144,996.3,0.3804,21,complete,0.1429,59124.9
1463,5,60,609,747.75,60,609,10,0.5343,785.3,0.1982,9,complete,0.1242,59141.7
1464,6,58,435,728.841,58,435,9,0.4904,787.3,0.1283,5,complete,0.0689,59154.0
1465,6,37,412,438.929,37,412,6,0.644,1078.1,0.1693,9,complete,0.1667,59166.0
1466,5,47,632,619.677,47,632,9,0.6019,912.9,0.3414,14,complete,0.1071,59182.9
1467,5,71,773,865.618,71,773,11,0.5009,715.5,0.2542,10,complete,0.0983,59204.7
1468,3,45,1000,552.12,44,,8,0.5283,787.7,0.303,59,step_limit,0.2357,59231.7
1469,4,41,661,470.692,41,661,6,0.444,687.1,0.2321,16,complete,0.1233,59249.1
1470,3,56,1000,584.705,48,,9,0.4723,777.3,0.2046,23,step_limit,0.2168,59276.0
1471,3,22,535,226.627,22,535,3,0.3875,551.9,0.2876,59,complete,0.12,59289.9
1472,6,80,591,1054.655,80,591,14,0.5285,756.2,0.0937,5,complete,0.1006,59307.5
1473,4,28,566,285.617,28,566,4,0.6316,932.5,0.2673,20,complete,0.1864,59322.2
1474,3,61,1000,692.19,55,,10,0.5103,787.1,0.1801,35,step_limit,0.2173,59349.3
1475,3,45,1000,389.94,39,,6,0.402,593.4,0.4749,100,step_limit,0.1395,59376.3
1476,3,31,847,355.584,31,847,5,0.573,788.3,0.3665,84,complete,0.2094,59398.9
1477,5,26,381,224.45,26,381,2,0.6331,850.7,0.2917,5,complete,0.1261,59408.8
1478,6,23,239,215.06,23,239,2,0.5718,723.4,0.1968,3,complete,0.0944,59415.1
1479,5,70,861,840.464,70,861,12,0.6316,998.7,0.2487,15,complete,0.1556,59439.1
1480,5,41,452,434.693,41,452,5,0.5779,828.4,0.2646,27,complete,0.1164,59451.7
1481,5,28,296,327.825,28,296,4,0.3709,646.5,0.1832,8,complete,0.0884,59460.6
1482,6,47,372,582.182,47,372,7,0.4135,663.7,0.1979,6,complete,0.0606,59471.1
1483,5,26,348,262.081,26,348,3,0.6282,905.5,0.1385,3,complete,0.175,59480.6
1484,6,39,389,460.568,39,389,6,0.5964,903.9,0.1136,8,complete,0.1028,59492.6
1485,5,75,723,939.117,75,723,12,0.457,597.5,0.1863,12,complete,0.0957,59512.5
1486,6,80,686,986.398,80,686,13,0.6025,812.8,0.1841,6,complete,0.1153,59532.7
1487,5,54,776,618.839,54,776,9,0.6657,1000.2,0.226,8,complete,0.2021,59553.2
1488,6,72,691,910.973,72,691,13,0.6283,954.0,0.1888,7,complete,0.1552,59573.3
1489,4,64,1000,650.706,56,,10,0.6002,845.9,0.3348,13,step_limit,0.222,59600.9
1490,4,49,545,632.29,49,545,8,0.394,610.1,0.2756,17,complete,0.0875,59615.6
1491,3,68,1000,750.738,59,,11,0.499,764.6,0.2558,38,step_limit,0.211,59642.6
1492,6,75,585,949.148,75,585,12,0.5017,749.6,0.2018,3,complete,0.0882,59659.8
1493,3,28,667,345.383,28,667,5,0.5062,785.5,0.3337,60,complete,0.1257,59676.8
1494,6,60,498,732.52,60,498,9,0.5797,820.6,0.198,12,complete,0.0784,59690.7
1495,5,56,629,706.737,56,629,9,0.3498,585.1,0.278,21,complete,0.1106,59709.1
1496,5,62,642,771.319,62,642,10,0.5433,882.5,0.1637,9,complete,0.101,59727.9
1497,3,76,1000,630.009,55,,9,0.4397,805.4,0.2656,34,step_limit,0.2213,59748.2
1498,3,55,928,708.155,55,928,10,0.403,630.0,0.1947,33,complete,0.1327,59767.8
1499,4,28,534,342.254,28,534,5,0.5894,847.3,0.348,18,complete,0.1653,59778.6
1500,5,24,226,209.2,24,226,1,0.577,765.2,0.1483,3,complete,0.0909,59783.2
