/home/kopt/enter/envs/wsl_neuroMCTS/lib/python3.10/site-packages/pygame/pkgdata.py:25: UserWarning: pkg_resources is deprecated as an API. See https://setuptools.pypa.io/en/latest/pkg_resources.html. The pkg_resources package is slated for removal as early as 2025-11-30. Refrain from using this package or pin to Setuptools<81.
  from pkg_resources import resource_stream, resource_exists
pygame 2.6.1 (SDL 2.28.4, Python 3.10.19)
Hello from the pygame community. https://www.pygame.org/contribute.html
단계=manager 장치=cuda 반경=300.0 상위주기=20 시드=1 교착관측=True
상한=10000 교착한도=100 무배송한도=800 (초반 300ep까지 1000) gamma=0.99 미완료페널티=0.0
worker_obs=16 manager_obs=43 state=66 상위행동=7
하위 가중치 로드: weights/v3_26_09_07_17_w/best_worker.pth
Ep 1 |  5825스텝 | 배송 47/50 | 재적재  8 | 정지 0.17 교착최장  37 | no_progress
Ep 2 |  2759스텝 | 배송 44/50 | 재적재  7 | 정지 0.28 교착최장 100 | deadlock
Ep 3 |  3470스텝 | 배송 44/50 | 재적재  8 | 정지 0.25 교착최장  69 | no_progress
Ep 4 |  5106스텝 | 배송 44/50 | 재적재  8 | 정지 0.22 교착최장  19 | no_progress
Ep 5 |  3548스텝 | 배송 45/50 | 재적재  8 | 정지 0.15 교착최장  25 | no_progress
Ep 6 |  2698스텝 | 배송 42/50 | 재적재  8 | 정지 0.27 교착최장  57 | no_progress
Ep 7 |  4755스텝 | 배송 45/50 | 재적재  9 | 정지 0.16 교착최장  33 | no_progress
Ep 8 |  2986스텝 | 배송 42/50 | 재적재  8 | 정지 0.21 교착최장  18 | no_progress
Ep 9 |  2577스텝 | 배송 45/50 | 재적재  8 | 정지 0.10 교착최장  11 | no_progress
Ep 10 |  4886스텝 | 배송 44/50 | 재적재  8 | 정지 0.21 교착최장  26 | no_progress
Ep 11 |  3580스텝 | 배송 44/50 | 재적재  7 | 정지 0.16 교착최장  15 | no_progress
Ep 12 |  2976스텝 | 배송 43/50 | 재적재  7 | 정지 0.15 교착최장  30 | no_progress
Ep 13 |  4924스텝 | 배송 45/50 | 재적재  8 | 정지 0.27 교착최장  63 | no_progress
Ep 14 |  1693스텝 | 배송 21/50 | 재적재  2 | 정지 0.15 교착최장   5 | no_progress
Ep 15 |  1975스텝 | 배송 27/50 | 재적재  3 | 정지 0.19 교착최장   7 | no_progress
Ep 16 |  5405스텝 | 배송 47/50 | 재적재  8 | 정지 0.33 교착최장  41 | no_progress
Ep 17 |  1683스텝 | 배송 22/50 | 재적재  2 | 정지 0.12 교착최장   7 | no_progress
Ep 18 |  3832스텝 | 배송 37/50 | 재적재  6 | 정지 0.29 교착최장  58 | no_progress
Ep 19 |  5411스텝 | 배송 44/50 | 재적재  8 | 정지 0.16 교착최장  15 | no_progress
Ep 20 |  3299스텝 | 배송 38/50 | 재적재  6 | 정지 0.11 교착최장   5 | no_progress
Ep 21 |  2679스텝 | 배송 30/50 | 재적재  5 | 정지 0.07 교착최장  10 | no_progress
Ep 22 |  4266스텝 | 배송 41/50 | 재적재  8 | 정지 0.10 교착최장  12 | no_progress
Ep 23 |  5076스텝 | 배송 45/50 | 재적재  8 | 정지 0.15 교착최장  10 | no_progress
Ep 24 |  5447스텝 | 배송 41/50 | 재적재  7 | 정지 0.19 교착최장  16 | no_progress
Ep 25 |  5174스텝 | 배송 44/50 | 재적재  8 | 정지 0.17 교착최장  35 | no_progress
Ep 26 |  3784스텝 | 배송 32/50 | 재적재  4 | 정지 0.16 교착최장   4 | no_progress
Ep 27 |  5129스텝 | 배송 47/50 | 재적재  8 | 정지 0.16 교착최장  21 | no_progress
Ep 28 |  2585스텝 | 배송 37/50 | 재적재  5 | 정지 0.09 교착최장  10 | no_progress
Ep 29 |  3265스텝 | 배송 35/50 | 재적재  5 | 정지 0.15 교착최장  10 | no_progress
Ep 30 |  4127스텝 | 배송 41/50 | 재적재  7 | 정지 0.25 교착최장  44 | no_progress
Ep 31 |  4398스텝 | 배송 45/50 | 재적재  6 | 정지 0.17 교착최장  21 | no_progress
Ep 32 |  5072스텝 | 배송 42/50 | 재적재  7 | 정지 0.16 교착최장  11 | no_progress
Ep 33 |  5537스텝 | 배송 46/50 | 재적재  8 | 정지 0.14 교착최장   9 | no_progress
Ep 34 |  4600스텝 | 배송 43/50 | 재적재  7 | 정지 0.13 교착최장  30 | no_progress
Ep 35 |  6115스텝 | 배송 44/50 | 재적재  7 | 정지 0.20 교착최장  53 | no_progress
Ep 36 |  1885스텝 | 배송 35/50 | 재적재  5 | 정지 0.16 교착최장 100 | deadlock
Ep 37 |  4253스텝 | 배송 41/50 | 재적재  8 | 정지 0.14 교착최장   8 | no_progress
Ep 38 |  4299스텝 | 배송 38/50 | 재적재  5 | 정지 0.17 교착최장  10 | no_progress
Ep 39 |  3791스텝 | 배송 43/50 | 재적재  7 | 정지 0.16 교착최장   8 | no_progress
Ep 40 |  4222스텝 | 배송 47/50 | 재적재  8 | 정지 0.10 교착최장  18 | no_progress
Ep 41 |  5473스텝 | 배송 44/50 | 재적재  8 | 정지 0.14 교착최장  16 | no_progress
Ep 42 |  6094스텝 | 배송 43/50 | 재적재  7 | 정지 0.18 교착최장  23 | no_progress
Ep 43 |  4316스텝 | 배송 45/50 | 재적재  8 | 정지 0.16 교착최장  16 | no_progress
Ep 44 |  4654스텝 | 배송 47/50 | 재적재  8 | 정지 0.13 교착최장  16 | no_progress
Ep 45 |  3729스텝 | 배송 46/50 | 재적재  9 | 정지 0.10 교착최장   9 | no_progress
Ep 46 |  2964스텝 | 배송 32/50 | 재적재  4 | 정지 0.17 교착최장   8 | no_progress
Ep 47 |  4379스텝 | 배송 44/50 | 재적재  7 | 정지 0.13 교착최장   5 | no_progress
Ep 48 |  3195스텝 | 배송 39/50 | 재적재  7 | 정지 0.15 교착최장   7 | no_progress
Ep 49 |  3599스텝 | 배송 40/50 | 재적재  7 | 정지 0.10 교착최장  10 | no_progress
Ep 50 |  3847스텝 | 배송 43/50 | 재적재  8 | 정지 0.09 교착최장   8 | no_progress
  [홀드아웃] 배송 13.9±10.9 재적재 1.1 2홉+ 0.33 | 최고 13.9@ep50 정체 0/15  ← 갱신
Ep 51 |  5267스텝 | 배송 41/50 | 재적재  7 | 정지 0.19 교착최장  35 | no_progress
Ep 52 |  4773스텝 | 배송 45/50 | 재적재  8 | 정지 0.15 교착최장  19 | no_progress
Ep 53 |  4219스텝 | 배송 42/50 | 재적재  7 | 정지 0.15 교착최장  15 | no_progress
Ep 54 |  4609스텝 | 배송 41/50 | 재적재  6 | 정지 0.26 교착최장  23 | no_progress
Ep 55 |  2148스텝 | 배송 31/50 | 재적재  5 | 정지 0.23 교착최장  56 | no_progress
Ep 56 |  4020스텝 | 배송 41/50 | 재적재  8 | 정지 0.13 교착최장   7 | no_progress
Ep 57 |  4008스텝 | 배송 44/50 | 재적재  8 | 정지 0.13 교착최장  11 | no_progress
Ep 58 |  5273스텝 | 배송 45/50 | 재적재  7 | 정지 0.20 교착최장  20 | no_progress
Ep 59 |  4378스텝 | 배송 44/50 | 재적재  8 | 정지 0.14 교착최장  14 | no_progress
Ep 60 |  2568스텝 | 배송 28/50 | 재적재  4 | 정지 0.13 교착최장  13 | no_progress
Ep 61 |  4390스텝 | 배송 44/50 | 재적재  8 | 정지 0.13 교착최장  19 | no_progress
Ep 62 |  3740스텝 | 배송 41/50 | 재적재  7 | 정지 0.20 교착최장  14 | no_progress
Ep 63 |  6558스텝 | 배송 46/50 | 재적재  8 | 정지 0.15 교착최장  19 | no_progress
Ep 64 |  5204스텝 | 배송 44/50 | 재적재  8 | 정지 0.15 교착최장  64 | no_progress
Ep 65 |  3868스텝 | 배송 45/50 | 재적재  8 | 정지 0.10 교착최장   8 | no_progress
Ep 66 |  4147스텝 | 배송 43/50 | 재적재  8 | 정지 0.09 교착최장  14 | no_progress
Ep 67 |  5491스텝 | 배송 49/50 | 재적재  8 | 정지 0.20 교착최장  33 | no_progress
Ep 68 |  5933스텝 | 배송 50/50 | 재적재  8 | 정지 0.23 교착최장  17 | complete
Ep 69 |  3343스텝 | 배송 43/50 | 재적재  7 | 정지 0.19 교착최장  20 | no_progress
Ep 70 |  6953스텝 | 배송 48/50 | 재적재  7 | 정지 0.22 교착최장  34 | no_progress
Ep 71 |  5009스텝 | 배송 41/50 | 재적재  7 | 정지 0.23 교착최장  80 | no_progress
Ep 72 |  4739스텝 | 배송 44/50 | 재적재  8 | 정지 0.15 교착최장  11 | no_progress
Ep 73 |  5084스텝 | 배송 47/50 | 재적재  8 | 정지 0.19 교착최장 100 | deadlock
Ep 74 |  4785스텝 | 배송 45/50 | 재적재  7 | 정지 0.18 교착최장  25 | no_progress
Ep 75 |  4161스텝 | 배송 44/50 | 재적재  7 | 정지 0.16 교착최장  15 | no_progress
Ep 76 |  3260스텝 | 배송 40/50 | 재적재  7 | 정지 0.22 교착최장  43 | no_progress
Ep 77 |  4163스텝 | 배송 46/50 | 재적재  7 | 정지 0.12 교착최장  15 | no_progress
Ep 78 |  3837스텝 | 배송 41/50 | 재적재  6 | 정지 0.24 교착최장  28 | no_progress
Ep 79 |  5769스텝 | 배송 48/50 | 재적재  8 | 정지 0.22 교착최장  94 | no_progress
Ep 80 |  3739스텝 | 배송 43/50 | 재적재  7 | 정지 0.17 교착최장  17 | no_progress
Ep 81 |  3319스텝 | 배송 40/50 | 재적재  6 | 정지 0.16 교착최장  21 | no_progress
Ep 82 |  3699스텝 | 배송 44/50 | 재적재  8 | 정지 0.11 교착최장   7 | no_progress
Ep 83 |  4590스텝 | 배송 45/50 | 재적재  7 | 정지 0.14 교착최장  24 | no_progress
Ep 84 |  4766스텝 | 배송 43/50 | 재적재  8 | 정지 0.21 교착최장  20 | no_progress
Ep 85 |  3186스텝 | 배송 44/50 | 재적재  8 | 정지 0.14 교착최장  10 | no_progress
Ep 86 |  3313스텝 | 배송 39/50 | 재적재  7 | 정지 0.15 교착최장  22 | no_progress
Ep 87 |  3860스텝 | 배송 44/50 | 재적재  7 | 정지 0.18 교착최장  98 | no_progress
Ep 88 |  2502스텝 | 배송 33/50 | 재적재  5 | 정지 0.12 교착최장   9 | no_progress
Ep 89 |  2929스텝 | 배송 33/50 | 재적재  5 | 정지 0.21 교착최장  27 | no_progress
Ep 90 |  4856스텝 | 배송 46/50 | 재적재  7 | 정지 0.18 교착최장  11 | no_progress
Ep 91 |  5431스텝 | 배송 46/50 | 재적재  8 | 정지 0.13 교착최장  15 | no_progress
Ep 92 |  3472스텝 | 배송 36/50 | 재적재  5 | 정지 0.14 교착최장  16 | no_progress
Ep 93 |  6228스텝 | 배송 50/50 | 재적재  8 | 정지 0.24 교착최장  32 | complete
Ep 94 |  3900스텝 | 배송 45/50 | 재적재  8 | 정지 0.12 교착최장  18 | no_progress
Ep 95 |  4192스텝 | 배송 40/50 | 재적재  5 | 정지 0.20 교착최장  18 | no_progress
Ep 96 |  2955스텝 | 배송 34/50 | 재적재  5 | 정지 0.17 교착최장  27 | no_progress
Ep 97 |  2978스텝 | 배송 35/50 | 재적재  6 | 정지 0.16 교착최장   8 | no_progress
Ep 98 |  4327스텝 | 배송 43/50 | 재적재  7 | 정지 0.22 교착최장  16 | no_progress
Ep 99 |  4057스텝 | 배송 40/50 | 재적재  6 | 정지 0.19 교착최장  37 | no_progress
Ep 100 |  5509스텝 | 배송 46/50 | 재적재  8 | 정지 0.15 교착최장  13 | no_progress
  [홀드아웃] 배송 21.4±12.0 재적재 2.2 2홉+ 0.38 | 최고 21.4@ep100 정체 0/15  ← 갱신
Ep 101 |  5954스텝 | 배송 45/50 | 재적재  7 | 정지 0.17 교착최장  33 | no_progress
Ep 102 |  2764스텝 | 배송 39/50 | 재적재  7 | 정지 0.10 교착최장   5 | no_progress
Ep 103 |  2876스텝 | 배송 36/50 | 재적재  7 | 정지 0.14 교착최장  13 | no_progress
Ep 104 |  4662스텝 | 배송 42/50 | 재적재  6 | 정지 0.21 교착최장  29 | no_progress
Ep 105 |  2917스텝 | 배송 38/50 | 재적재  5 | 정지 0.29 교착최장  59 | no_progress
Ep 106 |  4508스텝 | 배송 41/50 | 재적재  7 | 정지 0.22 교착최장  45 | no_progress
Ep 107 |  5729스텝 | 배송 45/50 | 재적재  8 | 정지 0.11 교착최장  14 | no_progress
Ep 108 |  3548스텝 | 배송 41/50 | 재적재  6 | 정지 0.19 교착최장  17 | no_progress
Ep 109 |  5325스텝 | 배송 45/50 | 재적재  8 | 정지 0.13 교착최장  13 | no_progress
Ep 110 |  4309스텝 | 배송 34/50 | 재적재  5 | 정지 0.16 교착최장  18 | no_progress
Ep 111 |  5048스텝 | 배송 45/50 | 재적재  9 | 정지 0.11 교착최장  12 | no_progress
Ep 112 |  2723스텝 | 배송 38/50 | 재적재  6 | 정지 0.12 교착최장   9 | no_progress
Ep 113 |  2354스텝 | 배송 31/50 | 재적재  4 | 정지 0.16 교착최장  12 | no_progress
Ep 114 |  3792스텝 | 배송 40/50 | 재적재  6 | 정지 0.14 교착최장  27 | no_progress
Ep 115 |  5599스텝 | 배송 40/50 | 재적재  8 | 정지 0.16 교착최장   9 | no_progress
Ep 116 |  3178스텝 | 배송 35/50 | 재적재  5 | 정지 0.16 교착최장  15 | no_progress
Ep 117 |  3845스텝 | 배송 43/50 | 재적재  7 | 정지 0.14 교착최장  14 | no_progress
Ep 118 |  4635스텝 | 배송 43/50 | 재적재  8 | 정지 0.16 교착최장  66 | no_progress
Ep 119 |  5490스텝 | 배송 42/50 | 재적재  8 | 정지 0.12 교착최장   8 | no_progress
Ep 120 |  6084스텝 | 배송 45/50 | 재적재  8 | 정지 0.14 교착최장  15 | no_progress
Ep 121 |  5093스텝 | 배송 43/50 | 재적재  8 | 정지 0.16 교착최장  33 | no_progress
Ep 122 |  3059스텝 | 배송 37/50 | 재적재  7 | 정지 0.14 교착최장  16 | no_progress
Ep 123 |  4419스텝 | 배송 43/50 | 재적재  8 | 정지 0.24 교착최장  24 | no_progress
Ep 124 |  3086스텝 | 배송 31/50 | 재적재  4 | 정지 0.12 교착최장  11 | no_progress
Ep 125 |  5376스텝 | 배송 45/50 | 재적재  8 | 정지 0.16 교착최장  29 | no_progress
Ep 126 |  5154스텝 | 배송 44/50 | 재적재  8 | 정지 0.16 교착최장  18 | no_progress
Ep 127 |  4511스텝 | 배송 38/50 | 재적재  6 | 정지 0.21 교착최장  14 | no_progress
Ep 128 |  2961스텝 | 배송 38/50 | 재적재  6 | 정지 0.14 교착최장  13 | no_progress
Ep 129 |  3637스텝 | 배송 29/50 | 재적재  4 | 정지 0.12 교착최장   8 | no_progress
Ep 130 |  4195스텝 | 배송 39/50 | 재적재  6 | 정지 0.12 교착최장   8 | no_progress
Ep 131 |  5775스텝 | 배송 47/50 | 재적재  9 | 정지 0.12 교착최장  31 | no_progress
Ep 132 |  5775스텝 | 배송 43/50 | 재적재  7 | 정지 0.21 교착최장  33 | no_progress
Ep 133 |  3485스텝 | 배송 44/50 | 재적재  8 | 정지 0.13 교착최장  15 | no_progress
Ep 134 |  4075스텝 | 배송 39/50 | 재적재  5 | 정지 0.15 교착최장  10 | no_progress
Ep 135 |  2940스텝 | 배송 39/50 | 재적재  7 | 정지 0.13 교착최장   8 | no_progress
Ep 136 |  6287스텝 | 배송 45/50 | 재적재  8 | 정지 0.16 교착최장  14 | no_progress
Ep 137 |  7000스텝 | 배송 43/50 | 재적재  8 | 정지 0.14 교착최장  19 | no_progress
Ep 138 |  5704스텝 | 배송 42/50 | 재적재  7 | 정지 0.16 교착최장  15 | no_progress
Ep 139 |  4553스텝 | 배송 44/50 | 재적재  8 | 정지 0.18 교착최장  17 | no_progress
Ep 140 |  4546스텝 | 배송 44/50 | 재적재  8 | 정지 0.20 교착최장  16 | no_progress
Ep 141 |  5360스텝 | 배송 40/50 | 재적재  6 | 정지 0.15 교착최장  33 | no_progress
Ep 142 |  3919스텝 | 배송 41/50 | 재적재  8 | 정지 0.13 교착최장   7 | no_progress
Ep 143 |  5018스텝 | 배송 38/50 | 재적재  5 | 정지 0.14 교착최장  26 | no_progress
Ep 144 |  5494스텝 | 배송 45/50 | 재적재  8 | 정지 0.12 교착최장  21 | no_progress
Ep 145 |  5797스텝 | 배송 46/50 | 재적재  7 | 정지 0.20 교착최장  18 | no_progress
Ep 146 |  5014스텝 | 배송 38/50 | 재적재  6 | 정지 0.17 교착최장  23 | no_progress
Ep 147 |  4526스텝 | 배송 45/50 | 재적재  6 | 정지 0.22 교착최장  68 | no_progress
Ep 148 |  3936스텝 | 배송 40/50 | 재적재  6 | 정지 0.16 교착최장  17 | no_progress
Ep 149 |  6822스텝 | 배송 43/50 | 재적재  8 | 정지 0.12 교착최장  11 | no_progress
Ep 150 |  3268스텝 | 배송 40/50 | 재적재  6 | 정지 0.16 교착최장  14 | no_progress
  [홀드아웃] 배송 25.4±9.9 재적재 2.8 2홉+ 0.50 | 최고 25.4@ep150 정체 0/15  ← 갱신
Ep 151 |  5651스텝 | 배송 43/50 | 재적재  7 | 정지 0.21 교착최장  19 | no_progress
Ep 152 |  2638스텝 | 배송 29/50 | 재적재  5 | 정지 0.20 교착최장  21 | no_progress
Ep 153 |  2600스텝 | 배송 34/50 | 재적재  5 | 정지 0.23 교착최장   9 | no_progress
Ep 154 |  4452스텝 | 배송 42/50 | 재적재  7 | 정지 0.16 교착최장  36 | no_progress
Ep 155 |  3241스텝 | 배송 39/50 | 재적재  6 | 정지 0.15 교착최장  15 | no_progress
Ep 156 |  3236스텝 | 배송 39/50 | 재적재  6 | 정지 0.14 교착최장  15 | no_progress
Ep 157 |  3657스텝 | 배송 39/50 | 재적재  7 | 정지 0.11 교착최장  14 | no_progress
Ep 158 |  5868스텝 | 배송 42/50 | 재적재  6 | 정지 0.14 교착최장  13 | no_progress
Ep 159 |  2835스텝 | 배송 35/50 | 재적재  5 | 정지 0.14 교착최장  24 | no_progress
Ep 160 |  4853스텝 | 배송 42/50 | 재적재  6 | 정지 0.25 교착최장  35 | no_progress
Ep 161 |  4090스텝 | 배송 36/50 | 재적재  6 | 정지 0.16 교착최장  25 | no_progress
Ep 162 |  4579스텝 | 배송 42/50 | 재적재  8 | 정지 0.10 교착최장   9 | no_progress
Ep 163 |  4842스텝 | 배송 42/50 | 재적재  7 | 정지 0.13 교착최장  12 | no_progress
Ep 164 |  3800스텝 | 배송 35/50 | 재적재  5 | 정지 0.18 교착최장  17 | no_progress
Ep 165 |  3333스텝 | 배송 35/50 | 재적재  5 | 정지 0.15 교착최장  20 | no_progress
Ep 166 |  4092스텝 | 배송 41/50 | 재적재  8 | 정지 0.13 교착최장  12 | no_progress
Ep 167 |  3679스텝 | 배송 40/50 | 재적재  6 | 정지 0.18 교착최장 100 | deadlock
Ep 168 |  4637스텝 | 배송 40/50 | 재적재  6 | 정지 0.16 교착최장  11 | no_progress
Ep 169 |  4759스텝 | 배송 46/50 | 재적재  8 | 정지 0.18 교착최장  18 | no_progress
Ep 170 |  4638스텝 | 배송 44/50 | 재적재  8 | 정지 0.11 교착최장  10 | no_progress
Ep 171 |  5469스텝 | 배송 43/50 | 재적재  7 | 정지 0.32 교착최장  83 | no_progress
Ep 172 |  4429스텝 | 배송 43/50 | 재적재  8 | 정지 0.14 교착최장  13 | no_progress
Ep 173 |  4567스텝 | 배송 46/50 | 재적재  8 | 정지 0.11 교착최장  15 | no_progress
Ep 174 |  4587스텝 | 배송 45/50 | 재적재  7 | 정지 0.13 교착최장   9 | no_progress
Ep 175 |  5180스텝 | 배송 42/50 | 재적재  7 | 정지 0.15 교착최장  18 | no_progress
Ep 176 |  4968스텝 | 배송 41/50 | 재적재  7 | 정지 0.25 교착최장  87 | no_progress
Ep 177 |  4331스텝 | 배송 37/50 | 재적재  5 | 정지 0.14 교착최장  18 | no_progress
Ep 178 |  2637스텝 | 배송 30/50 | 재적재  5 | 정지 0.13 교착최장  11 | no_progress
Ep 179 |  5390스텝 | 배송 40/50 | 재적재  6 | 정지 0.16 교착최장  11 | no_progress
Ep 180 |  4729스텝 | 배송 40/50 | 재적재  6 | 정지 0.24 교착최장  36 | no_progress
Ep 181 |  3968스텝 | 배송 37/50 | 재적재  5 | 정지 0.13 교착최장  19 | no_progress
Ep 182 |  2835스텝 | 배송 28/50 | 재적재  4 | 정지 0.13 교착최장  15 | no_progress
Ep 183 |  2943스텝 | 배송 34/50 | 재적재  5 | 정지 0.12 교착최장  13 | no_progress
Ep 184 |  3288스텝 | 배송 31/50 | 재적재  5 | 정지 0.10 교착최장  13 | no_progress
Ep 185 |  5206스텝 | 배송 41/50 | 재적재  7 | 정지 0.16 교착최장   9 | no_progress
Ep 186 |  3818스텝 | 배송 36/50 | 재적재  5 | 정지 0.10 교착최장  14 | no_progress
Ep 187 |  4849스텝 | 배송 41/50 | 재적재  7 | 정지 0.13 교착최장  32 | no_progress
Ep 188 |  4974스텝 | 배송 36/50 | 재적재  6 | 정지 0.14 교착최장  11 | no_progress
Ep 189 |  4456스텝 | 배송 35/50 | 재적재  5 | 정지 0.15 교착최장  17 | no_progress
Ep 190 |  2902스텝 | 배송 30/50 | 재적재  4 | 정지 0.22 교착최장  15 | no_progress
Ep 191 |  4586스텝 | 배송 32/50 | 재적재  4 | 정지 0.21 교착최장  77 | no_progress
Ep 192 |  5916스텝 | 배송 44/50 | 재적재  8 | 정지 0.18 교착최장  25 | no_progress
Ep 193 |  4086스텝 | 배송 43/50 | 재적재  7 | 정지 0.14 교착최장  19 | no_progress
Ep 194 |  5781스텝 | 배송 46/50 | 재적재  8 | 정지 0.16 교착최장  46 | no_progress
Ep 195 |  6815스텝 | 배송 43/50 | 재적재  8 | 정지 0.19 교착최장  27 | no_progress
Ep 196 |  5985스텝 | 배송 42/50 | 재적재  6 | 정지 0.25 교착최장 100 | deadlock
Ep 197 |  5368스텝 | 배송 43/50 | 재적재  7 | 정지 0.19 교착최장  22 | no_progress
Ep 198 |  3902스텝 | 배송 43/50 | 재적재  8 | 정지 0.19 교착최장  32 | no_progress
Ep 199 |  4692스텝 | 배송 37/50 | 재적재  5 | 정지 0.14 교착최장  22 | no_progress
Ep 200 |  4768스텝 | 배송 42/50 | 재적재  6 | 정지 0.17 교착최장  21 | no_progress
  [홀드아웃] 배송 19.4±5.4 재적재 1.5 2홉+ 0.49 | 최고 25.4@ep150 정체 1/15
Ep 201 |  4308스텝 | 배송 44/50 | 재적재  8 | 정지 0.12 교착최장  12 | no_progress
Ep 202 |  4567스텝 | 배송 43/50 | 재적재  7 | 정지 0.19 교착최장  15 | no_progress
Ep 203 |  4693스텝 | 배송 42/50 | 재적재  5 | 정지 0.15 교착최장  11 | no_progress
Ep 204 |  3811스텝 | 배송 41/50 | 재적재  6 | 정지 0.18 교착최장  90 | no_progress
Ep 205 |  3033스텝 | 배송 40/50 | 재적재  6 | 정지 0.16 교착최장  10 | no_progress
Ep 206 |  5831스텝 | 배송 43/50 | 재적재  7 | 정지 0.12 교착최장  24 | no_progress
Ep 207 |  4168스텝 | 배송 35/50 | 재적재  4 | 정지 0.18 교착최장 100 | deadlock
Ep 208 |  3523스텝 | 배송 35/50 | 재적재  6 | 정지 0.18 교착최장  15 | no_progress
Ep 209 |  6893스텝 | 배송 45/50 | 재적재  7 | 정지 0.26 교착최장  75 | no_progress
Ep 210 |  4547스텝 | 배송 40/50 | 재적재  7 | 정지 0.12 교착최장   7 | no_progress
Ep 211 |  3690스텝 | 배송 40/50 | 재적재  6 | 정지 0.16 교착최장   8 | no_progress
Ep 212 |  4384스텝 | 배송 41/50 | 재적재  7 | 정지 0.21 교착최장  13 | no_progress
Ep 213 |  2950스텝 | 배송 35/50 | 재적재  6 | 정지 0.12 교착최장  12 | no_progress
Ep 214 |  5130스텝 | 배송 41/50 | 재적재  5 | 정지 0.17 교착최장  11 | no_progress
Ep 215 |  1797스텝 | 배송 24/50 | 재적재  3 | 정지 0.22 교착최장   8 | no_progress
Ep 216 |  5003스텝 | 배송 36/50 | 재적재  5 | 정지 0.10 교착최장  17 | no_progress
Ep 217 |  3265스텝 | 배송 32/50 | 재적재  5 | 정지 0.12 교착최장   8 | no_progress
Ep 218 |  2928스텝 | 배송 39/50 | 재적재  6 | 정지 0.22 교착최장  11 | no_progress
Ep 219 |  4416스텝 | 배송 44/50 | 재적재  7 | 정지 0.14 교착최장  11 | no_progress
Ep 220 |  5136스텝 | 배송 39/50 | 재적재  7 | 정지 0.12 교착최장  10 | no_progress
Ep 221 |  4867스텝 | 배송 47/50 | 재적재  8 | 정지 0.14 교착최장  15 | no_progress
Ep 222 |  3931스텝 | 배송 43/50 | 재적재  7 | 정지 0.18 교착최장  24 | no_progress
Ep 223 |  6302스텝 | 배송 43/50 | 재적재  7 | 정지 0.18 교착최장  70 | no_progress
Ep 224 |  5033스텝 | 배송 43/50 | 재적재  7 | 정지 0.14 교착최장  55 | no_progress
Ep 225 |  5162스텝 | 배송 44/50 | 재적재  7 | 정지 0.14 교착최장  20 | no_progress
Ep 226 |   476스텝 | 배송 12/50 | 재적재  0 | 정지 0.42 교착최장 100 | deadlock
Ep 227 |  4927스텝 | 배송 46/50 | 재적재  7 | 정지 0.26 교착최장  40 | no_progress
Ep 228 |  1135스텝 | 배송  8/50 | 재적재  0 | 정지 0.14 교착최장   4 | no_progress
Ep 229 |  4460스텝 | 배송 44/50 | 재적재  8 | 정지 0.10 교착최장  14 | no_progress
Ep 230 |  3639스텝 | 배송 40/50 | 재적재  7 | 정지 0.10 교착최장   8 | no_progress
Ep 231 |  5608스텝 | 배송 40/50 | 재적재  7 | 정지 0.18 교착최장  25 | no_progress
Ep 232 |  6095스텝 | 배송 45/50 | 재적재  8 | 정지 0.20 교착최장  59 | no_progress
Ep 233 |  2627스텝 | 배송 35/50 | 재적재  6 | 정지 0.14 교착최장  18 | no_progress
Ep 234 |  5340스텝 | 배송 39/50 | 재적재  6 | 정지 0.18 교착최장  14 | no_progress
Ep 235 |  4617스텝 | 배송 42/50 | 재적재  6 | 정지 0.18 교착최장  27 | no_progress
Ep 236 |  2492스텝 | 배송 29/50 | 재적재  4 | 정지 0.10 교착최장   6 | no_progress
Ep 237 |  4908스텝 | 배송 43/50 | 재적재  8 | 정지 0.14 교착최장  12 | no_progress
Ep 238 |  4506스텝 | 배송 46/50 | 재적재  7 | 정지 0.22 교착최장  41 | no_progress
Ep 239 |  6061스텝 | 배송 46/50 | 재적재  7 | 정지 0.15 교착최장  13 | no_progress
Ep 240 |  6067스텝 | 배송 45/50 | 재적재  8 | 정지 0.16 교착최장  28 | no_progress
Ep 241 |  4768스텝 | 배송 38/50 | 재적재  6 | 정지 0.13 교착최장  10 | no_progress
Ep 242 |  2776스텝 | 배송 37/50 | 재적재  6 | 정지 0.10 교착최장  13 | no_progress
Ep 243 |  4676스텝 | 배송 43/50 | 재적재  8 | 정지 0.11 교착최장  10 | no_progress
Ep 244 |  4305스텝 | 배송 44/50 | 재적재  8 | 정지 0.12 교착최장   7 | no_progress
Ep 245 |  4511스텝 | 배송 40/50 | 재적재  7 | 정지 0.10 교착최장  10 | no_progress
Ep 246 |  5084스텝 | 배송 33/50 | 재적재  4 | 정지 0.15 교착최장  14 | no_progress
Ep 247 |  4985스텝 | 배송 44/50 | 재적재  7 | 정지 0.12 교착최장  16 | no_progress
Ep 248 |  4584스텝 | 배송 40/50 | 재적재  6 | 정지 0.30 교착최장  57 | no_progress
Ep 249 |  6170스텝 | 배송 42/50 | 재적재  7 | 정지 0.16 교착최장  43 | no_progress
Ep 250 |  5214스텝 | 배송 46/50 | 재적재  7 | 정지 0.15 교착최장  31 | no_progress
  [홀드아웃] 배송 18.8±7.6 재적재 1.8 2홉+ 0.47 | 최고 25.4@ep150 정체 2/15
Ep 251 |  7431스텝 | 배송 45/50 | 재적재  7 | 정지 0.15 교착최장  26 | no_progress
Ep 252 |  5886스텝 | 배송 44/50 | 재적재  7 | 정지 0.24 교착최장  57 | no_progress
Ep 253 |  5701스텝 | 배송 43/50 | 재적재  6 | 정지 0.17 교착최장  36 | no_progress
Ep 254 |  4662스텝 | 배송 43/50 | 재적재  7 | 정지 0.17 교착최장  34 | no_progress
Ep 255 |  2768스텝 | 배송 31/50 | 재적재  5 | 정지 0.29 교착최장  32 | no_progress
Ep 256 |  4876스텝 | 배송 43/50 | 재적재  6 | 정지 0.24 교착최장  96 | no_progress
Ep 257 |  3066스텝 | 배송 34/50 | 재적재  5 | 정지 0.24 교착최장  37 | no_progress
Ep 258 |  4781스텝 | 배송 40/50 | 재적재  6 | 정지 0.15 교착최장   9 | no_progress
Ep 259 |  4465스텝 | 배송 46/50 | 재적재  8 | 정지 0.13 교착최장  17 | no_progress
Ep 260 |  5469스텝 | 배송 44/50 | 재적재  8 | 정지 0.17 교착최장  28 | no_progress
Ep 261 |  4527스텝 | 배송 37/50 | 재적재  5 | 정지 0.23 교착최장  42 | no_progress
Ep 262 |  4980스텝 | 배송 45/50 | 재적재  8 | 정지 0.19 교착최장  94 | no_progress
Ep 263 |  2644스텝 | 배송 33/50 | 재적재  4 | 정지 0.15 교착최장   8 | no_progress
Ep 264 |  1499스텝 | 배송 15/50 | 재적재  0 | 정지 0.07 교착최장   4 | no_progress
Ep 265 |  4867스텝 | 배송 45/50 | 재적재  6 | 정지 0.25 교착최장  42 | no_progress
Ep 266 |  3910스텝 | 배송 35/50 | 재적재  4 | 정지 0.19 교착최장  14 | no_progress
Ep 267 |  4789스텝 | 배송 44/50 | 재적재  7 | 정지 0.14 교착최장  28 | no_progress
Ep 268 |  7634스텝 | 배송 48/50 | 재적재  8 | 정지 0.15 교착최장  15 | no_progress
Ep 269 |  4117스텝 | 배송 41/50 | 재적재  6 | 정지 0.17 교착최장  12 | no_progress
Ep 270 |  2154스텝 | 배송 30/50 | 재적재  4 | 정지 0.14 교착최장  10 | no_progress
Ep 271 |  4402스텝 | 배송 43/50 | 재적재  6 | 정지 0.22 교착최장  34 | no_progress
Ep 272 |  4075스텝 | 배송 38/50 | 재적재  5 | 정지 0.17 교착최장  23 | no_progress
Ep 273 |  6835스텝 | 배송 43/50 | 재적재  7 | 정지 0.20 교착최장  20 | no_progress
Ep 274 |  3899스텝 | 배송 41/50 | 재적재  7 | 정지 0.17 교착최장  10 | no_progress
Ep 275 |  4799스텝 | 배송 41/50 | 재적재  7 | 정지 0.11 교착최장  15 | no_progress
Ep 276 |  3552스텝 | 배송 31/50 | 재적재  4 | 정지 0.14 교착최장  19 | no_progress
Ep 277 |  4441스텝 | 배송 45/50 | 재적재  8 | 정지 0.15 교착최장  20 | no_progress
Ep 278 |  3592스텝 | 배송 40/50 | 재적재  7 | 정지 0.19 교착최장  12 | no_progress
Ep 279 |  3778스텝 | 배송 39/50 | 재적재  7 | 정지 0.12 교착최장   6 | no_progress
Ep 280 |  5418스텝 | 배송 46/50 | 재적재  7 | 정지 0.17 교착최장 100 | deadlock
Ep 281 |  3667스텝 | 배송 43/50 | 재적재  7 | 정지 0.15 교착최장  13 | no_progress
Ep 282 |  3241스텝 | 배송 39/50 | 재적재  7 | 정지 0.15 교착최장  14 | no_progress
Ep 283 |  4221스텝 | 배송 42/50 | 재적재  6 | 정지 0.24 교착최장  50 | no_progress
Ep 284 |  4268스텝 | 배송 44/50 | 재적재  7 | 정지 0.16 교착최장  25 | no_progress
Ep 285 |  4731스텝 | 배송 39/50 | 재적재  7 | 정지 0.16 교착최장  33 | no_progress
Ep 286 |  4969스텝 | 배송 43/50 | 재적재  8 | 정지 0.20 교착최장  51 | no_progress
Ep 287 |  3483스텝 | 배송 41/50 | 재적재  7 | 정지 0.22 교착최장 100 | deadlock
Ep 288 |  4876스텝 | 배송 46/50 | 재적재  8 | 정지 0.22 교착최장  95 | no_progress
Ep 289 |  5316스텝 | 배송 43/50 | 재적재  7 | 정지 0.27 교착최장  39 | no_progress
Ep 290 |  5576스텝 | 배송 44/50 | 재적재  7 | 정지 0.12 교착최장  29 | no_progress
Ep 291 |  4837스텝 | 배송 43/50 | 재적재  7 | 정지 0.16 교착최장  12 | no_progress
Ep 292 |  3173스텝 | 배송 36/50 | 재적재  6 | 정지 0.14 교착최장  18 | no_progress
Ep 293 |  3203스텝 | 배송 34/50 | 재적재  6 | 정지 0.12 교착최장  13 | no_progress
Ep 294 |  3176스텝 | 배송 37/50 | 재적재  5 | 정지 0.17 교착최장  10 | no_progress
Ep 295 |  5332스텝 | 배송 45/50 | 재적재  8 | 정지 0.17 교착최장  46 | no_progress
Ep 296 |  4399스텝 | 배송 42/50 | 재적재  8 | 정지 0.13 교착최장  16 | no_progress
Ep 297 |  6195스텝 | 배송 40/50 | 재적재  7 | 정지 0.15 교착최장  16 | no_progress
Ep 298 |  3227스텝 | 배송 38/50 | 재적재  5 | 정지 0.15 교착최장  19 | no_progress
Ep 299 |  7508스텝 | 배송 40/50 | 재적재  6 | 정지 0.12 교착최장  18 | no_progress
Ep 300 |  7100스텝 | 배송 48/50 | 재적재  8 | 정지 0.23 교착최장  81 | no_progress
  [홀드아웃] 배송 18.4±4.1 재적재 1.8 2홉+ 0.41 | 최고 25.4@ep150 정체 3/15
Ep 301 |  3410스텝 | 배송 36/50 | 재적재  5 | 정지 0.12 교착최장  12 | no_progress
Ep 302 |  3899스텝 | 배송 41/50 | 재적재  6 | 정지 0.14 교착최장  27 | no_progress
Ep 303 |  3371스텝 | 배송 36/50 | 재적재  7 | 정지 0.13 교착최장  11 | no_progress
Ep 304 |  3300스텝 | 배송 37/50 | 재적재  4 | 정지 0.12 교착최장   9 | no_progress
Ep 305 |  4291스텝 | 배송 44/50 | 재적재  7 | 정지 0.12 교착최장  15 | no_progress
Ep 306 |  5004스텝 | 배송 44/50 | 재적재  8 | 정지 0.14 교착최장  17 | no_progress
Ep 307 |  4244스텝 | 배송 41/50 | 재적재  5 | 정지 0.18 교착최장  15 | no_progress
Ep 308 |  2155스텝 | 배송 30/50 | 재적재  5 | 정지 0.06 교착최장   6 | no_progress
Ep 309 |  3609스텝 | 배송 36/50 | 재적재  6 | 정지 0.15 교착최장  12 | no_progress
Ep 310 |  2176스텝 | 배송 32/50 | 재적재  5 | 정지 0.09 교착최장   8 | no_progress
Ep 311 |  3455스텝 | 배송 41/50 | 재적재  6 | 정지 0.19 교착최장  22 | no_progress
Ep 312 |  4809스텝 | 배송 36/50 | 재적재  6 | 정지 0.17 교착최장  22 | no_progress
Ep 313 |  4095스텝 | 배송 36/50 | 재적재  4 | 정지 0.15 교착최장  41 | no_progress
Ep 314 |  4953스텝 | 배송 38/50 | 재적재  6 | 정지 0.14 교착최장  10 | no_progress
Ep 315 |  4307스텝 | 배송 41/50 | 재적재  5 | 정지 0.20 교착최장  24 | no_progress
Ep 316 |  4415스텝 | 배송 40/50 | 재적재  7 | 정지 0.20 교착최장  51 | no_progress
Ep 317 |  4178스텝 | 배송 41/50 | 재적재  7 | 정지 0.13 교착최장   8 | no_progress
Ep 318 |  2612스텝 | 배송 35/50 | 재적재  5 | 정지 0.15 교착최장   9 | no_progress
Ep 319 |  3686스텝 | 배송 37/50 | 재적재  6 | 정지 0.12 교착최장  15 | no_progress
Ep 320 |  6216스텝 | 배송 44/50 | 재적재  8 | 정지 0.17 교착최장  10 | no_progress
Ep 321 |  4216스텝 | 배송 43/50 | 재적재  7 | 정지 0.12 교착최장  24 | no_progress
Ep 322 |  2830스텝 | 배송 32/50 | 재적재  4 | 정지 0.10 교착최장  10 | no_progress
Ep 323 |  3006스텝 | 배송 39/50 | 재적재  6 | 정지 0.18 교착최장  25 | no_progress
Ep 324 |  4999스텝 | 배송 45/50 | 재적재  7 | 정지 0.14 교착최장  15 | no_progress
Ep 325 |  2430스텝 | 배송 36/50 | 재적재  6 | 정지 0.12 교착최장   7 | no_progress
Ep 326 |  5440스텝 | 배송 45/50 | 재적재  8 | 정지 0.15 교착최장  17 | no_progress
Ep 327 |  3608스텝 | 배송 34/50 | 재적재  5 | 정지 0.13 교착최장  10 | no_progress
Ep 328 |  3247스텝 | 배송 43/50 | 재적재  6 | 정지 0.20 교착최장  34 | no_progress
Ep 329 |  4488스텝 | 배송 44/50 | 재적재  7 | 정지 0.16 교착최장  11 | no_progress
Ep 330 |  3118스텝 | 배송 29/50 | 재적재  4 | 정지 0.19 교착최장  14 | no_progress
Ep 331 |  2391스텝 | 배송 32/50 | 재적재  4 | 정지 0.13 교착최장   8 | no_progress
Ep 332 |  4492스텝 | 배송 39/50 | 재적재  6 | 정지 0.16 교착최장  19 | no_progress
Ep 333 |  4044스텝 | 배송 43/50 | 재적재  8 | 정지 0.11 교착최장  19 | no_progress
Ep 334 |  2619스텝 | 배송 36/50 | 재적재  6 | 정지 0.13 교착최장   8 | no_progress
Ep 335 |  4280스텝 | 배송 41/50 | 재적재  6 | 정지 0.23 교착최장  17 | no_progress
Ep 336 |  3337스텝 | 배송 36/50 | 재적재  6 | 정지 0.14 교착최장   6 | no_progress
Ep 337 |  4065스텝 | 배송 43/50 | 재적재  7 | 정지 0.22 교착최장  35 | no_progress
Ep 338 |  2806스텝 | 배송 38/50 | 재적재  5 | 정지 0.16 교착최장  25 | no_progress
Ep 339 |  5466스텝 | 배송 44/50 | 재적재  8 | 정지 0.13 교착최장  19 | no_progress
Ep 340 |  4449스텝 | 배송 43/50 | 재적재  7 | 정지 0.13 교착최장   9 | no_progress
Ep 341 |  3672스텝 | 배송 39/50 | 재적재  7 | 정지 0.11 교착최장  22 | no_progress
Ep 342 |  3410스텝 | 배송 36/50 | 재적재  6 | 정지 0.12 교착최장   7 | no_progress
Ep 343 |  3030스텝 | 배송 35/50 | 재적재  5 | 정지 0.13 교착최장  13 | no_progress
Ep 344 |  3693스텝 | 배송 45/50 | 재적재  7 | 정지 0.18 교착최장  26 | no_progress
Ep 345 |  3602스텝 | 배송 40/50 | 재적재  6 | 정지 0.13 교착최장  14 | no_progress
Ep 346 |  4592스텝 | 배송 39/50 | 재적재  6 | 정지 0.14 교착최장  16 | no_progress
Ep 347 |  1719스텝 | 배송 20/50 | 재적재  3 | 정지 0.11 교착최장  10 | no_progress
Ep 348 |  3779스텝 | 배송 44/50 | 재적재  6 | 정지 0.27 교착최장  74 | no_progress
Ep 349 |  4275스텝 | 배송 41/50 | 재적재  7 | 정지 0.18 교착최장  12 | no_progress
Ep 350 |  4179스텝 | 배송 43/50 | 재적재  8 | 정지 0.11 교착최장  38 | no_progress
  [홀드아웃] 배송 19.4±6.7 재적재 1.6 2홉+ 0.46 | 최고 25.4@ep150 정체 4/15
Ep 351 |  3412스텝 | 배송 31/50 | 재적재  4 | 정지 0.19 교착최장  30 | no_progress
Ep 352 |  3478스텝 | 배송 43/50 | 재적재  6 | 정지 0.34 교착최장  65 | no_progress
Ep 353 |  5709스텝 | 배송 45/50 | 재적재  7 | 정지 0.18 교착최장  17 | no_progress
Ep 354 |  3499스텝 | 배송 39/50 | 재적재  6 | 정지 0.17 교착최장  10 | no_progress
Ep 355 |  4589스텝 | 배송 43/50 | 재적재  7 | 정지 0.13 교착최장  14 | no_progress
Ep 356 |  3526스텝 | 배송 38/50 | 재적재  6 | 정지 0.11 교착최장   9 | no_progress
Ep 357 |  3517스텝 | 배송 45/50 | 재적재  8 | 정지 0.12 교착최장  16 | no_progress
Ep 358 |  2248스텝 | 배송 33/50 | 재적재  5 | 정지 0.17 교착최장   8 | no_progress
Ep 359 |  4198스텝 | 배송 44/50 | 재적재  7 | 정지 0.19 교착최장  18 | no_progress
Ep 360 |  4642스텝 | 배송 39/50 | 재적재  7 | 정지 0.10 교착최장  39 | no_progress
Ep 361 |  3859스텝 | 배송 39/50 | 재적재  6 | 정지 0.15 교착최장   8 | no_progress
Ep 362 |  4490스텝 | 배송 41/50 | 재적재  6 | 정지 0.17 교착최장  16 | no_progress
Ep 363 |  3419스텝 | 배송 31/50 | 재적재  5 | 정지 0.17 교착최장   8 | no_progress
Ep 364 |  2857스텝 | 배송 35/50 | 재적재  6 | 정지 0.16 교착최장  19 | no_progress
Ep 365 |  3190스텝 | 배송 40/50 | 재적재  6 | 정지 0.11 교착최장  11 | no_progress
Ep 366 |  4247스텝 | 배송 33/50 | 재적재  5 | 정지 0.18 교착최장  18 | no_progress
Ep 367 |  2920스텝 | 배송 37/50 | 재적재  5 | 정지 0.15 교착최장  25 | no_progress
Ep 368 |  4849스텝 | 배송 39/50 | 재적재  6 | 정지 0.18 교착최장  95 | no_progress
Ep 369 |  4258스텝 | 배송 45/50 | 재적재  7 | 정지 0.20 교착최장  81 | no_progress
Ep 370 |  2939스텝 | 배송 32/50 | 재적재  5 | 정지 0.17 교착최장  31 | no_progress
Ep 371 |  2937스텝 | 배송 39/50 | 재적재  6 | 정지 0.11 교착최장  11 | no_progress
Ep 372 |  4379스텝 | 배송 37/50 | 재적재  5 | 정지 0.12 교착최장  23 | no_progress
Ep 373 |  4406스텝 | 배송 42/50 | 재적재  7 | 정지 0.18 교착최장 100 | deadlock
Ep 374 |  2384스텝 | 배송 34/50 | 재적재  6 | 정지 0.06 교착최장   8 | no_progress
Ep 375 |  2296스텝 | 배송 33/50 | 재적재  4 | 정지 0.13 교착최장  10 | no_progress
Ep 376 |  5571스텝 | 배송 40/50 | 재적재  6 | 정지 0.19 교착최장  53 | no_progress
Ep 377 |  2393스텝 | 배송 30/50 | 재적재  4 | 정지 0.12 교착최장   7 | no_progress
Ep 378 |  3572스텝 | 배송 38/50 | 재적재  6 | 정지 0.13 교착최장   6 | no_progress
Ep 379 |  2496스텝 | 배송 33/50 | 재적재  4 | 정지 0.14 교착최장  11 | no_progress
Ep 380 |  3328스텝 | 배송 38/50 | 재적재  6 | 정지 0.14 교착최장   8 | no_progress
Ep 381 |  1961스텝 | 배송 31/50 | 재적재  4 | 정지 0.05 교착최장   9 | no_progress
Ep 382 |  3277스텝 | 배송 36/50 | 재적재  5 | 정지 0.20 교착최장  28 | no_progress
Ep 383 |  3240스텝 | 배송 34/50 | 재적재  5 | 정지 0.12 교착최장  12 | no_progress
Ep 384 |  4881스텝 | 배송 41/50 | 재적재  5 | 정지 0.18 교착최장  18 | no_progress
Ep 385 |  4046스텝 | 배송 36/50 | 재적재  5 | 정지 0.13 교착최장  18 | no_progress
Ep 386 |  5221스텝 | 배송 44/50 | 재적재  7 | 정지 0.11 교착최장  19 | no_progress
Ep 387 |  6255스텝 | 배송 45/50 | 재적재  8 | 정지 0.14 교착최장  63 | no_progress
Ep 388 |  2837스텝 | 배송 32/50 | 재적재  6 | 정지 0.14 교착최장   9 | no_progress
Ep 389 |  5096스텝 | 배송 41/50 | 재적재  7 | 정지 0.13 교착최장  31 | no_progress
Ep 390 |  4370스텝 | 배송 42/50 | 재적재  7 | 정지 0.23 교착최장 100 | deadlock
Ep 391 |  3866스텝 | 배송 35/50 | 재적재  5 | 정지 0.14 교착최장  10 | no_progress
Ep 392 |  2448스텝 | 배송 36/50 | 재적재  6 | 정지 0.11 교착최장   8 | no_progress
Ep 393 |  4451스텝 | 배송 35/50 | 재적재  6 | 정지 0.11 교착최장  12 | no_progress
Ep 394 |  3737스텝 | 배송 37/50 | 재적재  5 | 정지 0.19 교착최장  14 | no_progress
Ep 395 |  3868스텝 | 배송 39/50 | 재적재  6 | 정지 0.20 교착최장  13 | no_progress
Ep 396 |  3030스텝 | 배송 33/50 | 재적재  5 | 정지 0.09 교착최장   7 | no_progress
Ep 397 |  3133스텝 | 배송 40/50 | 재적재  6 | 정지 0.15 교착최장  11 | no_progress
Ep 398 |  3278스텝 | 배송 40/50 | 재적재  6 | 정지 0.17 교착최장  18 | no_progress
Ep 399 |  3663스텝 | 배송 39/50 | 재적재  6 | 정지 0.20 교착최장  17 | no_progress
Ep 400 |  3099스텝 | 배송 40/50 | 재적재  7 | 정지 0.17 교착최장  66 | no_progress
  [홀드아웃] 배송 23.9±4.5 재적재 2.8 2홉+ 0.37 | 최고 25.4@ep150 정체 5/15
Ep 401 |  4476스텝 | 배송 42/50 | 재적재  7 | 정지 0.14 교착최장  26 | no_progress
Ep 402 |  2758스텝 | 배송 32/50 | 재적재  6 | 정지 0.25 교착최장  20 | no_progress
Ep 403 |  2493스텝 | 배송 33/50 | 재적재  4 | 정지 0.17 교착최장  19 | no_progress
Ep 404 |  3642스텝 | 배송 41/50 | 재적재  7 | 정지 0.21 교착최장  29 | no_progress
Ep 405 |  3118스텝 | 배송 39/50 | 재적재  5 | 정지 0.15 교착최장  11 | no_progress
Ep 406 |  3998스텝 | 배송 41/50 | 재적재  7 | 정지 0.17 교착최장 100 | deadlock
Ep 407 |  3321스텝 | 배송 43/50 | 재적재  7 | 정지 0.21 교착최장 100 | deadlock
Ep 408 |  3252스텝 | 배송 36/50 | 재적재  6 | 정지 0.14 교착최장  11 | no_progress
Ep 409 |  2382스텝 | 배송 34/50 | 재적재  5 | 정지 0.13 교착최장  15 | no_progress
Ep 410 |  3785스텝 | 배송 34/50 | 재적재  5 | 정지 0.16 교착최장  12 | no_progress
Ep 411 |  4452스텝 | 배송 40/50 | 재적재  6 | 정지 0.28 교착최장  54 | no_progress
Ep 412 |  4458스텝 | 배송 38/50 | 재적재  6 | 정지 0.18 교착최장  11 | no_progress
Ep 413 |  5401스텝 | 배송 43/50 | 재적재  8 | 정지 0.21 교착최장  18 | no_progress
Ep 414 |  3906스텝 | 배송 37/50 | 재적재  6 | 정지 0.16 교착최장  54 | no_progress
Ep 415 |  3367스텝 | 배송 34/50 | 재적재  6 | 정지 0.08 교착최장   8 | no_progress
Ep 416 |  3337스텝 | 배송 40/50 | 재적재  6 | 정지 0.17 교착최장   9 | no_progress
Ep 417 |  7527스텝 | 배송 44/50 | 재적재  6 | 정지 0.21 교착최장  19 | no_progress
Ep 418 |  3361스텝 | 배송 38/50 | 재적재  7 | 정지 0.10 교착최장   8 | no_progress
Ep 419 |  3414스텝 | 배송 30/50 | 재적재  4 | 정지 0.08 교착최장   4 | no_progress
Ep 420 |  3614스텝 | 배송 33/50 | 재적재  4 | 정지 0.12 교착최장   6 | no_progress
Ep 421 |  3323스텝 | 배송 39/50 | 재적재  7 | 정지 0.12 교착최장  10 | no_progress
Ep 422 |  4258스텝 | 배송 34/50 | 재적재  6 | 정지 0.12 교착최장   8 | no_progress
Ep 423 |  3121스텝 | 배송 36/50 | 재적재  5 | 정지 0.20 교착최장  31 | no_progress
Ep 424 |  3394스텝 | 배송 34/50 | 재적재  5 | 정지 0.17 교착최장  11 | no_progress
Ep 425 |  3348스텝 | 배송 30/50 | 재적재  3 | 정지 0.17 교착최장  33 | no_progress
Ep 426 |  5081스텝 | 배송 39/50 | 재적재  6 | 정지 0.14 교착최장  15 | no_progress
Ep 427 |  3798스텝 | 배송 36/50 | 재적재  6 | 정지 0.11 교착최장   6 | no_progress
Ep 428 |  4462스텝 | 배송 41/50 | 재적재  7 | 정지 0.14 교착최장  16 | no_progress
Ep 429 |  3152스텝 | 배송 30/50 | 재적재  3 | 정지 0.11 교착최장  10 | no_progress
Ep 430 |  3655스텝 | 배송 43/50 | 재적재  7 | 정지 0.20 교착최장  24 | no_progress
Ep 431 |  3363스텝 | 배송 38/50 | 재적재  6 | 정지 0.14 교착최장   9 | no_progress
Ep 432 |  3377스텝 | 배송 35/50 | 재적재  6 | 정지 0.15 교착최장  29 | no_progress
Ep 433 |  3328스텝 | 배송 39/50 | 재적재  7 | 정지 0.11 교착최장  10 | no_progress
Ep 434 |  3832스텝 | 배송 40/50 | 재적재  6 | 정지 0.17 교착최장  42 | no_progress
Ep 435 |  2600스텝 | 배송 33/50 | 재적재  5 | 정지 0.12 교착최장   6 | no_progress
Ep 436 |  4593스텝 | 배송 38/50 | 재적재  6 | 정지 0.19 교착최장  16 | no_progress
Ep 437 |  4624스텝 | 배송 44/50 | 재적재  7 | 정지 0.25 교착최장  64 | no_progress
Ep 438 |  2588스텝 | 배송 33/50 | 재적재  5 | 정지 0.28 교착최장  40 | no_progress
Ep 439 |  3154스텝 | 배송 39/50 | 재적재  6 | 정지 0.09 교착최장   9 | no_progress
Ep 440 |  4705스텝 | 배송 42/50 | 재적재  7 | 정지 0.18 교착최장  10 | no_progress
Ep 441 |  2604스텝 | 배송 34/50 | 재적재  5 | 정지 0.15 교착최장  13 | no_progress
Ep 442 |  4720스텝 | 배송 39/50 | 재적재  6 | 정지 0.16 교착최장  16 | no_progress
Ep 443 |  4516스텝 | 배송 36/50 | 재적재  6 | 정지 0.12 교착최장  10 | no_progress
Ep 444 |  3516스텝 | 배송 37/50 | 재적재  6 | 정지 0.22 교착최장  25 | no_progress
Ep 445 |  3712스텝 | 배송 42/50 | 재적재  7 | 정지 0.17 교착최장  16 | no_progress
Ep 446 |  5612스텝 | 배송 43/50 | 재적재  7 | 정지 0.14 교착최장  37 | no_progress
Ep 447 |  4055스텝 | 배송 39/50 | 재적재  7 | 정지 0.12 교착최장  14 | no_progress
Ep 448 |  2669스텝 | 배송 29/50 | 재적재  5 | 정지 0.11 교착최장   6 | no_progress
Ep 449 |  2342스텝 | 배송 35/50 | 재적재  6 | 정지 0.09 교착최장   7 | no_progress
Ep 450 |  2984스텝 | 배송 38/50 | 재적재  5 | 정지 0.19 교착최장  54 | no_progress
  [홀드아웃] 배송 17.4±4.8 재적재 1.8 2홉+ 0.26 | 최고 25.4@ep150 정체 6/15
Ep 451 |  3079스텝 | 배송 41/50 | 재적재  6 | 정지 0.14 교착최장  12 | no_progress
Ep 452 |  3242스텝 | 배송 35/50 | 재적재  6 | 정지 0.10 교착최장   9 | no_progress
Ep 453 |  4332스텝 | 배송 39/50 | 재적재  6 | 정지 0.13 교착최장  12 | no_progress
Ep 454 |  4065스텝 | 배송 39/50 | 재적재  6 | 정지 0.14 교착최장  18 | no_progress
Ep 455 |  3350스텝 | 배송 40/50 | 재적재  6 | 정지 0.09 교착최장  18 | no_progress
Ep 456 |  3617스텝 | 배송 43/50 | 재적재  6 | 정지 0.22 교착최장 100 | deadlock
Ep 457 |  2346스텝 | 배송 33/50 | 재적재  5 | 정지 0.11 교착최장   6 | no_progress
Ep 458 |  2402스텝 | 배송 29/50 | 재적재  5 | 정지 0.13 교착최장   9 | no_progress
Ep 459 |  2133스텝 | 배송 28/50 | 재적재  4 | 정지 0.13 교착최장  14 | no_progress
Ep 460 |  4006스텝 | 배송 39/50 | 재적재  7 | 정지 0.16 교착최장  14 | no_progress
Ep 461 |  3468스텝 | 배송 40/50 | 재적재  6 | 정지 0.19 교착최장  43 | no_progress
Ep 462 |  2344스텝 | 배송 29/50 | 재적재  5 | 정지 0.11 교착최장  12 | no_progress
Ep 463 |  2857스텝 | 배송 32/50 | 재적재  4 | 정지 0.18 교착최장  39 | no_progress
Ep 464 |  3449스텝 | 배송 34/50 | 재적재  6 | 정지 0.11 교착최장  14 | no_progress
Ep 465 |  2669스텝 | 배송 28/50 | 재적재  3 | 정지 0.14 교착최장   6 | no_progress
Ep 466 |  5979스텝 | 배송 41/50 | 재적재  6 | 정지 0.17 교착최장  19 | no_progress
Ep 467 |  3658스텝 | 배송 36/50 | 재적재  6 | 정지 0.12 교착최장  15 | no_progress
Ep 468 |  4659스텝 | 배송 42/50 | 재적재  5 | 정지 0.15 교착최장  30 | no_progress
Ep 469 |  4134스텝 | 배송 35/50 | 재적재  6 | 정지 0.12 교착최장  17 | no_progress
Ep 470 |  2964스텝 | 배송 35/50 | 재적재  5 | 정지 0.20 교착최장  17 | no_progress
Ep 471 |  6280스텝 | 배송 43/50 | 재적재  6 | 정지 0.22 교착최장  33 | no_progress
Ep 472 |  3496스텝 | 배송 36/50 | 재적재  6 | 정지 0.11 교착최장  10 | no_progress
Ep 473 |  3531스텝 | 배송 39/50 | 재적재  7 | 정지 0.09 교착최장   7 | no_progress
Ep 474 |  5056스텝 | 배송 44/50 | 재적재  6 | 정지 0.19 교착최장  12 | no_progress
Ep 475 |  3190스텝 | 배송 34/50 | 재적재  5 | 정지 0.17 교착최장  19 | no_progress
Ep 476 |  4733스텝 | 배송 41/50 | 재적재  8 | 정지 0.11 교착최장  10 | no_progress
Ep 477 |  1909스텝 | 배송 29/50 | 재적재  5 | 정지 0.08 교착최장   6 | no_progress
Ep 478 |  2848스텝 | 배송 31/50 | 재적재  5 | 정지 0.16 교착최장  14 | no_progress
Ep 479 |  1895스텝 | 배송 31/50 | 재적재  5 | 정지 0.15 교착최장  19 | no_progress
Ep 480 |  4688스텝 | 배송 44/50 | 재적재  8 | 정지 0.15 교착최장  29 | no_progress
Ep 481 |  4772스텝 | 배송 38/50 | 재적재  5 | 정지 0.17 교착최장  54 | no_progress
Ep 482 |  4655스텝 | 배송 35/50 | 재적재  6 | 정지 0.12 교착최장  14 | no_progress
Ep 483 |  2350스텝 | 배송 34/50 | 재적재  6 | 정지 0.11 교착최장  17 | no_progress
Ep 484 |  4312스텝 | 배송 36/50 | 재적재  6 | 정지 0.23 교착최장  41 | no_progress
Ep 485 |  3142스텝 | 배송 35/50 | 재적재  5 | 정지 0.12 교착최장  10 | no_progress
Ep 486 |  3355스텝 | 배송 36/50 | 재적재  7 | 정지 0.16 교착최장  50 | no_progress
Ep 487 |  3845스텝 | 배송 35/50 | 재적재  5 | 정지 0.11 교착최장  11 | no_progress
Ep 488 |  3230스텝 | 배송 38/50 | 재적재  6 | 정지 0.11 교착최장   8 | no_progress
Ep 489 |  4622스텝 | 배송 44/50 | 재적재  8 | 정지 0.19 교착최장  21 | no_progress
Ep 490 |  3699스텝 | 배송 40/50 | 재적재  7 | 정지 0.17 교착최장  20 | no_progress
Ep 491 |  3512스텝 | 배송 40/50 | 재적재  7 | 정지 0.17 교착최장  16 | no_progress
Ep 492 |  2790스텝 | 배송 36/50 | 재적재  5 | 정지 0.15 교착최장  44 | no_progress
Ep 493 |  3499스텝 | 배송 39/50 | 재적재  5 | 정지 0.18 교착최장  15 | no_progress
Ep 494 |  4951스텝 | 배송 42/50 | 재적재  7 | 정지 0.20 교착최장  32 | no_progress
Ep 495 |  2909스텝 | 배송 34/50 | 재적재  4 | 정지 0.16 교착최장  10 | no_progress
Ep 496 |  4733스텝 | 배송 42/50 | 재적재  7 | 정지 0.23 교착최장  37 | no_progress
Ep 497 |  4947스텝 | 배송 46/50 | 재적재  8 | 정지 0.23 교착최장  32 | no_progress
Ep 498 |  5358스텝 | 배송 39/50 | 재적재  7 | 정지 0.19 교착최장  13 | no_progress
Ep 499 |  3306스텝 | 배송 37/50 | 재적재  6 | 정지 0.14 교착최장  30 | no_progress
Ep 500 |  5168스텝 | 배송 44/50 | 재적재  8 | 정지 0.22 교착최장  95 | no_progress
  [홀드아웃] 배송 17.8±3.7 재적재 1.9 2홉+ 0.30 | 최고 25.4@ep150 정체 7/15
Ep 501 |  2657스텝 | 배송 35/50 | 재적재  7 | 정지 0.08 교착최장   6 | no_progress
Ep 502 |  2450스텝 | 배송 33/50 | 재적재  5 | 정지 0.14 교착최장  20 | no_progress
Ep 503 |  5315스텝 | 배송 46/50 | 재적재  6 | 정지 0.26 교착최장  85 | no_progress
Ep 504 |  3227스텝 | 배송 34/50 | 재적재  5 | 정지 0.15 교착최장  11 | no_progress
Ep 505 |  3899스텝 | 배송 41/50 | 재적재  6 | 정지 0.19 교착최장  18 | no_progress
Ep 506 |  3474스텝 | 배송 38/50 | 재적재  5 | 정지 0.17 교착최장  15 | no_progress
Ep 507 |  4113스텝 | 배송 38/50 | 재적재  6 | 정지 0.17 교착최장  26 | no_progress
Ep 508 |  3699스텝 | 배송 39/50 | 재적재  6 | 정지 0.11 교착최장  16 | no_progress
Ep 509 |  5612스텝 | 배송 38/50 | 재적재  6 | 정지 0.16 교착최장  24 | no_progress
Ep 510 |  2979스텝 | 배송 43/50 | 재적재  7 | 정지 0.22 교착최장 100 | deadlock
Ep 511 |  3389스텝 | 배송 40/50 | 재적재  7 | 정지 0.18 교착최장  12 | no_progress
Ep 512 |  1887스텝 | 배송 32/50 | 재적재  3 | 정지 0.11 교착최장  10 | no_progress
Ep 513 |  2909스텝 | 배송 38/50 | 재적재  6 | 정지 0.15 교착최장  10 | no_progress
Ep 514 |  2577스텝 | 배송 34/50 | 재적재  6 | 정지 0.16 교착최장   8 | no_progress
Ep 515 |  4420스텝 | 배송 43/50 | 재적재  7 | 정지 0.14 교착최장  18 | no_progress
Ep 516 |  2696스텝 | 배송 38/50 | 재적재  5 | 정지 0.15 교착최장  12 | no_progress
Ep 517 |  2855스텝 | 배송 34/50 | 재적재  5 | 정지 0.13 교착최장  22 | no_progress
Ep 518 |  3081스텝 | 배송 39/50 | 재적재  6 | 정지 0.14 교착최장  26 | no_progress
Ep 519 |  4249스텝 | 배송 42/50 | 재적재  7 | 정지 0.19 교착최장  19 | no_progress
Ep 520 |  2410스텝 | 배송 35/50 | 재적재  6 | 정지 0.14 교착최장  17 | no_progress
Ep 521 |  3505스텝 | 배송 40/50 | 재적재  6 | 정지 0.19 교착최장   9 | no_progress
Ep 522 |  2655스텝 | 배송 34/50 | 재적재  5 | 정지 0.10 교착최장   7 | no_progress
Ep 523 |  3911스텝 | 배송 40/50 | 재적재  5 | 정지 0.21 교착최장  17 | no_progress
Ep 524 |  4984스텝 | 배송 41/50 | 재적재  7 | 정지 0.18 교착최장  17 | no_progress
Ep 525 |  3969스텝 | 배송 42/50 | 재적재  7 | 정지 0.21 교착최장 100 | deadlock
Ep 526 |  3573스텝 | 배송 40/50 | 재적재  6 | 정지 0.09 교착최장   6 | no_progress
Ep 527 |  2371스텝 | 배송 28/50 | 재적재  4 | 정지 0.05 교착최장   3 | no_progress
Ep 528 |  5037스텝 | 배송 43/50 | 재적재  7 | 정지 0.14 교착최장  32 | no_progress
Ep 529 |  3109스텝 | 배송 40/50 | 재적재  8 | 정지 0.16 교착최장  24 | no_progress
Ep 530 |  3768스텝 | 배송 42/50 | 재적재  8 | 정지 0.17 교착최장  10 | no_progress
Ep 531 |  4268스텝 | 배송 44/50 | 재적재  8 | 정지 0.17 교착최장  16 | no_progress
Ep 532 |  4769스텝 | 배송 42/50 | 재적재  6 | 정지 0.20 교착최장  16 | no_progress
Ep 533 |  2280스텝 | 배송 32/50 | 재적재  5 | 정지 0.14 교착최장  20 | no_progress
Ep 534 |  3421스텝 | 배송 37/50 | 재적재  7 | 정지 0.14 교착최장  12 | no_progress
Ep 535 |  4735스텝 | 배송 43/50 | 재적재  7 | 정지 0.18 교착최장  15 | no_progress
Ep 536 |  5781스텝 | 배송 47/50 | 재적재  8 | 정지 0.20 교착최장 100 | deadlock
Ep 537 |  5484스텝 | 배송 44/50 | 재적재  8 | 정지 0.18 교착최장  32 | no_progress
Ep 538 |  4701스텝 | 배송 42/50 | 재적재  8 | 정지 0.16 교착최장  16 | no_progress
Ep 539 |  3593스텝 | 배송 38/50 | 재적재  6 | 정지 0.14 교착최장  58 | no_progress
Ep 540 |  4280스텝 | 배송 44/50 | 재적재  7 | 정지 0.22 교착최장  26 | no_progress
Ep 541 |  4184스텝 | 배송 37/50 | 재적재  6 | 정지 0.13 교착최장  13 | no_progress
Ep 542 |  4069스텝 | 배송 44/50 | 재적재  7 | 정지 0.12 교착최장   6 | no_progress
Ep 543 |  3575스텝 | 배송 40/50 | 재적재  7 | 정지 0.16 교착최장  10 | no_progress
Ep 544 |  3197스텝 | 배송 40/50 | 재적재  8 | 정지 0.11 교착최장   9 | no_progress
Ep 545 |  3991스텝 | 배송 41/50 | 재적재  7 | 정지 0.17 교착최장  52 | no_progress
Ep 546 |  2876스텝 | 배송 35/50 | 재적재  6 | 정지 0.14 교착최장  14 | no_progress
Ep 547 |  4225스텝 | 배송 41/50 | 재적재  7 | 정지 0.16 교착최장  18 | no_progress
Ep 548 |  3957스텝 | 배송 44/50 | 재적재  7 | 정지 0.17 교착최장  12 | no_progress
Ep 549 |  5216스텝 | 배송 44/50 | 재적재  7 | 정지 0.22 교착최장  20 | no_progress
Ep 550 |  4114스텝 | 배송 41/50 | 재적재  5 | 정지 0.15 교착최장  14 | no_progress
  [홀드아웃] 배송 18.6±3.6 재적재 2.1 2홉+ 0.22 | 최고 25.4@ep150 정체 8/15
Ep 551 |  4868스텝 | 배송 40/50 | 재적재  6 | 정지 0.22 교착최장  29 | no_progress
Ep 552 |  2487스텝 | 배송 31/50 | 재적재  4 | 정지 0.17 교착최장  13 | no_progress
Ep 553 |  2374스텝 | 배송 33/50 | 재적재  5 | 정지 0.16 교착최장  34 | no_progress
Ep 554 |  2736스텝 | 배송 39/50 | 재적재  7 | 정지 0.13 교착최장   4 | no_progress
Ep 555 |  3138스텝 | 배송 38/50 | 재적재  5 | 정지 0.15 교착최장   7 | no_progress
Ep 556 |  3558스텝 | 배송 36/50 | 재적재  5 | 정지 0.11 교착최장  14 | no_progress
Ep 557 |  2818스텝 | 배송 36/50 | 재적재  5 | 정지 0.13 교착최장   4 | no_progress
Ep 558 |  4609스텝 | 배송 40/50 | 재적재  8 | 정지 0.16 교착최장  12 | no_progress
Ep 559 |  3898스텝 | 배송 38/50 | 재적재  5 | 정지 0.12 교착최장  13 | no_progress
Ep 560 |  5177스텝 | 배송 40/50 | 재적재  6 | 정지 0.17 교착최장  18 | no_progress
Ep 561 |  2292스텝 | 배송 34/50 | 재적재  6 | 정지 0.12 교착최장  15 | no_progress
Ep 562 |  5023스텝 | 배송 46/50 | 재적재  8 | 정지 0.20 교착최장  32 | no_progress
Ep 563 |  2265스텝 | 배송 35/50 | 재적재  6 | 정지 0.12 교착최장  15 | no_progress
Ep 564 |  1957스텝 | 배송 29/50 | 재적재  3 | 정지 0.27 교착최장  13 | no_progress
Ep 565 |  3400스텝 | 배송 35/50 | 재적재  5 | 정지 0.14 교착최장  54 | no_progress
Ep 566 |  4837스텝 | 배송 40/50 | 재적재  7 | 정지 0.11 교착최장  11 | no_progress
Ep 567 |  2646스텝 | 배송 36/50 | 재적재  6 | 정지 0.15 교착최장   7 | no_progress
Ep 568 |  3658스텝 | 배송 39/50 | 재적재  6 | 정지 0.21 교착최장  43 | no_progress
Ep 569 |  3677스텝 | 배송 40/50 | 재적재  6 | 정지 0.25 교착최장 100 | deadlock
Ep 570 |  2274스텝 | 배송 30/50 | 재적재  5 | 정지 0.10 교착최장   5 | no_progress
Ep 571 |  3506스텝 | 배송 45/50 | 재적재  8 | 정지 0.19 교착최장  29 | no_progress
Ep 572 |  3179스텝 | 배송 32/50 | 재적재  5 | 정지 0.08 교착최장   4 | no_progress
Ep 573 |  3401스텝 | 배송 34/50 | 재적재  5 | 정지 0.12 교착최장  59 | no_progress
Ep 574 |  3186스텝 | 배송 37/50 | 재적재  4 | 정지 0.16 교착최장  26 | no_progress
Ep 575 |  5442스텝 | 배송 46/50 | 재적재  8 | 정지 0.15 교착최장  13 | no_progress
Ep 576 |  4478스텝 | 배송 38/50 | 재적재  5 | 정지 0.17 교착최장  18 | no_progress
Ep 577 |  2368스텝 | 배송 28/50 | 재적재  3 | 정지 0.06 교착최장   9 | no_progress
Ep 578 |  3729스텝 | 배송 39/50 | 재적재  6 | 정지 0.23 교착최장 100 | deadlock
Ep 579 |  2705스텝 | 배송 30/50 | 재적재  4 | 정지 0.07 교착최장   3 | no_progress
Ep 580 |  3978스텝 | 배송 40/50 | 재적재  7 | 정지 0.13 교착최장  29 | no_progress
Ep 581 |  3483스텝 | 배송 35/50 | 재적재  5 | 정지 0.15 교착최장  18 | no_progress
Ep 582 |  4008스텝 | 배송 45/50 | 재적재  7 | 정지 0.25 교착최장 100 | deadlock
Ep 583 |  3046스텝 | 배송 38/50 | 재적재  5 | 정지 0.25 교착최장  73 | no_progress
Ep 584 |  3931스텝 | 배송 37/50 | 재적재  6 | 정지 0.14 교착최장  17 | no_progress
Ep 585 |  4423스텝 | 배송 42/50 | 재적재  8 | 정지 0.19 교착최장  41 | no_progress
Ep 586 |  2133스텝 | 배송 32/50 | 재적재  4 | 정지 0.15 교착최장  17 | no_progress
Ep 587 |  2624스텝 | 배송 34/50 | 재적재  6 | 정지 0.08 교착최장   7 | no_progress
Ep 588 |  3974스텝 | 배송 35/50 | 재적재  5 | 정지 0.15 교착최장  10 | no_progress
Ep 589 |  3084스텝 | 배송 36/50 | 재적재  6 | 정지 0.12 교착최장   6 | no_progress
Ep 590 |  4517스텝 | 배송 40/50 | 재적재  7 | 정지 0.15 교착최장  12 | no_progress
Ep 591 |  3142스텝 | 배송 34/50 | 재적재  5 | 정지 0.16 교착최장   8 | no_progress
Ep 592 |  1776스텝 | 배송 23/50 | 재적재  3 | 정지 0.21 교착최장  10 | no_progress
Ep 593 |  4145스텝 | 배송 44/50 | 재적재  7 | 정지 0.15 교착최장  20 | no_progress
Ep 594 |  2630스텝 | 배송 34/50 | 재적재  5 | 정지 0.11 교착최장   7 | no_progress
Ep 595 |  2491스텝 | 배송 31/50 | 재적재  6 | 정지 0.13 교착최장   9 | no_progress
Ep 596 |  4327스텝 | 배송 41/50 | 재적재  7 | 정지 0.19 교착최장  39 | no_progress
Ep 597 |  3350스텝 | 배송 32/50 | 재적재  4 | 정지 0.19 교착최장  20 | no_progress
Ep 598 |  3494스텝 | 배송 42/50 | 재적재  8 | 정지 0.13 교착최장  21 | no_progress
Ep 599 |  3288스텝 | 배송 35/50 | 재적재  6 | 정지 0.14 교착최장  25 | no_progress
Ep 600 |  2142스텝 | 배송 26/50 | 재적재  3 | 정지 0.13 교착최장   6 | no_progress
  [홀드아웃] 배송 17.9±2.1 재적재 2.1 2홉+ 0.28 | 최고 25.4@ep150 정체 9/15
Ep 601 |  3158스텝 | 배송 37/50 | 재적재  6 | 정지 0.21 교착최장  31 | no_progress
Ep 602 |  2868스텝 | 배송 34/50 | 재적재  4 | 정지 0.15 교착최장  10 | no_progress
Ep 603 |  4888스텝 | 배송 41/50 | 재적재  7 | 정지 0.12 교착최장  27 | no_progress
Ep 604 |  4050스텝 | 배송 39/50 | 재적재  7 | 정지 0.09 교착최장   9 | no_progress
Ep 605 |  3007스텝 | 배송 36/50 | 재적재  6 | 정지 0.15 교착최장  13 | no_progress
Ep 606 |  2589스텝 | 배송 35/50 | 재적재  6 | 정지 0.09 교착최장  15 | no_progress
Ep 607 |  7050스텝 | 배송 43/50 | 재적재  7 | 정지 0.18 교착최장  24 | no_progress
Ep 608 |  2739스텝 | 배송 35/50 | 재적재  5 | 정지 0.13 교착최장  19 | no_progress
Ep 609 |  2111스텝 | 배송 31/50 | 재적재  4 | 정지 0.09 교착최장   7 | no_progress
Ep 610 |  4134스텝 | 배송 39/50 | 재적재  7 | 정지 0.11 교착최장  41 | no_progress
Ep 611 |  3148스텝 | 배송 37/50 | 재적재  6 | 정지 0.18 교착최장  64 | no_progress
Ep 612 |  2660스텝 | 배송 38/50 | 재적재  6 | 정지 0.18 교착최장  13 | no_progress
Ep 613 |  5205스텝 | 배송 40/50 | 재적재  7 | 정지 0.14 교착최장  70 | no_progress
Ep 614 |  3240스텝 | 배송 38/50 | 재적재  7 | 정지 0.14 교착최장  11 | no_progress
Ep 615 |  4024스텝 | 배송 44/50 | 재적재  8 | 정지 0.10 교착최장   7 | no_progress
Ep 616 |  2607스텝 | 배송 31/50 | 재적재  4 | 정지 0.13 교착최장   6 | no_progress
Ep 617 |  3981스텝 | 배송 34/50 | 재적재  5 | 정지 0.14 교착최장   7 | no_progress
Ep 618 |  5073스텝 | 배송 39/50 | 재적재  6 | 정지 0.20 교착최장  23 | no_progress
Ep 619 |  4055스텝 | 배송 38/50 | 재적재  6 | 정지 0.19 교착최장   8 | no_progress
Ep 620 |  3556스텝 | 배송 33/50 | 재적재  5 | 정지 0.14 교착최장   7 | no_progress
Ep 621 |  3992스텝 | 배송 41/50 | 재적재  5 | 정지 0.15 교착최장  35 | no_progress
Ep 622 |  3168스텝 | 배송 38/50 | 재적재  6 | 정지 0.16 교착최장  51 | no_progress
Ep 623 |  2600스텝 | 배송 36/50 | 재적재  5 | 정지 0.14 교착최장   4 | no_progress
Ep 624 |  4216스텝 | 배송 38/50 | 재적재  7 | 정지 0.17 교착최장  35 | no_progress
Ep 625 |  4141스텝 | 배송 39/50 | 재적재  6 | 정지 0.13 교착최장   6 | no_progress
Ep 626 |  3247스텝 | 배송 39/50 | 재적재  7 | 정지 0.21 교착최장  15 | no_progress
Ep 627 |  4233스텝 | 배송 39/50 | 재적재  6 | 정지 0.08 교착최장   6 | no_progress
Ep 628 |  5738스텝 | 배송 40/50 | 재적재  6 | 정지 0.16 교착최장  12 | no_progress
Ep 629 |  3547스텝 | 배송 36/50 | 재적재  5 | 정지 0.15 교착최장  28 | no_progress
Ep 630 |  3631스텝 | 배송 39/50 | 재적재  6 | 정지 0.17 교착최장  12 | no_progress
Ep 631 |  3391스텝 | 배송 39/50 | 재적재  7 | 정지 0.12 교착최장  10 | no_progress
Ep 632 |  3317스텝 | 배송 35/50 | 재적재  5 | 정지 0.10 교착최장   6 | no_progress
Ep 633 |  3991스텝 | 배송 35/50 | 재적재  6 | 정지 0.15 교착최장   7 | no_progress
Ep 634 |  2306스텝 | 배송 29/50 | 재적재  4 | 정지 0.13 교착최장  14 | no_progress
Ep 635 |  3197스텝 | 배송 35/50 | 재적재  5 | 정지 0.15 교착최장  10 | no_progress
Ep 636 |  3508스텝 | 배송 37/50 | 재적재  4 | 정지 0.21 교착최장  23 | no_progress
Ep 637 |  3902스텝 | 배송 41/50 | 재적재  6 | 정지 0.17 교착최장  13 | no_progress
Ep 638 |  4652스텝 | 배송 37/50 | 재적재  6 | 정지 0.17 교착최장  22 | no_progress
Ep 639 |  2510스텝 | 배송 35/50 | 재적재  5 | 정지 0.10 교착최장   7 | no_progress
Ep 640 |  4273스텝 | 배송 41/50 | 재적재  5 | 정지 0.19 교착최장  13 | no_progress
Ep 641 |  3226스텝 | 배송 35/50 | 재적재  6 | 정지 0.14 교착최장   8 | no_progress
Ep 642 |  4117스텝 | 배송 34/50 | 재적재  5 | 정지 0.11 교착최장  13 | no_progress
Ep 643 |  4227스텝 | 배송 41/50 | 재적재  6 | 정지 0.20 교착최장  52 | no_progress
Ep 644 |  5834스텝 | 배송 40/50 | 재적재  5 | 정지 0.24 교착최장  95 | no_progress
Ep 645 |  4907스텝 | 배송 40/50 | 재적재  7 | 정지 0.14 교착최장  20 | no_progress
Ep 646 |  2152스텝 | 배송 34/50 | 재적재  4 | 정지 0.18 교착최장  13 | no_progress
Ep 647 |  3194스텝 | 배송 36/50 | 재적재  6 | 정지 0.09 교착최장  10 | no_progress
Ep 648 |  4592스텝 | 배송 41/50 | 재적재  6 | 정지 0.16 교착최장  12 | no_progress
Ep 649 |  3350스텝 | 배송 31/50 | 재적재  4 | 정지 0.12 교착최장   6 | no_progress
Ep 650 |  3543스텝 | 배송 38/50 | 재적재  6 | 정지 0.13 교착최장  15 | no_progress
  [홀드아웃] 배송 16.9±4.7 재적재 1.8 2홉+ 0.30 | 최고 25.4@ep150 정체 10/15
Ep 651 |  2639스텝 | 배송 31/50 | 재적재  4 | 정지 0.14 교착최장  14 | no_progress
Ep 652 |  3446스텝 | 배송 38/50 | 재적재  6 | 정지 0.14 교착최장  12 | no_progress
Ep 653 |  2987스텝 | 배송 37/50 | 재적재  5 | 정지 0.14 교착최장  13 | no_progress
Ep 654 |  3367스텝 | 배송 36/50 | 재적재  6 | 정지 0.10 교착최장  11 | no_progress
Ep 655 |  2319스텝 | 배송 31/50 | 재적재  3 | 정지 0.15 교착최장   9 | no_progress
Ep 656 |  1999스텝 | 배송 34/50 | 재적재  5 | 정지 0.10 교착최장  16 | no_progress
Ep 657 |  3398스텝 | 배송 36/50 | 재적재  5 | 정지 0.14 교착최장  14 | no_progress
Ep 658 |  2728스텝 | 배송 34/50 | 재적재  5 | 정지 0.20 교착최장  28 | no_progress
Ep 659 |  1859스텝 | 배송 31/50 | 재적재  4 | 정지 0.12 교착최장   9 | no_progress
Ep 660 |  2458스텝 | 배송 29/50 | 재적재  4 | 정지 0.17 교착최장  12 | no_progress
Ep 661 |  5371스텝 | 배송 45/50 | 재적재  8 | 정지 0.20 교착최장  13 | no_progress
Ep 662 |  5738스텝 | 배송 43/50 | 재적재  7 | 정지 0.20 교착최장  22 | no_progress
Ep 663 |  3228스텝 | 배송 37/50 | 재적재  7 | 정지 0.17 교착최장  20 | no_progress
Ep 664 |  1870스텝 | 배송 29/50 | 재적재  4 | 정지 0.26 교착최장   9 | no_progress
Ep 665 |  3525스텝 | 배송 39/50 | 재적재  7 | 정지 0.10 교착최장   7 | no_progress
Ep 666 |  2962스텝 | 배송 36/50 | 재적재  6 | 정지 0.17 교착최장  64 | no_progress
Ep 667 |  2116스텝 | 배송 33/50 | 재적재  6 | 정지 0.11 교착최장   4 | no_progress
Ep 668 |  3969스텝 | 배송 38/50 | 재적재  6 | 정지 0.15 교착최장   9 | no_progress
Ep 669 |  4230스텝 | 배송 42/50 | 재적재  6 | 정지 0.17 교착최장  21 | no_progress
Ep 670 |  3219스텝 | 배송 37/50 | 재적재  6 | 정지 0.14 교착최장  25 | no_progress
Ep 671 |  4788스텝 | 배송 43/50 | 재적재  8 | 정지 0.14 교착최장  19 | no_progress
Ep 672 |  2760스텝 | 배송 37/50 | 재적재  6 | 정지 0.20 교착최장  23 | no_progress
Ep 673 |  2833스텝 | 배송 26/50 | 재적재  4 | 정지 0.29 교착최장  28 | no_progress
Ep 674 |  3371스텝 | 배송 40/50 | 재적재  6 | 정지 0.20 교착최장  43 | no_progress
Ep 675 |  2555스텝 | 배송 36/50 | 재적재  6 | 정지 0.07 교착최장   7 | no_progress
Ep 676 |  4558스텝 | 배송 34/50 | 재적재  4 | 정지 0.20 교착최장  18 | no_progress
Ep 677 |  4371스텝 | 배송 42/50 | 재적재  7 | 정지 0.21 교착최장  53 | no_progress
Ep 678 |  3379스텝 | 배송 40/50 | 재적재  5 | 정지 0.18 교착최장  15 | no_progress
Ep 679 |  3560스텝 | 배송 37/50 | 재적재  6 | 정지 0.16 교착최장  14 | no_progress
Ep 680 |  2498스텝 | 배송 31/50 | 재적재  5 | 정지 0.13 교착최장   7 | no_progress
Ep 681 |  2437스텝 | 배송 31/50 | 재적재  4 | 정지 0.15 교착최장  16 | no_progress
Ep 682 |  4413스텝 | 배송 39/50 | 재적재  7 | 정지 0.13 교착최장  18 | no_progress
Ep 683 |  1922스텝 | 배송 28/50 | 재적재  4 | 정지 0.31 교착최장  98 | no_progress
Ep 684 |  3370스텝 | 배송 37/50 | 재적재  6 | 정지 0.16 교착최장  10 | no_progress
Ep 685 |  2659스텝 | 배송 30/50 | 재적재  4 | 정지 0.11 교착최장  11 | no_progress
Ep 686 |  2863스텝 | 배송 40/50 | 재적재  6 | 정지 0.14 교착최장  10 | no_progress
Ep 687 |  2632스텝 | 배송 28/50 | 재적재  4 | 정지 0.16 교착최장  13 | no_progress
Ep 688 |  6357스텝 | 배송 48/50 | 재적재  7 | 정지 0.23 교착최장  87 | no_progress
Ep 689 |  3790스텝 | 배송 36/50 | 재적재  7 | 정지 0.10 교착최장   4 | no_progress
Ep 690 |  3971스텝 | 배송 43/50 | 재적재  6 | 정지 0.25 교착최장  75 | no_progress
Ep 691 |  4178스텝 | 배송 43/50 | 재적재  8 | 정지 0.14 교착최장  14 | no_progress
Ep 692 |  3437스텝 | 배송 35/50 | 재적재  5 | 정지 0.12 교착최장   6 | no_progress
Ep 693 |  3451스텝 | 배송 40/50 | 재적재  7 | 정지 0.19 교착최장  14 | no_progress
Ep 694 |  2998스텝 | 배송 37/50 | 재적재  6 | 정지 0.26 교착최장  40 | no_progress
Ep 695 |  3321스텝 | 배송 34/50 | 재적재  5 | 정지 0.13 교착최장  11 | no_progress
Ep 696 |  2677스텝 | 배송 34/50 | 재적재  5 | 정지 0.11 교착최장   8 | no_progress
Ep 697 |  4743스텝 | 배송 42/50 | 재적재  7 | 정지 0.14 교착최장  31 | no_progress
Ep 698 |  2946스텝 | 배송 40/50 | 재적재  6 | 정지 0.22 교착최장  16 | no_progress
Ep 699 |  3356스텝 | 배송 36/50 | 재적재  6 | 정지 0.13 교착최장   8 | no_progress
Ep 700 |  3480스텝 | 배송 36/50 | 재적재  5 | 정지 0.14 교착최장   8 | no_progress
  [홀드아웃] 배송 18.2±2.7 재적재 2.1 2홉+ 0.26 | 최고 25.4@ep150 정체 11/15
Ep 701 |  3776스텝 | 배송 35/50 | 재적재  6 | 정지 0.19 교착최장  13 | no_progress
Ep 702 |  2352스텝 | 배송 27/50 | 재적재  3 | 정지 0.07 교착최장   6 | no_progress
Ep 703 |  3799스텝 | 배송 39/50 | 재적재  7 | 정지 0.18 교착최장  14 | no_progress
Ep 704 |  3459스텝 | 배송 39/50 | 재적재  6 | 정지 0.16 교착최장  12 | no_progress
Ep 705 |  2117스텝 | 배송 26/50 | 재적재  4 | 정지 0.09 교착최장   9 | no_progress
Ep 706 |  2818스텝 | 배송 38/50 | 재적재  6 | 정지 0.15 교착최장  13 | no_progress
Ep 707 |  2569스텝 | 배송 38/50 | 재적재  6 | 정지 0.11 교착최장  32 | no_progress
Ep 708 |  4246스텝 | 배송 41/50 | 재적재  7 | 정지 0.17 교착최장  19 | no_progress
Ep 709 |  3383스텝 | 배송 37/50 | 재적재  6 | 정지 0.16 교착최장  24 | no_progress
Ep 710 |  3945스텝 | 배송 42/50 | 재적재  7 | 정지 0.16 교착최장  27 | no_progress
Ep 711 |  3100스텝 | 배송 35/50 | 재적재  5 | 정지 0.13 교착최장   7 | no_progress
Ep 712 |  2647스텝 | 배송 39/50 | 재적재  7 | 정지 0.15 교착최장  10 | no_progress
Ep 713 |  2102스텝 | 배송 30/50 | 재적재  4 | 정지 0.10 교착최장   8 | no_progress
Ep 714 |  4552스텝 | 배송 45/50 | 재적재  7 | 정지 0.16 교착최장  46 | no_progress
Ep 715 |  4196스텝 | 배송 44/50 | 재적재  8 | 정지 0.16 교착최장  21 | no_progress
Ep 716 |  3198스텝 | 배송 38/50 | 재적재  6 | 정지 0.16 교착최장  13 | no_progress
Ep 717 |  2607스텝 | 배송 39/50 | 재적재  6 | 정지 0.12 교착최장  11 | no_progress
Ep 718 |  4414스텝 | 배송 42/50 | 재적재  7 | 정지 0.16 교착최장  17 | no_progress
Ep 719 |  3448스텝 | 배송 34/50 | 재적재  5 | 정지 0.16 교착최장  16 | no_progress
Ep 720 |  2835스텝 | 배송 33/50 | 재적재  4 | 정지 0.15 교착최장  10 | no_progress
Ep 721 |  3374스텝 | 배송 40/50 | 재적재  6 | 정지 0.17 교착최장  37 | no_progress
Ep 722 |  4625스텝 | 배송 48/50 | 재적재  8 | 정지 0.26 교착최장  24 | no_progress
Ep 723 |  3912스텝 | 배송 34/50 | 재적재  5 | 정지 0.13 교착최장   8 | no_progress
Ep 724 |  4292스텝 | 배송 43/50 | 재적재  7 | 정지 0.14 교착최장  14 | no_progress
Ep 725 |  3758스텝 | 배송 40/50 | 재적재  7 | 정지 0.12 교착최장  21 | no_progress
Ep 726 |  4123스텝 | 배송 38/50 | 재적재  5 | 정지 0.18 교착최장  23 | no_progress
Ep 727 |  3682스텝 | 배송 39/50 | 재적재  6 | 정지 0.15 교착최장  10 | no_progress
Ep 728 |  2991스텝 | 배송 37/50 | 재적재  6 | 정지 0.12 교착최장   8 | no_progress
Ep 729 |  2995스텝 | 배송 37/50 | 재적재  6 | 정지 0.09 교착최장   8 | no_progress
Ep 730 |  2788스텝 | 배송 35/50 | 재적재  6 | 정지 0.17 교착최장  13 | no_progress
Ep 731 |  3306스텝 | 배송 36/50 | 재적재  5 | 정지 0.10 교착최장   8 | no_progress
Ep 732 |  4867스텝 | 배송 43/50 | 재적재  7 | 정지 0.21 교착최장  21 | no_progress
Ep 733 |  3138스텝 | 배송 38/50 | 재적재  6 | 정지 0.11 교착최장  38 | no_progress
Ep 734 |  4433스텝 | 배송 40/50 | 재적재  6 | 정지 0.21 교착최장  37 | no_progress
Ep 735 |  3297스텝 | 배송 36/50 | 재적재  6 | 정지 0.17 교착최장  25 | no_progress
Ep 736 |  4697스텝 | 배송 43/50 | 재적재  7 | 정지 0.17 교착최장  45 | no_progress
Ep 737 |  3184스텝 | 배송 36/50 | 재적재  5 | 정지 0.18 교착최장  31 | no_progress
Ep 738 |  3465스텝 | 배송 37/50 | 재적재  6 | 정지 0.12 교착최장  11 | no_progress
Ep 739 |  3156스텝 | 배송 36/50 | 재적재  5 | 정지 0.16 교착최장  14 | no_progress
Ep 740 |  3443스텝 | 배송 42/50 | 재적재  7 | 정지 0.21 교착최장  78 | no_progress
Ep 741 |  2986스텝 | 배송 33/50 | 재적재  4 | 정지 0.14 교착최장   7 | no_progress
Ep 742 |  2021스텝 | 배송 29/50 | 재적재  4 | 정지 0.20 교착최장  11 | no_progress
Ep 743 |  2916스텝 | 배송 33/50 | 재적재  5 | 정지 0.14 교착최장  16 | no_progress
Ep 744 |  3657스텝 | 배송 40/50 | 재적재  8 | 정지 0.14 교착최장   8 | no_progress
Ep 745 |  3135스텝 | 배송 41/50 | 재적재  5 | 정지 0.21 교착최장  42 | no_progress
Ep 746 |  4104스텝 | 배송 45/50 | 재적재  8 | 정지 0.17 교착최장  26 | no_progress
Ep 747 |  3781스텝 | 배송 42/50 | 재적재  7 | 정지 0.17 교착최장  15 | no_progress
Ep 748 |  3212스텝 | 배송 41/50 | 재적재  5 | 정지 0.22 교착최장  18 | no_progress
Ep 749 |  4240스텝 | 배송 39/50 | 재적재  6 | 정지 0.17 교착최장  25 | no_progress
Ep 750 |  3714스텝 | 배송 37/50 | 재적재  4 | 정지 0.16 교착최장  13 | no_progress
  [홀드아웃] 배송 16.7±3.4 재적재 1.4 2홉+ 0.32 | 최고 25.4@ep150 정체 12/15
Ep 751 |  2851스텝 | 배송 31/50 | 재적재  4 | 정지 0.13 교착최장  11 | no_progress
Ep 752 |  3241스텝 | 배송 40/50 | 재적재  7 | 정지 0.15 교착최장  12 | no_progress
Ep 753 |  2595스텝 | 배송 32/50 | 재적재  4 | 정지 0.16 교착최장  16 | no_progress
Ep 754 |  3147스텝 | 배송 37/50 | 재적재  5 | 정지 0.10 교착최장  11 | no_progress
Ep 755 |  3955스텝 | 배송 38/50 | 재적재  6 | 정지 0.16 교착최장  13 | no_progress
Ep 756 |  4436스텝 | 배송 46/50 | 재적재  8 | 정지 0.24 교착최장  17 | no_progress
Ep 757 |  4570스텝 | 배송 40/50 | 재적재  6 | 정지 0.15 교착최장  13 | no_progress
Ep 758 |  2547스텝 | 배송 35/50 | 재적재  5 | 정지 0.15 교착최장  18 | no_progress
Ep 759 |  2657스텝 | 배송 39/50 | 재적재  6 | 정지 0.15 교착최장  10 | no_progress
Ep 760 |  2475스텝 | 배송 31/50 | 재적재  5 | 정지 0.20 교착최장  18 | no_progress
Ep 761 |  2143스텝 | 배송 28/50 | 재적재  3 | 정지 0.14 교착최장  13 | no_progress
Ep 762 |  4062스텝 | 배송 36/50 | 재적재  5 | 정지 0.14 교착최장  38 | no_progress
Ep 763 |  3208스텝 | 배송 39/50 | 재적재  7 | 정지 0.16 교착최장  13 | no_progress
Ep 764 |  2800스텝 | 배송 34/50 | 재적재  5 | 정지 0.09 교착최장   8 | no_progress
Ep 765 |  2783스텝 | 배송 31/50 | 재적재  4 | 정지 0.16 교착최장  12 | no_progress
Ep 766 |  3372스텝 | 배송 40/50 | 재적재  7 | 정지 0.10 교착최장  10 | no_progress
Ep 767 |  2538스텝 | 배송 33/50 | 재적재  6 | 정지 0.11 교착최장   9 | no_progress
Ep 768 |  2268스텝 | 배송 29/50 | 재적재  5 | 정지 0.13 교착최장   8 | no_progress
Ep 769 |  3545스텝 | 배송 43/50 | 재적재  7 | 정지 0.21 교착최장  23 | no_progress
Ep 770 |  4291스텝 | 배송 44/50 | 재적재  7 | 정지 0.19 교착최장  27 | no_progress
Ep 771 |  3341스텝 | 배송 38/50 | 재적재  7 | 정지 0.17 교착최장  10 | no_progress
Ep 772 |  4011스텝 | 배송 43/50 | 재적재  6 | 정지 0.17 교착최장  19 | no_progress
Ep 773 |  3195스텝 | 배송 41/50 | 재적재  8 | 정지 0.12 교착최장  10 | no_progress
Ep 774 |  3407스텝 | 배송 37/50 | 재적재  6 | 정지 0.24 교착최장  49 | no_progress
Ep 775 |  3574스텝 | 배송 40/50 | 재적재  5 | 정지 0.11 교착최장   8 | no_progress
Ep 776 |  3569스텝 | 배송 40/50 | 재적재  8 | 정지 0.12 교착최장   7 | no_progress
Ep 777 |  2840스텝 | 배송 32/50 | 재적재  3 | 정지 0.12 교착최장  13 | no_progress
Ep 778 |  2918스텝 | 배송 40/50 | 재적재  5 | 정지 0.10 교착최장  10 | no_progress
Ep 779 |  2175스텝 | 배송 31/50 | 재적재  5 | 정지 0.10 교착최장  13 | no_progress
Ep 780 |  2487스텝 | 배송 30/50 | 재적재  4 | 정지 0.15 교착최장  10 | no_progress
Ep 781 |  3760스텝 | 배송 35/50 | 재적재  5 | 정지 0.12 교착최장  13 | no_progress
Ep 782 |  2021스텝 | 배송 36/50 | 재적재  5 | 정지 0.25 교착최장 100 | deadlock
Ep 783 |  4298스텝 | 배송 40/50 | 재적재  7 | 정지 0.16 교착최장  89 | no_progress
Ep 784 |  3439스텝 | 배송 34/50 | 재적재  5 | 정지 0.12 교착최장   8 | no_progress
Ep 785 |  3597스텝 | 배송 39/50 | 재적재  7 | 정지 0.13 교착최장  10 | no_progress
Ep 786 |  3971스텝 | 배송 40/50 | 재적재  7 | 정지 0.13 교착최장  33 | no_progress
Ep 787 |  3451스텝 | 배송 39/50 | 재적재  7 | 정지 0.22 교착최장  28 | no_progress
Ep 788 |  2718스텝 | 배송 36/50 | 재적재  6 | 정지 0.18 교착최장   7 | no_progress
Ep 789 |  2960스텝 | 배송 38/50 | 재적재  6 | 정지 0.15 교착최장  14 | no_progress
Ep 790 |  3576스텝 | 배송 33/50 | 재적재  5 | 정지 0.15 교착최장  13 | no_progress
Ep 791 |  3597스텝 | 배송 39/50 | 재적재  7 | 정지 0.12 교착최장  34 | no_progress
Ep 792 |  4360스텝 | 배송 45/50 | 재적재  8 | 정지 0.22 교착최장 100 | deadlock
Ep 793 |  2648스텝 | 배송 35/50 | 재적재  4 | 정지 0.10 교착최장  10 | no_progress
Ep 794 |  4153스텝 | 배송 37/50 | 재적재  6 | 정지 0.17 교착최장  43 | no_progress
Ep 795 |  4018스텝 | 배송 38/50 | 재적재  7 | 정지 0.10 교착최장   8 | no_progress
Ep 796 |  4686스텝 | 배송 42/50 | 재적재  7 | 정지 0.17 교착최장  20 | no_progress
Ep 797 |  2462스텝 | 배송 39/50 | 재적재  7 | 정지 0.10 교착최장  13 | no_progress
Ep 798 |  5770스텝 | 배송 39/50 | 재적재  7 | 정지 0.13 교착최장  36 | no_progress
Ep 799 |  4494스텝 | 배송 39/50 | 재적재  7 | 정지 0.15 교착최장  15 | no_progress
Ep 800 |  2714스텝 | 배송 35/50 | 재적재  6 | 정지 0.13 교착최장   8 | no_progress
  [홀드아웃] 배송 20.1±5.1 재적재 2.0 2홉+ 0.54 | 최고 25.4@ep150 정체 13/15
Ep 801 |  6269스텝 | 배송 44/50 | 재적재  7 | 정지 0.20 교착최장  42 | no_progress
Ep 802 |  5075스텝 | 배송 43/50 | 재적재  7 | 정지 0.21 교착최장  18 | no_progress
Ep 803 |  3504스텝 | 배송 38/50 | 재적재  5 | 정지 0.15 교착최장  15 | no_progress
Ep 804 |  2811스텝 | 배송 31/50 | 재적재  5 | 정지 0.16 교착최장  16 | no_progress
Ep 805 |  3797스텝 | 배송 40/50 | 재적재  5 | 정지 0.21 교착최장  25 | no_progress
Ep 806 |  3395스텝 | 배송 38/50 | 재적재  6 | 정지 0.14 교착최장  19 | no_progress
Ep 807 |  4430스텝 | 배송 38/50 | 재적재  5 | 정지 0.25 교착최장  38 | no_progress
Ep 808 |  4046스텝 | 배송 40/50 | 재적재  5 | 정지 0.14 교착최장  11 | no_progress
Ep 809 |  4220스텝 | 배송 41/50 | 재적재  5 | 정지 0.20 교착최장  21 | no_progress
Ep 810 |  3939스텝 | 배송 41/50 | 재적재  6 | 정지 0.19 교착최장  18 | no_progress
Ep 811 |  3754스텝 | 배송 37/50 | 재적재  4 | 정지 0.12 교착최장  31 | no_progress
Ep 812 |  2785스텝 | 배송 30/50 | 재적재  4 | 정지 0.13 교착최장  12 | no_progress
Ep 813 |  2051스텝 | 배송 28/50 | 재적재  4 | 정지 0.12 교착최장  10 | no_progress
Ep 814 |  5160스텝 | 배송 42/50 | 재적재  6 | 정지 0.14 교착최장   9 | no_progress
Ep 815 |  5174스텝 | 배송 45/50 | 재적재  7 | 정지 0.16 교착최장  12 | no_progress
Ep 816 |  2933스텝 | 배송 41/50 | 재적재  7 | 정지 0.24 교착최장  26 | no_progress
Ep 817 |  5100스텝 | 배송 43/50 | 재적재  7 | 정지 0.24 교착최장  24 | no_progress
Ep 818 |  4621스텝 | 배송 37/50 | 재적재  5 | 정지 0.15 교착최장  10 | no_progress
Ep 819 |  3227스텝 | 배송 35/50 | 재적재  4 | 정지 0.14 교착최장  10 | no_progress
Ep 820 |  4013스텝 | 배송 39/50 | 재적재  6 | 정지 0.22 교착최장  21 | no_progress
Ep 821 |  2852스텝 | 배송 38/50 | 재적재  5 | 정지 0.13 교착최장   9 | no_progress
Ep 822 |  4003스텝 | 배송 39/50 | 재적재  7 | 정지 0.12 교착최장  12 | no_progress
Ep 823 |  3218스텝 | 배송 33/50 | 재적재  5 | 정지 0.19 교착최장  21 | no_progress
Ep 824 |  3649스텝 | 배송 37/50 | 재적재  5 | 정지 0.23 교착최장  98 | no_progress
Ep 825 |  4694스텝 | 배송 44/50 | 재적재  7 | 정지 0.23 교착최장  40 | no_progress
Ep 826 |  5063스텝 | 배송 44/50 | 재적재  7 | 정지 0.21 교착최장  14 | no_progress
Ep 827 |  3867스텝 | 배송 38/50 | 재적재  6 | 정지 0.17 교착최장  13 | no_progress
Ep 828 |  3303스텝 | 배송 37/50 | 재적재  7 | 정지 0.23 교착최장  30 | no_progress
Ep 829 |  3460스텝 | 배송 38/50 | 재적재  5 | 정지 0.16 교착최장  17 | no_progress
Ep 830 |  2882스텝 | 배송 39/50 | 재적재  7 | 정지 0.20 교착최장  19 | no_progress
Ep 831 |  3119스텝 | 배송 36/50 | 재적재  6 | 정지 0.11 교착최장  11 | no_progress
Ep 832 |  3885스텝 | 배송 37/50 | 재적재  6 | 정지 0.14 교착최장   7 | no_progress
Ep 833 |  3727스텝 | 배송 38/50 | 재적재  5 | 정지 0.19 교착최장  11 | no_progress
Ep 834 |  2481스텝 | 배송 39/50 | 재적재  6 | 정지 0.21 교착최장 100 | deadlock
Ep 835 |  3540스텝 | 배송 42/50 | 재적재  7 | 정지 0.20 교착최장  30 | no_progress
Ep 836 |  4904스텝 | 배송 45/50 | 재적재  7 | 정지 0.28 교착최장  80 | no_progress
Ep 837 |  4117스텝 | 배송 41/50 | 재적재  7 | 정지 0.15 교착최장  22 | no_progress
Ep 838 |  4447스텝 | 배송 40/50 | 재적재  5 | 정지 0.15 교착최장   8 | no_progress
Ep 839 |  3381스텝 | 배송 32/50 | 재적재  5 | 정지 0.16 교착최장  10 | no_progress
Ep 840 |  2808스텝 | 배송 30/50 | 재적재  5 | 정지 0.10 교착최장   8 | no_progress
Ep 841 |  4426스텝 | 배송 39/50 | 재적재  6 | 정지 0.19 교착최장  39 | no_progress
Ep 842 |  5336스텝 | 배송 43/50 | 재적재  6 | 정지 0.30 교착최장  64 | no_progress
Ep 843 |  3065스텝 | 배송 33/50 | 재적재  4 | 정지 0.14 교착최장  25 | no_progress
Ep 844 |  4275스텝 | 배송 39/50 | 재적재  6 | 정지 0.25 교착최장  89 | no_progress
Ep 845 |  4235스텝 | 배송 40/50 | 재적재  7 | 정지 0.13 교착최장  20 | no_progress
Ep 846 |  1604스텝 | 배송 28/50 | 재적재  4 | 정지 0.21 교착최장 100 | deadlock
Ep 847 |  2625스텝 | 배송 38/50 | 재적재  5 | 정지 0.13 교착최장   8 | no_progress
Ep 848 |  3459스텝 | 배송 38/50 | 재적재  6 | 정지 0.13 교착최장   9 | no_progress
Ep 849 |  3230스텝 | 배송 33/50 | 재적재  5 | 정지 0.21 교착최장  22 | no_progress
Ep 850 |  3748스텝 | 배송 38/50 | 재적재  7 | 정지 0.10 교착최장  15 | no_progress
  [홀드아웃] 배송 26.9±6.8 재적재 3.2 2홉+ 0.51 | 최고 26.9@ep850 정체 0/15  ← 갱신
Ep 851 |  2916스텝 | 배송 39/50 | 재적재  6 | 정지 0.14 교착최장   7 | no_progress
Ep 852 |  5140스텝 | 배송 40/50 | 재적재  7 | 정지 0.19 교착최장   8 | no_progress
Ep 853 |  4362스텝 | 배송 42/50 | 재적재  7 | 정지 0.19 교착최장  12 | no_progress
Ep 854 |  3163스텝 | 배송 36/50 | 재적재  5 | 정지 0.10 교착최장  11 | no_progress
Ep 855 |  3429스텝 | 배송 34/50 | 재적재  6 | 정지 0.11 교착최장  21 | no_progress
Ep 856 |  3641스텝 | 배송 38/50 | 재적재  6 | 정지 0.15 교착최장  11 | no_progress
Ep 857 |  3391스텝 | 배송 43/50 | 재적재  8 | 정지 0.16 교착최장  19 | no_progress
Ep 858 |  4618스텝 | 배송 44/50 | 재적재  8 | 정지 0.11 교착최장   7 | no_progress
Ep 859 |  3745스텝 | 배송 36/50 | 재적재  5 | 정지 0.16 교착최장  15 | no_progress
Ep 860 |  2896스텝 | 배송 34/50 | 재적재  6 | 정지 0.09 교착최장  10 | no_progress
Ep 861 |  2942스텝 | 배송 37/50 | 재적재  6 | 정지 0.13 교착최장  10 | no_progress
Ep 862 |  4436스텝 | 배송 40/50 | 재적재  8 | 정지 0.12 교착최장   6 | no_progress
Ep 863 |  5049스텝 | 배송 44/50 | 재적재  8 | 정지 0.17 교착최장  17 | no_progress
Ep 864 |  3983스텝 | 배송 44/50 | 재적재  8 | 정지 0.18 교착최장  24 | no_progress
Ep 865 |  2710스텝 | 배송 38/50 | 재적재  6 | 정지 0.12 교착최장  11 | no_progress
Ep 866 |  4012스텝 | 배송 35/50 | 재적재  5 | 정지 0.21 교착최장  83 | no_progress
Ep 867 |  2554스텝 | 배송 38/50 | 재적재  5 | 정지 0.11 교착최장  10 | no_progress
Ep 868 |  4412스텝 | 배송 42/50 | 재적재  5 | 정지 0.27 교착최장  40 | no_progress
Ep 869 |  2721스텝 | 배송 34/50 | 재적재  6 | 정지 0.13 교착최장  15 | no_progress
Ep 870 |  4076스텝 | 배송 41/50 | 재적재  6 | 정지 0.11 교착최장   7 | no_progress
Ep 871 |  3676스텝 | 배송 38/50 | 재적재  6 | 정지 0.13 교착최장   7 | no_progress
Ep 872 |  3801스텝 | 배송 39/50 | 재적재  6 | 정지 0.23 교착최장  21 | no_progress
Ep 873 |  3598스텝 | 배송 41/50 | 재적재  7 | 정지 0.18 교착최장  78 | no_progress
Ep 874 |  3617스텝 | 배송 43/50 | 재적재  6 | 정지 0.18 교착최장  24 | no_progress
Ep 875 |  4428스텝 | 배송 44/50 | 재적재  7 | 정지 0.11 교착최장  21 | no_progress
Ep 876 |  3384스텝 | 배송 33/50 | 재적재  4 | 정지 0.18 교착최장  19 | no_progress
Ep 877 |  4759스텝 | 배송 42/50 | 재적재  6 | 정지 0.21 교착최장  16 | no_progress
Ep 878 |  3715스텝 | 배송 39/50 | 재적재  6 | 정지 0.19 교착최장  45 | no_progress
Ep 879 |  4493스텝 | 배송 43/50 | 재적재  8 | 정지 0.19 교착최장  24 | no_progress
Ep 880 |  4934스텝 | 배송 44/50 | 재적재  7 | 정지 0.23 교착최장  25 | no_progress
Ep 881 |  4590스텝 | 배송 45/50 | 재적재  7 | 정지 0.18 교착최장 100 | deadlock
Ep 882 |  2877스텝 | 배송 36/50 | 재적재  5 | 정지 0.16 교착최장  17 | no_progress
Ep 883 |  3676스텝 | 배송 32/50 | 재적재  4 | 정지 0.11 교착최장  13 | no_progress
Ep 884 |  1060스텝 | 배송 22/50 | 재적재  2 | 정지 0.26 교착최장 100 | deadlock
Ep 885 |  1942스텝 | 배송 33/50 | 재적재  6 | 정지 0.10 교착최장   9 | no_progress
Ep 886 |  2574스텝 | 배송 36/50 | 재적재  5 | 정지 0.10 교착최장   9 | no_progress
Ep 887 |  4511스텝 | 배송 43/50 | 재적재  7 | 정지 0.18 교착최장 100 | deadlock
Ep 888 |  2605스텝 | 배송 31/50 | 재적재  4 | 정지 0.16 교착최장  17 | no_progress
Ep 889 |  3751스텝 | 배송 45/50 | 재적재  7 | 정지 0.18 교착최장  51 | no_progress
Ep 890 |  3225스텝 | 배송 40/50 | 재적재  7 | 정지 0.15 교착최장  29 | no_progress
Ep 891 |  2754스텝 | 배송 35/50 | 재적재  5 | 정지 0.15 교착최장  48 | no_progress
Ep 892 |  2634스텝 | 배송 28/50 | 재적재  3 | 정지 0.09 교착최장  11 | no_progress
Ep 893 |  2831스텝 | 배송 29/50 | 재적재  5 | 정지 0.12 교착최장  18 | no_progress
Ep 894 |  4243스텝 | 배송 38/50 | 재적재  6 | 정지 0.15 교착최장  11 | no_progress
Ep 895 |  2381스텝 | 배송 31/50 | 재적재  4 | 정지 0.12 교착최장  15 | no_progress
Ep 896 |  4164스텝 | 배송 39/50 | 재적재  6 | 정지 0.19 교착최장   7 | no_progress
Ep 897 |  4357스텝 | 배송 32/50 | 재적재  3 | 정지 0.16 교착최장  14 | no_progress
Ep 898 |  3879스텝 | 배송 41/50 | 재적재  5 | 정지 0.21 교착최장  17 | no_progress
Ep 899 |  3616스텝 | 배송 44/50 | 재적재  8 | 정지 0.10 교착최장  12 | no_progress
Ep 900 |  4040스텝 | 배송 41/50 | 재적재  7 | 정지 0.15 교착최장  10 | no_progress
  [홀드아웃] 배송 15.0±3.1 재적재 0.8 2홉+ 0.48 | 최고 26.9@ep850 정체 1/15
Ep 901 |  4248스텝 | 배송 44/50 | 재적재  8 | 정지 0.12 교착최장  10 | no_progress
Ep 902 |  2628스텝 | 배송 32/50 | 재적재  4 | 정지 0.23 교착최장  23 | no_progress
Ep 903 |  4442스텝 | 배송 38/50 | 재적재  6 | 정지 0.13 교착최장  12 | no_progress
Ep 904 |  2253스텝 | 배송 29/50 | 재적재  4 | 정지 0.10 교착최장   6 | no_progress
Ep 905 |  4824스텝 | 배송 43/50 | 재적재  7 | 정지 0.19 교착최장  31 | no_progress
Ep 906 |  3193스텝 | 배송 35/50 | 재적재  6 | 정지 0.10 교착최장   6 | no_progress
Ep 907 |  4777스텝 | 배송 44/50 | 재적재  6 | 정지 0.19 교착최장  25 | no_progress
Ep 908 |  4608스텝 | 배송 41/50 | 재적재  6 | 정지 0.18 교착최장 100 | deadlock
Ep 909 |  2900스텝 | 배송 33/50 | 재적재  4 | 정지 0.09 교착최장   6 | no_progress
Ep 910 |  4389스텝 | 배송 40/50 | 재적재  6 | 정지 0.20 교착최장  61 | no_progress
Ep 911 |  3687스텝 | 배송 35/50 | 재적재  6 | 정지 0.15 교착최장  13 | no_progress
Ep 912 |  3444스텝 | 배송 40/50 | 재적재  6 | 정지 0.18 교착최장  29 | no_progress
Ep 913 |  3073스텝 | 배송 40/50 | 재적재  6 | 정지 0.17 교착최장  19 | no_progress
Ep 914 |  2992스텝 | 배송 31/50 | 재적재  5 | 정지 0.21 교착최장  13 | no_progress
Ep 915 |  2560스텝 | 배송 31/50 | 재적재  5 | 정지 0.12 교착최장  15 | no_progress
Ep 916 |  5082스텝 | 배송 40/50 | 재적재  6 | 정지 0.23 교착최장  26 | no_progress
Ep 917 |  3714스텝 | 배송 33/50 | 재적재  4 | 정지 0.12 교착최장  10 | no_progress
Ep 918 |  4810스텝 | 배송 42/50 | 재적재  6 | 정지 0.13 교착최장  24 | no_progress
Ep 919 |  4563스텝 | 배송 42/50 | 재적재  7 | 정지 0.23 교착최장  37 | no_progress
Ep 920 |  4308스텝 | 배송 38/50 | 재적재  6 | 정지 0.18 교착최장  41 | no_progress
Ep 921 |  4442스텝 | 배송 42/50 | 재적재  7 | 정지 0.18 교착최장  50 | no_progress
Ep 922 |  2661스텝 | 배송 34/50 | 재적재  5 | 정지 0.08 교착최장  17 | no_progress
Ep 923 |  4891스텝 | 배송 48/50 | 재적재  8 | 정지 0.22 교착최장  32 | no_progress
Ep 924 |  4580스텝 | 배송 45/50 | 재적재  7 | 정지 0.15 교착최장  40 | no_progress
Ep 925 |  2762스텝 | 배송 28/50 | 재적재  4 | 정지 0.21 교착최장  18 | no_progress
Ep 926 |  2935스텝 | 배송 38/50 | 재적재  6 | 정지 0.13 교착최장  24 | no_progress
Ep 927 |  3899스텝 | 배송 39/50 | 재적재  6 | 정지 0.09 교착최장  10 | no_progress
Ep 928 |  4477스텝 | 배송 36/50 | 재적재  4 | 정지 0.15 교착최장  18 | no_progress
Ep 929 |  3010스텝 | 배송 34/50 | 재적재  4 | 정지 0.17 교착최장  18 | no_progress
Ep 930 |  1685스텝 | 배송 26/50 | 재적재  3 | 정지 0.14 교착최장  13 | no_progress
Ep 931 |  4116스텝 | 배송 43/50 | 재적재  7 | 정지 0.16 교착최장  10 | no_progress
Ep 932 |  3791스텝 | 배송 38/50 | 재적재  5 | 정지 0.23 교착최장  35 | no_progress
Ep 933 |  3193스텝 | 배송 39/50 | 재적재  6 | 정지 0.18 교착최장  16 | no_progress
Ep 934 |  4255스텝 | 배송 36/50 | 재적재  6 | 정지 0.22 교착최장 100 | deadlock
Ep 935 |  3306스텝 | 배송 37/50 | 재적재  6 | 정지 0.13 교착최장  12 | no_progress
Ep 936 |  2919스텝 | 배송 33/50 | 재적재  6 | 정지 0.10 교착최장  15 | no_progress
Ep 937 |  2160스텝 | 배송 26/50 | 재적재  3 | 정지 0.42 교착최장  79 | no_progress
Ep 938 |  2452스텝 | 배송 28/50 | 재적재  5 | 정지 0.13 교착최장  15 | no_progress
Ep 939 |  2161스텝 | 배송 28/50 | 재적재  4 | 정지 0.08 교착최장   7 | no_progress
Ep 940 |  4432스텝 | 배송 42/50 | 재적재  7 | 정지 0.20 교착최장  24 | no_progress
Ep 941 |  3459스텝 | 배송 38/50 | 재적재  7 | 정지 0.13 교착최장  10 | no_progress
Ep 942 |  4012스텝 | 배송 39/50 | 재적재  7 | 정지 0.18 교착최장  93 | no_progress
Ep 943 |  3766스텝 | 배송 38/50 | 재적재  6 | 정지 0.15 교착최장  84 | no_progress
Ep 944 |  4529스텝 | 배송 43/50 | 재적재  6 | 정지 0.35 교착최장 100 | deadlock
Ep 945 |  3170스텝 | 배송 39/50 | 재적재  5 | 정지 0.19 교착최장   9 | no_progress
Ep 946 |  4773스텝 | 배송 44/50 | 재적재  7 | 정지 0.26 교착최장  97 | no_progress
Ep 947 |  4237스텝 | 배송 40/50 | 재적재  6 | 정지 0.20 교착최장  46 | no_progress
Ep 948 |  4504스텝 | 배송 38/50 | 재적재  6 | 정지 0.16 교착최장  11 | no_progress
Ep 949 |  2126스텝 | 배송 27/50 | 재적재  3 | 정지 0.09 교착최장   8 | no_progress
Ep 950 |  4249스텝 | 배송 35/50 | 재적재  5 | 정지 0.13 교착최장  15 | no_progress
  [홀드아웃] 배송 16.0±3.7 재적재 0.9 2홉+ 0.55 | 최고 26.9@ep850 정체 2/15
Ep 951 |  2695스텝 | 배송 27/50 | 재적재  4 | 정지 0.08 교착최장   6 | no_progress
Ep 952 |  4500스텝 | 배송 42/50 | 재적재  6 | 정지 0.16 교착최장 100 | deadlock
Ep 953 |  3479스텝 | 배송 38/50 | 재적재  6 | 정지 0.10 교착최장   7 | no_progress
Ep 954 |  3326스텝 | 배송 39/50 | 재적재  6 | 정지 0.16 교착최장  35 | no_progress
Ep 955 |  3364스텝 | 배송 33/50 | 재적재  5 | 정지 0.12 교착최장   9 | no_progress
Ep 956 |  4744스텝 | 배송 40/50 | 재적재  8 | 정지 0.20 교착최장 100 | deadlock
Ep 957 |  3079스텝 | 배송 38/50 | 재적재  6 | 정지 0.14 교착최장  15 | no_progress
Ep 958 |  4578스텝 | 배송 41/50 | 재적재  8 | 정지 0.16 교착최장  14 | no_progress
Ep 959 |  2912스텝 | 배송 26/50 | 재적재  4 | 정지 0.21 교착최장  17 | no_progress
Ep 960 |  4000스텝 | 배송 38/50 | 재적재  5 | 정지 0.14 교착최장  10 | no_progress
Ep 961 |  3923스텝 | 배송 41/50 | 재적재  6 | 정지 0.12 교착최장   8 | no_progress
Ep 962 |  2500스텝 | 배송 33/50 | 재적재  4 | 정지 0.14 교착최장   8 | no_progress
Ep 963 |  3169스텝 | 배송 38/50 | 재적재  7 | 정지 0.12 교착최장  11 | no_progress
Ep 964 |  4513스텝 | 배송 44/50 | 재적재  7 | 정지 0.15 교착최장  25 | no_progress
Ep 965 |  3291스텝 | 배송 35/50 | 재적재  6 | 정지 0.20 교착최장 100 | deadlock
Ep 966 |  3663스텝 | 배송 45/50 | 재적재  6 | 정지 0.16 교착최장  70 | no_progress
Ep 967 |  2966스텝 | 배송 40/50 | 재적재  8 | 정지 0.13 교착최장  19 | no_progress
Ep 968 |  4847스텝 | 배송 43/50 | 재적재  7 | 정지 0.15 교착최장 100 | deadlock
Ep 969 |  3750스텝 | 배송 37/50 | 재적재  6 | 정지 0.22 교착최장  52 | no_progress
Ep 970 |  2196스텝 | 배송 32/50 | 재적재  5 | 정지 0.06 교착최장   5 | no_progress
Ep 971 |  2737스텝 | 배송 35/50 | 재적재  5 | 정지 0.10 교착최장   7 | no_progress
Ep 972 |  4497스텝 | 배송 41/50 | 재적재  7 | 정지 0.15 교착최장  12 | no_progress
Ep 973 |  3702스텝 | 배송 38/50 | 재적재  5 | 정지 0.14 교착최장  12 | no_progress
Ep 974 |  3613스텝 | 배송 31/50 | 재적재  4 | 정지 0.15 교착최장  10 | no_progress
Ep 975 |  3363스텝 | 배송 30/50 | 재적재  5 | 정지 0.09 교착최장  10 | no_progress
Ep 976 |  4914스텝 | 배송 39/50 | 재적재  7 | 정지 0.18 교착최장  20 | no_progress
Ep 977 |  3411스텝 | 배송 35/50 | 재적재  6 | 정지 0.13 교착최장  38 | no_progress
Ep 978 |  3967스텝 | 배송 36/50 | 재적재  6 | 정지 0.12 교착최장   7 | no_progress
Ep 979 |  4076스텝 | 배송 40/50 | 재적재  7 | 정지 0.13 교착최장   9 | no_progress
Ep 980 |  3212스텝 | 배송 39/50 | 재적재  6 | 정지 0.14 교착최장  29 | no_progress
Ep 981 |  3147스텝 | 배송 35/50 | 재적재  6 | 정지 0.26 교착최장  20 | no_progress
Ep 982 |  3079스텝 | 배송 34/50 | 재적재  5 | 정지 0.12 교착최장  32 | no_progress
Ep 983 |  2300스텝 | 배송 31/50 | 재적재  5 | 정지 0.07 교착최장   4 | no_progress
Ep 984 |  4373스텝 | 배송 37/50 | 재적재  5 | 정지 0.16 교착최장  13 | no_progress
Ep 985 |  3264스텝 | 배송 34/50 | 재적재  5 | 정지 0.20 교착최장  16 | no_progress
Ep 986 |  3901스텝 | 배송 40/50 | 재적재  6 | 정지 0.12 교착최장   9 | no_progress
Ep 987 |  3595스텝 | 배송 38/50 | 재적재  6 | 정지 0.14 교착최장  21 | no_progress
Ep 988 |  3569스텝 | 배송 36/50 | 재적재  6 | 정지 0.15 교착최장  24 | no_progress
Ep 989 |  4573스텝 | 배송 38/50 | 재적재  6 | 정지 0.14 교착최장  10 | no_progress
Ep 990 |  3921스텝 | 배송 38/50 | 재적재  6 | 정지 0.12 교착최장  10 | no_progress
Ep 991 |  2860스텝 | 배송 34/50 | 재적재  5 | 정지 0.11 교착최장  19 | no_progress
Ep 992 |  3351스텝 | 배송 40/50 | 재적재  6 | 정지 0.16 교착최장  13 | no_progress
Ep 993 |  4879스텝 | 배송 35/50 | 재적재  5 | 정지 0.14 교착최장  19 | no_progress
Ep 994 |  3116스텝 | 배송 34/50 | 재적재  5 | 정지 0.10 교착최장  11 | no_progress
Ep 995 |  2006스텝 | 배송 32/50 | 재적재  4 | 정지 0.08 교착최장   4 | no_progress
Ep 996 |  3001스텝 | 배송 30/50 | 재적재  6 | 정지 0.22 교착최장  35 | no_progress
Ep 997 |  3359스텝 | 배송 35/50 | 재적재  5 | 정지 0.24 교착최장  40 | no_progress
Ep 998 |  2661스텝 | 배송 29/50 | 재적재  4 | 정지 0.28 교착최장  11 | no_progress
Ep 999 |  3535스텝 | 배송 35/50 | 재적재  4 | 정지 0.21 교착최장  17 | no_progress
Ep 1000 |  3846스텝 | 배송 39/50 | 재적재  6 | 정지 0.18 교착최장  10 | no_progress
  [홀드아웃] 배송 17.2±7.5 재적재 1.2 2홉+ 0.54 | 최고 26.9@ep850 정체 3/15
Ep 1001 |  2810스텝 | 배송 34/50 | 재적재  5 | 정지 0.10 교착최장   6 | no_progress
Ep 1002 |  3585스텝 | 배송 40/50 | 재적재  7 | 정지 0.17 교착최장 100 | deadlock
Ep 1003 |  4239스텝 | 배송 37/50 | 재적재  5 | 정지 0.18 교착최장  21 | no_progress
Ep 1004 |  2619스텝 | 배송 26/50 | 재적재  3 | 정지 0.30 교착최장  32 | no_progress
Ep 1005 |  2998스텝 | 배송 28/50 | 재적재  4 | 정지 0.12 교착최장   5 | no_progress
Ep 1006 |  2268스텝 | 배송 34/50 | 재적재  6 | 정지 0.09 교착최장  10 | no_progress
Ep 1007 |  3530스텝 | 배송 39/50 | 재적재  7 | 정지 0.13 교착최장   8 | no_progress
Ep 1008 |  4360스텝 | 배송 40/50 | 재적재  7 | 정지 0.16 교착최장  46 | no_progress
Ep 1009 |  2180스텝 | 배송 26/50 | 재적재  3 | 정지 0.13 교착최장   8 | no_progress
Ep 1010 |  3636스텝 | 배송 38/50 | 재적재  5 | 정지 0.20 교착최장  30 | no_progress
Ep 1011 |  3042스텝 | 배송 34/50 | 재적재  5 | 정지 0.13 교착최장   6 | no_progress
Ep 1012 |  3217스텝 | 배송 34/50 | 재적재  5 | 정지 0.11 교착최장   6 | no_progress
Ep 1013 |  3163스텝 | 배송 32/50 | 재적재  3 | 정지 0.15 교착최장   8 | no_progress
Ep 1014 |  1948스텝 | 배송 28/50 | 재적재  3 | 정지 0.11 교착최장  15 | no_progress
Ep 1015 |  3274스텝 | 배송 39/50 | 재적재  6 | 정지 0.20 교착최장  26 | no_progress
Ep 1016 |  2752스텝 | 배송 33/50 | 재적재  6 | 정지 0.11 교착최장   8 | no_progress
Ep 1017 |  4419스텝 | 배송 38/50 | 재적재  5 | 정지 0.18 교착최장  20 | no_progress
Ep 1018 |  3322스텝 | 배송 36/50 | 재적재  6 | 정지 0.13 교착최장  13 | no_progress
Ep 1019 |  4248스텝 | 배송 42/50 | 재적재  7 | 정지 0.17 교착최장 100 | deadlock
Ep 1020 |  2098스텝 | 배송 32/50 | 재적재  5 | 정지 0.11 교착최장   6 | no_progress
Ep 1021 |  1984스텝 | 배송 28/50 | 재적재  4 | 정지 0.12 교착최장  18 | no_progress
Ep 1022 |  4050스텝 | 배송 35/50 | 재적재  5 | 정지 0.14 교착최장  12 | no_progress
Ep 1023 |  2446스텝 | 배송 35/50 | 재적재  5 | 정지 0.15 교착최장  13 | no_progress
Ep 1024 |  2473스텝 | 배송 30/50 | 재적재  5 | 정지 0.11 교착최장   7 | no_progress
Ep 1025 |  4464스텝 | 배송 38/50 | 재적재  6 | 정지 0.14 교착최장 100 | deadlock
Ep 1026 |  4255스텝 | 배송 35/50 | 재적재  5 | 정지 0.15 교착최장  11 | no_progress
Ep 1027 |  3381스텝 | 배송 37/50 | 재적재  5 | 정지 0.10 교착최장  12 | no_progress
Ep 1028 |  2716스텝 | 배송 37/50 | 재적재  6 | 정지 0.22 교착최장  25 | no_progress
Ep 1029 |  2175스텝 | 배송 31/50 | 재적재  5 | 정지 0.12 교착최장  14 | no_progress
Ep 1030 |  2456스텝 | 배송 30/50 | 재적재  4 | 정지 0.13 교착최장   5 | no_progress
Ep 1031 |  4819스텝 | 배송 41/50 | 재적재  5 | 정지 0.22 교착최장  45 | no_progress
Ep 1032 |  3794스텝 | 배송 34/50 | 재적재  5 | 정지 0.16 교착최장  13 | no_progress
Ep 1033 |  4216스텝 | 배송 43/50 | 재적재  6 | 정지 0.18 교착최장  12 | no_progress
Ep 1034 |  4450스텝 | 배송 38/50 | 재적재  5 | 정지 0.15 교착최장   9 | no_progress
Ep 1035 |  4471스텝 | 배송 38/50 | 재적재  6 | 정지 0.20 교착최장  16 | no_progress
Ep 1036 |  2742스텝 | 배송 30/50 | 재적재  4 | 정지 0.28 교착최장  62 | no_progress
Ep 1037 |  3359스텝 | 배송 38/50 | 재적재  6 | 정지 0.15 교착최장   9 | no_progress
Ep 1038 |  3642스텝 | 배송 37/50 | 재적재  7 | 정지 0.19 교착최장  24 | no_progress
Ep 1039 |  2390스텝 | 배송 31/50 | 재적재  3 | 정지 0.18 교착최장   9 | no_progress
Ep 1040 |  3063스텝 | 배송 27/50 | 재적재  4 | 정지 0.13 교착최장  10 | no_progress
Ep 1041 |  3931스텝 | 배송 37/50 | 재적재  6 | 정지 0.17 교착최장  12 | no_progress
Ep 1042 |  3316스텝 | 배송 32/50 | 재적재  4 | 정지 0.14 교착최장  18 | no_progress
Ep 1043 |  2449스텝 | 배송 28/50 | 재적재  5 | 정지 0.12 교착최장   6 | no_progress
Ep 1044 |  3312스텝 | 배송 38/50 | 재적재  5 | 정지 0.19 교착최장  23 | no_progress
Ep 1045 |  3146스텝 | 배송 42/50 | 재적재  8 | 정지 0.19 교착최장  11 | no_progress
Ep 1046 |  3324스텝 | 배송 36/50 | 재적재  5 | 정지 0.18 교착최장  27 | no_progress
Ep 1047 |  3015스텝 | 배송 35/50 | 재적재  6 | 정지 0.07 교착최장  10 | no_progress
Ep 1048 |  4023스텝 | 배송 40/50 | 재적재  6 | 정지 0.16 교착최장  27 | no_progress
Ep 1049 |  2911스텝 | 배송 31/50 | 재적재  5 | 정지 0.14 교착최장   6 | no_progress
Ep 1050 |  3852스텝 | 배송 38/50 | 재적재  5 | 정지 0.22 교착최장  37 | no_progress
  [홀드아웃] 배송 15.6±3.7 재적재 0.8 2홉+ 0.59 | 최고 26.9@ep850 정체 4/15
Ep 1051 |  3109스텝 | 배송 39/50 | 재적재  6 | 정지 0.12 교착최장  19 | no_progress
Ep 1052 |  4508스텝 | 배송 38/50 | 재적재  6 | 정지 0.22 교착최장  19 | no_progress
Ep 1053 |  1669스텝 | 배송 26/50 | 재적재  3 | 정지 0.14 교착최장   4 | no_progress
Ep 1054 |  2774스텝 | 배송 32/50 | 재적재  5 | 정지 0.09 교착최장   9 | no_progress
Ep 1055 |  5708스텝 | 배송 44/50 | 재적재  8 | 정지 0.22 교착최장  29 | no_progress
Ep 1056 |  4152스텝 | 배송 38/50 | 재적재  7 | 정지 0.12 교착최장  10 | no_progress
Ep 1057 |  3577스텝 | 배송 38/50 | 재적재  7 | 정지 0.16 교착최장  10 | no_progress
Ep 1058 |  4432스텝 | 배송 40/50 | 재적재  6 | 정지 0.16 교착최장   8 | no_progress
Ep 1059 |  3037스텝 | 배송 35/50 | 재적재  5 | 정지 0.13 교착최장  21 | no_progress
Ep 1060 |  3444스텝 | 배송 34/50 | 재적재  4 | 정지 0.25 교착최장  18 | no_progress
Ep 1061 |  4135스텝 | 배송 38/50 | 재적재  7 | 정지 0.16 교착최장   8 | no_progress
Ep 1062 |  3037스텝 | 배송 34/50 | 재적재  5 | 정지 0.19 교착최장  18 | no_progress
Ep 1063 |  3502스텝 | 배송 37/50 | 재적재  5 | 정지 0.10 교착최장   9 | no_progress
Ep 1064 |  3875스텝 | 배송 44/50 | 재적재  6 | 정지 0.18 교착최장  16 | no_progress
Ep 1065 |  2752스텝 | 배송 34/50 | 재적재  6 | 정지 0.17 교착최장   6 | no_progress
Ep 1066 |  4361스텝 | 배송 43/50 | 재적재  7 | 정지 0.11 교착최장  15 | no_progress
Ep 1067 |  2806스텝 | 배송 33/50 | 재적재  5 | 정지 0.15 교착최장  14 | no_progress
Ep 1068 |  3519스텝 | 배송 35/50 | 재적재  4 | 정지 0.21 교착최장  17 | no_progress
Ep 1069 |  3518스텝 | 배송 31/50 | 재적재  4 | 정지 0.13 교착최장   5 | no_progress
Ep 1070 |  3845스텝 | 배송 34/50 | 재적재  5 | 정지 0.14 교착최장  12 | no_progress
Ep 1071 |  4196스텝 | 배송 41/50 | 재적재  7 | 정지 0.18 교착최장  33 | no_progress
Ep 1072 |  2314스텝 | 배송 30/50 | 재적재  4 | 정지 0.12 교착최장  13 | no_progress
Ep 1073 |  3915스텝 | 배송 39/50 | 재적재  5 | 정지 0.18 교착최장  62 | no_progress
Ep 1074 |  3637스텝 | 배송 34/50 | 재적재  5 | 정지 0.17 교착최장  28 | no_progress
Ep 1075 |  5818스텝 | 배송 44/50 | 재적재  7 | 정지 0.14 교착최장  24 | no_progress
Ep 1076 |  3308스텝 | 배송 31/50 | 재적재  5 | 정지 0.07 교착최장   8 | no_progress
Ep 1077 |  2570스텝 | 배송 38/50 | 재적재  6 | 정지 0.10 교착최장   7 | no_progress
Ep 1078 |  3935스텝 | 배송 41/50 | 재적재  8 | 정지 0.17 교착최장  10 | no_progress
Ep 1079 |  5460스텝 | 배송 42/50 | 재적재  7 | 정지 0.12 교착최장  16 | no_progress
Ep 1080 |  3379스텝 | 배송 36/50 | 재적재  5 | 정지 0.16 교착최장  24 | no_progress
Ep 1081 |  4275스텝 | 배송 38/50 | 재적재  5 | 정지 0.18 교착최장  15 | no_progress
Ep 1082 |  3525스텝 | 배송 39/50 | 재적재  6 | 정지 0.15 교착최장  17 | no_progress
Ep 1083 |  3632스텝 | 배송 33/50 | 재적재  5 | 정지 0.14 교착최장   8 | no_progress
Ep 1084 |  2759스텝 | 배송 33/50 | 재적재  4 | 정지 0.11 교착최장  10 | no_progress
Ep 1085 |  4887스텝 | 배송 46/50 | 재적재  7 | 정지 0.17 교착최장  17 | no_progress
Ep 1086 |  3528스텝 | 배송 37/50 | 재적재  7 | 정지 0.15 교착최장  10 | no_progress
Ep 1087 |  5299스텝 | 배송 43/50 | 재적재  6 | 정지 0.22 교착최장  35 | no_progress
Ep 1088 |  3427스텝 | 배송 33/50 | 재적재  5 | 정지 0.18 교착최장  54 | no_progress
Ep 1089 |  2996스텝 | 배송 33/50 | 재적재  5 | 정지 0.13 교착최장  13 | no_progress
Ep 1090 |  2478스텝 | 배송 26/50 | 재적재  3 | 정지 0.10 교착최장   8 | no_progress
Ep 1091 |  2669스텝 | 배송 31/50 | 재적재  4 | 정지 0.13 교착최장  10 | no_progress
Ep 1092 |  4653스텝 | 배송 36/50 | 재적재  5 | 정지 0.22 교착최장  16 | no_progress
Ep 1093 |  3837스텝 | 배송 41/50 | 재적재  6 | 정지 0.15 교착최장  44 | no_progress
Ep 1094 |  3077스텝 | 배송 33/50 | 재적재  5 | 정지 0.11 교착최장  11 | no_progress
Ep 1095 |  3551스텝 | 배송 37/50 | 재적재  5 | 정지 0.12 교착최장  11 | no_progress
Ep 1096 |  4386스텝 | 배송 36/50 | 재적재  6 | 정지 0.11 교착최장   6 | no_progress
Ep 1097 |  4325스텝 | 배송 38/50 | 재적재  6 | 정지 0.14 교착최장  19 | no_progress
Ep 1098 |  2680스텝 | 배송 36/50 | 재적재  6 | 정지 0.10 교착최장   6 | no_progress
Ep 1099 |  1909스텝 | 배송 29/50 | 재적재  4 | 정지 0.15 교착최장   6 | no_progress
Ep 1100 |  3720스텝 | 배송 26/50 | 재적재  5 | 정지 0.27 교착최장  31 | no_progress
  [홀드아웃] 배송 17.8±3.9 재적재 1.0 2홉+ 0.57 | 최고 26.9@ep850 정체 5/15
/home/kopt/enter/envs/wsl_neuroMCTS/lib/python3.10/site-packages/pygame/pkgdata.py:25: UserWarning: pkg_resources is deprecated as an API. See https://setuptools.pypa.io/en/latest/pkg_resources.html. The pkg_resources package is slated for removal as early as 2025-11-30. Refrain from using this package or pin to Setuptools<81.
  from pkg_resources import resource_stream, resource_exists
pygame 2.6.1 (SDL 2.28.4, Python 3.10.19)
Hello from the pygame community. https://www.pygame.org/contribute.html
단계=manager 장치=cuda 반경=300.0 상위주기=20 시드=1 교착관측=True
상한=10000 교착한도=100 무배송한도=800 (초반 300ep까지 1000) gamma=0.99 미완료페널티=0.0
worker_obs=16 manager_obs=43 state=66 상위행동=7
하위 가중치 로드: weights/v3_26_09_07_17_w/best_worker.pth
재개: ep1101부터
Ep 1101 |  3762스텝 | 배송 32/50 | 재적재  5 | 정지 0.12 교착최장   9 | no_progress
Ep 1102 |  4387스텝 | 배송 44/50 | 재적재  7 | 정지 0.22 교착최장 100 | deadlock
Ep 1103 |  3934스텝 | 배송 40/50 | 재적재  8 | 정지 0.20 교착최장  15 | no_progress
Ep 1104 |  2128스텝 | 배송 34/50 | 재적재  6 | 정지 0.14 교착최장  18 | no_progress
Ep 1105 |  1584스텝 | 배송 35/50 | 재적재  6 | 정지 0.23 교착최장 100 | deadlock
Ep 1106 |  2055스텝 | 배송 25/50 | 재적재  3 | 정지 0.15 교착최장   8 | no_progress
Ep 1107 |  4376스텝 | 배송 41/50 | 재적재  7 | 정지 0.26 교착최장  99 | no_progress
Ep 1108 |  3683스텝 | 배송 41/50 | 재적재  8 | 정지 0.21 교착최장  15 | no_progress
Ep 1109 |  3819스텝 | 배송 45/50 | 재적재  9 | 정지 0.13 교착최장  13 | no_progress
Ep 1110 |  3061스텝 | 배송 40/50 | 재적재  6 | 정지 0.15 교착최장  34 | no_progress
Ep 1111 |  3542스텝 | 배송 42/50 | 재적재  7 | 정지 0.21 교착최장 100 | deadlock
Ep 1112 |  2513스텝 | 배송 43/50 | 재적재  7 | 정지 0.12 교착최장  13 | no_progress
Ep 1113 |  2787스텝 | 배송 41/50 | 재적재  8 | 정지 0.13 교착최장  14 | no_progress
Ep 1114 |  2888스텝 | 배송 46/50 | 재적재  8 | 정지 0.19 교착최장  16 | no_progress
Ep 1115 |  2798스텝 | 배송 40/50 | 재적재  7 | 정지 0.22 교착최장  21 | no_progress
Ep 1116 |  3707스텝 | 배송 40/50 | 재적재  6 | 정지 0.17 교착최장  19 | no_progress
Ep 1117 |  3238스텝 | 배송 48/50 | 재적재  8 | 정지 0.14 교착최장   9 | no_progress
Ep 1118 |  2982스텝 | 배송 50/50 | 재적재  9 | 정지 0.18 교착최장  14 | complete
Ep 1119 |  5362스텝 | 배송 45/50 | 재적재  7 | 정지 0.20 교착최장  34 | no_progress
Ep 1120 |  4250스텝 | 배송 45/50 | 재적재  8 | 정지 0.22 교착최장  23 | no_progress
Ep 1121 |  4550스텝 | 배송 48/50 | 재적재  8 | 정지 0.18 교착최장  36 | no_progress
Ep 1122 |  3780스텝 | 배송 40/50 | 재적재  7 | 정지 0.15 교착최장   8 | no_progress
Ep 1123 |  2677스텝 | 배송 33/50 | 재적재  5 | 정지 0.18 교착최장  16 | no_progress
Ep 1124 |  3660스텝 | 배송 40/50 | 재적재  6 | 정지 0.15 교착최장  28 | no_progress
Ep 1125 |  3073스텝 | 배송 34/50 | 재적재  4 | 정지 0.24 교착최장  12 | no_progress
Ep 1126 |  4332스텝 | 배송 36/50 | 재적재  6 | 정지 0.17 교착최장  29 | no_progress
Ep 1127 |  4183스텝 | 배송 45/50 | 재적재  8 | 정지 0.21 교착최장  29 | no_progress
Ep 1128 |  3077스텝 | 배송 34/50 | 재적재  6 | 정지 0.16 교착최장  19 | no_progress
Ep 1129 |  3379스텝 | 배송 36/50 | 재적재  7 | 정지 0.14 교착최장  31 | no_progress
Ep 1130 |  3726스텝 | 배송 36/50 | 재적재  7 | 정지 0.10 교착최장   6 | no_progress
Ep 1131 |  3736스텝 | 배송 44/50 | 재적재  8 | 정지 0.14 교착최장   7 | no_progress
Ep 1132 |  3407스텝 | 배송 39/50 | 재적재  5 | 정지 0.19 교착최장  21 | no_progress
Ep 1133 |  3757스텝 | 배송 39/50 | 재적재  6 | 정지 0.18 교착최장  16 | no_progress
Ep 1134 |  3511스텝 | 배송 41/50 | 재적재  6 | 정지 0.16 교착최장  11 | no_progress
Ep 1135 |  4939스텝 | 배송 48/50 | 재적재  9 | 정지 0.16 교착최장  43 | no_progress
Ep 1136 |  5343스텝 | 배송 45/50 | 재적재  8 | 정지 0.24 교착최장  57 | no_progress
Ep 1137 |  5084스텝 | 배송 45/50 | 재적재  8 | 정지 0.17 교착최장  17 | no_progress
Ep 1138 |  5281스텝 | 배송 46/50 | 재적재  7 | 정지 0.15 교착최장  20 | no_progress
Ep 1139 |  3524스텝 | 배송 39/50 | 재적재  7 | 정지 0.17 교착최장  23 | no_progress
Ep 1140 |  2869스텝 | 배송 28/50 | 재적재  3 | 정지 0.17 교착최장  15 | no_progress
Ep 1141 |  3186스텝 | 배송 44/50 | 재적재  8 | 정지 0.08 교착최장   5 | no_progress
Ep 1142 |  5032스텝 | 배송 44/50 | 재적재  8 | 정지 0.20 교착최장  13 | no_progress
Ep 1143 |  4946스텝 | 배송 44/50 | 재적재  8 | 정지 0.21 교착최장  24 | no_progress
Ep 1144 |  4189스텝 | 배송 41/50 | 재적재  8 | 정지 0.17 교착최장  17 | no_progress
Ep 1145 |  4116스텝 | 배송 44/50 | 재적재  8 | 정지 0.12 교착최장  12 | no_progress
Ep 1146 |  2267스텝 | 배송 30/50 | 재적재  6 | 정지 0.10 교착최장   4 | no_progress
Ep 1147 |  5675스텝 | 배송 43/50 | 재적재  7 | 정지 0.23 교착최장  83 | no_progress
Ep 1148 |  1919스텝 | 배송 24/50 | 재적재  3 | 정지 0.09 교착최장  10 | no_progress
Ep 1149 |  3774스텝 | 배송 39/50 | 재적재  7 | 정지 0.22 교착최장  28 | no_progress
Ep 1150 |  3332스텝 | 배송 44/50 | 재적재  8 | 정지 0.10 교착최장   6 | no_progress
  [홀드아웃] 배송 13.7±11.5 재적재 1.4 2홉+ 0.30 | 최고 13.7@ep1150 정체 0/15  ← 갱신
Ep 1151 |  2413스텝 | 배송 28/50 | 재적재  4 | 정지 0.14 교착최장   5 | no_progress
Ep 1152 |  2405스텝 | 배송 38/50 | 재적재  6 | 정지 0.14 교착최장  12 | no_progress
Ep 1153 |  2671스텝 | 배송 30/50 | 재적재  5 | 정지 0.22 교착최장  30 | no_progress
Ep 1154 |  1837스텝 | 배송 24/50 | 재적재  3 | 정지 0.18 교착최장  15 | no_progress
Ep 1155 |  2655스텝 | 배송 30/50 | 재적재  3 | 정지 0.12 교착최장   6 | no_progress
Ep 1156 |  2592스텝 | 배송 37/50 | 재적재  7 | 정지 0.09 교착최장   9 | no_progress
Ep 1157 |  3820스텝 | 배송 41/50 | 재적재  8 | 정지 0.13 교착최장  19 | no_progress
Ep 1158 |  3328스텝 | 배송 39/50 | 재적재  7 | 정지 0.18 교착최장  36 | no_progress
Ep 1159 |  6283스텝 | 배송 45/50 | 재적재  7 | 정지 0.19 교착최장  24 | no_progress
Ep 1160 |  3606스텝 | 배송 35/50 | 재적재  6 | 정지 0.07 교착최장   9 | no_progress
Ep 1161 |  5503스텝 | 배송 46/50 | 재적재  8 | 정지 0.19 교착최장  49 | no_progress
Ep 1162 |  3225스텝 | 배송 44/50 | 재적재  6 | 정지 0.17 교착최장  11 | no_progress
Ep 1163 |  4247스텝 | 배송 43/50 | 재적재  8 | 정지 0.13 교착최장  13 | no_progress
Ep 1164 |  5313스텝 | 배송 45/50 | 재적재  9 | 정지 0.11 교착최장  12 | no_progress
Ep 1165 |  4190스텝 | 배송 44/50 | 재적재  7 | 정지 0.15 교착최장   8 | no_progress
Ep 1166 |  4847스텝 | 배송 44/50 | 재적재  7 | 정지 0.21 교착최장  38 | no_progress
Ep 1167 |  6157스텝 | 배송 45/50 | 재적재  8 | 정지 0.16 교착최장  39 | no_progress
Ep 1168 |  4075스텝 | 배송 39/50 | 재적재  7 | 정지 0.13 교착최장  11 | no_progress
Ep 1169 |  3668스텝 | 배송 45/50 | 재적재  8 | 정지 0.18 교착최장  12 | no_progress
Ep 1170 |  2551스텝 | 배송 35/50 | 재적재  5 | 정지 0.15 교착최장  19 | no_progress
Ep 1171 |  2853스텝 | 배송 40/50 | 재적재  6 | 정지 0.15 교착최장   9 | no_progress
Ep 1172 |  3118스텝 | 배송 35/50 | 재적재  5 | 정지 0.26 교착최장  70 | no_progress
Ep 1173 |  2799스텝 | 배송 40/50 | 재적재  7 | 정지 0.13 교착최장  18 | no_progress
Ep 1174 |  6001스텝 | 배송 41/50 | 재적재  7 | 정지 0.19 교착최장  25 | no_progress
Ep 1175 |  3826스텝 | 배송 40/50 | 재적재  8 | 정지 0.12 교착최장  11 | no_progress
Ep 1176 |  3261스텝 | 배송 35/50 | 재적재  6 | 정지 0.18 교착최장  19 | no_progress
Ep 1177 |  3668스텝 | 배송 45/50 | 재적재  8 | 정지 0.18 교착최장  11 | no_progress
Ep 1178 |  5390스텝 | 배송 45/50 | 재적재  8 | 정지 0.14 교착최장  14 | no_progress
Ep 1179 |  5099스텝 | 배송 42/50 | 재적재  7 | 정지 0.17 교착최장  24 | no_progress
Ep 1180 |  5625스텝 | 배송 49/50 | 재적재  8 | 정지 0.21 교착최장 100 | deadlock
Ep 1181 |  3785스텝 | 배송 44/50 | 재적재  8 | 정지 0.14 교착최장   8 | no_progress
Ep 1182 |  3699스텝 | 배송 43/50 | 재적재  7 | 정지 0.17 교착최장  10 | no_progress
Ep 1183 |  4204스텝 | 배송 43/50 | 재적재  8 | 정지 0.09 교착최장  10 | no_progress
Ep 1184 |  3016스텝 | 배송 36/50 | 재적재  6 | 정지 0.17 교착최장  15 | no_progress
Ep 1185 |  2510스텝 | 배송 21/50 | 재적재  1 | 정지 0.18 교착최장  10 | no_progress
Ep 1186 |  5154스텝 | 배송 43/50 | 재적재  7 | 정지 0.18 교착최장  18 | no_progress
Ep 1187 |  5546스텝 | 배송 45/50 | 재적재  7 | 정지 0.19 교착최장  19 | no_progress
Ep 1188 |  2950스텝 | 배송 40/50 | 재적재  7 | 정지 0.15 교착최장  17 | no_progress
Ep 1189 |  4721스텝 | 배송 43/50 | 재적재  8 | 정지 0.14 교착최장   8 | no_progress
Ep 1190 |  3593스텝 | 배송 35/50 | 재적재  6 | 정지 0.15 교착최장  10 | no_progress
Ep 1191 |  4090스텝 | 배송 44/50 | 재적재  8 | 정지 0.16 교착최장  13 | no_progress
Ep 1192 |  4132스텝 | 배송 46/50 | 재적재  9 | 정지 0.12 교착최장  35 | no_progress
Ep 1193 |  5096스텝 | 배송 44/50 | 재적재  8 | 정지 0.15 교착최장  17 | no_progress
Ep 1194 |  3969스텝 | 배송 41/50 | 재적재  7 | 정지 0.13 교착최장  11 | no_progress
Ep 1195 |  4601스텝 | 배송 42/50 | 재적재  7 | 정지 0.17 교착최장  13 | no_progress
Ep 1196 |  5029스텝 | 배송 45/50 | 재적재  8 | 정지 0.27 교착최장 100 | deadlock
Ep 1197 |  4263스텝 | 배송 45/50 | 재적재  8 | 정지 0.14 교착최장  10 | no_progress
Ep 1198 |  6315스텝 | 배송 44/50 | 재적재  7 | 정지 0.15 교착최장  18 | no_progress
Ep 1199 |  3774스텝 | 배송 35/50 | 재적재  6 | 정지 0.14 교착최장  41 | no_progress
Ep 1200 |  4471스텝 | 배송 39/50 | 재적재  7 | 정지 0.11 교착최장   6 | no_progress
  [홀드아웃] 배송 22.4±9.1 재적재 2.2 2홉+ 0.51 | 최고 22.4@ep1200 정체 0/15  ← 갱신
Ep 1201 |  2991스텝 | 배송 36/50 | 재적재  5 | 정지 0.11 교착최장   7 | no_progress
Ep 1202 |  5276스텝 | 배송 46/50 | 재적재  8 | 정지 0.13 교착최장  15 | no_progress
Ep 1203 |  4403스텝 | 배송 45/50 | 재적재  7 | 정지 0.09 교착최장  12 | no_progress
Ep 1204 |  4360스텝 | 배송 41/50 | 재적재  7 | 정지 0.17 교착최장  16 | no_progress
Ep 1205 |  3142스텝 | 배송 38/50 | 재적재  6 | 정지 0.18 교착최장  20 | no_progress
Ep 1206 |  3200스텝 | 배송 34/50 | 재적재  5 | 정지 0.12 교착최장  10 | no_progress
Ep 1207 |  6335스텝 | 배송 46/50 | 재적재  7 | 정지 0.19 교착최장  17 | no_progress
Ep 1208 |  3641스텝 | 배송 40/50 | 재적재  6 | 정지 0.13 교착최장  22 | no_progress
Ep 1209 |  5633스텝 | 배송 40/50 | 재적재  6 | 정지 0.17 교착최장  24 | no_progress
Ep 1210 |  4971스텝 | 배송 40/50 | 재적재  6 | 정지 0.18 교착최장  60 | no_progress
Ep 1211 |  4273스텝 | 배송 44/50 | 재적재  8 | 정지 0.15 교착최장  16 | no_progress
Ep 1212 |  4818스텝 | 배송 43/50 | 재적재  8 | 정지 0.18 교착최장  30 | no_progress
Ep 1213 |  4216스텝 | 배송 41/50 | 재적재  7 | 정지 0.14 교착최장  17 | no_progress
Ep 1214 |  3018스텝 | 배송 36/50 | 재적재  5 | 정지 0.14 교착최장   6 | no_progress
Ep 1215 |  2638스텝 | 배송 34/50 | 재적재  5 | 정지 0.16 교착최장   8 | no_progress
Ep 1216 |  5372스텝 | 배송 44/50 | 재적재  8 | 정지 0.12 교착최장  13 | no_progress
Ep 1217 |  3831스텝 | 배송 46/50 | 재적재  8 | 정지 0.12 교착최장  19 | no_progress
Ep 1218 |  5767스텝 | 배송 47/50 | 재적재  8 | 정지 0.18 교착최장  17 | no_progress
Ep 1219 |  3267스텝 | 배송 39/50 | 재적재  6 | 정지 0.10 교착최장   7 | no_progress
Ep 1220 |  3612스텝 | 배송 40/50 | 재적재  7 | 정지 0.14 교착최장  33 | no_progress
Ep 1221 |  3555스텝 | 배송 39/50 | 재적재  7 | 정지 0.19 교착최장  42 | no_progress
Ep 1222 |  4645스텝 | 배송 41/50 | 재적재  6 | 정지 0.13 교착최장  16 | no_progress
Ep 1223 |  3843스텝 | 배송 41/50 | 재적재  5 | 정지 0.13 교착최장  12 | no_progress
Ep 1224 |  2680스텝 | 배송 28/50 | 재적재  4 | 정지 0.13 교착최장   7 | no_progress
Ep 1225 |  4810스텝 | 배송 45/50 | 재적재  9 | 정지 0.20 교착최장  10 | no_progress
Ep 1226 |  5091스텝 | 배송 36/50 | 재적재  6 | 정지 0.25 교착최장  75 | no_progress
Ep 1227 |  5364스텝 | 배송 46/50 | 재적재  8 | 정지 0.14 교착최장  17 | no_progress
Ep 1228 |  1085스텝 | 배송 11/50 | 재적재  1 | 정지 0.10 교착최장   3 | no_progress
Ep 1229 |  1291스텝 | 배송 16/50 | 재적재  1 | 정지 0.07 교착최장   3 | no_progress
Ep 1230 |  5106스텝 | 배송 40/50 | 재적재  6 | 정지 0.14 교착최장  14 | no_progress
Ep 1231 |  4903스텝 | 배송 41/50 | 재적재  6 | 정지 0.14 교착최장  11 | no_progress
Ep 1232 |  3203스텝 | 배송 31/50 | 재적재  5 | 정지 0.19 교착최장  20 | no_progress
Ep 1233 |  3631스텝 | 배송 40/50 | 재적재  5 | 정지 0.19 교착최장  20 | no_progress
Ep 1234 |  3072스텝 | 배송 38/50 | 재적재  7 | 정지 0.14 교착최장   8 | no_progress
Ep 1235 |  3050스텝 | 배송 31/50 | 재적재  4 | 정지 0.10 교착최장  13 | no_progress
Ep 1236 |  2483스텝 | 배송 37/50 | 재적재  6 | 정지 0.10 교착최장  17 | no_progress
Ep 1237 |  6531스텝 | 배송 48/50 | 재적재  8 | 정지 0.19 교착최장  67 | no_progress
Ep 1238 |  3830스텝 | 배송 40/50 | 재적재  6 | 정지 0.16 교착최장  16 | no_progress
Ep 1239 |  4220스텝 | 배송 41/50 | 재적재  6 | 정지 0.19 교착최장  25 | no_progress
Ep 1240 |  5066스텝 | 배송 42/50 | 재적재  7 | 정지 0.18 교착최장  25 | no_progress
Ep 1241 |  6562스텝 | 배송 44/50 | 재적재  8 | 정지 0.12 교착최장  18 | no_progress
Ep 1242 |  3182스텝 | 배송 37/50 | 재적재  7 | 정지 0.09 교착최장   9 | no_progress
Ep 1243 |  3812스텝 | 배송 35/50 | 재적재  6 | 정지 0.15 교착최장   8 | no_progress
Ep 1244 |  2460스텝 | 배송 33/50 | 재적재  5 | 정지 0.16 교착최장  18 | no_progress
Ep 1245 |  4545스텝 | 배송 42/50 | 재적재  7 | 정지 0.11 교착최장   8 | no_progress
Ep 1246 |  3326스텝 | 배송 35/50 | 재적재  6 | 정지 0.11 교착최장  10 | no_progress
Ep 1247 |  5099스텝 | 배송 42/50 | 재적재  6 | 정지 0.19 교착최장  13 | no_progress
Ep 1248 |  3284스텝 | 배송 35/50 | 재적재  6 | 정지 0.12 교착최장   4 | no_progress
Ep 1249 |  5505스텝 | 배송 43/50 | 재적재  8 | 정지 0.14 교착최장  15 | no_progress
Ep 1250 |  4718스텝 | 배송 42/50 | 재적재  6 | 정지 0.19 교착최장  13 | no_progress
  [홀드아웃] 배송 19.6±3.7 재적재 1.8 2홉+ 0.36 | 최고 22.4@ep1200 정체 1/15
Ep 1251 |  2301스텝 | 배송 28/50 | 재적재  4 | 정지 0.10 교착최장   5 | no_progress
Ep 1252 |  4392스텝 | 배송 41/50 | 재적재  7 | 정지 0.19 교착최장  10 | no_progress
Ep 1253 |  5250스텝 | 배송 39/50 | 재적재  6 | 정지 0.20 교착최장  36 | no_progress
Ep 1254 |  1871스텝 | 배송 28/50 | 재적재  4 | 정지 0.26 교착최장  11 | no_progress
Ep 1255 |  2463스텝 | 배송 31/50 | 재적재  4 | 정지 0.09 교착최장  10 | no_progress
Ep 1256 |  2078스텝 | 배송 34/50 | 재적재  5 | 정지 0.13 교착최장   5 | no_progress
Ep 1257 |  4131스텝 | 배송 42/50 | 재적재  7 | 정지 0.14 교착최장  10 | no_progress
Ep 1258 |  2495스텝 | 배송 31/50 | 재적재  6 | 정지 0.07 교착최장   7 | no_progress
Ep 1259 |  3623스텝 | 배송 41/50 | 재적재  7 | 정지 0.15 교착최장  15 | no_progress
Ep 1260 |  4429스텝 | 배송 43/50 | 재적재  8 | 정지 0.11 교착최장   8 | no_progress
Ep 1261 |  3168스텝 | 배송 34/50 | 재적재  5 | 정지 0.15 교착최장  10 | no_progress
Ep 1262 |  4682스텝 | 배송 39/50 | 재적재  7 | 정지 0.14 교착최장  15 | no_progress
Ep 1263 |  4264스텝 | 배송 40/50 | 재적재  6 | 정지 0.15 교착최장  20 | no_progress
Ep 1264 |  3674스텝 | 배송 38/50 | 재적재  5 | 정지 0.13 교착최장   9 | no_progress
Ep 1265 |  2988스텝 | 배송 32/50 | 재적재  4 | 정지 0.10 교착최장   9 | no_progress
Ep 1266 |  2671스텝 | 배송 34/50 | 재적재  5 | 정지 0.14 교착최장  12 | no_progress
Ep 1267 |  5433스텝 | 배송 35/50 | 재적재  5 | 정지 0.09 교착최장   9 | no_progress
Ep 1268 |  4700스텝 | 배송 42/50 | 재적재  6 | 정지 0.18 교착최장  14 | no_progress
Ep 1269 |  2054스텝 | 배송 27/50 | 재적재  3 | 정지 0.07 교착최장   6 | no_progress
Ep 1270 |  4942스텝 | 배송 44/50 | 재적재  7 | 정지 0.13 교착최장   9 | no_progress
Ep 1271 |  4676스텝 | 배송 41/50 | 재적재  5 | 정지 0.19 교착최장   9 | no_progress
Ep 1272 |  3665스텝 | 배송 43/50 | 재적재  8 | 정지 0.12 교착최장  14 | no_progress
Ep 1273 |  2594스텝 | 배송 29/50 | 재적재  5 | 정지 0.14 교착최장   9 | no_progress
Ep 1274 |  4251스텝 | 배송 44/50 | 재적재  8 | 정지 0.11 교착최장   9 | no_progress
Ep 1275 |  3030스텝 | 배송 31/50 | 재적재  3 | 정지 0.11 교착최장   9 | no_progress
Ep 1276 |  4276스텝 | 배송 43/50 | 재적재  7 | 정지 0.18 교착최장  26 | no_progress
Ep 1277 |  2203스텝 | 배송 35/50 | 재적재  6 | 정지 0.07 교착최장   5 | no_progress
Ep 1278 |  4191스텝 | 배송 37/50 | 재적재  6 | 정지 0.18 교착최장  17 | no_progress
Ep 1279 |  2796스텝 | 배송 37/50 | 재적재  6 | 정지 0.09 교착최장  10 | no_progress
Ep 1280 |  4180스텝 | 배송 40/50 | 재적재  5 | 정지 0.20 교착최장  17 | no_progress
Ep 1281 |  3247스텝 | 배송 35/50 | 재적재  6 | 정지 0.14 교착최장  10 | no_progress
Ep 1282 |  2170스텝 | 배송 31/50 | 재적재  4 | 정지 0.08 교착최장   5 | no_progress
Ep 1283 |  2536스텝 | 배송 32/50 | 재적재  5 | 정지 0.11 교착최장   7 | no_progress
Ep 1284 |  3285스텝 | 배송 31/50 | 재적재  4 | 정지 0.14 교착최장  12 | no_progress
Ep 1285 |  2735스텝 | 배송 34/50 | 재적재  5 | 정지 0.10 교착최장  10 | no_progress
Ep 1286 |  3655스텝 | 배송 35/50 | 재적재  5 | 정지 0.12 교착최장  10 | no_progress
Ep 1287 |  2847스텝 | 배송 34/50 | 재적재  5 | 정지 0.22 교착최장  18 | no_progress
Ep 1288 |  1331스텝 | 배송 23/50 | 재적재  3 | 정지 0.14 교착최장 100 | deadlock
Ep 1289 |  4693스텝 | 배송 37/50 | 재적재  6 | 정지 0.17 교착최장  15 | no_progress
Ep 1290 |  2296스텝 | 배송 31/50 | 재적재  4 | 정지 0.08 교착최장   5 | no_progress
Ep 1291 |  2738스텝 | 배송 36/50 | 재적재  6 | 정지 0.18 교착최장  18 | no_progress
Ep 1292 |  3256스텝 | 배송 40/50 | 재적재  7 | 정지 0.11 교착최장  12 | no_progress
Ep 1293 |  1929스텝 | 배송 29/50 | 재적재  5 | 정지 0.08 교착최장  10 | no_progress
Ep 1294 |  3336스텝 | 배송 42/50 | 재적재  7 | 정지 0.20 교착최장  20 | no_progress
Ep 1295 |  3939스텝 | 배송 37/50 | 재적재  6 | 정지 0.14 교착최장  16 | no_progress
Ep 1296 |  5620스텝 | 배송 41/50 | 재적재  7 | 정지 0.13 교착최장  18 | no_progress
Ep 1297 |  5329스텝 | 배송 45/50 | 재적재  7 | 정지 0.20 교착최장  36 | no_progress
Ep 1298 |  1941스텝 | 배송 29/50 | 재적재  4 | 정지 0.11 교착최장  10 | no_progress
Ep 1299 |  4028스텝 | 배송 38/50 | 재적재  6 | 정지 0.17 교착최장  11 | no_progress
Ep 1300 |  2299스텝 | 배송 33/50 | 재적재  5 | 정지 0.12 교착최장   9 | no_progress
  [홀드아웃] 배송 20.6±6.0 재적재 2.3 2홉+ 0.43 | 최고 22.4@ep1200 정체 2/15
Ep 1301 |  2246스텝 | 배송 28/50 | 재적재  4 | 정지 0.11 교착최장  15 | no_progress
Ep 1302 |  3898스텝 | 배송 35/50 | 재적재  6 | 정지 0.13 교착최장  11 | no_progress
Ep 1303 |  2597스텝 | 배송 40/50 | 재적재  8 | 정지 0.12 교착최장  14 | no_progress
Ep 1304 |  2498스텝 | 배송 28/50 | 재적재  4 | 정지 0.10 교착최장   4 | no_progress
Ep 1305 |  3778스텝 | 배송 41/50 | 재적재  5 | 정지 0.22 교착최장  16 | no_progress
Ep 1306 |  4601스텝 | 배송 42/50 | 재적재  5 | 정지 0.16 교착최장  21 | no_progress
Ep 1307 |  5087스텝 | 배송 43/50 | 재적재  7 | 정지 0.18 교착최장  19 | no_progress
Ep 1308 |  4249스텝 | 배송 40/50 | 재적재  6 | 정지 0.15 교착최장   8 | no_progress
Ep 1309 |  4611스텝 | 배송 41/50 | 재적재  7 | 정지 0.25 교착최장  41 | no_progress
Ep 1310 |  4400스텝 | 배송 39/50 | 재적재  7 | 정지 0.12 교착최장   7 | no_progress
Ep 1311 |  3657스텝 | 배송 40/50 | 재적재  6 | 정지 0.13 교착최장   9 | no_progress
Ep 1312 |  4450스텝 | 배송 42/50 | 재적재  7 | 정지 0.15 교착최장  12 | no_progress
Ep 1313 |  5220스텝 | 배송 46/50 | 재적재  7 | 정지 0.20 교착최장  41 | no_progress
Ep 1314 |  2900스텝 | 배송 37/50 | 재적재  6 | 정지 0.14 교착최장  15 | no_progress
Ep 1315 |  2921스텝 | 배송 35/50 | 재적재  6 | 정지 0.12 교착최장  20 | no_progress
Ep 1316 |  4090스텝 | 배송 37/50 | 재적재  5 | 정지 0.13 교착최장  20 | no_progress
Ep 1317 |  4067스텝 | 배송 40/50 | 재적재  7 | 정지 0.16 교착최장  13 | no_progress
Ep 1318 |  7294스텝 | 배송 47/50 | 재적재  8 | 정지 0.23 교착최장  75 | no_progress
Ep 1319 |  2234스텝 | 배송 28/50 | 재적재  3 | 정지 0.09 교착최장   6 | no_progress
Ep 1320 |  3619스텝 | 배송 36/50 | 재적재  5 | 정지 0.19 교착최장  17 | no_progress
Ep 1321 |  4415스텝 | 배송 39/50 | 재적재  6 | 정지 0.14 교착최장   7 | no_progress
Ep 1322 |  3797스텝 | 배송 40/50 | 재적재  7 | 정지 0.18 교착최장  20 | no_progress
Ep 1323 |  2959스텝 | 배송 32/50 | 재적재  5 | 정지 0.17 교착최장  24 | no_progress
Ep 1324 |  3576스텝 | 배송 36/50 | 재적재  5 | 정지 0.19 교착최장  15 | no_progress
Ep 1325 |  4097스텝 | 배송 39/50 | 재적재  7 | 정지 0.15 교착최장  21 | no_progress
Ep 1326 |  3000스텝 | 배송 35/50 | 재적재  5 | 정지 0.09 교착최장  11 | no_progress
Ep 1327 |  4884스텝 | 배송 38/50 | 재적재  5 | 정지 0.14 교착최장  10 | no_progress
Ep 1328 |  5237스텝 | 배송 41/50 | 재적재  6 | 정지 0.15 교착최장  19 | no_progress
Ep 1329 |  3929스텝 | 배송 44/50 | 재적재  8 | 정지 0.15 교착최장  21 | no_progress
Ep 1330 |  4012스텝 | 배송 41/50 | 재적재  7 | 정지 0.12 교착최장  12 | no_progress
Ep 1331 |  3295스텝 | 배송 36/50 | 재적재  6 | 정지 0.17 교착최장  13 | no_progress
Ep 1332 |  2593스텝 | 배송 35/50 | 재적재  6 | 정지 0.12 교착최장   9 | no_progress
Ep 1333 |  3669스텝 | 배송 40/50 | 재적재  7 | 정지 0.12 교착최장   9 | no_progress
Ep 1334 |  4703스텝 | 배송 44/50 | 재적재  7 | 정지 0.15 교착최장  17 | no_progress
Ep 1335 |  4110스텝 | 배송 38/50 | 재적재  6 | 정지 0.12 교착최장  12 | no_progress
Ep 1336 |  2626스텝 | 배송 29/50 | 재적재  4 | 정지 0.11 교착최장  10 | no_progress
Ep 1337 |  3611스텝 | 배송 37/50 | 재적재  6 | 정지 0.11 교착최장  11 | no_progress
Ep 1338 |  4084스텝 | 배송 43/50 | 재적재  6 | 정지 0.19 교착최장  16 | no_progress
Ep 1339 |  4053스텝 | 배송 40/50 | 재적재  6 | 정지 0.16 교착최장   9 | no_progress
Ep 1340 |  3412스텝 | 배송 38/50 | 재적재  6 | 정지 0.21 교착최장  31 | no_progress
Ep 1341 |  5180스텝 | 배송 44/50 | 재적재  8 | 정지 0.16 교착최장  11 | no_progress
Ep 1342 |  5095스텝 | 배송 42/50 | 재적재  6 | 정지 0.28 교착최장  77 | no_progress
Ep 1343 |  3700스텝 | 배송 37/50 | 재적재  6 | 정지 0.12 교착최장  16 | no_progress
Ep 1344 |  3344스텝 | 배송 40/50 | 재적재  7 | 정지 0.16 교착최장   8 | no_progress
Ep 1345 |  4618스텝 | 배송 43/50 | 재적재  7 | 정지 0.15 교착최장  90 | no_progress
Ep 1346 |  3264스텝 | 배송 34/50 | 재적재  6 | 정지 0.16 교착최장   7 | no_progress
Ep 1347 |  5159스텝 | 배송 42/50 | 재적재  5 | 정지 0.15 교착최장  12 | no_progress
Ep 1348 |  4517스텝 | 배송 38/50 | 재적재  5 | 정지 0.17 교착최장  26 | no_progress
Ep 1349 |  4838스텝 | 배송 40/50 | 재적재  6 | 정지 0.20 교착최장  12 | no_progress
Ep 1350 |  4697스텝 | 배송 45/50 | 재적재  6 | 정지 0.18 교착최장  18 | no_progress
  [홀드아웃] 배송 16.5±2.7 재적재 0.8 2홉+ 0.34 | 최고 22.4@ep1200 정체 3/15
Ep 1351 |  3403스텝 | 배송 34/50 | 재적재  4 | 정지 0.11 교착최장  13 | no_progress
Ep 1352 |  4674스텝 | 배송 37/50 | 재적재  5 | 정지 0.14 교착최장  12 | no_progress
Ep 1353 |  4312스텝 | 배송 39/50 | 재적재  7 | 정지 0.14 교착최장  11 | no_progress
Ep 1354 |  2302스텝 | 배송 28/50 | 재적재  5 | 정지 0.06 교착최장   9 | no_progress
Ep 1355 |  2413스텝 | 배송 30/50 | 재적재  5 | 정지 0.12 교착최장  15 | no_progress
Ep 1356 |  4522스텝 | 배송 45/50 | 재적재  7 | 정지 0.23 교착최장 100 | deadlock
Ep 1357 |  2919스텝 | 배송 28/50 | 재적재  4 | 정지 0.07 교착최장   4 | no_progress
Ep 1358 |  3313스텝 | 배송 40/50 | 재적재  8 | 정지 0.13 교착최장  10 | no_progress
Ep 1359 |  3483스텝 | 배송 41/50 | 재적재  7 | 정지 0.15 교착최장  13 | no_progress
Ep 1360 |  5014스텝 | 배송 43/50 | 재적재  7 | 정지 0.16 교착최장  92 | no_progress
Ep 1361 |  4001스텝 | 배송 37/50 | 재적재  5 | 정지 0.12 교착최장  15 | no_progress
Ep 1362 |  3587스텝 | 배송 38/50 | 재적재  5 | 정지 0.21 교착최장  53 | no_progress
Ep 1363 |  3581스텝 | 배송 38/50 | 재적재  5 | 정지 0.20 교착최장  20 | no_progress
Ep 1364 |  4480스텝 | 배송 40/50 | 재적재  7 | 정지 0.15 교착최장   9 | no_progress
Ep 1365 |  3108스텝 | 배송 39/50 | 재적재  5 | 정지 0.11 교착최장  27 | no_progress
Ep 1366 |  4591스텝 | 배송 41/50 | 재적재  7 | 정지 0.19 교착최장  20 | no_progress
Ep 1367 |  3019스텝 | 배송 31/50 | 재적재  4 | 정지 0.13 교착최장   8 | no_progress
Ep 1368 |  1850스텝 | 배송 32/50 | 재적재  4 | 정지 0.13 교착최장  11 | no_progress
Ep 1369 |  2682스텝 | 배송 36/50 | 재적재  5 | 정지 0.15 교착최장  18 | no_progress
Ep 1370 |  2688스텝 | 배송 31/50 | 재적재  4 | 정지 0.15 교착최장  10 | no_progress
Ep 1371 |  3151스텝 | 배송 32/50 | 재적재  5 | 정지 0.14 교착최장   7 | no_progress
Ep 1372 |  3757스텝 | 배송 36/50 | 재적재  5 | 정지 0.11 교착최장   8 | no_progress
Ep 1373 |  5289스텝 | 배송 44/50 | 재적재  6 | 정지 0.25 교착최장  32 | no_progress
Ep 1374 |  3279스텝 | 배송 38/50 | 재적재  7 | 정지 0.14 교착최장  15 | no_progress
Ep 1375 |  3169스텝 | 배송 33/50 | 재적재  5 | 정지 0.13 교착최장  15 | no_progress
Ep 1376 |  4098스텝 | 배송 39/50 | 재적재  7 | 정지 0.16 교착최장  27 | no_progress
Ep 1377 |  3623스텝 | 배송 37/50 | 재적재  7 | 정지 0.10 교착최장  10 | no_progress
Ep 1378 |  4524스텝 | 배송 42/50 | 재적재  5 | 정지 0.16 교착최장  16 | no_progress
Ep 1379 |  3495스텝 | 배송 38/50 | 재적재  7 | 정지 0.16 교착최장  10 | no_progress
Ep 1380 |  4484스텝 | 배송 40/50 | 재적재  6 | 정지 0.17 교착최장  11 | no_progress
Ep 1381 |  2531스텝 | 배송 33/50 | 재적재  5 | 정지 0.15 교착최장  19 | no_progress
Ep 1382 |  3353스텝 | 배송 38/50 | 재적재  5 | 정지 0.18 교착최장  10 | no_progress
Ep 1383 |  4911스텝 | 배송 42/50 | 재적재  7 | 정지 0.26 교착최장 100 | deadlock
Ep 1384 |  3693스텝 | 배송 35/50 | 재적재  6 | 정지 0.23 교착최장  39 | no_progress
Ep 1385 |  5168스텝 | 배송 40/50 | 재적재  7 | 정지 0.13 교착최장  27 | no_progress
Ep 1386 |  4819스텝 | 배송 41/50 | 재적재  6 | 정지 0.23 교착최장  29 | no_progress
Ep 1387 |  3619스텝 | 배송 39/50 | 재적재  6 | 정지 0.22 교착최장  51 | no_progress
Ep 1388 |  4943스텝 | 배송 39/50 | 재적재  6 | 정지 0.18 교착최장  18 | no_progress
Ep 1389 |  3902스텝 | 배송 36/50 | 재적재  5 | 정지 0.16 교착최장  11 | no_progress
Ep 1390 |  2695스텝 | 배송 36/50 | 재적재  7 | 정지 0.10 교착최장  10 | no_progress
Ep 1391 |  3406스텝 | 배송 39/50 | 재적재  6 | 정지 0.21 교착최장  14 | no_progress
Ep 1392 |  4305스텝 | 배송 36/50 | 재적재  6 | 정지 0.17 교착최장  11 | no_progress
Ep 1393 |  3912스텝 | 배송 39/50 | 재적재  7 | 정지 0.16 교착최장  17 | no_progress
Ep 1394 |  4142스텝 | 배송 33/50 | 재적재  5 | 정지 0.15 교착최장  15 | no_progress
Ep 1395 |  4103스텝 | 배송 36/50 | 재적재  6 | 정지 0.14 교착최장  18 | no_progress
Ep 1396 |  4628스텝 | 배송 39/50 | 재적재  7 | 정지 0.15 교착최장  10 | no_progress
Ep 1397 |  3762스텝 | 배송 33/50 | 재적재  5 | 정지 0.09 교착최장  14 | no_progress
Ep 1398 |  2559스텝 | 배송 35/50 | 재적재  5 | 정지 0.21 교착최장  17 | no_progress
Ep 1399 |  2908스텝 | 배송 40/50 | 재적재  6 | 정지 0.19 교착최장   6 | no_progress
Ep 1400 |  3035스텝 | 배송 41/50 | 재적재  5 | 정지 0.14 교착최장  20 | no_progress
  [홀드아웃] 배송 17.0±6.6 재적재 1.3 2홉+ 0.52 | 최고 22.4@ep1200 정체 4/15
Ep 1401 |  3305스텝 | 배송 34/50 | 재적재  5 | 정지 0.11 교착최장   6 | no_progress
Ep 1402 |  2089스텝 | 배송 31/50 | 재적재  5 | 정지 0.39 교착최장  55 | no_progress
Ep 1403 |  3509스텝 | 배송 38/50 | 재적재  5 | 정지 0.19 교착최장  64 | no_progress
Ep 1404 |  3498스텝 | 배송 39/50 | 재적재  6 | 정지 0.28 교착최장  97 | no_progress
Ep 1405 |  3448스텝 | 배송 40/50 | 재적재  6 | 정지 0.14 교착최장 100 | deadlock
Ep 1406 |  4441스텝 | 배송 38/50 | 재적재  5 | 정지 0.14 교착최장  18 | no_progress
Ep 1407 |  3850스텝 | 배송 36/50 | 재적재  6 | 정지 0.13 교착최장  15 | no_progress
Ep 1408 |  3820스텝 | 배송 44/50 | 재적재  8 | 정지 0.18 교착최장   7 | no_progress
Ep 1409 |  3575스텝 | 배송 39/50 | 재적재  7 | 정지 0.11 교착최장  12 | no_progress
Ep 1410 |  3665스텝 | 배송 36/50 | 재적재  5 | 정지 0.12 교착최장  11 | no_progress
Ep 1411 |  2575스텝 | 배송 34/50 | 재적재  5 | 정지 0.08 교착최장   8 | no_progress
Ep 1412 |  3553스텝 | 배송 37/50 | 재적재  5 | 정지 0.16 교착최장  15 | no_progress
Ep 1413 |  4960스텝 | 배송 43/50 | 재적재  7 | 정지 0.28 교착최장  30 | no_progress
Ep 1414 |  4176스텝 | 배송 34/50 | 재적재  4 | 정지 0.11 교착최장  18 | no_progress
Ep 1415 |  4241스텝 | 배송 35/50 | 재적재  4 | 정지 0.19 교착최장  48 | no_progress
Ep 1416 |  2564스텝 | 배송 27/50 | 재적재  2 | 정지 0.11 교착최장   8 | no_progress
Ep 1417 |  2951스텝 | 배송 33/50 | 재적재  6 | 정지 0.10 교착최장  13 | no_progress
Ep 1418 |  3794스텝 | 배송 39/50 | 재적재  6 | 정지 0.15 교착최장   8 | no_progress
Ep 1419 |  1979스텝 | 배송 29/50 | 재적재  4 | 정지 0.12 교착최장   9 | no_progress
Ep 1420 |  2209스텝 | 배송 31/50 | 재적재  5 | 정지 0.14 교착최장   7 | no_progress
Ep 1421 |  4200스텝 | 배송 39/50 | 재적재  6 | 정지 0.18 교착최장  27 | no_progress
Ep 1422 |  4225스텝 | 배송 37/50 | 재적재  5 | 정지 0.23 교착최장  50 | no_progress
Ep 1423 |  4000스텝 | 배송 36/50 | 재적재  6 | 정지 0.24 교착최장  24 | no_progress
Ep 1424 |  3440스텝 | 배송 39/50 | 재적재  7 | 정지 0.11 교착최장  10 | no_progress
Ep 1425 |  3722스텝 | 배송 37/50 | 재적재  6 | 정지 0.15 교착최장  13 | no_progress
Ep 1426 |  1752스텝 | 배송 29/50 | 재적재  4 | 정지 0.13 교착최장   7 | no_progress
Ep 1427 |  3914스텝 | 배송 35/50 | 재적재  5 | 정지 0.19 교착최장   6 | no_progress
Ep 1428 |  4777스텝 | 배송 42/50 | 재적재  8 | 정지 0.17 교착최장  15 | no_progress
Ep 1429 |  3265스텝 | 배송 41/50 | 재적재  7 | 정지 0.25 교착최장  19 | no_progress
Ep 1430 |  2446스텝 | 배송 35/50 | 재적재  5 | 정지 0.08 교착최장  10 | no_progress
Ep 1431 |  2309스텝 | 배송 34/50 | 재적재  6 | 정지 0.12 교착최장   7 | no_progress
Ep 1432 |  3087스텝 | 배송 35/50 | 재적재  4 | 정지 0.13 교착최장  12 | no_progress
Ep 1433 |  2785스텝 | 배송 31/50 | 재적재  5 | 정지 0.27 교착최장  51 | no_progress
Ep 1434 |  3037스텝 | 배송 39/50 | 재적재  5 | 정지 0.16 교착최장   8 | no_progress
Ep 1435 |  4742스텝 | 배송 46/50 | 재적재  7 | 정지 0.30 교착최장  64 | no_progress
Ep 1436 |  3595스텝 | 배송 41/50 | 재적재  7 | 정지 0.10 교착최장  13 | no_progress
Ep 1437 |  2599스텝 | 배송 32/50 | 재적재  4 | 정지 0.17 교착최장  10 | no_progress
Ep 1438 |  3188스텝 | 배송 36/50 | 재적재  7 | 정지 0.19 교착최장  15 | no_progress
Ep 1439 |  2746스텝 | 배송 30/50 | 재적재  5 | 정지 0.11 교착최장   7 | no_progress
Ep 1440 |  3509스텝 | 배송 41/50 | 재적재  5 | 정지 0.22 교착최장  29 | no_progress
Ep 1441 |  2145스텝 | 배송 30/50 | 재적재  4 | 정지 0.15 교착최장  12 | no_progress
Ep 1442 |  3714스텝 | 배송 42/50 | 재적재  7 | 정지 0.21 교착최장  37 | no_progress
Ep 1443 |  3738스텝 | 배송 40/50 | 재적재  6 | 정지 0.18 교착최장  18 | no_progress
Ep 1444 |  5546스텝 | 배송 43/50 | 재적재  8 | 정지 0.14 교착최장  41 | no_progress
Ep 1445 |  3541스텝 | 배송 39/50 | 재적재  5 | 정지 0.17 교착최장 100 | deadlock
Ep 1446 |  2725스텝 | 배송 36/50 | 재적재  7 | 정지 0.12 교착최장   9 | no_progress
Ep 1447 |  3672스텝 | 배송 41/50 | 재적재  8 | 정지 0.19 교착최장  18 | no_progress
Ep 1448 |  3669스텝 | 배송 36/50 | 재적재  5 | 정지 0.15 교착최장  14 | no_progress
Ep 1449 |  5101스텝 | 배송 43/50 | 재적재  7 | 정지 0.21 교착최장  10 | no_progress
Ep 1450 |  4215스텝 | 배송 43/50 | 재적재  7 | 정지 0.16 교착최장  10 | no_progress
  [홀드아웃] 배송 21.8±6.3 재적재 2.3 2홉+ 0.43 | 최고 22.4@ep1200 정체 5/15
Ep 1451 |  4027스텝 | 배송 41/50 | 재적재  7 | 정지 0.15 교착최장   9 | no_progress
Ep 1452 |  3254스텝 | 배송 40/50 | 재적재  6 | 정지 0.16 교착최장  11 | no_progress
Ep 1453 |  4971스텝 | 배송 43/50 | 재적재  7 | 정지 0.23 교착최장  25 | no_progress
Ep 1454 |  4124스텝 | 배송 43/50 | 재적재  7 | 정지 0.17 교착최장  48 | no_progress
Ep 1455 |  3895스텝 | 배송 39/50 | 재적재  5 | 정지 0.17 교착최장  20 | no_progress
Ep 1456 |  3471스텝 | 배송 41/50 | 재적재  7 | 정지 0.16 교착최장  17 | no_progress
Ep 1457 |  2983스텝 | 배송 41/50 | 재적재  6 | 정지 0.23 교착최장 100 | deadlock
Ep 1458 |  3088스텝 | 배송 38/50 | 재적재  6 | 정지 0.22 교착최장  38 | no_progress
Ep 1459 |  2973스텝 | 배송 38/50 | 재적재  7 | 정지 0.11 교착최장   5 | no_progress
Ep 1460 |  3369스텝 | 배송 39/50 | 재적재  6 | 정지 0.25 교착최장  51 | no_progress
Ep 1461 |  3048스텝 | 배송 43/50 | 재적재  8 | 정지 0.21 교착최장  94 | no_progress
Ep 1462 |  4518스텝 | 배송 42/50 | 재적재  7 | 정지 0.16 교착최장  35 | no_progress
Ep 1463 |  3535스텝 | 배송 45/50 | 재적재  9 | 정지 0.10 교착최장   9 | no_progress
Ep 1464 |  2411스텝 | 배송 31/50 | 재적재  4 | 정지 0.06 교착최장   4 | no_progress
Ep 1465 |  4148스텝 | 배송 38/50 | 재적재  5 | 정지 0.16 교착최장  13 | no_progress
Ep 1466 |  2813스텝 | 배송 37/50 | 재적재  5 | 정지 0.13 교착최장  10 | no_progress
Ep 1467 |  4747스텝 | 배송 43/50 | 재적재  6 | 정지 0.19 교착최장  30 | no_progress
Ep 1468 |  3244스텝 | 배송 39/50 | 재적재  5 | 정지 0.17 교착최장  11 | no_progress
Ep 1469 |  4342스텝 | 배송 42/50 | 재적재  7 | 정지 0.17 교착최장  14 | no_progress
Ep 1470 |  3584스텝 | 배송 43/50 | 재적재  8 | 정지 0.13 교착최장  10 | no_progress
Ep 1471 |  4715스텝 | 배송 39/50 | 재적재  6 | 정지 0.20 교착최장  14 | no_progress
Ep 1472 |  2964스텝 | 배송 36/50 | 재적재  5 | 정지 0.17 교착최장  21 | no_progress
Ep 1473 |  4714스텝 | 배송 42/50 | 재적재  7 | 정지 0.16 교착최장  14 | no_progress
Ep 1474 |  2807스텝 | 배송 33/50 | 재적재  4 | 정지 0.15 교착최장  11 | no_progress
Ep 1475 |  4053스텝 | 배송 43/50 | 재적재  6 | 정지 0.20 교착최장  26 | no_progress
Ep 1476 |  3980스텝 | 배송 38/50 | 재적재  6 | 정지 0.10 교착최장  14 | no_progress
Ep 1477 |  4396스텝 | 배송 47/50 | 재적재  7 | 정지 0.21 교착최장  31 | no_progress
Ep 1478 |  3513스텝 | 배송 43/50 | 재적재  6 | 정지 0.27 교착최장  50 | no_progress
Ep 1479 |  4042스텝 | 배송 39/50 | 재적재  5 | 정지 0.19 교착최장  60 | no_progress
Ep 1480 |  2522스텝 | 배송 29/50 | 재적재  4 | 정지 0.17 교착최장  13 | no_progress
Ep 1481 |  3910스텝 | 배송 38/50 | 재적재  6 | 정지 0.13 교착최장   6 | no_progress
Ep 1482 |  2432스텝 | 배송 41/50 | 재적재  6 | 정지 0.23 교착최장 100 | deadlock
Ep 1483 |  2917스텝 | 배송 33/50 | 재적재  5 | 정지 0.18 교착최장  36 | no_progress
Ep 1484 |  4160스텝 | 배송 41/50 | 재적재  6 | 정지 0.20 교착최장  20 | no_progress
Ep 1485 |  3845스텝 | 배송 38/50 | 재적재  4 | 정지 0.23 교착최장  13 | no_progress
Ep 1486 |  2504스텝 | 배송 38/50 | 재적재  6 | 정지 0.18 교착최장  10 | no_progress
Ep 1487 |  3455스텝 | 배송 41/50 | 재적재  6 | 정지 0.27 교착최장  11 | no_progress
Ep 1488 |  3244스텝 | 배송 35/50 | 재적재  6 | 정지 0.14 교착최장  10 | no_progress
Ep 1489 |  5041스텝 | 배송 39/50 | 재적재  6 | 정지 0.16 교착최장   8 | no_progress
Ep 1490 |  2862스텝 | 배송 38/50 | 재적재  6 | 정지 0.16 교착최장  11 | no_progress
Ep 1491 |  2955스텝 | 배송 36/50 | 재적재  5 | 정지 0.14 교착최장  12 | no_progress
Ep 1492 |  3659스텝 | 배송 42/50 | 재적재  6 | 정지 0.21 교착최장   8 | no_progress
Ep 1493 |  2757스텝 | 배송 35/50 | 재적재  6 | 정지 0.10 교착최장  10 | no_progress
Ep 1494 |  3166스텝 | 배송 41/50 | 재적재  8 | 정지 0.16 교착최장  12 | no_progress
Ep 1495 |  2900스텝 | 배송 39/50 | 재적재  7 | 정지 0.09 교착최장  14 | no_progress
Ep 1496 |  2990스텝 | 배송 42/50 | 재적재  5 | 정지 0.17 교착최장  19 | no_progress
Ep 1497 |  2775스텝 | 배송 38/50 | 재적재  6 | 정지 0.15 교착최장  13 | no_progress
Ep 1498 |  4604스텝 | 배송 41/50 | 재적재  6 | 정지 0.14 교착최장  10 | no_progress
Ep 1499 |  3895스텝 | 배송 36/50 | 재적재  6 | 정지 0.13 교착최장  16 | no_progress
Ep 1500 |  4003스텝 | 배송 39/50 | 재적재  6 | 정지 0.13 교착최장  15 | no_progress
  [홀드아웃] 배송 16.3±3.4 재적재 1.2 2홉+ 0.30 | 최고 22.4@ep1200 정체 6/15
Ep 1501 |  2891스텝 | 배송 31/50 | 재적재  3 | 정지 0.10 교착최장   6 | no_progress
Ep 1502 |  3227스텝 | 배송 38/50 | 재적재  5 | 정지 0.13 교착최장  12 | no_progress
Ep 1503 |  3319스텝 | 배송 35/50 | 재적재  6 | 정지 0.10 교착최장  10 | no_progress
Ep 1504 |  3416스텝 | 배송 39/50 | 재적재  6 | 정지 0.23 교착최장  14 | no_progress
Ep 1505 |  3821스텝 | 배송 39/50 | 재적재  6 | 정지 0.10 교착최장  10 | no_progress
Ep 1506 |  3453스텝 | 배송 33/50 | 재적재  4 | 정지 0.14 교착최장  16 | no_progress
Ep 1507 |  4070스텝 | 배송 39/50 | 재적재  6 | 정지 0.17 교착최장  12 | no_progress
Ep 1508 |  2831스텝 | 배송 39/50 | 재적재  7 | 정지 0.09 교착최장   7 | no_progress
Ep 1509 |  2115스텝 | 배송 29/50 | 재적재  5 | 정지 0.09 교착최장   6 | no_progress
Ep 1510 |  3746스텝 | 배송 43/50 | 재적재  7 | 정지 0.18 교착최장  15 | no_progress
Ep 1511 |  2733스텝 | 배송 40/50 | 재적재  6 | 정지 0.21 교착최장 100 | deadlock
Ep 1512 |  2882스텝 | 배송 30/50 | 재적재  4 | 정지 0.15 교착최장  14 | no_progress
Ep 1513 |  4015스텝 | 배송 32/50 | 재적재  4 | 정지 0.13 교착최장   6 | no_progress
Ep 1514 |  2251스텝 | 배송 31/50 | 재적재  3 | 정지 0.13 교착최장  12 | no_progress
Ep 1515 |  3597스텝 | 배송 38/50 | 재적재  6 | 정지 0.22 교착최장 100 | deadlock
Ep 1516 |  3365스텝 | 배송 39/50 | 재적재  5 | 정지 0.12 교착최장  10 | no_progress
Ep 1517 |  3873스텝 | 배송 40/50 | 재적재  7 | 정지 0.19 교착최장  45 | no_progress
Ep 1518 |  3338스텝 | 배송 33/50 | 재적재  5 | 정지 0.12 교착최장  12 | no_progress
Ep 1519 |  4079스텝 | 배송 40/50 | 재적재  5 | 정지 0.20 교착최장  38 | no_progress
Ep 1520 |  4595스텝 | 배송 36/50 | 재적재  6 | 정지 0.12 교착최장  14 | no_progress
Ep 1521 |  3700스텝 | 배송 37/50 | 재적재  4 | 정지 0.10 교착최장  14 | no_progress
Ep 1522 |  2210스텝 | 배송 28/50 | 재적재  5 | 정지 0.14 교착최장  12 | no_progress
Ep 1523 |  5922스텝 | 배송 39/50 | 재적재  7 | 정지 0.15 교착최장  58 | no_progress
Ep 1524 |  4692스텝 | 배송 37/50 | 재적재  5 | 정지 0.21 교착최장  91 | no_progress
Ep 1525 |  2844스텝 | 배송 31/50 | 재적재  4 | 정지 0.13 교착최장  13 | no_progress
Ep 1526 |  4809스텝 | 배송 41/50 | 재적재  5 | 정지 0.20 교착최장  22 | no_progress
Ep 1527 |  3410스텝 | 배송 37/50 | 재적재  5 | 정지 0.11 교착최장  12 | no_progress
Ep 1528 |  3426스텝 | 배송 36/50 | 재적재  5 | 정지 0.16 교착최장  13 | no_progress
Ep 1529 |  2636스텝 | 배송 34/50 | 재적재  4 | 정지 0.12 교착최장  14 | no_progress
Ep 1530 |  2175스텝 | 배송 27/50 | 재적재  4 | 정지 0.10 교착최장  16 | no_progress
Ep 1531 |  2936스텝 | 배송 36/50 | 재적재  4 | 정지 0.19 교착최장  16 | no_progress
Ep 1532 |  5034스텝 | 배송 37/50 | 재적재  5 | 정지 0.13 교착최장  80 | no_progress
Ep 1533 |  3720스텝 | 배송 42/50 | 재적재  8 | 정지 0.16 교착최장  20 | no_progress
Ep 1534 |  3360스텝 | 배송 39/50 | 재적재  6 | 정지 0.22 교착최장  16 | no_progress
Ep 1535 |  2337스텝 | 배송 28/50 | 재적재  4 | 정지 0.12 교착최장  10 | no_progress
Ep 1536 |  3112스텝 | 배송 31/50 | 재적재  4 | 정지 0.11 교착최장  11 | no_progress
Ep 1537 |  2897스텝 | 배송 34/50 | 재적재  5 | 정지 0.12 교착최장  11 | no_progress
Ep 1538 |  5035스텝 | 배송 40/50 | 재적재  6 | 정지 0.21 교착최장  63 | no_progress
Ep 1539 |  4559스텝 | 배송 40/50 | 재적재  6 | 정지 0.19 교착최장  64 | no_progress
Ep 1540 |  3447스텝 | 배송 36/50 | 재적재  5 | 정지 0.12 교착최장  10 | no_progress
Ep 1541 |  3761스텝 | 배송 38/50 | 재적재  4 | 정지 0.23 교착최장  36 | no_progress
Ep 1542 |  3399스텝 | 배송 31/50 | 재적재  5 | 정지 0.12 교착최장   9 | no_progress
Ep 1543 |  3860스텝 | 배송 39/50 | 재적재  6 | 정지 0.23 교착최장  10 | no_progress
Ep 1544 |  3061스텝 | 배송 35/50 | 재적재  4 | 정지 0.12 교착최장  17 | no_progress
Ep 1545 |  3766스텝 | 배송 37/50 | 재적재  4 | 정지 0.19 교착최장  15 | no_progress
Ep 1546 |  4012스텝 | 배송 35/50 | 재적재  5 | 정지 0.17 교착최장  22 | no_progress
Ep 1547 |  3796스텝 | 배송 35/50 | 재적재  6 | 정지 0.16 교착최장  14 | no_progress
Ep 1548 |  3137스텝 | 배송 37/50 | 재적재  7 | 정지 0.11 교착최장   8 | no_progress
Ep 1549 |  3659스텝 | 배송 35/50 | 재적재  6 | 정지 0.11 교착최장   7 | no_progress
Ep 1550 |  2582스텝 | 배송 33/50 | 재적재  4 | 정지 0.10 교착최장  13 | no_progress
  [홀드아웃] 배송 12.3±2.5 재적재 0.2 2홉+ 0.55 | 최고 22.4@ep1200 정체 7/15
Ep 1551 |  1950스텝 | 배송 30/50 | 재적재  3 | 정지 0.13 교착최장  15 | no_progress
Ep 1552 |  2232스텝 | 배송 35/50 | 재적재  5 | 정지 0.12 교착최장   6 | no_progress
Ep 1553 |  4703스텝 | 배송 40/50 | 재적재  6 | 정지 0.17 교착최장  12 | no_progress
Ep 1554 |  3768스텝 | 배송 32/50 | 재적재  5 | 정지 0.15 교착최장  10 | no_progress
Ep 1555 |  4355스텝 | 배송 38/50 | 재적재  6 | 정지 0.22 교착최장  64 | no_progress
Ep 1556 |  2864스텝 | 배송 36/50 | 재적재  5 | 정지 0.21 교착최장  22 | no_progress
Ep 1557 |  2724스텝 | 배송 38/50 | 재적재  5 | 정지 0.17 교착최장  55 | no_progress
Ep 1558 |  3015스텝 | 배송 37/50 | 재적재  5 | 정지 0.19 교착최장  10 | no_progress
Ep 1559 |  4606스텝 | 배송 41/50 | 재적재  6 | 정지 0.20 교착최장  11 | no_progress
Ep 1560 |  6636스텝 | 배송 45/50 | 재적재  8 | 정지 0.22 교착최장  96 | no_progress
Ep 1561 |  2867스텝 | 배송 32/50 | 재적재  5 | 정지 0.19 교착최장  19 | no_progress
Ep 1562 |  3043스텝 | 배송 36/50 | 재적재  6 | 정지 0.10 교착최장  11 | no_progress
Ep 1563 |  3642스텝 | 배송 35/50 | 재적재  6 | 정지 0.19 교착최장  48 | no_progress
Ep 1564 |  2659스텝 | 배송 33/50 | 재적재  5 | 정지 0.15 교착최장  13 | no_progress
Ep 1565 |  3595스텝 | 배송 38/50 | 재적재  7 | 정지 0.17 교착최장  18 | no_progress
Ep 1566 |  2663스텝 | 배송 34/50 | 재적재  6 | 정지 0.12 교착최장  12 | no_progress
Ep 1567 |  3650스텝 | 배송 40/50 | 재적재  6 | 정지 0.13 교착최장  10 | no_progress
Ep 1568 |  3805스텝 | 배송 41/50 | 재적재  6 | 정지 0.14 교착최장  16 | no_progress
Ep 1569 |  3325스텝 | 배송 39/50 | 재적재  7 | 정지 0.20 교착최장  33 | no_progress
Ep 1570 |  3147스텝 | 배송 37/50 | 재적재  4 | 정지 0.18 교착최장  29 | no_progress
Ep 1571 |  3351스텝 | 배송 35/50 | 재적재  6 | 정지 0.12 교착최장   9 | no_progress
Ep 1572 |  2518스텝 | 배송 33/50 | 재적재  5 | 정지 0.11 교착최장   9 | no_progress
Ep 1573 |  2713스텝 | 배송 27/50 | 재적재  4 | 정지 0.37 교착최장  84 | no_progress
Ep 1574 |  3678스텝 | 배송 39/50 | 재적재  6 | 정지 0.15 교착최장   9 | no_progress
Ep 1575 |  4291스텝 | 배송 35/50 | 재적재  5 | 정지 0.21 교착최장 100 | deadlock
Ep 1576 |  3475스텝 | 배송 39/50 | 재적재  6 | 정지 0.16 교착최장 100 | deadlock
Ep 1577 |  4231스텝 | 배송 38/50 | 재적재  5 | 정지 0.20 교착최장  39 | no_progress
Ep 1578 |  3075스텝 | 배송 36/50 | 재적재  5 | 정지 0.13 교착최장  13 | no_progress
Ep 1579 |  4880스텝 | 배송 44/50 | 재적재  7 | 정지 0.21 교착최장  12 | no_progress
Ep 1580 |  3314스텝 | 배송 38/50 | 재적재  6 | 정지 0.13 교착최장  29 | no_progress
Ep 1581 |  3358스텝 | 배송 37/50 | 재적재  5 | 정지 0.20 교착최장   9 | no_progress
Ep 1582 |  4763스텝 | 배송 43/50 | 재적재  7 | 정지 0.23 교착최장  32 | no_progress
Ep 1583 |  6332스텝 | 배송 45/50 | 재적재  7 | 정지 0.28 교착최장  38 | no_progress
Ep 1584 |  2667스텝 | 배송 34/50 | 재적재  5 | 정지 0.13 교착최장  16 | no_progress
Ep 1585 |  2386스텝 | 배송 36/50 | 재적재  6 | 정지 0.15 교착최장   7 | no_progress
Ep 1586 |  5063스텝 | 배송 44/50 | 재적재  8 | 정지 0.14 교착최장  11 | no_progress
Ep 1587 |  2331스텝 | 배송 30/50 | 재적재  5 | 정지 0.26 교착최장  31 | no_progress
Ep 1588 |  4075스텝 | 배송 42/50 | 재적재  8 | 정지 0.13 교착최장  20 | no_progress
Ep 1589 |  4935스텝 | 배송 39/50 | 재적재  5 | 정지 0.20 교착최장   9 | no_progress
Ep 1590 |  3923스텝 | 배송 40/50 | 재적재  7 | 정지 0.17 교착최장  17 | no_progress
Ep 1591 |  3828스텝 | 배송 38/50 | 재적재  5 | 정지 0.17 교착최장  15 | no_progress
Ep 1592 |  4431스텝 | 배송 39/50 | 재적재  5 | 정지 0.18 교착최장  10 | no_progress
Ep 1593 |  2446스텝 | 배송 33/50 | 재적재  5 | 정지 0.19 교착최장  21 | no_progress
Ep 1594 |  3954스텝 | 배송 40/50 | 재적재  8 | 정지 0.13 교착최장  11 | no_progress
Ep 1595 |  3232스텝 | 배송 37/50 | 재적재  7 | 정지 0.14 교착최장  12 | no_progress
Ep 1596 |  2775스텝 | 배송 42/50 | 재적재  6 | 정지 0.19 교착최장 100 | deadlock
Ep 1597 |  3020스텝 | 배송 37/50 | 재적재  6 | 정지 0.10 교착최장  17 | no_progress
Ep 1598 |  5822스텝 | 배송 40/50 | 재적재  7 | 정지 0.15 교착최장  11 | no_progress
Ep 1599 |  3126스텝 | 배송 41/50 | 재적재  7 | 정지 0.24 교착최장  10 | no_progress
Ep 1600 |  2119스텝 | 배송 33/50 | 재적재  5 | 정지 0.10 교착최장   5 | no_progress
  [홀드아웃] 배송 13.3±3.0 재적재 0.7 2홉+ 0.35 | 최고 22.4@ep1200 정체 8/15
Ep 1601 |  4470스텝 | 배송 41/50 | 재적재  6 | 정지 0.27 교착최장 100 | deadlock
Ep 1602 |  3379스텝 | 배송 38/50 | 재적재  7 | 정지 0.14 교착최장  10 | no_progress
Ep 1603 |  4810스텝 | 배송 43/50 | 재적재  7 | 정지 0.20 교착최장  56 | no_progress
Ep 1604 |  3825스텝 | 배송 36/50 | 재적재  6 | 정지 0.14 교착최장  14 | no_progress
Ep 1605 |  5528스텝 | 배송 40/50 | 재적재  7 | 정지 0.22 교착최장 100 | deadlock
Ep 1606 |  2214스텝 | 배송 31/50 | 재적재  5 | 정지 0.12 교착최장  12 | no_progress
Ep 1607 |  2649스텝 | 배송 38/50 | 재적재  6 | 정지 0.23 교착최장  58 | no_progress
Ep 1608 |  4383스텝 | 배송 40/50 | 재적재  6 | 정지 0.20 교착최장  40 | no_progress
Ep 1609 |  5242스텝 | 배송 40/50 | 재적재  7 | 정지 0.16 교착최장  16 | no_progress
Ep 1610 |  1676스텝 | 배송 28/50 | 재적재  4 | 정지 0.15 교착최장  11 | no_progress
Ep 1611 |  3116스텝 | 배송 38/50 | 재적재  6 | 정지 0.14 교착최장  19 | no_progress
Ep 1612 |  3959스텝 | 배송 41/50 | 재적재  5 | 정지 0.13 교착최장  16 | no_progress
Ep 1613 |  4620스텝 | 배송 38/50 | 재적재  6 | 정지 0.18 교착최장  16 | no_progress
Ep 1614 |  3025스텝 | 배송 33/50 | 재적재  5 | 정지 0.14 교착최장   8 | no_progress
Ep 1615 |  4263스텝 | 배송 45/50 | 재적재  6 | 정지 0.30 교착최장 100 | deadlock
Ep 1616 |  2382스텝 | 배송 31/50 | 재적재  4 | 정지 0.10 교착최장   5 | no_progress
Ep 1617 |  3111스텝 | 배송 38/50 | 재적재  5 | 정지 0.21 교착최장  22 | no_progress
Ep 1618 |  2425스텝 | 배송 39/50 | 재적재  7 | 정지 0.09 교착최장  10 | no_progress
Ep 1619 |  5321스텝 | 배송 40/50 | 재적재  6 | 정지 0.21 교착최장  79 | no_progress
Ep 1620 |  3431스텝 | 배송 37/50 | 재적재  6 | 정지 0.16 교착최장  15 | no_progress
Ep 1621 |  3053스텝 | 배송 37/50 | 재적재  7 | 정지 0.08 교착최장   7 | no_progress
Ep 1622 |  4508스텝 | 배송 39/50 | 재적재  7 | 정지 0.15 교착최장  20 | no_progress
Ep 1623 |  4178스텝 | 배송 41/50 | 재적재  7 | 정지 0.18 교착최장  19 | no_progress
Ep 1624 |  4582스텝 | 배송 41/50 | 재적재  8 | 정지 0.17 교착최장  10 | no_progress
Ep 1625 |  3352스텝 | 배송 39/50 | 재적재  6 | 정지 0.19 교착최장  36 | no_progress
Ep 1626 |  2212스텝 | 배송 32/50 | 재적재  4 | 정지 0.12 교착최장   7 | no_progress
Ep 1627 |  4303스텝 | 배송 40/50 | 재적재  8 | 정지 0.15 교착최장  13 | no_progress
Ep 1628 |  2875스텝 | 배송 35/50 | 재적재  7 | 정지 0.11 교착최장   9 | no_progress
Ep 1629 |  3534스텝 | 배송 37/50 | 재적재  6 | 정지 0.15 교착최장  12 | no_progress
Ep 1630 |  3181스텝 | 배송 43/50 | 재적재  6 | 정지 0.19 교착최장 100 | deadlock
Ep 1631 |  3018스텝 | 배송 38/50 | 재적재  6 | 정지 0.17 교착최장 100 | deadlock
Ep 1632 |  3159스텝 | 배송 36/50 | 재적재  7 | 정지 0.06 교착최장   9 | no_progress
Ep 1633 |  4180스텝 | 배송 40/50 | 재적재  7 | 정지 0.22 교착최장 100 | deadlock
Ep 1634 |  4662스텝 | 배송 38/50 | 재적재  6 | 정지 0.12 교착최장  13 | no_progress
Ep 1635 |  2690스텝 | 배송 39/50 | 재적재  6 | 정지 0.15 교착최장 100 | deadlock
Ep 1636 |  4594스텝 | 배송 39/50 | 재적재  6 | 정지 0.19 교착최장  28 | no_progress
Ep 1637 |  3869스텝 | 배송 41/50 | 재적재  7 | 정지 0.17 교착최장  55 | no_progress
Ep 1638 |  3354스텝 | 배송 36/50 | 재적재  5 | 정지 0.10 교착최장  12 | no_progress
Ep 1639 |  3868스텝 | 배송 38/50 | 재적재  5 | 정지 0.14 교착최장  15 | no_progress
Ep 1640 |  4816스텝 | 배송 39/50 | 재적재  7 | 정지 0.11 교착최장  27 | no_progress
Ep 1641 |  3937스텝 | 배송 43/50 | 재적재  7 | 정지 0.18 교착최장  19 | no_progress
Ep 1642 |  2157스텝 | 배송 31/50 | 재적재  4 | 정지 0.08 교착최장   6 | no_progress
Ep 1643 |  2897스텝 | 배송 30/50 | 재적재  4 | 정지 0.21 교착최장  16 | no_progress
Ep 1644 |  3169스텝 | 배송 39/50 | 재적재  7 | 정지 0.10 교착최장  18 | no_progress
Ep 1645 |  4640스텝 | 배송 37/50 | 재적재  7 | 정지 0.13 교착최장  19 | no_progress
Ep 1646 |  2653스텝 | 배송 34/50 | 재적재  4 | 정지 0.08 교착최장  15 | no_progress
Ep 1647 |  3283스텝 | 배송 37/50 | 재적재  5 | 정지 0.22 교착최장 100 | deadlock
Ep 1648 |  2031스텝 | 배송 32/50 | 재적재  5 | 정지 0.09 교착최장   5 | no_progress
Ep 1649 |  2349스텝 | 배송 32/50 | 재적재  5 | 정지 0.13 교착최장  12 | no_progress
Ep 1650 |  5040스텝 | 배송 36/50 | 재적재  5 | 정지 0.26 교착최장  58 | no_progress
  [홀드아웃] 배송 13.2±5.3 재적재 0.9 2홉+ 0.41 | 최고 22.4@ep1200 정체 9/15
Ep 1651 |  4211스텝 | 배송 35/50 | 재적재  4 | 정지 0.10 교착최장  16 | no_progress
Ep 1652 |  4316스텝 | 배송 36/50 | 재적재  6 | 정지 0.12 교착최장  22 | no_progress
Ep 1653 |  3071스텝 | 배송 32/50 | 재적재  5 | 정지 0.08 교착최장   5 | no_progress
Ep 1654 |  4939스텝 | 배송 38/50 | 재적재  7 | 정지 0.10 교착최장   7 | no_progress
Ep 1655 |  2378스텝 | 배송 35/50 | 재적재  5 | 정지 0.10 교착최장  15 | no_progress
Ep 1656 |  3206스텝 | 배송 32/50 | 재적재  5 | 정지 0.12 교착최장  12 | no_progress
Ep 1657 |  4307스텝 | 배송 34/50 | 재적재  5 | 정지 0.07 교착최장  10 | no_progress
Ep 1658 |  2956스텝 | 배송 36/50 | 재적재  5 | 정지 0.15 교착최장  16 | no_progress
Ep 1659 |  3172스텝 | 배송 32/50 | 재적재  5 | 정지 0.17 교착최장  11 | no_progress
Ep 1660 |  4262스텝 | 배송 34/50 | 재적재  5 | 정지 0.15 교착최장  10 | no_progress
Ep 1661 |  3809스텝 | 배송 36/50 | 재적재  5 | 정지 0.10 교착최장   9 | no_progress
Ep 1662 |  2412스텝 | 배송 35/50 | 재적재  7 | 정지 0.11 교착최장  14 | no_progress
Ep 1663 |  3248스텝 | 배송 37/50 | 재적재  5 | 정지 0.17 교착최장 100 | deadlock
Ep 1664 |  3572스텝 | 배송 36/50 | 재적재  4 | 정지 0.13 교착최장  19 | no_progress
Ep 1665 |  4579스텝 | 배송 37/50 | 재적재  6 | 정지 0.19 교착최장  10 | no_progress
Ep 1666 |  5110스텝 | 배송 39/50 | 재적재  7 | 정지 0.20 교착최장  18 | no_progress
Ep 1667 |  4863스텝 | 배송 37/50 | 재적재  6 | 정지 0.14 교착최장  33 | no_progress
Ep 1668 |  3863스텝 | 배송 34/50 | 재적재  5 | 정지 0.07 교착최장   6 | no_progress
Ep 1669 |  3161스텝 | 배송 34/50 | 재적재  5 | 정지 0.09 교착최장  14 | no_progress
Ep 1670 |  2346스텝 | 배송 29/50 | 재적재  3 | 정지 0.09 교착최장  12 | no_progress
Ep 1671 |  2245스텝 | 배송 27/50 | 재적재  4 | 정지 0.08 교착최장   8 | no_progress
Ep 1672 |  3307스텝 | 배송 32/50 | 재적재  4 | 정지 0.11 교착최장  10 | no_progress
Ep 1673 |  2791스텝 | 배송 34/50 | 재적재  4 | 정지 0.13 교착최장  10 | no_progress
Ep 1674 |  3435스텝 | 배송 37/50 | 재적재  7 | 정지 0.17 교착최장  50 | no_progress
Ep 1675 |  3235스텝 | 배송 30/50 | 재적재  4 | 정지 0.13 교착최장  11 | no_progress
Ep 1676 |  2942스텝 | 배송 33/50 | 재적재  5 | 정지 0.07 교착최장   4 | no_progress
Ep 1677 |  4966스텝 | 배송 42/50 | 재적재  7 | 정지 0.20 교착최장 100 | deadlock
Ep 1678 |  3171스텝 | 배송 38/50 | 재적재  6 | 정지 0.12 교착최장  11 | no_progress
Ep 1679 |  3621스텝 | 배송 37/50 | 재적재  5 | 정지 0.19 교착최장  21 | no_progress
Ep 1680 |  4004스텝 | 배송 36/50 | 재적재  5 | 정지 0.23 교착최장  25 | no_progress
Ep 1681 |  2522스텝 | 배송 33/50 | 재적재  5 | 정지 0.11 교착최장  16 | no_progress
Ep 1682 |  2468스텝 | 배송 37/50 | 재적재  4 | 정지 0.18 교착최장  17 | no_progress
Ep 1683 |  3166스텝 | 배송 37/50 | 재적재  6 | 정지 0.24 교착최장  25 | no_progress
Ep 1684 |  3880스텝 | 배송 39/50 | 재적재  5 | 정지 0.16 교착최장  86 | no_progress
Ep 1685 |  2971스텝 | 배송 37/50 | 재적재  5 | 정지 0.19 교착최장   7 | no_progress
Ep 1686 |  2656스텝 | 배송 32/50 | 재적재  4 | 정지 0.12 교착최장   9 | no_progress
Ep 1687 |  3295스텝 | 배송 38/50 | 재적재  6 | 정지 0.20 교착최장 100 | deadlock
Ep 1688 |  3849스텝 | 배송 36/50 | 재적재  4 | 정지 0.17 교착최장   9 | no_progress
Ep 1689 |  2232스텝 | 배송 39/50 | 재적재  6 | 정지 0.17 교착최장 100 | deadlock
Ep 1690 |  3818스텝 | 배송 37/50 | 재적재  5 | 정지 0.15 교착최장  21 | no_progress
Ep 1691 |  1901스텝 | 배송 33/50 | 재적재  5 | 정지 0.12 교착최장   8 | no_progress
Ep 1692 |  2894스텝 | 배송 37/50 | 재적재  5 | 정지 0.19 교착최장  51 | no_progress
Ep 1693 |  2991스텝 | 배송 35/50 | 재적재  5 | 정지 0.16 교착최장  14 | no_progress
Ep 1694 |  3747스텝 | 배송 35/50 | 재적재  6 | 정지 0.18 교착최장  12 | no_progress
Ep 1695 |  2774스텝 | 배송 29/50 | 재적재  5 | 정지 0.14 교착최장  15 | no_progress
Ep 1696 |  6596스텝 | 배송 43/50 | 재적재  8 | 정지 0.20 교착최장  38 | no_progress
Ep 1697 |  3361스텝 | 배송 37/50 | 재적재  5 | 정지 0.22 교착최장  19 | no_progress
Ep 1698 |  2889스텝 | 배송 36/50 | 재적재  6 | 정지 0.13 교착최장   9 | no_progress
Ep 1699 |  2868스텝 | 배송 38/50 | 재적재  6 | 정지 0.16 교착최장  12 | no_progress
Ep 1700 |  1201스텝 | 배송 16/50 | 재적재  2 | 정지 0.28 교착최장  17 | no_progress
  [홀드아웃] 배송 17.6±7.8 재적재 1.8 2홉+ 0.48 | 최고 22.4@ep1200 정체 10/15
Ep 1701 |  3066스텝 | 배송 43/50 | 재적재  5 | 정지 0.14 교착최장  18 | no_progress
Ep 1702 |  2666스텝 | 배송 34/50 | 재적재  5 | 정지 0.16 교착최장  21 | no_progress
Ep 1703 |  4276스텝 | 배송 40/50 | 재적재  6 | 정지 0.20 교착최장  36 | no_progress
Ep 1704 |  4606스텝 | 배송 43/50 | 재적재  5 | 정지 0.17 교착최장  14 | no_progress
Ep 1705 |  2765스텝 | 배송 38/50 | 재적재  5 | 정지 0.20 교착최장 100 | deadlock
Ep 1706 |  2911스텝 | 배송 38/50 | 재적재  5 | 정지 0.24 교착최장  22 | no_progress
Ep 1707 |  3293스텝 | 배송 39/50 | 재적재  5 | 정지 0.17 교착최장  13 | no_progress
Ep 1708 |  2836스텝 | 배송 37/50 | 재적재  5 | 정지 0.18 교착최장 100 | deadlock
Ep 1709 |  4137스텝 | 배송 39/50 | 재적재  7 | 정지 0.13 교착최장  11 | no_progress
Ep 1710 |  1757스텝 | 배송 26/50 | 재적재  3 | 정지 0.13 교착최장   8 | no_progress
Ep 1711 |  3118스텝 | 배송 38/50 | 재적재  5 | 정지 0.11 교착최장   9 | no_progress
Ep 1712 |  4973스텝 | 배송 39/50 | 재적재  6 | 정지 0.23 교착최장  41 | no_progress
Ep 1713 |  2716스텝 | 배송 38/50 | 재적재  5 | 정지 0.15 교착최장   9 | no_progress
Ep 1714 |  5267스텝 | 배송 39/50 | 재적재  7 | 정지 0.14 교착최장  12 | no_progress
Ep 1715 |  3753스텝 | 배송 39/50 | 재적재  5 | 정지 0.13 교착최장  22 | no_progress
Ep 1716 |  3581스텝 | 배송 36/50 | 재적재  5 | 정지 0.18 교착최장  15 | no_progress
Ep 1717 |  3695스텝 | 배송 40/50 | 재적재  6 | 정지 0.23 교착최장  23 | no_progress
Ep 1718 |  2440스텝 | 배송 29/50 | 재적재  4 | 정지 0.13 교착최장  21 | no_progress
Ep 1719 |  2619스텝 | 배송 35/50 | 재적재  5 | 정지 0.20 교착최장  16 | no_progress
Ep 1720 |  5165스텝 | 배송 38/50 | 재적재  6 | 정지 0.16 교착최장  22 | no_progress
Ep 1721 |  3332스텝 | 배송 39/50 | 재적재  7 | 정지 0.26 교착최장  56 | no_progress
Ep 1722 |  3514스텝 | 배송 40/50 | 재적재  8 | 정지 0.15 교착최장  45 | no_progress
Ep 1723 |  2672스텝 | 배송 34/50 | 재적재  5 | 정지 0.10 교착최장   9 | no_progress
Ep 1724 |  2776스텝 | 배송 37/50 | 재적재  6 | 정지 0.12 교착최장  10 | no_progress
Ep 1725 |  4796스텝 | 배송 37/50 | 재적재  5 | 정지 0.14 교착최장  12 | no_progress
Ep 1726 |  4173스텝 | 배송 37/50 | 재적재  5 | 정지 0.10 교착최장   7 | no_progress
Ep 1727 |  2869스텝 | 배송 31/50 | 재적재  4 | 정지 0.12 교착최장  14 | no_progress
Ep 1728 |  4135스텝 | 배송 37/50 | 재적재  5 | 정지 0.14 교착최장  10 | no_progress
Ep 1729 |  5502스텝 | 배송 42/50 | 재적재  7 | 정지 0.18 교착최장  89 | no_progress
Ep 1730 |  1944스텝 | 배송 29/50 | 재적재  3 | 정지 0.21 교착최장  10 | no_progress
Ep 1731 |  3872스텝 | 배송 42/50 | 재적재  5 | 정지 0.27 교착최장 100 | deadlock
Ep 1732 |  2275스텝 | 배송 30/50 | 재적재  4 | 정지 0.14 교착최장   9 | no_progress
Ep 1733 |  3137스텝 | 배송 39/50 | 재적재  5 | 정지 0.14 교착최장 100 | deadlock
Ep 1734 |  3417스텝 | 배송 33/50 | 재적재  4 | 정지 0.27 교착최장  48 | no_progress
Ep 1735 |  2860스텝 | 배송 34/50 | 재적재  4 | 정지 0.14 교착최장  23 | no_progress
Ep 1736 |  2618스텝 | 배송 33/50 | 재적재  5 | 정지 0.10 교착최장  15 | no_progress
Ep 1737 |  3212스텝 | 배송 34/50 | 재적재  5 | 정지 0.14 교착최장  18 | no_progress
Ep 1738 |  3857스텝 | 배송 36/50 | 재적재  6 | 정지 0.16 교착최장  19 | no_progress
Ep 1739 |  2719스텝 | 배송 39/50 | 재적재  7 | 정지 0.06 교착최장   8 | no_progress
Ep 1740 |  4011스텝 | 배송 42/50 | 재적재  6 | 정지 0.22 교착최장  43 | no_progress
Ep 1741 |  4581스텝 | 배송 40/50 | 재적재  6 | 정지 0.21 교착최장  18 | no_progress
Ep 1742 |  3854스텝 | 배송 36/50 | 재적재  5 | 정지 0.11 교착최장  44 | no_progress
Ep 1743 |  3952스텝 | 배송 39/50 | 재적재  7 | 정지 0.12 교착최장  12 | no_progress
Ep 1744 |  3431스텝 | 배송 39/50 | 재적재  5 | 정지 0.23 교착최장  56 | no_progress
Ep 1745 |  2960스텝 | 배송 34/50 | 재적재  5 | 정지 0.09 교착최장   6 | no_progress
Ep 1746 |  3573스텝 | 배송 39/50 | 재적재  7 | 정지 0.19 교착최장   9 | no_progress
Ep 1747 |  3357스텝 | 배송 40/50 | 재적재  6 | 정지 0.17 교착최장  19 | no_progress
Ep 1748 |  3340스텝 | 배송 36/50 | 재적재  5 | 정지 0.16 교착최장  27 | no_progress
Ep 1749 |  3685스텝 | 배송 41/50 | 재적재  6 | 정지 0.16 교착최장 100 | deadlock
Ep 1750 |  2240스텝 | 배송 32/50 | 재적재  5 | 정지 0.11 교착최장   5 | no_progress
  [홀드아웃] 배송 15.9±3.3 재적재 1.2 2홉+ 0.30 | 최고 22.4@ep1200 정체 11/15
Ep 1751 |  1848스텝 | 배송 25/50 | 재적재  4 | 정지 0.09 교착최장  10 | no_progress
Ep 1752 |  3573스텝 | 배송 38/50 | 재적재  6 | 정지 0.16 교착최장  95 | no_progress
Ep 1753 |  2718스텝 | 배송 34/50 | 재적재  4 | 정지 0.10 교착최장   5 | no_progress
Ep 1754 |  3507스텝 | 배송 38/50 | 재적재  6 | 정지 0.24 교착최장  39 | no_progress
Ep 1755 |  3831스텝 | 배송 38/50 | 재적재  5 | 정지 0.14 교착최장  14 | no_progress
Ep 1756 |  2560스텝 | 배송 32/50 | 재적재  4 | 정지 0.15 교착최장  17 | no_progress
Ep 1757 |  2621스텝 | 배송 30/50 | 재적재  4 | 정지 0.12 교착최장   5 | no_progress
Ep 1758 |  1360스텝 | 배송 19/50 | 재적재  2 | 정지 0.34 교착최장  33 | no_progress
Ep 1759 |  3967스텝 | 배송 39/50 | 재적재  7 | 정지 0.17 교착최장  25 | no_progress
Ep 1760 |  3824스텝 | 배송 39/50 | 재적재  7 | 정지 0.18 교착최장   9 | no_progress
Ep 1761 |  4536스텝 | 배송 36/50 | 재적재  5 | 정지 0.16 교착최장  11 | no_progress
Ep 1762 |  5554스텝 | 배송 39/50 | 재적재  5 | 정지 0.16 교착최장  37 | no_progress
Ep 1763 |  2491스텝 | 배송 31/50 | 재적재  5 | 정지 0.06 교착최장   4 | no_progress
Ep 1764 |  4357스텝 | 배송 39/50 | 재적재  5 | 정지 0.21 교착최장  41 | no_progress
Ep 1765 |  2939스텝 | 배송 32/50 | 재적재  4 | 정지 0.14 교착최장   8 | no_progress
Ep 1766 |  4097스텝 | 배송 39/50 | 재적재  7 | 정지 0.13 교착최장  16 | no_progress
Ep 1767 |  2772스텝 | 배송 32/50 | 재적재  4 | 정지 0.05 교착최장  12 | no_progress
Ep 1768 |  3921스텝 | 배송 37/50 | 재적재  7 | 정지 0.16 교착최장  21 | no_progress
Ep 1769 |  2981스텝 | 배송 31/50 | 재적재  5 | 정지 0.14 교착최장  56 | no_progress
Ep 1770 |  2242스텝 | 배송 30/50 | 재적재  4 | 정지 0.20 교착최장  42 | no_progress
Ep 1771 |  3750스텝 | 배송 34/50 | 재적재  5 | 정지 0.07 교착최장   6 | no_progress
Ep 1772 |  2954스텝 | 배송 33/50 | 재적재  5 | 정지 0.22 교착최장  30 | no_progress
Ep 1773 |  3190스텝 | 배송 38/50 | 재적재  6 | 정지 0.14 교착최장  14 | no_progress
Ep 1774 |  3508스텝 | 배송 39/50 | 재적재  5 | 정지 0.13 교착최장  20 | no_progress
Ep 1775 |  4641스텝 | 배송 40/50 | 재적재  8 | 정지 0.17 교착최장   7 | no_progress
Ep 1776 |  4480스텝 | 배송 36/50 | 재적재  5 | 정지 0.18 교착최장  74 | no_progress
Ep 1777 |  2962스텝 | 배송 35/50 | 재적재  5 | 정지 0.19 교착최장  15 | no_progress
Ep 1778 |  3175스텝 | 배송 39/50 | 재적재  7 | 정지 0.17 교착최장  55 | no_progress
Ep 1779 |  3508스텝 | 배송 38/50 | 재적재  6 | 정지 0.11 교착최장  10 | no_progress
Ep 1780 |  4578스텝 | 배송 41/50 | 재적재  5 | 정지 0.20 교착최장  21 | no_progress
Ep 1781 |  4779스텝 | 배송 44/50 | 재적재  6 | 정지 0.22 교착최장  22 | no_progress
Ep 1782 |  2906스텝 | 배송 30/50 | 재적재  5 | 정지 0.12 교착최장   9 | no_progress
Ep 1783 |  3689스텝 | 배송 37/50 | 재적재  6 | 정지 0.17 교착최장  62 | no_progress
Ep 1784 |  3341스텝 | 배송 37/50 | 재적재  5 | 정지 0.21 교착최장  44 | no_progress
Ep 1785 |  3582스텝 | 배송 35/50 | 재적재  5 | 정지 0.16 교착최장  36 | no_progress
Ep 1786 |  3436스텝 | 배송 32/50 | 재적재  4 | 정지 0.12 교착최장   5 | no_progress
Ep 1787 |  3397스텝 | 배송 34/50 | 재적재  5 | 정지 0.22 교착최장  14 | no_progress
Ep 1788 |  4694스텝 | 배송 37/50 | 재적재  5 | 정지 0.15 교착최장  15 | no_progress
Ep 1789 |  6054스텝 | 배송 39/50 | 재적재  7 | 정지 0.22 교착최장  33 | no_progress
Ep 1790 |  4332스텝 | 배송 39/50 | 재적재  7 | 정지 0.20 교착최장  73 | no_progress
Ep 1791 |  3797스텝 | 배송 37/50 | 재적재  5 | 정지 0.20 교착최장  63 | no_progress
Ep 1792 |  2319스텝 | 배송 27/50 | 재적재  4 | 정지 0.13 교착최장   6 | no_progress
Ep 1793 |  3214스텝 | 배송 40/50 | 재적재  5 | 정지 0.25 교착최장  50 | no_progress
Ep 1794 |  3412스텝 | 배송 39/50 | 재적재  6 | 정지 0.21 교착최장  22 | no_progress
Ep 1795 |  3178스텝 | 배송 37/50 | 재적재  5 | 정지 0.16 교착최장  15 | no_progress
Ep 1796 |  5172스텝 | 배송 40/50 | 재적재  5 | 정지 0.24 교착최장  24 | no_progress
Ep 1797 |  2829스텝 | 배송 31/50 | 재적재  4 | 정지 0.12 교착최장   7 | no_progress
Ep 1798 |  4638스텝 | 배송 42/50 | 재적재  7 | 정지 0.15 교착최장   6 | no_progress
Ep 1799 |  3399스텝 | 배송 33/50 | 재적재  6 | 정지 0.11 교착최장  14 | no_progress
Ep 1800 |  3759스텝 | 배송 34/50 | 재적재  5 | 정지 0.11 교착최장  19 | no_progress
  [홀드아웃] 배송 20.8±3.6 재적재 2.4 2홉+ 0.31 | 최고 22.4@ep1200 정체 12/15
Ep 1801 |  3242스텝 | 배송 36/50 | 재적재  6 | 정지 0.09 교착최장  11 | no_progress
Ep 1802 |  2877스텝 | 배송 33/50 | 재적재  5 | 정지 0.09 교착최장  17 | no_progress
Ep 1803 |  2774스텝 | 배송 33/50 | 재적재  4 | 정지 0.20 교착최장  11 | no_progress
Ep 1804 |  2321스텝 | 배송 31/50 | 재적재  5 | 정지 0.09 교착최장   8 | no_progress
Ep 1805 |  4894스텝 | 배송 41/50 | 재적재  5 | 정지 0.21 교착최장 100 | deadlock
Ep 1806 |  3240스텝 | 배송 34/50 | 재적재  5 | 정지 0.10 교착최장  35 | no_progress
Ep 1807 |  3537스텝 | 배송 39/50 | 재적재  6 | 정지 0.15 교착최장  16 | no_progress
Ep 1808 |  3667스텝 | 배송 42/50 | 재적재  7 | 정지 0.12 교착최장  10 | no_progress
Ep 1809 |  3484스텝 | 배송 40/50 | 재적재  8 | 정지 0.15 교착최장  14 | no_progress
Ep 1810 |  3591스텝 | 배송 31/50 | 재적재  4 | 정지 0.09 교착최장   7 | no_progress
Ep 1811 |  3578스텝 | 배송 35/50 | 재적재  6 | 정지 0.15 교착최장  25 | no_progress
Ep 1812 |  2769스텝 | 배송 33/50 | 재적재  4 | 정지 0.12 교착최장   9 | no_progress
Ep 1813 |  3077스텝 | 배송 35/50 | 재적재  6 | 정지 0.16 교착최장  20 | no_progress
Ep 1814 |  3096스텝 | 배송 39/50 | 재적재  7 | 정지 0.17 교착최장  30 | no_progress
Ep 1815 |  2793스텝 | 배송 33/50 | 재적재  5 | 정지 0.11 교착최장   9 | no_progress
Ep 1816 |  4044스텝 | 배송 42/50 | 재적재  5 | 정지 0.15 교착최장  18 | no_progress
Ep 1817 |  2052스텝 | 배송 31/50 | 재적재  5 | 정지 0.08 교착최장   8 | no_progress
Ep 1818 |  3894스텝 | 배송 40/50 | 재적재  7 | 정지 0.19 교착최장  17 | no_progress
Ep 1819 |  4410스텝 | 배송 39/50 | 재적재  5 | 정지 0.20 교착최장  82 | no_progress
Ep 1820 |  3412스텝 | 배송 34/50 | 재적재  5 | 정지 0.15 교착최장 100 | deadlock
Ep 1821 |  3336스텝 | 배송 34/50 | 재적재  5 | 정지 0.15 교착최장   7 | no_progress
Ep 1822 |  4924스텝 | 배송 44/50 | 재적재  8 | 정지 0.24 교착최장 100 | deadlock
Ep 1823 |  2681스텝 | 배송 37/50 | 재적재  6 | 정지 0.15 교착최장 100 | deadlock
Ep 1824 |  3428스텝 | 배송 41/50 | 재적재  6 | 정지 0.28 교착최장   7 | no_progress
Ep 1825 |  2826스텝 | 배송 40/50 | 재적재  5 | 정지 0.22 교착최장  15 | no_progress
Ep 1826 |  2096스텝 | 배송 29/50 | 재적재  5 | 정지 0.13 교착최장  10 | no_progress
Ep 1827 |  2885스텝 | 배송 42/50 | 재적재  6 | 정지 0.18 교착최장 100 | deadlock
Ep 1828 |  4600스텝 | 배송 38/50 | 재적재  6 | 정지 0.25 교착최장  59 | no_progress
Ep 1829 |  2758스텝 | 배송 38/50 | 재적재  6 | 정지 0.12 교착최장   5 | no_progress
Ep 1830 |  6031스텝 | 배송 45/50 | 재적재  8 | 정지 0.30 교착최장  93 | no_progress
Ep 1831 |  3243스텝 | 배송 35/50 | 재적재  6 | 정지 0.20 교착최장  24 | no_progress
Ep 1832 |  3025스텝 | 배송 42/50 | 재적재  5 | 정지 0.29 교착최장  38 | no_progress
Ep 1833 |  3202스텝 | 배송 41/50 | 재적재  6 | 정지 0.15 교착최장  16 | no_progress
Ep 1834 |  3014스텝 | 배송 38/50 | 재적재  6 | 정지 0.15 교착최장   8 | no_progress
Ep 1835 |  4596스텝 | 배송 34/50 | 재적재  5 | 정지 0.17 교착최장  57 | no_progress
Ep 1836 |  3311스텝 | 배송 42/50 | 재적재  7 | 정지 0.21 교착최장 100 | deadlock
Ep 1837 |  3607스텝 | 배송 40/50 | 재적재  6 | 정지 0.13 교착최장   8 | no_progress
Ep 1838 |  2498스텝 | 배송 30/50 | 재적재  4 | 정지 0.10 교착최장   5 | no_progress
Ep 1839 |  4514스텝 | 배송 40/50 | 재적재  6 | 정지 0.15 교착최장  10 | no_progress
Ep 1840 |  3425스텝 | 배송 41/50 | 재적재  7 | 정지 0.14 교착최장  14 | no_progress
Ep 1841 |  3972스텝 | 배송 41/50 | 재적재  7 | 정지 0.29 교착최장 100 | deadlock
Ep 1842 |  2377스텝 | 배송 35/50 | 재적재  4 | 정지 0.14 교착최장  29 | no_progress
Ep 1843 |  3936스텝 | 배송 40/50 | 재적재  6 | 정지 0.29 교착최장  62 | no_progress
Ep 1844 |  4259스텝 | 배송 42/50 | 재적재  6 | 정지 0.15 교착최장  73 | no_progress
Ep 1845 |  3375스텝 | 배송 40/50 | 재적재  5 | 정지 0.13 교착최장   8 | no_progress
Ep 1846 |  4037스텝 | 배송 42/50 | 재적재  5 | 정지 0.18 교착최장  31 | no_progress
Ep 1847 |  2571스텝 | 배송 26/50 | 재적재  3 | 정지 0.16 교착최장   8 | no_progress
Ep 1848 |  2792스텝 | 배송 35/50 | 재적재  6 | 정지 0.12 교착최장   5 | no_progress
Ep 1849 |  2428스텝 | 배송 28/50 | 재적재  4 | 정지 0.12 교착최장   8 | no_progress
Ep 1850 |  3027스텝 | 배송 34/50 | 재적재  5 | 정지 0.16 교착최장  19 | no_progress
  [홀드아웃] 배송 21.8±7.6 재적재 2.7 2홉+ 0.39 | 최고 22.4@ep1200 정체 13/15
Ep 1851 |  3207스텝 | 배송 37/50 | 재적재  6 | 정지 0.11 교착최장   6 | no_progress
Ep 1852 |  2772스텝 | 배송 37/50 | 재적재  6 | 정지 0.18 교착최장  17 | no_progress
Ep 1853 |  3953스텝 | 배송 41/50 | 재적재  8 | 정지 0.15 교착최장  11 | no_progress
Ep 1854 |  2869스텝 | 배송 39/50 | 재적재  6 | 정지 0.20 교착최장  27 | no_progress
Ep 1855 |  3282스텝 | 배송 41/50 | 재적재  5 | 정지 0.20 교착최장  21 | no_progress
Ep 1856 |  3837스텝 | 배송 42/50 | 재적재  7 | 정지 0.17 교착최장 100 | deadlock
Ep 1857 |  3131스텝 | 배송 38/50 | 재적재  6 | 정지 0.20 교착최장  14 | no_progress
Ep 1858 |  4716스텝 | 배송 40/50 | 재적재  6 | 정지 0.14 교착최장  14 | no_progress
Ep 1859 |  3398스텝 | 배송 37/50 | 재적재  6 | 정지 0.15 교착최장  19 | no_progress
Ep 1860 |  3434스텝 | 배송 37/50 | 재적재  5 | 정지 0.18 교착최장  20 | no_progress
Ep 1861 |  2452스텝 | 배송 33/50 | 재적재  5 | 정지 0.11 교착최장   6 | no_progress
Ep 1862 |  3216스텝 | 배송 34/50 | 재적재  5 | 정지 0.15 교착최장  12 | no_progress
Ep 1863 |  4552스텝 | 배송 39/50 | 재적재  6 | 정지 0.16 교착최장  12 | no_progress
Ep 1864 |  1986스텝 | 배송 26/50 | 재적재  4 | 정지 0.37 교착최장  39 | no_progress
Ep 1865 |  4585스텝 | 배송 38/50 | 재적재  6 | 정지 0.29 교착최장  30 | no_progress
Ep 1866 |  2862스텝 | 배송 31/50 | 재적재  4 | 정지 0.13 교착최장   5 | no_progress
Ep 1867 |  4410스텝 | 배송 38/50 | 재적재  6 | 정지 0.15 교착최장  16 | no_progress
Ep 1868 |  5053스텝 | 배송 36/50 | 재적재  5 | 정지 0.17 교착최장  15 | no_progress
Ep 1869 |  2338스텝 | 배송 28/50 | 재적재  4 | 정지 0.18 교착최장  10 | no_progress
Ep 1870 |  4220스텝 | 배송 39/50 | 재적재  6 | 정지 0.20 교착최장  50 | no_progress
Ep 1871 |  3662스텝 | 배송 37/50 | 재적재  6 | 정지 0.09 교착최장  14 | no_progress
Ep 1872 |  2511스텝 | 배송 31/50 | 재적재  4 | 정지 0.12 교착최장   5 | no_progress
Ep 1873 |  2571스텝 | 배송 33/50 | 재적재  5 | 정지 0.16 교착최장  16 | no_progress
Ep 1874 |  2066스텝 | 배송 28/50 | 재적재  4 | 정지 0.15 교착최장  11 | no_progress
Ep 1875 |  4014스텝 | 배송 38/50 | 재적재  6 | 정지 0.23 교착최장  18 | no_progress
Ep 1876 |  2825스텝 | 배송 34/50 | 재적재  5 | 정지 0.10 교착최장  19 | no_progress
Ep 1877 |  3527스텝 | 배송 34/50 | 재적재  5 | 정지 0.25 교착최장  23 | no_progress
Ep 1878 |  3381스텝 | 배송 34/50 | 재적재  5 | 정지 0.23 교착최장  37 | no_progress
Ep 1879 |  2007스텝 | 배송 31/50 | 재적재  4 | 정지 0.10 교착최장   7 | no_progress
Ep 1880 |  3167스텝 | 배송 38/50 | 재적재  6 | 정지 0.15 교착최장  17 | no_progress
Ep 1881 |  2927스텝 | 배송 36/50 | 재적재  6 | 정지 0.11 교착최장   4 | no_progress
Ep 1882 |  3279스텝 | 배송 38/50 | 재적재  6 | 정지 0.08 교착최장  10 | no_progress
Ep 1883 |  5161스텝 | 배송 44/50 | 재적재  7 | 정지 0.14 교착최장  10 | no_progress
Ep 1884 |  3480스텝 | 배송 43/50 | 재적재  6 | 정지 0.25 교착최장 100 | deadlock
Ep 1885 |  3730스텝 | 배송 36/50 | 재적재  6 | 정지 0.12 교착최장  19 | no_progress
Ep 1886 |  2438스텝 | 배송 33/50 | 재적재  5 | 정지 0.20 교착최장   7 | no_progress
Ep 1887 |  3240스텝 | 배송 37/50 | 재적재  4 | 정지 0.17 교착최장  17 | no_progress
Ep 1888 |  4077스텝 | 배송 39/50 | 재적재  5 | 정지 0.13 교착최장  11 | no_progress
Ep 1889 |  2619스텝 | 배송 34/50 | 재적재  4 | 정지 0.11 교착최장   8 | no_progress
Ep 1890 |  2855스텝 | 배송 30/50 | 재적재  4 | 정지 0.10 교착최장   7 | no_progress
Ep 1891 |  3616스텝 | 배송 32/50 | 재적재  5 | 정지 0.14 교착최장  42 | no_progress
Ep 1892 |  3465스텝 | 배송 35/50 | 재적재  5 | 정지 0.14 교착최장  14 | no_progress
Ep 1893 |  3811스텝 | 배송 32/50 | 재적재  6 | 정지 0.16 교착최장  14 | no_progress
Ep 1894 |  1354스텝 | 배송 23/50 | 재적재  2 | 정지 0.19 교착최장  11 | no_progress
Ep 1895 |  2853스텝 | 배송 32/50 | 재적재  4 | 정지 0.12 교착최장  21 | no_progress
Ep 1896 |  3404스텝 | 배송 38/50 | 재적재  5 | 정지 0.13 교착최장  46 | no_progress
Ep 1897 |  2718스텝 | 배송 31/50 | 재적재  5 | 정지 0.16 교착최장   9 | no_progress
Ep 1898 |  4292스텝 | 배송 48/50 | 재적재  8 | 정지 0.23 교착최장  41 | no_progress
Ep 1899 |  4167스텝 | 배송 40/50 | 재적재  7 | 정지 0.18 교착최장  80 | no_progress
Ep 1900 |  5156스텝 | 배송 40/50 | 재적재  6 | 정지 0.19 교착최장  46 | no_progress
  [홀드아웃] 배송 11.5±1.7 재적재 0.3 2홉+ 0.06 | 최고 22.4@ep1200 정체 14/15
Training finished. best=22.4 @ ep1200
