episode,steps,reward,delivered,completion_rate,makespan,idle_drones,deliv_min,deliv_max,deliv_std,reloads,blocked,hop2plus,max_reach,t_last_deliv,comm_loss,alpha,loss_critic,loss_actor,env_steps,wall_sec
1,1000,-112.3237,0,0.0,,4,0,0,0.0,0,4,0.2853,502.5,0,0,0.1,nan,nan,1000,2.1
2,1000,-141.492,0,0.0,,4,0,0,0.0,0,4,0.2833,502.5,0,0,0.1,nan,nan,2000,3.9
3,1000,-98.7662,0,0.0,,4,0,0,0.0,0,0,0.2655,502.5,0,0,0.1,nan,nan,3000,5.6
4,1000,-135.4459,0,0.0,,4,0,0,0.0,0,2,0.2965,502.5,0,0,0.1,nan,nan,4000,7.4
5,1000,-123.573,0,0.0,,4,0,0,0.0,0,12,0.3108,502.5,0,0,0.1,nan,nan,5000,9.2
6,1000,-7.0367,2,0.04,,2,0,1,0.5,0,63,0.1398,516.1,908,0,0.086305,1.874511,-0.99293,6000,17.8
7,1000,54.2712,9,0.18,,2,0,5,2.2776,0,352,0.336,905.4,991,0,0.07469,2.127807,-1.271362,7000,26.8
8,1000,110.0837,14,0.28,,0,2,5,1.118,0,387,0.583,1073.5,865,0,0.066568,1.596134,-1.628642,8000,35.5
9,1000,137.8654,17,0.34,,0,3,5,0.8292,0,876,0.4985,1073.5,925,0,0.060273,2.492789,-2.173412,9000,44.0
10,1000,62.5422,10,0.2,,1,0,5,2.0616,0,1801,0.4545,1071.4,432,0,0.055586,2.623932,-2.186206,10000,53.0
11,1000,72.1659,11,0.22,,1,0,5,1.9203,0,1480,0.5725,1073.5,865,0,0.05325,1.327817,-3.032053,11000,61.5
12,1000,105.2031,12,0.24,,1,0,5,2.1213,0,1160,0.404,952.3,760,0,0.052817,1.034419,-3.433093,12000,69.9
13,1000,103.5001,13,0.26,,0,1,5,1.7854,0,730,0.5583,1073.5,938,0,0.05355,2.081239,-4.278183,13000,78.6
14,1000,142.4413,18,0.36,,0,3,5,0.866,0,1385,0.645,973.5,766,0,0.054264,1.804436,-5.169588,14000,87.3
15,1000,144.4313,17,0.34,,0,2,5,1.299,0,719,0.637,1073.5,955,0,0.056172,2.135079,-5.683842,15000,95.5
16,1000,157.4857,18,0.36,,0,3,5,0.866,0,573,0.5945,1073.5,838,0,0.059842,1.997316,-6.034326,16000,104.0
17,1000,143.3987,17,0.34,,0,4,5,0.433,0,738,0.6873,964.2,952,0,0.063463,1.025917,-6.911484,17000,112.7
18,1000,165.263,20,0.4,,0,5,5,0.0,0,798,0.6245,985.4,686,0,0.067918,2.536393,-7.612591,18000,120.7
19,1000,92.802,13,0.26,,0,1,5,1.7854,0,606,0.5958,1043.8,591,0,0.072097,1.91535,-7.975364,19000,128.7
20,1000,179.6259,17,0.34,,0,1,6,1.9203,1,532,0.6045,1041.3,803,0,0.075774,3.172002,-9.5935,20000,136.7
21,1000,165.3659,19,0.38,,0,4,5,0.433,0,486,0.6623,963.5,708,0,0.079313,2.837512,-10.330078,21000,144.7
22,1000,65.3321,11,0.22,,1,0,5,2.2776,0,403,0.6747,1073.5,679,0,0.082763,2.257463,-10.697373,22000,152.9
23,1000,137.8073,17,0.34,,0,3,5,0.8292,0,456,0.528,1062.6,964,0,0.080967,2.50973,-11.912722,23000,161.6
24,1000,105.0137,15,0.3,,0,2,5,1.299,0,1706,0.5467,1073.5,946,0,0.08132,2.941401,-11.995958,24000,171.1
25,1000,145.3758,17,0.34,,0,3,5,0.8292,0,558,0.4998,1008.5,985,0,0.082743,2.104221,-12.964476,25000,179.3
26,1000,123.7331,14,0.28,,0,2,5,1.5,0,499,0.4348,859.7,986,0,0.081026,2.369776,-12.804556,26000,187.7
27,1000,90.833,10,0.2,,2,0,5,2.5,0,644,0.6395,996.5,453,0,0.079035,2.425083,-14.93803,27000,196.5
28,1000,164.9102,16,0.32,,0,2,5,1.2247,1,392,0.3545,1019.1,794,0,0.081111,1.902361,-14.623054,28000,205.3
29,1000,140.9878,16,0.32,,0,2,5,1.2247,0,425,0.4713,860.8,835,0,0.080138,2.14553,-15.935205,29000,214.2
30,1000,48.7727,10,0.2,,1,0,5,2.0616,0,1688,0.4552,1073.5,981,0,0.079688,2.488018,-16.566563,30000,223.2
31,1000,64.2652,12,0.24,,0,2,5,1.2247,0,1849,0.68,988.5,314,0,0.078963,2.066839,-17.416006,31000,232.7
32,1000,31.1466,7,0.14,,2,0,5,2.0463,0,1284,0.4485,1073.5,506,0,0.073363,2.349668,-17.403328,32000,241.6
33,1000,157.1331,19,0.38,,0,4,5,0.433,0,284,0.5248,982.5,457,0,0.07289,2.433714,-19.43676,33000,249.6
34,1000,124.5539,15,0.3,,0,1,5,1.6394,0,528,0.5265,1073.5,851,0,0.071644,3.027509,-18.805889,34000,257.8
35,1000,-40.537,4,0.08,,2,0,3,1.2247,0,984,0.4492,543.2,569,0,0.071131,1.375573,-19.737141,35000,266.0
36,1000,-24.7335,3,0.06,,2,0,2,0.8292,0,936,0.4123,612.2,255,0,0.070254,2.314076,-19.01416,36000,274.1
37,1000,71.3487,11,0.22,,0,1,5,1.7854,0,1170,0.5787,1007.3,888,0,0.071569,2.013377,-19.652761,37000,282.6
38,1000,170.544,19,0.38,,0,4,5,0.433,0,508,0.6492,1013.4,987,0,0.073689,1.425841,-20.625925,38000,291.3
39,1000,173.0056,19,0.38,,0,4,5,0.433,0,842,0.5757,982.6,954,0,0.073727,2.069655,-21.348162,39000,300.1
40,1000,149.0145,17,0.34,,0,4,5,0.433,0,567,0.54,976.8,633,0,0.074007,2.13271,-22.121128,40000,308.9
41,1000,158.0501,18,0.36,,0,3,5,0.866,0,767,0.6425,1015.3,778,0,0.073756,2.480907,-23.034163,41000,317.9
42,1000,140.4491,17,0.34,,0,4,5,0.433,0,1397,0.5265,955.9,791,0,0.074029,5.962339,-22.943077,42000,327.2
43,1000,138.9767,16,0.32,,0,3,5,0.7071,0,1060,0.629,974.7,931,0,0.074882,4.587198,-23.698734,43000,336.2
44,1000,167.4531,19,0.38,,0,4,5,0.433,0,561,0.4843,957.8,719,0,0.075895,2.28475,-22.378033,44000,345.0
45,1000,134.6574,17,0.34,,0,2,5,1.299,0,934,0.6438,989.6,844,0,0.074526,3.605847,-21.722813,45000,353.8
46,1000,118.653,16,0.32,,0,2,5,1.2247,0,844,0.5443,879.4,763,0,0.07291,1.930143,-22.821028,46000,362.6
47,1000,172.1736,20,0.4,,0,5,5,0.0,0,485,0.6382,1002.0,979,0,0.072165,2.418354,-24.017941,47000,370.9
48,1000,109.8935,15,0.3,,0,3,4,0.433,0,1268,0.5988,1073.5,683,0,0.072213,1.48984,-24.194302,48000,379.2
49,1000,166.9058,18,0.36,,0,3,5,0.866,0,548,0.4733,955.3,958,0,0.070052,2.349058,-24.443588,49000,387.3
50,1000,125.5934,16,0.32,,0,3,5,0.7071,0,983,0.6108,750.6,734,0,0.067499,1.87762,-24.266853,50000,395.7
51,1000,156.4509,18,0.36,,0,3,5,0.866,0,706,0.681,989.2,723,0,0.06681,2.207034,-25.035929,51000,403.7
52,1000,161.1686,19,0.38,,0,4,5,0.433,0,832,0.5453,767.4,973,0,0.065978,1.795237,-24.022507,52000,412.2
53,1000,130.8823,15,0.3,,1,0,5,2.1651,0,1060,0.5423,1073.5,742,0,0.066139,2.704045,-22.992313,53000,421.0
54,1000,186.2492,20,0.4,,0,5,5,0.0,0,387,0.6378,1019.6,569,0,0.065757,1.488702,-23.499079,54000,429.3
55,1000,95.0485,12,0.24,,1,0,5,2.1213,0,1624,0.622,840.1,282,0,0.064673,2.767165,-26.028645,55000,438.4
56,1000,153.1116,19,0.38,,0,4,5,0.433,0,1395,0.595,955.9,507,0,0.062964,2.540391,-25.34304,56000,447.0
57,1000,132.1585,16,0.32,,0,2,5,1.2247,0,1078,0.5948,1024.9,639,0,0.061834,1.954113,-25.321011,57000,455.3
58,1000,111.4716,15,0.3,,0,2,5,1.299,0,1829,0.458,829.8,884,0,0.060935,2.488075,-25.900967,58000,463.8
59,1000,161.3807,18,0.36,,0,3,5,0.866,0,412,0.6747,1073.5,750,0,0.059694,1.87437,-24.477123,59000,472.1
60,1000,171.5749,20,0.4,,0,5,5,0.0,0,1005,0.6655,1020.4,364,0,0.058956,2.122471,-27.25429,60000,480.7
61,1000,146.2446,19,0.38,,0,4,5,0.433,0,1247,0.667,1063.7,509,0,0.0608,1.689656,-25.90523,61000,489.3
62,1000,127.0685,15,0.3,,0,2,5,1.299,0,791,0.6665,970.0,981,0,0.060161,1.656825,-26.444784,62000,497.7
63,1000,163.6091,20,0.4,,0,5,5,0.0,0,810,0.649,1061.3,511,0,0.058834,2.503785,-26.41972,63000,505.6
64,1000,60.8431,10,0.2,,1,0,5,1.8028,0,1464,0.6803,955.5,369,0,0.057979,2.26599,-27.339838,64000,514.0
65,1000,129.2225,16,0.32,,0,3,5,1.0,0,304,0.603,1016.8,558,0,0.058316,1.20316,-24.493286,65000,522.5
66,1000,110.6643,16,0.32,,0,1,5,1.7321,0,1027,0.5062,954.4,895,0,0.057539,1.798394,-25.936531,66000,531.0
67,1000,133.426,16,0.32,,0,1,5,1.7321,0,494,0.5587,1073.5,500,0,0.056757,1.916683,-27.439247,67000,539.4
68,1000,148.3729,20,0.4,,0,5,5,0.0,0,1185,0.6643,1062.1,423,0,0.056189,1.764492,-26.724667,68000,547.7
69,1000,160.1931,19,0.38,,0,4,5,0.433,0,954,0.6585,1055.7,585,0,0.054969,2.541273,-26.626509,69000,556.0
70,1000,107.3874,13,0.26,,0,1,5,1.479,0,1161,0.6545,877.9,464,0,0.054018,1.313115,-29.056681,70000,564.4
71,1000,152.6977,18,0.36,,0,3,5,0.866,0,812,0.6593,1052.0,993,0,0.054343,1.956317,-27.337435,71000,573.0
72,1000,60.9658,11,0.22,,0,1,5,1.479,0,1260,0.6613,990.3,763,0,0.052391,2.044059,-27.431982,72000,581.9
73,1000,128.1903,15,0.3,,0,2,5,1.299,0,460,0.659,952.4,650,0,0.051549,1.415911,-27.024578,73000,590.4
74,1000,172.8666,19,0.38,,0,4,5,0.433,0,1293,0.484,984.1,942,0,0.050843,1.938991,-28.566208,74000,598.7
75,1000,150.6809,18,0.36,,0,4,5,0.5,0,623,0.6165,989.5,347,0,0.04971,1.437984,-29.279633,75000,606.8
76,1000,132.3909,15,0.3,,1,0,5,2.1651,0,1019,0.597,991.4,910,0,0.04976,1.677489,-29.144199,76000,614.9
77,1000,170.0991,19,0.38,,0,4,5,0.433,0,492,0.6355,1073.3,936,0,0.049207,1.752137,-27.106565,77000,623.1
78,1000,175.1506,20,0.4,,0,5,5,0.0,0,290,0.6485,974.1,288,0,0.049038,1.601291,-29.045872,78000,631.3
79,1000,165.2809,19,0.38,,0,4,5,0.433,0,267,0.6195,969.2,907,0,0.048132,1.368015,-25.727272,79000,639.6
80,1000,101.19,12,0.24,,0,1,5,2.0,0,562,0.6887,1045.5,618,0,0.047388,1.224334,-26.714001,80000,647.7
81,1000,165.777,20,0.4,,0,5,5,0.0,0,853,0.5952,921.5,451,0,0.047179,2.224267,-27.757217,81000,655.6
82,1000,154.8677,17,0.34,,0,2,5,1.299,0,674,0.6505,1073.5,241,0,0.045727,1.5965,-28.59116,82000,664.1
83,1000,129.9159,16,0.32,,0,3,5,1.0,0,963,0.6673,1015.6,956,0,0.045102,1.247855,-27.895771,83000,672.8
84,1000,128.209,17,0.34,,0,3,5,0.8292,0,966,0.6687,1073.5,803,0,0.045413,1.460232,-27.55493,84000,680.8
85,1000,185.2117,20,0.4,,0,5,5,0.0,0,326,0.6637,1073.5,964,0,0.044982,1.515827,-27.386992,85000,689.2
86,1000,105.327,13,0.26,,0,1,5,1.7854,0,857,0.6372,1073.5,708,0,0.044391,1.567916,-27.823135,86000,697.7
87,1000,155.1407,19,0.38,,0,4,5,0.433,0,1345,0.6528,918.7,946,0,0.044127,1.865309,-28.471581,87000,706.0
88,1000,175.6786,19,0.38,,0,4,5,0.433,0,546,0.6867,1048.5,807,0,0.043482,1.65894,-27.017878,88000,714.3
89,1000,133.8503,17,0.34,,0,2,5,1.299,0,1087,0.652,1073.5,601,0,0.042783,1.442221,-27.601871,89000,722.5
90,1000,120.2661,15,0.3,,0,2,5,1.299,0,1074,0.654,1021.1,748,0,0.041633,1.746935,-28.832085,90000,730.8
91,1000,139.5066,17,0.34,,0,3,5,0.8292,0,1025,0.6535,1073.5,363,0,0.040402,1.668932,-28.905649,91000,739.1
92,1000,142.4581,18,0.36,,0,3,5,0.866,0,946,0.6823,1011.4,616,0,0.040152,1.587051,-29.45891,92000,747.3
93,1000,179.0655,20,0.4,,0,5,5,0.0,0,664,0.68,1073.5,795,0,0.039751,1.326488,-26.904079,93000,756.0
94,1000,124.2032,14,0.28,,0,1,5,1.6583,0,296,0.67,1073.5,752,0,0.039746,2.547775,-30.033651,94000,764.6
95,1000,99.5255,13,0.26,,0,2,5,1.0897,0,853,0.6743,1046.0,380,0,0.038766,1.060158,-28.388878,95000,772.9
96,1000,149.1708,18,0.36,,0,3,5,0.866,0,603,0.6703,1049.6,798,0,0.038908,1.041377,-27.880566,96000,781.0
97,1000,131.5625,15,0.3,,1,0,5,2.1651,0,296,0.674,1073.5,456,0,0.037868,1.685462,-29.228825,97000,789.1
98,1000,158.9741,18,0.36,,0,3,5,0.866,0,428,0.6603,1073.5,690,0,0.036442,1.493113,-28.033676,98000,797.4
99,1000,135.6026,15,0.3,,1,0,5,2.1651,0,439,0.6765,1064.8,858,0,0.036057,1.6436,-29.579433,99000,805.9
100,1000,143.9597,17,0.34,,0,3,5,0.8292,0,729,0.6402,1073.5,706,0,0.036197,1.286285,-27.407364,100000,814.0
101,1000,123.4366,15,0.3,,0,2,5,1.0897,0,716,0.6873,1025.1,407,0,0.03596,1.478975,-26.826565,101000,822.0
102,1000,119.4516,15,0.3,,0,2,5,1.299,0,679,0.6817,1073.5,260,0,0.035786,1.698285,-29.162891,102000,830.2
103,1000,159.0632,18,0.36,,0,3,5,0.866,0,982,0.682,1073.5,632,0,0.035086,1.624452,-28.002975,103000,838.6
104,1000,170.2528,20,0.4,,0,5,5,0.0,0,524,0.6737,1073.5,389,0,0.034633,1.602938,-27.543156,104000,846.8
105,1000,147.562,16,0.32,,0,2,5,1.2247,0,372,0.684,1073.5,620,0,0.034035,1.865696,-28.953762,105000,855.1
106,1000,83.0198,11,0.22,,0,2,4,0.8292,0,453,0.6947,956.9,926,0,0.033031,1.698744,-28.373842,106000,863.3
107,1000,152.9253,17,0.34,,0,3,5,0.8292,0,338,0.6372,990.0,925,0,0.032563,1.65732,-28.717434,107000,871.5
108,1000,180.1899,20,0.4,,0,5,5,0.0,0,403,0.677,1014.7,536,0,0.031946,1.754137,-26.960907,108000,879.5
109,1000,149.4309,18,0.36,,0,3,5,0.866,0,634,0.6532,1073.5,631,0,0.031623,1.645689,-28.045868,109000,887.4
110,1000,168.5237,20,0.4,,0,5,5,0.0,0,473,0.6072,1073.5,662,0,0.031192,1.170877,-26.778067,110000,895.6
111,1000,151.4938,18,0.36,,0,3,5,0.866,0,604,0.6412,1073.1,792,0,0.030568,1.458168,-28.637726,111000,903.8
112,1000,156.9125,18,0.36,,0,3,5,0.866,0,345,0.4595,1055.4,656,0,0.030955,1.214545,-26.050974,112000,912.1
113,1000,185.3801,20,0.4,,0,5,5,0.0,0,593,0.691,1026.5,884,0,0.03059,1.288382,-25.983101,113000,920.1
114,1000,165.8108,18,0.36,,0,3,5,0.866,0,189,0.6727,1073.3,817,0,0.030197,1.462658,-25.942696,114000,928.2
115,1000,104.8943,14,0.28,,0,2,4,0.866,0,894,0.6673,972.2,450,0,0.029571,1.604977,-26.068501,115000,936.4
116,1000,176.8338,20,0.4,,0,5,5,0.0,0,531,0.6713,994.8,888,0,0.029234,1.567302,-27.042339,116000,944.6
117,1000,138.6191,17,0.34,,0,2,5,1.299,0,891,0.6913,988.0,916,0,0.029091,1.016485,-26.465858,117000,952.7
118,1000,182.4795,20,0.4,,0,5,5,0.0,0,166,0.6617,981.2,310,0,0.028486,1.02246,-26.493046,118000,961.1
119,1000,164.2542,19,0.38,,0,4,5,0.433,0,262,0.6835,1026.8,490,0,0.02825,1.136141,-25.88064,119000,970.0
120,1000,84.9704,12,0.24,,1,0,5,2.1213,0,1158,0.501,1009.1,341,0,0.028164,0.994353,-26.457066,120000,979.1
121,1000,177.3295,19,0.38,,0,4,5,0.433,0,618,0.6488,997.2,982,0,0.027762,1.142704,-25.099373,121000,988.0
122,1000,179.8948,20,0.4,,0,5,5,0.0,0,392,0.6707,1033.9,803,0,0.027301,1.267326,-24.402861,122000,996.6
123,1000,177.1361,20,0.4,,0,5,5,0.0,0,260,0.6837,980.0,809,0,0.027377,1.252566,-24.462355,123000,1004.7
124,1000,103.6589,14,0.28,,0,2,5,1.5,0,1039,0.6747,1073.5,494,0,0.026744,1.105855,-25.753382,124000,1013.1
125,1000,175.3899,19,0.38,,0,4,5,0.433,0,280,0.6815,995.4,974,0,0.02664,1.30063,-24.777515,125000,1021.3
126,1000,171.7524,20,0.4,,0,5,5,0.0,0,256,0.493,934.3,811,0,0.026251,0.948709,-24.346003,126000,1029.3
127,1000,152.8572,17,0.34,,0,2,5,1.299,0,663,0.6665,1035.7,722,0,0.026181,1.31461,-24.771267,127000,1037.6
128,1000,172.9495,19,0.38,,0,4,5,0.433,0,488,0.6498,1010.2,828,0,0.025989,1.057429,-25.115082,128000,1046.2
129,1000,158.0948,18,0.36,,0,3,5,0.866,0,620,0.5978,1034.8,531,0,0.025189,0.949803,-24.650185,129000,1054.9
130,1000,135.4796,16,0.32,,0,2,5,1.2247,0,743,0.6747,1069.7,708,0,0.025208,1.005703,-24.775337,130000,1063.0
131,1000,159.6046,18,0.36,,0,4,5,0.5,0,407,0.6955,1073.5,665,0,0.024747,1.043192,-24.251541,131000,1071.2
132,1000,185.6081,20,0.4,,0,5,5,0.0,0,198,0.555,964.9,702,0,0.024395,1.406939,-24.587234,132000,1079.5
133,1000,145.2751,16,0.32,,0,2,5,1.2247,0,82,0.5807,1073.5,574,0,0.023784,0.956912,-23.244514,133000,1087.5
134,1000,170.8159,20,0.4,,0,5,5,0.0,0,695,0.6743,991.4,550,0,0.023556,1.285803,-23.6416,134000,1095.7
135,1000,170.2304,18,0.36,,0,4,5,0.5,0,385,0.619,1008.7,654,0,0.023484,1.376453,-22.570362,135000,1104.0
136,1000,139.1438,17,0.34,,0,3,5,0.8292,0,1074,0.4848,1035.8,814,0,0.023093,1.231271,-23.524801,136000,1112.6
137,1000,158.8194,17,0.34,,0,3,5,0.8292,0,340,0.6777,1073.5,887,0,0.022721,1.053072,-23.267879,137000,1120.8
138,1000,166.118,20,0.4,,0,5,5,0.0,0,190,0.6565,1073.5,985,0,0.023079,0.768522,-22.074001,138000,1129.4
139,1000,160.7178,18,0.36,,0,3,5,0.866,0,280,0.6905,1008.6,635,0,0.02299,0.843861,-21.987873,139000,1137.6
140,1000,165.5808,18,0.36,,0,4,5,0.5,0,207,0.6208,971.4,924,0,0.022704,1.2483,-21.652315,140000,1145.8
141,1000,207.075,19,0.38,,0,4,5,0.433,1,661,0.5513,959.2,539,0,0.022962,1.347823,-22.365429,141000,1154.2
142,1000,179.7321,20,0.4,,0,5,5,0.0,0,345,0.54,956.7,545,0,0.022335,1.181331,-22.222717,142000,1162.2
143,1000,189.3205,20,0.4,,0,5,5,0.0,0,318,0.695,1073.5,305,0,0.021987,1.080124,-21.329647,143000,1170.2
144,1000,163.8962,19,0.38,,0,4,5,0.433,0,664,0.6655,950.7,860,0,0.022127,1.684158,-21.937759,144000,1178.2
145,1000,185.0739,20,0.4,,0,5,5,0.0,0,185,0.654,951.9,726,0,0.022784,1.513096,-21.146738,145000,1186.3
146,1000,167.2141,19,0.38,,0,4,5,0.433,0,1031,0.657,967.4,836,0,0.022407,1.544537,-22.765741,146000,1194.5
147,1000,159.5648,18,0.36,,0,3,5,0.866,0,446,0.5745,1073.5,708,0,0.022326,0.954687,-21.48243,147000,1202.7
148,1000,182.2724,20,0.4,,0,5,5,0.0,0,200,0.5833,903.9,651,0,0.022059,0.984827,-21.872849,148000,1210.8
149,1000,189.5325,20,0.4,,0,5,5,0.0,0,641,0.5577,955.3,721,0,0.021989,1.543994,-21.711647,149000,1219.1
150,1000,154.0156,18,0.36,,0,4,5,0.5,0,1035,0.686,1022.2,446,0,0.02168,1.278109,-18.746452,150000,1227.7
151,1000,138.064,16,0.32,,0,2,5,1.2247,0,749,0.6633,1042.1,896,0,0.021372,1.01009,-22.220249,151000,1236.5
152,1000,159.9366,17,0.34,,0,2,5,1.299,0,264,0.6925,967.7,627,0,0.021115,1.178206,-20.91316,152000,1245.0
153,1000,156.2934,18,0.36,,0,3,5,0.866,0,665,0.6785,1073.5,999,0,0.020943,1.013879,-21.266232,153000,1253.2
154,1000,173.2501,19,0.38,,0,4,5,0.433,0,286,0.3658,948.4,953,0,0.020875,0.97055,-20.168076,154000,1261.9
155,1000,119.2577,15,0.3,,0,1,5,1.6394,0,820,0.501,947.2,462,0,0.02108,1.323191,-21.281372,155000,1271.2
156,1000,186.3857,20,0.4,,0,5,5,0.0,0,256,0.6545,964.2,733,0,0.021365,0.88737,-21.432646,156000,1279.2
157,1000,171.846,19,0.38,,0,4,5,0.433,0,340,0.6783,1008.7,659,0,0.021185,0.98376,-19.994843,157000,1287.4
158,1000,158.5389,18,0.36,,0,3,5,0.866,0,455,0.652,983.2,556,0,0.02076,0.984786,-20.266102,158000,1295.8
159,1000,171.3859,20,0.4,,0,5,5,0.0,0,964,0.6055,992.4,667,0,0.020549,1.384996,-19.381947,159000,1304.0
160,1000,124.5932,14,0.28,,0,2,5,1.118,0,466,0.6085,808.5,411,0,0.020326,1.376627,-20.359486,160000,1312.5
161,1000,141.0145,16,0.32,,0,1,5,1.7321,0,465,0.6325,1073.5,706,0,0.020865,0.945542,-21.372698,161000,1321.1
162,1000,183.1979,20,0.4,,0,5,5,0.0,0,525,0.5615,982.3,912,0,0.020897,0.893046,-19.809502,162000,1329.0
163,1000,141.253,17,0.34,,0,3,5,0.8292,0,425,0.508,1011.5,689,0,0.020624,1.101041,-19.901636,163000,1337.0
164,1000,184.3968,20,0.4,,0,5,5,0.0,0,217,0.5853,915.1,897,0,0.020584,1.948,-19.02681,164000,1345.0
165,1000,175.6217,19,0.38,,0,4,5,0.433,0,447,0.5627,948.4,807,0,0.020774,1.061946,-20.221519,165000,1353.2
166,1000,121.6778,15,0.3,,1,0,5,2.1651,0,228,0.5985,1068.2,674,0,0.020669,0.841595,-20.22443,166000,1361.5
167,1000,193.1686,20,0.4,,0,5,5,0.0,0,267,0.6275,1020.2,943,0,0.020619,1.287517,-19.559458,167000,1370.0
168,1000,115.7473,14,0.28,,0,3,4,0.5,0,782,0.5373,880.0,659,0,0.020384,1.06263,-19.252193,168000,1378.6
169,1000,236.3406,23,0.46,,0,5,8,1.299,1,421,0.5393,945.3,1000,0,0.019909,1.003242,-20.411934,169000,1387.2
170,1000,139.4933,16,0.32,,0,3,5,1.0,0,484,0.606,911.7,286,0,0.019766,0.950181,-19.954216,170000,1395.9
171,1000,180.6288,20,0.4,,0,5,5,0.0,0,181,0.641,961.4,408,0,0.020095,1.249984,-19.317966,171000,1405.0
172,1000,155.4904,17,0.34,,0,2,5,1.299,0,171,0.6082,1002.0,692,0,0.020106,1.129249,-20.135334,172000,1413.1
173,1000,161.8733,17,0.34,,0,2,5,1.299,0,26,0.2655,782.2,696,0,0.020115,1.01461,-19.726311,173000,1421.0
174,1000,153.8401,17,0.34,,0,2,5,1.299,0,113,0.5753,955.6,668,0,0.020312,1.071074,-19.598484,174000,1429.3
175,1000,184.6019,20,0.4,,0,5,5,0.0,0,378,0.683,885.6,863,0,0.020533,1.018307,-19.654091,175000,1437.6
176,1000,154.6428,17,0.34,,0,3,5,0.8292,0,182,0.6753,956.6,867,0,0.020905,1.833987,-19.51059,176000,1446.2
177,1000,134.3017,15,0.3,,0,2,5,1.0897,0,212,0.404,964.6,877,0,0.02101,1.178399,-19.349661,177000,1454.3
178,1000,150.0716,16,0.32,,0,3,5,1.0,0,17,0.3857,820.5,991,0,0.021077,1.160824,-19.120205,178000,1462.3
179,1000,153.2159,16,0.32,,0,1,5,1.7321,0,172,0.4397,875.1,940,0,0.021226,0.925344,-19.200527,179000,1470.6
180,1000,161.7193,17,0.34,,0,2,5,1.299,0,81,0.391,954.6,875,0,0.021226,0.819837,-20.482645,180000,1478.6
181,1000,135.1344,15,0.3,,0,2,5,1.299,0,217,0.5557,905.6,541,0,0.02098,0.959791,-19.251469,181000,1486.5
182,1000,175.9595,19,0.38,,0,4,5,0.433,0,146,0.432,864.8,859,0,0.020948,1.22275,-20.733585,182000,1494.8
183,1000,192.6682,20,0.4,,0,5,5,0.0,0,252,0.4883,1032.0,825,0,0.020801,1.075386,-20.118214,183000,1503.2
184,1000,167.2649,19,0.38,,0,4,5,0.433,0,120,0.5795,956.8,436,0,0.020864,1.857875,-20.023661,184000,1511.2
185,1000,167.5946,18,0.36,,0,4,5,0.5,0,560,0.4405,832.3,478,0,0.021042,0.998981,-19.337799,185000,1519.7
186,1000,175.1232,19,0.38,,0,4,5,0.433,0,545,0.473,820.9,872,0,0.021088,1.259253,-19.3083,186000,1528.3
187,1000,182.1009,20,0.4,,0,5,5,0.0,0,19,0.5048,947.6,432,0,0.021166,1.152476,-19.319485,187000,1536.5
188,1000,192.9585,20,0.4,,0,5,5,0.0,0,43,0.3725,741.9,722,0,0.021094,1.234857,-19.345184,188000,1544.8
189,1000,171.7363,18,0.36,,0,4,5,0.5,0,91,0.444,836.2,551,0,0.021326,1.378635,-18.939217,189000,1553.1
190,1000,181.0014,20,0.4,,0,5,5,0.0,0,123,0.6565,909.5,488,0,0.02126,1.36325,-18.14064,190000,1561.3
191,1000,206.4756,18,0.36,,0,3,6,1.118,1,180,0.5343,979.0,986,0,0.021441,1.38528,-19.061016,191000,1570.1
192,1000,152.9553,19,0.38,,0,4,5,0.433,0,1089,0.5115,951.1,729,0,0.021249,1.244692,-19.035046,192000,1578.3
193,1000,121.1574,14,0.28,,0,1,5,1.5,0,942,0.63,956.4,872,0,0.021408,1.023755,-18.799519,193000,1586.5
194,1000,190.3345,19,0.38,,0,4,5,0.433,0,40,0.6432,778.6,851,0,0.021377,1.231987,-17.963161,194000,1594.5
195,1000,212.3754,20,0.4,,0,5,5,0.0,1,171,0.2868,785.9,532,0,0.021261,1.16786,-19.256664,195000,1603.6
196,1000,179.5179,20,0.4,,0,5,5,0.0,0,18,0.3895,889.9,723,0,0.021197,1.151181,-19.245445,196000,1612.5
197,1000,163.7118,18,0.36,,0,3,5,0.866,0,378,0.6028,876.0,410,0,0.021401,1.018158,-17.753654,197000,1620.6
198,1000,182.848,20,0.4,,0,5,5,0.0,0,77,0.6035,955.6,785,0,0.021496,1.230119,-17.633322,198000,1628.9
199,1000,218.5113,20,0.4,,0,5,5,0.0,1,91,0.5288,1026.3,627,0,0.021402,1.330315,-16.844189,199000,1637.3
200,1000,164.6583,18,0.36,,0,3,5,0.866,0,59,0.4545,1000.8,882,0,0.021273,1.261406,-17.624634,200000,1646.2
201,1000,153.203,16,0.32,,0,1,5,1.7321,0,264,0.5795,1042.5,846,0,0.021066,0.827642,-18.346762,201000,1655.0
202,1000,160.2161,18,0.36,,0,3,5,0.866,0,478,0.5825,950.4,720,0,0.021003,0.965789,-17.887533,202000,1663.8
203,1000,189.8164,20,0.4,,0,5,5,0.0,0,59,0.5875,891.3,558,0,0.021108,1.516662,-18.915079,203000,1672.3
204,1000,212.9283,19,0.38,,0,4,5,0.433,1,366,0.516,787.8,769,0,0.021196,1.053615,-18.349476,204000,1681.1
205,1000,225.2378,20,0.4,,0,5,5,0.0,1,98,0.548,984.9,568,0,0.021105,1.5347,-16.523556,205000,1689.7
206,1000,180.1437,20,0.4,,0,5,5,0.0,0,378,0.6192,938.1,634,0,0.021112,1.493765,-17.091034,206000,1697.9
207,1000,206.4259,19,0.38,,0,3,6,1.0897,1,229,0.3815,963.2,904,0,0.020988,1.1976,-18.500267,207000,1706.2
208,1000,174.0135,19,0.38,,0,4,5,0.433,0,618,0.593,768.9,950,0,0.021218,1.75186,-19.189087,208000,1714.7
209,1000,126.1272,15,0.3,,0,2,5,1.299,0,320,0.5102,973.2,404,0,0.021079,2.12853,-18.006035,209000,1722.6
210,1000,145.842,16,0.32,,0,2,5,1.2247,0,120,0.397,758.5,721,0,0.021412,1.138937,-16.869257,210000,1730.8
211,1000,162.7537,19,0.38,,0,4,5,0.433,0,640,0.5395,949.5,873,0,0.021702,1.269294,-17.688025,211000,1738.8
212,1000,125.4668,14,0.28,,0,2,5,1.5,0,172,0.3362,653.9,945,0,0.021907,1.474955,-17.55393,212000,1746.8
213,1000,149.9896,19,0.38,,0,4,5,0.433,0,187,0.5048,837.4,867,0,0.021917,1.522885,-18.072618,213000,1754.9
214,1000,177.5388,19,0.38,,0,4,5,0.433,0,10,0.307,910.1,747,0,0.021998,0.828421,-17.036854,214000,1763.1
215,1000,181.1687,20,0.4,,0,5,5,0.0,0,183,0.302,863.6,949,0,0.021463,1.501841,-18.625154,215000,1771.0
216,1000,171.3152,20,0.4,,0,5,5,0.0,0,354,0.561,1036.7,875,0,0.021618,1.234477,-17.175154,216000,1778.9
217,1000,207.52,19,0.38,,0,3,7,1.479,1,20,0.319,766.1,996,0,0.021624,1.41376,-17.829845,217000,1787.0
218,1000,172.1962,19,0.38,,0,4,5,0.433,0,9,0.4083,731.5,721,0,0.021701,1.066809,-18.167303,218000,1794.8
219,1000,170.3723,19,0.38,,0,4,5,0.433,0,261,0.431,957.9,886,0,0.021783,1.469098,-18.792496,219000,1802.8
220,1000,172.7737,18,0.36,,0,3,5,0.866,0,93,0.4258,634.9,714,0,0.021443,0.995599,-17.233541,220000,1810.6
221,1000,229.4747,19,0.38,,0,2,7,1.7854,1,42,0.2525,627.7,969,0,0.021304,1.960881,-16.091833,221000,1818.6
222,1000,153.773,18,0.36,,0,4,5,0.5,0,326,0.2762,666.9,354,0,0.021521,1.325625,-15.602167,222000,1826.6
223,1000,135.1801,15,0.3,,1,0,5,2.1651,0,434,0.6825,1071.7,719,0,0.021608,1.063364,-16.557638,223000,1834.5
224,1000,181.8958,20,0.4,,0,5,5,0.0,0,94,0.5567,981.7,782,0,0.021642,1.226343,-17.556063,224000,1842.3
225,1000,96.095,13,0.26,,1,0,5,2.0463,0,819,0.5275,968.6,989,0,0.021397,1.367865,-17.091404,225000,1850.3
226,1000,132.8039,15,0.3,,0,3,5,0.8292,0,75,0.3392,948.8,957,0,0.020991,1.147807,-16.131695,226000,1858.5
227,1000,172.2879,19,0.38,,0,4,5,0.433,0,29,0.4515,758.7,846,0,0.020815,1.236302,-16.891266,227000,1867.2
228,1000,45.0948,9,0.18,,0,1,4,1.0897,0,1026,0.4637,730.7,170,0,0.021049,0.938228,-16.20331,228000,1876.4
229,1000,137.5802,14,0.28,,0,2,5,1.118,0,49,0.2928,722.3,678,0,0.021286,1.342924,-16.647781,229000,1885.6
230,1000,196.7527,18,0.36,,0,2,7,1.8028,1,45,0.387,755.2,983,0,0.02131,0.939517,-16.578148,230000,1894.4
231,1000,169.2146,18,0.36,,0,3,5,0.866,0,85,0.5893,986.5,589,0,0.021025,1.064511,-16.920832,231000,1902.7
232,1000,187.2508,20,0.4,,0,5,5,0.0,0,305,0.5625,904.5,898,0,0.020503,1.503744,-17.181217,232000,1910.9
233,1000,213.131,20,0.4,,0,4,6,0.7071,1,18,0.3305,802.3,954,0,0.020336,1.223335,-16.264492,233000,1919.1
234,1000,180.6489,20,0.4,,0,5,5,0.0,0,317,0.3975,772.1,852,0,0.020019,1.390806,-15.582691,234000,1927.2
235,1000,174.3464,19,0.38,,0,4,5,0.433,0,223,0.5767,1009.1,802,0,0.020346,1.288364,-15.494529,235000,1935.2
236,1000,158.296,18,0.36,,0,4,5,0.5,0,72,0.4913,758.8,691,0,0.020244,1.552012,-17.058945,236000,1943.1
237,1000,241.3348,23,0.46,,0,5,8,1.299,1,40,0.3922,836.0,911,0,0.020159,0.987596,-16.057535,237000,1951.1
238,1000,152.4564,18,0.36,,0,3,5,0.866,0,649,0.62,982.0,995,0,0.019917,0.996281,-15.638523,238000,1959.1
239,1000,171.4931,19,0.38,,0,4,5,0.433,0,135,0.521,787.7,831,0,0.019878,1.111736,-15.923188,239000,1967.5
240,1000,182.783,20,0.4,,0,5,5,0.0,0,176,0.5005,951.0,762,0,0.019665,1.014734,-17.223684,240000,1975.5
241,1000,179.1004,19,0.38,,0,4,5,0.433,0,0,0.3302,705.0,581,0,0.019693,0.979091,-15.670651,241000,1983.5
242,1000,230.4456,20,0.4,,0,2,8,2.1213,1,126,0.3628,869.8,812,0,0.019855,0.856046,-16.824795,242000,1992.0
243,1000,205.5496,20,0.4,,0,5,5,0.0,1,236,0.407,875.1,555,0,0.020104,1.103401,-15.272723,243000,2000.3
244,1000,200.8541,20,0.4,,0,5,5,0.0,0,515,0.3695,765.1,884,0,0.019651,1.43841,-15.75143,244000,2008.6
245,1000,152.2715,18,0.36,,0,3,5,0.866,0,415,0.5555,896.5,979,0,0.019714,1.209613,-15.160769,245000,2016.7
246,1000,183.4128,20,0.4,,0,5,5,0.0,0,82,0.482,867.9,964,0,0.019384,1.20292,-14.505144,246000,2025.2
247,1000,161.4711,19,0.38,,0,4,5,0.433,0,520,0.6058,1008.0,783,0,0.019591,1.123211,-14.657938,247000,2033.7
248,1000,166.1382,18,0.36,,0,4,5,0.5,0,1,0.4073,740.0,986,0,0.019484,1.826593,-14.869218,248000,2042.2
249,1000,180.4272,20,0.4,,0,5,5,0.0,0,142,0.307,874.0,712,0,0.019926,0.89729,-13.477776,249000,2050.9
250,1000,181.0358,20,0.4,,0,5,5,0.0,0,44,0.5497,810.6,773,0,0.019895,1.586102,-14.799015,250000,2059.4
251,1000,185.0244,19,0.38,,0,4,5,0.433,0,63,0.359,718.0,868,0,0.019471,1.317455,-13.953811,251000,2068.2
252,1000,159.4201,18,0.36,,0,3,5,0.866,0,133,0.375,956.6,600,0,0.019293,1.719553,-15.456427,252000,2077.0
253,1000,191.1611,20,0.4,,0,5,5,0.0,0,148,0.5172,749.2,788,0,0.019452,1.238513,-14.458065,253000,2085.4
254,1000,222.4257,20,0.4,,0,5,5,0.0,1,325,0.4765,805.7,778,0,0.01934,1.06125,-14.679415,254000,2093.5
255,1000,179.6408,20,0.4,,0,5,5,0.0,0,189,0.5927,1001.7,931,0,0.019372,0.74323,-14.823084,255000,2101.7
256,1000,185.7412,20,0.4,,0,5,5,0.0,0,125,0.5373,1010.5,799,0,0.019607,2.014687,-15.720123,256000,2109.8
257,1000,187.9534,20,0.4,,0,5,5,0.0,0,63,0.5685,935.8,846,0,0.019362,1.359833,-15.981762,257000,2118.0
258,1000,151.0842,17,0.34,,0,3,5,0.8292,0,251,0.4027,727.6,715,0,0.019283,0.959796,-14.125578,258000,2126.3
259,1000,172.9133,15,0.3,,0,1,5,1.6394,1,44,0.4377,718.4,337,0,0.019502,1.268408,-14.280174,259000,2134.6
260,1000,206.2874,19,0.38,,0,4,5,0.433,1,68,0.1985,708.6,733,0,0.019423,1.515903,-14.090553,260000,2143.1
261,1000,146.056,17,0.34,,0,3,5,0.8292,0,95,0.2722,912.5,436,0,0.019312,2.019075,-14.519221,261000,2151.3
262,1000,246.0438,19,0.38,,0,2,8,2.1651,2,75,0.273,645.8,865,0,0.019602,0.835807,-15.144457,262000,2159.6
263,1000,220.4812,20,0.4,,0,5,5,0.0,1,210,0.555,796.2,737,0,0.019176,1.805351,-15.386142,263000,2167.7
264,1000,246.522,23,0.46,,0,4,9,1.9203,1,47,0.336,725.6,899,0,0.019551,1.331754,-14.892848,264000,2175.8
265,1000,143.8204,17,0.34,,0,4,5,0.433,0,160,0.246,789.2,757,0,0.019557,1.324086,-13.545589,265000,2183.9
266,1000,164.9646,19,0.38,,0,4,5,0.433,0,434,0.484,950.3,349,0,0.019794,0.939252,-13.644469,266000,2191.8
267,1000,159.8789,18,0.36,,0,4,5,0.5,0,78,0.3503,732.5,938,0,0.020108,2.471416,-13.943526,267000,2200.0
268,1000,194.576,18,0.36,,0,4,6,0.866,1,13,0.2455,678.7,863,0,0.019818,1.296229,-13.341523,268000,2208.3
269,1000,188.1402,18,0.36,,0,3,5,0.866,1,202,0.4537,897.0,682,0,0.019451,0.976493,-13.725979,269000,2216.7
270,1000,165.811,19,0.38,,0,4,5,0.433,0,208,0.4125,759.9,738,0,0.01933,1.127217,-13.197081,270000,2224.7
271,1000,103.7853,13,0.26,,0,1,5,1.7854,0,313,0.409,1064.1,695,0,0.019383,1.162951,-12.876794,271000,2232.9
272,1000,186.6641,20,0.4,,0,5,5,0.0,0,12,0.401,806.0,739,0,0.01926,1.174061,-13.213906,272000,2240.9
273,1000,218.6713,20,0.4,,0,5,5,0.0,1,134,0.346,856.4,719,0,0.019358,2.070431,-12.245453,273000,2248.8
274,1000,160.7301,17,0.34,,0,3,5,0.8292,0,21,0.5677,869.5,948,0,0.019233,1.147153,-13.365084,274000,2256.8
275,1000,176.3903,19,0.38,,0,4,5,0.433,0,78,0.483,911.8,840,0,0.019149,1.061536,-13.06041,275000,2264.7
276,1000,155.3395,17,0.34,,0,3,5,0.8292,0,0,0.4163,799.0,937,0,0.019081,1.413204,-13.554735,276000,2273.1
277,1000,146.2615,17,0.34,,0,2,5,1.299,0,34,0.3693,801.7,816,0,0.019368,0.977685,-12.606068,277000,2281.5
278,1000,153.7672,18,0.36,,0,4,5,0.5,0,0,0.1693,612.9,942,0,0.019105,1.203779,-13.531189,278000,2289.6
279,1000,193.6714,20,0.4,,0,5,5,0.0,0,62,0.5707,958.4,965,0,0.019384,1.496221,-13.225583,279000,2298.1
280,1000,151.7206,17,0.34,,0,3,5,0.8292,0,164,0.3028,747.2,569,0,0.019411,1.162803,-13.872766,280000,2306.1
281,1000,137.0872,16,0.32,,0,1,5,1.7321,0,299,0.3975,830.5,572,0,0.019337,1.163297,-14.367928,281000,2314.4
282,1000,165.1144,18,0.36,,0,4,5,0.5,0,188,0.2913,656.5,668,0,0.019426,2.119844,-14.944225,282000,2322.5
283,1000,144.3646,15,0.3,,0,3,5,0.8292,0,13,0.389,877.7,927,0,0.019327,0.855837,-14.540071,283000,2330.4
284,1000,112.1523,14,0.28,,0,3,4,0.5,0,111,0.3593,664.3,379,0,0.019509,2.098084,-12.608169,284000,2338.5
285,1000,228.5305,21,0.42,,0,4,7,1.0897,1,22,0.3365,952.8,913,0,0.019654,1.224039,-13.560418,285000,2347.3
286,1000,161.3279,18,0.36,,0,4,5,0.5,0,406,0.3387,661.1,699,0,0.019451,0.945968,-12.361641,286000,2355.8
287,1000,132.4966,15,0.3,,0,3,5,0.8292,0,0,0.2815,681.9,806,0,0.01938,1.427291,-12.118811,287000,2364.7
288,1000,144.9452,16,0.32,,0,2,5,1.2247,0,361,0.4248,710.5,856,0,0.019502,0.863446,-12.503734,288000,2373.0
289,1000,114.6124,13,0.26,,0,1,5,1.7854,0,0,0.1832,697.5,350,0,0.019434,1.685947,-12.691051,289000,2380.9
290,1000,192.4715,18,0.36,,0,4,5,0.5,1,181,0.447,746.7,812,0,0.019242,1.582566,-13.619273,290000,2389.0
291,1000,149.2034,16,0.32,,0,2,5,1.2247,0,0,0.4012,735.5,573,0,0.019156,0.734616,-12.566414,291000,2397.1
292,1000,150.694,16,0.32,,0,1,5,1.7321,0,316,0.4657,782.7,605,0,0.019372,0.954362,-13.12805,292000,2405.4
293,1000,203.8048,19,0.38,,0,3,6,1.0897,1,2,0.3932,890.8,881,0,0.019271,1.550958,-12.692475,293000,2413.4
294,1000,216.5346,20,0.4,,0,4,6,0.7071,1,201,0.345,881.9,803,0,0.019038,1.106419,-13.076129,294000,2421.6
295,1000,185.7243,19,0.38,,0,4,5,0.433,0,237,0.487,726.6,949,0,0.019073,1.806737,-11.704041,295000,2429.9
296,1000,235.8595,22,0.44,,0,3,10,2.6926,1,67,0.433,954.4,714,0,0.01824,1.619059,-13.215708,296000,2438.2
297,1000,148.1507,16,0.32,,0,1,5,1.7321,0,518,0.3438,682.7,597,0,0.018859,1.289732,-13.453949,297000,2446.6
298,1000,143.1986,16,0.32,,0,3,5,1.0,0,41,0.2537,630.0,563,0,0.018441,1.031667,-12.088411,298000,2455.0
299,1000,142.8111,16,0.32,,0,3,5,0.7071,0,40,0.2605,739.4,691,0,0.018253,1.05569,-13.188802,299000,2463.4
300,1000,240.4879,23,0.46,,0,3,10,2.586,1,215,0.2612,706.1,879,0,0.018236,1.388812,-11.998577,300000,2471.5
301,1000,111.7758,13,0.26,,0,2,5,1.0897,0,219,0.3573,759.7,385,0,0.018345,1.607111,-12.634662,301000,2479.8
302,1000,153.4097,18,0.36,,0,3,5,0.866,0,44,0.2552,772.7,638,0,0.018477,1.767586,-12.778025,302000,2488.1
303,1000,118.2843,14,0.28,,0,3,5,0.866,0,105,0.3162,682.4,982,0,0.018498,1.307141,-13.530743,303000,2496.1
304,1000,159.3047,18,0.36,,0,4,5,0.5,0,219,0.3463,819.2,870,0,0.018418,1.589394,-13.189734,304000,2504.6
305,1000,141.658,17,0.34,,0,3,5,0.8292,0,181,0.299,874.4,880,0,0.018131,1.486368,-11.015657,305000,2512.8
306,1000,155.043,19,0.38,,0,4,5,0.433,0,509,0.4168,677.6,668,0,0.018157,1.407953,-13.354679,306000,2520.7
307,1000,176.1299,20,0.4,,0,5,5,0.0,0,0,0.3205,890.3,764,0,0.018064,1.425998,-13.29288,307000,2528.9
308,1000,204.2739,18,0.36,,0,3,6,1.118,1,40,0.2455,761.8,888,0,0.018167,1.361884,-11.543184,308000,2537.5
309,1000,125.7503,15,0.3,,0,2,5,1.0897,0,26,0.1755,579.1,827,0,0.018512,1.313407,-11.79356,309000,2546.3
310,1000,148.7023,16,0.32,,0,3,5,0.7071,0,0,0.3443,685.7,290,0,0.018367,1.793786,-12.878592,310000,2555.2
311,1000,96.8312,12,0.24,,0,1,5,1.4142,0,436,0.36,708.4,467,0,0.018294,0.901472,-13.147058,311000,2563.5
312,1000,202.1026,18,0.36,,0,4,5,0.5,1,0,0.1685,648.7,643,0,0.018388,1.359794,-11.971151,312000,2571.6
313,1000,172.866,19,0.38,,0,4,5,0.433,0,0,0.2505,771.7,976,0,0.018321,0.927373,-11.138613,313000,2579.9
314,1000,148.3797,16,0.32,,0,3,5,1.0,1,0,0.1792,573.0,663,0,0.018144,1.396073,-11.643604,314000,2588.3
315,1000,272.619,21,0.42,,0,5,6,0.433,2,117,0.2455,727.3,852,0,0.018253,1.441423,-12.923264,315000,2596.6
316,1000,98.408,11,0.22,,1,0,5,1.9203,0,302,0.2755,761.1,997,0,0.01812,1.142982,-11.746458,316000,2604.8
317,1000,141.3495,16,0.32,,0,3,5,0.7071,0,686,0.3982,828.4,810,0,0.018202,1.257331,-12.274648,317000,2613.4
318,1000,171.5939,18,0.36,,0,4,5,0.5,0,38,0.382,756.6,785,0,0.018291,1.16775,-11.556921,318000,2621.9
319,1000,127.6131,14,0.28,,0,2,5,1.118,0,12,0.2677,693.7,984,0,0.01835,1.412243,-13.018551,319000,2630.0
320,1000,161.9608,17,0.34,,0,3,5,0.8292,0,0,0.1403,614.9,676,0,0.018381,1.34641,-11.038598,320000,2638.2
321,1000,127.1135,15,0.3,,0,3,4,0.433,0,10,0.0958,550.6,644,0,0.018135,1.131464,-12.169168,321000,2646.5
322,1000,168.5946,16,0.32,,0,2,5,1.2247,1,34,0.1375,628.3,913,0,0.018459,0.836128,-11.356333,322000,2655.0
323,1000,110.6952,14,0.28,,1,0,5,2.0616,0,165,0.2208,803.3,637,0,0.018013,1.16062,-12.797323,323000,2663.6
324,1000,146.3048,19,0.38,,0,4,5,0.433,0,63,0.2672,841.6,428,0,0.017735,0.985281,-11.390914,324000,2671.6
325,1000,187.3185,20,0.4,,0,5,5,0.0,0,75,0.2142,680.0,957,0,0.017741,0.885861,-10.895786,325000,2679.6
326,1000,154.238,17,0.34,,0,2,5,1.299,0,0,0.3877,703.2,523,0,0.017625,0.861688,-11.218716,326000,2687.5
327,1000,163.3905,18,0.36,,0,4,5,0.5,0,217,0.4855,698.4,890,0,0.017906,0.925222,-10.937539,327000,2695.9
328,1000,159.2345,18,0.36,,0,4,5,0.5,0,0,0.223,602.6,813,0,0.017948,1.2158,-11.014042,328000,2704.1
329,1000,275.9152,18,0.36,,0,1,6,2.0616,3,136,0.3583,695.2,988,0,0.018353,0.949521,-12.076417,329000,2712.4
330,1000,140.6946,17,0.34,,0,3,5,0.8292,0,380,0.4462,681.7,740,0,0.018441,0.95312,-10.44486,330000,2721.2
331,1000,203.9794,18,0.36,,0,4,5,0.5,1,11,0.229,652.9,838,0,0.018408,1.388421,-10.918562,331000,2730.1
332,1000,179.8896,19,0.38,,0,4,5,0.433,0,35,0.626,782.8,955,0,0.01839,1.426107,-11.135385,332000,2738.0
333,1000,208.7608,19,0.38,,0,2,8,2.1651,1,0,0.1693,772.3,947,0,0.018221,0.918492,-11.225298,333000,2747.2
334,1000,225.3445,20,0.4,,0,4,6,0.7071,1,252,0.2682,698.5,947,0,0.018355,0.983434,-11.356218,334000,2755.4
335,1000,211.4382,20,0.4,,0,5,5,0.0,1,295,0.4627,877.0,967,0,0.018006,1.329887,-11.152495,335000,2763.4
336,1000,134.2442,15,0.3,,0,1,5,1.6394,0,0,0.083,571.4,791,0,0.017843,0.974333,-10.268398,336000,2771.8
337,1000,176.141,16,0.32,,0,3,6,1.2247,1,2,0.2542,650.8,686,0,0.017941,1.866287,-10.053011,337000,2779.9
338,1000,163.9805,18,0.36,,0,3,5,0.866,0,3,0.205,643.2,967,0,0.017904,0.942681,-10.662505,338000,2788.2
339,1000,167.4062,19,0.38,,0,4,5,0.433,0,118,0.4893,801.2,905,0,0.017956,1.022909,-11.402633,339000,2796.8
340,1000,190.1534,17,0.34,,0,2,5,1.299,1,29,0.2667,843.7,761,0,0.018139,0.994723,-10.219827,340000,2805.1
341,1000,148.1053,18,0.36,,0,3,5,0.866,0,249,0.4402,780.7,409,0,0.018182,1.150912,-10.82197,341000,2813.3
342,1000,160.7577,18,0.36,,0,3,5,0.866,0,4,0.3867,719.5,581,0,0.018439,0.828331,-9.799223,342000,2821.4
343,1000,216.2423,20,0.4,,0,5,5,0.0,1,125,0.338,794.5,920,0,0.018733,1.623802,-10.303333,343000,2829.5
344,1000,208.8221,19,0.38,,0,4,6,0.8292,1,147,0.2333,741.6,688,0,0.0189,1.072785,-10.985916,344000,2837.6
345,1000,223.5323,21,0.42,,0,5,6,0.433,1,407,0.489,1005.7,747,0,0.018451,1.425915,-10.192994,345000,2846.1
346,1000,166.6256,18,0.36,,0,3,5,0.866,0,121,0.3275,855.7,743,0,0.018333,1.182531,-10.563171,346000,2854.3
347,1000,240.8172,22,0.44,,0,3,9,2.1794,1,421,0.4355,835.5,679,0,0.018395,0.981619,-10.541774,347000,2862.5
348,1000,164.9363,18,0.36,,0,4,5,0.5,0,64,0.2828,768.5,717,0,0.017905,0.970302,-9.602232,348000,2870.4
349,1000,177.2404,20,0.4,,0,5,5,0.0,0,0,0.259,775.5,588,0,0.01816,0.767523,-10.39049,349000,2878.6
350,1000,161.6349,17,0.34,,0,2,5,1.299,0,168,0.3448,813.5,841,0,0.017952,1.319734,-10.387257,350000,2887.5
351,1000,209.7976,19,0.38,,0,4,5,0.433,1,105,0.4688,832.4,455,0,0.017599,1.267796,-10.8627,351000,2895.9
352,1000,227.2597,20,0.4,,0,3,9,2.3452,1,117,0.2627,614.1,779,0,0.017687,1.292669,-10.351431,352000,2904.7
353,1000,129.5627,15,0.3,,0,2,5,1.0897,0,395,0.311,761.6,744,0,0.017951,1.139971,-10.894587,353000,2913.2
354,1000,221.2465,20,0.4,,0,5,5,0.0,1,266,0.452,799.8,996,0,0.017493,0.958812,-9.867575,354000,2921.7
355,1000,254.2333,20,0.4,,0,2,10,3.0822,2,180,0.257,734.2,454,0,0.017406,1.293099,-9.51985,355000,2929.9
356,1000,277.8344,22,0.44,,0,5,6,0.5,2,131,0.2958,732.3,920,0,0.017524,1.36314,-9.639597,356000,2938.1
357,1000,283.7219,22,0.44,,0,5,7,0.866,2,61,0.379,773.1,954,0,0.017522,0.917662,-9.968166,357000,2946.4
358,1000,149.9608,18,0.36,,0,4,5,0.5,0,503,0.609,942.3,818,0,0.017282,1.466676,-9.92684,358000,2954.7
359,1000,161.0422,17,0.34,,0,3,5,0.8292,0,0,0.3237,700.8,698,0,0.017072,1.393669,-9.875551,359000,2962.7
360,1000,301.7191,24,0.48,,0,3,8,2.1213,2,64,0.349,857.7,957,0,0.017066,1.558608,-9.940372,360000,2971.3
361,1000,184.1385,19,0.38,,0,3,6,1.0897,1,398,0.393,740.7,705,0,0.016985,1.142637,-10.328902,361000,2979.5
362,1000,171.8829,18,0.36,,0,3,5,0.866,0,75,0.4128,861.8,928,0,0.017,1.164929,-9.176118,362000,2987.6
363,1000,192.1477,20,0.4,,0,5,5,0.0,0,49,0.3382,974.8,386,0,0.016838,1.067519,-10.3134,363000,2995.6
364,1000,196.5443,18,0.36,,0,3,5,0.866,1,103,0.4382,774.3,604,0,0.016904,0.993481,-8.937562,364000,3004.0
365,1000,206.3649,19,0.38,,0,3,6,1.0897,1,116,0.3638,1017.0,995,0,0.016992,1.480953,-9.653898,365000,3012.3
366,1000,214.6343,18,0.36,,0,3,5,0.866,2,760,0.315,702.5,358,0,0.017262,1.018982,-9.760287,366000,3020.5
367,1000,76.7055,9,0.18,,1,0,5,1.9203,0,422,0.2687,845.6,378,0,0.017451,1.316161,-11.174908,367000,3028.8
368,1000,183.1363,20,0.4,,0,5,5,0.0,0,413,0.512,871.9,816,0,0.017651,0.938999,-9.974121,368000,3037.6
369,1000,195.5346,17,0.34,,0,2,5,1.299,1,52,0.2102,744.6,856,0,0.01735,1.142136,-10.4611,369000,3046.2
370,1000,258.936,24,0.48,,0,5,9,1.7321,1,99,0.4417,979.9,994,0,0.017395,1.127775,-9.630157,370000,3054.4
371,1000,214.6724,20,0.4,,0,4,6,0.7071,1,285,0.4052,844.3,496,0,0.017261,1.653914,-9.484682,371000,3062.7
372,1000,225.9124,20,0.4,,0,5,5,0.0,1,149,0.234,778.8,939,0,0.017169,0.865121,-9.157978,372000,3070.8
373,1000,190.5169,19,0.38,,0,4,5,0.433,1,150,0.2707,935.1,370,0,0.017165,1.14564,-9.883766,373000,3078.9
374,1000,215.4831,20,0.4,,0,3,8,1.8708,1,57,0.293,758.1,838,0,0.017407,0.848255,-9.674332,374000,3087.3
375,1000,128.536,14,0.28,,0,2,5,1.118,0,133,0.376,792.0,970,0,0.017827,0.705103,-9.162524,375000,3095.4
376,1000,189.7106,18,0.36,,0,3,5,0.866,1,117,0.4908,745.0,596,0,0.017854,0.92599,-10.491871,376000,3103.5
377,1000,150.5226,17,0.34,,0,3,5,0.8292,0,305,0.3407,750.6,954,0,0.017736,1.936703,-9.579861,377000,3111.8
378,1000,274.6758,22,0.44,,0,4,9,2.0616,2,92,0.209,906.3,938,0,0.018178,0.859321,-8.680773,378000,3120.0
379,1000,160.6453,17,0.34,,0,3,5,0.8292,0,26,0.3603,794.9,914,0,0.018143,0.932831,-9.109644,379000,3128.0
380,1000,170.8696,19,0.38,,0,4,5,0.433,0,197,0.4422,852.4,956,0,0.018135,1.21952,-10.871247,380000,3136.2
381,1000,155.2609,17,0.34,,0,3,5,0.8292,0,48,0.3142,821.6,358,0,0.018088,0.877579,-8.771747,381000,3144.3
382,1000,264.8913,24,0.48,,0,5,9,1.7321,1,14,0.3762,748.8,602,0,0.018062,1.699782,-9.878785,382000,3152.4
383,1000,218.365,20,0.4,,0,4,6,0.7071,1,434,0.5857,1056.5,997,0,0.017679,1.570496,-9.980737,383000,3160.4
384,1000,173.7335,19,0.38,,0,4,5,0.433,0,461,0.5343,951.7,826,0,0.017969,1.091827,-11.188627,384000,3168.8
385,1000,160.9818,17,0.34,,0,3,5,0.8292,0,216,0.3307,774.8,636,0,0.017998,0.766465,-9.906983,385000,3176.9
386,1000,294.8805,23,0.46,,0,5,8,1.299,2,20,0.339,868.7,662,0,0.018438,0.978135,-9.974185,386000,3184.9
387,1000,292.864,23,0.46,,0,4,9,1.9203,2,4,0.3733,901.3,991,0,0.018077,1.256363,-9.859585,387000,3192.7
388,1000,242.3315,21,0.42,,0,3,8,1.7854,1,0,0.2958,873.6,873,0,0.018306,1.432322,-8.851271,388000,3200.9
389,1000,159.3247,18,0.36,,0,4,5,0.5,0,210,0.364,856.0,733,0,0.018211,1.329203,-9.950157,389000,3209.2
390,1000,177.8633,17,0.34,,0,2,6,1.479,1,925,0.5012,1052.5,806,0,0.018124,1.379569,-11.228556,390000,3217.7
391,1000,189.0076,20,0.4,,0,5,5,0.0,0,7,0.4795,860.7,326,0,0.018414,0.933722,-9.266508,391000,3225.5
392,1000,219.1962,20,0.4,,0,4,7,1.2247,1,229,0.138,686.6,892,0,0.018474,0.889852,-9.668459,392000,3233.6
393,1000,173.4871,18,0.36,,0,3,5,0.866,0,130,0.5843,1045.2,683,0,0.018462,1.318801,-8.894865,393000,3242.0
394,1000,152.3861,16,0.32,,0,2,5,1.2247,0,314,0.4607,988.4,853,0,0.018632,1.83171,-10.423046,394000,3250.6
395,1000,266.6346,20,0.4,,0,3,6,1.2247,2,82,0.219,792.8,926,0,0.019203,1.020892,-9.811928,395000,3258.8
396,1000,208.0769,19,0.38,,0,4,5,0.433,1,134,0.3005,820.9,603,0,0.019178,1.336461,-8.696259,396000,3267.2
397,1000,213.3231,20,0.4,,0,5,5,0.0,1,142,0.3125,765.6,676,0,0.019312,1.089644,-9.015848,397000,3275.5
398,1000,150.6247,16,0.32,,0,3,5,1.0,0,0,0.327,806.3,909,0,0.01949,1.32039,-9.40519,398000,3283.9
399,1000,146.0187,16,0.32,,0,3,5,1.0,0,240,0.6348,983.2,991,0,0.019616,1.361591,-10.010115,399000,3292.8
400,1000,260.315,20,0.4,,0,4,6,0.7071,2,161,0.3395,782.9,839,0,0.019906,1.021927,-9.167017,400000,3301.6
401,1000,149.1062,17,0.34,,0,3,5,0.8292,0,8,0.1075,650.6,875,0,0.019722,1.29178,-8.649837,401000,3310.1
402,1000,221.2145,20,0.4,,0,5,5,0.0,1,149,0.3005,807.2,966,0,0.019763,1.24357,-9.557893,402000,3318.1
403,1000,217.26,20,0.4,,0,5,5,0.0,1,279,0.3925,743.8,286,0,0.019834,1.855721,-9.691402,403000,3326.4
404,1000,132.9515,15,0.3,,0,2,5,1.299,0,6,0.1255,704.0,872,0,0.019765,1.445765,-8.93852,404000,3334.6
405,1000,153.1925,18,0.36,,0,3,5,0.866,0,43,0.5015,863.6,991,0,0.020148,1.390381,-9.161093,405000,3343.0
406,1000,185.2916,17,0.34,,0,2,5,1.299,1,173,0.2415,698.7,960,0,0.02037,1.366314,-9.803596,406000,3351.2
407,1000,198.3743,18,0.36,,0,2,7,1.8028,1,49,0.1915,766.7,990,0,0.0204,1.115235,-9.575521,407000,3359.5
408,1000,228.3666,18,0.36,,0,3,6,1.118,2,290,0.3755,822.1,854,0,0.020126,1.40281,-9.764035,408000,3368.1
409,1000,246.6145,22,0.44,,0,3,9,2.1794,1,9,0.2828,811.9,975,0,0.020513,1.414969,-9.133115,409000,3376.4
410,1000,289.7196,20,0.4,,0,5,5,0.0,3,135,0.3355,918.8,888,0,0.020262,1.453189,-8.929615,410000,3384.9
411,1000,183.0854,20,0.4,,0,5,5,0.0,0,26,0.5467,1036.7,967,0,0.020666,1.425227,-8.512738,411000,3393.1
412,1000,173.9716,16,0.32,,0,3,5,1.0,1,467,0.3033,764.3,626,0,0.0206,1.304753,-9.173569,412000,3401.6
413,1000,168.9268,19,0.38,,0,4,5,0.433,0,3,0.2632,858.8,716,0,0.020787,1.1573,-9.077276,413000,3410.1
414,1000,183.693,19,0.38,,0,4,5,0.433,0,15,0.3528,775.3,610,0,0.020814,0.933942,-8.007225,414000,3418.0
415,1000,162.7856,18,0.36,,0,4,5,0.5,0,27,0.2888,828.5,814,0,0.020386,1.096366,-9.300579,415000,3426.1
416,1000,202.1329,19,0.38,,0,4,5,0.433,1,187,0.3212,788.0,475,0,0.020488,0.914263,-8.732958,416000,3434.2
417,1000,153.9519,17,0.34,,0,3,5,0.8292,0,123,0.3355,867.1,797,0,0.020105,0.877297,-9.824667,417000,3442.7
418,1000,205.3312,18,0.36,,0,3,5,0.866,1,111,0.464,811.9,695,0,0.019883,1.096518,-8.659896,418000,3450.9
419,1000,140.973,16,0.32,,0,3,5,1.0,0,61,0.181,839.5,947,0,0.019741,1.213538,-8.760511,419000,3459.1
420,1000,125.376,17,0.34,,0,3,5,0.8292,0,153,0.3927,803.3,402,0,0.020017,1.067929,-8.842948,420000,3467.2
421,1000,179.8378,16,0.32,,0,3,5,0.7071,1,80,0.1143,855.8,570,0,0.020138,1.238585,-9.43907,421000,3475.5
422,1000,219.3048,19,0.38,,0,4,5,0.433,1,49,0.3242,747.8,683,0,0.020587,1.16921,-8.989103,422000,3483.9
423,1000,120.4338,14,0.28,,0,2,5,1.118,0,36,0.2223,728.0,406,0,0.020664,0.756075,-7.454254,423000,3492.2
424,1000,182.9263,19,0.38,,0,4,5,0.433,0,209,0.3708,749.4,908,0,0.020736,0.991026,-8.604818,424000,3500.3
425,1000,215.1144,19,0.38,,0,3,7,1.479,1,51,0.2395,723.1,780,0,0.020761,1.528219,-9.239167,425000,3508.7
426,1000,208.9474,18,0.36,,0,3,5,0.866,1,124,0.2988,777.5,969,0,0.020718,1.029869,-9.4257,426000,3516.8
427,1000,166.8622,17,0.34,,0,3,5,0.8292,0,130,0.4833,850.6,940,0,0.020891,0.921711,-9.830737,427000,3525.3
428,1000,181.3267,19,0.38,,0,4,5,0.433,0,15,0.425,688.0,742,0,0.020723,1.271326,-9.250578,428000,3533.3
429,1000,219.8198,20,0.4,,0,3,7,1.4142,1,265,0.3698,758.5,949,0,0.020557,1.053497,-9.768009,429000,3541.4
430,1000,203.8907,18,0.36,,0,3,6,1.118,1,34,0.2402,759.4,868,0,0.021031,1.234114,-9.493499,430000,3549.4
431,1000,262.9398,21,0.42,,0,3,8,1.7854,2,28,0.146,707.4,847,0,0.021304,0.929629,-10.727917,431000,3557.8
432,1000,135.4103,16,0.32,,0,3,5,0.7071,0,74,0.2077,789.8,631,0,0.021027,0.824741,-8.596961,432000,3566.1
433,1000,174.5423,19,0.38,,0,4,5,0.433,0,2,0.4173,741.2,970,0,0.020546,1.819501,-8.677229,433000,3574.7
434,1000,136.5445,16,0.32,,0,2,5,1.2247,0,10,0.1445,663.0,563,0,0.020646,1.235868,-9.422707,434000,3583.4
435,1000,139.3159,16,0.32,,0,3,5,0.7071,0,0,0.144,702.0,236,0,0.020412,0.959907,-7.909775,435000,3592.3
436,1000,175.2716,16,0.32,,0,2,5,1.2247,1,8,0.1462,669.5,780,0,0.020581,1.54199,-7.940098,436000,3600.9
437,1000,213.8299,17,0.34,,0,2,6,1.479,2,0,0.246,776.4,948,0,0.020253,1.120505,-9.169905,437000,3609.6
438,1000,146.1464,17,0.34,,0,3,5,0.8292,0,417,0.1427,591.6,545,0,0.020131,0.963736,-8.786872,438000,3618.1
439,1000,210.2179,20,0.4,,0,5,5,0.0,1,151,0.2253,697.7,315,0,0.020231,1.34526,-9.556045,439000,3626.6
440,1000,148.8167,17,0.34,,0,2,5,1.299,0,0,0.0935,704.2,653,0,0.020036,0.856957,-7.376899,440000,3634.8
441,1000,157.687,18,0.36,,0,4,5,0.5,0,570,0.442,828.0,678,0,0.020259,1.730099,-7.834552,441000,3643.3
442,1000,235.7255,21,0.42,,0,3,9,2.2776,1,49,0.2507,892.9,743,0,0.020212,2.125215,-8.788514,442000,3651.9
443,1000,124.1495,14,0.28,,0,1,5,1.6583,0,56,0.3132,798.7,797,0,0.020213,1.699146,-9.07073,443000,3660.5
444,1000,173.9918,16,0.32,,0,2,5,1.2247,1,9,0.2055,691.5,336,0,0.02031,1.674102,-9.096409,444000,3668.9
445,1000,144.093,15,0.3,,0,2,5,1.299,0,183,0.325,742.6,610,0,0.020522,1.047333,-8.78006,445000,3677.3
446,1000,137.7265,16,0.32,,0,3,5,1.0,0,166,0.0897,750.9,298,0,0.020439,0.972148,-7.815621,446000,3685.6
447,1000,155.4755,15,0.3,,0,1,5,1.6394,1,120,0.1383,665.4,187,0,0.020233,0.783015,-8.271904,447000,3694.4
448,1000,211.7763,19,0.38,,0,2,7,1.7854,1,141,0.2355,622.5,749,0,0.020429,1.197403,-8.11012,448000,3702.8
449,1000,207.8877,19,0.38,,0,2,10,3.1125,1,0,0.239,839.9,915,0,0.020753,0.765142,-8.437368,449000,3711.4
450,1000,219.1434,17,0.34,,0,3,6,1.299,2,200,0.264,866.7,864,0,0.020769,1.022347,-7.995996,450000,3719.8
451,1000,140.2843,16,0.32,,0,3,5,1.0,0,343,0.4358,977.9,848,0,0.021353,1.120288,-9.079771,451000,3728.3
452,1000,185.424,17,0.34,,0,2,5,1.299,1,288,0.2422,760.1,368,0,0.021273,1.259976,-6.911118,452000,3736.9
453,1000,152.1974,14,0.28,,0,2,5,1.118,1,1,0.2585,660.1,529,0,0.021568,1.441757,-9.3072,453000,3745.3
454,1000,135.0528,15,0.3,,0,1,5,1.6394,0,441,0.2495,711.7,786,0,0.021532,1.586311,-8.846041,454000,3754.0
455,1000,180.1409,17,0.34,,0,3,6,1.299,1,7,0.163,784.8,950,0,0.021634,1.180186,-8.078738,455000,3762.5
456,1000,166.5846,15,0.3,,0,2,6,1.7854,1,6,0.1993,654.0,970,0,0.021876,0.8068,-9.285353,456000,3770.5
457,1000,144.2704,17,0.34,,0,3,5,0.8292,0,51,0.2405,714.6,339,0,0.021741,1.197908,-8.285306,457000,3778.4
458,1000,124.3746,15,0.3,,0,2,5,1.0897,0,7,0.193,730.0,982,0,0.022081,1.104123,-8.13282,458000,3786.4
459,1000,174.8669,16,0.32,,0,3,6,1.2247,1,81,0.1407,709.4,890,0,0.021836,0.827477,-8.144585,459000,3794.3
460,1000,151.8005,14,0.28,,0,2,5,1.118,1,0,0.1242,688.2,301,0,0.021968,1.296511,-9.479319,460000,3802.3
461,1000,235.5629,21,0.42,,0,3,10,2.7726,1,95,0.218,769.9,971,0,0.021699,1.558161,-9.100851,461000,3810.6
462,1000,156.5792,14,0.28,,0,2,5,1.118,1,77,0.1432,607.5,449,0,0.021228,1.203845,-8.547369,462000,3818.6
463,1000,131.7149,15,0.3,,0,2,5,1.0897,0,8,0.3422,632.2,752,0,0.021534,1.057122,-7.567148,463000,3826.6
464,1000,182.522,16,0.32,,0,3,5,1.0,1,37,0.245,742.4,689,0,0.021404,0.895852,-9.087452,464000,3834.6
465,1000,191.9,18,0.36,,0,3,5,0.866,1,84,0.2687,775.3,353,0,0.021564,1.178891,-7.588323,465000,3842.9
466,1000,163.6711,15,0.3,,0,2,5,1.299,1,218,0.2838,729.4,503,0,0.021774,1.158199,-7.68406,466000,3851.2
467,1000,182.7753,17,0.34,,0,2,8,2.2776,1,13,0.2385,700.4,628,0,0.021379,1.567457,-8.767588,467000,3859.5
468,1000,144.2457,18,0.36,,0,4,5,0.5,0,34,0.1655,685.3,717,0,0.02122,1.006738,-8.146852,468000,3867.9
469,1000,157.9934,15,0.3,,0,2,5,1.0897,1,38,0.165,599.1,358,0,0.021193,1.147489,-6.930429,469000,3876.4
470,1000,218.8535,19,0.38,,0,4,5,0.433,1,0,0.1422,804.6,584,0,0.021154,2.345311,-7.625939,470000,3884.4
471,1000,186.3599,17,0.34,,0,1,6,1.9203,1,111,0.282,735.5,489,0,0.020872,1.107754,-8.407869,471000,3892.5
472,1000,240.007,19,0.38,,0,2,6,1.6394,2,93,0.3227,717.5,967,0,0.021138,1.092639,-8.498146,472000,3901.0
473,1000,189.2192,16,0.32,,0,2,5,1.2247,1,33,0.152,756.1,232,0,0.021093,0.793824,-7.662484,473000,3909.3
474,1000,219.1595,16,0.32,,0,1,5,1.7321,2,197,0.2057,742.8,784,0,0.021378,1.046484,-7.859557,474000,3917.6
475,1000,178.7423,16,0.32,,0,1,7,2.1213,1,11,0.039,580.0,991,0,0.021399,1.023072,-7.712646,475000,3925.7
476,1000,160.7399,17,0.34,,0,2,5,1.299,0,173,0.3035,799.9,807,0,0.021491,1.016489,-7.204567,476000,3934.1
477,1000,151.5205,14,0.28,,1,0,5,2.0616,1,112,0.277,721.1,383,0,0.021664,1.413822,-7.797118,477000,3942.4
478,1000,199.8895,18,0.36,,1,0,10,3.6401,1,1,0.082,585.9,750,0,0.021855,1.271066,-7.676372,478000,3951.1
479,1000,240.8375,18,0.36,,1,0,8,2.8723,2,4,0.1055,617.3,916,0,0.021574,1.46186,-7.52663,479000,3959.6
480,1000,262.7154,21,0.42,,1,0,8,3.2692,2,214,0.302,742.8,932,0,0.021325,1.003921,-7.634284,480000,3967.8
481,1000,122.2615,13,0.26,,1,0,5,2.0463,0,59,0.2772,767.0,776,0,0.021492,0.823948,-7.797911,481000,3976.0
482,1000,244.8919,19,0.38,,0,1,7,2.2776,2,163,0.2085,786.0,962,0,0.02109,1.162571,-7.650204,482000,3984.1
483,1000,165.0272,16,0.32,,0,3,6,1.2247,1,17,0.121,724.1,936,0,0.020887,1.916855,-7.198815,483000,3992.6
484,1000,96.0647,13,0.26,,1,0,5,2.0463,0,354,0.2825,669.0,447,0,0.020559,0.926708,-7.561279,484000,4001.1
485,1000,159.2776,17,0.34,,0,2,5,1.299,0,585,0.3227,760.3,877,0,0.02056,1.290331,-8.616455,485000,4009.7
486,1000,264.5644,21,0.42,,0,2,9,2.586,2,252,0.205,749.5,717,0,0.020704,1.173254,-7.678765,486000,4018.0
487,1000,82.3743,12,0.24,,0,1,5,1.5811,0,683,0.4743,769.1,307,0,0.020491,1.755926,-7.640773,487000,4026.3
488,1000,212.119,19,0.38,,0,2,10,3.1125,1,21,0.2152,790.8,746,0,0.020077,0.819416,-8.098572,488000,4034.7
489,1000,153.9359,18,0.36,,0,3,5,0.866,0,87,0.1767,884.5,460,0,0.019981,0.95246,-7.212293,489000,4042.8
490,1000,118.7986,16,0.32,,0,3,5,0.7071,0,32,0.3832,786.9,453,0,0.019895,1.057708,-6.894053,490000,4050.7
491,1000,121.1977,14,0.28,,0,1,5,1.5,0,42,0.347,798.2,753,0,0.020137,0.823272,-6.688159,491000,4059.0
492,1000,149.5927,16,0.32,,0,3,5,1.0,0,9,0.1175,647.2,936,0,0.020059,0.899171,-7.452452,492000,4066.9
493,1000,134.9952,16,0.32,,0,3,5,0.7071,0,218,0.219,683.8,470,0,0.019795,1.231486,-8.064871,493000,4075.0
494,1000,150.9937,14,0.28,,0,2,5,1.5,1,21,0.1005,569.6,668,0,0.019786,0.793395,-8.125137,494000,4082.9
495,1000,178.2134,16,0.32,,0,2,5,1.2247,1,130,0.239,742.0,969,0,0.019809,1.07561,-7.428594,495000,4091.5
496,1000,133.344,15,0.3,,0,3,5,0.8292,0,0,0.2785,701.2,786,0,0.019616,0.757919,-6.073119,496000,4100.0
497,1000,136.8983,15,0.3,,1,0,5,2.1651,0,29,0.2193,767.0,981,0,0.020045,1.218057,-7.361042,497000,4108.7
498,1000,130.7201,14,0.28,,0,1,5,1.6583,0,5,0.2425,835.4,993,0,0.019676,1.400834,-8.025335,498000,4117.1
499,1000,215.2648,16,0.32,,0,1,5,1.7321,2,0,0.1027,620.9,575,0,0.019821,1.083139,-7.435179,499000,4125.3
500,1000,68.5144,8,0.16,,1,0,4,1.5811,0,235,0.1217,608.7,778,0,0.019733,0.945756,-7.037314,500000,4133.9
501,1000,192.2376,14,0.28,,0,1,5,1.6583,2,86,0.1915,603.7,764,0,0.019729,0.880862,-7.461621,501000,4142.4
502,1000,198.7026,15,0.3,,1,0,7,2.586,2,16,0.1263,603.0,1000,0,0.019284,0.869721,-7.431309,502000,4151.2
503,1000,195.641,14,0.28,,1,0,6,2.2913,2,39,0.0777,625.4,971,0,0.019402,0.822624,-8.00868,503000,4159.3
504,1000,138.5034,15,0.3,,0,2,5,1.299,0,93,0.1573,692.8,811,0,0.019336,0.998268,-7.07487,504000,4167.6
505,1000,201.1811,18,0.36,,1,0,10,3.5707,1,121,0.3177,703.7,624,0,0.020014,1.228374,-5.805409,505000,4176.4
506,1000,172.1295,16,0.32,,1,0,7,2.5495,1,224,0.2407,755.9,737,0,0.020067,0.876628,-7.680934,506000,4185.1
507,1000,106.9724,12,0.24,,0,1,5,1.4142,0,0,0.093,597.6,908,0,0.019915,1.163765,-8.194045,507000,4193.4
508,1000,87.0722,11,0.22,,1,0,5,1.9203,0,1,0.1938,659.7,393,0,0.019749,1.261483,-7.983401,508000,4201.7
509,1000,165.9258,15,0.3,,0,2,6,1.479,1,55,0.16,625.0,973,0,0.019621,1.181621,-6.821931,509000,4210.1
510,1000,179.5097,16,0.32,,1,0,7,2.5495,1,0,0.2172,843.2,989,0,0.019684,0.891762,-6.226294,510000,4218.4
511,1000,201.2055,18,0.36,,0,1,9,2.958,1,0,0.162,587.3,964,0,0.019334,0.850724,-7.27575,511000,4227.3
512,1000,146.0233,13,0.26,,1,0,5,2.0463,1,3,0.292,680.3,448,0,0.019277,1.225451,-7.715223,512000,4236.3
513,1000,187.7095,16,0.32,,0,1,7,2.2361,1,53,0.217,853.0,944,0,0.019409,0.998619,-7.966029,513000,4244.9
514,1000,258.9049,20,0.4,,1,0,10,3.6056,2,148,0.12,645.8,920,0,0.019144,1.485931,-7.816951,514000,4253.4
515,1000,141.5182,15,0.3,,1,0,5,2.1651,0,19,0.107,665.3,943,0,0.019231,0.938397,-7.060726,515000,4262.1
516,1000,155.966,17,0.34,,0,3,5,0.8292,0,0,0.1522,580.7,688,0,0.018759,0.927962,-7.424562,516000,4270.7
517,1000,179.2891,16,0.32,,0,1,6,1.8708,1,46,0.1618,650.7,878,0,0.019288,0.837227,-6.513282,517000,4278.9
518,1000,252.2647,20,0.4,,1,0,8,3.0822,2,282,0.1695,625.6,964,0,0.019098,0.806038,-6.915244,518000,4287.3
519,1000,165.7587,14,0.28,,1,0,5,2.0616,1,17,0.1338,692.0,904,0,0.019021,1.310024,-7.697148,519000,4295.7
520,1000,141.2922,15,0.3,,1,0,5,2.1651,0,4,0.1827,788.9,515,0,0.019389,0.87748,-6.665759,520000,4303.8
521,1000,95.6892,12,0.24,,0,1,4,1.2247,0,98,0.287,733.2,804,0,0.01951,1.578019,-7.592456,521000,4312.4
522,1000,207.6106,16,0.32,,0,2,5,1.2247,2,7,0.0902,563.7,755,0,0.019248,1.379774,-7.246694,522000,4320.8
523,1000,114.6148,13,0.26,,1,0,5,2.0463,0,0,0.0602,579.4,262,0,0.019384,0.841564,-6.877296,523000,4329.1
524,1000,126.9942,14,0.28,,0,2,5,1.118,0,101,0.2853,795.1,970,0,0.019691,1.198749,-6.222741,524000,4337.5
525,1000,86.1193,13,0.26,,1,0,5,1.9203,0,185,0.0877,616.0,352,0,0.019946,0.690868,-6.834511,525000,4345.8
526,1000,110.9506,13,0.26,,1,0,5,1.9203,0,0,0.1255,671.0,827,0,0.020432,0.959696,-6.468719,526000,4354.4
527,1000,198.9053,18,0.36,,0,4,5,0.5,1,195,0.2308,804.1,460,0,0.020472,0.719446,-6.446087,527000,4362.6
528,1000,182.993,17,0.34,,0,3,6,1.0897,1,17,0.075,579.7,983,0,0.020769,0.968886,-7.091134,528000,4370.7
529,1000,124.0249,14,0.28,,0,1,5,1.5,0,98,0.2115,675.1,808,0,0.02049,1.353166,-7.129033,529000,4378.7
530,1000,314.1066,22,0.44,,0,1,11,3.8406,3,218,0.1358,635.9,979,0,0.020574,0.896622,-5.914306,530000,4386.9
531,1000,178.5822,17,0.34,,0,3,5,0.8292,1,0,0.3132,616.0,758,0,0.020622,2.155439,-6.292993,531000,4395.3
532,1000,234.3673,18,0.36,,1,0,8,2.8723,2,1,0.2497,698.9,877,0,0.02096,1.176693,-6.499531,532000,4403.7
533,1000,177.9836,17,0.34,,0,2,5,1.299,1,9,0.1158,648.4,382,0,0.020895,1.000987,-5.785571,533000,4411.8
534,1000,152.7855,15,0.3,,1,0,6,2.2776,1,149,0.183,668.3,976,0,0.02084,1.075947,-6.556264,534000,4420.2
535,1000,135.5792,15,0.3,,0,2,5,1.299,0,15,0.1512,715.3,589,0,0.020964,0.858885,-6.083492,535000,4428.4
536,1000,156.1366,13,0.26,,1,0,7,2.586,1,49,0.1795,591.0,998,0,0.020837,0.995737,-6.68898,536000,4436.6
537,1000,271.4928,21,0.42,,0,1,10,3.2692,2,1,0.238,668.9,802,0,0.02101,1.593065,-7.075857,537000,4444.6
538,1000,74.2765,8,0.16,,1,0,5,1.8708,0,385,0.2037,683.9,813,0,0.021205,1.023106,-6.028388,538000,4452.9
539,1000,130.3122,15,0.3,,0,1,5,1.6394,0,229,0.2555,790.3,856,0,0.020983,1.211273,-5.931851,539000,4461.5
540,1000,163.7723,16,0.32,,0,2,9,2.9155,1,164,0.25,907.1,985,0,0.020835,1.212691,-6.696651,540000,4469.6
541,1000,141.8018,12,0.24,,1,0,6,2.2361,1,0,0.2182,746.2,764,0,0.020938,1.052062,-6.200324,541000,4478.1
542,1000,113.606,14,0.28,,0,2,5,1.118,0,363,0.6082,930.1,921,0,0.020493,1.089973,-6.485486,542000,4486.4
543,1000,81.7997,11,0.22,,0,2,3,0.433,0,582,0.486,795.6,799,0,0.020637,1.154397,-6.925628,543000,4494.4
544,1000,143.9033,15,0.3,,0,1,5,1.6394,0,0,0.0858,655.2,540,0,0.020586,0.993626,-7.105806,544000,4502.4
545,1000,199.0301,17,0.34,,0,3,5,0.8292,1,87,0.2487,768.5,854,0,0.020569,0.796767,-6.414767,545000,4510.4
546,1000,190.3721,17,0.34,,0,1,10,3.4911,1,125,0.063,611.2,928,0,0.020369,0.795124,-5.798308,546000,4518.5
547,1000,135.8763,15,0.3,,1,0,5,2.1651,0,35,0.227,697.3,817,0,0.01997,0.865879,-6.649163,547000,4526.6
548,1000,114.3137,14,0.28,,1,0,5,2.0616,0,830,0.3748,764.4,767,0,0.020048,0.779646,-6.389077,548000,4535.0
549,1000,217.4527,17,0.34,,0,2,6,1.479,2,48,0.144,627.0,844,0,0.02005,1.004939,-7.250811,549000,4543.1
550,1000,191.3418,14,0.28,,0,1,6,2.0616,2,33,0.2612,703.3,973,0,0.020089,1.077484,-6.856372,550000,4551.4
551,1000,107.4935,12,0.24,,0,1,5,1.4142,1,60,0.2185,526.0,331,0,0.020393,0.954616,-6.444966,551000,4559.6
552,1000,186.8267,15,0.3,,1,0,5,2.1651,1,80,0.2612,751.5,772,0,0.020589,1.252214,-6.753837,552000,4567.7
553,1000,142.8131,13,0.26,,1,0,5,1.9203,1,136,0.085,695.3,583,0,0.020746,1.29068,-6.234178,553000,4575.9
554,1000,182.0891,16,0.32,,1,0,7,2.5495,1,79,0.1365,616.9,772,0,0.020999,0.975165,-6.620965,554000,4584.0
555,1000,123.3504,14,0.28,,0,2,4,0.866,0,17,0.0953,649.0,859,0,0.021125,1.279205,-6.104982,555000,4592.0
556,1000,144.1617,13,0.26,,1,0,5,2.0463,1,1,0.0432,645.1,231,0,0.021656,1.053589,-6.056202,556000,4600.4
557,1000,114.1751,14,0.28,,1,0,5,2.0616,0,371,0.2097,805.0,502,0,0.020771,1.101879,-6.178323,557000,4608.6
558,1000,251.7513,20,0.4,,0,2,9,2.5495,2,261,0.1688,710.1,805,0,0.020208,1.086866,-6.163996,558000,4616.6
559,1000,161.7437,14,0.28,,0,1,5,1.5,1,72,0.1092,667.9,950,0,0.020725,0.856432,-5.967203,559000,4624.9
560,1000,218.5219,17,0.34,,1,0,7,2.586,2,0,0.109,666.6,990,0,0.020668,0.824789,-5.415244,560000,4633.1
561,1000,144.2145,13,0.26,,1,0,5,2.0463,1,0,0.0445,555.2,413,0,0.020832,1.778933,-6.532868,561000,4641.2
562,1000,163.6207,15,0.3,,1,0,5,2.1651,1,353,0.2015,743.9,368,0,0.020573,1.158011,-6.464909,562000,4649.2
563,1000,118.3486,10,0.2,,2,0,6,2.5981,1,27,0.1872,544.2,822,0,0.02034,1.361067,-5.919096,563000,4657.1
564,1000,158.609,17,0.34,,0,3,5,0.8292,0,81,0.2858,953.5,906,0,0.019854,1.615664,-5.934005,564000,4664.9
565,1000,111.1833,13,0.26,,1,0,5,2.0463,0,410,0.3987,906.0,707,0,0.01921,0.971868,-6.63523,565000,4673.4
566,1000,181.0709,18,0.36,,1,0,10,3.6401,1,358,0.1573,691.8,685,0,0.019707,1.122072,-5.424712,566000,4681.6
567,1000,163.2028,14,0.28,,1,0,5,2.0616,1,25,0.1452,677.5,648,0,0.019922,1.501255,-6.775221,567000,4689.7
568,1000,190.3497,14,0.28,,1,0,6,2.2913,2,154,0.0985,777.9,896,0,0.019974,1.147761,-6.478881,568000,4697.9
569,1000,300.6729,24,0.48,,1,0,10,4.2426,2,0,0.1335,725.3,950,0,0.01969,1.613976,-6.254379,569000,4705.9
570,1000,135.6123,16,0.32,,0,2,5,1.2247,0,270,0.2737,811.7,816,0,0.019501,0.75874,-6.70601,570000,4713.8
571,1000,177.2433,16,0.32,,0,1,6,1.8708,1,0,0.2557,738.3,748,0,0.019581,0.892066,-6.182533,571000,4722.3
572,1000,167.0318,15,0.3,,1,0,6,2.2776,1,3,0.1492,808.2,918,0,0.019867,2.189462,-5.986341,572000,4730.6
573,1000,232.7032,18,0.36,,0,1,8,2.5,2,0,0.1698,743.7,999,0,0.019793,0.996596,-5.660788,573000,4738.7
574,1000,142.9191,13,0.26,,1,0,5,2.0463,1,0,0.1685,700.8,636,0,0.019499,0.939877,-6.0204,574000,4747.0
575,1000,181.673,16,0.32,,1,0,8,2.9155,1,49,0.138,813.1,832,0,0.019544,0.878243,-6.668194,575000,4755.9
576,1000,147.8789,14,0.28,,1,0,5,2.0616,1,23,0.1323,692.7,269,0,0.019347,1.616395,-6.174683,576000,4764.7
577,1000,99.7398,13,0.26,,0,1,5,1.479,0,5,0.1308,678.4,791,0,0.019061,1.263054,-6.112553,577000,4773.6
578,1000,103.1397,13,0.26,,1,0,5,2.0463,0,173,0.2427,921.9,455,0,0.019235,1.3821,-6.130015,578000,4782.4
579,1000,172.5281,16,0.32,,1,0,8,2.9155,1,0,0.1465,621.1,798,0,0.019456,0.904649,-6.302033,579000,4790.7
580,1000,218.3542,16,0.32,,0,1,5,1.7321,2,15,0.162,622.6,931,0,0.019328,1.586153,-6.755183,580000,4798.9
581,1000,176.5132,16,0.32,,0,1,8,2.7386,1,25,0.1393,727.6,964,0,0.019191,0.815122,-5.697847,581000,4807.5
582,1000,151.0247,14,0.28,,0,1,5,1.6583,1,1,0.0205,566.5,833,0,0.019293,1.962582,-5.93392,582000,4815.7
583,1000,83.7515,11,0.22,,1,0,5,1.7854,0,90,0.1017,642.8,942,0,0.019009,0.894561,-5.990023,583000,4823.9
584,1000,104.5821,12,0.24,,0,1,5,1.4142,0,0,0.1175,653.9,266,0,0.01934,1.268265,-5.424435,584000,4832.3
585,1000,115.2739,15,0.3,,0,1,5,1.6394,0,679,0.404,747.6,765,0,0.019284,1.345754,-5.86553,585000,4841.1
586,1000,223.4708,17,0.34,,1,0,9,3.2692,2,47,0.1205,676.4,989,0,0.019017,1.250765,-6.41873,586000,4849.6
587,1000,166.509,14,0.28,,1,0,6,2.2913,1,3,0.1905,782.3,977,0,0.018854,1.664162,-5.341719,587000,4857.7
588,1000,237.6827,18,0.36,,1,0,10,3.6401,2,1,0.132,664.8,875,0,0.018762,0.804092,-5.349737,588000,4865.8
589,1000,74.1725,12,0.24,,1,0,5,1.8708,0,159,0.2402,698.4,779,0,0.018621,0.934143,-6.446191,589000,4874.3
590,1000,221.9869,17,0.34,,0,1,6,1.9203,2,32,0.1293,787.4,873,0,0.018607,1.078909,-6.420699,590000,4882.9
591,1000,96.273,13,0.26,,1,0,5,2.0463,0,104,0.127,638.4,375,0,0.01915,0.965915,-6.073211,591000,4891.4
592,1000,130.009,14,0.28,,0,1,5,1.6583,0,144,0.243,783.5,944,0,0.019055,0.992215,-5.488415,592000,4899.8
593,1000,242.4109,21,0.42,,0,1,10,3.1918,1,170,0.1718,593.3,800,0,0.019174,1.634349,-5.567314,593000,4908.1
594,1000,122.4551,14,0.28,,1,0,5,2.0616,0,370,0.265,831.1,624,0,0.019325,0.835402,-6.028462,594000,4916.5
595,1000,126.3876,15,0.3,,0,1,5,1.6394,0,839,0.5445,1070.1,962,0,0.019524,0.887906,-5.605861,595000,4924.8
596,1000,117.8231,13,0.26,,0,1,5,1.479,0,0,0.2657,707.6,507,0,0.019627,1.138773,-6.167717,596000,4933.3
597,1000,261.7743,21,0.42,,1,0,10,3.9607,2,8,0.0968,665.4,1000,0,0.019709,1.526814,-6.363442,597000,4941.8
598,1000,234.6214,18,0.36,,0,1,7,2.1794,2,1,0.1802,659.5,939,0,0.019925,1.133436,-6.548708,598000,4950.5
599,1000,129.984,12,0.24,,1,0,5,2.1213,1,0,0.14,719.9,317,0,0.019436,1.031295,-5.814438,599000,4959.0
600,1000,142.9346,13,0.26,,1,0,5,2.0463,1,2,0.2255,679.6,748,0,0.018994,0.97837,-6.662358,600000,4967.3
601,1000,141.6037,13,0.26,,1,0,8,2.9475,1,29,0.2248,615.4,989,0,0.019439,0.929272,-5.926167,601000,4975.9
602,1000,91.1596,12,0.24,,1,0,5,2.1213,0,6,0.0338,577.0,685,0,0.019342,0.955665,-5.8611,602000,4984.3
603,1000,152.9044,15,0.3,,0,1,5,1.6394,1,0,0.153,687.9,697,0,0.019183,0.965955,-5.397366,603000,4992.4
604,1000,128.9053,14,0.28,,0,1,5,1.6583,0,0,0.1745,729.6,744,0,0.019228,1.407139,-5.977079,604000,5000.5
605,1000,220.5116,17,0.34,,1,0,9,3.2692,2,99,0.2572,806.1,813,0,0.019239,1.103117,-6.301772,605000,5008.7
606,1000,268.1578,20,0.4,,0,1,7,2.4495,2,5,0.1658,910.3,994,0,0.018481,1.096173,-5.993295,606000,5016.9
607,1000,219.5525,17,0.34,,0,1,8,2.8614,2,39,0.1047,695.0,731,0,0.018665,1.004556,-6.561019,607000,5025.0
608,1000,131.0852,14,0.28,,0,1,5,1.6583,0,87,0.0798,705.0,850,0,0.018452,1.019768,-4.970143,608000,5033.2
609,1000,117.1483,15,0.3,,0,2,5,1.299,0,2,0.1705,780.6,645,0,0.018704,1.419576,-5.519438,609000,5041.2
610,1000,205.7944,19,0.38,,1,0,10,3.562,1,451,0.304,695.0,985,0,0.018565,0.907807,-6.11094,610000,5049.5
611,1000,135.3731,13,0.26,,1,0,6,2.3848,1,132,0.1522,667.5,645,0,0.018441,0.976146,-6.924949,611000,5057.7
612,1000,211.1404,16,0.32,,1,0,7,2.5495,2,100,0.1412,565.8,811,0,0.018627,1.190289,-6.432024,612000,5065.9
613,1000,231.7967,21,0.42,,0,3,10,2.8614,1,132,0.124,802.3,962,0,0.019199,1.247107,-5.860527,613000,5074.2
614,1000,160.1648,15,0.3,,0,1,5,1.6394,1,144,0.143,708.0,781,0,0.018911,1.12677,-6.29612,614000,5082.3
615,1000,247.67,20,0.4,,0,2,8,2.5495,2,222,0.1585,774.0,839,0,0.019158,0.90906,-5.846373,615000,5090.6
616,1000,197.2672,18,0.36,,1,0,10,3.6401,1,22,0.1145,590.6,852,0,0.019092,0.98943,-5.540587,616000,5098.9
617,1000,130.7499,13,0.26,,1,0,5,2.0463,1,4,0.1422,649.8,824,0,0.018785,0.849039,-6.297344,617000,5107.4
618,1000,226.7558,19,0.38,,1,0,8,3.4187,2,173,0.1585,772.2,989,0,0.018724,1.317414,-6.084177,618000,5115.9
619,1000,175.7066,13,0.26,,0,1,5,1.7854,2,0,0.068,601.2,269,0,0.018366,1.250583,-6.161154,619000,5124.3
620,1000,122.2494,13,0.26,,1,0,5,1.9203,0,30,0.2268,616.4,407,0,0.018403,0.765897,-5.694405,620000,5132.8
621,1000,174.2652,15,0.3,,1,0,7,2.586,1,0,0.108,712.1,963,0,0.018501,0.932829,-5.65382,621000,5141.3
622,1000,186.9432,14,0.28,,1,0,7,2.6926,2,133,0.1673,657.3,760,0,0.01806,0.988812,-5.636952,622000,5149.5
623,1000,134.9426,14,0.28,,0,1,5,1.6583,0,143,0.3287,951.2,884,0,0.018283,0.908488,-6.155912,623000,5157.8
624,1000,161.2302,15,0.3,,1,0,6,2.2776,1,39,0.239,656.4,925,0,0.018206,0.783967,-5.295659,624000,5166.3
625,1000,208.7761,18,0.36,,1,0,10,3.6401,1,20,0.227,727.3,803,0,0.018508,1.053611,-6.495221,625000,5175.0
626,1000,225.2848,17,0.34,,1,0,8,2.8614,2,152,0.1442,748.1,989,0,0.01818,1.015883,-6.233439,626000,5183.5
627,1000,138.5875,16,0.32,,0,3,5,1.0,0,141,0.121,681.6,920,0,0.018707,0.829244,-6.198277,627000,5192.1
628,1000,204.6248,18,0.36,,1,0,10,3.6401,1,260,0.2515,780.5,858,0,0.018454,0.928702,-6.155759,628000,5200.3
629,1000,272.1174,19,0.38,,1,0,10,3.562,3,0,0.0592,572.4,693,0,0.018627,1.036888,-5.95297,629000,5208.4
630,1000,225.6929,18,0.36,,1,0,8,3.2016,2,0,0.1698,793.3,927,0,0.018667,1.450542,-5.850182,630000,5216.5
631,1000,185.9778,16,0.32,,1,0,8,2.9155,1,7,0.0895,602.2,982,0,0.019275,0.828358,-6.24518,631000,5225.0
632,1000,138.4734,16,0.32,,0,2,5,1.2247,0,93,0.4083,1038.1,817,0,0.019365,0.964807,-5.534992,632000,5233.4
633,1000,192.2643,17,0.34,,0,1,9,2.9475,1,14,0.1925,652.9,900,0,0.019246,1.144222,-5.121982,633000,5241.5
634,1000,113.7004,13,0.26,,0,1,5,1.7854,0,0,0.0568,671.0,480,0,0.019211,1.312406,-5.26552,634000,5249.6
635,1000,257.6196,21,0.42,,1,0,10,3.9607,2,5,0.179,890.7,900,0,0.019415,1.11208,-5.524993,635000,5257.7
636,1000,167.1031,15,0.3,,0,1,6,1.9203,1,79,0.2405,730.6,798,0,0.019314,0.938435,-4.615739,636000,5265.8
637,1000,131.6932,16,0.32,,0,3,5,1.0,0,0,0.0655,563.1,594,0,0.019041,0.931282,-5.338201,637000,5274.1
638,1000,110.0011,12,0.24,,0,1,5,1.5811,0,28,0.1655,708.2,458,0,0.019021,1.543632,-4.953119,638000,5282.3
639,1000,204.9286,18,0.36,,1,0,10,3.6401,1,51,0.1475,661.4,944,0,0.019166,0.897091,-5.892433,639000,5290.5
640,1000,69.6161,12,0.24,,1,0,5,1.8708,0,39,0.3468,619.9,592,0,0.019743,0.64875,-5.324605,640000,5298.8
641,1000,222.6794,17,0.34,,1,0,9,3.4911,2,233,0.1618,782.1,891,0,0.019714,1.066329,-3.986479,641000,5307.1
642,1000,158.9683,14,0.28,,1,0,6,2.2913,1,204,0.1155,578.3,693,0,0.019512,1.18277,-4.949199,642000,5315.7
643,1000,176.8759,16,0.32,,1,0,7,2.5495,1,540,0.1505,649.8,914,0,0.01904,1.043467,-4.627625,643000,5323.8
644,1000,88.6823,11,0.22,,1,0,5,1.9203,0,74,0.072,592.5,244,0,0.018769,1.018259,-4.112704,644000,5331.8
645,1000,251.0852,21,0.42,,0,3,10,2.8614,2,199,0.155,688.9,762,0,0.018821,1.565187,-4.317621,645000,5339.9
646,1000,130.339,14,0.28,,0,1,5,1.6583,0,265,0.1965,785.4,982,0,0.018958,1.080209,-4.833087,646000,5347.9
647,1000,85.8852,11,0.22,,1,0,5,1.9203,0,140,0.1197,504.3,134,0,0.019147,1.169976,-4.761529,647000,5356.0
648,1000,260.5825,18,0.36,,1,0,10,3.8406,3,342,0.1475,743.5,838,0,0.01943,1.22586,-4.638982,648000,5364.1
649,1000,143.7061,14,0.28,,0,1,6,1.8028,1,5,0.0633,572.2,883,0,0.018853,0.695025,-4.281841,649000,5371.9
650,1000,199.872,15,0.3,,1,0,6,2.2776,2,181,0.2135,726.5,732,0,0.018852,0.854016,-4.296177,650000,5380.4
651,1000,143.5889,15,0.3,,0,1,7,2.1651,1,189,0.2018,686.8,836,0,0.01849,1.171195,-4.519502,651000,5388.5
652,1000,102.0223,12,0.24,,0,1,5,1.4142,0,50,0.1035,660.8,600,0,0.018387,1.257956,-4.517901,652000,5396.6
653,1000,118.6382,13,0.26,,1,0,5,1.9203,0,0,0.1455,585.0,569,0,0.018716,1.776749,-4.817691,653000,5404.6
654,1000,162.8184,15,0.3,,0,1,8,2.681,1,75,0.0628,611.4,908,0,0.01882,1.031027,-4.209416,654000,5413.0
655,1000,201.3761,15,0.3,,1,0,9,3.562,2,125,0.1288,628.0,713,0,0.018858,1.213639,-4.050768,655000,5421.7
656,1000,97.9315,12,0.24,,1,0,5,2.1213,0,206,0.2263,701.4,883,0,0.018942,0.863474,-3.801189,656000,5429.9
657,1000,103.1152,11,0.22,,0,1,5,1.479,0,253,0.3478,995.8,577,0,0.019193,1.07533,-4.989412,657000,5438.1
658,1000,109.2115,12,0.24,,1,0,6,2.2361,1,282,0.1355,828.9,983,0,0.019183,1.325452,-3.79186,658000,5446.3
659,1000,89.6108,10,0.2,,1,0,5,1.8028,0,27,0.182,848.8,750,0,0.019485,1.269043,-4.104766,659000,5454.4
660,1000,228.8627,16,0.32,,1,0,10,3.937,2,0,0.2105,835.0,767,0,0.019493,0.790357,-3.954749,660000,5462.3
661,1000,227.5077,18,0.36,,1,0,10,3.6401,2,0,0.0432,557.2,889,0,0.019489,0.893632,-4.27868,661000,5470.7
662,1000,81.5132,11,0.22,,0,1,4,1.299,0,0,0.1465,564.3,908,0,0.019577,0.826553,-3.645015,662000,5478.8
663,1000,123.9932,14,0.28,,0,2,5,1.118,0,0,0.0732,668.8,959,0,0.019683,3.75313,-4.159531,663000,5487.6
664,1000,141.7171,14,0.28,,1,0,8,2.958,1,42,0.0615,774.4,482,0,0.018878,1.681476,-4.058222,664000,5496.5
665,1000,131.6621,12,0.24,,1,0,5,1.8708,1,82,0.0838,627.8,382,0,0.019189,1.156758,-5.057607,665000,5505.1
666,1000,150.3022,14,0.28,,0,1,6,2.0616,1,0,0.1062,627.5,830,0,0.019393,1.088057,-3.652445,666000,5513.7
667,1000,158.1447,14,0.28,,0,1,7,2.5981,1,0,0.0757,578.1,898,0,0.019587,0.783102,-4.918234,667000,5522.0
668,1000,160.8883,14,0.28,,0,1,7,2.1794,1,71,0.2062,784.6,990,0,0.019812,2.248587,-4.479916,668000,5530.5
669,1000,104.831,11,0.22,,1,0,5,1.9203,1,0,0.1185,615.7,383,0,0.019481,0.840449,-4.145843,669000,5538.7
670,1000,132.6989,12,0.24,,1,0,6,2.2361,1,9,0.13,558.1,935,0,0.019304,0.923233,-4.280366,670000,5546.7
671,1000,87.009,11,0.22,,1,0,5,1.7854,0,0,0.1655,697.1,833,0,0.019199,0.953837,-3.819036,671000,5554.9
672,1000,127.3495,11,0.22,,0,1,5,1.479,1,16,0.1943,693.8,660,0,0.019537,1.016087,-4.278953,672000,5563.4
673,1000,82.472,10,0.2,,1,0,4,1.5,0,143,0.1328,530.2,297,0,0.019322,0.821179,-3.612296,673000,5571.9
674,1000,133.3316,11,0.22,,1,0,8,3.1125,1,6,0.1383,719.7,406,0,0.019358,1.084805,-3.903257,674000,5580.5
675,1000,111.4995,14,0.28,,1,0,5,2.0616,0,102,0.0198,551.2,598,0,0.019061,1.382255,-4.088941,675000,5588.9
676,1000,97.9901,12,0.24,,0,2,4,0.7071,0,117,0.0905,526.5,615,0,0.019633,1.203567,-3.780973,676000,5597.3
677,1000,91.5546,11,0.22,,1,0,4,1.6394,0,40,0.0367,544.4,762,0,0.019329,1.384623,-4.351504,677000,5605.4
678,1000,78.1703,11,0.22,,0,1,5,1.479,0,271,0.2477,667.5,828,0,0.019378,0.799031,-4.729791,678000,5613.7
679,1000,100.2949,12,0.24,,0,2,4,0.7071,0,41,0.1237,628.4,594,0,0.019595,0.880558,-3.562306,679000,5622.0
680,1000,81.0382,9,0.18,,1,0,5,1.9203,0,236,0.0853,682.9,573,0,0.019732,0.875356,-3.684349,680000,5630.9
681,1000,151.3889,15,0.3,,0,1,8,2.586,1,125,0.155,669.4,925,0,0.019658,1.452307,-4.348697,681000,5639.2
682,1000,142.0899,13,0.26,,1,0,10,3.9607,1,8,0.0705,655.8,950,0,0.019513,1.255663,-4.068171,682000,5647.5
683,1000,95.9698,12,0.24,,1,0,5,1.8708,0,35,0.1603,565.6,582,0,0.019628,1.023611,-3.457496,683000,5656.0
684,1000,137.1223,12,0.24,,1,0,7,2.5495,1,158,0.1507,586.2,956,0,0.019522,1.040891,-3.672366,684000,5665.9
685,1000,58.3348,9,0.18,,1,0,5,1.7854,0,747,0.176,584.2,111,0,0.019505,0.966961,-3.493236,685000,5674.5
686,1000,180.0236,16,0.32,,0,1,9,3.0822,1,138,0.0785,574.1,939,0,0.019718,0.881706,-4.24092,686000,5683.2
687,1000,144.9974,12,0.24,,0,1,6,1.8708,1,0,0.0243,548.1,997,0,0.019265,1.247774,-4.302649,687000,5692.7
688,1000,130.4427,12,0.24,,1,0,7,2.5495,1,39,0.0498,557.5,999,0,0.019043,0.757659,-3.006566,688000,5702.0
689,1000,148.4196,13,0.26,,1,0,9,3.4911,1,0,0.071,554.4,847,0,0.019025,0.794114,-2.832129,689000,5710.8
690,1000,66.3138,8,0.16,,1,0,4,1.4142,0,0,0.1618,577.6,661,0,0.019314,1.330475,-2.950644,690000,5719.0
691,1000,73.7715,11,0.22,,1,0,5,1.9203,0,113,0.0945,624.0,486,0,0.019364,1.59564,-3.324617,691000,5727.8
692,1000,101.2335,9,0.18,,2,0,5,2.2776,1,11,0.1378,714.4,378,0,0.019674,0.879651,-3.652805,692000,5736.2
693,1000,145.6891,13,0.26,,1,0,6,2.3848,1,0,0.095,591.4,985,0,0.019382,0.844511,-3.186409,693000,5744.8
694,1000,124.6613,12,0.24,,1,0,6,2.2361,1,15,0.074,617.5,970,0,0.019269,1.292065,-3.899398,694000,5753.2
695,1000,187.6106,17,0.34,,0,1,8,2.586,1,302,0.1625,735.6,720,0,0.01899,0.947699,-3.782073,695000,5761.5
696,1000,139.3133,12,0.24,,1,0,6,2.1213,1,0,0.2248,606.5,966,0,0.019081,0.906068,-4.172851,696000,5769.6
697,1000,160.4897,16,0.32,,1,0,8,2.8284,1,429,0.1608,677.9,675,0,0.018653,0.932945,-3.325377,697000,5777.8
698,1000,153.2251,14,0.28,,1,0,9,3.3541,1,423,0.2375,847.9,847,0,0.018764,0.859274,-3.661857,698000,5786.0
699,1000,72.9298,11,0.22,,0,1,5,1.7854,0,116,0.1903,758.3,359,0,0.018842,0.836158,-3.118541,699000,5794.4
700,1000,106.338,10,0.2,,1,0,5,2.0616,1,115,0.1472,721.9,343,0,0.018858,0.992679,-3.656476,700000,5802.8
701,1000,45.0957,9,0.18,,1,0,4,1.7854,0,8,0.047,583.2,444,0,0.019005,1.333166,-3.431989,701000,5811.6
702,1000,138.738,13,0.26,,1,0,6,2.3848,1,71,0.0455,581.4,985,0,0.018751,1.027356,-3.412698,702000,5820.3
703,1000,106.4369,11,0.22,,1,0,5,1.9203,1,0,0.0288,535.7,340,0,0.018757,0.849426,-3.141353,703000,5828.4
704,1000,203.5216,16,0.32,,1,0,9,3.3912,2,97,0.092,685.5,636,0,0.018659,0.784056,-3.345593,704000,5836.5
705,1000,99.4245,12,0.24,,1,0,5,1.8708,0,1,0.0105,518.8,616,0,0.018681,1.098279,-3.43919,705000,5844.5
706,1000,135.0547,11,0.22,,1,0,5,1.9203,1,13,0.1098,558.7,570,0,0.018466,1.394303,-2.775187,706000,5852.8
707,1000,100.8806,12,0.24,,0,1,5,1.5811,0,118,0.0825,589.1,670,0,0.018415,1.330902,-2.428311,707000,5861.3
708,1000,83.8865,12,0.24,,0,1,5,1.5811,0,60,0.0355,538.3,701,0,0.018552,0.961626,-2.758857,708000,5869.4
709,1000,84.7169,10,0.2,,1,0,5,1.8028,0,3,0.1177,591.0,377,0,0.01849,1.695354,-3.408661,709000,5877.4
710,1000,107.3187,12,0.24,,0,1,5,1.4142,0,161,0.0722,668.8,920,0,0.018858,0.889733,-3.068134,710000,5885.9
711,1000,70.5688,9,0.18,,1,0,4,1.479,0,10,0.1727,582.4,96,0,0.0191,1.115342,-3.361849,711000,5894.2
712,1000,118.4676,11,0.22,,1,0,5,1.9203,1,156,0.0257,549.6,855,0,0.019022,1.039362,-3.697499,712000,5902.4
713,1000,103.5835,12,0.24,,0,1,5,1.5811,0,118,0.119,647.9,989,0,0.01891,1.614509,-3.168313,713000,5911.1
714,1000,82.1597,11,0.22,,1,0,5,1.9203,0,0,0.0075,505.8,651,0,0.018463,0.924182,-2.648463,714000,5919.9
715,1000,100.9091,11,0.22,,1,0,5,1.9203,0,0,0.0145,504.2,243,0,0.018302,1.207582,-3.125177,715000,5928.7
716,1000,184.6105,17,0.34,,0,3,7,1.6394,1,31,0.1358,606.3,850,0,0.018396,0.806012,-2.675481,716000,5937.0
717,1000,90.7146,13,0.26,,1,0,8,2.9475,1,0,0.218,648.8,715,0,0.018436,0.966033,-2.940911,717000,5945.4
718,1000,90.5284,11,0.22,,1,0,4,1.6394,0,0,0.099,650.1,458,0,0.018336,0.971557,-2.68452,718000,5953.6
719,1000,77.742,12,0.24,,0,1,5,1.5811,0,41,0.0875,648.3,374,0,0.017864,1.432128,-2.51121,719000,5961.8
720,1000,88.331,10,0.2,,0,1,4,1.118,0,6,0.06,534.2,890,0,0.018025,1.257751,-3.308131,720000,5969.9
721,1000,102.0769,12,0.24,,1,0,4,1.7321,0,0,0.0617,554.4,545,0,0.017905,0.844307,-2.36569,721000,5978.0
722,1000,188.3161,17,0.34,,1,0,8,2.8614,1,146,0.2477,741.9,849,0,0.017667,0.721348,-2.479172,722000,5986.4
723,1000,148.3572,13,0.26,,1,0,8,3.1125,1,114,0.097,660.3,750,0,0.017698,1.545396,-1.993261,723000,5994.7
724,1000,78.2591,10,0.2,,1,0,5,1.8028,0,2,0.1187,544.1,831,0,0.017638,1.050947,-2.774783,724000,6003.3
725,1000,132.5311,12,0.24,,1,0,5,2.1213,1,148,0.194,583.1,425,0,0.017604,0.887313,-3.100844,725000,6011.9
726,1000,95.7521,11,0.22,,0,1,5,1.7854,0,368,0.354,764.2,998,0,0.017229,0.778106,-2.49195,726000,6020.7
727,1000,138.5097,12,0.24,,1,0,5,2.1213,1,0,0.0892,562.9,668,0,0.017116,0.997846,-2.521804,727000,6029.3
728,1000,70.5927,10,0.2,,1,0,5,2.0616,0,143,0.0745,572.1,243,0,0.016358,1.638271,-2.439848,728000,6038.1
729,1000,77.2831,10,0.2,,2,0,5,2.5,0,290,0.1477,688.3,346,0,0.016076,0.934337,-2.315837,729000,6046.8
730,1000,137.7674,15,0.3,,0,1,9,3.1125,1,221,0.105,531.5,875,0,0.016065,1.030365,-2.205313,730000,6055.3
731,1000,153.1792,13,0.26,,1,0,8,2.9475,1,0,0.1278,535.8,947,0,0.016066,0.834926,-2.801967,731000,6063.5
732,1000,82.1864,11,0.22,,1,0,5,1.9203,0,15,0.1075,637.6,613,0,0.015793,0.933948,-1.994819,732000,6071.6
733,1000,95.1068,11,0.22,,1,0,5,1.9203,0,39,0.0698,618.0,473,0,0.015572,0.74083,-1.672226,733000,6079.8
734,1000,115.276,12,0.24,,1,0,5,2.1213,1,627,0.2308,569.7,512,0,0.01563,1.650893,-2.301427,734000,6088.0
735,1000,138.9874,13,0.26,,1,0,6,2.3848,1,37,0.1265,546.2,671,0,0.015732,0.868008,-2.79263,735000,6096.2
736,1000,69.832,9,0.18,,1,0,4,1.7854,0,0,0.0935,502.5,881,0,0.015676,1.222389,-2.957174,736000,6104.5
737,1000,146.7014,13,0.26,,1,0,6,2.3848,1,702,0.1923,662.2,961,0,0.015692,0.76346,-2.112295,737000,6113.7
738,1000,91.5901,11,0.22,,1,0,5,1.9203,0,154,0.1293,539.3,976,0,0.015439,0.744932,-1.934059,738000,6122.6
739,1000,189.8493,17,0.34,,0,1,10,3.6997,1,233,0.1212,710.1,967,0,0.015236,1.071794,-2.0803,739000,6131.2
740,1000,150.2435,14,0.28,,1,0,7,2.5,1,10,0.13,594.8,970,0,0.014963,0.835606,-2.381459,740000,6139.5
741,1000,171.5436,16,0.32,,1,0,9,3.3912,1,310,0.0777,586.4,819,0,0.015309,0.844588,-1.966948,741000,6147.8
742,1000,128.0745,12,0.24,,1,0,5,2.1213,1,26,0.0485,582.4,461,0,0.015504,0.716486,-1.84299,742000,6156.0
743,1000,82.1608,10,0.2,,0,1,4,1.118,0,7,0.1098,533.7,601,0,0.015665,1.209758,-2.229384,743000,6164.3
744,1000,98.0447,11,0.22,,0,2,4,0.8292,0,0,0.0063,517.0,967,0,0.015739,0.906595,-2.096306,744000,6172.2
745,1000,70.0296,11,0.22,,1,0,5,1.7854,1,184,0.3405,702.7,252,0,0.015717,1.538023,-1.797934,745000,6180.9
746,1000,148.6392,13,0.26,,1,0,6,2.1651,1,230,0.288,688.6,838,0,0.015414,0.79827,-2.012935,746000,6190.0
747,1000,151.1228,13,0.26,,1,0,5,2.0463,1,0,0.0503,638.2,687,0,0.01519,0.774519,-2.436966,747000,6199.0
748,1000,90.1907,11,0.22,,1,0,5,1.9203,0,258,0.2875,801.8,453,0,0.01537,0.808169,-1.911561,748000,6208.2
749,1000,89.5071,9,0.18,,2,0,5,2.2776,1,300,0.2028,601.0,192,0,0.01504,0.760898,-1.894447,749000,6216.8
750,1000,95.8331,11,0.22,,1,0,5,1.9203,0,266,0.0855,629.0,974,0,0.014794,0.709853,-1.450883,750000,6225.0
751,1000,98.9745,12,0.24,,1,0,5,2.1213,0,18,0.2415,614.3,975,0,0.014687,0.762082,-1.659531,751000,6233.0
752,1000,96.0543,10,0.2,,2,0,5,2.5,0,54,0.255,736.9,840,0,0.014622,0.946966,-1.504788,752000,6241.5
753,1000,144.3623,12,0.24,,1,0,5,2.1213,1,84,0.1955,696.3,635,0,0.014766,0.844491,-1.3857,753000,6249.8
754,1000,128.0846,12,0.24,,1,0,5,2.1213,1,0,0.0053,510.4,670,0,0.014727,1.300458,-1.64403,754000,6258.2
755,1000,133.1604,13,0.26,,1,0,6,2.3848,1,517,0.1395,656.1,718,0,0.015034,0.759153,-2.132361,755000,6266.6
756,1000,156.9597,14,0.28,,1,0,8,3.2016,1,0,0.104,578.3,703,0,0.015194,0.810792,-1.852738,756000,6274.9
757,1000,85.4535,11,0.22,,1,0,5,1.9203,0,0,0.2037,563.8,428,0,0.015247,1.105967,-2.003404,757000,6283.0
758,1000,192.8521,15,0.3,,1,0,8,3.0311,2,101,0.087,576.0,872,0,0.015311,0.743464,-1.987585,758000,6291.3
759,1000,136.5789,14,0.28,,1,0,5,2.0616,1,491,0.1663,598.2,570,0,0.015433,0.840419,-2.105627,759000,6299.8
760,1000,193.6121,16,0.32,,1,0,7,3.0822,2,98,0.1052,591.8,703,0,0.015212,0.913285,-2.271905,760000,6307.8
761,1000,121.7989,14,0.28,,1,0,7,2.6926,1,1,0.2625,628.0,668,0,0.015173,0.758114,-1.754259,761000,6316.0
762,1000,158.802,14,0.28,,1,0,7,2.6926,1,7,0.167,661.1,678,0,0.014975,0.97756,-2.182534,762000,6324.0
763,1000,96.9443,12,0.24,,1,0,5,1.8708,0,129,0.158,611.4,801,0,0.015167,0.794343,-1.210715,763000,6332.2
764,1000,200.5957,18,0.36,,1,0,9,3.2016,1,37,0.0885,590.6,827,0,0.01477,0.81187,-1.639366,764000,6340.8
765,1000,100.8484,12,0.24,,1,0,5,1.8708,0,190,0.161,562.6,821,0,0.014548,0.939746,-1.733077,765000,6349.9
766,1000,68.0272,10,0.2,,2,0,5,2.5,0,0,0.0703,545.4,756,0,0.015005,0.866596,-1.677905,766000,6358.7
767,1000,113.528,10,0.2,,1,0,5,2.0616,1,0,0.0032,500.7,805,0,0.015004,0.668812,-1.574098,767000,6367.3
768,1000,141.0381,13,0.26,,1,0,7,2.586,1,137,0.1605,527.3,924,0,0.01488,0.925872,-1.764159,768000,6376.0
769,1000,104.4872,12,0.24,,1,0,5,1.8708,0,0,0.0323,574.6,309,0,0.015095,0.751719,-1.698177,769000,6385.9
770,1000,138.5317,12,0.24,,1,0,5,1.8708,1,0,0.05,520.2,682,0,0.015012,0.917754,-1.719727,770000,6395.7
771,1000,112.7908,11,0.22,,1,0,6,2.1651,1,79,0.2112,639.7,781,0,0.015168,0.665904,-1.243023,771000,6405.4
772,1000,56.7021,8,0.16,,1,0,4,1.4142,0,254,0.2445,566.8,994,0,0.015082,0.925757,-2.162175,772000,6415.4
773,1000,162.0674,14,0.28,,1,0,8,3.2016,1,90,0.1542,640.7,993,0,0.015133,0.834577,-1.974342,773000,6425.2
774,1000,164.308,12,0.24,,1,0,5,2.1213,2,112,0.122,592.0,559,0,0.015098,0.881258,-2.151145,774000,6434.4
775,1000,156.9302,14,0.28,,1,0,6,2.2913,1,337,0.1247,611.3,782,0,0.014957,0.855645,-1.419729,775000,6444.2
776,1000,149.0875,13,0.26,,1,0,6,2.1651,1,4,0.023,604.6,977,0,0.014781,0.765951,-1.776987,776000,6454.0
777,1000,186.7939,17,0.34,,1,0,10,3.7666,1,1,0.0653,608.9,953,0,0.014826,0.769725,-1.38676,777000,6463.6
778,1000,134.2279,12,0.24,,1,0,5,2.1213,1,471,0.1517,808.7,489,0,0.014998,0.716044,-1.372739,778000,6473.5
779,1000,201.4897,15,0.3,,1,0,10,3.8971,2,625,0.256,665.0,490,0,0.014857,0.544042,-1.5172,779000,6483.2
780,1000,227.401,18,0.36,,1,0,10,3.6401,2,41,0.1207,791.4,714,0,0.015228,0.837365,-1.870791,780000,6493.1
781,1000,217.5313,17,0.34,,1,0,10,3.7666,2,286,0.1182,804.8,883,0,0.015483,1.483317,-1.994941,781000,6502.1
782,1000,85.0289,12,0.24,,1,0,7,2.7386,1,118,0.0435,608.0,985,0,0.01548,0.830748,-1.852191,782000,6510.3
783,1000,101.4664,12,0.24,,1,0,5,2.1213,0,0,0.077,541.3,246,0,0.015412,0.796966,-1.567853,783000,6520.0
784,1000,166.3351,15,0.3,,1,0,8,3.0311,1,106,0.0222,545.7,655,0,0.01514,0.719151,-1.956541,784000,6528.5
785,1000,85.4593,13,0.26,,1,0,5,2.0463,0,0,0.046,544.8,968,0,0.015242,0.699388,-1.497501,785000,6537.1
786,1000,112.3082,9,0.18,,1,0,5,1.9203,1,39,0.0457,535.5,798,0,0.015229,1.22757,-1.513719,786000,6545.6
787,1000,77.3761,11,0.22,,1,0,5,1.9203,0,0,0.0112,536.5,460,0,0.01473,1.279637,-1.579747,787000,6554.6
788,1000,142.2676,12,0.24,,1,0,5,2.1213,1,310,0.0955,554.9,676,0,0.015009,0.570159,-1.355386,788000,6564.2
789,1000,175.9777,13,0.26,,1,0,6,2.3848,2,19,0.0075,530.7,941,0,0.015005,0.89219,-2.08408,789000,6573.6
790,1000,109.2429,12,0.24,,1,0,5,2.1213,0,154,0.1625,608.0,202,0,0.015033,0.62991,-1.450185,790000,6583.1
791,1000,166.5274,15,0.3,,1,0,7,2.4875,1,266,0.2018,649.8,955,0,0.015173,1.303902,-2.222104,791000,6592.8
792,1000,202.5552,16,0.32,,1,0,9,3.3912,2,23,0.0762,702.1,992,0,0.015047,0.84001,-1.907518,792000,6602.2
793,1000,124.2048,13,0.26,,0,1,5,1.479,0,168,0.1333,550.6,755,0,0.015127,1.204256,-1.767889,793000,6611.9
794,1000,147.7701,14,0.28,,1,0,5,2.0616,1,3,0.0312,606.6,559,0,0.01524,0.824363,-1.08931,794000,6621.2
795,1000,99.4017,12,0.24,,1,0,5,2.1213,0,168,0.1978,800.4,452,0,0.015242,0.938982,-1.217211,795000,6630.8
796,1000,52.0686,11,0.22,,1,0,5,2.2776,0,0,0.1295,608.1,407,0,0.015284,0.910682,-0.885862,796000,6640.3
797,1000,244.9596,19,0.38,,1,0,8,2.9475,2,500,0.3745,677.7,739,0,0.015271,0.711391,-0.953477,797000,6649.3
798,1000,108.5386,12,0.24,,1,0,5,2.1213,0,0,0.0715,641.3,753,0,0.015345,1.003453,-1.091397,798000,6658.6
799,1000,141.3577,12,0.24,,1,0,7,2.5495,1,0,0.039,541.1,681,0,0.015279,0.63421,-1.338758,799000,6668.3
800,1000,139.12,12,0.24,,1,0,5,2.1213,1,82,0.1308,694.4,676,0,0.01566,0.641394,-1.48088,800000,6677.7
801,1000,190.1356,17,0.34,,1,0,10,3.7666,1,44,0.142,651.6,794,0,0.01557,0.727486,-1.056289,801000,6687.5
802,1000,132.3674,14,0.28,,1,0,5,2.0616,0,198,0.2042,655.0,364,0,0.015685,0.775174,-1.493835,802000,6696.8
803,1000,105.6918,12,0.24,,1,0,5,2.1213,0,456,0.1918,600.0,669,0,0.015669,0.759206,-1.517391,803000,6706.3
804,1000,121.327,14,0.28,,1,0,5,2.0616,0,859,0.2165,606.1,583,0,0.015688,0.959909,-1.062785,804000,6715.3
805,1000,89.922,11,0.22,,1,0,5,1.9203,0,207,0.1285,643.5,571,0,0.015674,1.222444,-1.234821,805000,6724.3
806,1000,147.3515,14,0.28,,1,0,6,2.2913,1,0,0.011,564.1,953,0,0.015787,0.656327,-1.228307,806000,6733.7
807,1000,126.487,12,0.24,,1,0,8,3.0,1,287,0.1985,587.2,946,0,0.015513,0.70653,-1.215404,807000,6743.1
808,1000,50.5929,8,0.16,,1,0,5,1.8708,0,117,0.1562,627.3,867,0,0.015237,0.985908,-0.554133,808000,6752.7
809,1000,154.0423,14,0.28,,1,0,7,2.6926,1,0,0.0192,585.3,685,0,0.015091,1.039204,-2.055685,809000,6762.3
810,1000,144.3782,13,0.26,,1,0,6,2.3848,1,133,0.052,618.3,978,0,0.015199,0.758869,-1.359929,810000,6771.6
811,1000,138.2093,12,0.24,,1,0,5,2.1213,1,1,0.0243,551.7,671,0,0.015012,0.891664,-1.395613,811000,6780.9
812,1000,193.0155,17,0.34,,1,0,8,2.8614,1,0,0.322,679.7,797,0,0.015423,0.689699,-2.089045,812000,6790.2
813,1000,153.7407,15,0.3,,1,0,7,2.586,1,0,0.082,585.3,934,0,0.01551,0.756839,-1.541292,813000,6799.6
814,1000,131.0777,13,0.26,,0,1,5,1.7854,0,109,0.086,661.3,991,0,0.015688,0.882867,-1.919197,814000,6808.5
815,1000,106.9588,12,0.24,,1,0,5,2.1213,0,2,0.0628,638.3,470,0,0.015941,0.783307,-1.925547,815000,6817.4
816,1000,165.2404,15,0.3,,1,0,7,2.586,1,29,0.0595,595.4,955,0,0.015711,1.764376,-1.540727,816000,6826.5
817,1000,102.9678,12,0.24,,1,0,5,2.1213,0,341,0.2825,603.9,892,0,0.015596,0.705886,-1.697026,817000,6835.8
818,1000,146.5525,13,0.26,,1,0,6,2.3848,1,0,0.0143,584.3,974,0,0.015746,0.821247,-1.709073,818000,6845.1
819,1000,196.0614,14,0.28,,1,0,10,3.8406,2,22,0.065,573.0,860,0,0.015691,0.595712,-1.04876,819000,6854.7
820,1000,156.4778,14,0.28,,0,1,6,2.0616,1,383,0.187,986.2,975,0,0.015603,0.712078,-2.535479,820000,6864.2
821,1000,165.5378,15,0.3,,1,0,8,3.0311,1,358,0.1255,644.1,953,0,0.016125,0.797801,-2.152782,821000,6873.4
822,1000,100.3544,12,0.24,,1,0,5,2.1213,0,0,0.0428,539.8,266,0,0.015374,0.881239,-1.389495,822000,6882.7
823,1000,174.551,15,0.3,,0,1,8,2.586,1,5,0.0175,562.3,946,0,0.015304,0.947788,-1.491938,823000,6891.8
824,1000,108.9758,12,0.24,,1,0,5,2.1213,0,197,0.1253,598.7,573,0,0.015628,0.774094,-1.238981,824000,6900.8
825,1000,81.1286,11,0.22,,1,0,5,2.2776,0,261,0.146,525.6,439,0,0.015224,1.038496,-2.208317,825000,6909.7
826,1000,180.5914,13,0.26,,1,0,7,2.8614,2,211,0.073,589.7,822,0,0.015395,1.388321,-2.456708,826000,6919.3
827,1000,88.796,11,0.22,,1,0,5,1.9203,0,0,0.0532,583.2,277,0,0.015679,0.738369,-2.33455,827000,6928.4
828,1000,158.122,15,0.3,,1,0,10,3.7666,1,7,0.0475,572.2,947,0,0.015646,0.640433,-1.650325,828000,6937.9
829,1000,172.3128,17,0.34,,1,0,10,3.7666,1,44,0.0853,578.0,915,0,0.015721,1.409521,-1.99388,829000,6946.8
830,1000,95.3712,11,0.22,,1,0,5,1.7854,0,0,0.166,612.6,766,0,0.015513,1.579156,-2.778874,830000,6956.2
831,1000,38.1435,8,0.16,,1,0,3,1.2247,0,0,0.0085,502.5,97,0,0.015604,0.737753,-2.127254,831000,6965.7
832,1000,177.1365,16,0.32,,1,0,9,3.3912,1,201,0.096,589.1,955,0,0.015701,1.042269,-1.988604,832000,6975.6
833,1000,125.6398,12,0.24,,1,0,7,2.5495,1,833,0.1665,600.5,705,0,0.015437,0.893454,-2.431627,833000,6985.4
834,1000,130.7274,14,0.28,,1,0,7,2.6926,1,0,0.014,526.9,652,0,0.015338,0.750235,-2.037849,834000,6995.8
835,1000,91.0288,13,0.26,,1,0,5,2.0463,0,0,0.091,611.4,895,0,0.015439,0.999397,-1.765355,835000,7005.1
836,1000,47.5989,9,0.18,,1,0,4,1.479,0,1128,0.3282,637.3,78,0,0.015911,0.985867,-1.612001,836000,7014.5
837,1000,108.8077,9,0.18,,1,0,5,1.7854,1,138,0.0123,575.8,195,0,0.01608,0.97689,-2.288317,837000,7023.9
838,1000,142.2966,13,0.26,,1,0,5,2.0463,1,29,0.2003,603.2,818,0,0.016211,0.535634,-2.208802,838000,7033.5
839,1000,141.0458,15,0.3,,1,0,5,2.1651,0,29,0.1457,703.9,862,0,0.016511,1.54051,-1.505594,839000,7043.1
840,1000,56.4962,10,0.2,,1,0,5,1.8028,0,0,0.1098,508.2,952,0,0.016575,0.704674,-2.046895,840000,7051.9
841,1000,143.0232,14,0.28,,1,0,8,2.958,1,0,0.012,570.8,858,0,0.016759,0.711506,-2.333372,841000,7060.7
842,1000,103.8135,12,0.24,,1,0,5,2.1213,0,160,0.105,781.9,984,0,0.017114,0.861825,-2.163559,842000,7069.8
843,1000,133.6754,14,0.28,,1,0,5,2.0616,0,0,0.032,653.7,609,0,0.017135,0.761375,-1.619545,843000,7078.1
844,1000,66.1492,10,0.2,,1,0,4,1.6583,0,0,0.0257,508.8,91,0,0.017525,1.012637,-2.281399,844000,7086.9
845,1000,178.9416,14,0.28,,1,0,7,2.6926,2,176,0.0805,540.3,964,0,0.017385,1.207749,-1.971957,845000,7095.6
846,1000,94.9861,11,0.22,,1,0,5,1.7854,0,376,0.2838,640.5,371,0,0.016975,0.708817,-2.473953,846000,7104.3
847,1000,86.722,11,0.22,,1,0,5,1.9203,0,177,0.0678,596.9,561,0,0.017393,1.170295,-2.591576,847000,7113.1
848,1000,170.8373,16,0.32,,1,0,9,3.3912,1,0,0.144,593.1,849,0,0.01767,1.461231,-2.319793,848000,7121.7
849,1000,140.775,12,0.24,,1,0,6,2.2361,1,14,0.0678,576.6,959,0,0.017948,0.972492,-2.33471,849000,7131.2
850,1000,53.1549,11,0.22,,1,0,5,1.9203,0,1,0.1832,608.8,610,0,0.017901,0.711755,-2.119775,850000,7140.6
851,1000,97.6276,10,0.2,,1,0,5,1.8028,0,1,0.1263,684.0,204,0,0.01765,0.860412,-2.169283,851000,7149.9
852,1000,150.368,14,0.28,,1,0,9,3.3541,1,36,0.0845,581.5,974,0,0.017473,0.952977,-2.630561,852000,7159.0
853,1000,97.0709,11,0.22,,1,0,5,1.9203,0,0,0.009,522.3,140,0,0.017427,0.875595,-1.978154,853000,7168.0
854,1000,141.3532,13,0.26,,1,0,6,2.3848,1,241,0.1098,725.8,655,0,0.017672,0.708759,-1.205892,854000,7177.0
855,1000,211.7061,16,0.32,,2,0,10,4.2426,2,211,0.125,630.3,886,0,0.017452,0.860999,-1.941572,855000,7186.2
856,1000,187.1299,16,0.32,,1,0,9,3.2404,1,3,0.0622,578.0,934,0,0.017429,0.848312,-1.948718,856000,7195.6
857,1000,156.0241,14,0.28,,1,0,7,2.6926,1,241,0.045,592.6,922,0,0.017506,0.966464,-2.171798,857000,7204.7
858,1000,143.1839,13,0.26,,1,0,6,2.3848,1,320,0.2028,716.7,604,0,0.017141,1.116715,-1.837205,858000,7213.7
859,1000,207.0461,17,0.34,,1,0,8,3.7666,2,439,0.1963,598.3,981,0,0.017502,0.951727,-2.349165,859000,7222.9
860,1000,112.966,14,0.28,,0,1,5,1.6583,0,573,0.3852,704.7,817,0,0.017989,0.769967,-1.473091,860000,7232.3
861,1000,80.0565,10,0.2,,1,0,5,1.8028,0,190,0.2367,543.4,761,0,0.017889,1.008316,-2.353258,861000,7241.5
862,1000,69.5236,10,0.2,,1,0,5,1.8028,0,5,0.133,517.3,179,0,0.018432,0.881406,-2.036819,862000,7250.3
863,1000,102.1624,12,0.24,,1,0,5,2.1213,0,99,0.2592,665.2,900,0,0.018618,0.864427,-2.316025,863000,7259.3
864,1000,89.9732,11,0.22,,1,0,5,1.9203,0,28,0.0405,558.1,868,0,0.018992,0.650077,-1.518999,864000,7269.1
865,1000,117.8729,11,0.22,,1,0,5,2.2776,1,357,0.1435,585.6,717,0,0.018882,0.890882,-1.64222,865000,7278.7
866,1000,129.879,12,0.24,,1,0,5,2.1213,1,0,0.084,502.5,408,0,0.019149,0.807492,-1.895275,866000,7288.2
867,1000,144.9769,12,0.24,,1,0,5,2.1213,1,118,0.1168,706.1,195,0,0.019463,0.675304,-2.856764,867000,7297.7
868,1000,175.3849,13,0.26,,1,0,6,2.3848,2,119,0.0727,664.7,374,0,0.019584,0.800721,-1.604402,868000,7306.5
869,1000,80.7121,11,0.22,,1,0,5,1.9203,0,256,0.1578,620.4,589,0,0.019311,0.83059,-1.621721,869000,7315.2
870,1000,73.8388,10,0.2,,1,0,5,1.8028,0,0,0.265,644.6,212,0,0.019425,0.824494,-1.450933,870000,7324.5
871,1000,137.0667,12,0.24,,1,0,7,2.5495,1,22,0.1415,645.8,986,0,0.019394,0.802126,-1.128767,871000,7333.5
872,1000,167.7778,15,0.3,,1,0,8,3.0311,1,289,0.1975,612.3,805,0,0.019541,1.473962,-2.351162,872000,7342.4
873,1000,58.8674,10,0.2,,1,0,5,2.0616,0,0,0.1247,592.3,664,0,0.019269,0.899872,-1.078287,873000,7352.0
874,1000,107.1513,13,0.26,,1,0,5,2.0463,0,15,0.1452,682.7,883,0,0.018753,0.922636,-1.933943,874000,7361.0
875,1000,63.6629,9,0.18,,1,0,5,1.7854,0,128,0.212,580.5,494,0,0.01885,1.073089,-1.552929,875000,7370.2
876,1000,103.8967,12,0.24,,1,0,5,1.8708,0,0,0.076,539.8,241,0,0.018754,0.876789,-1.162319,876000,7379.0
877,1000,94.0971,12,0.24,,1,0,5,2.1213,0,307,0.2547,706.3,347,0,0.018868,0.612363,-1.481575,877000,7387.8
878,1000,125.3546,14,0.28,,0,1,5,1.6583,0,273,0.0912,656.0,711,0,0.018941,1.421688,-1.616264,878000,7396.7
879,1000,182.9362,13,0.26,,1,0,5,2.0463,2,12,0.0435,518.2,651,0,0.018995,0.763423,-1.500176,879000,7405.7
880,1000,158.5519,14,0.28,,1,0,7,2.6926,1,18,0.0998,601.6,704,0,0.019261,0.695365,-1.355548,880000,7414.9
881,1000,111.3028,12,0.24,,1,0,5,2.1213,0,117,0.1822,672.4,283,0,0.019311,0.930655,-0.829865,881000,7424.2
882,1000,150.6859,13,0.26,,1,0,6,2.3848,1,19,0.2782,694.2,937,0,0.0194,0.66706,-1.228426,882000,7433.1
883,1000,133.2736,12,0.24,,1,0,7,2.7386,1,1,0.0907,687.0,801,0,0.019556,0.959402,-1.095721,883000,7441.8
884,1000,86.7084,11,0.22,,1,0,5,1.9203,0,0,0.0777,605.0,551,0,0.019423,0.669205,-0.860821,884000,7450.7
885,1000,138.1339,12,0.24,,1,0,5,2.1213,1,165,0.246,696.4,395,0,0.019226,0.977655,-1.051262,885000,7459.6
886,1000,137.8054,12,0.24,,1,0,6,2.5495,1,315,0.1608,691.3,931,0,0.018815,0.99838,-1.429107,886000,7468.7
887,1000,70.1292,11,0.22,,1,0,5,1.9203,0,43,0.0532,517.3,466,0,0.018811,1.09619,-0.67244,887000,7478.2
888,1000,145.4159,13,0.26,,1,0,6,2.3848,1,0,0.0638,566.3,937,0,0.018879,0.740151,-0.527508,888000,7487.8
889,1000,49.2512,9,0.18,,1,0,5,1.9203,0,0,0.1008,622.0,735,0,0.019273,0.987138,-0.899232,889000,7496.8
890,1000,135.3181,11,0.22,,1,0,5,1.9203,1,0,0.0,466.1,296,0,0.019236,1.097402,-0.807923,890000,7506.2
891,1000,46.3349,7,0.14,,1,0,3,1.299,0,402,0.3115,687.6,743,0,0.018968,0.776796,-0.717945,891000,7515.9
892,1000,158.157,14,0.28,,1,0,7,2.6926,1,175,0.1517,774.0,906,0,0.019248,1.037126,-1.030088,892000,7524.9
893,1000,105.5413,13,0.26,,1,0,5,2.0463,0,0,0.1875,688.6,796,0,0.01879,0.978798,-0.709559,893000,7533.8
894,1000,143.4829,13,0.26,,1,0,6,2.3848,1,94,0.1862,649.6,724,0,0.017892,1.006501,-0.661988,894000,7543.1
895,1000,137.3713,12,0.24,,1,0,6,2.2361,1,34,0.03,502.5,878,0,0.018301,0.786121,-0.8155,895000,7552.1
896,1000,140.3818,12,0.24,,1,0,5,2.1213,1,17,0.0583,623.8,641,0,0.01833,0.701754,-0.238844,896000,7561.3
897,1000,146.0607,13,0.26,,1,0,8,2.9475,1,0,0.0175,547.6,837,0,0.018456,0.739596,-0.82766,897000,7570.7
898,1000,67.0932,10,0.2,,1,0,5,2.0616,0,1,0.0648,693.8,173,0,0.018379,0.895857,-1.690709,898000,7579.5
899,1000,111.9565,12,0.24,,0,1,5,2.0,0,39,0.1017,672.5,918,0,0.018454,0.873311,-1.182928,899000,7588.9
900,1000,82.5837,10,0.2,,1,0,5,1.8028,0,55,0.1415,701.5,534,0,0.018563,0.925564,-1.002811,900000,7598.1
901,1000,81.1126,10,0.2,,1,0,4,1.6583,0,0,0.0553,518.6,431,0,0.018386,0.8023,-0.647866,901000,7607.6
902,1000,166.9909,14,0.28,,1,0,5,2.0616,1,1,0.0803,570.5,602,0,0.018548,0.820597,0.105424,902000,7616.8
903,1000,150.1479,12,0.24,,0,1,5,1.5811,1,42,0.049,572.4,894,0,0.018551,0.828107,-0.806334,903000,7625.7
904,1000,138.3044,12,0.24,,1,0,5,2.1213,1,86,0.0808,666.7,728,0,0.018901,1.091698,-0.387323,904000,7634.4
905,1000,85.0377,9,0.18,,1,0,5,1.9203,1,0,0.0032,522.1,349,0,0.019078,1.310502,-0.804128,905000,7642.8
906,1000,98.2069,11,0.22,,1,0,5,1.9203,0,419,0.1118,618.8,909,0,0.018641,0.818073,-0.501606,906000,7651.1
907,1000,195.8663,14,0.28,,1,0,7,2.6926,2,78,0.035,542.6,958,0,0.018024,0.916383,-0.641415,907000,7659.3
908,1000,104.3142,11,0.22,,1,0,6,2.1651,1,0,0.0877,597.7,944,0,0.018047,0.749321,-0.99305,908000,7667.7
909,1000,60.3207,10,0.2,,1,0,4,1.6583,0,1,0.13,611.6,301,0,0.018555,0.947407,-0.632787,909000,7676.5
910,1000,58.2174,10,0.2,,1,0,5,2.0616,0,226,0.1105,639.5,344,0,0.018504,0.760761,-0.007147,910000,7685.5
911,1000,86.0344,11,0.22,,1,0,5,1.9203,0,225,0.088,715.3,309,0,0.018564,0.712045,-0.427416,911000,7694.4
912,1000,105.2993,9,0.18,,2,0,5,2.2776,1,0,0.0995,531.6,951,0,0.01834,0.861704,-0.981391,912000,7703.4
913,1000,145.3901,12,0.24,,1,0,5,2.1213,1,0,0.0853,627.7,727,0,0.017742,0.910203,-0.227386,913000,7712.8
914,1000,91.825,11,0.22,,1,0,5,1.9203,0,399,0.2345,548.0,192,0,0.017704,1.229277,0.349301,914000,7721.7
915,1000,80.4108,10,0.2,,1,0,4,1.6583,0,0,0.0008,521.9,937,0,0.017353,1.162377,-0.943298,915000,7729.9
916,1000,121.9352,12,0.24,,1,0,6,2.2361,1,150,0.1155,531.2,805,0,0.017434,0.70154,0.623722,916000,7738.1
917,1000,68.68,11,0.22,,1,0,5,2.2776,0,30,0.049,546.1,923,0,0.017512,0.749117,-0.243882,917000,7746.4
918,1000,69.4191,10,0.2,,1,0,5,1.8028,0,19,0.0302,537.0,610,0,0.017298,0.829645,-0.415481,918000,7754.9
919,1000,125.4964,11,0.22,,1,0,5,1.9203,1,78,0.0393,502.5,205,0,0.017164,1.269173,-0.468667,919000,7763.1
920,1000,49.0581,6,0.12,,1,0,3,1.118,0,38,0.3367,618.3,200,0,0.016972,0.88648,-0.308417,920000,7771.6
921,1000,186.2422,13,0.26,,1,0,6,2.3848,2,67,0.0673,519.5,851,0,0.017037,0.830106,-0.402531,921000,7779.7
922,1000,103.737,12,0.24,,1,0,5,2.1213,0,531,0.3458,703.7,669,0,0.017258,1.080638,-0.400542,922000,7787.9
923,1000,88.2095,11,0.22,,1,0,5,1.9203,0,97,0.067,571.7,691,0,0.016999,0.941063,-0.42151,923000,7796.2
924,1000,109.1307,12,0.24,,1,0,5,2.1213,0,17,0.193,789.2,924,0,0.016867,0.720657,-0.217043,924000,7804.9
925,1000,202.0809,15,0.3,,1,0,7,2.586,2,8,0.1885,604.9,924,0,0.017106,1.123086,-0.486794,925000,7813.2
926,1000,62.5496,8,0.16,,1,0,4,1.4142,0,78,0.1487,547.1,578,0,0.017241,0.757598,-1.018028,926000,7821.5
927,1000,60.8737,9,0.18,,1,0,4,1.479,0,872,0.2795,698.5,250,0,0.017321,1.114664,-0.363564,927000,7830.2
928,1000,81.1645,10,0.2,,1,0,5,1.8028,0,0,0.0695,511.5,544,0,0.017466,0.672807,-0.786822,928000,7838.4
929,1000,91.0442,10,0.2,,1,0,4,1.6583,0,0,0.0617,509.1,923,0,0.017161,1.040469,0.391486,929000,7846.7
930,1000,89.7749,10,0.2,,1,0,5,2.0616,0,0,0.1535,594.3,543,0,0.017229,0.80822,-0.476481,930000,7854.8
931,1000,101.8522,11,0.22,,1,0,5,1.9203,0,81,0.1395,762.3,569,0,0.017069,0.812091,-0.57572,931000,7863.5
932,1000,82.215,11,0.22,,1,0,5,2.2776,0,863,0.2612,534.2,391,0,0.017179,0.65582,-0.485681,932000,7872.7
933,1000,109.8723,12,0.24,,1,0,5,2.1213,0,195,0.2195,741.1,716,0,0.017299,1.20961,-0.02067,933000,7881.7
934,1000,107.9911,10,0.2,,1,0,5,1.8028,1,11,0.0088,615.7,439,0,0.017375,1.159443,-0.495468,934000,7890.4
935,1000,187.5941,14,0.28,,1,0,8,3.2016,2,107,0.0963,656.6,561,0,0.01718,0.801048,-0.037973,935000,7899.7
936,1000,51.0116,8,0.16,,1,0,4,1.5811,0,215,0.1325,554.3,922,0,0.017182,0.635851,-0.08546,936000,7908.0
937,1000,46.7986,6,0.12,,1,0,2,0.866,0,79,0.2392,608.0,281,0,0.017584,0.974999,-0.379037,937000,7916.4
938,1000,96.3705,12,0.24,,1,0,5,2.1213,0,143,0.0527,608.1,515,0,0.017609,0.694944,0.136638,938000,7924.6
939,1000,61.4805,7,0.14,,1,0,3,1.299,0,22,0.1502,538.8,985,0,0.017539,0.887086,-0.180395,939000,7932.7
940,1000,67.6191,9,0.18,,1,0,5,1.9203,0,21,0.104,764.8,701,0,0.017486,0.924971,0.257894,940000,7941.0
941,1000,49.8279,8,0.16,,1,0,5,1.8708,0,31,0.1373,529.7,430,0,0.017164,0.940167,-0.512512,941000,7949.0
942,1000,116.0146,11,0.22,,1,0,5,1.9203,1,4,0.1017,640.0,489,0,0.016822,0.92967,-0.70901,942000,7957.2
943,1000,109.92,11,0.22,,1,0,5,1.9203,0,0,0.1027,739.6,842,0,0.016827,0.900448,-0.832249,943000,7965.4
944,1000,128.0966,11,0.22,,1,0,5,1.9203,1,29,0.0295,633.8,756,0,0.017214,0.847288,-0.18133,944000,7973.8
945,1000,78.4833,11,0.22,,1,0,5,1.9203,0,0,0.0095,521.6,859,0,0.017612,0.929534,0.289705,945000,7982.0
946,1000,94.7738,10,0.2,,1,0,5,2.0616,0,129,0.2392,630.2,547,0,0.017437,1.104653,-0.100373,946000,7990.2
947,1000,123.5565,11,0.22,,1,0,5,2.2776,1,86,0.158,651.6,805,0,0.017156,1.227004,-0.988029,947000,7998.6
948,1000,140.3447,12,0.24,,1,0,6,2.5495,1,13,0.0775,557.4,953,0,0.017417,0.755434,-0.458473,948000,8006.8
949,1000,75.6587,10,0.2,,1,0,5,2.0616,0,1,0.084,726.3,999,0,0.017662,1.39906,-0.256824,949000,8015.5
950,1000,141.835,13,0.26,,1,0,6,2.3848,1,140,0.0818,581.9,941,0,0.017449,1.063654,-0.711227,950000,8023.6
951,1000,79.4024,11,0.22,,1,0,5,2.2776,0,0,0.02,530.3,989,0,0.017594,0.855884,-0.855729,951000,8032.1
952,1000,87.0483,8,0.16,,2,0,5,2.1213,1,229,0.1835,630.8,127,0,0.017419,0.928456,-0.389784,952000,8040.5
953,1000,81.5939,10,0.2,,1,0,5,1.8028,0,0,0.0205,566.9,446,0,0.017504,1.064314,-0.072751,953000,8048.6
954,1000,89.9464,11,0.22,,1,0,5,2.2776,0,17,0.1693,606.9,756,0,0.017437,0.683859,-0.051311,954000,8056.8
955,1000,101.484,11,0.22,,1,0,5,2.2776,0,5,0.1035,564.9,634,0,0.017382,0.881142,0.244524,955000,8065.0
956,1000,104.2536,11,0.22,,1,0,5,1.9203,0,6,0.1535,612.0,581,0,0.017165,1.155453,-0.222829,956000,8073.3
957,1000,109.84,10,0.2,,2,0,6,2.5981,1,0,0.0015,508.2,782,0,0.017101,0.946793,-0.088898,957000,8081.5
958,1000,64.8158,12,0.24,,1,0,5,2.1213,0,0,0.0475,621.3,904,0,0.017501,0.77346,-0.606992,958000,8089.5
959,1000,92.0317,11,0.22,,1,0,4,1.6394,0,27,0.1837,643.0,540,0,0.017666,0.791946,-0.011475,959000,8097.7
960,1000,148.5793,13,0.26,,1,0,8,3.1125,1,0,0.2662,873.5,510,0,0.017695,0.764681,0.059261,960000,8106.2
961,1000,85.9701,11,0.22,,1,0,5,1.9203,0,0,0.0255,522.5,830,0,0.017443,0.775315,0.150537,961000,8114.9
962,1000,91.5466,11,0.22,,1,0,5,1.9203,1,58,0.0227,528.6,503,0,0.01746,0.641406,0.418092,962000,8123.3
963,1000,84.2207,11,0.22,,1,0,5,2.2776,0,233,0.1928,797.3,397,0,0.017345,0.8653,0.543693,963000,8131.6
964,1000,102.7644,11,0.22,,1,0,5,1.9203,1,0,0.0,448.2,859,0,0.017151,0.912436,0.16826,964000,8140.0
965,1000,67.6042,10,0.2,,1,0,5,2.0616,0,171,0.1905,685.1,214,0,0.017053,1.001869,0.193919,965000,8148.4
966,1000,85.6863,11,0.22,,1,0,5,1.9203,0,12,0.018,534.6,928,0,0.017228,1.135278,-0.633163,966000,8156.7
967,1000,126.4243,11,0.22,,1,0,5,2.2776,1,0,0.0385,556.5,528,0,0.017046,1.29272,0.366688,967000,8164.9
968,1000,57.5368,10,0.2,,1,0,4,1.5,0,0,0.103,538.6,824,0,0.017252,0.678685,-0.553861,968000,8173.0
969,1000,50.0361,10,0.2,,1,0,5,2.0616,0,0,0.0,460.7,189,0,0.017116,0.720193,0.012362,969000,8181.2
970,1000,70.5548,9,0.18,,1,0,4,1.7854,0,28,0.0035,524.8,512,0,0.017156,0.67193,0.1905,970000,8189.3
971,1000,49.5878,9,0.18,,1,0,4,1.479,0,0,0.0027,517.1,638,0,0.017121,0.655924,0.106447,971000,8197.3
972,1000,68.5719,10,0.2,,1,0,4,1.6583,0,0,0.0005,500.4,147,0,0.017581,1.185393,-0.165727,972000,8205.8
973,1000,92.7133,10,0.2,,1,0,5,1.8028,0,299,0.2213,749.4,806,0,0.017711,0.815219,-0.135688,973000,8213.9
974,1000,112.0009,12,0.24,,1,0,5,2.1213,0,109,0.1375,595.9,395,0,0.017374,0.849371,0.891002,974000,8222.5
975,1000,142.6629,12,0.24,,1,0,5,2.1213,1,83,0.03,633.5,572,0,0.016996,0.839537,0.762838,975000,8231.4
976,1000,124.9382,11,0.22,,1,0,5,1.9203,1,0,0.0,464.2,331,0,0.017299,1.109896,0.497092,976000,8240.2
977,1000,70.0295,9,0.18,,1,0,5,1.7854,0,3,0.1168,598.6,243,0,0.017401,0.845874,0.436081,977000,8248.8
978,1000,111.3495,10,0.2,,1,0,6,2.2913,1,1,0.015,556.2,908,0,0.017389,0.659875,0.597778,978000,8257.4
979,1000,77.783,10,0.2,,0,1,5,1.6583,0,0,0.0127,599.2,675,0,0.01688,1.000432,0.910388,979000,8265.6
980,1000,120.6985,11,0.22,,1,0,5,1.9203,1,21,0.0335,514.8,291,0,0.017076,0.721319,0.387421,980000,8274.2
981,1000,66.1942,9,0.18,,1,0,4,1.7854,0,45,0.0225,603.0,194,0,0.016817,0.731374,0.297502,981000,8283.2
982,1000,162.7099,14,0.28,,1,0,8,2.958,1,77,0.0532,539.4,884,0,0.016586,1.012022,0.06054,982000,8291.9
983,1000,68.2762,10,0.2,,1,0,4,1.6583,0,36,0.0595,573.0,890,0,0.016565,1.455544,0.47217,983000,8300.4
984,1000,112.8112,11,0.22,,1,0,5,2.2776,1,70,0.0927,588.1,339,0,0.016749,1.009222,0.44718,984000,8309.1
985,1000,135.4909,11,0.22,,1,0,5,2.2776,1,0,0.014,526.1,809,0,0.016831,1.089537,-0.356994,985000,8318.1
986,1000,122.8191,11,0.22,,1,0,5,2.2776,1,150,0.062,684.7,785,0,0.016874,0.675063,0.123037,986000,8326.7
987,1000,43.6124,7,0.14,,1,0,5,1.9203,0,0,0.1595,553.9,911,0,0.016647,0.665036,0.640114,987000,8335.3
988,1000,80.3368,10,0.2,,0,1,4,1.5,0,35,0.0735,515.2,809,0,0.016541,0.889684,0.885679,988000,8343.6
989,1000,152.1715,13,0.26,,1,0,7,2.586,1,17,0.0602,525.5,600,0,0.016404,0.923524,0.003428,989000,8352.1
990,1000,82.6111,10,0.2,,1,0,5,2.0616,0,0,0.033,554.8,433,0,0.01644,0.814199,0.398769,990000,8360.2
991,1000,73.6762,9,0.18,,1,0,5,1.9203,0,27,0.145,680.8,983,0,0.017186,0.819641,0.001997,991000,8368.3
992,1000,163.3284,12,0.24,,2,0,7,3.0822,2,179,0.0638,616.3,898,0,0.016787,0.719371,0.246891,992000,8377.0
993,1000,76.2093,11,0.22,,1,0,5,1.9203,0,0,0.032,550.3,156,0,0.016442,0.848423,1.034095,993000,8385.9
994,1000,96.1804,11,0.22,,1,0,5,2.2776,0,0,0.118,548.7,993,0,0.016541,0.808488,0.125245,994000,8394.7
995,1000,58.8596,9,0.18,,1,0,5,1.9203,0,0,0.0083,502.5,187,0,0.016617,0.582116,0.333733,995000,8403.6
996,1000,61.4819,9,0.18,,2,0,5,2.2776,0,101,0.106,563.8,453,0,0.016633,0.965597,-0.136623,996000,8412.6
997,1000,80.7516,10,0.2,,1,0,5,2.0616,0,102,0.0988,738.6,619,0,0.016717,0.701376,0.237844,997000,8421.6
998,1000,90.4247,11,0.22,,0,1,5,1.7854,0,11,0.0512,534.5,605,0,0.017109,0.893029,-0.33676,998000,8430.3
999,1000,64.9925,10,0.2,,1,0,5,2.0616,0,0,0.0,395.0,249,0,0.017031,1.19904,0.729041,999000,8438.8
1000,1000,53.2164,8,0.16,,1,0,4,1.5811,0,0,0.0132,502.5,181,0,0.01676,0.769361,0.384144,1000000,8447.0
1001,1000,57.7688,8,0.16,,1,0,4,1.5811,0,51,0.0658,548.0,137,0,0.016693,0.784794,-0.139064,1001000,8455.7
1002,1000,114.0355,10,0.2,,2,0,5,2.5,1,150,0.0685,622.9,346,0,0.016933,0.756424,0.520664,1002000,8464.2
1003,1000,70.1608,10,0.2,,1,0,5,1.8028,0,15,0.0958,557.9,253,0,0.016759,0.617592,1.310038,1003000,8472.5
1004,1000,76.9836,10,0.2,,1,0,5,2.0616,0,0,0.0305,567.6,963,0,0.016845,0.892955,0.281999,1004000,8480.9
1005,1000,98.5253,11,0.22,,1,0,5,2.2776,0,0,0.1027,545.2,958,0,0.01658,0.627732,0.273256,1005000,8489.4
1006,1000,120.4747,11,0.22,,1,0,6,2.1651,1,0,0.0283,521.2,713,0,0.016333,0.676889,0.634687,1006000,8497.9
1007,1000,129.7404,11,0.22,,1,0,5,1.9203,1,0,0.116,517.6,375,0,0.016493,0.847333,0.845841,1007000,8506.1
1008,1000,62.0058,10,0.2,,1,0,4,1.6583,0,283,0.2157,569.1,852,0,0.01613,1.380274,-0.339543,1008000,8514.5
1009,1000,122.998,12,0.24,,1,0,7,2.7386,1,513,0.1273,602.0,476,0,0.015918,0.730698,0.172409,1009000,8522.8
1010,1000,114.2246,13,0.26,,1,0,5,2.0463,0,0,0.1353,720.0,964,0,0.016252,0.727435,0.494566,1010000,8531.2
1011,1000,114.9188,10,0.2,,1,0,7,2.6926,1,104,0.187,573.1,944,0,0.01602,1.224024,0.122766,1011000,8539.6
1012,1000,69.4065,9,0.18,,1,0,5,1.7854,0,43,0.16,614.4,210,0,0.015739,0.781901,0.192589,1012000,8547.6
1013,1000,36.497,7,0.14,,1,0,4,1.479,0,1120,0.182,799.2,619,0,0.015398,0.818198,0.092273,1013000,8556.1
1014,1000,43.0541,7,0.14,,1,0,4,1.479,0,55,0.17,577.3,352,0,0.015313,1.047253,0.567097,1014000,8564.5
1015,1000,83.4918,10,0.2,,1,0,5,2.0616,0,4,0.042,508.1,324,0,0.015357,0.803486,-0.086992,1015000,8572.9
1016,1000,167.6752,12,0.24,,1,0,5,2.1213,2,29,0.0272,502.5,387,0,0.015497,0.713349,-0.029337,1016000,8581.0
1017,1000,84.9129,9,0.18,,1,0,5,1.9203,0,0,0.0,496.2,334,0,0.015642,0.55755,-0.196562,1017000,8589.5
1018,1000,83.0329,11,0.22,,1,0,5,1.9203,0,367,0.129,645.1,903,0,0.015894,0.949783,0.276879,1018000,8598.0
1019,1000,72.8678,10,0.2,,1,0,5,2.0616,0,0,0.0377,526.7,900,0,0.01574,1.022807,-0.175316,1019000,8606.0
1020,1000,75.4279,9,0.18,,2,0,5,2.2776,0,20,0.039,563.9,220,0,0.015594,0.942551,-0.18393,1020000,8614.5
1021,1000,152.5767,14,0.28,,0,1,8,2.6926,1,283,0.1415,833.9,872,0,0.016155,0.720974,0.084437,1021000,8622.8
1022,1000,149.323,14,0.28,,1,0,10,3.8406,1,0,0.1925,698.9,746,0,0.016129,0.679311,-0.313229,1022000,8631.1
1023,1000,101.4079,12,0.24,,0,1,5,1.5811,0,1,0.1425,546.7,803,0,0.016164,0.68146,-0.855827,1023000,8639.1
1024,1000,107.1281,9,0.18,,1,0,5,1.9203,1,28,0.1303,662.7,395,0,0.016033,0.742352,0.504345,1024000,8647.4
1025,1000,79.0491,10,0.2,,1,0,5,2.0616,0,48,0.0615,571.8,877,0,0.01624,0.819122,0.460225,1025000,8655.4
1026,1000,73.049,10,0.2,,1,0,5,1.8028,0,42,0.1047,811.0,356,0,0.016484,0.727971,0.517042,1026000,8663.7
1027,1000,89.1522,11,0.22,,1,0,5,2.2776,0,488,0.2355,678.0,686,0,0.016692,0.808935,0.222194,1027000,8672.1
1028,1000,179.858,15,0.3,,1,0,10,3.8971,1,0,0.1205,591.1,931,0,0.016564,0.843608,-0.272109,1028000,8680.9
1029,1000,54.9338,8,0.16,,1,0,4,1.4142,0,45,0.1087,608.6,272,0,0.016795,0.791227,0.080456,1029000,8689.2
1030,1000,-1.6626,7,0.14,,2,0,4,1.7854,0,0,0.0047,540.9,213,0,0.016736,0.86818,-0.480052,1030000,8697.5
1031,1000,28.9959,6,0.12,,1,0,4,1.5,0,1012,0.1935,966.1,610,0,0.017059,1.014117,0.132343,1031000,8708.0
1032,1000,59.5078,9,0.18,,1,0,5,1.7854,0,832,0.1333,646.6,552,0,0.017044,0.813623,0.709476,1032000,8716.9
1033,1000,78.0292,10,0.2,,1,0,5,2.0616,0,59,0.0772,643.1,496,0,0.016881,1.066452,0.184897,1033000,8725.3
1034,1000,59.0224,8,0.16,,1,0,3,1.2247,0,332,0.1695,845.8,117,0,0.016633,0.679025,-0.631021,1034000,8733.9
1035,1000,90.2439,12,0.24,,0,1,4,1.2247,0,19,0.0825,580.9,1000,0,0.016677,0.657463,0.11723,1035000,8743.0
1036,1000,188.4158,13,0.26,,1,0,6,2.3848,2,0,0.0625,587.0,965,0,0.016816,0.801402,0.256235,1036000,8751.7
1037,1000,115.264,10,0.2,,1,0,5,2.0616,1,0,0.111,586.9,197,0,0.016421,0.825443,0.011601,1037000,8760.4
1038,1000,69.3657,9,0.18,,1,0,5,1.9203,0,115,0.0993,684.6,822,0,0.016239,1.202701,-0.107553,1038000,8769.4
1039,1000,78.9774,10,0.2,,1,0,5,2.0616,0,64,0.0932,561.4,519,0,0.016454,0.681871,-0.481464,1039000,8778.0
1040,1000,78.7308,9,0.18,,1,0,4,1.7854,0,21,0.073,597.2,833,0,0.016594,0.8544,-0.184027,1040000,8786.2
1041,1000,68.457,9,0.18,,1,0,5,1.7854,0,73,0.1775,559.3,976,0,0.016443,1.457717,-0.310847,1041000,8794.5
1042,1000,27.5707,5,0.1,,2,0,4,1.6394,0,324,0.2605,626.1,336,0,0.016615,0.598953,-0.428805,1042000,8802.5
1043,1000,114.1767,12,0.24,,1,0,5,2.1213,0,0,0.1232,559.7,845,0,0.0172,0.820227,-0.102369,1043000,8810.9
1044,1000,42.2303,9,0.18,,1,0,4,1.7854,0,1,0.0348,506.6,146,0,0.017438,0.942162,-0.729073,1044000,8819.5
1045,1000,120.5121,11,0.22,,1,0,5,1.9203,1,0,0.0112,502.5,871,0,0.017677,0.656306,0.091501,1045000,8827.8
1046,1000,77.31,10,0.2,,1,0,4,1.6583,0,0,0.0555,652.9,958,0,0.017401,0.864334,-1.169851,1046000,8835.9
1047,1000,70.9238,8,0.16,,1,0,3,1.2247,0,0,0.1323,682.8,894,0,0.017142,0.918679,-0.55132,1047000,8844.0
1048,1000,85.9333,11,0.22,,1,0,5,1.9203,0,190,0.2305,644.0,977,0,0.017223,1.895948,-0.341605,1048000,8852.0
1049,1000,117.869,12,0.24,,1,0,5,2.1213,0,63,0.295,600.6,755,0,0.017024,0.983839,-0.29468,1049000,8860.4
1050,1000,72.2705,11,0.22,,1,0,5,1.9203,0,0,0.0065,502.5,309,0,0.016773,0.742827,-0.328776,1050000,8869.1
1051,1000,102.5894,11,0.22,,1,0,5,1.9203,0,6,0.0065,541.0,591,0,0.016978,0.769343,0.268451,1051000,8877.6
1052,1000,63.6408,9,0.18,,1,0,5,1.9203,0,0,0.1547,587.4,520,0,0.017066,1.170887,-0.096128,1052000,8886.1
1053,1000,40.9664,8,0.16,,2,0,5,2.1213,0,386,0.3157,681.3,222,0,0.017505,0.672295,0.009779,1053000,8894.1
1054,1000,86.2986,11,0.22,,1,0,5,1.9203,0,484,0.102,563.9,907,0,0.017758,1.735411,-0.564431,1054000,8902.6
1055,1000,93.4713,12,0.24,,1,0,5,2.1213,0,40,0.062,770.0,623,0,0.017806,0.991214,-0.126494,1055000,8911.2
1056,1000,97.9789,12,0.24,,1,0,5,2.1213,0,3,0.032,519.0,472,0,0.017591,0.684449,-0.375166,1056000,8919.2
1057,1000,66.4518,10,0.2,,1,0,5,1.8028,0,0,0.0867,502.5,141,0,0.017635,0.948606,-0.546173,1057000,8927.5
1058,1000,73.7932,10,0.2,,1,0,5,1.8028,0,61,0.1583,570.2,866,0,0.017538,0.797465,-0.810038,1058000,8936.1
1059,1000,141.4239,13,0.26,,1,0,6,2.3848,1,0,0.083,596.3,765,0,0.017521,0.843815,-0.585449,1059000,8944.4
1060,1000,75.0743,9,0.18,,1,0,5,1.7854,0,276,0.2745,707.5,361,0,0.017606,0.728332,-0.021333,1060000,8952.9
1061,1000,75.0075,10,0.2,,1,0,5,2.0616,0,80,0.048,539.9,385,0,0.018023,0.637092,0.072206,1061000,8961.3
1062,1000,68.9419,10,0.2,,1,0,5,1.8028,0,10,0.0607,515.8,141,0,0.018058,0.967916,-0.660509,1062000,8969.4
1063,1000,113.4792,11,0.22,,1,0,5,2.2776,1,120,0.1232,610.0,699,0,0.018229,0.683734,0.330007,1063000,8978.1
1064,1000,80.3351,11,0.22,,1,0,5,1.7854,0,29,0.1388,528.8,214,0,0.018317,1.154497,0.537566,1064000,8986.9
1065,1000,92.8853,11,0.22,,1,0,5,2.2776,0,14,0.0235,524.7,888,0,0.01817,0.615074,0.005567,1065000,8995.3
1066,1000,43.0164,8,0.16,,1,0,3,1.2247,0,0,0.017,502.5,130,0,0.017972,0.792444,-0.355038,1066000,9003.4
1067,1000,88.0171,11,0.22,,1,0,5,2.2776,0,103,0.003,525.4,522,0,0.017818,0.822357,0.502977,1067000,9011.5
1068,1000,89.598,11,0.22,,1,0,5,2.2776,0,0,0.035,522.9,326,0,0.017804,0.744923,-0.647656,1068000,9019.7
1069,1000,96.2847,11,0.22,,1,0,5,2.2776,0,36,0.0083,548.9,586,0,0.017476,1.572364,-0.139352,1069000,9028.0
1070,1000,112.8744,10,0.2,,2,0,5,2.5,1,166,0.0045,500.4,537,0,0.01754,1.040837,0.636847,1070000,9036.3
1071,1000,104.7308,12,0.24,,1,0,5,2.1213,0,22,0.0302,549.7,576,0,0.017281,0.694365,-0.140254,1071000,9044.5
1072,1000,71.3305,9,0.18,,1,0,5,1.9203,0,0,0.1288,546.6,382,0,0.017158,0.971187,-1.000754,1072000,9052.7
1073,1000,58.6617,8,0.16,,1,0,4,1.4142,0,0,0.0203,502.5,113,0,0.016589,0.844696,0.435938,1073000,9061.2
1074,1000,90.2397,11,0.22,,1,0,5,1.9203,0,0,0.0065,500.9,640,0,0.016274,0.6069,0.425723,1074000,9069.4
1075,1000,159.5124,14,0.28,,1,0,7,2.6926,1,0,0.101,821.8,928,0,0.016048,0.744542,-0.188729,1075000,9077.3
1076,1000,177.5609,12,0.24,,1,0,6,2.5495,2,228,0.2085,659.3,873,0,0.015944,0.832367,-0.161979,1076000,9085.7
1077,1000,72.4912,9,0.18,,1,0,5,1.9203,0,134,0.1222,729.6,465,0,0.015829,0.782616,0.649915,1077000,9093.8
1078,1000,70.4774,9,0.18,,1,0,4,1.7854,0,0,0.0505,502.5,279,0,0.016038,0.672919,-0.951813,1078000,9101.9
1079,1000,81.3181,10,0.2,,1,0,5,2.0616,0,0,0.04,550.3,335,0,0.015933,0.661682,-0.392793,1079000,9110.1
1080,1000,109.1774,10,0.2,,1,0,5,1.8028,1,76,0.0357,515.0,285,0,0.01581,0.728012,-0.305021,1080000,9118.3
1081,1000,87.005,10,0.2,,1,0,5,2.0616,0,137,0.1323,583.3,627,0,0.015772,0.961137,-0.324181,1081000,9126.4
1082,1000,65.3156,9,0.18,,1,0,4,1.7854,0,602,0.2685,743.1,306,0,0.015933,1.317509,-0.159106,1082000,9134.7
1083,1000,142.3023,13,0.26,,2,0,8,3.4187,1,76,0.0785,547.9,864,0,0.015886,0.829829,-0.347209,1083000,9143.1
1084,1000,118.0262,10,0.2,,1,0,5,2.0616,1,1,0.04,514.2,355,0,0.015684,0.54715,-1.056353,1084000,9151.3
1085,1000,64.5709,8,0.16,,1,0,5,1.8708,0,233,0.1135,661.7,130,0,0.015824,0.656643,-0.464213,1085000,9159.5
1086,1000,99.33,11,0.22,,1,0,5,2.2776,0,0,0.0182,520.0,421,0,0.01605,0.848777,-0.088626,1086000,9167.6
1087,1000,118.2915,11,0.22,,1,0,5,1.9203,1,0,0.0,496.0,312,0,0.015829,0.862473,-0.899563,1087000,9175.6
1088,1000,112.4871,11,0.22,,1,0,5,1.9203,1,43,0.0382,502.5,264,0,0.015452,0.684579,0.203446,1088000,9183.7
1089,1000,61.1308,8,0.16,,1,0,4,1.5811,0,0,0.208,504.3,128,0,0.01558,0.661546,0.331707,1089000,9191.9
1090,1000,70.7582,8,0.16,,1,0,5,1.8708,0,0,0.0318,515.1,139,0,0.015585,0.803485,-0.508312,1090000,9200.2
1091,1000,91.4009,11,0.22,,1,0,5,2.2776,0,0,0.028,569.3,341,0,0.015312,0.628666,-1.345766,1091000,9208.3
1092,1000,51.4352,8,0.16,,1,0,4,1.5811,0,0,0.1022,539.0,665,0,0.015162,0.62491,0.206501,1092000,9216.4
1093,1000,82.0512,9,0.18,,1,0,4,1.7854,0,53,0.1688,511.6,527,0,0.014863,1.113943,-1.114366,1093000,9224.7
1094,1000,97.2188,10,0.2,,1,0,5,1.8028,0,3,0.1762,534.1,673,0,0.014757,0.808642,-0.056375,1094000,9232.7
1095,1000,77.01,11,0.22,,1,0,5,1.9203,0,230,0.1565,792.9,444,0,0.015212,0.902714,-1.056994,1095000,9240.8
1096,1000,101.9395,11,0.22,,1,0,5,2.2776,0,133,0.2288,658.4,437,0,0.015767,0.72169,-0.713189,1096000,9249.2
1097,1000,58.5777,8,0.16,,1,0,4,1.5811,0,62,0.088,567.4,702,0,0.015727,0.614163,-0.668855,1097000,9257.3
1098,1000,146.8011,13,0.26,,0,1,7,2.4875,1,78,0.0825,537.8,881,0,0.015652,0.52376,0.272033,1098000,9265.5
1099,1000,80.0578,10,0.2,,1,0,5,2.0616,0,0,0.0665,654.8,330,0,0.016109,0.652781,-0.126288,1099000,9273.8
1100,1000,93.6001,10,0.2,,1,0,5,1.8028,0,0,0.0355,502.5,671,0,0.016147,0.819874,-0.327426,1100000,9281.9
1101,1000,87.943,10,0.2,,1,0,4,1.6583,0,0,0.1003,639.5,847,0,0.015685,0.70273,-0.582279,1101000,9290.1
1102,1000,73.3826,9,0.18,,1,0,4,1.479,0,0,0.0,468.7,880,0,0.015662,0.796939,-0.320392,1102000,9298.4
1103,1000,112.1209,9,0.18,,1,0,5,1.9203,1,8,0.0955,586.7,314,0,0.015858,0.629422,-0.676805,1103000,9306.8
1104,1000,115.4703,10,0.2,,1,0,5,2.0616,1,294,0.1898,772.2,695,0,0.016136,0.568464,-0.52503,1104000,9315.2
1105,1000,73.5357,10,0.2,,0,1,4,1.5,0,8,0.1437,516.9,671,0,0.015863,0.802128,-0.648468,1105000,9323.5
1106,1000,90.1011,11,0.22,,1,0,5,2.2776,0,120,0.1665,687.1,576,0,0.016224,0.765275,-1.405509,1106000,9331.5
1107,1000,111.5361,11,0.22,,1,0,5,1.9203,1,118,0.2,520.5,373,0,0.016203,0.677077,0.084981,1107000,9339.6
1108,1000,123.1011,10,0.2,,1,0,5,1.8028,1,1,0.065,671.2,739,0,0.016402,0.831776,-1.171985,1108000,9347.6
1109,1000,137.6437,12,0.24,,1,0,5,2.1213,1,59,0.1623,703.1,774,0,0.01693,1.099008,-0.889329,1109000,9355.6
1110,1000,178.2416,12,0.24,,1,0,6,2.5495,2,58,0.1015,550.0,834,0,0.016557,0.87599,-1.529768,1110000,9363.6
1111,1000,101.06,11,0.22,,1,0,5,2.2776,0,0,0.0663,556.3,544,0,0.016419,0.681521,-0.941291,1111000,9371.9
1112,1000,132.0852,11,0.22,,1,0,5,2.2776,1,6,0.0355,536.7,593,0,0.016312,1.197166,-0.674325,1112000,9380.0
1113,1000,31.771,6,0.12,,1,0,3,1.118,0,471,0.0995,547.6,492,0,0.016491,0.586754,-0.589363,1113000,9388.3
1114,1000,150.5636,13,0.26,,1,0,7,2.586,1,292,0.1005,594.6,615,0,0.016112,0.736803,-0.415367,1114000,9396.5
1115,1000,58.8178,9,0.18,,1,0,4,1.479,0,153,0.0678,509.3,786,0,0.01598,0.742777,-1.070088,1115000,9405.0
1116,1000,78.3846,10,0.2,,1,0,5,2.0616,0,32,0.1195,502.5,689,0,0.016228,0.616834,-0.121276,1116000,9413.2
1117,1000,87.9437,11,0.22,,1,0,5,1.9203,0,0,0.0217,511.6,293,0,0.016176,0.838521,-1.173438,1117000,9421.4
1118,1000,142.9625,13,0.26,,1,0,5,2.0463,1,0,0.0115,553.3,642,0,0.016112,0.681134,-0.702837,1118000,9429.6
1119,1000,107.591,12,0.24,,1,0,5,2.1213,0,33,0.0902,502.5,629,0,0.01638,0.714113,-0.697183,1119000,9438.1
1120,1000,67.6754,10,0.2,,1,0,4,1.6583,0,70,0.0575,505.6,902,0,0.015861,0.787783,-0.580112,1120000,9446.4
1121,1000,124.6176,12,0.24,,1,0,7,2.7386,1,0,0.053,502.5,918,0,0.015801,1.040648,-1.195224,1121000,9455.0
1122,1000,137.9866,12,0.24,,1,0,5,2.1213,1,66,0.1318,678.3,993,0,0.01579,1.938464,-0.37402,1122000,9463.7
1123,1000,71.7927,7,0.14,,2,0,6,2.4875,1,0,0.136,520.5,985,0,0.015728,0.979695,-0.738154,1123000,9472.2
1124,1000,68.8771,10,0.2,,1,0,4,1.6583,0,7,0.0512,502.5,401,0,0.016006,0.668248,-0.87384,1124000,9480.4
1125,1000,90.7813,10,0.2,,1,0,5,2.0616,0,0,0.018,551.8,725,0,0.016065,0.734993,-0.033797,1125000,9488.8
1126,1000,130.2983,11,0.22,,1,0,5,1.9203,1,0,0.1035,554.7,704,0,0.016125,0.787695,-0.178961,1126000,9496.9
1127,1000,93.0657,11,0.22,,1,0,5,1.9203,0,0,0.0115,545.0,517,0,0.01619,1.28658,-0.945542,1127000,9505.2
1128,1000,81.9091,10,0.2,,0,1,4,1.5,0,0,0.0288,525.2,551,0,0.016579,0.654808,-0.620194,1128000,9513.5
1129,1000,40.7992,8,0.16,,1,0,5,1.8708,0,5,0.1128,549.8,518,0,0.016499,0.832227,-0.22081,1129000,9522.0
1130,1000,77.4798,10,0.2,,1,0,5,1.8028,0,67,0.0917,525.4,977,0,0.016709,0.873613,-0.025907,1130000,9530.8
1131,1000,22.4905,7,0.14,,1,0,3,1.299,0,0,0.0,471.3,117,0,0.016707,0.583157,-0.566919,1131000,9539.5
1132,1000,111.7076,11,0.22,,1,0,7,2.681,1,0,0.0362,560.9,767,0,0.016749,0.93508,-0.001381,1132000,9547.9
1133,1000,81.8305,10,0.2,,1,0,5,1.8028,0,293,0.072,537.9,791,0,0.016654,0.535233,-0.90252,1133000,9556.5
1134,1000,82.3342,11,0.22,,1,0,5,1.9203,0,0,0.0352,524.4,910,0,0.01611,0.676116,-0.548148,1134000,9564.5
1135,1000,93.4314,11,0.22,,1,0,5,2.2776,0,0,0.0522,521.6,181,0,0.016496,0.71997,-0.483369,1135000,9572.5
1136,1000,101.5421,10,0.2,,1,0,5,2.0616,1,6,0.0767,651.8,474,0,0.017044,0.874381,-0.63112,1136000,9580.5
1137,1000,80.0005,10,0.2,,1,0,5,2.0616,0,68,0.113,645.7,607,0,0.017646,0.779838,-0.243493,1137000,9588.9
1138,1000,55.9929,8,0.16,,1,0,5,1.8708,0,85,0.0765,536.8,669,0,0.017129,0.571645,-0.604835,1138000,9596.9
1139,1000,79.6291,10,0.2,,1,0,4,1.6583,0,2,0.077,541.8,239,0,0.017064,0.651309,-0.710713,1139000,9605.2
1140,1000,73.1647,10,0.2,,1,0,5,1.8028,0,151,0.072,538.6,617,0,0.017114,0.616799,-0.80322,1140000,9613.4
1141,1000,138.2584,11,0.22,,1,0,8,3.1125,1,0,0.026,623.7,900,0,0.017547,0.781051,-0.955761,1141000,9621.5
1142,1000,98.2283,11,0.22,,1,0,5,1.9203,0,0,0.0253,502.5,982,0,0.016904,0.952036,-0.921115,1142000,9629.6
1143,1000,82.2222,10,0.2,,0,1,4,1.118,0,0,0.065,524.5,941,0,0.016285,0.680346,-0.668842,1143000,9637.9
1144,1000,61.7595,9,0.18,,1,0,4,1.479,0,5,0.1905,511.8,395,0,0.016215,0.853746,-0.495336,1144000,9646.4
1145,1000,67.838,9,0.18,,2,0,5,2.2776,0,67,0.1145,521.8,899,0,0.016146,0.723689,-0.284953,1145000,9654.7
1146,1000,89.3447,11,0.22,,1,0,5,1.9203,0,95,0.2615,670.9,823,0,0.016059,0.541694,-0.769432,1146000,9663.0
1147,1000,132.3156,12,0.24,,1,0,7,2.7386,1,0,0.0307,586.9,845,0,0.016171,0.537032,-1.010662,1147000,9671.5
1148,1000,93.4962,11,0.22,,1,0,5,1.9203,0,83,0.0745,618.9,670,0,0.016369,0.550418,-0.807966,1148000,9680.1
1149,1000,130.8399,11,0.22,,2,0,6,2.7726,1,1,0.1305,607.7,668,0,0.016573,0.939164,-0.623254,1149000,9688.1
1150,1000,80.1116,10,0.2,,1,0,4,1.5,0,0,0.0085,552.4,447,0,0.016469,0.621791,-1.054563,1150000,9696.7
1151,1000,48.4316,7,0.14,,1,0,4,1.479,0,0,0.0798,503.5,555,0,0.016619,0.56211,-0.21751,1151000,9705.6
1152,1000,94.3572,11,0.22,,1,0,5,1.7854,0,145,0.1915,741.9,845,0,0.017245,0.784135,-1.119755,1152000,9714.0
1153,1000,103.0225,11,0.22,,1,0,5,2.2776,0,0,0.006,506.5,874,0,0.017307,0.700517,-0.483884,1153000,9722.2
1154,1000,78.5798,10,0.2,,1,0,5,2.0616,0,0,0.0097,547.2,929,0,0.017256,0.703053,-0.438352,1154000,9730.8
1155,1000,82.5045,10,0.2,,1,0,5,1.8028,0,0,0.1403,577.0,559,0,0.017359,0.728102,-0.717639,1155000,9739.0
1156,1000,91.7901,11,0.22,,1,0,5,2.2776,0,224,0.1035,649.8,347,0,0.017177,0.599513,-0.823403,1156000,9747.1
1157,1000,65.3541,9,0.18,,1,0,4,1.7854,0,402,0.0953,509.9,332,0,0.017423,1.447484,-1.10184,1157000,9755.5
1158,1000,83.8799,10,0.2,,1,0,5,2.0616,0,144,0.071,620.5,840,0,0.017069,0.854261,-0.340123,1158000,9764.2
1159,1000,139.588,14,0.28,,1,0,9,3.5,1,0,0.0083,524.0,522,0,0.017369,0.602916,-0.496922,1159000,9772.5
1160,1000,93.0782,10,0.2,,1,0,5,2.0616,0,0,0.011,504.3,867,0,0.017187,0.767398,-0.734842,1160000,9781.0
1161,1000,90.6424,10,0.2,,1,0,5,1.8028,0,0,0.0,482.1,201,0,0.01694,1.18051,-0.286788,1161000,9789.2
1162,1000,82.6448,11,0.22,,1,0,5,2.2776,0,194,0.0367,525.6,742,0,0.017324,1.082183,-0.816097,1162000,9798.1
1163,1000,148.8653,13,0.26,,1,0,7,2.8614,1,0,0.1045,557.2,930,0,0.017523,0.63042,-0.533217,1163000,9806.4
1164,1000,141.1964,12,0.24,,1,0,6,2.2361,1,36,0.099,553.9,949,0,0.017759,0.649035,-0.771564,1164000,9814.8
1165,1000,82.2086,11,0.22,,1,0,5,1.9203,0,76,0.056,578.2,468,0,0.017899,0.683937,-0.378866,1165000,9823.3
1166,1000,84.7988,10,0.2,,1,0,5,2.0616,0,24,0.1432,588.3,655,0,0.017938,0.638996,-0.639493,1166000,9831.5
1167,1000,79.6941,10,0.2,,2,0,5,2.5,0,669,0.2298,787.0,503,0,0.018296,0.905328,-0.120006,1167000,9840.2
1168,1000,104.8302,12,0.24,,1,0,5,2.1213,0,24,0.0227,597.8,460,0,0.017971,0.643114,-0.314895,1168000,9848.4
1169,1000,91.741,11,0.22,,1,0,5,2.2776,0,37,0.105,582.7,959,0,0.018314,0.821477,-1.314213,1169000,9857.0
1170,1000,91.4551,10,0.2,,1,0,5,1.8028,0,158,0.1247,567.8,836,0,0.018211,0.846858,-0.519955,1170000,9865.5
1171,1000,75.7733,10,0.2,,1,0,5,2.0616,0,121,0.0553,555.5,775,0,0.018405,0.620892,-0.534371,1171000,9874.1
1172,1000,139.4715,12,0.24,,1,0,5,2.1213,1,3,0.0307,538.8,728,0,0.018017,0.837661,-1.302083,1172000,9882.3
1173,1000,86.7327,11,0.22,,1,0,5,1.9203,0,267,0.1285,640.7,299,0,0.017777,0.728075,-0.536599,1173000,9890.5
1174,1000,73.1328,10,0.2,,1,0,4,1.6583,0,0,0.0675,502.5,671,0,0.018103,0.635825,-0.15002,1174000,9898.8
1175,1000,41.6412,8,0.16,,1,0,4,1.5811,0,214,0.166,617.3,611,0,0.017982,0.780703,-0.463199,1175000,9906.9
1176,1000,101.2738,11,0.22,,1,0,5,1.9203,1,0,0.0013,531.4,358,0,0.018055,0.631351,-0.282545,1176000,9914.9
1177,1000,73.2626,11,0.22,,1,0,5,2.2776,0,390,0.2105,620.5,422,0,0.018232,0.791253,-0.025446,1177000,9923.3
1178,1000,58.6779,9,0.18,,1,0,4,1.7854,0,29,0.0818,530.8,577,0,0.01821,0.809222,0.136161,1178000,9931.6
1179,1000,56.2233,8,0.16,,2,0,5,2.1213,0,196,0.1885,646.6,751,0,0.018371,0.752613,-0.219585,1179000,9939.8
1180,1000,93.2801,12,0.24,,1,0,5,1.8708,0,341,0.1713,556.1,981,0,0.018393,1.103955,-0.660814,1180000,9948.2
1181,1000,95.219,12,0.24,,1,0,5,2.1213,0,0,0.0867,523.9,262,0,0.017858,0.955059,-1.144528,1181000,9956.5
1182,1000,112.9773,10,0.2,,1,0,5,2.0616,1,48,0.0348,508.7,409,0,0.017273,0.683582,-0.120419,1182000,9964.9
1183,1000,49.282,7,0.14,,1,0,4,1.479,0,0,0.1608,520.7,101,0,0.017152,1.23252,-0.20704,1183000,9973.0
1184,1000,59.3134,9,0.18,,1,0,4,1.7854,0,0,0.0722,518.8,383,0,0.0174,0.940163,-0.211162,1184000,9981.2
1185,1000,152.1897,13,0.26,,1,0,7,2.8614,1,0,0.1032,549.1,955,0,0.016698,0.836228,-0.470297,1185000,9989.7
1186,1000,73.9739,9,0.18,,1,0,4,1.7854,0,0,0.105,551.5,176,0,0.016745,0.863212,-0.183929,1186000,9998.1
1187,1000,57.9427,11,0.22,,1,0,5,2.2776,0,0,0.0927,507.3,569,0,0.016755,0.705983,-0.615153,1187000,10006.7
1188,1000,62.8818,9,0.18,,1,0,4,1.7854,0,101,0.0645,585.8,157,0,0.016827,0.647583,-0.36393,1188000,10015.0
1189,1000,70.264,9,0.18,,1,0,4,1.7854,0,0,0.1075,502.5,226,0,0.016587,0.691944,-0.05138,1189000,10023.4
1190,1000,99.1567,12,0.24,,1,0,5,2.1213,0,0,0.0192,523.7,198,0,0.016671,0.676093,-0.243776,1190000,10031.8
1191,1000,127.9084,12,0.24,,1,0,7,2.7386,1,2,0.0213,543.8,615,0,0.01702,1.601331,-0.39177,1191000,10040.5
1192,1000,78.1673,11,0.22,,1,0,5,2.2776,0,489,0.192,764.1,234,0,0.016914,0.835521,0.706341,1192000,10049.2
1193,1000,53.1475,8,0.16,,1,0,4,1.5811,0,0,0.0393,526.0,292,0,0.017264,0.822743,-0.513625,1193000,10057.6
1194,1000,79.4672,10,0.2,,1,0,5,2.0616,0,0,0.029,508.1,575,0,0.016989,0.708298,1.416336,1194000,10065.9
1195,1000,54.0952,6,0.12,,1,0,4,1.5,0,2,0.2268,646.4,403,0,0.016879,0.604979,0.002589,1195000,10074.4
1196,1000,140.3993,12,0.24,,1,0,7,2.7386,1,0,0.0123,582.3,988,0,0.016733,0.649249,-0.056613,1196000,10083.0
1197,1000,78.6835,10,0.2,,1,0,5,2.0616,0,0,0.0127,527.0,303,0,0.016397,1.302955,-0.138817,1197000,10091.1
1198,1000,67.0612,10,0.2,,1,0,5,2.0616,0,0,0.0653,504.3,500,0,0.015907,0.85139,-0.572042,1198000,10099.8
1199,1000,137.4324,12,0.24,,1,0,6,2.5495,1,105,0.0295,537.7,827,0,0.015922,1.076621,-0.502517,1199000,10107.7
1200,1000,61.8483,8,0.16,,1,0,5,1.8708,0,0,0.0285,592.7,169,0,0.016307,1.014756,-0.092944,1200000,10116.2
1201,1000,102.0329,12,0.24,,1,0,5,2.1213,0,0,0.0185,564.8,713,0,0.016049,1.18979,-0.251157,1201000,10124.5
1202,1000,93.9495,11,0.22,,1,0,5,1.9203,0,0,0.1008,575.2,596,0,0.016408,0.851889,-0.912632,1202000,10132.6
1203,1000,154.4149,13,0.26,,1,0,8,3.1125,1,2,0.0307,564.1,830,0,0.016285,0.712528,-0.317675,1203000,10140.6
1204,1000,148.0713,12,0.24,,1,0,6,2.5495,1,0,0.0333,627.7,721,0,0.016168,0.743219,0.171427,1204000,10148.7
1205,1000,165.9474,12,0.24,,1,0,6,2.5495,2,196,0.096,562.3,841,0,0.015994,0.840812,-0.601136,1205000,10156.7
1206,1000,165.2313,14,0.28,,1,0,8,3.2016,1,56,0.1017,655.4,486,0,0.015848,0.748035,-0.582717,1206000,10164.8
1207,1000,50.9382,7,0.14,,1,0,4,1.479,0,425,0.157,843.3,976,0,0.015899,0.975402,-0.323544,1207000,10172.8
1208,1000,90.6163,11,0.22,,1,0,5,1.9203,0,73,0.1703,528.9,569,0,0.015862,0.825674,-1.015116,1208000,10181.2
1209,1000,102.1252,11,0.22,,1,0,5,1.9203,0,0,0.0243,587.1,978,0,0.015991,0.821328,-1.180529,1209000,10189.7
1210,1000,81.9832,10,0.2,,1,0,5,2.0616,0,0,0.2345,548.4,672,0,0.015863,0.832855,-0.052192,1210000,10198.2
1211,1000,52.5683,7,0.14,,1,0,4,1.479,0,0,0.0707,665.4,424,0,0.016049,1.197813,-0.545368,1211000,10206.5
1212,1000,169.4776,15,0.3,,1,0,9,3.562,1,0,0.2677,728.0,969,0,0.015811,0.709458,-0.385402,1212000,10214.8
1213,1000,67.2557,9,0.18,,2,0,5,2.2776,0,122,0.1653,639.5,448,0,0.01609,0.804034,0.139434,1213000,10223.2
1214,1000,67.0014,9,0.18,,1,0,4,1.7854,0,0,0.0025,510.1,604,0,0.015798,0.627798,-0.597392,1214000,10231.5
1215,1000,91.1449,9,0.18,,1,0,5,1.9203,1,1,0.0495,502.5,451,0,0.016023,0.687378,-0.790994,1215000,10240.1
1216,1000,89.3326,11,0.22,,1,0,5,2.2776,0,0,0.154,541.0,627,0,0.016003,1.262859,-0.687852,1216000,10249.1
1217,1000,63.379,11,0.22,,1,0,5,1.9203,0,6,0.045,634.1,418,0,0.01604,0.744913,-0.630167,1217000,10257.1
1218,1000,4.0428,4,0.08,,1,0,2,0.7071,0,1465,0.2405,740.7,72,0,0.015846,1.172927,-0.83668,1218000,10265.3
1219,1000,113.7063,10,0.2,,1,0,5,2.0616,1,0,0.1437,599.5,409,0,0.01555,0.750023,-0.881437,1219000,10273.2
1220,1000,77.1804,10,0.2,,2,0,5,2.5,0,269,0.1568,669.4,503,0,0.016142,0.925687,-0.925886,1220000,10281.4
1221,1000,135.0344,11,0.22,,1,0,5,2.2776,1,28,0.0605,617.8,870,0,0.01612,0.745438,-1.024941,1221000,10289.4
1222,1000,115.8372,10,0.2,,2,0,5,2.5,1,0,0.0717,609.8,875,0,0.016474,0.839241,-0.863197,1222000,10297.6
1223,1000,148.2097,10,0.2,,2,0,5,2.5,2,149,0.091,522.9,379,0,0.016135,0.908126,-0.574781,1223000,10305.8
1224,1000,87.4947,10,0.2,,1,0,5,2.0616,0,0,0.0727,548.6,859,0,0.016362,0.775452,0.535153,1224000,10313.9
1225,1000,76.5791,10,0.2,,1,0,5,2.0616,0,0,0.1355,648.2,326,0,0.015931,0.628263,-0.877092,1225000,10322.0
1226,1000,81.0348,10,0.2,,1,0,5,2.0616,0,27,0.116,624.3,556,0,0.016093,0.790763,-0.29901,1226000,10330.2
1227,1000,42.809,7,0.14,,2,0,4,1.7854,0,8,0.0535,505.1,286,0,0.016222,0.784903,-0.17172,1227000,10338.7
1228,1000,72.7875,8,0.16,,1,0,4,1.5811,0,589,0.353,548.6,809,0,0.016598,0.747571,-0.092338,1228000,10347.2
1229,1000,183.8469,13,0.26,,1,0,7,2.8614,2,159,0.0772,621.2,792,0,0.01674,0.8423,-0.154006,1229000,10355.3
1230,1000,71.0712,9,0.18,,1,0,5,1.9203,0,0,0.2005,592.9,987,0,0.016764,0.883766,-0.910186,1230000,10363.7
1231,1000,117.5045,10,0.2,,2,0,6,2.5981,1,0,0.0485,562.6,936,0,0.017005,0.883956,-0.176555,1231000,10372.0
1232,1000,100.7684,9,0.18,,2,0,5,2.2776,1,8,0.0377,516.2,617,0,0.016762,1.057373,0.012629,1232000,10380.8
1233,1000,103.3712,10,0.2,,1,0,5,2.0616,1,0,0.018,502.5,184,0,0.016678,0.756409,-0.071352,1233000,10389.8
1234,1000,133.7956,12,0.24,,2,0,7,3.0822,1,150,0.0325,540.0,681,0,0.016644,0.745938,-0.188238,1234000,10398.7
1235,1000,92.8002,9,0.18,,1,0,5,1.9203,1,4,0.0,496.5,278,0,0.016811,0.75824,-0.417561,1235000,10407.6
1236,1000,100.944,11,0.22,,1,0,5,2.2776,0,436,0.3432,803.0,946,0,0.017254,0.933741,-0.288381,1236000,10416.7
1237,1000,175.8157,12,0.24,,2,0,7,3.0822,2,96,0.0715,628.2,930,0,0.017174,0.678455,-0.08838,1237000,10425.7
1238,1000,113.8646,10,0.2,,1,0,5,2.0616,1,0,0.0862,532.0,254,0,0.017112,0.789836,-0.252566,1238000,10435.1
1239,1000,48.1223,8,0.16,,1,0,4,1.5811,0,0,0.0617,502.5,364,0,0.017155,0.878631,-1.09668,1239000,10444.1
1240,1000,35.7627,7,0.14,,1,0,4,1.479,0,0,0.0008,500.8,112,0,0.016999,1.049388,-0.985523,1240000,10452.4
1241,1000,74.5454,10,0.2,,1,0,5,2.0616,0,0,0.0387,605.1,868,0,0.016714,0.886359,-0.906397,1241000,10460.7
1242,1000,69.6954,9,0.18,,1,0,4,1.7854,0,216,0.1452,674.2,543,0,0.016885,0.759929,-0.379321,1242000,10469.2
1243,1000,74.6458,9,0.18,,1,0,4,1.7854,0,60,0.0405,502.5,357,0,0.016564,0.98995,-0.945193,1243000,10477.6
1244,1000,83.2204,10,0.2,,1,0,5,1.8028,0,0,0.0,474.8,568,0,0.016234,0.789078,-0.254126,1244000,10486.4
1245,1000,170.4923,12,0.24,,1,0,6,2.5495,2,3,0.0088,541.5,835,0,0.01609,1.235172,-0.279978,1245000,10495.0
1246,1000,99.7836,9,0.18,,1,0,5,1.9203,1,0,0.02,502.5,241,0,0.016113,1.033908,-0.15711,1246000,10503.5
1247,1000,138.3796,11,0.22,,1,0,5,2.2776,1,0,0.0712,663.8,413,0,0.015977,0.799567,-0.687276,1247000,10511.5
1248,1000,46.0441,8,0.16,,1,0,4,1.5811,0,0,0.0545,546.8,668,0,0.016109,0.764805,0.104439,1248000,10520.4
1249,1000,49.0777,8,0.16,,0,1,3,1.0,0,0,0.0818,524.8,782,0,0.01561,0.746376,-0.132212,1249000,10529.3
1250,1000,218.8581,18,0.36,,1,0,9,3.6401,2,671,0.1842,866.5,920,0,0.015525,0.666983,-0.116063,1250000,10538.0
1251,1000,173.4692,15,0.3,,1,0,9,3.562,1,627,0.1623,635.3,696,0,0.015461,0.746707,-0.416525,1251000,10546.9
1252,1000,124.4843,12,0.24,,1,0,7,2.7386,1,0,0.0902,537.2,823,0,0.015022,0.776516,-0.153445,1252000,10555.4
1253,1000,123.419,11,0.22,,1,0,5,2.2776,1,461,0.156,737.5,631,0,0.014904,0.674099,-0.119339,1253000,10563.7
1254,1000,92.3942,12,0.24,,1,0,5,2.1213,0,803,0.2657,857.6,328,0,0.015406,1.125818,0.080189,1254000,10571.9
1255,1000,69.5616,10,0.2,,1,0,5,2.0616,0,0,0.031,502.5,185,0,0.015592,0.772267,-0.551585,1255000,10580.1
1256,1000,126.2957,12,0.24,,1,0,5,2.1213,1,39,0.023,533.3,859,0,0.015221,0.733301,-0.034394,1256000,10588.4
1257,1000,66.9083,9,0.18,,1,0,4,1.7854,0,0,0.0,485.1,219,0,0.014927,0.857043,-0.206706,1257000,10597.1
1258,1000,94.0107,11,0.22,,1,0,5,2.2776,0,0,0.0158,532.8,598,0,0.014681,0.786177,-0.167746,1258000,10605.8
1259,1000,114.2151,10,0.2,,1,0,5,2.0616,1,0,0.0,488.1,607,0,0.014905,1.138086,-0.643875,1259000,10614.1
1260,1000,148.0622,14,0.28,,1,0,9,3.5,1,11,0.0315,594.6,847,0,0.015126,0.860526,0.036523,1260000,10622.6
1261,1000,71.2566,10,0.2,,1,0,5,2.0616,0,161,0.1077,786.7,453,0,0.015528,1.150649,-0.798493,1261000,10631.1
1262,1000,67.9946,10,0.2,,1,0,5,2.0616,0,1,0.0,499.3,756,0,0.015148,1.072949,-0.136367,1262000,10639.5
1263,1000,75.3454,9,0.18,,1,0,4,1.7854,0,0,0.0465,502.5,176,0,0.015314,0.8081,-0.474021,1263000,10647.8
1264,1000,35.1879,10,0.2,,1,0,5,2.0616,0,0,0.0105,502.5,763,0,0.015407,0.955892,-0.127682,1264000,10656.0
1265,1000,122.678,11,0.22,,1,0,6,2.3848,1,2,0.0168,513.3,714,0,0.015121,0.96068,0.106176,1265000,10664.4
1266,1000,77.0032,10,0.2,,1,0,5,2.0616,0,47,0.1025,670.7,208,0,0.015044,1.349868,-0.299683,1266000,10672.9
1267,1000,103.8129,10,0.2,,1,0,5,2.0616,1,135,0.0442,547.6,129,0,0.014944,0.818878,-0.23363,1267000,10681.3
1268,1000,60.0932,10,0.2,,1,0,5,2.0616,0,155,0.1288,669.1,184,0,0.014423,0.936124,-0.297882,1268000,10689.7
1269,1000,137.5157,13,0.26,,1,0,8,3.1125,1,0,0.1125,557.9,959,0,0.014414,0.84007,0.325914,1269000,10698.3
1270,1000,111.1525,11,0.22,,1,0,5,2.2776,1,0,0.0705,502.5,154,0,0.014291,0.647919,0.444291,1270000,10707.0
1271,1000,47.1385,8,0.16,,1,0,4,1.5811,0,0,0.0,439.1,788,0,0.014237,1.427153,-1.157006,1271000,10715.6
1272,1000,122.7622,12,0.24,,1,0,7,2.7386,1,0,0.0275,539.6,995,0,0.013786,0.922697,-1.106941,1272000,10724.2
1273,1000,39.5452,7,0.14,,1,0,4,1.479,0,0,0.1143,502.5,284,0,0.01418,0.977841,-0.572402,1273000,10732.7
1274,1000,25.8596,7,0.14,,1,0,4,1.479,0,6,0.1072,557.1,796,0,0.014416,0.990548,-0.082794,1274000,10741.2
1275,1000,75.8246,9,0.18,,1,0,5,1.9203,0,0,0.103,544.2,320,0,0.014071,0.79704,-0.323899,1275000,10750.2
1276,1000,106.9077,12,0.24,,1,0,7,2.7386,1,0,0.0462,502.5,533,0,0.014171,0.917275,-0.130203,1276000,10758.7
1277,1000,105.3041,10,0.2,,2,0,5,2.5,1,0,0.0057,501.3,843,0,0.014171,0.772904,-0.15963,1277000,10767.3
1278,1000,103.3748,10,0.2,,2,0,6,2.5981,1,0,0.0005,505.1,706,0,0.014123,0.985455,0.15553,1278000,10775.3
1279,1000,121.1017,10,0.2,,1,0,5,2.0616,1,1,0.0508,535.8,417,0,0.013733,1.115206,-0.680947,1279000,10783.6
1280,1000,66.0382,8,0.16,,1,0,4,1.5811,0,0,0.002,500.9,862,0,0.013694,0.581076,-0.303586,1280000,10792.1
1281,1000,111.4091,10,0.2,,1,0,5,2.0616,1,9,0.1593,515.7,175,0,0.013806,1.248427,-0.276801,1281000,10800.3
1282,1000,48.6726,9,0.18,,2,0,5,2.2776,0,0,0.118,531.9,294,0,0.013594,0.832621,-0.262074,1282000,10808.4
1283,1000,160.9198,11,0.22,,1,0,5,2.2776,2,6,0.0437,502.5,348,0,0.01371,0.680665,-0.135518,1283000,10816.8
1284,1000,153.2324,11,0.22,,1,0,5,2.2776,2,281,0.118,658.9,261,0,0.013707,0.926297,-0.028918,1284000,10824.9
1285,1000,44.1442,10,0.2,,1,0,5,2.0616,0,0,0.0003,500.5,269,0,0.013511,0.830527,-0.124761,1285000,10832.9
1286,1000,185.0362,13,0.26,,2,0,8,3.4187,2,25,0.117,668.1,825,0,0.013799,0.918091,-0.530323,1286000,10841.3
1287,1000,155.8985,11,0.22,,1,0,5,2.2776,2,221,0.0855,574.2,393,0,0.013858,1.496816,-0.26595,1287000,10849.6
1288,1000,89.9206,10,0.2,,1,0,5,2.0616,1,526,0.0828,595.3,803,0,0.014245,0.823343,-0.857529,1288000,10858.1
1289,1000,141.5657,12,0.24,,1,0,7,2.7386,1,0,0.061,569.4,865,0,0.01397,0.808801,-0.738822,1289000,10866.6
1290,1000,172.3404,13,0.26,,1,0,7,2.8614,2,401,0.1303,580.6,599,0,0.01395,0.751178,-0.046508,1290000,10874.8
1291,1000,79.279,10,0.2,,1,0,5,2.0616,0,300,0.2785,684.5,637,0,0.014293,0.973524,-0.234746,1291000,10883.0
1292,1000,90.8296,10,0.2,,1,0,5,2.0616,0,2,0.004,514.8,528,0,0.014325,0.804174,-0.610481,1292000,10891.7
1293,1000,68.9554,9,0.18,,1,0,5,1.9203,0,0,0.172,660.5,288,0,0.013999,0.696231,-0.157259,1293000,10900.0
1294,1000,51.1998,9,0.18,,1,0,4,1.7854,0,0,0.001,506.6,921,0,0.014098,1.603861,-0.328423,1294000,10908.2
1295,1000,68.4713,9,0.18,,1,0,4,1.7854,0,0,0.0953,549.5,101,0,0.013831,0.713956,-0.43042,1295000,10916.5
1296,1000,37.8931,7,0.14,,1,0,3,1.299,0,379,0.2313,759.6,512,0,0.014329,0.781553,-0.053187,1296000,10924.7
1297,1000,98.3908,11,0.22,,1,0,5,2.2776,0,0,0.1075,558.8,233,0,0.014261,1.02827,-0.696704,1297000,10933.1
1298,1000,72.9249,10,0.2,,1,0,5,2.0616,0,0,0.0305,538.2,201,0,0.014435,0.76375,-0.553813,1298000,10941.4
1299,1000,85.6842,11,0.22,,1,0,5,2.2776,0,402,0.1497,597.7,409,0,0.01433,0.774965,-0.701361,1299000,10949.4
1300,1000,60.0864,10,0.2,,2,0,5,2.5,0,0,0.0155,561.0,351,0,0.013969,1.068494,-0.275998,1300000,10958.1
1301,1000,128.0034,11,0.22,,1,0,5,2.2776,1,0,0.0747,571.8,193,0,0.014147,1.210127,-0.963534,1301000,10967.0
1302,1000,165.1478,15,0.3,,1,0,10,3.8971,1,37,0.1177,556.9,902,0,0.014211,0.836423,-1.02607,1302000,10975.8
1303,1000,84.4707,10,0.2,,1,0,5,2.0616,0,88,0.0917,527.1,169,0,0.013814,0.838842,-0.769831,1303000,10985.0
1304,1000,93.7053,11,0.22,,1,0,5,2.2776,0,19,0.0428,596.5,482,0,0.013769,0.963807,-0.480009,1304000,10992.9
1305,1000,89.8755,11,0.22,,1,0,5,2.2776,0,0,0.0,485.0,959,0,0.01362,0.762859,-0.400082,1305000,11001.1
1306,1000,40.6153,7,0.14,,1,0,3,1.299,0,44,0.1328,502.5,120,0,0.013876,0.67839,-0.672518,1306000,11009.1
1307,1000,121.4915,13,0.26,,1,0,5,2.0463,0,51,0.3688,595.8,414,0,0.013854,0.520941,-0.670777,1307000,11017.2
1308,1000,84.7039,10,0.2,,1,0,5,2.0616,0,1,0.1875,562.6,605,0,0.013822,0.851368,0.028175,1308000,11025.2
1309,1000,75.4995,10,0.2,,1,0,5,2.0616,0,373,0.2198,629.5,863,0,0.01378,0.603855,-0.087519,1309000,11033.3
1310,1000,131.4884,12,0.24,,2,0,7,3.0822,1,23,0.238,526.5,785,0,0.013841,0.819442,0.156654,1310000,11041.6
1311,1000,193.9506,15,0.3,,2,0,9,3.8971,2,188,0.1027,723.9,868,0,0.013437,0.664861,-0.357183,1311000,11050.0
1312,1000,112.45,11,0.22,,2,0,7,2.9475,1,6,0.0192,528.7,810,0,0.013232,0.786069,-0.731687,1312000,11058.6
1313,1000,127.9103,11,0.22,,1,0,5,2.2776,1,108,0.1578,602.9,763,0,0.013253,0.739474,-0.411439,1313000,11067.0
1314,1000,41.6351,6,0.12,,2,0,4,1.6583,0,256,0.1893,806.9,902,0,0.013236,0.570507,0.248961,1314000,11075.6
1315,1000,124.1654,11,0.22,,2,0,8,3.2692,1,369,0.021,559.9,997,0,0.013006,0.924661,0.020125,1315000,11084.0
1316,1000,87.2977,11,0.22,,1,0,5,1.9203,0,6,0.0063,531.1,479,0,0.013096,0.812164,-0.221243,1316000,11092.6
1317,1000,115.1431,11,0.22,,1,0,5,2.2776,1,3,0.1588,525.3,210,0,0.012933,0.772182,-0.030499,1317000,11101.0
1318,1000,101.3068,11,0.22,,1,0,5,2.2776,0,0,0.0912,559.2,399,0,0.01305,0.74521,-0.484759,1318000,11109.3
1319,1000,26.4279,7,0.14,,1,0,3,1.299,0,5,0.1335,612.6,123,0,0.013283,0.556638,0.177815,1319000,11118.4
1320,1000,142.4694,13,0.26,,1,0,7,2.8614,1,0,0.0655,539.6,665,0,0.012898,0.77391,-1.098543,1320000,11126.8
1321,1000,64.1913,8,0.16,,1,0,5,1.8708,0,220,0.278,585.9,644,0,0.01328,0.91348,-0.307675,1321000,11135.3
1322,1000,84.8425,11,0.22,,1,0,5,2.2776,0,0,0.0843,643.7,588,0,0.013146,0.760105,-1.182958,1322000,11143.4
1323,1000,151.5958,13,0.26,,2,0,8,3.4187,1,54,0.0665,709.9,885,0,0.013061,1.558467,-0.597751,1323000,11151.6
1324,1000,158.4892,13,0.26,,1,0,7,2.8614,1,0,0.0512,654.1,756,0,0.013127,0.799481,-0.110685,1324000,11160.1
1325,1000,83.7909,10,0.2,,2,0,5,2.5,0,20,0.1175,720.0,360,0,0.012977,0.777543,-0.459599,1325000,11168.4
1326,1000,73.3768,10,0.2,,1,0,5,2.0616,0,0,0.1335,504.6,173,0,0.012958,0.96982,-0.604433,1326000,11176.5
1327,1000,137.674,13,0.26,,1,0,7,2.8614,1,44,0.0712,518.3,664,0,0.013122,0.752196,0.197078,1327000,11184.7
1328,1000,132.7698,12,0.24,,1,0,6,2.5495,1,0,0.0467,666.2,793,0,0.013461,1.077007,0.033129,1328000,11193.0
1329,1000,124.4177,11,0.22,,1,0,6,2.3848,1,0,0.0192,568.1,440,0,0.013307,0.694635,-1.121867,1329000,11201.8
1330,1000,120.1898,11,0.22,,1,0,5,1.9203,1,106,0.1383,594.7,429,0,0.013011,1.104153,-0.266081,1330000,11210.4
1331,1000,47.4165,7,0.14,,1,0,4,1.479,0,276,0.1775,584.3,819,0,0.013021,1.166759,-0.458063,1331000,11219.4
1332,1000,161.0168,14,0.28,,1,0,8,3.2016,1,129,0.1077,637.3,954,0,0.013082,0.50361,-0.474402,1332000,11228.0
1333,1000,93.9964,11,0.22,,1,0,5,2.2776,0,0,0.1192,657.9,355,0,0.013171,0.578941,-0.09037,1333000,11236.8
1334,1000,109.8265,13,0.26,,1,0,5,2.0463,0,332,0.2647,589.5,677,0,0.013526,0.793006,-0.848991,1334000,11245.3
1335,1000,90.7247,11,0.22,,1,0,5,2.2776,0,189,0.108,575.3,702,0,0.013672,1.873828,-0.171279,1335000,11253.7
1336,1000,52.5736,7,0.14,,1,0,5,1.9203,0,0,0.1742,564.2,136,0,0.01347,0.70201,-0.822043,1336000,11262.5
1337,1000,90.6014,11,0.22,,1,0,5,2.2776,0,0,0.0343,574.0,356,0,0.013349,0.702273,-0.884396,1337000,11270.9
1338,1000,121.1387,10,0.2,,1,0,5,2.0616,1,0,0.0045,521.8,712,0,0.013083,1.066951,-0.555574,1338000,11279.3
1339,1000,71.7272,9,0.18,,1,0,5,1.7854,0,861,0.2402,776.9,667,0,0.013276,0.842029,-0.27461,1339000,11288.1
1340,1000,86.3154,10,0.2,,1,0,5,2.0616,0,0,0.226,597.3,979,0,0.013645,0.843998,-0.7335,1340000,11296.8
1341,1000,144.7452,12,0.24,,1,0,7,2.7386,1,45,0.107,560.5,663,0,0.013242,0.700744,-0.212318,1341000,11305.4
1342,1000,106.7259,10,0.2,,1,0,5,2.0616,1,0,0.0,384.6,149,0,0.013277,1.072218,-0.341867,1342000,11314.2
1343,1000,120.8806,12,0.24,,1,0,6,2.5495,1,37,0.0,499.0,997,0,0.013418,1.17398,-0.175401,1343000,11322.8
1344,1000,64.0035,9,0.18,,1,0,4,1.7854,0,101,0.1698,681.3,466,0,0.013307,0.659218,-0.291974,1344000,11331.5
1345,1000,77.7406,10,0.2,,1,0,5,2.0616,0,62,0.019,661.1,346,0,0.013231,0.65965,0.107321,1345000,11339.7
1346,1000,81.5345,10,0.2,,1,0,5,2.0616,0,0,0.164,570.9,341,0,0.013606,0.687339,-0.784422,1346000,11347.6
1347,1000,143.8963,13,0.26,,1,0,9,3.4911,1,486,0.148,650.0,653,0,0.013765,0.809335,0.272167,1347000,11355.7
1348,1000,165.0807,11,0.22,,1,0,5,2.2776,2,42,0.0783,549.1,528,0,0.013642,0.595742,-0.54539,1348000,11363.9
1349,1000,191.6626,15,0.3,,1,0,9,3.562,2,218,0.0638,598.0,923,0,0.013772,0.698573,0.230265,1349000,11372.3
1350,1000,63.7428,9,0.18,,1,0,4,1.7854,0,0,0.1288,595.2,879,0,0.01431,0.734882,0.205511,1350000,11380.4
1351,1000,97.5372,11,0.22,,1,0,5,2.2776,0,0,0.04,550.8,600,0,0.014244,0.786444,0.115582,1351000,11388.5
1352,1000,109.844,10,0.2,,1,0,5,2.0616,1,0,0.1072,634.2,257,0,0.014576,0.739307,-0.242648,1352000,11396.4
1353,1000,131.5711,12,0.24,,1,0,6,2.5495,1,4,0.1323,561.9,930,0,0.014824,0.616786,0.295073,1353000,11404.5
1354,1000,86.6093,10,0.2,,1,0,5,2.0616,0,86,0.0508,514.5,259,0,0.014561,0.768239,0.160258,1354000,11412.8
1355,1000,139.4121,11,0.22,,1,0,5,2.2776,1,0,0.1075,672.5,779,0,0.01436,0.907536,-0.086626,1355000,11421.0
1356,1000,79.6498,11,0.22,,1,0,5,2.2776,0,0,0.061,642.0,877,0,0.014243,0.911888,0.84789,1356000,11429.2
1357,1000,68.8397,10,0.2,,2,0,5,2.5,0,456,0.1325,571.4,955,0,0.014268,0.835052,0.445717,1357000,11437.3
1358,1000,67.3431,10,0.2,,1,0,5,2.0616,0,0,0.0418,509.2,318,0,0.014339,0.78274,0.550803,1358000,11445.8
1359,1000,105.8362,12,0.24,,1,0,5,2.1213,0,186,0.1363,533.8,299,0,0.0144,0.8752,-0.094622,1359000,11453.9
1360,1000,133.9707,12,0.24,,1,0,7,2.7386,1,14,0.025,549.8,960,0,0.014453,0.613399,-0.997017,1360000,11462.1
1361,1000,55.3041,8,0.16,,1,0,5,1.8708,0,1,0.17,514.4,263,0,0.014497,1.06608,-0.214055,1361000,11470.2
1362,1000,148.1568,13,0.26,,1,0,6,2.3848,1,90,0.0858,547.3,938,0,0.014427,1.198537,0.25975,1362000,11478.5
1363,1000,-19.3797,5,0.1,,2,0,3,1.299,0,0,0.0333,592.0,107,0,0.014036,0.937222,0.33697,1363000,11486.9
1364,1000,87.6243,10,0.2,,1,0,5,2.0616,0,366,0.1842,545.1,510,0,0.014311,0.759193,0.417582,1364000,11495.1
1365,1000,88.7257,10,0.2,,2,0,5,2.5,0,53,0.1313,531.4,999,0,0.014768,0.686538,0.010514,1365000,11503.1
1366,1000,101.8585,11,0.22,,1,0,5,2.2776,0,47,0.037,517.7,633,0,0.014827,0.793144,0.373365,1366000,11511.5
1367,1000,113.7938,12,0.24,,1,0,5,2.1213,0,51,0.1405,623.5,397,0,0.014452,1.065478,0.477871,1367000,11519.8
1368,1000,174.0689,12,0.24,,1,0,6,2.5495,2,0,0.016,525.5,992,0,0.014686,0.791161,-0.053422,1368000,11528.0
1369,1000,129.7623,11,0.22,,1,0,5,2.2776,1,0,0.0213,543.6,168,0,0.014869,0.613159,0.57143,1369000,11536.2
1370,1000,94.2492,10,0.2,,1,0,5,2.0616,0,0,0.0922,606.8,829,0,0.014808,0.915656,-0.121914,1370000,11544.4
1371,1000,125.329,10,0.2,,1,0,5,2.0616,1,13,0.03,507.0,753,0,0.014829,0.80585,-0.040905,1371000,11552.5
1372,1000,98.9498,10,0.2,,1,0,5,2.0616,1,24,0.0565,507.3,426,0,0.014712,0.645761,-0.188523,1372000,11560.7
1373,1000,88.5286,10,0.2,,1,0,5,2.0616,0,7,0.081,548.2,719,0,0.014986,0.691786,-0.725343,1373000,11568.6
1374,1000,55.0856,8,0.16,,1,0,4,1.5811,0,0,0.0717,511.2,700,0,0.014781,2.89011,0.112224,1374000,11576.9
1375,1000,146.3808,12,0.24,,1,0,6,2.5495,2,33,0.0115,546.0,857,0,0.014901,0.829969,-0.622421,1375000,11585.3
1376,1000,92.4738,11,0.22,,1,0,5,1.9203,0,0,0.0707,649.2,405,0,0.014876,0.774978,-0.197283,1376000,11593.8
1377,1000,75.9487,9,0.18,,2,0,5,2.2776,0,10,0.1247,676.9,603,0,0.014959,0.925676,-0.735894,1377000,11602.3
1378,1000,68.5437,8,0.16,,2,0,5,2.1213,0,0,0.1227,502.5,889,0,0.014766,0.742592,-0.967451,1378000,11610.6
1379,1000,35.4466,7,0.14,,0,1,2,0.433,0,415,0.252,572.7,952,0,0.015186,0.781163,-0.088055,1379000,11618.9
1380,1000,45.6451,7,0.14,,1,0,4,1.479,0,0,0.0,488.1,376,0,0.014991,0.623561,-1.321924,1380000,11627.4
1381,1000,67.3614,10,0.2,,1,0,5,2.0616,0,27,0.1295,606.8,362,0,0.01532,0.874512,-0.250162,1381000,11636.2
1382,1000,77.2144,10,0.2,,1,0,5,2.0616,0,0,0.0432,525.4,296,0,0.015282,0.721211,-0.508078,1382000,11644.6
1383,1000,55.1364,8,0.16,,1,0,4,1.5811,0,179,0.0828,529.4,155,0,0.015142,0.663988,0.744633,1383000,11653.0
1384,1000,57.8916,8,0.16,,1,0,5,1.8708,0,121,0.0935,541.2,714,0,0.01566,1.041324,-0.428644,1384000,11661.4
1385,1000,70.2734,9,0.18,,1,0,4,1.7854,0,0,0.104,557.6,555,0,0.015696,0.894266,-0.764252,1385000,11669.4
1386,1000,133.8925,11,0.22,,1,0,6,2.3848,1,0,0.0328,558.3,855,0,0.015162,0.770349,-0.625523,1386000,11677.8
1387,1000,97.5541,11,0.22,,1,0,5,2.2776,0,0,0.0907,576.1,909,0,0.015279,0.85629,-1.182628,1387000,11686.3
1388,1000,90.0757,11,0.22,,1,0,5,1.9203,0,0,0.0018,502.5,499,0,0.015167,0.741311,-0.921958,1388000,11694.8
1389,1000,111.9044,10,0.2,,1,0,6,2.2913,1,234,0.139,593.9,784,0,0.015674,0.715418,-1.201063,1389000,11704.1
1390,1000,50.0263,7,0.14,,2,0,4,1.7854,0,15,0.1045,603.0,442,0,0.015941,0.854267,-0.416545,1390000,11712.9
1391,1000,109.3494,10,0.2,,1,0,5,2.0616,1,0,0.0305,537.7,288,0,0.015923,0.786298,-1.15975,1391000,11721.4
1392,1000,113.5075,10,0.2,,1,0,5,2.0616,1,0,0.1797,588.0,286,0,0.016011,0.651915,-0.199996,1392000,11729.8
1393,1000,120.984,10,0.2,,1,0,5,2.0616,1,0,0.0455,524.3,848,0,0.015959,0.741806,-0.762952,1393000,11738.1
1394,1000,76.7825,10,0.2,,1,0,5,2.0616,0,46,0.1427,615.2,983,0,0.016212,0.676722,-0.152796,1394000,11746.5
1395,1000,32.2542,6,0.12,,1,0,4,1.5,0,12,0.122,524.9,105,0,0.016251,0.781087,-0.567521,1395000,11755.1
1396,1000,144.0459,12,0.24,,1,0,7,2.7386,1,95,0.0592,527.5,882,0,0.01629,0.961528,-0.704294,1396000,11763.6
1397,1000,62.1642,8,0.16,,1,0,4,1.5811,0,0,0.0413,598.8,837,0,0.016087,0.702832,-0.67786,1397000,11771.6
1398,1000,128.4456,11,0.22,,1,0,5,2.2776,1,0,0.0907,598.3,591,0,0.016117,0.723827,-0.387543,1398000,11779.9
1399,1000,74.2507,10,0.2,,1,0,5,2.0616,0,0,0.1172,536.2,678,0,0.015681,0.87823,-0.616088,1399000,11787.8
1400,1000,30.5387,6,0.12,,1,0,4,1.5,0,0,0.2485,583.5,948,0,0.015756,0.667203,-0.453255,1400000,11796.5
1401,1000,89.7662,11,0.22,,1,0,5,1.9203,0,0,0.0055,502.5,913,0,0.015749,0.810299,-0.444726,1401000,11804.8
1402,1000,117.8672,11,0.22,,1,0,5,2.2776,1,0,0.0088,554.1,851,0,0.015409,0.899976,-0.908827,1402000,11813.2
1403,1000,94.2088,11,0.22,,1,0,5,2.2776,0,0,0.0,483.7,636,0,0.01542,0.752144,-0.676961,1403000,11821.4
1404,1000,72.1206,10,0.2,,1,0,5,1.8028,0,10,0.2115,679.3,239,0,0.015535,0.812182,-0.549723,1404000,11829.9
1405,1000,179.1467,12,0.24,,1,0,6,2.5495,2,49,0.1123,626.3,763,0,0.015374,1.389304,-0.192214,1405000,11838.5
1406,1000,99.6148,10,0.2,,1,0,5,2.0616,1,0,0.0132,542.9,258,0,0.015367,0.74866,-0.059531,1406000,11847.2
1407,1000,98.4128,10,0.2,,1,0,5,2.0616,1,0,0.102,619.8,129,0,0.015351,1.044116,-0.349044,1407000,11855.4
1408,1000,92.5242,11,0.22,,1,0,5,2.2776,0,0,0.112,582.6,300,0,0.015404,0.60279,-0.699692,1408000,11863.4
1409,1000,85.3219,11,0.22,,1,0,5,2.2776,0,106,0.0683,570.3,269,0,0.015337,0.767783,-0.686182,1409000,11871.6
1410,1000,103.5072,11,0.22,,1,0,5,2.2776,0,31,0.0163,528.4,255,0,0.015219,0.77365,-0.550439,1410000,11879.9
1411,1000,94.4995,11,0.22,,1,0,5,2.2776,0,24,0.1865,783.8,988,0,0.015722,0.738629,-1.253287,1411000,11888.4
1412,1000,100.498,12,0.24,,1,0,5,2.1213,0,255,0.1412,664.4,195,0,0.015513,1.032878,-1.005028,1412000,11897.2
1413,1000,108.6679,10,0.2,,1,0,5,2.0616,1,9,0.1075,596.9,195,0,0.015243,0.643692,-0.493365,1413000,11906.2
1414,1000,135.405,11,0.22,,1,0,5,2.2776,1,7,0.085,591.0,934,0,0.015021,1.296546,-0.989113,1414000,11915.1
1415,1000,63.27,10,0.2,,1,0,5,2.0616,0,71,0.1425,599.6,704,0,0.01502,0.971573,-0.184272,1415000,11923.6
1416,1000,125.925,12,0.24,,1,0,5,2.1213,1,34,0.0203,503.6,773,0,0.014973,0.813589,-1.179531,1416000,11931.6
1417,1000,117.5286,10,0.2,,2,0,5,2.5,1,198,0.1087,654.1,897,0,0.015137,0.739018,-0.946654,1417000,11940.2
1418,1000,72.7038,8,0.16,,1,0,5,1.8708,0,0,0.1715,546.5,260,0,0.015226,0.712373,-0.666504,1418000,11948.6
1419,1000,70.9492,10,0.2,,1,0,5,2.0616,0,52,0.059,516.3,214,0,0.014967,0.724733,-0.961578,1419000,11956.9
1420,1000,69.0076,10,0.2,,1,0,5,2.0616,0,0,0.0955,527.4,111,0,0.014702,0.800455,0.372482,1420000,11965.1
1421,1000,81.618,11,0.22,,1,0,5,2.2776,0,0,0.0508,502.6,307,0,0.014516,0.679034,-1.065298,1421000,11973.3
1422,1000,95.0711,11,0.22,,1,0,5,2.2776,0,106,0.0732,566.4,364,0,0.014425,1.345101,-0.721687,1422000,11981.5
1423,1000,111.9942,10,0.2,,1,0,5,2.0616,1,41,0.0067,519.8,391,0,0.014333,0.829855,-0.699053,1423000,11989.5
1424,1000,83.8476,10,0.2,,1,0,5,2.0616,0,0,0.0245,527.7,153,0,0.014467,0.849873,-0.213098,1424000,11997.5
1425,1000,130.6448,11,0.22,,1,0,5,2.2776,1,0,0.0127,502.5,893,0,0.014531,1.742786,-0.445024,1425000,12005.9
1426,1000,144.629,12,0.24,,1,0,6,2.5495,1,45,0.0285,559.8,946,0,0.014268,0.890543,-0.854188,1426000,12013.8
1427,1000,81.6723,10,0.2,,1,0,5,2.0616,0,124,0.035,628.7,601,0,0.014403,0.845404,-0.51032,1427000,12021.8
1428,1000,118.2271,11,0.22,,1,0,5,2.2776,1,147,0.079,531.6,193,0,0.014569,0.710798,0.430335,1428000,12029.8
1429,1000,152.3774,11,0.22,,1,0,5,2.2776,2,0,0.079,615.0,512,0,0.014495,1.188787,-0.441875,1429000,12037.9
1430,1000,93.3632,10,0.2,,1,0,5,2.0616,0,0,0.0428,529.6,948,0,0.014378,0.66365,0.078955,1430000,12046.1
1431,1000,104.3898,11,0.22,,1,0,5,2.2776,0,233,0.1395,590.4,562,0,0.014046,0.863132,-0.146268,1431000,12054.1
1432,1000,172.042,12,0.24,,0,1,5,2.0,2,0,0.1098,562.7,665,0,0.014305,0.98546,-1.351577,1432000,12062.1
1433,1000,97.9773,11,0.22,,1,0,5,2.2776,0,29,0.1378,603.5,549,0,0.014238,0.907766,-0.580786,1433000,12070.1
1434,1000,157.9025,11,0.22,,1,0,5,2.2776,2,18,0.04,598.9,593,0,0.013878,0.928771,-0.097269,1434000,12078.2
1435,1000,73.2765,9,0.18,,1,0,5,1.7854,0,0,0.2127,512.4,195,0,0.013911,1.000359,-0.479591,1435000,12086.4
1436,1000,108.5031,11,0.22,,1,0,5,2.2776,1,718,0.1395,580.6,382,0,0.014034,1.135045,-1.197303,1436000,12094.5
1437,1000,114.0242,10,0.2,,1,0,5,2.0616,1,0,0.1435,598.3,343,0,0.014241,0.703809,-0.748833,1437000,12103.2
1438,1000,85.4918,11,0.22,,1,0,5,2.2776,0,623,0.1722,730.8,906,0,0.014191,0.78349,-0.440438,1438000,12111.7
1439,1000,100.1182,10,0.2,,1,0,5,2.0616,1,5,0.063,502.5,601,0,0.014092,0.695853,-0.774523,1439000,12120.1
1440,1000,32.9777,7,0.14,,1,0,3,1.299,0,6,0.082,577.7,64,0,0.014109,0.857281,-0.445406,1440000,12128.2
1441,1000,78.4767,11,0.22,,1,0,5,2.2776,0,0,0.0848,620.0,256,0,0.014202,0.917615,-0.426887,1441000,12136.4
1442,1000,76.7869,9,0.18,,1,0,4,1.7854,0,26,0.0838,507.4,390,0,0.014269,0.736223,-0.34324,1442000,12145.0
1443,1000,86.8176,11,0.22,,1,0,5,2.2776,0,2,0.3282,634.7,506,0,0.014547,0.765228,-0.140119,1443000,12153.1
1444,1000,117.4383,13,0.26,,1,0,5,2.0463,0,144,0.2157,646.3,780,0,0.014482,0.616158,0.248494,1444000,12161.2
1445,1000,166.2207,12,0.24,,1,0,5,2.1213,2,0,0.1057,527.1,435,0,0.014439,1.558477,-0.752114,1445000,12169.3
1446,1000,70.3583,9,0.18,,1,0,5,1.9203,0,747,0.1995,638.5,610,0,0.014724,0.583402,0.007229,1446000,12177.4
1447,1000,78.9384,11,0.22,,1,0,5,2.2776,0,122,0.1192,697.5,390,0,0.014993,0.722747,-0.582115,1447000,12186.0
1448,1000,49.4575,8,0.16,,1,0,4,1.5811,0,110,0.201,572.4,500,0,0.014676,0.866276,-0.460957,1448000,12194.5
1449,1000,89.6688,10,0.2,,1,0,5,2.0616,0,1,0.1832,571.6,752,0,0.0146,0.828136,0.008985,1449000,12202.5
1450,1000,167.9939,12,0.24,,1,0,6,2.5495,2,0,0.0727,600.7,967,0,0.014173,0.77822,-0.228372,1450000,12210.6
1451,1000,99.6373,10,0.2,,1,0,5,2.0616,0,3,0.096,538.0,373,0,0.014378,0.586905,0.299081,1451000,12219.0
1452,1000,63.7921,9,0.18,,1,0,4,1.7854,0,189,0.2285,647.1,583,0,0.014189,0.661354,-0.571719,1452000,12228.1
1453,1000,152.7346,13,0.26,,1,0,7,2.8614,1,10,0.09,659.3,910,0,0.014357,0.781095,0.187547,1453000,12236.5
1454,1000,65.7981,8,0.16,,1,0,4,1.5811,0,29,0.1857,582.4,714,0,0.014422,0.688747,0.388011,1454000,12244.7
1455,1000,74.3431,11,0.22,,1,0,5,1.9203,0,322,0.1535,566.0,416,0,0.014623,1.098216,-0.164159,1455000,12253.7
1456,1000,90.0215,10,0.2,,1,0,5,2.0616,0,7,0.1457,602.1,883,0,0.014828,0.93571,0.046692,1456000,12262.5
1457,1000,75.5032,9,0.18,,2,0,5,2.2776,0,731,0.2008,789.0,915,0,0.01458,0.694893,0.228282,1457000,12270.8
1458,1000,88.6797,11,0.22,,1,0,5,2.2776,0,25,0.1293,658.7,786,0,0.014711,1.201217,-0.479293,1458000,12279.0
1459,1000,84.2407,10,0.2,,1,0,5,2.0616,0,0,0.0338,530.9,178,0,0.01465,0.648983,-0.792233,1459000,12287.3
1460,1000,102.78,11,0.22,,1,0,5,2.2776,0,340,0.163,677.6,229,0,0.014554,0.605063,0.131209,1460000,12295.4
1461,1000,78.4697,9,0.18,,1,0,4,1.7854,0,0,0.053,668.3,404,0,0.014485,0.754882,0.345677,1461000,12303.9
1462,1000,104.3044,12,0.24,,1,0,5,2.1213,0,0,0.0573,554.5,794,0,0.014436,0.852063,-0.607709,1462000,12312.1
1463,1000,100.2739,11,0.22,,1,0,5,2.2776,0,0,0.077,651.5,153,0,0.014232,0.981368,0.72608,1463000,12320.6
1464,1000,46.2245,6,0.12,,1,0,3,1.118,0,0,0.1727,510.4,123,0,0.014163,0.588862,0.412263,1464000,12329.2
1465,1000,94.3212,11,0.22,,1,0,5,2.2776,0,0,0.338,673.9,282,0,0.014034,0.735184,-0.06147,1465000,12337.4
1466,1000,96.1192,11,0.22,,1,0,5,2.2776,0,189,0.2462,736.4,161,0,0.013911,1.043231,-0.124006,1466000,12345.7
1467,1000,58.4475,7,0.14,,2,0,5,2.0463,0,0,0.019,521.7,999,0,0.014339,0.764064,-0.180279,1467000,12354.1
1468,1000,86.1389,9,0.18,,1,0,5,1.7854,0,100,0.13,666.1,626,0,0.014125,0.537216,-0.59155,1468000,12362.7
1469,1000,114.9232,11,0.22,,1,0,5,2.2776,1,67,0.0887,671.4,887,0,0.013833,0.670914,0.651592,1469000,12371.5
1470,1000,56.8914,7,0.14,,1,0,3,1.299,0,218,0.2477,650.1,707,0,0.014106,0.714469,-0.345727,1470000,12380.3
1471,1000,38.4915,7,0.14,,1,0,4,1.479,0,0,0.0,499.5,65,0,0.014101,0.871435,-0.48549,1471000,12388.7
1472,1000,89.5262,11,0.22,,1,0,5,2.2776,0,390,0.2155,657.9,674,0,0.01406,0.609164,-0.137809,1472000,12397.1
1473,1000,71.0212,10,0.2,,1,0,5,2.0616,0,0,0.087,621.0,716,0,0.014391,1.905683,-0.036816,1473000,12405.4
1474,1000,72.2912,10,0.2,,1,0,5,2.0616,0,167,0.1552,698.5,195,0,0.014386,0.734,-0.448753,1474000,12414.1
1475,1000,119.143,10,0.2,,1,0,5,2.0616,1,0,0.1625,626.1,368,0,0.014432,0.669626,-0.469157,1475000,12422.5
1476,1000,147.4315,12,0.24,,1,0,5,2.1213,2,0,0.0375,521.2,369,0,0.014132,0.825467,-0.388615,1476000,12431.2
1477,1000,146.2359,12,0.24,,1,0,6,2.5495,1,110,0.1568,632.2,995,0,0.014166,0.831261,-0.102849,1477000,12439.4
1478,1000,65.1304,9,0.18,,1,0,4,1.7854,0,0,0.0945,543.7,304,0,0.014102,0.61992,0.127027,1478000,12447.6
1479,1000,74.2692,9,0.18,,1,0,5,1.9203,0,0,0.0848,533.2,534,0,0.014092,0.606469,-0.117717,1479000,12455.9
1480,1000,62.3295,9,0.18,,1,0,4,1.7854,0,189,0.1485,584.3,720,0,0.01404,0.9234,0.208555,1480000,12464.3
1481,1000,60.0321,8,0.16,,1,0,4,1.5811,0,80,0.1482,589.4,995,0,0.01447,0.712609,-0.28889,1481000,12472.8
1482,1000,44.4055,6,0.12,,1,0,4,1.5,0,106,0.0765,544.2,704,0,0.014208,1.281088,-0.932291,1482000,12481.4
1483,1000,90.8919,10,0.2,,1,0,5,1.8028,0,0,0.011,534.8,951,0,0.014103,0.957035,0.573496,1483000,12489.7
1484,1000,93.5491,10,0.2,,1,0,5,2.0616,0,20,0.0995,534.1,761,0,0.014184,0.854264,0.30431,1484000,12498.5
1485,1000,101.4837,11,0.22,,1,0,5,1.9203,0,0,0.1817,585.6,443,0,0.01418,0.740049,-0.105479,1485000,12507.1
1486,1000,89.2277,11,0.22,,1,0,5,2.2776,0,0,0.3078,659.0,651,0,0.014126,0.755199,-0.285522,1486000,12515.7
1487,1000,146.2467,12,0.24,,1,0,6,2.5495,1,132,0.1057,572.9,964,0,0.014337,0.732897,-0.383288,1487000,12523.9
1488,1000,121.8543,11,0.22,,1,0,5,2.2776,1,89,0.0605,519.9,183,0,0.014147,0.833111,-0.461803,1488000,12532.3
1489,1000,88.5405,10,0.2,,1,0,5,2.0616,0,0,0.2263,675.8,878,0,0.013986,1.130425,-0.626577,1489000,12540.5
1490,1000,82.9769,10,0.2,,1,0,5,2.0616,0,19,0.1008,586.2,244,0,0.013748,0.819255,-0.434428,1490000,12549.4
1491,1000,80.6555,10,0.2,,0,1,5,1.5,0,0,0.2228,646.2,951,0,0.01377,0.834946,0.004637,1491000,12557.8
1492,1000,95.965,8,0.16,,1,0,5,1.8708,1,0,0.0143,521.3,461,0,0.013629,1.069916,-0.427072,1492000,12565.9
1493,1000,69.7437,10,0.2,,1,0,5,2.0616,0,714,0.3113,774.3,712,0,0.01379,0.634565,-1.111533,1493000,12574.3
1494,1000,79.016,10,0.2,,1,0,5,2.0616,0,0,0.0192,502.5,973,0,0.013779,0.67679,-0.051825,1494000,12582.9
1495,1000,71.1925,10,0.2,,1,0,5,1.8028,0,24,0.25,686.2,986,0,0.0138,0.73446,-0.429149,1495000,12591.4
1496,1000,138.9429,12,0.24,,1,0,6,2.5495,1,51,0.0418,683.6,759,0,0.014301,0.746108,-0.347973,1496000,12599.9
1497,1000,67.3302,10,0.2,,1,0,5,2.0616,0,66,0.0432,533.1,973,0,0.014197,0.703621,-1.212659,1497000,12608.2
1498,1000,79.098,9,0.18,,1,0,5,1.9203,0,22,0.043,564.6,818,0,0.014388,0.651178,-1.259573,1498000,12616.5
1499,1000,97.4161,11,0.22,,1,0,5,2.2776,0,947,0.2532,683.0,906,0,0.014244,0.695653,-1.229095,1499000,12625.0
1500,1000,118.1666,10,0.2,,1,0,5,2.0616,1,32,0.1072,544.9,418,0,0.014113,0.758679,0.045432,1500000,12632.9
1501,1000,86.9256,11,0.22,,1,0,5,2.2776,0,44,0.0877,569.1,774,0,0.014516,0.701618,-0.547856,1501000,12641.2
1502,1000,95.6775,11,0.22,,1,0,5,2.2776,0,41,0.023,563.9,368,0,0.014359,0.632138,-0.253689,1502000,12649.3
1503,1000,150.5664,13,0.26,,1,0,7,2.8614,1,70,0.0553,595.4,972,0,0.01433,0.75494,-0.080047,1503000,12657.5
1504,1000,63.1244,8,0.16,,1,0,4,1.5811,0,0,0.0,477.1,288,0,0.014238,0.653714,-0.504055,1504000,12665.6
1505,1000,79.4747,9,0.18,,1,0,5,1.9203,0,0,0.0343,542.8,110,0,0.014256,0.682961,-0.235382,1505000,12674.1
1506,1000,123.5399,11,0.22,,1,0,5,2.2776,1,0,0.2782,604.2,322,0,0.01425,0.997568,-0.76557,1506000,12682.8
1507,1000,120.5187,10,0.2,,1,0,5,2.0616,1,0,0.1022,523.0,160,0,0.014142,0.911218,-0.741591,1507000,12691.1
1508,1000,76.9309,10,0.2,,1,0,5,2.0616,0,0,0.0057,539.1,727,0,0.014165,0.679487,-0.074423,1508000,12699.3
1509,1000,124.6615,11,0.22,,1,0,5,2.2776,1,0,0.1472,668.3,213,0,0.013994,0.756831,-0.494993,1509000,12707.7
1510,1000,75.7442,9,0.18,,1,0,5,1.9203,0,171,0.0348,505.2,266,0,0.013982,0.684739,0.111744,1510000,12716.0
1511,1000,113.2199,10,0.2,,1,0,5,2.0616,1,0,0.0,439.9,243,0,0.014085,1.27456,-0.449434,1511000,12724.3
1512,1000,126.7586,11,0.22,,1,0,5,2.2776,1,218,0.1305,619.0,690,0,0.014011,0.921934,-0.63343,1512000,12732.4
1513,1000,116.7045,11,0.22,,1,0,5,1.9203,1,0,0.0158,540.6,409,0,0.013978,0.664126,0.355138,1513000,12740.8
1514,1000,90.5434,11,0.22,,1,0,5,2.2776,0,63,0.2667,689.9,355,0,0.014139,1.217049,-0.029186,1514000,12749.3
1515,1000,78.7298,11,0.22,,1,0,5,2.2776,0,604,0.2577,686.8,901,0,0.014382,0.985014,0.305487,1515000,12757.4
1516,1000,96.9278,11,0.22,,1,0,5,2.2776,0,64,0.0612,615.5,153,0,0.014177,0.683383,-0.142281,1516000,12765.7
1517,1000,46.8316,10,0.2,,1,0,5,2.0616,0,74,0.1638,557.3,884,0,0.013786,0.884644,-0.304668,1517000,12773.9
1518,1000,63.7706,8,0.16,,1,0,5,1.8708,0,398,0.1547,534.6,414,0,0.014214,0.783609,0.090571,1518000,12782.3
1519,1000,51.3414,8,0.16,,2,0,4,2.0,0,19,0.213,648.3,179,0,0.014172,0.667377,-0.001615,1519000,12790.5
1520,1000,85.0795,11,0.22,,1,0,5,2.2776,0,310,0.2025,754.6,425,0,0.014503,0.689545,-0.299688,1520000,12798.7
1521,1000,162.0232,11,0.22,,1,0,5,2.2776,2,55,0.0665,613.2,585,0,0.014351,0.828793,0.185906,1521000,12806.8
1522,1000,71.3031,10,0.2,,1,0,5,2.0616,0,27,0.058,663.0,203,0,0.014345,1.381092,-0.414555,1522000,12815.1
1523,1000,83.7439,10,0.2,,1,0,5,2.0616,0,222,0.0795,651.5,209,0,0.014358,0.668087,-0.171126,1523000,12823.2
1524,1000,105.9808,10,0.2,,1,0,5,2.0616,1,0,0.0445,536.7,760,0,0.014267,0.781163,-0.047568,1524000,12831.5
1525,1000,248.4656,20,0.4,,1,0,10,4.5277,2,3,0.0932,796.2,936,0,0.014236,0.808652,-0.189093,1525000,12839.7
1526,1000,64.8966,9,0.18,,1,0,5,1.9203,0,0,0.0875,513.4,993,0,0.014401,0.564401,0.397847,1526000,12848.0
1527,1000,100.7344,11,0.22,,1,0,5,2.2776,0,5,0.1698,640.1,397,0,0.014449,1.080807,0.335772,1527000,12856.1
1528,1000,126.503,11,0.22,,1,0,5,2.2776,1,0,0.1255,502.5,754,0,0.014564,0.779747,0.389288,1528000,12864.2
1529,1000,129.4381,12,0.24,,1,0,6,2.5495,1,5,0.1062,652.7,765,0,0.014945,0.903685,-0.313297,1529000,12872.6
1530,1000,102.7519,9,0.18,,1,0,5,1.9203,1,0,0.016,572.4,406,0,0.015172,1.24345,-0.254945,1530000,12881.1
1531,1000,62.5431,9,0.18,,2,0,5,2.2776,0,18,0.119,581.6,494,0,0.015319,0.735054,0.178477,1531000,12889.3
1532,1000,122.4929,11,0.22,,1,0,5,2.2776,1,10,0.0747,600.4,310,0,0.014793,0.999994,-0.730844,1532000,12897.5
1533,1000,100.9672,11,0.22,,1,0,5,2.2776,0,0,0.061,590.7,472,0,0.015018,0.815851,-0.261084,1533000,12906.2
1534,1000,109.8797,10,0.2,,1,0,5,2.0616,1,91,0.0902,547.8,386,0,0.014859,0.534387,1.173707,1534000,12914.3
1535,1000,88.2594,11,0.22,,1,0,5,2.2776,0,0,0.1765,592.6,693,0,0.014708,0.805619,-0.005452,1535000,12922.5
1536,1000,86.9557,11,0.22,,1,0,5,2.2776,0,0,0.1918,720.3,271,0,0.015031,1.217916,-0.10125,1536000,12930.7
1537,1000,113.1811,9,0.18,,1,0,5,1.9203,1,1,0.0182,591.1,359,0,0.015179,0.70158,-0.286272,1537000,12939.4
1538,1000,131.0505,11,0.22,,1,0,5,2.2776,1,137,0.1247,721.3,278,0,0.015123,0.652206,-0.056047,1538000,12948.2
1539,1000,89.0155,11,0.22,,1,0,5,2.2776,0,193,0.1135,595.2,215,0,0.015039,1.242286,-0.252991,1539000,12956.4
1540,1000,87.4112,10,0.2,,1,0,4,1.6583,0,0,0.1698,546.9,180,0,0.015067,0.732983,0.029755,1540000,12964.8
1541,1000,114.2447,11,0.22,,2,0,6,2.7726,1,1,0.0103,564.7,799,0,0.014867,0.892615,0.656101,1541000,12973.4
1542,1000,85.7905,10,0.2,,1,0,5,2.0616,0,4,0.074,573.2,983,0,0.015117,1.005,-0.384839,1542000,12981.5
1543,1000,52.1096,8,0.16,,1,0,4,1.5811,0,37,0.0355,658.1,884,0,0.015231,0.801589,0.518154,1543000,12989.9
1544,1000,78.0137,11,0.22,,1,0,5,2.2776,0,340,0.3005,768.1,446,0,0.01534,1.005018,0.369691,1544000,12998.4
1545,1000,193.4763,14,0.28,,1,0,7,3.0414,2,159,0.0563,606.5,925,0,0.015771,1.027052,-0.279056,1545000,13006.6
1546,1000,126.7142,11,0.22,,1,0,5,2.2776,1,3,0.112,672.3,582,0,0.015659,1.100533,-0.063723,1546000,13014.6
1547,1000,140.5831,13,0.26,,1,0,8,3.1125,1,0,0.0675,592.8,543,0,0.015518,0.701642,-0.443054,1547000,13023.3
1548,1000,76.1444,11,0.22,,1,0,5,2.2776,0,0,0.0215,546.4,317,0,0.015254,0.721042,0.06985,1548000,13032.2
1549,1000,92.0759,11,0.22,,1,0,5,2.2776,0,86,0.0597,727.0,593,0,0.015057,0.809974,-0.530269,1549000,13040.8
1550,1000,94.998,11,0.22,,1,0,5,2.2776,0,30,0.074,674.6,569,0,0.014883,0.942587,0.241467,1550000,13049.4
1551,1000,98.0163,11,0.22,,1,0,5,2.2776,0,85,0.1128,666.3,967,0,0.014976,0.897365,0.275674,1551000,13057.8
1552,1000,103.2494,11,0.22,,1,0,5,2.2776,0,16,0.1013,703.8,336,0,0.015487,0.982799,0.416929,1552000,13066.0
1553,1000,110.4612,9,0.18,,2,0,5,2.2776,1,0,0.066,547.9,314,0,0.015016,0.776725,0.29117,1553000,13074.7
1554,1000,127.2875,11,0.22,,1,0,5,2.2776,1,1,0.0375,502.5,325,0,0.015129,0.64879,0.159391,1554000,13082.7
1555,1000,73.2453,11,0.22,,1,0,5,2.2776,0,41,0.1232,917.5,461,0,0.015033,1.047358,-0.014892,1555000,13090.8
1556,1000,62.6708,9,0.18,,1,0,4,1.7854,0,31,0.0442,528.1,114,0,0.014996,0.79008,-0.49631,1556000,13098.9
1557,1000,125.096,11,0.22,,1,0,5,2.2776,1,107,0.0357,592.7,554,0,0.014875,1.059355,0.035954,1557000,13107.1
1558,1000,58.5398,9,0.18,,1,0,4,1.7854,0,5,0.018,503.5,218,0,0.015012,0.695332,-0.032512,1558000,13115.3
1559,1000,120.2289,11,0.22,,2,0,6,2.7726,1,101,0.114,641.7,870,0,0.015051,0.745939,-0.016292,1559000,13123.5
1560,1000,94.0637,11,0.22,,1,0,5,2.2776,0,48,0.2035,779.3,894,0,0.01487,1.018979,-0.085617,1560000,13132.6
1561,1000,72.9005,11,0.22,,1,0,5,1.9203,0,24,0.018,572.1,412,0,0.015187,0.749664,-0.668799,1561000,13141.4
1562,1000,134.3783,11,0.22,,1,0,5,2.2776,1,0,0.1077,543.9,256,0,0.014953,0.939855,-0.336484,1562000,13149.9
1563,1000,102.6353,11,0.22,,1,0,5,2.2776,0,35,0.0285,549.4,201,0,0.014854,0.675456,0.7877,1563000,13158.1
1564,1000,163.8319,12,0.24,,1,0,5,2.1213,2,0,0.0532,595.5,417,0,0.014755,0.980572,-0.000339,1564000,13166.2
1565,1000,108.5185,10,0.2,,1,0,5,2.0616,1,0,0.1417,545.0,275,0,0.015198,0.889089,-0.213126,1565000,13174.6
1566,1000,116.7865,10,0.2,,1,0,5,2.0616,1,288,0.1978,691.9,164,0,0.01525,0.719404,0.317482,1566000,13183.2
1567,1000,70.1698,10,0.2,,1,0,5,2.0616,0,54,0.1985,566.2,182,0,0.015191,0.684032,0.453953,1567000,13191.1
1568,1000,132.8329,11,0.22,,0,1,5,1.7854,1,2,0.1527,643.3,391,0,0.015057,0.766638,-0.194163,1568000,13199.8
1569,1000,159.8922,12,0.24,,2,0,7,3.0822,2,75,0.178,692.2,865,0,0.01489,0.687339,0.036509,1569000,13208.3
1570,1000,52.4712,9,0.18,,1,0,4,1.7854,0,6,0.0727,582.5,167,0,0.015036,0.913181,0.591562,1570000,13217.5
1571,1000,126.6281,11,0.22,,1,0,5,2.2776,1,14,0.1432,689.0,579,0,0.014743,0.695058,-0.245271,1571000,13226.1
1572,1000,131.8751,12,0.24,,1,0,6,2.2361,1,0,0.1125,502.5,366,0,0.014655,0.630178,0.643162,1572000,13234.6
1573,1000,106.1566,9,0.18,,1,0,5,1.9203,1,0,0.0283,502.5,182,0,0.014446,0.778438,0.066407,1573000,13243.0
1574,1000,111.1575,10,0.2,,1,0,5,2.0616,1,0,0.004,502.5,556,0,0.014064,1.320437,0.943429,1574000,13251.4
1575,1000,69.8661,10,0.2,,1,0,5,2.0616,0,33,0.004,522.0,288,0,0.013942,0.802993,-0.073726,1575000,13260.4
1576,1000,89.624,11,0.22,,1,0,5,2.2776,0,0,0.0127,531.5,384,0,0.013864,0.89719,0.2313,1576000,13269.1
1577,1000,188.0575,13,0.26,,1,0,7,2.8614,2,0,0.0535,544.0,763,0,0.014109,0.845664,0.708511,1577000,13277.3
1578,1000,135.4748,11,0.22,,1,0,5,2.2776,1,0,0.0227,533.9,443,0,0.014105,0.970016,0.153739,1578000,13285.7
1579,1000,97.186,12,0.24,,0,1,5,1.5811,0,130,0.089,532.4,867,0,0.014002,0.736292,0.680077,1579000,13294.3
1580,1000,118.3483,10,0.2,,1,0,5,2.0616,1,0,0.0542,588.4,397,0,0.014322,1.048415,0.052054,1580000,13302.5
1581,1000,114.2892,10,0.2,,1,0,5,1.8028,1,0,0.0555,539.3,296,0,0.014659,1.169285,0.80694,1581000,13310.7
1582,1000,115.064,10,0.2,,1,0,5,1.8028,1,0,0.0043,502.5,206,0,0.014635,1.01585,0.96218,1582000,13319.0
1583,1000,136.4269,13,0.26,,1,0,7,2.586,1,0,0.051,585.5,879,0,0.01437,1.098369,0.960599,1583000,13327.2
1584,1000,174.4924,13,0.26,,1,0,6,2.3848,2,57,0.0447,577.0,672,0,0.01477,0.988323,2.136749,1584000,13335.2
1585,1000,122.595,11,0.22,,1,0,6,2.1651,1,0,0.0013,501.6,595,0,0.014604,0.873265,1.283188,1585000,13343.2
1586,1000,10.59,5,0.1,,2,0,4,1.6394,0,0,0.2288,509.6,94,0,0.014305,0.738127,0.793941,1586000,13351.4
1587,1000,-9.2722,5,0.1,,2,0,4,1.6394,0,0,0.038,512.7,426,0,0.014294,1.049995,0.737725,1587000,13359.6
1588,1000,62.7123,10,0.2,,1,0,5,2.0616,0,23,0.0985,645.8,865,0,0.013785,0.788233,0.099035,1588000,13368.2
1589,1000,42.3377,7,0.14,,1,0,4,1.479,0,0,0.0638,512.4,469,0,0.014075,0.973091,0.681429,1589000,13376.6
1590,1000,72.3515,10,0.2,,1,0,5,2.0616,0,0,0.0022,502.5,658,0,0.014073,0.891695,0.912578,1590000,13385.4
1591,1000,110.4127,11,0.22,,2,0,7,2.9475,1,77,0.2075,833.0,642,0,0.01449,0.676003,1.246123,1591000,13394.1
1592,1000,158.646,12,0.24,,2,0,7,3.0822,2,0,0.0198,501.2,572,0,0.013925,0.916084,1.270318,1592000,13402.5
1593,1000,66.2221,9,0.18,,1,0,5,1.7854,0,0,0.0685,502.5,622,0,0.014045,0.759091,1.277371,1593000,13410.8
1594,1000,62.3982,8,0.16,,1,0,4,1.4142,0,0,0.0767,560.5,717,0,0.014005,0.700411,1.030041,1594000,13418.9
1595,1000,81.2845,9,0.18,,1,0,5,1.9203,0,0,0.0958,549.8,218,0,0.014024,0.862968,1.632278,1595000,13427.1
1596,1000,53.8031,8,0.16,,0,1,4,1.2247,0,0,0.0638,513.2,941,0,0.013722,0.790611,0.968448,1596000,13435.7
1597,1000,96.2727,9,0.18,,1,0,5,1.7854,1,0,0.061,507.7,257,0,0.013352,0.807585,1.656579,1597000,13444.1
1598,1000,38.9315,6,0.12,,1,0,3,1.118,0,61,0.0,499.6,707,0,0.013244,0.760629,1.404325,1598000,13452.7
1599,1000,101.2229,10,0.2,,1,0,5,2.0616,1,18,0.088,502.5,818,0,0.013158,0.830863,1.466249,1599000,13460.8
1600,1000,58.7654,8,0.16,,2,0,4,2.0,0,1,0.0683,502.5,335,0,0.013289,0.762059,1.574986,1600000,13469.1
1601,1000,80.698,10,0.2,,2,0,5,2.5,0,83,0.1772,661.5,832,0,0.013316,0.801171,1.529909,1601000,13477.4
1602,1000,153.8376,11,0.22,,1,0,5,2.2776,2,0,0.1628,641.6,730,0,0.013438,1.177814,0.682492,1602000,13485.8
1603,1000,38.133,6,0.12,,2,0,4,1.6583,0,0,0.08,502.5,827,0,0.013805,0.96957,0.43283,1603000,13494.0
1604,1000,58.081,8,0.16,,2,0,5,2.1213,0,416,0.2335,612.6,573,0,0.013574,0.79787,0.90511,1604000,13502.6
1605,1000,40.2772,6,0.12,,2,0,5,2.0616,0,0,0.0712,502.5,516,0,0.01324,0.599948,1.007086,1605000,13510.7
1606,1000,64.0496,7,0.14,,2,0,5,2.0463,0,0,0.2288,894.6,864,0,0.013106,0.828865,1.36899,1606000,13519.2
1607,1000,32.7932,9,0.18,,1,0,4,1.7854,0,0,0.0,407.8,97,0,0.013192,0.895557,0.575543,1607000,13527.2
1608,1000,46.9766,5,0.1,,3,0,5,2.1651,0,0,0.275,595.2,748,0,0.013483,0.611339,0.214561,1608000,13535.3
1609,1000,66.6231,9,0.18,,2,0,5,2.2776,0,0,0.073,625.6,562,0,0.013612,0.747821,0.064691,1609000,13543.5
1610,1000,15.8414,4,0.08,,2,0,3,1.2247,0,342,0.0925,618.7,420,0,0.014065,0.708245,1.034716,1610000,13551.6
1611,1000,76.3663,9,0.18,,1,0,5,1.9203,0,195,0.221,666.0,986,0,0.014118,0.784721,0.843619,1611000,13559.7
1612,1000,40.8413,6,0.12,,1,0,3,1.118,0,41,0.1537,708.2,841,0,0.014164,0.805757,0.155701,1612000,13567.8
1613,1000,80.2376,9,0.18,,1,0,5,1.9203,0,319,0.2637,667.6,898,0,0.014082,1.297995,0.040558,1613000,13575.8
1614,1000,97.0048,11,0.22,,1,0,5,1.9203,0,2,0.133,502.5,327,0,0.013745,1.062188,-0.58436,1614000,13584.3
1615,1000,44.0448,6,0.12,,1,0,3,1.118,0,54,0.0553,650.7,488,0,0.013807,0.880193,0.095328,1615000,13592.5
1616,1000,69.7601,9,0.18,,1,0,5,1.9203,0,418,0.1427,779.5,992,0,0.014064,0.970827,-0.047926,1616000,13600.6
1617,1000,17.5385,6,0.12,,2,0,5,2.0616,0,627,0.398,860.4,496,0,0.014576,0.885271,-0.86033,1617000,13608.8
1618,1000,17.3889,5,0.1,,2,0,4,1.6394,0,24,0.0945,727.1,822,0,0.015051,1.260728,-0.24931,1618000,13617.4
1619,1000,108.5516,12,0.24,,1,0,7,2.7386,1,148,0.0968,553.9,707,0,0.014762,0.763493,-0.259389,1619000,13625.8
1620,1000,79.5635,10,0.2,,2,0,5,2.5,0,110,0.1032,707.3,874,0,0.01447,0.858059,0.023197,1620000,13634.5
1621,1000,113.7331,10,0.2,,1,0,5,2.0616,1,265,0.047,554.4,248,0,0.014468,0.8448,-0.501953,1621000,13643.4
1622,1000,100.4177,8,0.16,,2,0,5,2.1213,1,1,0.151,770.5,759,0,0.014689,1.095201,-0.817508,1622000,13652.1
1623,1000,125.9257,11,0.22,,2,0,6,2.7726,1,255,0.2422,731.6,775,0,0.014276,0.775266,-0.146094,1623000,13660.7
1624,1000,62.903,10,0.2,,1,0,5,2.0616,0,16,0.023,524.4,861,0,0.0144,0.796436,0.363947,1624000,13669.4
1625,1000,48.3233,8,0.16,,1,0,4,1.5811,0,0,0.0,499.0,830,0,0.014541,1.04535,-0.234805,1625000,13677.7
1626,1000,110.5755,10,0.2,,1,0,5,2.0616,1,156,0.1308,635.7,629,0,0.014567,0.799121,-0.455961,1626000,13686.2
1627,1000,85.8515,10,0.2,,2,0,5,2.5,0,9,0.0892,622.0,863,0,0.014638,0.873776,0.066996,1627000,13695.0
1628,1000,77.204,9,0.18,,2,0,5,2.2776,0,5,0.0495,558.2,671,0,0.01459,0.827964,0.600004,1628000,13704.1
1629,1000,77.2975,8,0.16,,2,0,5,2.1213,1,761,0.128,711.3,923,0,0.01467,0.794317,0.534702,1629000,13712.7
1630,1000,33.6371,7,0.14,,2,0,4,1.7854,0,0,0.0,426.9,940,0,0.015043,0.80902,-0.443082,1630000,13721.0
1631,1000,62.8724,9,0.18,,2,0,5,2.2776,0,0,0.061,723.0,706,0,0.014558,0.76051,-0.686216,1631000,13729.4
1632,1000,25.5776,6,0.12,,1,0,3,1.118,0,49,0.0715,796.4,456,0,0.014406,1.786462,-0.69345,1632000,13738.0
1633,1000,25.2044,7,0.14,,2,0,4,1.7854,0,492,0.2617,765.9,984,0,0.014545,1.045134,-0.99371,1633000,13746.6
1634,1000,83.6664,11,0.22,,1,0,5,2.2776,0,0,0.0088,527.9,982,0,0.014522,1.071936,-0.44543,1634000,13755.2
1635,1000,56.9616,9,0.18,,2,0,5,2.2776,0,29,0.0575,540.9,560,0,0.014163,0.688528,0.162115,1635000,13763.6
1636,1000,17.5081,7,0.14,,2,0,4,1.7854,0,378,0.2052,884.5,940,0,0.014025,0.876626,-0.464291,1636000,13772.2
1637,1000,49.8013,7,0.14,,1,0,3,1.0897,0,0,0.1985,696.2,870,0,0.014378,0.718578,-0.372341,1637000,13780.4
1638,1000,51.9679,7,0.14,,2,0,5,2.0463,0,112,0.2008,715.1,812,0,0.014322,0.90668,0.453493,1638000,13789.0
1639,1000,36.1351,7,0.14,,1,0,4,1.479,0,429,0.1973,859.3,558,0,0.014376,1.120601,0.370937,1639000,13797.4
1640,1000,69.1042,7,0.14,,2,0,5,2.0463,1,278,0.2175,548.8,725,0,0.01464,0.841976,-0.329615,1640000,13805.5
1641,1000,1.215,4,0.08,,2,0,3,1.2247,0,445,0.06,503.1,256,0,0.01483,1.105123,-0.390869,1641000,13814.4
1642,1000,104.7586,10,0.2,,1,0,5,2.0616,1,0,0.0693,509.5,716,0,0.015315,0.768272,-0.374344,1642000,13822.6
1643,1000,74.1199,9,0.18,,2,0,5,2.2776,0,0,0.0155,557.9,795,0,0.0151,1.431041,0.134609,1643000,13830.8
1644,1000,111.9162,12,0.24,,1,0,6,2.5495,1,113,0.1608,638.6,788,0,0.015067,0.900178,0.124641,1644000,13839.1
1645,1000,70.3083,10,0.2,,1,0,5,2.0616,0,0,0.0,491.4,931,0,0.015241,1.419658,-0.282982,1645000,13848.0
1646,1000,48.2928,8,0.16,,1,0,4,1.5811,0,0,0.0,499.9,307,0,0.015164,0.774543,-0.469168,1646000,13856.6
1647,1000,59.725,9,0.18,,1,0,4,1.7854,0,0,0.0,468.0,973,0,0.014942,0.896692,0.336749,1647000,13865.1
1648,1000,62.2037,9,0.18,,2,0,5,2.2776,0,268,0.211,656.0,989,0,0.01485,1.241208,0.222476,1648000,13873.5
1649,1000,56.354,9,0.18,,2,0,5,2.2776,0,478,0.15,663.6,596,0,0.014686,0.826919,0.212689,1649000,13881.9
1650,1000,38.1376,6,0.12,,2,0,3,1.5,0,291,0.2542,812.4,270,0,0.014697,0.980924,-0.036834,1650000,13890.6
1651,1000,72.6208,10,0.2,,1,0,5,2.0616,0,0,0.0205,599.7,682,0,0.014807,0.832993,-0.524974,1651000,13899.8
1652,1000,38.8137,7,0.14,,2,0,4,1.7854,0,0,0.1785,518.9,204,0,0.015346,1.024172,0.449024,1652000,13908.6
1653,1000,52.9969,9,0.18,,1,0,5,1.9203,0,36,0.0345,660.8,628,0,0.015275,0.862079,0.1306,1653000,13917.0
1654,1000,71.2322,10,0.2,,1,0,5,2.0616,0,312,0.167,734.1,518,0,0.015806,0.957609,0.052179,1654000,13925.2
1655,1000,131.0678,12,0.24,,1,0,6,2.5495,1,8,0.0382,579.2,877,0,0.015834,0.898178,-0.80993,1655000,13933.3
1656,1000,76.6851,10,0.2,,1,0,5,2.0616,0,15,0.2425,722.2,189,0,0.015709,0.829005,-0.825473,1656000,13941.6
1657,1000,52.989,8,0.16,,1,0,5,1.8708,0,0,0.039,502.5,963,0,0.015666,0.822448,-0.813818,1657000,13949.8
1658,1000,32.1028,7,0.14,,1,0,4,1.479,0,66,0.0232,502.5,980,0,0.016441,1.148168,-0.481285,1658000,13958.0
1659,1000,105.2899,11,0.22,,1,0,6,2.3848,1,78,0.0617,552.8,731,0,0.016193,1.448438,0.054552,1659000,13966.4
1660,1000,68.0182,9,0.18,,1,0,5,1.9203,0,0,0.1032,613.5,351,0,0.015689,0.756744,0.028259,1660000,13974.8
1661,1000,72.8294,9,0.18,,1,0,5,1.9203,0,3,0.1247,687.4,720,0,0.015834,1.799231,-0.219401,1661000,13983.1
1662,1000,116.7196,11,0.22,,1,0,5,2.2776,1,0,0.0853,521.8,693,0,0.015732,0.973671,0.417985,1662000,13991.3
1663,1000,87.9487,11,0.22,,1,0,5,2.2776,0,115,0.1315,603.4,613,0,0.015916,0.759706,-0.080523,1663000,13999.4
1664,1000,64.7387,9,0.18,,1,0,5,1.9203,0,0,0.0018,512.5,946,0,0.015891,0.882078,-0.371373,1664000,14007.5
1665,1000,117.0593,10,0.2,,1,0,5,1.8028,1,136,0.053,582.3,621,0,0.015945,1.111044,-0.443806,1665000,14015.9
1666,1000,133.6916,11,0.22,,1,0,5,2.2776,1,20,0.092,574.2,625,0,0.016107,1.046966,-0.040217,1666000,14023.9
1667,1000,39.5317,6,0.12,,2,0,3,1.5,0,0,0.0163,517.4,717,0,0.015976,1.196009,-0.409255,1667000,14031.9
1668,1000,87.033,8,0.16,,1,0,5,1.8708,1,0,0.0,482.4,902,0,0.016025,0.861102,0.601464,1668000,14040.1
1669,1000,94.5735,10,0.2,,1,0,5,2.0616,0,5,0.1258,682.8,854,0,0.016057,0.947131,-0.059414,1669000,14048.5
1670,1000,161.8472,15,0.3,,0,1,9,3.2692,1,170,0.2365,696.6,930,0,0.016129,0.79507,0.035197,1670000,14056.6
1671,1000,86.562,10,0.2,,1,0,5,2.0616,0,0,0.0318,529.3,920,0,0.016306,0.762486,-0.494975,1671000,14064.8
1672,1000,61.9408,8,0.16,,2,0,5,2.1213,0,0,0.0,442.8,909,0,0.016515,0.760094,-0.109049,1672000,14072.8
1673,1000,109.0641,9,0.18,,1,0,6,2.2776,1,0,0.0973,632.3,869,0,0.016291,1.313538,0.184205,1673000,14081.2
1674,1000,65.6581,10,0.2,,2,0,5,2.5,0,2,0.0,495.9,466,0,0.016607,0.975939,0.290131,1674000,14089.4
1675,1000,78.1624,10,0.2,,1,0,5,2.0616,0,53,0.157,659.9,368,0,0.01628,1.641973,-0.153096,1675000,14097.9
1676,1000,64.5895,9,0.18,,1,0,5,1.9203,0,30,0.0127,502.8,692,0,0.016556,0.766132,0.370502,1676000,14105.9
1677,1000,44.9185,6,0.12,,1,0,3,1.118,0,12,0.1227,537.0,181,0,0.016357,0.900144,0.148825,1677000,14114.1
1678,1000,38.5777,8,0.16,,1,0,4,1.5811,0,0,0.0047,502.5,446,0,0.01662,1.019947,-0.37654,1678000,14122.2
1679,1000,57.4737,8,0.16,,1,0,4,1.5811,0,0,0.0,482.3,726,0,0.016233,0.754235,0.692881,1679000,14130.3
1680,1000,70.8209,9,0.18,,2,0,5,2.2776,0,0,0.0525,590.3,456,0,0.016326,1.09125,0.219876,1680000,14138.4
1681,1000,52.2321,9,0.18,,1,0,4,1.7854,0,129,0.1678,624.2,406,0,0.016369,1.028287,-0.135643,1681000,14147.3
1682,1000,66.5994,9,0.18,,1,0,4,1.7854,0,0,0.0235,527.5,272,0,0.01632,0.902341,0.228936,1682000,14156.2
1683,1000,43.3644,10,0.2,,2,0,5,2.5,0,0,0.0132,525.3,261,0,0.016079,1.276761,0.16976,1683000,14165.1
1684,1000,49.4437,10,0.2,,1,0,5,2.0616,0,0,0.0,422.5,394,0,0.015776,1.062454,-1.135501,1684000,14174.0
1685,1000,50.6635,8,0.16,,1,0,4,1.4142,0,45,0.1785,550.1,134,0,0.015968,0.89881,-0.54844,1685000,14183.3
1686,1000,37.9499,6,0.12,,1,0,3,1.118,0,0,0.1455,532.4,243,0,0.016087,0.821372,-0.349238,1686000,14192.1
1687,1000,81.3087,10,0.2,,1,0,5,2.0616,0,0,0.122,564.8,854,0,0.015916,0.679881,-0.546881,1687000,14201.0
1688,1000,55.8483,8,0.16,,2,0,4,2.0,0,64,0.0003,501.2,329,0,0.01563,1.93374,0.398733,1688000,14209.9
1689,1000,74.1597,10,0.2,,1,0,5,2.0616,0,73,0.1175,612.1,306,0,0.015728,0.831818,-0.591257,1689000,14218.7
1690,1000,86.3347,10,0.2,,1,0,5,1.8028,0,0,0.042,502.5,408,0,0.015615,1.35082,0.088841,1690000,14227.4
1691,1000,71.4074,9,0.18,,2,0,5,2.2776,0,0,0.0,492.2,693,0,0.015637,0.969961,0.039104,1691000,14236.3
1692,1000,130.0285,11,0.22,,2,0,6,2.7726,1,33,0.0605,647.6,910,0,0.01527,0.855063,-0.435279,1692000,14244.8
1693,1000,70.8626,9,0.18,,2,0,5,2.2776,0,64,0.0343,553.7,468,0,0.015231,0.976826,0.497045,1693000,14253.4
1694,1000,54.9271,8,0.16,,1,0,5,1.8708,0,68,0.0143,526.7,916,0,0.015258,0.737905,-0.330874,1694000,14262.0
1695,1000,146.745,10,0.2,,2,0,5,2.5,2,242,0.0712,706.4,627,0,0.014927,0.784492,0.090892,1695000,14270.4
1696,1000,71.6891,10,0.2,,1,0,5,2.0616,0,59,0.138,584.9,806,0,0.015353,1.045255,-0.017638,1696000,14278.8
1697,1000,110.5792,11,0.22,,1,0,5,2.2776,1,147,0.1422,502.5,485,0,0.015344,0.831395,-0.346963,1697000,14287.0
1698,1000,113.2494,10,0.2,,1,0,5,2.0616,1,0,0.0293,502.5,699,0,0.015446,0.846109,-0.137884,1698000,14295.2
1699,1000,91.6225,8,0.16,,1,0,5,1.8708,1,0,0.0055,502.5,507,0,0.015255,0.774069,-0.177351,1699000,14303.6
1700,1000,22.6217,7,0.14,,1,0,4,1.479,0,0,0.0083,517.7,318,0,0.015406,1.322009,-0.628451,1700000,14312.3
1701,1000,76.2455,10,0.2,,1,0,5,1.8028,0,0,0.143,664.8,453,0,0.015667,1.165476,-0.225474,1701000,14320.5
1702,1000,73.6732,10,0.2,,2,0,5,2.5,0,0,0.0498,601.2,815,0,0.015286,0.843766,-0.339968,1702000,14329.2
1703,1000,66.321,9,0.18,,1,0,4,1.7854,0,0,0.0527,547.3,883,0,0.015333,0.711805,-0.07522,1703000,14337.9
1704,1000,14.2914,6,0.12,,2,0,4,1.6583,0,222,0.0485,508.4,143,0,0.015124,0.765932,0.331638,1704000,14346.5
1705,1000,108.4458,11,0.22,,1,0,5,2.2776,1,1,0.0737,547.9,845,0,0.01507,1.039219,0.329015,1705000,14355.1
1706,1000,73.9937,9,0.18,,1,0,5,1.9203,0,1,0.168,579.8,981,0,0.015307,0.806921,-0.065534,1706000,14363.5
1707,1000,-48.7653,1,0.02,,3,0,1,0.433,0,784,0.0867,519.2,25,0,0.015938,1.443209,-0.516983,1707000,14371.9
1708,1000,95.929,11,0.22,,1,0,5,1.9203,0,515,0.11,577.2,827,0,0.01592,0.770779,-0.074413,1708000,14380.3
1709,1000,49.3824,8,0.16,,2,0,4,2.0,0,0,0.0785,502.5,215,0,0.015756,0.786664,-0.758213,1709000,14388.7
1710,1000,36.5929,7,0.14,,1,0,4,1.479,0,0,0.0063,502.5,244,0,0.015618,0.925582,0.083956,1710000,14397.2
1711,1000,124.5988,10,0.2,,2,0,5,2.5,1,0,0.1185,582.3,811,0,0.01515,1.321339,-0.295428,1711000,14405.4
1712,1000,46.7909,7,0.14,,1,0,5,1.9203,0,13,0.2575,723.3,795,0,0.015201,1.453722,-0.731061,1712000,14414.2
1713,1000,87.4678,10,0.2,,2,0,5,2.5,0,0,0.0,409.5,622,0,0.015378,0.882832,-0.478267,1713000,14423.2
1714,1000,78.1245,10,0.2,,1,0,5,2.0616,0,76,0.0943,626.9,463,0,0.015339,0.898612,0.227759,1714000,14432.0
1715,1000,81.9607,11,0.22,,1,0,5,1.9203,0,1,0.0393,537.9,688,0,0.015565,0.991716,0.742356,1715000,14440.1
1716,1000,63.8139,9,0.18,,1,0,4,1.7854,0,0,0.0,478.9,790,0,0.015349,0.941225,0.393196,1716000,14448.5
1717,1000,84.0564,8,0.16,,1,0,5,1.8708,1,53,0.0722,502.5,376,0,0.014786,0.685587,0.182702,1717000,14457.1
1718,1000,140.6574,12,0.24,,1,0,5,2.1213,1,18,0.1457,668.8,843,0,0.015205,1.133392,0.201942,1718000,14465.7
1719,1000,89.7785,9,0.18,,1,0,5,1.9203,1,51,0.0003,501.1,374,0,0.015209,0.792197,0.855402,1719000,14474.4
1720,1000,60.602,9,0.18,,1,0,5,1.9203,0,147,0.0975,619.8,317,0,0.015482,1.076221,0.767754,1720000,14483.3
1721,1000,65.5326,9,0.18,,1,0,5,1.9203,0,76,0.0675,505.2,511,0,0.015197,0.888547,-0.356732,1721000,14493.0
1722,1000,21.3658,7,0.14,,1,0,4,1.479,0,0,0.0,403.9,942,0,0.015185,0.818626,0.095882,1722000,14502.5
1723,1000,65.0489,9,0.18,,1,0,4,1.7854,0,73,0.0775,609.0,710,0,0.014891,0.739873,0.213617,1723000,14511.5
1724,1000,49.6825,8,0.16,,1,0,4,1.4142,0,0,0.0,473.9,507,0,0.014911,0.719911,0.154981,1724000,14520.9
1725,1000,78.327,10,0.2,,1,0,5,2.0616,0,0,0.056,571.4,342,0,0.014904,0.800455,0.289711,1725000,14530.6
1726,1000,76.438,11,0.22,,1,0,5,2.2776,0,6,0.0253,613.1,638,0,0.014743,0.936744,-0.265787,1726000,14540.0
1727,1000,73.3537,10,0.2,,1,0,5,2.0616,0,88,0.1462,502.5,539,0,0.014477,1.209275,0.826491,1727000,14549.2
1728,1000,85.6898,10,0.2,,1,0,5,2.0616,0,0,0.2497,538.2,423,0,0.014427,0.77759,0.798083,1728000,14558.4
1729,1000,61.9941,9,0.18,,2,0,5,2.2776,0,99,0.0442,527.6,518,0,0.014378,0.745902,0.23272,1729000,14568.0
1730,1000,53.676,8,0.16,,1,0,4,1.5811,0,0,0.0173,502.5,223,0,0.014462,0.796431,0.487608,1730000,14577.5
1731,1000,52.4079,7,0.14,,1,0,4,1.479,0,97,0.061,508.9,764,0,0.014346,0.953117,1.253199,1731000,14586.9
1732,1000,68.8244,9,0.18,,1,0,4,1.7854,0,0,0.1022,535.3,737,0,0.014287,0.846198,0.714931,1732000,14596.4
1733,1000,100.8037,9,0.18,,1,0,5,1.9203,1,8,0.1037,532.2,441,0,0.014237,0.741272,0.345525,1733000,14606.2
1734,1000,72.7683,9,0.18,,1,0,4,1.7854,0,3,0.0788,504.1,180,0,0.014302,0.750829,0.905619,1734000,14615.6
1735,1000,104.4514,9,0.18,,1,0,5,1.9203,1,0,0.0505,602.5,333,0,0.014015,0.820272,0.475709,1735000,14625.1
1736,1000,61.1466,9,0.18,,1,0,5,1.9203,0,0,0.181,636.3,671,0,0.014252,1.655799,0.513762,1736000,14634.5
1737,1000,96.5547,11,0.22,,1,0,5,2.2776,0,0,0.036,589.2,890,0,0.014459,0.909183,0.47071,1737000,14644.0
1738,1000,124.9691,11,0.22,,1,0,5,2.2776,1,62,0.0653,507.7,904,0,0.014519,0.921246,1.443374,1738000,14653.2
1739,1000,67.1323,9,0.18,,1,0,5,1.7854,0,0,0.1087,579.3,421,0,0.014066,0.887536,0.830628,1739000,14662.4
1740,1000,86.6742,10,0.2,,1,0,4,1.6583,0,0,0.024,518.8,463,0,0.014236,1.131423,0.43706,1740000,14671.5
1741,1000,62.3589,10,0.2,,1,0,5,2.0616,0,0,0.0085,502.5,657,0,0.014147,0.985208,0.280898,1741000,14680.8
1742,1000,67.7111,9,0.18,,1,0,4,1.7854,0,0,0.0,439.1,893,0,0.013882,0.791904,0.943202,1742000,14690.0
1743,1000,76.9478,11,0.22,,0,1,4,1.299,0,330,0.0973,511.6,875,0,0.013568,0.985264,0.928931,1743000,14698.9
1744,1000,140.5345,13,0.26,,1,0,6,2.3848,1,188,0.0605,628.4,929,0,0.013838,0.644006,1.002633,1744000,14708.4
1745,1000,70.9639,9,0.18,,1,0,5,1.9203,0,209,0.1608,554.9,504,0,0.013603,0.949576,0.507809,1745000,14718.5
1746,1000,60.355,9,0.18,,1,0,5,1.9203,0,139,0.1457,586.9,259,0,0.013201,0.67505,0.810962,1746000,14727.9
1747,1000,80.9585,9,0.18,,2,0,5,2.2776,1,11,0.1207,502.5,344,0,0.013379,0.744449,0.475895,1747000,14737.6
1748,1000,89.1036,11,0.22,,1,0,5,1.9203,0,132,0.0985,529.1,225,0,0.013269,0.729675,0.758065,1748000,14747.3
1749,1000,64.6374,9,0.18,,1,0,4,1.479,0,39,0.002,503.2,718,0,0.013137,0.711225,1.105711,1749000,14756.6
1750,1000,56.9131,7,0.14,,1,0,5,1.9203,1,1042,0.0935,507.7,354,0,0.013021,0.726085,1.580166,1750000,14765.9
1751,1000,61.6868,9,0.18,,1,0,4,1.479,0,0,0.0865,547.5,322,0,0.013124,0.662715,0.806602,1751000,14775.3
1752,1000,74.4706,10,0.2,,1,0,5,1.8028,0,0,0.0633,517.8,684,0,0.013196,0.584183,1.280347,1752000,14784.7
1753,1000,93.505,11,0.22,,1,0,5,1.9203,0,0,0.0,462.0,724,0,0.013335,0.700816,1.054026,1753000,14794.1
1754,1000,80.6819,10,0.2,,1,0,5,2.0616,0,563,0.1703,636.7,910,0,0.013387,0.75194,1.497931,1754000,14803.8
1755,1000,88.777,10,0.2,,1,0,5,2.0616,0,60,0.126,568.4,577,0,0.013592,0.758922,0.781463,1755000,14813.3
1756,1000,124.2505,11,0.22,,1,0,5,1.9203,1,28,0.0158,563.0,344,0,0.013365,0.687546,1.213277,1756000,14822.6
1757,1000,75.3607,9,0.18,,1,0,5,1.9203,0,90,0.1175,621.8,849,0,0.013642,0.762427,1.240998,1757000,14832.0
1758,1000,84.9156,10,0.2,,1,0,4,1.5,0,40,0.138,602.7,985,0,0.013569,0.889823,0.062786,1758000,14841.7
1759,1000,100.8749,11,0.22,,1,0,5,1.9203,0,4,0.1412,537.4,888,0,0.013367,1.032735,0.409008,1759000,14851.4
1760,1000,68.4188,9,0.18,,1,0,4,1.479,0,0,0.0,469.4,798,0,0.013379,0.75878,0.344808,1760000,14861.0
1761,1000,92.5953,11,0.22,,1,0,5,2.2776,0,43,0.1237,583.8,576,0,0.01345,0.757972,0.841767,1761000,14870.6
1762,1000,82.4912,10,0.2,,1,0,5,2.0616,0,8,0.0408,556.6,553,0,0.012801,0.867927,0.498061,1762000,14880.1
1763,1000,90.032,10,0.2,,1,0,5,2.0616,0,0,0.1995,575.5,637,0,0.012774,0.699527,0.29423,1763000,14889.8
1764,1000,117.2664,12,0.24,,1,0,5,2.1213,0,0,0.0,442.8,733,0,0.012703,0.869876,1.037477,1764000,14899.3
1765,1000,97.8938,11,0.22,,1,0,5,1.9203,0,261,0.083,560.0,688,0,0.012807,0.826495,1.424393,1765000,14908.8
1766,1000,91.9533,9,0.18,,1,0,5,1.9203,1,0,0.1417,502.5,436,0,0.012513,1.238168,0.759742,1766000,14918.1
1767,1000,99.7836,11,0.22,,1,0,5,2.2776,0,60,0.0912,563.8,752,0,0.01234,1.003504,0.6082,1767000,14927.3
1768,1000,91.1699,11,0.22,,1,0,5,2.2776,0,0,0.0085,537.6,706,0,0.012183,0.828813,0.916697,1768000,14936.7
1769,1000,81.4296,9,0.18,,1,0,4,1.479,0,63,0.0,499.3,273,0,0.012165,0.624981,0.591229,1769000,14946.2
1770,1000,156.8359,14,0.28,,1,0,8,2.958,1,139,0.111,678.7,805,0,0.012494,0.612611,1.380318,1770000,14955.3
1771,1000,120.1825,10,0.2,,1,0,5,2.0616,1,42,0.1255,506.6,416,0,0.012508,1.047452,1.756387,1771000,14964.3
1772,1000,81.3546,10,0.2,,1,0,5,2.0616,0,0,0.093,521.7,408,0,0.012363,0.633556,1.564761,1772000,14973.6
1773,1000,145.6585,13,0.26,,1,0,7,2.8614,1,6,0.0285,552.1,712,0,0.012681,0.726478,0.910082,1773000,14982.8
1774,1000,81.3481,10,0.2,,1,0,4,1.6583,0,0,0.1092,509.8,689,0,0.012815,0.694067,0.750252,1774000,14991.7
1775,1000,76.7105,9,0.18,,1,0,4,1.479,0,0,0.066,581.6,261,0,0.012949,0.784907,1.315028,1775000,15001.0
1776,1000,103.2383,11,0.22,,1,0,5,1.9203,0,144,0.181,632.1,307,0,0.012882,0.801041,0.54491,1776000,15010.5
1777,1000,64.0791,9,0.18,,1,0,5,1.9203,0,373,0.2085,613.6,390,0,0.013196,0.64659,0.988321,1777000,15019.9
1778,1000,163.7053,15,0.3,,1,0,9,3.562,1,82,0.1065,547.6,912,0,0.012922,0.798076,0.788167,1778000,15029.1
1779,1000,81.6585,10,0.2,,2,0,5,2.5,0,77,0.1383,597.2,922,0,0.01328,0.703821,1.5407,1779000,15038.4
1780,1000,51.8078,9,0.18,,1,0,4,1.479,0,199,0.0393,522.9,599,0,0.013712,0.703727,1.447562,1780000,15047.8
1781,1000,128.371,12,0.24,,1,0,5,2.1213,1,0,0.0932,624.5,364,0,0.013723,1.09163,1.069165,1781000,15056.8
1782,1000,98.9106,9,0.18,,1,0,6,2.2776,1,0,0.0683,502.5,306,0,0.013632,0.735208,0.898152,1782000,15065.9
1783,1000,60.4408,7,0.14,,1,0,5,1.9203,0,0,0.1757,550.4,412,0,0.013522,0.636132,1.075588,1783000,15075.0
1784,1000,63.0251,10,0.2,,1,0,5,2.0616,0,1422,0.1855,800.4,982,0,0.013593,0.772284,1.390138,1784000,15084.5
1785,1000,60.6482,9,0.18,,1,0,4,1.7854,0,104,0.0592,502.5,113,0,0.013587,0.942914,0.74852,1785000,15094.1
1786,1000,115.1038,11,0.22,,1,0,5,2.2776,1,276,0.0583,615.6,268,0,0.01358,0.938497,0.144608,1786000,15103.4
1787,1000,90.0983,11,0.22,,1,0,5,2.2776,0,424,0.3292,720.4,415,0,0.013589,0.682492,0.882081,1787000,15113.0
1788,1000,106.8779,9,0.18,,1,0,6,2.2776,1,0,0.0135,539.1,978,0,0.013513,0.815368,0.742571,1788000,15122.5
1789,1000,57.0578,7,0.14,,1,0,5,1.9203,0,0,0.216,502.5,287,0,0.01372,0.733301,0.52879,1789000,15131.9
1790,1000,66.885,9,0.18,,1,0,5,1.9203,0,0,0.13,566.4,369,0,0.014066,1.007922,1.241753,1790000,15140.8
1791,1000,101.057,10,0.2,,1,0,5,2.0616,1,0,0.033,576.1,995,0,0.014473,0.843009,0.721176,1791000,15149.8
1792,1000,84.8592,11,0.22,,1,0,5,2.2776,0,514,0.189,718.9,870,0,0.014557,1.100697,1.032254,1792000,15159.4
1793,1000,146.4787,12,0.24,,1,0,6,2.5495,1,0,0.003,549.1,998,0,0.014364,1.264278,0.526849,1793000,15168.8
1794,1000,74.3719,9,0.18,,1,0,4,1.479,0,108,0.0737,503.8,159,0,0.014417,0.794025,0.473548,1794000,15178.1
1795,1000,81.1114,9,0.18,,1,0,4,1.479,0,0,0.1177,584.9,829,0,0.014404,0.826974,1.384694,1795000,15187.7
1796,1000,80.746,10,0.2,,1,0,5,2.0616,0,10,0.0752,530.1,854,0,0.014506,0.770854,1.366105,1796000,15197.4
1797,1000,126.4681,11,0.22,,1,0,5,1.9203,1,104,0.0757,566.9,880,0,0.014628,0.801258,0.877304,1797000,15206.9
1798,1000,63.7279,9,0.18,,1,0,5,1.7854,0,747,0.1365,772.7,393,0,0.01439,0.696301,1.481999,1798000,15215.5
1799,1000,106.046,9,0.18,,2,0,6,2.4875,1,3,0.0372,536.8,808,0,0.014027,2.392481,1.713398,1799000,15223.9
1800,1000,11.8733,3,0.06,,2,0,2,0.8292,0,11,0.1427,593.8,421,0,0.014364,0.604707,1.240156,1800000,15232.6
1801,1000,20.6767,4,0.08,,3,0,4,1.7321,0,409,0.2198,592.6,313,0,0.013923,0.95935,-0.117901,1801000,15240.9
1802,1000,89.7229,11,0.22,,0,1,5,1.479,0,0,0.1903,684.4,461,0,0.014139,0.764545,0.780267,1802000,15249.4
1803,1000,51.8258,8,0.16,,2,0,4,2.0,0,0,0.035,504.6,843,0,0.01391,0.830577,0.583899,1803000,15257.9
1804,1000,62.242,9,0.18,,1,0,5,1.7854,0,0,0.0043,515.9,622,0,0.013852,0.616943,0.598205,1804000,15266.3
1805,1000,67.9968,8,0.16,,1,0,4,1.4142,0,0,0.183,623.1,364,0,0.014073,0.551339,0.784387,1805000,15274.9
1806,1000,77.6667,9,0.18,,1,0,5,1.9203,0,133,0.0568,553.2,502,0,0.014175,0.855808,0.418844,1806000,15283.4
1807,1000,139.1739,12,0.24,,1,0,5,2.1213,1,0,0.0912,718.8,790,0,0.014165,0.628382,0.402655,1807000,15292.1
1808,1000,109.9944,10,0.2,,2,0,5,2.5,1,199,0.071,616.5,981,0,0.013858,0.640806,0.377255,1808000,15300.6
1809,1000,71.0766,9,0.18,,2,0,5,2.2776,0,187,0.124,591.1,962,0,0.013973,0.954018,0.755458,1809000,15309.1
1810,1000,43.5123,7,0.14,,1,0,4,1.479,0,0,0.1703,564.6,864,0,0.014131,0.652019,0.398981,1810000,15317.2
1811,1000,150.3811,10,0.2,,2,0,5,2.5,2,102,0.128,778.0,676,0,0.014111,0.899728,0.791936,1811000,15325.4
1812,1000,54.8538,8,0.16,,2,0,4,2.0,0,0,0.1792,504.5,161,0,0.013739,1.493427,0.485237,1812000,15333.8
1813,1000,70.5761,9,0.18,,1,0,5,1.9203,0,490,0.2722,583.0,186,0,0.01386,0.797437,0.417857,1813000,15342.1
1814,1000,121.6981,11,0.22,,1,0,5,2.2776,1,87,0.1087,578.9,622,0,0.013941,0.782819,0.931788,1814000,15350.1
1815,1000,100.6133,12,0.24,,1,0,5,2.1213,0,260,0.0437,547.7,723,0,0.01385,0.821399,0.923321,1815000,15358.3
1816,1000,84.8731,10,0.2,,1,0,5,2.0616,0,297,0.218,684.7,155,0,0.01425,1.020251,1.291867,1816000,15366.6
1817,1000,66.5449,9,0.18,,1,0,4,1.479,0,9,0.157,555.5,161,0,0.014265,0.674194,1.163728,1817000,15374.9
1818,1000,135.1398,12,0.24,,1,0,5,2.1213,1,236,0.127,658.6,746,0,0.013904,0.839347,0.477826,1818000,15383.1
1819,1000,137.1387,12,0.24,,1,0,5,2.1213,1,29,0.1278,618.3,236,0,0.014,0.721555,0.92532,1819000,15391.3
1820,1000,89.5752,10,0.2,,1,0,5,2.0616,0,2,0.0653,520.5,963,0,0.013869,0.80256,0.531173,1820000,15399.4
1821,1000,77.5111,10,0.2,,1,0,5,2.0616,0,589,0.2005,860.8,174,0,0.014024,0.705293,1.012674,1821000,15407.6
1822,1000,89.8144,11,0.22,,1,0,5,1.9203,0,387,0.123,792.3,534,0,0.014091,0.641351,1.804654,1822000,15416.0
1823,1000,87.5863,10,0.2,,1,0,5,2.0616,0,2,0.0283,567.0,549,0,0.014425,0.978712,1.448993,1823000,15424.5
1824,1000,136.5959,12,0.24,,1,0,6,2.5495,1,144,0.0963,604.1,899,0,0.014245,0.918876,1.130526,1824000,15433.1
1825,1000,82.8897,10,0.2,,1,0,5,2.0616,0,13,0.098,591.9,674,0,0.014494,0.806348,1.158104,1825000,15441.6
1826,1000,144.2884,12,0.24,,1,0,5,2.1213,1,0,0.0083,557.8,693,0,0.014409,1.088956,1.385529,1826000,15449.9
1827,1000,113.1011,12,0.24,,1,0,5,2.1213,0,13,0.003,502.1,414,0,0.014312,0.571096,1.907565,1827000,15458.3
1828,1000,112.7851,10,0.2,,1,0,5,2.0616,1,45,0.0432,513.9,788,0,0.014725,0.730558,1.853979,1828000,15466.6
1829,1000,51.154,9,0.18,,2,0,5,2.2776,0,644,0.2005,610.1,967,0,0.014556,0.720148,1.297021,1829000,15475.0
1830,1000,74.4251,10,0.2,,1,0,5,2.0616,0,260,0.1802,654.5,615,0,0.014437,0.643883,1.62949,1830000,15483.3
1831,1000,71.0411,8,0.16,,2,0,5,2.1213,0,158,0.0828,636.9,407,0,0.014773,1.293754,1.325025,1831000,15491.7
1832,1000,52.3302,8,0.16,,1,0,5,1.8708,0,42,0.2572,595.8,682,0,0.014672,0.807217,0.904407,1832000,15500.4
1833,1000,60.8127,10,0.2,,1,0,5,2.0616,0,754,0.1263,610.6,812,0,0.014867,0.896006,1.464312,1833000,15508.9
1834,1000,108.9584,10,0.2,,2,0,7,2.8723,1,78,0.093,648.7,766,0,0.014836,0.673747,2.046839,1834000,15517.1
1835,1000,115.4504,11,0.22,,1,0,6,2.3848,1,230,0.0597,614.8,758,0,0.014861,0.762508,1.860336,1835000,15525.3
1836,1000,114.4744,10,0.2,,2,0,6,2.5981,1,0,0.007,546.2,826,0,0.014988,0.704475,1.649539,1836000,15533.7
1837,1000,110.2281,10,0.2,,2,0,5,2.5,1,111,0.2457,730.2,474,0,0.015353,0.970804,1.81744,1837000,15541.7
1838,1000,26.7963,6,0.12,,2,0,5,2.0616,0,20,0.0537,502.5,560,0,0.015309,1.180276,1.416727,1838000,15550.0
1839,1000,45.7731,8,0.16,,2,0,4,2.0,0,510,0.16,654.8,646,0,0.015069,1.089828,1.810638,1839000,15558.2
1840,1000,96.6944,11,0.22,,1,0,5,2.2776,0,73,0.1207,877.0,565,0,0.01525,1.247909,1.431659,1840000,15566.1
1841,1000,110.7811,10,0.2,,2,0,5,2.5,1,0,0.1032,576.4,780,0,0.015575,1.144161,1.765507,1841000,15574.4
1842,1000,58.4615,9,0.18,,2,0,5,2.2776,0,0,0.1115,637.5,883,0,0.015558,1.122581,0.872674,1842000,15582.5
1843,1000,118.8454,10,0.2,,2,0,7,2.8723,1,2,0.1288,560.3,561,0,0.015781,0.891142,1.961473,1843000,15590.9
1844,1000,35.1087,7,0.14,,2,0,5,2.0463,0,205,0.0788,599.0,247,0,0.015563,1.034512,2.19887,1844000,15599.3
1845,1000,69.4016,9,0.18,,1,0,4,1.7854,0,2,0.0643,553.9,699,0,0.015722,0.943598,1.762719,1845000,15607.3
1846,1000,84.6432,10,0.2,,1,0,5,1.8028,0,0,0.085,502.5,658,0,0.015637,0.954703,2.371069,1846000,15615.5
1847,1000,79.0814,10,0.2,,2,0,5,2.5,0,197,0.2792,827.6,692,0,0.015971,1.158582,2.768547,1847000,15623.9
1848,1000,112.1654,10,0.2,,2,0,5,2.5,1,104,0.0917,557.7,767,0,0.015727,1.147894,2.239963,1848000,15632.6
1849,1000,57.0369,8,0.16,,2,0,5,2.1213,0,0,0.1253,544.9,407,0,0.015633,0.64915,1.941737,1849000,15641.1
1850,1000,80.8514,10,0.2,,2,0,5,2.5,0,242,0.1988,817.4,245,0,0.015736,0.826904,1.91458,1850000,15650.1
1851,1000,66.2399,9,0.18,,2,0,5,2.2776,0,48,0.0695,668.1,791,0,0.015674,1.051176,1.823896,1851000,15658.9
1852,1000,112.5018,10,0.2,,2,0,5,2.5,1,4,0.0597,630.0,509,0,0.015985,1.343311,2.227247,1852000,15667.7
1853,1000,87.1782,9,0.18,,1,0,5,1.9203,1,176,0.106,531.5,799,0,0.016175,0.811306,1.253745,1853000,15676.7
1854,1000,112.221,10,0.2,,2,0,5,2.5,1,121,0.0815,522.9,509,0,0.01604,0.904069,1.455542,1854000,15685.3
1855,1000,89.1809,10,0.2,,2,0,5,2.5,0,0,0.052,546.8,648,0,0.016054,0.761694,2.861156,1855000,15693.3
1856,1000,84.1553,10,0.2,,2,0,5,2.5,0,457,0.142,718.6,368,0,0.01631,0.856521,0.974802,1856000,15701.4
1857,1000,74.3863,9,0.18,,2,0,5,2.2776,0,0,0.0305,502.5,723,0,0.016263,0.788126,1.439624,1857000,15709.7
1858,1000,132.8958,11,0.22,,1,0,5,2.2776,1,69,0.043,689.5,678,0,0.016645,0.753459,1.908301,1858000,15718.1
1859,1000,73.867,10,0.2,,2,0,5,2.5,0,0,0.1792,502.5,823,0,0.016039,2.498374,1.648204,1859000,15726.4
1860,1000,39.6604,6,0.12,,2,0,4,1.6583,0,43,0.2725,672.0,491,0,0.016165,1.142796,1.704606,1860000,15735.4
1861,1000,52.8649,8,0.16,,1,0,4,1.5811,0,0,0.076,502.5,513,0,0.016035,0.789236,2.235925,1861000,15743.8
1862,1000,56.7409,9,0.18,,2,0,5,2.2776,0,7,0.1495,672.4,391,0,0.01607,0.672977,1.786106,1862000,15752.1
1863,1000,50.0434,8,0.16,,2,0,5,2.1213,0,0,0.0537,671.1,345,0,0.016199,0.716743,1.79622,1863000,15760.0
1864,1000,40.7579,8,0.16,,2,0,4,2.0,0,77,0.045,677.6,878,0,0.016123,1.107957,2.445706,1864000,15768.0
1865,1000,72.5028,5,0.1,,3,0,5,2.1651,1,156,0.2885,551.1,134,0,0.016382,1.022947,1.683649,1865000,15776.7
1866,1000,46.3042,9,0.18,,2,0,5,2.2776,0,21,0.0885,588.2,379,0,0.015937,1.215171,1.028436,1866000,15785.3
1867,1000,64.2261,9,0.18,,2,0,5,2.2776,0,322,0.1777,601.5,174,0,0.015956,0.838989,1.758522,1867000,15793.6
1868,1000,74.2619,9,0.18,,2,0,5,2.2776,0,5,0.0403,592.2,445,0,0.016147,0.66813,1.233295,1868000,15801.8
1869,1000,144.1405,11,0.22,,2,0,6,2.7726,2,136,0.0915,890.7,975,0,0.015895,0.975107,1.68501,1869000,15810.2
1870,1000,102.5331,9,0.18,,2,0,5,2.2776,1,0,0.0125,502.5,427,0,0.016593,1.413116,1.665083,1870000,15818.7
1871,1000,81.9443,10,0.2,,2,0,5,2.5,0,0,0.1003,579.8,320,0,0.016336,0.712595,1.983308,1871000,15826.8
1872,1000,119.4794,11,0.22,,1,0,5,2.2776,1,0,0.0175,549.6,469,0,0.016241,1.293196,2.002306,1872000,15835.3
1873,1000,80.9639,10,0.2,,2,0,5,2.5,0,258,0.0015,502.0,688,0,0.016193,0.802831,2.127304,1873000,15843.6
1874,1000,54.6593,8,0.16,,2,0,5,2.1213,0,8,0.089,513.8,867,0,0.016065,1.226397,2.08701,1874000,15851.9
1875,1000,161.8735,11,0.22,,2,0,6,2.7726,2,0,0.0213,574.6,881,0,0.01635,1.147463,1.717521,1875000,15860.2
1876,1000,70.7367,10,0.2,,2,0,5,2.5,0,479,0.216,896.1,149,0,0.016664,1.046297,2.009363,1876000,15868.3
1877,1000,81.0978,10,0.2,,2,0,5,2.5,0,0,0.0372,576.4,890,0,0.016381,1.730817,1.489892,1877000,15876.3
1878,1000,120.0153,11,0.22,,2,0,6,2.7726,1,26,0.0932,604.3,934,0,0.015832,1.097034,1.709383,1878000,15884.3
1879,1000,118.9216,11,0.22,,2,0,6,2.7726,1,96,0.136,593.7,988,0,0.01618,0.812232,1.779592,1879000,15892.4
1880,1000,118.8414,10,0.2,,2,0,5,2.5,1,2,0.0403,576.9,634,0,0.015934,1.193652,1.556736,1880000,15900.5
1881,1000,206.8375,16,0.32,,2,0,10,4.2426,2,0,0.0545,642.9,952,0,0.015721,0.837628,1.834361,1881000,15908.5
1882,1000,52.8265,9,0.18,,2,0,5,2.2776,0,150,0.1675,617.8,825,0,0.015599,1.186544,2.195672,1882000,15916.5
1883,1000,76.0655,10,0.2,,2,0,5,2.5,0,145,0.206,556.5,428,0,0.015546,0.781236,2.093446,1883000,15924.6
1884,1000,45.7922,9,0.18,,2,0,5,2.2776,0,22,0.1045,527.9,994,0,0.015419,1.321441,1.317581,1884000,15932.9
1885,1000,73.783,10,0.2,,2,0,5,2.5,0,43,0.1225,592.0,813,0,0.015812,0.675988,1.854279,1885000,15941.5
1886,1000,22.7639,5,0.1,,2,0,4,1.6394,0,480,0.0555,549.2,313,0,0.015858,0.89791,2.118475,1886000,15949.9
1887,1000,123.7166,10,0.2,,2,0,5,2.5,1,557,0.1462,533.6,982,0,0.015567,0.795321,2.379535,1887000,15958.5
1888,1000,44.4966,8,0.16,,2,0,5,2.1213,0,701,0.161,830.6,933,0,0.015673,1.142385,1.768361,1888000,15966.8
1889,1000,75.7066,10,0.2,,1,0,5,2.0616,0,29,0.101,601.1,418,0,0.015709,1.012164,1.550514,1889000,15974.9
1890,1000,49.0849,9,0.18,,2,0,5,2.2776,0,614,0.2115,727.1,753,0,0.015711,0.963128,1.908589,1890000,15983.3
1891,1000,82.4342,11,0.22,,1,0,5,2.2776,0,243,0.1735,810.2,784,0,0.015966,0.719859,2.170063,1891000,15991.9
1892,1000,61.3768,9,0.18,,2,0,5,2.2776,0,241,0.1148,586.4,924,0,0.015783,2.075052,2.038198,1892000,16000.6
1893,1000,101.4653,10,0.2,,2,0,5,2.5,1,561,0.1593,774.3,345,0,0.015501,0.854131,2.532416,1893000,16008.9
1894,1000,63.0686,10,0.2,,2,0,5,2.5,0,42,0.0855,566.3,708,0,0.015381,0.739942,2.26934,1894000,16017.4
1895,1000,57.8905,10,0.2,,2,0,5,2.5,0,127,0.1908,594.7,518,0,0.015838,1.500119,1.743117,1895000,16025.8
1896,1000,124.5725,12,0.24,,2,0,7,3.0822,1,578,0.1435,664.5,765,0,0.015925,1.214752,2.107794,1896000,16034.0
1897,1000,148.8756,11,0.22,,2,0,6,2.7726,2,53,0.0755,570.0,721,0,0.015613,0.72559,1.578092,1897000,16042.2
1898,1000,68.8256,9,0.18,,2,0,5,2.2776,0,24,0.1795,595.8,796,0,0.015394,0.925869,2.191257,1898000,16050.3
1899,1000,60.6904,9,0.18,,2,0,5,2.2776,0,78,0.1017,601.7,296,0,0.01509,1.436499,2.356841,1899000,16058.4
1900,1000,81.6278,10,0.2,,2,0,5,2.5,0,0,0.174,655.5,298,0,0.014986,0.81455,2.548625,1900000,16066.4
1901,1000,51.4603,7,0.14,,2,0,4,1.7854,0,0,0.1578,591.4,170,0,0.015007,0.792647,1.82573,1901000,16074.8
1902,1000,89.4551,10,0.2,,2,0,5,2.5,0,223,0.071,644.9,904,0,0.015276,1.066478,2.341989,1902000,16083.0
1903,1000,112.4589,10,0.2,,2,0,5,2.5,1,578,0.1807,840.2,194,0,0.015176,0.979953,2.876822,1903000,16091.3
1904,1000,148.6573,10,0.2,,2,0,5,2.5,2,99,0.068,671.3,242,0,0.015009,0.737798,2.04113,1904000,16099.5
1905,1000,126.5736,12,0.24,,2,0,7,3.0822,1,33,0.0065,505.9,949,0,0.015466,0.758846,2.603668,1905000,16107.8
1906,1000,77.5692,9,0.18,,2,0,5,2.2776,0,0,0.2067,630.1,273,0,0.015537,0.979612,2.497217,1906000,16116.0
1907,1000,31.2065,8,0.16,,2,0,4,2.0,0,93,0.1588,624.9,272,0,0.015604,0.697699,2.210236,1907000,16124.8
1908,1000,78.8109,10,0.2,,2,0,5,2.5,0,310,0.1963,844.8,845,0,0.015485,2.116804,2.604109,1908000,16133.2
1909,1000,82.101,10,0.2,,1,0,5,2.0616,0,393,0.1715,725.4,776,0,0.015438,2.063476,2.312636,1909000,16141.6
1910,1000,60.0401,10,0.2,,2,0,5,2.5,0,43,0.2465,656.1,330,0,0.015292,0.710061,1.980234,1910000,16150.1
1911,1000,96.7324,11,0.22,,1,0,5,2.2776,0,74,0.1923,679.7,585,0,0.015448,0.711416,1.957698,1911000,16158.5
1912,1000,98.6495,10,0.2,,2,0,5,2.5,1,0,0.0645,539.5,356,0,0.015368,0.934808,2.216396,1912000,16167.0
1913,1000,81.3861,10,0.2,,2,0,5,2.5,0,37,0.1507,732.2,440,0,0.015475,0.911365,2.065168,1913000,16175.3
1914,1000,149.8105,11,0.22,,2,0,6,2.7726,2,40,0.0785,520.2,814,0,0.015599,0.882674,2.636609,1914000,16183.6
1915,1000,65.4097,10,0.2,,2,0,5,2.5,0,14,0.1128,675.2,310,0,0.015445,0.625502,3.20265,1915000,16191.8
1916,1000,78.5949,10,0.2,,2,0,5,2.5,0,474,0.2712,667.3,586,0,0.015817,1.320745,2.458328,1916000,16200.2
1917,1000,55.2021,9,0.18,,2,0,5,2.2776,0,852,0.2745,616.0,759,0,0.015742,0.64742,2.347921,1917000,16208.6
1918,1000,195.6299,14,0.28,,2,0,9,3.7749,2,32,0.1593,644.6,832,0,0.015556,0.887541,1.598673,1918000,16216.8
1919,1000,75.0023,10,0.2,,2,0,5,2.5,0,10,0.1115,553.6,406,0,0.016016,0.808665,1.64193,1919000,16225.7
1920,1000,211.6405,17,0.34,,2,0,9,4.2647,2,17,0.05,553.9,912,0,0.015901,1.163768,2.306723,1920000,16234.6
1921,1000,79.3105,10,0.2,,2,0,5,2.5,0,17,0.0747,599.5,264,0,0.01609,1.005046,2.088415,1921000,16243.4
1922,1000,105.1886,10,0.2,,2,0,5,2.5,1,0,0.0,468.7,357,0,0.015761,1.049122,2.045561,1922000,16251.6
1923,1000,72.5091,10,0.2,,2,0,5,2.5,0,860,0.1958,660.1,341,0,0.015712,0.878501,2.063356,1923000,16259.8
1924,1000,87.1898,10,0.2,,2,0,5,2.5,0,0,0.09,580.4,348,0,0.015758,0.994442,2.524269,1924000,16268.0
1925,1000,84.838,10,0.2,,2,0,5,2.5,0,118,0.0993,659.2,509,0,0.015745,1.302019,2.238824,1925000,16276.5
1926,1000,101.6164,9,0.18,,2,0,5,2.2776,1,0,0.0727,502.5,123,0,0.015338,0.876382,1.792712,1926000,16285.4
1927,1000,122.2102,11,0.22,,2,0,6,2.7726,1,1,0.0203,543.3,633,0,0.014565,0.622508,2.043272,1927000,16293.7
1928,1000,302.7352,21,0.42,,2,0,11,5.2619,3,97,0.1242,681.7,952,0,0.015245,0.753816,2.079342,1928000,16302.0
1929,1000,109.0354,10,0.2,,2,0,5,2.5,1,16,0.1285,592.5,158,0,0.015488,1.084839,1.661628,1929000,16310.2
1930,1000,117.0449,10,0.2,,2,0,5,2.5,1,0,0.0022,504.4,700,0,0.015226,0.765165,1.426937,1930000,16318.4
1931,1000,30.3505,7,0.14,,2,0,4,1.7854,0,1,0.0717,502.5,259,0,0.015137,0.815155,1.97242,1931000,16326.4
1932,1000,93.6344,10,0.2,,2,0,5,2.5,0,3,0.074,567.7,800,0,0.01547,0.913864,1.923559,1932000,16334.8
1933,1000,67.7807,9,0.18,,2,0,5,2.2776,0,130,0.1462,637.6,430,0,0.015552,0.73873,2.108359,1933000,16343.0
1934,1000,82.7969,10,0.2,,2,0,5,2.5,0,0,0.0602,743.7,215,0,0.01539,0.816394,1.580821,1934000,16351.4
1935,1000,121.4046,11,0.22,,2,0,6,2.7726,1,5,0.0442,525.4,608,0,0.01492,0.905344,1.909675,1935000,16359.9
1936,1000,178.2905,13,0.26,,1,0,7,2.8614,2,5,0.071,532.2,978,0,0.014617,0.936051,1.590873,1936000,16369.0
1937,1000,44.4113,8,0.16,,2,0,4,2.0,0,0,0.023,504.2,159,0,0.014786,0.779679,1.855834,1937000,16377.5
1938,1000,79.8787,10,0.2,,2,0,5,2.5,0,185,0.1583,540.1,237,0,0.0147,0.777596,1.598718,1938000,16386.1
1939,1000,141.7422,14,0.28,,2,0,9,3.7749,1,0,0.0737,649.3,740,0,0.014955,0.841997,2.032115,1939000,16394.2
1940,1000,62.5381,9,0.18,,2,0,5,2.2776,0,24,0.0283,554.1,112,0,0.014406,0.717683,1.912978,1940000,16402.3
1941,1000,64.4502,9,0.18,,2,0,5,2.2776,0,0,0.0168,502.5,112,0,0.014287,0.684451,1.978527,1941000,16410.9
1942,1000,128.9015,10,0.2,,2,0,5,2.5,1,66,0.1003,713.6,201,0,0.014463,0.866517,1.70979,1942000,16419.3
1943,1000,91.3121,8,0.16,,2,0,5,2.1213,1,0,0.0943,539.5,236,0,0.014515,1.770816,1.586742,1943000,16427.9
1944,1000,58.4807,9,0.18,,2,0,5,2.2776,0,0,0.0115,539.7,253,0,0.014098,0.886216,1.775195,1944000,16436.3
1945,1000,54.3117,8,0.16,,2,0,5,2.1213,0,0,0.0238,577.3,401,0,0.014015,0.856361,1.645732,1945000,16444.8
1946,1000,67.17,9,0.18,,2,0,5,2.2776,0,7,0.036,570.4,743,0,0.014188,0.751627,1.55294,1946000,16453.7
1947,1000,113.9449,11,0.22,,1,0,6,2.3848,1,0,0.0,462.9,998,0,0.014268,0.850456,1.070438,1947000,16462.2
1948,1000,88.2182,10,0.2,,2,0,5,2.5,0,0,0.0357,525.0,765,0,0.014243,0.686731,1.250878,1948000,16471.0
1949,1000,96.1982,10,0.2,,2,0,5,2.5,0,0,0.0688,581.7,429,0,0.014158,0.820883,1.559344,1949000,16480.6
1950,1000,95.7272,10,0.2,,2,0,6,2.5981,1,11,0.0,499.8,957,0,0.014171,0.765239,2.077311,1950000,16490.4
1951,1000,149.3096,10,0.2,,2,0,5,2.5,2,403,0.1113,583.8,156,0,0.014133,1.348588,1.481461,1951000,16500.0
1952,1000,72.1005,10,0.2,,2,0,5,2.5,0,186,0.1065,581.1,572,0,0.014253,0.922525,0.271524,1952000,16508.8
1953,1000,59.6453,10,0.2,,2,0,5,2.5,0,0,0.0003,500.7,436,0,0.01452,0.904227,1.200109,1953000,16517.1
1954,1000,75.4866,10,0.2,,2,0,5,2.5,0,0,0.015,502.5,475,0,0.014095,1.151356,1.114145,1954000,16525.5
1955,1000,93.5311,11,0.22,,1,0,5,2.2776,0,6,0.1527,611.6,859,0,0.014099,0.789131,0.509817,1955000,16533.7
1956,1000,71.6315,9,0.18,,2,0,5,2.2776,0,177,0.1328,616.2,455,0,0.013988,1.271288,1.671849,1956000,16542.4
1957,1000,92.9481,10,0.2,,2,0,5,2.5,0,10,0.03,516.9,480,0,0.014251,1.701136,0.511005,1957000,16551.1
1958,1000,47.1919,7,0.14,,2,0,4,1.7854,0,0,0.0805,502.5,78,0,0.014466,0.790565,1.507421,1958000,16560.1
1959,1000,155.4287,14,0.28,,2,0,9,3.7749,1,358,0.1118,746.5,848,0,0.014344,0.754143,1.293995,1959000,16568.6
1960,1000,112.818,10,0.2,,2,0,6,2.5981,1,13,0.081,590.8,788,0,0.014283,0.79323,1.308556,1960000,16576.9
1961,1000,56.4524,8,0.16,,2,0,5,2.1213,0,0,0.0515,550.7,402,0,0.014193,0.697353,0.978618,1961000,16585.0
1962,1000,70.5526,10,0.2,,2,0,5,2.5,0,16,0.051,829.5,606,0,0.014396,0.73002,0.715066,1962000,16593.6
1963,1000,78.2915,10,0.2,,2,0,5,2.5,0,0,0.0,492.1,565,0,0.014135,0.835225,1.350317,1963000,16602.0
1964,1000,158.1394,15,0.3,,2,0,10,4.1458,1,381,0.118,672.2,910,0,0.014312,0.798831,1.173422,1964000,16610.3
1965,1000,82.6535,10,0.2,,1,0,5,2.0616,0,11,0.0462,609.0,932,0,0.014004,1.056696,1.22085,1965000,16619.0
1966,1000,88.6177,10,0.2,,2,0,5,2.5,0,185,0.1767,703.5,443,0,0.013863,0.881252,0.121364,1966000,16627.5
1967,1000,113.4862,10,0.2,,2,0,5,2.5,1,89,0.0963,574.5,231,0,0.013776,0.949937,0.836066,1967000,16635.9
1968,1000,90.7179,10,0.2,,2,0,5,2.5,0,0,0.0525,636.4,610,0,0.013991,0.823293,1.092538,1968000,16644.1
1969,1000,154.0867,14,0.28,,2,0,9,3.7749,1,56,0.0442,710.8,968,0,0.013843,0.806617,0.40245,1969000,16652.3
1970,1000,145.8321,14,0.28,,2,0,10,4.0927,1,69,0.104,671.3,766,0,0.014033,0.718888,0.861932,1970000,16660.4
1971,1000,61.3163,9,0.18,,2,0,5,2.2776,0,10,0.0685,639.2,343,0,0.013953,0.856081,0.712473,1971000,16668.8
1972,1000,87.7956,10,0.2,,2,0,5,2.5,0,0,0.0043,520.8,318,0,0.013934,2.032207,0.166992,1972000,16676.7
1973,1000,54.963,8,0.16,,2,0,4,2.0,0,0,0.0935,535.6,252,0,0.013861,0.596499,0.881225,1973000,16685.0
1974,1000,82.5247,10,0.2,,2,0,5,2.5,1,0,0.0,469.1,533,0,0.013698,0.953169,1.453188,1974000,16693.5
1975,1000,71.9826,9,0.18,,2,0,5,2.2776,0,1,0.1035,631.9,236,0,0.013862,0.666039,1.18355,1975000,16701.7
1976,1000,134.9126,12,0.24,,2,0,7,3.0822,1,82,0.116,699.2,884,0,0.013825,0.726199,0.568021,1976000,16710.0
1977,1000,92.3337,8,0.16,,2,0,5,2.1213,1,145,0.2018,520.8,590,0,0.013732,0.904346,0.758582,1977000,16718.7
1978,1000,155.6559,12,0.24,,2,0,7,3.0822,2,0,0.0435,748.6,931,0,0.013912,0.876514,0.686878,1978000,16726.8
1979,1000,89.209,10,0.2,,2,0,5,2.5,0,227,0.2705,650.2,194,0,0.013472,0.900678,0.853054,1979000,16734.8
1980,1000,160.5215,14,0.28,,2,0,9,3.7749,1,0,0.0467,564.4,803,0,0.013743,1.009116,0.909661,1980000,16743.3
1981,1000,74.4077,9,0.18,,2,0,5,2.2776,0,0,0.07,594.8,310,0,0.013743,1.058529,0.496993,1981000,16752.1
1982,1000,66.4584,8,0.16,,2,0,5,2.1213,1,26,0.0395,533.9,297,0,0.013547,0.94297,0.434915,1982000,16760.7
1983,1000,62.0718,9,0.18,,2,0,5,2.2776,0,0,0.0978,516.8,738,0,0.013678,1.095274,0.299188,1983000,16769.1
1984,1000,93.2079,10,0.2,,2,0,5,2.5,0,164,0.0927,676.0,251,0,0.013832,0.72209,0.265702,1984000,16777.5
1985,1000,99.6706,10,0.2,,2,0,5,2.5,1,24,0.0158,563.2,847,0,0.013877,1.074782,0.300149,1985000,16786.3
1986,1000,75.5355,9,0.18,,2,0,5,2.2776,0,306,0.1923,708.1,778,0,0.014314,0.826981,1.015322,1986000,16794.7
1987,1000,82.9764,8,0.16,,2,0,5,2.1213,1,0,0.0135,502.2,215,0,0.014085,0.778609,1.032338,1987000,16803.2
1988,1000,82.811,10,0.2,,2,0,5,2.5,0,9,0.0717,544.0,264,0,0.013994,0.947708,0.298468,1988000,16811.2
1989,1000,56.1635,7,0.14,,2,0,4,1.7854,0,12,0.1933,554.2,126,0,0.013714,0.821932,0.180519,1989000,16819.5
1990,1000,58.514,9,0.18,,1,0,4,1.7854,0,0,0.0372,536.5,900,0,0.013934,0.64264,0.316658,1990000,16827.9
1991,1000,115.0193,9,0.18,,2,0,5,2.2776,1,0,0.072,607.8,943,0,0.014256,0.755051,0.050854,1991000,16836.4
1992,1000,120.8526,11,0.22,,2,0,7,2.9475,1,0,0.0607,506.6,992,0,0.014087,0.776958,0.042943,1992000,16844.9
1993,1000,144.0347,13,0.26,,2,0,8,3.4187,1,86,0.0777,632.4,969,0,0.013863,0.756485,0.41476,1993000,16852.9
1994,1000,83.2737,10,0.2,,2,0,5,2.5,0,7,0.1133,605.0,271,0,0.013661,0.721994,0.263013,1994000,16861.3
1995,1000,75.722,9,0.18,,2,0,5,2.2776,0,6,0.0973,560.9,445,0,0.013774,0.662422,0.198102,1995000,16869.7
1996,1000,88.0703,10,0.2,,2,0,5,2.5,0,0,0.0057,509.8,437,0,0.013611,1.075598,0.562924,1996000,16878.0
1997,1000,85.8704,10,0.2,,2,0,5,2.5,1,0,0.0198,557.6,310,0,0.013992,0.818888,0.444868,1997000,16886.1
1998,1000,98.4386,10,0.2,,2,0,5,2.5,0,16,0.1365,587.1,550,0,0.014013,0.851761,1.016016,1998000,16894.6
1999,1000,129.0594,11,0.22,,2,0,6,2.7726,1,6,0.0722,593.1,864,0,0.013942,0.941158,0.484297,1999000,16903.3
2000,1000,80.0451,10,0.2,,2,0,5,2.5,0,50,0.1175,845.2,452,0,0.013586,2.782994,-0.273923,2000000,16912.2
2001,1000,27.9607,7,0.14,,2,0,4,1.7854,0,247,0.1225,556.3,425,0,0.013417,0.877641,-0.634605,2001000,16921.0
2002,1000,41.104,6,0.12,,2,0,5,2.0616,0,127,0.2052,557.8,911,0,0.013599,1.049616,0.163437,2002000,16929.6
2003,1000,171.563,15,0.3,,2,0,10,4.1458,1,18,0.1323,593.3,839,0,0.013862,1.031669,0.044051,2003000,16938.3
2004,1000,46.9799,10,0.2,,2,0,5,2.5,0,0,0.1345,552.4,179,0,0.013771,0.593353,-0.247087,2004000,16947.3
2005,1000,106.8696,10,0.2,,2,0,5,2.5,1,190,0.0375,647.5,930,0,0.013799,0.875991,-0.286377,2005000,16956.2
2006,1000,79.8041,11,0.22,,1,0,5,2.2776,0,294,0.2177,816.8,508,0,0.013588,0.626125,0.380446,2006000,16964.8
2007,1000,139.1458,12,0.24,,2,0,7,3.0822,1,18,0.0408,580.8,864,0,0.013802,0.631181,0.073444,2007000,16973.1
2008,1000,37.178,8,0.16,,2,0,5,2.1213,0,2,0.0288,587.7,992,0,0.01377,0.69884,-0.405941,2008000,16982.0
2009,1000,55.0005,9,0.18,,2,0,5,2.2776,0,6,0.0717,575.9,463,0,0.013694,0.911422,-0.030295,2009000,16990.3
2010,1000,112.962,11,0.22,,2,0,8,3.2692,1,92,0.068,734.8,966,0,0.013599,0.87899,-0.225829,2010000,16998.5
2011,1000,80.6002,10,0.2,,2,0,5,2.5,0,0,0.0352,526.6,469,0,0.013458,0.625203,0.475676,2011000,17006.6
2012,1000,67.8302,9,0.18,,2,0,5,2.2776,0,9,0.2155,644.9,251,0,0.013176,0.823436,0.018334,2012000,17014.7
2013,1000,77.3225,9,0.18,,2,0,5,2.2776,0,108,0.0535,518.2,596,0,0.013282,0.886088,0.355081,2013000,17022.9
2014,1000,98.7307,9,0.18,,2,0,5,2.2776,1,3,0.034,525.6,652,0,0.013724,1.065271,-0.383976,2014000,17030.9
2015,1000,81.9264,8,0.16,,2,0,5,2.1213,1,118,0.1378,547.8,951,0,0.013339,0.786694,-0.667546,2015000,17039.2
2016,1000,66.5038,9,0.18,,2,0,5,2.2776,0,120,0.1052,570.0,793,0,0.013912,0.87082,-0.50802,2016000,17047.3
2017,1000,58.6795,9,0.18,,2,0,5,2.2776,1,0,0.0037,522.2,160,0,0.013672,0.640925,-0.316924,2017000,17055.4
2018,1000,47.9432,8,0.16,,2,0,5,2.1213,0,471,0.2303,687.7,938,0,0.013248,0.71826,-0.457067,2018000,17063.7
2019,1000,78.1951,9,0.18,,2,0,5,2.2776,0,0,0.098,539.7,598,0,0.013627,0.647151,-0.301048,2019000,17071.8
2020,1000,85.672,10,0.2,,2,0,5,2.5,1,42,0.1017,746.7,727,0,0.013897,0.92512,0.19469,2020000,17080.1
2021,1000,50.4749,7,0.14,,2,0,4,1.7854,0,0,0.1368,509.6,393,0,0.013869,0.903463,-0.516981,2021000,17088.7
2022,1000,118.4899,12,0.24,,2,0,7,3.0822,1,385,0.1502,663.0,384,0,0.014017,1.076996,-0.552639,2022000,17097.3
2023,1000,110.7197,11,0.22,,1,0,5,2.2776,1,0,0.0772,527.1,825,0,0.014251,0.764803,-1.046142,2023000,17105.4
2024,1000,145.1265,13,0.26,,2,0,8,3.4187,1,292,0.0902,788.6,789,0,0.014175,0.881582,-0.402231,2024000,17113.6
2025,1000,-3.4738,6,0.12,,2,0,4,1.6583,0,0,0.0995,502.5,78,0,0.013916,0.947827,-0.375394,2025000,17121.7
2026,1000,77.0725,9,0.18,,2,0,5,2.2776,0,64,0.0405,525.3,316,0,0.013968,1.044361,0.02515,2026000,17130.0
2027,1000,68.1889,10,0.2,,2,0,5,2.5,0,145,0.1202,614.2,899,0,0.014153,1.22303,-0.859284,2027000,17138.2
2028,1000,69.1272,8,0.16,,2,0,5,2.1213,0,118,0.1653,677.4,572,0,0.014192,0.877292,-0.454186,2028000,17146.4
2029,1000,122.6028,11,0.22,,2,0,6,2.7726,1,184,0.0555,571.8,812,0,0.013798,0.982382,-0.356187,2029000,17154.8
2030,1000,137.9905,12,0.24,,2,0,7,3.0822,1,0,0.0,483.3,739,0,0.013992,1.23791,0.525131,2030000,17163.0
2031,1000,117.1719,11,0.22,,2,0,8,3.2692,1,0,0.0522,505.4,873,0,0.013852,1.169714,-0.106735,2031000,17171.4
2032,1000,61.3175,10,0.2,,2,0,5,2.5,0,72,0.0673,502.5,645,0,0.013905,0.920253,0.476645,2032000,17179.9
2033,1000,43.6039,8,0.16,,2,0,5,2.1213,0,1241,0.1653,676.3,276,0,0.013703,1.04496,0.026676,2033000,17188.4
2034,1000,72.382,9,0.18,,2,0,5,2.2776,0,835,0.412,717.1,615,0,0.013898,0.736297,-0.125916,2034000,17197.0
2035,1000,83.8119,10,0.2,,2,0,5,2.5,0,393,0.1722,601.9,299,0,0.014042,0.692146,-0.360616,2035000,17205.3
2036,1000,69.2445,8,0.16,,2,0,5,2.1213,0,192,0.1915,502.5,415,0,0.014225,0.733016,-0.250313,2036000,17213.7
2037,1000,70.0119,10,0.2,,2,0,5,2.5,0,0,0.0173,501.6,429,0,0.013627,0.804731,-0.462274,2037000,17221.9
2038,1000,75.7655,10,0.2,,2,0,5,2.5,0,31,0.1933,750.5,557,0,0.013835,1.404548,-0.148132,2038000,17230.3
2039,1000,54.8548,10,0.2,,2,0,5,2.5,0,93,0.0865,590.7,522,0,0.013701,0.816241,-0.585138,2039000,17238.2
2040,1000,73.7864,9,0.18,,2,0,5,2.2776,0,89,0.1435,509.9,158,0,0.013686,0.812599,-0.330591,2040000,17246.5
2041,1000,42.0735,10,0.2,,2,0,5,2.5,0,301,0.0293,506.2,160,0,0.013735,1.39647,0.233682,2041000,17255.0
2042,1000,55.3525,10,0.2,,2,0,5,2.5,0,1096,0.166,630.9,777,0,0.013721,0.71982,-0.600402,2042000,17264.1
2043,1000,126.1109,11,0.22,,2,0,6,2.7726,1,279,0.0833,551.7,710,0,0.013839,0.836081,-0.975133,2043000,17272.4
2044,1000,92.2598,10,0.2,,2,0,6,2.5981,1,17,0.0047,561.1,970,0,0.014129,1.420086,-0.540559,2044000,17280.8
2045,1000,64.8234,9,0.18,,2,0,5,2.2776,0,0,0.0217,557.2,436,0,0.014091,1.144363,-0.440627,2045000,17289.3
2046,1000,88.3367,8,0.16,,2,0,7,2.9155,1,0,0.0745,532.3,754,0,0.014223,0.7553,-0.586156,2046000,17297.7
2047,1000,89.1659,8,0.16,,2,0,5,2.1213,1,271,0.1217,570.8,415,0,0.013883,1.010025,-1.164442,2047000,17306.4
2048,1000,85.3045,9,0.18,,2,0,5,2.2776,0,16,0.2003,749.7,506,0,0.014167,0.747035,-0.464301,2048000,17315.3
2049,1000,50.7379,8,0.16,,2,0,4,2.0,0,0,0.025,504.1,173,0,0.013991,0.820359,-0.085361,2049000,17323.9
2050,1000,58.0157,8,0.16,,2,0,5,2.1213,0,18,0.086,568.2,425,0,0.013938,1.022082,-0.622181,2050000,17332.5
2051,1000,61.5519,9,0.18,,2,0,5,2.2776,0,17,0.074,536.8,594,0,0.01349,0.89996,-0.341517,2051000,17341.4
2052,1000,116.7238,10,0.2,,2,0,6,2.5981,1,0,0.0838,508.6,939,0,0.013451,0.733494,0.072064,2052000,17349.7
2053,1000,68.3234,8,0.16,,2,0,4,2.0,0,15,0.1295,582.4,734,0,0.013436,0.663073,0.341151,2053000,17357.7
2054,1000,107.7333,9,0.18,,2,0,5,2.2776,1,0,0.085,580.8,464,0,0.01362,0.669215,0.015403,2054000,17366.1
2055,1000,54.7913,8,0.16,,2,0,5,2.1213,0,177,0.047,502.5,745,0,0.013722,0.854333,-0.611165,2055000,17374.4
2056,1000,76.0931,9,0.18,,2,0,5,2.2776,0,67,0.0683,566.2,591,0,0.013613,0.737743,0.063843,2056000,17382.6
2057,1000,120.0506,10,0.2,,2,0,5,2.5,1,369,0.2365,646.1,967,0,0.013515,0.802238,-0.155637,2057000,17390.6
2058,1000,116.305,10,0.2,,2,0,5,2.5,1,250,0.1175,665.4,687,0,0.013761,0.797684,-0.155497,2058000,17399.2
2059,1000,85.706,9,0.18,,2,0,5,2.2776,0,123,0.1643,722.4,595,0,0.014048,0.913246,-0.43055,2059000,17407.6
2060,1000,77.4515,10,0.2,,2,0,5,2.5,0,35,0.0845,554.9,203,0,0.013966,0.719141,-0.398795,2060000,17415.9
2061,1000,118.4425,12,0.24,,2,0,8,3.3166,1,58,0.184,588.3,967,0,0.014005,0.680665,0.276656,2061000,17424.2
2062,1000,65.5655,8,0.16,,2,0,5,2.1213,0,747,0.1835,686.8,857,0,0.013944,1.24034,-0.435363,2062000,17432.8
2063,1000,83.1268,9,0.18,,2,0,5,2.2776,0,330,0.195,805.4,357,0,0.014035,1.008353,-0.40491,2063000,17441.2
2064,1000,99.2427,8,0.16,,2,0,6,2.4495,1,0,0.1305,718.3,929,0,0.01428,0.870491,-0.667408,2064000,17449.6
2065,1000,71.4098,8,0.16,,2,0,5,2.1213,0,0,0.0158,591.1,902,0,0.01425,1.183272,-0.629812,2065000,17458.0
2066,1000,78.1484,10,0.2,,2,0,5,2.5,0,0,0.0187,542.7,847,0,0.014308,1.242679,-0.282126,2066000,17466.9
2067,1000,98.7912,10,0.2,,2,0,5,2.5,0,100,0.2082,705.2,943,0,0.014244,0.811769,-1.076039,2067000,17475.9
2068,1000,103.9399,10,0.2,,2,0,5,2.5,1,0,0.008,517.0,275,0,0.014176,1.029217,-0.476655,2068000,17484.8
2069,1000,139.0795,10,0.2,,2,0,5,2.5,2,55,0.0823,523.4,481,0,0.013923,0.680409,-0.435763,2069000,17493.4
2070,1000,67.9904,9,0.18,,2,0,5,2.2776,0,0,0.0032,514.7,899,0,0.01411,0.744259,-0.493329,2070000,17501.9
2071,1000,94.5055,9,0.18,,2,0,5,2.2776,1,49,0.015,500.7,117,0,0.014008,0.982763,0.238839,2071000,17510.4
2072,1000,58.9666,7,0.14,,2,0,5,2.0463,0,40,0.1015,656.3,724,0,0.014121,0.815187,-0.979341,2072000,17518.9
2073,1000,106.8977,10,0.2,,2,0,5,2.5,1,0,0.108,540.6,870,0,0.01412,1.042609,0.32537,2073000,17527.1
2074,1000,123.5292,11,0.22,,2,0,7,2.9475,1,0,0.048,620.7,992,0,0.014095,0.655427,-0.296496,2074000,17535.6
2075,1000,20.501,6,0.12,,2,0,3,1.5,0,1854,0.253,772.6,113,0,0.014161,0.616878,-0.48533,2075000,17544.0
2076,1000,49.8245,7,0.14,,2,0,4,1.7854,0,278,0.225,684.1,749,0,0.014615,0.920566,-0.614392,2076000,17552.5
2077,1000,21.5346,6,0.12,,2,0,4,1.6583,0,444,0.1898,550.5,960,0,0.014481,0.971914,-0.132243,2077000,17561.5
2078,1000,53.8118,8,0.16,,2,0,4,2.0,0,0,0.0018,501.5,293,0,0.014546,1.102252,0.435068,2078000,17570.2
2079,1000,75.3152,9,0.18,,2,0,5,2.2776,0,198,0.0973,588.7,773,0,0.014312,0.743569,-0.563946,2079000,17578.7
2080,1000,62.7008,8,0.16,,2,0,5,2.1213,0,236,0.137,533.9,647,0,0.014992,1.097849,-0.076739,2080000,17586.9
2081,1000,92.702,9,0.18,,2,0,5,2.2776,1,0,0.0,468.4,373,0,0.014917,1.122619,-1.582379,2081000,17595.0
2082,1000,79.3229,9,0.18,,2,0,5,2.2776,0,0,0.1893,651.3,263,0,0.015067,0.731269,-0.467933,2082000,17603.3
2083,1000,80.1913,9,0.18,,2,0,5,2.2776,1,279,0.0478,534.5,398,0,0.015091,0.824987,-0.883662,2083000,17611.7
2084,1000,111.2117,11,0.22,,2,0,6,2.7726,1,0,0.0445,619.5,802,0,0.015219,1.018085,-1.028401,2084000,17620.3
2085,1000,61.7452,8,0.16,,2,0,5,2.1213,0,61,0.1065,572.8,965,0,0.014979,0.775561,-0.324288,2085000,17628.4
2086,1000,36.948,7,0.14,,2,0,4,1.7854,0,680,0.1545,767.0,605,0,0.014762,1.56705,-0.285803,2086000,17636.9
2087,1000,81.247,10,0.2,,2,0,5,2.5,0,26,0.0047,502.5,359,0,0.014752,0.716915,-1.390651,2087000,17645.1
2088,1000,121.0121,10,0.2,,2,0,5,2.5,1,14,0.0,500.0,273,0,0.014528,0.802208,-0.589144,2088000,17653.1
2089,1000,18.0269,5,0.1,,2,0,3,1.299,0,1056,0.1708,734.0,155,0,0.014615,0.987908,-0.97661,2089000,17661.3
2090,1000,80.6878,10,0.2,,2,0,5,2.5,0,433,0.236,697.0,595,0,0.015118,0.790983,-0.643528,2090000,17669.6
2091,1000,70.8985,9,0.18,,2,0,5,2.2776,0,1144,0.2127,863.1,635,0,0.014911,0.900492,-0.228869,2091000,17678.0
2092,1000,89.2645,10,0.2,,2,0,5,2.5,0,149,0.1785,772.2,487,0,0.015004,0.813111,-0.65318,2092000,17686.3
2093,1000,39.1494,5,0.1,,1,0,2,0.8292,0,0,0.0375,515.0,758,0,0.014702,0.759398,-0.22549,2093000,17694.5
2094,1000,90.6281,10,0.2,,2,0,5,2.5,0,0,0.0,490.6,387,0,0.015102,0.631525,-1.062878,2094000,17702.6
2095,1000,156.0924,11,0.22,,2,0,6,2.7726,2,14,0.0248,570.1,1000,0,0.01525,1.090921,-0.651404,2095000,17711.0
2096,1000,91.7183,8,0.16,,2,0,5,2.1213,1,0,0.0037,502.5,191,0,0.015411,0.740265,-1.222068,2096000,17719.1
2097,1000,79.7872,9,0.18,,2,0,5,2.2776,0,97,0.0387,544.9,981,0,0.015599,1.28273,-1.329874,2097000,17727.5
2098,1000,94.4831,9,0.18,,2,0,6,2.4875,1,0,0.0633,502.5,788,0,0.01557,0.852958,-0.72635,2098000,17735.5
2099,1000,41.7165,7,0.14,,2,0,5,2.0463,0,190,0.1355,580.2,597,0,0.015742,1.630749,-1.318306,2099000,17743.5
2100,1000,72.5742,10,0.2,,2,0,5,2.5,0,39,0.1688,528.1,452,0,0.015725,1.329929,-1.63778,2100000,17751.5
2101,1000,83.6564,10,0.2,,2,0,5,2.5,0,0,0.0703,575.0,689,0,0.016028,1.04877,-0.746945,2101000,17759.7
2102,1000,108.6415,11,0.22,,2,0,6,2.7726,1,269,0.1685,750.2,978,0,0.015468,1.14203,-0.494915,2102000,17768.0
2103,1000,74.1184,9,0.18,,2,0,5,2.2776,0,0,0.0345,546.0,206,0,0.015433,1.268436,-0.661904,2103000,17776.5
2104,1000,79.4668,9,0.18,,2,0,5,2.2776,0,0,0.005,564.1,950,0,0.01553,1.008166,-0.527708,2104000,17784.9
2105,1000,81.3383,9,0.18,,1,0,5,1.9203,0,108,0.0478,540.9,648,0,0.015566,0.890035,-0.933839,2105000,17793.8
2106,1000,102.9292,10,0.2,,2,0,5,2.5,1,0,0.201,502.5,416,0,0.015689,0.665413,-0.779297,2106000,17802.1
2107,1000,63.2548,8,0.16,,2,0,5,2.1213,0,0,0.01,502.5,922,0,0.015723,0.647519,-0.204101,2107000,17810.5
2108,1000,63.2556,8,0.16,,2,0,4,2.0,0,302,0.112,577.5,196,0,0.015893,0.679089,-0.06901,2108000,17818.9
2109,1000,112.0302,10,0.2,,2,0,5,2.5,1,0,0.0393,520.4,339,0,0.015976,0.849794,-0.129458,2109000,17827.0
2110,1000,81.4389,9,0.18,,2,0,5,2.2776,0,160,0.1403,765.0,869,0,0.015764,1.049821,-0.801004,2110000,17835.1
2111,1000,86.0609,10,0.2,,2,0,5,2.5,0,0,0.0,465.2,907,0,0.015496,1.173836,-0.228308,2111000,17843.2
2112,1000,73.7136,8,0.16,,2,0,5,2.1213,0,2,0.0745,640.5,483,0,0.016052,0.80313,-0.282727,2112000,17851.6
2113,1000,122.9695,11,0.22,,2,0,7,2.9475,1,17,0.089,514.8,894,0,0.016068,1.301131,-0.765812,2113000,17859.9
2114,1000,61.8209,7,0.14,,2,0,4,1.7854,0,0,0.13,616.8,800,0,0.015861,0.746787,-0.832711,2114000,17868.5
2115,1000,103.758,9,0.18,,2,0,5,2.2776,1,26,0.0312,514.5,764,0,0.015999,1.428177,-1.312935,2115000,17877.0
2116,1000,53.6099,9,0.18,,2,0,5,2.2776,0,0,0.1983,552.0,539,0,0.016189,0.668579,-0.166469,2116000,17885.7
2117,1000,74.6441,9,0.18,,2,0,5,2.2776,0,1,0.0257,505.4,947,0,0.016417,0.807209,-0.505833,2117000,17894.1
2118,1000,115.1088,10,0.2,,2,0,6,2.5981,1,0,0.0163,516.9,835,0,0.01645,0.941478,0.045981,2118000,17902.3
2119,1000,42.924,7,0.14,,2,0,5,2.0463,0,312,0.076,502.5,681,0,0.016049,0.890354,0.007858,2119000,17910.8
2120,1000,38.7813,6,0.12,,2,0,4,1.6583,0,0,0.0,443.8,377,0,0.016029,0.818287,-0.308686,2120000,17919.3
2121,1000,85.2007,10,0.2,,2,0,5,2.5,0,106,0.105,630.6,784,0,0.015759,1.16207,0.689562,2121000,17927.7
2122,1000,137.3935,12,0.24,,2,0,7,3.0822,1,0,0.078,629.2,955,0,0.0162,1.060834,0.137067,2122000,17936.2
2123,1000,98.992,9,0.18,,2,0,5,2.2776,1,155,0.115,508.4,161,0,0.016082,0.837889,-0.122518,2123000,17944.4
2124,1000,81.7525,9,0.18,,2,0,5,2.2776,0,166,0.222,641.1,822,0,0.015935,1.146254,-0.533567,2124000,17952.7
2125,1000,66.9095,9,0.18,,2,0,5,2.2776,0,160,0.0185,545.0,959,0,0.015942,1.0687,-0.698696,2125000,17961.4
2126,1000,58.1677,9,0.18,,2,0,5,2.2776,0,784,0.2755,754.7,187,0,0.015592,0.903937,0.673141,2126000,17970.2
2127,1000,104.455,9,0.18,,2,0,5,2.2776,1,193,0.1118,728.1,705,0,0.015678,1.281539,-0.247274,2127000,17979.2
2128,1000,56.9554,9,0.18,,2,0,5,2.2776,0,56,0.1995,600.3,408,0,0.015717,0.887423,0.144186,2128000,17987.8
2129,1000,76.8936,9,0.18,,2,0,5,2.2776,0,0,0.0,458.2,771,0,0.015384,0.959121,-0.393413,2129000,17996.6
2130,1000,104.4319,9,0.18,,2,0,5,2.2776,1,3,0.0668,523.0,205,0,0.015438,0.869888,-0.230164,2130000,18004.8
2131,1000,47.177,7,0.14,,2,0,4,1.7854,0,752,0.3205,781.7,482,0,0.015602,0.833467,-0.141354,2131000,18013.2
2132,1000,96.2318,8,0.16,,2,0,5,2.1213,1,37,0.0757,502.5,385,0,0.016006,0.840061,0.271783,2132000,18021.6
2133,1000,41.1752,9,0.18,,2,0,5,2.2776,0,451,0.0003,502.3,470,0,0.016208,0.811123,-0.077003,2133000,18030.0
2134,1000,105.2286,10,0.2,,2,0,5,2.5,1,0,0.026,596.4,503,0,0.016208,0.94716,0.459643,2134000,18038.2
2135,1000,115.2748,10,0.2,,2,0,8,3.2787,1,0,0.0365,502.5,976,0,0.016252,1.084498,-0.29069,2135000,18046.8
2136,1000,85.2216,10,0.2,,2,0,5,2.5,0,0,0.002,502.5,809,0,0.016056,1.328832,0.197036,2136000,18055.2
2137,1000,53.3598,8,0.16,,2,0,4,2.0,0,0,0.0257,502.5,910,0,0.016091,0.914012,0.28331,2137000,18063.4
2138,1000,89.9487,9,0.18,,2,0,5,2.2776,1,0,0.019,510.0,229,0,0.015905,1.2593,0.232683,2138000,18071.5
2139,1000,107.7831,10,0.2,,2,0,5,2.5,1,256,0.2005,690.1,628,0,0.016093,0.830409,0.06869,2139000,18079.8
2140,1000,25.5948,5,0.1,,2,0,3,1.299,0,0,0.024,519.7,155,0,0.016289,0.921447,-0.131823,2140000,18088.1
2141,1000,128.5646,11,0.22,,2,0,7,2.9475,1,0,0.0,461.9,787,0,0.016348,1.878317,-0.75521,2141000,18096.5
2142,1000,72.7193,9,0.18,,2,0,5,2.2776,0,89,0.0092,503.1,442,0,0.016033,1.165722,-0.400976,2142000,18105.2
2143,1000,64.0783,8,0.16,,2,0,5,2.1213,0,13,0.0717,540.1,693,0,0.016548,0.82403,-0.886846,2143000,18114.0
2144,1000,58.7943,8,0.16,,2,0,4,2.0,0,0,0.0517,579.7,997,0,0.016082,0.987975,-0.203544,2144000,18122.4
2145,1000,79.5307,10,0.2,,2,0,5,2.5,0,32,0.0428,582.6,606,0,0.016246,1.087392,-0.666873,2145000,18131.0
2146,1000,70.957,9,0.18,,2,0,5,2.2776,1,24,0.0097,502.5,278,0,0.016134,0.879012,-0.355047,2146000,18139.9
2147,1000,26.8265,6,0.12,,2,0,5,2.0616,0,0,0.0535,531.4,288,0,0.015849,0.964741,-0.465448,2147000,18148.4
2148,1000,138.4785,12,0.24,,2,0,8,3.3166,1,18,0.0348,576.6,989,0,0.016145,0.744968,0.566429,2148000,18156.7
2149,1000,100.2665,9,0.18,,2,0,5,2.2776,1,63,0.0403,505.3,229,0,0.016577,1.694879,1.028188,2149000,18164.9
2150,1000,66.7274,8,0.16,,2,0,5,2.1213,0,32,0.27,612.0,624,0,0.016549,0.708036,0.823348,2150000,18173.1
2151,1000,46.1384,6,0.12,,2,0,5,2.0616,0,15,0.117,538.4,786,0,0.016263,1.106418,-0.362012,2151000,18181.2
2152,1000,124.6357,10,0.2,,2,0,5,2.5,1,0,0.04,570.8,282,0,0.016483,0.949406,-0.219921,2152000,18189.4
2153,1000,112.2194,10,0.2,,2,0,5,2.5,1,0,0.2132,613.9,922,0,0.016383,0.876195,-0.581578,2153000,18197.5
2154,1000,90.9545,8,0.16,,2,0,5,2.1213,1,60,0.0138,529.1,244,0,0.016559,2.313841,-0.375987,2154000,18205.6
2155,1000,58.7835,7,0.14,,2,0,4,1.7854,0,70,0.0118,502.5,975,0,0.016549,0.992815,0.121037,2155000,18213.6
2156,1000,58.6936,9,0.18,,2,0,5,2.2776,0,0,0.0537,625.9,754,0,0.016519,0.873544,-0.404446,2156000,18221.7
2157,1000,39.7582,5,0.1,,2,0,4,1.6394,0,94,0.1852,517.5,840,0,0.016785,0.914409,-0.213471,2157000,18229.8
2158,1000,31.724,6,0.12,,2,0,5,2.0616,0,16,0.1037,502.5,509,0,0.016923,1.297453,0.26819,2158000,18237.9
2159,1000,26.7615,5,0.1,,2,0,4,1.6394,0,0,0.0248,509.3,704,0,0.016727,1.107631,-0.177125,2159000,18245.9
2160,1000,10.5151,4,0.08,,3,0,4,1.7321,0,0,0.021,502.5,943,0,0.016845,0.857251,-0.078125,2160000,18254.3
2161,1000,43.1077,6,0.12,,2,0,5,2.0616,0,39,0.0318,573.2,760,0,0.016889,1.215963,-0.102016,2161000,18262.4
2162,1000,93.1729,7,0.14,,2,0,6,2.4875,1,0,0.1227,548.9,897,0,0.017036,1.496332,-0.231112,2162000,18270.5
2163,1000,109.9585,10,0.2,,2,0,6,2.5981,1,0,0.0127,505.1,997,0,0.017095,1.374142,-0.010207,2163000,18279.1
2164,1000,130.0819,11,0.22,,2,0,6,2.7726,1,43,0.0925,544.6,934,0,0.017284,1.636065,-0.285805,2164000,18287.6
2165,1000,45.474,6,0.12,,2,0,5,2.0616,0,0,0.0725,502.5,361,0,0.017438,1.007678,0.064553,2165000,18296.3
2166,1000,27.9052,5,0.1,,2,0,3,1.299,0,0,0.0875,542.3,862,0,0.017294,1.214305,-0.768023,2166000,18304.8
2167,1000,-32.8244,1,0.02,,3,0,1,0.433,0,1000,0.1565,637.2,14,0,0.017331,0.856554,-0.33352,2167000,18313.1
2168,1000,68.8187,9,0.18,,2,0,5,2.2776,0,71,0.107,547.5,695,0,0.017418,0.907984,-0.565081,2168000,18321.1
2169,1000,34.8971,6,0.12,,2,0,5,2.0616,0,0,0.0372,597.1,450,0,0.017514,0.809749,0.295377,2169000,18329.1
2170,1000,31.9981,5,0.1,,3,0,5,2.1651,0,69,0.1222,502.5,159,0,0.017208,1.303069,-0.060461,2170000,18337.3
2171,1000,67.2686,10,0.2,,2,0,5,2.5,0,423,0.1462,534.7,735,0,0.017652,0.980123,-0.873015,2171000,18345.9
2172,1000,63.8438,8,0.16,,2,0,4,2.0,0,0,0.0065,502.5,653,0,0.017707,1.376895,-0.285197,2172000,18354.1
2173,1000,48.7492,6,0.12,,2,0,3,1.5,0,29,0.0022,501.9,885,0,0.017559,0.767529,-0.530959,2173000,18362.8
2174,1000,86.3032,10,0.2,,2,0,5,2.5,0,0,0.0315,575.0,941,0,0.017902,0.829146,-1.490318,2174000,18371.7
2175,1000,43.8986,8,0.16,,2,0,5,2.1213,0,0,0.0485,513.7,653,0,0.017628,1.041219,-0.285287,2175000,18380.8
2176,1000,59.6768,8,0.16,,2,0,5,2.1213,0,13,0.0478,562.9,936,0,0.017301,0.726521,-0.923948,2176000,18389.0
2177,1000,-11.7723,6,0.12,,2,0,5,2.0616,0,445,0.2685,502.5,308,0,0.016849,0.833036,0.335412,2177000,18397.4
2178,1000,95.7322,9,0.18,,2,0,7,2.8614,1,16,0.0047,502.5,971,0,0.017168,1.412678,-0.859689,2178000,18405.6
2179,1000,35.9413,6,0.12,,2,0,3,1.5,0,29,0.0165,513.4,143,0,0.017128,1.441578,-0.695161,2179000,18414.2
2180,1000,44.5191,6,0.12,,2,0,4,1.6583,0,79,0.053,502.5,316,0,0.017021,2.326016,-0.793919,2180000,18422.6
2181,1000,69.3954,7,0.14,,2,0,5,2.0463,1,0,0.0553,502.5,259,0,0.01698,0.746797,-1.159015,2181000,18431.2
2182,1000,25.5958,6,0.12,,2,0,3,1.5,0,20,0.0643,522.9,96,0,0.01693,0.806626,-1.801299,2182000,18439.7
2183,1000,45.4859,7,0.14,,2,0,4,1.7854,0,14,0.0432,526.5,741,0,0.016883,0.869255,-1.368911,2183000,18448.4
2184,1000,48.7027,7,0.14,,2,0,5,2.0463,0,0,0.0,456.8,546,0,0.016578,0.996042,-0.763978,2184000,18457.1
2185,1000,58.8417,8,0.16,,2,0,5,2.1213,0,0,0.007,501.4,979,0,0.016674,0.917568,-0.195224,2185000,18465.4
2186,1000,59.6719,9,0.18,,2,0,5,2.2776,0,0,0.0027,500.8,994,0,0.01672,0.903041,-0.429618,2186000,18473.7
2187,1000,98.7409,9,0.18,,2,0,7,2.8614,1,0,0.012,502.5,955,0,0.016867,3.545979,-1.23823,2187000,18481.8
2188,1000,57.9441,8,0.16,,2,0,5,2.1213,0,7,0.048,521.1,724,0,0.017079,0.91107,-0.451845,2188000,18489.9
2189,1000,20.4317,6,0.12,,2,0,4,1.6583,0,0,0.11,502.5,291,0,0.017702,0.975797,-0.190465,2189000,18497.9
2190,1000,13.3552,5,0.1,,2,0,3,1.299,0,19,0.3237,630.0,311,0,0.017434,0.867744,-1.075221,2190000,18506.0
2191,1000,48.5653,7,0.14,,2,0,4,1.7854,0,31,0.0015,505.8,809,0,0.017027,0.997946,-1.726076,2191000,18514.1
2192,1000,48.6529,6,0.12,,2,0,5,2.0616,0,0,0.0,492.9,619,0,0.017196,1.911008,-1.348595,2192000,18522.5
2193,1000,16.2298,5,0.1,,2,0,3,1.299,0,0,0.0003,500.1,625,0,0.017277,1.591885,-1.021462,2193000,18530.9
2194,1000,-0.9209,2,0.04,,2,0,1,0.5,0,395,0.0867,510.5,558,0,0.017167,0.974465,-1.252091,2194000,18538.9
2195,1000,15.1331,3,0.06,,3,0,3,1.299,0,0,0.0953,510.7,271,0,0.01711,0.758898,-0.196491,2195000,18547.2
2196,1000,27.9345,7,0.14,,2,0,4,1.7854,0,0,0.0628,502.5,433,0,0.017349,1.016418,-1.042499,2196000,18555.6
2197,1000,72.4369,7,0.14,,2,0,5,2.0463,1,390,0.0907,503.5,480,0,0.016861,0.763198,-1.418504,2197000,18563.8
2198,1000,80.4733,9,0.18,,2,0,5,2.2776,0,42,0.1215,675.3,524,0,0.016912,0.792898,-0.763628,2198000,18571.9
2199,1000,65.0689,7,0.14,,2,0,5,2.0463,0,0,0.0377,502.5,655,0,0.016607,1.05172,-1.319934,2199000,18580.4
2200,1000,4.1848,4,0.08,,2,0,3,1.2247,0,0,0.0063,502.5,230,0,0.016638,0.981949,-1.588305,2200000,18588.9
2201,1000,77.8433,10,0.2,,2,0,5,2.5,0,0,0.0612,553.1,415,0,0.016376,1.089243,-1.462001,2201000,18597.0
2202,1000,126.3769,11,0.22,,2,0,7,2.9475,1,0,0.101,567.2,662,0,0.016435,0.843539,-0.402453,2202000,18605.3
2203,1000,62.6965,9,0.18,,2,0,5,2.2776,0,25,0.046,628.0,517,0,0.016605,0.681521,-1.84075,2203000,18613.4
2204,1000,42.8713,7,0.14,,2,0,4,1.7854,0,0,0.0818,507.5,968,0,0.016868,0.769083,-0.996474,2204000,18621.7
2205,1000,20.2647,6,0.12,,2,0,3,1.5,0,0,0.139,502.5,80,0,0.016838,0.909908,-1.031182,2205000,18629.7
2206,1000,79.3534,10,0.2,,2,0,5,2.5,0,10,0.0445,502.5,919,0,0.016792,0.769264,-1.882358,2206000,18637.6
2207,1000,85.7463,10,0.2,,2,0,5,2.5,0,0,0.028,530.7,693,0,0.016763,0.835985,-0.653339,2207000,18646.0
2208,1000,47.0216,6,0.12,,2,0,3,1.5,0,67,0.0897,520.2,686,0,0.016824,2.536396,-1.698239,2208000,18654.2
2209,1000,38.8844,5,0.1,,2,0,3,1.299,0,0,0.0025,517.1,58,0,0.017397,0.768231,-1.862365,2209000,18662.3
2210,1000,60.7084,8,0.16,,2,0,5,2.1213,0,0,0.0,489.8,219,0,0.017422,1.198388,-0.952407,2210000,18670.5
2211,1000,54.1292,7,0.14,,2,0,4,1.7854,0,0,0.0168,502.5,571,0,0.017511,1.086737,-1.064568,2211000,18679.1
2212,1000,56.9203,7,0.14,,2,0,5,2.0463,0,0,0.1172,502.5,252,0,0.017399,1.460083,-1.120698,2212000,18687.1
2213,1000,48.2692,6,0.12,,2,0,3,1.5,0,0,0.043,502.5,334,0,0.017333,0.707,-1.319765,2213000,18695.1
2214,1000,41.4258,7,0.14,,2,0,4,1.7854,0,0,0.084,513.8,175,0,0.0175,1.134223,-1.892217,2214000,18703.8
2215,1000,65.7347,9,0.18,,2,0,5,2.2776,0,0,0.002,500.3,820,0,0.017496,1.063315,-1.613599,2215000,18712.3
2216,1000,31.5773,7,0.14,,2,0,4,1.7854,0,0,0.135,518.9,220,0,0.01743,0.801416,-0.864009,2216000,18720.9
2217,1000,54.3581,7,0.14,,2,0,4,1.7854,0,0,0.0455,501.6,334,0,0.017432,0.907123,-2.736706,2217000,18729.3
2218,1000,72.8469,9,0.18,,2,0,5,2.2776,0,3,0.0307,583.7,883,0,0.017296,0.938843,-1.908632,2218000,18737.6
2219,1000,25.4022,7,0.14,,2,0,4,1.7854,0,0,0.0,436.2,688,0,0.017264,0.840145,-1.41277,2219000,18745.6
2220,1000,107.3646,9,0.18,,2,0,5,2.2776,1,0,0.0147,504.6,898,0,0.01731,1.020947,-0.678956,2220000,18754.1
2221,1000,137.5464,12,0.24,,2,0,7,3.0822,1,2,0.0447,646.3,946,0,0.017096,0.718774,-1.449111,2221000,18762.7
2222,1000,58.2377,7,0.14,,2,0,4,1.7854,0,0,0.0077,502.5,977,0,0.016882,1.199941,-1.558885,2222000,18771.4
2223,1000,88.2835,9,0.18,,2,0,5,2.2776,1,2,0.0158,524.1,234,0,0.017205,0.854939,-1.211073,2223000,18780.0
2224,1000,79.1322,7,0.14,,2,0,5,2.0463,1,1,0.0073,500.5,183,0,0.0173,1.244944,-0.465972,2224000,18788.6
2225,1000,60.1382,10,0.2,,0,1,5,1.6583,0,260,0.113,521.5,889,0,0.016982,1.343149,-1.296484,2225000,18797.0
2226,1000,75.9,10,0.2,,1,0,5,2.0616,0,0,0.0,496.0,636,0,0.017214,0.838321,-1.742969,2226000,18805.4
2227,1000,84.1964,8,0.16,,2,0,6,2.4495,1,46,0.0,500.0,580,0,0.017314,1.107846,-1.691424,2227000,18813.8
2228,1000,44.3253,7,0.14,,2,0,4,1.7854,0,0,0.0,483.1,696,0,0.017255,0.799555,-0.777521,2228000,18822.2
2229,1000,60.7671,7,0.14,,2,0,4,1.7854,0,0,0.1588,502.5,336,0,0.017085,0.884215,-0.962385,2229000,18830.3
2230,1000,47.929,7,0.14,,2,0,4,1.7854,0,134,0.0,500.0,582,0,0.016994,0.991951,-1.451556,2230000,18838.6
2231,1000,106.72,9,0.18,,2,0,6,2.4875,1,36,0.186,599.6,806,0,0.01696,0.898475,-0.95207,2231000,18846.8
2232,1000,31.3334,7,0.14,,2,0,4,1.7854,0,0,0.0583,571.8,832,0,0.016719,0.941765,-1.771579,2232000,18855.1
2233,1000,36.4858,7,0.14,,2,0,4,1.7854,0,13,0.0795,502.5,581,0,0.01697,0.855302,-1.395006,2233000,18863.1
2234,1000,43.1079,7,0.14,,2,0,4,1.7854,0,0,0.0,461.3,840,0,0.016687,0.896217,-1.468243,2234000,18871.4
2235,1000,72.3644,9,0.18,,2,0,5,2.2776,0,64,0.0442,545.3,628,0,0.016029,0.744981,-1.533648,2235000,18879.7
2236,1000,51.6079,7,0.14,,2,0,4,1.7854,0,0,0.0,461.5,990,0,0.01599,0.809967,-1.003464,2236000,18887.7
2237,1000,124.3044,10,0.2,,2,0,5,2.5,1,0,0.023,570.0,570,0,0.016161,0.884629,-1.494845,2237000,18895.8
2238,1000,70.9593,8,0.16,,2,0,4,2.0,0,0,0.0097,537.6,796,0,0.016348,0.87765,-1.591385,2238000,18903.9
2239,1000,58.4659,8,0.16,,2,0,4,2.0,0,0,0.1205,572.2,969,0,0.016482,0.918468,-1.342651,2239000,18912.2
2240,1000,45.5885,8,0.16,,2,0,4,2.0,0,0,0.0047,502.5,344,0,0.016604,0.934528,-0.993526,2240000,18920.3
2241,1000,74.7994,9,0.18,,2,0,5,2.2776,0,1,0.1467,588.5,967,0,0.016049,0.756418,-1.65034,2241000,18928.6
2242,1000,39.6386,7,0.14,,2,0,4,1.7854,0,301,0.1098,513.3,246,0,0.016327,0.826271,-1.969378,2242000,18937.1
2243,1000,65.2613,9,0.18,,2,0,5,2.2776,0,0,0.0927,558.2,867,0,0.016188,0.829655,-1.957659,2243000,18945.3
2244,1000,50.0829,7,0.14,,2,0,4,1.7854,0,36,0.0798,502.5,729,0,0.016231,0.806241,-1.403645,2244000,18953.5
2245,1000,59.9623,8,0.16,,2,0,5,2.1213,0,0,0.0008,501.2,498,0,0.016096,1.139156,-2.216041,2245000,18961.7
2246,1000,58.9938,8,0.16,,2,0,5,2.1213,0,283,0.1163,665.9,572,0,0.015986,0.757194,-1.098332,2246000,18969.8
2247,1000,113.074,10,0.2,,2,0,5,2.5,1,77,0.1118,696.3,735,0,0.015991,0.737589,-1.844973,2247000,18978.0
2248,1000,36.6451,7,0.14,,2,0,4,1.7854,0,16,0.0757,553.3,973,0,0.016079,0.621019,-1.066516,2248000,18986.4
2249,1000,57.9997,8,0.16,,2,0,5,2.1213,0,0,0.0,474.6,913,0,0.01599,0.838349,-1.488431,2249000,18995.3
2250,1000,126.85,10,0.2,,2,0,6,2.5981,1,0,0.0318,502.5,946,0,0.016061,0.826263,-1.692896,2250000,19004.3
2251,1000,42.1434,7,0.14,,2,0,4,1.7854,0,0,0.0,499.1,903,0,0.015736,0.838477,-1.833583,2251000,19013.0
2252,1000,49.3879,8,0.16,,2,0,5,2.1213,0,192,0.1965,522.6,488,0,0.015799,0.637906,-1.574392,2252000,19021.6
2253,1000,37.0078,7,0.14,,2,0,4,1.7854,0,0,0.0,455.7,729,0,0.015807,0.739037,-1.109826,2253000,19030.2
2254,1000,60.4569,7,0.14,,2,0,5,2.0463,0,0,0.0293,554.4,438,0,0.015826,0.744291,-1.658771,2254000,19039.1
2255,1000,44.4619,6,0.12,,2,0,4,1.6583,0,0,0.0788,521.6,372,0,0.015985,0.861239,-2.316902,2255000,19047.7
2256,1000,51.6789,7,0.14,,2,0,4,1.7854,0,0,0.021,559.7,349,0,0.016024,0.786389,-1.5714,2256000,19056.2
2257,1000,34.8681,6,0.12,,2,0,4,1.6583,0,0,0.065,607.3,456,0,0.016071,0.783156,-1.838127,2257000,19064.5
2258,1000,43.058,6,0.12,,2,0,4,1.6583,0,0,0.0173,502.5,735,0,0.015723,0.797356,-1.306446,2258000,19073.5
2259,1000,28.3804,5,0.1,,2,0,3,1.299,0,109,0.14,527.2,836,0,0.016198,0.695507,-1.596444,2259000,19082.1
2260,1000,44.6971,7,0.14,,2,0,4,1.7854,0,23,0.0275,502.5,590,0,0.017304,0.744451,-1.548373,2260000,19090.3
2261,1000,18.3626,5,0.1,,2,0,4,1.6394,0,0,0.0,432.5,137,0,0.017238,0.778008,-2.115512,2261000,19098.7
2262,1000,54.0532,7,0.14,,2,0,4,1.7854,0,17,0.0335,648.5,297,0,0.0171,1.006774,-1.648913,2262000,19106.8
2263,1000,56.5182,7,0.14,,2,0,4,1.7854,0,23,0.104,587.2,236,0,0.017484,0.686335,-1.117515,2263000,19115.0
2264,1000,27.5699,5,0.1,,2,0,3,1.299,0,0,0.04,502.5,107,0,0.017521,0.746443,-1.141554,2264000,19123.4
2265,1000,40.987,7,0.14,,2,0,5,2.0463,0,0,0.0095,524.8,631,0,0.017029,1.441074,-1.927389,2265000,19131.5
2266,1000,39.7238,7,0.14,,2,0,4,1.7854,0,2,0.0,500.0,720,0,0.01704,0.818741,-0.858965,2266000,19139.8
2267,1000,22.3929,5,0.1,,2,0,3,1.299,0,0,0.0,483.9,55,0,0.016549,0.691242,-0.430255,2267000,19148.6
2268,1000,31.207,7,0.14,,2,0,4,1.7854,0,0,0.0452,502.5,465,0,0.016473,0.621966,-1.129816,2268000,19157.5
2269,1000,35.6564,6,0.12,,2,0,3,1.5,0,0,0.1663,512.9,325,0,0.016429,0.868922,-1.546901,2269000,19165.9
2270,1000,30.7828,7,0.14,,2,0,4,1.7854,0,0,0.0037,532.3,665,0,0.015911,0.833443,-0.292021,2270000,19175.0
2271,1000,61.3341,9,0.18,,2,0,5,2.2776,0,396,0.1025,620.2,816,0,0.015744,0.773599,-1.083766,2271000,19183.5
2272,1000,64.0458,9,0.18,,2,0,5,2.2776,0,337,0.1288,696.5,624,0,0.015841,0.638846,-1.475517,2272000,19191.8
2273,1000,51.7595,7,0.14,,2,0,4,1.7854,0,370,0.1573,680.3,990,0,0.015727,0.764661,-1.140634,2273000,19200.7
2274,1000,3.1327,7,0.14,,2,0,4,1.7854,0,295,0.0,500.0,277,0,0.016022,0.658833,-1.613206,2274000,19208.9
2275,1000,66.853,9,0.18,,2,0,5,2.2776,0,0,0.066,533.6,780,0,0.015741,0.802777,-1.475777,2275000,19217.0
2276,1000,66.6602,8,0.16,,2,0,4,2.0,0,0,0.0,480.1,784,0,0.015608,0.653985,-0.620729,2276000,19225.1
2277,1000,60.257,8,0.16,,2,0,4,2.0,0,302,0.0648,510.7,521,0,0.015668,0.669515,-1.11133,2277000,19233.3
2278,1000,73.827,9,0.18,,2,0,5,2.2776,0,0,0.0,492.2,927,0,0.015957,0.870808,-1.492038,2278000,19241.6
2279,1000,34.6585,7,0.14,,1,0,4,1.479,0,40,0.0912,506.8,576,0,0.015837,0.757141,-1.240446,2279000,19249.8
2280,1000,12.6444,7,0.14,,2,0,4,1.7854,0,13,0.0083,502.5,248,0,0.016086,0.654217,-0.836599,2280000,19258.0
2281,1000,73.2608,9,0.18,,2,0,5,2.2776,0,193,0.0638,527.4,956,0,0.015374,0.740878,-1.53976,2281000,19266.4
2282,1000,58.564,8,0.16,,2,0,5,2.1213,0,0,0.1495,582.3,425,0,0.015204,0.932175,-0.58262,2282000,19275.4
2283,1000,102.0598,9,0.18,,2,0,5,2.2776,1,2,0.0553,511.0,836,0,0.014927,0.693716,-1.297588,2283000,19283.8
2284,1000,29.1728,7,0.14,,2,0,4,1.7854,0,0,0.0177,502.5,372,0,0.015095,0.663501,-0.483554,2284000,19292.2
2285,1000,48.5178,7,0.14,,2,0,5,2.0463,0,59,0.0445,552.4,124,0,0.014844,1.164129,-1.35195,2285000,19300.7
2286,1000,60.4393,9,0.18,,2,0,5,2.2776,0,0,0.032,554.4,316,0,0.015432,1.007079,-0.949803,2286000,19308.9
2287,1000,66.8885,8,0.16,,2,0,4,2.0,0,4,0.011,518.3,467,0,0.015366,0.908766,-0.399231,2287000,19317.4
2288,1000,40.2889,7,0.14,,2,0,4,1.7854,0,0,0.083,502.5,315,0,0.015538,0.69871,-0.520407,2288000,19325.6
2289,1000,14.5057,6,0.12,,2,0,4,1.6583,0,0,0.0,437.1,126,0,0.015169,0.682274,-0.60621,2289000,19333.8
2290,1000,95.3141,9,0.18,,2,0,6,2.4875,1,0,0.0542,541.1,328,0,0.015195,0.645172,-1.373059,2290000,19342.0
2291,1000,61.6402,9,0.18,,2,0,5,2.2776,0,162,0.0775,666.2,560,0,0.014927,0.777541,-1.094319,2291000,19350.4
2292,1000,63.3254,9,0.18,,2,0,5,2.2776,0,0,0.0013,502.5,945,0,0.014581,0.71944,-1.444821,2292000,19358.6
2293,1000,63.9442,8,0.16,,2,0,5,2.1213,0,0,0.0465,502.5,584,0,0.014816,0.914321,-0.66332,2293000,19366.9
2294,1000,104.1613,8,0.16,,2,0,5,2.1213,1,0,0.002,502.5,485,0,0.01517,0.724779,-0.594816,2294000,19375.0
2295,1000,46.2448,8,0.16,,2,0,5,2.1213,0,0,0.0065,528.2,493,0,0.015176,0.727473,-0.683637,2295000,19383.4
2296,1000,57.2391,8,0.16,,2,0,5,2.1213,0,0,0.0278,502.5,973,0,0.01495,0.679052,-0.996728,2296000,19391.9
2297,1000,78.4901,8,0.16,,2,0,5,2.1213,1,0,0.0663,521.2,429,0,0.014624,0.741005,-0.599188,2297000,19400.2
2298,1000,60.9192,8,0.16,,2,0,4,2.0,0,8,0.005,514.8,729,0,0.014491,0.920203,-0.507965,2298000,19408.2
2299,1000,43.5794,7,0.14,,2,0,5,2.0463,0,205,0.1245,539.0,469,0,0.01469,1.563841,0.366842,2299000,19416.4
2300,1000,39.6208,6,0.12,,2,0,3,1.5,0,0,0.0,492.4,106,0,0.014945,0.787253,0.026761,2300000,19424.7
2301,1000,77.6883,10,0.2,,2,0,5,2.5,0,0,0.0,478.9,564,0,0.014495,1.260919,0.259391,2301000,19432.7
2302,1000,101.249,10,0.2,,2,0,6,2.5981,1,0,0.064,502.5,664,0,0.014329,0.775289,-0.473931,2302000,19441.1
2303,1000,41.4041,8,0.16,,2,0,4,2.0,0,193,0.0067,502.5,460,0,0.014449,0.655883,-0.209896,2303000,19449.9
2304,1000,105.215,10,0.2,,2,0,5,2.5,1,0,0.0452,502.5,963,0,0.014609,0.816046,-0.296457,2304000,19458.4
2305,1000,92.2634,10,0.2,,2,0,7,2.8723,1,54,0.0097,523.1,795,0,0.014618,0.79793,-0.027517,2305000,19467.0
2306,1000,104.9087,10,0.2,,2,0,6,2.5981,1,0,0.0257,539.1,908,0,0.01431,0.6955,-0.479475,2306000,19475.3
2307,1000,74.8227,9,0.18,,2,0,5,2.2776,0,50,0.0265,513.4,406,0,0.014316,1.149114,0.486329,2307000,19483.6
2308,1000,26.6528,7,0.14,,2,0,4,1.7854,0,0,0.0,359.6,192,0,0.014197,0.679098,-0.092587,2308000,19491.9
2309,1000,63.0758,8,0.16,,2,0,5,2.1213,0,277,0.2145,563.4,715,0,0.014348,0.743759,-0.095414,2309000,19500.9
2310,1000,33.8395,7,0.14,,2,0,4,1.7854,0,393,0.081,513.7,315,0,0.014524,0.639649,0.191086,2310000,19510.0
2311,1000,26.1647,5,0.1,,2,0,3,1.299,0,0,0.0,405.6,686,0,0.01432,0.635299,0.330776,2311000,19518.5
2312,1000,60.037,8,0.16,,2,0,4,2.0,0,0,0.0,464.0,752,0,0.01411,0.869177,0.116668,2312000,19527.4
2313,1000,39.0759,6,0.12,,2,0,3,1.5,0,57,0.0735,605.8,841,0,0.014136,0.715329,-0.059492,2313000,19536.4
2314,1000,80.7165,9,0.18,,2,0,5,2.2776,1,30,0.1358,561.6,466,0,0.014408,0.678735,0.689763,2314000,19544.9
2315,1000,84.0796,9,0.18,,2,0,5,2.2776,1,0,0.043,504.3,324,0,0.01445,0.717593,0.427943,2315000,19553.2
2316,1000,49.6105,6,0.12,,2,0,4,1.6583,0,203,0.3327,643.4,421,0,0.014605,0.639518,0.261426,2316000,19561.5
2317,1000,29.0953,7,0.14,,2,0,4,1.7854,0,401,0.1217,678.6,511,0,0.014653,0.657658,0.109507,2317000,19569.5
2318,1000,58.8962,8,0.16,,2,0,5,2.1213,0,5,0.0462,502.5,655,0,0.014444,0.689357,-0.06143,2318000,19577.4
2319,1000,65.4797,8,0.16,,2,0,5,2.1213,0,264,0.2018,648.6,817,0,0.014481,1.083815,0.664083,2319000,19586.0
2320,1000,105.441,10,0.2,,2,0,5,2.5,1,155,0.0305,502.5,870,0,0.014433,0.600504,0.436981,2320000,19594.3
2321,1000,94.1033,9,0.18,,2,0,6,2.4875,1,43,0.0285,566.1,666,0,0.014281,0.672183,0.403888,2321000,19602.7
2322,1000,48.9874,7,0.14,,2,0,4,1.7854,0,0,0.0283,514.8,473,0,0.014114,0.738832,0.2203,2322000,19611.1
2323,1000,75.0356,9,0.18,,1,0,5,1.9203,0,3,0.0872,602.5,447,0,0.01423,0.701056,0.266546,2323000,19619.1
2324,1000,43.0637,7,0.14,,2,0,4,1.7854,0,78,0.0125,502.5,224,0,0.01405,0.552514,0.745281,2324000,19627.4
2325,1000,23.7084,6,0.12,,2,0,3,1.5,0,8,0.0253,502.5,62,0,0.01409,0.752394,0.388729,2325000,19635.7
2326,1000,89.178,8,0.16,,2,0,5,2.1213,1,0,0.0127,536.2,286,0,0.014033,0.784812,0.461583,2326000,19644.1
2327,1000,34.1701,5,0.1,,2,0,3,1.299,0,69,0.0067,502.5,56,0,0.013725,1.30217,0.815117,2327000,19652.5
2328,1000,61.205,8,0.16,,2,0,4,2.0,0,0,0.0,433.6,557,0,0.013903,0.658017,0.400202,2328000,19660.9
2329,1000,53.193,8,0.16,,2,0,5,2.1213,0,0,0.0112,502.5,138,0,0.01378,0.620543,0.757692,2329000,19669.3
2330,1000,74.7563,8,0.16,,2,0,5,2.1213,0,0,0.078,502.5,490,0,0.013919,0.627629,0.609819,2330000,19677.6
2331,1000,66.3691,8,0.16,,2,0,5,2.1213,0,9,0.1485,538.5,180,0,0.014196,0.693595,0.818539,2331000,19686.1
2332,1000,51.4121,9,0.18,,2,0,5,2.2776,0,0,0.0452,502.9,366,0,0.014011,1.04113,0.599693,2332000,19695.0
2333,1000,55.2609,8,0.16,,2,0,4,2.0,0,0,0.0,491.3,261,0,0.014069,0.629145,0.296241,2333000,19703.3
2334,1000,81.8586,10,0.2,,1,0,4,1.6583,0,0,0.019,502.5,756,0,0.014259,0.743488,0.625245,2334000,19711.8
2335,1000,59.317,9,0.18,,1,0,4,1.7854,0,0,0.1022,504.2,543,0,0.01456,0.640467,0.89581,2335000,19720.3
2336,1000,58.3625,8,0.16,,2,0,4,2.0,0,0,0.036,502.5,152,0,0.014291,0.812568,-0.418477,2336000,19728.9
2337,1000,72.6931,9,0.18,,2,0,5,2.2776,0,0,0.0008,515.1,807,0,0.014255,0.824107,0.602544,2337000,19737.6
2338,1000,78.0012,9,0.18,,2,0,5,2.2776,0,0,0.0,497.8,609,0,0.01432,0.825003,1.295504,2338000,19746.1
2339,1000,132.9328,11,0.22,,2,0,6,2.7726,1,16,0.118,569.6,626,0,0.014427,0.603283,0.991843,2339000,19754.7
2340,1000,56.3144,7,0.14,,2,0,4,1.7854,0,0,0.049,502.5,541,0,0.014447,1.032719,0.591245,2340000,19763.0
2341,1000,75.413,10,0.2,,2,0,5,2.5,0,28,0.027,535.8,881,0,0.014219,1.516454,0.886072,2341000,19771.3
2342,1000,67.4253,9,0.18,,2,0,5,2.2776,0,28,0.0165,521.0,732,0,0.014332,0.660456,0.247935,2342000,19779.8
2343,1000,-47.1065,7,0.14,,2,0,4,1.7854,0,0,0.0,461.5,109,0,0.014114,1.271536,0.349871,2343000,19788.4
2344,1000,64.3025,9,0.18,,2,0,5,2.2776,0,355,0.184,786.1,665,0,0.013763,0.663204,1.022037,2344000,19797.1
2345,1000,82.4764,10,0.2,,2,0,5,2.5,0,51,0.0693,576.8,857,0,0.013839,0.754721,0.879319,2345000,19805.3
2346,1000,124.1482,11,0.22,,2,0,6,2.7726,1,305,0.059,621.6,738,0,0.01384,0.481479,0.561855,2346000,19813.5
2347,1000,54.8651,9,0.18,,2,0,5,2.2776,0,28,0.0,499.5,332,0,0.01352,0.743396,1.578295,2347000,19822.2
2348,1000,26.6616,4,0.08,,2,0,2,1.0,0,10,0.0885,502.5,849,0,0.013278,0.777562,0.821437,2348000,19830.9
2349,1000,58.8287,8,0.16,,2,0,5,2.1213,0,238,0.1105,527.0,151,0,0.013468,0.729113,0.629281,2349000,19839.4
2350,1000,72.7676,8,0.16,,2,0,5,2.1213,0,0,0.0365,538.4,752,0,0.013589,0.615124,1.243136,2350000,19847.8
2351,1000,74.9244,9,0.18,,2,0,5,2.2776,1,0,0.0,469.2,312,0,0.013733,0.689959,0.849627,2351000,19856.1
2352,1000,67.696,9,0.18,,2,0,5,2.2776,0,205,0.0843,626.5,886,0,0.013707,0.782112,0.839323,2352000,19864.5
2353,1000,54.2105,8,0.16,,2,0,5,2.1213,0,0,0.092,614.1,189,0,0.013533,0.932012,0.993114,2353000,19872.8
2354,1000,92.2318,9,0.18,,2,0,5,2.2776,1,6,0.037,539.3,310,0,0.013531,0.678364,1.002443,2354000,19881.2
2355,1000,127.8164,10,0.2,,2,0,5,2.5,1,0,0.0163,508.5,737,0,0.01347,0.6197,1.480027,2355000,19889.8
2356,1000,58.8531,8,0.16,,2,0,5,2.1213,0,0,0.0112,522.9,243,0,0.013522,0.627507,1.87726,2356000,19898.3
2357,1000,64.0131,7,0.14,,2,0,5,2.0463,0,0,0.038,502.5,510,0,0.013523,1.116928,0.976951,2357000,19906.9
2358,1000,47.7218,8,0.16,,2,0,4,2.0,0,118,0.0705,503.6,239,0,0.013434,0.691194,1.442859,2358000,19915.2
2359,1000,55.1698,8,0.16,,2,0,5,2.1213,0,0,0.0457,577.1,248,0,0.01348,0.842333,1.597809,2359000,19923.3
2360,1000,53.0068,7,0.14,,2,0,5,2.0463,0,67,0.1395,717.4,172,0,0.013769,0.859133,1.864242,2360000,19931.7
2361,1000,64.8798,8,0.16,,2,0,5,2.1213,0,94,0.1852,736.8,208,0,0.013543,0.674492,1.776965,2361000,19940.2
2362,1000,50.8529,9,0.18,,2,0,5,2.2776,0,77,0.108,523.2,215,0,0.013435,0.589264,1.777508,2362000,19948.4
2363,1000,78.5593,9,0.18,,2,0,5,2.2776,0,19,0.07,528.5,640,0,0.013447,0.826502,1.406702,2363000,19956.6
2364,1000,79.5125,10,0.2,,2,0,5,2.5,0,66,0.0522,600.8,818,0,0.013492,0.642868,1.4221,2364000,19965.4
2365,1000,27.1276,6,0.12,,2,0,5,2.0616,0,0,0.0425,506.5,526,0,0.01351,0.738712,2.223594,2365000,19973.4
2366,1000,44.3031,7,0.14,,2,0,4,1.7854,0,19,0.0722,502.5,319,0,0.013167,0.625146,1.295482,2366000,19981.8
2367,1000,67.3898,9,0.18,,2,0,5,2.2776,0,370,0.1378,567.8,187,0,0.013377,0.665267,2.13905,2367000,19990.2
2368,1000,26.0446,6,0.12,,2,0,4,1.6583,0,0,0.0,388.8,712,0,0.013104,0.930782,1.767966,2368000,19998.7
2369,1000,61.135,9,0.18,,2,0,5,2.2776,0,248,0.0583,668.0,630,0,0.013029,0.837101,2.127726,2369000,20007.1
2370,1000,65.5313,8,0.16,,2,0,4,2.0,0,0,0.0057,501.6,316,0,0.013156,0.900149,1.342639,2370000,20015.5
2371,1000,28.555,7,0.14,,2,0,5,2.0463,0,1184,0.1832,705.3,956,0,0.012913,0.751655,1.576679,2371000,20024.1
2372,1000,70.8511,9,0.18,,2,0,5,2.2776,0,141,0.0965,513.5,770,0,0.012817,0.62668,1.784737,2372000,20032.8
2373,1000,51.0021,8,0.16,,2,0,4,2.0,0,103,0.0423,502.5,125,0,0.012674,0.663583,2.251735,2373000,20041.4
2374,1000,71.4017,9,0.18,,2,0,5,2.2776,0,0,0.0762,513.4,680,0,0.012896,0.758172,1.980534,2374000,20049.9
2375,1000,65.1306,8,0.16,,2,0,4,2.0,0,22,0.0653,538.6,278,0,0.013158,0.727734,1.418602,2375000,20058.5
2376,1000,86.718,10,0.2,,2,0,5,2.5,0,421,0.1293,578.4,278,0,0.013162,0.648347,1.903022,2376000,20067.1
2377,1000,96.61,9,0.18,,2,0,5,2.2776,1,0,0.011,523.2,779,0,0.012882,0.652341,2.219555,2377000,20075.8
2378,1000,77.8045,9,0.18,,2,0,5,2.2776,0,231,0.19,644.1,833,0,0.01318,0.649582,1.221377,2378000,20084.1
2379,1000,63.4613,9,0.18,,2,0,5,2.2776,0,0,0.0935,657.9,232,0,0.013203,0.892344,2.188324,2379000,20092.8
2380,1000,13.0265,6,0.12,,2,0,3,1.5,0,0,0.0067,544.9,65,0,0.013114,0.621661,2.271276,2380000,20101.7
2381,1000,63.6126,8,0.16,,2,0,4,2.0,0,88,0.0853,526.2,881,0,0.01301,0.591186,1.969179,2381000,20110.0
2382,1000,64.5167,7,0.14,,2,0,4,1.7854,0,51,0.0515,502.5,113,0,0.013282,0.60053,1.914967,2382000,20118.3
2383,1000,26.7255,6,0.12,,2,0,3,1.5,0,393,0.1923,687.0,747,0,0.013504,0.636222,1.918047,2383000,20126.6
2384,1000,107.5216,9,0.18,,2,0,5,2.2776,1,153,0.0305,595.5,722,0,0.013408,0.803177,1.8259,2384000,20135.0
2385,1000,107.44,9,0.18,,2,0,5,2.2776,1,0,0.0097,593.6,217,0,0.013301,0.79095,2.166114,2385000,20143.2
2386,1000,131.2725,12,0.24,,2,0,8,3.3166,1,0,0.067,502.5,844,0,0.013479,0.95408,1.943858,2386000,20151.5
2387,1000,99.8694,8,0.16,,2,0,5,2.1213,1,77,0.0597,502.5,180,0,0.013757,0.777025,2.087241,2387000,20159.6
2388,1000,47.7112,7,0.14,,2,0,5,2.0463,0,430,0.0485,502.5,287,0,0.013228,0.617253,1.555531,2388000,20167.6
2389,1000,61.865,8,0.16,,2,0,4,2.0,0,0,0.0,469.5,663,0,0.013257,0.704891,2.030015,2389000,20175.8
2390,1000,60.7366,8,0.16,,2,0,5,2.1213,0,374,0.0795,608.6,964,0,0.013193,1.326319,2.336864,2390000,20184.6
2391,1000,63.3677,8,0.16,,2,0,5,2.1213,0,52,0.0855,622.4,267,0,0.0134,0.671975,1.618606,2391000,20193.4
2392,1000,151.8335,11,0.22,,2,0,6,2.7726,2,69,0.018,531.2,687,0,0.013208,1.215712,1.594827,2392000,20202.2
2393,1000,114.5922,10,0.2,,2,0,5,2.5,1,342,0.0132,502.5,898,0,0.013207,0.77067,2.470183,2393000,20211.1
2394,1000,54.2639,8,0.16,,2,0,5,2.1213,0,275,0.1593,624.9,456,0,0.013253,0.710828,1.915201,2394000,20219.8
2395,1000,107.1313,9,0.18,,2,0,5,2.2776,1,112,0.0698,565.9,803,0,0.01355,0.631869,1.84152,2395000,20228.0
2396,1000,27.8995,7,0.14,,2,0,4,1.7854,0,0,0.0,474.3,125,0,0.013981,0.959175,1.72527,2396000,20236.2
2397,1000,23.3348,7,0.14,,2,0,5,2.0463,0,0,0.0367,502.5,272,0,0.013916,0.679631,1.827264,2397000,20244.6
2398,1000,150.2202,11,0.22,,2,0,6,2.7726,2,0,0.0123,524.7,434,0,0.013812,0.650742,1.196316,2398000,20252.9
2399,1000,38.5764,7,0.14,,2,0,5,2.0463,0,229,0.1333,675.1,186,0,0.013774,0.613491,2.33215,2399000,20260.9
2400,1000,54.1879,8,0.16,,2,0,4,2.0,0,0,0.0,428.2,305,0,0.014248,0.610044,1.958676,2400000,20269.1
2401,1000,60.5558,8,0.16,,2,0,5,2.1213,0,796,0.1857,663.2,827,0,0.013803,0.715808,1.737557,2401000,20278.1
2402,1000,26.7494,6,0.12,,2,0,4,1.6583,0,0,0.0,370.0,470,0,0.013942,0.745228,2.222306,2402000,20287.2
2403,1000,68.82,8,0.16,,2,0,5,2.1213,1,0,0.0405,502.5,143,0,0.014177,0.70177,1.971013,2403000,20296.4
2404,1000,49.2396,8,0.16,,2,0,5,2.1213,0,404,0.046,558.4,723,0,0.014155,0.783884,2.006872,2404000,20304.9
2405,1000,66.561,8,0.16,,2,0,5,2.1213,1,0,0.0375,579.1,335,0,0.014121,0.695418,2.086781,2405000,20313.5
2406,1000,50.918,7,0.14,,2,0,4,1.7854,0,68,0.095,522.9,494,0,0.01423,0.764157,1.891743,2406000,20322.1
2407,1000,67.1456,10,0.2,,2,0,5,2.5,0,0,0.098,559.6,843,0,0.013928,0.919255,1.662652,2407000,20330.4
2408,1000,120.9142,11,0.22,,2,0,6,2.7726,1,0,0.0063,500.1,813,0,0.013859,0.718496,1.433869,2408000,20339.0
2409,1000,71.3664,9,0.18,,2,0,5,2.2776,0,0,0.0018,501.9,725,0,0.013765,0.728368,2.183494,2409000,20346.9
2410,1000,69.1937,9,0.18,,2,0,5,2.2776,0,455,0.1227,745.7,980,0,0.013724,0.79494,1.515898,2410000,20355.4
2411,1000,21.1573,5,0.1,,2,0,4,1.6394,0,2,0.0995,538.1,618,0,0.013962,0.597963,2.113222,2411000,20363.7
2412,1000,23.4572,6,0.12,,2,0,4,1.6583,0,0,0.035,502.5,147,0,0.013961,0.61543,2.222379,2412000,20372.2
2413,1000,93.0623,9,0.18,,2,0,5,2.2776,1,0,0.0125,502.5,925,0,0.013778,0.755537,2.230897,2413000,20380.4
2414,1000,54.2765,8,0.16,,2,0,5,2.1213,0,13,0.0262,532.1,744,0,0.01356,1.009062,2.061405,2414000,20388.4
2415,1000,-44.693,2,0.04,,3,0,2,0.866,0,0,0.1482,521.6,61,0,0.013424,0.837743,1.86926,2415000,20396.7
2416,1000,58.6048,9,0.18,,2,0,5,2.2776,0,2,0.0387,513.9,600,0,0.013259,0.803304,2.416905,2416000,20405.2
2417,1000,75.2585,10,0.2,,2,0,5,2.5,0,0,0.178,584.7,984,0,0.013263,0.787855,2.641169,2417000,20413.4
2418,1000,60.025,9,0.18,,2,0,5,2.2776,0,0,0.0405,641.4,833,0,0.013296,0.858027,2.458288,2418000,20421.5
2419,1000,57.0569,9,0.18,,2,0,5,2.2776,0,17,0.2172,577.8,407,0,0.01333,0.65649,2.826252,2419000,20429.7
2420,1000,94.4441,8,0.16,,2,0,5,2.1213,1,0,0.017,519.4,137,0,0.013157,1.06776,2.786085,2420000,20438.1
2421,1000,113.5452,10,0.2,,2,0,7,2.8723,1,0,0.0123,502.5,997,0,0.012904,0.663473,2.486928,2421000,20447.2
2422,1000,111.8414,9,0.18,,2,0,5,2.2776,1,0,0.0693,508.2,267,0,0.012614,1.15237,2.976407,2422000,20456.3
2423,1000,40.9843,7,0.14,,2,0,4,1.7854,0,0,0.0283,504.8,715,0,0.0125,0.687903,2.571978,2423000,20464.6
2424,1000,74.6296,8,0.16,,2,0,5,2.1213,1,0,0.0192,521.5,123,0,0.012711,0.763661,2.849398,2424000,20472.8
2425,1000,114.0922,11,0.22,,2,0,7,2.9475,1,23,0.031,550.8,744,0,0.012716,0.615156,2.65675,2425000,20480.9
2426,1000,99.4006,8,0.16,,2,0,5,2.1213,1,0,0.0415,502.5,454,0,0.012774,0.738753,2.773855,2426000,20489.0
2427,1000,87.5976,9,0.18,,2,0,6,2.4875,1,414,0.159,530.8,714,0,0.012876,0.626971,1.946341,2427000,20497.3
2428,1000,23.4689,6,0.12,,2,0,4,1.6583,0,0,0.1668,502.5,81,0,0.013178,0.691223,2.415334,2428000,20505.7
2429,1000,7.4126,6,0.12,,2,0,5,2.0616,1,0,0.0,350.9,380,0,0.013195,1.081168,3.05237,2429000,20513.9
2430,1000,56.5486,8,0.16,,2,0,5,2.1213,0,0,0.124,514.7,523,0,0.013335,0.604981,2.812925,2430000,20521.9
2431,1000,11.3701,5,0.1,,2,0,3,1.299,0,116,0.0565,556.5,714,0,0.013117,1.462217,2.74143,2431000,20530.9
2432,1000,31.1012,8,0.16,,2,0,5,2.1213,0,0,0.0717,528.7,175,0,0.013247,0.880094,2.570555,2432000,20539.7
2433,1000,51.6223,8,0.16,,2,0,4,2.0,0,118,0.1653,507.6,209,0,0.01324,0.607795,1.756324,2433000,20548.2
2434,1000,48.802,7,0.14,,2,0,5,2.0463,0,0,0.0,461.9,760,0,0.013328,0.646789,3.574469,2434000,20556.9
2435,1000,103.8994,8,0.16,,2,0,5,2.1213,1,0,0.0367,508.5,197,0,0.013199,0.95068,2.538278,2435000,20565.1
2436,1000,61.9649,7,0.14,,2,0,4,1.7854,0,0,0.0,476.7,912,0,0.013518,0.721924,3.123175,2436000,20573.2
2437,1000,7.3424,5,0.1,,2,0,4,1.6394,0,0,0.0,463.6,795,0,0.013729,0.596289,1.392196,2437000,20581.2
2438,1000,24.3102,5,0.1,,2,0,4,1.6394,0,29,0.0,499.8,281,0,0.013375,0.654799,1.99573,2438000,20589.3
2439,1000,102.0413,9,0.18,,2,0,6,2.4875,1,16,0.0032,518.1,664,0,0.013326,1.437802,2.509109,2439000,20597.5
2440,1000,-4.4281,5,0.1,,2,0,3,1.299,0,0,0.044,551.9,92,0,0.013458,0.600556,2.497558,2440000,20605.7
2441,1000,73.8379,9,0.18,,2,0,5,2.2776,0,0,0.0008,500.0,239,0,0.013675,0.685058,2.02674,2441000,20613.8
2442,1000,68.0819,8,0.16,,2,0,5,2.1213,0,0,0.0215,506.4,126,0,0.01358,0.617169,2.213675,2442000,20622.6
2443,1000,66.5345,9,0.18,,2,0,5,2.2776,0,0,0.0075,534.2,729,0,0.01397,0.905754,1.304216,2443000,20630.8
2444,1000,63.6373,8,0.16,,2,0,4,2.0,0,0,0.1123,502.5,205,0,0.013577,0.954262,1.568265,2444000,20639.2
2445,1000,76.6798,10,0.2,,2,0,5,2.5,0,117,0.048,510.2,743,0,0.013489,0.81212,1.675393,2445000,20647.3
2446,1000,26.7323,7,0.14,,2,0,4,1.7854,0,0,0.0712,502.5,178,0,0.013596,0.656077,1.478604,2446000,20655.8
2447,1000,67.2028,9,0.18,,2,0,5,2.2776,0,0,0.0885,502.5,185,0,0.013398,0.737831,1.518468,2447000,20664.0
2448,1000,77.0915,8,0.16,,2,0,5,2.1213,1,0,0.032,547.8,227,0,0.013509,0.77384,2.010938,2448000,20672.8
2449,1000,50.518,9,0.18,,2,0,5,2.2776,1,0,0.0225,544.7,244,0,0.01381,0.751417,1.178198,2449000,20681.2
2450,1000,31.9817,8,0.16,,2,0,5,2.1213,0,11,0.0,499.8,176,0,0.013678,0.711028,1.959387,2450000,20689.8
2451,1000,124.7383,10,0.2,,2,0,5,2.5,1,0,0.084,502.5,239,0,0.013862,0.636726,1.589141,2451000,20698.2
2452,1000,66.0661,9,0.18,,2,0,5,2.2776,0,127,0.0032,502.5,884,0,0.013533,0.756969,2.387371,2452000,20706.6
2453,1000,119.1459,10,0.2,,2,0,6,2.5981,1,59,0.0025,502.5,921,0,0.013329,0.766611,1.815551,2453000,20714.8
2454,1000,72.5029,9,0.18,,2,0,5,2.2776,0,0,0.0902,502.5,444,0,0.013409,0.692572,1.142123,2454000,20723.1
2455,1000,56.7531,8,0.16,,2,0,4,2.0,0,0,0.0428,509.8,190,0,0.013738,0.886528,1.848317,2455000,20731.6
2456,1000,59.249,8,0.16,,2,0,4,2.0,0,0,0.1275,518.7,105,0,0.013463,0.891218,2.335107,2456000,20740.0
2457,1000,74.7746,10,0.2,,2,0,5,2.5,0,8,0.0325,573.7,704,0,0.013723,0.768807,2.293628,2457000,20748.4
2458,1000,58.5634,8,0.16,,2,0,5,2.1213,0,24,0.0475,529.9,429,0,0.013728,0.727369,1.94886,2458000,20756.6
2459,1000,25.4964,8,0.16,,2,0,4,2.0,0,0,0.0,439.1,885,0,0.013792,0.893785,1.130029,2459000,20765.0
2460,1000,58.4882,8,0.16,,2,0,5,2.1213,0,0,0.052,589.5,229,0,0.014031,1.206317,1.333998,2460000,20773.3
2461,1000,98.0658,8,0.16,,2,0,5,2.1213,1,0,0.0653,502.5,161,0,0.014184,0.81408,1.563794,2461000,20781.3
2462,1000,66.3558,9,0.18,,2,0,5,2.2776,0,719,0.237,844.5,457,0,0.014209,0.608793,1.976841,2462000,20789.5
2463,1000,51.5833,8,0.16,,2,0,4,2.0,0,0,0.0553,511.7,446,0,0.014268,0.920818,1.267787,2463000,20797.5
2464,1000,31.3854,7,0.14,,2,0,4,1.7854,0,0,0.0958,502.5,150,0,0.014243,1.555132,1.892162,2464000,20805.4
2465,1000,86.1661,10,0.2,,2,0,5,2.5,0,154,0.0535,537.3,297,0,0.01391,0.798348,2.215328,2465000,20813.5
2466,1000,71.7707,9,0.18,,2,0,5,2.2776,0,9,0.0915,507.1,360,0,0.01389,0.666206,1.598032,2466000,20821.4
2467,1000,100.9302,8,0.16,,2,0,5,2.1213,1,0,0.0635,502.5,280,0,0.014088,0.619772,1.375687,2467000,20829.7
2468,1000,50.2252,7,0.14,,2,0,4,1.7854,0,0,0.1177,523.0,490,0,0.014393,0.778367,1.998624,2468000,20837.8
2469,1000,118.9111,10,0.2,,2,0,5,2.5,1,0,0.0055,502.5,643,0,0.014741,1.140486,1.298038,2469000,20846.3
2470,1000,61.147,8,0.16,,2,0,5,2.1213,0,0,0.06,510.0,566,0,0.014857,0.683144,1.051774,2470000,20854.4
2471,1000,116.869,10,0.2,,2,0,5,2.5,1,8,0.006,502.5,464,0,0.014721,0.686281,1.990181,2471000,20862.8
2472,1000,60.1154,9,0.18,,2,0,5,2.2776,0,2,0.105,508.4,225,0,0.014797,0.639047,1.531487,2472000,20871.0
2473,1000,50.7112,7,0.14,,2,0,5,2.0463,0,0,0.1098,507.5,432,0,0.015107,0.781388,1.106198,2473000,20879.3
2474,1000,55.2578,6,0.12,,2,0,5,2.0616,1,40,0.0018,501.7,479,0,0.014755,0.847023,1.859366,2474000,20887.4
2475,1000,9.4395,4,0.08,,2,0,3,1.2247,0,0,0.0123,502.5,114,0,0.015248,0.670603,1.358491,2475000,20895.8
2476,1000,37.4018,8,0.16,,2,0,5,2.1213,0,0,0.0432,502.5,379,0,0.015059,0.874802,1.968816,2476000,20904.3
2477,1000,32.7387,6,0.12,,2,0,5,2.0616,0,0,0.0512,606.9,192,0,0.015545,0.791627,2.000857,2477000,20912.8
2478,1000,61.2623,9,0.18,,2,0,5,2.2776,0,64,0.0,499.8,483,0,0.015378,0.944425,1.669174,2478000,20921.3
2479,1000,43.0291,7,0.14,,2,0,4,1.7854,0,0,0.0548,502.5,480,0,0.014881,0.724275,1.692404,2479000,20929.5
2480,1000,48.9309,7,0.14,,2,0,4,1.7854,0,16,0.1295,519.6,810,0,0.014748,0.714098,2.150398,2480000,20938.1
2481,1000,47.547,7,0.14,,2,0,4,1.7854,0,0,0.0803,570.6,871,0,0.014334,0.754085,1.531301,2481000,20946.5
2482,1000,37.9375,8,0.16,,2,0,5,2.1213,0,0,0.0,477.3,266,0,0.013952,0.820567,2.257855,2482000,20954.7
2483,1000,74.5084,9,0.18,,2,0,5,2.2776,0,0,0.0525,571.3,869,0,0.013665,0.999944,2.210861,2483000,20963.1
2484,1000,34.8973,8,0.16,,2,0,5,2.1213,0,0,0.0,477.7,177,0,0.013531,0.773734,2.042035,2484000,20971.8
2485,1000,42.5773,7,0.14,,2,0,4,1.7854,0,0,0.0495,505.1,680,0,0.01349,1.462108,1.352184,2485000,20980.3
2486,1000,46.816,8,0.16,,2,0,5,2.1213,0,0,0.1445,711.8,624,0,0.013453,0.717168,1.557041,2486000,20989.0
2487,1000,60.3388,9,0.18,,2,0,5,2.2776,0,32,0.0185,502.5,381,0,0.013518,0.65495,1.715997,2487000,20997.5
2488,1000,65.0243,9,0.18,,2,0,5,2.2776,0,412,0.016,502.5,738,0,0.013776,0.638762,1.737277,2488000,21006.3
2489,1000,20.3153,6,0.12,,2,0,5,2.0616,0,0,0.0,469.2,924,0,0.013408,0.757131,2.140736,2489000,21014.7
2490,1000,30.9066,6,0.12,,2,0,4,1.6583,0,0,0.0425,512.4,350,0,0.013739,0.787007,1.566727,2490000,21022.9
2491,1000,116.2315,10,0.2,,2,0,6,2.5981,1,0,0.0005,501.6,874,0,0.013829,0.766669,1.318528,2491000,21031.0
2492,1000,62.979,8,0.16,,2,0,4,2.0,0,0,0.0107,502.5,599,0,0.013848,0.796041,1.230081,2492000,21039.6
2493,1000,59.7546,8,0.16,,1,0,5,1.8708,0,62,0.025,502.5,869,0,0.0135,0.860523,1.901486,2493000,21048.0
2494,1000,62.1785,8,0.16,,2,0,4,2.0,0,0,0.069,521.7,836,0,0.013847,0.700621,2.434206,2494000,21056.4
2495,1000,23.8189,5,0.1,,2,0,4,1.6394,0,174,0.01,502.5,71,0,0.014082,0.846448,1.720222,2495000,21064.7
2496,1000,12.5201,4,0.08,,2,0,3,1.2247,0,39,0.0505,537.4,407,0,0.014391,0.854236,1.116084,2496000,21073.0
2497,1000,54.6095,9,0.18,,2,0,5,2.2776,0,232,0.0312,530.1,184,0,0.014068,0.819756,1.374905,2497000,21081.1
2498,1000,60.3426,10,0.2,,2,0,5,2.5,0,107,0.0367,564.2,645,0,0.014227,0.764102,1.023421,2498000,21089.6
2499,1000,113.3554,9,0.18,,2,0,5,2.2776,1,0,0.225,502.5,147,0,0.013978,0.866331,1.192477,2499000,21098.4
2500,1000,32.0285,7,0.14,,2,0,4,1.7854,0,125,0.1103,566.1,625,0,0.014181,0.633414,1.584369,2500000,21107.1
2501,1000,118.2145,11,0.22,,2,0,8,3.2692,1,0,0.047,585.0,570,0,0.014356,0.697094,1.595159,2501000,21115.5
2502,1000,127.8494,10,0.2,,2,0,5,2.5,1,0,0.2095,540.4,565,0,0.014066,0.966928,1.736632,2502000,21124.0
2503,1000,124.5011,10,0.2,,2,0,5,2.5,1,9,0.0607,559.2,273,0,0.014347,0.684147,2.318944,2503000,21132.2
2504,1000,82.425,10,0.2,,2,0,5,2.5,0,57,0.088,521.0,357,0,0.014145,0.907623,2.290337,2504000,21140.5
2505,1000,83.3827,10,0.2,,2,0,5,2.5,0,874,0.1542,703.7,518,0,0.014411,0.750421,2.682622,2505000,21149.1
2506,1000,71.5483,10,0.2,,1,0,5,2.0616,0,128,0.0683,558.0,930,0,0.014317,0.687825,1.906684,2506000,21157.6
2507,1000,25.7912,5,0.1,,2,0,3,1.299,0,0,0.1,502.5,99,0,0.014257,0.703416,2.454475,2507000,21165.7
2508,1000,123.5461,10,0.2,,2,0,5,2.5,1,29,0.0,499.7,987,0,0.014248,0.675016,1.923039,2508000,21173.7
2509,1000,74.8714,9,0.18,,2,0,5,2.2776,0,0,0.0485,589.9,989,0,0.014402,0.773657,2.518775,2509000,21182.0
2510,1000,113.8013,10,0.2,,2,0,5,2.5,1,10,0.0,499.8,879,0,0.014375,0.719931,1.963285,2510000,21190.8
2511,1000,82.8629,8,0.16,,2,0,5,2.1213,1,0,0.022,502.5,121,0,0.014302,0.71243,2.438168,2511000,21199.5
2512,1000,114.9961,10,0.2,,2,0,5,2.5,1,0,0.0777,502.5,241,0,0.014057,0.921239,2.743051,2512000,21207.6
2513,1000,123.3116,10,0.2,,2,0,5,2.5,1,5,0.137,535.9,236,0,0.013634,0.743851,2.459595,2513000,21215.6
2514,1000,35.5275,7,0.14,,2,0,4,1.7854,0,0,0.077,507.0,99,0,0.013524,0.932173,2.679461,2514000,21223.7
2515,1000,73.5375,8,0.16,,2,0,5,2.1213,0,1,0.1045,502.5,654,0,0.013475,0.86651,3.217462,2515000,21232.3
2516,1000,54.1827,9,0.18,,2,0,5,2.2776,0,112,0.0418,525.8,290,0,0.013492,0.55664,2.4533,2516000,21240.3
2517,1000,112.9377,9,0.18,,2,0,5,2.2776,1,5,0.122,605.5,195,0,0.013457,0.804009,2.605098,2517000,21248.1
2518,1000,105.3786,10,0.2,,2,0,5,2.5,1,1,0.0225,586.4,304,0,0.013201,0.741067,2.47602,2518000,21256.1
2519,1000,48.2611,9,0.18,,2,0,5,2.2776,0,0,0.0,480.8,572,0,0.013139,0.92258,3.117309,2519000,21264.1
2520,1000,124.5805,10,0.2,,2,0,7,2.8723,1,3,0.122,505.4,567,0,0.013033,0.688054,2.366709,2520000,21272.2
2521,1000,72.567,9,0.18,,2,0,5,2.2776,0,0,0.0,477.4,331,0,0.013147,0.91864,2.9245,2521000,21280.4
2522,1000,88.7309,10,0.2,,2,0,5,2.5,0,259,0.0835,562.8,433,0,0.013141,0.701958,2.670418,2522000,21288.4
2523,1000,116.1198,10,0.2,,2,0,5,2.5,1,0,0.055,532.3,498,0,0.013198,1.043987,2.20588,2523000,21296.3
2524,1000,23.0317,6,0.12,,2,0,3,1.5,0,0,0.0602,502.5,199,0,0.013544,0.680628,2.011047,2524000,21304.5
2525,1000,70.2293,9,0.18,,2,0,5,2.2776,0,68,0.022,520.8,204,0,0.013394,0.784581,3.044239,2525000,21312.6
2526,1000,65.9519,8,0.16,,2,0,5,2.1213,0,84,0.209,688.3,146,0,0.013165,0.88315,2.578103,2526000,21320.8
2527,1000,82.7625,9,0.18,,2,0,5,2.2776,0,0,0.022,502.5,331,0,0.013255,0.85093,2.378368,2527000,21328.7
2528,1000,90.5835,10,0.2,,2,0,5,2.5,0,0,0.1608,502.5,198,0,0.01316,0.778618,2.861184,2528000,21336.7
2529,1000,75.8225,8,0.16,,2,0,6,2.4495,1,6,0.0,494.0,520,0,0.013361,0.706082,2.501669,2529000,21344.9
2530,1000,111.8804,10,0.2,,2,0,6,2.5981,1,75,0.116,502.5,779,0,0.013333,0.7624,2.897588,2530000,21353.3
2531,1000,46.0634,7,0.14,,1,0,4,1.479,0,80,0.0,500.0,876,0,0.013535,0.614879,2.967318,2531000,21361.7
2532,1000,95.8633,10,0.2,,2,0,5,2.5,0,129,0.2035,634.5,741,0,0.013642,0.748345,2.270139,2532000,21370.9
2533,1000,21.6423,6,0.12,,2,0,3,1.5,0,238,0.1405,502.5,253,0,0.013928,0.696407,2.553365,2533000,21379.9
2534,1000,51.2986,7,0.14,,1,0,4,1.479,0,0,0.0938,541.8,579,0,0.013739,0.745635,1.897563,2534000,21388.2
2535,1000,92.7851,10,0.2,,2,0,5,2.5,0,37,0.1625,633.6,266,0,0.014217,0.726449,2.255284,2535000,21396.6
2536,1000,121.8327,10,0.2,,2,0,6,2.5981,1,200,0.084,502.5,826,0,0.013761,0.632506,3.243084,2536000,21405.2
2537,1000,65.6666,9,0.18,,2,0,5,2.2776,0,165,0.0107,506.0,400,0,0.013379,0.712349,2.826788,2537000,21414.3
2538,1000,63.0467,8,0.16,,2,0,5,2.1213,0,0,0.0488,506.4,500,0,0.013353,0.81516,2.266677,2538000,21423.5
2539,1000,54.2736,8,0.16,,2,0,5,2.1213,0,12,0.068,564.2,506,0,0.013143,0.95656,2.781068,2539000,21432.2
2540,1000,54.7922,7,0.14,,2,0,5,2.0463,0,478,0.15,595.7,712,0,0.012928,0.837829,3.260398,2540000,21441.4
2541,1000,57.0312,9,0.18,,2,0,5,2.2776,0,111,0.0597,584.1,899,0,0.012895,1.367215,3.660381,2541000,21449.8
2542,1000,68.4117,9,0.18,,2,0,5,2.2776,0,0,0.0685,541.0,204,0,0.013117,0.644624,3.475957,2542000,21458.7
2543,1000,60.2815,8,0.16,,2,0,5,2.1213,0,0,0.088,552.9,175,0,0.013173,0.749799,2.678799,2543000,21468.1
2544,1000,125.8957,10,0.2,,2,0,5,2.5,1,46,0.0408,541.0,496,0,0.013132,0.889599,3.696877,2544000,21477.0
2545,1000,67.4654,8,0.16,,2,0,5,2.1213,0,0,0.0055,506.7,744,0,0.013214,0.735917,2.582502,2545000,21486.0
2546,1000,44.4446,7,0.14,,2,0,4,1.7854,0,0,0.0008,501.2,157,0,0.012907,0.809868,3.175254,2546000,21494.1
2547,1000,44.1141,7,0.14,,2,0,4,1.7854,0,0,0.0232,571.1,481,0,0.01315,0.640312,3.472207,2547000,21503.0
2548,1000,70.6226,9,0.18,,2,0,5,2.2776,0,48,0.0055,519.1,477,0,0.012832,0.808338,3.283957,2548000,21512.2
2549,1000,162.1001,11,0.22,,2,0,6,2.7726,2,0,0.0553,502.5,969,0,0.012605,0.92005,3.240628,2549000,21520.4
2550,1000,43.0458,8,0.16,,2,0,4,2.0,0,0,0.0988,525.3,581,0,0.01273,0.707726,3.040147,2550000,21529.1
2551,1000,18.6931,4,0.08,,2,0,3,1.2247,0,0,0.144,524.3,99,0,0.013044,0.676836,3.579948,2551000,21538.2
2552,1000,39.3003,7,0.14,,2,0,4,1.7854,0,9,0.1265,513.3,378,0,0.012981,0.859992,2.935762,2552000,21547.1
2553,1000,68.26,8,0.16,,2,0,5,2.1213,0,0,0.063,503.4,341,0,0.012999,0.701849,3.310543,2553000,21555.7
2554,1000,37.1466,9,0.18,,2,0,5,2.2776,0,0,0.0473,502.5,307,0,0.012895,0.645875,3.026311,2554000,21564.5
2555,1000,32.1337,6,0.12,,2,0,5,2.0616,0,0,0.1085,506.3,409,0,0.012864,0.696685,3.817075,2555000,21573.0
2556,1000,152.1303,10,0.2,,2,0,5,2.5,2,0,0.0,491.9,365,0,0.012833,0.740667,2.923356,2556000,21581.4
2557,1000,58.1097,7,0.14,,2,0,5,2.0463,1,0,0.0182,502.5,132,0,0.01313,0.723835,3.41018,2557000,21589.9
2558,1000,66.3148,9,0.18,,2,0,5,2.2776,0,115,0.1455,698.0,395,0,0.012687,0.640475,2.892002,2558000,21598.3
2559,1000,46.2506,9,0.18,,2,0,5,2.2776,0,0,0.0,475.2,153,0,0.012936,0.493451,3.934365,2559000,21606.4
2560,1000,45.1228,7,0.14,,2,0,4,1.7854,0,0,0.1077,523.4,937,0,0.013086,0.784424,2.451818,2560000,21614.9
2561,1000,117.4709,10,0.2,,2,0,5,2.5,1,144,0.1475,710.4,260,0,0.012987,0.70202,3.465419,2561000,21623.4
2562,1000,56.5667,7,0.14,,2,0,5,2.0463,0,18,0.1477,548.3,883,0,0.013503,0.680387,2.510138,2562000,21631.9
2563,1000,44.0415,9,0.18,,2,0,5,2.2776,0,0,0.024,524.8,463,0,0.013597,0.784249,2.726221,2563000,21640.2
2564,1000,97.056,11,0.22,,1,0,5,2.2776,0,161,0.129,592.9,936,0,0.013854,0.687523,2.381765,2564000,21648.2
2565,1000,77.1544,9,0.18,,2,0,5,2.2776,0,19,0.0462,502.9,449,0,0.014276,0.673713,3.368496,2565000,21656.6
2566,1000,79.3814,9,0.18,,2,0,5,2.2776,0,26,0.0173,593.5,918,0,0.013924,1.009664,2.818661,2566000,21664.8
2567,1000,58.8614,9,0.18,,2,0,5,2.2776,0,2,0.1295,513.8,197,0,0.014022,0.674719,2.863721,2567000,21673.0
2568,1000,22.6763,6,0.12,,1,0,3,1.118,0,76,0.0755,502.5,728,0,0.01386,0.929589,2.696104,2568000,21681.6
2569,1000,62.5144,9,0.18,,2,0,5,2.2776,0,0,0.0722,537.4,987,0,0.013764,0.621636,2.193175,2569000,21689.7
2570,1000,54.0022,9,0.18,,2,0,5,2.2776,0,143,0.0578,601.0,431,0,0.013983,0.542473,2.730863,2570000,21697.7
2571,1000,91.0507,8,0.16,,2,0,6,2.4495,1,0,0.0,461.1,603,0,0.014171,0.933343,2.457673,2571000,21705.9
2572,1000,46.7505,7,0.14,,2,0,4,1.7854,0,0,0.0,464.5,154,0,0.014034,0.845446,2.553161,2572000,21714.3
2573,1000,76.7446,10,0.2,,2,0,5,2.5,0,0,0.0597,589.9,867,0,0.014135,1.075778,3.25743,2573000,21722.2
2574,1000,63.1538,8,0.16,,2,0,4,2.0,0,35,0.0385,502.5,583,0,0.013931,0.647313,2.791749,2574000,21730.3
2575,1000,50.9196,8,0.16,,2,0,4,2.0,0,0,0.009,502.7,163,0,0.013898,0.667513,3.262322,2575000,21738.6
2576,1000,89.4609,8,0.16,,2,0,5,2.1213,1,87,0.0,499.8,742,0,0.014177,0.959586,2.420611,2576000,21747.0
2577,1000,96.2865,10,0.2,,2,0,5,2.5,0,7,0.0215,524.6,206,0,0.014033,0.894856,3.140793,2577000,21755.0
2578,1000,52.2726,8,0.16,,2,0,5,2.1213,0,0,0.0,438.4,545,0,0.014296,0.707643,2.62177,2578000,21762.9
2579,1000,79.6269,9,0.18,,2,0,5,2.2776,0,0,0.0932,506.2,200,0,0.01402,0.766218,2.900334,2579000,21771.0
2580,1000,91.9754,10,0.2,,2,0,5,2.5,1,0,0.0693,736.9,914,0,0.014005,0.899842,2.7619,2580000,21779.0
2581,1000,-2.6252,7,0.14,,2,0,4,1.7854,0,0,0.0,453.2,334,0,0.013874,0.788138,2.644124,2581000,21787.3
2582,1000,70.5674,8,0.16,,2,0,5,2.1213,1,495,0.048,533.0,147,0,0.013947,0.669066,1.931651,2582000,21795.9
2583,1000,44.2937,9,0.18,,2,0,5,2.2776,0,0,0.0,469.4,280,0,0.014061,0.934656,3.248394,2583000,21804.1
2584,1000,49.7646,9,0.18,,2,0,5,2.2776,0,12,0.0045,502.2,163,0,0.013694,0.609186,3.19438,2584000,21812.2
2585,1000,67.9185,8,0.16,,2,0,5,2.1213,1,54,0.0398,535.7,236,0,0.013663,0.598809,2.799044,2585000,21820.2
2586,1000,85.2976,8,0.16,,2,0,5,2.1213,1,41,0.183,530.2,324,0,0.013595,0.865522,2.516753,2586000,21828.6
2587,1000,74.8214,9,0.18,,2,0,5,2.2776,0,0,0.0,486.9,459,0,0.013245,1.332617,3.229368,2587000,21836.7
2588,1000,79.5648,7,0.14,,1,0,5,1.9203,1,0,0.016,522.0,992,0,0.013237,0.764174,2.318433,2588000,21845.0
2589,1000,-3.348,4,0.08,,2,0,3,1.2247,0,1,0.055,502.5,60,0,0.013141,0.742788,2.047086,2589000,21853.2
2590,1000,55.7362,8,0.16,,2,0,4,2.0,0,0,0.0495,502.5,453,0,0.013531,0.675178,2.484748,2590000,21861.2
2591,1000,37.4754,6,0.12,,2,0,3,1.5,0,0,0.0,483.9,67,0,0.013677,0.685108,3.135301,2591000,21869.8
2592,1000,151.3396,10,0.2,,2,0,5,2.5,2,0,0.047,508.4,556,0,0.013647,0.847498,2.935321,2592000,21878.0
2593,1000,126.7886,11,0.22,,2,0,6,2.7726,1,637,0.1618,581.2,963,0,0.013708,0.901445,3.218564,2593000,21886.4
2594,1000,-7.1071,8,0.16,,2,0,5,2.1213,0,0,0.0,399.1,180,0,0.013369,0.732217,4.068768,2594000,21894.9
2595,1000,45.7482,7,0.14,,2,0,4,1.7854,0,0,0.1025,531.3,341,0,0.013718,0.710129,2.905678,2595000,21903.6
2596,1000,74.1386,9,0.18,,2,0,5,2.2776,0,59,0.0423,530.3,825,0,0.01358,0.768191,3.225715,2596000,21912.1
2597,1000,103.4463,9,0.18,,2,0,5,2.2776,1,133,0.0935,591.2,146,0,0.013347,0.996544,3.154095,2597000,21920.9
2598,1000,110.5312,10,0.2,,2,0,5,2.5,1,0,0.031,502.5,406,0,0.013444,0.746177,3.278489,2598000,21929.4
2599,1000,18.7157,7,0.14,,2,0,4,1.7854,0,0,0.0,494.0,934,0,0.013663,1.359559,2.929874,2599000,21937.7
2600,1000,69.3494,9,0.18,,2,0,5,2.2776,0,0,0.0655,527.0,123,0,0.013947,0.595498,2.846926,2600000,21945.9
2601,1000,-1.4702,6,0.12,,2,0,4,1.6583,0,0,0.0,491.1,177,0,0.01392,0.633482,3.270889,2601000,21954.8
2602,1000,83.1869,9,0.18,,2,0,5,2.2776,0,4,0.0808,629.8,201,0,0.014113,0.76984,3.288472,2602000,21963.0
2603,1000,66.8845,9,0.18,,2,0,5,2.2776,1,0,0.0,465.6,579,0,0.014219,0.651123,3.382456,2603000,21971.7
2604,1000,33.1741,7,0.14,,2,0,4,1.7854,0,0,0.099,538.2,175,0,0.014275,0.576869,3.301916,2604000,21979.9
2605,1000,88.7802,9,0.18,,2,0,5,2.2776,0,0,0.0,494.4,824,0,0.014057,0.638896,3.033296,2605000,21988.3
2606,1000,76.7142,9,0.18,,2,0,6,2.4875,1,0,0.0,493.7,770,0,0.014201,0.726838,3.150045,2606000,21996.6
2607,1000,88.6643,10,0.2,,2,0,5,2.5,1,26,0.114,506.1,428,0,0.013814,0.839309,3.058469,2607000,22004.9
2608,1000,61.1717,8,0.16,,2,0,5,2.1213,0,42,0.0195,502.5,124,0,0.013824,1.011385,2.940089,2608000,22013.5
2609,1000,49.4965,8,0.16,,2,0,4,2.0,0,218,0.081,502.5,110,0,0.013428,0.529638,3.639039,2609000,22021.8
2610,1000,63.9477,9,0.18,,1,0,4,1.7854,0,0,0.0688,502.5,585,0,0.013318,0.729279,3.030378,2610000,22029.9
2611,1000,62.5466,9,0.18,,2,0,5,2.2776,0,0,0.0793,543.8,161,0,0.013157,0.668214,3.564296,2611000,22038.2
2612,1000,88.4679,9,0.18,,2,0,5,2.2776,1,5,0.0177,557.0,189,0,0.01312,0.591613,2.956496,2612000,22046.4
2613,1000,36.024,8,0.16,,2,0,5,2.1213,0,10,0.0288,586.5,159,0,0.012953,0.612925,3.100109,2613000,22054.5
2614,1000,24.5518,7,0.14,,2,0,4,1.7854,0,99,0.0043,502.5,699,0,0.012795,0.788161,2.786211,2614000,22062.6
2615,1000,51.4772,8,0.16,,2,0,5,2.1213,0,0,0.0925,540.6,509,0,0.012904,0.874159,3.229974,2615000,22071.1
2616,1000,97.0054,10,0.2,,2,0,5,2.5,0,12,0.0272,502.5,425,0,0.012597,0.8583,3.236444,2616000,22079.3
2617,1000,101.5668,10,0.2,,2,0,5,2.5,1,0,0.0,486.3,174,0,0.012839,1.214179,3.100816,2617000,22087.6
2618,1000,100.2355,10,0.2,,2,0,5,2.5,1,0,0.0063,504.5,464,0,0.013274,0.650377,3.222274,2618000,22095.7
2619,1000,6.9238,3,0.06,,2,0,2,0.8292,0,10,0.009,502.5,698,0,0.013414,1.377899,2.715805,2619000,22104.2
2620,1000,77.0399,10,0.2,,2,0,5,2.5,0,25,0.0943,590.5,818,0,0.013624,0.784081,2.470453,2620000,22112.2
2621,1000,57.2603,8,0.16,,2,0,4,2.0,0,126,0.0318,537.9,192,0,0.01363,0.975498,3.021868,2621000,22120.4
2622,1000,52.4512,8,0.16,,2,0,5,2.1213,0,0,0.0,447.9,380,0,0.013703,1.070667,2.947114,2622000,22128.7
2623,1000,81.9517,6,0.12,,2,0,5,2.0616,1,40,0.2025,504.8,207,0,0.01412,0.76432,3.059304,2623000,22136.9
2624,1000,124.3075,10,0.2,,2,0,5,2.5,1,108,0.042,502.5,558,0,0.01388,0.678481,3.461716,2624000,22145.1
2625,1000,72.3755,10,0.2,,2,0,5,2.5,0,33,0.0092,565.1,556,0,0.013478,0.850929,3.171769,2625000,22153.5
2626,1000,64.0552,8,0.16,,2,0,4,2.0,0,16,0.036,502.2,411,0,0.013295,0.765234,2.777545,2626000,22162.0
2627,1000,28.1803,7,0.14,,2,0,4,1.7854,0,0,0.031,502.5,191,0,0.013291,2.031125,3.136346,2627000,22170.4
2628,1000,87.7864,10,0.2,,2,0,5,2.5,0,0,0.0095,502.5,324,0,0.013236,1.156062,3.5125,2628000,22179.0
2629,1000,72.7898,8,0.16,,2,0,5,2.1213,0,12,0.154,502.5,319,0,0.013299,1.089993,2.984604,2629000,22187.8
2630,1000,101.2532,10,0.2,,2,0,5,2.5,1,253,0.1085,502.5,471,0,0.013426,0.781691,3.078106,2630000,22196.4
2631,1000,33.6041,8,0.16,,2,0,4,2.0,0,0,0.0,402.5,240,0,0.013734,0.659754,3.600629,2631000,22205.0
2632,1000,31.7882,7,0.14,,2,0,4,1.7854,0,307,0.0633,502.5,210,0,0.013385,0.812685,3.035057,2632000,22213.4
2633,1000,97.798,10,0.2,,2,0,5,2.5,1,0,0.0297,509.4,809,0,0.013495,0.808009,2.506385,2633000,22222.1
2634,1000,107.6739,10,0.2,,2,0,5,2.5,1,0,0.1008,543.0,388,0,0.01348,0.695774,3.4473,2634000,22230.5
2635,1000,93.5772,8,0.16,,2,0,5,2.1213,1,0,0.017,502.5,117,0,0.013351,0.889154,4.313761,2635000,22239.2
2636,1000,39.0176,7,0.14,,2,0,4,1.7854,0,0,0.0695,502.5,195,0,0.013459,0.620392,2.89621,2636000,22247.9
2637,1000,62.2808,9,0.18,,2,0,5,2.2776,0,0,0.1115,586.4,679,0,0.013385,0.687674,4.008327,2637000,22256.7
2638,1000,53.8838,8,0.16,,2,0,4,2.0,0,0,0.0103,502.5,525,0,0.013455,0.639358,4.055285,2638000,22265.2
2639,1000,113.6379,13,0.26,,1,0,8,3.1125,1,0,0.0152,526.3,881,0,0.013302,1.115876,2.940439,2639000,22273.5
2640,1000,60.5451,8,0.16,,2,0,4,2.0,0,0,0.0097,504.6,97,0,0.013374,0.767319,2.585542,2640000,22282.0
2641,1000,107.3914,9,0.18,,2,0,5,2.2776,1,66,0.0855,502.5,294,0,0.013024,0.631131,3.22117,2641000,22290.4
2642,1000,108.3971,10,0.2,,2,0,5,2.5,1,14,0.06,561.1,855,0,0.013275,0.762252,2.843316,2642000,22298.4
2643,1000,115.2208,10,0.2,,2,0,5,2.5,1,40,0.0,499.8,739,0,0.012771,0.688598,3.097782,2643000,22306.5
2644,1000,1.9962,6,0.12,,2,0,4,1.6583,0,0,0.0,457.6,75,0,0.012423,0.742215,3.893768,2644000,22314.7
2645,1000,59.8474,9,0.18,,2,0,5,2.2776,0,104,0.092,554.1,882,0,0.012622,0.66762,2.976601,2645000,22322.8
2646,1000,94.8376,8,0.16,,2,0,6,2.4495,1,0,0.021,502.5,890,0,0.012512,0.627007,2.239743,2646000,22331.0
2647,1000,68.0858,9,0.18,,2,0,5,2.2776,0,0,0.0573,511.1,936,0,0.012372,0.766342,2.982679,2647000,22339.2
2648,1000,24.7718,6,0.12,,2,0,4,1.6583,0,32,0.0325,533.2,253,0,0.012387,1.392594,2.296608,2648000,22348.0
2649,1000,70.78,9,0.18,,2,0,5,2.2776,0,595,0.1003,623.5,109,0,0.012152,0.754021,2.543443,2649000,22356.4
2650,1000,105.9792,8,0.16,,2,0,5,2.1213,1,0,0.0,462.4,179,0,0.012527,0.772257,2.876893,2650000,22364.4
2651,1000,128.3823,11,0.22,,2,0,6,2.7726,2,43,0.0602,615.7,713,0,0.012241,0.650105,3.263345,2651000,22372.4
2652,1000,68.2892,8,0.16,,2,0,4,2.0,0,137,0.0338,504.5,180,0,0.012442,0.695797,3.0661,2652000,22380.5
2653,1000,47.4772,8,0.16,,2,0,4,2.0,0,0,0.0,433.3,487,0,0.012478,0.915079,3.158444,2653000,22388.7
2654,1000,51.7855,9,0.18,,2,0,5,2.2776,0,0,0.0,406.3,392,0,0.012366,0.691118,3.192589,2654000,22397.1
2655,1000,69.246,9,0.18,,2,0,5,2.2776,0,0,0.023,505.0,175,0,0.012372,0.898383,3.556004,2655000,22405.4
2656,1000,71.1905,9,0.18,,2,0,5,2.2776,0,0,0.1552,548.9,432,0,0.012366,0.652596,3.445004,2656000,22413.3
2657,1000,98.1255,8,0.16,,2,0,5,2.1213,1,3,0.1388,502.5,129,0,0.012483,0.686973,2.610747,2657000,22421.9
2658,1000,104.8213,9,0.18,,2,0,5,2.2776,1,8,0.0633,508.5,367,0,0.012159,0.661641,3.473704,2658000,22430.1
2659,1000,84.5302,9,0.18,,2,0,5,2.2776,1,0,0.018,509.3,316,0,0.012264,0.556826,2.791193,2659000,22438.4
2660,1000,8.3208,4,0.08,,2,0,3,1.2247,0,0,0.0013,500.4,125,0,0.012388,0.696019,3.187018,2660000,22446.8
2661,1000,46.3197,7,0.14,,2,0,4,1.7854,0,0,0.0,449.6,627,0,0.01228,0.598055,2.962492,2661000,22455.1
2662,1000,75.738,9,0.18,,2,0,5,2.2776,1,0,0.0885,605.3,306,0,0.012504,0.880565,3.281539,2662000,22463.9
2663,1000,77.0241,9,0.18,,2,0,5,2.2776,0,0,0.009,502.5,166,0,0.012007,0.698035,3.946538,2663000,22472.6
2664,1000,109.9486,10,0.2,,2,0,5,2.5,1,75,0.0727,579.9,293,0,0.011973,0.716803,3.503203,2664000,22480.9
2665,1000,16.4686,5,0.1,,2,0,4,1.6394,0,18,0.0,499.9,278,0,0.011943,0.707007,3.513735,2665000,22489.5
2666,1000,53.6821,10,0.2,,2,0,5,2.5,0,0,0.0352,631.0,273,0,0.012277,0.626852,3.404402,2666000,22498.0
2667,1000,86.9212,8,0.16,,2,0,5,2.1213,1,0,0.0,487.1,155,0,0.012352,1.90653,2.695735,2667000,22506.5
2668,1000,30.3327,6,0.12,,2,0,5,2.0616,0,0,0.0,432.0,464,0,0.01251,0.770817,3.749771,2668000,22514.8
2669,1000,16.3182,5,0.1,,2,0,3,1.299,0,0,0.0,448.5,807,0,0.012757,0.935139,2.860139,2669000,22523.1
2670,1000,80.1153,10,0.2,,2,0,5,2.5,0,283,0.0798,748.8,750,0,0.012718,0.634634,3.438506,2670000,22531.9
2671,1000,25.3774,6,0.12,,2,0,5,2.0616,0,0,0.1275,510.1,666,0,0.01307,0.571806,2.910539,2671000,22540.3
2672,1000,53.057,7,0.14,,2,0,5,2.0463,0,0,0.0775,573.6,994,0,0.013251,0.711956,3.034153,2672000,22548.7
2673,1000,11.888,4,0.08,,2,0,3,1.2247,0,0,0.053,503.6,78,0,0.013361,0.85031,3.331095,2673000,22557.0
2674,1000,82.863,9,0.18,,2,0,5,2.2776,1,66,0.0225,508.9,220,0,0.013163,0.658969,3.232611,2674000,22565.1
2675,1000,101.6058,9,0.18,,2,0,5,2.2776,1,0,0.0,471.0,845,0,0.013403,1.046947,3.003176,2675000,22573.6
2676,1000,34.8192,8,0.16,,2,0,4,2.0,0,0,0.0,432.0,233,0,0.012985,0.99811,2.719244,2676000,22582.0
2677,1000,108.3444,11,0.22,,2,0,6,2.7726,1,250,0.1177,565.1,718,0,0.012963,0.645324,3.613147,2677000,22590.3
2678,1000,105.0967,10,0.2,,2,0,5,2.5,1,0,0.056,502.5,390,0,0.012756,0.628699,3.731281,2678000,22598.4
2679,1000,129.8628,11,0.22,,2,0,7,2.9475,1,58,0.0447,644.9,955,0,0.012916,0.697809,3.797869,2679000,22606.5
2680,1000,77.5035,9,0.18,,2,0,5,2.2776,0,0,0.0,493.6,931,0,0.012919,0.747023,2.898599,2680000,22614.9
2681,1000,159.1574,10,0.2,,2,0,5,2.5,2,28,0.0442,704.1,386,0,0.012705,0.66255,2.821234,2681000,22623.9
2682,1000,114.1382,10,0.2,,2,0,5,2.5,1,0,0.1242,502.5,190,0,0.01267,0.75123,3.319857,2682000,22632.0
2683,1000,120.1611,10,0.2,,2,0,5,2.5,1,0,0.0,460.1,161,0,0.01285,0.636742,2.711946,2683000,22640.5
2684,1000,125.7726,10,0.2,,2,0,5,2.5,1,0,0.003,512.5,454,0,0.012763,0.753469,3.628262,2684000,22649.3
2685,1000,94.3825,8,0.16,,2,0,5,2.1213,1,0,0.0602,502.5,355,0,0.012843,0.755436,2.007283,2685000,22658.0
2686,1000,138.668,11,0.22,,2,0,6,2.7726,1,0,0.0088,502.5,981,0,0.012574,1.082637,3.009061,2686000,22666.5
2687,1000,84.3144,10,0.2,,2,0,5,2.5,0,385,0.0902,612.6,755,0,0.012656,0.649068,3.701375,2687000,22675.3
2688,1000,93.5829,10,0.2,,2,0,5,2.5,0,0,0.0115,502.3,232,0,0.012756,0.761251,3.729756,2688000,22684.0
2689,1000,154.0293,10,0.2,,2,0,5,2.5,2,0,0.0495,569.1,601,0,0.012693,1.300982,2.655562,2689000,22692.4
2690,1000,128.3292,10,0.2,,2,0,5,2.5,1,11,0.0168,502.1,301,0,0.012757,0.565152,3.216947,2690000,22700.8
2691,1000,154.2117,10,0.2,,2,0,5,2.5,2,1,0.0112,529.2,277,0,0.012592,0.639144,3.128781,2691000,22709.8
2692,1000,60.5591,8,0.16,,2,0,5,2.1213,0,0,0.0345,545.0,924,0,0.012896,1.007031,2.53704,2692000,22718.4
2693,1000,81.5705,7,0.14,,2,0,5,2.0463,1,0,0.1217,525.6,265,0,0.012922,0.762366,2.425856,2693000,22726.6
2694,1000,71.0567,9,0.18,,2,0,5,2.2776,0,0,0.0505,506.8,373,0,0.01263,0.697868,3.149288,2694000,22734.8
2695,1000,69.8512,8,0.16,,2,0,5,2.1213,0,0,0.0515,544.6,204,0,0.012432,1.014061,2.727384,2695000,22743.1
2696,1000,69.1017,8,0.16,,2,0,5,2.1213,0,0,0.169,504.7,153,0,0.012765,0.720963,2.838923,2696000,22751.2
2697,1000,51.174,9,0.18,,2,0,5,2.2776,0,0,0.007,501.9,213,0,0.012684,0.858362,1.959517,2697000,22759.5
2698,1000,55.7863,8,0.16,,2,0,5,2.1213,0,0,0.054,501.3,318,0,0.012774,0.819762,2.307942,2698000,22767.8
2699,1000,122.9936,10,0.2,,2,0,5,2.5,1,0,0.0065,520.1,512,0,0.012396,0.701323,2.664958,2699000,22776.1
2700,1000,5.8381,6,0.12,,2,0,3,1.5,0,0,0.0027,533.7,692,0,0.012587,0.651535,2.472831,2700000,22784.3
2701,1000,52.4252,9,0.18,,2,0,5,2.2776,0,0,0.037,502.5,334,0,0.012724,0.614678,3.055275,2701000,22792.4
2702,1000,59.2809,9,0.18,,2,0,5,2.2776,0,0,0.1027,575.5,554,0,0.012563,0.729741,3.065289,2702000,22800.6
2703,1000,67.4787,9,0.18,,2,0,5,2.2776,0,44,0.0785,696.1,405,0,0.0126,0.622593,3.445613,2703000,22808.6
2704,1000,77.5112,9,0.18,,2,0,5,2.2776,0,28,0.0955,511.2,364,0,0.012633,0.809012,2.236339,2704000,22816.8
2705,1000,41.3263,6,0.12,,2,0,3,1.5,0,0,0.0442,502.5,55,0,0.012568,0.922206,2.502987,2705000,22825.1
2706,1000,81.7651,10,0.2,,2,0,5,2.5,0,17,0.0563,591.9,524,0,0.013049,0.719904,3.415494,2706000,22833.5
2707,1000,31.9492,6,0.12,,2,0,5,2.0616,0,0,0.1095,502.5,800,0,0.012916,0.756642,2.508875,2707000,22842.0
2708,1000,95.2337,9,0.18,,2,0,5,2.2776,1,0,0.0245,525.0,213,0,0.012619,0.67826,3.300678,2708000,22850.9
2709,1000,59.0074,8,0.16,,2,0,4,2.0,0,0,0.002,501.3,822,0,0.013065,0.597762,2.967899,2709000,22858.9
2710,1000,64.306,9,0.18,,2,0,5,2.2776,0,0,0.018,502.5,531,0,0.012959,0.928434,2.898885,2710000,22867.2
2711,1000,75.2458,10,0.2,,2,0,5,2.5,0,6,0.1835,526.1,515,0,0.012961,0.766588,2.812979,2711000,22875.1
2712,1000,59.385,9,0.18,,2,0,5,2.2776,0,4,0.126,559.8,232,0,0.013177,0.963423,3.28581,2712000,22883.1
2713,1000,69.2664,9,0.18,,2,0,5,2.2776,0,0,0.0357,530.3,451,0,0.013037,1.060903,2.912547,2713000,22891.1
2714,1000,64.1882,9,0.18,,2,0,5,2.2776,0,573,0.1822,647.2,769,0,0.012916,0.800491,3.829518,2714000,22899.4
2715,1000,111.5615,11,0.22,,2,0,6,2.7726,2,0,0.0,494.5,541,0,0.01311,1.041575,1.77783,2715000,22907.9
2716,1000,64.0788,9,0.18,,2,0,5,2.2776,0,0,0.068,548.6,458,0,0.013023,0.960286,2.794683,2716000,22916.1
2717,1000,107.7465,9,0.18,,2,0,5,2.2776,1,3,0.0345,526.5,182,0,0.013021,0.796338,3.110242,2717000,22924.8
2718,1000,142.3473,10,0.2,,2,0,5,2.5,2,113,0.0695,683.9,302,0,0.012752,0.656961,3.447456,2718000,22933.9
2719,1000,10.2872,4,0.08,,3,0,4,1.7321,0,19,0.116,531.3,281,0,0.01305,0.640195,2.413897,2719000,22943.4
2720,1000,134.8012,10,0.2,,2,0,5,2.5,2,216,0.0578,574.3,228,0,0.01326,0.705176,3.101106,2720000,22951.9
2721,1000,74.618,10,0.2,,2,0,5,2.5,0,0,0.0988,504.1,334,0,0.012908,0.65875,3.651422,2721000,22960.4
2722,1000,126.2842,10,0.2,,2,0,5,2.5,1,0,0.0717,540.6,343,0,0.012867,0.615744,3.494905,2722000,22968.8
2723,1000,154.7265,10,0.2,,2,0,5,2.5,2,0,0.0493,538.4,168,0,0.012893,0.961466,3.605036,2723000,22977.1
2724,1000,44.9251,7,0.14,,2,0,4,1.7854,0,0,0.065,502.5,106,0,0.013019,0.867797,3.243262,2724000,22985.1
2725,1000,109.3619,11,0.22,,2,0,7,2.9475,1,0,0.0605,535.9,576,0,0.012859,0.825197,3.328019,2725000,22993.3
2726,1000,148.7262,10,0.2,,2,0,5,2.5,2,92,0.0053,502.5,334,0,0.012855,0.742637,2.681737,2726000,23001.5
2727,1000,7.6544,7,0.14,,2,0,5,2.0463,0,0,0.2535,510.7,129,0,0.013106,0.96117,3.055555,2727000,23009.8
2728,1000,59.4728,7,0.14,,2,0,4,1.7854,0,0,0.0025,502.5,87,0,0.01294,0.685634,3.238378,2728000,23018.2
2729,1000,150.6714,10,0.2,,2,0,5,2.5,2,0,0.003,501.2,158,0,0.013049,0.66901,2.753537,2729000,23026.5
2730,1000,55.3666,10,0.2,,2,0,5,2.5,0,62,0.0177,536.1,235,0,0.012937,0.909637,3.06734,2730000,23034.7
2731,1000,110.5069,10,0.2,,2,0,5,2.5,1,0,0.072,502.5,512,0,0.012938,0.58976,3.139059,2731000,23042.6
2732,1000,119.2078,10,0.2,,2,0,5,2.5,2,0,0.054,502.5,175,0,0.013139,0.698296,2.57205,2732000,23050.6
2733,1000,68.8652,7,0.14,,2,0,5,2.0463,1,1,0.1525,520.6,149,0,0.012762,0.675914,3.307331,2733000,23058.7
2734,1000,61.1227,8,0.16,,2,0,4,2.0,0,0,0.0628,502.5,202,0,0.012865,0.846702,2.888154,2734000,23067.1
2735,1000,94.8657,10,0.2,,2,0,5,2.5,1,86,0.0737,596.8,345,0,0.012988,0.570504,3.163917,2735000,23075.7
2736,1000,76.9412,10,0.2,,2,0,5,2.5,0,3,0.1232,533.2,126,0,0.013293,0.793834,3.613094,2736000,23084.5
2737,1000,51.4226,8,0.16,,2,0,4,2.0,0,306,0.0005,500.0,458,0,0.013691,0.902526,2.768028,2737000,23093.1
2738,1000,71.8437,10,0.2,,2,0,5,2.5,0,0,0.0,495.2,742,0,0.013301,0.696433,2.904625,2738000,23101.4
2739,1000,73.9412,9,0.18,,2,0,5,2.2776,0,0,0.0605,513.2,163,0,0.013054,0.579162,3.064076,2739000,23109.7
2740,1000,117.4205,10,0.2,,2,0,5,2.5,1,0,0.107,523.5,179,0,0.013148,0.664545,3.174438,2740000,23117.8
2741,1000,120.4617,10,0.2,,2,0,5,2.5,1,26,0.0275,614.0,853,0,0.013151,0.609016,2.392528,2741000,23125.9
2742,1000,106.8027,9,0.18,,2,0,5,2.2776,1,5,0.0387,502.5,345,0,0.013132,1.164988,2.966706,2742000,23134.4
2743,1000,27.0396,5,0.1,,2,0,4,1.6394,0,9,0.027,503.9,588,0,0.013132,1.070836,2.995322,2743000,23142.7
2744,1000,96.0706,9,0.18,,2,0,5,2.2776,1,0,0.0118,502.5,136,0,0.013081,0.801281,2.813585,2744000,23150.8
2745,1000,106.7121,9,0.18,,2,0,5,2.2776,1,0,0.0,493.3,103,0,0.012645,0.649075,2.66562,2745000,23159.4
2746,1000,44.7854,7,0.14,,2,0,4,1.7854,0,37,0.0005,502.5,990,0,0.013225,0.619299,3.401119,2746000,23168.0
2747,1000,55.7877,8,0.16,,2,0,4,2.0,0,0,0.0003,501.1,771,0,0.013111,0.65672,2.812373,2747000,23176.1
2748,1000,20.1526,6,0.12,,2,0,5,2.0616,0,0,0.0,441.0,978,0,0.01357,0.800845,3.157203,2748000,23184.9
2749,1000,52.7528,8,0.16,,2,0,5,2.1213,0,0,0.01,502.5,796,0,0.013763,14.418709,1.908692,2749000,23194.0
2750,1000,149.7355,10,0.2,,2,0,5,2.5,2,0,0.042,539.1,321,0,0.013741,0.739631,2.553504,2750000,23202.4
2751,1000,112.016,10,0.2,,2,0,5,2.5,1,0,0.0145,502.5,228,0,0.013643,2.025805,2.826628,2751000,23210.6
2752,1000,51.2569,8,0.16,,2,0,4,2.0,0,0,0.0,476.9,987,0,0.013459,0.757306,2.249294,2752000,23218.8
2753,1000,-16.5858,3,0.06,,3,0,3,1.299,0,534,0.2295,505.5,43,0,0.013755,0.74919,3.419428,2753000,23227.1
2754,1000,93.1487,10,0.2,,2,0,5,2.5,0,0,0.0,463.3,875,0,0.013727,1.058425,1.997123,2754000,23235.3
2755,1000,53.6815,9,0.18,,2,0,5,2.2776,0,0,0.0887,554.4,347,0,0.013645,0.956027,2.294667,2755000,23243.9
2756,1000,65.3512,9,0.18,,2,0,5,2.2776,0,9,0.101,550.0,156,0,0.013464,0.761143,2.024071,2756000,23252.3
2757,1000,112.5914,10,0.2,,2,0,5,2.5,1,0,0.0105,502.3,207,0,0.013474,1.114669,2.081511,2757000,23260.9
2758,1000,71.5901,10,0.2,,2,0,5,2.5,0,0,0.0978,557.8,246,0,0.013645,0.704893,2.642587,2758000,23269.0
2759,1000,84.4691,10,0.2,,2,0,5,2.5,0,0,0.25,519.7,137,0,0.01382,0.77557,2.634445,2759000,23277.4
2760,1000,72.1903,10,0.2,,2,0,5,2.5,1,5,0.0435,502.5,175,0,0.013657,0.613893,2.470517,2760000,23285.8
2761,1000,110.8412,10,0.2,,2,0,5,2.5,1,0,0.0,487.6,208,0,0.013271,0.868005,2.154902,2761000,23294.2
2762,1000,69.064,9,0.18,,2,0,5,2.2776,0,0,0.0187,502.9,156,0,0.013383,0.768318,2.432964,2762000,23302.2
2763,1000,118.1454,10,0.2,,2,0,5,2.5,1,94,0.0648,578.9,773,0,0.013684,0.521822,3.063933,2763000,23310.7
2764,1000,88.8374,10,0.2,,2,0,5,2.5,1,330,0.1207,728.0,382,0,0.013723,1.466849,2.894493,2764000,23319.2
2765,1000,72.0814,9,0.18,,2,0,5,2.2776,0,0,0.1383,521.7,134,0,0.01377,0.776202,2.839967,2765000,23327.5
2766,1000,51.9597,7,0.14,,2,0,4,1.7854,0,0,0.0813,502.5,149,0,0.013699,0.836722,2.965286,2766000,23335.6
2767,1000,122.9853,10,0.2,,2,0,5,2.5,1,379,0.0965,561.5,180,0,0.013432,0.745369,3.076878,2767000,23343.6
2768,1000,33.2541,8,0.16,,2,0,5,2.1213,0,0,0.1542,502.5,254,0,0.013197,0.715709,3.137497,2768000,23352.0
2769,1000,56.7364,8,0.16,,2,0,4,2.0,0,220,0.0848,541.6,804,0,0.013146,0.85092,2.840667,2769000,23360.8
2770,1000,93.1106,10,0.2,,2,0,5,2.5,0,65,0.1045,502.5,726,0,0.013242,0.852591,2.809939,2770000,23369.2
2771,1000,62.2466,8,0.16,,2,0,5,2.1213,0,0,0.0,476.8,493,0,0.012979,1.593767,2.838193,2771000,23377.6
2772,1000,112.0756,10,0.2,,2,0,6,2.5981,1,462,0.1903,582.2,687,0,0.012622,0.712783,2.85791,2772000,23386.0
2773,1000,29.0427,5,0.1,,2,0,3,1.299,0,0,0.001,500.3,979,0,0.012686,0.685406,3.192961,2773000,23394.5
2774,1000,102.0066,10,0.2,,2,0,5,2.5,1,0,0.038,502.5,153,0,0.012979,0.85513,2.924203,2774000,23402.7
2775,1000,94.0185,9,0.18,,2,0,5,2.2776,1,423,0.051,571.1,342,0,0.013086,0.597262,3.020597,2775000,23411.5
2776,1000,9.5799,4,0.08,,2,0,3,1.2247,0,115,0.1085,502.5,339,0,0.013145,1.219377,2.364263,2776000,23420.3
2777,1000,96.6705,10,0.2,,2,0,5,2.5,1,0,0.009,524.1,471,0,0.013472,1.019732,2.892249,2777000,23428.6
2778,1000,37.361,6,0.12,,2,0,5,2.0616,0,0,0.1145,502.5,444,0,0.013832,0.724338,3.288438,2778000,23436.8
2779,1000,139.2483,10,0.2,,2,0,5,2.5,2,0,0.004,502.5,383,0,0.013563,0.781639,3.282176,2779000,23445.2
2780,1000,69.8068,9,0.18,,2,0,5,2.2776,0,197,0.0442,684.7,994,0,0.013383,1.049069,3.111716,2780000,23453.7
2781,1000,66.6143,9,0.18,,2,0,5,2.2776,0,0,0.0975,540.4,946,0,0.013541,2.452911,3.60538,2781000,23462.3
2782,1000,149.0825,10,0.2,,2,0,5,2.5,2,0,0.0003,500.2,373,0,0.013766,0.809533,2.832794,2782000,23470.8
2783,1000,91.9632,10,0.2,,2,0,5,2.5,1,0,0.0,473.7,909,0,0.013619,0.756378,2.708773,2783000,23478.9
2784,1000,81.6393,9,0.18,,2,0,5,2.2776,0,0,0.0,499.3,228,0,0.013768,0.917191,2.893844,2784000,23487.2
2785,1000,58.8667,9,0.18,,2,0,5,2.2776,0,368,0.1718,775.7,752,0,0.01395,0.603884,1.262604,2785000,23495.5
2786,1000,78.7466,8,0.16,,2,0,5,2.1213,1,103,0.094,579.2,152,0,0.014385,0.704649,2.581371,2786000,23503.7
2787,1000,58.7589,9,0.18,,2,0,5,2.2776,0,0,0.2008,514.6,115,0,0.014214,0.598757,3.962159,2787000,23512.4
2788,1000,107.6395,9,0.18,,2,0,5,2.2776,1,89,0.0243,574.7,217,0,0.014255,0.621025,2.196239,2788000,23520.7
2789,1000,68.894,9,0.18,,2,0,5,2.2776,1,0,0.0387,637.0,212,0,0.014053,0.647537,2.497985,2789000,23529.2
2790,1000,21.5066,6,0.12,,2,0,4,1.6583,0,0,0.0,499.1,590,0,0.014307,0.931649,2.277884,2790000,23537.5
2791,1000,102.28,10,0.2,,2,0,5,2.5,1,0,0.0293,528.5,121,0,0.014191,4.927452,2.770153,2791000,23545.7
2792,1000,108.4965,11,0.22,,2,0,6,2.7726,1,0,0.1065,577.9,977,0,0.013976,0.681031,2.52481,2792000,23554.0
2793,1000,91.3708,9,0.18,,2,0,5,2.2776,1,82,0.0,499.8,113,0,0.013871,0.771689,2.319276,2793000,23562.0
2794,1000,60.9488,9,0.18,,2,0,5,2.2776,0,0,0.0293,572.5,442,0,0.014186,0.907491,2.531451,2794000,23570.2
2795,1000,67.4893,9,0.18,,2,0,5,2.2776,0,3,0.052,513.2,279,0,0.014368,0.653936,1.845196,2795000,23578.3
2796,1000,118.2257,11,0.22,,2,0,6,2.7726,1,119,0.1318,623.6,791,0,0.01418,3.499322,1.62218,2796000,23586.8
2797,1000,132.1588,11,0.22,,2,0,6,2.7726,2,0,0.0,473.6,658,0,0.014418,0.686241,2.516728,2797000,23595.0
2798,1000,14.7351,4,0.08,,3,0,4,1.7321,0,0,0.0,396.1,851,0,0.014478,0.713189,2.509177,2798000,23603.7
2799,1000,82.5252,9,0.18,,2,0,5,2.2776,1,0,0.0003,508.6,343,0,0.014202,0.626313,2.966496,2799000,23612.0
2800,1000,80.6017,7,0.14,,2,0,5,2.0463,1,138,0.0607,591.0,600,0,0.014402,0.706619,2.870422,2800000,23620.3
2801,1000,81.694,9,0.18,,2,0,5,2.2776,0,11,0.0022,506.3,106,0,0.014318,0.573859,1.862364,2801000,23628.6
2802,1000,24.6445,5,0.1,,2,0,4,1.6394,0,943,0.0278,501.3,152,0,0.014421,0.736933,2.009356,2802000,23636.9
2803,1000,-10.8127,3,0.06,,3,0,3,1.299,0,0,0.0248,538.8,532,0,0.01459,1.166679,2.034125,2803000,23645.4
2804,1000,66.9038,9,0.18,,2,0,5,2.2776,0,0,0.049,516.5,113,0,0.014363,0.642526,2.208423,2804000,23653.7
2805,1000,148.1573,11,0.22,,2,0,6,2.7726,2,0,0.0,462.8,802,0,0.014222,0.861902,2.526449,2805000,23662.0
2806,1000,87.6183,10,0.2,,2,0,5,2.5,0,4,0.061,509.2,608,0,0.014348,1.038657,2.444781,2806000,23670.6
2807,1000,153.3804,10,0.2,,2,0,5,2.5,2,24,0.0343,643.6,148,0,0.014178,3.308649,2.478265,2807000,23679.8
2808,1000,34.1684,7,0.14,,2,0,4,1.7854,0,0,0.0,446.5,135,0,0.014108,3.207586,2.052385,2808000,23689.0
2809,1000,55.8869,9,0.18,,2,0,5,2.2776,0,0,0.0,498.5,969,0,0.01384,0.787228,2.425413,2809000,23698.4
2810,1000,35.2856,5,0.1,,3,0,5,2.1651,1,0,0.0,376.1,295,0,0.013949,0.792137,2.266464,2810000,23707.7
2811,1000,127.0999,10,0.2,,2,0,5,2.5,2,0,0.0762,510.7,315,0,0.014146,1.691524,1.833104,2811000,23716.3
2812,1000,45.3653,8,0.16,,2,0,5,2.1213,0,382,0.1847,661.4,297,0,0.013875,0.935506,2.195746,2812000,23724.7
2813,1000,67.0316,9,0.18,,2,0,5,2.2776,0,0,0.1237,687.4,160,0,0.013998,0.649417,2.668455,2813000,23733.2
2814,1000,82.1376,10,0.2,,2,0,5,2.5,0,61,0.079,563.3,663,0,0.014257,0.798112,3.349832,2814000,23741.4
2815,1000,71.0173,10,0.2,,2,0,5,2.5,0,32,0.0872,510.9,723,0,0.0138,0.996497,2.226904,2815000,23749.5
2816,1000,48.1329,9,0.18,,2,0,5,2.2776,0,2,0.1648,737.1,321,0,0.014052,0.900073,2.120886,2816000,23757.8
2817,1000,116.3608,10,0.2,,2,0,5,2.5,1,65,0.1845,584.1,135,0,0.014242,0.703094,2.833919,2817000,23766.2
2818,1000,155.5066,11,0.22,,2,0,6,2.7726,2,0,0.023,502.5,914,0,0.014246,1.089235,2.925097,2818000,23774.6
2819,1000,20.6765,6,0.12,,2,0,4,1.6583,0,0,0.0,469.2,957,0,0.014035,0.863136,2.924367,2819000,23782.8
2820,1000,83.6253,9,0.18,,2,0,5,2.2776,1,0,0.0222,613.5,206,0,0.014179,0.76212,2.877849,2820000,23791.0
2821,1000,59.0591,9,0.18,,2,0,5,2.2776,0,273,0.1155,609.7,148,0,0.014317,0.867198,2.592652,2821000,23799.7
2822,1000,122.6045,11,0.22,,2,0,6,2.7726,1,0,0.006,523.1,850,0,0.014382,0.956672,3.016354,2822000,23808.4
2823,1000,143.3173,11,0.22,,2,0,6,2.7726,2,36,0.0437,570.5,965,0,0.014447,0.733979,3.687195,2823000,23816.8
2824,1000,70.9869,9,0.18,,2,0,5,2.2776,0,36,0.0707,576.7,679,0,0.014311,0.790252,2.907476,2824000,23825.6
2825,1000,116.8692,10,0.2,,2,0,5,2.5,1,0,0.028,522.8,135,0,0.014619,0.727034,2.620219,2825000,23834.1
2826,1000,59.3056,8,0.16,,2,0,5,2.1213,0,148,0.2082,760.3,150,0,0.014499,0.830951,1.968986,2826000,23843.1
2827,1000,136.3501,11,0.22,,2,0,6,2.7726,2,0,0.0503,522.4,874,0,0.014145,0.97452,2.738436,2827000,23851.8
2828,1000,74.5903,9,0.18,,2,0,5,2.2776,0,223,0.1017,587.9,530,0,0.014408,1.463645,2.436114,2828000,23860.5
2829,1000,104.7842,10,0.2,,2,0,5,2.5,1,0,0.0413,502.5,651,0,0.014625,0.955297,2.854761,2829000,23869.3
2830,1000,77.5111,10,0.2,,2,0,5,2.5,0,0,0.0293,508.8,215,0,0.014503,0.873925,2.521252,2830000,23877.5
2831,1000,55.3745,7,0.14,,2,0,4,1.7854,0,0,0.0845,526.5,76,0,0.014514,0.749729,3.035768,2831000,23885.7
2832,1000,109.762,10,0.2,,2,0,5,2.5,1,0,0.0,478.6,193,0,0.014374,0.712188,2.970478,2832000,23893.8
2833,1000,118.146,10,0.2,,2,0,5,2.5,1,0,0.024,502.5,913,0,0.014369,0.697311,3.238532,2833000,23902.5
2834,1000,67.2056,9,0.18,,2,0,5,2.2776,0,9,0.0945,508.5,227,0,0.014559,1.994647,2.905885,2834000,23911.0
2835,1000,143.6946,10,0.2,,2,0,5,2.5,2,0,0.019,502.5,179,0,0.014628,1.038306,3.033692,2835000,23920.1
2836,1000,68.8548,9,0.18,,1,0,4,1.7854,0,124,0.188,533.9,662,0,0.01449,1.962933,3.119942,2836000,23928.6
2837,1000,102.278,9,0.18,,2,0,5,2.2776,1,0,0.0757,502.5,90,0,0.014234,0.669467,3.238928,2837000,23936.9
2838,1000,66.1076,10,0.2,,2,0,5,2.5,0,0,0.0742,525.0,157,0,0.014408,0.667049,3.648506,2838000,23945.6
2839,1000,156.9826,11,0.22,,2,0,6,2.7726,2,0,0.0013,501.8,583,0,0.014425,0.769485,3.252726,2839000,23954.3
2840,1000,123.9412,10,0.2,,2,0,5,2.5,2,0,0.0,458.3,260,0,0.014337,0.662828,3.556811,2840000,23962.8
2841,1000,44.7615,7,0.14,,2,0,4,1.7854,0,0,0.1725,526.5,71,0,0.014305,0.937182,3.326524,2841000,23971.2
2842,1000,71.4922,9,0.18,,2,0,5,2.2776,0,0,0.0867,537.8,239,0,0.014239,0.821794,3.079618,2842000,23979.7
2843,1000,66.9914,9,0.18,,2,0,5,2.2776,0,0,0.1318,566.6,887,0,0.014071,0.727042,2.308238,2843000,23988.1
2844,1000,61.2982,9,0.18,,2,0,5,2.2776,0,0,0.0428,541.9,115,0,0.014208,1.179823,3.230438,2844000,23996.4
2845,1000,116.6679,10,0.2,,2,0,5,2.5,1,6,0.1222,540.4,286,0,0.014013,1.390645,2.591341,2845000,24004.5
2846,1000,123.3918,10,0.2,,2,0,5,2.5,1,11,0.0305,502.6,150,0,0.014133,0.735502,2.823626,2846000,24012.7
2847,1000,124.8859,10,0.2,,2,0,5,2.5,1,0,0.0132,505.9,847,0,0.014195,0.723935,3.227881,2847000,24020.8
2848,1000,43.7237,9,0.18,,2,0,5,2.2776,0,0,0.0003,502.5,99,0,0.014031,0.747365,3.642791,2848000,24028.9
2849,1000,87.6802,9,0.18,,2,0,5,2.2776,1,0,0.0372,502.5,262,0,0.01397,0.834251,3.281697,2849000,24037.1
2850,1000,132.5014,10,0.2,,2,0,5,2.5,2,161,0.0607,510.3,428,0,0.013638,0.764862,3.527506,2850000,24045.6
2851,1000,35.2039,6,0.12,,1,0,4,1.5,0,0,0.0622,502.5,705,0,0.01384,1.081466,3.041465,2851000,24054.0
2852,1000,73.0453,10,0.2,,2,0,5,2.5,0,0,0.0493,534.6,423,0,0.014268,0.707198,2.914728,2852000,24062.5
2853,1000,150.7386,10,0.2,,2,0,5,2.5,2,0,0.062,516.3,357,0,0.014081,0.833649,2.515838,2853000,24070.6
2854,1000,127.4425,10,0.2,,2,0,5,2.5,1,0,0.0,492.9,691,0,0.014072,0.831389,2.82129,2854000,24079.1
2855,1000,151.2129,10,0.2,,2,0,5,2.5,2,0,0.0057,559.8,136,0,0.014035,0.739454,2.647837,2855000,24087.3
2856,1000,87.0782,10,0.2,,2,0,5,2.5,0,219,0.181,672.4,229,0,0.013929,0.820181,3.028233,2856000,24095.5
2857,1000,76.2627,10,0.2,,2,0,5,2.5,0,0,0.1172,502.5,193,0,0.014012,0.745897,2.98615,2857000,24103.6
2858,1000,109.3439,10,0.2,,2,0,5,2.5,1,0,0.0307,561.1,167,0,0.014005,0.705726,2.905053,2858000,24111.5
2859,1000,35.639,6,0.12,,2,0,4,1.6583,0,0,0.066,502.5,966,0,0.013992,0.744181,2.597882,2859000,24119.8
2860,1000,95.434,9,0.18,,2,0,5,2.2776,1,0,0.0168,505.4,143,0,0.013903,1.31055,3.242839,2860000,24128.2
2861,1000,110.0902,9,0.18,,2,0,5,2.2776,1,0,0.0235,502.5,311,0,0.013599,0.722645,3.337139,2861000,24136.4
2862,1000,81.1533,10,0.2,,2,0,5,2.5,0,6,0.1165,578.5,952,0,0.01361,0.852201,2.391629,2862000,24144.9
2863,1000,113.281,10,0.2,,2,0,5,2.5,1,0,0.0055,502.5,260,0,0.013786,0.714772,3.132293,2863000,24153.4
2864,1000,70.5988,9,0.18,,2,0,5,2.2776,0,15,0.1525,537.9,417,0,0.013915,1.025114,3.116639,2864000,24162.0
2865,1000,89.6978,9,0.18,,2,0,5,2.2776,1,0,0.0,454.9,339,0,0.013913,1.222443,2.167192,2865000,24170.9
2866,1000,77.3493,10,0.2,,2,0,5,2.5,0,80,0.0563,552.2,471,0,0.013981,0.73785,3.216167,2866000,24179.6
2867,1000,103.6174,9,0.18,,2,0,5,2.2776,1,0,0.0403,502.5,111,0,0.01383,0.895222,2.500237,2867000,24188.5
2868,1000,82.4168,10,0.2,,2,0,5,2.5,0,5,0.0092,512.1,484,0,0.013833,0.802357,2.666786,2868000,24197.2
2869,1000,75.603,9,0.18,,2,0,5,2.2776,0,0,0.0208,511.3,130,0,0.013577,0.64792,2.162212,2869000,24205.5
2870,1000,127.5598,10,0.2,,2,0,5,2.5,1,0,0.0077,502.5,511,0,0.013447,0.733903,3.097285,2870000,24214.0
2871,1000,82.7578,8,0.16,,2,0,5,2.1213,1,54,0.0628,502.5,153,0,0.013928,0.735206,2.879707,2871000,24222.8
2872,1000,90.9281,8,0.16,,2,0,5,2.1213,1,0,0.024,502.5,423,0,0.013761,0.966108,2.846215,2872000,24231.0
2873,1000,5.0671,3,0.06,,2,0,2,0.8292,0,0,0.0715,502.5,30,0,0.014113,0.847573,2.584243,2873000,24239.1
2874,1000,84.1452,10,0.2,,2,0,5,2.5,0,326,0.1082,649.3,243,0,0.013844,0.9489,2.646322,2874000,24247.0
2875,1000,153.7318,10,0.2,,2,0,5,2.5,2,61,0.0318,503.0,180,0,0.013905,0.802948,2.966024,2875000,24255.0
2876,1000,76.0392,6,0.12,,2,0,5,2.0616,1,31,0.003,502.5,114,0,0.013687,0.672569,2.903633,2876000,24263.2
2877,1000,21.3336,6,0.12,,2,0,4,1.6583,0,16,0.0185,502.5,307,0,0.013627,0.700453,2.430787,2877000,24271.2
2878,1000,37.5004,6,0.12,,2,0,4,1.6583,0,173,0.0457,556.6,339,0,0.013463,0.699961,1.91346,2878000,24279.3
2879,1000,79.528,9,0.18,,2,0,5,2.2776,0,0,0.0057,501.3,397,0,0.013274,0.702592,2.935173,2879000,24287.6
2880,1000,102.6308,9,0.18,,1,0,5,1.9203,1,0,0.0005,503.1,796,0,0.013122,0.685783,2.54332,2880000,24296.8
2881,1000,53.2109,9,0.18,,2,0,5,2.2776,0,0,0.0853,506.3,103,0,0.012747,0.839623,3.024393,2881000,24305.5
2882,1000,44.4841,7,0.14,,2,0,4,1.7854,0,0,0.0465,502.5,134,0,0.012831,0.782074,3.489112,2882000,24314.7
2883,1000,121.4389,10,0.2,,2,0,5,2.5,1,0,0.007,510.4,477,0,0.013121,0.811607,2.428562,2883000,24323.1
2884,1000,73.2356,7,0.14,,2,0,5,2.0463,1,0,0.0365,502.5,121,0,0.012809,1.034599,3.426491,2884000,24332.0
2885,1000,84.8437,7,0.14,,1,0,5,1.9203,1,15,0.0505,502.5,850,0,0.013241,0.763156,3.430788,2885000,24340.9
2886,1000,62.0229,9,0.18,,2,0,5,2.2776,0,0,0.0,467.2,136,0,0.013086,1.334757,3.13268,2886000,24349.7
2887,1000,107.4589,10,0.2,,2,0,5,2.5,1,3,0.049,574.1,175,0,0.012916,0.978234,3.52455,2887000,24358.2
2888,1000,105.5641,9,0.18,,2,0,5,2.2776,1,10,0.0553,506.3,100,0,0.013025,0.96439,3.149695,2888000,24367.0
2889,1000,119.9764,10,0.2,,2,0,5,2.5,1,7,0.0532,548.5,277,0,0.013035,0.733523,3.097346,2889000,24376.1
2890,1000,43.3349,7,0.14,,2,0,4,1.7854,0,0,0.037,502.5,967,0,0.012695,0.726474,2.668281,2890000,24385.1
2891,1000,139.535,10,0.2,,2,0,5,2.5,2,0,0.0,481.6,182,0,0.01229,0.767949,3.360922,2891000,24394.1
2892,1000,99.4781,9,0.18,,2,0,5,2.2776,1,13,0.0213,502.2,95,0,0.012448,0.633467,2.904527,2892000,24403.1
2893,1000,71.5708,9,0.18,,2,0,5,2.2776,0,0,0.0,482.8,107,0,0.012375,0.728476,3.63144,2893000,24411.7
2894,1000,113.8704,9,0.18,,2,0,5,2.2776,1,0,0.093,516.8,122,0,0.01249,0.675461,3.489369,2894000,24420.1
2895,1000,141.952,10,0.2,,2,0,5,2.5,2,0,0.018,501.0,156,0,0.012221,0.631955,3.370553,2895000,24428.3
2896,1000,111.3447,10,0.2,,2,0,5,2.5,1,0,0.0777,528.4,233,0,0.012048,0.796411,3.502892,2896000,24436.7
2897,1000,139.3681,10,0.2,,2,0,5,2.5,2,74,0.0915,578.6,177,0,0.01172,0.786856,2.915927,2897000,24445.0
2898,1000,89.3,10,0.2,,2,0,5,2.5,0,134,0.1683,595.4,445,0,0.01196,0.7926,2.968786,2898000,24453.3
2899,1000,140.0999,10,0.2,,2,0,5,2.5,2,4,0.013,502.5,174,0,0.01183,0.906468,2.394822,2899000,24461.6
2900,1000,55.7364,7,0.14,,2,0,5,2.0463,0,0,0.032,502.5,107,0,0.011842,0.902097,3.751542,2900000,24469.7
2901,1000,67.8292,6,0.12,,2,0,5,2.0616,1,0,0.0,368.7,499,0,0.011679,0.721117,2.927189,2901000,24477.9
2902,1000,45.7428,7,0.14,,2,0,5,2.0463,0,0,0.087,550.4,845,0,0.011568,0.806975,2.705076,2902000,24486.1
2903,1000,89.2145,10,0.2,,2,0,5,2.5,0,56,0.0912,571.6,235,0,0.011667,1.073686,2.907545,2903000,24494.5
2904,1000,80.9994,9,0.18,,2,0,5,2.2776,1,12,0.0,499.6,193,0,0.011852,0.725626,2.594166,2904000,24502.6
2905,1000,116.3233,11,0.22,,1,0,5,2.2776,1,0,0.056,519.1,889,0,0.011772,0.711126,3.671419,2905000,24510.6
2906,1000,82.0486,9,0.18,,2,0,5,2.2776,1,135,0.0777,502.5,121,0,0.011913,0.783212,2.808759,2906000,24518.9
2907,1000,-19.7952,2,0.04,,3,0,2,0.866,0,48,0.0132,502.8,729,0,0.01214,0.685067,2.167638,2907000,24527.3
2908,1000,73.401,7,0.14,,2,0,5,2.0463,1,0,0.0,426.0,411,0,0.012054,0.855201,2.292417,2908000,24535.8
2909,1000,32.201,8,0.16,,2,0,4,2.0,0,3,0.0,499.9,656,0,0.011873,2.25254,2.757162,2909000,24544.3
2910,1000,42.1115,7,0.14,,2,0,5,2.0463,0,3,0.1133,502.5,600,0,0.012264,0.829833,2.577482,2910000,24552.7
2911,1000,120.1297,10,0.2,,2,0,5,2.5,1,0,0.0885,502.5,652,0,0.01242,0.811771,2.450969,2911000,24560.8
2912,1000,100.0193,8,0.16,,2,0,5,2.1213,1,0,0.1878,519.5,175,0,0.012159,0.690476,3.066544,2912000,24569.1
2913,1000,108.407,10,0.2,,2,0,5,2.5,1,17,0.0425,534.2,134,0,0.011887,0.857434,2.742055,2913000,24577.8
2914,1000,114.6954,10,0.2,,2,0,5,2.5,1,19,0.0607,577.5,219,0,0.01208,0.714237,3.266989,2914000,24586.5
2915,1000,37.6159,5,0.1,,3,0,5,2.1651,0,151,0.0,500.0,993,0,0.012072,1.416494,2.115745,2915000,24595.1
2916,1000,126.9848,10,0.2,,2,0,5,2.5,1,68,0.0405,502.5,969,0,0.012287,0.628758,3.764964,2916000,24603.3
2917,1000,146.7984,10,0.2,,2,0,5,2.5,2,0,0.05,538.9,266,0,0.012139,0.742298,3.383596,2917000,24611.7
2918,1000,94.5623,8,0.16,,2,0,5,2.1213,1,17,0.0118,527.7,954,0,0.012412,0.763644,2.583567,2918000,24620.1
2919,1000,47.0441,8,0.16,,2,0,4,2.0,0,0,0.11,502.5,156,0,0.012214,0.84964,2.230382,2919000,24628.5
2920,1000,28.7039,6,0.12,,2,0,5,2.0616,0,46,0.0135,540.2,991,0,0.01231,0.811583,3.22113,2920000,24636.6
2921,1000,133.4542,10,0.2,,2,0,5,2.5,2,0,0.0163,563.2,154,0,0.012337,0.951184,2.720237,2921000,24645.0
2922,1000,157.901,10,0.2,,2,0,5,2.5,2,0,0.0653,547.1,131,0,0.012247,0.642248,3.538139,2922000,24653.2
2923,1000,82.2685,10,0.2,,2,0,5,2.5,0,6,0.1973,545.4,121,0,0.012252,1.81202,3.051936,2923000,24661.6
2924,1000,70.5202,10,0.2,,1,0,5,2.0616,1,133,0.0,500.0,891,0,0.012483,0.637622,2.379067,2924000,24669.9
2925,1000,59.4368,10,0.2,,2,0,5,2.5,0,0,0.0027,502.5,275,0,0.012658,1.485993,2.899807,2925000,24678.0
2926,1000,133.3811,10,0.2,,2,0,5,2.5,2,0,0.0008,501.6,171,0,0.012512,0.879121,2.956919,2926000,24686.6
2927,1000,86.7642,9,0.18,,2,0,5,2.2776,1,0,0.002,506.3,107,0,0.012285,0.871469,3.059672,2927000,24695.7
2928,1000,98.9848,9,0.18,,2,0,5,2.2776,1,0,0.0,420.0,581,0,0.012523,0.727943,2.241115,2928000,24704.5
2929,1000,33.4033,6,0.12,,2,0,4,1.6583,0,2,0.0035,508.3,73,0,0.012637,0.798189,2.31899,2929000,24713.2
2930,1000,55.7869,9,0.18,,2,0,5,2.2776,1,0,0.0,480.4,171,0,0.012617,0.98668,2.427398,2930000,24721.4
2931,1000,162.2417,11,0.22,,2,0,6,2.7726,2,24,0.013,502.5,909,0,0.012572,0.773897,2.700354,2931000,24729.6
2932,1000,114.826,10,0.2,,2,0,5,2.5,1,119,0.0408,537.8,492,0,0.012412,0.800157,2.53241,2932000,24737.8
2933,1000,67.5403,9,0.18,,2,0,5,2.2776,0,63,0.023,512.5,309,0,0.012423,0.771351,2.89935,2933000,24746.0
2934,1000,64.7753,9,0.18,,2,0,5,2.2776,0,0,0.032,679.7,118,0,0.012491,0.762051,2.240631,2934000,24754.3
2935,1000,114.6639,10,0.2,,2,0,5,2.5,1,37,0.037,501.2,152,0,0.012605,0.787026,2.971027,2935000,24762.6
2936,1000,146.6506,10,0.2,,2,0,5,2.5,2,71,0.0222,611.1,579,0,0.012388,0.825672,2.221747,2936000,24770.8
2937,1000,94.9312,10,0.2,,2,0,5,2.5,0,14,0.06,599.7,256,0,0.012438,0.618797,2.864487,2937000,24779.3
2938,1000,149.9733,10,0.2,,2,0,5,2.5,2,0,0.0,491.4,311,0,0.012773,0.7972,2.764417,2938000,24788.2
2939,1000,139.3883,10,0.2,,2,0,5,2.5,2,0,0.131,570.4,151,0,0.012714,0.716278,1.782924,2939000,24797.1
2940,1000,61.0157,8,0.16,,2,0,4,2.0,0,0,0.0,497.5,358,0,0.01275,1.084248,2.869287,2940000,24805.6
2941,1000,116.6214,10,0.2,,2,0,5,2.5,1,31,0.0165,504.1,595,0,0.0128,0.695739,2.363588,2941000,24814.1
2942,1000,142.4254,10,0.2,,2,0,5,2.5,2,61,0.0,499.2,612,0,0.013068,0.908357,2.556576,2942000,24822.4
2943,1000,72.863,9,0.18,,2,0,5,2.2776,0,0,0.0,484.8,370,0,0.012508,0.923737,3.453045,2943000,24831.1
2944,1000,131.1564,11,0.22,,1,0,5,2.2776,1,50,0.0597,547.6,954,0,0.012613,0.92323,2.886373,2944000,24839.3
2945,1000,103.7729,9,0.18,,2,0,5,2.2776,1,0,0.088,517.6,106,0,0.012661,0.915405,2.20433,2945000,24847.9
2946,1000,3.4452,3,0.06,,2,0,2,0.8292,0,7,0.156,599.3,339,0,0.012706,0.772296,2.299155,2946000,24856.3
2947,1000,93.7314,10,0.2,,2,0,5,2.5,0,30,0.0575,548.5,181,0,0.012802,0.929057,2.076866,2947000,24864.5
2948,1000,90.9978,10,0.2,,2,0,5,2.5,0,60,0.0173,544.7,275,0,0.012605,0.831295,2.489478,2948000,24872.8
2949,1000,160.1355,11,0.22,,2,0,6,2.7726,2,0,0.0658,617.7,821,0,0.012937,1.154552,2.781295,2949000,24881.3
2950,1000,76.4671,10,0.2,,2,0,5,2.5,0,108,0.1417,637.2,480,0,0.013005,0.658688,2.178342,2950000,24889.6
2951,1000,147.334,10,0.2,,2,0,5,2.5,2,69,0.0838,659.2,133,0,0.012922,0.713978,1.88686,2951000,24898.1
2952,1000,-26.4325,2,0.04,,3,0,2,0.866,0,0,0.0215,511.9,131,0,0.013047,0.724088,2.517433,2952000,24906.5
2953,1000,65.9092,7,0.14,,2,0,5,2.0463,0,0,0.0025,504.8,623,0,0.013529,0.717813,2.692311,2953000,24914.5
2954,1000,95.9858,10,0.2,,2,0,5,2.5,0,0,0.001,503.9,536,0,0.013743,0.82391,2.10818,2954000,24923.0
2955,1000,86.9459,9,0.18,,2,0,5,2.2776,1,44,0.061,553.2,403,0,0.013492,0.734284,2.564385,2955000,24931.4
2956,1000,151.3667,10,0.2,,2,0,5,2.5,2,74,0.0262,545.4,191,0,0.013423,0.759912,1.640064,2956000,24940.3
2957,1000,105.1865,9,0.18,,2,0,5,2.2776,1,0,0.1197,504.7,106,0,0.013542,0.760903,2.297117,2957000,24948.5
2958,1000,155.5023,11,0.22,,1,0,5,2.2776,2,0,0.061,515.7,632,0,0.013499,0.757244,1.515034,2958000,24956.6
2959,1000,109.5555,10,0.2,,2,0,5,2.5,1,0,0.1197,511.6,198,0,0.013482,0.946739,2.591424,2959000,24965.2
2960,1000,136.3233,10,0.2,,2,0,5,2.5,2,0,0.109,587.4,160,0,0.013699,0.943277,2.894555,2960000,24973.7
2961,1000,81.8609,9,0.18,,2,0,5,2.2776,0,3,0.0975,598.7,622,0,0.013943,0.769299,3.038139,2961000,24982.4
2962,1000,126.0509,10,0.2,,2,0,5,2.5,1,0,0.0653,508.4,226,0,0.013602,0.983163,1.684018,2962000,24990.9
2963,1000,111.0474,9,0.18,,2,0,5,2.2776,1,0,0.0003,500.1,154,0,0.013389,0.80214,2.471363,2963000,24999.5
2964,1000,75.4737,9,0.18,,2,0,5,2.2776,0,9,0.0548,517.5,404,0,0.013387,0.807611,3.142337,2964000,25008.1
2965,1000,140.9415,10,0.2,,2,0,5,2.5,2,45,0.038,583.2,157,0,0.013225,0.989614,1.301161,2965000,25016.7
2966,1000,110.3237,10,0.2,,2,0,5,2.5,1,104,0.078,599.0,137,0,0.013091,0.923964,1.989831,2966000,25024.9
2967,1000,127.4894,11,0.22,,1,0,5,2.2776,1,154,0.0123,504.3,626,0,0.013176,0.653064,2.501127,2967000,25032.8
2968,1000,90.3798,10,0.2,,2,0,5,2.5,0,81,0.298,569.1,132,0,0.013504,0.93611,1.42073,2968000,25041.5
2969,1000,64.9881,10,0.2,,2,0,5,2.5,0,0,0.0168,510.5,116,0,0.013635,0.859914,1.706626,2969000,25050.4
2970,1000,111.1198,10,0.2,,2,0,5,2.5,1,0,0.0055,522.3,183,0,0.013778,0.756403,1.294273,2970000,25058.4
2971,1000,158.164,11,0.22,,2,0,6,2.7726,2,0,0.0,494.0,646,0,0.013853,0.776254,1.606028,2971000,25066.4
2972,1000,150.3608,10,0.2,,2,0,5,2.5,2,0,0.0447,601.5,210,0,0.013401,0.806093,2.178999,2972000,25074.9
2973,1000,26.2846,8,0.16,,2,0,5,2.1213,0,0,0.0757,502.5,334,0,0.013453,0.768016,1.479235,2973000,25083.2
2974,1000,156.3258,10,0.2,,2,0,5,2.5,2,0,0.026,502.5,161,0,0.01334,0.774782,2.100918,2974000,25091.9
2975,1000,78.1229,10,0.2,,2,0,5,2.5,0,0,0.022,545.3,152,0,0.013336,1.080992,1.615581,2975000,25101.0
2976,1000,46.7993,7,0.14,,2,0,4,1.7854,0,0,0.001,502.5,70,0,0.013589,0.713477,2.098028,2976000,25109.5
2977,1000,144.5943,10,0.2,,2,0,5,2.5,2,25,0.0542,581.4,238,0,0.013013,0.720036,2.257789,2977000,25118.5
2978,1000,83.7794,10,0.2,,2,0,5,2.5,0,0,0.0,461.2,135,0,0.012738,0.747184,1.064042,2978000,25127.4
2979,1000,143.7226,10,0.2,,2,0,5,2.5,2,0,0.0067,500.4,145,0,0.012722,1.503675,0.881416,2979000,25136.4
2980,1000,61.2658,9,0.18,,2,0,5,2.2776,0,121,0.1005,571.7,287,0,0.013005,0.660516,1.19242,2980000,25144.8
2981,1000,70.1435,9,0.18,,2,0,5,2.2776,0,2,0.0892,547.9,879,0,0.013073,0.703136,1.521841,2981000,25153.1
2982,1000,74.5775,9,0.18,,2,0,5,2.2776,0,30,0.0457,592.2,126,0,0.012874,1.357324,1.782873,2982000,25161.8
2983,1000,94.3809,10,0.2,,2,0,5,2.5,1,0,0.003,502.5,215,0,0.012942,0.878342,1.937302,2983000,25170.0
2984,1000,73.718,10,0.2,,2,0,5,2.5,0,1,0.0795,517.0,293,0,0.012672,0.891856,2.01751,2984000,25178.2
2985,1000,85.74,10,0.2,,2,0,5,2.5,0,0,0.0558,502.5,147,0,0.012796,0.97504,2.041963,2985000,25186.2
2986,1000,28.3231,6,0.12,,2,0,3,1.5,0,0,0.0705,502.5,373,0,0.013078,0.690362,1.317304,2986000,25194.5
2987,1000,153.3168,10,0.2,,2,0,5,2.5,2,0,0.0,495.4,120,0,0.012814,0.678312,1.962373,2987000,25202.5
2988,1000,152.1111,10,0.2,,2,0,5,2.5,2,1,0.031,587.0,138,0,0.013309,0.769874,1.040358,2988000,25210.7
2989,1000,104.4584,10,0.2,,2,0,5,2.5,1,0,0.0283,502.5,114,0,0.013431,0.648546,0.990941,2989000,25218.9
2990,1000,143.1371,10,0.2,,2,0,5,2.5,2,0,0.018,575.0,168,0,0.013508,0.836416,1.74783,2990000,25227.2
2991,1000,81.6424,9,0.18,,2,0,5,2.2776,0,247,0.0003,507.7,120,0,0.013622,0.759977,1.272829,2991000,25235.4
2992,1000,41.1423,10,0.2,,2,0,5,2.5,0,0,0.0047,501.7,97,0,0.013761,0.865242,1.032006,2992000,25243.4
2993,1000,161.0187,11,0.22,,2,0,6,2.7726,2,1,0.067,581.7,954,0,0.013684,0.751131,0.090956,2993000,25251.6
2994,1000,83.6197,10,0.2,,2,0,5,2.5,1,0,0.0673,530.4,111,0,0.014004,0.693481,2.222045,2994000,25259.9
2995,1000,138.7442,10,0.2,,2,0,5,2.5,2,0,0.0907,617.5,159,0,0.013971,0.659914,1.841051,2995000,25268.1
2996,1000,105.6059,12,0.24,,2,0,7,3.0822,1,0,0.0123,502.5,781,0,0.013865,0.633865,1.903554,2996000,25276.7
2997,1000,119.0817,11,0.22,,2,0,6,2.7726,2,0,0.0,472.5,671,0,0.013911,0.90846,1.84431,2997000,25285.3
2998,1000,109.8193,10,0.2,,2,0,5,2.5,1,0,0.0065,520.4,117,0,0.013969,0.920334,1.077887,2998000,25293.6
2999,1000,-4.0434,5,0.1,,2,0,4,1.6394,0,0,0.0003,504.7,117,0,0.013949,0.775103,1.547068,2999000,25302.2
3000,1000,82.806,10,0.2,,2,0,5,2.5,1,0,0.009,538.0,319,0,0.013703,0.736516,2.740995,3000000,25310.5
3001,1000,20.27,6,0.12,,2,0,4,1.6583,0,1,0.1258,502.5,63,0,0.013801,0.692064,2.323415,3001000,25319.3
3002,1000,146.6573,10,0.2,,2,0,5,2.5,2,0,0.02,502.5,192,0,0.013793,0.920935,-0.297666,3002000,25328.2
3003,1000,50.3151,7,0.14,,2,0,5,2.0463,1,0,0.0,394.4,119,0,0.013535,0.682843,1.859583,3003000,25336.6
3004,1000,88.9775,10,0.2,,2,0,5,2.5,0,3,0.087,606.3,188,0,0.013985,0.823448,1.652314,3004000,25344.8
3005,1000,106.1145,9,0.18,,2,0,5,2.2776,1,0,0.003,513.1,221,0,0.013969,0.715286,1.808833,3005000,25352.9
3006,1000,66.0473,9,0.18,,2,0,5,2.2776,1,1,0.0177,565.7,229,0,0.013768,0.728964,2.064569,3006000,25361.0
3007,1000,132.8335,10,0.2,,2,0,5,2.5,2,0,0.0147,514.6,158,0,0.013614,0.690365,1.541889,3007000,25369.0
3008,1000,105.3105,10,0.2,,2,0,5,2.5,2,0,0.0088,562.6,276,0,0.013462,0.840453,1.508559,3008000,25377.0
3009,1000,96.9814,9,0.18,,2,0,5,2.2776,1,112,0.0,500.0,613,0,0.013423,0.930007,2.046583,3009000,25385.1
3010,1000,109.7674,9,0.18,,2,0,5,2.2776,1,0,0.0,491.3,767,0,0.01314,0.740744,2.270611,3010000,25393.3
3011,1000,142.2722,12,0.24,,2,0,7,3.0822,2,0,0.0097,563.2,1000,0,0.013173,0.730675,1.058593,3011000,25401.5
3012,1000,147.6172,10,0.2,,2,0,5,2.5,2,0,0.0568,730.2,129,0,0.013392,0.714682,1.330367,3012000,25409.9
3013,1000,131.7115,13,0.26,,2,0,8,3.4187,1,55,0.0123,537.5,916,0,0.013351,1.174791,1.452703,3013000,25418.5
3014,1000,98.0659,10,0.2,,2,0,5,2.5,0,0,0.005,534.0,98,0,0.013309,0.763428,1.372911,3014000,25426.6
3015,1000,94.2933,10,0.2,,2,0,5,2.5,0,0,0.0655,515.6,838,0,0.01348,0.782697,1.540081,3015000,25435.0
3016,1000,75.5145,10,0.2,,1,0,5,2.0616,0,0,0.0075,528.7,947,0,0.013658,0.606333,2.231385,3016000,25443.7
3017,1000,96.5025,10,0.2,,2,0,5,2.5,1,0,0.2903,588.0,107,0,0.013386,0.807941,1.997463,3017000,25451.9
3018,1000,77.6908,10,0.2,,2,0,5,2.5,0,27,0.0545,625.6,205,0,0.01321,0.673868,1.503879,3018000,25460.2
3019,1000,81.0407,10,0.2,,2,0,5,2.5,0,8,0.0917,552.0,856,0,0.013384,0.861725,2.343274,3019000,25468.2
3020,1000,126.0614,11,0.22,,2,0,6,2.7726,1,0,0.148,611.2,892,0,0.013465,0.718797,2.142355,3020000,25476.4
3021,1000,116.9026,10,0.2,,2,0,5,2.5,1,0,0.102,543.8,524,0,0.013471,0.791322,2.913428,3021000,25484.8
3022,1000,131.7888,10,0.2,,2,0,5,2.5,2,83,0.0648,502.7,102,0,0.013249,0.577002,2.977381,3022000,25493.6
3023,1000,113.5557,10,0.2,,2,0,5,2.5,1,14,0.21,665.3,328,0,0.013097,0.655787,2.541849,3023000,25502.1
3024,1000,78.2724,10,0.2,,2,0,5,2.5,0,0,0.0143,543.7,901,0,0.013215,0.78897,0.692238,3024000,25510.6
3025,1000,12.9143,4,0.08,,2,0,3,1.2247,0,0,0.0,478.3,40,0,0.013039,0.829745,1.923331,3025000,25519.2
3026,1000,144.4362,11,0.22,,2,0,6,2.7726,2,0,0.0115,567.7,738,0,0.01327,0.696913,0.922424,3026000,25527.8
3027,1000,113.8017,10,0.2,,2,0,5,2.5,1,1,0.22,604.4,189,0,0.013355,0.854787,1.667667,3027000,25536.3
3028,1000,133.1585,10,0.2,,2,0,5,2.5,2,18,0.0423,618.7,173,0,0.012982,0.641595,1.395195,3028000,25544.6
3029,1000,80.8936,7,0.14,,2,0,5,2.0463,1,0,0.0278,507.5,191,0,0.013379,0.767895,0.750674,3029000,25552.7
3030,1000,160.8368,12,0.24,,2,0,7,3.0822,2,0,0.0645,563.0,750,0,0.012912,1.337977,1.717863,3030000,25561.5
3031,1000,149.033,10,0.2,,2,0,5,2.5,2,0,0.024,625.6,126,0,0.013093,1.314108,2.404683,3031000,25570.2
3032,1000,144.2761,10,0.2,,2,0,5,2.5,2,0,0.0092,569.6,127,0,0.012915,0.656088,1.624276,3032000,25578.3
3033,1000,61.9795,8,0.16,,2,0,5,2.1213,0,48,0.3357,582.1,109,0,0.012609,0.67045,2.326796,3033000,25586.3
3034,1000,115.5645,10,0.2,,2,0,5,2.5,1,57,0.2077,605.1,245,0,0.012972,0.739936,2.386065,3034000,25594.5
3035,1000,103.0473,10,0.2,,2,0,5,2.5,1,0,0.0,459.8,92,0,0.013028,0.615797,1.25743,3035000,25602.6
3036,1000,84.9526,10,0.2,,2,0,5,2.5,1,1,0.1685,554.8,127,0,0.012982,0.751318,2.890717,3036000,25610.8
3037,1000,77.5517,7,0.14,,2,0,5,2.0463,1,0,0.0,451.0,183,0,0.013057,0.913144,1.692372,3037000,25619.4
3038,1000,146.7583,10,0.2,,2,0,5,2.5,2,0,0.0312,578.5,113,0,0.012867,0.812252,1.824705,3038000,25628.4
3039,1000,157.0415,12,0.24,,2,0,7,3.0822,2,0,0.0073,511.5,907,0,0.012903,0.844293,2.622611,3039000,25636.6
3040,1000,149.9296,10,0.2,,2,0,5,2.5,2,0,0.0123,624.3,107,0,0.01288,0.688423,1.748765,3040000,25644.9
3041,1000,136.2044,10,0.2,,2,0,5,2.5,2,0,0.0727,502.5,136,0,0.012927,0.667507,1.878372,3041000,25653.4
3042,1000,60.5655,9,0.18,,2,0,5,2.2776,0,18,0.0485,572.1,275,0,0.013043,0.895765,1.398169,3042000,25661.7
3043,1000,142.689,10,0.2,,2,0,5,2.5,2,88,0.0772,535.1,324,0,0.013061,0.871903,1.141832,3043000,25670.0
3044,1000,24.0243,6,0.12,,2,0,4,1.6583,0,0,0.0073,502.5,972,0,0.013263,0.950432,1.971394,3044000,25678.5
3045,1000,48.128,7,0.14,,2,0,5,2.0463,0,0,0.0,483.3,542,0,0.013344,0.719167,0.450921,3045000,25686.8
3046,1000,149.6423,10,0.2,,2,0,5,2.5,2,135,0.0403,653.4,116,0,0.013379,0.78645,2.481518,3046000,25695.0
3047,1000,106.4399,10,0.2,,2,0,5,2.5,1,0,0.0665,614.6,271,0,0.013036,0.729843,1.736094,3047000,25703.3
3048,1000,120.1464,10,0.2,,2,0,5,2.5,2,0,0.0107,569.7,150,0,0.012773,1.338052,2.050618,3048000,25711.5
3049,1000,128.4713,11,0.22,,2,0,6,2.7726,1,97,0.0568,673.6,527,0,0.012909,0.782002,1.623816,3049000,25719.8
3050,1000,115.482,10,0.2,,2,0,5,2.5,1,120,0.05,669.9,974,0,0.012759,2.394385,0.992116,3050000,25727.9
3051,1000,170.4846,12,0.24,,2,0,7,3.0822,2,153,0.0805,659.7,896,0,0.012958,0.602981,1.188591,3051000,25736.6
3052,1000,71.296,9,0.18,,2,0,5,2.2776,0,0,0.0035,529.2,124,0,0.012636,0.827902,2.111087,3052000,25744.6
3053,1000,143.7928,12,0.24,,2,0,7,3.0822,1,4,0.0998,529.9,971,0,0.012575,0.844427,2.025345,3053000,25752.6
3054,1000,40.0473,6,0.12,,2,0,4,1.6583,0,1,0.1455,675.7,712,0,0.012477,0.839784,2.594972,3054000,25760.9
3055,1000,116.0404,10,0.2,,2,0,5,2.5,1,19,0.0843,559.3,204,0,0.012171,1.027794,1.385479,3055000,25768.9
3056,1000,134.9576,10,0.2,,2,0,5,2.5,2,0,0.0622,519.2,159,0,0.012321,1.071255,1.970231,3056000,25776.9
3057,1000,17.2882,5,0.1,,2,0,3,1.299,0,0,0.0,431.7,228,0,0.012247,0.684983,2.084332,3057000,25784.9
3058,1000,114.3018,10,0.2,,2,0,5,2.5,1,0,0.0132,589.0,911,0,0.01225,0.616133,1.786405,3058000,25792.9
3059,1000,106.9359,10,0.2,,2,0,5,2.5,1,51,0.0243,581.6,133,0,0.011985,0.676022,1.394987,3059000,25800.9
3060,1000,104.4656,10,0.2,,2,0,5,2.5,1,30,0.0585,580.7,203,0,0.012115,0.582984,2.073811,3060000,25808.9
3061,1000,153.0314,11,0.22,,2,0,6,2.7726,2,0,0.0198,584.6,992,0,0.012542,0.766523,2.926785,3061000,25816.9
3062,1000,69.3097,10,0.2,,2,0,5,2.5,0,0,0.037,554.7,135,0,0.012546,0.629417,1.510586,3062000,25825.2
3063,1000,54.4978,6,0.12,,2,0,5,2.0616,1,31,0.0462,554.5,901,0,0.012521,0.613317,2.922737,3063000,25833.5
3064,1000,-24.2671,2,0.04,,2,0,1,0.5,0,0,0.0,357.0,104,0,0.012726,0.669367,2.114363,3064000,25841.7
3065,1000,56.2234,7,0.14,,2,0,5,2.0463,0,448,0.1797,532.7,226,0,0.012823,0.842602,1.837885,3065000,25850.1
3066,1000,25.2897,4,0.08,,3,0,4,1.7321,0,0,0.0615,529.3,569,0,0.013459,0.708917,1.972917,3066000,25858.6
3067,1000,13.2429,4,0.08,,3,0,4,1.7321,0,0,0.059,502.5,171,0,0.013566,0.873401,1.957513,3067000,25867.0
3068,1000,6.5657,4,0.08,,2,0,3,1.2247,0,0,0.0063,508.3,105,0,0.013732,0.76967,1.490969,3068000,25875.1
3069,1000,45.829,7,0.14,,2,0,4,1.7854,0,0,0.0008,502.1,756,0,0.013766,0.960419,1.240092,3069000,25883.5
3070,1000,104.434,8,0.16,,2,0,5,2.1213,1,0,0.004,501.2,693,0,0.013949,0.689975,1.867895,3070000,25891.6
3071,1000,154.3526,10,0.2,,2,0,5,2.5,2,0,0.0678,583.0,193,0,0.013909,0.785104,1.591596,3071000,25900.2
3072,1000,78.3072,8,0.16,,2,0,5,2.1213,1,61,0.1095,502.5,130,0,0.014047,1.299514,1.920333,3072000,25908.8
3073,1000,159.5454,11,0.22,,1,0,5,2.2776,2,70,0.0845,561.1,986,0,0.013451,0.664013,2.06403,3073000,25917.3
3074,1000,121.2216,10,0.2,,2,0,5,2.5,1,0,0.1578,560.8,352,0,0.013447,0.706776,1.570995,3074000,25925.5
3075,1000,33.3721,7,0.14,,2,0,5,2.0463,0,0,0.0,464.7,733,0,0.01325,0.964472,1.30538,3075000,25933.8
3076,1000,132.3319,10,0.2,,2,0,5,2.5,2,0,0.097,545.6,114,0,0.013321,0.924893,1.997764,3076000,25942.0
3077,1000,128.9249,10,0.2,,2,0,5,2.5,2,0,0.0095,584.4,145,0,0.013471,0.737179,1.488546,3077000,25950.0
3078,1000,138.4384,12,0.24,,1,0,6,2.5495,2,166,0.0037,530.8,952,0,0.013494,0.873555,2.245677,3078000,25958.1
3079,1000,144.4302,10,0.2,,2,0,5,2.5,2,0,0.075,594.1,121,0,0.013802,0.68412,1.933345,3079000,25966.3
3080,1000,152.4351,10,0.2,,2,0,5,2.5,2,20,0.0222,713.6,176,0,0.01382,0.730642,1.052594,3080000,25974.9
3081,1000,148.4511,10,0.2,,2,0,5,2.5,2,1,0.0452,585.4,143,0,0.013927,0.600698,2.16013,3081000,25982.9
3082,1000,119.7383,11,0.22,,2,0,6,2.7726,1,122,0.0755,532.0,563,0,0.013702,0.724686,1.707699,3082000,25990.9
3083,1000,125.0482,10,0.2,,2,0,5,2.5,1,0,0.1232,587.3,164,0,0.013183,0.609828,2.36901,3083000,25999.1
3084,1000,108.4476,9,0.18,,2,0,5,2.2776,1,0,0.055,511.4,83,0,0.013412,0.790814,1.822225,3084000,26007.6
3085,1000,149.3387,10,0.2,,2,0,5,2.5,2,0,0.029,565.0,136,0,0.013684,0.554152,1.597441,3085000,26015.9
3086,1000,156.0929,10,0.2,,2,0,5,2.5,2,41,0.074,707.9,159,0,0.013597,0.997471,1.574761,3086000,26023.9
3087,1000,110.786,10,0.2,,2,0,5,2.5,1,28,0.077,627.8,139,0,0.013756,0.641492,1.640357,3087000,26032.5
3088,1000,77.0967,10,0.2,,2,0,5,2.5,1,0,0.0135,596.0,125,0,0.013583,0.762421,2.190008,3088000,26041.0
3089,1000,108.0078,10,0.2,,2,0,5,2.5,1,56,0.1878,539.5,148,0,0.013499,1.001833,1.115116,3089000,26049.7
3090,1000,63.2411,8,0.16,,1,0,5,1.8708,0,44,0.2377,744.0,984,0,0.013614,0.755741,1.754295,3090000,26058.4
3091,1000,147.9782,10,0.2,,2,0,5,2.5,2,2,0.075,536.8,112,0,0.013779,0.8231,1.155788,3091000,26067.2
3092,1000,164.7643,11,0.22,,1,0,5,2.2776,2,68,0.0592,651.5,213,0,0.01379,1.165622,1.807372,3092000,26076.4
3093,1000,100.3989,9,0.18,,2,0,5,2.2776,1,0,0.0328,502.5,88,0,0.013649,0.589662,1.159157,3093000,26085.7
3094,1000,130.4852,11,0.22,,2,0,6,2.7726,1,24,0.01,516.0,936,0,0.013316,0.625967,2.281119,3094000,26094.0
3095,1000,116.7426,10,0.2,,2,0,5,2.5,1,0,0.021,506.5,105,0,0.013195,0.742023,2.414233,3095000,26102.4
3096,1000,64.824,9,0.18,,2,0,5,2.2776,0,9,0.0803,502.5,101,0,0.013213,0.611854,2.015202,3096000,26110.6
3097,1000,87.1263,9,0.18,,2,0,5,2.2776,1,0,0.018,511.4,91,0,0.013298,0.778001,1.805958,3097000,26119.1
3098,1000,6.6104,4,0.08,,1,0,2,0.7071,0,0,0.0,487.1,979,0,0.013561,0.753882,1.75307,3098000,26127.7
3099,1000,64.8074,7,0.14,,2,0,5,2.0463,1,94,0.0073,518.8,486,0,0.0136,0.988473,1.71852,3099000,26136.2
3100,1000,68.0282,9,0.18,,2,0,5,2.2776,0,0,0.001,507.6,108,0,0.013538,0.661631,1.559432,3100000,26145.0
3101,1000,157.0766,11,0.22,,2,0,6,2.7726,2,0,0.013,560.4,943,0,0.013296,0.776173,1.100255,3101000,26153.1
3102,1000,88.7839,10,0.2,,2,0,5,2.5,0,0,0.0302,516.8,286,0,0.013385,0.655555,2.019986,3102000,26161.4
3103,1000,41.3949,7,0.14,,1,0,3,1.299,0,0,0.1285,502.5,653,0,0.013685,0.829868,1.348809,3103000,26169.9
3104,1000,110.9501,10,0.2,,2,0,5,2.5,1,0,0.0745,548.4,146,0,0.013545,0.946841,1.425007,3104000,26177.8
3105,1000,103.793,9,0.18,,2,0,6,2.4875,1,70,0.2355,587.8,908,0,0.013569,0.778172,2.655944,3105000,26186.3
3106,1000,114.6125,10,0.2,,2,0,5,2.5,1,327,0.1145,632.7,516,0,0.013481,0.990338,2.279654,3106000,26194.3
3107,1000,86.5775,10,0.2,,2,0,5,2.5,1,12,0.0235,502.5,940,0,0.013581,0.783963,1.315394,3107000,26202.7
3108,1000,130.0024,10,0.2,,2,0,5,2.5,2,0,0.0,480.9,102,0,0.013611,0.761753,2.115191,3108000,26211.1
3109,1000,135.778,10,0.2,,2,0,5,2.5,2,391,0.072,505.6,172,0,0.013429,1.309033,1.929601,3109000,26219.3
3110,1000,88.8903,10,0.2,,2,0,5,2.5,0,0,0.0537,500.8,115,0,0.013144,0.587982,2.194383,3110000,26227.2
3111,1000,91.8641,8,0.16,,2,0,5,2.1213,1,0,0.0457,502.5,466,0,0.013675,0.899063,2.295817,3111000,26235.1
3112,1000,93.8127,9,0.18,,2,0,5,2.2776,1,0,0.0813,630.1,231,0,0.013764,0.719168,2.228355,3112000,26243.3
3113,1000,186.8294,14,0.28,,2,0,9,3.7749,2,48,0.0875,599.3,896,0,0.013732,0.837546,2.289486,3113000,26251.2
3114,1000,97.4202,8,0.16,,2,0,5,2.1213,1,26,0.0115,567.5,306,0,0.014142,0.852136,2.579096,3114000,26259.2
3115,1000,146.2538,10,0.2,,2,0,5,2.5,2,0,0.0848,502.5,153,0,0.014325,0.767075,2.381472,3115000,26267.7
3116,1000,19.4721,5,0.1,,2,0,4,1.6394,0,0,0.001,500.4,126,0,0.013973,0.822434,2.477239,3116000,26276.1
3117,1000,110.2356,10,0.2,,2,0,5,2.5,1,0,0.0625,539.8,180,0,0.013687,0.664949,2.8491,3117000,26284.4
3118,1000,70.4271,9,0.18,,2,0,5,2.2776,0,326,0.1633,654.7,616,0,0.014007,0.995889,1.511942,3118000,26292.8
3119,1000,109.1807,10,0.2,,2,0,5,2.5,1,26,0.028,517.7,171,0,0.013711,1.229617,2.054658,3119000,26301.9
3120,1000,135.9157,11,0.22,,2,0,6,2.7726,1,0,0.1315,521.1,816,0,0.013811,0.965197,1.586795,3120000,26310.3
3121,1000,84.1401,8,0.16,,2,0,5,2.1213,1,0,0.0015,503.5,785,0,0.013807,1.062965,1.804914,3121000,26319.1
3122,1000,122.7521,10,0.2,,2,0,5,2.5,1,12,0.1067,721.8,286,0,0.013863,0.948259,2.53956,3122000,26327.5
3123,1000,92.4893,9,0.18,,2,0,5,2.2776,1,56,0.0185,502.5,95,0,0.013801,0.700759,2.286819,3123000,26335.8
3124,1000,2.4095,4,0.08,,2,0,3,1.2247,0,0,0.0,487.4,41,0,0.014041,1.189639,2.105948,3124000,26344.3
3125,1000,39.5309,7,0.14,,2,0,5,2.0463,0,300,0.0747,539.8,478,0,0.013752,0.734051,1.862445,3125000,26352.6
3126,1000,111.0518,10,0.2,,2,0,5,2.5,2,0,0.0,478.5,163,0,0.014021,0.750277,1.386893,3126000,26360.8
3127,1000,109.1486,10,0.2,,2,0,5,2.5,1,0,0.0665,649.0,215,0,0.01397,0.644773,3.278327,3127000,26368.9
3128,1000,76.2184,9,0.18,,2,0,5,2.2776,0,0,0.013,502.5,426,0,0.014236,0.723409,3.064672,3128000,26377.3
3129,1000,47.3406,7,0.14,,2,0,4,1.7854,0,0,0.0,417.0,266,0,0.014288,0.993182,2.575467,3129000,26385.9
3130,1000,158.0542,10,0.2,,2,0,5,2.5,2,0,0.0107,537.3,140,0,0.014139,0.860734,1.863093,3130000,26394.5
3131,1000,92.9244,10,0.2,,2,0,5,2.5,0,92,0.1588,812.5,117,0,0.014363,0.841756,2.095477,3131000,26402.8
3132,1000,139.1521,10,0.2,,2,0,5,2.5,2,31,0.0165,578.2,109,0,0.014252,1.226196,2.007032,3132000,26411.4
3133,1000,113.761,10,0.2,,2,0,5,2.5,1,0,0.0872,628.4,356,0,0.014299,0.707594,3.402785,3133000,26419.5
3134,1000,106.5043,10,0.2,,2,0,5,2.5,2,0,0.0085,553.5,131,0,0.013862,0.66142,3.10899,3134000,26427.9
3135,1000,101.0082,10,0.2,,2,0,5,2.5,1,0,0.004,501.6,317,0,0.013854,0.935839,2.558216,3135000,26436.0
3136,1000,153.2971,10,0.2,,2,0,5,2.5,2,1,0.0105,571.1,130,0,0.013585,3.146164,2.753692,3136000,26444.2
3137,1000,150.4547,10,0.2,,2,0,5,2.5,2,0,0.0527,561.7,108,0,0.014043,0.65965,2.420551,3137000,26452.5
3138,1000,170.3522,12,0.24,,1,0,6,2.5495,2,0,0.0548,520.2,998,0,0.014251,0.926557,2.45692,3138000,26460.9
3139,1000,69.8057,9,0.18,,2,0,5,2.2776,0,0,0.1172,502.5,83,0,0.013891,1.13746,2.197402,3139000,26469.2
3140,1000,138.4603,10,0.2,,2,0,5,2.5,2,0,0.0045,502.0,106,0,0.014056,0.719999,2.401495,3140000,26477.3
3141,1000,79.0793,9,0.18,,2,0,5,2.2776,1,0,0.0057,502.2,98,0,0.013795,0.818977,2.630714,3141000,26485.4
3142,1000,124.133,10,0.2,,2,0,5,2.5,2,0,0.0772,519.8,122,0,0.013883,0.742392,3.424193,3142000,26493.8
3143,1000,38.4272,7,0.14,,2,0,4,1.7854,0,0,0.0955,504.2,449,0,0.014339,5.495173,2.830319,3143000,26502.2
3144,1000,14.9091,7,0.14,,2,0,4,1.7854,0,132,0.1393,551.2,397,0,0.014535,0.592969,3.487622,3144000,26510.5
3145,1000,131.8569,10,0.2,,2,0,5,2.5,2,158,0.0498,502.5,106,0,0.014367,1.735854,2.805613,3145000,26518.7
3146,1000,108.4476,10,0.2,,2,0,5,2.5,1,0,0.0163,502.5,95,0,0.014058,0.712671,2.841462,3146000,26527.2
3147,1000,94.9133,10,0.2,,2,0,5,2.5,1,35,0.0465,563.0,100,0,0.014158,0.931135,2.117545,3147000,26535.3
3148,1000,138.2366,10,0.2,,2,0,5,2.5,2,12,0.0483,656.2,101,0,0.014065,0.688721,3.824248,3148000,26543.3
3149,1000,10.6454,4,0.08,,2,0,3,1.2247,0,0,0.0617,502.5,783,0,0.013901,0.673755,2.691276,3149000,26551.6
3150,1000,113.0572,10,0.2,,2,0,5,2.5,1,0,0.0047,527.3,97,0,0.013902,0.544691,3.265005,3150000,26559.8
3151,1000,100.3107,10,0.2,,2,0,5,2.5,1,0,0.0067,556.3,119,0,0.013499,1.0952,2.983521,3151000,26568.2
3152,1000,7.2008,5,0.1,,2,0,3,1.299,0,0,0.1172,540.9,166,0,0.013713,0.825068,2.540441,3152000,26577.0
3153,1000,34.7697,6,0.12,,2,0,5,2.0616,1,0,0.042,548.3,665,0,0.01397,1.405051,2.964915,3153000,26585.2
3154,1000,94.8585,10,0.2,,2,0,5,2.5,1,0,0.0,483.8,124,0,0.01369,0.845259,2.484242,3154000,26593.4
3155,1000,76.6294,8,0.16,,2,0,5,2.1213,1,0,0.0488,519.4,108,0,0.013641,1.899703,2.234138,3155000,26601.6
3156,1000,91.0777,10,0.2,,2,0,5,2.5,0,22,0.1225,670.5,141,0,0.013535,0.710712,2.505847,3156000,26609.8
3157,1000,134.0313,10,0.2,,2,0,5,2.5,2,0,0.0065,525.5,121,0,0.013563,0.540735,2.595285,3157000,26617.9
3158,1000,123.578,10,0.2,,2,0,5,2.5,1,0,0.033,554.2,125,0,0.01349,0.822995,2.845376,3158000,26626.2
3159,1000,103.3123,10,0.2,,2,0,5,2.5,1,0,0.0035,519.5,193,0,0.013487,5.908051,2.461873,3159000,26634.6
3160,1000,108.2814,10,0.2,,2,0,5,2.5,1,22,0.0318,526.6,177,0,0.013412,0.648562,1.939281,3160000,26642.9
3161,1000,46.1665,6,0.12,,2,0,4,1.6583,0,0,0.0357,504.5,199,0,0.013462,0.871898,2.35891,3161000,26651.0
3162,1000,122.5708,10,0.2,,2,0,5,2.5,2,0,0.006,541.3,169,0,0.013827,0.91536,1.977489,3162000,26660.1
3163,1000,7.5582,5,0.1,,2,0,3,1.299,0,0,0.0,425.8,59,0,0.013747,0.818804,1.980344,3163000,26668.9
3164,1000,16.5812,8,0.16,,2,0,5,2.1213,0,0,0.0,464.0,170,0,0.013329,0.699899,2.203633,3164000,26677.7
3165,1000,113.8601,11,0.22,,1,0,5,2.2776,1,10,0.008,504.1,959,0,0.013092,0.935598,2.533482,3165000,26686.3
3166,1000,146.2951,11,0.22,,1,0,5,2.2776,2,109,0.0823,549.0,827,0,0.013004,0.773476,1.892353,3166000,26694.6
3167,1000,111.6156,10,0.2,,2,0,5,2.5,1,105,0.0147,512.5,303,0,0.012851,0.754153,2.079657,3167000,26703.0
3168,1000,84.0191,7,0.14,,2,0,5,2.0463,1,0,0.061,536.4,905,0,0.012426,0.733958,2.253239,3168000,26711.6
3169,1000,151.4217,10,0.2,,2,0,5,2.5,2,0,0.0238,502.5,145,0,0.012382,1.027319,1.042097,3169000,26720.1
3170,1000,15.8546,7,0.14,,2,0,4,1.7854,0,0,0.0,422.1,675,0,0.012379,0.730515,1.359566,3170000,26728.2
3171,1000,140.5945,10,0.2,,2,0,5,2.5,2,0,0.062,503.3,118,0,0.012185,0.776291,2.418014,3171000,26736.6
3172,1000,146.4013,10,0.2,,2,0,5,2.5,2,0,0.0877,530.3,152,0,0.012416,0.890091,1.597437,3172000,26744.9
3173,1000,138.6189,11,0.22,,2,0,6,2.7726,2,2,0.0,496.0,364,0,0.012488,0.697259,1.63116,3173000,26753.2
3174,1000,96.8653,10,0.2,,2,0,5,2.5,1,8,0.0135,586.0,801,0,0.012359,1.137226,1.666655,3174000,26761.2
3175,1000,142.132,11,0.22,,2,0,6,2.7726,2,2,0.0235,523.8,786,0,0.012256,0.760967,2.598581,3175000,26769.4
3176,1000,101.7653,10,0.2,,1,0,5,2.0616,1,0,0.0225,502.5,988,0,0.012321,0.997627,2.021084,3176000,26778.0
3177,1000,148.6014,10,0.2,,2,0,5,2.5,2,0,0.0515,519.1,123,0,0.012509,0.85722,1.191972,3177000,26786.3
3178,1000,51.888,8,0.16,,2,0,5,2.1213,0,48,0.081,623.0,780,0,0.012503,0.756756,0.775387,3178000,26795.1
3179,1000,147.1393,10,0.2,,2,0,5,2.5,2,29,0.0387,502.5,106,0,0.012712,0.809238,1.730372,3179000,26803.4
3180,1000,70.9302,9,0.18,,2,0,5,2.2776,0,16,0.164,643.9,247,0,0.012893,0.669677,1.626055,3180000,26811.5
3181,1000,144.3607,10,0.2,,2,0,5,2.5,2,0,0.0,469.8,141,0,0.012763,0.804889,0.692762,3181000,26819.7
3182,1000,112.5521,10,0.2,,2,0,5,2.5,1,0,0.0,489.3,103,0,0.012822,0.767091,1.050312,3182000,26828.2
3183,1000,110.3723,10,0.2,,2,0,5,2.5,1,6,0.0272,628.6,99,0,0.01294,0.740241,2.142638,3183000,26836.9
3184,1000,82.2471,10,0.2,,2,0,5,2.5,0,8,0.142,623.0,646,0,0.01328,0.659967,1.870521,3184000,26845.3
3185,1000,124.3911,10,0.2,,2,0,5,2.5,1,494,0.1328,758.5,147,0,0.01283,0.859388,1.24827,3185000,26853.9
3186,1000,43.9677,7,0.14,,2,0,5,2.0463,0,306,0.0475,548.6,436,0,0.013301,0.783108,1.623256,3186000,26862.4
3187,1000,27.9067,5,0.1,,2,0,3,1.299,0,0,0.0,450.1,142,0,0.013373,0.854993,1.517789,3187000,26870.6
3188,1000,53.8916,7,0.14,,2,0,4,1.7854,0,0,0.0,464.6,100,0,0.013854,0.674387,0.888602,3188000,26879.4
3189,1000,67.8361,10,0.2,,2,0,5,2.5,0,0,0.0158,541.4,154,0,0.01394,0.87261,0.984101,3189000,26888.0
3190,1000,24.8128,5,0.1,,2,0,3,1.299,0,0,0.0,483.1,107,0,0.013902,7.833561,1.227889,3190000,26896.8
3191,1000,48.9348,8,0.16,,2,0,5,2.1213,0,50,0.003,502.5,390,0,0.013939,0.612269,1.406815,3191000,26905.0
3192,1000,-8.331,5,0.1,,2,0,3,1.299,0,0,0.0,403.3,130,0,0.014288,0.695665,1.088843,3192000,26913.7
3193,1000,8.1528,6,0.12,,2,0,3,1.5,0,234,0.1378,557.9,843,0,0.014394,0.76659,0.927006,3193000,26922.4
3194,1000,83.6509,8,0.16,,2,0,5,2.1213,1,0,0.056,543.6,668,0,0.014376,0.689563,0.547733,3194000,26931.0
3195,1000,37.6227,8,0.16,,2,0,5,2.1213,0,0,0.0,481.2,625,0,0.014543,0.79926,1.281322,3195000,26939.4
3196,1000,45.1622,8,0.16,,2,0,5,2.1213,0,0,0.0522,548.8,749,0,0.014633,0.646284,0.83191,3196000,26948.5
3197,1000,-15.7562,4,0.08,,3,0,4,1.7321,0,0,0.0527,515.8,936,0,0.014672,0.649389,0.940468,3197000,26957.6
3198,1000,98.2843,9,0.18,,2,0,5,2.2776,1,0,0.0,473.4,835,0,0.014248,0.608188,1.15729,3198000,26965.9
3199,1000,101.3005,10,0.2,,2,0,5,2.5,1,6,0.0355,600.8,334,0,0.013846,2.036512,0.285844,3199000,26974.0
3200,1000,98.7847,9,0.18,,2,0,5,2.2776,1,0,0.0205,548.5,272,0,0.013614,0.657331,1.498118,3200000,26982.5
3201,1000,140.4065,10,0.2,,2,0,5,2.5,2,0,0.0475,521.9,115,0,0.013534,1.254179,1.548101,3201000,26991.1
3202,1000,152.4205,10,0.2,,2,0,5,2.5,2,0,0.0103,512.6,208,0,0.013377,0.836911,1.934126,3202000,26999.2
3203,1000,99.833,10,0.2,,2,0,5,2.5,1,3,0.029,529.5,467,0,0.013427,0.761647,1.219068,3203000,27007.3
3204,1000,170.4927,12,0.24,,2,0,7,3.0822,2,0,0.0177,528.5,679,0,0.013331,0.697056,1.776361,3204000,27015.7
3205,1000,144.305,10,0.2,,2,0,5,2.5,2,472,0.1345,715.2,228,0,0.013381,0.654089,1.266408,3205000,27024.1
3206,1000,112.2374,10,0.2,,2,0,5,2.5,1,0,0.0,496.3,156,0,0.013783,1.209595,1.304583,3206000,27032.4
3207,1000,20.1071,5,0.1,,3,0,5,2.1651,0,2,0.017,502.5,711,0,0.013337,1.075474,0.89518,3207000,27040.9
3208,1000,-0.4833,3,0.06,,3,0,3,1.299,0,0,0.1017,537.8,641,0,0.013544,0.688297,0.643461,3208000,27050.0
3209,1000,68.6657,9,0.18,,2,0,5,2.2776,0,184,0.0998,508.5,179,0,0.013489,0.68092,0.915911,3209000,27058.9
3210,1000,98.2688,9,0.18,,2,0,5,2.2776,1,0,0.0057,500.4,171,0,0.013529,0.699067,0.918803,3210000,27067.8
3211,1000,117.5193,10,0.2,,2,0,5,2.5,1,0,0.1082,502.5,107,0,0.013231,0.798338,1.463593,3211000,27076.5
3212,1000,127.0215,10,0.2,,2,0,5,2.5,1,12,0.0278,502.5,207,0,0.013133,0.705929,1.306547,3212000,27085.0
3213,1000,121.7946,10,0.2,,2,0,5,2.5,1,16,0.041,545.7,423,0,0.013347,1.143224,1.049427,3213000,27093.4
3214,1000,114.8186,10,0.2,,2,0,5,2.5,1,32,0.0365,502.5,125,0,0.013357,0.641393,0.858377,3214000,27102.1
3215,1000,-39.7444,1,0.02,,3,0,1,0.433,0,0,0.0143,502.5,15,0,0.013659,0.817164,1.099164,3215000,27110.8
3216,1000,26.8435,5,0.1,,2,0,3,1.299,0,32,0.0257,502.5,459,0,0.013372,0.784075,-0.015702,3216000,27119.3
3217,1000,116.4364,10,0.2,,2,0,5,2.5,1,117,0.1415,533.7,151,0,0.014063,0.793189,0.400467,3217000,27127.4
3218,1000,-15.9676,5,0.1,,2,0,4,1.6394,0,0,0.0,352.9,358,0,0.014426,11.011536,0.607127,3218000,27135.5
3219,1000,-33.9389,2,0.04,,3,0,2,0.866,0,0,0.0257,502.5,49,0,0.014469,0.802307,0.144465,3219000,27143.6
3220,1000,-52.8217,4,0.08,,3,0,4,1.7321,0,0,0.0,320.5,145,0,0.014545,1.472023,1.166517,3220000,27152.1
3221,1000,76.5194,7,0.14,,3,0,7,3.0311,1,0,0.0,463.2,880,0,0.014617,0.745916,1.187574,3221000,27160.4
3222,1000,-58.6085,2,0.04,,3,0,2,0.866,0,0,0.0,462.1,74,0,0.014154,2.037874,1.712892,3222000,27168.5
3223,1000,-8.5873,3,0.06,,2,0,2,0.8292,0,0,0.011,502.5,359,0,0.014431,1.040604,0.45598,3223000,27176.6
3224,1000,63.0229,9,0.18,,2,0,5,2.2776,0,0,0.0025,502.5,132,0,0.014315,1.040573,0.352721,3224000,27184.6
3225,1000,21.2341,5,0.1,,2,0,4,1.6394,0,0,0.0138,502.5,694,0,0.014206,0.779111,0.275969,3225000,27192.8
3226,1000,29.0949,6,0.12,,2,0,4,1.6583,0,0,0.0283,502.5,823,0,0.014188,0.690856,0.966932,3226000,27201.2
3227,1000,17.6976,5,0.1,,3,0,5,2.1651,0,174,0.021,502.5,605,0,0.014125,0.883646,0.854098,3227000,27209.8
3228,1000,135.2718,10,0.2,,2,0,5,2.5,2,107,0.0442,699.6,195,0,0.0142,0.976594,0.239875,3228000,27218.1
3229,1000,107.0006,10,0.2,,2,0,5,2.5,1,0,0.042,505.1,126,0,0.01461,0.964015,0.096956,3229000,27226.2
3230,1000,64.7573,9,0.18,,2,0,5,2.2776,0,110,0.0527,601.3,288,0,0.014512,0.776774,0.488101,3230000,27234.8
3231,1000,0.9285,5,0.1,,2,0,4,1.6394,0,0,0.1005,536.8,584,0,0.014885,1.861314,1.019162,3231000,27243.9
3232,1000,5.7817,4,0.08,,3,0,4,1.7321,0,0,0.0,486.2,537,0,0.014921,0.653463,0.46816,3232000,27252.7
3233,1000,119.8456,10,0.2,,2,0,5,2.5,1,8,0.037,502.5,114,0,0.014604,0.704893,1.510679,3233000,27261.0
3234,1000,106.3559,10,0.2,,2,0,5,2.5,1,0,0.1663,566.0,151,0,0.014699,0.741339,0.806781,3234000,27269.3
3235,1000,78.7839,9,0.18,,2,0,5,2.2776,1,0,0.031,502.5,345,0,0.014725,0.973611,-0.397115,3235000,27278.0
3236,1000,31.7183,6,0.12,,2,0,4,1.6583,0,7,0.1195,502.5,542,0,0.014524,1.109191,-0.195143,3236000,27286.2
3237,1000,94.0549,9,0.18,,2,0,5,2.2776,1,1,0.0,499.8,141,0,0.014382,0.852104,0.832526,3237000,27294.8
3238,1000,65.5592,10,0.2,,2,0,5,2.5,0,0,0.017,502.5,644,0,0.014397,0.983758,0.007079,3238000,27303.5
3239,1000,-8.4579,3,0.06,,2,0,2,0.8292,0,0,0.0,294.3,294,0,0.014445,0.856449,0.623931,3239000,27312.4
3240,1000,34.8426,5,0.1,,2,0,3,1.299,0,0,0.0083,509.4,881,0,0.01448,0.877916,0.698093,3240000,27321.3
3241,1000,8.7924,4,0.08,,2,0,3,1.2247,0,118,0.0,499.9,893,0,0.014522,0.816336,0.532894,3241000,27330.0
3242,1000,154.7093,10,0.2,,2,0,5,2.5,2,0,0.091,570.8,114,0,0.014808,1.075438,-0.425528,3242000,27338.9
3243,1000,-69.4888,1,0.02,,3,0,1,0.433,0,0,0.0,413.3,204,0,0.01474,0.80727,-0.28179,3243000,27347.9
3244,1000,2.8843,6,0.12,,2,0,3,1.5,0,38,0.0512,502.5,308,0,0.015048,0.865074,0.102645,3244000,27356.9
3245,1000,106.6472,10,0.2,,2,0,5,2.5,1,0,0.0203,534.6,217,0,0.015093,0.604821,0.631873,3245000,27365.7
3246,1000,44.6215,7,0.14,,2,0,5,2.0463,0,204,0.0158,542.2,811,0,0.014583,0.83326,-0.133866,3246000,27374.3
3247,1000,38.223,7,0.14,,2,0,4,1.7854,0,0,0.0297,502.5,683,0,0.014864,0.874151,-0.154168,3247000,27383.3
3248,1000,19.9231,4,0.08,,2,0,2,1.0,0,0,0.0,423.8,157,0,0.015574,0.799043,0.39802,3248000,27392.3
3249,1000,153.3993,10,0.2,,2,0,5,2.5,2,0,0.0912,537.8,472,0,0.015054,0.925522,-0.402699,3249000,27401.3
3250,1000,5.433,3,0.06,,3,0,3,1.299,0,54,0.0,500.0,444,0,0.015425,0.768104,-1.355226,3250000,27410.4
3251,1000,12.0964,4,0.08,,3,0,4,1.7321,0,0,0.007,502.6,524,0,0.015575,0.81671,-0.001426,3251000,27419.8
