episode,steps,reward,delivered,completion_rate,makespan,idle_drones,deliv_min,deliv_max,deliv_std,reloads,blocked,hop2plus,max_reach,t_last_deliv,comm_loss,alpha,loss_critic,loss_actor,env_steps,wall_sec
1,1000,-110.7236,1,0.02,,3,0,1,0.433,0,28,0.3412,673.2,544,0,0.1,nan,nan,1000,2.5
2,1000,-71.5129,1,0.02,,3,0,1,0.433,0,54,0.3448,948.8,870,0,0.1,nan,nan,2000,4.8
3,1000,-115.7419,0,0.0,,4,0,0,0.0,0,154,0.302,800.4,0,0,0.1,nan,nan,3000,7.2
4,1000,-112.9627,0,0.0,,4,0,0,0.0,0,56,0.2223,714.0,0,0,0.1,nan,nan,4000,9.7
5,1000,-81.0732,2,0.04,,3,0,2,0.866,0,27,0.2948,714.4,448,0,0.1,nan,nan,5000,12.3
6,1000,83.5456,15,0.3,,0,2,5,1.0897,0,0,0.1827,1015.4,973,0,0.08617,0.045946,-0.875336,6000,26.0
7,1000,104.8943,16,0.32,,0,3,5,0.7071,0,477,0.5583,1073.5,406,0,0.075428,1.188355,-0.746161,7000,39.9
8,1000,28.4682,7,0.14,,1,0,3,1.0897,0,2034,0.7035,1073.5,329,0,0.072066,1.290786,-1.105869,8000,53.9
9,1000,86.8848,13,0.26,,0,1,5,1.479,0,1497,0.6505,1062.9,998,0,0.068778,0.307479,-2.872887,9000,67.3
10,1000,115.0066,18,0.36,,0,3,5,0.866,0,602,0.6943,1002.9,914,0,0.062891,1.542722,-3.207081,10000,81.1
11,1000,84.401,12,0.24,,0,1,5,1.5811,0,797,0.6877,1073.5,998,0,0.056861,0.644047,-4.174061,11000,95.2
12,1000,84.7256,12,0.24,,0,1,5,1.5811,0,314,0.7023,1073.5,728,0,0.05364,0.738192,-5.481098,12000,108.8
13,1000,60.9914,12,0.24,,0,2,5,1.2247,0,1413,0.6823,1073.5,530,0,0.05216,1.128998,-6.408764,13000,122.6
14,1000,90.6909,12,0.24,,1,0,5,2.1213,0,1334,0.5665,998.6,989,0,0.051625,1.302795,-7.334997,14000,136.4
15,1000,120.6597,15,0.3,,0,1,5,1.6394,0,141,0.691,996.8,636,0,0.053043,1.585464,-7.542341,15000,150.5
16,1000,146.041,17,0.34,,0,2,5,1.299,0,1166,0.602,977.6,774,0,0.055017,1.085232,-6.917424,16000,164.6
17,1000,133.1271,17,0.34,,0,2,5,1.299,0,897,0.5543,1009.2,813,0,0.055909,0.684354,-7.621619,17000,177.8
18,1000,150.4258,17,0.34,,0,3,5,0.8292,0,174,0.672,995.4,962,0,0.057835,1.151638,-9.116672,18000,191.4
19,1000,119.9713,16,0.32,,0,1,5,1.7321,0,388,0.67,1073.5,970,0,0.058405,1.874537,-10.06588,19000,205.1
20,1000,134.2453,17,0.34,,0,3,5,0.8292,0,1072,0.5302,1022.0,881,0,0.055661,1.491261,-10.597898,20000,218.6
21,1000,165.2789,19,0.38,,0,4,5,0.433,0,760,0.6325,1046.8,924,0,0.054438,1.902164,-13.252274,21000,232.0
22,1000,140.838,18,0.36,,0,3,5,0.866,0,797,0.6833,1073.5,597,0,0.054206,1.021574,-11.986073,22000,245.8
23,1000,123.2336,15,0.3,,1,0,5,2.1651,0,767,0.6877,1073.5,745,0,0.053475,1.187977,-14.392406,23000,259.2
24,1000,130.3487,17,0.34,,0,2,5,1.299,0,853,0.6657,1073.5,221,0,0.051042,0.617205,-14.200769,24000,274.0
25,1000,145.7588,17,0.34,,0,3,5,0.8292,0,514,0.6697,1073.5,934,0,0.052869,1.189527,-14.938678,25000,287.5
26,1000,159.6514,18,0.36,,0,3,5,0.866,0,324,0.5393,1073.5,943,0,0.052392,2.364882,-15.666963,26000,301.1
27,1000,81.5714,12,0.24,,0,1,5,1.5811,0,1557,0.6943,1056.3,825,0,0.053544,2.064146,-15.274508,27000,314.5
28,1000,119.3215,15,0.3,,0,1,5,1.6394,0,858,0.652,1002.3,911,0,0.057741,1.443403,-16.083729,28000,327.9
29,1000,154.187,20,0.4,,0,5,5,0.0,0,916,0.6438,1040.1,308,0,0.057553,1.774027,-15.331367,29000,341.6
30,1000,113.564,14,0.28,,0,2,5,1.5,0,420,0.565,1073.5,664,0,0.058012,1.599202,-15.883307,30000,355.2
31,1000,94.9413,14,0.28,,0,1,5,1.6583,0,1402,0.6813,1073.5,273,0,0.057888,2.687109,-17.107922,31000,368.8
32,1000,111.8515,14,0.28,,0,2,5,1.5,0,466,0.511,1068.9,677,0,0.05907,1.815368,-17.485458,32000,382.5
33,1000,127.2246,16,0.32,,0,1,5,1.7321,0,504,0.6158,1037.2,830,0,0.059356,1.716985,-18.38245,33000,395.8
34,1000,123.4066,16,0.32,,0,1,5,1.7321,0,788,0.5018,999.4,304,0,0.057616,1.01227,-16.915264,34000,409.4
35,1000,138.4669,17,0.34,,0,3,5,0.8292,0,1024,0.6308,1073.5,753,0,0.053133,1.001612,-17.768803,35000,422.8
36,1000,60.3317,11,0.22,,0,1,5,1.479,0,1175,0.626,1073.5,410,0,0.051128,1.102508,-19.480934,36000,436.2
37,1000,159.6464,19,0.38,,0,4,5,0.433,0,296,0.669,1060.6,509,0,0.050492,2.604781,-21.547005,37000,449.7
38,1000,162.2402,18,0.36,,0,3,5,0.866,0,230,0.6695,1073.5,967,0,0.049069,1.374734,-20.4342,38000,463.3
39,1000,133.688,17,0.34,,0,3,5,0.8292,0,710,0.6773,1073.5,907,0,0.048164,1.67503,-20.272573,39000,476.8
40,1000,161.7516,20,0.4,,0,5,5,0.0,0,503,0.6228,1009.0,572,0,0.04604,0.648867,-19.594692,40000,490.2
41,1000,220.823,21,0.42,,0,5,6,0.433,1,530,0.557,937.1,808,0,0.047754,1.371927,-20.98999,41000,503.6
42,1000,133.3296,18,0.36,,0,3,5,0.866,0,779,0.66,1050.9,856,0,0.048315,1.19514,-20.408232,42000,517.3
43,1000,172.8968,20,0.4,,0,5,5,0.0,0,294,0.6155,1073.5,907,0,0.047702,1.901413,-21.033119,43000,530.5
44,1000,156.9276,20,0.4,,0,5,5,0.0,0,538,0.6675,1073.5,364,0,0.045372,1.463739,-22.184338,44000,543.6
45,1000,167.1885,20,0.4,,0,5,5,0.0,0,608,0.6713,1036.1,680,0,0.045496,2.038883,-20.443558,45000,557.4
46,1000,153.663,18,0.36,,0,3,5,0.866,0,216,0.6432,1071.9,528,0,0.044892,1.380947,-21.902407,46000,570.6
47,1000,128.6783,16,0.32,,0,2,5,1.2247,0,624,0.5835,1042.4,911,0,0.044195,1.51144,-20.55916,47000,584.9
48,1000,120.755,17,0.34,,0,3,5,0.8292,0,1476,0.664,1073.5,961,0,0.044809,2.763573,-20.036114,48000,598.1
49,1000,149.9983,19,0.38,,0,4,5,0.433,0,372,0.6168,1054.8,564,0,0.04528,1.217874,-20.422417,49000,611.1
50,1000,125.1683,16,0.32,,0,3,5,1.0,0,1027,0.6733,1039.0,911,0,0.045095,1.516615,-20.94965,50000,624.0
51,1000,83.1383,13,0.26,,0,1,5,1.7854,0,1021,0.6925,984.3,161,0,0.043928,1.442611,-21.071836,51000,652.6
52,1000,218.9638,21,0.42,,0,4,7,1.0897,1,851,0.5995,997.1,866,0,0.043047,0.64274,-21.095352,52000,666.3
53,1000,168.2181,20,0.4,,0,5,5,0.0,0,333,0.5517,1073.5,371,0,0.041994,1.864748,-20.439304,53000,679.6
54,1000,168.5294,19,0.38,,0,4,5,0.433,0,100,0.6238,1002.6,527,0,0.041095,0.863638,-19.820011,54000,693.4
55,1000,133.3583,16,0.32,,0,1,5,1.7321,0,715,0.5413,1010.9,343,0,0.040354,1.096875,-20.085384,55000,706.9
56,1000,98.7657,13,0.26,,0,1,5,1.7854,0,679,0.642,1057.4,530,0,0.039957,1.56352,-20.713074,56000,720.3
57,1000,132.3878,16,0.32,,0,3,5,1.0,0,611,0.654,1073.5,974,0,0.039936,1.020794,-20.61454,57000,734.3
58,1000,110.7467,14,0.28,,1,0,5,2.0616,0,1009,0.5182,1061.2,289,0,0.038918,1.307041,-21.603497,58000,748.0
59,1000,156.5723,19,0.38,,0,4,5,0.433,0,591,0.6322,999.5,824,0,0.036893,0.508168,-18.711792,59000,761.6
60,1000,151.5824,17,0.34,,0,2,5,1.299,0,285,0.581,1070.5,783,0,0.036178,0.674162,-19.204,60000,775.4
61,1000,148.0627,18,0.36,,0,3,5,0.866,0,478,0.5813,1073.5,650,0,0.035819,1.087012,-19.370785,61000,788.6
62,1000,139.94,17,0.34,,0,3,5,0.8292,0,372,0.6823,1073.5,892,0,0.035142,0.624756,-19.609203,62000,802.1
63,1000,147.3474,19,0.38,,0,4,5,0.433,0,820,0.6717,991.7,988,0,0.035092,1.200932,-19.493839,63000,816.3
64,1000,146.8654,18,0.36,,0,3,5,0.866,0,553,0.6615,1063.1,402,0,0.034521,1.077417,-21.864119,64000,829.5
65,1000,162.8673,19,0.38,,0,4,5,0.433,0,269,0.6258,1036.0,1000,0,0.034469,0.811052,-22.149088,65000,842.8
66,1000,117.7259,15,0.3,,1,0,5,2.1651,0,1032,0.476,962.4,911,0,0.033453,0.885864,-20.778587,66000,856.6
67,1000,133.0745,17,0.34,,0,2,5,1.299,0,668,0.5292,1009.1,344,0,0.032297,0.956773,-20.556492,67000,870.0
68,1000,185.4267,20,0.4,,0,5,5,0.0,0,243,0.5212,1011.0,767,0,0.031937,0.9909,-19.490074,68000,883.5
69,1000,197.4978,19,0.38,,0,4,5,0.433,1,991,0.4587,1027.0,947,0,0.031991,1.12184,-18.725758,69000,896.9
70,1000,144.1502,17,0.34,,0,2,5,1.299,0,317,0.5873,966.4,989,0,0.0314,0.435397,-20.65657,70000,910.4
71,1000,176.4116,20,0.4,,0,5,5,0.0,0,220,0.5942,1039.2,762,0,0.030809,0.957249,-18.382851,71000,923.7
72,1000,118.0059,15,0.3,,1,0,5,2.1651,0,520,0.524,1009.2,486,0,0.030721,0.959625,-20.037985,72000,936.9
73,1000,151.8763,18,0.36,,0,3,5,0.866,0,730,0.475,999.6,765,0,0.03049,0.950392,-19.765743,73000,950.2
74,1000,87.7177,12,0.24,,1,0,5,1.8708,0,581,0.575,1036.1,742,0,0.030703,0.809533,-19.872631,74000,964.1
75,1000,170.0066,20,0.4,,0,5,5,0.0,0,224,0.525,965.9,863,0,0.030906,0.830782,-19.472881,75000,977.2
76,1000,148.4331,17,0.34,,0,2,5,1.299,0,468,0.4768,955.5,825,0,0.030519,1.138455,-20.112597,76000,990.6
77,1000,164.9178,19,0.38,,0,4,5,0.433,0,381,0.4615,962.2,928,0,0.029993,3.379011,-20.887232,77000,1003.7
78,1000,142.0165,17,0.34,,0,2,5,1.299,0,931,0.7005,1073.5,689,0,0.029578,2.492662,-19.31118,78000,1017.7
79,1000,108.8923,14,0.28,,0,2,5,1.118,0,24,0.6915,1070.2,911,0,0.028942,2.310764,-18.920834,79000,1031.4
80,1000,144.1669,16,0.32,,0,1,5,1.7321,0,326,0.475,1073.5,477,0,0.028416,0.615401,-19.56711,80000,1045.8
81,1000,151.9799,18,0.36,,0,4,5,0.5,0,142,0.6867,1067.4,895,0,0.027872,0.702142,-19.537189,81000,1060.0
82,1000,127.9542,16,0.32,,0,3,5,1.0,0,966,0.589,1034.4,786,0,0.028106,1.086062,-18.149494,82000,1073.3
83,1000,126.6265,16,0.32,,0,3,5,1.0,0,813,0.5282,1073.5,955,0,0.027513,0.654995,-19.709949,83000,1086.9
84,1000,154.3447,18,0.36,,0,3,5,0.866,0,964,0.5515,1062.2,927,0,0.027096,0.77792,-19.016651,84000,1100.9
85,1000,93.7153,12,0.24,,0,1,5,1.4142,0,659,0.6793,1073.5,889,0,0.026481,0.799485,-19.228189,85000,1114.5
86,1000,138.4917,16,0.32,,0,1,5,1.7321,0,656,0.5192,1031.2,885,0,0.025601,0.831373,-19.176086,86000,1128.1
87,1000,133.6847,16,0.32,,0,1,5,1.7321,0,255,0.5705,1073.5,531,0,0.024947,0.998109,-20.294838,87000,1141.3
88,1000,157.753,19,0.38,,0,4,5,0.433,0,726,0.4635,976.8,983,0,0.024479,0.598501,-20.396688,88000,1154.5
89,1000,175.993,20,0.4,,0,5,5,0.0,0,759,0.653,1011.3,753,0,0.024436,0.769518,-17.99329,89000,1168.2
90,1000,182.4369,20,0.4,,0,5,5,0.0,0,246,0.495,1068.9,641,0,0.024172,0.628865,-18.119865,90000,1181.2
91,1000,143.1178,17,0.34,,0,2,5,1.299,0,463,0.4545,1073.5,558,0,0.024157,0.590208,-17.820349,91000,1194.7
92,1000,175.2004,20,0.4,,0,5,5,0.0,0,455,0.6573,1073.5,831,0,0.023658,0.756047,-18.62829,92000,1208.6
93,1000,151.0423,19,0.38,,0,4,5,0.433,0,794,0.544,1071.2,685,0,0.023355,0.541626,-19.951534,93000,1222.0
94,1000,184.0129,20,0.4,,0,5,5,0.0,0,162,0.5587,988.0,758,0,0.02319,0.595863,-20.157545,94000,1235.6
95,1000,176.2404,20,0.4,,0,5,5,0.0,0,477,0.6555,1073.5,655,0,0.023061,0.955562,-18.798637,95000,1249.5
96,1000,132.7681,17,0.34,,0,2,5,1.299,0,520,0.5445,980.7,887,0,0.022461,0.764311,-17.219425,96000,1262.9
97,1000,129.2314,16,0.32,,0,2,5,1.2247,0,273,0.2575,998.0,337,0,0.02219,1.323347,-18.623077,97000,1276.1
98,1000,157.6077,19,0.38,,0,4,5,0.433,0,448,0.559,992.2,753,0,0.022418,1.197829,-18.175945,98000,1289.2
99,1000,164.9256,19,0.38,,0,4,5,0.433,0,761,0.5857,975.8,990,0,0.022718,0.646033,-18.923544,99000,1302.6
100,1000,161.1782,19,0.38,,0,4,5,0.433,0,215,0.543,867.9,756,0,0.022432,0.763324,-18.017542,100000,1314.9
101,1000,135.7563,17,0.34,,0,2,5,1.299,0,842,0.677,1028.5,281,0,0.022177,0.675392,-18.095066,101000,1343.2
102,1000,185.7665,18,0.36,,0,3,5,0.866,1,529,0.313,856.6,879,0,0.021779,0.530157,-18.699039,102000,1357.0
103,1000,154.0656,19,0.38,,0,4,5,0.433,0,1023,0.6128,987.8,918,0,0.021141,1.713489,-18.882015,103000,1370.4
104,1000,176.9761,20,0.4,,0,5,5,0.0,0,368,0.4675,996.3,602,0,0.020374,1.044168,-21.26408,104000,1383.8
105,1000,126.9795,16,0.32,,0,3,5,1.0,0,854,0.5325,1002.9,875,0,0.019703,0.713816,-21.217602,105000,1397.8
106,1000,58.4437,10,0.2,,0,1,5,1.6583,0,376,0.4255,1073.5,300,0,0.01898,0.748206,-19.13393,106000,1411.9
107,1000,102.7781,13,0.26,,1,0,5,2.0463,0,450,0.5138,1073.5,968,0,0.018481,1.267945,-19.117283,107000,1425.7
108,1000,125.9446,17,0.34,,0,2,5,1.299,0,592,0.5583,1073.5,805,0,0.018458,1.511347,-18.728901,108000,1439.4
109,1000,173.8349,19,0.38,,0,4,5,0.433,0,809,0.582,1073.5,824,0,0.018142,0.445673,-19.683506,109000,1453.4
110,1000,154.4576,18,0.36,,0,3,5,0.866,0,240,0.601,1073.5,710,0,0.018412,0.661903,-18.489552,110000,1467.2
111,1000,165.4858,19,0.38,,0,4,5,0.433,0,784,0.5733,1020.3,707,0,0.018007,1.087498,-19.327633,111000,1480.6
112,1000,159.5746,18,0.36,,0,3,5,0.866,0,489,0.549,1049.7,937,0,0.017867,0.915195,-20.30002,112000,1493.8
113,1000,162.275,20,0.4,,0,5,5,0.0,0,626,0.5278,1073.5,948,0,0.017414,0.522082,-18.571066,113000,1507.2
114,1000,227.9009,22,0.44,,0,5,7,0.866,1,3,0.4318,969.2,930,0,0.017176,0.550274,-20.628248,114000,1520.6
115,1000,155.4346,18,0.36,,0,4,5,0.5,0,380,0.6182,1056.8,899,0,0.016877,1.161216,-17.862926,115000,1534.2
116,1000,135.5225,17,0.34,,0,2,5,1.299,0,710,0.5413,1073.5,499,0,0.016697,0.38533,-17.884892,116000,1548.3
117,1000,209.9934,19,0.38,,0,4,5,0.433,1,86,0.4075,859.3,999,0,0.016782,1.287743,-18.184675,117000,1561.5
118,1000,128.3844,17,0.34,,0,2,5,1.299,0,1127,0.6305,1073.5,977,0,0.016902,0.520314,-18.244783,118000,1575.5
119,1000,125.483,14,0.28,,0,1,5,1.6583,1,654,0.4662,783.7,973,0,0.017172,1.044081,-19.23946,119000,1588.6
120,1000,155.9487,19,0.38,,0,4,5,0.433,0,677,0.4557,1036.0,828,0,0.017316,0.987305,-19.839468,120000,1602.2
121,1000,139.8099,18,0.36,,0,3,5,0.866,0,1129,0.4883,852.7,260,0,0.017264,0.618976,-18.021372,121000,1615.6
122,1000,166.3268,20,0.4,,0,5,5,0.0,0,517,0.5427,1062.2,446,0,0.017301,0.501497,-16.655273,122000,1629.1
123,1000,170.209,20,0.4,,0,5,5,0.0,0,7,0.2885,954.0,541,0,0.017204,0.867067,-16.998083,123000,1642.2
124,1000,128.7469,15,0.3,,0,2,5,1.299,0,576,0.6245,953.7,762,0,0.017117,1.24537,-17.48313,124000,1655.3
125,1000,135.3421,18,0.36,,0,3,5,0.866,0,1075,0.2965,881.5,989,0,0.01729,0.377907,-18.792206,125000,1668.6
126,1000,94.7448,13,0.26,,0,2,5,1.0897,0,867,0.4143,1008.0,224,0,0.017229,1.024708,-16.692999,126000,1681.9
127,1000,179.1664,20,0.4,,0,5,5,0.0,0,235,0.4355,979.7,859,0,0.017193,0.975758,-17.466711,127000,1695.2
128,1000,128.3473,17,0.34,,0,3,5,0.8292,0,1483,0.4562,996.2,839,0,0.017152,0.379081,-17.749786,128000,1708.9
129,1000,151.8321,18,0.36,,0,3,5,0.866,0,604,0.6158,1073.5,871,0,0.017256,0.888805,-18.107605,129000,1722.3
130,1000,167.0598,19,0.38,,0,4,5,0.433,0,336,0.534,1014.8,902,0,0.017424,0.625827,-16.742722,130000,1735.8
131,1000,162.1357,19,0.38,,0,4,5,0.433,0,1255,0.45,971.0,818,0,0.017091,0.748752,-18.16453,131000,1749.7
132,1000,124.5695,15,0.3,,0,2,5,1.0897,0,487,0.4642,1071.7,885,0,0.017003,0.680413,-16.492666,132000,1762.8
133,1000,111.5826,15,0.3,,1,0,5,2.1651,0,216,0.5715,1041.7,550,0,0.016947,0.5104,-15.967949,133000,1776.4
134,1000,179.8936,20,0.4,,0,5,5,0.0,0,251,0.4928,898.0,574,0,0.016934,1.084435,-16.963566,134000,1789.8
135,1000,198.1321,18,0.36,,0,3,5,0.866,1,950,0.566,964.9,863,0,0.016926,0.339045,-15.365761,135000,1802.9
136,1000,108.5004,14,0.28,,0,1,5,1.6583,0,832,0.4675,1010.4,847,0,0.01717,0.721308,-16.538403,136000,1816.7
137,1000,198.8048,18,0.36,,0,3,5,0.866,1,602,0.397,869.4,805,0,0.017118,0.605385,-16.440456,137000,1831.4
138,1000,144.6659,17,0.34,,0,3,5,0.8292,0,542,0.329,931.5,950,0,0.017116,0.737344,-15.216805,138000,1845.0
139,1000,219.6617,21,0.42,,0,5,6,0.433,1,540,0.6342,884.8,944,0,0.016886,0.966991,-17.235765,139000,1858.1
140,1000,126.686,15,0.3,,0,2,5,1.299,0,527,0.505,1072.9,969,0,0.016936,1.258578,-16.90793,140000,1871.6
141,1000,166.563,19,0.38,,0,4,5,0.433,0,717,0.5178,952.8,819,0,0.017254,0.720105,-16.095577,141000,1885.7
142,1000,143.4854,17,0.34,,0,2,5,1.299,0,686,0.6448,955.9,826,0,0.017108,0.458105,-15.776524,142000,1899.5
143,1000,159.9369,19,0.38,,0,4,5,0.433,0,156,0.3425,944.1,673,0,0.01676,0.512643,-14.960341,143000,1913.3
144,1000,148.3997,16,0.32,,0,3,6,1.2247,1,1521,0.5543,1073.5,701,0,0.016853,0.569965,-16.516171,144000,1927.0
145,1000,180.0202,20,0.4,,0,5,5,0.0,0,960,0.5118,991.2,837,0,0.016878,0.383085,-16.074404,145000,1940.9
146,1000,168.0246,19,0.38,,0,4,5,0.433,0,618,0.539,1073.5,992,0,0.01684,0.508877,-15.704686,146000,1956.0
147,1000,192.8222,20,0.4,,0,5,5,0.0,1,490,0.3495,1056.6,917,0,0.017425,0.44703,-16.25918,147000,1970.1
148,1000,184.0502,18,0.36,,0,4,5,0.5,1,141,0.454,948.7,675,0,0.017428,0.908606,-16.197899,148000,1981.9
149,1000,212.21,21,0.42,,0,5,6,0.433,1,389,0.343,877.1,988,0,0.017475,0.522824,-14.880824,149000,1993.7
150,1000,151.3648,17,0.34,,0,3,5,0.8292,0,151,0.54,1031.1,990,0,0.017259,0.951626,-15.902339,150000,2007.2
151,1000,191.6221,19,0.38,,0,4,5,0.433,1,457,0.2715,629.4,776,0,0.017326,0.58389,-14.766685,151000,2035.8
152,1000,126.8847,16,0.32,,0,2,5,1.2247,0,542,0.408,908.4,653,0,0.017349,0.565783,-13.633745,152000,2049.9
153,1000,103.6522,14,0.28,,0,1,5,1.6583,0,196,0.341,814.6,709,0,0.017758,0.463062,-15.056481,153000,2063.4
154,1000,150.7343,17,0.34,,0,2,5,1.299,0,257,0.5158,1025.6,551,0,0.017584,0.844337,-15.490472,154000,2076.9
155,1000,150.9352,17,0.34,,0,3,5,0.8292,0,221,0.3837,992.3,727,0,0.017697,0.529475,-16.847706,155000,2091.2
156,1000,182.0671,19,0.38,,0,4,5,0.433,0,234,0.4397,1025.4,723,0,0.017759,0.482501,-14.274029,156000,2105.4
157,1000,154.1474,17,0.34,,0,2,5,1.299,0,64,0.4965,956.6,887,0,0.017442,0.936532,-16.021542,157000,2119.9
158,1000,168.0389,19,0.38,,0,4,5,0.433,0,536,0.4173,877.2,854,0,0.017325,0.545999,-14.873058,158000,2133.4
159,1000,250.6739,23,0.46,,0,5,8,1.299,1,163,0.337,905.8,902,0,0.017405,0.807324,-16.104355,159000,2147.5
160,1000,107.7333,13,0.26,,1,0,5,2.0463,0,304,0.323,648.3,368,0,0.017615,0.61677,-15.350796,160000,2160.9
161,1000,188.5672,19,0.38,,0,3,6,1.0897,1,352,0.2685,955.2,1000,0,0.017783,0.422379,-15.368568,161000,2174.1
162,1000,177.8509,20,0.4,,0,5,5,0.0,0,194,0.4843,992.6,886,0,0.017782,0.481937,-15.746631,162000,2187.0
163,1000,180.0351,20,0.4,,0,5,5,0.0,0,550,0.3713,920.6,378,0,0.017814,0.900424,-13.998129,163000,2200.1
164,1000,156.429,18,0.36,,0,4,5,0.5,0,438,0.6062,1073.5,657,0,0.018224,0.384307,-15.245428,164000,2213.8
165,1000,183.6911,20,0.4,,0,5,5,0.0,0,170,0.499,976.2,675,0,0.01823,0.49895,-14.520819,165000,2227.0
166,1000,148.5935,18,0.36,,0,4,5,0.5,0,883,0.3508,1033.8,950,0,0.018187,0.381967,-14.998871,166000,2240.7
167,1000,136.8668,17,0.34,,0,4,5,0.433,0,374,0.3095,751.1,923,0,0.018473,0.239408,-14.148039,167000,2254.5
168,1000,205.6149,19,0.38,,0,2,10,3.2692,1,256,0.4155,856.6,974,0,0.018689,0.518131,-14.61751,168000,2268.2
169,1000,206.923,20,0.4,,0,5,5,0.0,1,178,0.4365,765.0,971,0,0.018593,0.412783,-13.773683,169000,2282.1
170,1000,179.4764,17,0.34,,0,2,5,1.299,1,590,0.3857,889.6,321,0,0.018578,1.053722,-14.820016,170000,2295.7
171,1000,181.7784,20,0.4,,0,5,5,0.0,0,47,0.4472,970.6,917,0,0.018768,1.089234,-13.976248,171000,2309.5
172,1000,247.9124,23,0.46,,0,3,10,2.586,1,383,0.3257,690.8,923,0,0.01872,0.696654,-14.703465,172000,2323.3
173,1000,166.2914,19,0.38,,0,4,5,0.433,0,381,0.4258,891.7,500,0,0.018851,1.049722,-13.022036,173000,2336.9
174,1000,124.0862,16,0.32,,0,2,5,1.2247,0,778,0.3685,935.1,817,0,0.018771,0.66484,-12.584639,174000,2350.4
175,1000,206.9312,20,0.4,,0,5,5,0.0,1,228,0.3305,991.7,915,0,0.019012,1.586925,-13.669452,175000,2363.6
176,1000,108.5068,17,0.34,,0,3,5,0.8292,0,139,0.4835,767.3,790,0,0.018899,0.291442,-13.123451,176000,2377.0
177,1000,108.7045,12,0.24,,0,2,5,1.2247,1,429,0.395,830.0,865,0,0.018876,0.571548,-14.471939,177000,2390.3
178,1000,197.3295,18,0.36,,0,3,7,1.6583,1,108,0.2023,857.0,928,0,0.018707,0.687436,-13.84738,178000,2403.8
179,1000,151.2785,18,0.36,,0,4,5,0.5,0,126,0.529,969.8,442,0,0.018826,0.421967,-14.260594,179000,2417.0
180,1000,213.6832,21,0.42,,0,4,7,1.0897,1,329,0.4447,913.7,880,0,0.018747,0.548357,-13.178741,180000,2430.9
181,1000,159.7099,18,0.36,,0,3,5,0.866,0,351,0.4412,1043.1,610,0,0.018414,0.425128,-12.622124,181000,2444.5
182,1000,166.2786,18,0.36,,0,3,5,0.866,0,299,0.5473,971.5,891,0,0.018284,0.689054,-13.292217,182000,2457.8
183,1000,117.1907,15,0.3,,0,2,5,1.299,0,2,0.2795,770.4,922,0,0.018766,0.619303,-14.459863,183000,2471.6
184,1000,181.5803,20,0.4,,0,5,5,0.0,0,266,0.3503,971.5,925,0,0.018551,0.508378,-12.813874,184000,2484.8
185,1000,132.2989,18,0.36,,0,4,5,0.5,0,285,0.2935,773.7,987,0,0.01901,0.97103,-13.694808,185000,2498.1
186,1000,160.0065,18,0.36,,0,3,5,0.866,0,100,0.2765,1028.4,938,0,0.018597,0.841623,-11.878921,186000,2511.4
187,1000,146.4525,18,0.36,,0,3,5,0.866,0,385,0.4002,1073.5,863,0,0.018313,0.689596,-13.220016,187000,2524.7
188,1000,213.1727,20,0.4,,0,5,5,0.0,1,493,0.447,893.5,437,0,0.018241,0.582676,-12.629786,188000,2537.9
189,1000,65.6832,10,0.2,,1,0,4,1.6583,0,429,0.236,726.0,517,0,0.018297,0.256036,-12.928448,189000,2551.4
190,1000,193.6478,17,0.34,,0,2,5,1.299,1,11,0.1668,770.4,999,0,0.018327,0.647515,-12.112188,190000,2564.8
191,1000,145.4966,17,0.34,,0,2,5,1.299,0,663,0.416,784.6,867,0,0.018244,1.112885,-12.604725,191000,2578.6
192,1000,188.679,19,0.38,,0,4,5,0.433,1,101,0.2675,694.9,463,0,0.018246,0.768338,-13.407344,192000,2592.4
193,1000,130.9952,16,0.32,,0,2,5,1.2247,0,652,0.445,1031.4,605,0,0.018246,1.018562,-12.627074,193000,2606.4
194,1000,130.3762,17,0.34,,0,4,5,0.433,0,656,0.3498,869.8,575,0,0.018338,0.445377,-13.275411,194000,2619.7
195,1000,177.8662,16,0.32,,0,2,7,2.1213,1,261,0.2875,794.3,889,0,0.018471,1.206315,-13.537411,195000,2633.4
196,1000,101.4031,13,0.26,,0,2,5,1.0897,0,213,0.1412,664.4,250,0,0.018081,0.604563,-12.992989,196000,2647.5
197,1000,118.6832,16,0.32,,0,3,5,0.7071,0,944,0.5988,637.6,826,0,0.018575,0.562985,-12.851137,197000,2660.7
198,1000,151.7447,16,0.32,,0,1,5,1.7321,0,566,0.3422,961.8,600,0,0.018492,0.992567,-13.764186,198000,2673.0
199,1000,109.0484,15,0.3,,0,1,5,1.6394,0,41,0.3635,670.0,866,0,0.018475,0.608076,-13.489603,199000,2686.8
200,1000,134.5637,16,0.32,,0,1,5,1.7321,0,281,0.3718,744.5,480,0,0.01853,1.040608,-14.006628,200000,2700.2
201,1000,154.9471,18,0.36,,0,3,5,0.866,0,300,0.4088,807.1,587,0,0.018665,0.312196,-12.949509,201000,2728.9
202,1000,162.8747,18,0.36,,0,3,5,0.866,0,68,0.3053,889.7,840,0,0.018524,0.720825,-12.780537,202000,2742.2
203,1000,176.2549,19,0.38,,0,4,5,0.433,0,143,0.2727,621.9,989,0,0.018848,1.025213,-12.545473,203000,2755.8
204,1000,182.0285,20,0.4,,0,5,5,0.0,0,189,0.2843,685.3,909,0,0.018958,0.790439,-13.185276,204000,2769.5
205,1000,101.3288,13,0.26,,0,2,5,1.0897,0,568,0.3003,703.2,362,0,0.018566,0.722182,-12.744749,205000,2784.1
206,1000,166.7422,18,0.36,,0,3,5,0.866,0,32,0.4158,980.4,623,0,0.01837,1.226347,-12.235353,206000,2798.5
207,1000,186.942,20,0.4,,0,5,5,0.0,0,283,0.4105,904.1,1000,0,0.018922,0.59458,-12.020378,207000,2812.4
208,1000,203.9905,19,0.38,,0,4,5,0.433,1,234,0.2188,840.6,977,0,0.018884,0.700929,-12.35006,208000,2825.7
209,1000,143.9756,16,0.32,,0,2,5,1.2247,0,148,0.414,756.3,709,0,0.018971,0.444424,-11.381918,209000,2838.9
210,1000,141.3143,17,0.34,,0,2,5,1.299,0,0,0.1908,653.8,825,0,0.019011,0.552221,-12.091923,210000,2852.2
211,1000,118.013,16,0.32,,0,2,5,1.2247,0,974,0.4068,741.5,286,0,0.01884,0.802415,-11.816313,211000,2865.5
212,1000,136.2538,17,0.34,,0,2,5,1.299,0,1037,0.4512,781.0,438,0,0.018743,0.606727,-12.640896,212000,2879.2
213,1000,155.806,17,0.34,,0,2,5,1.299,0,614,0.4223,878.7,382,0,0.019006,1.02359,-12.661417,213000,2892.7
214,1000,176.1022,17,0.34,,0,3,6,1.299,1,194,0.2385,771.9,1000,0,0.018762,0.640752,-12.955751,214000,2906.1
215,1000,143.2925,16,0.32,,0,2,5,1.2247,0,362,0.275,1010.2,882,0,0.01903,0.534474,-11.886024,215000,2919.3
216,1000,134.3177,17,0.34,,0,3,5,0.8292,0,1346,0.3817,801.1,1000,0,0.019192,0.350406,-11.582642,216000,2933.1
217,1000,137.7748,16,0.32,,0,3,5,0.7071,0,540,0.4298,844.5,854,0,0.018915,0.659168,-11.472267,217000,2946.4
218,1000,129.3629,17,0.34,,0,2,5,1.299,0,1041,0.4452,824.3,891,0,0.018941,1.376427,-12.319624,218000,2960.1
219,1000,214.5941,20,0.4,,0,5,5,0.0,1,190,0.254,704.4,728,0,0.018996,0.492101,-12.310804,219000,2973.9
220,1000,184.9213,17,0.34,,0,2,5,1.299,1,177,0.2958,808.6,513,0,0.018675,0.583941,-12.108766,220000,2987.2
221,1000,160.4487,19,0.38,,0,4,5,0.433,0,72,0.2013,727.6,843,0,0.018541,1.034579,-12.202406,221000,3000.5
222,1000,112.7778,15,0.3,,1,0,5,2.1651,0,529,0.498,892.6,889,0,0.018681,0.518767,-11.827521,222000,3014.7
223,1000,183.1175,20,0.4,,0,5,5,0.0,0,143,0.303,818.4,542,0,0.018569,0.998425,-11.653561,223000,3028.1
224,1000,141.1076,17,0.34,,0,2,5,1.299,0,6,0.3952,965.0,605,0,0.018737,0.331272,-11.872396,224000,3042.0
225,1000,147.1217,18,0.36,,0,3,5,0.866,0,698,0.2978,752.3,487,0,0.019047,0.385367,-11.938083,225000,3055.6
226,1000,204.2798,20,0.4,,0,5,5,0.0,1,596,0.5108,1039.2,417,0,0.019236,0.851054,-12.038025,226000,3069.1
227,1000,130.6247,16,0.32,,0,2,5,1.2247,0,411,0.6797,1073.5,494,0,0.019216,0.546305,-11.855371,227000,3083.2
228,1000,140.0791,17,0.34,,0,3,5,0.8292,0,976,0.4313,1073.5,860,0,0.019235,0.959142,-11.242277,228000,3096.7
229,1000,172.867,16,0.32,,0,3,5,1.0,1,186,0.1715,631.8,689,0,0.019425,0.699728,-11.517875,229000,3110.2
230,1000,104.8773,13,0.26,,0,2,5,1.299,0,1155,0.363,906.6,968,0,0.019231,0.366422,-11.032984,230000,3123.8
231,1000,215.4368,20,0.4,,0,5,5,0.0,1,88,0.4313,718.9,545,0,0.019063,0.730216,-11.495984,231000,3137.1
232,1000,148.0874,17,0.34,,0,2,5,1.299,0,218,0.501,914.6,788,0,0.018936,0.602721,-11.499479,232000,3151.5
233,1000,226.3607,17,0.34,,0,2,5,1.299,2,30,0.251,709.4,583,0,0.018891,0.771478,-12.116632,233000,3165.2
234,1000,149.5243,17,0.34,,0,2,5,1.299,0,368,0.3463,868.4,677,0,0.01921,0.585411,-11.682236,234000,3179.2
235,1000,166.6635,19,0.38,,0,4,5,0.433,0,179,0.4487,946.3,751,0,0.019028,0.579401,-11.337906,235000,3192.7
236,1000,206.1427,19,0.38,,0,4,5,0.433,1,291,0.3867,905.5,483,0,0.019047,0.781063,-11.531151,236000,3206.2
237,1000,152.9337,18,0.36,,0,3,5,0.866,0,627,0.482,963.9,693,0,0.018993,0.594626,-11.160805,237000,3219.9
238,1000,183.7678,20,0.4,,0,5,5,0.0,0,74,0.2878,1059.0,749,0,0.019035,0.567117,-10.234418,238000,3233.6
239,1000,150.4127,17,0.34,,0,2,5,1.299,0,256,0.331,854.9,547,0,0.018534,1.320043,-11.507354,239000,3247.1
240,1000,142.5519,18,0.36,,0,3,5,0.866,0,1042,0.5347,833.2,862,0,0.018641,0.711076,-11.228701,240000,3260.5
241,1000,177.8617,16,0.32,,0,3,5,1.0,1,98,0.2023,785.5,679,0,0.018904,1.2996,-12.101799,241000,3273.9
242,1000,172.0584,19,0.38,,0,4,5,0.433,0,4,0.3955,869.0,704,0,0.018707,0.687446,-11.778246,242000,3287.7
243,1000,154.3657,15,0.3,,0,1,6,1.9203,1,89,0.1512,606.5,985,0,0.018482,1.10979,-11.070349,243000,3300.6
244,1000,116.1503,14,0.28,,0,1,5,1.6583,0,135,0.2283,634.0,852,0,0.018598,0.885114,-10.50176,244000,3313.9
245,1000,168.7717,17,0.34,,0,1,6,1.9203,1,341,0.1452,730.6,824,0,0.018738,1.393023,-10.979815,245000,3327.9
246,1000,156.3748,17,0.34,,0,2,5,1.299,0,264,0.3455,849.5,552,0,0.018581,0.687567,-11.08424,246000,3340.5
247,1000,185.0021,20,0.4,,0,5,5,0.0,0,230,0.396,928.8,485,0,0.018079,0.585165,-10.192629,247000,3352.6
248,1000,145.6479,18,0.36,,0,3,5,0.866,0,613,0.3745,1073.5,854,0,0.01804,0.614372,-9.543036,248000,3366.4
249,1000,162.3227,19,0.38,,0,4,5,0.433,0,117,0.4215,803.1,578,0,0.018081,1.180168,-11.037306,249000,3380.0
250,1000,121.418,16,0.32,,0,1,5,1.7321,0,48,0.3498,815.8,575,0,0.018151,1.170315,-10.154242,250000,3393.5
251,1000,200.7354,19,0.38,,0,3,6,1.0897,1,2,0.3825,902.9,936,0,0.018029,0.606254,-11.196342,251000,3420.6
252,1000,154.5085,18,0.36,,0,3,5,0.866,0,352,0.236,897.2,739,0,0.018232,1.325247,-9.701204,252000,3433.3
253,1000,111.3402,13,0.26,,0,1,5,1.7854,0,281,0.2935,749.5,835,0,0.018354,0.900069,-10.408834,253000,3446.6
254,1000,140.0478,16,0.32,,0,2,5,1.2247,0,316,0.2767,679.8,813,0,0.018359,0.593553,-9.751121,254000,3459.9
255,1000,150.5322,16,0.32,,0,3,5,1.0,0,272,0.3822,958.2,573,0,0.018394,0.771271,-10.786437,255000,3474.5
256,1000,132.8556,16,0.32,,0,1,5,1.7321,0,318,0.3225,872.8,457,0,0.018433,0.577656,-9.508039,256000,3488.4
257,1000,196.6396,18,0.36,,0,4,5,0.5,1,222,0.2772,867.9,732,0,0.018293,0.549699,-9.182576,257000,3501.8
258,1000,120.8773,15,0.3,,0,2,5,1.299,0,52,0.1557,647.7,753,0,0.018322,0.890083,-10.938034,258000,3515.8
259,1000,191.706,18,0.36,,0,1,8,2.5,1,157,0.292,887.0,918,0,0.01835,0.684818,-10.307817,259000,3529.5
260,1000,149.813,17,0.34,,0,3,5,0.8292,0,347,0.5753,855.0,963,0,0.018206,0.929063,-9.852424,260000,3542.7
261,1000,175.6884,16,0.32,,0,2,5,1.2247,1,205,0.3292,840.8,502,0,0.018006,1.298143,-8.656219,261000,3556.0
262,1000,107.9295,14,0.28,,0,2,5,1.5,0,572,0.2515,718.2,287,0,0.017933,0.32634,-8.865911,262000,3569.5
263,1000,263.184,21,0.42,,0,4,6,0.8292,2,195,0.3558,756.5,996,0,0.017953,0.52503,-9.09876,263000,3582.9
264,1000,113.5484,14,0.28,,0,1,5,1.6583,0,669,0.317,795.2,838,0,0.017862,0.556555,-8.974508,264000,3596.8
265,1000,210.2741,17,0.34,,0,2,6,1.479,2,28,0.0988,815.3,964,0,0.017786,0.612247,-10.583362,265000,3610.7
266,1000,151.3621,17,0.34,,0,2,5,1.299,0,326,0.4275,910.0,895,0,0.017859,0.927326,-9.589828,266000,3624.2
267,1000,208.4661,19,0.38,,0,1,8,2.4875,1,0,0.05,573.6,998,0,0.017834,0.611233,-9.505173,267000,3638.6
268,1000,187.3894,20,0.4,,0,5,5,0.0,0,202,0.298,995.7,742,0,0.017896,0.553786,-9.676079,268000,3652.2
269,1000,196.9841,19,0.38,,0,3,6,1.0897,1,18,0.1415,664.0,679,0,0.017883,0.387285,-8.777433,269000,3665.9
270,1000,130.0422,16,0.32,,0,1,5,1.7321,0,21,0.2865,864.0,915,0,0.01769,0.520635,-9.202867,270000,3680.0
271,1000,143.6926,16,0.32,,0,3,5,0.7071,0,247,0.4045,861.8,701,0,0.017898,0.397335,-9.594772,271000,3694.0
272,1000,186.6362,17,0.34,,0,2,7,1.9203,1,135,0.174,717.7,866,0,0.017652,0.919274,-10.384555,272000,3707.3
273,1000,116.5727,14,0.28,,0,2,5,1.118,0,593,0.3508,837.5,995,0,0.017451,0.499417,-9.410227,273000,3720.6
274,1000,235.8739,18,0.36,,0,2,6,1.5,2,168,0.1605,771.4,924,0,0.017521,0.452527,-10.302374,274000,3734.5
275,1000,147.8891,17,0.34,,0,3,5,0.8292,0,166,0.339,918.4,977,0,0.017605,0.450347,-10.281971,275000,3747.9
276,1000,208.8355,20,0.4,,0,3,10,2.9155,1,93,0.171,938.7,964,0,0.017377,1.125413,-8.703487,276000,3761.8
277,1000,155.8619,18,0.36,,0,3,5,0.866,0,141,0.557,1010.0,730,0,0.017312,0.953157,-9.180529,277000,3775.2
278,1000,269.7549,18,0.36,,0,3,5,0.866,3,260,0.2477,877.4,456,0,0.017123,0.266882,-9.054898,278000,3789.1
279,1000,244.4742,20,0.4,,0,5,5,0.0,2,496,0.507,775.5,949,0,0.017125,0.399829,-8.985577,279000,3803.5
280,1000,84.6448,12,0.24,,0,1,5,1.5811,0,959,0.4525,1073.5,455,0,0.016967,0.521451,-9.106332,280000,3817.9
281,1000,180.5673,18,0.36,,0,4,5,0.5,1,492,0.246,947.9,655,0,0.016823,0.379526,-9.309998,281000,3832.0
282,1000,155.307,18,0.36,,0,3,5,0.866,0,1166,0.4037,888.7,943,0,0.016971,0.801075,-8.415527,282000,3845.5
283,1000,204.9537,19,0.38,,0,4,5,0.433,1,324,0.553,912.3,900,0,0.016812,0.409345,-9.960655,283000,3858.7
284,1000,198.8753,18,0.36,,0,3,6,1.118,1,76,0.2735,919.0,783,0,0.016883,0.539092,-10.288811,284000,3873.1
285,1000,126.2002,15,0.3,,0,2,5,1.299,0,92,0.2587,712.8,964,0,0.017083,0.457422,-9.255429,285000,3886.4
286,1000,137.994,16,0.32,,0,2,5,1.2247,0,522,0.2565,943.1,758,0,0.017091,0.615691,-9.405308,286000,3899.8
287,1000,138.7218,13,0.26,,0,2,5,1.0897,1,544,0.3088,655.6,753,0,0.017195,0.376768,-11.045951,287000,3913.2
288,1000,106.3555,15,0.3,,0,2,5,1.299,0,0,0.2442,665.0,411,0,0.017309,1.083331,-10.572447,288000,3926.7
289,1000,279.824,24,0.48,,0,4,10,2.3452,2,89,0.1807,807.1,931,0,0.017179,0.774369,-8.61358,289000,3939.7
290,1000,219.1642,17,0.34,,0,1,6,1.9203,2,142,0.2253,887.8,672,0,0.017199,0.576918,-8.665844,290000,3952.7
291,1000,103.0773,12,0.24,,0,1,5,1.5811,0,488,0.1925,680.7,211,0,0.017302,0.865694,-9.506982,291000,3966.3
292,1000,105.382,14,0.28,,0,2,5,1.118,0,630,0.469,874.2,912,0,0.017064,0.453821,-8.721228,292000,3980.2
293,1000,167.1834,15,0.3,,0,1,5,1.6394,1,156,0.2042,818.6,613,0,0.016782,0.557337,-8.199332,293000,3993.8
294,1000,142.526,17,0.34,,0,4,5,0.433,0,219,0.182,777.5,841,0,0.016512,0.33735,-10.026337,294000,4007.9
295,1000,101.268,14,0.28,,0,2,5,1.118,0,1251,0.6318,988.2,783,0,0.016644,0.437235,-8.982512,295000,4020.6
296,1000,114.9945,16,0.32,,0,1,5,1.7321,0,1024,0.3718,1024.4,948,0,0.016685,0.933557,-9.192049,296000,4032.3
297,1000,157.9875,18,0.36,,0,3,5,0.866,0,371,0.3312,900.2,589,0,0.016757,0.527183,-10.390697,297000,4045.8
298,1000,193.6199,17,0.34,,0,2,5,1.299,1,3,0.2612,875.6,565,0,0.016862,0.537223,-9.88255,298000,4059.3
299,1000,133.9363,16,0.32,,0,1,5,1.7321,0,327,0.2945,772.5,568,0,0.016833,0.899657,-9.4098,299000,4072.6
300,1000,165.1572,19,0.38,,0,4,5,0.433,0,307,0.2333,788.6,708,0,0.01682,0.497657,-8.801662,300000,4086.2
301,1000,180.8648,17,0.34,,0,2,5,1.299,1,159,0.2352,877.1,605,0,0.016766,0.436797,-8.442766,301000,4114.3
302,1000,60.1525,10,0.2,,0,1,5,1.6583,0,1972,0.3635,904.7,1000,0,0.01656,0.291871,-8.791149,302000,4127.8
303,1000,197.7075,18,0.36,,0,1,8,2.5,1,207,0.2157,732.3,916,0,0.01638,1.026998,-9.588092,303000,4141.1
304,1000,90.1205,11,0.22,,1,0,5,1.7854,0,945,0.3942,751.7,888,0,0.01648,0.656307,-8.844569,304000,4155.2
305,1000,144.5382,17,0.34,,0,2,5,1.299,0,3,0.1953,868.7,286,0,0.016469,0.905745,-9.095465,305000,4168.8
306,1000,175.2992,16,0.32,,0,2,5,1.2247,1,45,0.1165,648.7,510,0,0.016479,0.7381,-9.433773,306000,4182.2
307,1000,93.799,13,0.26,,0,1,5,1.479,0,548,0.3553,1073.5,979,0,0.016595,0.4169,-7.909115,307000,4196.2
308,1000,203.7558,18,0.36,,0,2,6,1.5,1,97,0.1852,760.6,883,0,0.016743,0.570354,-9.236559,308000,4210.3
309,1000,87.889,12,0.24,,0,1,5,2.0,0,1298,0.4557,866.2,489,0,0.016448,0.728754,-9.058624,309000,4224.4
310,1000,172.3822,19,0.38,,0,4,5,0.433,0,91,0.2235,916.4,519,0,0.016533,0.573045,-9.269847,310000,4237.9
311,1000,162.6629,18,0.36,,0,3,5,0.866,0,339,0.3182,1016.9,882,0,0.016374,0.531371,-10.06181,311000,4251.7
312,1000,105.4645,14,0.28,,0,2,5,1.118,0,622,0.1708,856.3,720,0,0.016769,0.902378,-8.751008,312000,4266.3
313,1000,159.9072,15,0.3,,0,1,5,1.6394,1,27,0.1703,768.1,826,0,0.01663,0.636063,-9.011728,313000,4279.3
314,1000,178.7223,16,0.32,,0,1,5,1.7321,1,121,0.2975,849.7,604,0,0.016741,0.428954,-8.842087,314000,4293.2
315,1000,130.1085,15,0.3,,0,1,5,1.6394,0,0,0.5242,1039.7,852,0,0.016679,0.26442,-8.45549,315000,4307.6
316,1000,77.3682,10,0.2,,0,1,5,1.5,0,543,0.5623,1073.5,232,0,0.016599,0.497065,-9.631012,316000,4320.9
317,1000,82.654,11,0.22,,1,0,5,2.2776,0,1232,0.3932,1003.6,946,0,0.016429,1.213554,-8.599874,317000,4334.4
318,1000,177.4773,16,0.32,,0,1,5,1.7321,1,112,0.315,772.9,504,0,0.016088,0.41338,-9.023228,318000,4347.5
319,1000,182.7447,17,0.34,,0,2,5,1.299,1,72,0.3415,852.5,607,0,0.016139,0.428721,-9.330442,319000,4361.8
320,1000,130.382,15,0.3,,0,2,5,1.299,0,65,0.2677,796.3,650,0,0.016219,0.354661,-7.78471,320000,4375.2
321,1000,135.8403,15,0.3,,0,2,5,1.299,0,70,0.3772,898.0,498,0,0.016376,0.656277,-9.089926,321000,4389.1
322,1000,87.8045,12,0.24,,0,1,5,1.5811,0,2,0.3382,631.4,783,0,0.01615,0.249748,-9.538811,322000,4404.0
323,1000,108.5486,13,0.26,,0,1,5,1.7854,0,677,0.5298,1033.3,324,0,0.01601,0.355674,-9.727034,323000,4417.8
324,1000,112.7717,14,0.28,,0,2,5,1.5,0,1366,0.4785,1044.8,250,0,0.015968,0.283307,-8.810419,324000,4431.7
325,1000,120.7579,16,0.32,,0,2,5,1.2247,0,158,0.184,900.1,548,0,0.016035,0.530014,-8.803302,325000,4444.9
326,1000,144.498,17,0.34,,0,3,5,0.8292,0,396,0.3725,902.2,654,0,0.01616,0.495986,-9.517927,326000,4459.1
327,1000,177.395,16,0.32,,0,1,5,1.7321,1,163,0.228,754.3,315,0,0.015979,0.51994,-10.485727,327000,4472.8
328,1000,77.2177,11,0.22,,1,0,5,1.9203,0,1092,0.458,997.8,968,0,0.015842,1.000927,-9.045555,328000,4486.8
329,1000,108.4022,14,0.28,,0,1,5,1.6583,0,284,0.2442,706.2,634,0,0.015845,0.619111,-9.921696,329000,4500.0
330,1000,128.0886,14,0.28,,0,1,5,1.6583,0,0,0.2535,670.6,932,0,0.015895,0.467333,-9.493975,330000,4513.0
331,1000,158.9954,17,0.34,,0,3,5,0.8292,0,147,0.229,731.1,694,0,0.015844,0.610496,-9.021488,331000,4527.1
332,1000,151.0881,18,0.36,,0,3,5,0.866,0,550,0.5537,901.7,713,0,0.016446,1.458973,-9.357528,332000,4540.6
333,1000,143.2121,16,0.32,,0,1,5,1.7321,0,58,0.3962,962.0,466,0,0.016296,0.361165,-8.585808,333000,4553.9
334,1000,222.7338,21,0.42,,0,3,8,1.7854,1,475,0.2457,776.9,928,0,0.016154,0.725475,-9.105785,334000,4567.6
335,1000,117.1772,14,0.28,,0,3,5,0.866,0,573,0.391,888.5,547,0,0.015766,0.424816,-8.895051,335000,4582.5
336,1000,214.4229,17,0.34,,0,1,6,1.9203,2,231,0.1545,877.7,571,0,0.01591,0.302389,-10.00788,336000,4596.4
337,1000,100.521,15,0.3,,0,1,5,1.6394,0,433,0.6482,835.6,175,0,0.015986,0.799834,-9.575693,337000,4610.0
338,1000,79.7396,14,0.28,,0,2,5,1.118,0,0,0.0995,594.0,833,0,0.01611,0.577413,-9.45619,338000,4623.2
339,1000,99.3948,14,0.28,,0,2,5,1.5,0,311,0.1685,781.1,187,0,0.015939,0.865752,-9.64479,339000,4636.5
340,1000,141.217,16,0.32,,0,1,5,1.7321,0,469,0.5172,906.3,517,0,0.015838,0.785711,-8.68964,340000,4649.8
341,1000,103.3281,13,0.26,,0,1,5,1.7854,0,48,0.293,884.7,747,0,0.015897,0.363954,-8.459178,341000,4663.3
342,1000,135.1508,16,0.32,,0,2,5,1.2247,0,323,0.3405,857.3,374,0,0.015969,0.526385,-8.653556,342000,4676.8
343,1000,136.812,16,0.32,,0,2,5,1.2247,0,271,0.4475,1011.1,982,0,0.016145,0.677846,-8.365065,343000,4690.4
344,1000,182.1027,19,0.38,,0,4,5,0.433,0,99,0.4622,842.1,899,0,0.016212,0.678368,-9.402922,344000,4703.3
345,1000,195.8803,18,0.36,,0,1,7,2.1794,1,551,0.4407,878.0,785,0,0.015895,0.257869,-9.192388,345000,4716.8
346,1000,108.3118,13,0.26,,0,2,5,1.0897,0,247,0.3325,611.4,929,0,0.015967,1.00989,-9.010777,346000,4730.3
347,1000,177.3095,16,0.32,,0,1,5,1.7321,1,276,0.2097,679.6,984,0,0.015693,0.866923,-9.662542,347000,4744.0
348,1000,141.3189,13,0.26,,1,0,5,2.0463,1,23,0.1232,529.4,636,0,0.015765,0.811046,-9.609264,348000,4757.7
349,1000,189.4,15,0.3,,1,0,5,2.1651,2,9,0.0405,605.1,505,0,0.015655,0.662441,-8.499767,349000,4771.4
350,1000,155.4171,18,0.36,,0,4,5,0.5,0,69,0.5068,937.4,456,0,0.01555,0.314947,-9.058652,350000,4785.1
351,1000,168.9033,15,0.3,,0,1,5,1.6394,1,10,0.1618,648.0,858,0,0.015393,0.815308,-9.226028,351000,4813.1
352,1000,119.5582,15,0.3,,0,3,5,0.8292,0,193,0.3695,698.0,763,0,0.015369,0.467231,-8.867021,352000,4826.6
353,1000,79.6359,12,0.24,,0,2,4,0.7071,0,664,0.2405,766.7,982,0,0.015257,0.354865,-9.330699,353000,4840.6
354,1000,88.5688,12,0.24,,0,1,5,1.5811,0,62,0.1225,720.8,295,0,0.015117,0.44529,-8.949374,354000,4855.0
355,1000,93.9143,12,0.24,,0,1,5,2.0,0,168,0.1522,730.7,428,0,0.015132,0.61483,-9.840635,355000,4868.3
356,1000,132.3215,15,0.3,,0,1,5,1.6394,0,0,0.276,759.6,586,0,0.015202,0.40067,-9.592669,356000,4881.8
357,1000,75.0928,12,0.24,,0,2,5,1.2247,0,550,0.429,1069.3,572,0,0.015287,0.356501,-8.960942,357000,4895.6
358,1000,154.6749,17,0.34,,0,2,5,1.299,0,150,0.2475,717.1,398,0,0.015433,0.313206,-8.784299,358000,4909.4
359,1000,120.0955,14,0.28,,0,1,5,1.5,0,0,0.1095,720.3,559,0,0.015583,0.375338,-8.521801,359000,4923.3
360,1000,127.4464,15,0.3,,0,2,5,1.299,0,337,0.2592,923.1,739,0,0.015598,0.658918,-9.387758,360000,4936.8
361,1000,122.2458,15,0.3,,0,1,5,1.6394,0,142,0.2968,766.6,629,0,0.01571,0.41555,-9.621845,361000,4950.2
362,1000,106.5001,13,0.26,,1,0,5,2.0463,0,494,0.5138,731.4,341,0,0.015226,0.5963,-9.173251,362000,4963.5
363,1000,191.2067,18,0.36,,0,3,5,0.866,1,433,0.4313,905.9,720,0,0.01515,0.29634,-8.139103,363000,4977.0
364,1000,135.6238,15,0.3,,0,2,5,1.299,0,1,0.309,782.0,998,0,0.01532,0.298632,-7.979726,364000,4990.2
365,1000,165.8207,16,0.32,,0,1,8,2.5495,1,336,0.282,645.6,973,0,0.015339,0.381598,-8.621817,365000,5003.9
366,1000,187.2617,17,0.34,,0,2,7,1.9203,1,198,0.2185,750.8,1000,0,0.015126,1.51715,-8.395329,366000,5017.2
367,1000,193.5077,18,0.36,,0,2,7,1.8028,1,168,0.2885,875.5,939,0,0.01494,0.510304,-8.749797,367000,5030.1
368,1000,138.344,16,0.32,,0,1,5,1.7321,0,196,0.2343,850.0,709,0,0.014738,0.760404,-8.475245,368000,5043.7
369,1000,103.5247,15,0.3,,0,2,5,1.0897,0,172,0.2838,766.7,382,0,0.01484,0.261922,-7.894009,369000,5057.4
370,1000,155.3108,17,0.34,,0,2,5,1.299,0,210,0.4565,865.8,446,0,0.014714,0.483347,-9.067776,370000,5070.9
371,1000,119.9292,14,0.28,,0,2,5,1.118,0,231,0.2923,840.0,800,0,0.014644,0.360986,-8.676176,371000,5084.4
372,1000,129.618,16,0.32,,0,1,5,1.7321,0,326,0.3257,879.7,665,0,0.014656,0.375289,-7.788695,372000,5097.3
373,1000,128.4606,15,0.3,,0,1,5,1.6394,0,47,0.2035,774.2,970,0,0.014462,0.443611,-7.708599,373000,5110.4
374,1000,98.1844,12,0.24,,0,2,5,1.2247,0,9,0.1547,727.6,502,0,0.01455,0.26314,-8.223937,374000,5123.9
375,1000,102.2648,12,0.24,,1,0,5,2.1213,0,25,0.1263,541.0,845,0,0.014442,0.387203,-7.648027,375000,5137.4
376,1000,121.8598,17,0.34,,0,2,5,1.299,0,370,0.3125,793.8,601,0,0.014741,0.979551,-8.726176,376000,5151.0
377,1000,89.409,10,0.2,,1,0,5,1.8028,0,0,0.263,669.3,304,0,0.014914,0.505813,-8.290734,377000,5165.0
378,1000,140.7546,13,0.26,,0,1,5,1.7854,1,39,0.1128,697.0,427,0,0.014492,0.348671,-8.490996,378000,5178.3
379,1000,127.8532,12,0.24,,1,0,5,1.8708,1,0,0.1165,695.7,508,0,0.014569,0.439394,-7.921852,379000,5192.1
380,1000,116.762,14,0.28,,0,1,5,1.6583,0,272,0.2072,827.8,858,0,0.014756,0.613386,-8.078971,380000,5205.7
381,1000,94.2616,13,0.26,,0,1,5,1.479,0,202,0.2968,633.7,937,0,0.014487,0.484197,-7.918189,381000,5218.9
382,1000,81.9592,12,0.24,,0,1,5,1.4142,0,100,0.1573,742.8,817,0,0.014388,0.36944,-8.312491,382000,5233.3
383,1000,137.7492,16,0.32,,0,1,5,1.7321,0,367,0.2137,935.6,958,0,0.014242,0.368967,-8.404769,383000,5246.7
384,1000,200.2766,16,0.32,,1,0,8,2.9155,2,0,0.1827,663.4,807,0,0.014273,0.43725,-8.435041,384000,5260.7
385,1000,88.7998,14,0.28,,1,0,5,2.0616,0,272,0.28,663.9,951,0,0.014499,0.553222,-8.769609,385000,5274.3
386,1000,169.0231,16,0.32,,0,1,7,2.2361,1,153,0.1708,779.2,857,0,0.014388,0.674955,-7.967251,386000,5287.7
387,1000,153.3329,14,0.28,,0,2,5,1.5,1,645,0.3327,757.7,580,0,0.014085,0.351589,-8.105427,387000,5301.3
388,1000,92.1657,13,0.26,,1,0,5,1.9203,0,1290,0.2467,796.0,983,0,0.013698,0.84105,-8.394003,388000,5314.9
389,1000,122.5414,14,0.28,,0,1,5,1.5,0,341,0.2213,691.0,235,0,0.013729,0.667088,-9.52854,389000,5328.3
390,1000,121.8312,15,0.3,,0,1,5,1.6394,0,0,0.1517,660.5,518,0,0.013638,0.403013,-8.538493,390000,5341.8
391,1000,110.1063,14,0.28,,0,1,5,1.5,0,131,0.183,762.0,787,0,0.013873,0.649179,-7.69019,391000,5355.3
392,1000,132.8672,15,0.3,,0,1,5,1.6394,0,305,0.1693,711.1,923,0,0.013687,0.350537,-7.178133,392000,5369.3
393,1000,222.2669,17,0.34,,0,1,7,2.1651,2,278,0.278,825.3,631,0,0.01394,0.538913,-8.249975,393000,5382.8
394,1000,148.9014,16,0.32,,0,2,5,1.2247,0,233,0.3493,746.7,802,0,0.013899,0.438639,-8.018126,394000,5395.0
395,1000,118.5425,15,0.3,,0,3,4,0.433,0,0,0.0467,549.5,936,0,0.013931,0.238756,-7.43937,395000,5408.7
396,1000,170.2806,16,0.32,,0,1,6,1.8708,1,1013,0.3142,688.5,886,0,0.013849,0.579514,-8.287263,396000,5422.7
397,1000,115.2832,14,0.28,,0,1,5,1.5,0,357,0.3498,843.3,557,0,0.013875,0.358661,-7.775489,397000,5436.0
398,1000,174.0897,18,0.36,,0,2,7,1.8028,1,229,0.1762,732.5,878,0,0.014366,0.210195,-8.0149,398000,5449.6
399,1000,99.6484,13,0.26,,0,1,5,1.479,0,87,0.0805,713.1,299,0,0.014139,0.345061,-7.483039,399000,5463.4
400,1000,84.5923,11,0.22,,0,1,5,1.7854,0,423,0.235,680.3,686,0,0.014186,0.285119,-7.746439,400000,5476.9
401,1000,132.4859,16,0.32,,0,1,5,1.7321,0,249,0.1737,750.7,967,0,0.014425,0.707992,-7.825766,401000,5505.1
402,1000,114.5246,14,0.28,,0,2,5,1.118,0,55,0.254,630.0,874,0,0.014056,0.306601,-7.67797,402000,5517.6
403,1000,176.6387,16,0.32,,0,3,6,1.2247,1,0,0.1197,625.3,954,0,0.014294,0.450323,-7.651063,403000,5530.8
404,1000,99.6899,12,0.24,,0,2,4,1.0,0,80,0.1477,664.8,505,0,0.014128,0.334404,-8.359756,404000,5545.6
405,1000,204.2544,18,0.36,,0,2,7,1.8028,1,34,0.1653,647.2,942,0,0.013824,0.521786,-8.473804,405000,5560.4
406,1000,121.3134,15,0.3,,0,1,5,1.6394,0,101,0.2938,803.7,722,0,0.013841,0.223721,-7.678395,406000,5573.6
407,1000,210.9309,18,0.36,,0,2,6,1.5,2,0,0.3902,876.9,704,0,0.01399,0.547433,-7.679508,407000,5587.3
408,1000,232.1357,18,0.36,,0,1,7,2.1794,2,345,0.2963,756.1,999,0,0.013915,0.850538,-8.88148,408000,5601.1
409,1000,253.1833,20,0.4,,0,2,7,1.8708,2,148,0.226,801.3,902,0,0.01346,0.304847,-7.421456,409000,5615.0
410,1000,177.3,16,0.32,,0,1,5,1.7321,1,200,0.2445,617.3,799,0,0.012962,0.722518,-7.438373,410000,5628.3
411,1000,215.539,20,0.4,,0,2,8,2.1213,1,195,0.2497,886.8,980,0,0.013385,0.460716,-6.981455,411000,5642.3
412,1000,174.6357,16,0.32,,0,3,6,1.2247,1,133,0.2855,918.8,982,0,0.013274,0.418684,-7.805975,412000,5655.9
413,1000,131.5674,15,0.3,,0,1,5,1.6394,0,316,0.4333,904.5,875,0,0.014217,0.534798,-7.776459,413000,5669.6
414,1000,156.2558,17,0.34,,0,3,5,0.8292,0,212,0.1573,648.7,873,0,0.014439,0.776808,-7.860335,414000,5683.2
415,1000,137.2642,15,0.3,,0,1,5,1.6394,0,290,0.2933,801.7,380,0,0.013977,0.64123,-7.612628,415000,5696.4
416,1000,194.092,15,0.3,,0,2,5,1.299,2,138,0.2127,624.3,903,0,0.013817,0.769684,-7.071826,416000,5710.4
417,1000,158.3719,15,0.3,,0,1,6,1.7854,1,462,0.2497,801.7,947,0,0.013864,0.450539,-7.662259,417000,5724.0
418,1000,112.3619,14,0.28,,1,0,5,2.0616,0,592,0.2502,636.5,890,0,0.013958,0.720487,-6.966977,418000,5737.7
419,1000,83.6751,11,0.22,,0,1,5,1.479,0,146,0.326,817.9,754,0,0.013735,0.484118,-6.919622,419000,5751.2
420,1000,88.1268,12,0.24,,1,0,5,2.1213,0,304,0.3608,795.2,352,0,0.013957,0.581666,-7.966254,420000,5765.0
421,1000,180.3504,17,0.34,,0,2,5,1.299,1,246,0.2377,760.9,969,0,0.014229,0.969445,-6.40233,421000,5778.7
422,1000,164.6014,18,0.36,,0,3,5,0.866,0,0,0.311,735.7,701,0,0.014583,0.508608,-7.800889,422000,5792.6
423,1000,88.8774,12,0.24,,0,1,5,1.4142,0,939,0.2482,938.2,726,0,0.014268,0.469773,-8.28758,423000,5806.5
424,1000,144.2821,15,0.3,,0,1,5,1.6394,1,337,0.119,554.1,471,0,0.014358,0.800908,-8.001843,424000,5819.7
425,1000,118.1029,14,0.28,,0,1,5,1.6583,0,338,0.3387,990.3,743,0,0.014076,0.510439,-7.281772,425000,5833.5
426,1000,128.0213,16,0.32,,0,2,5,1.2247,0,999,0.3857,744.4,659,0,0.014124,0.291901,-7.405439,426000,5847.5
427,1000,191.6797,18,0.36,,0,1,7,2.1794,1,301,0.3257,688.0,775,0,0.013914,0.365603,-8.020782,427000,5861.0
428,1000,120.9661,14,0.28,,0,3,5,0.866,0,779,0.439,754.6,871,0,0.013595,0.461326,-8.020385,428000,5874.2
429,1000,155.6977,17,0.34,,0,2,5,1.299,0,202,0.404,793.9,887,0,0.013543,0.491376,-6.817371,429000,5887.2
430,1000,155.8612,15,0.3,,1,0,5,2.1651,1,37,0.2575,624.8,949,0,0.013581,0.294286,-7.380354,430000,5901.3
431,1000,80.1333,11,0.22,,1,0,5,2.2776,0,777,0.1128,606.0,417,0,0.013541,0.924108,-8.026882,431000,5914.9
432,1000,122.3027,14,0.28,,1,0,5,2.0616,0,126,0.2298,775.0,772,0,0.013313,0.276704,-7.095517,432000,5928.5
433,1000,140.4869,13,0.26,,1,0,5,2.0463,1,489,0.2888,697.4,242,0,0.013099,0.434226,-7.439366,433000,5942.1
434,1000,129.5111,15,0.3,,0,2,5,1.299,0,365,0.3162,741.2,750,0,0.013122,0.745315,-7.615541,434000,5955.7
435,1000,115.7512,14,0.28,,1,0,5,2.0616,0,1019,0.3895,763.1,725,0,0.013358,0.417448,-7.577594,435000,5970.0
436,1000,124.6076,14,0.28,,0,1,5,1.6583,0,6,0.1395,807.7,796,0,0.013161,0.390611,-7.261714,436000,5983.5
437,1000,148.9404,14,0.28,,0,1,5,1.6583,1,29,0.1797,732.6,340,0,0.013454,0.643282,-6.942311,437000,5997.2
438,1000,180.0994,17,0.34,,0,2,7,1.9203,1,92,0.2497,703.6,886,0,0.0132,0.302077,-6.619139,438000,6011.3
439,1000,173.5707,19,0.38,,0,4,5,0.433,0,566,0.4377,784.8,995,0,0.013431,0.618338,-7.121346,439000,6025.3
440,1000,178.8791,17,0.34,,0,2,6,1.479,1,93,0.1675,843.7,961,0,0.01307,0.373759,-7.31292,440000,6039.8
441,1000,254.5925,21,0.42,,0,1,10,3.1918,2,277,0.2318,682.2,835,0,0.013011,0.699782,-7.298286,441000,6053.5
442,1000,178.6649,16,0.32,,0,2,5,1.2247,1,213,0.2933,730.1,416,0,0.013183,0.524962,-7.184417,442000,6067.4
443,1000,110.658,14,0.28,,0,1,5,1.6583,0,264,0.216,768.0,505,0,0.013284,0.310296,-7.333676,443000,6080.5
444,1000,142.4375,17,0.34,,0,3,5,0.8292,0,168,0.403,815.0,740,0,0.013246,0.232575,-7.36142,444000,6094.9
445,1000,110.0384,14,0.28,,0,2,5,1.5,0,0,0.2253,793.5,488,0,0.013373,0.51421,-6.770519,445000,6109.5
446,1000,117.7585,14,0.28,,0,2,5,1.5,0,100,0.3165,890.8,339,0,0.013216,0.695673,-6.755555,446000,6123.3
447,1000,183.7775,16,0.32,,1,0,6,2.3452,1,145,0.2893,763.8,700,0,0.01335,0.612971,-6.985211,447000,6136.7
448,1000,174.875,16,0.32,,0,1,6,1.8708,1,236,0.349,796.4,971,0,0.01342,0.268293,-6.997174,448000,6150.6
449,1000,137.2775,16,0.32,,0,1,5,1.7321,0,160,0.2117,733.4,726,0,0.013276,0.402206,-6.840116,449000,6164.0
450,1000,136.1119,16,0.32,,0,1,5,1.7321,0,488,0.284,736.2,845,0,0.013339,0.580566,-6.573845,450000,6178.0
451,1000,151.5571,17,0.34,,0,2,5,1.299,0,529,0.3063,787.4,830,0,0.013492,0.49434,-7.938406,451000,6206.3
452,1000,113.9411,13,0.26,,0,1,5,1.7854,0,391,0.4323,814.4,513,0,0.013576,0.409787,-7.193071,452000,6219.7
453,1000,106.1083,13,0.26,,0,1,5,1.7854,0,824,0.4555,848.1,607,0,0.013923,0.253844,-7.323421,453000,6234.0
454,1000,244.4556,19,0.38,,0,2,7,1.7854,2,42,0.262,928.8,750,0,0.013961,0.559738,-7.334294,454000,6247.4
455,1000,90.1805,12,0.24,,0,2,5,1.2247,0,1056,0.3967,1015.4,995,0,0.013974,0.529621,-7.257477,455000,6261.2
456,1000,119.3897,14,0.28,,0,1,5,1.5,0,502,0.426,815.9,992,0,0.014264,0.7104,-6.476555,456000,6274.7
457,1000,232.2085,19,0.38,,0,3,7,1.7854,2,25,0.2735,744.2,983,0,0.014018,0.945399,-7.035858,457000,6288.7
458,1000,123.3601,14,0.28,,0,2,5,1.118,0,108,0.32,850.6,761,0,0.014207,0.659557,-7.806466,458000,6302.4
459,1000,131.8943,15,0.3,,0,2,5,1.299,0,506,0.524,1073.5,629,0,0.014332,0.475396,-6.923018,459000,6316.0
460,1000,116.8735,14,0.28,,0,1,5,1.6583,0,248,0.1633,660.9,608,0,0.014127,0.515834,-6.755435,460000,6329.6
461,1000,139.6051,13,0.26,,0,1,5,1.7854,1,755,0.3145,702.0,981,0,0.014171,0.26063,-7.861969,461000,6343.3
462,1000,192.4503,18,0.36,,0,2,6,1.5,1,211,0.2873,731.3,931,0,0.01404,0.550758,-7.00974,462000,6356.8
463,1000,142.0844,14,0.28,,0,2,5,1.118,1,688,0.2835,694.9,891,0,0.014312,0.47161,-7.711604,463000,6371.0
464,1000,194.5833,18,0.36,,0,4,5,0.5,1,317,0.2702,636.3,983,0,0.014418,1.226573,-7.402704,464000,6384.4
465,1000,197.1773,18,0.36,,0,2,9,2.6926,1,77,0.1407,886.9,802,0,0.014482,0.973977,-8.294445,465000,6398.7
466,1000,96.3893,12,0.24,,0,1,5,1.5811,0,253,0.327,866.5,644,0,0.014361,0.427936,-6.562864,466000,6412.7
467,1000,118.5137,14,0.28,,0,1,5,1.6583,0,102,0.2823,725.1,751,0,0.014353,0.643822,-8.228211,467000,6426.7
468,1000,184.268,17,0.34,,0,2,5,1.299,1,683,0.2787,902.1,748,0,0.014382,0.371502,-7.717391,468000,6440.0
469,1000,134.9961,15,0.3,,0,3,5,0.8292,0,155,0.344,876.6,936,0,0.014304,0.397452,-6.763162,469000,6453.9
470,1000,169.1431,16,0.32,,0,1,5,1.7321,1,12,0.1603,657.2,898,0,0.014497,0.643693,-7.536805,470000,6467.8
471,1000,143.6557,17,0.34,,0,4,5,0.433,0,34,0.1883,599.7,620,0,0.014856,1.282883,-7.139914,471000,6481.9
472,1000,127.8729,16,0.32,,0,2,5,1.2247,0,494,0.2542,985.8,545,0,0.015077,0.434605,-6.686189,472000,6495.3
473,1000,26.7383,7,0.14,,0,1,3,0.8292,0,1754,0.4183,906.1,285,0,0.015241,0.641267,-7.188439,473000,6508.8
474,1000,183.7586,20,0.4,,0,5,5,0.0,0,769,0.4632,903.8,872,0,0.015467,0.36961,-6.763298,474000,6522.3
475,1000,134.1083,15,0.3,,0,1,5,1.6394,0,338,0.4435,1062.4,971,0,0.015697,0.347122,-7.887867,475000,6535.3
476,1000,110.9331,14,0.28,,1,0,5,2.0616,0,43,0.137,732.5,699,0,0.015512,0.528939,-6.569885,476000,6549.2
477,1000,163.6343,15,0.3,,1,0,6,2.2776,1,313,0.1472,765.5,587,0,0.015572,0.885539,-7.04383,477000,6562.8
478,1000,235.6439,19,0.38,,0,1,7,2.2776,2,97,0.1955,685.8,978,0,0.015902,0.614771,-7.556449,478000,6575.9
479,1000,225.97,18,0.36,,0,1,8,2.5,2,231,0.1722,696.5,767,0,0.016261,0.675504,-7.940053,479000,6589.4
480,1000,194.7884,18,0.36,,1,0,8,2.8723,1,50,0.1765,668.6,987,0,0.016541,0.523866,-7.612769,480000,6603.1
481,1000,112.6237,13,0.26,,1,0,5,2.0463,0,41,0.2122,778.7,480,0,0.016697,0.611445,-6.279287,481000,6616.9
482,1000,125.0811,15,0.3,,0,3,5,0.8292,0,10,0.1047,779.7,710,0,0.016553,0.560143,-6.457322,482000,6630.3
483,1000,107.2269,13,0.26,,0,1,5,1.479,0,217,0.1973,709.9,574,0,0.016323,0.384376,-6.538766,483000,6643.9
484,1000,104.0601,13,0.26,,0,1,5,1.7854,0,214,0.1955,863.5,584,0,0.016312,0.70986,-7.235852,484000,6657.3
485,1000,161.7242,15,0.3,,0,2,5,1.299,1,70,0.1133,749.0,673,0,0.016427,0.670314,-6.91511,485000,6670.8
486,1000,153.5942,15,0.3,,0,3,5,0.8292,1,227,0.0925,633.5,613,0,0.016332,0.329062,-6.071567,486000,6684.1
487,1000,93.8811,12,0.24,,0,1,4,1.2247,0,329,0.159,663.9,666,0,0.01662,0.496791,-6.5426,487000,6698.1
488,1000,112.9515,14,0.28,,1,0,5,2.0616,0,511,0.338,836.7,741,0,0.016471,0.336916,-7.810157,488000,6711.6
489,1000,132.4797,13,0.26,,1,0,6,2.1651,1,246,0.139,596.2,985,0,0.016402,1.13196,-7.152606,489000,6724.8
490,1000,81.4872,14,0.28,,0,2,5,1.118,0,0,0.113,761.2,422,0,0.016619,0.432002,-6.528677,490000,6738.5
491,1000,89.2864,12,0.24,,0,1,4,1.2247,0,82,0.093,627.8,953,0,0.016755,1.093134,-6.390266,491000,6750.5
492,1000,124.2455,13,0.26,,0,1,7,2.2776,1,23,0.1105,611.6,860,0,0.016607,0.484793,-6.769193,492000,6762.5
493,1000,100.4563,12,0.24,,0,1,4,1.2247,0,83,0.1187,703.1,975,0,0.016703,1.010463,-6.413103,493000,6776.1
494,1000,146.2356,14,0.28,,1,0,5,2.0616,1,71,0.163,632.6,784,0,0.016407,0.65855,-6.38424,494000,6789.7
495,1000,156.1975,15,0.3,,0,1,7,2.3848,1,2,0.1025,642.9,1000,0,0.016462,0.527135,-7.385242,495000,6803.5
496,1000,154.464,14,0.28,,1,0,5,2.0616,1,0,0.1905,637.7,842,0,0.016328,0.338878,-5.46382,496000,6817.2
497,1000,282.3874,20,0.4,,1,0,8,3.0822,3,30,0.1403,801.9,873,0,0.016442,0.578771,-6.493083,497000,6831.0
498,1000,104.1809,13,0.26,,1,0,5,2.0463,0,45,0.164,608.0,749,0,0.016198,1.814911,-6.618599,498000,6844.7
499,1000,233.1347,20,0.4,,0,1,8,2.7386,2,0,0.0902,637.4,865,0,0.016279,0.316236,-5.551249,499000,6858.2
500,1000,167.8405,17,0.34,,0,2,9,2.7726,1,242,0.2208,791.9,765,0,0.016699,0.607085,-6.888528,500000,6872.0
501,1000,97.5937,12,0.24,,0,1,5,1.5811,0,243,0.4103,1014.8,796,0,0.016797,0.645697,-6.455228,501000,6900.2
502,1000,136.4627,14,0.28,,1,0,5,2.0616,1,9,0.0208,573.1,506,0,0.017007,0.308886,-5.693659,502000,6913.5
503,1000,116.1118,14,0.28,,0,1,5,1.6583,0,78,0.3152,755.4,985,0,0.017002,0.544974,-6.248256,503000,6927.0
504,1000,134.243,13,0.26,,1,0,6,2.1651,1,0,0.0517,656.3,861,0,0.016835,0.320087,-5.807087,504000,6940.8
505,1000,168.3891,15,0.3,,1,0,6,2.2776,1,1,0.132,669.7,928,0,0.017193,0.363954,-6.04086,505000,6954.5
506,1000,89.3958,11,0.22,,0,1,5,1.7854,0,43,0.1825,573.4,479,0,0.017064,0.483319,-6.283526,506000,6968.6
507,1000,221.3649,17,0.34,,1,0,6,2.4875,2,38,0.1568,812.7,701,0,0.016816,0.448567,-6.383957,507000,6982.3
508,1000,164.7233,15,0.3,,0,1,5,1.6394,1,98,0.1745,696.5,567,0,0.016988,0.375518,-4.793209,508000,6995.8
509,1000,181.4094,14,0.28,,1,0,6,2.2913,2,0,0.0813,635.6,975,0,0.016831,0.790155,-5.912376,509000,7009.5
510,1000,122.2304,12,0.24,,1,0,6,2.1213,1,21,0.0573,772.9,944,0,0.017111,0.816468,-7.108248,510000,7023.2
511,1000,149.0911,14,0.28,,0,2,5,1.118,1,291,0.247,867.8,507,0,0.017167,0.420775,-5.631219,511000,7036.5
512,1000,128.9773,15,0.3,,0,2,5,1.0897,0,316,0.1948,817.7,880,0,0.016982,0.276078,-6.007752,512000,7050.2
513,1000,60.9092,10,0.2,,1,0,4,1.5,0,0,0.1537,536.0,896,0,0.016786,1.015235,-6.448735,513000,7064.1
514,1000,95.752,13,0.26,,0,1,5,1.479,0,93,0.244,598.1,430,0,0.016764,0.466899,-6.211492,514000,7077.8
515,1000,97.2878,13,0.26,,0,1,5,1.479,0,162,0.0815,614.9,803,0,0.016709,0.329123,-5.167045,515000,7091.3
516,1000,106.2811,12,0.24,,1,0,5,2.1213,0,234,0.2482,692.8,391,0,0.016843,0.822257,-5.732401,516000,7105.3
517,1000,109.3697,13,0.26,,1,0,5,2.0463,0,288,0.1595,784.7,215,0,0.016725,0.722787,-5.316345,517000,7118.7
518,1000,123.4209,12,0.24,,1,0,5,1.8708,1,71,0.1842,698.2,476,0,0.016908,0.580287,-6.24277,518000,7132.2
519,1000,117.3684,14,0.28,,0,1,5,1.6583,0,753,0.203,737.0,881,0,0.016815,0.472399,-5.419819,519000,7145.7
520,1000,222.4826,17,0.34,,0,1,6,1.9203,2,342,0.166,778.2,993,0,0.016808,0.552681,-5.174762,520000,7159.4
521,1000,147.428,14,0.28,,0,1,5,1.6583,1,52,0.0973,647.9,299,0,0.016347,0.29752,-6.098688,521000,7173.2
522,1000,90.0705,13,0.26,,1,0,5,2.0463,0,139,0.0865,814.6,870,0,0.016325,0.768063,-6.270316,522000,7187.1
523,1000,105.1815,13,0.26,,0,1,5,1.479,0,0,0.1085,604.9,914,0,0.016293,0.408693,-5.797433,523000,7201.2
524,1000,161.3333,16,0.32,,0,1,5,1.7321,1,140,0.1545,605.2,919,0,0.016245,0.563748,-5.392165,524000,7214.9
525,1000,90.4524,12,0.24,,0,1,5,1.5811,0,51,0.1143,756.6,381,0,0.016311,0.535029,-4.894392,525000,7228.1
526,1000,151.0659,14,0.28,,0,1,5,1.6583,1,0,0.0955,631.5,820,0,0.016173,0.930946,-5.215962,526000,7241.7
527,1000,144.3684,14,0.28,,1,0,5,2.0616,1,25,0.0338,735.3,941,0,0.01614,0.548611,-5.342849,527000,7255.5
528,1000,75.9944,10,0.2,,1,0,4,1.6583,0,669,0.4175,706.4,746,0,0.016013,0.667574,-4.865726,528000,7269.9
529,1000,108.1285,13,0.26,,0,1,5,1.479,0,384,0.3735,584.9,462,0,0.015945,0.409425,-5.002114,529000,7283.6
530,1000,160.6741,15,0.3,,0,2,5,1.0897,1,65,0.2235,858.1,775,0,0.015988,0.315714,-5.638221,530000,7297.6
531,1000,146.8112,13,0.26,,1,0,5,2.0463,1,692,0.2025,734.9,451,0,0.015873,1.123885,-5.110725,531000,7311.9
532,1000,53.0031,8,0.16,,1,0,4,1.5811,0,726,0.3382,681.8,602,0,0.015826,0.937364,-5.7667,532000,7325.9
533,1000,196.8621,16,0.32,,1,0,6,2.3452,2,478,0.2057,800.9,895,0,0.015347,1.13484,-6.059035,533000,7339.4
534,1000,118.9114,14,0.28,,0,1,5,1.6583,0,63,0.3922,712.7,703,0,0.015214,0.42999,-5.007866,534000,7352.9
535,1000,99.2214,13,0.26,,1,0,5,2.0463,0,101,0.1765,672.8,892,0,0.015023,0.540549,-5.517752,535000,7367.4
536,1000,108.3655,14,0.28,,0,2,4,0.866,0,8,0.1087,642.9,960,0,0.015055,0.473729,-5.25455,536000,7381.4
537,1000,229.1429,18,0.36,,0,1,7,2.2913,2,32,0.1192,672.9,981,0,0.015026,0.383549,-5.261259,537000,7396.8
538,1000,82.914,13,0.26,,1,0,5,2.0463,0,711,0.27,975.1,978,0,0.014738,0.439546,-5.935766,538000,7410.6
539,1000,111.2284,14,0.28,,1,0,5,2.0616,0,425,0.0983,816.1,994,0,0.014551,0.461405,-5.06153,539000,7424.3
540,1000,115.3918,14,0.28,,1,0,5,2.0616,0,28,0.0927,608.3,755,0,0.014371,0.473709,-6.13479,540000,7437.7
541,1000,94.4331,12,0.24,,1,0,5,1.8708,0,199,0.1192,604.3,970,0,0.014543,0.374824,-5.037823,541000,7451.3
542,1000,165.0175,16,0.32,,1,0,7,2.5495,1,272,0.2472,824.2,957,0,0.01441,0.832045,-6.609596,542000,7466.8
543,1000,165.9624,15,0.3,,1,0,5,2.1651,1,5,0.1668,600.4,906,0,0.014358,3.532489,-5.421441,543000,7480.7
544,1000,97.6191,12,0.24,,1,0,5,1.8708,0,566,0.1842,733.6,640,0,0.014383,0.891111,-5.647689,544000,7494.6
545,1000,110.3805,14,0.28,,0,1,5,1.6583,0,211,0.2193,622.8,471,0,0.013918,0.632686,-5.440976,545000,7509.2
546,1000,116.5668,14,0.28,,1,0,5,2.0616,0,34,0.0203,524.8,676,0,0.014015,0.400378,-5.777664,546000,7523.7
547,1000,130.0068,15,0.3,,1,0,5,2.1651,0,210,0.136,906.9,740,0,0.014067,0.395655,-5.229774,547000,7537.6
548,1000,151.7056,15,0.3,,0,1,6,1.9203,1,73,0.0875,606.3,947,0,0.014122,0.466144,-5.791322,548000,7551.0
549,1000,130.5095,16,0.32,,0,2,5,1.2247,0,372,0.3075,968.1,920,0,0.013956,0.550715,-5.973102,549000,7565.0
550,1000,120.7657,14,0.28,,0,1,5,1.5,0,148,0.2655,716.0,772,0,0.013974,0.392516,-4.935675,550000,7579.3
551,1000,96.8801,12,0.24,,1,0,5,1.8708,0,154,0.137,713.5,406,0,0.014167,0.849831,-6.145003,551000,7607.6
552,1000,141.1949,14,0.28,,0,1,5,1.5,1,0,0.1293,655.8,792,0,0.014199,0.750085,-6.041629,552000,7621.7
553,1000,208.4965,17,0.34,,1,0,7,2.586,2,37,0.1098,647.8,744,0,0.013905,0.580045,-5.647756,553000,7635.8
554,1000,88.2265,12,0.24,,0,1,5,1.5811,0,603,0.3297,829.5,535,0,0.014025,0.751324,-5.17873,554000,7649.9
555,1000,152.7525,15,0.3,,1,0,8,2.8614,1,814,0.231,945.2,621,0,0.013928,0.471281,-4.305287,555000,7663.7
556,1000,277.0882,20,0.4,,0,1,7,2.4495,3,80,0.1985,886.2,995,0,0.013886,0.361683,-5.579324,556000,7677.3
557,1000,183.0999,16,0.32,,1,0,6,2.3452,1,434,0.1525,712.9,871,0,0.014022,0.659827,-6.083379,557000,7691.6
558,1000,166.3647,15,0.3,,1,0,5,2.1651,1,49,0.1042,610.1,677,0,0.014405,0.267464,-5.821821,558000,7705.5
559,1000,190.1733,18,0.36,,1,0,8,2.8723,1,96,0.235,693.3,978,0,0.014315,0.692434,-5.457341,559000,7719.4
560,1000,136.1887,15,0.3,,0,1,5,1.6394,0,129,0.3593,839.8,977,0,0.013986,0.264291,-5.836246,560000,7733.0
561,1000,148.2314,16,0.32,,0,1,5,1.7321,0,74,0.135,725.1,825,0,0.014077,0.418498,-5.781454,561000,7747.3
562,1000,170.7617,16,0.32,,0,1,5,1.7321,1,134,0.1715,745.9,865,0,0.014192,0.302541,-4.721025,562000,7761.0
563,1000,102.1451,13,0.26,,0,2,4,0.8292,0,64,0.281,680.5,928,0,0.013999,0.495262,-5.088524,563000,7774.4
564,1000,92.863,12,0.24,,0,1,5,1.4142,0,127,0.1268,622.8,749,0,0.013899,0.414522,-4.912318,564000,7788.0
565,1000,122.1169,15,0.3,,0,1,5,1.6394,0,273,0.2452,784.7,841,0,0.013887,0.371316,-5.454614,565000,7802.6
566,1000,98.4408,12,0.24,,1,0,5,1.8708,0,191,0.1557,629.5,310,0,0.013964,0.265756,-4.71732,566000,7816.4
567,1000,133.5832,12,0.24,,1,0,5,2.1213,1,561,0.3623,667.7,935,0,0.013613,0.582026,-5.803226,567000,7830.2
568,1000,186.9701,17,0.34,,1,0,10,3.7666,1,30,0.191,918.3,601,0,0.013406,0.917048,-5.192172,568000,7843.8
569,1000,101.5594,13,0.26,,0,1,5,1.7854,0,372,0.137,539.6,686,0,0.013446,0.892438,-5.162659,569000,7857.0
570,1000,120.2979,14,0.28,,0,1,5,1.6583,0,419,0.3225,861.3,539,0,0.013418,0.60389,-5.235199,570000,7870.4
571,1000,124.5168,14,0.28,,1,0,5,2.0616,0,1,0.1522,597.8,915,0,0.013595,0.381773,-4.985592,571000,7884.1
572,1000,228.1908,18,0.36,,1,0,8,2.958,2,178,0.3162,1073.5,979,0,0.013602,0.367854,-5.567353,572000,7897.6
573,1000,108.2486,13,0.26,,1,0,5,1.9203,0,12,0.0705,631.7,832,0,0.013793,0.336064,-5.365786,573000,7911.8
574,1000,217.2225,18,0.36,,0,1,11,3.8406,2,0,0.149,613.4,984,0,0.013795,0.545459,-5.10408,574000,7926.5
575,1000,235.186,19,0.38,,1,0,8,2.9475,2,0,0.1562,910.7,989,0,0.013958,0.563271,-5.991942,575000,7940.4
576,1000,149.2692,14,0.28,,1,0,9,3.5,1,289,0.2335,783.6,983,0,0.013777,0.442813,-4.504208,576000,7954.2
577,1000,245.6382,20,0.4,,1,0,9,3.2404,2,56,0.205,731.9,828,0,0.013603,0.471887,-5.055139,577000,7968.3
578,1000,112.7974,14,0.28,,1,0,5,2.0616,0,480,0.2377,708.2,614,0,0.013589,0.508829,-4.875526,578000,7982.1
579,1000,108.4743,13,0.26,,0,1,5,1.7854,0,188,0.156,916.8,627,0,0.013191,0.324197,-4.298197,579000,7996.4
580,1000,92.6233,11,0.22,,1,0,4,1.6394,0,79,0.314,614.6,223,0,0.013217,0.48208,-4.019716,580000,8010.6
581,1000,84.8878,11,0.22,,1,0,5,1.9203,0,608,0.3257,858.4,667,0,0.013481,0.524624,-5.512839,581000,8024.0
582,1000,104.7013,13,0.26,,1,0,5,1.9203,0,386,0.3917,867.6,683,0,0.013272,0.315956,-3.294405,582000,8037.3
583,1000,171.0512,16,0.32,,1,0,8,2.8284,1,455,0.2135,719.0,854,0,0.013165,0.632409,-4.061848,583000,8050.9
584,1000,182.269,16,0.32,,1,0,6,2.3452,1,87,0.2792,1045.1,885,0,0.013381,0.306352,-4.503822,584000,8064.5
585,1000,153.9485,14,0.28,,1,0,10,3.8406,1,407,0.3217,709.3,652,0,0.013434,0.261083,-4.488292,585000,8078.6
586,1000,86.7784,11,0.22,,1,0,5,2.2776,0,51,0.2777,858.6,880,0,0.013603,0.472868,-4.570012,586000,8092.1
587,1000,127.6125,13,0.26,,1,0,5,1.9203,1,801,0.2122,841.9,867,0,0.013795,0.324552,-4.532067,587000,8105.7
588,1000,140.8818,14,0.28,,1,0,6,2.2913,1,194,0.0925,736.9,978,0,0.013947,0.485616,-4.526518,588000,8119.3
589,1000,116.2388,14,0.28,,1,0,5,2.0616,0,265,0.2702,861.4,790,0,0.014189,0.861664,-5.074842,589000,8132.0
590,1000,143.5319,13,0.26,,1,0,5,2.0463,1,215,0.207,600.0,301,0,0.014292,0.832954,-3.988511,590000,8145.2
591,1000,96.5422,12,0.24,,1,0,5,2.1213,0,95,0.218,852.8,363,0,0.014417,0.686201,-4.236331,591000,8159.4
592,1000,86.6376,12,0.24,,1,0,5,2.1213,0,329,0.246,690.4,599,0,0.014695,0.454995,-4.065513,592000,8173.1
593,1000,153.4178,15,0.3,,1,0,7,2.4875,1,86,0.1777,872.2,996,0,0.014596,0.482124,-4.262646,593000,8187.0
594,1000,112.8143,14,0.28,,1,0,5,2.0616,0,97,0.2198,641.7,697,0,0.014873,0.54849,-4.666711,594000,8201.9
595,1000,93.9185,12,0.24,,0,1,5,1.5811,0,600,0.3295,895.3,984,0,0.014655,0.498005,-5.088696,595000,8217.0
596,1000,94.9744,12,0.24,,0,1,5,2.0,0,376,0.3655,744.2,989,0,0.014446,0.555281,-4.37911,596000,8231.4
597,1000,155.2495,15,0.3,,0,1,6,1.9203,1,871,0.1827,687.0,597,0,0.014699,0.263309,-4.64917,597000,8245.1
598,1000,147.7799,16,0.32,,0,1,5,1.7321,0,77,0.4073,733.3,987,0,0.01476,0.48532,-5.242482,598000,8258.9
599,1000,94.3034,12,0.24,,1,0,4,1.7321,0,0,0.1305,674.5,451,0,0.014779,0.423841,-4.383643,599000,8272.3
600,1000,241.6819,17,0.34,,1,0,6,2.4875,3,432,0.1695,663.5,773,0,0.01445,0.758143,-4.717346,600000,8285.3
601,1000,75.7227,11,0.22,,1,0,5,1.7854,0,878,0.4148,1006.0,668,0,0.014365,0.616451,-5.022355,601000,8315.0
602,1000,105.618,13,0.26,,1,0,5,1.9203,0,2,0.0828,594.0,758,0,0.014438,0.588021,-5.586072,602000,8329.6
603,1000,187.6418,18,0.36,,1,0,9,3.2016,1,165,0.1512,825.1,756,0,0.014357,0.859443,-4.279054,603000,8342.9
604,1000,90.2526,12,0.24,,0,1,5,1.4142,0,49,0.1718,640.7,972,0,0.01433,0.406016,-4.159643,604000,8356.8
605,1000,154.8107,14,0.28,,1,0,5,2.0616,1,149,0.2435,710.5,621,0,0.014484,0.700639,-4.229298,605000,8370.3
606,1000,86.6398,11,0.22,,1,0,5,1.9203,0,33,0.193,597.2,470,0,0.014584,0.368025,-5.411349,606000,8384.4
607,1000,186.23,17,0.34,,1,0,7,2.586,1,106,0.2542,930.2,978,0,0.015011,0.537647,-3.996228,607000,8398.0
608,1000,82.8677,11,0.22,,1,0,5,2.2776,0,275,0.2328,887.8,629,0,0.014782,0.722055,-5.181484,608000,8411.4
609,1000,156.3984,15,0.3,,1,0,6,2.2776,1,269,0.2345,693.0,873,0,0.01503,0.27327,-3.997583,609000,8425.3
610,1000,136.28,15,0.3,,1,0,5,2.1651,0,96,0.1235,713.7,652,0,0.015093,0.327672,-4.385015,610000,8438.7
611,1000,249.4359,20,0.4,,1,0,10,3.5355,2,31,0.1027,645.6,983,0,0.015435,0.489172,-4.348158,611000,8452.4
612,1000,105.9399,12,0.24,,0,1,5,1.5811,0,426,0.3377,784.1,792,0,0.015265,0.727636,-4.893566,612000,8466.1
613,1000,46.6659,7,0.14,,2,0,4,1.7854,0,439,0.4298,705.9,948,0,0.015499,0.694514,-3.987796,613000,8480.3
614,1000,100.6818,13,0.26,,1,0,5,2.0463,0,89,0.2467,712.4,669,0,0.015474,0.357855,-4.756997,614000,8494.0
615,1000,142.3036,14,0.28,,1,0,5,2.0616,1,18,0.2047,673.2,446,0,0.015609,0.605666,-3.840336,615000,8507.8
616,1000,167.1452,16,0.32,,1,0,7,2.5495,1,844,0.196,859.5,915,0,0.01517,0.358085,-4.241264,616000,8521.3
617,1000,86.6478,11,0.22,,1,0,5,1.9203,0,689,0.244,694.7,940,0,0.015546,0.4125,-5.277985,617000,8535.1
618,1000,116.038,14,0.28,,1,0,5,2.0616,0,25,0.179,785.3,584,0,0.015647,0.619304,-4.098123,618000,8548.5
619,1000,239.812,19,0.38,,1,0,8,2.9475,2,56,0.2888,747.4,1000,0,0.01563,0.826676,-3.922359,619000,8562.0
620,1000,116.9994,14,0.28,,1,0,5,2.0616,0,449,0.3523,1035.3,973,0,0.015621,1.261463,-4.942148,620000,8575.8
621,1000,136.7375,15,0.3,,0,1,5,1.6394,0,216,0.1918,857.9,495,0,0.015947,0.326197,-4.45301,621000,8589.2
622,1000,116.8455,14,0.28,,0,1,5,1.5,0,0,0.1057,643.1,329,0,0.015883,0.307455,-4.955343,622000,8602.6
623,1000,93.5428,11,0.22,,0,1,5,1.479,0,142,0.2492,742.3,792,0,0.015935,0.792637,-4.833562,623000,8616.1
624,1000,142.6338,15,0.3,,0,1,5,1.6394,0,50,0.3275,710.9,737,0,0.016084,0.452951,-5.121385,624000,8630.1
625,1000,119.0035,13,0.26,,1,0,5,2.0463,0,35,0.1735,790.9,609,0,0.016057,0.45808,-4.600438,625000,8643.6
626,1000,101.2286,13,0.26,,0,1,5,1.7854,0,542,0.351,982.3,708,0,0.016266,0.58601,-4.734766,626000,8657.0
627,1000,95.5066,14,0.28,,1,0,5,2.0616,0,187,0.1118,574.9,709,0,0.016283,0.932509,-4.524245,627000,8670.3
628,1000,146.7535,14,0.28,,0,2,5,1.5,1,356,0.1145,671.8,694,0,0.016099,0.596831,-4.689203,628000,8683.9
629,1000,115.7478,14,0.28,,1,0,5,2.0616,0,817,0.304,869.3,931,0,0.016336,0.548969,-4.91985,629000,8698.0
630,1000,127.0582,15,0.3,,1,0,5,2.1651,0,216,0.1202,877.3,453,0,0.016144,0.655176,-3.991188,630000,8711.7
631,1000,126.1227,15,0.3,,1,0,5,2.1651,0,601,0.1715,899.6,693,0,0.016253,0.486217,-5.362653,631000,8725.4
632,1000,125.0016,15,0.3,,0,1,5,1.6394,0,87,0.1732,666.8,644,0,0.015826,0.549709,-4.280055,632000,8739.3
633,1000,127.79,15,0.3,,0,1,5,1.6394,0,0,0.1368,718.7,739,0,0.015632,0.442237,-4.514801,633000,8752.9
634,1000,112.091,14,0.28,,0,1,5,1.6583,0,304,0.1698,836.1,878,0,0.015381,1.146491,-4.317331,634000,8766.5
635,1000,132.7695,15,0.3,,0,2,5,1.299,0,106,0.331,725.1,927,0,0.015399,1.044299,-5.043262,635000,8779.9
636,1000,117.0266,15,0.3,,1,0,5,2.1651,0,643,0.352,986.1,307,0,0.015462,0.637257,-4.250971,636000,8793.6
637,1000,141.5122,15,0.3,,1,0,5,2.1651,0,105,0.2712,688.7,703,0,0.015585,0.566786,-4.143516,637000,8806.8
638,1000,102.4511,14,0.28,,1,0,5,2.0616,0,33,0.122,702.6,984,0,0.015425,0.946361,-4.263874,638000,8820.3
639,1000,109.3445,14,0.28,,1,0,5,2.0616,0,446,0.211,712.0,895,0,0.015522,0.445658,-4.989992,639000,8833.4
640,1000,159.5394,15,0.3,,0,1,7,2.3848,1,317,0.257,815.8,800,0,0.015317,0.433295,-3.818736,640000,8847.0
641,1000,58.9133,11,0.22,,0,1,4,1.0897,0,1374,0.3152,1006.6,835,0,0.015311,0.585943,-5.411023,641000,8860.9
642,1000,138.6773,14,0.28,,1,0,5,2.0616,1,0,0.202,722.0,560,0,0.015344,0.521403,-3.726335,642000,8874.3
643,1000,118.0609,12,0.24,,0,1,5,2.0,1,604,0.2637,658.4,605,0,0.015802,0.533652,-4.128412,643000,8887.7
644,1000,260.5675,21,0.42,,0,1,9,2.8614,2,114,0.192,866.6,839,0,0.015934,0.465875,-3.563443,644000,8901.3
645,1000,132.8342,13,0.26,,0,1,5,1.479,1,501,0.2495,709.2,643,0,0.015915,0.581788,-3.934062,645000,8914.7
646,1000,201.9698,16,0.32,,0,1,6,1.8708,2,20,0.134,764.8,985,0,0.01602,0.644451,-4.646957,646000,8928.5
647,1000,86.7336,12,0.24,,0,1,5,2.0,0,1087,0.5065,1030.0,886,0,0.016469,0.979509,-4.555058,647000,8942.2
648,1000,110.1873,13,0.26,,0,1,5,1.479,0,381,0.2512,879.1,971,0,0.016101,0.463913,-4.589071,648000,8956.3
649,1000,171.7572,16,0.32,,1,0,7,2.5495,1,91,0.1108,570.5,927,0,0.016175,0.733647,-3.814446,649000,8970.0
650,1000,118.1023,10,0.2,,1,0,5,1.8028,1,480,0.339,755.3,334,0,0.016317,0.968853,-4.317433,650000,8983.3
651,1000,235.4464,19,0.38,,0,2,8,2.3848,2,282,0.2752,842.7,953,0,0.016357,0.509489,-5.019088,651000,9012.1
652,1000,139.0138,16,0.32,,0,1,5,1.7321,0,558,0.2903,1064.4,736,0,0.016616,0.334099,-4.127724,652000,9025.6
653,1000,245.4552,20,0.4,,0,1,10,3.6742,2,57,0.201,822.2,804,0,0.016249,0.342264,-4.338221,653000,9039.2
654,1000,110.7852,13,0.26,,1,0,5,2.0463,0,1,0.1407,799.9,388,0,0.016506,0.640378,-4.710421,654000,9052.9
655,1000,102.2988,14,0.28,,1,0,5,2.0616,0,460,0.21,698.5,721,0,0.016513,0.701275,-4.05385,655000,9066.5
656,1000,167.8284,16,0.32,,1,0,8,2.9155,1,95,0.0823,654.1,948,0,0.016602,0.588036,-3.858417,656000,9079.9
657,1000,140.4299,13,0.26,,1,0,5,2.0463,1,394,0.1358,707.2,721,0,0.016086,0.75,-4.281865,657000,9093.3
658,1000,148.2812,14,0.28,,1,0,5,2.0616,1,93,0.1547,816.8,959,0,0.016503,0.545888,-4.766046,658000,9106.4
659,1000,127.4125,15,0.3,,1,0,5,2.1651,0,405,0.1963,799.7,236,0,0.016271,1.287551,-4.411335,659000,9119.7
660,1000,124.5244,15,0.3,,1,0,5,2.1651,0,554,0.4833,665.4,371,0,0.01618,0.411409,-4.207325,660000,9133.5
661,1000,94.858,11,0.22,,1,0,5,2.2776,0,62,0.1797,772.0,317,0,0.015874,0.445523,-3.902772,661000,9147.2
662,1000,133.1518,14,0.28,,1,0,5,2.0616,1,45,0.141,737.4,229,0,0.016079,0.371357,-3.857797,662000,9160.7
663,1000,150.6443,14,0.28,,1,0,7,2.5,1,59,0.0945,654.3,966,0,0.016058,0.491055,-4.273389,663000,9174.3
664,1000,136.2276,15,0.3,,1,0,5,2.1651,0,136,0.2467,952.3,298,0,0.016277,1.212966,-3.616223,664000,9188.1
665,1000,150.8691,14,0.28,,1,0,5,2.0616,1,31,0.209,834.9,561,0,0.016155,0.48565,-4.101556,665000,9202.1
666,1000,163.7344,15,0.3,,1,0,5,2.1651,1,244,0.175,841.7,649,0,0.016099,0.809401,-4.575499,666000,9215.6
667,1000,178.057,17,0.34,,1,0,8,2.8614,1,772,0.2525,914.3,992,0,0.01639,0.730575,-4.075301,667000,9229.8
668,1000,70.0205,10,0.2,,1,0,5,2.0616,0,342,0.2612,626.6,601,0,0.016447,0.397586,-4.422709,668000,9243.4
669,1000,88.7665,11,0.22,,1,0,4,1.6394,0,137,0.267,602.8,957,0,0.016216,0.483734,-3.429232,669000,9256.8
670,1000,97.9706,11,0.22,,1,0,5,2.2776,0,193,0.3912,789.5,725,0,0.01638,0.297859,-3.544257,670000,9270.1
671,1000,105.6188,13,0.26,,1,0,5,2.0463,0,238,0.1955,743.5,661,0,0.01616,0.633638,-3.987117,671000,9284.1
672,1000,84.7328,10,0.2,,1,0,4,1.6583,0,255,0.2445,661.0,913,0,0.015748,0.529832,-4.742316,672000,9298.6
673,1000,101.17,13,0.26,,0,1,5,1.7854,0,728,0.3267,925.4,955,0,0.015855,0.643519,-3.697925,673000,9312.2
674,1000,128.2435,14,0.28,,1,0,5,2.0616,0,69,0.1688,696.1,822,0,0.016112,0.695673,-4.052846,674000,9325.7
675,1000,159.0854,15,0.3,,1,0,5,2.1651,1,271,0.167,809.0,842,0,0.016231,0.363374,-3.954376,675000,9339.4
676,1000,112.8599,10,0.2,,1,0,5,1.8028,1,34,0.065,521.8,708,0,0.015844,0.793185,-3.301935,676000,9353.0
677,1000,206.3829,16,0.32,,1,0,8,3.1623,2,546,0.1412,914.6,942,0,0.01582,0.374379,-3.976609,677000,9366.3
678,1000,144.3708,13,0.26,,1,0,5,2.0463,1,92,0.1983,657.8,717,0,0.016004,0.339538,-3.957283,678000,9379.8
679,1000,149.1696,14,0.28,,1,0,5,2.0616,1,95,0.1242,667.2,895,0,0.015734,0.8221,-3.969522,679000,9393.0
680,1000,95.3662,12,0.24,,1,0,5,1.8708,0,0,0.15,701.8,528,0,0.015799,0.43185,-3.396102,680000,9406.6
681,1000,104.0326,13,0.26,,1,0,5,2.0463,0,145,0.212,631.8,604,0,0.016011,0.505713,-3.973711,681000,9420.5
682,1000,97.8743,11,0.22,,1,0,5,2.2776,0,76,0.161,665.1,949,0,0.015861,0.58415,-3.979098,682000,9434.0
683,1000,91.9187,12,0.24,,1,0,5,2.1213,0,665,0.315,666.0,385,0,0.01574,0.496663,-4.908008,683000,9447.8
684,1000,115.0462,14,0.28,,1,0,5,2.0616,0,53,0.0715,688.3,700,0,0.015923,0.532368,-3.903725,684000,9461.4
685,1000,112.8247,13,0.26,,1,0,5,1.9203,0,264,0.099,665.5,339,0,0.015954,0.727403,-4.414172,685000,9474.8
686,1000,175.8564,17,0.34,,1,0,9,3.2692,1,29,0.231,760.1,734,0,0.016404,0.468776,-4.063239,686000,9488.0
687,1000,72.5257,10,0.2,,1,0,4,1.5,0,744,0.353,662.1,782,0,0.016019,0.696511,-2.951412,687000,9501.6
688,1000,152.8424,15,0.3,,1,0,5,2.1651,1,563,0.2672,804.1,808,0,0.016278,0.432492,-4.022386,688000,9515.8
689,1000,150.5752,14,0.28,,1,0,5,2.0616,1,382,0.1335,964.3,456,0,0.016626,0.367987,-4.196432,689000,9530.1
690,1000,188.4649,17,0.34,,1,0,8,2.8614,1,0,0.2135,709.8,1000,0,0.016649,0.356177,-4.038979,690000,9544.1
691,1000,186.0734,17,0.34,,1,0,7,2.586,1,48,0.1583,812.5,970,0,0.016024,0.752506,-4.483953,691000,9557.5
692,1000,213.6662,16,0.32,,1,0,7,2.7386,2,109,0.1938,840.2,976,0,0.015935,0.537082,-4.052644,692000,9571.2
693,1000,135.3526,15,0.3,,1,0,5,2.1651,0,165,0.306,1002.8,978,0,0.016406,0.808995,-4.50455,693000,9585.6
694,1000,69.7146,9,0.18,,1,0,4,1.479,0,185,0.1658,728.8,709,0,0.016211,2.183609,-3.6891,694000,9599.3
695,1000,83.9958,11,0.22,,1,0,5,1.9203,0,0,0.082,841.5,964,0,0.01626,0.806473,-3.186856,695000,9613.2
696,1000,131.7091,13,0.26,,0,1,5,1.7854,1,434,0.2115,733.0,807,0,0.016389,0.877417,-3.95705,696000,9627.0
697,1000,151.552,13,0.26,,1,0,5,2.0463,1,53,0.3335,782.1,629,0,0.016472,0.523306,-4.578362,697000,9640.5
698,1000,139.0223,15,0.3,,1,0,5,2.1651,0,15,0.0882,727.3,423,0,0.016331,0.401082,-3.226513,698000,9654.3
699,1000,160.9103,15,0.3,,1,0,5,2.1651,1,410,0.2875,764.8,774,0,0.016528,0.349623,-3.74982,699000,9668.4
700,1000,95.4016,13,0.26,,1,0,5,1.9203,0,149,0.258,844.9,584,0,0.016631,0.624306,-4.771523,700000,9680.6
701,1000,118.4748,14,0.28,,1,0,5,2.0616,0,294,0.1918,751.1,903,0,0.016407,0.805553,-3.940448,701000,9709.6
702,1000,128.5222,15,0.3,,0,2,5,1.0897,0,60,0.2447,804.4,626,0,0.016699,0.360121,-3.344028,702000,9723.4
703,1000,174.524,16,0.32,,1,0,6,2.3452,1,34,0.09,605.0,917,0,0.016669,0.32682,-3.695153,703000,9737.1
704,1000,147.6185,13,0.26,,0,1,5,1.7854,1,143,0.4567,917.3,366,0,0.016535,0.592599,-3.301178,704000,9750.8
705,1000,223.4629,18,0.36,,1,0,7,2.6926,2,138,0.2167,648.9,985,0,0.016682,0.460614,-3.445168,705000,9764.4
706,1000,74.3969,10,0.2,,1,0,4,1.5,0,1272,0.307,689.6,970,0,0.016492,0.625622,-4.051629,706000,9777.9
707,1000,82.1645,10,0.2,,1,0,5,1.8028,0,49,0.351,805.3,695,0,0.016454,0.852283,-3.752104,707000,9791.7
708,1000,133.9948,13,0.26,,2,0,8,3.4187,1,91,0.1965,600.8,731,0,0.016696,0.547571,-4.508276,708000,9805.5
709,1000,175.6711,15,0.3,,1,0,6,2.2776,1,366,0.3053,789.7,970,0,0.016375,0.598507,-4.177548,709000,9819.0
710,1000,113.5252,14,0.28,,1,0,5,2.0616,0,98,0.2642,682.2,449,0,0.016658,0.632953,-3.949764,710000,9832.5
711,1000,100.6808,13,0.26,,1,0,5,2.0463,0,788,0.4275,938.6,964,0,0.016771,0.344306,-3.074528,711000,9846.1
712,1000,119.659,12,0.24,,1,0,5,2.1213,1,436,0.2622,959.2,303,0,0.016517,0.706169,-3.263521,712000,9859.8
713,1000,133.4851,13,0.26,,1,0,5,2.0463,1,685,0.2147,832.8,757,0,0.016868,0.496268,-2.833219,713000,9873.5
714,1000,98.0009,12,0.24,,1,0,5,1.8708,0,649,0.3852,998.1,193,0,0.016351,0.762772,-4.026669,714000,9887.0
715,1000,183.7751,16,0.32,,1,0,7,2.5495,1,226,0.2243,754.2,924,0,0.016483,0.449291,-3.576691,715000,9900.2
716,1000,111.6712,13,0.26,,1,0,5,1.9203,0,612,0.3095,848.3,607,0,0.016505,0.57815,-3.41024,716000,9914.6
717,1000,127.2853,13,0.26,,1,0,6,2.3848,1,32,0.1288,740.4,792,0,0.016553,0.681916,-4.142231,717000,9927.9
718,1000,153.9291,14,0.28,,1,0,5,2.0616,1,19,0.0865,613.1,913,0,0.016785,0.618303,-3.617959,718000,9941.5
719,1000,133.2793,15,0.3,,1,0,5,2.1651,0,177,0.265,959.5,614,0,0.016859,0.473172,-3.640409,719000,9954.9
720,1000,112.3248,14,0.28,,1,0,5,2.0616,0,496,0.3785,978.3,878,0,0.016356,0.331532,-3.755502,720000,9968.9
721,1000,121.4902,14,0.28,,1,0,5,2.0616,0,65,0.299,733.1,840,0,0.016534,1.073269,-3.957737,721000,9982.4
722,1000,85.9032,12,0.24,,1,0,5,2.1213,0,442,0.226,678.5,455,0,0.016553,0.526831,-4.053011,722000,9996.3
723,1000,97.1534,12,0.24,,1,0,5,1.8708,0,301,0.248,761.5,593,0,0.016216,0.704668,-3.133257,723000,10010.3
724,1000,52.3418,8,0.16,,1,0,4,1.5811,0,30,0.1598,502.5,645,0,0.016312,0.34877,-2.857917,724000,10024.9
725,1000,177.2722,16,0.32,,0,1,5,1.7321,1,0,0.163,622.6,942,0,0.015871,0.445167,-3.35642,725000,10039.5
726,1000,39.5732,8,0.16,,1,0,3,1.2247,0,2,0.034,539.1,233,0,0.015653,0.355166,-3.151618,726000,10053.6
727,1000,185.3749,14,0.28,,0,1,5,1.6583,2,55,0.0645,690.3,605,0,0.015517,0.3557,-2.259721,727000,10068.1
728,1000,135.9691,12,0.24,,1,0,5,1.8708,1,213,0.2177,679.9,703,0,0.015559,0.38969,-3.313565,728000,10082.4
729,1000,161.3609,16,0.32,,1,0,6,2.3452,1,337,0.1343,908.4,993,0,0.015658,1.117145,-2.908135,729000,10097.1
730,1000,142.0827,13,0.26,,1,0,5,2.0463,1,909,0.409,924.5,847,0,0.015726,0.529419,-2.643443,730000,10111.4
731,1000,149.6128,14,0.28,,1,0,5,2.0616,1,0,0.035,530.5,342,0,0.01598,1.190659,-3.392084,731000,10125.6
732,1000,62.3544,10,0.2,,1,0,5,2.0616,0,40,0.169,764.3,987,0,0.015693,0.725447,-2.950858,732000,10139.7
733,1000,150.7934,15,0.3,,1,0,5,2.1651,1,142,0.147,585.0,616,0,0.01556,0.603302,-2.197937,733000,10153.7
734,1000,182.6634,17,0.34,,1,0,7,2.586,1,47,0.2015,617.6,753,0,0.015509,0.903638,-3.059046,734000,10167.7
735,1000,169.5201,15,0.3,,1,0,5,2.1651,1,0,0.0478,633.8,677,0,0.015382,0.347285,-2.348287,735000,10179.5
736,1000,116.2333,14,0.28,,1,0,5,2.0616,0,9,0.1475,745.1,959,0,0.015328,0.814753,-2.877173,736000,10193.4
737,1000,143.2032,14,0.28,,1,0,5,2.0616,1,120,0.133,833.6,442,0,0.01518,0.734437,-2.932305,737000,10207.7
738,1000,223.7722,17,0.34,,1,0,7,2.9475,2,237,0.1393,625.5,817,0,0.015123,0.963092,-2.191084,738000,10222.0
739,1000,218.1873,17,0.34,,1,0,8,2.8614,2,177,0.1368,953.0,767,0,0.015177,0.793699,-2.831229,739000,10236.3
740,1000,129.1016,14,0.28,,1,0,5,2.0616,0,64,0.152,680.7,665,0,0.015247,0.487495,-2.479976,740000,10249.8
741,1000,228.8269,17,0.34,,1,0,7,2.586,2,343,0.1353,719.4,889,0,0.015106,0.472635,-2.201537,741000,10263.5
742,1000,136.9069,15,0.3,,1,0,5,2.1651,0,182,0.2605,724.6,403,0,0.015182,0.725844,-3.042261,742000,10276.9
743,1000,172.2094,15,0.3,,1,0,7,2.586,1,451,0.1668,688.5,757,0,0.015373,0.46472,-2.003134,743000,10290.7
744,1000,147.8781,13,0.26,,1,0,7,2.8614,1,39,0.2447,645.6,692,0,0.015073,0.585263,-2.388591,744000,10304.2
745,1000,122.638,14,0.28,,1,0,5,2.0616,0,44,0.1532,578.5,607,0,0.015214,0.495026,-2.559997,745000,10318.0
746,1000,112.0185,14,0.28,,1,0,5,2.0616,0,47,0.1037,559.7,522,0,0.014663,0.453437,-1.904713,746000,10332.0
747,1000,104.3517,12,0.24,,1,0,4,1.7321,0,21,0.1298,592.9,878,0,0.014737,0.335715,-2.431439,747000,10345.7
748,1000,204.2132,18,0.36,,1,0,10,3.6401,1,21,0.1782,713.7,856,0,0.01482,0.408363,-2.004242,748000,10358.8
749,1000,116.4168,13,0.26,,1,0,5,1.9203,0,112,0.0653,758.3,651,0,0.01476,0.431569,-1.941118,749000,10371.1
750,1000,87.4827,12,0.24,,1,0,5,1.8708,0,57,0.033,591.1,566,0,0.01465,0.436399,-2.694224,750000,10384.9
751,1000,137.1552,14,0.28,,1,0,6,2.1794,1,11,0.045,552.8,841,0,0.014265,0.675503,-2.298851,751000,10414.2
752,1000,118.4511,13,0.26,,1,0,5,1.9203,0,1,0.0885,604.9,905,0,0.014156,0.477025,-1.959974,752000,10427.6
753,1000,98.9363,13,0.26,,1,0,5,1.9203,0,307,0.1077,662.6,946,0,0.013855,0.55289,-2.367989,753000,10440.9
754,1000,92.5323,13,0.26,,1,0,5,1.9203,0,107,0.1288,656.2,796,0,0.013786,0.594675,-2.720099,754000,10455.3
755,1000,89.2598,12,0.24,,1,0,5,1.8708,0,140,0.1308,777.4,485,0,0.013494,0.403445,-2.138422,755000,10469.4
756,1000,73.7425,11,0.22,,1,0,4,1.6394,0,122,0.0147,517.6,758,0,0.013881,0.808236,-2.495144,756000,10483.0
757,1000,128.6781,15,0.3,,1,0,5,2.1651,0,152,0.1797,644.8,499,0,0.013488,0.320268,-2.242029,757000,10496.8
758,1000,65.4629,10,0.2,,1,0,5,1.8028,0,142,0.1375,699.1,991,0,0.013202,0.527468,-2.353796,758000,10510.6
759,1000,94.3835,12,0.24,,1,0,5,2.1213,0,130,0.162,647.7,664,0,0.013399,0.398755,-2.788241,759000,10524.5
760,1000,157.3625,14,0.28,,1,0,5,2.0616,1,86,0.1303,742.8,829,0,0.013287,0.51915,-2.030261,760000,10538.6
761,1000,95.5863,12,0.24,,1,0,5,2.1213,0,126,0.1217,575.9,853,0,0.013323,0.979199,-3.049834,761000,10552.5
762,1000,135.5715,15,0.3,,1,0,5,2.1651,0,0,0.125,837.5,492,0,0.013498,0.418026,-1.42158,762000,10565.8
763,1000,154.8295,14,0.28,,1,0,5,2.0616,1,83,0.1022,618.3,921,0,0.013461,0.422891,-1.781448,763000,10579.2
764,1000,172.4103,16,0.32,,1,0,9,3.3912,1,266,0.192,712.4,945,0,0.013705,0.495374,-2.305492,764000,10593.3
765,1000,131.8696,14,0.28,,1,0,5,2.0616,1,1,0.105,581.8,750,0,0.013431,0.401885,-1.932483,765000,10607.5
766,1000,181.9152,14,0.28,,1,0,5,2.0616,2,233,0.1378,911.7,893,0,0.013703,0.424306,-2.197987,766000,10622.6
767,1000,70.1232,9,0.18,,1,0,5,1.7854,0,337,0.2642,653.6,309,0,0.0139,0.303177,-2.264817,767000,10636.6
768,1000,85.612,11,0.22,,1,0,5,1.9203,0,292,0.0745,603.7,593,0,0.013698,0.403729,-1.856061,768000,10650.2
769,1000,202.7452,19,0.38,,1,0,10,3.562,1,93,0.1373,742.1,914,0,0.013607,0.826875,-2.289827,769000,10663.7
770,1000,130.1507,13,0.26,,1,0,5,2.0463,1,0,0.0112,553.1,264,0,0.013733,0.375743,-1.982041,770000,10677.2
771,1000,166.5792,15,0.3,,1,0,5,2.1651,2,47,0.082,658.1,324,0,0.013696,0.740661,-2.128927,771000,10690.8
772,1000,106.5857,12,0.24,,1,0,5,1.8708,0,8,0.1965,675.8,839,0,0.013855,0.725233,-2.057858,772000,10704.2
773,1000,70.8218,9,0.18,,1,0,4,1.479,0,0,0.1797,541.8,168,0,0.013584,0.544407,-2.522544,773000,10717.6
774,1000,120.2109,13,0.26,,1,0,5,2.0463,0,149,0.2893,995.9,325,0,0.013963,0.379766,-2.179363,774000,10731.2
775,1000,32.7311,7,0.14,,2,0,4,1.7854,0,18,0.122,603.4,379,0,0.014096,0.680967,-2.316964,775000,10744.5
776,1000,105.257,12,0.24,,1,0,5,1.8708,0,0,0.0727,573.2,932,0,0.014119,0.413762,-2.332538,776000,10758.0
777,1000,120.4986,13,0.26,,1,0,5,2.0463,0,135,0.213,868.0,287,0,0.014043,0.456199,-2.344969,777000,10771.8
778,1000,133.3416,14,0.28,,1,0,6,2.2913,1,1134,0.176,610.4,961,0,0.014009,0.838873,-2.440109,778000,10785.3
779,1000,185.3515,13,0.26,,1,0,5,2.0463,2,58,0.091,549.1,479,0,0.014153,0.34486,-2.453253,779000,10799.1
780,1000,106.0311,13,0.26,,1,0,5,1.9203,0,526,0.2612,617.6,902,0,0.014327,0.379666,-2.409597,780000,10813.0
781,1000,131.8442,13,0.26,,1,0,5,2.0463,1,130,0.0163,529.0,312,0,0.014385,0.585209,-2.657279,781000,10826.5
782,1000,194.933,15,0.3,,1,0,7,2.586,2,141,0.1295,757.0,745,0,0.014471,0.769749,-2.953611,782000,10839.9
783,1000,195.5421,18,0.36,,1,0,10,3.6401,1,173,0.1215,635.8,976,0,0.014451,0.879667,-1.961094,783000,10853.7
784,1000,168.3035,16,0.32,,1,0,7,2.5495,1,120,0.1022,730.2,908,0,0.014355,0.454575,-2.515233,784000,10865.6
785,1000,66.5712,9,0.18,,2,0,5,2.2776,0,417,0.196,634.8,708,0,0.014678,0.726784,-1.857915,785000,10877.4
786,1000,96.3935,13,0.26,,1,0,5,1.9203,0,172,0.0885,562.8,664,0,0.01465,0.484417,-2.433958,786000,10888.0
787,1000,186.8603,17,0.34,,1,0,8,2.8614,1,147,0.12,653.1,915,0,0.014539,0.41805,-3.209291,787000,10899.2
788,1000,180.695,17,0.34,,1,0,9,3.2692,1,17,0.0545,625.6,1000,0,0.014586,0.470067,-1.915538,788000,10910.3
789,1000,98.8805,12,0.24,,1,0,5,2.1213,0,77,0.1623,807.8,483,0,0.014686,0.542701,-2.412541,789000,10921.0
790,1000,84.3889,11,0.22,,1,0,4,1.6394,0,0,0.1568,507.0,924,0,0.014647,0.88681,-1.993088,790000,10932.1
791,1000,172.5309,15,0.3,,1,0,6,2.2776,1,234,0.2445,860.7,788,0,0.014401,0.557299,-2.211719,791000,10943.6
792,1000,91.0729,13,0.26,,1,0,5,2.0463,0,284,0.2343,886.3,917,0,0.014026,0.458957,-1.910614,792000,10954.6
793,1000,92.5655,11,0.22,,1,0,5,2.2776,0,40,0.1313,613.8,466,0,0.013845,0.508358,-1.518051,793000,10965.8
794,1000,163.1822,15,0.3,,1,0,9,3.3448,1,101,0.2585,634.1,864,0,0.014297,0.830764,-2.086046,794000,10977.8
795,1000,89.7686,13,0.26,,1,0,5,2.0463,0,146,0.1807,557.1,978,0,0.014134,0.427759,-2.414361,795000,10989.5
796,1000,128.7536,14,0.28,,1,0,5,2.0616,0,42,0.1772,657.4,206,0,0.01373,0.760194,-2.221235,796000,11001.1
797,1000,110.5459,12,0.24,,1,0,5,2.1213,0,0,0.1507,569.9,327,0,0.013647,0.504967,-2.188223,797000,11012.9
798,1000,196.1846,16,0.32,,1,0,9,3.3912,2,13,0.1215,698.3,930,0,0.013698,0.363898,-2.304082,798000,11024.5
799,1000,99.1551,12,0.24,,1,0,5,2.1213,0,351,0.3478,873.1,291,0,0.014049,0.659819,-1.804115,799000,11035.4
800,1000,90.261,12,0.24,,1,0,5,1.8708,0,588,0.2828,928.1,680,0,0.013882,0.462419,-2.279177,800000,11046.4
801,1000,149.6714,14,0.28,,1,0,5,2.0616,1,181,0.1905,744.6,969,0,0.014053,0.262502,-1.712647,801000,11072.8
802,1000,106.2704,10,0.2,,2,0,5,2.5,1,609,0.225,762.8,799,0,0.013897,0.631538,-1.926712,802000,11084.7
803,1000,103.5272,12,0.24,,1,0,5,2.1213,0,171,0.0867,601.0,754,0,0.013879,0.407699,-2.004609,803000,11096.4
804,1000,108.1922,13,0.26,,1,0,5,1.9203,0,762,0.2915,919.0,532,0,0.013769,0.419821,-2.198727,804000,11109.3
805,1000,128.5866,12,0.24,,1,0,5,2.1213,1,169,0.2047,798.9,785,0,0.013608,0.741935,-2.272509,805000,11121.5
806,1000,167.2621,16,0.32,,1,0,8,2.8284,1,300,0.174,816.2,889,0,0.013321,0.648459,-1.603418,806000,11133.4
807,1000,105.8341,13,0.26,,1,0,5,2.0463,0,0,0.1683,666.5,375,0,0.013278,0.456636,-1.207929,807000,11145.2
808,1000,161.3588,14,0.28,,1,0,5,2.0616,1,63,0.0783,548.7,782,0,0.013042,1.150823,-1.142207,808000,11157.4
809,1000,92.4347,12,0.24,,1,0,5,1.8708,0,928,0.2627,701.1,654,0,0.012867,0.399845,-1.048089,809000,11170.0
810,1000,169.3664,15,0.3,,1,0,5,2.1651,1,281,0.1725,577.0,474,0,0.012925,0.457137,-1.956288,810000,11182.3
811,1000,101.4374,12,0.24,,1,0,5,2.1213,0,211,0.249,756.6,409,0,0.013176,0.49526,-1.112384,811000,11194.0
812,1000,78.7046,12,0.24,,1,0,5,1.8708,0,251,0.4108,849.8,235,0,0.012859,0.522651,-2.043114,812000,11206.3
813,1000,111.664,12,0.24,,1,0,5,1.8708,0,41,0.1278,840.0,989,0,0.012414,0.27984,-1.118994,813000,11218.2
814,1000,97.1711,12,0.24,,1,0,5,1.8708,0,100,0.2105,702.0,861,0,0.012667,0.392166,-0.893314,814000,11230.4
815,1000,149.1448,13,0.26,,1,0,5,2.0463,1,235,0.2305,799.3,776,0,0.012829,0.55967,-1.39933,815000,11242.8
816,1000,103.9316,12,0.24,,1,0,5,2.1213,0,1,0.0522,660.7,233,0,0.012966,0.93484,-1.806056,816000,11254.8
817,1000,173.4908,16,0.32,,1,0,6,2.3452,1,155,0.0885,601.0,897,0,0.012845,0.289768,-1.020779,817000,11266.2
818,1000,121.1875,12,0.24,,1,0,6,2.2361,1,94,0.1427,616.5,826,0,0.012646,0.446735,-1.061297,818000,11278.5
819,1000,94.1882,11,0.22,,1,0,4,1.6394,0,161,0.35,801.0,265,0,0.012397,0.682766,-1.625778,819000,11290.7
820,1000,164.4995,14,0.28,,1,0,5,2.0616,1,241,0.1895,986.5,307,0,0.012369,0.305913,-1.604199,820000,11303.5
821,1000,116.2596,13,0.26,,1,0,5,2.0463,0,4,0.1445,740.1,246,0,0.012463,0.311724,-1.529366,821000,11316.2
822,1000,103.8547,12,0.24,,1,0,5,2.1213,0,49,0.1593,591.8,273,0,0.012475,0.459916,-0.725532,822000,11328.1
823,1000,143.6855,13,0.26,,1,0,5,2.0463,1,41,0.1115,570.6,789,0,0.012264,0.862611,-1.676311,823000,11339.6
824,1000,144.2331,14,0.28,,1,0,5,2.0616,1,549,0.2945,795.5,688,0,0.012719,0.400407,-1.757593,824000,11351.4
825,1000,89.2028,12,0.24,,1,0,5,1.8708,0,229,0.1978,608.4,919,0,0.012734,0.23017,-1.761298,825000,11363.5
826,1000,148.4955,13,0.26,,1,0,5,2.0463,1,289,0.2008,765.7,200,0,0.012801,0.720411,-1.589029,826000,11375.0
827,1000,118.2918,14,0.28,,0,1,5,1.6583,0,353,0.2782,714.8,346,0,0.012591,0.343792,-1.921671,827000,11386.3
828,1000,93.803,12,0.24,,1,0,5,2.1213,0,16,0.2472,656.4,254,0,0.012386,0.233398,-1.944367,828000,11398.5
829,1000,169.5546,15,0.3,,0,1,6,1.9203,1,83,0.121,896.5,985,0,0.012859,0.373904,-1.475055,829000,11410.3
830,1000,122.9104,11,0.22,,1,0,5,2.2776,1,48,0.2417,730.8,597,0,0.012624,0.461782,-1.452751,830000,11421.8
831,1000,185.834,15,0.3,,1,0,6,2.2776,2,540,0.1318,691.9,766,0,0.012751,0.280438,-1.412542,831000,11433.5
832,1000,155.8014,15,0.3,,1,0,7,2.586,1,267,0.1432,602.3,858,0,0.012476,0.513036,-1.907334,832000,11445.4
833,1000,136.807,15,0.3,,1,0,5,2.1651,0,84,0.1817,635.4,805,0,0.012527,0.425888,-1.358386,833000,11456.6
834,1000,115.8451,14,0.28,,1,0,5,2.0616,0,123,0.1722,622.3,930,0,0.012494,0.298577,-1.785468,834000,11467.6
835,1000,188.0382,17,0.34,,1,0,8,2.8614,1,153,0.251,791.2,949,0,0.012529,0.308874,-1.504056,835000,11479.4
836,1000,169.26,15,0.3,,1,0,5,2.1651,1,0,0.134,608.6,157,0,0.012564,0.239784,-2.018035,836000,11490.9
837,1000,147.4093,13,0.26,,1,0,5,1.9203,1,188,0.1988,618.9,979,0,0.012618,0.430987,-2.107721,837000,11502.5
838,1000,183.0526,14,0.28,,1,0,5,2.0616,2,144,0.1403,655.5,557,0,0.012626,0.814228,-2.332423,838000,11514.0
839,1000,64.9308,13,0.26,,1,0,5,2.0463,0,0,0.117,788.1,326,0,0.012673,0.511843,-0.713684,839000,11525.8
840,1000,130.4185,14,0.28,,1,0,5,2.0616,0,0,0.2298,760.8,337,0,0.012494,0.764688,-0.373101,840000,11537.3
841,1000,156.8837,14,0.28,,0,1,5,1.6583,1,113,0.192,583.8,775,0,0.012553,0.542166,-0.667553,841000,11549.3
842,1000,120.6485,14,0.28,,1,0,5,2.0616,0,105,0.087,577.3,423,0,0.01257,0.467535,-2.019913,842000,11561.3
843,1000,174.2469,16,0.32,,1,0,8,2.9155,1,347,0.235,648.9,693,0,0.012784,0.693529,-1.254785,843000,11573.2
844,1000,129.5168,15,0.3,,0,1,5,1.6394,0,20,0.0983,559.4,835,0,0.012623,0.604111,-1.181162,844000,11584.8
845,1000,79.7385,10,0.2,,1,0,4,1.5,0,353,0.1842,543.0,405,0,0.012665,0.332424,-1.145978,845000,11596.7
846,1000,102.5934,13,0.26,,1,0,5,1.9203,0,427,0.409,710.2,861,0,0.012674,0.45422,-1.208498,846000,11608.2
847,1000,77.9237,10,0.2,,1,0,4,1.5,0,515,0.2162,734.7,831,0,0.012585,0.318599,-1.824665,847000,11619.8
848,1000,96.6144,13,0.26,,1,0,5,1.9203,0,1003,0.2898,725.0,979,0,0.01252,0.410724,-2.112536,848000,11631.5
849,1000,133.3167,12,0.24,,1,0,7,2.5495,1,402,0.3197,760.0,1000,0,0.012373,0.458386,-1.300026,849000,11642.8
850,1000,80.7593,11,0.22,,1,0,4,1.6394,0,388,0.3182,860.1,892,0,0.012737,0.466255,-1.859289,850000,11654.5
851,1000,76.6786,10,0.2,,1,0,5,1.8028,0,387,0.2435,772.0,743,0,0.012636,0.426341,-2.557655,851000,11681.0
852,1000,115.0358,13,0.26,,1,0,5,1.9203,0,0,0.1385,587.9,958,0,0.012985,0.323059,-1.681548,852000,11693.1
853,1000,178.7701,16,0.32,,1,0,8,2.9155,1,130,0.2352,896.1,950,0,0.01303,0.839129,-2.170159,853000,11704.7
854,1000,105.0105,13,0.26,,1,0,5,1.9203,0,229,0.2747,752.7,754,0,0.012909,0.275146,-1.438369,854000,11716.7
855,1000,180.3725,16,0.32,,1,0,9,3.3912,1,96,0.2607,705.3,669,0,0.012878,0.242901,-1.814609,855000,11728.3
856,1000,123.8949,15,0.3,,1,0,5,2.1651,0,1002,0.3118,970.6,932,0,0.012855,0.280211,-2.144261,856000,11740.7
857,1000,117.2168,14,0.28,,1,0,5,2.0616,0,48,0.169,714.5,243,0,0.012861,0.282681,-2.181951,857000,11751.8
858,1000,164.3578,15,0.3,,1,0,7,2.4875,1,375,0.3003,774.5,862,0,0.012633,0.33787,-2.254531,858000,11763.1
859,1000,89.143,12,0.24,,1,0,5,1.8708,0,25,0.178,569.3,653,0,0.012829,0.711778,-2.33427,859000,11774.6
860,1000,107.3961,14,0.28,,1,0,5,2.0616,0,158,0.2142,632.4,458,0,0.012629,0.563805,-2.071952,860000,11786.3
861,1000,89.0861,11,0.22,,1,0,4,1.6394,0,243,0.3792,912.5,305,0,0.012688,0.483466,-2.155531,861000,11797.5
862,1000,165.6707,15,0.3,,1,0,5,2.1651,1,498,0.2147,629.6,495,0,0.012461,0.382528,-2.44813,862000,11808.7
863,1000,120.068,14,0.28,,1,0,5,2.0616,0,82,0.07,572.8,581,0,0.012591,0.373296,-1.747723,863000,11819.7
864,1000,199.6315,18,0.36,,1,0,9,3.2016,1,414,0.2878,703.7,584,0,0.012611,0.580455,-1.601464,864000,11830.8
865,1000,96.7709,12,0.24,,1,0,5,1.8708,0,1017,0.2545,642.1,681,0,0.012664,0.667314,-2.060459,865000,11842.1
866,1000,133.5715,14,0.28,,1,0,5,2.0616,0,190,0.1983,684.5,479,0,0.012534,0.322921,-1.783201,866000,11853.5
867,1000,123.8304,14,0.28,,1,0,5,2.0616,0,0,0.1328,637.2,732,0,0.012488,0.329186,-1.795811,867000,11864.5
868,1000,211.6246,16,0.32,,1,0,6,2.3452,2,431,0.1072,817.1,882,0,0.012828,0.387028,-0.868149,868000,11875.7
869,1000,98.4064,12,0.24,,0,1,5,2.0,0,196,0.318,798.4,610,0,0.012615,0.318091,-1.020538,869000,11887.1
870,1000,95.2045,12,0.24,,0,1,5,1.5811,0,566,0.2008,592.2,795,0,0.012466,0.23489,-1.968964,870000,11898.6
871,1000,162.5507,14,0.28,,1,0,5,2.0616,1,61,0.1027,738.2,348,0,0.012331,0.272348,-1.181133,871000,11909.9
872,1000,203.4428,15,0.3,,1,0,5,2.1651,2,0,0.0367,552.3,845,0,0.012234,0.419023,-1.883041,872000,11920.9
873,1000,118.2547,15,0.3,,1,0,5,2.1651,0,745,0.1565,764.2,742,0,0.012395,0.570776,-1.633774,873000,11932.1
874,1000,165.3778,14,0.28,,1,0,5,2.0616,1,64,0.372,763.0,291,0,0.012549,0.777161,-0.844419,874000,11943.2
875,1000,147.3771,14,0.28,,1,0,5,2.0616,1,460,0.3147,697.6,296,0,0.012522,0.270355,-1.739451,875000,11954.2
876,1000,112.3675,13,0.26,,1,0,5,2.0463,0,336,0.0612,610.7,752,0,0.012709,1.009212,-1.872438,876000,11965.5
877,1000,92.0354,11,0.22,,1,0,5,1.7854,0,1190,0.3272,789.5,559,0,0.012576,0.276576,-1.916938,877000,11977.1
878,1000,148.4126,14,0.28,,1,0,5,2.0616,1,931,0.2447,738.3,389,0,0.01288,0.351053,-1.890989,878000,11988.2
879,1000,108.0693,13,0.26,,1,0,5,2.0463,0,623,0.2657,885.1,421,0,0.013141,0.28897,-0.874646,879000,11999.6
880,1000,52.1332,8,0.16,,1,0,4,1.4142,0,656,0.2273,747.9,893,0,0.013258,0.305712,-1.328336,880000,12011.0
881,1000,67.9305,9,0.18,,1,0,5,1.9203,0,0,0.224,963.4,936,0,0.013152,0.445033,-1.279854,881000,12021.7
882,1000,133.9697,15,0.3,,1,0,5,2.1651,0,494,0.3197,833.7,867,0,0.012909,0.489094,-1.794504,882000,12033.6
883,1000,100.698,12,0.24,,0,1,5,1.5811,0,176,0.2345,889.7,638,0,0.012971,0.464735,-1.760928,883000,12044.5
884,1000,91.6737,11,0.22,,1,0,5,1.9203,0,216,0.216,656.1,575,0,0.013105,0.539371,-1.944843,884000,12055.6
885,1000,74.307,10,0.2,,1,0,5,2.0616,0,530,0.1313,777.3,403,0,0.013228,0.287894,-1.182946,885000,12067.5
886,1000,85.8513,11,0.22,,1,0,4,1.6394,0,203,0.2507,660.8,572,0,0.013182,1.171691,-2.755679,886000,12078.7
887,1000,139.9922,14,0.28,,1,0,5,2.0616,1,25,0.1222,586.0,672,0,0.01328,0.217633,-1.700366,887000,12089.7
888,1000,114.9182,14,0.28,,1,0,5,2.0616,0,644,0.1195,607.0,159,0,0.013306,0.396602,-2.986468,888000,12101.0
889,1000,174.7588,16,0.32,,1,0,7,2.5495,1,307,0.1767,714.8,742,0,0.013374,0.250803,-1.90174,889000,12112.2
890,1000,78.4936,10,0.2,,1,0,4,1.5,0,676,0.227,691.7,879,0,0.013401,0.302456,-2.393776,890000,12124.2
891,1000,165.3569,14,0.28,,1,0,5,2.0616,1,40,0.12,732.7,226,0,0.013511,0.66984,-1.844177,891000,12135.3
892,1000,198.6357,15,0.3,,1,0,5,2.1651,2,189,0.0727,631.5,665,0,0.013419,0.442459,-2.362102,892000,12146.6
893,1000,75.3549,10,0.2,,1,0,4,1.5,0,414,0.1973,786.8,1000,0,0.013602,0.228869,-1.756111,893000,12157.8
894,1000,123.0875,14,0.28,,1,0,5,2.0616,0,26,0.1338,654.8,212,0,0.013599,0.28843,-1.890214,894000,12168.7
895,1000,98.0472,12,0.24,,1,0,5,1.8708,0,61,0.295,750.9,814,0,0.013303,0.302824,-1.732659,895000,12180.3
896,1000,114.2139,14,0.28,,1,0,5,2.0616,0,277,0.1653,620.0,828,0,0.013681,0.379106,-2.462896,896000,12191.1
897,1000,120.6707,13,0.26,,1,0,5,1.9203,0,118,0.36,780.5,961,0,0.013728,0.220491,-2.513911,897000,12202.2
898,1000,114.8769,14,0.28,,1,0,5,2.0616,0,0,0.0665,616.9,906,0,0.013509,0.244756,-1.74843,898000,12213.8
899,1000,113.7171,14,0.28,,1,0,5,2.0616,0,374,0.1787,668.4,389,0,0.013685,0.727323,-3.325835,899000,12224.3
900,1000,294.1798,21,0.42,,1,0,10,3.562,3,627,0.3003,754.7,955,0,0.013743,0.252759,-2.113229,900000,12234.9
901,1000,59.1677,9,0.18,,1,0,3,1.299,0,91,0.1812,594.6,251,0,0.013661,0.826384,-1.863899,901000,12257.7
902,1000,87.4539,12,0.24,,1,0,5,1.8708,0,341,0.2177,747.3,779,0,0.013503,0.374229,-1.868245,902000,12268.6
903,1000,133.5314,15,0.3,,1,0,5,2.1651,0,60,0.0695,599.9,811,0,0.013573,0.31639,-1.753311,903000,12279.5
904,1000,174.2383,13,0.26,,1,0,5,2.0463,2,145,0.199,678.4,191,0,0.013724,0.318042,-2.403853,904000,12290.1
905,1000,161.3206,14,0.28,,1,0,5,2.0616,1,0,0.2018,784.7,476,0,0.013569,0.339687,-2.787222,905000,12300.4
906,1000,134.6745,13,0.26,,1,0,5,1.9203,1,41,0.0825,754.9,345,0,0.013558,0.352972,-2.475345,906000,12311.9
907,1000,147.4829,13,0.26,,1,0,5,2.0463,1,174,0.1668,657.0,186,0,0.013342,0.602598,-2.024507,907000,12323.0
908,1000,130.0868,12,0.24,,1,0,5,2.1213,1,0,0.0558,608.6,800,0,0.013638,0.298011,-2.814581,908000,12334.0
909,1000,47.7926,10,0.2,,1,0,4,1.6583,0,192,0.1165,628.1,666,0,0.013659,0.37742,-1.811367,909000,12344.8
910,1000,147.6536,14,0.28,,1,0,5,2.0616,1,0,0.2162,680.2,200,0,0.013388,0.236973,-2.759018,910000,12356.1
911,1000,21.6536,7,0.14,,0,1,2,0.433,0,202,0.3488,639.2,691,0,0.013492,0.342813,-2.570888,911000,12367.4
912,1000,161.701,16,0.32,,1,0,7,2.5495,1,111,0.1285,692.1,974,0,0.01364,0.438121,-2.31346,912000,12378.1
913,1000,119.2435,14,0.28,,1,0,5,2.0616,0,175,0.1355,633.7,285,0,0.013498,0.356474,-3.319742,913000,12388.8
914,1000,118.9544,14,0.28,,1,0,5,2.0616,0,128,0.1745,745.2,248,0,0.013381,0.210198,-2.904156,914000,12399.6
915,1000,87.801,12,0.24,,1,0,5,1.8708,0,643,0.2417,754.6,892,0,0.013343,0.321499,-2.735258,915000,12409.8
916,1000,211.5757,16,0.32,,1,0,6,2.3452,2,82,0.0727,630.6,907,0,0.013625,0.374337,-3.122573,916000,12420.0
917,1000,107.8337,13,0.26,,1,0,5,1.9203,0,193,0.1653,592.5,856,0,0.01352,0.28333,-1.807497,917000,12430.3
918,1000,113.3361,14,0.28,,1,0,5,2.0616,0,257,0.1108,581.7,657,0,0.013358,0.238956,-3.266656,918000,12441.4
919,1000,150.4464,15,0.3,,1,0,8,2.8614,1,512,0.149,639.1,998,0,0.013528,0.332829,-2.56723,919000,12451.8
920,1000,155.8974,14,0.28,,1,0,5,2.0616,1,110,0.1988,579.1,553,0,0.01355,0.610127,-2.842191,920000,12462.6
921,1000,113.6513,13,0.26,,1,0,5,1.9203,0,0,0.1908,623.4,294,0,0.013682,0.579717,-2.365955,921000,12473.4
922,1000,97.3556,12,0.24,,1,0,5,1.8708,0,49,0.1718,743.0,765,0,0.013917,0.509199,-3.023165,922000,12484.4
923,1000,116.6555,13,0.26,,1,0,5,1.9203,0,234,0.15,751.8,476,0,0.014015,0.402378,-2.620752,923000,12495.7
924,1000,157.2644,14,0.28,,1,0,5,2.0616,1,91,0.1027,627.3,799,0,0.014048,0.426804,-3.092572,924000,12506.8
925,1000,180.9671,17,0.34,,1,0,9,3.1918,1,92,0.1762,634.9,661,0,0.014271,0.421556,-2.791321,925000,12517.7
926,1000,107.2007,14,0.28,,1,0,5,2.0616,0,699,0.3305,872.7,853,0,0.014367,0.309596,-2.36552,926000,12528.7
927,1000,133.5177,13,0.26,,1,0,5,2.0463,1,539,0.3105,665.0,891,0,0.014509,0.255646,-3.16355,927000,12539.2
928,1000,213.2708,16,0.32,,1,0,8,2.9155,2,220,0.171,697.9,793,0,0.014735,0.717259,-3.092455,928000,12549.8
929,1000,151.5389,14,0.28,,1,0,5,2.0616,1,578,0.1505,901.6,647,0,0.014781,0.518012,-2.704998,929000,12560.4
930,1000,167.7771,16,0.32,,1,0,7,2.5495,1,161,0.0905,568.7,916,0,0.01434,1.127733,-3.3308,930000,12571.1
931,1000,140.2713,15,0.3,,1,0,5,2.1651,0,174,0.2077,640.8,860,0,0.014288,0.264843,-2.78182,931000,12581.5
932,1000,136.2693,13,0.26,,1,0,5,2.0463,1,797,0.3295,861.0,157,0,0.014633,0.325291,-2.781023,932000,12591.4
933,1000,168.1797,16,0.32,,1,0,8,2.9155,1,593,0.2228,796.5,933,0,0.014524,0.280133,-2.292135,933000,12601.6
934,1000,185.2896,18,0.36,,1,0,9,3.2016,1,81,0.174,851.3,903,0,0.014442,0.280319,-3.067039,934000,12613.2
935,1000,123.7086,14,0.28,,1,0,5,2.0616,0,182,0.1688,602.2,223,0,0.014758,0.426063,-1.966212,935000,12624.3
936,1000,234.2709,19,0.38,,1,0,8,2.9475,2,23,0.1383,851.6,975,0,0.014779,0.494969,-2.509387,936000,12636.3
937,1000,128.7249,12,0.24,,1,0,5,1.8708,1,199,0.1388,634.9,120,0,0.014619,0.301931,-2.27822,937000,12646.7
938,1000,153.8726,15,0.3,,1,0,8,2.8614,1,332,0.1862,601.6,613,0,0.014492,0.698585,-2.667242,938000,12657.6
939,1000,83.77,11,0.22,,1,0,5,1.9203,0,502,0.1913,789.2,921,0,0.014734,0.301919,-2.153038,939000,12668.2
940,1000,162.1527,15,0.3,,1,0,5,2.1651,1,351,0.3085,647.3,344,0,0.014844,0.665339,-3.239602,940000,12679.1
941,1000,133.1164,13,0.26,,1,0,5,1.9203,1,99,0.1108,752.4,305,0,0.014639,0.40787,-2.557943,941000,12690.4
942,1000,129.6532,15,0.3,,1,0,5,2.1651,0,288,0.1385,729.5,498,0,0.014638,0.368729,-3.256562,942000,12700.6
943,1000,128.5029,13,0.26,,1,0,5,2.0463,1,0,0.117,797.5,229,0,0.014349,0.4223,-2.498332,943000,12711.1
944,1000,82.4631,12,0.24,,1,0,5,2.1213,0,0,0.1192,573.5,978,0,0.01443,0.260129,-2.42849,944000,12721.5
945,1000,113.9541,12,0.24,,1,0,5,1.8708,1,63,0.0505,629.1,292,0,0.014467,0.35828,-2.141039,945000,12732.1
946,1000,74.3433,10,0.2,,1,0,4,1.5,0,0,0.1517,595.0,261,0,0.014791,0.34308,-3.213909,946000,12742.8
947,1000,143.875,14,0.28,,1,0,6,2.1794,1,85,0.107,584.3,986,0,0.014457,0.383155,-2.288038,947000,12753.3
948,1000,117.0689,14,0.28,,1,0,5,2.0616,0,700,0.348,821.7,843,0,0.014864,0.35895,-3.573055,948000,12763.2
949,1000,143.1301,14,0.28,,1,0,5,2.0616,1,345,0.1482,703.2,272,0,0.014955,0.699049,-2.603034,949000,12773.9
950,1000,101.1945,13,0.26,,1,0,5,1.9203,0,2,0.0983,584.8,134,0,0.014529,0.752812,-2.30818,950000,12784.5
951,1000,176.1766,16,0.32,,1,0,7,2.5495,1,405,0.1542,611.3,782,0,0.014303,0.453862,-3.082582,951000,12807.9
952,1000,164.416,15,0.3,,1,0,6,2.2776,1,196,0.2432,802.9,649,0,0.01451,0.452428,-2.271346,952000,12818.3
953,1000,116.8521,13,0.26,,1,0,5,1.9203,0,58,0.1737,797.1,231,0,0.014401,0.337601,-2.372954,953000,12828.8
954,1000,97.0475,11,0.22,,1,0,5,2.2776,0,131,0.1825,581.6,828,0,0.014546,0.342225,-1.972764,954000,12839.8
955,1000,197.0841,15,0.3,,1,0,5,2.1651,2,373,0.198,732.3,335,0,0.014421,0.31089,-2.582845,955000,12850.2
956,1000,155.5265,14,0.28,,1,0,5,2.0616,1,4,0.069,697.8,755,0,0.01396,0.328695,-2.415507,956000,12860.7
957,1000,145.747,14,0.28,,1,0,5,2.0616,1,85,0.1542,577.5,990,0,0.014183,0.484892,-1.42318,957000,12871.3
958,1000,224.0386,20,0.4,,1,0,10,3.5355,1,227,0.2602,774.1,932,0,0.014635,0.287774,-2.535661,958000,12881.9
959,1000,150.4118,13,0.26,,1,0,5,2.0463,1,124,0.2432,873.8,158,0,0.014679,0.314044,-2.5661,959000,12893.4
960,1000,123.5186,12,0.24,,1,0,5,1.8708,1,448,0.164,848.4,450,0,0.014372,0.996966,-1.876294,960000,12904.1
961,1000,118.3849,13,0.26,,1,0,5,2.0463,0,310,0.2218,951.4,882,0,0.014715,0.244041,-1.554184,961000,12914.8
962,1000,112.3107,13,0.26,,1,0,5,1.9203,0,34,0.0953,753.9,554,0,0.014851,0.590154,-2.431167,962000,12925.2
963,1000,181.0293,17,0.34,,1,0,9,3.2692,1,189,0.1772,738.4,984,0,0.01456,0.278424,-1.653886,963000,12936.9
964,1000,161.3801,15,0.3,,1,0,7,2.586,1,334,0.2442,711.6,356,0,0.0143,0.50394,-3.038972,964000,12947.7
965,1000,245.5506,19,0.38,,1,0,10,3.562,2,95,0.18,866.8,987,0,0.014686,0.459758,-1.852012,965000,12958.7
966,1000,150.8888,14,0.28,,1,0,6,2.2913,1,826,0.3033,842.8,964,0,0.014594,0.407238,-2.570336,966000,12969.5
967,1000,197.0904,18,0.36,,1,0,10,3.6401,1,333,0.2893,809.7,876,0,0.014974,0.481693,-2.641448,967000,12980.3
968,1000,224.2367,17,0.34,,1,0,7,2.586,2,351,0.131,540.5,626,0,0.014669,0.441276,-1.609284,968000,12990.7
969,1000,108.1194,12,0.24,,1,0,5,1.8708,0,73,0.236,693.4,159,0,0.014391,0.651537,-2.217115,969000,13001.9
970,1000,154.2706,14,0.28,,1,0,5,2.0616,1,1119,0.2362,881.0,257,0,0.014412,0.420838,-0.802313,970000,13012.7
971,1000,102.1391,14,0.28,,1,0,5,2.0616,0,1533,0.3872,930.2,943,0,0.014518,0.305659,-2.250778,971000,13023.1
972,1000,152.8611,14,0.28,,1,0,6,2.1794,1,518,0.2905,671.9,567,0,0.014198,0.290066,-2.487266,972000,13033.5
973,1000,228.1775,18,0.36,,1,0,8,2.8723,2,215,0.1445,820.3,774,0,0.013939,0.354742,-3.160134,973000,13044.0
974,1000,168.1125,15,0.3,,1,0,5,2.1651,1,146,0.26,786.7,754,0,0.01426,0.397825,-2.363213,974000,13054.0
975,1000,211.093,17,0.34,,1,0,8,3.0311,2,202,0.0793,648.1,992,0,0.014118,0.684264,-2.063808,975000,13065.5
976,1000,143.9196,15,0.3,,1,0,5,2.1651,1,348,0.09,580.2,676,0,0.014289,0.554418,-1.66158,976000,13076.5
977,1000,212.263,17,0.34,,1,0,7,2.586,2,368,0.238,723.1,829,0,0.014317,0.400329,-2.685846,977000,13087.1
978,1000,135.2711,15,0.3,,1,0,5,2.1651,0,156,0.0965,680.0,820,0,0.014081,0.869554,-2.32631,978000,13097.1
979,1000,257.5666,18,0.36,,1,0,7,2.6926,3,89,0.173,719.0,664,0,0.013834,0.270673,-2.458971,979000,13107.6
980,1000,153.2404,13,0.26,,1,0,5,2.0463,1,146,0.218,993.7,254,0,0.01348,0.570571,-2.877592,980000,13119.0
981,1000,202.5929,15,0.3,,1,0,5,2.1651,2,72,0.0285,565.6,767,0,0.013183,0.422153,-2.929374,981000,13129.8
982,1000,185.7393,16,0.32,,1,0,6,2.3452,1,192,0.2815,710.7,923,0,0.012845,0.367044,-2.377524,982000,13141.0
983,1000,203.0848,15,0.3,,1,0,5,2.1651,2,73,0.1437,662.0,240,0,0.012392,0.271846,-2.262997,983000,13151.3
984,1000,109.767,13,0.26,,1,0,5,1.9203,0,9,0.2665,756.9,769,0,0.012562,0.28014,-1.393232,984000,13161.9
985,1000,207.0174,15,0.3,,1,0,5,2.1651,2,7,0.069,620.0,315,0,0.012299,0.472971,-1.264778,985000,13172.8
986,1000,154.8761,14,0.28,,1,0,5,2.0616,1,9,0.1113,790.4,797,0,0.012544,0.604351,-2.472448,986000,13182.9
987,1000,133.1677,15,0.3,,1,0,5,2.1651,0,249,0.1852,777.4,316,0,0.012456,0.466756,-2.134002,987000,13193.4
988,1000,212.7916,16,0.32,,1,0,6,2.3452,2,132,0.169,595.4,957,0,0.012428,0.432264,-1.451719,988000,13203.6
989,1000,138.323,13,0.26,,1,0,5,2.0463,1,87,0.1943,757.2,213,0,0.01222,0.287609,-2.59586,989000,13214.1
990,1000,211.5853,18,0.36,,1,0,8,2.8723,1,124,0.1938,739.8,827,0,0.012359,0.277186,-1.187336,990000,13224.7
991,1000,197.8652,15,0.3,,1,0,5,2.1651,2,2,0.1365,827.9,648,0,0.012144,0.544114,-2.255731,991000,13235.2
992,1000,245.9212,17,0.34,,1,0,7,2.586,3,570,0.143,729.5,695,0,0.012367,0.480136,-0.948258,992000,13245.6
993,1000,85.3477,12,0.24,,1,0,5,1.8708,0,1576,0.3825,706.3,177,0,0.012202,0.416521,-1.805214,993000,13255.9
994,1000,116.4694,13,0.26,,1,0,5,1.9203,0,45,0.0742,558.2,733,0,0.011998,0.264724,-1.598254,994000,13266.5
995,1000,126.6797,12,0.24,,1,0,5,1.8708,1,166,0.0892,728.7,846,0,0.012173,0.607523,-0.853362,995000,13277.3
996,1000,121.3916,14,0.28,,1,0,5,2.0616,0,0,0.0808,605.6,370,0,0.011942,0.218679,-1.405754,996000,13287.7
997,1000,142.9344,13,0.26,,1,0,5,1.9203,1,12,0.164,641.7,450,0,0.012068,0.473169,-2.03501,997000,13298.6
998,1000,172.7952,16,0.32,,1,0,6,2.3452,1,178,0.1215,666.3,796,0,0.012,0.33379,-1.101098,998000,13308.4
999,1000,135.0919,15,0.3,,1,0,5,2.1651,0,509,0.384,966.3,923,0,0.012107,0.292984,-1.691591,999000,13318.4
1000,1000,77.268,11,0.22,,1,0,5,1.9203,0,1190,0.4495,670.9,762,0,0.012023,0.346017,-2.270689,1000000,13328.9
1001,1000,191.3799,17,0.34,,1,0,8,2.8614,1,148,0.1973,561.1,891,0,0.012038,0.351832,-1.759545,1001000,13351.4
1002,1000,171.0988,15,0.3,,1,0,5,2.1651,1,334,0.1427,715.0,721,0,0.011948,0.31633,-2.474562,1002000,13361.7
1003,1000,141.7802,14,0.28,,1,0,6,2.2913,1,457,0.2823,785.3,863,0,0.011732,0.407817,-2.609749,1003000,13372.1
1004,1000,176.3886,15,0.3,,1,0,5,2.1651,1,117,0.1573,890.3,626,0,0.012159,0.490259,-1.589299,1004000,13382.7
1005,1000,200.6078,15,0.3,,1,0,6,2.2776,2,0,0.1708,885.3,719,0,0.011948,0.253347,-1.129871,1005000,13392.9
1006,1000,209.8092,16,0.32,,1,0,6,2.3452,2,129,0.2303,753.7,666,0,0.011698,0.273406,-1.914271,1006000,13403.4
1007,1000,127.8145,14,0.28,,1,0,5,2.0616,0,709,0.2047,801.8,701,0,0.011835,0.293184,-1.421944,1007000,13414.3
1008,1000,237.5887,19,0.38,,1,0,9,3.1918,2,76,0.149,761.5,733,0,0.011807,0.385449,-2.22047,1008000,13424.8
1009,1000,186.1024,16,0.32,,1,0,6,2.3452,1,71,0.2005,828.7,971,0,0.011663,0.628068,-2.508798,1009000,13435.4
1010,1000,110.2087,14,0.28,,1,0,5,2.0616,0,555,0.336,963.4,666,0,0.011639,0.251477,-2.071594,1010000,13446.0
1011,1000,144.6451,15,0.3,,1,0,5,2.1651,0,562,0.3177,782.6,469,0,0.011151,0.318436,-1.883693,1011000,13456.1
1012,1000,193.3161,15,0.3,,1,0,5,2.1651,2,387,0.1618,658.4,852,0,0.011603,0.453196,-1.710252,1012000,13466.3
1013,1000,145.2129,15,0.3,,1,0,5,2.1651,0,341,0.206,659.4,513,0,0.011632,0.706543,-2.19839,1013000,13477.0
1014,1000,168.2742,15,0.3,,1,0,5,2.1651,1,96,0.2597,833.7,842,0,0.011461,0.233886,-1.326725,1014000,13488.0
1015,1000,79.3097,11,0.22,,1,0,5,2.2776,0,354,0.1525,910.3,954,0,0.01143,0.478571,-2.134983,1015000,13499.6
1016,1000,121.8735,12,0.24,,1,0,5,2.1213,1,411,0.1422,558.0,838,0,0.011311,0.240043,-1.96597,1016000,13511.2
1017,1000,145.8925,15,0.3,,1,0,5,2.1651,1,1146,0.3603,811.8,984,0,0.011492,0.222801,-1.245149,1017000,13522.2
1018,1000,137.84,12,0.24,,1,0,5,2.1213,1,7,0.1118,728.8,699,0,0.011781,0.438562,-1.532497,1018000,13532.6
1019,1000,125.8316,12,0.24,,1,0,5,2.1213,1,176,0.3538,786.9,122,0,0.012133,0.299884,-1.397939,1019000,13542.6
1020,1000,141.0615,15,0.3,,1,0,5,2.1651,0,40,0.3118,695.0,452,0,0.012072,0.219,-2.088935,1020000,13553.0
1021,1000,120.0477,15,0.3,,1,0,5,2.1651,0,1166,0.298,929.5,810,0,0.012089,0.273754,-1.911972,1021000,13563.9
1022,1000,127.4108,14,0.28,,0,2,5,1.5,0,96,0.2878,724.0,812,0,0.01193,0.279119,-1.991696,1022000,13575.0
1023,1000,138.2875,14,0.28,,1,0,5,2.0616,0,97,0.2475,862.0,390,0,0.011912,0.516286,-2.554632,1023000,13585.5
1024,1000,186.4026,17,0.34,,1,0,9,3.1918,1,0,0.1383,573.2,747,0,0.011897,0.436889,-1.989746,1024000,13596.4
1025,1000,66.5165,10,0.2,,1,0,4,1.6583,0,758,0.333,860.5,978,0,0.012325,0.411332,-2.17446,1025000,13607.2
1026,1000,91.2804,11,0.22,,0,1,4,1.299,0,147,0.195,861.9,952,0,0.012125,0.424486,-2.252478,1026000,13618.0
1027,1000,107.0399,14,0.28,,1,0,5,2.0616,0,228,0.1827,869.1,935,0,0.01219,0.305871,-2.901248,1027000,13628.9
1028,1000,94.6951,12,0.24,,1,0,5,1.8708,0,28,0.1777,859.2,638,0,0.012426,0.504972,-1.85353,1028000,13639.7
1029,1000,103.2796,12,0.24,,1,0,5,1.8708,0,35,0.2645,913.4,899,0,0.012537,0.482996,-2.411523,1029000,13650.7
1030,1000,104.1266,12,0.24,,1,0,5,2.1213,0,6,0.1737,691.2,577,0,0.01277,0.358209,-1.848422,1030000,13661.3
1031,1000,170.8375,16,0.32,,1,0,8,2.9155,1,45,0.2445,690.2,815,0,0.012529,0.72808,-1.96213,1031000,13672.0
1032,1000,130.66,15,0.3,,1,0,5,2.1651,0,475,0.294,695.5,890,0,0.012504,0.428919,-1.895186,1032000,13682.0
1033,1000,69.3692,10,0.2,,1,0,5,2.0616,0,246,0.0895,562.0,807,0,0.01264,1.478358,-1.528757,1033000,13692.6
1034,1000,170.2114,15,0.3,,1,0,5,2.1651,1,507,0.246,701.5,639,0,0.012641,0.783806,-3.961432,1034000,13703.1
1035,1000,95.7314,11,0.22,,1,0,5,2.2776,0,80,0.2193,633.0,755,0,0.012713,0.332196,-2.149078,1035000,13713.5
1036,1000,156.0078,14,0.28,,1,0,5,2.0616,1,9,0.0293,612.1,434,0,0.012645,0.388786,-1.963374,1036000,13723.8
1037,1000,134.3472,15,0.3,,1,0,5,2.1651,0,92,0.2875,691.3,977,0,0.013119,0.459456,-2.123661,1037000,13734.5
1038,1000,82.4558,12,0.24,,0,2,4,1.0,0,0,0.1008,543.6,667,0,0.013217,0.273307,-2.207098,1038000,13744.7
1039,1000,125.2542,14,0.28,,1,0,5,2.0616,0,670,0.318,720.9,240,0,0.013493,0.33663,-1.910054,1039000,13755.6
1040,1000,118.7127,14,0.28,,1,0,5,2.0616,0,0,0.0512,560.0,593,0,0.013476,0.465574,-2.323415,1040000,13766.2
1041,1000,104.4953,13,0.26,,1,0,5,1.9203,0,82,0.1693,758.6,937,0,0.013836,0.340611,-2.414923,1041000,13776.8
1042,1000,158.8556,14,0.28,,1,0,5,2.0616,1,263,0.2517,712.7,732,0,0.013826,0.365538,-2.867518,1042000,13787.4
1043,1000,54.2399,8,0.16,,2,0,5,2.1213,0,0,0.1472,547.8,627,0,0.013909,0.292277,-1.929439,1043000,13797.9
1044,1000,163.7508,14,0.28,,1,0,5,2.0616,1,30,0.0537,585.1,842,0,0.013801,0.503369,-2.020346,1044000,13808.1
1045,1000,205.9031,19,0.38,,1,0,10,3.562,1,5,0.1405,702.8,930,0,0.013308,0.422228,-2.27329,1045000,13818.8
1046,1000,159.6898,13,0.26,,1,0,6,2.3848,2,1,0.054,714.0,954,0,0.01353,0.305045,-1.184608,1046000,13829.6
1047,1000,128.0581,15,0.3,,1,0,5,2.1651,0,115,0.1422,758.5,813,0,0.01374,0.266407,-0.771014,1047000,13839.9
1048,1000,181.307,15,0.3,,1,0,6,2.2776,2,134,0.1388,751.0,928,0,0.013603,0.571968,-2.694368,1048000,13850.4
1049,1000,182.5055,15,0.3,,1,0,5,2.1651,1,66,0.1373,785.8,628,0,0.013906,0.344086,-1.806551,1049000,13860.7
1050,1000,174.9659,15,0.3,,1,0,5,2.1651,1,280,0.1913,862.2,258,0,0.013943,0.301984,-2.041333,1050000,13872.3
1051,1000,46.5974,8,0.16,,0,1,4,1.2247,0,589,0.1075,502.5,525,0,0.014331,0.304893,-1.78758,1051000,13895.9
1052,1000,130.9974,13,0.26,,1,0,5,1.9203,1,0,0.1777,786.1,964,0,0.014437,0.379676,-2.45822,1052000,13906.7
1053,1000,167.7181,16,0.32,,1,0,7,2.5495,1,348,0.1555,631.4,365,0,0.014491,0.344179,-2.659538,1053000,13917.9
1054,1000,157.9977,15,0.3,,1,0,6,2.2776,1,382,0.1205,612.0,853,0,0.014343,0.520199,-1.881719,1054000,13928.8
1055,1000,152.7897,15,0.3,,1,0,5,2.1651,1,305,0.2095,677.2,782,0,0.014679,0.57623,-1.366431,1055000,13940.5
1056,1000,102.3048,12,0.24,,1,0,5,1.8708,0,78,0.2137,663.8,921,0,0.014565,0.428621,-2.591282,1056000,13951.3
1057,1000,155.0443,14,0.28,,1,0,5,2.0616,1,339,0.288,714.5,381,0,0.014624,0.381526,-1.399832,1057000,13961.8
1058,1000,72.5112,11,0.22,,1,0,5,1.7854,0,1,0.0995,621.8,964,0,0.014871,0.357026,-2.021072,1058000,13972.4
1059,1000,125.389,13,0.26,,1,0,5,2.0463,0,105,0.1482,575.8,968,0,0.014619,0.365143,-1.197583,1059000,13982.6
1060,1000,98.0247,10,0.2,,1,0,5,1.8028,1,79,0.0833,617.9,376,0,0.014559,0.365658,-2.302038,1060000,13992.9
1061,1000,118.9854,14,0.28,,1,0,5,2.0616,0,499,0.2727,643.5,545,0,0.014784,0.796897,-1.677215,1061000,14003.2
1062,1000,139.4765,13,0.26,,1,0,5,2.0463,1,21,0.1593,585.7,590,0,0.014504,0.448739,-2.167577,1062000,14013.9
1063,1000,77.3233,10,0.2,,1,0,5,2.0616,0,593,0.2047,713.9,613,0,0.014696,0.414838,-1.921781,1063000,14025.0
1064,1000,122.9865,11,0.22,,1,0,6,2.3848,1,0,0.0948,605.2,993,0,0.014746,0.575985,-1.639776,1064000,14035.5
1065,1000,135.2275,12,0.24,,1,0,8,3.0822,1,3,0.0245,527.1,943,0,0.014514,0.477228,-3.410074,1065000,14046.7
1066,1000,150.142,13,0.26,,1,0,5,2.0463,1,0,0.0732,670.7,566,0,0.014993,0.335277,-1.773745,1066000,14057.3
1067,1000,98.9859,12,0.24,,1,0,5,2.1213,0,155,0.172,597.8,559,0,0.014986,0.425541,-2.900878,1067000,14067.8
1068,1000,95.6781,11,0.22,,1,0,5,1.9203,0,169,0.134,548.6,800,0,0.014834,0.435158,-1.568073,1068000,14078.7
1069,1000,161.9733,14,0.28,,0,1,5,1.5,1,2,0.1148,591.7,939,0,0.015058,0.437053,-2.737012,1069000,14089.6
1070,1000,152.544,14,0.28,,1,0,5,2.0616,1,208,0.0813,632.9,847,0,0.014785,0.543113,-1.597559,1070000,14100.3
1071,1000,96.9634,12,0.24,,1,0,5,1.8708,0,233,0.1958,682.9,437,0,0.015123,0.477643,-2.521482,1071000,14111.2
1072,1000,95.0227,12,0.24,,1,0,5,1.8708,0,106,0.104,629.3,139,0,0.015141,0.66808,-1.906053,1072000,14122.0
1073,1000,127.2374,14,0.28,,1,0,5,2.0616,0,218,0.2013,591.2,491,0,0.015267,0.46934,-2.63988,1073000,14133.2
1074,1000,107.1887,12,0.24,,1,0,5,1.8708,0,42,0.1945,854.5,629,0,0.015199,0.434449,-1.483063,1074000,14143.7
1075,1000,105.885,13,0.26,,1,0,5,2.0463,0,0,0.168,640.0,951,0,0.015211,0.522157,-2.038654,1075000,14154.6
1076,1000,169.8047,15,0.3,,1,0,6,2.2776,1,32,0.0938,684.1,813,0,0.01511,0.318988,-1.516377,1076000,14165.5
1077,1000,128.7101,14,0.28,,1,0,5,2.0616,1,9,0.1202,696.9,218,0,0.015246,0.364964,-2.640299,1077000,14175.4
1078,1000,242.1752,16,0.32,,1,0,6,2.3452,3,124,0.218,696.0,803,0,0.015161,0.391146,-2.458514,1078000,14186.0
1079,1000,186.8714,14,0.28,,1,0,6,2.2913,2,64,0.0683,687.1,961,0,0.015475,0.405125,-2.424638,1079000,14196.9
1080,1000,135.2453,15,0.3,,1,0,5,2.1651,0,183,0.143,611.7,914,0,0.015483,0.475736,-2.745255,1080000,14206.9
1081,1000,187.8142,16,0.32,,1,0,6,2.3452,1,45,0.2253,711.7,662,0,0.015458,0.754396,-2.314121,1081000,14216.4
1082,1000,154.4046,13,0.26,,1,0,5,2.0463,1,22,0.2732,791.2,492,0,0.015513,0.666201,-2.174242,1082000,14226.7
1083,1000,184.2001,17,0.34,,1,0,9,3.2692,1,116,0.1825,806.3,993,0,0.015658,0.512376,-1.97304,1083000,14238.2
1084,1000,102.0102,13,0.26,,1,0,5,1.9203,0,200,0.2425,771.7,423,0,0.015805,0.596884,-1.537827,1084000,14249.3
1085,1000,103.3089,13,0.26,,1,0,5,1.9203,0,0,0.066,645.2,283,0,0.015782,0.460589,-1.472576,1085000,14259.9
1086,1000,172.8341,16,0.32,,1,0,7,2.5495,1,96,0.1628,672.8,709,0,0.015904,0.45145,-2.14437,1086000,14271.0
1087,1000,150.0812,14,0.28,,1,0,5,2.0616,1,0,0.0085,557.9,524,0,0.015752,1.413676,-2.159082,1087000,14281.2
1088,1000,137.3715,13,0.26,,0,2,5,1.0897,1,273,0.1475,541.1,818,0,0.015669,0.517053,-0.948105,1088000,14292.1
1089,1000,137.6072,14,0.28,,1,0,5,2.0616,1,422,0.155,661.8,169,0,0.01567,0.731318,-1.887007,1089000,14302.6
1090,1000,226.2179,15,0.3,,1,0,5,2.1651,3,59,0.0798,614.0,260,0,0.015842,0.440155,-2.41989,1090000,14312.7
1091,1000,106.9181,13,0.26,,1,0,5,1.9203,0,146,0.1635,775.5,830,0,0.015731,0.353892,-2.035145,1091000,14322.9
1092,1000,101.9426,12,0.24,,1,0,5,2.1213,0,0,0.0585,702.5,755,0,0.015831,0.35589,-2.472408,1092000,14333.7
1093,1000,126.8503,15,0.3,,1,0,5,2.1651,0,168,0.181,658.1,688,0,0.01587,0.811679,-1.354578,1093000,14345.0
1094,1000,85.1916,11,0.22,,1,0,5,1.7854,0,161,0.22,652.6,726,0,0.015525,0.632681,-1.600176,1094000,14356.1
1095,1000,118.7401,14,0.28,,1,0,5,2.0616,0,33,0.0872,635.3,625,0,0.015761,0.328991,-2.027303,1095000,14366.5
1096,1000,89.5752,13,0.26,,1,0,5,2.0463,0,66,0.1298,729.6,752,0,0.015789,0.454797,-2.782736,1096000,14376.9
1097,1000,123.3554,13,0.26,,1,0,9,3.4911,1,190,0.0927,609.3,948,0,0.016139,1.001061,-2.970733,1097000,14387.9
1098,1000,37.9188,8,0.16,,1,0,5,1.8708,0,404,0.1623,632.9,830,0,0.016366,0.516817,-1.847626,1098000,14398.4
1099,1000,103.5387,13,0.26,,1,0,5,1.9203,0,316,0.1108,612.6,936,0,0.016288,0.587622,-3.086461,1099000,14408.8
1100,1000,101.3999,14,0.28,,1,0,5,2.0616,0,336,0.3008,879.8,975,0,0.016021,0.35802,-0.990595,1100000,14419.7
1101,1000,94.235,12,0.24,,1,0,5,1.8708,0,2,0.1363,661.1,639,0,0.016201,0.5546,-1.917871,1101000,14442.4
1102,1000,86.2131,12,0.24,,1,0,5,1.8708,0,368,0.1105,673.4,994,0,0.016212,0.605691,-1.635069,1102000,14453.2
1103,1000,63.6912,9,0.18,,1,0,4,1.479,0,206,0.002,509.1,677,0,0.01612,0.36808,-2.810316,1103000,14464.2
1104,1000,90.55,13,0.26,,1,0,5,1.9203,0,209,0.1293,731.3,628,0,0.016284,0.609394,-3.161027,1104000,14474.8
1105,1000,68.7834,9,0.18,,2,0,5,2.2776,0,158,0.3242,949.3,650,0,0.016615,0.792456,-1.085531,1105000,14485.8
1106,1000,105.4314,10,0.2,,2,0,5,2.5,1,0,0.0895,606.7,598,0,0.017048,0.482081,-1.976413,1106000,14496.4
1107,1000,108.0096,12,0.24,,1,0,5,1.8708,0,11,0.1643,662.8,720,0,0.017279,0.469352,-1.571504,1107000,14507.4
1108,1000,136.3397,12,0.24,,1,0,6,2.5495,1,14,0.214,650.8,909,0,0.016995,0.577755,-1.9847,1108000,14517.7
1109,1000,97.1695,12,0.24,,1,0,5,1.8708,0,154,0.1305,694.5,782,0,0.017072,0.605721,-1.130168,1109000,14527.9
1110,1000,205.207,19,0.38,,1,0,9,3.1918,1,137,0.195,635.1,886,0,0.017078,0.4085,-1.084173,1110000,14538.0
1111,1000,73.8682,9,0.18,,1,0,6,2.2776,1,185,0.0887,558.1,933,0,0.016617,0.703105,-1.488777,1111000,14548.2
1112,1000,115.068,13,0.26,,1,0,5,2.0463,0,280,0.2915,820.4,196,0,0.016737,1.492057,-1.492245,1112000,14559.0
1113,1000,91.3118,12,0.24,,1,0,5,1.8708,0,0,0.0053,517.9,936,0,0.016809,1.000656,-1.905259,1113000,14569.2
1114,1000,143.6177,14,0.28,,1,0,5,2.0616,1,154,0.1623,872.2,981,0,0.016871,0.548903,-1.422123,1114000,14579.9
1115,1000,57.0069,9,0.18,,1,0,5,1.9203,0,2,0.3417,753.1,776,0,0.01687,0.473158,-2.075168,1115000,14591.3
1116,1000,151.9118,14,0.28,,1,0,5,2.0616,1,36,0.0493,719.2,378,0,0.016392,0.415412,-1.003574,1116000,14602.0
1117,1000,85.0418,13,0.26,,1,0,5,1.9203,0,83,0.128,563.5,154,0,0.016292,0.408156,-0.432102,1117000,14612.4
1118,1000,104.1493,13,0.26,,1,0,5,1.9203,0,0,0.0805,669.0,410,0,0.016011,0.326102,-1.095312,1118000,14623.3
1119,1000,150.8918,14,0.28,,1,0,6,2.2913,1,60,0.065,548.3,844,0,0.016144,0.361099,-1.413616,1119000,14633.8
1120,1000,108.6358,14,0.28,,1,0,5,2.0616,0,27,0.2193,737.8,209,0,0.016247,0.500766,-1.44194,1120000,14644.1
1121,1000,125.6942,12,0.24,,1,0,6,2.2361,1,82,0.1,580.2,976,0,0.016239,0.420413,-1.243335,1121000,14654.6
1122,1000,210.9232,16,0.32,,1,0,6,2.3452,2,107,0.1288,710.1,940,0,0.016047,0.447637,-2.030402,1122000,14664.9
1123,1000,152.2258,13,0.26,,1,0,5,2.0463,1,231,0.175,768.1,864,0,0.016374,0.592124,-2.306344,1123000,14675.1
1124,1000,194.5451,15,0.3,,1,0,6,2.2776,2,5,0.1797,719.2,723,0,0.016601,2.84201,-1.257434,1124000,14685.4
1125,1000,128.1947,14,0.28,,1,0,5,2.0616,0,1,0.214,647.1,780,0,0.015848,0.855662,-0.959256,1125000,14696.4
1126,1000,167.3317,15,0.3,,1,0,6,2.2776,1,290,0.1045,583.5,925,0,0.0158,0.469364,-0.090264,1126000,14707.1
1127,1000,147.2199,13,0.26,,1,0,5,2.0463,1,461,0.26,740.1,273,0,0.015999,0.690928,-0.818468,1127000,14718.0
1128,1000,221.1267,17,0.34,,1,0,7,2.681,2,325,0.1495,721.0,901,0,0.015984,0.374469,-0.664332,1128000,14728.9
1129,1000,174.7942,15,0.3,,1,0,6,2.2776,1,220,0.2198,684.2,663,0,0.015684,0.612589,-1.194139,1129000,14739.4
1130,1000,240.2485,20,0.4,,1,0,10,3.6056,2,215,0.1532,705.8,837,0,0.01553,0.312582,-1.507808,1130000,14750.7
1131,1000,203.4635,15,0.3,,1,0,6,2.2776,2,1,0.151,626.8,627,0,0.015311,0.554848,-1.747128,1131000,14761.1
1132,1000,152.7921,15,0.3,,1,0,6,2.2776,1,298,0.1725,681.8,835,0,0.01536,0.491038,-1.490687,1132000,14771.9
1133,1000,119.7854,14,0.28,,1,0,5,2.0616,0,282,0.3925,995.5,135,0,0.01525,1.290178,-0.796307,1133000,14782.8
1134,1000,180.9837,16,0.32,,1,0,6,2.3452,1,36,0.077,732.8,802,0,0.015077,0.586461,-0.768895,1134000,14793.3
1135,1000,113.4877,13,0.26,,1,0,5,2.0463,0,34,0.0757,581.1,214,0,0.015347,1.1527,-1.483314,1135000,14804.2
1136,1000,218.2161,18,0.36,,1,0,8,2.958,2,278,0.083,725.9,879,0,0.015064,0.728135,-0.114614,1136000,14816.0
1137,1000,103.6289,13,0.26,,1,0,5,2.0463,0,194,0.134,666.3,362,0,0.015178,0.644364,-1.897819,1137000,14827.5
1138,1000,97.4983,13,0.26,,1,0,5,2.0463,0,152,0.234,631.0,105,0,0.014799,0.826806,-1.772963,1138000,14837.7
1139,1000,97.3466,13,0.26,,1,0,5,2.0463,0,178,0.304,782.0,399,0,0.01489,0.607015,-0.922108,1139000,14848.3
1140,1000,102.4816,12,0.24,,1,0,5,1.8708,0,100,0.2545,803.5,863,0,0.014979,0.341537,-1.392729,1140000,14858.9
1141,1000,146.3414,16,0.32,,0,1,5,1.7321,0,71,0.095,571.4,657,0,0.01518,0.346773,-1.249297,1141000,14869.3
1142,1000,116.4922,14,0.28,,1,0,5,2.0616,0,60,0.2792,640.3,390,0,0.014858,0.317586,-1.149035,1142000,14879.5
1143,1000,124.6625,14,0.28,,1,0,5,2.0616,0,224,0.117,889.9,607,0,0.015082,0.390455,-0.764385,1143000,14890.0
1144,1000,43.0251,8,0.16,,1,0,5,1.8708,0,32,0.1985,566.2,162,0,0.015062,0.343767,-1.848122,1144000,14900.6
1145,1000,112.4059,14,0.28,,1,0,5,2.0616,0,0,0.1155,582.4,345,0,0.01482,0.365048,-0.983844,1145000,14911.1
1146,1000,164.5607,15,0.3,,1,0,5,2.1651,1,11,0.1495,608.5,461,0,0.014991,0.484194,-0.858276,1146000,14922.1
1147,1000,67.8984,9,0.18,,1,0,4,1.479,0,0,0.0343,523.0,444,0,0.014555,0.540437,-1.128451,1147000,14932.7
1148,1000,170.1744,15,0.3,,1,0,5,2.1651,1,277,0.2445,694.3,946,0,0.014462,0.685615,-1.736482,1148000,14943.2
1149,1000,154.7859,16,0.32,,1,0,8,2.9155,1,615,0.1945,913.3,719,0,0.014493,0.566681,-1.429357,1149000,14952.9
1150,1000,184.1833,17,0.34,,1,0,8,2.8614,1,626,0.221,747.1,695,0,0.014638,0.437582,-1.407761,1150000,14963.7
1151,1000,135.6006,14,0.28,,1,0,5,2.0616,0,239,0.2245,805.5,418,0,0.014589,0.395695,-1.519645,1151000,14987.6
1152,1000,99.5149,14,0.28,,1,0,5,2.0616,0,144,0.0563,568.0,936,0,0.014455,0.437985,-1.577852,1152000,14998.2
1153,1000,159.8309,15,0.3,,1,0,5,2.1651,1,20,0.0885,711.0,366,0,0.014333,0.391342,-1.947839,1153000,15008.5
1154,1000,150.1878,13,0.26,,1,0,5,2.0463,1,20,0.1355,584.7,254,0,0.014566,0.604388,-1.438283,1154000,15019.0
1155,1000,188.3741,14,0.28,,1,0,6,2.2913,2,682,0.2165,657.2,933,0,0.014578,0.565188,-2.947152,1155000,15029.3
1156,1000,136.0864,13,0.26,,1,0,6,2.1651,1,198,0.252,793.4,998,0,0.014682,0.419816,-2.012486,1156000,15039.6
1157,1000,165.5983,15,0.3,,1,0,5,2.1651,1,828,0.333,787.7,634,0,0.014773,0.420945,-2.326469,1157000,15050.0
1158,1000,156.5389,14,0.28,,1,0,6,2.1794,1,137,0.072,717.3,821,0,0.014491,0.232298,-0.32384,1158000,15060.2
1159,1000,170.6374,15,0.3,,1,0,5,2.1651,1,233,0.137,825.5,525,0,0.014218,0.70788,-1.473547,1159000,15070.7
1160,1000,123.2236,15,0.3,,1,0,5,2.1651,0,0,0.1273,568.8,582,0,0.014398,0.509399,-2.15717,1160000,15081.1
1161,1000,101.2202,12,0.24,,1,0,5,1.8708,0,26,0.1343,604.5,185,0,0.01417,0.340783,-1.048105,1161000,15091.6
1162,1000,197.3974,17,0.34,,1,0,8,2.8614,1,150,0.2517,759.8,987,0,0.014177,0.404315,-0.592121,1162000,15102.4
1163,1000,185.3575,16,0.32,,1,0,7,2.5495,1,204,0.126,624.5,607,0,0.013846,0.377044,-1.153005,1163000,15112.7
1164,1000,154.6679,14,0.28,,1,0,5,2.0616,1,72,0.0307,742.5,468,0,0.01382,0.484238,-1.784108,1164000,15123.2
1165,1000,166.5544,15,0.3,,1,0,6,2.2776,1,31,0.078,585.6,837,0,0.013631,0.312799,-1.619528,1165000,15134.6
1166,1000,110.5208,14,0.28,,1,0,5,2.0616,0,579,0.4153,864.8,546,0,0.013609,0.261575,-2.499941,1166000,15145.8
1167,1000,187.6264,17,0.34,,1,0,7,2.586,1,177,0.2597,662.1,787,0,0.013719,0.66471,-1.626527,1167000,15156.6
1168,1000,162.7213,14,0.28,,1,0,5,2.0616,1,76,0.1872,908.5,342,0,0.013705,0.270721,-2.032923,1168000,15167.1
1169,1000,109.7797,11,0.22,,1,0,5,1.7854,1,1,0.1948,580.0,744,0,0.013645,0.387331,-1.012237,1169000,15177.9
1170,1000,98.1415,12,0.24,,1,0,5,1.8708,0,484,0.227,816.4,869,0,0.013913,0.325912,-1.453992,1170000,15188.5
1171,1000,213.743,18,0.36,,1,0,8,2.8723,1,6,0.1968,696.9,972,0,0.013478,1.123347,-2.224856,1171000,15199.4
1172,1000,76.2502,10,0.2,,1,0,5,1.8028,0,401,0.224,775.7,325,0,0.013804,0.313672,-0.701036,1172000,15209.6
1173,1000,264.9742,19,0.38,,1,0,9,3.1918,3,44,0.1968,736.4,865,0,0.013671,0.378632,-2.015229,1173000,15220.5
1174,1000,134.4636,12,0.24,,1,0,5,1.8708,1,320,0.1658,755.8,113,0,0.013457,0.81717,-1.430507,1174000,15231.1
1175,1000,163.2076,14,0.28,,1,0,5,2.0616,1,87,0.2095,701.8,735,0,0.013584,0.34168,-2.196284,1175000,15241.6
1176,1000,180.9996,16,0.32,,1,0,6,2.3452,1,163,0.1555,858.7,978,0,0.013574,0.539127,-0.633171,1176000,15252.0
1177,1000,111.5901,13,0.26,,1,0,5,1.9203,0,535,0.1482,787.3,916,0,0.013528,0.302969,-0.733491,1177000,15262.8
1178,1000,179.3035,15,0.3,,1,0,5,2.1651,1,273,0.1275,572.0,892,0,0.014055,0.402718,-1.021309,1178000,15273.7
1179,1000,156.9454,14,0.28,,1,0,5,2.0616,1,52,0.1685,705.7,246,0,0.013669,0.265081,-1.52808,1179000,15285.0
1180,1000,112.5579,14,0.28,,1,0,5,2.0616,0,37,0.2642,765.1,248,0,0.013567,0.289873,-1.330584,1180000,15295.6
1181,1000,135.6618,14,0.28,,1,0,5,2.0616,0,92,0.2395,992.6,622,0,0.013693,0.310995,-2.204063,1181000,15305.3
1182,1000,102.82,13,0.26,,1,0,5,1.9203,0,260,0.1527,824.7,225,0,0.013774,0.265026,-0.963337,1182000,15314.4
1183,1000,129.9349,13,0.26,,1,0,5,2.0463,1,45,0.088,827.4,250,0,0.013552,0.28461,-0.738391,1183000,15322.7
1184,1000,99.0016,13,0.26,,0,1,5,1.479,0,55,0.1525,674.4,746,0,0.013383,0.460829,-0.746908,1184000,15331.3
1185,1000,71.124,10,0.2,,1,0,4,1.6583,0,0,0.277,744.0,787,0,0.013447,0.296988,-1.454904,1185000,15339.9
1186,1000,108.744,13,0.26,,1,0,5,2.0463,0,417,0.199,803.3,970,0,0.013551,0.338994,-0.978761,1186000,15347.9
1187,1000,125.7832,14,0.28,,1,0,5,2.0616,0,54,0.2652,709.6,679,0,0.013949,0.307408,-0.497289,1187000,15356.5
1188,1000,53.5579,8,0.16,,1,0,3,1.2247,0,431,0.2225,595.8,593,0,0.014178,0.383413,-1.164379,1188000,15364.6
1189,1000,89.5061,11,0.22,,1,0,5,1.9203,0,322,0.216,678.4,723,0,0.013968,0.282031,-0.96178,1189000,15372.6
1190,1000,74.0948,9,0.18,,2,0,5,2.2776,0,1,0.15,603.3,920,0,0.014067,0.454646,-1.155199,1190000,15380.5
1191,1000,73.5806,10,0.2,,1,0,5,1.8028,0,214,0.1237,556.8,695,0,0.014251,0.795064,-1.120666,1191000,15388.7
1192,1000,167.0123,12,0.24,,1,0,5,2.1213,2,321,0.156,844.6,454,0,0.014221,0.313194,-1.070801,1192000,15397.4
1193,1000,173.781,13,0.26,,1,0,7,2.8614,2,11,0.0508,607.2,957,0,0.014112,0.378808,-1.272704,1193000,15406.2
1194,1000,57.3524,9,0.18,,1,0,4,1.479,0,246,0.2382,665.9,279,0,0.013843,0.337059,-1.158762,1194000,15414.6
1195,1000,105.623,12,0.24,,1,0,5,1.8708,0,127,0.2525,623.1,570,0,0.013967,0.302001,-1.791929,1195000,15422.8
1196,1000,230.7229,18,0.36,,1,0,9,3.6401,2,78,0.1705,619.8,972,0,0.014176,0.706236,-0.629371,1196000,15431.3
1197,1000,101.7083,9,0.18,,1,0,5,1.7854,1,137,0.2132,820.2,976,0,0.014074,1.050072,-0.423025,1197000,15439.7
1198,1000,89.2138,12,0.24,,1,0,5,1.8708,0,298,0.359,653.5,187,0,0.014006,0.668592,-1.442574,1198000,15447.9
1199,1000,102.5819,13,0.26,,1,0,5,2.0463,0,280,0.1797,687.5,745,0,0.013927,0.756381,-1.420495,1199000,15456.2
1200,1000,114.7216,13,0.26,,1,0,5,1.9203,0,5,0.1507,714.4,345,0,0.01365,0.417281,-1.041281,1200000,15464.8
1201,1000,83.5277,12,0.24,,1,0,5,1.8708,0,307,0.1475,661.6,833,0,0.013501,0.717664,-1.43458,1201000,15482.2
1202,1000,179.0692,16,0.32,,1,0,8,2.9155,1,3,0.1532,625.9,982,0,0.01347,0.567582,-1.523496,1202000,15490.1
1203,1000,101.3938,14,0.28,,1,0,5,2.0616,0,457,0.3088,739.2,179,0,0.01326,0.456927,-0.755781,1203000,15498.2
1204,1000,214.4509,18,0.36,,1,0,8,2.8723,2,365,0.1062,701.3,994,0,0.013491,0.354605,-1.20114,1204000,15506.2
1205,1000,153.4856,15,0.3,,1,0,6,2.2776,1,571,0.148,627.3,848,0,0.01315,0.384498,-1.330814,1205000,15514.4
1206,1000,115.0324,11,0.22,,1,0,5,1.7854,1,218,0.255,650.0,101,0,0.012987,0.469117,-0.879694,1206000,15522.4
1207,1000,128.2017,14,0.28,,1,0,5,2.0616,0,246,0.2597,819.9,233,0,0.012994,0.243547,-1.014283,1207000,15530.3
1208,1000,165.8454,15,0.3,,1,0,6,2.2776,1,95,0.1872,633.9,747,0,0.013351,0.236648,-1.634201,1208000,15538.3
1209,1000,134.8625,12,0.24,,1,0,5,1.8708,1,7,0.1285,597.5,279,0,0.01341,0.438459,-1.880092,1209000,15546.5
1210,1000,130.0957,15,0.3,,1,0,5,2.1651,0,21,0.0882,577.1,655,0,0.013219,0.563958,-1.789194,1210000,15554.6
1211,1000,201.4019,15,0.3,,1,0,6,2.2776,2,12,0.1133,699.4,944,0,0.013094,0.625347,-0.959055,1211000,15562.7
1212,1000,127.9754,14,0.28,,1,0,5,2.0616,0,40,0.231,796.9,220,0,0.013377,0.393126,-1.251395,1212000,15570.6
1213,1000,127.853,15,0.3,,1,0,5,2.1651,0,87,0.183,849.4,272,0,0.013397,0.839461,-1.424243,1213000,15578.6
1214,1000,174.2664,15,0.3,,1,0,5,2.1651,1,173,0.308,973.8,426,0,0.013576,0.295692,-1.146442,1214000,15586.5
1215,1000,63.9724,11,0.22,,1,0,4,1.6394,0,0,0.159,601.0,993,0,0.01346,0.468207,-1.201556,1215000,15594.8
1216,1000,118.7537,14,0.28,,1,0,5,2.0616,0,0,0.176,708.5,145,0,0.01341,0.235998,-0.720884,1216000,15603.4
1217,1000,125.1725,14,0.28,,1,0,5,2.0616,0,165,0.1405,726.8,668,0,0.013289,0.396202,-0.76538,1217000,15611.5
1218,1000,138.9091,15,0.3,,1,0,5,2.1651,1,830,0.1575,913.5,641,0,0.013303,0.361272,-1.026631,1218000,15619.8
1219,1000,126.5313,15,0.3,,1,0,5,2.1651,0,127,0.2285,779.4,492,0,0.012991,0.39071,-0.871689,1219000,15627.8
1220,1000,245.7101,16,0.32,,1,0,6,2.3452,3,317,0.2958,861.6,877,0,0.012706,0.314999,-1.990435,1220000,15635.8
1221,1000,201.5212,15,0.3,,1,0,5,2.1651,2,543,0.197,705.9,489,0,0.0127,0.315743,-1.185539,1221000,15644.2
1222,1000,189.6307,15,0.3,,2,0,8,3.7666,2,183,0.1545,560.8,974,0,0.012928,0.354331,-0.286855,1222000,15652.3
1223,1000,108.4676,14,0.28,,1,0,5,2.0616,0,1746,0.4525,786.0,288,0,0.012844,0.330801,-1.259017,1223000,15660.5
1224,1000,157.1648,14,0.28,,1,0,8,2.8723,1,41,0.101,633.6,956,0,0.012686,0.434914,-2.349317,1224000,15668.6
1225,1000,117.7712,15,0.3,,0,1,5,1.6394,0,149,0.2037,634.7,918,0,0.012433,0.503205,0.000991,1225000,15676.7
1226,1000,110.2013,14,0.28,,1,0,5,2.0616,0,1003,0.345,787.1,431,0,0.012469,0.66103,-1.68112,1226000,15684.8
1227,1000,204.4935,16,0.32,,0,1,5,1.7321,2,380,0.2243,809.8,940,0,0.012463,0.252203,-1.890982,1227000,15692.6
1228,1000,136.2453,14,0.28,,1,0,5,2.0616,1,293,0.1472,649.6,809,0,0.01254,0.49133,-1.617065,1228000,15700.7
1229,1000,162.4877,15,0.3,,1,0,5,2.1651,1,240,0.2233,730.4,363,0,0.012192,0.3625,-0.809371,1229000,15709.0
1230,1000,104.5697,13,0.26,,1,0,5,1.9203,0,0,0.1163,702.3,205,0,0.012278,0.390973,-0.942468,1230000,15716.9
1231,1000,128.0941,11,0.22,,1,0,5,1.7854,1,22,0.0955,523.8,879,0,0.01245,0.271114,-0.423473,1231000,15724.9
1232,1000,118.6351,14,0.28,,1,0,5,2.0616,0,0,0.1035,613.6,281,0,0.012498,0.462281,-1.165961,1232000,15732.6
1233,1000,141.7168,14,0.28,,1,0,6,2.2913,1,72,0.1487,750.3,898,0,0.012779,0.83797,-1.526064,1233000,15740.4
1234,1000,124.1585,14,0.28,,1,0,5,2.0616,0,123,0.1915,720.2,791,0,0.012725,0.203373,-1.349306,1234000,15748.5
1235,1000,186.5168,17,0.34,,1,0,7,2.586,1,11,0.1467,677.8,837,0,0.012788,0.237288,-1.454453,1235000,15756.2
1236,1000,141.174,15,0.3,,1,0,5,2.1651,0,10,0.1525,728.7,544,0,0.012892,0.48216,-2.13378,1236000,15764.0
1237,1000,196.3694,15,0.3,,1,0,5,2.1651,2,89,0.134,651.4,442,0,0.012679,0.309933,-1.611954,1237000,15771.8
1238,1000,154.6785,16,0.32,,1,0,7,2.5495,1,0,0.117,577.2,474,0,0.013028,0.253494,-1.322546,1238000,15779.5
1239,1000,163.0441,14,0.28,,1,0,5,2.0616,1,13,0.1928,797.9,143,0,0.013062,0.310011,-0.947804,1239000,15787.4
1240,1000,203.7913,15,0.3,,1,0,5,2.1651,2,0,0.1025,693.3,496,0,0.012859,0.266175,-1.41479,1240000,15795.4
1241,1000,165.4168,15,0.3,,1,0,5,2.1651,1,542,0.2472,913.7,665,0,0.012866,0.229482,-0.92645,1241000,15803.4
1242,1000,164.7597,15,0.3,,1,0,5,2.1651,1,9,0.122,667.3,221,0,0.012749,0.221857,-0.423755,1242000,15811.6
1243,1000,167.5802,15,0.3,,1,0,6,2.2776,1,272,0.1507,789.8,985,0,0.012696,0.212317,-1.87471,1243000,15820.4
1244,1000,248.8467,16,0.32,,1,0,6,2.3452,3,502,0.2492,887.8,998,0,0.012648,0.322142,-1.214619,1244000,15828.6
1245,1000,164.6652,15,0.3,,1,0,5,2.1651,1,1093,0.317,830.8,709,0,0.012643,0.276038,-0.863406,1245000,15836.6
1246,1000,98.4036,12,0.24,,0,1,5,1.5811,0,429,0.3202,786.9,816,0,0.012664,0.790291,-0.682644,1246000,15844.9
1247,1000,117.3366,12,0.24,,1,0,5,1.8708,1,682,0.117,569.3,517,0,0.012638,0.324672,-0.696821,1247000,15852.6
1248,1000,150.2611,14,0.28,,1,0,5,2.0616,1,4,0.0622,799.0,462,0,0.012534,0.317685,-0.366271,1248000,15860.4
1249,1000,65.1724,9,0.18,,1,0,4,1.479,0,113,0.0467,526.9,115,0,0.012572,0.225909,-1.203637,1249000,15868.1
1250,1000,126.4923,14,0.28,,1,0,5,2.0616,0,253,0.0703,681.3,526,0,0.012485,0.385881,-1.098849,1250000,15876.2
1251,1000,87.4978,11,0.22,,1,0,5,1.9203,0,442,0.1973,776.1,995,0,0.012415,0.248579,-1.141528,1251000,15893.9
1252,1000,135.3075,13,0.26,,1,0,5,2.0463,1,0,0.0423,558.6,607,0,0.012313,0.307384,-0.956807,1252000,15902.0
1253,1000,104.4704,12,0.24,,1,0,5,1.8708,0,17,0.167,632.1,304,0,0.012521,0.276595,-0.819297,1253000,15910.0
1254,1000,107.4879,13,0.26,,1,0,5,1.9203,0,919,0.4497,754.5,439,0,0.012423,0.413302,-1.146296,1254000,15918.1
1255,1000,118.5664,13,0.26,,1,0,5,2.0463,0,122,0.1103,615.1,905,0,0.012655,0.335189,-1.067006,1255000,15926.4
1256,1000,166.8535,15,0.3,,1,0,6,2.2776,1,0,0.1345,803.2,921,0,0.012866,0.229232,-1.305102,1256000,15934.2
1257,1000,87.1411,13,0.26,,1,0,5,2.0463,0,351,0.225,680.1,383,0,0.013138,0.248982,-1.290218,1257000,15941.9
1258,1000,130.2156,14,0.28,,1,0,5,2.0616,0,0,0.0442,596.9,908,0,0.013084,0.4074,-1.735233,1258000,15949.8
1259,1000,154.3051,14,0.28,,1,0,5,2.0616,1,42,0.2455,849.8,457,0,0.012952,0.265839,-1.040903,1259000,15957.8
1260,1000,82.9761,10,0.2,,1,0,4,1.6583,0,0,0.1775,585.9,153,0,0.012992,0.305607,-1.830724,1260000,15966.0
1261,1000,92.5423,12,0.24,,1,0,5,1.8708,0,1237,0.334,928.7,97,0,0.013089,0.553931,-2.042867,1261000,15974.1
1262,1000,163.7886,15,0.3,,1,0,6,2.2776,1,141,0.2933,814.6,683,0,0.013056,0.232978,-0.812196,1262000,15982.2
1263,1000,125.9525,14,0.28,,1,0,5,2.0616,0,123,0.1345,756.7,272,0,0.012837,0.290931,-1.012247,1263000,15990.2
1264,1000,84.5486,12,0.24,,1,0,5,1.8708,0,1128,0.2162,660.0,201,0,0.012831,0.269957,-1.373303,1264000,15998.5
1265,1000,193.383,15,0.3,,0,1,5,1.6394,2,26,0.0645,584.0,641,0,0.012764,0.451951,-1.650074,1265000,16006.1
1266,1000,103.2608,12,0.24,,1,0,5,1.8708,0,131,0.1177,688.6,785,0,0.012864,0.24839,-1.382848,1266000,16013.9
1267,1000,173.5672,15,0.3,,1,0,5,2.1651,1,98,0.1092,810.8,322,0,0.012819,0.792249,-1.816106,1267000,16021.6
1268,1000,184.8699,18,0.36,,1,0,10,3.6401,1,44,0.11,613.8,912,0,0.012936,0.427014,-1.672988,1268000,16029.8
1269,1000,227.4474,17,0.34,,1,0,6,2.4875,2,185,0.1477,859.6,932,0,0.012602,0.234582,-2.223547,1269000,16037.7
1270,1000,174.6768,16,0.32,,1,0,7,2.5495,1,261,0.2313,832.5,838,0,0.012365,0.317622,-1.932124,1270000,16045.5
1271,1000,129.8812,15,0.3,,1,0,5,2.1651,0,606,0.401,856.1,947,0,0.012725,0.460099,-1.741664,1271000,16053.7
1272,1000,125.9598,14,0.28,,1,0,5,2.0616,0,0,0.1722,621.8,943,0,0.012569,0.185212,-0.361749,1272000,16061.9
1273,1000,112.958,14,0.28,,1,0,5,2.0616,0,492,0.277,717.8,285,0,0.012347,0.314353,-1.013907,1273000,16070.0
1274,1000,134.6716,14,0.28,,1,0,5,2.0616,0,0,0.2107,781.6,297,0,0.012615,0.62733,-1.001536,1274000,16078.0
1275,1000,139.9458,13,0.26,,1,0,5,2.0463,1,0,0.071,553.6,140,0,0.012399,0.361447,-1.948665,1275000,16086.4
1276,1000,189.9206,14,0.28,,1,0,5,2.0616,2,427,0.1772,828.3,308,0,0.012492,0.304321,-1.672663,1276000,16094.5
1277,1000,117.0441,14,0.28,,1,0,5,2.0616,0,183,0.1368,823.3,345,0,0.012447,0.281309,-1.776856,1277000,16103.0
1278,1000,193.5211,14,0.28,,1,0,5,2.0616,2,414,0.3675,940.1,308,0,0.012435,0.23499,-1.045819,1278000,16111.4
1279,1000,85.1682,12,0.24,,1,0,5,2.1213,0,352,0.2213,761.7,302,0,0.012564,0.479993,-1.514389,1279000,16119.7
1280,1000,182.8692,17,0.34,,1,0,9,3.2692,1,476,0.201,744.4,597,0,0.01221,0.254447,-1.023152,1280000,16128.1
1281,1000,130.7652,14,0.28,,1,0,5,2.0616,0,115,0.4065,760.7,406,0,0.012384,0.216451,-0.878633,1281000,16136.3
1282,1000,82.1899,11,0.22,,1,0,4,1.6394,0,1,0.1268,536.5,538,0,0.012643,0.388201,-2.138031,1282000,16144.7
1283,1000,121.5213,14,0.28,,1,0,5,2.0616,0,51,0.1153,829.3,330,0,0.012363,0.40588,-2.150767,1283000,16152.5
1284,1000,168.533,14,0.28,,1,0,5,2.0616,1,23,0.2665,853.1,214,0,0.012318,0.307427,-1.057781,1284000,16161.2
1285,1000,103.1116,13,0.26,,1,0,5,2.0463,0,32,0.1242,624.1,164,0,0.01253,0.383013,-1.049156,1285000,16169.1
1286,1000,197.1241,15,0.3,,1,0,5,2.1651,2,103,0.0948,749.7,248,0,0.012516,0.303378,-1.57128,1286000,16176.9
1287,1000,80.7863,9,0.18,,1,0,5,1.9203,1,0,0.06,519.3,771,0,0.012374,0.322912,-1.350089,1287000,16184.7
1288,1000,212.5398,15,0.3,,1,0,5,2.1651,3,27,0.0272,604.0,371,0,0.012183,0.472292,-1.096145,1288000,16192.3
1289,1000,179.5575,13,0.26,,1,0,5,2.0463,2,20,0.1915,724.4,205,0,0.012055,0.489371,-1.157188,1289000,16200.6
1290,1000,183.1433,17,0.34,,1,0,7,2.586,1,283,0.0865,709.4,712,0,0.012139,0.670132,-1.119015,1290000,16209.0
1291,1000,98.2171,13,0.26,,1,0,5,1.9203,0,19,0.0968,660.9,842,0,0.012099,0.370675,-1.237899,1291000,16217.3
1292,1000,164.2044,15,0.3,,1,0,5,2.1651,1,608,0.267,825.1,589,0,0.012128,0.397391,-1.649195,1292000,16225.4
1293,1000,48.0051,7,0.14,,1,0,4,1.479,0,53,0.3653,598.6,784,0,0.012163,0.222996,-1.096299,1293000,16233.5
1294,1000,165.9861,15,0.3,,1,0,6,2.2776,1,153,0.2003,827.2,787,0,0.012082,0.431949,-1.168814,1294000,16241.8
1295,1000,147.6943,14,0.28,,1,0,5,2.0616,1,4,0.0808,595.9,485,0,0.01239,0.304523,-1.044125,1295000,16249.9
1296,1000,160.2653,15,0.3,,1,0,5,2.1651,1,76,0.2572,860.8,612,0,0.011895,0.448112,-2.018898,1296000,16257.9
1297,1000,137.9902,14,0.28,,1,0,5,2.0616,1,64,0.1235,778.6,149,0,0.01184,0.387446,-2.536643,1297000,16265.9
1298,1000,141.3714,15,0.3,,1,0,5,2.1651,0,117,0.1845,740.0,333,0,0.011709,0.301851,-0.704676,1298000,16273.4
1299,1000,160.766,14,0.28,,1,0,5,2.0616,1,55,0.1983,792.1,344,0,0.011687,0.413873,-2.077341,1299000,16280.4
1300,1000,130.3519,12,0.24,,1,0,5,2.1213,1,191,0.1333,741.6,792,0,0.011715,0.279761,-0.723048,1300000,16288.5
1301,1000,70.8752,12,0.24,,1,0,5,2.1213,0,90,0.037,552.7,914,0,0.011712,0.35467,-0.62296,1301000,16306.7
1302,1000,130.9443,14,0.28,,1,0,5,2.0616,0,179,0.3493,576.9,429,0,0.011782,0.40528,-0.971694,1302000,16315.8
1303,1000,98.8957,13,0.26,,1,0,5,1.9203,0,0,0.1235,565.2,168,0,0.012012,0.371204,-0.414181,1303000,16324.9
1304,1000,70.2374,7,0.14,,2,0,5,2.0463,1,34,0.0367,607.6,156,0,0.012023,0.333152,-0.480725,1304000,16333.5
1305,1000,131.2498,15,0.3,,1,0,5,2.1651,0,142,0.1512,634.0,530,0,0.012258,0.229902,-1.016583,1305000,16342.1
1306,1000,199.3914,15,0.3,,1,0,8,3.0311,2,1,0.057,570.6,858,0,0.012384,0.27947,-0.590442,1306000,16351.0
1307,1000,125.1075,14,0.28,,1,0,5,2.0616,0,13,0.0483,734.5,172,0,0.012391,0.366877,-1.737551,1307000,16359.7
1308,1000,52.817,11,0.22,,1,0,4,1.6394,0,203,0.2198,584.0,204,0,0.012427,0.198539,0.656762,1308000,16368.4
1309,1000,124.5117,13,0.26,,1,0,5,2.0463,1,0,0.0408,647.7,201,0,0.01241,0.345808,-1.219343,1309000,16376.7
1310,1000,72.1434,12,0.24,,1,0,5,1.8708,0,1056,0.3483,804.4,348,0,0.012425,0.655383,-1.923867,1310000,16385.0
1311,1000,136.7156,13,0.26,,1,0,5,2.0463,1,322,0.188,641.4,656,0,0.012406,0.221735,-1.418564,1311000,16392.8
1312,1000,120.7524,13,0.26,,1,0,5,2.0463,1,0,0.0493,559.3,223,0,0.012385,0.362166,-2.058448,1312000,16400.9
1313,1000,155.9405,14,0.28,,1,0,5,2.0616,1,613,0.3625,788.2,603,0,0.012506,0.51088,-1.394535,1313000,16408.7
1314,1000,124.0004,14,0.28,,1,0,5,2.0616,0,334,0.3618,787.3,196,0,0.012509,0.262803,-0.936529,1314000,16416.5
1315,1000,125.7673,15,0.3,,1,0,5,2.1651,0,71,0.248,612.5,944,0,0.012353,0.319503,-1.251885,1315000,16424.5
1316,1000,153.8493,14,0.28,,1,0,5,2.0616,1,159,0.1138,837.4,172,0,0.012217,1.023674,-1.929557,1316000,16432.4
1317,1000,166.4608,14,0.28,,1,0,5,2.0616,1,257,0.264,788.6,275,0,0.012187,0.226858,-0.671986,1317000,16440.4
1318,1000,152.4124,14,0.28,,1,0,5,2.0616,1,209,0.176,726.9,156,0,0.011845,0.267432,-1.262814,1318000,16448.6
1319,1000,131.0228,14,0.28,,1,0,5,2.0616,0,133,0.2082,836.5,211,0,0.011785,0.21619,-0.524261,1319000,16456.4
1320,1000,172.0788,15,0.3,,1,0,5,2.1651,1,187,0.2557,953.0,346,0,0.011877,0.295613,-1.001089,1320000,16464.6
1321,1000,71.8413,10,0.2,,1,0,5,2.0616,0,795,0.1375,627.8,543,0,0.012175,0.311966,-1.64779,1321000,16472.9
1322,1000,149.1658,14,0.28,,1,0,5,2.0616,1,18,0.074,818.7,222,0,0.012012,0.350255,-1.916368,1322000,16480.6
1323,1000,143.9023,13,0.26,,1,0,8,2.9475,1,48,0.0905,554.4,901,0,0.011878,0.341977,-0.979731,1323000,16488.6
1324,1000,92.1875,12,0.24,,1,0,5,1.8708,0,393,0.1232,777.0,432,0,0.012078,0.362855,-0.605129,1324000,16496.5
1325,1000,177.3591,15,0.3,,1,0,5,2.1651,1,352,0.3385,927.1,481,0,0.012112,0.227159,-1.582755,1325000,16504.3
1326,1000,154.04,13,0.26,,1,0,5,2.0463,1,176,0.204,778.7,151,0,0.011941,0.414755,-1.186582,1326000,16512.2
1327,1000,135.7594,15,0.3,,1,0,5,2.1651,0,357,0.266,809.4,778,0,0.012033,0.384292,-0.544707,1327000,16520.4
1328,1000,148.745,14,0.28,,1,0,5,2.0616,1,24,0.0735,583.5,171,0,0.012116,0.243409,-0.386461,1328000,16528.3
1329,1000,100.2279,13,0.26,,1,0,5,1.9203,0,0,0.005,537.8,990,0,0.011898,0.304456,-1.126804,1329000,16536.4
1330,1000,109.0126,14,0.28,,0,1,5,1.5,0,0,0.1125,565.0,661,0,0.011985,0.880468,-2.30936,1330000,16544.4
1331,1000,161.3337,14,0.28,,1,0,5,2.0616,1,222,0.198,811.0,200,0,0.012039,0.571344,-1.812695,1331000,16552.1
1332,1000,136.4323,14,0.28,,1,0,5,2.0616,1,94,0.16,709.2,166,0,0.011763,0.22006,-0.994431,1332000,16559.9
1333,1000,126.1719,12,0.24,,1,0,5,1.8708,1,19,0.0343,581.2,956,0,0.011946,0.495527,-1.438349,1333000,16567.8
1334,1000,77.599,10,0.2,,1,0,5,2.0616,0,0,0.0045,526.5,900,0,0.01218,0.331143,-2.240301,1334000,16575.6
1335,1000,137.0176,15,0.3,,1,0,5,2.1651,0,116,0.2767,642.1,711,0,0.012143,0.54632,-1.833203,1335000,16583.4
1336,1000,143.1144,14,0.28,,1,0,6,2.1794,1,0,0.0138,552.6,944,0,0.012366,0.565595,-1.300148,1336000,16591.5
1337,1000,110.3346,14,0.28,,1,0,5,2.0616,0,108,0.119,721.5,196,0,0.012642,0.247539,-1.145975,1337000,16599.9
1338,1000,97.15,12,0.24,,1,0,5,1.8708,0,194,0.2938,619.6,870,0,0.012552,0.314804,-1.458223,1338000,16608.1
1339,1000,120.4105,13,0.26,,1,0,6,2.1651,1,109,0.0408,577.9,959,0,0.012613,0.445673,-3.00376,1339000,16616.4
1340,1000,152.0018,14,0.28,,1,0,5,2.0616,1,200,0.1562,697.8,962,0,0.012634,0.305739,-1.827796,1340000,16624.5
1341,1000,33.0751,7,0.14,,2,0,5,2.0463,0,50,0.0668,944.8,619,0,0.013234,0.416418,-1.558374,1341000,16632.6
1342,1000,40.2439,7,0.14,,1,0,3,1.299,0,263,0.1973,627.4,713,0,0.013343,1.576552,-1.842877,1342000,16640.7
1343,1000,-1.4342,5,0.1,,3,0,5,2.1651,0,22,0.0867,581.6,557,0,0.013603,0.238186,-1.355326,1343000,16648.8
1344,1000,91.4268,12,0.24,,1,0,5,1.8708,0,9,0.1635,563.8,134,0,0.013266,0.35268,-1.45257,1344000,16657.0
1345,1000,4.9895,4,0.08,,2,0,3,1.2247,0,0,0.0338,519.5,782,0,0.013094,0.327312,-1.541264,1345000,16665.6
1346,1000,92.0647,12,0.24,,1,0,5,1.8708,0,0,0.0483,606.0,597,0,0.013031,0.262261,-0.314024,1346000,16674.1
1347,1000,8.1153,5,0.1,,1,0,3,1.0897,0,0,0.124,619.9,131,0,0.012727,0.556239,-1.627342,1347000,16682.6
1348,1000,104.0919,10,0.2,,1,0,6,2.2913,1,17,0.0783,522.3,990,0,0.012816,0.345945,-1.174266,1348000,16690.8
1349,1000,101.495,12,0.24,,0,1,5,2.0,0,0,0.1492,607.1,771,0,0.012797,0.274371,-0.715085,1349000,16697.4
1350,1000,222.6997,15,0.3,,1,0,5,2.1651,3,14,0.143,751.2,263,0,0.012829,0.278051,-1.635651,1350000,16703.7
1351,1000,84.5866,12,0.24,,1,0,5,1.8708,0,34,0.1822,823.2,476,0,0.012976,0.463032,-1.589188,1351000,16717.0
1352,1000,40.8758,8,0.16,,1,0,4,1.4142,0,252,0.165,597.3,725,0,0.012975,0.664966,-1.195421,1352000,16723.3
1353,1000,75.3227,10,0.2,,1,0,5,2.0616,0,334,0.1165,693.3,988,0,0.012688,0.946984,-0.991601,1353000,16729.7
1354,1000,84.1018,14,0.28,,1,0,5,2.0616,0,217,0.29,746.3,224,0,0.012959,0.457909,-1.680856,1354000,16735.9
1355,1000,112.7221,13,0.26,,1,0,5,1.9203,0,2,0.0245,546.9,170,0,0.013095,0.458125,-2.036704,1355000,16742.1
1356,1000,140.9453,13,0.26,,1,0,6,2.1651,1,427,0.1525,615.1,803,0,0.013122,0.300795,-1.399046,1356000,16748.2
1357,1000,114.58,11,0.22,,2,0,7,2.9475,1,1,0.1668,558.6,960,0,0.013381,0.331558,-1.085388,1357000,16754.4
1358,1000,64.0757,8,0.16,,1,0,5,1.8708,0,31,0.1535,552.3,1000,0,0.013653,0.42396,-0.975144,1358000,16760.7
1359,1000,88.4145,13,0.26,,1,0,5,1.9203,0,9,0.0503,686.6,170,0,0.013296,0.292093,-1.238766,1359000,16766.9
1360,1000,136.7731,15,0.3,,1,0,6,2.2776,1,55,0.0217,582.8,902,0,0.013071,0.27382,-1.1376,1360000,16773.1
1361,1000,64.5368,10,0.2,,1,0,4,1.5,0,25,0.2687,578.9,426,0,0.012969,0.678528,-1.32043,1361000,16779.4
1362,1000,240.2321,16,0.32,,1,0,6,2.3452,3,21,0.0963,759.5,705,0,0.012993,0.242272,-0.62811,1362000,16785.4
1363,1000,97.32,11,0.22,,1,0,5,1.7854,0,0,0.1603,595.8,481,0,0.013189,0.374374,-0.796883,1363000,16791.5
1364,1000,144.4562,14,0.28,,1,0,5,2.0616,1,7,0.0767,649.0,385,0,0.013348,0.442179,-1.499396,1364000,16797.6
1365,1000,111.6805,14,0.28,,1,0,5,2.0616,0,549,0.2632,758.2,345,0,0.013401,0.412159,-0.762893,1365000,16803.7
1366,1000,86.5314,10,0.2,,1,0,5,1.8028,0,28,0.1505,551.8,732,0,0.013062,0.348065,-0.533918,1366000,16809.9
1367,1000,95.391,13,0.26,,1,0,5,1.9203,0,285,0.079,540.3,966,0,0.013221,0.361253,-1.919484,1367000,16816.0
1368,1000,198.506,15,0.3,,1,0,5,2.1651,2,317,0.1772,605.4,246,0,0.013051,0.740699,-1.488993,1368000,16822.2
1369,1000,187.8346,16,0.32,,1,0,6,2.3452,1,111,0.24,895.4,814,0,0.013027,0.490114,-2.168741,1369000,16828.3
1370,1000,182.6507,15,0.3,,1,0,5,2.1651,1,270,0.2343,856.5,870,0,0.012775,2.098177,-1.744809,1370000,16834.2
1371,1000,120.3669,14,0.28,,1,0,5,2.0616,0,49,0.2382,688.9,926,0,0.012587,0.635881,-1.469467,1371000,16840.4
1372,1000,125.529,14,0.28,,1,0,5,2.0616,0,384,0.2617,768.8,154,0,0.012815,0.704138,-2.070886,1372000,16846.5
1373,1000,161.1287,15,0.3,,1,0,5,2.1651,1,42,0.0355,600.3,621,0,0.012912,0.46402,-1.292471,1373000,16852.6
1374,1000,90.0523,14,0.28,,1,0,5,2.0616,0,1658,0.4535,751.3,928,0,0.013003,0.644384,-1.137015,1374000,16858.9
1375,1000,136.3105,13,0.26,,1,0,7,2.586,1,33,0.0493,723.0,769,0,0.0129,0.457669,-1.794349,1375000,16865.0
1376,1000,178.6616,14,0.28,,1,0,5,2.0616,2,75,0.078,815.7,220,0,0.013093,0.467617,-0.79461,1376000,16871.1
1377,1000,153.8743,14,0.28,,1,0,5,2.0616,1,140,0.166,797.5,717,0,0.013065,0.656298,-0.414897,1377000,16877.3
1378,1000,78.1772,10,0.2,,1,0,5,1.8028,0,67,0.157,694.9,890,0,0.013427,0.455957,-1.319107,1378000,16883.6
1379,1000,126.3611,14,0.28,,1,0,5,2.0616,0,113,0.2807,711.3,147,0,0.013309,1.674655,-1.587789,1379000,16889.7
1380,1000,115.8027,13,0.26,,1,0,5,2.0463,0,85,0.1668,589.7,158,0,0.013147,0.666269,-1.027235,1380000,16895.9
1381,1000,136.4109,15,0.3,,1,0,5,2.1651,0,254,0.3083,964.9,613,0,0.013376,0.303109,-0.70011,1381000,16902.0
1382,1000,72.4293,7,0.14,,1,0,5,1.9203,1,558,0.0737,530.7,868,0,0.013681,1.012109,-0.981199,1382000,16908.2
1383,1000,120.0467,14,0.28,,1,0,5,2.0616,0,168,0.1172,623.6,587,0,0.01346,0.328174,-0.516129,1383000,16914.2
1384,1000,107.2009,13,0.26,,1,0,5,1.9203,0,21,0.0765,553.8,119,0,0.013511,0.391243,-2.057964,1384000,16920.4
1385,1000,194.6229,15,0.3,,1,0,5,2.1651,2,9,0.0853,628.6,324,0,0.01355,0.406161,-0.87353,1385000,16926.4
1386,1000,213.7182,17,0.34,,1,0,9,3.2692,2,16,0.082,627.4,963,0,0.013333,0.24055,-0.916301,1386000,16932.6
1387,1000,192.0564,15,0.3,,1,0,7,2.586,2,69,0.2157,651.1,824,0,0.013375,0.279888,-1.482117,1387000,16938.8
1388,1000,118.0805,14,0.28,,1,0,5,2.0616,0,135,0.1512,685.6,140,0,0.013458,0.629251,-0.892475,1388000,16945.0
1389,1000,24.3795,7,0.14,,1,0,3,1.299,0,820,0.2228,626.2,411,0,0.013735,0.611389,-1.547041,1389000,16951.3
1390,1000,241.4813,18,0.36,,1,0,8,2.8723,3,25,0.1727,687.5,806,0,0.013609,0.349987,-0.650105,1390000,16957.3
1391,1000,216.9789,17,0.34,,1,0,7,2.586,2,42,0.0905,707.1,958,0,0.013554,0.629743,-1.280957,1391000,16963.3
1392,1000,164.3429,15,0.3,,1,0,7,2.586,1,269,0.0983,688.2,849,0,0.013491,0.417111,-0.528695,1392000,16969.4
1393,1000,196.4207,15,0.3,,1,0,5,2.1651,2,108,0.1432,733.5,321,0,0.013098,0.368298,-1.454341,1393000,16975.7
1394,1000,90.5122,12,0.24,,1,0,5,1.8708,0,0,0.0922,638.8,738,0,0.01337,0.385567,-1.066779,1394000,16981.8
1395,1000,119.0417,14,0.28,,1,0,5,2.0616,0,507,0.27,761.8,244,0,0.01311,0.366615,-0.662271,1395000,16988.1
1396,1000,171.1731,16,0.32,,1,0,7,2.5495,1,43,0.0978,650.0,994,0,0.013539,0.525588,-1.417471,1396000,16994.2
1397,1000,105.0506,13,0.26,,1,0,5,2.0463,0,0,0.1195,704.1,866,0,0.013683,0.911277,-0.888704,1397000,17000.2
1398,1000,115.8871,11,0.22,,1,0,5,1.7854,1,0,0.0925,593.2,362,0,0.014065,0.346312,-0.505814,1398000,17006.3
1399,1000,117.9769,14,0.28,,1,0,5,2.0616,0,972,0.3145,874.6,314,0,0.01419,0.643443,-1.364661,1399000,17012.3
1400,1000,70.8576,10,0.2,,0,1,4,1.118,0,0,0.1665,594.7,722,0,0.013728,0.415899,-0.603563,1400000,17018.3
1401,1000,204.6598,15,0.3,,1,0,5,2.1651,2,326,0.2845,787.0,724,0,0.014022,0.275308,-2.110674,1401000,17031.6
1402,1000,179.9038,15,0.3,,1,0,6,2.2776,2,0,0.0187,520.2,677,0,0.014117,0.340655,-0.961989,1402000,17037.8
1403,1000,127.8012,12,0.24,,1,0,5,1.8708,1,31,0.0795,646.3,120,0,0.014036,0.435967,-0.432729,1403000,17043.9
1404,1000,126.3305,15,0.3,,1,0,5,2.1651,0,1,0.0473,678.2,812,0,0.013962,0.287323,-1.326324,1404000,17049.9
1405,1000,102.4774,12,0.24,,1,0,5,2.1213,0,0,0.2107,821.0,556,0,0.013923,0.436494,-1.250507,1405000,17055.9
1406,1000,99.1201,12,0.24,,1,0,5,1.8708,0,442,0.1278,657.2,883,0,0.013659,0.744876,-1.661518,1406000,17061.9
1407,1000,85.6217,10,0.2,,1,0,5,2.0616,1,0,0.1963,606.2,265,0,0.013808,0.498457,-2.08066,1407000,17067.9
1408,1000,103.0629,11,0.22,,1,0,6,2.3848,1,130,0.044,517.2,699,0,0.013861,0.369466,-0.572013,1408000,17073.8
1409,1000,51.3615,9,0.18,,1,0,4,1.479,0,11,0.059,517.3,387,0,0.014061,0.365078,-1.282946,1409000,17079.8
1410,1000,159.262,15,0.3,,0,1,5,1.6394,1,243,0.0813,567.0,661,0,0.013857,0.4299,-0.900284,1410000,17085.7
1411,1000,153.5006,14,0.28,,1,0,5,2.0616,1,51,0.1452,723.0,386,0,0.014059,0.864987,-0.882257,1411000,17091.8
1412,1000,202.8468,17,0.34,,1,0,8,2.8614,2,0,0.1103,568.7,765,0,0.013993,0.616022,-1.022219,1412000,17097.7
1413,1000,162.8055,15,0.3,,1,0,6,2.2776,1,181,0.1065,701.2,984,0,0.013883,0.587605,-0.474344,1413000,17103.7
1414,1000,99.3612,12,0.24,,1,0,5,1.8708,0,267,0.1345,681.2,130,0,0.01394,0.368908,-0.347135,1414000,17109.7
1415,1000,142.0953,13,0.26,,1,0,5,2.0463,1,363,0.1825,878.1,556,0,0.014038,0.300439,-0.891905,1415000,17115.6
1416,1000,159.5873,15,0.3,,1,0,5,2.1651,1,77,0.1787,691.8,167,0,0.013673,3.328365,-0.737241,1416000,17121.4
1417,1000,88.4089,12,0.24,,1,0,5,1.8708,0,259,0.1855,580.2,235,0,0.014045,0.288632,-0.918859,1417000,17127.5
1418,1000,158.0662,14,0.28,,1,0,5,2.0616,1,254,0.2107,725.0,210,0,0.013761,0.454635,-1.260793,1418000,17133.7
1419,1000,195.4627,15,0.3,,1,0,5,2.1651,2,2,0.0357,544.4,302,0,0.01391,0.360399,-0.19375,1419000,17139.7
1420,1000,158.4435,14,0.28,,1,0,5,2.0616,1,118,0.2042,599.6,724,0,0.013555,0.699439,-0.423658,1420000,17145.5
1421,1000,143.3031,14,0.28,,1,0,5,2.0616,1,330,0.2843,801.1,658,0,0.013824,1.539069,-0.723918,1421000,17151.4
1422,1000,103.2592,14,0.28,,1,0,5,2.0616,0,26,0.1065,867.6,409,0,0.014238,1.384603,-2.343496,1422000,17157.2
1423,1000,181.8429,14,0.28,,1,0,5,2.0616,2,234,0.1797,621.4,299,0,0.014161,0.28318,-0.333965,1423000,17163.3
1424,1000,136.5761,15,0.3,,1,0,5,2.1651,1,0,0.0673,616.2,245,0,0.014045,0.420093,-0.940559,1424000,17169.2
1425,1000,117.5956,11,0.22,,1,0,5,1.7854,1,547,0.1365,579.6,272,0,0.01441,0.283793,-0.608345,1425000,17175.4
1426,1000,128.9398,15,0.3,,1,0,5,2.1651,0,0,0.1945,558.6,694,0,0.01449,0.345139,-1.14335,1426000,17181.4
1427,1000,102.7049,14,0.28,,1,0,5,2.0616,0,304,0.2985,841.3,324,0,0.014774,0.377842,0.075301,1427000,17187.4
1428,1000,89.9934,11,0.22,,1,0,5,1.7854,0,0,0.1295,647.5,550,0,0.014571,0.599733,-0.845115,1428000,17193.4
1429,1000,110.4944,11,0.22,,0,1,7,2.4875,1,24,0.1973,520.2,933,0,0.01456,0.668133,-0.403592,1429000,17199.6
1430,1000,140.4827,15,0.3,,1,0,5,2.1651,0,23,0.2362,614.6,910,0,0.014755,0.384598,-0.53934,1430000,17205.6
1431,1000,85.7621,10,0.2,,2,0,5,2.5,1,25,0.0215,531.5,449,0,0.014946,0.339683,-0.968063,1431000,17211.8
1432,1000,119.2018,15,0.3,,1,0,5,2.1651,0,0,0.1145,597.3,877,0,0.014996,0.313673,0.020471,1432000,17217.6
1433,1000,151.7469,14,0.28,,1,0,5,2.0616,1,86,0.0737,621.0,184,0,0.014781,0.335486,-0.434546,1433000,17223.5
1434,1000,82.5607,12,0.24,,1,0,5,1.8708,0,1,0.0323,526.5,979,0,0.014521,0.497205,-0.855811,1434000,17229.6
1435,1000,146.6574,14,0.28,,1,0,5,2.0616,1,96,0.0948,586.2,874,0,0.014279,0.390346,-0.66609,1435000,17235.6
1436,1000,137.3475,13,0.26,,1,0,5,2.0463,1,39,0.14,694.2,156,0,0.014332,0.306124,-0.618826,1436000,17241.7
1437,1000,74.5645,11,0.22,,1,0,5,1.9203,0,970,0.2542,840.8,650,0,0.014502,0.458226,-0.557227,1437000,17247.9
1438,1000,98.3517,12,0.24,,1,0,5,2.1213,1,66,0.0367,574.6,140,0,0.014517,0.50603,-1.284067,1438000,17253.9
1439,1000,95.0092,12,0.24,,1,0,5,1.8708,0,0,0.0648,534.6,286,0,0.01453,0.248953,-0.357816,1439000,17259.9
1440,1000,59.135,9,0.18,,1,0,4,1.479,0,21,0.0825,502.5,686,0,0.014495,1.482496,-0.79283,1440000,17265.8
1441,1000,121.5877,14,0.28,,1,0,5,2.0616,0,197,0.284,760.8,490,0,0.014323,0.45978,-1.419645,1441000,17271.7
1442,1000,189.2389,15,0.3,,1,0,5,2.1651,2,67,0.201,719.4,311,0,0.014383,0.408615,0.200715,1442000,17277.6
1443,1000,66.0523,10,0.2,,1,0,4,1.5,0,244,0.0815,596.9,899,0,0.014575,0.343587,0.261529,1443000,17283.7
1444,1000,231.5104,15,0.3,,1,0,5,2.1651,3,5,0.0752,719.5,340,0,0.014684,0.31023,-0.950135,1444000,17289.6
1445,1000,-9.3462,6,0.12,,1,0,4,1.5,0,108,0.0747,502.5,196,0,0.014862,0.302415,0.367425,1445000,17295.6
1446,1000,102.6239,13,0.26,,1,0,5,1.9203,0,8,0.164,560.6,197,0,0.014556,0.504506,0.055934,1446000,17301.6
1447,1000,165.1385,14,0.28,,1,0,5,2.0616,2,161,0.0922,656.0,581,0,0.01458,0.501802,-0.748193,1447000,17307.6
1448,1000,167.1481,15,0.3,,1,0,6,2.2776,1,216,0.216,711.4,841,0,0.014531,0.681089,-0.901866,1448000,17313.7
1449,1000,13.2943,6,0.12,,2,0,4,1.6583,0,0,0.0545,530.5,865,0,0.014581,0.359529,-1.061001,1449000,17319.7
1450,1000,51.4759,10,0.2,,1,0,4,1.6583,0,87,0.136,597.4,464,0,0.014642,0.311802,0.833895,1450000,17325.7
