/home/kopt/enter/envs/wsl_neuroMCTS/lib/python3.10/site-packages/pygame/pkgdata.py:25: UserWarning: pkg_resources is deprecated as an API. See https://setuptools.pypa.io/en/latest/pkg_resources.html. The pkg_resources package is slated for removal as early as 2025-11-30. Refrain from using this package or pin to Setuptools<81.
  from pkg_resources import resource_stream, resource_exists
pygame 2.6.1 (SDL 2.28.4, Python 3.10.19)
Hello from the pygame community. https://www.pygame.org/contribute.html
지도를 성공적으로 로드했습니다: /home/kopt/drone/proposed_src/util/disaster_map.npy
지도를 성공적으로 로드했습니다: /home/kopt/drone/proposed_src/util/disaster_map.npy
Using device: cuda  tag=v2_26_08_25_14_base
설정: relay_w=0.0 alpha_min=0.0 relay_credit=False n_peers=2
obs_dim=19, state_dim=66, total_act_dim=8
조기 종료: 50ep마다 홀드아웃 6개 평가, patience=15회
Ep 1 | Step 1000 | R    49.96 | 배송  9/50 | 미활동 0 | 2홉+ 0.39 | 도달 1074 | 차단   85
Ep 2 | Step 1000 | R    66.71 | 배송 10/50 | 미활동 1 | 2홉+ 0.42 | 도달  964 | 차단   10
Ep 3 | Step 1000 | R    62.82 | 배송  9/50 | 미활동 2 | 2홉+ 0.26 | 도달 1074 | 차단  110
Ep 4 | Step 1000 | R   107.92 | 배송 14/50 | 미활동 0 | 2홉+ 0.36 | 도달 1074 | 차단   18
Ep 5 | Step 1000 | R    86.51 | 배송 11/50 | 미활동 1 | 2홉+ 0.39 | 도달 1039 | 차단  118
Ep 6 | Step 1000 | R    21.18 | 배송  9/50 | 미활동 0 | 2홉+ 0.17 | 도달  749 | 차단   16
Ep 7 | Step 1000 | R    48.62 | 배송  7/50 | 미활동 1 | 2홉+ 0.36 | 도달  663 | 차단  280
Ep 8 | Step 1000 | R   131.70 | 배송 17/50 | 미활동 0 | 2홉+ 0.61 | 도달 1074 | 차단 1035
Ep 9 | Step 1000 | R    50.37 | 배송  9/50 | 미활동 1 | 2홉+ 0.70 | 도달  986 | 차단 1500
Ep 10 | Step 1000 | R    97.57 | 배송 14/50 | 미활동 0 | 2홉+ 0.54 | 도달  977 | 차단 2044
Ep 11 | Step 1000 | R    98.36 | 배송 13/50 | 미활동 0 | 2홉+ 0.68 | 도달 1074 | 차단  865
Ep 12 | Step 1000 | R    80.99 | 배송 11/50 | 미활동 1 | 2홉+ 0.69 | 도달 1074 | 차단  629
Ep 13 | Step 1000 | R    74.74 | 배송 14/50 | 미활동 1 | 2홉+ 0.70 | 도달 1074 | 차단 2417
Ep 14 | Step 1000 | R    75.30 | 배송 11/50 | 미활동 1 | 2홉+ 0.67 | 도달 1074 | 차단  576
Ep 15 | Step 1000 | R   113.92 | 배송 16/50 | 미활동 0 | 2홉+ 0.58 | 도달 1074 | 차단  199
Ep 16 | Step 1000 | R    63.83 | 배송 11/50 | 미활동 1 | 2홉+ 0.64 | 도달  927 | 차단  702
Ep 17 | Step 1000 | R    69.30 | 배송 10/50 | 미활동 2 | 2홉+ 0.61 | 도달 1074 | 차단   42
Ep 18 | Step 1000 | R    95.34 | 배송 13/50 | 미활동 1 | 2홉+ 0.52 | 도달 1070 | 차단  717
Ep 19 | Step 1000 | R    86.47 | 배송 13/50 | 미활동 0 | 2홉+ 0.53 | 도달 1023 | 차단 1569
Ep 20 | Step 1000 | R   121.84 | 배송 13/50 | 미활동 1 | 2홉+ 0.50 | 도달  922 | 차단 1289
Ep 21 | Step 1000 | R   115.39 | 배송 15/50 | 미활동 0 | 2홉+ 0.55 | 도달  963 | 차단  620
Ep 22 | Step 1000 | R    78.13 | 배송 12/50 | 미활동 0 | 2홉+ 0.36 | 도달  860 | 차단  391
Ep 23 | Step 1000 | R   119.48 | 배송 15/50 | 미활동 0 | 2홉+ 0.43 | 도달  794 | 차단  395
Ep 24 | Step 1000 | R    41.23 | 배송  9/50 | 미활동 0 | 2홉+ 0.44 | 도달 1000 | 차단 1981
Ep 25 | Step 1000 | R   101.09 | 배송 14/50 | 미활동 0 | 2홉+ 0.42 | 도달  919 | 차단 1296
Ep 26 | Step 1000 | R    91.55 | 배송 13/50 | 미활동 0 | 2홉+ 0.61 | 도달 1074 | 차단 1276
Ep 27 | Step 1000 | R    90.86 | 배송 13/50 | 미활동 1 | 2홉+ 0.66 | 도달 1074 | 차단  569
Ep 28 | Step 1000 | R   100.91 | 배송 13/50 | 미활동 1 | 2홉+ 0.47 | 도달 1074 | 차단  374
Ep 29 | Step 1000 | R    69.02 | 배송 11/50 | 미활동 0 | 2홉+ 0.63 | 도달 1074 | 차단  990
Ep 30 | Step 1000 | R   134.54 | 배송 17/50 | 미활동 0 | 2홉+ 0.66 | 도달 1074 | 차단 1275
Ep 31 | Step 1000 | R   168.56 | 배송 19/50 | 미활동 0 | 2홉+ 0.62 | 도달 1074 | 차단  663
Ep 32 | Step 1000 | R   142.98 | 배송 18/50 | 미활동 0 | 2홉+ 0.61 | 도달  911 | 차단 1031
Ep 33 | Step 1000 | R   143.84 | 배송 18/50 | 미활동 0 | 2홉+ 0.51 | 도달  998 | 차단 1214
Ep 34 | Step 1000 | R   173.90 | 배송 20/50 | 미활동 0 | 2홉+ 0.68 | 도달 1063 | 차단  624
Ep 35 | Step 1000 | R   158.24 | 배송 19/50 | 미활동 0 | 2홉+ 0.57 | 도달 1042 | 차단  253
Ep 36 | Step 1000 | R   116.82 | 배송 16/50 | 미활동 0 | 2홉+ 0.69 | 도달 1009 | 차단  330
Ep 37 | Step 1000 | R    94.63 | 배송 15/50 | 미활동 0 | 2홉+ 0.70 | 도달 1033 | 차단 1572
Ep 38 | Step 1000 | R    92.49 | 배송 14/50 | 미활동 0 | 2홉+ 0.67 | 도달 1005 | 차단 2004
Ep 39 | Step 1000 | R   128.01 | 배송 16/50 | 미활동 0 | 2홉+ 0.52 | 도달  980 | 차단 1042
Ep 40 | Step 1000 | R   118.29 | 배송 14/50 | 미활동 0 | 2홉+ 0.66 | 도달 1060 | 차단  942
Ep 41 | Step 1000 | R    89.02 | 배송 13/50 | 미활동 1 | 2홉+ 0.63 | 도달  993 | 차단 1619
Ep 42 | Step 1000 | R   131.68 | 배송 16/50 | 미활동 0 | 2홉+ 0.68 | 도달 1071 | 차단  655
Ep 43 | Step 1000 | R    53.21 | 배송  9/50 | 미활동 1 | 2홉+ 0.32 | 도달  894 | 차단 2438
Ep 44 | Step 1000 | R   131.20 | 배송 16/50 | 미활동 0 | 2홉+ 0.61 | 도달 1074 | 차단  859
Ep 45 | Step 1000 | R   130.28 | 배송 16/50 | 미활동 0 | 2홉+ 0.65 | 도달  993 | 차단  981
Ep 46 | Step 1000 | R    96.58 | 배송 13/50 | 미활동 0 | 2홉+ 0.66 | 도달  918 | 차단  712
Ep 47 | Step 1000 | R    92.14 | 배송 12/50 | 미활동 0 | 2홉+ 0.70 | 도달 1074 | 차단  656
Ep 48 | Step 1000 | R    90.74 | 배송 12/50 | 미활동 1 | 2홉+ 0.45 | 도달  975 | 차단 1629
Ep 49 | Step 1000 | R    82.24 | 배송 12/50 | 미활동 0 | 2홉+ 0.56 | 도달 1074 | 차단  826
Ep 50 | Step 1000 | R    75.71 | 배송 10/50 | 미활동 0 | 2홉+ 0.67 | 도달 1015 | 차단 1567
  [홀드아웃] 배송 6.5±2.6 미활동 1.00 2홉+ 0.49 도달 896 | 최고 6.5@ep50 | 정체 0/15  ← 최고 갱신
Ep 51 | Step 1000 | R   114.06 | 배송 15/50 | 미활동 0 | 2홉+ 0.57 | 도달 1074 | 차단 1309
Ep 52 | Step 1000 | R   153.81 | 배송 17/50 | 미활동 0 | 2홉+ 0.48 | 도달  855 | 차단 1042
Ep 53 | Step 1000 | R   152.74 | 배송 18/50 | 미활동 0 | 2홉+ 0.41 | 도달  952 | 차단 1125
Ep 54 | Step 1000 | R    53.74 | 배송  8/50 | 미활동 0 | 2홉+ 0.47 | 도달  981 | 차단  992
Ep 55 | Step 1000 | R   126.85 | 배송 16/50 | 미활동 0 | 2홉+ 0.65 | 도달 1074 | 차단 1480
Ep 56 | Step 1000 | R    67.77 | 배송 10/50 | 미활동 1 | 2홉+ 0.46 | 도달  959 | 차단 1450
Ep 57 | Step 1000 | R    91.09 | 배송 13/50 | 미활동 0 | 2홉+ 0.60 | 도달 1071 | 차단  959
Ep 58 | Step 1000 | R    27.66 | 배송  7/50 | 미활동 1 | 2홉+ 0.55 | 도달  876 | 차단 2731
Ep 59 | Step 1000 | R   110.89 | 배송 15/50 | 미활동 0 | 2홉+ 0.40 | 도달 1033 | 차단  676
Ep 60 | Step 1000 | R   142.92 | 배송 16/50 | 미활동 0 | 2홉+ 0.46 | 도달  901 | 차단    3
Ep 61 | Step 1000 | R   123.86 | 배송 16/50 | 미활동 0 | 2홉+ 0.66 | 도달 1074 | 차단 1030
Ep 62 | Step 1000 | R    87.86 | 배송 11/50 | 미활동 0 | 2홉+ 0.40 | 도달  934 | 차단  865
Ep 63 | Step 1000 | R   124.51 | 배송 14/50 | 미활동 0 | 2홉+ 0.45 | 도달 1028 | 차단  378
Ep 64 | Step 1000 | R    71.48 | 배송  9/50 | 미활동 0 | 2홉+ 0.45 | 도달  938 | 차단  881
Ep 65 | Step 1000 | R   157.29 | 배송 19/50 | 미활동 0 | 2홉+ 0.66 | 도달 1074 | 차단 1100
Ep 66 | Step 1000 | R    87.37 | 배송 11/50 | 미활동 0 | 2홉+ 0.50 | 도달 1045 | 차단  835
Ep 67 | Step 1000 | R   119.55 | 배송 15/50 | 미활동 0 | 2홉+ 0.53 | 도달 1002 | 차단  962
Ep 68 | Step 1000 | R   151.86 | 배송 18/50 | 미활동 0 | 2홉+ 0.56 | 도달 1074 | 차단  823
Ep 69 | Step 1000 | R   142.32 | 배송 16/50 | 미활동 0 | 2홉+ 0.50 | 도달  973 | 차단  543
Ep 70 | Step 1000 | R   136.33 | 배송 16/50 | 미활동 0 | 2홉+ 0.40 | 도달 1014 | 차단  260
Ep 71 | Step 1000 | R   156.15 | 배송 18/50 | 미활동 0 | 2홉+ 0.57 | 도달 1074 | 차단  560
Ep 72 | Step 1000 | R    84.00 | 배송 12/50 | 미활동 0 | 2홉+ 0.44 | 도달  817 | 차단  523
Ep 73 | Step 1000 | R   148.71 | 배송 18/50 | 미활동 0 | 2홉+ 0.60 | 도달 1074 | 차단  778
Ep 74 | Step 1000 | R   119.25 | 배송 15/50 | 미활동 0 | 2홉+ 0.48 | 도달 1070 | 차단  717
Ep 75 | Step 1000 | R   122.22 | 배송 16/50 | 미활동 0 | 2홉+ 0.55 | 도달 1071 | 차단  800
Ep 76 | Step 1000 | R   143.19 | 배송 17/50 | 미활동 0 | 2홉+ 0.52 | 도달  893 | 차단  467
Ep 77 | Step 1000 | R   135.77 | 배송 16/50 | 미활동 0 | 2홉+ 0.46 | 도달  969 | 차단  594
Ep 78 | Step 1000 | R   150.15 | 배송 17/50 | 미활동 0 | 2홉+ 0.59 | 도달 1004 | 차단  274
Ep 79 | Step 1000 | R   141.50 | 배송 17/50 | 미활동 0 | 2홉+ 0.48 | 도달 1013 | 차단  471
Ep 80 | Step 1000 | R    58.22 | 배송 11/50 | 미활동 0 | 2홉+ 0.57 | 도달  963 | 차단  654
Ep 81 | Step 1000 | R   152.74 | 배송 18/50 | 미활동 0 | 2홉+ 0.44 | 도달  996 | 차단  704
Ep 82 | Step 1000 | R   129.57 | 배송 16/50 | 미활동 0 | 2홉+ 0.51 | 도달 1024 | 차단  438
Ep 83 | Step 1000 | R   161.14 | 배송 19/50 | 미활동 0 | 2홉+ 0.56 | 도달 1074 | 차단  654
Ep 84 | Step 1000 | R   154.46 | 배송 18/50 | 미활동 0 | 2홉+ 0.40 | 도달 1058 | 차단  382
Ep 85 | Step 1000 | R   155.47 | 배송 17/50 | 미활동 0 | 2홉+ 0.34 | 도달 1074 | 차단  907
Ep 86 | Step 1000 | R   143.34 | 배송 16/50 | 미활동 0 | 2홉+ 0.44 | 도달  903 | 차단  649
Ep 87 | Step 1000 | R   163.00 | 배송 20/50 | 미활동 0 | 2홉+ 0.60 | 도달 1074 | 차단  897
Ep 88 | Step 1000 | R   107.76 | 배송 13/50 | 미활동 0 | 2홉+ 0.59 | 도달 1056 | 차단  244
Ep 89 | Step 1000 | R   134.55 | 배송 16/50 | 미활동 0 | 2홉+ 0.60 | 도달 1042 | 차단  591
Ep 90 | Step 1000 | R    82.13 | 배송 12/50 | 미활동 1 | 2홉+ 0.34 | 도달 1022 | 차단  770
Ep 91 | Step 1000 | R   175.66 | 배송 20/50 | 미활동 0 | 2홉+ 0.58 | 도달 1074 | 차단  275
Ep 92 | Step 1000 | R   127.44 | 배송 16/50 | 미활동 0 | 2홉+ 0.43 | 도달 1017 | 차단  503
Ep 93 | Step 1000 | R   137.60 | 배송 18/50 | 미활동 0 | 2홉+ 0.52 | 도달 1074 | 차단  201
Ep 94 | Step 1000 | R   132.55 | 배송 16/50 | 미활동 0 | 2홉+ 0.56 | 도달 1050 | 차단  835
Ep 95 | Step 1000 | R   101.55 | 배송 13/50 | 미활동 1 | 2홉+ 0.35 | 도달  863 | 차단  340
Ep 96 | Step 1000 | R   111.14 | 배송 14/50 | 미활동 0 | 2홉+ 0.59 | 도달  967 | 차단  226
Ep 97 | Step 1000 | R   138.58 | 배송 17/50 | 미활동 0 | 2홉+ 0.55 | 도달 1074 | 차단  321
Ep 98 | Step 1000 | R   141.56 | 배송 16/50 | 미활동 0 | 2홉+ 0.50 | 도달 1014 | 차단  121
Ep 99 | Step 1000 | R   177.27 | 배송 20/50 | 미활동 0 | 2홉+ 0.36 | 도달  976 | 차단  215
Ep 100 | Step 1000 | R   137.26 | 배송 16/50 | 미활동 0 | 2홉+ 0.50 | 도달 1001 | 차단  474
  [홀드아웃] 배송 14.5±4.3 미활동 0.17 2홉+ 0.47 도달 893 | 최고 14.5@ep100 | 정체 0/15  ← 최고 갱신
Ep 101 | Step 1000 | R   137.14 | 배송 17/50 | 미활동 0 | 2홉+ 0.58 | 도달 1074 | 차단  743
Ep 102 | Step 1000 | R   177.34 | 배송 20/50 | 미활동 0 | 2홉+ 0.60 | 도달 1030 | 차단  176
Ep 103 | Step 1000 | R   125.45 | 배송 15/50 | 미활동 0 | 2홉+ 0.66 | 도달 1049 | 차단  541
Ep 104 | Step 1000 | R   118.52 | 배송 15/50 | 미활동 1 | 2홉+ 0.59 | 도달 1074 | 차단  385
Ep 105 | Step 1000 | R   122.18 | 배송 14/50 | 미활동 0 | 2홉+ 0.61 | 도달 1007 | 차단  343
Ep 106 | Step 1000 | R   170.95 | 배송 20/50 | 미활동 0 | 2홉+ 0.62 | 도달 1072 | 차단  532
Ep 107 | Step 1000 | R   121.33 | 배송 15/50 | 미활동 1 | 2홉+ 0.30 | 도달 1069 | 차단  350
Ep 108 | Step 1000 | R   122.78 | 배송 15/50 | 미활동 1 | 2홉+ 0.64 | 도달 1056 | 차단  586
Ep 109 | Step 1000 | R   143.65 | 배송 17/50 | 미활동 0 | 2홉+ 0.56 | 도달 1046 | 차단  477
Ep 110 | Step 1000 | R   144.49 | 배송 17/50 | 미활동 0 | 2홉+ 0.63 | 도달 1073 | 차단  489
Ep 111 | Step 1000 | R   143.71 | 배송 17/50 | 미활동 0 | 2홉+ 0.61 | 도달 1074 | 차단  509
Ep 112 | Step 1000 | R   133.35 | 배송 16/50 | 미활동 0 | 2홉+ 0.51 | 도달 1043 | 차단  582
Ep 113 | Step 1000 | R    59.73 | 배송 10/50 | 미활동 0 | 2홉+ 0.56 | 도달 1074 | 차단   76
Ep 114 | Step 1000 | R   122.29 | 배송 14/50 | 미활동 0 | 2홉+ 0.63 | 도달 1074 | 차단  279
Ep 115 | Step 1000 | R   117.91 | 배송 15/50 | 미활동 0 | 2홉+ 0.62 | 도달  970 | 차단 1129
Ep 116 | Step 1000 | R   175.13 | 배송 20/50 | 미활동 0 | 2홉+ 0.67 | 도달 1074 | 차단  390
Ep 117 | Step 1000 | R   172.90 | 배송 19/50 | 미활동 0 | 2홉+ 0.67 | 도달 1074 | 차단  333
Ep 118 | Step 1000 | R   161.27 | 배송 19/50 | 미활동 0 | 2홉+ 0.63 | 도달 1074 | 차단  408
Ep 119 | Step 1000 | R   150.59 | 배송 18/50 | 미활동 0 | 2홉+ 0.59 | 도달 1074 | 차단  597
Ep 120 | Step 1000 | R   165.61 | 배송 20/50 | 미활동 0 | 2홉+ 0.62 | 도달 1070 | 차단  652
Ep 121 | Step 1000 | R   136.93 | 배송 18/50 | 미활동 0 | 2홉+ 0.56 | 도달 1064 | 차단 1146
Ep 122 | Step 1000 | R   180.32 | 배송 20/50 | 미활동 0 | 2홉+ 0.63 | 도달 1074 | 차단  330
Ep 123 | Step 1000 | R   120.38 | 배송 15/50 | 미활동 0 | 2홉+ 0.51 | 도달 1029 | 차단  385
Ep 124 | Step 1000 | R   130.96 | 배송 16/50 | 미활동 0 | 2홉+ 0.46 | 도달 1074 | 차단  463
Ep 125 | Step 1000 | R   110.45 | 배송 15/50 | 미활동 0 | 2홉+ 0.36 | 도달 1074 | 차단  720
Ep 126 | Step 1000 | R    95.27 | 배송 13/50 | 미활동 0 | 2홉+ 0.41 | 도달 1034 | 차단  510
Ep 127 | Step 1000 | R   121.28 | 배송 15/50 | 미활동 1 | 2홉+ 0.55 | 도달 1028 | 차단  830
Ep 128 | Step 1000 | R   119.83 | 배송 15/50 | 미활동 0 | 2홉+ 0.54 | 도달  988 | 차단  581
Ep 129 | Step 1000 | R   139.75 | 배송 16/50 | 미활동 0 | 2홉+ 0.48 | 도달  997 | 차단  258
Ep 130 | Step 1000 | R   159.20 | 배송 18/50 | 미활동 0 | 2홉+ 0.49 | 도달 1074 | 차단  675
Ep 131 | Step 1000 | R   103.20 | 배송 14/50 | 미활동 0 | 2홉+ 0.56 | 도달 1043 | 차단  716
Ep 132 | Step 1000 | R   115.81 | 배송 15/50 | 미활동 0 | 2홉+ 0.57 | 도달 1074 | 차단  105
Ep 133 | Step 1000 | R   164.41 | 배송 19/50 | 미활동 0 | 2홉+ 0.54 | 도달 1041 | 차단  479
Ep 134 | Step 1000 | R   168.17 | 배송 20/50 | 미활동 0 | 2홉+ 0.58 | 도달  993 | 차단  637
Ep 135 | Step 1000 | R    73.72 | 배송 11/50 | 미활동 1 | 2홉+ 0.42 | 도달  988 | 차단 1222
Ep 136 | Step 1000 | R   145.42 | 배송 16/50 | 미활동 0 | 2홉+ 0.62 | 도달 1011 | 차단    6
Ep 137 | Step 1000 | R   173.88 | 배송 20/50 | 미활동 0 | 2홉+ 0.62 | 도달 1044 | 차단  637
Ep 138 | Step 1000 | R   185.68 | 배송 20/50 | 미활동 0 | 2홉+ 0.28 | 도달  762 | 차단  498
Ep 139 | Step 1000 | R    82.30 | 배송 11/50 | 미활동 1 | 2홉+ 0.55 | 도달  835 | 차단 1550
Ep 140 | Step 1000 | R   129.87 | 배송 16/50 | 미활동 0 | 2홉+ 0.45 | 도달  925 | 차단  748
Ep 141 | Step 1000 | R   161.06 | 배송 19/50 | 미활동 0 | 2홉+ 0.48 | 도달  962 | 차단  858
Ep 142 | Step 1000 | R   145.97 | 배송 17/50 | 미활동 0 | 2홉+ 0.48 | 도달  997 | 차단  830
Ep 143 | Step 1000 | R   174.38 | 배송 19/50 | 미활동 0 | 2홉+ 0.44 | 도달  972 | 차단  232
Ep 144 | Step 1000 | R   129.42 | 배송 16/50 | 미활동 0 | 2홉+ 0.55 | 도달 1033 | 차단  147
Ep 145 | Step 1000 | R   136.07 | 배송 15/50 | 미활동 0 | 2홉+ 0.57 | 도달 1038 | 차단  521
Ep 146 | Step 1000 | R   170.73 | 배송 17/50 | 미활동 0 | 2홉+ 0.48 | 도달 1024 | 차단  565
Ep 147 | Step 1000 | R   155.66 | 배송 18/50 | 미활동 0 | 2홉+ 0.50 | 도달 1074 | 차단  532
Ep 148 | Step 1000 | R   148.81 | 배송 17/50 | 미활동 0 | 2홉+ 0.55 | 도달 1074 | 차단  143
Ep 149 | Step 1000 | R   114.67 | 배송 14/50 | 미활동 0 | 2홉+ 0.66 | 도달 1074 | 차단  341
Ep 150 | Step 1000 | R   152.01 | 배송 18/50 | 미활동 0 | 2홉+ 0.48 | 도달  987 | 차단 1243
  [홀드아웃] 배송 14.2±4.8 미활동 0.33 2홉+ 0.51 도달 837 | 최고 14.5@ep100 | 정체 1/15
Ep 151 | Step 1000 | R   165.64 | 배송 19/50 | 미활동 0 | 2홉+ 0.58 | 도달 1074 | 차단  247
Ep 152 | Step 1000 | R   113.95 | 배송 15/50 | 미활동 0 | 2홉+ 0.57 | 도달  984 | 차단  937
Ep 153 | Step 1000 | R   151.56 | 배송 20/50 | 미활동 0 | 2홉+ 0.65 | 도달 1066 | 차단  581
Ep 154 | Step 1000 | R   129.47 | 배송 15/50 | 미활동 0 | 2홉+ 0.45 | 도달 1005 | 차단  436
Ep 155 | Step 1000 | R   150.97 | 배송 18/50 | 미활동 0 | 2홉+ 0.52 | 도달 1074 | 차단   92
Ep 156 | Step 1000 | R   119.91 | 배송 15/50 | 미활동 0 | 2홉+ 0.38 | 도달 1074 | 차단  481
Ep 157 | Step 1000 | R   136.72 | 배송 16/50 | 미활동 0 | 2홉+ 0.46 | 도달 1017 | 차단  995
Ep 158 | Step 1000 | R   139.78 | 배송 17/50 | 미활동 0 | 2홉+ 0.52 | 도달  998 | 차단  836
Ep 159 | Step 1000 | R    67.79 | 배송 10/50 | 미활동 1 | 2홉+ 0.58 | 도달 1015 | 차단 1020
Ep 160 | Step 1000 | R   136.93 | 배송 17/50 | 미활동 0 | 2홉+ 0.62 | 도달  984 | 차단 1110
Ep 161 | Step 1000 | R   175.55 | 배송 20/50 | 미활동 0 | 2홉+ 0.47 | 도달  981 | 차단   74
Ep 162 | Step 1000 | R   217.69 | 배송 20/50 | 미활동 0 | 2홉+ 0.56 | 도달  992 | 차단  470
Ep 163 | Step 1000 | R   159.81 | 배송 20/50 | 미활동 0 | 2홉+ 0.58 | 도달 1017 | 차단  901
Ep 164 | Step 1000 | R     2.93 | 배송  8/50 | 미활동 0 | 2홉+ 0.47 | 도달  723 | 차단 2110
Ep 165 | Step 1000 | R   173.32 | 배송 17/50 | 미활동 0 | 2홉+ 0.47 | 도달 1066 | 차단 1112
Ep 166 | Step 1000 | R   171.75 | 배송 19/50 | 미활동 0 | 2홉+ 0.57 | 도달 1068 | 차단   80
Ep 167 | Step 1000 | R   129.45 | 배송 15/50 | 미활동 0 | 2홉+ 0.38 | 도달  960 | 차단  443
Ep 168 | Step 1000 | R   113.36 | 배송 14/50 | 미활동 0 | 2홉+ 0.58 | 도달 1023 | 차단  483
Ep 169 | Step 1000 | R   172.28 | 배송 20/50 | 미활동 0 | 2홉+ 0.59 | 도달 1071 | 차단  888
Ep 170 | Step 1000 | R   131.67 | 배송 16/50 | 미활동 0 | 2홉+ 0.45 | 도달  928 | 차단  722
Ep 171 | Step 1000 | R   119.97 | 배송 14/50 | 미활동 1 | 2홉+ 0.33 | 도달  936 | 차단  375
Ep 172 | Step 1000 | R   107.82 | 배송 13/50 | 미활동 0 | 2홉+ 0.58 | 도달 1037 | 차단  797
Ep 173 | Step 1000 | R   166.03 | 배송 19/50 | 미활동 0 | 2홉+ 0.45 | 도달  919 | 차단   11
Ep 174 | Step 1000 | R   137.12 | 배송 17/50 | 미활동 0 | 2홉+ 0.58 | 도달 1065 | 차단  510
Ep 175 | Step 1000 | R   138.05 | 배송 16/50 | 미활동 0 | 2홉+ 0.25 | 도달  799 | 차단  279
Ep 176 | Step 1000 | R    92.82 | 배송 13/50 | 미활동 0 | 2홉+ 0.47 | 도달  988 | 차단 1125
Ep 177 | Step 1000 | R   132.06 | 배송 15/50 | 미활동 1 | 2홉+ 0.46 | 도달  909 | 차단  356
Ep 178 | Step 1000 | R   107.93 | 배송 14/50 | 미활동 0 | 2홉+ 0.29 | 도달  759 | 차단    0
Ep 179 | Step 1000 | R   163.38 | 배송 19/50 | 미활동 0 | 2홉+ 0.34 | 도달  982 | 차단  630
Ep 180 | Step 1000 | R   131.97 | 배송 15/50 | 미활동 1 | 2홉+ 0.44 | 도달  764 | 차단  845
Ep 181 | Step 1000 | R    69.48 | 배송 10/50 | 미활동 0 | 2홉+ 0.28 | 도달  750 | 차단  217
Ep 182 | Step 1000 | R   125.38 | 배송 15/50 | 미활동 0 | 2홉+ 0.37 | 도달 1074 | 차단   50
Ep 183 | Step 1000 | R   162.87 | 배송 18/50 | 미활동 0 | 2홉+ 0.54 | 도달  991 | 차단  129
Ep 184 | Step 1000 | R   136.75 | 배송 17/50 | 미활동 0 | 2홉+ 0.42 | 도달 1074 | 차단  423
Ep 185 | Step 1000 | R   135.54 | 배송 16/50 | 미활동 0 | 2홉+ 0.62 | 도달 1028 | 차단  392
Ep 186 | Step 1000 | R   108.60 | 배송 14/50 | 미활동 0 | 2홉+ 0.41 | 도달 1063 | 차단  361
Ep 187 | Step 1000 | R   155.87 | 배송 18/50 | 미활동 0 | 2홉+ 0.35 | 도달  869 | 차단   28
Ep 188 | Step 1000 | R   113.71 | 배송 14/50 | 미활동 0 | 2홉+ 0.25 | 도달  831 | 차단  126
Ep 189 | Step 1000 | R   208.15 | 배송 20/50 | 미활동 0 | 2홉+ 0.44 | 도달 1074 | 차단  191
Ep 190 | Step 1000 | R   101.80 | 배송 13/50 | 미활동 0 | 2홉+ 0.60 | 도달  800 | 차단  496
Ep 191 | Step 1000 | R   103.12 | 배송 15/50 | 미활동 0 | 2홉+ 0.50 | 도달  979 | 차단 1080
Ep 192 | Step 1000 | R   211.65 | 배송 20/50 | 미활동 0 | 2홉+ 0.42 | 도달 1014 | 차단  160
Ep 193 | Step 1000 | R   147.46 | 배송 19/50 | 미활동 0 | 2홉+ 0.53 | 도달  958 | 차단  357
Ep 194 | Step 1000 | R   141.44 | 배송 14/50 | 미활동 1 | 2홉+ 0.33 | 도달  946 | 차단  925
Ep 195 | Step 1000 | R   126.26 | 배송 16/50 | 미활동 0 | 2홉+ 0.60 | 도달  924 | 차단  668
Ep 196 | Step 1000 | R    98.34 | 배송 13/50 | 미활동 1 | 2홉+ 0.56 | 도달  990 | 차단  617
Ep 197 | Step 1000 | R   162.23 | 배송 19/50 | 미활동 0 | 2홉+ 0.34 | 도달  807 | 차단  166
Ep 198 | Step 1000 | R   150.44 | 배송 17/50 | 미활동 0 | 2홉+ 0.34 | 도달  957 | 차단  226
Ep 199 | Step 1000 | R   105.28 | 배송 13/50 | 미활동 1 | 2홉+ 0.27 | 도달 1034 | 차단  225
Ep 200 | Step 1000 | R   179.21 | 배송 20/50 | 미활동 0 | 2홉+ 0.42 | 도달  939 | 차단  178
  [홀드아웃] 배송 11.5±4.5 미활동 0.50 2홉+ 0.46 도달 931 | 최고 14.5@ep100 | 정체 2/15
Ep 201 | Step 1000 | R   213.92 | 배송 20/50 | 미활동 0 | 2홉+ 0.55 | 도달 1074 | 차단  295
Ep 202 | Step 1000 | R   130.17 | 배송 15/50 | 미활동 0 | 2홉+ 0.26 | 도달  785 | 차단    0
Ep 203 | Step 1000 | R   178.40 | 배송 20/50 | 미활동 0 | 2홉+ 0.51 | 도달 1007 | 차단  326
Ep 204 | Step 1000 | R   139.50 | 배송 16/50 | 미활동 0 | 2홉+ 0.51 | 도달  816 | 차단  357
Ep 205 | Step 1000 | R   130.95 | 배송 15/50 | 미활동 1 | 2홉+ 0.41 | 도달  974 | 차단  146
Ep 206 | Step 1000 | R   213.83 | 배송 20/50 | 미활동 0 | 2홉+ 0.48 | 도달  870 | 차단  349
Ep 207 | Step 1000 | R   169.72 | 배송 20/50 | 미활동 0 | 2홉+ 0.45 | 도달  971 | 차단  246
Ep 208 | Step 1000 | R   135.40 | 배송 17/50 | 미활동 0 | 2홉+ 0.46 | 도달  977 | 차단  187
Ep 209 | Step 1000 | R   185.75 | 배송 18/50 | 미활동 1 | 2홉+ 0.41 | 도달 1016 | 차단  263
Ep 210 | Step 1000 | R   165.91 | 배송 20/50 | 미활동 0 | 2홉+ 0.25 | 도달  718 | 차단    0
Ep 211 | Step 1000 | R   217.94 | 배송 20/50 | 미활동 0 | 2홉+ 0.46 | 도달  952 | 차단  217
Ep 212 | Step 1000 | R   111.71 | 배송 14/50 | 미활동 0 | 2홉+ 0.51 | 도달 1007 | 차단  566
Ep 213 | Step 1000 | R   108.94 | 배송 14/50 | 미활동 0 | 2홉+ 0.37 | 도달  965 | 차단  321
Ep 214 | Step 1000 | R   174.53 | 배송 20/50 | 미활동 0 | 2홉+ 0.38 | 도달  917 | 차단  127
Ep 215 | Step 1000 | R   147.42 | 배송 17/50 | 미활동 0 | 2홉+ 0.37 | 도달  898 | 차단  627
Ep 216 | Step 1000 | R   160.50 | 배송 18/50 | 미활동 0 | 2홉+ 0.39 | 도달  953 | 차단  292
Ep 217 | Step 1000 | R   127.01 | 배송 15/50 | 미활동 0 | 2홉+ 0.16 | 도달  876 | 차단   54
Ep 218 | Step 1000 | R   169.88 | 배송 19/50 | 미활동 0 | 2홉+ 0.50 | 도달 1073 | 차단  286
Ep 219 | Step 1000 | R   170.09 | 배송 18/50 | 미활동 0 | 2홉+ 0.57 | 도달  978 | 차단  182
Ep 220 | Step 1000 | R   153.77 | 배송 18/50 | 미활동 0 | 2홉+ 0.48 | 도달  958 | 차단  534
Ep 221 | Step 1000 | R   166.68 | 배송 20/50 | 미활동 0 | 2홉+ 0.54 | 도달 1038 | 차단  448
Ep 222 | Step 1000 | R   174.23 | 배송 20/50 | 미활동 0 | 2홉+ 0.46 | 도달  961 | 차단  342
Ep 223 | Step 1000 | R   142.70 | 배송 16/50 | 미활동 0 | 2홉+ 0.28 | 도달  963 | 차단  522
Ep 224 | Step 1000 | R   104.50 | 배송 13/50 | 미활동 1 | 2홉+ 0.47 | 도달 1058 | 차단  426
Ep 225 | Step 1000 | R    46.62 | 배송  7/50 | 미활동 1 | 2홉+ 0.46 | 도달 1074 | 차단  631
Ep 226 | Step 1000 | R   179.06 | 배송 20/50 | 미활동 0 | 2홉+ 0.41 | 도달  923 | 차단  112
Ep 227 | Step 1000 | R   172.22 | 배송 20/50 | 미활동 0 | 2홉+ 0.58 | 도달 1054 | 차단   34
Ep 228 | Step 1000 | R   169.13 | 배송 20/50 | 미활동 0 | 2홉+ 0.48 | 도달 1014 | 차단  285
Ep 229 | Step 1000 | R   226.47 | 배송 22/50 | 미활동 0 | 2홉+ 0.39 | 도달  982 | 차단  281
Ep 230 | Step 1000 | R   157.99 | 배송 18/50 | 미활동 0 | 2홉+ 0.43 | 도달  945 | 차단  212
Ep 231 | Step 1000 | R    81.78 | 배송 11/50 | 미활동 0 | 2홉+ 0.41 | 도달  971 | 차단  139
Ep 232 | Step 1000 | R   231.75 | 배송 22/50 | 미활동 0 | 2홉+ 0.54 | 도달 1022 | 차단   75
Ep 233 | Step 1000 | R   100.36 | 배송 14/50 | 미활동 1 | 2홉+ 0.27 | 도달  656 | 차단  598
Ep 234 | Step 1000 | R   138.23 | 배송 17/50 | 미활동 0 | 2홉+ 0.42 | 도달  767 | 차단  431
Ep 235 | Step 1000 | R    52.34 | 배송  9/50 | 미활동 0 | 2홉+ 0.57 | 도달  970 | 차단 1439
Ep 236 | Step 1000 | R   164.34 | 배송 18/50 | 미활동 0 | 2홉+ 0.28 | 도달  896 | 차단  198
Ep 237 | Step 1000 | R   109.61 | 배송 14/50 | 미활동 0 | 2홉+ 0.62 | 도달 1006 | 차단  199
Ep 238 | Step 1000 | R   175.30 | 배송 20/50 | 미활동 0 | 2홉+ 0.60 | 도달 1056 | 차단  710
Ep 239 | Step 1000 | R   164.98 | 배송 19/50 | 미활동 0 | 2홉+ 0.41 | 도달  985 | 차단  197
Ep 240 | Step 1000 | R   148.22 | 배송 17/50 | 미활동 0 | 2홉+ 0.53 | 도달 1010 | 차단  281
Ep 241 | Step 1000 | R   157.45 | 배송 18/50 | 미활동 0 | 2홉+ 0.26 | 도달  895 | 차단  130
Ep 242 | Step 1000 | R   183.33 | 배송 18/50 | 미활동 0 | 2홉+ 0.37 | 도달 1074 | 차단  192
Ep 243 | Step 1000 | R    70.70 | 배송 11/50 | 미활동 0 | 2홉+ 0.42 | 도달  871 | 차단 1531
Ep 244 | Step 1000 | R   115.93 | 배송 16/50 | 미활동 0 | 2홉+ 0.43 | 도달 1023 | 차단 1395
Ep 245 | Step 1000 | R   175.31 | 배송 20/50 | 미활동 0 | 2홉+ 0.35 | 도달  878 | 차단  225
Ep 246 | Step 1000 | R   122.68 | 배송 15/50 | 미활동 1 | 2홉+ 0.43 | 도달  960 | 차단 1330
Ep 247 | Step 1000 | R   183.26 | 배송 20/50 | 미활동 0 | 2홉+ 0.56 | 도달 1019 | 차단  433
Ep 248 | Step 1000 | R   129.88 | 배송 16/50 | 미활동 0 | 2홉+ 0.46 | 도달  928 | 차단  188
Ep 249 | Step 1000 | R   114.75 | 배송 14/50 | 미활동 0 | 2홉+ 0.18 | 도달  848 | 차단   61
Ep 250 | Step 1000 | R   149.20 | 배송 17/50 | 미활동 0 | 2홉+ 0.28 | 도달  585 | 차단  366
  [홀드아웃] 배송 10.5±5.6 미활동 1.33 2홉+ 0.29 도달 793 | 최고 14.5@ep100 | 정체 3/15
Ep 251 | Step 1000 | R    92.99 | 배송 13/50 | 미활동 1 | 2홉+ 0.32 | 도달  797 | 차단  333
Ep 252 | Step 1000 | R   209.17 | 배송 20/50 | 미활동 0 | 2홉+ 0.32 | 도달  947 | 차단  135
Ep 253 | Step 1000 | R   114.34 | 배송 14/50 | 미활동 1 | 2홉+ 0.41 | 도달  864 | 차단  536
Ep 254 | Step 1000 | R    96.35 | 배송 12/50 | 미활동 1 | 2홉+ 0.44 | 도달  960 | 차단  105
Ep 255 | Step 1000 | R   135.58 | 배송 16/50 | 미활동 0 | 2홉+ 0.31 | 도달  778 | 차단   76
Ep 256 | Step 1000 | R   149.93 | 배송 17/50 | 미활동 0 | 2홉+ 0.45 | 도달 1063 | 차단  478
Ep 257 | Step 1000 | R   166.22 | 배송 16/50 | 미활동 1 | 2홉+ 0.33 | 도달 1026 | 차단  120
Ep 258 | Step 1000 | R   117.64 | 배송 13/50 | 미활동 1 | 2홉+ 0.49 | 도달  870 | 차단  232
Ep 259 | Step 1000 | R    94.27 | 배송 13/50 | 미활동 1 | 2홉+ 0.43 | 도달 1052 | 차단 1098
Ep 260 | Step 1000 | R   147.29 | 배송 17/50 | 미활동 0 | 2홉+ 0.55 | 도달 1066 | 차단  147
Ep 261 | Step 1000 | R   111.94 | 배송 14/50 | 미활동 0 | 2홉+ 0.25 | 도달  999 | 차단  325
Ep 262 | Step 1000 | R   122.29 | 배송 15/50 | 미활동 0 | 2홉+ 0.36 | 도달  927 | 차단  602
Ep 263 | Step 1000 | R   210.56 | 배송 20/50 | 미활동 0 | 2홉+ 0.49 | 도달  776 | 차단  333
Ep 264 | Step 1000 | R   179.26 | 배송 20/50 | 미활동 0 | 2홉+ 0.60 | 도달 1009 | 차단  197
Ep 265 | Step 1000 | R   166.08 | 배송 17/50 | 미활동 0 | 2홉+ 0.55 | 도달  985 | 차단  930
Ep 266 | Step 1000 | R   173.86 | 배송 20/50 | 미활동 0 | 2홉+ 0.37 | 도달  998 | 차단  440
Ep 267 | Step 1000 | R    95.92 | 배송 12/50 | 미활동 1 | 2홉+ 0.52 | 도달  978 | 차단  956
Ep 268 | Step 1000 | R   120.51 | 배송 15/50 | 미활동 0 | 2홉+ 0.34 | 도달  797 | 차단  255
Ep 269 | Step 1000 | R   107.39 | 배송 14/50 | 미활동 1 | 2홉+ 0.23 | 도달  982 | 차단  706
Ep 270 | Step 1000 | R   151.23 | 배송 17/50 | 미활동 0 | 2홉+ 0.41 | 도달 1074 | 차단  207
Ep 271 | Step 1000 | R   117.04 | 배송 15/50 | 미활동 0 | 2홉+ 0.42 | 도달  787 | 차단    0
Ep 272 | Step 1000 | R   157.90 | 배송 18/50 | 미활동 0 | 2홉+ 0.45 | 도달 1024 | 차단  213
Ep 273 | Step 1000 | R   159.90 | 배송 18/50 | 미활동 0 | 2홉+ 0.49 | 도달 1006 | 차단  357
Ep 274 | Step 1000 | R   121.83 | 배송 15/50 | 미활동 0 | 2홉+ 0.45 | 도달 1032 | 차단  405
Ep 275 | Step 1000 | R   150.49 | 배송 18/50 | 미활동 0 | 2홉+ 0.56 | 도달 1074 | 차단  149
Ep 276 | Step 1000 | R   187.30 | 배송 20/50 | 미활동 0 | 2홉+ 0.32 | 도달  952 | 차단  242
Ep 277 | Step 1000 | R   175.37 | 배송 19/50 | 미활동 0 | 2홉+ 0.41 | 도달 1000 | 차단   46
Ep 278 | Step 1000 | R   138.85 | 배송 16/50 | 미활동 0 | 2홉+ 0.61 | 도달  978 | 차단  151
Ep 279 | Step 1000 | R   134.30 | 배송 16/50 | 미활동 0 | 2홉+ 0.31 | 도달  811 | 차단  543
Ep 280 | Step 1000 | R   155.30 | 배송 17/50 | 미활동 0 | 2홉+ 0.21 | 도달  865 | 차단   36
Ep 281 | Step 1000 | R    89.71 | 배송 12/50 | 미활동 1 | 2홉+ 0.53 | 도달 1074 | 차단  405
Ep 282 | Step 1000 | R   169.85 | 배송 20/50 | 미활동 0 | 2홉+ 0.50 | 도달 1073 | 차단  183
Ep 283 | Step 1000 | R   119.93 | 배송 15/50 | 미활동 0 | 2홉+ 0.54 | 도달  845 | 차단 1064
Ep 284 | Step 1000 | R   102.21 | 배송 12/50 | 미활동 0 | 2홉+ 0.38 | 도달  913 | 차단  154
Ep 285 | Step 1000 | R   190.19 | 배송 20/50 | 미활동 0 | 2홉+ 0.39 | 도달 1040 | 차단   89
Ep 286 | Step 1000 | R   155.43 | 배송 18/50 | 미활동 0 | 2홉+ 0.53 | 도달  804 | 차단 1120
Ep 287 | Step 1000 | R   151.18 | 배송 17/50 | 미활동 0 | 2홉+ 0.43 | 도달  976 | 차단  383
Ep 288 | Step 1000 | R   123.58 | 배송 15/50 | 미활동 1 | 2홉+ 0.18 | 도달  718 | 차단    0
Ep 289 | Step 1000 | R    94.53 | 배송 12/50 | 미활동 0 | 2홉+ 0.54 | 도달 1011 | 차단  692
Ep 290 | Step 1000 | R   154.00 | 배송 17/50 | 미활동 0 | 2홉+ 0.44 | 도달  985 | 차단  533
Ep 291 | Step 1000 | R   136.37 | 배송 17/50 | 미활동 0 | 2홉+ 0.39 | 도달  898 | 차단  449
Ep 292 | Step 1000 | R   171.63 | 배송 19/50 | 미활동 0 | 2홉+ 0.44 | 도달  916 | 차단   98
Ep 293 | Step 1000 | R    87.36 | 배송 13/50 | 미활동 0 | 2홉+ 0.39 | 도달  962 | 차단 1614
Ep 294 | Step 1000 | R   157.91 | 배송 18/50 | 미활동 0 | 2홉+ 0.62 | 도달  990 | 차단  602
Ep 295 | Step 1000 | R    88.93 | 배송 12/50 | 미활동 1 | 2홉+ 0.43 | 도달 1042 | 차단  991
Ep 296 | Step 1000 | R   127.88 | 배송 15/50 | 미활동 0 | 2홉+ 0.54 | 도달  917 | 차단  505
Ep 297 | Step 1000 | R   147.18 | 배송 18/50 | 미활동 0 | 2홉+ 0.51 | 도달  969 | 차단  217
Ep 298 | Step 1000 | R   130.43 | 배송 16/50 | 미활동 0 | 2홉+ 0.36 | 도달  867 | 차단  496
Ep 299 | Step 1000 | R   153.35 | 배송 18/50 | 미활동 0 | 2홉+ 0.55 | 도달 1074 | 차단  227
Ep 300 | Step 1000 | R   152.93 | 배송 18/50 | 미활동 0 | 2홉+ 0.52 | 도달 1063 | 차단  442
  [홀드아웃] 배송 10.5±4.5 미활동 0.67 2홉+ 0.51 도달 935 | 최고 14.5@ep100 | 정체 4/15
Ep 301 | Step 1000 | R   156.34 | 배송 19/50 | 미활동 0 | 2홉+ 0.58 | 도달 1074 | 차단  761
Ep 302 | Step 1000 | R   125.94 | 배송 16/50 | 미활동 0 | 2홉+ 0.50 | 도달 1074 | 차단  236
Ep 303 | Step 1000 | R   178.89 | 배송 20/50 | 미활동 0 | 2홉+ 0.57 | 도달 1008 | 차단  487
Ep 304 | Step 1000 | R   141.22 | 배송 17/50 | 미활동 0 | 2홉+ 0.54 | 도달 1034 | 차단  796
Ep 305 | Step 1000 | R   134.01 | 배송 17/50 | 미활동 0 | 2홉+ 0.49 | 도달 1011 | 차단  710
Ep 306 | Step 1000 | R    68.21 | 배송 10/50 | 미활동 1 | 2홉+ 0.64 | 도달 1050 | 차단  324
Ep 307 | Step 1000 | R   133.01 | 배송 17/50 | 미활동 0 | 2홉+ 0.57 | 도달 1074 | 차단  471
Ep 308 | Step 1000 | R    99.60 | 배송 13/50 | 미활동 0 | 2홉+ 0.49 | 도달 1074 | 차단  434
Ep 309 | Step 1000 | R   151.73 | 배송 19/50 | 미활동 0 | 2홉+ 0.56 | 도달  965 | 차단  546
Ep 310 | Step 1000 | R   145.33 | 배송 17/50 | 미활동 0 | 2홉+ 0.46 | 도달  957 | 차단  924
Ep 311 | Step 1000 | R   168.55 | 배송 19/50 | 미활동 0 | 2홉+ 0.51 | 도달  992 | 차단  307
Ep 312 | Step 1000 | R   126.34 | 배송 15/50 | 미활동 0 | 2홉+ 0.46 | 도달 1050 | 차단  284
Ep 313 | Step 1000 | R   126.23 | 배송 16/50 | 미활동 0 | 2홉+ 0.49 | 도달 1069 | 차단  303
Ep 314 | Step 1000 | R   151.96 | 배송 18/50 | 미활동 0 | 2홉+ 0.46 | 도달 1074 | 차단  663
Ep 315 | Step 1000 | R   112.02 | 배송 15/50 | 미활동 0 | 2홉+ 0.48 | 도달  955 | 차단 1152
Ep 316 | Step 1000 | R   132.74 | 배송 17/50 | 미활동 0 | 2홉+ 0.41 | 도달 1074 | 차단  576
Ep 317 | Step 1000 | R   130.05 | 배송 16/50 | 미활동 0 | 2홉+ 0.43 | 도달 1074 | 차단  836
Ep 318 | Step 1000 | R   146.13 | 배송 17/50 | 미활동 0 | 2홉+ 0.56 | 도달 1019 | 차단  425
Ep 319 | Step 1000 | R   114.67 | 배송 15/50 | 미활동 1 | 2홉+ 0.54 | 도달 1024 | 차단  735
Ep 320 | Step 1000 | R   127.62 | 배송 16/50 | 미활동 0 | 2홉+ 0.64 | 도달 1074 | 차단  160
Ep 321 | Step 1000 | R   126.20 | 배송 15/50 | 미활동 0 | 2홉+ 0.44 | 도달  971 | 차단  540
Ep 322 | Step 1000 | R    67.40 | 배송 11/50 | 미활동 0 | 2홉+ 0.46 | 도달 1074 | 차단 2454
Ep 323 | Step 1000 | R   174.54 | 배송 20/50 | 미활동 0 | 2홉+ 0.65 | 도달 1059 | 차단  140
Ep 324 | Step 1000 | R   153.12 | 배송 17/50 | 미활동 0 | 2홉+ 0.67 | 도달 1074 | 차단   65
Ep 325 | Step 1000 | R   161.19 | 배송 18/50 | 미활동 0 | 2홉+ 0.52 | 도달 1074 | 차단   52
Ep 326 | Step 1000 | R   149.48 | 배송 19/50 | 미활동 0 | 2홉+ 0.65 | 도달 1064 | 차단  194
Ep 327 | Step 1000 | R   157.90 | 배송 19/50 | 미활동 0 | 2홉+ 0.65 | 도달 1074 | 차단  761
Ep 328 | Step 1000 | R    92.86 | 배송 13/50 | 미활동 1 | 2홉+ 0.34 | 도달  904 | 차단 1091
Ep 329 | Step 1000 | R   113.83 | 배송 14/50 | 미활동 0 | 2홉+ 0.66 | 도달 1070 | 차단  610
Ep 330 | Step 1000 | R   139.20 | 배송 16/50 | 미활동 0 | 2홉+ 0.63 | 도달 1030 | 차단  214
Ep 331 | Step 1000 | R   157.46 | 배송 18/50 | 미활동 0 | 2홉+ 0.37 | 도달  905 | 차단  373
Ep 332 | Step 1000 | R   169.55 | 배송 20/50 | 미활동 0 | 2홉+ 0.66 | 도달 1074 | 차단  190
Ep 333 | Step 1000 | R   101.38 | 배송 14/50 | 미활동 0 | 2홉+ 0.70 | 도달 1074 | 차단  696
Ep 334 | Step 1000 | R   150.93 | 배송 18/50 | 미활동 0 | 2홉+ 0.61 | 도달  904 | 차단  704
Ep 335 | Step 1000 | R    81.91 | 배송 12/50 | 미활동 1 | 2홉+ 0.42 | 도달 1074 | 차단 1027
Ep 336 | Step 1000 | R   170.03 | 배송 19/50 | 미활동 0 | 2홉+ 0.68 | 도달  977 | 차단  422
Ep 337 | Step 1000 | R   143.52 | 배송 18/50 | 미활동 0 | 2홉+ 0.57 | 도달  999 | 차단 1394
Ep 338 | Step 1000 | R   149.37 | 배송 18/50 | 미활동 0 | 2홉+ 0.65 | 도달 1070 | 차단  293
Ep 339 | Step 1000 | R   114.24 | 배송 16/50 | 미활동 0 | 2홉+ 0.64 | 도달 1072 | 차단  372
Ep 340 | Step 1000 | R   119.09 | 배송 16/50 | 미활동 0 | 2홉+ 0.46 | 도달 1013 | 차단 1749
Ep 341 | Step 1000 | R   151.55 | 배송 18/50 | 미활동 0 | 2홉+ 0.66 | 도달 1074 | 차단  135
Ep 342 | Step 1000 | R   116.24 | 배송 15/50 | 미활동 0 | 2홉+ 0.67 | 도달 1074 | 차단  844
Ep 343 | Step 1000 | R   115.85 | 배송 17/50 | 미활동 0 | 2홉+ 0.66 | 도달 1074 | 차단  535
Ep 344 | Step 1000 | R    96.20 | 배송 13/50 | 미활동 1 | 2홉+ 0.47 | 도달 1074 | 차단 1052
Ep 345 | Step 1000 | R   176.20 | 배송 20/50 | 미활동 0 | 2홉+ 0.62 | 도달 1074 | 차단  282
Ep 346 | Step 1000 | R   142.03 | 배송 18/50 | 미활동 0 | 2홉+ 0.57 | 도달 1000 | 차단  228
Ep 347 | Step 1000 | R   118.64 | 배송 16/50 | 미활동 0 | 2홉+ 0.59 | 도달 1073 | 차단   21
Ep 348 | Step 1000 | R   136.53 | 배송 17/50 | 미활동 0 | 2홉+ 0.65 | 도달 1011 | 차단  283
Ep 349 | Step 1000 | R   133.24 | 배송 16/50 | 미활동 0 | 2홉+ 0.46 | 도달  989 | 차단  766
Ep 350 | Step 1000 | R   211.65 | 배송 21/50 | 미활동 0 | 2홉+ 0.48 | 도달 1074 | 차단  992
  [홀드아웃] 배송 16.0±1.3 미활동 0.00 2홉+ 0.60 도달 1032 | 최고 16.0@ep350 | 정체 0/15  ← 최고 갱신
Ep 351 | Step 1000 | R   163.04 | 배송 19/50 | 미활동 0 | 2홉+ 0.60 | 도달  941 | 차단  508
Ep 352 | Step 1000 | R   145.40 | 배송 18/50 | 미활동 0 | 2홉+ 0.55 | 도달  911 | 차단  923
Ep 353 | Step 1000 | R   124.81 | 배송 16/50 | 미활동 0 | 2홉+ 0.51 | 도달  963 | 차단 1089
Ep 354 | Step 1000 | R   163.41 | 배송 20/50 | 미활동 0 | 2홉+ 0.61 | 도달 1025 | 차단  290
Ep 355 | Step 1000 | R   148.24 | 배송 20/50 | 미활동 0 | 2홉+ 0.67 | 도달 1073 | 차단  441
Ep 356 | Step 1000 | R   156.38 | 배송 19/50 | 미활동 0 | 2홉+ 0.56 | 도달  982 | 차단 1303
Ep 357 | Step 1000 | R   159.45 | 배송 18/50 | 미활동 0 | 2홉+ 0.38 | 도달  881 | 차단  414
Ep 358 | Step 1000 | R   133.70 | 배송 16/50 | 미활동 0 | 2홉+ 0.65 | 도달  989 | 차단  528
Ep 359 | Step 1000 | R   144.80 | 배송 17/50 | 미활동 0 | 2홉+ 0.56 | 도달  980 | 차단  477
Ep 360 | Step 1000 | R   171.90 | 배송 19/50 | 미활동 0 | 2홉+ 0.56 | 도달 1052 | 차단  214
Ep 361 | Step 1000 | R   162.47 | 배송 18/50 | 미활동 0 | 2홉+ 0.47 | 도달 1019 | 차단  673
Ep 362 | Step 1000 | R   126.27 | 배송 17/50 | 미활동 0 | 2홉+ 0.49 | 도달  969 | 차단  227
Ep 363 | Step 1000 | R   146.58 | 배송 18/50 | 미활동 0 | 2홉+ 0.55 | 도달  979 | 차단  422
Ep 364 | Step 1000 | R   155.79 | 배송 18/50 | 미활동 0 | 2홉+ 0.47 | 도달  983 | 차단  681
Ep 365 | Step 1000 | R   144.26 | 배송 20/50 | 미활동 0 | 2홉+ 0.64 | 도달  969 | 차단  930
Ep 366 | Step 1000 | R   217.48 | 배송 20/50 | 미활동 0 | 2홉+ 0.46 | 도달  940 | 차단   40
Ep 367 | Step 1000 | R   181.36 | 배송 20/50 | 미활동 0 | 2홉+ 0.68 | 도달  999 | 차단  307
Ep 368 | Step 1000 | R   111.49 | 배송 16/50 | 미활동 0 | 2홉+ 0.69 | 도달  996 | 차단  978
Ep 369 | Step 1000 | R   144.99 | 배송 17/50 | 미활동 0 | 2홉+ 0.39 | 도달  921 | 차단 1065
Ep 370 | Step 1000 | R   124.75 | 배송 16/50 | 미활동 0 | 2홉+ 0.47 | 도달  803 | 차단 1292
Ep 371 | Step 1000 | R   161.93 | 배송 19/50 | 미활동 0 | 2홉+ 0.68 | 도달 1041 | 차단  946
Ep 372 | Step 1000 | R   139.42 | 배송 18/50 | 미활동 0 | 2홉+ 0.52 | 도달 1044 | 차단  936
Ep 373 | Step 1000 | R   112.89 | 배송 16/50 | 미활동 0 | 2홉+ 0.70 | 도달 1023 | 차단 1019
Ep 374 | Step 1000 | R   205.47 | 배송 20/50 | 미활동 0 | 2홉+ 0.43 | 도달 1011 | 차단  142
Ep 375 | Step 1000 | R   183.37 | 배송 20/50 | 미활동 0 | 2홉+ 0.69 | 도달 1074 | 차단  204
Ep 376 | Step 1000 | R   169.20 | 배송 19/50 | 미활동 0 | 2홉+ 0.65 | 도달  924 | 차단  351
Ep 377 | Step 1000 | R   141.26 | 배송 17/50 | 미활동 0 | 2홉+ 0.54 | 도달 1074 | 차단  483
Ep 378 | Step 1000 | R   109.87 | 배송 14/50 | 미활동 0 | 2홉+ 0.69 | 도달 1074 | 차단  264
Ep 379 | Step 1000 | R   219.88 | 배송 20/50 | 미활동 0 | 2홉+ 0.50 | 도달  967 | 차단  250
Ep 380 | Step 1000 | R   118.46 | 배송 15/50 | 미활동 0 | 2홉+ 0.59 | 도달  872 | 차단  697
Ep 381 | Step 1000 | R   137.61 | 배송 17/50 | 미활동 0 | 2홉+ 0.67 | 도달 1023 | 차단  528
Ep 382 | Step 1000 | R   145.60 | 배송 18/50 | 미활동 0 | 2홉+ 0.68 | 도달 1010 | 차단  136
Ep 383 | Step 1000 | R   145.72 | 배송 17/50 | 미활동 0 | 2홉+ 0.56 | 도달 1026 | 차단  417
Ep 384 | Step 1000 | R    91.68 | 배송 12/50 | 미활동 0 | 2홉+ 0.43 | 도달  936 | 차단 1157
Ep 385 | Step 1000 | R   135.00 | 배송 16/50 | 미활동 0 | 2홉+ 0.65 | 도달 1074 | 차단   84
Ep 386 | Step 1000 | R   172.25 | 배송 20/50 | 미활동 0 | 2홉+ 0.63 | 도달  966 | 차단 1008
Ep 387 | Step 1000 | R   170.51 | 배송 20/50 | 미활동 0 | 2홉+ 0.51 | 도달 1048 | 차단  557
Ep 388 | Step 1000 | R   131.20 | 배송 16/50 | 미활동 0 | 2홉+ 0.68 | 도달 1024 | 차단  309
Ep 389 | Step 1000 | R   133.33 | 배송 16/50 | 미활동 0 | 2홉+ 0.69 | 도달 1074 | 차단  179
Ep 390 | Step 1000 | R   159.61 | 배송 19/50 | 미활동 0 | 2홉+ 0.55 | 도달  993 | 차단  723
Ep 391 | Step 1000 | R   149.88 | 배송 19/50 | 미활동 0 | 2홉+ 0.56 | 도달 1056 | 차단  423
Ep 392 | Step 1000 | R   139.70 | 배송 18/50 | 미활동 0 | 2홉+ 0.49 | 도달  899 | 차단  605
Ep 393 | Step 1000 | R   159.20 | 배송 19/50 | 미활동 0 | 2홉+ 0.61 | 도달  996 | 차단  395
Ep 394 | Step 1000 | R   158.04 | 배송 16/50 | 미활동 0 | 2홉+ 0.63 | 도달 1027 | 차단  617
Ep 395 | Step 1000 | R   141.33 | 배송 16/50 | 미활동 0 | 2홉+ 0.43 | 도달  852 | 차단  424
Ep 396 | Step 1000 | R   178.17 | 배송 20/50 | 미활동 0 | 2홉+ 0.65 | 도달 1002 | 차단   80
Ep 397 | Step 1000 | R   208.08 | 배송 20/50 | 미활동 0 | 2홉+ 0.57 | 도달  989 | 차단  445
Ep 398 | Step 1000 | R   117.29 | 배송 16/50 | 미활동 0 | 2홉+ 0.69 | 도달 1074 | 차단  625
Ep 399 | Step 1000 | R   136.94 | 배송 17/50 | 미활동 0 | 2홉+ 0.63 | 도달  982 | 차단  830
Ep 400 | Step 1000 | R   119.49 | 배송 14/50 | 미활동 0 | 2홉+ 0.66 | 도달  993 | 차단  350
  [홀드아웃] 배송 13.2±2.6 미활동 0.00 2홉+ 0.66 도달 1051 | 최고 16.0@ep350 | 정체 1/15
Ep 401 | Step 1000 | R   217.60 | 배송 20/50 | 미활동 0 | 2홉+ 0.59 | 도달  976 | 차단  429
Ep 402 | Step 1000 | R   155.87 | 배송 18/50 | 미활동 0 | 2홉+ 0.69 | 도달  963 | 차단  736
Ep 403 | Step 1000 | R   133.22 | 배송 16/50 | 미활동 0 | 2홉+ 0.45 | 도달  998 | 차단  572
Ep 404 | Step 1000 | R   176.46 | 배송 18/50 | 미활동 0 | 2홉+ 0.53 | 도달 1074 | 차단   32
Ep 405 | Step 1000 | R   135.20 | 배송 17/50 | 미활동 0 | 2홉+ 0.68 | 도달  993 | 차단  404
Ep 406 | Step 1000 | R   163.94 | 배송 18/50 | 미활동 0 | 2홉+ 0.52 | 도달  951 | 차단  190
Ep 407 | Step 1000 | R   116.40 | 배송 15/50 | 미활동 0 | 2홉+ 0.45 | 도달  986 | 차단 1001
Ep 408 | Step 1000 | R   163.97 | 배송 18/50 | 미활동 0 | 2홉+ 0.42 | 도달  854 | 차단  116
Ep 409 | Step 1000 | R   131.48 | 배송 16/50 | 미활동 0 | 2홉+ 0.69 | 도달  989 | 차단  423
Ep 410 | Step 1000 | R    88.96 | 배송 13/50 | 미활동 0 | 2홉+ 0.56 | 도달 1029 | 차단 1677
Ep 411 | Step 1000 | R   176.47 | 배송 20/50 | 미활동 0 | 2홉+ 0.67 | 도달 1074 | 차단  710
Ep 412 | Step 1000 | R   127.68 | 배송 17/50 | 미활동 0 | 2홉+ 0.70 | 도달 1074 | 차단 1100
Ep 413 | Step 1000 | R   178.25 | 배송 19/50 | 미활동 0 | 2홉+ 0.58 | 도달  957 | 차단  308
Ep 414 | Step 1000 | R   114.42 | 배송 14/50 | 미활동 1 | 2홉+ 0.68 | 도달  964 | 차단  405
Ep 415 | Step 1000 | R   221.01 | 배송 21/50 | 미활동 0 | 2홉+ 0.23 | 도달  888 | 차단  193
Ep 416 | Step 1000 | R   122.16 | 배송 14/50 | 미활동 0 | 2홉+ 0.70 | 도달 1074 | 차단  677
Ep 417 | Step 1000 | R   181.58 | 배송 18/50 | 미활동 0 | 2홉+ 0.68 | 도달 1020 | 차단  216
Ep 418 | Step 1000 | R   169.57 | 배송 19/50 | 미활동 0 | 2홉+ 0.57 | 도달 1042 | 차단  220
Ep 419 | Step 1000 | R   129.47 | 배송 17/50 | 미활동 0 | 2홉+ 0.63 | 도달  983 | 차단  757
Ep 420 | Step 1000 | R   163.53 | 배송 18/50 | 미활동 0 | 2홉+ 0.56 | 도달 1032 | 차단  444
Ep 421 | Step 1000 | R   166.55 | 배송 19/50 | 미활동 0 | 2홉+ 0.69 | 도달 1068 | 차단   59
Ep 422 | Step 1000 | R   136.54 | 배송 17/50 | 미활동 0 | 2홉+ 0.67 | 도달  970 | 차단  691
Ep 423 | Step 1000 | R   167.71 | 배송 20/50 | 미활동 0 | 2홉+ 0.62 | 도달  973 | 차단  752
Ep 424 | Step 1000 | R   133.03 | 배송 16/50 | 미활동 0 | 2홉+ 0.70 | 도달 1007 | 차단  319
Ep 425 | Step 1000 | R   155.88 | 배송 18/50 | 미활동 0 | 2홉+ 0.50 | 도달 1010 | 차단  127
Ep 426 | Step 1000 | R   135.16 | 배송 17/50 | 미활동 0 | 2홉+ 0.48 | 도달  991 | 차단  252
Ep 427 | Step 1000 | R   173.24 | 배송 20/50 | 미활동 0 | 2홉+ 0.64 | 도달 1022 | 차단  468
Ep 428 | Step 1000 | R   143.42 | 배송 18/50 | 미활동 0 | 2홉+ 0.67 | 도달  984 | 차단  494
Ep 429 | Step 1000 | R   135.29 | 배송 16/50 | 미활동 0 | 2홉+ 0.60 | 도달  979 | 차단  734
Ep 430 | Step 1000 | R   208.97 | 배송 20/50 | 미활동 0 | 2홉+ 0.62 | 도달 1005 | 차단  796
Ep 431 | Step 1000 | R   177.90 | 배송 20/50 | 미활동 0 | 2홉+ 0.52 | 도달  955 | 차단  366
Ep 432 | Step 1000 | R   221.18 | 배송 20/50 | 미활동 0 | 2홉+ 0.49 | 도달 1027 | 차단  349
Ep 433 | Step 1000 | R   163.09 | 배송 18/50 | 미활동 0 | 2홉+ 0.62 | 도달 1068 | 차단  290
Ep 434 | Step 1000 | R    94.51 | 배송 14/50 | 미활동 0 | 2홉+ 0.60 | 도달  874 | 차단 1175
Ep 435 | Step 1000 | R   154.88 | 배송 19/50 | 미활동 0 | 2홉+ 0.70 | 도달 1074 | 차단  228
Ep 436 | Step 1000 | R   172.46 | 배송 17/50 | 미활동 0 | 2홉+ 0.50 | 도달 1074 | 차단  258
Ep 437 | Step 1000 | R   154.54 | 배송 18/50 | 미활동 0 | 2홉+ 0.61 | 도달  909 | 차단  575
Ep 438 | Step 1000 | R   226.18 | 배송 21/50 | 미활동 0 | 2홉+ 0.54 | 도달  981 | 차단  442
Ep 439 | Step 1000 | R   180.11 | 배송 20/50 | 미활동 0 | 2홉+ 0.70 | 도달  988 | 차단  124
Ep 440 | Step 1000 | R   253.33 | 배송 20/50 | 미활동 0 | 2홉+ 0.21 | 도달  944 | 차단  272
Ep 441 | Step 1000 | R   208.59 | 배송 19/50 | 미활동 1 | 2홉+ 0.61 | 도달 1074 | 차단  304
Ep 442 | Step 1000 | R   147.87 | 배송 17/50 | 미활동 0 | 2홉+ 0.41 | 도달  920 | 차단 1138
Ep 443 | Step 1000 | R   151.52 | 배송 18/50 | 미활동 0 | 2홉+ 0.69 | 도달  994 | 차단 1037
Ep 444 | Step 1000 | R    96.28 | 배송 13/50 | 미활동 0 | 2홉+ 0.54 | 도달  962 | 차단 1087
Ep 445 | Step 1000 | R   243.65 | 배송 22/50 | 미활동 0 | 2홉+ 0.31 | 도달  889 | 차단   52
Ep 446 | Step 1000 | R   171.76 | 배송 19/50 | 미활동 0 | 2홉+ 0.41 | 도달  962 | 차단  471
Ep 447 | Step 1000 | R   171.05 | 배송 16/50 | 미활동 0 | 2홉+ 0.59 | 도달 1055 | 차단  331
Ep 448 | Step 1000 | R   172.28 | 배송 19/50 | 미활동 0 | 2홉+ 0.51 | 도달  956 | 차단  906
Ep 449 | Step 1000 | R   217.82 | 배송 20/50 | 미활동 0 | 2홉+ 0.54 | 도달  982 | 차단  425
Ep 450 | Step 1000 | R   121.59 | 배송 17/50 | 미활동 0 | 2홉+ 0.70 | 도달 1003 | 차단 1655
  [홀드아웃] 배송 16.3±3.6 미활동 0.17 2홉+ 0.60 도달 959 | 최고 16.3@ep450 | 정체 0/15  ← 최고 갱신
Ep 451 | Step 1000 | R   138.28 | 배송 16/50 | 미활동 0 | 2홉+ 0.68 | 도달 1015 | 차단  261
Ep 452 | Step 1000 | R   159.58 | 배송 18/50 | 미활동 0 | 2홉+ 0.52 | 도달  902 | 차단  267
Ep 453 | Step 1000 | R   139.52 | 배송 15/50 | 미활동 0 | 2홉+ 0.39 | 도달  842 | 차단  159
Ep 454 | Step 1000 | R   180.92 | 배송 16/50 | 미활동 0 | 2홉+ 0.40 | 도달  924 | 차단   82
Ep 455 | Step 1000 | R   148.62 | 배송 17/50 | 미활동 0 | 2홉+ 0.49 | 도달  977 | 차단  752
Ep 456 | Step 1000 | R   159.79 | 배송 18/50 | 미활동 0 | 2홉+ 0.35 | 도달  831 | 차단   92
Ep 457 | Step 1000 | R   209.22 | 배송 20/50 | 미활동 0 | 2홉+ 0.36 | 도달  802 | 차단  625
Ep 458 | Step 1000 | R   192.85 | 배송 17/50 | 미활동 0 | 2홉+ 0.39 | 도달  961 | 차단  125
Ep 459 | Step 1000 | R   158.46 | 배송 18/50 | 미활동 0 | 2홉+ 0.37 | 도달  753 | 차단   19
Ep 460 | Step 1000 | R   228.46 | 배송 22/50 | 미활동 0 | 2홉+ 0.31 | 도달  912 | 차단  266
Ep 461 | Step 1000 | R   136.42 | 배송 16/50 | 미활동 0 | 2홉+ 0.49 | 도달 1001 | 차단  577
Ep 462 | Step 1000 | R   227.81 | 배송 20/50 | 미활동 0 | 2홉+ 0.49 | 도달  986 | 차단  585
Ep 463 | Step 1000 | R   164.70 | 배송 18/50 | 미활동 0 | 2홉+ 0.48 | 도달  822 | 차단   76
Ep 464 | Step 1000 | R   136.40 | 배송 18/50 | 미활동 0 | 2홉+ 0.41 | 도달  852 | 차단  734
Ep 465 | Step 1000 | R   196.13 | 배송 19/50 | 미활동 0 | 2홉+ 0.42 | 도달  909 | 차단  601
Ep 466 | Step 1000 | R   183.09 | 배송 19/50 | 미활동 0 | 2홉+ 0.48 | 도달 1023 | 차단  313
Ep 467 | Step 1000 | R   217.60 | 배송 20/50 | 미활동 0 | 2홉+ 0.38 | 도달  878 | 차단  113
Ep 468 | Step 1000 | R   143.75 | 배송 16/50 | 미활동 0 | 2홉+ 0.51 | 도달  863 | 차단  266
Ep 469 | Step 1000 | R   119.39 | 배송 15/50 | 미활동 0 | 2홉+ 0.55 | 도달  959 | 차단 1420
Ep 470 | Step 1000 | R   148.85 | 배송 17/50 | 미활동 0 | 2홉+ 0.17 | 도달  805 | 차단   81
Ep 471 | Step 1000 | R   187.87 | 배송 20/50 | 미활동 0 | 2홉+ 0.51 | 도달 1046 | 차단  277
Ep 472 | Step 1000 | R   171.79 | 배송 20/50 | 미활동 0 | 2홉+ 0.48 | 도달 1019 | 차단  316
Ep 473 | Step 1000 | R   172.78 | 배송 19/50 | 미활동 0 | 2홉+ 0.61 | 도달  979 | 차단   32
Ep 474 | Step 1000 | R   154.28 | 배송 17/50 | 미활동 0 | 2홉+ 0.48 | 도달 1026 | 차단  190
Ep 475 | Step 1000 | R   135.45 | 배송 15/50 | 미활동 0 | 2홉+ 0.34 | 도달  755 | 차단  218
Ep 476 | Step 1000 | R   164.45 | 배송 19/50 | 미활동 0 | 2홉+ 0.44 | 도달  941 | 차단    1
Ep 477 | Step 1000 | R   235.50 | 배송 23/50 | 미활동 0 | 2홉+ 0.22 | 도달  825 | 차단   23
Ep 478 | Step 1000 | R   154.03 | 배송 18/50 | 미활동 0 | 2홉+ 0.17 | 도달  741 | 차단   57
Ep 479 | Step 1000 | R   143.67 | 배송 17/50 | 미활동 0 | 2홉+ 0.25 | 도달  727 | 차단   13
Ep 480 | Step 1000 | R   146.71 | 배송 17/50 | 미활동 0 | 2홉+ 0.55 | 도달  903 | 차단   34
Ep 481 | Step 1000 | R   162.76 | 배송 17/50 | 미활동 0 | 2홉+ 0.36 | 도달  790 | 차단    8
Ep 482 | Step 1000 | R   165.69 | 배송 18/50 | 미활동 0 | 2홉+ 0.52 | 도달  940 | 차단  122
Ep 483 | Step 1000 | R   145.97 | 배송 18/50 | 미활동 0 | 2홉+ 0.26 | 도달  799 | 차단   29
Ep 484 | Step 1000 | R   105.18 | 배송 14/50 | 미활동 1 | 2홉+ 0.68 | 도달  982 | 차단  687
Ep 485 | Step 1000 | R   140.71 | 배송 17/50 | 미활동 0 | 2홉+ 0.28 | 도달  753 | 차단  437
Ep 486 | Step 1000 | R   167.66 | 배송 19/50 | 미활동 0 | 2홉+ 0.30 | 도달  828 | 차단   92
Ep 487 | Step 1000 | R   192.05 | 배송 18/50 | 미활동 0 | 2홉+ 0.42 | 도달  895 | 차단  194
Ep 488 | Step 1000 | R   182.33 | 배송 20/50 | 미활동 0 | 2홉+ 0.42 | 도달  930 | 차단  459
Ep 489 | Step 1000 | R   181.60 | 배송 19/50 | 미활동 0 | 2홉+ 0.57 | 도달  975 | 차단  132
Ep 490 | Step 1000 | R    81.56 | 배송 10/50 | 미활동 1 | 2홉+ 0.43 | 도달  867 | 차단   69
Ep 491 | Step 1000 | R   135.11 | 배송 16/50 | 미활동 0 | 2홉+ 0.34 | 도달 1004 | 차단  700
Ep 492 | Step 1000 | R    84.22 | 배송 10/50 | 미활동 0 | 2홉+ 0.39 | 도달  973 | 차단  136
Ep 493 | Step 1000 | R   160.30 | 배송 16/50 | 미활동 0 | 2홉+ 0.23 | 도달  833 | 차단  802
Ep 494 | Step 1000 | R   235.24 | 배송 18/50 | 미활동 0 | 2홉+ 0.31 | 도달  884 | 차단  183
Ep 495 | Step 1000 | R   132.73 | 배송 15/50 | 미활동 0 | 2홉+ 0.39 | 도달  968 | 차단   72
Ep 496 | Step 1000 | R   228.64 | 배송 22/50 | 미활동 0 | 2홉+ 0.28 | 도달  973 | 차단  408
Ep 497 | Step 1000 | R   189.93 | 배송 17/50 | 미활동 0 | 2홉+ 0.30 | 도달  750 | 차단    5
Ep 498 | Step 1000 | R   175.00 | 배송 19/50 | 미활동 0 | 2홉+ 0.61 | 도달  989 | 차단  145
Ep 499 | Step 1000 | R   158.32 | 배송 17/50 | 미활동 0 | 2홉+ 0.46 | 도달  951 | 차단  325
Ep 500 | Step 1000 | R    97.67 | 배송 11/50 | 미활동 1 | 2홉+ 0.30 | 도달  785 | 차단  691
  [홀드아웃] 배송 10.2±4.2 미활동 0.67 2홉+ 0.54 도달 823 | 최고 16.3@ep450 | 정체 1/15
Ep 501 | Step 1000 | R   148.99 | 배송 16/50 | 미활동 0 | 2홉+ 0.38 | 도달  973 | 차단    7
Ep 502 | Step 1000 | R   149.54 | 배송 17/50 | 미활동 0 | 2홉+ 0.40 | 도달  718 | 차단  367
Ep 503 | Step 1000 | R   205.11 | 배송 18/50 | 미활동 0 | 2홉+ 0.36 | 도달  894 | 차단  322
Ep 504 | Step 1000 | R   268.63 | 배송 21/50 | 미활동 0 | 2홉+ 0.29 | 도달  964 | 차단  246
Ep 505 | Step 1000 | R   153.68 | 배송 17/50 | 미활동 0 | 2홉+ 0.31 | 도달  965 | 차단   86
Ep 506 | Step 1000 | R   188.81 | 배송 20/50 | 미활동 0 | 2홉+ 0.38 | 도달  742 | 차단   70
Ep 507 | Step 1000 | R   123.85 | 배송 15/50 | 미활동 0 | 2홉+ 0.51 | 도달  966 | 차단  252
Ep 508 | Step 1000 | R   171.38 | 배송 18/50 | 미활동 0 | 2홉+ 0.40 | 도달  829 | 차단   74
Ep 509 | Step 1000 | R   198.48 | 배송 19/50 | 미활동 0 | 2홉+ 0.24 | 도달  761 | 차단  278
Ep 510 | Step 1000 | R   151.25 | 배송 17/50 | 미활동 0 | 2홉+ 0.42 | 도달  924 | 차단    8
Ep 511 | Step 1000 | R   156.22 | 배송 17/50 | 미활동 0 | 2홉+ 0.41 | 도달  958 | 차단  228
Ep 512 | Step 1000 | R   119.58 | 배송 15/50 | 미활동 0 | 2홉+ 0.49 | 도달 1025 | 차단  329
Ep 513 | Step 1000 | R   186.37 | 배송 16/50 | 미활동 0 | 2홉+ 0.55 | 도달  960 | 차단  283
Ep 514 | Step 1000 | R   149.76 | 배송 17/50 | 미활동 0 | 2홉+ 0.27 | 도달  814 | 차단  370
Ep 515 | Step 1000 | R   157.03 | 배송 18/50 | 미활동 0 | 2홉+ 0.56 | 도달  811 | 차단  637
Ep 516 | Step 1000 | R   158.37 | 배송 18/50 | 미활동 0 | 2홉+ 0.55 | 도달  967 | 차단  331
Ep 517 | Step 1000 | R   112.91 | 배송 14/50 | 미활동 0 | 2홉+ 0.49 | 도달  970 | 차단  383
Ep 518 | Step 1000 | R   161.19 | 배송 18/50 | 미활동 0 | 2홉+ 0.49 | 도달  961 | 차단  572
Ep 519 | Step 1000 | R   230.31 | 배송 21/50 | 미활동 0 | 2홉+ 0.31 | 도달  747 | 차단   69
Ep 520 | Step 1000 | R   167.28 | 배송 18/50 | 미활동 0 | 2홉+ 0.24 | 도달  871 | 차단    0
Ep 521 | Step 1000 | R   141.89 | 배송 16/50 | 미활동 0 | 2홉+ 0.41 | 도달  893 | 차단  255
Ep 522 | Step 1000 | R   182.80 | 배송 17/50 | 미활동 0 | 2홉+ 0.38 | 도달 1009 | 차단    7
Ep 523 | Step 1000 | R   149.40 | 배송 17/50 | 미활동 0 | 2홉+ 0.27 | 도달  883 | 차단  379
Ep 524 | Step 1000 | R   164.44 | 배송 18/50 | 미활동 0 | 2홉+ 0.48 | 도달  964 | 차단  140
Ep 525 | Step 1000 | R   165.17 | 배송 18/50 | 미활동 0 | 2홉+ 0.41 | 도달  903 | 차단   50
Ep 526 | Step 1000 | R   169.14 | 배송 18/50 | 미활동 0 | 2홉+ 0.47 | 도달 1037 | 차단  113
Ep 527 | Step 1000 | R   150.51 | 배송 17/50 | 미활동 0 | 2홉+ 0.42 | 도달  898 | 차단  159
Ep 528 | Step 1000 | R   144.98 | 배송 17/50 | 미활동 0 | 2홉+ 0.59 | 도달 1074 | 차단  501
Ep 529 | Step 1000 | R   247.71 | 배송 23/50 | 미활동 0 | 2홉+ 0.39 | 도달  967 | 차단  402
Ep 530 | Step 1000 | R   171.11 | 배송 20/50 | 미활동 0 | 2홉+ 0.47 | 도달  951 | 차단  450
Ep 531 | Step 1000 | R   140.58 | 배송 17/50 | 미활동 0 | 2홉+ 0.29 | 도달  938 | 차단  344
Ep 532 | Step 1000 | R   164.28 | 배송 19/50 | 미활동 0 | 2홉+ 0.31 | 도달  921 | 차단  470
Ep 533 | Step 1000 | R   205.11 | 배송 19/50 | 미활동 0 | 2홉+ 0.39 | 도달 1023 | 차단  160
Ep 534 | Step 1000 | R   186.05 | 배송 17/50 | 미활동 0 | 2홉+ 0.27 | 도달  778 | 차단  172
Ep 535 | Step 1000 | R   158.90 | 배송 18/50 | 미활동 0 | 2홉+ 0.38 | 도달  914 | 차단  550
Ep 536 | Step 1000 | R   279.67 | 배송 22/50 | 미활동 0 | 2홉+ 0.39 | 도달  898 | 차단  183
Ep 537 | Step 1000 | R   228.96 | 배송 21/50 | 미활동 0 | 2홉+ 0.34 | 도달  857 | 차단   51
Ep 538 | Step 1000 | R   336.04 | 배송 26/50 | 미활동 0 | 2홉+ 0.29 | 도달 1000 | 차단  126
Ep 539 | Step 1000 | R   172.87 | 배송 16/50 | 미활동 0 | 2홉+ 0.49 | 도달 1074 | 차단  151
Ep 540 | Step 1000 | R   191.02 | 배송 18/50 | 미활동 0 | 2홉+ 0.10 | 도달  798 | 차단    2
Ep 541 | Step 1000 | R   330.81 | 배송 27/50 | 미활동 0 | 2홉+ 0.31 | 도달  919 | 차단   76
Ep 542 | Step 1000 | R   154.91 | 배송 17/50 | 미활동 0 | 2홉+ 0.27 | 도달  776 | 차단  174
Ep 543 | Step 1000 | R   214.42 | 배송 19/50 | 미활동 0 | 2홉+ 0.40 | 도달 1044 | 차단   44
Ep 544 | Step 1000 | R   273.68 | 배송 21/50 | 미활동 0 | 2홉+ 0.37 | 도달  923 | 차단  100
Ep 545 | Step 1000 | R   172.85 | 배송 18/50 | 미활동 0 | 2홉+ 0.37 | 도달  955 | 차단  181
Ep 546 | Step 1000 | R   186.55 | 배송 18/50 | 미활동 0 | 2홉+ 0.18 | 도달  837 | 차단  723
Ep 547 | Step 1000 | R   164.32 | 배송 18/50 | 미활동 0 | 2홉+ 0.16 | 도달  852 | 차단    1
Ep 548 | Step 1000 | R   245.49 | 배송 19/50 | 미활동 0 | 2홉+ 0.33 | 도달  882 | 차단   34
Ep 549 | Step 1000 | R   165.05 | 배송 18/50 | 미활동 0 | 2홉+ 0.31 | 도달  812 | 차단  405
Ep 550 | Step 1000 | R   218.58 | 배송 20/50 | 미활동 0 | 2홉+ 0.30 | 도달  965 | 차단   58
  [홀드아웃] 배송 16.0±2.0 미활동 0.00 2홉+ 0.45 도달 922 | 최고 16.3@ep450 | 정체 2/15
Ep 551 | Step 1000 | R   174.71 | 배송 19/50 | 미활동 0 | 2홉+ 0.31 | 도달  739 | 차단  251
Ep 552 | Step 1000 | R   154.08 | 배송 17/50 | 미활동 0 | 2홉+ 0.23 | 도달  963 | 차단    0
Ep 553 | Step 1000 | R   170.73 | 배송 19/50 | 미활동 0 | 2홉+ 0.52 | 도달  969 | 차단  109
Ep 554 | Step 1000 | R   207.31 | 배송 19/50 | 미활동 0 | 2홉+ 0.36 | 도달  883 | 차단  291
Ep 555 | Step 1000 | R   117.75 | 배송 14/50 | 미활동 0 | 2홉+ 0.46 | 도달 1046 | 차단  495
Ep 556 | Step 1000 | R   268.51 | 배송 19/50 | 미활동 0 | 2홉+ 0.21 | 도달  784 | 차단  376
Ep 557 | Step 1000 | R   220.13 | 배송 21/50 | 미활동 0 | 2홉+ 0.19 | 도달  947 | 차단    0
Ep 558 | Step 1000 | R   126.34 | 배송 15/50 | 미활동 0 | 2홉+ 0.47 | 도달 1074 | 차단  435
Ep 559 | Step 1000 | R   229.87 | 배송 21/50 | 미활동 0 | 2홉+ 0.33 | 도달 1058 | 차단  115
Ep 560 | Step 1000 | R   174.61 | 배송 16/50 | 미활동 0 | 2홉+ 0.28 | 도달 1017 | 차단   95
Ep 561 | Step 1000 | R   150.68 | 배송 18/50 | 미활동 0 | 2홉+ 0.27 | 도달  674 | 차단   36
Ep 562 | Step 1000 | R   179.89 | 배송 19/50 | 미활동 0 | 2홉+ 0.29 | 도달  703 | 차단   17
Ep 563 | Step 1000 | R   111.87 | 배송 14/50 | 미활동 0 | 2홉+ 0.28 | 도달  710 | 차단  262
Ep 564 | Step 1000 | R   304.90 | 배송 25/50 | 미활동 1 | 2홉+ 0.27 | 도달 1058 | 차단   49
Ep 565 | Step 1000 | R   254.78 | 배송 20/50 | 미활동 0 | 2홉+ 0.30 | 도달  957 | 차단  237
Ep 566 | Step 1000 | R   162.28 | 배송 15/50 | 미활동 0 | 2홉+ 0.43 | 도달 1074 | 차단  159
Ep 567 | Step 1000 | R   228.31 | 배송 19/50 | 미활동 0 | 2홉+ 0.29 | 도달  936 | 차단  103
Ep 568 | Step 1000 | R   246.27 | 배송 20/50 | 미활동 0 | 2홉+ 0.19 | 도달  710 | 차단  483
Ep 569 | Step 1000 | R   204.11 | 배송 20/50 | 미활동 0 | 2홉+ 0.47 | 도달  805 | 차단  130
Ep 570 | Step 1000 | R   233.17 | 배송 20/50 | 미활동 0 | 2홉+ 0.26 | 도달  991 | 차단  215
Ep 571 | Step 1000 | R   126.73 | 배송 15/50 | 미활동 0 | 2홉+ 0.42 | 도달  735 | 차단  320
Ep 572 | Step 1000 | R   272.27 | 배송 22/50 | 미활동 0 | 2홉+ 0.22 | 도달  958 | 차단  153
Ep 573 | Step 1000 | R   275.57 | 배송 23/50 | 미활동 0 | 2홉+ 0.24 | 도달  871 | 차단  143
Ep 574 | Step 1000 | R   275.29 | 배송 22/50 | 미활동 0 | 2홉+ 0.41 | 도달 1012 | 차단  317
Ep 575 | Step 1000 | R   143.52 | 배송 17/50 | 미활동 0 | 2홉+ 0.32 | 도달  885 | 차단  158
Ep 576 | Step 1000 | R   254.75 | 배송 20/50 | 미활동 0 | 2홉+ 0.28 | 도달  960 | 차단  105
Ep 577 | Step 1000 | R    97.40 | 배송 13/50 | 미활동 0 | 2홉+ 0.40 | 도달  949 | 차단  282
Ep 578 | Step 1000 | R   226.19 | 배송 20/50 | 미활동 0 | 2홉+ 0.30 | 도달  794 | 차단   43
Ep 579 | Step 1000 | R   196.93 | 배송 18/50 | 미활동 0 | 2홉+ 0.21 | 도달  753 | 차단   62
Ep 580 | Step 1000 | R   225.50 | 배송 18/50 | 미활동 0 | 2홉+ 0.23 | 도달  775 | 차단   18
Ep 581 | Step 1000 | R   236.71 | 배송 20/50 | 미활동 0 | 2홉+ 0.40 | 도달  844 | 차단  142
Ep 582 | Step 1000 | R   115.68 | 배송 17/50 | 미활동 0 | 2홉+ 0.56 | 도달  749 | 차단   61
Ep 583 | Step 1000 | R   183.53 | 배송 16/50 | 미활동 0 | 2홉+ 0.39 | 도달  863 | 차단    0
Ep 584 | Step 1000 | R   122.11 | 배송 14/50 | 미활동 0 | 2홉+ 0.37 | 도달  833 | 차단  224
Ep 585 | Step 1000 | R   189.11 | 배송 18/50 | 미활동 0 | 2홉+ 0.33 | 도달 1030 | 차단  227
Ep 586 | Step 1000 | R   119.39 | 배송 14/50 | 미활동 0 | 2홉+ 0.43 | 도달  736 | 차단    0
Ep 587 | Step 1000 | R   169.41 | 배송 18/50 | 미활동 0 | 2홉+ 0.28 | 도달  975 | 차단  119
Ep 588 | Step 1000 | R    98.86 | 배송 12/50 | 미활동 1 | 2홉+ 0.37 | 도달  672 | 차단  189
Ep 589 | Step 1000 | R   199.40 | 배송 17/50 | 미활동 0 | 2홉+ 0.36 | 도달  910 | 차단  266
Ep 590 | Step 1000 | R   211.71 | 배송 19/50 | 미활동 0 | 2홉+ 0.25 | 도달  748 | 차단   15
Ep 591 | Step 1000 | R   272.36 | 배송 22/50 | 미활동 0 | 2홉+ 0.22 | 도달  800 | 차단   70
Ep 592 | Step 1000 | R   275.28 | 배송 19/50 | 미활동 0 | 2홉+ 0.28 | 도달  806 | 차단    0
Ep 593 | Step 1000 | R   275.99 | 배송 20/50 | 미활동 0 | 2홉+ 0.30 | 도달  804 | 차단  157
Ep 594 | Step 1000 | R   255.08 | 배송 20/50 | 미활동 0 | 2홉+ 0.33 | 도달  932 | 차단  312
Ep 595 | Step 1000 | R   292.54 | 배송 24/50 | 미활동 0 | 2홉+ 0.32 | 도달  911 | 차단  111
Ep 596 | Step 1000 | R   177.91 | 배송 16/50 | 미활동 0 | 2홉+ 0.30 | 도달  755 | 차단   17
Ep 597 | Step 1000 | R   292.20 | 배송 21/50 | 미활동 0 | 2홉+ 0.34 | 도달 1010 | 차단   81
Ep 598 | Step 1000 | R   248.08 | 배송 16/50 | 미활동 0 | 2홉+ 0.23 | 도달  780 | 차단   28
Ep 599 | Step 1000 | R   176.90 | 배송 16/50 | 미활동 0 | 2홉+ 0.43 | 도달 1046 | 차단   73
Ep 600 | Step 1000 | R   199.68 | 배송 19/50 | 미활동 0 | 2홉+ 0.41 | 도달 1074 | 차단  235
  [홀드아웃] 배송 13.5±6.3 미활동 0.00 2홉+ 0.54 도달 867 | 최고 16.3@ep450 | 정체 3/15
Ep 601 | Step 1000 | R   140.45 | 배송 16/50 | 미활동 0 | 2홉+ 0.54 | 도달 1070 | 차단  223
Ep 602 | Step 1000 | R   179.86 | 배송 16/50 | 미활동 0 | 2홉+ 0.14 | 도달  783 | 차단    6
Ep 603 | Step 1000 | R   158.53 | 배송 17/50 | 미활동 0 | 2홉+ 0.30 | 도달 1074 | 차단  420
Ep 604 | Step 1000 | R   363.22 | 배송 27/50 | 미활동 0 | 2홉+ 0.23 | 도달  873 | 차단   26
Ep 605 | Step 1000 | R   241.22 | 배송 19/50 | 미활동 0 | 2홉+ 0.22 | 도달  768 | 차단  325
Ep 606 | Step 1000 | R   291.16 | 배송 21/50 | 미활동 0 | 2홉+ 0.24 | 도달  836 | 차단   54
Ep 607 | Step 1000 | R   339.54 | 배송 25/50 | 미활동 0 | 2홉+ 0.27 | 도달  844 | 차단  179
Ep 608 | Step 1000 | R   250.54 | 배송 19/50 | 미활동 0 | 2홉+ 0.33 | 도달  795 | 차단    3
Ep 609 | Step 1000 | R   193.26 | 배송 18/50 | 미활동 0 | 2홉+ 0.24 | 도달  705 | 차단   17
Ep 610 | Step 1000 | R   109.30 | 배송 13/50 | 미활동 0 | 2홉+ 0.30 | 도달  641 | 차단  662
Ep 611 | Step 1000 | R   223.26 | 배송 20/50 | 미활동 0 | 2홉+ 0.27 | 도달  909 | 차단  157
Ep 612 | Step 1000 | R   282.04 | 배송 23/50 | 미활동 0 | 2홉+ 0.15 | 도달  701 | 차단  104
Ep 613 | Step 1000 | R   243.76 | 배송 22/50 | 미활동 0 | 2홉+ 0.40 | 도달  939 | 차단  100
Ep 614 | Step 1000 | R   246.38 | 배송 22/50 | 미활동 0 | 2홉+ 0.29 | 도달  844 | 차단   90
Ep 615 | Step 1000 | R   328.86 | 배송 25/50 | 미활동 0 | 2홉+ 0.31 | 도달  820 | 차단  114
Ep 616 | Step 1000 | R   188.71 | 배송 17/50 | 미활동 0 | 2홉+ 0.24 | 도달  812 | 차단  277
Ep 617 | Step 1000 | R   187.76 | 배송 18/50 | 미활동 0 | 2홉+ 0.25 | 도달  867 | 차단  246
Ep 618 | Step 1000 | R   139.20 | 배송 16/50 | 미활동 0 | 2홉+ 0.20 | 도달  844 | 차단  161
Ep 619 | Step 1000 | R   168.06 | 배송 18/50 | 미활동 0 | 2홉+ 0.13 | 도달  811 | 차단    0
Ep 620 | Step 1000 | R   234.41 | 배송 19/50 | 미활동 0 | 2홉+ 0.22 | 도달  684 | 차단    7
Ep 621 | Step 1000 | R   226.56 | 배송 21/50 | 미활동 0 | 2홉+ 0.33 | 도달  868 | 차단    1
Ep 622 | Step 1000 | R   212.23 | 배송 20/50 | 미활동 1 | 2홉+ 0.10 | 도달  865 | 차단    1
Ep 623 | Step 1000 | R   207.11 | 배송 19/50 | 미활동 0 | 2홉+ 0.31 | 도달  743 | 차단  390
Ep 624 | Step 1000 | R   109.11 | 배송 13/50 | 미활동 1 | 2홉+ 0.36 | 도달  815 | 차단  657
Ep 625 | Step 1000 | R   143.25 | 배송 16/50 | 미활동 0 | 2홉+ 0.15 | 도달  954 | 차단   62
Ep 626 | Step 1000 | R   284.47 | 배송 23/50 | 미활동 1 | 2홉+ 0.24 | 도달  847 | 차단   31
Ep 627 | Step 1000 | R   211.83 | 배송 20/50 | 미활동 0 | 2홉+ 0.08 | 도달  628 | 차단    0
Ep 628 | Step 1000 | R   206.90 | 배송 19/50 | 미활동 0 | 2홉+ 0.14 | 도달  803 | 차단    8
Ep 629 | Step 1000 | R   163.85 | 배송 15/50 | 미활동 1 | 2홉+ 0.16 | 도달  583 | 차단  115
Ep 630 | Step 1000 | R    79.39 | 배송 10/50 | 미활동 1 | 2홉+ 0.27 | 도달  669 | 차단   61
Ep 631 | Step 1000 | R   287.78 | 배송 20/50 | 미활동 0 | 2홉+ 0.28 | 도달  698 | 차단   84
Ep 632 | Step 1000 | R   222.25 | 배송 20/50 | 미활동 0 | 2홉+ 0.21 | 도달  768 | 차단   35
Ep 633 | Step 1000 | R   181.76 | 배송 17/50 | 미활동 0 | 2홉+ 0.19 | 도달  657 | 차단  480
Ep 634 | Step 1000 | R   251.73 | 배송 23/50 | 미활동 0 | 2홉+ 0.17 | 도달  691 | 차단  123
Ep 635 | Step 1000 | R   201.44 | 배송 18/50 | 미활동 0 | 2홉+ 0.39 | 도달  964 | 차단  487
Ep 636 | Step 1000 | R   160.12 | 배송 16/50 | 미활동 0 | 2홉+ 0.14 | 도달  844 | 차단   12
Ep 637 | Step 1000 | R   260.74 | 배송 20/50 | 미활동 0 | 2홉+ 0.17 | 도달  717 | 차단    2
Ep 638 | Step 1000 | R   177.49 | 배송 17/50 | 미활동 0 | 2홉+ 0.32 | 도달  869 | 차단  458
Ep 639 | Step 1000 | R   203.55 | 배송 19/50 | 미활동 0 | 2홉+ 0.16 | 도달  710 | 차단   72
Ep 640 | Step 1000 | R   261.65 | 배송 22/50 | 미활동 0 | 2홉+ 0.16 | 도달  848 | 차단    9
Ep 641 | Step 1000 | R   111.04 | 배송 13/50 | 미활동 0 | 2홉+ 0.27 | 도달  769 | 차단  145
Ep 642 | Step 1000 | R   217.72 | 배송 20/50 | 미활동 0 | 2홉+ 0.22 | 도달  790 | 차단  150
Ep 643 | Step 1000 | R   181.00 | 배송 17/50 | 미활동 0 | 2홉+ 0.12 | 도달  730 | 차단   36
Ep 644 | Step 1000 | R   170.95 | 배송 15/50 | 미활동 0 | 2홉+ 0.10 | 도달  692 | 차단   33
Ep 645 | Step 1000 | R   200.53 | 배송 19/50 | 미활동 0 | 2홉+ 0.24 | 도달  809 | 차단  381
Ep 646 | Step 1000 | R   154.78 | 배송 15/50 | 미활동 0 | 2홉+ 0.21 | 도달  805 | 차단   54
Ep 647 | Step 1000 | R   163.15 | 배송 14/50 | 미활동 0 | 2홉+ 0.27 | 도달  661 | 차단 1465
Ep 648 | Step 1000 | R   285.96 | 배송 24/50 | 미활동 0 | 2홉+ 0.19 | 도달  739 | 차단   34
Ep 649 | Step 1000 | R   202.69 | 배송 16/50 | 미활동 0 | 2홉+ 0.31 | 도달  724 | 차단   26
Ep 650 | Step 1000 | R   176.33 | 배송 17/50 | 미활동 0 | 2홉+ 0.16 | 도달  716 | 차단  128
  [홀드아웃] 배송 11.5±2.6 미활동 0.17 2홉+ 0.32 도달 736 | 최고 16.3@ep450 | 정체 4/15
Ep 651 | Step 1000 | R   199.53 | 배송 15/50 | 미활동 0 | 2홉+ 0.31 | 도달  644 | 차단  217
Ep 652 | Step 1000 | R   228.33 | 배송 20/50 | 미활동 1 | 2홉+ 0.15 | 도달  903 | 차단  107
Ep 653 | Step 1000 | R   264.45 | 배송 18/50 | 미활동 0 | 2홉+ 0.17 | 도달  652 | 차단    0
Ep 654 | Step 1000 | R   182.30 | 배송 17/50 | 미활동 0 | 2홉+ 0.15 | 도달  654 | 차단    0
Ep 655 | Step 1000 | R   207.49 | 배송 17/50 | 미활동 0 | 2홉+ 0.16 | 도달  655 | 차단   68
Ep 656 | Step 1000 | R   109.37 | 배송 14/50 | 미활동 1 | 2홉+ 0.10 | 도달  580 | 차단    0
Ep 657 | Step 1000 | R    70.61 | 배송 11/50 | 미활동 0 | 2홉+ 0.55 | 도달 1033 | 차단  672
Ep 658 | Step 1000 | R   263.55 | 배송 21/50 | 미활동 0 | 2홉+ 0.23 | 도달  846 | 차단   60
Ep 659 | Step 1000 | R   132.12 | 배송 16/50 | 미활동 0 | 2홉+ 0.33 | 도달  826 | 차단  227
Ep 660 | Step 1000 | R   155.71 | 배송 14/50 | 미활동 0 | 2홉+ 0.39 | 도달  718 | 차단  252
Ep 661 | Step 1000 | R   130.69 | 배송 16/50 | 미활동 0 | 2홉+ 0.37 | 도달  754 | 차단   49
Ep 662 | Step 1000 | R   174.64 | 배송 17/50 | 미활동 0 | 2홉+ 0.14 | 도달  598 | 차단    0
Ep 663 | Step 1000 | R   216.39 | 배송 17/50 | 미활동 0 | 2홉+ 0.33 | 도달  666 | 차단   74
Ep 664 | Step 1000 | R   241.79 | 배송 20/50 | 미활동 0 | 2홉+ 0.21 | 도달  859 | 차단   69
Ep 665 | Step 1000 | R   269.06 | 배송 19/50 | 미활동 0 | 2홉+ 0.30 | 도달  843 | 차단   12
Ep 666 | Step 1000 | R   131.32 | 배송 15/50 | 미활동 0 | 2홉+ 0.28 | 도달  926 | 차단   72
Ep 667 | Step 1000 | R   227.14 | 배송 21/50 | 미활동 0 | 2홉+ 0.28 | 도달  703 | 차단  213
Ep 668 | Step 1000 | R   181.33 | 배송 17/50 | 미활동 0 | 2홉+ 0.14 | 도달  612 | 차단   31
Ep 669 | Step 1000 | R   136.82 | 배송 19/50 | 미활동 0 | 2홉+ 0.24 | 도달  837 | 차단   41
Ep 670 | Step 1000 | R   167.41 | 배송 15/50 | 미활동 0 | 2홉+ 0.35 | 도달  826 | 차단  328
Ep 671 | Step 1000 | R   103.59 | 배송 13/50 | 미활동 1 | 2홉+ 0.40 | 도달  804 | 차단  868
Ep 672 | Step 1000 | R   137.90 | 배송 16/50 | 미활동 0 | 2홉+ 0.28 | 도달  851 | 차단  115
Ep 673 | Step 1000 | R   179.07 | 배송 17/50 | 미활동 0 | 2홉+ 0.48 | 도달  800 | 차단  285
Ep 674 | Step 1000 | R   200.20 | 배송 19/50 | 미활동 0 | 2홉+ 0.20 | 도달  727 | 차단   57
Ep 675 | Step 1000 | R   168.21 | 배송 15/50 | 미활동 0 | 2홉+ 0.18 | 도달  701 | 차단    2
Ep 676 | Step 1000 | R   221.28 | 배송 20/50 | 미활동 0 | 2홉+ 0.25 | 도달  752 | 차단   46
Ep 677 | Step 1000 | R   132.21 | 배송 15/50 | 미활동 0 | 2홉+ 0.30 | 도달  658 | 차단  185
Ep 678 | Step 1000 | R   259.37 | 배송 22/50 | 미활동 0 | 2홉+ 0.24 | 도달  748 | 차단   53
Ep 679 | Step 1000 | R   156.66 | 배송 16/50 | 미활동 0 | 2홉+ 0.28 | 도달  836 | 차단  160
Ep 680 | Step 1000 | R   294.45 | 배송 25/50 | 미활동 0 | 2홉+ 0.37 | 도달  927 | 차단  446
Ep 681 | Step 1000 | R   158.44 | 배송 15/50 | 미활동 0 | 2홉+ 0.24 | 도달  861 | 차단  188
Ep 682 | Step 1000 | R   132.42 | 배송 16/50 | 미활동 0 | 2홉+ 0.12 | 도달  787 | 차단  389
Ep 683 | Step 1000 | R   144.89 | 배송 17/50 | 미활동 0 | 2홉+ 0.33 | 도달  791 | 차단   45
Ep 684 | Step 1000 | R   116.08 | 배송 14/50 | 미활동 0 | 2홉+ 0.31 | 도달  703 | 차단   62
Ep 685 | Step 1000 | R   249.37 | 배송 20/50 | 미활동 0 | 2홉+ 0.19 | 도달  733 | 차단   18
Ep 686 | Step 1000 | R   143.05 | 배송 16/50 | 미활동 0 | 2홉+ 0.30 | 도달  855 | 차단  206
Ep 687 | Step 1000 | R   204.28 | 배송 19/50 | 미활동 0 | 2홉+ 0.32 | 도달  910 | 차단  280
Ep 688 | Step 1000 | R   125.52 | 배송 15/50 | 미활동 0 | 2홉+ 0.55 | 도달  988 | 차단  808
Ep 689 | Step 1000 | R   223.81 | 배송 21/50 | 미활동 0 | 2홉+ 0.12 | 도달  868 | 차단    0
Ep 690 | Step 1000 | R   138.88 | 배송 16/50 | 미활동 0 | 2홉+ 0.33 | 도달  950 | 차단  137
Ep 691 | Step 1000 | R   173.62 | 배송 17/50 | 미활동 0 | 2홉+ 0.22 | 도달  731 | 차단  896
Ep 692 | Step 1000 | R   253.18 | 배송 21/50 | 미활동 1 | 2홉+ 0.21 | 도달  720 | 차단   83
Ep 693 | Step 1000 | R   125.55 | 배송 15/50 | 미활동 1 | 2홉+ 0.25 | 도달  696 | 차단  196
Ep 694 | Step 1000 | R   137.62 | 배송 13/50 | 미활동 1 | 2홉+ 0.24 | 도달  648 | 차단  500
Ep 695 | Step 1000 | R   179.26 | 배송 17/50 | 미활동 1 | 2홉+ 0.30 | 도달  651 | 차단  374
Ep 696 | Step 1000 | R   115.19 | 배송 14/50 | 미활동 1 | 2홉+ 0.31 | 도달  633 | 차단  443
Ep 697 | Step 1000 | R   157.32 | 배송 15/50 | 미활동 0 | 2홉+ 0.33 | 도달  753 | 차단  526
Ep 698 | Step 1000 | R   214.40 | 배송 19/50 | 미활동 0 | 2홉+ 0.17 | 도달  909 | 차단   10
Ep 699 | Step 1000 | R   228.15 | 배송 18/50 | 미활동 1 | 2홉+ 0.27 | 도달  792 | 차단   76
Ep 700 | Step 1000 | R   234.33 | 배송 19/50 | 미활동 0 | 2홉+ 0.33 | 도달  880 | 차단   55
  [홀드아웃] 배송 13.3±3.4 미활동 0.17 2홉+ 0.41 도달 836 | 최고 16.3@ep450 | 정체 5/15
Ep 701 | Step 1000 | R   156.83 | 배송 15/50 | 미활동 1 | 2홉+ 0.08 | 도달  543 | 차단    0
Ep 702 | Step 1000 | R   123.27 | 배송 15/50 | 미활동 0 | 2홉+ 0.38 | 도달  789 | 차단  189
Ep 703 | Step 1000 | R   116.32 | 배송 15/50 | 미활동 0 | 2홉+ 0.24 | 도달  740 | 차단   78
Ep 704 | Step 1000 | R   105.41 | 배송 13/50 | 미활동 1 | 2홉+ 0.33 | 도달  744 | 차단  319
Ep 705 | Step 1000 | R   198.99 | 배송 18/50 | 미활동 0 | 2홉+ 0.25 | 도달  733 | 차단   86
Ep 706 | Step 1000 | R   123.10 | 배송 15/50 | 미활동 0 | 2홉+ 0.27 | 도달  951 | 차단  511
Ep 707 | Step 1000 | R   247.51 | 배송 20/50 | 미활동 0 | 2홉+ 0.29 | 도달  935 | 차단   28
Ep 708 | Step 1000 | R   230.92 | 배송 19/50 | 미활동 0 | 2홉+ 0.17 | 도달  700 | 차단    0
Ep 709 | Step 1000 | R   106.62 | 배송 14/50 | 미활동 0 | 2홉+ 0.14 | 도달  584 | 차단    0
Ep 710 | Step 1000 | R   198.65 | 배송 17/50 | 미활동 0 | 2홉+ 0.19 | 도달  779 | 차단   10
Ep 711 | Step 1000 | R    99.11 | 배송 13/50 | 미활동 0 | 2홉+ 0.33 | 도달  970 | 차단  819
Ep 712 | Step 1000 | R   353.43 | 배송 27/50 | 미활동 0 | 2홉+ 0.29 | 도달  935 | 차단    9
Ep 713 | Step 1000 | R   272.94 | 배송 23/50 | 미활동 0 | 2홉+ 0.17 | 도달  840 | 차단    0
Ep 714 | Step 1000 | R   229.48 | 배송 18/50 | 미활동 0 | 2홉+ 0.34 | 도달  786 | 차단   80
Ep 715 | Step 1000 | R   205.36 | 배송 18/50 | 미활동 1 | 2홉+ 0.22 | 도달  752 | 차단   21
Ep 716 | Step 1000 | R   191.32 | 배송 18/50 | 미활동 1 | 2홉+ 0.36 | 도달  782 | 차단   47
Ep 717 | Step 1000 | R   264.31 | 배송 23/50 | 미활동 0 | 2홉+ 0.21 | 도달  873 | 차단  116
Ep 718 | Step 1000 | R   194.84 | 배송 15/50 | 미활동 1 | 2홉+ 0.25 | 도달  755 | 차단  394
Ep 719 | Step 1000 | R   150.98 | 배송 14/50 | 미활동 1 | 2홉+ 0.11 | 도달  808 | 차단  115
Ep 720 | Step 1000 | R   159.37 | 배송 16/50 | 미활동 0 | 2홉+ 0.40 | 도달  819 | 차단  127
Ep 721 | Step 1000 | R   128.92 | 배송 15/50 | 미활동 0 | 2홉+ 0.20 | 도달  913 | 차단  178
Ep 722 | Step 1000 | R   163.62 | 배송 16/50 | 미활동 1 | 2홉+ 0.39 | 도달  890 | 차단  316
Ep 723 | Step 1000 | R   175.16 | 배송 16/50 | 미활동 1 | 2홉+ 0.24 | 도달  682 | 차단   87
Ep 724 | Step 1000 | R   187.78 | 배송 17/50 | 미활동 0 | 2홉+ 0.12 | 도달  750 | 차단   35
Ep 725 | Step 1000 | R   132.31 | 배송 16/50 | 미활동 0 | 2홉+ 0.19 | 도달  729 | 차단   11
Ep 726 | Step 1000 | R   159.51 | 배송 15/50 | 미활동 0 | 2홉+ 0.28 | 도달  773 | 차단   21
Ep 727 | Step 1000 | R   253.83 | 배송 19/50 | 미활동 0 | 2홉+ 0.28 | 도달  828 | 차단  446
Ep 728 | Step 1000 | R    81.94 | 배송 14/50 | 미활동 1 | 2홉+ 0.20 | 도달  660 | 차단    0
Ep 729 | Step 1000 | R   222.21 | 배송 19/50 | 미활동 1 | 2홉+ 0.14 | 도달  708 | 차단  280
Ep 730 | Step 1000 | R   254.32 | 배송 21/50 | 미활동 0 | 2홉+ 0.13 | 도달  689 | 차단  229
Ep 731 | Step 1000 | R   204.10 | 배송 19/50 | 미활동 0 | 2홉+ 0.20 | 도달  779 | 차단  171
Ep 732 | Step 1000 | R   104.46 | 배송 12/50 | 미활동 1 | 2홉+ 0.24 | 도달  784 | 차단  220
Ep 733 | Step 1000 | R   239.59 | 배송 19/50 | 미활동 1 | 2홉+ 0.11 | 도달  656 | 차단    0
Ep 734 | Step 1000 | R   245.82 | 배송 19/50 | 미활동 0 | 2홉+ 0.26 | 도달  756 | 차단   32
Ep 735 | Step 1000 | R   204.13 | 배송 20/50 | 미활동 0 | 2홉+ 0.22 | 도달  968 | 차단   77
Ep 736 | Step 1000 | R    81.07 | 배송 11/50 | 미활동 0 | 2홉+ 0.39 | 도달  697 | 차단  416
Ep 737 | Step 1000 | R   112.82 | 배송 14/50 | 미활동 0 | 2홉+ 0.05 | 도달  586 | 차단  140
Ep 738 | Step 1000 | R   180.32 | 배송 16/50 | 미활동 0 | 2홉+ 0.10 | 도달  660 | 차단    0
Ep 739 | Step 1000 | R   195.35 | 배송 18/50 | 미활동 0 | 2홉+ 0.16 | 도달  799 | 차단   81
Ep 740 | Step 1000 | R   244.45 | 배송 20/50 | 미활동 0 | 2홉+ 0.18 | 도달  771 | 차단   43
Ep 741 | Step 1000 | R    75.69 | 배송 14/50 | 미활동 0 | 2홉+ 0.08 | 도달  660 | 차단    0
Ep 742 | Step 1000 | R   171.04 | 배송 16/50 | 미활동 0 | 2홉+ 0.27 | 도달  904 | 차단  929
Ep 743 | Step 1000 | R   192.91 | 배송 15/50 | 미활동 1 | 2홉+ 0.08 | 도달  630 | 차단   68
Ep 744 | Step 1000 | R   128.16 | 배송 14/50 | 미활동 1 | 2홉+ 0.12 | 도달  726 | 차단    8
Ep 745 | Step 1000 | R   163.64 | 배송 16/50 | 미활동 0 | 2홉+ 0.18 | 도달  839 | 차단    0
Ep 746 | Step 1000 | R   118.66 | 배송 15/50 | 미활동 1 | 2홉+ 0.17 | 도달  682 | 차단    0
Ep 747 | Step 1000 | R   109.77 | 배송 14/50 | 미활동 0 | 2홉+ 0.27 | 도달  733 | 차단    0
Ep 748 | Step 1000 | R   165.03 | 배송 16/50 | 미활동 0 | 2홉+ 0.30 | 도달  952 | 차단  343
Ep 749 | Step 1000 | R   110.87 | 배송 13/50 | 미활동 1 | 2홉+ 0.22 | 도달  828 | 차단   26
Ep 750 | Step 1000 | R    86.31 | 배송 12/50 | 미활동 1 | 2홉+ 0.35 | 도달  845 | 차단  654
  [홀드아웃] 배송 10.7±3.3 미활동 0.33 2홉+ 0.34 도달 720 | 최고 16.3@ep450 | 정체 6/15
Ep 751 | Step 1000 | R   138.94 | 배송 12/50 | 미활동 0 | 2홉+ 0.36 | 도달  802 | 차단  279
Ep 752 | Step 1000 | R   193.26 | 배송 18/50 | 미활동 0 | 2홉+ 0.41 | 도달  823 | 차단  549
Ep 753 | Step 1000 | R    86.39 | 배송 13/50 | 미활동 0 | 2홉+ 0.22 | 도달  619 | 차단  467
Ep 754 | Step 1000 | R   164.56 | 배송 16/50 | 미활동 0 | 2홉+ 0.07 | 도달  672 | 차단    0
Ep 755 | Step 1000 | R   134.54 | 배송 15/50 | 미활동 0 | 2홉+ 0.38 | 도달  859 | 차단   62
Ep 756 | Step 1000 | R   247.38 | 배송 19/50 | 미활동 1 | 2홉+ 0.26 | 도달  719 | 차단   28
Ep 757 | Step 1000 | R    93.24 | 배송 12/50 | 미활동 0 | 2홉+ 0.25 | 도달  598 | 차단  214
Ep 758 | Step 1000 | R   100.82 | 배송 15/50 | 미활동 0 | 2홉+ 0.23 | 도달  787 | 차단  112
Ep 759 | Step 1000 | R   163.82 | 배송 14/50 | 미활동 1 | 2홉+ 0.25 | 도달  974 | 차단  416
Ep 760 | Step 1000 | R   180.63 | 배송 18/50 | 미활동 0 | 2홉+ 0.30 | 도달  891 | 차단  224
Ep 761 | Step 1000 | R   195.64 | 배송 15/50 | 미활동 1 | 2홉+ 0.21 | 도달  917 | 차단  253
Ep 762 | Step 1000 | R   186.04 | 배송 17/50 | 미활동 1 | 2홉+ 0.26 | 도달  895 | 차단  547
Ep 763 | Step 1000 | R   216.98 | 배송 17/50 | 미활동 0 | 2홉+ 0.06 | 도달  667 | 차단    0
Ep 764 | Step 1000 | R   153.40 | 배송 15/50 | 미활동 1 | 2홉+ 0.14 | 도달  835 | 차단   15
Ep 765 | Step 1000 | R    83.79 | 배송 13/50 | 미활동 0 | 2홉+ 0.15 | 도달  709 | 차단    5
Ep 766 | Step 1000 | R   100.48 | 배송 14/50 | 미활동 1 | 2홉+ 0.29 | 도달  748 | 차단  713
Ep 767 | Step 1000 | R   136.91 | 배송 17/50 | 미활동 0 | 2홉+ 0.33 | 도달  880 | 차단   44
Ep 768 | Step 1000 | R   120.86 | 배송 14/50 | 미활동 1 | 2홉+ 0.25 | 도달  720 | 차단  188
Ep 769 | Step 1000 | R   186.45 | 배송 17/50 | 미활동 0 | 2홉+ 0.13 | 도달  585 | 차단    0
Ep 770 | Step 1000 | R   125.48 | 배송 15/50 | 미활동 1 | 2홉+ 0.32 | 도달  735 | 차단  123
Ep 771 | Step 1000 | R   118.55 | 배송 13/50 | 미활동 0 | 2홉+ 0.44 | 도달  737 | 차단  257
Ep 772 | Step 1000 | R   243.80 | 배송 17/50 | 미활동 0 | 2홉+ 0.27 | 도달  802 | 차단  222
Ep 773 | Step 1000 | R   178.15 | 배송 16/50 | 미활동 1 | 2홉+ 0.25 | 도달  787 | 차단   21
Ep 774 | Step 1000 | R   142.63 | 배송 15/50 | 미활동 0 | 2홉+ 0.20 | 도달  825 | 차단   49
Ep 775 | Step 1000 | R   141.71 | 배송 14/50 | 미활동 0 | 2홉+ 0.29 | 도달  964 | 차단 1231
Ep 776 | Step 1000 | R   123.15 | 배송 14/50 | 미활동 0 | 2홉+ 0.34 | 도달  813 | 차단  294
Ep 777 | Step 1000 | R   130.11 | 배송 16/50 | 미활동 0 | 2홉+ 0.24 | 도달  682 | 차단  116
Ep 778 | Step 1000 | R   129.54 | 배송 15/50 | 미활동 0 | 2홉+ 0.18 | 도달  764 | 차단    0
Ep 779 | Step 1000 | R   158.33 | 배송 17/50 | 미활동 0 | 2홉+ 0.29 | 도달  815 | 차단    2
Ep 780 | Step 1000 | R   150.36 | 배송 14/50 | 미활동 0 | 2홉+ 0.37 | 도달  955 | 차단  232
Ep 781 | Step 1000 | R   277.80 | 배송 19/50 | 미활동 1 | 2홉+ 0.24 | 도달  921 | 차단  277
Ep 782 | Step 1000 | R   244.87 | 배송 20/50 | 미활동 1 | 2홉+ 0.14 | 도달  743 | 차단  322
Ep 783 | Step 1000 | R   139.91 | 배송 15/50 | 미활동 0 | 2홉+ 0.27 | 도달  751 | 차단    0
Ep 784 | Step 1000 | R   216.39 | 배송 20/50 | 미활동 1 | 2홉+ 0.12 | 도달  695 | 차단   27
Ep 785 | Step 1000 | R   243.99 | 배송 19/50 | 미활동 0 | 2홉+ 0.17 | 도달  659 | 차단    8
Ep 786 | Step 1000 | R   128.23 | 배송 16/50 | 미활동 0 | 2홉+ 0.21 | 도달  753 | 차단   85
Ep 787 | Step 1000 | R   116.84 | 배송 14/50 | 미활동 0 | 2홉+ 0.19 | 도달  763 | 차단  155
Ep 788 | Step 1000 | R   112.47 | 배송 13/50 | 미활동 1 | 2홉+ 0.32 | 도달  787 | 차단    0
Ep 789 | Step 1000 | R   171.35 | 배송 15/50 | 미활동 0 | 2홉+ 0.18 | 도달  644 | 차단    0
Ep 790 | Step 1000 | R   169.46 | 배송 16/50 | 미활동 0 | 2홉+ 0.35 | 도달  677 | 차단  590
Ep 791 | Step 1000 | R    77.26 | 배송 10/50 | 미활동 1 | 2홉+ 0.34 | 도달  858 | 차단  249
Ep 792 | Step 1000 | R    86.92 | 배송 11/50 | 미활동 1 | 2홉+ 0.24 | 도달  639 | 차단    2
Ep 793 | Step 1000 | R   160.03 | 배송 15/50 | 미활동 1 | 2홉+ 0.11 | 도달  633 | 차단   41
Ep 794 | Step 1000 | R   216.44 | 배송 18/50 | 미활동 0 | 2홉+ 0.17 | 도달  747 | 차단  199
Ep 795 | Step 1000 | R   163.18 | 배송 14/50 | 미활동 1 | 2홉+ 0.17 | 도달  646 | 차단    0
Ep 796 | Step 1000 | R   209.61 | 배송 17/50 | 미활동 1 | 2홉+ 0.16 | 도달  673 | 차단   63
Ep 797 | Step 1000 | R    98.24 | 배송 12/50 | 미활동 1 | 2홉+ 0.32 | 도달  837 | 차단  376
Ep 798 | Step 1000 | R   193.31 | 배송 18/50 | 미활동 0 | 2홉+ 0.19 | 도달  735 | 차단  135
Ep 799 | Step 1000 | R   193.74 | 배송 16/50 | 미활동 1 | 2홉+ 0.23 | 도달  895 | 차단   89
Ep 800 | Step 1000 | R   297.48 | 배송 21/50 | 미활동 0 | 2홉+ 0.20 | 도달  731 | 차단   15
  [홀드아웃] 배송 10.3±3.1 미활동 0.33 2홉+ 0.48 도달 824 | 최고 16.3@ep450 | 정체 7/15
Ep 801 | Step 1000 | R    95.47 | 배송 11/50 | 미활동 0 | 2홉+ 0.27 | 도달  606 | 차단  730
Ep 802 | Step 1000 | R   135.46 | 배송 16/50 | 미활동 0 | 2홉+ 0.17 | 도달  762 | 차단   24
Ep 803 | Step 1000 | R   141.41 | 배송 13/50 | 미활동 0 | 2홉+ 0.40 | 도달  832 | 차단  706
Ep 804 | Step 1000 | R   256.12 | 배송 20/50 | 미활동 0 | 2홉+ 0.24 | 도달  774 | 차단   17
Ep 805 | Step 1000 | R   154.13 | 배송 15/50 | 미활동 1 | 2홉+ 0.29 | 도달  874 | 차단    0
Ep 806 | Step 1000 | R   187.87 | 배송 17/50 | 미활동 0 | 2홉+ 0.18 | 도달  676 | 차단  225
Ep 807 | Step 1000 | R   182.94 | 배송 17/50 | 미활동 1 | 2홉+ 0.31 | 도달  711 | 차단  541
Ep 808 | Step 1000 | R   132.66 | 배송 16/50 | 미활동 0 | 2홉+ 0.34 | 도달  751 | 차단  311
Ep 809 | Step 1000 | R   241.01 | 배송 21/50 | 미활동 0 | 2홉+ 0.29 | 도달  868 | 차단  251
Ep 810 | Step 1000 | R   116.79 | 배송 15/50 | 미활동 0 | 2홉+ 0.21 | 도달  631 | 차단    0
Ep 811 | Step 1000 | R   184.90 | 배송 17/50 | 미활동 0 | 2홉+ 0.15 | 도달  717 | 차단  494
Ep 812 | Step 1000 | R   194.53 | 배송 17/50 | 미활동 0 | 2홉+ 0.06 | 도달  555 | 차단    0
Ep 813 | Step 1000 | R   131.63 | 배송 15/50 | 미활동 1 | 2홉+ 0.12 | 도달  811 | 차단    0
Ep 814 | Step 1000 | R   189.27 | 배송 17/50 | 미활동 0 | 2홉+ 0.18 | 도달  843 | 차단   38
Ep 815 | Step 1000 | R   178.77 | 배송 17/50 | 미활동 0 | 2홉+ 0.23 | 도달  649 | 차단  718
Ep 816 | Step 1000 | R   228.74 | 배송 18/50 | 미활동 1 | 2홉+ 0.22 | 도달  816 | 차단  223
Ep 817 | Step 1000 | R   203.43 | 배송 17/50 | 미활동 1 | 2홉+ 0.22 | 도달  881 | 차단  304
Ep 818 | Step 1000 | R   154.54 | 배송 15/50 | 미활동 1 | 2홉+ 0.35 | 도달 1015 | 차단  244
Ep 819 | Step 1000 | R   125.07 | 배송 14/50 | 미활동 1 | 2홉+ 0.60 | 도달  815 | 차단  134
Ep 820 | Step 1000 | R   128.94 | 배송 15/50 | 미활동 1 | 2홉+ 0.38 | 도달  792 | 차단  215
Ep 821 | Step 1000 | R    53.12 | 배송  9/50 | 미활동 1 | 2홉+ 0.47 | 도달  809 | 차단  479
Ep 822 | Step 1000 | R   182.58 | 배송 17/50 | 미활동 1 | 2홉+ 0.17 | 도달  806 | 차단  311
Ep 823 | Step 1000 | R   147.23 | 배송 16/50 | 미활동 0 | 2홉+ 0.20 | 도달  969 | 차단   49
Ep 824 | Step 1000 | R   153.34 | 배송 16/50 | 미활동 0 | 2홉+ 0.30 | 도달  707 | 차단  572
Ep 825 | Step 1000 | R   126.12 | 배송 15/50 | 미활동 0 | 2홉+ 0.40 | 도달  918 | 차단  799
Ep 826 | Step 1000 | R   231.02 | 배송 18/50 | 미활동 0 | 2홉+ 0.26 | 도달  868 | 차단  116
Ep 827 | Step 1000 | R    99.54 | 배송 12/50 | 미활동 0 | 2홉+ 0.23 | 도달  705 | 차단  207
Ep 828 | Step 1000 | R   146.34 | 배송 16/50 | 미활동 0 | 2홉+ 0.22 | 도달  857 | 차단    0
Ep 829 | Step 1000 | R   125.70 | 배송 14/50 | 미활동 0 | 2홉+ 0.35 | 도달  798 | 차단  145
Ep 830 | Step 1000 | R   227.67 | 배송 18/50 | 미활동 0 | 2홉+ 0.23 | 도달  758 | 차단  359
Ep 831 | Step 1000 | R   140.20 | 배송 13/50 | 미활동 1 | 2홉+ 0.07 | 도달  633 | 차단  149
Ep 832 | Step 1000 | R   264.08 | 배송 18/50 | 미활동 0 | 2홉+ 0.22 | 도달  802 | 차단   52
Ep 833 | Step 1000 | R   117.84 | 배송 14/50 | 미활동 1 | 2홉+ 0.46 | 도달  986 | 차단  572
Ep 834 | Step 1000 | R   119.48 | 배송 13/50 | 미활동 0 | 2홉+ 0.17 | 도달  709 | 차단  383
Ep 835 | Step 1000 | R   134.92 | 배송 15/50 | 미활동 1 | 2홉+ 0.43 | 도달 1060 | 차단  270
Ep 836 | Step 1000 | R   132.33 | 배송 15/50 | 미활동 1 | 2홉+ 0.15 | 도달  782 | 차단   52
Ep 837 | Step 1000 | R   130.87 | 배송 14/50 | 미활동 1 | 2홉+ 0.13 | 도달  667 | 차단  132
Ep 838 | Step 1000 | R    76.06 | 배송 11/50 | 미활동 1 | 2홉+ 0.20 | 도달  619 | 차단  150
Ep 839 | Step 1000 | R   235.82 | 배송 19/50 | 미활동 0 | 2홉+ 0.10 | 도달  712 | 차단   82
Ep 840 | Step 1000 | R   205.32 | 배송 18/50 | 미활동 0 | 2홉+ 0.35 | 도달 1008 | 차단  281
Ep 841 | Step 1000 | R   183.59 | 배송 17/50 | 미활동 1 | 2홉+ 0.19 | 도달  820 | 차단   36
Ep 842 | Step 1000 | R   131.14 | 배송 14/50 | 미활동 0 | 2홉+ 0.24 | 도달  789 | 차단   14
Ep 843 | Step 1000 | R   224.16 | 배송 17/50 | 미활동 1 | 2홉+ 0.23 | 도달  754 | 차단  122
Ep 844 | Step 1000 | R   104.66 | 배송 14/50 | 미활동 0 | 2홉+ 0.13 | 도달  875 | 차단   11
Ep 845 | Step 1000 | R   175.91 | 배송 17/50 | 미활동 1 | 2홉+ 0.39 | 도달  909 | 차단  269
Ep 846 | Step 1000 | R   246.16 | 배송 20/50 | 미활동 1 | 2홉+ 0.14 | 도달  703 | 차단    0
Ep 847 | Step 1000 | R   229.69 | 배송 18/50 | 미활동 0 | 2홉+ 0.28 | 도달  781 | 차단  260
Ep 848 | Step 1000 | R   153.71 | 배송 14/50 | 미활동 0 | 2홉+ 0.22 | 도달  983 | 차단   33
Ep 849 | Step 1000 | R   321.02 | 배송 23/50 | 미활동 1 | 2홉+ 0.12 | 도달  706 | 차단   33
Ep 850 | Step 1000 | R   105.76 | 배송 15/50 | 미활동 1 | 2홉+ 0.53 | 도달  930 | 차단  801
  [홀드아웃] 배송 13.0±5.2 미활동 0.67 2홉+ 0.44 도달 830 | 최고 16.3@ep450 | 정체 8/15
Ep 851 | Step 1000 | R   163.91 | 배송 15/50 | 미활동 1 | 2홉+ 0.14 | 도달  806 | 차단  142
Ep 852 | Step 1000 | R   120.86 | 배송 15/50 | 미활동 0 | 2홉+ 0.18 | 도달  708 | 차단    0
Ep 853 | Step 1000 | R   327.33 | 배송 24/50 | 미활동 1 | 2홉+ 0.26 | 도달  980 | 차단  187
Ep 854 | Step 1000 | R   197.57 | 배송 18/50 | 미활동 1 | 2홉+ 0.19 | 도달  914 | 차단  139
Ep 855 | Step 1000 | R   140.02 | 배송 13/50 | 미활동 0 | 2홉+ 0.15 | 도달  578 | 차단    1
Ep 856 | Step 1000 | R   141.45 | 배송 16/50 | 미활동 0 | 2홉+ 0.28 | 도달  720 | 차단   58
Ep 857 | Step 1000 | R   231.38 | 배송 18/50 | 미활동 0 | 2홉+ 0.35 | 도달  912 | 차단  241
Ep 858 | Step 1000 | R   247.32 | 배송 21/50 | 미활동 0 | 2홉+ 0.25 | 도달  903 | 차단  295
Ep 859 | Step 1000 | R   128.61 | 배송 14/50 | 미활동 1 | 2홉+ 0.26 | 도달  781 | 차단  264
Ep 860 | Step 1000 | R   115.29 | 배송 14/50 | 미활동 1 | 2홉+ 0.12 | 도달  836 | 차단  117
Ep 861 | Step 1000 | R   126.44 | 배송 14/50 | 미활동 1 | 2홉+ 0.47 | 도달  862 | 차단  288
Ep 862 | Step 1000 | R   174.08 | 배송 16/50 | 미활동 0 | 2홉+ 0.39 | 도달  836 | 차단  489
Ep 863 | Step 1000 | R   153.45 | 배송 15/50 | 미활동 1 | 2홉+ 0.09 | 도달  579 | 차단   27
Ep 864 | Step 1000 | R   115.23 | 배송 13/50 | 미활동 1 | 2홉+ 0.43 | 도달  874 | 차단  354
Ep 865 | Step 1000 | R   225.07 | 배송 18/50 | 미활동 1 | 2홉+ 0.15 | 도달  770 | 차단   55
Ep 866 | Step 1000 | R   170.76 | 배송 16/50 | 미활동 0 | 2홉+ 0.27 | 도달  771 | 차단  660
Ep 867 | Step 1000 | R   117.48 | 배송 14/50 | 미활동 1 | 2홉+ 0.03 | 도달  560 | 차단    0
Ep 868 | Step 1000 | R   120.45 | 배송 14/50 | 미활동 0 | 2홉+ 0.59 | 도달  933 | 차단  417
Ep 869 | Step 1000 | R   270.67 | 배송 22/50 | 미활동 1 | 2홉+ 0.22 | 도달  899 | 차단  121
Ep 870 | Step 1000 | R   163.37 | 배송 15/50 | 미활동 1 | 2홉+ 0.13 | 도달  853 | 차단  169
Ep 871 | Step 1000 | R   205.01 | 배송 19/50 | 미활동 0 | 2홉+ 0.21 | 도달  970 | 차단  133
Ep 872 | Step 1000 | R   200.70 | 배송 18/50 | 미활동 1 | 2홉+ 0.31 | 도달  821 | 차단   90
Ep 873 | Step 1000 | R   172.16 | 배송 15/50 | 미활동 1 | 2홉+ 0.21 | 도달  789 | 차단   26
Ep 874 | Step 1000 | R    99.03 | 배송 14/50 | 미활동 0 | 2홉+ 0.19 | 도달  923 | 차단  549
Ep 875 | Step 1000 | R   148.38 | 배송 13/50 | 미활동 1 | 2홉+ 0.28 | 도달  846 | 차단   48
Ep 876 | Step 1000 | R   225.96 | 배송 18/50 | 미활동 1 | 2홉+ 0.28 | 도달  678 | 차단   75
Ep 877 | Step 1000 | R   110.38 | 배송 11/50 | 미활동 1 | 2홉+ 0.12 | 도달  583 | 차단  189
Ep 878 | Step 1000 | R   120.82 | 배송 14/50 | 미활동 1 | 2홉+ 0.18 | 도달  822 | 차단   57
Ep 879 | Step 1000 | R   186.91 | 배송 15/50 | 미활동 1 | 2홉+ 0.23 | 도달  724 | 차단  279
Ep 880 | Step 1000 | R   138.70 | 배송 13/50 | 미활동 1 | 2홉+ 0.21 | 도달  711 | 차단    0
Ep 881 | Step 1000 | R   262.65 | 배송 22/50 | 미활동 1 | 2홉+ 0.31 | 도달 1048 | 차단  412
Ep 882 | Step 1000 | R   109.35 | 배송 13/50 | 미활동 1 | 2홉+ 0.27 | 도달  708 | 차단  185
Ep 883 | Step 1000 | R   193.90 | 배송 18/50 | 미활동 1 | 2홉+ 0.14 | 도달  636 | 차단    0
Ep 884 | Step 1000 | R   100.36 | 배송 13/50 | 미활동 1 | 2홉+ 0.11 | 도달  623 | 차단  217
Ep 885 | Step 1000 | R   159.74 | 배송 14/50 | 미활동 1 | 2홉+ 0.18 | 도달  601 | 차단  171
Ep 886 | Step 1000 | R   127.83 | 배송 14/50 | 미활동 1 | 2홉+ 0.02 | 도달  546 | 차단    5
Ep 887 | Step 1000 | R   157.68 | 배송 15/50 | 미활동 1 | 2홉+ 0.10 | 도달  646 | 차단  153
Ep 888 | Step 1000 | R    96.10 | 배송 13/50 | 미활동 1 | 2홉+ 0.06 | 도달  577 | 차단    0
Ep 889 | Step 1000 | R   129.15 | 배송 12/50 | 미활동 0 | 2홉+ 0.32 | 도달  676 | 차단  957
Ep 890 | Step 1000 | R   199.80 | 배송 15/50 | 미활동 1 | 2홉+ 0.33 | 도달 1037 | 차단  138
Ep 891 | Step 1000 | R   180.96 | 배송 17/50 | 미활동 0 | 2홉+ 0.17 | 도달  663 | 차단  552
Ep 892 | Step 1000 | R   117.54 | 배송 14/50 | 미활동 1 | 2홉+ 0.23 | 도달  692 | 차단   83
Ep 893 | Step 1000 | R   224.05 | 배송 18/50 | 미활동 1 | 2홉+ 0.16 | 도달  777 | 차단  328
Ep 894 | Step 1000 | R   144.73 | 배송 16/50 | 미활동 0 | 2홉+ 0.33 | 도달  725 | 차단  137
Ep 895 | Step 1000 | R   100.71 | 배송 12/50 | 미활동 1 | 2홉+ 0.24 | 도달  607 | 차단   89
Ep 896 | Step 1000 | R   113.55 | 배송 14/50 | 미활동 1 | 2홉+ 0.22 | 도달  841 | 차단  287
Ep 897 | Step 1000 | R   134.43 | 배송 15/50 | 미활동 0 | 2홉+ 0.14 | 도달  882 | 차단   64
Ep 898 | Step 1000 | R   185.53 | 배송 17/50 | 미활동 1 | 2홉+ 0.18 | 도달  834 | 차단  184
Ep 899 | Step 1000 | R    79.73 | 배송 11/50 | 미활동 0 | 2홉+ 0.31 | 도달  836 | 차단 1370
Ep 900 | Step 1000 | R   129.92 | 배송 14/50 | 미활동 1 | 2홉+ 0.28 | 도달  699 | 차단   36
  [홀드아웃] 배송 12.8±2.3 미활동 0.00 2홉+ 0.35 도달 763 | 최고 16.3@ep450 | 정체 9/15
Ep 901 | Step 1000 | R   120.21 | 배송 15/50 | 미활동 0 | 2홉+ 0.41 | 도달  925 | 차단  685
Ep 902 | Step 1000 | R    95.09 | 배송 12/50 | 미활동 0 | 2홉+ 0.15 | 도달  542 | 차단  213
Ep 903 | Step 1000 | R    96.02 | 배송 12/50 | 미활동 1 | 2홉+ 0.38 | 도달  874 | 차단  253
Ep 904 | Step 1000 | R    82.99 | 배송 13/50 | 미활동 1 | 2홉+ 0.15 | 도달  545 | 차단   13
Ep 905 | Step 1000 | R   168.61 | 배송 15/50 | 미활동 0 | 2홉+ 0.38 | 도달  775 | 차단  123
Ep 906 | Step 1000 | R   291.57 | 배송 24/50 | 미활동 0 | 2홉+ 0.17 | 도달  808 | 차단   10
Ep 907 | Step 1000 | R   129.43 | 배송 15/50 | 미활동 1 | 2홉+ 0.31 | 도달  879 | 차단  274
Ep 908 | Step 1000 | R   189.31 | 배송 18/50 | 미활동 0 | 2홉+ 0.26 | 도달  801 | 차단   54
Ep 909 | Step 1000 | R   144.49 | 배송 13/50 | 미활동 0 | 2홉+ 0.35 | 도달  689 | 차단   77
Ep 910 | Step 1000 | R   180.25 | 배송 16/50 | 미활동 0 | 2홉+ 0.30 | 도달  898 | 차단    4
Ep 911 | Step 1000 | R   128.55 | 배송 15/50 | 미활동 0 | 2홉+ 0.34 | 도달  976 | 차단  503
Ep 912 | Step 1000 | R   103.29 | 배송 12/50 | 미활동 0 | 2홉+ 0.19 | 도달  610 | 차단  178
Ep 913 | Step 1000 | R   205.14 | 배송 16/50 | 미활동 0 | 2홉+ 0.11 | 도달  687 | 차단   30
Ep 914 | Step 1000 | R   176.41 | 배송 16/50 | 미활동 0 | 2홉+ 0.43 | 도달  851 | 차단  339
Ep 915 | Step 1000 | R   113.60 | 배송 15/50 | 미활동 0 | 2홉+ 0.31 | 도달  788 | 차단  597
Ep 916 | Step 1000 | R    88.05 | 배송 11/50 | 미활동 0 | 2홉+ 0.51 | 도달  996 | 차단  313
Ep 917 | Step 1000 | R   208.74 | 배송 17/50 | 미활동 0 | 2홉+ 0.26 | 도달  691 | 차단   53
Ep 918 | Step 1000 | R   146.36 | 배송 16/50 | 미활동 0 | 2홉+ 0.32 | 도달  854 | 차단  282
Ep 919 | Step 1000 | R    77.95 | 배송 11/50 | 미활동 1 | 2홉+ 0.22 | 도달  717 | 차단  295
Ep 920 | Step 1000 | R   105.50 | 배송 14/50 | 미활동 0 | 2홉+ 0.34 | 도달  731 | 차단   31
Ep 921 | Step 1000 | R   163.67 | 배송 16/50 | 미활동 1 | 2홉+ 0.08 | 도달  677 | 차단   16
Ep 922 | Step 1000 | R   101.34 | 배송 12/50 | 미활동 1 | 2홉+ 0.42 | 도달 1074 | 차단  457
Ep 923 | Step 1000 | R   262.40 | 배송 20/50 | 미활동 1 | 2홉+ 0.32 | 도달  891 | 차단  165
Ep 924 | Step 1000 | R   213.26 | 배송 16/50 | 미활동 1 | 2홉+ 0.19 | 도달  875 | 차단   57
Ep 925 | Step 1000 | R   104.93 | 배송 13/50 | 미활동 1 | 2홉+ 0.26 | 도달  625 | 차단  625
Ep 926 | Step 1000 | R    97.68 | 배송 14/50 | 미활동 1 | 2홉+ 0.28 | 도달  952 | 차단  448
Ep 927 | Step 1000 | R   180.56 | 배송 16/50 | 미활동 1 | 2홉+ 0.27 | 도달  696 | 차단  215
Ep 928 | Step 1000 | R   124.70 | 배송 14/50 | 미활동 0 | 2홉+ 0.24 | 도달  609 | 차단   33
Ep 929 | Step 1000 | R   150.17 | 배송 15/50 | 미활동 1 | 2홉+ 0.17 | 도달  634 | 차단  192
Ep 930 | Step 1000 | R    84.37 | 배송 12/50 | 미활동 1 | 2홉+ 0.18 | 도달  563 | 차단    0
Ep 931 | Step 1000 | R   314.17 | 배송 22/50 | 미활동 1 | 2홉+ 0.25 | 도달  770 | 차단  150
Ep 932 | Step 1000 | R   121.56 | 배송 15/50 | 미활동 1 | 2홉+ 0.49 | 도달  854 | 차단 1007
Ep 933 | Step 1000 | R   219.15 | 배송 20/50 | 미활동 0 | 2홉+ 0.34 | 도달  783 | 차단  479
Ep 934 | Step 1000 | R   103.47 | 배송 13/50 | 미활동 1 | 2홉+ 0.47 | 도달  952 | 차단  886
Ep 935 | Step 1000 | R   117.93 | 배송 14/50 | 미활동 0 | 2홉+ 0.07 | 도달  645 | 차단    0
Ep 936 | Step 1000 | R   109.43 | 배송 13/50 | 미활동 1 | 2홉+ 0.29 | 도달  666 | 차단    0
Ep 937 | Step 1000 | R   156.02 | 배송 14/50 | 미활동 0 | 2홉+ 0.34 | 도달  751 | 차단  256
Ep 938 | Step 1000 | R   345.29 | 배송 26/50 | 미활동 1 | 2홉+ 0.35 | 도달  803 | 차단   91
Ep 939 | Step 1000 | R   187.47 | 배송 18/50 | 미활동 1 | 2홉+ 0.14 | 도달  694 | 차단    0
Ep 940 | Step 1000 | R   108.25 | 배송 10/50 | 미활동 2 | 2홉+ 0.24 | 도달  693 | 차단  120
Ep 941 | Step 1000 | R   135.17 | 배송 14/50 | 미활동 1 | 2홉+ 0.17 | 도달  640 | 차단    0
Ep 942 | Step 1000 | R   139.92 | 배송 13/50 | 미활동 1 | 2홉+ 0.14 | 도달  561 | 차단  159
Ep 943 | Step 1000 | R   134.82 | 배송 11/50 | 미활동 1 | 2홉+ 0.25 | 도달  615 | 차단   43
Ep 944 | Step 1000 | R   118.96 | 배송 15/50 | 미활동 0 | 2홉+ 0.43 | 도달  757 | 차단   28
Ep 945 | Step 1000 | R    89.75 | 배송 12/50 | 미활동 1 | 2홉+ 0.45 | 도달  972 | 차단  900
Ep 946 | Step 1000 | R   196.67 | 배송 17/50 | 미활동 1 | 2홉+ 0.19 | 도달  716 | 차단   26
Ep 947 | Step 1000 | R   178.54 | 배송 16/50 | 미활동 0 | 2홉+ 0.27 | 도달  827 | 차단  100
Ep 948 | Step 1000 | R   123.18 | 배송 14/50 | 미활동 1 | 2홉+ 0.13 | 도달  797 | 차단   39
Ep 949 | Step 1000 | R   122.81 | 배송 14/50 | 미활동 1 | 2홉+ 0.44 | 도달  936 | 차단  306
Ep 950 | Step 1000 | R   109.25 | 배송 13/50 | 미활동 1 | 2홉+ 0.18 | 도달  873 | 차단  102
  [홀드아웃] 배송 11.7±4.0 미활동 1.00 2홉+ 0.50 도달 835 | 최고 16.3@ep450 | 정체 10/15
Ep 951 | Step 1000 | R   105.31 | 배송 14/50 | 미활동 0 | 2홉+ 0.37 | 도달  787 | 차단  366
Ep 952 | Step 1000 | R   258.33 | 배송 18/50 | 미활동 1 | 2홉+ 0.21 | 도달  708 | 차단  159
Ep 953 | Step 1000 | R   225.70 | 배송 18/50 | 미활동 0 | 2홉+ 0.19 | 도달  677 | 차단  435
Ep 954 | Step 1000 | R   261.20 | 배송 22/50 | 미활동 0 | 2홉+ 0.22 | 도달  974 | 차단  126
Ep 955 | Step 1000 | R   120.60 | 배송 15/50 | 미활동 0 | 2홉+ 0.23 | 도달  830 | 차단  164
Ep 956 | Step 1000 | R   205.08 | 배송 16/50 | 미활동 0 | 2홉+ 0.10 | 도달  533 | 차단   28
Ep 957 | Step 1000 | R   156.61 | 배송 16/50 | 미활동 0 | 2홉+ 0.16 | 도달  696 | 차단  284
Ep 958 | Step 1000 | R   164.87 | 배송 15/50 | 미활동 1 | 2홉+ 0.14 | 도달  758 | 차단  330
Ep 959 | Step 1000 | R   113.38 | 배송 13/50 | 미활동 1 | 2홉+ 0.24 | 도달  817 | 차단   48
Ep 960 | Step 1000 | R   224.18 | 배송 20/50 | 미활동 0 | 2홉+ 0.15 | 도달  607 | 차단  177
Ep 961 | Step 1000 | R   197.83 | 배송 17/50 | 미활동 1 | 2홉+ 0.15 | 도달  897 | 차단    0
Ep 962 | Step 1000 | R   265.13 | 배송 18/50 | 미활동 0 | 2홉+ 0.25 | 도달  912 | 차단  106
Ep 963 | Step 1000 | R   112.35 | 배송 16/50 | 미활동 0 | 2홉+ 0.34 | 도달 1034 | 차단  164
Ep 964 | Step 1000 | R   176.31 | 배송 16/50 | 미활동 0 | 2홉+ 0.19 | 도달  731 | 차단   40
Ep 965 | Step 1000 | R   236.37 | 배송 20/50 | 미활동 0 | 2홉+ 0.22 | 도달  699 | 차단  185
Ep 966 | Step 1000 | R   167.40 | 배송 16/50 | 미활동 0 | 2홉+ 0.23 | 도달  887 | 차단  564
Ep 967 | Step 1000 | R   194.42 | 배송 17/50 | 미활동 0 | 2홉+ 0.19 | 도달  736 | 차단   65
Ep 968 | Step 1000 | R   129.86 | 배송 15/50 | 미활동 1 | 2홉+ 0.25 | 도달  744 | 차단  577
Ep 969 | Step 1000 | R   184.30 | 배송 17/50 | 미활동 1 | 2홉+ 0.16 | 도달  610 | 차단  129
Ep 970 | Step 1000 | R   140.13 | 배송 15/50 | 미활동 0 | 2홉+ 0.43 | 도달  880 | 차단    2
Ep 971 | Step 1000 | R   129.64 | 배송 16/50 | 미활동 0 | 2홉+ 0.48 | 도달  717 | 차단   90
Ep 972 | Step 1000 | R   113.98 | 배송 14/50 | 미활동 1 | 2홉+ 0.27 | 도달  763 | 차단  200
Ep 973 | Step 1000 | R   275.03 | 배송 19/50 | 미활동 0 | 2홉+ 0.16 | 도달  762 | 차단  165
Ep 974 | Step 1000 | R    45.25 | 배송  8/50 | 미활동 0 | 2홉+ 0.24 | 도달  751 | 차단 1770
Ep 975 | Step 1000 | R   190.11 | 배송 16/50 | 미활동 0 | 2홉+ 0.09 | 도달  640 | 차단   39
Ep 976 | Step 1000 | R    16.29 | 배송  6/50 | 미활동 2 | 2홉+ 0.45 | 도달  808 | 차단  738
Ep 977 | Step 1000 | R   273.62 | 배송 22/50 | 미활동 1 | 2홉+ 0.15 | 도달  759 | 차단  123
Ep 978 | Step 1000 | R   120.59 | 배송 15/50 | 미활동 0 | 2홉+ 0.09 | 도달  630 | 차단    6
Ep 979 | Step 1000 | R   164.86 | 배송 15/50 | 미활동 1 | 2홉+ 0.30 | 도달  750 | 차단   31
Ep 980 | Step 1000 | R   166.48 | 배송 15/50 | 미활동 0 | 2홉+ 0.25 | 도달  721 | 차단   16
Ep 981 | Step 1000 | R    58.23 | 배송 11/50 | 미활동 1 | 2홉+ 0.26 | 도달  679 | 차단    0
Ep 982 | Step 1000 | R    95.04 | 배송 14/50 | 미활동 0 | 2홉+ 0.56 | 도달  898 | 차단  371
Ep 983 | Step 1000 | R   168.41 | 배송 15/50 | 미활동 0 | 2홉+ 0.36 | 도달  652 | 차단  291
Ep 984 | Step 1000 | R   189.98 | 배송 17/50 | 미활동 0 | 2홉+ 0.40 | 도달  820 | 차단  103
Ep 985 | Step 1000 | R   146.90 | 배송 16/50 | 미활동 0 | 2홉+ 0.41 | 도달  829 | 차단   60
Ep 986 | Step 1000 | R   120.96 | 배송 15/50 | 미활동 0 | 2홉+ 0.08 | 도달  547 | 차단   17
Ep 987 | Step 1000 | R   157.57 | 배송 15/50 | 미활동 0 | 2홉+ 0.19 | 도달  757 | 차단  150
Ep 988 | Step 1000 | R   112.44 | 배송 14/50 | 미활동 1 | 2홉+ 0.14 | 도달  768 | 차단  248
Ep 989 | Step 1000 | R   152.75 | 배송 14/50 | 미활동 1 | 2홉+ 0.21 | 도달  651 | 차단  131
Ep 990 | Step 1000 | R   170.34 | 배송 16/50 | 미활동 0 | 2홉+ 0.15 | 도달  689 | 차단   37
Ep 991 | Step 1000 | R   124.94 | 배송 14/50 | 미활동 0 | 2홉+ 0.53 | 도달  840 | 차단  339
Ep 992 | Step 1000 | R   148.19 | 배송 14/50 | 미활동 1 | 2홉+ 0.20 | 도달  717 | 차단    0
Ep 993 | Step 1000 | R   124.71 | 배송 12/50 | 미활동 0 | 2홉+ 0.25 | 도달  677 | 차단   13
Ep 994 | Step 1000 | R   126.88 | 배송 14/50 | 미활동 1 | 2홉+ 0.21 | 도달  717 | 차단    2
Ep 995 | Step 1000 | R   214.05 | 배송 17/50 | 미활동 1 | 2홉+ 0.15 | 도달  661 | 차단    0
Ep 996 | Step 1000 | R   142.41 | 배송 16/50 | 미활동 0 | 2홉+ 0.28 | 도달  780 | 차단  551
Ep 997 | Step 1000 | R    95.67 | 배송 13/50 | 미활동 0 | 2홉+ 0.48 | 도달  961 | 차단  863
Ep 998 | Step 1000 | R   163.49 | 배송 16/50 | 미활동 0 | 2홉+ 0.28 | 도달  734 | 차단   32
Ep 999 | Step 1000 | R   131.99 | 배송 16/50 | 미활동 0 | 2홉+ 0.41 | 도달 1052 | 차단  298
Ep 1000 | Step 1000 | R   164.68 | 배송 15/50 | 미활동 0 | 2홉+ 0.38 | 도달  863 | 차단  373
  [홀드아웃] 배송 13.3±5.1 미활동 0.33 2홉+ 0.31 도달 738 | 최고 16.3@ep450 | 정체 11/15
Ep 1001 | Step 1000 | R   223.08 | 배송 17/50 | 미활동 0 | 2홉+ 0.19 | 도달  811 | 차단  249
Ep 1002 | Step 1000 | R   270.34 | 배송 19/50 | 미활동 1 | 2홉+ 0.23 | 도달  793 | 차단  201
Ep 1003 | Step 1000 | R    55.44 | 배송  9/50 | 미활동 0 | 2홉+ 0.13 | 도달  507 | 차단  317
Ep 1004 | Step 1000 | R   135.40 | 배송 16/50 | 미활동 0 | 2홉+ 0.12 | 도달  593 | 차단  105
Ep 1005 | Step 1000 | R   164.22 | 배송 17/50 | 미활동 0 | 2홉+ 0.18 | 도달  887 | 차단    0
Ep 1006 | Step 1000 | R   109.41 | 배송 14/50 | 미활동 0 | 2홉+ 0.24 | 도달  728 | 차단  256
Ep 1007 | Step 1000 | R    91.21 | 배송 13/50 | 미활동 0 | 2홉+ 0.09 | 도달  901 | 차단  101
Ep 1008 | Step 1000 | R   127.80 | 배송 15/50 | 미활동 1 | 2홉+ 0.35 | 도달  714 | 차단  431
Ep 1009 | Step 1000 | R    65.29 | 배송 10/50 | 미활동 2 | 2홉+ 0.13 | 도달  546 | 차단  143
Ep 1010 | Step 1000 | R    96.79 | 배송 12/50 | 미활동 1 | 2홉+ 0.17 | 도달  567 | 차단   17
Ep 1011 | Step 1000 | R    65.43 | 배송  9/50 | 미활동 2 | 2홉+ 0.34 | 도달  737 | 차단  166
Ep 1012 | Step 1000 | R    72.65 | 배송  9/50 | 미활동 1 | 2홉+ 0.22 | 도달  581 | 차단  171
Ep 1013 | Step 1000 | R   100.62 | 배송 14/50 | 미활동 1 | 2홉+ 0.15 | 도달  716 | 차단   36
Ep 1014 | Step 1000 | R   150.06 | 배송 15/50 | 미활동 1 | 2홉+ 0.11 | 도달  598 | 차단   20
Ep 1015 | Step 1000 | R   146.18 | 배송 14/50 | 미활동 0 | 2홉+ 0.30 | 도달  953 | 차단  278
Ep 1016 | Step 1000 | R   105.68 | 배송 13/50 | 미활동 0 | 2홉+ 0.25 | 도달  672 | 차단  103
Ep 1017 | Step 1000 | R   102.88 | 배송 14/50 | 미활동 0 | 2홉+ 0.20 | 도달  581 | 차단    0
Ep 1018 | Step 1000 | R   143.71 | 배송 15/50 | 미활동 0 | 2홉+ 0.24 | 도달  692 | 차단  268
Ep 1019 | Step 1000 | R   163.44 | 배송 16/50 | 미활동 0 | 2홉+ 0.29 | 도달  874 | 차단  297
Ep 1020 | Step 1000 | R   169.52 | 배송 16/50 | 미활동 0 | 2홉+ 0.12 | 도달  678 | 차단    0
Ep 1021 | Step 1000 | R    80.49 | 배송 13/50 | 미활동 0 | 2홉+ 0.16 | 도달  798 | 차단   84
Ep 1022 | Step 1000 | R   118.66 | 배송 14/50 | 미활동 0 | 2홉+ 0.23 | 도달  609 | 차단   64
Ep 1023 | Step 1000 | R    93.45 | 배송 11/50 | 미활동 0 | 2홉+ 0.65 | 도달 1074 | 차단  237
Ep 1024 | Step 1000 | R    67.93 | 배송 13/50 | 미활동 0 | 2홉+ 0.21 | 도달  636 | 차단    0
Ep 1025 | Step 1000 | R   188.79 | 배송 15/50 | 미활동 0 | 2홉+ 0.08 | 도달  682 | 차단   66
Ep 1026 | Step 1000 | R   216.20 | 배송 16/50 | 미활동 0 | 2홉+ 0.21 | 도달  659 | 차단  252
Ep 1027 | Step 1000 | R   136.06 | 배송 15/50 | 미활동 0 | 2홉+ 0.15 | 도달  668 | 차단  268
Ep 1028 | Step 1000 | R   193.61 | 배송 18/50 | 미활동 0 | 2홉+ 0.14 | 도달  675 | 차단   14
Ep 1029 | Step 1000 | R   115.58 | 배송 13/50 | 미활동 0 | 2홉+ 0.34 | 도달  797 | 차단    0
Ep 1030 | Step 1000 | R   118.83 | 배송 15/50 | 미활동 0 | 2홉+ 0.28 | 도달  747 | 차단    0
Ep 1031 | Step 1000 | R   108.82 | 배송 14/50 | 미활동 0 | 2홉+ 0.26 | 도달  764 | 차단   30
Ep 1032 | Step 1000 | R   159.32 | 배송 15/50 | 미활동 2 | 2홉+ 0.14 | 도달  644 | 차단  157
Ep 1033 | Step 1000 | R   297.98 | 배송 21/50 | 미활동 0 | 2홉+ 0.28 | 도달  710 | 차단    0
Ep 1034 | Step 1000 | R    64.78 | 배송  9/50 | 미활동 2 | 2홉+ 0.31 | 도달  816 | 차단  607
Ep 1035 | Step 1000 | R   151.63 | 배송 16/50 | 미활동 0 | 2홉+ 0.36 | 도달  984 | 차단  193
Ep 1036 | Step 1000 | R   224.34 | 배송 20/50 | 미활동 1 | 2홉+ 0.23 | 도달  711 | 차단    3
Ep 1037 | Step 1000 | R   168.65 | 배송 16/50 | 미활동 0 | 2홉+ 0.20 | 도달  818 | 차단   88
Ep 1038 | Step 1000 | R   200.41 | 배송 18/50 | 미활동 1 | 2홉+ 0.14 | 도달  829 | 차단  111
Ep 1039 | Step 1000 | R   238.85 | 배송 19/50 | 미활동 1 | 2홉+ 0.19 | 도달  781 | 차단   12
Ep 1040 | Step 1000 | R   111.03 | 배송 14/50 | 미활동 0 | 2홉+ 0.40 | 도달  936 | 차단  217
Ep 1041 | Step 1000 | R   292.40 | 배송 21/50 | 미활동 1 | 2홉+ 0.20 | 도달  838 | 차단   63
Ep 1042 | Step 1000 | R   115.08 | 배송 13/50 | 미활동 1 | 2홉+ 0.45 | 도달  764 | 차단  250
Ep 1043 | Step 1000 | R   170.61 | 배송 16/50 | 미활동 1 | 2홉+ 0.14 | 도달  610 | 차단   55
Ep 1044 | Step 1000 | R    90.07 | 배송 13/50 | 미활동 0 | 2홉+ 0.56 | 도달  737 | 차단    0
Ep 1045 | Step 1000 | R    95.08 | 배송 14/50 | 미활동 0 | 2홉+ 0.13 | 도달  668 | 차단    0
Ep 1046 | Step 1000 | R   113.81 | 배송 13/50 | 미활동 0 | 2홉+ 0.45 | 도달  982 | 차단   56
Ep 1047 | Step 1000 | R   228.71 | 배송 18/50 | 미활동 1 | 2홉+ 0.08 | 도달  738 | 차단    4
Ep 1048 | Step 1000 | R   212.63 | 배송 16/50 | 미활동 1 | 2홉+ 0.29 | 도달  775 | 차단  313
Ep 1049 | Step 1000 | R   112.15 | 배송 15/50 | 미활동 1 | 2홉+ 0.28 | 도달  715 | 차단    0
Ep 1050 | Step 1000 | R   143.09 | 배송 16/50 | 미활동 0 | 2홉+ 0.37 | 도달  760 | 차단  351
  [홀드아웃] 배송 14.5±1.4 미활동 0.50 2홉+ 0.35 도달 771 | 최고 16.3@ep450 | 정체 12/15
Ep 1051 | Step 1000 | R   215.89 | 배송 17/50 | 미활동 1 | 2홉+ 0.20 | 도달  698 | 차단  366
Ep 1052 | Step 1000 | R    85.46 | 배송 12/50 | 미활동 0 | 2홉+ 0.51 | 도달 1026 | 차단 1021
Ep 1053 | Step 1000 | R   244.16 | 배송 19/50 | 미활동 0 | 2홉+ 0.20 | 도달  654 | 차단   69
Ep 1054 | Step 1000 | R   210.10 | 배송 16/50 | 미활동 1 | 2홉+ 0.27 | 도달  661 | 차단  351
Ep 1055 | Step 1000 | R   169.01 | 배송 16/50 | 미활동 0 | 2홉+ 0.19 | 도달  920 | 차단  137
Ep 1056 | Step 1000 | R   104.06 | 배송 12/50 | 미활동 0 | 2홉+ 0.29 | 도달  654 | 차단   60
Ep 1057 | Step 1000 | R   110.76 | 배송 14/50 | 미활동 0 | 2홉+ 0.45 | 도달  781 | 차단  345
Ep 1058 | Step 1000 | R   106.28 | 배송 14/50 | 미활동 1 | 2홉+ 0.29 | 도달  938 | 차단  507
Ep 1059 | Step 1000 | R   210.35 | 배송 18/50 | 미활동 0 | 2홉+ 0.42 | 도달  816 | 차단    0
Ep 1060 | Step 1000 | R   138.73 | 배송 16/50 | 미활동 0 | 2홉+ 0.23 | 도달  778 | 차단  155
Ep 1061 | Step 1000 | R   152.66 | 배송 16/50 | 미활동 0 | 2홉+ 0.44 | 도달  869 | 차단  101
Ep 1062 | Step 1000 | R   138.77 | 배송 16/50 | 미활동 0 | 2홉+ 0.42 | 도달  880 | 차단   93
Ep 1063 | Step 1000 | R   108.64 | 배송 13/50 | 미활동 1 | 2홉+ 0.45 | 도달  798 | 차단  461
Ep 1064 | Step 1000 | R   262.54 | 배송 20/50 | 미활동 1 | 2홉+ 0.21 | 도달  951 | 차단  256
Ep 1065 | Step 1000 | R   162.60 | 배송 15/50 | 미활동 1 | 2홉+ 0.16 | 도달  759 | 차단    0
Ep 1066 | Step 1000 | R    76.07 | 배송 12/50 | 미활동 1 | 2홉+ 0.24 | 도달  910 | 차단 1487
Ep 1067 | Step 1000 | R   237.99 | 배송 18/50 | 미활동 0 | 2홉+ 0.14 | 도달  684 | 차단    7
Ep 1068 | Step 1000 | R   209.30 | 배송 19/50 | 미활동 0 | 2홉+ 0.23 | 도달  718 | 차단  193
Ep 1069 | Step 1000 | R   156.69 | 배송 15/50 | 미활동 1 | 2홉+ 0.19 | 도달  858 | 차단  129
Ep 1070 | Step 1000 | R   331.88 | 배송 24/50 | 미활동 0 | 2홉+ 0.21 | 도달  916 | 차단  120
Ep 1071 | Step 1000 | R   126.11 | 배송 15/50 | 미활동 1 | 2홉+ 0.30 | 도달  804 | 차단  146
Ep 1072 | Step 1000 | R   137.91 | 배송 16/50 | 미활동 0 | 2홉+ 0.51 | 도달  951 | 차단  473
Ep 1073 | Step 1000 | R   177.68 | 배송 17/50 | 미활동 0 | 2홉+ 0.21 | 도달  811 | 차단  225
Ep 1074 | Step 1000 | R    14.61 | 배송  6/50 | 미활동 1 | 2홉+ 0.51 | 도달  999 | 차단 2067
Ep 1075 | Step 1000 | R   219.56 | 배송 17/50 | 미활동 0 | 2홉+ 0.26 | 도달  733 | 차단   54
Ep 1076 | Step 1000 | R   195.74 | 배송 16/50 | 미활동 0 | 2홉+ 0.19 | 도달  653 | 차단   74
Ep 1077 | Step 1000 | R   230.33 | 배송 18/50 | 미활동 0 | 2홉+ 0.20 | 도달  863 | 차단  163
Ep 1078 | Step 1000 | R   197.07 | 배송 15/50 | 미활동 0 | 2홉+ 0.31 | 도달  718 | 차단    6
Ep 1079 | Step 1000 | R   104.66 | 배송 12/50 | 미활동 0 | 2홉+ 0.12 | 도달  749 | 차단    1
Ep 1080 | Step 1000 | R   255.77 | 배송 19/50 | 미활동 1 | 2홉+ 0.18 | 도달  765 | 차단  126
Ep 1081 | Step 1000 | R   164.86 | 배송 15/50 | 미활동 1 | 2홉+ 0.27 | 도달  668 | 차단  300
Ep 1082 | Step 1000 | R   165.35 | 배송 15/50 | 미활동 0 | 2홉+ 0.18 | 도달  634 | 차단  254
Ep 1083 | Step 1000 | R   113.32 | 배송 15/50 | 미활동 0 | 2홉+ 0.43 | 도달  830 | 차단  381
Ep 1084 | Step 1000 | R   125.79 | 배송 15/50 | 미활동 0 | 2홉+ 0.41 | 도달 1055 | 차단  556
Ep 1085 | Step 1000 | R   129.83 | 배송 15/50 | 미활동 0 | 2홉+ 0.20 | 도달  715 | 차단    0
Ep 1086 | Step 1000 | R   149.11 | 배송 15/50 | 미활동 0 | 2홉+ 0.21 | 도달  711 | 차단    0
Ep 1087 | Step 1000 | R   125.54 | 배송 15/50 | 미활동 0 | 2홉+ 0.35 | 도달  810 | 차단  721
Ep 1088 | Step 1000 | R   201.76 | 배송 17/50 | 미활동 0 | 2홉+ 0.12 | 도달  716 | 차단   15
Ep 1089 | Step 1000 | R   238.01 | 배송 19/50 | 미활동 0 | 2홉+ 0.30 | 도달  872 | 차단  568
Ep 1090 | Step 1000 | R   227.51 | 배송 18/50 | 미활동 0 | 2홉+ 0.15 | 도달  752 | 차단  178
Ep 1091 | Step 1000 | R   274.93 | 배송 23/50 | 미활동 1 | 2홉+ 0.30 | 도달  814 | 차단  135
Ep 1092 | Step 1000 | R   110.74 | 배송 14/50 | 미활동 1 | 2홉+ 0.06 | 도달  638 | 차단    0
Ep 1093 | Step 1000 | R   174.10 | 배송 17/50 | 미활동 0 | 2홉+ 0.12 | 도달  834 | 차단  120
Ep 1094 | Step 1000 | R   168.25 | 배송 17/50 | 미활동 1 | 2홉+ 0.17 | 도달  810 | 차단  154
Ep 1095 | Step 1000 | R   138.19 | 배송 16/50 | 미활동 0 | 2홉+ 0.23 | 도달  797 | 차단    1
Ep 1096 | Step 1000 | R   110.83 | 배송 15/50 | 미활동 0 | 2홉+ 0.38 | 도달  981 | 차단  727
Ep 1097 | Step 1000 | R   254.83 | 배송 21/50 | 미활동 1 | 2홉+ 0.27 | 도달  882 | 차단  404
Ep 1098 | Step 1000 | R   170.00 | 배송 15/50 | 미활동 0 | 2홉+ 0.15 | 도달  650 | 차단   49
Ep 1099 | Step 1000 | R   226.58 | 배송 21/50 | 미활동 0 | 2홉+ 0.15 | 도달  731 | 차단   14
Ep 1100 | Step 1000 | R   161.70 | 배송 16/50 | 미활동 0 | 2홉+ 0.24 | 도달  702 | 차단  239
  [홀드아웃] 배송 10.3±3.2 미활동 0.67 2홉+ 0.46 도달 872 | 최고 16.3@ep450 | 정체 13/15
Ep 1101 | Step 1000 | R    75.58 | 배송 12/50 | 미활동 1 | 2홉+ 0.42 | 도달  826 | 차단 1879
Ep 1102 | Step 1000 | R   202.92 | 배송 16/50 | 미활동 0 | 2홉+ 0.13 | 도달  780 | 차단    1
Ep 1103 | Step 1000 | R    86.96 | 배송 12/50 | 미활동 0 | 2홉+ 0.36 | 도달 1022 | 차단 1185
Ep 1104 | Step 1000 | R   135.80 | 배송 16/50 | 미활동 0 | 2홉+ 0.31 | 도달  824 | 차단    4
Ep 1105 | Step 1000 | R   172.70 | 배송 17/50 | 미활동 0 | 2홉+ 0.35 | 도달  674 | 차단  211
Ep 1106 | Step 1000 | R   112.54 | 배송 15/50 | 미활동 1 | 2홉+ 0.05 | 도달  621 | 차단  146
Ep 1107 | Step 1000 | R    88.33 | 배송 14/50 | 미활동 0 | 2홉+ 0.34 | 도달  682 | 차단   42
Ep 1108 | Step 1000 | R   127.03 | 배송 15/50 | 미활동 0 | 2홉+ 0.46 | 도달 1070 | 차단  886
Ep 1109 | Step 1000 | R   180.17 | 배송 16/50 | 미활동 1 | 2홉+ 0.37 | 도달  916 | 차단  574
Ep 1110 | Step 1000 | R   169.79 | 배송 16/50 | 미활동 0 | 2홉+ 0.08 | 도달  652 | 차단    0
Ep 1111 | Step 1000 | R   153.54 | 배송 16/50 | 미활동 0 | 2홉+ 0.09 | 도달  628 | 차단   44
Ep 1112 | Step 1000 | R   137.13 | 배송 16/50 | 미활동 0 | 2홉+ 0.46 | 도달  925 | 차단  521
Ep 1113 | Step 1000 | R   205.61 | 배송 16/50 | 미활동 0 | 2홉+ 0.17 | 도달  645 | 차단  116
Ep 1114 | Step 1000 | R   258.36 | 배송 18/50 | 미활동 0 | 2홉+ 0.14 | 도달  744 | 차단   51
Ep 1115 | Step 1000 | R   102.77 | 배송 13/50 | 미활동 0 | 2홉+ 0.50 | 도달 1074 | 차단 1263
Ep 1116 | Step 1000 | R   114.00 | 배송 13/50 | 미활동 0 | 2홉+ 0.43 | 도달  753 | 차단   60
Ep 1117 | Step 1000 | R    73.50 | 배송 11/50 | 미활동 1 | 2홉+ 0.27 | 도달  646 | 차단 1241
Ep 1118 | Step 1000 | R   114.69 | 배송 14/50 | 미활동 0 | 2홉+ 0.46 | 도달  878 | 차단  174
Ep 1119 | Step 1000 | R   108.54 | 배송 13/50 | 미활동 1 | 2홉+ 0.29 | 도달  949 | 차단  537
Ep 1120 | Step 1000 | R   113.23 | 배송 14/50 | 미활동 1 | 2홉+ 0.33 | 도달  751 | 차단   12
Ep 1121 | Step 1000 | R   135.43 | 배송 12/50 | 미활동 0 | 2홉+ 0.48 | 도달 1074 | 차단  555
Ep 1122 | Step 1000 | R    91.82 | 배송 13/50 | 미활동 1 | 2홉+ 0.23 | 도달  742 | 차단    0
Ep 1123 | Step 1000 | R    99.76 | 배송 13/50 | 미활동 1 | 2홉+ 0.38 | 도달 1074 | 차단  393
Ep 1124 | Step 1000 | R   104.84 | 배송 13/50 | 미활동 1 | 2홉+ 0.22 | 도달  761 | 차단   70
Ep 1125 | Step 1000 | R    82.33 | 배송 11/50 | 미활동 1 | 2홉+ 0.40 | 도달 1025 | 차단  784
Ep 1126 | Step 1000 | R   112.41 | 배송 14/50 | 미활동 1 | 2홉+ 0.49 | 도달  835 | 차단 1083
Ep 1127 | Step 1000 | R   110.85 | 배송 13/50 | 미활동 0 | 2홉+ 0.33 | 도달  703 | 차단  264
Ep 1128 | Step 1000 | R   211.64 | 배송 20/50 | 미활동 0 | 2홉+ 0.12 | 도달  736 | 차단   51
Ep 1129 | Step 1000 | R   122.46 | 배송 12/50 | 미활동 0 | 2홉+ 0.40 | 도달 1040 | 차단  897
Ep 1130 | Step 1000 | R   138.06 | 배송 15/50 | 미활동 1 | 2홉+ 0.19 | 도달  868 | 차단    8
Ep 1131 | Step 1000 | R   114.64 | 배송 14/50 | 미활동 1 | 2홉+ 0.21 | 도달  775 | 차단    0
Ep 1132 | Step 1000 | R   139.41 | 배송 14/50 | 미활동 0 | 2홉+ 0.22 | 도달  790 | 차단   86
Ep 1133 | Step 1000 | R   145.89 | 배송 16/50 | 미활동 0 | 2홉+ 0.24 | 도달  877 | 차단    4
Ep 1134 | Step 1000 | R   130.46 | 배송 15/50 | 미활동 0 | 2홉+ 0.28 | 도달  710 | 차단  139
Ep 1135 | Step 1000 | R   157.08 | 배송 18/50 | 미활동 0 | 2홉+ 0.17 | 도달  730 | 차단    0
Ep 1136 | Step 1000 | R   170.39 | 배송 16/50 | 미활동 1 | 2홉+ 0.32 | 도달  879 | 차단    0
Ep 1137 | Step 1000 | R   141.93 | 배송 13/50 | 미활동 1 | 2홉+ 0.24 | 도달  882 | 차단  177
Ep 1138 | Step 1000 | R   210.76 | 배송 16/50 | 미활동 0 | 2홉+ 0.16 | 도달  789 | 차단   38
Ep 1139 | Step 1000 | R   160.58 | 배송 14/50 | 미활동 0 | 2홉+ 0.35 | 도달  901 | 차단    0
Ep 1140 | Step 1000 | R   192.19 | 배송 17/50 | 미활동 0 | 2홉+ 0.16 | 도달  860 | 차단   62
Ep 1141 | Step 1000 | R   140.11 | 배송 16/50 | 미활동 0 | 2홉+ 0.34 | 도달  916 | 차단  635
Ep 1142 | Step 1000 | R   146.58 | 배송 16/50 | 미활동 0 | 2홉+ 0.22 | 도달  701 | 차단   80
Ep 1143 | Step 1000 | R   139.02 | 배송 14/50 | 미활동 0 | 2홉+ 0.18 | 도달  766 | 차단    0
Ep 1144 | Step 1000 | R   111.06 | 배송 13/50 | 미활동 0 | 2홉+ 0.31 | 도달  652 | 차단  343
Ep 1145 | Step 1000 | R   107.21 | 배송 12/50 | 미활동 0 | 2홉+ 0.37 | 도달  811 | 차단  197
Ep 1146 | Step 1000 | R   255.58 | 배송 21/50 | 미활동 0 | 2홉+ 0.17 | 도달  738 | 차단  201
Ep 1147 | Step 1000 | R   227.26 | 배송 16/50 | 미활동 0 | 2홉+ 0.18 | 도달  855 | 차단   11
Ep 1148 | Step 1000 | R    99.85 | 배송 13/50 | 미활동 0 | 2홉+ 0.11 | 도달  557 | 차단    3
Ep 1149 | Step 1000 | R   146.89 | 배송 14/50 | 미활동 0 | 2홉+ 0.26 | 도달 1002 | 차단  591
Ep 1150 | Step 1000 | R   158.43 | 배송 15/50 | 미활동 0 | 2홉+ 0.21 | 도달  712 | 차단  244
  [홀드아웃] 배송 13.2±4.9 미활동 0.33 2홉+ 0.36 도달 867 | 최고 16.3@ep450 | 정체 14/15
Ep 1151 | Step 1000 | R   162.81 | 배송 16/50 | 미활동 0 | 2홉+ 0.50 | 도달  851 | 차단   49
Ep 1152 | Step 1000 | R   155.09 | 배송 16/50 | 미활동 0 | 2홉+ 0.16 | 도달  746 | 차단    0
Ep 1153 | Step 1000 | R    89.20 | 배송 11/50 | 미활동 0 | 2홉+ 0.18 | 도달  641 | 차단   61
Ep 1154 | Step 1000 | R   169.27 | 배송 16/50 | 미활동 0 | 2홉+ 0.15 | 도달  668 | 차단  117
Ep 1155 | Step 1000 | R   196.92 | 배송 16/50 | 미활동 0 | 2홉+ 0.21 | 도달  837 | 차단   45
Ep 1156 | Step 1000 | R   215.36 | 배송 17/50 | 미활동 0 | 2홉+ 0.19 | 도달  759 | 차단  167
Ep 1157 | Step 1000 | R   115.58 | 배송 11/50 | 미활동 1 | 2홉+ 0.47 | 도달 1074 | 차단  692
Ep 1158 | Step 1000 | R   111.76 | 배송 14/50 | 미활동 0 | 2홉+ 0.29 | 도달  795 | 차단  534
Ep 1159 | Step 1000 | R   135.45 | 배송 15/50 | 미활동 0 | 2홉+ 0.47 | 도달  678 | 차단  199
Ep 1160 | Step 1000 | R   135.70 | 배송 16/50 | 미활동 0 | 2홉+ 0.14 | 도달  727 | 차단  170
Ep 1161 | Step 1000 | R   146.85 | 배송 14/50 | 미활동 0 | 2홉+ 0.10 | 도달  644 | 차단  402
Ep 1162 | Step 1000 | R   223.75 | 배송 18/50 | 미활동 0 | 2홉+ 0.33 | 도달  909 | 차단  141
Ep 1163 | Step 1000 | R   133.39 | 배송 15/50 | 미활동 0 | 2홉+ 0.23 | 도달  765 | 차단  264
Ep 1164 | Step 1000 | R   128.50 | 배송 13/50 | 미활동 1 | 2홉+ 0.36 | 도달  776 | 차단  274
Ep 1165 | Step 1000 | R   137.93 | 배송 15/50 | 미활동 1 | 2홉+ 0.29 | 도달  855 | 차단  135
Ep 1166 | Step 1000 | R   160.98 | 배송 15/50 | 미활동 1 | 2홉+ 0.11 | 도달  708 | 차단   51
Ep 1167 | Step 1000 | R   173.43 | 배송 16/50 | 미활동 0 | 2홉+ 0.29 | 도달  799 | 차단    0
Ep 1168 | Step 1000 | R   128.91 | 배송 15/50 | 미활동 0 | 2홉+ 0.20 | 도달  893 | 차단  231
Ep 1169 | Step 1000 | R   154.97 | 배송 14/50 | 미활동 1 | 2홉+ 0.16 | 도달  728 | 차단   58
Ep 1170 | Step 1000 | R   103.86 | 배송 14/50 | 미활동 0 | 2홉+ 0.21 | 도달  689 | 차단  921
Ep 1171 | Step 1000 | R   119.61 | 배송 14/50 | 미활동 0 | 2홉+ 0.22 | 도달  721 | 차단  160
Ep 1172 | Step 1000 | R   100.09 | 배송 14/50 | 미활동 0 | 2홉+ 0.12 | 도달  639 | 차단  236
Ep 1173 | Step 1000 | R   129.88 | 배송 15/50 | 미활동 0 | 2홉+ 0.07 | 도달  874 | 차단   38
Ep 1174 | Step 1000 | R   161.82 | 배송 15/50 | 미활동 0 | 2홉+ 0.23 | 도달  703 | 차단  197
Ep 1175 | Step 1000 | R    89.69 | 배송 12/50 | 미활동 1 | 2홉+ 0.34 | 도달  843 | 차단  328
Ep 1176 | Step 1000 | R   163.45 | 배송 15/50 | 미활동 0 | 2홉+ 0.16 | 도달  673 | 차단    0
Ep 1177 | Step 1000 | R   123.43 | 배송 14/50 | 미활동 0 | 2홉+ 0.06 | 도달  604 | 차단  141
Ep 1178 | Step 1000 | R   276.28 | 배송 21/50 | 미활동 0 | 2홉+ 0.13 | 도달  678 | 차단    1
Ep 1179 | Step 1000 | R   255.78 | 배송 20/50 | 미활동 0 | 2홉+ 0.31 | 도달  749 | 차단  217
Ep 1180 | Step 1000 | R   124.00 | 배송 13/50 | 미활동 0 | 2홉+ 0.27 | 도달  809 | 차단   46
Ep 1181 | Step 1000 | R    83.29 | 배송 13/50 | 미활동 0 | 2홉+ 0.11 | 도달  584 | 차단  508
Ep 1182 | Step 1000 | R    98.98 | 배송 13/50 | 미활동 0 | 2홉+ 0.37 | 도달  967 | 차단  942
Ep 1183 | Step 1000 | R   142.70 | 배송 16/50 | 미활동 0 | 2홉+ 0.18 | 도달  833 | 차단  179
Ep 1184 | Step 1000 | R   109.24 | 배송 13/50 | 미활동 0 | 2홉+ 0.28 | 도달  895 | 차단  462
Ep 1185 | Step 1000 | R   141.30 | 배송 16/50 | 미활동 0 | 2홉+ 0.26 | 도달  775 | 차단   46
Ep 1186 | Step 1000 | R   143.48 | 배송 13/50 | 미활동 0 | 2홉+ 0.24 | 도달  678 | 차단  550
Ep 1187 | Step 1000 | R   211.04 | 배송 19/50 | 미활동 0 | 2홉+ 0.13 | 도달  633 | 차단   18
Ep 1188 | Step 1000 | R   158.34 | 배송 14/50 | 미활동 0 | 2홉+ 0.20 | 도달  709 | 차단   38
Ep 1189 | Step 1000 | R   104.82 | 배송 13/50 | 미활동 0 | 2홉+ 0.12 | 도달  555 | 차단   19
Ep 1190 | Step 1000 | R    93.53 | 배송 13/50 | 미활동 0 | 2홉+ 0.33 | 도달  775 | 차단    0
Ep 1191 | Step 1000 | R   129.79 | 배송 12/50 | 미활동 1 | 2홉+ 0.27 | 도달  696 | 차단   43
Ep 1192 | Step 1000 | R   143.62 | 배송 13/50 | 미활동 0 | 2홉+ 0.07 | 도달  552 | 차단    0
Ep 1193 | Step 1000 | R   206.78 | 배송 19/50 | 미활동 1 | 2홉+ 0.19 | 도달  639 | 차단  113
Ep 1194 | Step 1000 | R   125.21 | 배송 15/50 | 미활동 0 | 2홉+ 0.22 | 도달  607 | 차단  104
Ep 1195 | Step 1000 | R   194.87 | 배송 15/50 | 미활동 0 | 2홉+ 0.19 | 도달  615 | 차단  243
Ep 1196 | Step 1000 | R   160.16 | 배송 16/50 | 미활동 0 | 2홉+ 0.12 | 도달  660 | 차단  194
Ep 1197 | Step 1000 | R    81.29 | 배송 12/50 | 미활동 0 | 2홉+ 0.42 | 도달  766 | 차단  670
Ep 1198 | Step 1000 | R    66.34 | 배송 10/50 | 미활동 1 | 2홉+ 0.25 | 도달  850 | 차단  478
Ep 1199 | Step 1000 | R   177.77 | 배송 16/50 | 미활동 0 | 2홉+ 0.22 | 도달  695 | 차단   60
Ep 1200 | Step 1000 | R   127.91 | 배송 12/50 | 미활동 0 | 2홉+ 0.08 | 도달  653 | 차단   42
  [홀드아웃] 배송 13.0±2.6 미활동 0.17 2홉+ 0.39 도달 698 | 최고 16.3@ep450 | 정체 15/15

조기 종료: 15회 연속 개선 없음. 최고 정책은 ep450 (홀드아웃 배송 16.3/50), /home/kopt/drone/weights/v2_26_08_25_14_base/best_actor.pth
Training finished. best=16.3 @ ep450
