episode,n_drones,n_dests,steps,team_reward,delivered,makespan,reloads,hop2plus,max_reach,stall_ratio,max_stall_run,term_reason,relay_frac,wall_sec
1,5,43,928,441.507,43,928,7,0.5569,844.1,0.2712,21,complete,0.1056,5.2
2,4,74,1000,781.788,62,,12,0.312,506.9,0.2951,48,step_limit,0.075,11.4
3,5,43,1000,390.016,40,,6,0.358,548.1,0.1953,16,step_limit,0.0636,17.3
4,4,23,1000,57.68,19,,2,0.6552,923.9,0.295,46,step_limit,0.1286,22.6
5,4,31,738,322.19,31,738,5,0.5278,816.0,0.2217,19,complete,0.1901,40.8
6,3,68,1000,552.681,50,,8,0.424,743.8,0.4911,157,step_limit,0.2068,96.0
7,6,44,439,561.015,44,439,8,0.5767,834.0,0.2066,4,complete,0.2542,120.8
8,6,30,207,294.093,30,207,2,0.624,778.5,0.1254,4,complete,0.2391,133.2
9,6,42,380,490.805,42,380,6,0.6373,831.2,0.1786,5,complete,0.2452,155.7
10,6,47,402,531.867,47,402,6,0.5547,855.8,0.2946,9,complete,0.2115,180.6
11,5,21,276,170.295,21,276,1,0.5101,584.1,0.3425,10,complete,0.1371,196.4
12,3,37,664,439.094,37,664,5,0.4709,743.6,0.4351,66,complete,0.1602,233.9
13,6,28,255,332.243,28,255,4,0.4497,625.5,0.095,3,complete,0.1923,249.2
14,3,41,858,295.995,30,,4,0.5598,769.9,0.7363,496,no_progress,0.3458,295.0
15,3,66,855,344.424,36,,5,0.5255,614.3,0.7348,552,no_progress,0.2683,342.5
16,4,71,977,928.805,71,977,13,0.5279,841.6,0.2119,12,complete,0.2842,398.6
17,4,24,424,226.557,24,424,2,0.6374,1046.8,0.268,9,complete,0.3316,422.1
18,5,49,441,628.481,49,441,8,0.5483,735.6,0.1124,3,complete,0.2471,449.7
19,6,34,723,367.826,34,723,5,0.7183,854.1,0.6428,307,complete,0.3173,489.6
20,3,48,1000,528.104,44,,8,0.3843,740.0,0.4012,107,step_limit,0.2799,543.8
21,4,63,1000,676.031,59,,10,0.5515,832.9,0.4076,104,step_limit,0.2598,600.2
22,6,46,684,457.569,46,684,7,0.71,792.1,0.5348,51,complete,0.2333,638.1
23,3,44,774,512.114,44,774,6,0.5401,780.6,0.2533,21,complete,0.272,682.4
24,5,41,439,489.379,41,439,6,0.5877,846.3,0.2068,10,complete,0.2385,708.0
25,5,38,772,381.466,38,772,5,0.6301,877.7,0.5538,27,complete,0.2424,751.0
26,5,77,1000,870.724,73,,12,0.6612,793.1,0.4596,76,step_limit,0.2549,806.1
27,3,41,1000,405.666,40,,5,0.5437,779.6,0.4315,62,step_limit,0.2688,857.7
28,5,52,793,645.244,52,793,10,0.6595,1011.2,0.3222,19,complete,0.2904,902.9
29,5,72,816,882.79,72,816,12,0.6674,951.5,0.2261,11,complete,0.3072,951.5
30,5,61,997,715.83,61,997,11,0.679,989.0,0.2549,29,complete,0.3568,1007.5
31,5,45,463,566.294,45,463,7,0.5814,958.7,0.2424,4,complete,0.1707,1033.8
32,3,68,1000,743.719,60,,10,0.5047,764.8,0.3139,63,step_limit,0.2185,1091.4
33,3,35,923,378.636,35,923,5,0.455,705.4,0.4589,147,complete,0.2588,1140.6
34,3,24,442,275.261,24,442,3,0.5053,642.3,0.2451,30,complete,0.2222,1167.5
35,3,58,996,740.563,58,996,10,0.49,773.5,0.3267,59,complete,0.2493,1225.6
36,4,64,898,799.283,64,898,11,0.5857,945.8,0.2613,20,complete,0.278,1280.5
37,6,58,627,697.125,58,627,10,0.7026,1180.1,0.2077,12,complete,0.3123,1317.9
38,3,77,1000,354.175,40,,6,0.5467,771.4,0.6267,166,step_limit,0.2517,1373.2
39,3,28,814,277.848,28,814,4,0.5786,783.3,0.4575,237,complete,0.3074,1416.9
40,3,37,793,456.396,37,793,7,0.4145,701.2,0.3773,88,complete,0.2078,1459.2
41,5,59,661,763.95,59,661,11,0.4254,629.7,0.424,20,complete,0.1392,1497.6
42,6,58,565,705.497,58,565,9,0.6891,997.1,0.251,14,complete,0.2965,1530.9
43,6,20,296,148.53,20,296,1,0.6627,902.0,0.3586,25,complete,0.1886,1546.9
44,6,30,260,311.967,30,260,3,0.4885,662.2,0.2346,7,complete,0.1497,1561.9
45,6,39,376,496.014,39,376,7,0.6037,838.1,0.148,3,complete,0.2511,1584.0
46,6,32,314,412.941,32,314,6,0.5111,823.3,0.125,2,complete,0.1758,1602.3
47,5,35,400,409.329,35,400,5,0.6215,884.3,0.1902,8,complete,0.2,1625.6
48,5,39,527,406.804,39,527,5,0.6873,1052.8,0.3887,10,complete,0.2369,1655.4
49,5,47,643,555.765,47,643,8,0.5198,836.6,0.4046,25,complete,0.2386,1690.0
50,4,72,1000,731.917,62,,11,0.4365,696.4,0.495,120,step_limit,0.2109,1741.6
51,4,71,1000,580.68,52,,9,0.329,616.2,0.6652,206,step_limit,0.1667,1956.4
52,4,45,457,566.702,45,457,7,0.4759,620.1,0.1312,9,complete,0.1354,1976.4
53,6,64,475,873.144,64,475,12,0.4267,570.0,0.2269,6,complete,0.13,1996.6
54,5,24,533,171.058,24,533,2,0.7482,1075.0,0.4745,64,complete,0.322,2021.0
55,6,60,620,725.88,60,620,10,0.6543,1018.0,0.1365,4,complete,0.234,2051.9
56,6,20,190,143.1,20,190,0,0.7351,816.9,0.0836,0,complete,0.1961,2061.9
57,5,61,722,754.802,61,722,10,0.5795,825.5,0.3323,20,complete,0.2036,2103.0
58,5,77,885,998.737,77,885,14,0.5216,798.6,0.372,62,complete,0.1822,2152.3
59,5,40,769,410.05,40,769,6,0.6895,1078.1,0.3434,33,complete,0.3393,2193.1
60,3,76,1000,667.146,56,,10,0.4497,683.3,0.4095,69,step_limit,0.204,2248.4
61,5,66,683,829.077,66,683,11,0.583,944.3,0.2264,12,complete,0.2435,2288.4
62,5,43,367,526.301,43,367,6,0.5678,840.5,0.1213,6,complete,0.1556,2310.0
63,5,57,619,688.901,57,619,9,0.5561,794.5,0.1697,14,complete,0.1608,2344.8
64,3,52,1000,549.994,46,,8,0.5177,768.6,0.3944,111,step_limit,0.2421,2399.6
65,5,42,476,533.045,42,476,7,0.4798,823.0,0.1007,3,complete,0.1343,2427.1
66,4,41,715,506.229,41,715,7,0.558,898.7,0.3048,9,complete,0.2654,2466.6
67,5,23,260,237.261,23,260,2,0.3946,748.8,0.1069,3,complete,0.1,2481.0
68,5,77,680,1002.214,77,680,13,0.4726,681.3,0.1998,17,complete,0.114,2520.7
69,4,48,786,615.714,48,786,9,0.4224,609.0,0.3925,57,complete,0.1474,2563.8
70,3,69,1000,450.234,41,,8,0.4183,683.1,0.4954,162,step_limit,0.2476,2619.4
71,5,34,394,392.682,34,394,5,0.4335,648.1,0.2509,20,complete,0.1055,2641.8
72,5,61,1000,498.044,54,,8,0.694,1102.5,0.4835,57,step_limit,0.2691,2698.0
73,6,50,518,552.9,50,518,7,0.6499,985.3,0.2493,6,complete,0.2554,2728.5
74,4,70,1000,562.453,55,,8,0.5212,759.2,0.5106,38,step_limit,0.1957,2783.5
75,6,21,194,185.827,21,194,1,0.5747,754.7,0.1923,3,complete,0.1713,2794.7
76,3,49,1000,413.637,39,,7,0.4823,707.8,0.4065,58,step_limit,0.2401,2849.0
77,4,67,1000,516.558,53,,8,0.6342,877.1,0.3944,45,step_limit,0.2656,2904.2
78,3,34,1000,283.772,31,,4,0.405,632.2,0.453,56,step_limit,0.1725,2959.0
79,5,31,479,286.566,31,479,3,0.648,838.4,0.3346,23,complete,0.2032,2986.4
80,3,44,1000,531.261,43,,8,0.5283,743.7,0.3854,57,step_limit,0.2336,3041.6
81,6,71,773,908.721,71,773,13,0.6833,1009.8,0.2575,10,complete,0.2293,3086.0
82,4,59,946,709.814,59,946,10,0.5029,689.6,0.4506,45,complete,0.1746,3138.0
83,6,21,183,159.696,21,183,0,0.3962,641.4,0.0924,3,complete,0.0679,3148.2
84,4,41,882,464.661,41,882,7,0.4909,933.1,0.221,39,complete,0.2214,3196.7
85,5,38,556,438.003,38,556,6,0.6817,1050.6,0.2852,12,complete,0.2078,3229.4
86,5,64,687,818.025,64,687,11,0.5301,779.7,0.2546,11,complete,0.156,3267.8
87,5,24,393,277.975,24,393,4,0.6387,950.4,0.2196,3,complete,0.2222,3289.0
88,5,66,896,834.814,66,896,12,0.5031,801.4,0.3458,22,complete,0.1918,3338.7
89,6,20,311,157.79,20,311,1,0.7154,825.8,0.2928,3,complete,0.122,3355.7
90,6,37,271,448.367,37,271,5,0.4207,657.4,0.0271,1,complete,0.0648,3372.1
91,4,60,1000,660.05,57,,10,0.5433,818.4,0.3397,22,step_limit,0.2125,3428.0
92,3,37,1000,345.322,35,,5,0.5507,772.8,0.437,47,step_limit,0.2926,3481.1
93,4,27,582,288.49,27,582,4,0.5438,704.9,0.3276,35,complete,0.1917,3511.9
94,4,76,1000,785.633,67,,11,0.4908,813.1,0.3061,69,step_limit,0.1578,3567.1
95,5,30,351,377.067,30,351,5,0.4655,787.4,0.143,6,complete,0.0863,3586.5
96,6,34,348,395.332,34,348,5,0.6461,1030.1,0.1782,5,complete,0.2068,3607.2
97,5,35,472,367.8,35,472,4,0.6415,946.9,0.3005,10,complete,0.1857,3634.3
98,5,39,506,469.418,39,506,6,0.4581,689.7,0.0825,10,complete,0.1048,3662.1
99,5,69,1000,675.357,61,,11,0.6792,1025.0,0.3081,17,step_limit,0.2508,3720.1
100,6,80,603,1010.04,80,603,13,0.5199,740.0,0.2188,8,complete,0.1172,3752.6
101,3,62,1000,719.084,58,,10,0.4067,710.8,0.2547,33,step_limit,0.1667,4029.9
102,4,30,539,322.473,30,539,4,0.3553,656.1,0.2284,20,complete,0.1078,4051.0
103,5,75,1000,825.453,69,,12,0.5486,788.2,0.3763,19,step_limit,0.1488,4092.9
104,4,39,1000,356.031,37,,5,0.5847,753.6,0.5114,120,step_limit,0.1694,4131.7
105,5,24,382,263.046,24,382,3,0.578,857.5,0.208,11,complete,0.1391,4147.3
106,5,73,807,901.451,73,807,12,0.6002,947.3,0.2909,12,complete,0.1669,4187.0
107,5,25,323,266.27,25,323,3,0.6056,792.1,0.2787,14,complete,0.1571,4205.4
108,3,69,1000,702.526,57,,10,0.479,766.6,0.2595,57,step_limit,0.1939,4261.0
109,4,25,442,258.256,25,442,3,0.4859,722.9,0.3469,19,complete,0.13,4286.8
110,3,26,854,271.457,26,854,4,0.555,788.4,0.4152,69,complete,0.2685,4332.4
111,3,21,836,207.387,21,836,3,0.5658,755.1,0.4469,128,complete,0.1882,4377.1
112,6,31,316,350.537,31,316,4,0.4124,648.8,0.2407,8,complete,0.1206,4395.3
113,4,57,1000,439.849,47,,7,0.5913,879.6,0.4857,101,step_limit,0.2881,4449.3
114,6,64,646,777.187,64,646,11,0.654,946.2,0.2822,11,complete,0.2099,4487.5
115,5,57,767,687.782,57,767,9,0.6029,904.4,0.3762,40,complete,0.1714,4530.2
116,3,78,1000,544.19,51,,8,0.43,712.4,0.3297,103,step_limit,0.1763,4585.3
117,6,76,960,894.968,76,960,13,0.6988,1133.6,0.3135,12,complete,0.2593,4639.9
118,3,59,1000,640.837,53,,9,0.419,713.2,0.3574,45,step_limit,0.1807,4694.7
119,4,73,1000,721.028,60,,11,0.5643,877.9,0.3803,85,step_limit,0.2034,4750.3
120,4,68,895,840.929,68,895,11,0.5821,890.0,0.235,12,complete,0.2,4800.4
121,6,59,646,711.894,59,646,10,0.6525,953.9,0.3216,11,complete,0.2041,4837.5
122,6,55,462,663.109,55,462,8,0.5942,848.7,0.133,3,complete,0.1275,4865.7
123,4,22,296,224.033,22,296,2,0.5372,621.9,0.2421,19,complete,0.1014,4882.3
124,3,57,1000,708.679,56,,10,0.3957,648.2,0.2701,60,step_limit,0.1836,4937.0
125,3,29,796,301.017,29,796,4,0.4045,750.1,0.2835,58,complete,0.2055,4981.1
126,6,80,551,1054.435,80,551,14,0.5883,877.6,0.1304,5,complete,0.133,5013.6
127,6,23,262,146.115,23,262,0,0.6317,836.1,0.2052,2,complete,0.181,5027.9
128,4,75,1000,768.784,65,,11,0.6162,878.6,0.351,39,step_limit,0.2381,5083.2
129,5,31,631,332.031,31,631,5,0.6653,1173.2,0.3975,13,complete,0.2576,5118.3
130,5,26,301,282.912,26,301,3,0.4319,577.3,0.2173,9,complete,0.1,5136.1
131,6,57,608,676.836,57,608,9,0.5192,718.7,0.3085,10,complete,0.1276,5170.8
132,4,51,1000,383.639,42,,6,0.6593,1053.6,0.5443,133,step_limit,0.2755,5225.0
133,6,36,383,411.259,36,383,5,0.6641,1012.2,0.2252,9,complete,0.1958,5247.3
134,5,49,727,558.405,49,727,7,0.6575,922.4,0.4208,41,complete,0.1798,5287.6
135,4,56,1000,593.796,52,,9,0.6252,875.4,0.3966,33,step_limit,0.2222,5343.9
136,3,38,1000,241.097,31,,4,0.462,726.7,0.446,115,step_limit,0.2637,5399.3
137,6,37,365,425.024,37,365,5,0.4753,679.4,0.1215,6,complete,0.1178,5420.9
138,5,68,905,824.096,68,905,12,0.621,809.9,0.3343,19,complete,0.1902,5472.0
139,3,63,1000,750.724,61,,10,0.3597,655.9,0.2645,38,step_limit,0.1389,5528.8
140,6,64,486,838.815,64,486,11,0.5628,847.9,0.1694,6,complete,0.1279,5556.8
141,4,48,871,592.068,48,871,9,0.4716,707.5,0.3983,53,complete,0.17,5604.8
142,5,69,669,891.449,69,669,12,0.545,750.4,0.1746,16,complete,0.1165,5643.8
143,3,58,1000,675.753,56,,9,0.4297,707.7,0.2618,42,step_limit,0.1909,5698.9
144,6,55,565,704.998,55,565,10,0.5971,916.5,0.2504,10,complete,0.1741,5733.6
145,3,39,899,443.925,39,899,6,0.5484,785.6,0.307,33,complete,0.249,5785.6
146,3,60,1000,760.865,59,,10,0.3937,521.1,0.3041,114,step_limit,0.1377,5841.6
147,4,44,741,525.242,44,741,7,0.4642,651.0,0.425,77,complete,0.1304,5882.9
148,6,50,605,588.748,50,605,8,0.6518,906.4,0.3642,10,complete,0.1479,5917.9
149,3,36,738,478.521,36,738,7,0.449,665.6,0.183,30,complete,0.1523,5958.3
150,5,78,807,983.035,78,807,13,0.5564,880.8,0.271,15,complete,0.2119,6001.9
151,4,64,724,811.284,64,724,10,0.3698,593.6,0.1727,28,complete,0.1075,6281.2
152,6,21,150,168.733,21,150,0,0.3978,647.9,0.0757,0,complete,0.0577,6288.3
153,5,76,938,973.337,76,938,14,0.6335,867.1,0.2312,7,complete,0.1696,6326.0
154,3,40,817,492.73,40,817,7,0.4684,730.0,0.3074,47,complete,0.1825,6357.1
155,4,64,698,837.855,64,698,11,0.4824,742.9,0.165,21,complete,0.1226,6385.4
156,5,50,799,564.33,50,799,8,0.6616,957.8,0.3219,15,complete,0.2121,6416.9
157,3,56,1000,712.514,55,,10,0.434,690.8,0.3451,45,step_limit,0.1504,6459.7
158,6,67,706,807.816,67,706,11,0.6591,963.4,0.3612,12,complete,0.1563,6499.5
159,5,78,742,1006.221,78,742,13,0.4515,652.7,0.2638,13,complete,0.1091,6540.7
160,5,23,414,228.93,23,414,3,0.6502,881.9,0.2153,11,complete,0.2255,6563.5
161,6,73,719,926.233,73,719,13,0.6627,975.8,0.2646,7,complete,0.1917,6604.4
162,4,49,592,594.112,49,592,7,0.3716,708.9,0.2539,28,complete,0.1154,6637.2
163,5,36,588,384.503,36,588,5,0.5415,707.9,0.2935,12,complete,0.1765,6669.7
164,5,54,541,652.126,54,541,8,0.4514,699.6,0.2924,18,complete,0.0889,6700.8
165,6,47,411,481.642,47,411,5,0.6533,858.1,0.2981,8,complete,0.149,6723.7
166,5,63,825,735.75,63,825,10,0.5646,833.9,0.3368,11,complete,0.1964,6768.6
167,5,38,492,447.663,38,492,6,0.6041,825.2,0.2599,11,complete,0.1886,6795.8
168,5,44,923,497.066,44,923,7,0.6973,1018.1,0.4454,44,complete,0.1792,6848.0
169,5,45,705,492.761,45,705,7,0.6428,928.5,0.3443,10,complete,0.2111,6888.4
170,4,78,1000,967.918,75,,13,0.4993,856.7,0.3216,15,step_limit,0.1791,6947.0
171,5,34,594,362.653,34,594,5,0.6879,915.4,0.4132,11,complete,0.206,6980.0
172,4,48,694,569.04,48,694,7,0.4935,748.5,0.2183,18,complete,0.1658,7019.0
173,4,64,1000,546.913,51,,9,0.6085,864.9,0.3757,50,step_limit,0.2366,7075.3
174,5,38,454,458.997,38,454,6,0.4048,670.9,0.3112,14,complete,0.1111,7101.2
175,4,56,870,664.536,56,870,9,0.5463,832.3,0.333,23,complete,0.1776,7150.1
176,3,68,1000,646.701,56,,9,0.49,778.1,0.229,22,step_limit,0.2222,7203.4
177,5,74,714,939.705,74,714,12,0.5796,918.3,0.2157,6,complete,0.1482,7244.4
178,5,37,483,406.174,37,483,5,0.5772,924.8,0.2448,7,complete,0.1656,7271.1
179,6,48,753,539.462,48,753,8,0.6833,914.2,0.4453,71,complete,0.1773,7313.5
180,4,61,994,735.522,61,994,11,0.5677,880.8,0.3969,43,complete,0.1972,7370.4
181,3,80,1000,636.3,57,,9,0.48,788.7,0.3679,98,step_limit,0.2427,7425.3
182,5,31,474,322.623,31,474,4,0.7152,831.7,0.2429,7,complete,0.2036,7451.5
183,4,53,722,671.392,53,722,9,0.5724,956.2,0.234,28,complete,0.1694,7491.5
184,4,64,1000,621.041,54,,10,0.5607,816.1,0.3213,41,step_limit,0.2353,7546.5
185,3,49,978,639.558,49,978,9,0.396,690.3,0.2616,62,complete,0.165,7600.9
186,5,47,674,520.768,47,674,7,0.6353,857.3,0.3369,14,complete,0.1802,7639.3
187,5,59,951,697.535,59,951,10,0.6791,1069.6,0.3091,17,complete,0.259,7696.1
188,3,33,785,378.526,33,785,5,0.4955,748.1,0.1589,28,complete,0.2521,7739.5
189,6,35,300,415.2,35,300,5,0.495,706.8,0.0859,11,complete,0.1007,7757.8
190,3,30,628,336.197,30,628,4,0.5133,755.3,0.3048,53,complete,0.1927,7793.7
191,4,70,992,908.023,70,992,12,0.6026,927.9,0.3764,35,complete,0.2093,7848.8
192,5,36,364,425.106,36,364,5,0.4852,764.3,0.1373,7,complete,0.0909,7869.9
193,3,54,1000,595.947,47,,9,0.5313,753.7,0.3549,58,step_limit,0.1895,7924.0
194,4,76,1000,861.261,71,,12,0.5543,932.3,0.2548,25,step_limit,0.2146,7979.3
195,5,74,1000,757.605,65,,12,0.6844,1014.5,0.3256,27,step_limit,0.2464,8036.0
196,6,70,663,848.969,70,663,11,0.6624,1033.5,0.271,7,complete,0.1464,8075.4
197,4,34,959,376.587,34,959,6,0.5631,859.9,0.3619,30,complete,0.2035,8126.3
198,3,33,804,421.762,33,804,6,0.5211,790.1,0.3019,45,complete,0.2583,8168.6
199,6,46,415,531.683,46,415,6,0.5884,804.8,0.2934,6,complete,0.0934,8192.9
200,6,42,432,517.637,42,432,7,0.4738,617.6,0.1898,6,complete,0.088,8217.8
201,6,51,519,619.535,51,519,8,0.5318,799.4,0.3004,37,complete,0.1111,8496.3
202,5,32,592,337.869,32,592,5,0.6794,1026.9,0.3212,11,complete,0.2375,8514.7
203,5,30,482,274.6,30,482,3,0.6793,1047.2,0.2729,11,complete,0.2345,8533.6
204,6,73,742,888.242,73,742,12,0.6325,913.5,0.2391,10,complete,0.1653,8565.8
205,3,44,867,536.99,44,867,7,0.4983,729.7,0.3662,84,complete,0.1884,8599.5
206,3,26,717,257.225,26,717,3,0.4338,712.7,0.3851,131,complete,0.2525,8628.8
207,5,40,890,449.2,40,890,7,0.5809,865.6,0.3823,31,complete,0.1871,8663.5
208,6,35,385,396.609,35,385,5,0.655,897.3,0.2019,3,complete,0.175,8680.3
209,6,75,630,962.224,75,630,13,0.4249,627.6,0.2798,15,complete,0.0818,8707.0
210,6,56,857,629.337,56,857,10,0.6595,924.9,0.3258,11,complete,0.1604,8752.4
211,3,26,515,313.423,26,515,4,0.5256,779.1,0.3158,28,complete,0.1195,8779.9
212,3,58,1000,690.974,53,,10,0.3903,623.9,0.3062,66,step_limit,0.1504,8834.9
213,3,44,1000,450.575,39,,7,0.51,774.4,0.4136,68,step_limit,0.2708,8887.7
214,3,56,1000,526.315,45,,8,0.2637,553.7,0.2544,43,step_limit,0.1145,8941.0
215,4,64,972,818.661,64,972,11,0.573,793.3,0.3618,35,complete,0.1822,8996.3
216,5,40,469,468.4,40,469,6,0.597,896.3,0.2309,6,complete,0.191,9023.8
217,6,41,333,497.644,41,333,6,0.4389,615.5,0.1303,3,complete,0.086,9044.4
218,3,31,709,355.643,31,709,5,0.5035,758.0,0.2194,42,complete,0.2237,9082.5
219,4,80,1000,946.621,74,,13,0.5285,837.2,0.3209,61,step_limit,0.1629,9139.6
220,4,53,820,624.951,53,820,8,0.5506,837.6,0.3318,33,complete,0.1959,9184.1
221,6,72,503,909.801,72,503,11,0.5126,768.5,0.1607,3,complete,0.0904,9214.3
222,3,27,686,326.657,27,686,5,0.5204,775.2,0.2187,26,complete,0.2374,9250.5
223,6,22,236,215.304,22,236,2,0.5523,840.9,0.1015,1,complete,0.1786,9264.3
224,4,62,1000,795.742,60,,12,0.5633,787.8,0.3164,33,step_limit,0.1739,9319.7
225,5,58,763,711.781,58,763,10,0.4503,744.3,0.2627,11,complete,0.1078,9361.7
226,6,37,430,402.595,37,430,5,0.6566,958.9,0.2293,8,complete,0.1913,9386.0
227,3,49,1000,486.35,45,,7,0.4523,722.1,0.359,44,step_limit,0.21,9440.2
228,5,72,625,968.722,72,625,13,0.5024,663.1,0.1243,8,complete,0.0913,9476.8
229,3,77,1000,638.747,55,,9,0.5263,732.9,0.3776,174,step_limit,0.2037,9532.4
230,6,53,361,596.929,53,361,6,0.5166,658.5,0.1412,6,complete,0.0882,9553.9
231,5,56,1000,621.982,54,,10,0.7138,1069.7,0.3653,68,step_limit,0.2951,9609.7
232,3,28,673,340.096,28,673,5,0.4889,789.7,0.2848,53,complete,0.2705,9646.6
233,5,40,548,456.487,40,548,6,0.712,1029.4,0.2024,10,complete,0.2055,9678.0
234,5,29,374,303.731,29,374,3,0.6134,823.2,0.2103,15,complete,0.1442,9698.8
235,6,69,677,826.545,69,677,11,0.6164,855.4,0.2825,11,complete,0.1529,9738.6
236,4,30,849,329.613,30,849,5,0.6511,1050.3,0.4643,50,complete,0.2233,9783.9
237,5,24,389,212.654,24,389,2,0.655,863.2,0.3921,16,complete,0.2304,9805.7
238,5,21,271,202.117,21,271,2,0.5697,882.1,0.0872,3,complete,0.1486,9821.0
239,5,60,1000,579.142,54,,9,0.6818,887.4,0.4553,17,step_limit,0.1981,9876.4
240,6,58,469,713.45,58,469,9,0.6144,842.4,0.1548,6,complete,0.1395,9905.3
241,3,26,512,282.475,26,512,3,0.3027,591.7,0.193,21,complete,0.1071,9933.7
242,4,43,633,532.294,43,633,7,0.5825,947.5,0.2587,14,complete,0.1519,9970.1
243,5,55,903,668.995,55,903,10,0.6377,938.6,0.3342,13,complete,0.1748,10020.0
244,6,48,385,547.35,48,385,6,0.4797,702.5,0.0893,8,complete,0.0783,10042.1
245,6,67,532,816.579,67,532,10,0.5708,906.5,0.1841,9,complete,0.1463,10074.3
246,4,65,1000,758.945,60,,11,0.6142,915.0,0.4369,70,step_limit,0.1517,10129.1
247,6,49,439,555.929,49,439,7,0.6105,879.4,0.1679,9,complete,0.1419,10155.2
248,3,41,1000,351.252,35,,6,0.4177,675.7,0.3308,44,step_limit,0.2527,10206.8
249,5,26,243,320.119,26,243,4,0.386,600.5,0.0543,5,complete,0.0864,10220.8
250,5,43,530,500.488,43,530,6,0.5758,785.8,0.1801,19,complete,0.1342,10250.1
251,5,71,744,941.483,71,744,13,0.5745,866.4,0.2508,5,complete,0.1481,10579.7
252,3,48,1000,509.437,45,,7,0.5623,786.5,0.2948,39,step_limit,0.246,10626.3
253,4,30,501,331.047,30,501,4,0.5758,765.2,0.2234,11,complete,0.136,10647.6
254,5,26,448,251.908,26,448,3,0.6576,857.0,0.2674,19,complete,0.2667,10665.3
255,6,69,694,828.548,69,694,11,0.5324,806.6,0.2584,7,complete,0.1576,10693.3
256,6,33,448,329.405,33,448,4,0.7325,1028.7,0.2331,3,complete,0.2098,10710.8
257,4,55,1000,341.914,40,,6,0.5982,858.4,0.4826,143,step_limit,0.2283,10749.8
258,5,36,539,352.828,36,539,4,0.6683,1078.3,0.2167,7,complete,0.2,10770.9
259,4,79,1000,831.176,70,,11,0.4935,777.3,0.3629,85,step_limit,0.1646,10811.3
260,3,41,791,510.726,41,791,7,0.4092,694.8,0.1992,36,complete,0.1569,10842.3
261,6,21,257,125.285,21,257,0,0.7445,948.3,0.2998,8,complete,0.2381,10853.2
262,3,43,845,526.087,43,845,7,0.5053,756.7,0.38,112,complete,0.161,10885.5
263,5,21,312,193.376,21,312,2,0.6045,862.7,0.2167,5,complete,0.1846,10898.2
264,6,50,767,577.58,50,767,8,0.7049,1109.7,0.3671,53,complete,0.2609,10932.9
265,3,35,928,336.877,35,928,5,0.5417,777.8,0.3145,23,complete,0.3,10984.2
266,4,54,767,667.827,54,767,9,0.529,804.1,0.2002,19,complete,0.1596,11030.4
267,5,46,436,565.461,46,436,7,0.5096,682.8,0.1337,10,complete,0.1043,11055.4
268,3,33,814,375.832,33,814,5,0.579,782.7,0.4597,108,complete,0.1549,11098.9
269,3,42,1000,443.386,40,,6,0.4637,712.3,0.3495,54,step_limit,0.1773,11153.8
270,4,45,835,552.422,45,835,8,0.5793,947.5,0.2661,14,complete,0.25,11201.7
271,5,37,701,382.045,37,701,5,0.6725,904.3,0.3038,16,complete,0.2049,11240.5
272,3,47,1000,548.989,46,,8,0.4217,720.8,0.2582,37,step_limit,0.1942,11295.0
273,6,76,474,971.942,76,474,12,0.5207,787.0,0.0673,4,complete,0.0962,11323.2
274,6,29,558,233.851,29,558,3,0.727,998.9,0.2796,16,complete,0.2436,11353.2
275,4,78,1000,891.587,71,,13,0.5853,818.6,0.3096,83,step_limit,0.2064,11409.3
276,5,49,509,615.958,49,509,8,0.5407,726.6,0.2159,10,complete,0.128,11441.4
277,3,67,1000,554.672,50,,8,0.4363,765.1,0.3303,54,step_limit,0.2049,11495.7
278,4,30,650,346.653,30,650,5,0.6496,1063.6,0.4024,19,complete,0.1856,11530.8
279,6,44,430,534.532,44,430,7,0.5764,759.5,0.1787,8,complete,0.1088,11555.3
280,4,32,600,386.919,32,600,6,0.5763,932.3,0.3429,23,complete,0.1758,11590.3
281,4,36,751,360.871,36,751,5,0.5549,773.7,0.2352,53,complete,0.2204,11632.4
282,4,56,852,688.434,56,852,9,0.5167,699.4,0.2633,14,complete,0.1515,11679.5
283,4,75,959,972.525,75,959,13,0.396,714.3,0.2572,57,complete,0.1109,11733.8
284,5,21,236,215.057,21,236,2,0.4907,696.0,0.1775,7,complete,0.1385,11747.5
285,6,72,495,864.919,72,495,10,0.5997,811.2,0.1892,7,complete,0.1228,11777.1
286,6,78,610,1041.546,78,610,14,0.521,750.7,0.2061,10,complete,0.1131,11813.2
287,3,39,816,428.335,39,816,5,0.4342,664.2,0.3164,73,complete,0.161,11857.2
288,4,39,475,516.421,39,475,7,0.4974,765.9,0.236,16,complete,0.1324,11884.1
289,3,49,974,608.109,49,974,8,0.5462,780.1,0.3637,73,complete,0.198,11936.8
290,4,29,621,317.919,29,621,4,0.5849,984.7,0.3786,78,complete,0.25,11970.3
291,5,68,729,877.8,68,729,12,0.5695,775.2,0.2452,10,complete,0.1464,12010.4
292,3,69,1000,776.478,60,,11,0.4513,765.2,0.2147,30,step_limit,0.1944,12064.6
293,3,38,834,466.059,38,834,7,0.4305,679.0,0.2378,27,complete,0.2462,12110.1
294,5,41,680,466.5,41,680,7,0.5906,912.1,0.2364,10,complete,0.2222,12148.0
295,4,35,678,425.743,35,678,6,0.6143,883.3,0.4118,19,complete,0.2378,12186.6
296,6,49,391,622.128,49,391,8,0.558,788.8,0.1585,2,complete,0.1134,12209.9
297,4,78,1000,854.313,70,,12,0.4833,787.4,0.2958,26,step_limit,0.182,12264.4
298,4,73,1000,849.926,71,,11,0.5633,893.6,0.3142,42,step_limit,0.2173,12319.6
299,6,75,590,963.283,75,590,13,0.5096,754.0,0.1443,5,complete,0.1036,12353.7
300,4,39,646,491.175,39,646,7,0.5836,923.4,0.2962,17,complete,0.1786,12389.3
301,3,69,1000,747.402,61,,10,0.418,670.6,0.2947,48,step_limit,0.1523,12731.0
302,6,60,785,695.207,60,785,10,0.6616,940.7,0.3579,16,complete,0.1726,12769.0
303,4,74,1000,904.576,72,,12,0.5285,763.5,0.3376,24,step_limit,0.1442,12817.2
304,4,25,355,298.728,25,355,4,0.507,699.6,0.158,31,complete,0.12,12830.6
305,3,75,1000,594.794,51,,9,0.468,669.8,0.4082,79,step_limit,0.2051,12868.0
306,4,29,407,332.968,29,407,4,0.5627,923.8,0.2137,30,complete,0.1224,12884.8
307,6,29,211,282.595,29,211,2,0.5592,745.4,0.0861,1,complete,0.1111,12893.7
308,6,35,308,384.211,35,308,4,0.4978,562.9,0.1449,2,complete,0.0769,12908.8
309,5,37,485,412.682,37,485,5,0.6639,988.7,0.1749,9,complete,0.2152,12929.1
310,3,74,1000,732.757,58,,11,0.4607,694.7,0.2641,39,step_limit,0.1858,12973.3
311,6,42,502,428.318,42,502,5,0.673,944.4,0.3122,12,complete,0.1641,12994.3
312,6,73,894,891.73,73,894,13,0.706,1016.6,0.3018,31,complete,0.2158,13033.7
313,4,34,859,356.099,34,859,6,0.6051,921.9,0.362,34,complete,0.247,13072.0
314,3,26,611,295.012,26,611,4,0.5619,777.2,0.2623,29,complete,0.1944,13097.3
315,6,20,325,139.2,20,325,1,0.7513,965.3,0.3249,8,complete,0.2208,13111.4
316,5,24,313,208.829,24,313,2,0.4268,679.4,0.2861,18,complete,0.1455,13125.7
317,6,23,295,157.457,23,295,0,0.652,930.5,0.2054,4,complete,0.1792,13139.5
318,3,45,1000,506.984,44,,7,0.508,778.5,0.2535,37,step_limit,0.2032,13190.7
319,6,52,542,650.468,52,542,9,0.6288,1061.7,0.2386,8,complete,0.1321,13221.0
320,4,25,393,300.456,25,393,4,0.5038,703.4,0.182,10,complete,0.1383,13243.1
321,3,34,880,380.188,34,880,5,0.5057,783.9,0.349,42,complete,0.2103,13292.5
322,3,33,583,429.198,33,583,6,0.4031,765.9,0.2944,41,complete,0.1487,13323.7
323,3,35,1000,261.754,30,,5,0.3903,741.1,0.3841,122,step_limit,0.1829,13380.6
324,5,70,576,961.114,70,576,13,0.5073,842.6,0.1102,18,complete,0.1109,13415.5
325,3,43,837,534.281,43,837,7,0.4707,722.6,0.2929,79,complete,0.1959,13462.8
326,5,42,689,490.11,42,689,7,0.6891,1071.6,0.3194,10,complete,0.2187,13501.0
327,6,62,451,757.395,62,451,9,0.5813,871.5,0.1318,3,complete,0.1111,13529.3
328,3,53,927,666.445,53,927,9,0.4088,746.3,0.2011,39,complete,0.1587,13581.8
329,5,31,391,370.885,31,391,5,0.6363,889.9,0.2153,16,complete,0.1306,13602.6
330,4,65,885,852.471,65,885,12,0.5706,844.3,0.2175,18,complete,0.1958,13655.4
331,3,25,656,275.252,25,656,4,0.4075,618.6,0.2026,56,complete,0.1333,13693.0
332,3,79,1000,706.983,60,,10,0.427,692.0,0.2193,49,step_limit,0.2073,13749.0
333,4,37,930,415.508,37,930,6,0.6616,861.3,0.4036,32,complete,0.25,13800.7
334,3,72,1000,586.255,50,,9,0.256,547.6,0.426,52,step_limit,0.1405,13859.1
335,4,23,372,253.99,23,372,3,0.6391,869.3,0.3134,17,complete,0.1744,13880.3
336,4,57,1000,537.499,50,,8,0.6068,1025.7,0.3183,37,step_limit,0.2628,13935.4
337,4,76,1000,748.743,63,,11,0.6022,852.4,0.3611,62,step_limit,0.2049,13994.8
338,3,30,873,320.38,30,873,5,0.4857,798.6,0.3001,70,complete,0.2846,14041.4
339,5,73,595,951.586,73,595,12,0.4726,767.0,0.1703,10,complete,0.1156,14078.8
340,6,34,409,340.16,34,409,4,0.654,728.0,0.3237,10,complete,0.1441,14101.9
341,5,26,558,229.215,26,558,3,0.6892,1072.4,0.3497,16,complete,0.2138,14131.9
342,3,46,954,589.995,46,954,8,0.4644,728.6,0.4137,214,complete,0.1684,14184.3
343,3,50,1000,481.847,44,,7,0.4877,781.0,0.3748,34,step_limit,0.2343,14243.9
344,5,28,390,321.125,28,390,4,0.5595,676.5,0.1425,9,complete,0.1429,14266.3
345,5,61,767,733.601,61,767,10,0.6177,940.4,0.2409,10,complete,0.2039,14309.8
346,3,29,1000,247.559,27,,4,0.5683,771.8,0.4817,98,step_limit,0.3074,14363.4
347,3,42,1000,448.519,40,,7,0.4793,792.3,0.2776,54,step_limit,0.2525,14417.4
348,5,53,564,630.102,53,564,8,0.4387,687.1,0.1879,8,complete,0.1356,14449.8
349,4,62,1000,673.312,55,,11,0.619,909.2,0.3483,58,step_limit,0.2301,14507.7
350,4,79,1000,991.052,76,,14,0.4853,785.0,0.2774,15,step_limit,0.2107,14566.7
351,5,65,925,826.035,65,925,12,0.6229,1031.2,0.2748,13,complete,0.184,14901.1
352,5,36,360,391.333,36,360,4,0.6044,802.6,0.1854,10,complete,0.0945,14918.4
353,4,62,899,753.175,62,899,10,0.4099,559.4,0.3592,52,complete,0.135,14961.9
354,5,35,313,397.836,35,313,4,0.4249,731.3,0.2017,5,complete,0.0596,14978.3
355,4,24,487,251.812,24,487,3,0.3054,619.5,0.2082,20,complete,0.1122,15000.0
356,5,62,970,711.395,62,970,11,0.6082,1047.5,0.3255,26,complete,0.2667,15049.1
357,3,21,517,268.314,21,517,4,0.5461,782.1,0.2929,69,complete,0.2614,15072.8
358,5,26,533,245.062,26,533,3,0.6184,654.6,0.3547,37,complete,0.1509,15097.6
359,3,52,1000,572.953,49,,8,0.525,737.5,0.356,72,step_limit,0.2547,15137.7
360,6,52,469,625.298,52,469,8,0.6517,937.1,0.1622,3,complete,0.1645,15157.6
361,4,40,940,430.59,40,940,6,0.4976,785.9,0.3028,39,complete,0.1974,15196.4
362,6,52,698,584.412,52,698,8,0.7397,1104.3,0.3265,18,complete,0.2153,15236.5
363,6,64,674,732.635,64,674,10,0.6845,1057.5,0.3058,13,complete,0.1743,15266.9
364,3,64,1000,624.504,53,,9,0.4317,718.5,0.2518,70,step_limit,0.2529,15308.0
365,5,69,902,816.052,69,902,11,0.6169,924.7,0.3048,8,complete,0.2098,15351.6
366,6,61,658,716.671,61,658,9,0.5737,764.1,0.3461,31,complete,0.1076,15387.2
367,4,53,789,678.678,53,789,9,0.3875,578.3,0.187,14,complete,0.1359,15430.4
368,6,73,564,951.283,73,564,13,0.4347,589.0,0.1126,9,complete,0.095,15463.2
369,5,30,288,321.833,30,288,3,0.4611,702.9,0.125,7,complete,0.0698,15480.1
370,3,71,1000,902.72,70,,12,0.396,637.8,0.2201,28,step_limit,0.1789,15536.6
371,4,54,822,649.209,54,822,9,0.5271,760.4,0.2584,23,complete,0.1857,15581.4
372,6,80,575,1059.827,80,575,14,0.5835,802.4,0.0671,2,complete,0.1076,15616.3
373,3,41,816,495.347,41,816,7,0.4493,770.4,0.2596,52,complete,0.1473,15662.1
374,3,67,1000,748.925,61,,10,0.357,757.0,0.274,32,step_limit,0.1924,15719.8
375,4,62,1000,575.274,50,,10,0.5175,745.1,0.3601,72,step_limit,0.2225,15776.6
376,5,72,833,913.281,72,833,12,0.5909,938.9,0.2426,10,complete,0.1597,15822.3
377,6,63,635,763.808,63,635,10,0.6528,1032.9,0.2375,7,complete,0.1807,15858.8
378,5,74,837,932.049,74,837,13,0.4363,665.8,0.2344,16,complete,0.1413,15909.6
379,4,77,983,976.724,77,983,13,0.4596,762.2,0.2426,16,complete,0.1813,15964.4
380,4,73,1000,870.449,68,,13,0.3305,637.3,0.2414,24,step_limit,0.1345,16020.2
381,5,20,330,151.375,20,330,1,0.5061,607.1,0.3161,8,complete,0.1118,16037.7
382,3,75,1000,777.854,62,,11,0.455,771.1,0.2626,43,step_limit,0.2251,16093.9
383,4,52,956,616.106,52,956,9,0.5863,821.5,0.3474,25,complete,0.1986,16146.3
384,3,77,1000,712.919,59,,10,0.3267,529.1,0.378,94,step_limit,0.1399,16199.9
385,3,62,1000,566.56,50,,8,0.4833,800.5,0.2423,35,step_limit,0.2516,16254.0
386,4,80,1000,630.72,58,,10,0.5507,874.3,0.3571,34,step_limit,0.2459,16310.8
387,4,31,431,359.521,31,431,4,0.4582,713.6,0.2929,13,complete,0.0787,16334.8
388,4,33,547,342.205,33,547,4,0.5311,904.6,0.2781,31,complete,0.1641,16365.2
389,5,72,819,891.543,72,819,12,0.641,920.6,0.1998,18,complete,0.1856,16413.1
390,5,71,733,893.822,71,733,12,0.4802,749.3,0.2661,21,complete,0.1208,16455.0
391,5,50,548,604.93,50,548,8,0.4431,657.2,0.1641,9,complete,0.0821,16485.6
392,6,71,481,944.086,71,481,12,0.5222,810.2,0.126,7,complete,0.1044,16514.3
393,6,21,211,139.607,21,211,0,0.7362,946.3,0.16,3,complete,0.1389,16525.8
394,6,60,582,668.81,60,582,8,0.6512,945.0,0.1941,9,complete,0.1649,16559.7
395,5,55,540,733.264,55,540,10,0.4456,653.6,0.0918,8,complete,0.069,16593.5
396,5,71,592,945.463,71,592,12,0.4037,632.8,0.2393,16,complete,0.1087,16630.1
397,4,36,904,410.023,36,904,6,0.6128,863.8,0.3472,29,complete,0.1925,16678.6
398,4,52,702,688.189,52,702,10,0.4266,679.3,0.2397,38,complete,0.1237,16718.1
399,3,46,995,566.802,46,995,8,0.4104,697.2,0.1973,17,complete,0.217,16773.1
400,4,34,522,389.738,34,522,5,0.5465,788.5,0.2686,16,complete,0.2083,16801.7
401,3,38,873,464.078,38,873,7,0.4849,782.4,0.3125,36,complete,0.2209,17116.7
402,5,36,835,380.472,36,835,6,0.6795,997.2,0.4432,55,complete,0.1933,17157.3
403,4,73,1000,873.275,70,,12,0.4833,798.0,0.2999,27,step_limit,0.166,17205.3
404,5,70,1000,825.8,69,,12,0.6376,1029.3,0.3229,14,step_limit,0.2065,17249.0
405,3,25,495,306.734,25,495,4,0.4882,769.1,0.3618,52,complete,0.1569,17269.0
406,6,58,769,688.922,58,769,10,0.6589,917.8,0.2881,20,complete,0.1682,17307.2
407,5,70,729,901.357,70,729,12,0.586,836.2,0.1873,10,complete,0.1487,17343.6
408,4,40,586,476.6,40,586,6,0.3865,655.9,0.1683,10,complete,0.1284,17369.7
409,3,30,838,361.31,30,838,5,0.4996,765.3,0.2791,56,complete,0.2368,17402.4
410,3,63,1000,677.021,53,,10,0.4063,592.4,0.397,53,step_limit,0.1917,17441.2
411,3,48,1000,450.05,44,,6,0.4013,765.4,0.2913,54,step_limit,0.2364,17481.8
412,5,34,565,328.735,34,565,4,0.5667,820.3,0.3143,10,complete,0.1672,17509.0
413,4,22,680,197.491,22,680,3,0.6173,801.9,0.3612,28,complete,0.2083,17540.7
414,3,51,1000,601.716,50,,8,0.522,795.1,0.2615,27,step_limit,0.2413,17588.0
415,6,45,690,525.964,45,690,8,0.6626,1042.3,0.2552,17,complete,0.172,17624.3
416,4,60,1000,750.07,59,,11,0.5952,931.3,0.2835,22,step_limit,0.1961,17679.7
417,3,43,911,496.861,43,911,7,0.4358,779.9,0.2382,38,complete,0.2256,17728.9
418,5,75,838,900.973,75,838,12,0.5726,880.3,0.2665,23,complete,0.1891,17776.3
419,6,60,633,703.87,60,633,10,0.6148,866.0,0.1805,6,complete,0.1843,17813.4
420,3,22,703,215.883,22,703,3,0.5154,803.8,0.3021,45,complete,0.2204,17850.3
421,5,40,854,420.063,40,854,7,0.7201,1024.9,0.4183,30,complete,0.2638,17897.8
422,6,52,566,604.525,52,566,8,0.543,837.6,0.2182,5,complete,0.1439,17930.7
423,4,29,501,353.608,29,501,5,0.4406,746.2,0.1829,11,complete,0.1316,17958.1
424,4,29,400,329.71,29,400,4,0.4425,658.1,0.1227,12,complete,0.115,17980.5
425,3,80,1000,768.638,65,,10,0.429,726.3,0.2894,40,step_limit,0.208,18035.7
426,5,78,756,1028.54,78,756,14,0.4701,669.5,0.1962,16,complete,0.1097,18080.0
427,4,46,708,538.302,46,708,7,0.5826,850.1,0.2658,37,complete,0.2176,18120.5
428,5,72,790,947.313,72,790,13,0.4934,904.1,0.2895,15,complete,0.1236,18164.6
429,4,72,1000,782.001,65,,11,0.5958,831.5,0.3684,98,step_limit,0.2087,18219.6
430,3,78,1000,753.408,61,,11,0.329,585.3,0.2947,41,step_limit,0.1738,18274.3
431,4,23,456,240.803,23,456,3,0.6151,919.1,0.303,21,complete,0.1607,18299.1
432,6,41,352,511.353,41,352,6,0.375,625.3,0.0847,5,complete,0.0556,18320.8
433,3,66,1000,693.808,56,,10,0.4547,703.8,0.3225,57,step_limit,0.1954,18377.2
434,5,62,685,758.573,62,685,10,0.6444,875.5,0.2282,17,complete,0.1592,18416.0
435,3,32,993,355.204,32,993,5,0.5519,792.2,0.4165,151,complete,0.2652,18469.0
436,6,65,566,802.575,65,566,10,0.5024,743.6,0.2109,5,complete,0.1127,18502.0
437,5,61,516,793.88,61,516,10,0.4477,684.4,0.2188,12,complete,0.0813,18531.8
438,3,37,968,396.106,37,968,6,0.4246,776.0,0.3274,80,complete,0.2351,18582.7
439,5,49,786,546.955,49,786,8,0.6382,1006.5,0.3065,30,complete,0.2,18625.8
440,4,42,679,479.654,42,679,6,0.5582,886.4,0.228,15,complete,0.1677,18665.5
441,3,54,1000,513.719,45,,8,0.44,760.7,0.3063,74,step_limit,0.213,18719.7
442,6,41,420,495.663,41,420,7,0.5837,706.2,0.2515,10,complete,0.1366,18744.6
443,4,61,1000,685.25,58,,10,0.5507,893.5,0.2836,16,step_limit,0.2359,18802.4
444,4,55,741,722.007,55,741,10,0.5152,856.1,0.2146,23,complete,0.1716,18845.3
445,3,49,1000,551.667,47,,8,0.5243,711.1,0.3925,63,step_limit,0.232,18901.9
446,6,72,586,930.971,72,586,12,0.6436,864.4,0.2526,10,complete,0.1372,18937.1
447,6,40,460,450.465,40,460,6,0.6337,802.5,0.1736,6,complete,0.1495,18964.2
448,4,71,1000,677.682,61,,10,0.615,844.9,0.3611,98,step_limit,0.2333,19021.3
449,5,26,353,295.715,26,353,4,0.6283,869.3,0.2512,15,complete,0.1545,19041.0
450,3,56,1000,650.004,50,,10,0.4927,766.0,0.2411,27,step_limit,0.2545,19094.6
451,6,51,769,607.538,51,769,9,0.673,1057.5,0.2467,4,complete,0.201,19407.8
452,3,34,702,406.887,34,702,5,0.4155,715.8,0.2207,26,complete,0.1408,19436.4
453,5,47,485,604.995,47,485,8,0.6033,760.5,0.2349,5,complete,0.16,19457.5
454,6,70,713,849.989,70,713,12,0.669,908.0,0.2955,15,complete,0.1609,19488.8
455,5,44,601,517.007,44,601,7,0.6403,885.0,0.2638,10,complete,0.2025,19512.4
456,6,49,445,565.292,49,445,7,0.4509,704.3,0.2017,8,complete,0.1037,19530.6
457,6,56,465,696.996,56,465,9,0.5839,752.3,0.2252,13,complete,0.1265,19549.1
458,6,42,928,392.744,42,928,6,0.7128,900.7,0.4303,36,complete,0.2195,19579.5
459,3,45,845,541.519,45,845,7,0.4067,568.1,0.2561,56,complete,0.1377,19615.1
460,5,73,642,977.332,73,642,13,0.5343,899.5,0.198,11,complete,0.1282,19645.9
461,3,30,790,333.473,30,790,5,0.4907,795.0,0.3977,61,complete,0.2072,19682.4
462,4,64,880,841.794,64,880,12,0.5483,820.5,0.2178,19,complete,0.1822,19725.7
463,4,63,1000,770.54,62,,11,0.5867,928.6,0.3076,39,step_limit,0.2083,19773.4
464,3,68,1000,673.177,55,,10,0.4623,702.4,0.3164,75,step_limit,0.1488,19824.8
465,6,63,657,745.174,63,657,10,0.5883,931.3,0.2764,11,complete,0.1619,19862.9
466,5,65,724,836.638,65,724,12,0.5544,830.9,0.2277,16,complete,0.1913,19904.6
467,5,57,643,658.236,57,643,8,0.5664,813.8,0.307,13,complete,0.1526,19941.7
468,3,35,679,405.156,35,679,5,0.5444,796.7,0.3676,96,complete,0.1471,19977.4
469,4,46,1000,329.524,37,,6,0.6432,944.1,0.3946,102,step_limit,0.2789,20030.8
470,6,53,567,648.606,53,567,9,0.5503,962.2,0.2091,10,complete,0.1199,20062.4
471,6,45,417,472.376,45,417,5,0.6451,861.3,0.2367,9,complete,0.1377,20086.8
472,4,53,1000,589.968,51,,9,0.575,1017.9,0.2949,11,step_limit,0.2318,20140.7
473,5,71,718,855.283,71,718,11,0.5699,795.4,0.2925,12,complete,0.1518,20181.4
474,5,25,410,276.56,25,410,4,0.6615,985.9,0.2128,24,complete,0.1569,20203.7
475,5,40,737,406.4,40,737,6,0.4909,821.5,0.2899,12,complete,0.1639,20244.7
476,3,33,750,359.391,33,750,5,0.4676,747.5,0.2838,36,complete,0.2072,20285.4
477,3,21,575,216.431,21,575,3,0.4145,726.6,0.2768,26,complete,0.1637,20316.4
478,5,22,411,199.086,22,411,2,0.6156,820.8,0.3775,12,complete,0.1136,20339.4
479,6,41,467,436.175,41,467,5,0.7263,1174.5,0.2952,4,complete,0.2446,20367.0
480,4,57,779,726.973,57,779,10,0.508,763.3,0.2567,14,complete,0.1449,20411.4
481,3,66,1000,701.242,57,,10,0.3863,688.6,0.214,38,step_limit,0.2051,20467.9
482,5,76,809,971.517,76,809,13,0.5365,867.9,0.3196,22,complete,0.1091,20517.1
483,4,28,413,316.416,28,413,4,0.5442,849.3,0.2504,32,complete,0.1078,20541.4
484,6,35,342,382.537,35,342,4,0.5677,699.6,0.2265,3,complete,0.1038,20560.6
485,6,44,368,515.593,44,368,6,0.6467,1055.3,0.2049,7,complete,0.123,20582.0
486,6,75,699,991.812,75,699,13,0.4919,621.3,0.2365,8,complete,0.0903,20625.1
487,4,75,771,994.645,75,771,13,0.4377,697.1,0.1502,15,complete,0.1335,20669.5
488,5,60,813,643.892,60,813,8,0.6332,1019.6,0.3616,30,complete,0.165,20717.0
489,4,80,1000,988.462,78,,13,0.4637,775.5,0.2404,17,step_limit,0.1464,20775.5
490,3,30,717,330.13,30,717,5,0.377,657.4,0.2172,26,complete,0.1689,20817.4
491,4,59,1000,650.075,56,,9,0.598,922.8,0.3876,30,step_limit,0.1972,20873.1
492,3,74,1000,720.369,60,,10,0.4847,799.2,0.2282,39,step_limit,0.2306,20928.0
493,3,47,1000,308.935,33,,5,0.5677,699.9,0.5848,158,step_limit,0.2222,20981.1
494,4,52,871,639.102,52,871,9,0.5204,808.5,0.2942,14,complete,0.1923,21029.9
495,4,54,791,623.49,54,791,8,0.5382,851.9,0.2538,22,complete,0.1757,21072.9
496,6,56,473,692.956,56,473,9,0.6202,884.6,0.1797,7,complete,0.119,21100.5
497,6,73,647,864.648,73,647,11,0.6504,1001.0,0.1819,6,complete,0.1725,21138.0
498,4,22,353,279.798,22,353,4,0.5042,750.9,0.2911,35,complete,0.1341,21156.9
499,6,55,511,663.38,55,511,9,0.5672,890.4,0.1282,8,complete,0.1333,21186.5
500,3,55,1000,562.718,48,,8,0.466,791.8,0.284,54,step_limit,0.1877,21240.5
501,6,25,261,243.42,25,261,2,0.4719,686.6,0.2169,6,complete,0.0877,21546.8
502,3,53,1000,589.321,50,,8,0.5517,789.1,0.288,30,step_limit,0.2292,21597.2
503,5,73,719,941.543,73,719,13,0.5677,818.1,0.1579,6,complete,0.1575,21626.1
504,3,60,1000,669.32,56,,9,0.4347,710.5,0.3086,55,step_limit,0.1652,21667.8
505,4,72,961,900.018,72,961,12,0.6015,952.6,0.2461,27,complete,0.1964,21709.0
506,4,76,954,1000.198,76,954,14,0.522,936.2,0.1764,10,complete,0.205,21749.0
507,6,79,772,984.903,79,772,13,0.4652,820.1,0.2123,9,complete,0.1347,21779.1
508,6,38,388,424.288,38,388,5,0.6538,919.3,0.185,5,complete,0.1523,21792.1
509,4,52,759,660.821,52,759,9,0.497,727.3,0.2795,17,complete,0.1596,21815.6
510,4,42,611,518.831,42,611,7,0.4992,733.0,0.1725,9,complete,0.1456,21842.7
511,4,21,376,235.008,21,376,3,0.5785,832.4,0.2247,10,complete,0.141,21861.2
512,4,23,640,238.4,23,640,4,0.6215,1069.6,0.3281,15,complete,0.2026,21891.3
513,3,66,1000,702.564,56,,10,0.4253,616.1,0.3275,45,step_limit,0.1364,21939.6
514,4,38,662,439.231,38,662,6,0.5967,887.7,0.3141,18,complete,0.2147,21971.6
515,5,23,349,198.833,23,349,2,0.7066,890.8,0.2417,10,complete,0.16,21987.9
516,5,34,432,357.474,34,432,4,0.5745,864.8,0.2037,5,complete,0.1627,22009.6
517,4,73,1000,684.029,59,,11,0.5165,863.6,0.2797,21,step_limit,0.2481,22058.0
518,5,43,654,474.358,43,654,7,0.5,766.3,0.2528,18,complete,0.1692,22092.5
519,4,65,1000,705.422,60,,10,0.6332,836.9,0.3262,52,step_limit,0.2458,22147.0
520,5,55,971,653.223,55,971,10,0.5975,918.1,0.3484,18,complete,0.2035,22200.6
521,4,62,1000,717.452,59,,10,0.537,798.8,0.2696,20,step_limit,0.2,22258.5
522,6,37,374,445.209,37,374,6,0.66,862.6,0.1151,4,complete,0.1053,22280.2
523,6,66,541,804.134,66,541,10,0.5628,783.5,0.2035,7,complete,0.1263,22312.8
524,4,57,749,705.447,57,749,9,0.5093,691.2,0.3262,34,complete,0.1338,22354.8
525,4,39,557,460.146,39,557,6,0.3393,587.5,0.2105,12,complete,0.1066,22386.1
526,5,73,866,916.241,73,866,13,0.5836,810.0,0.2873,15,complete,0.1689,22434.5
527,6,58,458,749.665,58,458,10,0.5615,814.3,0.1762,5,complete,0.1255,22461.9
528,5,46,449,565.833,46,449,7,0.5314,691.9,0.2234,10,complete,0.1075,22487.2
529,6,20,161,144.31,20,161,0,0.5424,736.8,0.0321,0,complete,0.0747,22496.4
530,6,72,752,873.569,72,752,12,0.6115,884.4,0.2493,12,complete,0.1555,22540.0
531,3,21,443,235.22,21,443,3,0.5282,792.3,0.1574,19,complete,0.1778,22564.4
532,5,32,435,337.672,32,435,4,0.6524,924.5,0.1786,5,complete,0.1731,22588.1
533,4,79,1000,997.081,77,,14,0.5463,827.3,0.2268,19,step_limit,0.1972,22646.7
534,6,56,704,678.953,56,704,10,0.6518,961.6,0.2464,5,complete,0.2027,22687.1
535,3,68,1000,623.236,53,,9,0.44,774.1,0.3326,57,step_limit,0.1883,22742.9
536,5,57,902,715.47,57,902,11,0.6692,1056.4,0.3062,17,complete,0.2088,22793.8
537,4,49,1000,398.233,42,,6,0.512,902.9,0.3697,40,step_limit,0.2214,22849.0
538,4,38,978,380.996,38,978,6,0.5657,969.4,0.2793,35,complete,0.2526,22901.3
539,5,79,765,1027.756,79,765,14,0.5639,832.4,0.1899,8,complete,0.1373,22946.6
540,6,70,530,881.466,70,530,11,0.567,755.7,0.1966,3,complete,0.1105,22978.1
541,5,77,932,947.595,77,932,13,0.5245,727.8,0.2568,10,complete,0.1378,23030.6
542,5,53,653,618.624,53,653,8,0.6159,940.8,0.3008,12,complete,0.1744,23069.7
543,3,49,1000,581.073,46,,9,0.4483,771.7,0.2141,42,step_limit,0.2201,23125.1
544,6,68,584,853.966,68,584,11,0.6321,931.8,0.1992,7,complete,0.1537,23160.9
545,6,56,626,668.644,56,626,9,0.672,895.1,0.2148,5,complete,0.1749,23197.6
546,6,75,671,951.116,75,671,13,0.4945,761.2,0.2403,6,complete,0.1168,23237.6
547,4,71,1000,725.735,61,,11,0.4637,830.1,0.198,18,step_limit,0.2106,23295.0
548,4,80,961,1048.315,80,961,14,0.4844,846.6,0.2509,16,complete,0.1452,23348.5
549,5,38,531,449.608,38,531,6,0.6256,850.8,0.2537,14,complete,0.1723,23377.8
550,5,49,525,576.495,49,525,7,0.4956,689.7,0.2323,15,complete,0.1039,23408.1
551,3,56,1000,618.755,49,,9,0.4427,723.5,0.361,77,step_limit,0.1261,23738.6
552,6,27,641,124.347,27,641,1,0.721,1086.0,0.3632,10,complete,0.225,23762.0
553,3,46,734,592.995,46,734,8,0.4337,766.0,0.2347,43,complete,0.1609,23791.1
554,5,72,567,945.949,72,567,12,0.4466,794.7,0.0983,7,complete,0.0647,23815.6
555,3,68,1000,553.608,49,,8,0.547,793.1,0.4361,215,step_limit,0.263,23861.4
556,4,30,578,313.367,30,578,4,0.5692,801.2,0.296,14,complete,0.194,23887.4
557,4,46,529,600.097,46,529,8,0.4433,721.3,0.1403,10,complete,0.1301,23908.2
558,5,66,1000,635.75,60,,10,0.6876,904.7,0.3607,20,step_limit,0.2484,23954.6
559,6,78,700,1021.936,78,700,14,0.6462,937.5,0.1363,6,complete,0.1483,23988.0
560,3,22,479,250.116,22,479,3,0.501,696.5,0.3876,57,complete,0.1111,24008.7
561,4,29,321,351.732,29,321,4,0.3824,671.9,0.1929,11,complete,0.0698,24025.0
562,5,71,669,862.029,71,669,11,0.4771,674.6,0.2056,30,complete,0.113,24062.1
563,6,61,645,712.687,61,645,9,0.6553,1013.2,0.2237,11,complete,0.1474,24094.0
564,6,44,303,529.011,44,303,6,0.4972,715.1,0.1254,6,complete,0.0791,24109.0
565,6,21,182,147.499,21,182,0,0.6987,851.4,0.1582,1,complete,0.1562,24117.9
566,5,23,504,143.517,23,504,1,0.4333,699.6,0.3569,21,complete,0.1064,24141.0
567,6,57,479,700.604,57,479,9,0.5104,579.4,0.2097,15,complete,0.0802,24163.6
568,6,23,238,154.972,23,238,0,0.7031,1085.1,0.2141,2,complete,0.1814,24176.1
569,5,79,1000,790.374,72,,11,0.6522,900.8,0.2905,34,step_limit,0.1984,24226.4
570,5,70,864,889.229,70,864,13,0.5556,847.2,0.2885,17,complete,0.1546,24269.9
571,6,78,553,1047.879,78,553,14,0.4849,586.6,0.1961,5,complete,0.0742,24303.2
572,5,70,880,911.436,70,880,13,0.572,881.9,0.2634,14,complete,0.18,24352.8
573,3,77,1000,765.205,62,,11,0.4333,710.6,0.3238,75,step_limit,0.1909,24409.1
574,5,34,331,410.906,34,331,5,0.6205,827.7,0.0996,6,complete,0.0852,24428.0
575,3,21,501,239.089,21,501,3,0.4664,672.5,0.2044,24,complete,0.1156,24454.8
576,4,39,453,494.254,39,453,6,0.4763,796.5,0.2213,8,complete,0.1066,24480.7
577,6,53,712,591.008,53,712,8,0.6,878.1,0.2866,16,complete,0.1322,24520.4
578,5,29,322,309.469,29,322,3,0.564,730.4,0.1085,7,complete,0.1125,24538.5
579,4,67,998,825.823,67,998,11,0.5473,945.7,0.2448,22,complete,0.2168,24593.1
580,5,39,754,435.762,39,754,7,0.6761,1083.3,0.3719,21,complete,0.1975,24634.2
581,4,25,539,233.336,25,539,3,0.5826,918.2,0.269,34,complete,0.2037,24663.9
582,3,27,795,239.076,27,795,3,0.4675,701.2,0.3531,63,complete,0.2207,24707.6
583,3,67,1000,678.338,55,,10,0.419,713.5,0.2301,28,step_limit,0.2314,24763.3
584,5,70,702,887.693,70,702,12,0.5963,849.8,0.202,8,complete,0.1357,24804.5
585,3,50,1000,510.016,45,,7,0.446,700.7,0.3327,55,step_limit,0.1797,24861.4
586,3,55,1000,434.07,41,,7,0.46,751.7,0.3271,33,step_limit,0.2267,24914.1
587,6,46,603,514.198,46,603,7,0.5804,853.8,0.2015,11,complete,0.1341,24947.2
588,3,39,956,461.187,39,956,7,0.4843,801.4,0.2842,83,complete,0.2296,24997.3
589,6,48,547,581.626,48,547,8,0.6365,1003.8,0.1804,5,complete,0.126,25028.5
590,4,55,749,689.171,55,749,9,0.4756,740.3,0.2319,16,complete,0.145,25069.7
591,3,70,1000,683.147,56,,10,0.4503,757.7,0.2719,40,step_limit,0.1966,25126.0
592,3,45,1000,402.553,38,,6,0.513,786.4,0.5016,284,step_limit,0.1742,25179.4
593,4,27,552,263.542,27,552,3,0.4185,561.8,0.2214,17,complete,0.1415,25208.6
594,4,77,1000,480.965,50,,8,0.634,828.4,0.4319,37,step_limit,0.2127,25263.6
595,5,64,742,764.416,64,742,10,0.5854,928.2,0.1846,9,complete,0.1495,25305.7
596,3,66,1000,700.65,56,,10,0.43,743.1,0.2427,40,step_limit,0.2174,25360.8
597,5,31,475,360.298,31,475,5,0.6779,974.5,0.2367,6,complete,0.1614,25387.1
598,5,64,740,810.555,64,740,11,0.6019,985.0,0.2208,14,complete,0.1717,25430.6
599,3,39,1000,314.858,32,,5,0.5813,794.6,0.4705,144,step_limit,0.2576,25485.2
600,6,80,665,1035.715,80,665,14,0.5672,851.0,0.1469,4,complete,0.1328,25526.4
601,4,28,559,305.226,28,559,4,0.5353,949.1,0.2371,10,complete,0.1786,25825.1
602,4,78,1000,1011.528,77,,14,0.4118,737.7,0.2034,25,step_limit,0.1345,25880.6
603,4,64,1000,678.491,56,,11,0.5735,983.2,0.2914,37,step_limit,0.2137,25930.8
604,5,68,749,867.903,68,749,12,0.545,798.2,0.2593,11,complete,0.1369,25966.7
605,5,55,734,632.227,55,734,8,0.6433,1063.8,0.2693,13,complete,0.1868,25999.9
606,6,69,637,891.006,69,637,12,0.4822,728.5,0.232,10,complete,0.0988,26031.8
607,3,31,1000,257.784,28,,4,0.5583,789.9,0.489,175,step_limit,0.248,26076.4
608,4,59,1000,589.595,52,,9,0.5873,860.4,0.3029,30,step_limit,0.2068,26118.3
609,5,56,730,668.964,56,730,9,0.6304,1001.1,0.2493,10,complete,0.1705,26147.0
610,4,59,1000,601.693,56,,8,0.5675,851.7,0.2701,48,step_limit,0.1674,26187.8
611,3,21,389,217.063,21,389,2,0.4602,739.7,0.146,12,complete,0.1591,26204.7
612,4,27,484,292.899,27,484,4,0.4323,751.5,0.0847,11,complete,0.1027,26226.1
613,4,80,983,1068.79,80,983,15,0.4646,725.0,0.1847,55,complete,0.1606,26273.8
614,4,54,913,689.847,54,913,10,0.5227,809.9,0.2049,47,complete,0.1818,26316.3
615,3,56,967,695.226,56,967,9,0.3744,624.3,0.3329,51,complete,0.1682,26363.3
616,6,71,780,850.907,71,780,12,0.7115,1097.2,0.229,6,complete,0.2231,26409.2
617,4,67,889,866.694,67,889,12,0.5377,899.7,0.2477,30,complete,0.1591,26458.8
618,4,52,807,655.947,52,807,9,0.5688,884.2,0.2528,36,complete,0.2045,26503.4
619,5,54,770,644.38,54,770,9,0.4616,707.3,0.2931,31,complete,0.1208,26546.1
620,5,66,758,778.691,66,758,10,0.5451,884.0,0.2711,10,complete,0.1528,26589.5
621,3,46,1000,557.052,45,,8,0.463,687.6,0.3448,44,step_limit,0.1603,26644.1
622,4,28,881,267.231,28,881,4,0.6365,1001.3,0.3685,32,complete,0.24,26690.8
623,6,44,435,525.586,44,435,7,0.5862,745.8,0.1879,9,complete,0.1048,26715.9
624,3,42,646,512.803,42,646,6,0.4422,610.0,0.214,52,complete,0.1174,26751.5
625,4,37,817,350.315,37,817,5,0.4342,767.3,0.3659,40,complete,0.1685,26796.1
626,4,68,1000,694.7,60,,10,0.4587,819.6,0.2885,19,step_limit,0.1825,26851.8
627,6,27,256,297.677,27,256,3,0.5326,796.5,0.1019,2,complete,0.0708,26866.4
628,6,38,300,474.353,38,300,6,0.5161,593.5,0.1124,3,complete,0.069,26884.4
629,5,57,453,726.166,57,453,9,0.4675,747.6,0.1053,8,complete,0.1154,26910.4
630,3,73,1000,807.856,61,,12,0.4423,730.4,0.2544,34,step_limit,0.1928,26966.8
631,4,58,1000,297.517,37,,6,0.6847,945.5,0.6231,219,step_limit,0.1763,27021.7
632,6,36,279,460.799,36,279,6,0.4701,621.4,0.1812,3,complete,0.0359,27038.1
633,3,46,891,570.927,46,891,8,0.5039,727.7,0.1993,36,complete,0.1993,27089.6
634,4,25,346,281.84,25,346,3,0.3649,685.5,0.0835,7,complete,0.0893,27109.1
635,4,39,520,470.185,39,520,6,0.6,921.9,0.2373,12,complete,0.1406,27138.0
636,6,28,331,286.676,28,331,3,0.4839,688.8,0.2354,4,complete,0.0993,27156.5
637,6,39,366,440.235,39,366,5,0.6453,739.9,0.1856,3,complete,0.0989,27177.6
638,4,46,1000,496.378,45,,8,0.6008,868.5,0.3363,19,step_limit,0.2146,27232.9
639,6,21,272,160.337,21,272,1,0.7157,887.6,0.2948,17,complete,0.1875,27248.6
640,3,55,1000,581.562,51,,8,0.5073,792.3,0.2889,30,step_limit,0.2793,27303.6
641,4,74,1000,651.28,58,,10,0.5733,1017.6,0.2643,19,step_limit,0.2335,27358.4
642,4,24,437,253.095,24,437,3,0.532,964.3,0.2619,31,complete,0.1848,27382.4
643,5,57,900,655.333,57,900,10,0.6373,919.3,0.3408,17,complete,0.1853,27431.9
644,4,45,972,532.316,45,972,8,0.5844,957.3,0.322,37,complete,0.215,27485.4
645,3,48,1000,438.16,41,,6,0.4537,719.0,0.3734,58,step_limit,0.1765,27540.1
646,4,25,422,226.44,25,422,2,0.5699,949.0,0.2679,21,complete,0.163,27563.4
647,4,26,368,284.511,26,368,3,0.5652,894.1,0.2007,10,complete,0.12,27583.7
648,4,48,687,569.837,48,687,7,0.508,714.8,0.2321,11,complete,0.1136,27621.7
649,6,69,600,874.78,69,600,12,0.6164,920.6,0.1563,5,complete,0.1517,27657.8
650,4,64,813,852.411,64,813,12,0.5,896.1,0.1545,17,complete,0.1341,27704.2
651,5,77,970,971.539,77,970,14,0.6707,960.6,0.2362,15,complete,0.2153,28021.3
652,4,32,609,323.859,32,609,4,0.6088,992.0,0.2438,10,complete,0.1791,28053.6
653,4,77,1000,953.634,73,,14,0.4718,775.4,0.1628,11,step_limit,0.1661,28102.8
654,6,21,303,160.963,21,303,1,0.6436,947.5,0.2419,5,complete,0.1923,28119.2
655,4,28,438,310.68,28,438,4,0.4047,757.8,0.1712,9,complete,0.1275,28140.2
656,4,50,997,614.008,50,997,9,0.5707,991.4,0.2552,21,complete,0.229,28194.1
657,5,62,550,794.597,62,550,10,0.5185,765.7,0.1428,10,complete,0.0833,28224.5
658,3,50,1000,456.144,44,,6,0.5063,783.4,0.288,33,step_limit,0.2075,28273.0
659,5,39,341,452.206,39,341,5,0.4399,688.1,0.1547,6,complete,0.1036,28289.5
660,5,65,607,840.765,65,607,11,0.5193,682.3,0.2088,11,complete,0.0935,28319.4
661,6,20,185,148.65,20,185,0,0.4162,626.0,0.0119,0,complete,0.0449,28329.4
662,6,46,414,521.825,46,414,6,0.5515,831.6,0.2048,6,complete,0.1268,28350.8
663,4,78,1000,792.805,67,,11,0.4672,701.2,0.3756,20,step_limit,0.1628,28391.8
664,4,28,617,324.184,28,617,5,0.5677,875.6,0.1976,35,complete,0.1914,28416.6
665,3,25,625,280.858,25,625,4,0.5557,770.3,0.3952,70,complete,0.2056,28441.1
666,5,74,766,913.119,74,766,12,0.552,838.0,0.2589,10,complete,0.1654,28473.7
667,4,50,1000,539.862,46,,8,0.5783,826.4,0.3997,119,step_limit,0.2019,28518.8
668,6,80,589,1028.073,80,589,13,0.5385,849.8,0.1954,9,complete,0.1091,28549.1
669,5,53,405,700.222,53,405,9,0.4514,713.1,0.0818,6,complete,0.0805,28570.0
670,3,68,1000,692.163,56,,10,0.4867,688.4,0.2841,77,step_limit,0.2083,28617.8
671,3,60,1000,560.198,46,,9,0.4673,699.5,0.3689,93,step_limit,0.1833,28668.8
672,3,50,1000,432.406,41,,7,0.431,603.9,0.5062,224,step_limit,0.1419,28722.2
673,6,54,531,652.444,54,531,9,0.6227,913.7,0.1848,3,complete,0.1292,28753.2
674,6,73,714,863.042,73,714,11,0.5359,802.2,0.2601,19,complete,0.1091,28794.3
675,4,74,917,960.823,74,917,13,0.3751,642.7,0.2374,66,complete,0.0907,28846.2
676,4,46,1000,479.148,45,,7,0.5735,896.9,0.4231,40,step_limit,0.2401,28899.5
677,3,79,1000,815.841,63,,12,0.4103,766.4,0.2844,38,step_limit,0.168,28955.2
678,5,41,503,462.009,41,503,6,0.6282,1007.7,0.1499,9,complete,0.1594,28983.6
679,5,58,1000,592.983,55,,9,0.65,927.0,0.4113,41,step_limit,0.2104,29038.5
680,3,31,684,378.241,31,684,5,0.3519,660.8,0.1667,16,complete,0.1491,29074.6
681,6,65,757,741.943,65,757,10,0.6786,920.6,0.2897,10,complete,0.153,29117.9
682,4,72,1000,768.24,65,,11,0.4993,788.4,0.2833,13,step_limit,0.168,29172.2
683,6,52,522,566.645,52,522,7,0.6319,950.7,0.0943,2,complete,0.182,29201.8
684,3,40,950,407.812,40,950,5,0.5021,788.4,0.2727,56,complete,0.2305,29252.3
685,4,74,1000,853.192,72,,11,0.5555,868.2,0.2204,14,step_limit,0.1917,29307.6
686,6,58,394,768.191,58,394,10,0.5601,739.6,0.1029,3,complete,0.0833,29331.7
687,4,46,1000,467.322,44,,7,0.63,959.6,0.3039,52,step_limit,0.2475,29385.4
688,6,33,286,393.961,33,286,5,0.5058,683.2,0.0481,1,complete,0.0816,29401.9
689,5,80,972,1006.375,80,972,14,0.6243,929.3,0.3117,69,complete,0.1693,29455.8
690,3,26,546,305.424,26,546,4,0.4585,718.8,0.1758,17,complete,0.0994,29486.3
691,4,40,565,435.44,40,565,5,0.527,702.0,0.2701,29,complete,0.1324,29516.6
692,3,49,1000,594.514,48,,9,0.4197,700.0,0.3033,59,step_limit,0.1778,29570.6
693,5,56,704,702.961,56,704,10,0.6264,920.1,0.1625,9,complete,0.1806,29609.0
694,4,69,813,863.46,69,813,11,0.4902,744.5,0.2252,21,complete,0.1406,29654.3
695,5,32,524,363.331,32,524,5,0.5649,797.8,0.3131,12,complete,0.1241,29683.7
696,4,48,681,570.31,48,681,8,0.5327,812.6,0.2588,19,complete,0.1695,29721.7
697,3,58,1000,727.229,57,,10,0.4573,718.0,0.2709,41,step_limit,0.1723,29776.0
698,5,65,704,781.492,65,704,10,0.6097,932.7,0.2093,10,complete,0.1883,29816.7
699,5,44,874,448.402,44,874,7,0.6902,998.4,0.3646,45,complete,0.2559,29863.6
700,6,40,722,358.72,40,722,5,0.7096,960.8,0.3195,10,complete,0.2012,29903.3
701,6,26,413,283.766,26,413,4,0.7256,1001.3,0.2806,6,complete,0.19,30175.2
702,3,66,1000,625.902,52,,9,0.4183,640.7,0.3935,115,step_limit,0.1742,30221.6
703,4,25,779,241.592,25,779,4,0.6104,843.1,0.3229,37,complete,0.221,30258.7
704,6,35,336,410.92,35,336,5,0.5645,882.9,0.1742,3,complete,0.0833,30277.8
705,4,24,327,261.462,24,327,3,0.4128,621.8,0.2481,22,complete,0.0897,30295.8
706,3,64,1000,842.447,62,,12,0.381,701.8,0.2308,45,step_limit,0.1813,30351.3
707,4,24,503,250.73,24,503,3,0.4622,676.3,0.2257,16,complete,0.1898,30378.8
708,6,68,601,844.516,68,601,11,0.4634,669.7,0.2092,6,complete,0.0926,30413.1
709,4,57,949,689.675,57,949,10,0.5854,976.6,0.2138,34,complete,0.2193,30468.3
710,6,78,704,998.404,78,704,13,0.6151,914.1,0.2331,8,complete,0.1292,30513.4
711,6,34,532,355.48,34,532,5,0.672,965.9,0.2249,20,complete,0.1393,30540.2
712,4,21,387,238.32,21,387,3,0.5401,840.8,0.1992,8,complete,0.1389,30556.4
713,3,63,1000,646.698,54,,9,0.512,773.9,0.2989,53,step_limit,0.2461,30598.4
714,3,64,967,881.707,64,967,12,0.445,785.4,0.2169,33,complete,0.1379,30637.7
715,5,43,424,520.928,43,424,6,0.4495,700.7,0.2085,6,complete,0.0633,30655.2
716,3,39,1000,287.44,30,,5,0.531,775.8,0.5194,269,step_limit,0.1975,30695.1
717,4,67,912,864.604,67,912,12,0.4158,653.8,0.1812,16,complete,0.1208,30734.7
718,5,68,734,876.793,68,734,12,0.6057,937.3,0.2149,6,complete,0.167,30765.3
719,5,67,664,878.904,67,664,12,0.6,993.2,0.1657,11,complete,0.1441,30796.2
720,3,49,813,646.132,49,813,9,0.3087,524.9,0.2602,34,complete,0.066,30842.4
721,4,29,408,307.252,29,408,3,0.5803,752.3,0.2112,13,complete,0.1713,30865.6
722,6,59,412,777.47,59,412,10,0.5316,829.6,0.1379,4,complete,0.1188,30891.8
723,5,70,1000,800.8,69,,11,0.414,734.3,0.3521,18,step_limit,0.1291,30947.2
724,4,69,802,938.937,69,802,13,0.4757,812.5,0.2066,15,complete,0.1102,30992.1
725,4,62,1000,657.188,56,,10,0.6285,1057.5,0.3195,16,step_limit,0.2309,31049.1
726,6,56,602,707.03,56,602,10,0.6038,896.6,0.1921,6,complete,0.1341,31084.1
727,3,57,1000,700.123,55,,10,0.3197,593.9,0.2811,65,step_limit,0.1386,31137.8
728,6,43,567,477.399,43,567,7,0.6893,993.7,0.3603,9,complete,0.177,31170.1
729,5,77,919,952.037,77,919,13,0.4945,743.4,0.2631,27,complete,0.1485,31222.3
730,4,27,531,311.204,27,531,4,0.5687,861.5,0.2961,34,complete,0.15,31251.8
731,4,80,1000,1063.728,79,,15,0.4958,770.6,0.2425,47,step_limit,0.1556,31309.1
732,3,80,1000,682.494,57,,10,0.355,742.6,0.3048,77,step_limit,0.1855,31365.6
733,5,64,899,791.183,64,899,11,0.6133,812.6,0.2676,13,complete,0.1514,31415.4
734,3,38,828,501.618,38,828,7,0.3579,687.2,0.5127,291,complete,0.0884,31459.6
735,5,63,734,790.022,63,734,11,0.5183,966.8,0.2624,10,complete,0.1407,31502.1
736,4,52,810,638.612,52,810,9,0.5685,784.4,0.2936,14,complete,0.1615,31547.2
737,3,41,901,505.416,41,901,7,0.515,794.9,0.3212,39,complete,0.2163,31597.0
738,5,49,597,601.793,49,597,8,0.5357,770.3,0.1741,8,complete,0.1038,31630.7
739,4,27,504,310.596,27,504,4,0.5923,872.8,0.3217,20,complete,0.1364,31657.7
740,3,32,710,370.4,32,710,5,0.5192,756.5,0.2249,34,complete,0.2319,31695.6
741,4,25,414,266.632,25,414,3,0.5181,668.1,0.321,58,complete,0.1458,31718.1
742,3,48,941,583.383,48,941,8,0.4633,761.8,0.2326,48,complete,0.1871,31770.0
743,5,54,484,692.42,54,484,9,0.4579,668.0,0.1684,6,complete,0.0914,31798.3
744,5,24,453,197.621,24,453,2,0.6442,870.5,0.3838,24,complete,0.1875,31823.2
745,6,37,280,471.022,37,280,6,0.5464,730.3,0.0451,2,complete,0.1154,31839.8
746,4,50,1000,540.744,48,,8,0.6432,904.2,0.38,33,step_limit,0.1972,31895.8
747,3,78,1000,703.403,60,,10,0.466,751.7,0.2003,20,step_limit,0.2493,31950.4
748,4,33,430,428.667,33,430,6,0.5384,850.7,0.1599,19,complete,0.1336,31976.1
749,4,20,450,179.95,20,450,2,0.6317,822.7,0.2561,11,complete,0.2024,32000.4
750,5,80,876,1059.4,80,876,15,0.4774,736.0,0.2413,6,complete,0.1289,32050.3
751,6,29,326,268.64,29,326,2,0.6171,733.3,0.1584,6,complete,0.1087,32319.9
752,5,21,307,232.031,21,307,3,0.6567,990.1,0.2331,10,complete,0.1561,32335.8
753,6,21,200,154.143,21,200,0,0.3783,782.2,0.141,3,complete,0.069,32345.8
754,5,39,500,465.859,39,500,6,0.5656,967.0,0.1646,9,complete,0.1284,32373.9
755,3,68,1000,678.291,55,,10,0.4503,748.5,0.1789,30,step_limit,0.2299,32428.9
756,3,80,1000,803.338,62,,12,0.2913,627.6,0.2476,40,step_limit,0.1185,32483.4
757,5,62,681,816.724,62,681,11,0.4358,585.2,0.2536,10,complete,0.0745,32522.5
758,5,36,695,334.542,36,695,4,0.6708,1057.1,0.2231,9,complete,0.2342,32561.1
759,6,46,587,524.819,46,587,7,0.7243,938.0,0.2837,10,complete,0.1958,32593.9
760,3,23,939,212.982,23,939,4,0.5005,743.3,0.4171,87,complete,0.2375,32643.6
761,6,36,300,426.022,36,300,5,0.4983,578.4,0.0895,3,complete,0.098,32660.6
762,3,66,1000,810.305,63,,11,0.418,654.6,0.2602,51,step_limit,0.1762,32708.3
763,3,24,656,279.991,24,656,4,0.497,715.1,0.4181,51,complete,0.1311,32737.9
764,3,27,530,308.726,27,530,4,0.2333,529.2,0.0714,10,complete,0.1369,32762.3
765,5,43,588,436.588,43,588,5,0.4925,616.4,0.276,23,complete,0.1382,32786.8
766,3,25,541,286.01,25,541,4,0.5274,705.1,0.2496,38,complete,0.1481,32812.1
767,3,65,1000,526.722,48,,8,0.3673,659.1,0.2706,31,step_limit,0.2035,32853.1
768,3,50,800,631.32,50,800,8,0.4138,711.8,0.1602,32,complete,0.1326,32891.4
769,5,40,514,424.25,40,514,5,0.565,753.1,0.3114,11,complete,0.1262,32912.9
770,6,58,754,649.394,58,754,9,0.6541,897.2,0.3074,17,complete,0.16,32949.2
771,3,28,1000,158.83,25,,3,0.5657,751.5,0.4433,289,step_limit,0.2902,32996.0
772,5,53,476,688.134,53,476,9,0.5218,650.5,0.1336,18,complete,0.0933,33022.8
773,3,60,1000,491.594,44,,8,0.4103,670.5,0.3057,48,step_limit,0.1905,33076.5
774,4,60,1000,616.853,53,,10,0.6152,855.8,0.2965,21,step_limit,0.2393,33132.3
775,3,62,1000,712.561,59,,9,0.4263,675.7,0.2539,75,step_limit,0.1768,33187.8
776,3,47,1000,498.333,41,,8,0.425,704.2,0.2408,37,step_limit,0.2033,33241.9
777,3,77,1000,992.812,72,,14,0.3503,694.6,0.2563,49,step_limit,0.1176,33299.7
778,3,29,817,340.452,29,817,5,0.5524,778.0,0.3346,50,complete,0.2236,33343.5
779,4,79,1000,602.991,58,,9,0.611,837.3,0.3029,28,step_limit,0.2458,33400.3
780,6,50,539,528.088,50,539,6,0.6441,923.2,0.3108,12,complete,0.1201,33430.2
781,3,53,1000,407.36,39,,7,0.4653,769.7,0.2424,39,step_limit,0.234,33486.1
782,3,35,1000,378.423,34,,6,0.526,793.1,0.3377,38,step_limit,0.2616,33540.3
783,6,55,448,668.64,55,448,8,0.5755,820.5,0.0876,3,complete,0.0855,33567.3
784,3,53,1000,612.562,51,,9,0.4617,651.9,0.3753,116,step_limit,0.1788,33621.2
785,6,56,933,602.027,56,933,9,0.7051,1086.7,0.2407,10,complete,0.1957,33671.9
786,4,73,1000,659.217,59,,10,0.538,874.6,0.3218,20,step_limit,0.2013,33726.8
787,5,70,807,872.986,70,807,12,0.5465,897.7,0.1892,10,complete,0.1728,33773.0
788,4,31,557,327.559,31,557,4,0.3914,747.9,0.2094,16,complete,0.1207,33802.9
789,4,40,567,465.435,40,567,6,0.5591,912.5,0.1859,10,complete,0.1232,33833.5
790,6,29,361,288.437,29,361,3,0.6879,923.7,0.2025,5,complete,0.1352,33854.1
791,6,38,392,419.669,38,392,5,0.5072,741.1,0.124,4,complete,0.1186,33877.2
792,6,77,555,963.679,77,555,12,0.5724,817.5,0.1582,7,complete,0.097,33912.2
793,3,71,1000,876.318,67,,12,0.3937,737.4,0.2199,50,step_limit,0.1643,33970.3
794,3,33,665,381.565,33,665,5,0.4546,714.8,0.2586,23,complete,0.1546,34006.2
795,4,76,1000,697.64,63,,10,0.6142,959.5,0.2449,27,step_limit,0.2392,34062.6
796,4,65,853,822.255,65,853,11,0.5507,925.5,0.2362,24,complete,0.1447,34108.6
797,5,72,752,914.199,72,752,12,0.5668,809.2,0.2763,19,complete,0.1241,34148.5
798,5,54,744,639.346,54,744,9,0.6546,962.4,0.248,13,complete,0.1691,34184.6
799,3,35,902,391.669,35,902,6,0.4741,774.9,0.3387,70,complete,0.2209,34225.8
800,4,78,1000,843.166,69,,12,0.545,834.7,0.2681,23,step_limit,0.166,34274.0
801,4,21,455,203.771,21,455,2,0.6055,901.5,0.2119,21,complete,0.1786,34562.8
802,6,22,208,164.202,22,208,0,0.6266,842.3,0.19,3,complete,0.1146,34574.3
803,6,57,524,724.465,57,524,10,0.5334,765.0,0.1514,9,complete,0.0905,34604.0
804,3,60,1000,761.963,57,,11,0.4207,783.1,0.1982,23,step_limit,0.1507,34657.2
805,6,34,275,366.682,34,275,4,0.5727,624.9,0.0955,3,complete,0.0903,34671.2
806,4,59,981,709.787,59,981,10,0.498,810.6,0.3115,20,complete,0.1727,34719.1
807,5,22,255,255.045,22,255,3,0.4039,613.6,0.1044,2,complete,0.1333,34730.8
808,3,35,919,404.996,35,919,6,0.564,800.8,0.3079,43,complete,0.236,34772.9
809,4,38,970,328.795,38,970,5,0.5918,893.4,0.4294,56,complete,0.2475,34817.8
810,5,47,926,527.136,47,926,8,0.6968,1147.0,0.3138,16,complete,0.2412,34861.6
811,4,70,1000,653.501,57,,11,0.5685,884.8,0.2561,17,step_limit,0.2674,34907.9
812,4,40,502,450.625,40,502,5,0.5677,791.6,0.1779,10,complete,0.0985,34933.0
813,3,55,1000,590.82,47,,9,0.556,737.6,0.3679,56,step_limit,0.195,34983.3
814,3,38,831,446.562,38,831,6,0.4761,723.9,0.3557,53,complete,0.1529,35022.3
815,3,75,1000,626.892,52,,10,0.4723,750.1,0.3514,54,step_limit,0.1742,35071.1
816,5,57,628,687.793,57,628,9,0.5697,819.4,0.1676,9,complete,0.1341,35102.2
817,4,58,1000,545.727,50,,9,0.594,974.4,0.3417,33,step_limit,0.2345,35150.8
818,5,21,584,181.895,21,584,3,0.6589,997.8,0.3138,20,complete,0.2185,35177.3
819,3,70,1000,689.581,56,,10,0.3663,662.0,0.3731,75,step_limit,0.1339,35224.5
820,6,26,370,191.069,26,370,1,0.641,958.8,0.2003,6,complete,0.1174,35242.2
821,5,27,362,313.844,27,362,4,0.495,874.7,0.1384,4,complete,0.16,35261.3
822,5,61,966,704.675,61,966,10,0.6188,957.7,0.2358,12,complete,0.1644,35313.4
823,5,77,1000,911.338,75,,13,0.6232,952.8,0.2346,20,step_limit,0.1908,35368.8
824,3,38,655,461.055,38,655,6,0.3293,681.3,0.1718,20,complete,0.1139,35404.5
825,4,63,688,840.363,63,688,11,0.3775,606.3,0.0964,12,complete,0.0852,35443.5
826,5,44,567,493.207,44,567,6,0.5711,897.4,0.2262,7,complete,0.1526,35474.2
827,5,51,855,599.074,51,855,9,0.6765,1020.5,0.2412,9,complete,0.2101,35522.6
828,3,41,1000,437.251,38,,7,0.4947,795.1,0.2817,53,step_limit,0.2411,35576.5
829,3,22,616,215.029,22,616,3,0.5049,724.0,0.3317,79,complete,0.1852,35609.5
830,4,48,680,592.433,48,680,8,0.489,734.9,0.1775,43,complete,0.1037,35646.9
831,3,61,1000,653.442,54,,9,0.4947,788.2,0.2882,35,step_limit,0.2091,35701.9
832,4,66,1000,791.485,65,,11,0.4083,746.5,0.2252,20,step_limit,0.1349,35756.8
833,4,26,269,299.971,26,269,3,0.3336,542.6,0.059,8,complete,0.0192,35772.4
834,6,25,304,186.632,25,304,1,0.6891,862.8,0.2867,9,complete,0.1748,35789.1
835,3,78,1000,645.561,55,,10,0.441,612.3,0.4001,84,step_limit,0.1726,35843.9
836,6,22,381,113.685,22,381,0,0.6024,904.7,0.2193,3,complete,0.1545,35864.9
837,4,74,1000,784.046,65,,12,0.557,820.0,0.2268,30,step_limit,0.2034,35919.6
838,6,46,679,511.66,46,679,7,0.6404,1125.2,0.132,5,complete,0.2059,35957.2
839,4,47,960,544.63,47,960,8,0.6031,982.2,0.2711,23,complete,0.2209,36009.9
840,5,31,472,310.432,31,472,3,0.5763,813.5,0.2459,21,complete,0.1321,36036.3
841,3,52,1000,552.235,47,,8,0.537,787.9,0.3676,44,step_limit,0.2049,36090.0
842,4,30,344,382.773,30,344,5,0.3503,595.3,0.1025,9,complete,0.1094,36109.2
843,5,75,941,920.143,75,941,13,0.6225,972.7,0.2111,16,complete,0.2032,36160.9
844,5,28,489,253.782,28,489,3,0.6196,889.4,0.2439,21,complete,0.1698,36187.3
845,4,44,684,546.963,44,684,7,0.4898,766.9,0.2369,14,complete,0.1698,36225.8
846,4,31,330,363.51,31,330,4,0.3545,637.6,0.1061,9,complete,0.0817,36245.2
847,6,45,575,495.229,45,575,6,0.651,938.9,0.2222,19,complete,0.1513,36277.6
848,3,44,1000,475.02,41,,7,0.541,751.5,0.3325,74,step_limit,0.2279,36324.0
849,3,49,1000,455.022,41,,7,0.478,768.2,0.3373,46,step_limit,0.25,36369.3
850,3,47,1000,497.074,43,,7,0.4993,783.9,0.2926,55,step_limit,0.2,36416.3
851,6,30,416,282.607,30,416,3,0.6242,804.3,0.2501,14,complete,0.1358,36700.7
852,6,65,634,751.474,65,634,9,0.6183,869.8,0.1923,3,complete,0.1317,36736.7
853,4,45,857,544.302,45,857,8,0.5817,956.1,0.315,15,complete,0.1888,36785.3
854,6,23,266,252.883,23,266,3,0.6692,887.3,0.1234,4,complete,0.1272,36798.4
855,6,49,366,563.64,49,366,6,0.5915,787.1,0.1588,3,complete,0.0944,36817.5
856,3,28,807,272.558,28,807,4,0.5675,777.1,0.345,41,complete,0.2488,36854.2
857,3,38,1000,328.453,34,,5,0.3773,678.5,0.3859,70,step_limit,0.1722,36900.2
858,6,70,464,858.454,70,464,10,0.5654,786.0,0.0856,9,complete,0.1004,36923.5
859,6,27,370,269.719,27,370,3,0.5099,842.3,0.1012,3,complete,0.119,36941.6
860,6,30,404,356.0,30,404,5,0.6588,994.2,0.1186,3,complete,0.1451,36961.3
861,3,39,860,455.369,39,860,6,0.5047,797.1,0.2709,58,complete,0.2111,37000.4
862,6,50,435,599.74,50,435,7,0.4816,611.7,0.2038,6,complete,0.0872,37023.3
863,6,30,522,264.28,30,522,3,0.6673,1031.9,0.298,3,complete,0.1724,37048.3
864,5,38,485,416.434,38,485,5,0.5443,809.8,0.1305,6,complete,0.1364,37071.6
865,5,56,639,715.282,56,639,10,0.5502,840.8,0.1639,9,complete,0.1178,37105.6
866,3,70,1000,704.119,58,,10,0.4507,783.2,0.2883,68,step_limit,0.2145,37160.0
867,3,48,1000,481.052,42,,7,0.5157,726.8,0.376,99,step_limit,0.1771,37214.8
868,5,37,498,431.127,37,498,6,0.4783,721.4,0.1808,11,complete,0.1254,37239.8
869,5,46,536,546.961,46,536,7,0.5045,823.9,0.1079,5,complete,0.1027,37265.9
870,3,47,905,627.286,47,905,9,0.4494,698.1,0.1992,32,complete,0.1452,37308.8
871,3,44,1000,499.807,43,,7,0.489,737.8,0.3057,123,step_limit,0.191,37356.4
872,4,57,905,663.821,57,905,9,0.5318,807.8,0.2588,19,complete,0.1446,37397.9
873,6,30,584,264.553,30,584,3,0.6787,1031.4,0.2708,6,complete,0.1429,37424.2
874,3,20,395,204.025,20,395,2,0.4346,639.9,0.1097,13,complete,0.1138,37444.2
875,6,43,560,436.66,43,560,5,0.5509,701.0,0.3225,13,complete,0.0822,37472.0
876,5,23,416,231.352,23,416,3,0.6827,961.9,0.206,7,complete,0.1375,37491.1
877,3,65,1000,649.611,55,,9,0.4883,786.2,0.309,53,step_limit,0.2124,37542.2
878,3,65,1000,653.057,52,,10,0.4847,724.3,0.2966,43,step_limit,0.2,37597.9
879,5,28,445,289.214,28,445,4,0.4971,772.2,0.2424,18,complete,0.1347,37622.2
880,6,41,337,466.985,41,337,5,0.5015,564.1,0.2163,3,complete,0.0995,37641.8
881,4,59,975,734.017,59,975,10,0.3508,622.6,0.2083,19,complete,0.1104,37696.2
882,3,46,928,581.736,46,928,8,0.5025,794.6,0.2972,59,complete,0.2035,37747.5
883,5,67,835,828.795,67,835,12,0.6103,985.5,0.1676,6,complete,0.2066,37794.8
884,4,49,795,588.343,49,795,8,0.5283,794.3,0.246,16,complete,0.1676,37838.5
885,3,51,1000,457.58,42,,7,0.5243,753.3,0.2874,40,step_limit,0.2843,37893.5
886,4,36,1000,345.522,34,,6,0.6338,955.4,0.2535,14,step_limit,0.2472,37949.2
887,6,36,343,383.814,36,343,4,0.5209,688.0,0.1065,4,complete,0.0679,37969.1
888,3,48,1000,609.4,47,,9,0.483,769.2,0.1822,39,step_limit,0.2233,38023.6
889,6,22,247,172.535,22,247,1,0.7321,1051.8,0.1882,3,complete,0.1496,38037.9
890,3,60,1000,522.411,47,,8,0.5123,791.4,0.2715,33,step_limit,0.216,38092.0
891,6,80,678,979.267,80,678,12,0.6305,1013.9,0.239,11,complete,0.1162,38132.5
892,3,73,1000,812.907,65,,11,0.4673,774.7,0.2007,29,step_limit,0.1909,38189.5
893,4,30,607,301.753,30,607,4,0.4732,711.9,0.2984,15,complete,0.1434,38221.7
894,3,63,1000,599.221,51,,9,0.4627,688.3,0.3162,50,step_limit,0.1541,38278.3
895,6,28,278,230.206,28,278,1,0.6271,783.2,0.1939,7,complete,0.094,38293.8
896,3,39,656,477.807,39,656,6,0.5239,786.1,0.2709,38,complete,0.2027,38330.0
897,6,53,570,625.362,53,570,8,0.6854,989.9,0.2221,15,complete,0.1426,38362.8
898,4,66,1000,731.097,61,,11,0.5707,972.3,0.2023,36,step_limit,0.2393,38418.2
899,4,33,599,359.319,33,599,5,0.5518,819.4,0.2162,15,complete,0.1725,38451.5
900,5,43,496,453.072,43,496,5,0.5706,866.8,0.1839,10,complete,0.1432,38476.4
901,6,59,604,736.841,59,604,10,0.6347,853.7,0.1774,9,complete,0.1423,38751.6
902,3,29,737,301.618,29,737,4,0.5622,773.2,0.3473,50,complete,0.2252,38792.3
903,4,75,1000,917.807,71,,13,0.5593,851.9,0.2449,25,step_limit,0.1815,38849.2
904,3,71,1000,872.687,67,,12,0.46,761.1,0.2537,72,step_limit,0.1825,38904.7
905,6,77,701,966.298,77,701,13,0.5052,757.5,0.2177,4,complete,0.1145,38944.3
906,6,73,588,929.402,73,588,12,0.5584,757.7,0.1998,10,complete,0.1106,38979.8
907,3,79,1000,767.464,62,,11,0.428,732.3,0.2848,37,step_limit,0.1768,39031.5
908,6,33,543,358.711,33,543,5,0.7001,1090.9,0.29,9,complete,0.1613,39057.0
909,5,29,381,324.071,29,381,4,0.4667,756.2,0.1643,12,complete,0.0792,39075.5
910,6,41,731,384.062,41,731,6,0.7273,1110.1,0.2846,12,complete,0.2572,39109.6
911,6,34,385,381.041,34,385,5,0.5554,729.2,0.1506,7,complete,0.0994,39128.4
912,6,42,394,418.017,42,394,4,0.607,948.4,0.1618,4,complete,0.1562,39148.1
913,5,34,419,324.315,34,419,3,0.5981,956.1,0.1522,6,complete,0.1926,39170.0
914,4,44,881,489.501,44,881,6,0.588,850.4,0.2642,32,complete,0.1737,39213.5
915,3,67,1000,691.587,56,,10,0.4963,766.0,0.2373,26,step_limit,0.2262,39261.5
916,6,34,488,309.879,34,488,4,0.6496,1043.5,0.2813,14,complete,0.172,39285.3
917,6,52,659,569.052,52,659,7,0.4168,670.7,0.1922,6,complete,0.0853,39319.0
918,4,45,500,563.889,45,500,7,0.414,673.8,0.1653,12,complete,0.1351,39347.5
919,6,39,495,426.526,39,495,6,0.6256,927.8,0.1841,5,complete,0.1333,39374.6
920,6,58,464,754.022,58,464,10,0.4634,751.9,0.129,4,complete,0.0823,39399.5
921,4,40,810,476.875,40,810,7,0.6151,837.9,0.2549,20,complete,0.217,39439.6
922,6,77,782,1000.218,77,782,14,0.4919,692.2,0.18,6,complete,0.1106,39481.1
923,5,76,1000,852.684,73,,12,0.649,953.0,0.2003,11,step_limit,0.209,39531.8
924,5,72,855,923.618,72,855,13,0.5549,783.4,0.2002,6,complete,0.1719,39575.8
925,6,36,344,383.61,36,344,4,0.5,824.6,0.1387,3,complete,0.1101,39593.6
926,6,56,494,726.689,56,494,10,0.58,842.4,0.1346,10,complete,0.1318,39619.2
927,5,21,206,256.581,21,206,3,0.4874,744.0,0.09,3,complete,0.1062,39629.3
928,4,59,1000,681.784,56,,10,0.4868,733.7,0.3504,61,step_limit,0.1338,39676.7
929,5,25,494,195.76,25,494,2,0.6611,950.9,0.3148,17,complete,0.1615,39703.0
930,4,28,416,290.381,28,416,3,0.4898,790.1,0.2348,19,complete,0.1302,39725.6
931,5,70,743,892.064,70,743,12,0.5817,874.5,0.2115,10,complete,0.1239,39768.5
932,4,75,1000,798.875,65,,12,0.581,854.0,0.3045,29,step_limit,0.2262,39825.1
933,3,31,674,372.986,31,674,5,0.4728,778.6,0.2783,48,complete,0.1385,39861.8
934,4,28,427,329.57,28,427,4,0.5064,855.8,0.1339,8,complete,0.1202,39885.9
935,3,36,693,443.266,36,693,6,0.3834,654.5,0.2652,31,complete,0.1333,39924.7
936,4,20,290,205.22,20,290,2,0.4328,688.5,0.1074,5,complete,0.1316,39940.9
937,3,28,820,336.661,28,820,5,0.5,697.8,0.3219,53,complete,0.2018,39986.3
938,6,73,1000,776.759,71,,12,0.6943,1073.8,0.2196,12,step_limit,0.2128,40044.2
939,4,75,1000,936.484,73,,13,0.5873,889.6,0.2734,20,step_limit,0.1967,40101.4
940,6,64,666,842.137,64,666,12,0.4957,791.8,0.2401,8,complete,0.109,40140.5
941,3,37,761,446.751,37,761,6,0.3434,679.5,0.1789,50,complete,0.1687,40181.5
942,6,57,611,672.926,57,611,9,0.5548,806.9,0.182,10,complete,0.0988,40215.4
943,3,69,1000,766.434,61,,11,0.4717,723.6,0.2776,58,step_limit,0.1725,40270.7
944,6,73,963,851.976,73,963,13,0.6812,1033.4,0.2229,9,complete,0.1705,40325.0
945,5,49,747,527.038,49,747,7,0.5794,780.5,0.2121,11,complete,0.1551,40365.9
946,3,29,550,373.314,29,550,5,0.4176,760.2,0.2176,38,complete,0.1462,40395.8
947,4,73,1000,543.08,52,,9,0.5643,965.2,0.2641,26,step_limit,0.2346,40449.6
948,6,57,679,637.456,57,679,9,0.6777,1142.8,0.2542,15,complete,0.1807,40487.7
949,3,24,636,279.041,24,636,4,0.4953,789.5,0.337,65,complete,0.1882,40520.7
950,4,26,507,258.551,26,507,3,0.4517,759.7,0.2249,26,complete,0.1154,40542.7
951,6,20,184,142.66,20,184,0,0.3868,588.1,0.0491,1,complete,0.1092,40799.7
952,6,28,223,243.777,28,223,1,0.6106,808.7,0.225,3,complete,0.1208,40812.8
953,3,42,1000,405.814,38,,6,0.4777,760.1,0.3134,51,step_limit,0.1828,40866.2
954,3,30,713,329.297,30,713,4,0.539,747.0,0.3531,99,complete,0.2048,40904.5
955,5,38,411,435.818,38,411,5,0.4594,684.0,0.1382,2,complete,0.1051,40927.6
956,4,33,405,404.818,33,405,5,0.4772,720.2,0.1568,13,complete,0.1184,40950.2
957,3,42,1000,380.676,38,,6,0.493,790.6,0.3507,76,step_limit,0.2526,41004.7
958,6,34,361,368.999,34,361,4,0.5674,726.5,0.1031,6,complete,0.1121,41026.1
959,3,80,1000,612.381,52,,10,0.45,606.7,0.4573,73,step_limit,0.2222,41082.0
960,6,66,504,879.366,66,504,12,0.4805,800.4,0.0887,8,complete,0.0993,41108.3
961,3,70,1000,631.017,52,,10,0.4543,672.3,0.264,62,step_limit,0.1713,41154.8
962,4,47,673,549.471,47,673,7,0.4892,842.3,0.1913,25,complete,0.1618,41188.1
963,6,27,251,193.607,27,251,0,0.678,873.3,0.188,5,complete,0.0921,41201.0
964,6,65,661,822.177,65,661,11,0.5731,867.2,0.179,8,complete,0.1172,41233.6
965,3,22,575,241.15,22,575,3,0.5328,721.6,0.2714,37,complete,0.1603,41259.5
966,4,28,704,238.126,28,704,3,0.6435,845.0,0.4223,49,complete,0.2121,41291.4
967,5,73,796,931.001,73,796,13,0.5146,673.6,0.2672,36,complete,0.1175,41332.7
968,5,62,657,723.682,62,657,9,0.53,821.2,0.2103,11,complete,0.1306,41366.1
969,6,55,554,677.255,55,554,9,0.5174,699.3,0.2584,9,complete,0.1169,41393.6
970,5,46,576,546.58,46,576,7,0.5358,871.7,0.2651,9,complete,0.1125,41424.7
971,5,34,590,340.985,34,590,5,0.6678,1053.1,0.204,8,complete,0.1942,41456.3
972,3,78,1000,743.356,60,,11,0.4267,701.0,0.1918,41,step_limit,0.1667,41509.5
973,4,78,1000,924.379,71,,14,0.3515,583.7,0.3189,61,step_limit,0.1212,41565.5
974,4,60,1000,602.2,53,,9,0.6378,964.8,0.2647,17,step_limit,0.2383,41616.3
975,6,52,439,598.779,52,439,7,0.5592,799.3,0.1659,7,complete,0.1368,41638.9
976,5,53,550,648.689,53,550,8,0.512,866.1,0.304,19,complete,0.115,41664.5
977,6,30,263,351.347,30,263,4,0.3302,585.6,0.1461,8,complete,0.1212,41677.7
978,6,45,441,514.407,45,441,6,0.6308,762.5,0.2302,5,complete,0.1054,41699.4
979,6,34,380,347.141,34,380,4,0.6732,1001.0,0.2026,2,complete,0.1307,41717.1
980,3,55,1000,489.156,43,,8,0.417,679.4,0.2814,24,step_limit,0.215,41766.5
981,5,49,978,502.529,49,978,8,0.617,1056.4,0.2156,9,complete,0.237,41812.6
982,3,26,728,291.414,26,728,4,0.3347,601.1,0.2013,39,complete,0.1343,41846.2
983,6,39,427,390.595,39,427,4,0.6792,1063.3,0.1573,4,complete,0.1448,41869.0
984,6,20,216,175.99,20,216,1,0.5995,775.7,0.116,2,complete,0.1034,41881.2
985,6,29,332,319.846,29,332,4,0.6315,1025.7,0.1478,2,complete,0.11,41900.4
986,5,59,1000,611.155,56,,9,0.6676,915.3,0.3611,22,step_limit,0.2121,41956.5
987,3,74,1000,856.489,66,,12,0.446,732.3,0.1596,19,step_limit,0.1905,42013.3
988,5,70,767,866.336,70,767,11,0.5317,827.4,0.2692,10,complete,0.1375,42057.4
989,6,34,327,369.474,34,327,4,0.5566,720.9,0.1728,4,complete,0.0782,42076.9
990,5,28,351,327.557,28,351,4,0.5761,872.1,0.2479,19,complete,0.1391,42096.6
991,5,76,996,973.286,76,996,14,0.602,937.3,0.2296,10,complete,0.1699,42155.4
992,4,40,804,450.105,40,804,7,0.5572,877.0,0.2724,17,complete,0.2111,42199.8
993,6,61,462,789.113,61,462,10,0.5657,755.1,0.1482,3,complete,0.0938,42227.5
994,4,49,1000,453.279,45,,7,0.636,996.2,0.3866,37,step_limit,0.2113,42281.3
995,6,33,368,318.514,33,368,3,0.5276,775.0,0.1539,4,complete,0.0952,42302.6
996,3,23,832,199.236,23,832,3,0.5341,771.7,0.2898,56,complete,0.2402,42347.3
997,6,46,439,535.964,46,439,7,0.6131,886.6,0.1641,3,complete,0.1643,42374.6
998,6,53,621,572.823,53,621,7,0.6506,897.3,0.2653,7,complete,0.136,42410.9
999,4,52,1000,563.499,49,,8,0.5345,781.4,0.3508,139,step_limit,0.2028,42466.2
1000,4,78,1000,879.15,71,,13,0.5475,735.2,0.184,13,step_limit,0.1884,42523.8
1001,4,65,1000,781.923,61,,12,0.6032,1060.9,0.261,13,step_limit,0.214,42837.2
1002,3,51,906,651.432,51,906,9,0.3554,657.6,0.1821,34,complete,0.165,42879.5
1003,5,23,419,232.876,23,419,3,0.4458,646.8,0.1648,7,complete,0.1209,42899.7
1004,3,73,1000,662.457,57,,9,0.355,657.3,0.3039,43,step_limit,0.181,42947.5
1005,3,31,825,366.715,31,825,6,0.4279,787.4,0.289,47,complete,0.1956,42994.6
1006,3,54,1000,670.056,51,,10,0.484,743.9,0.3236,41,step_limit,0.1592,43049.8
1007,3,61,1000,709.456,56,,10,0.4247,746.1,0.2775,39,step_limit,0.1793,43105.3
1008,4,56,1000,421.146,46,,7,0.5913,863.0,0.3538,38,step_limit,0.2804,43160.6
1009,4,65,1000,696.622,60,,10,0.612,951.5,0.3011,32,step_limit,0.2542,43218.2
1010,4,64,1000,698.516,60,,10,0.5663,881.8,0.3253,89,step_limit,0.2331,43274.3
1011,4,48,698,560.272,48,698,7,0.4946,768.6,0.264,21,complete,0.1353,43313.9
1012,5,77,838,1000.704,77,838,14,0.3835,667.0,0.2094,12,complete,0.1287,43362.9
1013,6,30,321,337.947,30,321,4,0.6391,904.7,0.2018,3,complete,0.1312,43381.2
1014,6,73,691,921.502,73,691,12,0.4385,635.4,0.2252,14,complete,0.1038,43421.1
1015,6,80,661,1038.982,80,661,14,0.4372,741.0,0.1709,10,complete,0.084,43456.9
1016,4,35,1000,296.162,32,,5,0.654,968.3,0.377,33,step_limit,0.2159,43503.3
1017,4,52,892,613.97,52,892,9,0.5521,893.9,0.3114,21,complete,0.2063,43547.5
1018,6,25,417,205.34,25,417,2,0.6235,878.2,0.1934,5,complete,0.1361,43567.5
1019,5,59,567,764.226,59,567,10,0.4236,538.2,0.1283,7,complete,0.1077,43596.5
1020,3,57,1000,601.959,50,,9,0.3343,611.8,0.253,38,step_limit,0.1526,43644.0
1021,3,78,1000,881.385,69,,12,0.4263,679.6,0.2567,54,step_limit,0.1545,43689.7
1022,3,68,1000,734.182,57,,11,0.367,664.0,0.2175,70,step_limit,0.1609,43729.9
1023,3,33,1000,373.379,32,,6,0.54,778.8,0.2658,30,step_limit,0.2174,43778.2
1024,3,77,1000,795.718,64,,11,0.435,774.2,0.2322,51,step_limit,0.2304,43826.0
1025,6,23,238,224.172,23,238,2,0.5336,627.6,0.0707,2,complete,0.0808,43838.5
1026,5,21,299,203.169,21,299,2,0.3786,528.8,0.1267,5,complete,0.1081,43852.4
1027,3,35,1000,414.3,34,,6,0.4923,759.3,0.37,75,step_limit,0.1648,43898.8
1028,5,41,531,476.401,41,531,6,0.6399,857.8,0.2588,18,complete,0.1278,43926.7
1029,5,21,230,177.81,21,230,1,0.5148,633.8,0.0572,3,complete,0.1176,43938.7
1030,4,54,920,627.481,54,920,8,0.5359,809.8,0.3271,18,complete,0.1466,43986.6
1031,4,72,992,930.976,72,992,13,0.5008,766.3,0.234,20,complete,0.158,44041.7
1032,5,48,626,592.804,48,626,8,0.6393,953.1,0.2172,13,complete,0.1605,44076.9
1033,3,32,759,358.877,32,759,5,0.4357,664.4,0.209,31,complete,0.1795,44118.9
1034,4,21,468,184.09,21,468,2,0.5369,729.3,0.1754,9,complete,0.185,44145.1
1035,3,57,1000,608.304,52,,8,0.4793,777.0,0.2364,35,step_limit,0.2152,44200.1
1036,4,56,1000,657.468,54,,10,0.602,878.7,0.323,58,step_limit,0.1828,44256.9
1037,4,53,1000,475.506,49,,7,0.564,1048.1,0.2145,20,step_limit,0.2898,44313.4
1038,5,29,327,336.012,29,327,4,0.5339,752.7,0.1195,6,complete,0.0978,44332.4
1039,3,45,901,538.394,45,901,7,0.5216,780.0,0.3026,53,complete,0.1773,44385.0
1040,3,23,452,225.288,23,452,2,0.5,716.4,0.2231,34,complete,0.156,44409.3
1041,6,20,204,127.97,20,204,0,0.531,714.9,0.0975,1,complete,0.1264,44421.1
1042,4,71,1000,632.602,59,,9,0.5008,836.8,0.2615,20,step_limit,0.2087,44476.0
1043,4,36,786,411.966,36,786,6,0.5805,842.4,0.2988,18,complete,0.1786,44519.2
1044,4,46,635,587.817,46,635,8,0.5157,678.9,0.1493,13,complete,0.1281,44555.4
1045,3,65,1000,651.222,52,,10,0.461,791.1,0.2397,31,step_limit,0.2254,44609.7
1046,5,53,489,617.88,53,489,7,0.5939,852.6,0.1762,7,complete,0.1548,44637.8
1047,5,77,1000,951.364,77,1000,14,0.4978,785.5,0.247,18,complete,0.1254,44694.7
1048,6,54,492,672.054,54,492,9,0.5457,820.1,0.134,5,complete,0.1265,44723.4
1049,3,75,1000,848.084,68,,11,0.4613,804.9,0.1852,25,step_limit,0.1905,44780.4
1050,5,66,814,825.558,66,814,11,0.4538,734.1,0.2803,25,complete,0.1236,44825.8
1051,4,46,818,550.31,46,818,8,0.5999,960.7,0.285,30,complete,0.1972,45106.4
1052,6,64,550,815.425,64,550,11,0.6348,954.9,0.1481,5,complete,0.1571,45135.6
1053,6,77,765,920.856,77,765,12,0.658,964.1,0.1969,6,complete,0.1441,45178.5
1054,4,50,857,585.056,50,857,8,0.5385,724.3,0.2341,16,complete,0.1642,45226.1
1055,3,33,822,381.295,33,822,5,0.4092,747.3,0.32,66,complete,0.177,45272.0
1056,5,55,474,703.209,55,474,9,0.3924,639.8,0.1357,6,complete,0.0593,45299.8
1057,6,78,702,967.967,78,702,13,0.6284,999.2,0.2011,7,complete,0.1494,45341.7
1058,3,74,1000,934.7,69,,13,0.3423,581.9,0.1718,36,step_limit,0.1202,45396.7
1059,5,76,790,1023.026,76,790,14,0.5927,836.1,0.2835,19,complete,0.1411,45441.5
1060,4,56,1000,651.421,54,,10,0.598,943.4,0.2588,55,step_limit,0.2179,45497.4
1061,6,46,709,537.143,46,709,8,0.6629,827.4,0.2504,5,complete,0.1415,45537.1
1062,6,55,610,684.236,55,610,10,0.5902,792.5,0.2425,10,complete,0.1333,45573.5
1063,5,54,590,670.065,54,590,9,0.5963,999.5,0.224,8,complete,0.1238,45607.8
1064,3,76,1000,804.736,64,,11,0.481,780.4,0.2108,24,step_limit,0.2062,45662.4
1065,4,23,299,258.431,23,299,3,0.5694,771.7,0.177,10,complete,0.0962,45678.7
1066,3,37,861,439.775,37,861,6,0.523,693.2,0.3091,120,complete,0.2097,45722.7
1067,3,76,1000,745.363,59,,11,0.4147,758.5,0.2417,40,step_limit,0.1799,45770.2
1068,6,77,742,990.688,77,742,14,0.5624,878.3,0.155,9,complete,0.1471,45807.6
1069,5,56,730,645.482,56,730,8,0.5962,966.8,0.2087,20,complete,0.1485,45843.0
1070,6,39,350,417.703,39,350,4,0.4743,582.6,0.1485,8,complete,0.0744,45860.1
1071,5,26,368,259.581,26,368,3,0.6185,989.1,0.2368,12,complete,0.1532,45877.2
1072,6,62,673,785.933,62,673,11,0.6377,918.4,0.1632,5,complete,0.1667,45908.9
1073,3,44,1000,459.105,41,,7,0.4627,758.4,0.2187,53,step_limit,0.2396,45954.7
1074,4,71,903,915.641,71,903,12,0.4228,664.0,0.2114,10,complete,0.1179,46000.0
1075,5,36,506,420.367,36,506,6,0.6913,999.5,0.169,8,complete,0.1831,46029.1
1076,3,53,883,705.144,53,883,10,0.3326,570.9,0.2361,31,complete,0.1067,46074.8
1077,3,47,1000,567.002,46,,8,0.517,775.1,0.3701,47,step_limit,0.1683,46125.5
1078,5,54,499,694.254,54,499,9,0.5038,686.7,0.2072,11,complete,0.0988,46150.4
1079,6,48,443,594.116,48,443,8,0.5309,818.5,0.108,3,complete,0.088,46175.1
1080,6,54,552,708.095,54,552,10,0.522,657.4,0.2454,7,complete,0.1315,46202.3
1081,5,28,378,240.118,28,378,2,0.6238,873.7,0.2508,9,complete,0.1435,46221.1
1082,4,37,521,453.041,37,521,6,0.4568,753.0,0.19,17,complete,0.1493,46246.2
1083,3,25,572,252.236,25,572,3,0.3188,559.8,0.2365,43,complete,0.1212,46272.6
1084,6,31,274,300.27,31,274,2,0.4258,604.1,0.1005,2,complete,0.065,46286.3
1085,6,46,407,515.663,46,407,6,0.6482,992.6,0.1552,9,complete,0.1718,46306.8
1086,4,30,559,319.173,30,559,4,0.5675,915.2,0.2085,15,complete,0.1774,46335.9
1087,6,20,235,173.77,20,235,1,0.6014,896.4,0.2182,9,complete,0.0833,46349.1
1088,3,55,1000,606.724,50,,9,0.496,763.2,0.2927,42,step_limit,0.215,46403.8
1089,5,45,465,548.406,45,465,7,0.5428,795.5,0.1825,6,complete,0.1059,46429.5
1090,5,23,337,249.607,23,337,3,0.4813,732.8,0.2007,11,complete,0.1122,46447.6
1091,3,25,299,295.678,25,299,3,0.2586,599.5,0.068,10,complete,0.075,46464.1
1092,4,46,736,540.96,46,736,7,0.4395,749.6,0.1436,17,complete,0.1344,46504.9
1093,5,61,806,766.454,61,806,11,0.5754,848.2,0.2477,12,complete,0.1182,46550.0
1094,5,63,740,781.556,63,740,10,0.6019,835.3,0.2085,10,complete,0.1232,46591.6
1095,3,27,554,309.291,27,554,4,0.515,765.2,0.2276,27,complete,0.1758,46621.7
1096,3,72,1000,597.963,52,,9,0.4773,750.8,0.1827,50,step_limit,0.2299,46677.3
1097,5,45,836,500.944,45,836,7,0.6282,939.7,0.3371,48,complete,0.1689,46723.5
1098,6,30,338,340.933,30,338,4,0.6213,970.0,0.254,6,complete,0.1354,46742.4
1099,5,74,1000,749.98,66,,12,0.6416,872.1,0.3024,21,step_limit,0.2165,46800.7
1100,4,37,452,491.206,37,452,7,0.427,655.1,0.1468,10,complete,0.1055,46826.9
1101,5,34,685,342.235,34,685,5,0.6645,1056.8,0.3192,20,complete,0.1973,47146.4
1102,4,40,879,425.32,40,879,6,0.5185,883.0,0.2673,24,complete,0.1758,47187.5
1103,6,64,552,784.255,64,552,10,0.5347,844.9,0.1937,10,complete,0.1069,47216.3
1104,6,35,397,359.243,35,397,4,0.6289,818.9,0.2343,4,complete,0.1178,47235.6
1105,3,57,1000,682.437,54,,10,0.439,723.8,0.243,35,step_limit,0.1776,47283.5
1106,5,71,768,946.692,71,768,13,0.413,689.5,0.2405,10,complete,0.1117,47320.4
1107,6,71,823,898.319,71,823,13,0.6385,937.2,0.2229,5,complete,0.1401,47361.7
1108,5,48,519,575.425,48,519,8,0.5171,782.8,0.141,8,complete,0.1065,47388.8
1109,4,55,640,725.727,55,640,10,0.4383,619.0,0.1627,15,complete,0.1371,47424.9
1110,4,34,874,360.628,34,874,6,0.5443,789.6,0.2488,12,complete,0.1906,47473.8
1111,6,61,593,729.092,61,593,9,0.5419,827.4,0.2212,11,complete,0.1255,47507.7
1112,5,34,728,333.394,34,728,5,0.6555,988.9,0.3532,13,complete,0.1918,47547.1
1113,5,45,657,556.694,45,657,8,0.5236,765.6,0.1755,9,complete,0.1086,47583.3
1114,3,76,1000,799.886,64,,11,0.4657,739.4,0.1911,38,step_limit,0.225,47640.0
1115,3,29,880,299.521,29,880,4,0.4693,787.0,0.2487,40,complete,0.2346,47687.6
1116,3,80,1000,792.256,61,,12,0.4043,735.6,0.2259,21,step_limit,0.1846,47744.9
1117,3,48,875,638.15,48,875,9,0.4663,736.0,0.2515,51,complete,0.1354,47791.9
1118,5,80,912,1027.687,80,912,14,0.4382,753.9,0.2348,19,complete,0.129,47844.1
1119,6,54,675,634.233,54,675,9,0.6291,945.3,0.1912,3,complete,0.1414,47882.4
1120,4,57,968,711.536,57,968,10,0.6167,926.4,0.2865,19,complete,0.1935,47936.4
1121,5,43,655,496.448,43,655,7,0.5542,903.9,0.2619,12,complete,0.1398,47969.0
1122,3,56,1000,615.716,51,,9,0.398,650.8,0.292,36,step_limit,0.1577,48017.0
1123,6,57,618,605.706,57,618,7,0.5779,808.5,0.2646,5,complete,0.1105,48046.7
1124,5,77,692,998.543,77,692,13,0.5254,787.2,0.1721,11,complete,0.106,48082.3
1125,3,30,838,323.897,30,838,5,0.4403,756.9,0.345,172,complete,0.1598,48124.7
1126,4,48,727,592.095,48,727,8,0.5117,708.9,0.1465,26,complete,0.1332,48160.1
1127,5,45,603,530.139,45,603,7,0.5781,715.2,0.2018,9,complete,0.1289,48188.6
1128,4,54,1000,574.481,51,,9,0.5783,820.9,0.3499,37,step_limit,0.2168,48239.1
1129,4,52,879,659.478,52,879,9,0.446,730.1,0.2588,15,complete,0.1136,48287.6
1130,4,42,893,480.28,42,893,7,0.5456,816.8,0.2611,20,complete,0.1477,48336.1
1131,5,68,797,836.576,68,797,11,0.5726,923.6,0.1833,10,complete,0.1388,48378.0
1132,4,65,1000,660.225,57,,10,0.5035,795.4,0.2773,25,step_limit,0.1966,48424.8
1133,4,32,638,315.105,32,638,4,0.366,584.9,0.1879,38,complete,0.1268,48456.2
1134,6,76,958,934.591,76,958,14,0.7124,1018.8,0.2796,6,complete,0.2222,48503.2
1135,6,79,598,1057.523,79,598,14,0.4156,653.5,0.1691,7,complete,0.0664,48535.8
1136,5,22,327,239.445,22,327,3,0.4575,839.2,0.0961,6,complete,0.1317,48551.1
1137,6,74,743,928.001,74,743,13,0.6557,966.0,0.2263,9,complete,0.1483,48587.9
1138,3,38,919,415.001,38,919,6,0.5082,792.9,0.2159,44,complete,0.2424,48629.4
1139,5,31,348,344.616,31,348,4,0.4552,700.4,0.0952,10,complete,0.12,48646.9
1140,4,47,766,574.998,47,766,8,0.5268,707.3,0.3169,37,complete,0.1433,48685.4
1141,4,37,587,444.947,37,587,6,0.5017,870.6,0.1587,9,complete,0.1493,48718.0
1142,4,53,1000,616.423,51,,9,0.6102,1026.2,0.3444,67,step_limit,0.2295,48772.3
1143,3,48,1000,354.142,38,,5,0.449,653.8,0.3733,69,step_limit,0.1868,48826.6
1144,4,70,1000,836.729,69,,11,0.54,887.7,0.2107,26,step_limit,0.1732,48886.7
1145,6,48,417,579.917,48,417,7,0.4652,588.3,0.134,8,complete,0.0769,48911.5
1146,4,45,1000,384.69,41,,6,0.5905,909.9,0.2356,23,step_limit,0.2652,48964.8
1147,6,49,451,590.283,49,451,7,0.5347,737.4,0.1825,6,complete,0.0946,48990.6
1148,5,22,374,205.164,22,374,2,0.5385,803.6,0.155,4,complete,0.1122,49011.4
1149,4,44,796,518.46,44,796,7,0.3414,600.5,0.1515,12,complete,0.1124,49055.6
1150,5,51,781,587.617,51,781,8,0.6533,1037.9,0.2552,19,complete,0.1854,49098.7
1151,3,63,1000,562.11,51,,8,0.3953,693.1,0.2741,52,step_limit,0.178,49392.1
1152,3,47,1000,478.915,42,,7,0.47,748.1,0.2715,53,step_limit,0.1944,49445.6
1153,4,44,1000,319.773,38,,5,0.6015,854.3,0.3816,48,step_limit,0.2577,49500.3
1154,5,39,363,416.594,39,363,4,0.4893,862.3,0.1693,8,complete,0.0721,49522.1
1155,3,52,1000,633.448,50,,9,0.484,761.9,0.2471,28,step_limit,0.2061,49576.9
1156,6,59,690,734.522,59,690,10,0.556,854.9,0.2371,5,complete,0.1039,49616.8
1157,3,33,881,367.706,33,881,5,0.5543,783.1,0.3107,40,complete,0.2691,49663.9
1158,5,55,1000,517.864,48,,9,0.5818,969.4,0.317,17,step_limit,0.1798,49719.8
1159,6,33,362,360.322,33,362,4,0.4337,713.1,0.1488,8,complete,0.102,49740.5
1160,5,71,1000,854.648,70,,13,0.667,1003.8,0.1675,10,step_limit,0.2275,49795.9
1161,5,78,934,987.544,78,934,14,0.5512,836.0,0.2471,23,complete,0.1559,49849.0
1162,4,27,350,323.141,27,350,4,0.3664,611.5,0.1635,13,complete,0.0966,49868.5
1163,3,71,1000,694.455,57,,10,0.4507,801.9,0.2865,30,step_limit,0.1725,49924.5
1164,5,24,391,217.179,24,391,2,0.6138,991.5,0.3211,10,complete,0.0933,49944.3
1165,4,47,651,558.228,47,651,7,0.4228,760.0,0.1999,18,complete,0.1559,49974.4
1166,5,79,952,1014.672,79,952,14,0.6227,952.6,0.2258,15,complete,0.1435,50022.2
1167,4,74,1000,834.642,68,,12,0.4353,772.4,0.2788,23,step_limit,0.1831,50072.1
1168,4,68,1000,830.126,66,,11,0.4555,631.5,0.2605,32,step_limit,0.1149,50122.7
1169,3,79,1000,865.542,67,,12,0.409,737.7,0.2033,24,step_limit,0.1445,50172.5
1170,4,39,537,473.253,39,537,6,0.4818,752.6,0.1285,12,complete,0.1197,50198.0
1171,5,25,344,262.72,25,344,3,0.3186,571.6,0.2276,10,complete,0.0605,50214.6
1172,3,21,554,188.285,21,554,2,0.2792,590.2,0.2158,25,complete,0.1176,50244.8
1173,6,53,503,634.126,53,503,8,0.4652,680.4,0.1555,4,complete,0.0919,50273.3
1174,4,51,773,634.794,51,773,9,0.4515,701.2,0.1604,11,complete,0.1569,50315.3
1175,3,74,1000,737.887,61,,10,0.4107,758.6,0.2509,39,step_limit,0.1751,50370.6
1176,4,66,1000,483.944,48,,9,0.5887,990.4,0.1991,19,step_limit,0.3065,50427.8
1177,4,66,867,827.102,66,867,11,0.4547,674.0,0.2371,19,complete,0.1293,50476.8
1178,5,39,752,389.208,39,752,6,0.6625,1074.2,0.262,14,complete,0.1925,50518.6
1179,4,21,503,202.918,21,503,3,0.6252,1053.3,0.2969,28,complete,0.1979,50548.9
1180,4,33,581,369.408,33,581,5,0.5521,753.3,0.2078,16,complete,0.123,50583.8
1181,3,41,1000,442.607,39,,6,0.516,784.7,0.3646,79,step_limit,0.2198,50636.2
1182,6,48,602,567.855,48,602,8,0.6365,892.2,0.264,9,complete,0.1409,50670.9
1183,5,22,509,186.845,22,509,2,0.7053,827.5,0.3377,22,complete,0.1347,50698.2
1184,6,24,172,220.18,24,172,1,0.4545,678.7,0.0985,3,complete,0.0538,50708.7
1185,4,79,1000,957.895,72,,14,0.5523,909.0,0.2549,32,step_limit,0.1612,50765.2
1186,3,43,944,513.329,43,944,7,0.4446,764.0,0.238,54,complete,0.2186,50810.5
1187,5,80,751,1040.2,80,751,14,0.539,766.9,0.1769,7,complete,0.1089,50847.9
1188,4,67,912,831.869,67,912,11,0.4394,656.2,0.2878,50,complete,0.1197,50892.3
1189,5,67,936,790.081,67,936,11,0.6498,1009.4,0.2544,12,complete,0.1683,50937.1
1190,4,28,476,317.36,28,476,4,0.5609,821.0,0.1691,6,complete,0.1525,50959.7
1191,4,67,1000,805.457,66,,11,0.545,886.2,0.2993,23,step_limit,0.1875,51008.5
1192,4,44,724,517.476,44,724,7,0.5625,797.6,0.1929,14,complete,0.1677,51045.1
1193,5,53,609,664.965,53,609,9,0.3714,635.1,0.1974,11,complete,0.0943,51080.1
1194,5,27,371,316.043,27,371,4,0.4173,632.8,0.1861,8,complete,0.116,51100.8
1195,6,57,475,720.023,57,475,9,0.3874,643.4,0.1843,5,complete,0.0706,51129.7
1196,4,74,797,977.485,74,797,13,0.4548,665.0,0.1505,15,complete,0.1229,51176.0
1197,6,25,343,299.756,25,343,4,0.6273,800.0,0.2361,7,complete,0.0795,51195.3
1198,6,35,419,396.254,35,419,5,0.57,868.6,0.2152,5,complete,0.1121,51218.6
1199,6,29,447,295.263,29,447,4,0.7002,1099.7,0.2499,11,complete,0.1667,51242.7
1200,3,40,889,467.098,40,889,6,0.384,659.9,0.2252,44,complete,0.1188,51287.4
1201,3,43,962,507.624,43,962,7,0.466,688.4,0.263,25,complete,0.1806,51586.2
1202,4,25,352,278.816,25,352,3,0.4055,523.3,0.1495,26,complete,0.0795,51607.1
1203,3,48,881,620.578,48,881,9,0.4222,668.0,0.2632,37,complete,0.1667,51656.1
1204,4,59,1000,579.407,54,,8,0.618,1043.9,0.2893,29,step_limit,0.2257,51713.4
1205,6,53,410,686.992,53,410,9,0.4943,746.8,0.062,4,complete,0.0791,51738.2
1206,3,45,934,571.084,45,934,8,0.48,757.6,0.3024,33,complete,0.1875,51788.9
1207,3,72,1000,672.921,55,,10,0.4737,795.6,0.3634,72,step_limit,0.2213,51844.7
1208,3,68,1000,757.306,59,,11,0.4567,743.2,0.2732,41,step_limit,0.209,51900.0
1209,5,37,537,440.082,37,537,6,0.6171,827.4,0.1916,10,complete,0.1508,51929.8
1210,4,40,547,510.565,40,547,7,0.5005,886.2,0.1941,12,complete,0.1622,51962.2
1211,5,40,472,501.787,40,472,7,0.4576,683.4,0.1771,19,complete,0.1262,51988.6
1212,6,47,401,507.408,47,401,5,0.6168,922.4,0.1636,1,complete,0.0942,52012.3
1213,6,44,354,488.142,44,354,5,0.604,903.1,0.1302,4,complete,0.1186,52033.5
1214,4,54,820,705.504,54,820,10,0.575,858.7,0.2243,17,complete,0.1471,52078.8
1215,3,71,1000,768.29,60,,11,0.477,708.8,0.3357,59,step_limit,0.1877,52127.6
1216,6,68,834,831.469,68,834,12,0.6743,1043.1,0.2836,9,complete,0.1639,52169.3
1217,3,48,903,606.397,48,903,8,0.5109,788.7,0.215,30,complete,0.1979,52212.2
1218,5,37,373,432.62,37,373,5,0.5346,783.9,0.3242,10,complete,0.0982,52230.3
1219,4,80,1000,1009.135,79,,14,0.5145,892.3,0.1922,17,step_limit,0.1786,52280.5
1220,4,63,1000,747.762,62,,10,0.5707,796.0,0.324,40,step_limit,0.1895,52328.1
1221,3,21,637,226.419,21,637,3,0.5008,760.5,0.2427,77,complete,0.1667,52357.6
1222,3,59,1000,657.567,52,,10,0.3223,639.7,0.2354,68,step_limit,0.1433,52412.1
1223,4,25,433,296.368,25,433,4,0.5641,883.7,0.2061,10,complete,0.149,52436.5
1224,4,53,718,637.122,53,718,8,0.5097,745.5,0.255,20,complete,0.1562,52477.7
1225,3,66,1000,655.279,56,,9,0.3877,678.3,0.325,105,step_limit,0.1723,52533.1
1226,5,39,351,426.04,39,351,4,0.3624,628.9,0.2414,9,complete,0.0885,52553.1
1227,6,70,544,854.66,70,544,10,0.5417,783.9,0.1844,6,complete,0.104,52584.6
1228,3,52,1000,539.563,46,,8,0.4517,780.6,0.3088,39,step_limit,0.2107,52640.2
1229,3,43,1000,505.309,41,,8,0.4863,706.2,0.3649,76,step_limit,0.1959,52697.3
1230,3,79,1000,757.276,62,,11,0.4857,730.5,0.2045,25,step_limit,0.2361,52753.4
1231,4,30,328,388.527,30,328,5,0.5114,617.8,0.1129,4,complete,0.125,52772.7
1232,4,67,713,893.99,67,713,12,0.4495,607.9,0.1796,15,complete,0.1075,52813.5
1233,5,36,533,432.086,36,533,6,0.6229,852.7,0.2318,10,complete,0.1364,52844.2
1234,4,71,1000,772.861,65,,11,0.4878,745.6,0.2678,17,step_limit,0.1667,52901.1
1235,5,57,646,700.586,57,646,9,0.6173,910.7,0.2089,11,complete,0.1222,52939.5
1236,6,53,613,613.76,53,613,8,0.6533,879.5,0.2574,8,complete,0.1536,52976.8
1237,5,71,1000,719.779,65,,11,0.6258,1021.5,0.292,27,step_limit,0.2145,53034.4
1238,6,65,795,762.122,65,795,11,0.6855,995.7,0.1822,6,complete,0.2054,53078.4
1239,4,60,1000,481.758,49,,7,0.6258,841.2,0.3262,24,step_limit,0.236,53126.4
1240,4,53,931,595.02,53,931,8,0.6147,1035.7,0.3305,78,complete,0.1748,53171.2
1241,3,80,1000,787.476,64,,11,0.4497,788.3,0.2213,34,step_limit,0.2186,53217.9
1242,5,25,267,270.97,25,267,3,0.4652,823.8,0.0602,0,complete,0.085,53232.6
1243,4,63,1000,713.514,62,,10,0.585,961.6,0.2919,16,step_limit,0.252,53288.5
1244,6,36,485,317.106,36,485,4,0.5357,923.3,0.2215,12,complete,0.1264,53311.1
1245,6,42,400,477.514,42,400,6,0.6167,982.8,0.165,5,complete,0.1473,53331.6
1246,4,34,316,392.431,34,316,4,0.3884,514.6,0.0973,10,complete,0.0573,53347.8
1247,5,41,732,455.266,41,732,6,0.5492,937.2,0.2355,8,complete,0.1537,53382.6
1248,5,56,542,696.293,56,542,9,0.5162,746.2,0.0982,9,complete,0.0918,53410.8
1249,4,52,804,640.005,52,804,9,0.4021,659.3,0.2027,20,complete,0.1495,53448.5
1250,3,29,706,312.158,29,706,4,0.5156,782.1,0.3207,32,complete,0.1836,53482.7
1251,4,71,1000,741.959,64,,10,0.602,878.6,0.3183,46,step_limit,0.2,53801.5
1252,5,79,1000,917.38,77,,12,0.6328,894.4,0.2238,13,step_limit,0.1476,53857.0
1253,6,71,685,883.292,71,685,12,0.6616,960.3,0.176,7,complete,0.1609,53897.1
1254,6,47,467,580.763,47,467,8,0.5871,806.5,0.1835,8,complete,0.1119,53923.9
1255,5,70,803,851.629,70,803,11,0.589,825.8,0.227,10,complete,0.1474,53969.5
1256,3,67,1000,595.42,51,,9,0.4547,667.1,0.2116,33,step_limit,0.1975,54025.2
1257,4,41,1000,358.907,40,,6,0.536,915.8,0.3519,46,step_limit,0.2574,54080.1
1258,5,41,387,471.333,41,387,5,0.5959,803.9,0.1098,3,complete,0.0825,54101.3
1259,4,67,928,866.071,67,928,12,0.5905,891.4,0.1864,13,complete,0.1738,54153.1
1260,3,20,483,228.035,20,483,3,0.4603,787.8,0.2229,20,complete,0.2029,54175.4
1261,4,45,500,599.142,45,500,8,0.492,834.5,0.1535,10,complete,0.1081,54199.9
1262,3,61,1000,681.887,55,,10,0.4347,792.6,0.2926,33,step_limit,0.2126,54248.5
1263,6,34,363,392.996,34,363,5,0.6047,756.6,0.1475,3,complete,0.1019,54267.5
1264,6,31,249,384.737,31,249,5,0.4324,574.4,0.1312,3,complete,0.0745,54280.6
1265,4,56,1000,652.604,55,,9,0.5653,858.1,0.2398,26,step_limit,0.1667,54328.2
1266,4,23,480,199.165,23,480,2,0.3724,527.0,0.3089,48,complete,0.0938,54351.3
1267,3,63,1000,653.949,55,,9,0.45,703.8,0.2567,28,step_limit,0.1724,54397.8
1268,3,39,957,502.621,39,957,7,0.4667,723.9,0.3707,49,complete,0.1648,54442.2
1269,5,70,677,911.507,70,677,12,0.5471,806.0,0.2049,10,complete,0.1151,54480.3
1270,5,39,462,469.015,39,462,6,0.5944,859.7,0.1628,7,complete,0.1176,54507.4
1271,3,74,1000,804.543,61,,12,0.3907,679.7,0.2721,30,step_limit,0.1328,54562.6
1272,5,20,376,181.95,20,376,2,0.6037,980.6,0.251,12,complete,0.13,54583.3
1273,3,27,769,283.382,27,769,4,0.5284,784.7,0.2779,25,complete,0.1857,54624.4
1274,3,34,1000,287.432,29,,5,0.5907,772.5,0.4754,131,step_limit,0.2392,54678.0
1275,3,29,803,348.834,29,803,5,0.5392,770.8,0.422,102,complete,0.1847,54720.0
1276,6,62,664,776.895,62,664,11,0.6441,966.5,0.1498,9,complete,0.1651,54758.1
1277,3,77,1000,909.395,68,,13,0.469,788.8,0.1958,43,step_limit,0.1653,54813.2
1278,3,59,1000,572.246,50,,8,0.5297,784.0,0.3184,85,step_limit,0.2399,54867.4
1279,6,39,517,399.231,39,517,5,0.6499,1028.5,0.2684,9,complete,0.1432,54895.3
1280,4,31,398,375.686,31,398,5,0.5584,765.6,0.1505,10,complete,0.1298,54917.7
1281,3,36,1000,354.686,33,,6,0.533,788.5,0.3516,77,step_limit,0.2645,54971.6
1282,4,39,694,448.394,39,694,6,0.4769,757.0,0.239,25,complete,0.1524,55010.1
1283,3,43,882,556.563,43,882,8,0.4543,764.7,0.2661,36,complete,0.163,55057.4
1284,5,25,363,288.57,25,363,4,0.6595,1004.0,0.1616,10,complete,0.1511,55077.0
1285,6,74,578,946.744,74,578,12,0.5069,689.3,0.1206,6,complete,0.0809,55110.3
1286,3,76,1000,789.323,63,,11,0.4733,718.5,0.2623,66,step_limit,0.2043,55167.8
1287,6,59,636,728.681,59,636,10,0.6137,886.3,0.2118,5,complete,0.1564,55205.6
1288,5,77,671,969.294,77,671,12,0.4742,669.4,0.1958,15,complete,0.1046,55243.9
1289,3,24,394,306.688,24,394,4,0.3562,607.2,0.2217,35,complete,0.1064,55265.6
1290,5,52,662,671.669,52,662,10,0.5997,864.3,0.1649,32,complete,0.1812,55302.8
1291,3,42,792,552.75,42,792,8,0.3864,759.1,0.1698,27,complete,0.1512,55346.5
1292,3,77,1000,589.266,52,,9,0.4467,795.1,0.3501,47,step_limit,0.2162,55402.7
1293,5,76,904,989.307,76,904,14,0.598,924.4,0.2345,25,complete,0.1669,55457.4
1294,6,31,295,343.19,31,295,4,0.5684,807.5,0.1014,4,complete,0.1014,55471.8
1295,5,61,829,701.902,61,829,10,0.6683,951.5,0.2267,13,complete,0.2222,55513.2
1296,4,50,671,655.88,50,671,9,0.4765,748.0,0.2232,19,complete,0.1404,55545.4
1297,5,76,733,1014.212,76,733,14,0.5937,899.2,0.1688,8,complete,0.155,55581.7
1298,5,36,490,442.347,36,490,6,0.6245,766.4,0.2509,9,complete,0.1406,55605.8
1299,5,66,680,855.621,66,680,12,0.5012,781.8,0.1463,9,complete,0.1402,55640.8
1300,3,21,634,207.299,21,634,3,0.4706,701.9,0.2816,37,complete,0.1897,55666.3
1301,3,47,911,589.853,47,911,8,0.4596,773.9,0.2581,53,complete,0.1633,55961.8
1302,3,58,1000,653.995,53,,9,0.419,714.0,0.3089,65,step_limit,0.1788,56018.2
1303,5,61,554,736.931,61,554,9,0.6466,975.5,0.1881,13,complete,0.1705,56050.0
1304,3,67,1000,758.011,59,,11,0.4097,783.2,0.3085,37,step_limit,0.1538,56105.5
1305,6,61,462,784.503,61,462,10,0.5115,779.9,0.1076,4,complete,0.0794,56132.9
1306,3,79,1000,742.58,60,,11,0.3223,590.8,0.2705,45,step_limit,0.1417,56188.9
1307,5,73,724,963.615,73,724,13,0.529,738.2,0.1585,13,complete,0.1316,56231.2
1308,5,60,1000,599.708,57,,9,0.6588,1004.2,0.3317,30,step_limit,0.2248,56287.9
1309,6,77,794,988.534,77,794,14,0.5754,753.3,0.3588,19,complete,0.1284,56335.2
1310,5,72,786,899.54,72,786,12,0.5656,876.8,0.2036,24,complete,0.1361,56380.4
1311,3,60,1000,633.227,50,,10,0.4303,682.9,0.3575,48,step_limit,0.1746,56433.4
1312,5,59,750,679.322,59,750,9,0.5397,974.6,0.2135,9,complete,0.151,56470.5
1313,3,72,1000,590.811,51,,9,0.435,654.8,0.2753,45,step_limit,0.2018,56516.5
1314,4,67,1000,773.727,61,,12,0.612,838.5,0.2908,20,step_limit,0.1896,56563.5
1315,6,58,503,686.244,58,503,8,0.5484,849.3,0.1596,5,complete,0.0686,56589.3
1316,3,66,1000,640.139,55,,9,0.4997,747.8,0.2207,33,step_limit,0.1964,56638.4
1317,5,67,834,813.442,67,834,11,0.5731,892.8,0.3413,15,complete,0.1536,56678.2
1318,4,28,647,335.863,28,647,5,0.6012,979.6,0.2661,33,complete,0.1894,56709.3
1319,4,34,800,367.624,34,800,5,0.6128,887.1,0.3122,32,complete,0.1933,56754.9
1320,4,57,934,733.398,57,934,11,0.5567,864.5,0.1969,12,complete,0.2188,56808.0
1321,6,59,569,738.185,59,569,10,0.4259,639.9,0.2033,7,complete,0.0772,56842.1
1322,4,39,542,436.248,39,542,5,0.5489,856.4,0.2257,29,complete,0.1377,56871.6
1323,6,48,533,563.083,48,533,8,0.5775,879.4,0.2167,8,complete,0.1524,56902.1
1324,5,52,541,640.037,52,541,8,0.3996,686.3,0.2196,16,complete,0.1025,56933.7
1325,5,40,451,475.425,40,451,6,0.4488,646.8,0.1607,33,complete,0.0806,56959.4
1326,3,40,1000,279.275,34,,4,0.5123,800.3,0.3951,99,step_limit,0.2734,57013.5
1327,3,23,602,226.87,23,602,3,0.387,749.0,0.311,73,complete,0.2069,57045.6
1328,6,25,428,210.288,25,428,2,0.6269,806.3,0.2335,7,complete,0.1439,57068.6
1329,3,51,905,658.362,51,905,9,0.5171,795.8,0.2916,40,complete,0.208,57118.7
1330,6,42,461,436.85,42,461,5,0.697,1075.6,0.1939,4,complete,0.1643,57144.8
1331,6,48,722,514.013,48,722,8,0.705,979.7,0.2997,10,complete,0.207,57186.1
1332,5,21,311,234.855,21,311,3,0.6064,863.6,0.1819,3,complete,0.1263,57202.3
1333,6,42,436,444.935,42,436,5,0.6575,894.4,0.2267,5,complete,0.157,57227.1
1334,6,30,355,289.393,30,355,3,0.5901,904.1,0.141,8,complete,0.1054,57247.4
1335,5,52,548,624.292,52,548,8,0.4949,668.6,0.2429,12,complete,0.125,57280.6
1336,4,31,623,343.796,31,623,5,0.4659,731.8,0.1966,19,complete,0.1449,57313.5
1337,5,70,884,897.343,70,884,12,0.5477,737.6,0.2071,11,complete,0.1397,57363.5
1338,3,80,1000,815.145,66,,11,0.391,656.8,0.2458,63,step_limit,0.1598,57420.1
1339,5,74,760,944.162,74,760,13,0.4913,725.7,0.2364,13,complete,0.1274,57463.6
1340,5,77,1000,967.74,76,,14,0.6292,959.1,0.2063,12,step_limit,0.1813,57520.8
1341,5,30,444,351.883,30,444,5,0.3806,572.7,0.2744,15,complete,0.05,57545.7
1342,6,59,823,700.04,59,823,10,0.7175,1022.2,0.3272,14,complete,0.1735,57591.1
1343,5,28,383,317.779,28,383,4,0.5311,839.0,0.1448,8,complete,0.1038,57612.4
1344,4,48,937,571.253,48,937,8,0.4565,830.2,0.2433,45,complete,0.1745,57664.4
1345,3,61,1000,728.28,58,,10,0.4387,758.7,0.2653,54,step_limit,0.1593,57719.3
1346,4,54,899,675.573,54,899,10,0.4419,697.0,0.2557,15,complete,0.1683,57769.8
1347,4,68,1000,878.394,66,,13,0.5653,884.2,0.2322,56,step_limit,0.2126,57818.6
1348,4,25,301,306.32,25,301,4,0.5407,714.6,0.1407,8,complete,0.125,57830.3
1349,6,33,393,334.99,33,393,4,0.5305,844.8,0.2091,5,complete,0.1132,57847.5
1350,4,70,987,915.954,70,987,13,0.4329,719.0,0.292,26,complete,0.1402,57885.8
1351,4,42,590,530.848,42,590,7,0.4352,726.1,0.1619,16,complete,0.1507,58154.0
1352,3,30,795,332.863,30,795,5,0.4864,784.9,0.2802,39,complete,0.1925,58196.2
1353,3,55,1000,521.064,45,,8,0.445,718.3,0.3521,131,step_limit,0.2049,58248.9
1354,4,25,859,230.24,25,859,4,0.6272,957.6,0.3631,58,complete,0.2466,58294.3
1355,4,54,765,711.433,54,765,10,0.4095,573.7,0.283,28,complete,0.125,58336.8
1356,6,76,820,921.389,76,820,13,0.6514,1050.7,0.2396,5,complete,0.1639,58382.7
1357,4,61,1000,520.735,50,,9,0.609,894.8,0.3607,43,step_limit,0.2752,58438.3
1358,5,36,433,375.975,36,433,4,0.5132,869.3,0.217,11,complete,0.1158,58461.7
1359,3,38,961,456.688,38,961,7,0.5501,760.8,0.3138,43,complete,0.2163,58513.7
1360,4,22,596,222.624,22,596,3,0.4891,800.8,0.2773,11,complete,0.1389,58546.6
1361,3,53,1000,616.705,50,,9,0.4683,787.2,0.248,27,step_limit,0.2044,58594.1
1362,3,69,1000,657.945,54,,10,0.3933,777.1,0.3432,35,step_limit,0.1265,58645.8
1363,6,80,667,1013.642,80,667,13,0.6489,940.6,0.1792,17,complete,0.1078,58680.2
1364,4,73,1000,721.553,62,,11,0.506,847.4,0.2364,48,step_limit,0.2106,58728.3
1365,6,36,462,421.913,36,462,6,0.6973,974.7,0.2496,3,complete,0.1257,58751.3
1366,4,76,1000,754.895,64,,11,0.5917,856.3,0.2906,25,step_limit,0.1839,58800.4
1367,5,75,767,944.67,75,767,12,0.4336,687.8,0.2276,9,complete,0.095,58840.7
1368,6,47,644,470.509,47,644,6,0.5859,819.0,0.3219,8,complete,0.1565,58877.7
1369,5,68,949,850.499,68,949,12,0.6384,905.7,0.2898,14,complete,0.1736,58930.4
1370,5,48,554,591.394,48,554,8,0.6123,974.5,0.147,8,complete,0.1619,58963.9
1371,6,24,261,214.057,24,261,2,0.5619,799.1,0.1263,1,complete,0.1083,58978.9
1372,6,55,584,646.265,55,584,9,0.6279,911.4,0.2666,11,complete,0.1437,59012.5
1373,4,23,469,233.31,23,469,3,0.5197,728.6,0.2252,13,complete,0.1383,59038.1
1374,3,27,920,265.344,27,920,4,0.4844,766.7,0.3042,75,complete,0.2,59088.1
1375,4,63,1000,676.029,58,,10,0.5697,961.3,0.2435,21,step_limit,0.2058,59145.0
1376,6,56,805,632.964,56,805,9,0.6818,899.7,0.2455,16,complete,0.1667,59188.6
1377,4,60,1000,599.68,55,,9,0.5942,871.5,0.3119,32,step_limit,0.2396,59245.9
1378,3,73,1000,647.15,53,,10,0.429,729.3,0.3943,36,step_limit,0.1695,59302.3
1379,4,49,917,605.263,49,917,9,0.4768,790.5,0.2556,19,complete,0.1792,59352.0
1380,4,67,1000,767.657,63,,11,0.4027,675.3,0.3815,40,step_limit,0.1292,59406.6
1381,4,63,709,829.878,63,709,11,0.4284,854.2,0.222,22,complete,0.145,59447.1
1382,4,74,1000,664.535,60,,10,0.565,814.3,0.2451,30,step_limit,0.244,59503.0
1383,4,48,877,560.874,48,877,8,0.6095,867.9,0.329,14,complete,0.1733,59550.2
1384,6,26,286,292.594,26,286,4,0.6597,852.7,0.1585,0,complete,0.0853,59567.8
1385,4,38,609,497.303,38,609,7,0.4819,736.7,0.1333,9,complete,0.1267,59607.1
1386,3,20,586,205.1,20,586,3,0.4005,602.3,0.3107,71,complete,0.1667,59639.7
1387,5,36,456,434.936,36,456,6,0.6079,897.8,0.2625,10,complete,0.1258,59666.5
1388,3,50,1000,520.162,43,,8,0.477,731.7,0.2439,30,step_limit,0.17,59721.2
1389,4,77,975,1018.418,77,975,14,0.49,736.9,0.2032,26,complete,0.1377,59774.6
1390,6,20,211,145.36,20,211,0,0.4289,603.9,0.0336,0,complete,0.0758,59785.2
1391,6,64,604,782.594,64,604,10,0.58,778.4,0.188,9,complete,0.1044,59814.9
1392,4,63,1000,740.6,61,,11,0.5347,751.8,0.259,21,step_limit,0.1765,59863.8
1393,6,76,781,957.061,76,781,13,0.6609,1004.4,0.1812,5,complete,0.1391,59903.7
1394,5,23,382,208.248,23,382,2,0.699,967.2,0.2407,10,complete,0.2,59923.5
1395,4,25,469,289.312,25,469,4,0.5107,797.4,0.1555,20,complete,0.13,59945.8
1396,4,59,1000,659.517,57,,10,0.5585,907.8,0.2172,18,step_limit,0.2137,59995.4
1397,6,49,418,578.565,49,418,7,0.5415,782.7,0.1433,3,complete,0.1036,60016.9
1398,5,66,680,840.447,66,680,11,0.4897,747.8,0.2324,36,complete,0.112,60047.1
1399,3,69,1000,572.278,52,,8,0.4827,769.3,0.2664,34,step_limit,0.2264,60094.2
1400,3,50,1000,484.831,43,,7,0.4783,665.0,0.401,47,step_limit,0.1667,60140.2
1401,6,71,508,901.371,71,508,11,0.5098,717.0,0.0895,9,complete,0.0825,60438.2
1402,4,44,743,521.875,44,743,7,0.536,833.9,0.2676,16,complete,0.1449,60475.0
1403,4,67,1000,611.588,56,,9,0.5917,928.7,0.3216,40,step_limit,0.2389,60527.8
1404,5,45,444,481.478,45,444,5,0.5113,751.3,0.2936,14,complete,0.1061,60552.0
1405,4,39,842,430.864,39,842,6,0.636,1044.0,0.3799,27,complete,0.2147,60592.6
1406,4,67,998,858.614,67,998,12,0.5168,786.2,0.2498,25,complete,0.1555,60647.8
1407,6,73,1000,761.247,71,,11,0.7098,1111.2,0.3258,11,step_limit,0.1989,60699.1
1408,6,61,742,732.647,61,742,10,0.6579,916.9,0.2969,8,complete,0.1294,60741.2
1409,6,73,581,929.033,73,581,12,0.6308,825.0,0.2093,11,complete,0.1033,60776.7
1410,5,74,826,935.936,74,826,13,0.5833,940.7,0.1586,11,complete,0.1653,60827.5
1411,4,29,680,323.428,29,680,5,0.6276,901.7,0.2968,17,complete,0.1978,60867.3
1412,6,25,220,216.576,25,220,1,0.6182,826.9,0.1721,3,complete,0.0991,60880.6
1413,3,67,1000,436.476,44,,7,0.4907,717.3,0.4841,177,step_limit,0.229,60934.8
1414,4,55,1000,575.518,53,,8,0.6298,1048.3,0.2414,28,step_limit,0.2318,60993.3
1415,3,54,1000,566.244,48,,8,0.4867,775.5,0.2442,51,step_limit,0.2092,61048.6
1416,6,23,176,180.666,23,176,0,0.6127,798.0,0.109,2,complete,0.0914,61058.9
1417,6,70,815,835.88,70,815,11,0.4507,681.7,0.267,13,complete,0.1231,61104.8
1418,5,37,918,326.181,37,918,6,0.7098,1077.7,0.3324,17,complete,0.2545,61154.2
1419,3,42,883,517.181,42,883,7,0.4541,754.1,0.2248,39,complete,0.2128,61202.0
1420,6,49,599,528.684,49,599,6,0.5952,739.0,0.2482,15,complete,0.1037,61235.8
1421,5,31,322,356.739,31,322,4,0.5099,730.8,0.249,11,complete,0.0936,61255.1
1422,4,45,924,562.2,45,924,8,0.6491,827.6,0.4196,77,complete,0.2071,61306.4
1423,6,34,283,412.838,34,283,5,0.3981,712.7,0.1276,2,complete,0.0481,61322.7
1424,4,23,614,188.831,23,614,3,0.59,812.6,0.3728,31,complete,0.2203,61356.2
1425,4,56,1000,594.196,52,,9,0.6212,1048.2,0.2366,23,step_limit,0.2638,61412.4
1426,6,80,757,1000.195,80,757,13,0.6634,887.5,0.1702,6,complete,0.1613,61457.2
1427,6,76,563,1007.415,76,563,13,0.4778,680.4,0.1327,6,complete,0.0857,61491.6
1428,6,31,382,319.312,31,382,4,0.6798,1013.3,0.1732,8,complete,0.141,61513.8
1429,3,48,1000,544.771,45,,8,0.4817,783.0,0.3235,44,step_limit,0.1863,61568.4
1430,3,37,984,417.188,37,984,6,0.4797,715.9,0.2796,36,complete,0.2674,61621.0
1431,5,26,541,229.354,26,541,3,0.6976,1127.7,0.3009,18,complete,0.2255,61651.6
1432,6,72,684,883.982,72,684,12,0.6501,971.0,0.1567,3,complete,0.1739,61692.9
1433,3,67,1000,616.679,52,,9,0.5033,787.5,0.2651,44,step_limit,0.2155,61747.8
1434,5,69,655,882.482,69,655,12,0.4183,591.1,0.1578,24,complete,0.0893,61785.5
1435,6,40,466,416.275,40,466,5,0.5343,729.6,0.2954,4,complete,0.1422,61812.4
1436,3,52,1000,488.593,43,,7,0.3613,685.7,0.2872,55,step_limit,0.1509,61867.9
1437,3,25,631,276.046,25,631,4,0.3893,758.2,0.2325,28,complete,0.1556,61901.0
1438,6,45,489,510.278,45,489,6,0.3957,587.9,0.0436,1,complete,0.1005,61925.2
1439,6,68,573,840.349,68,573,11,0.5989,842.7,0.2136,7,complete,0.1221,61954.4
1440,4,31,588,347.19,31,588,5,0.6012,852.1,0.32,17,complete,0.1958,61983.3
1441,3,60,1000,627.842,52,,9,0.5317,777.3,0.2144,22,step_limit,0.2222,62030.7
1442,5,23,454,218.909,23,454,3,0.4789,823.4,0.1649,11,complete,0.1458,62055.5
1443,3,58,1000,498.43,45,,8,0.44,737.4,0.2549,20,step_limit,0.2124,62103.5
1444,4,65,1000,826.145,64,,12,0.5857,937.2,0.2419,31,step_limit,0.1639,62151.3
1445,3,45,733,593.17,45,733,8,0.387,523.9,0.1845,26,complete,0.0985,62187.3
1446,3,50,1000,567.982,48,,8,0.4887,738.3,0.2922,55,step_limit,0.2549,62230.1
1447,6,30,257,346.16,30,257,4,0.4254,803.8,0.0404,0,complete,0.1151,62242.0
1448,3,28,800,287.107,28,800,4,0.4258,787.3,0.3199,51,complete,0.2176,62273.8
1449,6,33,528,349.641,33,528,5,0.6941,1084.1,0.1634,5,complete,0.1882,62295.0
1450,3,34,713,433.136,34,713,6,0.5058,727.5,0.2971,37,complete,0.1857,62319.3
