episode,n_drones,n_dests,steps,team_reward,delivered,makespan,reloads,hop2plus,max_reach,stall_ratio,max_stall_run,term_reason,relay_frac,wall_sec
1,4,43,1000,318.716,36,,5,0.6188,803.7,0.4674,116,step_limit,0.0844,4.7
2,3,74,1000,641.195,56,,9,0.2403,458.7,0.3657,50,step_limit,0.0667,10.2
3,4,43,1000,404.242,39,,6,0.3255,536.7,0.212,50,step_limit,0.0767,15.3
4,3,23,1000,84.609,19,,2,0.5483,761.6,0.3819,56,step_limit,0.081,19.7
5,3,31,1000,142.461,24,,3,0.444,693.5,0.5114,73,step_limit,0.1733,35.1
6,3,68,1000,716.866,58,,10,0.3837,672.4,0.3728,152,step_limit,0.2193,88.9
7,4,44,725,494.573,44,725,6,0.5779,836.7,0.3037,124,complete,0.3689,130.1
8,4,30,352,314.28,30,352,3,0.5455,768.9,0.1961,11,complete,0.2807,151.7
9,4,42,626,-26.916,16,,0,0.6494,479.3,0.7906,499,no_progress,0.2885,185.5
10,4,47,599,592.576,47,599,8,0.5,859.8,0.0801,14,complete,0.2935,220.3
11,4,21,531,150.646,21,531,2,0.4482,586.4,0.4763,132,complete,0.2591,249.8
12,3,37,967,416.095,37,967,6,0.5157,743.1,0.5142,250,complete,0.2867,302.1
13,4,28,267,286.191,28,267,2,0.486,621.3,0.0269,10,complete,0.2073,317.8
14,3,41,760,487.049,41,760,6,0.5202,773.1,0.1364,36,complete,0.3333,359.5
15,3,66,1000,792.486,61,,11,0.446,787.1,0.152,31,step_limit,0.2849,416.3
16,3,71,1000,749.407,61,,10,0.4143,669.0,0.1807,50,step_limit,0.3,469.6
17,3,24,647,270.79,24,647,4,0.5585,800.8,0.2289,59,complete,0.371,508.3
18,4,49,712,591.006,49,712,8,0.4431,740.8,0.2148,19,complete,0.2952,548.9
19,4,34,589,414.369,34,589,6,0.57,870.7,0.2308,23,complete,0.3795,582.5
20,3,48,1000,417.112,39,,7,0.494,726.3,0.4805,391,step_limit,0.2083,635.2
21,3,63,1000,750.462,60,,10,0.4647,763.8,0.2036,36,step_limit,0.3382,691.5
22,4,46,721,550.412,46,721,8,0.5413,798.2,0.1706,14,complete,0.294,730.4
23,3,44,1000,495.198,42,,7,0.5197,766.8,0.3249,112,step_limit,0.3393,786.7
24,4,41,617,507.857,41,617,7,0.5223,833.9,0.1481,13,complete,0.311,822.0
25,4,38,624,414.472,38,624,5,0.5853,877.4,0.2552,59,complete,0.2804,856.6
26,4,77,1000,814.358,71,,11,0.5435,895.0,0.2453,19,step_limit,0.3279,910.5
27,3,41,922,445.157,41,922,6,0.4928,778.6,0.27,57,complete,0.4043,961.8
28,4,52,1000,539.938,50,,8,0.6275,999.8,0.2674,19,step_limit,0.4364,1019.5
29,4,72,1000,706.478,63,,10,0.6015,860.5,0.1963,13,step_limit,0.382,1074.5
30,4,61,1000,586.557,56,,8,0.611,983.8,0.2697,23,step_limit,0.4449,1131.0
31,4,45,585,512.236,45,585,6,0.553,958.5,0.1986,15,complete,0.2711,1164.3
32,3,68,1000,811.379,64,,11,0.4987,790.1,0.2185,39,step_limit,0.2755,1219.7
33,3,35,735,420.084,35,735,6,0.4145,701.1,0.332,124,complete,0.2597,1259.0
34,3,24,355,271.687,24,355,3,0.354,656.1,0.1334,26,complete,0.2917,1279.2
35,3,58,1000,721.991,57,,10,0.4337,785.4,0.2868,75,step_limit,0.2377,1337.5
36,3,64,1000,697.7,56,,10,0.5063,781.0,0.1799,20,step_limit,0.3051,1392.5
37,4,58,1000,643.0,55,,10,0.6318,994.7,0.2658,20,step_limit,0.4045,1446.2
38,3,77,1000,699.695,56,,11,0.492,785.0,0.2621,55,step_limit,0.3035,1501.4
39,3,28,917,199.876,23,,3,0.5998,786.5,0.6531,490,no_progress,0.3882,1548.9
40,3,37,750,478.065,37,750,7,0.3729,691.4,0.2737,38,complete,0.2452,1589.2
41,4,59,1000,633.925,56,,9,0.3468,634.1,0.4567,118,step_limit,0.1702,1644.2
42,4,58,987,671.796,58,987,9,0.5874,991.6,0.2276,50,complete,0.377,1699.8
43,4,20,397,220.28,20,397,3,0.5894,890.8,0.1668,10,complete,0.3021,1720.2
44,4,30,354,343.027,30,354,4,0.4054,661.9,0.2093,21,complete,0.2125,1740.1
45,4,39,489,475.978,39,489,6,0.5138,831.1,0.094,12,complete,0.31,1764.8
46,4,32,432,352.508,32,432,4,0.5295,816.8,0.1521,12,complete,0.3254,1784.8
47,4,35,1000,247.634,31,,3,0.6783,863.2,0.6947,497,step_limit,0.3247,1828.0
48,4,39,672,380.607,39,672,4,0.6615,1060.2,0.2272,23,complete,0.3487,1855.0
49,4,47,788,581.654,47,788,8,0.4943,829.5,0.3236,23,complete,0.2553,1887.5
50,3,72,1000,853.204,65,,12,0.437,748.2,0.2133,54,step_limit,0.224,1927.0
51,3,71,1000,821.07,66,,11,0.3563,569.8,0.3105,101,step_limit,0.1707,2408.8
52,3,45,768,580.513,45,768,8,0.4184,625.8,0.2144,26,complete,0.2355,2450.8
53,4,64,891,832.166,64,891,12,0.3179,571.5,0.2806,31,complete,0.1854,2499.6
54,4,24,579,193.257,24,579,2,0.69,997.0,0.429,81,complete,0.307,2530.4
55,4,60,1000,509.213,51,,8,0.4705,1002.5,0.3103,42,step_limit,0.2652,2585.9
56,4,20,419,160.62,20,419,1,0.6432,821.2,0.3177,11,complete,0.2784,2610.3
57,4,61,880,769.639,61,880,11,0.5057,842.5,0.2366,20,complete,0.2378,2659.1
58,4,77,1000,766.021,67,,11,0.439,764.0,0.4198,26,step_limit,0.2103,2717.1
59,4,40,1000,357.66,39,,5,0.6545,1050.2,0.4272,55,step_limit,0.3428,2771.8
60,3,76,1000,745.891,60,,11,0.406,755.8,0.2606,58,step_limit,0.2308,2829.9
61,4,66,1000,777.806,64,,11,0.5258,925.1,0.1652,17,step_limit,0.2829,2886.5
62,4,43,587,574.622,43,587,8,0.5,831.5,0.1891,8,complete,0.2346,2919.7
63,4,57,1000,640.126,55,,9,0.547,777.1,0.3576,51,step_limit,0.284,2974.8
64,3,52,1000,588.085,47,,9,0.4857,761.6,0.3515,67,step_limit,0.2647,3031.2
65,4,42,484,504.745,42,484,6,0.5191,822.0,0.1858,11,complete,0.1644,3059.5
66,3,41,958,497.199,41,958,7,0.4868,775.0,0.3859,60,complete,0.2454,3112.7
67,4,23,459,272.683,23,459,4,0.3693,749.0,0.1665,10,complete,0.195,3138.1
68,4,77,910,1020.592,77,910,14,0.3607,682.5,0.2756,13,complete,0.1357,3192.6
69,3,48,791,617.914,48,791,8,0.3599,602.1,0.2434,73,complete,0.1409,3238.6
70,3,69,1000,461.722,46,,7,0.384,652.2,0.2138,44,step_limit,0.1327,3293.8
71,4,34,656,373.231,34,656,5,0.4188,645.9,0.2424,10,complete,0.1916,3329.5
72,4,61,1000,632.092,56,,9,0.6235,1059.0,0.3064,16,step_limit,0.2788,3382.4
73,4,50,1000,414.872,42,,7,0.6065,903.9,0.3924,34,step_limit,0.301,3437.9
74,3,70,1000,596.15,53,,8,0.3607,596.5,0.4106,135,step_limit,0.1397,3493.8
75,4,21,321,245.274,21,321,3,0.5,743.6,0.1565,7,complete,0.2391,3511.0
76,3,49,1000,501.302,43,,8,0.4627,731.4,0.3108,38,step_limit,0.2623,3567.2
77,3,67,1000,685.458,56,,10,0.5217,784.5,0.2629,59,step_limit,0.25,3623.4
78,3,34,633,426.557,34,633,6,0.4639,631.7,0.1711,23,complete,0.1826,3659.6
79,4,31,687,298.623,31,687,4,0.5346,831.5,0.3147,18,complete,0.2568,3698.1
80,3,44,810,171.914,24,,3,0.5621,503.9,0.7627,495,no_progress,0.2097,3741.1
81,4,71,1000,801.803,65,,12,0.5942,984.4,0.2687,16,step_limit,0.26,3798.1
82,3,59,1000,613.322,51,,9,0.3633,645.0,0.4313,96,step_limit,0.1242,3850.6
83,4,21,621,149.16,21,621,1,0.186,637.7,0.1545,10,complete,0.1182,3884.5
84,3,41,966,453.159,41,966,6,0.5311,798.5,0.3901,57,complete,0.2483,3929.9
85,4,38,797,455.32,38,797,7,0.6236,1051.1,0.2736,25,complete,0.3207,3969.3
86,4,64,1000,769.487,62,,11,0.498,781.5,0.275,19,step_limit,0.244,4015.4
87,4,24,686,207.093,24,686,3,0.664,964.3,0.293,20,complete,0.3269,4047.4
88,4,66,1000,833.709,66,1000,12,0.4627,798.7,0.2446,24,complete,0.244,4094.4
89,4,20,336,197.04,20,336,2,0.6019,821.8,0.2128,21,complete,0.2674,4111.1
90,4,37,629,448.926,37,629,6,0.4078,666.0,0.2155,18,complete,0.1507,4142.3
91,3,60,1000,657.025,53,,10,0.4713,712.0,0.3554,80,step_limit,0.2327,4193.9
92,3,37,1000,356.257,34,,6,0.592,732.1,0.4954,139,step_limit,0.2584,4236.5
93,3,27,906,270.831,27,906,5,0.4809,700.9,0.3916,63,complete,0.2798,4272.4
94,3,76,1000,662.484,58,,9,0.41,743.7,0.4484,178,step_limit,0.1478,4314.7
95,4,30,471,343.547,30,471,4,0.5122,783.3,0.1625,21,complete,0.2237,4333.3
96,4,34,605,383.765,34,605,5,0.6128,1032.5,0.2004,10,complete,0.2717,4357.7
97,4,35,762,353.851,35,762,5,0.5804,963.3,0.3542,25,complete,0.2963,4387.8
98,4,39,553,468.957,39,553,6,0.5791,690.3,0.2206,32,complete,0.1926,4412.1
99,4,69,1000,643.101,57,,10,0.6475,1021.4,0.2529,19,step_limit,0.3214,4454.0
100,4,80,1000,892.565,71,,13,0.4163,666.7,0.3367,17,step_limit,0.1719,4500.8
101,3,62,1000,532.248,48,,8,0.3407,628.7,0.4062,166,step_limit,0.1963,5060.1
102,3,30,810,332.61,30,810,5,0.3737,668.8,0.3075,118,complete,0.2375,5097.6
103,4,75,1000,940.112,73,,13,0.5495,793.7,0.2166,19,step_limit,0.2553,5151.5
104,3,39,1000,383.431,37,,5,0.498,768.1,0.4089,193,step_limit,0.2687,5206.1
105,4,24,540,246.383,24,540,3,0.5671,859.3,0.2605,9,complete,0.2328,5236.2
106,4,73,1000,908.729,71,,13,0.5583,938.1,0.2371,40,step_limit,0.2646,5293.2
107,4,25,417,288.312,25,417,4,0.5288,798.7,0.2486,24,complete,0.2453,5314.9
108,3,69,1000,681.757,58,,9,0.5067,788.6,0.2447,31,step_limit,0.2899,5369.8
109,3,25,451,303.682,25,451,4,0.3932,719.2,0.1474,24,complete,0.2372,5394.7
110,3,26,1000,148.958,22,,3,0.4727,770.8,0.4219,90,step_limit,0.2954,5447.7
111,3,21,462,236.483,21,462,3,0.5094,759.4,0.333,64,complete,0.2482,5472.3
112,4,31,428,346.983,31,428,4,0.2956,645.2,0.1432,10,complete,0.1741,5496.8
113,3,57,1000,628.068,50,,10,0.4747,752.5,0.2231,28,step_limit,0.2222,5551.5
114,4,64,1000,651.363,60,,9,0.6138,850.1,0.3061,19,step_limit,0.2949,5609.8
115,4,57,888,755.091,57,888,11,0.5253,903.8,0.2339,15,complete,0.241,5661.7
116,3,78,1000,620.565,54,,9,0.4853,762.2,0.4947,293,step_limit,0.2183,5719.8
117,4,76,1000,606.111,58,,9,0.6042,854.1,0.3205,16,step_limit,0.3064,5780.8
118,3,59,1000,697.553,56,,10,0.3763,687.1,0.3604,112,step_limit,0.1885,5835.7
119,3,73,1000,477.952,47,,7,0.4833,771.6,0.526,215,step_limit,0.2896,5888.6
120,3,68,1000,570.537,49,,9,0.4343,652.4,0.3983,87,step_limit,0.1918,5944.4
121,4,59,1000,641.281,56,,9,0.5843,946.9,0.2789,27,step_limit,0.3458,5999.9
122,4,55,641,661.276,55,641,8,0.514,841.8,0.2036,15,complete,0.2214,6038.0
123,3,22,774,205.603,22,774,3,0.4518,627.5,0.3049,36,complete,0.2978,6078.7
124,3,57,895,745.108,57,895,10,0.4369,653.0,0.2106,42,complete,0.1983,6126.9
125,3,29,742,276.74,29,742,3,0.4501,744.4,0.2115,28,complete,0.2361,6166.7
126,4,80,1000,938.645,73,,14,0.5155,861.3,0.2281,16,step_limit,0.2446,6221.6
127,4,23,385,212.043,23,385,2,0.5857,846.2,0.1909,10,complete,0.2784,6238.5
128,3,75,1000,567.88,50,,9,0.4943,657.2,0.4555,171,step_limit,0.2448,6287.8
129,4,31,995,272.961,31,995,5,0.6593,1025.8,0.4079,12,complete,0.4299,6333.2
130,4,26,381,270.145,26,381,3,0.414,574.5,0.1689,19,complete,0.1531,6352.5
131,4,57,813,704.729,57,813,9,0.5304,720.9,0.1911,19,complete,0.2019,6394.5
132,3,51,1000,534.688,46,,8,0.5337,773.5,0.3078,60,step_limit,0.2857,6441.9
133,4,36,709,379.873,36,709,5,0.6058,1002.2,0.1852,13,complete,0.3678,6475.2
134,4,49,992,611.161,49,992,9,0.6106,929.0,0.3359,40,complete,0.2818,6523.0
135,3,56,1000,668.055,55,,9,0.5213,791.3,0.2866,30,step_limit,0.2333,6571.2
136,3,38,915,431.166,38,915,6,0.5053,744.8,0.2677,29,complete,0.2584,6611.5
137,4,37,494,424.575,37,494,5,0.4843,689.3,0.1042,11,complete,0.1706,6633.1
138,4,68,1000,794.794,64,,12,0.5733,789.2,0.2583,39,step_limit,0.2805,6673.7
139,3,63,1000,744.819,59,,10,0.3567,653.9,0.269,44,step_limit,0.1507,6714.0
140,4,64,829,776.34,64,829,10,0.5452,846.1,0.3038,17,complete,0.2417,6747.8
141,3,48,984,615.174,48,984,9,0.4516,716.2,0.3221,54,complete,0.2621,6792.3
142,4,69,975,851.394,69,975,12,0.4621,762.3,0.2695,47,complete,0.2008,6839.8
143,3,58,1000,664.988,55,,9,0.421,704.2,0.2719,74,step_limit,0.2282,6891.5
144,4,55,944,666.211,55,944,9,0.6046,925.0,0.2635,30,complete,0.25,6939.7
145,3,39,959,444.061,39,959,6,0.5645,787.3,0.3544,93,complete,0.2589,6988.4
146,3,60,873,776.18,60,873,10,0.4028,591.8,0.1676,44,complete,0.1442,7028.9
147,3,44,674,558.612,44,674,7,0.3892,648.2,0.1771,27,complete,0.1765,7061.0
148,4,50,1000,492.56,47,,7,0.5158,863.4,0.3953,24,step_limit,0.25,7106.6
149,3,36,666,445.562,36,666,6,0.4369,665.0,0.2483,91,complete,0.1918,7139.2
150,4,78,1000,869.744,71,,12,0.535,876.0,0.2941,31,step_limit,0.2558,7187.8
151,3,64,1000,768.636,59,,11,0.3247,545.3,0.2886,46,step_limit,0.1609,7819.4
152,4,21,265,251.476,21,265,3,0.3792,655.1,0.1274,9,complete,0.1513,7833.9
153,4,76,1000,888.889,72,,12,0.548,823.2,0.2961,57,step_limit,0.2369,7889.7
154,3,40,813,468.79,40,813,6,0.4953,729.6,0.316,56,complete,0.2273,7936.2
155,3,64,1000,687.738,55,,10,0.4147,590.6,0.3188,64,step_limit,0.211,7989.8
156,4,50,1000,535.512,47,,8,0.6208,929.5,0.4026,53,step_limit,0.2821,8046.3
157,3,56,1000,678.893,55,,9,0.3587,697.7,0.2309,43,step_limit,0.1949,8102.0
158,4,67,1000,803.725,66,,11,0.584,886.2,0.3164,40,step_limit,0.264,8157.4
159,4,78,1000,1000.995,77,,14,0.3777,621.8,0.2397,19,step_limit,0.1436,8214.7
160,4,23,590,229.304,23,590,3,0.6504,876.7,0.3161,72,complete,0.2982,8246.3
161,4,73,1000,699.759,60,,11,0.612,968.6,0.2844,33,step_limit,0.2821,8302.9
162,3,49,806,658.855,49,806,9,0.3834,707.9,0.1911,25,complete,0.1864,8345.5
163,4,36,564,436.829,36,564,6,0.4637,704.6,0.1899,17,complete,0.2179,8378.2
164,4,54,787,676.668,54,787,9,0.4107,702.7,0.1842,11,complete,0.1675,8421.0
165,4,47,655,574.626,47,655,8,0.5927,859.9,0.2588,25,complete,0.2216,8458.3
166,4,63,1000,709.105,59,,10,0.5325,821.9,0.3531,19,step_limit,0.2316,8516.2
167,4,38,524,459.819,38,524,6,0.5615,826.6,0.1624,18,complete,0.1937,8545.8
168,4,44,1000,494.545,41,,8,0.6138,849.2,0.3516,31,step_limit,0.315,8592.6
169,4,45,855,526.067,45,855,8,0.5424,933.8,0.2545,17,complete,0.255,8637.9
170,3,78,1000,913.192,68,,13,0.4027,718.6,0.25,36,step_limit,0.1974,8686.6
171,4,34,975,324.518,34,975,5,0.6315,915.5,0.3015,45,complete,0.3505,8730.5
172,3,48,1000,507.944,42,,8,0.3967,672.3,0.3685,40,step_limit,0.2362,8776.9
173,3,64,1000,639.539,51,,10,0.456,786.8,0.3427,39,step_limit,0.2643,8825.7
174,4,38,432,449.973,38,432,5,0.4369,669.3,0.2053,10,complete,0.1573,8846.1
175,3,56,1000,595.364,49,,9,0.43,756.2,0.3278,62,step_limit,0.2157,8896.2
176,3,68,1000,676.656,56,,10,0.5043,753.0,0.1842,26,step_limit,0.3028,8944.1
177,4,74,1000,775.957,64,,11,0.5807,809.1,0.4225,198,step_limit,0.1801,8989.1
178,4,37,637,393.569,37,637,5,0.5389,921.3,0.2958,26,complete,0.2669,9014.1
179,4,48,998,524.83,48,998,7,0.5551,919.3,0.3918,40,complete,0.2716,9055.2
180,3,61,1000,615.425,52,,9,0.4377,731.8,0.2548,58,step_limit,0.2261,9095.7
181,3,80,1000,415.459,42,,7,0.487,677.3,0.4912,187,step_limit,0.2508,9138.1
182,4,31,535,328.794,31,535,4,0.5921,819.8,0.2661,23,complete,0.2542,9161.6
183,3,53,1000,634.353,51,,9,0.4823,767.2,0.2961,66,step_limit,0.2407,9209.0
184,3,64,1000,664.498,56,,9,0.5147,772.4,0.2742,65,step_limit,0.2586,9258.1
185,3,49,869,628.593,49,869,9,0.3943,698.5,0.3491,80,complete,0.1797,9299.7
186,4,47,853,584.501,47,853,9,0.5835,842.7,0.2847,27,complete,0.2895,9339.7
187,4,59,1000,675.01,56,,10,0.609,951.9,0.2785,20,step_limit,0.2927,9388.9
188,3,33,675,359.777,33,675,4,0.5027,752.6,0.259,30,complete,0.2698,9421.5
189,4,35,524,394.491,35,524,5,0.4943,717.7,0.2149,10,complete,0.1714,9447.0
190,3,30,560,377.98,30,560,5,0.447,744.0,0.3261,59,complete,0.2154,9473.3
191,3,70,1000,763.667,60,,11,0.461,787.3,0.2858,46,step_limit,0.2006,9521.7
192,4,36,639,440.329,36,639,6,0.3901,767.9,0.2541,19,complete,0.1733,9559.3
193,3,54,1000,634.017,52,,9,0.496,776.1,0.2441,42,step_limit,0.2809,9615.7
194,3,76,1000,615.479,55,,9,0.445,761.5,0.2842,57,step_limit,0.2262,9671.9
195,4,74,1000,673.562,58,,11,0.5843,924.9,0.319,22,step_limit,0.2842,9728.2
196,4,70,1000,703.92,62,,10,0.5755,794.0,0.3025,29,step_limit,0.2883,9784.4
197,3,34,930,405.276,34,930,6,0.519,727.3,0.399,136,complete,0.2069,9835.6
198,3,33,865,407.45,33,865,6,0.5052,794.8,0.3409,113,complete,0.3083,9881.5
199,4,46,674,550.423,46,674,7,0.5215,804.4,0.2521,14,complete,0.2056,9914.4
200,4,42,672,445.92,42,672,5,0.4438,610.0,0.2705,22,complete,0.1859,9947.6
201,4,51,788,637.986,51,788,9,0.4248,792.9,0.1842,11,complete,0.2247,10507.1
202,4,32,812,299.207,32,812,4,0.6789,1018.9,0.4159,25,complete,0.3365,10552.0
203,4,30,1000,231.813,29,,4,0.6733,1051.9,0.3694,108,step_limit,0.3904,10606.5
204,4,73,1000,769.677,66,,11,0.5327,808.7,0.3116,24,step_limit,0.2635,10662.4
205,3,44,885,571.305,44,885,8,0.4979,728.3,0.302,62,complete,0.2347,10712.8
206,3,26,848,242.625,26,848,4,0.467,717.3,0.4889,145,complete,0.2207,10753.3
207,4,40,969,402.88,40,969,6,0.5302,863.5,0.2802,27,complete,0.2937,10798.8
208,4,35,562,368.754,35,562,4,0.6206,897.1,0.2466,13,complete,0.2661,10826.6
209,4,75,880,992.933,75,880,13,0.3943,624.6,0.2421,16,complete,0.1555,10869.1
210,4,56,1000,589.671,54,,8,0.5803,931.6,0.2728,20,step_limit,0.2799,10916.3
211,3,26,653,293.233,26,653,4,0.4717,788.2,0.3375,84,complete,0.2424,10946.3
212,3,58,993,745.107,58,993,10,0.3974,733.0,0.259,44,complete,0.2056,10994.5
213,3,44,873,523.146,44,873,7,0.4895,789.5,0.3258,57,complete,0.2604,11036.0
214,3,56,1000,699.555,55,,10,0.3667,674.5,0.2911,41,step_limit,0.2083,11083.6
215,3,64,1000,773.62,60,,11,0.4483,698.1,0.2078,40,step_limit,0.2605,11135.0
216,4,40,638,463.99,40,638,6,0.6105,899.9,0.2059,15,complete,0.2866,11165.6
217,4,41,456,534.492,41,456,7,0.3997,619.4,0.109,8,complete,0.1528,11186.5
218,3,31,717,355.584,31,717,5,0.5523,769.3,0.2465,23,complete,0.2648,11220.7
219,3,80,1000,676.146,58,,10,0.3457,676.6,0.3236,98,step_limit,0.1778,11269.1
220,3,53,900,670.542,53,900,9,0.4559,780.3,0.2107,25,complete,0.2692,11309.0
221,4,72,1000,857.989,69,,12,0.4805,632.8,0.2439,31,step_limit,0.204,11356.5
222,3,27,605,331.783,27,605,5,0.5124,775.3,0.1874,20,complete,0.2626,11385.5
223,4,22,383,243.316,22,383,3,0.5183,837.2,0.1563,15,complete,0.2564,11404.8
224,3,62,1000,633.51,53,,9,0.461,739.3,0.306,26,step_limit,0.2538,11451.2
225,4,58,679,778.868,58,679,11,0.3962,747.9,0.1819,22,complete,0.1609,11484.1
226,4,37,779,401.629,37,779,6,0.6059,959.4,0.236,24,complete,0.2753,11520.9
227,3,49,1000,601.437,47,,9,0.496,703.5,0.3103,55,step_limit,0.2294,11571.8
228,4,72,984,889.957,72,984,12,0.424,660.1,0.2983,41,complete,0.1723,11627.0
229,3,77,1000,613.734,54,,9,0.5023,772.1,0.3732,127,step_limit,0.2545,11678.0
230,4,53,726,656.032,53,726,9,0.4652,662.4,0.2486,20,complete,0.1869,11713.6
231,4,56,1000,594.586,50,,10,0.6322,1060.4,0.2418,31,step_limit,0.3543,11760.5
232,3,28,892,294.361,28,892,5,0.4802,788.8,0.3665,60,complete,0.2622,11802.6
233,4,40,852,444.56,40,852,7,0.6315,1037.8,0.3304,53,complete,0.3306,11850.6
234,4,29,367,332.203,29,367,4,0.4946,832.8,0.1491,13,complete,0.1927,11870.7
235,4,69,1000,714.586,62,,10,0.6,865.6,0.2262,17,step_limit,0.2798,11927.1
236,3,30,653,328.65,30,653,4,0.5447,763.3,0.3667,109,complete,0.224,11962.1
237,4,24,614,195.54,24,614,2,0.6185,856.3,0.5157,91,complete,0.25,11995.2
238,4,21,454,183.611,21,454,2,0.5468,866.5,0.1977,27,complete,0.2448,12021.2
239,4,60,1000,509.04,50,,8,0.6448,889.1,0.3643,27,step_limit,0.325,12074.6
240,4,58,999,683.337,58,999,10,0.5638,851.0,0.2926,14,complete,0.2714,12130.1
241,3,26,355,299.542,26,355,3,0.3915,591.9,0.1328,16,complete,0.156,12150.6
242,3,43,1000,467.002,42,,6,0.5413,803.4,0.3613,47,step_limit,0.2721,12203.9
243,4,55,1000,558.291,52,,8,0.538,886.1,0.2518,17,step_limit,0.2927,12262.3
244,4,48,709,602.657,48,709,8,0.4841,710.0,0.2213,12,complete,0.2113,12302.2
245,4,67,989,811.085,67,989,11,0.5278,911.3,0.3005,19,complete,0.2351,12359.2
246,3,65,1000,673.26,57,,9,0.4407,785.4,0.2616,52,step_limit,0.2621,12412.5
247,4,49,843,563.709,49,843,8,0.5922,869.7,0.2561,30,complete,0.25,12460.6
248,3,41,752,474.696,41,752,6,0.4929,775.3,0.2201,29,complete,0.2642,12502.1
249,4,26,330,280.615,26,330,3,0.4341,605.0,0.2089,9,complete,0.1436,12518.0
250,4,43,950,447.879,43,950,7,0.5718,789.1,0.3823,39,complete,0.2475,12566.0
251,4,71,920,926.456,71,920,13,0.5019,865.4,0.1689,12,complete,0.2877,13106.3
252,3,48,1000,557.056,46,,8,0.548,785.8,0.2669,89,step_limit,0.324,13152.7
253,3,30,679,316.03,30,679,4,0.4453,761.2,0.3048,35,complete,0.2488,13185.2
254,4,26,620,201.185,26,620,2,0.6673,862.6,0.3259,17,complete,0.3534,13214.1
255,4,69,1000,750.458,63,,11,0.5195,792.9,0.3191,18,step_limit,0.2355,13260.2
256,4,33,921,291.936,33,921,5,0.6759,1026.8,0.3415,35,complete,0.343,13301.6
257,3,55,1000,655.347,54,,9,0.5203,781.0,0.2859,51,step_limit,0.2788,13349.7
258,4,36,797,391.864,36,797,6,0.6321,983.9,0.2127,12,complete,0.368,13387.3
259,3,79,1000,880.082,66,,13,0.4003,701.5,0.2372,46,step_limit,0.1846,13435.6
260,3,41,803,511.442,41,803,7,0.4521,689.6,0.2392,34,complete,0.2031,13475.8
261,4,21,587,151.072,21,587,2,0.644,949.0,0.4052,23,complete,0.3304,13498.6
262,3,43,1000,528.098,42,,8,0.4447,767.6,0.2539,39,step_limit,0.2484,13544.5
263,4,21,460,212.419,21,460,3,0.6038,870.7,0.2662,18,complete,0.2708,13565.9
264,4,50,1000,476.688,42,,8,0.6292,905.2,0.464,177,step_limit,0.2524,13614.2
265,3,35,799,363.153,35,799,5,0.5123,780.4,0.2722,60,complete,0.2875,13653.1
266,3,54,1000,611.9,52,,8,0.4803,791.8,0.2736,47,step_limit,0.263,13699.3
267,4,46,606,585.212,46,606,8,0.4728,685.1,0.2096,14,complete,0.1847,13729.7
268,3,33,1000,319.3,30,,5,0.5607,777.6,0.5051,278,step_limit,0.3004,13776.4
269,3,42,1000,432.229,38,,7,0.4947,715.9,0.5071,181,step_limit,0.2702,13825.2
270,3,45,741,546.837,45,741,7,0.4566,781.5,0.2444,29,complete,0.2197,13860.9
271,4,37,645,438.697,37,645,6,0.5252,899.3,0.3064,22,complete,0.3086,13897.1
272,3,47,975,546.12,47,975,7,0.4253,728.0,0.2121,32,complete,0.2284,13943.8
273,4,76,1000,881.326,69,,13,0.4325,731.9,0.3413,43,step_limit,0.2276,13993.9
274,4,29,672,276.017,29,672,4,0.6295,1002.0,0.2861,29,complete,0.3235,14025.4
275,3,78,1000,694.538,59,,10,0.445,742.1,0.244,38,step_limit,0.2742,14079.0
276,4,49,692,637.414,49,692,9,0.5079,731.2,0.2419,29,complete,0.1903,14117.3
277,3,67,1000,735.069,58,,11,0.489,721.9,0.3148,93,step_limit,0.2336,14173.6
278,3,30,989,301.08,30,989,4,0.5821,756.5,0.4001,110,complete,0.3175,14231.1
279,4,44,684,553.276,44,684,8,0.4744,769.4,0.2174,19,complete,0.2253,14273.6
280,3,32,756,402.845,32,756,6,0.4674,741.8,0.2348,43,complete,0.2574,14313.7
281,3,36,1000,279.667,30,,5,0.47,663.4,0.4414,74,step_limit,0.2741,14372.2
282,3,56,1000,694.025,53,,10,0.4177,692.3,0.3024,93,step_limit,0.2515,14430.7
283,3,75,1000,939.148,70,,13,0.2897,677.5,0.1784,26,step_limit,0.2119,14486.2
284,4,21,335,269.8,21,335,4,0.4731,688.1,0.1421,7,complete,0.1607,14505.7
285,4,72,840,959.617,72,840,13,0.5414,822.5,0.2197,38,complete,0.2099,14555.3
286,4,78,985,1011.374,78,985,14,0.4536,748.4,0.231,22,complete,0.2132,14611.8
287,3,39,729,448.484,39,729,6,0.4115,662.6,0.2164,46,complete,0.2169,14652.5
288,3,39,709,436.73,39,709,5,0.4603,773.4,0.318,25,complete,0.225,14691.5
289,3,49,1000,623.02,48,,9,0.4873,788.5,0.3495,53,step_limit,0.2317,14744.3
290,3,29,631,355.794,29,631,5,0.448,737.6,0.1901,37,complete,0.209,14778.6
291,4,68,837,881.591,68,837,12,0.5511,784.7,0.1979,18,complete,0.219,14825.8
292,3,69,1000,719.774,59,,10,0.3827,755.8,0.2788,28,step_limit,0.2385,14882.6
293,3,38,850,399.776,38,850,5,0.4816,685.3,0.3371,79,complete,0.3101,14928.1
294,4,41,739,413.923,41,739,5,0.6333,921.3,0.3387,33,complete,0.2771,14968.2
295,3,35,789,423.376,35,789,6,0.4774,753.2,0.2751,45,complete,0.25,15012.9
296,4,49,629,608.416,49,629,8,0.4964,788.9,0.2051,16,complete,0.217,15047.7
297,3,78,1000,838.688,65,,12,0.4373,787.9,0.2135,29,step_limit,0.2087,15096.3
298,3,73,1000,866.334,66,,12,0.4277,689.6,0.228,45,step_limit,0.2172,15148.7
299,4,75,937,981.053,75,937,14,0.4853,748.7,0.2238,15,complete,0.1922,15195.9
300,3,39,646,477.651,39,646,6,0.4871,799.2,0.2044,29,complete,0.1814,15226.2
301,3,69,1000,810.643,61,,12,0.411,683.6,0.2688,36,step_limit,0.2231,15721.7
302,4,60,1000,731.013,59,,11,0.5363,921.0,0.2222,15,step_limit,0.2964,15771.3
303,3,74,1000,910.953,70,,12,0.375,772.0,0.2391,29,step_limit,0.2248,15820.6
304,3,25,622,282.376,25,622,4,0.3666,700.3,0.2419,40,complete,0.2374,15850.7
305,3,75,1000,749.656,60,,11,0.428,768.2,0.1976,32,step_limit,0.2678,15898.4
306,3,29,1000,329.676,28,,5,0.5817,777.1,0.4914,178,step_limit,0.3414,15943.0
307,4,29,387,331.817,29,387,4,0.5161,760.1,0.1101,7,complete,0.1713,15962.4
308,4,35,404,414.571,35,404,5,0.5198,566.1,0.1438,28,complete,0.1568,15981.7
309,4,37,794,407.624,37,794,6,0.6171,984.7,0.2954,53,complete,0.3176,16019.1
310,3,74,1000,794.538,63,,11,0.4577,706.4,0.2427,82,step_limit,0.2203,16067.7
311,4,42,850,472.676,42,850,7,0.5841,951.6,0.2033,11,complete,0.3207,16107.5
312,4,73,1000,694.444,62,,10,0.6075,985.6,0.1846,13,step_limit,0.334,16154.3
313,3,34,1000,321.15,33,,5,0.5323,783.2,0.3394,33,step_limit,0.3333,16202.4
314,3,26,791,209.155,26,791,3,0.5234,768.9,0.3614,51,complete,0.2593,16241.0
315,4,20,587,168.78,20,587,3,0.6388,961.5,0.3953,35,complete,0.3136,16268.9
316,4,24,382,241.47,24,382,3,0.4116,675.6,0.249,12,complete,0.1611,16286.8
317,4,23,473,231.167,23,473,3,0.5724,949.3,0.3112,57,complete,0.2926,16311.2
318,3,45,932,564.707,45,932,8,0.5079,786.4,0.1741,27,complete,0.2524,16356.6
319,4,52,812,647.043,52,812,9,0.5988,1059.4,0.1669,24,complete,0.3137,16402.0
320,3,25,635,289.138,25,635,4,0.4362,701.7,0.233,28,complete,0.2278,16437.9
321,3,34,679,428.68,34,679,6,0.4929,792.5,0.1913,22,complete,0.2269,16473.9
322,3,33,479,405.066,33,479,5,0.3716,749.4,0.0731,10,complete,0.1954,16499.3
323,3,35,818,412.983,35,818,6,0.4976,747.9,0.2417,87,complete,0.2798,16545.4
324,4,70,1000,768.109,64,,11,0.482,791.0,0.3892,19,step_limit,0.246,16599.2
325,3,43,910,527.04,43,910,7,0.4337,726.3,0.2539,71,complete,0.2386,16648.8
326,4,42,1000,417.362,40,,6,0.6212,930.1,0.3261,30,step_limit,0.3557,16701.5
327,4,62,724,779.898,62,724,10,0.5249,860.0,0.1617,46,complete,0.2271,16743.5
328,3,53,912,671.534,53,912,9,0.4463,747.5,0.2411,36,complete,0.2372,16794.8
329,4,31,579,289.046,31,579,3,0.6058,887.5,0.2487,14,complete,0.2731,16826.0
330,3,65,1000,684.345,55,,10,0.4117,764.4,0.3105,56,step_limit,0.2596,16884.1
331,3,25,492,284.5,25,492,4,0.4682,619.9,0.2655,43,complete,0.1481,16911.9
332,3,79,1000,740.009,60,,11,0.468,765.7,0.1776,28,step_limit,0.2178,16966.5
333,3,37,972,439.726,37,972,7,0.489,789.1,0.348,40,complete,0.293,17018.9
334,3,72,1000,789.8,62,,11,0.3227,539.2,0.3482,96,step_limit,0.1515,17073.0
335,3,23,534,248.18,23,534,3,0.5268,791.0,0.2265,42,complete,0.2901,17101.9
336,3,57,1000,644.626,53,,9,0.5003,774.4,0.1912,27,step_limit,0.2934,17159.1
337,3,76,1000,865.174,67,,12,0.484,795.9,0.1436,22,step_limit,0.2703,17215.1
338,3,30,879,315.34,30,879,5,0.4888,788.8,0.3081,94,complete,0.284,17266.4
339,4,73,721,983.281,73,721,13,0.4542,759.3,0.1667,18,complete,0.1731,17308.1
340,4,34,717,332.402,34,717,5,0.5485,713.8,0.337,60,complete,0.2247,17346.8
341,4,26,1000,147.892,25,,3,0.6683,1008.7,0.3758,50,step_limit,0.4265,17403.4
342,3,46,703,601.843,46,703,8,0.4433,716.3,0.1717,34,complete,0.1977,17442.1
343,3,50,897,604.892,50,897,8,0.5269,798.0,0.2456,30,complete,0.2843,17493.4
344,4,28,337,339.349,28,337,4,0.4599,681.8,0.1054,7,complete,0.1406,17508.8
345,4,61,858,780.972,61,858,11,0.5935,950.9,0.1905,31,complete,0.2833,17550.9
346,3,29,915,246.071,29,915,4,0.5698,778.0,0.493,253,complete,0.359,17593.7
347,3,42,988,481.696,42,988,7,0.475,789.1,0.3174,76,complete,0.27,17635.8
348,4,53,661,644.926,53,661,8,0.4576,688.6,0.2963,34,complete,0.172,17663.9
349,3,62,1000,675.256,54,,10,0.4963,755.2,0.2457,33,step_limit,0.2596,17705.9
350,3,79,1000,893.686,70,,12,0.3887,756.2,0.1374,18,step_limit,0.2333,17748.0
351,4,65,1000,794.018,64,,11,0.5755,1041.8,0.2247,20,step_limit,0.3062,18223.0
352,4,36,927,394.376,36,927,6,0.6367,804.3,0.4751,137,complete,0.275,18268.0
353,3,62,1000,776.1,60,,11,0.38,556.9,0.2978,96,step_limit,0.1956,18318.1
354,4,35,506,440.754,35,506,6,0.3414,735.0,0.3181,15,complete,0.184,18342.5
355,3,24,371,272.482,24,371,3,0.4151,625.2,0.0739,12,complete,0.2222,18359.0
356,4,62,1000,665.916,55,,11,0.564,926.8,0.2131,19,step_limit,0.3347,18410.5
357,3,21,355,209.836,21,355,2,0.5211,788.4,0.1905,19,complete,0.2719,18427.1
358,4,26,486,249.729,26,486,3,0.555,653.4,0.2276,63,complete,0.2182,18450.5
359,3,52,1000,664.062,51,,10,0.4957,742.8,0.1961,42,step_limit,0.3009,18497.4
360,4,52,845,620.969,52,845,9,0.5737,926.4,0.185,18,complete,0.2963,18537.9
361,3,40,767,501.227,40,767,7,0.4741,786.9,0.2332,34,complete,0.2602,18574.9
362,4,52,1000,419.338,43,,7,0.6445,1048.4,0.4201,94,step_limit,0.3787,18625.6
363,4,64,1000,648.856,58,,10,0.5968,833.4,0.3171,43,step_limit,0.2903,18682.0
364,3,64,1000,582.438,52,,8,0.486,781.4,0.256,101,step_limit,0.263,18736.6
365,4,69,972,871.236,69,972,12,0.5388,928.9,0.2284,16,complete,0.2863,18792.7
366,4,61,628,786.342,61,628,10,0.4881,765.9,0.1657,35,complete,0.1755,18830.1
367,3,53,888,679.415,53,888,9,0.3435,584.1,0.3192,70,complete,0.1731,18879.1
368,4,73,910,913.414,73,910,12,0.4475,602.3,0.269,55,complete,0.1767,18931.7
369,4,30,390,318.813,30,390,3,0.5301,695.6,0.2097,16,complete,0.18,18953.2
370,3,71,1000,921.555,68,,13,0.3997,587.1,0.1701,27,step_limit,0.1938,19007.4
371,3,54,1000,491.789,43,,8,0.446,749.0,0.4226,116,step_limit,0.234,19061.0
372,4,80,1000,1055.795,79,,15,0.498,778.3,0.2151,35,step_limit,0.2296,19117.9
373,3,41,780,477.068,41,780,6,0.4632,770.3,0.2241,21,complete,0.2222,19162.3
374,3,67,1000,782.885,61,,11,0.3783,751.8,0.232,37,step_limit,0.2094,19217.3
375,3,62,1000,654.947,52,,10,0.477,747.7,0.1849,31,step_limit,0.2763,19273.8
376,4,72,981,911.149,72,981,12,0.5122,940.9,0.2645,19,complete,0.2668,19329.7
377,4,63,1000,664.222,56,,10,0.5823,965.0,0.3012,41,step_limit,0.3254,19383.9
378,4,74,1000,898.751,73,,13,0.4607,669.9,0.3119,72,step_limit,0.2238,19440.8
379,3,77,1000,719.926,60,,10,0.3877,753.8,0.2861,52,step_limit,0.2385,19497.6
380,3,73,1000,826.918,65,,12,0.3507,551.4,0.2839,79,step_limit,0.1653,19552.1
381,4,20,307,236.54,20,307,3,0.5171,601.6,0.1026,12,complete,0.2024,19570.5
382,3,75,1000,800.704,62,,12,0.4277,753.0,0.24,43,step_limit,0.2133,19626.1
383,3,52,1000,633.254,51,,9,0.487,758.5,0.2691,45,step_limit,0.2747,19682.0
384,3,77,1000,929.434,73,,12,0.3867,665.8,0.2108,56,step_limit,0.1931,19738.4
385,3,62,1000,597.331,50,,9,0.5,764.0,0.248,49,step_limit,0.3,19794.2
386,3,80,1000,777.278,60,,12,0.4713,703.5,0.2318,40,step_limit,0.2541,19850.6
387,3,31,495,395.437,31,495,5,0.4276,718.4,0.149,16,complete,0.1696,19879.1
388,3,33,886,390.638,33,886,6,0.4853,785.5,0.266,30,complete,0.298,19926.8
389,4,72,1000,892.828,72,1000,12,0.6025,926.8,0.2169,21,complete,0.281,19979.6
390,4,71,870,946.214,71,870,13,0.4784,754.2,0.1841,16,complete,0.2114,20019.5
391,4,50,713,633.416,50,713,9,0.4306,667.5,0.3067,34,complete,0.2549,20049.6
392,4,71,936,917.112,71,936,12,0.484,817.6,0.2074,28,complete,0.235,20088.7
393,4,21,446,222.16,21,446,3,0.6071,934.2,0.2046,19,complete,0.301,20105.5
394,4,60,1000,702.587,58,,11,0.5425,937.3,0.2772,23,step_limit,0.328,20150.1
395,4,55,717,707.0,55,717,10,0.3895,643.5,0.2696,16,complete,0.1742,20180.3
396,4,71,658,976.846,71,658,13,0.3682,622.5,0.1383,11,complete,0.1864,20208.3
397,3,36,618,418.152,36,618,5,0.452,792.0,0.2304,43,complete,0.2286,20234.1
398,3,52,793,645.789,52,793,8,0.3602,676.3,0.2198,22,complete,0.2131,20266.4
399,3,46,697,628.67,46,697,9,0.4319,697.4,0.1718,25,complete,0.1977,20296.4
400,3,34,823,404.904,34,823,6,0.5245,786.5,0.2437,43,complete,0.3137,20328.1
401,3,38,900,454.242,38,900,7,0.4911,799.3,0.2563,54,complete,0.3222,20808.8
402,4,36,635,457.033,36,635,7,0.5677,990.4,0.2777,35,complete,0.2781,20842.1
403,3,73,1000,773.36,64,,10,0.4023,799.5,0.3276,78,step_limit,0.2369,20888.8
404,4,70,1000,778.76,66,,11,0.5877,935.4,0.2679,12,step_limit,0.3193,20947.3
405,3,25,353,284.158,25,353,3,0.4684,763.7,0.2218,16,complete,0.2029,20967.5
406,4,58,1000,578.552,51,,9,0.5593,847.6,0.3097,18,step_limit,0.3176,21020.8
407,4,70,757,883.0,70,757,11,0.5452,845.5,0.1215,12,complete,0.225,21066.0
408,3,40,781,495.88,40,781,7,0.3863,659.4,0.2469,68,complete,0.2184,21108.8
409,3,30,704,370.61,30,704,5,0.4967,755.9,0.4808,179,complete,0.2629,21146.4
410,3,63,1000,801.924,62,,11,0.418,744.5,0.2291,40,step_limit,0.225,21202.9
411,3,48,1000,571.831,47,,8,0.4583,762.1,0.3002,97,step_limit,0.2718,21255.9
412,4,34,775,382.565,34,775,6,0.5752,809.3,0.321,19,complete,0.2995,21299.8
413,3,22,627,223.254,22,627,3,0.5566,784.7,0.41,95,complete,0.2938,21335.7
414,3,51,969,645.012,51,969,9,0.4978,792.8,0.2328,59,complete,0.327,21389.8
415,4,45,810,486.0,45,810,6,0.6151,1035.1,0.2571,17,complete,0.2893,21438.1
416,3,60,1000,690.555,55,,10,0.474,752.1,0.1931,35,step_limit,0.3017,21491.9
417,3,43,881,540.544,43,881,8,0.4374,774.4,0.3389,64,complete,0.2632,21544.0
418,4,75,1000,813.376,66,,12,0.559,891.1,0.3392,19,step_limit,0.2823,21598.7
419,4,60,1000,650.28,59,,9,0.5905,859.8,0.3131,29,step_limit,0.3514,21661.0
420,3,22,467,236.058,22,467,3,0.5218,802.8,0.242,34,complete,0.2536,21685.8
421,4,40,794,471.32,40,794,7,0.6404,1023.6,0.1763,17,complete,0.3539,21731.9
422,4,52,823,647.457,52,823,9,0.5103,830.8,0.2922,34,complete,0.2786,21781.3
423,3,29,470,340.4,29,470,4,0.4461,740.2,0.1601,15,complete,0.2011,21806.2
424,3,29,440,345.386,29,440,4,0.3523,654.6,0.0872,18,complete,0.1871,21831.5
425,3,80,1000,904.594,69,,13,0.3847,711.4,0.1817,40,step_limit,0.2621,21889.3
426,4,78,1000,950.841,73,,14,0.3975,635.1,0.3321,41,step_limit,0.2025,21944.8
427,3,46,1000,525.88,45,,7,0.5297,788.2,0.3281,159,step_limit,0.288,22000.6
428,4,72,1000,922.256,71,,13,0.5162,789.0,0.2292,19,step_limit,0.2464,22056.6
429,3,72,1000,726.008,60,,10,0.4767,724.4,0.2463,43,step_limit,0.2881,22110.0
430,3,78,1000,965.692,74,,13,0.423,735.6,0.1868,40,step_limit,0.2431,22168.9
431,3,23,501,276.235,23,501,4,0.5103,742.1,0.214,36,complete,0.2372,22197.3
432,4,41,443,497.148,41,443,6,0.4413,624.8,0.1409,11,complete,0.1655,22223.3
433,3,66,1000,833.914,65,,11,0.492,800.3,0.1941,43,step_limit,0.28,22276.6
434,4,62,1000,717.935,61,,10,0.5135,874.2,0.3055,36,step_limit,0.2746,22330.6
435,3,32,909,373.327,32,909,5,0.5471,798.5,0.4229,252,complete,0.2911,22372.2
436,4,65,658,818.326,65,658,10,0.4445,744.0,0.1553,13,complete,0.1745,22406.5
437,4,61,990,730.446,61,990,10,0.4164,679.3,0.4189,39,complete,0.1766,22457.6
438,3,37,741,60.07,16,,2,0.5709,518.2,0.6549,496,no_progress,0.2424,22487.2
439,4,49,911,551.242,49,911,8,0.5777,998.5,0.2588,19,complete,0.3325,22523.7
440,3,42,807,525.897,42,807,7,0.4589,768.1,0.2166,32,complete,0.2481,22556.6
441,3,54,1000,425.906,41,,7,0.4483,688.8,0.4568,60,step_limit,0.2741,22602.5
442,4,41,545,516.737,41,545,7,0.5202,708.3,0.1348,10,complete,0.2115,22623.2
443,3,61,1000,649.752,52,,10,0.4897,731.1,0.3329,56,step_limit,0.2613,22665.4
444,3,55,821,703.079,55,821,9,0.4568,747.4,0.2973,31,complete,0.2054,22695.0
445,3,49,1000,591.357,46,,9,0.473,739.6,0.3098,81,step_limit,0.2691,22728.5
446,4,72,997,903.453,72,997,12,0.5815,869.9,0.2769,37,complete,0.2721,22762.3
447,4,40,637,414.19,40,637,5,0.6162,806.2,0.2185,10,complete,0.2821,22783.9
448,3,71,1000,730.779,60,,10,0.4983,775.9,0.1832,21,step_limit,0.29,22823.7
449,4,26,458,288.142,26,458,4,0.5535,865.7,0.2403,14,complete,0.2837,22842.6
450,3,56,1000,709.712,55,,10,0.5,781.8,0.2184,33,step_limit,0.3276,22882.2
451,4,51,1000,473.2,45,,7,0.5972,809.0,0.288,18,step_limit,0.3037,23431.2
452,3,34,585,445.644,34,585,6,0.3926,718.8,0.2647,37,complete,0.194,23463.3
453,4,47,599,592.355,47,599,8,0.5572,771.8,0.1712,30,complete,0.2528,23497.9
454,4,70,1000,695.971,63,,10,0.5968,859.3,0.3309,84,step_limit,0.291,23555.4
455,4,44,708,443.625,44,708,5,0.5498,887.9,0.2634,17,complete,0.3362,23595.3
456,4,49,744,618.093,49,744,9,0.4234,697.9,0.2963,20,complete,0.2358,23636.4
457,4,56,1000,621.271,55,,9,0.469,752.9,0.348,17,step_limit,0.2738,23693.3
458,4,42,987,435.101,42,987,7,0.6188,890.1,0.3959,70,complete,0.3364,23747.2
459,3,45,686,577.207,45,686,8,0.3732,563.9,0.1797,63,complete,0.1647,23786.7
460,4,73,1000,922.219,72,,12,0.514,894.0,0.2397,19,step_limit,0.2171,23840.1
461,3,30,734,337.96,30,734,5,0.5104,792.7,0.2449,21,complete,0.287,23879.1
462,3,64,1000,823.15,61,,12,0.47,695.0,0.2201,30,step_limit,0.2222,23935.7
463,3,63,1000,719.176,58,,10,0.4953,786.8,0.1475,44,step_limit,0.3246,23992.5
464,3,68,1000,721.913,55,,11,0.4053,697.6,0.3694,114,step_limit,0.2135,24047.5
465,4,63,1000,758.889,62,,11,0.5413,927.5,0.2758,23,step_limit,0.2957,24103.7
466,4,65,911,798.895,65,911,11,0.5198,839.4,0.2746,25,complete,0.254,24154.8
467,4,57,803,709.768,57,803,10,0.5202,815.6,0.3026,62,complete,0.2698,24200.0
468,3,35,582,450.106,35,582,6,0.4983,784.5,0.1384,30,complete,0.2394,24233.8
469,3,46,1000,494.046,41,,8,0.4917,784.2,0.2845,57,step_limit,0.3333,24288.9
470,4,53,791,655.658,53,791,9,0.555,962.3,0.2321,32,complete,0.2682,24333.6
471,4,45,785,473.471,45,785,6,0.6162,871.9,0.3252,10,complete,0.3053,24377.1
472,3,53,1000,558.662,48,,8,0.5197,781.7,0.28,65,step_limit,0.3366,24430.3
473,4,71,1000,842.546,69,,12,0.5232,793.5,0.3045,61,step_limit,0.2944,24487.4
474,4,25,577,265.416,25,577,4,0.6347,983.3,0.2926,29,complete,0.3276,24518.4
475,4,40,711,472.22,40,711,7,0.5556,828.5,0.2861,43,complete,0.2377,24557.7
476,3,33,552,361.458,33,552,4,0.494,745.9,0.1961,25,complete,0.2836,24588.0
477,3,21,543,224.967,21,543,3,0.4217,719.9,0.2368,35,complete,0.2453,24614.1
478,4,22,330,250.164,22,330,3,0.5492,819.6,0.1205,10,complete,0.2273,24629.4
479,4,41,1000,463.99,40,,8,0.65,1020.8,0.4007,46,step_limit,0.37,24680.6
480,3,57,1000,692.453,55,,10,0.4457,772.7,0.3048,44,step_limit,0.2735,24732.8
481,3,66,1000,542.741,46,,9,0.3457,657.7,0.3359,54,step_limit,0.2427,24783.6
482,4,76,1000,908.316,71,,13,0.493,778.9,0.3254,23,step_limit,0.2266,24832.3
483,3,28,499,323.348,28,499,4,0.4335,766.3,0.1491,20,complete,0.2485,24855.8
484,4,35,484,407.84,35,484,5,0.4329,703.5,0.1905,13,complete,0.1894,24877.7
485,4,44,819,516.431,44,819,7,0.6099,1063.7,0.276,39,complete,0.3424,24914.4
486,4,75,778,1005.051,75,778,13,0.3882,621.8,0.1711,18,complete,0.146,24946.0
487,3,75,1000,890.156,66,,13,0.3887,674.0,0.2469,36,step_limit,0.2247,24980.4
488,4,60,958,733.793,60,958,10,0.6067,1019.8,0.3594,61,complete,0.25,25014.8
489,3,80,1000,1037.589,77,,14,0.4033,768.4,0.1833,37,step_limit,0.2182,25049.2
490,3,30,733,341.75,30,733,5,0.4047,658.0,0.2667,50,complete,0.2297,25071.6
491,3,59,1000,664.869,52,,10,0.4563,801.6,0.2969,52,step_limit,0.2619,25111.2
492,3,74,1000,781.805,62,,11,0.4763,794.3,0.1323,22,step_limit,0.2833,25152.5
493,3,47,853,581.644,47,853,8,0.4971,766.3,0.1511,28,complete,0.2852,25188.8
494,3,52,1000,557.817,49,,7,0.486,793.6,0.3486,75,step_limit,0.2704,25228.9
495,3,54,1000,537.25,46,,8,0.4807,771.2,0.3168,60,step_limit,0.2523,25269.9
496,4,56,941,634.667,56,941,9,0.5704,879.6,0.3106,68,complete,0.268,25309.3
497,4,73,1000,666.915,60,,10,0.5807,846.8,0.3777,98,step_limit,0.2823,25357.6
498,3,22,323,263.219,22,323,3,0.3736,753.1,0.0878,13,complete,0.1667,25372.0
499,4,55,760,703.36,55,760,10,0.5602,889.6,0.1678,18,complete,0.3029,25410.9
500,3,55,1000,600.942,50,,8,0.5383,772.9,0.3624,78,step_limit,0.288,25467.0
501,4,25,285,282.936,25,285,3,0.3684,688.4,0.0985,7,complete,0.1628,26035.5
502,3,53,1000,579.304,49,,8,0.5463,787.5,0.2108,48,step_limit,0.3302,26089.2
503,4,73,1000,835.03,70,,11,0.5222,750.0,0.2566,91,step_limit,0.2421,26145.2
504,3,60,988,747.245,60,988,10,0.413,776.6,0.2553,41,complete,0.2493,26199.1
505,3,72,1000,814.813,65,,11,0.4937,727.9,0.1838,24,step_limit,0.2514,26255.2
506,3,76,1000,851.629,66,,12,0.465,740.5,0.2098,49,step_limit,0.2581,26312.3
507,4,79,830,1059.59,79,830,14,0.4792,816.1,0.1578,16,complete,0.2538,26359.7
508,4,38,753,421.122,38,753,6,0.5913,918.1,0.291,37,complete,0.2869,26401.6
509,3,52,910,655.565,52,910,9,0.4333,729.2,0.285,39,complete,0.1887,26454.1
510,3,42,876,504.441,42,876,7,0.4608,728.1,0.2323,47,complete,0.2766,26502.1
511,3,21,857,175.519,20,,2,0.6196,746.8,0.6635,464,no_progress,0.3788,26551.2
512,3,23,724,256.606,23,724,4,0.541,737.1,0.439,132,complete,0.2804,26588.8
513,3,66,1000,646.255,53,,10,0.3277,659.3,0.3399,82,step_limit,0.1922,26642.9
514,3,38,958,434.321,38,958,6,0.5501,802.3,0.3194,79,complete,0.2981,26696.5
515,4,23,506,186.751,23,506,2,0.6621,881.3,0.2796,16,complete,0.351,26723.6
516,4,34,491,364.019,34,491,4,0.6069,874.7,0.1921,32,complete,0.2381,26749.1
517,3,73,1000,776.163,61,,11,0.4553,745.5,0.2761,59,step_limit,0.2429,26806.1
518,4,43,527,537.097,43,527,7,0.4881,772.1,0.1467,12,complete,0.2083,26835.2
519,3,65,1000,778.905,61,,11,0.4953,789.1,0.1202,18,step_limit,0.292,26883.8
520,4,55,752,699.331,55,752,10,0.5542,915.8,0.1749,19,complete,0.2625,26924.0
521,3,62,1000,711.174,57,,10,0.4533,789.8,0.234,35,step_limit,0.2455,26973.0
522,4,37,528,412.653,37,528,5,0.5952,859.8,0.1307,12,complete,0.2641,26999.4
523,4,66,828,833.365,66,828,11,0.5335,786.2,0.2234,21,complete,0.2401,27037.5
524,3,57,973,722.305,57,973,10,0.4053,695.2,0.2469,94,complete,0.2116,27076.4
525,3,39,702,438.194,39,702,5,0.3879,590.2,0.2194,30,complete,0.1992,27105.3
526,4,73,1000,903.216,72,,12,0.568,811.1,0.2777,38,step_limit,0.2572,27146.6
527,4,58,713,741.052,58,713,10,0.5344,814.7,0.2255,14,complete,0.2306,27178.3
528,4,46,457,538.503,46,457,6,0.4803,678.3,0.1795,15,complete,0.1944,27198.9
529,4,20,277,232.26,20,277,3,0.4964,747.8,0.1016,6,complete,0.2222,27210.6
530,4,72,1000,749.606,64,,11,0.574,875.2,0.3529,34,step_limit,0.2708,27253.0
531,3,21,677,233.161,21,677,4,0.4692,793.5,0.3341,69,complete,0.2816,27282.6
532,4,32,1000,314.587,31,,5,0.6577,935.4,0.4867,367,step_limit,0.3529,27321.7
533,3,79,1000,832.916,65,,12,0.4633,797.3,0.1864,30,step_limit,0.252,27361.7
534,4,56,1000,609.8,54,,9,0.5823,965.6,0.2554,40,step_limit,0.3205,27405.0
535,3,68,1000,771.604,60,,11,0.4563,790.2,0.1945,33,step_limit,0.2727,27448.1
536,4,57,1000,581.214,51,,9,0.59,1062.9,0.351,38,step_limit,0.3159,27489.1
537,3,49,1000,527.443,45,,8,0.4743,773.2,0.2762,33,step_limit,0.2891,27538.5
538,3,38,929,424.012,38,929,6,0.5081,748.5,0.2462,29,complete,0.3368,27582.3
539,4,79,894,1010.154,79,894,13,0.5523,816.6,0.1439,16,complete,0.2463,27625.7
540,4,70,951,868.611,70,951,12,0.5095,761.7,0.2536,14,complete,0.2398,27673.6
541,4,77,1000,942.322,75,,13,0.4968,684.5,0.2283,18,step_limit,0.2106,27722.9
542,4,53,779,684.546,53,779,10,0.6136,941.8,0.2361,14,complete,0.2755,27760.2
543,3,49,1000,605.504,48,,9,0.459,769.4,0.2077,31,step_limit,0.2778,27808.9
544,4,68,1000,817.082,67,,11,0.5625,927.7,0.2811,27,step_limit,0.2939,27860.2
545,4,56,835,671.693,56,835,9,0.6051,902.5,0.197,23,complete,0.3083,27908.8
546,4,75,1000,899.013,72,,13,0.4075,757.6,0.3441,29,step_limit,0.182,27964.7
547,3,71,1000,590.73,51,,9,0.47,786.8,0.357,67,step_limit,0.2613,28019.1
548,3,80,1000,1008.08,74,,14,0.4077,768.3,0.2166,43,step_limit,0.2247,28072.7
549,4,38,565,453.726,38,565,6,0.5372,840.9,0.2969,13,complete,0.2196,28104.1
550,4,49,630,630.22,49,630,9,0.3992,688.4,0.2568,19,complete,0.1541,28140.3
551,3,56,1000,612.909,49,,9,0.447,777.9,0.3269,70,step_limit,0.2222,28740.3
552,4,27,670,287.556,27,670,4,0.5862,1054.4,0.3237,83,complete,0.3015,28777.8
553,3,46,1000,549.685,45,,8,0.3803,674.1,0.3567,38,step_limit,0.2212,28832.8
554,4,72,772,932.692,72,772,12,0.4372,789.3,0.0971,13,complete,0.1761,28877.4
555,3,68,1000,691.094,57,,10,0.5213,752.3,0.2037,26,step_limit,0.2797,28933.4
556,3,30,597,328.02,30,597,4,0.4869,786.1,0.1974,26,complete,0.3545,28964.1
557,3,46,670,576.446,46,670,7,0.3891,718.2,0.1739,17,complete,0.2048,29004.1
558,4,66,1000,653.242,55,,11,0.6002,971.6,0.2465,13,step_limit,0.3697,29058.9
559,4,78,1000,837.749,70,,12,0.5162,895.6,0.2365,13,step_limit,0.2407,29116.4
560,3,22,379,248.83,22,379,3,0.4776,693.6,0.214,24,complete,0.1667,29133.5
561,3,29,447,376.014,29,447,5,0.3848,669.4,0.1399,13,complete,0.2097,29155.1
562,4,71,826,934.797,71,826,13,0.4249,672.0,0.2203,15,complete,0.1496,29196.6
563,4,61,1000,600.538,55,,9,0.5547,883.3,0.2818,128,step_limit,0.3196,29246.4
564,4,44,517,521.12,44,517,6,0.5029,723.2,0.1506,14,complete,0.2133,29270.7
565,4,21,368,196.556,21,368,2,0.6175,852.7,0.368,20,complete,0.2616,29289.5
566,4,23,445,246.183,23,445,3,0.4567,698.7,0.3183,51,complete,0.19,29308.9
567,4,57,799,692.328,57,799,9,0.4399,584.6,0.3177,21,complete,0.1597,29340.3
568,4,23,428,196.88,23,428,2,0.6104,1022.8,0.2916,15,complete,0.2554,29358.0
569,4,79,1000,746.385,65,,11,0.557,808.0,0.3556,77,step_limit,0.2769,29397.7
570,4,70,1000,808.029,65,,12,0.4715,737.7,0.2467,17,step_limit,0.2403,29438.5
571,4,78,875,1007.8,78,875,13,0.4017,585.8,0.2253,27,complete,0.1525,29477.3
572,4,70,1000,903.629,68,,13,0.5142,891.4,0.3094,16,step_limit,0.2595,29518.1
573,3,77,1000,829.661,65,,12,0.4357,739.6,0.1838,38,step_limit,0.2493,29558.8
574,4,34,612,339.073,34,612,4,0.6025,834.3,0.3041,28,complete,0.3082,29587.2
575,3,21,370,216.686,21,370,2,0.4171,667.1,0.1281,12,complete,0.2083,29600.9
576,3,39,586,457.574,39,586,5,0.43,788.6,0.2413,20,complete,0.1759,29627.7
577,4,53,777,659.237,53,777,9,0.6017,871.5,0.2701,18,complete,0.2723,29668.1
578,4,29,505,306.945,29,505,4,0.548,730.4,0.349,48,complete,0.2281,29692.7
579,3,67,1000,841.664,65,,11,0.4523,781.9,0.2587,64,step_limit,0.2392,29739.1
580,4,39,939,402.502,39,939,6,0.631,1006.0,0.3816,59,complete,0.3288,29780.9
581,3,25,528,284.152,25,528,4,0.4886,769.0,0.145,10,complete,0.3025,29805.0
582,3,27,582,336.307,27,582,5,0.4433,710.3,0.2081,18,complete,0.2424,29836.1
583,3,67,1000,701.727,60,,9,0.4633,768.9,0.219,31,step_limit,0.2575,29887.2
584,4,70,1000,782.006,66,,11,0.5248,762.5,0.324,81,step_limit,0.2645,29939.3
585,3,50,936,647.486,50,936,9,0.4526,763.4,0.225,35,complete,0.2557,29982.9
586,3,55,1000,606.98,53,,8,0.5283,767.1,0.2135,22,step_limit,0.3146,30033.5
587,4,46,1000,477.722,43,,8,0.536,846.4,0.4238,53,step_limit,0.2618,30079.5
588,3,39,733,468.887,39,733,6,0.4725,791.8,0.1927,28,complete,0.2972,30114.7
589,4,48,766,579.835,48,766,8,0.5718,1013.0,0.2483,35,complete,0.2908,30154.2
590,3,55,1000,567.225,49,,8,0.3933,728.7,0.3276,77,step_limit,0.2107,30203.2
591,3,70,1000,772.54,61,,11,0.4513,735.4,0.2516,36,step_limit,0.2507,30250.1
592,3,45,843,536.217,45,843,7,0.4484,783.2,0.1491,51,complete,0.3297,30291.7
593,3,27,766,263.02,27,766,4,0.3738,570.1,0.3859,93,complete,0.2061,30333.6
594,3,77,1000,693.671,59,,10,0.4977,790.4,0.1409,21,step_limit,0.313,30388.5
595,4,64,1000,814.644,63,,12,0.5807,911.7,0.2321,20,step_limit,0.278,30445.0
596,3,66,1000,736.464,58,,11,0.4307,726.4,0.1887,40,step_limit,0.2923,30499.5
597,4,31,640,256.49,31,640,3,0.6617,976.9,0.2442,12,complete,0.3806,30533.5
598,4,64,1000,660.294,60,,9,0.5733,922.2,0.2521,38,step_limit,0.2951,30589.6
599,3,39,774,483.68,39,774,7,0.5026,796.4,0.2412,39,complete,0.3218,30632.1
600,4,80,906,1077.495,80,906,15,0.4925,851.3,0.1556,10,complete,0.2519,30688.6
601,3,28,582,319.679,28,582,4,0.5132,747.0,0.2939,64,complete,0.2222,31278.7
602,3,78,1000,834.904,65,,12,0.361,612.7,0.2044,70,step_limit,0.1811,31336.3
603,3,64,1000,659.528,55,,9,0.499,784.5,0.2837,49,step_limit,0.2861,31396.0
604,4,68,1000,830.218,65,,12,0.498,734.1,0.2836,15,step_limit,0.2339,31443.9
605,4,55,1000,654.698,55,1000,9,0.6105,1072.6,0.2558,27,complete,0.3184,31493.2
606,4,69,689,881.831,69,689,11,0.4561,726.5,0.1458,13,complete,0.1842,31524.8
607,3,31,717,346.303,31,717,5,0.5091,795.2,0.284,39,complete,0.2613,31554.3
608,3,59,1000,742.156,56,,11,0.4923,758.5,0.233,50,step_limit,0.2486,31596.4
609,4,56,1000,657.221,55,,10,0.578,961.3,0.2541,26,step_limit,0.322,31637.4
610,3,59,1000,697.737,55,,10,0.4913,784.8,0.1511,19,step_limit,0.2936,31677.7
611,3,21,512,223.083,21,512,3,0.5306,739.8,0.3985,133,complete,0.1905,31698.8
612,3,27,673,291.688,27,673,4,0.4463,756.5,0.3527,56,complete,0.2338,31723.5
613,3,80,1000,650.885,53,,10,0.3263,545.7,0.4344,333,step_limit,0.1927,31765.4
614,3,54,1000,555.456,50,,8,0.408,795.6,0.2619,38,step_limit,0.2643,31805.3
615,3,56,888,723.228,56,888,10,0.3506,627.9,0.178,27,complete,0.1944,31839.8
616,4,71,1000,570.766,55,,9,0.6105,928.4,0.386,49,step_limit,0.3581,31881.1
617,3,67,1000,693.639,56,,10,0.3963,698.0,0.3082,65,step_limit,0.2162,31925.1
618,3,52,1000,608.06,51,,8,0.4857,741.7,0.2638,36,step_limit,0.2492,31973.8
619,4,54,624,674.388,54,624,9,0.4728,698.2,0.2783,28,complete,0.1722,32008.7
620,4,66,832,825.502,66,832,11,0.5382,884.2,0.2184,15,complete,0.2561,32055.7
621,3,46,781,560.646,46,781,7,0.4375,738.7,0.2227,43,complete,0.206,32098.3
622,3,28,859,283.084,28,859,4,0.5685,788.1,0.4138,176,complete,0.3636,32147.0
623,4,44,518,541.789,44,518,7,0.555,738.3,0.1217,10,complete,0.1852,32177.5
624,3,42,795,547.171,42,795,8,0.3421,621.0,0.3531,96,complete,0.1822,32220.2
625,3,37,668,451.733,37,668,6,0.4197,762.9,0.1869,38,complete,0.2252,32258.7
626,3,68,1000,802.826,63,,11,0.4693,752.9,0.1625,17,step_limit,0.246,32312.4
627,4,27,369,301.477,27,369,3,0.5142,815.0,0.1476,20,complete,0.2267,32329.8
628,4,38,390,413.137,38,390,4,0.4308,595.3,0.1298,9,complete,0.1625,32350.0
629,4,57,637,751.348,57,637,10,0.4973,747.7,0.1363,10,complete,0.2057,32382.9
630,3,73,1000,791.715,65,,10,0.4673,787.2,0.2074,19,step_limit,0.2661,32431.5
631,3,58,990,741.845,58,990,10,0.5209,796.8,0.214,32,complete,0.269,32478.7
632,4,36,727,388.442,36,727,5,0.3511,622.5,0.2759,18,complete,0.1897,32514.7
633,3,46,884,560.869,46,884,8,0.483,731.0,0.1927,43,complete,0.2754,32557.8
634,3,25,445,308.206,25,445,4,0.427,680.7,0.1605,18,complete,0.1697,32579.1
635,3,39,865,435.735,39,865,6,0.5314,791.3,0.3666,131,complete,0.3011,32623.4
636,4,28,372,325.663,28,372,4,0.4859,696.1,0.3203,45,complete,0.1968,32640.9
637,4,39,680,444.379,39,680,6,0.5147,746.3,0.2688,17,complete,0.2349,32672.8
638,3,46,946,596.118,46,946,9,0.4958,789.7,0.1824,36,complete,0.3492,32717.0
639,4,21,397,192.52,21,397,2,0.619,893.5,0.1641,7,complete,0.3895,32738.5
640,3,55,1000,603.32,50,,9,0.488,792.8,0.2315,29,step_limit,0.3457,32787.5
641,3,74,1000,793.731,63,,11,0.478,797.0,0.1512,29,step_limit,0.27,32840.4
642,3,24,449,263.43,24,449,3,0.4581,781.3,0.2634,18,complete,0.1769,32866.0
643,4,57,986,722.672,57,986,11,0.5532,912.0,0.3149,37,complete,0.2759,32919.2
644,3,45,884,502.153,45,884,6,0.5215,790.6,0.1517,20,complete,0.3027,32968.9
645,3,48,1000,520.569,45,,7,0.4913,770.9,0.38,138,step_limit,0.2222,33022.3
646,3,25,520,254.68,25,520,3,0.5763,786.0,0.1349,20,complete,0.3962,33050.4
647,3,26,405,292.642,26,405,3,0.4782,788.6,0.215,29,complete,0.1986,33073.8
648,3,48,1000,471.925,44,,7,0.3963,682.0,0.4411,240,step_limit,0.2541,33131.0
649,4,69,947,901.361,69,947,13,0.5322,917.4,0.1605,31,complete,0.2724,33183.3
650,3,64,1000,805.78,62,,11,0.445,785.0,0.2439,44,step_limit,0.2342,33239.7
651,4,77,1000,790.696,65,,12,0.5833,848.4,0.2556,20,step_limit,0.311,33786.4
652,3,32,617,381.149,32,617,5,0.5457,795.2,0.2897,37,complete,0.2353,33808.7
653,3,77,1000,744.566,62,,10,0.4273,756.8,0.2941,59,step_limit,0.2222,33851.7
654,4,21,584,205.821,21,584,3,0.6109,949.7,0.3714,78,complete,0.2857,33875.5
655,3,28,547,315.415,28,547,4,0.4357,755.6,0.1467,22,complete,0.2444,33900.8
656,3,50,883,614.162,50,883,8,0.4828,785.3,0.2085,49,complete,0.2891,33944.8
657,4,62,700,750.671,62,700,9,0.5054,776.4,0.1968,11,complete,0.1905,33976.1
658,3,50,1000,549.36,45,,8,0.5093,780.6,0.3251,147,step_limit,0.2635,34019.1
659,4,39,609,458.84,39,609,6,0.3649,693.6,0.2224,20,complete,0.1795,34043.9
660,4,65,938,825.52,65,938,12,0.4432,682.9,0.2374,19,complete,0.2154,34082.7
661,4,20,391,217.84,20,391,3,0.3197,626.6,0.2349,26,complete,0.1919,34101.7
662,4,46,640,552.452,46,640,7,0.5871,827.2,0.2804,23,complete,0.2694,34133.8
663,3,78,1000,894.027,68,,13,0.4153,686.9,0.2037,35,step_limit,0.2097,34184.8
664,3,28,512,290.922,28,512,3,0.5488,779.2,0.1661,17,complete,0.2938,34212.9
665,3,25,734,256.48,25,734,4,0.5173,771.6,0.308,53,complete,0.3527,34251.3
666,4,74,982,913.915,74,982,12,0.5323,823.1,0.2117,10,complete,0.2369,34306.3
667,3,50,828,661.16,50,828,9,0.4537,789.9,0.2102,40,complete,0.2121,34352.7
668,4,80,1000,825.45,66,,12,0.4838,802.8,0.3909,59,step_limit,0.2444,34409.3
669,4,53,649,649.346,53,649,8,0.4746,727.4,0.2032,43,complete,0.2289,34445.8
670,3,68,1000,734.501,60,,10,0.489,764.9,0.1998,54,step_limit,0.2833,34502.0
671,3,60,1000,725.47,58,,10,0.5033,792.4,0.1998,33,step_limit,0.2891,34557.0
672,3,50,1000,592.86,48,,9,0.4687,686.4,0.3879,56,step_limit,0.2424,34614.7
673,4,54,1000,649.467,53,,10,0.5885,909.1,0.2506,19,step_limit,0.3266,34669.6
674,4,73,1000,913.216,71,,13,0.5417,801.1,0.2082,47,step_limit,0.2462,34723.8
675,3,74,958,1028.06,74,958,14,0.3862,634.0,0.1353,20,complete,0.152,34777.9
676,3,46,1000,516.728,44,,7,0.5617,778.6,0.3061,116,step_limit,0.3233,34833.2
677,3,79,1000,883.694,66,,13,0.442,764.6,0.1132,22,step_limit,0.2494,34884.3
678,4,41,800,439.854,41,800,6,0.6278,998.0,0.3043,19,complete,0.3343,34921.1
679,4,58,925,739.724,58,925,11,0.57,917.7,0.2412,19,complete,0.3053,34966.7
680,3,31,730,372.061,31,730,5,0.4507,661.6,0.3949,167,complete,0.3063,35002.3
681,4,65,1000,673.323,57,,10,0.5938,840.0,0.3079,18,step_limit,0.2839,35053.3
682,3,72,1000,786.587,62,,11,0.4703,759.9,0.2747,46,step_limit,0.2439,35102.5
683,4,52,787,630.866,52,787,9,0.5712,954.4,0.1839,18,complete,0.3255,35139.9
684,3,40,869,495.835,40,869,7,0.5059,788.2,0.2982,30,complete,0.2759,35183.3
685,3,74,1000,766.174,64,,10,0.4497,764.8,0.2277,47,step_limit,0.2693,35232.3
686,4,58,764,738.033,58,764,10,0.4889,742.7,0.1511,13,complete,0.2255,35269.6
687,3,46,859,542.093,46,859,7,0.5243,790.2,0.1977,25,complete,0.2887,35311.5
688,4,33,418,363.062,33,418,4,0.5335,683.1,0.0855,10,complete,0.2149,35332.5
689,4,80,1000,879.605,70,,13,0.5373,922.2,0.1879,12,step_limit,0.2878,35386.2
690,3,26,537,307.548,26,537,4,0.4271,721.2,0.2468,33,complete,0.142,35413.7
691,3,40,733,461.372,40,733,6,0.4875,710.0,0.2762,53,complete,0.257,35456.0
692,3,49,789,611.444,49,789,8,0.4364,705.6,0.1888,31,complete,0.2411,35500.0
693,4,56,820,714.986,56,820,10,0.5729,911.2,0.1569,13,complete,0.2614,35545.8
694,3,69,1000,797.013,64,,11,0.403,688.3,0.2883,41,step_limit,0.2168,35602.8
695,4,32,606,322.873,32,606,4,0.5264,801.3,0.2965,25,complete,0.2731,35635.9
696,3,48,847,599.634,48,847,8,0.5069,768.6,0.1641,56,complete,0.3039,35683.5
697,3,58,1000,746.766,56,,11,0.45,711.5,0.2577,37,step_limit,0.2414,35740.8
698,4,65,1000,721.582,62,,10,0.5515,929.2,0.2383,17,step_limit,0.3228,35795.8
699,4,44,850,485.091,44,850,7,0.6012,994.8,0.1925,22,complete,0.3544,35841.1
700,4,40,908,433.73,40,908,7,0.5939,960.2,0.213,26,complete,0.3125,35888.2
701,4,26,533,262.68,26,533,4,0.636,1013.2,0.2749,19,complete,0.3182,36288.8
702,3,66,1000,772.686,61,,11,0.3733,722.6,0.2908,42,step_limit,0.1995,36337.9
703,3,25,851,251.722,25,851,4,0.5217,779.3,0.3903,81,complete,0.3034,36384.8
704,4,35,472,408.514,35,472,5,0.5159,887.9,0.242,12,complete,0.25,36410.4
705,3,24,552,234.177,24,552,3,0.3762,623.2,0.3868,69,complete,0.2167,36440.9
706,3,64,1000,791.434,61,,11,0.3663,781.9,0.1882,53,step_limit,0.25,36495.6
707,3,24,407,262.74,24,407,3,0.4062,674.0,0.1417,32,complete,0.1773,36518.8
708,4,68,740,895.112,68,740,12,0.4757,664.3,0.2026,18,complete,0.1949,36562.4
709,3,57,1000,629.137,52,,9,0.5193,761.5,0.2152,27,step_limit,0.2913,36622.7
710,4,78,955,955.851,78,955,12,0.5039,920.1,0.245,30,complete,0.2571,36676.8
711,4,34,769,290.216,34,769,3,0.6131,970.4,0.317,24,complete,0.3067,36721.4
712,3,21,437,246.676,21,437,3,0.4493,685.4,0.2636,75,complete,0.1473,36745.3
713,3,63,1000,748.833,60,,10,0.4997,785.7,0.1155,20,step_limit,0.3534,36801.7
714,3,64,996,863.934,64,996,12,0.4066,782.9,0.1561,34,complete,0.2104,36858.4
715,4,43,527,544.334,43,527,7,0.3999,692.8,0.2604,15,complete,0.1633,36888.0
716,3,39,818,450.637,39,818,6,0.5208,771.2,0.2343,28,complete,0.3027,36932.1
717,3,67,1000,853.321,66,,11,0.4583,653.0,0.2765,133,step_limit,0.1935,36988.5
718,4,68,1000,579.324,55,,9,0.489,760.7,0.392,58,step_limit,0.2095,37043.3
719,4,67,1000,735.678,59,,11,0.5737,851.8,0.4024,113,step_limit,0.322,37098.0
720,3,49,571,640.999,49,571,8,0.3123,532.2,0.0668,21,complete,0.122,37129.9
721,3,29,506,335.896,29,506,4,0.4763,756.9,0.264,36,complete,0.2339,37157.5
722,4,59,988,700.005,59,988,9,0.5339,824.5,0.3132,35,complete,0.2062,37213.4
723,4,70,753,908.56,70,753,12,0.4031,730.7,0.1978,24,complete,0.1689,37257.5
724,3,69,1000,828.539,65,,11,0.4363,683.0,0.1897,27,step_limit,0.2392,37313.5
725,3,62,1000,580.374,48,,9,0.4643,791.4,0.2931,208,step_limit,0.3086,37360.4
726,4,56,867,671.849,56,867,9,0.5444,878.5,0.1821,11,complete,0.2793,37403.3
727,3,57,867,716.485,57,867,9,0.4148,594.9,0.2112,32,complete,0.1713,37444.8
728,4,43,954,485.58,43,954,8,0.6211,984.2,0.2709,41,complete,0.3714,37488.5
729,4,77,810,1038.769,77,810,14,0.4806,747.1,0.154,10,complete,0.1865,37529.7
730,3,27,461,357.092,27,461,5,0.3977,715.1,0.1258,18,complete,0.2061,37552.0
731,3,80,1000,828.699,65,,12,0.3757,631.9,0.2637,56,step_limit,0.2292,37600.2
732,3,80,1000,957.584,73,,13,0.3957,742.1,0.1295,30,step_limit,0.2171,37653.3
733,4,64,1000,730.987,63,,10,0.4803,810.3,0.3236,37,step_limit,0.2575,37703.4
734,3,38,514,520.691,38,514,7,0.3709,683.7,0.2196,57,complete,0.1268,37729.8
735,4,63,727,765.231,63,727,9,0.5509,981.8,0.1688,18,complete,0.2591,37767.0
736,3,52,1000,634.771,51,,9,0.492,793.9,0.2431,44,step_limit,0.3036,37814.8
737,3,41,715,493.865,41,715,6,0.4797,789.3,0.2678,26,complete,0.2236,37849.1
738,4,49,599,645.509,49,599,9,0.4996,764.7,0.0775,10,complete,0.2557,37885.2
739,3,27,598,338.238,27,598,5,0.4387,727.9,0.1725,31,complete,0.254,37918.4
740,3,32,724,355.261,32,724,5,0.5087,756.3,0.3394,50,complete,0.2917,37957.0
741,3,25,519,262.978,25,519,3,0.4399,683.9,0.1384,24,complete,0.2284,37986.5
742,3,48,1000,555.819,45,,8,0.4397,765.5,0.4317,260,step_limit,0.2386,38040.5
743,4,54,707,686.913,54,707,9,0.4155,669.2,0.2336,20,complete,0.155,38076.6
744,4,24,485,232.5,24,485,3,0.4768,862.6,0.2271,13,complete,0.217,38098.6
745,4,37,377,409.579,37,377,4,0.5458,735.0,0.0814,8,complete,0.194,38118.1
746,3,50,1000,509.544,45,,8,0.488,790.4,0.2276,37,step_limit,0.3233,38161.9
747,3,78,1000,720.8,61,,10,0.4813,783.6,0.1796,67,step_limit,0.3079,38202.4
748,3,33,638,426.242,33,638,6,0.4744,795.9,0.1209,37,complete,0.2342,38227.6
749,3,20,388,197.75,20,388,2,0.5206,747.6,0.1195,10,complete,0.2735,38242.4
750,4,80,1000,1014.335,79,,14,0.4175,737.0,0.2632,29,step_limit,0.1857,38286.0
751,4,29,454,323.84,29,454,4,0.5468,744.5,0.1945,15,complete,0.2091,38711.9
752,4,21,397,227.739,21,397,3,0.6146,1001.8,0.1305,8,complete,0.2979,38729.5
753,4,21,316,203.893,21,316,2,0.4383,775.4,0.1134,12,complete,0.1667,38741.9
754,4,39,638,452.47,39,638,6,0.5784,962.2,0.3021,25,complete,0.2788,38768.5
755,3,68,1000,543.606,50,,8,0.42,789.9,0.3495,78,step_limit,0.2891,38809.6
756,3,80,1000,864.835,70,,11,0.3767,690.3,0.2292,48,step_limit,0.2481,38852.1
757,4,62,672,780.836,62,672,10,0.3612,587.2,0.1732,33,complete,0.1595,38880.1
758,4,36,959,381.129,36,959,6,0.628,1069.6,0.2834,47,complete,0.3288,38917.8
759,4,46,904,534.205,46,904,8,0.6352,945.2,0.2391,39,complete,0.3621,38955.8
760,3,23,536,274.142,23,536,4,0.5479,745.7,0.3462,39,complete,0.2606,38977.2
761,4,36,392,461.187,36,392,6,0.4171,574.0,0.0838,10,complete,0.1417,38995.6
762,3,66,1000,712.527,56,,10,0.4377,643.4,0.4316,241,step_limit,0.2292,39035.6
763,3,24,442,265.527,24,442,3,0.5068,706.6,0.1936,22,complete,0.2177,39052.9
764,3,27,453,317.31,27,453,4,0.3194,523.5,0.3198,86,complete,0.1905,39072.5
765,4,43,492,546.562,43,492,7,0.5183,618.7,0.0957,14,complete,0.193,39094.1
766,3,25,472,263.344,25,472,3,0.5275,706.4,0.1485,26,complete,0.3067,39111.9
767,3,65,1000,767.642,59,,11,0.458,803.2,0.1402,30,step_limit,0.2667,39152.4
768,3,50,831,658.154,50,831,9,0.3626,711.4,0.2802,44,complete,0.1723,39186.4
769,4,40,636,494.25,40,636,7,0.5755,752.3,0.1395,17,complete,0.2593,39213.4
770,4,58,1000,663.876,55,,10,0.5607,853.5,0.2373,14,step_limit,0.3125,39253.6
771,3,28,553,280.317,28,553,3,0.5793,766.0,0.1642,25,complete,0.3333,39276.8
772,4,53,631,708.586,53,631,10,0.5242,645.8,0.1883,10,complete,0.2314,39303.7
773,3,60,1000,717.55,55,,11,0.4393,789.0,0.1974,36,step_limit,0.2661,39343.8
774,3,60,1000,550.465,50,,8,0.508,747.6,0.1721,58,step_limit,0.3396,39382.7
775,3,62,1000,721.76,58,,10,0.461,787.9,0.2761,67,step_limit,0.2638,39419.6
776,3,47,905,578.641,47,905,8,0.4851,771.5,0.2497,44,complete,0.2843,39449.4
777,3,77,980,1076.845,77,980,15,0.3541,695.3,0.2273,39,complete,0.149,39483.8
778,3,29,610,318.345,29,610,4,0.5404,770.8,0.1915,40,complete,0.2708,39504.9
779,3,79,1000,673.325,57,,10,0.4863,784.3,0.281,49,step_limit,0.2994,39538.5
780,4,50,871,575.248,50,871,8,0.6231,917.7,0.2335,19,complete,0.283,39569.6
781,3,53,1000,537.751,46,,8,0.5217,755.8,0.2281,37,step_limit,0.3053,39603.7
782,3,35,946,405.714,35,946,6,0.5514,804.1,0.2671,49,complete,0.3333,39635.8
783,4,55,768,678.785,55,768,9,0.4967,823.3,0.2057,24,complete,0.2255,39658.4
784,3,53,1000,578.368,50,,8,0.441,649.7,0.3206,50,step_limit,0.2271,39693.8
785,4,56,1000,591.343,55,,8,0.6245,1020.2,0.2101,20,step_limit,0.3512,39730.9
786,3,73,1000,764.955,60,,11,0.4583,797.2,0.2063,45,step_limit,0.2621,39764.5
787,4,70,1000,811.326,66,,12,0.4845,846.1,0.2788,41,step_limit,0.2312,39795.0
788,3,31,583,386.313,31,583,5,0.4431,749.6,0.262,38,complete,0.2255,39813.7
789,3,40,815,464.253,40,815,6,0.4507,763.7,0.2436,37,complete,0.2772,39843.3
790,4,29,571,310.484,29,571,4,0.5928,927.9,0.2262,12,complete,0.3375,39861.0
791,4,38,526,455.002,38,526,6,0.4415,728.4,0.1432,11,complete,0.2329,39879.0
792,4,77,916,995.017,77,916,13,0.5115,825.8,0.2527,23,complete,0.2312,39907.1
793,3,71,1000,815.097,65,,11,0.3927,732.9,0.248,29,step_limit,0.2133,39939.7
794,3,33,576,399.547,33,576,5,0.4699,715.3,0.2284,18,complete,0.2222,39959.2
795,3,76,1000,697.128,59,,10,0.503,751.6,0.2138,39,step_limit,0.2963,39993.7
796,3,65,1000,762.737,61,,10,0.481,790.7,0.277,65,step_limit,0.2452,40026.4
797,4,72,772,901.92,72,772,11,0.5327,813.1,0.1494,10,complete,0.234,40052.7
798,4,54,989,627.692,54,989,9,0.6289,961.8,0.2655,26,complete,0.3281,40084.1
799,3,35,676,396.997,35,676,5,0.5261,767.5,0.1497,22,complete,0.2939,40104.5
800,3,78,1000,790.619,64,,11,0.4613,727.1,0.2085,53,step_limit,0.2625,40137.4
801,3,21,529,227.573,21,529,3,0.4411,758.2,0.1923,29,complete,0.2418,40541.7
802,4,22,373,217.444,22,373,2,0.5469,844.8,0.1807,10,complete,0.2244,40557.8
803,4,57,742,727.429,57,742,10,0.467,759.5,0.1965,19,complete,0.2382,40588.3
804,3,60,1000,745.16,58,,10,0.474,786.1,0.3418,44,step_limit,0.2281,40632.3
805,4,34,442,364.367,34,442,4,0.5023,619.8,0.2751,20,complete,0.1625,40649.9
806,3,59,964,755.256,59,964,10,0.4765,803.5,0.1512,36,complete,0.3046,40688.5
807,4,22,834,207.913,22,834,3,0.4763,616.6,0.5724,203,complete,0.2679,40722.7
808,3,35,1000,315.494,31,,5,0.551,804.8,0.3748,151,step_limit,0.313,40763.6
809,3,38,877,462.416,38,877,7,0.5222,793.3,0.2402,59,complete,0.3448,40798.2
810,4,47,956,551.649,47,956,8,0.6245,1031.3,0.2071,12,complete,0.3951,40836.4
811,3,70,1000,647.519,56,,9,0.5227,796.6,0.206,33,step_limit,0.3482,40876.2
812,3,40,825,497.275,40,825,7,0.4941,800.2,0.1788,34,complete,0.3255,40909.7
813,3,55,1000,631.578,52,,9,0.4973,779.3,0.2574,41,step_limit,0.3274,40949.8
814,3,38,683,462.663,38,683,6,0.4461,734.1,0.1535,13,complete,0.2305,40978.5
815,3,75,1000,751.476,61,,11,0.4643,752.2,0.1773,20,step_limit,0.3025,41018.8
816,4,57,1000,694.926,56,,10,0.5415,828.7,0.3108,35,step_limit,0.2714,41059.9
817,3,58,1000,607.79,51,,9,0.528,783.4,0.3151,135,step_limit,0.3006,41103.5
818,4,21,497,178.844,21,497,2,0.6514,996.9,0.1734,15,complete,0.4183,41122.3
819,3,70,1000,873.699,66,,12,0.4033,676.0,0.1908,59,step_limit,0.172,41163.3
820,4,26,442,252.858,26,442,3,0.5758,973.2,0.1346,10,complete,0.2745,41182.2
821,4,27,378,288.124,27,378,3,0.5774,881.9,0.215,15,complete,0.235,41198.0
822,4,61,940,730.492,61,940,10,0.5529,962.6,0.2005,15,complete,0.3109,41236.2
823,4,77,1000,818.395,69,,12,0.5517,849.1,0.2846,32,step_limit,0.2982,41279.9
824,3,38,622,501.929,38,622,7,0.3944,682.6,0.1252,26,complete,0.2263,41303.0
825,3,63,917,831.176,63,917,11,0.3126,614.4,0.1477,32,complete,0.1667,41333.2
826,4,44,716,549.978,44,716,8,0.5332,887.7,0.2764,25,complete,0.2528,41361.0
827,4,51,833,632.186,51,833,9,0.5747,1030.6,0.1179,12,complete,0.32,41390.9
828,3,41,719,511.598,41,719,7,0.5086,797.3,0.2088,32,complete,0.25,41415.8
829,3,22,411,246.397,22,411,3,0.4388,738.8,0.2583,42,complete,0.2482,41428.6
830,3,48,835,585.012,48,835,8,0.4603,730.2,0.1381,16,complete,0.2553,41456.7
831,3,61,1000,702.17,56,,10,0.48,779.8,0.1504,36,step_limit,0.3065,41490.0
832,3,66,1000,848.882,64,,12,0.3513,739.0,0.2649,51,step_limit,0.168,41519.3
833,3,26,494,309.749,26,494,4,0.2854,536.6,0.1901,33,complete,0.1754,41531.2
834,4,25,727,219.176,25,727,4,0.5757,872.3,0.3168,33,complete,0.3297,41550.3
835,3,78,1000,833.104,65,,12,0.46,770.5,0.1313,21,step_limit,0.2361,41574.7
836,4,22,439,221.204,22,439,3,0.5433,906.9,0.1743,18,complete,0.3404,41587.7
837,3,74,1000,712.942,57,,11,0.4943,745.1,0.1727,24,step_limit,0.3274,41615.8
838,4,46,840,533.791,46,840,8,0.608,1016.7,0.3152,20,complete,0.3325,41640.9
839,3,47,952,604.857,47,952,9,0.513,796.0,0.2294,48,complete,0.3131,41673.9
840,4,31,439,350.956,31,439,4,0.5507,817.4,0.11,7,complete,0.2419,41690.1
841,3,52,1000,623.277,50,,9,0.534,754.9,0.2508,46,step_limit,0.3091,41722.5
842,3,30,405,392.81,30,405,5,0.363,598.6,0.1688,18,complete,0.1609,41734.5
843,4,75,1000,777.301,67,,11,0.5873,837.5,0.2414,24,step_limit,0.2815,41769.3
844,4,28,642,284.649,28,642,4,0.5977,890.7,0.232,12,complete,0.316,41792.2
845,3,44,722,586.674,44,722,8,0.4044,771.3,0.1322,25,complete,0.237,41814.5
846,3,31,494,393.503,31,494,5,0.4022,637.6,0.1426,14,complete,0.1799,41830.8
847,4,45,788,555.182,45,788,8,0.5961,939.3,0.2939,15,complete,0.293,41860.4
848,3,44,927,545.11,44,927,8,0.5289,746.1,0.2056,37,complete,0.3131,41898.0
849,3,49,1000,535.165,46,,8,0.509,802.0,0.323,31,step_limit,0.3145,41937.7
850,3,47,982,600.989,47,982,9,0.4976,788.3,0.2009,26,complete,0.3302,41977.8
851,4,30,798,287.0,30,798,4,0.6103,807.1,0.4125,74,complete,0.3133,42420.3
852,4,65,1000,831.68,64,,12,0.5893,863.3,0.2237,19,step_limit,0.2844,42463.7
853,3,45,881,565.977,45,881,8,0.4907,794.6,0.2527,48,complete,0.2833,42499.1
854,4,23,544,187.144,23,544,2,0.6613,891.9,0.4157,29,complete,0.2991,42520.4
855,4,49,645,571.939,49,645,7,0.5729,798.1,0.2429,29,complete,0.2984,42548.4
856,3,28,698,296.646,28,698,4,0.5468,786.2,0.1797,24,complete,0.3578,42575.9
857,3,38,736,480.012,38,736,7,0.4158,679.9,0.1934,39,complete,0.2181,42606.0
858,4,70,873,931.051,70,873,13,0.5404,788.1,0.1855,16,complete,0.2439,42643.3
859,4,27,454,305.559,27,454,4,0.5193,849.4,0.2017,19,complete,0.194,42661.6
860,4,30,722,328.013,30,722,5,0.6222,998.6,0.2333,11,complete,0.3767,42690.8
861,3,39,795,459.504,39,795,6,0.5057,790.7,0.2751,33,complete,0.2275,42723.5
862,4,50,662,619.272,50,662,8,0.3161,617.0,0.2276,17,complete,0.1862,42751.5
863,4,30,519,325.227,30,519,4,0.6541,1034.0,0.2549,26,complete,0.3136,42772.6
864,4,38,664,403.629,38,664,5,0.5478,825.1,0.212,23,complete,0.2821,42799.4
865,4,56,922,641.191,56,922,9,0.487,829.0,0.3102,34,complete,0.2692,42837.4
866,3,70,1000,682.67,59,,9,0.423,787.0,0.2454,23,step_limit,0.2479,42878.2
867,3,48,915,598.269,48,915,8,0.5195,769.3,0.2264,42,complete,0.2847,42915.8
868,4,37,459,425.975,37,459,5,0.5169,721.4,0.1207,5,complete,0.1865,42936.2
869,4,46,717,526.033,46,717,7,0.4847,816.0,0.2026,17,complete,0.2253,42963.7
870,3,47,727,600.986,47,727,8,0.4099,690.8,0.1947,31,complete,0.2246,42994.6
871,3,44,983,526.733,44,983,8,0.4608,745.0,0.2288,41,complete,0.3077,43033.9
872,3,57,1000,610.274,50,,9,0.4237,707.4,0.2759,40,step_limit,0.2538,43076.5
873,4,30,447,307.733,30,447,3,0.6068,1035.2,0.2318,11,complete,0.2366,43095.3
874,3,20,443,227.765,20,443,3,0.4093,637.8,0.2288,33,complete,0.2,43113.5
875,4,43,602,496.711,43,602,6,0.3866,705.0,0.2056,7,complete,0.1807,43139.4
876,4,23,426,272.699,23,426,4,0.5898,969.6,0.1647,18,complete,0.3585,43156.0
877,3,65,1000,741.646,60,,10,0.491,787.5,0.1396,18,step_limit,0.3107,43193.0
878,3,65,1000,690.095,55,,10,0.445,760.0,0.227,85,step_limit,0.275,43227.4
879,4,28,584,336.197,28,584,5,0.5056,765.4,0.2633,29,complete,0.225,43243.4
880,4,41,435,469.341,41,435,5,0.4167,563.1,0.1119,10,complete,0.1538,43255.5
881,3,59,832,769.808,59,832,10,0.3682,617.4,0.2231,31,complete,0.1699,43278.4
882,3,46,943,577.471,46,943,8,0.4793,793.6,0.2886,78,complete,0.2647,43301.4
883,4,67,1000,806.388,65,,12,0.5737,939.3,0.2334,20,step_limit,0.3043,43327.6
884,3,49,868,570.117,49,868,7,0.4812,783.2,0.2245,28,complete,0.2353,43350.5
885,3,51,1000,576.871,49,,8,0.5397,777.8,0.2517,43,step_limit,0.3873,43379.2
886,3,36,806,393.453,36,806,5,0.5476,787.1,0.2159,52,complete,0.3251,43398.6
887,4,36,665,419.711,36,665,6,0.4162,694.3,0.269,46,complete,0.2303,43420.3
888,3,48,857,600.296,48,857,8,0.492,774.2,0.2443,32,complete,0.2718,43443.6
889,4,22,481,187.687,22,481,2,0.6752,1044.7,0.2518,26,complete,0.3774,43458.8
890,3,60,1000,513.165,47,,8,0.469,771.5,0.2602,38,step_limit,0.3333,43489.6
891,4,80,1000,916.385,75,,12,0.5805,1019.9,0.2143,26,step_limit,0.2935,43522.4
892,3,73,1000,872.755,67,,12,0.4943,760.6,0.1628,38,step_limit,0.2828,43555.4
893,3,30,552,362.22,30,552,5,0.5054,723.0,0.1711,24,complete,0.2812,43572.2
894,3,63,1000,758.276,59,,11,0.472,789.1,0.1929,24,step_limit,0.2832,43610.7
895,4,28,353,328.094,28,353,4,0.5007,787.0,0.1355,5,complete,0.1618,43628.0
896,3,39,706,468.905,39,706,6,0.5212,777.7,0.2282,34,complete,0.2785,43657.9
897,4,53,1000,597.404,51,,9,0.6105,968.9,0.2966,20,step_limit,0.3242,43697.7
898,3,66,1000,644.864,55,,9,0.527,796.5,0.1577,23,step_limit,0.3649,43738.9
899,3,33,682,381.713,33,682,5,0.5117,786.9,0.2428,31,complete,0.2676,43768.1
900,4,43,837,551.86,43,837,8,0.5926,861.3,0.2877,23,complete,0.3132,43802.5
901,4,59,812,737.384,59,812,10,0.5607,858.4,0.1977,12,complete,0.2727,44245.8
902,3,29,735,338.533,29,735,5,0.5456,789.4,0.2298,29,complete,0.347,44275.3
903,3,75,1000,808.844,61,,12,0.448,774.9,0.2953,98,step_limit,0.2342,44315.3
904,3,71,1000,893.515,68,,12,0.4787,772.0,0.176,21,step_limit,0.2396,44356.5
905,4,77,1000,904.452,69,,13,0.553,714.4,0.3615,191,step_limit,0.2407,44398.8
906,4,73,843,931.727,73,843,12,0.5047,755.7,0.1989,13,complete,0.2051,44434.6
907,3,79,1000,831.17,65,,12,0.4437,743.9,0.2681,61,step_limit,0.2436,44476.3
908,4,33,607,382.629,33,607,5,0.626,931.8,0.2998,21,complete,0.3116,44502.2
909,4,29,364,337.357,29,364,4,0.4808,765.1,0.1772,13,complete,0.1716,44518.1
910,4,41,937,407.779,41,937,6,0.6665,1058.5,0.269,24,complete,0.3947,44558.3
911,4,34,605,392.153,34,605,6,0.4946,728.7,0.3032,12,complete,0.2077,44586.0
912,4,42,946,490.484,42,946,8,0.588,946.1,0.4044,61,complete,0.3143,44626.2
913,4,34,582,378.496,34,582,5,0.5404,953.4,0.1973,18,complete,0.2923,44650.7
914,3,44,903,521.285,44,903,7,0.4644,741.3,0.319,96,complete,0.25,44687.2
915,3,67,1000,654.482,53,,10,0.4437,656.0,0.2965,84,step_limit,0.2271,44727.6
916,4,34,644,392.722,34,644,6,0.5959,1043.9,0.2209,15,complete,0.3233,44754.4
917,4,52,686,658.737,52,686,9,0.3783,676.7,0.1604,13,complete,0.1725,44783.1
918,3,45,703,562.063,45,703,7,0.4457,668.5,0.1591,22,complete,0.2209,44812.6
919,4,39,671,471.622,39,671,7,0.589,937.3,0.2349,16,complete,0.3163,44838.4
920,4,58,630,759.71,58,630,10,0.4718,767.0,0.0872,14,complete,0.2015,44865.8
921,3,40,894,483.7,40,894,7,0.4825,767.3,0.2585,47,complete,0.2955,44903.7
922,4,77,814,1034.401,77,814,14,0.4254,682.4,0.137,10,complete,0.1989,44938.2
923,4,76,1000,894.821,70,,13,0.568,949.7,0.2298,13,step_limit,0.3093,44973.4
924,4,72,924,928.557,72,924,13,0.5246,793.3,0.2259,27,complete,0.2227,44997.7
925,4,36,493,454.769,36,493,6,0.503,820.3,0.1391,8,complete,0.2537,45011.6
926,4,56,827,748.22,56,827,11,0.5463,842.3,0.209,16,complete,0.262,45037.9
927,4,21,360,229.695,21,360,3,0.4465,739.5,0.3055,66,complete,0.1667,45050.9
928,3,59,920,756.769,59,920,10,0.4254,730.9,0.1761,60,complete,0.2192,45080.2
929,4,25,562,262.768,25,562,4,0.6241,943.5,0.2557,27,complete,0.3625,45100.2
930,3,28,635,319.343,28,635,4,0.4378,793.6,0.2454,32,complete,0.2769,45118.2
931,4,70,979,908.326,70,979,13,0.5478,873.9,0.1412,10,complete,0.2576,45141.2
932,3,75,1000,729.048,62,,10,0.448,766.1,0.2498,30,step_limit,0.2278,45165.9
933,3,31,652,371.034,31,652,5,0.4698,775.4,0.2677,45,complete,0.2676,45185.4
934,3,28,393,343.242,28,393,4,0.4122,788.1,0.1463,16,complete,0.2051,45194.4
935,3,36,619,454.355,36,619,6,0.4653,649.6,0.3211,69,complete,0.2143,45211.1
936,3,20,531,154.67,20,531,1,0.3817,683.1,0.2089,27,complete,0.2464,45225.3
937,3,28,555,294.057,28,555,3,0.5231,701.8,0.3106,46,complete,0.2529,45240.7
938,4,73,1000,586.789,56,,9,0.5777,958.2,0.3096,18,step_limit,0.3362,45267.0
939,3,75,1000,872.292,65,,13,0.4587,724.3,0.1451,33,step_limit,0.3013,45305.8
940,4,64,644,842.977,64,644,11,0.4744,786.0,0.1245,14,complete,0.1803,45334.1
941,3,37,628,492.274,37,628,7,0.422,680.5,0.1233,18,complete,0.2035,45360.9
942,4,57,697,736.036,57,697,10,0.5212,825.4,0.1215,11,complete,0.2377,45389.4
943,3,69,1000,825.139,65,,11,0.476,732.2,0.1966,37,step_limit,0.2027,45432.7
944,4,73,1000,653.934,57,,11,0.5837,809.6,0.2995,18,step_limit,0.2933,45473.9
945,4,49,694,583.644,49,694,8,0.5695,784.6,0.1562,10,complete,0.298,45504.6
946,3,29,414,385.839,29,414,5,0.3849,757.0,0.1339,21,complete,0.1988,45521.1
947,3,73,1000,767.927,61,,11,0.5113,794.7,0.2402,35,step_limit,0.2987,45563.9
948,4,57,1000,586.218,52,,9,0.624,1066.2,0.303,51,step_limit,0.3504,45603.4
949,3,24,492,264.727,24,492,3,0.5481,776.5,0.2105,32,complete,0.2564,45621.7
950,3,26,538,292.31,26,538,4,0.482,754.7,0.4433,73,complete,0.2037,45644.6
951,4,20,320,164.18,20,320,1,0.3922,590.7,0.1733,6,complete,0.2134,46068.8
952,4,28,399,292.469,28,399,3,0.5019,812.1,0.1754,13,complete,0.2296,46086.6
953,3,42,831,480.941,42,831,6,0.5219,794.4,0.2005,55,complete,0.3263,46120.8
954,3,30,561,305.09,30,561,3,0.4967,760.8,0.2812,33,complete,0.3016,46141.8
955,4,38,429,475.745,38,429,6,0.465,687.7,0.1302,9,complete,0.15,46160.8
956,3,33,665,382.268,33,665,5,0.4481,717.7,0.24,41,complete,0.2546,46188.7
957,3,42,959,485.309,42,959,7,0.5207,785.1,0.2184,48,complete,0.3854,46228.0
958,4,34,429,408.464,34,429,5,0.5216,725.5,0.0968,10,complete,0.2097,46244.9
959,3,80,1000,796.254,62,,12,0.4487,626.5,0.2527,42,step_limit,0.256,46287.2
960,4,66,787,863.393,66,787,12,0.4597,797.4,0.2319,20,complete,0.222,46321.0
961,3,70,1000,700.18,58,,10,0.5047,777.5,0.1979,24,step_limit,0.3363,46359.9
962,3,47,805,626.922,47,805,9,0.4542,798.1,0.2339,34,complete,0.2852,46393.4
963,4,27,404,283.144,27,404,3,0.5712,874.0,0.0913,6,complete,0.275,46409.4
964,4,65,723,878.108,65,723,12,0.491,864.8,0.0723,9,complete,0.226,46440.2
965,3,22,727,260.263,22,727,4,0.553,726.9,0.4899,253,complete,0.3552,46469.4
966,3,28,570,345.657,28,570,5,0.524,787.0,0.2039,19,complete,0.2865,46493.1
967,4,73,920,951.89,73,920,13,0.5046,681.2,0.276,27,complete,0.1706,46532.0
968,4,62,1000,528.29,51,,8,0.4953,692.5,0.4193,43,step_limit,0.2326,46574.3
969,4,55,728,719.149,55,728,10,0.5261,698.6,0.1804,11,complete,0.198,46606.3
970,4,46,546,597.143,46,546,8,0.462,883.3,0.2091,34,complete,0.2011,46631.5
971,4,34,1000,295.118,33,,5,0.662,1054.9,0.2931,21,step_limit,0.4122,46671.6
972,3,78,1000,750.808,60,,11,0.4177,721.9,0.3272,101,step_limit,0.2452,46706.6
973,3,78,1000,936.865,71,,13,0.3067,550.5,0.2252,25,step_limit,0.188,46743.0
974,3,60,1000,695.395,55,,10,0.5083,787.1,0.2096,30,step_limit,0.2924,46780.0
975,4,52,698,643.357,52,698,9,0.4867,804.2,0.2561,21,complete,0.2263,46807.3
976,4,53,573,658.069,53,573,8,0.5161,867.4,0.0937,10,complete,0.2222,46830.2
977,4,30,475,323.24,30,475,4,0.3374,586.4,0.1478,20,complete,0.1907,46845.0
978,4,45,547,553.987,45,547,7,0.5489,757.2,0.1158,15,complete,0.2377,46863.0
979,4,34,617,403.72,34,617,6,0.5721,1008.2,0.2241,11,complete,0.2928,46880.2
980,3,55,1000,630.322,54,,8,0.5173,783.1,0.2568,34,step_limit,0.3101,46909.9
981,4,49,990,492.555,49,990,7,0.6167,1059.9,0.2079,23,complete,0.3981,46939.5
982,3,26,497,305.978,26,497,4,0.4199,606.2,0.1332,36,complete,0.1605,46953.2
983,4,39,662,448.566,39,662,6,0.611,1068.6,0.1799,13,complete,0.3344,46973.9
984,4,20,490,198.56,20,490,3,0.5051,775.7,0.3276,68,complete,0.2056,46987.9
985,4,29,483,281.949,29,483,3,0.6046,1023.6,0.2647,16,complete,0.3292,47003.8
986,4,59,893,719.229,59,893,10,0.6162,911.5,0.2529,14,complete,0.286,47029.6
987,3,74,1000,870.214,67,,12,0.4653,780.7,0.1967,23,step_limit,0.207,47059.6
988,4,70,1000,890.149,69,,13,0.4923,799.1,0.2487,24,step_limit,0.2373,47092.0
989,4,34,456,404.478,34,456,5,0.4912,730.7,0.1801,13,complete,0.2127,47110.6
990,4,28,625,336.171,28,625,5,0.5592,884.1,0.3002,19,complete,0.2879,47132.8
991,4,76,1000,922.9,73,,13,0.5375,881.5,0.2244,17,step_limit,0.2648,47172.6
992,3,40,835,483.7,40,835,7,0.499,734.5,0.2577,36,complete,0.2316,47204.1
993,4,61,653,750.254,61,653,9,0.4391,756.4,0.1439,10,complete,0.1649,47230.3
994,3,49,1000,562.127,48,,8,0.5523,803.3,0.1918,41,step_limit,0.3722,47277.2
995,4,33,442,364.72,33,442,4,0.5498,787.0,0.3096,27,complete,0.2411,47297.1
996,3,23,532,241.783,23,532,3,0.5294,770.7,0.2208,35,complete,0.3082,47322.2
997,4,46,661,570.708,46,661,8,0.5204,889.6,0.1644,9,complete,0.2672,47353.7
998,4,53,769,645.746,53,769,9,0.551,887.1,0.1829,11,complete,0.2985,47389.9
999,3,52,855,670.352,52,855,9,0.4682,773.9,0.2214,29,complete,0.2243,47430.1
1000,3,78,1000,644.865,55,,10,0.432,672.3,0.3586,46,step_limit,0.253,47477.4
1001,3,65,1000,735.655,60,,10,0.4947,767.2,0.1518,34,step_limit,0.3391,47992.3
1002,3,51,808,662.354,51,808,9,0.3837,657.0,0.151,28,complete,0.2021,48030.2
1003,4,23,321,285.038,23,321,4,0.4681,650.0,0.2549,19,complete,0.1944,48044.6
1004,3,73,1000,742.086,61,,10,0.4543,630.1,0.3297,62,step_limit,0.2049,48093.8
1005,3,31,646,360.085,31,646,5,0.5015,794.0,0.2713,45,complete,0.2657,48124.0
1006,3,54,873,677.993,54,873,9,0.4696,752.5,0.1772,28,complete,0.2593,48164.8
1007,3,61,1000,780.913,59,,11,0.4113,746.6,0.3136,55,step_limit,0.2325,48211.3
1008,3,56,1000,531.527,47,,8,0.5263,779.8,0.2872,67,step_limit,0.3397,48257.8
1009,3,65,1000,734.005,56,,11,0.4893,772.0,0.233,33,step_limit,0.3009,48305.3
1010,3,64,1000,718.811,58,,10,0.4987,778.1,0.1155,20,step_limit,0.3305,48351.8
1011,3,48,1000,607.894,47,,9,0.4837,775.0,0.3753,192,step_limit,0.2312,48399.9
1012,4,77,750,1038.795,77,750,14,0.427,661.4,0.1266,19,complete,0.1603,48429.8
1013,4,30,548,351.453,30,548,5,0.6017,913.4,0.1813,11,complete,0.3281,48451.9
1014,4,73,863,952.62,73,863,13,0.3937,635.5,0.1642,17,complete,0.1686,48486.7
1015,4,80,827,1089.25,80,827,15,0.4568,729.7,0.1569,20,complete,0.1783,48520.1
1016,3,35,728,419.12,35,728,6,0.4844,748.9,0.2454,28,complete,0.2875,48547.8
1017,3,52,1000,631.377,50,,9,0.4783,798.5,0.2084,47,step_limit,0.3206,48586.0
1018,4,25,574,253.584,25,574,4,0.5771,892.3,0.2617,17,complete,0.3185,48609.1
1019,4,59,595,797.305,59,595,11,0.3639,538.9,0.1538,28,complete,0.1562,48632.0
1020,3,57,1000,647.563,53,,9,0.4013,602.7,0.3172,40,step_limit,0.1935,48672.4
1021,3,78,1000,898.042,68,,13,0.376,717.9,0.1619,32,step_limit,0.1759,48711.7
1022,3,68,1000,917.751,67,,13,0.4247,745.8,0.1405,37,step_limit,0.1979,48750.7
1023,3,33,684,389.553,33,684,5,0.5385,788.7,0.1965,27,complete,0.2748,48778.3
1024,3,77,1000,761.509,63,,10,0.475,711.8,0.2323,42,step_limit,0.2633,48817.0
1025,4,23,281,229.003,23,281,2,0.411,630.0,0.1901,10,complete,0.2039,48827.8
1026,4,21,244,214.297,21,244,2,0.3965,527.1,0.0331,2,complete,0.1364,48837.5
1027,3,35,676,430.589,35,676,6,0.432,770.8,0.1734,20,complete,0.256,48863.8
1028,4,41,533,519.87,41,533,7,0.5675,846.7,0.1871,15,complete,0.2333,48889.0
1029,4,21,332,235.482,21,332,3,0.4676,632.2,0.1832,9,complete,0.2558,48904.8
1030,3,54,1000,555.933,48,,8,0.4163,784.8,0.3433,57,step_limit,0.2685,48945.1
1031,3,72,1000,743.008,59,,11,0.4413,764.4,0.227,40,step_limit,0.25,48979.2
1032,4,48,658,604.347,48,658,8,0.5798,939.9,0.1641,12,complete,0.2414,49000.7
1033,3,32,595,418.606,32,595,6,0.4566,661.0,0.1853,25,complete,0.202,49022.5
1034,3,21,476,230.206,21,476,3,0.4727,735.6,0.2189,37,complete,0.2639,49038.1
1035,3,57,1000,705.574,55,,10,0.4637,788.2,0.1971,26,step_limit,0.2409,49073.7
1036,3,56,1000,742.739,55,,11,0.456,776.9,0.2064,32,step_limit,0.2752,49109.1
1037,3,53,1000,611.357,50,,9,0.5223,794.7,0.22,42,step_limit,0.3156,49143.4
1038,4,29,385,302.186,29,385,3,0.5214,753.6,0.1024,10,complete,0.205,49158.4
1039,3,45,717,551.13,45,717,7,0.4881,781.2,0.1238,35,complete,0.2927,49183.0
1040,3,23,412,258.91,23,412,3,0.4199,725.9,0.2195,41,complete,0.2319,49195.9
1041,4,20,267,195.14,20,267,2,0.5169,713.7,0.154,13,complete,0.1645,49205.0
1042,3,71,1000,792.532,63,,11,0.4943,787.0,0.1415,24,step_limit,0.2937,49239.2
1043,3,36,863,427.843,36,863,6,0.5211,771.0,0.2969,71,complete,0.2863,49268.1
1044,3,46,848,607.164,46,848,9,0.4548,690.2,0.1909,19,complete,0.2396,49296.9
1045,3,65,1000,713.491,55,,11,0.4983,796.2,0.1308,40,step_limit,0.3628,49331.2
1046,4,53,734,704.708,53,734,10,0.5712,860.9,0.2135,22,complete,0.2605,49359.5
1047,4,77,931,1016.921,77,931,14,0.5056,788.2,0.2018,15,complete,0.2263,49400.1
1048,4,54,633,650.71,54,633,8,0.481,812.8,0.1221,9,complete,0.2392,49428.0
1049,3,75,1000,900.224,67,,13,0.433,756.1,0.136,26,step_limit,0.2683,49470.7
1050,4,66,808,874.674,66,808,12,0.4799,737.4,0.2275,18,complete,0.1988,49506.1
1051,3,46,923,563.821,46,923,8,0.5085,783.2,0.234,35,complete,0.2767,49962.2
1052,4,64,969,793.052,64,969,11,0.5838,963.1,0.188,16,complete,0.3088,50003.9
1053,4,77,1000,942.171,75,,13,0.5707,908.4,0.1801,17,step_limit,0.3011,50046.3
1054,3,50,833,645.674,50,833,9,0.4762,729.2,0.203,41,complete,0.2405,50080.3
1055,3,33,597,397.754,33,597,5,0.4774,745.6,0.1718,41,complete,0.2157,50106.3
1056,4,55,579,701.633,55,579,9,0.3631,642.6,0.0927,10,complete,0.1629,50129.7
1057,4,78,1000,624.0,59,,9,0.5883,959.3,0.3709,95,step_limit,0.2878,50163.2
1058,3,74,1000,881.896,68,,12,0.329,583.6,0.2719,39,step_limit,0.1787,50196.7
1059,4,76,998,1013.696,76,998,14,0.5168,832.4,0.3062,31,complete,0.2337,50229.5
1060,3,56,1000,619.966,51,,9,0.5057,790.3,0.2736,60,step_limit,0.243,50263.1
1061,4,46,818,568.88,46,818,8,0.5541,829.8,0.2884,53,complete,0.2786,50291.5
1062,4,55,848,645.185,55,848,9,0.4841,792.8,0.2403,23,complete,0.2477,50319.9
1063,4,54,787,698.453,54,787,10,0.56,988.5,0.2142,17,complete,0.2736,50348.7
1064,3,76,1000,909.618,68,,13,0.4587,722.1,0.1553,39,step_limit,0.2422,50384.7
1065,3,23,560,238.57,23,560,3,0.4982,783.9,0.3198,39,complete,0.2848,50405.0
1066,3,37,648,456.046,37,648,6,0.5057,695.5,0.1747,35,complete,0.2557,50429.4
1067,3,76,1000,587.722,53,,8,0.4507,787.1,0.4124,140,step_limit,0.2083,50466.3
1068,4,77,1000,932.239,72,,14,0.4925,769.3,0.2341,38,step_limit,0.2243,50502.2
1069,4,56,907,673.977,56,907,9,0.5945,958.3,0.2858,31,complete,0.2986,50532.9
1070,4,39,589,457.384,39,589,6,0.3646,584.7,0.255,38,complete,0.1513,50554.4
1071,4,26,387,296.828,26,387,4,0.6047,992.4,0.1472,11,complete,0.325,50568.3
1072,4,62,1000,658.135,57,,9,0.6028,910.1,0.3638,23,step_limit,0.2681,50609.2
1073,3,44,964,539.303,44,964,8,0.4959,754.0,0.2234,29,complete,0.3231,50649.2
1074,3,71,1000,909.396,67,,13,0.3813,568.9,0.2157,44,step_limit,0.1717,50691.0
1075,4,36,616,421.616,36,616,6,0.6161,999.6,0.1816,18,complete,0.3279,50715.0
1076,3,53,649,663.722,53,649,8,0.3693,562.0,0.1887,21,complete,0.1199,50742.4
1077,3,47,780,603.653,47,780,8,0.4816,774.5,0.2764,54,complete,0.2386,50776.0
1078,4,54,753,681.539,54,753,9,0.4432,686.9,0.325,41,complete,0.1849,50807.8
1079,4,48,750,576.675,48,750,8,0.4943,814.3,0.2085,13,complete,0.2418,50837.5
1080,4,54,629,731.521,54,629,10,0.4599,656.4,0.1468,10,complete,0.1888,50861.3
1081,4,28,506,266.731,28,506,3,0.6374,876.0,0.3287,20,complete,0.3185,50876.9
1082,3,37,761,474.289,37,761,7,0.4244,753.3,0.2727,41,complete,0.1847,50903.0
1083,3,25,654,278.932,25,654,4,0.366,555.4,0.2869,31,complete,0.1799,50924.7
1084,4,31,391,354.192,31,391,4,0.3862,597.4,0.1455,10,complete,0.1716,50936.3
1085,4,46,1000,490.33,45,,8,0.647,975.3,0.3073,53,step_limit,0.3712,50968.5
1086,3,30,533,339.1,30,533,4,0.4734,755.4,0.191,23,complete,0.2444,50984.9
1087,4,20,338,223.98,20,338,3,0.4667,897.7,0.1104,6,complete,0.2188,50997.8
1088,3,55,1000,654.556,54,,9,0.5207,793.8,0.1228,29,step_limit,0.3449,51031.5
1089,4,45,716,552.462,45,716,8,0.5031,802.2,0.3158,27,complete,0.2219,51054.7
1090,4,23,400,218.609,23,400,2,0.535,730.5,0.2859,12,complete,0.2143,51069.5
1091,3,25,311,327.058,25,311,4,0.2722,608.2,0.1595,25,complete,0.1626,51079.4
1092,3,46,689,570.554,46,689,7,0.4417,746.9,0.2889,62,complete,0.1961,51103.3
1093,4,61,789,795.22,61,789,11,0.512,843.0,0.157,30,complete,0.2368,51130.8
1094,4,63,796,814.674,63,796,11,0.5484,830.6,0.1501,15,complete,0.286,51157.2
1095,3,27,575,338.472,27,575,5,0.5246,766.9,0.2157,27,complete,0.2459,51177.9
1096,3,72,1000,637.929,53,,10,0.4923,715.6,0.2518,50,step_limit,0.3065,51212.7
1097,4,45,675,560.787,45,675,8,0.5474,931.6,0.2514,24,complete,0.2778,51240.6
1098,4,30,843,284.36,30,843,4,0.6041,974.2,0.3574,147,complete,0.359,51278.4
1099,4,74,1000,735.951,63,,11,0.58,869.3,0.3371,37,step_limit,0.2803,51321.5
1100,3,37,795,430.523,37,795,6,0.4423,658.2,0.3428,40,complete,0.225,51355.2
1101,4,34,821,360.172,34,821,6,0.6312,1061.7,0.207,31,complete,0.3559,51816.8
1102,3,40,706,510.85,40,706,7,0.4462,756.9,0.119,18,complete,0.25,51842.0
1103,4,64,920,802.056,64,920,11,0.5467,847.5,0.3694,121,complete,0.2299,51873.6
1104,4,35,597,371.377,35,597,5,0.6001,818.3,0.2593,29,complete,0.3007,51895.0
1105,3,57,1000,666.295,55,,9,0.4737,706.8,0.243,54,step_limit,0.2613,51929.0
1106,4,71,677,961.083,71,677,13,0.4402,688.9,0.1545,22,complete,0.1527,51953.2
1107,4,71,950,961.572,71,950,14,0.5653,942.8,0.1587,31,complete,0.2996,51986.1
1108,4,48,655,551.542,48,655,7,0.5019,794.2,0.1715,14,complete,0.2093,52007.2
1109,3,55,820,726.236,55,820,10,0.4102,622.4,0.1824,38,complete,0.2006,52037.1
1110,3,34,689,389.945,34,689,5,0.4683,777.9,0.1689,21,complete,0.2973,52058.7
1111,4,61,971,722.144,61,971,10,0.5008,825.2,0.2693,24,complete,0.2541,52091.5
1112,4,34,575,330.459,34,575,4,0.6313,990.6,0.2344,11,complete,0.3036,52111.5
1113,4,45,611,572.591,45,611,8,0.5184,777.5,0.2318,16,complete,0.2361,52131.2
1114,3,76,1000,923.629,69,,13,0.4767,754.9,0.1571,25,step_limit,0.2456,52165.3
1115,3,29,572,357.761,29,572,5,0.4569,789.7,0.3059,35,complete,0.2842,52185.9
1116,3,80,1000,886.913,66,,13,0.434,734.1,0.2516,43,step_limit,0.2285,52220.8
1117,3,48,865,630.3,48,865,9,0.4686,742.1,0.2478,40,complete,0.2475,52251.2
1118,4,80,809,1059.605,80,809,14,0.4604,759.0,0.2279,18,complete,0.168,52284.1
1119,4,54,750,637.674,54,750,8,0.5733,942.1,0.195,32,complete,0.3088,52316.8
1120,3,57,1000,711.611,55,,10,0.5117,778.8,0.1997,54,step_limit,0.2605,52360.3
1121,4,43,815,456.051,43,815,6,0.535,902.2,0.2355,10,complete,0.2846,52396.8
1122,3,56,878,736.878,56,878,10,0.4506,758.9,0.1628,15,complete,0.2284,52436.1
1123,4,57,798,716.613,57,798,10,0.4862,806.5,0.1756,20,complete,0.2407,52476.6
1124,4,77,937,976.338,77,937,13,0.4616,798.1,0.2565,35,complete,0.214,52522.9
1125,3,30,799,303.72,30,799,4,0.433,762.2,0.2904,37,complete,0.3026,52561.0
1126,3,48,967,615.684,48,967,9,0.4081,705.4,0.2572,39,complete,0.2336,52607.2
1127,4,45,775,509.969,45,775,7,0.5013,720.7,0.2602,55,complete,0.2128,52644.6
1128,3,54,1000,649.528,53,,9,0.5413,783.4,0.1665,42,step_limit,0.3571,52695.1
1129,3,52,862,697.805,52,862,10,0.4412,732.4,0.2086,37,complete,0.1963,52738.8
1130,3,42,1000,476.336,41,,7,0.5323,793.9,0.3978,199,step_limit,0.2626,52785.0
1131,4,68,1000,844.018,66,,12,0.582,869.9,0.231,16,step_limit,0.2923,52825.7
1132,3,65,1000,774.346,60,,11,0.4543,771.2,0.1581,29,step_limit,0.272,52866.7
1133,3,32,619,404.021,32,619,6,0.385,587.8,0.1703,20,complete,0.152,52893.0
1134,4,76,1000,811.674,67,,12,0.589,1006.6,0.1779,15,step_limit,0.3504,52933.6
1135,4,79,974,1045.055,79,974,14,0.376,662.9,0.2033,20,complete,0.1763,52972.9
1136,4,22,488,221.025,22,488,3,0.5533,845.7,0.3875,23,complete,0.2969,52993.2
1137,4,74,1000,762.724,67,,10,0.5743,881.1,0.2235,17,step_limit,0.2988,53033.1
1138,3,38,848,462.221,38,848,7,0.5358,800.4,0.2127,45,complete,0.3448,53066.7
1139,4,31,393,350.577,31,393,4,0.4994,704.2,0.0676,7,complete,0.183,53082.2
1140,3,47,800,626.683,47,800,9,0.4429,709.2,0.163,28,complete,0.2593,53114.7
1141,3,37,903,468.472,37,903,7,0.5035,742.1,0.3421,236,complete,0.2778,53151.7
1142,3,53,952,668.597,53,952,9,0.4555,782.7,0.183,41,complete,0.2455,53190.8
1143,3,48,913,581.454,48,913,8,0.4976,735.6,0.2169,36,complete,0.2993,53230.1
1144,3,70,1000,669.601,55,,10,0.461,641.0,0.3216,75,step_limit,0.2193,53275.9
1145,4,48,482,627.187,48,482,8,0.4066,601.6,0.0675,13,complete,0.1217,53301.2
1146,3,45,949,470.317,45,949,6,0.5515,798.2,0.1786,39,complete,0.398,53346.3
1147,4,49,656,626.013,49,656,9,0.4581,742.2,0.2525,40,complete,0.1722,53379.4
1148,4,22,461,232.615,22,461,3,0.6025,795.4,0.2211,17,complete,0.2941,53402.1
1149,3,44,575,567.289,44,575,7,0.3716,597.6,0.112,22,complete,0.1646,53429.5
1150,4,51,807,632.238,51,807,9,0.5753,1031.9,0.1704,13,complete,0.31,53471.3
1151,3,63,1000,716.595,57,,10,0.462,708.0,0.2511,39,step_limit,0.2493,53929.0
1152,3,47,746,594.033,47,746,8,0.4352,748.9,0.1892,20,complete,0.2261,53958.1
1153,3,44,881,509.693,44,881,7,0.5316,792.6,0.2299,63,complete,0.2979,53992.0
1154,4,39,617,485.002,39,617,7,0.4449,870.0,0.1905,25,complete,0.2588,54017.7
1155,3,52,954,685.734,52,954,10,0.4539,771.8,0.1213,30,complete,0.3019,54056.2
1156,4,59,860,738.929,59,860,10,0.5262,865.0,0.2827,46,complete,0.2277,54092.7
1157,3,33,861,393.052,33,861,6,0.5722,789.0,0.2743,109,complete,0.3416,54128.1
1158,4,55,958,650.407,55,958,9,0.6125,965.5,0.1946,11,complete,0.3385,54167.4
1159,4,33,431,396.324,33,431,5,0.4176,718.2,0.1449,16,complete,0.2034,54186.5
1160,4,71,1000,701.02,61,,11,0.641,952.2,0.2924,37,step_limit,0.3085,54227.5
1161,4,78,907,1054.248,78,907,15,0.4997,847.9,0.1431,14,complete,0.237,54266.6
1162,3,27,648,292.271,27,648,4,0.3719,608.6,0.388,51,complete,0.2222,54294.5
1163,3,71,1000,707.456,56,,11,0.489,744.2,0.2285,35,step_limit,0.2639,54343.2
1164,4,24,400,254.267,24,400,3,0.5837,987.9,0.1697,10,complete,0.33,54364.3
1165,3,47,898,615.783,47,898,9,0.4143,755.7,0.2235,40,complete,0.2323,54407.4
1166,4,79,1000,827.828,69,,12,0.5308,859.9,0.2747,19,step_limit,0.2353,54456.3
1167,3,74,1000,802.68,65,,11,0.4043,749.8,0.2896,61,step_limit,0.2203,54506.8
1168,3,68,1000,925.935,67,,13,0.3857,644.8,0.1457,30,step_limit,0.186,54556.7
1169,3,79,1000,827.99,64,,12,0.4063,787.8,0.3347,64,step_limit,0.1989,54607.4
1170,3,39,706,460.005,39,706,6,0.4197,766.6,0.1807,53,complete,0.2458,54639.6
1171,4,25,262,283.76,25,262,3,0.3788,569.5,0.0298,10,complete,0.2128,54650.9
1172,3,21,364,240.894,21,364,3,0.3892,594.9,0.1824,24,complete,0.1085,54667.4
1173,4,53,660,660.068,53,660,9,0.4428,678.7,0.2477,23,complete,0.2026,54695.1
1174,3,51,874,619.386,51,874,8,0.4851,709.8,0.2143,30,complete,0.2277,54733.8
1175,3,74,1000,812.997,65,,11,0.3943,753.0,0.1367,17,step_limit,0.2468,54779.5
1176,3,66,1000,630.705,51,,10,0.5107,775.8,0.2329,45,step_limit,0.3424,54824.5
1177,3,66,1000,745.877,61,,10,0.4253,601.1,0.2778,67,step_limit,0.2187,54873.5
1178,4,39,863,411.295,39,863,6,0.639,1054.8,0.2493,11,complete,0.4053,54908.0
1179,3,21,550,179.971,21,550,2,0.5739,760.9,0.3508,50,complete,0.3025,54929.3
1180,3,33,670,408.291,33,670,6,0.4328,756.5,0.1872,55,complete,0.2694,54956.2
1181,3,41,792,539.547,41,792,8,0.4878,800.1,0.1447,26,complete,0.3259,54986.9
1182,4,48,701,524.018,48,701,6,0.5606,894.8,0.2292,21,complete,0.25,55016.5
1183,4,22,518,172.444,22,518,2,0.6308,822.9,0.342,71,complete,0.2763,55036.0
1184,4,24,335,303.233,24,335,4,0.3866,662.4,0.189,16,complete,0.1977,55051.1
1185,3,79,1000,949.891,72,,13,0.4353,784.8,0.1941,29,step_limit,0.2114,55091.8
1186,3,43,847,527.967,43,847,7,0.4656,766.2,0.2927,79,complete,0.2526,55125.4
1187,4,80,927,1079.74,80,927,15,0.4919,772.7,0.1499,18,complete,0.2216,55164.1
1188,3,67,1000,835.294,63,,12,0.3883,665.3,0.2671,22,step_limit,0.2116,55205.1
1189,4,67,1000,578.275,55,,9,0.558,913.1,0.3331,20,step_limit,0.2802,55247.8
1190,3,28,645,334.321,28,645,5,0.478,785.1,0.265,31,complete,0.2308,55272.0
1191,3,67,1000,789.651,61,,11,0.4783,735.5,0.183,30,step_limit,0.2479,55314.9
1192,3,44,775,538.945,44,775,7,0.4908,801.3,0.1682,18,complete,0.2659,55349.6
1193,4,53,545,689.747,53,545,9,0.4087,633.3,0.1493,11,complete,0.1545,55375.8
1194,4,27,545,299.015,27,545,4,0.4083,628.8,0.1632,14,complete,0.2269,55402.7
1195,4,57,544,767.475,57,544,10,0.4283,638.0,0.1758,17,complete,0.1436,55432.1
1196,3,74,1000,978.314,71,,14,0.3777,664.6,0.1695,22,step_limit,0.1908,55481.9
1197,4,25,344,276.992,25,344,3,0.5065,802.8,0.1784,10,complete,0.22,55500.1
1198,4,35,746,392.331,35,746,6,0.4873,858.4,0.3327,21,complete,0.2976,55536.0
1199,4,29,690,299.903,29,690,5,0.6199,1039.6,0.282,15,complete,0.3377,55569.8
1200,3,40,759,514.03,40,759,7,0.3715,647.6,0.2138,37,complete,0.1951,55606.2
1201,3,43,820,514.677,43,820,7,0.478,684.6,0.1511,27,complete,0.2481,56062.9
1202,3,25,448,270.484,25,448,3,0.3802,523.7,0.2668,49,complete,0.1538,56082.1
1203,3,48,803,590.004,48,803,8,0.4321,679.9,0.1895,63,complete,0.2437,56114.4
1204,3,59,1000,624.722,51,,9,0.503,748.7,0.2025,33,step_limit,0.2848,56150.8
1205,4,53,672,671.829,53,672,9,0.4539,740.2,0.2228,16,complete,0.2053,56175.1
1206,3,45,1000,532.647,43,,8,0.4367,720.1,0.2556,32,step_limit,0.3016,56208.1
1207,3,72,1000,753.054,60,,11,0.4853,783.1,0.2474,30,step_limit,0.2782,56242.1
1208,3,68,1000,718.974,59,,10,0.4213,710.2,0.2405,50,step_limit,0.275,56275.9
1209,4,37,601,419.117,37,601,5,0.6161,827.1,0.2235,11,complete,0.2961,56294.3
1210,3,40,769,505.037,40,769,7,0.4811,775.8,0.1686,20,complete,0.3065,56322.6
1211,4,40,492,515.15,40,492,7,0.409,692.5,0.134,7,complete,0.2105,56344.6
1212,4,47,663,560.893,47,663,7,0.5592,921.1,0.1526,10,complete,0.2796,56370.2
1213,4,44,799,513.676,44,799,7,0.6061,903.5,0.2819,37,complete,0.3038,56402.0
1214,3,54,866,722.353,54,866,10,0.4738,776.2,0.2004,28,complete,0.2809,56437.1
1215,3,71,1000,900.237,66,,13,0.4577,792.6,0.1196,29,step_limit,0.2602,56479.7
1216,4,68,1000,788.606,63,,12,0.5453,932.5,0.3085,15,step_limit,0.2596,56521.0
1217,3,48,848,600.723,48,848,8,0.5,787.2,0.2393,37,complete,0.2593,56556.1
1218,4,37,434,436.672,37,434,5,0.5086,785.6,0.12,8,complete,0.2008,56573.3
1219,3,80,1000,840.555,66,,12,0.4393,732.6,0.197,47,step_limit,0.2342,56617.5
1220,3,63,1000,820.533,61,,12,0.4613,740.8,0.1542,34,step_limit,0.241,56659.3
1221,3,21,513,225.896,21,513,3,0.4334,757.7,0.1635,24,complete,0.2908,56678.5
1222,3,59,839,801.891,59,839,11,0.4259,646.2,0.1933,24,complete,0.179,56712.5
1223,3,25,540,296.62,25,540,4,0.4438,756.2,0.1597,30,complete,0.3148,56734.7
1224,3,53,1000,646.155,51,,9,0.5043,736.4,0.2744,99,step_limit,0.2394,56774.6
1225,3,66,1000,828.391,65,,11,0.456,758.7,0.1635,34,step_limit,0.2373,56815.1
1226,4,39,400,525.487,39,400,7,0.3912,627.7,0.1359,12,complete,0.1587,56833.3
1227,4,70,746,949.269,70,746,13,0.5,793.1,0.114,11,complete,0.188,56865.1
1228,3,52,996,619.726,52,996,8,0.4729,782.7,0.2414,34,complete,0.3053,56901.7
1229,3,43,923,547.175,43,923,8,0.4973,700.4,0.3204,59,complete,0.2784,56932.7
1230,3,79,1000,761.528,62,,11,0.471,791.7,0.1907,38,step_limit,0.2667,56968.2
1231,3,30,721,342.91,30,721,5,0.3837,612.9,0.3463,131,complete,0.2078,56993.5
1232,3,67,971,883.821,67,971,12,0.414,615.8,0.2828,84,complete,0.1738,57026.8
1233,4,36,522,398.476,36,522,5,0.5805,856.9,0.2277,33,complete,0.2857,57043.8
1234,3,71,1000,731.708,60,,10,0.423,793.6,0.2588,69,step_limit,0.2385,57076.2
1235,4,57,727,712.394,57,727,9,0.5495,916.6,0.241,14,complete,0.25,57101.7
1236,4,53,911,694.375,53,911,10,0.5977,877.5,0.2963,52,complete,0.3305,57133.0
1237,4,71,1000,693.487,59,,11,0.5725,895.0,0.1652,11,step_limit,0.3583,57166.7
1238,4,65,1000,563.471,53,,9,0.627,915.3,0.2916,15,step_limit,0.3483,57200.7
1239,3,60,950,408.145,39,,6,0.5228,691.9,0.6298,485,no_progress,0.3103,57231.5
1240,3,53,1000,444.185,43,,6,0.5317,736.4,0.3506,85,step_limit,0.2993,57264.4
1241,3,80,1000,807.084,62,,12,0.4557,722.0,0.2425,53,step_limit,0.2975,57297.2
1242,4,25,373,298.904,25,373,4,0.498,835.5,0.0594,8,complete,0.2446,57309.0
1243,3,63,1000,669.667,54,,10,0.4773,723.1,0.2274,31,step_limit,0.2735,57349.7
1244,4,36,833,392.636,36,833,6,0.6089,915.5,0.3123,94,complete,0.3644,57384.8
1245,4,42,774,463.059,42,774,6,0.5824,976.2,0.2936,12,complete,0.3081,57416.1
1246,3,34,535,413.879,34,535,5,0.3028,520.6,0.192,25,complete,0.1164,57439.2
1247,4,41,625,508.785,41,625,7,0.5056,943.9,0.1971,45,complete,0.2699,57463.9
1248,4,56,768,674.987,56,768,9,0.5088,750.8,0.2346,26,complete,0.1958,57496.0
1249,3,52,894,696.02,52,894,10,0.4019,657.3,0.1944,36,complete,0.2327,57533.2
1250,3,29,639,315.147,29,639,4,0.517,789.1,0.2187,27,complete,0.2488,57559.8
1251,3,71,1000,732.173,60,,10,0.497,779.6,0.2376,38,step_limit,0.2692,57927.4
1252,4,79,1000,1024.709,77,,15,0.569,881.2,0.1733,25,step_limit,0.2708,57969.1
1253,4,71,1000,853.606,68,,12,0.5907,949.9,0.1671,17,step_limit,0.3169,58010.8
1254,4,47,642,585.903,47,642,8,0.5424,806.6,0.163,14,complete,0.2392,58038.7
1255,4,70,1000,833.28,66,,12,0.5487,813.0,0.3544,112,step_limit,0.2383,58080.4
1256,3,67,1000,758.3,62,,10,0.4957,767.9,0.2336,35,step_limit,0.2422,58123.6
1257,3,41,738,507.984,41,738,7,0.4806,751.8,0.1726,25,complete,0.3333,58151.9
1258,4,41,513,527.47,41,513,7,0.5,807.7,0.1018,10,complete,0.2635,58174.1
1259,3,67,1000,801.0,60,,12,0.4743,787.7,0.2016,19,step_limit,0.2541,58215.2
1260,3,20,477,221.765,20,477,3,0.4584,789.2,0.1109,15,complete,0.3013,58236.0
1261,3,45,786,587.993,45,786,8,0.416,686.0,0.1138,23,complete,0.2428,58269.4
1262,3,61,1000,820.274,60,,12,0.4853,780.0,0.123,17,step_limit,0.2722,58310.5
1263,4,34,577,363.249,34,577,5,0.552,761.2,0.3283,100,complete,0.2015,58336.4
1264,4,31,355,391.297,31,355,5,0.3796,577.4,0.2125,7,complete,0.1481,58350.9
1265,3,56,1000,659.457,52,,10,0.454,794.2,0.2238,45,step_limit,0.2703,58391.5
1266,3,23,362,266.057,23,362,3,0.4061,544.6,0.0875,19,complete,0.1407,58407.2
1267,3,63,1000,770.976,59,,11,0.4603,800.6,0.1367,18,step_limit,0.2717,58448.9
1268,3,39,609,518.422,39,609,7,0.376,732.6,0.1933,28,complete,0.2044,58475.5
1269,4,70,966,931.606,70,966,13,0.5142,805.7,0.2497,22,complete,0.2023,58515.5
1270,4,39,539,432.348,39,539,5,0.5561,851.7,0.2042,10,complete,0.2465,58538.6
1271,3,74,1000,922.716,68,,13,0.367,665.2,0.151,28,step_limit,0.1869,58579.4
1272,4,20,458,214.48,20,458,3,0.5611,972.5,0.2222,8,complete,0.3095,58597.4
1273,3,27,606,306.353,27,606,4,0.5435,776.6,0.2269,45,complete,0.3021,58623.2
1274,3,34,710,421.926,34,710,6,0.5418,760.1,0.2307,34,complete,0.2719,58652.1
1275,3,29,547,327.28,29,547,4,0.4771,773.9,0.1524,16,complete,0.2698,58674.8
1276,4,62,942,747.146,62,942,10,0.578,951.8,0.2509,22,complete,0.2992,58713.2
1277,3,77,1000,870.855,68,,12,0.4313,752.1,0.2395,56,step_limit,0.2196,58748.1
1278,3,59,1000,571.522,50,,8,0.5203,769.3,0.3062,42,step_limit,0.3206,58780.3
1279,4,39,892,455.417,39,892,7,0.6115,1042.8,0.3408,96,complete,0.293,58810.4
1280,3,31,662,369.234,31,662,5,0.5045,765.1,0.2643,29,complete,0.2353,58830.3
1281,3,36,798,420.51,36,798,6,0.5246,792.6,0.2186,35,complete,0.3333,58857.9
1282,3,39,691,463.755,39,691,6,0.4322,758.4,0.1479,15,complete,0.2025,58882.0
1283,3,43,725,538.352,43,725,7,0.4644,777.0,0.1534,17,complete,0.2754,58904.2
1284,4,25,455,244.792,25,455,3,0.6412,1010.2,0.1809,9,complete,0.3606,58920.5
1285,4,74,1000,907.73,70,,13,0.4065,674.4,0.3314,35,step_limit,0.2298,58954.3
1286,3,76,1000,837.958,65,,12,0.4733,725.9,0.2001,53,step_limit,0.2732,58988.5
1287,4,59,840,693.22,59,840,9,0.5229,887.9,0.2189,15,complete,0.2955,59018.0
1288,4,77,1000,920.306,73,,13,0.392,618.5,0.249,38,step_limit,0.1504,59052.4
1289,3,24,281,280.657,24,281,3,0.3582,608.3,0.0893,11,complete,0.1111,59061.4
1290,4,52,895,631.738,52,895,9,0.5902,869.5,0.3109,14,complete,0.2815,59090.9
1291,3,42,833,513.86,42,833,7,0.3417,761.2,0.2067,47,complete,0.2428,59119.6
1292,3,77,1000,778.399,60,,12,0.4847,704.5,0.1919,35,step_limit,0.2818,59150.1
1293,4,76,1000,900.674,73,,12,0.562,873.6,0.2475,38,step_limit,0.2871,59176.4
1294,4,31,407,342.339,31,407,4,0.5553,817.9,0.1291,10,complete,0.2545,59189.0
1295,4,61,1000,602.721,57,,9,0.6342,870.6,0.2573,22,step_limit,0.376,59215.1
1296,3,50,779,630.308,50,779,8,0.4305,737.2,0.149,17,complete,0.2165,59237.4
1297,4,76,1000,862.442,67,,13,0.529,861.5,0.3322,32,step_limit,0.2622,59263.5
1298,4,36,393,396.091,36,393,4,0.5057,763.4,0.1819,12,complete,0.1667,59271.5
1299,4,66,743,883.201,66,743,12,0.4832,784.6,0.1465,12,complete,0.2,59288.1
1300,3,21,372,201.511,21,372,2,0.4848,706.3,0.2013,15,complete,0.1705,59295.1
1301,3,47,1000,571.517,46,,8,0.4537,772.1,0.3016,102,step_limit,0.2589,59510.3
1302,3,58,1000,656.367,53,,9,0.4393,778.9,0.266,47,step_limit,0.2296,59538.2
1303,4,61,896,734.258,61,896,10,0.5979,969.1,0.2037,13,complete,0.3341,59563.5
1304,3,67,1000,635.827,55,,9,0.3857,721.6,0.4134,160,step_limit,0.2202,59589.4
1305,4,61,648,791.68,61,648,10,0.5,782.1,0.1532,14,complete,0.1906,59608.4
1306,3,79,1000,817.743,66,,11,0.3457,590.7,0.3345,134,step_limit,0.175,59636.3
1307,4,73,778,973.527,73,778,13,0.5141,742.4,0.1557,14,complete,0.176,59657.0
1308,4,60,1000,639.18,56,,10,0.6042,919.0,0.2628,60,step_limit,0.3274,59684.7
1309,4,77,860,1017.564,77,860,14,0.4515,761.1,0.1523,13,complete,0.2096,59709.5
1310,4,72,926,975.382,72,926,14,0.5016,880.7,0.2062,26,complete,0.25,59735.8
1311,3,60,1000,739.64,56,,11,0.4527,767.2,0.2825,74,step_limit,0.2336,59761.6
1312,4,59,788,736.67,59,788,10,0.5682,971.6,0.151,20,complete,0.3164,59784.6
1313,3,72,1000,754.912,60,,11,0.4517,763.4,0.2183,39,step_limit,0.2427,59812.4
1314,3,67,1000,663.918,57,,9,0.4823,745.0,0.1763,38,step_limit,0.342,59840.0
1315,4,58,683,754.101,58,683,10,0.4766,850.3,0.1758,16,complete,0.1842,59857.7
1316,3,66,1000,700.814,55,,11,0.458,795.8,0.1688,36,step_limit,0.3161,59885.8
1317,4,67,1000,800.866,65,,11,0.517,890.8,0.3634,26,step_limit,0.2244,59913.7
1318,3,28,549,296.509,28,549,3,0.5343,788.7,0.2513,31,complete,0.3051,59927.7
1319,3,34,714,431.645,34,714,6,0.4692,777.3,0.1389,31,complete,0.2778,59948.0
1320,3,57,1000,645.174,53,,9,0.433,749.8,0.3234,48,step_limit,0.2181,59975.4
1321,4,59,907,700.208,59,907,10,0.4165,642.9,0.3504,38,complete,0.1717,59998.3
1322,3,39,677,499.513,39,677,7,0.5057,783.9,0.1818,23,complete,0.2305,60017.3
1323,4,48,699,580.632,48,699,8,0.5826,880.3,0.1961,14,complete,0.2967,60035.1
1324,4,52,580,680.831,52,580,9,0.3901,683.1,0.1814,10,complete,0.1657,60052.1
1325,4,40,655,493.45,40,655,7,0.4615,647.9,0.2254,45,complete,0.1566,60068.7
1326,3,40,965,462.288,40,965,7,0.4988,799.1,0.3858,70,complete,0.3264,60095.3
1327,3,23,496,247.037,23,496,3,0.4751,748.7,0.1449,18,complete,0.2909,60110.4
1328,4,25,550,231.776,25,550,3,0.5259,809.4,0.229,11,complete,0.2974,60124.0
1329,3,51,923,649.792,51,923,9,0.5132,787.4,0.2159,34,complete,0.2928,60149.7
1330,4,42,1000,432.429,40,,7,0.644,1008.4,0.3366,25,step_limit,0.3786,60175.2
1331,4,48,982,496.445,48,982,6,0.6744,989.2,0.4095,112,complete,0.375,60202.9
1332,4,21,527,173.663,21,527,2,0.5949,855.3,0.316,27,complete,0.3349,60217.9
1333,4,42,762,480.368,42,762,7,0.5141,893.2,0.2645,9,complete,0.3125,60237.6
1334,4,30,444,331.027,30,444,4,0.5614,900.0,0.1452,9,complete,0.2909,60250.9
1335,4,52,754,598.817,52,754,8,0.43,662.5,0.3105,32,complete,0.1649,60270.2
1336,3,31,769,348.353,31,769,5,0.4413,740.6,0.304,86,complete,0.2554,60291.5
1337,4,70,759,946.337,70,759,13,0.4829,742.8,0.176,13,complete,0.1653,60312.2
1338,3,80,1000,830.474,67,,11,0.406,714.8,0.2351,53,step_limit,0.2222,60340.4
1339,4,74,1000,927.368,73,,13,0.4785,725.2,0.2185,25,step_limit,0.2153,60368.3
1340,4,77,1000,893.418,71,,13,0.561,944.8,0.2387,17,step_limit,0.2574,60391.0
1341,4,30,478,362.453,30,478,5,0.3332,574.5,0.2003,23,complete,0.1523,60400.7
1342,4,59,912,685.459,59,912,9,0.585,1021.5,0.2063,11,complete,0.3707,60420.9
1343,4,28,545,290.286,28,545,4,0.4775,835.3,0.2104,10,complete,0.25,60431.2
1344,3,48,927,628.184,48,927,9,0.4405,776.1,0.2339,51,complete,0.2211,60449.6
1345,3,61,952,836.907,61,952,12,0.4447,759.5,0.1746,27,complete,0.2018,60469.5
1346,3,54,946,689.026,54,946,10,0.4503,705.9,0.1768,31,complete,0.2793,60489.4
1347,3,68,1000,751.362,61,,10,0.5197,781.8,0.1821,44,step_limit,0.2997,60508.4
1348,3,25,330,283.588,25,330,3,0.4919,722.0,0.2364,12,complete,0.1318,60514.8
1349,4,33,711,364.615,33,711,5,0.5759,844.3,0.3018,8,complete,0.3247,60530.4
1350,3,70,1000,888.477,67,,12,0.4187,721.0,0.2458,47,step_limit,0.1978,60549.5
1351,3,42,757,557.811,42,757,8,0.4073,729.2,0.181,24,complete,0.2353,60733.8
1352,3,30,778,328.1,30,778,5,0.521,787.1,0.2644,93,complete,0.2814,60745.8
1353,3,55,1000,576.718,47,,9,0.4673,702.1,0.3702,47,step_limit,0.2619,60764.0
1354,3,25,406,271.504,25,406,3,0.5394,741.2,0.1679,14,complete,0.2585,60770.4
1355,3,54,1000,588.211,49,,8,0.365,575.1,0.4226,167,step_limit,0.179,60786.2
1356,4,76,1000,799.421,65,,12,0.5995,871.4,0.2734,20,step_limit,0.2521,60804.5
1357,3,61,1000,633.841,54,,9,0.5537,799.2,0.1766,29,step_limit,0.3835,60820.5
1358,4,36,572,413.153,36,572,5,0.5135,868.7,0.1786,10,complete,0.2534,60831.9
1359,3,38,841,468.02,38,841,7,0.5291,755.1,0.1708,25,complete,0.3516,60845.0
1360,3,22,892,203.535,22,892,3,0.5243,727.9,0.5047,355,complete,0.2824,60859.9
1361,3,53,1000,614.164,50,,9,0.496,787.8,0.2892,99,step_limit,0.2956,60877.4
1362,3,69,1000,829.643,66,,11,0.4517,679.4,0.1433,18,step_limit,0.2275,60894.1
1363,4,80,1000,954.865,76,,13,0.556,898.5,0.2631,30,step_limit,0.2204,60912.6
1364,3,73,1000,803.727,62,,12,0.4807,754.2,0.1585,35,step_limit,0.2297,60931.4
1365,4,36,654,430.073,36,654,6,0.6124,963.8,0.2905,14,complete,0.2955,60942.0
1366,3,76,1000,871.363,67,,12,0.4233,679.9,0.1522,27,step_limit,0.2581,60958.7
1367,4,75,862,1004.571,75,862,14,0.4681,693.0,0.1871,29,complete,0.1629,60975.3
1368,4,47,1000,485.362,46,,7,0.5537,815.8,0.3698,47,step_limit,0.2671,60992.0
1369,4,68,1000,875.353,66,,13,0.5655,820.9,0.2064,18,step_limit,0.2829,61010.9
1370,4,48,1000,478.992,45,,7,0.6132,969.5,0.3345,22,step_limit,0.3284,61027.8
1371,4,24,504,241.407,24,504,3,0.5933,788.4,0.213,16,complete,0.2768,61037.5
1372,4,55,852,663.913,55,852,9,0.6039,913.2,0.267,29,complete,0.2963,61051.8
1373,3,23,557,244.686,23,557,3,0.5242,737.8,0.307,33,complete,0.2264,61060.6
1374,3,27,588,312.404,27,588,4,0.4501,765.8,0.2464,21,complete,0.2722,61071.6
1375,3,63,1000,739.924,60,,10,0.4813,789.4,0.2086,38,step_limit,0.2966,61087.8
1376,4,56,1000,645.771,55,,9,0.5975,910.6,0.2534,11,step_limit,0.2978,61105.7
1377,3,60,1000,673.165,53,,10,0.4953,710.4,0.1738,33,step_limit,0.3156,61121.6
1378,3,73,1000,827.571,65,,11,0.4617,762.1,0.2184,28,step_limit,0.1905,61139.4
1379,3,49,733,625.283,49,733,8,0.4179,791.2,0.1326,24,complete,0.2244,61151.2
1380,3,67,907,892.878,67,907,12,0.3848,684.9,0.1502,35,complete,0.2027,61165.8
1381,3,63,871,838.951,63,871,11,0.3972,707.3,0.1116,19,complete,0.2042,61181.5
1382,3,74,1000,682.154,55,,11,0.497,763.1,0.2086,58,step_limit,0.2678,61197.7
1383,3,48,871,595.239,48,871,8,0.5128,802.9,0.13,25,complete,0.3056,61213.7
1384,4,26,535,269.538,26,535,4,0.6276,855.3,0.3117,25,complete,0.3304,61222.3
