episode,steps,team_reward,worker_reward,delivered,makespan,t_last_deliv,idle_drones,reloads,arrivals,blocked,hop2plus,max_reach,stall_ratio,max_stall_run,term_reason,comm_loss,env_steps,wall_sec
1,1000,410.0,6.305,33,,888,0,4,15,635,0.6262,792.4,0.1504,7,step_limit,0,1000,3.0
2,1000,380.0,8.381,30,,882,0,4,15,650,0.6208,877.1,0.1473,6,step_limit,0,2000,5.5
3,1000,400.0,10.68,29,,923,0,5,15,501,0.563,964.5,0.1131,10,step_limit,0,3000,8.1
4,1000,490.0,15.588,35,,972,0,6,20,428,0.5938,951.8,0.0969,12,step_limit,0,4000,10.7
5,1000,330.0,0.242,28,,983,0,3,17,910,0.6575,962.1,0.2141,13,step_limit,0,5000,13.6
6,1000,450.0,8.76,31,,875,0,6,18,560,0.5925,752.8,0.1193,13,step_limit,0,6000,30.0
7,1000,390.0,0.883,31,,983,0,4,27,956,0.6148,820.6,0.2266,25,step_limit,0,7000,50.0
8,1000,380.0,11.515,30,,938,0,4,20,465,0.6032,810.1,0.0918,7,step_limit,0,8000,69.3
9,1000,450.0,2.323,34,,964,0,5,27,823,0.6192,878.1,0.2091,40,step_limit,0,9000,88.9
10,1000,490.0,5.214,38,,952,0,5,31,892,0.6118,972.6,0.2171,21,step_limit,0,10000,108.4
11,1000,390.0,10.762,28,,999,0,5,25,349,0.5467,793.5,0.0737,7,step_limit,0,11000,128.4
12,1000,410.0,8.106,30,,788,0,5,34,647,0.5597,765.7,0.151,10,step_limit,0,12000,149.0
13,1000,390.0,-2.99,31,,752,0,4,29,987,0.6462,881.8,0.2468,46,step_limit,0,13000,169.4
14,1000,400.0,-0.562,32,,993,0,4,26,712,0.6062,742.8,0.1647,8,step_limit,0,14000,188.4
15,1000,390.0,10.332,31,,978,0,4,25,505,0.5887,782.0,0.1142,10,step_limit,0,15000,207.9
16,1000,400.0,12.872,32,,831,0,4,27,401,0.5453,819.4,0.0901,10,step_limit,0,16000,227.3
17,1000,390.0,9.62,31,,846,0,4,27,487,0.5785,989.4,0.1071,5,step_limit,0,17000,247.2
18,1000,340.0,-2.803,29,,990,0,3,19,715,0.6155,846.4,0.1712,17,step_limit,0,18000,266.5
19,1000,330.0,9.641,28,,966,0,3,24,406,0.5885,771.8,0.0935,8,step_limit,0,19000,285.8
20,1000,340.0,-8.697,29,,945,0,3,15,833,0.6278,912.7,0.197,14,step_limit,0,20000,305.4
21,1000,340.0,-8.409,29,,995,0,3,27,940,0.6412,991.4,0.2282,29,step_limit,0,21000,325.3
22,1000,310.0,-5.474,26,,675,0,3,17,835,0.6208,824.2,0.1871,13,step_limit,0,22000,344.9
23,1000,320.0,4.311,30,,958,0,2,15,573,0.5755,893.1,0.1315,5,step_limit,0,23000,364.8
24,1000,300.0,0.702,28,,889,0,2,18,519,0.6025,763.1,0.1232,6,step_limit,0,24000,384.8
25,1000,400.0,5.944,32,,877,0,4,19,591,0.636,971.7,0.1337,10,step_limit,0,25000,405.2
26,1000,350.0,4.092,30,,791,0,3,19,642,0.623,981.3,0.1305,8,step_limit,0,26000,425.8
27,1000,360.0,1.377,31,,952,0,3,14,678,0.655,904.9,0.1503,9,step_limit,0,27000,445.5
28,1000,310.0,-8.477,26,,808,0,3,20,1039,0.573,961.7,0.2547,35,step_limit,0,28000,465.4
29,1000,340.0,2.437,29,,714,0,3,19,425,0.6315,903.1,0.0899,6,step_limit,0,29000,485.4
30,1000,450.0,10.532,34,,982,0,5,20,559,0.6405,918.4,0.1288,7,step_limit,0,30000,505.4
31,1000,400.0,6.598,29,,879,0,5,16,451,0.5817,811.8,0.0959,16,step_limit,0,31000,524.9
32,1000,350.0,2.802,30,,999,0,3,18,545,0.632,871.0,0.1318,9,step_limit,0,32000,544.3
33,1000,320.0,-0.895,27,,991,0,3,11,515,0.6215,757.9,0.1151,10,step_limit,0,33000,563.5
34,1000,360.0,5.49,28,,969,0,4,12,417,0.58,700.1,0.0908,10,step_limit,0,34000,583.1
35,1000,320.0,0.92,27,,949,0,3,16,649,0.61,887.2,0.1516,10,step_limit,0,35000,602.3
36,1000,320.0,8.447,30,,819,0,2,15,523,0.6325,875.2,0.1204,12,step_limit,0,36000,622.6
37,1000,320.0,3.384,27,,871,0,3,12,392,0.6052,956.5,0.0827,5,step_limit,0,37000,642.4
38,1000,400.0,5.682,32,,986,0,4,18,560,0.6005,808.4,0.1341,5,step_limit,0,38000,662.3
39,1000,290.0,-8.326,27,,755,0,2,13,785,0.6392,842.3,0.1779,10,step_limit,0,39000,683.5
40,1000,400.0,-1.586,32,,955,0,4,22,667,0.6432,818.0,0.1533,24,step_limit,0,40000,703.5
41,1000,300.0,6.866,28,,839,0,2,16,404,0.6395,718.5,0.0884,11,step_limit,0,41000,723.4
42,1000,390.0,6.745,34,,974,0,3,21,386,0.6697,884.6,0.0824,4,step_limit,0,42000,743.1
43,1000,280.0,2.764,26,,718,0,2,10,325,0.603,777.3,0.0626,4,step_limit,0,43000,763.5
44,1000,250.0,-5.844,23,,489,0,2,9,560,0.6573,773.6,0.1228,3,step_limit,0,44000,785.1
45,1000,320.0,11.674,27,,981,0,3,17,343,0.6118,797.7,0.0765,5,step_limit,0,45000,804.8
46,1000,420.0,16.759,34,,916,0,4,25,308,0.611,857.3,0.0682,5,step_limit,0,46000,824.8
47,1000,390.0,1.227,31,,869,0,4,23,793,0.6318,816.4,0.1827,11,step_limit,0,47000,845.3
48,1000,370.0,7.453,32,,973,0,3,17,391,0.6248,918.0,0.086,8,step_limit,0,48000,866.1
49,1000,340.0,5.728,29,,976,0,3,19,591,0.6495,840.2,0.1299,8,step_limit,0,49000,887.6
50,1000,350.0,8.093,30,,948,0,3,13,287,0.5757,751.5,0.0629,10,step_limit,0,50000,906.1
51,1000,350.0,6.549,30,,933,0,3,18,414,0.6225,856.8,0.0929,8,step_limit,0,51000,971.3
52,1000,320.0,4.988,27,,923,0,3,15,446,0.5785,769.4,0.1038,8,step_limit,0,52000,991.3
53,1000,250.0,3.179,23,,960,0,2,16,535,0.6012,922.5,0.12,13,step_limit,0,53000,1010.6
54,1000,360.0,-2.737,28,,866,0,4,19,737,0.638,853.0,0.1641,12,step_limit,0,54000,1031.1
55,1000,360.0,2.062,31,,936,0,3,16,553,0.6538,872.2,0.1219,6,step_limit,0,55000,1051.7
56,1000,270.0,-12.228,25,,966,0,2,17,1049,0.6575,949.7,0.2531,25,step_limit,0,56000,1072.3
57,1000,330.0,8.04,25,,816,0,4,17,378,0.6022,746.3,0.0809,4,step_limit,0,57000,1092.4
58,1000,330.0,-3.805,28,,980,0,3,21,637,0.633,860.9,0.1542,6,step_limit,0,58000,1113.0
59,1000,420.0,-3.178,34,,965,0,4,18,768,0.6555,888.2,0.1939,65,step_limit,0,59000,1133.9
60,1000,370.0,13.558,32,,810,0,3,25,344,0.6108,865.9,0.0734,10,step_limit,0,60000,1153.6
61,1000,300.0,4.608,25,,999,0,3,16,366,0.5112,743.7,0.0735,10,step_limit,0,61000,1173.6
62,1000,350.0,4.303,27,,813,0,4,14,395,0.611,730.9,0.0832,6,step_limit,0,62000,1193.4
63,1000,350.0,3.216,30,,962,0,3,22,524,0.6382,863.0,0.1131,6,step_limit,0,63000,1214.2
64,1000,430.0,2.582,32,,850,0,5,19,598,0.6242,954.7,0.1433,7,step_limit,0,64000,1234.5
65,1000,380.0,9.937,30,,891,0,4,17,354,0.618,785.8,0.0746,6,step_limit,0,65000,1254.3
66,1000,390.0,3.26,31,,935,0,4,18,434,0.6218,787.3,0.0937,8,step_limit,0,66000,1274.1
67,1000,260.0,2.917,24,,667,0,2,14,365,0.6358,890.0,0.0856,7,step_limit,0,67000,1294.2
68,1000,320.0,-0.749,27,,791,0,3,22,701,0.6148,827.0,0.1573,10,step_limit,0,68000,1316.4
69,1000,410.0,9.853,33,,975,0,4,24,478,0.5978,804.7,0.1138,10,step_limit,0,69000,1337.6
70,1000,330.0,2.694,28,,986,0,3,18,523,0.662,758.7,0.1214,10,step_limit,0,70000,1358.2
71,1000,310.0,-3.817,26,,669,0,3,15,862,0.6577,883.2,0.1951,20,step_limit,0,71000,1379.3
72,1000,360.0,5.697,28,,972,0,4,10,488,0.5707,748.2,0.1065,5,step_limit,0,72000,1400.1
73,1000,300.0,10.632,28,,739,0,2,19,295,0.5843,775.2,0.0684,6,step_limit,0,73000,1419.8
74,1000,350.0,-1.913,30,,834,0,3,14,595,0.646,857.8,0.1411,17,step_limit,0,74000,1440.2
75,1000,290.0,3.853,24,,779,0,3,16,409,0.646,764.3,0.0843,7,step_limit,0,75000,1460.6
76,1000,350.0,2.727,30,,963,0,3,25,675,0.64,871.4,0.1583,22,step_limit,0,76000,1480.4
77,1000,350.0,3.548,30,,946,0,3,17,481,0.5835,848.7,0.1136,21,step_limit,0,77000,1500.0
78,1000,350.0,11.995,30,,984,0,3,16,246,0.6368,788.9,0.0531,2,step_limit,0,78000,1520.6
79,1000,290.0,5.516,27,,852,0,2,19,448,0.6172,779.4,0.0925,6,step_limit,0,79000,1540.8
80,1000,260.0,-0.155,24,,975,0,2,16,636,0.658,769.7,0.1479,6,step_limit,0,80000,1560.3
81,1000,380.0,-4.594,33,,820,0,3,20,848,0.6548,962.0,0.1904,9,step_limit,0,81000,1581.2
82,1000,370.0,11.163,29,,760,0,4,20,469,0.5877,874.0,0.1117,11,step_limit,0,82000,1601.4
83,1000,380.0,7.079,30,,961,0,4,18,455,0.5948,781.1,0.1036,10,step_limit,0,83000,1621.6
84,1000,380.0,0.177,30,,834,0,4,16,723,0.6332,901.4,0.1749,10,step_limit,0,84000,1641.7
85,1000,410.0,4.103,30,,808,0,5,18,471,0.6505,806.0,0.1164,7,step_limit,0,85000,1662.4
86,1000,290.0,-2.296,27,,992,0,2,17,623,0.6673,934.6,0.1374,19,step_limit,0,86000,1682.2
87,1000,380.0,7.864,33,,939,0,3,14,429,0.6687,769.1,0.0863,6,step_limit,0,87000,1702.2
88,1000,370.0,4.245,29,,964,0,4,21,637,0.5895,723.8,0.145,10,step_limit,0,88000,1722.0
89,1000,310.0,6.568,29,,832,0,2,30,421,0.6225,906.1,0.1003,10,step_limit,0,89000,1742.8
90,1000,370.0,-0.381,32,,997,0,3,20,632,0.6192,862.3,0.1498,24,step_limit,0,90000,1762.8
91,1000,350.0,10.056,30,,912,0,3,23,460,0.6232,857.0,0.1005,6,step_limit,0,91000,1782.9
92,1000,380.0,5.931,30,,716,0,4,21,613,0.6168,954.0,0.1484,5,step_limit,0,92000,1803.3
93,1000,370.0,14.034,29,,939,0,4,22,332,0.591,771.5,0.0662,8,step_limit,0,93000,1823.6
94,1000,380.0,-5.437,33,,903,0,3,22,847,0.6478,894.3,0.1989,20,step_limit,0,94000,1843.8
95,1000,370.0,1.948,29,,938,0,4,14,558,0.6142,862.9,0.1185,6,step_limit,0,95000,1863.9
96,1000,340.0,3.696,26,,758,0,4,20,571,0.602,812.3,0.1246,7,step_limit,0,96000,1884.3
97,1000,360.0,11.238,31,,920,0,3,17,417,0.6082,805.8,0.0839,8,step_limit,0,97000,1904.4
98,1000,410.0,6.679,33,,908,0,4,18,446,0.6405,797.8,0.1014,9,step_limit,0,98000,1925.4
99,1000,350.0,2.802,30,,934,0,3,23,573,0.5827,734.4,0.1226,8,step_limit,0,99000,1944.7
100,1000,330.0,-6.671,28,,773,0,3,17,583,0.6525,722.8,0.1352,7,step_limit,0,100000,1965.0
101,1000,400.0,10.976,32,,956,0,4,19,396,0.619,1003.3,0.0841,7,step_limit,0,101000,2029.0
102,1000,350.0,3.667,30,,926,0,3,20,362,0.6032,901.2,0.079,4,step_limit,0,102000,2049.1
103,1000,350.0,1.385,30,,926,0,3,19,635,0.646,806.0,0.1376,10,step_limit,0,103000,2069.4
104,1000,380.0,6.319,30,,822,0,4,17,654,0.6282,845.8,0.1486,10,step_limit,0,104000,2089.6
105,1000,320.0,2.463,30,,915,0,2,13,440,0.6435,783.8,0.098,7,step_limit,0,105000,2109.8
106,1000,410.0,5.701,33,,964,0,4,22,475,0.6082,813.9,0.1063,5,step_limit,0,106000,2129.6
107,1000,390.0,1.456,31,,948,0,4,18,657,0.636,925.5,0.1521,9,step_limit,0,107000,2149.5
108,1000,370.0,1.788,32,,660,0,3,14,417,0.5847,800.9,0.0926,7,step_limit,0,108000,2170.1
109,1000,340.0,-3.842,29,,986,0,3,15,777,0.6348,770.4,0.1668,15,step_limit,0,109000,2190.4
110,1000,370.0,5.088,29,,946,0,4,16,456,0.5975,780.0,0.1014,5,step_limit,0,110000,2210.6
111,1000,310.0,3.155,26,,958,0,3,15,434,0.6282,795.2,0.0995,14,step_limit,0,111000,2231.2
112,1000,370.0,4.326,32,,1000,0,3,11,563,0.6485,808.4,0.1311,12,step_limit,0,112000,2252.1
113,1000,380.0,-2.168,30,,994,0,4,17,718,0.608,838.3,0.1665,14,step_limit,0,113000,2272.2
114,1000,400.0,5.635,32,,920,0,4,22,608,0.6475,887.1,0.1456,17,step_limit,0,114000,2292.3
115,1000,220.0,-2.074,23,,841,0,1,10,487,0.6535,822.9,0.1005,6,step_limit,0,115000,2312.5
116,1000,430.0,14.499,32,,879,0,5,21,316,0.6058,749.3,0.0697,7,step_limit,0,116000,2333.2
117,1000,240.0,3.796,22,,955,0,2,15,491,0.6308,707.0,0.109,9,step_limit,0,117000,2353.4
118,1000,390.0,-1.628,31,,926,0,4,15,640,0.6178,894.0,0.1455,6,step_limit,0,118000,2372.4
119,1000,350.0,1.946,30,,849,0,3,17,549,0.6615,810.9,0.1237,10,step_limit,0,119000,2391.8
120,1000,300.0,9.185,25,,856,0,3,14,456,0.6042,767.7,0.1051,18,step_limit,0,120000,2410.6
121,1000,370.0,3.418,32,,993,0,3,18,482,0.6472,817.6,0.1109,14,step_limit,0,121000,2430.0
122,1000,390.0,3.244,31,,999,0,4,15,484,0.6102,951.6,0.1096,10,step_limit,0,122000,2449.4
123,1000,340.0,4.623,29,,980,0,3,18,481,0.6152,838.1,0.113,7,step_limit,0,123000,2468.6
124,1000,340.0,-3.354,26,,975,0,4,16,828,0.5825,701.1,0.1943,9,step_limit,0,124000,2489.0
125,1000,300.0,8.039,25,,960,0,3,15,452,0.6348,688.4,0.104,6,step_limit,0,125000,2508.4
126,1000,280.0,10.865,23,,969,0,3,16,323,0.5713,756.8,0.0666,5,step_limit,0,126000,2527.9
127,1000,340.0,1.143,29,,980,0,3,19,660,0.647,973.0,0.1492,4,step_limit,0,127000,2547.8
128,1000,340.0,1.946,29,,723,0,3,15,576,0.6315,821.2,0.1264,4,step_limit,0,128000,2568.9
129,1000,350.0,4.425,30,,896,0,3,12,473,0.599,840.5,0.1185,9,step_limit,0,129000,2588.2
130,1000,250.0,0.41,23,,713,0,2,15,342,0.6607,759.1,0.0637,10,step_limit,0,130000,2608.3
131,1000,350.0,10.54,27,,920,0,4,16,467,0.6485,738.0,0.1043,9,step_limit,0,131000,2627.9
132,1000,330.0,6.588,28,,515,0,3,16,250,0.6352,759.0,0.0553,6,step_limit,0,132000,2647.8
133,1000,340.0,-4.063,29,,933,0,3,19,682,0.65,945.3,0.1614,8,step_limit,0,133000,2668.0
134,1000,400.0,-0.678,32,,927,0,4,19,739,0.6328,993.9,0.1794,28,step_limit,0,134000,2688.1
135,1000,310.0,-14.676,29,,757,0,2,10,1007,0.6395,843.2,0.2523,8,step_limit,0,135000,2708.2
136,1000,340.0,-2.502,29,,832,0,3,13,556,0.6713,843.5,0.116,3,step_limit,0,136000,2728.8
137,1000,280.0,2.372,26,,976,0,2,10,493,0.6362,881.0,0.1113,6,step_limit,0,137000,2748.0
138,1000,290.0,3.258,27,,968,0,2,18,701,0.6603,887.6,0.1596,22,step_limit,0,138000,2768.2
139,1000,410.0,3.654,33,,922,0,4,18,536,0.6348,909.0,0.1264,6,step_limit,0,139000,2787.6
140,1000,370.0,1.0,32,,987,0,3,15,495,0.6395,909.5,0.1088,9,step_limit,0,140000,2807.5
141,1000,440.0,10.589,33,,901,0,5,22,410,0.555,761.1,0.0831,4,step_limit,0,141000,2827.8
142,1000,370.0,-3.314,32,,943,0,3,15,534,0.618,820.6,0.1186,7,step_limit,0,142000,2847.8
143,1000,360.0,4.906,28,,972,0,4,16,442,0.6282,966.3,0.0891,4,step_limit,0,143000,2868.0
144,1000,330.0,5.523,28,,888,0,3,19,426,0.6635,789.9,0.0897,9,step_limit,0,144000,2887.0
145,1000,330.0,-3.032,28,,763,0,3,16,714,0.622,836.4,0.1696,10,step_limit,0,145000,2906.4
146,1000,340.0,0.82,29,,951,0,3,21,500,0.635,741.7,0.1155,10,step_limit,0,146000,2925.1
147,1000,290.0,-6.429,27,,783,0,2,15,593,0.6528,895.4,0.1364,6,step_limit,0,147000,2944.3
148,1000,320.0,2.54,30,,840,0,2,17,560,0.6252,865.9,0.1318,10,step_limit,0,148000,2964.5
149,1000,230.0,-0.94,21,,821,0,2,13,624,0.6595,735.8,0.1467,6,step_limit,0,149000,2984.0
150,1000,350.0,-0.624,30,,895,0,3,14,506,0.6365,911.8,0.1147,6,step_limit,0,150000,3001.2
151,1000,340.0,3.754,29,,752,0,3,16,583,0.669,977.2,0.131,13,step_limit,0,151000,3068.6
152,1000,350.0,1.456,30,,971,0,3,22,469,0.6448,947.8,0.1003,2,step_limit,0,152000,3088.2
153,1000,340.0,9.367,29,,888,0,3,19,404,0.6272,824.7,0.0899,7,step_limit,0,153000,3109.2
154,1000,360.0,7.237,28,,850,0,4,17,398,0.6458,807.8,0.0897,4,step_limit,0,154000,3128.7
155,1000,210.0,4.018,22,,671,0,1,12,271,0.6288,753.9,0.0562,5,step_limit,0,155000,3147.9
156,1000,400.0,-4.303,32,,775,0,4,15,743,0.623,832.7,0.1758,15,step_limit,0,156000,3168.4
157,1000,360.0,1.437,31,,784,0,3,16,563,0.6128,944.9,0.1329,10,step_limit,0,157000,3188.6
158,1000,290.0,-1.65,27,,773,0,2,11,573,0.662,760.5,0.1313,5,step_limit,0,158000,3208.5
159,1000,380.0,4.826,30,,944,0,4,12,504,0.6015,854.5,0.1186,14,step_limit,0,159000,3227.6
160,1000,380.0,3.451,30,,909,0,4,14,483,0.632,924.6,0.1079,9,step_limit,0,160000,3246.9
161,1000,380.0,-0.581,30,,725,0,4,18,584,0.6245,775.0,0.1421,3,step_limit,0,161000,3266.2
162,1000,280.0,1.771,26,,691,0,2,15,458,0.612,813.8,0.096,7,step_limit,0,162000,3285.9
163,1000,340.0,0.24,29,,834,0,3,18,663,0.6085,823.3,0.15,10,step_limit,0,163000,3304.8
164,1000,370.0,3.383,29,,853,0,4,21,501,0.5765,927.5,0.1074,10,step_limit,0,164000,3323.8
165,1000,280.0,-0.541,23,,951,0,3,12,478,0.6102,802.3,0.1134,3,step_limit,0,165000,3343.8
166,1000,300.0,-1.547,28,,948,0,2,13,645,0.6518,764.7,0.1443,8,step_limit,0,166000,3364.2
167,1000,270.0,-14.363,25,,895,0,2,14,1049,0.67,886.4,0.2517,10,step_limit,0,167000,3383.3
168,1000,350.0,7.845,30,,958,0,3,17,472,0.5795,753.6,0.1057,4,step_limit,0,168000,3402.8
169,1000,310.0,-0.267,29,,896,0,2,12,595,0.634,1013.6,0.1369,23,step_limit,0,169000,3422.8
170,1000,290.0,-2.095,27,,987,0,2,15,647,0.6485,846.1,0.1488,8,step_limit,0,170000,3441.5
171,1000,350.0,7.898,30,,889,0,3,14,451,0.6392,778.0,0.1027,5,step_limit,0,171000,3460.9
172,1000,330.0,-3.123,28,,981,0,3,13,631,0.6302,861.5,0.1428,4,step_limit,0,172000,3480.8
173,1000,380.0,8.265,30,,888,0,4,22,513,0.6218,811.5,0.1139,7,step_limit,0,173000,3499.9
174,1000,390.0,7.783,34,,970,0,3,17,472,0.6442,890.4,0.1028,12,step_limit,0,174000,3519.5
175,1000,390.0,10.212,31,,995,0,4,20,473,0.5915,747.6,0.1135,9,step_limit,0,175000,3538.5
176,1000,350.0,0.395,30,,934,0,3,17,497,0.6072,820.3,0.1163,3,step_limit,0,176000,3557.9
177,1000,340.0,3.775,29,,980,0,3,16,521,0.637,939.7,0.1079,6,step_limit,0,177000,3577.1
178,1000,330.0,-2.436,28,,905,0,3,14,779,0.655,852.9,0.1851,9,step_limit,0,178000,3597.6
179,1000,430.0,7.824,32,,843,0,5,14,442,0.6035,799.5,0.0912,5,step_limit,0,179000,3616.8
180,1000,350.0,9.667,30,,929,0,3,17,277,0.6468,801.3,0.0545,7,step_limit,0,180000,3637.7
181,1000,340.0,3.594,29,,980,0,3,19,558,0.6657,872.5,0.1236,10,step_limit,0,181000,3657.5
182,1000,320.0,-7.192,27,,553,0,3,16,776,0.6482,762.9,0.1903,15,step_limit,0,182000,3677.6
183,1000,340.0,1.212,29,,958,0,3,16,598,0.6583,921.3,0.1332,12,step_limit,0,183000,3697.1
184,1000,330.0,3.63,28,,983,0,3,11,502,0.6432,906.4,0.1111,3,step_limit,0,184000,3716.0
185,1000,330.0,5.482,28,,788,0,3,14,456,0.6587,769.8,0.103,4,step_limit,0,185000,3734.6
186,1000,200.0,-12.043,21,,941,0,1,11,812,0.6262,742.2,0.1839,12,step_limit,0,186000,3752.9
187,1000,310.0,-1.466,26,,955,0,3,12,725,0.6565,787.1,0.1701,9,step_limit,0,187000,3772.1
188,1000,390.0,6.622,34,,993,0,3,14,576,0.6458,906.2,0.1305,13,step_limit,0,188000,3792.1
189,1000,390.0,3.549,34,,964,0,3,15,596,0.6355,819.0,0.1355,11,step_limit,0,189000,3813.0
190,1000,330.0,4.118,28,,681,0,3,13,581,0.6565,885.2,0.1352,14,step_limit,0,190000,3833.1
191,1000,370.0,12.559,29,,973,0,4,20,255,0.588,782.9,0.0559,4,step_limit,0,191000,3853.1
192,1000,400.0,4.248,32,,957,0,4,18,712,0.6022,904.5,0.1591,16,step_limit,0,192000,3873.0
193,1000,360.0,2.312,31,,981,0,3,14,534,0.6538,838.9,0.1158,7,step_limit,0,193000,3892.0
194,1000,330.0,-3.196,28,,905,0,3,18,707,0.661,952.9,0.1664,10,step_limit,0,194000,3914.6
195,1000,290.0,-6.276,27,,949,0,2,12,781,0.657,894.6,0.1749,9,step_limit,0,195000,3934.4
196,1000,380.0,13.525,30,,990,0,4,19,431,0.6055,741.7,0.0959,4,step_limit,0,196000,3953.5
197,1000,390.0,4.061,31,,903,0,4,16,485,0.6142,807.6,0.1137,5,step_limit,0,197000,3972.8
198,1000,230.0,-13.946,21,,928,0,2,11,925,0.6843,864.7,0.2058,5,step_limit,0,198000,3993.2
199,1000,340.0,4.689,29,,845,0,3,13,532,0.6412,794.4,0.1196,12,step_limit,0,199000,4013.3
200,1000,350.0,4.946,30,,961,0,3,22,563,0.6573,859.5,0.1243,10,step_limit,0,200000,4031.5
201,1000,350.0,3.058,30,,962,0,3,13,499,0.628,920.3,0.1131,6,step_limit,0,201000,4096.0
202,1000,290.0,-0.566,27,,804,0,2,9,571,0.6667,821.4,0.1232,23,step_limit,0,202000,4115.7
203,1000,350.0,5.635,30,,967,0,3,19,488,0.6305,884.8,0.1098,7,step_limit,0,203000,4135.6
204,1000,300.0,2.01,25,,787,0,3,20,510,0.6098,835.6,0.1134,7,step_limit,0,204000,4155.0
205,1000,330.0,-10.764,28,,980,0,3,17,1162,0.65,970.1,0.2778,33,step_limit,0,205000,4174.7
206,1000,280.0,-4.0,23,,978,0,3,11,489,0.6418,846.0,0.108,10,step_limit,0,206000,4194.3
207,1000,370.0,0.167,29,,886,0,4,18,616,0.6058,827.4,0.1433,13,step_limit,0,207000,4214.4
208,1000,370.0,4.235,29,,830,0,4,23,486,0.6268,830.7,0.1174,9,step_limit,0,208000,4233.3
209,1000,390.0,2.394,31,,984,0,4,26,642,0.644,780.6,0.1493,9,step_limit,0,209000,4253.3
210,1000,330.0,0.158,28,,917,0,3,21,503,0.64,785.4,0.1157,7,step_limit,0,210000,4273.7
211,1000,340.0,7.18,29,,756,0,3,24,428,0.6155,751.9,0.0916,9,step_limit,0,211000,4293.3
212,1000,370.0,8.809,29,,818,0,4,27,405,0.6075,791.8,0.0845,4,step_limit,0,212000,4312.9
213,1000,350.0,3.466,27,,856,0,4,18,497,0.6242,773.0,0.1092,6,step_limit,0,213000,4332.1
214,1000,340.0,7.972,29,,970,0,3,23,371,0.6128,745.4,0.0848,10,step_limit,0,214000,4352.0
215,1000,260.0,-2.447,24,,997,0,2,22,439,0.6542,808.5,0.0979,17,step_limit,0,215000,4372.8
216,1000,390.0,4.533,31,,896,0,4,16,463,0.612,803.9,0.1,6,step_limit,0,216000,4392.4
217,1000,390.0,-5.035,31,,928,0,4,15,646,0.621,940.8,0.1521,11,step_limit,0,217000,4412.5
218,1000,360.0,5.125,28,,978,0,4,15,452,0.647,704.6,0.1016,5,step_limit,0,218000,4432.6
219,1000,350.0,0.234,27,,701,0,4,19,568,0.6422,879.7,0.1309,6,step_limit,0,219000,4452.6
220,1000,290.0,5.866,27,,901,0,2,15,303,0.6168,861.3,0.0693,10,step_limit,0,220000,4471.2
221,1000,350.0,11.251,27,,991,0,4,20,261,0.6065,814.6,0.052,7,step_limit,0,221000,4491.2
222,1000,340.0,0.113,29,,929,0,3,18,457,0.656,764.1,0.1038,5,step_limit,0,222000,4510.4
223,1000,340.0,-6.409,29,,590,0,3,23,602,0.6765,769.8,0.1474,21,step_limit,0,223000,4530.0
224,1000,350.0,-3.075,27,,952,0,4,22,701,0.6185,757.3,0.1588,5,step_limit,0,224000,4549.0
225,1000,240.0,2.047,22,,764,0,2,19,372,0.664,962.8,0.075,5,step_limit,0,225000,4568.5
226,1000,320.0,3.877,27,,874,0,3,18,454,0.63,729.5,0.0997,7,step_limit,0,226000,4589.3
227,1000,260.0,-1.193,24,,890,0,2,14,491,0.6645,851.7,0.1102,7,step_limit,0,227000,4609.3
228,1000,280.0,-7.052,26,,643,0,2,15,491,0.654,709.9,0.1172,5,step_limit,0,228000,4629.8
229,1000,340.0,-4.107,29,,734,0,3,19,732,0.605,802.8,0.1707,9,step_limit,0,229000,4649.7
230,1000,370.0,-0.096,32,,810,0,3,17,506,0.6402,803.5,0.1145,2,step_limit,0,230000,4669.6
231,1000,370.0,6.704,29,,996,0,4,18,410,0.624,790.1,0.0898,3,step_limit,0,231000,4688.7
232,1000,260.0,-3.066,24,,875,0,2,28,616,0.61,809.2,0.1233,10,step_limit,0,232000,4708.5
233,1000,350.0,7.353,30,,862,0,3,25,383,0.5853,843.7,0.0837,8,step_limit,0,233000,4728.2
234,1000,320.0,2.426,27,,801,0,3,26,626,0.6232,869.6,0.1416,7,step_limit,0,234000,4748.5
235,1000,310.0,-3.578,26,,702,0,3,23,586,0.6468,737.5,0.1323,7,step_limit,0,235000,4769.1
236,1000,330.0,4.334,28,,857,0,3,16,414,0.607,751.1,0.0916,9,step_limit,0,236000,4789.3
237,1000,310.0,9.137,26,,735,0,3,24,569,0.639,881.0,0.1248,6,step_limit,0,237000,4809.4
238,1000,430.0,9.921,32,,969,0,5,28,493,0.5803,739.4,0.1196,9,step_limit,0,238000,4829.0
239,1000,340.0,10.09,26,,900,0,4,24,372,0.6168,813.3,0.0878,3,step_limit,0,239000,4848.8
240,1000,420.0,7.623,31,,1000,0,5,13,415,0.6368,769.1,0.0901,4,step_limit,0,240000,4868.3
241,1000,320.0,4.622,27,,990,0,3,19,510,0.661,866.0,0.1184,4,step_limit,0,241000,4888.6
242,1000,370.0,7.279,29,,942,0,4,15,340,0.5797,940.0,0.0728,4,step_limit,0,242000,4908.3
243,1000,320.0,3.662,27,,861,0,3,19,546,0.625,876.3,0.1235,22,step_limit,0,243000,4928.7
244,1000,340.0,5.696,29,,996,0,3,25,482,0.6228,759.5,0.1077,10,step_limit,0,244000,4948.7
245,1000,380.0,4.414,30,,802,0,4,14,421,0.5995,810.3,0.0992,15,step_limit,0,245000,4968.3
246,1000,390.0,-3.908,31,,951,0,4,14,748,0.596,848.9,0.1858,16,step_limit,0,246000,4988.3
247,1000,310.0,6.022,26,,939,0,3,15,431,0.6328,772.2,0.0892,4,step_limit,0,247000,5008.3
248,1000,280.0,-2.774,26,,985,0,2,15,474,0.633,830.7,0.1067,6,step_limit,0,248000,5027.7
249,1000,370.0,-1.177,32,,991,0,3,17,560,0.643,919.3,0.1252,8,step_limit,0,249000,5047.7
250,1000,320.0,2.23,27,,966,0,3,10,372,0.5885,782.8,0.0808,11,step_limit,0,250000,5066.6
251,1000,310.0,0.461,26,,695,0,3,11,489,0.659,948.7,0.0949,15,step_limit,0,251000,5132.9
252,1000,250.0,-0.028,23,,834,0,2,13,355,0.6212,753.1,0.0731,3,step_limit,0,252000,5152.0
253,1000,370.0,6.208,32,,982,0,3,15,468,0.625,866.0,0.1036,14,step_limit,0,253000,5171.0
254,1000,380.0,3.106,30,,955,0,4,17,438,0.625,824.1,0.0937,10,step_limit,0,254000,5190.3
255,1000,450.0,4.158,34,,919,0,5,16,464,0.612,922.3,0.1089,7,step_limit,0,255000,5208.8
256,1000,350.0,5.189,30,,993,0,3,10,511,0.6368,762.4,0.1184,5,step_limit,0,256000,5227.6
257,1000,220.0,-6.683,23,,986,0,1,13,815,0.675,753.0,0.1801,20,step_limit,0,257000,5246.9
258,1000,250.0,-3.787,23,,921,0,2,13,748,0.6853,837.5,0.1613,7,step_limit,0,258000,5265.9
259,1000,330.0,5.998,28,,978,0,3,17,499,0.6195,823.5,0.1108,7,step_limit,0,259000,5285.6
260,1000,390.0,3.94,34,,956,0,3,18,531,0.6138,898.6,0.1234,10,step_limit,0,260000,5305.2
261,1000,360.0,10.765,28,,992,0,4,22,391,0.5992,750.1,0.0845,13,step_limit,0,261000,5324.3
262,1000,320.0,7.035,27,,952,0,3,13,163,0.572,686.1,0.0332,6,step_limit,0,262000,5346.0
263,1000,330.0,-3.405,28,,872,0,3,14,482,0.6378,909.7,0.1125,3,step_limit,0,263000,5368.1
264,1000,370.0,1.531,32,,926,0,3,17,644,0.6498,876.7,0.1518,13,step_limit,0,264000,5387.7
265,1000,300.0,-2.26,28,,878,0,2,15,508,0.608,767.4,0.1159,15,step_limit,0,265000,5407.5
266,1000,380.0,2.739,33,,963,0,3,16,420,0.646,751.2,0.0912,7,step_limit,0,266000,5426.5
267,1000,330.0,-5.133,28,,854,0,3,11,671,0.6252,851.9,0.1615,9,step_limit,0,267000,5446.1
268,1000,340.0,-3.846,29,,997,0,3,16,760,0.619,1034.9,0.1739,17,step_limit,0,268000,5466.5
269,1000,300.0,9.936,28,,911,0,2,16,354,0.6238,789.3,0.0784,6,step_limit,0,269000,5486.3
270,1000,330.0,8.42,28,,919,0,3,20,353,0.642,806.2,0.0767,10,step_limit,0,270000,5505.4
271,1000,280.0,-3.13,26,,755,0,2,13,603,0.611,808.8,0.1382,31,step_limit,0,271000,5525.7
272,1000,340.0,5.198,26,,628,0,4,19,338,0.5978,815.1,0.0673,3,step_limit,0,272000,5545.6
273,1000,380.0,-0.563,33,,950,0,3,20,685,0.641,902.8,0.1637,8,step_limit,0,273000,5564.7
274,1000,310.0,-5.201,29,,959,0,2,14,605,0.6552,860.1,0.1347,5,step_limit,0,274000,5585.0
275,1000,390.0,3.586,31,,918,0,4,15,442,0.5483,880.6,0.0995,5,step_limit,0,275000,5604.8
276,1000,340.0,-7.208,29,,873,0,3,18,731,0.6583,977.5,0.1761,8,step_limit,0,276000,5625.9
277,1000,260.0,2.001,24,,940,0,2,13,492,0.6308,807.8,0.1123,5,step_limit,0,277000,5646.4
278,1000,360.0,0.997,28,,803,0,4,12,584,0.6415,757.9,0.1359,11,step_limit,0,278000,5666.8
279,1000,380.0,-4.655,30,,877,0,4,14,694,0.6482,852.1,0.1555,11,step_limit,0,279000,5686.8
280,1000,370.0,2.623,29,,868,0,4,19,460,0.5663,719.0,0.1019,7,step_limit,0,280000,5707.6
281,1000,280.0,-3.018,26,,979,0,2,15,659,0.63,798.3,0.143,14,step_limit,0,281000,5727.1
282,1000,350.0,-4.727,27,,959,0,4,18,693,0.6435,1055.4,0.1534,7,step_limit,0,282000,5748.2
283,1000,380.0,0.202,30,,979,0,4,15,476,0.62,883.4,0.1093,3,step_limit,0,283000,5768.3
284,1000,340.0,-0.199,26,,995,0,4,15,533,0.6145,959.8,0.1217,9,step_limit,0,284000,5787.9
285,1000,280.0,2.145,26,,869,0,2,15,397,0.607,803.0,0.0793,3,step_limit,0,285000,5808.8
286,1000,330.0,2.178,28,,996,0,3,16,517,0.647,852.8,0.1182,12,step_limit,0,286000,5828.6
287,1000,290.0,0.283,27,,946,0,2,17,363,0.663,928.8,0.0792,7,step_limit,0,287000,5849.1
288,1000,300.0,-1.215,25,,693,0,3,15,358,0.6018,728.2,0.0806,6,step_limit,0,288000,5868.8
289,1000,290.0,-4.228,27,,806,0,2,13,518,0.6402,804.3,0.1218,6,step_limit,0,289000,5888.7
290,1000,340.0,2.135,29,,851,0,3,19,509,0.6295,839.5,0.1193,9,step_limit,0,290000,5908.1
291,1000,360.0,-3.086,31,,1000,0,3,13,601,0.6492,923.8,0.1322,14,step_limit,0,291000,5927.6
292,1000,320.0,1.429,27,,937,0,3,22,408,0.6045,844.5,0.08,4,step_limit,0,292000,5947.4
293,1000,330.0,12.136,28,,973,0,3,21,253,0.6068,712.9,0.0591,10,step_limit,0,293000,5966.9
294,1000,350.0,-3.435,30,,809,0,3,30,738,0.616,882.4,0.1627,11,step_limit,0,294000,5986.9
295,1000,360.0,5.158,31,,953,0,3,22,584,0.6382,835.6,0.1309,19,step_limit,0,295000,6006.6
296,1000,370.0,5.545,29,,993,0,4,15,523,0.609,928.3,0.1124,16,step_limit,0,296000,6025.8
297,1000,370.0,0.878,29,,722,0,4,16,538,0.63,788.0,0.1193,6,step_limit,0,297000,6045.5
298,1000,290.0,-4.619,27,,748,0,2,17,690,0.6647,779.6,0.159,8,step_limit,0,298000,6066.1
299,1000,230.0,-3.256,24,,909,0,1,13,613,0.6643,906.9,0.1301,8,step_limit,0,299000,6086.0
300,1000,290.0,0.034,27,,829,0,2,11,436,0.632,761.8,0.1003,6,step_limit,0,300000,6105.6
301,1000,420.0,2.603,34,,914,0,4,18,545,0.619,969.9,0.1243,6,step_limit,0,301000,6178.2
302,1000,400.0,5.184,32,,1000,0,4,20,417,0.6428,897.9,0.0926,3,step_limit,0,302000,6197.6
303,1000,330.0,1.303,28,,938,0,3,19,625,0.639,827.1,0.1396,14,step_limit,0,303000,6217.8
304,1000,330.0,6.319,28,,961,0,3,11,405,0.6138,762.4,0.0843,5,step_limit,0,304000,6237.4
305,1000,360.0,3.021,28,,981,0,4,21,546,0.636,797.7,0.1171,5,step_limit,0,305000,6257.4
306,1000,330.0,1.246,28,,988,0,3,16,580,0.6155,884.4,0.1347,9,step_limit,0,306000,6277.9
307,1000,340.0,-0.721,26,,959,0,4,17,615,0.63,745.4,0.1403,6,step_limit,0,307000,6297.0
308,1000,270.0,-1.752,25,,998,0,2,14,624,0.6075,749.2,0.1461,8,step_limit,0,308000,6316.8
309,1000,270.0,4.801,25,,1000,0,2,13,335,0.661,705.8,0.0749,7,step_limit,0,309000,6337.0
310,1000,270.0,-3.156,25,,940,0,2,12,494,0.6725,825.0,0.1099,7,step_limit,0,310000,6357.8
311,1000,340.0,-6.331,29,,872,0,3,13,621,0.6525,843.0,0.1413,10,step_limit,0,311000,6380.1
312,1000,310.0,-2.159,29,,984,0,2,16,504,0.632,879.8,0.1114,8,step_limit,0,312000,6400.3
313,1000,440.0,4.116,33,,918,0,5,12,439,0.5893,869.9,0.1044,7,step_limit,0,313000,6420.0
314,1000,320.0,5.395,27,,851,0,3,11,345,0.5893,754.6,0.0819,8,step_limit,0,314000,6439.6
315,1000,400.0,-7.143,32,,852,0,4,21,869,0.5958,914.8,0.2052,9,step_limit,0,315000,6460.2
316,1000,380.0,-1.166,30,,996,0,4,14,606,0.6105,754.9,0.141,7,step_limit,0,316000,6480.0
317,1000,420.0,11.295,31,,994,0,5,26,307,0.58,802.0,0.0672,10,step_limit,0,317000,6499.4
318,1000,340.0,1.92,29,,949,0,3,13,516,0.6468,766.2,0.1253,4,step_limit,0,318000,6520.0
319,1000,260.0,-2.697,24,,881,0,2,13,495,0.655,690.8,0.112,6,step_limit,0,319000,6539.8
320,1000,310.0,-1.664,23,,913,0,4,11,515,0.6255,844.6,0.1088,5,step_limit,0,320000,6560.8
321,1000,350.0,5.091,30,,861,0,3,12,458,0.6212,776.3,0.1054,4,step_limit,0,321000,6583.8
322,1000,410.0,-5.785,33,,902,0,4,13,757,0.6465,1021.5,0.1804,8,step_limit,0,322000,6606.1
323,1000,320.0,6.097,27,,853,0,3,13,441,0.5895,775.9,0.0973,6,step_limit,0,323000,6626.3
324,1000,340.0,5.54,29,,751,0,3,15,464,0.654,729.8,0.1019,10,step_limit,0,324000,6646.9
325,1000,360.0,3.181,28,,969,0,4,20,659,0.5685,765.3,0.1489,15,step_limit,0,325000,6666.6
326,1000,240.0,0.401,25,,731,0,1,10,364,0.6575,749.6,0.0896,11,step_limit,0,326000,6686.2
327,1000,290.0,4.717,27,,858,0,2,9,230,0.627,742.8,0.0488,4,step_limit,0,327000,6707.1
328,1000,370.0,-6.773,32,,803,0,3,14,858,0.6178,1034.9,0.203,18,step_limit,0,328000,6726.5
329,1000,280.0,-0.147,23,,998,0,3,15,615,0.58,740.2,0.1406,16,step_limit,0,329000,6745.5
330,1000,310.0,5.478,26,,937,0,3,14,529,0.641,762.3,0.121,4,step_limit,0,330000,6765.0
331,1000,390.0,1.413,31,,975,0,4,13,555,0.644,834.6,0.1216,10,step_limit,0,331000,6784.2
332,1000,360.0,-5.325,31,,823,0,3,11,589,0.6402,870.9,0.1339,8,step_limit,0,332000,6803.9
333,1000,410.0,7.636,33,,995,0,4,19,357,0.6128,751.6,0.0781,8,step_limit,0,333000,6823.2
334,1000,350.0,2.794,30,,960,0,3,14,448,0.6492,833.1,0.0986,8,step_limit,0,334000,6842.5
335,1000,370.0,3.339,29,,887,0,4,19,501,0.6218,735.4,0.1109,8,step_limit,0,335000,6862.4
336,1000,310.0,2.018,26,,765,0,3,15,483,0.6365,793.9,0.1062,2,step_limit,0,336000,6883.0
337,1000,320.0,6.02,30,,934,0,2,16,422,0.6637,809.5,0.0908,4,step_limit,0,337000,6903.0
338,1000,370.0,6.51,32,,833,0,3,12,493,0.6258,879.9,0.1101,10,step_limit,0,338000,6922.9
339,1000,350.0,7.458,30,,805,0,3,18,368,0.6597,870.2,0.0812,6,step_limit,0,339000,6943.0
340,1000,360.0,-0.604,28,,910,0,4,18,682,0.629,902.2,0.156,6,step_limit,0,340000,6962.4
341,1000,320.0,-0.052,27,,876,0,3,15,561,0.6328,882.4,0.1322,9,step_limit,0,341000,6982.1
342,1000,310.0,4.913,26,,836,0,3,14,416,0.639,795.1,0.096,3,step_limit,0,342000,7002.3
343,1000,280.0,5.835,23,,929,0,3,16,319,0.5613,748.4,0.068,4,step_limit,0,343000,7021.4
344,1000,360.0,3.199,28,,969,0,4,10,427,0.5827,760.4,0.0935,7,step_limit,0,344000,7041.2
345,1000,360.0,5.046,31,,994,0,3,16,543,0.6272,828.8,0.1261,17,step_limit,0,345000,7060.8
346,1000,360.0,0.939,28,,896,0,4,17,455,0.5633,817.5,0.1011,7,step_limit,0,346000,7080.1
347,1000,320.0,2.147,27,,942,0,3,13,635,0.6665,956.7,0.1432,6,step_limit,0,347000,7099.8
348,1000,260.0,2.28,24,,874,0,2,13,378,0.5972,745.0,0.0864,8,step_limit,0,348000,7119.8
349,1000,350.0,7.259,27,,866,0,4,15,307,0.6088,744.7,0.0661,6,step_limit,0,349000,7139.9
350,1000,360.0,-0.012,31,,889,0,3,17,557,0.6165,773.2,0.1268,9,step_limit,0,350000,7159.1
351,1000,370.0,9.594,29,,794,0,4,16,368,0.5927,743.7,0.0828,10,step_limit,0,351000,7225.9
352,1000,290.0,-5.838,27,,888,0,2,16,740,0.6255,920.1,0.173,12,step_limit,0,352000,7245.3
353,1000,370.0,9.615,32,,957,0,3,20,387,0.5915,739.0,0.0847,2,step_limit,0,353000,7265.9
354,1000,430.0,9.639,35,,973,0,4,18,332,0.5933,936.4,0.0715,10,step_limit,0,354000,7285.5
355,1000,310.0,3.411,29,,947,0,2,14,578,0.6128,850.7,0.1314,10,step_limit,0,355000,7304.6
356,1000,370.0,1.999,32,,936,0,3,15,580,0.649,910.0,0.1282,16,step_limit,0,356000,7323.8
357,1000,270.0,8.5,25,,1000,0,2,13,374,0.6118,780.0,0.0824,7,step_limit,0,357000,7342.7
358,1000,360.0,7.759,28,,932,0,4,15,428,0.6475,859.8,0.0957,7,step_limit,0,358000,7361.5
359,1000,360.0,4.904,31,,975,0,3,18,607,0.6595,898.9,0.1352,5,step_limit,0,359000,7381.7
360,1000,380.0,0.663,30,,837,0,4,18,632,0.6202,863.1,0.1481,17,step_limit,0,360000,7401.2
361,1000,290.0,5.385,27,,535,0,2,10,318,0.6272,814.8,0.0655,3,step_limit,0,361000,7421.1
362,1000,390.0,-4.561,31,,929,0,4,14,658,0.6485,905.4,0.1521,10,step_limit,0,362000,7441.8
363,1000,370.0,2.327,32,,947,0,3,16,536,0.6242,854.9,0.1205,3,step_limit,0,363000,7462.2
364,1000,360.0,7.541,28,,921,0,4,20,469,0.6218,902.6,0.1003,6,step_limit,0,364000,7482.9
365,1000,350.0,6.409,30,,988,0,3,15,328,0.6255,762.2,0.0689,5,step_limit,0,365000,7503.1
366,1000,280.0,11.0,26,,919,0,2,14,290,0.6048,740.3,0.0613,6,step_limit,0,366000,7523.3
367,1000,280.0,2.309,23,,966,0,3,14,380,0.6222,737.7,0.0834,7,step_limit,0,367000,7542.0
368,1000,300.0,-2.266,25,,973,0,3,14,792,0.6255,954.1,0.1782,9,step_limit,0,368000,7561.8
369,1000,300.0,-0.578,28,,881,0,2,14,509,0.5757,773.1,0.1054,12,step_limit,0,369000,7583.4
370,1000,210.0,-1.596,22,,542,0,1,11,405,0.6723,800.2,0.0862,5,step_limit,0,370000,7603.3
371,1000,330.0,1.048,28,,970,0,3,14,511,0.621,843.2,0.1144,9,step_limit,0,371000,7623.1
372,1000,380.0,3.698,30,,814,0,4,16,630,0.5905,868.2,0.1355,8,step_limit,0,372000,7643.3
373,1000,280.0,3.458,26,,921,0,2,16,356,0.6365,790.2,0.0753,4,step_limit,0,373000,7663.5
374,1000,400.0,9.445,29,,906,0,5,23,338,0.58,784.0,0.0694,3,step_limit,0,374000,7683.3
375,1000,340.0,0.5,29,,991,0,3,9,603,0.6595,852.5,0.1356,7,step_limit,0,375000,7703.6
376,1000,280.0,-1.032,26,,940,0,2,13,471,0.6388,805.4,0.0968,7,step_limit,0,376000,7723.2
377,1000,400.0,2.606,32,,999,0,4,16,694,0.6535,878.4,0.1661,10,step_limit,0,377000,7743.3
378,1000,350.0,-2.845,30,,804,0,3,13,657,0.629,936.3,0.1504,18,step_limit,0,378000,7765.2
379,1000,340.0,-5.154,29,,913,0,3,13,783,0.5998,956.4,0.1829,8,step_limit,0,379000,7784.1
380,1000,370.0,9.292,32,,866,0,3,16,318,0.6188,802.4,0.0658,8,step_limit,0,380000,7803.3
381,1000,270.0,1.386,25,,965,0,2,17,509,0.6717,763.2,0.115,8,step_limit,0,381000,7823.0
382,1000,380.0,3.98,30,,964,0,4,15,527,0.6065,881.7,0.1175,6,step_limit,0,382000,7843.0
383,1000,360.0,5.057,31,,997,0,3,16,549,0.6438,921.3,0.1301,8,step_limit,0,383000,7862.9
384,1000,300.0,6.928,28,,877,0,2,12,454,0.6452,794.3,0.0997,6,step_limit,0,384000,7882.2
385,1000,360.0,5.333,28,,937,0,4,17,482,0.6332,799.8,0.1106,7,step_limit,0,385000,7902.2
386,1000,420.0,9.78,34,,986,0,4,22,376,0.6228,792.4,0.0912,6,step_limit,0,386000,7922.0
387,1000,320.0,7.582,27,,732,0,3,16,466,0.6615,867.8,0.1014,5,step_limit,0,387000,7942.6
388,1000,380.0,4.743,30,,933,0,4,17,432,0.637,779.4,0.0896,6,step_limit,0,388000,7961.8
389,1000,370.0,3.982,29,,957,0,4,13,432,0.6028,724.2,0.0943,9,step_limit,0,389000,7981.4
390,1000,330.0,-6.303,28,,744,0,3,12,754,0.622,803.2,0.1726,10,step_limit,0,390000,8001.2
391,1000,340.0,-0.172,29,,960,0,3,16,650,0.641,783.2,0.1538,8,step_limit,0,391000,8021.2
392,1000,330.0,0.56,28,,886,0,3,12,572,0.659,857.7,0.1314,9,step_limit,0,392000,8041.1
393,1000,280.0,-2.135,26,,866,0,2,15,617,0.6278,774.9,0.1341,11,step_limit,0,393000,8060.8
394,1000,360.0,0.554,28,,967,0,4,9,506,0.555,817.7,0.1101,11,step_limit,0,394000,8080.1
395,1000,310.0,-1.186,26,,933,0,3,18,621,0.6358,940.3,0.1283,9,step_limit,0,395000,8099.9
396,1000,350.0,3.476,30,,989,0,3,17,505,0.6482,888.5,0.109,8,step_limit,0,396000,8119.6
397,1000,330.0,-5.387,28,,962,0,3,11,540,0.6145,822.3,0.1271,22,step_limit,0,397000,8139.1
398,1000,340.0,1.111,29,,892,0,3,11,570,0.6448,878.5,0.1285,11,step_limit,0,398000,8160.0
399,1000,360.0,10.024,28,,644,0,4,12,308,0.605,772.4,0.0625,5,step_limit,0,399000,8182.1
400,1000,330.0,1.193,28,,704,0,3,14,555,0.6215,800.2,0.1179,8,step_limit,0,400000,8203.0
401,1000,370.0,7.308,29,,887,0,4,21,341,0.6025,798.8,0.0687,9,step_limit,0,401000,8274.4
402,1000,330.0,4.806,28,,891,0,3,16,623,0.6452,816.5,0.1485,9,step_limit,0,402000,8293.9
403,1000,360.0,5.67,31,,930,0,3,20,545,0.651,713.1,0.1279,8,step_limit,0,403000,8313.8
404,1000,370.0,5.211,29,,996,0,4,17,449,0.5797,774.9,0.1001,6,step_limit,0,404000,8333.2
405,1000,350.0,-0.293,30,,769,0,3,15,448,0.623,951.6,0.0978,3,step_limit,0,405000,8352.9
406,1000,340.0,-6.529,29,,780,0,3,14,920,0.6512,858.6,0.2261,45,step_limit,0,406000,8372.4
407,1000,330.0,3.977,25,,914,0,4,14,316,0.6198,812.9,0.0636,4,step_limit,0,407000,8392.1
408,1000,250.0,-14.717,23,,439,0,2,10,1160,0.672,760.5,0.2773,34,step_limit,0,408000,8411.6
409,1000,380.0,3.024,30,,795,0,4,15,577,0.6178,792.8,0.1322,5,step_limit,0,409000,8431.0
410,1000,330.0,4.826,28,,960,0,3,15,506,0.6595,767.3,0.1149,7,step_limit,0,410000,8451.2
411,1000,320.0,-4.785,27,,802,0,3,9,719,0.646,810.5,0.1681,6,step_limit,0,411000,8471.0
412,1000,320.0,0.982,27,,975,0,3,13,403,0.662,901.6,0.0859,8,step_limit,0,412000,8490.1
413,1000,390.0,0.783,34,,848,0,3,22,717,0.6435,943.8,0.1675,10,step_limit,0,413000,8509.0
414,1000,320.0,4.5,27,,960,0,3,7,314,0.6595,769.8,0.0689,2,step_limit,0,414000,8528.3
415,1000,330.0,-6.705,28,,859,0,3,14,813,0.6468,935.4,0.1919,13,step_limit,0,415000,8548.0
416,1000,260.0,2.77,24,,983,0,2,10,394,0.633,760.9,0.0799,10,step_limit,0,416000,8567.2
417,1000,330.0,-5.849,28,,978,0,3,16,594,0.6545,770.5,0.1274,7,step_limit,0,417000,8586.9
418,1000,320.0,-12.313,27,,927,0,3,4,774,0.6182,871.6,0.1754,12,step_limit,0,418000,8606.8
419,1000,320.0,0.867,27,,969,0,3,17,533,0.6265,807.8,0.1186,8,step_limit,0,419000,8626.2
420,1000,300.0,7.452,28,,978,0,2,10,390,0.6395,779.8,0.0868,8,step_limit,0,420000,8645.9
421,1000,320.0,-8.597,27,,837,0,3,12,723,0.65,822.4,0.1749,4,step_limit,0,421000,8666.2
422,1000,330.0,3.078,28,,990,0,3,11,438,0.6593,795.2,0.0959,9,step_limit,0,422000,8686.1
423,1000,340.0,7.472,29,,889,0,3,14,315,0.6422,790.8,0.0671,5,step_limit,0,423000,8705.7
424,1000,270.0,5.817,25,,833,0,2,17,323,0.6717,834.1,0.0681,5,step_limit,0,424000,8725.5
425,1000,330.0,-2.717,28,,877,0,3,8,573,0.6727,696.6,0.1287,10,step_limit,0,425000,8745.5
426,1000,260.0,1.445,24,,860,0,2,9,365,0.647,814.5,0.0778,5,step_limit,0,426000,8765.0
427,1000,360.0,-0.169,31,,995,0,3,12,541,0.6105,845.1,0.1201,5,step_limit,0,427000,8785.3
428,1000,380.0,3.375,30,,974,0,4,16,516,0.629,819.9,0.1227,8,step_limit,0,428000,8804.7
429,1000,270.0,-3.148,25,,782,0,2,8,677,0.6018,709.9,0.1592,9,step_limit,0,429000,8825.3
430,1000,320.0,-0.081,27,,989,0,3,15,601,0.6438,897.2,0.1411,14,step_limit,0,430000,8845.7
431,1000,310.0,3.189,26,,997,0,3,12,601,0.6435,852.4,0.1434,6,step_limit,0,431000,8864.6
432,1000,350.0,6.056,30,,675,0,3,8,353,0.5865,785.6,0.0815,8,step_limit,0,432000,8884.4
433,1000,350.0,6.137,30,,993,0,3,15,338,0.5595,784.9,0.0727,4,step_limit,0,433000,8904.5
434,1000,390.0,6.411,31,,960,0,4,14,371,0.6378,754.7,0.0816,5,step_limit,0,434000,8924.3
435,1000,310.0,8.461,29,,982,0,2,13,289,0.6288,855.0,0.0585,2,step_limit,0,435000,8943.5
436,1000,280.0,12.023,26,,945,0,2,16,307,0.5885,763.7,0.0691,3,step_limit,0,436000,8963.7
437,1000,250.0,-0.342,23,,710,0,2,14,615,0.6148,836.0,0.1365,5,step_limit,0,437000,8984.0
438,1000,390.0,5.875,31,,792,0,4,18,401,0.6008,782.7,0.0893,5,step_limit,0,438000,9004.4
439,1000,290.0,-2.503,24,,908,0,3,11,485,0.624,692.8,0.1107,4,step_limit,0,439000,9023.1
440,1000,280.0,-2.855,26,,763,0,2,13,768,0.6362,856.8,0.1737,4,step_limit,0,440000,9042.4
441,1000,370.0,1.8,29,,962,0,4,17,613,0.6308,803.7,0.1403,19,step_limit,0,441000,9061.8
442,1000,310.0,-0.46,29,,991,0,2,17,585,0.6667,761.8,0.1265,9,step_limit,0,442000,9082.1
443,1000,220.0,-0.504,23,,697,0,1,14,452,0.624,718.0,0.1032,8,step_limit,0,443000,9103.0
444,1000,360.0,5.668,28,,934,0,4,13,451,0.5907,840.9,0.0948,11,step_limit,0,444000,9122.9
445,1000,280.0,4.359,26,,959,0,2,14,391,0.6567,950.4,0.0866,9,step_limit,0,445000,9142.8
446,1000,370.0,2.877,29,,950,0,4,13,525,0.6488,784.6,0.1052,6,step_limit,0,446000,9162.3
447,1000,360.0,0.912,28,,755,0,4,15,523,0.631,816.9,0.1117,3,step_limit,0,447000,9183.2
448,1000,360.0,9.787,31,,937,0,3,15,354,0.6208,928.8,0.071,7,step_limit,0,448000,9204.4
449,1000,280.0,6.417,26,,926,0,2,9,214,0.645,805.2,0.0449,6,step_limit,0,449000,9223.6
450,1000,350.0,4.141,30,,969,0,3,18,570,0.6445,863.3,0.1278,17,step_limit,0,450000,9241.7
451,1000,360.0,2.427,31,,978,0,3,18,539,0.6275,763.0,0.1328,10,step_limit,0,451000,9311.2
452,1000,320.0,0.446,24,,858,0,4,20,593,0.5567,763.1,0.1183,6,step_limit,0,452000,9330.8
453,1000,380.0,3.773,30,,984,0,4,20,477,0.599,901.1,0.1027,5,step_limit,0,453000,9351.0
454,1000,370.0,5.753,29,,800,0,4,12,513,0.6188,780.8,0.1188,10,step_limit,0,454000,9370.5
455,1000,340.0,-0.735,26,,1000,0,4,8,545,0.639,930.2,0.1202,17,step_limit,0,455000,9390.3
456,1000,320.0,5.174,27,,989,0,3,17,367,0.572,784.9,0.0789,13,step_limit,0,456000,9409.7
457,1000,410.0,11.829,30,,970,0,5,17,223,0.585,773.8,0.0512,3,step_limit,0,457000,9428.4
458,1000,350.0,9.214,27,,876,0,4,17,487,0.6548,975.2,0.1084,8,step_limit,0,458000,9447.1
459,1000,310.0,3.84,26,,894,0,3,13,565,0.634,771.9,0.1248,13,step_limit,0,459000,9466.7
460,1000,310.0,5.115,26,,745,0,3,20,575,0.6272,875.7,0.1345,5,step_limit,0,460000,9486.7
461,1000,390.0,7.871,31,,885,0,4,16,438,0.6312,742.2,0.0984,10,step_limit,0,461000,9506.6
462,1000,330.0,3.862,28,,906,0,3,12,410,0.5787,912.7,0.0889,10,step_limit,0,462000,9525.8
463,1000,360.0,2.419,31,,971,0,3,18,547,0.6472,819.4,0.1235,8,step_limit,0,463000,9544.9
464,1000,310.0,-3.813,29,,990,0,2,13,637,0.6252,886.3,0.142,11,step_limit,0,464000,9564.9
465,1000,380.0,8.592,27,,928,0,5,15,346,0.5915,726.4,0.0813,3,step_limit,0,465000,9585.3
466,1000,320.0,-0.587,27,,977,0,3,18,615,0.6583,917.2,0.1381,12,step_limit,0,466000,9606.9
467,1000,330.0,-0.307,28,,993,0,3,13,538,0.6653,881.1,0.1181,6,step_limit,0,467000,9627.8
468,1000,420.0,3.987,34,,776,0,4,19,628,0.6278,831.0,0.1439,10,step_limit,0,468000,9648.4
469,1000,360.0,-1.215,28,,850,0,4,10,469,0.6382,786.3,0.1095,6,step_limit,0,469000,9668.2
470,1000,310.0,2.941,23,,997,0,4,15,439,0.6202,725.3,0.0911,3,step_limit,0,470000,9687.3
471,1000,290.0,-3.064,27,,968,0,2,12,509,0.6538,751.6,0.1275,14,step_limit,0,471000,9707.5
472,1000,330.0,2.581,28,,965,0,3,21,571,0.663,894.1,0.1314,9,step_limit,0,472000,9727.6
473,1000,410.0,4.229,33,,942,0,4,15,488,0.5837,843.1,0.105,10,step_limit,0,473000,9747.4
474,1000,370.0,8.269,29,,898,0,4,18,391,0.617,757.5,0.0807,9,step_limit,0,474000,9766.8
475,1000,350.0,6.239,27,,996,0,4,29,529,0.6655,763.9,0.1204,6,step_limit,0,475000,9786.2
476,1000,290.0,3.993,27,,968,0,2,11,426,0.616,792.1,0.0881,7,step_limit,0,476000,9806.3
477,1000,280.0,4.545,23,,983,0,3,13,259,0.5853,787.4,0.0532,4,step_limit,0,477000,9826.0
478,1000,360.0,-5.142,28,,874,0,4,19,846,0.645,930.4,0.1905,17,step_limit,0,478000,9846.3
479,1000,340.0,1.684,29,,891,0,3,16,681,0.6138,755.6,0.1641,21,step_limit,0,479000,9865.6
480,1000,270.0,-1.497,25,,721,0,2,8,586,0.6673,737.1,0.1335,8,step_limit,0,480000,9887.2
481,1000,300.0,1.122,28,,945,0,2,11,475,0.6615,826.0,0.1122,6,step_limit,0,481000,9907.1
482,1000,230.0,-7.771,21,,742,0,2,13,737,0.6763,831.4,0.166,9,step_limit,0,482000,9927.0
483,1000,260.0,-2.502,24,,875,0,2,15,625,0.6435,789.3,0.1404,12,step_limit,0,483000,9947.2
484,1000,250.0,-3.879,23,,479,0,2,16,677,0.6735,755.2,0.1465,14,step_limit,0,484000,9966.8
485,1000,340.0,5.102,29,,925,0,3,13,498,0.5625,758.2,0.1082,4,step_limit,0,485000,9986.0
486,1000,320.0,0.216,27,,950,0,3,15,564,0.659,814.3,0.1262,4,step_limit,0,486000,10005.3
487,1000,370.0,7.265,32,,993,0,3,17,441,0.637,862.5,0.0964,3,step_limit,0,487000,10024.8
488,1000,360.0,10.45,28,,965,0,4,16,285,0.6445,782.8,0.0606,6,step_limit,0,488000,10045.6
489,1000,320.0,3.65,27,,947,0,3,15,514,0.5958,725.3,0.1133,7,step_limit,0,489000,10065.9
490,1000,360.0,7.916,28,,980,0,4,20,471,0.6362,874.7,0.0986,9,step_limit,0,490000,10084.7
491,1000,340.0,2.592,29,,877,0,3,19,556,0.625,872.9,0.1185,9,step_limit,0,491000,10104.9
492,1000,360.0,6.731,31,,936,0,3,15,347,0.641,780.1,0.0713,6,step_limit,0,492000,10124.1
493,1000,320.0,5.257,27,,799,0,3,19,511,0.609,798.8,0.1149,7,step_limit,0,493000,10143.9
494,1000,280.0,-1.669,26,,992,0,2,14,656,0.6195,781.9,0.1486,10,step_limit,0,494000,10163.8
495,1000,340.0,8.774,29,,993,0,3,13,359,0.6518,777.6,0.0758,12,step_limit,0,495000,10184.0
496,1000,320.0,0.076,27,,917,0,3,10,447,0.6625,806.8,0.1019,3,step_limit,0,496000,10203.7
497,1000,270.0,3.409,25,,964,0,2,11,457,0.6158,678.3,0.1027,9,step_limit,0,497000,10223.3
498,1000,300.0,7.491,25,,959,0,3,14,383,0.6145,747.9,0.079,5,step_limit,0,498000,10242.4
499,1000,230.0,-1.732,21,,582,0,2,10,392,0.5695,693.2,0.0862,7,step_limit,0,499000,10262.7
500,1000,390.0,6.876,31,,856,0,4,18,444,0.5877,850.9,0.1096,4,step_limit,0,500000,10280.6
501,1000,300.0,0.949,28,,883,0,2,14,524,0.6753,893.9,0.1192,4,step_limit,0,501000,10349.1
502,1000,340.0,0.071,29,,977,0,3,17,612,0.6615,804.5,0.1435,5,step_limit,0,502000,10368.7
503,1000,290.0,-9.733,27,,912,0,2,15,932,0.6703,935.4,0.214,20,step_limit,0,503000,10387.9
504,1000,340.0,5.179,29,,906,0,3,13,567,0.629,850.3,0.1285,8,step_limit,0,504000,10406.9
505,1000,350.0,4.14,30,,895,0,3,14,420,0.6502,798.6,0.0962,10,step_limit,0,505000,10426.5
506,1000,250.0,3.005,23,,981,0,2,18,545,0.6305,736.0,0.1155,10,step_limit,0,506000,10446.4
507,1000,310.0,3.493,26,,901,0,3,17,564,0.57,904.5,0.1288,4,step_limit,0,507000,10467.0
508,1000,280.0,-6.556,26,,840,0,2,11,818,0.6382,823.4,0.2016,7,step_limit,0,508000,10486.6
509,1000,330.0,-5.153,28,,851,0,3,15,683,0.6265,765.0,0.1648,6,step_limit,0,509000,10506.5
510,1000,340.0,5.247,29,,990,0,3,17,448,0.6308,819.3,0.0981,7,step_limit,0,510000,10525.7
511,1000,280.0,-5.363,26,,837,0,2,10,485,0.6308,670.8,0.1116,5,step_limit,0,511000,10544.9
512,1000,280.0,7.193,26,,820,0,2,19,307,0.6085,779.6,0.0618,7,step_limit,0,512000,10564.5
513,1000,260.0,2.143,24,,586,0,2,11,399,0.6428,753.9,0.0829,10,step_limit,0,513000,10583.5
514,1000,330.0,6.332,25,,795,0,4,20,614,0.6122,748.4,0.1358,8,step_limit,0,514000,10602.9
515,1000,410.0,7.885,30,,961,0,5,18,545,0.623,803.5,0.1288,10,step_limit,0,515000,10621.9
516,1000,300.0,-1.002,25,,974,0,3,12,451,0.6375,729.5,0.0962,7,step_limit,0,516000,10641.6
517,1000,270.0,10.17,22,,966,0,3,14,205,0.6495,706.0,0.0405,3,step_limit,0,517000,10661.8
518,1000,360.0,3.337,31,,892,0,3,20,636,0.644,873.7,0.1437,8,step_limit,0,518000,10681.4
519,1000,370.0,7.463,29,,766,0,4,22,473,0.6372,795.4,0.1104,16,step_limit,0,519000,10702.0
520,1000,350.0,9.062,30,,860,0,3,24,508,0.6633,955.2,0.1109,11,step_limit,0,520000,10721.3
521,1000,290.0,11.548,27,,924,0,2,18,393,0.6215,727.8,0.0841,10,step_limit,0,521000,10741.0
522,1000,340.0,6.589,26,,911,0,4,22,449,0.6072,709.3,0.0938,4,step_limit,0,522000,10762.3
523,1000,280.0,0.851,26,,812,0,2,17,555,0.6757,821.1,0.1202,12,step_limit,0,523000,10782.8
524,1000,290.0,-4.992,27,,986,0,2,16,804,0.6335,872.3,0.1838,13,step_limit,0,524000,10802.2
525,1000,410.0,5.554,33,,935,0,4,19,605,0.6478,810.1,0.1353,14,step_limit,0,525000,10821.5
526,1000,310.0,-1.577,26,,982,0,3,13,607,0.626,827.1,0.1253,7,step_limit,0,526000,10841.5
527,1000,340.0,5.419,29,,772,0,3,16,271,0.5685,788.6,0.0533,2,step_limit,0,527000,10862.0
528,1000,290.0,-6.324,27,,762,0,2,10,693,0.6617,786.8,0.1539,15,step_limit,0,528000,10882.3
529,1000,340.0,-6.44,29,,542,0,3,14,787,0.6817,771.7,0.1853,10,step_limit,0,529000,10902.2
530,1000,310.0,6.597,26,,987,0,3,18,214,0.651,685.9,0.0418,4,step_limit,0,530000,10921.7
531,1000,370.0,7.697,29,,972,0,4,17,497,0.6653,769.9,0.1112,11,step_limit,0,531000,10941.8
532,1000,290.0,-7.791,24,,625,0,3,11,768,0.6465,805.4,0.1751,3,step_limit,0,532000,10961.2
533,1000,260.0,5.931,24,,859,0,2,16,350,0.6198,732.4,0.0741,5,step_limit,0,533000,10980.4
534,1000,390.0,1.017,31,,959,0,4,13,530,0.6252,809.7,0.1167,7,step_limit,0,534000,11000.4
535,1000,300.0,8.71,28,,971,0,2,16,361,0.6435,852.8,0.08,12,step_limit,0,535000,11023.3
536,1000,280.0,-0.072,26,,813,0,2,16,588,0.604,739.6,0.1304,11,step_limit,0,536000,11044.1
537,1000,350.0,3.053,30,,986,0,3,18,444,0.6322,808.5,0.1014,4,step_limit,0,537000,11063.7
538,1000,300.0,-4.131,28,,937,0,2,13,591,0.656,754.5,0.1268,10,step_limit,0,538000,11084.2
539,1000,310.0,-0.136,29,,867,0,2,17,452,0.5875,939.5,0.0967,6,step_limit,0,539000,11104.5
540,1000,370.0,6.323,32,,997,0,3,17,474,0.633,781.3,0.1064,6,step_limit,0,540000,11125.3
541,1000,410.0,11.456,30,,829,0,5,15,349,0.5545,866.2,0.0809,6,step_limit,0,541000,11144.7
542,1000,350.0,5.891,30,,970,0,3,21,540,0.666,856.7,0.1207,7,step_limit,0,542000,11163.3
543,1000,320.0,1.36,27,,956,0,3,13,586,0.6025,769.6,0.137,14,step_limit,0,543000,11182.5
544,1000,350.0,14.388,30,,856,0,3,16,282,0.685,798.4,0.0578,5,step_limit,0,544000,11202.2
545,1000,360.0,8.527,31,,960,0,3,17,344,0.6055,866.7,0.0735,1,step_limit,0,545000,11222.0
546,1000,320.0,4.205,27,,940,0,3,16,349,0.615,783.2,0.0714,6,step_limit,0,546000,11241.2
547,1000,330.0,5.222,28,,881,0,3,16,325,0.6202,838.1,0.0672,3,step_limit,0,547000,11260.7
548,1000,370.0,0.923,29,,818,0,4,19,553,0.652,948.3,0.1281,6,step_limit,0,548000,11280.4
549,1000,350.0,-3.111,27,,834,0,4,11,683,0.5945,751.9,0.1526,10,step_limit,0,549000,11298.5
550,1000,290.0,2.712,24,,985,0,3,18,579,0.635,783.9,0.1327,5,step_limit,0,550000,11320.0
551,1000,300.0,1.819,22,,973,0,4,16,447,0.6278,800.8,0.0933,3,step_limit,0,551000,11390.9
552,1000,230.0,6.976,21,,923,0,2,10,194,0.577,711.9,0.0302,2,step_limit,0,552000,11410.9
553,1000,310.0,4.85,29,,987,0,2,15,360,0.5933,842.3,0.0748,4,step_limit,0,553000,11431.8
554,1000,300.0,3.898,25,,824,0,3,17,542,0.6275,885.5,0.1191,3,step_limit,0,554000,11451.7
555,1000,310.0,12.718,26,,992,0,3,14,318,0.6125,736.5,0.0652,8,step_limit,0,555000,11471.6
556,1000,280.0,-6.036,26,,931,0,2,13,618,0.6182,867.0,0.1417,6,step_limit,0,556000,11492.7
557,1000,350.0,5.732,30,,846,0,3,19,561,0.597,731.8,0.1327,12,step_limit,0,557000,11512.6
558,1000,460.0,11.138,32,,950,0,6,19,462,0.636,923.1,0.1028,10,step_limit,0,558000,11531.5
559,1000,350.0,-2.089,30,,824,0,3,17,748,0.6432,870.1,0.1755,11,step_limit,0,559000,11551.3
560,1000,300.0,-6.7,28,,810,0,2,13,808,0.6807,873.0,0.183,10,step_limit,0,560000,11571.7
561,1000,350.0,-9.401,30,,992,0,3,13,893,0.6603,910.2,0.2228,12,step_limit,0,561000,11591.3
562,1000,270.0,3.418,25,,973,0,2,15,517,0.665,785.6,0.1188,7,step_limit,0,562000,11611.0
563,1000,230.0,-4.72,24,,546,0,1,13,540,0.6545,790.2,0.1351,6,step_limit,0,563000,11630.8
564,1000,340.0,5.888,29,,956,0,3,24,510,0.6255,794.7,0.1101,5,step_limit,0,564000,11650.3
565,1000,290.0,-9.517,24,,734,0,3,11,818,0.6112,717.0,0.2027,34,step_limit,0,565000,11670.2
566,1000,300.0,-6.343,25,,971,0,3,12,700,0.6623,847.4,0.1602,12,step_limit,0,566000,11689.7
567,1000,300.0,11.789,25,,862,0,3,15,344,0.576,817.0,0.0777,7,step_limit,0,567000,11708.4
568,1000,240.0,-6.54,22,,986,0,2,11,851,0.625,745.6,0.1939,22,step_limit,0,568000,11727.9
569,1000,290.0,8.481,27,,875,0,2,16,417,0.5777,743.5,0.093,8,step_limit,0,569000,11747.5
570,1000,370.0,5.965,29,,988,0,4,18,316,0.6028,733.0,0.0643,3,step_limit,0,570000,11767.8
571,1000,330.0,3.175,28,,903,0,3,19,392,0.6398,938.7,0.0767,2,step_limit,0,571000,11787.8
572,1000,340.0,-2.335,26,,933,0,4,13,454,0.5693,733.4,0.0957,11,step_limit,0,572000,11807.0
573,1000,290.0,8.072,27,,974,0,2,19,317,0.5958,700.6,0.0677,10,step_limit,0,573000,11828.0
574,1000,320.0,4.755,27,,840,0,3,19,546,0.6135,832.6,0.1184,6,step_limit,0,574000,11848.0
575,1000,290.0,-1.811,27,,750,0,2,15,536,0.6168,847.4,0.11,8,step_limit,0,575000,11867.6
576,1000,350.0,7.034,30,,920,0,3,19,514,0.6653,978.6,0.1169,9,step_limit,0,576000,11886.5
577,1000,300.0,-0.902,25,,822,0,3,10,538,0.6232,763.9,0.1226,6,step_limit,0,577000,11904.4
578,1000,370.0,3.875,32,,955,0,3,16,475,0.645,747.1,0.1101,7,step_limit,0,578000,11924.0
579,1000,320.0,4.355,27,,806,0,3,16,483,0.6122,786.0,0.1054,7,step_limit,0,579000,11944.1
580,1000,370.0,-1.09,29,,904,0,4,13,594,0.6065,845.1,0.1308,12,step_limit,0,580000,11963.9
581,1000,300.0,-2.94,28,,994,0,2,14,546,0.6775,806.6,0.1263,12,step_limit,0,581000,11983.7
582,1000,310.0,-8.961,26,,903,0,3,11,896,0.6593,1048.3,0.214,9,step_limit,0,582000,12003.4
583,1000,300.0,-2.885,28,,1000,0,2,14,551,0.6753,880.4,0.1164,4,step_limit,0,583000,12023.3
584,1000,340.0,8.022,29,,972,0,3,12,382,0.6362,806.3,0.0796,3,step_limit,0,584000,12043.8
585,1000,310.0,5.338,29,,906,0,2,14,476,0.6532,757.0,0.1079,10,step_limit,0,585000,12063.8
586,1000,310.0,3.618,29,,974,0,2,13,510,0.672,878.7,0.1117,12,step_limit,0,586000,12083.8
587,1000,330.0,3.225,25,,863,0,4,18,496,0.611,809.7,0.1079,5,step_limit,0,587000,12103.5
588,1000,250.0,-1.053,20,,876,0,3,11,454,0.598,736.8,0.0997,10,step_limit,0,588000,12123.3
589,1000,340.0,-1.607,29,,815,0,3,12,497,0.6773,882.9,0.1083,6,step_limit,0,589000,12143.6
590,1000,320.0,9.869,27,,979,0,3,18,431,0.6048,812.1,0.0919,5,step_limit,0,590000,12164.3
591,1000,340.0,9.082,29,,999,0,3,16,377,0.681,766.5,0.0824,4,step_limit,0,591000,12184.9
592,1000,320.0,4.097,30,,947,0,2,17,381,0.6747,770.6,0.0818,4,step_limit,0,592000,12206.8
593,1000,370.0,-8.42,29,,995,0,4,15,895,0.625,836.9,0.2125,14,step_limit,0,593000,12227.8
594,1000,330.0,4.465,28,,801,0,3,12,531,0.5777,758.2,0.1233,7,step_limit,0,594000,12246.4
595,1000,390.0,10.296,31,,960,0,4,19,287,0.6238,783.8,0.0584,9,step_limit,0,595000,12266.0
596,1000,320.0,1.167,27,,597,0,3,13,509,0.6348,876.1,0.1138,8,step_limit,0,596000,12284.9
597,1000,330.0,0.052,28,,957,0,3,15,665,0.6428,795.7,0.1561,6,step_limit,0,597000,12304.1
598,1000,340.0,1.98,29,,955,0,3,11,552,0.591,751.9,0.1321,45,step_limit,0,598000,12323.0
599,1000,230.0,0.222,24,,984,0,1,15,389,0.6218,743.4,0.0784,9,step_limit,0,599000,12343.5
600,1000,380.0,4.12,30,,978,0,4,18,500,0.6647,875.5,0.1077,6,step_limit,0,600000,12363.7
601,1000,270.0,-3.241,25,,703,0,2,10,680,0.6322,767.2,0.1437,9,step_limit,0,601000,12434.3
602,1000,310.0,5.088,26,,894,0,3,14,373,0.6332,740.4,0.0809,10,step_limit,0,602000,12453.5
603,1000,290.0,-16.062,27,,786,0,2,13,1063,0.6693,944.2,0.2515,34,step_limit,0,603000,12474.8
604,1000,290.0,5.5,27,,939,0,2,13,372,0.6472,832.7,0.0833,5,step_limit,0,604000,12493.9
605,1000,330.0,-3.775,28,,856,0,3,11,512,0.6633,805.7,0.1198,11,step_limit,0,605000,12514.0
606,1000,370.0,5.551,29,,980,0,4,19,577,0.643,785.1,0.1362,23,step_limit,0,606000,12534.1
607,1000,300.0,0.196,28,,882,0,2,21,613,0.6545,796.1,0.1346,8,step_limit,0,607000,12554.2
608,1000,340.0,-0.821,29,,980,0,3,15,646,0.6548,803.2,0.1432,8,step_limit,0,608000,12574.2
609,1000,240.0,-7.822,22,,496,0,2,15,861,0.6597,796.9,0.1952,11,step_limit,0,609000,12594.3
610,1000,330.0,1.049,28,,916,0,3,18,581,0.6613,750.2,0.1339,9,step_limit,0,610000,12614.4
611,1000,320.0,1.931,30,,910,0,2,12,306,0.6595,722.4,0.0658,7,step_limit,0,611000,12634.0
612,1000,300.0,-0.793,28,,891,0,2,13,464,0.6448,814.4,0.1035,8,step_limit,0,612000,12653.6
613,1000,270.0,-7.085,22,,982,0,3,15,758,0.667,759.7,0.1755,9,step_limit,0,613000,12674.6
614,1000,370.0,0.196,32,,990,0,3,15,548,0.659,774.8,0.1162,6,step_limit,0,614000,12697.6
615,1000,290.0,2.655,27,,914,0,2,15,475,0.6528,734.9,0.1019,9,step_limit,0,615000,12717.6
616,1000,290.0,1.17,27,,798,0,2,15,407,0.6315,757.3,0.0914,16,step_limit,0,616000,12737.7
617,1000,350.0,6.048,30,,986,0,3,18,377,0.5803,795.6,0.0834,6,step_limit,0,617000,12757.4
618,1000,260.0,5.158,24,,785,0,2,13,388,0.629,811.5,0.081,10,step_limit,0,618000,12777.1
619,1000,290.0,1.018,27,,975,0,2,18,506,0.6617,799.4,0.1119,4,step_limit,0,619000,12796.8
620,1000,340.0,8.139,29,,922,0,3,19,365,0.6325,784.8,0.0774,2,step_limit,0,620000,12817.0
621,1000,270.0,3.366,25,,866,0,2,16,456,0.5423,705.5,0.0944,8,step_limit,0,621000,12836.2
622,1000,350.0,-3.044,27,,853,0,4,14,863,0.6455,849.3,0.2111,26,step_limit,0,622000,12854.8
623,1000,330.0,12.201,28,,849,0,3,23,270,0.6172,847.6,0.0604,7,step_limit,0,623000,12873.3
624,1000,370.0,2.469,32,,954,0,3,14,448,0.6522,840.9,0.0942,5,step_limit,0,624000,12893.3
625,1000,340.0,2.849,29,,975,0,3,21,544,0.6542,801.2,0.1182,4,step_limit,0,625000,12913.2
626,1000,300.0,-6.469,25,,781,0,3,11,807,0.668,866.0,0.1843,19,step_limit,0,626000,12933.5
627,1000,340.0,3.611,29,,881,0,3,14,512,0.5975,857.8,0.1185,15,step_limit,0,627000,12952.8
628,1000,340.0,6.724,29,,961,0,3,15,452,0.6412,768.8,0.0938,6,step_limit,0,628000,12971.9
629,1000,270.0,4.35,25,,944,0,2,16,461,0.6058,781.2,0.0938,5,step_limit,0,629000,12991.8
630,1000,370.0,4.31,32,,842,0,3,17,472,0.6675,852.3,0.1058,7,step_limit,0,630000,13011.9
631,1000,430.0,8.288,32,,880,0,5,20,480,0.6142,824.7,0.1055,14,step_limit,0,631000,13031.6
632,1000,350.0,8.013,30,,992,0,3,17,391,0.6262,800.8,0.0915,8,step_limit,0,632000,13053.2
633,1000,240.0,-0.283,22,,822,0,2,13,504,0.6415,714.4,0.1077,5,step_limit,0,633000,13073.4
634,1000,320.0,0.274,27,,964,0,3,15,502,0.6242,956.0,0.1135,19,step_limit,0,634000,13093.3
635,1000,420.0,8.349,31,,920,0,5,20,376,0.6392,822.6,0.0734,8,step_limit,0,635000,13112.0
636,1000,280.0,4.938,26,,816,0,2,14,354,0.6158,762.6,0.0742,7,step_limit,0,636000,13131.2
637,1000,290.0,-0.529,27,,965,0,2,11,419,0.6078,883.2,0.096,2,step_limit,0,637000,13150.0
638,1000,330.0,2.25,28,,926,0,3,17,534,0.6182,777.3,0.1138,7,step_limit,0,638000,13170.4
639,1000,330.0,9.018,28,,846,0,3,21,345,0.6215,735.3,0.0659,5,step_limit,0,639000,13190.7
640,1000,330.0,-12.391,28,,1000,0,3,14,981,0.644,1008.6,0.2397,37,step_limit,0,640000,13210.8
641,1000,290.0,-0.86,27,,997,0,2,12,591,0.6765,876.0,0.1321,4,step_limit,0,641000,13230.2
642,1000,290.0,-4.409,27,,970,0,2,12,551,0.5775,883.1,0.1186,9,step_limit,0,642000,13250.8
643,1000,360.0,-5.781,31,,949,0,3,18,806,0.6465,1013.4,0.1937,6,step_limit,0,643000,13271.0
644,1000,310.0,5.394,29,,925,0,2,18,328,0.614,856.0,0.0734,11,step_limit,0,644000,13289.9
645,1000,340.0,2.216,26,,911,0,4,15,638,0.6415,823.0,0.1505,8,step_limit,0,645000,13310.4
646,1000,210.0,6.4,22,,672,0,1,9,210,0.6492,714.3,0.0427,2,step_limit,0,646000,13330.6
647,1000,330.0,-1.53,28,,993,0,3,14,519,0.6328,813.2,0.1224,5,step_limit,0,647000,13351.1
648,1000,340.0,0.493,29,,974,0,3,13,544,0.6575,766.3,0.128,14,step_limit,0,648000,13368.9
649,1000,320.0,1.46,27,,976,0,3,12,490,0.6288,789.6,0.1124,8,step_limit,0,649000,13388.1
650,1000,270.0,-4.401,22,,526,0,3,14,676,0.655,894.4,0.1579,8,step_limit,0,650000,13406.2
651,1000,330.0,0.263,28,,752,0,3,16,472,0.602,790.4,0.1024,7,step_limit,0,651000,13476.2
652,1000,300.0,1.933,28,,934,0,2,13,450,0.6452,945.9,0.0978,4,step_limit,0,652000,13496.6
653,1000,350.0,6.119,30,,977,0,3,10,505,0.648,768.9,0.1125,6,step_limit,0,653000,13515.9
654,1000,310.0,-2.056,26,,819,0,3,8,541,0.6158,923.5,0.1151,5,step_limit,0,654000,13535.5
655,1000,320.0,8.064,27,,704,0,3,18,380,0.6272,794.7,0.0824,8,step_limit,0,655000,13555.9
656,1000,470.0,10.201,33,,935,0,6,26,402,0.6198,826.6,0.0903,10,step_limit,0,656000,13576.2
657,1000,270.0,1.079,25,,782,0,2,8,460,0.656,772.3,0.1,9,step_limit,0,657000,13596.5
658,1000,350.0,6.863,30,,902,0,3,15,376,0.6195,766.1,0.0817,9,step_limit,0,658000,13616.0
659,1000,330.0,4.004,28,,985,0,3,13,277,0.6178,841.0,0.0569,5,step_limit,0,659000,13635.7
660,1000,360.0,-3.069,28,,808,0,4,12,578,0.6408,845.9,0.1367,7,step_limit,0,660000,13656.0
661,1000,230.0,-17.252,24,,937,0,1,13,862,0.6275,742.9,0.2045,13,step_limit,0,661000,13677.1
662,1000,360.0,-4.331,31,,976,0,3,16,601,0.6502,951.5,0.1322,9,step_limit,0,662000,13697.5
663,1000,300.0,-2.728,25,,923,0,3,17,560,0.665,804.1,0.1207,4,step_limit,0,663000,13717.8
664,1000,280.0,-0.763,26,,833,0,2,14,433,0.6195,722.2,0.0941,4,step_limit,0,664000,13737.9
665,1000,380.0,2.754,33,,912,0,3,10,613,0.6603,889.1,0.1354,19,step_limit,0,665000,13757.8
666,1000,330.0,2.341,28,,944,0,3,15,509,0.6312,800.0,0.1168,4,step_limit,0,666000,13776.5
667,1000,330.0,2.893,28,,992,0,3,17,411,0.6285,771.3,0.0857,3,step_limit,0,667000,13795.7
668,1000,380.0,0.197,33,,962,0,3,14,530,0.6643,894.8,0.1253,10,step_limit,0,668000,13816.4
669,1000,210.0,-4.965,19,,448,0,2,10,534,0.4853,765.1,0.1095,4,step_limit,0,669000,13837.6
670,1000,330.0,0.179,28,,834,0,3,13,563,0.614,850.6,0.1201,8,step_limit,0,670000,13858.7
671,1000,250.0,0.575,23,,618,0,2,18,553,0.625,839.8,0.1224,7,step_limit,0,671000,13878.3
672,1000,350.0,6.652,30,,967,0,3,20,322,0.6318,789.2,0.0714,4,step_limit,0,672000,13898.1
673,1000,310.0,-3.779,29,,910,0,2,11,656,0.6462,956.1,0.1523,7,step_limit,0,673000,13917.9
674,1000,420.0,9.528,31,,971,0,5,13,307,0.6245,833.0,0.0665,4,step_limit,0,674000,13936.8
675,1000,320.0,-4.478,27,,947,0,3,14,747,0.6345,994.5,0.1719,10,step_limit,0,675000,13956.6
676,1000,300.0,2.272,28,,895,0,2,9,456,0.6498,826.1,0.103,7,step_limit,0,676000,13975.7
677,1000,340.0,-2.19,29,,865,0,3,19,813,0.6292,892.5,0.1948,15,step_limit,0,677000,13996.0
678,1000,320.0,1.456,27,,816,0,3,22,634,0.596,844.0,0.1505,13,step_limit,0,678000,14016.7
679,1000,230.0,-1.41,24,,755,0,1,8,388,0.5252,724.8,0.0858,6,step_limit,0,679000,14036.8
680,1000,300.0,5.296,28,,993,0,2,18,329,0.6045,864.6,0.0732,4,step_limit,0,680000,14057.3
681,1000,270.0,2.248,25,,819,0,2,16,525,0.6495,740.0,0.1131,3,step_limit,0,681000,14078.1
682,1000,320.0,5.606,27,,948,0,3,14,407,0.583,706.4,0.0843,7,step_limit,0,682000,14097.4
683,1000,300.0,9.368,25,,1000,0,3,23,468,0.5807,768.0,0.1019,11,step_limit,0,683000,14116.3
684,1000,270.0,5.396,25,,889,0,2,15,395,0.576,819.4,0.093,3,step_limit,0,684000,14135.2
685,1000,290.0,0.12,24,,750,0,3,12,396,0.6382,797.8,0.085,4,step_limit,0,685000,14155.3
686,1000,340.0,2.607,29,,726,0,3,15,533,0.6208,769.3,0.1141,6,step_limit,0,686000,14174.7
687,1000,330.0,-7.027,28,,936,0,3,16,801,0.6472,882.8,0.1856,6,step_limit,0,687000,14194.0
688,1000,380.0,5.431,33,,974,0,3,20,513,0.655,921.8,0.1126,10,step_limit,0,688000,14214.0
689,1000,370.0,11.228,32,,990,0,3,25,368,0.642,815.8,0.0775,9,step_limit,0,689000,14233.1
690,1000,340.0,0.161,29,,858,0,3,14,526,0.6355,755.5,0.1226,8,step_limit,0,690000,14253.3
691,1000,380.0,-6.911,30,,981,0,4,15,711,0.6452,848.5,0.1675,11,step_limit,0,691000,14273.2
692,1000,370.0,-6.069,29,,860,0,4,13,793,0.6168,818.5,0.1896,20,step_limit,0,692000,14292.9
693,1000,330.0,8.09,28,,876,0,3,20,398,0.6368,744.2,0.0919,6,step_limit,0,693000,14312.7
694,1000,340.0,8.21,29,,932,0,3,13,399,0.6035,808.2,0.0918,5,step_limit,0,694000,14333.4
695,1000,350.0,7.625,30,,927,0,3,17,439,0.559,829.8,0.1049,9,step_limit,0,695000,14352.9
696,1000,310.0,4.915,29,,957,0,2,13,391,0.662,813.4,0.0846,6,step_limit,0,696000,14373.2
697,1000,310.0,-2.459,26,,554,0,3,16,667,0.6508,886.3,0.1569,10,step_limit,0,697000,14393.0
698,1000,260.0,0.218,24,,944,0,2,8,457,0.6328,772.7,0.0904,3,step_limit,0,698000,14411.2
699,1000,320.0,8.577,27,,997,0,3,15,277,0.5903,795.9,0.0593,10,step_limit,0,699000,14430.6
700,1000,380.0,-2.304,30,,986,0,4,15,578,0.6238,807.4,0.1243,7,step_limit,0,700000,14449.5
701,1000,280.0,1.885,26,,980,0,2,13,423,0.65,869.2,0.0898,6,step_limit,0,701000,14521.4
702,1000,370.0,0.638,32,,938,0,3,20,553,0.6352,914.0,0.1353,8,step_limit,0,702000,14540.4
703,1000,330.0,11.768,28,,916,0,3,16,375,0.6418,875.4,0.0837,5,step_limit,0,703000,14559.2
704,1000,330.0,6.312,28,,779,0,3,16,265,0.6115,781.9,0.0561,8,step_limit,0,704000,14578.0
705,1000,290.0,0.593,27,,937,0,2,20,468,0.6312,812.9,0.0987,4,step_limit,0,705000,14597.6
706,1000,340.0,-2.848,29,,934,0,3,14,588,0.6335,798.2,0.1383,10,step_limit,0,706000,14617.9
707,1000,310.0,-1.894,26,,830,0,3,17,654,0.655,740.0,0.1445,7,step_limit,0,707000,14637.9
708,1000,300.0,-2.934,25,,953,0,3,19,659,0.6148,811.9,0.1422,7,step_limit,0,708000,14657.5
709,1000,360.0,3.387,31,,936,0,3,12,349,0.6495,820.4,0.077,4,step_limit,0,709000,14676.6
710,1000,390.0,8.191,31,,892,0,4,17,438,0.6395,846.4,0.0924,15,step_limit,0,710000,14695.5
711,1000,290.0,-4.721,27,,986,0,2,13,579,0.6485,786.5,0.1264,7,step_limit,0,711000,14714.4
712,1000,370.0,3.12,29,,967,0,4,17,502,0.6055,773.3,0.1155,21,step_limit,0,712000,14734.7
713,1000,310.0,4.312,26,,951,0,3,15,411,0.6255,821.3,0.0876,8,step_limit,0,713000,14754.3
714,1000,300.0,-1.053,25,,858,0,3,19,696,0.6088,734.7,0.1516,4,step_limit,0,714000,14774.0
715,1000,290.0,3.318,24,,823,0,3,19,308,0.588,817.8,0.0627,4,step_limit,0,715000,14793.7
716,1000,300.0,-9.347,28,,803,0,2,10,823,0.6687,844.2,0.1946,11,step_limit,0,716000,14814.5
717,1000,310.0,7.959,26,,934,0,3,17,452,0.5527,788.1,0.0984,5,step_limit,0,717000,14834.5
718,1000,330.0,4.469,28,,959,0,3,14,498,0.6552,801.1,0.1184,10,step_limit,0,718000,14855.1
719,1000,340.0,15.434,29,,979,0,3,18,367,0.6508,753.0,0.0813,6,step_limit,0,719000,14873.8
720,1000,270.0,8.54,25,,933,0,2,20,383,0.5295,709.8,0.0767,10,step_limit,0,720000,14892.3
721,1000,360.0,-1.211,28,,973,0,4,19,638,0.637,807.6,0.1497,14,step_limit,0,721000,14912.4
722,1000,330.0,-4.658,28,,890,0,3,17,612,0.633,888.8,0.1407,8,step_limit,0,722000,14932.7
723,1000,340.0,10.496,29,,983,0,3,15,344,0.571,816.1,0.0738,5,step_limit,0,723000,14952.0
724,1000,340.0,0.693,29,,941,0,3,19,570,0.6432,813.6,0.1264,8,step_limit,0,724000,14971.4
725,1000,370.0,6.943,29,,783,0,4,22,432,0.5693,870.2,0.0986,10,step_limit,0,725000,14991.3
726,1000,310.0,2.684,26,,956,0,3,13,317,0.6208,846.0,0.0636,4,step_limit,0,726000,15010.4
727,1000,230.0,-0.253,21,,889,0,2,9,479,0.5773,739.2,0.0968,5,step_limit,0,727000,15030.2
728,1000,320.0,2.927,27,,630,0,3,22,542,0.6298,826.1,0.1159,7,step_limit,0,728000,15049.7
729,1000,280.0,-4.167,23,,826,0,3,13,659,0.6657,922.1,0.1457,12,step_limit,0,729000,15069.7
730,1000,250.0,-6.939,23,,971,0,2,10,627,0.659,893.7,0.1427,11,step_limit,0,730000,15089.4
731,1000,310.0,-0.092,26,,933,0,3,14,548,0.6495,760.3,0.1275,9,step_limit,0,731000,15109.1
732,1000,240.0,-7.319,22,,944,0,2,9,700,0.6508,787.7,0.1548,7,step_limit,0,732000,15129.5
733,1000,290.0,-2.642,24,,726,0,3,13,470,0.6528,734.8,0.107,5,step_limit,0,733000,15149.5
734,1000,340.0,1.808,29,,862,0,3,14,453,0.6295,951.4,0.1038,4,step_limit,0,734000,15169.5
735,1000,270.0,2.635,25,,994,0,2,16,418,0.6577,763.8,0.0897,5,step_limit,0,735000,15188.6
736,1000,310.0,-3.761,26,,952,0,3,11,588,0.6322,939.3,0.1313,5,step_limit,0,736000,15208.8
737,1000,340.0,0.235,26,,885,0,4,8,544,0.6345,750.2,0.1238,10,step_limit,0,737000,15228.9
738,1000,350.0,-0.302,27,,937,0,4,10,619,0.631,826.4,0.1371,10,step_limit,0,738000,15247.6
739,1000,320.0,-12.534,27,,866,0,3,13,955,0.642,719.2,0.2303,29,step_limit,0,739000,15266.8
740,1000,400.0,6.464,32,,863,0,4,18,481,0.6458,884.8,0.1005,6,step_limit,0,740000,15287.5
741,1000,410.0,9.893,33,,873,0,4,16,350,0.6252,977.6,0.0749,6,step_limit,0,741000,15307.6
742,1000,290.0,4.527,27,,797,0,2,12,271,0.6128,753.3,0.0578,5,step_limit,0,742000,15327.8
743,1000,380.0,18.069,30,,997,0,4,17,223,0.586,811.0,0.0513,4,step_limit,0,743000,15347.2
744,1000,280.0,-0.552,23,,721,0,3,14,484,0.583,807.0,0.0944,9,step_limit,0,744000,15367.4
745,1000,310.0,4.216,29,,985,0,2,11,327,0.6102,719.2,0.068,6,step_limit,0,745000,15387.8
746,1000,320.0,-12.666,27,,830,0,3,11,911,0.611,861.6,0.2141,9,step_limit,0,746000,15408.9
747,1000,310.0,-4.323,26,,873,0,3,19,809,0.667,1018.1,0.1884,19,step_limit,0,747000,15429.1
748,1000,320.0,-0.301,27,,910,0,3,15,526,0.605,943.4,0.1192,9,step_limit,0,748000,15447.4
749,1000,350.0,2.536,27,,913,0,4,17,340,0.5785,956.4,0.0762,7,step_limit,0,749000,15466.4
750,1000,340.0,2.447,29,,953,0,3,15,554,0.6358,778.6,0.1304,14,step_limit,0,750000,15485.5
751,1000,370.0,2.706,29,,915,0,4,20,520,0.598,779.2,0.1204,10,step_limit,0,751000,15557.2
752,1000,350.0,10.976,30,,970,0,3,26,446,0.6308,867.4,0.0975,9,step_limit,0,752000,15576.4
753,1000,260.0,1.388,24,,883,0,2,13,596,0.6228,780.7,0.1366,8,step_limit,0,753000,15594.7
754,1000,330.0,-3.128,28,,989,0,3,12,517,0.6617,822.9,0.1176,7,step_limit,0,754000,15613.6
755,1000,280.0,2.501,26,,907,0,2,12,352,0.668,799.6,0.0772,3,step_limit,0,755000,15631.5
756,1000,270.0,-1.676,25,,833,0,2,13,615,0.639,818.1,0.1418,7,step_limit,0,756000,15650.3
757,1000,390.0,-1.682,31,,987,0,4,12,713,0.6452,811.6,0.1666,9,step_limit,0,757000,15666.8
758,1000,390.0,10.353,34,,984,0,3,18,383,0.5725,829.9,0.0837,5,step_limit,0,758000,15682.9
759,1000,360.0,8.972,28,,854,0,4,14,275,0.6292,709.8,0.0639,6,step_limit,0,759000,15698.1
760,1000,280.0,-2.009,26,,677,0,2,14,722,0.6122,724.2,0.1661,33,step_limit,0,760000,15714.1
761,1000,310.0,8.525,26,,896,0,3,19,374,0.6292,756.4,0.0833,6,step_limit,0,761000,15729.4
762,1000,390.0,8.067,31,,999,0,4,26,441,0.6395,755.9,0.0926,6,step_limit,0,762000,15745.3
763,1000,280.0,-1.984,26,,839,0,2,10,503,0.6392,770.8,0.0997,6,step_limit,0,763000,15761.1
764,1000,350.0,5.028,27,,920,0,4,20,558,0.617,724.4,0.1287,8,step_limit,0,764000,15777.2
765,1000,370.0,2.812,29,,706,0,4,17,443,0.545,832.3,0.1022,11,step_limit,0,765000,15792.4
766,1000,330.0,7.501,28,,922,0,3,15,470,0.652,791.7,0.0997,7,step_limit,0,766000,15807.1
767,1000,370.0,10.035,29,,918,0,4,22,419,0.6663,754.6,0.0916,6,step_limit,0,767000,15822.5
768,1000,290.0,-3.156,27,,921,0,2,8,606,0.6825,881.7,0.142,4,step_limit,0,768000,15837.6
769,1000,290.0,-4.702,27,,978,0,2,16,607,0.6415,754.6,0.141,21,step_limit,0,769000,15853.6
770,1000,380.0,11.35,30,,994,0,4,21,404,0.6182,741.2,0.0887,5,step_limit,0,770000,15869.4
771,1000,300.0,1.898,25,,960,0,3,16,520,0.642,836.3,0.1134,10,step_limit,0,771000,15885.1
772,1000,300.0,-6.669,28,,943,0,2,10,916,0.6575,875.3,0.2134,7,step_limit,0,772000,15901.7
773,1000,380.0,9.753,30,,933,0,4,16,352,0.6205,844.5,0.077,5,step_limit,0,773000,15917.6
774,1000,330.0,-5.135,28,,910,0,3,11,546,0.6152,899.4,0.1233,4,step_limit,0,774000,15934.5
775,1000,330.0,0.467,28,,996,0,3,17,547,0.6512,743.0,0.1255,4,step_limit,0,775000,15952.6
776,1000,430.0,3.757,32,,974,0,5,18,606,0.5933,959.5,0.1399,10,step_limit,0,776000,15970.1
777,1000,350.0,8.432,30,,886,0,3,20,355,0.6335,858.7,0.0718,4,step_limit,0,777000,15985.5
778,1000,350.0,2.4,30,,985,0,3,18,555,0.6352,907.2,0.1283,7,step_limit,0,778000,16002.2
779,1000,360.0,-2.27,28,,886,0,4,13,790,0.5975,767.9,0.1837,6,step_limit,0,779000,16018.5
780,1000,290.0,3.916,24,,839,0,3,20,344,0.6395,875.2,0.0641,6,step_limit,0,780000,16033.8
781,1000,330.0,-2.049,28,,706,0,3,13,549,0.6607,829.9,0.1255,8,step_limit,0,781000,16050.1
782,1000,340.0,3.59,29,,991,0,3,21,385,0.6322,832.4,0.0886,5,step_limit,0,782000,16065.6
783,1000,390.0,3.697,31,,978,0,4,17,344,0.6138,805.0,0.0715,4,step_limit,0,783000,16082.4
784,1000,310.0,0.476,26,,793,0,3,15,657,0.6288,834.5,0.1437,16,step_limit,0,784000,16100.4
785,1000,310.0,5.423,26,,973,0,3,16,538,0.5867,697.8,0.1189,6,step_limit,0,785000,16117.5
786,1000,310.0,-2.785,26,,756,0,3,18,635,0.6202,736.8,0.1474,10,step_limit,0,786000,16134.3
787,1000,290.0,-2.384,27,,980,0,2,15,798,0.6465,900.1,0.1887,33,step_limit,0,787000,16150.2
788,1000,370.0,8.827,29,,892,0,4,19,418,0.6255,908.9,0.0946,2,step_limit,0,788000,16167.3
789,1000,340.0,3.931,29,,913,0,3,14,671,0.607,759.3,0.1576,5,step_limit,0,789000,16183.4
790,1000,280.0,-6.927,26,,853,0,2,17,793,0.6285,788.1,0.1868,25,step_limit,0,790000,16199.0
791,1000,400.0,11.017,32,,857,0,4,22,501,0.6358,745.4,0.1148,7,step_limit,0,791000,16214.4
792,1000,300.0,-6.249,28,,718,0,2,14,841,0.637,875.4,0.2005,42,step_limit,0,792000,16231.2
793,1000,240.0,-12.442,22,,986,0,2,8,653,0.6643,856.3,0.1447,3,step_limit,0,793000,16247.4
794,1000,320.0,8.628,27,,960,0,3,33,476,0.6472,751.0,0.1076,5,step_limit,0,794000,16263.1
795,1000,360.0,7.831,31,,980,0,3,17,358,0.6255,804.6,0.0779,5,step_limit,0,795000,16279.5
796,1000,340.0,2.947,29,,893,0,3,15,360,0.6255,765.7,0.0842,3,step_limit,0,796000,16296.5
797,1000,340.0,4.336,29,,919,0,3,15,545,0.661,810.5,0.1239,6,step_limit,0,797000,16311.0
798,1000,340.0,-0.687,29,,987,0,3,17,573,0.6008,941.6,0.1361,14,step_limit,0,798000,16326.2
799,1000,260.0,-5.46,24,,645,0,2,15,685,0.667,860.2,0.1599,7,step_limit,0,799000,16341.6
800,1000,340.0,-2.667,29,,954,0,3,15,603,0.6175,942.7,0.1389,17,step_limit,0,800000,16353.8
801,1000,350.0,0.565,30,,987,0,3,14,579,0.6472,824.4,0.1379,4,step_limit,0,801000,16399.1
802,1000,380.0,4.778,30,,913,0,4,12,409,0.6552,907.1,0.0926,9,step_limit,0,802000,16411.2
803,1000,310.0,-0.169,29,,994,0,2,12,586,0.6392,827.5,0.1335,6,step_limit,0,803000,16423.2
804,1000,330.0,6.998,28,,876,0,3,14,390,0.641,804.9,0.0835,7,step_limit,0,804000,16435.6
805,1000,340.0,2.605,29,,787,0,3,21,538,0.6312,805.0,0.1193,5,step_limit,0,805000,16448.4
806,1000,390.0,4.611,31,,962,0,4,22,521,0.6118,948.8,0.1137,9,step_limit,0,806000,16461.0
807,1000,370.0,5.558,29,,971,0,4,21,504,0.6408,793.8,0.1166,6,step_limit,0,807000,16473.2
808,1000,310.0,2.158,26,,990,0,3,16,505,0.599,754.8,0.117,4,step_limit,0,808000,16485.7
809,1000,350.0,5.616,27,,997,0,4,18,483,0.6102,784.6,0.1033,7,step_limit,0,809000,16497.7
810,1000,250.0,-5.754,23,,979,0,2,13,665,0.6733,800.5,0.1424,8,step_limit,0,810000,16509.9
811,1000,260.0,4.185,24,,900,0,2,8,428,0.6627,741.4,0.0936,4,step_limit,0,811000,16522.1
812,1000,310.0,-0.091,29,,988,0,2,15,456,0.6502,842.1,0.1019,5,step_limit,0,812000,16534.2
813,1000,290.0,-8.235,27,,850,0,2,18,937,0.5755,790.7,0.2183,31,step_limit,0,813000,16546.5
814,1000,340.0,0.33,26,,946,0,4,19,611,0.6348,744.9,0.1289,10,step_limit,0,814000,16558.6
815,1000,320.0,7.378,27,,968,0,3,17,389,0.664,758.7,0.0803,3,step_limit,0,815000,16570.5
816,1000,340.0,7.671,29,,656,0,3,27,449,0.6005,815.9,0.1021,13,step_limit,0,816000,16582.6
817,1000,420.0,9.045,31,,902,0,5,22,513,0.5777,750.1,0.1201,6,step_limit,0,817000,16594.7
818,1000,340.0,-0.461,29,,971,0,3,14,477,0.593,831.4,0.1022,5,step_limit,0,818000,16607.1
819,1000,420.0,14.048,31,,994,0,5,24,298,0.6298,870.0,0.0615,3,step_limit,0,819000,16619.5
820,1000,360.0,7.4,31,,959,0,3,14,357,0.6478,950.8,0.0803,7,step_limit,0,820000,16632.3
821,1000,350.0,6.414,30,,998,0,3,13,491,0.659,785.2,0.1112,10,step_limit,0,821000,16644.9
822,1000,340.0,3.502,29,,956,0,3,13,464,0.6298,790.8,0.106,6,step_limit,0,822000,16657.4
823,1000,380.0,6.121,30,,966,0,4,17,393,0.627,931.2,0.0904,9,step_limit,0,823000,16670.2
824,1000,270.0,-7.849,25,,921,0,2,12,847,0.668,790.2,0.189,6,step_limit,0,824000,16683.5
825,1000,400.0,5.164,32,,999,0,4,15,493,0.6032,879.1,0.1189,9,step_limit,0,825000,16695.7
826,1000,340.0,2.457,29,,911,0,3,15,530,0.598,763.9,0.1114,4,step_limit,0,826000,16708.0
827,1000,380.0,2.042,33,,949,0,3,24,562,0.654,887.1,0.1332,12,step_limit,0,827000,16720.1
828,1000,320.0,-2.936,27,,921,0,3,12,459,0.6392,888.7,0.0992,14,step_limit,0,828000,16732.2
829,1000,400.0,12.167,29,,924,0,5,25,429,0.6132,756.7,0.0923,6,step_limit,0,829000,16744.7
830,1000,360.0,7.187,28,,998,0,4,16,268,0.6142,749.3,0.0578,3,step_limit,0,830000,16757.0
831,1000,310.0,-6.589,26,,972,0,3,12,804,0.6212,803.6,0.1817,10,step_limit,0,831000,16769.1
832,1000,400.0,5.146,32,,992,0,4,15,386,0.6055,787.4,0.0901,9,step_limit,0,832000,16780.8
833,1000,400.0,6.854,32,,859,0,4,15,370,0.629,742.0,0.0824,7,step_limit,0,833000,16792.3
834,1000,310.0,-1.102,26,,780,0,3,16,656,0.6458,883.7,0.1466,7,step_limit,0,834000,16804.1
835,1000,320.0,-13.328,27,,840,0,3,15,1151,0.6673,788.4,0.27,10,step_limit,0,835000,16816.2
836,1000,310.0,7.723,26,,927,0,3,13,331,0.6212,759.2,0.0701,3,step_limit,0,836000,16828.2
837,1000,320.0,-3.891,27,,909,0,3,14,670,0.6515,916.4,0.1508,7,step_limit,0,837000,16840.8
838,1000,300.0,2.137,28,,764,0,2,15,449,0.645,733.5,0.0976,5,step_limit,0,838000,16853.5
839,1000,340.0,4.471,26,,977,0,4,21,586,0.6165,732.8,0.1273,9,step_limit,0,839000,16866.1
840,1000,350.0,-1.844,30,,996,0,3,12,594,0.6422,772.2,0.1406,9,step_limit,0,840000,16878.7
841,1000,300.0,1.62,28,,938,0,2,23,581,0.6432,977.1,0.1324,8,step_limit,0,841000,16891.2
842,1000,320.0,-0.529,27,,865,0,3,18,624,0.6072,784.8,0.1392,6,step_limit,0,842000,16904.8
843,1000,330.0,6.646,28,,992,0,3,15,249,0.62,826.5,0.0536,4,step_limit,0,843000,16916.7
844,1000,370.0,-1.387,29,,822,0,4,12,390,0.6458,775.9,0.0891,7,step_limit,0,844000,16928.6
845,1000,310.0,5.22,26,,929,0,3,13,559,0.6653,857.0,0.1191,3,step_limit,0,845000,16941.0
846,1000,320.0,7.569,27,,968,0,3,10,361,0.5972,752.7,0.0808,4,step_limit,0,846000,16953.4
847,1000,320.0,6.695,27,,882,0,3,10,424,0.6378,833.8,0.0919,5,step_limit,0,847000,16966.8
848,1000,260.0,0.014,24,,831,0,2,12,419,0.5903,684.4,0.0898,4,step_limit,0,848000,16980.0
849,1000,340.0,2.39,29,,936,0,3,18,465,0.6585,804.8,0.1033,12,step_limit,0,849000,16993.2
850,1000,300.0,-7.471,25,,979,0,3,14,723,0.6042,858.0,0.1556,5,step_limit,0,850000,17005.8
851,1000,270.0,7.274,25,,927,0,2,12,359,0.6548,806.3,0.0791,11,step_limit,0,851000,17051.8
852,1000,300.0,-1.783,25,,811,0,3,11,581,0.6095,735.8,0.1293,4,step_limit,0,852000,17063.9
853,1000,330.0,2.354,28,,922,0,3,8,464,0.6225,782.1,0.107,6,step_limit,0,853000,17076.3
854,1000,350.0,3.446,27,,932,0,4,14,366,0.622,783.6,0.0777,4,step_limit,0,854000,17088.5
855,1000,250.0,3.178,23,,939,0,2,21,424,0.6142,757.0,0.0936,9,step_limit,0,855000,17101.0
856,1000,360.0,5.05,31,,977,0,3,20,419,0.6402,780.6,0.0874,4,step_limit,0,856000,17113.3
857,1000,320.0,0.452,27,,938,0,3,18,562,0.628,932.9,0.1257,8,step_limit,0,857000,17125.6
858,1000,330.0,5.288,28,,829,0,3,11,596,0.62,801.5,0.1314,12,step_limit,0,858000,17137.6
859,1000,340.0,-1.54,29,,911,0,3,14,497,0.621,878.2,0.103,7,step_limit,0,859000,17150.0
860,1000,360.0,10.19,28,,812,0,4,19,365,0.615,737.7,0.0788,6,step_limit,0,860000,17162.1
861,1000,340.0,3.831,26,,950,0,4,13,387,0.6128,793.5,0.0878,5,step_limit,0,861000,17174.3
862,1000,370.0,2.594,32,,754,0,3,14,520,0.6262,846.7,0.1236,5,step_limit,0,862000,17186.4
863,1000,240.0,-6.202,22,,875,0,2,10,602,0.6248,777.5,0.1362,15,step_limit,0,863000,17198.5
864,1000,330.0,2.771,28,,988,0,3,10,379,0.6478,826.9,0.0902,5,step_limit,0,864000,17211.1
865,1000,280.0,-4.586,26,,477,0,2,10,552,0.6382,719.9,0.1164,5,step_limit,0,865000,17223.9
866,1000,360.0,8.005,28,,934,0,4,15,388,0.6155,752.5,0.088,5,step_limit,0,866000,17235.8
867,1000,370.0,7.925,29,,806,0,4,13,401,0.6485,884.6,0.0845,3,step_limit,0,867000,17247.8
868,1000,340.0,6.713,29,,893,0,3,15,362,0.6392,789.6,0.078,3,step_limit,0,868000,17260.0
869,1000,360.0,5.869,31,,905,0,3,18,500,0.6528,851.1,0.118,8,step_limit,0,869000,17272.3
870,1000,310.0,-3.016,26,,918,0,3,15,705,0.608,760.3,0.159,9,step_limit,0,870000,17284.9
871,1000,340.0,2.291,29,,843,0,3,12,547,0.5952,848.3,0.1261,12,step_limit,0,871000,17297.9
872,1000,360.0,2.422,28,,927,0,4,19,551,0.663,872.8,0.1253,5,step_limit,0,872000,17310.8
873,1000,340.0,3.201,29,,960,0,3,18,506,0.6415,908.2,0.119,5,step_limit,0,873000,17323.7
874,1000,360.0,2.996,28,,974,0,4,16,511,0.6475,778.5,0.1158,9,step_limit,0,874000,17335.8
875,1000,310.0,-0.381,26,,882,0,3,15,597,0.6388,824.3,0.1283,5,step_limit,0,875000,17348.0
876,1000,270.0,4.684,25,,822,0,2,18,437,0.6032,789.3,0.0995,12,step_limit,0,876000,17361.6
877,1000,320.0,1.521,27,,824,0,3,13,455,0.632,962.5,0.0976,7,step_limit,0,877000,17374.3
878,1000,270.0,-0.676,25,,971,0,2,9,468,0.6312,794.5,0.1011,5,step_limit,0,878000,17386.6
879,1000,330.0,9.515,28,,831,0,3,14,316,0.6573,748.0,0.0718,8,step_limit,0,879000,17398.6
880,1000,290.0,-6.407,27,,902,0,2,14,870,0.6637,777.8,0.2003,6,step_limit,0,880000,17410.5
881,1000,340.0,-6.459,29,,895,0,3,17,905,0.6078,786.5,0.2152,11,step_limit,0,881000,17422.9
882,1000,320.0,9.771,27,,773,0,3,16,370,0.6162,763.2,0.0822,4,step_limit,0,882000,17435.3
883,1000,360.0,3.301,28,,943,0,4,16,386,0.629,815.3,0.0845,20,step_limit,0,883000,17447.4
884,1000,380.0,2.015,30,,994,0,4,14,514,0.6222,869.1,0.1215,7,step_limit,0,884000,17459.7
885,1000,270.0,5.078,25,,786,0,2,10,332,0.643,684.1,0.0686,10,step_limit,0,885000,17472.0
886,1000,380.0,7.333,33,,960,0,3,19,458,0.6455,862.7,0.0989,7,step_limit,0,886000,17484.5
887,1000,360.0,2.482,28,,882,0,4,24,494,0.6242,829.4,0.1068,6,step_limit,0,887000,17497.3
888,1000,270.0,2.727,25,,896,0,2,15,552,0.5992,807.5,0.1295,3,step_limit,0,888000,17509.7
889,1000,330.0,-1.017,28,,983,0,3,14,718,0.641,885.9,0.1672,8,step_limit,0,889000,17522.0
890,1000,360.0,2.602,31,,899,0,3,12,516,0.6485,796.4,0.1139,3,step_limit,0,890000,17534.9
891,1000,350.0,5.88,30,,909,0,3,16,425,0.6265,884.7,0.0924,9,step_limit,0,891000,17547.8
892,1000,310.0,-0.202,26,,868,0,3,13,366,0.6328,785.0,0.0776,9,step_limit,0,892000,17560.0
893,1000,280.0,1.708,26,,937,0,2,8,568,0.6428,889.0,0.128,6,step_limit,0,893000,17572.1
894,1000,240.0,2.944,22,,763,0,2,11,381,0.613,673.9,0.0777,4,step_limit,0,894000,17583.9
895,1000,410.0,9.719,33,,1000,0,4,16,421,0.6362,972.9,0.0962,10,step_limit,0,895000,17596.5
896,1000,290.0,-9.396,24,,903,0,3,9,705,0.6512,748.4,0.1582,7,step_limit,0,896000,17608.3
897,1000,290.0,1.283,27,,938,0,2,12,633,0.6717,879.8,0.1482,7,step_limit,0,897000,17620.0
898,1000,300.0,2.27,25,,985,0,3,12,306,0.6218,821.1,0.0661,4,step_limit,0,898000,17632.0
899,1000,320.0,1.056,30,,971,0,2,11,434,0.65,785.1,0.0924,4,step_limit,0,899000,17644.4
900,1000,330.0,6.887,28,,664,0,3,16,442,0.5988,779.4,0.0997,11,step_limit,0,900000,17655.8
901,1000,270.0,2.274,25,,949,0,2,10,343,0.622,725.0,0.0751,6,step_limit,0,901000,17700.6
902,1000,360.0,1.624,31,,734,0,3,19,656,0.6637,797.5,0.1533,10,step_limit,0,902000,17712.5
903,1000,300.0,-1.703,25,,844,0,3,13,566,0.5897,805.4,0.1272,11,step_limit,0,903000,17724.8
904,1000,360.0,4.679,28,,998,0,4,17,396,0.61,792.5,0.086,4,step_limit,0,904000,17736.8
905,1000,280.0,-13.216,26,,995,0,2,15,902,0.6713,756.4,0.2134,16,step_limit,0,905000,17749.4
906,1000,250.0,-1.233,23,,952,0,2,10,582,0.6693,865.0,0.1333,10,step_limit,0,906000,17761.5
907,1000,360.0,10.064,28,,952,0,4,12,240,0.5823,781.2,0.0473,6,step_limit,0,907000,17773.8
908,1000,390.0,5.524,31,,969,0,4,14,388,0.653,766.6,0.0811,7,step_limit,0,908000,17786.4
909,1000,340.0,5.297,29,,983,0,3,16,509,0.605,881.0,0.1141,6,step_limit,0,909000,17798.5
910,1000,340.0,5.658,29,,890,0,3,14,372,0.5775,715.8,0.0842,9,step_limit,0,910000,17810.6
911,1000,330.0,4.77,28,,726,0,3,16,425,0.5958,726.9,0.0921,6,step_limit,0,911000,17822.9
912,1000,420.0,10.987,34,,994,0,4,24,276,0.594,864.7,0.0588,8,step_limit,0,912000,17834.7
913,1000,330.0,3.012,28,,983,0,3,18,557,0.6255,733.6,0.1198,5,step_limit,0,913000,17847.0
914,1000,320.0,2.935,27,,761,0,3,14,374,0.6478,759.4,0.0803,4,step_limit,0,914000,17859.6
915,1000,240.0,-5.388,22,,995,0,2,11,695,0.6737,797.0,0.1463,6,step_limit,0,915000,17872.6
916,1000,280.0,0.808,26,,975,0,2,16,602,0.6803,857.4,0.1352,7,step_limit,0,916000,17885.4
917,1000,250.0,5.666,23,,1000,0,2,14,443,0.6565,752.1,0.0957,8,step_limit,0,917000,17897.8
918,1000,300.0,-3.233,25,,807,0,3,14,586,0.629,821.6,0.1347,18,step_limit,0,918000,17910.3
919,1000,330.0,-3.01,28,,844,0,3,18,745,0.6442,763.0,0.1762,9,step_limit,0,919000,17923.1
920,1000,350.0,2.061,27,,927,0,4,17,491,0.6535,810.0,0.107,6,step_limit,0,920000,17935.4
921,1000,380.0,10.692,30,,939,0,4,19,380,0.5773,739.1,0.0833,11,step_limit,0,921000,17947.6
922,1000,330.0,-6.17,28,,958,0,3,20,821,0.629,843.2,0.1962,7,step_limit,0,922000,17960.2
923,1000,270.0,-5.499,25,,983,0,2,11,568,0.65,809.8,0.1351,14,step_limit,0,923000,17972.7
924,1000,370.0,4.442,29,,973,0,4,12,447,0.6265,758.6,0.0948,11,step_limit,0,924000,17985.1
925,1000,370.0,7.99,29,,889,0,4,15,406,0.5917,763.8,0.0866,3,step_limit,0,925000,17997.2
926,1000,370.0,7.37,29,,999,0,4,16,423,0.652,791.9,0.0921,9,step_limit,0,926000,18009.6
927,1000,370.0,0.57,29,,894,0,4,16,524,0.633,780.0,0.1131,7,step_limit,0,927000,18021.7
928,1000,340.0,3.93,29,,927,0,3,14,406,0.6362,852.8,0.0829,8,step_limit,0,928000,18034.0
929,1000,200.0,0.183,21,,913,0,1,7,364,0.6475,728.4,0.0738,2,step_limit,0,929000,18046.5
930,1000,300.0,3.182,28,,755,0,2,14,318,0.6408,734.4,0.07,3,step_limit,0,930000,18058.8
931,1000,330.0,-2.549,28,,917,0,3,11,723,0.6673,951.2,0.1664,13,step_limit,0,931000,18072.2
932,1000,360.0,6.899,31,,939,0,3,16,573,0.6603,890.8,0.1391,6,step_limit,0,932000,18085.2
933,1000,300.0,-13.767,25,,978,0,3,11,874,0.629,712.6,0.1995,10,step_limit,0,933000,18098.3
934,1000,280.0,-3.52,26,,699,0,2,10,484,0.592,672.1,0.0997,9,step_limit,0,934000,18110.8
935,1000,350.0,4.829,30,,933,0,3,14,422,0.61,802.4,0.0951,10,step_limit,0,935000,18123.0
936,1000,340.0,9.624,29,,853,0,3,18,356,0.6055,795.1,0.0758,5,step_limit,0,936000,18135.5
937,1000,390.0,-3.609,31,,896,0,4,15,682,0.6315,874.0,0.1649,5,step_limit,0,937000,18147.9
938,1000,350.0,5.003,30,,900,0,3,19,508,0.662,892.9,0.1185,4,step_limit,0,938000,18159.8
939,1000,330.0,0.106,28,,764,0,3,17,501,0.62,739.4,0.1,5,step_limit,0,939000,18171.8
940,1000,370.0,1.304,29,,766,0,4,17,602,0.629,892.7,0.1477,6,step_limit,0,940000,18183.9
941,1000,300.0,1.507,25,,998,0,3,7,400,0.6442,723.0,0.084,5,step_limit,0,941000,18195.9
942,1000,320.0,2.339,27,,986,0,3,15,518,0.6392,775.0,0.1254,4,step_limit,0,942000,18207.8
943,1000,350.0,5.511,27,,702,0,4,16,448,0.594,718.2,0.1033,5,step_limit,0,943000,18219.6
944,1000,360.0,4.737,28,,888,0,4,22,583,0.606,730.5,0.1326,6,step_limit,0,944000,18232.1
945,1000,380.0,3.386,33,,959,0,3,19,520,0.66,810.6,0.1124,7,step_limit,0,945000,18244.4
946,1000,360.0,-0.787,31,,916,0,3,14,456,0.596,829.6,0.1063,5,step_limit,0,946000,18256.6
947,1000,300.0,-2.516,28,,868,0,2,14,561,0.6398,949.7,0.1186,5,step_limit,0,947000,18268.7
948,1000,390.0,-2.665,31,,798,0,4,15,860,0.6168,816.4,0.2121,7,step_limit,0,948000,18280.8
949,1000,300.0,-1.34,25,,817,0,3,12,474,0.6525,735.0,0.0987,4,step_limit,0,949000,18293.5
950,1000,390.0,2.401,31,,985,0,4,16,617,0.5807,808.3,0.1395,6,step_limit,0,950000,18305.5
951,1000,270.0,1.913,25,,678,0,2,15,363,0.6685,695.0,0.0772,5,step_limit,0,951000,18349.9
952,1000,260.0,-1.601,24,,684,0,2,9,429,0.6877,731.9,0.0911,13,step_limit,0,952000,18363.1
953,1000,340.0,8.955,29,,973,0,3,17,421,0.6478,863.2,0.0921,9,step_limit,0,953000,18375.4
954,1000,310.0,-5.065,26,,859,0,3,14,610,0.6305,755.6,0.1429,7,step_limit,0,954000,18388.0
955,1000,290.0,-8.837,27,,943,0,2,13,927,0.668,922.6,0.217,14,step_limit,0,955000,18400.9
956,1000,350.0,2.982,30,,881,0,3,22,609,0.6198,766.8,0.1398,10,step_limit,0,956000,18413.8
957,1000,360.0,7.914,31,,992,0,3,14,374,0.6155,959.4,0.0792,3,step_limit,0,957000,18426.3
958,1000,360.0,10.588,28,,949,0,4,19,294,0.592,995.5,0.0582,7,step_limit,0,958000,18438.6
959,1000,250.0,-1.589,23,,916,0,2,15,547,0.591,840.6,0.1203,9,step_limit,0,959000,18450.9
960,1000,400.0,6.277,29,,972,0,5,19,396,0.6048,711.0,0.0822,10,step_limit,0,960000,18463.3
961,1000,270.0,2.176,25,,870,0,2,17,437,0.6535,739.9,0.0989,4,step_limit,0,961000,18475.2
962,1000,340.0,-0.339,29,,747,0,3,11,460,0.6508,769.3,0.1038,7,step_limit,0,962000,18487.6
963,1000,340.0,11.294,29,,894,0,3,15,336,0.6468,774.3,0.0709,7,step_limit,0,963000,18499.4
964,1000,270.0,-1.626,22,,826,0,3,18,496,0.6375,715.2,0.108,5,step_limit,0,964000,18511.4
965,1000,250.0,-7.789,23,,769,0,2,17,721,0.6258,668.1,0.176,37,step_limit,0,965000,18523.7
966,1000,330.0,13.028,25,,839,0,4,20,370,0.6418,735.1,0.0827,7,step_limit,0,966000,18535.8
967,1000,350.0,-0.862,30,,929,0,3,11,535,0.6248,856.9,0.1281,9,step_limit,0,967000,18547.9
968,1000,340.0,7.378,29,,934,0,3,16,458,0.644,802.3,0.0989,3,step_limit,0,968000,18560.3
969,1000,260.0,-0.804,24,,848,0,2,9,509,0.6265,788.9,0.107,4,step_limit,0,969000,18572.6
970,1000,320.0,-9.906,27,,999,0,3,11,877,0.6587,986.7,0.2028,18,step_limit,0,970000,18585.6
971,1000,220.0,2.968,23,,989,0,1,11,416,0.6288,921.9,0.0888,11,step_limit,0,971000,18597.4
972,1000,360.0,-1.334,31,,984,0,3,14,787,0.6637,932.3,0.1833,10,step_limit,0,972000,18610.2
973,1000,290.0,-2.915,24,,749,0,3,14,689,0.6378,811.0,0.1453,9,step_limit,0,973000,18623.5
974,1000,260.0,7.552,24,,959,0,2,18,316,0.6653,750.8,0.0647,5,step_limit,0,974000,18635.8
975,1000,300.0,-4.98,28,,771,0,2,15,771,0.669,962.0,0.1751,5,step_limit,0,975000,18648.3
976,1000,300.0,5.493,25,,935,0,3,16,515,0.6285,674.1,0.1097,2,step_limit,0,976000,18660.1
977,1000,260.0,-8.894,24,,911,0,2,7,490,0.678,732.1,0.1152,5,step_limit,0,977000,18672.1
978,1000,320.0,6.325,27,,981,0,3,14,376,0.651,785.7,0.0841,3,step_limit,0,978000,18684.9
979,1000,310.0,1.916,26,,937,0,3,13,566,0.6372,755.2,0.1232,22,step_limit,0,979000,18697.3
980,1000,290.0,2.063,27,,854,0,2,17,432,0.6448,819.1,0.0914,5,step_limit,0,980000,18710.5
981,1000,330.0,-8.835,28,,890,0,3,11,911,0.6647,988.4,0.2228,35,step_limit,0,981000,18723.6
982,1000,300.0,1.098,28,,937,0,2,11,377,0.6395,811.4,0.077,8,step_limit,0,982000,18736.1
983,1000,360.0,0.392,31,,912,0,3,19,627,0.6102,769.9,0.1454,5,step_limit,0,983000,18748.2
984,1000,350.0,-16.275,30,,980,0,3,17,1140,0.6465,1018.4,0.2899,13,step_limit,0,984000,18760.5
985,1000,310.0,8.059,29,,956,0,2,20,316,0.6088,710.6,0.0686,4,step_limit,0,985000,18772.7
986,1000,280.0,-7.306,23,,767,0,3,12,715,0.6245,748.1,0.1668,7,step_limit,0,986000,18784.9
987,1000,370.0,9.961,29,,962,0,4,15,239,0.6405,743.7,0.0501,6,step_limit,0,987000,18797.6
988,1000,280.0,4.342,26,,697,0,2,11,209,0.5985,728.7,0.039,4,step_limit,0,988000,18810.4
989,1000,320.0,-2.049,27,,916,0,3,20,608,0.6172,785.5,0.1416,10,step_limit,0,989000,18822.8
990,1000,310.0,5.486,26,,998,0,3,13,376,0.5857,727.7,0.0772,9,step_limit,0,990000,18835.2
991,1000,320.0,-5.023,27,,817,0,3,15,767,0.5577,850.8,0.183,21,step_limit,0,991000,18847.5
992,1000,390.0,2.357,31,,859,0,4,14,465,0.6288,841.0,0.1077,3,step_limit,0,992000,18859.8
993,1000,300.0,-10.85,25,,626,0,3,14,1003,0.663,1039.0,0.2301,14,step_limit,0,993000,18872.6
994,1000,380.0,6.662,33,,890,0,3,14,401,0.5867,774.1,0.0887,4,step_limit,0,994000,18884.7
995,1000,290.0,2.929,27,,823,0,2,16,506,0.645,830.8,0.1162,4,step_limit,0,995000,18897.2
996,1000,390.0,2.352,31,,925,0,4,20,543,0.6552,824.5,0.1255,7,step_limit,0,996000,18909.7
997,1000,380.0,-2.133,30,,950,0,4,17,695,0.6408,884.7,0.1631,10,step_limit,0,997000,18922.3
998,1000,270.0,5.52,25,,890,0,2,13,424,0.6135,685.4,0.0928,7,step_limit,0,998000,18934.2
999,1000,320.0,-4.335,27,,799,0,3,15,671,0.6455,943.3,0.1411,10,step_limit,0,999000,18946.7
1000,1000,260.0,6.844,24,,977,0,2,13,424,0.634,881.2,0.085,6,step_limit,0,1000000,18959.2
1001,1000,340.0,3.789,29,,973,0,3,16,614,0.6428,716.2,0.1356,8,step_limit,0,1001000,19004.4
1002,1000,270.0,-12.504,25,,940,0,2,12,896,0.6615,762.6,0.2076,24,step_limit,0,1002000,19017.1
1003,1000,260.0,-6.549,24,,863,0,2,12,749,0.6442,792.9,0.1799,11,step_limit,0,1003000,19029.7
1004,1000,270.0,-4.337,25,,826,0,2,11,632,0.6255,862.7,0.1362,7,step_limit,0,1004000,19042.3
1005,1000,300.0,-1.653,28,,950,0,2,15,594,0.6218,843.8,0.1327,26,step_limit,0,1005000,19055.3
1006,1000,320.0,5.591,27,,974,0,3,15,450,0.5817,755.7,0.1003,10,step_limit,0,1006000,19067.9
1007,1000,320.0,5.79,27,,961,0,3,17,327,0.6562,793.3,0.0724,10,step_limit,0,1007000,19079.8
1008,1000,360.0,3.147,28,,879,0,4,17,543,0.5837,885.7,0.125,4,step_limit,0,1008000,19092.2
1009,1000,290.0,-12.418,27,,815,0,2,13,921,0.6657,863.2,0.2181,19,step_limit,0,1009000,19105.3
1010,1000,220.0,-9.933,20,,494,0,2,13,644,0.6775,758.8,0.1407,7,step_limit,0,1010000,19118.2
1011,1000,280.0,1.965,26,,736,0,2,16,379,0.6232,749.2,0.0815,7,step_limit,0,1011000,19131.1
1012,1000,350.0,6.034,30,,957,0,3,18,528,0.6202,802.9,0.1196,4,step_limit,0,1012000,19143.9
1013,1000,250.0,6.077,23,,766,0,2,14,308,0.6235,717.7,0.0624,4,step_limit,0,1013000,19157.0
1014,1000,370.0,7.424,29,,917,0,4,17,473,0.6372,775.2,0.1052,9,step_limit,0,1014000,19169.1
1015,1000,270.0,-7.118,25,,780,0,2,5,577,0.675,738.8,0.1288,6,step_limit,0,1015000,19181.5
1016,1000,440.0,13.016,33,,992,0,5,14,346,0.6148,871.3,0.0707,12,step_limit,0,1016000,19193.3
1017,1000,280.0,-3.482,26,,994,0,2,10,647,0.6525,732.7,0.1447,10,step_limit,0,1017000,19205.6
1018,1000,330.0,-6.72,28,,984,0,3,17,781,0.603,1023.1,0.1802,16,step_limit,0,1018000,19218.0
1019,1000,280.0,-10.233,26,,937,0,2,15,804,0.664,900.2,0.1874,10,step_limit,0,1019000,19230.8
1020,1000,360.0,-3.606,25,,805,0,5,13,740,0.6492,797.7,0.1702,10,step_limit,0,1020000,19243.0
1021,1000,310.0,8.25,26,,996,0,3,12,311,0.583,800.1,0.0675,3,step_limit,0,1021000,19254.8
1022,1000,340.0,3.8,29,,831,0,3,13,400,0.562,884.7,0.091,3,step_limit,0,1022000,19266.8
1023,1000,340.0,-0.523,29,,929,0,3,13,520,0.649,881.7,0.1223,5,step_limit,0,1023000,19278.6
1024,1000,280.0,4.411,26,,901,0,2,14,433,0.6613,778.9,0.0944,4,step_limit,0,1024000,19290.6
1025,1000,330.0,4.074,28,,1000,0,3,12,403,0.629,749.7,0.0886,4,step_limit,0,1025000,19302.8
1026,1000,280.0,6.526,26,,921,0,2,7,300,0.6252,680.2,0.0597,2,step_limit,0,1026000,19315.0
1027,1000,290.0,5.215,24,,860,0,3,16,495,0.634,811.8,0.1046,5,step_limit,0,1027000,19327.1
1028,1000,270.0,-8.626,25,,921,0,2,11,800,0.668,885.1,0.1804,7,step_limit,0,1028000,19339.4
1029,1000,330.0,8.644,28,,938,0,3,13,250,0.5555,749.0,0.0523,5,step_limit,0,1029000,19351.5
1030,1000,310.0,8.124,26,,982,0,3,16,313,0.64,790.8,0.0685,4,step_limit,0,1030000,19363.7
1031,1000,250.0,-2.806,23,,669,0,2,9,516,0.5315,719.4,0.1189,10,step_limit,0,1031000,19375.6
1032,1000,290.0,7.77,27,,916,0,2,16,270,0.6468,737.3,0.058,8,step_limit,0,1032000,19387.9
1033,1000,380.0,4.75,30,,977,0,4,13,440,0.5707,768.5,0.0978,8,step_limit,0,1033000,19399.9
1034,1000,230.0,-2.578,21,,935,0,2,11,648,0.6282,800.9,0.1536,4,step_limit,0,1034000,19412.0
1035,1000,330.0,-3.07,28,,942,0,3,12,656,0.6445,914.4,0.1547,6,step_limit,0,1035000,19424.4
1036,1000,360.0,0.036,31,,946,0,3,15,647,0.6605,869.9,0.153,10,step_limit,0,1036000,19436.1
1037,1000,290.0,-4.088,24,,694,0,3,19,612,0.643,804.3,0.1327,10,step_limit,0,1037000,19449.0
1038,1000,300.0,3.51,25,,942,0,3,14,338,0.6015,748.6,0.0728,6,step_limit,0,1038000,19461.3
1039,1000,310.0,2.963,26,,529,0,3,20,502,0.627,768.9,0.1057,6,step_limit,0,1039000,19473.8
1040,1000,340.0,3.625,29,,984,0,3,12,434,0.6462,870.2,0.1014,3,step_limit,0,1040000,19485.8
1041,1000,320.0,1.017,24,,984,0,4,14,405,0.6068,720.5,0.0815,8,step_limit,0,1041000,19498.5
1042,1000,330.0,-0.975,28,,970,0,3,12,469,0.6422,805.7,0.1033,7,step_limit,0,1042000,19511.2
1043,1000,200.0,1.934,21,,950,0,1,11,394,0.679,775.0,0.0886,5,step_limit,0,1043000,19523.9
1044,1000,350.0,-1.464,27,,962,0,4,21,673,0.5992,806.5,0.1588,8,step_limit,0,1044000,19536.8
1045,1000,250.0,-7.145,23,,988,0,2,9,765,0.6478,777.2,0.1728,7,step_limit,0,1045000,19549.5
1046,1000,230.0,2.283,24,,685,0,1,10,322,0.4825,768.8,0.0704,7,step_limit,0,1046000,19562.2
1047,1000,310.0,1.537,26,,984,0,3,19,609,0.6202,707.7,0.1466,19,step_limit,0,1047000,19574.1
1048,1000,330.0,-2.474,28,,943,0,3,15,701,0.5988,829.7,0.1596,7,step_limit,0,1048000,19586.5
1049,1000,330.0,3.096,28,,807,0,3,13,478,0.6202,746.3,0.1163,4,step_limit,0,1049000,19598.9
1050,1000,350.0,4.692,30,,743,0,3,16,501,0.6,849.4,0.115,8,step_limit,0,1050000,19611.4
1051,1000,270.0,5.734,25,,952,0,2,12,362,0.6693,808.4,0.0783,3,step_limit,0,1051000,19658.6
1052,1000,350.0,-1.684,27,,953,0,4,13,579,0.5753,710.2,0.1379,10,step_limit,0,1052000,19671.2
1053,1000,300.0,-2.485,28,,878,0,2,13,725,0.681,863.6,0.1732,9,step_limit,0,1053000,19683.3
1054,1000,340.0,1.225,29,,945,0,3,19,659,0.6425,824.9,0.1457,9,step_limit,0,1054000,19695.5
1055,1000,290.0,5.297,27,,818,0,2,15,281,0.6422,822.6,0.058,8,step_limit,0,1055000,19707.2
1056,1000,230.0,-0.069,21,,860,0,2,17,614,0.6448,749.9,0.135,4,step_limit,0,1056000,19719.5
1057,1000,270.0,1.183,25,,712,0,2,12,497,0.656,753.5,0.1191,24,step_limit,0,1057000,19731.6
1058,1000,300.0,10.568,25,,798,0,3,15,324,0.6252,795.0,0.0648,3,step_limit,0,1058000,19743.6
1059,1000,360.0,3.258,28,,978,0,4,16,518,0.603,816.9,0.1185,10,step_limit,0,1059000,19755.9
1060,1000,340.0,10.791,29,,818,0,3,12,370,0.6382,787.5,0.0747,4,step_limit,0,1060000,19768.1
1061,1000,300.0,-6.494,25,,831,0,3,11,674,0.588,855.1,0.1492,10,step_limit,0,1061000,19780.6
1062,1000,300.0,-3.084,25,,974,0,3,18,523,0.6282,762.6,0.1231,3,step_limit,0,1062000,19793.4
1063,1000,370.0,-2.61,29,,974,0,4,18,779,0.6115,1008.7,0.1779,7,step_limit,0,1063000,19806.2
1064,1000,380.0,2.3,30,,989,0,4,13,444,0.6442,829.3,0.094,4,step_limit,0,1064000,19819.0
1065,1000,340.0,6.045,29,,884,0,3,17,453,0.6607,757.8,0.0992,9,step_limit,0,1065000,19831.5
1066,1000,250.0,-18.812,23,,931,0,2,10,1110,0.5923,712.1,0.2635,39,step_limit,0,1066000,19843.8
1067,1000,370.0,-0.293,26,,841,0,5,21,504,0.6002,802.6,0.1203,7,step_limit,0,1067000,19856.0
1068,1000,370.0,-2.569,29,,916,0,4,20,544,0.6158,827.5,0.1248,5,step_limit,0,1068000,19868.3
1069,1000,330.0,-0.673,28,,949,0,3,14,555,0.665,754.8,0.1257,7,step_limit,0,1069000,19880.5
1070,1000,260.0,3.726,24,,959,0,2,16,487,0.6575,815.9,0.1088,4,step_limit,0,1070000,19892.7
1071,1000,330.0,-5.051,28,,661,0,3,15,668,0.6342,783.6,0.1499,6,step_limit,0,1071000,19905.2
1072,1000,330.0,-1.768,28,,862,0,3,12,664,0.6647,809.5,0.1545,8,step_limit,0,1072000,19917.8
1073,1000,240.0,-6.28,22,,961,0,2,10,470,0.6342,703.1,0.0995,10,step_limit,0,1073000,19930.1
1074,1000,220.0,-8.758,23,,986,0,1,13,707,0.6088,636.8,0.1604,10,step_limit,0,1074000,19942.7
1075,1000,250.0,2.974,23,,997,0,2,12,453,0.679,728.9,0.1054,8,step_limit,0,1075000,19954.7
1076,1000,240.0,0.93,22,,646,0,2,11,470,0.6438,784.7,0.1093,8,step_limit,0,1076000,19966.7
1077,1000,320.0,1.324,30,,983,0,2,12,475,0.6575,888.6,0.1101,6,step_limit,0,1077000,19978.7
1078,1000,350.0,1.741,27,,991,0,4,17,526,0.5823,934.3,0.1187,14,step_limit,0,1078000,19990.6
1079,1000,380.0,1.866,30,,940,0,4,18,592,0.6118,873.1,0.1415,9,step_limit,0,1079000,20002.9
1080,1000,350.0,5.269,30,,979,0,3,13,435,0.657,773.6,0.1019,3,step_limit,0,1080000,20015.0
1081,1000,380.0,9.211,30,,968,0,4,18,470,0.616,813.4,0.1025,5,step_limit,0,1081000,20027.6
1082,1000,330.0,8.132,28,,872,0,3,15,401,0.6322,834.8,0.0859,11,step_limit,0,1082000,20040.0
1083,1000,290.0,3.002,27,,713,0,2,16,390,0.5927,796.4,0.0868,7,step_limit,0,1083000,20052.6
1084,1000,300.0,3.023,22,,713,0,4,13,601,0.579,794.9,0.1313,6,step_limit,0,1084000,20065.4
1085,1000,300.0,2.925,25,,987,0,3,17,615,0.612,841.1,0.1406,20,step_limit,0,1085000,20078.6
1086,1000,250.0,-5.28,23,,924,0,2,11,692,0.673,694.3,0.1635,7,step_limit,0,1086000,20091.2
1087,1000,390.0,0.984,31,,859,0,4,24,727,0.6328,953.5,0.1742,10,step_limit,0,1087000,20104.6
1088,1000,370.0,15.022,29,,998,0,4,19,405,0.6272,803.7,0.0889,7,step_limit,0,1088000,20117.7
1089,1000,300.0,5.219,25,,912,0,3,19,457,0.6222,762.1,0.1067,3,step_limit,0,1089000,20131.0
1090,1000,350.0,-1.343,27,,997,0,4,14,602,0.6372,697.0,0.1196,10,step_limit,0,1090000,20143.9
1091,1000,340.0,-2.506,29,,745,0,3,16,603,0.6587,697.4,0.1435,5,step_limit,0,1091000,20156.9
1092,1000,350.0,1.707,30,,924,0,3,15,546,0.6325,899.2,0.1204,13,step_limit,0,1092000,20169.7
1093,1000,230.0,-2.315,24,,942,0,1,12,538,0.6462,729.2,0.1253,10,step_limit,0,1093000,20182.6
1094,1000,340.0,3.586,29,,931,0,3,14,557,0.6395,806.4,0.1288,7,step_limit,0,1094000,20195.1
1095,1000,340.0,-3.384,29,,852,0,3,16,777,0.6485,933.5,0.1842,7,step_limit,0,1095000,20207.1
1096,1000,310.0,2.442,26,,921,0,3,9,401,0.6282,782.0,0.0857,4,step_limit,0,1096000,20219.3
1097,1000,210.0,-10.208,19,,871,0,2,10,733,0.5627,725.1,0.1549,5,step_limit,0,1097000,20231.8
1098,1000,330.0,1.798,28,,947,0,3,16,470,0.6603,827.2,0.0965,4,step_limit,0,1098000,20243.9
1099,1000,320.0,5.324,27,,956,0,3,13,494,0.61,766.2,0.1151,11,step_limit,0,1099000,20255.6
1100,1000,360.0,-4.546,28,,842,0,4,12,634,0.6603,785.3,0.1446,6,step_limit,0,1100000,20267.9
1101,1000,310.0,2.157,26,,970,0,3,12,711,0.6232,750.2,0.158,4,step_limit,0,1101000,20313.5
1102,1000,340.0,-2.702,29,,873,0,3,15,768,0.6452,852.7,0.1734,17,step_limit,0,1102000,20325.7
1103,1000,370.0,7.756,29,,931,0,4,14,393,0.6275,752.5,0.0847,5,step_limit,0,1103000,20338.2
1104,1000,330.0,6.085,28,,919,0,3,12,440,0.6135,924.6,0.0951,9,step_limit,0,1104000,20350.5
1105,1000,300.0,3.83,28,,928,0,2,12,307,0.6385,802.2,0.0624,7,step_limit,0,1105000,20362.4
1106,1000,450.0,5.508,31,,763,0,6,20,522,0.5647,861.0,0.1152,12,step_limit,0,1106000,20375.1
1107,1000,330.0,-6.102,28,,784,0,3,17,642,0.6655,804.2,0.1496,12,step_limit,0,1107000,20387.5
1108,1000,380.0,-2.874,30,,850,0,4,19,577,0.6042,927.7,0.124,13,step_limit,0,1108000,20399.9
1109,1000,310.0,-3.708,26,,978,0,3,16,773,0.6528,777.2,0.1827,15,step_limit,0,1109000,20411.4
1110,1000,340.0,-0.629,29,,860,0,3,15,535,0.627,860.8,0.12,5,step_limit,0,1110000,20423.7
1111,1000,350.0,6.234,30,,996,0,3,13,445,0.6368,785.1,0.1036,4,step_limit,0,1111000,20436.0
1112,1000,240.0,-10.696,22,,622,0,2,12,831,0.6415,955.6,0.184,6,step_limit,0,1112000,20449.5
1113,1000,270.0,4.902,25,,749,0,2,8,225,0.633,777.3,0.0434,2,step_limit,0,1113000,20463.0
1114,1000,310.0,-7.46,26,,926,0,3,9,691,0.6532,874.1,0.1569,6,step_limit,0,1114000,20475.2
1115,1000,330.0,2.151,28,,851,0,3,18,470,0.6587,739.1,0.1084,5,step_limit,0,1115000,20487.2
1116,1000,340.0,2.871,29,,808,0,3,19,652,0.6175,753.1,0.147,8,step_limit,0,1116000,20499.5
1117,1000,290.0,5.384,24,,998,0,3,13,315,0.6435,709.9,0.0655,4,step_limit,0,1117000,20512.0
1118,1000,370.0,6.48,29,,976,0,4,18,520,0.619,806.9,0.1158,9,step_limit,0,1118000,20524.7
1119,1000,360.0,5.136,31,,923,0,3,15,456,0.6365,876.7,0.1049,6,step_limit,0,1119000,20536.8
1120,1000,330.0,-2.878,28,,900,0,3,14,623,0.653,771.8,0.1455,7,step_limit,0,1120000,20548.8
1121,1000,260.0,-7.533,24,,886,0,2,13,830,0.6315,840.2,0.2035,10,step_limit,0,1121000,20561.1
1122,1000,310.0,2.097,26,,994,0,3,18,426,0.6318,777.0,0.0921,10,step_limit,0,1122000,20573.1
1123,1000,310.0,1.9,23,,709,0,4,12,540,0.6438,804.0,0.1268,10,step_limit,0,1123000,20585.2
1124,1000,310.0,-0.07,26,,767,0,3,11,534,0.6175,735.1,0.1183,9,step_limit,0,1124000,20597.3
1125,1000,400.0,-1.707,32,,868,0,4,21,788,0.6422,828.3,0.1832,14,step_limit,0,1125000,20609.3
1126,1000,300.0,-5.175,28,,961,0,2,16,580,0.6418,778.5,0.1397,10,step_limit,0,1126000,20621.6
1127,1000,360.0,10.706,28,,980,0,4,19,478,0.6235,845.9,0.1125,11,step_limit,0,1127000,20633.2
1128,1000,360.0,-2.608,31,,947,0,3,18,714,0.6577,832.0,0.1719,8,step_limit,0,1128000,20645.3
1129,1000,300.0,2.344,25,,987,0,3,11,516,0.6345,786.3,0.1177,9,step_limit,0,1129000,20657.6
1130,1000,270.0,-11.071,25,,985,0,2,8,981,0.6723,799.5,0.2233,11,step_limit,0,1130000,20670.2
1131,1000,350.0,6.348,27,,788,0,4,21,399,0.6108,745.5,0.0924,4,step_limit,0,1131000,20683.3
1132,1000,290.0,7.975,24,,1000,0,3,17,374,0.6448,794.8,0.0805,7,step_limit,0,1132000,20696.1
1133,1000,310.0,8.067,26,,916,0,3,13,352,0.6052,775.1,0.0755,3,step_limit,0,1133000,20708.6
1134,1000,320.0,6.434,27,,926,0,3,15,399,0.6035,767.1,0.0889,5,step_limit,0,1134000,20720.7
1135,1000,280.0,-1.499,26,,681,0,2,14,533,0.6298,793.4,0.1169,11,step_limit,0,1135000,20732.7
1136,1000,300.0,1.636,28,,690,0,2,22,397,0.6385,867.8,0.0933,8,step_limit,0,1136000,20745.2
1137,1000,350.0,-1.293,30,,913,0,3,20,554,0.6378,949.3,0.1309,12,step_limit,0,1137000,20757.5
1138,1000,350.0,-7.691,30,,791,0,3,18,846,0.648,787.7,0.2046,18,step_limit,0,1138000,20768.9
1139,1000,430.0,7.424,32,,834,0,5,20,594,0.6108,800.4,0.1353,6,step_limit,0,1139000,20781.1
1140,1000,380.0,8.043,33,,974,0,3,18,455,0.619,869.9,0.1063,15,step_limit,0,1140000,20793.5
1141,1000,410.0,3.302,30,,900,0,5,18,610,0.628,856.9,0.1362,9,step_limit,0,1141000,20805.5
1142,1000,240.0,-15.546,22,,493,0,2,13,1154,0.636,770.6,0.2739,15,step_limit,0,1142000,20818.0
1143,1000,350.0,8.108,30,,982,0,3,20,397,0.6105,860.8,0.0894,4,step_limit,0,1143000,20830.4
1144,1000,350.0,3.565,30,,970,0,3,18,401,0.6418,703.3,0.0853,13,step_limit,0,1144000,20842.5
1145,1000,220.0,-7.051,23,,997,0,1,12,585,0.6895,853.3,0.1226,7,step_limit,0,1145000,20855.1
1146,1000,390.0,-0.898,31,,913,0,4,15,686,0.6112,883.2,0.1699,27,step_limit,0,1146000,20867.5
1147,1000,380.0,-3.454,30,,938,0,4,17,641,0.6205,858.2,0.1525,9,step_limit,0,1147000,20879.9
1148,1000,370.0,9.305,29,,959,0,4,15,400,0.6082,767.9,0.0854,10,step_limit,0,1148000,20892.4
1149,1000,360.0,5.46,31,,708,0,3,16,426,0.6015,825.6,0.0883,8,step_limit,0,1149000,20904.6
1150,1000,240.0,0.737,22,,982,0,2,9,513,0.661,859.2,0.1082,7,step_limit,0,1150000,20917.2
1151,1000,360.0,6.502,31,,950,0,3,20,511,0.653,923.4,0.115,11,step_limit,0,1151000,20962.0
1152,1000,310.0,8.197,29,,995,0,2,16,345,0.6535,741.0,0.0782,4,step_limit,0,1152000,20974.5
1153,1000,340.0,-0.548,29,,944,0,3,14,687,0.6265,906.1,0.156,21,step_limit,0,1153000,20986.8
1154,1000,350.0,5.271,30,,977,0,3,14,546,0.6458,893.3,0.1292,11,step_limit,0,1154000,20998.8
1155,1000,370.0,3.553,29,,907,0,4,19,413,0.6048,765.2,0.0866,10,step_limit,0,1155000,21011.2
1156,1000,300.0,6.02,25,,938,0,3,15,466,0.6472,711.8,0.0968,3,step_limit,0,1156000,21023.4
1157,1000,310.0,7.385,26,,840,0,3,11,370,0.624,780.3,0.0714,7,step_limit,0,1157000,21035.5
1158,1000,350.0,17.541,27,,956,0,4,19,268,0.6222,736.9,0.0571,3,step_limit,0,1158000,21047.4
1159,1000,250.0,1.75,23,,932,0,2,10,343,0.605,723.5,0.0739,4,step_limit,0,1159000,21059.3
1160,1000,370.0,7.187,29,,795,0,4,19,497,0.6015,887.2,0.1036,4,step_limit,0,1160000,21071.6
1161,1000,340.0,9.996,29,,722,0,3,15,289,0.5893,743.1,0.0582,10,step_limit,0,1161000,21083.5
1162,1000,320.0,3.945,27,,875,0,3,14,475,0.6567,932.7,0.1092,8,step_limit,0,1162000,21095.5
1163,1000,370.0,3.103,32,,985,0,3,19,461,0.6515,799.4,0.1066,9,step_limit,0,1163000,21107.4
1164,1000,360.0,5.27,28,,941,0,4,19,498,0.594,829.3,0.1024,10,step_limit,0,1164000,21120.0
1165,1000,350.0,8.666,30,,892,0,3,19,429,0.6202,977.7,0.0858,11,step_limit,0,1165000,21131.9
1166,1000,310.0,4.402,26,,935,0,3,14,466,0.6375,955.9,0.1073,3,step_limit,0,1166000,21144.2
1167,1000,300.0,2.502,25,,880,0,3,11,428,0.6332,808.5,0.0876,4,step_limit,0,1167000,21156.4
1168,1000,350.0,2.038,27,,928,0,4,22,631,0.619,767.3,0.1507,5,step_limit,0,1168000,21168.7
1169,1000,280.0,-9.071,23,,920,0,3,18,801,0.652,804.0,0.1666,10,step_limit,0,1169000,21181.2
1170,1000,370.0,-6.143,29,,881,0,4,15,720,0.6242,1005.4,0.1665,15,step_limit,0,1170000,21193.3
1171,1000,270.0,1.916,22,,719,0,3,15,484,0.6242,736.4,0.1021,5,step_limit,0,1171000,21205.3
1172,1000,350.0,6.009,30,,940,0,3,18,464,0.6252,861.2,0.0948,4,step_limit,0,1172000,21217.1
1173,1000,290.0,1.018,24,,775,0,3,13,535,0.6465,771.2,0.1201,6,step_limit,0,1173000,21229.2
1174,1000,270.0,0.569,25,,835,0,2,7,443,0.638,941.6,0.089,5,step_limit,0,1174000,21241.2
1175,1000,340.0,4.843,29,,978,0,3,11,373,0.615,816.2,0.0851,9,step_limit,0,1175000,21253.8
1176,1000,320.0,1.161,27,,916,0,3,14,669,0.6498,790.3,0.1549,12,step_limit,0,1176000,21266.3
1177,1000,350.0,1.732,27,,985,0,4,13,357,0.6018,888.3,0.0767,3,step_limit,0,1177000,21279.6
1178,1000,360.0,12.783,28,,949,0,4,20,347,0.57,666.8,0.0813,9,step_limit,0,1178000,21292.5
1179,1000,330.0,11.577,25,,949,0,4,21,394,0.583,676.1,0.0922,9,step_limit,0,1179000,21304.9
1180,1000,410.0,5.851,30,,847,0,5,17,412,0.629,765.1,0.086,10,step_limit,0,1180000,21317.1
1181,1000,330.0,2.113,28,,986,0,3,13,427,0.6502,721.9,0.0927,6,step_limit,0,1181000,21329.4
1182,1000,330.0,11.529,28,,992,0,3,24,329,0.6315,811.7,0.0704,3,step_limit,0,1182000,21341.5
1183,1000,210.0,-10.285,22,,770,0,1,12,590,0.5905,706.6,0.129,6,step_limit,0,1183000,21354.2
1184,1000,300.0,-3.388,25,,695,0,3,16,907,0.6445,995.6,0.2081,9,step_limit,0,1184000,21366.8
1185,1000,350.0,0.709,30,,995,0,3,13,455,0.6508,957.6,0.0977,5,step_limit,0,1185000,21378.9
1186,1000,250.0,-2.291,23,,944,0,2,17,569,0.6298,669.7,0.1288,33,step_limit,0,1186000,21391.1
1187,1000,340.0,2.637,26,,952,0,4,18,433,0.573,745.9,0.093,5,step_limit,0,1187000,21403.3
1188,1000,350.0,2.958,30,,635,0,3,15,429,0.609,787.4,0.0926,6,step_limit,0,1188000,21415.8
1189,1000,340.0,5.38,29,,998,0,3,13,573,0.64,827.1,0.1331,5,step_limit,0,1189000,21427.6
1190,1000,420.0,7.864,31,,993,0,5,18,544,0.577,784.0,0.1177,14,step_limit,0,1190000,21439.5
1191,1000,270.0,4.083,25,,1000,0,2,16,477,0.6105,731.7,0.1005,10,step_limit,0,1191000,21451.3
1192,1000,370.0,3.571,29,,863,0,4,13,393,0.658,964.7,0.0847,5,step_limit,0,1192000,21464.2
1193,1000,380.0,8.251,30,,963,0,4,13,374,0.6332,809.2,0.077,7,step_limit,0,1193000,21476.2
1194,1000,350.0,3.752,27,,957,0,4,16,488,0.5883,734.1,0.1106,8,step_limit,0,1194000,21487.4
1195,1000,300.0,0.141,25,,944,0,3,17,530,0.68,794.1,0.1137,6,step_limit,0,1195000,21498.1
1196,1000,250.0,-2.827,23,,974,0,2,7,444,0.6008,817.4,0.0936,4,step_limit,0,1196000,21509.3
1197,1000,290.0,-6.706,27,,994,0,2,12,788,0.6625,824.8,0.1879,50,step_limit,0,1197000,21521.6
1198,1000,380.0,1.544,30,,871,0,4,15,536,0.6348,776.5,0.1175,5,step_limit,0,1198000,21533.9
1199,1000,340.0,6.305,29,,986,0,3,16,494,0.6325,765.7,0.1144,7,step_limit,0,1199000,21546.9
1200,1000,420.0,10.015,31,,980,0,5,18,405,0.5363,804.0,0.0978,10,step_limit,0,1200000,21559.6
1201,1000,440.0,5.013,33,,893,0,5,18,581,0.6285,929.6,0.1398,4,step_limit,0,1201000,21606.2
1202,1000,400.0,4.321,29,,994,0,5,15,441,0.6198,761.8,0.1013,5,step_limit,0,1202000,21620.2
1203,1000,340.0,-2.16,29,,960,0,3,15,498,0.6132,767.0,0.1098,4,step_limit,0,1203000,21634.7
1204,1000,280.0,9.179,26,,916,0,2,11,302,0.5637,856.1,0.0594,7,step_limit,0,1204000,21646.6
1205,1000,360.0,-2.462,28,,871,0,4,16,607,0.628,900.1,0.1413,18,step_limit,0,1205000,21659.1
1206,1000,370.0,-1.73,32,,972,0,3,17,689,0.6625,925.3,0.1633,9,step_limit,0,1206000,21671.8
1207,1000,330.0,-4.24,28,,738,0,3,13,652,0.638,803.4,0.152,11,step_limit,0,1207000,21684.6
1208,1000,350.0,3.678,30,,962,0,3,15,542,0.5725,866.1,0.127,15,step_limit,0,1208000,21696.7
1209,1000,380.0,-0.889,27,,799,0,5,18,706,0.6092,849.9,0.1609,10,step_limit,0,1209000,21709.4
1210,1000,250.0,5.17,23,,760,0,2,13,459,0.6575,757.3,0.0968,5,step_limit,0,1210000,21721.2
1211,1000,290.0,-0.416,27,,842,0,2,14,707,0.6425,1033.2,0.1598,10,step_limit,0,1211000,21733.1
1212,1000,270.0,-4.726,25,,997,0,2,15,647,0.644,863.3,0.1448,8,step_limit,0,1212000,21745.7
1213,1000,310.0,7.367,26,,981,0,3,15,336,0.65,762.3,0.0698,3,step_limit,0,1213000,21758.1
1214,1000,300.0,12.178,25,,974,0,3,13,233,0.5988,719.3,0.0513,6,step_limit,0,1214000,21770.3
1215,1000,450.0,11.236,34,,983,0,5,24,381,0.5938,835.6,0.0814,4,step_limit,0,1215000,21783.2
1216,1000,360.0,-3.325,28,,971,0,4,11,558,0.6188,739.6,0.1239,7,step_limit,0,1216000,21795.7
1217,1000,320.0,7.491,27,,821,0,3,13,278,0.6048,831.3,0.0495,5,step_limit,0,1217000,21808.0
1218,1000,320.0,6.472,27,,967,0,3,16,349,0.6255,679.9,0.0808,10,step_limit,0,1218000,21820.7
1219,1000,330.0,0.895,28,,786,0,3,15,616,0.6372,798.6,0.1333,9,step_limit,0,1219000,21833.3
1220,1000,270.0,-3.873,25,,941,0,2,19,806,0.6745,889.1,0.1901,12,step_limit,0,1220000,21845.5
1221,1000,280.0,-5.566,23,,699,0,3,11,684,0.5823,711.0,0.1511,18,step_limit,0,1221000,21858.2
1222,1000,280.0,0.339,26,,922,0,2,17,449,0.6292,806.8,0.0968,7,step_limit,0,1222000,21870.4
1223,1000,350.0,1.692,30,,906,0,3,16,502,0.6395,846.8,0.1161,17,step_limit,0,1223000,21882.5
1224,1000,390.0,2.609,31,,943,0,4,17,488,0.6435,731.5,0.1058,10,step_limit,0,1224000,21895.3
1225,1000,300.0,5.256,28,,889,0,2,16,440,0.6208,792.8,0.0962,4,step_limit,0,1225000,21907.6
1226,1000,330.0,0.542,25,,833,0,4,13,560,0.6125,717.6,0.1293,4,step_limit,0,1226000,21920.1
1227,1000,320.0,-5.754,30,,944,0,2,13,754,0.662,848.2,0.1693,29,step_limit,0,1227000,21932.9
1228,1000,370.0,3.891,29,,968,0,4,16,500,0.6168,896.1,0.1068,11,step_limit,0,1228000,21945.3
1229,1000,310.0,-3.738,26,,850,0,3,14,723,0.628,779.8,0.1719,9,step_limit,0,1229000,21957.9
1230,1000,290.0,2.938,24,,645,0,3,13,403,0.548,749.6,0.0869,3,step_limit,0,1230000,21970.4
1231,1000,340.0,8.185,26,,994,0,4,17,440,0.582,731.8,0.0988,7,step_limit,0,1231000,21982.2
1232,1000,330.0,9.328,28,,849,0,3,12,416,0.6502,877.0,0.0962,14,step_limit,0,1232000,21994.1
1233,1000,320.0,-0.73,27,,832,0,3,12,740,0.654,866.5,0.1722,22,step_limit,0,1233000,22006.3
1234,1000,370.0,3.336,29,,996,0,4,17,447,0.6125,826.2,0.0906,7,step_limit,0,1234000,22018.7
1235,1000,330.0,2.914,28,,972,0,3,22,560,0.5968,801.0,0.1279,10,step_limit,0,1235000,22031.1
1236,1000,340.0,-0.698,29,,979,0,3,13,607,0.6562,904.5,0.134,10,step_limit,0,1236000,22043.5
1237,1000,320.0,-4.393,27,,952,0,3,9,680,0.5907,807.8,0.163,19,step_limit,0,1237000,22055.6
1238,1000,320.0,2.907,24,,861,0,4,11,559,0.629,793.3,0.1293,7,step_limit,0,1238000,22067.8
1239,1000,330.0,10.928,28,,873,0,3,19,352,0.634,737.1,0.0756,7,step_limit,0,1239000,22079.7
1240,1000,360.0,2.031,28,,995,0,4,22,744,0.6255,756.9,0.171,6,step_limit,0,1240000,22091.6
1241,1000,410.0,8.125,30,,906,0,5,21,470,0.6292,782.6,0.1027,10,step_limit,0,1241000,22103.8
1242,1000,350.0,8.194,27,,885,0,4,18,461,0.6292,748.9,0.1011,4,step_limit,0,1242000,22115.7
1243,1000,300.0,2.302,25,,814,0,3,19,489,0.6482,779.9,0.1102,8,step_limit,0,1243000,22127.9
1244,1000,370.0,7.049,29,,879,0,4,18,386,0.5913,786.1,0.0834,6,step_limit,0,1244000,22140.0
1245,1000,330.0,2.59,28,,964,0,3,14,526,0.6485,850.8,0.1244,16,step_limit,0,1245000,22152.4
1246,1000,260.0,1.155,24,,760,0,2,15,753,0.6685,868.9,0.1703,18,step_limit,0,1246000,22164.0
1247,1000,300.0,-3.465,25,,883,0,3,17,639,0.5992,788.2,0.1524,5,step_limit,0,1247000,22176.9
1248,1000,320.0,1.99,27,,708,0,3,13,412,0.6532,812.3,0.09,4,step_limit,0,1248000,22189.2
1249,1000,390.0,8.992,34,,920,0,3,14,443,0.6565,952.0,0.0986,2,step_limit,0,1249000,22201.2
1250,1000,370.0,14.251,29,,934,0,4,26,343,0.6048,928.5,0.0804,6,step_limit,0,1250000,22213.0
1251,1000,320.0,6.826,27,,981,0,3,15,357,0.6032,715.9,0.08,6,step_limit,0,1251000,22255.7
1252,1000,410.0,12.104,33,,933,0,4,22,411,0.6282,836.8,0.0886,10,step_limit,0,1252000,22267.7
1253,1000,330.0,10.362,25,,861,0,4,23,352,0.5925,713.9,0.0755,3,step_limit,0,1253000,22279.8
1254,1000,410.0,4.548,30,,952,0,5,18,692,0.5955,790.0,0.1567,9,step_limit,0,1254000,22292.0
1255,1000,330.0,-3.511,28,,933,0,3,15,752,0.6627,936.5,0.1729,17,step_limit,0,1255000,22305.1
1256,1000,400.0,-0.768,32,,853,0,4,18,646,0.5982,858.7,0.1582,14,step_limit,0,1256000,22317.6
1257,1000,360.0,0.337,28,,790,0,4,20,658,0.6408,1009.9,0.1476,5,step_limit,0,1257000,22330.1
1258,1000,360.0,2.629,31,,913,0,3,15,400,0.6538,834.3,0.0863,5,step_limit,0,1258000,22342.6
1259,1000,400.0,3.754,29,,923,0,5,10,430,0.5697,737.7,0.0956,5,step_limit,0,1259000,22355.1
1260,1000,270.0,0.71,25,,757,0,2,16,427,0.6122,782.6,0.0949,9,step_limit,0,1260000,22367.4
1261,1000,290.0,-2.818,27,,994,0,2,8,698,0.6793,831.3,0.1535,11,step_limit,0,1261000,22379.9
1262,1000,310.0,11.119,26,,796,0,3,14,301,0.5935,736.5,0.0658,10,step_limit,0,1262000,22391.7
1263,1000,280.0,6.572,23,,981,0,3,15,340,0.5753,672.6,0.066,4,step_limit,0,1263000,22403.6
1264,1000,350.0,4.855,27,,816,0,4,27,397,0.6185,717.4,0.0864,7,step_limit,0,1264000,22415.8
1265,1000,310.0,-0.856,26,,915,0,3,14,510,0.6112,912.8,0.1159,10,step_limit,0,1265000,22428.4
1266,1000,390.0,-1.833,31,,948,0,4,15,522,0.6442,899.8,0.1214,12,step_limit,0,1266000,22440.6
1267,1000,350.0,-1.492,30,,970,0,3,17,922,0.6508,806.3,0.2283,12,step_limit,0,1267000,22452.6
1268,1000,300.0,7.076,28,,906,0,2,18,422,0.6502,812.4,0.0957,6,step_limit,0,1268000,22464.3
1269,1000,340.0,8.026,29,,840,0,3,19,403,0.6415,760.0,0.0894,5,step_limit,0,1269000,22476.4
1270,1000,330.0,5.034,25,,930,0,4,18,440,0.5737,766.5,0.0992,10,step_limit,0,1270000,22488.0
1271,1000,360.0,0.166,28,,891,0,4,13,562,0.6358,717.2,0.1242,8,step_limit,0,1271000,22500.5
1272,1000,370.0,0.304,29,,799,0,4,19,566,0.6035,765.3,0.13,6,step_limit,0,1272000,22512.7
1273,1000,300.0,7.691,28,,921,0,2,11,217,0.6,769.7,0.0449,10,step_limit,0,1273000,22524.6
1274,1000,370.0,-0.264,29,,975,0,4,14,574,0.6288,880.0,0.1313,6,step_limit,0,1274000,22536.5
1275,1000,260.0,0.682,24,,921,0,2,16,411,0.6525,778.8,0.088,6,step_limit,0,1275000,22548.7
1276,1000,310.0,3.556,26,,989,0,3,18,463,0.619,740.6,0.0989,6,step_limit,0,1276000,22560.3
1277,1000,370.0,1.096,29,,919,0,4,12,503,0.628,978.4,0.1161,6,step_limit,0,1277000,22573.1
1278,1000,240.0,-10.341,22,,867,0,2,16,750,0.6462,875.2,0.1699,14,step_limit,0,1278000,22585.5
1279,1000,310.0,7.152,29,,988,0,2,11,362,0.6348,864.2,0.0737,5,step_limit,0,1279000,22598.0
1280,1000,260.0,2.34,24,,952,0,2,15,451,0.667,808.8,0.0979,4,step_limit,0,1280000,22610.3
1281,1000,330.0,-2.762,28,,834,0,3,13,641,0.6212,886.2,0.1474,4,step_limit,0,1281000,22622.7
1282,1000,260.0,2.866,24,,868,0,2,14,458,0.6548,797.6,0.1043,3,step_limit,0,1282000,22635.0
1283,1000,350.0,4.664,27,,960,0,4,17,517,0.647,883.4,0.1157,8,step_limit,0,1283000,22647.4
1284,1000,370.0,4.885,32,,979,0,3,19,498,0.6452,875.7,0.1137,10,step_limit,0,1284000,22659.6
1285,1000,340.0,0.282,26,,787,0,4,13,642,0.6545,934.2,0.143,6,step_limit,0,1285000,22672.0
1286,1000,380.0,2.527,30,,971,0,4,23,627,0.6308,988.0,0.1407,9,step_limit,0,1286000,22684.2
1287,1000,390.0,4.384,31,,973,0,4,14,553,0.5857,809.5,0.1279,11,step_limit,0,1287000,22696.9
1288,1000,320.0,3.549,27,,985,0,3,15,515,0.6198,799.7,0.1173,11,step_limit,0,1288000,22709.1
1289,1000,260.0,2.651,24,,591,0,2,15,363,0.592,732.7,0.0799,9,step_limit,0,1289000,22721.3
1290,1000,360.0,6.219,31,,991,0,3,14,395,0.6148,844.9,0.0874,3,step_limit,0,1290000,22733.5
1291,1000,340.0,5.331,29,,970,0,3,20,522,0.6062,912.8,0.1198,6,step_limit,0,1291000,22745.6
1292,1000,390.0,3.102,31,,964,0,4,17,551,0.6462,833.2,0.1189,9,step_limit,0,1292000,22757.8
1293,1000,340.0,-1.39,29,,969,0,3,17,643,0.6428,967.5,0.1503,19,step_limit,0,1293000,22769.5
1294,1000,320.0,-2.427,27,,976,0,3,17,577,0.6512,972.8,0.1251,11,step_limit,0,1294000,22781.4
1295,1000,340.0,0.724,29,,749,0,3,17,450,0.6385,843.2,0.0976,10,step_limit,0,1295000,22793.7
1296,1000,400.0,6.435,32,,972,0,4,17,438,0.6105,816.2,0.0975,8,step_limit,0,1296000,22805.9
1297,1000,270.0,4.987,25,,811,0,2,11,314,0.6202,745.4,0.066,3,step_limit,0,1297000,22817.9
1298,1000,330.0,6.412,25,,990,0,4,16,347,0.6325,764.5,0.0806,6,step_limit,0,1298000,22830.0
1299,1000,420.0,9.793,31,,984,0,5,11,344,0.5927,750.0,0.083,10,step_limit,0,1299000,22842.1
1300,1000,310.0,4.201,26,,907,0,3,16,432,0.6375,758.5,0.0892,5,step_limit,0,1300000,22854.7
1301,1000,310.0,0.528,26,,944,0,3,11,418,0.6215,892.0,0.09,4,step_limit,0,1301000,22901.5
1302,1000,270.0,3.209,25,,999,0,2,14,310,0.625,756.7,0.063,5,step_limit,0,1302000,22914.6
1303,1000,310.0,0.379,26,,717,0,3,14,549,0.5903,914.2,0.1197,9,step_limit,0,1303000,22927.5
1304,1000,280.0,6.427,26,,820,0,2,12,281,0.5958,716.2,0.0613,4,step_limit,0,1304000,22940.6
1305,1000,360.0,2.879,31,,911,0,3,10,453,0.6195,797.5,0.0954,15,step_limit,0,1305000,22953.4
1306,1000,300.0,0.651,28,,936,0,2,13,465,0.6552,889.5,0.1111,7,step_limit,0,1306000,22966.1
1307,1000,320.0,4.616,27,,921,0,3,15,555,0.6128,833.6,0.1281,7,step_limit,0,1307000,22978.4
1308,1000,420.0,8.4,31,,924,0,5,23,491,0.618,751.9,0.1115,10,step_limit,0,1308000,22991.1
1309,1000,270.0,-8.736,25,,988,0,2,11,693,0.6485,740.7,0.1558,7,step_limit,0,1309000,23004.5
1310,1000,370.0,-5.505,32,,920,0,3,16,756,0.6138,862.5,0.1871,17,step_limit,0,1310000,23017.2
1311,1000,220.0,4.533,20,,880,0,2,17,417,0.5205,711.4,0.0902,8,step_limit,0,1311000,23029.7
1312,1000,410.0,5.632,30,,980,0,5,18,549,0.5865,846.6,0.1238,10,step_limit,0,1312000,23042.4
1313,1000,290.0,1.675,27,,917,0,2,13,495,0.6022,829.0,0.1075,5,step_limit,0,1313000,23055.3
1314,1000,290.0,4.125,24,,796,0,3,14,301,0.645,731.2,0.0638,7,step_limit,0,1314000,23068.2
1315,1000,360.0,8.632,31,,990,0,3,16,392,0.6455,874.9,0.0811,5,step_limit,0,1315000,23080.9
1316,1000,310.0,0.023,26,,873,0,3,15,540,0.6352,862.4,0.1216,20,step_limit,0,1316000,23093.2
1317,1000,250.0,-0.211,23,,789,0,2,19,685,0.6405,778.6,0.1563,6,step_limit,0,1317000,23105.4
1318,1000,340.0,8.723,29,,956,0,3,15,370,0.6152,759.9,0.0872,4,step_limit,0,1318000,23117.2
1319,1000,290.0,-3.609,24,,992,0,3,16,539,0.6258,717.5,0.1174,4,step_limit,0,1319000,23129.7
1320,1000,400.0,-2.339,32,,816,0,4,18,804,0.6112,987.6,0.2005,60,step_limit,0,1320000,23141.6
1321,1000,270.0,4.824,25,,932,0,2,11,402,0.6,871.5,0.0912,9,step_limit,0,1321000,23153.5
1322,1000,350.0,2.043,27,,982,0,4,11,413,0.5905,784.5,0.0967,5,step_limit,0,1322000,23165.2
1323,1000,260.0,-3.528,24,,745,0,2,7,497,0.638,752.1,0.1045,7,step_limit,0,1323000,23177.6
1324,1000,380.0,0.087,30,,876,0,4,16,477,0.6252,864.3,0.1068,4,step_limit,0,1324000,23189.8
1325,1000,290.0,-0.819,27,,763,0,2,16,544,0.6518,872.0,0.1264,7,step_limit,0,1325000,23202.4
1326,1000,310.0,0.734,26,,821,0,3,18,612,0.628,835.1,0.142,11,step_limit,0,1326000,23214.7
1327,1000,230.0,-0.366,21,,956,0,2,9,546,0.6165,868.2,0.1236,6,step_limit,0,1327000,23227.0
1328,1000,330.0,2.745,28,,820,0,3,14,452,0.6105,788.3,0.1019,13,step_limit,0,1328000,23238.9
1329,1000,330.0,-8.155,28,,836,0,3,9,752,0.6415,942.2,0.1694,4,step_limit,0,1329000,23251.5
1330,1000,430.0,10.632,32,,944,0,5,17,326,0.6232,786.3,0.0738,4,step_limit,0,1330000,23264.2
1331,1000,320.0,4.769,27,,987,0,3,15,466,0.6232,763.7,0.1005,5,step_limit,0,1331000,23276.5
1332,1000,260.0,-11.325,24,,896,0,2,17,805,0.68,908.5,0.1909,10,step_limit,0,1332000,23288.8
1333,1000,310.0,-2.036,26,,981,0,3,12,546,0.6178,832.3,0.1137,7,step_limit,0,1333000,23300.8
1334,1000,270.0,0.882,25,,1000,0,2,16,696,0.6627,947.6,0.1594,7,step_limit,0,1334000,23312.7
1335,1000,330.0,6.632,28,,995,0,3,19,453,0.6212,809.8,0.0947,5,step_limit,0,1335000,23324.5
1336,1000,360.0,5.689,31,,939,0,3,18,581,0.6395,855.1,0.1344,3,step_limit,0,1336000,23336.3
1337,1000,320.0,-2.244,27,,906,0,3,16,788,0.65,970.0,0.1892,4,step_limit,0,1337000,23348.7
1338,1000,350.0,10.555,30,,963,0,3,16,397,0.621,871.8,0.0891,5,step_limit,0,1338000,23360.6
1339,1000,350.0,-1.57,27,,998,0,4,21,633,0.5952,797.4,0.1471,10,step_limit,0,1339000,23372.6
1340,1000,340.0,9.117,29,,959,0,3,17,371,0.6402,889.2,0.0802,4,step_limit,0,1340000,23385.3
1341,1000,290.0,-8.649,27,,811,0,2,13,744,0.5765,752.1,0.1668,9,step_limit,0,1341000,23397.6
1342,1000,350.0,-1.094,30,,988,0,3,20,791,0.6415,854.8,0.1828,11,step_limit,0,1342000,23409.5
1343,1000,280.0,-1.057,23,,987,0,3,15,573,0.5917,713.8,0.1222,6,step_limit,0,1343000,23422.1
1344,1000,320.0,-0.505,27,,951,0,3,18,483,0.6308,768.1,0.1141,21,step_limit,0,1344000,23434.5
1345,1000,330.0,1.135,28,,965,0,3,15,533,0.5855,873.7,0.1198,9,step_limit,0,1345000,23446.8
1346,1000,330.0,-3.277,28,,810,0,3,14,606,0.6462,779.1,0.1325,7,step_limit,0,1346000,23458.8
1347,1000,340.0,-3.671,29,,975,0,3,13,733,0.5965,852.3,0.184,8,step_limit,0,1347000,23470.7
1348,1000,260.0,-3.92,24,,949,0,2,13,541,0.6405,812.7,0.1168,4,step_limit,0,1348000,23483.5
1349,1000,390.0,-0.822,31,,886,0,4,20,605,0.6298,878.6,0.1416,10,step_limit,0,1349000,23495.9
1350,1000,310.0,-2.908,26,,983,0,3,14,568,0.6178,814.4,0.141,7,step_limit,0,1350000,23508.5
