/home/kopt/enter/envs/wsl_neuroMCTS/lib/python3.10/site-packages/pygame/pkgdata.py:25: UserWarning: pkg_resources is deprecated as an API. See https://setuptools.pypa.io/en/latest/pkg_resources.html. The pkg_resources package is slated for removal as early as 2025-11-30. Refrain from using this package or pin to Setuptools<81.
  from pkg_resources import resource_stream, resource_exists
pygame 2.6.1 (SDL 2.28.4, Python 3.10.19)
Hello from the pygame community. https://www.pygame.org/contribute.html
집합 상위 학습 | 반경 300 상한 1000 무배송 500 gamma 0.997 구성=무작위 드론[3, 8] 목적지[20, 80] CC무작위 인스턴스=무작위 목표유지=off
/home/kopt/drone/proposed_src/pipeline/train_v5_26_09_15_23.py:282: UserWarning: Converting a tensor with requires_grad=True to a scalar may lead to unexpected behavior.
Consider using tensor.detach() first. (Triggered internally at /pytorch/torch/csrc/autograd/generated/python_variable_methods.cpp:836.)
  writer.add_scalar("train/alpha", float(log_alpha.exp()), ep)
Ep 1 | 드론8 목적지57 |  756스텝 | 배송 57/57 | 재적재  7 | 중계율 0.14 | alpha 0.100 | complete
Ep 2 | 드론3 목적지50 | 1000스텝 | 배송 37/50 | 재적재  6 | 중계율 0.17 | alpha 0.100 | step_limit
Ep 3 | 드론7 목적지72 | 1000스텝 | 배송 68/72 | 재적재 11 | 중계율 0.14 | alpha 0.100 | step_limit
Ep 4 | 드론3 목적지46 | 1000스텝 | 배송 44/46 | 재적재  7 | 중계율 0.14 | alpha 0.100 | step_limit
Ep 5 | 드론5 목적지58 | 1000스텝 | 배송 20/58 | 재적재  1 | 중계율 0.01 | alpha 0.106 | step_limit
Ep 6 | 드론3 목적지61 | 1000스텝 | 배송 28/61 | 재적재  4 | 중계율 0.08 | alpha 0.114 | step_limit
Ep 7 | 드론3 목적지30 | 1000스텝 | 배송 22/30 | 재적재  2 | 중계율 0.18 | alpha 0.126 | step_limit
Ep 8 | 드론3 목적지69 | 1000스텝 | 배송 38/69 | 재적재  6 | 중계율 0.09 | alpha 0.139 | step_limit
Ep 9 | 드론5 목적지66 | 1000스텝 | 배송 61/66 | 재적재  9 | 중계율 0.17 | alpha 0.152 | step_limit
Ep 10 | 드론4 목적지26 |  735스텝 | 배송 26/26 | 재적재  4 | 중계율 0.11 | alpha 0.162 | complete
Ep 11 | 드론8 목적지32 |  171스텝 | 배송 32/32 | 재적재  0 | 중계율 0.01 | alpha 0.165 | complete
Ep 12 | 드론5 목적지35 |  921스텝 | 배송 35/35 | 재적재  4 | 중계율 0.12 | alpha 0.178 | complete
Ep 13 | 드론5 목적지23 |  258스텝 | 배송 23/23 | 재적재  1 | 중계율 0.09 | alpha 0.182 | complete
Ep 14 | 드론4 목적지61 | 1000스텝 | 배송 50/61 | 재적재  8 | 중계율 0.10 | alpha 0.198 | step_limit
Ep 15 | 드론7 목적지78 |  491스텝 | 배송 78/78 | 재적재 12 | 중계율 0.06 | alpha 0.206 | complete
Ep 16 | 드론7 목적지46 |  320스텝 | 배송 46/46 | 재적재  6 | 중계율 0.06 | alpha 0.211 | complete
Ep 17 | 드론6 목적지74 |  695스텝 | 배송 74/74 | 재적재 13 | 중계율 0.11 | alpha 0.223 | complete
Ep 18 | 드론5 목적지24 |  213스텝 | 배송 24/24 | 재적재  0 | 중계율 0.05 | alpha 0.227 | complete
Ep 19 | 드론6 목적지24 |  278스텝 | 배송 24/24 | 재적재  1 | 중계율 0.04 | alpha 0.232 | complete
Ep 20 | 드론5 목적지66 |  473스텝 | 배송 66/66 | 재적재 10 | 중계율 0.09 | alpha 0.240 | complete
Ep 21 | 드론5 목적지43 |  360스텝 | 배송 43/43 | 재적재  6 | 중계율 0.09 | alpha 0.247 | complete
Ep 22 | 드론5 목적지43 |  879스텝 | 배송 43/43 | 재적재  7 | 중계율 0.07 | alpha 0.265 | complete
Ep 23 | 드론3 목적지22 |  582스텝 | 배송 22/22 | 재적재  3 | 중계율 0.22 | alpha 0.278 | complete
Ep 24 | 드론5 목적지35 |  487스텝 | 배송 35/35 | 재적재  4 | 중계율 0.11 | alpha 0.288 | complete
Ep 25 | 드론7 목적지25 |  186스텝 | 배송 25/25 | 재적재  0 | 중계율 0.07 | alpha 0.293 | complete
Ep 26 | 드론4 목적지79 |  953스텝 | 배송 49/79 | 재적재  7 | 중계율 0.09 | alpha 0.315 | no_progress
Ep 27 | 드론7 목적지63 |  720스텝 | 배송 63/63 | 재적재  8 | 중계율 0.12 | alpha 0.333 | complete
Ep 28 | 드론4 목적지77 | 1000스텝 | 배송 70/77 | 재적재 12 | 중계율 0.14 | alpha 0.360 | step_limit
Ep 29 | 드론5 목적지34 |  449스텝 | 배송 34/34 | 재적재  4 | 중계율 0.12 | alpha 0.372 | complete
Ep 30 | 드론5 목적지25 |  541스텝 | 배송 25/25 | 재적재  3 | 중계율 0.18 | alpha 0.388 | complete
Ep 31 | 드론7 목적지68 |  409스텝 | 배송 68/68 | 재적재  9 | 중계율 0.11 | alpha 0.400 | complete
Ep 32 | 드론5 목적지79 | 1000스텝 | 배송 76/79 | 재적재 13 | 중계율 0.21 | alpha 0.430 | step_limit
Ep 33 | 드론5 목적지62 | 1000스텝 | 배송 60/62 | 재적재 10 | 중계율 0.23 | alpha 0.462 | step_limit
Ep 34 | 드론5 목적지33 |  327스텝 | 배송 33/33 | 재적재  4 | 중계율 0.09 | alpha 0.472 | complete
Ep 35 | 드론5 목적지26 |  293스텝 | 배송 26/26 | 재적재  1 | 중계율 0.10 | alpha 0.481 | complete
Ep 36 | 드론5 목적지57 |  784스텝 | 배송 25/57 | 재적재  1 | 중계율 0.21 | alpha 0.507 | no_progress
Ep 37 | 드론5 목적지29 |  363스텝 | 배송 29/29 | 재적재  4 | 중계율 0.20 | alpha 0.519 | complete
Ep 38 | 드론6 목적지63 |  526스텝 | 배송 63/63 | 재적재  9 | 중계율 0.11 | alpha 0.538 | complete
Ep 39 | 드론6 목적지44 |  647스텝 | 배송 44/44 | 재적재  4 | 중계율 0.10 | alpha 0.561 | complete
Ep 40 | 드론8 목적지56 |  320스텝 | 배송 56/56 | 재적재  7 | 중계율 0.04 | alpha 0.572 | complete
Ep 41 | 드론8 목적지21 |  180스텝 | 배송 21/21 | 재적재  0 | 중계율 0.01 | alpha 0.579 | complete
Ep 42 | 드론3 목적지24 |  895스텝 | 배송 19/24 | 재적재  2 | 중계율 0.21 | alpha 0.612 | no_progress
Ep 43 | 드론5 목적지52 | 1000스텝 | 배송 46/52 | 재적재  8 | 중계율 0.11 | alpha 0.651 | step_limit
Ep 44 | 드론5 목적지72 |  562스텝 | 배송 72/72 | 재적재 11 | 중계율 0.05 | alpha 0.674 | complete
Ep 45 | 드론4 목적지52 | 1000스텝 | 배송 45/52 | 재적재  6 | 중계율 0.18 | alpha 0.717 | step_limit
Ep 46 | 드론8 목적지72 |  400스텝 | 배송 72/72 | 재적재 10 | 중계율 0.07 | alpha 0.735 | complete
Ep 47 | 드론5 목적지69 |  737스텝 | 배송 69/69 | 재적재 11 | 중계율 0.10 | alpha 0.768 | complete
Ep 48 | 드론4 목적지56 | 1000스텝 | 배송 52/56 | 재적재  9 | 중계율 0.12 | alpha 0.813 | step_limit
Ep 49 | 드론8 목적지78 |  442스텝 | 배송 78/78 | 재적재 12 | 중계율 0.11 | alpha 0.832 | complete
Ep 50 | 드론7 목적지40 |  791스텝 | 배송 40/40 | 재적재  3 | 중계율 0.23 | alpha 0.865 | complete
  [홀드아웃] 배송 43.2±10.1 완주 0.25 재적재 6.3 2홉+ 0.60 | 최고 43.2@ep50 정체 0/15  ← 갱신
Ep 51 | 드론8 목적지51 |  443스텝 | 배송 51/51 | 재적재  6 | 중계율 0.10 | alpha 0.884 | complete
Ep 52 | 드론3 목적지42 | 1000스텝 | 배송 39/42 | 재적재  6 | 중계율 0.15 | alpha 0.922 | step_limit
Ep 53 | 드론8 목적지60 |  344스텝 | 배송 60/60 | 재적재  8 | 중계율 0.07 | alpha 0.932 | complete
Ep 54 | 드론4 목적지49 |  634스텝 | 배송 49/49 | 재적재  9 | 중계율 0.11 | alpha 0.948 | complete
Ep 55 | 드론5 목적지40 |  403스텝 | 배송 40/40 | 재적재  7 | 중계율 0.19 | alpha 0.957 | complete
Ep 56 | 드론6 목적지61 |  499스텝 | 배송 61/61 | 재적재 10 | 중계율 0.15 | alpha 0.964 | complete
Ep 57 | 드론3 목적지53 | 1000스텝 | 배송 45/53 | 재적재  7 | 중계율 0.19 | alpha 0.969 | step_limit
Ep 58 | 드론8 목적지57 |  393스텝 | 배송 57/57 | 재적재  8 | 중계율 0.15 | alpha 0.967 | complete
Ep 59 | 드론3 목적지50 | 1000스텝 | 배송 46/50 | 재적재  8 | 중계율 0.23 | alpha 0.951 | step_limit
Ep 60 | 드론5 목적지21 |  338스텝 | 배송 21/21 | 재적재  2 | 중계율 0.25 | alpha 0.944 | complete
Ep 61 | 드론7 목적지26 |  193스텝 | 배송 26/26 | 재적재  0 | 중계율 0.19 | alpha 0.939 | complete
Ep 62 | 드론7 목적지55 |  682스텝 | 배송 55/55 | 재적재  8 | 중계율 0.22 | alpha 0.921 | complete
Ep 63 | 드론7 목적지68 |  849스텝 | 배송 68/68 | 재적재 10 | 중계율 0.18 | alpha 0.906 | complete
Ep 64 | 드론3 목적지41 |  750스텝 | 배송 17/41 | 재적재  2 | 중계율 0.27 | alpha 0.900 | no_progress
Ep 65 | 드론6 목적지68 |  546스텝 | 배송 68/68 | 재적재 12 | 중계율 0.09 | alpha 0.899 | complete
Ep 66 | 드론3 목적지61 | 1000스텝 | 배송 50/61 | 재적재  9 | 중계율 0.11 | alpha 0.895 | step_limit
Ep 67 | 드론3 목적지53 | 1000스텝 | 배송 40/53 | 재적재  6 | 중계율 0.18 | alpha 0.896 | step_limit
Ep 68 | 드론4 목적지44 |  479스텝 | 배송 44/44 | 재적재  7 | 중계율 0.13 | alpha 0.892 | complete
Ep 69 | 드론5 목적지34 |  587스텝 | 배송 34/34 | 재적재  4 | 중계율 0.15 | alpha 0.881 | complete
Ep 70 | 드론5 목적지31 |  643스텝 | 배송 31/31 | 재적재  3 | 중계율 0.13 | alpha 0.870 | complete
Ep 71 | 드론7 목적지71 |  487스텝 | 배송 71/71 | 재적재 10 | 중계율 0.09 | alpha 0.862 | complete
Ep 72 | 드론3 목적지53 | 1000스텝 | 배송 33/53 | 재적재  5 | 중계율 0.21 | alpha 0.831 | step_limit
Ep 73 | 드론4 목적지21 | 1000스텝 | 배송 17/21 | 재적재  2 | 중계율 0.22 | alpha 0.810 | step_limit
Ep 74 | 드론7 목적지45 |  427스텝 | 배송 45/45 | 재적재  7 | 중계율 0.10 | alpha 0.808 | complete
Ep 75 | 드론6 목적지40 |  628스텝 | 배송 40/40 | 재적재  5 | 중계율 0.13 | alpha 0.820 | complete
Ep 76 | 드론5 목적지75 | 1000스텝 | 배송 71/75 | 재적재 12 | 중계율 0.17 | alpha 0.849 | step_limit
Ep 77 | 드론6 목적지24 |  223스텝 | 배송 24/24 | 재적재  0 | 중계율 0.07 | alpha 0.855 | complete
Ep 78 | 드론5 목적지64 | 1000스텝 | 배송 55/64 | 재적재  9 | 중계율 0.15 | alpha 0.872 | step_limit
Ep 79 | 드론3 목적지41 | 1000스텝 | 배송 39/41 | 재적재  7 | 중계율 0.15 | alpha 0.869 | step_limit
Ep 80 | 드론3 목적지69 | 1000스텝 | 배송 61/69 | 재적재 12 | 중계율 0.10 | alpha 0.870 | step_limit
Ep 81 | 드론7 목적지47 |  393스텝 | 배송 47/47 | 재적재  5 | 중계율 0.12 | alpha 0.865 | complete
Ep 82 | 드론8 목적지69 |  497스텝 | 배송 69/69 | 재적재 10 | 중계율 0.09 | alpha 0.869 | complete
Ep 83 | 드론6 목적지31 |  355스텝 | 배송 31/31 | 재적재  3 | 중계율 0.12 | alpha 0.875 | complete
Ep 84 | 드론4 목적지33 |  626스텝 | 배송 33/33 | 재적재  4 | 중계율 0.13 | alpha 0.886 | complete
Ep 85 | 드론5 목적지38 |  551스텝 | 배송 38/38 | 재적재  6 | 중계율 0.05 | alpha 0.906 | complete
Ep 86 | 드론8 목적지24 |  232스텝 | 배송 24/24 | 재적재  1 | 중계율 0.03 | alpha 0.915 | complete
Ep 87 | 드론3 목적지30 |  908스텝 | 배송 30/30 | 재적재  5 | 중계율 0.12 | alpha 0.969 | complete
Ep 88 | 드론5 목적지38 |  793스텝 | 배송 38/38 | 재적재  5 | 중계율 0.10 | alpha 0.999 | complete
Ep 89 | 드론4 목적지57 | 1000스텝 | 배송 50/57 | 재적재  8 | 중계율 0.11 | alpha 1.032 | step_limit
Ep 90 | 드론7 목적지21 |  217스텝 | 배송 21/21 | 재적재  0 | 중계율 0.02 | alpha 1.043 | complete
Ep 91 | 드론8 목적지77 |  476스텝 | 배송 77/77 | 재적재 15 | 중계율 0.05 | alpha 1.070 | complete
Ep 92 | 드론5 목적지69 | 1000스텝 | 배송 64/69 | 재적재 11 | 중계율 0.11 | alpha 1.131 | step_limit
Ep 93 | 드론8 목적지60 |  576스텝 | 배송 60/60 | 재적재 10 | 중계율 0.03 | alpha 1.154 | complete
Ep 94 | 드론7 목적지45 |  422스텝 | 배송 45/45 | 재적재  7 | 중계율 0.04 | alpha 1.174 | complete
Ep 95 | 드론5 목적지71 |  959스텝 | 배송 71/71 | 재적재 13 | 중계율 0.05 | alpha 1.206 | complete
Ep 96 | 드론3 목적지74 | 1000스텝 | 배송 56/74 | 재적재 10 | 중계율 0.11 | alpha 1.209 | step_limit
Ep 97 | 드론8 목적지47 |  262스텝 | 배송 47/47 | 재적재  7 | 중계율 0.03 | alpha 1.220 | complete
Ep 98 | 드론8 목적지50 |  589스텝 | 배송 50/50 | 재적재  7 | 중계율 0.06 | alpha 1.228 | complete
Ep 99 | 드론7 목적지35 |  403스텝 | 배송 35/35 | 재적재  3 | 중계율 0.07 | alpha 1.236 | complete
Ep 100 | 드론4 목적지40 |  563스텝 | 배송 40/40 | 재적재  6 | 중계율 0.04 | alpha 1.238 | complete
  [홀드아웃] 배송 42.8±7.4 완주 0.08 재적재 6.8 2홉+ 0.63 | 최고 43.2@ep50 정체 1/15
Ep 101 | 드론3 목적지23 | 1000스텝 | 배송 21/23 | 재적재  3 | 중계율 0.03 | alpha 1.270 | step_limit
Ep 102 | 드론3 목적지21 |  724스텝 | 배송 21/21 | 재적재  3 | 중계율 0.10 | alpha 1.277 | complete
Ep 103 | 드론8 목적지72 |  408스텝 | 배송 72/72 | 재적재 10 | 중계율 0.04 | alpha 1.267 | complete
Ep 104 | 드론3 목적지27 | 1000스텝 | 배송 21/27 | 재적재  3 | 중계율 0.16 | alpha 1.243 | step_limit
Ep 105 | 드론5 목적지63 |  837스텝 | 배송 63/63 | 재적재 11 | 중계율 0.07 | alpha 1.221 | complete
Ep 106 | 드론6 목적지58 |  400스텝 | 배송 58/58 | 재적재  8 | 중계율 0.04 | alpha 1.216 | complete
Ep 107 | 드론7 목적지75 |  694스텝 | 배송 75/75 | 재적재 12 | 중계율 0.08 | alpha 1.181 | complete
Ep 108 | 드론5 목적지55 |  972스텝 | 배송 55/55 | 재적재  9 | 중계율 0.10 | alpha 1.202 | complete
Ep 109 | 드론6 목적지64 |  785스텝 | 배송 64/64 | 재적재 11 | 중계율 0.12 | alpha 1.218 | complete
Ep 110 | 드론5 목적지55 |  517스텝 | 배송 55/55 | 재적재  9 | 중계율 0.04 | alpha 1.214 | complete
Ep 111 | 드론6 목적지67 | 1000스텝 | 배송 65/67 | 재적재 11 | 중계율 0.12 | alpha 1.188 | step_limit
Ep 112 | 드론4 목적지46 | 1000스텝 | 배송 43/46 | 재적재  6 | 중계율 0.11 | alpha 1.188 | step_limit
Ep 113 | 드론6 목적지43 |  543스텝 | 배송 43/43 | 재적재  7 | 중계율 0.05 | alpha 1.174 | complete
Ep 114 | 드론4 목적지80 | 1000스텝 | 배송 58/80 | 재적재 11 | 중계율 0.06 | alpha 1.156 | step_limit
Ep 115 | 드론7 목적지78 |  860스텝 | 배송 78/78 | 재적재 13 | 중계율 0.05 | alpha 1.137 | complete
Ep 116 | 드론7 목적지72 |  468스텝 | 배송 72/72 | 재적재 11 | 중계율 0.05 | alpha 1.142 | complete
Ep 117 | 드론4 목적지54 |  966스텝 | 배송 54/54 | 재적재  9 | 중계율 0.09 | alpha 1.200 | complete
Ep 118 | 드론3 목적지63 | 1000스텝 | 배송 45/63 | 재적재  8 | 중계율 0.12 | alpha 1.195 | step_limit
Ep 119 | 드론7 목적지66 |  897스텝 | 배송 66/66 | 재적재 11 | 중계율 0.05 | alpha 1.183 | complete
Ep 120 | 드론7 목적지70 |  636스텝 | 배송 70/70 | 재적재 11 | 중계율 0.04 | alpha 1.167 | complete
Ep 121 | 드론7 목적지45 |  477스텝 | 배송 45/45 | 재적재  7 | 중계율 0.03 | alpha 1.150 | complete
Ep 122 | 드론6 목적지26 |  341스텝 | 배송 26/26 | 재적재  2 | 중계율 0.06 | alpha 1.138 | complete
Ep 123 | 드론8 목적지30 |  253스텝 | 배송 30/30 | 재적재  3 | 중계율 0.02 | alpha 1.128 | complete
Ep 124 | 드론3 목적지80 | 1000스텝 | 배송 50/80 | 재적재  8 | 중계율 0.11 | alpha 1.081 | step_limit
Ep 125 | 드론8 목적지41 |  319스텝 | 배송 41/41 | 재적재  7 | 중계율 0.02 | alpha 1.069 | complete
Ep 126 | 드론5 목적지50 |  782스텝 | 배송 50/50 | 재적재  9 | 중계율 0.09 | alpha 1.055 | complete
Ep 127 | 드론5 목적지37 | 1000스텝 | 배송 35/37 | 재적재  6 | 중계율 0.08 | alpha 1.060 | step_limit
Ep 128 | 드론3 목적지42 | 1000스텝 | 배송 31/42 | 재적재  4 | 중계율 0.09 | alpha 1.082 | step_limit
Ep 129 | 드론7 목적지52 |  567스텝 | 배송 52/52 | 재적재  9 | 중계율 0.04 | alpha 1.111 | complete
Ep 130 | 드론3 목적지40 | 1000스텝 | 배송 32/40 | 재적재  4 | 중계율 0.15 | alpha 1.107 | step_limit
Ep 131 | 드론5 목적지39 |  534스텝 | 배송 39/39 | 재적재  6 | 중계율 0.02 | alpha 1.106 | complete
Ep 132 | 드론8 목적지63 |  535스텝 | 배송 63/63 | 재적재 11 | 중계율 0.01 | alpha 1.098 | complete
Ep 133 | 드론5 목적지61 |  808스텝 | 배송 61/61 | 재적재 10 | 중계율 0.08 | alpha 1.070 | complete
Ep 134 | 드론6 목적지22 |  294스텝 | 배송 22/22 | 재적재  1 | 중계율 0.00 | alpha 1.064 | complete
Ep 135 | 드론3 목적지20 | 1000스텝 | 배송 16/20 | 재적재  3 | 중계율 0.19 | alpha 1.036 | step_limit
Ep 136 | 드론8 목적지57 |  399스텝 | 배송 57/57 | 재적재  7 | 중계율 0.02 | alpha 1.032 | complete
Ep 137 | 드론4 목적지24 |  603스텝 | 배송 24/24 | 재적재  2 | 중계율 0.05 | alpha 1.016 | complete
Ep 138 | 드론6 목적지35 |  313스텝 | 배송 35/35 | 재적재  4 | 중계율 0.03 | alpha 1.012 | complete
Ep 139 | 드론5 목적지29 |  378스텝 | 배송 29/29 | 재적재  4 | 중계율 0.02 | alpha 1.001 | complete
Ep 140 | 드론3 목적지32 | 1000스텝 | 배송 26/32 | 재적재  4 | 중계율 0.19 | alpha 0.995 | step_limit
Ep 141 | 드론4 목적지54 |  974스텝 | 배송 54/54 | 재적재  9 | 중계율 0.09 | alpha 0.992 | complete
Ep 142 | 드론3 목적지42 | 1000스텝 | 배송 40/42 | 재적재  7 | 중계율 0.12 | alpha 1.013 | step_limit
Ep 143 | 드론4 목적지23 |  679스텝 | 배송 23/23 | 재적재  3 | 중계율 0.12 | alpha 1.041 | complete
Ep 144 | 드론5 목적지61 | 1000스텝 | 배송 59/61 | 재적재 11 | 중계율 0.10 | alpha 1.065 | step_limit
Ep 145 | 드론5 목적지64 |  577스텝 | 배송 64/64 | 재적재 11 | 중계율 0.02 | alpha 1.071 | complete
Ep 146 | 드론3 목적지71 | 1000스텝 | 배송 45/71 | 재적재  8 | 중계율 0.07 | alpha 1.063 | step_limit
Ep 147 | 드론4 목적지48 | 1000스텝 | 배송 46/48 | 재적재  8 | 중계율 0.07 | alpha 1.058 | step_limit
Ep 148 | 드론6 목적지36 |  668스텝 | 배송 36/36 | 재적재  5 | 중계율 0.10 | alpha 1.060 | complete
Ep 149 | 드론7 목적지40 |  422스텝 | 배송 40/40 | 재적재  6 | 중계율 0.03 | alpha 1.069 | complete
Ep 150 | 드론5 목적지26 | 1000스텝 | 배송 24/26 | 재적재  3 | 중계율 0.11 | alpha 1.061 | step_limit
  [홀드아웃] 배송 44.1±3.7 완주 0.08 재적재 6.7 2홉+ 0.65 | 최고 44.1@ep150 정체 0/15  ← 갱신
Ep 151 | 드론6 목적지70 |  511스텝 | 배송 70/70 | 재적재 11 | 중계율 0.02 | alpha 1.050 | complete
Ep 152 | 드론8 목적지48 |  349스텝 | 배송 48/48 | 재적재  7 | 중계율 0.01 | alpha 1.037 | complete
Ep 153 | 드론8 목적지57 |  346스텝 | 배송 57/57 | 재적재  7 | 중계율 0.02 | alpha 1.032 | complete
Ep 154 | 드론8 목적지34 |  240스텝 | 배송 34/34 | 재적재  1 | 중계율 0.00 | alpha 1.037 | complete
Ep 155 | 드론8 목적지80 |  463스텝 | 배송 80/80 | 재적재 13 | 중계율 0.01 | alpha 1.039 | complete
Ep 156 | 드론7 목적지59 |  444스텝 | 배송 59/59 | 재적재  8 | 중계율 0.02 | alpha 1.046 | complete
Ep 157 | 드론4 목적지42 | 1000스텝 | 배송 38/42 | 재적재  6 | 중계율 0.07 | alpha 1.054 | step_limit
Ep 158 | 드론6 목적지76 |  879스텝 | 배송 76/76 | 재적재 13 | 중계율 0.03 | alpha 1.068 | complete
Ep 159 | 드론8 목적지47 |  348스텝 | 배송 47/47 | 재적재  6 | 중계율 0.01 | alpha 1.060 | complete
Ep 160 | 드론3 목적지62 | 1000스텝 | 배송 48/62 | 재적재  8 | 중계율 0.13 | alpha 1.054 | step_limit
Ep 161 | 드론4 목적지31 | 1000스텝 | 배송 26/31 | 재적재  4 | 중계율 0.03 | alpha 1.069 | step_limit
Ep 162 | 드론5 목적지26 |  666스텝 | 배송 26/26 | 재적재  3 | 중계율 0.07 | alpha 1.065 | complete
Ep 163 | 드론7 목적지21 |  340스텝 | 배송 21/21 | 재적재  1 | 중계율 0.03 | alpha 1.067 | complete
Ep 164 | 드론8 목적지79 |  611스텝 | 배송 79/79 | 재적재 14 | 중계율 0.02 | alpha 1.068 | complete
Ep 165 | 드론8 목적지47 |  462스텝 | 배송 47/47 | 재적재  7 | 중계율 0.02 | alpha 1.071 | complete
Ep 166 | 드론5 목적지77 |  736스텝 | 배송 77/77 | 재적재 13 | 중계율 0.04 | alpha 1.089 | complete
Ep 167 | 드론6 목적지77 | 1000스텝 | 배송 68/77 | 재적재 11 | 중계율 0.11 | alpha 1.108 | step_limit
Ep 168 | 드론8 목적지29 |  317스텝 | 배송 29/29 | 재적재  2 | 중계율 0.02 | alpha 1.115 | complete
Ep 169 | 드론8 목적지59 |  613스텝 | 배송 59/59 | 재적재  9 | 중계율 0.02 | alpha 1.120 | complete
Ep 170 | 드론4 목적지74 | 1000스텝 | 배송 58/74 | 재적재 11 | 중계율 0.09 | alpha 1.108 | step_limit
Ep 171 | 드론6 목적지34 |  355스텝 | 배송 34/34 | 재적재  4 | 중계율 0.01 | alpha 1.127 | complete
Ep 172 | 드론3 목적지43 | 1000스텝 | 배송 39/43 | 재적재  6 | 중계율 0.09 | alpha 1.157 | step_limit
Ep 173 | 드론5 목적지35 |  737스텝 | 배송 35/35 | 재적재  4 | 중계율 0.11 | alpha 1.165 | complete
Ep 174 | 드론8 목적지43 |  333스텝 | 배송 43/43 | 재적재  6 | 중계율 0.01 | alpha 1.168 | complete
Ep 175 | 드론8 목적지30 |  392스텝 | 배송 30/30 | 재적재  3 | 중계율 0.03 | alpha 1.172 | complete
Ep 176 | 드론8 목적지29 |  374스텝 | 배송 29/29 | 재적재  4 | 중계율 0.01 | alpha 1.165 | complete
Ep 177 | 드론3 목적지45 | 1000스텝 | 배송 33/45 | 재적재  5 | 중계율 0.17 | alpha 1.157 | step_limit
Ep 178 | 드론4 목적지20 | 1000스텝 | 배송 15/20 | 재적재  0 | 중계율 0.14 | alpha 1.164 | step_limit
Ep 179 | 드론8 목적지66 |  598스텝 | 배송 66/66 | 재적재  8 | 중계율 0.04 | alpha 1.169 | complete
Ep 180 | 드론7 목적지22 |  268스텝 | 배송 22/22 | 재적재  0 | 중계율 0.00 | alpha 1.167 | complete
Ep 181 | 드론8 목적지77 |  437스텝 | 배송 77/77 | 재적재 12 | 중계율 0.04 | alpha 1.166 | complete
Ep 182 | 드론5 목적지74 | 1000스텝 | 배송 70/74 | 재적재 11 | 중계율 0.10 | alpha 1.152 | step_limit
Ep 183 | 드론7 목적지40 |  280스텝 | 배송 40/40 | 재적재  5 | 중계율 0.02 | alpha 1.155 | complete
Ep 184 | 드론5 목적지77 |  801스텝 | 배송 77/77 | 재적재 13 | 중계율 0.03 | alpha 1.151 | complete
Ep 185 | 드론6 목적지72 |  701스텝 | 배송 72/72 | 재적재 12 | 중계율 0.03 | alpha 1.150 | complete
Ep 186 | 드론6 목적지74 |  684스텝 | 배송 74/74 | 재적재 12 | 중계율 0.03 | alpha 1.161 | complete
Ep 187 | 드론3 목적지65 | 1000스텝 | 배송 54/65 | 재적재  9 | 중계율 0.12 | alpha 1.171 | step_limit
Ep 188 | 드론3 목적지80 | 1000스텝 | 배송 44/80 | 재적재  7 | 중계율 0.15 | alpha 1.153 | step_limit
Ep 189 | 드론7 목적지55 |  492스텝 | 배송 55/55 | 재적재  8 | 중계율 0.04 | alpha 1.154 | complete
Ep 190 | 드론5 목적지36 |  616스텝 | 배송 36/36 | 재적재  6 | 중계율 0.08 | alpha 1.148 | complete
Ep 191 | 드론3 목적지28 | 1000스텝 | 배송 20/28 | 재적재  3 | 중계율 0.18 | alpha 1.158 | step_limit
Ep 192 | 드론7 목적지74 |  561스텝 | 배송 74/74 | 재적재 12 | 중계율 0.01 | alpha 1.162 | complete
Ep 193 | 드론5 목적지61 | 1000스텝 | 배송 56/61 | 재적재  9 | 중계율 0.11 | alpha 1.154 | step_limit
Ep 194 | 드론8 목적지73 |  439스텝 | 배송 73/73 | 재적재 10 | 중계율 0.02 | alpha 1.147 | complete
Ep 195 | 드론6 목적지69 |  667스텝 | 배송 69/69 | 재적재 11 | 중계율 0.03 | alpha 1.127 | complete
Ep 196 | 드론5 목적지47 |  598스텝 | 배송 47/47 | 재적재  6 | 중계율 0.01 | alpha 1.102 | complete
Ep 197 | 드론6 목적지27 |  386스텝 | 배송 27/27 | 재적재  2 | 중계율 0.02 | alpha 1.099 | complete
Ep 198 | 드론4 목적지56 | 1000스텝 | 배송 55/56 | 재적재  9 | 중계율 0.05 | alpha 1.107 | step_limit
Ep 199 | 드론4 목적지57 | 1000스텝 | 배송 52/57 | 재적재  9 | 중계율 0.11 | alpha 1.127 | step_limit
Ep 200 | 드론8 목적지64 |  455스텝 | 배송 64/64 | 재적재 11 | 중계율 0.02 | alpha 1.128 | complete
  [홀드아웃] 배송 45.4±3.6 완주 0.17 재적재 7.4 2홉+ 0.63 | 최고 45.4@ep200 정체 0/15  ← 갱신
Ep 201 | 드론7 목적지38 |  590스텝 | 배송 38/38 | 재적재  4 | 중계율 0.08 | alpha 1.123 | complete
Ep 202 | 드론3 목적지32 |  710스텝 | 배송 32/32 | 재적재  5 | 중계율 0.11 | alpha 1.132 | complete
Ep 203 | 드론5 목적지23 |  308스텝 | 배송 23/23 | 재적재  3 | 중계율 0.00 | alpha 1.133 | complete
Ep 204 | 드론5 목적지38 |  422스텝 | 배송 38/38 | 재적재  6 | 중계율 0.01 | alpha 1.135 | complete
Ep 205 | 드론5 목적지27 |  486스텝 | 배송 27/27 | 재적재  2 | 중계율 0.02 | alpha 1.134 | complete
Ep 206 | 드론3 목적지58 | 1000스텝 | 배송 35/58 | 재적재  6 | 중계율 0.03 | alpha 1.140 | step_limit
Ep 207 | 드론5 목적지52 | 1000스텝 | 배송 51/52 | 재적재  8 | 중계율 0.11 | alpha 1.139 | step_limit
Ep 208 | 드론5 목적지60 | 1000스텝 | 배송 52/60 | 재적재  7 | 중계율 0.17 | alpha 1.124 | step_limit
Ep 209 | 드론3 목적지72 | 1000스텝 | 배송 38/72 | 재적재  6 | 중계율 0.17 | alpha 1.138 | step_limit
Ep 210 | 드론8 목적지39 |  405스텝 | 배송 39/39 | 재적재  5 | 중계율 0.03 | alpha 1.129 | complete
Ep 211 | 드론4 목적지55 | 1000스텝 | 배송 54/55 | 재적재 10 | 중계율 0.10 | alpha 1.102 | step_limit
Ep 212 | 드론5 목적지62 |  744스텝 | 배송 62/62 | 재적재 11 | 중계율 0.03 | alpha 1.120 | complete
Ep 213 | 드론6 목적지77 |  568스텝 | 배송 77/77 | 재적재 12 | 중계율 0.01 | alpha 1.117 | complete
Ep 214 | 드론5 목적지44 |  787스텝 | 배송 44/44 | 재적재  8 | 중계율 0.02 | alpha 1.118 | complete
Ep 215 | 드론3 목적지49 | 1000스텝 | 배송 37/49 | 재적재  6 | 중계율 0.12 | alpha 1.109 | step_limit
Ep 216 | 드론7 목적지29 |  414스텝 | 배송 29/29 | 재적재  3 | 중계율 0.03 | alpha 1.111 | complete
Ep 217 | 드론6 목적지36 |  445스텝 | 배송 36/36 | 재적재  6 | 중계율 0.03 | alpha 1.112 | complete
Ep 218 | 드론7 목적지55 |  382스텝 | 배송 55/55 | 재적재  7 | 중계율 0.01 | alpha 1.124 | complete
Ep 219 | 드론4 목적지35 | 1000스텝 | 배송 34/35 | 재적재  5 | 중계율 0.15 | alpha 1.116 | step_limit
Ep 220 | 드론8 목적지73 |  510스텝 | 배송 73/73 | 재적재 12 | 중계율 0.02 | alpha 1.114 | complete
Ep 221 | 드론7 목적지25 |  169스텝 | 배송 25/25 | 재적재  0 | 중계율 0.03 | alpha 1.117 | complete
Ep 222 | 드론4 목적지30 |  995스텝 | 배송 30/30 | 재적재  4 | 중계율 0.07 | alpha 1.107 | complete
Ep 223 | 드론4 목적지45 | 1000스텝 | 배송 42/45 | 재적재  7 | 중계율 0.15 | alpha 1.117 | step_limit
Ep 224 | 드론6 목적지76 |  992스텝 | 배송 76/76 | 재적재 13 | 중계율 0.08 | alpha 1.126 | complete
Ep 225 | 드론6 목적지70 |  899스텝 | 배송 70/70 | 재적재 12 | 중계율 0.06 | alpha 1.106 | complete
Ep 226 | 드론7 목적지73 |  557스텝 | 배송 73/73 | 재적재 11 | 중계율 0.02 | alpha 1.109 | complete
Ep 227 | 드론8 목적지56 |  545스텝 | 배송 56/56 | 재적재  8 | 중계율 0.02 | alpha 1.125 | complete
Ep 228 | 드론7 목적지24 |  290스텝 | 배송 24/24 | 재적재  1 | 중계율 0.05 | alpha 1.129 | complete
Ep 229 | 드론3 목적지32 | 1000스텝 | 배송 27/32 | 재적재  4 | 중계율 0.17 | alpha 1.136 | step_limit
Ep 230 | 드론3 목적지62 | 1000스텝 | 배송 53/62 | 재적재 10 | 중계율 0.08 | alpha 1.123 | step_limit
Ep 231 | 드론4 목적지27 |  671스텝 | 배송 27/27 | 재적재  4 | 중계율 0.07 | alpha 1.125 | complete
Ep 232 | 드론8 목적지27 |  317스텝 | 배송 27/27 | 재적재  1 | 중계율 0.03 | alpha 1.128 | complete
Ep 233 | 드론7 목적지58 |  454스텝 | 배송 58/58 | 재적재  8 | 중계율 0.03 | alpha 1.131 | complete
Ep 234 | 드론5 목적지56 |  986스텝 | 배송 56/56 | 재적재 10 | 중계율 0.05 | alpha 1.155 | complete
Ep 235 | 드론5 목적지49 |  607스텝 | 배송 49/49 | 재적재  7 | 중계율 0.03 | alpha 1.161 | complete
Ep 236 | 드론8 목적지71 |  418스텝 | 배송 71/71 | 재적재 10 | 중계율 0.03 | alpha 1.170 | complete
Ep 237 | 드론7 목적지77 |  651스텝 | 배송 77/77 | 재적재 13 | 중계율 0.02 | alpha 1.192 | complete
Ep 238 | 드론8 목적지27 |  344스텝 | 배송 27/27 | 재적재  1 | 중계율 0.01 | alpha 1.190 | complete
Ep 239 | 드론6 목적지37 |  784스텝 | 배송 37/37 | 재적재  6 | 중계율 0.05 | alpha 1.175 | complete
Ep 240 | 드론8 목적지70 |  574스텝 | 배송 70/70 | 재적재 11 | 중계율 0.01 | alpha 1.171 | complete
Ep 241 | 드론3 목적지46 | 1000스텝 | 배송 40/46 | 재적재  7 | 중계율 0.09 | alpha 1.194 | step_limit
Ep 242 | 드론7 목적지65 |  547스텝 | 배송 65/65 | 재적재  9 | 중계율 0.02 | alpha 1.203 | complete
Ep 243 | 드론6 목적지39 |  635스텝 | 배송 39/39 | 재적재  5 | 중계율 0.07 | alpha 1.210 | complete
Ep 244 | 드론5 목적지51 |  841스텝 | 배송 51/51 | 재적재  9 | 중계율 0.05 | alpha 1.220 | complete
Ep 245 | 드론3 목적지52 | 1000스텝 | 배송 33/52 | 재적재  6 | 중계율 0.22 | alpha 1.235 | step_limit
Ep 246 | 드론6 목적지54 |  398스텝 | 배송 54/54 | 재적재  8 | 중계율 0.01 | alpha 1.240 | complete
Ep 247 | 드론8 목적지69 |  611스텝 | 배송 69/69 | 재적재 12 | 중계율 0.01 | alpha 1.238 | complete
Ep 248 | 드론4 목적지77 | 1000스텝 | 배송 54/77 | 재적재 10 | 중계율 0.10 | alpha 1.230 | step_limit
Ep 249 | 드론6 목적지70 |  675스텝 | 배송 70/70 | 재적재 12 | 중계율 0.02 | alpha 1.244 | complete
Ep 250 | 드론4 목적지51 | 1000스텝 | 배송 45/51 | 재적재  7 | 중계율 0.18 | alpha 1.256 | step_limit
  [홀드아웃] 배송 45.2±3.8 완주 0.08 재적재 7.5 2홉+ 0.62 | 최고 45.4@ep200 정체 1/15
Ep 251 | 드론8 목적지33 |  290스텝 | 배송 33/33 | 재적재  2 | 중계율 0.01 | alpha 1.255 | complete
Ep 252 | 드론4 목적지25 |  827스텝 | 배송 25/25 | 재적재  4 | 중계율 0.12 | alpha 1.261 | complete
Ep 253 | 드론6 목적지49 |  551스텝 | 배송 49/49 | 재적재  8 | 중계율 0.08 | alpha 1.273 | complete
Ep 254 | 드론7 목적지26 |  229스텝 | 배송 26/26 | 재적재  2 | 중계율 0.02 | alpha 1.279 | complete
Ep 255 | 드론5 목적지38 |  563스텝 | 배송 38/38 | 재적재  6 | 중계율 0.08 | alpha 1.281 | complete
Ep 256 | 드론5 목적지27 |  688스텝 | 배송 27/27 | 재적재  3 | 중계율 0.10 | alpha 1.278 | complete
Ep 257 | 드론3 목적지44 | 1000스텝 | 배송 41/44 | 재적재  7 | 중계율 0.14 | alpha 1.289 | step_limit
Ep 258 | 드론6 목적지73 |  900스텝 | 배송 73/73 | 재적재 12 | 중계율 0.03 | alpha 1.285 | complete
Ep 259 | 드론7 목적지65 |  830스텝 | 배송 65/65 | 재적재 10 | 중계율 0.05 | alpha 1.294 | complete
Ep 260 | 드론7 목적지49 |  386스텝 | 배송 49/49 | 재적재  6 | 중계율 0.03 | alpha 1.299 | complete
Ep 261 | 드론8 목적지21 |  194스텝 | 배송 21/21 | 재적재  0 | 중계율 0.03 | alpha 1.302 | complete
Ep 262 | 드론3 목적지69 | 1000스텝 | 배송 63/69 | 재적재 12 | 중계율 0.06 | alpha 1.286 | step_limit
Ep 263 | 드론5 목적지40 |  830스텝 | 배송 40/40 | 재적재  6 | 중계율 0.17 | alpha 1.281 | complete
Ep 264 | 드론6 목적지35 |  471스텝 | 배송 35/35 | 재적재  5 | 중계율 0.02 | alpha 1.295 | complete
Ep 265 | 드론8 목적지52 |  486스텝 | 배송 52/52 | 재적재  7 | 중계율 0.01 | alpha 1.300 | complete
Ep 266 | 드론4 목적지33 |  475스텝 | 배송 33/33 | 재적재  4 | 중계율 0.02 | alpha 1.321 | complete
Ep 267 | 드론8 목적지32 |  292스텝 | 배송 32/32 | 재적재  2 | 중계율 0.04 | alpha 1.326 | complete
Ep 268 | 드론5 목적지39 |  676스텝 | 배송 39/39 | 재적재  7 | 중계율 0.09 | alpha 1.325 | complete
Ep 269 | 드론6 목적지71 |  610스텝 | 배송 71/71 | 재적재 12 | 중계율 0.01 | alpha 1.322 | complete
Ep 270 | 드론4 목적지56 | 1000스텝 | 배송 49/56 | 재적재  9 | 중계율 0.15 | alpha 1.322 | step_limit
Ep 271 | 드론6 목적지66 |  495스텝 | 배송 66/66 | 재적재 11 | 중계율 0.02 | alpha 1.320 | complete
Ep 272 | 드론5 목적지33 |  496스텝 | 배송 33/33 | 재적재  4 | 중계율 0.02 | alpha 1.328 | complete
Ep 273 | 드론7 목적지75 |  631스텝 | 배송 75/75 | 재적재 12 | 중계율 0.05 | alpha 1.321 | complete
Ep 274 | 드론4 목적지63 |  921스텝 | 배송 63/63 | 재적재 11 | 중계율 0.06 | alpha 1.333 | complete
Ep 275 | 드론3 목적지46 | 1000스텝 | 배송 40/46 | 재적재  7 | 중계율 0.21 | alpha 1.350 | step_limit
Ep 276 | 드론6 목적지62 |  786스텝 | 배송 62/62 | 재적재 10 | 중계율 0.09 | alpha 1.355 | complete
Ep 277 | 드론8 목적지35 |  326스텝 | 배송 35/35 | 재적재  4 | 중계율 0.02 | alpha 1.360 | complete
Ep 278 | 드론5 목적지79 | 1000스텝 | 배송 78/79 | 재적재 12 | 중계율 0.03 | alpha 1.353 | step_limit
Ep 279 | 드론3 목적지50 | 1000스텝 | 배송 39/50 | 재적재  7 | 중계율 0.11 | alpha 1.353 | step_limit
Ep 280 | 드론3 목적지71 | 1000스텝 | 배송 48/71 | 재적재  8 | 중계율 0.13 | alpha 1.365 | step_limit
Ep 281 | 드론6 목적지52 |  706스텝 | 배송 52/52 | 재적재  9 | 중계율 0.09 | alpha 1.391 | complete
Ep 282 | 드론4 목적지55 |  780스텝 | 배송 55/55 | 재적재 10 | 중계율 0.05 | alpha 1.392 | complete
Ep 283 | 드론5 목적지44 |  488스텝 | 배송 44/44 | 재적재  7 | 중계율 0.03 | alpha 1.375 | complete
Ep 284 | 드론8 목적지61 |  396스텝 | 배송 61/61 | 재적재  8 | 중계율 0.01 | alpha 1.375 | complete
Ep 285 | 드론8 목적지61 |  339스텝 | 배송 61/61 | 재적재  7 | 중계율 0.03 | alpha 1.376 | complete
Ep 286 | 드론8 목적지35 |  259스텝 | 배송 35/35 | 재적재  2 | 중계율 0.01 | alpha 1.381 | complete
Ep 287 | 드론7 목적지42 |  360스텝 | 배송 42/42 | 재적재  4 | 중계율 0.02 | alpha 1.387 | complete
Ep 288 | 드론4 목적지26 |  714스텝 | 배송 26/26 | 재적재  4 | 중계율 0.15 | alpha 1.382 | complete
Ep 289 | 드론6 목적지71 |  917스텝 | 배송 71/71 | 재적재 12 | 중계율 0.05 | alpha 1.380 | complete
Ep 290 | 드론4 목적지34 |  835스텝 | 배송 34/34 | 재적재  6 | 중계율 0.09 | alpha 1.407 | complete
Ep 291 | 드론7 목적지70 |  503스텝 | 배송 70/70 | 재적재 11 | 중계율 0.02 | alpha 1.413 | complete
Ep 292 | 드론7 목적지25 |  358스텝 | 배송 25/25 | 재적재  2 | 중계율 0.01 | alpha 1.407 | complete
Ep 293 | 드론6 목적지78 |  751스텝 | 배송 78/78 | 재적재 13 | 중계율 0.03 | alpha 1.382 | complete
Ep 294 | 드론5 목적지63 |  693스텝 | 배송 63/63 | 재적재 11 | 중계율 0.03 | alpha 1.386 | complete
Ep 295 | 드론3 목적지40 | 1000스텝 | 배송 36/40 | 재적재  6 | 중계율 0.13 | alpha 1.404 | step_limit
Ep 296 | 드론3 목적지78 | 1000스텝 | 배송 49/78 | 재적재  8 | 중계율 0.10 | alpha 1.395 | step_limit
Ep 297 | 드론4 목적지76 | 1000스텝 | 배송 73/76 | 재적재 13 | 중계율 0.05 | alpha 1.393 | step_limit
Ep 298 | 드론7 목적지42 |  459스텝 | 배송 42/42 | 재적재  5 | 중계율 0.03 | alpha 1.397 | complete
Ep 299 | 드론7 목적지34 |  410스텝 | 배송 34/34 | 재적재  5 | 중계율 0.05 | alpha 1.391 | complete
Ep 300 | 드론8 목적지73 |  660스텝 | 배송 73/73 | 재적재 13 | 중계율 0.04 | alpha 1.415 | complete
  [홀드아웃] 배송 44.6±4.0 완주 0.08 재적재 7.1 2홉+ 0.64 | 최고 45.4@ep200 정체 2/15
Ep 301 | 드론6 목적지74 |  594스텝 | 배송 74/74 | 재적재 13 | 중계율 0.03 | alpha 1.424 | complete
Ep 302 | 드론3 목적지56 | 1000스텝 | 배송 51/56 | 재적재  9 | 중계율 0.12 | alpha 1.450 | step_limit
Ep 303 | 드론7 목적지24 |  273스텝 | 배송 24/24 | 재적재  1 | 중계율 0.01 | alpha 1.446 | complete
Ep 304 | 드론7 목적지67 |  613스텝 | 배송 67/67 | 재적재 11 | 중계율 0.04 | alpha 1.438 | complete
Ep 305 | 드론5 목적지69 |  918스텝 | 배송 69/69 | 재적재 12 | 중계율 0.07 | alpha 1.441 | complete
Ep 306 | 드론5 목적지30 |  457스텝 | 배송 30/30 | 재적재  3 | 중계율 0.05 | alpha 1.437 | complete
Ep 307 | 드론8 목적지46 |  369스텝 | 배송 46/46 | 재적재  7 | 중계율 0.01 | alpha 1.441 | complete
Ep 308 | 드론4 목적지45 |  912스텝 | 배송 45/45 | 재적재  7 | 중계율 0.08 | alpha 1.456 | complete
Ep 309 | 드론8 목적지80 |  590스텝 | 배송 80/80 | 재적재 14 | 중계율 0.04 | alpha 1.453 | complete
Ep 310 | 드론5 목적지26 |  664스텝 | 배송 26/26 | 재적재  3 | 중계율 0.05 | alpha 1.458 | complete
Ep 311 | 드론3 목적지52 | 1000스텝 | 배송 45/52 | 재적재  8 | 중계율 0.09 | alpha 1.454 | step_limit
Ep 312 | 드론4 목적지42 |  972스텝 | 배송 42/42 | 재적재  7 | 중계율 0.14 | alpha 1.480 | complete
Ep 313 | 드론3 목적지60 | 1000스텝 | 배송 48/60 | 재적재  9 | 중계율 0.16 | alpha 1.473 | step_limit
Ep 314 | 드론4 목적지78 | 1000스텝 | 배송 57/78 | 재적재 10 | 중계율 0.15 | alpha 1.492 | step_limit
Ep 315 | 드론7 목적지51 |  500스텝 | 배송 51/51 | 재적재  8 | 중계율 0.05 | alpha 1.508 | complete
Ep 316 | 드론6 목적지58 |  577스텝 | 배송 58/58 | 재적재  8 | 중계율 0.01 | alpha 1.524 | complete
Ep 317 | 드론6 목적지75 | 1000스텝 | 배송 74/75 | 재적재 13 | 중계율 0.06 | alpha 1.504 | step_limit
Ep 318 | 드론8 목적지56 |  515스텝 | 배송 56/56 | 재적재  8 | 중계율 0.03 | alpha 1.500 | complete
Ep 319 | 드론5 목적지69 |  794스텝 | 배송 69/69 | 재적재 12 | 중계율 0.08 | alpha 1.517 | complete
Ep 320 | 드론7 목적지45 |  488스텝 | 배송 45/45 | 재적재  8 | 중계율 0.04 | alpha 1.524 | complete
Ep 321 | 드론7 목적지28 |  208스텝 | 배송 28/28 | 재적재  1 | 중계율 0.00 | alpha 1.516 | complete
Ep 322 | 드론7 목적지59 |  420스텝 | 배송 59/59 | 재적재 10 | 중계율 0.02 | alpha 1.513 | complete
Ep 323 | 드론4 목적지44 | 1000스텝 | 배송 38/44 | 재적재  6 | 중계율 0.10 | alpha 1.525 | step_limit
Ep 324 | 드론4 목적지25 |  372스텝 | 배송 25/25 | 재적재  3 | 중계율 0.06 | alpha 1.533 | complete
Ep 325 | 드론8 목적지65 |  450스텝 | 배송 65/65 | 재적재 10 | 중계율 0.02 | alpha 1.527 | complete
Ep 326 | 드론5 목적지31 |  438스텝 | 배송 31/31 | 재적재  4 | 중계율 0.10 | alpha 1.509 | complete
Ep 327 | 드론7 목적지67 |  521스텝 | 배송 67/67 | 재적재 10 | 중계율 0.02 | alpha 1.521 | complete
Ep 328 | 드론4 목적지65 |  949스텝 | 배송 65/65 | 재적재 12 | 중계율 0.06 | alpha 1.522 | complete
Ep 329 | 드론7 목적지33 |  695스텝 | 배송 33/33 | 재적재  4 | 중계율 0.05 | alpha 1.530 | complete
Ep 330 | 드론7 목적지76 |  501스텝 | 배송 76/76 | 재적재 13 | 중계율 0.01 | alpha 1.513 | complete
Ep 331 | 드론5 목적지76 |  988스텝 | 배송 76/76 | 재적재 14 | 중계율 0.06 | alpha 1.529 | complete
Ep 332 | 드론7 목적지75 |  716스텝 | 배송 75/75 | 재적재 12 | 중계율 0.08 | alpha 1.539 | complete
Ep 333 | 드론5 목적지26 |  515스텝 | 배송 26/26 | 재적재  3 | 중계율 0.02 | alpha 1.547 | complete
Ep 334 | 드론3 목적지63 | 1000스텝 | 배송 44/63 | 재적재  7 | 중계율 0.09 | alpha 1.567 | step_limit
Ep 335 | 드론6 목적지28 |  391스텝 | 배송 28/28 | 재적재  4 | 중계율 0.02 | alpha 1.580 | complete
Ep 336 | 드론3 목적지54 | 1000스텝 | 배송 48/54 | 재적재  9 | 중계율 0.10 | alpha 1.598 | step_limit
Ep 337 | 드론5 목적지65 | 1000스텝 | 배송 54/65 | 재적재  8 | 중계율 0.15 | alpha 1.572 | step_limit
Ep 338 | 드론5 목적지68 |  969스텝 | 배송 68/68 | 재적재 12 | 중계율 0.10 | alpha 1.578 | complete
Ep 339 | 드론7 목적지47 |  408스텝 | 배송 47/47 | 재적재  7 | 중계율 0.03 | alpha 1.574 | complete
Ep 340 | 드론4 목적지73 | 1000스텝 | 배송 57/73 | 재적재 11 | 중계율 0.12 | alpha 1.597 | step_limit
Ep 341 | 드론4 목적지64 | 1000스텝 | 배송 52/64 | 재적재  8 | 중계율 0.19 | alpha 1.593 | step_limit
Ep 342 | 드론5 목적지26 |  332스텝 | 배송 26/26 | 재적재  3 | 중계율 0.01 | alpha 1.596 | complete
Ep 343 | 드론8 목적지58 |  406스텝 | 배송 58/58 | 재적재  6 | 중계율 0.03 | alpha 1.601 | complete
Ep 344 | 드론6 목적지23 |  256스텝 | 배송 23/23 | 재적재  1 | 중계율 0.02 | alpha 1.602 | complete
Ep 345 | 드론7 목적지53 |  504스텝 | 배송 53/53 | 재적재  8 | 중계율 0.03 | alpha 1.612 | complete
Ep 346 | 드론4 목적지21 |  534스텝 | 배송 21/21 | 재적재  3 | 중계율 0.03 | alpha 1.617 | complete
Ep 347 | 드론7 목적지39 |  286스텝 | 배송 39/39 | 재적재  5 | 중계율 0.03 | alpha 1.627 | complete
Ep 348 | 드론7 목적지46 |  307스텝 | 배송 46/46 | 재적재  7 | 중계율 0.01 | alpha 1.619 | complete
Ep 349 | 드론6 목적지37 |  491스텝 | 배송 37/37 | 재적재  6 | 중계율 0.10 | alpha 1.627 | complete
Ep 350 | 드론4 목적지42 | 1000스텝 | 배송 40/42 | 재적재  6 | 중계율 0.14 | alpha 1.624 | step_limit
  [홀드아웃] 배송 46.1±2.3 완주 0.17 재적재 7.7 2홉+ 0.63 | 최고 46.1@ep350 정체 0/15  ← 갱신
Ep 351 | 드론7 목적지54 |  474스텝 | 배송 54/54 | 재적재  8 | 중계율 0.04 | alpha 1.631 | complete
Ep 352 | 드론6 목적지69 |  868스텝 | 배송 69/69 | 재적재 11 | 중계율 0.05 | alpha 1.616 | complete
Ep 353 | 드론3 목적지44 | 1000스텝 | 배송 42/44 | 재적재  7 | 중계율 0.12 | alpha 1.609 | step_limit
Ep 354 | 드론4 목적지49 | 1000스텝 | 배송 46/49 | 재적재  8 | 중계율 0.07 | alpha 1.628 | step_limit
Ep 355 | 드론3 목적지28 |  655스텝 | 배송 28/28 | 재적재  5 | 중계율 0.10 | alpha 1.635 | complete
Ep 356 | 드론3 목적지79 | 1000스텝 | 배송 60/79 | 재적재 10 | 중계율 0.04 | alpha 1.644 | step_limit
Ep 357 | 드론6 목적지71 |  634스텝 | 배송 71/71 | 재적재 13 | 중계율 0.02 | alpha 1.642 | complete
Ep 358 | 드론3 목적지30 | 1000스텝 | 배송 29/30 | 재적재  5 | 중계율 0.14 | alpha 1.659 | step_limit
Ep 359 | 드론5 목적지74 |  914스텝 | 배송 74/74 | 재적재 13 | 중계율 0.03 | alpha 1.662 | complete
Ep 360 | 드론7 목적지47 |  515스텝 | 배송 47/47 | 재적재  6 | 중계율 0.04 | alpha 1.648 | complete
Ep 361 | 드론5 목적지43 |  661스텝 | 배송 43/43 | 재적재  7 | 중계율 0.07 | alpha 1.636 | complete
Ep 362 | 드론8 목적지78 |  626스텝 | 배송 78/78 | 재적재 13 | 중계율 0.03 | alpha 1.639 | complete
Ep 363 | 드론6 목적지70 |  476스텝 | 배송 70/70 | 재적재 13 | 중계율 0.01 | alpha 1.653 | complete
Ep 364 | 드론4 목적지64 | 1000스텝 | 배송 63/64 | 재적재 11 | 중계율 0.10 | alpha 1.655 | step_limit
Ep 365 | 드론3 목적지63 | 1000스텝 | 배송 51/63 | 재적재  9 | 중계율 0.19 | alpha 1.649 | step_limit
Ep 366 | 드론5 목적지44 |  689스텝 | 배송 44/44 | 재적재  8 | 중계율 0.09 | alpha 1.659 | complete
Ep 367 | 드론6 목적지38 |  346스텝 | 배송 38/38 | 재적재  5 | 중계율 0.03 | alpha 1.685 | complete
Ep 368 | 드론4 목적지37 |  531스텝 | 배송 37/37 | 재적재  5 | 중계율 0.04 | alpha 1.693 | complete
Ep 369 | 드론3 목적지42 | 1000스텝 | 배송 36/42 | 재적재  7 | 중계율 0.05 | alpha 1.682 | step_limit
Ep 370 | 드론5 목적지70 | 1000스텝 | 배송 69/70 | 재적재 12 | 중계율 0.11 | alpha 1.677 | step_limit
Ep 371 | 드론5 목적지40 |  666스텝 | 배송 40/40 | 재적재  7 | 중계율 0.08 | alpha 1.673 | complete
Ep 372 | 드론6 목적지29 |  288스텝 | 배송 29/29 | 재적재  4 | 중계율 0.02 | alpha 1.676 | complete
Ep 373 | 드론3 목적지79 | 1000스텝 | 배송 55/79 | 재적재 10 | 중계율 0.08 | alpha 1.681 | step_limit
Ep 374 | 드론5 목적지40 |  696스텝 | 배송 40/40 | 재적재  6 | 중계율 0.07 | alpha 1.685 | complete
Ep 375 | 드론4 목적지28 |  669스텝 | 배송 28/28 | 재적재  4 | 중계율 0.07 | alpha 1.697 | complete
Ep 376 | 드론5 목적지40 |  694스텝 | 배송 40/40 | 재적재  7 | 중계율 0.11 | alpha 1.722 | complete
Ep 377 | 드론4 목적지72 | 1000스텝 | 배송 59/72 | 재적재 11 | 중계율 0.16 | alpha 1.728 | step_limit
Ep 378 | 드론8 목적지61 |  438스텝 | 배송 61/61 | 재적재  9 | 중계율 0.04 | alpha 1.706 | complete
Ep 379 | 드론6 목적지68 |  787스텝 | 배송 68/68 | 재적재 11 | 중계율 0.10 | alpha 1.709 | complete
Ep 380 | 드론4 목적지24 |  593스텝 | 배송 24/24 | 재적재  3 | 중계율 0.07 | alpha 1.715 | complete
Ep 381 | 드론5 목적지52 | 1000스텝 | 배송 50/52 | 재적재  8 | 중계율 0.09 | alpha 1.730 | step_limit
Ep 382 | 드론6 목적지35 |  626스텝 | 배송 35/35 | 재적재  4 | 중계율 0.07 | alpha 1.749 | complete
Ep 383 | 드론3 목적지47 | 1000스텝 | 배송 35/47 | 재적재  6 | 중계율 0.11 | alpha 1.775 | step_limit
Ep 384 | 드론5 목적지28 |  439스텝 | 배송 28/28 | 재적재  5 | 중계율 0.04 | alpha 1.775 | complete
Ep 385 | 드론7 목적지70 |  543스텝 | 배송 70/70 | 재적재 12 | 중계율 0.02 | alpha 1.783 | complete
Ep 386 | 드론6 목적지71 |  863스텝 | 배송 71/71 | 재적재 11 | 중계율 0.04 | alpha 1.763 | complete
Ep 387 | 드론4 목적지49 |  955스텝 | 배송 49/49 | 재적재  8 | 중계율 0.06 | alpha 1.744 | complete
Ep 388 | 드론5 목적지21 |  472스텝 | 배송 21/21 | 재적재  2 | 중계율 0.11 | alpha 1.747 | complete
Ep 389 | 드론7 목적지60 |  452스텝 | 배송 60/60 | 재적재  8 | 중계율 0.01 | alpha 1.754 | complete
Ep 390 | 드론6 목적지30 |  402스텝 | 배송 30/30 | 재적재  4 | 중계율 0.03 | alpha 1.750 | complete
Ep 391 | 드론3 목적지51 | 1000스텝 | 배송 48/51 | 재적재  8 | 중계율 0.05 | alpha 1.734 | step_limit
Ep 392 | 드론4 목적지39 |  989스텝 | 배송 39/39 | 재적재  6 | 중계율 0.10 | alpha 1.757 | complete
Ep 393 | 드론8 목적지73 |  618스텝 | 배송 73/73 | 재적재 11 | 중계율 0.01 | alpha 1.768 | complete
Ep 394 | 드론3 목적지32 | 1000스텝 | 배송 30/32 | 재적재  5 | 중계율 0.12 | alpha 1.782 | step_limit
Ep 395 | 드론7 목적지70 |  490스텝 | 배송 70/70 | 재적재 11 | 중계율 0.00 | alpha 1.772 | complete
Ep 396 | 드론8 목적지28 |  176스텝 | 배송 28/28 | 재적재  1 | 중계율 0.01 | alpha 1.774 | complete
Ep 397 | 드론3 목적지39 | 1000스텝 | 배송 35/39 | 재적재  6 | 중계율 0.10 | alpha 1.800 | step_limit
Ep 398 | 드론5 목적지40 |  710스텝 | 배송 40/40 | 재적재  6 | 중계율 0.07 | alpha 1.820 | complete
Ep 399 | 드론3 목적지51 | 1000스텝 | 배송 41/51 | 재적재  7 | 중계율 0.12 | alpha 1.837 | step_limit
Ep 400 | 드론3 목적지79 | 1000스텝 | 배송 51/79 | 재적재  9 | 중계율 0.09 | alpha 1.880 | step_limit
  [홀드아웃] 배송 45.3±3.1 완주 0.17 재적재 7.8 2홉+ 0.63 | 최고 46.1@ep350 정체 1/15
Ep 401 | 드론3 목적지63 | 1000스텝 | 배송 44/63 | 재적재  8 | 중계율 0.06 | alpha 1.870 | step_limit
Ep 402 | 드론4 목적지32 |  438스텝 | 배송 32/32 | 재적재  4 | 중계율 0.03 | alpha 1.859 | complete
Ep 403 | 드론5 목적지76 | 1000스텝 | 배송 72/76 | 재적재 12 | 중계율 0.05 | alpha 1.858 | step_limit
Ep 404 | 드론6 목적지23 |  173스텝 | 배송 23/23 | 재적재  0 | 중계율 0.02 | alpha 1.857 | complete
Ep 405 | 드론5 목적지67 |  916스텝 | 배송 67/67 | 재적재 12 | 중계율 0.08 | alpha 1.847 | complete
Ep 406 | 드론5 목적지48 |  436스텝 | 배송 48/48 | 재적재  6 | 중계율 0.02 | alpha 1.839 | complete
Ep 407 | 드론4 목적지72 | 1000스텝 | 배송 67/72 | 재적재 11 | 중계율 0.07 | alpha 1.848 | step_limit
Ep 408 | 드론8 목적지79 |  463스텝 | 배송 79/79 | 재적재 12 | 중계율 0.05 | alpha 1.870 | complete
Ep 409 | 드론7 목적지28 |  230스텝 | 배송 28/28 | 재적재  2 | 중계율 0.00 | alpha 1.878 | complete
Ep 410 | 드론7 목적지46 |  603스텝 | 배송 46/46 | 재적재  6 | 중계율 0.05 | alpha 1.884 | complete
Ep 411 | 드론8 목적지69 |  466스텝 | 배송 69/69 | 재적재  8 | 중계율 0.01 | alpha 1.863 | complete
Ep 412 | 드론3 목적지47 | 1000스텝 | 배송 44/47 | 재적재  7 | 중계율 0.05 | alpha 1.882 | step_limit
Ep 413 | 드론6 목적지45 |  471스텝 | 배송 45/45 | 재적재  6 | 중계율 0.02 | alpha 1.876 | complete
Ep 414 | 드론4 목적지76 | 1000스텝 | 배송 66/76 | 재적재 11 | 중계율 0.04 | alpha 1.864 | step_limit
Ep 415 | 드론5 목적지79 | 1000스텝 | 배송 77/79 | 재적재 14 | 중계율 0.07 | alpha 1.882 | step_limit
Ep 416 | 드론4 목적지20 |  673스텝 | 배송 20/20 | 재적재  2 | 중계율 0.03 | alpha 1.870 | complete
Ep 417 | 드론3 목적지45 | 1000스텝 | 배송 43/45 | 재적재  8 | 중계율 0.08 | alpha 1.833 | step_limit
Ep 418 | 드론5 목적지75 |  862스텝 | 배송 75/75 | 재적재 13 | 중계율 0.05 | alpha 1.826 | complete
Ep 419 | 드론8 목적지78 |  512스텝 | 배송 78/78 | 재적재 12 | 중계율 0.02 | alpha 1.825 | complete
Ep 420 | 드론7 목적지33 |  348스텝 | 배송 33/33 | 재적재  3 | 중계율 0.01 | alpha 1.831 | complete
Ep 421 | 드론5 목적지62 |  946스텝 | 배송 62/62 | 재적재 11 | 중계율 0.07 | alpha 1.854 | complete
Ep 422 | 드론7 목적지51 |  480스텝 | 배송 51/51 | 재적재  7 | 중계율 0.05 | alpha 1.870 | complete
Ep 423 | 드론5 목적지44 |  654스텝 | 배송 44/44 | 재적재  7 | 중계율 0.09 | alpha 1.882 | complete
Ep 424 | 드론5 목적지33 |  783스텝 | 배송 33/33 | 재적재  5 | 중계율 0.14 | alpha 1.856 | complete
Ep 425 | 드론3 목적지33 | 1000스텝 | 배송 31/33 | 재적재  5 | 중계율 0.07 | alpha 1.823 | step_limit
Ep 426 | 드론6 목적지24 |  291스텝 | 배송 24/24 | 재적재  2 | 중계율 0.01 | alpha 1.826 | complete
Ep 427 | 드론5 목적지64 |  822스텝 | 배송 64/64 | 재적재 11 | 중계율 0.14 | alpha 1.824 | complete
Ep 428 | 드론8 목적지53 |  459스텝 | 배송 53/53 | 재적재  6 | 중계율 0.02 | alpha 1.824 | complete
Ep 429 | 드론5 목적지36 |  587스텝 | 배송 36/36 | 재적재  5 | 중계율 0.03 | alpha 1.840 | complete
Ep 430 | 드론8 목적지48 |  533스텝 | 배송 48/48 | 재적재  7 | 중계율 0.02 | alpha 1.851 | complete
Ep 431 | 드론3 목적지56 | 1000스텝 | 배송 46/56 | 재적재  8 | 중계율 0.15 | alpha 1.884 | step_limit
Ep 432 | 드론5 목적지45 |  637스텝 | 배송 45/45 | 재적재  7 | 중계율 0.03 | alpha 1.884 | complete
Ep 433 | 드론6 목적지25 |  323스텝 | 배송 25/25 | 재적재  4 | 중계율 0.05 | alpha 1.872 | complete
Ep 434 | 드론4 목적지58 | 1000스텝 | 배송 57/58 | 재적재 10 | 중계율 0.09 | alpha 1.839 | step_limit
Ep 435 | 드론5 목적지72 | 1000스텝 | 배송 60/72 | 재적재 10 | 중계율 0.15 | alpha 1.842 | step_limit
Ep 436 | 드론3 목적지71 | 1000스텝 | 배송 54/71 | 재적재  9 | 중계율 0.05 | alpha 1.862 | step_limit
Ep 437 | 드론4 목적지53 | 1000스텝 | 배송 49/53 | 재적재  8 | 중계율 0.09 | alpha 1.868 | step_limit
Ep 438 | 드론8 목적지31 |  217스텝 | 배송 31/31 | 재적재  1 | 중계율 0.02 | alpha 1.875 | complete
Ep 439 | 드론8 목적지77 |  470스텝 | 배송 77/77 | 재적재 12 | 중계율 0.01 | alpha 1.870 | complete
Ep 440 | 드론5 목적지73 |  996스텝 | 배송 73/73 | 재적재 14 | 중계율 0.08 | alpha 1.886 | complete
Ep 441 | 드론7 목적지27 |  285스텝 | 배송 27/27 | 재적재  3 | 중계율 0.01 | alpha 1.888 | complete
Ep 442 | 드론5 목적지20 |  452스텝 | 배송 20/20 | 재적재  1 | 중계율 0.05 | alpha 1.897 | complete
Ep 443 | 드론6 목적지73 |  633스텝 | 배송 73/73 | 재적재 13 | 중계율 0.02 | alpha 1.884 | complete
Ep 444 | 드론3 목적지56 | 1000스텝 | 배송 53/56 | 재적재 10 | 중계율 0.04 | alpha 1.848 | step_limit
Ep 445 | 드론7 목적지20 |  263스텝 | 배송 20/20 | 재적재  1 | 중계율 0.02 | alpha 1.855 | complete
Ep 446 | 드론3 목적지26 |  888스텝 | 배송 26/26 | 재적재  4 | 중계율 0.10 | alpha 1.860 | complete
Ep 447 | 드론5 목적지41 |  450스텝 | 배송 41/41 | 재적재  7 | 중계율 0.02 | alpha 1.873 | complete
Ep 448 | 드론7 목적지73 |  546스텝 | 배송 73/73 | 재적재 12 | 중계율 0.02 | alpha 1.887 | complete
Ep 449 | 드론5 목적지56 | 1000스텝 | 배송 54/56 | 재적재 10 | 중계율 0.07 | alpha 1.893 | step_limit
Ep 450 | 드론5 목적지35 |  599스텝 | 배송 35/35 | 재적재  6 | 중계율 0.07 | alpha 1.875 | complete
  [홀드아웃] 배송 46.2±2.1 완주 0.17 재적재 7.8 2홉+ 0.62 | 최고 46.2@ep450 정체 0/15  ← 갱신
Ep 451 | 드론6 목적지77 |  714스텝 | 배송 77/77 | 재적재 14 | 중계율 0.02 | alpha 1.885 | complete
Ep 452 | 드론4 목적지22 |  626스텝 | 배송 22/22 | 재적재  3 | 중계율 0.06 | alpha 1.860 | complete
Ep 453 | 드론8 목적지47 |  332스텝 | 배송 47/47 | 재적재  6 | 중계율 0.00 | alpha 1.855 | complete
Ep 454 | 드론6 목적지72 |  740스텝 | 배송 72/72 | 재적재 12 | 중계율 0.04 | alpha 1.857 | complete
Ep 455 | 드론7 목적지63 |  529스텝 | 배송 63/63 | 재적재 10 | 중계율 0.05 | alpha 1.873 | complete
Ep 456 | 드론4 목적지73 | 1000스텝 | 배송 67/73 | 재적재 12 | 중계율 0.10 | alpha 1.901 | step_limit
Ep 457 | 드론7 목적지36 |  573스텝 | 배송 36/36 | 재적재  5 | 중계율 0.08 | alpha 1.897 | complete
Ep 458 | 드론7 목적지78 |  547스텝 | 배송 78/78 | 재적재 13 | 중계율 0.01 | alpha 1.890 | complete
Ep 459 | 드론7 목적지45 |  485스텝 | 배송 45/45 | 재적재  7 | 중계율 0.04 | alpha 1.900 | complete
Ep 460 | 드론5 목적지70 | 1000스텝 | 배송 65/70 | 재적재 11 | 중계율 0.12 | alpha 1.903 | step_limit
Ep 461 | 드론3 목적지39 | 1000스텝 | 배송 36/39 | 재적재  7 | 중계율 0.12 | alpha 1.894 | step_limit
Ep 462 | 드론6 목적지62 |  471스텝 | 배송 62/62 | 재적재 11 | 중계율 0.01 | alpha 1.906 | complete
Ep 463 | 드론5 목적지67 | 1000스텝 | 배송 64/67 | 재적재 12 | 중계율 0.08 | alpha 1.933 | step_limit
Ep 464 | 드론4 목적지33 |  503스텝 | 배송 33/33 | 재적재  5 | 중계율 0.05 | alpha 1.935 | complete
Ep 465 | 드론6 목적지80 | 1000스텝 | 배송 75/80 | 재적재 13 | 중계율 0.10 | alpha 1.914 | step_limit
Ep 466 | 드론7 목적지42 |  368스텝 | 배송 42/42 | 재적재  7 | 중계율 0.01 | alpha 1.933 | complete
Ep 467 | 드론4 목적지63 |  987스텝 | 배송 63/63 | 재적재 11 | 중계율 0.06 | alpha 1.932 | complete
Ep 468 | 드론4 목적지78 | 1000스텝 | 배송 63/78 | 재적재 11 | 중계율 0.13 | alpha 1.945 | step_limit
Ep 469 | 드론7 목적지48 |  482스텝 | 배송 48/48 | 재적재  7 | 중계율 0.01 | alpha 1.950 | complete
Ep 470 | 드론6 목적지70 |  801스텝 | 배송 70/70 | 재적재 11 | 중계율 0.05 | alpha 1.953 | complete
Ep 471 | 드론4 목적지24 |  389스텝 | 배송 24/24 | 재적재  4 | 중계율 0.04 | alpha 1.964 | complete
Ep 472 | 드론8 목적지62 |  550스텝 | 배송 62/62 | 재적재 10 | 중계율 0.02 | alpha 1.950 | complete
Ep 473 | 드론5 목적지30 |  460스텝 | 배송 30/30 | 재적재  3 | 중계율 0.07 | alpha 1.969 | complete
Ep 474 | 드론5 목적지37 |  515스텝 | 배송 37/37 | 재적재  5 | 중계율 0.05 | alpha 1.970 | complete
Ep 475 | 드론3 목적지71 | 1000스텝 | 배송 59/71 | 재적재 11 | 중계율 0.09 | alpha 1.965 | step_limit
Ep 476 | 드론3 목적지29 |  826스텝 | 배송 29/29 | 재적재  5 | 중계율 0.06 | alpha 1.953 | complete
Ep 477 | 드론5 목적지36 |  932스텝 | 배송 36/36 | 재적재  6 | 중계율 0.09 | alpha 1.959 | complete
Ep 478 | 드론4 목적지52 | 1000스텝 | 배송 47/52 | 재적재  8 | 중계율 0.09 | alpha 1.955 | step_limit
Ep 479 | 드론6 목적지75 | 1000스텝 | 배송 73/75 | 재적재 13 | 중계율 0.06 | alpha 1.962 | step_limit
Ep 480 | 드론7 목적지64 |  600스텝 | 배송 64/64 | 재적재 10 | 중계율 0.01 | alpha 1.963 | complete
Ep 481 | 드론5 목적지70 | 1000스텝 | 배송 69/70 | 재적재 12 | 중계율 0.07 | alpha 1.984 | step_limit
Ep 482 | 드론8 목적지39 |  412스텝 | 배송 39/39 | 재적재  5 | 중계율 0.01 | alpha 1.996 | complete
Ep 483 | 드론6 목적지51 |  713스텝 | 배송 51/51 | 재적재  9 | 중계율 0.03 | alpha 1.990 | complete
Ep 484 | 드론6 목적지43 |  525스텝 | 배송 43/43 | 재적재  6 | 중계율 0.04 | alpha 1.987 | complete
Ep 485 | 드론5 목적지36 |  406스텝 | 배송 36/36 | 재적재  5 | 중계율 0.02 | alpha 1.981 | complete
Ep 486 | 드론4 목적지53 | 1000스텝 | 배송 42/53 | 재적재  7 | 중계율 0.05 | alpha 1.977 | step_limit
Ep 487 | 드론8 목적지34 |  337스텝 | 배송 34/34 | 재적재  3 | 중계율 0.02 | alpha 1.978 | complete
Ep 488 | 드론4 목적지73 | 1000스텝 | 배송 63/73 | 재적재 11 | 중계율 0.07 | alpha 2.002 | step_limit
Ep 489 | 드론7 목적지52 |  641스텝 | 배송 52/52 | 재적재  8 | 중계율 0.03 | alpha 1.991 | complete
Ep 490 | 드론7 목적지40 |  349스텝 | 배송 40/40 | 재적재  5 | 중계율 0.02 | alpha 1.979 | complete
Ep 491 | 드론3 목적지47 | 1000스텝 | 배송 46/47 | 재적재  8 | 중계율 0.06 | alpha 1.964 | step_limit
Ep 492 | 드론4 목적지71 | 1000스텝 | 배송 63/71 | 재적재 11 | 중계율 0.10 | alpha 1.979 | step_limit
Ep 493 | 드론5 목적지46 |  864스텝 | 배송 46/46 | 재적재  7 | 중계율 0.05 | alpha 1.953 | complete
Ep 494 | 드론3 목적지47 | 1000스텝 | 배송 45/47 | 재적재  8 | 중계율 0.07 | alpha 1.965 | step_limit
Ep 495 | 드론5 목적지45 |  707스텝 | 배송 45/45 | 재적재  7 | 중계율 0.08 | alpha 1.964 | complete
Ep 496 | 드론7 목적지65 |  444스텝 | 배송 65/65 | 재적재 10 | 중계율 0.01 | alpha 1.971 | complete
Ep 497 | 드론3 목적지35 | 1000스텝 | 배송 31/35 | 재적재  6 | 중계율 0.14 | alpha 1.988 | step_limit
Ep 498 | 드론6 목적지39 |  737스텝 | 배송 39/39 | 재적재  6 | 중계율 0.08 | alpha 2.004 | complete
Ep 499 | 드론6 목적지28 |  274스텝 | 배송 28/28 | 재적재  3 | 중계율 0.02 | alpha 1.992 | complete
Ep 500 | 드론5 목적지49 |  699스텝 | 배송 49/49 | 재적재  8 | 중계율 0.10 | alpha 2.008 | complete
  [홀드아웃] 배송 47.2±2.0 완주 0.17 재적재 8.2 2홉+ 0.63 | 최고 47.2@ep500 정체 0/15  ← 갱신
Ep 501 | 드론6 목적지26 |  314스텝 | 배송 26/26 | 재적재  3 | 중계율 0.02 | alpha 2.017 | complete
Ep 502 | 드론8 목적지69 |  493스텝 | 배송 69/69 | 재적재 11 | 중계율 0.01 | alpha 2.016 | complete
Ep 503 | 드론8 목적지44 |  382스텝 | 배송 44/44 | 재적재  7 | 중계율 0.01 | alpha 2.021 | complete
Ep 504 | 드론8 목적지34 |  389스텝 | 배송 34/34 | 재적재  1 | 중계율 0.01 | alpha 2.010 | complete
Ep 505 | 드론7 목적지77 | 1000스텝 | 배송 75/77 | 재적재 12 | 중계율 0.13 | alpha 1.997 | step_limit
Ep 506 | 드론8 목적지55 |  407스텝 | 배송 55/55 | 재적재  7 | 중계율 0.01 | alpha 1.981 | complete
Ep 507 | 드론3 목적지61 | 1000스텝 | 배송 56/61 | 재적재 11 | 중계율 0.05 | alpha 1.985 | step_limit
Ep 508 | 드론5 목적지24 |  678스텝 | 배송 24/24 | 재적재  2 | 중계율 0.05 | alpha 1.998 | complete
Ep 509 | 드론3 목적지48 | 1000스텝 | 배송 39/48 | 재적재  7 | 중계율 0.19 | alpha 1.976 | step_limit
Ep 510 | 드론7 목적지71 |  698스텝 | 배송 71/71 | 재적재 12 | 중계율 0.06 | alpha 1.974 | complete
Ep 511 | 드론7 목적지39 |  348스텝 | 배송 39/39 | 재적재  5 | 중계율 0.02 | alpha 1.976 | complete
Ep 512 | 드론6 목적지29 |  239스텝 | 배송 29/29 | 재적재  2 | 중계율 0.00 | alpha 1.984 | complete
Ep 513 | 드론7 목적지46 |  544스텝 | 배송 46/46 | 재적재  6 | 중계율 0.04 | alpha 1.990 | complete
Ep 514 | 드론3 목적지49 | 1000스텝 | 배송 36/49 | 재적재  6 | 중계율 0.08 | alpha 1.997 | step_limit
Ep 515 | 드론3 목적지70 | 1000스텝 | 배송 59/70 | 재적재 11 | 중계율 0.07 | alpha 1.987 | step_limit
Ep 516 | 드론6 목적지63 |  925스텝 | 배송 63/63 | 재적재 10 | 중계율 0.08 | alpha 1.983 | complete
Ep 517 | 드론6 목적지44 |  493스텝 | 배송 44/44 | 재적재  6 | 중계율 0.04 | alpha 1.982 | complete
Ep 518 | 드론3 목적지57 | 1000스텝 | 배송 40/57 | 재적재  7 | 중계율 0.11 | alpha 2.007 | step_limit
Ep 519 | 드론8 목적지34 |  229스텝 | 배송 34/34 | 재적재  3 | 중계율 0.00 | alpha 1.999 | complete
Ep 520 | 드론5 목적지68 |  980스텝 | 배송 68/68 | 재적재 12 | 중계율 0.04 | alpha 1.997 | complete
Ep 521 | 드론6 목적지71 |  931스텝 | 배송 71/71 | 재적재 13 | 중계율 0.04 | alpha 2.017 | complete
Ep 522 | 드론5 목적지72 |  835스텝 | 배송 72/72 | 재적재 12 | 중계율 0.04 | alpha 2.035 | complete
Ep 523 | 드론5 목적지27 |  481스텝 | 배송 27/27 | 재적재  3 | 중계율 0.03 | alpha 2.045 | complete
Ep 524 | 드론4 목적지37 | 1000스텝 | 배송 33/37 | 재적재  6 | 중계율 0.17 | alpha 2.050 | step_limit
Ep 525 | 드론4 목적지79 | 1000스텝 | 배송 64/79 | 재적재 12 | 중계율 0.10 | alpha 2.074 | step_limit
Ep 526 | 드론4 목적지39 | 1000스텝 | 배송 33/39 | 재적재  6 | 중계율 0.16 | alpha 2.053 | step_limit
Ep 527 | 드론5 목적지42 |  628스텝 | 배송 42/42 | 재적재  7 | 중계율 0.07 | alpha 2.048 | complete
Ep 528 | 드론4 목적지51 |  845스텝 | 배송 51/51 | 재적재  9 | 중계율 0.06 | alpha 2.042 | complete
Ep 529 | 드론5 목적지21 |  267스텝 | 배송 21/21 | 재적재  2 | 중계율 0.02 | alpha 2.041 | complete
Ep 530 | 드론6 목적지34 |  422스텝 | 배송 34/34 | 재적재  5 | 중계율 0.00 | alpha 2.040 | complete
Ep 531 | 드론8 목적지64 |  560스텝 | 배송 64/64 | 재적재 10 | 중계율 0.03 | alpha 2.041 | complete
Ep 532 | 드론8 목적지78 |  737스텝 | 배송 78/78 | 재적재 14 | 중계율 0.01 | alpha 2.038 | complete
Ep 533 | 드론6 목적지68 |  600스텝 | 배송 68/68 | 재적재 12 | 중계율 0.02 | alpha 2.045 | complete
Ep 534 | 드론4 목적지25 | 1000스텝 | 배송 22/25 | 재적재  4 | 중계율 0.16 | alpha 2.052 | step_limit
Ep 535 | 드론4 목적지25 |  583스텝 | 배송 25/25 | 재적재  4 | 중계율 0.05 | alpha 2.035 | complete
Ep 536 | 드론8 목적지71 |  504스텝 | 배송 71/71 | 재적재 11 | 중계율 0.02 | alpha 2.042 | complete
Ep 537 | 드론7 목적지31 |  332스텝 | 배송 31/31 | 재적재  4 | 중계율 0.03 | alpha 2.050 | complete
Ep 538 | 드론6 목적지55 |  807스텝 | 배송 55/55 | 재적재 10 | 중계율 0.09 | alpha 2.056 | complete
Ep 539 | 드론4 목적지46 |  967스텝 | 배송 46/46 | 재적재  7 | 중계율 0.04 | alpha 2.045 | complete
Ep 540 | 드론6 목적지50 |  481스텝 | 배송 50/50 | 재적재  7 | 중계율 0.03 | alpha 2.024 | complete
Ep 541 | 드론6 목적지25 |  276스텝 | 배송 25/25 | 재적재  3 | 중계율 0.02 | alpha 2.020 | complete
Ep 542 | 드론6 목적지65 |  729스텝 | 배송 65/65 | 재적재 12 | 중계율 0.03 | alpha 2.036 | complete
Ep 543 | 드론4 목적지32 |  556스텝 | 배송 32/32 | 재적재  5 | 중계율 0.03 | alpha 2.030 | complete
Ep 544 | 드론7 목적지60 |  426스텝 | 배송 60/60 | 재적재  7 | 중계율 0.00 | alpha 2.025 | complete
Ep 545 | 드론4 목적지74 | 1000스텝 | 배송 63/74 | 재적재 11 | 중계율 0.08 | alpha 2.028 | step_limit
Ep 546 | 드론4 목적지45 | 1000스텝 | 배송 38/45 | 재적재  6 | 중계율 0.14 | alpha 2.044 | step_limit
Ep 547 | 드론5 목적지37 |  399스텝 | 배송 37/37 | 재적재  6 | 중계율 0.00 | alpha 2.053 | complete
Ep 548 | 드론5 목적지63 |  689스텝 | 배송 63/63 | 재적재 11 | 중계율 0.05 | alpha 2.081 | complete
Ep 549 | 드론8 목적지55 |  432스텝 | 배송 55/55 | 재적재  9 | 중계율 0.02 | alpha 2.100 | complete
Ep 550 | 드론6 목적지30 |  530스텝 | 배송 30/30 | 재적재  4 | 중계율 0.04 | alpha 2.099 | complete
  [홀드아웃] 배송 44.9±2.9 완주 0.00 재적재 7.8 2홉+ 0.62 | 최고 47.2@ep500 정체 1/15
Ep 551 | 드론7 목적지33 |  243스텝 | 배송 33/33 | 재적재  3 | 중계율 0.03 | alpha 2.102 | complete
Ep 552 | 드론8 목적지71 |  450스텝 | 배송 71/71 | 재적재 11 | 중계율 0.01 | alpha 2.089 | complete
Ep 553 | 드론8 목적지68 |  632스텝 | 배송 68/68 | 재적재 11 | 중계율 0.03 | alpha 2.080 | complete
Ep 554 | 드론4 목적지74 | 1000스텝 | 배송 65/74 | 재적재 12 | 중계율 0.11 | alpha 2.094 | step_limit
Ep 555 | 드론6 목적지59 |  684스텝 | 배송 59/59 | 재적재 11 | 중계율 0.10 | alpha 2.073 | complete
Ep 556 | 드론6 목적지41 |  472스텝 | 배송 41/41 | 재적재  6 | 중계율 0.04 | alpha 2.064 | complete
Ep 557 | 드론5 목적지71 |  761스텝 | 배송 71/71 | 재적재 12 | 중계율 0.02 | alpha 2.076 | complete
Ep 558 | 드론7 목적지50 |  444스텝 | 배송 50/50 | 재적재  8 | 중계율 0.02 | alpha 2.091 | complete
Ep 559 | 드론6 목적지57 |  716스텝 | 배송 57/57 | 재적재 10 | 중계율 0.04 | alpha 2.091 | complete
Ep 560 | 드론6 목적지42 |  536스텝 | 배송 42/42 | 재적재  7 | 중계율 0.02 | alpha 2.080 | complete
Ep 561 | 드론6 목적지27 |  553스텝 | 배송 27/27 | 재적재  3 | 중계율 0.04 | alpha 2.080 | complete
Ep 562 | 드론8 목적지47 |  409스텝 | 배송 47/47 | 재적재  7 | 중계율 0.03 | alpha 2.078 | complete
Ep 563 | 드론4 목적지78 | 1000스텝 | 배송 68/78 | 재적재 13 | 중계율 0.07 | alpha 2.067 | step_limit
Ep 564 | 드론7 목적지30 |  289스텝 | 배송 30/30 | 재적재  3 | 중계율 0.02 | alpha 2.066 | complete
Ep 565 | 드론8 목적지22 |  144스텝 | 배송 22/22 | 재적재  0 | 중계율 0.03 | alpha 2.067 | complete
Ep 566 | 드론5 목적지49 |  580스텝 | 배송 49/49 | 재적재  9 | 중계율 0.02 | alpha 2.075 | complete
Ep 567 | 드론5 목적지78 | 1000스텝 | 배송 73/78 | 재적재 13 | 중계율 0.11 | alpha 2.083 | step_limit
Ep 568 | 드론6 목적지67 | 1000스텝 | 배송 65/67 | 재적재 11 | 중계율 0.10 | alpha 2.094 | step_limit
Ep 569 | 드론8 목적지70 |  426스텝 | 배송 70/70 | 재적재 12 | 중계율 0.04 | alpha 2.089 | complete
Ep 570 | 드론4 목적지72 |  952스텝 | 배송 72/72 | 재적재 13 | 중계율 0.04 | alpha 2.089 | complete
Ep 571 | 드론8 목적지49 |  393스텝 | 배송 49/49 | 재적재  7 | 중계율 0.01 | alpha 2.072 | complete
Ep 572 | 드론8 목적지75 |  580스텝 | 배송 75/75 | 재적재 13 | 중계율 0.01 | alpha 2.086 | complete
Ep 573 | 드론6 목적지66 |  619스텝 | 배송 66/66 | 재적재 11 | 중계율 0.02 | alpha 2.086 | complete
Ep 574 | 드론7 목적지44 |  499스텝 | 배송 44/44 | 재적재  7 | 중계율 0.02 | alpha 2.095 | complete
Ep 575 | 드론8 목적지78 |  683스텝 | 배송 78/78 | 재적재 14 | 중계율 0.03 | alpha 2.123 | complete
Ep 576 | 드론4 목적지69 | 1000스텝 | 배송 53/69 | 재적재  9 | 중계율 0.10 | alpha 2.095 | step_limit
Ep 577 | 드론6 목적지24 |  254스텝 | 배송 24/24 | 재적재  3 | 중계율 0.00 | alpha 2.099 | complete
Ep 578 | 드론6 목적지32 |  363스텝 | 배송 32/32 | 재적재  4 | 중계율 0.02 | alpha 2.090 | complete
Ep 579 | 드론8 목적지26 |  200스텝 | 배송 26/26 | 재적재  2 | 중계율 0.00 | alpha 2.086 | complete
Ep 580 | 드론6 목적지60 |  634스텝 | 배송 60/60 | 재적재 11 | 중계율 0.05 | alpha 2.082 | complete
Ep 581 | 드론5 목적지47 |  829스텝 | 배송 47/47 | 재적재  8 | 중계율 0.05 | alpha 2.095 | complete
Ep 582 | 드론3 목적지36 | 1000스텝 | 배송 33/36 | 재적재  6 | 중계율 0.11 | alpha 2.105 | step_limit
Ep 583 | 드론8 목적지65 |  498스텝 | 배송 65/65 | 재적재 10 | 중계율 0.02 | alpha 2.100 | complete
Ep 584 | 드론5 목적지54 | 1000스텝 | 배송 49/54 | 재적재  8 | 중계율 0.10 | alpha 2.111 | step_limit
Ep 585 | 드론7 목적지72 |  816스텝 | 배송 72/72 | 재적재 13 | 중계율 0.08 | alpha 2.090 | complete
Ep 586 | 드론8 목적지37 |  367스텝 | 배송 37/37 | 재적재  5 | 중계율 0.02 | alpha 2.098 | complete
Ep 587 | 드론3 목적지49 | 1000스텝 | 배송 40/49 | 재적재  7 | 중계율 0.09 | alpha 2.091 | step_limit
Ep 588 | 드론5 목적지57 | 1000스텝 | 배송 54/57 | 재적재 10 | 중계율 0.10 | alpha 2.101 | step_limit
Ep 589 | 드론4 목적지50 | 1000스텝 | 배송 48/50 | 재적재  8 | 중계율 0.09 | alpha 2.130 | step_limit
Ep 590 | 드론5 목적지47 |  699스텝 | 배송 47/47 | 재적재  7 | 중계율 0.03 | alpha 2.135 | complete
Ep 591 | 드론8 목적지64 |  628스텝 | 배송 64/64 | 재적재 10 | 중계율 0.03 | alpha 2.135 | complete
Ep 592 | 드론6 목적지22 |  432스텝 | 배송 22/22 | 재적재  1 | 중계율 0.04 | alpha 2.134 | complete
Ep 593 | 드론6 목적지51 |  677스텝 | 배송 51/51 | 재적재  8 | 중계율 0.05 | alpha 2.143 | complete
Ep 594 | 드론3 목적지40 | 1000스텝 | 배송 36/40 | 재적재  6 | 중계율 0.08 | alpha 2.119 | step_limit
Ep 595 | 드론6 목적지26 |  540스텝 | 배송 26/26 | 재적재  3 | 중계율 0.07 | alpha 2.108 | complete
Ep 596 | 드론8 목적지26 |  206스텝 | 배송 26/26 | 재적재  0 | 중계율 0.01 | alpha 2.108 | complete
Ep 597 | 드론5 목적지21 |  331스텝 | 배송 21/21 | 재적재  2 | 중계율 0.06 | alpha 2.091 | complete
Ep 598 | 드론5 목적지23 |  225스텝 | 배송 23/23 | 재적재  2 | 중계율 0.01 | alpha 2.079 | complete
Ep 599 | 드론5 목적지77 |  980스텝 | 배송 77/77 | 재적재 14 | 중계율 0.06 | alpha 2.069 | complete
Ep 600 | 드론6 목적지68 | 1000스텝 | 배송 59/68 | 재적재  9 | 중계율 0.13 | alpha 2.077 | step_limit
  [홀드아웃] 배송 47.6±1.8 완주 0.25 재적재 8.2 2홉+ 0.63 | 최고 47.6@ep600 정체 0/15  ← 갱신
Ep 601 | 드론5 목적지20 |  348스텝 | 배송 20/20 | 재적재  2 | 중계율 0.02 | alpha 2.078 | complete
Ep 602 | 드론6 목적지72 |  614스텝 | 배송 72/72 | 재적재 12 | 중계율 0.03 | alpha 2.068 | complete
Ep 603 | 드론8 목적지60 |  524스텝 | 배송 60/60 | 재적재  9 | 중계율 0.02 | alpha 2.075 | complete
Ep 604 | 드론7 목적지68 |  593스텝 | 배송 68/68 | 재적재 11 | 중계율 0.01 | alpha 2.090 | complete
Ep 605 | 드론5 목적지73 | 1000스텝 | 배송 69/73 | 재적재 12 | 중계율 0.06 | alpha 2.124 | step_limit
Ep 606 | 드론6 목적지51 |  946스텝 | 배송 51/51 | 재적재  8 | 중계율 0.04 | alpha 2.127 | complete
Ep 607 | 드론3 목적지48 | 1000스텝 | 배송 44/48 | 재적재  8 | 중계율 0.08 | alpha 2.132 | step_limit
Ep 608 | 드론6 목적지67 |  693스텝 | 배송 67/67 | 재적재 11 | 중계율 0.04 | alpha 2.159 | complete
Ep 609 | 드론5 목적지51 |  799스텝 | 배송 51/51 | 재적재  8 | 중계율 0.09 | alpha 2.133 | complete
Ep 610 | 드론5 목적지72 |  710스텝 | 배송 72/72 | 재적재 11 | 중계율 0.02 | alpha 2.117 | complete
Ep 611 | 드론5 목적지77 |  986스텝 | 배송 77/77 | 재적재 13 | 중계율 0.10 | alpha 2.142 | complete
Ep 612 | 드론3 목적지42 | 1000스텝 | 배송 31/42 | 재적재  5 | 중계율 0.17 | alpha 2.161 | step_limit
Ep 613 | 드론5 목적지40 |  497스텝 | 배송 40/40 | 재적재  6 | 중계율 0.05 | alpha 2.152 | complete
Ep 614 | 드론4 목적지42 |  961스텝 | 배송 42/42 | 재적재  7 | 중계율 0.08 | alpha 2.132 | complete
Ep 615 | 드론5 목적지80 |  871스텝 | 배송 80/80 | 재적재 14 | 중계율 0.05 | alpha 2.146 | complete
Ep 616 | 드론6 목적지26 |  364스텝 | 배송 26/26 | 재적재  3 | 중계율 0.05 | alpha 2.163 | complete
Ep 617 | 드론7 목적지75 |  723스텝 | 배송 75/75 | 재적재 13 | 중계율 0.05 | alpha 2.177 | complete
Ep 618 | 드론5 목적지50 |  744스텝 | 배송 50/50 | 재적재  8 | 중계율 0.06 | alpha 2.185 | complete
Ep 619 | 드론6 목적지71 |  902스텝 | 배송 71/71 | 재적재 13 | 중계율 0.03 | alpha 2.180 | complete
Ep 620 | 드론8 목적지55 |  374스텝 | 배송 55/55 | 재적재  7 | 중계율 0.02 | alpha 2.198 | complete
Ep 621 | 드론5 목적지79 | 1000스텝 | 배송 72/79 | 재적재 13 | 중계율 0.04 | alpha 2.184 | step_limit
Ep 622 | 드론7 목적지56 |  499스텝 | 배송 56/56 | 재적재  9 | 중계율 0.07 | alpha 2.192 | complete
Ep 623 | 드론3 목적지33 | 1000스텝 | 배송 32/33 | 재적재  5 | 중계율 0.11 | alpha 2.177 | step_limit
Ep 624 | 드론4 목적지72 | 1000스텝 | 배송 69/72 | 재적재 13 | 중계율 0.07 | alpha 2.181 | step_limit
Ep 625 | 드론7 목적지47 |  536스텝 | 배송 47/47 | 재적재  7 | 중계율 0.05 | alpha 2.177 | complete
Ep 626 | 드론4 목적지52 |  912스텝 | 배송 52/52 | 재적재  9 | 중계율 0.06 | alpha 2.184 | complete
Ep 627 | 드론6 목적지66 |  872스텝 | 배송 66/66 | 재적재 11 | 중계율 0.04 | alpha 2.178 | complete
Ep 628 | 드론5 목적지42 |  940스텝 | 배송 42/42 | 재적재  7 | 중계율 0.08 | alpha 2.164 | complete
Ep 629 | 드론3 목적지31 | 1000스텝 | 배송 27/31 | 재적재  5 | 중계율 0.08 | alpha 2.174 | step_limit
Ep 630 | 드론5 목적지65 | 1000스텝 | 배송 63/65 | 재적재 12 | 중계율 0.06 | alpha 2.202 | step_limit
Ep 631 | 드론3 목적지20 | 1000스텝 | 배송 18/20 | 재적재  2 | 중계율 0.09 | alpha 2.233 | step_limit
Ep 632 | 드론4 목적지38 | 1000스텝 | 배송 36/38 | 재적재  6 | 중계율 0.14 | alpha 2.204 | step_limit
Ep 633 | 드론8 목적지67 |  367스텝 | 배송 67/67 | 재적재  9 | 중계율 0.00 | alpha 2.183 | complete
Ep 634 | 드론8 목적지47 |  335스텝 | 배송 47/47 | 재적재  8 | 중계율 0.01 | alpha 2.190 | complete
Ep 635 | 드론7 목적지30 |  331스텝 | 배송 30/30 | 재적재  2 | 중계율 0.01 | alpha 2.185 | complete
Ep 636 | 드론5 목적지29 |  677스텝 | 배송 29/29 | 재적재  5 | 중계율 0.08 | alpha 2.177 | complete
Ep 637 | 드론4 목적지71 | 1000스텝 | 배송 66/71 | 재적재 12 | 중계율 0.07 | alpha 2.170 | step_limit
Ep 638 | 드론8 목적지73 |  489스텝 | 배송 73/73 | 재적재 12 | 중계율 0.01 | alpha 2.164 | complete
Ep 639 | 드론7 목적지79 |  695스텝 | 배송 79/79 | 재적재 14 | 중계율 0.06 | alpha 2.202 | complete
Ep 640 | 드론3 목적지22 |  800스텝 | 배송 22/22 | 재적재  3 | 중계율 0.16 | alpha 2.194 | complete
Ep 641 | 드론6 목적지77 |  813스텝 | 배송 77/77 | 재적재 14 | 중계율 0.04 | alpha 2.189 | complete
Ep 642 | 드론7 목적지26 |  182스텝 | 배송 26/26 | 재적재  1 | 중계율 0.02 | alpha 2.188 | complete
Ep 643 | 드론8 목적지30 |  243스텝 | 배송 30/30 | 재적재  3 | 중계율 0.02 | alpha 2.190 | complete
Ep 644 | 드론5 목적지77 |  919스텝 | 배송 77/77 | 재적재 13 | 중계율 0.04 | alpha 2.176 | complete
Ep 645 | 드론4 목적지34 |  562스텝 | 배송 34/34 | 재적재  5 | 중계율 0.04 | alpha 2.191 | complete
Ep 646 | 드론6 목적지34 |  330스텝 | 배송 34/34 | 재적재  5 | 중계율 0.03 | alpha 2.196 | complete
Ep 647 | 드론4 목적지37 |  668스텝 | 배송 37/37 | 재적재  6 | 중계율 0.05 | alpha 2.189 | complete
Ep 648 | 드론4 목적지55 |  971스텝 | 배송 55/55 | 재적재 10 | 중계율 0.08 | alpha 2.185 | complete
Ep 649 | 드론4 목적지20 |  492스텝 | 배송 20/20 | 재적재  3 | 중계율 0.16 | alpha 2.158 | complete
Ep 650 | 드론6 목적지37 |  566스텝 | 배송 37/37 | 재적재  6 | 중계율 0.04 | alpha 2.173 | complete
  [홀드아웃] 배송 46.6±1.7 완주 0.08 재적재 8.2 2홉+ 0.63 | 최고 47.6@ep600 정체 1/15
Ep 651 | 드론3 목적지77 | 1000스텝 | 배송 55/77 | 재적재 10 | 중계율 0.08 | alpha 2.200 | step_limit
Ep 652 | 드론8 목적지57 |  370스텝 | 배송 57/57 | 재적재  9 | 중계율 0.00 | alpha 2.209 | complete
Ep 653 | 드론7 목적지38 |  351스텝 | 배송 38/38 | 재적재  5 | 중계율 0.02 | alpha 2.209 | complete
Ep 654 | 드론8 목적지45 |  379스텝 | 배송 45/45 | 재적재  5 | 중계율 0.01 | alpha 2.199 | complete
Ep 655 | 드론3 목적지40 |  999스텝 | 배송 40/40 | 재적재  6 | 중계율 0.11 | alpha 2.201 | complete
Ep 656 | 드론6 목적지31 |  381스텝 | 배송 31/31 | 재적재  5 | 중계율 0.04 | alpha 2.207 | complete
Ep 657 | 드론7 목적지26 |  224스텝 | 배송 26/26 | 재적재  0 | 중계율 0.03 | alpha 2.208 | complete
Ep 658 | 드론4 목적지39 |  845스텝 | 배송 39/39 | 재적재  6 | 중계율 0.08 | alpha 2.207 | complete
Ep 659 | 드론4 목적지51 |  975스텝 | 배송 51/51 | 재적재  9 | 중계율 0.08 | alpha 2.213 | complete
Ep 660 | 드론5 목적지51 |  992스텝 | 배송 51/51 | 재적재  9 | 중계율 0.08 | alpha 2.211 | complete
Ep 661 | 드론3 목적지38 | 1000스텝 | 배송 36/38 | 재적재  6 | 중계율 0.10 | alpha 2.189 | step_limit
Ep 662 | 드론6 목적지43 |  376스텝 | 배송 43/43 | 재적재  7 | 중계율 0.04 | alpha 2.183 | complete
Ep 663 | 드론7 목적지57 |  619스텝 | 배송 57/57 | 재적재  9 | 중계율 0.03 | alpha 2.176 | complete
Ep 664 | 드론5 목적지27 |  455스텝 | 배송 27/27 | 재적재  4 | 중계율 0.08 | alpha 2.180 | complete
Ep 665 | 드론8 목적지59 |  432스텝 | 배송 59/59 | 재적재  9 | 중계율 0.00 | alpha 2.203 | complete
Ep 666 | 드론4 목적지72 | 1000스텝 | 배송 63/72 | 재적재 11 | 중계율 0.09 | alpha 2.217 | step_limit
Ep 667 | 드론6 목적지45 |  385스텝 | 배송 45/45 | 재적재  6 | 중계율 0.02 | alpha 2.210 | complete
Ep 668 | 드론3 목적지65 | 1000스텝 | 배송 51/65 | 재적재 10 | 중계율 0.07 | alpha 2.201 | step_limit
Ep 669 | 드론5 목적지66 |  993스텝 | 배송 66/66 | 재적재 12 | 중계율 0.05 | alpha 2.196 | complete
Ep 670 | 드론7 목적지77 |  754스텝 | 배송 77/77 | 재적재 13 | 중계율 0.04 | alpha 2.187 | complete
Ep 671 | 드론6 목적지58 |  617스텝 | 배송 58/58 | 재적재 10 | 중계율 0.04 | alpha 2.194 | complete
Ep 672 | 드론3 목적지43 |  965스텝 | 배송 43/43 | 재적재  7 | 중계율 0.05 | alpha 2.179 | complete
Ep 673 | 드론8 목적지68 |  492스텝 | 배송 68/68 | 재적재 10 | 중계율 0.02 | alpha 2.183 | complete
Ep 674 | 드론4 목적지52 |  770스텝 | 배송 52/52 | 재적재  9 | 중계율 0.06 | alpha 2.209 | complete
Ep 675 | 드론5 목적지42 |  680스텝 | 배송 42/42 | 재적재  7 | 중계율 0.08 | alpha 2.207 | complete
Ep 676 | 드론3 목적지45 | 1000스텝 | 배송 44/45 | 재적재  7 | 중계율 0.07 | alpha 2.204 | step_limit
Ep 677 | 드론3 목적지41 | 1000스텝 | 배송 39/41 | 재적재  6 | 중계율 0.05 | alpha 2.157 | step_limit
Ep 678 | 드론8 목적지79 |  788스텝 | 배송 79/79 | 재적재 14 | 중계율 0.03 | alpha 2.191 | complete
Ep 679 | 드론4 목적지24 |  660스텝 | 배송 24/24 | 재적재  3 | 중계율 0.06 | alpha 2.186 | complete
Ep 680 | 드론5 목적지52 |  860스텝 | 배송 52/52 | 재적재  9 | 중계율 0.06 | alpha 2.217 | complete
Ep 681 | 드론7 목적지77 |  647스텝 | 배송 77/77 | 재적재 13 | 중계율 0.04 | alpha 2.196 | complete
Ep 682 | 드론4 목적지49 |  564스텝 | 배송 49/49 | 재적재  8 | 중계율 0.05 | alpha 2.189 | complete
Ep 683 | 드론6 목적지63 |  546스텝 | 배송 63/63 | 재적재  9 | 중계율 0.04 | alpha 2.199 | complete
Ep 684 | 드론5 목적지37 |  423스텝 | 배송 37/37 | 재적재  5 | 중계율 0.03 | alpha 2.196 | complete
Ep 685 | 드론8 목적지56 |  453스텝 | 배송 56/56 | 재적재  8 | 중계율 0.03 | alpha 2.190 | complete
Ep 686 | 드론3 목적지28 |  824스텝 | 배송 28/28 | 재적재  5 | 중계율 0.14 | alpha 2.177 | complete
Ep 687 | 드론7 목적지77 |  663스텝 | 배송 77/77 | 재적재 13 | 중계율 0.04 | alpha 2.169 | complete
Ep 688 | 드론5 목적지45 |  694스텝 | 배송 45/45 | 재적재  7 | 중계율 0.06 | alpha 2.181 | complete
Ep 689 | 드론6 목적지70 |  913스텝 | 배송 70/70 | 재적재 12 | 중계율 0.04 | alpha 2.166 | complete
Ep 690 | 드론7 목적지62 |  462스텝 | 배송 62/62 | 재적재 10 | 중계율 0.05 | alpha 2.176 | complete
Ep 691 | 드론3 목적지31 | 1000스텝 | 배송 28/31 | 재적재  5 | 중계율 0.12 | alpha 2.176 | step_limit
Ep 692 | 드론7 목적지61 |  591스텝 | 배송 61/61 | 재적재 10 | 중계율 0.04 | alpha 2.189 | complete
Ep 693 | 드론7 목적지60 |  561스텝 | 배송 60/60 | 재적재 10 | 중계율 0.05 | alpha 2.168 | complete
Ep 694 | 드론4 목적지33 |  596스텝 | 배송 33/33 | 재적재  5 | 중계율 0.08 | alpha 2.192 | complete
Ep 695 | 드론5 목적지29 |  633스텝 | 배송 29/29 | 재적재  4 | 중계율 0.09 | alpha 2.178 | complete
Ep 696 | 드론8 목적지28 |  295스텝 | 배송 28/28 | 재적재  1 | 중계율 0.04 | alpha 2.175 | complete
Ep 697 | 드론8 목적지35 |  376스텝 | 배송 35/35 | 재적재  4 | 중계율 0.02 | alpha 2.193 | complete
Ep 698 | 드론5 목적지32 |  509스텝 | 배송 32/32 | 재적재  5 | 중계율 0.04 | alpha 2.185 | complete
Ep 699 | 드론3 목적지62 | 1000스텝 | 배송 51/62 | 재적재  9 | 중계율 0.10 | alpha 2.185 | step_limit
Ep 700 | 드론5 목적지61 |  819스텝 | 배송 61/61 | 재적재 10 | 중계율 0.04 | alpha 2.169 | complete
  [홀드아웃] 배송 46.2±2.4 완주 0.17 재적재 7.8 2홉+ 0.63 | 최고 47.6@ep600 정체 2/15
Ep 701 | 드론8 목적지72 |  459스텝 | 배송 72/72 | 재적재 12 | 중계율 0.01 | alpha 2.170 | complete
Ep 702 | 드론7 목적지34 |  604스텝 | 배송 34/34 | 재적재  4 | 중계율 0.04 | alpha 2.167 | complete
Ep 703 | 드론7 목적지32 |  405스텝 | 배송 32/32 | 재적재  5 | 중계율 0.04 | alpha 2.163 | complete
Ep 704 | 드론6 목적지74 |  730스텝 | 배송 74/74 | 재적재 13 | 중계율 0.04 | alpha 2.180 | complete
Ep 705 | 드론4 목적지38 |  679스텝 | 배송 38/38 | 재적재  6 | 중계율 0.06 | alpha 2.199 | complete
Ep 706 | 드론8 목적지30 |  191스텝 | 배송 30/30 | 재적재  1 | 중계율 0.01 | alpha 2.207 | complete
Ep 707 | 드론6 목적지31 |  420스텝 | 배송 31/31 | 재적재  4 | 중계율 0.07 | alpha 2.223 | complete
Ep 708 | 드론4 목적지63 | 1000스텝 | 배송 58/63 | 재적재 11 | 중계율 0.07 | alpha 2.221 | step_limit
Ep 709 | 드론5 목적지20 |  305스텝 | 배송 20/20 | 재적재  3 | 중계율 0.03 | alpha 2.215 | complete
Ep 710 | 드론7 목적지78 |  637스텝 | 배송 78/78 | 재적재 14 | 중계율 0.02 | alpha 2.215 | complete
Ep 711 | 드론8 목적지58 |  541스텝 | 배송 58/58 | 재적재  9 | 중계율 0.06 | alpha 2.191 | complete
Ep 712 | 드론3 목적지75 | 1000스텝 | 배송 58/75 | 재적재 11 | 중계율 0.08 | alpha 2.181 | step_limit
Ep 713 | 드론3 목적지69 | 1000스텝 | 배송 62/69 | 재적재 11 | 중계율 0.07 | alpha 2.195 | step_limit
Ep 714 | 드론4 목적지36 |  789스텝 | 배송 36/36 | 재적재  6 | 중계율 0.06 | alpha 2.192 | complete
Ep 715 | 드론3 목적지65 | 1000스텝 | 배송 55/65 | 재적재 10 | 중계율 0.10 | alpha 2.170 | step_limit
Ep 716 | 드론7 목적지36 |  458스텝 | 배송 36/36 | 재적재  6 | 중계율 0.02 | alpha 2.181 | complete
Ep 717 | 드론8 목적지56 |  548스텝 | 배송 56/56 | 재적재  9 | 중계율 0.04 | alpha 2.188 | complete
Ep 718 | 드론4 목적지69 | 1000스텝 | 배송 66/69 | 재적재 12 | 중계율 0.06 | alpha 2.160 | step_limit
Ep 719 | 드론4 목적지21 |  386스텝 | 배송 21/21 | 재적재  2 | 중계율 0.04 | alpha 2.188 | complete
Ep 720 | 드론7 목적지45 |  360스텝 | 배송 45/45 | 재적재  6 | 중계율 0.02 | alpha 2.221 | complete
Ep 721 | 드론3 목적지30 |  538스텝 | 배송 30/30 | 재적재  5 | 중계율 0.07 | alpha 2.228 | complete
Ep 722 | 드론8 목적지47 |  337스텝 | 배송 47/47 | 재적재  7 | 중계율 0.02 | alpha 2.228 | complete
Ep 723 | 드론4 목적지51 | 1000스텝 | 배송 49/51 | 재적재  9 | 중계율 0.06 | alpha 2.209 | step_limit
Ep 724 | 드론6 목적지57 |  600스텝 | 배송 57/57 | 재적재  9 | 중계율 0.05 | alpha 2.180 | complete
Ep 725 | 드론6 목적지29 |  573스텝 | 배송 29/29 | 재적재  4 | 중계율 0.05 | alpha 2.175 | complete
Ep 726 | 드론8 목적지69 |  583스텝 | 배송 69/69 | 재적재 13 | 중계율 0.02 | alpha 2.209 | complete
Ep 727 | 드론6 목적지36 |  680스텝 | 배송 36/36 | 재적재  6 | 중계율 0.07 | alpha 2.226 | complete
Ep 728 | 드론5 목적지74 | 1000스텝 | 배송 73/74 | 재적재 13 | 중계율 0.09 | alpha 2.176 | step_limit
Ep 729 | 드론8 목적지64 |  513스텝 | 배송 64/64 | 재적재 10 | 중계율 0.04 | alpha 2.174 | complete
Ep 730 | 드론5 목적지70 | 1000스텝 | 배송 65/70 | 재적재 11 | 중계율 0.05 | alpha 2.196 | step_limit
Ep 731 | 드론3 목적지48 | 1000스텝 | 배송 43/48 | 재적재  8 | 중계율 0.11 | alpha 2.239 | step_limit
Ep 732 | 드론6 목적지37 |  401스텝 | 배송 37/37 | 재적재  5 | 중계율 0.02 | alpha 2.229 | complete
Ep 733 | 드론6 목적지67 |  802스텝 | 배송 67/67 | 재적재 11 | 중계율 0.06 | alpha 2.212 | complete
Ep 734 | 드론8 목적지54 |  498스텝 | 배송 54/54 | 재적재  7 | 중계율 0.07 | alpha 2.184 | complete
Ep 735 | 드론7 목적지57 |  679스텝 | 배송 57/57 | 재적재  9 | 중계율 0.04 | alpha 2.177 | complete
Ep 736 | 드론7 목적지39 |  269스텝 | 배송 39/39 | 재적재  5 | 중계율 0.02 | alpha 2.179 | complete
Ep 737 | 드론5 목적지29 |  359스텝 | 배송 29/29 | 재적재  4 | 중계율 0.02 | alpha 2.192 | complete
Ep 738 | 드론7 목적지68 |  516스텝 | 배송 68/68 | 재적재 11 | 중계율 0.02 | alpha 2.209 | complete
Ep 739 | 드론5 목적지20 |  663스텝 | 배송 20/20 | 재적재  2 | 중계율 0.13 | alpha 2.224 | complete
Ep 740 | 드론3 목적지69 | 1000스텝 | 배송 47/69 | 재적재  8 | 중계율 0.14 | alpha 2.224 | step_limit
Ep 741 | 드론8 목적지41 |  339스텝 | 배송 41/41 | 재적재  6 | 중계율 0.05 | alpha 2.212 | complete
Ep 742 | 드론4 목적지78 | 1000스텝 | 배송 66/78 | 재적재 11 | 중계율 0.07 | alpha 2.174 | step_limit
Ep 743 | 드론4 목적지39 | 1000스텝 | 배송 37/39 | 재적재  6 | 중계율 0.12 | alpha 2.156 | step_limit
Ep 744 | 드론5 목적지57 |  778스텝 | 배송 57/57 | 재적재 10 | 중계율 0.06 | alpha 2.169 | complete
Ep 745 | 드론4 목적지76 | 1000스텝 | 배송 68/76 | 재적재 12 | 중계율 0.08 | alpha 2.193 | step_limit
Ep 746 | 드론5 목적지69 | 1000스텝 | 배송 66/69 | 재적재 12 | 중계율 0.09 | alpha 2.182 | step_limit
Ep 747 | 드론4 목적지33 |  736스텝 | 배송 33/33 | 재적재  6 | 중계율 0.10 | alpha 2.197 | complete
Ep 748 | 드론4 목적지30 |  517스텝 | 배송 30/30 | 재적재  4 | 중계율 0.09 | alpha 2.203 | complete
Ep 749 | 드론6 목적지32 |  396스텝 | 배송 32/32 | 재적재  5 | 중계율 0.03 | alpha 2.200 | complete
Ep 750 | 드론6 목적지61 |  523스텝 | 배송 61/61 | 재적재 11 | 중계율 0.01 | alpha 2.197 | complete
  [홀드아웃] 배송 46.8±2.5 완주 0.25 재적재 8.2 2홉+ 0.63 | 최고 47.6@ep600 정체 3/15
Ep 751 | 드론6 목적지34 |  444스텝 | 배송 34/34 | 재적재  5 | 중계율 0.04 | alpha 2.181 | complete
Ep 752 | 드론7 목적지69 |  627스텝 | 배송 69/69 | 재적재 12 | 중계율 0.04 | alpha 2.175 | complete
Ep 753 | 드론5 목적지80 |  909스텝 | 배송 80/80 | 재적재 14 | 중계율 0.05 | alpha 2.173 | complete
Ep 754 | 드론5 목적지29 |  389스텝 | 배송 29/29 | 재적재  4 | 중계율 0.03 | alpha 2.180 | complete
Ep 755 | 드론3 목적지43 | 1000스텝 | 배송 37/43 | 재적재  7 | 중계율 0.09 | alpha 2.169 | step_limit
Ep 756 | 드론8 목적지30 |  241스텝 | 배송 30/30 | 재적재  1 | 중계율 0.02 | alpha 2.184 | complete
Ep 757 | 드론7 목적지37 |  341스텝 | 배송 37/37 | 재적재  5 | 중계율 0.02 | alpha 2.190 | complete
Ep 758 | 드론5 목적지51 |  816스텝 | 배송 51/51 | 재적재  9 | 중계율 0.09 | alpha 2.173 | complete
Ep 759 | 드론6 목적지23 |  242스텝 | 배송 23/23 | 재적재  1 | 중계율 0.04 | alpha 2.177 | complete
Ep 760 | 드론6 목적지60 |  934스텝 | 배송 60/60 | 재적재 10 | 중계율 0.03 | alpha 2.212 | complete
Ep 761 | 드론3 목적지77 | 1000스텝 | 배송 55/77 | 재적재 10 | 중계율 0.06 | alpha 2.232 | step_limit
Ep 762 | 드론6 목적지26 |  419스텝 | 배송 26/26 | 재적재  4 | 중계율 0.07 | alpha 2.229 | complete
Ep 763 | 드론6 목적지70 |  663스텝 | 배송 70/70 | 재적재 11 | 중계율 0.04 | alpha 2.242 | complete
Ep 764 | 드론7 목적지32 |  473스텝 | 배송 32/32 | 재적재  3 | 중계율 0.07 | alpha 2.228 | complete
Ep 765 | 드론7 목적지23 |  261스텝 | 배송 23/23 | 재적재  2 | 중계율 0.09 | alpha 2.219 | complete
Ep 766 | 드론7 목적지51 |  489스텝 | 배송 51/51 | 재적재  8 | 중계율 0.02 | alpha 2.218 | complete
Ep 767 | 드론4 목적지49 |  974스텝 | 배송 49/49 | 재적재  9 | 중계율 0.10 | alpha 2.231 | complete
Ep 768 | 드론3 목적지72 | 1000스텝 | 배송 61/72 | 재적재 11 | 중계율 0.07 | alpha 2.235 | step_limit
Ep 769 | 드론8 목적지22 |  195스텝 | 배송 22/22 | 재적재  0 | 중계율 0.03 | alpha 2.231 | complete
Ep 770 | 드론8 목적지53 |  305스텝 | 배송 53/53 | 재적재  8 | 중계율 0.02 | alpha 2.233 | complete
Ep 771 | 드론7 목적지38 |  366스텝 | 배송 38/38 | 재적재  6 | 중계율 0.04 | alpha 2.237 | complete
Ep 772 | 드론5 목적지36 |  704스텝 | 배송 36/36 | 재적재  6 | 중계율 0.05 | alpha 2.244 | complete
Ep 773 | 드론8 목적지21 |  136스텝 | 배송 21/21 | 재적재  0 | 중계율 0.00 | alpha 2.249 | complete
Ep 774 | 드론7 목적지46 |  366스텝 | 배송 46/46 | 재적재  7 | 중계율 0.01 | alpha 2.238 | complete
Ep 775 | 드론8 목적지41 |  387스텝 | 배송 41/41 | 재적재  7 | 중계율 0.02 | alpha 2.231 | complete
Ep 776 | 드론6 목적지48 |  339스텝 | 배송 48/48 | 재적재  6 | 중계율 0.01 | alpha 2.211 | complete
Ep 777 | 드론5 목적지20 |  280스텝 | 배송 20/20 | 재적재  2 | 중계율 0.05 | alpha 2.191 | complete
Ep 778 | 드론6 목적지57 |  677스텝 | 배송 57/57 | 재적재  9 | 중계율 0.03 | alpha 2.184 | complete
Ep 779 | 드론7 목적지79 |  853스텝 | 배송 79/79 | 재적재 13 | 중계율 0.05 | alpha 2.185 | complete
Ep 780 | 드론4 목적지68 | 1000스텝 | 배송 62/68 | 재적재 11 | 중계율 0.08 | alpha 2.183 | step_limit
Ep 781 | 드론6 목적지50 |  498스텝 | 배송 50/50 | 재적재  7 | 중계율 0.04 | alpha 2.194 | complete
Ep 782 | 드론7 목적지45 |  518스텝 | 배송 45/45 | 재적재  6 | 중계율 0.03 | alpha 2.209 | complete
Ep 783 | 드론3 목적지28 |  626스텝 | 배송 28/28 | 재적재  5 | 중계율 0.06 | alpha 2.194 | complete
Ep 784 | 드론8 목적지58 |  492스텝 | 배송 58/58 | 재적재  9 | 중계율 0.03 | alpha 2.186 | complete
Ep 785 | 드론5 목적지49 |  544스텝 | 배송 49/49 | 재적재  8 | 중계율 0.04 | alpha 2.186 | complete
Ep 786 | 드론4 목적지53 | 1000스텝 | 배송 48/53 | 재적재  9 | 중계율 0.11 | alpha 2.191 | step_limit
Ep 787 | 드론4 목적지47 |  782스텝 | 배송 47/47 | 재적재  8 | 중계율 0.06 | alpha 2.173 | complete
Ep 788 | 드론8 목적지75 |  551스텝 | 배송 75/75 | 재적재 12 | 중계율 0.02 | alpha 2.197 | complete
Ep 789 | 드론4 목적지79 | 1000스텝 | 배송 74/79 | 재적재 13 | 중계율 0.03 | alpha 2.192 | step_limit
Ep 790 | 드론3 목적지65 | 1000스텝 | 배송 53/65 | 재적재 10 | 중계율 0.06 | alpha 2.173 | step_limit
Ep 791 | 드론4 목적지21 |  483스텝 | 배송 21/21 | 재적재  3 | 중계율 0.10 | alpha 2.164 | complete
Ep 792 | 드론5 목적지50 |  641스텝 | 배송 50/50 | 재적재  9 | 중계율 0.07 | alpha 2.165 | complete
Ep 793 | 드론7 목적지27 |  291스텝 | 배송 27/27 | 재적재  1 | 중계율 0.02 | alpha 2.153 | complete
Ep 794 | 드론4 목적지74 | 1000스텝 | 배송 68/74 | 재적재 12 | 중계율 0.06 | alpha 2.139 | step_limit
Ep 795 | 드론3 목적지58 | 1000스텝 | 배송 52/58 | 재적재 10 | 중계율 0.07 | alpha 2.160 | step_limit
Ep 796 | 드론4 목적지23 |  642스텝 | 배송 23/23 | 재적재  4 | 중계율 0.10 | alpha 2.154 | complete
Ep 797 | 드론7 목적지34 |  291스텝 | 배송 34/34 | 재적재  4 | 중계율 0.02 | alpha 2.155 | complete
Ep 798 | 드론4 목적지60 | 1000스텝 | 배송 60/60 | 재적재 11 | 중계율 0.06 | alpha 2.170 | complete
Ep 799 | 드론3 목적지33 | 1000스텝 | 배송 31/33 | 재적재  5 | 중계율 0.13 | alpha 2.171 | step_limit
Ep 800 | 드론7 목적지50 |  377스텝 | 배송 50/50 | 재적재  7 | 중계율 0.05 | alpha 2.157 | complete
  [홀드아웃] 배송 47.1±2.1 완주 0.25 재적재 8.0 2홉+ 0.63 | 최고 47.6@ep600 정체 4/15
Ep 801 | 드론6 목적지57 |  612스텝 | 배송 57/57 | 재적재  9 | 중계율 0.07 | alpha 2.148 | complete
Ep 802 | 드론5 목적지68 |  837스텝 | 배송 68/68 | 재적재 12 | 중계율 0.07 | alpha 2.174 | complete
Ep 803 | 드론5 목적지80 | 1000스텝 | 배송 77/80 | 재적재 15 | 중계율 0.08 | alpha 2.178 | step_limit
Ep 804 | 드론8 목적지65 |  511스텝 | 배송 65/65 | 재적재 10 | 중계율 0.02 | alpha 2.188 | complete
Ep 805 | 드론7 목적지78 |  688스텝 | 배송 78/78 | 재적재 14 | 중계율 0.02 | alpha 2.174 | complete
Ep 806 | 드론8 목적지73 |  471스텝 | 배송 73/73 | 재적재 12 | 중계율 0.02 | alpha 2.148 | complete
Ep 807 | 드론8 목적지69 |  398스텝 | 배송 69/69 | 재적재 10 | 중계율 0.01 | alpha 2.148 | complete
Ep 808 | 드론5 목적지26 |  307스텝 | 배송 26/26 | 재적재  3 | 중계율 0.09 | alpha 2.154 | complete
Ep 809 | 드론4 목적지70 | 1000스텝 | 배송 62/70 | 재적재 11 | 중계율 0.05 | alpha 2.146 | step_limit
Ep 810 | 드론5 목적지68 |  733스텝 | 배송 68/68 | 재적재 12 | 중계율 0.04 | alpha 2.183 | complete
Ep 811 | 드론3 목적지58 | 1000스텝 | 배송 53/58 | 재적재 10 | 중계율 0.08 | alpha 2.208 | step_limit
Ep 812 | 드론4 목적지33 |  563스텝 | 배송 33/33 | 재적재  5 | 중계율 0.06 | alpha 2.212 | complete
Ep 813 | 드론5 목적지41 |  731스텝 | 배송 41/41 | 재적재  6 | 중계율 0.03 | alpha 2.190 | complete
Ep 814 | 드론5 목적지24 |  732스텝 | 배송 24/24 | 재적재  4 | 중계율 0.10 | alpha 2.153 | complete
Ep 815 | 드론4 목적지38 |  993스텝 | 배송 38/38 | 재적재  6 | 중계율 0.10 | alpha 2.144 | complete
Ep 816 | 드론3 목적지25 |  781스텝 | 배송 25/25 | 재적재  4 | 중계율 0.12 | alpha 2.164 | complete
Ep 817 | 드론4 목적지53 |  837스텝 | 배송 53/53 | 재적재  9 | 중계율 0.05 | alpha 2.199 | complete
Ep 818 | 드론7 목적지28 |  192스텝 | 배송 28/28 | 재적재  0 | 중계율 0.01 | alpha 2.206 | complete
Ep 819 | 드론8 목적지23 |  188스텝 | 배송 23/23 | 재적재  0 | 중계율 0.03 | alpha 2.219 | complete
Ep 820 | 드론4 목적지74 | 1000스텝 | 배송 68/74 | 재적재 13 | 중계율 0.06 | alpha 2.222 | step_limit
Ep 821 | 드론4 목적지79 | 1000스텝 | 배송 68/79 | 재적재 12 | 중계율 0.10 | alpha 2.210 | step_limit
Ep 822 | 드론4 목적지20 |  515스텝 | 배송 20/20 | 재적재  3 | 중계율 0.14 | alpha 2.182 | complete
Ep 823 | 드론6 목적지61 |  712스텝 | 배송 61/61 | 재적재 10 | 중계율 0.07 | alpha 2.201 | complete
Ep 824 | 드론3 목적지25 |  828스텝 | 배송 25/25 | 재적재  3 | 중계율 0.17 | alpha 2.203 | complete
Ep 825 | 드론4 목적지41 |  961스텝 | 배송 41/41 | 재적재  7 | 중계율 0.07 | alpha 2.188 | complete
Ep 826 | 드론3 목적지53 | 1000스텝 | 배송 36/53 | 재적재  6 | 중계율 0.13 | alpha 2.189 | step_limit
Ep 827 | 드론5 목적지44 |  707스텝 | 배송 44/44 | 재적재  8 | 중계율 0.10 | alpha 2.217 | complete
Ep 828 | 드론4 목적지24 |  462스텝 | 배송 24/24 | 재적재  3 | 중계율 0.09 | alpha 2.231 | complete
Ep 829 | 드론8 목적지53 |  399스텝 | 배송 53/53 | 재적재  8 | 중계율 0.02 | alpha 2.221 | complete
Ep 830 | 드론8 목적지66 |  450스텝 | 배송 66/66 | 재적재 11 | 중계율 0.03 | alpha 2.199 | complete
Ep 831 | 드론6 목적지69 |  839스텝 | 배송 69/69 | 재적재 11 | 중계율 0.05 | alpha 2.191 | complete
Ep 832 | 드론6 목적지69 |  592스텝 | 배송 69/69 | 재적재 11 | 중계율 0.03 | alpha 2.183 | complete
Ep 833 | 드론8 목적지72 |  605스텝 | 배송 72/72 | 재적재 10 | 중계율 0.04 | alpha 2.204 | complete
Ep 834 | 드론4 목적지71 | 1000스텝 | 배송 61/71 | 재적재 11 | 중계율 0.12 | alpha 2.239 | step_limit
Ep 835 | 드론3 목적지56 | 1000스텝 | 배송 53/56 | 재적재  9 | 중계율 0.06 | alpha 2.217 | step_limit
Ep 836 | 드론8 목적지30 |  311스텝 | 배송 30/30 | 재적재  2 | 중계율 0.04 | alpha 2.210 | complete
Ep 837 | 드론3 목적지73 | 1000스텝 | 배송 52/73 | 재적재  9 | 중계율 0.10 | alpha 2.209 | step_limit
Ep 838 | 드론6 목적지56 |  637스텝 | 배송 56/56 | 재적재  9 | 중계율 0.04 | alpha 2.209 | complete
Ep 839 | 드론5 목적지20 |  356스텝 | 배송 20/20 | 재적재  2 | 중계율 0.08 | alpha 2.214 | complete
Ep 840 | 드론3 목적지33 |  898스텝 | 배송 33/33 | 재적재  6 | 중계율 0.09 | alpha 2.213 | complete
Ep 841 | 드론5 목적지31 |  648스텝 | 배송 31/31 | 재적재  5 | 중계율 0.06 | alpha 2.205 | complete
Ep 842 | 드론3 목적지68 | 1000스텝 | 배송 50/68 | 재적재  9 | 중계율 0.10 | alpha 2.208 | step_limit
Ep 843 | 드론7 목적지51 |  607스텝 | 배송 51/51 | 재적재  7 | 중계율 0.06 | alpha 2.198 | complete
Ep 844 | 드론4 목적지37 | 1000스텝 | 배송 36/37 | 재적재  6 | 중계율 0.09 | alpha 2.211 | step_limit
Ep 845 | 드론8 목적지74 |  470스텝 | 배송 74/74 | 재적재 11 | 중계율 0.02 | alpha 2.211 | complete
Ep 846 | 드론3 목적지32 |  765스텝 | 배송 32/32 | 재적재  6 | 중계율 0.08 | alpha 2.214 | complete
Ep 847 | 드론7 목적지25 |  203스텝 | 배송 25/25 | 재적재  1 | 중계율 0.04 | alpha 2.220 | complete
Ep 848 | 드론4 목적지44 | 1000스텝 | 배송 41/44 | 재적재  8 | 중계율 0.11 | alpha 2.220 | step_limit
Ep 849 | 드론6 목적지28 |  437스텝 | 배송 28/28 | 재적재  3 | 중계율 0.06 | alpha 2.205 | complete
Ep 850 | 드론3 목적지47 |  807스텝 | 배송 47/47 | 재적재  8 | 중계율 0.06 | alpha 2.191 | complete
  [홀드아웃] 배송 47.0±2.3 완주 0.25 재적재 8.0 2홉+ 0.64 | 최고 47.6@ep600 정체 5/15
Ep 851 | 드론3 목적지39 | 1000스텝 | 배송 36/39 | 재적재  7 | 중계율 0.11 | alpha 2.179 | step_limit
Ep 852 | 드론4 목적지68 | 1000스텝 | 배송 58/68 | 재적재 10 | 중계율 0.12 | alpha 2.203 | step_limit
Ep 853 | 드론4 목적지65 | 1000스텝 | 배송 64/65 | 재적재 11 | 중계율 0.09 | alpha 2.256 | step_limit
Ep 854 | 드론7 목적지61 |  620스텝 | 배송 61/61 | 재적재 10 | 중계율 0.05 | alpha 2.249 | complete
Ep 855 | 드론6 목적지22 |  237스텝 | 배송 22/22 | 재적재  1 | 중계율 0.06 | alpha 2.254 | complete
Ep 856 | 드론6 목적지59 |  647스텝 | 배송 59/59 | 재적재  9 | 중계율 0.05 | alpha 2.244 | complete
Ep 857 | 드론3 목적지69 | 1000스텝 | 배송 54/69 | 재적재 10 | 중계율 0.08 | alpha 2.217 | step_limit
Ep 858 | 드론8 목적지35 |  266스텝 | 배송 35/35 | 재적재  3 | 중계율 0.06 | alpha 2.213 | complete
Ep 859 | 드론3 목적지20 |  684스텝 | 배송 20/20 | 재적재  3 | 중계율 0.13 | alpha 2.208 | complete
Ep 860 | 드론6 목적지42 |  598스텝 | 배송 42/42 | 재적재  7 | 중계율 0.10 | alpha 2.233 | complete
Ep 861 | 드론4 목적지58 | 1000스텝 | 배송 57/58 | 재적재 10 | 중계율 0.05 | alpha 2.247 | step_limit
Ep 862 | 드론3 목적지39 | 1000스텝 | 배송 34/39 | 재적재  6 | 중계율 0.12 | alpha 2.227 | step_limit
Ep 863 | 드론6 목적지77 |  775스텝 | 배송 77/77 | 재적재 13 | 중계율 0.06 | alpha 2.214 | complete
Ep 864 | 드론8 목적지37 |  496스텝 | 배송 37/37 | 재적재  4 | 중계율 0.06 | alpha 2.208 | complete
Ep 865 | 드론5 목적지33 |  575스텝 | 배송 33/33 | 재적재  5 | 중계율 0.06 | alpha 2.222 | complete
Ep 866 | 드론6 목적지40 |  470스텝 | 배송 40/40 | 재적재  6 | 중계율 0.04 | alpha 2.245 | complete
Ep 867 | 드론8 목적지34 |  253스텝 | 배송 34/34 | 재적재  1 | 중계율 0.02 | alpha 2.239 | complete
Ep 868 | 드론3 목적지34 |  999스텝 | 배송 34/34 | 재적재  6 | 중계율 0.09 | alpha 2.231 | complete
Ep 869 | 드론3 목적지76 | 1000스텝 | 배송 67/76 | 재적재 12 | 중계율 0.05 | alpha 2.255 | step_limit
Ep 870 | 드론5 목적지42 |  678스텝 | 배송 42/42 | 재적재  7 | 중계율 0.09 | alpha 2.246 | complete
Ep 871 | 드론3 목적지47 | 1000스텝 | 배송 39/47 | 재적재  7 | 중계율 0.10 | alpha 2.243 | step_limit
Ep 872 | 드론7 목적지22 |  179스텝 | 배송 22/22 | 재적재  0 | 중계율 0.03 | alpha 2.240 | complete
Ep 873 | 드론6 목적지60 |  741스텝 | 배송 60/60 | 재적재 10 | 중계율 0.04 | alpha 2.227 | complete
Ep 874 | 드론8 목적지45 |  482스텝 | 배송 45/45 | 재적재  8 | 중계율 0.05 | alpha 2.221 | complete
Ep 875 | 드론7 목적지32 |  298스텝 | 배송 32/32 | 재적재  3 | 중계율 0.05 | alpha 2.236 | complete
Ep 876 | 드론3 목적지49 |  955스텝 | 배송 49/49 | 재적재  9 | 중계율 0.09 | alpha 2.250 | complete
Ep 877 | 드론8 목적지77 |  591스텝 | 배송 77/77 | 재적재 13 | 중계율 0.01 | alpha 2.246 | complete
Ep 878 | 드론6 목적지44 |  779스텝 | 배송 44/44 | 재적재  7 | 중계율 0.10 | alpha 2.262 | complete
Ep 879 | 드론3 목적지79 | 1000스텝 | 배송 59/79 | 재적재 10 | 중계율 0.10 | alpha 2.258 | step_limit
Ep 880 | 드론7 목적지32 |  346스텝 | 배송 32/32 | 재적재  5 | 중계율 0.02 | alpha 2.264 | complete
Ep 881 | 드론8 목적지74 |  798스텝 | 배송 74/74 | 재적재 13 | 중계율 0.04 | alpha 2.281 | complete
Ep 882 | 드론5 목적지76 | 1000스텝 | 배송 74/76 | 재적재 13 | 중계율 0.07 | alpha 2.279 | step_limit
Ep 883 | 드론8 목적지50 |  484스텝 | 배송 50/50 | 재적재  8 | 중계율 0.03 | alpha 2.312 | complete
Ep 884 | 드론8 목적지56 |  465스텝 | 배송 56/56 | 재적재  7 | 중계율 0.04 | alpha 2.302 | complete
Ep 885 | 드론3 목적지44 | 1000스텝 | 배송 42/44 | 재적재  7 | 중계율 0.07 | alpha 2.271 | step_limit
Ep 886 | 드론8 목적지76 |  565스텝 | 배송 76/76 | 재적재 13 | 중계율 0.04 | alpha 2.264 | complete
Ep 887 | 드론5 목적지67 | 1000스텝 | 배송 64/67 | 재적재 11 | 중계율 0.07 | alpha 2.277 | step_limit
Ep 888 | 드론3 목적지71 | 1000스텝 | 배송 52/71 | 재적재  9 | 중계율 0.09 | alpha 2.304 | step_limit
Ep 889 | 드론3 목적지32 |  689스텝 | 배송 32/32 | 재적재  6 | 중계율 0.09 | alpha 2.304 | complete
Ep 890 | 드론6 목적지62 |  702스텝 | 배송 62/62 | 재적재 11 | 중계율 0.06 | alpha 2.329 | complete
Ep 891 | 드론4 목적지78 | 1000스텝 | 배송 71/78 | 재적재 13 | 중계율 0.07 | alpha 2.296 | step_limit
Ep 892 | 드론5 목적지39 |  506스텝 | 배송 39/39 | 재적재  5 | 중계율 0.07 | alpha 2.274 | complete
Ep 893 | 드론5 목적지65 |  840스텝 | 배송 65/65 | 재적재 11 | 중계율 0.05 | alpha 2.253 | complete
Ep 894 | 드론8 목적지47 |  444스텝 | 배송 47/47 | 재적재  8 | 중계율 0.03 | alpha 2.270 | complete
Ep 895 | 드론8 목적지64 |  377스텝 | 배송 64/64 | 재적재  8 | 중계율 0.02 | alpha 2.262 | complete
Ep 896 | 드론6 목적지41 |  550스텝 | 배송 41/41 | 재적재  7 | 중계율 0.05 | alpha 2.284 | complete
Ep 897 | 드론8 목적지77 |  754스텝 | 배송 77/77 | 재적재 14 | 중계율 0.03 | alpha 2.301 | complete
Ep 898 | 드론4 목적지29 |  826스텝 | 배송 29/29 | 재적재  5 | 중계율 0.10 | alpha 2.301 | complete
Ep 899 | 드론4 목적지31 | 1000스텝 | 배송 29/31 | 재적재  5 | 중계율 0.15 | alpha 2.313 | step_limit
Ep 900 | 드론3 목적지69 | 1000스텝 | 배송 60/69 | 재적재 12 | 중계율 0.06 | alpha 2.291 | step_limit
  [홀드아웃] 배송 46.2±2.6 완주 0.08 재적재 8.0 2홉+ 0.62 | 최고 47.6@ep600 정체 6/15
Ep 901 | 드론8 목적지26 |  189스텝 | 배송 26/26 | 재적재  0 | 중계율 0.05 | alpha 2.285 | complete
Ep 902 | 드론8 목적지58 |  665스텝 | 배송 58/58 | 재적재  8 | 중계율 0.02 | alpha 2.273 | complete
Ep 903 | 드론3 목적지41 | 1000스텝 | 배송 33/41 | 재적재  5 | 중계율 0.11 | alpha 2.283 | step_limit
Ep 904 | 드론8 목적지47 |  405스텝 | 배송 47/47 | 재적재  7 | 중계율 0.03 | alpha 2.274 | complete
Ep 905 | 드론3 목적지63 | 1000스텝 | 배송 47/63 | 재적재  8 | 중계율 0.11 | alpha 2.290 | step_limit
Ep 906 | 드론7 목적지64 |  577스텝 | 배송 64/64 | 재적재 10 | 중계율 0.04 | alpha 2.297 | complete
Ep 907 | 드론3 목적지80 | 1000스텝 | 배송 62/80 | 재적재 11 | 중계율 0.05 | alpha 2.304 | step_limit
Ep 908 | 드론8 목적지49 |  407스텝 | 배송 49/49 | 재적재  7 | 중계율 0.05 | alpha 2.310 | complete
Ep 909 | 드론3 목적지68 | 1000스텝 | 배송 55/68 | 재적재 10 | 중계율 0.08 | alpha 2.283 | step_limit
Ep 910 | 드론8 목적지69 |  537스텝 | 배송 69/69 | 재적재 11 | 중계율 0.02 | alpha 2.277 | complete
Ep 911 | 드론3 목적지22 |  496스텝 | 배송 22/22 | 재적재  2 | 중계율 0.12 | alpha 2.277 | complete
Ep 912 | 드론5 목적지71 | 1000스텝 | 배송 65/71 | 재적재 11 | 중계율 0.08 | alpha 2.270 | step_limit
Ep 913 | 드론4 목적지48 |  638스텝 | 배송 48/48 | 재적재  8 | 중계율 0.03 | alpha 2.283 | complete
Ep 914 | 드론3 목적지64 | 1000스텝 | 배송 49/64 | 재적재  8 | 중계율 0.10 | alpha 2.316 | step_limit
Ep 915 | 드론8 목적지58 |  469스텝 | 배송 58/58 | 재적재 10 | 중계율 0.01 | alpha 2.333 | complete
Ep 916 | 드론4 목적지21 |  335스텝 | 배송 21/21 | 재적재  3 | 중계율 0.02 | alpha 2.326 | complete
Ep 917 | 드론6 목적지75 | 1000스텝 | 배송 73/75 | 재적재 14 | 중계율 0.05 | alpha 2.299 | step_limit
Ep 918 | 드론8 목적지22 |  224스텝 | 배송 22/22 | 재적재  0 | 중계율 0.07 | alpha 2.294 | complete
Ep 919 | 드론6 목적지73 |  742스텝 | 배송 73/73 | 재적재 13 | 중계율 0.06 | alpha 2.286 | complete
Ep 920 | 드론4 목적지79 | 1000스텝 | 배송 54/79 | 재적재 10 | 중계율 0.11 | alpha 2.318 | step_limit
Ep 921 | 드론4 목적지27 |  453스텝 | 배송 27/27 | 재적재  3 | 중계율 0.05 | alpha 2.310 | complete
Ep 922 | 드론5 목적지20 |  330스텝 | 배송 20/20 | 재적재  1 | 중계율 0.08 | alpha 2.295 | complete
Ep 923 | 드론6 목적지51 |  581스텝 | 배송 51/51 | 재적재  9 | 중계율 0.03 | alpha 2.311 | complete
Ep 924 | 드론8 목적지68 |  434스텝 | 배송 68/68 | 재적재 10 | 중계율 0.02 | alpha 2.332 | complete
Ep 925 | 드론8 목적지30 |  261스텝 | 배송 30/30 | 재적재  3 | 중계율 0.05 | alpha 2.318 | complete
Ep 926 | 드론7 목적지31 |  197스텝 | 배송 31/31 | 재적재  2 | 중계율 0.04 | alpha 2.331 | complete
Ep 927 | 드론3 목적지62 | 1000스텝 | 배송 49/62 | 재적재  8 | 중계율 0.10 | alpha 2.324 | step_limit
Ep 928 | 드론3 목적지51 | 1000스텝 | 배송 38/51 | 재적재  7 | 중계율 0.12 | alpha 2.325 | step_limit
Ep 929 | 드론7 목적지34 |  360스텝 | 배송 34/34 | 재적재  5 | 중계율 0.02 | alpha 2.326 | complete
Ep 930 | 드론5 목적지57 |  689스텝 | 배송 57/57 | 재적재  9 | 중계율 0.04 | alpha 2.337 | complete
Ep 931 | 드론5 목적지52 |  637스텝 | 배송 52/52 | 재적재  8 | 중계율 0.05 | alpha 2.341 | complete
Ep 932 | 드론8 목적지27 |  259스텝 | 배송 27/27 | 재적재  2 | 중계율 0.03 | alpha 2.337 | complete
Ep 933 | 드론8 목적지71 |  530스텝 | 배송 71/71 | 재적재 12 | 중계율 0.03 | alpha 2.320 | complete
Ep 934 | 드론8 목적지65 |  546스텝 | 배송 65/65 | 재적재  9 | 중계율 0.01 | alpha 2.341 | complete
Ep 935 | 드론5 목적지29 |  661스텝 | 배송 29/29 | 재적재  5 | 중계율 0.11 | alpha 2.361 | complete
Ep 936 | 드론3 목적지44 | 1000스텝 | 배송 40/44 | 재적재  7 | 중계율 0.10 | alpha 2.365 | step_limit
Ep 937 | 드론4 목적지22 |  693스텝 | 배송 22/22 | 재적재  3 | 중계율 0.07 | alpha 2.347 | complete
Ep 938 | 드론5 목적지44 |  708스텝 | 배송 44/44 | 재적재  6 | 중계율 0.07 | alpha 2.329 | complete
Ep 939 | 드론6 목적지68 | 1000스텝 | 배송 66/68 | 재적재 10 | 중계율 0.09 | alpha 2.321 | step_limit
Ep 940 | 드론7 목적지43 |  723스텝 | 배송 43/43 | 재적재  6 | 중계율 0.08 | alpha 2.319 | complete
Ep 941 | 드론6 목적지73 |  902스텝 | 배송 73/73 | 재적재 13 | 중계율 0.06 | alpha 2.316 | complete
Ep 942 | 드론8 목적지26 |  216스텝 | 배송 26/26 | 재적재  0 | 중계율 0.02 | alpha 2.321 | complete
Ep 943 | 드론6 목적지28 |  352스텝 | 배송 28/28 | 재적재  3 | 중계율 0.07 | alpha 2.323 | complete
Ep 944 | 드론3 목적지79 | 1000스텝 | 배송 65/79 | 재적재 12 | 중계율 0.06 | alpha 2.320 | step_limit
Ep 945 | 드론4 목적지61 | 1000스텝 | 배송 56/61 | 재적재 10 | 중계율 0.05 | alpha 2.345 | step_limit
Ep 946 | 드론5 목적지50 |  913스텝 | 배송 50/50 | 재적재  8 | 중계율 0.11 | alpha 2.347 | complete
Ep 947 | 드론8 목적지25 |  253스텝 | 배송 25/25 | 재적재  1 | 중계율 0.04 | alpha 2.343 | complete
Ep 948 | 드론8 목적지58 |  492스텝 | 배송 58/58 | 재적재  9 | 중계율 0.03 | alpha 2.353 | complete
Ep 949 | 드론7 목적지52 |  482스텝 | 배송 52/52 | 재적재  7 | 중계율 0.03 | alpha 2.352 | complete
Ep 950 | 드론8 목적지43 |  334스텝 | 배송 43/43 | 재적재  7 | 중계율 0.02 | alpha 2.359 | complete
  [홀드아웃] 배송 45.8±4.8 완주 0.42 재적재 7.8 2홉+ 0.60 | 최고 47.6@ep600 정체 7/15
Ep 951 | 드론6 목적지30 |  534스텝 | 배송 30/30 | 재적재  4 | 중계율 0.06 | alpha 2.365 | complete
Ep 952 | 드론3 목적지51 | 1000스텝 | 배송 44/51 | 재적재  8 | 중계율 0.13 | alpha 2.365 | step_limit
Ep 953 | 드론8 목적지43 |  397스텝 | 배송 43/43 | 재적재  7 | 중계율 0.03 | alpha 2.371 | complete
Ep 954 | 드론7 목적지80 |  609스텝 | 배송 80/80 | 재적재 12 | 중계율 0.02 | alpha 2.375 | complete
Ep 955 | 드론8 목적지46 |  436스텝 | 배송 46/46 | 재적재  8 | 중계율 0.03 | alpha 2.371 | complete
Ep 956 | 드론6 목적지37 |  346스텝 | 배송 37/37 | 재적재  5 | 중계율 0.03 | alpha 2.369 | complete
Ep 957 | 드론3 목적지52 | 1000스텝 | 배송 50/52 | 재적재  9 | 중계율 0.08 | alpha 2.393 | step_limit
Ep 958 | 드론8 목적지46 |  543스텝 | 배송 46/46 | 재적재  7 | 중계율 0.04 | alpha 2.392 | complete
Ep 959 | 드론5 목적지46 |  761스텝 | 배송 46/46 | 재적재  7 | 중계율 0.10 | alpha 2.359 | complete
Ep 960 | 드론8 목적지66 |  431스텝 | 배송 66/66 | 재적재  8 | 중계율 0.01 | alpha 2.335 | complete
Ep 961 | 드론4 목적지76 | 1000스텝 | 배송 63/76 | 재적재 10 | 중계율 0.08 | alpha 2.372 | step_limit
Ep 962 | 드론5 목적지52 |  835스텝 | 배송 52/52 | 재적재  9 | 중계율 0.09 | alpha 2.366 | complete
Ep 963 | 드론3 목적지56 | 1000스텝 | 배송 43/56 | 재적재  7 | 중계율 0.14 | alpha 2.365 | step_limit
Ep 964 | 드론4 목적지54 |  832스텝 | 배송 54/54 | 재적재  9 | 중계율 0.04 | alpha 2.407 | complete
Ep 965 | 드론5 목적지34 |  440스텝 | 배송 34/34 | 재적재  5 | 중계율 0.07 | alpha 2.400 | complete
Ep 966 | 드론7 목적지77 |  515스텝 | 배송 77/77 | 재적재 14 | 중계율 0.01 | alpha 2.401 | complete
Ep 967 | 드론8 목적지38 |  307스텝 | 배송 38/38 | 재적재  5 | 중계율 0.01 | alpha 2.407 | complete
Ep 968 | 드론8 목적지37 |  477스텝 | 배송 37/37 | 재적재  5 | 중계율 0.07 | alpha 2.409 | complete
Ep 969 | 드론5 목적지54 |  896스텝 | 배송 54/54 | 재적재  9 | 중계율 0.07 | alpha 2.422 | complete
Ep 970 | 드론7 목적지80 |  663스텝 | 배송 80/80 | 재적재 14 | 중계율 0.01 | alpha 2.447 | complete
Ep 971 | 드론6 목적지26 |  310스텝 | 배송 26/26 | 재적재  3 | 중계율 0.03 | alpha 2.441 | complete
Ep 972 | 드론8 목적지27 |  339스텝 | 배송 27/27 | 재적재  2 | 중계율 0.05 | alpha 2.447 | complete
Ep 973 | 드론4 목적지36 | 1000스텝 | 배송 34/36 | 재적재  5 | 중계율 0.09 | alpha 2.433 | step_limit
Ep 974 | 드론4 목적지80 | 1000스텝 | 배송 77/80 | 재적재 14 | 중계율 0.04 | alpha 2.449 | step_limit
Ep 975 | 드론7 목적지80 |  750스텝 | 배송 80/80 | 재적재 13 | 중계율 0.03 | alpha 2.462 | complete
Ep 976 | 드론4 목적지48 | 1000스텝 | 배송 45/48 | 재적재  7 | 중계율 0.11 | alpha 2.446 | step_limit
Ep 977 | 드론7 목적지48 |  595스텝 | 배송 48/48 | 재적재  7 | 중계율 0.03 | alpha 2.465 | complete
Ep 978 | 드론6 목적지69 |  673스텝 | 배송 69/69 | 재적재 11 | 중계율 0.02 | alpha 2.446 | complete
Ep 979 | 드론8 목적지58 |  528스텝 | 배송 58/58 | 재적재  9 | 중계율 0.02 | alpha 2.442 | complete
Ep 980 | 드론7 목적지73 |  749스텝 | 배송 73/73 | 재적재 12 | 중계율 0.08 | alpha 2.437 | complete
Ep 981 | 드론5 목적지62 |  717스텝 | 배송 62/62 | 재적재 11 | 중계율 0.02 | alpha 2.468 | complete
Ep 982 | 드론8 목적지66 |  531스텝 | 배송 66/66 | 재적재 11 | 중계율 0.04 | alpha 2.466 | complete
Ep 983 | 드론5 목적지22 |  458스텝 | 배송 22/22 | 재적재  3 | 중계율 0.09 | alpha 2.456 | complete
Ep 984 | 드론3 목적지53 | 1000스텝 | 배송 44/53 | 재적재  8 | 중계율 0.08 | alpha 2.429 | step_limit
Ep 985 | 드론7 목적지65 |  518스텝 | 배송 65/65 | 재적재 10 | 중계율 0.02 | alpha 2.434 | complete
Ep 986 | 드론7 목적지35 |  348스텝 | 배송 35/35 | 재적재  6 | 중계율 0.05 | alpha 2.445 | complete
Ep 987 | 드론6 목적지47 |  450스텝 | 배송 47/47 | 재적재  8 | 중계율 0.05 | alpha 2.440 | complete
Ep 988 | 드론5 목적지24 |  438스텝 | 배송 24/24 | 재적재  2 | 중계율 0.07 | alpha 2.443 | complete
Ep 989 | 드론3 목적지64 | 1000스텝 | 배송 53/64 | 재적재  9 | 중계율 0.10 | alpha 2.438 | step_limit
Ep 990 | 드론5 목적지26 |  434스텝 | 배송 26/26 | 재적재  4 | 중계율 0.08 | alpha 2.451 | complete
Ep 991 | 드론3 목적지30 |  782스텝 | 배송 30/30 | 재적재  5 | 중계율 0.12 | alpha 2.411 | complete
Ep 992 | 드론5 목적지59 |  806스텝 | 배송 59/59 | 재적재 10 | 중계율 0.06 | alpha 2.424 | complete
Ep 993 | 드론3 목적지46 | 1000스텝 | 배송 43/46 | 재적재  7 | 중계율 0.11 | alpha 2.470 | step_limit
Ep 994 | 드론7 목적지71 |  591스텝 | 배송 71/71 | 재적재 12 | 중계율 0.03 | alpha 2.481 | complete
Ep 995 | 드론3 목적지61 | 1000스텝 | 배송 49/61 | 재적재  8 | 중계율 0.05 | alpha 2.466 | step_limit
Ep 996 | 드론4 목적지61 |  885스텝 | 배송 61/61 | 재적재 11 | 중계율 0.06 | alpha 2.464 | complete
Ep 997 | 드론3 목적지59 | 1000스텝 | 배송 49/59 | 재적재  9 | 중계율 0.09 | alpha 2.439 | step_limit
Ep 998 | 드론8 목적지70 |  600스텝 | 배송 70/70 | 재적재 11 | 중계율 0.08 | alpha 2.435 | complete
Ep 999 | 드론4 목적지49 |  985스텝 | 배송 49/49 | 재적재  8 | 중계율 0.09 | alpha 2.441 | complete
Ep 1000 | 드론6 목적지63 |  764스텝 | 배송 63/63 | 재적재 11 | 중계율 0.05 | alpha 2.427 | complete
  [홀드아웃] 배송 45.6±3.5 완주 0.17 재적재 7.7 2홉+ 0.62 | 최고 47.6@ep600 정체 8/15
Ep 1001 | 드론7 목적지43 |  440스텝 | 배송 43/43 | 재적재  6 | 중계율 0.02 | alpha 2.414 | complete
Ep 1002 | 드론5 목적지78 | 1000스텝 | 배송 76/78 | 재적재 14 | 중계율 0.06 | alpha 2.438 | step_limit
Ep 1003 | 드론5 목적지74 | 1000스텝 | 배송 63/74 | 재적재 12 | 중계율 0.07 | alpha 2.452 | step_limit
Ep 1004 | 드론8 목적지61 |  500스텝 | 배송 61/61 | 재적재 10 | 중계율 0.03 | alpha 2.476 | complete
Ep 1005 | 드론7 목적지62 |  503스텝 | 배송 62/62 | 재적재 11 | 중계율 0.02 | alpha 2.497 | complete
Ep 1006 | 드론4 목적지22 |  552스텝 | 배송 22/22 | 재적재  3 | 중계율 0.10 | alpha 2.493 | complete
Ep 1007 | 드론7 목적지79 |  759스텝 | 배송 79/79 | 재적재 14 | 중계율 0.07 | alpha 2.517 | complete
Ep 1008 | 드론4 목적지28 |  937스텝 | 배송 28/28 | 재적재  4 | 중계율 0.17 | alpha 2.505 | complete
Ep 1009 | 드론5 목적지65 |  724스텝 | 배송 65/65 | 재적재 11 | 중계율 0.03 | alpha 2.483 | complete
Ep 1010 | 드론6 목적지22 |  473스텝 | 배송 22/22 | 재적재  2 | 중계율 0.10 | alpha 2.485 | complete
Ep 1011 | 드론6 목적지52 |  559스텝 | 배송 52/52 | 재적재  8 | 중계율 0.03 | alpha 2.485 | complete
Ep 1012 | 드론8 목적지47 |  410스텝 | 배송 47/47 | 재적재  7 | 중계율 0.02 | alpha 2.482 | complete
Ep 1013 | 드론8 목적지66 |  528스텝 | 배송 66/66 | 재적재 10 | 중계율 0.01 | alpha 2.493 | complete
Ep 1014 | 드론4 목적지69 | 1000스텝 | 배송 59/69 | 재적재 11 | 중계율 0.09 | alpha 2.496 | step_limit
Ep 1015 | 드론5 목적지77 |  771스텝 | 배송 77/77 | 재적재 15 | 중계율 0.09 | alpha 2.508 | complete
Ep 1016 | 드론5 목적지80 | 1000스텝 | 배송 75/80 | 재적재 13 | 중계율 0.07 | alpha 2.535 | step_limit
Ep 1017 | 드론7 목적지51 |  454스텝 | 배송 51/51 | 재적재  8 | 중계율 0.02 | alpha 2.533 | complete
Ep 1018 | 드론7 목적지21 |  240스텝 | 배송 21/21 | 재적재  1 | 중계율 0.03 | alpha 2.528 | complete
Ep 1019 | 드론5 목적지58 |  767스텝 | 배송 58/58 | 재적재 10 | 중계율 0.07 | alpha 2.485 | complete
Ep 1020 | 드론5 목적지74 | 1000스텝 | 배송 71/74 | 재적재 12 | 중계율 0.07 | alpha 2.448 | step_limit
Ep 1021 | 드론3 목적지48 | 1000스텝 | 배송 44/48 | 재적재  8 | 중계율 0.09 | alpha 2.455 | step_limit
Ep 1022 | 드론7 목적지27 |  420스텝 | 배송 27/27 | 재적재  3 | 중계율 0.05 | alpha 2.479 | complete
Ep 1023 | 드론7 목적지46 |  475스텝 | 배송 46/46 | 재적재  7 | 중계율 0.03 | alpha 2.505 | complete
Ep 1024 | 드론3 목적지70 | 1000스텝 | 배송 43/70 | 재적재  7 | 중계율 0.13 | alpha 2.509 | step_limit
Ep 1025 | 드론6 목적지41 |  440스텝 | 배송 41/41 | 재적재  5 | 중계율 0.05 | alpha 2.515 | complete
Ep 1026 | 드론7 목적지76 |  757스텝 | 배송 76/76 | 재적재 12 | 중계율 0.04 | alpha 2.511 | complete
Ep 1027 | 드론5 목적지51 |  795스텝 | 배송 51/51 | 재적재  8 | 중계율 0.05 | alpha 2.487 | complete
Ep 1028 | 드론4 목적지27 |  722스텝 | 배송 27/27 | 재적재  3 | 중계율 0.05 | alpha 2.498 | complete
Ep 1029 | 드론4 목적지37 |  837스텝 | 배송 37/37 | 재적재  6 | 중계율 0.04 | alpha 2.481 | complete
Ep 1030 | 드론4 목적지46 | 1000스텝 | 배송 37/46 | 재적재  6 | 중계율 0.11 | alpha 2.498 | step_limit
Ep 1031 | 드론8 목적지20 |  296스텝 | 배송 20/20 | 재적재  1 | 중계율 0.03 | alpha 2.496 | complete
Ep 1032 | 드론4 목적지27 |  580스텝 | 배송 27/27 | 재적재  4 | 중계율 0.05 | alpha 2.493 | complete
Ep 1033 | 드론6 목적지38 |  398스텝 | 배송 38/38 | 재적재  6 | 중계율 0.06 | alpha 2.489 | complete
Ep 1034 | 드론5 목적지66 |  813스텝 | 배송 66/66 | 재적재 12 | 중계율 0.07 | alpha 2.461 | complete
Ep 1035 | 드론8 목적지64 |  468스텝 | 배송 64/64 | 재적재  8 | 중계율 0.03 | alpha 2.479 | complete
Ep 1036 | 드론4 목적지59 | 1000스텝 | 배송 52/59 | 재적재  9 | 중계율 0.08 | alpha 2.497 | step_limit
Ep 1037 | 드론3 목적지49 | 1000스텝 | 배송 43/49 | 재적재  8 | 중계율 0.09 | alpha 2.469 | step_limit
Ep 1038 | 드론8 목적지57 |  545스텝 | 배송 57/57 | 재적재  9 | 중계율 0.06 | alpha 2.476 | complete
Ep 1039 | 드론4 목적지73 | 1000스텝 | 배송 71/73 | 재적재 13 | 중계율 0.07 | alpha 2.454 | step_limit
Ep 1040 | 드론3 목적지44 | 1000스텝 | 배송 31/44 | 재적재  5 | 중계율 0.13 | alpha 2.489 | step_limit
Ep 1041 | 드론7 목적지65 |  634스텝 | 배송 65/65 | 재적재 10 | 중계율 0.03 | alpha 2.481 | complete
Ep 1042 | 드론3 목적지37 | 1000스텝 | 배송 35/37 | 재적재  7 | 중계율 0.17 | alpha 2.477 | step_limit
Ep 1043 | 드론6 목적지52 |  551스텝 | 배송 52/52 | 재적재  8 | 중계율 0.02 | alpha 2.462 | complete
Ep 1044 | 드론5 목적지36 |  627스텝 | 배송 36/36 | 재적재  6 | 중계율 0.12 | alpha 2.459 | complete
Ep 1045 | 드론5 목적지52 |  773스텝 | 배송 52/52 | 재적재  8 | 중계율 0.05 | alpha 2.472 | complete
Ep 1046 | 드론6 목적지43 |  457스텝 | 배송 43/43 | 재적재  7 | 중계율 0.05 | alpha 2.462 | complete
Ep 1047 | 드론3 목적지52 | 1000스텝 | 배송 45/52 | 재적재  8 | 중계율 0.09 | alpha 2.437 | step_limit
Ep 1048 | 드론3 목적지51 | 1000스텝 | 배송 44/51 | 재적재  8 | 중계율 0.13 | alpha 2.464 | step_limit
Ep 1049 | 드론5 목적지72 | 1000스텝 | 배송 61/72 | 재적재 11 | 중계율 0.09 | alpha 2.472 | step_limit
Ep 1050 | 드론6 목적지76 | 1000스텝 | 배송 73/76 | 재적재 13 | 중계율 0.10 | alpha 2.500 | step_limit
  [홀드아웃] 배송 45.7±2.9 완주 0.17 재적재 7.9 2홉+ 0.61 | 최고 47.6@ep600 정체 9/15
Ep 1051 | 드론5 목적지79 | 1000스텝 | 배송 73/79 | 재적재 13 | 중계율 0.08 | alpha 2.513 | step_limit
Ep 1052 | 드론7 목적지45 |  556스텝 | 배송 45/45 | 재적재  7 | 중계율 0.05 | alpha 2.524 | complete
Ep 1053 | 드론8 목적지49 |  459스텝 | 배송 49/49 | 재적재  7 | 중계율 0.02 | alpha 2.532 | complete
Ep 1054 | 드론7 목적지61 |  424스텝 | 배송 61/61 | 재적재  8 | 중계율 0.02 | alpha 2.515 | complete
Ep 1055 | 드론6 목적지41 |  506스텝 | 배송 41/41 | 재적재  6 | 중계율 0.03 | alpha 2.510 | complete
Ep 1056 | 드론7 목적지54 |  526스텝 | 배송 54/54 | 재적재  8 | 중계율 0.04 | alpha 2.527 | complete
Ep 1057 | 드론7 목적지64 |  548스텝 | 배송 64/64 | 재적재 10 | 중계율 0.05 | alpha 2.537 | complete
Ep 1058 | 드론7 목적지66 |  634스텝 | 배송 66/66 | 재적재 11 | 중계율 0.07 | alpha 2.524 | complete
Ep 1059 | 드론4 목적지51 |  795스텝 | 배송 51/51 | 재적재  9 | 중계율 0.07 | alpha 2.507 | complete
Ep 1060 | 드론8 목적지52 |  506스텝 | 배송 52/52 | 재적재  7 | 중계율 0.02 | alpha 2.488 | complete
Ep 1061 | 드론6 목적지37 |  552스텝 | 배송 37/37 | 재적재  5 | 중계율 0.03 | alpha 2.482 | complete
Ep 1062 | 드론6 목적지24 |  331스텝 | 배송 24/24 | 재적재  2 | 중계율 0.03 | alpha 2.486 | complete
Ep 1063 | 드론6 목적지73 |  695스텝 | 배송 73/73 | 재적재 12 | 중계율 0.05 | alpha 2.526 | complete
Ep 1064 | 드론6 목적지39 |  390스텝 | 배송 39/39 | 재적재  4 | 중계율 0.05 | alpha 2.543 | complete
Ep 1065 | 드론5 목적지24 |  561스텝 | 배송 24/24 | 재적재  4 | 중계율 0.10 | alpha 2.557 | complete
Ep 1066 | 드론3 목적지75 | 1000스텝 | 배송 64/75 | 재적재 12 | 중계율 0.05 | alpha 2.547 | step_limit
Ep 1067 | 드론7 목적지50 |  468스텝 | 배송 50/50 | 재적재  7 | 중계율 0.05 | alpha 2.531 | complete
Ep 1068 | 드론5 목적지45 |  538스텝 | 배송 45/45 | 재적재  6 | 중계율 0.06 | alpha 2.536 | complete
Ep 1069 | 드론6 목적지20 |  212스텝 | 배송 20/20 | 재적재  2 | 중계율 0.06 | alpha 2.543 | complete
Ep 1070 | 드론3 목적지79 | 1000스텝 | 배송 65/79 | 재적재 12 | 중계율 0.06 | alpha 2.555 | step_limit
Ep 1071 | 드론5 목적지32 |  469스텝 | 배송 32/32 | 재적재  5 | 중계율 0.05 | alpha 2.567 | complete
Ep 1072 | 드론4 목적지56 |  869스텝 | 배송 56/56 | 재적재 10 | 중계율 0.06 | alpha 2.537 | complete
Ep 1073 | 드론8 목적지25 |  264스텝 | 배송 25/25 | 재적재  2 | 중계율 0.06 | alpha 2.537 | complete
Ep 1074 | 드론4 목적지34 |  856스텝 | 배송 34/34 | 재적재  5 | 중계율 0.15 | alpha 2.527 | complete
Ep 1075 | 드론8 목적지40 |  521스텝 | 배송 40/40 | 재적재  5 | 중계율 0.01 | alpha 2.523 | complete
Ep 1076 | 드론4 목적지73 | 1000스텝 | 배송 68/73 | 재적재 13 | 중계율 0.08 | alpha 2.586 | step_limit
Ep 1077 | 드론6 목적지50 |  635스텝 | 배송 50/50 | 재적재  8 | 중계율 0.04 | alpha 2.596 | complete
Ep 1078 | 드론6 목적지62 |  802스텝 | 배송 62/62 | 재적재 10 | 중계율 0.07 | alpha 2.604 | complete
Ep 1079 | 드론4 목적지25 |  543스텝 | 배송 25/25 | 재적재  4 | 중계율 0.09 | alpha 2.575 | complete
Ep 1080 | 드론4 목적지51 | 1000스텝 | 배송 48/51 | 재적재  8 | 중계율 0.09 | alpha 2.568 | step_limit
Ep 1081 | 드론7 목적지46 |  570스텝 | 배송 46/46 | 재적재  6 | 중계율 0.08 | alpha 2.560 | complete
Ep 1082 | 드론8 목적지51 |  409스텝 | 배송 51/51 | 재적재  7 | 중계율 0.01 | alpha 2.580 | complete
Ep 1083 | 드론4 목적지64 | 1000스텝 | 배송 51/64 | 재적재  9 | 중계율 0.15 | alpha 2.580 | step_limit
Ep 1084 | 드론5 목적지48 |  729스텝 | 배송 48/48 | 재적재  8 | 중계율 0.07 | alpha 2.552 | complete
Ep 1085 | 드론5 목적지60 | 1000스텝 | 배송 58/60 | 재적재 10 | 중계율 0.09 | alpha 2.536 | step_limit
Ep 1086 | 드론6 목적지27 |  328스텝 | 배송 27/27 | 재적재  3 | 중계율 0.05 | alpha 2.546 | complete
Ep 1087 | 드론7 목적지66 |  694스텝 | 배송 66/66 | 재적재 11 | 중계율 0.07 | alpha 2.572 | complete
Ep 1088 | 드론7 목적지48 |  454스텝 | 배송 48/48 | 재적재  8 | 중계율 0.03 | alpha 2.569 | complete
Ep 1089 | 드론5 목적지63 |  670스텝 | 배송 63/63 | 재적재 11 | 중계율 0.04 | alpha 2.562 | complete
Ep 1090 | 드론7 목적지78 |  659스텝 | 배송 78/78 | 재적재 13 | 중계율 0.04 | alpha 2.571 | complete
Ep 1091 | 드론5 목적지66 |  917스텝 | 배송 66/66 | 재적재 12 | 중계율 0.10 | alpha 2.584 | complete
Ep 1092 | 드론3 목적지77 | 1000스텝 | 배송 55/77 | 재적재 10 | 중계율 0.10 | alpha 2.579 | step_limit
Ep 1093 | 드론4 목적지72 | 1000스텝 | 배송 65/72 | 재적재 12 | 중계율 0.07 | alpha 2.563 | step_limit
Ep 1094 | 드론7 목적지45 |  393스텝 | 배송 45/45 | 재적재  7 | 중계율 0.05 | alpha 2.569 | complete
Ep 1095 | 드론6 목적지21 |  230스텝 | 배송 21/21 | 재적재  1 | 중계율 0.01 | alpha 2.557 | complete
Ep 1096 | 드론8 목적지77 |  547스텝 | 배송 77/77 | 재적재 13 | 중계율 0.01 | alpha 2.553 | complete
Ep 1097 | 드론3 목적지44 | 1000스텝 | 배송 41/44 | 재적재  7 | 중계율 0.07 | alpha 2.566 | step_limit
Ep 1098 | 드론3 목적지59 | 1000스텝 | 배송 43/59 | 재적재  7 | 중계율 0.10 | alpha 2.580 | step_limit
Ep 1099 | 드론5 목적지75 |  959스텝 | 배송 75/75 | 재적재 13 | 중계율 0.04 | alpha 2.610 | complete
Ep 1100 | 드론3 목적지54 | 1000스텝 | 배송 44/54 | 재적재  8 | 중계율 0.08 | alpha 2.594 | step_limit
  [홀드아웃] 배송 46.5±2.3 완주 0.08 재적재 8.1 2홉+ 0.63 | 최고 47.6@ep600 정체 10/15
Ep 1101 | 드론4 목적지78 | 1000스텝 | 배송 58/78 | 재적재 10 | 중계율 0.06 | alpha 2.580 | step_limit
Ep 1102 | 드론7 목적지36 |  398스텝 | 배송 36/36 | 재적재  5 | 중계율 0.03 | alpha 2.590 | complete
Ep 1103 | 드론5 목적지32 |  760스텝 | 배송 32/32 | 재적재  5 | 중계율 0.07 | alpha 2.625 | complete
Ep 1104 | 드론8 목적지37 |  443스텝 | 배송 37/37 | 재적재  5 | 중계율 0.04 | alpha 2.630 | complete
Ep 1105 | 드론7 목적지63 |  586스텝 | 배송 63/63 | 재적재 10 | 중계율 0.02 | alpha 2.655 | complete
Ep 1106 | 드론6 목적지46 |  544스텝 | 배송 46/46 | 재적재  6 | 중계율 0.05 | alpha 2.635 | complete
Ep 1107 | 드론7 목적지21 |  204스텝 | 배송 21/21 | 재적재  0 | 중계율 0.06 | alpha 2.625 | complete
Ep 1108 | 드론3 목적지41 | 1000스텝 | 배송 35/41 | 재적재  6 | 중계율 0.12 | alpha 2.614 | step_limit
Ep 1109 | 드론7 목적지21 |  146스텝 | 배송 21/21 | 재적재  0 | 중계율 0.01 | alpha 2.617 | complete
Ep 1110 | 드론3 목적지55 | 1000스텝 | 배송 47/55 | 재적재  9 | 중계율 0.09 | alpha 2.607 | step_limit
Ep 1111 | 드론7 목적지49 |  368스텝 | 배송 49/49 | 재적재  8 | 중계율 0.02 | alpha 2.608 | complete
Ep 1112 | 드론4 목적지27 |  451스텝 | 배송 27/27 | 재적재  4 | 중계율 0.03 | alpha 2.609 | complete
Ep 1113 | 드론8 목적지70 |  489스텝 | 배송 70/70 | 재적재 10 | 중계율 0.01 | alpha 2.610 | complete
Ep 1114 | 드론7 목적지50 |  480스텝 | 배송 50/50 | 재적재  7 | 중계율 0.01 | alpha 2.594 | complete
Ep 1115 | 드론8 목적지73 |  913스텝 | 배송 73/73 | 재적재 12 | 중계율 0.06 | alpha 2.597 | complete
Ep 1116 | 드론5 목적지54 | 1000스텝 | 배송 51/54 | 재적재  9 | 중계율 0.11 | alpha 2.587 | step_limit
Ep 1117 | 드론6 목적지74 |  668스텝 | 배송 74/74 | 재적재 12 | 중계율 0.04 | alpha 2.633 | complete
Ep 1118 | 드론7 목적지52 |  629스텝 | 배송 52/52 | 재적재  7 | 중계율 0.09 | alpha 2.647 | complete
Ep 1119 | 드론8 목적지22 |  240스텝 | 배송 22/22 | 재적재  0 | 중계율 0.04 | alpha 2.642 | complete
Ep 1120 | 드론7 목적지40 |  458스텝 | 배송 40/40 | 재적재  5 | 중계율 0.01 | alpha 2.645 | complete
Ep 1121 | 드론7 목적지26 |  351스텝 | 배송 26/26 | 재적재  2 | 중계율 0.07 | alpha 2.657 | complete
Ep 1122 | 드론8 목적지55 |  366스텝 | 배송 55/55 | 재적재  7 | 중계율 0.01 | alpha 2.660 | complete
Ep 1123 | 드론8 목적지54 |  412스텝 | 배송 54/54 | 재적재  8 | 중계율 0.01 | alpha 2.663 | complete
Ep 1124 | 드론6 목적지79 |  863스텝 | 배송 79/79 | 재적재 14 | 중계율 0.04 | alpha 2.674 | complete
Ep 1125 | 드론8 목적지53 |  384스텝 | 배송 53/53 | 재적재  7 | 중계율 0.02 | alpha 2.682 | complete
Ep 1126 | 드론7 목적지21 |  165스텝 | 배송 21/21 | 재적재  0 | 중계율 0.04 | alpha 2.666 | complete
Ep 1127 | 드론5 목적지66 | 1000스텝 | 배송 64/66 | 재적재 11 | 중계율 0.08 | alpha 2.653 | step_limit
Ep 1128 | 드론6 목적지70 | 1000스텝 | 배송 68/70 | 재적재 13 | 중계율 0.08 | alpha 2.634 | step_limit
Ep 1129 | 드론8 목적지28 |  414스텝 | 배송 28/28 | 재적재  2 | 중계율 0.06 | alpha 2.635 | complete
Ep 1130 | 드론6 목적지45 |  537스텝 | 배송 45/45 | 재적재  7 | 중계율 0.02 | alpha 2.668 | complete
Ep 1131 | 드론5 목적지55 |  977스텝 | 배송 55/55 | 재적재  9 | 중계율 0.12 | alpha 2.674 | complete
Ep 1132 | 드론7 목적지59 |  609스텝 | 배송 59/59 | 재적재 10 | 중계율 0.03 | alpha 2.671 | complete
Ep 1133 | 드론7 목적지69 |  708스텝 | 배송 69/69 | 재적재 11 | 중계율 0.02 | alpha 2.643 | complete
Ep 1134 | 드론8 목적지28 |  204스텝 | 배송 28/28 | 재적재  0 | 중계율 0.02 | alpha 2.642 | complete
Ep 1135 | 드론4 목적지68 | 1000스텝 | 배송 55/68 | 재적재  8 | 중계율 0.10 | alpha 2.650 | step_limit
Ep 1136 | 드론8 목적지76 |  984스텝 | 배송 76/76 | 재적재 12 | 중계율 0.12 | alpha 2.651 | complete
Ep 1137 | 드론6 목적지30 |  351스텝 | 배송 30/30 | 재적재  4 | 중계율 0.03 | alpha 2.648 | complete
Ep 1138 | 드론5 목적지48 |  551스텝 | 배송 48/48 | 재적재  8 | 중계율 0.01 | alpha 2.647 | complete
Ep 1139 | 드론8 목적지39 |  279스텝 | 배송 39/39 | 재적재  5 | 중계율 0.01 | alpha 2.648 | complete
Ep 1140 | 드론4 목적지80 | 1000스텝 | 배송 76/80 | 재적재 13 | 중계율 0.06 | alpha 2.678 | step_limit
Ep 1141 | 드론5 목적지28 |  507스텝 | 배송 28/28 | 재적재  4 | 중계율 0.03 | alpha 2.683 | complete
Ep 1142 | 드론8 목적지47 |  326스텝 | 배송 47/47 | 재적재  8 | 중계율 0.02 | alpha 2.679 | complete
Ep 1143 | 드론5 목적지44 |  591스텝 | 배송 44/44 | 재적재  7 | 중계율 0.06 | alpha 2.664 | complete
Ep 1144 | 드론4 목적지28 | 1000스텝 | 배송 27/28 | 재적재  5 | 중계율 0.11 | alpha 2.646 | step_limit
Ep 1145 | 드론7 목적지21 |  321스텝 | 배송 21/21 | 재적재  2 | 중계율 0.03 | alpha 2.636 | complete
Ep 1146 | 드론4 목적지72 | 1000스텝 | 배송 64/72 | 재적재 10 | 중계율 0.04 | alpha 2.670 | step_limit
Ep 1147 | 드론4 목적지77 | 1000스텝 | 배송 69/77 | 재적재 13 | 중계율 0.07 | alpha 2.691 | step_limit
Ep 1148 | 드론8 목적지45 |  554스텝 | 배송 45/45 | 재적재  8 | 중계율 0.02 | alpha 2.679 | complete
Ep 1149 | 드론4 목적지80 | 1000스텝 | 배송 75/80 | 재적재 13 | 중계율 0.04 | alpha 2.666 | step_limit
Ep 1150 | 드론4 목적지73 | 1000스텝 | 배송 66/73 | 재적재 12 | 중계율 0.08 | alpha 2.645 | step_limit
  [홀드아웃] 배송 47.3±3.0 완주 0.33 재적재 8.1 2홉+ 0.62 | 최고 47.6@ep600 정체 11/15
Ep 1151 | 드론4 목적지40 |  861스텝 | 배송 40/40 | 재적재  6 | 중계율 0.10 | alpha 2.628 | complete
Ep 1152 | 드론5 목적지61 |  732스텝 | 배송 61/61 | 재적재 11 | 중계율 0.03 | alpha 2.664 | complete
Ep 1153 | 드론7 목적지24 |  379스텝 | 배송 24/24 | 재적재  2 | 중계율 0.11 | alpha 2.678 | complete
Ep 1154 | 드론5 목적지24 |  493스텝 | 배송 24/24 | 재적재  2 | 중계율 0.03 | alpha 2.682 | complete
Ep 1155 | 드론4 목적지31 |  634스텝 | 배송 31/31 | 재적재  5 | 중계율 0.13 | alpha 2.668 | complete
Ep 1156 | 드론5 목적지20 |  334스텝 | 배송 20/20 | 재적재  2 | 중계율 0.07 | alpha 2.667 | complete
Ep 1157 | 드론8 목적지23 |  226스텝 | 배송 23/23 | 재적재  1 | 중계율 0.02 | alpha 2.659 | complete
Ep 1158 | 드론6 목적지41 |  586스텝 | 배송 41/41 | 재적재  6 | 중계율 0.08 | alpha 2.662 | complete
Ep 1159 | 드론6 목적지64 |  748스텝 | 배송 64/64 | 재적재 11 | 중계율 0.04 | alpha 2.671 | complete
Ep 1160 | 드론4 목적지47 |  889스텝 | 배송 47/47 | 재적재  8 | 중계율 0.09 | alpha 2.662 | complete
Ep 1161 | 드론6 목적지70 |  768스텝 | 배송 70/70 | 재적재 12 | 중계율 0.02 | alpha 2.657 | complete
Ep 1162 | 드론7 목적지77 |  841스텝 | 배송 77/77 | 재적재 13 | 중계율 0.02 | alpha 2.710 | complete
Ep 1163 | 드론5 목적지43 |  839스텝 | 배송 43/43 | 재적재  7 | 중계율 0.12 | alpha 2.671 | complete
Ep 1164 | 드론3 목적지40 | 1000스텝 | 배송 36/40 | 재적재  6 | 중계율 0.09 | alpha 2.686 | step_limit
Ep 1165 | 드론8 목적지67 |  508스텝 | 배송 67/67 | 재적재  9 | 중계율 0.03 | alpha 2.697 | complete
Ep 1166 | 드론6 목적지65 |  565스텝 | 배송 65/65 | 재적재 11 | 중계율 0.03 | alpha 2.716 | complete
Ep 1167 | 드론3 목적지24 |  951스텝 | 배송 24/24 | 재적재  4 | 중계율 0.13 | alpha 2.698 | complete
Ep 1168 | 드론8 목적지67 |  631스텝 | 배송 67/67 | 재적재 11 | 중계율 0.03 | alpha 2.685 | complete
Ep 1169 | 드론5 목적지37 |  750스텝 | 배송 37/37 | 재적재  5 | 중계율 0.05 | alpha 2.691 | complete
Ep 1170 | 드론3 목적지35 | 1000스텝 | 배송 34/35 | 재적재  6 | 중계율 0.09 | alpha 2.687 | step_limit
Ep 1171 | 드론7 목적지70 |  809스텝 | 배송 70/70 | 재적재 13 | 중계율 0.04 | alpha 2.720 | complete
Ep 1172 | 드론6 목적지56 |  759스텝 | 배송 56/56 | 재적재  8 | 중계율 0.05 | alpha 2.703 | complete
Ep 1173 | 드론3 목적지39 | 1000스텝 | 배송 32/39 | 재적재  5 | 중계율 0.08 | alpha 2.671 | step_limit
Ep 1174 | 드론7 목적지53 |  633스텝 | 배송 53/53 | 재적재  7 | 중계율 0.02 | alpha 2.703 | complete
Ep 1175 | 드론8 목적지44 |  462스텝 | 배송 44/44 | 재적재  7 | 중계율 0.04 | alpha 2.720 | complete
Ep 1176 | 드론8 목적지44 |  309스텝 | 배송 44/44 | 재적재  7 | 중계율 0.00 | alpha 2.724 | complete
Ep 1177 | 드론8 목적지33 |  408스텝 | 배송 33/33 | 재적재  3 | 중계율 0.03 | alpha 2.711 | complete
Ep 1178 | 드론3 목적지61 | 1000스텝 | 배송 51/61 | 재적재  9 | 중계율 0.08 | alpha 2.713 | step_limit
Ep 1179 | 드론6 목적지71 |  823스텝 | 배송 71/71 | 재적재 12 | 중계율 0.03 | alpha 2.732 | complete
Ep 1180 | 드론6 목적지62 |  661스텝 | 배송 62/62 | 재적재 10 | 중계율 0.05 | alpha 2.728 | complete
Ep 1181 | 드론6 목적지50 |  690스텝 | 배송 50/50 | 재적재  7 | 중계율 0.08 | alpha 2.727 | complete
Ep 1182 | 드론3 목적지79 | 1000스텝 | 배송 61/79 | 재적재 11 | 중계율 0.08 | alpha 2.718 | step_limit
Ep 1183 | 드론6 목적지51 |  613스텝 | 배송 51/51 | 재적재  8 | 중계율 0.04 | alpha 2.726 | complete
Ep 1184 | 드론6 목적지30 |  335스텝 | 배송 30/30 | 재적재  3 | 중계율 0.04 | alpha 2.708 | complete
Ep 1185 | 드론3 목적지77 | 1000스텝 | 배송 57/77 | 재적재 10 | 중계율 0.06 | alpha 2.720 | step_limit
Ep 1186 | 드론8 목적지42 |  303스텝 | 배송 42/42 | 재적재  6 | 중계율 0.02 | alpha 2.719 | complete
Ep 1187 | 드론7 목적지20 |  252스텝 | 배송 20/20 | 재적재  2 | 중계율 0.04 | alpha 2.721 | complete
Ep 1188 | 드론5 목적지74 | 1000스텝 | 배송 68/74 | 재적재 12 | 중계율 0.04 | alpha 2.693 | step_limit
Ep 1189 | 드론6 목적지60 |  533스텝 | 배송 60/60 | 재적재 10 | 중계율 0.02 | alpha 2.710 | complete
Ep 1190 | 드론3 목적지26 |  734스텝 | 배송 26/26 | 재적재  4 | 중계율 0.06 | alpha 2.748 | complete
Ep 1191 | 드론7 목적지27 |  255스텝 | 배송 27/27 | 재적재  2 | 중계율 0.01 | alpha 2.731 | complete
Ep 1192 | 드론6 목적지78 |  783스텝 | 배송 78/78 | 재적재 14 | 중계율 0.04 | alpha 2.724 | complete
Ep 1193 | 드론3 목적지42 | 1000스텝 | 배송 40/42 | 재적재  6 | 중계율 0.08 | alpha 2.770 | step_limit
Ep 1194 | 드론5 목적지75 |  873스텝 | 배송 75/75 | 재적재 14 | 중계율 0.07 | alpha 2.795 | complete
Ep 1195 | 드론7 목적지56 |  530스텝 | 배송 56/56 | 재적재  9 | 중계율 0.01 | alpha 2.799 | complete
Ep 1196 | 드론8 목적지66 |  488스텝 | 배송 66/66 | 재적재 11 | 중계율 0.04 | alpha 2.785 | complete
Ep 1197 | 드론6 목적지59 |  688스텝 | 배송 59/59 | 재적재 10 | 중계율 0.02 | alpha 2.750 | complete
Ep 1198 | 드론4 목적지47 |  852스텝 | 배송 47/47 | 재적재  8 | 중계율 0.07 | alpha 2.770 | complete
Ep 1199 | 드론5 목적지65 |  786스텝 | 배송 65/65 | 재적재 11 | 중계율 0.03 | alpha 2.804 | complete
Ep 1200 | 드론8 목적지48 |  473스텝 | 배송 48/48 | 재적재  6 | 중계율 0.03 | alpha 2.811 | complete
  [홀드아웃] 배송 46.6±3.8 완주 0.33 재적재 7.9 2홉+ 0.63 | 최고 47.6@ep600 정체 12/15
Ep 1201 | 드론7 목적지22 |  235스텝 | 배송 22/22 | 재적재  1 | 중계율 0.03 | alpha 2.812 | complete
Ep 1202 | 드론5 목적지68 |  640스텝 | 배송 68/68 | 재적재 12 | 중계율 0.02 | alpha 2.804 | complete
Ep 1203 | 드론3 목적지36 |  949스텝 | 배송 36/36 | 재적재  6 | 중계율 0.10 | alpha 2.766 | complete
Ep 1204 | 드론5 목적지23 |  415스텝 | 배송 23/23 | 재적재  2 | 중계율 0.06 | alpha 2.754 | complete
Ep 1205 | 드론4 목적지32 |  700스텝 | 배송 32/32 | 재적재  5 | 중계율 0.08 | alpha 2.752 | complete
Ep 1206 | 드론4 목적지76 | 1000스텝 | 배송 72/76 | 재적재 12 | 중계율 0.07 | alpha 2.716 | step_limit
Ep 1207 | 드론8 목적지45 |  388스텝 | 배송 45/45 | 재적재  7 | 중계율 0.01 | alpha 2.754 | complete
Ep 1208 | 드론7 목적지40 |  337스텝 | 배송 40/40 | 재적재  5 | 중계율 0.01 | alpha 2.777 | complete
Ep 1209 | 드론3 목적지49 | 1000스텝 | 배송 45/49 | 재적재  8 | 중계율 0.06 | alpha 2.793 | step_limit
Ep 1210 | 드론4 목적지60 | 1000스텝 | 배송 53/60 | 재적재  9 | 중계율 0.10 | alpha 2.801 | step_limit
Ep 1211 | 드론4 목적지66 | 1000스텝 | 배송 62/66 | 재적재 10 | 중계율 0.07 | alpha 2.783 | step_limit
Ep 1212 | 드론6 목적지66 |  716스텝 | 배송 66/66 | 재적재 11 | 중계율 0.02 | alpha 2.774 | complete
Ep 1213 | 드론8 목적지56 |  478스텝 | 배송 56/56 | 재적재  9 | 중계율 0.01 | alpha 2.774 | complete
Ep 1214 | 드론3 목적지49 | 1000스텝 | 배송 38/49 | 재적재  6 | 중계율 0.11 | alpha 2.822 | step_limit
Ep 1215 | 드론3 목적지21 |  460스텝 | 배송 21/21 | 재적재  3 | 중계율 0.11 | alpha 2.814 | complete
Ep 1216 | 드론5 목적지38 |  598스텝 | 배송 38/38 | 재적재  7 | 중계율 0.08 | alpha 2.794 | complete
Ep 1217 | 드론5 목적지22 |  432스텝 | 배송 22/22 | 재적재  2 | 중계율 0.05 | alpha 2.767 | complete
Ep 1218 | 드론4 목적지61 |  949스텝 | 배송 61/61 | 재적재 10 | 중계율 0.07 | alpha 2.781 | complete
Ep 1219 | 드론7 목적지66 |  503스텝 | 배송 66/66 | 재적재 11 | 중계율 0.03 | alpha 2.801 | complete
Ep 1220 | 드론3 목적지38 | 1000스텝 | 배송 34/38 | 재적재  6 | 중계율 0.10 | alpha 2.837 | step_limit
Ep 1221 | 드론3 목적지62 | 1000스텝 | 배송 49/62 | 재적재  8 | 중계율 0.11 | alpha 2.819 | step_limit
Ep 1222 | 드론7 목적지34 |  390스텝 | 배송 34/34 | 재적재  5 | 중계율 0.05 | alpha 2.807 | complete
Ep 1223 | 드론6 목적지35 |  636스텝 | 배송 35/35 | 재적재  6 | 중계율 0.04 | alpha 2.810 | complete
Ep 1224 | 드론7 목적지33 |  495스텝 | 배송 33/33 | 재적재  4 | 중계율 0.04 | alpha 2.814 | complete
Ep 1225 | 드론5 목적지70 |  744스텝 | 배송 70/70 | 재적재 12 | 중계율 0.02 | alpha 2.834 | complete
Ep 1226 | 드론8 목적지32 |  305스텝 | 배송 32/32 | 재적재  2 | 중계율 0.02 | alpha 2.835 | complete
Ep 1227 | 드론3 목적지77 | 1000스텝 | 배송 58/77 | 재적재 11 | 중계율 0.11 | alpha 2.811 | step_limit
Ep 1228 | 드론3 목적지35 | 1000스텝 | 배송 31/35 | 재적재  6 | 중계율 0.14 | alpha 2.814 | step_limit
Ep 1229 | 드론6 목적지25 |  401스텝 | 배송 25/25 | 재적재  2 | 중계율 0.03 | alpha 2.820 | complete
Ep 1230 | 드론4 목적지50 | 1000스텝 | 배송 49/50 | 재적재  8 | 중계율 0.09 | alpha 2.848 | step_limit
Ep 1231 | 드론8 목적지65 |  398스텝 | 배송 65/65 | 재적재  9 | 중계율 0.02 | alpha 2.855 | complete
Ep 1232 | 드론4 목적지79 | 1000스텝 | 배송 65/79 | 재적재 11 | 중계율 0.05 | alpha 2.864 | step_limit
Ep 1233 | 드론3 목적지30 | 1000스텝 | 배송 28/30 | 재적재  4 | 중계율 0.13 | alpha 2.845 | step_limit
Ep 1234 | 드론7 목적지57 |  579스텝 | 배송 57/57 | 재적재  9 | 중계율 0.04 | alpha 2.836 | complete
Ep 1235 | 드론3 목적지49 | 1000스텝 | 배송 42/49 | 재적재  7 | 중계율 0.13 | alpha 2.846 | step_limit
Ep 1236 | 드론5 목적지72 |  669스텝 | 배송 72/72 | 재적재 13 | 중계율 0.02 | alpha 2.847 | complete
Ep 1237 | 드론5 목적지57 |  700스텝 | 배송 57/57 | 재적재 10 | 중계율 0.05 | alpha 2.840 | complete
Ep 1238 | 드론7 목적지73 |  697스텝 | 배송 73/73 | 재적재 13 | 중계율 0.03 | alpha 2.846 | complete
Ep 1239 | 드론5 목적지40 |  490스텝 | 배송 40/40 | 재적재  6 | 중계율 0.04 | alpha 2.854 | complete
Ep 1240 | 드론6 목적지21 |  219스텝 | 배송 21/21 | 재적재  1 | 중계율 0.05 | alpha 2.853 | complete
Ep 1241 | 드론8 목적지58 |  373스텝 | 배송 58/58 | 재적재  8 | 중계율 0.00 | alpha 2.868 | complete
Ep 1242 | 드론6 목적지71 |  718스텝 | 배송 71/71 | 재적재 12 | 중계율 0.04 | alpha 2.856 | complete
Ep 1243 | 드론7 목적지54 |  559스텝 | 배송 54/54 | 재적재  8 | 중계율 0.05 | alpha 2.849 | complete
Ep 1244 | 드론6 목적지23 |  271스텝 | 배송 23/23 | 재적재  3 | 중계율 0.03 | alpha 2.840 | complete
Ep 1245 | 드론3 목적지31 |  992스텝 | 배송 31/31 | 재적재  5 | 중계율 0.11 | alpha 2.841 | complete
Ep 1246 | 드론6 목적지37 |  398스텝 | 배송 37/37 | 재적재  6 | 중계율 0.02 | alpha 2.837 | complete
Ep 1247 | 드론3 목적지20 | 1000스텝 | 배송 17/20 | 재적재  2 | 중계율 0.15 | alpha 2.859 | step_limit
Ep 1248 | 드론8 목적지79 |  627스텝 | 배송 79/79 | 재적재 13 | 중계율 0.03 | alpha 2.821 | complete
Ep 1249 | 드론4 목적지22 |  396스텝 | 배송 22/22 | 재적재  3 | 중계율 0.06 | alpha 2.840 | complete
Ep 1250 | 드론3 목적지27 |  914스텝 | 배송 27/27 | 재적재  5 | 중계율 0.10 | alpha 2.819 | complete
  [홀드아웃] 배송 45.2±3.1 완주 0.08 재적재 7.5 2홉+ 0.61 | 최고 47.6@ep600 정체 13/15
Ep 1251 | 드론5 목적지20 |  349스텝 | 배송 20/20 | 재적재  1 | 중계율 0.06 | alpha 2.802 | complete
Ep 1252 | 드론7 목적지48 |  457스텝 | 배송 48/48 | 재적재  6 | 중계율 0.05 | alpha 2.803 | complete
Ep 1253 | 드론4 목적지64 | 1000스텝 | 배송 57/64 | 재적재 10 | 중계율 0.08 | alpha 2.798 | step_limit
Ep 1254 | 드론7 목적지44 |  611스텝 | 배송 44/44 | 재적재  7 | 중계율 0.03 | alpha 2.785 | complete
Ep 1255 | 드론7 목적지39 |  290스텝 | 배송 39/39 | 재적재  6 | 중계율 0.01 | alpha 2.775 | complete
Ep 1256 | 드론5 목적지32 |  574스텝 | 배송 32/32 | 재적재  4 | 중계율 0.10 | alpha 2.774 | complete
Ep 1257 | 드론4 목적지71 | 1000스텝 | 배송 66/71 | 재적재 12 | 중계율 0.05 | alpha 2.773 | step_limit
Ep 1258 | 드론3 목적지40 | 1000스텝 | 배송 31/40 | 재적재  5 | 중계율 0.08 | alpha 2.816 | step_limit
Ep 1259 | 드론5 목적지80 | 1000스텝 | 배송 78/80 | 재적재 14 | 중계율 0.03 | alpha 2.836 | step_limit
Ep 1260 | 드론7 목적지60 |  759스텝 | 배송 60/60 | 재적재  9 | 중계율 0.05 | alpha 2.846 | complete
Ep 1261 | 드론7 목적지26 |  291스텝 | 배송 26/26 | 재적재  3 | 중계율 0.03 | alpha 2.847 | complete
Ep 1262 | 드론8 목적지68 |  596스텝 | 배송 68/68 | 재적재 12 | 중계율 0.02 | alpha 2.853 | complete
Ep 1263 | 드론6 목적지61 |  578스텝 | 배송 61/61 | 재적재  9 | 중계율 0.05 | alpha 2.850 | complete
Ep 1264 | 드론5 목적지55 |  896스텝 | 배송 55/55 | 재적재  9 | 중계율 0.04 | alpha 2.834 | complete
Ep 1265 | 드론6 목적지73 |  743스텝 | 배송 73/73 | 재적재 12 | 중계율 0.09 | alpha 2.811 | complete
Ep 1266 | 드론7 목적지72 |  578스텝 | 배송 72/72 | 재적재 12 | 중계율 0.02 | alpha 2.816 | complete
Ep 1267 | 드론3 목적지46 | 1000스텝 | 배송 31/46 | 재적재  5 | 중계율 0.14 | alpha 2.827 | step_limit
Ep 1268 | 드론3 목적지58 | 1000스텝 | 배송 44/58 | 재적재  8 | 중계율 0.10 | alpha 2.830 | step_limit
Ep 1269 | 드론8 목적지74 |  554스텝 | 배송 74/74 | 재적재 13 | 중계율 0.02 | alpha 2.831 | complete
Ep 1270 | 드론5 목적지30 |  378스텝 | 배송 30/30 | 재적재  5 | 중계율 0.01 | alpha 2.853 | complete
Ep 1271 | 드론5 목적지37 |  472스텝 | 배송 37/37 | 재적재  5 | 중계율 0.01 | alpha 2.863 | complete
Ep 1272 | 드론4 목적지22 |  558스텝 | 배송 22/22 | 재적재  3 | 중계율 0.11 | alpha 2.852 | complete
Ep 1273 | 드론3 목적지43 | 1000스텝 | 배송 38/43 | 재적재  7 | 중계율 0.11 | alpha 2.858 | step_limit
Ep 1274 | 드론4 목적지66 | 1000스텝 | 배송 58/66 | 재적재 11 | 중계율 0.06 | alpha 2.874 | step_limit
Ep 1275 | 드론8 목적지63 |  498스텝 | 배송 63/63 | 재적재  9 | 중계율 0.02 | alpha 2.870 | complete
Ep 1276 | 드론3 목적지47 | 1000스텝 | 배송 41/47 | 재적재  7 | 중계율 0.08 | alpha 2.840 | step_limit
Ep 1277 | 드론7 목적지30 |  423스텝 | 배송 30/30 | 재적재  4 | 중계율 0.06 | alpha 2.828 | complete
Ep 1278 | 드론7 목적지62 |  528스텝 | 배송 62/62 | 재적재 11 | 중계율 0.01 | alpha 2.818 | complete
Ep 1279 | 드론4 목적지28 |  785스텝 | 배송 28/28 | 재적재  4 | 중계율 0.08 | alpha 2.816 | complete
Ep 1280 | 드론6 목적지47 |  589스텝 | 배송 47/47 | 재적재  7 | 중계율 0.03 | alpha 2.805 | complete
Ep 1281 | 드론5 목적지66 | 1000스텝 | 배송 64/66 | 재적재 11 | 중계율 0.06 | alpha 2.837 | step_limit
Ep 1282 | 드론3 목적지74 | 1000스텝 | 배송 55/74 | 재적재 10 | 중계율 0.04 | alpha 2.849 | step_limit
Ep 1283 | 드론4 목적지80 | 1000스텝 | 배송 70/80 | 재적재 13 | 중계율 0.05 | alpha 2.838 | step_limit
Ep 1284 | 드론7 목적지57 |  525스텝 | 배송 57/57 | 재적재  8 | 중계율 0.00 | alpha 2.833 | complete
Ep 1285 | 드론3 목적지40 | 1000스텝 | 배송 39/40 | 재적재  7 | 중계율 0.10 | alpha 2.859 | step_limit
Ep 1286 | 드론6 목적지50 |  995스텝 | 배송 50/50 | 재적재  9 | 중계율 0.07 | alpha 2.878 | complete
Ep 1287 | 드론7 목적지36 |  416스텝 | 배송 36/36 | 재적재  5 | 중계율 0.01 | alpha 2.886 | complete
Ep 1288 | 드론3 목적지32 | 1000스텝 | 배송 28/32 | 재적재  5 | 중계율 0.11 | alpha 2.881 | step_limit
Ep 1289 | 드론4 목적지51 | 1000스텝 | 배송 50/51 | 재적재  8 | 중계율 0.04 | alpha 2.889 | step_limit
Ep 1290 | 드론3 목적지56 | 1000스텝 | 배송 43/56 | 재적재  7 | 중계율 0.12 | alpha 2.893 | step_limit
Ep 1291 | 드론3 목적지33 |  907스텝 | 배송 33/33 | 재적재  5 | 중계율 0.08 | alpha 2.902 | complete
Ep 1292 | 드론5 목적지48 |  828스텝 | 배송 48/48 | 재적재  8 | 중계율 0.05 | alpha 2.898 | complete
Ep 1293 | 드론4 목적지27 |  999스텝 | 배송 27/27 | 재적재  4 | 중계율 0.16 | alpha 2.900 | complete
Ep 1294 | 드론7 목적지72 |  822스텝 | 배송 72/72 | 재적재 12 | 중계율 0.06 | alpha 2.948 | complete
Ep 1295 | 드론6 목적지38 |  516스텝 | 배송 38/38 | 재적재  5 | 중계율 0.03 | alpha 2.930 | complete
Ep 1296 | 드론5 목적지47 |  585스텝 | 배송 47/47 | 재적재  7 | 중계율 0.06 | alpha 2.919 | complete
Ep 1297 | 드론4 목적지44 |  635스텝 | 배송 44/44 | 재적재  7 | 중계율 0.04 | alpha 2.919 | complete
Ep 1298 | 드론5 목적지29 |  519스텝 | 배송 29/29 | 재적재  5 | 중계율 0.05 | alpha 2.930 | complete
Ep 1299 | 드론7 목적지55 |  465스텝 | 배송 55/55 | 재적재  8 | 중계율 0.02 | alpha 2.902 | complete
Ep 1300 | 드론6 목적지49 | 1000스텝 | 배송 42/49 | 재적재  7 | 중계율 0.06 | alpha 2.880 | step_limit
  [홀드아웃] 배송 46.8±2.1 완주 0.17 재적재 7.8 2홉+ 0.62 | 최고 47.6@ep600 정체 14/15
Ep 1301 | 드론7 목적지22 |  204스텝 | 배송 22/22 | 재적재  0 | 중계율 0.03 | alpha 2.899 | complete
Ep 1302 | 드론6 목적지46 |  503스텝 | 배송 46/46 | 재적재  8 | 중계율 0.02 | alpha 2.905 | complete
Ep 1303 | 드론7 목적지51 |  568스텝 | 배송 51/51 | 재적재  9 | 중계율 0.03 | alpha 2.897 | complete
Ep 1304 | 드론7 목적지41 |  410스텝 | 배송 41/41 | 재적재  6 | 중계율 0.02 | alpha 2.903 | complete
Ep 1305 | 드론7 목적지56 |  683스텝 | 배송 56/56 | 재적재  9 | 중계율 0.04 | alpha 2.916 | complete
Ep 1306 | 드론6 목적지51 |  734스텝 | 배송 51/51 | 재적재  9 | 중계율 0.03 | alpha 2.883 | complete
Ep 1307 | 드론3 목적지52 | 1000스텝 | 배송 37/52 | 재적재  6 | 중계율 0.12 | alpha 2.866 | step_limit
Ep 1308 | 드론6 목적지44 |  522스텝 | 배송 44/44 | 재적재  6 | 중계율 0.01 | alpha 2.872 | complete
Ep 1309 | 드론7 목적지65 |  552스텝 | 배송 65/65 | 재적재 10 | 중계율 0.02 | alpha 2.893 | complete
Ep 1310 | 드론5 목적지20 |  208스텝 | 배송 20/20 | 재적재  0 | 중계율 0.02 | alpha 2.899 | complete
Ep 1311 | 드론8 목적지70 |  659스텝 | 배송 70/70 | 재적재 12 | 중계율 0.03 | alpha 2.897 | complete
Ep 1312 | 드론5 목적지38 |  562스텝 | 배송 38/38 | 재적재  6 | 중계율 0.06 | alpha 2.893 | complete
Ep 1313 | 드론3 목적지39 |  879스텝 | 배송 39/39 | 재적재  7 | 중계율 0.08 | alpha 2.922 | complete
Ep 1314 | 드론3 목적지59 | 1000스텝 | 배송 54/59 | 재적재 10 | 중계율 0.06 | alpha 2.892 | step_limit
Ep 1315 | 드론7 목적지65 |  679스텝 | 배송 65/65 | 재적재 10 | 중계율 0.03 | alpha 2.888 | complete
Ep 1316 | 드론8 목적지67 |  507스텝 | 배송 67/67 | 재적재 11 | 중계율 0.02 | alpha 2.914 | complete
Ep 1317 | 드론4 목적지73 | 1000스텝 | 배송 65/73 | 재적재 12 | 중계율 0.07 | alpha 2.900 | step_limit
Ep 1318 | 드론5 목적지24 |  535스텝 | 배송 24/24 | 재적재  4 | 중계율 0.05 | alpha 2.894 | complete
Ep 1319 | 드론5 목적지31 |  520스텝 | 배송 31/31 | 재적재  4 | 중계율 0.05 | alpha 2.912 | complete
Ep 1320 | 드론7 목적지47 |  464스텝 | 배송 47/47 | 재적재  7 | 중계율 0.03 | alpha 2.918 | complete
Ep 1321 | 드론5 목적지75 |  755스텝 | 배송 75/75 | 재적재 13 | 중계율 0.04 | alpha 2.918 | complete
Ep 1322 | 드론5 목적지49 |  672스텝 | 배송 49/49 | 재적재  8 | 중계율 0.03 | alpha 2.912 | complete
Ep 1323 | 드론6 목적지75 |  874스텝 | 배송 75/75 | 재적재 13 | 중계율 0.04 | alpha 2.928 | complete
Ep 1324 | 드론3 목적지46 | 1000스텝 | 배송 44/46 | 재적재  8 | 중계율 0.14 | alpha 2.938 | step_limit
Ep 1325 | 드론3 목적지59 | 1000스텝 | 배송 53/59 | 재적재  9 | 중계율 0.08 | alpha 2.930 | step_limit
Ep 1326 | 드론3 목적지44 | 1000스텝 | 배송 39/44 | 재적재  6 | 중계율 0.06 | alpha 2.905 | step_limit
Ep 1327 | 드론6 목적지32 |  369스텝 | 배송 32/32 | 재적재  4 | 중계율 0.01 | alpha 2.926 | complete
Ep 1328 | 드론8 목적지45 |  429스텝 | 배송 45/45 | 재적재  6 | 중계율 0.03 | alpha 2.891 | complete
Ep 1329 | 드론5 목적지41 |  634스텝 | 배송 41/41 | 재적재  6 | 중계율 0.08 | alpha 2.887 | complete
Ep 1330 | 드론6 목적지65 |  920스텝 | 배송 65/65 | 재적재 12 | 중계율 0.08 | alpha 2.885 | complete
Ep 1331 | 드론8 목적지74 |  528스텝 | 배송 74/74 | 재적재 12 | 중계율 0.02 | alpha 2.907 | complete
Ep 1332 | 드론3 목적지35 |  837스텝 | 배송 35/35 | 재적재  5 | 중계율 0.07 | alpha 2.921 | complete
Ep 1333 | 드론3 목적지77 | 1000스텝 | 배송 53/77 | 재적재 10 | 중계율 0.10 | alpha 2.952 | step_limit
Ep 1334 | 드론4 목적지64 | 1000스텝 | 배송 63/64 | 재적재 11 | 중계율 0.08 | alpha 2.954 | step_limit
Ep 1335 | 드론7 목적지58 |  503스텝 | 배송 58/58 | 재적재  9 | 중계율 0.02 | alpha 2.942 | complete
Ep 1336 | 드론4 목적지56 | 1000스텝 | 배송 54/56 | 재적재 10 | 중계율 0.05 | alpha 2.950 | step_limit
Ep 1337 | 드론6 목적지58 |  756스텝 | 배송 58/58 | 재적재  8 | 중계율 0.07 | alpha 2.954 | complete
Ep 1338 | 드론8 목적지52 |  427스텝 | 배송 52/52 | 재적재  7 | 중계율 0.01 | alpha 2.950 | complete
Ep 1339 | 드론5 목적지66 |  745스텝 | 배송 66/66 | 재적재 11 | 중계율 0.05 | alpha 2.971 | complete
Ep 1340 | 드론6 목적지72 |  775스텝 | 배송 72/72 | 재적재 12 | 중계율 0.04 | alpha 2.977 | complete
Ep 1341 | 드론6 목적지37 |  398스텝 | 배송 37/37 | 재적재  5 | 중계율 0.03 | alpha 2.967 | complete
Ep 1342 | 드론7 목적지72 |  708스텝 | 배송 72/72 | 재적재 12 | 중계율 0.02 | alpha 2.977 | complete
Ep 1343 | 드론3 목적지73 | 1000스텝 | 배송 57/73 | 재적재 10 | 중계율 0.08 | alpha 2.990 | step_limit
Ep 1344 | 드론6 목적지34 |  475스텝 | 배송 34/34 | 재적재  6 | 중계율 0.08 | alpha 2.979 | complete
Ep 1345 | 드론8 목적지41 |  477스텝 | 배송 41/41 | 재적재  5 | 중계율 0.01 | alpha 2.969 | complete
Ep 1346 | 드론7 목적지33 |  423스텝 | 배송 33/33 | 재적재  5 | 중계율 0.05 | alpha 2.968 | complete
Ep 1347 | 드론3 목적지42 | 1000스텝 | 배송 39/42 | 재적재  7 | 중계율 0.08 | alpha 2.953 | step_limit
Ep 1348 | 드론3 목적지65 | 1000스텝 | 배송 53/65 | 재적재 10 | 중계율 0.07 | alpha 2.978 | step_limit
Ep 1349 | 드론3 목적지21 |  450스텝 | 배송 21/21 | 재적재  3 | 중계율 0.07 | alpha 2.961 | complete
Ep 1350 | 드론8 목적지56 |  437스텝 | 배송 56/56 | 재적재  8 | 중계율 0.01 | alpha 2.946 | complete
  [홀드아웃] 배송 45.8±2.8 완주 0.00 재적재 7.7 2홉+ 0.61 | 최고 47.6@ep600 정체 15/15

조기 종료. 최고 47.6@ep600
Training finished. best=47.6 @ ep600
