/home/kopt/enter/envs/wsl_neuroMCTS/lib/python3.10/site-packages/pygame/pkgdata.py:25: UserWarning: pkg_resources is deprecated as an API. See https://setuptools.pypa.io/en/latest/pkg_resources.html. The pkg_resources package is slated for removal as early as 2025-11-30. Refrain from using this package or pin to Setuptools<81.
  from pkg_resources import resource_stream, resource_exists
pygame 2.6.1 (SDL 2.28.4, Python 3.10.19)
Hello from the pygame community. https://www.pygame.org/contribute.html
집합 상위 학습 | 반경 300 상한 1000 무배송 500 gamma 0.997 구성=무작위 드론[3, 4] 목적지[20, 80] CC무작위 인스턴스=무작위 목표유지=off 완주보상=0.0 잔여페널티=0.1 규칙관측=False 규칙정규화=2.0 막힘페널티=0.0 도달권shaping=0.0 정체전환보상=0.0 엔트로피비=0.6->-1.0@0 자기회귀=True 홀드아웃상한=3000 선택=makespan/속도가중치=40.0
/home/kopt/drone/proposed_src/pipeline/train_v5_26_09_15_23.py:354: UserWarning: Converting a tensor with requires_grad=True to a scalar may lead to unexpected behavior.
Consider using tensor.detach() first. (Triggered internally at /pytorch/torch/csrc/autograd/generated/python_variable_methods.cpp:836.)
  writer.add_scalar("train/alpha", float(log_alpha.exp()), ep)
Ep 1 | 드론4 목적지43 | 1000스텝 | 배송 42/43 | 재적재  8 | 중계율 0.09 | alpha 0.100 | step_limit
Ep 2 | 드론3 목적지74 | 1000스텝 | 배송 61/74 | 재적재 10 | 중계율 0.07 | alpha 0.100 | step_limit
Ep 3 | 드론4 목적지43 | 1000스텝 | 배송 41/43 | 재적재  6 | 중계율 0.06 | alpha 0.100 | step_limit
Ep 4 | 드론3 목적지23 | 1000스텝 | 배송 21/23 | 재적재  2 | 중계율 0.11 | alpha 0.100 | step_limit
Ep 5 | 드론3 목적지31 | 1000스텝 | 배송 28/31 | 재적재  4 | 중계율 0.20 | alpha 0.101 | step_limit
Ep 6 | 드론3 목적지68 | 1000스텝 | 배송 59/68 | 재적재 10 | 중계율 0.21 | alpha 0.111 | step_limit
Ep 7 | 드론4 목적지44 |  638스텝 | 배송 44/44 | 재적재  6 | 중계율 0.36 | alpha 0.118 | complete
Ep 8 | 드론4 목적지30 |  381스텝 | 배송 30/30 | 재적재  4 | 중계율 0.29 | alpha 0.122 | complete
Ep 9 | 드론4 목적지42 |  786스텝 | 배송 42/42 | 재적재  6 | 중계율 0.36 | alpha 0.131 | complete
Ep 10 | 드론4 목적지47 |  886스텝 | 배송 37/47 | 재적재  6 | 중계율 0.33 | alpha 0.140 | no_progress
Ep 11 | 드론4 목적지21 |  411스텝 | 배송 21/21 | 재적재  2 | 중계율 0.28 | alpha 0.145 | complete
Ep 12 | 드론3 목적지37 |  563스텝 | 배송 37/37 | 재적재  6 | 중계율 0.25 | alpha 0.151 | complete
Ep 13 | 드론4 목적지28 |  450스텝 | 배송 28/28 | 재적재  4 | 중계율 0.25 | alpha 0.156 | complete
Ep 14 | 드론3 목적지41 |  645스텝 | 배송 41/41 | 재적재  7 | 중계율 0.33 | alpha 0.164 | complete
Ep 15 | 드론3 목적지66 | 1000스텝 | 배송 64/66 | 재적재 10 | 중계율 0.28 | alpha 0.176 | step_limit
Ep 16 | 드론3 목적지71 | 1000스텝 | 배송 54/71 | 재적재  9 | 중계율 0.28 | alpha 0.189 | step_limit
Ep 17 | 드론3 목적지24 |  791스텝 | 배송 24/24 | 재적재  2 | 중계율 0.40 | alpha 0.200 | complete
Ep 18 | 드론4 목적지49 |  651스텝 | 배송 49/49 | 재적재  6 | 중계율 0.31 | alpha 0.210 | complete
Ep 19 | 드론4 목적지34 |  487스텝 | 배송 34/34 | 재적재  5 | 중계율 0.32 | alpha 0.218 | complete
Ep 20 | 드론3 목적지48 | 1000스텝 | 배송 24/48 | 재적재  4 | 중계율 0.21 | alpha 0.234 | step_limit
Ep 21 | 드론3 목적지63 | 1000스텝 | 배송 62/63 | 재적재 10 | 중계율 0.30 | alpha 0.252 | step_limit
Ep 22 | 드론4 목적지46 |  713스텝 | 배송 46/46 | 재적재  7 | 중계율 0.34 | alpha 0.266 | complete
Ep 23 | 드론3 목적지44 |  911스텝 | 배송 44/44 | 재적재  6 | 중계율 0.33 | alpha 0.284 | complete
Ep 24 | 드론4 목적지41 |  822스텝 | 배송 41/41 | 재적재  5 | 중계율 0.30 | alpha 0.302 | complete
Ep 25 | 드론4 목적지38 |  576스텝 | 배송 38/38 | 재적재  5 | 중계율 0.29 | alpha 0.315 | complete
Ep 26 | 드론4 목적지77 | 1000스텝 | 배송 73/77 | 재적재 12 | 중계율 0.29 | alpha 0.339 | step_limit
Ep 27 | 드론3 목적지41 |  940스텝 | 배송 41/41 | 재적재  8 | 중계율 0.33 | alpha 0.363 | complete
Ep 28 | 드론4 목적지52 | 1000스텝 | 배송 48/52 | 재적재  7 | 중계율 0.42 | alpha 0.390 | step_limit
Ep 29 | 드론4 목적지72 | 1000스텝 | 배송 65/72 | 재적재 10 | 중계율 0.36 | alpha 0.419 | step_limit
Ep 30 | 드론4 목적지61 | 1000스텝 | 배송 58/61 | 재적재  9 | 중계율 0.40 | alpha 0.451 | step_limit
Ep 31 | 드론4 목적지45 |  847스텝 | 배송 45/45 | 재적재  8 | 중계율 0.31 | alpha 0.479 | complete
Ep 32 | 드론3 목적지68 | 1000스텝 | 배송 60/68 | 재적재 11 | 중계율 0.24 | alpha 0.514 | step_limit
Ep 33 | 드론3 목적지35 |  742스텝 | 배송 35/35 | 재적재  6 | 중계율 0.25 | alpha 0.542 | complete
Ep 34 | 드론3 목적지24 |  374스텝 | 배송 24/24 | 재적재  4 | 중계율 0.22 | alpha 0.557 | complete
Ep 35 | 드론3 목적지58 | 1000스텝 | 배송 54/58 | 재적재 10 | 중계율 0.23 | alpha 0.599 | step_limit
Ep 36 | 드론3 목적지64 | 1000스텝 | 배송 60/64 | 재적재 10 | 중계율 0.29 | alpha 0.643 | step_limit
Ep 37 | 드론4 목적지58 | 1000스텝 | 배송 54/58 | 재적재  8 | 중계율 0.41 | alpha 0.691 | step_limit
Ep 38 | 드론3 목적지77 | 1000스텝 | 배송 50/77 | 재적재  9 | 중계율 0.25 | alpha 0.741 | step_limit
Ep 39 | 드론3 목적지28 |  773스텝 | 배송 28/28 | 재적재  5 | 중계율 0.34 | alpha 0.782 | complete
Ep 40 | 드론3 목적지37 | 1000스텝 | 배송 34/37 | 재적재  6 | 중계율 0.27 | alpha 0.839 | step_limit
Ep 41 | 드론4 목적지59 |  593스텝 | 배송 59/59 | 재적재 10 | 중계율 0.18 | alpha 0.875 | complete
Ep 42 | 드론4 목적지58 |  956스텝 | 배송 58/58 | 재적재  9 | 중계율 0.38 | alpha 0.935 | complete
Ep 43 | 드론4 목적지20 |  355스텝 | 배송 20/20 | 재적재  3 | 중계율 0.23 | alpha 0.958 | complete
Ep 44 | 드론4 목적지30 |  471스텝 | 배송 30/30 | 재적재  4 | 중계율 0.18 | alpha 0.990 | complete
Ep 45 | 드론4 목적지39 |  461스텝 | 배송 39/39 | 재적재  6 | 중계율 0.25 | alpha 1.022 | complete
Ep 46 | 드론4 목적지32 |  510스텝 | 배송 32/32 | 재적재  5 | 중계율 0.25 | alpha 1.059 | complete
Ep 47 | 드론4 목적지35 |  654스텝 | 배송 35/35 | 재적재  5 | 중계율 0.27 | alpha 1.108 | complete
Ep 48 | 드론4 목적지39 | 1000스텝 | 배송 38/39 | 재적재  6 | 중계율 0.34 | alpha 1.187 | step_limit
Ep 49 | 드론4 목적지47 |  670스텝 | 배송 47/47 | 재적재  9 | 중계율 0.28 | alpha 1.242 | complete
Ep 50 | 드론3 목적지72 | 1000스텝 | 배송 58/72 | 재적재 11 | 중계율 0.19 | alpha 1.326 | step_limit
  [홀드아웃] 배송 49.7±1.7 완주 0.95 스텝 1154 점수 119.6 재적재 8.1 2홉+ 0.64 | 최고 119.6@ep50 정체 0/15  ← 갱신
Ep 51 | 드론3 목적지71 | 1000스텝 | 배송 66/71 | 재적재 12 | 중계율 0.16 | alpha 1.412 | step_limit
Ep 52 | 드론3 목적지45 |  750스텝 | 배송 45/45 | 재적재  8 | 중계율 0.23 | alpha 1.477 | complete
Ep 53 | 드론4 목적지64 |  632스텝 | 배송 64/64 | 재적재 11 | 중계율 0.19 | alpha 1.534 | complete
Ep 54 | 드론4 목적지24 |  978스텝 | 배송 24/24 | 재적재  3 | 중계율 0.31 | alpha 1.622 | complete
Ep 55 | 드론4 목적지60 | 1000스텝 | 배송 50/60 | 재적재  7 | 중계율 0.34 | alpha 1.712 | step_limit
Ep 56 | 드론4 목적지20 |  493스텝 | 배송 20/20 | 재적재  2 | 중계율 0.22 | alpha 1.757 | complete
Ep 57 | 드론4 목적지61 | 1000스텝 | 배송 56/61 | 재적재  9 | 중계율 0.23 | alpha 1.843 | step_limit
Ep 58 | 드론4 목적지77 | 1000스텝 | 배송 72/77 | 재적재 13 | 중계율 0.21 | alpha 1.924 | step_limit
Ep 59 | 드론4 목적지40 | 1000스텝 | 배송 39/40 | 재적재  6 | 중계율 0.36 | alpha 2.002 | step_limit
Ep 60 | 드론3 목적지76 | 1000스텝 | 배송 49/76 | 재적재  9 | 중계율 0.24 | alpha 2.078 | step_limit
Ep 61 | 드론4 목적지66 | 1000스텝 | 배송 62/66 | 재적재 10 | 중계율 0.30 | alpha 2.152 | step_limit
Ep 62 | 드론4 목적지43 | 1000스텝 | 배송 42/43 | 재적재  7 | 중계율 0.26 | alpha 2.219 | step_limit
Ep 63 | 드론4 목적지57 |  880스텝 | 배송 57/57 | 재적재  8 | 중계율 0.23 | alpha 2.275 | complete
Ep 64 | 드론3 목적지52 | 1000스텝 | 배송 51/52 | 재적재  8 | 중계율 0.19 | alpha 2.341 | step_limit
Ep 65 | 드론4 목적지42 |  550스텝 | 배송 42/42 | 재적재  7 | 중계율 0.24 | alpha 2.376 | complete
Ep 66 | 드론3 목적지41 |  860스텝 | 배송 41/41 | 재적재  7 | 중계율 0.29 | alpha 2.438 | complete
Ep 67 | 드론4 목적지23 |  329스텝 | 배송 23/23 | 재적재  4 | 중계율 0.20 | alpha 2.461 | complete
Ep 68 | 드론4 목적지77 |  715스텝 | 배송 77/77 | 재적재 13 | 중계율 0.17 | alpha 2.519 | complete
Ep 69 | 드론3 목적지48 |  640스텝 | 배송 48/48 | 재적재  9 | 중계율 0.16 | alpha 2.563 | complete
Ep 70 | 드론3 목적지69 | 1000스텝 | 배송 50/69 | 재적재  8 | 중계율 0.26 | alpha 2.622 | step_limit
Ep 71 | 드론4 목적지34 |  571스텝 | 배송 34/34 | 재적재  5 | 중계율 0.20 | alpha 2.656 | complete
Ep 72 | 드론4 목적지61 | 1000스텝 | 배송 44/61 | 재적재  6 | 중계율 0.31 | alpha 2.703 | step_limit
Ep 73 | 드론4 목적지50 | 1000스텝 | 배송 43/50 | 재적재  7 | 중계율 0.36 | alpha 2.767 | step_limit
Ep 74 | 드론3 목적지70 | 1000스텝 | 배송 66/70 | 재적재 12 | 중계율 0.23 | alpha 2.831 | step_limit
Ep 75 | 드론4 목적지21 |  328스텝 | 배송 21/21 | 재적재  3 | 중계율 0.26 | alpha 2.844 | complete
Ep 76 | 드론3 목적지49 | 1000스텝 | 배송 46/49 | 재적재  8 | 중계율 0.28 | alpha 2.885 | step_limit
Ep 77 | 드론3 목적지67 | 1000스텝 | 배송 55/67 | 재적재  9 | 중계율 0.25 | alpha 2.936 | step_limit
Ep 78 | 드론3 목적지34 |  954스텝 | 배송 34/34 | 재적재  5 | 중계율 0.23 | alpha 2.982 | complete
Ep 79 | 드론4 목적지31 |  576스텝 | 배송 31/31 | 재적재  5 | 중계율 0.24 | alpha 2.990 | complete
Ep 80 | 드론3 목적지44 | 1000스텝 | 배송 37/44 | 재적재  6 | 중계율 0.26 | alpha 2.981 | step_limit
Ep 81 | 드론4 목적지71 | 1000스텝 | 배송 65/71 | 재적재 11 | 중계율 0.28 | alpha 2.982 | step_limit
Ep 82 | 드론3 목적지59 | 1000스텝 | 배송 57/59 | 재적재 10 | 중계율 0.17 | alpha 2.965 | step_limit
Ep 83 | 드론4 목적지21 |  245스텝 | 배송 21/21 | 재적재  2 | 중계율 0.18 | alpha 2.964 | complete
Ep 84 | 드론3 목적지41 |  979스텝 | 배송 41/41 | 재적재  7 | 중계율 0.28 | alpha 2.984 | complete
Ep 85 | 드론4 목적지38 |  957스텝 | 배송 38/38 | 재적재  6 | 중계율 0.31 | alpha 3.043 | complete
Ep 86 | 드론4 목적지64 |  967스텝 | 배송 64/64 | 재적재 11 | 중계율 0.23 | alpha 3.051 | complete
Ep 87 | 드론4 목적지24 |  717스텝 | 배송 24/24 | 재적재  4 | 중계율 0.30 | alpha 3.023 | complete
Ep 88 | 드론4 목적지66 | 1000스텝 | 배송 65/66 | 재적재 12 | 중계율 0.22 | alpha 2.986 | step_limit
Ep 89 | 드론4 목적지20 |  387스텝 | 배송 20/20 | 재적재  3 | 중계율 0.24 | alpha 2.970 | complete
Ep 90 | 드론4 목적지37 |  363스텝 | 배송 37/37 | 재적재  5 | 중계율 0.13 | alpha 2.954 | complete
Ep 91 | 드론3 목적지60 | 1000스텝 | 배송 47/60 | 재적재  8 | 중계율 0.23 | alpha 2.947 | step_limit
Ep 92 | 드론3 목적지37 | 1000스텝 | 배송 32/37 | 재적재  5 | 중계율 0.31 | alpha 2.977 | step_limit
Ep 93 | 드론3 목적지27 | 1000스텝 | 배송 26/27 | 재적재  4 | 중계율 0.28 | alpha 3.027 | step_limit
Ep 94 | 드론3 목적지76 | 1000스텝 | 배송 60/76 | 재적재 11 | 중계율 0.16 | alpha 2.985 | step_limit
Ep 95 | 드론4 목적지30 |  655스텝 | 배송 30/30 | 재적재  5 | 중계율 0.23 | alpha 2.960 | complete
Ep 96 | 드론4 목적지34 |  746스텝 | 배송 34/34 | 재적재  6 | 중계율 0.32 | alpha 2.973 | complete
Ep 97 | 드론4 목적지35 |  915스텝 | 배송 35/35 | 재적재  6 | 중계율 0.31 | alpha 2.950 | complete
Ep 98 | 드론4 목적지39 |  534스텝 | 배송 39/39 | 재적재  7 | 중계율 0.18 | alpha 2.955 | complete
Ep 99 | 드론4 목적지69 | 1000스텝 | 배송 46/69 | 재적재  7 | 중계율 0.29 | alpha 2.976 | step_limit
Ep 100 | 드론4 목적지80 |  894스텝 | 배송 80/80 | 재적재 15 | 중계율 0.16 | alpha 3.009 | complete
  [홀드아웃] 배송 50.0±0.3 완주 0.99 스텝 1227 점수 122.4 재적재 8.4 2홉+ 0.64 | 최고 122.4@ep100 정체 0/15  ← 갱신
Ep 101 | 드론3 목적지62 | 1000스텝 | 배송 45/62 | 재적재  7 | 중계율 0.19 | alpha 3.027 | step_limit
Ep 102 | 드론3 목적지30 |  683스텝 | 배송 30/30 | 재적재  5 | 중계율 0.24 | alpha 2.993 | complete
Ep 103 | 드론4 목적지75 | 1000스텝 | 배송 69/75 | 재적재 11 | 중계율 0.19 | alpha 2.985 | step_limit
Ep 104 | 드론3 목적지39 | 1000스텝 | 배송 36/39 | 재적재  6 | 중계율 0.21 | alpha 2.985 | step_limit
Ep 105 | 드론4 목적지24 |  876스텝 | 배송 24/24 | 재적재  3 | 중계율 0.24 | alpha 2.985 | complete
Ep 106 | 드론4 목적지73 | 1000스텝 | 배송 61/73 | 재적재 11 | 중계율 0.22 | alpha 3.006 | step_limit
Ep 107 | 드론4 목적지25 |  537스텝 | 배송 25/25 | 재적재  3 | 중계율 0.21 | alpha 2.987 | complete
Ep 108 | 드론3 목적지69 | 1000스텝 | 배송 46/69 | 재적재  8 | 중계율 0.22 | alpha 2.997 | step_limit
Ep 109 | 드론3 목적지25 |  476스텝 | 배송 25/25 | 재적재  4 | 중계율 0.15 | alpha 2.999 | complete
Ep 110 | 드론3 목적지26 |  955스텝 | 배송 26/26 | 재적재  3 | 중계율 0.27 | alpha 3.028 | complete
Ep 111 | 드론3 목적지21 |  411스텝 | 배송 21/21 | 재적재  2 | 중계율 0.17 | alpha 3.030 | complete
Ep 112 | 드론4 목적지31 |  364스텝 | 배송 31/31 | 재적재  4 | 중계율 0.15 | alpha 3.038 | complete
Ep 113 | 드론3 목적지57 | 1000스텝 | 배송 52/57 | 재적재  9 | 중계율 0.22 | alpha 3.028 | step_limit
Ep 114 | 드론4 목적지64 | 1000스텝 | 배송 51/64 | 재적재  9 | 중계율 0.25 | alpha 2.982 | step_limit
Ep 115 | 드론4 목적지57 | 1000스텝 | 배송 52/57 | 재적재  9 | 중계율 0.23 | alpha 2.949 | step_limit
Ep 116 | 드론3 목적지78 | 1000스텝 | 배송 60/78 | 재적재 10 | 중계율 0.21 | alpha 2.870 | step_limit
Ep 117 | 드론4 목적지76 | 1000스텝 | 배송 64/76 | 재적재 11 | 중계율 0.29 | alpha 2.840 | step_limit
Ep 118 | 드론3 목적지59 | 1000스텝 | 배송 55/59 | 재적재 10 | 중계율 0.18 | alpha 2.840 | step_limit
Ep 119 | 드론3 목적지73 | 1000스텝 | 배송 53/73 | 재적재  9 | 중계율 0.20 | alpha 2.811 | step_limit
Ep 120 | 드론3 목적지68 | 1000스텝 | 배송 49/68 | 재적재  8 | 중계율 0.23 | alpha 2.854 | step_limit
Ep 121 | 드론4 목적지59 | 1000스텝 | 배송 52/59 | 재적재  8 | 중계율 0.27 | alpha 2.884 | step_limit
Ep 122 | 드론4 목적지55 |  717스텝 | 배송 55/55 | 재적재  9 | 중계율 0.17 | alpha 2.882 | complete
Ep 123 | 드론3 목적지22 |  447스텝 | 배송 22/22 | 재적재  3 | 중계율 0.21 | alpha 2.878 | complete
Ep 124 | 드론3 목적지57 | 1000스텝 | 배송 49/57 | 재적재  9 | 중계율 0.15 | alpha 2.872 | step_limit
Ep 125 | 드론3 목적지29 |  711스텝 | 배송 29/29 | 재적재  5 | 중계율 0.21 | alpha 2.863 | complete
Ep 126 | 드론4 목적지80 | 1000스텝 | 배송 71/80 | 재적재 13 | 중계율 0.21 | alpha 2.828 | step_limit
Ep 127 | 드론4 목적지23 |  411스텝 | 배송 23/23 | 재적재  3 | 중계율 0.24 | alpha 2.829 | complete
Ep 128 | 드론3 목적지75 | 1000스텝 | 배송 61/75 | 재적재 11 | 중계율 0.25 | alpha 2.768 | step_limit
Ep 129 | 드론4 목적지31 |  877스텝 | 배송 31/31 | 재적재  4 | 중계율 0.36 | alpha 2.744 | complete
Ep 130 | 드론4 목적지26 |  342스텝 | 배송 26/26 | 재적재  4 | 중계율 0.14 | alpha 2.730 | complete
Ep 131 | 드론4 목적지57 | 1000스텝 | 배송 55/57 | 재적재  9 | 중계율 0.16 | alpha 2.706 | step_limit
Ep 132 | 드론3 목적지51 | 1000스텝 | 배송 48/51 | 재적재  8 | 중계율 0.27 | alpha 2.661 | step_limit
Ep 133 | 드론4 목적지36 | 1000스텝 | 배송 35/36 | 재적재  6 | 중계율 0.27 | alpha 2.671 | step_limit
Ep 134 | 드론4 목적지49 |  871스텝 | 배송 49/49 | 재적재  8 | 중계율 0.22 | alpha 2.653 | complete
Ep 135 | 드론3 목적지56 | 1000스텝 | 배송 50/56 | 재적재  8 | 중계율 0.25 | alpha 2.673 | step_limit
Ep 136 | 드론3 목적지38 | 1000스텝 | 배송 36/38 | 재적재  6 | 중계율 0.24 | alpha 2.679 | step_limit
Ep 137 | 드론4 목적지37 |  630스텝 | 배송 37/37 | 재적재  6 | 중계율 0.20 | alpha 2.668 | complete
Ep 138 | 드론4 목적지68 | 1000스텝 | 배송 64/68 | 재적재 10 | 중계율 0.25 | alpha 2.705 | step_limit
Ep 139 | 드론3 목적지63 | 1000스텝 | 배송 59/63 | 재적재 10 | 중계율 0.12 | alpha 2.696 | step_limit
Ep 140 | 드론4 목적지64 |  776스텝 | 배송 64/64 | 재적재 11 | 중계율 0.16 | alpha 2.690 | complete
Ep 141 | 드론3 목적지48 | 1000스텝 | 배송 46/48 | 재적재  8 | 중계율 0.24 | alpha 2.670 | step_limit
Ep 142 | 드론4 목적지69 | 1000스텝 | 배송 66/69 | 재적재 11 | 중계율 0.21 | alpha 2.628 | step_limit
Ep 143 | 드론3 목적지58 | 1000스텝 | 배송 55/58 | 재적재 10 | 중계율 0.21 | alpha 2.667 | step_limit
Ep 144 | 드론4 목적지55 |  962스텝 | 배송 55/55 | 재적재  9 | 중계율 0.20 | alpha 2.656 | complete
Ep 145 | 드론3 목적지39 |  939스텝 | 배송 39/39 | 재적재  7 | 중계율 0.29 | alpha 2.631 | complete
Ep 146 | 드론3 목적지60 |  907스텝 | 배송 60/60 | 재적재 11 | 중계율 0.14 | alpha 2.628 | complete
Ep 147 | 드론3 목적지44 |  881스텝 | 배송 44/44 | 재적재  7 | 중계율 0.13 | alpha 2.604 | complete
Ep 148 | 드론4 목적지50 |  814스텝 | 배송 50/50 | 재적재  8 | 중계율 0.24 | alpha 2.583 | complete
Ep 149 | 드론3 목적지36 |  592스텝 | 배송 36/36 | 재적재  6 | 중계율 0.13 | alpha 2.577 | complete
Ep 150 | 드론4 목적지78 | 1000스텝 | 배송 63/78 | 재적재 12 | 중계율 0.19 | alpha 2.608 | step_limit
  [홀드아웃] 배송 49.9±0.8 완주 0.97 스텝 1263 점수 120.7 재적재 8.4 2홉+ 0.63 | 최고 122.4@ep100 정체 1/15
Ep 151 | 드론3 목적지64 | 1000스텝 | 배송 61/64 | 재적재 11 | 중계율 0.14 | alpha 2.604 | step_limit
Ep 152 | 드론4 목적지21 |  241스텝 | 배송 21/21 | 재적재  1 | 중계율 0.08 | alpha 2.603 | complete
Ep 153 | 드론4 목적지76 | 1000스텝 | 배송 75/76 | 재적재 13 | 중계율 0.20 | alpha 2.574 | step_limit
Ep 154 | 드론3 목적지40 |  967스텝 | 배송 40/40 | 재적재  7 | 중계율 0.23 | alpha 2.569 | complete
Ep 155 | 드론3 목적지64 | 1000스텝 | 배송 55/64 | 재적재 10 | 중계율 0.15 | alpha 2.544 | step_limit
Ep 156 | 드론4 목적지50 | 1000스텝 | 배송 47/50 | 재적재  7 | 중계율 0.24 | alpha 2.556 | step_limit
Ep 157 | 드론3 목적지56 | 1000스텝 | 배송 55/56 | 재적재  9 | 중계율 0.17 | alpha 2.544 | step_limit
Ep 158 | 드론4 목적지67 | 1000스텝 | 배송 64/67 | 재적재 12 | 중계율 0.24 | alpha 2.531 | step_limit
Ep 159 | 드론4 목적지78 |  823스텝 | 배송 78/78 | 재적재 14 | 중계율 0.13 | alpha 2.536 | complete
Ep 160 | 드론4 목적지23 |  740스텝 | 배송 23/23 | 재적재  4 | 중계율 0.27 | alpha 2.497 | complete
Ep 161 | 드론4 목적지73 | 1000스텝 | 배송 63/73 | 재적재 11 | 중계율 0.23 | alpha 2.527 | step_limit
Ep 162 | 드론3 목적지49 | 1000스텝 | 배송 44/49 | 재적재  7 | 중계율 0.13 | alpha 2.566 | step_limit
Ep 163 | 드론4 목적지36 |  598스텝 | 배송 36/36 | 재적재  6 | 중계율 0.14 | alpha 2.584 | complete
Ep 164 | 드론4 목적지54 |  655스텝 | 배송 54/54 | 재적재  9 | 중계율 0.13 | alpha 2.573 | complete
Ep 165 | 드론4 목적지47 |  789스텝 | 배송 47/47 | 재적재  8 | 중계율 0.22 | alpha 2.586 | complete
Ep 166 | 드론4 목적지63 |  848스텝 | 배송 63/63 | 재적재 11 | 중계율 0.20 | alpha 2.563 | complete
Ep 167 | 드론4 목적지38 |  663스텝 | 배송 38/38 | 재적재  6 | 중계율 0.26 | alpha 2.545 | complete
Ep 168 | 드론4 목적지44 |  943스텝 | 배송 44/44 | 재적재  7 | 중계율 0.22 | alpha 2.545 | complete
Ep 169 | 드론4 목적지45 | 1000스텝 | 배송 41/45 | 재적재  6 | 중계율 0.23 | alpha 2.547 | step_limit
Ep 170 | 드론3 목적지78 | 1000스텝 | 배송 65/78 | 재적재 11 | 중계율 0.18 | alpha 2.494 | step_limit
Ep 171 | 드론4 목적지34 |  801스텝 | 배송 34/34 | 재적재  5 | 중계율 0.26 | alpha 2.485 | complete
Ep 172 | 드론3 목적지48 | 1000스텝 | 배송 45/48 | 재적재  7 | 중계율 0.15 | alpha 2.459 | step_limit
Ep 173 | 드론3 목적지64 | 1000스텝 | 배송 46/64 | 재적재  9 | 중계율 0.19 | alpha 2.484 | step_limit
Ep 174 | 드론4 목적지38 |  550스텝 | 배송 38/38 | 재적재  6 | 중계율 0.14 | alpha 2.501 | complete
Ep 175 | 드론3 목적지56 | 1000스텝 | 배송 50/56 | 재적재  8 | 중계율 0.19 | alpha 2.508 | step_limit
Ep 176 | 드론3 목적지68 | 1000스텝 | 배송 45/68 | 재적재  7 | 중계율 0.28 | alpha 2.493 | step_limit
Ep 177 | 드론4 목적지74 |  964스텝 | 배송 74/74 | 재적재 11 | 중계율 0.20 | alpha 2.481 | complete
Ep 178 | 드론4 목적지37 |  610스텝 | 배송 37/37 | 재적재  6 | 중계율 0.17 | alpha 2.467 | complete
Ep 179 | 드론4 목적지48 | 1000스텝 | 배송 42/48 | 재적재  7 | 중계율 0.21 | alpha 2.464 | step_limit
Ep 180 | 드론3 목적지61 | 1000스텝 | 배송 56/61 | 재적재 10 | 중계율 0.20 | alpha 2.485 | step_limit
Ep 181 | 드론3 목적지80 | 1000스텝 | 배송 55/80 | 재적재 10 | 중계율 0.22 | alpha 2.561 | step_limit
Ep 182 | 드론4 목적지31 |  683스텝 | 배송 31/31 | 재적재  4 | 중계율 0.28 | alpha 2.564 | complete
Ep 183 | 드론3 목적지53 | 1000스텝 | 배송 50/53 | 재적재  8 | 중계율 0.21 | alpha 2.528 | step_limit
Ep 184 | 드론3 목적지64 | 1000스텝 | 배송 51/64 | 재적재 10 | 중계율 0.22 | alpha 2.500 | step_limit
Ep 185 | 드론3 목적지49 |  847스텝 | 배송 49/49 | 재적재  9 | 중계율 0.16 | alpha 2.519 | complete
Ep 186 | 드론4 목적지47 |  992스텝 | 배송 47/47 | 재적재  7 | 중계율 0.28 | alpha 2.549 | complete
Ep 187 | 드론4 목적지59 | 1000스텝 | 배송 51/59 | 재적재  8 | 중계율 0.28 | alpha 2.555 | step_limit
Ep 188 | 드론3 목적지33 |  677스텝 | 배송 33/33 | 재적재  6 | 중계율 0.16 | alpha 2.552 | complete
Ep 189 | 드론4 목적지35 |  490스텝 | 배송 35/35 | 재적재  6 | 중계율 0.18 | alpha 2.555 | complete
Ep 190 | 드론3 목적지30 |  622스텝 | 배송 30/30 | 재적재  5 | 중계율 0.18 | alpha 2.539 | complete
Ep 191 | 드론3 목적지70 | 1000스텝 | 배송 61/70 | 재적재 11 | 중계율 0.17 | alpha 2.564 | step_limit
Ep 192 | 드론4 목적지36 |  537스텝 | 배송 36/36 | 재적재  5 | 중계율 0.15 | alpha 2.563 | complete
Ep 193 | 드론3 목적지54 | 1000스텝 | 배송 50/54 | 재적재  8 | 중계율 0.20 | alpha 2.579 | step_limit
Ep 194 | 드론3 목적지76 | 1000스텝 | 배송 51/76 | 재적재  9 | 중계율 0.19 | alpha 2.565 | step_limit
Ep 195 | 드론4 목적지74 | 1000스텝 | 배송 57/74 | 재적재  8 | 중계율 0.26 | alpha 2.534 | step_limit
Ep 196 | 드론4 목적지70 | 1000스텝 | 배송 57/70 | 재적재  9 | 중계율 0.22 | alpha 2.568 | step_limit
Ep 197 | 드론3 목적지34 |  882스텝 | 배송 34/34 | 재적재  6 | 중계율 0.18 | alpha 2.549 | complete
Ep 198 | 드론3 목적지33 |  887스텝 | 배송 33/33 | 재적재  6 | 중계율 0.26 | alpha 2.568 | complete
Ep 199 | 드론4 목적지46 |  730스텝 | 배송 46/46 | 재적재  8 | 중계율 0.19 | alpha 2.565 | complete
Ep 200 | 드론4 목적지42 |  597스텝 | 배송 42/42 | 재적재  7 | 중계율 0.13 | alpha 2.536 | complete
  [홀드아웃] 배송 49.8±2.2 완주 0.99 스텝 1119 점수 123.8 재적재 8.3 2홉+ 0.62 | 최고 123.8@ep200 정체 0/15  ← 갱신
Ep 201 | 드론4 목적지51 |  953스텝 | 배송 51/51 | 재적재  8 | 중계율 0.17 | alpha 2.495 | complete
Ep 202 | 드론4 목적지32 |  745스텝 | 배송 32/32 | 재적재  3 | 중계율 0.30 | alpha 2.528 | complete
Ep 203 | 드론4 목적지30 |  991스텝 | 배송 30/30 | 재적재  5 | 중계율 0.36 | alpha 2.563 | complete
Ep 204 | 드론4 목적지73 | 1000스텝 | 배송 66/73 | 재적재 11 | 중계율 0.23 | alpha 2.529 | step_limit
Ep 205 | 드론3 목적지44 | 1000스텝 | 배송 38/44 | 재적재  6 | 중계율 0.20 | alpha 2.537 | step_limit
Ep 206 | 드론3 목적지26 |  459스텝 | 배송 26/26 | 재적재  3 | 중계율 0.17 | alpha 2.521 | complete
Ep 207 | 드론4 목적지40 |  727스텝 | 배송 40/40 | 재적재  5 | 중계율 0.16 | alpha 2.515 | complete
Ep 208 | 드론4 목적지35 |  745스텝 | 배송 35/35 | 재적재  6 | 중계율 0.22 | alpha 2.470 | complete
Ep 209 | 드론4 목적지75 |  935스텝 | 배송 75/75 | 재적재 13 | 중계율 0.13 | alpha 2.492 | complete
Ep 210 | 드론4 목적지56 | 1000스텝 | 배송 52/56 | 재적재 10 | 중계율 0.22 | alpha 2.451 | step_limit
Ep 211 | 드론3 목적지26 |  722스텝 | 배송 26/26 | 재적재  4 | 중계율 0.20 | alpha 2.419 | complete
Ep 212 | 드론3 목적지58 | 1000스텝 | 배송 57/58 | 재적재 11 | 중계율 0.19 | alpha 2.415 | step_limit
Ep 213 | 드론3 목적지44 | 1000스텝 | 배송 34/44 | 재적재  5 | 중계율 0.18 | alpha 2.390 | step_limit
Ep 214 | 드론3 목적지56 | 1000스텝 | 배송 49/56 | 재적재  9 | 중계율 0.18 | alpha 2.394 | step_limit
Ep 215 | 드론3 목적지64 | 1000스텝 | 배송 56/64 | 재적재  9 | 중계율 0.17 | alpha 2.378 | step_limit
Ep 216 | 드론4 목적지40 |  744스텝 | 배송 40/40 | 재적재  6 | 중계율 0.24 | alpha 2.398 | complete
Ep 217 | 드론4 목적지41 |  804스텝 | 배송 41/41 | 재적재  6 | 중계율 0.12 | alpha 2.422 | complete
Ep 218 | 드론3 목적지31 |  710스텝 | 배송 31/31 | 재적재  5 | 중계율 0.17 | alpha 2.432 | complete
Ep 219 | 드론3 목적지80 | 1000스텝 | 배송 61/80 | 재적재 12 | 중계율 0.14 | alpha 2.441 | step_limit
Ep 220 | 드론3 목적지53 | 1000스텝 | 배송 51/53 | 재적재  9 | 중계율 0.21 | alpha 2.473 | step_limit
Ep 221 | 드론4 목적지72 |  956스텝 | 배송 72/72 | 재적재 13 | 중계율 0.16 | alpha 2.489 | complete
Ep 222 | 드론3 목적지27 |  978스텝 | 배송 27/27 | 재적재  5 | 중계율 0.25 | alpha 2.462 | complete
Ep 223 | 드론4 목적지22 |  382스텝 | 배송 22/22 | 재적재  2 | 중계율 0.19 | alpha 2.440 | complete
Ep 224 | 드론3 목적지62 | 1000스텝 | 배송 55/62 | 재적재  9 | 중계율 0.21 | alpha 2.390 | step_limit
Ep 225 | 드론4 목적지58 |  730스텝 | 배송 58/58 | 재적재 11 | 중계율 0.13 | alpha 2.373 | complete
Ep 226 | 드론4 목적지37 |  986스텝 | 배송 37/37 | 재적재  4 | 중계율 0.29 | alpha 2.405 | complete
Ep 227 | 드론3 목적지49 | 1000스텝 | 배송 48/49 | 재적재  8 | 중계율 0.19 | alpha 2.360 | step_limit
Ep 228 | 드론4 목적지72 |  850스텝 | 배송 72/72 | 재적재 12 | 중계율 0.14 | alpha 2.371 | complete
Ep 229 | 드론3 목적지77 | 1000스텝 | 배송 55/77 | 재적재  9 | 중계율 0.21 | alpha 2.368 | step_limit
Ep 230 | 드론4 목적지53 |  708스텝 | 배송 53/53 | 재적재  8 | 중계율 0.18 | alpha 2.338 | complete
Ep 231 | 드론4 목적지56 | 1000스텝 | 배송 45/56 | 재적재  8 | 중계율 0.27 | alpha 2.324 | step_limit
Ep 232 | 드론3 목적지28 |  904스텝 | 배송 28/28 | 재적재  3 | 중계율 0.22 | alpha 2.345 | complete
Ep 233 | 드론4 목적지40 |  935스텝 | 배송 40/40 | 재적재  5 | 중계율 0.34 | alpha 2.357 | complete
Ep 234 | 드론4 목적지29 |  702스텝 | 배송 29/29 | 재적재  5 | 중계율 0.22 | alpha 2.335 | complete
Ep 235 | 드론4 목적지69 | 1000스텝 | 배송 60/69 | 재적재 11 | 중계율 0.22 | alpha 2.337 | step_limit
Ep 236 | 드론3 목적지30 |  957스텝 | 배송 30/30 | 재적재  5 | 중계율 0.19 | alpha 2.313 | complete
Ep 237 | 드론4 목적지24 |  420스텝 | 배송 24/24 | 재적재  4 | 중계율 0.20 | alpha 2.301 | complete
Ep 238 | 드론4 목적지21 |  521스텝 | 배송 21/21 | 재적재  3 | 중계율 0.22 | alpha 2.284 | complete
Ep 239 | 드론4 목적지60 | 1000스텝 | 배송 57/60 | 재적재  9 | 중계율 0.27 | alpha 2.269 | step_limit
Ep 240 | 드론4 목적지58 |  801스텝 | 배송 58/58 | 재적재 11 | 중계율 0.19 | alpha 2.277 | complete
Ep 241 | 드론3 목적지26 |  430스텝 | 배송 26/26 | 재적재  4 | 중계율 0.15 | alpha 2.256 | complete
Ep 242 | 드론3 목적지43 |  963스텝 | 배송 43/43 | 재적재  7 | 중계율 0.22 | alpha 2.262 | complete
Ep 243 | 드론4 목적지55 |  752스텝 | 배송 55/55 | 재적재 10 | 중계율 0.22 | alpha 2.262 | complete
Ep 244 | 드론4 목적지48 |  810스텝 | 배송 48/48 | 재적재  8 | 중계율 0.14 | alpha 2.254 | complete
Ep 245 | 드론4 목적지67 | 1000스텝 | 배송 62/67 | 재적재 11 | 중계율 0.21 | alpha 2.287 | step_limit
Ep 246 | 드론3 목적지65 | 1000스텝 | 배송 53/65 | 재적재  9 | 중계율 0.20 | alpha 2.304 | step_limit
Ep 247 | 드론4 목적지49 |  892스텝 | 배송 49/49 | 재적재  9 | 중계율 0.30 | alpha 2.324 | complete
Ep 248 | 드론3 목적지41 |  940스텝 | 배송 41/41 | 재적재  7 | 중계율 0.21 | alpha 2.311 | complete
Ep 249 | 드론4 목적지26 |  337스텝 | 배송 26/26 | 재적재  2 | 중계율 0.09 | alpha 2.320 | complete
Ep 250 | 드론4 목적지43 | 1000스텝 | 배송 38/43 | 재적재  7 | 중계율 0.22 | alpha 2.339 | step_limit
  [홀드아웃] 배송 49.8±1.2 완주 0.95 스텝 1073 점수 120.7 재적재 8.0 2홉+ 0.63 | 최고 123.8@ep200 정체 1/15
Ep 251 | 드론4 목적지71 | 1000스텝 | 배송 67/71 | 재적재 12 | 중계율 0.21 | alpha 2.367 | step_limit
Ep 252 | 드론3 목적지48 | 1000스텝 | 배송 45/48 | 재적재  8 | 중계율 0.28 | alpha 2.372 | step_limit
Ep 253 | 드론3 목적지30 |  731스텝 | 배송 30/30 | 재적재  4 | 중계율 0.20 | alpha 2.356 | complete
Ep 254 | 드론4 목적지26 |  743스텝 | 배송 26/26 | 재적재  4 | 중계율 0.27 | alpha 2.339 | complete
Ep 255 | 드론4 목적지69 | 1000스텝 | 배송 60/69 | 재적재 10 | 중계율 0.19 | alpha 2.353 | step_limit
Ep 256 | 드론4 목적지33 |  893스텝 | 배송 33/33 | 재적재  6 | 중계율 0.32 | alpha 2.361 | complete
Ep 257 | 드론3 목적지55 | 1000스텝 | 배송 48/55 | 재적재  8 | 중계율 0.24 | alpha 2.346 | step_limit
Ep 258 | 드론4 목적지36 |  977스텝 | 배송 36/36 | 재적재  7 | 중계율 0.30 | alpha 2.356 | complete
Ep 259 | 드론3 목적지79 | 1000스텝 | 배송 61/79 | 재적재 12 | 중계율 0.17 | alpha 2.364 | step_limit
Ep 260 | 드론3 목적지41 | 1000스텝 | 배송 39/41 | 재적재  7 | 중계율 0.18 | alpha 2.354 | step_limit
Ep 261 | 드론4 목적지21 |  703스텝 | 배송 21/21 | 재적재  2 | 중계율 0.29 | alpha 2.348 | complete
Ep 262 | 드론3 목적지43 |  802스텝 | 배송 43/43 | 재적재  8 | 중계율 0.21 | alpha 2.375 | complete
Ep 263 | 드론4 목적지21 |  472스텝 | 배송 21/21 | 재적재  3 | 중계율 0.26 | alpha 2.386 | complete
Ep 264 | 드론4 목적지50 | 1000스텝 | 배송 45/50 | 재적재  7 | 중계율 0.28 | alpha 2.402 | step_limit
Ep 265 | 드론3 목적지35 |  870스텝 | 배송 35/35 | 재적재  6 | 중계율 0.26 | alpha 2.412 | complete
Ep 266 | 드론3 목적지54 | 1000스텝 | 배송 48/54 | 재적재  8 | 중계율 0.19 | alpha 2.372 | step_limit
Ep 267 | 드론4 목적지46 |  782스텝 | 배송 46/46 | 재적재  8 | 중계율 0.13 | alpha 2.395 | complete
Ep 268 | 드론3 목적지33 | 1000스텝 | 배송 32/33 | 재적재  6 | 중계율 0.24 | alpha 2.408 | step_limit
Ep 269 | 드론3 목적지42 | 1000스텝 | 배송 40/42 | 재적재  7 | 중계율 0.25 | alpha 2.389 | step_limit
Ep 270 | 드론3 목적지45 | 1000스텝 | 배송 42/45 | 재적재  7 | 중계율 0.18 | alpha 2.353 | step_limit
Ep 271 | 드론4 목적지37 |  710스텝 | 배송 37/37 | 재적재  6 | 중계율 0.25 | alpha 2.358 | complete
Ep 272 | 드론3 목적지47 | 1000스텝 | 배송 45/47 | 재적재  8 | 중계율 0.18 | alpha 2.394 | step_limit
Ep 273 | 드론4 목적지76 | 1000스텝 | 배송 73/76 | 재적재 13 | 중계율 0.18 | alpha 2.373 | step_limit
Ep 274 | 드론4 목적지29 |  647스텝 | 배송 29/29 | 재적재  4 | 중계율 0.26 | alpha 2.357 | complete
Ep 275 | 드론3 목적지78 | 1000스텝 | 배송 57/78 | 재적재 10 | 중계율 0.18 | alpha 2.386 | step_limit
Ep 276 | 드론4 목적지49 |  677스텝 | 배송 49/49 | 재적재  7 | 중계율 0.17 | alpha 2.372 | complete
Ep 277 | 드론3 목적지67 | 1000스텝 | 배송 60/67 | 재적재 11 | 중계율 0.19 | alpha 2.371 | step_limit
Ep 278 | 드론3 목적지30 |  948스텝 | 배송 30/30 | 재적재  5 | 중계율 0.27 | alpha 2.398 | complete
Ep 279 | 드론4 목적지44 |  848스텝 | 배송 44/44 | 재적재  8 | 중계율 0.19 | alpha 2.423 | complete
Ep 280 | 드론3 목적지32 |  571스텝 | 배송 32/32 | 재적재  5 | 중계율 0.22 | alpha 2.412 | complete
Ep 281 | 드론3 목적지36 | 1000스텝 | 배송 32/36 | 재적재  5 | 중계율 0.23 | alpha 2.375 | step_limit
Ep 282 | 드론3 목적지56 |  974스텝 | 배송 56/56 | 재적재  9 | 중계율 0.16 | alpha 2.389 | complete
Ep 283 | 드론3 목적지75 | 1000스텝 | 배송 65/75 | 재적재 11 | 중계율 0.12 | alpha 2.423 | step_limit
Ep 284 | 드론4 목적지21 |  382스텝 | 배송 21/21 | 재적재  2 | 중계율 0.15 | alpha 2.447 | complete
Ep 285 | 드론4 목적지72 | 1000스텝 | 배송 67/72 | 재적재 12 | 중계율 0.18 | alpha 2.463 | step_limit
Ep 286 | 드론4 목적지78 |  831스텝 | 배송 78/78 | 재적재 13 | 중계율 0.18 | alpha 2.463 | complete
Ep 287 | 드론3 목적지39 |  852스텝 | 배송 39/39 | 재적재  7 | 중계율 0.22 | alpha 2.478 | complete
Ep 288 | 드론3 목적지39 |  757스텝 | 배송 39/39 | 재적재  7 | 중계율 0.16 | alpha 2.460 | complete
Ep 289 | 드론3 목적지49 | 1000스텝 | 배송 47/49 | 재적재  8 | 중계율 0.21 | alpha 2.422 | step_limit
Ep 290 | 드론3 목적지29 |  651스텝 | 배송 29/29 | 재적재  5 | 중계율 0.18 | alpha 2.428 | complete
Ep 291 | 드론4 목적지68 | 1000스텝 | 배송 64/68 | 재적재 11 | 중계율 0.19 | alpha 2.419 | step_limit
Ep 292 | 드론3 목적지69 | 1000스텝 | 배송 45/69 | 재적재  7 | 중계율 0.13 | alpha 2.423 | step_limit
Ep 293 | 드론3 목적지38 | 1000스텝 | 배송 33/38 | 재적재  5 | 중계율 0.18 | alpha 2.455 | step_limit
Ep 294 | 드론4 목적지41 | 1000스텝 | 배송 37/41 | 재적재  7 | 중계율 0.26 | alpha 2.409 | step_limit
Ep 295 | 드론3 목적지35 |  688스텝 | 배송 35/35 | 재적재  6 | 중계율 0.27 | alpha 2.413 | complete
Ep 296 | 드론4 목적지49 |  682스텝 | 배송 49/49 | 재적재  9 | 중계율 0.19 | alpha 2.428 | complete
Ep 297 | 드론3 목적지78 | 1000스텝 | 배송 63/78 | 재적재 10 | 중계율 0.15 | alpha 2.416 | step_limit
Ep 298 | 드론3 목적지73 | 1000스텝 | 배송 62/73 | 재적재 12 | 중계율 0.15 | alpha 2.408 | step_limit
Ep 299 | 드론4 목적지75 | 1000스텝 | 배송 70/75 | 재적재 12 | 중계율 0.17 | alpha 2.378 | step_limit
Ep 300 | 드론3 목적지39 |  849스텝 | 배송 39/39 | 재적재  7 | 중계율 0.18 | alpha 2.398 | complete
  [홀드아웃] 배송 50.0±0.1 완주 0.99 스텝 1041 점수 124.9 재적재 8.2 2홉+ 0.62 | 최고 124.9@ep300 정체 0/15  ← 갱신
Ep 301 | 드론3 목적지69 | 1000스텝 | 배송 63/69 | 재적재 11 | 중계율 0.17 | alpha 2.410 | step_limit
Ep 302 | 드론4 목적지60 | 1000스텝 | 배송 51/60 | 재적재  9 | 중계율 0.23 | alpha 2.403 | step_limit
Ep 303 | 드론3 목적지74 | 1000스텝 | 배송 67/74 | 재적재 12 | 중계율 0.16 | alpha 2.399 | step_limit
Ep 304 | 드론3 목적지25 |  791스텝 | 배송 25/25 | 재적재  4 | 중계율 0.18 | alpha 2.382 | complete
Ep 305 | 드론3 목적지75 | 1000스텝 | 배송 45/75 | 재적재  8 | 중계율 0.18 | alpha 2.401 | step_limit
Ep 306 | 드론3 목적지29 |  667스텝 | 배송 29/29 | 재적재  4 | 중계율 0.21 | alpha 2.441 | complete
Ep 307 | 드론4 목적지29 |  477스텝 | 배송 29/29 | 재적재  4 | 중계율 0.17 | alpha 2.429 | complete
Ep 308 | 드론4 목적지35 |  690스텝 | 배송 35/35 | 재적재  5 | 중계율 0.12 | alpha 2.426 | complete
Ep 309 | 드론4 목적지37 |  750스텝 | 배송 37/37 | 재적재  5 | 중계율 0.25 | alpha 2.432 | complete
Ep 310 | 드론3 목적지74 | 1000스텝 | 배송 58/74 | 재적재 11 | 중계율 0.22 | alpha 2.425 | step_limit
Ep 311 | 드론4 목적지42 | 1000스텝 | 배송 40/42 | 재적재  7 | 중계율 0.30 | alpha 2.427 | step_limit
Ep 312 | 드론4 목적지73 | 1000스텝 | 배송 51/73 | 재적재  9 | 중계율 0.24 | alpha 2.433 | step_limit
Ep 313 | 드론3 목적지34 |  928스텝 | 배송 34/34 | 재적재  5 | 중계율 0.22 | alpha 2.431 | complete
Ep 314 | 드론3 목적지26 |  611스텝 | 배송 26/26 | 재적재  4 | 중계율 0.24 | alpha 2.421 | complete
Ep 315 | 드론4 목적지20 |  826스텝 | 배송 20/20 | 재적재  3 | 중계율 0.30 | alpha 2.443 | complete
Ep 316 | 드론4 목적지24 |  392스텝 | 배송 24/24 | 재적재  3 | 중계율 0.16 | alpha 2.464 | complete
Ep 317 | 드론4 목적지23 |  616스텝 | 배송 23/23 | 재적재  3 | 중계율 0.28 | alpha 2.445 | complete
Ep 318 | 드론3 목적지45 | 1000스텝 | 배송 39/45 | 재적재  6 | 중계율 0.23 | alpha 2.438 | step_limit
Ep 319 | 드론4 목적지52 |  782스텝 | 배송 52/52 | 재적재  8 | 중계율 0.24 | alpha 2.425 | complete
Ep 320 | 드론3 목적지25 |  632스텝 | 배송 25/25 | 재적재  4 | 중계율 0.18 | alpha 2.431 | complete
Ep 321 | 드론3 목적지34 |  711스텝 | 배송 34/34 | 재적재  6 | 중계율 0.16 | alpha 2.476 | complete
Ep 322 | 드론3 목적지33 |  540스텝 | 배송 33/33 | 재적재  6 | 중계율 0.14 | alpha 2.489 | complete
Ep 323 | 드론3 목적지35 |  848스텝 | 배송 35/35 | 재적재  5 | 중계율 0.19 | alpha 2.470 | complete
Ep 324 | 드론4 목적지70 |  959스텝 | 배송 70/70 | 재적재 13 | 중계율 0.19 | alpha 2.497 | complete
Ep 325 | 드론3 목적지43 |  855스텝 | 배송 43/43 | 재적재  8 | 중계율 0.20 | alpha 2.490 | complete
Ep 326 | 드론4 목적지42 |  979스텝 | 배송 42/42 | 재적재  8 | 중계율 0.26 | alpha 2.490 | complete
Ep 327 | 드론4 목적지62 |  876스텝 | 배송 62/62 | 재적재 11 | 중계율 0.19 | alpha 2.470 | complete
Ep 328 | 드론3 목적지53 | 1000스텝 | 배송 46/53 | 재적재  8 | 중계율 0.16 | alpha 2.459 | step_limit
Ep 329 | 드론4 목적지31 |  765스텝 | 배송 31/31 | 재적재  4 | 중계율 0.26 | alpha 2.481 | complete
Ep 330 | 드론3 목적지65 | 1000스텝 | 배송 55/65 | 재적재 10 | 중계율 0.19 | alpha 2.491 | step_limit
Ep 331 | 드론3 목적지25 |  560스텝 | 배송 25/25 | 재적재  4 | 중계율 0.15 | alpha 2.488 | complete
Ep 332 | 드론3 목적지79 | 1000스텝 | 배송 52/79 | 재적재  9 | 중계율 0.19 | alpha 2.482 | step_limit
Ep 333 | 드론3 목적지37 |  810스텝 | 배송 37/37 | 재적재  7 | 중계율 0.26 | alpha 2.451 | complete
Ep 334 | 드론3 목적지72 | 1000스텝 | 배송 55/72 | 재적재  9 | 중계율 0.14 | alpha 2.414 | step_limit
Ep 335 | 드론3 목적지23 |  767스텝 | 배송 23/23 | 재적재  4 | 중계율 0.28 | alpha 2.458 | complete
Ep 336 | 드론3 목적지57 | 1000스텝 | 배송 49/57 | 재적재  9 | 중계율 0.22 | alpha 2.427 | step_limit
Ep 337 | 드론3 목적지76 | 1000스텝 | 배송 58/76 | 재적재  9 | 중계율 0.18 | alpha 2.432 | step_limit
Ep 338 | 드론3 목적지30 |  767스텝 | 배송 30/30 | 재적재  5 | 중계율 0.25 | alpha 2.439 | complete
Ep 339 | 드론4 목적지73 |  914스텝 | 배송 73/73 | 재적재 13 | 중계율 0.15 | alpha 2.419 | complete
Ep 340 | 드론4 목적지34 |  632스텝 | 배송 34/34 | 재적재  5 | 중계율 0.19 | alpha 2.447 | complete
Ep 341 | 드론4 목적지26 |  772스텝 | 배송 26/26 | 재적재  3 | 중계율 0.33 | alpha 2.432 | complete
Ep 342 | 드론3 목적지46 |  902스텝 | 배송 46/46 | 재적재  8 | 중계율 0.20 | alpha 2.428 | complete
Ep 343 | 드론3 목적지50 | 1000스텝 | 배송 41/50 | 재적재  6 | 중계율 0.19 | alpha 2.458 | step_limit
Ep 344 | 드론4 목적지28 |  370스텝 | 배송 28/28 | 재적재  4 | 중계율 0.16 | alpha 2.470 | complete
Ep 345 | 드론4 목적지61 | 1000스텝 | 배송 55/61 | 재적재  9 | 중계율 0.24 | alpha 2.461 | step_limit
Ep 346 | 드론3 목적지29 |  773스텝 | 배송 29/29 | 재적재  5 | 중계율 0.27 | alpha 2.463 | complete
Ep 347 | 드론3 목적지42 |  990스텝 | 배송 42/42 | 재적재  7 | 중계율 0.29 | alpha 2.423 | complete
Ep 348 | 드론4 목적지53 |  556스텝 | 배송 53/53 | 재적재  8 | 중계율 0.12 | alpha 2.407 | complete
Ep 349 | 드론3 목적지62 | 1000스텝 | 배송 54/62 | 재적재  9 | 중계율 0.23 | alpha 2.369 | step_limit
Ep 350 | 드론3 목적지79 | 1000스텝 | 배송 72/79 | 재적재 12 | 중계율 0.19 | alpha 2.333 | step_limit
  [홀드아웃] 배송 50.0±0.1 완주 0.99 스텝 1039 점수 124.9 재적재 8.1 2홉+ 0.62 | 최고 124.9@ep350 정체 0/15  ← 갱신
Ep 351 | 드론4 목적지65 | 1000스텝 | 배송 59/65 | 재적재 11 | 중계율 0.19 | alpha 2.323 | step_limit
Ep 352 | 드론4 목적지36 |  677스텝 | 배송 36/36 | 재적재  5 | 중계율 0.20 | alpha 2.341 | complete
Ep 353 | 드론3 목적지62 | 1000스텝 | 배송 51/62 | 재적재  9 | 중계율 0.14 | alpha 2.362 | step_limit
Ep 354 | 드론4 목적지35 |  452스텝 | 배송 35/35 | 재적재  5 | 중계율 0.10 | alpha 2.373 | complete
Ep 355 | 드론3 목적지24 |  579스텝 | 배송 24/24 | 재적재  4 | 중계율 0.17 | alpha 2.355 | complete
Ep 356 | 드론4 목적지62 | 1000스텝 | 배송 50/62 | 재적재  9 | 중계율 0.24 | alpha 2.376 | step_limit
Ep 357 | 드론3 목적지21 |  581스텝 | 배송 21/21 | 재적재  2 | 중계율 0.26 | alpha 2.360 | complete
Ep 358 | 드론4 목적지26 |  514스텝 | 배송 26/26 | 재적재  4 | 중계율 0.19 | alpha 2.350 | complete
Ep 359 | 드론3 목적지52 | 1000스텝 | 배송 46/52 | 재적재  8 | 중계율 0.19 | alpha 2.347 | step_limit
Ep 360 | 드론4 목적지52 |  914스텝 | 배송 52/52 | 재적재 10 | 중계율 0.25 | alpha 2.347 | complete
Ep 361 | 드론3 목적지40 | 1000스텝 | 배송 36/40 | 재적재  6 | 중계율 0.19 | alpha 2.340 | step_limit
Ep 362 | 드론4 목적지52 | 1000스텝 | 배송 47/52 | 재적재  8 | 중계율 0.31 | alpha 2.349 | step_limit
Ep 363 | 드론4 목적지64 | 1000스텝 | 배송 51/64 | 재적재  9 | 중계율 0.22 | alpha 2.367 | step_limit
Ep 364 | 드론3 목적지64 | 1000스텝 | 배송 51/64 | 재적재  8 | 중계율 0.20 | alpha 2.343 | step_limit
Ep 365 | 드론4 목적지69 | 1000스텝 | 배송 66/69 | 재적재 12 | 중계율 0.22 | alpha 2.321 | step_limit
Ep 366 | 드론4 목적지61 | 1000스텝 | 배송 58/61 | 재적재  9 | 중계율 0.17 | alpha 2.306 | step_limit
Ep 367 | 드론3 목적지53 |  819스텝 | 배송 53/53 | 재적재  9 | 중계율 0.12 | alpha 2.330 | complete
Ep 368 | 드론4 목적지73 | 1000스텝 | 배송 72/73 | 재적재 12 | 중계율 0.14 | alpha 2.316 | step_limit
Ep 369 | 드론4 목적지30 |  540스텝 | 배송 30/30 | 재적재  4 | 중계율 0.19 | alpha 2.289 | complete
Ep 370 | 드론3 목적지71 | 1000스텝 | 배송 65/71 | 재적재 12 | 중계율 0.13 | alpha 2.286 | step_limit
Ep 371 | 드론3 목적지54 | 1000스텝 | 배송 43/54 | 재적재  8 | 중계율 0.18 | alpha 2.285 | step_limit
Ep 372 | 드론4 목적지80 | 1000스텝 | 배송 74/80 | 재적재 13 | 중계율 0.20 | alpha 2.307 | step_limit
Ep 373 | 드론3 목적지41 |  866스텝 | 배송 41/41 | 재적재  7 | 중계율 0.23 | alpha 2.313 | complete
Ep 374 | 드론3 목적지67 | 1000스텝 | 배송 55/67 | 재적재 10 | 중계율 0.18 | alpha 2.305 | step_limit
Ep 375 | 드론3 목적지62 | 1000스텝 | 배송 44/62 | 재적재  8 | 중계율 0.19 | alpha 2.307 | step_limit
Ep 376 | 드론4 목적지72 | 1000스텝 | 배송 71/72 | 재적재 13 | 중계율 0.19 | alpha 2.301 | step_limit
Ep 377 | 드론4 목적지63 | 1000스텝 | 배송 58/63 | 재적재  9 | 중계율 0.23 | alpha 2.264 | step_limit
Ep 378 | 드론4 목적지74 | 1000스텝 | 배송 68/74 | 재적재 13 | 중계율 0.19 | alpha 2.280 | step_limit
Ep 379 | 드론3 목적지77 | 1000스텝 | 배송 61/77 | 재적재 11 | 중계율 0.18 | alpha 2.277 | step_limit
Ep 380 | 드론3 목적지73 | 1000스텝 | 배송 67/73 | 재적재 12 | 중계율 0.13 | alpha 2.315 | step_limit
Ep 381 | 드론4 목적지20 |  373스텝 | 배송 20/20 | 재적재  3 | 중계율 0.13 | alpha 2.302 | complete
Ep 382 | 드론3 목적지75 | 1000스텝 | 배송 59/75 | 재적재 11 | 중계율 0.20 | alpha 2.298 | step_limit
Ep 383 | 드론3 목적지52 | 1000스텝 | 배송 45/52 | 재적재  7 | 중계율 0.24 | alpha 2.322 | step_limit
Ep 384 | 드론3 목적지77 | 1000스텝 | 배송 69/77 | 재적재 12 | 중계율 0.17 | alpha 2.323 | step_limit
Ep 385 | 드론3 목적지62 | 1000스텝 | 배송 50/62 | 재적재 10 | 중계율 0.23 | alpha 2.324 | step_limit
Ep 386 | 드론3 목적지80 | 1000스텝 | 배송 55/80 | 재적재  9 | 중계율 0.23 | alpha 2.335 | step_limit
Ep 387 | 드론3 목적지31 |  714스텝 | 배송 31/31 | 재적재  5 | 중계율 0.18 | alpha 2.377 | complete
Ep 388 | 드론3 목적지33 |  812스텝 | 배송 33/33 | 재적재  6 | 중계율 0.23 | alpha 2.369 | complete
Ep 389 | 드론4 목적지72 | 1000스텝 | 배송 60/72 | 재적재 11 | 중계율 0.20 | alpha 2.389 | step_limit
Ep 390 | 드론4 목적지71 |  810스텝 | 배송 71/71 | 재적재 12 | 중계율 0.16 | alpha 2.385 | complete
Ep 391 | 드론4 목적지50 |  871스텝 | 배송 50/50 | 재적재  9 | 중계율 0.16 | alpha 2.376 | complete
Ep 392 | 드론4 목적지71 | 1000스텝 | 배송 69/71 | 재적재 12 | 중계율 0.16 | alpha 2.351 | step_limit
Ep 393 | 드론4 목적지21 |  370스텝 | 배송 21/21 | 재적재  3 | 중계율 0.22 | alpha 2.343 | complete
Ep 394 | 드론4 목적지60 | 1000스텝 | 배송 57/60 | 재적재  9 | 중계율 0.25 | alpha 2.335 | step_limit
Ep 395 | 드론4 목적지55 |  922스텝 | 배송 55/55 | 재적재  9 | 중계율 0.13 | alpha 2.345 | complete
Ep 396 | 드론4 목적지71 |  903스텝 | 배송 71/71 | 재적재 13 | 중계율 0.14 | alpha 2.360 | complete
Ep 397 | 드론3 목적지36 |  798스텝 | 배송 36/36 | 재적재  7 | 중계율 0.20 | alpha 2.366 | complete
Ep 398 | 드론3 목적지52 | 1000스텝 | 배송 51/52 | 재적재  9 | 중계율 0.15 | alpha 2.371 | step_limit
Ep 399 | 드론3 목적지46 |  784스텝 | 배송 46/46 | 재적재  8 | 중계율 0.19 | alpha 2.342 | complete
Ep 400 | 드론3 목적지34 |  892스텝 | 배송 34/34 | 재적재  5 | 중계율 0.27 | alpha 2.358 | complete
  [홀드아웃] 배송 49.9±0.5 완주 0.97 스텝 1032 점수 123.7 재적재 8.2 2홉+ 0.62 | 최고 124.9@ep350 정체 1/15
Ep 401 | 드론3 목적지38 |  859스텝 | 배송 38/38 | 재적재  7 | 중계율 0.22 | alpha 2.336 | complete
Ep 402 | 드론4 목적지36 |  802스텝 | 배송 36/36 | 재적재  5 | 중계율 0.20 | alpha 2.321 | complete
Ep 403 | 드론3 목적지73 | 1000스텝 | 배송 65/73 | 재적재 12 | 중계율 0.17 | alpha 2.341 | step_limit
Ep 404 | 드론4 목적지70 | 1000스텝 | 배송 52/70 | 재적재  9 | 중계율 0.22 | alpha 2.329 | step_limit
Ep 405 | 드론3 목적지25 |  563스텝 | 배송 25/25 | 재적재  4 | 중계율 0.21 | alpha 2.296 | complete
Ep 406 | 드론4 목적지58 | 1000스텝 | 배송 47/58 | 재적재  6 | 중계율 0.25 | alpha 2.344 | step_limit
Ep 407 | 드론4 목적지70 |  921스텝 | 배송 70/70 | 재적재 12 | 중계율 0.18 | alpha 2.380 | complete
Ep 408 | 드론3 목적지40 | 1000스텝 | 배송 39/40 | 재적재  7 | 중계율 0.15 | alpha 2.344 | step_limit
Ep 409 | 드론3 목적지30 |  582스텝 | 배송 30/30 | 재적재  5 | 중계율 0.19 | alpha 2.360 | complete
Ep 410 | 드론3 목적지63 | 1000스텝 | 배송 59/63 | 재적재 11 | 중계율 0.16 | alpha 2.365 | step_limit
Ep 411 | 드론3 목적지48 | 1000스텝 | 배송 44/48 | 재적재  7 | 중계율 0.22 | alpha 2.358 | step_limit
Ep 412 | 드론4 목적지34 |  719스텝 | 배송 34/34 | 재적재  6 | 중계율 0.24 | alpha 2.377 | complete
Ep 413 | 드론3 목적지22 |  383스텝 | 배송 22/22 | 재적재  2 | 중계율 0.21 | alpha 2.377 | complete
Ep 414 | 드론3 목적지51 | 1000스텝 | 배송 47/51 | 재적재  8 | 중계율 0.24 | alpha 2.392 | step_limit
Ep 415 | 드론4 목적지45 |  859스텝 | 배송 45/45 | 재적재  7 | 중계율 0.26 | alpha 2.370 | complete
Ep 416 | 드론3 목적지60 | 1000스텝 | 배송 53/60 | 재적재 10 | 중계율 0.23 | alpha 2.354 | step_limit
Ep 417 | 드론3 목적지43 | 1000스텝 | 배송 41/43 | 재적재  7 | 중계율 0.23 | alpha 2.370 | step_limit
Ep 418 | 드론4 목적지75 | 1000스텝 | 배송 62/75 | 재적재 12 | 중계율 0.22 | alpha 2.369 | step_limit
Ep 419 | 드론4 목적지60 | 1000스텝 | 배송 49/60 | 재적재  8 | 중계율 0.23 | alpha 2.368 | step_limit
Ep 420 | 드론3 목적지22 |  524스텝 | 배송 22/22 | 재적재  3 | 중계율 0.33 | alpha 2.388 | complete
Ep 421 | 드론4 목적지40 | 1000스텝 | 배송 37/40 | 재적재  5 | 중계율 0.28 | alpha 2.392 | step_limit
Ep 422 | 드론4 목적지52 |  714스텝 | 배송 52/52 | 재적재  9 | 중계율 0.17 | alpha 2.389 | complete
Ep 423 | 드론3 목적지29 |  617스텝 | 배송 29/29 | 재적재  5 | 중계율 0.21 | alpha 2.399 | complete
Ep 424 | 드론3 목적지29 |  532스텝 | 배송 29/29 | 재적재  5 | 중계율 0.14 | alpha 2.408 | complete
Ep 425 | 드론3 목적지80 | 1000스텝 | 배송 63/80 | 재적재 12 | 중계율 0.17 | alpha 2.381 | step_limit
Ep 426 | 드론4 목적지78 | 1000스텝 | 배송 70/78 | 재적재 12 | 중계율 0.16 | alpha 2.386 | step_limit
Ep 427 | 드론3 목적지46 |  914스텝 | 배송 46/46 | 재적재  9 | 중계율 0.26 | alpha 2.376 | complete
Ep 428 | 드론4 목적지72 | 1000스텝 | 배송 70/72 | 재적재 12 | 중계율 0.19 | alpha 2.353 | step_limit
Ep 429 | 드론3 목적지72 | 1000스텝 | 배송 57/72 | 재적재 10 | 중계율 0.18 | alpha 2.357 | step_limit
Ep 430 | 드론3 목적지78 | 1000스텝 | 배송 65/78 | 재적재 12 | 중계율 0.21 | alpha 2.361 | step_limit
Ep 431 | 드론3 목적지23 |  469스텝 | 배송 23/23 | 재적재  4 | 중계율 0.27 | alpha 2.339 | complete
Ep 432 | 드론4 목적지41 |  629스텝 | 배송 41/41 | 재적재  7 | 중계율 0.13 | alpha 2.361 | complete
Ep 433 | 드론3 목적지66 | 1000스텝 | 배송 54/66 | 재적재  9 | 중계율 0.14 | alpha 2.366 | step_limit
Ep 434 | 드론4 목적지62 | 1000스텝 | 배송 60/62 | 재적재 11 | 중계율 0.18 | alpha 2.351 | step_limit
Ep 435 | 드론3 목적지32 |  728스텝 | 배송 32/32 | 재적재  5 | 중계율 0.21 | alpha 2.350 | complete
Ep 436 | 드론4 목적지65 |  831스텝 | 배송 65/65 | 재적재 11 | 중계율 0.15 | alpha 2.343 | complete
Ep 437 | 드론4 목적지61 |  684스텝 | 배송 61/61 | 재적재 10 | 중계율 0.12 | alpha 2.373 | complete
Ep 438 | 드론3 목적지37 | 1000스텝 | 배송 33/37 | 재적재  5 | 중계율 0.19 | alpha 2.379 | step_limit
Ep 439 | 드론4 목적지49 |  819스텝 | 배송 49/49 | 재적재  9 | 중계율 0.28 | alpha 2.361 | complete
Ep 440 | 드론3 목적지42 | 1000스텝 | 배송 41/42 | 재적재  8 | 중계율 0.20 | alpha 2.372 | step_limit
Ep 441 | 드론3 목적지54 | 1000스텝 | 배송 49/54 | 재적재  8 | 중계율 0.22 | alpha 2.365 | step_limit
Ep 442 | 드론4 목적지41 |  711스텝 | 배송 41/41 | 재적재  7 | 중계율 0.21 | alpha 2.368 | complete
Ep 443 | 드론3 목적지61 | 1000스텝 | 배송 52/61 | 재적재  8 | 중계율 0.19 | alpha 2.358 | step_limit
Ep 444 | 드론3 목적지55 | 1000스텝 | 배송 52/55 | 재적재  9 | 중계율 0.21 | alpha 2.348 | step_limit
Ep 445 | 드론3 목적지49 | 1000스텝 | 배송 41/49 | 재적재  7 | 중계율 0.22 | alpha 2.350 | step_limit
Ep 446 | 드론4 목적지72 | 1000스텝 | 배송 68/72 | 재적재 12 | 중계율 0.20 | alpha 2.350 | step_limit
Ep 447 | 드론4 목적지40 |  895스텝 | 배송 40/40 | 재적재  6 | 중계율 0.24 | alpha 2.356 | complete
Ep 448 | 드론3 목적지71 | 1000스텝 | 배송 54/71 | 재적재 10 | 중계율 0.22 | alpha 2.311 | step_limit
Ep 449 | 드론4 목적지26 |  634스텝 | 배송 26/26 | 재적재  4 | 중계율 0.24 | alpha 2.281 | complete
Ep 450 | 드론3 목적지56 | 1000스텝 | 배송 55/56 | 재적재 11 | 중계율 0.22 | alpha 2.301 | step_limit
  [홀드아웃] 배송 50.0±0.1 완주 0.99 스텝 1007 점수 125.3 재적재 8.2 2홉+ 0.61 | 최고 125.3@ep450 정체 0/15  ← 갱신
Ep 451 | 드론4 목적지51 | 1000스텝 | 배송 49/51 | 재적재  8 | 중계율 0.28 | alpha 2.295 | step_limit
Ep 452 | 드론3 목적지34 |  653스텝 | 배송 34/34 | 재적재  5 | 중계율 0.14 | alpha 2.297 | complete
Ep 453 | 드론4 목적지47 |  689스텝 | 배송 47/47 | 재적재  9 | 중계율 0.18 | alpha 2.320 | complete
Ep 454 | 드론4 목적지70 | 1000스텝 | 배송 66/70 | 재적재 11 | 중계율 0.27 | alpha 2.345 | step_limit
Ep 455 | 드론4 목적지44 |  797스텝 | 배송 44/44 | 재적재  6 | 중계율 0.26 | alpha 2.359 | complete
Ep 456 | 드론4 목적지49 |  664스텝 | 배송 49/49 | 재적재  8 | 중계율 0.13 | alpha 2.350 | complete
Ep 457 | 드론4 목적지56 |  745스텝 | 배송 56/56 | 재적재 10 | 중계율 0.18 | alpha 2.384 | complete
Ep 458 | 드론4 목적지42 | 1000스텝 | 배송 40/42 | 재적재  7 | 중계율 0.26 | alpha 2.339 | step_limit
Ep 459 | 드론3 목적지45 |  909스텝 | 배송 45/45 | 재적재  8 | 중계율 0.13 | alpha 2.343 | complete
Ep 460 | 드론4 목적지73 |  984스텝 | 배송 73/73 | 재적재 13 | 중계율 0.20 | alpha 2.387 | complete
Ep 461 | 드론3 목적지30 |  783스텝 | 배송 30/30 | 재적재  5 | 중계율 0.22 | alpha 2.402 | complete
Ep 462 | 드론3 목적지64 | 1000스텝 | 배송 59/64 | 재적재 11 | 중계율 0.19 | alpha 2.388 | step_limit
Ep 463 | 드론3 목적지63 | 1000스텝 | 배송 51/63 | 재적재 10 | 중계율 0.25 | alpha 2.373 | step_limit
Ep 464 | 드론3 목적지68 | 1000스텝 | 배송 64/68 | 재적재 11 | 중계율 0.16 | alpha 2.354 | step_limit
Ep 465 | 드론4 목적지63 | 1000스텝 | 배송 56/63 | 재적재 10 | 중계율 0.23 | alpha 2.338 | step_limit
Ep 466 | 드론4 목적지65 |  873스텝 | 배송 65/65 | 재적재 11 | 중계율 0.20 | alpha 2.325 | complete
Ep 467 | 드론4 목적지57 |  890스텝 | 배송 57/57 | 재적재 10 | 중계율 0.17 | alpha 2.361 | complete
Ep 468 | 드론3 목적지35 |  669스텝 | 배송 35/35 | 재적재  6 | 중계율 0.21 | alpha 2.365 | complete
Ep 469 | 드론3 목적지46 | 1000스텝 | 배송 42/46 | 재적재  7 | 중계율 0.26 | alpha 2.369 | step_limit
Ep 470 | 드론4 목적지53 | 1000스텝 | 배송 51/53 | 재적재  8 | 중계율 0.22 | alpha 2.374 | step_limit
Ep 471 | 드론4 목적지45 |  983스텝 | 배송 45/45 | 재적재  8 | 중계율 0.21 | alpha 2.372 | complete
Ep 472 | 드론3 목적지53 | 1000스텝 | 배송 40/53 | 재적재  7 | 중계율 0.20 | alpha 2.359 | step_limit
Ep 473 | 드론4 목적지71 | 1000스텝 | 배송 69/71 | 재적재 13 | 중계율 0.22 | alpha 2.346 | step_limit
Ep 474 | 드론4 목적지25 |  586스텝 | 배송 25/25 | 재적재  3 | 중계율 0.27 | alpha 2.335 | complete
Ep 475 | 드론4 목적지40 |  726스텝 | 배송 40/40 | 재적재  7 | 중계율 0.19 | alpha 2.306 | complete
Ep 476 | 드론3 목적지33 | 1000스텝 | 배송 31/33 | 재적재  5 | 중계율 0.20 | alpha 2.304 | step_limit
Ep 477 | 드론3 목적지21 |  681스텝 | 배송 21/21 | 재적재  3 | 중계율 0.20 | alpha 2.324 | complete
Ep 478 | 드론4 목적지22 |  344스텝 | 배송 22/22 | 재적재  3 | 중계율 0.21 | alpha 2.311 | complete
Ep 479 | 드론4 목적지41 |  825스텝 | 배송 41/41 | 재적재  6 | 중계율 0.29 | alpha 2.314 | complete
Ep 480 | 드론3 목적지57 | 1000스텝 | 배송 51/57 | 재적재  9 | 중계율 0.18 | alpha 2.310 | step_limit
Ep 481 | 드론3 목적지66 | 1000스텝 | 배송 59/66 | 재적재  9 | 중계율 0.21 | alpha 2.322 | step_limit
Ep 482 | 드론4 목적지76 | 1000스텝 | 배송 75/76 | 재적재 14 | 중계율 0.21 | alpha 2.304 | step_limit
Ep 483 | 드론3 목적지28 |  720스텝 | 배송 28/28 | 재적재  5 | 중계율 0.23 | alpha 2.298 | complete
Ep 484 | 드론4 목적지35 |  540스텝 | 배송 35/35 | 재적재  5 | 중계율 0.16 | alpha 2.281 | complete
Ep 485 | 드론4 목적지44 |  839스텝 | 배송 44/44 | 재적재  7 | 중계율 0.26 | alpha 2.276 | complete
Ep 486 | 드론4 목적지75 |  839스텝 | 배송 75/75 | 재적재 14 | 중계율 0.16 | alpha 2.291 | complete
Ep 487 | 드론3 목적지75 | 1000스텝 | 배송 53/75 | 재적재 10 | 중계율 0.14 | alpha 2.338 | step_limit
Ep 488 | 드론4 목적지60 | 1000스텝 | 배송 59/60 | 재적재 10 | 중계율 0.25 | alpha 2.356 | step_limit
Ep 489 | 드론3 목적지80 | 1000스텝 | 배송 71/80 | 재적재 13 | 중계율 0.15 | alpha 2.335 | step_limit
Ep 490 | 드론3 목적지30 |  945스텝 | 배송 30/30 | 재적재  5 | 중계율 0.17 | alpha 2.317 | complete
Ep 491 | 드론3 목적지59 | 1000스텝 | 배송 53/59 | 재적재  9 | 중계율 0.17 | alpha 2.339 | step_limit
Ep 492 | 드론3 목적지74 | 1000스텝 | 배송 59/74 | 재적재 10 | 중계율 0.18 | alpha 2.326 | step_limit
Ep 493 | 드론3 목적지47 | 1000스텝 | 배송 44/47 | 재적재  8 | 중계율 0.21 | alpha 2.319 | step_limit
Ep 494 | 드론3 목적지52 | 1000스텝 | 배송 50/52 | 재적재  9 | 중계율 0.20 | alpha 2.319 | step_limit
Ep 495 | 드론3 목적지54 | 1000스텝 | 배송 50/54 | 재적재  8 | 중계율 0.23 | alpha 2.315 | step_limit
Ep 496 | 드론4 목적지56 | 1000스텝 | 배송 53/56 | 재적재  9 | 중계율 0.21 | alpha 2.297 | step_limit
Ep 497 | 드론4 목적지73 | 1000스텝 | 배송 58/73 | 재적재  9 | 중계율 0.26 | alpha 2.296 | step_limit
Ep 498 | 드론3 목적지22 |  590스텝 | 배송 22/22 | 재적재  3 | 중계율 0.23 | alpha 2.292 | complete
Ep 499 | 드론4 목적지55 |  918스텝 | 배송 55/55 | 재적재  9 | 중계율 0.21 | alpha 2.273 | complete
Ep 500 | 드론3 목적지55 | 1000스텝 | 배송 53/55 | 재적재  9 | 중계율 0.23 | alpha 2.297 | step_limit
  [홀드아웃] 배송 49.8±2.0 완주 0.99 스텝 1039 점수 124.9 재적재 8.3 2홉+ 0.61 | 최고 125.3@ep450 정체 1/15
Ep 501 | 드론4 목적지25 |  390스텝 | 배송 25/25 | 재적재  3 | 중계율 0.15 | alpha 2.319 | complete
Ep 502 | 드론3 목적지53 | 1000스텝 | 배송 46/53 | 재적재  8 | 중계율 0.23 | alpha 2.366 | step_limit
Ep 503 | 드론4 목적지73 | 1000스텝 | 배송 71/73 | 재적재 13 | 중계율 0.21 | alpha 2.381 | step_limit
Ep 504 | 드론3 목적지60 |  992스텝 | 배송 60/60 | 재적재 11 | 중계율 0.17 | alpha 2.367 | complete
Ep 505 | 드론3 목적지72 | 1000스텝 | 배송 63/72 | 재적재 12 | 중계율 0.18 | alpha 2.328 | step_limit
Ep 506 | 드론3 목적지76 | 1000스텝 | 배송 60/76 | 재적재 11 | 중계율 0.15 | alpha 2.356 | step_limit
Ep 507 | 드론4 목적지79 |  934스텝 | 배송 79/79 | 재적재 14 | 중계율 0.19 | alpha 2.408 | complete
Ep 508 | 드론4 목적지38 |  681스텝 | 배송 38/38 | 재적재  6 | 중계율 0.20 | alpha 2.376 | complete
Ep 509 | 드론3 목적지52 | 1000스텝 | 배송 51/52 | 재적재  9 | 중계율 0.16 | alpha 2.372 | step_limit
Ep 510 | 드론3 목적지42 | 1000스텝 | 배송 40/42 | 재적재  7 | 중계율 0.22 | alpha 2.348 | step_limit
Ep 511 | 드론3 목적지21 |  749스텝 | 배송 21/21 | 재적재  3 | 중계율 0.30 | alpha 2.363 | complete
Ep 512 | 드론3 목적지23 |  789스텝 | 배송 23/23 | 재적재  3 | 중계율 0.28 | alpha 2.370 | complete
Ep 513 | 드론3 목적지66 | 1000스텝 | 배송 52/66 | 재적재  9 | 중계율 0.14 | alpha 2.395 | step_limit
Ep 514 | 드론3 목적지38 |  923스텝 | 배송 38/38 | 재적재  6 | 중계율 0.23 | alpha 2.393 | complete
Ep 515 | 드론4 목적지23 |  681스텝 | 배송 23/23 | 재적재  3 | 중계율 0.27 | alpha 2.389 | complete
Ep 516 | 드론4 목적지34 |  752스텝 | 배송 34/34 | 재적재  6 | 중계율 0.25 | alpha 2.426 | complete
Ep 517 | 드론3 목적지73 | 1000스텝 | 배송 56/73 | 재적재  9 | 중계율 0.19 | alpha 2.404 | step_limit
Ep 518 | 드론4 목적지43 |  688스텝 | 배송 43/43 | 재적재  8 | 중계율 0.18 | alpha 2.412 | complete
Ep 519 | 드론3 목적지65 | 1000스텝 | 배송 60/65 | 재적재 10 | 중계율 0.20 | alpha 2.392 | step_limit
Ep 520 | 드론4 목적지55 | 1000스텝 | 배송 45/55 | 재적재  8 | 중계율 0.23 | alpha 2.401 | step_limit
Ep 521 | 드론3 목적지62 | 1000스텝 | 배송 46/62 | 재적재  9 | 중계율 0.21 | alpha 2.373 | step_limit
Ep 522 | 드론4 목적지37 |  850스텝 | 배송 37/37 | 재적재  6 | 중계율 0.27 | alpha 2.336 | complete
Ep 523 | 드론4 목적지66 | 1000스텝 | 배송 65/66 | 재적재 11 | 중계율 0.20 | alpha 2.362 | step_limit
Ep 524 | 드론3 목적지57 |  897스텝 | 배송 57/57 | 재적재 10 | 중계율 0.14 | alpha 2.352 | complete
Ep 525 | 드론3 목적지39 |  803스텝 | 배송 39/39 | 재적재  6 | 중계율 0.17 | alpha 2.336 | complete
Ep 526 | 드론4 목적지73 |  815스텝 | 배송 73/73 | 재적재 13 | 중계율 0.17 | alpha 2.355 | complete
Ep 527 | 드론4 목적지58 |  668스텝 | 배송 58/58 | 재적재 10 | 중계율 0.18 | alpha 2.376 | complete
Ep 528 | 드론4 목적지46 |  508스텝 | 배송 46/46 | 재적재  8 | 중계율 0.19 | alpha 2.366 | complete
Ep 529 | 드론4 목적지20 |  341스텝 | 배송 20/20 | 재적재  2 | 중계율 0.17 | alpha 2.352 | complete
Ep 530 | 드론4 목적지72 | 1000스텝 | 배송 66/72 | 재적재 11 | 중계율 0.21 | alpha 2.356 | step_limit
Ep 531 | 드론3 목적지21 |  644스텝 | 배송 21/21 | 재적재  3 | 중계율 0.19 | alpha 2.340 | complete
Ep 532 | 드론4 목적지32 |  695스텝 | 배송 32/32 | 재적재  3 | 중계율 0.29 | alpha 2.317 | complete
Ep 533 | 드론3 목적지79 | 1000스텝 | 배송 60/79 | 재적재 11 | 중계율 0.21 | alpha 2.313 | step_limit
Ep 534 | 드론4 목적지56 | 1000스텝 | 배송 53/56 | 재적재  9 | 중계율 0.25 | alpha 2.319 | step_limit
Ep 535 | 드론3 목적지68 | 1000스텝 | 배송 58/68 | 재적재 11 | 중계율 0.19 | alpha 2.328 | step_limit
Ep 536 | 드론4 목적지57 | 1000스텝 | 배송 51/57 | 재적재  9 | 중계율 0.26 | alpha 2.358 | step_limit
Ep 537 | 드론3 목적지49 | 1000스텝 | 배송 45/49 | 재적재  8 | 중계율 0.20 | alpha 2.387 | step_limit
Ep 538 | 드론3 목적지38 |  766스텝 | 배송 38/38 | 재적재  6 | 중계율 0.23 | alpha 2.412 | complete
Ep 539 | 드론4 목적지79 | 1000스텝 | 배송 66/79 | 재적재 11 | 중계율 0.19 | alpha 2.373 | step_limit
Ep 540 | 드론4 목적지70 | 1000스텝 | 배송 65/70 | 재적재 12 | 중계율 0.19 | alpha 2.401 | step_limit
Ep 541 | 드론4 목적지77 | 1000스텝 | 배송 73/77 | 재적재 13 | 중계율 0.18 | alpha 2.421 | step_limit
Ep 542 | 드론4 목적지53 |  747스텝 | 배송 53/53 | 재적재  8 | 중계율 0.19 | alpha 2.403 | complete
Ep 543 | 드론3 목적지49 | 1000스텝 | 배송 42/49 | 재적재  7 | 중계율 0.18 | alpha 2.386 | step_limit
Ep 544 | 드론4 목적지68 | 1000스텝 | 배송 67/68 | 재적재 12 | 중계율 0.22 | alpha 2.404 | step_limit
Ep 545 | 드론4 목적지56 |  915스텝 | 배송 56/56 | 재적재 10 | 중계율 0.23 | alpha 2.398 | complete
Ep 546 | 드론4 목적지75 | 1000스텝 | 배송 62/75 | 재적재 11 | 중계율 0.13 | alpha 2.377 | step_limit
Ep 547 | 드론3 목적지71 | 1000스텝 | 배송 56/71 | 재적재 10 | 중계율 0.24 | alpha 2.395 | step_limit
Ep 548 | 드론3 목적지80 | 1000스텝 | 배송 62/80 | 재적재 11 | 중계율 0.14 | alpha 2.370 | step_limit
Ep 549 | 드론4 목적지38 |  595스텝 | 배송 38/38 | 재적재  6 | 중계율 0.22 | alpha 2.346 | complete
Ep 550 | 드론4 목적지49 |  611스텝 | 배송 49/49 | 재적재  8 | 중계율 0.14 | alpha 2.325 | complete
  [홀드아웃] 배송 50.0±0.1 완주 0.99 스텝 1021 점수 125.1 재적재 8.2 2홉+ 0.61 | 최고 125.3@ep450 정체 2/15
Ep 551 | 드론3 목적지56 | 1000스텝 | 배송 50/56 | 재적재  9 | 중계율 0.18 | alpha 2.346 | step_limit
Ep 552 | 드론4 목적지27 |  823스텝 | 배송 27/27 | 재적재  5 | 중계율 0.31 | alpha 2.348 | complete
Ep 553 | 드론3 목적지46 | 1000스텝 | 배송 43/46 | 재적재  8 | 중계율 0.16 | alpha 2.313 | step_limit
Ep 554 | 드론4 목적지72 |  954스텝 | 배송 72/72 | 재적재 14 | 중계율 0.17 | alpha 2.294 | complete
Ep 555 | 드론3 목적지68 | 1000스텝 | 배송 55/68 | 재적재 10 | 중계율 0.19 | alpha 2.312 | step_limit
Ep 556 | 드론3 목적지30 |  573스텝 | 배송 30/30 | 재적재  4 | 중계율 0.26 | alpha 2.310 | complete
Ep 557 | 드론3 목적지46 |  842스텝 | 배송 46/46 | 재적재  7 | 중계율 0.15 | alpha 2.336 | complete
Ep 558 | 드론4 목적지66 | 1000스텝 | 배송 55/66 | 재적재  9 | 중계율 0.24 | alpha 2.292 | step_limit
Ep 559 | 드론4 목적지78 | 1000스텝 | 배송 71/78 | 재적재 12 | 중계율 0.19 | alpha 2.363 | step_limit
Ep 560 | 드론3 목적지22 |  416스텝 | 배송 22/22 | 재적재  3 | 중계율 0.20 | alpha 2.366 | complete
Ep 561 | 드론3 목적지29 |  403스텝 | 배송 29/29 | 재적재  4 | 중계율 0.10 | alpha 2.367 | complete
Ep 562 | 드론4 목적지71 |  814스텝 | 배송 71/71 | 재적재 13 | 중계율 0.14 | alpha 2.353 | complete
Ep 563 | 드론4 목적지61 | 1000스텝 | 배송 59/61 | 재적재  9 | 중계율 0.26 | alpha 2.308 | step_limit
Ep 564 | 드론4 목적지44 |  441스텝 | 배송 44/44 | 재적재  7 | 중계율 0.15 | alpha 2.306 | complete
Ep 565 | 드론4 목적지21 |  444스텝 | 배송 21/21 | 재적재  2 | 중계율 0.31 | alpha 2.297 | complete
Ep 566 | 드론4 목적지23 |  727스텝 | 배송 23/23 | 재적재  3 | 중계율 0.18 | alpha 2.279 | complete
Ep 567 | 드론4 목적지57 |  748스텝 | 배송 57/57 | 재적재 10 | 중계율 0.15 | alpha 2.268 | complete
Ep 568 | 드론4 목적지23 |  381스텝 | 배송 23/23 | 재적재  3 | 중계율 0.24 | alpha 2.276 | complete
Ep 569 | 드론4 목적지79 | 1000스텝 | 배송 56/79 | 재적재 11 | 중계율 0.19 | alpha 2.336 | step_limit
Ep 570 | 드론4 목적지70 | 1000스텝 | 배송 65/70 | 재적재 11 | 중계율 0.19 | alpha 2.302 | step_limit
Ep 571 | 드론4 목적지78 |  911스텝 | 배송 78/78 | 재적재 14 | 중계율 0.13 | alpha 2.301 | complete
Ep 572 | 드론4 목적지70 | 1000스텝 | 배송 68/70 | 재적재 12 | 중계율 0.21 | alpha 2.310 | step_limit
Ep 573 | 드론3 목적지77 | 1000스텝 | 배송 62/77 | 재적재 11 | 중계율 0.17 | alpha 2.315 | step_limit
Ep 574 | 드론4 목적지34 |  506스텝 | 배송 34/34 | 재적재  5 | 중계율 0.21 | alpha 2.319 | complete
Ep 575 | 드론3 목적지21 |  642스텝 | 배송 21/21 | 재적재  2 | 중계율 0.20 | alpha 2.309 | complete
Ep 576 | 드론3 목적지39 |  682스텝 | 배송 39/39 | 재적재  6 | 중계율 0.16 | alpha 2.331 | complete
Ep 577 | 드론4 목적지53 | 1000스텝 | 배송 52/53 | 재적재  9 | 중계율 0.24 | alpha 2.335 | step_limit
Ep 578 | 드론4 목적지29 |  396스텝 | 배송 29/29 | 재적재  3 | 중계율 0.15 | alpha 2.330 | complete
Ep 579 | 드론3 목적지67 | 1000스텝 | 배송 62/67 | 재적재 11 | 중계율 0.18 | alpha 2.345 | step_limit
Ep 580 | 드론4 목적지39 | 1000스텝 | 배송 35/39 | 재적재  6 | 중계율 0.26 | alpha 2.329 | step_limit
Ep 581 | 드론3 목적지25 |  834스텝 | 배송 25/25 | 재적재  3 | 중계율 0.24 | alpha 2.317 | complete
Ep 582 | 드론3 목적지27 |  780스텝 | 배송 27/27 | 재적재  4 | 중계율 0.22 | alpha 2.288 | complete
Ep 583 | 드론3 목적지67 | 1000스텝 | 배송 60/67 | 재적재 10 | 중계율 0.22 | alpha 2.301 | step_limit
Ep 584 | 드론4 목적지70 | 1000스텝 | 배송 60/70 | 재적재 10 | 중계율 0.20 | alpha 2.278 | step_limit
Ep 585 | 드론3 목적지50 |  969스텝 | 배송 50/50 | 재적재  9 | 중계율 0.19 | alpha 2.278 | complete
Ep 586 | 드론3 목적지55 | 1000스텝 | 배송 45/55 | 재적재  7 | 중계율 0.30 | alpha 2.308 | step_limit
Ep 587 | 드론4 목적지46 |  772스텝 | 배송 46/46 | 재적재  7 | 중계율 0.22 | alpha 2.306 | complete
Ep 588 | 드론3 목적지39 |  773스텝 | 배송 39/39 | 재적재  6 | 중계율 0.19 | alpha 2.302 | complete
Ep 589 | 드론4 목적지48 |  753스텝 | 배송 48/48 | 재적재  8 | 중계율 0.20 | alpha 2.289 | complete
Ep 590 | 드론3 목적지55 | 1000스텝 | 배송 52/55 | 재적재  8 | 중계율 0.17 | alpha 2.299 | step_limit
Ep 591 | 드론3 목적지70 | 1000스텝 | 배송 60/70 | 재적재 10 | 중계율 0.17 | alpha 2.295 | step_limit
Ep 592 | 드론3 목적지45 | 1000스텝 | 배송 44/45 | 재적재  7 | 중계율 0.19 | alpha 2.248 | step_limit
Ep 593 | 드론3 목적지27 |  556스텝 | 배송 27/27 | 재적재  4 | 중계율 0.16 | alpha 2.254 | complete
Ep 594 | 드론3 목적지77 | 1000스텝 | 배송 57/77 | 재적재 11 | 중계율 0.20 | alpha 2.266 | step_limit
Ep 595 | 드론4 목적지64 | 1000스텝 | 배송 61/64 | 재적재 10 | 중계율 0.25 | alpha 2.242 | step_limit
Ep 596 | 드론3 목적지66 | 1000스텝 | 배송 53/66 | 재적재  9 | 중계율 0.23 | alpha 2.271 | step_limit
Ep 597 | 드론4 목적지31 |  808스텝 | 배송 31/31 | 재적재  4 | 중계율 0.33 | alpha 2.251 | complete
Ep 598 | 드론4 목적지64 | 1000스텝 | 배송 60/64 | 재적재 10 | 중계율 0.21 | alpha 2.230 | step_limit
Ep 599 | 드론3 목적지39 | 1000스텝 | 배송 28/39 | 재적재  5 | 중계율 0.21 | alpha 2.230 | step_limit
Ep 600 | 드론4 목적지80 | 1000스텝 | 배송 75/80 | 재적재 12 | 중계율 0.17 | alpha 2.214 | step_limit
  [홀드아웃] 배송 50.0±0.0 완주 1.00 스텝 986 점수 126.9 재적재 8.2 2홉+ 0.61 | 최고 126.9@ep600 정체 0/15  ← 갱신
Ep 601 | 드론3 목적지28 |  766스텝 | 배송 28/28 | 재적재  5 | 중계율 0.22 | alpha 2.215 | complete
Ep 602 | 드론3 목적지78 | 1000스텝 | 배송 73/78 | 재적재 13 | 중계율 0.16 | alpha 2.228 | step_limit
Ep 603 | 드론3 목적지64 | 1000스텝 | 배송 51/64 | 재적재  9 | 중계율 0.23 | alpha 2.229 | step_limit
Ep 604 | 드론4 목적지68 | 1000스텝 | 배송 61/68 | 재적재 11 | 중계율 0.18 | alpha 2.192 | step_limit
Ep 605 | 드론4 목적지55 | 1000스텝 | 배송 53/55 | 재적재  8 | 중계율 0.29 | alpha 2.226 | step_limit
Ep 606 | 드론4 목적지69 |  942스텝 | 배송 69/69 | 재적재 13 | 중계율 0.14 | alpha 2.211 | complete
Ep 607 | 드론3 목적지31 |  743스텝 | 배송 31/31 | 재적재  5 | 중계율 0.26 | alpha 2.195 | complete
Ep 608 | 드론3 목적지59 | 1000스텝 | 배송 51/59 | 재적재  9 | 중계율 0.17 | alpha 2.230 | step_limit
Ep 609 | 드론4 목적지56 |  986스텝 | 배송 56/56 | 재적재  9 | 중계율 0.26 | alpha 2.235 | complete
Ep 610 | 드론3 목적지59 | 1000스텝 | 배송 49/59 | 재적재  8 | 중계율 0.25 | alpha 2.242 | step_limit
Ep 611 | 드론3 목적지21 |  478스텝 | 배송 21/21 | 재적재  3 | 중계율 0.20 | alpha 2.228 | complete
Ep 612 | 드론3 목적지27 |  716스텝 | 배송 27/27 | 재적재  5 | 중계율 0.19 | alpha 2.205 | complete
Ep 613 | 드론3 목적지80 | 1000스텝 | 배송 52/80 | 재적재  9 | 중계율 0.13 | alpha 2.186 | step_limit
Ep 614 | 드론3 목적지54 | 1000스텝 | 배송 50/54 | 재적재  9 | 중계율 0.18 | alpha 2.202 | step_limit
Ep 615 | 드론3 목적지56 |  937스텝 | 배송 56/56 | 재적재 10 | 중계율 0.19 | alpha 2.224 | complete
Ep 616 | 드론4 목적지71 | 1000스텝 | 배송 59/71 | 재적재 10 | 중계율 0.30 | alpha 2.211 | step_limit
Ep 617 | 드론3 목적지67 | 1000스텝 | 배송 60/67 | 재적재 11 | 중계율 0.22 | alpha 2.260 | step_limit
Ep 618 | 드론3 목적지52 | 1000스텝 | 배송 50/52 | 재적재  9 | 중계율 0.21 | alpha 2.242 | step_limit
Ep 619 | 드론4 목적지54 |  794스텝 | 배송 54/54 | 재적재  8 | 중계율 0.14 | alpha 2.258 | complete
Ep 620 | 드론4 목적지66 |  797스텝 | 배송 66/66 | 재적재 11 | 중계율 0.20 | alpha 2.246 | complete
Ep 621 | 드론3 목적지46 |  898스텝 | 배송 46/46 | 재적재  8 | 중계율 0.18 | alpha 2.284 | complete
Ep 622 | 드론3 목적지28 |  928스텝 | 배송 28/28 | 재적재  4 | 중계율 0.25 | alpha 2.270 | complete
Ep 623 | 드론4 목적지44 |  655스텝 | 배송 44/44 | 재적재  8 | 중계율 0.15 | alpha 2.244 | complete
Ep 624 | 드론3 목적지42 |  733스텝 | 배송 42/42 | 재적재  8 | 중계율 0.15 | alpha 2.217 | complete
Ep 625 | 드론3 목적지37 |  884스텝 | 배송 37/37 | 재적재  6 | 중계율 0.18 | alpha 2.235 | complete
Ep 626 | 드론3 목적지68 | 1000스텝 | 배송 63/68 | 재적재 11 | 중계율 0.17 | alpha 2.252 | step_limit
Ep 627 | 드론4 목적지27 |  322스텝 | 배송 27/27 | 재적재  4 | 중계율 0.19 | alpha 2.260 | complete
Ep 628 | 드론4 목적지38 |  452스텝 | 배송 38/38 | 재적재  7 | 중계율 0.13 | alpha 2.252 | complete
Ep 629 | 드론4 목적지57 |  801스텝 | 배송 57/57 | 재적재 11 | 중계율 0.19 | alpha 2.231 | complete
Ep 630 | 드론3 목적지73 | 1000스텝 | 배송 61/73 | 재적재 11 | 중계율 0.19 | alpha 2.201 | step_limit
Ep 631 | 드론3 목적지58 | 1000스텝 | 배송 55/58 | 재적재  9 | 중계율 0.17 | alpha 2.237 | step_limit
Ep 632 | 드론4 목적지36 |  606스텝 | 배송 36/36 | 재적재  6 | 중계율 0.16 | alpha 2.206 | complete
Ep 633 | 드론3 목적지46 | 1000스텝 | 배송 45/46 | 재적재  7 | 중계율 0.21 | alpha 2.215 | step_limit
Ep 634 | 드론3 목적지25 |  562스텝 | 배송 25/25 | 재적재  3 | 중계율 0.18 | alpha 2.217 | complete
Ep 635 | 드론3 목적지39 |  748스텝 | 배송 39/39 | 재적재  7 | 중계율 0.17 | alpha 2.190 | complete
Ep 636 | 드론4 목적지28 |  379스텝 | 배송 28/28 | 재적재  4 | 중계율 0.15 | alpha 2.204 | complete
Ep 637 | 드론4 목적지39 |  757스텝 | 배송 39/39 | 재적재  6 | 중계율 0.19 | alpha 2.206 | complete
Ep 638 | 드론3 목적지46 | 1000스텝 | 배송 45/46 | 재적재  8 | 중계율 0.30 | alpha 2.221 | step_limit
Ep 639 | 드론4 목적지21 |  477스텝 | 배송 21/21 | 재적재  3 | 중계율 0.27 | alpha 2.215 | complete
Ep 640 | 드론3 목적지55 | 1000스텝 | 배송 51/55 | 재적재  8 | 중계율 0.26 | alpha 2.237 | step_limit
Ep 641 | 드론3 목적지74 | 1000스텝 | 배송 57/74 | 재적재 11 | 중계율 0.19 | alpha 2.237 | step_limit
Ep 642 | 드론3 목적지24 |  623스텝 | 배송 24/24 | 재적재  3 | 중계율 0.22 | alpha 2.251 | complete
Ep 643 | 드론4 목적지57 | 1000스텝 | 배송 55/57 | 재적재 10 | 중계율 0.20 | alpha 2.252 | step_limit
Ep 644 | 드론3 목적지45 | 1000스텝 | 배송 40/45 | 재적재  7 | 중계율 0.23 | alpha 2.277 | step_limit
Ep 645 | 드론3 목적지48 | 1000스텝 | 배송 46/48 | 재적재  8 | 중계율 0.17 | alpha 2.245 | step_limit
Ep 646 | 드론3 목적지25 |  581스텝 | 배송 25/25 | 재적재  4 | 중계율 0.30 | alpha 2.256 | complete
Ep 647 | 드론3 목적지26 |  577스텝 | 배송 26/26 | 재적재  4 | 중계율 0.20 | alpha 2.266 | complete
Ep 648 | 드론3 목적지48 | 1000스텝 | 배송 44/48 | 재적재  7 | 중계율 0.15 | alpha 2.266 | step_limit
Ep 649 | 드론4 목적지69 | 1000스텝 | 배송 66/69 | 재적재 12 | 중계율 0.23 | alpha 2.271 | step_limit
Ep 650 | 드론3 목적지64 | 1000스텝 | 배송 61/64 | 재적재 10 | 중계율 0.17 | alpha 2.276 | step_limit
  [홀드아웃] 배송 50.0±0.0 완주 1.00 스텝 997 점수 126.7 재적재 8.2 2홉+ 0.61 | 최고 126.9@ep600 정체 1/15
Ep 651 | 드론4 목적지77 | 1000스텝 | 배송 70/77 | 재적재 11 | 중계율 0.24 | alpha 2.260 | step_limit
Ep 652 | 드론3 목적지32 |  708스텝 | 배송 32/32 | 재적재  5 | 중계율 0.25 | alpha 2.261 | complete
Ep 653 | 드론3 목적지77 | 1000스텝 | 배송 66/77 | 재적재 11 | 중계율 0.16 | alpha 2.273 | step_limit
Ep 654 | 드론4 목적지21 |  563스텝 | 배송 21/21 | 재적재  3 | 중계율 0.30 | alpha 2.261 | complete
Ep 655 | 드론3 목적지28 |  552스텝 | 배송 28/28 | 재적재  4 | 중계율 0.17 | alpha 2.230 | complete
Ep 656 | 드론3 목적지50 | 1000스텝 | 배송 49/50 | 재적재  8 | 중계율 0.19 | alpha 2.192 | step_limit
Ep 657 | 드론4 목적지62 |  748스텝 | 배송 62/62 | 재적재 10 | 중계율 0.15 | alpha 2.186 | complete
Ep 658 | 드론3 목적지50 | 1000스텝 | 배송 48/50 | 재적재  9 | 중계율 0.22 | alpha 2.173 | step_limit
Ep 659 | 드론4 목적지39 |  553스텝 | 배송 39/39 | 재적재  6 | 중계율 0.14 | alpha 2.194 | complete
Ep 660 | 드론4 목적지65 | 1000스텝 | 배송 64/65 | 재적재 11 | 중계율 0.15 | alpha 2.196 | step_limit
Ep 661 | 드론4 목적지20 |  361스텝 | 배송 20/20 | 재적재  2 | 중계율 0.18 | alpha 2.189 | complete
Ep 662 | 드론4 목적지46 |  995스텝 | 배송 46/46 | 재적재  8 | 중계율 0.22 | alpha 2.194 | complete
Ep 663 | 드론3 목적지78 | 1000스텝 | 배송 70/78 | 재적재 12 | 중계율 0.21 | alpha 2.204 | step_limit
Ep 664 | 드론3 목적지28 |  657스텝 | 배송 28/28 | 재적재  4 | 중계율 0.24 | alpha 2.220 | complete
Ep 665 | 드론3 목적지25 |  743스텝 | 배송 25/25 | 재적재  3 | 중계율 0.25 | alpha 2.212 | complete
Ep 666 | 드론4 목적지74 | 1000스텝 | 배송 70/74 | 재적재 12 | 중계율 0.14 | alpha 2.206 | step_limit
Ep 667 | 드론3 목적지50 |  809스텝 | 배송 50/50 | 재적재  8 | 중계율 0.20 | alpha 2.175 | complete
Ep 668 | 드론4 목적지80 | 1000스텝 | 배송 76/80 | 재적재 13 | 중계율 0.19 | alpha 2.178 | step_limit
Ep 669 | 드론4 목적지53 |  744스텝 | 배송 53/53 | 재적재  9 | 중계율 0.16 | alpha 2.149 | complete
Ep 670 | 드론3 목적지68 | 1000스텝 | 배송 59/68 | 재적재 10 | 중계율 0.16 | alpha 2.125 | step_limit
Ep 671 | 드론3 목적지60 | 1000스텝 | 배송 40/60 | 재적재  6 | 중계율 0.23 | alpha 2.157 | step_limit
Ep 672 | 드론3 목적지50 |  867스텝 | 배송 50/50 | 재적재  9 | 중계율 0.15 | alpha 2.156 | complete
Ep 673 | 드론4 목적지54 |  888스텝 | 배송 54/54 | 재적재  9 | 중계율 0.22 | alpha 2.142 | complete
Ep 674 | 드론4 목적지73 | 1000스텝 | 배송 71/73 | 재적재 12 | 중계율 0.18 | alpha 2.175 | step_limit
Ep 675 | 드론3 목적지74 | 1000스텝 | 배송 66/74 | 재적재 11 | 중계율 0.14 | alpha 2.185 | step_limit
Ep 676 | 드론3 목적지46 | 1000스텝 | 배송 42/46 | 재적재  8 | 중계율 0.23 | alpha 2.164 | step_limit
Ep 677 | 드론3 목적지79 | 1000스텝 | 배송 69/79 | 재적재 13 | 중계율 0.16 | alpha 2.175 | step_limit
Ep 678 | 드론4 목적지41 |  934스텝 | 배송 41/41 | 재적재  7 | 중계율 0.27 | alpha 2.200 | complete
Ep 679 | 드론4 목적지58 |  874스텝 | 배송 58/58 | 재적재  9 | 중계율 0.21 | alpha 2.207 | complete
Ep 680 | 드론3 목적지31 |  710스텝 | 배송 31/31 | 재적재  5 | 중계율 0.16 | alpha 2.203 | complete
Ep 681 | 드론4 목적지65 |  976스텝 | 배송 65/65 | 재적재 10 | 중계율 0.22 | alpha 2.211 | complete
Ep 682 | 드론3 목적지72 | 1000스텝 | 배송 60/72 | 재적재 11 | 중계율 0.21 | alpha 2.229 | step_limit
Ep 683 | 드론4 목적지52 | 1000스텝 | 배송 45/52 | 재적재  8 | 중계율 0.24 | alpha 2.190 | step_limit
Ep 684 | 드론3 목적지40 |  803스텝 | 배송 40/40 | 재적재  6 | 중계율 0.26 | alpha 2.195 | complete
Ep 685 | 드론3 목적지74 | 1000스텝 | 배송 66/74 | 재적재 12 | 중계율 0.19 | alpha 2.168 | step_limit
Ep 686 | 드론4 목적지58 |  712스텝 | 배송 58/58 | 재적재 10 | 중계율 0.14 | alpha 2.220 | complete
Ep 687 | 드론3 목적지46 |  927스텝 | 배송 46/46 | 재적재  9 | 중계율 0.24 | alpha 2.208 | complete
Ep 688 | 드론4 목적지33 |  365스텝 | 배송 33/33 | 재적재  4 | 중계율 0.12 | alpha 2.216 | complete
Ep 689 | 드론4 목적지80 | 1000스텝 | 배송 69/80 | 재적재 12 | 중계율 0.21 | alpha 2.202 | step_limit
Ep 690 | 드론3 목적지26 |  560스텝 | 배송 26/26 | 재적재  4 | 중계율 0.18 | alpha 2.181 | complete
Ep 691 | 드론3 목적지40 |  986스텝 | 배송 40/40 | 재적재  7 | 중계율 0.20 | alpha 2.165 | complete
Ep 692 | 드론3 목적지49 | 1000스텝 | 배송 47/49 | 재적재  9 | 중계율 0.21 | alpha 2.156 | step_limit
Ep 693 | 드론4 목적지56 | 1000스텝 | 배송 55/56 | 재적재  9 | 중계율 0.23 | alpha 2.154 | step_limit
Ep 694 | 드론3 목적지69 | 1000스텝 | 배송 53/69 | 재적재  9 | 중계율 0.16 | alpha 2.187 | step_limit
Ep 695 | 드론4 목적지32 |  549스텝 | 배송 32/32 | 재적재  5 | 중계율 0.18 | alpha 2.197 | complete
Ep 696 | 드론3 목적지48 | 1000스텝 | 배송 41/48 | 재적재  8 | 중계율 0.23 | alpha 2.196 | step_limit
Ep 697 | 드론3 목적지58 | 1000스텝 | 배송 57/58 | 재적재 11 | 중계율 0.21 | alpha 2.180 | step_limit
Ep 698 | 드론4 목적지65 | 1000스텝 | 배송 60/65 | 재적재 10 | 중계율 0.20 | alpha 2.218 | step_limit
Ep 699 | 드론4 목적지44 | 1000스텝 | 배송 40/44 | 재적재  7 | 중계율 0.27 | alpha 2.233 | step_limit
Ep 700 | 드론4 목적지40 |  743스텝 | 배송 40/40 | 재적재  5 | 중계율 0.28 | alpha 2.222 | complete
  [홀드아웃] 배송 49.9±1.1 완주 0.99 스텝 968 점수 125.8 재적재 8.3 2홉+ 0.61 | 최고 126.9@ep600 정체 2/15
Ep 701 | 드론4 목적지26 |  724스텝 | 배송 26/26 | 재적재  4 | 중계율 0.33 | alpha 2.253 | complete
Ep 702 | 드론3 목적지66 | 1000스텝 | 배송 65/66 | 재적재 11 | 중계율 0.19 | alpha 2.238 | step_limit
Ep 703 | 드론3 목적지25 |  642스텝 | 배송 25/25 | 재적재  4 | 중계율 0.31 | alpha 2.237 | complete
Ep 704 | 드론4 목적지35 |  507스텝 | 배송 35/35 | 재적재  6 | 중계율 0.17 | alpha 2.231 | complete
Ep 705 | 드론3 목적지24 |  373스텝 | 배송 24/24 | 재적재  3 | 중계율 0.13 | alpha 2.219 | complete
Ep 706 | 드론3 목적지64 | 1000스텝 | 배송 63/64 | 재적재 12 | 중계율 0.18 | alpha 2.214 | step_limit
Ep 707 | 드론3 목적지24 |  625스텝 | 배송 24/24 | 재적재  4 | 중계율 0.22 | alpha 2.225 | complete
Ep 708 | 드론4 목적지68 |  931스텝 | 배송 68/68 | 재적재 13 | 중계율 0.14 | alpha 2.223 | complete
Ep 709 | 드론3 목적지57 | 1000스텝 | 배송 50/57 | 재적재  8 | 중계율 0.20 | alpha 2.185 | step_limit
Ep 710 | 드론4 목적지78 |  926스텝 | 배송 78/78 | 재적재 14 | 중계율 0.14 | alpha 2.175 | complete
Ep 711 | 드론4 목적지34 |  671스텝 | 배송 34/34 | 재적재  6 | 중계율 0.22 | alpha 2.180 | complete
Ep 712 | 드론3 목적지21 |  547스텝 | 배송 21/21 | 재적재  3 | 중계율 0.23 | alpha 2.165 | complete
Ep 713 | 드론3 목적지63 | 1000스텝 | 배송 56/63 | 재적재 10 | 중계율 0.21 | alpha 2.145 | step_limit
Ep 714 | 드론3 목적지64 | 1000스텝 | 배송 63/64 | 재적재 11 | 중계율 0.17 | alpha 2.193 | step_limit
Ep 715 | 드론4 목적지43 |  554스텝 | 배송 43/43 | 재적재  8 | 중계율 0.15 | alpha 2.228 | complete
Ep 716 | 드론3 목적지39 |  929스텝 | 배송 39/39 | 재적재  7 | 중계율 0.27 | alpha 2.242 | complete
Ep 717 | 드론3 목적지67 | 1000스텝 | 배송 60/67 | 재적재 11 | 중계율 0.16 | alpha 2.226 | step_limit
Ep 718 | 드론4 목적지68 | 1000스텝 | 배송 58/68 | 재적재 11 | 중계율 0.18 | alpha 2.215 | step_limit
Ep 719 | 드론4 목적지67 | 1000스텝 | 배송 66/67 | 재적재 11 | 중계율 0.25 | alpha 2.210 | step_limit
Ep 720 | 드론3 목적지49 |  733스텝 | 배송 49/49 | 재적재  8 | 중계율 0.11 | alpha 2.223 | complete
Ep 721 | 드론3 목적지29 |  783스텝 | 배송 29/29 | 재적재  5 | 중계율 0.21 | alpha 2.220 | complete
Ep 722 | 드론4 목적지59 |  905스텝 | 배송 59/59 | 재적재 10 | 중계율 0.21 | alpha 2.205 | complete
Ep 723 | 드론4 목적지70 |  863스텝 | 배송 70/70 | 재적재 13 | 중계율 0.15 | alpha 2.253 | complete
Ep 724 | 드론3 목적지69 | 1000스텝 | 배송 61/69 | 재적재 11 | 중계율 0.17 | alpha 2.278 | step_limit
Ep 725 | 드론3 목적지62 | 1000스텝 | 배송 52/62 | 재적재  9 | 중계율 0.23 | alpha 2.232 | step_limit
Ep 726 | 드론4 목적지56 |  985스텝 | 배송 56/56 | 재적재  9 | 중계율 0.19 | alpha 2.207 | complete
Ep 727 | 드론3 목적지57 | 1000스텝 | 배송 55/57 | 재적재  9 | 중계율 0.14 | alpha 2.224 | step_limit
Ep 728 | 드론4 목적지43 | 1000스텝 | 배송 41/43 | 재적재  7 | 중계율 0.28 | alpha 2.204 | step_limit
Ep 729 | 드론4 목적지77 | 1000스텝 | 배송 76/77 | 재적재 15 | 중계율 0.17 | alpha 2.192 | step_limit
Ep 730 | 드론3 목적지27 |  617스텝 | 배송 27/27 | 재적재  4 | 중계율 0.21 | alpha 2.240 | complete
Ep 731 | 드론3 목적지80 | 1000스텝 | 배송 60/80 | 재적재 10 | 중계율 0.18 | alpha 2.244 | step_limit
Ep 732 | 드론3 목적지80 | 1000스텝 | 배송 63/80 | 재적재 12 | 중계율 0.16 | alpha 2.222 | step_limit
Ep 733 | 드론4 목적지64 | 1000스텝 | 배송 54/64 | 재적재 10 | 중계율 0.18 | alpha 2.194 | step_limit
Ep 734 | 드론3 목적지38 |  717스텝 | 배송 38/38 | 재적재  7 | 중계율 0.14 | alpha 2.195 | complete
Ep 735 | 드론4 목적지63 | 1000스텝 | 배송 54/63 | 재적재  8 | 중계율 0.18 | alpha 2.179 | step_limit
Ep 736 | 드론3 목적지52 | 1000스텝 | 배송 46/52 | 재적재  8 | 중계율 0.23 | alpha 2.171 | step_limit
Ep 737 | 드론3 목적지41 |  755스텝 | 배송 41/41 | 재적재  7 | 중계율 0.18 | alpha 2.184 | complete
Ep 738 | 드론4 목적지49 |  914스텝 | 배송 49/49 | 재적재  8 | 중계율 0.20 | alpha 2.191 | complete
Ep 739 | 드론3 목적지27 |  769스텝 | 배송 27/27 | 재적재  3 | 중계율 0.24 | alpha 2.188 | complete
Ep 740 | 드론3 목적지32 |  659스텝 | 배송 32/32 | 재적재  5 | 중계율 0.25 | alpha 2.230 | complete
Ep 741 | 드론3 목적지25 |  685스텝 | 배송 25/25 | 재적재  3 | 중계율 0.22 | alpha 2.237 | complete
Ep 742 | 드론3 목적지48 |  956스텝 | 배송 48/48 | 재적재  8 | 중계율 0.21 | alpha 2.244 | complete
Ep 743 | 드론4 목적지54 | 1000스텝 | 배송 48/54 | 재적재  9 | 중계율 0.17 | alpha 2.252 | step_limit
Ep 744 | 드론4 목적지24 |  596스텝 | 배송 24/24 | 재적재  2 | 중계율 0.23 | alpha 2.228 | complete
Ep 745 | 드론4 목적지37 |  508스텝 | 배송 37/37 | 재적재  7 | 중계율 0.14 | alpha 2.219 | complete
Ep 746 | 드론3 목적지50 | 1000스텝 | 배송 44/50 | 재적재  7 | 중계율 0.25 | alpha 2.185 | step_limit
Ep 747 | 드론3 목적지78 | 1000스텝 | 배송 60/78 | 재적재 10 | 중계율 0.22 | alpha 2.221 | step_limit
Ep 748 | 드론3 목적지33 |  809스텝 | 배송 33/33 | 재적재  5 | 중계율 0.20 | alpha 2.258 | complete
Ep 749 | 드론3 목적지20 |  649스텝 | 배송 20/20 | 재적재  3 | 중계율 0.26 | alpha 2.278 | complete
Ep 750 | 드론4 목적지80 | 1000스텝 | 배송 79/80 | 재적재 14 | 중계율 0.16 | alpha 2.253 | step_limit
  [홀드아웃] 배송 50.0±0.0 완주 1.00 스텝 1022 점수 126.4 재적재 8.3 2홉+ 0.61 | 최고 126.9@ep600 정체 3/15
Ep 751 | 드론4 목적지29 |  473스텝 | 배송 29/29 | 재적재  4 | 중계율 0.21 | alpha 2.255 | complete
Ep 752 | 드론4 목적지21 |  390스텝 | 배송 21/21 | 재적재  2 | 중계율 0.29 | alpha 2.254 | complete
Ep 753 | 드론4 목적지21 |  335스텝 | 배송 21/21 | 재적재  3 | 중계율 0.12 | alpha 2.244 | complete
Ep 754 | 드론4 목적지39 |  662스텝 | 배송 39/39 | 재적재  7 | 중계율 0.18 | alpha 2.266 | complete
Ep 755 | 드론3 목적지68 | 1000스텝 | 배송 45/68 | 재적재  7 | 중계율 0.19 | alpha 2.216 | step_limit
Ep 756 | 드론3 목적지80 | 1000스텝 | 배송 68/80 | 재적재 12 | 중계율 0.16 | alpha 2.214 | step_limit
Ep 757 | 드론4 목적지62 |  978스텝 | 배송 62/62 | 재적재 11 | 중계율 0.13 | alpha 2.218 | complete
Ep 758 | 드론4 목적지36 | 1000스텝 | 배송 35/36 | 재적재  6 | 중계율 0.29 | alpha 2.215 | step_limit
Ep 759 | 드론4 목적지46 |  900스텝 | 배송 46/46 | 재적재  7 | 중계율 0.30 | alpha 2.169 | complete
Ep 760 | 드론3 목적지23 |  620스텝 | 배송 23/23 | 재적재  3 | 중계율 0.27 | alpha 2.147 | complete
Ep 761 | 드론4 목적지36 |  462스텝 | 배송 36/36 | 재적재  6 | 중계율 0.11 | alpha 2.173 | complete
Ep 762 | 드론3 목적지66 | 1000스텝 | 배송 62/66 | 재적재 11 | 중계율 0.14 | alpha 2.216 | step_limit
Ep 763 | 드론3 목적지24 |  601스텝 | 배송 24/24 | 재적재  3 | 중계율 0.24 | alpha 2.216 | complete
Ep 764 | 드론3 목적지27 |  466스텝 | 배송 27/27 | 재적재  3 | 중계율 0.14 | alpha 2.209 | complete
Ep 765 | 드론4 목적지43 |  680스텝 | 배송 43/43 | 재적재  7 | 중계율 0.17 | alpha 2.218 | complete
Ep 766 | 드론3 목적지25 |  694스텝 | 배송 25/25 | 재적재  4 | 중계율 0.27 | alpha 2.233 | complete
Ep 767 | 드론3 목적지65 | 1000스텝 | 배송 57/65 | 재적재 11 | 중계율 0.21 | alpha 2.255 | step_limit
Ep 768 | 드론3 목적지50 | 1000스텝 | 배송 48/50 | 재적재  7 | 중계율 0.20 | alpha 2.227 | step_limit
Ep 769 | 드론4 목적지40 |  593스텝 | 배송 40/40 | 재적재  6 | 중계율 0.24 | alpha 2.222 | complete
Ep 770 | 드론4 목적지58 |  988스텝 | 배송 58/58 | 재적재 10 | 중계율 0.23 | alpha 2.239 | complete
Ep 771 | 드론3 목적지28 |  881스텝 | 배송 28/28 | 재적재  4 | 중계율 0.29 | alpha 2.250 | complete
Ep 772 | 드론4 목적지53 |  657스텝 | 배송 53/53 | 재적재  9 | 중계율 0.13 | alpha 2.229 | complete
Ep 773 | 드론3 목적지60 | 1000스텝 | 배송 52/60 | 재적재  9 | 중계율 0.22 | alpha 2.238 | step_limit
Ep 774 | 드론3 목적지60 | 1000스텝 | 배송 55/60 | 재적재  9 | 중계율 0.28 | alpha 2.235 | step_limit
Ep 775 | 드론3 목적지62 | 1000스텝 | 배송 51/62 | 재적재 10 | 중계율 0.14 | alpha 2.242 | step_limit
Ep 776 | 드론3 목적지47 |  926스텝 | 배송 47/47 | 재적재  8 | 중계율 0.22 | alpha 2.237 | complete
Ep 777 | 드론3 목적지77 | 1000스텝 | 배송 74/77 | 재적재 14 | 중계율 0.17 | alpha 2.235 | step_limit
Ep 778 | 드론3 목적지29 |  709스텝 | 배송 29/29 | 재적재  5 | 중계율 0.24 | alpha 2.234 | complete
Ep 779 | 드론3 목적지79 | 1000스텝 | 배송 61/79 | 재적재 12 | 중계율 0.21 | alpha 2.252 | step_limit
Ep 780 | 드론4 목적지50 |  814스텝 | 배송 50/50 | 재적재  8 | 중계율 0.23 | alpha 2.268 | complete
Ep 781 | 드론3 목적지53 | 1000스텝 | 배송 44/53 | 재적재  7 | 중계율 0.25 | alpha 2.279 | step_limit
Ep 782 | 드론3 목적지35 |  822스텝 | 배송 35/35 | 재적재  6 | 중계율 0.27 | alpha 2.233 | complete
Ep 783 | 드론4 목적지55 |  919스텝 | 배송 55/55 | 재적재  9 | 중계율 0.18 | alpha 2.253 | complete
Ep 784 | 드론3 목적지53 | 1000스텝 | 배송 48/53 | 재적재  9 | 중계율 0.20 | alpha 2.231 | step_limit
Ep 785 | 드론4 목적지56 |  993스텝 | 배송 56/56 | 재적재 10 | 중계율 0.23 | alpha 2.230 | complete
Ep 786 | 드론3 목적지73 | 1000스텝 | 배송 60/73 | 재적재 11 | 중계율 0.19 | alpha 2.249 | step_limit
Ep 787 | 드론4 목적지70 | 1000스텝 | 배송 62/70 | 재적재 11 | 중계율 0.22 | alpha 2.259 | step_limit
Ep 788 | 드론3 목적지31 |  698스텝 | 배송 31/31 | 재적재  5 | 중계율 0.14 | alpha 2.229 | complete
Ep 789 | 드론3 목적지40 |  940스텝 | 배송 40/40 | 재적재  6 | 중계율 0.20 | alpha 2.177 | complete
Ep 790 | 드론4 목적지29 |  585스텝 | 배송 29/29 | 재적재  4 | 중계율 0.22 | alpha 2.184 | complete
Ep 791 | 드론4 목적지38 |  722스텝 | 배송 38/38 | 재적재  6 | 중계율 0.22 | alpha 2.178 | complete
Ep 792 | 드론4 목적지77 |  995스텝 | 배송 77/77 | 재적재 12 | 중계율 0.17 | alpha 2.203 | complete
Ep 793 | 드론3 목적지71 | 1000스텝 | 배송 67/71 | 재적재 13 | 중계율 0.17 | alpha 2.207 | step_limit
Ep 794 | 드론3 목적지33 |  729스텝 | 배송 33/33 | 재적재  6 | 중계율 0.21 | alpha 2.208 | complete
Ep 795 | 드론3 목적지76 | 1000스텝 | 배송 58/76 | 재적재 11 | 중계율 0.22 | alpha 2.202 | step_limit
Ep 796 | 드론3 목적지65 | 1000스텝 | 배송 60/65 | 재적재 11 | 중계율 0.20 | alpha 2.225 | step_limit
Ep 797 | 드론4 목적지72 |  966스텝 | 배송 72/72 | 재적재 13 | 중계율 0.20 | alpha 2.215 | complete
Ep 798 | 드론4 목적지54 |  874스텝 | 배송 54/54 | 재적재 10 | 중계율 0.25 | alpha 2.204 | complete
Ep 799 | 드론3 목적지35 | 1000스텝 | 배송 34/35 | 재적재  6 | 중계율 0.24 | alpha 2.233 | step_limit
Ep 800 | 드론3 목적지78 | 1000스텝 | 배송 57/78 | 재적재 11 | 중계율 0.21 | alpha 2.236 | step_limit
  [홀드아웃] 배송 50.0±0.0 완주 1.00 스텝 1032 점수 126.2 재적재 8.3 2홉+ 0.61 | 최고 126.9@ep600 정체 4/15
Ep 801 | 드론3 목적지21 |  509스텝 | 배송 21/21 | 재적재  3 | 중계율 0.14 | alpha 2.238 | complete
Ep 802 | 드론4 목적지22 |  333스텝 | 배송 22/22 | 재적재  2 | 중계율 0.21 | alpha 2.251 | complete
Ep 803 | 드론4 목적지57 |  887스텝 | 배송 57/57 | 재적재 10 | 중계율 0.17 | alpha 2.232 | complete
Ep 804 | 드론3 목적지60 | 1000스텝 | 배송 58/60 | 재적재 10 | 중계율 0.16 | alpha 2.245 | step_limit
Ep 805 | 드론4 목적지34 |  632스텝 | 배송 34/34 | 재적재  5 | 중계율 0.13 | alpha 2.244 | complete
Ep 806 | 드론3 목적지59 | 1000스텝 | 배송 54/59 | 재적재  9 | 중계율 0.22 | alpha 2.238 | step_limit
Ep 807 | 드론4 목적지22 |  548스텝 | 배송 22/22 | 재적재  4 | 중계율 0.19 | alpha 2.214 | complete
Ep 808 | 드론3 목적지35 |  809스텝 | 배송 35/35 | 재적재  5 | 중계율 0.25 | alpha 2.190 | complete
Ep 809 | 드론3 목적지38 |  884스텝 | 배송 38/38 | 재적재  6 | 중계율 0.28 | alpha 2.212 | complete
Ep 810 | 드론4 목적지47 |  960스텝 | 배송 47/47 | 재적재  9 | 중계율 0.26 | alpha 2.229 | complete
Ep 811 | 드론3 목적지70 | 1000스텝 | 배송 47/70 | 재적재  9 | 중계율 0.25 | alpha 2.204 | step_limit
Ep 812 | 드론3 목적지40 |  939스텝 | 배송 40/40 | 재적재  6 | 중계율 0.22 | alpha 2.206 | complete
Ep 813 | 드론3 목적지55 | 1000스텝 | 배송 48/55 | 재적재  9 | 중계율 0.23 | alpha 2.259 | step_limit
Ep 814 | 드론3 목적지38 |  644스텝 | 배송 38/38 | 재적재  6 | 중계율 0.14 | alpha 2.235 | complete
Ep 815 | 드론3 목적지75 | 1000스텝 | 배송 60/75 | 재적재 10 | 중계율 0.22 | alpha 2.250 | step_limit
Ep 816 | 드론4 목적지57 |  824스텝 | 배송 57/57 | 재적재 10 | 중계율 0.19 | alpha 2.240 | complete
Ep 817 | 드론3 목적지58 | 1000스텝 | 배송 51/58 | 재적재  9 | 중계율 0.20 | alpha 2.208 | step_limit
Ep 818 | 드론4 목적지21 |  746스텝 | 배송 21/21 | 재적재  2 | 중계율 0.32 | alpha 2.224 | complete
Ep 819 | 드론3 목적지70 | 1000스텝 | 배송 63/70 | 재적재 12 | 중계율 0.16 | alpha 2.227 | step_limit
Ep 820 | 드론4 목적지26 |  604스텝 | 배송 26/26 | 재적재  2 | 중계율 0.28 | alpha 2.223 | complete
Ep 821 | 드론4 목적지27 |  537스텝 | 배송 27/27 | 재적재  3 | 중계율 0.19 | alpha 2.221 | complete
Ep 822 | 드론4 목적지61 | 1000스텝 | 배송 57/61 | 재적재  9 | 중계율 0.21 | alpha 2.227 | step_limit
Ep 823 | 드론4 목적지77 | 1000스텝 | 배송 66/77 | 재적재 12 | 중계율 0.24 | alpha 2.296 | step_limit
Ep 824 | 드론3 목적지38 |  763스텝 | 배송 38/38 | 재적재  6 | 중계율 0.14 | alpha 2.292 | complete
Ep 825 | 드론3 목적지63 |  976스텝 | 배송 63/63 | 재적재 11 | 중계율 0.11 | alpha 2.314 | complete
Ep 826 | 드론4 목적지44 | 1000스텝 | 배송 41/44 | 재적재  8 | 중계율 0.23 | alpha 2.324 | step_limit
Ep 827 | 드론4 목적지51 | 1000스텝 | 배송 43/51 | 재적재  8 | 중계율 0.22 | alpha 2.307 | step_limit
Ep 828 | 드론3 목적지41 | 1000스텝 | 배송 40/41 | 재적재  7 | 중계율 0.25 | alpha 2.308 | step_limit
Ep 829 | 드론3 목적지22 |  395스텝 | 배송 22/22 | 재적재  3 | 중계율 0.17 | alpha 2.292 | complete
Ep 830 | 드론3 목적지48 | 1000스텝 | 배송 46/48 | 재적재  9 | 중계율 0.17 | alpha 2.290 | step_limit
Ep 831 | 드론3 목적지61 | 1000스텝 | 배송 49/61 | 재적재  9 | 중계율 0.22 | alpha 2.334 | step_limit
Ep 832 | 드론3 목적지66 | 1000스텝 | 배송 60/66 | 재적재 10 | 중계율 0.20 | alpha 2.344 | step_limit
Ep 833 | 드론3 목적지26 |  445스텝 | 배송 26/26 | 재적재  4 | 중계율 0.09 | alpha 2.349 | complete
Ep 834 | 드론4 목적지25 |  696스텝 | 배송 25/25 | 재적재  3 | 중계율 0.28 | alpha 2.363 | complete
Ep 835 | 드론3 목적지78 | 1000스텝 | 배송 62/78 | 재적재 10 | 중계율 0.20 | alpha 2.319 | step_limit
Ep 836 | 드론4 목적지22 |  481스텝 | 배송 22/22 | 재적재  2 | 중계율 0.23 | alpha 2.306 | complete
Ep 837 | 드론3 목적지74 | 1000스텝 | 배송 50/74 | 재적재  9 | 중계율 0.23 | alpha 2.282 | step_limit
Ep 838 | 드론4 목적지46 |  756스텝 | 배송 46/46 | 재적재  8 | 중계율 0.23 | alpha 2.276 | complete
Ep 839 | 드론3 목적지47 | 1000스텝 | 배송 44/47 | 재적재  6 | 중계율 0.24 | alpha 2.300 | step_limit
Ep 840 | 드론4 목적지31 |  622스텝 | 배송 31/31 | 재적재  5 | 중계율 0.20 | alpha 2.310 | complete
Ep 841 | 드론3 목적지52 | 1000스텝 | 배송 46/52 | 재적재  8 | 중계율 0.27 | alpha 2.281 | step_limit
Ep 842 | 드론3 목적지30 |  506스텝 | 배송 30/30 | 재적재  5 | 중계율 0.15 | alpha 2.294 | complete
Ep 843 | 드론4 목적지75 | 1000스텝 | 배송 67/75 | 재적재 12 | 중계율 0.23 | alpha 2.323 | step_limit
Ep 844 | 드론4 목적지28 |  689스텝 | 배송 28/28 | 재적재  4 | 중계율 0.24 | alpha 2.356 | complete
Ep 845 | 드론3 목적지44 |  966스텝 | 배송 44/44 | 재적재  8 | 중계율 0.20 | alpha 2.361 | complete
Ep 846 | 드론3 목적지31 |  596스텝 | 배송 31/31 | 재적재  4 | 중계율 0.16 | alpha 2.339 | complete
Ep 847 | 드론4 목적지45 |  739스텝 | 배송 45/45 | 재적재  8 | 중계율 0.21 | alpha 2.345 | complete
Ep 848 | 드론3 목적지44 | 1000스텝 | 배송 41/44 | 재적재  7 | 중계율 0.22 | alpha 2.311 | step_limit
Ep 849 | 드론3 목적지49 | 1000스텝 | 배송 46/49 | 재적재  8 | 중계율 0.19 | alpha 2.344 | step_limit
Ep 850 | 드론3 목적지47 | 1000스텝 | 배송 46/47 | 재적재  8 | 중계율 0.25 | alpha 2.373 | step_limit
  [홀드아웃] 배송 49.9±0.7 완주 0.99 스텝 1020 점수 125.1 재적재 8.4 2홉+ 0.61 | 최고 126.9@ep600 정체 5/15
Ep 851 | 드론4 목적지30 |  578스텝 | 배송 30/30 | 재적재  4 | 중계율 0.23 | alpha 2.390 | complete
Ep 852 | 드론4 목적지65 |  920스텝 | 배송 65/65 | 재적재 11 | 중계율 0.20 | alpha 2.340 | complete
Ep 853 | 드론3 목적지45 |  963스텝 | 배송 45/45 | 재적재  8 | 중계율 0.22 | alpha 2.318 | complete
Ep 854 | 드론4 목적지23 |  580스텝 | 배송 23/23 | 재적재  3 | 중계율 0.21 | alpha 2.311 | complete
Ep 855 | 드론4 목적지49 | 1000스텝 | 배송 44/49 | 재적재  8 | 중계율 0.22 | alpha 2.361 | step_limit
Ep 856 | 드론3 목적지28 |  795스텝 | 배송 28/28 | 재적재  5 | 중계율 0.27 | alpha 2.349 | complete
Ep 857 | 드론3 목적지38 |  806스텝 | 배송 38/38 | 재적재  6 | 중계율 0.15 | alpha 2.368 | complete
Ep 858 | 드론4 목적지70 | 1000스텝 | 배송 69/70 | 재적재 11 | 중계율 0.17 | alpha 2.368 | step_limit
Ep 859 | 드론4 목적지27 |  821스텝 | 배송 27/27 | 재적재  4 | 중계율 0.25 | alpha 2.349 | complete
Ep 860 | 드론4 목적지30 |  616스텝 | 배송 30/30 | 재적재  4 | 중계율 0.25 | alpha 2.356 | complete
Ep 861 | 드론3 목적지39 |  987스텝 | 배송 39/39 | 재적재  7 | 중계율 0.20 | alpha 2.339 | complete
Ep 862 | 드론4 목적지50 |  543스텝 | 배송 50/50 | 재적재  9 | 중계율 0.12 | alpha 2.314 | complete
Ep 863 | 드론4 목적지30 |  781스텝 | 배송 30/30 | 재적재  3 | 중계율 0.29 | alpha 2.321 | complete
Ep 864 | 드론4 목적지38 |  867스텝 | 배송 38/38 | 재적재  6 | 중계율 0.22 | alpha 2.351 | complete
Ep 865 | 드론4 목적지56 |  818스텝 | 배송 56/56 | 재적재  9 | 중계율 0.23 | alpha 2.358 | complete
Ep 866 | 드론3 목적지70 | 1000스텝 | 배송 59/70 | 재적재 10 | 중계율 0.18 | alpha 2.367 | step_limit
Ep 867 | 드론3 목적지48 | 1000스텝 | 배송 46/48 | 재적재  8 | 중계율 0.24 | alpha 2.341 | step_limit
Ep 868 | 드론4 목적지37 |  411스텝 | 배송 37/37 | 재적재  5 | 중계율 0.15 | alpha 2.352 | complete
Ep 869 | 드론4 목적지46 | 1000스텝 | 배송 45/46 | 재적재  8 | 중계율 0.20 | alpha 2.340 | step_limit
Ep 870 | 드론3 목적지47 | 1000스텝 | 배송 43/47 | 재적재  8 | 중계율 0.19 | alpha 2.327 | step_limit
Ep 871 | 드론3 목적지44 |  943스텝 | 배송 44/44 | 재적재  8 | 중계율 0.21 | alpha 2.318 | complete
Ep 872 | 드론3 목적지57 | 1000스텝 | 배송 49/57 | 재적재  9 | 중계율 0.16 | alpha 2.333 | step_limit
Ep 873 | 드론4 목적지30 |  751스텝 | 배송 30/30 | 재적재  3 | 중계율 0.26 | alpha 2.354 | complete
Ep 874 | 드론3 목적지20 |  317스텝 | 배송 20/20 | 재적재  2 | 중계율 0.12 | alpha 2.352 | complete
Ep 875 | 드론4 목적지43 |  647스텝 | 배송 43/43 | 재적재  6 | 중계율 0.15 | alpha 2.317 | complete
Ep 876 | 드론4 목적지23 |  520스텝 | 배송 23/23 | 재적재  3 | 중계율 0.22 | alpha 2.328 | complete
Ep 877 | 드론3 목적지65 | 1000스텝 | 배송 56/65 | 재적재 10 | 중계율 0.27 | alpha 2.348 | step_limit
Ep 878 | 드론3 목적지65 | 1000스텝 | 배송 57/65 | 재적재 11 | 중계율 0.21 | alpha 2.346 | step_limit
Ep 879 | 드론4 목적지28 |  551스텝 | 배송 28/28 | 재적재  4 | 중계율 0.21 | alpha 2.376 | complete
Ep 880 | 드론4 목적지41 |  519스텝 | 배송 41/41 | 재적재  7 | 중계율 0.09 | alpha 2.356 | complete
Ep 881 | 드론3 목적지59 |  947스텝 | 배송 59/59 | 재적재 11 | 중계율 0.16 | alpha 2.359 | complete
Ep 882 | 드론3 목적지46 |  971스텝 | 배송 46/46 | 재적재  8 | 중계율 0.21 | alpha 2.389 | complete
Ep 883 | 드론4 목적지67 | 1000스텝 | 배송 66/67 | 재적재 13 | 중계율 0.26 | alpha 2.361 | step_limit
Ep 884 | 드론3 목적지49 |  950스텝 | 배송 49/49 | 재적재  9 | 중계율 0.22 | alpha 2.394 | complete
Ep 885 | 드론3 목적지51 | 1000스텝 | 배송 45/51 | 재적재  7 | 중계율 0.29 | alpha 2.368 | step_limit
Ep 886 | 드론3 목적지36 |  838스텝 | 배송 36/36 | 재적재  6 | 중계율 0.23 | alpha 2.377 | complete
Ep 887 | 드론4 목적지36 |  537스텝 | 배송 36/36 | 재적재  6 | 중계율 0.16 | alpha 2.386 | complete
Ep 888 | 드론3 목적지48 |  984스텝 | 배송 48/48 | 재적재  9 | 중계율 0.22 | alpha 2.385 | complete
Ep 889 | 드론4 목적지22 |  723스텝 | 배송 22/22 | 재적재  3 | 중계율 0.31 | alpha 2.401 | complete
Ep 890 | 드론3 목적지60 | 1000스텝 | 배송 51/60 | 재적재  8 | 중계율 0.23 | alpha 2.400 | step_limit
Ep 891 | 드론4 목적지80 | 1000스텝 | 배송 76/80 | 재적재 14 | 중계율 0.21 | alpha 2.380 | step_limit
Ep 892 | 드론3 목적지73 | 1000스텝 | 배송 61/73 | 재적재 12 | 중계율 0.16 | alpha 2.377 | step_limit
Ep 893 | 드론3 목적지30 |  889스텝 | 배송 30/30 | 재적재  5 | 중계율 0.24 | alpha 2.409 | complete
Ep 894 | 드론3 목적지63 | 1000스텝 | 배송 52/63 | 재적재  8 | 중계율 0.22 | alpha 2.403 | step_limit
Ep 895 | 드론4 목적지28 |  361스텝 | 배송 28/28 | 재적재  3 | 중계율 0.16 | alpha 2.388 | complete
Ep 896 | 드론3 목적지39 |  792스텝 | 배송 39/39 | 재적재  7 | 중계율 0.25 | alpha 2.382 | complete
Ep 897 | 드론4 목적지53 | 1000스텝 | 배송 46/53 | 재적재  8 | 중계율 0.26 | alpha 2.361 | step_limit
Ep 898 | 드론3 목적지66 | 1000스텝 | 배송 54/66 | 재적재  9 | 중계율 0.25 | alpha 2.355 | step_limit
Ep 899 | 드론3 목적지33 |  777스텝 | 배송 33/33 | 재적재  5 | 중계율 0.24 | alpha 2.363 | complete
Ep 900 | 드론4 목적지43 |  814스텝 | 배송 43/43 | 재적재  7 | 중계율 0.20 | alpha 2.390 | complete
  [홀드아웃] 배송 50.0±0.0 완주 1.00 스텝 1054 점수 126.0 재적재 8.4 2홉+ 0.61 | 최고 126.9@ep600 정체 6/15
Ep 901 | 드론4 목적지59 |  889스텝 | 배송 59/59 | 재적재 10 | 중계율 0.24 | alpha 2.412 | complete
Ep 902 | 드론3 목적지29 |  983스텝 | 배송 29/29 | 재적재  5 | 중계율 0.31 | alpha 2.411 | complete
Ep 903 | 드론3 목적지75 | 1000스텝 | 배송 61/75 | 재적재 11 | 중계율 0.18 | alpha 2.407 | step_limit
Ep 904 | 드론3 목적지71 | 1000스텝 | 배송 60/71 | 재적재 11 | 중계율 0.20 | alpha 2.358 | step_limit
Ep 905 | 드론4 목적지77 | 1000스텝 | 배송 69/77 | 재적재 12 | 중계율 0.18 | alpha 2.368 | step_limit
Ep 906 | 드론4 목적지73 |  840스텝 | 배송 73/73 | 재적재 14 | 중계율 0.14 | alpha 2.340 | complete
Ep 907 | 드론3 목적지79 | 1000스텝 | 배송 61/79 | 재적재 12 | 중계율 0.18 | alpha 2.330 | step_limit
Ep 908 | 드론4 목적지33 |  573스텝 | 배송 33/33 | 재적재  5 | 중계율 0.21 | alpha 2.325 | complete
Ep 909 | 드론4 목적지29 |  546스텝 | 배송 29/29 | 재적재  4 | 중계율 0.16 | alpha 2.342 | complete
Ep 910 | 드론4 목적지41 | 1000스텝 | 배송 37/41 | 재적재  6 | 중계율 0.31 | alpha 2.351 | step_limit
Ep 911 | 드론4 목적지34 |  555스텝 | 배송 34/34 | 재적재  4 | 중계율 0.17 | alpha 2.362 | complete
Ep 912 | 드론4 목적지42 | 1000스텝 | 배송 40/42 | 재적재  6 | 중계율 0.22 | alpha 2.380 | step_limit
Ep 913 | 드론4 목적지34 |  628스텝 | 배송 34/34 | 재적재  6 | 중계율 0.25 | alpha 2.370 | complete
Ep 914 | 드론3 목적지44 |  897스텝 | 배송 44/44 | 재적재  8 | 중계율 0.16 | alpha 2.403 | complete
Ep 915 | 드론3 목적지67 | 1000스텝 | 배송 50/67 | 재적재  9 | 중계율 0.20 | alpha 2.435 | step_limit
Ep 916 | 드론4 목적지34 | 1000스텝 | 배송 32/34 | 재적재  5 | 중계율 0.29 | alpha 2.442 | step_limit
Ep 917 | 드론4 목적지52 |  835스텝 | 배송 52/52 | 재적재  9 | 중계율 0.15 | alpha 2.398 | complete
Ep 918 | 드론3 목적지45 |  971스텝 | 배송 45/45 | 재적재  8 | 중계율 0.20 | alpha 2.412 | complete
Ep 919 | 드론4 목적지39 |  836스텝 | 배송 39/39 | 재적재  6 | 중계율 0.26 | alpha 2.395 | complete
Ep 920 | 드론4 목적지58 |  969스텝 | 배송 58/58 | 재적재 10 | 중계율 0.17 | alpha 2.368 | complete
Ep 921 | 드론3 목적지40 |  923스텝 | 배송 40/40 | 재적재  7 | 중계율 0.20 | alpha 2.407 | complete
Ep 922 | 드론4 목적지77 | 1000스텝 | 배송 72/77 | 재적재 14 | 중계율 0.15 | alpha 2.387 | step_limit
Ep 923 | 드론4 목적지76 | 1000스텝 | 배송 65/76 | 재적재 10 | 중계율 0.21 | alpha 2.402 | step_limit
Ep 924 | 드론4 목적지72 | 1000스텝 | 배송 69/72 | 재적재 12 | 중계율 0.22 | alpha 2.401 | step_limit
Ep 925 | 드론4 목적지36 |  521스텝 | 배송 36/36 | 재적재  4 | 중계율 0.19 | alpha 2.399 | complete
Ep 926 | 드론4 목적지56 |  849스텝 | 배송 56/56 | 재적재  8 | 중계율 0.22 | alpha 2.418 | complete
Ep 927 | 드론4 목적지21 |  293스텝 | 배송 21/21 | 재적재  4 | 중계율 0.17 | alpha 2.406 | complete
Ep 928 | 드론3 목적지59 |  955스텝 | 배송 59/59 | 재적재 10 | 중계율 0.19 | alpha 2.404 | complete
Ep 929 | 드론4 목적지25 |  557스텝 | 배송 25/25 | 재적재  3 | 중계율 0.28 | alpha 2.400 | complete
Ep 930 | 드론3 목적지28 |  714스텝 | 배송 28/28 | 재적재  4 | 중계율 0.18 | alpha 2.378 | complete
Ep 931 | 드론4 목적지70 | 1000스텝 | 배송 69/70 | 재적재 11 | 중계율 0.22 | alpha 2.378 | step_limit
Ep 932 | 드론3 목적지75 | 1000스텝 | 배송 58/75 | 재적재  9 | 중계율 0.20 | alpha 2.367 | step_limit
Ep 933 | 드론3 목적지31 |  822스텝 | 배송 31/31 | 재적재  5 | 중계율 0.28 | alpha 2.355 | complete
Ep 934 | 드론3 목적지28 |  505스텝 | 배송 28/28 | 재적재  5 | 중계율 0.17 | alpha 2.345 | complete
Ep 935 | 드론3 목적지36 |  995스텝 | 배송 36/36 | 재적재  6 | 중계율 0.16 | alpha 2.334 | complete
Ep 936 | 드론3 목적지20 |  392스텝 | 배송 20/20 | 재적재  2 | 중계율 0.24 | alpha 2.372 | complete
Ep 937 | 드론3 목적지28 |  615스텝 | 배송 28/28 | 재적재  5 | 중계율 0.19 | alpha 2.381 | complete
Ep 938 | 드론4 목적지73 | 1000스텝 | 배송 49/73 | 재적재  8 | 중계율 0.28 | alpha 2.379 | step_limit
Ep 939 | 드론3 목적지75 | 1000스텝 | 배송 56/75 | 재적재 11 | 중계율 0.21 | alpha 2.411 | step_limit
Ep 940 | 드론4 목적지64 |  918스텝 | 배송 64/64 | 재적재 11 | 중계율 0.16 | alpha 2.403 | complete
Ep 941 | 드론3 목적지37 |  714스텝 | 배송 37/37 | 재적재  6 | 중계율 0.19 | alpha 2.410 | complete
Ep 942 | 드론4 목적지57 |  983스텝 | 배송 57/57 | 재적재 11 | 중계율 0.21 | alpha 2.457 | complete
Ep 943 | 드론3 목적지69 | 1000스텝 | 배송 61/69 | 재적재 12 | 중계율 0.19 | alpha 2.463 | step_limit
Ep 944 | 드론4 목적지73 | 1000스텝 | 배송 58/73 | 재적재 10 | 중계율 0.28 | alpha 2.432 | step_limit
Ep 945 | 드론4 목적지49 |  815스텝 | 배송 49/49 | 재적재  9 | 중계율 0.23 | alpha 2.423 | complete
Ep 946 | 드론3 목적지29 |  419스텝 | 배송 29/29 | 재적재  5 | 중계율 0.17 | alpha 2.400 | complete
Ep 947 | 드론3 목적지73 | 1000스텝 | 배송 55/73 | 재적재  9 | 중계율 0.22 | alpha 2.419 | step_limit
Ep 948 | 드론4 목적지57 | 1000스텝 | 배송 53/57 | 재적재  8 | 중계율 0.35 | alpha 2.416 | step_limit
Ep 949 | 드론3 목적지24 |  536스텝 | 배송 24/24 | 재적재  3 | 중계율 0.21 | alpha 2.408 | complete
Ep 950 | 드론3 목적지26 |  654스텝 | 배송 26/26 | 재적재  4 | 중계율 0.25 | alpha 2.391 | complete
  [홀드아웃] 배송 50.0±0.1 완주 0.99 스텝 1015 점수 125.2 재적재 8.4 2홉+ 0.61 | 최고 126.9@ep600 정체 7/15
Ep 951 | 드론4 목적지20 |  420스텝 | 배송 20/20 | 재적재  3 | 중계율 0.11 | alpha 2.425 | complete
Ep 952 | 드론4 목적지28 |  696스텝 | 배송 28/28 | 재적재  4 | 중계율 0.22 | alpha 2.440 | complete
Ep 953 | 드론3 목적지42 | 1000스텝 | 배송 40/42 | 재적재  8 | 중계율 0.24 | alpha 2.439 | step_limit
Ep 954 | 드론3 목적지30 |  621스텝 | 배송 30/30 | 재적재  4 | 중계율 0.24 | alpha 2.407 | complete
Ep 955 | 드론4 목적지38 |  531스텝 | 배송 38/38 | 재적재  7 | 중계율 0.13 | alpha 2.393 | complete
Ep 956 | 드론3 목적지33 |  598스텝 | 배송 33/33 | 재적재  5 | 중계율 0.21 | alpha 2.394 | complete
Ep 957 | 드론3 목적지42 | 1000스텝 | 배송 38/42 | 재적재  7 | 중계율 0.27 | alpha 2.398 | step_limit
Ep 958 | 드론4 목적지34 |  662스텝 | 배송 34/34 | 재적재  5 | 중계율 0.19 | alpha 2.414 | complete
Ep 959 | 드론3 목적지80 | 1000스텝 | 배송 59/80 | 재적재 10 | 중계율 0.18 | alpha 2.449 | step_limit
Ep 960 | 드론4 목적지66 |  742스텝 | 배송 66/66 | 재적재 11 | 중계율 0.18 | alpha 2.446 | complete
Ep 961 | 드론3 목적지70 | 1000스텝 | 배송 53/70 | 재적재  9 | 중계율 0.27 | alpha 2.423 | step_limit
Ep 962 | 드론3 목적지47 | 1000스텝 | 배송 43/47 | 재적재  8 | 중계율 0.21 | alpha 2.444 | step_limit
Ep 963 | 드론4 목적지27 |  601스텝 | 배송 27/27 | 재적재  3 | 중계율 0.25 | alpha 2.449 | complete
Ep 964 | 드론4 목적지65 |  767스텝 | 배송 65/65 | 재적재 11 | 중계율 0.17 | alpha 2.453 | complete
Ep 965 | 드론3 목적지22 |  730스텝 | 배송 22/22 | 재적재  4 | 중계율 0.26 | alpha 2.451 | complete
Ep 966 | 드론3 목적지28 |  633스텝 | 배송 28/28 | 재적재  5 | 중계율 0.26 | alpha 2.472 | complete
Ep 967 | 드론4 목적지73 | 1000스텝 | 배송 72/73 | 재적재 13 | 중계율 0.15 | alpha 2.446 | step_limit
Ep 968 | 드론4 목적지62 | 1000스텝 | 배송 55/62 | 재적재 10 | 중계율 0.16 | alpha 2.391 | step_limit
Ep 969 | 드론4 목적지55 |  719스텝 | 배송 55/55 | 재적재 10 | 중계율 0.16 | alpha 2.395 | complete
Ep 970 | 드론4 목적지46 |  537스텝 | 배송 46/46 | 재적재  7 | 중계율 0.13 | alpha 2.434 | complete
Ep 971 | 드론4 목적지34 | 1000스텝 | 배송 33/34 | 재적재  5 | 중계율 0.28 | alpha 2.421 | step_limit
Ep 972 | 드론3 목적지78 | 1000스텝 | 배송 61/78 | 재적재 11 | 중계율 0.16 | alpha 2.438 | step_limit
Ep 973 | 드론3 목적지78 | 1000스텝 | 배송 67/78 | 재적재 12 | 중계율 0.16 | alpha 2.460 | step_limit
Ep 974 | 드론3 목적지60 | 1000스텝 | 배송 46/60 | 재적재  8 | 중계율 0.23 | alpha 2.466 | step_limit
Ep 975 | 드론4 목적지52 |  720스텝 | 배송 52/52 | 재적재  9 | 중계율 0.17 | alpha 2.467 | complete
Ep 976 | 드론4 목적지53 |  620스텝 | 배송 53/53 | 재적재  9 | 중계율 0.16 | alpha 2.465 | complete
Ep 977 | 드론4 목적지30 |  405스텝 | 배송 30/30 | 재적재  4 | 중계율 0.10 | alpha 2.457 | complete
Ep 978 | 드론4 목적지45 |  817스텝 | 배송 45/45 | 재적재  7 | 중계율 0.21 | alpha 2.458 | complete
Ep 979 | 드론4 목적지34 |  812스텝 | 배송 34/34 | 재적재  5 | 중계율 0.32 | alpha 2.428 | complete
Ep 980 | 드론3 목적지55 | 1000스텝 | 배송 44/55 | 재적재  7 | 중계율 0.24 | alpha 2.445 | step_limit
Ep 981 | 드론4 목적지49 | 1000스텝 | 배송 46/49 | 재적재  7 | 중계율 0.27 | alpha 2.440 | step_limit
Ep 982 | 드론3 목적지26 |  531스텝 | 배송 26/26 | 재적재  4 | 중계율 0.15 | alpha 2.440 | complete
Ep 983 | 드론4 목적지39 |  688스텝 | 배송 39/39 | 재적재  7 | 중계율 0.23 | alpha 2.450 | complete
Ep 984 | 드론4 목적지20 |  429스텝 | 배송 20/20 | 재적재  2 | 중계율 0.26 | alpha 2.448 | complete
Ep 985 | 드론4 목적지29 |  481스텝 | 배송 29/29 | 재적재  4 | 중계율 0.28 | alpha 2.437 | complete
Ep 986 | 드론4 목적지59 | 1000스텝 | 배송 58/59 | 재적재  9 | 중계율 0.21 | alpha 2.379 | step_limit
Ep 987 | 드론3 목적지74 | 1000스텝 | 배송 58/74 | 재적재 11 | 중계율 0.16 | alpha 2.391 | step_limit
Ep 988 | 드론4 목적지70 |  835스텝 | 배송 70/70 | 재적재 12 | 중계율 0.18 | alpha 2.373 | complete
Ep 989 | 드론4 목적지34 |  739스텝 | 배송 34/34 | 재적재  5 | 중계율 0.18 | alpha 2.390 | complete
Ep 990 | 드론4 목적지28 |  544스텝 | 배송 28/28 | 재적재  4 | 중계율 0.21 | alpha 2.379 | complete
Ep 991 | 드론4 목적지76 | 1000스텝 | 배송 68/76 | 재적재 12 | 중계율 0.20 | alpha 2.405 | step_limit
Ep 992 | 드론3 목적지40 | 1000스텝 | 배송 36/40 | 재적재  6 | 중계율 0.24 | alpha 2.423 | step_limit
Ep 993 | 드론4 목적지61 |  777스텝 | 배송 61/61 | 재적재 10 | 중계율 0.17 | alpha 2.417 | complete
Ep 994 | 드론3 목적지49 | 1000스텝 | 배송 40/49 | 재적재  7 | 중계율 0.24 | alpha 2.436 | step_limit
Ep 995 | 드론4 목적지33 |  425스텝 | 배송 33/33 | 재적재  4 | 중계율 0.20 | alpha 2.437 | complete
Ep 996 | 드론3 목적지23 |  683스텝 | 배송 23/23 | 재적재  4 | 중계율 0.28 | alpha 2.447 | complete
Ep 997 | 드론4 목적지46 |  947스텝 | 배송 46/46 | 재적재  8 | 중계율 0.28 | alpha 2.434 | complete
Ep 998 | 드론4 목적지53 |  852스텝 | 배송 53/53 | 재적재  9 | 중계율 0.25 | alpha 2.428 | complete
Ep 999 | 드론3 목적지52 | 1000스텝 | 배송 47/52 | 재적재  8 | 중계율 0.18 | alpha 2.445 | step_limit
Ep 1000 | 드론3 목적지78 | 1000스텝 | 배송 53/78 | 재적재  9 | 중계율 0.20 | alpha 2.455 | step_limit
  [홀드아웃] 배송 49.9±0.8 완주 0.97 스텝 1042 점수 123.6 재적재 8.3 2홉+ 0.61 | 최고 126.9@ep600 정체 8/15
Ep 1001 | 드론3 목적지65 | 1000스텝 | 배송 54/65 | 재적재  9 | 중계율 0.22 | alpha 2.411 | step_limit
Ep 1002 | 드론3 목적지51 | 1000스텝 | 배송 49/51 | 재적재  9 | 중계율 0.17 | alpha 2.455 | step_limit
Ep 1003 | 드론4 목적지23 |  452스텝 | 배송 23/23 | 재적재  3 | 중계율 0.14 | alpha 2.429 | complete
Ep 1004 | 드론3 목적지73 | 1000스텝 | 배송 59/73 | 재적재 11 | 중계율 0.17 | alpha 2.426 | step_limit
Ep 1005 | 드론3 목적지31 |  785스텝 | 배송 31/31 | 재적재  5 | 중계율 0.26 | alpha 2.441 | complete
Ep 1006 | 드론3 목적지54 | 1000스텝 | 배송 51/54 | 재적재  8 | 중계율 0.21 | alpha 2.465 | step_limit
Ep 1007 | 드론3 목적지61 | 1000스텝 | 배송 56/61 | 재적재 11 | 중계율 0.17 | alpha 2.493 | step_limit
Ep 1008 | 드론3 목적지56 | 1000스텝 | 배송 49/56 | 재적재  8 | 중계율 0.24 | alpha 2.508 | step_limit
Ep 1009 | 드론3 목적지65 | 1000스텝 | 배송 57/65 | 재적재  9 | 중계율 0.21 | alpha 2.507 | step_limit
Ep 1010 | 드론3 목적지64 | 1000스텝 | 배송 51/64 | 재적재 10 | 중계율 0.17 | alpha 2.495 | step_limit
Ep 1011 | 드론3 목적지48 |  862스텝 | 배송 48/48 | 재적재  8 | 중계율 0.20 | alpha 2.502 | complete
Ep 1012 | 드론4 목적지77 |  862스텝 | 배송 77/77 | 재적재 15 | 중계율 0.14 | alpha 2.463 | complete
Ep 1013 | 드론4 목적지30 |  712스텝 | 배송 30/30 | 재적재  4 | 중계율 0.30 | alpha 2.432 | complete
Ep 1014 | 드론4 목적지73 |  948스텝 | 배송 73/73 | 재적재 13 | 중계율 0.13 | alpha 2.468 | complete
Ep 1015 | 드론4 목적지80 |  859스텝 | 배송 80/80 | 재적재 15 | 중계율 0.15 | alpha 2.476 | complete
Ep 1016 | 드론3 목적지35 |  849스텝 | 배송 35/35 | 재적재  6 | 중계율 0.22 | alpha 2.498 | complete
Ep 1017 | 드론3 목적지52 | 1000스텝 | 배송 43/52 | 재적재  8 | 중계율 0.22 | alpha 2.529 | step_limit
Ep 1018 | 드론4 목적지25 |  653스텝 | 배송 25/25 | 재적재  4 | 중계율 0.23 | alpha 2.525 | complete
Ep 1019 | 드론4 목적지59 |  833스텝 | 배송 59/59 | 재적재 10 | 중계율 0.12 | alpha 2.503 | complete
Ep 1020 | 드론3 목적지57 | 1000스텝 | 배송 51/57 | 재적재  9 | 중계율 0.14 | alpha 2.490 | step_limit
Ep 1021 | 드론3 목적지78 | 1000스텝 | 배송 61/78 | 재적재 11 | 중계율 0.15 | alpha 2.489 | step_limit
Ep 1022 | 드론3 목적지68 | 1000스텝 | 배송 57/68 | 재적재 10 | 중계율 0.17 | alpha 2.541 | step_limit
Ep 1023 | 드론3 목적지33 |  920스텝 | 배송 33/33 | 재적재  6 | 중계율 0.28 | alpha 2.557 | complete
Ep 1024 | 드론3 목적지77 | 1000스텝 | 배송 62/77 | 재적재 11 | 중계율 0.18 | alpha 2.566 | step_limit
Ep 1025 | 드론4 목적지23 |  526스텝 | 배송 23/23 | 재적재  3 | 중계율 0.19 | alpha 2.571 | complete
Ep 1026 | 드론4 목적지21 |  418스텝 | 배송 21/21 | 재적재  3 | 중계율 0.12 | alpha 2.550 | complete
Ep 1027 | 드론3 목적지35 |  983스텝 | 배송 35/35 | 재적재  6 | 중계율 0.24 | alpha 2.594 | complete
Ep 1028 | 드론4 목적지41 |  581스텝 | 배송 41/41 | 재적재  7 | 중계율 0.19 | alpha 2.562 | complete
Ep 1029 | 드론4 목적지21 |  373스텝 | 배송 21/21 | 재적재  2 | 중계율 0.21 | alpha 2.552 | complete
Ep 1030 | 드론3 목적지54 | 1000스텝 | 배송 46/54 | 재적재  8 | 중계율 0.23 | alpha 2.535 | step_limit
Ep 1031 | 드론3 목적지72 | 1000스텝 | 배송 47/72 | 재적재  8 | 중계율 0.19 | alpha 2.520 | step_limit
Ep 1032 | 드론4 목적지48 |  808스텝 | 배송 48/48 | 재적재  9 | 중계율 0.22 | alpha 2.518 | complete
Ep 1033 | 드론3 목적지32 |  775스텝 | 배송 32/32 | 재적재  5 | 중계율 0.16 | alpha 2.522 | complete
Ep 1034 | 드론3 목적지21 |  629스텝 | 배송 21/21 | 재적재  3 | 중계율 0.25 | alpha 2.544 | complete
Ep 1035 | 드론3 목적지57 | 1000스텝 | 배송 53/57 | 재적재 10 | 중계율 0.21 | alpha 2.556 | step_limit
Ep 1036 | 드론3 목적지56 |  984스텝 | 배송 56/56 | 재적재 10 | 중계율 0.22 | alpha 2.512 | complete
Ep 1037 | 드론3 목적지53 | 1000스텝 | 배송 48/53 | 재적재  7 | 중계율 0.27 | alpha 2.495 | step_limit
Ep 1038 | 드론4 목적지29 |  589스텝 | 배송 29/29 | 재적재  5 | 중계율 0.18 | alpha 2.482 | complete
Ep 1039 | 드론3 목적지45 |  914스텝 | 배송 45/45 | 재적재  8 | 중계율 0.23 | alpha 2.508 | complete
Ep 1040 | 드론3 목적지23 |  497스텝 | 배송 23/23 | 재적재  3 | 중계율 0.23 | alpha 2.516 | complete
Ep 1041 | 드론4 목적지20 |  435스텝 | 배송 20/20 | 재적재  3 | 중계율 0.17 | alpha 2.540 | complete
Ep 1042 | 드론3 목적지71 | 1000스텝 | 배송 55/71 | 재적재  9 | 중계율 0.21 | alpha 2.553 | step_limit
Ep 1043 | 드론3 목적지36 |  820스텝 | 배송 36/36 | 재적재  6 | 중계율 0.20 | alpha 2.555 | complete
Ep 1044 | 드론3 목적지46 |  794스텝 | 배송 46/46 | 재적재  8 | 중계율 0.21 | alpha 2.588 | complete
Ep 1045 | 드론3 목적지65 | 1000스텝 | 배송 49/65 | 재적재  8 | 중계율 0.24 | alpha 2.576 | step_limit
Ep 1046 | 드론4 목적지53 | 1000스텝 | 배송 50/53 | 재적재  9 | 중계율 0.19 | alpha 2.527 | step_limit
Ep 1047 | 드론4 목적지77 | 1000스텝 | 배송 70/77 | 재적재 13 | 중계율 0.15 | alpha 2.511 | step_limit
Ep 1048 | 드론4 목적지54 |  864스텝 | 배송 54/54 | 재적재 10 | 중계율 0.23 | alpha 2.542 | complete
Ep 1049 | 드론3 목적지75 | 1000스텝 | 배송 66/75 | 재적재 12 | 중계율 0.17 | alpha 2.541 | step_limit
Ep 1050 | 드론4 목적지66 |  758스텝 | 배송 66/66 | 재적재 11 | 중계율 0.15 | alpha 2.531 | complete
  [홀드아웃] 배송 50.0±0.0 완주 1.00 스텝 1026 점수 126.3 재적재 8.4 2홉+ 0.60 | 최고 126.9@ep600 정체 9/15
Ep 1051 | 드론3 목적지46 | 1000스텝 | 배송 44/46 | 재적재  7 | 중계율 0.26 | alpha 2.481 | step_limit
Ep 1052 | 드론4 목적지64 | 1000스텝 | 배송 58/64 | 재적재  9 | 중계율 0.23 | alpha 2.505 | step_limit
Ep 1053 | 드론4 목적지77 | 1000스텝 | 배송 64/77 | 재적재 11 | 중계율 0.24 | alpha 2.485 | step_limit
Ep 1054 | 드론3 목적지50 | 1000스텝 | 배송 46/50 | 재적재  8 | 중계율 0.23 | alpha 2.496 | step_limit
Ep 1055 | 드론3 목적지33 |  833스텝 | 배송 33/33 | 재적재  4 | 중계율 0.20 | alpha 2.521 | complete
Ep 1056 | 드론4 목적지55 |  958스텝 | 배송 55/55 | 재적재  9 | 중계율 0.15 | alpha 2.516 | complete
Ep 1057 | 드론4 목적지78 | 1000스텝 | 배송 64/78 | 재적재 11 | 중계율 0.23 | alpha 2.509 | step_limit
Ep 1058 | 드론3 목적지74 | 1000스텝 | 배송 66/74 | 재적재 11 | 중계율 0.12 | alpha 2.470 | step_limit
Ep 1059 | 드론4 목적지76 | 1000스텝 | 배송 75/76 | 재적재 14 | 중계율 0.20 | alpha 2.531 | step_limit
Ep 1060 | 드론3 목적지56 | 1000스텝 | 배송 47/56 | 재적재  8 | 중계율 0.26 | alpha 2.554 | step_limit
Ep 1061 | 드론4 목적지46 |  673스텝 | 배송 46/46 | 재적재  8 | 중계율 0.21 | alpha 2.561 | complete
Ep 1062 | 드론4 목적지55 |  736스텝 | 배송 55/55 | 재적재  9 | 중계율 0.17 | alpha 2.566 | complete
Ep 1063 | 드론4 목적지54 | 1000스텝 | 배송 53/54 | 재적재 10 | 중계율 0.24 | alpha 2.581 | step_limit
Ep 1064 | 드론3 목적지76 | 1000스텝 | 배송 64/76 | 재적재 12 | 중계율 0.18 | alpha 2.562 | step_limit
Ep 1065 | 드론3 목적지23 |  606스텝 | 배송 23/23 | 재적재  3 | 중계율 0.21 | alpha 2.568 | complete
Ep 1066 | 드론3 목적지37 |  812스텝 | 배송 37/37 | 재적재  6 | 중계율 0.20 | alpha 2.598 | complete
Ep 1067 | 드론3 목적지76 | 1000스텝 | 배송 59/76 | 재적재 11 | 중계율 0.19 | alpha 2.581 | step_limit
Ep 1068 | 드론4 목적지77 | 1000스텝 | 배송 69/77 | 재적재 12 | 중계율 0.20 | alpha 2.577 | step_limit
Ep 1069 | 드론4 목적지56 | 1000스텝 | 배송 55/56 | 재적재 10 | 중계율 0.24 | alpha 2.555 | step_limit
Ep 1070 | 드론4 목적지39 |  725스텝 | 배송 39/39 | 재적재  6 | 중계율 0.16 | alpha 2.574 | complete
Ep 1071 | 드론4 목적지26 |  486스텝 | 배송 26/26 | 재적재  3 | 중계율 0.26 | alpha 2.561 | complete
Ep 1072 | 드론4 목적지62 | 1000스텝 | 배송 59/62 | 재적재 11 | 중계율 0.25 | alpha 2.582 | step_limit
Ep 1073 | 드론3 목적지44 | 1000스텝 | 배송 42/44 | 재적재  8 | 중계율 0.21 | alpha 2.554 | step_limit
Ep 1074 | 드론3 목적지71 | 1000스텝 | 배송 67/71 | 재적재 12 | 중계율 0.14 | alpha 2.531 | step_limit
Ep 1075 | 드론4 목적지36 |  708스텝 | 배송 36/36 | 재적재  5 | 중계율 0.29 | alpha 2.550 | complete
Ep 1076 | 드론3 목적지53 |  868스텝 | 배송 53/53 | 재적재 10 | 중계율 0.12 | alpha 2.527 | complete
Ep 1077 | 드론3 목적지47 | 1000스텝 | 배송 45/47 | 재적재  8 | 중계율 0.18 | alpha 2.514 | step_limit
Ep 1078 | 드론4 목적지54 |  683스텝 | 배송 54/54 | 재적재 10 | 중계율 0.15 | alpha 2.535 | complete
Ep 1079 | 드론4 목적지48 | 1000스텝 | 배송 46/48 | 재적재  8 | 중계율 0.22 | alpha 2.545 | step_limit
Ep 1080 | 드론4 목적지54 |  785스텝 | 배송 54/54 | 재적재  8 | 중계율 0.12 | alpha 2.562 | complete
Ep 1081 | 드론4 목적지28 |  623스텝 | 배송 28/28 | 재적재  4 | 중계율 0.28 | alpha 2.554 | complete
Ep 1082 | 드론3 목적지37 | 1000스텝 | 배송 33/37 | 재적재  6 | 중계율 0.22 | alpha 2.556 | step_limit
Ep 1083 | 드론3 목적지25 |  517스텝 | 배송 25/25 | 재적재  4 | 중계율 0.15 | alpha 2.519 | complete
Ep 1084 | 드론4 목적지31 |  386스텝 | 배송 31/31 | 재적재  4 | 중계율 0.14 | alpha 2.529 | complete
Ep 1085 | 드론4 목적지46 | 1000스텝 | 배송 45/46 | 재적재  7 | 중계율 0.28 | alpha 2.526 | step_limit
Ep 1086 | 드론3 목적지30 |  670스텝 | 배송 30/30 | 재적재  5 | 중계율 0.27 | alpha 2.514 | complete
Ep 1087 | 드론4 목적지20 |  531스텝 | 배송 20/20 | 재적재  2 | 중계율 0.26 | alpha 2.508 | complete
Ep 1088 | 드론3 목적지55 | 1000스텝 | 배송 51/55 | 재적재  9 | 중계율 0.25 | alpha 2.505 | step_limit
Ep 1089 | 드론4 목적지45 |  965스텝 | 배송 45/45 | 재적재  7 | 중계율 0.17 | alpha 2.504 | complete
Ep 1090 | 드론4 목적지23 |  332스텝 | 배송 23/23 | 재적재  3 | 중계율 0.20 | alpha 2.505 | complete
Ep 1091 | 드론3 목적지25 |  725스텝 | 배송 25/25 | 재적재  4 | 중계율 0.15 | alpha 2.530 | complete
Ep 1092 | 드론3 목적지46 |  947스텝 | 배송 46/46 | 재적재  8 | 중계율 0.18 | alpha 2.480 | complete
Ep 1093 | 드론4 목적지61 |  948스텝 | 배송 61/61 | 재적재 10 | 중계율 0.25 | alpha 2.500 | complete
Ep 1094 | 드론4 목적지63 | 1000스텝 | 배송 60/63 | 재적재 10 | 중계율 0.21 | alpha 2.497 | step_limit
Ep 1095 | 드론3 목적지27 | 1000스텝 | 배송 26/27 | 재적재  4 | 중계율 0.24 | alpha 2.484 | step_limit
Ep 1096 | 드론3 목적지72 | 1000스텝 | 배송 51/72 | 재적재 10 | 중계율 0.26 | alpha 2.520 | step_limit
Ep 1097 | 드론4 목적지45 | 1000스텝 | 배송 43/45 | 재적재  6 | 중계율 0.25 | alpha 2.552 | step_limit
Ep 1098 | 드론4 목적지30 |  706스텝 | 배송 30/30 | 재적재  5 | 중계율 0.34 | alpha 2.562 | complete
Ep 1099 | 드론4 목적지74 | 1000스텝 | 배송 67/74 | 재적재 12 | 중계율 0.24 | alpha 2.529 | step_limit
Ep 1100 | 드론3 목적지37 |  738스텝 | 배송 37/37 | 재적재  6 | 중계율 0.18 | alpha 2.550 | complete
  [홀드아웃] 배송 50.0±0.0 완주 1.00 스텝 1025 점수 126.3 재적재 8.6 2홉+ 0.61 | 최고 126.9@ep600 정체 10/15
Ep 1101 | 드론4 목적지34 |  874스텝 | 배송 34/34 | 재적재  4 | 중계율 0.29 | alpha 2.576 | complete
Ep 1102 | 드론3 목적지40 |  908스텝 | 배송 40/40 | 재적재  7 | 중계율 0.24 | alpha 2.542 | complete
Ep 1103 | 드론4 목적지64 |  945스텝 | 배송 64/64 | 재적재 12 | 중계율 0.19 | alpha 2.570 | complete
Ep 1104 | 드론4 목적지35 |  950스텝 | 배송 35/35 | 재적재  6 | 중계율 0.26 | alpha 2.583 | complete
Ep 1105 | 드론3 목적지57 | 1000스텝 | 배송 52/57 | 재적재  9 | 중계율 0.18 | alpha 2.534 | step_limit
Ep 1106 | 드론4 목적지71 |  815스텝 | 배송 71/71 | 재적재 13 | 중계율 0.13 | alpha 2.522 | complete
Ep 1107 | 드론4 목적지71 | 1000스텝 | 배송 68/71 | 재적재 13 | 중계율 0.20 | alpha 2.535 | step_limit
Ep 1108 | 드론4 목적지48 |  595스텝 | 배송 48/48 | 재적재  8 | 중계율 0.17 | alpha 2.549 | complete
Ep 1109 | 드론3 목적지55 | 1000스텝 | 배송 50/55 | 재적재  8 | 중계율 0.16 | alpha 2.526 | step_limit
Ep 1110 | 드론3 목적지34 |  956스텝 | 배송 34/34 | 재적재  6 | 중계율 0.26 | alpha 2.520 | complete
Ep 1111 | 드론4 목적지61 | 1000스텝 | 배송 58/61 | 재적재 10 | 중계율 0.20 | alpha 2.537 | step_limit
Ep 1112 | 드론4 목적지34 |  677스텝 | 배송 34/34 | 재적재  6 | 중계율 0.29 | alpha 2.521 | complete
Ep 1113 | 드론4 목적지45 |  682스텝 | 배송 45/45 | 재적재  8 | 중계율 0.20 | alpha 2.544 | complete
Ep 1114 | 드론3 목적지76 | 1000스텝 | 배송 62/76 | 재적재 11 | 중계율 0.21 | alpha 2.588 | step_limit
Ep 1115 | 드론3 목적지29 |  603스텝 | 배송 29/29 | 재적재  4 | 중계율 0.22 | alpha 2.627 | complete
Ep 1116 | 드론3 목적지80 | 1000스텝 | 배송 65/80 | 재적재 12 | 중계율 0.19 | alpha 2.576 | step_limit
Ep 1117 | 드론3 목적지48 | 1000스텝 | 배송 44/48 | 재적재  7 | 중계율 0.25 | alpha 2.588 | step_limit
Ep 1118 | 드론4 목적지80 |  909스텝 | 배송 80/80 | 재적재 13 | 중계율 0.13 | alpha 2.613 | complete
Ep 1119 | 드론4 목적지54 | 1000스텝 | 배송 53/54 | 재적재 10 | 중계율 0.24 | alpha 2.605 | step_limit
Ep 1120 | 드론3 목적지57 | 1000스텝 | 배송 54/57 | 재적재  9 | 중계율 0.17 | alpha 2.540 | step_limit
Ep 1121 | 드론4 목적지43 | 1000스텝 | 배송 42/43 | 재적재  6 | 중계율 0.26 | alpha 2.541 | step_limit
Ep 1122 | 드론3 목적지56 | 1000스텝 | 배송 53/56 | 재적재 10 | 중계율 0.18 | alpha 2.540 | step_limit
Ep 1123 | 드론4 목적지57 |  777스텝 | 배송 57/57 | 재적재 10 | 중계율 0.19 | alpha 2.587 | complete
Ep 1124 | 드론4 목적지77 | 1000스텝 | 배송 76/77 | 재적재 14 | 중계율 0.15 | alpha 2.604 | step_limit
Ep 1125 | 드론3 목적지30 |  714스텝 | 배송 30/30 | 재적재  4 | 중계율 0.20 | alpha 2.604 | complete
Ep 1126 | 드론3 목적지48 |  995스텝 | 배송 48/48 | 재적재  8 | 중계율 0.19 | alpha 2.572 | complete
Ep 1127 | 드론4 목적지45 |  776스텝 | 배송 45/45 | 재적재  7 | 중계율 0.20 | alpha 2.565 | complete
Ep 1128 | 드론3 목적지54 | 1000스텝 | 배송 47/54 | 재적재  8 | 중계율 0.25 | alpha 2.582 | step_limit
Ep 1129 | 드론3 목적지52 |  926스텝 | 배송 52/52 | 재적재 10 | 중계율 0.20 | alpha 2.574 | complete
Ep 1130 | 드론3 목적지42 | 1000스텝 | 배송 41/42 | 재적재  7 | 중계율 0.22 | alpha 2.563 | step_limit
Ep 1131 | 드론4 목적지68 | 1000스텝 | 배송 61/68 | 재적재 10 | 중계율 0.21 | alpha 2.517 | step_limit
Ep 1132 | 드론3 목적지65 | 1000스텝 | 배송 51/65 | 재적재  9 | 중계율 0.19 | alpha 2.514 | step_limit
Ep 1133 | 드론3 목적지32 |  705스텝 | 배송 32/32 | 재적재  5 | 중계율 0.16 | alpha 2.518 | complete
Ep 1134 | 드론4 목적지76 | 1000스텝 | 배송 62/76 | 재적재 12 | 중계율 0.27 | alpha 2.526 | step_limit
Ep 1135 | 드론4 목적지79 | 1000스텝 | 배송 77/79 | 재적재 14 | 중계율 0.16 | alpha 2.544 | step_limit
Ep 1136 | 드론4 목적지22 |  622스텝 | 배송 22/22 | 재적재  3 | 중계율 0.20 | alpha 2.565 | complete
Ep 1137 | 드론4 목적지74 | 1000스텝 | 배송 63/74 | 재적재 10 | 중계율 0.23 | alpha 2.573 | step_limit
Ep 1138 | 드론3 목적지38 | 1000스텝 | 배송 36/38 | 재적재  6 | 중계율 0.28 | alpha 2.576 | step_limit
Ep 1139 | 드론4 목적지31 |  638스텝 | 배송 31/31 | 재적재  5 | 중계율 0.18 | alpha 2.585 | complete
Ep 1140 | 드론3 목적지47 |  987스텝 | 배송 47/47 | 재적재  9 | 중계율 0.17 | alpha 2.601 | complete
Ep 1141 | 드론3 목적지37 |  775스텝 | 배송 37/37 | 재적재  7 | 중계율 0.20 | alpha 2.585 | complete
Ep 1142 | 드론3 목적지53 | 1000스텝 | 배송 52/53 | 재적재  9 | 중계율 0.19 | alpha 2.604 | step_limit
Ep 1143 | 드론3 목적지48 |  932스텝 | 배송 48/48 | 재적재  8 | 중계율 0.24 | alpha 2.630 | complete
Ep 1144 | 드론3 목적지70 | 1000스텝 | 배송 55/70 | 재적재 10 | 중계율 0.22 | alpha 2.650 | step_limit
Ep 1145 | 드론4 목적지48 |  514스텝 | 배송 48/48 | 재적재  8 | 중계율 0.09 | alpha 2.640 | complete
Ep 1146 | 드론3 목적지45 | 1000스텝 | 배송 40/45 | 재적재  7 | 중계율 0.28 | alpha 2.618 | step_limit
Ep 1147 | 드론4 목적지49 |  800스텝 | 배송 49/49 | 재적재  9 | 중계율 0.16 | alpha 2.602 | complete
Ep 1148 | 드론4 목적지22 |  513스텝 | 배송 22/22 | 재적재  3 | 중계율 0.24 | alpha 2.596 | complete
Ep 1149 | 드론3 목적지44 |  721스텝 | 배송 44/44 | 재적재  7 | 중계율 0.11 | alpha 2.616 | complete
Ep 1150 | 드론4 목적지51 | 1000스텝 | 배송 50/51 | 재적재  9 | 중계율 0.24 | alpha 2.621 | step_limit
  [홀드아웃] 배송 50.0±0.0 완주 1.00 스텝 989 점수 126.8 재적재 8.4 2홉+ 0.61 | 최고 126.9@ep600 정체 11/15
Ep 1151 | 드론3 목적지63 | 1000스텝 | 배송 55/63 | 재적재 10 | 중계율 0.17 | alpha 2.632 | step_limit
Ep 1152 | 드론3 목적지47 | 1000스텝 | 배송 44/47 | 재적재  7 | 중계율 0.22 | alpha 2.625 | step_limit
Ep 1153 | 드론3 목적지44 |  956스텝 | 배송 44/44 | 재적재  7 | 중계율 0.24 | alpha 2.657 | complete
Ep 1154 | 드론4 목적지39 |  589스텝 | 배송 39/39 | 재적재  7 | 중계율 0.19 | alpha 2.671 | complete
Ep 1155 | 드론3 목적지52 | 1000스텝 | 배송 47/52 | 재적재  8 | 중계율 0.23 | alpha 2.661 | step_limit
Ep 1156 | 드론4 목적지59 |  733스텝 | 배송 59/59 | 재적재  9 | 중계율 0.18 | alpha 2.690 | complete
Ep 1157 | 드론3 목적지33 |  932스텝 | 배송 33/33 | 재적재  6 | 중계율 0.25 | alpha 2.682 | complete
Ep 1158 | 드론4 목적지55 | 1000스텝 | 배송 50/55 | 재적재  9 | 중계율 0.26 | alpha 2.664 | step_limit
Ep 1159 | 드론4 목적지33 |  491스텝 | 배송 33/33 | 재적재  5 | 중계율 0.16 | alpha 2.653 | complete
Ep 1160 | 드론4 목적지71 | 1000스텝 | 배송 53/71 | 재적재 10 | 중계율 0.25 | alpha 2.616 | step_limit
Ep 1161 | 드론4 목적지78 | 1000스텝 | 배송 67/78 | 재적재 13 | 중계율 0.18 | alpha 2.625 | step_limit
Ep 1162 | 드론3 목적지27 |  470스텝 | 배송 27/27 | 재적재  5 | 중계율 0.14 | alpha 2.633 | complete
Ep 1163 | 드론3 목적지71 | 1000스텝 | 배송 51/71 | 재적재 10 | 중계율 0.23 | alpha 2.615 | step_limit
Ep 1164 | 드론4 목적지24 |  374스텝 | 배송 24/24 | 재적재  3 | 중계율 0.18 | alpha 2.641 | complete
Ep 1165 | 드론3 목적지47 |  867스텝 | 배송 47/47 | 재적재  8 | 중계율 0.18 | alpha 2.664 | complete
Ep 1166 | 드론4 목적지79 | 1000스텝 | 배송 73/79 | 재적재 14 | 중계율 0.23 | alpha 2.624 | step_limit
Ep 1167 | 드론3 목적지74 | 1000스텝 | 배송 49/74 | 재적재  8 | 중계율 0.15 | alpha 2.595 | step_limit
Ep 1168 | 드론3 목적지68 | 1000스텝 | 배송 64/68 | 재적재 11 | 중계율 0.13 | alpha 2.620 | step_limit
Ep 1169 | 드론3 목적지79 | 1000스텝 | 배송 67/79 | 재적재 12 | 중계율 0.15 | alpha 2.626 | step_limit
Ep 1170 | 드론3 목적지39 |  877스텝 | 배송 39/39 | 재적재  7 | 중계율 0.19 | alpha 2.626 | complete
Ep 1171 | 드론4 목적지25 |  292스텝 | 배송 25/25 | 재적재  3 | 중계율 0.14 | alpha 2.625 | complete
Ep 1172 | 드론3 목적지21 |  487스텝 | 배송 21/21 | 재적재  3 | 중계율 0.15 | alpha 2.640 | complete
Ep 1173 | 드론4 목적지53 |  750스텝 | 배송 53/53 | 재적재  9 | 중계율 0.17 | alpha 2.612 | complete
Ep 1174 | 드론3 목적지51 | 1000스텝 | 배송 47/51 | 재적재  8 | 중계율 0.23 | alpha 2.622 | step_limit
Ep 1175 | 드론3 목적지74 | 1000스텝 | 배송 58/74 | 재적재 10 | 중계율 0.19 | alpha 2.624 | step_limit
Ep 1176 | 드론3 목적지66 | 1000스텝 | 배송 55/66 | 재적재 10 | 중계율 0.26 | alpha 2.628 | step_limit
Ep 1177 | 드론3 목적지66 | 1000스텝 | 배송 58/66 | 재적재 11 | 중계율 0.14 | alpha 2.657 | step_limit
Ep 1178 | 드론4 목적지39 | 1000스텝 | 배송 36/39 | 재적재  6 | 중계율 0.32 | alpha 2.661 | step_limit
Ep 1179 | 드론3 목적지21 |  592스텝 | 배송 21/21 | 재적재  3 | 중계율 0.28 | alpha 2.673 | complete
Ep 1180 | 드론3 목적지33 | 1000스텝 | 배송 28/33 | 재적재  5 | 중계율 0.21 | alpha 2.608 | step_limit
Ep 1181 | 드론3 목적지41 | 1000스텝 | 배송 40/41 | 재적재  7 | 중계율 0.21 | alpha 2.600 | step_limit
Ep 1182 | 드론4 목적지48 |  723스텝 | 배송 48/48 | 재적재  8 | 중계율 0.18 | alpha 2.633 | complete
Ep 1183 | 드론4 목적지22 |  382스텝 | 배송 22/22 | 재적재  3 | 중계율 0.22 | alpha 2.656 | complete
Ep 1184 | 드론4 목적지24 |  321스텝 | 배송 24/24 | 재적재  4 | 중계율 0.14 | alpha 2.653 | complete
Ep 1185 | 드론3 목적지79 | 1000스텝 | 배송 66/79 | 재적재 12 | 중계율 0.18 | alpha 2.629 | step_limit
Ep 1186 | 드론3 목적지43 |  984스텝 | 배송 43/43 | 재적재  8 | 중계율 0.22 | alpha 2.585 | complete
Ep 1187 | 드론4 목적지80 |  999스텝 | 배송 80/80 | 재적재 14 | 중계율 0.18 | alpha 2.580 | complete
Ep 1188 | 드론3 목적지67 | 1000스텝 | 배송 62/67 | 재적재 12 | 중계율 0.16 | alpha 2.638 | step_limit
Ep 1189 | 드론4 목적지67 | 1000스텝 | 배송 61/67 | 재적재 12 | 중계율 0.28 | alpha 2.662 | step_limit
Ep 1190 | 드론3 목적지28 |  623스텝 | 배송 28/28 | 재적재  5 | 중계율 0.23 | alpha 2.671 | complete
Ep 1191 | 드론3 목적지67 | 1000스텝 | 배송 55/67 | 재적재 10 | 중계율 0.19 | alpha 2.662 | step_limit
Ep 1192 | 드론3 목적지44 | 1000스텝 | 배송 40/44 | 재적재  7 | 중계율 0.23 | alpha 2.659 | step_limit
Ep 1193 | 드론4 목적지53 |  820스텝 | 배송 53/53 | 재적재  9 | 중계율 0.13 | alpha 2.663 | complete
Ep 1194 | 드론4 목적지27 |  421스텝 | 배송 27/27 | 재적재  4 | 중계율 0.22 | alpha 2.659 | complete
Ep 1195 | 드론4 목적지57 |  734스텝 | 배송 57/57 | 재적재 10 | 중계율 0.14 | alpha 2.674 | complete
Ep 1196 | 드론3 목적지74 | 1000스텝 | 배송 67/74 | 재적재 13 | 중계율 0.16 | alpha 2.660 | step_limit
Ep 1197 | 드론4 목적지25 |  439스텝 | 배송 25/25 | 재적재  4 | 중계율 0.23 | alpha 2.666 | complete
Ep 1198 | 드론4 목적지35 |  562스텝 | 배송 35/35 | 재적재  5 | 중계율 0.25 | alpha 2.661 | complete
Ep 1199 | 드론4 목적지29 |  892스텝 | 배송 29/29 | 재적재  5 | 중계율 0.29 | alpha 2.655 | complete
Ep 1200 | 드론3 목적지40 |  885스텝 | 배송 40/40 | 재적재  7 | 중계율 0.19 | alpha 2.636 | complete
  [홀드아웃] 배송 50.0±0.0 완주 1.00 스텝 999 점수 126.7 재적재 8.3 2홉+ 0.62 | 최고 126.9@ep600 정체 12/15
Ep 1201 | 드론3 목적지43 | 1000스텝 | 배송 42/43 | 재적재  7 | 중계율 0.24 | alpha 2.640 | step_limit
Ep 1202 | 드론3 목적지25 |  788스텝 | 배송 25/25 | 재적재  3 | 중계율 0.12 | alpha 2.636 | complete
Ep 1203 | 드론3 목적지48 |  890스텝 | 배송 48/48 | 재적재  8 | 중계율 0.17 | alpha 2.631 | complete
Ep 1204 | 드론3 목적지59 | 1000스텝 | 배송 52/59 | 재적재 10 | 중계율 0.23 | alpha 2.673 | step_limit
Ep 1205 | 드론4 목적지53 |  753스텝 | 배송 53/53 | 재적재 10 | 중계율 0.19 | alpha 2.694 | complete
Ep 1206 | 드론3 목적지45 |  924스텝 | 배송 45/45 | 재적재  7 | 중계율 0.21 | alpha 2.682 | complete
Ep 1207 | 드론3 목적지72 | 1000스텝 | 배송 57/72 | 재적재 10 | 중계율 0.22 | alpha 2.687 | step_limit
Ep 1208 | 드론3 목적지68 | 1000스텝 | 배송 60/68 | 재적재 10 | 중계율 0.20 | alpha 2.682 | step_limit
Ep 1209 | 드론4 목적지37 |  605스텝 | 배송 37/37 | 재적재  5 | 중계율 0.24 | alpha 2.712 | complete
Ep 1210 | 드론3 목적지40 |  987스텝 | 배송 40/40 | 재적재  7 | 중계율 0.20 | alpha 2.665 | complete
Ep 1211 | 드론4 목적지40 |  692스텝 | 배송 40/40 | 재적재  6 | 중계율 0.21 | alpha 2.654 | complete
Ep 1212 | 드론4 목적지47 |  881스텝 | 배송 47/47 | 재적재  7 | 중계율 0.21 | alpha 2.656 | complete
Ep 1213 | 드론4 목적지44 |  754스텝 | 배송 44/44 | 재적재  8 | 중계율 0.21 | alpha 2.635 | complete
Ep 1214 | 드론3 목적지54 | 1000스텝 | 배송 48/54 | 재적재  8 | 중계율 0.20 | alpha 2.669 | step_limit
Ep 1215 | 드론3 목적지71 | 1000스텝 | 배송 56/71 | 재적재 10 | 중계율 0.18 | alpha 2.648 | step_limit
Ep 1216 | 드론4 목적지68 | 1000스텝 | 배송 55/68 | 재적재  9 | 중계율 0.23 | alpha 2.630 | step_limit
Ep 1217 | 드론3 목적지48 |  924스텝 | 배송 48/48 | 재적재  8 | 중계율 0.22 | alpha 2.626 | complete
Ep 1218 | 드론4 목적지37 |  742스텝 | 배송 37/37 | 재적재  5 | 중계율 0.20 | alpha 2.620 | complete
Ep 1219 | 드론3 목적지80 | 1000스텝 | 배송 59/80 | 재적재 11 | 중계율 0.22 | alpha 2.646 | step_limit
Ep 1220 | 드론3 목적지63 | 1000스텝 | 배송 61/63 | 재적재 11 | 중계율 0.22 | alpha 2.676 | step_limit
Ep 1221 | 드론3 목적지21 |  589스텝 | 배송 21/21 | 재적재  2 | 중계율 0.18 | alpha 2.693 | complete
Ep 1222 | 드론3 목적지59 | 1000스텝 | 배송 58/59 | 재적재 10 | 중계율 0.14 | alpha 2.719 | step_limit
Ep 1223 | 드론3 목적지25 |  471스텝 | 배송 25/25 | 재적재  3 | 중계율 0.19 | alpha 2.716 | complete
Ep 1224 | 드론3 목적지53 | 1000스텝 | 배송 48/53 | 재적재  9 | 중계율 0.18 | alpha 2.737 | step_limit
Ep 1225 | 드론3 목적지66 | 1000스텝 | 배송 59/66 | 재적재 11 | 중계율 0.21 | alpha 2.712 | step_limit
Ep 1226 | 드론4 목적지39 |  375스텝 | 배송 39/39 | 재적재  5 | 중계율 0.10 | alpha 2.715 | complete
Ep 1227 | 드론4 목적지70 |  877스텝 | 배송 70/70 | 재적재 13 | 중계율 0.16 | alpha 2.705 | complete
Ep 1228 | 드론3 목적지52 | 1000스텝 | 배송 51/52 | 재적재  9 | 중계율 0.18 | alpha 2.681 | step_limit
Ep 1229 | 드론3 목적지43 |  834스텝 | 배송 43/43 | 재적재  8 | 중계율 0.20 | alpha 2.663 | complete
Ep 1230 | 드론3 목적지79 | 1000스텝 | 배송 57/79 | 재적재 11 | 중계율 0.23 | alpha 2.658 | step_limit
Ep 1231 | 드론3 목적지30 |  500스텝 | 배송 30/30 | 재적재  4 | 중계율 0.15 | alpha 2.648 | complete
Ep 1232 | 드론3 목적지67 |  979스텝 | 배송 67/67 | 재적재 12 | 중계율 0.19 | alpha 2.662 | complete
Ep 1233 | 드론4 목적지36 |  753스텝 | 배송 36/36 | 재적재  6 | 중계율 0.22 | alpha 2.673 | complete
Ep 1234 | 드론3 목적지71 | 1000스텝 | 배송 62/71 | 재적재 11 | 중계율 0.17 | alpha 2.652 | step_limit
Ep 1235 | 드론4 목적지57 | 1000스텝 | 배송 53/57 | 재적재  9 | 중계율 0.22 | alpha 2.685 | step_limit
Ep 1236 | 드론4 목적지53 |  919스텝 | 배송 53/53 | 재적재  8 | 중계율 0.22 | alpha 2.610 | complete
Ep 1237 | 드론4 목적지71 | 1000스텝 | 배송 60/71 | 재적재 10 | 중계율 0.25 | alpha 2.650 | step_limit
Ep 1238 | 드론4 목적지65 | 1000스텝 | 배송 56/65 | 재적재 10 | 중계율 0.27 | alpha 2.655 | step_limit
Ep 1239 | 드론3 목적지60 | 1000스텝 | 배송 53/60 | 재적재 10 | 중계율 0.22 | alpha 2.645 | step_limit
Ep 1240 | 드론3 목적지53 | 1000스텝 | 배송 50/53 | 재적재  8 | 중계율 0.27 | alpha 2.658 | step_limit
Ep 1241 | 드론3 목적지80 | 1000스텝 | 배송 58/80 | 재적재 11 | 중계율 0.23 | alpha 2.651 | step_limit
Ep 1242 | 드론4 목적지25 |  329스텝 | 배송 25/25 | 재적재  3 | 중계율 0.22 | alpha 2.657 | complete
Ep 1243 | 드론3 목적지63 | 1000스텝 | 배송 57/63 | 재적재  9 | 중계율 0.24 | alpha 2.665 | step_limit
Ep 1244 | 드론4 목적지36 |  668스텝 | 배송 36/36 | 재적재  5 | 중계율 0.26 | alpha 2.683 | complete
Ep 1245 | 드론4 목적지42 |  728스텝 | 배송 42/42 | 재적재  7 | 중계율 0.28 | alpha 2.668 | complete
Ep 1246 | 드론3 목적지34 |  544스텝 | 배송 34/34 | 재적재  6 | 중계율 0.13 | alpha 2.668 | complete
Ep 1247 | 드론4 목적지41 |  796스텝 | 배송 41/41 | 재적재  7 | 중계율 0.18 | alpha 2.651 | complete
Ep 1248 | 드론4 목적지56 |  978스텝 | 배송 56/56 | 재적재 10 | 중계율 0.19 | alpha 2.636 | complete
Ep 1249 | 드론3 목적지52 |  998스텝 | 배송 52/52 | 재적재 10 | 중계율 0.20 | alpha 2.667 | complete
Ep 1250 | 드론3 목적지29 |  864스텝 | 배송 29/29 | 재적재  5 | 중계율 0.25 | alpha 2.673 | complete
  [홀드아웃] 배송 49.6±3.1 완주 0.99 스텝 1006 점수 125.3 재적재 8.4 2홉+ 0.62 | 최고 126.9@ep600 정체 13/15
Ep 1251 | 드론3 목적지71 | 1000스텝 | 배송 60/71 | 재적재 10 | 중계율 0.20 | alpha 2.697 | step_limit
Ep 1252 | 드론4 목적지79 | 1000스텝 | 배송 67/79 | 재적재 13 | 중계율 0.23 | alpha 2.685 | step_limit
Ep 1253 | 드론4 목적지71 | 1000스텝 | 배송 63/71 | 재적재 11 | 중계율 0.28 | alpha 2.674 | step_limit
Ep 1254 | 드론4 목적지47 |  865스텝 | 배송 47/47 | 재적재  8 | 중계율 0.25 | alpha 2.664 | complete
Ep 1255 | 드론4 목적지70 | 1000스텝 | 배송 68/70 | 재적재 12 | 중계율 0.21 | alpha 2.636 | step_limit
Ep 1256 | 드론3 목적지67 | 1000스텝 | 배송 53/67 | 재적재  9 | 중계율 0.24 | alpha 2.637 | step_limit
Ep 1257 | 드론3 목적지41 |  997스텝 | 배송 41/41 | 재적재  8 | 중계율 0.21 | alpha 2.675 | complete
Ep 1258 | 드론4 목적지41 |  525스텝 | 배송 41/41 | 재적재  7 | 중계율 0.18 | alpha 2.690 | complete
Ep 1259 | 드론3 목적지67 | 1000스텝 | 배송 58/67 | 재적재 11 | 중계율 0.20 | alpha 2.691 | step_limit
Ep 1260 | 드론3 목적지20 |  626스텝 | 배송 20/20 | 재적재  3 | 중계율 0.25 | alpha 2.692 | complete
Ep 1261 | 드론3 목적지45 |  806스텝 | 배송 45/45 | 재적재  8 | 중계율 0.17 | alpha 2.683 | complete
Ep 1262 | 드론3 목적지61 | 1000스텝 | 배송 56/61 | 재적재  9 | 중계율 0.20 | alpha 2.666 | step_limit
Ep 1263 | 드론4 목적지34 |  681스텝 | 배송 34/34 | 재적재  5 | 중계율 0.19 | alpha 2.642 | complete
Ep 1264 | 드론4 목적지31 |  551스텝 | 배송 31/31 | 재적재  5 | 중계율 0.12 | alpha 2.642 | complete
Ep 1265 | 드론3 목적지56 | 1000스텝 | 배송 46/56 | 재적재  8 | 중계율 0.24 | alpha 2.653 | step_limit
Ep 1266 | 드론3 목적지23 |  329스텝 | 배송 23/23 | 재적재  3 | 중계율 0.15 | alpha 2.654 | complete
Ep 1267 | 드론3 목적지63 | 1000스텝 | 배송 59/63 | 재적재 10 | 중계율 0.19 | alpha 2.700 | step_limit
Ep 1268 | 드론3 목적지39 |  645스텝 | 배송 39/39 | 재적재  6 | 중계율 0.15 | alpha 2.703 | complete
Ep 1269 | 드론4 목적지70 | 1000스텝 | 배송 63/70 | 재적재 11 | 중계율 0.18 | alpha 2.695 | step_limit
Ep 1270 | 드론4 목적지39 |  792스텝 | 배송 39/39 | 재적재  7 | 중계율 0.19 | alpha 2.694 | complete
Ep 1271 | 드론3 목적지74 | 1000스텝 | 배송 62/74 | 재적재 12 | 중계율 0.14 | alpha 2.700 | step_limit
Ep 1272 | 드론4 목적지20 |  396스텝 | 배송 20/20 | 재적재  2 | 중계율 0.24 | alpha 2.697 | complete
Ep 1273 | 드론3 목적지27 |  943스텝 | 배송 27/27 | 재적재  4 | 중계율 0.25 | alpha 2.695 | complete
Ep 1274 | 드론3 목적지34 |  765스텝 | 배송 34/34 | 재적재  6 | 중계율 0.24 | alpha 2.714 | complete
Ep 1275 | 드론3 목적지29 |  854스텝 | 배송 29/29 | 재적재  5 | 중계율 0.26 | alpha 2.717 | complete
Ep 1276 | 드론4 목적지62 | 1000스텝 | 배송 58/62 | 재적재 10 | 중계율 0.24 | alpha 2.683 | step_limit
Ep 1277 | 드론3 목적지77 | 1000스텝 | 배송 67/77 | 재적재 12 | 중계율 0.17 | alpha 2.700 | step_limit
Ep 1278 | 드론3 목적지59 | 1000스텝 | 배송 49/59 | 재적재  9 | 중계율 0.26 | alpha 2.699 | step_limit
Ep 1279 | 드론4 목적지39 |  719스텝 | 배송 39/39 | 재적재  6 | 중계율 0.22 | alpha 2.691 | complete
Ep 1280 | 드론3 목적지31 |  835스텝 | 배송 31/31 | 재적재  5 | 중계율 0.21 | alpha 2.713 | complete
Ep 1281 | 드론3 목적지36 |  861스텝 | 배송 36/36 | 재적재  6 | 중계율 0.24 | alpha 2.701 | complete
Ep 1282 | 드론3 목적지39 |  636스텝 | 배송 39/39 | 재적재  7 | 중계율 0.15 | alpha 2.723 | complete
Ep 1283 | 드론3 목적지43 |  915스텝 | 배송 43/43 | 재적재  7 | 중계율 0.19 | alpha 2.746 | complete
Ep 1284 | 드론4 목적지25 |  680스텝 | 배송 25/25 | 재적재  4 | 중계율 0.31 | alpha 2.738 | complete
Ep 1285 | 드론4 목적지74 |  987스텝 | 배송 74/74 | 재적재 14 | 중계율 0.16 | alpha 2.697 | complete
Ep 1286 | 드론3 목적지76 | 1000스텝 | 배송 60/76 | 재적재 11 | 중계율 0.22 | alpha 2.664 | step_limit
Ep 1287 | 드론4 목적지59 | 1000스텝 | 배송 58/59 | 재적재 10 | 중계율 0.24 | alpha 2.655 | step_limit
Ep 1288 | 드론4 목적지77 | 1000스텝 | 배송 74/77 | 재적재 13 | 중계율 0.16 | alpha 2.702 | step_limit
Ep 1289 | 드론3 목적지24 |  387스텝 | 배송 24/24 | 재적재  3 | 중계율 0.10 | alpha 2.720 | complete
Ep 1290 | 드론4 목적지52 | 1000스텝 | 배송 51/52 | 재적재  9 | 중계율 0.21 | alpha 2.716 | step_limit
Ep 1291 | 드론3 목적지42 |  816스텝 | 배송 42/42 | 재적재  7 | 중계율 0.19 | alpha 2.697 | complete
Ep 1292 | 드론3 목적지77 | 1000스텝 | 배송 63/77 | 재적재 11 | 중계율 0.23 | alpha 2.702 | step_limit
Ep 1293 | 드론4 목적지76 | 1000스텝 | 배송 68/76 | 재적재 12 | 중계율 0.23 | alpha 2.702 | step_limit
Ep 1294 | 드론4 목적지31 |  494스텝 | 배송 31/31 | 재적재  4 | 중계율 0.25 | alpha 2.688 | complete
Ep 1295 | 드론4 목적지61 | 1000스텝 | 배송 46/61 | 재적재  8 | 중계율 0.26 | alpha 2.673 | step_limit
Ep 1296 | 드론3 목적지50 |  954스텝 | 배송 50/50 | 재적재  9 | 중계율 0.17 | alpha 2.708 | complete
Ep 1297 | 드론4 목적지76 | 1000스텝 | 배송 66/76 | 재적재 11 | 중계율 0.22 | alpha 2.672 | step_limit
Ep 1298 | 드론4 목적지36 |  479스텝 | 배송 36/36 | 재적재  6 | 중계율 0.19 | alpha 2.672 | complete
Ep 1299 | 드론4 목적지66 | 1000스텝 | 배송 60/66 | 재적재 11 | 중계율 0.19 | alpha 2.698 | step_limit
Ep 1300 | 드론3 목적지21 |  366스텝 | 배송 21/21 | 재적재  2 | 중계율 0.18 | alpha 2.694 | complete
  [홀드아웃] 배송 50.0±0.0 완주 1.00 스텝 1038 점수 126.2 재적재 8.5 2홉+ 0.61 | 최고 126.9@ep600 정체 14/15
Ep 1301 | 드론3 목적지47 |  985스텝 | 배송 47/47 | 재적재  8 | 중계율 0.19 | alpha 2.715 | complete
Ep 1302 | 드론3 목적지58 |  958스텝 | 배송 58/58 | 재적재 10 | 중계율 0.18 | alpha 2.723 | complete
Ep 1303 | 드론4 목적지61 | 1000스텝 | 배송 59/61 | 재적재  9 | 중계율 0.26 | alpha 2.729 | step_limit
Ep 1304 | 드론3 목적지67 | 1000스텝 | 배송 60/67 | 재적재 11 | 중계율 0.14 | alpha 2.721 | step_limit
Ep 1305 | 드론4 목적지61 |  985스텝 | 배송 61/61 | 재적재 11 | 중계율 0.18 | alpha 2.742 | complete
Ep 1306 | 드론3 목적지79 | 1000스텝 | 배송 65/79 | 재적재 11 | 중계율 0.18 | alpha 2.722 | step_limit
Ep 1307 | 드론4 목적지73 |  837스텝 | 배송 73/73 | 재적재 12 | 중계율 0.15 | alpha 2.706 | complete
Ep 1308 | 드론4 목적지60 | 1000스텝 | 배송 56/60 | 재적재  9 | 중계율 0.26 | alpha 2.693 | step_limit
Ep 1309 | 드론4 목적지77 | 1000스텝 | 배송 73/77 | 재적재 13 | 중계율 0.20 | alpha 2.734 | step_limit
Ep 1310 | 드론4 목적지72 | 1000스텝 | 배송 66/72 | 재적재 12 | 중계율 0.22 | alpha 2.717 | step_limit
Ep 1311 | 드론3 목적지60 | 1000스텝 | 배송 55/60 | 재적재 10 | 중계율 0.19 | alpha 2.687 | step_limit
Ep 1312 | 드론4 목적지59 | 1000스텝 | 배송 56/59 | 재적재  9 | 중계율 0.24 | alpha 2.660 | step_limit
Ep 1313 | 드론3 목적지72 | 1000스텝 | 배송 60/72 | 재적재 10 | 중계율 0.18 | alpha 2.663 | step_limit
Ep 1314 | 드론3 목적지67 | 1000스텝 | 배송 55/67 | 재적재  9 | 중계율 0.24 | alpha 2.666 | step_limit
Ep 1315 | 드론4 목적지58 |  833스텝 | 배송 58/58 | 재적재 10 | 중계율 0.20 | alpha 2.690 | complete
Ep 1316 | 드론3 목적지66 | 1000스텝 | 배송 48/66 | 재적재  9 | 중계율 0.25 | alpha 2.672 | step_limit
Ep 1317 | 드론4 목적지67 | 1000스텝 | 배송 66/67 | 재적재 12 | 중계율 0.22 | alpha 2.684 | step_limit
Ep 1318 | 드론3 목적지28 |  562스텝 | 배송 28/28 | 재적재  4 | 중계율 0.20 | alpha 2.671 | complete
Ep 1319 | 드론3 목적지34 |  866스텝 | 배송 34/34 | 재적재  6 | 중계율 0.20 | alpha 2.677 | complete
Ep 1320 | 드론3 목적지57 | 1000스텝 | 배송 52/57 | 재적재  9 | 중계율 0.18 | alpha 2.704 | step_limit
Ep 1321 | 드론4 목적지59 |  806스텝 | 배송 59/59 | 재적재 10 | 중계율 0.15 | alpha 2.700 | complete
Ep 1322 | 드론3 목적지39 |  994스텝 | 배송 39/39 | 재적재  7 | 중계율 0.22 | alpha 2.666 | complete
Ep 1323 | 드론4 목적지48 |  984스텝 | 배송 48/48 | 재적재  9 | 중계율 0.27 | alpha 2.639 | complete
Ep 1324 | 드론4 목적지52 |  927스텝 | 배송 52/52 | 재적재  9 | 중계율 0.16 | alpha 2.689 | complete
Ep 1325 | 드론4 목적지40 |  675스텝 | 배송 40/40 | 재적재  6 | 중계율 0.14 | alpha 2.711 | complete
Ep 1326 | 드론3 목적지40 |  935스텝 | 배송 40/40 | 재적재  7 | 중계율 0.20 | alpha 2.704 | complete
Ep 1327 | 드론3 목적지23 |  440스텝 | 배송 23/23 | 재적재  3 | 중계율 0.20 | alpha 2.729 | complete
Ep 1328 | 드론4 목적지25 |  425스텝 | 배송 25/25 | 재적재  3 | 중계율 0.24 | alpha 2.743 | complete
Ep 1329 | 드론3 목적지51 | 1000스텝 | 배송 50/51 | 재적재  9 | 중계율 0.27 | alpha 2.727 | step_limit
Ep 1330 | 드론4 목적지42 |  864스텝 | 배송 42/42 | 재적재  8 | 중계율 0.32 | alpha 2.661 | complete
Ep 1331 | 드론4 목적지48 | 1000스텝 | 배송 47/48 | 재적재  8 | 중계율 0.29 | alpha 2.646 | step_limit
Ep 1332 | 드론4 목적지21 |  409스텝 | 배송 21/21 | 재적재  2 | 중계율 0.24 | alpha 2.644 | complete
Ep 1333 | 드론4 목적지42 |  749스텝 | 배송 42/42 | 재적재  7 | 중계율 0.21 | alpha 2.661 | complete
Ep 1334 | 드론4 목적지30 |  627스텝 | 배송 30/30 | 재적재  5 | 중계율 0.24 | alpha 2.663 | complete
Ep 1335 | 드론4 목적지52 |  772스텝 | 배송 52/52 | 재적재  8 | 중계율 0.13 | alpha 2.655 | complete
Ep 1336 | 드론3 목적지31 |  750스텝 | 배송 31/31 | 재적재  5 | 중계율 0.20 | alpha 2.662 | complete
Ep 1337 | 드론4 목적지70 | 1000스텝 | 배송 67/70 | 재적재 12 | 중계율 0.14 | alpha 2.650 | step_limit
Ep 1338 | 드론3 목적지80 | 1000스텝 | 배송 62/80 | 재적재 11 | 중계율 0.18 | alpha 2.624 | step_limit
Ep 1339 | 드론4 목적지74 | 1000스텝 | 배송 71/74 | 재적재 14 | 중계율 0.16 | alpha 2.625 | step_limit
Ep 1340 | 드론4 목적지77 | 1000스텝 | 배송 75/77 | 재적재 13 | 중계율 0.23 | alpha 2.611 | step_limit
Ep 1341 | 드론4 목적지30 |  430스텝 | 배송 30/30 | 재적재  4 | 중계율 0.11 | alpha 2.627 | complete
Ep 1342 | 드론4 목적지59 | 1000스텝 | 배송 58/59 | 재적재  9 | 중계율 0.28 | alpha 2.634 | step_limit
Ep 1343 | 드론4 목적지28 |  567스텝 | 배송 28/28 | 재적재  4 | 중계율 0.24 | alpha 2.657 | complete
Ep 1344 | 드론3 목적지48 | 1000스텝 | 배송 47/48 | 재적재  9 | 중계율 0.20 | alpha 2.663 | step_limit
Ep 1345 | 드론3 목적지61 | 1000스텝 | 배송 56/61 | 재적재  9 | 중계율 0.18 | alpha 2.662 | step_limit
Ep 1346 | 드론3 목적지54 | 1000스텝 | 배송 45/54 | 재적재  8 | 중계율 0.19 | alpha 2.678 | step_limit
Ep 1347 | 드론3 목적지68 | 1000스텝 | 배송 59/68 | 재적재 10 | 중계율 0.20 | alpha 2.669 | step_limit
Ep 1348 | 드론3 목적지25 |  787스텝 | 배송 25/25 | 재적재  4 | 중계율 0.23 | alpha 2.654 | complete
Ep 1349 | 드론4 목적지33 |  544스텝 | 배송 33/33 | 재적재  5 | 중계율 0.25 | alpha 2.624 | complete
Ep 1350 | 드론3 목적지70 | 1000스텝 | 배송 58/70 | 재적재 10 | 중계율 0.15 | alpha 2.685 | step_limit
  [홀드아웃] 배송 50.0±0.0 완주 1.00 스텝 1024 점수 126.4 재적재 8.4 2홉+ 0.62 | 최고 126.9@ep600 정체 15/15

조기 종료. 최고 126.9@ep600
Training finished. best=126.9 @ ep600
