/home/kopt/enter/envs/wsl_neuroMCTS/lib/python3.10/site-packages/pygame/pkgdata.py:25: UserWarning: pkg_resources is deprecated as an API. See https://setuptools.pypa.io/en/latest/pkg_resources.html. The pkg_resources package is slated for removal as early as 2025-11-30. Refrain from using this package or pin to Setuptools<81.
  from pkg_resources import resource_stream, resource_exists
pygame 2.6.1 (SDL 2.28.4, Python 3.10.19)
Hello from the pygame community. https://www.pygame.org/contribute.html
집합 상위 학습 | 반경 300 상한 1000 무배송 500 gamma 0.997 구성=무작위 드론[3, 4] 목적지[20, 80] CC무작위 인스턴스=무작위 목표유지=off 완주보상=0.0 잔여페널티=0.1 규칙관측=False 규칙정규화=2.0 막힘페널티=0.0 도달권shaping=0.0 정체전환보상=0.0 엔트로피비=0.6->-1.0@0 자기회귀=True 홀드아웃상한=3000 선택=makespan/속도가중치=40.0
/home/kopt/drone/proposed_src/pipeline/train_v5_26_09_15_23.py:354: UserWarning: Converting a tensor with requires_grad=True to a scalar may lead to unexpected behavior.
Consider using tensor.detach() first. (Triggered internally at /pytorch/torch/csrc/autograd/generated/python_variable_methods.cpp:836.)
  writer.add_scalar("train/alpha", float(log_alpha.exp()), ep)
Ep 1 | 드론4 목적지57 | 1000스텝 | 배송 53/57 | 재적재  9 | 중계율 0.14 | alpha 0.100 | step_limit
Ep 2 | 드론3 목적지50 | 1000스텝 | 배송 39/50 | 재적재  5 | 중계율 0.19 | alpha 0.100 | step_limit
Ep 3 | 드론4 목적지72 | 1000스텝 | 배송 53/72 | 재적재 10 | 중계율 0.15 | alpha 0.100 | step_limit
Ep 4 | 드론3 목적지46 | 1000스텝 | 배송 38/46 | 재적재  6 | 중계율 0.14 | alpha 0.100 | step_limit
Ep 5 | 드론3 목적지58 | 1000스텝 | 배송 50/58 | 재적재  9 | 중계율 0.32 | alpha 0.106 | step_limit
Ep 6 | 드론3 목적지61 | 1000스텝 | 배송 60/61 | 재적재 10 | 중계율 0.35 | alpha 0.116 | step_limit
Ep 7 | 드론3 목적지30 |  945스텝 | 배송 30/30 | 재적재  5 | 중계율 0.38 | alpha 0.126 | complete
Ep 8 | 드론3 목적지69 | 1000스텝 | 배송 61/69 | 재적재 11 | 중계율 0.27 | alpha 0.137 | step_limit
Ep 9 | 드론3 목적지66 | 1000스텝 | 배송 47/66 | 재적재  8 | 중계율 0.19 | alpha 0.147 | step_limit
Ep 10 | 드론3 목적지26 |  673스텝 | 배송 26/26 | 재적재  4 | 중계율 0.32 | alpha 0.155 | complete
Ep 11 | 드론4 목적지32 |  418스텝 | 배송 32/32 | 재적재  5 | 중계율 0.25 | alpha 0.160 | complete
Ep 12 | 드론3 목적지35 |  783스텝 | 배송 35/35 | 재적재  6 | 중계율 0.23 | alpha 0.169 | complete
Ep 13 | 드론3 목적지23 |  424스텝 | 배송 23/23 | 재적재  3 | 중계율 0.27 | alpha 0.174 | complete
Ep 14 | 드론3 목적지61 | 1000스텝 | 배송 55/61 | 재적재 10 | 중계율 0.29 | alpha 0.187 | step_limit
Ep 15 | 드론4 목적지78 |  891스텝 | 배송 78/78 | 재적재 14 | 중계율 0.25 | alpha 0.199 | complete
Ep 16 | 드론4 목적지46 |  742스텝 | 배송 46/46 | 재적재  8 | 중계율 0.28 | alpha 0.210 | complete
Ep 17 | 드론4 목적지74 | 1000스텝 | 배송 72/74 | 재적재 13 | 중계율 0.22 | alpha 0.225 | step_limit
Ep 18 | 드론3 목적지24 |  667스텝 | 배송 24/24 | 재적재  4 | 중계율 0.31 | alpha 0.237 | complete
Ep 19 | 드론4 목적지24 | 1000스텝 | 배송 23/24 | 재적재  3 | 중계율 0.37 | alpha 0.255 | step_limit
Ep 20 | 드론3 목적지66 | 1000스텝 | 배송 65/66 | 재적재 12 | 중계율 0.20 | alpha 0.275 | step_limit
Ep 21 | 드론3 목적지43 |  630스텝 | 배송 43/43 | 재적재  8 | 중계율 0.23 | alpha 0.288 | complete
Ep 22 | 드론3 목적지43 |  726스텝 | 배송 43/43 | 재적재  7 | 중계율 0.14 | alpha 0.303 | complete
Ep 23 | 드론3 목적지22 |  536스텝 | 배송 22/22 | 재적재  4 | 중계율 0.39 | alpha 0.315 | complete
Ep 24 | 드론3 목적지35 |  679스텝 | 배송 35/35 | 재적재  5 | 중계율 0.28 | alpha 0.331 | complete
Ep 25 | 드론4 목적지25 |  664스텝 | 배송 25/25 | 재적재  3 | 중계율 0.39 | alpha 0.348 | complete
Ep 26 | 드론3 목적지79 | 1000스텝 | 배송 54/79 | 재적재 10 | 중계율 0.18 | alpha 0.374 | step_limit
Ep 27 | 드론4 목적지63 | 1000스텝 | 배송 56/63 | 재적재  9 | 중계율 0.35 | alpha 0.402 | step_limit
Ep 28 | 드론3 목적지77 | 1000스텝 | 배송 69/77 | 재적재 11 | 중계율 0.23 | alpha 0.431 | step_limit
Ep 29 | 드론3 목적지34 |  780스텝 | 배송 34/34 | 재적재  4 | 중계율 0.32 | alpha 0.455 | complete
Ep 30 | 드론3 목적지25 |  625스텝 | 배송 25/25 | 재적재  3 | 중계율 0.35 | alpha 0.476 | complete
Ep 31 | 드론4 목적지68 |  924스텝 | 배송 68/68 | 재적재 13 | 중계율 0.28 | alpha 0.508 | complete
Ep 32 | 드론3 목적지79 | 1000스텝 | 배송 62/79 | 재적재 10 | 중계율 0.28 | alpha 0.545 | step_limit
Ep 33 | 드론3 목적지62 | 1000스텝 | 배송 55/62 | 재적재  9 | 중계율 0.32 | alpha 0.585 | step_limit
Ep 34 | 드론3 목적지33 |  717스텝 | 배송 33/33 | 재적재  5 | 중계율 0.20 | alpha 0.615 | complete
Ep 35 | 드론3 목적지26 |  648스텝 | 배송 26/26 | 재적재  4 | 중계율 0.22 | alpha 0.644 | complete
Ep 36 | 드론3 목적지57 | 1000스텝 | 배송 55/57 | 재적재  9 | 중계율 0.30 | alpha 0.692 | step_limit
Ep 37 | 드론3 목적지29 |  879스텝 | 배송 29/29 | 재적재  5 | 중계율 0.38 | alpha 0.736 | complete
Ep 38 | 드론4 목적지63 |  890스텝 | 배송 63/63 | 재적재 11 | 중계율 0.34 | alpha 0.783 | complete
Ep 39 | 드론4 목적지44 |  982스텝 | 배송 44/44 | 재적재  7 | 중계율 0.35 | alpha 0.837 | complete
Ep 40 | 드론4 목적지56 |  853스텝 | 배송 56/56 | 재적재  9 | 중계율 0.30 | alpha 0.887 | complete
Ep 41 | 드론4 목적지21 |  379스텝 | 배송 21/21 | 재적재  3 | 중계율 0.43 | alpha 0.910 | complete
Ep 42 | 드론3 목적지24 |  480스텝 | 배송 24/24 | 재적재  3 | 중계율 0.36 | alpha 0.940 | complete
Ep 43 | 드론3 목적지52 | 1000스텝 | 배송 49/52 | 재적재  8 | 중계율 0.26 | alpha 1.007 | step_limit
Ep 44 | 드론3 목적지72 | 1000스텝 | 배송 68/72 | 재적재 13 | 중계율 0.20 | alpha 1.077 | step_limit
Ep 45 | 드론3 목적지52 | 1000스텝 | 배송 51/52 | 재적재  9 | 중계율 0.30 | alpha 1.148 | step_limit
Ep 46 | 드론4 목적지72 | 1000스텝 | 배송 68/72 | 재적재 13 | 중계율 0.19 | alpha 1.221 | step_limit
Ep 47 | 드론3 목적지69 | 1000스텝 | 배송 61/69 | 재적재 12 | 중계율 0.20 | alpha 1.296 | step_limit
Ep 48 | 드론3 목적지56 | 1000스텝 | 배송 37/56 | 재적재  7 | 중계율 0.18 | alpha 1.377 | step_limit
Ep 49 | 드론4 목적지78 | 1000스텝 | 배송 77/78 | 재적재 15 | 중계율 0.29 | alpha 1.461 | step_limit
Ep 50 | 드론4 목적지40 | 1000스텝 | 배송 26/40 | 재적재  5 | 중계율 0.44 | alpha 1.550 | step_limit
  [홀드아웃] 배송 49.8±1.5 완주 0.97 스텝 1108 점수 122.7 재적재 8.1 2홉+ 0.62 | 최고 122.7@ep50 정체 0/15  ← 갱신
Ep 51 | 드론4 목적지51 |  681스텝 | 배송 51/51 | 재적재  9 | 중계율 0.24 | alpha 1.612 | complete
Ep 52 | 드론3 목적지42 |  713스텝 | 배송 42/42 | 재적재  7 | 중계율 0.29 | alpha 1.677 | complete
Ep 53 | 드론4 목적지60 |  907스텝 | 배송 60/60 | 재적재 11 | 중계율 0.23 | alpha 1.762 | complete
Ep 54 | 드론3 목적지49 |  761스텝 | 배송 49/49 | 재적재  9 | 중계율 0.19 | alpha 1.835 | complete
Ep 55 | 드론3 목적지40 | 1000스텝 | 배송 39/40 | 재적재  7 | 중계율 0.24 | alpha 1.931 | step_limit
Ep 56 | 드론4 목적지61 |  911스텝 | 배송 61/61 | 재적재 11 | 중계율 0.26 | alpha 2.020 | complete
Ep 57 | 드론3 목적지53 | 1000스텝 | 배송 50/53 | 재적재  9 | 중계율 0.30 | alpha 2.116 | step_limit
Ep 58 | 드론4 목적지57 |  921스텝 | 배송 57/57 | 재적재 11 | 중계율 0.31 | alpha 2.195 | complete
Ep 59 | 드론3 목적지50 | 1000스텝 | 배송 49/50 | 재적재  9 | 중계율 0.24 | alpha 2.276 | step_limit
Ep 60 | 드론3 목적지21 |  573스텝 | 배송 21/21 | 재적재  3 | 중계율 0.31 | alpha 2.319 | complete
Ep 61 | 드론4 목적지26 |  421스텝 | 배송 26/26 | 재적재  3 | 중계율 0.22 | alpha 2.352 | complete
Ep 62 | 드론4 목적지55 | 1000스텝 | 배송 52/55 | 재적재  9 | 중계율 0.33 | alpha 2.413 | step_limit
Ep 63 | 드론4 목적지68 | 1000스텝 | 배송 65/68 | 재적재 11 | 중계율 0.25 | alpha 2.468 | step_limit
Ep 64 | 드론3 목적지41 | 1000스텝 | 배송 35/41 | 재적재  6 | 중계율 0.25 | alpha 2.530 | step_limit
Ep 65 | 드론4 목적지68 |  837스텝 | 배송 68/68 | 재적재 11 | 중계율 0.17 | alpha 2.581 | complete
Ep 66 | 드론3 목적지61 | 1000스텝 | 배송 59/61 | 재적재 11 | 중계율 0.19 | alpha 2.624 | step_limit
Ep 67 | 드론3 목적지53 | 1000스텝 | 배송 43/53 | 재적재  6 | 중계율 0.27 | alpha 2.658 | step_limit
Ep 68 | 드론3 목적지44 | 1000스텝 | 배송 44/44 | 재적재  8 | 중계율 0.19 | alpha 2.681 | complete
Ep 69 | 드론3 목적지34 |  667스텝 | 배송 34/34 | 재적재  5 | 중계율 0.22 | alpha 2.701 | complete
Ep 70 | 드론3 목적지31 |  768스텝 | 배송 31/31 | 재적재  5 | 중계율 0.30 | alpha 2.711 | complete
Ep 71 | 드론4 목적지71 |  847스텝 | 배송 71/71 | 재적재 13 | 중계율 0.15 | alpha 2.751 | complete
Ep 72 | 드론3 목적지53 | 1000스텝 | 배송 51/53 | 재적재  9 | 중계율 0.26 | alpha 2.796 | step_limit
Ep 73 | 드론3 목적지21 |  548스텝 | 배송 21/21 | 재적재  3 | 중계율 0.31 | alpha 2.809 | complete
Ep 74 | 드론4 목적지45 |  726스텝 | 배송 45/45 | 재적재  8 | 중계율 0.20 | alpha 2.825 | complete
Ep 75 | 드론4 목적지40 |  787스텝 | 배송 40/40 | 재적재  7 | 중계율 0.26 | alpha 2.832 | complete
Ep 76 | 드론3 목적지75 | 1000스텝 | 배송 61/75 | 재적재 10 | 중계율 0.24 | alpha 2.849 | step_limit
Ep 77 | 드론4 목적지24 |  449스텝 | 배송 24/24 | 재적재  4 | 중계율 0.23 | alpha 2.878 | complete
Ep 78 | 드론3 목적지64 | 1000스텝 | 배송 40/64 | 재적재  7 | 중계율 0.24 | alpha 2.916 | step_limit
Ep 79 | 드론3 목적지41 | 1000스텝 | 배송 36/41 | 재적재  6 | 중계율 0.19 | alpha 2.912 | step_limit
Ep 80 | 드론3 목적지69 | 1000스텝 | 배송 62/69 | 재적재 11 | 중계율 0.14 | alpha 2.881 | step_limit
Ep 81 | 드론4 목적지47 |  936스텝 | 배송 47/47 | 재적재  8 | 중계율 0.23 | alpha 2.841 | complete
Ep 82 | 드론4 목적지69 | 1000스텝 | 배송 62/69 | 재적재 10 | 중계율 0.24 | alpha 2.812 | step_limit
Ep 83 | 드론4 목적지31 |  928스텝 | 배송 31/31 | 재적재  4 | 중계율 0.33 | alpha 2.811 | complete
Ep 84 | 드론3 목적지33 |  833스텝 | 배송 33/33 | 재적재  5 | 중계율 0.22 | alpha 2.803 | complete
Ep 85 | 드론3 목적지38 |  726스텝 | 배송 38/38 | 재적재  7 | 중계율 0.15 | alpha 2.804 | complete
Ep 86 | 드론4 목적지24 |  536스텝 | 배송 24/24 | 재적재  3 | 중계율 0.25 | alpha 2.817 | complete
Ep 87 | 드론3 목적지30 |  822스텝 | 배송 30/30 | 재적재  4 | 중계율 0.20 | alpha 2.812 | complete
Ep 88 | 드론3 목적지38 |  882스텝 | 배송 38/38 | 재적재  6 | 중계율 0.21 | alpha 2.856 | complete
Ep 89 | 드론3 목적지57 | 1000스텝 | 배송 45/57 | 재적재  8 | 중계율 0.20 | alpha 2.916 | step_limit
Ep 90 | 드론4 목적지21 |  464스텝 | 배송 21/21 | 재적재  3 | 중계율 0.35 | alpha 2.943 | complete
Ep 91 | 드론4 목적지77 | 1000스텝 | 배송 60/77 | 재적재 10 | 중계율 0.20 | alpha 2.954 | step_limit
Ep 92 | 드론3 목적지69 | 1000스텝 | 배송 60/69 | 재적재 10 | 중계율 0.22 | alpha 2.963 | step_limit
Ep 93 | 드론4 목적지60 |  743스텝 | 배송 60/60 | 재적재 10 | 중계율 0.16 | alpha 3.000 | complete
Ep 94 | 드론4 목적지45 | 1000스텝 | 배송 42/45 | 재적재  7 | 중계율 0.19 | alpha 3.017 | step_limit
Ep 95 | 드론3 목적지71 | 1000스텝 | 배송 57/71 | 재적재 11 | 중계율 0.18 | alpha 2.971 | step_limit
Ep 96 | 드론3 목적지74 | 1000스텝 | 배송 58/74 | 재적재 10 | 중계율 0.17 | alpha 2.941 | step_limit
Ep 97 | 드론4 목적지47 | 1000스텝 | 배송 46/47 | 재적재  8 | 중계율 0.24 | alpha 2.900 | step_limit
Ep 98 | 드론4 목적지50 | 1000스텝 | 배송 46/50 | 재적재  8 | 중계율 0.30 | alpha 2.953 | step_limit
Ep 99 | 드론4 목적지35 |  770스텝 | 배송 35/35 | 재적재  6 | 중계율 0.27 | alpha 3.005 | complete
Ep 100 | 드론3 목적지40 |  787스텝 | 배송 40/40 | 재적재  7 | 중계율 0.29 | alpha 3.020 | complete
  [홀드아웃] 배송 50.0±0.4 완주 0.99 스텝 1242 점수 122.2 재적재 8.2 2홉+ 0.63 | 최고 122.7@ep50 정체 1/15
Ep 101 | 드론3 목적지23 |  494스텝 | 배송 23/23 | 재적재  3 | 중계율 0.26 | alpha 3.027 | complete
Ep 102 | 드론3 목적지21 |  628스텝 | 배송 21/21 | 재적재  3 | 중계율 0.29 | alpha 3.007 | complete
Ep 103 | 드론4 목적지72 |  787스텝 | 배송 72/72 | 재적재 13 | 중계율 0.18 | alpha 3.055 | complete
Ep 104 | 드론3 목적지27 |  887스텝 | 배송 27/27 | 재적재  4 | 중계율 0.29 | alpha 3.090 | complete
Ep 105 | 드론3 목적지63 | 1000스텝 | 배송 60/63 | 재적재 11 | 중계율 0.16 | alpha 3.073 | step_limit
Ep 106 | 드론4 목적지58 |  763스텝 | 배송 58/58 | 재적재  9 | 중계율 0.17 | alpha 3.069 | complete
Ep 107 | 드론4 목적지75 | 1000스텝 | 배송 59/75 | 재적재  9 | 중계율 0.29 | alpha 3.023 | step_limit
Ep 108 | 드론3 목적지55 | 1000스텝 | 배송 49/55 | 재적재  8 | 중계율 0.18 | alpha 2.982 | step_limit
Ep 109 | 드론4 목적지64 | 1000스텝 | 배송 58/64 | 재적재 10 | 중계율 0.24 | alpha 2.953 | step_limit
Ep 110 | 드론3 목적지55 | 1000스텝 | 배송 52/55 | 재적재 10 | 중계율 0.23 | alpha 2.907 | step_limit
Ep 111 | 드론4 목적지67 | 1000스텝 | 배송 56/67 | 재적재 10 | 중계율 0.22 | alpha 2.898 | step_limit
Ep 112 | 드론3 목적지46 | 1000스텝 | 배송 44/46 | 재적재  8 | 중계율 0.24 | alpha 2.928 | step_limit
Ep 113 | 드론4 목적지43 |  810스텝 | 배송 43/43 | 재적재  7 | 중계율 0.20 | alpha 2.986 | complete
Ep 114 | 드론3 목적지80 | 1000스텝 | 배송 54/80 | 재적재 10 | 중계율 0.16 | alpha 2.985 | step_limit
Ep 115 | 드론4 목적지78 |  919스텝 | 배송 78/78 | 재적재 14 | 중계율 0.20 | alpha 2.981 | complete
Ep 116 | 드론4 목적지72 |  942스텝 | 배송 72/72 | 재적재 11 | 중계율 0.28 | alpha 2.970 | complete
Ep 117 | 드론3 목적지54 | 1000스텝 | 배송 49/54 | 재적재  9 | 중계율 0.20 | alpha 2.969 | step_limit
Ep 118 | 드론3 목적지63 | 1000스텝 | 배송 54/63 | 재적재  9 | 중계율 0.28 | alpha 2.967 | step_limit
Ep 119 | 드론4 목적지66 | 1000스텝 | 배송 64/66 | 재적재 12 | 중계율 0.22 | alpha 2.990 | step_limit
Ep 120 | 드론4 목적지70 | 1000스텝 | 배송 68/70 | 재적재 13 | 중계율 0.25 | alpha 2.949 | step_limit
Ep 121 | 드론4 목적지45 |  882스텝 | 배송 45/45 | 재적재  7 | 중계율 0.26 | alpha 2.926 | complete
Ep 122 | 드론4 목적지26 | 1000스텝 | 배송 25/26 | 재적재  3 | 중계율 0.38 | alpha 2.913 | step_limit
Ep 123 | 드론4 목적지30 |  725스텝 | 배송 30/30 | 재적재  4 | 중계율 0.27 | alpha 2.898 | complete
Ep 124 | 드론3 목적지80 | 1000스텝 | 배송 64/80 | 재적재 11 | 중계율 0.21 | alpha 2.854 | step_limit
Ep 125 | 드론4 목적지41 |  879스텝 | 배송 41/41 | 재적재  7 | 중계율 0.24 | alpha 2.789 | complete
Ep 126 | 드론3 목적지50 | 1000스텝 | 배송 42/50 | 재적재  8 | 중계율 0.26 | alpha 2.720 | step_limit
Ep 127 | 드론3 목적지37 |  807스텝 | 배송 37/37 | 재적재  6 | 중계율 0.26 | alpha 2.723 | complete
Ep 128 | 드론3 목적지42 | 1000스텝 | 배송 40/42 | 재적재  8 | 중계율 0.31 | alpha 2.714 | step_limit
Ep 129 | 드론4 목적지52 |  864스텝 | 배송 52/52 | 재적재  8 | 중계율 0.22 | alpha 2.711 | complete
Ep 130 | 드론3 목적지40 |  810스텝 | 배송 40/40 | 재적재  5 | 중계율 0.28 | alpha 2.691 | complete
Ep 131 | 드론3 목적지39 |  712스텝 | 배송 39/39 | 재적재  7 | 중계율 0.20 | alpha 2.705 | complete
Ep 132 | 드론4 목적지63 | 1000스텝 | 배송 60/63 | 재적재 11 | 중계율 0.18 | alpha 2.712 | step_limit
Ep 133 | 드론3 목적지61 |  907스텝 | 배송 61/61 | 재적재 10 | 중계율 0.25 | alpha 2.703 | complete
Ep 134 | 드론4 목적지22 |  307스텝 | 배송 22/22 | 재적재  3 | 중계율 0.23 | alpha 2.694 | complete
Ep 135 | 드론3 목적지20 |  548스텝 | 배송 20/20 | 재적재  2 | 중계율 0.26 | alpha 2.680 | complete
Ep 136 | 드론4 목적지57 | 1000스텝 | 배송 56/57 | 재적재 10 | 중계율 0.33 | alpha 2.663 | step_limit
Ep 137 | 드론3 목적지24 |  568스텝 | 배송 24/24 | 재적재  4 | 중계율 0.26 | alpha 2.635 | complete
Ep 138 | 드론4 목적지35 |  681스텝 | 배송 35/35 | 재적재  6 | 중계율 0.16 | alpha 2.629 | complete
Ep 139 | 드론3 목적지29 |  684스텝 | 배송 29/29 | 재적재  5 | 중계율 0.24 | alpha 2.665 | complete
Ep 140 | 드론3 목적지32 |  928스텝 | 배송 32/32 | 재적재  5 | 중계율 0.24 | alpha 2.660 | complete
Ep 141 | 드론3 목적지54 |  986스텝 | 배송 54/54 | 재적재  9 | 중계율 0.19 | alpha 2.714 | complete
Ep 142 | 드론3 목적지42 | 1000스텝 | 배송 40/42 | 재적재  6 | 중계율 0.20 | alpha 2.746 | step_limit
Ep 143 | 드론3 목적지23 |  895스텝 | 배송 23/23 | 재적재  4 | 중계율 0.32 | alpha 2.780 | complete
Ep 144 | 드론3 목적지61 | 1000스텝 | 배송 55/61 | 재적재  9 | 중계율 0.22 | alpha 2.780 | step_limit
Ep 145 | 드론3 목적지64 | 1000스텝 | 배송 54/64 | 재적재 10 | 중계율 0.22 | alpha 2.793 | step_limit
Ep 146 | 드론3 목적지71 | 1000스텝 | 배송 59/71 | 재적재 11 | 중계율 0.18 | alpha 2.800 | step_limit
Ep 147 | 드론3 목적지48 | 1000스텝 | 배송 47/48 | 재적재  8 | 중계율 0.22 | alpha 2.766 | step_limit
Ep 148 | 드론4 목적지36 |  964스텝 | 배송 36/36 | 재적재  6 | 중계율 0.34 | alpha 2.754 | complete
Ep 149 | 드론4 목적지40 |  651스텝 | 배송 40/40 | 재적재  7 | 중계율 0.20 | alpha 2.777 | complete
Ep 150 | 드론3 목적지26 |  993스텝 | 배송 26/26 | 재적재  4 | 중계율 0.23 | alpha 2.782 | complete
  [홀드아웃] 배송 50.0±0.3 완주 0.99 스텝 1148 점수 123.4 재적재 8.3 2홉+ 0.64 | 최고 123.4@ep150 정체 0/15  ← 갱신
Ep 151 | 드론4 목적지70 | 1000스텝 | 배송 68/70 | 재적재 12 | 중계율 0.21 | alpha 2.805 | step_limit
Ep 152 | 드론4 목적지48 | 1000스텝 | 배송 47/48 | 재적재  9 | 중계율 0.26 | alpha 2.808 | step_limit
Ep 153 | 드론4 목적지57 | 1000스텝 | 배송 51/57 | 재적재  9 | 중계율 0.26 | alpha 2.822 | step_limit
Ep 154 | 드론4 목적지34 |  570스텝 | 배송 34/34 | 재적재  6 | 중계율 0.22 | alpha 2.844 | complete
Ep 155 | 드론4 목적지80 | 1000스텝 | 배송 68/80 | 재적재 12 | 중계율 0.25 | alpha 2.891 | step_limit
Ep 156 | 드론4 목적지59 |  852스텝 | 배송 59/59 | 재적재  9 | 중계율 0.27 | alpha 2.929 | complete
Ep 157 | 드론3 목적지42 | 1000스텝 | 배송 37/42 | 재적재  7 | 중계율 0.27 | alpha 2.913 | step_limit
Ep 158 | 드론4 목적지76 | 1000스텝 | 배송 70/76 | 재적재 12 | 중계율 0.13 | alpha 2.897 | step_limit
Ep 159 | 드론4 목적지47 |  861스텝 | 배송 47/47 | 재적재  8 | 중계율 0.23 | alpha 2.912 | complete
Ep 160 | 드론3 목적지62 | 1000스텝 | 배송 52/62 | 재적재 10 | 중계율 0.27 | alpha 2.906 | step_limit
Ep 161 | 드론3 목적지31 |  962스텝 | 배송 31/31 | 재적재  6 | 중계율 0.24 | alpha 2.920 | complete
Ep 162 | 드론3 목적지26 |  798스텝 | 배송 26/26 | 재적재  4 | 중계율 0.27 | alpha 2.902 | complete
Ep 163 | 드론4 목적지21 |  505스텝 | 배송 21/21 | 재적재  2 | 중계율 0.37 | alpha 2.905 | complete
Ep 164 | 드론4 목적지79 | 1000스텝 | 배송 63/79 | 재적재 11 | 중계율 0.21 | alpha 2.912 | step_limit
Ep 165 | 드론4 목적지47 |  854스텝 | 배송 47/47 | 재적재  7 | 중계율 0.17 | alpha 2.921 | complete
Ep 166 | 드론3 목적지77 | 1000스텝 | 배송 66/77 | 재적재 12 | 중계율 0.15 | alpha 2.933 | step_limit
Ep 167 | 드론4 목적지77 | 1000스텝 | 배송 56/77 | 재적재 10 | 중계율 0.26 | alpha 2.908 | step_limit
Ep 168 | 드론4 목적지29 |  565스텝 | 배송 29/29 | 재적재  4 | 중계율 0.25 | alpha 2.898 | complete
Ep 169 | 드론4 목적지59 | 1000스텝 | 배송 55/59 | 재적재 10 | 중계율 0.26 | alpha 2.888 | step_limit
Ep 170 | 드론3 목적지74 | 1000스텝 | 배송 60/74 | 재적재  9 | 중계율 0.21 | alpha 2.900 | step_limit
Ep 171 | 드론4 목적지34 |  611스텝 | 배송 34/34 | 재적재  5 | 중계율 0.18 | alpha 2.888 | complete
Ep 172 | 드론3 목적지43 | 1000스텝 | 배송 38/43 | 재적재  7 | 중계율 0.25 | alpha 2.894 | step_limit
Ep 173 | 드론3 목적지35 | 1000스텝 | 배송 34/35 | 재적재  5 | 중계율 0.27 | alpha 2.937 | step_limit
Ep 174 | 드론4 목적지43 |  793스텝 | 배송 43/43 | 재적재  7 | 중계율 0.25 | alpha 2.963 | complete
Ep 175 | 드론4 목적지30 |  774스텝 | 배송 30/30 | 재적재  3 | 중계율 0.41 | alpha 3.007 | complete
Ep 176 | 드론4 목적지29 | 1000스텝 | 배송 28/29 | 재적재  4 | 중계율 0.36 | alpha 2.974 | step_limit
Ep 177 | 드론3 목적지45 |  924스텝 | 배송 45/45 | 재적재  8 | 중계율 0.27 | alpha 2.939 | complete
Ep 178 | 드론3 목적지20 |  589스텝 | 배송 20/20 | 재적재  3 | 중계율 0.33 | alpha 2.919 | complete
Ep 179 | 드론4 목적지66 | 1000스텝 | 배송 60/66 | 재적재  9 | 중계율 0.31 | alpha 2.889 | step_limit
Ep 180 | 드론4 목적지22 |  470스텝 | 배송 22/22 | 재적재  3 | 중계율 0.18 | alpha 2.880 | complete
Ep 181 | 드론4 목적지77 | 1000스텝 | 배송 72/77 | 재적재 12 | 중계율 0.24 | alpha 2.832 | step_limit
Ep 182 | 드론3 목적지74 | 1000스텝 | 배송 61/74 | 재적재 11 | 중계율 0.20 | alpha 2.815 | step_limit
Ep 183 | 드론4 목적지40 |  433스텝 | 배송 40/40 | 재적재  6 | 중계율 0.16 | alpha 2.810 | complete
Ep 184 | 드론3 목적지77 | 1000스텝 | 배송 70/77 | 재적재 11 | 중계율 0.20 | alpha 2.838 | step_limit
Ep 185 | 드론4 목적지72 | 1000스텝 | 배송 67/72 | 재적재 11 | 중계율 0.24 | alpha 2.832 | step_limit
Ep 186 | 드론4 목적지74 | 1000스텝 | 배송 67/74 | 재적재 12 | 중계율 0.15 | alpha 2.798 | step_limit
Ep 187 | 드론3 목적지65 | 1000스텝 | 배송 45/65 | 재적재  8 | 중계율 0.16 | alpha 2.766 | step_limit
Ep 188 | 드론3 목적지80 | 1000스텝 | 배송 50/80 | 재적재  7 | 중계율 0.26 | alpha 2.770 | step_limit
Ep 189 | 드론4 목적지55 |  944스텝 | 배송 55/55 | 재적재  9 | 중계율 0.28 | alpha 2.797 | complete
Ep 190 | 드론3 목적지36 | 1000스텝 | 배송 34/36 | 재적재  6 | 중계율 0.29 | alpha 2.829 | step_limit
Ep 191 | 드론3 목적지28 |  862스텝 | 배송 28/28 | 재적재  4 | 중계율 0.23 | alpha 2.860 | complete
Ep 192 | 드론4 목적지74 | 1000스텝 | 배송 73/74 | 재적재 14 | 중계율 0.22 | alpha 2.849 | step_limit
Ep 193 | 드론3 목적지61 | 1000스텝 | 배송 48/61 | 재적재  7 | 중계율 0.27 | alpha 2.846 | step_limit
Ep 194 | 드론4 목적지73 |  879스텝 | 배송 73/73 | 재적재 14 | 중계율 0.17 | alpha 2.821 | complete
Ep 195 | 드론4 목적지69 | 1000스텝 | 배송 65/69 | 재적재 10 | 중계율 0.23 | alpha 2.863 | step_limit
Ep 196 | 드론3 목적지47 |  761스텝 | 배송 47/47 | 재적재  8 | 중계율 0.19 | alpha 2.876 | complete
Ep 197 | 드론4 목적지27 |  802스텝 | 배송 27/27 | 재적재  4 | 중계율 0.30 | alpha 2.849 | complete
Ep 198 | 드론3 목적지56 | 1000스텝 | 배송 53/56 | 재적재 10 | 중계율 0.20 | alpha 2.832 | step_limit
Ep 199 | 드론3 목적지57 | 1000스텝 | 배송 50/57 | 재적재  9 | 중계율 0.28 | alpha 2.805 | step_limit
Ep 200 | 드론4 목적지64 | 1000스텝 | 배송 58/64 | 재적재 10 | 중계율 0.26 | alpha 2.798 | step_limit
  [홀드아웃] 배송 50.0±0.0 완주 1.00 스텝 1211 점수 123.9 재적재 8.3 2홉+ 0.64 | 최고 123.9@ep200 정체 0/15  ← 갱신
Ep 201 | 드론4 목적지38 | 1000스텝 | 배송 33/38 | 재적재  6 | 중계율 0.32 | alpha 2.818 | step_limit
Ep 202 | 드론3 목적지32 |  989스텝 | 배송 32/32 | 재적재  5 | 중계율 0.30 | alpha 2.817 | complete
Ep 203 | 드론3 목적지23 |  464스텝 | 배송 23/23 | 재적재  3 | 중계율 0.18 | alpha 2.807 | complete
Ep 204 | 드론3 목적지38 | 1000스텝 | 배송 36/38 | 재적재  6 | 중계율 0.19 | alpha 2.799 | step_limit
Ep 205 | 드론3 목적지27 |  716스텝 | 배송 27/27 | 재적재  4 | 중계율 0.23 | alpha 2.766 | complete
Ep 206 | 드론3 목적지58 | 1000스텝 | 배송 50/58 | 재적재  8 | 중계율 0.26 | alpha 2.722 | step_limit
Ep 207 | 드론3 목적지52 | 1000스텝 | 배송 49/52 | 재적재  8 | 중계율 0.25 | alpha 2.720 | step_limit
Ep 208 | 드론3 목적지60 | 1000스텝 | 배송 51/60 | 재적재  9 | 중계율 0.27 | alpha 2.748 | step_limit
Ep 209 | 드론3 목적지72 | 1000스텝 | 배송 58/72 | 재적재 10 | 중계율 0.26 | alpha 2.769 | step_limit
Ep 210 | 드론4 목적지39 |  784스텝 | 배송 39/39 | 재적재  7 | 중계율 0.27 | alpha 2.808 | complete
Ep 211 | 드론3 목적지55 | 1000스텝 | 배송 52/55 | 재적재  9 | 중계율 0.24 | alpha 2.771 | step_limit
Ep 212 | 드론3 목적지62 | 1000스텝 | 배송 55/62 | 재적재 10 | 중계율 0.18 | alpha 2.748 | step_limit
Ep 213 | 드론4 목적지77 |  882스텝 | 배송 77/77 | 재적재 14 | 중계율 0.15 | alpha 2.751 | complete
Ep 214 | 드론3 목적지44 |  967스텝 | 배송 44/44 | 재적재  7 | 중계율 0.27 | alpha 2.751 | complete
Ep 215 | 드론3 목적지49 |  935스텝 | 배송 49/49 | 재적재  8 | 중계율 0.30 | alpha 2.764 | complete
Ep 216 | 드론4 목적지29 |  968스텝 | 배송 29/29 | 재적재  5 | 중계율 0.37 | alpha 2.792 | complete
Ep 217 | 드론4 목적지36 |  486스텝 | 배송 36/36 | 재적재  5 | 중계율 0.18 | alpha 2.794 | complete
Ep 218 | 드론4 목적지55 |  729스텝 | 배송 55/55 | 재적재 10 | 중계율 0.21 | alpha 2.781 | complete
Ep 219 | 드론3 목적지35 | 1000스텝 | 배송 34/35 | 재적재  6 | 중계율 0.28 | alpha 2.772 | step_limit
Ep 220 | 드론4 목적지73 | 1000스텝 | 배송 66/73 | 재적재 12 | 중계율 0.21 | alpha 2.777 | step_limit
Ep 221 | 드론4 목적지25 |  680스텝 | 배송 25/25 | 재적재  4 | 중계율 0.30 | alpha 2.779 | complete
Ep 222 | 드론3 목적지30 |  718스텝 | 배송 30/30 | 재적재  5 | 중계율 0.24 | alpha 2.755 | complete
Ep 223 | 드론3 목적지45 | 1000스텝 | 배송 40/45 | 재적재  7 | 중계율 0.27 | alpha 2.764 | step_limit
Ep 224 | 드론4 목적지76 | 1000스텝 | 배송 60/76 | 재적재 10 | 중계율 0.29 | alpha 2.775 | step_limit
Ep 225 | 드론4 목적지70 | 1000스텝 | 배송 67/70 | 재적재 11 | 중계율 0.22 | alpha 2.772 | step_limit
Ep 226 | 드론4 목적지73 |  957스텝 | 배송 73/73 | 재적재 13 | 중계율 0.19 | alpha 2.722 | complete
Ep 227 | 드론4 목적지56 | 1000스텝 | 배송 55/56 | 재적재 10 | 중계율 0.20 | alpha 2.765 | step_limit
Ep 228 | 드론4 목적지24 |  608스텝 | 배송 24/24 | 재적재  3 | 중계율 0.23 | alpha 2.759 | complete
Ep 229 | 드론3 목적지32 | 1000스텝 | 배송 27/32 | 재적재  5 | 중계율 0.31 | alpha 2.741 | step_limit
Ep 230 | 드론3 목적지62 | 1000스텝 | 배송 59/62 | 재적재 10 | 중계율 0.17 | alpha 2.748 | step_limit
Ep 231 | 드론3 목적지27 |  600스텝 | 배송 27/27 | 재적재  5 | 중계율 0.23 | alpha 2.750 | complete
Ep 232 | 드론4 목적지27 |  784스텝 | 배송 27/27 | 재적재  3 | 중계율 0.35 | alpha 2.731 | complete
Ep 233 | 드론4 목적지58 | 1000스텝 | 배송 56/58 | 재적재 10 | 중계율 0.27 | alpha 2.722 | step_limit
Ep 234 | 드론3 목적지56 | 1000스텝 | 배송 49/56 | 재적재  8 | 중계율 0.20 | alpha 2.721 | step_limit
Ep 235 | 드론3 목적지49 | 1000스텝 | 배송 46/49 | 재적재  8 | 중계율 0.26 | alpha 2.707 | step_limit
Ep 236 | 드론4 목적지71 | 1000스텝 | 배송 66/71 | 재적재 11 | 중계율 0.25 | alpha 2.707 | step_limit
Ep 237 | 드론4 목적지77 |  842스텝 | 배송 77/77 | 재적재 15 | 중계율 0.17 | alpha 2.691 | complete
Ep 238 | 드론4 목적지27 |  637스텝 | 배송 27/27 | 재적재  5 | 중계율 0.24 | alpha 2.702 | complete
Ep 239 | 드론4 목적지37 | 1000스텝 | 배송 35/37 | 재적재  6 | 중계율 0.31 | alpha 2.730 | step_limit
Ep 240 | 드론4 목적지70 |  719스텝 | 배송 70/70 | 재적재 12 | 중계율 0.13 | alpha 2.727 | complete
Ep 241 | 드론3 목적지46 | 1000스텝 | 배송 44/46 | 재적재  7 | 중계율 0.25 | alpha 2.705 | step_limit
Ep 242 | 드론4 목적지65 | 1000스텝 | 배송 63/65 | 재적재 11 | 중계율 0.16 | alpha 2.722 | step_limit
Ep 243 | 드론4 목적지39 |  789스텝 | 배송 39/39 | 재적재  6 | 중계율 0.33 | alpha 2.703 | complete
Ep 244 | 드론3 목적지51 | 1000스텝 | 배송 46/51 | 재적재  9 | 중계율 0.22 | alpha 2.687 | step_limit
Ep 245 | 드론3 목적지52 | 1000스텝 | 배송 42/52 | 재적재  8 | 중계율 0.32 | alpha 2.707 | step_limit
Ep 246 | 드론4 목적지54 |  793스텝 | 배송 54/54 | 재적재  9 | 중계율 0.20 | alpha 2.689 | complete
Ep 247 | 드론4 목적지69 | 1000스텝 | 배송 68/69 | 재적재 12 | 중계율 0.26 | alpha 2.690 | step_limit
Ep 248 | 드론3 목적지77 | 1000스텝 | 배송 63/77 | 재적재 11 | 중계율 0.19 | alpha 2.683 | step_limit
Ep 249 | 드론4 목적지70 |  796스텝 | 배송 70/70 | 재적재 13 | 중계율 0.19 | alpha 2.688 | complete
Ep 250 | 드론3 목적지51 | 1000스텝 | 배송 45/51 | 재적재  8 | 중계율 0.24 | alpha 2.726 | step_limit
  [홀드아웃] 배송 50.0±0.0 완주 1.00 스텝 1132 점수 124.9 재적재 8.2 2홉+ 0.63 | 최고 124.9@ep250 정체 0/15  ← 갱신
Ep 251 | 드론4 목적지33 |  897스텝 | 배송 33/33 | 재적재  5 | 중계율 0.24 | alpha 2.730 | complete
Ep 252 | 드론3 목적지25 |  475스텝 | 배송 25/25 | 재적재  3 | 중계율 0.22 | alpha 2.720 | complete
Ep 253 | 드론4 목적지49 | 1000스텝 | 배송 45/49 | 재적재  8 | 중계율 0.32 | alpha 2.734 | step_limit
Ep 254 | 드론4 목적지26 |  407스텝 | 배송 26/26 | 재적재  3 | 중계율 0.21 | alpha 2.728 | complete
Ep 255 | 드론3 목적지38 |  799스텝 | 배송 38/38 | 재적재  6 | 중계율 0.22 | alpha 2.716 | complete
Ep 256 | 드론3 목적지27 |  675스텝 | 배송 27/27 | 재적재  4 | 중계율 0.31 | alpha 2.700 | complete
Ep 257 | 드론3 목적지44 | 1000스텝 | 배송 41/44 | 재적재  7 | 중계율 0.29 | alpha 2.684 | step_limit
Ep 258 | 드론4 목적지73 |  985스텝 | 배송 73/73 | 재적재 13 | 중계율 0.24 | alpha 2.715 | complete
Ep 259 | 드론4 목적지65 |  982스텝 | 배송 65/65 | 재적재 11 | 중계율 0.23 | alpha 2.715 | complete
Ep 260 | 드론4 목적지49 |  815스텝 | 배송 49/49 | 재적재  9 | 중계율 0.24 | alpha 2.699 | complete
Ep 261 | 드론4 목적지21 |  369스텝 | 배송 21/21 | 재적재  2 | 중계율 0.26 | alpha 2.698 | complete
Ep 262 | 드론3 목적지69 | 1000스텝 | 배송 61/69 | 재적재 12 | 중계율 0.21 | alpha 2.677 | step_limit
Ep 263 | 드론3 목적지40 |  821스텝 | 배송 40/40 | 재적재  6 | 중계율 0.27 | alpha 2.679 | complete
Ep 264 | 드론4 목적지35 |  848스텝 | 배송 35/35 | 재적재  6 | 중계율 0.26 | alpha 2.680 | complete
Ep 265 | 드론4 목적지52 |  594스텝 | 배송 52/52 | 재적재  9 | 중계율 0.16 | alpha 2.677 | complete
Ep 266 | 드론3 목적지33 |  526스텝 | 배송 33/33 | 재적재  6 | 중계율 0.19 | alpha 2.680 | complete
Ep 267 | 드론4 목적지32 |  495스텝 | 배송 32/32 | 재적재  5 | 중계율 0.29 | alpha 2.685 | complete
Ep 268 | 드론3 목적지39 | 1000스텝 | 배송 36/39 | 재적재  7 | 중계율 0.24 | alpha 2.666 | step_limit
Ep 269 | 드론4 목적지71 |  904스텝 | 배송 71/71 | 재적재 12 | 중계율 0.21 | alpha 2.663 | complete
Ep 270 | 드론3 목적지56 | 1000스텝 | 배송 45/56 | 재적재  8 | 중계율 0.26 | alpha 2.666 | step_limit
Ep 271 | 드론4 목적지66 | 1000스텝 | 배송 64/66 | 재적재 12 | 중계율 0.26 | alpha 2.699 | step_limit
Ep 272 | 드론3 목적지33 |  812스텝 | 배송 33/33 | 재적재  5 | 중계율 0.19 | alpha 2.716 | complete
Ep 273 | 드론4 목적지75 | 1000스텝 | 배송 65/75 | 재적재 11 | 중계율 0.22 | alpha 2.699 | step_limit
Ep 274 | 드론3 목적지63 | 1000스텝 | 배송 54/63 | 재적재 10 | 중계율 0.17 | alpha 2.705 | step_limit
Ep 275 | 드론3 목적지46 | 1000스텝 | 배송 42/46 | 재적재  7 | 중계율 0.28 | alpha 2.676 | step_limit
Ep 276 | 드론4 목적지62 | 1000스텝 | 배송 55/62 | 재적재  9 | 중계율 0.27 | alpha 2.659 | step_limit
Ep 277 | 드론4 목적지35 |  869스텝 | 배송 35/35 | 재적재  6 | 중계율 0.27 | alpha 2.664 | complete
Ep 278 | 드론3 목적지79 | 1000스텝 | 배송 69/79 | 재적재 13 | 중계율 0.20 | alpha 2.637 | step_limit
Ep 279 | 드론3 목적지50 | 1000스텝 | 배송 49/50 | 재적재  9 | 중계율 0.25 | alpha 2.652 | step_limit
Ep 280 | 드론3 목적지71 | 1000스텝 | 배송 47/71 | 재적재  9 | 중계율 0.17 | alpha 2.632 | step_limit
Ep 281 | 드론4 목적지52 |  869스텝 | 배송 52/52 | 재적재 10 | 중계율 0.28 | alpha 2.613 | complete
Ep 282 | 드론3 목적지55 | 1000스텝 | 배송 51/55 | 재적재 10 | 중계율 0.22 | alpha 2.627 | step_limit
Ep 283 | 드론3 목적지44 |  927스텝 | 배송 44/44 | 재적재  7 | 중계율 0.15 | alpha 2.655 | complete
Ep 284 | 드론4 목적지61 | 1000스텝 | 배송 60/61 | 재적재 11 | 중계율 0.22 | alpha 2.637 | step_limit
Ep 285 | 드론4 목적지61 |  828스텝 | 배송 61/61 | 재적재 11 | 중계율 0.22 | alpha 2.633 | complete
Ep 286 | 드론4 목적지35 |  728스텝 | 배송 35/35 | 재적재  6 | 중계율 0.17 | alpha 2.622 | complete
Ep 287 | 드론4 목적지42 |  673스텝 | 배송 42/42 | 재적재  8 | 중계율 0.24 | alpha 2.635 | complete
Ep 288 | 드론3 목적지26 |  982스텝 | 배송 26/26 | 재적재  4 | 중계율 0.26 | alpha 2.628 | complete
Ep 289 | 드론4 목적지71 | 1000스텝 | 배송 64/71 | 재적재 10 | 중계율 0.19 | alpha 2.656 | step_limit
Ep 290 | 드론3 목적지34 |  922스텝 | 배송 34/34 | 재적재  6 | 중계율 0.22 | alpha 2.635 | complete
Ep 291 | 드론4 목적지70 | 1000스텝 | 배송 68/70 | 재적재 13 | 중계율 0.22 | alpha 2.599 | step_limit
Ep 292 | 드론4 목적지25 |  377스텝 | 배송 25/25 | 재적재  4 | 중계율 0.24 | alpha 2.607 | complete
Ep 293 | 드론4 목적지78 | 1000스텝 | 배송 68/78 | 재적재 13 | 중계율 0.24 | alpha 2.611 | step_limit
Ep 294 | 드론3 목적지63 | 1000스텝 | 배송 55/63 | 재적재  8 | 중계율 0.25 | alpha 2.585 | step_limit
Ep 295 | 드론3 목적지40 |  745스텝 | 배송 40/40 | 재적재  6 | 중계율 0.26 | alpha 2.574 | complete
Ep 296 | 드론3 목적지78 | 1000스텝 | 배송 52/78 | 재적재 10 | 중계율 0.21 | alpha 2.603 | step_limit
Ep 297 | 드론3 목적지76 | 1000스텝 | 배송 71/76 | 재적재 14 | 중계율 0.15 | alpha 2.614 | step_limit
Ep 298 | 드론4 목적지42 |  506스텝 | 배송 42/42 | 재적재  6 | 중계율 0.17 | alpha 2.587 | complete
Ep 299 | 드론4 목적지34 |  946스텝 | 배송 34/34 | 재적재  5 | 중계율 0.39 | alpha 2.600 | complete
Ep 300 | 드론4 목적지73 | 1000스텝 | 배송 66/73 | 재적재 11 | 중계율 0.25 | alpha 2.617 | step_limit
  [홀드아웃] 배송 50.0±0.0 완주 1.00 스텝 1105 점수 125.3 재적재 8.3 2홉+ 0.63 | 최고 125.3@ep300 정체 0/15  ← 갱신
Ep 301 | 드론4 목적지74 |  855스텝 | 배송 74/74 | 재적재 14 | 중계율 0.15 | alpha 2.609 | complete
Ep 302 | 드론3 목적지56 | 1000스텝 | 배송 53/56 | 재적재 10 | 중계율 0.15 | alpha 2.630 | step_limit
Ep 303 | 드론4 목적지24 |  614스텝 | 배송 24/24 | 재적재  3 | 중계율 0.26 | alpha 2.603 | complete
Ep 304 | 드론4 목적지67 | 1000스텝 | 배송 51/67 | 재적재  9 | 중계율 0.23 | alpha 2.574 | step_limit
Ep 305 | 드론3 목적지69 | 1000스텝 | 배송 55/69 | 재적재  9 | 중계율 0.20 | alpha 2.623 | step_limit
Ep 306 | 드론3 목적지30 |  691스텝 | 배송 30/30 | 재적재  4 | 중계율 0.21 | alpha 2.620 | complete
Ep 307 | 드론4 목적지46 | 1000스텝 | 배송 44/46 | 재적재  8 | 중계율 0.19 | alpha 2.620 | step_limit
Ep 308 | 드론3 목적지45 |  908스텝 | 배송 45/45 | 재적재  8 | 중계율 0.23 | alpha 2.627 | complete
Ep 309 | 드론4 목적지80 | 1000스텝 | 배송 68/80 | 재적재 12 | 중계율 0.24 | alpha 2.627 | step_limit
Ep 310 | 드론3 목적지26 |  750스텝 | 배송 26/26 | 재적재  5 | 중계율 0.20 | alpha 2.656 | complete
Ep 311 | 드론3 목적지52 | 1000스텝 | 배송 49/52 | 재적재  9 | 중계율 0.19 | alpha 2.633 | step_limit
Ep 312 | 드론3 목적지42 | 1000스텝 | 배송 41/42 | 재적재  7 | 중계율 0.27 | alpha 2.635 | step_limit
Ep 313 | 드론3 목적지60 | 1000스텝 | 배송 55/60 | 재적재  8 | 중계율 0.26 | alpha 2.630 | step_limit
Ep 314 | 드론3 목적지78 | 1000스텝 | 배송 61/78 | 재적재 11 | 중계율 0.23 | alpha 2.641 | step_limit
Ep 315 | 드론4 목적지51 | 1000스텝 | 배송 44/51 | 재적재  7 | 중계율 0.29 | alpha 2.623 | step_limit
Ep 316 | 드론4 목적지58 |  709스텝 | 배송 58/58 | 재적재 11 | 중계율 0.20 | alpha 2.628 | complete
Ep 317 | 드론4 목적지75 | 1000스텝 | 배송 68/75 | 재적재 12 | 중계율 0.20 | alpha 2.601 | step_limit
Ep 318 | 드론4 목적지56 | 1000스텝 | 배송 53/56 | 재적재  9 | 중계율 0.26 | alpha 2.600 | step_limit
Ep 319 | 드론3 목적지69 | 1000스텝 | 배송 42/69 | 재적재  7 | 중계율 0.23 | alpha 2.580 | step_limit
Ep 320 | 드론4 목적지45 |  820스텝 | 배송 45/45 | 재적재  7 | 중계율 0.28 | alpha 2.574 | complete
Ep 321 | 드론4 목적지28 |  390스텝 | 배송 28/28 | 재적재  3 | 중계율 0.22 | alpha 2.570 | complete
Ep 322 | 드론4 목적지59 |  990스텝 | 배송 59/59 | 재적재 10 | 중계율 0.17 | alpha 2.584 | complete
Ep 323 | 드론3 목적지44 | 1000스텝 | 배송 42/44 | 재적재  7 | 중계율 0.32 | alpha 2.642 | step_limit
Ep 324 | 드론3 목적지25 |  646스텝 | 배송 25/25 | 재적재  3 | 중계율 0.20 | alpha 2.647 | complete
Ep 325 | 드론4 목적지65 |  926스텝 | 배송 65/65 | 재적재 12 | 중계율 0.22 | alpha 2.630 | complete
Ep 326 | 드론3 목적지31 |  697스텝 | 배송 31/31 | 재적재  5 | 중계율 0.22 | alpha 2.615 | complete
Ep 327 | 드론4 목적지67 |  932스텝 | 배송 67/67 | 재적재 12 | 중계율 0.23 | alpha 2.606 | complete
Ep 328 | 드론3 목적지65 | 1000스텝 | 배송 58/65 | 재적재 11 | 중계율 0.17 | alpha 2.584 | step_limit
Ep 329 | 드론4 목적지33 |  594스텝 | 배송 33/33 | 재적재  5 | 중계율 0.28 | alpha 2.569 | complete
Ep 330 | 드론4 목적지76 | 1000스텝 | 배송 65/76 | 재적재 12 | 중계율 0.22 | alpha 2.578 | step_limit
Ep 331 | 드론3 목적지76 | 1000스텝 | 배송 64/76 | 재적재 11 | 중계율 0.23 | alpha 2.612 | step_limit
Ep 332 | 드론4 목적지75 | 1000스텝 | 배송 72/75 | 재적재 13 | 중계율 0.19 | alpha 2.578 | step_limit
Ep 333 | 드론3 목적지26 |  436스텝 | 배송 26/26 | 재적재  3 | 중계율 0.20 | alpha 2.571 | complete
Ep 334 | 드론3 목적지63 | 1000스텝 | 배송 61/63 | 재적재 10 | 중계율 0.19 | alpha 2.585 | step_limit
Ep 335 | 드론4 목적지28 |  784스텝 | 배송 28/28 | 재적재  5 | 중계율 0.31 | alpha 2.592 | complete
Ep 336 | 드론3 목적지54 |  993스텝 | 배송 54/54 | 재적재  9 | 중계율 0.22 | alpha 2.599 | complete
Ep 337 | 드론3 목적지65 | 1000스텝 | 배송 59/65 | 재적재  9 | 중계율 0.27 | alpha 2.590 | step_limit
Ep 338 | 드론3 목적지68 | 1000스텝 | 배송 56/68 | 재적재 10 | 중계율 0.24 | alpha 2.574 | step_limit
Ep 339 | 드론4 목적지47 |  619스텝 | 배송 47/47 | 재적재  8 | 중계율 0.18 | alpha 2.572 | complete
Ep 340 | 드론3 목적지73 | 1000스텝 | 배송 60/73 | 재적재 11 | 중계율 0.22 | alpha 2.607 | step_limit
Ep 341 | 드론3 목적지64 | 1000스텝 | 배송 52/64 | 재적재  9 | 중계율 0.32 | alpha 2.588 | step_limit
Ep 342 | 드론3 목적지26 |  774스텝 | 배송 26/26 | 재적재  4 | 중계율 0.20 | alpha 2.578 | complete
Ep 343 | 드론4 목적지58 | 1000스텝 | 배송 52/58 | 재적재  9 | 중계율 0.25 | alpha 2.598 | step_limit
Ep 344 | 드론4 목적지23 |  294스텝 | 배송 23/23 | 재적재  2 | 중계율 0.09 | alpha 2.583 | complete
Ep 345 | 드론4 목적지53 |  990스텝 | 배송 53/53 | 재적재 10 | 중계율 0.24 | alpha 2.575 | complete
Ep 346 | 드론3 목적지21 |  830스텝 | 배송 21/21 | 재적재  3 | 중계율 0.29 | alpha 2.564 | complete
Ep 347 | 드론4 목적지39 |  830스텝 | 배송 39/39 | 재적재  6 | 중계율 0.25 | alpha 2.574 | complete
Ep 348 | 드론4 목적지46 |  499스텝 | 배송 46/46 | 재적재  8 | 중계율 0.18 | alpha 2.574 | complete
Ep 349 | 드론4 목적지37 |  617스텝 | 배송 37/37 | 재적재  5 | 중계율 0.22 | alpha 2.569 | complete
Ep 350 | 드론3 목적지42 |  924스텝 | 배송 42/42 | 재적재  7 | 중계율 0.25 | alpha 2.575 | complete
  [홀드아웃] 배송 50.0±0.0 완주 1.00 스텝 1124 점수 125.0 재적재 8.2 2홉+ 0.62 | 최고 125.3@ep300 정체 1/15
Ep 351 | 드론4 목적지54 |  958스텝 | 배송 54/54 | 재적재 10 | 중계율 0.25 | alpha 2.562 | complete
Ep 352 | 드론4 목적지69 | 1000스텝 | 배송 62/69 | 재적재 12 | 중계율 0.23 | alpha 2.555 | step_limit
Ep 353 | 드론3 목적지44 |  854스텝 | 배송 44/44 | 재적재  7 | 중계율 0.22 | alpha 2.569 | complete
Ep 354 | 드론3 목적지49 | 1000스텝 | 배송 44/49 | 재적재  8 | 중계율 0.19 | alpha 2.594 | step_limit
Ep 355 | 드론3 목적지28 |  450스텝 | 배송 28/28 | 재적재  4 | 중계율 0.20 | alpha 2.601 | complete
Ep 356 | 드론3 목적지79 | 1000스텝 | 배송 72/79 | 재적재 13 | 중계율 0.18 | alpha 2.564 | step_limit
Ep 357 | 드론4 목적지71 |  822스텝 | 배송 71/71 | 재적재 12 | 중계율 0.13 | alpha 2.543 | complete
Ep 358 | 드론3 목적지30 |  690스텝 | 배송 30/30 | 재적재  5 | 중계율 0.29 | alpha 2.535 | complete
Ep 359 | 드론3 목적지74 | 1000스텝 | 배송 67/74 | 재적재 13 | 중계율 0.20 | alpha 2.574 | step_limit
Ep 360 | 드론4 목적지47 |  609스텝 | 배송 47/47 | 재적재  7 | 중계율 0.20 | alpha 2.591 | complete
Ep 361 | 드론3 목적지43 | 1000스텝 | 배송 39/43 | 재적재  6 | 중계율 0.23 | alpha 2.597 | step_limit
Ep 362 | 드론4 목적지78 | 1000스텝 | 배송 73/78 | 재적재 13 | 중계율 0.19 | alpha 2.620 | step_limit
Ep 363 | 드론4 목적지70 |  935스텝 | 배송 70/70 | 재적재 13 | 중계율 0.17 | alpha 2.601 | complete
Ep 364 | 드론3 목적지64 | 1000스텝 | 배송 51/64 | 재적재 10 | 중계율 0.20 | alpha 2.571 | step_limit
Ep 365 | 드론3 목적지63 | 1000스텝 | 배송 46/63 | 재적재  8 | 중계율 0.23 | alpha 2.579 | step_limit
Ep 366 | 드론3 목적지44 |  919스텝 | 배송 44/44 | 재적재  7 | 중계율 0.25 | alpha 2.560 | complete
Ep 367 | 드론4 목적지38 |  603스텝 | 배송 38/38 | 재적재  6 | 중계율 0.21 | alpha 2.550 | complete
Ep 368 | 드론3 목적지37 |  836스텝 | 배송 37/37 | 재적재  6 | 중계율 0.19 | alpha 2.559 | complete
Ep 369 | 드론3 목적지42 |  821스텝 | 배송 42/42 | 재적재  7 | 중계율 0.18 | alpha 2.553 | complete
Ep 370 | 드론3 목적지70 | 1000스텝 | 배송 60/70 | 재적재 11 | 중계율 0.20 | alpha 2.602 | step_limit
Ep 371 | 드론3 목적지40 |  897스텝 | 배송 40/40 | 재적재  7 | 중계율 0.23 | alpha 2.607 | complete
Ep 372 | 드론4 목적지29 |  486스텝 | 배송 29/29 | 재적재  5 | 중계율 0.21 | alpha 2.589 | complete
Ep 373 | 드론3 목적지79 | 1000스텝 | 배송 67/79 | 재적재 12 | 중계율 0.21 | alpha 2.543 | step_limit
Ep 374 | 드론3 목적지40 |  957스텝 | 배송 40/40 | 재적재  6 | 중계율 0.25 | alpha 2.560 | complete
Ep 375 | 드론3 목적지28 |  519스텝 | 배송 28/28 | 재적재  4 | 중계율 0.18 | alpha 2.557 | complete
Ep 376 | 드론3 목적지40 | 1000스텝 | 배송 35/40 | 재적재  6 | 중계율 0.28 | alpha 2.552 | step_limit
Ep 377 | 드론3 목적지72 | 1000스텝 | 배송 60/72 | 재적재  9 | 중계율 0.28 | alpha 2.553 | step_limit
Ep 378 | 드론4 목적지61 |  728스텝 | 배송 61/61 | 재적재 11 | 중계율 0.17 | alpha 2.567 | complete
Ep 379 | 드론4 목적지68 | 1000스텝 | 배송 61/68 | 재적재 11 | 중계율 0.26 | alpha 2.555 | step_limit
Ep 380 | 드론3 목적지24 |  479스텝 | 배송 24/24 | 재적재  3 | 중계율 0.18 | alpha 2.559 | complete
Ep 381 | 드론3 목적지52 | 1000스텝 | 배송 45/52 | 재적재  8 | 중계율 0.23 | alpha 2.591 | step_limit
Ep 382 | 드론4 목적지35 |  439스텝 | 배송 35/35 | 재적재  4 | 중계율 0.19 | alpha 2.599 | complete
Ep 383 | 드론3 목적지47 | 1000스텝 | 배송 44/47 | 재적재  7 | 중계율 0.25 | alpha 2.589 | step_limit
Ep 384 | 드론3 목적지28 |  521스텝 | 배송 28/28 | 재적재  5 | 중계율 0.20 | alpha 2.598 | complete
Ep 385 | 드론4 목적지70 |  986스텝 | 배송 70/70 | 재적재 12 | 중계율 0.24 | alpha 2.609 | complete
Ep 386 | 드론4 목적지71 | 1000스텝 | 배송 68/71 | 재적재 12 | 중계율 0.17 | alpha 2.595 | step_limit
Ep 387 | 드론3 목적지49 |  811스텝 | 배송 49/49 | 재적재  8 | 중계율 0.16 | alpha 2.547 | complete
Ep 388 | 드론3 목적지21 |  582스텝 | 배송 21/21 | 재적재  3 | 중계율 0.26 | alpha 2.516 | complete
Ep 389 | 드론4 목적지60 |  839스텝 | 배송 60/60 | 재적재 10 | 중계율 0.16 | alpha 2.511 | complete
Ep 390 | 드론4 목적지30 |  419스텝 | 배송 30/30 | 재적재  4 | 중계율 0.24 | alpha 2.533 | complete
Ep 391 | 드론3 목적지51 | 1000스텝 | 배송 48/51 | 재적재  9 | 중계율 0.16 | alpha 2.535 | step_limit
Ep 392 | 드론3 목적지39 |  859스텝 | 배송 39/39 | 재적재  6 | 중계율 0.25 | alpha 2.535 | complete
Ep 393 | 드론4 목적지73 | 1000스텝 | 배송 69/73 | 재적재 13 | 중계율 0.14 | alpha 2.535 | step_limit
Ep 394 | 드론3 목적지32 |  984스텝 | 배송 32/32 | 재적재  6 | 중계율 0.31 | alpha 2.539 | complete
Ep 395 | 드론4 목적지70 | 1000스텝 | 배송 69/70 | 재적재 13 | 중계율 0.20 | alpha 2.507 | step_limit
Ep 396 | 드론4 목적지28 |  474스텝 | 배송 28/28 | 재적재  3 | 중계율 0.19 | alpha 2.513 | complete
Ep 397 | 드론3 목적지39 |  960스텝 | 배송 39/39 | 재적재  6 | 중계율 0.27 | alpha 2.570 | complete
Ep 398 | 드론3 목적지40 |  903스텝 | 배송 40/40 | 재적재  7 | 중계율 0.25 | alpha 2.572 | complete
Ep 399 | 드론3 목적지51 |  875스텝 | 배송 51/51 | 재적재  9 | 중계율 0.18 | alpha 2.533 | complete
Ep 400 | 드론3 목적지79 | 1000스텝 | 배송 56/79 | 재적재 10 | 중계율 0.24 | alpha 2.525 | step_limit
  [홀드아웃] 배송 50.0±0.0 완주 1.00 스텝 1083 점수 125.6 재적재 8.2 2홉+ 0.62 | 최고 125.6@ep400 정체 0/15  ← 갱신
Ep 401 | 드론3 목적지63 | 1000스텝 | 배송 56/63 | 재적재 11 | 중계율 0.22 | alpha 2.513 | step_limit
Ep 402 | 드론3 목적지32 |  708스텝 | 배송 32/32 | 재적재  5 | 중계율 0.18 | alpha 2.529 | complete
Ep 403 | 드론3 목적지76 | 1000스텝 | 배송 65/76 | 재적재 12 | 중계율 0.19 | alpha 2.542 | step_limit
Ep 404 | 드론4 목적지23 |  331스텝 | 배송 23/23 | 재적재  3 | 중계율 0.17 | alpha 2.546 | complete
Ep 405 | 드론3 목적지67 | 1000스텝 | 배송 50/67 | 재적재  9 | 중계율 0.27 | alpha 2.582 | step_limit
Ep 406 | 드론3 목적지48 | 1000스텝 | 배송 44/48 | 재적재  8 | 중계율 0.22 | alpha 2.583 | step_limit
Ep 407 | 드론3 목적지72 | 1000스텝 | 배송 60/72 | 재적재 10 | 중계율 0.20 | alpha 2.597 | step_limit
Ep 408 | 드론4 목적지79 | 1000스텝 | 배송 72/79 | 재적재 13 | 중계율 0.25 | alpha 2.607 | step_limit
Ep 409 | 드론4 목적지28 |  512스텝 | 배송 28/28 | 재적재  4 | 중계율 0.14 | alpha 2.619 | complete
Ep 410 | 드론4 목적지46 |  936스텝 | 배송 46/46 | 재적재  7 | 중계율 0.25 | alpha 2.623 | complete
Ep 411 | 드론4 목적지69 | 1000스텝 | 배송 62/69 | 재적재 11 | 중계율 0.30 | alpha 2.609 | step_limit
Ep 412 | 드론3 목적지47 | 1000스텝 | 배송 36/47 | 재적재  5 | 중계율 0.20 | alpha 2.590 | step_limit
Ep 413 | 드론4 목적지45 |  749스텝 | 배송 45/45 | 재적재  8 | 중계율 0.23 | alpha 2.618 | complete
Ep 414 | 드론3 목적지76 | 1000스텝 | 배송 60/76 | 재적재 11 | 중계율 0.21 | alpha 2.589 | step_limit
Ep 415 | 드론3 목적지79 | 1000스텝 | 배송 60/79 | 재적재 10 | 중계율 0.22 | alpha 2.563 | step_limit
Ep 416 | 드론3 목적지20 |  537스텝 | 배송 20/20 | 재적재  3 | 중계율 0.22 | alpha 2.565 | complete
Ep 417 | 드론3 목적지45 | 1000스텝 | 배송 41/45 | 재적재  8 | 중계율 0.21 | alpha 2.576 | step_limit
Ep 418 | 드론3 목적지75 | 1000스텝 | 배송 67/75 | 재적재 11 | 중계율 0.21 | alpha 2.592 | step_limit
Ep 419 | 드론4 목적지78 | 1000스텝 | 배송 73/78 | 재적재 12 | 중계율 0.23 | alpha 2.610 | step_limit
Ep 420 | 드론4 목적지33 |  567스텝 | 배송 33/33 | 재적재  5 | 중계율 0.19 | alpha 2.620 | complete
Ep 421 | 드론3 목적지62 | 1000스텝 | 배송 44/62 | 재적재  8 | 중계율 0.20 | alpha 2.592 | step_limit
Ep 422 | 드론4 목적지51 | 1000스텝 | 배송 49/51 | 재적재  9 | 중계율 0.28 | alpha 2.553 | step_limit
Ep 423 | 드론3 목적지44 |  890스텝 | 배송 44/44 | 재적재  7 | 중계율 0.30 | alpha 2.572 | complete
Ep 424 | 드론3 목적지33 |  887스텝 | 배송 33/33 | 재적재  5 | 중계율 0.28 | alpha 2.539 | complete
Ep 425 | 드론3 목적지33 |  646스텝 | 배송 33/33 | 재적재  5 | 중계율 0.13 | alpha 2.551 | complete
Ep 426 | 드론4 목적지24 |  407스텝 | 배송 24/24 | 재적재  3 | 중계율 0.20 | alpha 2.555 | complete
Ep 427 | 드론3 목적지64 | 1000스텝 | 배송 51/64 | 재적재  9 | 중계율 0.26 | alpha 2.545 | step_limit
Ep 428 | 드론4 목적지53 | 1000스텝 | 배송 46/53 | 재적재  7 | 중계율 0.30 | alpha 2.541 | step_limit
Ep 429 | 드론3 목적지36 |  682스텝 | 배송 36/36 | 재적재  6 | 중계율 0.22 | alpha 2.515 | complete
Ep 430 | 드론4 목적지48 | 1000스텝 | 배송 44/48 | 재적재  8 | 중계율 0.23 | alpha 2.513 | step_limit
Ep 431 | 드론3 목적지56 | 1000스텝 | 배송 45/56 | 재적재  8 | 중계율 0.23 | alpha 2.537 | step_limit
Ep 432 | 드론3 목적지45 | 1000스텝 | 배송 44/45 | 재적재  8 | 중계율 0.26 | alpha 2.549 | step_limit
Ep 433 | 드론4 목적지25 |  505스텝 | 배송 25/25 | 재적재  3 | 중계율 0.25 | alpha 2.541 | complete
Ep 434 | 드론3 목적지58 | 1000스텝 | 배송 54/58 | 재적재  9 | 중계율 0.21 | alpha 2.524 | step_limit
Ep 435 | 드론3 목적지72 | 1000스텝 | 배송 46/72 | 재적재  8 | 중계율 0.23 | alpha 2.545 | step_limit
Ep 436 | 드론3 목적지71 | 1000스텝 | 배송 61/71 | 재적재 10 | 중계율 0.20 | alpha 2.542 | step_limit
Ep 437 | 드론3 목적지53 | 1000스텝 | 배송 50/53 | 재적재  9 | 중계율 0.27 | alpha 2.555 | step_limit
Ep 438 | 드론4 목적지31 | 1000스텝 | 배송 30/31 | 재적재  5 | 중계율 0.29 | alpha 2.561 | step_limit
Ep 439 | 드론4 목적지77 |  954스텝 | 배송 77/77 | 재적재 14 | 중계율 0.21 | alpha 2.591 | complete
Ep 440 | 드론3 목적지73 | 1000스텝 | 배송 58/73 | 재적재 10 | 중계율 0.22 | alpha 2.578 | step_limit
Ep 441 | 드론4 목적지27 |  321스텝 | 배송 27/27 | 재적재  4 | 중계율 0.11 | alpha 2.585 | complete
Ep 442 | 드론3 목적지20 |  585스텝 | 배송 20/20 | 재적재  3 | 중계율 0.23 | alpha 2.609 | complete
Ep 443 | 드론4 목적지73 |  861스텝 | 배송 73/73 | 재적재 13 | 중계율 0.17 | alpha 2.623 | complete
Ep 444 | 드론3 목적지56 |  994스텝 | 배송 56/56 | 재적재 11 | 중계율 0.18 | alpha 2.575 | complete
Ep 445 | 드론4 목적지20 |  505스텝 | 배송 20/20 | 재적재  2 | 중계율 0.26 | alpha 2.599 | complete
Ep 446 | 드론3 목적지26 |  564스텝 | 배송 26/26 | 재적재  4 | 중계율 0.16 | alpha 2.610 | complete
Ep 447 | 드론3 목적지41 |  661스텝 | 배송 41/41 | 재적재  7 | 중계율 0.15 | alpha 2.593 | complete
Ep 448 | 드론4 목적지73 |  864스텝 | 배송 73/73 | 재적재 13 | 중계율 0.18 | alpha 2.612 | complete
Ep 449 | 드론3 목적지56 | 1000스텝 | 배송 48/56 | 재적재  8 | 중계율 0.22 | alpha 2.593 | step_limit
Ep 450 | 드론3 목적지35 |  708스텝 | 배송 35/35 | 재적재  6 | 중계율 0.25 | alpha 2.572 | complete
  [홀드아웃] 배송 50.0±0.0 완주 1.00 스텝 1166 점수 124.4 재적재 8.2 2홉+ 0.63 | 최고 125.6@ep400 정체 1/15
Ep 451 | 드론4 목적지77 |  720스텝 | 배송 77/77 | 재적재 14 | 중계율 0.13 | alpha 2.583 | complete
Ep 452 | 드론3 목적지22 |  531스텝 | 배송 22/22 | 재적재  3 | 중계율 0.21 | alpha 2.583 | complete
Ep 453 | 드론4 목적지47 |  586스텝 | 배송 47/47 | 재적재  8 | 중계율 0.20 | alpha 2.589 | complete
Ep 454 | 드론4 목적지72 | 1000스텝 | 배송 69/72 | 재적재 13 | 중계율 0.24 | alpha 2.563 | step_limit
Ep 455 | 드론4 목적지63 | 1000스텝 | 배송 57/63 | 재적재 10 | 중계율 0.25 | alpha 2.551 | step_limit
Ep 456 | 드론3 목적지73 | 1000스텝 | 배송 61/73 | 재적재 10 | 중계율 0.21 | alpha 2.587 | step_limit
Ep 457 | 드론4 목적지36 |  953스텝 | 배송 36/36 | 재적재  6 | 중계율 0.29 | alpha 2.566 | complete
Ep 458 | 드론4 목적지78 | 1000스텝 | 배송 74/78 | 재적재 14 | 중계율 0.14 | alpha 2.571 | step_limit
Ep 459 | 드론4 목적지45 |  901스텝 | 배송 45/45 | 재적재  7 | 중계율 0.28 | alpha 2.554 | complete
Ep 460 | 드론3 목적지70 | 1000스텝 | 배송 57/70 | 재적재 10 | 중계율 0.18 | alpha 2.571 | step_limit
Ep 461 | 드론3 목적지39 |  748스텝 | 배송 39/39 | 재적재  7 | 중계율 0.15 | alpha 2.573 | complete
Ep 462 | 드론4 목적지62 | 1000스텝 | 배송 61/62 | 재적재 11 | 중계율 0.25 | alpha 2.567 | step_limit
Ep 463 | 드론3 목적지67 | 1000스텝 | 배송 57/67 | 재적재 11 | 중계율 0.19 | alpha 2.524 | step_limit
Ep 464 | 드론3 목적지33 |  818스텝 | 배송 33/33 | 재적재  5 | 중계율 0.21 | alpha 2.494 | complete
Ep 465 | 드론4 목적지80 | 1000스텝 | 배송 70/80 | 재적재 13 | 중계율 0.24 | alpha 2.478 | step_limit
Ep 466 | 드론4 목적지42 |  612스텝 | 배송 42/42 | 재적재  7 | 중계율 0.17 | alpha 2.468 | complete
Ep 467 | 드론3 목적지63 | 1000스텝 | 배송 56/63 | 재적재 10 | 중계율 0.20 | alpha 2.489 | step_limit
Ep 468 | 드론3 목적지78 | 1000스텝 | 배송 62/78 | 재적재 11 | 중계율 0.18 | alpha 2.520 | step_limit
Ep 469 | 드론4 목적지48 |  742스텝 | 배송 48/48 | 재적재  8 | 중계율 0.16 | alpha 2.516 | complete
Ep 470 | 드론4 목적지70 | 1000스텝 | 배송 65/70 | 재적재 12 | 중계율 0.19 | alpha 2.495 | step_limit
Ep 471 | 드론3 목적지24 |  614스텝 | 배송 24/24 | 재적재  3 | 중계율 0.22 | alpha 2.499 | complete
Ep 472 | 드론4 목적지62 |  956스텝 | 배송 62/62 | 재적재 12 | 중계율 0.20 | alpha 2.514 | complete
Ep 473 | 드론3 목적지30 | 1000스텝 | 배송 27/30 | 재적재  4 | 중계율 0.18 | alpha 2.502 | step_limit
Ep 474 | 드론3 목적지37 | 1000스텝 | 배송 33/37 | 재적재  5 | 중계율 0.23 | alpha 2.525 | step_limit
Ep 475 | 드론3 목적지71 | 1000스텝 | 배송 53/71 | 재적재 10 | 중계율 0.19 | alpha 2.522 | step_limit
Ep 476 | 드론3 목적지29 |  692스텝 | 배송 29/29 | 재적재  5 | 중계율 0.22 | alpha 2.481 | complete
Ep 477 | 드론3 목적지36 |  721스텝 | 배송 36/36 | 재적재  5 | 중계율 0.21 | alpha 2.483 | complete
Ep 478 | 드론3 목적지52 | 1000스텝 | 배송 49/52 | 재적재  8 | 중계율 0.23 | alpha 2.515 | step_limit
Ep 479 | 드론4 목적지75 | 1000스텝 | 배송 54/75 | 재적재  8 | 중계율 0.23 | alpha 2.518 | step_limit
Ep 480 | 드론4 목적지64 | 1000스텝 | 배송 62/64 | 재적재 11 | 중계율 0.19 | alpha 2.536 | step_limit
Ep 481 | 드론3 목적지70 | 1000스텝 | 배송 60/70 | 재적재 10 | 중계율 0.22 | alpha 2.540 | step_limit
Ep 482 | 드론4 목적지39 |  859스텝 | 배송 39/39 | 재적재  6 | 중계율 0.24 | alpha 2.530 | complete
Ep 483 | 드론4 목적지51 |  725스텝 | 배송 51/51 | 재적재  7 | 중계율 0.21 | alpha 2.546 | complete
Ep 484 | 드론4 목적지43 |  600스텝 | 배송 43/43 | 재적재  6 | 중계율 0.23 | alpha 2.537 | complete
Ep 485 | 드론3 목적지36 |  886스텝 | 배송 36/36 | 재적재  6 | 중계율 0.23 | alpha 2.548 | complete
Ep 486 | 드론3 목적지53 | 1000스텝 | 배송 45/53 | 재적재  9 | 중계율 0.19 | alpha 2.484 | step_limit
Ep 487 | 드론4 목적지34 |  449스텝 | 배송 34/34 | 재적재  4 | 중계율 0.21 | alpha 2.494 | complete
Ep 488 | 드론3 목적지73 | 1000스텝 | 배송 48/73 | 재적재  8 | 중계율 0.20 | alpha 2.511 | step_limit
Ep 489 | 드론4 목적지52 |  849스텝 | 배송 52/52 | 재적재  9 | 중계율 0.16 | alpha 2.528 | complete
Ep 490 | 드론4 목적지40 |  994스텝 | 배송 40/40 | 재적재  6 | 중계율 0.22 | alpha 2.544 | complete
Ep 491 | 드론3 목적지47 |  815스텝 | 배송 47/47 | 재적재  8 | 중계율 0.17 | alpha 2.518 | complete
Ep 492 | 드론3 목적지71 | 1000스텝 | 배송 60/71 | 재적재 11 | 중계율 0.20 | alpha 2.537 | step_limit
Ep 493 | 드론3 목적지46 |  858스텝 | 배송 46/46 | 재적재  8 | 중계율 0.23 | alpha 2.538 | complete
Ep 494 | 드론3 목적지47 | 1000스텝 | 배송 42/47 | 재적재  8 | 중계율 0.20 | alpha 2.547 | step_limit
Ep 495 | 드론3 목적지45 |  861스텝 | 배송 45/45 | 재적재  8 | 중계율 0.20 | alpha 2.511 | complete
Ep 496 | 드론4 목적지65 |  839스텝 | 배송 65/65 | 재적재 11 | 중계율 0.17 | alpha 2.530 | complete
Ep 497 | 드론3 목적지35 |  600스텝 | 배송 35/35 | 재적재  5 | 중계율 0.17 | alpha 2.551 | complete
Ep 498 | 드론4 목적지39 | 1000스텝 | 배송 37/39 | 재적재  7 | 중계율 0.33 | alpha 2.570 | step_limit
Ep 499 | 드론4 목적지28 |  430스텝 | 배송 28/28 | 재적재  4 | 중계율 0.21 | alpha 2.571 | complete
Ep 500 | 드론3 목적지49 | 1000스텝 | 배송 45/49 | 재적재  8 | 중계율 0.26 | alpha 2.533 | step_limit
  [홀드아웃] 배송 50.0±0.1 완주 0.99 스텝 1057 점수 124.7 재적재 8.0 2홉+ 0.63 | 최고 125.6@ep400 정체 2/15
Ep 501 | 드론4 목적지26 |  671스텝 | 배송 26/26 | 재적재  4 | 중계율 0.28 | alpha 2.524 | complete
Ep 502 | 드론4 목적지69 |  866스텝 | 배송 69/69 | 재적재 13 | 중계율 0.17 | alpha 2.519 | complete
Ep 503 | 드론4 목적지44 |  668스텝 | 배송 44/44 | 재적재  7 | 중계율 0.18 | alpha 2.524 | complete
Ep 504 | 드론4 목적지34 |  839스텝 | 배송 34/34 | 재적재  5 | 중계율 0.31 | alpha 2.558 | complete
Ep 505 | 드론4 목적지77 | 1000스텝 | 배송 43/77 | 재적재  6 | 중계율 0.28 | alpha 2.579 | step_limit
Ep 506 | 드론4 목적지55 |  732스텝 | 배송 55/55 | 재적재  9 | 중계율 0.15 | alpha 2.588 | complete
Ep 507 | 드론3 목적지61 | 1000스텝 | 배송 59/61 | 재적재 10 | 중계율 0.17 | alpha 2.576 | step_limit
Ep 508 | 드론3 목적지24 |  749스텝 | 배송 24/24 | 재적재  4 | 중계율 0.23 | alpha 2.565 | complete
Ep 509 | 드론3 목적지48 | 1000스텝 | 배송 43/48 | 재적재  7 | 중계율 0.24 | alpha 2.550 | step_limit
Ep 510 | 드론4 목적지71 | 1000스텝 | 배송 56/71 | 재적재  9 | 중계율 0.25 | alpha 2.646 | step_limit
Ep 511 | 드론4 목적지39 | 1000스텝 | 배송 37/39 | 재적재  6 | 중계율 0.25 | alpha 2.641 | step_limit
Ep 512 | 드론4 목적지29 |  415스텝 | 배송 29/29 | 재적재  4 | 중계율 0.13 | alpha 2.582 | complete
Ep 513 | 드론4 목적지46 |  804스텝 | 배송 46/46 | 재적재  9 | 중계율 0.24 | alpha 2.554 | complete
Ep 514 | 드론3 목적지49 |  970스텝 | 배송 49/49 | 재적재  9 | 중계율 0.26 | alpha 2.577 | complete
Ep 515 | 드론3 목적지70 | 1000스텝 | 배송 60/70 | 재적재 11 | 중계율 0.19 | alpha 2.603 | step_limit
Ep 516 | 드론4 목적지63 | 1000스텝 | 배송 55/63 | 재적재  9 | 중계율 0.27 | alpha 2.600 | step_limit
Ep 517 | 드론4 목적지44 |  897스텝 | 배송 44/44 | 재적재  7 | 중계율 0.25 | alpha 2.560 | complete
Ep 518 | 드론3 목적지57 | 1000스텝 | 배송 45/57 | 재적재  8 | 중계율 0.28 | alpha 2.560 | step_limit
Ep 519 | 드론4 목적지34 |  727스텝 | 배송 34/34 | 재적재  5 | 중계율 0.19 | alpha 2.576 | complete
Ep 520 | 드론3 목적지68 | 1000스텝 | 배송 58/68 | 재적재 11 | 중계율 0.17 | alpha 2.538 | step_limit
Ep 521 | 드론4 목적지71 | 1000스텝 | 배송 51/71 | 재적재  9 | 중계율 0.22 | alpha 2.561 | step_limit
Ep 522 | 드론3 목적지72 | 1000스텝 | 배송 65/72 | 재적재 12 | 중계율 0.19 | alpha 2.606 | step_limit
Ep 523 | 드론3 목적지27 |  480스텝 | 배송 27/27 | 재적재  3 | 중계율 0.15 | alpha 2.591 | complete
Ep 524 | 드론3 목적지37 | 1000스텝 | 배송 31/37 | 재적재  5 | 중계율 0.25 | alpha 2.587 | step_limit
Ep 525 | 드론3 목적지79 | 1000스텝 | 배송 66/79 | 재적재 13 | 중계율 0.21 | alpha 2.572 | step_limit
Ep 526 | 드론3 목적지39 | 1000스텝 | 배송 38/39 | 재적재  6 | 중계율 0.24 | alpha 2.575 | step_limit
Ep 527 | 드론3 목적지42 |  869스텝 | 배송 42/42 | 재적재  8 | 중계율 0.25 | alpha 2.560 | complete
Ep 528 | 드론3 목적지51 | 1000스텝 | 배송 46/51 | 재적재  8 | 중계율 0.19 | alpha 2.580 | step_limit
Ep 529 | 드론3 목적지21 |  450스텝 | 배송 21/21 | 재적재  3 | 중계율 0.19 | alpha 2.583 | complete
Ep 530 | 드론4 목적지34 |  656스텝 | 배송 34/34 | 재적재  5 | 중계율 0.27 | alpha 2.580 | complete
Ep 531 | 드론4 목적지64 | 1000스텝 | 배송 63/64 | 재적재 12 | 중계율 0.23 | alpha 2.574 | step_limit
Ep 532 | 드론4 목적지78 | 1000스텝 | 배송 76/78 | 재적재 13 | 중계율 0.15 | alpha 2.560 | step_limit
Ep 533 | 드론4 목적지68 | 1000스텝 | 배송 59/68 | 재적재 11 | 중계율 0.23 | alpha 2.515 | step_limit
Ep 534 | 드론3 목적지25 |  661스텝 | 배송 25/25 | 재적재  4 | 중계율 0.27 | alpha 2.534 | complete
Ep 535 | 드론3 목적지25 |  825스텝 | 배송 25/25 | 재적재  4 | 중계율 0.25 | alpha 2.525 | complete
Ep 536 | 드론4 목적지71 |  994스텝 | 배송 71/71 | 재적재 14 | 중계율 0.23 | alpha 2.575 | complete
Ep 537 | 드론4 목적지31 |  763스텝 | 배송 31/31 | 재적재  5 | 중계율 0.27 | alpha 2.575 | complete
Ep 538 | 드론4 목적지55 | 1000스텝 | 배송 54/55 | 재적재  9 | 중계율 0.25 | alpha 2.567 | step_limit
Ep 539 | 드론3 목적지46 |  800스텝 | 배송 46/46 | 재적재  9 | 중계율 0.20 | alpha 2.541 | complete
Ep 540 | 드론4 목적지50 |  600스텝 | 배송 50/50 | 재적재  9 | 중계율 0.14 | alpha 2.551 | complete
Ep 541 | 드론4 목적지25 |  446스텝 | 배송 25/25 | 재적재  4 | 중계율 0.19 | alpha 2.594 | complete
Ep 542 | 드론4 목적지65 | 1000스텝 | 배송 64/65 | 재적재 11 | 중계율 0.21 | alpha 2.597 | step_limit
Ep 543 | 드론3 목적지32 |  655스텝 | 배송 32/32 | 재적재  5 | 중계율 0.15 | alpha 2.565 | complete
Ep 544 | 드론4 목적지60 |  838스텝 | 배송 60/60 | 재적재 10 | 중계율 0.19 | alpha 2.572 | complete
Ep 545 | 드론3 목적지74 | 1000스텝 | 배송 59/74 | 재적재 10 | 중계율 0.22 | alpha 2.566 | step_limit
Ep 546 | 드론3 목적지45 | 1000스텝 | 배송 41/45 | 재적재  8 | 중계율 0.20 | alpha 2.559 | step_limit
Ep 547 | 드론3 목적지37 | 1000스텝 | 배송 34/37 | 재적재  5 | 중계율 0.23 | alpha 2.539 | step_limit
Ep 548 | 드론3 목적지63 | 1000스텝 | 배송 60/63 | 재적재 11 | 중계율 0.19 | alpha 2.551 | step_limit
Ep 549 | 드론4 목적지55 |  904스텝 | 배송 55/55 | 재적재  9 | 중계율 0.20 | alpha 2.564 | complete
Ep 550 | 드론4 목적지30 |  536스텝 | 배송 30/30 | 재적재  4 | 중계율 0.21 | alpha 2.535 | complete
  [홀드아웃] 배송 49.8±1.7 완주 0.99 스텝 1047 점수 124.8 재적재 8.0 2홉+ 0.63 | 최고 125.6@ep400 정체 3/15
Ep 551 | 드론4 목적지33 |  527스텝 | 배송 33/33 | 재적재  5 | 중계율 0.14 | alpha 2.506 | complete
Ep 552 | 드론4 목적지71 |  835스텝 | 배송 71/71 | 재적재 12 | 중계율 0.15 | alpha 2.499 | complete
Ep 553 | 드론4 목적지68 | 1000스텝 | 배송 66/68 | 재적재 11 | 중계율 0.21 | alpha 2.551 | step_limit
Ep 554 | 드론3 목적지74 | 1000스텝 | 배송 62/74 | 재적재 11 | 중계율 0.18 | alpha 2.532 | step_limit
Ep 555 | 드론4 목적지59 | 1000스텝 | 배송 49/59 | 재적재  8 | 중계율 0.29 | alpha 2.505 | step_limit
Ep 556 | 드론4 목적지41 | 1000스텝 | 배송 38/41 | 재적재  7 | 중계율 0.32 | alpha 2.514 | step_limit
Ep 557 | 드론3 목적지71 | 1000스텝 | 배송 67/71 | 재적재 13 | 중계율 0.17 | alpha 2.546 | step_limit
Ep 558 | 드론4 목적지50 |  789스텝 | 배송 50/50 | 재적재  9 | 중계율 0.18 | alpha 2.559 | complete
Ep 559 | 드론4 목적지57 | 1000스텝 | 배송 56/57 | 재적재 10 | 중계율 0.24 | alpha 2.546 | step_limit
Ep 560 | 드론4 목적지42 |  640스텝 | 배송 42/42 | 재적재  6 | 중계율 0.15 | alpha 2.525 | complete
Ep 561 | 드론4 목적지27 |  648스텝 | 배송 27/27 | 재적재  4 | 중계율 0.30 | alpha 2.541 | complete
Ep 562 | 드론4 목적지47 | 1000스텝 | 배송 43/47 | 재적재  6 | 중계율 0.28 | alpha 2.542 | step_limit
Ep 563 | 드론3 목적지78 | 1000스텝 | 배송 53/78 | 재적재 10 | 중계율 0.16 | alpha 2.535 | step_limit
Ep 564 | 드론4 목적지30 |  396스텝 | 배송 30/30 | 재적재  5 | 중계율 0.17 | alpha 2.524 | complete
Ep 565 | 드론4 목적지22 |  334스텝 | 배송 22/22 | 재적재  3 | 중계율 0.20 | alpha 2.535 | complete
Ep 566 | 드론3 목적지49 |  771스텝 | 배송 49/49 | 재적재  8 | 중계율 0.17 | alpha 2.550 | complete
Ep 567 | 드론3 목적지78 | 1000스텝 | 배송 60/78 | 재적재 10 | 중계율 0.19 | alpha 2.549 | step_limit
Ep 568 | 드론4 목적지67 | 1000스텝 | 배송 54/67 | 재적재  9 | 중계율 0.28 | alpha 2.525 | step_limit
Ep 569 | 드론4 목적지70 |  911스텝 | 배송 70/70 | 재적재 12 | 중계율 0.22 | alpha 2.568 | complete
Ep 570 | 드론3 목적지72 | 1000스텝 | 배송 58/72 | 재적재 10 | 중계율 0.16 | alpha 2.557 | step_limit
Ep 571 | 드론4 목적지49 | 1000스텝 | 배송 48/49 | 재적재  7 | 중계율 0.20 | alpha 2.557 | step_limit
Ep 572 | 드론4 목적지75 | 1000스텝 | 배송 62/75 | 재적재 12 | 중계율 0.19 | alpha 2.540 | step_limit
Ep 573 | 드론4 목적지66 |  814스텝 | 배송 66/66 | 재적재 12 | 중계율 0.20 | alpha 2.566 | complete
Ep 574 | 드론4 목적지44 |  834스텝 | 배송 44/44 | 재적재  7 | 중계율 0.20 | alpha 2.534 | complete
Ep 575 | 드론4 목적지78 |  914스텝 | 배송 78/78 | 재적재 15 | 중계율 0.16 | alpha 2.495 | complete
Ep 576 | 드론3 목적지69 | 1000스텝 | 배송 56/69 | 재적재 10 | 중계율 0.24 | alpha 2.517 | step_limit
Ep 577 | 드론4 목적지24 |  301스텝 | 배송 24/24 | 재적재  2 | 중계율 0.20 | alpha 2.522 | complete
Ep 578 | 드론4 목적지32 |  558스텝 | 배송 32/32 | 재적재  5 | 중계율 0.18 | alpha 2.524 | complete
Ep 579 | 드론4 목적지26 |  610스텝 | 배송 26/26 | 재적재  3 | 중계율 0.20 | alpha 2.549 | complete
Ep 580 | 드론4 목적지60 | 1000스텝 | 배송 58/60 | 재적재 10 | 중계율 0.22 | alpha 2.517 | step_limit
Ep 581 | 드론3 목적지47 | 1000스텝 | 배송 40/47 | 재적재  7 | 중계율 0.26 | alpha 2.503 | step_limit
Ep 582 | 드론3 목적지36 |  945스텝 | 배송 36/36 | 재적재  5 | 중계율 0.22 | alpha 2.492 | complete
Ep 583 | 드론4 목적지65 | 1000스텝 | 배송 64/65 | 재적재 12 | 중계율 0.20 | alpha 2.484 | step_limit
Ep 584 | 드론3 목적지54 |  928스텝 | 배송 54/54 | 재적재  9 | 중계율 0.21 | alpha 2.489 | complete
Ep 585 | 드론4 목적지72 | 1000스텝 | 배송 67/72 | 재적재 11 | 중계율 0.27 | alpha 2.515 | step_limit
Ep 586 | 드론4 목적지37 |  668스텝 | 배송 37/37 | 재적재  5 | 중계율 0.22 | alpha 2.524 | complete
Ep 587 | 드론3 목적지49 | 1000스텝 | 배송 45/49 | 재적재  9 | 중계율 0.24 | alpha 2.515 | step_limit
Ep 588 | 드론3 목적지57 | 1000스텝 | 배송 53/57 | 재적재 10 | 중계율 0.20 | alpha 2.480 | step_limit
Ep 589 | 드론3 목적지50 | 1000스텝 | 배송 49/50 | 재적재  9 | 중계율 0.24 | alpha 2.514 | step_limit
Ep 590 | 드론3 목적지47 | 1000스텝 | 배송 45/47 | 재적재  8 | 중계율 0.20 | alpha 2.506 | step_limit
Ep 591 | 드론4 목적지64 | 1000스텝 | 배송 57/64 | 재적재 10 | 중계율 0.26 | alpha 2.484 | step_limit
Ep 592 | 드론4 목적지22 |  415스텝 | 배송 22/22 | 재적재  3 | 중계율 0.21 | alpha 2.477 | complete
Ep 593 | 드론4 목적지51 |  791스텝 | 배송 51/51 | 재적재 10 | 중계율 0.23 | alpha 2.492 | complete
Ep 594 | 드론3 목적지40 |  663스텝 | 배송 40/40 | 재적재  6 | 중계율 0.22 | alpha 2.529 | complete
Ep 595 | 드론4 목적지26 |  701스텝 | 배송 26/26 | 재적재  3 | 중계율 0.23 | alpha 2.532 | complete
Ep 596 | 드론4 목적지26 |  294스텝 | 배송 26/26 | 재적재  4 | 중계율 0.12 | alpha 2.512 | complete
Ep 597 | 드론3 목적지21 |  588스텝 | 배송 21/21 | 재적재  2 | 중계율 0.26 | alpha 2.509 | complete
Ep 598 | 드론3 목적지23 |  479스텝 | 배송 23/23 | 재적재  3 | 중계율 0.20 | alpha 2.507 | complete
Ep 599 | 드론3 목적지77 | 1000스텝 | 배송 58/77 | 재적재  9 | 중계율 0.22 | alpha 2.492 | step_limit
Ep 600 | 드론4 목적지68 | 1000스텝 | 배송 55/68 | 재적재 10 | 중계율 0.30 | alpha 2.493 | step_limit
  [홀드아웃] 배송 50.0±0.0 완주 1.00 스텝 1093 점수 125.4 재적재 8.3 2홉+ 0.63 | 최고 125.6@ep400 정체 4/15
Ep 601 | 드론3 목적지20 |  518스텝 | 배송 20/20 | 재적재  3 | 중계율 0.28 | alpha 2.480 | complete
Ep 602 | 드론4 목적지72 |  854스텝 | 배송 72/72 | 재적재 13 | 중계율 0.20 | alpha 2.486 | complete
Ep 603 | 드론4 목적지60 |  846스텝 | 배송 60/60 | 재적재 10 | 중계율 0.17 | alpha 2.488 | complete
Ep 604 | 드론4 목적지68 | 1000스텝 | 배송 66/68 | 재적재 11 | 중계율 0.15 | alpha 2.453 | step_limit
Ep 605 | 드론3 목적지73 | 1000스텝 | 배송 53/73 | 재적재  9 | 중계율 0.25 | alpha 2.493 | step_limit
Ep 606 | 드론4 목적지51 |  831스텝 | 배송 51/51 | 재적재  9 | 중계율 0.25 | alpha 2.508 | complete
Ep 607 | 드론3 목적지48 | 1000스텝 | 배송 45/48 | 재적재  7 | 중계율 0.22 | alpha 2.536 | step_limit
Ep 608 | 드론4 목적지67 |  953스텝 | 배송 67/67 | 재적재 11 | 중계율 0.16 | alpha 2.508 | complete
Ep 609 | 드론3 목적지51 | 1000스텝 | 배송 47/51 | 재적재  8 | 중계율 0.27 | alpha 2.474 | step_limit
Ep 610 | 드론3 목적지72 | 1000스텝 | 배송 68/72 | 재적재 13 | 중계율 0.18 | alpha 2.454 | step_limit
Ep 611 | 드론3 목적지77 | 1000스텝 | 배송 60/77 | 재적재 10 | 중계율 0.21 | alpha 2.470 | step_limit
Ep 612 | 드론3 목적지42 | 1000스텝 | 배송 38/42 | 재적재  6 | 중계율 0.28 | alpha 2.469 | step_limit
Ep 613 | 드론3 목적지40 |  783스텝 | 배송 40/40 | 재적재  7 | 중계율 0.15 | alpha 2.467 | complete
Ep 614 | 드론3 목적지42 |  785스텝 | 배송 42/42 | 재적재  7 | 중계율 0.23 | alpha 2.468 | complete
Ep 615 | 드론3 목적지80 | 1000스텝 | 배송 71/80 | 재적재 13 | 중계율 0.20 | alpha 2.453 | step_limit
Ep 616 | 드론4 목적지26 |  648스텝 | 배송 26/26 | 재적재  4 | 중계율 0.26 | alpha 2.458 | complete
Ep 617 | 드론4 목적지75 | 1000스텝 | 배송 68/75 | 재적재 12 | 중계율 0.22 | alpha 2.535 | step_limit
Ep 618 | 드론3 목적지50 | 1000스텝 | 배송 44/50 | 재적재  8 | 중계율 0.25 | alpha 2.526 | step_limit
Ep 619 | 드론4 목적지71 | 1000스텝 | 배송 68/71 | 재적재 13 | 중계율 0.20 | alpha 2.528 | step_limit
Ep 620 | 드론4 목적지55 |  914스텝 | 배송 55/55 | 재적재 10 | 중계율 0.21 | alpha 2.532 | complete
Ep 621 | 드론3 목적지79 | 1000스텝 | 배송 61/79 | 재적재 11 | 중계율 0.22 | alpha 2.525 | step_limit
Ep 622 | 드론4 목적지56 |  997스텝 | 배송 56/56 | 재적재 10 | 중계율 0.28 | alpha 2.511 | complete
Ep 623 | 드론3 목적지33 |  924스텝 | 배송 33/33 | 재적재  5 | 중계율 0.22 | alpha 2.488 | complete
Ep 624 | 드론3 목적지72 | 1000스텝 | 배송 53/72 | 재적재 10 | 중계율 0.21 | alpha 2.511 | step_limit
Ep 625 | 드론4 목적지47 |  729스텝 | 배송 47/47 | 재적재  7 | 중계율 0.28 | alpha 2.522 | complete
Ep 626 | 드론3 목적지52 |  900스텝 | 배송 52/52 | 재적재 10 | 중계율 0.19 | alpha 2.516 | complete
Ep 627 | 드론4 목적지66 | 1000스텝 | 배송 60/66 | 재적재 10 | 중계율 0.26 | alpha 2.505 | step_limit
Ep 628 | 드론3 목적지42 |  812스텝 | 배송 42/42 | 재적재  7 | 중계율 0.20 | alpha 2.521 | complete
Ep 629 | 드론3 목적지31 | 1000스텝 | 배송 26/31 | 재적재  5 | 중계율 0.25 | alpha 2.486 | step_limit
Ep 630 | 드론3 목적지65 | 1000스텝 | 배송 56/65 | 재적재  9 | 중계율 0.19 | alpha 2.476 | step_limit
Ep 631 | 드론3 목적지20 |  687스텝 | 배송 20/20 | 재적재  3 | 중계율 0.19 | alpha 2.437 | complete
Ep 632 | 드론3 목적지38 | 1000스텝 | 배송 37/38 | 재적재  6 | 중계율 0.28 | alpha 2.451 | step_limit
Ep 633 | 드론4 목적지67 |  865스텝 | 배송 67/67 | 재적재 13 | 중계율 0.16 | alpha 2.520 | complete
Ep 634 | 드론4 목적지47 |  507스텝 | 배송 47/47 | 재적재  8 | 중계율 0.14 | alpha 2.498 | complete
Ep 635 | 드론4 목적지30 |  454스텝 | 배송 30/30 | 재적재  4 | 중계율 0.09 | alpha 2.468 | complete
Ep 636 | 드론3 목적지29 |  548스텝 | 배송 29/29 | 재적재  5 | 중계율 0.21 | alpha 2.442 | complete
Ep 637 | 드론3 목적지71 | 1000스텝 | 배송 56/71 | 재적재  9 | 중계율 0.18 | alpha 2.474 | step_limit
Ep 638 | 드론4 목적지73 |  991스텝 | 배송 73/73 | 재적재 13 | 중계율 0.18 | alpha 2.428 | complete
Ep 639 | 드론4 목적지79 | 1000스텝 | 배송 61/79 | 재적재 11 | 중계율 0.27 | alpha 2.420 | step_limit
Ep 640 | 드론3 목적지22 |  574스텝 | 배송 22/22 | 재적재  3 | 중계율 0.26 | alpha 2.442 | complete
Ep 641 | 드론4 목적지77 | 1000스텝 | 배송 69/77 | 재적재 11 | 중계율 0.22 | alpha 2.458 | step_limit
Ep 642 | 드론4 목적지26 |  453스텝 | 배송 26/26 | 재적재  3 | 중계율 0.20 | alpha 2.466 | complete
Ep 643 | 드론4 목적지30 |  531스텝 | 배송 30/30 | 재적재  5 | 중계율 0.17 | alpha 2.430 | complete
Ep 644 | 드론3 목적지77 | 1000스텝 | 배송 71/77 | 재적재 13 | 중계율 0.14 | alpha 2.384 | step_limit
Ep 645 | 드론3 목적지34 |  606스텝 | 배송 34/34 | 재적재  5 | 중계율 0.20 | alpha 2.416 | complete
Ep 646 | 드론4 목적지34 |  985스텝 | 배송 34/34 | 재적재  5 | 중계율 0.24 | alpha 2.426 | complete
Ep 647 | 드론3 목적지37 |  798스텝 | 배송 37/37 | 재적재  6 | 중계율 0.23 | alpha 2.430 | complete
Ep 648 | 드론3 목적지55 |  913스텝 | 배송 55/55 | 재적재 10 | 중계율 0.18 | alpha 2.443 | complete
Ep 649 | 드론3 목적지20 |  582스텝 | 배송 20/20 | 재적재  3 | 중계율 0.30 | alpha 2.469 | complete
Ep 650 | 드론4 목적지37 |  512스텝 | 배송 37/37 | 재적재  5 | 중계율 0.16 | alpha 2.471 | complete
  [홀드아웃] 배송 49.9±1.3 완주 0.99 스텝 1051 점수 124.7 재적재 8.0 2홉+ 0.62 | 최고 125.6@ep400 정체 5/15
Ep 651 | 드론3 목적지77 | 1000스텝 | 배송 60/77 | 재적재 11 | 중계율 0.17 | alpha 2.444 | step_limit
Ep 652 | 드론4 목적지57 |  806스텝 | 배송 57/57 | 재적재  9 | 중계율 0.21 | alpha 2.468 | complete
Ep 653 | 드론4 목적지38 |  621스텝 | 배송 38/38 | 재적재  7 | 중계율 0.18 | alpha 2.434 | complete
Ep 654 | 드론4 목적지45 |  548스텝 | 배송 45/45 | 재적재  6 | 중계율 0.15 | alpha 2.434 | complete
Ep 655 | 드론3 목적지40 |  778스텝 | 배송 40/40 | 재적재  7 | 중계율 0.23 | alpha 2.438 | complete
Ep 656 | 드론4 목적지31 |  714스텝 | 배송 31/31 | 재적재  5 | 중계율 0.24 | alpha 2.427 | complete
Ep 657 | 드론4 목적지26 |  675스텝 | 배송 26/26 | 재적재  3 | 중계율 0.29 | alpha 2.419 | complete
Ep 658 | 드론3 목적지39 |  772스텝 | 배송 39/39 | 재적재  6 | 중계율 0.20 | alpha 2.449 | complete
Ep 659 | 드론3 목적지51 | 1000스텝 | 배송 48/51 | 재적재  8 | 중계율 0.21 | alpha 2.462 | step_limit
Ep 660 | 드론3 목적지51 | 1000스텝 | 배송 50/51 | 재적재  8 | 중계율 0.31 | alpha 2.427 | step_limit
Ep 661 | 드론3 목적지38 | 1000스텝 | 배송 36/38 | 재적재  6 | 중계율 0.26 | alpha 2.486 | step_limit
Ep 662 | 드론4 목적지43 |  765스텝 | 배송 43/43 | 재적재  7 | 중계율 0.19 | alpha 2.491 | complete
Ep 663 | 드론4 목적지57 |  782스텝 | 배송 57/57 | 재적재  9 | 중계율 0.25 | alpha 2.464 | complete
Ep 664 | 드론3 목적지27 |  689스텝 | 배송 27/27 | 재적재  4 | 중계율 0.23 | alpha 2.447 | complete
Ep 665 | 드론4 목적지59 |  824스텝 | 배송 59/59 | 재적재 10 | 중계율 0.15 | alpha 2.460 | complete
Ep 666 | 드론3 목적지72 | 1000스텝 | 배송 67/72 | 재적재 12 | 중계율 0.15 | alpha 2.458 | step_limit
Ep 667 | 드론4 목적지45 |  593스텝 | 배송 45/45 | 재적재  7 | 중계율 0.19 | alpha 2.434 | complete
Ep 668 | 드론3 목적지65 | 1000스텝 | 배송 54/65 | 재적재  9 | 중계율 0.23 | alpha 2.435 | step_limit
Ep 669 | 드론3 목적지66 | 1000스텝 | 배송 64/66 | 재적재 11 | 중계율 0.18 | alpha 2.478 | step_limit
Ep 670 | 드론4 목적지77 | 1000스텝 | 배송 71/77 | 재적재 13 | 중계율 0.21 | alpha 2.480 | step_limit
Ep 671 | 드론4 목적지58 | 1000스텝 | 배송 56/58 | 재적재 10 | 중계율 0.23 | alpha 2.492 | step_limit
Ep 672 | 드론3 목적지43 |  678스텝 | 배송 43/43 | 재적재  7 | 중계율 0.16 | alpha 2.510 | complete
Ep 673 | 드론4 목적지68 | 1000스텝 | 배송 64/68 | 재적재 11 | 중계율 0.22 | alpha 2.495 | step_limit
Ep 674 | 드론3 목적지52 |  897스텝 | 배송 52/52 | 재적재  9 | 중계율 0.23 | alpha 2.520 | complete
Ep 675 | 드론3 목적지42 | 1000스텝 | 배송 36/42 | 재적재  6 | 중계율 0.28 | alpha 2.490 | step_limit
Ep 676 | 드론3 목적지45 |  820스텝 | 배송 45/45 | 재적재  8 | 중계율 0.14 | alpha 2.476 | complete
Ep 677 | 드론3 목적지41 |  743스텝 | 배송 41/41 | 재적재  7 | 중계율 0.20 | alpha 2.446 | complete
Ep 678 | 드론4 목적지79 | 1000스텝 | 배송 67/79 | 재적재 12 | 중계율 0.23 | alpha 2.472 | step_limit
Ep 679 | 드론3 목적지24 |  787스텝 | 배송 24/24 | 재적재  4 | 중계율 0.22 | alpha 2.457 | complete
Ep 680 | 드론3 목적지52 | 1000스텝 | 배송 49/52 | 재적재  8 | 중계율 0.24 | alpha 2.454 | step_limit
Ep 681 | 드론4 목적지77 | 1000스텝 | 배송 75/77 | 재적재 13 | 중계율 0.23 | alpha 2.448 | step_limit
Ep 682 | 드론3 목적지49 | 1000스텝 | 배송 41/49 | 재적재  7 | 중계율 0.15 | alpha 2.487 | step_limit
Ep 683 | 드론4 목적지63 | 1000스텝 | 배송 54/63 | 재적재  9 | 중계율 0.22 | alpha 2.530 | step_limit
Ep 684 | 드론3 목적지37 |  790스텝 | 배송 37/37 | 재적재  7 | 중계율 0.28 | alpha 2.511 | complete
Ep 685 | 드론4 목적지56 |  929스텝 | 배송 56/56 | 재적재 10 | 중계율 0.25 | alpha 2.523 | complete
Ep 686 | 드론3 목적지28 |  655스텝 | 배송 28/28 | 재적재  4 | 중계율 0.25 | alpha 2.497 | complete
Ep 687 | 드론4 목적지77 |  731스텝 | 배송 77/77 | 재적재 14 | 중계율 0.13 | alpha 2.471 | complete
Ep 688 | 드론3 목적지45 | 1000스텝 | 배송 39/45 | 재적재  6 | 중계율 0.24 | alpha 2.484 | step_limit
Ep 689 | 드론4 목적지70 | 1000스텝 | 배송 69/70 | 재적재 12 | 중계율 0.21 | alpha 2.500 | step_limit
Ep 690 | 드론4 목적지62 | 1000스텝 | 배송 61/62 | 재적재 11 | 중계율 0.23 | alpha 2.503 | step_limit
Ep 691 | 드론3 목적지31 |  825스텝 | 배송 31/31 | 재적재  4 | 중계율 0.19 | alpha 2.468 | complete
Ep 692 | 드론4 목적지61 |  936스텝 | 배송 61/61 | 재적재 11 | 중계율 0.20 | alpha 2.477 | complete
Ep 693 | 드론4 목적지60 | 1000스텝 | 배송 53/60 | 재적재  9 | 중계율 0.25 | alpha 2.482 | step_limit
Ep 694 | 드론3 목적지33 |  757스텝 | 배송 33/33 | 재적재  6 | 중계율 0.24 | alpha 2.488 | complete
Ep 695 | 드론3 목적지29 |  772스텝 | 배송 29/29 | 재적재  5 | 중계율 0.23 | alpha 2.456 | complete
Ep 696 | 드론4 목적지28 |  500스텝 | 배송 28/28 | 재적재  4 | 중계율 0.18 | alpha 2.450 | complete
Ep 697 | 드론4 목적지35 |  749스텝 | 배송 35/35 | 재적재  6 | 중계율 0.21 | alpha 2.448 | complete
Ep 698 | 드론3 목적지32 |  733스텝 | 배송 32/32 | 재적재  5 | 중계율 0.30 | alpha 2.469 | complete
Ep 699 | 드론3 목적지62 | 1000스텝 | 배송 56/62 | 재적재 11 | 중계율 0.20 | alpha 2.438 | step_limit
Ep 700 | 드론3 목적지61 | 1000스텝 | 배송 57/61 | 재적재 10 | 중계율 0.17 | alpha 2.441 | step_limit
  [홀드아웃] 배송 50.0±0.0 완주 1.00 스텝 1053 점수 126.0 재적재 8.1 2홉+ 0.62 | 최고 126.0@ep700 정체 0/15  ← 갱신
Ep 701 | 드론4 목적지72 |  888스텝 | 배송 72/72 | 재적재 13 | 중계율 0.17 | alpha 2.459 | complete
Ep 702 | 드론4 목적지34 |  966스텝 | 배송 34/34 | 재적재  6 | 중계율 0.28 | alpha 2.467 | complete
Ep 703 | 드론4 목적지32 |  536스텝 | 배송 32/32 | 재적재  4 | 중계율 0.21 | alpha 2.455 | complete
Ep 704 | 드론4 목적지74 |  824스텝 | 배송 74/74 | 재적재 12 | 중계율 0.18 | alpha 2.479 | complete
Ep 705 | 드론3 목적지38 | 1000스텝 | 배송 37/38 | 재적재  7 | 중계율 0.22 | alpha 2.455 | step_limit
Ep 706 | 드론4 목적지30 |  391스텝 | 배송 30/30 | 재적재  3 | 중계율 0.19 | alpha 2.450 | complete
Ep 707 | 드론4 목적지31 |  558스텝 | 배송 31/31 | 재적재  4 | 중계율 0.23 | alpha 2.429 | complete
Ep 708 | 드론3 목적지63 | 1000스텝 | 배송 55/63 | 재적재 10 | 중계율 0.20 | alpha 2.467 | step_limit
Ep 709 | 드론3 목적지20 |  489스텝 | 배송 20/20 | 재적재  2 | 중계율 0.26 | alpha 2.479 | complete
Ep 710 | 드론4 목적지78 | 1000스텝 | 배송 77/78 | 재적재 14 | 중계율 0.16 | alpha 2.472 | step_limit
Ep 711 | 드론4 목적지58 | 1000스텝 | 배송 54/58 | 재적재  9 | 중계율 0.30 | alpha 2.451 | step_limit
Ep 712 | 드론3 목적지75 | 1000스텝 | 배송 53/75 | 재적재  9 | 중계율 0.17 | alpha 2.445 | step_limit
Ep 713 | 드론3 목적지69 | 1000스텝 | 배송 64/69 | 재적재 12 | 중계율 0.12 | alpha 2.477 | step_limit
Ep 714 | 드론3 목적지36 |  858스텝 | 배송 36/36 | 재적재  6 | 중계율 0.22 | alpha 2.495 | complete
Ep 715 | 드론3 목적지65 | 1000스텝 | 배송 58/65 | 재적재 10 | 중계율 0.19 | alpha 2.480 | step_limit
Ep 716 | 드론4 목적지36 |  574스텝 | 배송 36/36 | 재적재  5 | 중계율 0.14 | alpha 2.475 | complete
Ep 717 | 드론4 목적지56 | 1000스텝 | 배송 55/56 | 재적재  9 | 중계율 0.25 | alpha 2.468 | step_limit
Ep 718 | 드론3 목적지69 | 1000스텝 | 배송 60/69 | 재적재 12 | 중계율 0.19 | alpha 2.487 | step_limit
Ep 719 | 드론3 목적지21 |  802스텝 | 배송 21/21 | 재적재  2 | 중계율 0.19 | alpha 2.485 | complete
Ep 720 | 드론4 목적지45 |  786스텝 | 배송 45/45 | 재적재  8 | 중계율 0.20 | alpha 2.502 | complete
Ep 721 | 드론3 목적지30 |  687스텝 | 배송 30/30 | 재적재  5 | 중계율 0.20 | alpha 2.522 | complete
Ep 722 | 드론4 목적지47 |  729스텝 | 배송 47/47 | 재적재  7 | 중계율 0.17 | alpha 2.517 | complete
Ep 723 | 드론3 목적지51 | 1000스텝 | 배송 47/51 | 재적재  8 | 중계율 0.19 | alpha 2.521 | step_limit
Ep 724 | 드론4 목적지57 | 1000스텝 | 배송 55/57 | 재적재  8 | 중계율 0.28 | alpha 2.485 | step_limit
Ep 725 | 드론4 목적지29 |  608스텝 | 배송 29/29 | 재적재  4 | 중계율 0.25 | alpha 2.476 | complete
Ep 726 | 드론4 목적지69 | 1000스텝 | 배송 63/69 | 재적재 10 | 중계율 0.22 | alpha 2.499 | step_limit
Ep 727 | 드론4 목적지36 | 1000스텝 | 배송 35/36 | 재적재  6 | 중계율 0.32 | alpha 2.499 | step_limit
Ep 728 | 드론3 목적지74 | 1000스텝 | 배송 56/74 | 재적재 11 | 중계율 0.19 | alpha 2.451 | step_limit
Ep 729 | 드론4 목적지64 | 1000스텝 | 배송 61/64 | 재적재 10 | 중계율 0.24 | alpha 2.505 | step_limit
Ep 730 | 드론3 목적지70 | 1000스텝 | 배송 67/70 | 재적재 13 | 중계율 0.17 | alpha 2.461 | step_limit
Ep 731 | 드론3 목적지48 |  851스텝 | 배송 48/48 | 재적재  9 | 중계율 0.19 | alpha 2.457 | complete
Ep 732 | 드론4 목적지37 |  835스텝 | 배송 37/37 | 재적재  5 | 중계율 0.35 | alpha 2.465 | complete
Ep 733 | 드론4 목적지67 |  962스텝 | 배송 67/67 | 재적재 12 | 중계율 0.18 | alpha 2.451 | complete
Ep 734 | 드론4 목적지54 | 1000스텝 | 배송 50/54 | 재적재  7 | 중계율 0.30 | alpha 2.433 | step_limit
Ep 735 | 드론4 목적지57 | 1000스텝 | 배송 55/57 | 재적재 10 | 중계율 0.25 | alpha 2.444 | step_limit
Ep 736 | 드론4 목적지39 |  675스텝 | 배송 39/39 | 재적재  6 | 중계율 0.17 | alpha 2.440 | complete
Ep 737 | 드론3 목적지29 |  648스텝 | 배송 29/29 | 재적재  5 | 중계율 0.21 | alpha 2.478 | complete
Ep 738 | 드론4 목적지68 |  872스텝 | 배송 68/68 | 재적재 11 | 중계율 0.17 | alpha 2.480 | complete
Ep 739 | 드론3 목적지20 |  747스텝 | 배송 20/20 | 재적재  3 | 중계율 0.25 | alpha 2.475 | complete
Ep 740 | 드론3 목적지69 | 1000스텝 | 배송 49/69 | 재적재  9 | 중계율 0.28 | alpha 2.483 | step_limit
Ep 741 | 드론4 목적지41 |  622스텝 | 배송 41/41 | 재적재  7 | 중계율 0.24 | alpha 2.487 | complete
Ep 742 | 드론3 목적지78 | 1000스텝 | 배송 61/78 | 재적재 12 | 중계율 0.19 | alpha 2.497 | step_limit
Ep 743 | 드론3 목적지39 |  846스텝 | 배송 39/39 | 재적재  7 | 중계율 0.25 | alpha 2.436 | complete
Ep 744 | 드론3 목적지57 | 1000스텝 | 배송 54/57 | 재적재  9 | 중계율 0.24 | alpha 2.406 | step_limit
Ep 745 | 드론3 목적지76 | 1000스텝 | 배송 66/76 | 재적재 12 | 중계율 0.18 | alpha 2.413 | step_limit
Ep 746 | 드론3 목적지69 | 1000스텝 | 배송 60/69 | 재적재 11 | 중계율 0.18 | alpha 2.394 | step_limit
Ep 747 | 드론3 목적지33 |  986스텝 | 배송 33/33 | 재적재  5 | 중계율 0.26 | alpha 2.430 | complete
Ep 748 | 드론3 목적지30 |  532스텝 | 배송 30/30 | 재적재  5 | 중계율 0.19 | alpha 2.447 | complete
Ep 749 | 드론4 목적지32 |  680스텝 | 배송 32/32 | 재적재  5 | 중계율 0.23 | alpha 2.452 | complete
Ep 750 | 드론4 목적지61 |  921스텝 | 배송 61/61 | 재적재 10 | 중계율 0.16 | alpha 2.418 | complete
  [홀드아웃] 배송 49.9±1.3 완주 0.99 스텝 1044 점수 124.8 재적재 8.2 2홉+ 0.62 | 최고 126.0@ep700 정체 1/15
Ep 751 | 드론4 목적지34 |  727스텝 | 배송 34/34 | 재적재  6 | 중계율 0.28 | alpha 2.392 | complete
Ep 752 | 드론4 목적지69 | 1000스텝 | 배송 65/69 | 재적재 11 | 중계율 0.21 | alpha 2.377 | step_limit
Ep 753 | 드론3 목적지80 | 1000스텝 | 배송 66/80 | 재적재 11 | 중계율 0.16 | alpha 2.429 | step_limit
Ep 754 | 드론3 목적지29 |  620스텝 | 배송 29/29 | 재적재  5 | 중계율 0.20 | alpha 2.424 | complete
Ep 755 | 드론3 목적지43 |  878스텝 | 배송 43/43 | 재적재  8 | 중계율 0.18 | alpha 2.430 | complete
Ep 756 | 드론4 목적지30 |  505스텝 | 배송 30/30 | 재적재  4 | 중계율 0.23 | alpha 2.443 | complete
Ep 757 | 드론4 목적지37 |  695스텝 | 배송 37/37 | 재적재  7 | 중계율 0.24 | alpha 2.408 | complete
Ep 758 | 드론3 목적지51 | 1000스텝 | 배송 50/51 | 재적재  9 | 중계율 0.19 | alpha 2.413 | step_limit
Ep 759 | 드론4 목적지23 |  380스텝 | 배송 23/23 | 재적재  3 | 중계율 0.20 | alpha 2.417 | complete
Ep 760 | 드론4 목적지60 | 1000스텝 | 배송 57/60 | 재적재 10 | 중계율 0.22 | alpha 2.434 | step_limit
Ep 761 | 드론3 목적지77 | 1000스텝 | 배송 56/77 | 재적재 11 | 중계율 0.21 | alpha 2.449 | step_limit
Ep 762 | 드론4 목적지26 |  570스텝 | 배송 26/26 | 재적재  4 | 중계율 0.27 | alpha 2.472 | complete
Ep 763 | 드론4 목적지70 | 1000스텝 | 배송 68/70 | 재적재 12 | 중계율 0.14 | alpha 2.484 | step_limit
Ep 764 | 드론4 목적지32 |  851스텝 | 배송 32/32 | 재적재  5 | 중계율 0.32 | alpha 2.420 | complete
Ep 765 | 드론4 목적지23 |  619스텝 | 배송 23/23 | 재적재  3 | 중계율 0.29 | alpha 2.410 | complete
Ep 766 | 드론4 목적지51 |  774스텝 | 배송 51/51 | 재적재  9 | 중계율 0.19 | alpha 2.438 | complete
Ep 767 | 드론3 목적지49 |  840스텝 | 배송 49/49 | 재적재  9 | 중계율 0.17 | alpha 2.418 | complete
Ep 768 | 드론3 목적지72 | 1000스텝 | 배송 59/72 | 재적재 10 | 중계율 0.19 | alpha 2.423 | step_limit
Ep 769 | 드론4 목적지22 |  361스텝 | 배송 22/22 | 재적재  2 | 중계율 0.26 | alpha 2.422 | complete
Ep 770 | 드론4 목적지53 |  660스텝 | 배송 53/53 | 재적재  9 | 중계율 0.11 | alpha 2.424 | complete
Ep 771 | 드론4 목적지38 |  806스텝 | 배송 38/38 | 재적재  6 | 중계율 0.23 | alpha 2.431 | complete
Ep 772 | 드론3 목적지36 |  780스텝 | 배송 36/36 | 재적재  6 | 중계율 0.17 | alpha 2.453 | complete
Ep 773 | 드론4 목적지21 |  401스텝 | 배송 21/21 | 재적재  2 | 중계율 0.28 | alpha 2.452 | complete
Ep 774 | 드론4 목적지46 |  786스텝 | 배송 46/46 | 재적재  8 | 중계율 0.21 | alpha 2.430 | complete
Ep 775 | 드론4 목적지41 |  587스텝 | 배송 41/41 | 재적재  6 | 중계율 0.24 | alpha 2.434 | complete
Ep 776 | 드론4 목적지48 |  764스텝 | 배송 48/48 | 재적재  8 | 중계율 0.17 | alpha 2.414 | complete
Ep 777 | 드론3 목적지20 |  519스텝 | 배송 20/20 | 재적재  3 | 중계율 0.20 | alpha 2.377 | complete
Ep 778 | 드론4 목적지57 | 1000스텝 | 배송 49/57 | 재적재  8 | 중계율 0.26 | alpha 2.376 | step_limit
Ep 779 | 드론4 목적지79 | 1000스텝 | 배송 64/79 | 재적재 10 | 중계율 0.23 | alpha 2.380 | step_limit
Ep 780 | 드론3 목적지68 | 1000스텝 | 배송 53/68 | 재적재 10 | 중계율 0.18 | alpha 2.364 | step_limit
Ep 781 | 드론4 목적지50 |  669스텝 | 배송 50/50 | 재적재  8 | 중계율 0.20 | alpha 2.395 | complete
Ep 782 | 드론4 목적지45 |  969스텝 | 배송 45/45 | 재적재  7 | 중계율 0.30 | alpha 2.410 | complete
Ep 783 | 드론3 목적지28 |  570스텝 | 배송 28/28 | 재적재  4 | 중계율 0.24 | alpha 2.408 | complete
Ep 784 | 드론4 목적지58 | 1000스텝 | 배송 54/58 | 재적재  9 | 중계율 0.23 | alpha 2.485 | step_limit
Ep 785 | 드론3 목적지49 |  910스텝 | 배송 49/49 | 재적재  9 | 중계율 0.21 | alpha 2.499 | complete
Ep 786 | 드론3 목적지53 | 1000스텝 | 배송 52/53 | 재적재  9 | 중계율 0.22 | alpha 2.528 | step_limit
Ep 787 | 드론3 목적지47 | 1000스텝 | 배송 45/47 | 재적재  7 | 중계율 0.24 | alpha 2.490 | step_limit
Ep 788 | 드론4 목적지75 | 1000스텝 | 배송 68/75 | 재적재 12 | 중계율 0.20 | alpha 2.468 | step_limit
Ep 789 | 드론3 목적지79 | 1000스텝 | 배송 70/79 | 재적재 13 | 중계율 0.18 | alpha 2.439 | step_limit
Ep 790 | 드론3 목적지65 | 1000스텝 | 배송 61/65 | 재적재 11 | 중계율 0.17 | alpha 2.446 | step_limit
Ep 791 | 드론3 목적지21 |  427스텝 | 배송 21/21 | 재적재  3 | 중계율 0.20 | alpha 2.456 | complete
Ep 792 | 드론3 목적지50 | 1000스텝 | 배송 49/50 | 재적재  8 | 중계율 0.18 | alpha 2.472 | step_limit
Ep 793 | 드론4 목적지27 |  436스텝 | 배송 27/27 | 재적재  2 | 중계율 0.22 | alpha 2.453 | complete
Ep 794 | 드론3 목적지74 | 1000스텝 | 배송 51/74 | 재적재 10 | 중계율 0.15 | alpha 2.419 | step_limit
Ep 795 | 드론3 목적지58 | 1000스텝 | 배송 53/58 | 재적재 10 | 중계율 0.18 | alpha 2.410 | step_limit
Ep 796 | 드론3 목적지23 |  517스텝 | 배송 23/23 | 재적재  3 | 중계율 0.24 | alpha 2.424 | complete
Ep 797 | 드론4 목적지34 |  576스텝 | 배송 34/34 | 재적재  5 | 중계율 0.15 | alpha 2.424 | complete
Ep 798 | 드론3 목적지60 | 1000스텝 | 배송 57/60 | 재적재 11 | 중계율 0.18 | alpha 2.414 | step_limit
Ep 799 | 드론3 목적지33 |  981스텝 | 배송 33/33 | 재적재  5 | 중계율 0.23 | alpha 2.375 | complete
Ep 800 | 드론4 목적지50 |  631스텝 | 배송 50/50 | 재적재  9 | 중계율 0.18 | alpha 2.386 | complete
  [홀드아웃] 배송 49.9±0.6 완주 0.99 스텝 1038 점수 124.9 재적재 8.3 2홉+ 0.62 | 최고 126.0@ep700 정체 2/15
Ep 801 | 드론4 목적지57 | 1000스텝 | 배송 56/57 | 재적재 10 | 중계율 0.21 | alpha 2.434 | step_limit
Ep 802 | 드론3 목적지68 | 1000스텝 | 배송 56/68 | 재적재  9 | 중계율 0.17 | alpha 2.445 | step_limit
Ep 803 | 드론3 목적지80 | 1000스텝 | 배송 65/80 | 재적재 13 | 중계율 0.16 | alpha 2.464 | step_limit
Ep 804 | 드론4 목적지65 | 1000스텝 | 배송 62/65 | 재적재 12 | 중계율 0.23 | alpha 2.456 | step_limit
Ep 805 | 드론4 목적지78 | 1000스텝 | 배송 73/78 | 재적재 13 | 중계율 0.23 | alpha 2.458 | step_limit
Ep 806 | 드론4 목적지73 |  980스텝 | 배송 73/73 | 재적재 14 | 중계율 0.17 | alpha 2.444 | complete
Ep 807 | 드론4 목적지69 |  989스텝 | 배송 69/69 | 재적재 12 | 중계율 0.15 | alpha 2.450 | complete
Ep 808 | 드론3 목적지26 |  569스텝 | 배송 26/26 | 재적재  3 | 중계율 0.22 | alpha 2.464 | complete
Ep 809 | 드론3 목적지70 | 1000스텝 | 배송 59/70 | 재적재 11 | 중계율 0.17 | alpha 2.443 | step_limit
Ep 810 | 드론3 목적지68 | 1000스텝 | 배송 63/68 | 재적재 11 | 중계율 0.21 | alpha 2.439 | step_limit
Ep 811 | 드론3 목적지58 | 1000스텝 | 배송 54/58 | 재적재  9 | 중계율 0.19 | alpha 2.420 | step_limit
Ep 812 | 드론3 목적지33 |  711스텝 | 배송 33/33 | 재적재  5 | 중계율 0.22 | alpha 2.413 | complete
Ep 813 | 드론3 목적지41 | 1000스텝 | 배송 39/41 | 재적재  7 | 중계율 0.23 | alpha 2.442 | step_limit
Ep 814 | 드론3 목적지24 |  508스텝 | 배송 24/24 | 재적재  3 | 중계율 0.28 | alpha 2.444 | complete
Ep 815 | 드론3 목적지38 | 1000스텝 | 배송 34/38 | 재적재  5 | 중계율 0.22 | alpha 2.463 | step_limit
Ep 816 | 드론3 목적지25 |  583스텝 | 배송 25/25 | 재적재  3 | 중계율 0.24 | alpha 2.445 | complete
Ep 817 | 드론3 목적지53 |  852스텝 | 배송 53/53 | 재적재 10 | 중계율 0.15 | alpha 2.451 | complete
Ep 818 | 드론4 목적지28 |  465스텝 | 배송 28/28 | 재적재  4 | 중계율 0.21 | alpha 2.455 | complete
Ep 819 | 드론4 목적지23 |  516스텝 | 배송 23/23 | 재적재  4 | 중계율 0.23 | alpha 2.442 | complete
Ep 820 | 드론3 목적지74 | 1000스텝 | 배송 53/74 | 재적재  9 | 중계율 0.21 | alpha 2.447 | step_limit
Ep 821 | 드론3 목적지79 | 1000스텝 | 배송 62/79 | 재적재 12 | 중계율 0.17 | alpha 2.508 | step_limit
Ep 822 | 드론3 목적지20 |  790스텝 | 배송 20/20 | 재적재  3 | 중계율 0.21 | alpha 2.492 | complete
Ep 823 | 드론4 목적지61 |  913스텝 | 배송 61/61 | 재적재 10 | 중계율 0.24 | alpha 2.490 | complete
Ep 824 | 드론3 목적지25 |  634스텝 | 배송 25/25 | 재적재  3 | 중계율 0.21 | alpha 2.504 | complete
Ep 825 | 드론3 목적지41 |  876스텝 | 배송 41/41 | 재적재  8 | 중계율 0.25 | alpha 2.455 | complete
Ep 826 | 드론3 목적지53 | 1000스텝 | 배송 45/53 | 재적재  9 | 중계율 0.26 | alpha 2.438 | step_limit
Ep 827 | 드론3 목적지44 | 1000스텝 | 배송 40/44 | 재적재  7 | 중계율 0.24 | alpha 2.438 | step_limit
Ep 828 | 드론3 목적지24 |  487스텝 | 배송 24/24 | 재적재  3 | 중계율 0.22 | alpha 2.463 | complete
Ep 829 | 드론4 목적지53 |  981스텝 | 배송 53/53 | 재적재 10 | 중계율 0.25 | alpha 2.468 | complete
Ep 830 | 드론4 목적지66 | 1000스텝 | 배송 59/66 | 재적재 10 | 중계율 0.21 | alpha 2.492 | step_limit
Ep 831 | 드론4 목적지69 |  909스텝 | 배송 69/69 | 재적재 12 | 중계율 0.15 | alpha 2.508 | complete
Ep 832 | 드론4 목적지69 | 1000스텝 | 배송 67/69 | 재적재 11 | 중계율 0.18 | alpha 2.526 | step_limit
Ep 833 | 드론4 목적지72 | 1000스텝 | 배송 61/72 | 재적재 11 | 중계율 0.23 | alpha 2.514 | step_limit
Ep 834 | 드론3 목적지71 | 1000스텝 | 배송 60/71 | 재적재  9 | 중계율 0.27 | alpha 2.458 | step_limit
Ep 835 | 드론3 목적지56 | 1000스텝 | 배송 55/56 | 재적재  9 | 중계율 0.18 | alpha 2.469 | step_limit
Ep 836 | 드론4 목적지30 |  653스텝 | 배송 30/30 | 재적재  4 | 중계율 0.25 | alpha 2.453 | complete
Ep 837 | 드론3 목적지73 | 1000스텝 | 배송 65/73 | 재적재 11 | 중계율 0.19 | alpha 2.458 | step_limit
Ep 838 | 드론4 목적지56 |  682스텝 | 배송 56/56 | 재적재  9 | 중계율 0.14 | alpha 2.432 | complete
Ep 839 | 드론3 목적지20 |  672스텝 | 배송 20/20 | 재적재  2 | 중계율 0.31 | alpha 2.414 | complete
Ep 840 | 드론3 목적지33 |  523스텝 | 배송 33/33 | 재적재  5 | 중계율 0.13 | alpha 2.416 | complete
Ep 841 | 드론3 목적지31 |  571스텝 | 배송 31/31 | 재적재  5 | 중계율 0.19 | alpha 2.411 | complete
Ep 842 | 드론3 목적지68 | 1000스텝 | 배송 57/68 | 재적재 11 | 중계율 0.19 | alpha 2.450 | step_limit
Ep 843 | 드론4 목적지51 | 1000스텝 | 배송 41/51 | 재적재  7 | 중계율 0.26 | alpha 2.407 | step_limit
Ep 844 | 드론3 목적지37 |  956스텝 | 배송 37/37 | 재적재  6 | 중계율 0.18 | alpha 2.421 | complete
Ep 845 | 드론4 목적지74 |  921스텝 | 배송 74/74 | 재적재 14 | 중계율 0.13 | alpha 2.444 | complete
Ep 846 | 드론3 목적지32 |  588스텝 | 배송 32/32 | 재적재  6 | 중계율 0.18 | alpha 2.463 | complete
Ep 847 | 드론4 목적지25 |  486스텝 | 배송 25/25 | 재적재  3 | 중계율 0.20 | alpha 2.483 | complete
Ep 848 | 드론3 목적지44 |  926스텝 | 배송 44/44 | 재적재  7 | 중계율 0.22 | alpha 2.493 | complete
Ep 849 | 드론4 목적지28 |  809스텝 | 배송 28/28 | 재적재  5 | 중계율 0.30 | alpha 2.491 | complete
Ep 850 | 드론3 목적지47 |  926스텝 | 배송 47/47 | 재적재  8 | 중계율 0.16 | alpha 2.480 | complete
  [홀드아웃] 배송 50.0±0.0 완주 1.00 스텝 1057 점수 125.9 재적재 8.3 2홉+ 0.63 | 최고 126.0@ep700 정체 3/15
Ep 851 | 드론3 목적지39 |  777스텝 | 배송 39/39 | 재적재  6 | 중계율 0.20 | alpha 2.471 | complete
Ep 852 | 드론3 목적지68 | 1000스텝 | 배송 55/68 | 재적재  9 | 중계율 0.19 | alpha 2.463 | step_limit
Ep 853 | 드론3 목적지65 | 1000스텝 | 배송 52/65 | 재적재  9 | 중계율 0.19 | alpha 2.454 | step_limit
Ep 854 | 드론4 목적지61 | 1000스텝 | 배송 56/61 | 재적재  9 | 중계율 0.25 | alpha 2.451 | step_limit
Ep 855 | 드론4 목적지22 |  319스텝 | 배송 22/22 | 재적재  2 | 중계율 0.17 | alpha 2.474 | complete
Ep 856 | 드론4 목적지59 | 1000스텝 | 배송 58/59 | 재적재 11 | 중계율 0.19 | alpha 2.493 | step_limit
Ep 857 | 드론3 목적지69 | 1000스텝 | 배송 42/69 | 재적재  7 | 중계율 0.22 | alpha 2.508 | step_limit
Ep 858 | 드론4 목적지35 |  518스텝 | 배송 35/35 | 재적재  6 | 중계율 0.13 | alpha 2.499 | complete
Ep 859 | 드론3 목적지20 |  626스텝 | 배송 20/20 | 재적재  2 | 중계율 0.21 | alpha 2.509 | complete
Ep 860 | 드론4 목적지42 | 1000스텝 | 배송 40/42 | 재적재  7 | 중계율 0.25 | alpha 2.514 | step_limit
Ep 861 | 드론3 목적지58 | 1000스텝 | 배송 51/58 | 재적재 10 | 중계율 0.18 | alpha 2.555 | step_limit
Ep 862 | 드론3 목적지39 |  944스텝 | 배송 39/39 | 재적재  7 | 중계율 0.19 | alpha 2.596 | complete
Ep 863 | 드론4 목적지77 | 1000스텝 | 배송 63/77 | 재적재 11 | 중계율 0.21 | alpha 2.572 | step_limit
Ep 864 | 드론4 목적지37 |  734스텝 | 배송 37/37 | 재적재  5 | 중계율 0.28 | alpha 2.567 | complete
Ep 865 | 드론3 목적지33 |  795스텝 | 배송 33/33 | 재적재  5 | 중계율 0.21 | alpha 2.553 | complete
Ep 866 | 드론4 목적지40 |  522스텝 | 배송 40/40 | 재적재  7 | 중계율 0.18 | alpha 2.551 | complete
Ep 867 | 드론4 목적지34 |  606스텝 | 배송 34/34 | 재적재  4 | 중계율 0.18 | alpha 2.580 | complete
Ep 868 | 드론3 목적지34 |  707스텝 | 배송 34/34 | 재적재  6 | 중계율 0.20 | alpha 2.597 | complete
Ep 869 | 드론3 목적지76 |  981스텝 | 배송 76/76 | 재적재 14 | 중계율 0.14 | alpha 2.529 | complete
Ep 870 | 드론3 목적지42 | 1000스텝 | 배송 37/42 | 재적재  6 | 중계율 0.21 | alpha 2.503 | step_limit
Ep 871 | 드론3 목적지47 |  906스텝 | 배송 47/47 | 재적재  8 | 중계율 0.19 | alpha 2.497 | complete
Ep 872 | 드론4 목적지22 |  333스텝 | 배송 22/22 | 재적재  4 | 중계율 0.20 | alpha 2.498 | complete
Ep 873 | 드론4 목적지60 | 1000스텝 | 배송 57/60 | 재적재 10 | 중계율 0.21 | alpha 2.533 | step_limit
Ep 874 | 드론4 목적지45 | 1000스텝 | 배송 43/45 | 재적재  8 | 중계율 0.26 | alpha 2.528 | step_limit
Ep 875 | 드론4 목적지32 |  650스텝 | 배송 32/32 | 재적재  5 | 중계율 0.25 | alpha 2.562 | complete
Ep 876 | 드론3 목적지49 | 1000스텝 | 배송 47/49 | 재적재  8 | 중계율 0.14 | alpha 2.558 | step_limit
Ep 877 | 드론4 목적지77 | 1000스텝 | 배송 65/77 | 재적재 12 | 중계율 0.21 | alpha 2.566 | step_limit
Ep 878 | 드론4 목적지44 | 1000스텝 | 배송 42/44 | 재적재  7 | 중계율 0.27 | alpha 2.543 | step_limit
Ep 879 | 드론3 목적지79 | 1000스텝 | 배송 52/79 | 재적재 10 | 중계율 0.19 | alpha 2.486 | step_limit
Ep 880 | 드론4 목적지32 |  491스텝 | 배송 32/32 | 재적재  5 | 중계율 0.20 | alpha 2.495 | complete
Ep 881 | 드론4 목적지74 | 1000스텝 | 배송 59/74 | 재적재 10 | 중계율 0.21 | alpha 2.534 | step_limit
Ep 882 | 드론3 목적지76 | 1000스텝 | 배송 60/76 | 재적재 11 | 중계율 0.17 | alpha 2.524 | step_limit
Ep 883 | 드론4 목적지50 | 1000스텝 | 배송 46/50 | 재적재  8 | 중계율 0.27 | alpha 2.555 | step_limit
Ep 884 | 드론4 목적지56 |  839스텝 | 배송 56/56 | 재적재 11 | 중계율 0.17 | alpha 2.537 | complete
Ep 885 | 드론3 목적지44 | 1000스텝 | 배송 43/44 | 재적재  8 | 중계율 0.18 | alpha 2.568 | step_limit
Ep 886 | 드론4 목적지76 | 1000스텝 | 배송 70/76 | 재적재 13 | 중계율 0.16 | alpha 2.537 | step_limit
Ep 887 | 드론3 목적지67 | 1000스텝 | 배송 55/67 | 재적재  9 | 중계율 0.19 | alpha 2.514 | step_limit
Ep 888 | 드론3 목적지71 | 1000스텝 | 배송 44/71 | 재적재  8 | 중계율 0.24 | alpha 2.485 | step_limit
Ep 889 | 드론3 목적지32 |  712스텝 | 배송 32/32 | 재적재  4 | 중계율 0.26 | alpha 2.519 | complete
Ep 890 | 드론4 목적지62 |  984스텝 | 배송 62/62 | 재적재 12 | 중계율 0.20 | alpha 2.539 | complete
Ep 891 | 드론3 목적지78 | 1000스텝 | 배송 62/78 | 재적재 12 | 중계율 0.15 | alpha 2.495 | step_limit
Ep 892 | 드론3 목적지39 |  929스텝 | 배송 39/39 | 재적재  6 | 중계율 0.18 | alpha 2.504 | complete
Ep 893 | 드론3 목적지65 | 1000스텝 | 배송 57/65 | 재적재 10 | 중계율 0.21 | alpha 2.550 | step_limit
Ep 894 | 드론4 목적지47 |  624스텝 | 배송 47/47 | 재적재  8 | 중계율 0.12 | alpha 2.562 | complete
Ep 895 | 드론4 목적지64 |  880스텝 | 배송 64/64 | 재적재 12 | 중계율 0.22 | alpha 2.583 | complete
Ep 896 | 드론4 목적지41 |  888스텝 | 배송 41/41 | 재적재  6 | 중계율 0.29 | alpha 2.569 | complete
Ep 897 | 드론4 목적지77 | 1000스텝 | 배송 75/77 | 재적재 13 | 중계율 0.14 | alpha 2.583 | step_limit
Ep 898 | 드론3 목적지29 |  732스텝 | 배송 29/29 | 재적재  5 | 중계율 0.19 | alpha 2.605 | complete
Ep 899 | 드론3 목적지31 |  772스텝 | 배송 31/31 | 재적재  5 | 중계율 0.25 | alpha 2.636 | complete
Ep 900 | 드론3 목적지69 | 1000스텝 | 배송 66/69 | 재적재 11 | 중계율 0.19 | alpha 2.646 | step_limit
  [홀드아웃] 배송 50.0±0.2 완주 0.97 스텝 1032 점수 123.7 재적재 8.3 2홉+ 0.63 | 최고 126.0@ep700 정체 4/15
Ep 901 | 드론4 목적지26 |  910스텝 | 배송 26/26 | 재적재  3 | 중계율 0.30 | alpha 2.630 | complete
Ep 902 | 드론4 목적지58 |  881스텝 | 배송 58/58 | 재적재 10 | 중계율 0.20 | alpha 2.649 | complete
Ep 903 | 드론3 목적지41 | 1000스텝 | 배송 36/41 | 재적재  6 | 중계율 0.25 | alpha 2.633 | step_limit
Ep 904 | 드론4 목적지47 |  783스텝 | 배송 47/47 | 재적재  8 | 중계율 0.14 | alpha 2.654 | complete
Ep 905 | 드론3 목적지63 | 1000스텝 | 배송 54/63 | 재적재  9 | 중계율 0.21 | alpha 2.635 | step_limit
Ep 906 | 드론4 목적지64 | 1000스텝 | 배송 60/64 | 재적재 10 | 중계율 0.25 | alpha 2.672 | step_limit
Ep 907 | 드론3 목적지80 | 1000스텝 | 배송 61/80 | 재적재 11 | 중계율 0.15 | alpha 2.646 | step_limit
Ep 908 | 드론4 목적지49 |  849스텝 | 배송 49/49 | 재적재  8 | 중계율 0.21 | alpha 2.640 | complete
Ep 909 | 드론3 목적지68 | 1000스텝 | 배송 55/68 | 재적재  9 | 중계율 0.20 | alpha 2.627 | step_limit
Ep 910 | 드론4 목적지69 | 1000스텝 | 배송 68/69 | 재적재 12 | 중계율 0.21 | alpha 2.683 | step_limit
Ep 911 | 드론3 목적지22 |  481스텝 | 배송 22/22 | 재적재  3 | 중계율 0.19 | alpha 2.663 | complete
Ep 912 | 드론3 목적지71 | 1000스텝 | 배송 56/71 | 재적재  9 | 중계율 0.22 | alpha 2.628 | step_limit
Ep 913 | 드론3 목적지48 |  855스텝 | 배송 48/48 | 재적재  9 | 중계율 0.16 | alpha 2.634 | complete
Ep 914 | 드론3 목적지64 | 1000스텝 | 배송 60/64 | 재적재 10 | 중계율 0.25 | alpha 2.616 | step_limit
Ep 915 | 드론4 목적지58 | 1000스텝 | 배송 54/58 | 재적재  9 | 중계율 0.23 | alpha 2.603 | step_limit
Ep 916 | 드론3 목적지21 | 1000스텝 | 배송 16/21 | 재적재  3 | 중계율 0.24 | alpha 2.632 | step_limit
Ep 917 | 드론4 목적지75 | 1000스텝 | 배송 54/75 | 재적재 10 | 중계율 0.28 | alpha 2.672 | step_limit
Ep 918 | 드론4 목적지22 |  607스텝 | 배송 22/22 | 재적재  4 | 중계율 0.32 | alpha 2.665 | complete
Ep 919 | 드론4 목적지73 | 1000스텝 | 배송 69/73 | 재적재 12 | 중계율 0.21 | alpha 2.618 | step_limit
Ep 920 | 드론3 목적지79 | 1000스텝 | 배송 51/79 | 재적재  9 | 중계율 0.23 | alpha 2.613 | step_limit
Ep 921 | 드론3 목적지27 |  491스텝 | 배송 27/27 | 재적재  5 | 중계율 0.15 | alpha 2.614 | complete
Ep 922 | 드론3 목적지20 |  485스텝 | 배송 20/20 | 재적재  3 | 중계율 0.22 | alpha 2.620 | complete
Ep 923 | 드론4 목적지51 |  843스텝 | 배송 51/51 | 재적재  9 | 중계율 0.21 | alpha 2.597 | complete
Ep 924 | 드론4 목적지68 |  952스텝 | 배송 68/68 | 재적재 12 | 중계율 0.16 | alpha 2.570 | complete
Ep 925 | 드론4 목적지30 |  673스텝 | 배송 30/30 | 재적재  5 | 중계율 0.28 | alpha 2.603 | complete
Ep 926 | 드론4 목적지31 |  465스텝 | 배송 31/31 | 재적재  4 | 중계율 0.24 | alpha 2.619 | complete
Ep 927 | 드론3 목적지62 | 1000스텝 | 배송 51/62 | 재적재  8 | 중계율 0.22 | alpha 2.628 | step_limit
Ep 928 | 드론3 목적지51 |  886스텝 | 배송 51/51 | 재적재  9 | 중계율 0.20 | alpha 2.668 | complete
Ep 929 | 드론4 목적지34 |  522스텝 | 배송 34/34 | 재적재  5 | 중계율 0.17 | alpha 2.648 | complete
Ep 930 | 드론3 목적지57 | 1000스텝 | 배송 51/57 | 재적재  9 | 중계율 0.17 | alpha 2.635 | step_limit
Ep 931 | 드론3 목적지52 |  937스텝 | 배송 52/52 | 재적재  9 | 중계율 0.21 | alpha 2.647 | complete
Ep 932 | 드론4 목적지27 |  506스텝 | 배송 27/27 | 재적재  3 | 중계율 0.21 | alpha 2.667 | complete
Ep 933 | 드론4 목적지71 | 1000스텝 | 배송 66/71 | 재적재 12 | 중계율 0.20 | alpha 2.650 | step_limit
Ep 934 | 드론4 목적지65 | 1000스텝 | 배송 58/65 | 재적재 10 | 중계율 0.23 | alpha 2.678 | step_limit
Ep 935 | 드론3 목적지29 |  883스텝 | 배송 29/29 | 재적재  4 | 중계율 0.24 | alpha 2.677 | complete
Ep 936 | 드론3 목적지44 | 1000스텝 | 배송 42/44 | 재적재  7 | 중계율 0.23 | alpha 2.699 | step_limit
Ep 937 | 드론3 목적지22 |  517스텝 | 배송 22/22 | 재적재  3 | 중계율 0.24 | alpha 2.682 | complete
Ep 938 | 드론3 목적지44 | 1000스텝 | 배송 40/44 | 재적재  6 | 중계율 0.23 | alpha 2.700 | step_limit
Ep 939 | 드론4 목적지68 | 1000스텝 | 배송 63/68 | 재적재 10 | 중계율 0.25 | alpha 2.680 | step_limit
Ep 940 | 드론4 목적지43 | 1000스텝 | 배송 38/43 | 재적재  5 | 중계율 0.31 | alpha 2.686 | step_limit
Ep 941 | 드론4 목적지73 | 1000스텝 | 배송 66/73 | 재적재 11 | 중계율 0.22 | alpha 2.671 | step_limit
Ep 942 | 드론4 목적지26 |  378스텝 | 배송 26/26 | 재적재  4 | 중계율 0.23 | alpha 2.670 | complete
Ep 943 | 드론4 목적지28 |  818스텝 | 배송 28/28 | 재적재  4 | 중계율 0.25 | alpha 2.678 | complete
Ep 944 | 드론3 목적지79 | 1000스텝 | 배송 72/79 | 재적재 13 | 중계율 0.16 | alpha 2.682 | step_limit
Ep 945 | 드론3 목적지61 | 1000스텝 | 배송 56/61 | 재적재 10 | 중계율 0.22 | alpha 2.671 | step_limit
Ep 946 | 드론3 목적지50 | 1000스텝 | 배송 44/50 | 재적재  8 | 중계율 0.24 | alpha 2.664 | step_limit
Ep 947 | 드론4 목적지25 |  737스텝 | 배송 25/25 | 재적재  3 | 중계율 0.22 | alpha 2.692 | complete
Ep 948 | 드론4 목적지58 |  904스텝 | 배송 58/58 | 재적재 10 | 중계율 0.22 | alpha 2.675 | complete
Ep 949 | 드론4 목적지52 |  928스텝 | 배송 52/52 | 재적재 10 | 중계율 0.21 | alpha 2.704 | complete
Ep 950 | 드론4 목적지43 |  590스텝 | 배송 43/43 | 재적재  6 | 중계율 0.20 | alpha 2.689 | complete
  [홀드아웃] 배송 50.0±0.0 완주 1.00 스텝 1007 점수 126.6 재적재 8.3 2홉+ 0.63 | 최고 126.6@ep950 정체 0/15  ← 갱신
Ep 951 | 드론4 목적지30 |  607스텝 | 배송 30/30 | 재적재  5 | 중계율 0.25 | alpha 2.709 | complete
Ep 952 | 드론3 목적지51 | 1000스텝 | 배송 46/51 | 재적재  7 | 중계율 0.25 | alpha 2.711 | step_limit
Ep 953 | 드론4 목적지43 | 1000스텝 | 배송 40/43 | 재적재  6 | 중계율 0.23 | alpha 2.710 | step_limit
Ep 954 | 드론4 목적지80 | 1000스텝 | 배송 69/80 | 재적재 13 | 중계율 0.25 | alpha 2.692 | step_limit
Ep 955 | 드론4 목적지46 |  600스텝 | 배송 46/46 | 재적재  7 | 중계율 0.15 | alpha 2.687 | complete
Ep 956 | 드론4 목적지37 |  762스텝 | 배송 37/37 | 재적재  6 | 중계율 0.27 | alpha 2.707 | complete
Ep 957 | 드론3 목적지52 |  832스텝 | 배송 52/52 | 재적재 10 | 중계율 0.15 | alpha 2.693 | complete
Ep 958 | 드론4 목적지46 | 1000스텝 | 배송 42/46 | 재적재  8 | 중계율 0.30 | alpha 2.691 | step_limit
Ep 959 | 드론3 목적지46 |  913스텝 | 배송 46/46 | 재적재  8 | 중계율 0.19 | alpha 2.699 | complete
Ep 960 | 드론4 목적지66 |  853스텝 | 배송 66/66 | 재적재 11 | 중계율 0.15 | alpha 2.697 | complete
Ep 961 | 드론3 목적지76 | 1000스텝 | 배송 58/76 | 재적재 10 | 중계율 0.26 | alpha 2.645 | step_limit
Ep 962 | 드론3 목적지52 | 1000스텝 | 배송 50/52 | 재적재  8 | 중계율 0.19 | alpha 2.656 | step_limit
Ep 963 | 드론3 목적지56 | 1000스텝 | 배송 49/56 | 재적재  8 | 중계율 0.29 | alpha 2.665 | step_limit
Ep 964 | 드론3 목적지54 | 1000스텝 | 배송 53/54 | 재적재 10 | 중계율 0.17 | alpha 2.678 | step_limit
Ep 965 | 드론3 목적지34 |  639스텝 | 배송 34/34 | 재적재  5 | 중계율 0.18 | alpha 2.672 | complete
Ep 966 | 드론4 목적지77 | 1000스텝 | 배송 74/77 | 재적재 14 | 중계율 0.12 | alpha 2.684 | step_limit
Ep 967 | 드론4 목적지38 |  711스텝 | 배송 38/38 | 재적재  7 | 중계율 0.17 | alpha 2.689 | complete
Ep 968 | 드론4 목적지37 |  956스텝 | 배송 37/37 | 재적재  6 | 중계율 0.28 | alpha 2.675 | complete
Ep 969 | 드론3 목적지54 | 1000스텝 | 배송 50/54 | 재적재  9 | 중계율 0.21 | alpha 2.672 | step_limit
Ep 970 | 드론4 목적지80 | 1000스텝 | 배송 63/80 | 재적재 11 | 중계율 0.23 | alpha 2.715 | step_limit
Ep 971 | 드론4 목적지26 |  640스텝 | 배송 26/26 | 재적재  4 | 중계율 0.18 | alpha 2.719 | complete
Ep 972 | 드론4 목적지27 |  630스텝 | 배송 27/27 | 재적재  4 | 중계율 0.24 | alpha 2.706 | complete
Ep 973 | 드론3 목적지36 | 1000스텝 | 배송 31/36 | 재적재  6 | 중계율 0.23 | alpha 2.690 | step_limit
Ep 974 | 드론3 목적지80 | 1000스텝 | 배송 62/80 | 재적재 12 | 중계율 0.18 | alpha 2.696 | step_limit
Ep 975 | 드론4 목적지80 | 1000스텝 | 배송 70/80 | 재적재 13 | 중계율 0.21 | alpha 2.693 | step_limit
Ep 976 | 드론3 목적지48 | 1000스텝 | 배송 45/48 | 재적재  7 | 중계율 0.19 | alpha 2.727 | step_limit
Ep 977 | 드론4 목적지48 |  718스텝 | 배송 48/48 | 재적재  9 | 중계율 0.18 | alpha 2.692 | complete
Ep 978 | 드론4 목적지69 |  863스텝 | 배송 69/69 | 재적재 13 | 중계율 0.18 | alpha 2.655 | complete
Ep 979 | 드론4 목적지58 |  777스텝 | 배송 58/58 | 재적재 11 | 중계율 0.14 | alpha 2.679 | complete
Ep 980 | 드론4 목적지73 | 1000스텝 | 배송 60/73 | 재적재  9 | 중계율 0.24 | alpha 2.718 | step_limit
Ep 981 | 드론3 목적지62 | 1000스텝 | 배송 59/62 | 재적재 11 | 중계율 0.20 | alpha 2.732 | step_limit
Ep 982 | 드론4 목적지66 | 1000스텝 | 배송 65/66 | 재적재 11 | 중계율 0.25 | alpha 2.703 | step_limit
Ep 983 | 드론3 목적지22 |  482스텝 | 배송 22/22 | 재적재  3 | 중계율 0.21 | alpha 2.658 | complete
Ep 984 | 드론3 목적지53 | 1000스텝 | 배송 41/53 | 재적재  7 | 중계율 0.30 | alpha 2.655 | step_limit
Ep 985 | 드론4 목적지65 |  833스텝 | 배송 65/65 | 재적재 11 | 중계율 0.13 | alpha 2.673 | complete
Ep 986 | 드론4 목적지35 |  882스텝 | 배송 35/35 | 재적재  5 | 중계율 0.26 | alpha 2.688 | complete
Ep 987 | 드론4 목적지47 |  666스텝 | 배송 47/47 | 재적재  7 | 중계율 0.22 | alpha 2.666 | complete
Ep 988 | 드론3 목적지24 |  686스텝 | 배송 24/24 | 재적재  3 | 중계율 0.26 | alpha 2.658 | complete
Ep 989 | 드론3 목적지64 |  948스텝 | 배송 64/64 | 재적재 11 | 중계율 0.17 | alpha 2.708 | complete
Ep 990 | 드론3 목적지26 |  584스텝 | 배송 26/26 | 재적재  4 | 중계율 0.22 | alpha 2.736 | complete
Ep 991 | 드론3 목적지30 |  613스텝 | 배송 30/30 | 재적재  5 | 중계율 0.17 | alpha 2.710 | complete
Ep 992 | 드론3 목적지59 | 1000스텝 | 배송 51/59 | 재적재  9 | 중계율 0.21 | alpha 2.717 | step_limit
Ep 993 | 드론3 목적지46 | 1000스텝 | 배송 42/46 | 재적재  8 | 중계율 0.20 | alpha 2.735 | step_limit
Ep 994 | 드론4 목적지71 |  742스텝 | 배송 71/71 | 재적재 12 | 중계율 0.16 | alpha 2.760 | complete
Ep 995 | 드론3 목적지61 | 1000스텝 | 배송 53/61 | 재적재  9 | 중계율 0.22 | alpha 2.716 | step_limit
Ep 996 | 드론3 목적지61 | 1000스텝 | 배송 57/61 | 재적재 10 | 중계율 0.15 | alpha 2.743 | step_limit
Ep 997 | 드론3 목적지59 | 1000스텝 | 배송 55/59 | 재적재  9 | 중계율 0.24 | alpha 2.761 | step_limit
Ep 998 | 드론4 목적지70 | 1000스텝 | 배송 57/70 | 재적재 10 | 중계율 0.22 | alpha 2.731 | step_limit
Ep 999 | 드론3 목적지49 |  958스텝 | 배송 49/49 | 재적재  9 | 중계율 0.16 | alpha 2.702 | complete
Ep 1000 | 드론4 목적지63 |  944스텝 | 배송 63/63 | 재적재 11 | 중계율 0.20 | alpha 2.695 | complete
  [홀드아웃] 배송 50.0±0.0 완주 1.00 스텝 1027 점수 126.3 재적재 8.3 2홉+ 0.63 | 최고 126.6@ep950 정체 1/15
Ep 1001 | 드론4 목적지43 |  679스텝 | 배송 43/43 | 재적재  7 | 중계율 0.15 | alpha 2.686 | complete
Ep 1002 | 드론3 목적지78 | 1000스텝 | 배송 59/78 | 재적재 10 | 중계율 0.20 | alpha 2.688 | step_limit
Ep 1003 | 드론3 목적지74 | 1000스텝 | 배송 56/74 | 재적재  9 | 중계율 0.24 | alpha 2.732 | step_limit
Ep 1004 | 드론4 목적지61 | 1000스텝 | 배송 60/61 | 재적재 10 | 중계율 0.24 | alpha 2.764 | step_limit
Ep 1005 | 드론4 목적지62 | 1000스텝 | 배송 60/62 | 재적재 10 | 중계율 0.20 | alpha 2.759 | step_limit
Ep 1006 | 드론3 목적지22 |  621스텝 | 배송 22/22 | 재적재  3 | 중계율 0.22 | alpha 2.746 | complete
Ep 1007 | 드론4 목적지79 | 1000스텝 | 배송 73/79 | 재적재 13 | 중계율 0.22 | alpha 2.691 | step_limit
Ep 1008 | 드론3 목적지28 |  657스텝 | 배송 28/28 | 재적재  5 | 중계율 0.25 | alpha 2.668 | complete
Ep 1009 | 드론3 목적지65 | 1000스텝 | 배송 55/65 | 재적재  9 | 중계율 0.26 | alpha 2.703 | step_limit
Ep 1010 | 드론4 목적지22 |  439스텝 | 배송 22/22 | 재적재  3 | 중계율 0.21 | alpha 2.700 | complete
Ep 1011 | 드론4 목적지52 |  696스텝 | 배송 52/52 | 재적재 10 | 중계율 0.13 | alpha 2.720 | complete
Ep 1012 | 드론4 목적지47 |  864스텝 | 배송 47/47 | 재적재  7 | 중계율 0.20 | alpha 2.748 | complete
Ep 1013 | 드론4 목적지66 |  682스텝 | 배송 66/66 | 재적재 11 | 중계율 0.13 | alpha 2.760 | complete
Ep 1014 | 드론3 목적지69 | 1000스텝 | 배송 61/69 | 재적재 11 | 중계율 0.20 | alpha 2.765 | step_limit
Ep 1015 | 드론3 목적지77 | 1000스텝 | 배송 67/77 | 재적재 12 | 중계율 0.17 | alpha 2.778 | step_limit
Ep 1016 | 드론3 목적지80 | 1000스텝 | 배송 59/80 | 재적재 11 | 중계율 0.22 | alpha 2.744 | step_limit
Ep 1017 | 드론4 목적지51 |  785스텝 | 배송 51/51 | 재적재  8 | 중계율 0.18 | alpha 2.755 | complete
Ep 1018 | 드론4 목적지21 |  318스텝 | 배송 21/21 | 재적재  2 | 중계율 0.19 | alpha 2.760 | complete
Ep 1019 | 드론3 목적지58 | 1000스텝 | 배송 53/58 | 재적재  8 | 중계율 0.23 | alpha 2.746 | step_limit
Ep 1020 | 드론3 목적지74 | 1000스텝 | 배송 61/74 | 재적재 11 | 중계율 0.26 | alpha 2.756 | step_limit
Ep 1021 | 드론3 목적지48 |  863스텝 | 배송 48/48 | 재적재  8 | 중계율 0.18 | alpha 2.713 | complete
Ep 1022 | 드론4 목적지27 |  323스텝 | 배송 27/27 | 재적재  4 | 중계율 0.13 | alpha 2.723 | complete
Ep 1023 | 드론4 목적지46 |  681스텝 | 배송 46/46 | 재적재  8 | 중계율 0.17 | alpha 2.715 | complete
Ep 1024 | 드론3 목적지70 | 1000스텝 | 배송 44/70 | 재적재  7 | 중계율 0.29 | alpha 2.697 | step_limit
Ep 1025 | 드론4 목적지41 |  865스텝 | 배송 41/41 | 재적재  7 | 중계율 0.27 | alpha 2.737 | complete
Ep 1026 | 드론4 목적지76 | 1000스텝 | 배송 67/76 | 재적재 12 | 중계율 0.22 | alpha 2.732 | step_limit
Ep 1027 | 드론3 목적지51 | 1000스텝 | 배송 50/51 | 재적재 10 | 중계율 0.21 | alpha 2.758 | step_limit
Ep 1028 | 드론3 목적지27 |  656스텝 | 배송 27/27 | 재적재  4 | 중계율 0.17 | alpha 2.755 | complete
Ep 1029 | 드론3 목적지37 |  784스텝 | 배송 37/37 | 재적재  6 | 중계율 0.21 | alpha 2.765 | complete
Ep 1030 | 드론3 목적지46 | 1000스텝 | 배송 40/46 | 재적재  6 | 중계율 0.30 | alpha 2.700 | step_limit
Ep 1031 | 드론4 목적지20 |  298스텝 | 배송 20/20 | 재적재  2 | 중계율 0.21 | alpha 2.731 | complete
Ep 1032 | 드론3 목적지27 |  400스텝 | 배송 27/27 | 재적재  4 | 중계율 0.09 | alpha 2.740 | complete
Ep 1033 | 드론4 목적지38 |  458스텝 | 배송 38/38 | 재적재  6 | 중계율 0.12 | alpha 2.745 | complete
Ep 1034 | 드론3 목적지66 | 1000스텝 | 배송 56/66 | 재적재 11 | 중계율 0.20 | alpha 2.740 | step_limit
Ep 1035 | 드론4 목적지64 | 1000스텝 | 배송 60/64 | 재적재  9 | 중계율 0.26 | alpha 2.771 | step_limit
Ep 1036 | 드론3 목적지59 | 1000스텝 | 배송 50/59 | 재적재  9 | 중계율 0.19 | alpha 2.781 | step_limit
Ep 1037 | 드론3 목적지49 | 1000스텝 | 배송 46/49 | 재적재  8 | 중계율 0.16 | alpha 2.797 | step_limit
Ep 1038 | 드론4 목적지57 | 1000스텝 | 배송 50/57 | 재적재  8 | 중계율 0.27 | alpha 2.803 | step_limit
Ep 1039 | 드론3 목적지73 | 1000스텝 | 배송 53/73 | 재적재 10 | 중계율 0.20 | alpha 2.770 | step_limit
Ep 1040 | 드론3 목적지44 | 1000스텝 | 배송 43/44 | 재적재  7 | 중계율 0.22 | alpha 2.726 | step_limit
Ep 1041 | 드론4 목적지65 | 1000스텝 | 배송 58/65 | 재적재 10 | 중계율 0.22 | alpha 2.798 | step_limit
Ep 1042 | 드론3 목적지37 | 1000스텝 | 배송 35/37 | 재적재  6 | 중계율 0.29 | alpha 2.814 | step_limit
Ep 1043 | 드론4 목적지52 |  744스텝 | 배송 52/52 | 재적재  9 | 중계율 0.17 | alpha 2.822 | complete
Ep 1044 | 드론3 목적지36 | 1000스텝 | 배송 35/36 | 재적재  6 | 중계율 0.24 | alpha 2.820 | step_limit
Ep 1045 | 드론3 목적지52 |  920스텝 | 배송 52/52 | 재적재  9 | 중계율 0.15 | alpha 2.812 | complete
Ep 1046 | 드론4 목적지43 |  832스텝 | 배송 43/43 | 재적재  7 | 중계율 0.19 | alpha 2.809 | complete
Ep 1047 | 드론3 목적지52 | 1000스텝 | 배송 48/52 | 재적재  8 | 중계율 0.29 | alpha 2.792 | step_limit
Ep 1048 | 드론3 목적지51 | 1000스텝 | 배송 47/51 | 재적재  8 | 중계율 0.22 | alpha 2.785 | step_limit
Ep 1049 | 드론3 목적지72 | 1000스텝 | 배송 49/72 | 재적재  8 | 중계율 0.26 | alpha 2.779 | step_limit
Ep 1050 | 드론4 목적지76 | 1000스텝 | 배송 55/76 | 재적재 10 | 중계율 0.24 | alpha 2.795 | step_limit
  [홀드아웃] 배송 50.0±0.1 완주 0.99 스텝 1029 점수 125.0 재적재 8.3 2홉+ 0.62 | 최고 126.6@ep950 정체 2/15
Ep 1051 | 드론3 목적지79 | 1000스텝 | 배송 59/79 | 재적재  9 | 중계율 0.26 | alpha 2.809 | step_limit
Ep 1052 | 드론4 목적지45 |  902스텝 | 배송 45/45 | 재적재  7 | 중계율 0.21 | alpha 2.807 | complete
Ep 1053 | 드론4 목적지49 | 1000스텝 | 배송 46/49 | 재적재  7 | 중계율 0.24 | alpha 2.795 | step_limit
Ep 1054 | 드론4 목적지61 |  724스텝 | 배송 61/61 | 재적재 10 | 중계율 0.15 | alpha 2.795 | complete
Ep 1055 | 드론4 목적지41 |  624스텝 | 배송 41/41 | 재적재  7 | 중계율 0.26 | alpha 2.791 | complete
Ep 1056 | 드론4 목적지54 | 1000스텝 | 배송 52/54 | 재적재 10 | 중계율 0.23 | alpha 2.818 | step_limit
Ep 1057 | 드론4 목적지64 | 1000스텝 | 배송 63/64 | 재적재 11 | 중계율 0.23 | alpha 2.845 | step_limit
Ep 1058 | 드론4 목적지66 | 1000스텝 | 배송 60/66 | 재적재 10 | 중계율 0.25 | alpha 2.817 | step_limit
Ep 1059 | 드론3 목적지51 | 1000스텝 | 배송 47/51 | 재적재  8 | 중계율 0.19 | alpha 2.807 | step_limit
Ep 1060 | 드론4 목적지52 | 1000스텝 | 배송 51/52 | 재적재  9 | 중계율 0.27 | alpha 2.855 | step_limit
Ep 1061 | 드론4 목적지37 |  536스텝 | 배송 37/37 | 재적재  7 | 중계율 0.20 | alpha 2.877 | complete
Ep 1062 | 드론4 목적지24 |  388스텝 | 배송 24/24 | 재적재  4 | 중계율 0.22 | alpha 2.861 | complete
Ep 1063 | 드론4 목적지73 | 1000스텝 | 배송 69/73 | 재적재 13 | 중계율 0.18 | alpha 2.847 | step_limit
Ep 1064 | 드론4 목적지39 |  890스텝 | 배송 39/39 | 재적재  7 | 중계율 0.28 | alpha 2.831 | complete
Ep 1065 | 드론3 목적지24 |  693스텝 | 배송 24/24 | 재적재  4 | 중계율 0.24 | alpha 2.812 | complete
Ep 1066 | 드론3 목적지75 | 1000스텝 | 배송 64/75 | 재적재 11 | 중계율 0.18 | alpha 2.834 | step_limit
Ep 1067 | 드론4 목적지50 |  711스텝 | 배송 50/50 | 재적재  8 | 중계율 0.21 | alpha 2.853 | complete
Ep 1068 | 드론3 목적지45 |  901스텝 | 배송 45/45 | 재적재  8 | 중계율 0.13 | alpha 2.820 | complete
Ep 1069 | 드론4 목적지20 |  485스텝 | 배송 20/20 | 재적재  2 | 중계율 0.25 | alpha 2.821 | complete
Ep 1070 | 드론3 목적지79 | 1000스텝 | 배송 65/79 | 재적재 11 | 중계율 0.17 | alpha 2.852 | step_limit
Ep 1071 | 드론3 목적지32 |  717스텝 | 배송 32/32 | 재적재  5 | 중계율 0.20 | alpha 2.834 | complete
Ep 1072 | 드론3 목적지56 | 1000스텝 | 배송 50/56 | 재적재  9 | 중계율 0.18 | alpha 2.834 | step_limit
Ep 1073 | 드론4 목적지25 |  626스텝 | 배송 25/25 | 재적재  3 | 중계율 0.26 | alpha 2.849 | complete
Ep 1074 | 드론3 목적지34 |  918스텝 | 배송 34/34 | 재적재  6 | 중계율 0.20 | alpha 2.827 | complete
Ep 1075 | 드론4 목적지40 |  825스텝 | 배송 40/40 | 재적재  7 | 중계율 0.20 | alpha 2.787 | complete
Ep 1076 | 드론3 목적지73 | 1000스텝 | 배송 61/73 | 재적재 12 | 중계율 0.22 | alpha 2.779 | step_limit
Ep 1077 | 드론4 목적지50 |  850스텝 | 배송 50/50 | 재적재  9 | 중계율 0.26 | alpha 2.787 | complete
Ep 1078 | 드론4 목적지62 | 1000스텝 | 배송 58/62 | 재적재 11 | 중계율 0.24 | alpha 2.780 | step_limit
Ep 1079 | 드론3 목적지25 |  520스텝 | 배송 25/25 | 재적재  4 | 중계율 0.19 | alpha 2.828 | complete
Ep 1080 | 드론3 목적지51 | 1000스텝 | 배송 47/51 | 재적재  9 | 중계율 0.24 | alpha 2.837 | step_limit
Ep 1081 | 드론4 목적지46 | 1000스텝 | 배송 44/46 | 재적재  7 | 중계율 0.28 | alpha 2.813 | step_limit
Ep 1082 | 드론4 목적지51 |  970스텝 | 배송 51/51 | 재적재  9 | 중계율 0.19 | alpha 2.789 | complete
Ep 1083 | 드론3 목적지64 | 1000스텝 | 배송 52/64 | 재적재  9 | 중계율 0.26 | alpha 2.807 | step_limit
Ep 1084 | 드론3 목적지48 | 1000스텝 | 배송 46/48 | 재적재  8 | 중계율 0.23 | alpha 2.826 | step_limit
Ep 1085 | 드론3 목적지60 | 1000스텝 | 배송 49/60 | 재적재  9 | 중계율 0.28 | alpha 2.831 | step_limit
Ep 1086 | 드론4 목적지27 |  675스텝 | 배송 27/27 | 재적재  4 | 중계율 0.26 | alpha 2.851 | complete
Ep 1087 | 드론4 목적지66 | 1000스텝 | 배송 50/66 | 재적재  9 | 중계율 0.31 | alpha 2.872 | step_limit
Ep 1088 | 드론4 목적지48 |  532스텝 | 배송 48/48 | 재적재  7 | 중계율 0.13 | alpha 2.868 | complete
Ep 1089 | 드론3 목적지63 | 1000스텝 | 배송 61/63 | 재적재 10 | 중계율 0.17 | alpha 2.858 | step_limit
Ep 1090 | 드론4 목적지78 | 1000스텝 | 배송 61/78 | 재적재 11 | 중계율 0.23 | alpha 2.827 | step_limit
Ep 1091 | 드론3 목적지66 | 1000스텝 | 배송 57/66 | 재적재 10 | 중계율 0.23 | alpha 2.826 | step_limit
Ep 1092 | 드론3 목적지77 | 1000스텝 | 배송 56/77 | 재적재 10 | 중계율 0.24 | alpha 2.893 | step_limit
Ep 1093 | 드론3 목적지72 | 1000스텝 | 배송 60/72 | 재적재 11 | 중계율 0.15 | alpha 2.880 | step_limit
Ep 1094 | 드론4 목적지45 |  741스텝 | 배송 45/45 | 재적재  7 | 중계율 0.22 | alpha 2.881 | complete
Ep 1095 | 드론4 목적지21 |  353스텝 | 배송 21/21 | 재적재  4 | 중계율 0.22 | alpha 2.891 | complete
Ep 1096 | 드론4 목적지77 |  914스텝 | 배송 77/77 | 재적재 14 | 중계율 0.17 | alpha 2.878 | complete
Ep 1097 | 드론3 목적지44 |  967스텝 | 배송 44/44 | 재적재  8 | 중계율 0.18 | alpha 2.862 | complete
Ep 1098 | 드론3 목적지59 | 1000스텝 | 배송 50/59 | 재적재 10 | 중계율 0.27 | alpha 2.890 | step_limit
Ep 1099 | 드론3 목적지75 | 1000스텝 | 배송 65/75 | 재적재 11 | 중계율 0.19 | alpha 2.849 | step_limit
Ep 1100 | 드론3 목적지54 | 1000스텝 | 배송 42/54 | 재적재  8 | 중계율 0.21 | alpha 2.832 | step_limit
  [홀드아웃] 배송 50.0±0.4 완주 0.99 스텝 1020 점수 125.1 재적재 8.4 2홉+ 0.63 | 최고 126.6@ep950 정체 3/15
Ep 1101 | 드론3 목적지78 | 1000스텝 | 배송 64/78 | 재적재 12 | 중계율 0.15 | alpha 2.870 | step_limit
Ep 1102 | 드론4 목적지36 |  980스텝 | 배송 36/36 | 재적재  5 | 중계율 0.22 | alpha 2.858 | complete
Ep 1103 | 드론3 목적지32 |  832스텝 | 배송 32/32 | 재적재  5 | 중계율 0.20 | alpha 2.844 | complete
Ep 1104 | 드론4 목적지37 |  741스텝 | 배송 37/37 | 재적재  6 | 중계율 0.26 | alpha 2.909 | complete
Ep 1105 | 드론4 목적지63 |  911스텝 | 배송 63/63 | 재적재 11 | 중계율 0.18 | alpha 2.907 | complete
Ep 1106 | 드론4 목적지46 |  750스텝 | 배송 46/46 | 재적재  7 | 중계율 0.22 | alpha 2.898 | complete
Ep 1107 | 드론4 목적지21 |  479스텝 | 배송 21/21 | 재적재  3 | 중계율 0.27 | alpha 2.897 | complete
Ep 1108 | 드론3 목적지41 |  999스텝 | 배송 41/41 | 재적재  7 | 중계율 0.27 | alpha 2.888 | complete
Ep 1109 | 드론4 목적지21 |  245스텝 | 배송 21/21 | 재적재  4 | 중계율 0.15 | alpha 2.897 | complete
Ep 1110 | 드론3 목적지55 | 1000스텝 | 배송 47/55 | 재적재  8 | 중계율 0.27 | alpha 2.899 | step_limit
Ep 1111 | 드론4 목적지49 |  546스텝 | 배송 49/49 | 재적재  9 | 중계율 0.13 | alpha 2.892 | complete
Ep 1112 | 드론3 목적지27 |  668스텝 | 배송 27/27 | 재적재  5 | 중계율 0.28 | alpha 2.880 | complete
Ep 1113 | 드론4 목적지70 | 1000스텝 | 배송 65/70 | 재적재 12 | 중계율 0.19 | alpha 2.867 | step_limit
Ep 1114 | 드론4 목적지50 |  832스텝 | 배송 50/50 | 재적재  8 | 중계율 0.20 | alpha 2.879 | complete
Ep 1115 | 드론4 목적지73 | 1000스텝 | 배송 60/73 | 재적재 10 | 중계율 0.28 | alpha 2.889 | step_limit
Ep 1116 | 드론3 목적지54 | 1000스텝 | 배송 50/54 | 재적재  9 | 중계율 0.24 | alpha 2.877 | step_limit
Ep 1117 | 드론4 목적지74 | 1000스텝 | 배송 60/74 | 재적재 11 | 중계율 0.18 | alpha 2.894 | step_limit
Ep 1118 | 드론4 목적지52 | 1000스텝 | 배송 45/52 | 재적재  8 | 중계율 0.31 | alpha 2.915 | step_limit
Ep 1119 | 드론4 목적지22 |  526스텝 | 배송 22/22 | 재적재  2 | 중계율 0.27 | alpha 2.934 | complete
Ep 1120 | 드론4 목적지40 |  570스텝 | 배송 40/40 | 재적재  6 | 중계율 0.19 | alpha 2.929 | complete
Ep 1121 | 드론4 목적지26 |  703스텝 | 배송 26/26 | 재적재  4 | 중계율 0.32 | alpha 2.885 | complete
Ep 1122 | 드론4 목적지55 |  825스텝 | 배송 55/55 | 재적재 10 | 중계율 0.12 | alpha 2.881 | complete
Ep 1123 | 드론4 목적지54 |  975스텝 | 배송 54/54 | 재적재  9 | 중계율 0.20 | alpha 2.869 | complete
Ep 1124 | 드론4 목적지79 |  964스텝 | 배송 79/79 | 재적재 14 | 중계율 0.16 | alpha 2.866 | complete
Ep 1125 | 드론4 목적지53 | 1000스텝 | 배송 49/53 | 재적재  9 | 중계율 0.26 | alpha 2.866 | step_limit
Ep 1126 | 드론4 목적지21 |  391스텝 | 배송 21/21 | 재적재  2 | 중계율 0.22 | alpha 2.872 | complete
Ep 1127 | 드론3 목적지66 | 1000스텝 | 배송 56/66 | 재적재 10 | 중계율 0.24 | alpha 2.873 | step_limit
Ep 1128 | 드론4 목적지70 |  934스텝 | 배송 70/70 | 재적재 13 | 중계율 0.25 | alpha 2.877 | complete
Ep 1129 | 드론4 목적지28 |  830스텝 | 배송 28/28 | 재적재  4 | 중계율 0.30 | alpha 2.876 | complete
Ep 1130 | 드론4 목적지45 |  684스텝 | 배송 45/45 | 재적재  7 | 중계율 0.19 | alpha 2.880 | complete
Ep 1131 | 드론3 목적지55 | 1000스텝 | 배송 51/55 | 재적재  9 | 중계율 0.23 | alpha 2.910 | step_limit
Ep 1132 | 드론4 목적지59 |  918스텝 | 배송 59/59 | 재적재  9 | 중계율 0.23 | alpha 2.922 | complete
Ep 1133 | 드론4 목적지69 |  862스텝 | 배송 69/69 | 재적재 12 | 중계율 0.15 | alpha 2.907 | complete
Ep 1134 | 드론4 목적지28 |  728스텝 | 배송 28/28 | 재적재  3 | 중계율 0.29 | alpha 2.870 | complete
Ep 1135 | 드론3 목적지68 | 1000스텝 | 배송 56/68 | 재적재 10 | 중계율 0.23 | alpha 2.900 | step_limit
Ep 1136 | 드론4 목적지76 | 1000스텝 | 배송 60/76 | 재적재 10 | 중계율 0.24 | alpha 2.920 | step_limit
Ep 1137 | 드론4 목적지30 |  412스텝 | 배송 30/30 | 재적재  4 | 중계율 0.14 | alpha 2.914 | complete
Ep 1138 | 드론3 목적지48 |  958스텝 | 배송 48/48 | 재적재  9 | 중계율 0.18 | alpha 2.872 | complete
Ep 1139 | 드론4 목적지39 |  711스텝 | 배송 39/39 | 재적재  7 | 중계율 0.25 | alpha 2.886 | complete
Ep 1140 | 드론3 목적지80 | 1000스텝 | 배송 70/80 | 재적재 12 | 중계율 0.15 | alpha 2.874 | step_limit
Ep 1141 | 드론3 목적지28 |  588스텝 | 배송 28/28 | 재적재  4 | 중계율 0.19 | alpha 2.869 | complete
Ep 1142 | 드론4 목적지47 | 1000스텝 | 배송 44/47 | 재적재  7 | 중계율 0.17 | alpha 2.909 | step_limit
Ep 1143 | 드론3 목적지44 |  887스텝 | 배송 44/44 | 재적재  7 | 중계율 0.22 | alpha 2.905 | complete
Ep 1144 | 드론3 목적지28 |  790스텝 | 배송 28/28 | 재적재  4 | 중계율 0.25 | alpha 2.900 | complete
Ep 1145 | 드론4 목적지21 |  439스텝 | 배송 21/21 | 재적재  1 | 중계율 0.28 | alpha 2.887 | complete
Ep 1146 | 드론3 목적지72 | 1000스텝 | 배송 64/72 | 재적재 11 | 중계율 0.18 | alpha 2.903 | step_limit
Ep 1147 | 드론3 목적지77 | 1000스텝 | 배송 70/77 | 재적재 12 | 중계율 0.18 | alpha 2.872 | step_limit
Ep 1148 | 드론4 목적지45 |  726스텝 | 배송 45/45 | 재적재  7 | 중계율 0.25 | alpha 2.914 | complete
Ep 1149 | 드론3 목적지80 | 1000스텝 | 배송 69/80 | 재적재 12 | 중계율 0.18 | alpha 2.856 | step_limit
Ep 1150 | 드론3 목적지73 | 1000스텝 | 배송 58/73 | 재적재 10 | 중계율 0.18 | alpha 2.869 | step_limit
  [홀드아웃] 배송 50.0±0.0 완주 1.00 스텝 1046 점수 126.0 재적재 8.4 2홉+ 0.63 | 최고 126.6@ep950 정체 4/15
Ep 1151 | 드론3 목적지40 | 1000스텝 | 배송 38/40 | 재적재  6 | 중계율 0.23 | alpha 2.877 | step_limit
Ep 1152 | 드론3 목적지61 | 1000스텝 | 배송 56/61 | 재적재 10 | 중계율 0.16 | alpha 2.884 | step_limit
Ep 1153 | 드론4 목적지24 |  642스텝 | 배송 24/24 | 재적재  2 | 중계율 0.25 | alpha 2.852 | complete
Ep 1154 | 드론3 목적지24 |  501스텝 | 배송 24/24 | 재적재  3 | 중계율 0.22 | alpha 2.807 | complete
Ep 1155 | 드론3 목적지31 |  704스텝 | 배송 31/31 | 재적재  4 | 중계율 0.20 | alpha 2.854 | complete
Ep 1156 | 드론3 목적지20 |  631스텝 | 배송 20/20 | 재적재  3 | 중계율 0.18 | alpha 2.840 | complete
Ep 1157 | 드론4 목적지23 |  380스텝 | 배송 23/23 | 재적재  4 | 중계율 0.16 | alpha 2.847 | complete
Ep 1158 | 드론4 목적지41 | 1000스텝 | 배송 40/41 | 재적재  7 | 중계율 0.27 | alpha 2.840 | step_limit
Ep 1159 | 드론4 목적지64 | 1000스텝 | 배송 62/64 | 재적재 10 | 중계율 0.17 | alpha 2.807 | step_limit
Ep 1160 | 드론3 목적지47 | 1000스텝 | 배송 42/47 | 재적재  8 | 중계율 0.27 | alpha 2.846 | step_limit
Ep 1161 | 드론4 목적지70 |  973스텝 | 배송 70/70 | 재적재 13 | 중계율 0.15 | alpha 2.858 | complete
Ep 1162 | 드론4 목적지77 |  924스텝 | 배송 77/77 | 재적재 14 | 중계율 0.14 | alpha 2.860 | complete
Ep 1163 | 드론3 목적지43 |  963스텝 | 배송 43/43 | 재적재  8 | 중계율 0.26 | alpha 2.838 | complete
Ep 1164 | 드론3 목적지40 |  800스텝 | 배송 40/40 | 재적재  6 | 중계율 0.20 | alpha 2.837 | complete
Ep 1165 | 드론4 목적지67 | 1000스텝 | 배송 65/67 | 재적재 12 | 중계율 0.21 | alpha 2.856 | step_limit
Ep 1166 | 드론4 목적지65 |  875스텝 | 배송 65/65 | 재적재 11 | 중계율 0.15 | alpha 2.845 | complete
Ep 1167 | 드론3 목적지24 |  655스텝 | 배송 24/24 | 재적재  4 | 중계율 0.26 | alpha 2.831 | complete
Ep 1168 | 드론4 목적지67 | 1000스텝 | 배송 61/67 | 재적재 11 | 중계율 0.24 | alpha 2.848 | step_limit
Ep 1169 | 드론3 목적지37 |  821스텝 | 배송 37/37 | 재적재  7 | 중계율 0.16 | alpha 2.808 | complete
Ep 1170 | 드론3 목적지35 |  842스텝 | 배송 35/35 | 재적재  6 | 중계율 0.20 | alpha 2.804 | complete
Ep 1171 | 드론4 목적지70 | 1000스텝 | 배송 68/70 | 재적재 13 | 중계율 0.23 | alpha 2.817 | step_limit
Ep 1172 | 드론4 목적지56 | 1000스텝 | 배송 54/56 | 재적재  9 | 중계율 0.30 | alpha 2.842 | step_limit
Ep 1173 | 드론3 목적지39 |  894스텝 | 배송 39/39 | 재적재  6 | 중계율 0.26 | alpha 2.841 | complete
Ep 1174 | 드론4 목적지53 |  924스텝 | 배송 53/53 | 재적재  9 | 중계율 0.24 | alpha 2.832 | complete
Ep 1175 | 드론4 목적지44 | 1000스텝 | 배송 40/44 | 재적재  7 | 중계율 0.28 | alpha 2.846 | step_limit
Ep 1176 | 드론4 목적지44 |  708스텝 | 배송 44/44 | 재적재  7 | 중계율 0.19 | alpha 2.845 | complete
Ep 1177 | 드론4 목적지33 |  511스텝 | 배송 33/33 | 재적재  5 | 중계율 0.17 | alpha 2.841 | complete
Ep 1178 | 드론3 목적지61 | 1000스텝 | 배송 48/61 | 재적재  9 | 중계율 0.25 | alpha 2.872 | step_limit
Ep 1179 | 드론4 목적지71 |  847스텝 | 배송 71/71 | 재적재 12 | 중계율 0.10 | alpha 2.905 | complete
Ep 1180 | 드론4 목적지62 | 1000스텝 | 배송 56/62 | 재적재 11 | 중계율 0.26 | alpha 2.855 | step_limit
Ep 1181 | 드론4 목적지50 | 1000스텝 | 배송 45/50 | 재적재  8 | 중계율 0.26 | alpha 2.885 | step_limit
Ep 1182 | 드론3 목적지79 | 1000스텝 | 배송 66/79 | 재적재 12 | 중계율 0.14 | alpha 2.873 | step_limit
Ep 1183 | 드론4 목적지51 |  761스텝 | 배송 51/51 | 재적재  8 | 중계율 0.18 | alpha 2.842 | complete
Ep 1184 | 드론4 목적지30 |  377스텝 | 배송 30/30 | 재적재  4 | 중계율 0.15 | alpha 2.853 | complete
Ep 1185 | 드론3 목적지77 | 1000스텝 | 배송 68/77 | 재적재 12 | 중계율 0.18 | alpha 2.877 | step_limit
Ep 1186 | 드론4 목적지42 |  737스텝 | 배송 42/42 | 재적재  7 | 중계율 0.17 | alpha 2.880 | complete
Ep 1187 | 드론4 목적지20 |  302스텝 | 배송 20/20 | 재적재  2 | 중계율 0.09 | alpha 2.883 | complete
Ep 1188 | 드론3 목적지74 | 1000스텝 | 배송 55/74 | 재적재  9 | 중계율 0.21 | alpha 2.851 | step_limit
Ep 1189 | 드론4 목적지60 | 1000스텝 | 배송 55/60 | 재적재  9 | 중계율 0.18 | alpha 2.859 | step_limit
Ep 1190 | 드론3 목적지26 |  520스텝 | 배송 26/26 | 재적재  4 | 중계율 0.22 | alpha 2.857 | complete
Ep 1191 | 드론4 목적지27 |  533스텝 | 배송 27/27 | 재적재  4 | 중계율 0.19 | alpha 2.852 | complete
Ep 1192 | 드론4 목적지78 | 1000스텝 | 배송 67/78 | 재적재 12 | 중계율 0.18 | alpha 2.871 | step_limit
Ep 1193 | 드론3 목적지42 | 1000스텝 | 배송 37/42 | 재적재  6 | 중계율 0.18 | alpha 2.862 | step_limit
Ep 1194 | 드론3 목적지75 | 1000스텝 | 배송 66/75 | 재적재 12 | 중계율 0.20 | alpha 2.862 | step_limit
Ep 1195 | 드론4 목적지56 |  963스텝 | 배송 56/56 | 재적재  9 | 중계율 0.15 | alpha 2.896 | complete
Ep 1196 | 드론4 목적지66 | 1000스텝 | 배송 62/66 | 재적재 11 | 중계율 0.24 | alpha 2.900 | step_limit
Ep 1197 | 드론4 목적지59 |  768스텝 | 배송 59/59 | 재적재 10 | 중계율 0.21 | alpha 2.881 | complete
Ep 1198 | 드론3 목적지47 | 1000스텝 | 배송 43/47 | 재적재  8 | 중계율 0.21 | alpha 2.860 | step_limit
Ep 1199 | 드론3 목적지65 | 1000스텝 | 배송 56/65 | 재적재 10 | 중계율 0.12 | alpha 2.883 | step_limit
Ep 1200 | 드론4 목적지48 |  636스텝 | 배송 48/48 | 재적재  8 | 중계율 0.19 | alpha 2.923 | complete
  [홀드아웃] 배송 50.0±0.3 완주 0.99 스텝 1033 점수 125.0 재적재 8.2 2홉+ 0.62 | 최고 126.6@ep950 정체 5/15
Ep 1201 | 드론4 목적지22 |  480스텝 | 배송 22/22 | 재적재  3 | 중계율 0.23 | alpha 2.897 | complete
Ep 1202 | 드론3 목적지68 | 1000스텝 | 배송 62/68 | 재적재 11 | 중계율 0.16 | alpha 2.890 | step_limit
Ep 1203 | 드론3 목적지36 |  979스텝 | 배송 36/36 | 재적재  6 | 중계율 0.23 | alpha 2.908 | complete
Ep 1204 | 드론3 목적지23 |  489스텝 | 배송 23/23 | 재적재  3 | 중계율 0.20 | alpha 2.889 | complete
Ep 1205 | 드론3 목적지32 |  812스텝 | 배송 32/32 | 재적재  6 | 중계율 0.19 | alpha 2.894 | complete
Ep 1206 | 드론3 목적지76 | 1000스텝 | 배송 61/76 | 재적재 11 | 중계율 0.21 | alpha 2.935 | step_limit
Ep 1207 | 드론4 목적지45 |  589스텝 | 배송 45/45 | 재적재  7 | 중계율 0.15 | alpha 2.914 | complete
Ep 1208 | 드론4 목적지40 |  425스텝 | 배송 40/40 | 재적재  6 | 중계율 0.14 | alpha 2.920 | complete
Ep 1209 | 드론3 목적지49 | 1000스텝 | 배송 47/49 | 재적재  8 | 중계율 0.16 | alpha 2.912 | step_limit
Ep 1210 | 드론3 목적지60 | 1000스텝 | 배송 52/60 | 재적재  9 | 중계율 0.27 | alpha 2.899 | step_limit
Ep 1211 | 드론3 목적지66 | 1000스텝 | 배송 59/66 | 재적재 11 | 중계율 0.19 | alpha 2.899 | step_limit
Ep 1212 | 드론4 목적지66 |  975스텝 | 배송 66/66 | 재적재 12 | 중계율 0.19 | alpha 2.822 | complete
Ep 1213 | 드론4 목적지56 | 1000스텝 | 배송 53/56 | 재적재  8 | 중계율 0.18 | alpha 2.853 | step_limit
Ep 1214 | 드론3 목적지49 | 1000스텝 | 배송 45/49 | 재적재  7 | 중계율 0.26 | alpha 2.892 | step_limit
Ep 1215 | 드론3 목적지21 |  425스텝 | 배송 21/21 | 재적재  3 | 중계율 0.24 | alpha 2.882 | complete
Ep 1216 | 드론3 목적지38 | 1000스텝 | 배송 37/38 | 재적재  6 | 중계율 0.26 | alpha 2.883 | step_limit
Ep 1217 | 드론3 목적지22 |  537스텝 | 배송 22/22 | 재적재  4 | 중계율 0.24 | alpha 2.873 | complete
Ep 1218 | 드론3 목적지61 | 1000스텝 | 배송 59/61 | 재적재 11 | 중계율 0.18 | alpha 2.868 | step_limit
Ep 1219 | 드론4 목적지66 | 1000스텝 | 배송 62/66 | 재적재 11 | 중계율 0.25 | alpha 2.874 | step_limit
Ep 1220 | 드론3 목적지38 |  978스텝 | 배송 38/38 | 재적재  6 | 중계율 0.28 | alpha 2.868 | complete
Ep 1221 | 드론3 목적지62 | 1000스텝 | 배송 57/62 | 재적재 10 | 중계율 0.18 | alpha 2.829 | step_limit
Ep 1222 | 드론4 목적지34 |  661스텝 | 배송 34/34 | 재적재  6 | 중계율 0.23 | alpha 2.826 | complete
Ep 1223 | 드론4 목적지35 |  870스텝 | 배송 35/35 | 재적재  5 | 중계율 0.24 | alpha 2.843 | complete
Ep 1224 | 드론4 목적지33 |  774스텝 | 배송 33/33 | 재적재  5 | 중계율 0.26 | alpha 2.857 | complete
Ep 1225 | 드론3 목적지70 | 1000스텝 | 배송 66/70 | 재적재 12 | 중계율 0.16 | alpha 2.862 | step_limit
Ep 1226 | 드론4 목적지32 |  541스텝 | 배송 32/32 | 재적재  5 | 중계율 0.16 | alpha 2.869 | complete
Ep 1227 | 드론3 목적지77 | 1000스텝 | 배송 60/77 | 재적재 10 | 중계율 0.23 | alpha 2.897 | step_limit
Ep 1228 | 드론3 목적지35 | 1000스텝 | 배송 34/35 | 재적재  6 | 중계율 0.26 | alpha 2.858 | step_limit
Ep 1229 | 드론4 목적지25 |  507스텝 | 배송 25/25 | 재적재  4 | 중계율 0.17 | alpha 2.845 | complete
Ep 1230 | 드론3 목적지50 | 1000스텝 | 배송 48/50 | 재적재  9 | 중계율 0.23 | alpha 2.864 | step_limit
Ep 1231 | 드론4 목적지65 |  951스텝 | 배송 65/65 | 재적재 10 | 중계율 0.19 | alpha 2.843 | complete
Ep 1232 | 드론3 목적지79 | 1000스텝 | 배송 60/79 | 재적재 11 | 중계율 0.21 | alpha 2.825 | step_limit
Ep 1233 | 드론3 목적지30 |  568스텝 | 배송 30/30 | 재적재  5 | 중계율 0.22 | alpha 2.815 | complete
Ep 1234 | 드론4 목적지57 |  822스텝 | 배송 57/57 | 재적재  9 | 중계율 0.20 | alpha 2.825 | complete
Ep 1235 | 드론3 목적지49 | 1000스텝 | 배송 46/49 | 재적재  7 | 중계율 0.25 | alpha 2.872 | step_limit
Ep 1236 | 드론3 목적지72 | 1000스텝 | 배송 64/72 | 재적재 12 | 중계율 0.19 | alpha 2.860 | step_limit
Ep 1237 | 드론3 목적지57 | 1000스텝 | 배송 45/57 | 재적재  8 | 중계율 0.22 | alpha 2.855 | step_limit
Ep 1238 | 드론4 목적지73 | 1000스텝 | 배송 61/73 | 재적재 10 | 중계율 0.24 | alpha 2.860 | step_limit
Ep 1239 | 드론3 목적지40 |  898스텝 | 배송 40/40 | 재적재  6 | 중계율 0.23 | alpha 2.845 | complete
Ep 1240 | 드론4 목적지21 |  438스텝 | 배송 21/21 | 재적재  3 | 중계율 0.21 | alpha 2.855 | complete
Ep 1241 | 드론4 목적지58 |  856스텝 | 배송 58/58 | 재적재 10 | 중계율 0.17 | alpha 2.906 | complete
Ep 1242 | 드론4 목적지71 | 1000스텝 | 배송 70/71 | 재적재 13 | 중계율 0.21 | alpha 2.865 | step_limit
Ep 1243 | 드론4 목적지54 |  823스텝 | 배송 54/54 | 재적재  9 | 중계율 0.19 | alpha 2.827 | complete
Ep 1244 | 드론4 목적지23 |  395스텝 | 배송 23/23 | 재적재  3 | 중계율 0.20 | alpha 2.828 | complete
Ep 1245 | 드론3 목적지31 |  900스텝 | 배송 31/31 | 재적재  5 | 중계율 0.20 | alpha 2.854 | complete
Ep 1246 | 드론4 목적지37 |  669스텝 | 배송 37/37 | 재적재  5 | 중계율 0.24 | alpha 2.855 | complete
Ep 1247 | 드론3 목적지20 |  574스텝 | 배송 20/20 | 재적재  2 | 중계율 0.21 | alpha 2.864 | complete
Ep 1248 | 드론4 목적지79 | 1000스텝 | 배송 62/79 | 재적재 12 | 중계율 0.20 | alpha 2.904 | step_limit
Ep 1249 | 드론3 목적지22 |  660스텝 | 배송 22/22 | 재적재  3 | 중계율 0.21 | alpha 2.917 | complete
Ep 1250 | 드론3 목적지27 |  615스텝 | 배송 27/27 | 재적재  4 | 중계율 0.19 | alpha 2.885 | complete
  [홀드아웃] 배송 50.0±0.0 완주 1.00 스텝 1083 점수 125.6 재적재 8.5 2홉+ 0.63 | 최고 126.6@ep950 정체 6/15
Ep 1251 | 드론3 목적지20 |  524스텝 | 배송 20/20 | 재적재  2 | 중계율 0.20 | alpha 2.897 | complete
Ep 1252 | 드론4 목적지48 | 1000스텝 | 배송 47/48 | 재적재  7 | 중계율 0.25 | alpha 2.892 | step_limit
Ep 1253 | 드론3 목적지64 | 1000스텝 | 배송 56/64 | 재적재 11 | 중계율 0.24 | alpha 2.898 | step_limit
Ep 1254 | 드론4 목적지44 | 1000스텝 | 배송 37/44 | 재적재  7 | 중계율 0.23 | alpha 2.888 | step_limit
Ep 1255 | 드론4 목적지39 |  469스텝 | 배송 39/39 | 재적재  7 | 중계율 0.13 | alpha 2.879 | complete
Ep 1256 | 드론3 목적지32 |  637스텝 | 배송 32/32 | 재적재  5 | 중계율 0.19 | alpha 2.882 | complete
Ep 1257 | 드론3 목적지71 | 1000스텝 | 배송 62/71 | 재적재 11 | 중계율 0.14 | alpha 2.907 | step_limit
Ep 1258 | 드론3 목적지40 | 1000스텝 | 배송 34/40 | 재적재  6 | 중계율 0.25 | alpha 2.888 | step_limit
Ep 1259 | 드론3 목적지80 | 1000스텝 | 배송 71/80 | 재적재 13 | 중계율 0.15 | alpha 2.882 | step_limit
Ep 1260 | 드론4 목적지60 | 1000스텝 | 배송 56/60 | 재적재  9 | 중계율 0.23 | alpha 2.880 | step_limit
Ep 1261 | 드론4 목적지26 |  474스텝 | 배송 26/26 | 재적재  4 | 중계율 0.17 | alpha 2.888 | complete
Ep 1262 | 드론4 목적지68 | 1000스텝 | 배송 65/68 | 재적재 12 | 중계율 0.17 | alpha 2.928 | step_limit
Ep 1263 | 드론4 목적지61 |  672스텝 | 배송 61/61 | 재적재 10 | 중계율 0.13 | alpha 2.919 | complete
Ep 1264 | 드론3 목적지55 | 1000스텝 | 배송 52/55 | 재적재  9 | 중계율 0.20 | alpha 2.936 | step_limit
Ep 1265 | 드론4 목적지73 | 1000스텝 | 배송 61/73 | 재적재 10 | 중계율 0.27 | alpha 2.942 | step_limit
Ep 1266 | 드론4 목적지72 | 1000스텝 | 배송 71/72 | 재적재 13 | 중계율 0.19 | alpha 2.943 | step_limit
Ep 1267 | 드론3 목적지46 | 1000스텝 | 배송 43/46 | 재적재  8 | 중계율 0.23 | alpha 2.879 | step_limit
Ep 1268 | 드론3 목적지58 | 1000스텝 | 배송 51/58 | 재적재  9 | 중계율 0.22 | alpha 2.830 | step_limit
Ep 1269 | 드론4 목적지74 | 1000스텝 | 배송 60/74 | 재적재 10 | 중계율 0.26 | alpha 2.887 | step_limit
Ep 1270 | 드론3 목적지30 |  654스텝 | 배송 30/30 | 재적재  5 | 중계율 0.14 | alpha 2.927 | complete
Ep 1271 | 드론3 목적지37 |  667스텝 | 배송 37/37 | 재적재  6 | 중계율 0.18 | alpha 2.922 | complete
Ep 1272 | 드론3 목적지22 |  671스텝 | 배송 22/22 | 재적재  3 | 중계율 0.25 | alpha 2.891 | complete
Ep 1273 | 드론3 목적지43 | 1000스텝 | 배송 37/43 | 재적재  6 | 중계율 0.27 | alpha 2.903 | step_limit
Ep 1274 | 드론3 목적지66 | 1000스텝 | 배송 57/66 | 재적재 10 | 중계율 0.16 | alpha 2.884 | step_limit
Ep 1275 | 드론4 목적지63 | 1000스텝 | 배송 60/63 | 재적재 11 | 중계율 0.23 | alpha 2.901 | step_limit
Ep 1276 | 드론3 목적지47 |  877스텝 | 배송 47/47 | 재적재  9 | 중계율 0.17 | alpha 2.930 | complete
Ep 1277 | 드론4 목적지30 |  497스텝 | 배송 30/30 | 재적재  5 | 중계율 0.16 | alpha 2.901 | complete
Ep 1278 | 드론4 목적지62 | 1000스텝 | 배송 60/62 | 재적재 10 | 중계율 0.17 | alpha 2.954 | step_limit
Ep 1279 | 드론3 목적지28 |  738스텝 | 배송 28/28 | 재적재  5 | 중계율 0.18 | alpha 2.984 | complete
Ep 1280 | 드론4 목적지47 |  627스텝 | 배송 47/47 | 재적재  8 | 중계율 0.15 | alpha 2.980 | complete
Ep 1281 | 드론3 목적지66 | 1000스텝 | 배송 55/66 | 재적재 11 | 중계율 0.18 | alpha 2.986 | step_limit
Ep 1282 | 드론3 목적지74 | 1000스텝 | 배송 69/74 | 재적재 13 | 중계율 0.16 | alpha 2.896 | step_limit
Ep 1283 | 드론3 목적지80 | 1000스텝 | 배송 62/80 | 재적재 11 | 중계율 0.16 | alpha 2.890 | step_limit
Ep 1284 | 드론4 목적지57 | 1000스텝 | 배송 55/57 | 재적재 10 | 중계율 0.22 | alpha 2.895 | step_limit
Ep 1285 | 드론3 목적지40 |  896스텝 | 배송 40/40 | 재적재  7 | 중계율 0.23 | alpha 2.897 | complete
Ep 1286 | 드론4 목적지50 |  854스텝 | 배송 50/50 | 재적재  7 | 중계율 0.24 | alpha 2.905 | complete
Ep 1287 | 드론4 목적지36 |  462스텝 | 배송 36/36 | 재적재  6 | 중계율 0.14 | alpha 2.894 | complete
Ep 1288 | 드론3 목적지32 |  690스텝 | 배송 32/32 | 재적재  5 | 중계율 0.23 | alpha 2.911 | complete
Ep 1289 | 드론3 목적지51 |  792스텝 | 배송 51/51 | 재적재  9 | 중계율 0.17 | alpha 2.901 | complete
Ep 1290 | 드론3 목적지56 | 1000스텝 | 배송 48/56 | 재적재  8 | 중계율 0.26 | alpha 2.900 | step_limit
Ep 1291 | 드론3 목적지33 |  687스텝 | 배송 33/33 | 재적재  4 | 중계율 0.25 | alpha 2.947 | complete
Ep 1292 | 드론3 목적지48 |  987스텝 | 배송 48/48 | 재적재  8 | 중계율 0.23 | alpha 2.936 | complete
Ep 1293 | 드론3 목적지27 |  796스텝 | 배송 27/27 | 재적재  4 | 중계율 0.22 | alpha 2.935 | complete
Ep 1294 | 드론4 목적지72 | 1000스텝 | 배송 66/72 | 재적재 12 | 중계율 0.22 | alpha 2.934 | step_limit
Ep 1295 | 드론4 목적지38 |  684스텝 | 배송 38/38 | 재적재  6 | 중계율 0.17 | alpha 2.935 | complete
Ep 1296 | 드론3 목적지47 | 1000스텝 | 배송 46/47 | 재적재  7 | 중계율 0.21 | alpha 2.937 | step_limit
Ep 1297 | 드론3 목적지44 |  957스텝 | 배송 44/44 | 재적재  8 | 중계율 0.16 | alpha 2.914 | complete
Ep 1298 | 드론3 목적지29 |  513스텝 | 배송 29/29 | 재적재  5 | 중계율 0.16 | alpha 2.928 | complete
Ep 1299 | 드론4 목적지55 | 1000스텝 | 배송 51/55 | 재적재  9 | 중계율 0.23 | alpha 2.916 | step_limit
Ep 1300 | 드론4 목적지49 | 1000스텝 | 배송 48/49 | 재적재  8 | 중계율 0.22 | alpha 2.979 | step_limit
  [홀드아웃] 배송 50.0±0.0 완주 1.00 스텝 1080 점수 125.6 재적재 8.4 2홉+ 0.64 | 최고 126.6@ep950 정체 7/15
Ep 1301 | 드론4 목적지22 |  405스텝 | 배송 22/22 | 재적재  1 | 중계율 0.17 | alpha 2.973 | complete
Ep 1302 | 드론4 목적지46 |  609스텝 | 배송 46/46 | 재적재  7 | 중계율 0.11 | alpha 2.943 | complete
Ep 1303 | 드론4 목적지51 |  792스텝 | 배송 51/51 | 재적재  8 | 중계율 0.15 | alpha 2.941 | complete
Ep 1304 | 드론4 목적지41 |  563스텝 | 배송 41/41 | 재적재  5 | 중계율 0.13 | alpha 2.930 | complete
Ep 1305 | 드론4 목적지56 |  839스텝 | 배송 56/56 | 재적재 10 | 중계율 0.20 | alpha 2.919 | complete
Ep 1306 | 드론4 목적지51 |  911스텝 | 배송 51/51 | 재적재  9 | 중계율 0.22 | alpha 2.928 | complete
Ep 1307 | 드론3 목적지52 | 1000스텝 | 배송 47/52 | 재적재  9 | 중계율 0.24 | alpha 2.896 | step_limit
Ep 1308 | 드론4 목적지44 |  555스텝 | 배송 44/44 | 재적재  7 | 중계율 0.20 | alpha 2.894 | complete
Ep 1309 | 드론4 목적지65 | 1000스텝 | 배송 63/65 | 재적재 11 | 중계율 0.16 | alpha 2.927 | step_limit
Ep 1310 | 드론3 목적지20 |  628스텝 | 배송 20/20 | 재적재  3 | 중계율 0.24 | alpha 2.927 | complete
Ep 1311 | 드론4 목적지70 | 1000스텝 | 배송 49/70 | 재적재  8 | 중계율 0.27 | alpha 2.933 | step_limit
Ep 1312 | 드론3 목적지38 |  942스텝 | 배송 38/38 | 재적재  7 | 중계율 0.18 | alpha 2.896 | complete
Ep 1313 | 드론3 목적지39 |  957스텝 | 배송 39/39 | 재적재  6 | 중계율 0.15 | alpha 2.916 | complete
Ep 1314 | 드론3 목적지59 | 1000스텝 | 배송 57/59 | 재적재 11 | 중계율 0.15 | alpha 2.926 | step_limit
Ep 1315 | 드론4 목적지65 | 1000스텝 | 배송 62/65 | 재적재 11 | 중계율 0.21 | alpha 2.944 | step_limit
Ep 1316 | 드론4 목적지67 | 1000스텝 | 배송 64/67 | 재적재 11 | 중계율 0.17 | alpha 3.002 | step_limit
Ep 1317 | 드론3 목적지73 | 1000스텝 | 배송 61/73 | 재적재 11 | 중계율 0.18 | alpha 2.996 | step_limit
Ep 1318 | 드론3 목적지24 |  653스텝 | 배송 24/24 | 재적재  4 | 중계율 0.20 | alpha 3.002 | complete
Ep 1319 | 드론3 목적지31 |  636스텝 | 배송 31/31 | 재적재  5 | 중계율 0.14 | alpha 2.991 | complete
Ep 1320 | 드론4 목적지47 |  913스텝 | 배송 47/47 | 재적재  8 | 중계율 0.17 | alpha 2.958 | complete
Ep 1321 | 드론3 목적지75 | 1000스텝 | 배송 63/75 | 재적재 12 | 중계율 0.16 | alpha 2.966 | step_limit
Ep 1322 | 드론3 목적지49 | 1000스텝 | 배송 48/49 | 재적재  9 | 중계율 0.21 | alpha 2.951 | step_limit
Ep 1323 | 드론4 목적지75 | 1000스텝 | 배송 67/75 | 재적재 12 | 중계율 0.18 | alpha 2.932 | step_limit
Ep 1324 | 드론3 목적지46 | 1000스텝 | 배송 42/46 | 재적재  8 | 중계율 0.21 | alpha 2.910 | step_limit
Ep 1325 | 드론3 목적지59 | 1000스텝 | 배송 46/59 | 재적재  8 | 중계율 0.22 | alpha 2.910 | step_limit
Ep 1326 | 드론3 목적지44 | 1000스텝 | 배송 42/44 | 재적재  8 | 중계율 0.24 | alpha 2.918 | step_limit
Ep 1327 | 드론4 목적지32 |  386스텝 | 배송 32/32 | 재적재  5 | 중계율 0.11 | alpha 2.917 | complete
Ep 1328 | 드론4 목적지45 |  826스텝 | 배송 45/45 | 재적재  7 | 중계율 0.23 | alpha 2.902 | complete
Ep 1329 | 드론3 목적지41 | 1000스텝 | 배송 40/41 | 재적재  7 | 중계율 0.32 | alpha 2.900 | step_limit
Ep 1330 | 드론4 목적지65 | 1000스텝 | 배송 55/65 | 재적재 10 | 중계율 0.24 | alpha 2.898 | step_limit
Ep 1331 | 드론4 목적지74 | 1000스텝 | 배송 64/74 | 재적재 11 | 중계율 0.24 | alpha 2.947 | step_limit
Ep 1332 | 드론3 목적지35 |  825스텝 | 배송 35/35 | 재적재  6 | 중계율 0.21 | alpha 2.986 | complete
Ep 1333 | 드론3 목적지77 | 1000스텝 | 배송 60/77 | 재적재 12 | 중계율 0.22 | alpha 2.979 | step_limit
Ep 1334 | 드론3 목적지64 | 1000스텝 | 배송 54/64 | 재적재  9 | 중계율 0.21 | alpha 3.014 | step_limit
Ep 1335 | 드론4 목적지58 |  940스텝 | 배송 58/58 | 재적재 10 | 중계율 0.21 | alpha 2.977 | complete
Ep 1336 | 드론3 목적지56 | 1000스텝 | 배송 51/56 | 재적재  9 | 중계율 0.21 | alpha 2.978 | step_limit
Ep 1337 | 드론4 목적지58 | 1000스텝 | 배송 55/58 | 재적재 10 | 중계율 0.24 | alpha 2.940 | step_limit
Ep 1338 | 드론4 목적지52 |  792스텝 | 배송 52/52 | 재적재  8 | 중계율 0.16 | alpha 2.922 | complete
Ep 1339 | 드론3 목적지66 | 1000스텝 | 배송 59/66 | 재적재 11 | 중계율 0.17 | alpha 2.923 | step_limit
Ep 1340 | 드론4 목적지72 | 1000스텝 | 배송 71/72 | 재적재 12 | 중계율 0.18 | alpha 2.896 | step_limit
Ep 1341 | 드론4 목적지37 |  798스텝 | 배송 37/37 | 재적재  7 | 중계율 0.30 | alpha 2.910 | complete
Ep 1342 | 드론4 목적지72 |  875스텝 | 배송 72/72 | 재적재 12 | 중계율 0.13 | alpha 2.942 | complete
Ep 1343 | 드론3 목적지73 | 1000스텝 | 배송 60/73 | 재적재 11 | 중계율 0.22 | alpha 2.895 | step_limit
Ep 1344 | 드론4 목적지34 |  881스텝 | 배송 34/34 | 재적재  5 | 중계율 0.29 | alpha 2.918 | complete
Ep 1345 | 드론4 목적지41 |  552스텝 | 배송 41/41 | 재적재  8 | 중계율 0.16 | alpha 2.947 | complete
Ep 1346 | 드론4 목적지33 |  643스텝 | 배송 33/33 | 재적재  5 | 중계율 0.23 | alpha 2.950 | complete
Ep 1347 | 드론3 목적지42 | 1000스텝 | 배송 41/42 | 재적재  7 | 중계율 0.22 | alpha 2.944 | step_limit
Ep 1348 | 드론3 목적지65 | 1000스텝 | 배송 61/65 | 재적재 12 | 중계율 0.17 | alpha 2.940 | step_limit
Ep 1349 | 드론3 목적지21 |  560스텝 | 배송 21/21 | 재적재  3 | 중계율 0.18 | alpha 2.921 | complete
Ep 1350 | 드론4 목적지56 |  715스텝 | 배송 56/56 | 재적재 10 | 중계율 0.15 | alpha 2.935 | complete
  [홀드아웃] 배송 50.0±0.0 완주 1.00 스텝 1076 점수 125.7 재적재 8.4 2홉+ 0.63 | 최고 126.6@ep950 정체 8/15
Ep 1351 | 드론4 목적지56 |  616스텝 | 배송 56/56 | 재적재  9 | 중계율 0.14 | alpha 2.937 | complete
Ep 1352 | 드론4 목적지20 |  316스텝 | 배송 20/20 | 재적재  2 | 중계율 0.19 | alpha 2.931 | complete
Ep 1353 | 드론3 목적지25 |  455스텝 | 배송 25/25 | 재적재  4 | 중계율 0.17 | alpha 2.926 | complete
Ep 1354 | 드론3 목적지58 |  910스텝 | 배송 58/58 | 재적재 10 | 중계율 0.16 | alpha 2.921 | complete
Ep 1355 | 드론4 목적지79 | 1000스텝 | 배송 73/79 | 재적재 14 | 중계율 0.17 | alpha 2.952 | step_limit
Ep 1356 | 드론4 목적지38 |  834스텝 | 배송 38/38 | 재적재  7 | 중계율 0.28 | alpha 2.929 | complete
Ep 1357 | 드론4 목적지63 | 1000스텝 | 배송 61/63 | 재적재 11 | 중계율 0.26 | alpha 2.961 | step_limit
Ep 1358 | 드론4 목적지28 |  874스텝 | 배송 28/28 | 재적재  4 | 중계율 0.30 | alpha 2.952 | complete
Ep 1359 | 드론4 목적지39 |  902스텝 | 배송 39/39 | 재적재  6 | 중계율 0.23 | alpha 2.931 | complete
Ep 1360 | 드론4 목적지43 |  609스텝 | 배송 43/43 | 재적재  6 | 중계율 0.20 | alpha 2.948 | complete
Ep 1361 | 드론3 목적지44 |  941스텝 | 배송 44/44 | 재적재  7 | 중계율 0.24 | alpha 2.956 | complete
Ep 1362 | 드론3 목적지35 |  904스텝 | 배송 35/35 | 재적재  6 | 중계율 0.20 | alpha 2.990 | complete
Ep 1363 | 드론4 목적지40 |  558스텝 | 배송 40/40 | 재적재  7 | 중계율 0.23 | alpha 3.003 | complete
Ep 1364 | 드론4 목적지38 |  831스텝 | 배송 38/38 | 재적재  6 | 중계율 0.25 | alpha 3.016 | complete
Ep 1365 | 드론4 목적지73 | 1000스텝 | 배송 68/73 | 재적재 12 | 중계율 0.21 | alpha 3.034 | step_limit
Ep 1366 | 드론3 목적지38 | 1000스텝 | 배송 36/38 | 재적재  6 | 중계율 0.26 | alpha 3.083 | step_limit
Ep 1367 | 드론3 목적지73 | 1000스텝 | 배송 55/73 | 재적재  9 | 중계율 0.22 | alpha 3.111 | step_limit
Ep 1368 | 드론4 목적지30 |  529스텝 | 배송 30/30 | 재적재  4 | 중계율 0.21 | alpha 3.074 | complete
Ep 1369 | 드론3 목적지47 | 1000스텝 | 배송 41/47 | 재적재  7 | 중계율 0.18 | alpha 3.023 | step_limit
Ep 1370 | 드론4 목적지24 |  489스텝 | 배송 24/24 | 재적재  3 | 중계율 0.20 | alpha 3.022 | complete
Ep 1371 | 드론3 목적지27 |  618스텝 | 배송 27/27 | 재적재  4 | 중계율 0.19 | alpha 3.011 | complete
Ep 1372 | 드론4 목적지58 | 1000스텝 | 배송 49/58 | 재적재  7 | 중계율 0.29 | alpha 3.017 | step_limit
Ep 1373 | 드론4 목적지62 | 1000스텝 | 배송 56/62 | 재적재 10 | 중계율 0.28 | alpha 3.008 | step_limit
Ep 1374 | 드론3 목적지38 |  809스텝 | 배송 38/38 | 재적재  6 | 중계율 0.22 | alpha 2.997 | complete
Ep 1375 | 드론3 목적지21 |  731스텝 | 배송 21/21 | 재적재  3 | 중계율 0.21 | alpha 3.002 | complete
Ep 1376 | 드론4 목적지61 | 1000스텝 | 배송 55/61 | 재적재 11 | 중계율 0.27 | alpha 3.021 | step_limit
Ep 1377 | 드론4 목적지41 |  748스텝 | 배송 41/41 | 재적재  7 | 중계율 0.25 | alpha 3.009 | complete
Ep 1378 | 드론4 목적지55 |  887스텝 | 배송 55/55 | 재적재  9 | 중계율 0.18 | alpha 3.041 | complete
Ep 1379 | 드론4 목적지27 |  564스텝 | 배송 27/27 | 재적재  4 | 중계율 0.19 | alpha 3.024 | complete
Ep 1380 | 드론4 목적지22 |  989스텝 | 배송 22/22 | 재적재  4 | 중계율 0.26 | alpha 3.010 | complete
Ep 1381 | 드론4 목적지42 | 1000스텝 | 배송 41/42 | 재적재  7 | 중계율 0.20 | alpha 3.031 | step_limit
Ep 1382 | 드론3 목적지57 |  975스텝 | 배송 57/57 | 재적재 10 | 중계율 0.16 | alpha 3.010 | complete
Ep 1383 | 드론4 목적지22 |  690스텝 | 배송 22/22 | 재적재  2 | 중계율 0.29 | alpha 2.990 | complete
Ep 1384 | 드론4 목적지66 | 1000스텝 | 배송 65/66 | 재적재 12 | 중계율 0.17 | alpha 2.936 | step_limit
Ep 1385 | 드론3 목적지70 | 1000스텝 | 배송 58/70 | 재적재 10 | 중계율 0.21 | alpha 2.975 | step_limit
Ep 1386 | 드론4 목적지25 |  439스텝 | 배송 25/25 | 재적재  4 | 중계율 0.20 | alpha 2.978 | complete
Ep 1387 | 드론3 목적지74 | 1000스텝 | 배송 60/74 | 재적재 12 | 중계율 0.24 | alpha 2.949 | step_limit
Ep 1388 | 드론4 목적지21 |  399스텝 | 배송 21/21 | 재적재  2 | 중계율 0.26 | alpha 2.983 | complete
Ep 1389 | 드론4 목적지63 |  796스텝 | 배송 63/63 | 재적재 11 | 중계율 0.20 | alpha 2.983 | complete
Ep 1390 | 드론4 목적지26 |  762스텝 | 배송 26/26 | 재적재  4 | 중계율 0.28 | alpha 2.982 | complete
Ep 1391 | 드론3 목적지78 | 1000스텝 | 배송 70/78 | 재적재 12 | 중계율 0.15 | alpha 2.965 | step_limit
Ep 1392 | 드론3 목적지49 | 1000스텝 | 배송 48/49 | 재적재  9 | 중계율 0.19 | alpha 3.007 | step_limit
Ep 1393 | 드론4 목적지68 | 1000스텝 | 배송 59/68 | 재적재 11 | 중계율 0.30 | alpha 2.983 | step_limit
Ep 1394 | 드론4 목적지22 |  774스텝 | 배송 22/22 | 재적재  3 | 중계율 0.25 | alpha 2.976 | complete
Ep 1395 | 드론3 목적지61 | 1000스텝 | 배송 60/61 | 재적재 11 | 중계율 0.16 | alpha 2.960 | step_limit
Ep 1396 | 드론4 목적지43 | 1000스텝 | 배송 42/43 | 재적재  6 | 중계율 0.26 | alpha 2.969 | step_limit
Ep 1397 | 드론4 목적지71 | 1000스텝 | 배송 67/71 | 재적재 12 | 중계율 0.21 | alpha 2.979 | step_limit
Ep 1398 | 드론3 목적지47 |  964스텝 | 배송 47/47 | 재적재  8 | 중계율 0.21 | alpha 2.951 | complete
Ep 1399 | 드론4 목적지40 |  760스텝 | 배송 40/40 | 재적재  6 | 중계율 0.17 | alpha 2.917 | complete
Ep 1400 | 드론4 목적지23 |  502스텝 | 배송 23/23 | 재적재  3 | 중계율 0.29 | alpha 2.917 | complete
  [홀드아웃] 배송 50.0±0.0 완주 1.00 스텝 1086 점수 125.5 재적재 8.6 2홉+ 0.62 | 최고 126.6@ep950 정체 9/15
Ep 1401 | 드론4 목적지27 |  596스텝 | 배송 27/27 | 재적재  4 | 중계율 0.23 | alpha 2.892 | complete
Ep 1402 | 드론4 목적지78 | 1000스텝 | 배송 75/78 | 재적재 14 | 중계율 0.18 | alpha 2.909 | step_limit
Ep 1403 | 드론4 목적지51 |  872스텝 | 배송 51/51 | 재적재  9 | 중계율 0.20 | alpha 2.912 | complete
Ep 1404 | 드론3 목적지29 |  955스텝 | 배송 29/29 | 재적재  4 | 중계율 0.28 | alpha 2.949 | complete
Ep 1405 | 드론4 목적지28 | 1000스텝 | 배송 27/28 | 재적재  4 | 중계율 0.33 | alpha 3.005 | step_limit
Ep 1406 | 드론3 목적지57 | 1000스텝 | 배송 51/57 | 재적재  8 | 중계율 0.27 | alpha 3.025 | step_limit
Ep 1407 | 드론4 목적지34 |  631스텝 | 배송 34/34 | 재적재  6 | 중계율 0.24 | alpha 3.010 | complete
Ep 1408 | 드론3 목적지68 | 1000스텝 | 배송 60/68 | 재적재 11 | 중계율 0.15 | alpha 2.981 | step_limit
Ep 1409 | 드론4 목적지23 |  397스텝 | 배송 23/23 | 재적재  3 | 중계율 0.17 | alpha 2.955 | complete
Ep 1410 | 드론4 목적지62 | 1000스텝 | 배송 52/62 | 재적재  9 | 중계율 0.27 | alpha 2.936 | step_limit
Ep 1411 | 드론3 목적지48 | 1000스텝 | 배송 46/48 | 재적재  8 | 중계율 0.22 | alpha 2.975 | step_limit
Ep 1412 | 드론4 목적지20 |  217스텝 | 배송 20/20 | 재적재  3 | 중계율 0.13 | alpha 2.979 | complete
Ep 1413 | 드론3 목적지60 | 1000스텝 | 배송 52/60 | 재적재  9 | 중계율 0.21 | alpha 2.967 | step_limit
Ep 1414 | 드론4 목적지53 |  654스텝 | 배송 53/53 | 재적재  9 | 중계율 0.15 | alpha 2.993 | complete
Ep 1415 | 드론3 목적지56 | 1000스텝 | 배송 51/56 | 재적재  9 | 중계율 0.23 | alpha 3.032 | step_limit
Ep 1416 | 드론3 목적지40 | 1000스텝 | 배송 37/40 | 재적재  7 | 중계율 0.23 | alpha 3.017 | step_limit
Ep 1417 | 드론4 목적지48 |  691스텝 | 배송 48/48 | 재적재  7 | 중계율 0.17 | alpha 3.001 | complete
Ep 1418 | 드론3 목적지54 | 1000스텝 | 배송 49/54 | 재적재  8 | 중계율 0.21 | alpha 2.995 | step_limit
Ep 1419 | 드론3 목적지45 | 1000스텝 | 배송 44/45 | 재적재  7 | 중계율 0.28 | alpha 2.979 | step_limit
Ep 1420 | 드론3 목적지56 |  963스텝 | 배송 56/56 | 재적재 10 | 중계율 0.20 | alpha 2.974 | complete
Ep 1421 | 드론3 목적지28 |  437스텝 | 배송 28/28 | 재적재  4 | 중계율 0.11 | alpha 2.988 | complete
Ep 1422 | 드론4 목적지56 |  991스텝 | 배송 56/56 | 재적재  9 | 중계율 0.27 | alpha 2.976 | complete
Ep 1423 | 드론3 목적지42 | 1000스텝 | 배송 37/42 | 재적재  7 | 중계율 0.22 | alpha 2.949 | step_limit
Ep 1424 | 드론4 목적지22 |  394스텝 | 배송 22/22 | 재적재  2 | 중계율 0.19 | alpha 2.949 | complete
Ep 1425 | 드론3 목적지29 |  996스텝 | 배송 29/29 | 재적재  5 | 중계율 0.23 | alpha 2.950 | complete
Ep 1426 | 드론3 목적지41 |  858스텝 | 배송 41/41 | 재적재  7 | 중계율 0.24 | alpha 2.915 | complete
Ep 1427 | 드론3 목적지20 |  407스텝 | 배송 20/20 | 재적재  3 | 중계율 0.12 | alpha 2.931 | complete
Ep 1428 | 드론4 목적지77 | 1000스텝 | 배송 66/77 | 재적재 10 | 중계율 0.24 | alpha 2.932 | step_limit
Ep 1429 | 드론3 목적지27 | 1000스텝 | 배송 26/27 | 재적재  4 | 중계율 0.25 | alpha 2.953 | step_limit
Ep 1430 | 드론4 목적지79 | 1000스텝 | 배송 76/79 | 재적재 15 | 중계율 0.19 | alpha 2.959 | step_limit
Ep 1431 | 드론3 목적지49 | 1000스텝 | 배송 43/49 | 재적재  7 | 중계율 0.27 | alpha 2.956 | step_limit
Ep 1432 | 드론4 목적지57 |  854스텝 | 배송 57/57 | 재적재 10 | 중계율 0.21 | alpha 2.992 | complete
Ep 1433 | 드론3 목적지68 | 1000스텝 | 배송 61/68 | 재적재 11 | 중계율 0.19 | alpha 2.990 | step_limit
Ep 1434 | 드론4 목적지45 | 1000스텝 | 배송 44/45 | 재적재  8 | 중계율 0.21 | alpha 2.954 | step_limit
Ep 1435 | 드론3 목적지73 | 1000스텝 | 배송 60/73 | 재적재 10 | 중계율 0.22 | alpha 2.969 | step_limit
Ep 1436 | 드론4 목적지30 |  407스텝 | 배송 30/30 | 재적재  4 | 중계율 0.19 | alpha 2.952 | complete
Ep 1437 | 드론4 목적지64 | 1000스텝 | 배송 62/64 | 재적재 11 | 중계율 0.16 | alpha 2.959 | step_limit
Ep 1438 | 드론3 목적지36 | 1000스텝 | 배송 34/36 | 재적재  5 | 중계율 0.25 | alpha 2.982 | step_limit
Ep 1439 | 드론3 목적지50 |  793스텝 | 배송 50/50 | 재적재  9 | 중계율 0.16 | alpha 2.968 | complete
Ep 1440 | 드론4 목적지33 |  949스텝 | 배송 33/33 | 재적재  5 | 중계율 0.28 | alpha 2.902 | complete
Ep 1441 | 드론4 목적지72 | 1000스텝 | 배송 61/72 | 재적재 11 | 중계율 0.27 | alpha 2.905 | step_limit
Ep 1442 | 드론3 목적지54 | 1000스텝 | 배송 52/54 | 재적재  9 | 중계율 0.16 | alpha 2.972 | step_limit
Ep 1443 | 드론4 목적지38 |  395스텝 | 배송 38/38 | 재적재  5 | 중계율 0.13 | alpha 2.939 | complete
Ep 1444 | 드론3 목적지56 | 1000스텝 | 배송 51/56 | 재적재 10 | 중계율 0.22 | alpha 2.915 | step_limit
Ep 1445 | 드론4 목적지70 | 1000스텝 | 배송 66/70 | 재적재 11 | 중계율 0.14 | alpha 2.977 | step_limit
Ep 1446 | 드론4 목적지62 |  819스텝 | 배송 62/62 | 재적재 11 | 중계율 0.17 | alpha 3.019 | complete
Ep 1447 | 드론4 목적지41 |  754스텝 | 배송 41/41 | 재적재  7 | 중계율 0.21 | alpha 3.048 | complete
Ep 1448 | 드론4 목적지39 |  897스텝 | 배송 39/39 | 재적재  6 | 중계율 0.24 | alpha 3.063 | complete
Ep 1449 | 드론3 목적지27 |  647스텝 | 배송 27/27 | 재적재  5 | 중계율 0.25 | alpha 3.080 | complete
Ep 1450 | 드론3 목적지77 | 1000스텝 | 배송 50/77 | 재적재  9 | 중계율 0.20 | alpha 3.045 | step_limit
  [홀드아웃] 배송 49.9±0.8 완주 0.97 스텝 1082 점수 123.1 재적재 8.6 2홉+ 0.63 | 최고 126.6@ep950 정체 10/15
Ep 1451 | 드론3 목적지40 | 1000스텝 | 배송 39/40 | 재적재  7 | 중계율 0.25 | alpha 3.012 | step_limit
Ep 1452 | 드론4 목적지30 |  523스텝 | 배송 30/30 | 재적재  4 | 중계율 0.25 | alpha 2.986 | complete
Ep 1453 | 드론4 목적지49 | 1000스텝 | 배송 48/49 | 재적재  9 | 중계율 0.31 | alpha 2.989 | step_limit
Ep 1454 | 드론4 목적지33 |  449스텝 | 배송 33/33 | 재적재  4 | 중계율 0.17 | alpha 2.979 | complete
Ep 1455 | 드론4 목적지25 |  286스텝 | 배송 25/25 | 재적재  2 | 중계율 0.14 | alpha 2.984 | complete
Ep 1456 | 드론4 목적지50 | 1000스텝 | 배송 45/50 | 재적재  8 | 중계율 0.31 | alpha 2.971 | step_limit
Ep 1457 | 드론4 목적지29 |  374스텝 | 배송 29/29 | 재적재  3 | 중계율 0.19 | alpha 2.989 | complete
Ep 1458 | 드론4 목적지38 |  485스텝 | 배송 38/38 | 재적재  6 | 중계율 0.15 | alpha 2.981 | complete
Ep 1459 | 드론4 목적지32 |  483스텝 | 배송 32/32 | 재적재  5 | 중계율 0.18 | alpha 3.006 | complete
Ep 1460 | 드론4 목적지80 | 1000스텝 | 배송 72/80 | 재적재 13 | 중계율 0.23 | alpha 2.942 | step_limit
Ep 1461 | 드론4 목적지27 |  374스텝 | 배송 27/27 | 재적재  4 | 중계율 0.12 | alpha 2.928 | complete
Ep 1462 | 드론4 목적지36 |  769스텝 | 배송 36/36 | 재적재  6 | 중계율 0.27 | alpha 2.945 | complete
Ep 1463 | 드론4 목적지60 |  786스텝 | 배송 60/60 | 재적재 11 | 중계율 0.20 | alpha 2.972 | complete
Ep 1464 | 드론4 목적지58 |  943스텝 | 배송 58/58 | 재적재 10 | 중계율 0.17 | alpha 2.926 | complete
Ep 1465 | 드론4 목적지37 |  859스텝 | 배송 37/37 | 재적재  7 | 중계율 0.30 | alpha 2.949 | complete
Ep 1466 | 드론4 목적지47 |  728스텝 | 배송 47/47 | 재적재  9 | 중계율 0.21 | alpha 2.935 | complete
Ep 1467 | 드론4 목적지71 |  895스텝 | 배송 71/71 | 재적재 13 | 중계율 0.16 | alpha 2.905 | complete
Ep 1468 | 드론3 목적지45 | 1000스텝 | 배송 43/45 | 재적재  7 | 중계율 0.25 | alpha 2.905 | step_limit
Ep 1469 | 드론3 목적지41 |  986스텝 | 배송 41/41 | 재적재  7 | 중계율 0.20 | alpha 2.897 | complete
Ep 1470 | 드론3 목적지56 | 1000스텝 | 배송 46/56 | 재적재  9 | 중계율 0.25 | alpha 2.886 | step_limit
Ep 1471 | 드론3 목적지22 |  398스텝 | 배송 22/22 | 재적재  3 | 중계율 0.15 | alpha 2.889 | complete
Ep 1472 | 드론4 목적지80 |  935스텝 | 배송 80/80 | 재적재 15 | 중계율 0.17 | alpha 2.905 | complete
Ep 1473 | 드론3 목적지28 |  626스텝 | 배송 28/28 | 재적재  5 | 중계율 0.21 | alpha 2.877 | complete
Ep 1474 | 드론3 목적지61 | 1000스텝 | 배송 53/61 | 재적재  9 | 중계율 0.21 | alpha 2.881 | step_limit
Ep 1475 | 드론3 목적지45 | 1000스텝 | 배송 44/45 | 재적재  8 | 중계율 0.24 | alpha 2.870 | step_limit
Ep 1476 | 드론3 목적지31 |  995스텝 | 배송 31/31 | 재적재  5 | 중계율 0.26 | alpha 2.839 | complete
Ep 1477 | 드론4 목적지26 |  603스텝 | 배송 26/26 | 재적재  4 | 중계율 0.28 | alpha 2.839 | complete
Ep 1478 | 드론4 목적지23 |  401스텝 | 배송 23/23 | 재적재  3 | 중계율 0.22 | alpha 2.827 | complete
Ep 1479 | 드론4 목적지70 | 1000스텝 | 배송 66/70 | 재적재 12 | 중계율 0.24 | alpha 2.803 | step_limit
Ep 1480 | 드론4 목적지41 |  653스텝 | 배송 41/41 | 재적재  7 | 중계율 0.20 | alpha 2.778 | complete
Ep 1481 | 드론4 목적지28 |  517스텝 | 배송 28/28 | 재적재  4 | 중계율 0.16 | alpha 2.800 | complete
Ep 1482 | 드론4 목적지47 |  553스텝 | 배송 47/47 | 재적재  8 | 중계율 0.12 | alpha 2.810 | complete
Ep 1483 | 드론4 목적지26 |  778스텝 | 배송 26/26 | 재적재  3 | 중계율 0.30 | alpha 2.808 | complete
Ep 1484 | 드론4 목적지39 |  818스텝 | 배송 39/39 | 재적재  6 | 중계율 0.24 | alpha 2.855 | complete
Ep 1485 | 드론4 목적지75 |  969스텝 | 배송 75/75 | 재적재 13 | 중계율 0.14 | alpha 2.889 | complete
Ep 1486 | 드론4 목적지80 | 1000스텝 | 배송 72/80 | 재적재 13 | 중계율 0.19 | alpha 2.895 | step_limit
Ep 1487 | 드론4 목적지54 | 1000스텝 | 배송 50/54 | 재적재  9 | 중계율 0.28 | alpha 2.904 | step_limit
Ep 1488 | 드론4 목적지72 | 1000스텝 | 배송 66/72 | 재적재 11 | 중계율 0.21 | alpha 2.934 | step_limit
Ep 1489 | 드론3 목적지64 | 1000스텝 | 배송 50/64 | 재적재  8 | 중계율 0.24 | alpha 2.918 | step_limit
Ep 1490 | 드론3 목적지49 | 1000스텝 | 배송 45/49 | 재적재  8 | 중계율 0.13 | alpha 2.892 | step_limit
Ep 1491 | 드론3 목적지68 | 1000스텝 | 배송 45/68 | 재적재  7 | 중계율 0.24 | alpha 2.880 | step_limit
Ep 1492 | 드론4 목적지75 | 1000스텝 | 배송 72/75 | 재적재 13 | 중계율 0.15 | alpha 2.890 | step_limit
Ep 1493 | 드론3 목적지28 |  650스텝 | 배송 28/28 | 재적재  5 | 중계율 0.23 | alpha 2.889 | complete
Ep 1494 | 드론4 목적지60 |  819스텝 | 배송 60/60 | 재적재 11 | 중계율 0.21 | alpha 2.877 | complete
Ep 1495 | 드론4 목적지56 |  486스텝 | 배송 56/56 | 재적재  9 | 중계율 0.12 | alpha 2.869 | complete
Ep 1496 | 드론4 목적지62 | 1000스텝 | 배송 60/62 | 재적재 12 | 중계율 0.22 | alpha 2.890 | step_limit
Ep 1497 | 드론3 목적지76 | 1000스텝 | 배송 60/76 | 재적재 10 | 중계율 0.23 | alpha 2.880 | step_limit
Ep 1498 | 드론3 목적지55 | 1000스텝 | 배송 53/55 | 재적재  9 | 중계율 0.17 | alpha 2.830 | step_limit
Ep 1499 | 드론3 목적지28 |  607스텝 | 배송 28/28 | 재적재  5 | 중계율 0.18 | alpha 2.834 | complete
Ep 1500 | 드론4 목적지24 |  550스텝 | 배송 24/24 | 재적재  2 | 중계율 0.18 | alpha 2.881 | complete
  [홀드아웃] 배송 50.0±0.0 완주 1.00 스텝 1046 점수 126.1 재적재 8.6 2홉+ 0.63 | 최고 126.6@ep950 정체 11/15
Training finished. best=126.6 @ ep950
