/home/kopt/enter/envs/wsl_neuroMCTS/lib/python3.10/site-packages/pygame/pkgdata.py:25: UserWarning: pkg_resources is deprecated as an API. See https://setuptools.pypa.io/en/latest/pkg_resources.html. The pkg_resources package is slated for removal as early as 2025-11-30. Refrain from using this package or pin to Setuptools<81.
  from pkg_resources import resource_stream, resource_exists
pygame 2.6.1 (SDL 2.28.4, Python 3.10.19)
Hello from the pygame community. https://www.pygame.org/contribute.html
집합 상위 학습 | 반경 300 상한 1000 무배송 500 gamma 0.997 구성=무작위 드론[3, 4] 목적지[20, 80] CC무작위 인스턴스=무작위 목표유지=off 완주보상=0.0 잔여페널티=0.1 규칙관측=False 규칙정규화=0.0 막힘페널티=0.0 도달권shaping=0.0 정체전환보상=0.0 엔트로피비=0.6->0.25@400 자기회귀=True 홀드아웃상한=3000 선택=makespan/속도가중치=40.0
/home/kopt/drone/proposed_src/pipeline/train_v5_26_09_15_23.py:354: UserWarning: Converting a tensor with requires_grad=True to a scalar may lead to unexpected behavior.
Consider using tensor.detach() first. (Triggered internally at /pytorch/torch/csrc/autograd/generated/python_variable_methods.cpp:836.)
  writer.add_scalar("train/alpha", float(log_alpha.exp()), ep)
Ep 1 | 드론4 목적지57 | 1000스텝 | 배송 50/57 | 재적재  8 | 중계율 0.16 | alpha 0.100 | step_limit
Ep 2 | 드론3 목적지50 | 1000스텝 | 배송 33/50 | 재적재  5 | 중계율 0.18 | alpha 0.100 | step_limit
Ep 3 | 드론4 목적지72 | 1000스텝 | 배송 58/72 | 재적재  9 | 중계율 0.16 | alpha 0.100 | step_limit
Ep 4 | 드론3 목적지46 | 1000스텝 | 배송 37/46 | 재적재  6 | 중계율 0.14 | alpha 0.100 | step_limit
Ep 5 | 드론3 목적지58 | 1000스텝 | 배송 18/58 | 재적재  1 | 중계율 0.12 | alpha 0.107 | step_limit
Ep 6 | 드론3 목적지61 | 1000스텝 | 배송 43/61 | 재적재  6 | 중계율 0.23 | alpha 0.117 | step_limit
Ep 7 | 드론3 목적지30 |  565스텝 | 배송 30/30 | 재적재  4 | 중계율 0.29 | alpha 0.124 | complete
Ep 8 | 드론3 목적지69 |  902스텝 | 배송 30/69 | 재적재  5 | 중계율 0.04 | alpha 0.134 | no_progress
Ep 9 | 드론3 목적지66 | 1000스텝 | 배송 55/66 | 재적재 10 | 중계율 0.22 | alpha 0.146 | step_limit
Ep 10 | 드론3 목적지26 |  737스텝 | 배송 26/26 | 재적재  4 | 중계율 0.14 | alpha 0.155 | complete
Ep 11 | 드론4 목적지32 |  590스텝 | 배송 32/32 | 재적재  5 | 중계율 0.07 | alpha 0.163 | complete
Ep 12 | 드론3 목적지35 |  555스텝 | 배송 35/35 | 재적재  6 | 중계율 0.09 | alpha 0.170 | complete
Ep 13 | 드론3 목적지23 |  724스텝 | 배송 23/23 | 재적재  3 | 중계율 0.06 | alpha 0.180 | complete
Ep 14 | 드론3 목적지61 | 1000스텝 | 배송 29/61 | 재적재  4 | 중계율 0.12 | alpha 0.195 | step_limit
Ep 15 | 드론4 목적지78 | 1000스텝 | 배송 68/78 | 재적재 12 | 중계율 0.08 | alpha 0.210 | step_limit
Ep 16 | 드론4 목적지46 |  883스텝 | 배송 46/46 | 재적재  7 | 중계율 0.06 | alpha 0.224 | complete
Ep 17 | 드론4 목적지74 | 1000스텝 | 배송 69/74 | 재적재 11 | 중계율 0.07 | alpha 0.242 | step_limit
Ep 18 | 드론3 목적지24 | 1000스텝 | 배송 19/24 | 재적재  3 | 중계율 0.11 | alpha 0.261 | step_limit
Ep 19 | 드론4 목적지24 |  435스텝 | 배송 24/24 | 재적재  3 | 중계율 0.08 | alpha 0.269 | complete
Ep 20 | 드론3 목적지66 | 1000스텝 | 배송 59/66 | 재적재 11 | 중계율 0.11 | alpha 0.290 | step_limit
Ep 21 | 드론3 목적지43 | 1000스텝 | 배송 39/43 | 재적재  7 | 중계율 0.14 | alpha 0.313 | step_limit
Ep 22 | 드론3 목적지43 | 1000스텝 | 배송 36/43 | 재적재  6 | 중계율 0.09 | alpha 0.337 | step_limit
Ep 23 | 드론3 목적지22 | 1000스텝 | 배송 20/22 | 재적재  2 | 중계율 0.15 | alpha 0.363 | step_limit
Ep 24 | 드론3 목적지35 | 1000스텝 | 배송 25/35 | 재적재  3 | 중계율 0.10 | alpha 0.390 | step_limit
Ep 25 | 드론4 목적지25 | 1000스텝 | 배송 20/25 | 재적재  2 | 중계율 0.18 | alpha 0.420 | step_limit
Ep 26 | 드론3 목적지79 | 1000스텝 | 배송 57/79 | 재적재  9 | 중계율 0.14 | alpha 0.452 | step_limit
Ep 27 | 드론4 목적지63 |  806스텝 | 배송 31/63 | 재적재  3 | 중계율 0.05 | alpha 0.480 | no_progress
Ep 28 | 드론3 목적지77 | 1000스텝 | 배송 64/77 | 재적재 11 | 중계율 0.22 | alpha 0.517 | step_limit
Ep 29 | 드론3 목적지34 | 1000스텝 | 배송 26/34 | 재적재  5 | 중계율 0.16 | alpha 0.557 | step_limit
Ep 30 | 드론3 목적지25 | 1000스텝 | 배송 19/25 | 재적재  2 | 중계율 0.14 | alpha 0.600 | step_limit
Ep 31 | 드론4 목적지68 | 1000스텝 | 배송 64/68 | 재적재 12 | 중계율 0.22 | alpha 0.646 | step_limit
Ep 32 | 드론3 목적지79 | 1000스텝 | 배송 52/79 | 재적재  8 | 중계율 0.20 | alpha 0.696 | step_limit
Ep 33 | 드론3 목적지62 | 1000스텝 | 배송 41/62 | 재적재  7 | 중계율 0.17 | alpha 0.749 | step_limit
Ep 34 | 드론3 목적지33 | 1000스텝 | 배송 25/33 | 재적재  3 | 중계율 0.08 | alpha 0.806 | step_limit
Ep 35 | 드론3 목적지26 |  900스텝 | 배송 26/26 | 재적재  4 | 중계율 0.05 | alpha 0.861 | complete
Ep 36 | 드론3 목적지57 | 1000스텝 | 배송 47/57 | 재적재  9 | 중계율 0.18 | alpha 0.927 | step_limit
Ep 37 | 드론3 목적지29 | 1000스텝 | 배송 25/29 | 재적재  3 | 중계율 0.21 | alpha 0.998 | step_limit
Ep 38 | 드론4 목적지63 |  972스텝 | 배송 63/63 | 재적재 10 | 중계율 0.19 | alpha 1.071 | complete
Ep 39 | 드론4 목적지44 | 1000스텝 | 배송 37/44 | 재적재  6 | 중계율 0.20 | alpha 1.150 | step_limit
Ep 40 | 드론4 목적지56 | 1000스텝 | 배송 52/56 | 재적재  8 | 중계율 0.20 | alpha 1.235 | step_limit
Ep 41 | 드론4 목적지21 |  412스텝 | 배송 21/21 | 재적재  3 | 중계율 0.07 | alpha 1.272 | complete
Ep 42 | 드론3 목적지24 |  861스텝 | 배송 20/24 | 재적재  3 | 중계율 0.23 | alpha 1.350 | no_progress
Ep 43 | 드론3 목적지52 | 1000스텝 | 배송 43/52 | 재적재  8 | 중계율 0.09 | alpha 1.445 | step_limit
Ep 44 | 드론3 목적지72 | 1000스텝 | 배송 54/72 | 재적재  9 | 중계율 0.12 | alpha 1.545 | step_limit
Ep 45 | 드론3 목적지52 | 1000스텝 | 배송 48/52 | 재적재  9 | 중계율 0.17 | alpha 1.647 | step_limit
Ep 46 | 드론4 목적지72 | 1000스텝 | 배송 70/72 | 재적재 13 | 중계율 0.14 | alpha 1.753 | step_limit
Ep 47 | 드론3 목적지69 | 1000스텝 | 배송 45/69 | 재적재  7 | 중계율 0.10 | alpha 1.859 | step_limit
Ep 48 | 드론3 목적지56 | 1000스텝 | 배송 30/56 | 재적재  5 | 중계율 0.09 | alpha 1.967 | step_limit
Ep 49 | 드론4 목적지78 | 1000스텝 | 배송 59/78 | 재적재 10 | 중계율 0.15 | alpha 2.073 | step_limit
Ep 50 | 드론4 목적지40 | 1000스텝 | 배송 20/40 | 재적재  2 | 중계율 0.10 | alpha 2.178 | step_limit
  [홀드아웃] 배송 47.6±7.0 완주 0.74 스텝 1343 점수 95.8 재적재 7.8 2홉+ 0.66 | 최고 95.8@ep50 정체 0/15  ← 갱신
Ep 51 | 드론4 목적지51 |  682스텝 | 배송 51/51 | 재적재  9 | 중계율 0.11 | alpha 2.247 | complete
Ep 52 | 드론3 목적지42 | 1000스텝 | 배송 40/42 | 재적재  7 | 중계율 0.17 | alpha 2.345 | step_limit
Ep 53 | 드론4 목적지60 | 1000스텝 | 배송 58/60 | 재적재 10 | 중계율 0.12 | alpha 2.437 | step_limit
Ep 54 | 드론3 목적지49 | 1000스텝 | 배송 43/49 | 재적재  7 | 중계율 0.15 | alpha 2.527 | step_limit
Ep 55 | 드론3 목적지40 |  824스텝 | 배송 40/40 | 재적재  6 | 중계율 0.12 | alpha 2.599 | complete
Ep 56 | 드론4 목적지61 | 1000스텝 | 배송 60/61 | 재적재 10 | 중계율 0.14 | alpha 2.685 | step_limit
Ep 57 | 드론3 목적지53 | 1000스텝 | 배송 41/53 | 재적재  7 | 중계율 0.18 | alpha 2.768 | step_limit
Ep 58 | 드론4 목적지57 |  958스텝 | 배송 57/57 | 재적재 10 | 중계율 0.11 | alpha 2.842 | complete
Ep 59 | 드론3 목적지50 | 1000스텝 | 배송 44/50 | 재적재  8 | 중계율 0.13 | alpha 2.906 | step_limit
Ep 60 | 드론3 목적지21 |  781스텝 | 배송 21/21 | 재적재  3 | 중계율 0.18 | alpha 2.954 | complete
Ep 61 | 드론4 목적지26 |  821스텝 | 배송 26/26 | 재적재  3 | 중계율 0.08 | alpha 3.003 | complete
Ep 62 | 드론4 목적지55 | 1000스텝 | 배송 46/55 | 재적재  8 | 중계율 0.18 | alpha 3.053 | step_limit
Ep 63 | 드론4 목적지68 | 1000스텝 | 배송 50/68 | 재적재  9 | 중계율 0.11 | alpha 3.094 | step_limit
Ep 64 | 드론3 목적지41 | 1000스텝 | 배송 35/41 | 재적재  5 | 중계율 0.11 | alpha 3.133 | step_limit
Ep 65 | 드론4 목적지68 | 1000스텝 | 배송 64/68 | 재적재 11 | 중계율 0.09 | alpha 3.156 | step_limit
Ep 66 | 드론3 목적지61 | 1000스텝 | 배송 58/61 | 재적재 11 | 중계율 0.11 | alpha 3.182 | step_limit
Ep 67 | 드론3 목적지53 | 1000스텝 | 배송 41/53 | 재적재  6 | 중계율 0.16 | alpha 3.199 | step_limit
Ep 68 | 드론3 목적지44 | 1000스텝 | 배송 41/44 | 재적재  7 | 중계율 0.14 | alpha 3.210 | step_limit
Ep 69 | 드론3 목적지34 | 1000스텝 | 배송 31/34 | 재적재  5 | 중계율 0.11 | alpha 3.201 | step_limit
Ep 70 | 드론3 목적지31 | 1000스텝 | 배송 25/31 | 재적재  4 | 중계율 0.14 | alpha 3.197 | step_limit
Ep 71 | 드론4 목적지71 | 1000스텝 | 배송 65/71 | 재적재 12 | 중계율 0.09 | alpha 3.173 | step_limit
Ep 72 | 드론3 목적지53 | 1000스텝 | 배송 44/53 | 재적재  7 | 중계율 0.12 | alpha 3.111 | step_limit
Ep 73 | 드론3 목적지21 | 1000스텝 | 배송 20/21 | 재적재  2 | 중계율 0.10 | alpha 3.059 | step_limit
Ep 74 | 드론4 목적지45 | 1000스텝 | 배송 43/45 | 재적재  7 | 중계율 0.12 | alpha 3.018 | step_limit
Ep 75 | 드론4 목적지40 | 1000스텝 | 배송 35/40 | 재적재  5 | 중계율 0.12 | alpha 2.980 | step_limit
Ep 76 | 드론3 목적지75 | 1000스텝 | 배송 60/75 | 재적재 10 | 중계율 0.18 | alpha 2.959 | step_limit
Ep 77 | 드론4 목적지24 |  415스텝 | 배송 24/24 | 재적재  3 | 중계율 0.16 | alpha 2.960 | complete
Ep 78 | 드론3 목적지64 | 1000스텝 | 배송 54/64 | 재적재  9 | 중계율 0.13 | alpha 2.952 | step_limit
Ep 79 | 드론3 목적지41 | 1000스텝 | 배송 38/41 | 재적재  7 | 중계율 0.16 | alpha 2.921 | step_limit
Ep 80 | 드론3 목적지69 | 1000스텝 | 배송 54/69 | 재적재 10 | 중계율 0.14 | alpha 2.912 | step_limit
Ep 81 | 드론4 목적지47 | 1000스텝 | 배송 45/47 | 재적재  7 | 중계율 0.14 | alpha 2.897 | step_limit
Ep 82 | 드론4 목적지69 | 1000스텝 | 배송 56/69 | 재적재 10 | 중계율 0.22 | alpha 2.849 | step_limit
Ep 83 | 드론4 목적지31 |  915스텝 | 배송 31/31 | 재적재  5 | 중계율 0.11 | alpha 2.839 | complete
Ep 84 | 드론3 목적지33 | 1000스텝 | 배송 30/33 | 재적재  5 | 중계율 0.15 | alpha 2.819 | step_limit
Ep 85 | 드론3 목적지38 |  893스텝 | 배송 38/38 | 재적재  6 | 중계율 0.14 | alpha 2.825 | complete
Ep 86 | 드론4 목적지24 |  677스텝 | 배송 24/24 | 재적재  3 | 중계율 0.17 | alpha 2.800 | complete
Ep 87 | 드론3 목적지30 |  874스텝 | 배송 30/30 | 재적재  5 | 중계율 0.18 | alpha 2.766 | complete
Ep 88 | 드론3 목적지38 | 1000스텝 | 배송 30/38 | 재적재  5 | 중계율 0.16 | alpha 2.779 | step_limit
Ep 89 | 드론3 목적지57 | 1000스텝 | 배송 41/57 | 재적재  7 | 중계율 0.20 | alpha 2.741 | step_limit
Ep 90 | 드론4 목적지21 |  752스텝 | 배송 21/21 | 재적재  1 | 중계율 0.14 | alpha 2.742 | complete
Ep 91 | 드론4 목적지77 | 1000스텝 | 배송 59/77 | 재적재 10 | 중계율 0.12 | alpha 2.771 | step_limit
Ep 92 | 드론3 목적지69 | 1000스텝 | 배송 38/69 | 재적재  7 | 중계율 0.16 | alpha 2.794 | step_limit
Ep 93 | 드론4 목적지60 | 1000스텝 | 배송 57/60 | 재적재  9 | 중계율 0.11 | alpha 2.799 | step_limit
Ep 94 | 드론4 목적지45 |  883스텝 | 배송 45/45 | 재적재  7 | 중계율 0.14 | alpha 2.775 | complete
Ep 95 | 드론3 목적지71 | 1000스텝 | 배송 56/71 | 재적재 10 | 중계율 0.12 | alpha 2.768 | step_limit
Ep 96 | 드론3 목적지74 | 1000스텝 | 배송 48/74 | 재적재  8 | 중계율 0.13 | alpha 2.753 | step_limit
Ep 97 | 드론4 목적지47 | 1000스텝 | 배송 40/47 | 재적재  7 | 중계율 0.20 | alpha 2.736 | step_limit
Ep 98 | 드론4 목적지50 | 1000스텝 | 배송 45/50 | 재적재  8 | 중계율 0.16 | alpha 2.684 | step_limit
Ep 99 | 드론4 목적지35 |  894스텝 | 배송 35/35 | 재적재  6 | 중계율 0.16 | alpha 2.653 | complete
Ep 100 | 드론3 목적지40 |  748스텝 | 배송 40/40 | 재적재  6 | 중계율 0.15 | alpha 2.653 | complete
  [홀드아웃] 배송 49.6±1.3 완주 0.91 스텝 1495 점수 111.3 재적재 8.4 2홉+ 0.66 | 최고 111.3@ep100 정체 0/15  ← 갱신
Ep 101 | 드론3 목적지23 |  611스텝 | 배송 23/23 | 재적재  3 | 중계율 0.11 | alpha 2.665 | complete
Ep 102 | 드론3 목적지21 |  878스텝 | 배송 21/21 | 재적재  4 | 중계율 0.16 | alpha 2.646 | complete
Ep 103 | 드론4 목적지72 | 1000스텝 | 배송 68/72 | 재적재 12 | 중계율 0.11 | alpha 2.646 | step_limit
Ep 104 | 드론3 목적지27 | 1000스텝 | 배송 22/27 | 재적재  4 | 중계율 0.17 | alpha 2.633 | step_limit
Ep 105 | 드론3 목적지63 | 1000스텝 | 배송 53/63 | 재적재 10 | 중계율 0.14 | alpha 2.589 | step_limit
Ep 106 | 드론4 목적지58 | 1000스텝 | 배송 52/58 | 재적재 10 | 중계율 0.13 | alpha 2.569 | step_limit
Ep 107 | 드론4 목적지75 | 1000스텝 | 배송 50/75 | 재적재  7 | 중계율 0.21 | alpha 2.570 | step_limit
Ep 108 | 드론3 목적지55 | 1000스텝 | 배송 45/55 | 재적재  7 | 중계율 0.17 | alpha 2.589 | step_limit
Ep 109 | 드론4 목적지64 | 1000스텝 | 배송 57/64 | 재적재 10 | 중계율 0.19 | alpha 2.551 | step_limit
Ep 110 | 드론3 목적지55 | 1000스텝 | 배송 41/55 | 재적재  7 | 중계율 0.11 | alpha 2.521 | step_limit
Ep 111 | 드론4 목적지67 | 1000스텝 | 배송 60/67 | 재적재 11 | 중계율 0.14 | alpha 2.519 | step_limit
Ep 112 | 드론3 목적지46 | 1000스텝 | 배송 44/46 | 재적재  7 | 중계율 0.15 | alpha 2.487 | step_limit
Ep 113 | 드론4 목적지43 |  937스텝 | 배송 43/43 | 재적재  7 | 중계율 0.10 | alpha 2.499 | complete
Ep 114 | 드론3 목적지80 | 1000스텝 | 배송 48/80 | 재적재  8 | 중계율 0.13 | alpha 2.478 | step_limit
Ep 115 | 드론4 목적지78 | 1000스텝 | 배송 75/78 | 재적재 14 | 중계율 0.10 | alpha 2.499 | step_limit
Ep 116 | 드론4 목적지72 | 1000스텝 | 배송 67/72 | 재적재 12 | 중계율 0.15 | alpha 2.498 | step_limit
Ep 117 | 드론3 목적지54 | 1000스텝 | 배송 46/54 | 재적재  8 | 중계율 0.19 | alpha 2.507 | step_limit
Ep 118 | 드론3 목적지63 | 1000스텝 | 배송 55/63 | 재적재  9 | 중계율 0.16 | alpha 2.494 | step_limit
Ep 119 | 드론4 목적지66 | 1000스텝 | 배송 62/66 | 재적재 11 | 중계율 0.15 | alpha 2.513 | step_limit
Ep 120 | 드론4 목적지70 | 1000스텝 | 배송 56/70 | 재적재 10 | 중계율 0.09 | alpha 2.515 | step_limit
Ep 121 | 드론4 목적지45 |  967스텝 | 배송 45/45 | 재적재  8 | 중계율 0.16 | alpha 2.542 | complete
Ep 122 | 드론4 목적지26 | 1000스텝 | 배송 25/26 | 재적재  4 | 중계율 0.16 | alpha 2.537 | step_limit
Ep 123 | 드론4 목적지30 | 1000스텝 | 배송 28/30 | 재적재  4 | 중계율 0.17 | alpha 2.510 | step_limit
Ep 124 | 드론3 목적지80 | 1000스텝 | 배송 60/80 | 재적재 10 | 중계율 0.17 | alpha 2.500 | step_limit
Ep 125 | 드론4 목적지41 |  770스텝 | 배송 41/41 | 재적재  7 | 중계율 0.09 | alpha 2.497 | complete
Ep 126 | 드론3 목적지50 | 1000스텝 | 배송 41/50 | 재적재  7 | 중계율 0.15 | alpha 2.509 | step_limit
Ep 127 | 드론3 목적지37 |  976스텝 | 배송 37/37 | 재적재  6 | 중계율 0.16 | alpha 2.508 | complete
Ep 128 | 드론3 목적지42 | 1000스텝 | 배송 40/42 | 재적재  7 | 중계율 0.16 | alpha 2.488 | step_limit
Ep 129 | 드론4 목적지52 | 1000스텝 | 배송 50/52 | 재적재  8 | 중계율 0.09 | alpha 2.487 | step_limit
Ep 130 | 드론3 목적지40 | 1000스텝 | 배송 34/40 | 재적재  6 | 중계율 0.20 | alpha 2.479 | step_limit
Ep 131 | 드론3 목적지39 |  941스텝 | 배송 39/39 | 재적재  7 | 중계율 0.13 | alpha 2.462 | complete
Ep 132 | 드론4 목적지63 | 1000스텝 | 배송 54/63 | 재적재  9 | 중계율 0.09 | alpha 2.426 | step_limit
Ep 133 | 드론3 목적지61 | 1000스텝 | 배송 46/61 | 재적재  8 | 중계율 0.05 | alpha 2.419 | step_limit
Ep 134 | 드론4 목적지22 |  308스텝 | 배송 22/22 | 재적재  4 | 중계율 0.11 | alpha 2.414 | complete
Ep 135 | 드론3 목적지20 |  580스텝 | 배송 20/20 | 재적재  2 | 중계율 0.12 | alpha 2.405 | complete
Ep 136 | 드론4 목적지57 | 1000스텝 | 배송 51/57 | 재적재  9 | 중계율 0.22 | alpha 2.414 | step_limit
Ep 137 | 드론3 목적지24 |  772스텝 | 배송 24/24 | 재적재  3 | 중계율 0.18 | alpha 2.432 | complete
Ep 138 | 드론4 목적지35 | 1000스텝 | 배송 31/35 | 재적재  6 | 중계율 0.10 | alpha 2.425 | step_limit
Ep 139 | 드론3 목적지29 | 1000스텝 | 배송 28/29 | 재적재  4 | 중계율 0.21 | alpha 2.442 | step_limit
Ep 140 | 드론3 목적지32 | 1000스텝 | 배송 30/32 | 재적재  4 | 중계율 0.15 | alpha 2.410 | step_limit
Ep 141 | 드론3 목적지54 | 1000스텝 | 배송 51/54 | 재적재  9 | 중계율 0.10 | alpha 2.394 | step_limit
Ep 142 | 드론3 목적지42 |  980스텝 | 배송 42/42 | 재적재  7 | 중계율 0.10 | alpha 2.383 | complete
Ep 143 | 드론3 목적지23 |  897스텝 | 배송 23/23 | 재적재  3 | 중계율 0.18 | alpha 2.402 | complete
Ep 144 | 드론3 목적지61 | 1000스텝 | 배송 52/61 | 재적재  9 | 중계율 0.12 | alpha 2.405 | step_limit
Ep 145 | 드론3 목적지64 | 1000스텝 | 배송 55/64 | 재적재 10 | 중계율 0.08 | alpha 2.411 | step_limit
Ep 146 | 드론3 목적지71 |  964스텝 | 배송 36/71 | 재적재  7 | 중계율 0.12 | alpha 2.424 | no_progress
Ep 147 | 드론3 목적지48 | 1000스텝 | 배송 46/48 | 재적재  8 | 중계율 0.13 | alpha 2.407 | step_limit
Ep 148 | 드론4 목적지36 | 1000스텝 | 배송 35/36 | 재적재  5 | 중계율 0.15 | alpha 2.399 | step_limit
Ep 149 | 드론4 목적지40 |  701스텝 | 배송 40/40 | 재적재  6 | 중계율 0.14 | alpha 2.396 | complete
Ep 150 | 드론3 목적지26 |  810스텝 | 배송 26/26 | 재적재  4 | 중계율 0.16 | alpha 2.406 | complete
  [홀드아웃] 배송 49.9±0.5 완주 0.97 스텝 1374 점수 119.2 재적재 8.4 2홉+ 0.60 | 최고 119.2@ep150 정체 0/15  ← 갱신
Ep 151 | 드론4 목적지70 | 1000스텝 | 배송 61/70 | 재적재 11 | 중계율 0.12 | alpha 2.393 | step_limit
Ep 152 | 드론4 목적지48 |  900스텝 | 배송 48/48 | 재적재  8 | 중계율 0.15 | alpha 2.388 | complete
Ep 153 | 드론4 목적지57 | 1000스텝 | 배송 56/57 | 재적재 10 | 중계율 0.21 | alpha 2.365 | step_limit
Ep 154 | 드론4 목적지34 |  661스텝 | 배송 34/34 | 재적재  6 | 중계율 0.16 | alpha 2.357 | complete
Ep 155 | 드론4 목적지80 | 1000스텝 | 배송 66/80 | 재적재 11 | 중계율 0.24 | alpha 2.358 | step_limit
Ep 156 | 드론4 목적지59 | 1000스텝 | 배송 56/59 | 재적재  9 | 중계율 0.21 | alpha 2.363 | step_limit
Ep 157 | 드론3 목적지42 | 1000스텝 | 배송 38/42 | 재적재  6 | 중계율 0.13 | alpha 2.359 | step_limit
Ep 158 | 드론4 목적지76 | 1000스텝 | 배송 61/76 | 재적재 12 | 중계율 0.12 | alpha 2.346 | step_limit
Ep 159 | 드론4 목적지47 | 1000스텝 | 배송 44/47 | 재적재  7 | 중계율 0.15 | alpha 2.376 | step_limit
Ep 160 | 드론3 목적지62 | 1000스텝 | 배송 55/62 | 재적재 10 | 중계율 0.16 | alpha 2.376 | step_limit
Ep 161 | 드론3 목적지31 |  993스텝 | 배송 31/31 | 재적재  5 | 중계율 0.15 | alpha 2.384 | complete
Ep 162 | 드론3 목적지26 |  717스텝 | 배송 26/26 | 재적재  4 | 중계율 0.16 | alpha 2.403 | complete
Ep 163 | 드론4 목적지21 |  957스텝 | 배송 21/21 | 재적재  2 | 중계율 0.12 | alpha 2.382 | complete
Ep 164 | 드론4 목적지79 | 1000스텝 | 배송 58/79 | 재적재 10 | 중계율 0.19 | alpha 2.357 | step_limit
Ep 165 | 드론4 목적지47 | 1000스텝 | 배송 46/47 | 재적재  8 | 중계율 0.14 | alpha 2.352 | step_limit
Ep 166 | 드론3 목적지77 | 1000스텝 | 배송 69/77 | 재적재 13 | 중계율 0.11 | alpha 2.324 | step_limit
Ep 167 | 드론4 목적지77 | 1000스텝 | 배송 65/77 | 재적재 12 | 중계율 0.22 | alpha 2.314 | step_limit
Ep 168 | 드론4 목적지29 |  834스텝 | 배송 29/29 | 재적재  5 | 중계율 0.22 | alpha 2.319 | complete
Ep 169 | 드론4 목적지59 | 1000스텝 | 배송 57/59 | 재적재 10 | 중계율 0.15 | alpha 2.323 | step_limit
Ep 170 | 드론3 목적지74 | 1000스텝 | 배송 52/74 | 재적재  9 | 중계율 0.16 | alpha 2.323 | step_limit
Ep 171 | 드론4 목적지34 |  606스텝 | 배송 34/34 | 재적재  5 | 중계율 0.10 | alpha 2.317 | complete
Ep 172 | 드론3 목적지43 | 1000스텝 | 배송 39/43 | 재적재  7 | 중계율 0.15 | alpha 2.304 | step_limit
Ep 173 | 드론3 목적지35 | 1000스텝 | 배송 30/35 | 재적재  5 | 중계율 0.13 | alpha 2.282 | step_limit
Ep 174 | 드론4 목적지43 |  803스텝 | 배송 43/43 | 재적재  8 | 중계율 0.13 | alpha 2.274 | complete
Ep 175 | 드론4 목적지30 | 1000스텝 | 배송 25/30 | 재적재  4 | 중계율 0.19 | alpha 2.245 | step_limit
Ep 176 | 드론4 목적지29 | 1000스텝 | 배송 25/29 | 재적재  4 | 중계율 0.21 | alpha 2.238 | step_limit
Ep 177 | 드론3 목적지45 | 1000스텝 | 배송 38/45 | 재적재  7 | 중계율 0.17 | alpha 2.237 | step_limit
Ep 178 | 드론3 목적지20 |  469스텝 | 배송 20/20 | 재적재  3 | 중계율 0.21 | alpha 2.238 | complete
Ep 179 | 드론4 목적지66 | 1000스텝 | 배송 50/66 | 재적재  9 | 중계율 0.17 | alpha 2.254 | step_limit
Ep 180 | 드론4 목적지22 |  442스텝 | 배송 22/22 | 재적재  3 | 중계율 0.15 | alpha 2.241 | complete
Ep 181 | 드론4 목적지77 | 1000스텝 | 배송 62/77 | 재적재 10 | 중계율 0.13 | alpha 2.225 | step_limit
Ep 182 | 드론3 목적지74 | 1000스텝 | 배송 50/74 | 재적재  8 | 중계율 0.16 | alpha 2.222 | step_limit
Ep 183 | 드론4 목적지40 |  601스텝 | 배송 40/40 | 재적재  6 | 중계율 0.13 | alpha 2.228 | complete
Ep 184 | 드론3 목적지77 | 1000스텝 | 배송 58/77 | 재적재 10 | 중계율 0.10 | alpha 2.215 | step_limit
Ep 185 | 드론4 목적지72 | 1000스텝 | 배송 67/72 | 재적재 11 | 중계율 0.18 | alpha 2.217 | step_limit
Ep 186 | 드론4 목적지74 | 1000스텝 | 배송 71/74 | 재적재 13 | 중계율 0.12 | alpha 2.192 | step_limit
Ep 187 | 드론3 목적지65 | 1000스텝 | 배송 54/65 | 재적재 10 | 중계율 0.09 | alpha 2.161 | step_limit
Ep 188 | 드론3 목적지80 | 1000스텝 | 배송 46/80 | 재적재  9 | 중계율 0.19 | alpha 2.116 | step_limit
Ep 189 | 드론4 목적지55 | 1000스텝 | 배송 53/55 | 재적재  9 | 중계율 0.13 | alpha 2.128 | step_limit
Ep 190 | 드론3 목적지36 | 1000스텝 | 배송 33/36 | 재적재  6 | 중계율 0.14 | alpha 2.110 | step_limit
Ep 191 | 드론3 목적지28 | 1000스텝 | 배송 25/28 | 재적재  4 | 중계율 0.22 | alpha 2.118 | step_limit
Ep 192 | 드론4 목적지74 |  837스텝 | 배송 74/74 | 재적재 12 | 중계율 0.12 | alpha 2.118 | complete
Ep 193 | 드론3 목적지61 | 1000스텝 | 배송 41/61 | 재적재  7 | 중계율 0.17 | alpha 2.109 | step_limit
Ep 194 | 드론4 목적지73 | 1000스텝 | 배송 70/73 | 재적재 12 | 중계율 0.09 | alpha 2.072 | step_limit
Ep 195 | 드론4 목적지69 | 1000스텝 | 배송 56/69 | 재적재  9 | 중계율 0.18 | alpha 2.065 | step_limit
Ep 196 | 드론3 목적지47 | 1000스텝 | 배송 36/47 | 재적재  6 | 중계율 0.11 | alpha 2.047 | step_limit
Ep 197 | 드론4 목적지27 | 1000스텝 | 배송 24/27 | 재적재  4 | 중계율 0.17 | alpha 2.050 | step_limit
Ep 198 | 드론3 목적지56 | 1000스텝 | 배송 54/56 | 재적재  9 | 중계율 0.10 | alpha 2.075 | step_limit
Ep 199 | 드론3 목적지57 | 1000스텝 | 배송 47/57 | 재적재  8 | 중계율 0.18 | alpha 2.065 | step_limit
Ep 200 | 드론4 목적지64 | 1000스텝 | 배송 60/64 | 재적재 10 | 중계율 0.19 | alpha 2.096 | step_limit
  [홀드아웃] 배송 50.0±0.1 완주 0.99 스텝 1104 점수 124.0 재적재 8.4 2홉+ 0.62 | 최고 124.0@ep200 정체 0/15  ← 갱신
Ep 201 | 드론4 목적지38 |  917스텝 | 배송 38/38 | 재적재  5 | 중계율 0.29 | alpha 2.077 | complete
Ep 202 | 드론3 목적지32 | 1000스텝 | 배송 31/32 | 재적재  5 | 중계율 0.21 | alpha 2.047 | step_limit
Ep 203 | 드론3 목적지23 |  894스텝 | 배송 23/23 | 재적재  3 | 중계율 0.11 | alpha 2.042 | complete
Ep 204 | 드론3 목적지38 | 1000스텝 | 배송 37/38 | 재적재  6 | 중계율 0.08 | alpha 2.050 | step_limit
Ep 205 | 드론3 목적지27 |  934스텝 | 배송 27/27 | 재적재  4 | 중계율 0.12 | alpha 2.041 | complete
Ep 206 | 드론3 목적지58 | 1000스텝 | 배송 54/58 | 재적재  9 | 중계율 0.18 | alpha 2.042 | step_limit
Ep 207 | 드론3 목적지52 | 1000스텝 | 배송 41/52 | 재적재  7 | 중계율 0.14 | alpha 2.067 | step_limit
Ep 208 | 드론3 목적지60 | 1000스텝 | 배송 50/60 | 재적재  8 | 중계율 0.17 | alpha 2.076 | step_limit
Ep 209 | 드론3 목적지72 | 1000스텝 | 배송 56/72 | 재적재 10 | 중계율 0.17 | alpha 2.066 | step_limit
Ep 210 | 드론4 목적지39 |  825스텝 | 배송 39/39 | 재적재  7 | 중계율 0.14 | alpha 2.075 | complete
Ep 211 | 드론3 목적지55 | 1000스텝 | 배송 45/55 | 재적재  7 | 중계율 0.20 | alpha 2.069 | step_limit
Ep 212 | 드론3 목적지62 | 1000스텝 | 배송 56/62 | 재적재  9 | 중계율 0.09 | alpha 2.057 | step_limit
Ep 213 | 드론4 목적지77 | 1000스텝 | 배송 72/77 | 재적재 12 | 중계율 0.10 | alpha 2.043 | step_limit
Ep 214 | 드론3 목적지44 | 1000스텝 | 배송 42/44 | 재적재  8 | 중계율 0.14 | alpha 2.032 | step_limit
Ep 215 | 드론3 목적지49 | 1000스텝 | 배송 48/49 | 재적재  8 | 중계율 0.14 | alpha 2.037 | step_limit
Ep 216 | 드론4 목적지29 |  878스텝 | 배송 29/29 | 재적재  4 | 중계율 0.28 | alpha 2.021 | complete
Ep 217 | 드론4 목적지36 |  704스텝 | 배송 36/36 | 재적재  6 | 중계율 0.12 | alpha 1.999 | complete
Ep 218 | 드론4 목적지55 | 1000스텝 | 배송 53/55 | 재적재  9 | 중계율 0.14 | alpha 2.004 | step_limit
Ep 219 | 드론3 목적지35 | 1000스텝 | 배송 32/35 | 재적재  6 | 중계율 0.14 | alpha 2.010 | step_limit
Ep 220 | 드론4 목적지73 | 1000스텝 | 배송 71/73 | 재적재 12 | 중계율 0.13 | alpha 2.013 | step_limit
Ep 221 | 드론4 목적지25 |  511스텝 | 배송 25/25 | 재적재  4 | 중계율 0.17 | alpha 2.008 | complete
Ep 222 | 드론3 목적지30 |  794스텝 | 배송 30/30 | 재적재  5 | 중계율 0.08 | alpha 1.998 | complete
Ep 223 | 드론3 목적지45 | 1000스텝 | 배송 40/45 | 재적재  7 | 중계율 0.17 | alpha 1.996 | step_limit
Ep 224 | 드론4 목적지76 | 1000스텝 | 배송 55/76 | 재적재  9 | 중계율 0.19 | alpha 1.970 | step_limit
Ep 225 | 드론4 목적지70 | 1000스텝 | 배송 66/70 | 재적재 11 | 중계율 0.11 | alpha 1.943 | step_limit
Ep 226 | 드론4 목적지73 |  908스텝 | 배송 73/73 | 재적재 13 | 중계율 0.07 | alpha 1.923 | complete
Ep 227 | 드론4 목적지56 | 1000스텝 | 배송 55/56 | 재적재  8 | 중계율 0.08 | alpha 1.897 | step_limit
Ep 228 | 드론4 목적지24 |  487스텝 | 배송 24/24 | 재적재  4 | 중계율 0.13 | alpha 1.902 | complete
Ep 229 | 드론3 목적지32 |  853스텝 | 배송 32/32 | 재적재  5 | 중계율 0.23 | alpha 1.898 | complete
Ep 230 | 드론3 목적지62 | 1000스텝 | 배송 54/62 | 재적재 10 | 중계율 0.12 | alpha 1.883 | step_limit
Ep 231 | 드론3 목적지27 |  663스텝 | 배송 27/27 | 재적재  4 | 중계율 0.15 | alpha 1.881 | complete
Ep 232 | 드론4 목적지27 |  757스텝 | 배송 27/27 | 재적재  4 | 중계율 0.25 | alpha 1.889 | complete
Ep 233 | 드론4 목적지58 | 1000스텝 | 배송 54/58 | 재적재  9 | 중계율 0.15 | alpha 1.880 | step_limit
Ep 234 | 드론3 목적지56 | 1000스텝 | 배송 46/56 | 재적재  9 | 중계율 0.09 | alpha 1.869 | step_limit
Ep 235 | 드론3 목적지49 | 1000스텝 | 배송 41/49 | 재적재  7 | 중계율 0.10 | alpha 1.858 | step_limit
Ep 236 | 드론4 목적지71 | 1000스텝 | 배송 67/71 | 재적재 12 | 중계율 0.16 | alpha 1.853 | step_limit
Ep 237 | 드론4 목적지77 |  942스텝 | 배송 77/77 | 재적재 14 | 중계율 0.08 | alpha 1.833 | complete
Ep 238 | 드론4 목적지27 |  666스텝 | 배송 27/27 | 재적재  3 | 중계율 0.15 | alpha 1.832 | complete
Ep 239 | 드론4 목적지37 |  966스텝 | 배송 37/37 | 재적재  6 | 중계율 0.17 | alpha 1.837 | complete
Ep 240 | 드론4 목적지70 |  894스텝 | 배송 70/70 | 재적재 13 | 중계율 0.12 | alpha 1.847 | complete
Ep 241 | 드론3 목적지46 | 1000스텝 | 배송 39/46 | 재적재  6 | 중계율 0.09 | alpha 1.828 | step_limit
Ep 242 | 드론4 목적지65 | 1000스텝 | 배송 64/65 | 재적재 11 | 중계율 0.09 | alpha 1.805 | step_limit
Ep 243 | 드론4 목적지39 |  779스텝 | 배송 39/39 | 재적재  6 | 중계율 0.12 | alpha 1.792 | complete
Ep 244 | 드론3 목적지51 | 1000스텝 | 배송 43/51 | 재적재  7 | 중계율 0.16 | alpha 1.777 | step_limit
Ep 245 | 드론3 목적지52 | 1000스텝 | 배송 35/52 | 재적재  6 | 중계율 0.23 | alpha 1.785 | step_limit
Ep 246 | 드론4 목적지54 |  731스텝 | 배송 54/54 | 재적재  9 | 중계율 0.09 | alpha 1.769 | complete
Ep 247 | 드론4 목적지69 | 1000스텝 | 배송 67/69 | 재적재 12 | 중계율 0.12 | alpha 1.764 | step_limit
Ep 248 | 드론3 목적지77 | 1000스텝 | 배송 64/77 | 재적재 12 | 중계율 0.09 | alpha 1.747 | step_limit
Ep 249 | 드론4 목적지70 |  967스텝 | 배송 70/70 | 재적재 12 | 중계율 0.11 | alpha 1.740 | complete
Ep 250 | 드론3 목적지51 | 1000스텝 | 배송 44/51 | 재적재  8 | 중계율 0.17 | alpha 1.746 | step_limit
  [홀드아웃] 배송 49.9±0.7 완주 0.95 스텝 1134 점수 119.9 재적재 8.4 2홉+ 0.64 | 최고 124.0@ep200 정체 1/15
Ep 251 | 드론4 목적지33 |  610스텝 | 배송 33/33 | 재적재  4 | 중계율 0.06 | alpha 1.760 | complete
Ep 252 | 드론3 목적지25 | 1000스텝 | 배송 22/25 | 재적재  3 | 중계율 0.15 | alpha 1.762 | step_limit
Ep 253 | 드론4 목적지49 | 1000스텝 | 배송 46/49 | 재적재  8 | 중계율 0.13 | alpha 1.763 | step_limit
Ep 254 | 드론4 목적지26 |  338스텝 | 배송 26/26 | 재적재  3 | 중계율 0.10 | alpha 1.761 | complete
Ep 255 | 드론3 목적지38 | 1000스텝 | 배송 25/38 | 재적재  3 | 중계율 0.11 | alpha 1.758 | step_limit
Ep 256 | 드론3 목적지27 |  787스텝 | 배송 27/27 | 재적재  4 | 중계율 0.11 | alpha 1.762 | complete
Ep 257 | 드론3 목적지44 |  987스텝 | 배송 44/44 | 재적재  7 | 중계율 0.08 | alpha 1.745 | complete
Ep 258 | 드론4 목적지73 | 1000스텝 | 배송 70/73 | 재적재 13 | 중계율 0.12 | alpha 1.749 | step_limit
Ep 259 | 드론4 목적지65 | 1000스텝 | 배송 61/65 | 재적재 10 | 중계율 0.10 | alpha 1.747 | step_limit
Ep 260 | 드론4 목적지49 | 1000스텝 | 배송 46/49 | 재적재  7 | 중계율 0.13 | alpha 1.752 | step_limit
Ep 261 | 드론4 목적지21 |  444스텝 | 배송 21/21 | 재적재  3 | 중계율 0.10 | alpha 1.749 | complete
Ep 262 | 드론3 목적지69 | 1000스텝 | 배송 63/69 | 재적재 12 | 중계율 0.10 | alpha 1.750 | step_limit
Ep 263 | 드론3 목적지40 | 1000스텝 | 배송 37/40 | 재적재  7 | 중계율 0.19 | alpha 1.718 | step_limit
Ep 264 | 드론4 목적지35 |  548스텝 | 배송 35/35 | 재적재  6 | 중계율 0.17 | alpha 1.710 | complete
Ep 265 | 드론4 목적지52 |  750스텝 | 배송 52/52 | 재적재  8 | 중계율 0.09 | alpha 1.718 | complete
Ep 266 | 드론3 목적지33 |  570스텝 | 배송 33/33 | 재적재  5 | 중계율 0.10 | alpha 1.726 | complete
Ep 267 | 드론4 목적지32 |  664스텝 | 배송 32/32 | 재적재  5 | 중계율 0.12 | alpha 1.737 | complete
Ep 268 | 드론3 목적지39 | 1000스텝 | 배송 36/39 | 재적재  7 | 중계율 0.13 | alpha 1.742 | step_limit
Ep 269 | 드론4 목적지71 |  952스텝 | 배송 71/71 | 재적재 13 | 중계율 0.09 | alpha 1.735 | complete
Ep 270 | 드론3 목적지56 | 1000스텝 | 배송 36/56 | 재적재  7 | 중계율 0.11 | alpha 1.758 | step_limit
Ep 271 | 드론4 목적지66 | 1000스텝 | 배송 63/66 | 재적재 12 | 중계율 0.12 | alpha 1.764 | step_limit
Ep 272 | 드론3 목적지33 |  556스텝 | 배송 33/33 | 재적재  6 | 중계율 0.08 | alpha 1.767 | complete
Ep 273 | 드론4 목적지75 | 1000스텝 | 배송 74/75 | 재적재 13 | 중계율 0.10 | alpha 1.768 | step_limit
Ep 274 | 드론3 목적지63 | 1000스텝 | 배송 58/63 | 재적재 10 | 중계율 0.09 | alpha 1.766 | step_limit
Ep 275 | 드론3 목적지46 | 1000스텝 | 배송 39/46 | 재적재  7 | 중계율 0.14 | alpha 1.739 | step_limit
Ep 276 | 드론4 목적지62 | 1000스텝 | 배송 52/62 | 재적재  9 | 중계율 0.19 | alpha 1.717 | step_limit
Ep 277 | 드론4 목적지35 |  467스텝 | 배송 35/35 | 재적재  6 | 중계율 0.12 | alpha 1.722 | complete
Ep 278 | 드론3 목적지79 | 1000스텝 | 배송 55/79 | 재적재  9 | 중계율 0.13 | alpha 1.703 | step_limit
Ep 279 | 드론3 목적지50 | 1000스텝 | 배송 34/50 | 재적재  5 | 중계율 0.10 | alpha 1.712 | step_limit
Ep 280 | 드론3 목적지71 | 1000스텝 | 배송 55/71 | 재적재 10 | 중계율 0.16 | alpha 1.720 | step_limit
Ep 281 | 드론4 목적지52 | 1000스텝 | 배송 48/52 | 재적재  9 | 중계율 0.11 | alpha 1.704 | step_limit
Ep 282 | 드론3 목적지55 | 1000스텝 | 배송 46/55 | 재적재  8 | 중계율 0.08 | alpha 1.717 | step_limit
Ep 283 | 드론3 목적지44 | 1000스텝 | 배송 42/44 | 재적재  7 | 중계율 0.09 | alpha 1.691 | step_limit
Ep 284 | 드론4 목적지61 |  976스텝 | 배송 61/61 | 재적재 10 | 중계율 0.15 | alpha 1.693 | complete
Ep 285 | 드론4 목적지61 |  866스텝 | 배송 61/61 | 재적재  9 | 중계율 0.11 | alpha 1.706 | complete
Ep 286 | 드론4 목적지35 |  580스텝 | 배송 35/35 | 재적재  5 | 중계율 0.09 | alpha 1.693 | complete
Ep 287 | 드론4 목적지42 |  693스텝 | 배송 42/42 | 재적재  6 | 중계율 0.15 | alpha 1.678 | complete
Ep 288 | 드론3 목적지26 |  534스텝 | 배송 26/26 | 재적재  4 | 중계율 0.10 | alpha 1.675 | complete
Ep 289 | 드론4 목적지71 | 1000스텝 | 배송 70/71 | 재적재 13 | 중계율 0.12 | alpha 1.675 | step_limit
Ep 290 | 드론3 목적지34 | 1000스텝 | 배송 33/34 | 재적재  5 | 중계율 0.14 | alpha 1.674 | step_limit
Ep 291 | 드론4 목적지70 |  901스텝 | 배송 70/70 | 재적재 12 | 중계율 0.12 | alpha 1.656 | complete
Ep 292 | 드론4 목적지25 |  496스텝 | 배송 25/25 | 재적재  3 | 중계율 0.10 | alpha 1.638 | complete
Ep 293 | 드론4 목적지78 | 1000스텝 | 배송 70/78 | 재적재 13 | 중계율 0.10 | alpha 1.628 | step_limit
Ep 294 | 드론3 목적지63 | 1000스텝 | 배송 49/63 | 재적재  9 | 중계율 0.13 | alpha 1.618 | step_limit
Ep 295 | 드론3 목적지40 |  986스텝 | 배송 40/40 | 재적재  7 | 중계율 0.14 | alpha 1.611 | complete
Ep 296 | 드론3 목적지78 | 1000스텝 | 배송 59/78 | 재적재 11 | 중계율 0.13 | alpha 1.615 | step_limit
Ep 297 | 드론3 목적지76 | 1000스텝 | 배송 55/76 | 재적재 10 | 중계율 0.11 | alpha 1.600 | step_limit
Ep 298 | 드론4 목적지42 |  998스텝 | 배송 42/42 | 재적재  6 | 중계율 0.13 | alpha 1.568 | complete
Ep 299 | 드론4 목적지34 | 1000스텝 | 배송 30/34 | 재적재  5 | 중계율 0.16 | alpha 1.561 | step_limit
Ep 300 | 드론4 목적지73 | 1000스텝 | 배송 61/73 | 재적재 11 | 중계율 0.15 | alpha 1.562 | step_limit
  [홀드아웃] 배송 49.1±3.3 완주 0.90 스텝 1090 점수 115.5 재적재 8.3 2홉+ 0.64 | 최고 124.0@ep200 정체 2/15
Ep 301 | 드론4 목적지74 | 1000스텝 | 배송 52/74 | 재적재  8 | 중계율 0.06 | alpha 1.588 | step_limit
Ep 302 | 드론3 목적지56 | 1000스텝 | 배송 49/56 | 재적재  8 | 중계율 0.10 | alpha 1.581 | step_limit
Ep 303 | 드론4 목적지24 |  580스텝 | 배송 24/24 | 재적재  3 | 중계율 0.12 | alpha 1.574 | complete
Ep 304 | 드론4 목적지67 | 1000스텝 | 배송 60/67 | 재적재 10 | 중계율 0.18 | alpha 1.568 | step_limit
Ep 305 | 드론3 목적지69 | 1000스텝 | 배송 49/69 | 재적재  8 | 중계율 0.14 | alpha 1.555 | step_limit
Ep 306 | 드론3 목적지30 |  793스텝 | 배송 30/30 | 재적재  5 | 중계율 0.08 | alpha 1.558 | complete
Ep 307 | 드론4 목적지46 |  604스텝 | 배송 46/46 | 재적재  8 | 중계율 0.05 | alpha 1.552 | complete
Ep 308 | 드론3 목적지45 | 1000스텝 | 배송 41/45 | 재적재  8 | 중계율 0.14 | alpha 1.522 | step_limit
Ep 309 | 드론4 목적지80 | 1000스텝 | 배송 73/80 | 재적재 14 | 중계율 0.17 | alpha 1.499 | step_limit
Ep 310 | 드론3 목적지26 |  695스텝 | 배송 26/26 | 재적재  4 | 중계율 0.11 | alpha 1.488 | complete
Ep 311 | 드론3 목적지52 |  945스텝 | 배송 52/52 | 재적재  9 | 중계율 0.07 | alpha 1.479 | complete
Ep 312 | 드론3 목적지42 | 1000스텝 | 배송 39/42 | 재적재  7 | 중계율 0.11 | alpha 1.453 | step_limit
Ep 313 | 드론3 목적지60 | 1000스텝 | 배송 45/60 | 재적재  7 | 중계율 0.14 | alpha 1.430 | step_limit
Ep 314 | 드론3 목적지78 | 1000스텝 | 배송 60/78 | 재적재 10 | 중계율 0.12 | alpha 1.436 | step_limit
Ep 315 | 드론4 목적지51 | 1000스텝 | 배송 50/51 | 재적재  9 | 중계율 0.16 | alpha 1.437 | step_limit
Ep 316 | 드론4 목적지58 | 1000스텝 | 배송 56/58 | 재적재  9 | 중계율 0.10 | alpha 1.421 | step_limit
Ep 317 | 드론4 목적지75 | 1000스텝 | 배송 74/75 | 재적재 13 | 중계율 0.10 | alpha 1.402 | step_limit
Ep 318 | 드론4 목적지56 | 1000스텝 | 배송 48/56 | 재적재  8 | 중계율 0.10 | alpha 1.399 | step_limit
Ep 319 | 드론3 목적지69 | 1000스텝 | 배송 47/69 | 재적재  8 | 중계율 0.14 | alpha 1.409 | step_limit
Ep 320 | 드론4 목적지45 |  955스텝 | 배송 45/45 | 재적재  7 | 중계율 0.12 | alpha 1.408 | complete
Ep 321 | 드론4 목적지28 |  443스텝 | 배송 28/28 | 재적재  3 | 중계율 0.12 | alpha 1.410 | complete
Ep 322 | 드론4 목적지59 |  669스텝 | 배송 59/59 | 재적재 11 | 중계율 0.10 | alpha 1.414 | complete
Ep 323 | 드론3 목적지44 | 1000스텝 | 배송 36/44 | 재적재  7 | 중계율 0.13 | alpha 1.420 | step_limit
Ep 324 | 드론3 목적지25 |  435스텝 | 배송 25/25 | 재적재  4 | 중계율 0.07 | alpha 1.420 | complete
Ep 325 | 드론4 목적지65 |  875스텝 | 배송 65/65 | 재적재 12 | 중계율 0.08 | alpha 1.416 | complete
Ep 326 | 드론3 목적지31 |  898스텝 | 배송 31/31 | 재적재  5 | 중계율 0.12 | alpha 1.416 | complete
Ep 327 | 드론4 목적지67 | 1000스텝 | 배송 65/67 | 재적재 12 | 중계율 0.09 | alpha 1.406 | step_limit
Ep 328 | 드론3 목적지65 | 1000스텝 | 배송 49/65 | 재적재  9 | 중계율 0.08 | alpha 1.379 | step_limit
Ep 329 | 드론4 목적지33 |  949스텝 | 배송 33/33 | 재적재  5 | 중계율 0.12 | alpha 1.374 | complete
Ep 330 | 드론4 목적지76 | 1000스텝 | 배송 61/76 | 재적재 11 | 중계율 0.13 | alpha 1.362 | step_limit
Ep 331 | 드론3 목적지76 | 1000스텝 | 배송 51/76 | 재적재  9 | 중계율 0.12 | alpha 1.354 | step_limit
Ep 332 | 드론4 목적지75 | 1000스텝 | 배송 71/75 | 재적재 13 | 중계율 0.07 | alpha 1.352 | step_limit
Ep 333 | 드론3 목적지26 |  542스텝 | 배송 26/26 | 재적재  4 | 중계율 0.14 | alpha 1.349 | complete
Ep 334 | 드론3 목적지63 | 1000스텝 | 배송 53/63 | 재적재 10 | 중계율 0.09 | alpha 1.363 | step_limit
Ep 335 | 드론4 목적지28 |  643스텝 | 배송 28/28 | 재적재  5 | 중계율 0.11 | alpha 1.364 | complete
Ep 336 | 드론3 목적지54 | 1000스텝 | 배송 46/54 | 재적재  8 | 중계율 0.12 | alpha 1.371 | step_limit
Ep 337 | 드론3 목적지65 | 1000스텝 | 배송 50/65 | 재적재  9 | 중계율 0.17 | alpha 1.372 | step_limit
Ep 338 | 드론3 목적지68 | 1000스텝 | 배송 50/68 | 재적재  8 | 중계율 0.14 | alpha 1.366 | step_limit
Ep 339 | 드론4 목적지47 |  673스텝 | 배송 47/47 | 재적재  8 | 중계율 0.11 | alpha 1.372 | complete
Ep 340 | 드론3 목적지73 | 1000스텝 | 배송 58/73 | 재적재 10 | 중계율 0.09 | alpha 1.370 | step_limit
Ep 341 | 드론3 목적지64 | 1000스텝 | 배송 51/64 | 재적재 10 | 중계율 0.15 | alpha 1.371 | step_limit
Ep 342 | 드론3 목적지26 |  847스텝 | 배송 26/26 | 재적재  3 | 중계율 0.08 | alpha 1.363 | complete
Ep 343 | 드론4 목적지58 |  828스텝 | 배송 58/58 | 재적재  9 | 중계율 0.13 | alpha 1.363 | complete
Ep 344 | 드론4 목적지23 |  403스텝 | 배송 23/23 | 재적재  4 | 중계율 0.14 | alpha 1.363 | complete
Ep 345 | 드론4 목적지53 | 1000스텝 | 배송 52/53 | 재적재  8 | 중계율 0.13 | alpha 1.347 | step_limit
Ep 346 | 드론3 목적지21 |  554스텝 | 배송 21/21 | 재적재  3 | 중계율 0.15 | alpha 1.325 | complete
Ep 347 | 드론4 목적지39 |  678스텝 | 배송 39/39 | 재적재  6 | 중계율 0.13 | alpha 1.310 | complete
Ep 348 | 드론4 목적지46 |  624스텝 | 배송 46/46 | 재적재  8 | 중계율 0.09 | alpha 1.297 | complete
Ep 349 | 드론4 목적지37 |  556스텝 | 배송 37/37 | 재적재  6 | 중계율 0.12 | alpha 1.286 | complete
Ep 350 | 드론3 목적지42 | 1000스텝 | 배송 40/42 | 재적재  6 | 중계율 0.12 | alpha 1.271 | step_limit
  [홀드아웃] 배송 49.9±0.6 완주 0.97 스텝 997 점수 124.2 재적재 8.5 2홉+ 0.62 | 최고 124.2@ep350 정체 0/15  ← 갱신
Ep 351 | 드론4 목적지54 | 1000스텝 | 배송 53/54 | 재적재  8 | 중계율 0.10 | alpha 1.261 | step_limit
Ep 352 | 드론4 목적지69 | 1000스텝 | 배송 58/69 | 재적재 11 | 중계율 0.13 | alpha 1.252 | step_limit
Ep 353 | 드론3 목적지44 | 1000스텝 | 배송 39/44 | 재적재  7 | 중계율 0.10 | alpha 1.255 | step_limit
Ep 354 | 드론3 목적지49 |  827스텝 | 배송 49/49 | 재적재  8 | 중계율 0.09 | alpha 1.269 | complete
Ep 355 | 드론3 목적지28 |  752스텝 | 배송 28/28 | 재적재  4 | 중계율 0.13 | alpha 1.266 | complete
Ep 356 | 드론3 목적지79 | 1000스텝 | 배송 72/79 | 재적재 13 | 중계율 0.12 | alpha 1.258 | step_limit
Ep 357 | 드론4 목적지71 |  816스텝 | 배송 71/71 | 재적재 13 | 중계율 0.08 | alpha 1.250 | complete
Ep 358 | 드론3 목적지30 |  769스텝 | 배송 30/30 | 재적재  5 | 중계율 0.19 | alpha 1.239 | complete
Ep 359 | 드론3 목적지74 | 1000스텝 | 배송 59/74 | 재적재 10 | 중계율 0.10 | alpha 1.232 | step_limit
Ep 360 | 드론4 목적지47 |  781스텝 | 배송 47/47 | 재적재  8 | 중계율 0.10 | alpha 1.224 | complete
Ep 361 | 드론3 목적지43 | 1000스텝 | 배송 40/43 | 재적재  7 | 중계율 0.14 | alpha 1.238 | step_limit
Ep 362 | 드론4 목적지78 |  917스텝 | 배송 78/78 | 재적재 14 | 중계율 0.10 | alpha 1.224 | complete
Ep 363 | 드론4 목적지70 |  826스텝 | 배송 70/70 | 재적재 13 | 중계율 0.04 | alpha 1.230 | complete
Ep 364 | 드론3 목적지64 | 1000스텝 | 배송 59/64 | 재적재 10 | 중계율 0.17 | alpha 1.231 | step_limit
Ep 365 | 드론3 목적지63 | 1000스텝 | 배송 50/63 | 재적재  9 | 중계율 0.15 | alpha 1.228 | step_limit
Ep 366 | 드론3 목적지44 | 1000스텝 | 배송 42/44 | 재적재  8 | 중계율 0.15 | alpha 1.220 | step_limit
Ep 367 | 드론4 목적지38 |  590스텝 | 배송 38/38 | 재적재  6 | 중계율 0.11 | alpha 1.218 | complete
Ep 368 | 드론3 목적지37 |  755스텝 | 배송 37/37 | 재적재  7 | 중계율 0.10 | alpha 1.211 | complete
Ep 369 | 드론3 목적지42 |  655스텝 | 배송 42/42 | 재적재  7 | 중계율 0.11 | alpha 1.196 | complete
Ep 370 | 드론3 목적지70 | 1000스텝 | 배송 56/70 | 재적재 10 | 중계율 0.11 | alpha 1.182 | step_limit
Ep 371 | 드론3 목적지40 |  849스텝 | 배송 40/40 | 재적재  7 | 중계율 0.10 | alpha 1.166 | complete
Ep 372 | 드론4 목적지29 |  495스텝 | 배송 29/29 | 재적재  4 | 중계율 0.08 | alpha 1.153 | complete
Ep 373 | 드론3 목적지79 | 1000스텝 | 배송 65/79 | 재적재 11 | 중계율 0.11 | alpha 1.136 | step_limit
Ep 374 | 드론3 목적지40 | 1000스텝 | 배송 39/40 | 재적재  6 | 중계율 0.16 | alpha 1.127 | step_limit
Ep 375 | 드론3 목적지28 |  640스텝 | 배송 28/28 | 재적재  5 | 중계율 0.11 | alpha 1.114 | complete
Ep 376 | 드론3 목적지40 | 1000스텝 | 배송 38/40 | 재적재  7 | 중계율 0.20 | alpha 1.113 | step_limit
Ep 377 | 드론3 목적지72 | 1000스텝 | 배송 40/72 | 재적재  7 | 중계율 0.12 | alpha 1.110 | step_limit
Ep 378 | 드론4 목적지61 |  955스텝 | 배송 61/61 | 재적재 11 | 중계율 0.13 | alpha 1.107 | complete
Ep 379 | 드론4 목적지68 | 1000스텝 | 배송 59/68 | 재적재 10 | 중계율 0.10 | alpha 1.107 | step_limit
Ep 380 | 드론3 목적지24 |  585스텝 | 배송 24/24 | 재적재  3 | 중계율 0.11 | alpha 1.102 | complete
Ep 381 | 드론3 목적지52 | 1000스텝 | 배송 48/52 | 재적재  8 | 중계율 0.19 | alpha 1.096 | step_limit
Ep 382 | 드론4 목적지35 |  555스텝 | 배송 35/35 | 재적재  6 | 중계율 0.13 | alpha 1.085 | complete
Ep 383 | 드론3 목적지47 | 1000스텝 | 배송 43/47 | 재적재  7 | 중계율 0.10 | alpha 1.079 | step_limit
Ep 384 | 드론3 목적지28 |  718스텝 | 배송 28/28 | 재적재  4 | 중계율 0.10 | alpha 1.075 | complete
Ep 385 | 드론4 목적지70 | 1000스텝 | 배송 67/70 | 재적재 12 | 중계율 0.14 | alpha 1.074 | step_limit
Ep 386 | 드론4 목적지71 |  896스텝 | 배송 71/71 | 재적재 12 | 중계율 0.07 | alpha 1.073 | complete
Ep 387 | 드론3 목적지49 |  843스텝 | 배송 49/49 | 재적재  8 | 중계율 0.09 | alpha 1.074 | complete
Ep 388 | 드론3 목적지21 |  542스텝 | 배송 21/21 | 재적재  3 | 중계율 0.07 | alpha 1.074 | complete
Ep 389 | 드론4 목적지60 | 1000스텝 | 배송 59/60 | 재적재 11 | 중계율 0.07 | alpha 1.075 | step_limit
Ep 390 | 드론4 목적지30 |  568스텝 | 배송 30/30 | 재적재  4 | 중계율 0.16 | alpha 1.066 | complete
Ep 391 | 드론3 목적지51 |  663스텝 | 배송 51/51 | 재적재  9 | 중계율 0.08 | alpha 1.063 | complete
Ep 392 | 드론3 목적지39 | 1000스텝 | 배송 36/39 | 재적재  6 | 중계율 0.15 | alpha 1.069 | step_limit
Ep 393 | 드론4 목적지73 |  996스텝 | 배송 73/73 | 재적재 12 | 중계율 0.07 | alpha 1.070 | complete
Ep 394 | 드론3 목적지32 |  645스텝 | 배송 32/32 | 재적재  5 | 중계율 0.13 | alpha 1.071 | complete
Ep 395 | 드론4 목적지70 |  866스텝 | 배송 70/70 | 재적재 12 | 중계율 0.10 | alpha 1.074 | complete
Ep 396 | 드론4 목적지28 |  414스텝 | 배송 28/28 | 재적재  3 | 중계율 0.07 | alpha 1.067 | complete
Ep 397 | 드론3 목적지39 | 1000스텝 | 배송 34/39 | 재적재  5 | 중계율 0.14 | alpha 1.055 | step_limit
Ep 398 | 드론3 목적지40 |  911스텝 | 배송 40/40 | 재적재  7 | 중계율 0.11 | alpha 1.044 | complete
Ep 399 | 드론3 목적지51 | 1000스텝 | 배송 49/51 | 재적재  9 | 중계율 0.10 | alpha 1.031 | step_limit
Ep 400 | 드론3 목적지79 | 1000스텝 | 배송 55/79 | 재적재  9 | 중계율 0.11 | alpha 1.027 | step_limit
  [홀드아웃] 배송 49.1±3.3 완주 0.88 스텝 1027 점수 113.8 재적재 8.3 2홉+ 0.62 | 최고 124.2@ep350 정체 1/15
Ep 401 | 드론3 목적지63 | 1000스텝 | 배송 55/63 | 재적재  9 | 중계율 0.08 | alpha 1.031 | step_limit
Ep 402 | 드론3 목적지32 |  693스텝 | 배송 32/32 | 재적재  5 | 중계율 0.13 | alpha 1.044 | complete
Ep 403 | 드론3 목적지76 | 1000스텝 | 배송 61/76 | 재적재 11 | 중계율 0.10 | alpha 1.061 | step_limit
Ep 404 | 드론4 목적지23 |  452스텝 | 배송 23/23 | 재적재  3 | 중계율 0.09 | alpha 1.066 | complete
Ep 405 | 드론3 목적지67 | 1000스텝 | 배송 52/67 | 재적재  9 | 중계율 0.14 | alpha 1.073 | step_limit
Ep 406 | 드론3 목적지48 |  802스텝 | 배송 48/48 | 재적재  8 | 중계율 0.09 | alpha 1.089 | complete
Ep 407 | 드론3 목적지72 | 1000스텝 | 배송 55/72 | 재적재 10 | 중계율 0.09 | alpha 1.105 | step_limit
Ep 408 | 드론4 목적지79 | 1000스텝 | 배송 64/79 | 재적재 11 | 중계율 0.19 | alpha 1.137 | step_limit
Ep 409 | 드론4 목적지28 |  496스텝 | 배송 28/28 | 재적재  4 | 중계율 0.06 | alpha 1.146 | complete
Ep 410 | 드론4 목적지46 |  934스텝 | 배송 46/46 | 재적재  8 | 중계율 0.15 | alpha 1.175 | complete
Ep 411 | 드론4 목적지69 | 1000스텝 | 배송 64/69 | 재적재 11 | 중계율 0.14 | alpha 1.190 | step_limit
Ep 412 | 드론3 목적지47 | 1000스텝 | 배송 40/47 | 재적재  7 | 중계율 0.15 | alpha 1.220 | step_limit
Ep 413 | 드론4 목적지45 |  869스텝 | 배송 45/45 | 재적재  8 | 중계율 0.14 | alpha 1.243 | complete
Ep 414 | 드론3 목적지76 | 1000스텝 | 배송 63/76 | 재적재 12 | 중계율 0.09 | alpha 1.261 | step_limit
Ep 415 | 드론3 목적지79 | 1000스텝 | 배송 52/79 | 재적재  9 | 중계율 0.08 | alpha 1.263 | step_limit
Ep 416 | 드론3 목적지20 |  658스텝 | 배송 20/20 | 재적재  3 | 중계율 0.11 | alpha 1.275 | complete
Ep 417 | 드론3 목적지45 |  819스텝 | 배송 45/45 | 재적재  8 | 중계율 0.10 | alpha 1.281 | complete
Ep 418 | 드론3 목적지75 | 1000스텝 | 배송 65/75 | 재적재 11 | 중계율 0.14 | alpha 1.301 | step_limit
Ep 419 | 드론4 목적지78 | 1000스텝 | 배송 68/78 | 재적재 12 | 중계율 0.17 | alpha 1.284 | step_limit
Ep 420 | 드론4 목적지33 |  530스텝 | 배송 33/33 | 재적재  5 | 중계율 0.10 | alpha 1.280 | complete
Ep 421 | 드론3 목적지62 | 1000스텝 | 배송 54/62 | 재적재  9 | 중계율 0.17 | alpha 1.283 | step_limit
Ep 422 | 드론4 목적지51 |  921스텝 | 배송 51/51 | 재적재  8 | 중계율 0.22 | alpha 1.288 | complete
Ep 423 | 드론3 목적지44 |  936스텝 | 배송 44/44 | 재적재  8 | 중계율 0.18 | alpha 1.293 | complete
Ep 424 | 드론3 목적지33 |  883스텝 | 배송 33/33 | 재적재  6 | 중계율 0.18 | alpha 1.296 | complete
Ep 425 | 드론3 목적지33 |  484스텝 | 배송 33/33 | 재적재  6 | 중계율 0.02 | alpha 1.298 | complete
Ep 426 | 드론4 목적지24 |  430스텝 | 배송 24/24 | 재적재  4 | 중계율 0.12 | alpha 1.296 | complete
Ep 427 | 드론3 목적지64 | 1000스텝 | 배송 44/64 | 재적재  8 | 중계율 0.14 | alpha 1.287 | step_limit
Ep 428 | 드론4 목적지53 | 1000스텝 | 배송 49/53 | 재적재  9 | 중계율 0.11 | alpha 1.290 | step_limit
Ep 429 | 드론3 목적지36 | 1000스텝 | 배송 31/36 | 재적재  6 | 중계율 0.16 | alpha 1.297 | step_limit
Ep 430 | 드론4 목적지48 |  810스텝 | 배송 48/48 | 재적재  8 | 중계율 0.17 | alpha 1.298 | complete
Ep 431 | 드론3 목적지56 | 1000스텝 | 배송 40/56 | 재적재  7 | 중계율 0.12 | alpha 1.293 | step_limit
Ep 432 | 드론3 목적지45 | 1000스텝 | 배송 43/45 | 재적재  7 | 중계율 0.11 | alpha 1.286 | step_limit
Ep 433 | 드론4 목적지25 |  495스텝 | 배송 25/25 | 재적재  4 | 중계율 0.11 | alpha 1.277 | complete
Ep 434 | 드론3 목적지58 | 1000스텝 | 배송 57/58 | 재적재 10 | 중계율 0.18 | alpha 1.274 | step_limit
Ep 435 | 드론3 목적지72 | 1000스텝 | 배송 46/72 | 재적재  9 | 중계율 0.15 | alpha 1.265 | step_limit
Ep 436 | 드론3 목적지71 | 1000스텝 | 배송 54/71 | 재적재 10 | 중계율 0.08 | alpha 1.265 | step_limit
Ep 437 | 드론3 목적지53 | 1000스텝 | 배송 39/53 | 재적재  7 | 중계율 0.14 | alpha 1.263 | step_limit
Ep 438 | 드론4 목적지31 |  674스텝 | 배송 31/31 | 재적재  4 | 중계율 0.17 | alpha 1.274 | complete
Ep 439 | 드론4 목적지77 | 1000스텝 | 배송 72/77 | 재적재 13 | 중계율 0.08 | alpha 1.276 | step_limit
Ep 440 | 드론3 목적지73 | 1000스텝 | 배송 56/73 | 재적재 10 | 중계율 0.12 | alpha 1.284 | step_limit
Ep 441 | 드론4 목적지27 |  337스텝 | 배송 27/27 | 재적재  4 | 중계율 0.10 | alpha 1.285 | complete
Ep 442 | 드론3 목적지20 |  480스텝 | 배송 20/20 | 재적재  3 | 중계율 0.07 | alpha 1.282 | complete
Ep 443 | 드론4 목적지73 |  930스텝 | 배송 73/73 | 재적재 14 | 중계율 0.08 | alpha 1.294 | complete
Ep 444 | 드론3 목적지56 |  861스텝 | 배송 56/56 | 재적재 10 | 중계율 0.10 | alpha 1.296 | complete
Ep 445 | 드론4 목적지20 |  515스텝 | 배송 20/20 | 재적재  3 | 중계율 0.15 | alpha 1.302 | complete
Ep 446 | 드론3 목적지26 | 1000스텝 | 배송 24/26 | 재적재  4 | 중계율 0.15 | alpha 1.315 | step_limit
Ep 447 | 드론3 목적지41 | 1000스텝 | 배송 35/41 | 재적재  7 | 중계율 0.07 | alpha 1.327 | step_limit
Ep 448 | 드론4 목적지73 |  851스텝 | 배송 73/73 | 재적재 13 | 중계율 0.08 | alpha 1.346 | complete
Ep 449 | 드론3 목적지56 | 1000스텝 | 배송 45/56 | 재적재  7 | 중계율 0.11 | alpha 1.355 | step_limit
Ep 450 | 드론3 목적지35 | 1000스텝 | 배송 29/35 | 재적재  4 | 중계율 0.10 | alpha 1.347 | step_limit
  [홀드아웃] 배송 49.4±2.5 완주 0.90 스텝 1031 점수 116.3 재적재 8.2 2홉+ 0.63 | 최고 124.2@ep350 정체 2/15
Ep 451 | 드론4 목적지77 |  693스텝 | 배송 77/77 | 재적재 14 | 중계율 0.04 | alpha 1.345 | complete
Ep 452 | 드론3 목적지22 |  507스텝 | 배송 22/22 | 재적재  3 | 중계율 0.12 | alpha 1.352 | complete
Ep 453 | 드론4 목적지47 |  648스텝 | 배송 47/47 | 재적재  8 | 중계율 0.08 | alpha 1.359 | complete
Ep 454 | 드론4 목적지72 | 1000스텝 | 배송 71/72 | 재적재 13 | 중계율 0.12 | alpha 1.364 | step_limit
Ep 455 | 드론4 목적지63 | 1000스텝 | 배송 58/63 | 재적재 10 | 중계율 0.14 | alpha 1.368 | step_limit
Ep 456 | 드론3 목적지73 | 1000스텝 | 배송 57/73 | 재적재 10 | 중계율 0.10 | alpha 1.366 | step_limit
Ep 457 | 드론4 목적지36 |  753스텝 | 배송 36/36 | 재적재  5 | 중계율 0.15 | alpha 1.364 | complete
Ep 458 | 드론4 목적지78 | 1000스텝 | 배송 77/78 | 재적재 14 | 중계율 0.09 | alpha 1.360 | step_limit
Ep 459 | 드론4 목적지45 |  831스텝 | 배송 45/45 | 재적재  8 | 중계율 0.12 | alpha 1.362 | complete
Ep 460 | 드론3 목적지70 | 1000스텝 | 배송 50/70 | 재적재  9 | 중계율 0.13 | alpha 1.361 | step_limit
Ep 461 | 드론3 목적지39 |  952스텝 | 배송 39/39 | 재적재  7 | 중계율 0.10 | alpha 1.354 | complete
Ep 462 | 드론4 목적지62 | 1000스텝 | 배송 60/62 | 재적재 11 | 중계율 0.12 | alpha 1.338 | step_limit
Ep 463 | 드론3 목적지67 | 1000스텝 | 배송 60/67 | 재적재 11 | 중계율 0.09 | alpha 1.341 | step_limit
Ep 464 | 드론3 목적지33 |  630스텝 | 배송 33/33 | 재적재  4 | 중계율 0.06 | alpha 1.344 | complete
Ep 465 | 드론4 목적지80 | 1000스텝 | 배송 72/80 | 재적재 12 | 중계율 0.15 | alpha 1.331 | step_limit
Ep 466 | 드론4 목적지42 |  722스텝 | 배송 42/42 | 재적재  6 | 중계율 0.13 | alpha 1.328 | complete
Ep 467 | 드론3 목적지63 | 1000스텝 | 배송 52/63 | 재적재 10 | 중계율 0.08 | alpha 1.327 | step_limit
Ep 468 | 드론3 목적지78 | 1000스텝 | 배송 66/78 | 재적재 12 | 중계율 0.14 | alpha 1.318 | step_limit
Ep 469 | 드론4 목적지48 |  700스텝 | 배송 48/48 | 재적재  7 | 중계율 0.05 | alpha 1.334 | complete
Ep 470 | 드론4 목적지70 | 1000스텝 | 배송 69/70 | 재적재 12 | 중계율 0.11 | alpha 1.337 | step_limit
Ep 471 | 드론3 목적지24 |  528스텝 | 배송 24/24 | 재적재  4 | 중계율 0.09 | alpha 1.334 | complete
Ep 472 | 드론4 목적지62 | 1000스텝 | 배송 56/62 | 재적재  9 | 중계율 0.10 | alpha 1.332 | step_limit
Ep 473 | 드론3 목적지30 | 1000스텝 | 배송 29/30 | 재적재  5 | 중계율 0.09 | alpha 1.335 | step_limit
Ep 474 | 드론3 목적지37 | 1000스텝 | 배송 32/37 | 재적재  5 | 중계율 0.14 | alpha 1.344 | step_limit
Ep 475 | 드론3 목적지71 | 1000스텝 | 배송 51/71 | 재적재  9 | 중계율 0.08 | alpha 1.348 | step_limit
Ep 476 | 드론3 목적지29 |  993스텝 | 배송 29/29 | 재적재  4 | 중계율 0.12 | alpha 1.338 | complete
Ep 477 | 드론3 목적지36 | 1000스텝 | 배송 33/36 | 재적재  6 | 중계율 0.17 | alpha 1.327 | step_limit
Ep 478 | 드론3 목적지52 | 1000스텝 | 배송 47/52 | 재적재  9 | 중계율 0.14 | alpha 1.329 | step_limit
Ep 479 | 드론4 목적지75 | 1000스텝 | 배송 66/75 | 재적재 11 | 중계율 0.13 | alpha 1.330 | step_limit
Ep 480 | 드론4 목적지64 |  801스텝 | 배송 64/64 | 재적재 12 | 중계율 0.05 | alpha 1.336 | complete
Ep 481 | 드론3 목적지70 | 1000스텝 | 배송 58/70 | 재적재 10 | 중계율 0.13 | alpha 1.342 | step_limit
Ep 482 | 드론4 목적지39 |  701스텝 | 배송 39/39 | 재적재  6 | 중계율 0.11 | alpha 1.347 | complete
Ep 483 | 드론4 목적지51 |  771스텝 | 배송 51/51 | 재적재  9 | 중계율 0.10 | alpha 1.341 | complete
Ep 484 | 드론4 목적지43 |  627스텝 | 배송 43/43 | 재적재  7 | 중계율 0.14 | alpha 1.342 | complete
Ep 485 | 드론3 목적지36 | 1000스텝 | 배송 35/36 | 재적재  6 | 중계율 0.16 | alpha 1.331 | step_limit
Ep 486 | 드론3 목적지53 | 1000스텝 | 배송 38/53 | 재적재  7 | 중계율 0.10 | alpha 1.338 | step_limit
Ep 487 | 드론4 목적지34 |  564스텝 | 배송 34/34 | 재적재  5 | 중계율 0.11 | alpha 1.335 | complete
Ep 488 | 드론3 목적지73 | 1000스텝 | 배송 54/73 | 재적재  9 | 중계율 0.09 | alpha 1.333 | step_limit
Ep 489 | 드론4 목적지52 |  787스텝 | 배송 52/52 | 재적재  9 | 중계율 0.09 | alpha 1.344 | complete
Ep 490 | 드론4 목적지40 |  721스텝 | 배송 40/40 | 재적재  7 | 중계율 0.07 | alpha 1.348 | complete
Ep 491 | 드론3 목적지47 |  946스텝 | 배송 47/47 | 재적재  8 | 중계율 0.07 | alpha 1.348 | complete
Ep 492 | 드론3 목적지71 | 1000스텝 | 배송 56/71 | 재적재 10 | 중계율 0.14 | alpha 1.362 | step_limit
Ep 493 | 드론3 목적지46 |  884스텝 | 배송 46/46 | 재적재  8 | 중계율 0.09 | alpha 1.367 | complete
Ep 494 | 드론3 목적지47 | 1000스텝 | 배송 41/47 | 재적재  7 | 중계율 0.15 | alpha 1.361 | step_limit
Ep 495 | 드론3 목적지45 | 1000스텝 | 배송 43/45 | 재적재  8 | 중계율 0.13 | alpha 1.373 | step_limit
Ep 496 | 드론4 목적지65 |  799스텝 | 배송 65/65 | 재적재 12 | 중계율 0.07 | alpha 1.375 | complete
Ep 497 | 드론3 목적지35 | 1000스텝 | 배송 31/35 | 재적재  5 | 중계율 0.14 | alpha 1.387 | step_limit
Ep 498 | 드론4 목적지39 | 1000스텝 | 배송 38/39 | 재적재  6 | 중계율 0.19 | alpha 1.402 | step_limit
Ep 499 | 드론4 목적지28 |  643스텝 | 배송 28/28 | 재적재  4 | 중계율 0.12 | alpha 1.397 | complete
Ep 500 | 드론3 목적지49 |  932스텝 | 배송 49/49 | 재적재  9 | 중계율 0.15 | alpha 1.399 | complete
  [홀드아웃] 배송 50.0±0.2 완주 0.97 스텝 991 점수 124.3 재적재 8.4 2홉+ 0.61 | 최고 124.3@ep500 정체 0/15  ← 갱신
Ep 501 | 드론4 목적지26 |  470스텝 | 배송 26/26 | 재적재  4 | 중계율 0.16 | alpha 1.403 | complete
Ep 502 | 드론4 목적지69 | 1000스텝 | 배송 65/69 | 재적재 11 | 중계율 0.09 | alpha 1.388 | step_limit
Ep 503 | 드론4 목적지44 |  654스텝 | 배송 44/44 | 재적재  7 | 중계율 0.07 | alpha 1.389 | complete
Ep 504 | 드론4 목적지34 |  886스텝 | 배송 34/34 | 재적재  5 | 중계율 0.17 | alpha 1.395 | complete
Ep 505 | 드론4 목적지77 | 1000스텝 | 배송 52/77 | 재적재  9 | 중계율 0.15 | alpha 1.404 | step_limit
Ep 506 | 드론4 목적지55 |  756스텝 | 배송 55/55 | 재적재  9 | 중계율 0.07 | alpha 1.406 | complete
Ep 507 | 드론3 목적지61 | 1000스텝 | 배송 56/61 | 재적재 10 | 중계율 0.05 | alpha 1.414 | step_limit
Ep 508 | 드론3 목적지24 |  537스텝 | 배송 24/24 | 재적재  4 | 중계율 0.09 | alpha 1.412 | complete
Ep 509 | 드론3 목적지48 | 1000스텝 | 배송 37/48 | 재적재  6 | 중계율 0.14 | alpha 1.403 | step_limit
Ep 510 | 드론4 목적지71 | 1000스텝 | 배송 60/71 | 재적재 11 | 중계율 0.12 | alpha 1.387 | step_limit
Ep 511 | 드론4 목적지39 |  644스텝 | 배송 39/39 | 재적재  7 | 중계율 0.11 | alpha 1.387 | complete
Ep 512 | 드론4 목적지29 |  402스텝 | 배송 29/29 | 재적재  4 | 중계율 0.09 | alpha 1.385 | complete
Ep 513 | 드론4 목적지46 |  966스텝 | 배송 46/46 | 재적재  8 | 중계율 0.10 | alpha 1.381 | complete
Ep 514 | 드론3 목적지49 | 1000스텝 | 배송 44/49 | 재적재  7 | 중계율 0.12 | alpha 1.387 | step_limit
Ep 515 | 드론3 목적지70 | 1000스텝 | 배송 63/70 | 재적재 11 | 중계율 0.13 | alpha 1.381 | step_limit
Ep 516 | 드론4 목적지63 | 1000스텝 | 배송 57/63 | 재적재 10 | 중계율 0.15 | alpha 1.373 | step_limit
Ep 517 | 드론4 목적지44 |  747스텝 | 배송 44/44 | 재적재  8 | 중계율 0.10 | alpha 1.365 | complete
Ep 518 | 드론3 목적지57 | 1000스텝 | 배송 46/57 | 재적재  8 | 중계율 0.17 | alpha 1.389 | step_limit
Ep 519 | 드론4 목적지34 |  521스텝 | 배송 34/34 | 재적재  5 | 중계율 0.12 | alpha 1.392 | complete
Ep 520 | 드론3 목적지68 | 1000스텝 | 배송 61/68 | 재적재 11 | 중계율 0.07 | alpha 1.399 | step_limit
Ep 521 | 드론4 목적지71 | 1000스텝 | 배송 56/71 | 재적재  9 | 중계율 0.16 | alpha 1.411 | step_limit
Ep 522 | 드론3 목적지72 | 1000스텝 | 배송 59/72 | 재적재 10 | 중계율 0.12 | alpha 1.418 | step_limit
Ep 523 | 드론3 목적지27 |  605스텝 | 배송 27/27 | 재적재  5 | 중계율 0.07 | alpha 1.421 | complete
Ep 524 | 드론3 목적지37 | 1000스텝 | 배송 32/37 | 재적재  6 | 중계율 0.16 | alpha 1.423 | step_limit
Ep 525 | 드론3 목적지79 | 1000스텝 | 배송 57/79 | 재적재 11 | 중계율 0.09 | alpha 1.416 | step_limit
Ep 526 | 드론3 목적지39 | 1000스텝 | 배송 36/39 | 재적재  6 | 중계율 0.14 | alpha 1.433 | step_limit
Ep 527 | 드론3 목적지42 |  821스텝 | 배송 42/42 | 재적재  7 | 중계율 0.11 | alpha 1.425 | complete
Ep 528 | 드론3 목적지51 | 1000스텝 | 배송 49/51 | 재적재  8 | 중계율 0.08 | alpha 1.421 | step_limit
Ep 529 | 드론3 목적지21 |  386스텝 | 배송 21/21 | 재적재  3 | 중계율 0.07 | alpha 1.422 | complete
Ep 530 | 드론4 목적지34 |  568스텝 | 배송 34/34 | 재적재  5 | 중계율 0.13 | alpha 1.414 | complete
Ep 531 | 드론4 목적지64 |  850스텝 | 배송 64/64 | 재적재 11 | 중계율 0.10 | alpha 1.404 | complete
Ep 532 | 드론4 목적지78 | 1000스텝 | 배송 70/78 | 재적재 12 | 중계율 0.05 | alpha 1.421 | step_limit
Ep 533 | 드론4 목적지68 | 1000스텝 | 배송 65/68 | 재적재 11 | 중계율 0.14 | alpha 1.412 | step_limit
Ep 534 | 드론3 목적지25 |  613스텝 | 배송 25/25 | 재적재  3 | 중계율 0.18 | alpha 1.417 | complete
Ep 535 | 드론3 목적지25 |  816스텝 | 배송 25/25 | 재적재  3 | 중계율 0.15 | alpha 1.415 | complete
Ep 536 | 드론4 목적지71 |  790스텝 | 배송 71/71 | 재적재 12 | 중계율 0.07 | alpha 1.391 | complete
Ep 537 | 드론4 목적지31 |  843스텝 | 배송 31/31 | 재적재  5 | 중계율 0.17 | alpha 1.375 | complete
Ep 538 | 드론4 목적지55 |  888스텝 | 배송 55/55 | 재적재  9 | 중계율 0.18 | alpha 1.371 | complete
Ep 539 | 드론3 목적지46 |  999스텝 | 배송 46/46 | 재적재  8 | 중계율 0.16 | alpha 1.383 | complete
Ep 540 | 드론4 목적지50 |  987스텝 | 배송 50/50 | 재적재  8 | 중계율 0.05 | alpha 1.359 | complete
Ep 541 | 드론4 목적지25 |  330스텝 | 배송 25/25 | 재적재  4 | 중계율 0.10 | alpha 1.358 | complete
Ep 542 | 드론4 목적지65 | 1000스텝 | 배송 60/65 | 재적재 10 | 중계율 0.10 | alpha 1.361 | step_limit
Ep 543 | 드론3 목적지32 |  760스텝 | 배송 32/32 | 재적재  5 | 중계율 0.06 | alpha 1.373 | complete
Ep 544 | 드론4 목적지60 |  807스텝 | 배송 60/60 | 재적재 10 | 중계율 0.06 | alpha 1.391 | complete
Ep 545 | 드론3 목적지74 | 1000스텝 | 배송 63/74 | 재적재 11 | 중계율 0.11 | alpha 1.403 | step_limit
Ep 546 | 드론3 목적지45 | 1000스텝 | 배송 41/45 | 재적재  8 | 중계율 0.09 | alpha 1.412 | step_limit
Ep 547 | 드론3 목적지37 |  873스텝 | 배송 37/37 | 재적재  6 | 중계율 0.10 | alpha 1.408 | complete
Ep 548 | 드론3 목적지63 | 1000스텝 | 배송 60/63 | 재적재 11 | 중계율 0.08 | alpha 1.419 | step_limit
Ep 549 | 드론4 목적지55 |  745스텝 | 배송 55/55 | 재적재  9 | 중계율 0.09 | alpha 1.429 | complete
Ep 550 | 드론4 목적지30 |  555스텝 | 배송 30/30 | 재적재  4 | 중계율 0.12 | alpha 1.432 | complete
  [홀드아웃] 배송 49.7±1.2 완주 0.93 스텝 1008 점수 119.1 재적재 8.4 2홉+ 0.62 | 최고 124.3@ep500 정체 1/15
Ep 551 | 드론4 목적지33 |  307스텝 | 배송 33/33 | 재적재  4 | 중계율 0.03 | alpha 1.431 | complete
Ep 552 | 드론4 목적지71 |  829스텝 | 배송 71/71 | 재적재 12 | 중계율 0.07 | alpha 1.431 | complete
Ep 553 | 드론4 목적지68 | 1000스텝 | 배송 67/68 | 재적재 12 | 중계율 0.09 | alpha 1.419 | step_limit
Ep 554 | 드론3 목적지74 | 1000스텝 | 배송 55/74 | 재적재 10 | 중계율 0.12 | alpha 1.407 | step_limit
Ep 555 | 드론4 목적지59 | 1000스텝 | 배송 55/59 | 재적재  9 | 중계율 0.18 | alpha 1.416 | step_limit
Ep 556 | 드론4 목적지41 |  878스텝 | 배송 41/41 | 재적재  6 | 중계율 0.17 | alpha 1.404 | complete
Ep 557 | 드론3 목적지71 | 1000스텝 | 배송 67/71 | 재적재 12 | 중계율 0.06 | alpha 1.400 | step_limit
Ep 558 | 드론4 목적지50 |  855스텝 | 배송 50/50 | 재적재  9 | 중계율 0.12 | alpha 1.393 | complete
Ep 559 | 드론4 목적지57 |  969스텝 | 배송 57/57 | 재적재 10 | 중계율 0.10 | alpha 1.387 | complete
Ep 560 | 드론4 목적지42 |  520스텝 | 배송 42/42 | 재적재  7 | 중계율 0.07 | alpha 1.371 | complete
Ep 561 | 드론4 목적지27 |  607스텝 | 배송 27/27 | 재적재  4 | 중계율 0.11 | alpha 1.365 | complete
Ep 562 | 드론4 목적지47 | 1000스텝 | 배송 45/47 | 재적재  7 | 중계율 0.12 | alpha 1.369 | step_limit
Ep 563 | 드론3 목적지78 | 1000스텝 | 배송 61/78 | 재적재 12 | 중계율 0.10 | alpha 1.364 | step_limit
Ep 564 | 드론4 목적지30 |  443스텝 | 배송 30/30 | 재적재  4 | 중계율 0.07 | alpha 1.365 | complete
Ep 565 | 드론4 목적지22 |  463스텝 | 배송 22/22 | 재적재  3 | 중계율 0.10 | alpha 1.367 | complete
Ep 566 | 드론3 목적지49 | 1000스텝 | 배송 47/49 | 재적재  8 | 중계율 0.12 | alpha 1.359 | step_limit
Ep 567 | 드론3 목적지78 | 1000스텝 | 배송 62/78 | 재적재 11 | 중계율 0.13 | alpha 1.344 | step_limit
Ep 568 | 드론4 목적지67 | 1000스텝 | 배송 56/67 | 재적재 10 | 중계율 0.18 | alpha 1.325 | step_limit
Ep 569 | 드론4 목적지70 |  902스텝 | 배송 70/70 | 재적재 13 | 중계율 0.10 | alpha 1.327 | complete
Ep 570 | 드론3 목적지72 | 1000스텝 | 배송 61/72 | 재적재 11 | 중계율 0.10 | alpha 1.331 | step_limit
Ep 571 | 드론4 목적지49 |  697스텝 | 배송 49/49 | 재적재  8 | 중계율 0.08 | alpha 1.334 | complete
Ep 572 | 드론4 목적지75 | 1000스텝 | 배송 67/75 | 재적재 11 | 중계율 0.08 | alpha 1.337 | step_limit
Ep 573 | 드론4 목적지66 | 1000스텝 | 배송 65/66 | 재적재 12 | 중계율 0.11 | alpha 1.344 | step_limit
Ep 574 | 드론4 목적지44 |  721스텝 | 배송 44/44 | 재적재  8 | 중계율 0.07 | alpha 1.338 | complete
Ep 575 | 드론4 목적지78 |  992스텝 | 배송 78/78 | 재적재 14 | 중계율 0.10 | alpha 1.329 | complete
Ep 576 | 드론3 목적지69 | 1000스텝 | 배송 55/69 | 재적재 10 | 중계율 0.14 | alpha 1.342 | step_limit
Ep 577 | 드론4 목적지24 |  347스텝 | 배송 24/24 | 재적재  4 | 중계율 0.07 | alpha 1.344 | complete
Ep 578 | 드론4 목적지32 |  579스텝 | 배송 32/32 | 재적재  5 | 중계율 0.10 | alpha 1.352 | complete
Ep 579 | 드론4 목적지26 |  400스텝 | 배송 26/26 | 재적재  4 | 중계율 0.06 | alpha 1.364 | complete
Ep 580 | 드론4 목적지60 |  978스텝 | 배송 60/60 | 재적재 10 | 중계율 0.10 | alpha 1.382 | complete
Ep 581 | 드론3 목적지47 | 1000스텝 | 배송 40/47 | 재적재  6 | 중계율 0.10 | alpha 1.405 | step_limit
Ep 582 | 드론3 목적지36 |  857스텝 | 배송 36/36 | 재적재  6 | 중계율 0.08 | alpha 1.418 | complete
Ep 583 | 드론4 목적지65 | 1000스텝 | 배송 59/65 | 재적재 11 | 중계율 0.11 | alpha 1.447 | step_limit
Ep 584 | 드론3 목적지54 | 1000스텝 | 배송 50/54 | 재적재  9 | 중계율 0.09 | alpha 1.454 | step_limit
Ep 585 | 드론4 목적지72 | 1000스텝 | 배송 67/72 | 재적재 13 | 중계율 0.08 | alpha 1.465 | step_limit
Ep 586 | 드론4 목적지37 |  669스텝 | 배송 37/37 | 재적재  6 | 중계율 0.09 | alpha 1.471 | complete
Ep 587 | 드론3 목적지49 | 1000스텝 | 배송 34/49 | 재적재  5 | 중계율 0.14 | alpha 1.470 | step_limit
Ep 588 | 드론3 목적지57 | 1000스텝 | 배송 50/57 | 재적재  9 | 중계율 0.14 | alpha 1.480 | step_limit
Ep 589 | 드론3 목적지50 | 1000스텝 | 배송 42/50 | 재적재  8 | 중계율 0.10 | alpha 1.487 | step_limit
Ep 590 | 드론3 목적지47 |  959스텝 | 배송 47/47 | 재적재  8 | 중계율 0.11 | alpha 1.458 | complete
Ep 591 | 드론4 목적지64 | 1000스텝 | 배송 57/64 | 재적재 11 | 중계율 0.14 | alpha 1.435 | step_limit
Ep 592 | 드론4 목적지22 |  399스텝 | 배송 22/22 | 재적재  3 | 중계율 0.09 | alpha 1.430 | complete
Ep 593 | 드론4 목적지51 |  929스텝 | 배송 51/51 | 재적재  9 | 중계율 0.15 | alpha 1.432 | complete
Ep 594 | 드론3 목적지40 | 1000스텝 | 배송 38/40 | 재적재  6 | 중계율 0.15 | alpha 1.420 | step_limit
Ep 595 | 드론4 목적지26 |  410스텝 | 배송 26/26 | 재적재  3 | 중계율 0.07 | alpha 1.423 | complete
Ep 596 | 드론4 목적지26 |  329스텝 | 배송 26/26 | 재적재  4 | 중계율 0.01 | alpha 1.424 | complete
Ep 597 | 드론3 목적지21 | 1000스텝 | 배송 20/21 | 재적재  3 | 중계율 0.18 | alpha 1.411 | step_limit
Ep 598 | 드론3 목적지23 |  732스텝 | 배송 23/23 | 재적재  4 | 중계율 0.14 | alpha 1.404 | complete
Ep 599 | 드론3 목적지77 | 1000스텝 | 배송 60/77 | 재적재 11 | 중계율 0.10 | alpha 1.396 | step_limit
Ep 600 | 드론4 목적지68 | 1000스텝 | 배송 55/68 | 재적재 10 | 중계율 0.16 | alpha 1.396 | step_limit
  [홀드아웃] 배송 49.7±1.1 완주 0.94 스텝 958 점수 121.0 재적재 8.4 2홉+ 0.62 | 최고 124.3@ep500 정체 2/15
Ep 601 | 드론3 목적지20 |  640스텝 | 배송 20/20 | 재적재  3 | 중계율 0.09 | alpha 1.394 | complete
Ep 602 | 드론4 목적지72 |  978스텝 | 배송 72/72 | 재적재 13 | 중계율 0.06 | alpha 1.378 | complete
Ep 603 | 드론4 목적지60 | 1000스텝 | 배송 58/60 | 재적재 10 | 중계율 0.07 | alpha 1.375 | step_limit
Ep 604 | 드론4 목적지68 |  683스텝 | 배송 68/68 | 재적재 11 | 중계율 0.05 | alpha 1.376 | complete
Ep 605 | 드론3 목적지73 | 1000스텝 | 배송 55/73 | 재적재 10 | 중계율 0.11 | alpha 1.359 | step_limit
Ep 606 | 드론4 목적지51 |  828스텝 | 배송 51/51 | 재적재  9 | 중계율 0.14 | alpha 1.356 | complete
Ep 607 | 드론3 목적지48 | 1000스텝 | 배송 37/48 | 재적재  7 | 중계율 0.10 | alpha 1.359 | step_limit
Ep 608 | 드론4 목적지67 |  699스텝 | 배송 67/67 | 재적재 11 | 중계율 0.07 | alpha 1.354 | complete
Ep 609 | 드론3 목적지51 | 1000스텝 | 배송 45/51 | 재적재  8 | 중계율 0.12 | alpha 1.346 | step_limit
Ep 610 | 드론3 목적지72 | 1000스텝 | 배송 67/72 | 재적재 12 | 중계율 0.08 | alpha 1.346 | step_limit
Ep 611 | 드론3 목적지77 | 1000스텝 | 배송 64/77 | 재적재 12 | 중계율 0.12 | alpha 1.353 | step_limit
Ep 612 | 드론3 목적지42 | 1000스텝 | 배송 38/42 | 재적재  6 | 중계율 0.15 | alpha 1.351 | step_limit
Ep 613 | 드론3 목적지40 |  579스텝 | 배송 40/40 | 재적재  6 | 중계율 0.06 | alpha 1.357 | complete
Ep 614 | 드론3 목적지42 |  804스텝 | 배송 42/42 | 재적재  7 | 중계율 0.08 | alpha 1.357 | complete
Ep 615 | 드론3 목적지80 | 1000스텝 | 배송 65/80 | 재적재 11 | 중계율 0.06 | alpha 1.350 | step_limit
Ep 616 | 드론4 목적지26 |  906스텝 | 배송 26/26 | 재적재  4 | 중계율 0.10 | alpha 1.348 | complete
Ep 617 | 드론4 목적지75 | 1000스텝 | 배송 71/75 | 재적재 13 | 중계율 0.14 | alpha 1.343 | step_limit
Ep 618 | 드론3 목적지50 | 1000스텝 | 배송 46/50 | 재적재  8 | 중계율 0.11 | alpha 1.356 | step_limit
Ep 619 | 드론4 목적지71 |  998스텝 | 배송 71/71 | 재적재 13 | 중계율 0.10 | alpha 1.364 | complete
Ep 620 | 드론4 목적지55 |  934스텝 | 배송 55/55 | 재적재 10 | 중계율 0.12 | alpha 1.371 | complete
Ep 621 | 드론3 목적지79 | 1000스텝 | 배송 56/79 | 재적재 10 | 중계율 0.14 | alpha 1.368 | step_limit
Ep 622 | 드론4 목적지56 | 1000스텝 | 배송 51/56 | 재적재  9 | 중계율 0.20 | alpha 1.359 | step_limit
Ep 623 | 드론3 목적지33 |  745스텝 | 배송 33/33 | 재적재  5 | 중계율 0.12 | alpha 1.349 | complete
Ep 624 | 드론3 목적지72 | 1000스텝 | 배송 54/72 | 재적재 10 | 중계율 0.12 | alpha 1.334 | step_limit
Ep 625 | 드론4 목적지47 | 1000스텝 | 배송 46/47 | 재적재  8 | 중계율 0.15 | alpha 1.322 | step_limit
Ep 626 | 드론3 목적지52 | 1000스텝 | 배송 42/52 | 재적재  6 | 중계율 0.12 | alpha 1.313 | step_limit
Ep 627 | 드론4 목적지66 | 1000스텝 | 배송 60/66 | 재적재 11 | 중계율 0.12 | alpha 1.327 | step_limit
Ep 628 | 드론3 목적지42 | 1000스텝 | 배송 41/42 | 재적재  7 | 중계율 0.12 | alpha 1.345 | step_limit
Ep 629 | 드론3 목적지31 |  892스텝 | 배송 31/31 | 재적재  5 | 중계율 0.10 | alpha 1.357 | complete
Ep 630 | 드론3 목적지65 | 1000스텝 | 배송 54/65 | 재적재 10 | 중계율 0.13 | alpha 1.376 | step_limit
Ep 631 | 드론3 목적지20 |  675스텝 | 배송 20/20 | 재적재  3 | 중계율 0.14 | alpha 1.388 | complete
Ep 632 | 드론3 목적지38 | 1000스텝 | 배송 35/38 | 재적재  6 | 중계율 0.14 | alpha 1.393 | step_limit
Ep 633 | 드론4 목적지67 |  841스텝 | 배송 67/67 | 재적재 11 | 중계율 0.05 | alpha 1.415 | complete
Ep 634 | 드론4 목적지47 |  770스텝 | 배송 47/47 | 재적재  8 | 중계율 0.09 | alpha 1.418 | complete
Ep 635 | 드론4 목적지30 |  338스텝 | 배송 30/30 | 재적재  3 | 중계율 0.06 | alpha 1.418 | complete
Ep 636 | 드론3 목적지29 |  825스텝 | 배송 29/29 | 재적재  4 | 중계율 0.11 | alpha 1.423 | complete
Ep 637 | 드론3 목적지71 | 1000스텝 | 배송 55/71 | 재적재 10 | 중계율 0.09 | alpha 1.412 | step_limit
Ep 638 | 드론4 목적지73 | 1000스텝 | 배송 71/73 | 재적재 13 | 중계율 0.09 | alpha 1.410 | step_limit
Ep 639 | 드론4 목적지79 | 1000스텝 | 배송 61/79 | 재적재 12 | 중계율 0.15 | alpha 1.419 | step_limit
Ep 640 | 드론3 목적지22 |  924스텝 | 배송 22/22 | 재적재  3 | 중계율 0.05 | alpha 1.399 | complete
Ep 641 | 드론4 목적지77 |  949스텝 | 배송 77/77 | 재적재 14 | 중계율 0.15 | alpha 1.401 | complete
Ep 642 | 드론4 목적지26 |  430스텝 | 배송 26/26 | 재적재  4 | 중계율 0.09 | alpha 1.398 | complete
Ep 643 | 드론4 목적지30 |  472스텝 | 배송 30/30 | 재적재  4 | 중계율 0.08 | alpha 1.391 | complete
Ep 644 | 드론3 목적지77 | 1000스텝 | 배송 55/77 | 재적재 10 | 중계율 0.05 | alpha 1.397 | step_limit
Ep 645 | 드론3 목적지34 |  902스텝 | 배송 34/34 | 재적재  6 | 중계율 0.11 | alpha 1.401 | complete
Ep 646 | 드론4 목적지34 |  506스텝 | 배송 34/34 | 재적재  6 | 중계율 0.09 | alpha 1.399 | complete
Ep 647 | 드론3 목적지37 |  835스텝 | 배송 37/37 | 재적재  7 | 중계율 0.09 | alpha 1.403 | complete
Ep 648 | 드론3 목적지55 |  964스텝 | 배송 55/55 | 재적재 10 | 중계율 0.07 | alpha 1.398 | complete
Ep 649 | 드론3 목적지20 |  651스텝 | 배송 20/20 | 재적재  3 | 중계율 0.13 | alpha 1.410 | complete
Ep 650 | 드론4 목적지37 |  408스텝 | 배송 37/37 | 재적재  5 | 중계율 0.04 | alpha 1.407 | complete
  [홀드아웃] 배송 49.5±2.4 완주 0.88 스텝 994 점수 114.2 재적재 8.4 2홉+ 0.62 | 최고 124.3@ep500 정체 3/15
Ep 651 | 드론3 목적지77 | 1000스텝 | 배송 55/77 | 재적재 10 | 중계율 0.10 | alpha 1.413 | step_limit
Ep 652 | 드론4 목적지57 | 1000스텝 | 배송 50/57 | 재적재  8 | 중계율 0.10 | alpha 1.420 | step_limit
Ep 653 | 드론4 목적지38 |  663스텝 | 배송 38/38 | 재적재  6 | 중계율 0.13 | alpha 1.421 | complete
Ep 654 | 드론4 목적지45 |  571스텝 | 배송 45/45 | 재적재  7 | 중계율 0.05 | alpha 1.436 | complete
Ep 655 | 드론3 목적지40 |  992스텝 | 배송 40/40 | 재적재  7 | 중계율 0.14 | alpha 1.454 | complete
Ep 656 | 드론4 목적지31 |  587스텝 | 배송 31/31 | 재적재  5 | 중계율 0.12 | alpha 1.451 | complete
Ep 657 | 드론4 목적지26 |  657스텝 | 배송 26/26 | 재적재  4 | 중계율 0.16 | alpha 1.452 | complete
Ep 658 | 드론3 목적지39 | 1000스텝 | 배송 38/39 | 재적재  6 | 중계율 0.13 | alpha 1.447 | step_limit
Ep 659 | 드론3 목적지51 | 1000스텝 | 배송 43/51 | 재적재  8 | 중계율 0.11 | alpha 1.441 | step_limit
Ep 660 | 드론3 목적지51 |  882스텝 | 배송 51/51 | 재적재  8 | 중계율 0.09 | alpha 1.442 | complete
Ep 661 | 드론3 목적지38 |  796스텝 | 배송 24/38 | 재적재  3 | 중계율 0.17 | alpha 1.440 | no_progress
Ep 662 | 드론4 목적지43 | 1000스텝 | 배송 42/43 | 재적재  7 | 중계율 0.11 | alpha 1.428 | step_limit
Ep 663 | 드론4 목적지57 | 1000스텝 | 배송 55/57 | 재적재 10 | 중계율 0.11 | alpha 1.429 | step_limit
Ep 664 | 드론3 목적지27 |  652스텝 | 배송 27/27 | 재적재  4 | 중계율 0.06 | alpha 1.413 | complete
Ep 665 | 드론4 목적지59 |  887스텝 | 배송 59/59 | 재적재 11 | 중계율 0.10 | alpha 1.398 | complete
Ep 666 | 드론3 목적지72 | 1000스텝 | 배송 53/72 | 재적재 10 | 중계율 0.10 | alpha 1.398 | step_limit
Ep 667 | 드론4 목적지45 |  680스텝 | 배송 45/45 | 재적재  7 | 중계율 0.07 | alpha 1.384 | complete
Ep 668 | 드론3 목적지65 | 1000스텝 | 배송 50/65 | 재적재  9 | 중계율 0.07 | alpha 1.361 | step_limit
Ep 669 | 드론3 목적지66 | 1000스텝 | 배송 61/66 | 재적재 11 | 중계율 0.10 | alpha 1.350 | step_limit
Ep 670 | 드론4 목적지77 | 1000스텝 | 배송 63/77 | 재적재 11 | 중계율 0.10 | alpha 1.351 | step_limit
Ep 671 | 드론4 목적지58 | 1000스텝 | 배송 56/58 | 재적재 10 | 중계율 0.14 | alpha 1.352 | step_limit
Ep 672 | 드론3 목적지43 |  730스텝 | 배송 43/43 | 재적재  7 | 중계율 0.06 | alpha 1.348 | complete
Ep 673 | 드론4 목적지68 | 1000스텝 | 배송 65/68 | 재적재 11 | 중계율 0.08 | alpha 1.337 | step_limit
Ep 674 | 드론3 목적지52 | 1000스텝 | 배송 50/52 | 재적재  9 | 중계율 0.14 | alpha 1.332 | step_limit
Ep 675 | 드론3 목적지42 | 1000스텝 | 배송 35/42 | 재적재  5 | 중계율 0.17 | alpha 1.349 | step_limit
Ep 676 | 드론3 목적지45 |  838스텝 | 배송 45/45 | 재적재  8 | 중계율 0.08 | alpha 1.353 | complete
Ep 677 | 드론3 목적지41 |  806스텝 | 배송 41/41 | 재적재  7 | 중계율 0.08 | alpha 1.358 | complete
Ep 678 | 드론4 목적지79 | 1000스텝 | 배송 68/79 | 재적재 11 | 중계율 0.08 | alpha 1.368 | step_limit
Ep 679 | 드론3 목적지24 |  676스텝 | 배송 24/24 | 재적재  3 | 중계율 0.18 | alpha 1.366 | complete
Ep 680 | 드론3 목적지52 | 1000스텝 | 배송 44/52 | 재적재  8 | 중계율 0.16 | alpha 1.356 | step_limit
Ep 681 | 드론4 목적지77 |  911스텝 | 배송 77/77 | 재적재 13 | 중계율 0.12 | alpha 1.358 | complete
Ep 682 | 드론3 목적지49 | 1000스텝 | 배송 48/49 | 재적재  9 | 중계율 0.10 | alpha 1.338 | step_limit
Ep 683 | 드론4 목적지63 |  855스텝 | 배송 63/63 | 재적재 11 | 중계율 0.10 | alpha 1.335 | complete
Ep 684 | 드론3 목적지37 |  824스텝 | 배송 37/37 | 재적재  6 | 중계율 0.10 | alpha 1.330 | complete
Ep 685 | 드론4 목적지56 | 1000스텝 | 배송 53/56 | 재적재  9 | 중계율 0.14 | alpha 1.312 | step_limit
Ep 686 | 드론3 목적지28 |  598스텝 | 배송 28/28 | 재적재  5 | 중계율 0.06 | alpha 1.319 | complete
Ep 687 | 드론4 목적지77 | 1000스텝 | 배송 75/77 | 재적재 13 | 중계율 0.07 | alpha 1.330 | step_limit
Ep 688 | 드론3 목적지45 | 1000스텝 | 배송 39/45 | 재적재  7 | 중계율 0.12 | alpha 1.339 | step_limit
Ep 689 | 드론4 목적지70 | 1000스텝 | 배송 67/70 | 재적재 12 | 중계율 0.11 | alpha 1.347 | step_limit
Ep 690 | 드론4 목적지62 |  901스텝 | 배송 62/62 | 재적재 11 | 중계율 0.12 | alpha 1.355 | complete
Ep 691 | 드론3 목적지31 |  854스텝 | 배송 31/31 | 재적재  5 | 중계율 0.12 | alpha 1.365 | complete
Ep 692 | 드론4 목적지61 | 1000스텝 | 배송 59/61 | 재적재 10 | 중계율 0.10 | alpha 1.368 | step_limit
Ep 693 | 드론4 목적지60 |  983스텝 | 배송 60/60 | 재적재 11 | 중계율 0.13 | alpha 1.362 | complete
Ep 694 | 드론3 목적지33 |  807스텝 | 배송 33/33 | 재적재  5 | 중계율 0.11 | alpha 1.365 | complete
Ep 695 | 드론3 목적지29 |  805스텝 | 배송 29/29 | 재적재  4 | 중계율 0.09 | alpha 1.379 | complete
Ep 696 | 드론4 목적지28 |  454스텝 | 배송 28/28 | 재적재  4 | 중계율 0.08 | alpha 1.383 | complete
Ep 697 | 드론4 목적지35 |  646스텝 | 배송 35/35 | 재적재  6 | 중계율 0.10 | alpha 1.400 | complete
Ep 698 | 드론3 목적지32 |  782스텝 | 배송 32/32 | 재적재  5 | 중계율 0.13 | alpha 1.395 | complete
Ep 699 | 드론3 목적지62 | 1000스텝 | 배송 47/62 | 재적재  9 | 중계율 0.12 | alpha 1.392 | step_limit
Ep 700 | 드론3 목적지61 | 1000스텝 | 배송 53/61 | 재적재  9 | 중계율 0.09 | alpha 1.393 | step_limit
  [홀드아웃] 배송 48.5±3.7 완주 0.75 스텝 1027 점수 101.3 재적재 8.1 2홉+ 0.63 | 최고 124.3@ep500 정체 4/15
Ep 701 | 드론4 목적지72 | 1000스텝 | 배송 70/72 | 재적재 13 | 중계율 0.09 | alpha 1.399 | step_limit
Ep 702 | 드론4 목적지34 | 1000스텝 | 배송 33/34 | 재적재  6 | 중계율 0.16 | alpha 1.409 | step_limit
Ep 703 | 드론4 목적지32 |  475스텝 | 배송 32/32 | 재적재  5 | 중계율 0.06 | alpha 1.409 | complete
Ep 704 | 드론4 목적지74 |  947스텝 | 배송 74/74 | 재적재 12 | 중계율 0.09 | alpha 1.405 | complete
Ep 705 | 드론3 목적지38 |  963스텝 | 배송 38/38 | 재적재  6 | 중계율 0.06 | alpha 1.400 | complete
Ep 706 | 드론4 목적지30 |  531스텝 | 배송 30/30 | 재적재  4 | 중계율 0.06 | alpha 1.400 | complete
Ep 707 | 드론4 목적지31 |  536스텝 | 배송 31/31 | 재적재  5 | 중계율 0.14 | alpha 1.396 | complete
Ep 708 | 드론3 목적지63 | 1000스텝 | 배송 59/63 | 재적재 10 | 중계율 0.08 | alpha 1.392 | step_limit
Ep 709 | 드론3 목적지20 |  810스텝 | 배송 20/20 | 재적재  3 | 중계율 0.17 | alpha 1.388 | complete
Ep 710 | 드론4 목적지78 |  987스텝 | 배송 78/78 | 재적재 14 | 중계율 0.07 | alpha 1.375 | complete
Ep 711 | 드론4 목적지58 |  958스텝 | 배송 58/58 | 재적재 11 | 중계율 0.12 | alpha 1.358 | complete
Ep 712 | 드론3 목적지75 | 1000스텝 | 배송 67/75 | 재적재 12 | 중계율 0.09 | alpha 1.348 | step_limit
Ep 713 | 드론3 목적지69 | 1000스텝 | 배송 62/69 | 재적재 11 | 중계율 0.06 | alpha 1.338 | step_limit
Ep 714 | 드론3 목적지36 |  940스텝 | 배송 36/36 | 재적재  6 | 중계율 0.15 | alpha 1.340 | complete
Ep 715 | 드론3 목적지65 | 1000스텝 | 배송 55/65 | 재적재 10 | 중계율 0.10 | alpha 1.354 | step_limit
Ep 716 | 드론4 목적지36 |  532스텝 | 배송 36/36 | 재적재  5 | 중계율 0.08 | alpha 1.355 | complete
Ep 717 | 드론4 목적지56 | 1000스텝 | 배송 52/56 | 재적재 10 | 중계율 0.19 | alpha 1.343 | step_limit
Ep 718 | 드론3 목적지69 | 1000스텝 | 배송 61/69 | 재적재 11 | 중계율 0.09 | alpha 1.350 | step_limit
Ep 719 | 드론3 목적지21 |  444스텝 | 배송 21/21 | 재적재  3 | 중계율 0.06 | alpha 1.356 | complete
Ep 720 | 드론4 목적지45 |  583스텝 | 배송 45/45 | 재적재  8 | 중계율 0.07 | alpha 1.351 | complete
Ep 721 | 드론3 목적지30 |  814스텝 | 배송 30/30 | 재적재  5 | 중계율 0.11 | alpha 1.336 | complete
Ep 722 | 드론4 목적지47 |  675스텝 | 배송 47/47 | 재적재  8 | 중계율 0.09 | alpha 1.327 | complete
Ep 723 | 드론3 목적지51 | 1000스텝 | 배송 50/51 | 재적재  9 | 중계율 0.13 | alpha 1.311 | step_limit
Ep 724 | 드론4 목적지57 | 1000스텝 | 배송 56/57 | 재적재 10 | 중계율 0.10 | alpha 1.291 | step_limit
Ep 725 | 드론4 목적지29 |  425스텝 | 배송 29/29 | 재적재  4 | 중계율 0.08 | alpha 1.290 | complete
Ep 726 | 드론4 목적지69 | 1000스텝 | 배송 62/69 | 재적재 11 | 중계율 0.10 | alpha 1.281 | step_limit
Ep 727 | 드론4 목적지36 |  827스텝 | 배송 36/36 | 재적재  6 | 중계율 0.13 | alpha 1.278 | complete
Ep 728 | 드론3 목적지74 | 1000스텝 | 배송 57/74 | 재적재 10 | 중계율 0.10 | alpha 1.275 | step_limit
Ep 729 | 드론4 목적지64 | 1000스텝 | 배송 55/64 | 재적재 10 | 중계율 0.10 | alpha 1.273 | step_limit
Ep 730 | 드론3 목적지70 | 1000스텝 | 배송 61/70 | 재적재 12 | 중계율 0.09 | alpha 1.278 | step_limit
Ep 731 | 드론3 목적지48 |  977스텝 | 배송 48/48 | 재적재  8 | 중계율 0.08 | alpha 1.286 | complete
Ep 732 | 드론4 목적지37 | 1000스텝 | 배송 36/37 | 재적재  6 | 중계율 0.16 | alpha 1.291 | step_limit
Ep 733 | 드론4 목적지67 | 1000스텝 | 배송 66/67 | 재적재 12 | 중계율 0.11 | alpha 1.301 | step_limit
Ep 734 | 드론4 목적지54 | 1000스텝 | 배송 53/54 | 재적재  9 | 중계율 0.11 | alpha 1.312 | step_limit
Ep 735 | 드론4 목적지57 | 1000스텝 | 배송 56/57 | 재적재  9 | 중계율 0.14 | alpha 1.335 | step_limit
Ep 736 | 드론4 목적지39 |  615스텝 | 배송 39/39 | 재적재  5 | 중계율 0.08 | alpha 1.339 | complete
Ep 737 | 드론3 목적지29 |  557스텝 | 배송 29/29 | 재적재  5 | 중계율 0.10 | alpha 1.343 | complete
Ep 738 | 드론4 목적지68 |  861스텝 | 배송 68/68 | 재적재 12 | 중계율 0.07 | alpha 1.338 | complete
Ep 739 | 드론3 목적지20 |  649스텝 | 배송 20/20 | 재적재  3 | 중계율 0.09 | alpha 1.336 | complete
Ep 740 | 드론3 목적지69 | 1000스텝 | 배송 46/69 | 재적재  8 | 중계율 0.14 | alpha 1.331 | step_limit
Ep 741 | 드론4 목적지41 |  602스텝 | 배송 41/41 | 재적재  8 | 중계율 0.08 | alpha 1.330 | complete
Ep 742 | 드론3 목적지78 | 1000스텝 | 배송 60/78 | 재적재 11 | 중계율 0.10 | alpha 1.328 | step_limit
Ep 743 | 드론3 목적지39 | 1000스텝 | 배송 35/39 | 재적재  6 | 중계율 0.14 | alpha 1.331 | step_limit
Ep 744 | 드론3 목적지57 | 1000스텝 | 배송 54/57 | 재적재  9 | 중계율 0.12 | alpha 1.339 | step_limit
Ep 745 | 드론3 목적지76 | 1000스텝 | 배송 71/76 | 재적재 13 | 중계율 0.10 | alpha 1.352 | step_limit
Ep 746 | 드론3 목적지69 | 1000스텝 | 배송 64/69 | 재적재 11 | 중계율 0.07 | alpha 1.354 | step_limit
Ep 747 | 드론3 목적지33 |  968스텝 | 배송 33/33 | 재적재  6 | 중계율 0.17 | alpha 1.353 | complete
Ep 748 | 드론3 목적지30 |  673스텝 | 배송 30/30 | 재적재  5 | 중계율 0.11 | alpha 1.362 | complete
Ep 749 | 드론4 목적지32 |  813스텝 | 배송 32/32 | 재적재  4 | 중계율 0.12 | alpha 1.361 | complete
Ep 750 | 드론4 목적지61 |  756스텝 | 배송 61/61 | 재적재 10 | 중계율 0.07 | alpha 1.364 | complete
  [홀드아웃] 배송 49.2±4.4 완주 0.93 스텝 1004 점수 119.1 재적재 8.2 2홉+ 0.62 | 최고 124.3@ep500 정체 5/15
Ep 751 | 드론4 목적지34 |  614스텝 | 배송 34/34 | 재적재  5 | 중계율 0.12 | alpha 1.370 | complete
Ep 752 | 드론4 목적지69 | 1000스텝 | 배송 68/69 | 재적재 12 | 중계율 0.11 | alpha 1.346 | step_limit
Ep 753 | 드론3 목적지80 | 1000스텝 | 배송 59/80 | 재적재 11 | 중계율 0.07 | alpha 1.328 | step_limit
Ep 754 | 드론3 목적지29 |  556스텝 | 배송 29/29 | 재적재  4 | 중계율 0.08 | alpha 1.331 | complete
Ep 755 | 드론3 목적지43 |  871스텝 | 배송 43/43 | 재적재  8 | 중계율 0.13 | alpha 1.311 | complete
Ep 756 | 드론4 목적지30 |  462스텝 | 배송 30/30 | 재적재  5 | 중계율 0.09 | alpha 1.307 | complete
Ep 757 | 드론4 목적지37 |  557스텝 | 배송 37/37 | 재적재  6 | 중계율 0.06 | alpha 1.305 | complete
Ep 758 | 드론3 목적지51 |  845스텝 | 배송 33/51 | 재적재  6 | 중계율 0.13 | alpha 1.313 | no_progress
Ep 759 | 드론4 목적지23 |  411스텝 | 배송 23/23 | 재적재  2 | 중계율 0.07 | alpha 1.311 | complete
Ep 760 | 드론4 목적지60 | 1000스텝 | 배송 55/60 | 재적재  9 | 중계율 0.15 | alpha 1.330 | step_limit
Ep 761 | 드론3 목적지77 | 1000스텝 | 배송 58/77 | 재적재 11 | 중계율 0.09 | alpha 1.343 | step_limit
Ep 762 | 드론4 목적지26 |  570스텝 | 배송 26/26 | 재적재  4 | 중계율 0.12 | alpha 1.345 | complete
Ep 763 | 드론4 목적지70 | 1000스텝 | 배송 67/70 | 재적재 12 | 중계율 0.09 | alpha 1.354 | step_limit
Ep 764 | 드론4 목적지32 |  746스텝 | 배송 32/32 | 재적재  5 | 중계율 0.09 | alpha 1.359 | complete
Ep 765 | 드론4 목적지23 |  488스텝 | 배송 23/23 | 재적재  4 | 중계율 0.13 | alpha 1.358 | complete
Ep 766 | 드론4 목적지51 |  803스텝 | 배송 51/51 | 재적재  8 | 중계율 0.10 | alpha 1.369 | complete
Ep 767 | 드론3 목적지49 | 1000스텝 | 배송 47/49 | 재적재  8 | 중계율 0.10 | alpha 1.355 | step_limit
Ep 768 | 드론3 목적지72 | 1000스텝 | 배송 63/72 | 재적재 11 | 중계율 0.10 | alpha 1.349 | step_limit
Ep 769 | 드론4 목적지22 |  452스텝 | 배송 22/22 | 재적재  3 | 중계율 0.06 | alpha 1.357 | complete
Ep 770 | 드론4 목적지53 |  555스텝 | 배송 53/53 | 재적재  9 | 중계율 0.04 | alpha 1.359 | complete
Ep 771 | 드론4 목적지38 |  805스텝 | 배송 38/38 | 재적재  5 | 중계율 0.11 | alpha 1.370 | complete
Ep 772 | 드론3 목적지36 |  811스텝 | 배송 36/36 | 재적재  6 | 중계율 0.12 | alpha 1.377 | complete
Ep 773 | 드론4 목적지21 |  500스텝 | 배송 21/21 | 재적재  3 | 중계율 0.13 | alpha 1.377 | complete
Ep 774 | 드론4 목적지46 |  820스텝 | 배송 46/46 | 재적재  7 | 중계율 0.07 | alpha 1.393 | complete
Ep 775 | 드론4 목적지41 |  787스텝 | 배송 41/41 | 재적재  7 | 중계율 0.09 | alpha 1.411 | complete
Ep 776 | 드론4 목적지48 |  973스텝 | 배송 48/48 | 재적재  8 | 중계율 0.10 | alpha 1.412 | complete
Ep 777 | 드론3 목적지20 |  485스텝 | 배송 20/20 | 재적재  3 | 중계율 0.10 | alpha 1.412 | complete
Ep 778 | 드론4 목적지57 | 1000스텝 | 배송 55/57 | 재적재  9 | 중계율 0.13 | alpha 1.426 | step_limit
Ep 779 | 드론4 목적지79 | 1000스텝 | 배송 66/79 | 재적재 11 | 중계율 0.13 | alpha 1.446 | step_limit
Ep 780 | 드론3 목적지68 | 1000스텝 | 배송 57/68 | 재적재 10 | 중계율 0.09 | alpha 1.460 | step_limit
Ep 781 | 드론4 목적지50 |  707스텝 | 배송 50/50 | 재적재  8 | 중계율 0.07 | alpha 1.459 | complete
Ep 782 | 드론4 목적지45 |  937스텝 | 배송 45/45 | 재적재  7 | 중계율 0.10 | alpha 1.459 | complete
Ep 783 | 드론3 목적지28 |  576스텝 | 배송 28/28 | 재적재  5 | 중계율 0.13 | alpha 1.456 | complete
Ep 784 | 드론4 목적지58 |  997스텝 | 배송 58/58 | 재적재  9 | 중계율 0.12 | alpha 1.449 | complete
Ep 785 | 드론3 목적지49 | 1000스텝 | 배송 43/49 | 재적재  7 | 중계율 0.13 | alpha 1.432 | step_limit
Ep 786 | 드론3 목적지53 | 1000스텝 | 배송 50/53 | 재적재  9 | 중계율 0.11 | alpha 1.432 | step_limit
Ep 787 | 드론3 목적지47 | 1000스텝 | 배송 46/47 | 재적재  8 | 중계율 0.14 | alpha 1.420 | step_limit
Ep 788 | 드론4 목적지75 | 1000스텝 | 배송 68/75 | 재적재 12 | 중계율 0.09 | alpha 1.425 | step_limit
Ep 789 | 드론3 목적지79 | 1000스텝 | 배송 69/79 | 재적재 13 | 중계율 0.07 | alpha 1.448 | step_limit
Ep 790 | 드론3 목적지65 | 1000스텝 | 배송 59/65 | 재적재 11 | 중계율 0.07 | alpha 1.440 | step_limit
Ep 791 | 드론3 목적지21 |  471스텝 | 배송 21/21 | 재적재  3 | 중계율 0.08 | alpha 1.451 | complete
Ep 792 | 드론3 목적지50 |  835스텝 | 배송 50/50 | 재적재  8 | 중계율 0.07 | alpha 1.464 | complete
Ep 793 | 드론4 목적지27 |  630스텝 | 배송 27/27 | 재적재  4 | 중계율 0.12 | alpha 1.473 | complete
Ep 794 | 드론3 목적지74 | 1000스텝 | 배송 57/74 | 재적재 10 | 중계율 0.12 | alpha 1.454 | step_limit
Ep 795 | 드론3 목적지58 | 1000스텝 | 배송 57/58 | 재적재 10 | 중계율 0.08 | alpha 1.442 | step_limit
Ep 796 | 드론3 목적지23 |  461스텝 | 배송 23/23 | 재적재  4 | 중계율 0.13 | alpha 1.442 | complete
Ep 797 | 드론4 목적지34 |  501스텝 | 배송 34/34 | 재적재  5 | 중계율 0.08 | alpha 1.433 | complete
Ep 798 | 드론3 목적지60 |  939스텝 | 배송 60/60 | 재적재 11 | 중계율 0.09 | alpha 1.441 | complete
Ep 799 | 드론3 목적지33 |  781스텝 | 배송 33/33 | 재적재  6 | 중계율 0.16 | alpha 1.443 | complete
Ep 800 | 드론4 목적지50 |  625스텝 | 배송 50/50 | 재적재  8 | 중계율 0.09 | alpha 1.429 | complete
  [홀드아웃] 배송 49.8±1.6 완주 0.96 스텝 978 점수 123.2 재적재 8.3 2홉+ 0.62 | 최고 124.3@ep500 정체 6/15
Ep 801 | 드론4 목적지57 |  981스텝 | 배송 57/57 | 재적재  9 | 중계율 0.10 | alpha 1.413 | complete
Ep 802 | 드론3 목적지68 | 1000스텝 | 배송 57/68 | 재적재 11 | 중계율 0.07 | alpha 1.409 | step_limit
Ep 803 | 드론3 목적지80 | 1000스텝 | 배송 59/80 | 재적재 10 | 중계율 0.10 | alpha 1.419 | step_limit
Ep 804 | 드론4 목적지65 |  957스텝 | 배송 65/65 | 재적재 12 | 중계율 0.09 | alpha 1.414 | complete
Ep 805 | 드론4 목적지78 | 1000스텝 | 배송 74/78 | 재적재 14 | 중계율 0.09 | alpha 1.416 | step_limit
Ep 806 | 드론4 목적지73 |  778스텝 | 배송 73/73 | 재적재 13 | 중계율 0.03 | alpha 1.412 | complete
Ep 807 | 드론4 목적지69 |  987스텝 | 배송 69/69 | 재적재 12 | 중계율 0.10 | alpha 1.417 | complete
Ep 808 | 드론3 목적지26 |  706스텝 | 배송 26/26 | 재적재  4 | 중계율 0.16 | alpha 1.425 | complete
Ep 809 | 드론3 목적지70 | 1000스텝 | 배송 56/70 | 재적재 11 | 중계율 0.07 | alpha 1.409 | step_limit
Ep 810 | 드론3 목적지68 | 1000스텝 | 배송 57/68 | 재적재 10 | 중계율 0.08 | alpha 1.414 | step_limit
Ep 811 | 드론3 목적지58 | 1000스텝 | 배송 56/58 | 재적재 10 | 중계율 0.05 | alpha 1.418 | step_limit
Ep 812 | 드론3 목적지33 |  759스텝 | 배송 33/33 | 재적재  6 | 중계율 0.07 | alpha 1.417 | complete
Ep 813 | 드론3 목적지41 |  953스텝 | 배송 41/41 | 재적재  7 | 중계율 0.09 | alpha 1.417 | complete
Ep 814 | 드론3 목적지24 |  512스텝 | 배송 24/24 | 재적재  3 | 중계율 0.04 | alpha 1.426 | complete
Ep 815 | 드론3 목적지38 | 1000스텝 | 배송 35/38 | 재적재  6 | 중계율 0.11 | alpha 1.429 | step_limit
Ep 816 | 드론3 목적지25 |  820스텝 | 배송 25/25 | 재적재  3 | 중계율 0.14 | alpha 1.421 | complete
Ep 817 | 드론3 목적지53 | 1000스텝 | 배송 52/53 | 재적재 10 | 중계율 0.09 | alpha 1.437 | step_limit
Ep 818 | 드론4 목적지28 |  494스텝 | 배송 28/28 | 재적재  5 | 중계율 0.06 | alpha 1.445 | complete
Ep 819 | 드론4 목적지23 |  401스텝 | 배송 23/23 | 재적재  2 | 중계율 0.04 | alpha 1.464 | complete
Ep 820 | 드론3 목적지74 | 1000스텝 | 배송 57/74 | 재적재 10 | 중계율 0.11 | alpha 1.462 | step_limit
Ep 821 | 드론3 목적지79 | 1000스텝 | 배송 55/79 | 재적재 11 | 중계율 0.09 | alpha 1.465 | step_limit
Ep 822 | 드론3 목적지20 |  642스텝 | 배송 20/20 | 재적재  3 | 중계율 0.08 | alpha 1.457 | complete
Ep 823 | 드론4 목적지61 | 1000스텝 | 배송 53/61 | 재적재 10 | 중계율 0.12 | alpha 1.462 | step_limit
Ep 824 | 드론3 목적지25 |  734스텝 | 배송 25/25 | 재적재  4 | 중계율 0.16 | alpha 1.458 | complete
Ep 825 | 드론3 목적지41 | 1000스텝 | 배송 40/41 | 재적재  7 | 중계율 0.16 | alpha 1.471 | step_limit
Ep 826 | 드론3 목적지53 | 1000스텝 | 배송 42/53 | 재적재  7 | 중계율 0.12 | alpha 1.469 | step_limit
Ep 827 | 드론3 목적지44 | 1000스텝 | 배송 42/44 | 재적재  7 | 중계율 0.11 | alpha 1.470 | step_limit
Ep 828 | 드론3 목적지24 |  609스텝 | 배송 24/24 | 재적재  4 | 중계율 0.10 | alpha 1.476 | complete
Ep 829 | 드론4 목적지53 |  742스텝 | 배송 53/53 | 재적재  9 | 중계율 0.07 | alpha 1.461 | complete
Ep 830 | 드론4 목적지66 | 1000스텝 | 배송 64/66 | 재적재 12 | 중계율 0.10 | alpha 1.456 | step_limit
Ep 831 | 드론4 목적지69 |  825스텝 | 배송 69/69 | 재적재 11 | 중계율 0.09 | alpha 1.467 | complete
Ep 832 | 드론4 목적지69 |  824스텝 | 배송 69/69 | 재적재 12 | 중계율 0.07 | alpha 1.478 | complete
Ep 833 | 드론4 목적지72 | 1000스텝 | 배송 60/72 | 재적재 11 | 중계율 0.09 | alpha 1.482 | step_limit
Ep 834 | 드론3 목적지71 | 1000스텝 | 배송 55/71 | 재적재 10 | 중계율 0.13 | alpha 1.493 | step_limit
Ep 835 | 드론3 목적지56 | 1000스텝 | 배송 55/56 | 재적재 10 | 중계율 0.09 | alpha 1.489 | step_limit
Ep 836 | 드론4 목적지30 |  470스텝 | 배송 30/30 | 재적재  4 | 중계율 0.09 | alpha 1.496 | complete
Ep 837 | 드론3 목적지73 | 1000스텝 | 배송 45/73 | 재적재  8 | 중계율 0.09 | alpha 1.481 | step_limit
Ep 838 | 드론4 목적지56 |  776스텝 | 배송 56/56 | 재적재 10 | 중계율 0.09 | alpha 1.487 | complete
Ep 839 | 드론3 목적지20 |  965스텝 | 배송 20/20 | 재적재  3 | 중계율 0.16 | alpha 1.485 | complete
Ep 840 | 드론3 목적지33 |  673스텝 | 배송 33/33 | 재적재  5 | 중계율 0.10 | alpha 1.481 | complete
Ep 841 | 드론3 목적지31 |  719스텝 | 배송 31/31 | 재적재  4 | 중계율 0.19 | alpha 1.471 | complete
Ep 842 | 드론3 목적지68 | 1000스텝 | 배송 60/68 | 재적재 11 | 중계율 0.06 | alpha 1.467 | step_limit
Ep 843 | 드론4 목적지51 | 1000스텝 | 배송 47/51 | 재적재  8 | 중계율 0.17 | alpha 1.472 | step_limit
Ep 844 | 드론3 목적지37 |  677스텝 | 배송 14/37 | 재적재  1 | 중계율 0.02 | alpha 1.477 | no_progress
Ep 845 | 드론4 목적지74 | 1000스텝 | 배송 72/74 | 재적재 13 | 중계율 0.05 | alpha 1.493 | step_limit
Ep 846 | 드론3 목적지32 |  634스텝 | 배송 32/32 | 재적재  5 | 중계율 0.10 | alpha 1.484 | complete
Ep 847 | 드론4 목적지25 |  470스텝 | 배송 25/25 | 재적재  4 | 중계율 0.05 | alpha 1.485 | complete
Ep 848 | 드론3 목적지44 | 1000스텝 | 배송 43/44 | 재적재  8 | 중계율 0.10 | alpha 1.480 | step_limit
Ep 849 | 드론4 목적지28 |  571스텝 | 배송 28/28 | 재적재  4 | 중계율 0.15 | alpha 1.484 | complete
Ep 850 | 드론3 목적지47 | 1000스텝 | 배송 40/47 | 재적재  7 | 중계율 0.08 | alpha 1.480 | step_limit
  [홀드아웃] 배송 49.9±0.8 완주 0.97 스텝 1002 점수 124.1 재적재 8.4 2홉+ 0.62 | 최고 124.3@ep500 정체 7/15
Ep 851 | 드론3 목적지39 |  855스텝 | 배송 39/39 | 재적재  7 | 중계율 0.06 | alpha 1.487 | complete
Ep 852 | 드론3 목적지68 | 1000스텝 | 배송 51/68 | 재적재  9 | 중계율 0.14 | alpha 1.486 | step_limit
Ep 853 | 드론3 목적지65 | 1000스텝 | 배송 52/65 | 재적재  9 | 중계율 0.10 | alpha 1.494 | step_limit
Ep 854 | 드론4 목적지61 | 1000스텝 | 배송 60/61 | 재적재 10 | 중계율 0.12 | alpha 1.504 | step_limit
Ep 855 | 드론4 목적지22 |  311스텝 | 배송 22/22 | 재적재  4 | 중계율 0.05 | alpha 1.508 | complete
Ep 856 | 드론4 목적지59 |  926스텝 | 배송 59/59 | 재적재 10 | 중계율 0.07 | alpha 1.509 | complete
Ep 857 | 드론3 목적지69 | 1000스텝 | 배송 53/69 | 재적재  9 | 중계율 0.09 | alpha 1.505 | step_limit
Ep 858 | 드론4 목적지35 |  431스텝 | 배송 35/35 | 재적재  5 | 중계율 0.01 | alpha 1.497 | complete
Ep 859 | 드론3 목적지20 |  701스텝 | 배송 20/20 | 재적재  3 | 중계율 0.11 | alpha 1.493 | complete
Ep 860 | 드론4 목적지42 |  709스텝 | 배송 42/42 | 재적재  7 | 중계율 0.13 | alpha 1.491 | complete
Ep 861 | 드론3 목적지58 | 1000스텝 | 배송 54/58 | 재적재  9 | 중계율 0.06 | alpha 1.500 | step_limit
Ep 862 | 드론3 목적지39 |  700스텝 | 배송 39/39 | 재적재  6 | 중계율 0.07 | alpha 1.478 | complete
Ep 863 | 드론4 목적지77 | 1000스텝 | 배송 69/77 | 재적재 13 | 중계율 0.08 | alpha 1.488 | step_limit
Ep 864 | 드론4 목적지37 | 1000스텝 | 배송 33/37 | 재적재  5 | 중계율 0.15 | alpha 1.514 | step_limit
Ep 865 | 드론3 목적지33 |  773스텝 | 배송 33/33 | 재적재  5 | 중계율 0.08 | alpha 1.511 | complete
Ep 866 | 드론4 목적지40 |  597스텝 | 배송 40/40 | 재적재  6 | 중계율 0.07 | alpha 1.508 | complete
Ep 867 | 드론4 목적지34 |  626스텝 | 배송 34/34 | 재적재  5 | 중계율 0.05 | alpha 1.520 | complete
Ep 868 | 드론3 목적지34 |  699스텝 | 배송 34/34 | 재적재  6 | 중계율 0.08 | alpha 1.530 | complete
Ep 869 | 드론3 목적지76 | 1000스텝 | 배송 72/76 | 재적재 13 | 중계율 0.08 | alpha 1.532 | step_limit
Ep 870 | 드론3 목적지42 |  962스텝 | 배송 42/42 | 재적재  7 | 중계율 0.11 | alpha 1.529 | complete
Ep 871 | 드론3 목적지47 | 1000스텝 | 배송 41/47 | 재적재  7 | 중계율 0.22 | alpha 1.549 | step_limit
Ep 872 | 드론4 목적지22 |  353스텝 | 배송 22/22 | 재적재  3 | 중계율 0.08 | alpha 1.552 | complete
Ep 873 | 드론4 목적지60 | 1000스텝 | 배송 59/60 | 재적재 11 | 중계율 0.07 | alpha 1.553 | step_limit
Ep 874 | 드론4 목적지45 |  594스텝 | 배송 45/45 | 재적재  7 | 중계율 0.07 | alpha 1.562 | complete
Ep 875 | 드론4 목적지32 |  637스텝 | 배송 32/32 | 재적재  5 | 중계율 0.10 | alpha 1.545 | complete
Ep 876 | 드론3 목적지49 | 1000스텝 | 배송 46/49 | 재적재  8 | 중계율 0.06 | alpha 1.541 | step_limit
Ep 877 | 드론4 목적지77 | 1000스텝 | 배송 72/77 | 재적재 14 | 중계율 0.10 | alpha 1.554 | step_limit
Ep 878 | 드론4 목적지44 | 1000스텝 | 배송 43/44 | 재적재  7 | 중계율 0.11 | alpha 1.552 | step_limit
Ep 879 | 드론3 목적지79 | 1000스텝 | 배송 67/79 | 재적재 12 | 중계율 0.08 | alpha 1.554 | step_limit
Ep 880 | 드론4 목적지32 |  506스텝 | 배송 32/32 | 재적재  5 | 중계율 0.05 | alpha 1.556 | complete
Ep 881 | 드론4 목적지74 | 1000스텝 | 배송 65/74 | 재적재 12 | 중계율 0.10 | alpha 1.548 | step_limit
Ep 882 | 드론3 목적지76 | 1000스텝 | 배송 59/76 | 재적재 10 | 중계율 0.07 | alpha 1.551 | step_limit
Ep 883 | 드론4 목적지50 |  810스텝 | 배송 50/50 | 재적재  9 | 중계율 0.12 | alpha 1.544 | complete
Ep 884 | 드론4 목적지56 |  734스텝 | 배송 56/56 | 재적재  9 | 중계율 0.07 | alpha 1.546 | complete
Ep 885 | 드론3 목적지44 |  925스텝 | 배송 44/44 | 재적재  8 | 중계율 0.08 | alpha 1.541 | complete
Ep 886 | 드론4 목적지76 | 1000스텝 | 배송 73/76 | 재적재 14 | 중계율 0.08 | alpha 1.521 | step_limit
Ep 887 | 드론3 목적지67 | 1000스텝 | 배송 59/67 | 재적재 10 | 중계율 0.13 | alpha 1.520 | step_limit
Ep 888 | 드론3 목적지71 | 1000스텝 | 배송 53/71 | 재적재 10 | 중계율 0.12 | alpha 1.511 | step_limit
Ep 889 | 드론3 목적지32 |  824스텝 | 배송 32/32 | 재적재  5 | 중계율 0.10 | alpha 1.506 | complete
Ep 890 | 드론4 목적지62 |  847스텝 | 배송 62/62 | 재적재 12 | 중계율 0.07 | alpha 1.503 | complete
Ep 891 | 드론3 목적지78 | 1000스텝 | 배송 65/78 | 재적재 11 | 중계율 0.06 | alpha 1.493 | step_limit
Ep 892 | 드론3 목적지39 |  670스텝 | 배송 39/39 | 재적재  7 | 중계율 0.06 | alpha 1.489 | complete
Ep 893 | 드론3 목적지65 | 1000스텝 | 배송 47/65 | 재적재  8 | 중계율 0.11 | alpha 1.492 | step_limit
Ep 894 | 드론4 목적지47 |  624스텝 | 배송 47/47 | 재적재  7 | 중계율 0.05 | alpha 1.501 | complete
Ep 895 | 드론4 목적지64 |  886스텝 | 배송 64/64 | 재적재 11 | 중계율 0.07 | alpha 1.505 | complete
Ep 896 | 드론4 목적지41 | 1000스텝 | 배송 35/41 | 재적재  6 | 중계율 0.16 | alpha 1.524 | step_limit
Ep 897 | 드론4 목적지77 | 1000스텝 | 배송 75/77 | 재적재 14 | 중계율 0.06 | alpha 1.529 | step_limit
Ep 898 | 드론3 목적지29 |  937스텝 | 배송 29/29 | 재적재  4 | 중계율 0.14 | alpha 1.528 | complete
Ep 899 | 드론3 목적지31 |  844스텝 | 배송 31/31 | 재적재  4 | 중계율 0.10 | alpha 1.534 | complete
Ep 900 | 드론3 목적지69 | 1000스텝 | 배송 63/69 | 재적재 11 | 중계율 0.09 | alpha 1.548 | step_limit
  [홀드아웃] 배송 49.4±3.4 완주 0.91 스텝 1027 점수 117.6 재적재 8.3 2홉+ 0.61 | 최고 124.3@ep500 정체 8/15
Ep 901 | 드론4 목적지26 |  704스텝 | 배송 26/26 | 재적재  3 | 중계율 0.12 | alpha 1.546 | complete
Ep 902 | 드론4 목적지58 |  908스텝 | 배송 58/58 | 재적재  9 | 중계율 0.09 | alpha 1.555 | complete
Ep 903 | 드론3 목적지41 | 1000스텝 | 배송 38/41 | 재적재  7 | 중계율 0.14 | alpha 1.554 | step_limit
Ep 904 | 드론4 목적지47 |  615스텝 | 배송 47/47 | 재적재  8 | 중계율 0.05 | alpha 1.542 | complete
Ep 905 | 드론3 목적지63 | 1000스텝 | 배송 53/63 | 재적재  9 | 중계율 0.10 | alpha 1.537 | step_limit
Ep 906 | 드론4 목적지64 | 1000스텝 | 배송 63/64 | 재적재 12 | 중계율 0.11 | alpha 1.543 | step_limit
Ep 907 | 드론3 목적지80 | 1000스텝 | 배송 70/80 | 재적재 12 | 중계율 0.10 | alpha 1.530 | step_limit
Ep 908 | 드론4 목적지49 |  761스텝 | 배송 49/49 | 재적재  9 | 중계율 0.12 | alpha 1.528 | complete
Ep 909 | 드론3 목적지68 | 1000스텝 | 배송 57/68 | 재적재 10 | 중계율 0.15 | alpha 1.523 | step_limit
Ep 910 | 드론4 목적지69 | 1000스텝 | 배송 68/69 | 재적재 13 | 중계율 0.08 | alpha 1.531 | step_limit
Ep 911 | 드론3 목적지22 |  429스텝 | 배송 22/22 | 재적재  4 | 중계율 0.07 | alpha 1.532 | complete
Ep 912 | 드론3 목적지71 | 1000스텝 | 배송 55/71 | 재적재  9 | 중계율 0.16 | alpha 1.509 | step_limit
Ep 913 | 드론3 목적지48 |  882스텝 | 배송 48/48 | 재적재  9 | 중계율 0.06 | alpha 1.499 | complete
Ep 914 | 드론3 목적지64 | 1000스텝 | 배송 50/64 | 재적재  9 | 중계율 0.07 | alpha 1.520 | step_limit
Ep 915 | 드론4 목적지58 |  962스텝 | 배송 58/58 | 재적재 10 | 중계율 0.11 | alpha 1.525 | complete
Ep 916 | 드론3 목적지21 |  891스텝 | 배송 21/21 | 재적재  3 | 중계율 0.12 | alpha 1.531 | complete
Ep 917 | 드론4 목적지75 | 1000스텝 | 배송 59/75 | 재적재 10 | 중계율 0.11 | alpha 1.529 | step_limit
Ep 918 | 드론4 목적지22 |  536스텝 | 배송 22/22 | 재적재  3 | 중계율 0.07 | alpha 1.538 | complete
Ep 919 | 드론4 목적지73 | 1000스텝 | 배송 67/73 | 재적재 11 | 중계율 0.11 | alpha 1.562 | step_limit
Ep 920 | 드론3 목적지79 | 1000스텝 | 배송 54/79 | 재적재  9 | 중계율 0.15 | alpha 1.556 | step_limit
Ep 921 | 드론3 목적지27 |  549스텝 | 배송 27/27 | 재적재  4 | 중계율 0.12 | alpha 1.557 | complete
Ep 922 | 드론3 목적지20 |  340스텝 | 배송 20/20 | 재적재  2 | 중계율 0.06 | alpha 1.557 | complete
Ep 923 | 드론4 목적지51 |  752스텝 | 배송 51/51 | 재적재  8 | 중계율 0.08 | alpha 1.542 | complete
Ep 924 | 드론4 목적지68 | 1000스텝 | 배송 64/68 | 재적재 11 | 중계율 0.09 | alpha 1.524 | step_limit
Ep 925 | 드론4 목적지30 |  787스텝 | 배송 30/30 | 재적재  5 | 중계율 0.13 | alpha 1.535 | complete
Ep 926 | 드론4 목적지31 |  483스텝 | 배송 31/31 | 재적재  5 | 중계율 0.04 | alpha 1.535 | complete
Ep 927 | 드론3 목적지62 | 1000스텝 | 배송 59/62 | 재적재 11 | 중계율 0.09 | alpha 1.523 | step_limit
Ep 928 | 드론3 목적지51 | 1000스텝 | 배송 49/51 | 재적재  9 | 중계율 0.08 | alpha 1.502 | step_limit
Ep 929 | 드론4 목적지34 |  446스텝 | 배송 34/34 | 재적재  5 | 중계율 0.03 | alpha 1.504 | complete
Ep 930 | 드론3 목적지57 | 1000스텝 | 배송 53/57 | 재적재 10 | 중계율 0.10 | alpha 1.517 | step_limit
Ep 931 | 드론3 목적지52 | 1000스텝 | 배송 48/52 | 재적재  9 | 중계율 0.11 | alpha 1.529 | step_limit
Ep 932 | 드론4 목적지27 |  444스텝 | 배송 27/27 | 재적재  4 | 중계율 0.08 | alpha 1.534 | complete
Ep 933 | 드론4 목적지71 | 1000스텝 | 배송 65/71 | 재적재 11 | 중계율 0.11 | alpha 1.536 | step_limit
Ep 934 | 드론4 목적지65 | 1000스텝 | 배송 56/65 | 재적재  9 | 중계율 0.10 | alpha 1.556 | step_limit
Ep 935 | 드론3 목적지29 |  652스텝 | 배송 29/29 | 재적재  5 | 중계율 0.11 | alpha 1.558 | complete
Ep 936 | 드론3 목적지44 |  927스텝 | 배송 44/44 | 재적재  7 | 중계율 0.07 | alpha 1.559 | complete
Ep 937 | 드론3 목적지22 |  502스텝 | 배송 22/22 | 재적재  2 | 중계율 0.11 | alpha 1.555 | complete
Ep 938 | 드론3 목적지44 | 1000스텝 | 배송 37/44 | 재적재  6 | 중계율 0.13 | alpha 1.564 | step_limit
Ep 939 | 드론4 목적지68 | 1000스텝 | 배송 64/68 | 재적재 11 | 중계율 0.09 | alpha 1.588 | step_limit
Ep 940 | 드론4 목적지43 | 1000스텝 | 배송 37/43 | 재적재  5 | 중계율 0.13 | alpha 1.590 | step_limit
Ep 941 | 드론4 목적지73 | 1000스텝 | 배송 64/73 | 재적재 11 | 중계율 0.10 | alpha 1.585 | step_limit
Ep 942 | 드론4 목적지26 |  399스텝 | 배송 26/26 | 재적재  4 | 중계율 0.02 | alpha 1.586 | complete
Ep 943 | 드론4 목적지28 |  652스텝 | 배송 28/28 | 재적재  4 | 중계율 0.13 | alpha 1.584 | complete
Ep 944 | 드론3 목적지79 | 1000스텝 | 배송 70/79 | 재적재 12 | 중계율 0.07 | alpha 1.585 | step_limit
Ep 945 | 드론3 목적지61 | 1000스텝 | 배송 56/61 | 재적재 11 | 중계율 0.10 | alpha 1.600 | step_limit
Ep 946 | 드론3 목적지50 | 1000스텝 | 배송 38/50 | 재적재  6 | 중계율 0.14 | alpha 1.603 | step_limit
Ep 947 | 드론4 목적지25 |  534스텝 | 배송 25/25 | 재적재  3 | 중계율 0.10 | alpha 1.609 | complete
Ep 948 | 드론4 목적지58 |  904스텝 | 배송 58/58 | 재적재 11 | 중계율 0.06 | alpha 1.607 | complete
Ep 949 | 드론4 목적지52 |  979스텝 | 배송 52/52 | 재적재  9 | 중계율 0.09 | alpha 1.613 | complete
Ep 950 | 드론4 목적지43 |  573스텝 | 배송 43/43 | 재적재  8 | 중계율 0.06 | alpha 1.607 | complete
  [홀드아웃] 배송 49.4±3.4 완주 0.93 스텝 1058 점수 118.4 재적재 8.4 2홉+ 0.62 | 최고 124.3@ep500 정체 9/15
Ep 951 | 드론4 목적지30 |  600스텝 | 배송 30/30 | 재적재  5 | 중계율 0.06 | alpha 1.621 | complete
Ep 952 | 드론3 목적지51 |  963스텝 | 배송 51/51 | 재적재  9 | 중계율 0.09 | alpha 1.632 | complete
Ep 953 | 드론4 목적지43 |  843스텝 | 배송 43/43 | 재적재  7 | 중계율 0.12 | alpha 1.633 | complete
Ep 954 | 드론4 목적지80 | 1000스텝 | 배송 68/80 | 재적재 13 | 중계율 0.11 | alpha 1.632 | step_limit
Ep 955 | 드론4 목적지46 |  835스텝 | 배송 46/46 | 재적재  8 | 중계율 0.06 | alpha 1.643 | complete
Ep 956 | 드론4 목적지37 |  756스텝 | 배송 37/37 | 재적재  6 | 중계율 0.10 | alpha 1.638 | complete
Ep 957 | 드론3 목적지52 |  870스텝 | 배송 52/52 | 재적재  9 | 중계율 0.11 | alpha 1.621 | complete
Ep 958 | 드론4 목적지46 | 1000스텝 | 배송 36/46 | 재적재  6 | 중계율 0.18 | alpha 1.605 | step_limit
Ep 959 | 드론3 목적지46 | 1000스텝 | 배송 40/46 | 재적재  7 | 중계율 0.13 | alpha 1.597 | step_limit
Ep 960 | 드론4 목적지66 |  888스텝 | 배송 66/66 | 재적재 12 | 중계율 0.07 | alpha 1.599 | complete
Ep 961 | 드론3 목적지76 | 1000스텝 | 배송 56/76 | 재적재 11 | 중계율 0.07 | alpha 1.596 | step_limit
Ep 962 | 드론3 목적지52 | 1000스텝 | 배송 51/52 | 재적재  9 | 중계율 0.07 | alpha 1.600 | step_limit
Ep 963 | 드론3 목적지56 | 1000스텝 | 배송 49/56 | 재적재  8 | 중계율 0.16 | alpha 1.624 | step_limit
Ep 964 | 드론3 목적지54 |  920스텝 | 배송 54/54 | 재적재  9 | 중계율 0.07 | alpha 1.638 | complete
Ep 965 | 드론3 목적지34 |  845스텝 | 배송 34/34 | 재적재  6 | 중계율 0.12 | alpha 1.641 | complete
Ep 966 | 드론4 목적지77 |  780스텝 | 배송 77/77 | 재적재 14 | 중계율 0.05 | alpha 1.643 | complete
Ep 967 | 드론4 목적지38 |  580스텝 | 배송 38/38 | 재적재  5 | 중계율 0.08 | alpha 1.642 | complete
Ep 968 | 드론4 목적지37 |  828스텝 | 배송 37/37 | 재적재  6 | 중계율 0.11 | alpha 1.627 | complete
Ep 969 | 드론3 목적지54 | 1000스텝 | 배송 52/54 | 재적재  9 | 중계율 0.10 | alpha 1.614 | step_limit
Ep 970 | 드론4 목적지80 | 1000스텝 | 배송 74/80 | 재적재 14 | 중계율 0.08 | alpha 1.600 | step_limit
Ep 971 | 드론4 목적지26 |  460스텝 | 배송 26/26 | 재적재  4 | 중계율 0.09 | alpha 1.602 | complete
Ep 972 | 드론4 목적지27 |  629스텝 | 배송 27/27 | 재적재  5 | 중계율 0.12 | alpha 1.618 | complete
Ep 973 | 드론3 목적지36 | 1000스텝 | 배송 32/36 | 재적재  6 | 중계율 0.13 | alpha 1.619 | step_limit
Ep 974 | 드론3 목적지80 | 1000스텝 | 배송 62/80 | 재적재 11 | 중계율 0.08 | alpha 1.622 | step_limit
Ep 975 | 드론4 목적지80 | 1000스텝 | 배송 65/80 | 재적재 12 | 중계율 0.09 | alpha 1.641 | step_limit
Ep 976 | 드론3 목적지48 | 1000스텝 | 배송 43/48 | 재적재  8 | 중계율 0.11 | alpha 1.659 | step_limit
Ep 977 | 드론4 목적지48 |  679스텝 | 배송 48/48 | 재적재  8 | 중계율 0.07 | alpha 1.654 | complete
Ep 978 | 드론4 목적지69 | 1000스텝 | 배송 68/69 | 재적재 12 | 중계율 0.07 | alpha 1.647 | step_limit
Ep 979 | 드론4 목적지58 |  987스텝 | 배송 58/58 | 재적재 10 | 중계율 0.07 | alpha 1.639 | complete
Ep 980 | 드론4 목적지73 | 1000스텝 | 배송 61/73 | 재적재 10 | 중계율 0.13 | alpha 1.632 | step_limit
Ep 981 | 드론3 목적지62 | 1000스텝 | 배송 53/62 | 재적재 10 | 중계율 0.09 | alpha 1.643 | step_limit
Ep 982 | 드론4 목적지66 | 1000스텝 | 배송 61/66 | 재적재 11 | 중계율 0.09 | alpha 1.659 | step_limit
Ep 983 | 드론3 목적지22 |  496스텝 | 배송 22/22 | 재적재  3 | 중계율 0.08 | alpha 1.669 | complete
Ep 984 | 드론3 목적지53 | 1000스텝 | 배송 38/53 | 재적재  7 | 중계율 0.14 | alpha 1.679 | step_limit
Ep 985 | 드론4 목적지65 |  785스텝 | 배송 65/65 | 재적재 11 | 중계율 0.03 | alpha 1.692 | complete
Ep 986 | 드론4 목적지35 |  534스텝 | 배송 35/35 | 재적재  6 | 중계율 0.07 | alpha 1.707 | complete
Ep 987 | 드론4 목적지47 |  827스텝 | 배송 47/47 | 재적재  8 | 중계율 0.11 | alpha 1.711 | complete
Ep 988 | 드론3 목적지24 |  836스텝 | 배송 24/24 | 재적재  3 | 중계율 0.10 | alpha 1.711 | complete
Ep 989 | 드론3 목적지64 | 1000스텝 | 배송 62/64 | 재적재 11 | 중계율 0.05 | alpha 1.695 | step_limit
Ep 990 | 드론3 목적지26 |  697스텝 | 배송 26/26 | 재적재  4 | 중계율 0.12 | alpha 1.691 | complete
Ep 991 | 드론3 목적지30 |  811스텝 | 배송 30/30 | 재적재  5 | 중계율 0.13 | alpha 1.673 | complete
Ep 992 | 드론3 목적지59 | 1000스텝 | 배송 52/59 | 재적재  9 | 중계율 0.13 | alpha 1.664 | step_limit
Ep 993 | 드론3 목적지46 |  944스텝 | 배송 46/46 | 재적재  8 | 중계율 0.08 | alpha 1.653 | complete
Ep 994 | 드론4 목적지71 |  865스텝 | 배송 71/71 | 재적재 13 | 중계율 0.07 | alpha 1.651 | complete
Ep 995 | 드론3 목적지61 | 1000스텝 | 배송 54/61 | 재적재 10 | 중계율 0.09 | alpha 1.633 | step_limit
Ep 996 | 드론3 목적지61 | 1000스텝 | 배송 58/61 | 재적재 10 | 중계율 0.09 | alpha 1.630 | step_limit
Ep 997 | 드론3 목적지59 | 1000스텝 | 배송 50/59 | 재적재  9 | 중계율 0.07 | alpha 1.613 | step_limit
Ep 998 | 드론4 목적지70 | 1000스텝 | 배송 57/70 | 재적재 10 | 중계율 0.09 | alpha 1.592 | step_limit
Ep 999 | 드론3 목적지49 |  945스텝 | 배송 49/49 | 재적재  9 | 중계율 0.08 | alpha 1.598 | complete
Ep 1000 | 드론4 목적지63 |  789스텝 | 배송 63/63 | 재적재 12 | 중계율 0.07 | alpha 1.602 | complete
  [홀드아웃] 배송 48.8±5.7 완주 0.90 스텝 1065 점수 115.8 재적재 8.1 2홉+ 0.63 | 최고 124.3@ep500 정체 10/15
Ep 1001 | 드론4 목적지43 |  733스텝 | 배송 43/43 | 재적재  7 | 중계율 0.10 | alpha 1.595 | complete
Ep 1002 | 드론3 목적지78 | 1000스텝 | 배송 63/78 | 재적재 11 | 중계율 0.12 | alpha 1.606 | step_limit
Ep 1003 | 드론3 목적지74 | 1000스텝 | 배송 51/74 | 재적재 10 | 중계율 0.09 | alpha 1.600 | step_limit
Ep 1004 | 드론4 목적지61 |  924스텝 | 배송 61/61 | 재적재 11 | 중계율 0.08 | alpha 1.604 | complete
Ep 1005 | 드론4 목적지62 | 1000스텝 | 배송 58/62 | 재적재 10 | 중계율 0.10 | alpha 1.592 | step_limit
Ep 1006 | 드론3 목적지22 |  462스텝 | 배송 22/22 | 재적재  3 | 중계율 0.07 | alpha 1.588 | complete
Ep 1007 | 드론4 목적지79 | 1000스텝 | 배송 75/79 | 재적재 12 | 중계율 0.08 | alpha 1.587 | step_limit
Ep 1008 | 드론3 목적지28 |  664스텝 | 배송 28/28 | 재적재  5 | 중계율 0.10 | alpha 1.584 | complete
Ep 1009 | 드론3 목적지65 | 1000스텝 | 배송 51/65 | 재적재  8 | 중계율 0.13 | alpha 1.586 | step_limit
Ep 1010 | 드론4 목적지22 |  668스텝 | 배송 22/22 | 재적재  3 | 중계율 0.08 | alpha 1.585 | complete
Ep 1011 | 드론4 목적지52 |  586스텝 | 배송 52/52 | 재적재  9 | 중계율 0.10 | alpha 1.601 | complete
Ep 1012 | 드론4 목적지47 |  670스텝 | 배송 47/47 | 재적재  9 | 중계율 0.08 | alpha 1.613 | complete
Ep 1013 | 드론4 목적지66 |  892스텝 | 배송 66/66 | 재적재 11 | 중계율 0.06 | alpha 1.617 | complete
Ep 1014 | 드론3 목적지69 | 1000스텝 | 배송 55/69 | 재적재  9 | 중계율 0.09 | alpha 1.615 | step_limit
Ep 1015 | 드론3 목적지77 | 1000스텝 | 배송 68/77 | 재적재 12 | 중계율 0.08 | alpha 1.599 | step_limit
Ep 1016 | 드론3 목적지80 | 1000스텝 | 배송 64/80 | 재적재 11 | 중계율 0.10 | alpha 1.607 | step_limit
Ep 1017 | 드론4 목적지51 |  689스텝 | 배송 51/51 | 재적재  8 | 중계율 0.09 | alpha 1.604 | complete
Ep 1018 | 드론4 목적지21 |  416스텝 | 배송 21/21 | 재적재  2 | 중계율 0.03 | alpha 1.606 | complete
Ep 1019 | 드론3 목적지58 | 1000스텝 | 배송 54/58 | 재적재 10 | 중계율 0.06 | alpha 1.611 | step_limit
Ep 1020 | 드론3 목적지74 | 1000스텝 | 배송 63/74 | 재적재 11 | 중계율 0.11 | alpha 1.618 | step_limit
Ep 1021 | 드론3 목적지48 | 1000스텝 | 배송 45/48 | 재적재  8 | 중계율 0.09 | alpha 1.626 | step_limit
Ep 1022 | 드론4 목적지27 |  544스텝 | 배송 27/27 | 재적재  4 | 중계율 0.09 | alpha 1.623 | complete
Ep 1023 | 드론4 목적지46 |  826스텝 | 배송 46/46 | 재적재  7 | 중계율 0.10 | alpha 1.642 | complete
Ep 1024 | 드론3 목적지70 | 1000스텝 | 배송 52/70 | 재적재 10 | 중계율 0.10 | alpha 1.637 | step_limit
Ep 1025 | 드론4 목적지41 |  928스텝 | 배송 41/41 | 재적재  7 | 중계율 0.17 | alpha 1.641 | complete
Ep 1026 | 드론4 목적지76 | 1000스텝 | 배송 65/76 | 재적재 11 | 중계율 0.09 | alpha 1.652 | step_limit
Ep 1027 | 드론3 목적지51 |  906스텝 | 배송 51/51 | 재적재  9 | 중계율 0.11 | alpha 1.678 | complete
Ep 1028 | 드론3 목적지27 |  790스텝 | 배송 27/27 | 재적재  4 | 중계율 0.09 | alpha 1.673 | complete
Ep 1029 | 드론3 목적지37 | 1000스텝 | 배송 35/37 | 재적재  6 | 중계율 0.09 | alpha 1.671 | step_limit
Ep 1030 | 드론3 목적지46 | 1000스텝 | 배송 39/46 | 재적재  7 | 중계율 0.13 | alpha 1.684 | step_limit
Ep 1031 | 드론4 목적지20 |  816스텝 | 배송 20/20 | 재적재  2 | 중계율 0.13 | alpha 1.680 | complete
Ep 1032 | 드론3 목적지27 |  460스텝 | 배송 27/27 | 재적재  4 | 중계율 0.06 | alpha 1.678 | complete
Ep 1033 | 드론4 목적지38 |  714스텝 | 배송 38/38 | 재적재  6 | 중계율 0.10 | alpha 1.672 | complete
Ep 1034 | 드론3 목적지66 | 1000스텝 | 배송 56/66 | 재적재 10 | 중계율 0.08 | alpha 1.676 | step_limit
Ep 1035 | 드론4 목적지64 | 1000스텝 | 배송 60/64 | 재적재 11 | 중계율 0.12 | alpha 1.667 | step_limit
Ep 1036 | 드론3 목적지59 | 1000스텝 | 배송 55/59 | 재적재  9 | 중계율 0.10 | alpha 1.671 | step_limit
Ep 1037 | 드론3 목적지49 |  895스텝 | 배송 49/49 | 재적재  8 | 중계율 0.08 | alpha 1.693 | complete
Ep 1038 | 드론4 목적지57 | 1000스텝 | 배송 49/57 | 재적재  9 | 중계율 0.16 | alpha 1.690 | step_limit
Ep 1039 | 드론3 목적지73 | 1000스텝 | 배송 64/73 | 재적재 11 | 중계율 0.09 | alpha 1.682 | step_limit
Ep 1040 | 드론3 목적지44 |  904스텝 | 배송 44/44 | 재적재  8 | 중계율 0.09 | alpha 1.689 | complete
Ep 1041 | 드론4 목적지65 | 1000스텝 | 배송 57/65 | 재적재 10 | 중계율 0.11 | alpha 1.672 | step_limit
Ep 1042 | 드론3 목적지37 | 1000스텝 | 배송 33/37 | 재적재  5 | 중계율 0.10 | alpha 1.662 | step_limit
Ep 1043 | 드론4 목적지52 |  642스텝 | 배송 52/52 | 재적재  9 | 중계율 0.04 | alpha 1.657 | complete
Ep 1044 | 드론3 목적지36 |  845스텝 | 배송 36/36 | 재적재  6 | 중계율 0.09 | alpha 1.648 | complete
Ep 1045 | 드론3 목적지52 | 1000스텝 | 배송 50/52 | 재적재  9 | 중계율 0.09 | alpha 1.643 | step_limit
Ep 1046 | 드론4 목적지43 |  583스텝 | 배송 43/43 | 재적재  7 | 중계율 0.10 | alpha 1.643 | complete
Ep 1047 | 드론3 목적지52 | 1000스텝 | 배송 42/52 | 재적재  8 | 중계율 0.13 | alpha 1.635 | step_limit
Ep 1048 | 드론3 목적지51 | 1000스텝 | 배송 42/51 | 재적재  7 | 중계율 0.10 | alpha 1.626 | step_limit
Ep 1049 | 드론3 목적지72 | 1000스텝 | 배송 51/72 | 재적재 10 | 중계율 0.12 | alpha 1.626 | step_limit
Ep 1050 | 드론4 목적지76 | 1000스텝 | 배송 71/76 | 재적재 12 | 중계율 0.11 | alpha 1.641 | step_limit
  [홀드아웃] 배송 49.7±1.2 완주 0.89 스텝 1089 점수 114.2 재적재 8.5 2홉+ 0.63 | 최고 124.3@ep500 정체 11/15
Ep 1051 | 드론3 목적지79 | 1000스텝 | 배송 55/79 | 재적재 10 | 중계율 0.11 | alpha 1.640 | step_limit
Ep 1052 | 드론4 목적지45 |  731스텝 | 배송 45/45 | 재적재  7 | 중계율 0.08 | alpha 1.628 | complete
Ep 1053 | 드론4 목적지49 |  857스텝 | 배송 49/49 | 재적재  9 | 중계율 0.10 | alpha 1.642 | complete
Ep 1054 | 드론4 목적지61 |  745스텝 | 배송 61/61 | 재적재 10 | 중계율 0.05 | alpha 1.638 | complete
Ep 1055 | 드론4 목적지41 |  796스텝 | 배송 41/41 | 재적재  7 | 중계율 0.08 | alpha 1.630 | complete
Ep 1056 | 드론4 목적지54 |  865스텝 | 배송 54/54 | 재적재  9 | 중계율 0.09 | alpha 1.629 | complete
Ep 1057 | 드론4 목적지64 | 1000스텝 | 배송 62/64 | 재적재 11 | 중계율 0.06 | alpha 1.608 | step_limit
Ep 1058 | 드론4 목적지66 | 1000스텝 | 배송 61/66 | 재적재 11 | 중계율 0.09 | alpha 1.589 | step_limit
Ep 1059 | 드론3 목적지51 |  866스텝 | 배송 51/51 | 재적재  9 | 중계율 0.08 | alpha 1.588 | complete
Ep 1060 | 드론4 목적지52 |  982스텝 | 배송 52/52 | 재적재  9 | 중계율 0.13 | alpha 1.589 | complete
Ep 1061 | 드론4 목적지37 |  827스텝 | 배송 37/37 | 재적재  6 | 중계율 0.10 | alpha 1.598 | complete
Ep 1062 | 드론4 목적지24 |  520스텝 | 배송 24/24 | 재적재  4 | 중계율 0.08 | alpha 1.606 | complete
Ep 1063 | 드론4 목적지73 | 1000스텝 | 배송 64/73 | 재적재 11 | 중계율 0.08 | alpha 1.594 | step_limit
Ep 1064 | 드론4 목적지39 |  739스텝 | 배송 39/39 | 재적재  7 | 중계율 0.08 | alpha 1.584 | complete
Ep 1065 | 드론3 목적지24 |  628스텝 | 배송 24/24 | 재적재  3 | 중계율 0.10 | alpha 1.583 | complete
Ep 1066 | 드론3 목적지75 | 1000스텝 | 배송 63/75 | 재적재 12 | 중계율 0.09 | alpha 1.615 | step_limit
Ep 1067 | 드론4 목적지50 |  600스텝 | 배송 50/50 | 재적재  8 | 중계율 0.07 | alpha 1.617 | complete
Ep 1068 | 드론3 목적지45 |  893스텝 | 배송 45/45 | 재적재  8 | 중계율 0.06 | alpha 1.621 | complete
Ep 1069 | 드론4 목적지20 |  443스텝 | 배송 20/20 | 재적재  3 | 중계율 0.06 | alpha 1.628 | complete
Ep 1070 | 드론3 목적지79 | 1000스텝 | 배송 70/79 | 재적재 12 | 중계율 0.06 | alpha 1.639 | step_limit
Ep 1071 | 드론3 목적지32 |  639스텝 | 배송 32/32 | 재적재  5 | 중계율 0.06 | alpha 1.652 | complete
Ep 1072 | 드론3 목적지56 | 1000스텝 | 배송 42/56 | 재적재  8 | 중계율 0.09 | alpha 1.671 | step_limit
Ep 1073 | 드론4 목적지25 |  627스텝 | 배송 25/25 | 재적재  4 | 중계율 0.09 | alpha 1.672 | complete
Ep 1074 | 드론3 목적지34 |  875스텝 | 배송 34/34 | 재적재  5 | 중계율 0.13 | alpha 1.669 | complete
Ep 1075 | 드론4 목적지40 |  557스텝 | 배송 40/40 | 재적재  6 | 중계율 0.06 | alpha 1.672 | complete
Ep 1076 | 드론3 목적지73 | 1000스텝 | 배송 60/73 | 재적재 11 | 중계율 0.08 | alpha 1.667 | step_limit
Ep 1077 | 드론4 목적지50 |  934스텝 | 배송 50/50 | 재적재  9 | 중계율 0.13 | alpha 1.662 | complete
Ep 1078 | 드론4 목적지62 | 1000스텝 | 배송 60/62 | 재적재 10 | 중계율 0.08 | alpha 1.669 | step_limit
Ep 1079 | 드론3 목적지25 |  541스텝 | 배송 25/25 | 재적재  4 | 중계율 0.04 | alpha 1.666 | complete
Ep 1080 | 드론3 목적지51 | 1000스텝 | 배송 46/51 | 재적재  8 | 중계율 0.10 | alpha 1.646 | step_limit
Ep 1081 | 드론4 목적지46 | 1000스텝 | 배송 42/46 | 재적재  8 | 중계율 0.12 | alpha 1.631 | step_limit
Ep 1082 | 드론4 목적지51 |  646스텝 | 배송 51/51 | 재적재  8 | 중계율 0.05 | alpha 1.620 | complete
Ep 1083 | 드론3 목적지64 | 1000스텝 | 배송 50/64 | 재적재  8 | 중계율 0.09 | alpha 1.600 | step_limit
Ep 1084 | 드론3 목적지48 | 1000스텝 | 배송 47/48 | 재적재  8 | 중계율 0.11 | alpha 1.579 | step_limit
Ep 1085 | 드론3 목적지60 | 1000스텝 | 배송 52/60 | 재적재  8 | 중계율 0.10 | alpha 1.578 | step_limit
Ep 1086 | 드론4 목적지27 |  522스텝 | 배송 27/27 | 재적재  4 | 중계율 0.07 | alpha 1.593 | complete
Ep 1087 | 드론4 목적지66 | 1000스텝 | 배송 52/66 | 재적재  9 | 중계율 0.10 | alpha 1.615 | step_limit
Ep 1088 | 드론4 목적지48 |  613스텝 | 배송 48/48 | 재적재  8 | 중계율 0.08 | alpha 1.599 | complete
Ep 1089 | 드론3 목적지63 | 1000스텝 | 배송 53/63 | 재적재  9 | 중계율 0.09 | alpha 1.598 | step_limit
Ep 1090 | 드론4 목적지78 | 1000스텝 | 배송 60/78 | 재적재 11 | 중계율 0.11 | alpha 1.616 | step_limit
Ep 1091 | 드론3 목적지66 | 1000스텝 | 배송 56/66 | 재적재 11 | 중계율 0.08 | alpha 1.621 | step_limit
Ep 1092 | 드론3 목적지77 | 1000스텝 | 배송 57/77 | 재적재 10 | 중계율 0.08 | alpha 1.626 | step_limit
Ep 1093 | 드론3 목적지72 | 1000스텝 | 배송 59/72 | 재적재 11 | 중계율 0.06 | alpha 1.626 | step_limit
Ep 1094 | 드론4 목적지45 |  732스텝 | 배송 45/45 | 재적재  7 | 중계율 0.06 | alpha 1.605 | complete
Ep 1095 | 드론4 목적지21 |  360스텝 | 배송 21/21 | 재적재  3 | 중계율 0.04 | alpha 1.599 | complete
Ep 1096 | 드론4 목적지77 | 1000스텝 | 배송 67/77 | 재적재 13 | 중계율 0.07 | alpha 1.593 | step_limit
Ep 1097 | 드론3 목적지44 |  858스텝 | 배송 44/44 | 재적재  7 | 중계율 0.09 | alpha 1.596 | complete
Ep 1098 | 드론3 목적지59 | 1000스텝 | 배송 49/59 | 재적재  9 | 중계율 0.12 | alpha 1.578 | step_limit
Ep 1099 | 드론3 목적지75 | 1000스텝 | 배송 63/75 | 재적재 12 | 중계율 0.07 | alpha 1.580 | step_limit
Ep 1100 | 드론3 목적지54 | 1000스텝 | 배송 50/54 | 재적재  9 | 중계율 0.07 | alpha 1.578 | step_limit
  [홀드아웃] 배송 49.4±4.0 완주 0.95 스텝 1066 점수 120.8 재적재 8.3 2홉+ 0.63 | 최고 124.3@ep500 정체 12/15
Ep 1101 | 드론3 목적지78 | 1000스텝 | 배송 61/78 | 재적재 10 | 중계율 0.04 | alpha 1.580 | step_limit
Ep 1102 | 드론4 목적지36 |  542스텝 | 배송 36/36 | 재적재  5 | 중계율 0.06 | alpha 1.593 | complete
Ep 1103 | 드론3 목적지32 |  762스텝 | 배송 32/32 | 재적재  5 | 중계율 0.12 | alpha 1.602 | complete
Ep 1104 | 드론4 목적지37 |  677스텝 | 배송 37/37 | 재적재  6 | 중계율 0.08 | alpha 1.600 | complete
Ep 1105 | 드론4 목적지63 |  984스텝 | 배송 63/63 | 재적재 10 | 중계율 0.06 | alpha 1.607 | complete
Ep 1106 | 드론4 목적지46 |  998스텝 | 배송 46/46 | 재적재  8 | 중계율 0.08 | alpha 1.602 | complete
Ep 1107 | 드론4 목적지21 |  444스텝 | 배송 21/21 | 재적재  3 | 중계율 0.06 | alpha 1.609 | complete
Ep 1108 | 드론3 목적지41 |  974스텝 | 배송 41/41 | 재적재  7 | 중계율 0.12 | alpha 1.609 | complete
Ep 1109 | 드론4 목적지21 |  275스텝 | 배송 21/21 | 재적재  3 | 중계율 0.06 | alpha 1.609 | complete
Ep 1110 | 드론3 목적지55 | 1000스텝 | 배송 46/55 | 재적재  9 | 중계율 0.11 | alpha 1.623 | step_limit
Ep 1111 | 드론4 목적지49 |  656스텝 | 배송 49/49 | 재적재  7 | 중계율 0.04 | alpha 1.632 | complete
Ep 1112 | 드론3 목적지27 |  724스텝 | 배송 27/27 | 재적재  4 | 중계율 0.09 | alpha 1.644 | complete
Ep 1113 | 드론4 목적지70 |  879스텝 | 배송 70/70 | 재적재 12 | 중계율 0.06 | alpha 1.664 | complete
Ep 1114 | 드론4 목적지50 |  764스텝 | 배송 50/50 | 재적재  9 | 중계율 0.05 | alpha 1.676 | complete
Ep 1115 | 드론4 목적지73 | 1000스텝 | 배송 58/73 | 재적재  9 | 중계율 0.09 | alpha 1.679 | step_limit
Ep 1116 | 드론3 목적지54 | 1000스텝 | 배송 42/54 | 재적재  8 | 중계율 0.12 | alpha 1.691 | step_limit
Ep 1117 | 드론4 목적지74 |  883스텝 | 배송 74/74 | 재적재 14 | 중계율 0.05 | alpha 1.700 | complete
Ep 1118 | 드론4 목적지52 | 1000스텝 | 배송 47/52 | 재적재  8 | 중계율 0.13 | alpha 1.688 | step_limit
Ep 1119 | 드론4 목적지22 |  492스텝 | 배송 22/22 | 재적재  3 | 중계율 0.07 | alpha 1.689 | complete
Ep 1120 | 드론4 목적지40 |  804스텝 | 배송 40/40 | 재적재  6 | 중계율 0.11 | alpha 1.707 | complete
Ep 1121 | 드론4 목적지26 | 1000스텝 | 배송 24/26 | 재적재  4 | 중계율 0.14 | alpha 1.704 | step_limit
Ep 1122 | 드론4 목적지55 |  699스텝 | 배송 55/55 | 재적재  8 | 중계율 0.04 | alpha 1.699 | complete
Ep 1123 | 드론4 목적지54 |  867스텝 | 배송 54/54 | 재적재  9 | 중계율 0.09 | alpha 1.687 | complete
Ep 1124 | 드론4 목적지79 |  847스텝 | 배송 79/79 | 재적재 15 | 중계율 0.07 | alpha 1.672 | complete
Ep 1125 | 드론4 목적지53 |  810스텝 | 배송 53/53 | 재적재  9 | 중계율 0.05 | alpha 1.659 | complete
Ep 1126 | 드론4 목적지21 |  323스텝 | 배송 21/21 | 재적재  2 | 중계율 0.04 | alpha 1.649 | complete
Ep 1127 | 드론3 목적지66 | 1000스텝 | 배송 48/66 | 재적재  9 | 중계율 0.10 | alpha 1.640 | step_limit
Ep 1128 | 드론4 목적지70 | 1000스텝 | 배송 68/70 | 재적재 11 | 중계율 0.10 | alpha 1.646 | step_limit
Ep 1129 | 드론4 목적지28 |  762스텝 | 배송 28/28 | 재적재  5 | 중계율 0.12 | alpha 1.642 | complete
Ep 1130 | 드론4 목적지45 |  697스텝 | 배송 45/45 | 재적재  7 | 중계율 0.10 | alpha 1.631 | complete
Ep 1131 | 드론3 목적지55 | 1000스텝 | 배송 46/55 | 재적재  8 | 중계율 0.08 | alpha 1.634 | step_limit
Ep 1132 | 드론4 목적지59 |  903스텝 | 배송 59/59 | 재적재 10 | 중계율 0.08 | alpha 1.648 | complete
Ep 1133 | 드론4 목적지69 |  922스텝 | 배송 69/69 | 재적재 12 | 중계율 0.04 | alpha 1.651 | complete
Ep 1134 | 드론4 목적지28 |  521스텝 | 배송 28/28 | 재적재  4 | 중계율 0.09 | alpha 1.657 | complete
Ep 1135 | 드론3 목적지68 | 1000스텝 | 배송 58/68 | 재적재 11 | 중계율 0.10 | alpha 1.656 | step_limit
Ep 1136 | 드론4 목적지76 | 1000스텝 | 배송 61/76 | 재적재 11 | 중계율 0.12 | alpha 1.667 | step_limit
Ep 1137 | 드론4 목적지30 |  436스텝 | 배송 30/30 | 재적재  4 | 중계율 0.04 | alpha 1.668 | complete
Ep 1138 | 드론3 목적지48 |  923스텝 | 배송 48/48 | 재적재  8 | 중계율 0.06 | alpha 1.676 | complete
Ep 1139 | 드론4 목적지39 |  754스텝 | 배송 39/39 | 재적재  7 | 중계율 0.07 | alpha 1.673 | complete
Ep 1140 | 드론3 목적지80 | 1000스텝 | 배송 54/80 | 재적재  9 | 중계율 0.05 | alpha 1.670 | step_limit
Ep 1141 | 드론3 목적지28 |  634스텝 | 배송 28/28 | 재적재  5 | 중계율 0.05 | alpha 1.671 | complete
Ep 1142 | 드론4 목적지47 |  585스텝 | 배송 47/47 | 재적재  7 | 중계율 0.05 | alpha 1.678 | complete
Ep 1143 | 드론3 목적지44 | 1000스텝 | 배송 41/44 | 재적재  8 | 중계율 0.11 | alpha 1.678 | step_limit
Ep 1144 | 드론3 목적지28 | 1000스텝 | 배송 26/28 | 재적재  5 | 중계율 0.15 | alpha 1.678 | step_limit
Ep 1145 | 드론4 목적지21 |  410스텝 | 배송 21/21 | 재적재  2 | 중계율 0.11 | alpha 1.665 | complete
Ep 1146 | 드론3 목적지72 | 1000스텝 | 배송 56/72 | 재적재 10 | 중계율 0.06 | alpha 1.656 | step_limit
Ep 1147 | 드론3 목적지77 | 1000스텝 | 배송 64/77 | 재적재 12 | 중계율 0.11 | alpha 1.666 | step_limit
Ep 1148 | 드론4 목적지45 |  837스텝 | 배송 45/45 | 재적재  8 | 중계율 0.06 | alpha 1.640 | complete
Ep 1149 | 드론3 목적지80 | 1000스텝 | 배송 65/80 | 재적재 12 | 중계율 0.09 | alpha 1.618 | step_limit
Ep 1150 | 드론3 목적지73 | 1000스텝 | 배송 60/73 | 재적재 11 | 중계율 0.07 | alpha 1.631 | step_limit
  [홀드아웃] 배송 49.6±1.9 완주 0.93 스텝 1081 점수 118.1 재적재 8.3 2홉+ 0.64 | 최고 124.3@ep500 정체 13/15
Ep 1151 | 드론3 목적지40 | 1000스텝 | 배송 38/40 | 재적재  7 | 중계율 0.11 | alpha 1.630 | step_limit
Ep 1152 | 드론3 목적지61 | 1000스텝 | 배송 56/61 | 재적재 10 | 중계율 0.09 | alpha 1.624 | step_limit
Ep 1153 | 드론4 목적지24 |  760스텝 | 배송 24/24 | 재적재  3 | 중계율 0.13 | alpha 1.619 | complete
Ep 1154 | 드론3 목적지24 |  662스텝 | 배송 24/24 | 재적재  3 | 중계율 0.13 | alpha 1.607 | complete
Ep 1155 | 드론3 목적지31 |  624스텝 | 배송 31/31 | 재적재  5 | 중계율 0.09 | alpha 1.610 | complete
Ep 1156 | 드론3 목적지20 |  507스텝 | 배송 20/20 | 재적재  3 | 중계율 0.04 | alpha 1.597 | complete
Ep 1157 | 드론4 목적지23 |  385스텝 | 배송 23/23 | 재적재  3 | 중계율 0.03 | alpha 1.601 | complete
Ep 1158 | 드론4 목적지41 | 1000스텝 | 배송 40/41 | 재적재  6 | 중계율 0.12 | alpha 1.597 | step_limit
Ep 1159 | 드론4 목적지64 |  960스텝 | 배송 64/64 | 재적재 11 | 중계율 0.08 | alpha 1.610 | complete
Ep 1160 | 드론3 목적지47 |  877스텝 | 배송 47/47 | 재적재  8 | 중계율 0.09 | alpha 1.614 | complete
Ep 1161 | 드론4 목적지70 |  954스텝 | 배송 70/70 | 재적재 13 | 중계율 0.05 | alpha 1.639 | complete
Ep 1162 | 드론4 목적지77 | 1000스텝 | 배송 74/77 | 재적재 14 | 중계율 0.08 | alpha 1.632 | step_limit
Ep 1163 | 드론3 목적지43 | 1000스텝 | 배송 37/43 | 재적재  7 | 중계율 0.14 | alpha 1.648 | step_limit
Ep 1164 | 드론3 목적지40 | 1000스텝 | 배송 39/40 | 재적재  7 | 중계율 0.12 | alpha 1.654 | step_limit
Ep 1165 | 드론4 목적지67 |  791스텝 | 배송 67/67 | 재적재 11 | 중계율 0.06 | alpha 1.647 | complete
Ep 1166 | 드론4 목적지65 |  951스텝 | 배송 65/65 | 재적재 12 | 중계율 0.06 | alpha 1.644 | complete
Ep 1167 | 드론3 목적지24 | 1000스텝 | 배송 21/24 | 재적재  3 | 중계율 0.18 | alpha 1.640 | step_limit
Ep 1168 | 드론4 목적지67 | 1000스텝 | 배송 60/67 | 재적재 10 | 중계율 0.12 | alpha 1.638 | step_limit
Ep 1169 | 드론3 목적지37 |  888스텝 | 배송 37/37 | 재적재  5 | 중계율 0.08 | alpha 1.626 | complete
Ep 1170 | 드론3 목적지35 |  743스텝 | 배송 35/35 | 재적재  5 | 중계율 0.07 | alpha 1.624 | complete
Ep 1171 | 드론4 목적지70 | 1000스텝 | 배송 69/70 | 재적재 13 | 중계율 0.10 | alpha 1.640 | step_limit
Ep 1172 | 드론4 목적지56 | 1000스텝 | 배송 52/56 | 재적재 10 | 중계율 0.11 | alpha 1.627 | step_limit
Ep 1173 | 드론3 목적지39 | 1000스텝 | 배송 37/39 | 재적재  6 | 중계율 0.13 | alpha 1.639 | step_limit
Ep 1174 | 드론4 목적지53 |  921스텝 | 배송 53/53 | 재적재  9 | 중계율 0.08 | alpha 1.638 | complete
Ep 1175 | 드론4 목적지44 |  934스텝 | 배송 44/44 | 재적재  8 | 중계율 0.13 | alpha 1.629 | complete
Ep 1176 | 드론4 목적지44 | 1000스텝 | 배송 40/44 | 재적재  6 | 중계율 0.05 | alpha 1.623 | step_limit
Ep 1177 | 드론4 목적지33 |  769스텝 | 배송 33/33 | 재적재  5 | 중계율 0.06 | alpha 1.610 | complete
Ep 1178 | 드론3 목적지61 | 1000스텝 | 배송 56/61 | 재적재 10 | 중계율 0.07 | alpha 1.626 | step_limit
Ep 1179 | 드론4 목적지71 |  895스텝 | 배송 71/71 | 재적재 13 | 중계율 0.04 | alpha 1.643 | complete
Ep 1180 | 드론4 목적지62 | 1000스텝 | 배송 60/62 | 재적재 10 | 중계율 0.11 | alpha 1.635 | step_limit
Ep 1181 | 드론4 목적지50 | 1000스텝 | 배송 47/50 | 재적재  8 | 중계율 0.08 | alpha 1.634 | step_limit
Ep 1182 | 드론3 목적지79 | 1000스텝 | 배송 60/79 | 재적재 11 | 중계율 0.07 | alpha 1.649 | step_limit
Ep 1183 | 드론4 목적지51 |  573스텝 | 배송 51/51 | 재적재  9 | 중계율 0.08 | alpha 1.649 | complete
Ep 1184 | 드론4 목적지30 |  415스텝 | 배송 30/30 | 재적재  4 | 중계율 0.07 | alpha 1.651 | complete
Ep 1185 | 드론3 목적지77 | 1000스텝 | 배송 67/77 | 재적재 12 | 중계율 0.08 | alpha 1.654 | step_limit
Ep 1186 | 드론4 목적지42 |  663스텝 | 배송 42/42 | 재적재  7 | 중계율 0.05 | alpha 1.663 | complete
Ep 1187 | 드론4 목적지20 |  401스텝 | 배송 20/20 | 재적재  2 | 중계율 0.05 | alpha 1.671 | complete
Ep 1188 | 드론3 목적지74 | 1000스텝 | 배송 52/74 | 재적재  9 | 중계율 0.11 | alpha 1.686 | step_limit
Ep 1189 | 드론4 목적지60 |  685스텝 | 배송 60/60 | 재적재 11 | 중계율 0.06 | alpha 1.700 | complete
Ep 1190 | 드론3 목적지26 |  659스텝 | 배송 26/26 | 재적재  4 | 중계율 0.08 | alpha 1.728 | complete
Ep 1191 | 드론4 목적지27 |  593스텝 | 배송 27/27 | 재적재  4 | 중계율 0.07 | alpha 1.728 | complete
Ep 1192 | 드론4 목적지78 | 1000스텝 | 배송 76/78 | 재적재 14 | 중계율 0.06 | alpha 1.739 | step_limit
Ep 1193 | 드론3 목적지42 |  894스텝 | 배송 42/42 | 재적재  7 | 중계율 0.11 | alpha 1.761 | complete
Ep 1194 | 드론3 목적지75 | 1000스텝 | 배송 61/75 | 재적재 11 | 중계율 0.08 | alpha 1.769 | step_limit
Ep 1195 | 드론4 목적지56 | 1000스텝 | 배송 51/56 | 재적재  9 | 중계율 0.10 | alpha 1.787 | step_limit
Ep 1196 | 드론4 목적지66 | 1000스텝 | 배송 48/66 | 재적재  8 | 중계율 0.10 | alpha 1.801 | step_limit
Ep 1197 | 드론4 목적지59 |  877스텝 | 배송 59/59 | 재적재 10 | 중계율 0.09 | alpha 1.804 | complete
Ep 1198 | 드론3 목적지47 |  842스텝 | 배송 47/47 | 재적재  8 | 중계율 0.08 | alpha 1.818 | complete
Ep 1199 | 드론3 목적지65 | 1000스텝 | 배송 58/65 | 재적재 11 | 중계율 0.07 | alpha 1.815 | step_limit
Ep 1200 | 드론4 목적지48 | 1000스텝 | 배송 47/48 | 재적재  8 | 중계율 0.07 | alpha 1.822 | step_limit
  [홀드아웃] 배송 49.9±0.6 완주 0.97 스텝 1037 점수 123.7 재적재 8.6 2홉+ 0.64 | 최고 124.3@ep500 정체 14/15
Ep 1201 | 드론4 목적지22 |  658스텝 | 배송 22/22 | 재적재  3 | 중계율 0.09 | alpha 1.821 | complete
Ep 1202 | 드론3 목적지68 | 1000스텝 | 배송 59/68 | 재적재 11 | 중계율 0.07 | alpha 1.808 | step_limit
Ep 1203 | 드론3 목적지36 | 1000스텝 | 배송 35/36 | 재적재  6 | 중계율 0.07 | alpha 1.804 | step_limit
Ep 1204 | 드론3 목적지23 |  503스텝 | 배송 23/23 | 재적재  4 | 중계율 0.02 | alpha 1.800 | complete
Ep 1205 | 드론3 목적지32 |  730스텝 | 배송 32/32 | 재적재  5 | 중계율 0.09 | alpha 1.790 | complete
Ep 1206 | 드론3 목적지76 | 1000스텝 | 배송 65/76 | 재적재 13 | 중계율 0.10 | alpha 1.767 | step_limit
Ep 1207 | 드론4 목적지45 |  586스텝 | 배송 45/45 | 재적재  7 | 중계율 0.07 | alpha 1.760 | complete
Ep 1208 | 드론4 목적지40 |  610스텝 | 배송 40/40 | 재적재  7 | 중계율 0.04 | alpha 1.753 | complete
Ep 1209 | 드론3 목적지49 | 1000스텝 | 배송 48/49 | 재적재  9 | 중계율 0.09 | alpha 1.718 | step_limit
Ep 1210 | 드론3 목적지60 | 1000스텝 | 배송 52/60 | 재적재  9 | 중계율 0.13 | alpha 1.689 | step_limit
Ep 1211 | 드론3 목적지66 | 1000스텝 | 배송 58/66 | 재적재 10 | 중계율 0.09 | alpha 1.688 | step_limit
Ep 1212 | 드론4 목적지66 | 1000스텝 | 배송 63/66 | 재적재 11 | 중계율 0.06 | alpha 1.700 | step_limit
Ep 1213 | 드론4 목적지56 |  780스텝 | 배송 56/56 | 재적재 10 | 중계율 0.06 | alpha 1.712 | complete
Ep 1214 | 드론3 목적지49 | 1000스텝 | 배송 46/49 | 재적재  8 | 중계율 0.06 | alpha 1.726 | step_limit
Ep 1215 | 드론3 목적지21 |  390스텝 | 배송 21/21 | 재적재  3 | 중계율 0.06 | alpha 1.732 | complete
Ep 1216 | 드론3 목적지38 |  966스텝 | 배송 38/38 | 재적재  6 | 중계율 0.15 | alpha 1.736 | complete
Ep 1217 | 드론3 목적지22 |  521스텝 | 배송 22/22 | 재적재  3 | 중계율 0.09 | alpha 1.737 | complete
Ep 1218 | 드론3 목적지61 | 1000스텝 | 배송 56/61 | 재적재 10 | 중계율 0.08 | alpha 1.740 | step_limit
Ep 1219 | 드론4 목적지66 | 1000스텝 | 배송 57/66 | 재적재 11 | 중계율 0.11 | alpha 1.739 | step_limit
Ep 1220 | 드론3 목적지38 |  788스텝 | 배송 19/38 | 재적재  2 | 중계율 0.02 | alpha 1.755 | no_progress
Ep 1221 | 드론3 목적지62 | 1000스텝 | 배송 53/62 | 재적재 10 | 중계율 0.10 | alpha 1.751 | step_limit
Ep 1222 | 드론4 목적지34 |  819스텝 | 배송 34/34 | 재적재  6 | 중계율 0.07 | alpha 1.756 | complete
Ep 1223 | 드론4 목적지35 |  950스텝 | 배송 35/35 | 재적재  6 | 중계율 0.10 | alpha 1.757 | complete
Ep 1224 | 드론4 목적지33 |  654스텝 | 배송 33/33 | 재적재  5 | 중계율 0.08 | alpha 1.760 | complete
Ep 1225 | 드론3 목적지70 | 1000스텝 | 배송 64/70 | 재적재 12 | 중계율 0.05 | alpha 1.738 | step_limit
Ep 1226 | 드론4 목적지32 |  576스텝 | 배송 32/32 | 재적재  5 | 중계율 0.07 | alpha 1.752 | complete
Ep 1227 | 드론3 목적지77 | 1000스텝 | 배송 60/77 | 재적재 11 | 중계율 0.09 | alpha 1.767 | step_limit
Ep 1228 | 드론3 목적지35 |  867스텝 | 배송 35/35 | 재적재  6 | 중계율 0.09 | alpha 1.773 | complete
Ep 1229 | 드론4 목적지25 |  399스텝 | 배송 25/25 | 재적재  3 | 중계율 0.06 | alpha 1.772 | complete
Ep 1230 | 드론3 목적지50 | 1000스텝 | 배송 45/50 | 재적재  8 | 중계율 0.13 | alpha 1.761 | step_limit
Ep 1231 | 드론4 목적지65 |  831스텝 | 배송 65/65 | 재적재 11 | 중계율 0.03 | alpha 1.753 | complete
Ep 1232 | 드론3 목적지79 | 1000스텝 | 배송 61/79 | 재적재 11 | 중계율 0.08 | alpha 1.746 | step_limit
Ep 1233 | 드론3 목적지30 | 1000스텝 | 배송 29/30 | 재적재  5 | 중계율 0.09 | alpha 1.748 | step_limit
Ep 1234 | 드론4 목적지57 |  884스텝 | 배송 57/57 | 재적재 10 | 중계율 0.08 | alpha 1.755 | complete
Ep 1235 | 드론3 목적지49 | 1000스텝 | 배송 41/49 | 재적재  7 | 중계율 0.10 | alpha 1.750 | step_limit
Ep 1236 | 드론3 목적지72 | 1000스텝 | 배송 53/72 | 재적재 10 | 중계율 0.06 | alpha 1.753 | step_limit
Ep 1237 | 드론3 목적지57 | 1000스텝 | 배송 51/57 | 재적재  9 | 중계율 0.08 | alpha 1.760 | step_limit
Ep 1238 | 드론4 목적지73 | 1000스텝 | 배송 53/73 | 재적재 10 | 중계율 0.09 | alpha 1.747 | step_limit
Ep 1239 | 드론3 목적지40 | 1000스텝 | 배송 37/40 | 재적재  7 | 중계율 0.11 | alpha 1.748 | step_limit
Ep 1240 | 드론4 목적지21 |  455스텝 | 배송 21/21 | 재적재  3 | 중계율 0.03 | alpha 1.750 | complete
Ep 1241 | 드론4 목적지58 | 1000스텝 | 배송 56/58 | 재적재  9 | 중계율 0.10 | alpha 1.752 | step_limit
Ep 1242 | 드론4 목적지71 | 1000스텝 | 배송 67/71 | 재적재 11 | 중계율 0.08 | alpha 1.766 | step_limit
Ep 1243 | 드론4 목적지54 | 1000스텝 | 배송 52/54 | 재적재  9 | 중계율 0.08 | alpha 1.763 | step_limit
Ep 1244 | 드론4 목적지23 |  583스텝 | 배송 23/23 | 재적재  3 | 중계율 0.08 | alpha 1.774 | complete
Ep 1245 | 드론3 목적지31 | 1000스텝 | 배송 30/31 | 재적재  5 | 중계율 0.08 | alpha 1.761 | step_limit
Ep 1246 | 드론4 목적지37 |  608스텝 | 배송 37/37 | 재적재  7 | 중계율 0.04 | alpha 1.761 | complete
Ep 1247 | 드론3 목적지20 |  566스텝 | 배송 20/20 | 재적재  2 | 중계율 0.10 | alpha 1.766 | complete
Ep 1248 | 드론4 목적지79 | 1000스텝 | 배송 71/79 | 재적재 12 | 중계율 0.06 | alpha 1.782 | step_limit
Ep 1249 | 드론3 목적지22 |  533스텝 | 배송 22/22 | 재적재  2 | 중계율 0.11 | alpha 1.788 | complete
Ep 1250 | 드론3 목적지27 |  820스텝 | 배송 27/27 | 재적재  4 | 중계율 0.12 | alpha 1.800 | complete
  [홀드아웃] 배송 49.7±1.9 완주 0.95 스텝 1057 점수 120.9 재적재 8.5 2홉+ 0.64 | 최고 124.3@ep500 정체 15/15

조기 종료. 최고 124.3@ep500
Training finished. best=124.3 @ ep500
