/home/kopt/enter/envs/wsl_neuroMCTS/lib/python3.10/site-packages/pygame/pkgdata.py:25: UserWarning: pkg_resources is deprecated as an API. See https://setuptools.pypa.io/en/latest/pkg_resources.html. The pkg_resources package is slated for removal as early as 2025-11-30. Refrain from using this package or pin to Setuptools<81.
  from pkg_resources import resource_stream, resource_exists
pygame 2.6.1 (SDL 2.28.4, Python 3.10.19)
Hello from the pygame community. https://www.pygame.org/contribute.html
집합 상위 학습 | 반경 300 상한 1000 무배송 500 gamma 0.997 구성=무작위 드론[3, 4] 목적지[20, 80] CC무작위 인스턴스=무작위 목표유지=off 완주보상=0.0 잔여페널티=0.1 규칙관측=False 규칙정규화=2.0 막힘페널티=0.0 도달권shaping=0.0 정체전환보상=0.0 엔트로피비=0.6->0.25@400 자기회귀=False 홀드아웃상한=3000 선택=makespan/속도가중치=40.0
/home/kopt/drone/proposed_src/pipeline/train_v5_26_09_15_23.py:354: UserWarning: Converting a tensor with requires_grad=True to a scalar may lead to unexpected behavior.
Consider using tensor.detach() first. (Triggered internally at /pytorch/torch/csrc/autograd/generated/python_variable_methods.cpp:836.)
  writer.add_scalar("train/alpha", float(log_alpha.exp()), ep)
Ep 1 | 드론4 목적지43 | 1000스텝 | 배송 38/43 | 재적재  6 | 중계율 0.08 | alpha 0.100 | step_limit
Ep 2 | 드론3 목적지74 | 1000스텝 | 배송 53/74 | 재적재  9 | 중계율 0.07 | alpha 0.100 | step_limit
Ep 3 | 드론4 목적지43 | 1000스텝 | 배송 40/43 | 재적재  7 | 중계율 0.07 | alpha 0.100 | step_limit
Ep 4 | 드론3 목적지23 | 1000스텝 | 배송 18/23 | 재적재  3 | 중계율 0.09 | alpha 0.100 | step_limit
Ep 5 | 드론3 목적지31 | 1000스텝 | 배송 30/31 | 재적재  4 | 중계율 0.19 | alpha 0.099 | step_limit
Ep 6 | 드론3 목적지68 | 1000스텝 | 배송 60/68 | 재적재 10 | 중계율 0.27 | alpha 0.109 | step_limit
Ep 7 | 드론4 목적지44 |  699스텝 | 배송 44/44 | 재적재  7 | 중계율 0.30 | alpha 0.117 | complete
Ep 8 | 드론4 목적지30 |  433스텝 | 배송 30/30 | 재적재  4 | 중계율 0.35 | alpha 0.121 | complete
Ep 9 | 드론4 목적지42 |  679스텝 | 배송 42/42 | 재적재  5 | 중계율 0.35 | alpha 0.128 | complete
Ep 10 | 드론4 목적지47 |  650스텝 | 배송 47/47 | 재적재  8 | 중계율 0.33 | alpha 0.135 | complete
Ep 11 | 드론4 목적지21 |  433스텝 | 배송 21/21 | 재적재  3 | 중계율 0.24 | alpha 0.140 | complete
Ep 12 | 드론3 목적지37 |  784스텝 | 배송 28/37 | 재적재  4 | 중계율 0.30 | alpha 0.148 | no_progress
Ep 13 | 드론4 목적지28 |  393스텝 | 배송 28/28 | 재적재  3 | 중계율 0.25 | alpha 0.153 | complete
Ep 14 | 드론3 목적지41 |  862스텝 | 배송 41/41 | 재적재  7 | 중계율 0.34 | alpha 0.163 | complete
Ep 15 | 드론3 목적지66 | 1000스텝 | 배송 60/66 | 재적재 10 | 중계율 0.30 | alpha 0.175 | step_limit
Ep 16 | 드론3 목적지71 | 1000스텝 | 배송 66/71 | 재적재 12 | 중계율 0.29 | alpha 0.189 | step_limit
Ep 17 | 드론3 목적지24 |  997스텝 | 배송 23/24 | 재적재  3 | 중계율 0.38 | alpha 0.203 | no_progress
Ep 18 | 드론4 목적지49 |  717스텝 | 배송 49/49 | 재적재  7 | 중계율 0.31 | alpha 0.213 | complete
Ep 19 | 드론4 목적지34 |  520스텝 | 배송 34/34 | 재적재  5 | 중계율 0.37 | alpha 0.221 | complete
Ep 20 | 드론3 목적지48 | 1000스텝 | 배송 46/48 | 재적재  7 | 중계율 0.32 | alpha 0.237 | step_limit
Ep 21 | 드론3 목적지63 | 1000스텝 | 배송 52/63 | 재적재  8 | 중계율 0.24 | alpha 0.255 | step_limit
Ep 22 | 드론4 목적지46 |  654스텝 | 배송 46/46 | 재적재  7 | 중계율 0.36 | alpha 0.267 | complete
Ep 23 | 드론3 목적지44 | 1000스텝 | 배송 40/44 | 재적재  8 | 중계율 0.30 | alpha 0.287 | step_limit
Ep 24 | 드론4 목적지41 |  637스텝 | 배송 41/41 | 재적재  6 | 중계율 0.29 | alpha 0.300 | complete
Ep 25 | 드론4 목적지38 | 1000스텝 | 배송 37/38 | 재적재  6 | 중계율 0.41 | alpha 0.323 | step_limit
Ep 26 | 드론4 목적지77 | 1000스텝 | 배송 73/77 | 재적재 13 | 중계율 0.30 | alpha 0.346 | step_limit
Ep 27 | 드론3 목적지41 |  879스텝 | 배송 41/41 | 재적재  8 | 중계율 0.34 | alpha 0.368 | complete
Ep 28 | 드론4 목적지52 |  824스텝 | 배송 52/52 | 재적재  7 | 중계율 0.40 | alpha 0.391 | complete
Ep 29 | 드론4 목적지72 | 1000스텝 | 배송 65/72 | 재적재 11 | 중계율 0.40 | alpha 0.420 | step_limit
Ep 30 | 드론4 목적지61 | 1000스텝 | 배송 51/61 | 재적재 10 | 중계율 0.34 | alpha 0.450 | step_limit
Ep 31 | 드론4 목적지45 |  770스텝 | 배송 45/45 | 재적재  7 | 중계율 0.33 | alpha 0.475 | complete
Ep 32 | 드론3 목적지68 | 1000스텝 | 배송 54/68 | 재적재  8 | 중계율 0.30 | alpha 0.510 | step_limit
Ep 33 | 드론3 목적지35 |  609스텝 | 배송 35/35 | 재적재  5 | 중계율 0.27 | alpha 0.532 | complete
Ep 34 | 드론3 목적지24 |  354스텝 | 배송 24/24 | 재적재  2 | 중계율 0.24 | alpha 0.545 | complete
Ep 35 | 드론3 목적지58 | 1000스텝 | 배송 55/58 | 재적재 10 | 중계율 0.25 | alpha 0.584 | step_limit
Ep 36 | 드론3 목적지64 | 1000스텝 | 배송 55/64 | 재적재  9 | 중계율 0.25 | alpha 0.625 | step_limit
Ep 37 | 드론4 목적지58 | 1000스텝 | 배송 49/58 | 재적재  7 | 중계율 0.37 | alpha 0.669 | step_limit
Ep 38 | 드론3 목적지77 | 1000스텝 | 배송 47/77 | 재적재  7 | 중계율 0.25 | alpha 0.716 | step_limit
Ep 39 | 드론3 목적지28 |  686스텝 | 배송 28/28 | 재적재  5 | 중계율 0.32 | alpha 0.750 | complete
Ep 40 | 드론3 목적지37 |  630스텝 | 배송 37/37 | 재적재  6 | 중계율 0.26 | alpha 0.783 | complete
Ep 41 | 드론4 목적지59 |  707스텝 | 배송 59/59 | 재적재  9 | 중계율 0.22 | alpha 0.821 | complete
Ep 42 | 드론4 목적지58 |  917스텝 | 배송 58/58 | 재적재  8 | 중계율 0.34 | alpha 0.874 | complete
Ep 43 | 드론4 목적지20 |  627스텝 | 배송 20/20 | 재적재  2 | 중계율 0.31 | alpha 0.912 | complete
Ep 44 | 드론4 목적지30 |  397스텝 | 배송 30/30 | 재적재  5 | 중계율 0.18 | alpha 0.936 | complete
Ep 45 | 드론4 목적지39 |  597스텝 | 배송 39/39 | 재적재  6 | 중계율 0.29 | alpha 0.975 | complete
Ep 46 | 드론4 목적지32 |  463스텝 | 배송 32/32 | 재적재  4 | 중계율 0.31 | alpha 1.006 | complete
Ep 47 | 드론4 목적지35 |  717스텝 | 배송 35/35 | 재적재  5 | 중계율 0.34 | alpha 1.057 | complete
Ep 48 | 드론4 목적지39 |  914스텝 | 배송 39/39 | 재적재  5 | 중계율 0.36 | alpha 1.123 | complete
Ep 49 | 드론4 목적지47 |  666스텝 | 배송 47/47 | 재적재  8 | 중계율 0.28 | alpha 1.175 | complete
Ep 50 | 드론3 목적지72 | 1000스텝 | 배송 54/72 | 재적재 10 | 중계율 0.22 | alpha 1.255 | step_limit
  [홀드아웃] 배송 49.7±1.6 완주 0.94 스텝 1192 점수 117.9 재적재 8.1 2홉+ 0.62 | 최고 117.9@ep50 정체 0/15  ← 갱신
Ep 51 | 드론3 목적지71 | 1000스텝 | 배송 64/71 | 재적재 12 | 중계율 0.16 | alpha 1.340 | step_limit
Ep 52 | 드론3 목적지45 |  726스텝 | 배송 45/45 | 재적재  8 | 중계율 0.25 | alpha 1.404 | complete
Ep 53 | 드론4 목적지64 |  560스텝 | 배송 64/64 | 재적재 11 | 중계율 0.16 | alpha 1.456 | complete
Ep 54 | 드론4 목적지24 | 1000스텝 | 배송 23/24 | 재적재  3 | 중계율 0.39 | alpha 1.551 | step_limit
Ep 55 | 드론4 목적지60 |  891스텝 | 배송 60/60 | 재적재  8 | 중계율 0.32 | alpha 1.640 | complete
Ep 56 | 드론4 목적지20 |  306스텝 | 배송 20/20 | 재적재  3 | 중계율 0.23 | alpha 1.671 | complete
Ep 57 | 드론4 목적지61 | 1000스텝 | 배송 57/61 | 재적재 10 | 중계율 0.26 | alpha 1.775 | step_limit
Ep 58 | 드론4 목적지77 | 1000스텝 | 배송 76/77 | 재적재 14 | 중계율 0.22 | alpha 1.879 | step_limit
Ep 59 | 드론4 목적지40 |  801스텝 | 배송 40/40 | 재적재  6 | 중계율 0.31 | alpha 1.961 | complete
Ep 60 | 드론3 목적지76 | 1000스텝 | 배송 59/76 | 재적재  9 | 중계율 0.23 | alpha 2.059 | step_limit
Ep 61 | 드론4 목적지66 |  883스텝 | 배송 66/66 | 재적재 11 | 중계율 0.26 | alpha 2.141 | complete
Ep 62 | 드론4 목적지43 |  642스텝 | 배송 43/43 | 재적재  7 | 중계율 0.19 | alpha 2.197 | complete
Ep 63 | 드론4 목적지57 |  749스텝 | 배송 57/57 | 재적재  8 | 중계율 0.24 | alpha 2.263 | complete
Ep 64 | 드론3 목적지52 | 1000스텝 | 배송 49/52 | 재적재  9 | 중계율 0.26 | alpha 2.344 | step_limit
Ep 65 | 드론4 목적지42 |  691스텝 | 배송 42/42 | 재적재  7 | 중계율 0.25 | alpha 2.394 | complete
Ep 66 | 드론3 목적지41 |  946스텝 | 배송 41/41 | 재적재  6 | 중계율 0.30 | alpha 2.459 | complete
Ep 67 | 드론4 목적지23 |  370스텝 | 배송 23/23 | 재적재  4 | 중계율 0.16 | alpha 2.484 | complete
Ep 68 | 드론4 목적지77 |  717스텝 | 배송 77/77 | 재적재 12 | 중계율 0.16 | alpha 2.525 | complete
Ep 69 | 드론3 목적지48 |  732스텝 | 배송 48/48 | 재적재  8 | 중계율 0.17 | alpha 2.555 | complete
Ep 70 | 드론3 목적지69 | 1000스텝 | 배송 50/69 | 재적재 10 | 중계율 0.20 | alpha 2.574 | step_limit
Ep 71 | 드론4 목적지34 |  593스텝 | 배송 34/34 | 재적재  5 | 중계율 0.19 | alpha 2.580 | complete
Ep 72 | 드론4 목적지61 | 1000스텝 | 배송 51/61 | 재적재  8 | 중계율 0.23 | alpha 2.574 | step_limit
Ep 73 | 드론4 목적지50 | 1000스텝 | 배송 39/50 | 재적재  4 | 중계율 0.34 | alpha 2.568 | step_limit
Ep 74 | 드론3 목적지70 | 1000스텝 | 배송 61/70 | 재적재 10 | 중계율 0.21 | alpha 2.562 | step_limit
Ep 75 | 드론4 목적지21 |  405스텝 | 배송 21/21 | 재적재  2 | 중계율 0.16 | alpha 2.561 | complete
Ep 76 | 드론3 목적지49 | 1000스텝 | 배송 43/49 | 재적재  8 | 중계율 0.28 | alpha 2.546 | step_limit
Ep 77 | 드론3 목적지67 | 1000스텝 | 배송 55/67 | 재적재  9 | 중계율 0.25 | alpha 2.534 | step_limit
Ep 78 | 드론3 목적지34 |  839스텝 | 배송 34/34 | 재적재  6 | 중계율 0.21 | alpha 2.518 | complete
Ep 79 | 드론4 목적지31 |  586스텝 | 배송 31/31 | 재적재  5 | 중계율 0.22 | alpha 2.521 | complete
Ep 80 | 드론3 목적지44 |  983스텝 | 배송 44/44 | 재적재  7 | 중계율 0.27 | alpha 2.530 | complete
Ep 81 | 드론4 목적지71 | 1000스텝 | 배송 58/71 | 재적재  9 | 중계율 0.28 | alpha 2.544 | step_limit
Ep 82 | 드론3 목적지59 | 1000스텝 | 배송 57/59 | 재적재 10 | 중계율 0.24 | alpha 2.555 | step_limit
Ep 83 | 드론4 목적지21 |  324스텝 | 배송 21/21 | 재적재  3 | 중계율 0.13 | alpha 2.555 | complete
Ep 84 | 드론3 목적지41 |  869스텝 | 배송 41/41 | 재적재  6 | 중계율 0.26 | alpha 2.557 | complete
Ep 85 | 드론4 목적지38 | 1000스텝 | 배송 37/38 | 재적재  6 | 중계율 0.32 | alpha 2.616 | step_limit
Ep 86 | 드론4 목적지64 |  909스텝 | 배송 64/64 | 재적재 12 | 중계율 0.25 | alpha 2.646 | complete
Ep 87 | 드론4 목적지24 |  424스텝 | 배송 24/24 | 재적재  2 | 중계율 0.24 | alpha 2.648 | complete
Ep 88 | 드론4 목적지66 |  755스텝 | 배송 66/66 | 재적재 11 | 중계율 0.18 | alpha 2.627 | complete
Ep 89 | 드론4 목적지20 |  397스텝 | 배송 20/20 | 재적재  2 | 중계율 0.20 | alpha 2.630 | complete
Ep 90 | 드론4 목적지37 |  393스텝 | 배송 37/37 | 재적재  5 | 중계율 0.12 | alpha 2.645 | complete
Ep 91 | 드론3 목적지60 | 1000스텝 | 배송 47/60 | 재적재  9 | 중계율 0.20 | alpha 2.654 | step_limit
Ep 92 | 드론3 목적지37 | 1000스텝 | 배송 35/37 | 재적재  6 | 중계율 0.28 | alpha 2.640 | step_limit
Ep 93 | 드론3 목적지27 |  932스텝 | 배송 27/27 | 재적재  4 | 중계율 0.33 | alpha 2.640 | complete
Ep 94 | 드론3 목적지76 | 1000스텝 | 배송 54/76 | 재적재  9 | 중계율 0.17 | alpha 2.649 | step_limit
Ep 95 | 드론4 목적지30 |  403스텝 | 배송 30/30 | 재적재  4 | 중계율 0.14 | alpha 2.650 | complete
Ep 96 | 드론4 목적지34 |  603스텝 | 배송 34/34 | 재적재  5 | 중계율 0.22 | alpha 2.630 | complete
Ep 97 | 드론4 목적지35 |  879스텝 | 배송 35/35 | 재적재  5 | 중계율 0.27 | alpha 2.619 | complete
Ep 98 | 드론4 목적지39 |  463스텝 | 배송 39/39 | 재적재  6 | 중계율 0.13 | alpha 2.614 | complete
Ep 99 | 드론4 목적지69 | 1000스텝 | 배송 55/69 | 재적재  9 | 중계율 0.27 | alpha 2.642 | step_limit
Ep 100 | 드론4 목적지80 | 1000스텝 | 배송 71/80 | 재적재 12 | 중계율 0.20 | alpha 2.649 | step_limit
  [홀드아웃] 배송 49.8±1.8 완주 0.99 스텝 1220 점수 122.5 재적재 8.0 2홉+ 0.64 | 최고 122.5@ep100 정체 0/15  ← 갱신
Ep 101 | 드론3 목적지62 | 1000스텝 | 배송 59/62 | 재적재  9 | 중계율 0.21 | alpha 2.655 | step_limit
Ep 102 | 드론3 목적지30 |  618스텝 | 배송 30/30 | 재적재  5 | 중계율 0.16 | alpha 2.651 | complete
Ep 103 | 드론4 목적지75 | 1000스텝 | 배송 71/75 | 재적재 12 | 중계율 0.22 | alpha 2.623 | step_limit
Ep 104 | 드론3 목적지39 |  870스텝 | 배송 39/39 | 재적재  7 | 중계율 0.20 | alpha 2.576 | complete
Ep 105 | 드론4 목적지24 |  545스텝 | 배송 24/24 | 재적재  3 | 중계율 0.17 | alpha 2.566 | complete
Ep 106 | 드론4 목적지73 | 1000스텝 | 배송 65/73 | 재적재 11 | 중계율 0.21 | alpha 2.525 | step_limit
Ep 107 | 드론4 목적지25 |  493스텝 | 배송 25/25 | 재적재  4 | 중계율 0.23 | alpha 2.525 | complete
Ep 108 | 드론3 목적지69 | 1000스텝 | 배송 59/69 | 재적재 10 | 중계율 0.23 | alpha 2.510 | step_limit
Ep 109 | 드론3 목적지25 |  473스텝 | 배송 25/25 | 재적재  4 | 중계율 0.16 | alpha 2.492 | complete
Ep 110 | 드론3 목적지26 |  997스텝 | 배송 26/26 | 재적재  3 | 중계율 0.28 | alpha 2.428 | complete
Ep 111 | 드론3 목적지21 |  601스텝 | 배송 21/21 | 재적재  3 | 중계율 0.22 | alpha 2.402 | complete
Ep 112 | 드론4 목적지31 |  360스텝 | 배송 31/31 | 재적재  4 | 중계율 0.15 | alpha 2.391 | complete
Ep 113 | 드론3 목적지57 | 1000스텝 | 배송 53/57 | 재적재  9 | 중계율 0.25 | alpha 2.369 | step_limit
Ep 114 | 드론4 목적지64 | 1000스텝 | 배송 59/64 | 재적재  9 | 중계율 0.25 | alpha 2.379 | step_limit
Ep 115 | 드론4 목적지57 |  787스텝 | 배송 57/57 | 재적재  9 | 중계율 0.23 | alpha 2.387 | complete
Ep 116 | 드론3 목적지78 | 1000스텝 | 배송 62/78 | 재적재 10 | 중계율 0.25 | alpha 2.398 | step_limit
Ep 117 | 드론4 목적지76 | 1000스텝 | 배송 49/76 | 재적재  8 | 중계율 0.29 | alpha 2.358 | step_limit
Ep 118 | 드론3 목적지59 | 1000스텝 | 배송 56/59 | 재적재 10 | 중계율 0.18 | alpha 2.349 | step_limit
Ep 119 | 드론3 목적지73 | 1000스텝 | 배송 60/73 | 재적재 11 | 중계율 0.23 | alpha 2.375 | step_limit
Ep 120 | 드론3 목적지68 | 1000스텝 | 배송 51/68 | 재적재  8 | 중계율 0.22 | alpha 2.388 | step_limit
Ep 121 | 드론4 목적지59 | 1000스텝 | 배송 55/59 | 재적재  9 | 중계율 0.29 | alpha 2.401 | step_limit
Ep 122 | 드론4 목적지55 |  818스텝 | 배송 55/55 | 재적재  9 | 중계율 0.19 | alpha 2.420 | complete
Ep 123 | 드론3 목적지22 |  405스텝 | 배송 22/22 | 재적재  3 | 중계율 0.22 | alpha 2.404 | complete
Ep 124 | 드론3 목적지57 | 1000스텝 | 배송 53/57 | 재적재  9 | 중계율 0.18 | alpha 2.388 | step_limit
Ep 125 | 드론3 목적지29 | 1000스텝 | 배송 26/29 | 재적재  5 | 중계율 0.22 | alpha 2.338 | step_limit
Ep 126 | 드론4 목적지80 | 1000스텝 | 배송 73/80 | 재적재 13 | 중계율 0.23 | alpha 2.308 | step_limit
Ep 127 | 드론4 목적지23 |  473스텝 | 배송 23/23 | 재적재  3 | 중계율 0.19 | alpha 2.326 | complete
Ep 128 | 드론3 목적지75 | 1000스텝 | 배송 49/75 | 재적재  9 | 중계율 0.25 | alpha 2.302 | step_limit
Ep 129 | 드론4 목적지31 |  880스텝 | 배송 25/31 | 재적재  2 | 중계율 0.40 | alpha 2.276 | no_progress
Ep 130 | 드론4 목적지26 |  319스텝 | 배송 26/26 | 재적재  3 | 중계율 0.12 | alpha 2.266 | complete
Ep 131 | 드론4 목적지57 |  844스텝 | 배송 57/57 | 재적재 10 | 중계율 0.22 | alpha 2.283 | complete
Ep 132 | 드론3 목적지51 | 1000스텝 | 배송 42/51 | 재적재  6 | 중계율 0.27 | alpha 2.247 | step_limit
Ep 133 | 드론4 목적지36 |  665스텝 | 배송 36/36 | 재적재  5 | 중계율 0.25 | alpha 2.238 | complete
Ep 134 | 드론4 목적지49 |  881스텝 | 배송 49/49 | 재적재  8 | 중계율 0.18 | alpha 2.233 | complete
Ep 135 | 드론3 목적지56 | 1000스텝 | 배송 49/56 | 재적재  9 | 중계율 0.27 | alpha 2.247 | step_limit
Ep 136 | 드론3 목적지38 | 1000스텝 | 배송 37/38 | 재적재  6 | 중계율 0.23 | alpha 2.258 | step_limit
Ep 137 | 드론4 목적지37 | 1000스텝 | 배송 35/37 | 재적재  5 | 중계율 0.18 | alpha 2.250 | step_limit
Ep 138 | 드론4 목적지68 | 1000스텝 | 배송 65/68 | 재적재 12 | 중계율 0.25 | alpha 2.229 | step_limit
Ep 139 | 드론3 목적지63 |  984스텝 | 배송 63/63 | 재적재 12 | 중계율 0.19 | alpha 2.234 | complete
Ep 140 | 드론4 목적지64 |  797스텝 | 배송 64/64 | 재적재 11 | 중계율 0.20 | alpha 2.261 | complete
Ep 141 | 드론3 목적지48 |  894스텝 | 배송 48/48 | 재적재  9 | 중계율 0.21 | alpha 2.250 | complete
Ep 142 | 드론4 목적지69 | 1000스텝 | 배송 65/69 | 재적재 13 | 중계율 0.18 | alpha 2.248 | step_limit
Ep 143 | 드론3 목적지58 | 1000스텝 | 배송 50/58 | 재적재  8 | 중계율 0.18 | alpha 2.187 | step_limit
Ep 144 | 드론4 목적지55 |  922스텝 | 배송 55/55 | 재적재 10 | 중계율 0.25 | alpha 2.154 | complete
Ep 145 | 드론3 목적지39 | 1000스텝 | 배송 34/39 | 재적재  5 | 중계율 0.24 | alpha 2.159 | step_limit
Ep 146 | 드론3 목적지60 | 1000스텝 | 배송 55/60 | 재적재 10 | 중계율 0.16 | alpha 2.178 | step_limit
Ep 147 | 드론3 목적지44 | 1000스텝 | 배송 37/44 | 재적재  6 | 중계율 0.22 | alpha 2.210 | step_limit
Ep 148 | 드론4 목적지50 |  835스텝 | 배송 50/50 | 재적재  8 | 중계율 0.26 | alpha 2.182 | complete
Ep 149 | 드론3 목적지36 |  543스텝 | 배송 36/36 | 재적재  6 | 중계율 0.15 | alpha 2.178 | complete
Ep 150 | 드론4 목적지78 | 1000스텝 | 배송 74/78 | 재적재 12 | 중계율 0.22 | alpha 2.158 | step_limit
  [홀드아웃] 배송 49.9±0.7 완주 0.97 스텝 1054 점수 123.4 재적재 7.9 2홉+ 0.63 | 최고 123.4@ep150 정체 0/15  ← 갱신
Ep 151 | 드론3 목적지64 | 1000스텝 | 배송 59/64 | 재적재 11 | 중계율 0.17 | alpha 2.115 | step_limit
Ep 152 | 드론4 목적지21 |  219스텝 | 배송 21/21 | 재적재  2 | 중계율 0.14 | alpha 2.099 | complete
Ep 153 | 드론4 목적지76 | 1000스텝 | 배송 68/76 | 재적재 12 | 중계율 0.22 | alpha 2.038 | step_limit
Ep 154 | 드론3 목적지40 | 1000스텝 | 배송 32/40 | 재적재  4 | 중계율 0.31 | alpha 2.035 | step_limit
Ep 155 | 드론3 목적지64 | 1000스텝 | 배송 42/64 | 재적재  7 | 중계율 0.20 | alpha 2.027 | step_limit
Ep 156 | 드론4 목적지50 | 1000스텝 | 배송 48/50 | 재적재  7 | 중계율 0.27 | alpha 2.021 | step_limit
Ep 157 | 드론3 목적지56 | 1000스텝 | 배송 52/56 | 재적재  9 | 중계율 0.17 | alpha 2.046 | step_limit
Ep 158 | 드론4 목적지67 | 1000스텝 | 배송 56/67 | 재적재 10 | 중계율 0.24 | alpha 2.057 | step_limit
Ep 159 | 드론4 목적지78 |  986스텝 | 배송 78/78 | 재적재 15 | 중계율 0.15 | alpha 2.032 | complete
Ep 160 | 드론4 목적지23 |  574스텝 | 배송 23/23 | 재적재  4 | 중계율 0.24 | alpha 2.031 | complete
Ep 161 | 드론4 목적지73 | 1000스텝 | 배송 60/73 | 재적재  9 | 중계율 0.29 | alpha 2.055 | step_limit
Ep 162 | 드론3 목적지49 |  863스텝 | 배송 49/49 | 재적재  9 | 중계율 0.17 | alpha 2.053 | complete
Ep 163 | 드론4 목적지36 |  602스텝 | 배송 36/36 | 재적재  6 | 중계율 0.20 | alpha 2.043 | complete
Ep 164 | 드론4 목적지54 |  681스텝 | 배송 54/54 | 재적재  8 | 중계율 0.17 | alpha 2.000 | complete
Ep 165 | 드론4 목적지47 |  972스텝 | 배송 47/47 | 재적재  6 | 중계율 0.30 | alpha 2.014 | complete
Ep 166 | 드론4 목적지63 |  900스텝 | 배송 63/63 | 재적재 11 | 중계율 0.21 | alpha 1.989 | complete
Ep 167 | 드론4 목적지38 |  653스텝 | 배송 38/38 | 재적재  6 | 중계율 0.23 | alpha 1.966 | complete
Ep 168 | 드론4 목적지44 |  884스텝 | 배송 44/44 | 재적재  7 | 중계율 0.25 | alpha 1.942 | complete
Ep 169 | 드론4 목적지45 | 1000스텝 | 배송 41/45 | 재적재  7 | 중계율 0.26 | alpha 1.958 | step_limit
Ep 170 | 드론3 목적지78 | 1000스텝 | 배송 64/78 | 재적재 12 | 중계율 0.18 | alpha 1.955 | step_limit
Ep 171 | 드론4 목적지34 |  875스텝 | 배송 34/34 | 재적재  6 | 중계율 0.31 | alpha 1.979 | complete
Ep 172 | 드론3 목적지48 | 1000스텝 | 배송 41/48 | 재적재  7 | 중계율 0.18 | alpha 1.971 | step_limit
Ep 173 | 드론3 목적지64 | 1000스텝 | 배송 50/64 | 재적재 10 | 중계율 0.26 | alpha 1.982 | step_limit
Ep 174 | 드론4 목적지38 |  633스텝 | 배송 38/38 | 재적재  7 | 중계율 0.16 | alpha 1.996 | complete
Ep 175 | 드론3 목적지56 | 1000스텝 | 배송 46/56 | 재적재  8 | 중계율 0.23 | alpha 1.985 | step_limit
Ep 176 | 드론3 목적지68 | 1000스텝 | 배송 55/68 | 재적재  9 | 중계율 0.27 | alpha 2.016 | step_limit
Ep 177 | 드론4 목적지74 |  899스텝 | 배송 74/74 | 재적재 13 | 중계율 0.19 | alpha 2.028 | complete
Ep 178 | 드론4 목적지37 |  814스텝 | 배송 37/37 | 재적재  5 | 중계율 0.27 | alpha 2.012 | complete
Ep 179 | 드론4 목적지48 |  698스텝 | 배송 48/48 | 재적재  8 | 중계율 0.21 | alpha 2.006 | complete
Ep 180 | 드론3 목적지61 | 1000스텝 | 배송 52/61 | 재적재  8 | 중계율 0.26 | alpha 2.037 | step_limit
Ep 181 | 드론3 목적지80 | 1000스텝 | 배송 65/80 | 재적재 12 | 중계율 0.25 | alpha 2.040 | step_limit
Ep 182 | 드론4 목적지31 |  695스텝 | 배송 31/31 | 재적재  5 | 중계율 0.29 | alpha 2.012 | complete
Ep 183 | 드론3 목적지53 | 1000스텝 | 배송 51/53 | 재적재  9 | 중계율 0.22 | alpha 2.011 | step_limit
Ep 184 | 드론3 목적지64 | 1000스텝 | 배송 55/64 | 재적재  9 | 중계율 0.27 | alpha 1.967 | step_limit
Ep 185 | 드론3 목적지49 |  970스텝 | 배송 49/49 | 재적재  9 | 중계율 0.22 | alpha 1.936 | complete
Ep 186 | 드론4 목적지47 |  926스텝 | 배송 47/47 | 재적재  8 | 중계율 0.27 | alpha 1.949 | complete
Ep 187 | 드론4 목적지59 | 1000스텝 | 배송 53/59 | 재적재  9 | 중계율 0.30 | alpha 1.945 | step_limit
Ep 188 | 드론3 목적지33 |  806스텝 | 배송 33/33 | 재적재  5 | 중계율 0.24 | alpha 1.960 | complete
Ep 189 | 드론4 목적지35 |  503스텝 | 배송 35/35 | 재적재  6 | 중계율 0.17 | alpha 1.973 | complete
Ep 190 | 드론3 목적지30 |  783스텝 | 배송 30/30 | 재적재  4 | 중계율 0.21 | alpha 2.006 | complete
Ep 191 | 드론3 목적지70 | 1000스텝 | 배송 60/70 | 재적재 11 | 중계율 0.20 | alpha 2.008 | step_limit
Ep 192 | 드론4 목적지36 |  440스텝 | 배송 36/36 | 재적재  5 | 중계율 0.15 | alpha 1.995 | complete
Ep 193 | 드론3 목적지54 | 1000스텝 | 배송 46/54 | 재적재  9 | 중계율 0.25 | alpha 1.996 | step_limit
Ep 194 | 드론3 목적지76 | 1000스텝 | 배송 60/76 | 재적재 12 | 중계율 0.23 | alpha 2.008 | step_limit
Ep 195 | 드론4 목적지74 | 1000스텝 | 배송 64/74 | 재적재 10 | 중계율 0.33 | alpha 1.995 | step_limit
Ep 196 | 드론4 목적지70 | 1000스텝 | 배송 63/70 | 재적재 11 | 중계율 0.28 | alpha 1.974 | step_limit
Ep 197 | 드론3 목적지34 | 1000스텝 | 배송 27/34 | 재적재  3 | 중계율 0.18 | alpha 1.941 | step_limit
Ep 198 | 드론3 목적지33 |  719스텝 | 배송 33/33 | 재적재  4 | 중계율 0.18 | alpha 1.916 | complete
Ep 199 | 드론4 목적지46 |  653스텝 | 배송 46/46 | 재적재  8 | 중계율 0.20 | alpha 1.921 | complete
Ep 200 | 드론4 목적지42 |  627스텝 | 배송 42/42 | 재적재  7 | 중계율 0.15 | alpha 1.912 | complete
  [홀드아웃] 배송 49.5±2.9 완주 0.97 스텝 1117 점수 122.6 재적재 8.0 2홉+ 0.61 | 최고 123.4@ep150 정체 1/15
Ep 201 | 드론4 목적지51 |  685스텝 | 배송 51/51 | 재적재  8 | 중계율 0.22 | alpha 1.908 | complete
Ep 202 | 드론4 목적지32 |  674스텝 | 배송 32/32 | 재적재  4 | 중계율 0.36 | alpha 1.880 | complete
Ep 203 | 드론4 목적지30 |  722스텝 | 배송 30/30 | 재적재  5 | 중계율 0.40 | alpha 1.866 | complete
Ep 204 | 드론4 목적지73 | 1000스텝 | 배송 71/73 | 재적재 13 | 중계율 0.28 | alpha 1.846 | step_limit
Ep 205 | 드론3 목적지44 |  881스텝 | 배송 44/44 | 재적재  7 | 중계율 0.24 | alpha 1.825 | complete
Ep 206 | 드론3 목적지26 |  638스텝 | 배송 26/26 | 재적재  3 | 중계율 0.24 | alpha 1.822 | complete
Ep 207 | 드론4 목적지40 |  635스텝 | 배송 40/40 | 재적재  6 | 중계율 0.26 | alpha 1.840 | complete
Ep 208 | 드론4 목적지35 |  966스텝 | 배송 35/35 | 재적재  5 | 중계율 0.27 | alpha 1.821 | complete
Ep 209 | 드론4 목적지75 |  714스텝 | 배송 75/75 | 재적재 12 | 중계율 0.12 | alpha 1.806 | complete
Ep 210 | 드론4 목적지56 | 1000스텝 | 배송 45/56 | 재적재  6 | 중계율 0.27 | alpha 1.788 | step_limit
Ep 211 | 드론3 목적지26 |  639스텝 | 배송 26/26 | 재적재  4 | 중계율 0.20 | alpha 1.781 | complete
Ep 212 | 드론3 목적지58 | 1000스텝 | 배송 56/58 | 재적재 10 | 중계율 0.18 | alpha 1.767 | step_limit
Ep 213 | 드론3 목적지44 | 1000스텝 | 배송 43/44 | 재적재  7 | 중계율 0.26 | alpha 1.752 | step_limit
Ep 214 | 드론3 목적지56 | 1000스텝 | 배송 47/56 | 재적재  8 | 중계율 0.21 | alpha 1.755 | step_limit
Ep 215 | 드론3 목적지64 | 1000스텝 | 배송 55/64 | 재적재 10 | 중계율 0.23 | alpha 1.724 | step_limit
Ep 216 | 드론4 목적지40 |  680스텝 | 배송 40/40 | 재적재  7 | 중계율 0.28 | alpha 1.745 | complete
Ep 217 | 드론4 목적지41 |  561스텝 | 배송 41/41 | 재적재  5 | 중계율 0.18 | alpha 1.738 | complete
Ep 218 | 드론3 목적지31 |  840스텝 | 배송 31/31 | 재적재  5 | 중계율 0.28 | alpha 1.711 | complete
Ep 219 | 드론3 목적지80 | 1000스텝 | 배송 73/80 | 재적재 13 | 중계율 0.17 | alpha 1.662 | step_limit
Ep 220 | 드론3 목적지53 |  981스텝 | 배송 53/53 | 재적재  8 | 중계율 0.28 | alpha 1.657 | complete
Ep 221 | 드론4 목적지72 |  732스텝 | 배송 72/72 | 재적재 13 | 중계율 0.15 | alpha 1.656 | complete
Ep 222 | 드론3 목적지27 | 1000스텝 | 배송 20/27 | 재적재  2 | 중계율 0.33 | alpha 1.615 | step_limit
Ep 223 | 드론4 목적지22 |  514스텝 | 배송 22/22 | 재적재  2 | 중계율 0.25 | alpha 1.600 | complete
Ep 224 | 드론3 목적지62 | 1000스텝 | 배송 56/62 | 재적재 10 | 중계율 0.24 | alpha 1.580 | step_limit
Ep 225 | 드론4 목적지58 |  753스텝 | 배송 58/58 | 재적재 10 | 중계율 0.19 | alpha 1.567 | complete
Ep 226 | 드론4 목적지37 |  765스텝 | 배송 37/37 | 재적재  6 | 중계율 0.32 | alpha 1.549 | complete
Ep 227 | 드론3 목적지49 | 1000스텝 | 배송 40/49 | 재적재  6 | 중계율 0.23 | alpha 1.563 | step_limit
Ep 228 | 드론4 목적지72 | 1000스텝 | 배송 70/72 | 재적재 13 | 중계율 0.17 | alpha 1.569 | step_limit
Ep 229 | 드론3 목적지77 | 1000스텝 | 배송 62/77 | 재적재 11 | 중계율 0.31 | alpha 1.550 | step_limit
Ep 230 | 드론4 목적지53 |  718스텝 | 배송 53/53 | 재적재  9 | 중계율 0.15 | alpha 1.539 | complete
Ep 231 | 드론4 목적지56 | 1000스텝 | 배송 51/56 | 재적재 10 | 중계율 0.36 | alpha 1.518 | step_limit
Ep 232 | 드론3 목적지28 |  648스텝 | 배송 28/28 | 재적재  4 | 중계율 0.22 | alpha 1.503 | complete
Ep 233 | 드론4 목적지40 |  963스텝 | 배송 40/40 | 재적재  5 | 중계율 0.37 | alpha 1.498 | complete
Ep 234 | 드론4 목적지29 |  554스텝 | 배송 29/29 | 재적재  4 | 중계율 0.27 | alpha 1.493 | complete
Ep 235 | 드론4 목적지69 | 1000스텝 | 배송 68/69 | 재적재 12 | 중계율 0.24 | alpha 1.475 | step_limit
Ep 236 | 드론3 목적지30 |  513스텝 | 배송 30/30 | 재적재  4 | 중계율 0.21 | alpha 1.461 | complete
Ep 237 | 드론4 목적지24 |  489스텝 | 배송 24/24 | 재적재  4 | 중계율 0.26 | alpha 1.454 | complete
Ep 238 | 드론4 목적지21 |  490스텝 | 배송 21/21 | 재적재  3 | 중계율 0.21 | alpha 1.448 | complete
Ep 239 | 드론4 목적지60 | 1000스텝 | 배송 56/60 | 재적재  8 | 중계율 0.30 | alpha 1.436 | step_limit
Ep 240 | 드론4 목적지58 | 1000스텝 | 배송 56/58 | 재적재 10 | 중계율 0.25 | alpha 1.433 | step_limit
Ep 241 | 드론3 목적지26 |  371스텝 | 배송 26/26 | 재적재  4 | 중계율 0.17 | alpha 1.417 | complete
Ep 242 | 드론3 목적지43 |  994스텝 | 배송 43/43 | 재적재  7 | 중계율 0.31 | alpha 1.418 | complete
Ep 243 | 드론4 목적지55 |  992스텝 | 배송 55/55 | 재적재  9 | 중계율 0.23 | alpha 1.399 | complete
Ep 244 | 드론4 목적지48 |  564스텝 | 배송 48/48 | 재적재  8 | 중계율 0.13 | alpha 1.380 | complete
Ep 245 | 드론4 목적지67 |  837스텝 | 배송 67/67 | 재적재 12 | 중계율 0.25 | alpha 1.378 | complete
Ep 246 | 드론3 목적지65 | 1000스텝 | 배송 60/65 | 재적재  9 | 중계율 0.26 | alpha 1.359 | step_limit
Ep 247 | 드론4 목적지49 | 1000스텝 | 배송 47/49 | 재적재  9 | 중계율 0.30 | alpha 1.347 | step_limit
Ep 248 | 드론3 목적지41 |  933스텝 | 배송 41/41 | 재적재  6 | 중계율 0.24 | alpha 1.365 | complete
Ep 249 | 드론4 목적지26 |  315스텝 | 배송 26/26 | 재적재  4 | 중계율 0.10 | alpha 1.362 | complete
Ep 250 | 드론4 목적지43 |  645스텝 | 배송 43/43 | 재적재  6 | 중계율 0.19 | alpha 1.355 | complete
  [홀드아웃] 배송 49.8±0.8 완주 0.96 스텝 1052 점수 122.2 재적재 7.9 2홉+ 0.63 | 최고 123.4@ep150 정체 2/15
Ep 251 | 드론4 목적지71 |  968스텝 | 배송 71/71 | 재적재 12 | 중계율 0.25 | alpha 1.336 | complete
Ep 252 | 드론3 목적지48 |  969스텝 | 배송 48/48 | 재적재  7 | 중계율 0.29 | alpha 1.307 | complete
Ep 253 | 드론3 목적지30 |  725스텝 | 배송 30/30 | 재적재  4 | 중계율 0.23 | alpha 1.288 | complete
Ep 254 | 드론4 목적지26 |  664스텝 | 배송 26/26 | 재적재  3 | 중계율 0.33 | alpha 1.286 | complete
Ep 255 | 드론4 목적지69 |  923스텝 | 배송 69/69 | 재적재 11 | 중계율 0.23 | alpha 1.287 | complete
Ep 256 | 드론4 목적지33 |  639스텝 | 배송 33/33 | 재적재  5 | 중계율 0.35 | alpha 1.276 | complete
Ep 257 | 드론3 목적지55 | 1000스텝 | 배송 54/55 | 재적재 10 | 중계율 0.29 | alpha 1.262 | step_limit
Ep 258 | 드론4 목적지36 |  683스텝 | 배송 36/36 | 재적재  6 | 중계율 0.36 | alpha 1.269 | complete
Ep 259 | 드론3 목적지79 | 1000스텝 | 배송 65/79 | 재적재 11 | 중계율 0.18 | alpha 1.264 | step_limit
Ep 260 | 드론3 목적지41 |  890스텝 | 배송 41/41 | 재적재  7 | 중계율 0.18 | alpha 1.268 | complete
Ep 261 | 드론4 목적지21 |  796스텝 | 배송 21/21 | 재적재  3 | 중계율 0.35 | alpha 1.268 | complete
Ep 262 | 드론3 목적지43 |  847스텝 | 배송 43/43 | 재적재  6 | 중계율 0.22 | alpha 1.272 | complete
Ep 263 | 드론4 목적지21 |  386스텝 | 배송 21/21 | 재적재  2 | 중계율 0.25 | alpha 1.265 | complete
Ep 264 | 드론4 목적지50 |  780스텝 | 배송 50/50 | 재적재  7 | 중계율 0.32 | alpha 1.271 | complete
Ep 265 | 드론3 목적지35 |  811스텝 | 배송 35/35 | 재적재  6 | 중계율 0.35 | alpha 1.287 | complete
Ep 266 | 드론3 목적지54 | 1000스텝 | 배송 51/54 | 재적재 10 | 중계율 0.23 | alpha 1.294 | step_limit
Ep 267 | 드론4 목적지46 |  524스텝 | 배송 46/46 | 재적재  8 | 중계율 0.15 | alpha 1.294 | complete
Ep 268 | 드론3 목적지33 | 1000스텝 | 배송 30/33 | 재적재  4 | 중계율 0.29 | alpha 1.264 | step_limit
Ep 269 | 드론3 목적지42 |  822스텝 | 배송 42/42 | 재적재  6 | 중계율 0.20 | alpha 1.247 | complete
Ep 270 | 드론3 목적지45 |  992스텝 | 배송 45/45 | 재적재  8 | 중계율 0.25 | alpha 1.223 | complete
Ep 271 | 드론4 목적지37 |  772스텝 | 배송 37/37 | 재적재  6 | 중계율 0.33 | alpha 1.200 | complete
Ep 272 | 드론3 목적지47 | 1000스텝 | 배송 43/47 | 재적재  8 | 중계율 0.23 | alpha 1.189 | step_limit
Ep 273 | 드론4 목적지76 | 1000스텝 | 배송 75/76 | 재적재 12 | 중계율 0.21 | alpha 1.175 | step_limit
Ep 274 | 드론4 목적지29 |  542스텝 | 배송 29/29 | 재적재  3 | 중계율 0.35 | alpha 1.171 | complete
Ep 275 | 드론3 목적지78 | 1000스텝 | 배송 52/78 | 재적재  8 | 중계율 0.25 | alpha 1.182 | step_limit
Ep 276 | 드론4 목적지49 |  668스텝 | 배송 49/49 | 재적재  9 | 중계율 0.17 | alpha 1.175 | complete
Ep 277 | 드론3 목적지67 | 1000스텝 | 배송 63/67 | 재적재 11 | 중계율 0.23 | alpha 1.153 | step_limit
Ep 278 | 드론3 목적지30 |  890스텝 | 배송 30/30 | 재적재  5 | 중계율 0.29 | alpha 1.150 | complete
Ep 279 | 드론4 목적지44 |  657스텝 | 배송 44/44 | 재적재  6 | 중계율 0.22 | alpha 1.153 | complete
Ep 280 | 드론3 목적지32 |  729스텝 | 배송 32/32 | 재적재  5 | 중계율 0.21 | alpha 1.155 | complete
Ep 281 | 드론3 목적지36 | 1000스텝 | 배송 33/36 | 재적재  6 | 중계율 0.27 | alpha 1.152 | step_limit
Ep 282 | 드론3 목적지56 |  978스텝 | 배송 56/56 | 재적재 10 | 중계율 0.21 | alpha 1.157 | complete
Ep 283 | 드론3 목적지75 | 1000스텝 | 배송 69/75 | 재적재 12 | 중계율 0.16 | alpha 1.155 | step_limit
Ep 284 | 드론4 목적지21 |  406스텝 | 배송 21/21 | 재적재  2 | 중계율 0.15 | alpha 1.150 | complete
Ep 285 | 드론4 목적지72 |  863스텝 | 배송 72/72 | 재적재 13 | 중계율 0.21 | alpha 1.141 | complete
Ep 286 | 드론4 목적지78 |  909스텝 | 배송 78/78 | 재적재 15 | 중계율 0.22 | alpha 1.118 | complete
Ep 287 | 드론3 목적지39 |  853스텝 | 배송 39/39 | 재적재  6 | 중계율 0.21 | alpha 1.091 | complete
Ep 288 | 드론3 목적지39 |  739스텝 | 배송 39/39 | 재적재  6 | 중계율 0.19 | alpha 1.065 | complete
Ep 289 | 드론3 목적지49 |  987스텝 | 배송 49/49 | 재적재  8 | 중계율 0.28 | alpha 1.046 | complete
Ep 290 | 드론3 목적지29 |  959스텝 | 배송 29/29 | 재적재  5 | 중계율 0.24 | alpha 1.024 | complete
Ep 291 | 드론4 목적지68 |  747스텝 | 배송 68/68 | 재적재 11 | 중계율 0.19 | alpha 1.000 | complete
Ep 292 | 드론3 목적지69 | 1000스텝 | 배송 51/69 | 재적재 10 | 중계율 0.14 | alpha 1.007 | step_limit
Ep 293 | 드론3 목적지38 |  875스텝 | 배송 38/38 | 재적재  7 | 중계율 0.25 | alpha 1.013 | complete
Ep 294 | 드론4 목적지41 |  977스텝 | 배송 41/41 | 재적재  7 | 중계율 0.31 | alpha 1.003 | complete
Ep 295 | 드론3 목적지35 |  906스텝 | 배송 35/35 | 재적재  5 | 중계율 0.26 | alpha 0.996 | complete
Ep 296 | 드론4 목적지49 |  671스텝 | 배송 49/49 | 재적재  8 | 중계율 0.15 | alpha 0.991 | complete
Ep 297 | 드론3 목적지78 | 1000스텝 | 배송 63/78 | 재적재 11 | 중계율 0.21 | alpha 0.995 | step_limit
Ep 298 | 드론3 목적지73 | 1000스텝 | 배송 65/73 | 재적재 11 | 중계율 0.25 | alpha 1.011 | step_limit
Ep 299 | 드론4 목적지75 | 1000스텝 | 배송 73/75 | 재적재 13 | 중계율 0.18 | alpha 1.023 | step_limit
Ep 300 | 드론3 목적지39 |  794스텝 | 배송 39/39 | 재적재  6 | 중계율 0.24 | alpha 1.022 | complete
  [홀드아웃] 배송 49.7±1.4 완주 0.94 스텝 1015 점수 120.2 재적재 8.0 2홉+ 0.63 | 최고 123.4@ep150 정체 3/15
Ep 301 | 드론3 목적지69 | 1000스텝 | 배송 54/69 | 재적재  8 | 중계율 0.17 | alpha 1.023 | step_limit
Ep 302 | 드론4 목적지60 | 1000스텝 | 배송 56/60 | 재적재 10 | 중계율 0.29 | alpha 1.031 | step_limit
Ep 303 | 드론3 목적지74 | 1000스텝 | 배송 63/74 | 재적재 11 | 중계율 0.20 | alpha 1.046 | step_limit
Ep 304 | 드론3 목적지25 |  397스텝 | 배송 25/25 | 재적재  4 | 중계율 0.18 | alpha 1.053 | complete
Ep 305 | 드론3 목적지75 | 1000스텝 | 배송 59/75 | 재적재  9 | 중계율 0.28 | alpha 1.047 | step_limit
Ep 306 | 드론3 목적지29 |  657스텝 | 배송 29/29 | 재적재  5 | 중계율 0.20 | alpha 1.033 | complete
Ep 307 | 드론4 목적지29 |  461스텝 | 배송 29/29 | 재적재  4 | 중계율 0.25 | alpha 1.032 | complete
Ep 308 | 드론4 목적지35 |  393스텝 | 배송 35/35 | 재적재  5 | 중계율 0.07 | alpha 1.023 | complete
Ep 309 | 드론4 목적지37 |  796스텝 | 배송 37/37 | 재적재  6 | 중계율 0.35 | alpha 1.022 | complete
Ep 310 | 드론3 목적지74 | 1000스텝 | 배송 52/74 | 재적재 10 | 중계율 0.18 | alpha 1.018 | step_limit
Ep 311 | 드론4 목적지42 |  598스텝 | 배송 42/42 | 재적재  6 | 중계율 0.28 | alpha 1.005 | complete
Ep 312 | 드론4 목적지73 | 1000스텝 | 배송 60/73 | 재적재  9 | 중계율 0.29 | alpha 0.992 | step_limit
Ep 313 | 드론3 목적지34 |  913스텝 | 배송 34/34 | 재적재  6 | 중계율 0.30 | alpha 0.977 | complete
Ep 314 | 드론3 목적지26 |  827스텝 | 배송 26/26 | 재적재  4 | 중계율 0.27 | alpha 0.956 | complete
Ep 315 | 드론4 목적지20 |  368스텝 | 배송 20/20 | 재적재  3 | 중계율 0.32 | alpha 0.948 | complete
Ep 316 | 드론4 목적지24 |  434스텝 | 배송 24/24 | 재적재  3 | 중계율 0.22 | alpha 0.940 | complete
Ep 317 | 드론4 목적지23 |  608스텝 | 배송 23/23 | 재적재  4 | 중계율 0.32 | alpha 0.926 | complete
Ep 318 | 드론3 목적지45 | 1000스텝 | 배송 44/45 | 재적재  7 | 중계율 0.27 | alpha 0.900 | step_limit
Ep 319 | 드론4 목적지52 |  972스텝 | 배송 52/52 | 재적재 10 | 중계율 0.28 | alpha 0.875 | complete
Ep 320 | 드론3 목적지25 |  485스텝 | 배송 25/25 | 재적재  4 | 중계율 0.22 | alpha 0.855 | complete
Ep 321 | 드론3 목적지34 |  676스텝 | 배송 34/34 | 재적재  5 | 중계율 0.25 | alpha 0.835 | complete
Ep 322 | 드론3 목적지33 |  570스텝 | 배송 33/33 | 재적재  4 | 중계율 0.19 | alpha 0.823 | complete
Ep 323 | 드론3 목적지35 | 1000스텝 | 배송 31/35 | 재적재  6 | 중계율 0.24 | alpha 0.801 | step_limit
Ep 324 | 드론4 목적지70 |  701스텝 | 배송 70/70 | 재적재 11 | 중계율 0.22 | alpha 0.783 | complete
Ep 325 | 드론3 목적지43 |  800스텝 | 배송 43/43 | 재적재  8 | 중계율 0.20 | alpha 0.766 | complete
Ep 326 | 드론4 목적지42 |  755스텝 | 배송 42/42 | 재적재  6 | 중계율 0.31 | alpha 0.756 | complete
Ep 327 | 드론4 목적지62 |  975스텝 | 배송 62/62 | 재적재 11 | 중계율 0.26 | alpha 0.747 | complete
Ep 328 | 드론3 목적지53 | 1000스텝 | 배송 40/53 | 재적재  6 | 중계율 0.24 | alpha 0.738 | step_limit
Ep 329 | 드론4 목적지31 |  436스텝 | 배송 31/31 | 재적재  4 | 중계율 0.28 | alpha 0.729 | complete
Ep 330 | 드론3 목적지65 | 1000스텝 | 배송 55/65 | 재적재  9 | 중계율 0.22 | alpha 0.712 | step_limit
Ep 331 | 드론3 목적지25 |  573스텝 | 배송 25/25 | 재적재  4 | 중계율 0.21 | alpha 0.702 | complete
Ep 332 | 드론3 목적지79 | 1000스텝 | 배송 64/79 | 재적재 11 | 중계율 0.24 | alpha 0.698 | step_limit
Ep 333 | 드론3 목적지37 |  843스텝 | 배송 37/37 | 재적재  6 | 중계율 0.30 | alpha 0.694 | complete
Ep 334 | 드론3 목적지72 | 1000스텝 | 배송 63/72 | 재적재 11 | 중계율 0.16 | alpha 0.690 | step_limit
Ep 335 | 드론3 목적지23 |  494스텝 | 배송 23/23 | 재적재  4 | 중계율 0.24 | alpha 0.687 | complete
Ep 336 | 드론3 목적지57 | 1000스텝 | 배송 45/57 | 재적재  9 | 중계율 0.24 | alpha 0.676 | step_limit
Ep 337 | 드론3 목적지76 | 1000스텝 | 배송 53/76 | 재적재  8 | 중계율 0.26 | alpha 0.680 | step_limit
Ep 338 | 드론3 목적지30 | 1000스텝 | 배송 29/30 | 재적재  5 | 중계율 0.29 | alpha 0.673 | step_limit
Ep 339 | 드론4 목적지73 |  700스텝 | 배송 73/73 | 재적재 12 | 중계율 0.14 | alpha 0.672 | complete
Ep 340 | 드론4 목적지34 |  666스텝 | 배송 34/34 | 재적재  4 | 중계율 0.26 | alpha 0.662 | complete
Ep 341 | 드론4 목적지26 |  745스텝 | 배송 26/26 | 재적재  3 | 중계율 0.38 | alpha 0.656 | complete
Ep 342 | 드론3 목적지46 |  817스텝 | 배송 46/46 | 재적재  8 | 중계율 0.20 | alpha 0.660 | complete
Ep 343 | 드론3 목적지50 | 1000스텝 | 배송 47/50 | 재적재  7 | 중계율 0.28 | alpha 0.659 | step_limit
Ep 344 | 드론4 목적지28 |  488스텝 | 배송 28/28 | 재적재  3 | 중계율 0.20 | alpha 0.649 | complete
Ep 345 | 드론4 목적지61 | 1000스텝 | 배송 55/61 | 재적재  8 | 중계율 0.31 | alpha 0.640 | step_limit
Ep 346 | 드론3 목적지29 |  661스텝 | 배송 29/29 | 재적재  5 | 중계율 0.33 | alpha 0.637 | complete
Ep 347 | 드론3 목적지42 | 1000스텝 | 배송 40/42 | 재적재  7 | 중계율 0.33 | alpha 0.630 | step_limit
Ep 348 | 드론4 목적지53 |  755스텝 | 배송 53/53 | 재적재  9 | 중계율 0.19 | alpha 0.625 | complete
Ep 349 | 드론3 목적지62 | 1000스텝 | 배송 55/62 | 재적재  9 | 중계율 0.28 | alpha 0.625 | step_limit
Ep 350 | 드론3 목적지79 | 1000스텝 | 배송 65/79 | 재적재 13 | 중계율 0.23 | alpha 0.625 | step_limit
  [홀드아웃] 배송 49.8±1.4 완주 0.95 스텝 983 점수 121.9 재적재 7.9 2홉+ 0.63 | 최고 123.4@ep150 정체 4/15
Ep 351 | 드론4 목적지65 | 1000스텝 | 배송 59/65 | 재적재 11 | 중계율 0.32 | alpha 0.627 | step_limit
Ep 352 | 드론4 목적지36 |  477스텝 | 배송 36/36 | 재적재  6 | 중계율 0.21 | alpha 0.630 | complete
Ep 353 | 드론3 목적지62 | 1000스텝 | 배송 58/62 | 재적재 11 | 중계율 0.17 | alpha 0.631 | step_limit
Ep 354 | 드론4 목적지35 |  368스텝 | 배송 35/35 | 재적재  4 | 중계율 0.11 | alpha 0.632 | complete
Ep 355 | 드론3 목적지24 |  448스텝 | 배송 24/24 | 재적재  4 | 중계율 0.20 | alpha 0.635 | complete
Ep 356 | 드론4 목적지62 | 1000스텝 | 배송 56/62 | 재적재 10 | 중계율 0.32 | alpha 0.631 | step_limit
Ep 357 | 드론3 목적지21 |  558스텝 | 배송 21/21 | 재적재  3 | 중계율 0.27 | alpha 0.628 | complete
Ep 358 | 드론4 목적지26 |  351스텝 | 배송 26/26 | 재적재  3 | 중계율 0.21 | alpha 0.626 | complete
Ep 359 | 드론3 목적지52 |  878스텝 | 배송 31/52 | 재적재  4 | 중계율 0.31 | alpha 0.614 | no_progress
Ep 360 | 드론4 목적지52 |  767스텝 | 배송 52/52 | 재적재  9 | 중계율 0.28 | alpha 0.605 | complete
Ep 361 | 드론3 목적지40 |  810스텝 | 배송 40/40 | 재적재  7 | 중계율 0.25 | alpha 0.595 | complete
Ep 362 | 드론4 목적지52 | 1000스텝 | 배송 45/52 | 재적재  7 | 중계율 0.36 | alpha 0.585 | step_limit
Ep 363 | 드론4 목적지64 |  945스텝 | 배송 64/64 | 재적재 10 | 중계율 0.34 | alpha 0.577 | complete
Ep 364 | 드론3 목적지64 | 1000스텝 | 배송 56/64 | 재적재 11 | 중계율 0.28 | alpha 0.565 | step_limit
Ep 365 | 드론4 목적지69 |  866스텝 | 배송 69/69 | 재적재 11 | 중계율 0.28 | alpha 0.550 | complete
Ep 366 | 드론4 목적지61 |  857스텝 | 배송 61/61 | 재적재 11 | 중계율 0.19 | alpha 0.538 | complete
Ep 367 | 드론3 목적지53 |  920스텝 | 배송 53/53 | 재적재 10 | 중계율 0.18 | alpha 0.525 | complete
Ep 368 | 드론4 목적지73 | 1000스텝 | 배송 66/73 | 재적재 12 | 중계율 0.13 | alpha 0.513 | step_limit
Ep 369 | 드론4 목적지30 |  684스텝 | 배송 30/30 | 재적재  5 | 중계율 0.23 | alpha 0.510 | complete
Ep 370 | 드론3 목적지71 | 1000스텝 | 배송 65/71 | 재적재 11 | 중계율 0.15 | alpha 0.496 | step_limit
Ep 371 | 드론3 목적지54 | 1000스텝 | 배송 46/54 | 재적재  7 | 중계율 0.28 | alpha 0.480 | step_limit
Ep 372 | 드론4 목적지80 | 1000스텝 | 배송 77/80 | 재적재 15 | 중계율 0.24 | alpha 0.466 | step_limit
Ep 373 | 드론3 목적지41 |  716스텝 | 배송 41/41 | 재적재  6 | 중계율 0.20 | alpha 0.455 | complete
Ep 374 | 드론3 목적지67 | 1000스텝 | 배송 63/67 | 재적재 11 | 중계율 0.18 | alpha 0.441 | step_limit
Ep 375 | 드론3 목적지62 | 1000스텝 | 배송 55/62 | 재적재  9 | 중계율 0.28 | alpha 0.425 | step_limit
Ep 376 | 드론4 목적지72 | 1000스텝 | 배송 71/72 | 재적재 12 | 중계율 0.27 | alpha 0.416 | step_limit
Ep 377 | 드론4 목적지63 | 1000스텝 | 배송 56/63 | 재적재  8 | 중계율 0.34 | alpha 0.408 | step_limit
Ep 378 | 드론4 목적지74 |  840스텝 | 배송 74/74 | 재적재 13 | 중계율 0.18 | alpha 0.401 | complete
Ep 379 | 드론3 목적지77 | 1000스텝 | 배송 56/77 | 재적재  9 | 중계율 0.21 | alpha 0.391 | step_limit
Ep 380 | 드론3 목적지73 | 1000스텝 | 배송 61/73 | 재적재 12 | 중계율 0.19 | alpha 0.375 | step_limit
Ep 381 | 드론4 목적지20 |  421스텝 | 배송 20/20 | 재적재  3 | 중계율 0.21 | alpha 0.365 | complete
Ep 382 | 드론3 목적지75 | 1000스텝 | 배송 70/75 | 재적재 12 | 중계율 0.27 | alpha 0.346 | step_limit
Ep 383 | 드론3 목적지52 | 1000스텝 | 배송 50/52 | 재적재 10 | 중계율 0.26 | alpha 0.330 | step_limit
Ep 384 | 드론3 목적지77 | 1000스텝 | 배송 64/77 | 재적재 12 | 중계율 0.20 | alpha 0.318 | step_limit
Ep 385 | 드론3 목적지62 | 1000스텝 | 배송 54/62 | 재적재  9 | 중계율 0.27 | alpha 0.303 | step_limit
Ep 386 | 드론3 목적지80 | 1000스텝 | 배송 60/80 | 재적재  9 | 중계율 0.27 | alpha 0.296 | step_limit
Ep 387 | 드론3 목적지31 |  442스텝 | 배송 31/31 | 재적재  5 | 중계율 0.20 | alpha 0.290 | complete
Ep 388 | 드론3 목적지33 |  821스텝 | 배송 33/33 | 재적재  5 | 중계율 0.25 | alpha 0.280 | complete
Ep 389 | 드론4 목적지72 | 1000스텝 | 배송 70/72 | 재적재 12 | 중계율 0.29 | alpha 0.266 | step_limit
Ep 390 | 드론4 목적지71 |  770스텝 | 배송 71/71 | 재적재 12 | 중계율 0.15 | alpha 0.256 | complete
Ep 391 | 드론4 목적지50 |  662스텝 | 배송 50/50 | 재적재  9 | 중계율 0.15 | alpha 0.246 | complete
Ep 392 | 드론4 목적지71 |  807스텝 | 배송 71/71 | 재적재 13 | 중계율 0.20 | alpha 0.237 | complete
Ep 393 | 드론4 목적지21 |  421스텝 | 배송 21/21 | 재적재  3 | 중계율 0.24 | alpha 0.232 | complete
Ep 394 | 드론4 목적지60 |  948스텝 | 배송 60/60 | 재적재 10 | 중계율 0.29 | alpha 0.222 | complete
Ep 395 | 드론4 목적지55 |  693스텝 | 배송 55/55 | 재적재  9 | 중계율 0.17 | alpha 0.214 | complete
Ep 396 | 드론4 목적지71 |  737스텝 | 배송 71/71 | 재적재 13 | 중계율 0.12 | alpha 0.209 | complete
Ep 397 | 드론3 목적지36 |  773스텝 | 배송 36/36 | 재적재  7 | 중계율 0.22 | alpha 0.203 | complete
Ep 398 | 드론3 목적지52 |  767스텝 | 배송 52/52 | 재적재  8 | 중계율 0.15 | alpha 0.198 | complete
Ep 399 | 드론3 목적지46 |  770스텝 | 배송 46/46 | 재적재  8 | 중계율 0.18 | alpha 0.192 | complete
Ep 400 | 드론3 목적지34 | 1000스텝 | 배송 30/34 | 재적재  4 | 중계율 0.35 | alpha 0.183 | step_limit
  [홀드아웃] 배송 48.9±3.6 완주 0.86 스텝 957 점수 113.5 재적재 7.5 2홉+ 0.63 | 최고 123.4@ep150 정체 5/15
Ep 401 | 드론3 목적지38 | 1000스텝 | 배송 35/38 | 재적재  5 | 중계율 0.27 | alpha 0.174 | step_limit
Ep 402 | 드론4 목적지36 |  613스텝 | 배송 36/36 | 재적재  7 | 중계율 0.27 | alpha 0.171 | complete
Ep 403 | 드론3 목적지73 | 1000스텝 | 배송 64/73 | 재적재 11 | 중계율 0.22 | alpha 0.166 | step_limit
Ep 404 | 드론4 목적지70 | 1000스텝 | 배송 68/70 | 재적재 12 | 중계율 0.24 | alpha 0.161 | step_limit
Ep 405 | 드론3 목적지25 |  525스텝 | 배송 25/25 | 재적재  3 | 중계율 0.30 | alpha 0.159 | complete
Ep 406 | 드론4 목적지58 | 1000스텝 | 배송 56/58 | 재적재  9 | 중계율 0.30 | alpha 0.155 | step_limit
Ep 407 | 드론4 목적지70 |  884스텝 | 배송 70/70 | 재적재 12 | 중계율 0.23 | alpha 0.151 | complete
Ep 408 | 드론3 목적지40 |  535스텝 | 배송 40/40 | 재적재  5 | 중계율 0.15 | alpha 0.151 | complete
Ep 409 | 드론3 목적지30 |  552스텝 | 배송 30/30 | 재적재  4 | 중계율 0.17 | alpha 0.149 | complete
Ep 410 | 드론3 목적지63 | 1000스텝 | 배송 61/63 | 재적재 10 | 중계율 0.22 | alpha 0.150 | step_limit
Ep 411 | 드론3 목적지48 | 1000스텝 | 배송 46/48 | 재적재  9 | 중계율 0.28 | alpha 0.151 | step_limit
Ep 412 | 드론4 목적지34 |  618스텝 | 배송 34/34 | 재적재  5 | 중계율 0.22 | alpha 0.151 | complete
Ep 413 | 드론3 목적지22 |  441스텝 | 배송 22/22 | 재적재  2 | 중계율 0.25 | alpha 0.150 | complete
Ep 414 | 드론3 목적지51 | 1000스텝 | 배송 46/51 | 재적재  9 | 중계율 0.32 | alpha 0.150 | step_limit
Ep 415 | 드론4 목적지45 |  833스텝 | 배송 45/45 | 재적재  7 | 중계율 0.34 | alpha 0.151 | complete
Ep 416 | 드론3 목적지60 | 1000스텝 | 배송 51/60 | 재적재 10 | 중계율 0.26 | alpha 0.151 | step_limit
Ep 417 | 드론3 목적지43 |  967스텝 | 배송 43/43 | 재적재  7 | 중계율 0.25 | alpha 0.151 | complete
Ep 418 | 드론4 목적지75 | 1000스텝 | 배송 64/75 | 재적재 11 | 중계율 0.27 | alpha 0.152 | step_limit
Ep 419 | 드론4 목적지60 | 1000스텝 | 배송 54/60 | 재적재 10 | 중계율 0.32 | alpha 0.151 | step_limit
Ep 420 | 드론3 목적지22 |  513스텝 | 배송 22/22 | 재적재  2 | 중계율 0.33 | alpha 0.151 | complete
Ep 421 | 드론4 목적지40 | 1000스텝 | 배송 35/40 | 재적재  5 | 중계율 0.35 | alpha 0.152 | step_limit
Ep 422 | 드론4 목적지52 | 1000스텝 | 배송 50/52 | 재적재  9 | 중계율 0.24 | alpha 0.152 | step_limit
Ep 423 | 드론3 목적지29 |  542스텝 | 배송 29/29 | 재적재  4 | 중계율 0.25 | alpha 0.154 | complete
Ep 424 | 드론3 목적지29 |  560스텝 | 배송 29/29 | 재적재  3 | 중계율 0.16 | alpha 0.156 | complete
Ep 425 | 드론3 목적지80 | 1000스텝 | 배송 69/80 | 재적재 13 | 중계율 0.22 | alpha 0.158 | step_limit
Ep 426 | 드론4 목적지78 |  891스텝 | 배송 78/78 | 재적재 15 | 중계율 0.17 | alpha 0.161 | complete
Ep 427 | 드론3 목적지46 |  733스텝 | 배송 46/46 | 재적재  7 | 중계율 0.23 | alpha 0.162 | complete
Ep 428 | 드론4 목적지72 |  874스텝 | 배송 72/72 | 재적재 13 | 중계율 0.22 | alpha 0.165 | complete
Ep 429 | 드론3 목적지72 | 1000스텝 | 배송 62/72 | 재적재 10 | 중계율 0.31 | alpha 0.168 | step_limit
Ep 430 | 드론3 목적지78 | 1000스텝 | 배송 70/78 | 재적재 13 | 중계율 0.21 | alpha 0.173 | step_limit
Ep 431 | 드론3 목적지23 |  609스텝 | 배송 23/23 | 재적재  2 | 중계율 0.20 | alpha 0.176 | complete
Ep 432 | 드론4 목적지41 |  648스텝 | 배송 41/41 | 재적재  6 | 중계율 0.15 | alpha 0.179 | complete
Ep 433 | 드론3 목적지66 | 1000스텝 | 배송 59/66 | 재적재 10 | 중계율 0.21 | alpha 0.187 | step_limit
Ep 434 | 드론4 목적지62 |  787스텝 | 배송 62/62 | 재적재 10 | 중계율 0.28 | alpha 0.193 | complete
Ep 435 | 드론3 목적지32 |  644스텝 | 배송 32/32 | 재적재  5 | 중계율 0.23 | alpha 0.197 | complete
Ep 436 | 드론4 목적지65 |  645스텝 | 배송 65/65 | 재적재 11 | 중계율 0.16 | alpha 0.202 | complete
Ep 437 | 드론4 목적지61 |  639스텝 | 배송 61/61 | 재적재 11 | 중계율 0.13 | alpha 0.206 | complete
Ep 438 | 드론3 목적지37 |  823스텝 | 배송 37/37 | 재적재  7 | 중계율 0.23 | alpha 0.212 | complete
Ep 439 | 드론4 목적지49 | 1000스텝 | 배송 47/49 | 재적재  8 | 중계율 0.26 | alpha 0.221 | step_limit
Ep 440 | 드론3 목적지42 |  814스텝 | 배송 42/42 | 재적재  7 | 중계율 0.20 | alpha 0.225 | complete
Ep 441 | 드론3 목적지54 | 1000스텝 | 배송 46/54 | 재적재  9 | 중계율 0.23 | alpha 0.227 | step_limit
Ep 442 | 드론4 목적지41 |  559스텝 | 배송 41/41 | 재적재  6 | 중계율 0.13 | alpha 0.230 | complete
Ep 443 | 드론3 목적지61 | 1000스텝 | 배송 55/61 | 재적재  8 | 중계율 0.32 | alpha 0.232 | step_limit
Ep 444 | 드론3 목적지55 | 1000스텝 | 배송 51/55 | 재적재 10 | 중계율 0.20 | alpha 0.238 | step_limit
Ep 445 | 드론3 목적지49 |  805스텝 | 배송 49/49 | 재적재  7 | 중계율 0.30 | alpha 0.243 | complete
Ep 446 | 드론4 목적지72 | 1000스텝 | 배송 66/72 | 재적재 13 | 중계율 0.26 | alpha 0.245 | step_limit
Ep 447 | 드론4 목적지40 |  724스텝 | 배송 40/40 | 재적재  7 | 중계율 0.33 | alpha 0.247 | complete
Ep 448 | 드론3 목적지71 | 1000스텝 | 배송 60/71 | 재적재 11 | 중계율 0.27 | alpha 0.249 | step_limit
Ep 449 | 드론4 목적지26 |  532스텝 | 배송 26/26 | 재적재  3 | 중계율 0.34 | alpha 0.250 | complete
Ep 450 | 드론3 목적지56 | 1000스텝 | 배송 53/56 | 재적재  9 | 중계율 0.28 | alpha 0.251 | step_limit
  [홀드아웃] 배송 49.5±2.2 완주 0.94 스텝 995 점수 120.5 재적재 7.7 2홉+ 0.63 | 최고 123.4@ep150 정체 6/15
Ep 451 | 드론4 목적지51 | 1000스텝 | 배송 48/51 | 재적재  9 | 중계율 0.28 | alpha 0.252 | step_limit
Ep 452 | 드론3 목적지34 |  474스텝 | 배송 34/34 | 재적재  6 | 중계율 0.18 | alpha 0.252 | complete
Ep 453 | 드론4 목적지47 | 1000스텝 | 배송 46/47 | 재적재  7 | 중계율 0.29 | alpha 0.251 | step_limit
Ep 454 | 드론4 목적지70 | 1000스텝 | 배송 65/70 | 재적재 13 | 중계율 0.30 | alpha 0.248 | step_limit
Ep 455 | 드론4 목적지44 |  793스텝 | 배송 44/44 | 재적재  6 | 중계율 0.30 | alpha 0.247 | complete
Ep 456 | 드론4 목적지49 |  738스텝 | 배송 49/49 | 재적재  8 | 중계율 0.20 | alpha 0.250 | complete
Ep 457 | 드론4 목적지56 |  666스텝 | 배송 56/56 | 재적재 10 | 중계율 0.20 | alpha 0.251 | complete
Ep 458 | 드론4 목적지42 |  747스텝 | 배송 42/42 | 재적재  6 | 중계율 0.30 | alpha 0.253 | complete
Ep 459 | 드론3 목적지45 |  736스텝 | 배송 45/45 | 재적재  8 | 중계율 0.11 | alpha 0.256 | complete
Ep 460 | 드론4 목적지73 |  889스텝 | 배송 73/73 | 재적재 13 | 중계율 0.21 | alpha 0.258 | complete
Ep 461 | 드론3 목적지30 |  723스텝 | 배송 30/30 | 재적재  4 | 중계율 0.34 | alpha 0.257 | complete
Ep 462 | 드론3 목적지64 |  996스텝 | 배송 64/64 | 재적재 11 | 중계율 0.27 | alpha 0.260 | complete
Ep 463 | 드론3 목적지63 | 1000스텝 | 배송 60/63 | 재적재 10 | 중계율 0.28 | alpha 0.266 | step_limit
Ep 464 | 드론3 목적지68 | 1000스텝 | 배송 52/68 | 재적재  9 | 중계율 0.20 | alpha 0.268 | step_limit
Ep 465 | 드론4 목적지63 | 1000스텝 | 배송 56/63 | 재적재 10 | 중계율 0.28 | alpha 0.266 | step_limit
Ep 466 | 드론4 목적지65 |  854스텝 | 배송 65/65 | 재적재 10 | 중계율 0.26 | alpha 0.262 | complete
Ep 467 | 드론4 목적지57 |  910스텝 | 배송 57/57 | 재적재 10 | 중계율 0.22 | alpha 0.266 | complete
Ep 468 | 드론3 목적지35 |  788스텝 | 배송 35/35 | 재적재  5 | 중계율 0.30 | alpha 0.266 | complete
Ep 469 | 드론3 목적지46 | 1000스텝 | 배송 42/46 | 재적재  7 | 중계율 0.35 | alpha 0.263 | step_limit
Ep 470 | 드론4 목적지53 |  820스텝 | 배송 53/53 | 재적재 10 | 중계율 0.27 | alpha 0.263 | complete
Ep 471 | 드론4 목적지45 |  727스텝 | 배송 45/45 | 재적재  7 | 중계율 0.24 | alpha 0.268 | complete
Ep 472 | 드론3 목적지53 | 1000스텝 | 배송 52/53 | 재적재  8 | 중계율 0.34 | alpha 0.273 | step_limit
Ep 473 | 드론4 목적지71 |  883스텝 | 배송 71/71 | 재적재 12 | 중계율 0.25 | alpha 0.277 | complete
Ep 474 | 드론4 목적지25 |  529스텝 | 배송 25/25 | 재적재  4 | 중계율 0.28 | alpha 0.278 | complete
Ep 475 | 드론4 목적지40 |  689스텝 | 배송 40/40 | 재적재  7 | 중계율 0.24 | alpha 0.278 | complete
Ep 476 | 드론3 목적지33 |  730스텝 | 배송 33/33 | 재적재  6 | 중계율 0.22 | alpha 0.281 | complete
Ep 477 | 드론3 목적지21 |  684스텝 | 배송 21/21 | 재적재  2 | 중계율 0.19 | alpha 0.284 | complete
Ep 478 | 드론4 목적지22 |  436스텝 | 배송 22/22 | 재적재  3 | 중계율 0.24 | alpha 0.285 | complete
Ep 479 | 드론4 목적지41 |  759스텝 | 배송 41/41 | 재적재  7 | 중계율 0.40 | alpha 0.286 | complete
Ep 480 | 드론3 목적지57 | 1000스텝 | 배송 56/57 | 재적재  9 | 중계율 0.26 | alpha 0.285 | step_limit
Ep 481 | 드론3 목적지66 | 1000스텝 | 배송 48/66 | 재적재  7 | 중계율 0.24 | alpha 0.285 | step_limit
Ep 482 | 드론4 목적지76 | 1000스텝 | 배송 75/76 | 재적재 14 | 중계율 0.21 | alpha 0.286 | step_limit
Ep 483 | 드론3 목적지28 |  934스텝 | 배송 28/28 | 재적재  3 | 중계율 0.36 | alpha 0.285 | complete
Ep 484 | 드론4 목적지35 |  461스텝 | 배송 35/35 | 재적재  5 | 중계율 0.16 | alpha 0.284 | complete
Ep 485 | 드론4 목적지44 |  999스텝 | 배송 44/44 | 재적재  7 | 중계율 0.33 | alpha 0.288 | complete
Ep 486 | 드론4 목적지75 |  824스텝 | 배송 75/75 | 재적재 13 | 중계율 0.19 | alpha 0.289 | complete
Ep 487 | 드론3 목적지75 | 1000스텝 | 배송 60/75 | 재적재 11 | 중계율 0.18 | alpha 0.293 | step_limit
Ep 488 | 드론4 목적지60 |  940스텝 | 배송 60/60 | 재적재 10 | 중계율 0.33 | alpha 0.298 | complete
Ep 489 | 드론3 목적지80 | 1000스텝 | 배송 66/80 | 재적재 13 | 중계율 0.16 | alpha 0.303 | step_limit
Ep 490 | 드론3 목적지30 | 1000스텝 | 배송 29/30 | 재적재  4 | 중계율 0.18 | alpha 0.303 | step_limit
Ep 491 | 드론3 목적지59 | 1000스텝 | 배송 50/59 | 재적재  7 | 중계율 0.29 | alpha 0.306 | step_limit
Ep 492 | 드론3 목적지74 | 1000스텝 | 배송 50/74 | 재적재  7 | 중계율 0.26 | alpha 0.311 | step_limit
Ep 493 | 드론3 목적지47 |  946스텝 | 배송 47/47 | 재적재  7 | 중계율 0.31 | alpha 0.310 | complete
Ep 494 | 드론3 목적지52 | 1000스텝 | 배송 49/52 | 재적재  8 | 중계율 0.26 | alpha 0.312 | step_limit
Ep 495 | 드론3 목적지54 | 1000스텝 | 배송 52/54 | 재적재  9 | 중계율 0.26 | alpha 0.312 | step_limit
Ep 496 | 드론4 목적지56 |  872스텝 | 배송 56/56 | 재적재  9 | 중계율 0.28 | alpha 0.315 | complete
Ep 497 | 드론4 목적지73 | 1000스텝 | 배송 64/73 | 재적재 12 | 중계율 0.31 | alpha 0.311 | step_limit
Ep 498 | 드론3 목적지22 |  547스텝 | 배송 22/22 | 재적재  3 | 중계율 0.12 | alpha 0.311 | complete
Ep 499 | 드론4 목적지55 |  712스텝 | 배송 55/55 | 재적재  9 | 중계율 0.25 | alpha 0.311 | complete
Ep 500 | 드론3 목적지55 | 1000스텝 | 배송 54/55 | 재적재 10 | 중계율 0.28 | alpha 0.313 | step_limit
  [홀드아웃] 배송 49.7±1.2 완주 0.91 스텝 1002 점수 117.9 재적재 8.0 2홉+ 0.62 | 최고 123.4@ep150 정체 7/15
Ep 501 | 드론4 목적지25 |  392스텝 | 배송 25/25 | 재적재  3 | 중계율 0.10 | alpha 0.314 | complete
Ep 502 | 드론3 목적지53 | 1000스텝 | 배송 36/53 | 재적재  7 | 중계율 0.27 | alpha 0.315 | step_limit
Ep 503 | 드론4 목적지73 |  867스텝 | 배송 73/73 | 재적재 13 | 중계율 0.21 | alpha 0.316 | complete
Ep 504 | 드론3 목적지60 | 1000스텝 | 배송 59/60 | 재적재 10 | 중계율 0.26 | alpha 0.318 | step_limit
Ep 505 | 드론3 목적지72 | 1000스텝 | 배송 65/72 | 재적재 11 | 중계율 0.24 | alpha 0.320 | step_limit
Ep 506 | 드론3 목적지76 | 1000스텝 | 배송 64/76 | 재적재 11 | 중계율 0.23 | alpha 0.325 | step_limit
Ep 507 | 드론4 목적지79 |  933스텝 | 배송 79/79 | 재적재 14 | 중계율 0.24 | alpha 0.331 | complete
Ep 508 | 드론4 목적지38 |  555스텝 | 배송 38/38 | 재적재  5 | 중계율 0.33 | alpha 0.333 | complete
Ep 509 | 드론3 목적지52 |  829스텝 | 배송 52/52 | 재적재  9 | 중계율 0.21 | alpha 0.333 | complete
Ep 510 | 드론3 목적지42 |  852스텝 | 배송 42/42 | 재적재  6 | 중계율 0.24 | alpha 0.333 | complete
Ep 511 | 드론3 목적지21 |  562스텝 | 배송 21/21 | 재적재  3 | 중계율 0.28 | alpha 0.335 | complete
Ep 512 | 드론3 목적지23 |  571스텝 | 배송 23/23 | 재적재  3 | 중계율 0.25 | alpha 0.336 | complete
Ep 513 | 드론3 목적지66 | 1000스텝 | 배송 60/66 | 재적재 10 | 중계율 0.19 | alpha 0.338 | step_limit
Ep 514 | 드론3 목적지38 | 1000스텝 | 배송 32/38 | 재적재  6 | 중계율 0.25 | alpha 0.346 | step_limit
Ep 515 | 드론4 목적지23 |  413스텝 | 배송 23/23 | 재적재  3 | 중계율 0.41 | alpha 0.348 | complete
Ep 516 | 드론4 목적지34 |  472스텝 | 배송 34/34 | 재적재  4 | 중계율 0.30 | alpha 0.354 | complete
Ep 517 | 드론3 목적지73 | 1000스텝 | 배송 59/73 | 재적재 10 | 중계율 0.29 | alpha 0.360 | step_limit
Ep 518 | 드론4 목적지43 |  536스텝 | 배송 43/43 | 재적재  7 | 중계율 0.20 | alpha 0.362 | complete
Ep 519 | 드론3 목적지65 | 1000스텝 | 배송 55/65 | 재적재 11 | 중계율 0.26 | alpha 0.367 | step_limit
Ep 520 | 드론4 목적지55 |  717스텝 | 배송 55/55 | 재적재  8 | 중계율 0.26 | alpha 0.371 | complete
Ep 521 | 드론3 목적지62 | 1000스텝 | 배송 50/62 | 재적재  9 | 중계율 0.27 | alpha 0.375 | step_limit
Ep 522 | 드론4 목적지37 |  624스텝 | 배송 37/37 | 재적재  5 | 중계율 0.26 | alpha 0.377 | complete
Ep 523 | 드론4 목적지66 |  841스텝 | 배송 66/66 | 재적재 12 | 중계율 0.23 | alpha 0.379 | complete
Ep 524 | 드론3 목적지57 | 1000스텝 | 배송 51/57 | 재적재  9 | 중계율 0.21 | alpha 0.381 | step_limit
Ep 525 | 드론3 목적지39 |  852스텝 | 배송 39/39 | 재적재  7 | 중계율 0.16 | alpha 0.385 | complete
Ep 526 | 드론4 목적지73 | 1000스텝 | 배송 67/73 | 재적재 11 | 중계율 0.23 | alpha 0.385 | step_limit
Ep 527 | 드론4 목적지58 |  606스텝 | 배송 58/58 | 재적재  9 | 중계율 0.20 | alpha 0.383 | complete
Ep 528 | 드론4 목적지46 |  538스텝 | 배송 46/46 | 재적재  8 | 중계율 0.21 | alpha 0.386 | complete
Ep 529 | 드론4 목적지20 |  349스텝 | 배송 20/20 | 재적재  2 | 중계율 0.22 | alpha 0.385 | complete
Ep 530 | 드론4 목적지72 | 1000스텝 | 배송 70/72 | 재적재 13 | 중계율 0.28 | alpha 0.384 | step_limit
Ep 531 | 드론3 목적지21 |  609스텝 | 배송 21/21 | 재적재  3 | 중계율 0.31 | alpha 0.384 | complete
Ep 532 | 드론4 목적지32 |  847스텝 | 배송 32/32 | 재적재  5 | 중계율 0.37 | alpha 0.383 | complete
Ep 533 | 드론3 목적지79 | 1000스텝 | 배송 65/79 | 재적재 10 | 중계율 0.27 | alpha 0.385 | step_limit
Ep 534 | 드론4 목적지56 | 1000스텝 | 배송 55/56 | 재적재 10 | 중계율 0.35 | alpha 0.383 | step_limit
Ep 535 | 드론3 목적지68 | 1000스텝 | 배송 58/68 | 재적재 10 | 중계율 0.22 | alpha 0.385 | step_limit
Ep 536 | 드론4 목적지57 | 1000스텝 | 배송 52/57 | 재적재 10 | 중계율 0.29 | alpha 0.385 | step_limit
Ep 537 | 드론3 목적지49 |  986스텝 | 배송 49/49 | 재적재  9 | 중계율 0.28 | alpha 0.393 | complete
Ep 538 | 드론3 목적지38 |  859스텝 | 배송 38/38 | 재적재  6 | 중계율 0.25 | alpha 0.394 | complete
Ep 539 | 드론4 목적지79 | 1000스텝 | 배송 75/79 | 재적재 14 | 중계율 0.23 | alpha 0.402 | step_limit
Ep 540 | 드론4 목적지70 |  799스텝 | 배송 70/70 | 재적재 12 | 중계율 0.18 | alpha 0.405 | complete
Ep 541 | 드론4 목적지77 |  974스텝 | 배송 77/77 | 재적재 14 | 중계율 0.18 | alpha 0.406 | complete
Ep 542 | 드론4 목적지53 |  827스텝 | 배송 53/53 | 재적재 10 | 중계율 0.26 | alpha 0.409 | complete
Ep 543 | 드론3 목적지49 |  790스텝 | 배송 49/49 | 재적재  8 | 중계율 0.29 | alpha 0.413 | complete
Ep 544 | 드론4 목적지68 |  860스텝 | 배송 68/68 | 재적재 13 | 중계율 0.29 | alpha 0.422 | complete
Ep 545 | 드론4 목적지56 |  998스텝 | 배송 56/56 | 재적재  9 | 중계율 0.29 | alpha 0.430 | complete
Ep 546 | 드론4 목적지75 |  886스텝 | 배송 75/75 | 재적재 13 | 중계율 0.20 | alpha 0.439 | complete
Ep 547 | 드론3 목적지71 | 1000스텝 | 배송 53/71 | 재적재  9 | 중계율 0.24 | alpha 0.444 | step_limit
Ep 548 | 드론3 목적지80 | 1000스텝 | 배송 75/80 | 재적재 13 | 중계율 0.20 | alpha 0.452 | step_limit
Ep 549 | 드론4 목적지38 |  552스텝 | 배송 38/38 | 재적재  5 | 중계율 0.25 | alpha 0.449 | complete
Ep 550 | 드론4 목적지49 |  619스텝 | 배송 49/49 | 재적재  8 | 중계율 0.15 | alpha 0.446 | complete
  [홀드아웃] 배송 50.0±0.2 완주 0.99 스텝 1010 점수 125.3 재적재 8.1 2홉+ 0.61 | 최고 125.3@ep550 정체 0/15  ← 갱신
Ep 551 | 드론3 목적지56 |  946스텝 | 배송 56/56 | 재적재 10 | 중계율 0.20 | alpha 0.443 | complete
Ep 552 | 드론4 목적지27 |  518스텝 | 배송 27/27 | 재적재  2 | 중계율 0.31 | alpha 0.443 | complete
Ep 553 | 드론3 목적지46 |  841스텝 | 배송 46/46 | 재적재  7 | 중계율 0.26 | alpha 0.446 | complete
Ep 554 | 드론4 목적지72 |  724스텝 | 배송 72/72 | 재적재 11 | 중계율 0.12 | alpha 0.445 | complete
Ep 555 | 드론3 목적지68 | 1000스텝 | 배송 58/68 | 재적재 10 | 중계율 0.29 | alpha 0.454 | step_limit
Ep 556 | 드론3 목적지30 |  853스텝 | 배송 30/30 | 재적재  4 | 중계율 0.32 | alpha 0.456 | complete
Ep 557 | 드론3 목적지46 |  695스텝 | 배송 46/46 | 재적재  8 | 중계율 0.21 | alpha 0.452 | complete
Ep 558 | 드론4 목적지66 | 1000스텝 | 배송 51/66 | 재적재  8 | 중계율 0.34 | alpha 0.449 | step_limit
Ep 559 | 드론4 목적지78 | 1000스텝 | 배송 74/78 | 재적재 14 | 중계율 0.28 | alpha 0.445 | step_limit
Ep 560 | 드론3 목적지22 |  485스텝 | 배송 22/22 | 재적재  4 | 중계율 0.23 | alpha 0.443 | complete
Ep 561 | 드론3 목적지29 |  471스텝 | 배송 29/29 | 재적재  5 | 중계율 0.16 | alpha 0.443 | complete
Ep 562 | 드론4 목적지71 |  922스텝 | 배송 71/71 | 재적재 13 | 중계율 0.15 | alpha 0.438 | complete
Ep 563 | 드론4 목적지61 | 1000스텝 | 배송 57/61 | 재적재  9 | 중계율 0.30 | alpha 0.430 | step_limit
Ep 564 | 드론4 목적지44 |  468스텝 | 배송 44/44 | 재적재  6 | 중계율 0.20 | alpha 0.430 | complete
Ep 565 | 드론4 목적지21 |  424스텝 | 배송 21/21 | 재적재  3 | 중계율 0.35 | alpha 0.429 | complete
Ep 566 | 드론4 목적지23 |  397스텝 | 배송 23/23 | 재적재  4 | 중계율 0.17 | alpha 0.432 | complete
Ep 567 | 드론4 목적지57 |  707스텝 | 배송 57/57 | 재적재 10 | 중계율 0.15 | alpha 0.438 | complete
Ep 568 | 드론4 목적지23 |  390스텝 | 배송 23/23 | 재적재  2 | 중계율 0.35 | alpha 0.437 | complete
Ep 569 | 드론4 목적지79 | 1000스텝 | 배송 71/79 | 재적재 12 | 중계율 0.30 | alpha 0.441 | step_limit
Ep 570 | 드론4 목적지70 | 1000스텝 | 배송 69/70 | 재적재 12 | 중계율 0.27 | alpha 0.441 | step_limit
Ep 571 | 드론4 목적지78 |  815스텝 | 배송 78/78 | 재적재 13 | 중계율 0.15 | alpha 0.447 | complete
Ep 572 | 드론4 목적지70 |  923스텝 | 배송 70/70 | 재적재 12 | 중계율 0.25 | alpha 0.450 | complete
Ep 573 | 드론3 목적지77 | 1000스텝 | 배송 44/77 | 재적재  7 | 중계율 0.15 | alpha 0.448 | step_limit
Ep 574 | 드론4 목적지34 |  582스텝 | 배송 34/34 | 재적재  5 | 중계율 0.32 | alpha 0.446 | complete
Ep 575 | 드론3 목적지21 |  458스텝 | 배송 21/21 | 재적재  3 | 중계율 0.16 | alpha 0.449 | complete
Ep 576 | 드론3 목적지39 |  580스텝 | 배송 39/39 | 재적재  6 | 중계율 0.20 | alpha 0.450 | complete
Ep 577 | 드론4 목적지53 | 1000스텝 | 배송 51/53 | 재적재 10 | 중계율 0.29 | alpha 0.452 | step_limit
Ep 578 | 드론4 목적지29 |  493스텝 | 배송 29/29 | 재적재  3 | 중계율 0.20 | alpha 0.454 | complete
Ep 579 | 드론3 목적지67 |  963스텝 | 배송 67/67 | 재적재 12 | 중계율 0.21 | alpha 0.458 | complete
Ep 580 | 드론4 목적지39 |  790스텝 | 배송 39/39 | 재적재  5 | 중계율 0.32 | alpha 0.462 | complete
Ep 581 | 드론3 목적지25 |  716스텝 | 배송 25/25 | 재적재  4 | 중계율 0.32 | alpha 0.467 | complete
Ep 582 | 드론3 목적지27 |  558스텝 | 배송 27/27 | 재적재  5 | 중계율 0.24 | alpha 0.469 | complete
Ep 583 | 드론3 목적지67 | 1000스텝 | 배송 62/67 | 재적재 10 | 중계율 0.30 | alpha 0.471 | step_limit
Ep 584 | 드론4 목적지70 | 1000스텝 | 배송 67/70 | 재적재 12 | 중계율 0.24 | alpha 0.469 | step_limit
Ep 585 | 드론3 목적지50 |  902스텝 | 배송 50/50 | 재적재  9 | 중계율 0.26 | alpha 0.469 | complete
Ep 586 | 드론3 목적지55 | 1000스텝 | 배송 50/55 | 재적재 10 | 중계율 0.31 | alpha 0.468 | step_limit
Ep 587 | 드론4 목적지46 |  611스텝 | 배송 46/46 | 재적재  7 | 중계율 0.21 | alpha 0.470 | complete
Ep 588 | 드론3 목적지39 |  781스텝 | 배송 39/39 | 재적재  6 | 중계율 0.26 | alpha 0.470 | complete
Ep 589 | 드론4 목적지48 |  766스텝 | 배송 48/48 | 재적재  9 | 중계율 0.28 | alpha 0.465 | complete
Ep 590 | 드론3 목적지55 |  835스텝 | 배송 55/55 | 재적재  9 | 중계율 0.25 | alpha 0.468 | complete
Ep 591 | 드론3 목적지70 | 1000스텝 | 배송 57/70 | 재적재 10 | 중계율 0.29 | alpha 0.473 | step_limit
Ep 592 | 드론3 목적지45 |  827스텝 | 배송 45/45 | 재적재  7 | 중계율 0.32 | alpha 0.473 | complete
Ep 593 | 드론3 목적지27 |  428스텝 | 배송 27/27 | 재적재  4 | 중계율 0.16 | alpha 0.475 | complete
Ep 594 | 드론3 목적지77 | 1000스텝 | 배송 49/77 | 재적재  9 | 중계율 0.33 | alpha 0.472 | step_limit
Ep 595 | 드론4 목적지64 | 1000스텝 | 배송 62/64 | 재적재 11 | 중계율 0.27 | alpha 0.471 | step_limit
Ep 596 | 드론3 목적지66 | 1000스텝 | 배송 55/66 | 재적재  9 | 중계율 0.26 | alpha 0.475 | step_limit
Ep 597 | 드론4 목적지31 |  815스텝 | 배송 31/31 | 재적재  6 | 중계율 0.33 | alpha 0.470 | complete
Ep 598 | 드론4 목적지64 | 1000스텝 | 배송 60/64 | 재적재 10 | 중계율 0.31 | alpha 0.471 | step_limit
Ep 599 | 드론3 목적지39 |  898스텝 | 배송 39/39 | 재적재  6 | 중계율 0.36 | alpha 0.479 | complete
Ep 600 | 드론4 목적지80 | 1000스텝 | 배송 77/80 | 재적재 13 | 중계율 0.23 | alpha 0.479 | step_limit
  [홀드아웃] 배송 49.6±2.1 완주 0.96 스텝 946 점수 123.6 재적재 8.0 2홉+ 0.62 | 최고 125.3@ep550 정체 1/15
Ep 601 | 드론3 목적지28 |  604스텝 | 배송 28/28 | 재적재  4 | 중계율 0.27 | alpha 0.480 | complete
Ep 602 | 드론3 목적지78 | 1000스텝 | 배송 68/78 | 재적재 13 | 중계율 0.20 | alpha 0.471 | step_limit
Ep 603 | 드론3 목적지64 | 1000스텝 | 배송 60/64 | 재적재 11 | 중계율 0.29 | alpha 0.465 | step_limit
Ep 604 | 드론4 목적지68 | 1000스텝 | 배송 65/68 | 재적재 12 | 중계율 0.22 | alpha 0.466 | step_limit
Ep 605 | 드론4 목적지55 | 1000스텝 | 배송 53/55 | 재적재  9 | 중계율 0.31 | alpha 0.469 | step_limit
Ep 606 | 드론4 목적지69 |  843스텝 | 배송 69/69 | 재적재 13 | 중계율 0.18 | alpha 0.470 | complete
Ep 607 | 드론3 목적지31 |  850스텝 | 배송 31/31 | 재적재  5 | 중계율 0.30 | alpha 0.472 | complete
Ep 608 | 드론3 목적지59 | 1000스텝 | 배송 53/59 | 재적재  9 | 중계율 0.26 | alpha 0.472 | step_limit
Ep 609 | 드론4 목적지56 | 1000스텝 | 배송 50/56 | 재적재  9 | 중계율 0.32 | alpha 0.473 | step_limit
Ep 610 | 드론3 목적지59 | 1000스텝 | 배송 45/59 | 재적재  8 | 중계율 0.23 | alpha 0.476 | step_limit
Ep 611 | 드론3 목적지21 |  404스텝 | 배송 21/21 | 재적재  3 | 중계율 0.22 | alpha 0.475 | complete
Ep 612 | 드론3 목적지27 |  564스텝 | 배송 27/27 | 재적재  4 | 중계율 0.30 | alpha 0.478 | complete
Ep 613 | 드론3 목적지80 | 1000스텝 | 배송 65/80 | 재적재 12 | 중계율 0.24 | alpha 0.487 | step_limit
Ep 614 | 드론3 목적지54 | 1000스텝 | 배송 53/54 | 재적재 10 | 중계율 0.25 | alpha 0.493 | step_limit
Ep 615 | 드론3 목적지56 |  785스텝 | 배송 56/56 | 재적재  9 | 중계율 0.17 | alpha 0.495 | complete
Ep 616 | 드론4 목적지71 | 1000스텝 | 배송 50/71 | 재적재  7 | 중계율 0.35 | alpha 0.488 | step_limit
Ep 617 | 드론3 목적지67 | 1000스텝 | 배송 57/67 | 재적재 10 | 중계율 0.25 | alpha 0.488 | step_limit
Ep 618 | 드론3 목적지52 | 1000스텝 | 배송 48/52 | 재적재  9 | 중계율 0.28 | alpha 0.490 | step_limit
Ep 619 | 드론4 목적지54 |  973스텝 | 배송 54/54 | 재적재  9 | 중계율 0.20 | alpha 0.489 | complete
Ep 620 | 드론4 목적지66 | 1000스텝 | 배송 64/66 | 재적재 12 | 중계율 0.27 | alpha 0.493 | step_limit
Ep 621 | 드론3 목적지46 |  698스텝 | 배송 46/46 | 재적재  9 | 중계율 0.15 | alpha 0.493 | complete
Ep 622 | 드론3 목적지28 |  628스텝 | 배송 28/28 | 재적재  5 | 중계율 0.32 | alpha 0.497 | complete
Ep 623 | 드론4 목적지44 |  581스텝 | 배송 44/44 | 재적재  8 | 중계율 0.16 | alpha 0.495 | complete
Ep 624 | 드론3 목적지42 |  885스텝 | 배송 42/42 | 재적재  7 | 중계율 0.17 | alpha 0.495 | complete
Ep 625 | 드론3 목적지37 |  636스텝 | 배송 37/37 | 재적재  6 | 중계율 0.18 | alpha 0.493 | complete
Ep 626 | 드론3 목적지68 | 1000스텝 | 배송 55/68 | 재적재  8 | 중계율 0.28 | alpha 0.496 | step_limit
Ep 627 | 드론4 목적지27 |  343스텝 | 배송 27/27 | 재적재  4 | 중계율 0.21 | alpha 0.496 | complete
Ep 628 | 드론4 목적지38 |  470스텝 | 배송 38/38 | 재적재  6 | 중계율 0.11 | alpha 0.499 | complete
Ep 629 | 드론4 목적지57 |  615스텝 | 배송 57/57 | 재적재  9 | 중계율 0.16 | alpha 0.507 | complete
Ep 630 | 드론3 목적지73 | 1000스텝 | 배송 60/73 | 재적재  9 | 중계율 0.26 | alpha 0.497 | step_limit
Ep 631 | 드론3 목적지58 | 1000스텝 | 배송 56/58 | 재적재 10 | 중계율 0.28 | alpha 0.496 | step_limit
Ep 632 | 드론4 목적지36 |  494스텝 | 배송 36/36 | 재적재  5 | 중계율 0.13 | alpha 0.493 | complete
Ep 633 | 드론3 목적지46 |  910스텝 | 배송 46/46 | 재적재  9 | 중계율 0.28 | alpha 0.494 | complete
Ep 634 | 드론3 목적지25 |  632스텝 | 배송 25/25 | 재적재  4 | 중계율 0.17 | alpha 0.490 | complete
Ep 635 | 드론3 목적지39 |  809스텝 | 배송 39/39 | 재적재  6 | 중계율 0.24 | alpha 0.484 | complete
Ep 636 | 드론4 목적지28 |  500스텝 | 배송 28/28 | 재적재  4 | 중계율 0.14 | alpha 0.484 | complete
Ep 637 | 드론4 목적지39 |  603스텝 | 배송 39/39 | 재적재  6 | 중계율 0.23 | alpha 0.489 | complete
Ep 638 | 드론3 목적지46 | 1000스텝 | 배송 45/46 | 재적재  9 | 중계율 0.32 | alpha 0.492 | step_limit
Ep 639 | 드론4 목적지21 |  403스텝 | 배송 21/21 | 재적재  2 | 중계율 0.29 | alpha 0.492 | complete
Ep 640 | 드론3 목적지55 | 1000스텝 | 배송 54/55 | 재적재  8 | 중계율 0.33 | alpha 0.491 | step_limit
Ep 641 | 드론3 목적지74 | 1000스텝 | 배송 65/74 | 재적재 12 | 중계율 0.27 | alpha 0.488 | step_limit
Ep 642 | 드론3 목적지24 |  587스텝 | 배송 24/24 | 재적재  3 | 중계율 0.24 | alpha 0.490 | complete
Ep 643 | 드론4 목적지57 |  789스텝 | 배송 57/57 | 재적재 10 | 중계율 0.32 | alpha 0.491 | complete
Ep 644 | 드론3 목적지45 |  955스텝 | 배송 45/45 | 재적재  8 | 중계율 0.31 | alpha 0.493 | complete
Ep 645 | 드론3 목적지48 |  882스텝 | 배송 48/48 | 재적재  9 | 중계율 0.22 | alpha 0.500 | complete
Ep 646 | 드론3 목적지25 |  630스텝 | 배송 25/25 | 재적재  2 | 중계율 0.37 | alpha 0.500 | complete
Ep 647 | 드론3 목적지26 |  604스텝 | 배송 26/26 | 재적재  4 | 중계율 0.30 | alpha 0.503 | complete
Ep 648 | 드론3 목적지48 |  913스텝 | 배송 48/48 | 재적재  9 | 중계율 0.24 | alpha 0.505 | complete
Ep 649 | 드론4 목적지69 |  956스텝 | 배송 69/69 | 재적재 11 | 중계율 0.26 | alpha 0.517 | complete
Ep 650 | 드론3 목적지64 | 1000스텝 | 배송 59/64 | 재적재  9 | 중계율 0.27 | alpha 0.532 | step_limit
  [홀드아웃] 배송 49.9±0.9 완주 0.96 스텝 939 점수 123.7 재적재 7.9 2홉+ 0.61 | 최고 125.3@ep550 정체 2/15
Ep 651 | 드론4 목적지77 | 1000스텝 | 배송 65/77 | 재적재 11 | 중계율 0.29 | alpha 0.539 | step_limit
Ep 652 | 드론3 목적지32 |  742스텝 | 배송 32/32 | 재적재  6 | 중계율 0.30 | alpha 0.537 | complete
Ep 653 | 드론3 목적지77 | 1000스텝 | 배송 70/77 | 재적재 12 | 중계율 0.23 | alpha 0.537 | step_limit
Ep 654 | 드론4 목적지21 |  531스텝 | 배송 21/21 | 재적재  3 | 중계율 0.32 | alpha 0.536 | complete
Ep 655 | 드론3 목적지28 |  726스텝 | 배송 28/28 | 재적재  4 | 중계율 0.25 | alpha 0.538 | complete
Ep 656 | 드론3 목적지50 |  923스텝 | 배송 50/50 | 재적재  8 | 중계율 0.29 | alpha 0.535 | complete
Ep 657 | 드론4 목적지62 |  743스텝 | 배송 62/62 | 재적재 12 | 중계율 0.18 | alpha 0.539 | complete
Ep 658 | 드론3 목적지50 |  852스텝 | 배송 50/50 | 재적재  7 | 중계율 0.28 | alpha 0.544 | complete
Ep 659 | 드론4 목적지39 |  492스텝 | 배송 39/39 | 재적재  7 | 중계율 0.15 | alpha 0.552 | complete
Ep 660 | 드론4 목적지65 |  929스텝 | 배송 65/65 | 재적재 12 | 중계율 0.19 | alpha 0.556 | complete
Ep 661 | 드론4 목적지20 |  290스텝 | 배송 20/20 | 재적재  2 | 중계율 0.14 | alpha 0.558 | complete
Ep 662 | 드론4 목적지46 |  564스텝 | 배송 46/46 | 재적재  7 | 중계율 0.22 | alpha 0.559 | complete
Ep 663 | 드론3 목적지78 | 1000스텝 | 배송 68/78 | 재적재 13 | 중계율 0.25 | alpha 0.558 | step_limit
Ep 664 | 드론3 목적지28 |  598스텝 | 배송 28/28 | 재적재  5 | 중계율 0.27 | alpha 0.560 | complete
Ep 665 | 드론3 목적지25 |  687스텝 | 배송 25/25 | 재적재  4 | 중계율 0.31 | alpha 0.557 | complete
Ep 666 | 드론4 목적지74 |  909스텝 | 배송 74/74 | 재적재 12 | 중계율 0.27 | alpha 0.562 | complete
Ep 667 | 드론3 목적지50 |  840스텝 | 배송 50/50 | 재적재  8 | 중계율 0.24 | alpha 0.565 | complete
Ep 668 | 드론4 목적지80 | 1000스텝 | 배송 73/80 | 재적재 14 | 중계율 0.21 | alpha 0.569 | step_limit
Ep 669 | 드론4 목적지53 |  687스텝 | 배송 53/53 | 재적재  9 | 중계율 0.19 | alpha 0.570 | complete
Ep 670 | 드론3 목적지68 | 1000스텝 | 배송 59/68 | 재적재 11 | 중계율 0.26 | alpha 0.573 | step_limit
Ep 671 | 드론3 목적지60 | 1000스텝 | 배송 55/60 | 재적재  9 | 중계율 0.29 | alpha 0.573 | step_limit
Ep 672 | 드론3 목적지50 |  893스텝 | 배송 50/50 | 재적재  8 | 중계율 0.22 | alpha 0.562 | complete
Ep 673 | 드론4 목적지54 |  673스텝 | 배송 54/54 | 재적재  8 | 중계율 0.27 | alpha 0.554 | complete
Ep 674 | 드론4 목적지73 |  826스텝 | 배송 73/73 | 재적재 13 | 중계율 0.20 | alpha 0.550 | complete
Ep 675 | 드론3 목적지74 | 1000스텝 | 배송 65/74 | 재적재 13 | 중계율 0.15 | alpha 0.545 | step_limit
Ep 676 | 드론3 목적지46 |  913스텝 | 배송 46/46 | 재적재  8 | 중계율 0.31 | alpha 0.539 | complete
Ep 677 | 드론3 목적지79 | 1000스텝 | 배송 68/79 | 재적재 12 | 중계율 0.25 | alpha 0.538 | step_limit
Ep 678 | 드론4 목적지41 |  700스텝 | 배송 41/41 | 재적재  6 | 중계율 0.35 | alpha 0.540 | complete
Ep 679 | 드론4 목적지58 |  960스텝 | 배송 58/58 | 재적재 10 | 중계율 0.25 | alpha 0.532 | complete
Ep 680 | 드론3 목적지31 |  454스텝 | 배송 31/31 | 재적재  4 | 중계율 0.16 | alpha 0.528 | complete
Ep 681 | 드론4 목적지65 | 1000스텝 | 배송 64/65 | 재적재 12 | 중계율 0.32 | alpha 0.521 | step_limit
Ep 682 | 드론3 목적지72 | 1000스텝 | 배송 60/72 | 재적재 11 | 중계율 0.25 | alpha 0.519 | step_limit
Ep 683 | 드론4 목적지52 |  781스텝 | 배송 52/52 | 재적재  9 | 중계율 0.29 | alpha 0.515 | complete
Ep 684 | 드론3 목적지40 |  924스텝 | 배송 40/40 | 재적재  6 | 중계율 0.29 | alpha 0.511 | complete
Ep 685 | 드론3 목적지74 | 1000스텝 | 배송 60/74 | 재적재 12 | 중계율 0.20 | alpha 0.517 | step_limit
Ep 686 | 드론4 목적지58 |  681스텝 | 배송 58/58 | 재적재  9 | 중계율 0.19 | alpha 0.521 | complete
Ep 687 | 드론3 목적지46 | 1000스텝 | 배송 40/46 | 재적재  7 | 중계율 0.27 | alpha 0.531 | step_limit
Ep 688 | 드론4 목적지33 |  425스텝 | 배송 33/33 | 재적재  5 | 중계율 0.13 | alpha 0.531 | complete
Ep 689 | 드론4 목적지80 | 1000스텝 | 배송 73/80 | 재적재 12 | 중계율 0.27 | alpha 0.539 | step_limit
Ep 690 | 드론3 목적지26 |  539스텝 | 배송 26/26 | 재적재  4 | 중계율 0.21 | alpha 0.543 | complete
Ep 691 | 드론3 목적지40 | 1000스텝 | 배송 38/40 | 재적재  7 | 중계율 0.24 | alpha 0.552 | step_limit
Ep 692 | 드론3 목적지49 |  896스텝 | 배송 49/49 | 재적재  9 | 중계율 0.25 | alpha 0.564 | complete
Ep 693 | 드론4 목적지56 |  801스텝 | 배송 56/56 | 재적재 10 | 중계율 0.24 | alpha 0.569 | complete
Ep 694 | 드론3 목적지69 | 1000스텝 | 배송 60/69 | 재적재 10 | 중계율 0.20 | alpha 0.580 | step_limit
Ep 695 | 드론4 목적지32 |  598스텝 | 배송 32/32 | 재적재  5 | 중계율 0.23 | alpha 0.581 | complete
Ep 696 | 드론3 목적지48 | 1000스텝 | 배송 45/48 | 재적재  8 | 중계율 0.27 | alpha 0.580 | step_limit
Ep 697 | 드론3 목적지58 |  878스텝 | 배송 58/58 | 재적재 11 | 중계율 0.24 | alpha 0.587 | complete
Ep 698 | 드론4 목적지65 | 1000스텝 | 배송 58/65 | 재적재 11 | 중계율 0.29 | alpha 0.586 | step_limit
Ep 699 | 드론4 목적지44 |  873스텝 | 배송 44/44 | 재적재  7 | 중계율 0.38 | alpha 0.592 | complete
Ep 700 | 드론4 목적지40 |  680스텝 | 배송 40/40 | 재적재  6 | 중계율 0.34 | alpha 0.599 | complete
  [홀드아웃] 배송 50.0±0.2 완주 0.99 스텝 914 점수 126.6 재적재 7.9 2홉+ 0.62 | 최고 126.6@ep700 정체 0/15  ← 갱신
Ep 701 | 드론4 목적지26 |  583스텝 | 배송 26/26 | 재적재  2 | 중계율 0.40 | alpha 0.604 | complete
Ep 702 | 드론3 목적지66 | 1000스텝 | 배송 63/66 | 재적재 11 | 중계율 0.26 | alpha 0.603 | step_limit
Ep 703 | 드론3 목적지25 |  825스텝 | 배송 25/25 | 재적재  4 | 중계율 0.36 | alpha 0.605 | complete
Ep 704 | 드론4 목적지35 |  733스텝 | 배송 35/35 | 재적재  5 | 중계율 0.28 | alpha 0.605 | complete
Ep 705 | 드론3 목적지24 |  389스텝 | 배송 24/24 | 재적재  3 | 중계율 0.22 | alpha 0.601 | complete
Ep 706 | 드론3 목적지64 |  997스텝 | 배송 64/64 | 재적재 12 | 중계율 0.20 | alpha 0.606 | complete
Ep 707 | 드론3 목적지24 |  529스텝 | 배송 24/24 | 재적재  3 | 중계율 0.19 | alpha 0.610 | complete
Ep 708 | 드론4 목적지68 |  840스텝 | 배송 68/68 | 재적재 12 | 중계율 0.18 | alpha 0.608 | complete
Ep 709 | 드론3 목적지57 | 1000스텝 | 배송 50/57 | 재적재  9 | 중계율 0.30 | alpha 0.604 | step_limit
Ep 710 | 드론4 목적지78 | 1000스텝 | 배송 76/78 | 재적재 14 | 중계율 0.21 | alpha 0.595 | step_limit
Ep 711 | 드론4 목적지34 |  759스텝 | 배송 34/34 | 재적재  6 | 중계율 0.30 | alpha 0.597 | complete
Ep 712 | 드론3 목적지21 |  409스텝 | 배송 21/21 | 재적재  3 | 중계율 0.18 | alpha 0.601 | complete
Ep 713 | 드론3 목적지63 | 1000스텝 | 배송 60/63 | 재적재  9 | 중계율 0.37 | alpha 0.603 | step_limit
Ep 714 | 드론3 목적지64 |  942스텝 | 배송 64/64 | 재적재 10 | 중계율 0.25 | alpha 0.596 | complete
Ep 715 | 드론4 목적지43 |  459스텝 | 배송 43/43 | 재적재  7 | 중계율 0.12 | alpha 0.597 | complete
Ep 716 | 드론3 목적지39 |  747스텝 | 배송 39/39 | 재적재  6 | 중계율 0.31 | alpha 0.602 | complete
Ep 717 | 드론3 목적지67 | 1000스텝 | 배송 61/67 | 재적재 11 | 중계율 0.19 | alpha 0.607 | step_limit
Ep 718 | 드론4 목적지68 | 1000스텝 | 배송 68/68 | 재적재 13 | 중계율 0.30 | alpha 0.602 | complete
Ep 719 | 드론4 목적지67 | 1000스텝 | 배송 62/67 | 재적재 12 | 중계율 0.30 | alpha 0.597 | step_limit
Ep 720 | 드론3 목적지49 |  681스텝 | 배송 49/49 | 재적재  9 | 중계율 0.11 | alpha 0.592 | complete
Ep 721 | 드론3 목적지29 |  642스텝 | 배송 29/29 | 재적재  4 | 중계율 0.24 | alpha 0.589 | complete
Ep 722 | 드론4 목적지59 |  702스텝 | 배송 59/59 | 재적재 11 | 중계율 0.22 | alpha 0.589 | complete
Ep 723 | 드론4 목적지70 |  849스텝 | 배송 70/70 | 재적재 12 | 중계율 0.17 | alpha 0.580 | complete
Ep 724 | 드론3 목적지69 |  950스텝 | 배송 69/69 | 재적재 12 | 중계율 0.25 | alpha 0.577 | complete
Ep 725 | 드론3 목적지62 | 1000스텝 | 배송 56/62 | 재적재 11 | 중계율 0.34 | alpha 0.580 | step_limit
Ep 726 | 드론4 목적지56 |  835스텝 | 배송 56/56 | 재적재 10 | 중계율 0.28 | alpha 0.575 | complete
Ep 727 | 드론3 목적지57 |  855스텝 | 배송 57/57 | 재적재 10 | 중계율 0.16 | alpha 0.568 | complete
Ep 728 | 드론4 목적지43 |  899스텝 | 배송 43/43 | 재적재  6 | 중계율 0.45 | alpha 0.558 | complete
Ep 729 | 드론4 목적지77 | 1000스텝 | 배송 74/77 | 재적재 12 | 중계율 0.22 | alpha 0.551 | step_limit
Ep 730 | 드론3 목적지27 |  483스텝 | 배송 27/27 | 재적재  3 | 중계율 0.24 | alpha 0.547 | complete
Ep 731 | 드론3 목적지80 | 1000스텝 | 배송 68/80 | 재적재 12 | 중계율 0.21 | alpha 0.539 | step_limit
Ep 732 | 드론3 목적지80 | 1000스텝 | 배송 65/80 | 재적재 12 | 중계율 0.23 | alpha 0.543 | step_limit
Ep 733 | 드론4 목적지64 |  932스텝 | 배송 64/64 | 재적재 10 | 중계율 0.26 | alpha 0.536 | complete
Ep 734 | 드론3 목적지38 |  570스텝 | 배송 38/38 | 재적재  5 | 중계율 0.13 | alpha 0.539 | complete
Ep 735 | 드론4 목적지63 | 1000스텝 | 배송 58/63 | 재적재 11 | 중계율 0.24 | alpha 0.543 | step_limit
Ep 736 | 드론3 목적지52 | 1000스텝 | 배송 50/52 | 재적재  9 | 중계율 0.31 | alpha 0.542 | step_limit
Ep 737 | 드론3 목적지41 |  675스텝 | 배송 41/41 | 재적재  7 | 중계율 0.25 | alpha 0.545 | complete
Ep 738 | 드론4 목적지49 |  696스텝 | 배송 49/49 | 재적재  9 | 중계율 0.23 | alpha 0.536 | complete
Ep 739 | 드론3 목적지27 |  423스텝 | 배송 27/27 | 재적재  3 | 중계율 0.27 | alpha 0.540 | complete
Ep 740 | 드론3 목적지32 |  695스텝 | 배송 32/32 | 재적재  5 | 중계율 0.31 | alpha 0.539 | complete
Ep 741 | 드론3 목적지25 |  522스텝 | 배송 25/25 | 재적재  4 | 중계율 0.25 | alpha 0.540 | complete
Ep 742 | 드론3 목적지48 |  735스텝 | 배송 48/48 | 재적재  7 | 중계율 0.23 | alpha 0.544 | complete
Ep 743 | 드론4 목적지54 | 1000스텝 | 배송 52/54 | 재적재 10 | 중계율 0.21 | alpha 0.545 | step_limit
Ep 744 | 드론4 목적지24 |  405스텝 | 배송 24/24 | 재적재  3 | 중계율 0.22 | alpha 0.545 | complete
Ep 745 | 드론4 목적지37 |  413스텝 | 배송 37/37 | 재적재  4 | 중계율 0.17 | alpha 0.548 | complete
Ep 746 | 드론3 목적지50 | 1000스텝 | 배송 44/50 | 재적재  8 | 중계율 0.37 | alpha 0.550 | step_limit
Ep 747 | 드론3 목적지78 | 1000스텝 | 배송 60/78 | 재적재  9 | 중계율 0.32 | alpha 0.552 | step_limit
Ep 748 | 드론3 목적지33 |  583스텝 | 배송 33/33 | 재적재  5 | 중계율 0.21 | alpha 0.557 | complete
Ep 749 | 드론3 목적지20 |  509스텝 | 배송 20/20 | 재적재  2 | 중계율 0.33 | alpha 0.565 | complete
Ep 750 | 드론4 목적지80 |  901스텝 | 배송 80/80 | 재적재 15 | 중계율 0.19 | alpha 0.576 | complete
  [홀드아웃] 배송 50.0±0.1 완주 0.99 스텝 931 점수 126.3 재적재 8.0 2홉+ 0.62 | 최고 126.6@ep700 정체 1/15
Ep 751 | 드론4 목적지29 |  421스텝 | 배송 29/29 | 재적재  4 | 중계율 0.19 | alpha 0.582 | complete
Ep 752 | 드론4 목적지21 |  510스텝 | 배송 21/21 | 재적재  3 | 중계율 0.40 | alpha 0.589 | complete
Ep 753 | 드론4 목적지21 |  319스텝 | 배송 21/21 | 재적재  3 | 중계율 0.19 | alpha 0.593 | complete
Ep 754 | 드론4 목적지39 |  673스텝 | 배송 39/39 | 재적재  7 | 중계율 0.30 | alpha 0.601 | complete
Ep 755 | 드론3 목적지68 | 1000스텝 | 배송 56/68 | 재적재 10 | 중계율 0.26 | alpha 0.618 | step_limit
Ep 756 | 드론3 목적지80 | 1000스텝 | 배송 68/80 | 재적재 13 | 중계율 0.19 | alpha 0.623 | step_limit
Ep 757 | 드론4 목적지62 |  722스텝 | 배송 62/62 | 재적재 11 | 중계율 0.16 | alpha 0.629 | complete
Ep 758 | 드론4 목적지36 |  746스텝 | 배송 36/36 | 재적재  5 | 중계율 0.38 | alpha 0.634 | complete
Ep 759 | 드론4 목적지46 | 1000스텝 | 배송 45/46 | 재적재  7 | 중계율 0.39 | alpha 0.639 | step_limit
Ep 760 | 드론3 목적지23 |  664스텝 | 배송 23/23 | 재적재  4 | 중계율 0.29 | alpha 0.645 | complete
Ep 761 | 드론4 목적지36 |  514스텝 | 배송 36/36 | 재적재  5 | 중계율 0.19 | alpha 0.646 | complete
Ep 762 | 드론3 목적지66 | 1000스텝 | 배송 65/66 | 재적재 12 | 중계율 0.20 | alpha 0.641 | step_limit
Ep 763 | 드론3 목적지24 |  543스텝 | 배송 24/24 | 재적재  4 | 중계율 0.21 | alpha 0.640 | complete
Ep 764 | 드론3 목적지27 |  438스텝 | 배송 27/27 | 재적재  4 | 중계율 0.09 | alpha 0.638 | complete
Ep 765 | 드론4 목적지43 |  769스텝 | 배송 43/43 | 재적재  6 | 중계율 0.22 | alpha 0.642 | complete
Ep 766 | 드론3 목적지25 |  497스텝 | 배송 25/25 | 재적재  3 | 중계율 0.26 | alpha 0.644 | complete
Ep 767 | 드론3 목적지65 | 1000스텝 | 배송 60/65 | 재적재 11 | 중계율 0.27 | alpha 0.646 | step_limit
Ep 768 | 드론3 목적지50 |  635스텝 | 배송 50/50 | 재적재  9 | 중계율 0.14 | alpha 0.649 | complete
Ep 769 | 드론4 목적지40 |  624스텝 | 배송 40/40 | 재적재  6 | 중계율 0.25 | alpha 0.657 | complete
Ep 770 | 드론4 목적지58 | 1000스텝 | 배송 56/58 | 재적재 10 | 중계율 0.30 | alpha 0.664 | step_limit
Ep 771 | 드론3 목적지28 |  659스텝 | 배송 28/28 | 재적재  5 | 중계율 0.36 | alpha 0.667 | complete
Ep 772 | 드론4 목적지53 |  552스텝 | 배송 53/53 | 재적재 10 | 중계율 0.15 | alpha 0.670 | complete
Ep 773 | 드론3 목적지60 | 1000스텝 | 배송 51/60 | 재적재 10 | 중계율 0.29 | alpha 0.664 | step_limit
Ep 774 | 드론3 목적지60 | 1000스텝 | 배송 46/60 | 재적재  9 | 중계율 0.37 | alpha 0.656 | step_limit
Ep 775 | 드론3 목적지62 | 1000스텝 | 배송 60/62 | 재적재 11 | 중계율 0.22 | alpha 0.660 | step_limit
Ep 776 | 드론3 목적지47 |  789스텝 | 배송 47/47 | 재적재  7 | 중계율 0.26 | alpha 0.661 | complete
Ep 777 | 드론3 목적지77 | 1000스텝 | 배송 74/77 | 재적재 13 | 중계율 0.19 | alpha 0.660 | step_limit
Ep 778 | 드론3 목적지29 |  683스텝 | 배송 29/29 | 재적재  4 | 중계율 0.29 | alpha 0.665 | complete
Ep 779 | 드론3 목적지79 |  877스텝 | 배송 35/79 | 재적재  5 | 중계율 0.22 | alpha 0.668 | no_progress
Ep 780 | 드론4 목적지50 |  928스텝 | 배송 50/50 | 재적재  8 | 중계율 0.34 | alpha 0.674 | complete
Ep 781 | 드론3 목적지53 | 1000스텝 | 배송 45/53 | 재적재  8 | 중계율 0.32 | alpha 0.688 | step_limit
Ep 782 | 드론3 목적지35 |  711스텝 | 배송 35/35 | 재적재  5 | 중계율 0.38 | alpha 0.695 | complete
Ep 783 | 드론4 목적지55 |  734스텝 | 배송 55/55 | 재적재 10 | 중계율 0.23 | alpha 0.701 | complete
Ep 784 | 드론3 목적지53 | 1000스텝 | 배송 52/53 | 재적재 10 | 중계율 0.24 | alpha 0.713 | step_limit
Ep 785 | 드론4 목적지56 |  989스텝 | 배송 56/56 | 재적재 10 | 중계율 0.37 | alpha 0.721 | complete
Ep 786 | 드론3 목적지73 | 1000스텝 | 배송 61/73 | 재적재 12 | 중계율 0.27 | alpha 0.731 | step_limit
Ep 787 | 드론4 목적지70 | 1000스텝 | 배송 61/70 | 재적재 12 | 중계율 0.25 | alpha 0.747 | step_limit
Ep 788 | 드론3 목적지31 |  691스텝 | 배송 31/31 | 재적재  5 | 중계율 0.24 | alpha 0.760 | complete
Ep 789 | 드론3 목적지40 |  864스텝 | 배송 40/40 | 재적재  7 | 중계율 0.24 | alpha 0.765 | complete
Ep 790 | 드론4 목적지29 |  511스텝 | 배송 29/29 | 재적재  4 | 중계율 0.25 | alpha 0.766 | complete
Ep 791 | 드론4 목적지38 |  518스텝 | 배송 38/38 | 재적재  5 | 중계율 0.22 | alpha 0.771 | complete
Ep 792 | 드론4 목적지77 |  811스텝 | 배송 77/77 | 재적재 14 | 중계율 0.22 | alpha 0.775 | complete
Ep 793 | 드론3 목적지71 | 1000스텝 | 배송 70/71 | 재적재 12 | 중계율 0.20 | alpha 0.774 | step_limit
Ep 794 | 드론3 목적지33 |  629스텝 | 배송 33/33 | 재적재  5 | 중계율 0.22 | alpha 0.772 | complete
Ep 795 | 드론3 목적지76 | 1000스텝 | 배송 55/76 | 재적재 10 | 중계율 0.30 | alpha 0.768 | step_limit
Ep 796 | 드론3 목적지65 | 1000스텝 | 배송 61/65 | 재적재 12 | 중계율 0.25 | alpha 0.764 | step_limit
Ep 797 | 드론4 목적지72 |  947스텝 | 배송 72/72 | 재적재 13 | 중계율 0.20 | alpha 0.749 | complete
Ep 798 | 드론4 목적지54 |  960스텝 | 배송 54/54 | 재적재  9 | 중계율 0.35 | alpha 0.740 | complete
Ep 799 | 드론3 목적지35 | 1000스텝 | 배송 33/35 | 재적재  5 | 중계율 0.33 | alpha 0.731 | step_limit
Ep 800 | 드론3 목적지78 | 1000스텝 | 배송 65/78 | 재적재 11 | 중계율 0.26 | alpha 0.726 | step_limit
  [홀드아웃] 배송 50.0±0.2 완주 0.97 스텝 912 점수 125.3 재적재 8.0 2홉+ 0.62 | 최고 126.6@ep700 정체 2/15
Ep 801 | 드론3 목적지21 |  452스텝 | 배송 21/21 | 재적재  3 | 중계율 0.28 | alpha 0.721 | complete
Ep 802 | 드론4 목적지22 |  313스텝 | 배송 22/22 | 재적재  3 | 중계율 0.15 | alpha 0.721 | complete
Ep 803 | 드론4 목적지57 |  933스텝 | 배송 57/57 | 재적재 11 | 중계율 0.25 | alpha 0.712 | complete
Ep 804 | 드론3 목적지60 |  827스텝 | 배송 60/60 | 재적재  9 | 중계율 0.21 | alpha 0.694 | complete
Ep 805 | 드론4 목적지34 |  445스텝 | 배송 34/34 | 재적재  6 | 중계율 0.14 | alpha 0.694 | complete
Ep 806 | 드론3 목적지59 | 1000스텝 | 배송 55/59 | 재적재 10 | 중계율 0.25 | alpha 0.695 | step_limit
Ep 807 | 드론4 목적지22 |  403스텝 | 배송 22/22 | 재적재  1 | 중계율 0.16 | alpha 0.693 | complete
Ep 808 | 드론3 목적지35 |  807스텝 | 배송 35/35 | 재적재  5 | 중계율 0.34 | alpha 0.698 | complete
Ep 809 | 드론3 목적지38 |  770스텝 | 배송 38/38 | 재적재  6 | 중계율 0.35 | alpha 0.693 | complete
Ep 810 | 드론4 목적지47 |  917스텝 | 배송 47/47 | 재적재  8 | 중계율 0.36 | alpha 0.700 | complete
Ep 811 | 드론3 목적지70 | 1000스텝 | 배송 58/70 | 재적재  9 | 중계율 0.34 | alpha 0.701 | step_limit
Ep 812 | 드론3 목적지40 |  751스텝 | 배송 40/40 | 재적재  6 | 중계율 0.31 | alpha 0.701 | complete
Ep 813 | 드론3 목적지55 | 1000스텝 | 배송 50/55 | 재적재  9 | 중계율 0.28 | alpha 0.707 | step_limit
Ep 814 | 드론3 목적지38 |  712스텝 | 배송 38/38 | 재적재  6 | 중계율 0.20 | alpha 0.714 | complete
Ep 815 | 드론3 목적지75 | 1000스텝 | 배송 53/75 | 재적재 10 | 중계율 0.26 | alpha 0.715 | step_limit
Ep 816 | 드론4 목적지57 |  812스텝 | 배송 57/57 | 재적재 11 | 중계율 0.25 | alpha 0.720 | complete
Ep 817 | 드론3 목적지58 | 1000스텝 | 배송 55/58 | 재적재 10 | 중계율 0.28 | alpha 0.722 | step_limit
Ep 818 | 드론4 목적지21 |  468스텝 | 배송 21/21 | 재적재  3 | 중계율 0.40 | alpha 0.726 | complete
Ep 819 | 드론3 목적지70 | 1000스텝 | 배송 63/70 | 재적재 11 | 중계율 0.21 | alpha 0.726 | step_limit
Ep 820 | 드론4 목적지26 |  954스텝 | 배송 26/26 | 재적재  3 | 중계율 0.42 | alpha 0.725 | complete
Ep 821 | 드론4 목적지27 |  427스텝 | 배송 27/27 | 재적재  4 | 중계율 0.20 | alpha 0.722 | complete
Ep 822 | 드론4 목적지61 | 1000스텝 | 배송 55/61 | 재적재 10 | 중계율 0.29 | alpha 0.715 | step_limit
Ep 823 | 드론4 목적지77 | 1000스텝 | 배송 69/77 | 재적재 12 | 중계율 0.32 | alpha 0.709 | step_limit
Ep 824 | 드론3 목적지38 |  696스텝 | 배송 38/38 | 재적재  6 | 중계율 0.19 | alpha 0.702 | complete
Ep 825 | 드론3 목적지63 |  792스텝 | 배송 63/63 | 재적재 12 | 중계율 0.15 | alpha 0.691 | complete
Ep 826 | 드론4 목적지44 |  847스텝 | 배송 44/44 | 재적재  7 | 중계율 0.30 | alpha 0.680 | complete
Ep 827 | 드론4 목적지51 |  896스텝 | 배송 51/51 | 재적재  9 | 중계율 0.31 | alpha 0.678 | complete
Ep 828 | 드론3 목적지41 |  874스텝 | 배송 41/41 | 재적재  7 | 중계율 0.33 | alpha 0.680 | complete
Ep 829 | 드론3 목적지22 |  479스텝 | 배송 22/22 | 재적재  2 | 중계율 0.21 | alpha 0.684 | complete
Ep 830 | 드론3 목적지48 | 1000스텝 | 배송 47/48 | 재적재  8 | 중계율 0.27 | alpha 0.690 | step_limit
Ep 831 | 드론3 목적지61 | 1000스텝 | 배송 52/61 | 재적재  9 | 중계율 0.31 | alpha 0.695 | step_limit
Ep 832 | 드론3 목적지66 | 1000스텝 | 배송 56/66 | 재적재 10 | 중계율 0.20 | alpha 0.696 | step_limit
Ep 833 | 드론3 목적지26 |  373스텝 | 배송 26/26 | 재적재  3 | 중계율 0.13 | alpha 0.694 | complete
Ep 834 | 드론4 목적지25 |  599스텝 | 배송 25/25 | 재적재  3 | 중계율 0.26 | alpha 0.695 | complete
Ep 835 | 드론3 목적지78 | 1000스텝 | 배송 69/78 | 재적재 12 | 중계율 0.28 | alpha 0.699 | step_limit
Ep 836 | 드론4 목적지22 |  692스텝 | 배송 22/22 | 재적재  1 | 중계율 0.38 | alpha 0.696 | complete
Ep 837 | 드론3 목적지74 | 1000스텝 | 배송 59/74 | 재적재 11 | 중계율 0.36 | alpha 0.704 | step_limit
Ep 838 | 드론4 목적지46 |  812스텝 | 배송 46/46 | 재적재  7 | 중계율 0.35 | alpha 0.709 | complete
Ep 839 | 드론3 목적지47 |  925스텝 | 배송 47/47 | 재적재  8 | 중계율 0.36 | alpha 0.710 | complete
Ep 840 | 드론4 목적지31 |  472스텝 | 배송 31/31 | 재적재  5 | 중계율 0.19 | alpha 0.713 | complete
Ep 841 | 드론3 목적지52 | 1000스텝 | 배송 50/52 | 재적재 10 | 중계율 0.30 | alpha 0.717 | step_limit
Ep 842 | 드론3 목적지30 |  645스텝 | 배송 30/30 | 재적재  5 | 중계율 0.20 | alpha 0.723 | complete
Ep 843 | 드론4 목적지75 | 1000스텝 | 배송 67/75 | 재적재 13 | 중계율 0.30 | alpha 0.724 | step_limit
Ep 844 | 드론4 목적지28 |  525스텝 | 배송 28/28 | 재적재  3 | 중계율 0.38 | alpha 0.728 | complete
Ep 845 | 드론3 목적지44 |  845스텝 | 배송 44/44 | 재적재  8 | 중계율 0.24 | alpha 0.732 | complete
Ep 846 | 드론3 목적지31 |  568스텝 | 배송 31/31 | 재적재  4 | 중계율 0.18 | alpha 0.736 | complete
Ep 847 | 드론4 목적지45 |  704스텝 | 배송 45/45 | 재적재  8 | 중계율 0.31 | alpha 0.735 | complete
Ep 848 | 드론3 목적지44 |  938스텝 | 배송 44/44 | 재적재  7 | 중계율 0.34 | alpha 0.737 | complete
Ep 849 | 드론3 목적지49 | 1000스텝 | 배송 48/49 | 재적재  9 | 중계율 0.35 | alpha 0.744 | step_limit
Ep 850 | 드론3 목적지47 |  895스텝 | 배송 47/47 | 재적재  8 | 중계율 0.30 | alpha 0.742 | complete
  [홀드아웃] 배송 49.8±1.4 완주 0.94 스텝 957 점수 121.0 재적재 7.9 2홉+ 0.62 | 최고 126.6@ep700 정체 3/15
Ep 851 | 드론4 목적지30 |  451스텝 | 배송 30/30 | 재적재  4 | 중계율 0.28 | alpha 0.746 | complete
Ep 852 | 드론4 목적지65 |  793스텝 | 배송 65/65 | 재적재 11 | 중계율 0.23 | alpha 0.745 | complete
Ep 853 | 드론3 목적지45 |  815스텝 | 배송 45/45 | 재적재  8 | 중계율 0.32 | alpha 0.747 | complete
Ep 854 | 드론4 목적지23 |  342스텝 | 배송 23/23 | 재적재  2 | 중계율 0.26 | alpha 0.750 | complete
Ep 855 | 드론4 목적지49 |  788스텝 | 배송 49/49 | 재적재  8 | 중계율 0.30 | alpha 0.752 | complete
Ep 856 | 드론3 목적지28 |  796스텝 | 배송 28/28 | 재적재  4 | 중계율 0.39 | alpha 0.754 | complete
Ep 857 | 드론3 목적지38 |  840스텝 | 배송 38/38 | 재적재  6 | 중계율 0.19 | alpha 0.754 | complete
Ep 858 | 드론4 목적지70 | 1000스텝 | 배송 70/70 | 재적재 12 | 중계율 0.23 | alpha 0.750 | complete
Ep 859 | 드론4 목적지27 |  410스텝 | 배송 27/27 | 재적재  4 | 중계율 0.22 | alpha 0.753 | complete
Ep 860 | 드론4 목적지30 |  736스텝 | 배송 30/30 | 재적재  5 | 중계율 0.40 | alpha 0.755 | complete
Ep 861 | 드론3 목적지39 |  822스텝 | 배송 39/39 | 재적재  7 | 중계율 0.26 | alpha 0.749 | complete
Ep 862 | 드론4 목적지50 |  618스텝 | 배송 50/50 | 재적재  9 | 중계율 0.12 | alpha 0.759 | complete
Ep 863 | 드론4 목적지30 |  462스텝 | 배송 30/30 | 재적재  3 | 중계율 0.37 | alpha 0.758 | complete
Ep 864 | 드론4 목적지38 |  507스텝 | 배송 38/38 | 재적재  6 | 중계율 0.23 | alpha 0.761 | complete
Ep 865 | 드론4 목적지56 |  659스텝 | 배송 56/56 | 재적재  9 | 중계율 0.23 | alpha 0.758 | complete
Ep 866 | 드론3 목적지70 | 1000스텝 | 배송 60/70 | 재적재 11 | 중계율 0.29 | alpha 0.751 | step_limit
Ep 867 | 드론3 목적지48 |  957스텝 | 배송 48/48 | 재적재  8 | 중계율 0.26 | alpha 0.754 | complete
Ep 868 | 드론4 목적지37 |  605스텝 | 배송 37/37 | 재적재  7 | 중계율 0.23 | alpha 0.752 | complete
Ep 869 | 드론4 목적지46 |  713스텝 | 배송 46/46 | 재적재  8 | 중계율 0.26 | alpha 0.747 | complete
Ep 870 | 드론3 목적지47 | 1000스텝 | 배송 41/47 | 재적재  8 | 중계율 0.24 | alpha 0.734 | step_limit
Ep 871 | 드론3 목적지44 |  731스텝 | 배송 44/44 | 재적재  6 | 중계율 0.26 | alpha 0.735 | complete
Ep 872 | 드론3 목적지57 | 1000스텝 | 배송 55/57 | 재적재  9 | 중계율 0.26 | alpha 0.727 | step_limit
Ep 873 | 드론4 목적지30 |  626스텝 | 배송 30/30 | 재적재  5 | 중계율 0.32 | alpha 0.723 | complete
Ep 874 | 드론3 목적지20 |  375스텝 | 배송 20/20 | 재적재  2 | 중계율 0.20 | alpha 0.720 | complete
Ep 875 | 드론4 목적지43 |  680스텝 | 배송 43/43 | 재적재  7 | 중계율 0.18 | alpha 0.720 | complete
Ep 876 | 드론4 목적지23 |  471스텝 | 배송 23/23 | 재적재  3 | 중계율 0.36 | alpha 0.727 | complete
Ep 877 | 드론3 목적지65 | 1000스텝 | 배송 55/65 | 재적재 10 | 중계율 0.31 | alpha 0.715 | step_limit
Ep 878 | 드론3 목적지65 | 1000스텝 | 배송 60/65 | 재적재 10 | 중계율 0.28 | alpha 0.724 | step_limit
Ep 879 | 드론4 목적지28 |  398스텝 | 배송 28/28 | 재적재  3 | 중계율 0.21 | alpha 0.727 | complete
Ep 880 | 드론4 목적지41 |  483스텝 | 배송 41/41 | 재적재  6 | 중계율 0.19 | alpha 0.727 | complete
Ep 881 | 드론3 목적지59 |  993스텝 | 배송 59/59 | 재적재 11 | 중계율 0.17 | alpha 0.726 | complete
Ep 882 | 드론3 목적지46 |  777스텝 | 배송 46/46 | 재적재  8 | 중계율 0.27 | alpha 0.727 | complete
Ep 883 | 드론4 목적지67 | 1000스텝 | 배송 65/67 | 재적재  9 | 중계율 0.29 | alpha 0.723 | step_limit
Ep 884 | 드론3 목적지49 |  834스텝 | 배송 49/49 | 재적재  8 | 중계율 0.33 | alpha 0.715 | complete
Ep 885 | 드론3 목적지51 | 1000스텝 | 배송 44/51 | 재적재  7 | 중계율 0.37 | alpha 0.711 | step_limit
Ep 886 | 드론3 목적지36 |  990스텝 | 배송 36/36 | 재적재  6 | 중계율 0.34 | alpha 0.711 | complete
Ep 887 | 드론4 목적지36 |  523스텝 | 배송 36/36 | 재적재  4 | 중계율 0.18 | alpha 0.715 | complete
Ep 888 | 드론3 목적지48 |  860스텝 | 배송 48/48 | 재적재  7 | 중계율 0.22 | alpha 0.722 | complete
Ep 889 | 드론4 목적지22 |  481스텝 | 배송 22/22 | 재적재  3 | 중계율 0.30 | alpha 0.726 | complete
Ep 890 | 드론3 목적지60 | 1000스텝 | 배송 50/60 | 재적재  9 | 중계율 0.32 | alpha 0.725 | step_limit
Ep 891 | 드론4 목적지80 | 1000스텝 | 배송 78/80 | 재적재 14 | 중계율 0.23 | alpha 0.734 | step_limit
Ep 892 | 드론3 목적지73 | 1000스텝 | 배송 60/73 | 재적재 10 | 중계율 0.23 | alpha 0.740 | step_limit
Ep 893 | 드론3 목적지30 |  841스텝 | 배송 30/30 | 재적재  5 | 중계율 0.28 | alpha 0.747 | complete
Ep 894 | 드론3 목적지63 | 1000스텝 | 배송 60/63 | 재적재  9 | 중계율 0.28 | alpha 0.761 | step_limit
Ep 895 | 드론4 목적지28 |  380스텝 | 배송 28/28 | 재적재  4 | 중계율 0.21 | alpha 0.766 | complete
Ep 896 | 드론3 목적지39 |  688스텝 | 배송 39/39 | 재적재  6 | 중계율 0.25 | alpha 0.771 | complete
Ep 897 | 드론4 목적지53 |  934스텝 | 배송 53/53 | 재적재  8 | 중계율 0.31 | alpha 0.793 | complete
Ep 898 | 드론3 목적지66 | 1000스텝 | 배송 58/66 | 재적재  9 | 중계율 0.34 | alpha 0.794 | step_limit
Ep 899 | 드론3 목적지33 |  558스텝 | 배송 33/33 | 재적재  4 | 중계율 0.27 | alpha 0.794 | complete
Ep 900 | 드론4 목적지43 |  906스텝 | 배송 43/43 | 재적재  7 | 중계율 0.30 | alpha 0.796 | complete
  [홀드아웃] 배송 50.0±0.2 완주 0.99 스텝 908 점수 126.6 재적재 8.0 2홉+ 0.61 | 최고 126.6@ep900 정체 0/15  ← 갱신
Ep 901 | 드론4 목적지59 |  871스텝 | 배송 59/59 | 재적재 11 | 중계율 0.27 | alpha 0.806 | complete
Ep 902 | 드론3 목적지29 |  607스텝 | 배송 29/29 | 재적재  3 | 중계율 0.35 | alpha 0.812 | complete
Ep 903 | 드론3 목적지75 | 1000스텝 | 배송 69/75 | 재적재 13 | 중계율 0.23 | alpha 0.826 | step_limit
Ep 904 | 드론3 목적지71 | 1000스텝 | 배송 65/71 | 재적재 11 | 중계율 0.25 | alpha 0.826 | step_limit
Ep 905 | 드론4 목적지77 | 1000스텝 | 배송 75/77 | 재적재 14 | 중계율 0.23 | alpha 0.829 | step_limit
Ep 906 | 드론4 목적지73 |  771스텝 | 배송 73/73 | 재적재 13 | 중계율 0.19 | alpha 0.833 | complete
Ep 907 | 드론3 목적지79 | 1000스텝 | 배송 66/79 | 재적재 11 | 중계율 0.23 | alpha 0.830 | step_limit
Ep 908 | 드론4 목적지33 |  616스텝 | 배송 33/33 | 재적재  5 | 중계율 0.32 | alpha 0.831 | complete
Ep 909 | 드론4 목적지29 |  655스텝 | 배송 29/29 | 재적재  5 | 중계율 0.18 | alpha 0.824 | complete
Ep 910 | 드론4 목적지41 |  855스텝 | 배송 41/41 | 재적재  5 | 중계율 0.36 | alpha 0.827 | complete
Ep 911 | 드론4 목적지34 |  475스텝 | 배송 34/34 | 재적재  5 | 중계율 0.17 | alpha 0.827 | complete
Ep 912 | 드론4 목적지42 |  814스텝 | 배송 42/42 | 재적재  8 | 중계율 0.31 | alpha 0.822 | complete
Ep 913 | 드론4 목적지34 |  609스텝 | 배송 34/34 | 재적재  5 | 중계율 0.28 | alpha 0.814 | complete
Ep 914 | 드론3 목적지44 |  703스텝 | 배송 44/44 | 재적재  8 | 중계율 0.26 | alpha 0.834 | complete
Ep 915 | 드론3 목적지67 | 1000스텝 | 배송 58/67 | 재적재 10 | 중계율 0.27 | alpha 0.845 | step_limit
Ep 916 | 드론4 목적지34 |  892스텝 | 배송 34/34 | 재적재  5 | 중계율 0.37 | alpha 0.846 | complete
Ep 917 | 드론4 목적지52 |  663스텝 | 배송 52/52 | 재적재  9 | 중계율 0.15 | alpha 0.840 | complete
Ep 918 | 드론3 목적지45 |  861스텝 | 배송 45/45 | 재적재  8 | 중계율 0.24 | alpha 0.843 | complete
Ep 919 | 드론4 목적지39 |  910스텝 | 배송 39/39 | 재적재  6 | 중계율 0.35 | alpha 0.835 | complete
Ep 920 | 드론4 목적지58 |  751스텝 | 배송 58/58 | 재적재 11 | 중계율 0.22 | alpha 0.832 | complete
Ep 921 | 드론3 목적지40 |  673스텝 | 배송 40/40 | 재적재  6 | 중계율 0.26 | alpha 0.835 | complete
Ep 922 | 드론4 목적지77 |  804스텝 | 배송 77/77 | 재적재 13 | 중계율 0.20 | alpha 0.839 | complete
Ep 923 | 드론4 목적지76 | 1000스텝 | 배송 70/76 | 재적재 12 | 중계율 0.30 | alpha 0.845 | step_limit
Ep 924 | 드론4 목적지72 | 1000스텝 | 배송 70/72 | 재적재 13 | 중계율 0.28 | alpha 0.846 | step_limit
Ep 925 | 드론4 목적지36 |  547스텝 | 배송 36/36 | 재적재  5 | 중계율 0.19 | alpha 0.835 | complete
Ep 926 | 드론4 목적지56 |  794스텝 | 배송 56/56 | 재적재  9 | 중계율 0.25 | alpha 0.839 | complete
Ep 927 | 드론4 목적지21 |  258스텝 | 배송 21/21 | 재적재  3 | 중계율 0.18 | alpha 0.839 | complete
Ep 928 | 드론3 목적지59 | 1000스텝 | 배송 58/59 | 재적재 10 | 중계율 0.24 | alpha 0.841 | step_limit
Ep 929 | 드론4 목적지25 |  471스텝 | 배송 25/25 | 재적재  3 | 중계율 0.32 | alpha 0.846 | complete
Ep 930 | 드론3 목적지28 |  652스텝 | 배송 28/28 | 재적재  5 | 중계율 0.26 | alpha 0.851 | complete
Ep 931 | 드론4 목적지70 | 1000스텝 | 배송 69/70 | 재적재 12 | 중계율 0.30 | alpha 0.867 | step_limit
Ep 932 | 드론3 목적지75 | 1000스텝 | 배송 60/75 | 재적재 11 | 중계율 0.27 | alpha 0.865 | step_limit
Ep 933 | 드론3 목적지31 |  581스텝 | 배송 31/31 | 재적재  5 | 중계율 0.26 | alpha 0.870 | complete
Ep 934 | 드론3 목적지28 |  639스텝 | 배송 28/28 | 재적재  4 | 중계율 0.23 | alpha 0.874 | complete
Ep 935 | 드론3 목적지36 |  632스텝 | 배송 36/36 | 재적재  7 | 중계율 0.23 | alpha 0.878 | complete
Ep 936 | 드론3 목적지20 |  319스텝 | 배송 20/20 | 재적재  3 | 중계율 0.15 | alpha 0.882 | complete
Ep 937 | 드론3 목적지28 |  541스텝 | 배송 28/28 | 재적재  5 | 중계율 0.25 | alpha 0.889 | complete
Ep 938 | 드론4 목적지73 | 1000스텝 | 배송 63/73 | 재적재 11 | 중계율 0.33 | alpha 0.886 | step_limit
Ep 939 | 드론3 목적지75 | 1000스텝 | 배송 66/75 | 재적재 11 | 중계율 0.30 | alpha 0.881 | step_limit
Ep 940 | 드론4 목적지64 |  636스텝 | 배송 64/64 | 재적재 11 | 중계율 0.18 | alpha 0.882 | complete
Ep 941 | 드론3 목적지37 |  714스텝 | 배송 37/37 | 재적재  7 | 중계율 0.16 | alpha 0.868 | complete
Ep 942 | 드론4 목적지57 |  780스텝 | 배송 57/57 | 재적재 10 | 중계율 0.21 | alpha 0.866 | complete
Ep 943 | 드론3 목적지69 | 1000스텝 | 배송 64/69 | 재적재 12 | 중계율 0.22 | alpha 0.864 | step_limit
Ep 944 | 드론4 목적지73 | 1000스텝 | 배송 67/73 | 재적재 11 | 중계율 0.35 | alpha 0.877 | step_limit
Ep 945 | 드론4 목적지49 |  729스텝 | 배송 49/49 | 재적재  8 | 중계율 0.30 | alpha 0.888 | complete
Ep 946 | 드론3 목적지29 |  534스텝 | 배송 29/29 | 재적재  5 | 중계율 0.17 | alpha 0.891 | complete
Ep 947 | 드론3 목적지73 | 1000스텝 | 배송 62/73 | 재적재 12 | 중계율 0.28 | alpha 0.895 | step_limit
Ep 948 | 드론4 목적지57 | 1000스텝 | 배송 53/57 | 재적재  8 | 중계율 0.41 | alpha 0.897 | step_limit
Ep 949 | 드론3 목적지24 |  455스텝 | 배송 24/24 | 재적재  3 | 중계율 0.21 | alpha 0.898 | complete
Ep 950 | 드론3 목적지26 |  564스텝 | 배송 26/26 | 재적재  4 | 중계율 0.24 | alpha 0.899 | complete
  [홀드아웃] 배송 49.9±0.5 완주 0.93 스텝 947 점수 119.9 재적재 8.1 2홉+ 0.62 | 최고 126.6@ep900 정체 1/15
Ep 951 | 드론4 목적지20 |  279스텝 | 배송 20/20 | 재적재  2 | 중계율 0.17 | alpha 0.894 | complete
Ep 952 | 드론4 목적지28 |  499스텝 | 배송 28/28 | 재적재  4 | 중계율 0.24 | alpha 0.894 | complete
Ep 953 | 드론3 목적지42 |  759스텝 | 배송 42/42 | 재적재  6 | 중계율 0.32 | alpha 0.886 | complete
Ep 954 | 드론3 목적지30 |  657스텝 | 배송 30/30 | 재적재  5 | 중계율 0.30 | alpha 0.888 | complete
Ep 955 | 드론4 목적지38 |  493스텝 | 배송 38/38 | 재적재  7 | 중계율 0.12 | alpha 0.891 | complete
Ep 956 | 드론3 목적지33 |  669스텝 | 배송 33/33 | 재적재  5 | 중계율 0.26 | alpha 0.887 | complete
Ep 957 | 드론3 목적지42 |  825스텝 | 배송 19/42 | 재적재  3 | 중계율 0.41 | alpha 0.891 | no_progress
Ep 958 | 드론4 목적지34 |  341스텝 | 배송 34/34 | 재적재  4 | 중계율 0.18 | alpha 0.892 | complete
Ep 959 | 드론3 목적지80 | 1000스텝 | 배송 63/80 | 재적재 12 | 중계율 0.28 | alpha 0.896 | step_limit
Ep 960 | 드론4 목적지66 |  680스텝 | 배송 66/66 | 재적재 11 | 중계율 0.19 | alpha 0.894 | complete
Ep 961 | 드론3 목적지70 | 1000스텝 | 배송 58/70 | 재적재 11 | 중계율 0.32 | alpha 0.885 | step_limit
Ep 962 | 드론3 목적지47 | 1000스텝 | 배송 46/47 | 재적재  9 | 중계율 0.29 | alpha 0.886 | step_limit
Ep 963 | 드론4 목적지27 |  551스텝 | 배송 27/27 | 재적재  5 | 중계율 0.27 | alpha 0.888 | complete
Ep 964 | 드론4 목적지65 |  827스텝 | 배송 65/65 | 재적재 12 | 중계율 0.22 | alpha 0.884 | complete
Ep 965 | 드론3 목적지22 |  621스텝 | 배송 22/22 | 재적재  3 | 중계율 0.34 | alpha 0.882 | complete
Ep 966 | 드론3 목적지28 |  537스텝 | 배송 28/28 | 재적재  4 | 중계율 0.29 | alpha 0.884 | complete
Ep 967 | 드론4 목적지73 | 1000스텝 | 배송 69/73 | 재적재 11 | 중계율 0.22 | alpha 0.872 | step_limit
Ep 968 | 드론4 목적지62 |  674스텝 | 배송 62/62 | 재적재 12 | 중계율 0.19 | alpha 0.875 | complete
Ep 969 | 드론4 목적지55 |  898스텝 | 배송 55/55 | 재적재 10 | 중계율 0.20 | alpha 0.880 | complete
Ep 970 | 드론4 목적지46 |  836스텝 | 배송 46/46 | 재적재  7 | 중계율 0.20 | alpha 0.883 | complete
Ep 971 | 드론4 목적지34 |  622스텝 | 배송 34/34 | 재적재  4 | 중계율 0.35 | alpha 0.880 | complete
Ep 972 | 드론3 목적지78 | 1000스텝 | 배송 60/78 | 재적재 10 | 중계율 0.23 | alpha 0.871 | step_limit
Ep 973 | 드론3 목적지78 | 1000스텝 | 배송 75/78 | 재적재 14 | 중계율 0.17 | alpha 0.880 | step_limit
Ep 974 | 드론3 목적지60 | 1000스텝 | 배송 58/60 | 재적재  9 | 중계율 0.33 | alpha 0.878 | step_limit
Ep 975 | 드론4 목적지52 |  687스텝 | 배송 52/52 | 재적재  9 | 중계율 0.22 | alpha 0.884 | complete
Ep 976 | 드론4 목적지53 |  798스텝 | 배송 53/53 | 재적재  9 | 중계율 0.25 | alpha 0.883 | complete
Ep 977 | 드론4 목적지30 |  405스텝 | 배송 30/30 | 재적재  5 | 중계율 0.19 | alpha 0.876 | complete
Ep 978 | 드론4 목적지45 |  585스텝 | 배송 45/45 | 재적재  7 | 중계율 0.24 | alpha 0.876 | complete
Ep 979 | 드론4 목적지34 |  795스텝 | 배송 34/34 | 재적재  5 | 중계율 0.36 | alpha 0.868 | complete
Ep 980 | 드론3 목적지55 | 1000스텝 | 배송 51/55 | 재적재  9 | 중계율 0.28 | alpha 0.858 | step_limit
Ep 981 | 드론4 목적지49 | 1000스텝 | 배송 41/49 | 재적재  5 | 중계율 0.42 | alpha 0.852 | step_limit
Ep 982 | 드론3 목적지26 |  869스텝 | 배송 19/26 | 재적재  3 | 중계율 0.23 | alpha 0.856 | no_progress
Ep 983 | 드론4 목적지39 |  629스텝 | 배송 39/39 | 재적재  7 | 중계율 0.32 | alpha 0.857 | complete
Ep 984 | 드론4 목적지20 |  560스텝 | 배송 20/20 | 재적재  3 | 중계율 0.21 | alpha 0.861 | complete
Ep 985 | 드론4 목적지29 |  527스텝 | 배송 29/29 | 재적재  4 | 중계율 0.31 | alpha 0.862 | complete
Ep 986 | 드론4 목적지59 | 1000스텝 | 배송 58/59 | 재적재  9 | 중계율 0.30 | alpha 0.859 | step_limit
Ep 987 | 드론3 목적지74 | 1000스텝 | 배송 66/74 | 재적재 13 | 중계율 0.21 | alpha 0.852 | step_limit
Ep 988 | 드론4 목적지70 |  841스텝 | 배송 70/70 | 재적재 12 | 중계율 0.22 | alpha 0.839 | complete
Ep 989 | 드론4 목적지34 |  622스텝 | 배송 34/34 | 재적재  6 | 중계율 0.18 | alpha 0.826 | complete
Ep 990 | 드론4 목적지28 |  496스텝 | 배송 28/28 | 재적재  4 | 중계율 0.22 | alpha 0.817 | complete
Ep 991 | 드론4 목적지76 |  992스텝 | 배송 76/76 | 재적재 15 | 중계율 0.23 | alpha 0.811 | complete
Ep 992 | 드론3 목적지40 |  826스텝 | 배송 40/40 | 재적재  6 | 중계율 0.31 | alpha 0.813 | complete
Ep 993 | 드론4 목적지61 |  763스텝 | 배송 61/61 | 재적재 11 | 중계율 0.20 | alpha 0.804 | complete
Ep 994 | 드론3 목적지49 | 1000스텝 | 배송 41/49 | 재적재  8 | 중계율 0.33 | alpha 0.803 | step_limit
Ep 995 | 드론4 목적지33 |  805스텝 | 배송 33/33 | 재적재  5 | 중계율 0.24 | alpha 0.807 | complete
Ep 996 | 드론3 목적지23 |  557스텝 | 배송 23/23 | 재적재  4 | 중계율 0.31 | alpha 0.805 | complete
Ep 997 | 드론4 목적지46 |  783스텝 | 배송 46/46 | 재적재  8 | 중계율 0.29 | alpha 0.802 | complete
Ep 998 | 드론4 목적지53 |  875스텝 | 배송 53/53 | 재적재 10 | 중계율 0.30 | alpha 0.803 | complete
Ep 999 | 드론3 목적지52 | 1000스텝 | 배송 51/52 | 재적재  9 | 중계율 0.27 | alpha 0.797 | step_limit
Ep 1000 | 드론3 목적지78 | 1000스텝 | 배송 60/78 | 재적재 11 | 중계율 0.27 | alpha 0.785 | step_limit
  [홀드아웃] 배송 49.9±0.8 완주 0.99 스텝 914 점수 126.6 재적재 7.8 2홉+ 0.62 | 최고 126.6@ep900 정체 2/15
Ep 1001 | 드론3 목적지65 | 1000스텝 | 배송 59/65 | 재적재 10 | 중계율 0.30 | alpha 0.785 | step_limit
Ep 1002 | 드론3 목적지51 |  793스텝 | 배송 51/51 | 재적재  9 | 중계율 0.17 | alpha 0.778 | complete
Ep 1003 | 드론4 목적지23 |  329스텝 | 배송 23/23 | 재적재  3 | 중계율 0.18 | alpha 0.777 | complete
Ep 1004 | 드론3 목적지73 | 1000스텝 | 배송 66/73 | 재적재 12 | 중계율 0.25 | alpha 0.771 | step_limit
Ep 1005 | 드론3 목적지31 |  680스텝 | 배송 31/31 | 재적재  5 | 중계율 0.21 | alpha 0.768 | complete
Ep 1006 | 드론3 목적지54 |  879스텝 | 배송 54/54 | 재적재  9 | 중계율 0.29 | alpha 0.767 | complete
Ep 1007 | 드론3 목적지61 | 1000스텝 | 배송 56/61 | 재적재 10 | 중계율 0.23 | alpha 0.779 | step_limit
Ep 1008 | 드론3 목적지56 | 1000스텝 | 배송 37/56 | 재적재  6 | 중계율 0.36 | alpha 0.784 | step_limit
Ep 1009 | 드론3 목적지65 | 1000스텝 | 배송 55/65 | 재적재  9 | 중계율 0.30 | alpha 0.785 | step_limit
Ep 1010 | 드론3 목적지64 | 1000스텝 | 배송 51/64 | 재적재  8 | 중계율 0.28 | alpha 0.787 | step_limit
Ep 1011 | 드론3 목적지48 |  807스텝 | 배송 48/48 | 재적재  8 | 중계율 0.23 | alpha 0.772 | complete
Ep 1012 | 드론4 목적지77 |  786스텝 | 배송 77/77 | 재적재 13 | 중계율 0.17 | alpha 0.754 | complete
Ep 1013 | 드론4 목적지30 |  813스텝 | 배송 30/30 | 재적재  5 | 중계율 0.36 | alpha 0.753 | complete
Ep 1014 | 드론4 목적지73 |  927스텝 | 배송 73/73 | 재적재 13 | 중계율 0.16 | alpha 0.748 | complete
Ep 1015 | 드론4 목적지80 |  823스텝 | 배송 80/80 | 재적재 15 | 중계율 0.15 | alpha 0.743 | complete
Ep 1016 | 드론3 목적지35 |  753스텝 | 배송 35/35 | 재적재  5 | 중계율 0.30 | alpha 0.736 | complete
Ep 1017 | 드론3 목적지52 | 1000스텝 | 배송 50/52 | 재적재  9 | 중계율 0.29 | alpha 0.740 | step_limit
Ep 1018 | 드론4 목적지25 |  573스텝 | 배송 25/25 | 재적재  4 | 중계율 0.29 | alpha 0.741 | complete
Ep 1019 | 드론4 목적지59 |  791스텝 | 배송 59/59 | 재적재 10 | 중계율 0.16 | alpha 0.744 | complete
Ep 1020 | 드론3 목적지57 | 1000스텝 | 배송 55/57 | 재적재 10 | 중계율 0.19 | alpha 0.744 | step_limit
Ep 1021 | 드론3 목적지78 | 1000스텝 | 배송 69/78 | 재적재 12 | 중계율 0.21 | alpha 0.741 | step_limit
Ep 1022 | 드론3 목적지68 | 1000스텝 | 배송 57/68 | 재적재  9 | 중계율 0.20 | alpha 0.743 | step_limit
Ep 1023 | 드론3 목적지33 |  615스텝 | 배송 33/33 | 재적재  5 | 중계율 0.23 | alpha 0.755 | complete
Ep 1024 | 드론3 목적지77 | 1000스텝 | 배송 65/77 | 재적재 13 | 중계율 0.27 | alpha 0.764 | step_limit
Ep 1025 | 드론4 목적지23 |  394스텝 | 배송 23/23 | 재적재  4 | 중계율 0.19 | alpha 0.766 | complete
Ep 1026 | 드론4 목적지21 |  273스텝 | 배송 21/21 | 재적재  3 | 중계율 0.11 | alpha 0.760 | complete
Ep 1027 | 드론3 목적지35 |  726스텝 | 배송 35/35 | 재적재  5 | 중계율 0.24 | alpha 0.759 | complete
Ep 1028 | 드론4 목적지41 |  592스텝 | 배송 41/41 | 재적재  6 | 중계율 0.27 | alpha 0.765 | complete
Ep 1029 | 드론4 목적지21 |  294스텝 | 배송 21/21 | 재적재  3 | 중계율 0.18 | alpha 0.766 | complete
Ep 1030 | 드론3 목적지54 | 1000스텝 | 배송 53/54 | 재적재 10 | 중계율 0.29 | alpha 0.778 | step_limit
Ep 1031 | 드론3 목적지72 | 1000스텝 | 배송 61/72 | 재적재 10 | 중계율 0.25 | alpha 0.787 | step_limit
Ep 1032 | 드론4 목적지48 |  665스텝 | 배송 48/48 | 재적재  7 | 중계율 0.29 | alpha 0.795 | complete
Ep 1033 | 드론3 목적지32 |  536스텝 | 배송 32/32 | 재적재  4 | 중계율 0.22 | alpha 0.798 | complete
Ep 1034 | 드론3 목적지21 |  426스텝 | 배송 21/21 | 재적재  3 | 중계율 0.31 | alpha 0.791 | complete
Ep 1035 | 드론3 목적지57 | 1000스텝 | 배송 55/57 | 재적재 10 | 중계율 0.27 | alpha 0.792 | step_limit
Ep 1036 | 드론3 목적지56 |  996스텝 | 배송 56/56 | 재적재 10 | 중계율 0.25 | alpha 0.787 | complete
Ep 1037 | 드론3 목적지53 | 1000스텝 | 배송 48/53 | 재적재  8 | 중계율 0.36 | alpha 0.789 | step_limit
Ep 1038 | 드론4 목적지29 |  409스텝 | 배송 29/29 | 재적재  5 | 중계율 0.18 | alpha 0.790 | complete
Ep 1039 | 드론3 목적지45 |  807스텝 | 배송 45/45 | 재적재  8 | 중계율 0.29 | alpha 0.798 | complete
Ep 1040 | 드론3 목적지23 |  399스텝 | 배송 23/23 | 재적재  4 | 중계율 0.20 | alpha 0.805 | complete
Ep 1041 | 드론4 목적지20 |  296스텝 | 배송 20/20 | 재적재  2 | 중계율 0.20 | alpha 0.808 | complete
Ep 1042 | 드론3 목적지71 | 1000스텝 | 배송 61/71 | 재적재 11 | 중계율 0.30 | alpha 0.809 | step_limit
Ep 1043 | 드론3 목적지36 |  976스텝 | 배송 33/36 | 재적재  5 | 중계율 0.36 | alpha 0.818 | no_progress
Ep 1044 | 드론3 목적지46 |  801스텝 | 배송 46/46 | 재적재  8 | 중계율 0.22 | alpha 0.832 | complete
Ep 1045 | 드론3 목적지65 | 1000스텝 | 배송 55/65 | 재적재  9 | 중계율 0.33 | alpha 0.840 | step_limit
Ep 1046 | 드론4 목적지53 |  884스텝 | 배송 53/53 | 재적재  8 | 중계율 0.33 | alpha 0.848 | complete
Ep 1047 | 드론4 목적지77 |  996스텝 | 배송 77/77 | 재적재 15 | 중계율 0.22 | alpha 0.863 | complete
Ep 1048 | 드론4 목적지54 | 1000스텝 | 배송 53/54 | 재적재  8 | 중계율 0.26 | alpha 0.866 | step_limit
Ep 1049 | 드론3 목적지75 | 1000스텝 | 배송 67/75 | 재적재 12 | 중계율 0.22 | alpha 0.881 | step_limit
Ep 1050 | 드론4 목적지66 |  784스텝 | 배송 66/66 | 재적재 12 | 중계율 0.18 | alpha 0.886 | complete
  [홀드아웃] 배송 49.2±3.5 완주 0.90 스텝 951 점수 117.3 재적재 7.8 2홉+ 0.62 | 최고 126.6@ep900 정체 3/15
Ep 1051 | 드론3 목적지46 | 1000스텝 | 배송 38/46 | 재적재  7 | 중계율 0.34 | alpha 0.911 | step_limit
Ep 1052 | 드론4 목적지64 |  823스텝 | 배송 64/64 | 재적재 10 | 중계율 0.30 | alpha 0.926 | complete
Ep 1053 | 드론4 목적지77 | 1000스텝 | 배송 68/77 | 재적재 11 | 중계율 0.30 | alpha 0.939 | step_limit
Ep 1054 | 드론3 목적지50 |  871스텝 | 배송 50/50 | 재적재  8 | 중계율 0.26 | alpha 0.951 | complete
Ep 1055 | 드론3 목적지33 |  636스텝 | 배송 33/33 | 재적재  6 | 중계율 0.23 | alpha 0.957 | complete
Ep 1056 | 드론4 목적지55 |  563스텝 | 배송 55/55 | 재적재  9 | 중계율 0.13 | alpha 0.955 | complete
Ep 1057 | 드론4 목적지78 | 1000스텝 | 배송 69/78 | 재적재 12 | 중계율 0.33 | alpha 0.951 | step_limit
Ep 1058 | 드론3 목적지74 |  932스텝 | 배송 74/74 | 재적재 13 | 중계율 0.22 | alpha 0.938 | complete
Ep 1059 | 드론4 목적지76 |  935스텝 | 배송 76/76 | 재적재 13 | 중계율 0.25 | alpha 0.940 | complete
Ep 1060 | 드론3 목적지56 | 1000스텝 | 배송 53/56 | 재적재  9 | 중계율 0.29 | alpha 0.930 | step_limit
Ep 1061 | 드론4 목적지46 |  637스텝 | 배송 46/46 | 재적재  9 | 중계율 0.25 | alpha 0.927 | complete
Ep 1062 | 드론4 목적지55 |  665스텝 | 배송 55/55 | 재적재  8 | 중계율 0.22 | alpha 0.916 | complete
Ep 1063 | 드론4 목적지54 |  857스텝 | 배송 54/54 | 재적재  9 | 중계율 0.27 | alpha 0.908 | complete
Ep 1064 | 드론3 목적지76 | 1000스텝 | 배송 60/76 | 재적재 10 | 중계율 0.22 | alpha 0.908 | step_limit
Ep 1065 | 드론3 목적지23 |  512스텝 | 배송 23/23 | 재적재  2 | 중계율 0.33 | alpha 0.915 | complete
Ep 1066 | 드론3 목적지37 |  646스텝 | 배송 37/37 | 재적재  7 | 중계율 0.26 | alpha 0.909 | complete
Ep 1067 | 드론3 목적지76 | 1000스텝 | 배송 61/76 | 재적재 12 | 중계율 0.24 | alpha 0.917 | step_limit
Ep 1068 | 드론4 목적지77 | 1000스텝 | 배송 75/77 | 재적재 13 | 중계율 0.26 | alpha 0.917 | step_limit
Ep 1069 | 드론4 목적지56 |  938스텝 | 배송 56/56 | 재적재 10 | 중계율 0.32 | alpha 0.920 | complete
Ep 1070 | 드론4 목적지39 |  448스텝 | 배송 39/39 | 재적재  6 | 중계율 0.12 | alpha 0.919 | complete
Ep 1071 | 드론4 목적지26 |  533스텝 | 배송 26/26 | 재적재  2 | 중계율 0.39 | alpha 0.923 | complete
Ep 1072 | 드론4 목적지62 |  816스텝 | 배송 62/62 | 재적재 11 | 중계율 0.30 | alpha 0.910 | complete
Ep 1073 | 드론3 목적지44 |  894스텝 | 배송 44/44 | 재적재  7 | 중계율 0.32 | alpha 0.911 | complete
Ep 1074 | 드론3 목적지71 | 1000스텝 | 배송 59/71 | 재적재 11 | 중계율 0.18 | alpha 0.914 | step_limit
Ep 1075 | 드론4 목적지36 |  804스텝 | 배송 36/36 | 재적재  5 | 중계율 0.36 | alpha 0.919 | complete
Ep 1076 | 드론3 목적지53 | 1000스텝 | 배송 42/53 | 재적재  7 | 중계율 0.11 | alpha 0.932 | step_limit
Ep 1077 | 드론3 목적지47 | 1000스텝 | 배송 46/47 | 재적재  8 | 중계율 0.26 | alpha 0.929 | step_limit
Ep 1078 | 드론4 목적지54 |  596스텝 | 배송 54/54 | 재적재 10 | 중계율 0.15 | alpha 0.932 | complete
Ep 1079 | 드론4 목적지48 |  815스텝 | 배송 48/48 | 재적재  8 | 중계율 0.26 | alpha 0.919 | complete
Ep 1080 | 드론4 목적지54 |  621스텝 | 배송 54/54 | 재적재  8 | 중계율 0.16 | alpha 0.914 | complete
Ep 1081 | 드론4 목적지28 |  579스텝 | 배송 28/28 | 재적재  4 | 중계율 0.31 | alpha 0.913 | complete
Ep 1082 | 드론3 목적지37 |  748스텝 | 배송 37/37 | 재적재  7 | 중계율 0.22 | alpha 0.915 | complete
Ep 1083 | 드론3 목적지25 |  455스텝 | 배송 25/25 | 재적재  4 | 중계율 0.14 | alpha 0.917 | complete
Ep 1084 | 드론4 목적지31 |  706스텝 | 배송 31/31 | 재적재  4 | 중계율 0.14 | alpha 0.915 | complete
Ep 1085 | 드론4 목적지46 | 1000스텝 | 배송 33/46 | 재적재  4 | 중계율 0.34 | alpha 0.910 | step_limit
Ep 1086 | 드론3 목적지30 |  596스텝 | 배송 30/30 | 재적재  5 | 중계율 0.31 | alpha 0.910 | complete
Ep 1087 | 드론4 목적지20 |  463스텝 | 배송 20/20 | 재적재  2 | 중계율 0.23 | alpha 0.899 | complete
Ep 1088 | 드론3 목적지55 | 1000스텝 | 배송 50/55 | 재적재  8 | 중계율 0.33 | alpha 0.889 | step_limit
Ep 1089 | 드론4 목적지45 |  688스텝 | 배송 45/45 | 재적재  6 | 중계율 0.17 | alpha 0.891 | complete
Ep 1090 | 드론4 목적지23 |  312스텝 | 배송 23/23 | 재적재  3 | 중계율 0.16 | alpha 0.884 | complete
Ep 1091 | 드론3 목적지25 |  318스텝 | 배송 25/25 | 재적재  3 | 중계율 0.10 | alpha 0.878 | complete
Ep 1092 | 드론3 목적지46 | 1000스텝 | 배송 45/46 | 재적재  7 | 중계율 0.23 | alpha 0.860 | step_limit
Ep 1093 | 드론4 목적지61 |  836스텝 | 배송 61/61 | 재적재 10 | 중계율 0.26 | alpha 0.846 | complete
Ep 1094 | 드론4 목적지63 |  943스텝 | 배송 63/63 | 재적재 12 | 중계율 0.23 | alpha 0.833 | complete
Ep 1095 | 드론3 목적지27 |  507스텝 | 배송 27/27 | 재적재  5 | 중계율 0.25 | alpha 0.830 | complete
Ep 1096 | 드론3 목적지72 | 1000스텝 | 배송 56/72 | 재적재 10 | 중계율 0.33 | alpha 0.810 | step_limit
Ep 1097 | 드론4 목적지45 |  965스텝 | 배송 45/45 | 재적재  7 | 중계율 0.30 | alpha 0.797 | complete
Ep 1098 | 드론4 목적지30 |  613스텝 | 배송 30/30 | 재적재  3 | 중계율 0.34 | alpha 0.794 | complete
Ep 1099 | 드론4 목적지74 | 1000스텝 | 배송 66/74 | 재적재 13 | 중계율 0.32 | alpha 0.786 | step_limit
Ep 1100 | 드론3 목적지37 |  639스텝 | 배송 37/37 | 재적재  7 | 중계율 0.24 | alpha 0.781 | complete
  [홀드아웃] 배송 50.0±0.0 완주 1.00 스텝 942 점수 127.4 재적재 8.1 2홉+ 0.62 | 최고 127.4@ep1100 정체 0/15  ← 갱신
Ep 1101 | 드론4 목적지34 |  865스텝 | 배송 34/34 | 재적재  5 | 중계율 0.38 | alpha 0.774 | complete
Ep 1102 | 드론3 목적지40 |  750스텝 | 배송 40/40 | 재적재  6 | 중계율 0.26 | alpha 0.765 | complete
Ep 1103 | 드론4 목적지64 |  693스텝 | 배송 64/64 | 재적재 11 | 중계율 0.22 | alpha 0.763 | complete
Ep 1104 | 드론4 목적지35 |  431스텝 | 배송 35/35 | 재적재  4 | 중계율 0.25 | alpha 0.765 | complete
Ep 1105 | 드론3 목적지57 | 1000스텝 | 배송 50/57 | 재적재  8 | 중계율 0.26 | alpha 0.761 | step_limit
Ep 1106 | 드론4 목적지71 |  934스텝 | 배송 71/71 | 재적재 13 | 중계율 0.15 | alpha 0.757 | complete
Ep 1107 | 드론4 목적지71 | 1000스텝 | 배송 67/71 | 재적재 12 | 중계율 0.30 | alpha 0.752 | step_limit
Ep 1108 | 드론4 목적지48 |  831스텝 | 배송 48/48 | 재적재  9 | 중계율 0.22 | alpha 0.743 | complete
Ep 1109 | 드론3 목적지55 |  866스텝 | 배송 55/55 | 재적재 10 | 중계율 0.18 | alpha 0.734 | complete
Ep 1110 | 드론3 목적지34 |  769스텝 | 배송 34/34 | 재적재  6 | 중계율 0.28 | alpha 0.732 | complete
Ep 1111 | 드론4 목적지61 |  986스텝 | 배송 61/61 | 재적재 11 | 중계율 0.23 | alpha 0.736 | complete
Ep 1112 | 드론4 목적지34 | 1000스텝 | 배송 32/34 | 재적재  5 | 중계율 0.35 | alpha 0.736 | step_limit
Ep 1113 | 드론4 목적지45 |  692스텝 | 배송 45/45 | 재적재  8 | 중계율 0.23 | alpha 0.742 | complete
Ep 1114 | 드론3 목적지76 | 1000스텝 | 배송 61/76 | 재적재 11 | 중계율 0.26 | alpha 0.744 | step_limit
Ep 1115 | 드론3 목적지29 |  642스텝 | 배송 29/29 | 재적재  5 | 중계율 0.31 | alpha 0.749 | complete
Ep 1116 | 드론3 목적지80 | 1000스텝 | 배송 68/80 | 재적재 12 | 중계율 0.22 | alpha 0.755 | step_limit
Ep 1117 | 드론3 목적지48 |  974스텝 | 배송 48/48 | 재적재  7 | 중계율 0.27 | alpha 0.767 | complete
Ep 1118 | 드론4 목적지80 |  826스텝 | 배송 80/80 | 재적재 14 | 중계율 0.18 | alpha 0.772 | complete
Ep 1119 | 드론4 목적지54 | 1000스텝 | 배송 53/54 | 재적재  8 | 중계율 0.28 | alpha 0.777 | step_limit
Ep 1120 | 드론3 목적지57 | 1000스텝 | 배송 48/57 | 재적재  9 | 중계율 0.22 | alpha 0.777 | step_limit
Ep 1121 | 드론4 목적지43 | 1000스텝 | 배송 39/43 | 재적재  6 | 중계율 0.23 | alpha 0.792 | step_limit
Ep 1122 | 드론3 목적지56 | 1000스텝 | 배송 51/56 | 재적재 10 | 중계율 0.23 | alpha 0.796 | step_limit
Ep 1123 | 드론4 목적지57 |  824스텝 | 배송 57/57 | 재적재  9 | 중계율 0.23 | alpha 0.796 | complete
Ep 1124 | 드론4 목적지77 |  880스텝 | 배송 77/77 | 재적재 15 | 중계율 0.21 | alpha 0.805 | complete
Ep 1125 | 드론3 목적지30 |  767스텝 | 배송 30/30 | 재적재  5 | 중계율 0.26 | alpha 0.801 | complete
Ep 1126 | 드론3 목적지48 |  965스텝 | 배송 48/48 | 재적재  8 | 중계율 0.24 | alpha 0.815 | complete
Ep 1127 | 드론4 목적지45 |  521스텝 | 배송 45/45 | 재적재  8 | 중계율 0.24 | alpha 0.820 | complete
Ep 1128 | 드론3 목적지54 | 1000스텝 | 배송 50/54 | 재적재  9 | 중계율 0.33 | alpha 0.833 | step_limit
Ep 1129 | 드론3 목적지52 |  866스텝 | 배송 52/52 | 재적재  9 | 중계율 0.21 | alpha 0.840 | complete
Ep 1130 | 드론3 목적지42 |  876스텝 | 배송 42/42 | 재적재  8 | 중계율 0.26 | alpha 0.843 | complete
Ep 1131 | 드론4 목적지68 | 1000스텝 | 배송 67/68 | 재적재 11 | 중계율 0.31 | alpha 0.852 | step_limit
Ep 1132 | 드론3 목적지65 | 1000스텝 | 배송 60/65 | 재적재 10 | 중계율 0.24 | alpha 0.857 | step_limit
Ep 1133 | 드론3 목적지32 |  680스텝 | 배송 32/32 | 재적재  5 | 중계율 0.18 | alpha 0.860 | complete
Ep 1134 | 드론4 목적지76 | 1000스텝 | 배송 63/76 | 재적재 11 | 중계율 0.33 | alpha 0.861 | step_limit
Ep 1135 | 드론4 목적지79 |  954스텝 | 배송 79/79 | 재적재 15 | 중계율 0.15 | alpha 0.836 | complete
Ep 1136 | 드론4 목적지22 |  489스텝 | 배송 22/22 | 재적재  3 | 중계율 0.28 | alpha 0.829 | complete
Ep 1137 | 드론4 목적지74 | 1000스텝 | 배송 67/74 | 재적재 13 | 중계율 0.28 | alpha 0.824 | step_limit
Ep 1138 | 드론3 목적지38 |  809스텝 | 배송 38/38 | 재적재  5 | 중계율 0.39 | alpha 0.821 | complete
Ep 1139 | 드론4 목적지31 |  512스텝 | 배송 31/31 | 재적재  4 | 중계율 0.19 | alpha 0.814 | complete
Ep 1140 | 드론3 목적지47 |  825스텝 | 배송 47/47 | 재적재  7 | 중계율 0.24 | alpha 0.805 | complete
Ep 1141 | 드론3 목적지37 |  745스텝 | 배송 37/37 | 재적재  6 | 중계율 0.27 | alpha 0.805 | complete
Ep 1142 | 드론3 목적지53 |  892스텝 | 배송 53/53 | 재적재  9 | 중계율 0.29 | alpha 0.800 | complete
Ep 1143 | 드론3 목적지48 |  928스텝 | 배송 48/48 | 재적재  8 | 중계율 0.26 | alpha 0.800 | complete
Ep 1144 | 드론3 목적지70 | 1000스텝 | 배송 55/70 | 재적재 10 | 중계율 0.24 | alpha 0.796 | step_limit
Ep 1145 | 드론4 목적지48 |  618스텝 | 배송 48/48 | 재적재  7 | 중계율 0.12 | alpha 0.795 | complete
Ep 1146 | 드론3 목적지45 | 1000스텝 | 배송 43/45 | 재적재  7 | 중계율 0.37 | alpha 0.804 | step_limit
Ep 1147 | 드론4 목적지49 |  544스텝 | 배송 49/49 | 재적재  9 | 중계율 0.15 | alpha 0.800 | complete
Ep 1148 | 드론4 목적지22 |  345스텝 | 배송 22/22 | 재적재  2 | 중계율 0.28 | alpha 0.801 | complete
Ep 1149 | 드론3 목적지44 |  710스텝 | 배송 44/44 | 재적재  8 | 중계율 0.16 | alpha 0.808 | complete
Ep 1150 | 드론4 목적지51 |  862스텝 | 배송 51/51 | 재적재 10 | 중계율 0.33 | alpha 0.814 | complete
  [홀드아웃] 배송 49.5±2.6 완주 0.94 스텝 932 점수 121.3 재적재 8.0 2홉+ 0.62 | 최고 127.4@ep1100 정체 1/15
Ep 1151 | 드론3 목적지63 | 1000스텝 | 배송 58/63 | 재적재 10 | 중계율 0.26 | alpha 0.824 | step_limit
Ep 1152 | 드론3 목적지47 | 1000스텝 | 배송 45/47 | 재적재  8 | 중계율 0.27 | alpha 0.829 | step_limit
Ep 1153 | 드론3 목적지44 |  960스텝 | 배송 44/44 | 재적재  7 | 중계율 0.31 | alpha 0.826 | complete
Ep 1154 | 드론4 목적지39 |  480스텝 | 배송 39/39 | 재적재  6 | 중계율 0.24 | alpha 0.822 | complete
Ep 1155 | 드론3 목적지52 |  941스텝 | 배송 52/52 | 재적재  8 | 중계율 0.27 | alpha 0.823 | complete
Ep 1156 | 드론4 목적지59 |  765스텝 | 배송 59/59 | 재적재 11 | 중계율 0.22 | alpha 0.828 | complete
Ep 1157 | 드론3 목적지33 | 1000스텝 | 배송 32/33 | 재적재  6 | 중계율 0.34 | alpha 0.823 | step_limit
Ep 1158 | 드론4 목적지55 | 1000스텝 | 배송 51/55 | 재적재  9 | 중계율 0.34 | alpha 0.823 | step_limit
Ep 1159 | 드론4 목적지33 |  417스텝 | 배송 33/33 | 재적재  5 | 중계율 0.21 | alpha 0.812 | complete
Ep 1160 | 드론4 목적지71 | 1000스텝 | 배송 62/71 | 재적재 10 | 중계율 0.34 | alpha 0.805 | step_limit
Ep 1161 | 드론4 목적지78 | 1000스텝 | 배송 65/78 | 재적재 13 | 중계율 0.17 | alpha 0.806 | step_limit
Ep 1162 | 드론3 목적지27 |  489스텝 | 배송 27/27 | 재적재  5 | 중계율 0.16 | alpha 0.804 | complete
Ep 1163 | 드론3 목적지71 | 1000스텝 | 배송 59/71 | 재적재 11 | 중계율 0.29 | alpha 0.805 | step_limit
Ep 1164 | 드론4 목적지24 |  367스텝 | 배송 24/24 | 재적재  3 | 중계율 0.24 | alpha 0.811 | complete
Ep 1165 | 드론3 목적지47 |  951스텝 | 배송 47/47 | 재적재  9 | 중계율 0.21 | alpha 0.807 | complete
Ep 1166 | 드론4 목적지79 | 1000스텝 | 배송 75/79 | 재적재 14 | 중계율 0.24 | alpha 0.814 | step_limit
Ep 1167 | 드론3 목적지74 | 1000스텝 | 배송 65/74 | 재적재 11 | 중계율 0.26 | alpha 0.817 | step_limit
Ep 1168 | 드론3 목적지68 |  961스텝 | 배송 68/68 | 재적재 12 | 중계율 0.18 | alpha 0.812 | complete
Ep 1169 | 드론3 목적지79 | 1000스텝 | 배송 63/79 | 재적재 10 | 중계율 0.21 | alpha 0.817 | step_limit
Ep 1170 | 드론3 목적지39 | 1000스텝 | 배송 36/39 | 재적재  6 | 중계율 0.27 | alpha 0.825 | step_limit
Ep 1171 | 드론4 목적지25 |  574스텝 | 배송 25/25 | 재적재  3 | 중계율 0.17 | alpha 0.834 | complete
Ep 1172 | 드론3 목적지21 |  289스텝 | 배송 21/21 | 재적재  2 | 중계율 0.17 | alpha 0.837 | complete
Ep 1173 | 드론4 목적지53 |  521스텝 | 배송 53/53 | 재적재  8 | 중계율 0.15 | alpha 0.837 | complete
Ep 1174 | 드론3 목적지51 |  901스텝 | 배송 51/51 | 재적재  9 | 중계율 0.27 | alpha 0.843 | complete
Ep 1175 | 드론3 목적지74 | 1000스텝 | 배송 63/74 | 재적재 10 | 중계율 0.25 | alpha 0.838 | step_limit
Ep 1176 | 드론3 목적지66 | 1000스텝 | 배송 50/66 | 재적재  8 | 중계율 0.35 | alpha 0.833 | step_limit
Ep 1177 | 드론3 목적지66 | 1000스텝 | 배송 62/66 | 재적재 12 | 중계율 0.18 | alpha 0.828 | step_limit
Ep 1178 | 드론4 목적지39 |  757스텝 | 배송 39/39 | 재적재  6 | 중계율 0.38 | alpha 0.822 | complete
Ep 1179 | 드론3 목적지21 |  505스텝 | 배송 21/21 | 재적재  2 | 중계율 0.35 | alpha 0.820 | complete
Ep 1180 | 드론3 목적지33 |  722스텝 | 배송 33/33 | 재적재  5 | 중계율 0.23 | alpha 0.821 | complete
Ep 1181 | 드론3 목적지41 | 1000스텝 | 배송 40/41 | 재적재  6 | 중계율 0.31 | alpha 0.822 | step_limit
Ep 1182 | 드론4 목적지48 |  625스텝 | 배송 48/48 | 재적재  8 | 중계율 0.28 | alpha 0.814 | complete
Ep 1183 | 드론4 목적지22 |  415스텝 | 배송 22/22 | 재적재  2 | 중계율 0.28 | alpha 0.811 | complete
Ep 1184 | 드론4 목적지24 |  357스텝 | 배송 24/24 | 재적재  4 | 중계율 0.16 | alpha 0.816 | complete
Ep 1185 | 드론3 목적지79 | 1000스텝 | 배송 59/79 | 재적재 10 | 중계율 0.24 | alpha 0.819 | step_limit
Ep 1186 | 드론3 목적지43 |  831스텝 | 배송 43/43 | 재적재  8 | 중계율 0.26 | alpha 0.826 | complete
Ep 1187 | 드론4 목적지80 |  996스텝 | 배송 80/80 | 재적재 14 | 중계율 0.21 | alpha 0.827 | complete
Ep 1188 | 드론3 목적지67 | 1000스텝 | 배송 65/67 | 재적재 12 | 중계율 0.19 | alpha 0.826 | step_limit
Ep 1189 | 드론4 목적지67 | 1000스텝 | 배송 60/67 | 재적재  9 | 중계율 0.30 | alpha 0.821 | step_limit
Ep 1190 | 드론3 목적지28 |  705스텝 | 배송 28/28 | 재적재  4 | 중계율 0.23 | alpha 0.817 | complete
Ep 1191 | 드론3 목적지67 | 1000스텝 | 배송 61/67 | 재적재 12 | 중계율 0.23 | alpha 0.824 | step_limit
Ep 1192 | 드론3 목적지44 |  998스텝 | 배송 44/44 | 재적재  7 | 중계율 0.30 | alpha 0.831 | complete
Ep 1193 | 드론4 목적지53 |  559스텝 | 배송 53/53 | 재적재  8 | 중계율 0.11 | alpha 0.834 | complete
Ep 1194 | 드론4 목적지27 |  448스텝 | 배송 27/27 | 재적재  4 | 중계율 0.20 | alpha 0.834 | complete
Ep 1195 | 드론4 목적지57 |  798스텝 | 배송 57/57 | 재적재  9 | 중계율 0.14 | alpha 0.838 | complete
Ep 1196 | 드론3 목적지74 | 1000스텝 | 배송 67/74 | 재적재 13 | 중계율 0.19 | alpha 0.841 | step_limit
Ep 1197 | 드론4 목적지25 |  511스텝 | 배송 25/25 | 재적재  3 | 중계율 0.23 | alpha 0.843 | complete
Ep 1198 | 드론4 목적지35 |  692스텝 | 배송 35/35 | 재적재  4 | 중계율 0.29 | alpha 0.847 | complete
Ep 1199 | 드론4 목적지29 |  705스텝 | 배송 29/29 | 재적재  4 | 중계율 0.40 | alpha 0.848 | complete
Ep 1200 | 드론3 목적지40 |  937스텝 | 배송 40/40 | 재적재  7 | 중계율 0.20 | alpha 0.847 | complete
  [홀드아웃] 배송 49.9±0.5 완주 0.94 스텝 986 점수 120.6 재적재 8.2 2홉+ 0.62 | 최고 127.4@ep1100 정체 2/15
Ep 1201 | 드론3 목적지43 | 1000스텝 | 배송 42/43 | 재적재  7 | 중계율 0.25 | alpha 0.841 | step_limit
Ep 1202 | 드론3 목적지25 |  413스텝 | 배송 25/25 | 재적재  3 | 중계율 0.11 | alpha 0.847 | complete
Ep 1203 | 드론3 목적지48 |  789스텝 | 배송 48/48 | 재적재  9 | 중계율 0.25 | alpha 0.849 | complete
Ep 1204 | 드론3 목적지59 | 1000스텝 | 배송 55/59 | 재적재 10 | 중계율 0.28 | alpha 0.851 | step_limit
Ep 1205 | 드론4 목적지53 |  556스텝 | 배송 53/53 | 재적재  9 | 중계율 0.15 | alpha 0.852 | complete
Ep 1206 | 드론3 목적지45 |  833스텝 | 배송 45/45 | 재적재  8 | 중계율 0.25 | alpha 0.848 | complete
Ep 1207 | 드론3 목적지72 | 1000스텝 | 배송 62/72 | 재적재 12 | 중계율 0.32 | alpha 0.836 | step_limit
Ep 1208 | 드론3 목적지68 | 1000스텝 | 배송 57/68 | 재적재 10 | 중계율 0.28 | alpha 0.832 | step_limit
Ep 1209 | 드론4 목적지37 |  423스텝 | 배송 37/37 | 재적재  4 | 중계율 0.26 | alpha 0.831 | complete
Ep 1210 | 드론3 목적지40 |  655스텝 | 배송 40/40 | 재적재  6 | 중계율 0.28 | alpha 0.826 | complete
Ep 1211 | 드론4 목적지40 |  455스텝 | 배송 40/40 | 재적재  7 | 중계율 0.20 | alpha 0.824 | complete
Ep 1212 | 드론4 목적지47 |  741스텝 | 배송 47/47 | 재적재  8 | 중계율 0.28 | alpha 0.818 | complete
Ep 1213 | 드론4 목적지44 |  617스텝 | 배송 44/44 | 재적재  7 | 중계율 0.27 | alpha 0.813 | complete
Ep 1214 | 드론3 목적지54 | 1000스텝 | 배송 53/54 | 재적재 10 | 중계율 0.22 | alpha 0.816 | step_limit
Ep 1215 | 드론3 목적지71 | 1000스텝 | 배송 65/71 | 재적재 11 | 중계율 0.25 | alpha 0.811 | step_limit
Ep 1216 | 드론4 목적지68 | 1000스텝 | 배송 55/68 | 재적재  9 | 중계율 0.27 | alpha 0.811 | step_limit
Ep 1217 | 드론3 목적지48 |  804스텝 | 배송 48/48 | 재적재  7 | 중계율 0.24 | alpha 0.824 | complete
Ep 1218 | 드론4 목적지37 |  524스텝 | 배송 37/37 | 재적재  6 | 중계율 0.20 | alpha 0.831 | complete
Ep 1219 | 드론3 목적지80 | 1000스텝 | 배송 67/80 | 재적재 12 | 중계율 0.26 | alpha 0.824 | step_limit
Ep 1220 | 드론3 목적지63 | 1000스텝 | 배송 60/63 | 재적재 11 | 중계율 0.25 | alpha 0.829 | step_limit
Ep 1221 | 드론3 목적지21 |  402스텝 | 배송 21/21 | 재적재  3 | 중계율 0.30 | alpha 0.835 | complete
Ep 1222 | 드론3 목적지59 |  915스텝 | 배송 59/59 | 재적재 11 | 중계율 0.20 | alpha 0.835 | complete
Ep 1223 | 드론3 목적지25 |  570스텝 | 배송 25/25 | 재적재  3 | 중계율 0.23 | alpha 0.831 | complete
Ep 1224 | 드론3 목적지53 | 1000스텝 | 배송 52/53 | 재적재  8 | 중계율 0.29 | alpha 0.842 | step_limit
Ep 1225 | 드론3 목적지66 | 1000스텝 | 배송 65/66 | 재적재 11 | 중계율 0.26 | alpha 0.846 | step_limit
Ep 1226 | 드론4 목적지39 |  620스텝 | 배송 39/39 | 재적재  6 | 중계율 0.16 | alpha 0.856 | complete
Ep 1227 | 드론4 목적지70 |  794스텝 | 배송 70/70 | 재적재 13 | 중계율 0.18 | alpha 0.865 | complete
Ep 1228 | 드론3 목적지52 | 1000스텝 | 배송 51/52 | 재적재 10 | 중계율 0.28 | alpha 0.862 | step_limit
Ep 1229 | 드론3 목적지43 |  774스텝 | 배송 43/43 | 재적재  7 | 중계율 0.20 | alpha 0.851 | complete
Ep 1230 | 드론3 목적지79 | 1000스텝 | 배송 61/79 | 재적재 10 | 중계율 0.28 | alpha 0.843 | step_limit
Ep 1231 | 드론3 목적지30 |  474스텝 | 배송 30/30 | 재적재  5 | 중계율 0.12 | alpha 0.838 | complete
Ep 1232 | 드론3 목적지67 |  958스텝 | 배송 67/67 | 재적재 13 | 중계율 0.16 | alpha 0.833 | complete
Ep 1233 | 드론4 목적지36 |  627스텝 | 배송 36/36 | 재적재  4 | 중계율 0.27 | alpha 0.828 | complete
Ep 1234 | 드론3 목적지71 | 1000스텝 | 배송 60/71 | 재적재 12 | 중계율 0.25 | alpha 0.815 | step_limit
Ep 1235 | 드론4 목적지57 |  762스텝 | 배송 57/57 | 재적재 10 | 중계율 0.25 | alpha 0.809 | complete
Ep 1236 | 드론4 목적지53 |  927스텝 | 배송 53/53 | 재적재 10 | 중계율 0.29 | alpha 0.805 | complete
Ep 1237 | 드론4 목적지71 | 1000스텝 | 배송 64/71 | 재적재 10 | 중계율 0.32 | alpha 0.803 | step_limit
Ep 1238 | 드론4 목적지65 | 1000스텝 | 배송 49/65 | 재적재  9 | 중계율 0.37 | alpha 0.794 | step_limit
Ep 1239 | 드론3 목적지60 | 1000스텝 | 배송 56/60 | 재적재 10 | 중계율 0.27 | alpha 0.788 | step_limit
Ep 1240 | 드론3 목적지53 | 1000스텝 | 배송 50/53 | 재적재  8 | 중계율 0.32 | alpha 0.793 | step_limit
Ep 1241 | 드론3 목적지80 | 1000스텝 | 배송 67/80 | 재적재 12 | 중계율 0.26 | alpha 0.789 | step_limit
Ep 1242 | 드론4 목적지25 |  365스텝 | 배송 25/25 | 재적재  4 | 중계율 0.16 | alpha 0.790 | complete
Ep 1243 | 드론3 목적지63 | 1000스텝 | 배송 50/63 | 재적재  9 | 중계율 0.26 | alpha 0.784 | step_limit
Ep 1244 | 드론4 목적지36 |  753스텝 | 배송 36/36 | 재적재  5 | 중계율 0.33 | alpha 0.780 | complete
Ep 1245 | 드론4 목적지42 |  749스텝 | 배송 42/42 | 재적재  6 | 중계율 0.30 | alpha 0.786 | complete
Ep 1246 | 드론3 목적지34 |  625스텝 | 배송 34/34 | 재적재  5 | 중계율 0.15 | alpha 0.782 | complete
Ep 1247 | 드론4 목적지41 |  629스텝 | 배송 41/41 | 재적재  6 | 중계율 0.23 | alpha 0.777 | complete
Ep 1248 | 드론4 목적지56 |  773스텝 | 배송 56/56 | 재적재 10 | 중계율 0.18 | alpha 0.772 | complete
Ep 1249 | 드론3 목적지52 |  949스텝 | 배송 52/52 | 재적재  9 | 중계율 0.22 | alpha 0.763 | complete
Ep 1250 | 드론3 목적지29 |  641스텝 | 배송 29/29 | 재적재  5 | 중계율 0.29 | alpha 0.764 | complete
  [홀드아웃] 배송 50.0±0.1 완주 0.99 스텝 944 점수 126.2 재적재 8.1 2홉+ 0.62 | 최고 127.4@ep1100 정체 3/15
Ep 1251 | 드론3 목적지71 | 1000스텝 | 배송 62/71 | 재적재 10 | 중계율 0.30 | alpha 0.756 | step_limit
Ep 1252 | 드론4 목적지79 | 1000스텝 | 배송 73/79 | 재적재 13 | 중계율 0.29 | alpha 0.767 | step_limit
Ep 1253 | 드론4 목적지71 | 1000스텝 | 배송 65/71 | 재적재 11 | 중계율 0.31 | alpha 0.775 | step_limit
Ep 1254 | 드론4 목적지47 |  795스텝 | 배송 47/47 | 재적재  8 | 중계율 0.26 | alpha 0.779 | complete
Ep 1255 | 드론4 목적지70 |  993스텝 | 배송 70/70 | 재적재 12 | 중계율 0.27 | alpha 0.785 | complete
Ep 1256 | 드론3 목적지67 | 1000스텝 | 배송 55/67 | 재적재 11 | 중계율 0.27 | alpha 0.792 | step_limit
Ep 1257 | 드론3 목적지41 | 1000스텝 | 배송 40/41 | 재적재  6 | 중계율 0.33 | alpha 0.793 | step_limit
Ep 1258 | 드론4 목적지41 |  526스텝 | 배송 41/41 | 재적재  7 | 중계율 0.20 | alpha 0.791 | complete
Ep 1259 | 드론3 목적지67 | 1000스텝 | 배송 57/67 | 재적재 11 | 중계율 0.21 | alpha 0.794 | step_limit
Ep 1260 | 드론3 목적지20 |  504스텝 | 배송 20/20 | 재적재  2 | 중계율 0.19 | alpha 0.808 | complete
Ep 1261 | 드론3 목적지45 |  905스텝 | 배송 45/45 | 재적재  8 | 중계율 0.28 | alpha 0.818 | complete
Ep 1262 | 드론3 목적지61 | 1000스텝 | 배송 60/61 | 재적재 11 | 중계율 0.26 | alpha 0.823 | step_limit
Ep 1263 | 드론4 목적지34 |  647스텝 | 배송 34/34 | 재적재  4 | 중계율 0.21 | alpha 0.828 | complete
Ep 1264 | 드론4 목적지31 |  330스텝 | 배송 31/31 | 재적재  3 | 중계율 0.15 | alpha 0.830 | complete
Ep 1265 | 드론3 목적지56 |  898스텝 | 배송 56/56 | 재적재  9 | 중계율 0.32 | alpha 0.835 | complete
Ep 1266 | 드론3 목적지23 |  505스텝 | 배송 23/23 | 재적재  4 | 중계율 0.15 | alpha 0.832 | complete
Ep 1267 | 드론3 목적지63 | 1000스텝 | 배송 49/63 | 재적재  8 | 중계율 0.21 | alpha 0.831 | step_limit
Ep 1268 | 드론3 목적지39 |  551스텝 | 배송 39/39 | 재적재  7 | 중계율 0.18 | alpha 0.830 | complete
Ep 1269 | 드론4 목적지70 | 1000스텝 | 배송 69/70 | 재적재 13 | 중계율 0.22 | alpha 0.827 | step_limit
Ep 1270 | 드론4 목적지39 |  587스텝 | 배송 39/39 | 재적재  7 | 중계율 0.22 | alpha 0.826 | complete
Ep 1271 | 드론3 목적지74 | 1000스텝 | 배송 69/74 | 재적재 12 | 중계율 0.17 | alpha 0.833 | step_limit
Ep 1272 | 드론4 목적지20 |  425스텝 | 배송 20/20 | 재적재  2 | 중계율 0.33 | alpha 0.844 | complete
Ep 1273 | 드론3 목적지27 |  568스텝 | 배송 27/27 | 재적재  4 | 중계율 0.30 | alpha 0.855 | complete
Ep 1274 | 드론3 목적지34 |  772스텝 | 배송 34/34 | 재적재  5 | 중계율 0.38 | alpha 0.861 | complete
Ep 1275 | 드론3 목적지29 |  561스텝 | 배송 29/29 | 재적재  5 | 중계율 0.25 | alpha 0.867 | complete
Ep 1276 | 드론4 목적지62 | 1000스텝 | 배송 60/62 | 재적재 10 | 중계율 0.31 | alpha 0.862 | step_limit
Ep 1277 | 드론3 목적지77 | 1000스텝 | 배송 54/77 | 재적재 10 | 중계율 0.19 | alpha 0.857 | step_limit
Ep 1278 | 드론3 목적지59 | 1000스텝 | 배송 55/59 | 재적재  9 | 중계율 0.34 | alpha 0.853 | step_limit
Ep 1279 | 드론4 목적지39 |  714스텝 | 배송 39/39 | 재적재  7 | 중계율 0.34 | alpha 0.848 | complete
Ep 1280 | 드론3 목적지31 |  766스텝 | 배송 31/31 | 재적재  4 | 중계율 0.28 | alpha 0.836 | complete
Ep 1281 | 드론3 목적지36 |  697스텝 | 배송 36/36 | 재적재  6 | 중계율 0.35 | alpha 0.842 | complete
Ep 1282 | 드론3 목적지39 |  609스텝 | 배송 39/39 | 재적재  7 | 중계율 0.19 | alpha 0.844 | complete
Ep 1283 | 드론3 목적지43 |  843스텝 | 배송 43/43 | 재적재  8 | 중계율 0.25 | alpha 0.845 | complete
Ep 1284 | 드론4 목적지25 |  551스텝 | 배송 25/25 | 재적재  4 | 중계율 0.40 | alpha 0.845 | complete
Ep 1285 | 드론4 목적지74 |  941스텝 | 배송 74/74 | 재적재 14 | 중계율 0.18 | alpha 0.837 | complete
Ep 1286 | 드론3 목적지76 |  808스텝 | 배송 31/76 | 재적재  5 | 중계율 0.18 | alpha 0.832 | no_progress
Ep 1287 | 드론4 목적지59 |  984스텝 | 배송 59/59 | 재적재 11 | 중계율 0.30 | alpha 0.824 | complete
Ep 1288 | 드론4 목적지77 |  900스텝 | 배송 77/77 | 재적재 14 | 중계율 0.19 | alpha 0.809 | complete
Ep 1289 | 드론3 목적지24 |  608스텝 | 배송 24/24 | 재적재  3 | 중계율 0.11 | alpha 0.799 | complete
Ep 1290 | 드론4 목적지52 |  677스텝 | 배송 52/52 | 재적재  8 | 중계율 0.26 | alpha 0.792 | complete
Ep 1291 | 드론3 목적지42 |  716스텝 | 배송 42/42 | 재적재  7 | 중계율 0.20 | alpha 0.784 | complete
Ep 1292 | 드론3 목적지77 | 1000스텝 | 배송 62/77 | 재적재 12 | 중계율 0.30 | alpha 0.778 | step_limit
Ep 1293 | 드론4 목적지76 |  927스텝 | 배송 76/76 | 재적재 13 | 중계율 0.25 | alpha 0.764 | complete
Ep 1294 | 드론4 목적지31 |  400스텝 | 배송 31/31 | 재적재  4 | 중계율 0.19 | alpha 0.764 | complete
Ep 1295 | 드론4 목적지61 | 1000스텝 | 배송 50/61 | 재적재  8 | 중계율 0.34 | alpha 0.760 | step_limit
Ep 1296 | 드론3 목적지50 |  873스텝 | 배송 50/50 | 재적재  8 | 중계율 0.21 | alpha 0.767 | complete
Ep 1297 | 드론4 목적지76 | 1000스텝 | 배송 70/76 | 재적재 12 | 중계율 0.30 | alpha 0.771 | step_limit
Ep 1298 | 드론4 목적지36 |  428스텝 | 배송 36/36 | 재적재  4 | 중계율 0.16 | alpha 0.770 | complete
Ep 1299 | 드론4 목적지66 |  741스텝 | 배송 66/66 | 재적재 11 | 중계율 0.20 | alpha 0.772 | complete
Ep 1300 | 드론3 목적지21 |  450스텝 | 배송 21/21 | 재적재  3 | 중계율 0.18 | alpha 0.773 | complete
  [홀드아웃] 배송 50.0±0.0 완주 1.00 스텝 936 점수 127.5 재적재 8.0 2홉+ 0.61 | 최고 127.5@ep1300 정체 0/15  ← 갱신
Ep 1301 | 드론3 목적지47 |  907스텝 | 배송 47/47 | 재적재  8 | 중계율 0.26 | alpha 0.774 | complete
Ep 1302 | 드론3 목적지58 |  892스텝 | 배송 58/58 | 재적재 10 | 중계율 0.26 | alpha 0.768 | complete
Ep 1303 | 드론4 목적지61 | 1000스텝 | 배송 58/61 | 재적재 11 | 중계율 0.30 | alpha 0.753 | step_limit
Ep 1304 | 드론3 목적지67 | 1000스텝 | 배송 63/67 | 재적재 11 | 중계율 0.23 | alpha 0.749 | step_limit
Ep 1305 | 드론4 목적지61 |  905스텝 | 배송 61/61 | 재적재 10 | 중계율 0.23 | alpha 0.750 | complete
Ep 1306 | 드론3 목적지79 | 1000스텝 | 배송 66/79 | 재적재 11 | 중계율 0.21 | alpha 0.748 | step_limit
Ep 1307 | 드론4 목적지73 |  776스텝 | 배송 73/73 | 재적재 12 | 중계율 0.19 | alpha 0.749 | complete
Ep 1308 | 드론4 목적지60 | 1000스텝 | 배송 56/60 | 재적재 10 | 중계율 0.33 | alpha 0.759 | step_limit
Ep 1309 | 드론4 목적지77 |  969스텝 | 배송 77/77 | 재적재 15 | 중계율 0.20 | alpha 0.773 | complete
Ep 1310 | 드론4 목적지72 |  919스텝 | 배송 72/72 | 재적재 13 | 중계율 0.26 | alpha 0.783 | complete
Ep 1311 | 드론3 목적지60 |  936스텝 | 배송 60/60 | 재적재  9 | 중계율 0.27 | alpha 0.787 | complete
Ep 1312 | 드론4 목적지59 |  990스텝 | 배송 59/59 | 재적재 10 | 중계율 0.34 | alpha 0.787 | complete
Ep 1313 | 드론3 목적지72 | 1000스텝 | 배송 61/72 | 재적재 11 | 중계율 0.30 | alpha 0.781 | step_limit
Ep 1314 | 드론3 목적지67 | 1000스텝 | 배송 57/67 | 재적재  9 | 중계율 0.34 | alpha 0.777 | step_limit
Ep 1315 | 드론4 목적지58 |  603스텝 | 배송 58/58 | 재적재 10 | 중계율 0.17 | alpha 0.782 | complete
Ep 1316 | 드론3 목적지66 | 1000스텝 | 배송 57/66 | 재적재 10 | 중계율 0.31 | alpha 0.787 | step_limit
Ep 1317 | 드론4 목적지67 |  826스텝 | 배송 67/67 | 재적재 11 | 중계율 0.21 | alpha 0.792 | complete
Ep 1318 | 드론3 목적지28 |  600스텝 | 배송 28/28 | 재적재  5 | 중계율 0.26 | alpha 0.796 | complete
Ep 1319 | 드론3 목적지34 |  658스텝 | 배송 34/34 | 재적재  6 | 중계율 0.25 | alpha 0.796 | complete
Ep 1320 | 드론3 목적지57 | 1000스텝 | 배송 53/57 | 재적재  8 | 중계율 0.25 | alpha 0.794 | step_limit
Ep 1321 | 드론4 목적지59 |  749스텝 | 배송 59/59 | 재적재  9 | 중계율 0.18 | alpha 0.790 | complete
Ep 1322 | 드론3 목적지39 |  846스텝 | 배송 39/39 | 재적재  7 | 중계율 0.27 | alpha 0.792 | complete
Ep 1323 | 드론4 목적지48 | 1000스텝 | 배송 44/48 | 재적재  8 | 중계율 0.31 | alpha 0.798 | step_limit
Ep 1324 | 드론4 목적지52 |  717스텝 | 배송 52/52 | 재적재  9 | 중계율 0.13 | alpha 0.794 | complete
Ep 1325 | 드론4 목적지40 |  495스텝 | 배송 40/40 | 재적재  5 | 중계율 0.18 | alpha 0.795 | complete
Ep 1326 | 드론3 목적지40 |  952스텝 | 배송 40/40 | 재적재  6 | 중계율 0.30 | alpha 0.798 | complete
Ep 1327 | 드론3 목적지23 |  433스텝 | 배송 23/23 | 재적재  3 | 중계율 0.28 | alpha 0.795 | complete
Ep 1328 | 드론4 목적지25 |  786스텝 | 배송 25/25 | 재적재  3 | 중계율 0.29 | alpha 0.798 | complete
Ep 1329 | 드론3 목적지51 |  994스텝 | 배송 51/51 | 재적재  9 | 중계율 0.30 | alpha 0.797 | complete
Ep 1330 | 드론4 목적지42 |  871스텝 | 배송 42/42 | 재적재  7 | 중계율 0.36 | alpha 0.799 | complete
Ep 1331 | 드론4 목적지48 |  841스텝 | 배송 48/48 | 재적재  7 | 중계율 0.34 | alpha 0.803 | complete
Ep 1332 | 드론4 목적지21 |  340스텝 | 배송 21/21 | 재적재  3 | 중계율 0.14 | alpha 0.809 | complete
Ep 1333 | 드론4 목적지42 |  578스텝 | 배송 42/42 | 재적재  6 | 중계율 0.21 | alpha 0.811 | complete
Ep 1334 | 드론4 목적지30 |  681스텝 | 배송 30/30 | 재적재  5 | 중계율 0.36 | alpha 0.810 | complete
Ep 1335 | 드론4 목적지52 |  806스텝 | 배송 52/52 | 재적재  8 | 중계율 0.19 | alpha 0.811 | complete
Ep 1336 | 드론3 목적지31 |  721스텝 | 배송 31/31 | 재적재  4 | 중계율 0.26 | alpha 0.808 | complete
Ep 1337 | 드론4 목적지70 |  955스텝 | 배송 70/70 | 재적재 13 | 중계율 0.18 | alpha 0.814 | complete
Ep 1338 | 드론3 목적지80 | 1000스텝 | 배송 70/80 | 재적재 12 | 중계율 0.25 | alpha 0.819 | step_limit
Ep 1339 | 드론4 목적지74 | 1000스텝 | 배송 66/74 | 재적재 12 | 중계율 0.22 | alpha 0.840 | step_limit
Ep 1340 | 드론4 목적지77 | 1000스텝 | 배송 66/77 | 재적재 13 | 중계율 0.27 | alpha 0.848 | step_limit
Ep 1341 | 드론4 목적지30 |  488스텝 | 배송 30/30 | 재적재  4 | 중계율 0.15 | alpha 0.850 | complete
Ep 1342 | 드론4 목적지59 | 1000스텝 | 배송 58/59 | 재적재  9 | 중계율 0.33 | alpha 0.848 | step_limit
Ep 1343 | 드론4 목적지28 |  691스텝 | 배송 28/28 | 재적재  4 | 중계율 0.32 | alpha 0.841 | complete
Ep 1344 | 드론3 목적지48 |  747스텝 | 배송 48/48 | 재적재  9 | 중계율 0.19 | alpha 0.845 | complete
Ep 1345 | 드론3 목적지61 |  999스텝 | 배송 61/61 | 재적재 11 | 중계율 0.22 | alpha 0.848 | complete
Ep 1346 | 드론3 목적지54 |  980스텝 | 배송 54/54 | 재적재  9 | 중계율 0.26 | alpha 0.853 | complete
Ep 1347 | 드론3 목적지68 | 1000스텝 | 배송 56/68 | 재적재 11 | 중계율 0.27 | alpha 0.860 | step_limit
Ep 1348 | 드론3 목적지25 |  339스텝 | 배송 25/25 | 재적재  4 | 중계율 0.19 | alpha 0.866 | complete
Ep 1349 | 드론4 목적지33 |  507스텝 | 배송 33/33 | 재적재  6 | 중계율 0.25 | alpha 0.864 | complete
Ep 1350 | 드론3 목적지70 | 1000스텝 | 배송 69/70 | 재적재 12 | 중계율 0.22 | alpha 0.875 | step_limit
  [홀드아웃] 배송 49.0±4.0 완주 0.89 스텝 994 점수 115.5 재적재 7.9 2홉+ 0.62 | 최고 127.5@ep1300 정체 1/15
Ep 1351 | 드론3 목적지42 |  640스텝 | 배송 42/42 | 재적재  7 | 중계율 0.23 | alpha 0.871 | complete
Ep 1352 | 드론3 목적지30 |  576스텝 | 배송 30/30 | 재적재  3 | 중계율 0.34 | alpha 0.877 | complete
Ep 1353 | 드론3 목적지55 |  999스텝 | 배송 55/55 | 재적재 10 | 중계율 0.29 | alpha 0.875 | complete
Ep 1354 | 드론3 목적지25 |  809스텝 | 배송 25/25 | 재적재  4 | 중계율 0.35 | alpha 0.879 | complete
Ep 1355 | 드론3 목적지54 | 1000스텝 | 배송 53/54 | 재적재 10 | 중계율 0.14 | alpha 0.872 | step_limit
Ep 1356 | 드론4 목적지76 | 1000스텝 | 배송 66/76 | 재적재 12 | 중계율 0.31 | alpha 0.863 | step_limit
Ep 1357 | 드론3 목적지61 | 1000스텝 | 배송 50/61 | 재적재  9 | 중계율 0.32 | alpha 0.862 | step_limit
Ep 1358 | 드론4 목적지36 |  489스텝 | 배송 36/36 | 재적재  5 | 중계율 0.22 | alpha 0.863 | complete
Ep 1359 | 드론3 목적지38 |  982스텝 | 배송 38/38 | 재적재  6 | 중계율 0.40 | alpha 0.855 | complete
Ep 1360 | 드론3 목적지22 |  512스텝 | 배송 22/22 | 재적재  2 | 중계율 0.24 | alpha 0.852 | complete
Ep 1361 | 드론3 목적지53 |  936스텝 | 배송 53/53 | 재적재  9 | 중계율 0.30 | alpha 0.843 | complete
Ep 1362 | 드론3 목적지69 | 1000스텝 | 배송 64/69 | 재적재 11 | 중계율 0.26 | alpha 0.844 | step_limit
Ep 1363 | 드론4 목적지80 | 1000스텝 | 배송 74/80 | 재적재 12 | 중계율 0.25 | alpha 0.844 | step_limit
Ep 1364 | 드론3 목적지73 | 1000스텝 | 배송 46/73 | 재적재  8 | 중계율 0.25 | alpha 0.842 | step_limit
Ep 1365 | 드론4 목적지36 |  701스텝 | 배송 36/36 | 재적재  5 | 중계율 0.30 | alpha 0.836 | complete
Ep 1366 | 드론3 목적지76 | 1000스텝 | 배송 66/76 | 재적재 13 | 중계율 0.29 | alpha 0.828 | step_limit
Ep 1367 | 드론4 목적지75 |  905스텝 | 배송 75/75 | 재적재 14 | 중계율 0.19 | alpha 0.832 | complete
Ep 1368 | 드론4 목적지47 |  719스텝 | 배송 47/47 | 재적재  7 | 중계율 0.21 | alpha 0.835 | complete
Ep 1369 | 드론4 목적지68 |  921스텝 | 배송 68/68 | 재적재 12 | 중계율 0.26 | alpha 0.839 | complete
Ep 1370 | 드론4 목적지48 |  750스텝 | 배송 48/48 | 재적재  7 | 중계율 0.31 | alpha 0.839 | complete
Ep 1371 | 드론4 목적지24 |  363스텝 | 배송 24/24 | 재적재  4 | 중계율 0.22 | alpha 0.839 | complete
Ep 1372 | 드론4 목적지55 | 1000스텝 | 배송 52/55 | 재적재  8 | 중계율 0.31 | alpha 0.835 | step_limit
Ep 1373 | 드론3 목적지23 |  842스텝 | 배송 20/23 | 재적재  2 | 중계율 0.25 | alpha 0.834 | no_progress
Ep 1374 | 드론3 목적지27 |  481스텝 | 배송 27/27 | 재적재  4 | 중계율 0.26 | alpha 0.835 | complete
Ep 1375 | 드론3 목적지63 | 1000스텝 | 배송 56/63 | 재적재 10 | 중계율 0.30 | alpha 0.840 | step_limit
Ep 1376 | 드론4 목적지56 |  944스텝 | 배송 56/56 | 재적재 10 | 중계율 0.33 | alpha 0.840 | complete
Ep 1377 | 드론3 목적지60 | 1000스텝 | 배송 55/60 | 재적재  9 | 중계율 0.32 | alpha 0.835 | step_limit
Ep 1378 | 드론3 목적지73 | 1000스텝 | 배송 62/73 | 재적재 11 | 중계율 0.20 | alpha 0.838 | step_limit
Ep 1379 | 드론3 목적지49 |  944스텝 | 배송 49/49 | 재적재  8 | 중계율 0.26 | alpha 0.843 | complete
Ep 1380 | 드론3 목적지67 |  900스텝 | 배송 67/67 | 재적재 12 | 중계율 0.16 | alpha 0.842 | complete
Ep 1381 | 드론3 목적지63 |  983스텝 | 배송 63/63 | 재적재 11 | 중계율 0.21 | alpha 0.841 | complete
Ep 1382 | 드론3 목적지74 | 1000스텝 | 배송 56/74 | 재적재 10 | 중계율 0.28 | alpha 0.834 | step_limit
Ep 1383 | 드론3 목적지48 | 1000스텝 | 배송 38/48 | 재적재  7 | 중계율 0.28 | alpha 0.831 | step_limit
Ep 1384 | 드론4 목적지26 |  414스텝 | 배송 26/26 | 재적재  3 | 중계율 0.29 | alpha 0.826 | complete
Ep 1385 | 드론3 목적지38 |  719스텝 | 배송 38/38 | 재적재  6 | 중계율 0.24 | alpha 0.817 | complete
Ep 1386 | 드론3 목적지20 |  382스텝 | 배송 20/20 | 재적재  3 | 중계율 0.22 | alpha 0.808 | complete
Ep 1387 | 드론4 목적지36 |  821스텝 | 배송 36/36 | 재적재  5 | 중계율 0.34 | alpha 0.798 | complete
Ep 1388 | 드론3 목적지50 | 1000스텝 | 배송 49/50 | 재적재  9 | 중계율 0.25 | alpha 0.782 | step_limit
Ep 1389 | 드론3 목적지77 | 1000스텝 | 배송 68/77 | 재적재 12 | 중계율 0.22 | alpha 0.778 | step_limit
Ep 1390 | 드론4 목적지20 |  314스텝 | 배송 20/20 | 재적재  2 | 중계율 0.11 | alpha 0.779 | complete
Ep 1391 | 드론4 목적지64 |  879스텝 | 배송 64/64 | 재적재 11 | 중계율 0.22 | alpha 0.780 | complete
Ep 1392 | 드론3 목적지63 | 1000스텝 | 배송 60/63 | 재적재  9 | 중계율 0.27 | alpha 0.783 | step_limit
Ep 1393 | 드론4 목적지76 | 1000스텝 | 배송 70/76 | 재적재 12 | 중계율 0.26 | alpha 0.777 | step_limit
Ep 1394 | 드론4 목적지23 |  715스텝 | 배송 23/23 | 재적재  4 | 중계율 0.37 | alpha 0.781 | complete
Ep 1395 | 드론3 목적지25 |  503스텝 | 배송 25/25 | 재적재  4 | 중계율 0.25 | alpha 0.788 | complete
Ep 1396 | 드론3 목적지59 | 1000스텝 | 배송 41/59 | 재적재  8 | 중계율 0.31 | alpha 0.810 | step_limit
Ep 1397 | 드론4 목적지49 |  701스텝 | 배송 49/49 | 재적재  8 | 중계율 0.23 | alpha 0.806 | complete
Ep 1398 | 드론4 목적지66 |  691스텝 | 배송 66/66 | 재적재 12 | 중계율 0.18 | alpha 0.810 | complete
Ep 1399 | 드론3 목적지69 | 1000스텝 | 배송 56/69 | 재적재 10 | 중계율 0.29 | alpha 0.810 | step_limit
Ep 1400 | 드론3 목적지50 |  862스텝 | 배송 50/50 | 재적재  9 | 중계율 0.26 | alpha 0.809 | complete
  [홀드아웃] 배송 49.9±0.5 완주 0.96 스텝 969 점수 123.3 재적재 8.0 2홉+ 0.61 | 최고 127.5@ep1300 정체 2/15
Ep 1401 | 드론4 목적지71 |  898스텝 | 배송 71/71 | 재적재 12 | 중계율 0.19 | alpha 0.810 | complete
Ep 1402 | 드론3 목적지44 |  915스텝 | 배송 44/44 | 재적재  8 | 중계율 0.30 | alpha 0.810 | complete
Ep 1403 | 드론3 목적지67 | 1000스텝 | 배송 56/67 | 재적재 10 | 중계율 0.25 | alpha 0.805 | step_limit
Ep 1404 | 드론4 목적지45 |  585스텝 | 배송 45/45 | 재적재  8 | 중계율 0.17 | alpha 0.805 | complete
Ep 1405 | 드론3 목적지39 |  788스텝 | 배송 39/39 | 재적재  6 | 중계율 0.34 | alpha 0.808 | complete
Ep 1406 | 드론3 목적지67 | 1000스텝 | 배송 59/67 | 재적재  9 | 중계율 0.25 | alpha 0.803 | step_limit
Ep 1407 | 드론4 목적지73 | 1000스텝 | 배송 60/73 | 재적재  9 | 중계율 0.36 | alpha 0.802 | step_limit
Ep 1408 | 드론4 목적지61 |  849스텝 | 배송 61/61 | 재적재 11 | 중계율 0.26 | alpha 0.805 | complete
Ep 1409 | 드론4 목적지73 |  869스텝 | 배송 73/73 | 재적재 13 | 중계율 0.23 | alpha 0.804 | complete
Ep 1410 | 드론4 목적지74 | 1000스텝 | 배송 67/74 | 재적재 12 | 중계율 0.27 | alpha 0.803 | step_limit
Ep 1411 | 드론3 목적지29 |  607스텝 | 배송 29/29 | 재적재  5 | 중계율 0.31 | alpha 0.800 | complete
Ep 1412 | 드론4 목적지25 |  338스텝 | 배송 25/25 | 재적재  3 | 중계율 0.26 | alpha 0.800 | complete
Ep 1413 | 드론3 목적지67 | 1000스텝 | 배송 53/67 | 재적재 10 | 중계율 0.27 | alpha 0.795 | step_limit
Ep 1414 | 드론3 목적지55 | 1000스텝 | 배송 50/55 | 재적재  8 | 중계율 0.35 | alpha 0.790 | step_limit
Ep 1415 | 드론3 목적지54 | 1000스텝 | 배송 52/54 | 재적재  9 | 중계율 0.29 | alpha 0.787 | step_limit
Ep 1416 | 드론4 목적지23 |  398스텝 | 배송 23/23 | 재적재  4 | 중계율 0.22 | alpha 0.784 | complete
Ep 1417 | 드론4 목적지70 |  917스텝 | 배송 70/70 | 재적재 12 | 중계율 0.18 | alpha 0.775 | complete
Ep 1418 | 드론4 목적지37 |  821스텝 | 배송 37/37 | 재적재  6 | 중계율 0.41 | alpha 0.766 | complete
Ep 1419 | 드론3 목적지42 |  651스텝 | 배송 42/42 | 재적재  6 | 중계율 0.25 | alpha 0.760 | complete
Ep 1420 | 드론4 목적지49 |  542스텝 | 배송 49/49 | 재적재  8 | 중계율 0.20 | alpha 0.763 | complete
Ep 1421 | 드론4 목적지31 |  517스텝 | 배송 31/31 | 재적재  5 | 중계율 0.19 | alpha 0.763 | complete
Ep 1422 | 드론3 목적지45 |  906스텝 | 배송 45/45 | 재적재  6 | 중계율 0.29 | alpha 0.777 | complete
Ep 1423 | 드론4 목적지34 |  669스텝 | 배송 34/34 | 재적재  5 | 중계율 0.20 | alpha 0.786 | complete
Ep 1424 | 드론3 목적지23 |  547스텝 | 배송 23/23 | 재적재  2 | 중계율 0.27 | alpha 0.787 | complete
Ep 1425 | 드론3 목적지56 | 1000스텝 | 배송 50/56 | 재적재 10 | 중계율 0.32 | alpha 0.776 | step_limit
Ep 1426 | 드론4 목적지80 | 1000스텝 | 배송 76/80 | 재적재 15 | 중계율 0.23 | alpha 0.775 | step_limit
Ep 1427 | 드론4 목적지76 |  840스텝 | 배송 76/76 | 재적재 13 | 중계율 0.18 | alpha 0.779 | complete
Ep 1428 | 드론4 목적지31 |  666스텝 | 배송 31/31 | 재적재  4 | 중계율 0.44 | alpha 0.772 | complete
Ep 1429 | 드론3 목적지48 |  999스텝 | 배송 48/48 | 재적재  9 | 중계율 0.29 | alpha 0.776 | complete
Ep 1430 | 드론3 목적지37 |  737스텝 | 배송 37/37 | 재적재  6 | 중계율 0.27 | alpha 0.782 | complete
Ep 1431 | 드론4 목적지26 |  548스텝 | 배송 26/26 | 재적재  4 | 중계율 0.33 | alpha 0.782 | complete
Ep 1432 | 드론4 목적지72 | 1000스텝 | 배송 70/72 | 재적재 11 | 중계율 0.30 | alpha 0.787 | step_limit
Ep 1433 | 드론3 목적지67 | 1000스텝 | 배송 55/67 | 재적재 10 | 중계율 0.35 | alpha 0.790 | step_limit
Ep 1434 | 드론4 목적지69 |  754스텝 | 배송 69/69 | 재적재 12 | 중계율 0.16 | alpha 0.795 | complete
Ep 1435 | 드론4 목적지40 |  478스텝 | 배송 40/40 | 재적재  6 | 중계율 0.19 | alpha 0.793 | complete
Ep 1436 | 드론3 목적지52 | 1000스텝 | 배송 51/52 | 재적재 10 | 중계율 0.24 | alpha 0.799 | step_limit
Ep 1437 | 드론3 목적지25 |  583스텝 | 배송 25/25 | 재적재  4 | 중계율 0.27 | alpha 0.795 | complete
Ep 1438 | 드론4 목적지45 |  508스텝 | 배송 45/45 | 재적재  7 | 중계율 0.14 | alpha 0.793 | complete
Ep 1439 | 드론4 목적지68 |  846스텝 | 배송 68/68 | 재적재 13 | 중계율 0.23 | alpha 0.787 | complete
Ep 1440 | 드론3 목적지31 |  733스텝 | 배송 31/31 | 재적재  5 | 중계율 0.22 | alpha 0.785 | complete
Ep 1441 | 드론3 목적지60 | 1000스텝 | 배송 52/60 | 재적재  9 | 중계율 0.35 | alpha 0.791 | step_limit
Ep 1442 | 드론4 목적지23 |  387스텝 | 배송 23/23 | 재적재  2 | 중계율 0.26 | alpha 0.794 | complete
Ep 1443 | 드론3 목적지58 | 1000스텝 | 배송 53/58 | 재적재  9 | 중계율 0.31 | alpha 0.791 | step_limit
Ep 1444 | 드론3 목적지65 | 1000스텝 | 배송 61/65 | 재적재 11 | 중계율 0.26 | alpha 0.783 | step_limit
Ep 1445 | 드론3 목적지45 |  677스텝 | 배송 45/45 | 재적재  8 | 중계율 0.14 | alpha 0.782 | complete
Ep 1446 | 드론3 목적지50 |  916스텝 | 배송 50/50 | 재적재  8 | 중계율 0.30 | alpha 0.769 | complete
Ep 1447 | 드론4 목적지30 |  497스텝 | 배송 30/30 | 재적재  4 | 중계율 0.25 | alpha 0.769 | complete
Ep 1448 | 드론3 목적지28 |  497스텝 | 배송 28/28 | 재적재  4 | 중계율 0.23 | alpha 0.772 | complete
Ep 1449 | 드론4 목적지33 |  785스텝 | 배송 33/33 | 재적재  6 | 중계율 0.41 | alpha 0.770 | complete
Ep 1450 | 드론3 목적지34 |  685스텝 | 배송 34/34 | 재적재  5 | 중계율 0.28 | alpha 0.770 | complete
  [홀드아웃] 배송 49.8±0.9 완주 0.93 스텝 994 점수 119.2 재적재 8.0 2홉+ 0.62 | 최고 127.5@ep1300 정체 3/15
Ep 1451 | 드론3 목적지36 |  990스텝 | 배송 36/36 | 재적재  5 | 중계율 0.29 | alpha 0.775 | complete
Ep 1452 | 드론4 목적지58 |  758스텝 | 배송 58/58 | 재적재  9 | 중계율 0.24 | alpha 0.777 | complete
Ep 1453 | 드론3 목적지55 |  810스텝 | 배송 55/55 | 재적재 10 | 중계율 0.19 | alpha 0.777 | complete
Ep 1454 | 드론3 목적지74 | 1000스텝 | 배송 65/74 | 재적재 12 | 중계율 0.23 | alpha 0.771 | step_limit
Ep 1455 | 드론3 목적지42 |  807스텝 | 배송 42/42 | 재적재  8 | 중계율 0.22 | alpha 0.771 | complete
Ep 1456 | 드론3 목적지36 |  939스텝 | 배송 36/36 | 재적재  7 | 중계율 0.33 | alpha 0.773 | complete
Ep 1457 | 드론4 목적지39 |  586스텝 | 배송 39/39 | 재적재  7 | 중계율 0.23 | alpha 0.772 | complete
Ep 1458 | 드론4 목적지46 |  674스텝 | 배송 46/46 | 재적재  8 | 중계율 0.22 | alpha 0.773 | complete
Ep 1459 | 드론4 목적지79 | 1000스텝 | 배송 73/79 | 재적재 13 | 중계율 0.26 | alpha 0.767 | step_limit
Ep 1460 | 드론4 목적지73 | 1000스텝 | 배송 64/73 | 재적재 11 | 중계율 0.32 | alpha 0.768 | step_limit
Ep 1461 | 드론3 목적지79 | 1000스텝 | 배송 61/79 | 재적재 12 | 중계율 0.28 | alpha 0.769 | step_limit
Ep 1462 | 드론3 목적지42 |  928스텝 | 배송 42/42 | 재적재  7 | 중계율 0.30 | alpha 0.764 | complete
Ep 1463 | 드론3 목적지46 | 1000스텝 | 배송 44/46 | 재적재  8 | 중계율 0.26 | alpha 0.766 | step_limit
Ep 1464 | 드론4 목적지22 |  457스텝 | 배송 22/22 | 재적재  4 | 중계율 0.26 | alpha 0.765 | complete
Ep 1465 | 드론4 목적지27 |  693스텝 | 배송 27/27 | 재적재  4 | 중계율 0.39 | alpha 0.765 | complete
Ep 1466 | 드론3 목적지49 |  993스텝 | 배송 49/49 | 재적재  9 | 중계율 0.30 | alpha 0.761 | complete
Ep 1467 | 드론3 목적지45 | 1000스텝 | 배송 43/45 | 재적재  7 | 중계율 0.31 | alpha 0.764 | step_limit
Ep 1468 | 드론4 목적지68 |  873스텝 | 배송 68/68 | 재적재 13 | 중계율 0.17 | alpha 0.755 | complete
Ep 1469 | 드론3 목적지36 |  874스텝 | 배송 36/36 | 재적재  6 | 중계율 0.31 | alpha 0.760 | complete
Ep 1470 | 드론3 목적지31 |  764스텝 | 배송 31/31 | 재적재  5 | 중계율 0.35 | alpha 0.758 | complete
Ep 1471 | 드론4 목적지62 |  975스텝 | 배송 62/62 | 재적재 11 | 중계율 0.32 | alpha 0.758 | complete
Ep 1472 | 드론4 목적지31 |  568스텝 | 배송 31/31 | 재적재  5 | 중계율 0.26 | alpha 0.762 | complete
Ep 1473 | 드론3 목적지75 | 1000스텝 | 배송 66/75 | 재적재 12 | 중계율 0.24 | alpha 0.756 | step_limit
Ep 1474 | 드론4 목적지78 | 1000스텝 | 배송 73/78 | 재적재 13 | 중계율 0.26 | alpha 0.755 | step_limit
Ep 1475 | 드론4 목적지46 |  943스텝 | 배송 46/46 | 재적재  7 | 중계율 0.38 | alpha 0.745 | complete
Ep 1476 | 드론3 목적지54 |  889스텝 | 배송 54/54 | 재적재  9 | 중계율 0.25 | alpha 0.748 | complete
Ep 1477 | 드론3 목적지61 | 1000스텝 | 배송 59/61 | 재적재 11 | 중계율 0.33 | alpha 0.756 | step_limit
Ep 1478 | 드론4 목적지45 |  595스텝 | 배송 45/45 | 재적재  7 | 중계율 0.27 | alpha 0.758 | complete
Ep 1479 | 드론3 목적지80 | 1000스텝 | 배송 63/80 | 재적재 11 | 중계율 0.27 | alpha 0.759 | step_limit
Ep 1480 | 드론4 목적지39 |  643스텝 | 배송 39/39 | 재적재  7 | 중계율 0.34 | alpha 0.764 | complete
Ep 1481 | 드론3 목적지70 | 1000스텝 | 배송 62/70 | 재적재 11 | 중계율 0.29 | alpha 0.766 | step_limit
Ep 1482 | 드론3 목적지62 |  898스텝 | 배송 62/62 | 재적재 11 | 중계율 0.21 | alpha 0.772 | complete
Ep 1483 | 드론3 목적지39 |  691스텝 | 배송 39/39 | 재적재  5 | 중계율 0.33 | alpha 0.769 | complete
Ep 1484 | 드론4 목적지69 | 1000스텝 | 배송 63/69 | 재적재 12 | 중계율 0.25 | alpha 0.777 | step_limit
Ep 1485 | 드론3 목적지51 | 1000스텝 | 배송 49/51 | 재적재  8 | 중계율 0.32 | alpha 0.777 | step_limit
Ep 1486 | 드론4 목적지66 | 1000스텝 | 배송 60/66 | 재적재  9 | 중계율 0.35 | alpha 0.779 | step_limit
Ep 1487 | 드론3 목적지37 |  847스텝 | 배송 37/37 | 재적재  6 | 중계율 0.22 | alpha 0.785 | complete
Ep 1488 | 드론3 목적지62 | 1000스텝 | 배송 48/62 | 재적재  8 | 중계율 0.23 | alpha 0.786 | step_limit
Ep 1489 | 드론3 목적지24 |  510스텝 | 배송 24/24 | 재적재  3 | 중계율 0.28 | alpha 0.781 | complete
Ep 1490 | 드론3 목적지77 | 1000스텝 | 배송 60/77 | 재적재 10 | 중계율 0.30 | alpha 0.776 | step_limit
Ep 1491 | 드론4 목적지59 |  744스텝 | 배송 59/59 | 재적재 11 | 중계율 0.22 | alpha 0.773 | complete
Ep 1492 | 드론4 목적지60 |  957스텝 | 배송 60/60 | 재적재 10 | 중계율 0.30 | alpha 0.774 | complete
Ep 1493 | 드론3 목적지29 |  574스텝 | 배송 29/29 | 재적재  5 | 중계율 0.23 | alpha 0.771 | complete
Ep 1494 | 드론3 목적지78 | 1000스텝 | 배송 65/78 | 재적재 10 | 중계율 0.21 | alpha 0.781 | step_limit
Ep 1495 | 드론3 목적지34 |  622스텝 | 배송 34/34 | 재적재  6 | 중계율 0.24 | alpha 0.782 | complete
Ep 1496 | 드론4 목적지31 |  825스텝 | 배송 31/31 | 재적재  3 | 중계율 0.30 | alpha 0.784 | complete
Ep 1497 | 드론4 목적지57 |  902스텝 | 배송 57/57 | 재적재 10 | 중계율 0.36 | alpha 0.789 | complete
Ep 1498 | 드론3 목적지27 |  593스텝 | 배송 27/27 | 재적재  4 | 중계율 0.26 | alpha 0.791 | complete
Ep 1499 | 드론4 목적지31 |  832스텝 | 배송 31/31 | 재적재  5 | 중계율 0.42 | alpha 0.786 | complete
Ep 1500 | 드론3 목적지50 | 1000스텝 | 배송 43/50 | 재적재  7 | 중계율 0.29 | alpha 0.783 | step_limit
  [홀드아웃] 배송 49.9±0.6 완주 0.99 스텝 949 점수 126.1 재적재 8.2 2홉+ 0.61 | 최고 127.5@ep1300 정체 4/15
Training finished. best=127.5 @ ep1300
