/home/kopt/enter/envs/wsl_neuroMCTS/lib/python3.10/site-packages/pygame/pkgdata.py:25: UserWarning: pkg_resources is deprecated as an API. See https://setuptools.pypa.io/en/latest/pkg_resources.html. The pkg_resources package is slated for removal as early as 2025-11-30. Refrain from using this package or pin to Setuptools<81.
  from pkg_resources import resource_stream, resource_exists
pygame 2.6.1 (SDL 2.28.4, Python 3.10.19)
Hello from the pygame community. https://www.pygame.org/contribute.html
집합 상위 학습 | 반경 300 상한 1000 무배송 500 gamma 0.997 구성=무작위 드론[3, 4] 목적지[20, 80] CC무작위 인스턴스=무작위 목표유지=off 완주보상=0.0 잔여페널티=0.0 규칙관측=False 규칙정규화=2.0 막힘페널티=0.0 도달권shaping=0.0 정체전환보상=0.0 엔트로피비=0.6->0.25@400 자기회귀=True 홀드아웃상한=3000 선택=makespan/속도가중치=40.0
/home/kopt/drone/proposed_src/pipeline/train_v5_26_09_15_23.py:354: UserWarning: Converting a tensor with requires_grad=True to a scalar may lead to unexpected behavior.
Consider using tensor.detach() first. (Triggered internally at /pytorch/torch/csrc/autograd/generated/python_variable_methods.cpp:836.)
  writer.add_scalar("train/alpha", float(log_alpha.exp()), ep)
Ep 1 | 드론4 목적지43 | 1000스텝 | 배송 34/43 | 재적재  6 | 중계율 0.07 | alpha 0.100 | step_limit
Ep 2 | 드론3 목적지74 | 1000스텝 | 배송 55/74 | 재적재  9 | 중계율 0.09 | alpha 0.100 | step_limit
Ep 3 | 드론4 목적지43 |  999스텝 | 배송 43/43 | 재적재  7 | 중계율 0.09 | alpha 0.100 | complete
Ep 4 | 드론3 목적지23 | 1000스텝 | 배송 21/23 | 재적재  3 | 중계율 0.09 | alpha 0.100 | step_limit
Ep 5 | 드론3 목적지31 |  992스텝 | 배송 31/31 | 재적재  5 | 중계율 0.18 | alpha 0.099 | complete
Ep 6 | 드론3 목적지68 | 1000스텝 | 배송 59/68 | 재적재  9 | 중계율 0.26 | alpha 0.109 | step_limit
Ep 7 | 드론4 목적지44 |  677스텝 | 배송 44/44 | 재적재  6 | 중계율 0.33 | alpha 0.116 | complete
Ep 8 | 드론4 목적지30 |  622스텝 | 배송 30/30 | 재적재  3 | 중계율 0.37 | alpha 0.123 | complete
Ep 9 | 드론4 목적지42 |  789스텝 | 배송 42/42 | 재적재  6 | 중계율 0.38 | alpha 0.131 | complete
Ep 10 | 드론4 목적지47 | 1000스텝 | 배송 46/47 | 재적재  7 | 중계율 0.36 | alpha 0.142 | step_limit
Ep 11 | 드론4 목적지21 |  921스텝 | 배송 21/21 | 재적재  2 | 중계율 0.24 | alpha 0.152 | complete
Ep 12 | 드론3 목적지37 |  670스텝 | 배송 37/37 | 재적재  6 | 중계율 0.23 | alpha 0.159 | complete
Ep 13 | 드론4 목적지28 |  451스텝 | 배송 28/28 | 재적재  3 | 중계율 0.22 | alpha 0.165 | complete
Ep 14 | 드론3 목적지41 |  704스텝 | 배송 41/41 | 재적재  6 | 중계율 0.32 | alpha 0.173 | complete
Ep 15 | 드론3 목적지66 | 1000스텝 | 배송 48/66 | 재적재  7 | 중계율 0.20 | alpha 0.185 | step_limit
Ep 16 | 드론3 목적지71 | 1000스텝 | 배송 69/71 | 재적재 12 | 중계율 0.27 | alpha 0.198 | step_limit
Ep 17 | 드론3 목적지24 |  544스텝 | 배송 24/24 | 재적재  2 | 중계율 0.32 | alpha 0.206 | complete
Ep 18 | 드론4 목적지49 |  912스텝 | 배송 49/49 | 재적재  8 | 중계율 0.27 | alpha 0.220 | complete
Ep 19 | 드론4 목적지34 |  856스텝 | 배송 34/34 | 재적재  5 | 중계율 0.33 | alpha 0.233 | complete
Ep 20 | 드론3 목적지48 | 1000스텝 | 배송 46/48 | 재적재  9 | 중계율 0.25 | alpha 0.250 | step_limit
Ep 21 | 드론3 목적지63 | 1000스텝 | 배송 48/63 | 재적재  8 | 중계율 0.22 | alpha 0.269 | step_limit
Ep 22 | 드론4 목적지46 |  909스텝 | 배송 35/46 | 재적재  4 | 중계율 0.31 | alpha 0.287 | no_progress
Ep 23 | 드론3 목적지44 | 1000스텝 | 배송 39/44 | 재적재  6 | 중계율 0.25 | alpha 0.309 | step_limit
Ep 24 | 드론4 목적지41 |  717스텝 | 배송 41/41 | 재적재  8 | 중계율 0.26 | alpha 0.326 | complete
Ep 25 | 드론4 목적지38 |  525스텝 | 배송 38/38 | 재적재  5 | 중계율 0.29 | alpha 0.338 | complete
Ep 26 | 드론4 목적지77 | 1000스텝 | 배송 70/77 | 재적재 12 | 중계율 0.26 | alpha 0.364 | step_limit
Ep 27 | 드론3 목적지41 | 1000스텝 | 배송 39/41 | 재적재  6 | 중계율 0.29 | alpha 0.392 | step_limit
Ep 28 | 드론4 목적지52 |  882스텝 | 배송 52/52 | 재적재  8 | 중계율 0.40 | alpha 0.418 | complete
Ep 29 | 드론4 목적지72 | 1000스텝 | 배송 28/72 | 재적재  4 | 중계율 0.30 | alpha 0.450 | step_limit
Ep 30 | 드론4 목적지61 | 1000스텝 | 배송 57/61 | 재적재  9 | 중계율 0.38 | alpha 0.485 | step_limit
Ep 31 | 드론4 목적지45 |  985스텝 | 배송 45/45 | 재적재  7 | 중계율 0.28 | alpha 0.521 | complete
Ep 32 | 드론3 목적지68 | 1000스텝 | 배송 56/68 | 재적재 10 | 중계율 0.23 | alpha 0.560 | step_limit
Ep 33 | 드론3 목적지35 | 1000스텝 | 배송 26/35 | 재적재  5 | 중계율 0.20 | alpha 0.601 | step_limit
Ep 34 | 드론3 목적지24 |  511스텝 | 배송 24/24 | 재적재  4 | 중계율 0.26 | alpha 0.623 | complete
Ep 35 | 드론3 목적지58 | 1000스텝 | 배송 56/58 | 재적재 11 | 중계율 0.23 | alpha 0.670 | step_limit
Ep 36 | 드론3 목적지64 | 1000스텝 | 배송 52/64 | 재적재  9 | 중계율 0.26 | alpha 0.719 | step_limit
Ep 37 | 드론4 목적지58 | 1000스텝 | 배송 50/58 | 재적재 10 | 중계율 0.34 | alpha 0.772 | step_limit
Ep 38 | 드론3 목적지77 | 1000스텝 | 배송 43/77 | 재적재  7 | 중계율 0.21 | alpha 0.827 | step_limit
Ep 39 | 드론3 목적지28 |  961스텝 | 배송 21/28 | 재적재  3 | 중계율 0.41 | alpha 0.885 | no_progress
Ep 40 | 드론3 목적지37 | 1000스텝 | 배송 35/37 | 재적재  5 | 중계율 0.29 | alpha 0.948 | step_limit
Ep 41 | 드론4 목적지59 |  840스텝 | 배송 59/59 | 재적재 10 | 중계율 0.18 | alpha 1.003 | complete
Ep 42 | 드론4 목적지58 | 1000스텝 | 배송 50/58 | 재적재  9 | 중계율 0.32 | alpha 1.072 | step_limit
Ep 43 | 드론4 목적지20 |  328스텝 | 배송 20/20 | 재적재  3 | 중계율 0.28 | alpha 1.096 | complete
Ep 44 | 드론4 목적지30 |  538스텝 | 배송 30/30 | 재적재  4 | 중계율 0.20 | alpha 1.136 | complete
Ep 45 | 드론4 목적지39 |  521스텝 | 배송 39/39 | 재적재  6 | 중계율 0.27 | alpha 1.175 | complete
Ep 46 | 드론4 목적지32 |  713스텝 | 배송 32/32 | 재적재  5 | 중계율 0.30 | alpha 1.232 | complete
Ep 47 | 드론4 목적지35 |  752스텝 | 배송 35/35 | 재적재  6 | 중계율 0.34 | alpha 1.293 | complete
Ep 48 | 드론4 목적지39 |  750스텝 | 배송 39/39 | 재적재  5 | 중계율 0.36 | alpha 1.357 | complete
Ep 49 | 드론4 목적지47 |  706스텝 | 배송 47/47 | 재적재  8 | 중계율 0.27 | alpha 1.419 | complete
Ep 50 | 드론3 목적지72 | 1000스텝 | 배송 49/72 | 재적재  8 | 중계율 0.19 | alpha 1.507 | step_limit
  [홀드아웃] 배송 49.5±2.7 완주 0.96 스텝 1001 점수 122.9 재적재 7.9 2홉+ 0.62 | 최고 122.9@ep50 정체 0/15  ← 갱신
Ep 51 | 드론3 목적지71 | 1000스텝 | 배송 54/71 | 재적재  9 | 중계율 0.14 | alpha 1.593 | step_limit
Ep 52 | 드론3 목적지45 | 1000스텝 | 배송 42/45 | 재적재  8 | 중계율 0.21 | alpha 1.679 | step_limit
Ep 53 | 드론4 목적지64 |  913스텝 | 배송 64/64 | 재적재 12 | 중계율 0.18 | alpha 1.756 | complete
Ep 54 | 드론4 목적지24 |  653스텝 | 배송 24/24 | 재적재  3 | 중계율 0.35 | alpha 1.812 | complete
Ep 55 | 드론4 목적지60 | 1000스텝 | 배송 56/60 | 재적재  9 | 중계율 0.28 | alpha 1.896 | step_limit
Ep 56 | 드론4 목적지20 |  310스텝 | 배송 20/20 | 재적재  3 | 중계율 0.28 | alpha 1.922 | complete
Ep 57 | 드론4 목적지61 | 1000스텝 | 배송 56/61 | 재적재 10 | 중계율 0.21 | alpha 2.007 | step_limit
Ep 58 | 드론4 목적지77 | 1000스텝 | 배송 74/77 | 재적재 13 | 중계율 0.19 | alpha 2.089 | step_limit
Ep 59 | 드론4 목적지40 | 1000스텝 | 배송 38/40 | 재적재  6 | 중계율 0.33 | alpha 2.166 | step_limit
Ep 60 | 드론3 목적지76 | 1000스텝 | 배송 47/76 | 재적재  9 | 중계율 0.18 | alpha 2.243 | step_limit
Ep 61 | 드론4 목적지66 | 1000스텝 | 배송 58/66 | 재적재 10 | 중계율 0.22 | alpha 2.311 | step_limit
Ep 62 | 드론4 목적지43 |  669스텝 | 배송 43/43 | 재적재  7 | 중계율 0.29 | alpha 2.350 | complete
Ep 63 | 드론4 목적지57 |  904스텝 | 배송 57/57 | 재적재 10 | 중계율 0.20 | alpha 2.394 | complete
Ep 64 | 드론3 목적지52 | 1000스텝 | 배송 47/52 | 재적재  8 | 중계율 0.23 | alpha 2.438 | step_limit
Ep 65 | 드론4 목적지42 |  719스텝 | 배송 42/42 | 재적재  7 | 중계율 0.24 | alpha 2.463 | complete
Ep 66 | 드론3 목적지41 |  845스텝 | 배송 41/41 | 재적재  7 | 중계율 0.27 | alpha 2.482 | complete
Ep 67 | 드론4 목적지23 |  386스텝 | 배송 23/23 | 재적재  3 | 중계율 0.23 | alpha 2.485 | complete
Ep 68 | 드론4 목적지77 | 1000스텝 | 배송 71/77 | 재적재 12 | 중계율 0.14 | alpha 2.485 | step_limit
Ep 69 | 드론3 목적지48 |  963스텝 | 배송 48/48 | 재적재  8 | 중계율 0.16 | alpha 2.499 | complete
Ep 70 | 드론3 목적지69 | 1000스텝 | 배송 48/69 | 재적재  9 | 중계율 0.19 | alpha 2.511 | step_limit
Ep 71 | 드론4 목적지34 |  604스텝 | 배송 34/34 | 재적재  5 | 중계율 0.17 | alpha 2.523 | complete
Ep 72 | 드론4 목적지61 | 1000스텝 | 배송 53/61 | 재적재  9 | 중계율 0.29 | alpha 2.529 | step_limit
Ep 73 | 드론4 목적지50 |  957스텝 | 배송 50/50 | 재적재  8 | 중계율 0.32 | alpha 2.526 | complete
Ep 74 | 드론3 목적지70 | 1000스텝 | 배송 55/70 | 재적재  9 | 중계율 0.16 | alpha 2.512 | step_limit
Ep 75 | 드론4 목적지21 |  364스텝 | 배송 21/21 | 재적재  3 | 중계율 0.21 | alpha 2.510 | complete
Ep 76 | 드론3 목적지49 | 1000스텝 | 배송 43/49 | 재적재  7 | 중계율 0.26 | alpha 2.487 | step_limit
Ep 77 | 드론3 목적지67 | 1000스텝 | 배송 53/67 | 재적재  9 | 중계율 0.27 | alpha 2.433 | step_limit
Ep 78 | 드론3 목적지34 |  834스텝 | 배송 34/34 | 재적재  6 | 중계율 0.21 | alpha 2.379 | complete
Ep 79 | 드론4 목적지31 |  483스텝 | 배송 31/31 | 재적재  4 | 중계율 0.22 | alpha 2.355 | complete
Ep 80 | 드론3 목적지44 | 1000스텝 | 배송 42/44 | 재적재  7 | 중계율 0.26 | alpha 2.331 | step_limit
Ep 81 | 드론4 목적지71 | 1000스텝 | 배송 61/71 | 재적재 10 | 중계율 0.29 | alpha 2.327 | step_limit
Ep 82 | 드론3 목적지59 | 1000스텝 | 배송 50/59 | 재적재  9 | 중계율 0.17 | alpha 2.329 | step_limit
Ep 83 | 드론4 목적지21 |  307스텝 | 배송 21/21 | 재적재  4 | 중계율 0.18 | alpha 2.321 | complete
Ep 84 | 드론3 목적지41 |  831스텝 | 배송 41/41 | 재적재  7 | 중계율 0.22 | alpha 2.325 | complete
Ep 85 | 드론4 목적지38 |  993스텝 | 배송 38/38 | 재적재  7 | 중계율 0.34 | alpha 2.307 | complete
Ep 86 | 드론4 목적지64 |  952스텝 | 배송 64/64 | 재적재 11 | 중계율 0.21 | alpha 2.294 | complete
Ep 87 | 드론4 목적지24 |  664스텝 | 배송 24/24 | 재적재  4 | 중계율 0.37 | alpha 2.284 | complete
Ep 88 | 드론4 목적지66 | 1000스텝 | 배송 65/66 | 재적재 12 | 중계율 0.23 | alpha 2.230 | step_limit
Ep 89 | 드론4 목적지20 |  621스텝 | 배송 20/20 | 재적재  2 | 중계율 0.32 | alpha 2.215 | complete
Ep 90 | 드론4 목적지37 |  704스텝 | 배송 37/37 | 재적재  6 | 중계율 0.21 | alpha 2.185 | complete
Ep 91 | 드론3 목적지60 | 1000스텝 | 배송 45/60 | 재적재  7 | 중계율 0.17 | alpha 2.165 | step_limit
Ep 92 | 드론3 목적지37 | 1000스텝 | 배송 35/37 | 재적재  6 | 중계율 0.32 | alpha 2.203 | step_limit
Ep 93 | 드론3 목적지27 |  672스텝 | 배송 27/27 | 재적재  5 | 중계율 0.24 | alpha 2.200 | complete
Ep 94 | 드론3 목적지76 | 1000스텝 | 배송 56/76 | 재적재 11 | 중계율 0.15 | alpha 2.227 | step_limit
Ep 95 | 드론4 목적지30 |  625스텝 | 배송 30/30 | 재적재  5 | 중계율 0.28 | alpha 2.202 | complete
Ep 96 | 드론4 목적지34 |  746스텝 | 배송 34/34 | 재적재  6 | 중계율 0.30 | alpha 2.153 | complete
Ep 97 | 드론4 목적지35 |  840스텝 | 배송 35/35 | 재적재  5 | 중계율 0.30 | alpha 2.107 | complete
Ep 98 | 드론4 목적지39 |  626스텝 | 배송 39/39 | 재적재  7 | 중계율 0.20 | alpha 2.077 | complete
Ep 99 | 드론4 목적지69 | 1000스텝 | 배송 50/69 | 재적재  9 | 중계율 0.34 | alpha 2.068 | step_limit
Ep 100 | 드론4 목적지80 | 1000스텝 | 배송 65/80 | 재적재 11 | 중계율 0.15 | alpha 2.081 | step_limit
  [홀드아웃] 배송 49.9±1.0 완주 0.97 스텝 1153 점수 122.1 재적재 8.1 2홉+ 0.63 | 최고 122.9@ep50 정체 1/15
Ep 101 | 드론3 목적지62 | 1000스텝 | 배송 47/62 | 재적재  8 | 중계율 0.21 | alpha 2.097 | step_limit
Ep 102 | 드론3 목적지30 |  694스텝 | 배송 30/30 | 재적재  5 | 중계율 0.24 | alpha 2.099 | complete
Ep 103 | 드론4 목적지75 | 1000스텝 | 배송 72/75 | 재적재 13 | 중계율 0.24 | alpha 2.052 | step_limit
Ep 104 | 드론3 목적지39 | 1000스텝 | 배송 34/39 | 재적재  6 | 중계율 0.30 | alpha 2.025 | step_limit
Ep 105 | 드론4 목적지24 |  577스텝 | 배송 24/24 | 재적재  4 | 중계율 0.26 | alpha 2.016 | complete
Ep 106 | 드론4 목적지73 | 1000스텝 | 배송 66/73 | 재적재 11 | 중계율 0.28 | alpha 2.041 | step_limit
Ep 107 | 드론4 목적지25 |  368스텝 | 배송 25/25 | 재적재  4 | 중계율 0.18 | alpha 2.034 | complete
Ep 108 | 드론3 목적지69 | 1000스텝 | 배송 60/69 | 재적재 10 | 중계율 0.25 | alpha 2.037 | step_limit
Ep 109 | 드론3 목적지25 |  660스텝 | 배송 25/25 | 재적재  3 | 중계율 0.19 | alpha 2.019 | complete
Ep 110 | 드론3 목적지26 |  967스텝 | 배송 26/26 | 재적재  4 | 중계율 0.29 | alpha 1.983 | complete
Ep 111 | 드론3 목적지21 |  578스텝 | 배송 21/21 | 재적재  3 | 중계율 0.28 | alpha 1.986 | complete
Ep 112 | 드론4 목적지31 |  429스텝 | 배송 31/31 | 재적재  3 | 중계율 0.14 | alpha 1.987 | complete
Ep 113 | 드론3 목적지57 | 1000스텝 | 배송 49/57 | 재적재  9 | 중계율 0.25 | alpha 1.977 | step_limit
Ep 114 | 드론4 목적지64 | 1000스텝 | 배송 56/64 | 재적재 10 | 중계율 0.28 | alpha 1.989 | step_limit
Ep 115 | 드론4 목적지57 | 1000스텝 | 배송 51/57 | 재적재  8 | 중계율 0.21 | alpha 1.961 | step_limit
Ep 116 | 드론3 목적지78 | 1000스텝 | 배송 57/78 | 재적재 10 | 중계율 0.21 | alpha 1.966 | step_limit
Ep 117 | 드론4 목적지76 | 1000스텝 | 배송 60/76 | 재적재 10 | 중계율 0.29 | alpha 1.988 | step_limit
Ep 118 | 드론3 목적지59 | 1000스텝 | 배송 54/59 | 재적재 10 | 중계율 0.17 | alpha 1.992 | step_limit
Ep 119 | 드론3 목적지73 | 1000스텝 | 배송 64/73 | 재적재 10 | 중계율 0.22 | alpha 1.946 | step_limit
Ep 120 | 드론3 목적지68 | 1000스텝 | 배송 55/68 | 재적재 10 | 중계율 0.21 | alpha 1.896 | step_limit
Ep 121 | 드론4 목적지59 | 1000스텝 | 배송 58/59 | 재적재 11 | 중계율 0.31 | alpha 1.902 | step_limit
Ep 122 | 드론4 목적지55 | 1000스텝 | 배송 52/55 | 재적재  9 | 중계율 0.24 | alpha 1.903 | step_limit
Ep 123 | 드론3 목적지22 |  623스텝 | 배송 22/22 | 재적재  4 | 중계율 0.22 | alpha 1.874 | complete
Ep 124 | 드론3 목적지57 | 1000스텝 | 배송 50/57 | 재적재  9 | 중계율 0.22 | alpha 1.842 | step_limit
Ep 125 | 드론3 목적지29 |  797스텝 | 배송 29/29 | 재적재  4 | 중계율 0.24 | alpha 1.830 | complete
Ep 126 | 드론4 목적지80 | 1000스텝 | 배송 76/80 | 재적재 14 | 중계율 0.21 | alpha 1.841 | step_limit
Ep 127 | 드론4 목적지23 |  597스텝 | 배송 23/23 | 재적재  2 | 중계율 0.27 | alpha 1.844 | complete
Ep 128 | 드론3 목적지75 | 1000스텝 | 배송 55/75 | 재적재 10 | 중계율 0.24 | alpha 1.834 | step_limit
Ep 129 | 드론4 목적지31 |  688스텝 | 배송 31/31 | 재적재  5 | 중계율 0.35 | alpha 1.813 | complete
Ep 130 | 드론4 목적지26 |  422스텝 | 배송 26/26 | 재적재  4 | 중계율 0.17 | alpha 1.805 | complete
Ep 131 | 드론4 목적지57 | 1000스텝 | 배송 56/57 | 재적재 10 | 중계율 0.22 | alpha 1.787 | step_limit
Ep 132 | 드론3 목적지51 | 1000스텝 | 배송 47/51 | 재적재  8 | 중계율 0.28 | alpha 1.753 | step_limit
Ep 133 | 드론4 목적지36 |  796스텝 | 배송 36/36 | 재적재  5 | 중계율 0.31 | alpha 1.768 | complete
Ep 134 | 드론4 목적지49 | 1000스텝 | 배송 45/49 | 재적재  8 | 중계율 0.27 | alpha 1.783 | step_limit
Ep 135 | 드론3 목적지56 | 1000스텝 | 배송 49/56 | 재적재  7 | 중계율 0.29 | alpha 1.775 | step_limit
Ep 136 | 드론3 목적지38 |  897스텝 | 배송 38/38 | 재적재  7 | 중계율 0.20 | alpha 1.774 | complete
Ep 137 | 드론4 목적지37 |  638스텝 | 배송 37/37 | 재적재  6 | 중계율 0.24 | alpha 1.772 | complete
Ep 138 | 드론4 목적지68 | 1000스텝 | 배송 61/68 | 재적재 11 | 중계율 0.28 | alpha 1.752 | step_limit
Ep 139 | 드론3 목적지63 | 1000스텝 | 배송 49/63 | 재적재  9 | 중계율 0.13 | alpha 1.728 | step_limit
Ep 140 | 드론4 목적지64 |  944스텝 | 배송 64/64 | 재적재 11 | 중계율 0.25 | alpha 1.693 | complete
Ep 141 | 드론3 목적지48 | 1000스텝 | 배송 37/48 | 재적재  7 | 중계율 0.15 | alpha 1.698 | step_limit
Ep 142 | 드론4 목적지69 |  900스텝 | 배송 69/69 | 재적재 12 | 중계율 0.20 | alpha 1.653 | complete
Ep 143 | 드론3 목적지58 | 1000스텝 | 배송 53/58 | 재적재  9 | 중계율 0.17 | alpha 1.621 | step_limit
Ep 144 | 드론4 목적지55 | 1000스텝 | 배송 51/55 | 재적재 10 | 중계율 0.25 | alpha 1.611 | step_limit
Ep 145 | 드론3 목적지39 | 1000스텝 | 배송 38/39 | 재적재  6 | 중계율 0.26 | alpha 1.580 | step_limit
Ep 146 | 드론3 목적지60 |  806스텝 | 배송 60/60 | 재적재 11 | 중계율 0.15 | alpha 1.547 | complete
Ep 147 | 드론3 목적지44 | 1000스텝 | 배송 39/44 | 재적재  7 | 중계율 0.17 | alpha 1.513 | step_limit
Ep 148 | 드론4 목적지50 |  870스텝 | 배송 50/50 | 재적재  8 | 중계율 0.30 | alpha 1.477 | complete
Ep 149 | 드론3 목적지36 |  636스텝 | 배송 36/36 | 재적재  6 | 중계율 0.20 | alpha 1.466 | complete
Ep 150 | 드론4 목적지78 | 1000스텝 | 배송 68/78 | 재적재 12 | 중계율 0.25 | alpha 1.456 | step_limit
  [홀드아웃] 배송 50.0±0.3 완주 0.97 스텝 1013 점수 124.0 재적재 7.7 2홉+ 0.62 | 최고 124.0@ep150 정체 0/15  ← 갱신
Ep 151 | 드론3 목적지64 | 1000스텝 | 배송 58/64 | 재적재 10 | 중계율 0.20 | alpha 1.462 | step_limit
Ep 152 | 드론4 목적지21 |  224스텝 | 배송 21/21 | 재적재  2 | 중계율 0.11 | alpha 1.460 | complete
Ep 153 | 드론4 목적지76 | 1000스텝 | 배송 71/76 | 재적재 13 | 중계율 0.23 | alpha 1.464 | step_limit
Ep 154 | 드론3 목적지40 |  907스텝 | 배송 40/40 | 재적재  7 | 중계율 0.26 | alpha 1.459 | complete
Ep 155 | 드론3 목적지64 | 1000스텝 | 배송 48/64 | 재적재  9 | 중계율 0.15 | alpha 1.473 | step_limit
Ep 156 | 드론4 목적지50 |  918스텝 | 배송 50/50 | 재적재  8 | 중계율 0.29 | alpha 1.493 | complete
Ep 157 | 드론3 목적지56 |  866스텝 | 배송 56/56 | 재적재 10 | 중계율 0.19 | alpha 1.498 | complete
Ep 158 | 드론4 목적지67 |  975스텝 | 배송 67/67 | 재적재 13 | 중계율 0.27 | alpha 1.489 | complete
Ep 159 | 드론4 목적지78 | 1000스텝 | 배송 77/78 | 재적재 14 | 중계율 0.16 | alpha 1.461 | step_limit
Ep 160 | 드론4 목적지23 |  491스텝 | 배송 23/23 | 재적재  3 | 중계율 0.26 | alpha 1.454 | complete
Ep 161 | 드론4 목적지73 | 1000스텝 | 배송 59/73 | 재적재 10 | 중계율 0.29 | alpha 1.429 | step_limit
Ep 162 | 드론3 목적지49 |  867스텝 | 배송 49/49 | 재적재  9 | 중계율 0.17 | alpha 1.408 | complete
Ep 163 | 드론4 목적지36 |  564스텝 | 배송 36/36 | 재적재  5 | 중계율 0.21 | alpha 1.406 | complete
Ep 164 | 드론4 목적지54 |  889스텝 | 배송 54/54 | 재적재  9 | 중계율 0.20 | alpha 1.421 | complete
Ep 165 | 드론4 목적지47 |  682스텝 | 배송 47/47 | 재적재  8 | 중계율 0.25 | alpha 1.426 | complete
Ep 166 | 드론4 목적지63 |  825스텝 | 배송 63/63 | 재적재 11 | 중계율 0.22 | alpha 1.426 | complete
Ep 167 | 드론4 목적지38 |  800스텝 | 배송 38/38 | 재적재  7 | 중계율 0.24 | alpha 1.409 | complete
Ep 168 | 드론4 목적지44 |  918스텝 | 배송 44/44 | 재적재  8 | 중계율 0.32 | alpha 1.411 | complete
Ep 169 | 드론4 목적지45 | 1000스텝 | 배송 38/45 | 재적재  5 | 중계율 0.27 | alpha 1.403 | step_limit
Ep 170 | 드론3 목적지78 | 1000스텝 | 배송 59/78 | 재적재 10 | 중계율 0.19 | alpha 1.386 | step_limit
Ep 171 | 드론4 목적지34 |  652스텝 | 배송 34/34 | 재적재  4 | 중계율 0.28 | alpha 1.379 | complete
Ep 172 | 드론3 목적지48 | 1000스텝 | 배송 47/48 | 재적재  8 | 중계율 0.20 | alpha 1.365 | step_limit
Ep 173 | 드론3 목적지64 | 1000스텝 | 배송 50/64 | 재적재  8 | 중계율 0.23 | alpha 1.360 | step_limit
Ep 174 | 드론4 목적지38 |  599스텝 | 배송 38/38 | 재적재  6 | 중계율 0.16 | alpha 1.370 | complete
Ep 175 | 드론3 목적지56 | 1000스텝 | 배송 46/56 | 재적재  9 | 중계율 0.20 | alpha 1.374 | step_limit
Ep 176 | 드론3 목적지68 | 1000스텝 | 배송 55/68 | 재적재  9 | 중계율 0.27 | alpha 1.372 | step_limit
Ep 177 | 드론4 목적지74 | 1000스텝 | 배송 73/74 | 재적재 11 | 중계율 0.23 | alpha 1.378 | step_limit
Ep 178 | 드론4 목적지37 |  571스텝 | 배송 37/37 | 재적재  5 | 중계율 0.24 | alpha 1.367 | complete
Ep 179 | 드론4 목적지48 |  906스텝 | 배송 48/48 | 재적재  8 | 중계율 0.28 | alpha 1.362 | complete
Ep 180 | 드론3 목적지61 | 1000스텝 | 배송 51/61 | 재적재  8 | 중계율 0.22 | alpha 1.336 | step_limit
Ep 181 | 드론3 목적지80 | 1000스텝 | 배송 55/80 | 재적재 10 | 중계율 0.23 | alpha 1.321 | step_limit
Ep 182 | 드론4 목적지31 |  804스텝 | 배송 31/31 | 재적재  4 | 중계율 0.30 | alpha 1.336 | complete
Ep 183 | 드론3 목적지53 | 1000스텝 | 배송 48/53 | 재적재  8 | 중계율 0.27 | alpha 1.364 | step_limit
Ep 184 | 드론3 목적지64 | 1000스텝 | 배송 55/64 | 재적재 10 | 중계율 0.25 | alpha 1.387 | step_limit
Ep 185 | 드론3 목적지49 |  684스텝 | 배송 49/49 | 재적재  8 | 중계율 0.15 | alpha 1.381 | complete
Ep 186 | 드론4 목적지47 |  849스텝 | 배송 47/47 | 재적재  8 | 중계율 0.25 | alpha 1.376 | complete
Ep 187 | 드론4 목적지59 | 1000스텝 | 배송 56/59 | 재적재  9 | 중계율 0.27 | alpha 1.353 | step_limit
Ep 188 | 드론3 목적지33 |  858스텝 | 배송 33/33 | 재적재  6 | 중계율 0.25 | alpha 1.336 | complete
Ep 189 | 드론4 목적지35 |  509스텝 | 배송 35/35 | 재적재  5 | 중계율 0.16 | alpha 1.318 | complete
Ep 190 | 드론3 목적지30 |  605스텝 | 배송 30/30 | 재적재  4 | 중계율 0.21 | alpha 1.301 | complete
Ep 191 | 드론3 목적지70 | 1000스텝 | 배송 65/70 | 재적재 10 | 중계율 0.21 | alpha 1.300 | step_limit
Ep 192 | 드론4 목적지36 |  538스텝 | 배송 36/36 | 재적재  6 | 중계율 0.22 | alpha 1.297 | complete
Ep 193 | 드론3 목적지54 | 1000스텝 | 배송 47/54 | 재적재  7 | 중계율 0.25 | alpha 1.295 | step_limit
Ep 194 | 드론3 목적지76 | 1000스텝 | 배송 57/76 | 재적재 10 | 중계율 0.22 | alpha 1.297 | step_limit
Ep 195 | 드론4 목적지74 | 1000스텝 | 배송 60/74 | 재적재  9 | 중계율 0.33 | alpha 1.314 | step_limit
Ep 196 | 드론4 목적지70 | 1000스텝 | 배송 66/70 | 재적재 11 | 중계율 0.27 | alpha 1.325 | step_limit
Ep 197 | 드론3 목적지34 |  903스텝 | 배송 34/34 | 재적재  5 | 중계율 0.18 | alpha 1.328 | complete
Ep 198 | 드론3 목적지33 |  827스텝 | 배송 33/33 | 재적재  6 | 중계율 0.23 | alpha 1.337 | complete
Ep 199 | 드론4 목적지46 |  670스텝 | 배송 46/46 | 재적재  8 | 중계율 0.26 | alpha 1.335 | complete
Ep 200 | 드론4 목적지42 |  922스텝 | 배송 42/42 | 재적재  6 | 중계율 0.23 | alpha 1.323 | complete
  [홀드아웃] 배송 49.6±2.2 완주 0.95 스텝 1004 점수 121.6 재적재 7.8 2홉+ 0.63 | 최고 124.0@ep150 정체 1/15
Ep 201 | 드론4 목적지51 |  767스텝 | 배송 51/51 | 재적재  8 | 중계율 0.21 | alpha 1.327 | complete
Ep 202 | 드론4 목적지32 |  545스텝 | 배송 32/32 | 재적재  4 | 중계율 0.22 | alpha 1.314 | complete
Ep 203 | 드론4 목적지30 |  868스텝 | 배송 30/30 | 재적재  4 | 중계율 0.31 | alpha 1.325 | complete
Ep 204 | 드론4 목적지73 | 1000스텝 | 배송 63/73 | 재적재 11 | 중계율 0.26 | alpha 1.309 | step_limit
Ep 205 | 드론3 목적지44 |  848스텝 | 배송 44/44 | 재적재  7 | 중계율 0.22 | alpha 1.290 | complete
Ep 206 | 드론3 목적지26 |  583스텝 | 배송 26/26 | 재적재  3 | 중계율 0.20 | alpha 1.278 | complete
Ep 207 | 드론4 목적지40 |  646스텝 | 배송 40/40 | 재적재  7 | 중계율 0.20 | alpha 1.250 | complete
Ep 208 | 드론4 목적지35 |  787스텝 | 배송 35/35 | 재적재  4 | 중계율 0.27 | alpha 1.229 | complete
Ep 209 | 드론4 목적지75 |  914스텝 | 배송 75/75 | 재적재 14 | 중계율 0.14 | alpha 1.218 | complete
Ep 210 | 드론4 목적지56 | 1000스텝 | 배송 55/56 | 재적재  9 | 중계율 0.22 | alpha 1.189 | step_limit
Ep 211 | 드론3 목적지26 |  952스텝 | 배송 25/26 | 재적재  3 | 중계율 0.22 | alpha 1.170 | no_progress
Ep 212 | 드론3 목적지58 | 1000스텝 | 배송 55/58 | 재적재  9 | 중계율 0.15 | alpha 1.149 | step_limit
Ep 213 | 드론3 목적지44 |  951스텝 | 배송 44/44 | 재적재  7 | 중계율 0.26 | alpha 1.141 | complete
Ep 214 | 드론3 목적지56 |  934스텝 | 배송 56/56 | 재적재 10 | 중계율 0.23 | alpha 1.163 | complete
Ep 215 | 드론3 목적지64 | 1000스텝 | 배송 59/64 | 재적재 10 | 중계율 0.25 | alpha 1.178 | step_limit
Ep 216 | 드론4 목적지40 |  822스텝 | 배송 40/40 | 재적재  7 | 중계율 0.33 | alpha 1.184 | complete
Ep 217 | 드론4 목적지41 |  590스텝 | 배송 41/41 | 재적재  7 | 중계율 0.15 | alpha 1.188 | complete
Ep 218 | 드론3 목적지31 |  498스텝 | 배송 31/31 | 재적재  4 | 중계율 0.22 | alpha 1.198 | complete
Ep 219 | 드론3 목적지80 | 1000스텝 | 배송 65/80 | 재적재 11 | 중계율 0.18 | alpha 1.202 | step_limit
Ep 220 | 드론3 목적지53 | 1000스텝 | 배송 51/53 | 재적재 10 | 중계율 0.18 | alpha 1.199 | step_limit
Ep 221 | 드론4 목적지72 |  855스텝 | 배송 72/72 | 재적재 13 | 중계율 0.18 | alpha 1.183 | complete
Ep 222 | 드론3 목적지27 |  862스텝 | 배송 27/27 | 재적재  4 | 중계율 0.28 | alpha 1.169 | complete
Ep 223 | 드론4 목적지22 |  387스텝 | 배송 22/22 | 재적재  3 | 중계율 0.21 | alpha 1.165 | complete
Ep 224 | 드론3 목적지62 | 1000스텝 | 배송 55/62 | 재적재  9 | 중계율 0.25 | alpha 1.157 | step_limit
Ep 225 | 드론4 목적지58 |  920스텝 | 배송 58/58 | 재적재  9 | 중계율 0.21 | alpha 1.148 | complete
Ep 226 | 드론4 목적지37 |  938스텝 | 배송 37/37 | 재적재  5 | 중계율 0.33 | alpha 1.151 | complete
Ep 227 | 드론3 목적지49 | 1000스텝 | 배송 46/49 | 재적재  7 | 중계율 0.24 | alpha 1.147 | step_limit
Ep 228 | 드론4 목적지72 |  882스텝 | 배송 72/72 | 재적재 13 | 중계율 0.16 | alpha 1.138 | complete
Ep 229 | 드론3 목적지77 | 1000스텝 | 배송 54/77 | 재적재 10 | 중계율 0.24 | alpha 1.135 | step_limit
Ep 230 | 드론4 목적지53 |  828스텝 | 배송 53/53 | 재적재  9 | 중계율 0.20 | alpha 1.122 | complete
Ep 231 | 드론4 목적지56 | 1000스텝 | 배송 47/56 | 재적재  7 | 중계율 0.31 | alpha 1.126 | step_limit
Ep 232 | 드론3 목적지28 |  706스텝 | 배송 28/28 | 재적재  4 | 중계율 0.20 | alpha 1.128 | complete
Ep 233 | 드론4 목적지40 |  930스텝 | 배송 40/40 | 재적재  6 | 중계율 0.36 | alpha 1.155 | complete
Ep 234 | 드론4 목적지29 |  577스텝 | 배송 29/29 | 재적재  5 | 중계율 0.28 | alpha 1.159 | complete
Ep 235 | 드론4 목적지69 | 1000스텝 | 배송 65/69 | 재적재 12 | 중계율 0.21 | alpha 1.159 | step_limit
Ep 236 | 드론3 목적지30 |  636스텝 | 배송 30/30 | 재적재  4 | 중계율 0.23 | alpha 1.152 | complete
Ep 237 | 드론4 목적지24 |  381스텝 | 배송 24/24 | 재적재  3 | 중계율 0.22 | alpha 1.160 | complete
Ep 238 | 드론4 목적지21 |  383스텝 | 배송 21/21 | 재적재  3 | 중계율 0.22 | alpha 1.162 | complete
Ep 239 | 드론4 목적지60 | 1000스텝 | 배송 46/60 | 재적재  6 | 중계율 0.32 | alpha 1.181 | step_limit
Ep 240 | 드론4 목적지58 |  992스텝 | 배송 58/58 | 재적재 11 | 중계율 0.29 | alpha 1.156 | complete
Ep 241 | 드론3 목적지26 |  367스텝 | 배송 26/26 | 재적재  3 | 중계율 0.13 | alpha 1.161 | complete
Ep 242 | 드론3 목적지43 | 1000스텝 | 배송 37/43 | 재적재  6 | 중계율 0.22 | alpha 1.140 | step_limit
Ep 243 | 드론4 목적지55 |  973스텝 | 배송 55/55 | 재적재  9 | 중계율 0.27 | alpha 1.135 | complete
Ep 244 | 드론4 목적지48 |  800스텝 | 배송 48/48 | 재적재  7 | 중계율 0.21 | alpha 1.120 | complete
Ep 245 | 드론4 목적지67 | 1000스텝 | 배송 60/67 | 재적재 11 | 중계율 0.24 | alpha 1.110 | step_limit
Ep 246 | 드론3 목적지65 | 1000스텝 | 배송 51/65 | 재적재  9 | 중계율 0.23 | alpha 1.099 | step_limit
Ep 247 | 드론4 목적지49 | 1000스텝 | 배송 46/49 | 재적재  8 | 중계율 0.31 | alpha 1.094 | step_limit
Ep 248 | 드론3 목적지41 | 1000스텝 | 배송 40/41 | 재적재  6 | 중계율 0.22 | alpha 1.092 | step_limit
Ep 249 | 드론4 목적지26 |  300스텝 | 배송 26/26 | 재적재  3 | 중계율 0.08 | alpha 1.088 | complete
Ep 250 | 드론4 목적지43 |  637스텝 | 배송 43/43 | 재적재  7 | 중계율 0.26 | alpha 1.080 | complete
  [홀드아웃] 배송 49.8±2.0 완주 0.99 스텝 915 점수 126.6 재적재 7.5 2홉+ 0.62 | 최고 126.6@ep250 정체 0/15  ← 갱신
Ep 251 | 드론4 목적지71 | 1000스텝 | 배송 64/71 | 재적재 11 | 중계율 0.22 | alpha 1.062 | step_limit
Ep 252 | 드론3 목적지48 | 1000스텝 | 배송 44/48 | 재적재  7 | 중계율 0.24 | alpha 1.073 | step_limit
Ep 253 | 드론3 목적지30 |  648스텝 | 배송 30/30 | 재적재  5 | 중계율 0.21 | alpha 1.061 | complete
Ep 254 | 드론4 목적지26 |  526스텝 | 배송 26/26 | 재적재  3 | 중계율 0.33 | alpha 1.060 | complete
Ep 255 | 드론4 목적지69 | 1000스텝 | 배송 61/69 | 재적재 10 | 중계율 0.21 | alpha 1.047 | step_limit
Ep 256 | 드론4 목적지33 |  708스텝 | 배송 33/33 | 재적재  5 | 중계율 0.40 | alpha 1.042 | complete
Ep 257 | 드론3 목적지55 |  902스텝 | 배송 55/55 | 재적재  8 | 중계율 0.27 | alpha 1.029 | complete
Ep 258 | 드론4 목적지36 |  931스텝 | 배송 36/36 | 재적재  5 | 중계율 0.36 | alpha 1.041 | complete
Ep 259 | 드론3 목적지79 | 1000스텝 | 배송 68/79 | 재적재 13 | 중계율 0.20 | alpha 1.045 | step_limit
Ep 260 | 드론3 목적지41 |  828스텝 | 배송 41/41 | 재적재  7 | 중계율 0.19 | alpha 1.049 | complete
Ep 261 | 드론4 목적지21 |  538스텝 | 배송 21/21 | 재적재  4 | 중계율 0.29 | alpha 1.047 | complete
Ep 262 | 드론3 목적지43 |  827스텝 | 배송 43/43 | 재적재  7 | 중계율 0.23 | alpha 1.053 | complete
Ep 263 | 드론4 목적지21 |  449스텝 | 배송 21/21 | 재적재  2 | 중계율 0.28 | alpha 1.053 | complete
Ep 264 | 드론4 목적지50 |  984스텝 | 배송 50/50 | 재적재  8 | 중계율 0.28 | alpha 1.046 | complete
Ep 265 | 드론3 목적지35 |  828스텝 | 배송 35/35 | 재적재  5 | 중계율 0.30 | alpha 1.043 | complete
Ep 266 | 드론3 목적지54 | 1000스텝 | 배송 53/54 | 재적재  9 | 중계율 0.23 | alpha 1.043 | step_limit
Ep 267 | 드론4 목적지46 |  543스텝 | 배송 46/46 | 재적재  7 | 중계율 0.18 | alpha 1.040 | complete
Ep 268 | 드론3 목적지33 |  741스텝 | 배송 33/33 | 재적재  5 | 중계율 0.24 | alpha 1.035 | complete
Ep 269 | 드론3 목적지42 |  796스텝 | 배송 42/42 | 재적재  7 | 중계율 0.21 | alpha 1.029 | complete
Ep 270 | 드론3 목적지45 |  865스텝 | 배송 45/45 | 재적재  8 | 중계율 0.24 | alpha 1.022 | complete
Ep 271 | 드론4 목적지37 |  570스텝 | 배송 37/37 | 재적재  4 | 중계율 0.25 | alpha 1.024 | complete
Ep 272 | 드론3 목적지47 |  871스텝 | 배송 47/47 | 재적재  8 | 중계율 0.27 | alpha 1.023 | complete
Ep 273 | 드론4 목적지76 | 1000스텝 | 배송 72/76 | 재적재 14 | 중계율 0.22 | alpha 1.027 | step_limit
Ep 274 | 드론4 목적지29 |  898스텝 | 배송 29/29 | 재적재  4 | 중계율 0.37 | alpha 1.009 | complete
Ep 275 | 드론3 목적지78 | 1000스텝 | 배송 62/78 | 재적재 11 | 중계율 0.21 | alpha 0.971 | step_limit
Ep 276 | 드론4 목적지49 |  874스텝 | 배송 49/49 | 재적재  9 | 중계율 0.25 | alpha 0.972 | complete
Ep 277 | 드론3 목적지67 | 1000스텝 | 배송 59/67 | 재적재 10 | 중계율 0.23 | alpha 0.952 | step_limit
Ep 278 | 드론3 목적지30 |  656스텝 | 배송 30/30 | 재적재  4 | 중계율 0.31 | alpha 0.939 | complete
Ep 279 | 드론4 목적지44 |  717스텝 | 배송 44/44 | 재적재  8 | 중계율 0.21 | alpha 0.931 | complete
Ep 280 | 드론3 목적지32 |  714스텝 | 배송 32/32 | 재적재  5 | 중계율 0.24 | alpha 0.928 | complete
Ep 281 | 드론3 목적지36 |  850스텝 | 배송 36/36 | 재적재  5 | 중계율 0.27 | alpha 0.931 | complete
Ep 282 | 드론3 목적지56 | 1000스텝 | 배송 52/56 | 재적재 10 | 중계율 0.23 | alpha 0.927 | step_limit
Ep 283 | 드론3 목적지75 | 1000스텝 | 배송 62/75 | 재적재 11 | 중계율 0.14 | alpha 0.912 | step_limit
Ep 284 | 드론4 목적지21 |  380스텝 | 배송 21/21 | 재적재  2 | 중계율 0.19 | alpha 0.900 | complete
Ep 285 | 드론4 목적지72 | 1000스텝 | 배송 70/72 | 재적재 13 | 중계율 0.20 | alpha 0.891 | step_limit
Ep 286 | 드론4 목적지78 | 1000스텝 | 배송 74/78 | 재적재 13 | 중계율 0.19 | alpha 0.889 | step_limit
Ep 287 | 드론3 목적지39 |  753스텝 | 배송 39/39 | 재적재  7 | 중계율 0.17 | alpha 0.881 | complete
Ep 288 | 드론3 목적지39 |  639스텝 | 배송 39/39 | 재적재  7 | 중계율 0.19 | alpha 0.887 | complete
Ep 289 | 드론3 목적지49 | 1000스텝 | 배송 47/49 | 재적재  8 | 중계율 0.21 | alpha 0.881 | step_limit
Ep 290 | 드론3 목적지29 |  592스텝 | 배송 29/29 | 재적재  4 | 중계율 0.22 | alpha 0.882 | complete
Ep 291 | 드론4 목적지68 |  806스텝 | 배송 68/68 | 재적재 12 | 중계율 0.23 | alpha 0.874 | complete
Ep 292 | 드론3 목적지69 | 1000스텝 | 배송 67/69 | 재적재 12 | 중계율 0.18 | alpha 0.863 | step_limit
Ep 293 | 드론3 목적지38 |  775스텝 | 배송 38/38 | 재적재  6 | 중계율 0.21 | alpha 0.857 | complete
Ep 294 | 드론4 목적지41 |  882스텝 | 배송 41/41 | 재적재  6 | 중계율 0.28 | alpha 0.835 | complete
Ep 295 | 드론3 목적지35 |  678스텝 | 배송 35/35 | 재적재  5 | 중계율 0.23 | alpha 0.820 | complete
Ep 296 | 드론4 목적지49 |  678스텝 | 배송 49/49 | 재적재  9 | 중계율 0.22 | alpha 0.811 | complete
Ep 297 | 드론3 목적지78 | 1000스텝 | 배송 54/78 | 재적재  9 | 중계율 0.19 | alpha 0.816 | step_limit
Ep 298 | 드론3 목적지73 | 1000스텝 | 배송 71/73 | 재적재 13 | 중계율 0.20 | alpha 0.817 | step_limit
Ep 299 | 드론4 목적지75 |  797스텝 | 배송 75/75 | 재적재 13 | 중계율 0.19 | alpha 0.816 | complete
Ep 300 | 드론3 목적지39 |  594스텝 | 배송 39/39 | 재적재  6 | 중계율 0.18 | alpha 0.811 | complete
  [홀드아웃] 배송 50.0±0.1 완주 0.99 스텝 921 점수 126.5 재적재 7.5 2홉+ 0.62 | 최고 126.6@ep250 정체 1/15
Ep 301 | 드론3 목적지69 | 1000스텝 | 배송 58/69 | 재적재  9 | 중계율 0.21 | alpha 0.815 | step_limit
Ep 302 | 드론4 목적지60 | 1000스텝 | 배송 52/60 | 재적재  9 | 중계율 0.25 | alpha 0.819 | step_limit
Ep 303 | 드론3 목적지74 | 1000스텝 | 배송 63/74 | 재적재 12 | 중계율 0.18 | alpha 0.813 | step_limit
Ep 304 | 드론3 목적지25 |  503스텝 | 배송 25/25 | 재적재  4 | 중계율 0.20 | alpha 0.806 | complete
Ep 305 | 드론3 목적지75 | 1000스텝 | 배송 58/75 | 재적재  9 | 중계율 0.20 | alpha 0.797 | step_limit
Ep 306 | 드론3 목적지29 |  524스텝 | 배송 29/29 | 재적재  4 | 중계율 0.25 | alpha 0.786 | complete
Ep 307 | 드론4 목적지29 |  522스텝 | 배송 29/29 | 재적재  4 | 중계율 0.19 | alpha 0.776 | complete
Ep 308 | 드론4 목적지35 |  556스텝 | 배송 35/35 | 재적재  5 | 중계율 0.16 | alpha 0.774 | complete
Ep 309 | 드론4 목적지37 |  625스텝 | 배송 37/37 | 재적재  6 | 중계율 0.32 | alpha 0.770 | complete
Ep 310 | 드론3 목적지74 | 1000스텝 | 배송 58/74 | 재적재 11 | 중계율 0.20 | alpha 0.761 | step_limit
Ep 311 | 드론4 목적지42 |  938스텝 | 배송 42/42 | 재적재  7 | 중계율 0.31 | alpha 0.752 | complete
Ep 312 | 드론4 목적지73 | 1000스텝 | 배송 55/73 | 재적재  9 | 중계율 0.30 | alpha 0.744 | step_limit
Ep 313 | 드론3 목적지34 |  845스텝 | 배송 34/34 | 재적재  5 | 중계율 0.34 | alpha 0.746 | complete
Ep 314 | 드론3 목적지26 | 1000스텝 | 배송 24/26 | 재적재  4 | 중계율 0.29 | alpha 0.751 | step_limit
Ep 315 | 드론4 목적지20 |  478스텝 | 배송 20/20 | 재적재  3 | 중계율 0.28 | alpha 0.752 | complete
Ep 316 | 드론4 목적지24 |  358스텝 | 배송 24/24 | 재적재  3 | 중계율 0.19 | alpha 0.738 | complete
Ep 317 | 드론4 목적지23 |  553스텝 | 배송 23/23 | 재적재  4 | 중계율 0.28 | alpha 0.727 | complete
Ep 318 | 드론3 목적지45 |  840스텝 | 배송 45/45 | 재적재  7 | 중계율 0.24 | alpha 0.715 | complete
Ep 319 | 드론4 목적지52 |  964스텝 | 배송 52/52 | 재적재  8 | 중계율 0.32 | alpha 0.701 | complete
Ep 320 | 드론3 목적지25 |  463스텝 | 배송 25/25 | 재적재  4 | 중계율 0.24 | alpha 0.693 | complete
Ep 321 | 드론3 목적지34 |  988스텝 | 배송 34/34 | 재적재  6 | 중계율 0.31 | alpha 0.681 | complete
Ep 322 | 드론3 목적지33 |  625스텝 | 배송 33/33 | 재적재  5 | 중계율 0.24 | alpha 0.680 | complete
Ep 323 | 드론3 목적지35 | 1000스텝 | 배송 33/35 | 재적재  5 | 중계율 0.30 | alpha 0.677 | step_limit
Ep 324 | 드론4 목적지70 |  917스텝 | 배송 70/70 | 재적재 12 | 중계율 0.25 | alpha 0.667 | complete
Ep 325 | 드론3 목적지43 |  825스텝 | 배송 43/43 | 재적재  8 | 중계율 0.25 | alpha 0.661 | complete
Ep 326 | 드론4 목적지42 | 1000스텝 | 배송 38/42 | 재적재  6 | 중계율 0.33 | alpha 0.652 | step_limit
Ep 327 | 드론4 목적지62 |  969스텝 | 배송 62/62 | 재적재 11 | 중계율 0.23 | alpha 0.646 | complete
Ep 328 | 드론3 목적지53 |  945스텝 | 배송 53/53 | 재적재  9 | 중계율 0.23 | alpha 0.644 | complete
Ep 329 | 드론4 목적지31 |  435스텝 | 배송 31/31 | 재적재  4 | 중계율 0.24 | alpha 0.641 | complete
Ep 330 | 드론3 목적지65 | 1000스텝 | 배송 56/65 | 재적재 11 | 중계율 0.25 | alpha 0.643 | step_limit
Ep 331 | 드론3 목적지25 |  434스텝 | 배송 25/25 | 재적재  3 | 중계율 0.19 | alpha 0.641 | complete
Ep 332 | 드론3 목적지79 | 1000스텝 | 배송 65/79 | 재적재 12 | 중계율 0.23 | alpha 0.628 | step_limit
Ep 333 | 드론3 목적지37 |  704스텝 | 배송 37/37 | 재적재  7 | 중계율 0.26 | alpha 0.627 | complete
Ep 334 | 드론3 목적지72 | 1000스텝 | 배송 70/72 | 재적재 12 | 중계율 0.18 | alpha 0.619 | step_limit
Ep 335 | 드론3 목적지23 |  572스텝 | 배송 23/23 | 재적재  3 | 중계율 0.26 | alpha 0.617 | complete
Ep 336 | 드론3 목적지57 | 1000스텝 | 배송 50/57 | 재적재  9 | 중계율 0.28 | alpha 0.606 | step_limit
Ep 337 | 드론3 목적지76 | 1000스텝 | 배송 63/76 | 재적재 11 | 중계율 0.22 | alpha 0.592 | step_limit
Ep 338 | 드론3 목적지30 |  730스텝 | 배송 30/30 | 재적재  4 | 중계율 0.32 | alpha 0.589 | complete
Ep 339 | 드론4 목적지73 |  826스텝 | 배송 73/73 | 재적재 14 | 중계율 0.16 | alpha 0.585 | complete
Ep 340 | 드론4 목적지34 |  594스텝 | 배송 34/34 | 재적재  6 | 중계율 0.22 | alpha 0.581 | complete
Ep 341 | 드론4 목적지26 |  944스텝 | 배송 26/26 | 재적재  2 | 중계율 0.43 | alpha 0.578 | complete
Ep 342 | 드론3 목적지46 |  984스텝 | 배송 46/46 | 재적재  8 | 중계율 0.22 | alpha 0.576 | complete
Ep 343 | 드론3 목적지50 | 1000스텝 | 배송 46/50 | 재적재  8 | 중계율 0.30 | alpha 0.573 | step_limit
Ep 344 | 드론4 목적지28 |  456스텝 | 배송 28/28 | 재적재  4 | 중계율 0.21 | alpha 0.567 | complete
Ep 345 | 드론4 목적지61 | 1000스텝 | 배송 55/61 | 재적재  9 | 중계율 0.28 | alpha 0.556 | step_limit
Ep 346 | 드론3 목적지29 |  787스텝 | 배송 29/29 | 재적재  5 | 중계율 0.36 | alpha 0.551 | complete
Ep 347 | 드론3 목적지42 |  927스텝 | 배송 42/42 | 재적재  7 | 중계율 0.29 | alpha 0.540 | complete
Ep 348 | 드론4 목적지53 |  590스텝 | 배송 53/53 | 재적재  9 | 중계율 0.19 | alpha 0.537 | complete
Ep 349 | 드론3 목적지62 | 1000스텝 | 배송 51/62 | 재적재 10 | 중계율 0.26 | alpha 0.527 | step_limit
Ep 350 | 드론3 목적지79 | 1000스텝 | 배송 66/79 | 재적재 12 | 중계율 0.21 | alpha 0.517 | step_limit
  [홀드아웃] 배송 49.7±1.8 완주 0.95 스텝 911 점수 122.9 재적재 7.5 2홉+ 0.62 | 최고 126.6@ep250 정체 2/15
Ep 351 | 드론4 목적지65 | 1000스텝 | 배송 61/65 | 재적재 11 | 중계율 0.27 | alpha 0.512 | step_limit
Ep 352 | 드론4 목적지36 |  619스텝 | 배송 36/36 | 재적재  6 | 중계율 0.30 | alpha 0.511 | complete
Ep 353 | 드론3 목적지62 | 1000스텝 | 배송 59/62 | 재적재 10 | 중계율 0.14 | alpha 0.510 | step_limit
Ep 354 | 드론4 목적지35 |  554스텝 | 배송 35/35 | 재적재  5 | 중계율 0.13 | alpha 0.511 | complete
Ep 355 | 드론3 목적지24 |  546스텝 | 배송 24/24 | 재적재  4 | 중계율 0.25 | alpha 0.512 | complete
Ep 356 | 드론4 목적지62 | 1000스텝 | 배송 57/62 | 재적재  9 | 중계율 0.34 | alpha 0.513 | step_limit
Ep 357 | 드론3 목적지21 |  522스텝 | 배송 21/21 | 재적재  2 | 중계율 0.29 | alpha 0.514 | complete
Ep 358 | 드론4 목적지26 |  328스텝 | 배송 26/26 | 재적재  3 | 중계율 0.20 | alpha 0.508 | complete
Ep 359 | 드론3 목적지52 | 1000스텝 | 배송 49/52 | 재적재  8 | 중계율 0.32 | alpha 0.501 | step_limit
Ep 360 | 드론4 목적지52 | 1000스텝 | 배송 51/52 | 재적재  8 | 중계율 0.32 | alpha 0.495 | step_limit
Ep 361 | 드론3 목적지40 |  794스텝 | 배송 40/40 | 재적재  6 | 중계율 0.26 | alpha 0.492 | complete
Ep 362 | 드론4 목적지52 | 1000스텝 | 배송 47/52 | 재적재  9 | 중계율 0.40 | alpha 0.488 | step_limit
Ep 363 | 드론4 목적지64 | 1000스텝 | 배송 57/64 | 재적재 10 | 중계율 0.32 | alpha 0.475 | step_limit
Ep 364 | 드론3 목적지64 | 1000스텝 | 배송 56/64 | 재적재 10 | 중계율 0.27 | alpha 0.459 | step_limit
Ep 365 | 드론4 목적지69 |  986스텝 | 배송 69/69 | 재적재 11 | 중계율 0.28 | alpha 0.451 | complete
Ep 366 | 드론4 목적지61 |  896스텝 | 배송 61/61 | 재적재 11 | 중계율 0.19 | alpha 0.448 | complete
Ep 367 | 드론3 목적지53 |  877스텝 | 배송 53/53 | 재적재  9 | 중계율 0.16 | alpha 0.446 | complete
Ep 368 | 드론4 목적지73 |  946스텝 | 배송 73/73 | 재적재 12 | 중계율 0.17 | alpha 0.444 | complete
Ep 369 | 드론4 목적지30 |  721스텝 | 배송 23/30 | 재적재  2 | 중계율 0.22 | alpha 0.441 | no_progress
Ep 370 | 드론3 목적지71 | 1000스텝 | 배송 68/71 | 재적재 12 | 중계율 0.18 | alpha 0.434 | step_limit
Ep 371 | 드론3 목적지54 | 1000스텝 | 배송 45/54 | 재적재  8 | 중계율 0.27 | alpha 0.424 | step_limit
Ep 372 | 드론4 목적지80 |  990스텝 | 배송 80/80 | 재적재 14 | 중계율 0.21 | alpha 0.416 | complete
Ep 373 | 드론3 목적지41 |  720스텝 | 배송 41/41 | 재적재  7 | 중계율 0.22 | alpha 0.408 | complete
Ep 374 | 드론3 목적지67 | 1000스텝 | 배송 61/67 | 재적재 11 | 중계율 0.20 | alpha 0.399 | step_limit
Ep 375 | 드론3 목적지62 | 1000스텝 | 배송 46/62 | 재적재  7 | 중계율 0.30 | alpha 0.388 | step_limit
Ep 376 | 드론4 목적지72 | 1000스텝 | 배송 69/72 | 재적재 13 | 중계율 0.20 | alpha 0.382 | step_limit
Ep 377 | 드론4 목적지63 | 1000스텝 | 배송 57/63 | 재적재 11 | 중계율 0.33 | alpha 0.373 | step_limit
Ep 378 | 드론4 목적지74 |  917스텝 | 배송 74/74 | 재적재 14 | 중계율 0.19 | alpha 0.368 | complete
Ep 379 | 드론3 목적지77 | 1000스텝 | 배송 65/77 | 재적재 12 | 중계율 0.22 | alpha 0.361 | step_limit
Ep 380 | 드론3 목적지73 | 1000스텝 | 배송 60/73 | 재적재 11 | 중계율 0.16 | alpha 0.354 | step_limit
Ep 381 | 드론4 목적지20 |  296스텝 | 배송 20/20 | 재적재  3 | 중계율 0.15 | alpha 0.351 | complete
Ep 382 | 드론3 목적지75 | 1000스텝 | 배송 65/75 | 재적재 11 | 중계율 0.25 | alpha 0.341 | step_limit
Ep 383 | 드론3 목적지52 |  991스텝 | 배송 52/52 | 재적재  8 | 중계율 0.29 | alpha 0.335 | complete
Ep 384 | 드론3 목적지77 | 1000스텝 | 배송 70/77 | 재적재 13 | 중계율 0.19 | alpha 0.325 | step_limit
Ep 385 | 드론3 목적지62 | 1000스텝 | 배송 48/62 | 재적재  8 | 중계율 0.28 | alpha 0.315 | step_limit
Ep 386 | 드론3 목적지80 | 1000스텝 | 배송 56/80 | 재적재 11 | 중계율 0.26 | alpha 0.304 | step_limit
Ep 387 | 드론3 목적지31 |  545스텝 | 배송 31/31 | 재적재  5 | 중계율 0.18 | alpha 0.300 | complete
Ep 388 | 드론3 목적지33 |  804스텝 | 배송 33/33 | 재적재  6 | 중계율 0.29 | alpha 0.293 | complete
Ep 389 | 드론4 목적지72 | 1000스텝 | 배송 60/72 | 재적재 11 | 중계율 0.28 | alpha 0.282 | step_limit
Ep 390 | 드론4 목적지71 |  830스텝 | 배송 71/71 | 재적재 12 | 중계율 0.19 | alpha 0.276 | complete
Ep 391 | 드론4 목적지50 |  578스텝 | 배송 50/50 | 재적재  9 | 중계율 0.21 | alpha 0.275 | complete
Ep 392 | 드론4 목적지71 | 1000스텝 | 배송 67/71 | 재적재 13 | 중계율 0.23 | alpha 0.268 | step_limit
Ep 393 | 드론4 목적지21 |  497스텝 | 배송 21/21 | 재적재  2 | 중계율 0.36 | alpha 0.264 | complete
Ep 394 | 드론4 목적지60 | 1000스텝 | 배송 53/60 | 재적재 10 | 중계율 0.29 | alpha 0.258 | step_limit
Ep 395 | 드론4 목적지55 |  607스텝 | 배송 55/55 | 재적재  9 | 중계율 0.15 | alpha 0.255 | complete
Ep 396 | 드론4 목적지71 |  719스텝 | 배송 71/71 | 재적재 13 | 중계율 0.14 | alpha 0.249 | complete
Ep 397 | 드론3 목적지36 |  700스텝 | 배송 36/36 | 재적재  6 | 중계율 0.27 | alpha 0.243 | complete
Ep 398 | 드론3 목적지52 |  811스텝 | 배송 52/52 | 재적재  9 | 중계율 0.18 | alpha 0.237 | complete
Ep 399 | 드론3 목적지46 |  817스텝 | 배송 46/46 | 재적재  8 | 중계율 0.22 | alpha 0.231 | complete
Ep 400 | 드론3 목적지34 |  728스텝 | 배송 34/34 | 재적재  5 | 중계율 0.32 | alpha 0.224 | complete
  [홀드아웃] 배송 49.8±1.7 완주 0.97 스텝 876 점수 125.8 재적재 7.5 2홉+ 0.61 | 최고 126.6@ep250 정체 3/15
Ep 401 | 드론3 목적지38 |  786스텝 | 배송 38/38 | 재적재  5 | 중계율 0.29 | alpha 0.217 | complete
Ep 402 | 드론4 목적지36 |  789스텝 | 배송 36/36 | 재적재  6 | 중계율 0.32 | alpha 0.213 | complete
Ep 403 | 드론3 목적지73 | 1000스텝 | 배송 68/73 | 재적재 12 | 중계율 0.19 | alpha 0.211 | step_limit
Ep 404 | 드론4 목적지70 | 1000스텝 | 배송 65/70 | 재적재 12 | 중계율 0.30 | alpha 0.209 | step_limit
Ep 405 | 드론3 목적지25 |  957스텝 | 배송 22/25 | 재적재  4 | 중계율 0.39 | alpha 0.206 | no_progress
Ep 406 | 드론4 목적지58 |  825스텝 | 배송 58/58 | 재적재  9 | 중계율 0.31 | alpha 0.207 | complete
Ep 407 | 드론4 목적지70 |  857스텝 | 배송 70/70 | 재적재 13 | 중계율 0.20 | alpha 0.209 | complete
Ep 408 | 드론3 목적지40 |  558스텝 | 배송 40/40 | 재적재  7 | 중계율 0.13 | alpha 0.213 | complete
Ep 409 | 드론3 목적지30 |  882스텝 | 배송 30/30 | 재적재  5 | 중계율 0.26 | alpha 0.215 | complete
Ep 410 | 드론3 목적지63 |  917스텝 | 배송 63/63 | 재적재 11 | 중계율 0.19 | alpha 0.219 | complete
Ep 411 | 드론3 목적지48 | 1000스텝 | 배송 47/48 | 재적재  9 | 중계율 0.25 | alpha 0.224 | step_limit
Ep 412 | 드론4 목적지34 |  566스텝 | 배송 34/34 | 재적재  5 | 중계율 0.27 | alpha 0.227 | complete
Ep 413 | 드론3 목적지22 |  539스텝 | 배송 22/22 | 재적재  3 | 중계율 0.31 | alpha 0.230 | complete
Ep 414 | 드론3 목적지51 | 1000스텝 | 배송 50/51 | 재적재 10 | 중계율 0.29 | alpha 0.237 | step_limit
Ep 415 | 드론4 목적지45 |  975스텝 | 배송 45/45 | 재적재  7 | 중계율 0.29 | alpha 0.242 | complete
Ep 416 | 드론3 목적지60 | 1000스텝 | 배송 56/60 | 재적재  9 | 중계율 0.29 | alpha 0.248 | step_limit
Ep 417 | 드론3 목적지43 |  818스텝 | 배송 43/43 | 재적재  7 | 중계율 0.27 | alpha 0.252 | complete
Ep 418 | 드론4 목적지75 | 1000스텝 | 배송 65/75 | 재적재 11 | 중계율 0.30 | alpha 0.257 | step_limit
Ep 419 | 드론4 목적지60 | 1000스텝 | 배송 57/60 | 재적재 10 | 중계율 0.31 | alpha 0.264 | step_limit
Ep 420 | 드론3 목적지22 |  553스텝 | 배송 22/22 | 재적재  4 | 중계율 0.29 | alpha 0.267 | complete
Ep 421 | 드론4 목적지40 | 1000스텝 | 배송 38/40 | 재적재  6 | 중계율 0.34 | alpha 0.274 | step_limit
Ep 422 | 드론4 목적지52 |  764스텝 | 배송 52/52 | 재적재 10 | 중계율 0.25 | alpha 0.277 | complete
Ep 423 | 드론3 목적지29 |  582스텝 | 배송 29/29 | 재적재  5 | 중계율 0.20 | alpha 0.281 | complete
Ep 424 | 드론3 목적지29 |  710스텝 | 배송 29/29 | 재적재  4 | 중계율 0.21 | alpha 0.286 | complete
Ep 425 | 드론3 목적지80 | 1000스텝 | 배송 69/80 | 재적재 12 | 중계율 0.24 | alpha 0.288 | step_limit
Ep 426 | 드론4 목적지78 |  932스텝 | 배송 78/78 | 재적재 14 | 중계율 0.17 | alpha 0.289 | complete
Ep 427 | 드론3 목적지46 |  931스텝 | 배송 46/46 | 재적재  8 | 중계율 0.25 | alpha 0.287 | complete
Ep 428 | 드론4 목적지72 | 1000스텝 | 배송 71/72 | 재적재 12 | 중계율 0.20 | alpha 0.287 | step_limit
Ep 429 | 드론3 목적지72 | 1000스텝 | 배송 60/72 | 재적재  9 | 중계율 0.28 | alpha 0.289 | step_limit
Ep 430 | 드론3 목적지78 | 1000스텝 | 배송 71/78 | 재적재 12 | 중계율 0.22 | alpha 0.289 | step_limit
Ep 431 | 드론3 목적지23 |  414스텝 | 배송 23/23 | 재적재  3 | 중계율 0.28 | alpha 0.290 | complete
Ep 432 | 드론4 목적지41 |  421스텝 | 배송 41/41 | 재적재  6 | 중계율 0.13 | alpha 0.290 | complete
Ep 433 | 드론3 목적지66 | 1000스텝 | 배송 60/66 | 재적재 11 | 중계율 0.23 | alpha 0.293 | step_limit
Ep 434 | 드론4 목적지62 |  970스텝 | 배송 62/62 | 재적재 12 | 중계율 0.29 | alpha 0.296 | complete
Ep 435 | 드론3 목적지32 |  654스텝 | 배송 32/32 | 재적재  5 | 중계율 0.27 | alpha 0.298 | complete
Ep 436 | 드론4 목적지65 |  724스텝 | 배송 65/65 | 재적재 11 | 중계율 0.17 | alpha 0.298 | complete
Ep 437 | 드론4 목적지61 |  731스텝 | 배송 61/61 | 재적재 11 | 중계율 0.18 | alpha 0.299 | complete
Ep 438 | 드론3 목적지37 |  886스텝 | 배송 37/37 | 재적재  6 | 중계율 0.28 | alpha 0.301 | complete
Ep 439 | 드론4 목적지49 |  734스텝 | 배송 49/49 | 재적재  8 | 중계율 0.32 | alpha 0.303 | complete
Ep 440 | 드론3 목적지42 | 1000스텝 | 배송 41/42 | 재적재  7 | 중계율 0.29 | alpha 0.305 | step_limit
Ep 441 | 드론3 목적지54 | 1000스텝 | 배송 44/54 | 재적재  7 | 중계율 0.25 | alpha 0.306 | step_limit
Ep 442 | 드론4 목적지41 |  585스텝 | 배송 41/41 | 재적재  7 | 중계율 0.21 | alpha 0.309 | complete
Ep 443 | 드론3 목적지61 | 1000스텝 | 배송 55/61 | 재적재  9 | 중계율 0.30 | alpha 0.313 | step_limit
Ep 444 | 드론3 목적지55 |  806스텝 | 배송 55/55 | 재적재  9 | 중계율 0.24 | alpha 0.314 | complete
Ep 445 | 드론3 목적지49 | 1000스텝 | 배송 47/49 | 재적재  8 | 중계율 0.26 | alpha 0.309 | step_limit
Ep 446 | 드론4 목적지72 |  896스텝 | 배송 72/72 | 재적재 13 | 중계율 0.23 | alpha 0.309 | complete
Ep 447 | 드론4 목적지40 |  953스텝 | 배송 40/40 | 재적재  7 | 중계율 0.31 | alpha 0.314 | complete
Ep 448 | 드론3 목적지71 | 1000스텝 | 배송 55/71 | 재적재 10 | 중계율 0.26 | alpha 0.312 | step_limit
Ep 449 | 드론4 목적지26 |  410스텝 | 배송 26/26 | 재적재  3 | 중계율 0.26 | alpha 0.312 | complete
Ep 450 | 드론3 목적지56 | 1000스텝 | 배송 51/56 | 재적재  9 | 중계율 0.27 | alpha 0.309 | step_limit
  [홀드아웃] 배송 49.3±2.8 완주 0.91 스텝 894 점수 119.3 재적재 7.2 2홉+ 0.62 | 최고 126.6@ep250 정체 4/15
Ep 451 | 드론4 목적지51 | 1000스텝 | 배송 46/51 | 재적재  8 | 중계율 0.36 | alpha 0.309 | step_limit
Ep 452 | 드론3 목적지34 |  500스텝 | 배송 34/34 | 재적재  5 | 중계율 0.17 | alpha 0.308 | complete
Ep 453 | 드론4 목적지47 |  622스텝 | 배송 47/47 | 재적재  8 | 중계율 0.23 | alpha 0.308 | complete
Ep 454 | 드론4 목적지70 | 1000스텝 | 배송 63/70 | 재적재 10 | 중계율 0.29 | alpha 0.309 | step_limit
Ep 455 | 드론4 목적지44 |  914스텝 | 배송 44/44 | 재적재  7 | 중계율 0.31 | alpha 0.310 | complete
Ep 456 | 드론4 목적지49 |  621스텝 | 배송 49/49 | 재적재  7 | 중계율 0.21 | alpha 0.312 | complete
Ep 457 | 드론4 목적지56 |  673스텝 | 배송 56/56 | 재적재  9 | 중계율 0.19 | alpha 0.313 | complete
Ep 458 | 드론4 목적지42 |  688스텝 | 배송 42/42 | 재적재  7 | 중계율 0.34 | alpha 0.312 | complete
Ep 459 | 드론3 목적지45 |  774스텝 | 배송 45/45 | 재적재  8 | 중계율 0.16 | alpha 0.313 | complete
Ep 460 | 드론4 목적지73 | 1000스텝 | 배송 71/73 | 재적재 12 | 중계율 0.24 | alpha 0.315 | step_limit
Ep 461 | 드론3 목적지30 |  648스텝 | 배송 30/30 | 재적재  5 | 중계율 0.29 | alpha 0.321 | complete
Ep 462 | 드론3 목적지64 | 1000스텝 | 배송 60/64 | 재적재 11 | 중계율 0.23 | alpha 0.321 | step_limit
Ep 463 | 드론3 목적지63 | 1000스텝 | 배송 54/63 | 재적재 10 | 중계율 0.30 | alpha 0.326 | step_limit
Ep 464 | 드론3 목적지68 | 1000스텝 | 배송 67/68 | 재적재 11 | 중계율 0.21 | alpha 0.332 | step_limit
Ep 465 | 드론4 목적지63 | 1000스텝 | 배송 62/63 | 재적재 10 | 중계율 0.30 | alpha 0.333 | step_limit
Ep 466 | 드론4 목적지65 | 1000스텝 | 배송 61/65 | 재적재 11 | 중계율 0.27 | alpha 0.339 | step_limit
Ep 467 | 드론4 목적지57 |  764스텝 | 배송 57/57 | 재적재  9 | 중계율 0.26 | alpha 0.339 | complete
Ep 468 | 드론3 목적지35 |  548스텝 | 배송 35/35 | 재적재  5 | 중계율 0.23 | alpha 0.342 | complete
Ep 469 | 드론3 목적지46 |  935스텝 | 배송 46/46 | 재적재  8 | 중계율 0.31 | alpha 0.343 | complete
Ep 470 | 드론4 목적지53 |  887스텝 | 배송 53/53 | 재적재  9 | 중계율 0.30 | alpha 0.342 | complete
Ep 471 | 드론4 목적지45 |  639스텝 | 배송 45/45 | 재적재  8 | 중계율 0.24 | alpha 0.340 | complete
Ep 472 | 드론3 목적지53 | 1000스텝 | 배송 45/53 | 재적재  7 | 중계율 0.29 | alpha 0.340 | step_limit
Ep 473 | 드론4 목적지71 |  981스텝 | 배송 71/71 | 재적재 13 | 중계율 0.26 | alpha 0.346 | complete
Ep 474 | 드론4 목적지25 |  453스텝 | 배송 25/25 | 재적재  3 | 중계율 0.27 | alpha 0.351 | complete
Ep 475 | 드론4 목적지40 |  643스텝 | 배송 40/40 | 재적재  6 | 중계율 0.28 | alpha 0.360 | complete
Ep 476 | 드론3 목적지33 |  670스텝 | 배송 33/33 | 재적재  5 | 중계율 0.23 | alpha 0.367 | complete
Ep 477 | 드론3 목적지21 |  642스텝 | 배송 21/21 | 재적재  2 | 중계율 0.24 | alpha 0.369 | complete
Ep 478 | 드론4 목적지22 |  397스텝 | 배송 22/22 | 재적재  3 | 중계율 0.26 | alpha 0.373 | complete
Ep 479 | 드론4 목적지41 |  848스텝 | 배송 41/41 | 재적재  6 | 중계율 0.40 | alpha 0.379 | complete
Ep 480 | 드론3 목적지57 | 1000스텝 | 배송 55/57 | 재적재  9 | 중계율 0.25 | alpha 0.387 | step_limit
Ep 481 | 드론3 목적지66 | 1000스텝 | 배송 54/66 | 재적재  9 | 중계율 0.29 | alpha 0.392 | step_limit
Ep 482 | 드론4 목적지76 | 1000스텝 | 배송 68/76 | 재적재 11 | 중계율 0.21 | alpha 0.398 | step_limit
Ep 483 | 드론3 목적지28 |  756스텝 | 배송 28/28 | 재적재  5 | 중계율 0.29 | alpha 0.402 | complete
Ep 484 | 드론4 목적지35 |  612스텝 | 배송 35/35 | 재적재  5 | 중계율 0.21 | alpha 0.404 | complete
Ep 485 | 드론4 목적지44 |  649스텝 | 배송 44/44 | 재적재  6 | 중계율 0.30 | alpha 0.407 | complete
Ep 486 | 드론4 목적지75 |  733스텝 | 배송 75/75 | 재적재 13 | 중계율 0.13 | alpha 0.413 | complete
Ep 487 | 드론3 목적지75 | 1000스텝 | 배송 66/75 | 재적재 12 | 중계율 0.19 | alpha 0.417 | step_limit
Ep 488 | 드론4 목적지60 |  896스텝 | 배송 60/60 | 재적재 10 | 중계율 0.27 | alpha 0.420 | complete
Ep 489 | 드론3 목적지80 | 1000스텝 | 배송 73/80 | 재적재 13 | 중계율 0.19 | alpha 0.414 | step_limit
Ep 490 | 드론3 목적지30 |  566스텝 | 배송 30/30 | 재적재  5 | 중계율 0.18 | alpha 0.416 | complete
Ep 491 | 드론3 목적지59 | 1000스텝 | 배송 56/59 | 재적재 10 | 중계율 0.25 | alpha 0.419 | step_limit
Ep 492 | 드론3 목적지74 | 1000스텝 | 배송 55/74 | 재적재  9 | 중계율 0.27 | alpha 0.422 | step_limit
Ep 493 | 드론3 목적지47 | 1000스텝 | 배송 46/47 | 재적재  7 | 중계율 0.30 | alpha 0.426 | step_limit
Ep 494 | 드론3 목적지52 |  883스텝 | 배송 52/52 | 재적재 10 | 중계율 0.23 | alpha 0.434 | complete
Ep 495 | 드론3 목적지54 | 1000스텝 | 배송 51/54 | 재적재  9 | 중계율 0.27 | alpha 0.442 | step_limit
Ep 496 | 드론4 목적지56 |  887스텝 | 배송 56/56 | 재적재 10 | 중계율 0.31 | alpha 0.445 | complete
Ep 497 | 드론4 목적지73 | 1000스텝 | 배송 63/73 | 재적재 11 | 중계율 0.32 | alpha 0.449 | step_limit
Ep 498 | 드론3 목적지22 |  495스텝 | 배송 22/22 | 재적재  3 | 중계율 0.25 | alpha 0.454 | complete
Ep 499 | 드론4 목적지55 | 1000스텝 | 배송 51/55 | 재적재  8 | 중계율 0.29 | alpha 0.461 | step_limit
Ep 500 | 드론3 목적지55 |  883스텝 | 배송 55/55 | 재적재 10 | 중계율 0.31 | alpha 0.460 | complete
  [홀드아웃] 배송 49.5±2.4 완주 0.94 스텝 890 점수 121.9 재적재 7.5 2홉+ 0.62 | 최고 126.6@ep250 정체 5/15
Ep 501 | 드론4 목적지25 |  315스텝 | 배송 25/25 | 재적재  3 | 중계율 0.18 | alpha 0.459 | complete
Ep 502 | 드론3 목적지53 | 1000스텝 | 배송 49/53 | 재적재  8 | 중계율 0.36 | alpha 0.462 | step_limit
Ep 503 | 드론4 목적지73 | 1000스텝 | 배송 72/73 | 재적재 13 | 중계율 0.29 | alpha 0.465 | step_limit
Ep 504 | 드론3 목적지60 | 1000스텝 | 배송 56/60 | 재적재  9 | 중계율 0.22 | alpha 0.469 | step_limit
Ep 505 | 드론3 목적지72 | 1000스텝 | 배송 65/72 | 재적재 13 | 중계율 0.22 | alpha 0.467 | step_limit
Ep 506 | 드론3 목적지76 | 1000스텝 | 배송 56/76 | 재적재 10 | 중계율 0.21 | alpha 0.458 | step_limit
Ep 507 | 드론4 목적지79 | 1000스텝 | 배송 74/79 | 재적재 13 | 중계율 0.23 | alpha 0.455 | step_limit
Ep 508 | 드론4 목적지38 |  953스텝 | 배송 38/38 | 재적재  6 | 중계율 0.32 | alpha 0.453 | complete
Ep 509 | 드론3 목적지52 |  858스텝 | 배송 52/52 | 재적재  9 | 중계율 0.22 | alpha 0.448 | complete
Ep 510 | 드론3 목적지42 |  796스텝 | 배송 42/42 | 재적재  7 | 중계율 0.20 | alpha 0.447 | complete
Ep 511 | 드론3 목적지21 |  400스텝 | 배송 21/21 | 재적재  2 | 중계율 0.21 | alpha 0.447 | complete
Ep 512 | 드론3 목적지23 |  565스텝 | 배송 23/23 | 재적재  4 | 중계율 0.31 | alpha 0.448 | complete
Ep 513 | 드론3 목적지66 | 1000스텝 | 배송 61/66 | 재적재 12 | 중계율 0.16 | alpha 0.448 | step_limit
Ep 514 | 드론3 목적지38 |  931스텝 | 배송 38/38 | 재적재  6 | 중계율 0.30 | alpha 0.454 | complete
Ep 515 | 드론4 목적지23 |  408스텝 | 배송 23/23 | 재적재  3 | 중계율 0.35 | alpha 0.455 | complete
Ep 516 | 드론4 목적지34 |  477스텝 | 배송 34/34 | 재적재  5 | 중계율 0.28 | alpha 0.452 | complete
Ep 517 | 드론3 목적지73 | 1000스텝 | 배송 49/73 | 재적재  8 | 중계율 0.28 | alpha 0.456 | step_limit
Ep 518 | 드론4 목적지43 |  526스텝 | 배송 43/43 | 재적재  7 | 중계율 0.22 | alpha 0.453 | complete
Ep 519 | 드론3 목적지65 | 1000스텝 | 배송 61/65 | 재적재 11 | 중계율 0.30 | alpha 0.457 | step_limit
Ep 520 | 드론4 목적지55 |  960스텝 | 배송 55/55 | 재적재 10 | 중계율 0.31 | alpha 0.455 | complete
Ep 521 | 드론3 목적지62 | 1000스텝 | 배송 55/62 | 재적재  9 | 중계율 0.27 | alpha 0.450 | step_limit
Ep 522 | 드론4 목적지37 |  680스텝 | 배송 37/37 | 재적재  7 | 중계율 0.32 | alpha 0.451 | complete
Ep 523 | 드론4 목적지66 |  902스텝 | 배송 66/66 | 재적재 12 | 중계율 0.23 | alpha 0.460 | complete
Ep 524 | 드론3 목적지57 |  998스텝 | 배송 57/57 | 재적재 11 | 중계율 0.22 | alpha 0.469 | complete
Ep 525 | 드론3 목적지39 |  772스텝 | 배송 39/39 | 재적재  7 | 중계율 0.20 | alpha 0.464 | complete
Ep 526 | 드론4 목적지73 |  889스텝 | 배송 73/73 | 재적재 13 | 중계율 0.24 | alpha 0.463 | complete
Ep 527 | 드론4 목적지58 |  786스텝 | 배송 58/58 | 재적재 11 | 중계율 0.26 | alpha 0.465 | complete
Ep 528 | 드론4 목적지46 |  656스텝 | 배송 46/46 | 재적재  7 | 중계율 0.21 | alpha 0.469 | complete
Ep 529 | 드론4 목적지20 |  239스텝 | 배송 20/20 | 재적재  2 | 중계율 0.18 | alpha 0.470 | complete
Ep 530 | 드론4 목적지72 | 1000스텝 | 배송 68/72 | 재적재 12 | 중계율 0.27 | alpha 0.473 | step_limit
Ep 531 | 드론3 목적지21 |  492스텝 | 배송 21/21 | 재적재  3 | 중계율 0.28 | alpha 0.475 | complete
Ep 532 | 드론4 목적지32 |  610스텝 | 배송 32/32 | 재적재  6 | 중계율 0.31 | alpha 0.475 | complete
Ep 533 | 드론3 목적지79 | 1000스텝 | 배송 61/79 | 재적재 12 | 중계율 0.27 | alpha 0.472 | step_limit
Ep 534 | 드론4 목적지56 |  941스텝 | 배송 56/56 | 재적재  9 | 중계율 0.31 | alpha 0.473 | complete
Ep 535 | 드론3 목적지68 | 1000스텝 | 배송 52/68 | 재적재 10 | 중계율 0.22 | alpha 0.473 | step_limit
Ep 536 | 드론4 목적지57 | 1000스텝 | 배송 55/57 | 재적재  8 | 중계율 0.36 | alpha 0.468 | step_limit
Ep 537 | 드론3 목적지49 |  944스텝 | 배송 49/49 | 재적재  8 | 중계율 0.30 | alpha 0.472 | complete
Ep 538 | 드론3 목적지38 |  713스텝 | 배송 38/38 | 재적재  6 | 중계율 0.34 | alpha 0.473 | complete
Ep 539 | 드론4 목적지79 |  979스텝 | 배송 79/79 | 재적재 14 | 중계율 0.23 | alpha 0.473 | complete
Ep 540 | 드론4 목적지70 | 1000스텝 | 배송 66/70 | 재적재 11 | 중계율 0.22 | alpha 0.474 | step_limit
Ep 541 | 드론4 목적지77 |  918스텝 | 배송 77/77 | 재적재 13 | 중계율 0.18 | alpha 0.475 | complete
Ep 542 | 드론4 목적지53 |  825스텝 | 배송 53/53 | 재적재  8 | 중계율 0.30 | alpha 0.476 | complete
Ep 543 | 드론3 목적지49 | 1000스텝 | 배송 37/49 | 재적재  6 | 중계율 0.17 | alpha 0.477 | step_limit
Ep 544 | 드론4 목적지68 | 1000스텝 | 배송 66/68 | 재적재 12 | 중계율 0.27 | alpha 0.471 | step_limit
Ep 545 | 드론4 목적지56 | 1000스텝 | 배송 54/56 | 재적재  9 | 중계율 0.34 | alpha 0.464 | step_limit
Ep 546 | 드론4 목적지75 | 1000스텝 | 배송 70/75 | 재적재 12 | 중계율 0.19 | alpha 0.466 | step_limit
Ep 547 | 드론3 목적지71 | 1000스텝 | 배송 59/71 | 재적재 10 | 중계율 0.32 | alpha 0.465 | step_limit
Ep 548 | 드론3 목적지80 | 1000스텝 | 배송 71/80 | 재적재 13 | 중계율 0.19 | alpha 0.467 | step_limit
Ep 549 | 드론4 목적지38 |  565스텝 | 배송 38/38 | 재적재  5 | 중계율 0.26 | alpha 0.465 | complete
Ep 550 | 드론4 목적지49 |  587스텝 | 배송 49/49 | 재적재  7 | 중계율 0.21 | alpha 0.464 | complete
  [홀드아웃] 배송 49.9±0.5 완주 0.97 스텝 900 점수 125.5 재적재 7.7 2홉+ 0.62 | 최고 126.6@ep250 정체 6/15
Ep 551 | 드론3 목적지56 |  849스텝 | 배송 56/56 | 재적재 10 | 중계율 0.24 | alpha 0.468 | complete
Ep 552 | 드론4 목적지27 |  675스텝 | 배송 27/27 | 재적재  4 | 중계율 0.32 | alpha 0.467 | complete
Ep 553 | 드론3 목적지46 |  831스텝 | 배송 46/46 | 재적재  8 | 중계율 0.17 | alpha 0.469 | complete
Ep 554 | 드론4 목적지72 |  729스텝 | 배송 72/72 | 재적재 12 | 중계율 0.14 | alpha 0.466 | complete
Ep 555 | 드론3 목적지68 | 1000스텝 | 배송 58/68 | 재적재 11 | 중계율 0.30 | alpha 0.469 | step_limit
Ep 556 | 드론3 목적지30 |  565스텝 | 배송 30/30 | 재적재  4 | 중계율 0.28 | alpha 0.465 | complete
Ep 557 | 드론3 목적지46 |  863스텝 | 배송 46/46 | 재적재  8 | 중계율 0.21 | alpha 0.472 | complete
Ep 558 | 드론4 목적지66 | 1000스텝 | 배송 52/66 | 재적재  8 | 중계율 0.31 | alpha 0.475 | step_limit
Ep 559 | 드론4 목적지78 | 1000스텝 | 배송 73/78 | 재적재 12 | 중계율 0.27 | alpha 0.473 | step_limit
Ep 560 | 드론3 목적지22 |  433스텝 | 배송 22/22 | 재적재  3 | 중계율 0.23 | alpha 0.473 | complete
Ep 561 | 드론3 목적지29 |  383스텝 | 배송 29/29 | 재적재  4 | 중계율 0.19 | alpha 0.472 | complete
Ep 562 | 드론4 목적지71 |  671스텝 | 배송 71/71 | 재적재 13 | 중계율 0.13 | alpha 0.474 | complete
Ep 563 | 드론4 목적지61 | 1000스텝 | 배송 57/61 | 재적재  9 | 중계율 0.32 | alpha 0.473 | step_limit
Ep 564 | 드론4 목적지44 |  552스텝 | 배송 44/44 | 재적재  7 | 중계율 0.20 | alpha 0.478 | complete
Ep 565 | 드론4 목적지21 |  336스텝 | 배송 21/21 | 재적재  2 | 중계율 0.30 | alpha 0.481 | complete
Ep 566 | 드론4 목적지23 |  437스텝 | 배송 23/23 | 재적재  3 | 중계율 0.15 | alpha 0.485 | complete
Ep 567 | 드론4 목적지57 |  762스텝 | 배송 57/57 | 재적재 10 | 중계율 0.18 | alpha 0.487 | complete
Ep 568 | 드론4 목적지23 |  388스텝 | 배송 23/23 | 재적재  3 | 중계율 0.34 | alpha 0.491 | complete
Ep 569 | 드론4 목적지79 | 1000스텝 | 배송 64/79 | 재적재 11 | 중계율 0.27 | alpha 0.495 | step_limit
Ep 570 | 드론4 목적지70 |  951스텝 | 배송 70/70 | 재적재 12 | 중계율 0.23 | alpha 0.495 | complete
Ep 571 | 드론4 목적지78 |  877스텝 | 배송 78/78 | 재적재 14 | 중계율 0.13 | alpha 0.495 | complete
Ep 572 | 드론4 목적지70 |  796스텝 | 배송 70/70 | 재적재 12 | 중계율 0.21 | alpha 0.499 | complete
Ep 573 | 드론3 목적지77 | 1000스텝 | 배송 62/77 | 재적재 11 | 중계율 0.19 | alpha 0.503 | step_limit
Ep 574 | 드론4 목적지34 |  570스텝 | 배송 34/34 | 재적재  5 | 중계율 0.31 | alpha 0.507 | complete
Ep 575 | 드론3 목적지21 |  407스텝 | 배송 21/21 | 재적재  3 | 중계율 0.21 | alpha 0.509 | complete
Ep 576 | 드론3 목적지39 |  666스텝 | 배송 39/39 | 재적재  7 | 중계율 0.22 | alpha 0.515 | complete
Ep 577 | 드론4 목적지53 |  785스텝 | 배송 53/53 | 재적재 10 | 중계율 0.27 | alpha 0.517 | complete
Ep 578 | 드론4 목적지29 |  404스텝 | 배송 29/29 | 재적재  4 | 중계율 0.23 | alpha 0.520 | complete
Ep 579 | 드론3 목적지67 | 1000스텝 | 배송 63/67 | 재적재 11 | 중계율 0.25 | alpha 0.521 | step_limit
Ep 580 | 드론4 목적지39 |  763스텝 | 배송 39/39 | 재적재  7 | 중계율 0.34 | alpha 0.525 | complete
Ep 581 | 드론3 목적지25 |  618스텝 | 배송 25/25 | 재적재  4 | 중계율 0.35 | alpha 0.527 | complete
Ep 582 | 드론3 목적지27 |  735스텝 | 배송 27/27 | 재적재  4 | 중계율 0.23 | alpha 0.533 | complete
Ep 583 | 드론3 목적지67 | 1000스텝 | 배송 53/67 | 재적재  9 | 중계율 0.25 | alpha 0.533 | step_limit
Ep 584 | 드론4 목적지70 | 1000스텝 | 배송 69/70 | 재적재 13 | 중계율 0.26 | alpha 0.530 | step_limit
Ep 585 | 드론3 목적지50 |  941스텝 | 배송 50/50 | 재적재  8 | 중계율 0.26 | alpha 0.535 | complete
Ep 586 | 드론3 목적지55 | 1000스텝 | 배송 50/55 | 재적재  9 | 중계율 0.29 | alpha 0.532 | step_limit
Ep 587 | 드론4 목적지46 |  847스텝 | 배송 46/46 | 재적재  8 | 중계율 0.25 | alpha 0.532 | complete
Ep 588 | 드론3 목적지39 |  786스텝 | 배송 39/39 | 재적재  6 | 중계율 0.29 | alpha 0.533 | complete
Ep 589 | 드론4 목적지48 |  793스텝 | 배송 48/48 | 재적재  8 | 중계율 0.29 | alpha 0.535 | complete
Ep 590 | 드론3 목적지55 |  828스텝 | 배송 55/55 | 재적재  9 | 중계율 0.25 | alpha 0.533 | complete
Ep 591 | 드론3 목적지70 | 1000스텝 | 배송 60/70 | 재적재 11 | 중계율 0.24 | alpha 0.539 | step_limit
Ep 592 | 드론3 목적지45 |  827스텝 | 배송 45/45 | 재적재  7 | 중계율 0.29 | alpha 0.539 | complete
Ep 593 | 드론3 목적지27 |  585스텝 | 배송 27/27 | 재적재  4 | 중계율 0.21 | alpha 0.536 | complete
Ep 594 | 드론3 목적지77 | 1000스텝 | 배송 53/77 | 재적재 10 | 중계율 0.29 | alpha 0.536 | step_limit
Ep 595 | 드론4 목적지64 | 1000스텝 | 배송 63/64 | 재적재 11 | 중계율 0.32 | alpha 0.539 | step_limit
Ep 596 | 드론3 목적지66 | 1000스텝 | 배송 63/66 | 재적재 11 | 중계율 0.27 | alpha 0.550 | step_limit
Ep 597 | 드론4 목적지31 |  601스텝 | 배송 31/31 | 재적재  3 | 중계율 0.39 | alpha 0.558 | complete
Ep 598 | 드론4 목적지64 | 1000스텝 | 배송 56/64 | 재적재 10 | 중계율 0.25 | alpha 0.567 | step_limit
Ep 599 | 드론3 목적지39 |  935스텝 | 배송 39/39 | 재적재  7 | 중계율 0.35 | alpha 0.569 | complete
Ep 600 | 드론4 목적지80 |  961스텝 | 배송 80/80 | 재적재 14 | 중계율 0.23 | alpha 0.571 | complete
  [홀드아웃] 배송 49.9±0.6 완주 0.97 스텝 887 점수 125.7 재적재 7.6 2홉+ 0.61 | 최고 126.6@ep250 정체 7/15
Ep 601 | 드론3 목적지28 |  547스텝 | 배송 28/28 | 재적재  4 | 중계율 0.26 | alpha 0.580 | complete
Ep 602 | 드론3 목적지78 | 1000스텝 | 배송 70/78 | 재적재 13 | 중계율 0.18 | alpha 0.581 | step_limit
Ep 603 | 드론3 목적지64 | 1000스텝 | 배송 59/64 | 재적재 11 | 중계율 0.26 | alpha 0.581 | step_limit
Ep 604 | 드론4 목적지68 |  957스텝 | 배송 68/68 | 재적재 12 | 중계율 0.21 | alpha 0.589 | complete
Ep 605 | 드론4 목적지55 | 1000스텝 | 배송 51/55 | 재적재 10 | 중계율 0.37 | alpha 0.585 | step_limit
Ep 606 | 드론4 목적지69 |  983스텝 | 배송 69/69 | 재적재 13 | 중계율 0.21 | alpha 0.587 | complete
Ep 607 | 드론3 목적지31 |  790스텝 | 배송 31/31 | 재적재  5 | 중계율 0.28 | alpha 0.587 | complete
Ep 608 | 드론3 목적지59 | 1000스텝 | 배송 58/59 | 재적재 11 | 중계율 0.26 | alpha 0.582 | step_limit
Ep 609 | 드론4 목적지56 | 1000스텝 | 배송 50/56 | 재적재  8 | 중계율 0.29 | alpha 0.575 | step_limit
Ep 610 | 드론3 목적지59 | 1000스텝 | 배송 50/59 | 재적재  9 | 중계율 0.30 | alpha 0.570 | step_limit
Ep 611 | 드론3 목적지21 |  584스텝 | 배송 21/21 | 재적재  3 | 중계율 0.28 | alpha 0.575 | complete
Ep 612 | 드론3 목적지27 |  743스텝 | 배송 27/27 | 재적재  5 | 중계율 0.26 | alpha 0.582 | complete
Ep 613 | 드론3 목적지80 | 1000스텝 | 배송 65/80 | 재적재 11 | 중계율 0.23 | alpha 0.589 | step_limit
Ep 614 | 드론3 목적지54 |  993스텝 | 배송 54/54 | 재적재  8 | 중계율 0.30 | alpha 0.594 | complete
Ep 615 | 드론3 목적지56 |  967스텝 | 배송 56/56 | 재적재 10 | 중계율 0.20 | alpha 0.604 | complete
Ep 616 | 드론4 목적지71 | 1000스텝 | 배송 57/71 | 재적재  9 | 중계율 0.34 | alpha 0.622 | step_limit
Ep 617 | 드론3 목적지67 | 1000스텝 | 배송 60/67 | 재적재 11 | 중계율 0.25 | alpha 0.631 | step_limit
Ep 618 | 드론3 목적지52 | 1000스텝 | 배송 51/52 | 재적재  9 | 중계율 0.29 | alpha 0.632 | step_limit
Ep 619 | 드론4 목적지54 |  606스텝 | 배송 54/54 | 재적재  9 | 중계율 0.17 | alpha 0.635 | complete
Ep 620 | 드론4 목적지66 |  964스텝 | 배송 66/66 | 재적재 11 | 중계율 0.25 | alpha 0.629 | complete
Ep 621 | 드론3 목적지46 |  985스텝 | 배송 46/46 | 재적재  8 | 중계율 0.22 | alpha 0.627 | complete
Ep 622 | 드론3 목적지28 |  641스텝 | 배송 28/28 | 재적재  4 | 중계율 0.33 | alpha 0.627 | complete
Ep 623 | 드론4 목적지44 |  651스텝 | 배송 44/44 | 재적재  8 | 중계율 0.23 | alpha 0.631 | complete
Ep 624 | 드론3 목적지42 |  781스텝 | 배송 42/42 | 재적재  7 | 중계율 0.17 | alpha 0.625 | complete
Ep 625 | 드론3 목적지37 |  787스텝 | 배송 37/37 | 재적재  6 | 중계율 0.19 | alpha 0.626 | complete
Ep 626 | 드론3 목적지68 | 1000스텝 | 배송 55/68 | 재적재 10 | 중계율 0.23 | alpha 0.623 | step_limit
Ep 627 | 드론4 목적지27 |  452스텝 | 배송 27/27 | 재적재  4 | 중계율 0.24 | alpha 0.617 | complete
Ep 628 | 드론4 목적지38 |  397스텝 | 배송 38/38 | 재적재  5 | 중계율 0.13 | alpha 0.616 | complete
Ep 629 | 드론4 목적지57 |  617스텝 | 배송 57/57 | 재적재  9 | 중계율 0.19 | alpha 0.613 | complete
Ep 630 | 드론3 목적지73 | 1000스텝 | 배송 61/73 | 재적재 11 | 중계율 0.22 | alpha 0.609 | step_limit
Ep 631 | 드론3 목적지58 | 1000스텝 | 배송 55/58 | 재적재  9 | 중계율 0.29 | alpha 0.604 | step_limit
Ep 632 | 드론4 목적지36 |  717스텝 | 배송 36/36 | 재적재  6 | 중계율 0.17 | alpha 0.598 | complete
Ep 633 | 드론3 목적지46 |  833스텝 | 배송 46/46 | 재적재  8 | 중계율 0.29 | alpha 0.588 | complete
Ep 634 | 드론3 목적지25 |  395스텝 | 배송 25/25 | 재적재  3 | 중계율 0.16 | alpha 0.586 | complete
Ep 635 | 드론3 목적지39 |  771스텝 | 배송 39/39 | 재적재  7 | 중계율 0.27 | alpha 0.591 | complete
Ep 636 | 드론4 목적지28 |  361스텝 | 배송 28/28 | 재적재  3 | 중계율 0.20 | alpha 0.589 | complete
Ep 637 | 드론4 목적지39 |  540스텝 | 배송 39/39 | 재적재  6 | 중계율 0.18 | alpha 0.591 | complete
Ep 638 | 드론3 목적지46 | 1000스텝 | 배송 45/46 | 재적재  8 | 중계율 0.34 | alpha 0.581 | step_limit
Ep 639 | 드론4 목적지21 |  414스텝 | 배송 21/21 | 재적재  2 | 중계율 0.40 | alpha 0.581 | complete
Ep 640 | 드론3 목적지55 | 1000스텝 | 배송 51/55 | 재적재  9 | 중계율 0.38 | alpha 0.577 | step_limit
Ep 641 | 드론3 목적지74 | 1000스텝 | 배송 62/74 | 재적재 12 | 중계율 0.26 | alpha 0.572 | step_limit
Ep 642 | 드론3 목적지24 |  757스텝 | 배송 20/24 | 재적재  3 | 중계율 0.27 | alpha 0.568 | no_progress
Ep 643 | 드론4 목적지57 | 1000스텝 | 배송 55/57 | 재적재 10 | 중계율 0.29 | alpha 0.570 | step_limit
Ep 644 | 드론3 목적지45 |  872스텝 | 배송 45/45 | 재적재  7 | 중계율 0.31 | alpha 0.567 | complete
Ep 645 | 드론3 목적지48 |  810스텝 | 배송 48/48 | 재적재  8 | 중계율 0.22 | alpha 0.558 | complete
Ep 646 | 드론3 목적지25 |  535스텝 | 배송 25/25 | 재적재  3 | 중계율 0.36 | alpha 0.555 | complete
Ep 647 | 드론3 목적지26 |  874스텝 | 배송 25/26 | 재적재  3 | 중계율 0.30 | alpha 0.554 | no_progress
Ep 648 | 드론3 목적지48 |  886스텝 | 배송 48/48 | 재적재  9 | 중계율 0.23 | alpha 0.555 | complete
Ep 649 | 드론4 목적지69 |  864스텝 | 배송 69/69 | 재적재 12 | 중계율 0.24 | alpha 0.557 | complete
Ep 650 | 드론3 목적지64 | 1000스텝 | 배송 63/64 | 재적재 11 | 중계율 0.28 | alpha 0.557 | step_limit
  [홀드아웃] 배송 49.7±2.2 완주 0.97 스텝 898 점수 125.5 재적재 7.8 2홉+ 0.61 | 최고 126.6@ep250 정체 8/15
Ep 651 | 드론4 목적지77 | 1000스텝 | 배송 68/77 | 재적재 12 | 중계율 0.30 | alpha 0.555 | step_limit
Ep 652 | 드론3 목적지32 |  770스텝 | 배송 32/32 | 재적재  6 | 중계율 0.32 | alpha 0.557 | complete
Ep 653 | 드론3 목적지77 | 1000스텝 | 배송 70/77 | 재적재 13 | 중계율 0.24 | alpha 0.550 | step_limit
Ep 654 | 드론4 목적지21 |  422스텝 | 배송 21/21 | 재적재  3 | 중계율 0.33 | alpha 0.551 | complete
Ep 655 | 드론3 목적지28 |  527스텝 | 배송 28/28 | 재적재  3 | 중계율 0.24 | alpha 0.551 | complete
Ep 656 | 드론3 목적지50 |  905스텝 | 배송 50/50 | 재적재  8 | 중계율 0.30 | alpha 0.553 | complete
Ep 657 | 드론4 목적지62 |  709스텝 | 배송 62/62 | 재적재 11 | 중계율 0.17 | alpha 0.547 | complete
Ep 658 | 드론3 목적지50 | 1000스텝 | 배송 48/50 | 재적재  9 | 중계율 0.31 | alpha 0.546 | step_limit
Ep 659 | 드론4 목적지39 |  467스텝 | 배송 39/39 | 재적재  6 | 중계율 0.16 | alpha 0.545 | complete
Ep 660 | 드론4 목적지65 |  796스텝 | 배송 65/65 | 재적재 12 | 중계율 0.19 | alpha 0.550 | complete
Ep 661 | 드론4 목적지20 |  289스텝 | 배송 20/20 | 재적재  2 | 중계율 0.16 | alpha 0.551 | complete
Ep 662 | 드론4 목적지46 |  706스텝 | 배송 46/46 | 재적재  7 | 중계율 0.28 | alpha 0.557 | complete
Ep 663 | 드론3 목적지78 | 1000스텝 | 배송 67/78 | 재적재 13 | 중계율 0.17 | alpha 0.567 | step_limit
Ep 664 | 드론3 목적지28 |  752스텝 | 배송 28/28 | 재적재  5 | 중계율 0.29 | alpha 0.568 | complete
Ep 665 | 드론3 목적지25 |  739스텝 | 배송 25/25 | 재적재  3 | 중계율 0.36 | alpha 0.561 | complete
Ep 666 | 드론4 목적지74 |  942스텝 | 배송 74/74 | 재적재 13 | 중계율 0.23 | alpha 0.560 | complete
Ep 667 | 드론3 목적지50 | 1000스텝 | 배송 45/50 | 재적재  8 | 중계율 0.29 | alpha 0.558 | step_limit
Ep 668 | 드론4 목적지80 | 1000스텝 | 배송 76/80 | 재적재 13 | 중계율 0.23 | alpha 0.557 | step_limit
Ep 669 | 드론4 목적지53 |  639스텝 | 배송 53/53 | 재적재  9 | 중계율 0.23 | alpha 0.557 | complete
Ep 670 | 드론3 목적지68 | 1000스텝 | 배송 56/68 | 재적재 11 | 중계율 0.27 | alpha 0.554 | step_limit
Ep 671 | 드론3 목적지60 | 1000스텝 | 배송 50/60 | 재적재  8 | 중계율 0.31 | alpha 0.556 | step_limit
Ep 672 | 드론3 목적지50 |  952스텝 | 배송 50/50 | 재적재  9 | 중계율 0.24 | alpha 0.557 | complete
Ep 673 | 드론4 목적지54 |  983스텝 | 배송 54/54 | 재적재 10 | 중계율 0.32 | alpha 0.550 | complete
Ep 674 | 드론4 목적지73 | 1000스텝 | 배송 72/73 | 재적재 12 | 중계율 0.25 | alpha 0.552 | step_limit
Ep 675 | 드론3 목적지74 | 1000스텝 | 배송 70/74 | 재적재 12 | 중계율 0.17 | alpha 0.548 | step_limit
Ep 676 | 드론3 목적지46 |  954스텝 | 배송 46/46 | 재적재  8 | 중계율 0.31 | alpha 0.540 | complete
Ep 677 | 드론3 목적지79 | 1000스텝 | 배송 66/79 | 재적재 12 | 중계율 0.24 | alpha 0.540 | step_limit
Ep 678 | 드론4 목적지41 |  684스텝 | 배송 41/41 | 재적재  6 | 중계율 0.34 | alpha 0.546 | complete
Ep 679 | 드론4 목적지58 |  894스텝 | 배송 58/58 | 재적재 10 | 중계율 0.33 | alpha 0.552 | complete
Ep 680 | 드론3 목적지31 |  488스텝 | 배송 31/31 | 재적재  5 | 중계율 0.17 | alpha 0.559 | complete
Ep 681 | 드론4 목적지65 |  890스텝 | 배송 65/65 | 재적재 10 | 중계율 0.30 | alpha 0.562 | complete
Ep 682 | 드론3 목적지72 | 1000스텝 | 배송 53/72 | 재적재 10 | 중계율 0.25 | alpha 0.570 | step_limit
Ep 683 | 드론4 목적지52 |  841스텝 | 배송 52/52 | 재적재  7 | 중계율 0.36 | alpha 0.569 | complete
Ep 684 | 드론3 목적지40 |  874스텝 | 배송 40/40 | 재적재  6 | 중계율 0.36 | alpha 0.571 | complete
Ep 685 | 드론3 목적지74 | 1000스텝 | 배송 66/74 | 재적재 11 | 중계율 0.26 | alpha 0.570 | step_limit
Ep 686 | 드론4 목적지58 |  690스텝 | 배송 58/58 | 재적재 11 | 중계율 0.23 | alpha 0.573 | complete
Ep 687 | 드론3 목적지46 |  989스텝 | 배송 46/46 | 재적재  8 | 중계율 0.35 | alpha 0.575 | complete
Ep 688 | 드론4 목적지33 |  415스텝 | 배송 33/33 | 재적재  4 | 중계율 0.18 | alpha 0.574 | complete
Ep 689 | 드론4 목적지80 | 1000스텝 | 배송 77/80 | 재적재 13 | 중계율 0.28 | alpha 0.577 | step_limit
Ep 690 | 드론3 목적지26 |  528스텝 | 배송 26/26 | 재적재  3 | 중계율 0.22 | alpha 0.584 | complete
Ep 691 | 드론3 목적지40 |  830스텝 | 배송 40/40 | 재적재  7 | 중계율 0.22 | alpha 0.584 | complete
Ep 692 | 드론3 목적지49 |  869스텝 | 배송 49/49 | 재적재  8 | 중계율 0.23 | alpha 0.581 | complete
Ep 693 | 드론4 목적지56 |  803스텝 | 배송 56/56 | 재적재 10 | 중계율 0.27 | alpha 0.584 | complete
Ep 694 | 드론3 목적지69 | 1000스텝 | 배송 67/69 | 재적재 12 | 중계율 0.19 | alpha 0.586 | step_limit
Ep 695 | 드론4 목적지32 |  612스텝 | 배송 32/32 | 재적재  5 | 중계율 0.28 | alpha 0.594 | complete
Ep 696 | 드론3 목적지48 |  943스텝 | 배송 48/48 | 재적재  9 | 중계율 0.25 | alpha 0.594 | complete
Ep 697 | 드론3 목적지58 |  938스텝 | 배송 58/58 | 재적재 10 | 중계율 0.23 | alpha 0.600 | complete
Ep 698 | 드론4 목적지65 | 1000스텝 | 배송 59/65 | 재적재 10 | 중계율 0.29 | alpha 0.593 | step_limit
Ep 699 | 드론4 목적지44 |  921스텝 | 배송 44/44 | 재적재  8 | 중계율 0.38 | alpha 0.591 | complete
Ep 700 | 드론4 목적지40 |  687스텝 | 배송 40/40 | 재적재  6 | 중계율 0.36 | alpha 0.587 | complete
  [홀드아웃] 배송 50.0±0.0 완주 1.00 스텝 887 점수 128.2 재적재 8.0 2홉+ 0.61 | 최고 128.2@ep700 정체 0/15  ← 갱신
Ep 701 | 드론4 목적지26 |  525스텝 | 배송 26/26 | 재적재  4 | 중계율 0.37 | alpha 0.585 | complete
Ep 702 | 드론3 목적지66 |  930스텝 | 배송 66/66 | 재적재 12 | 중계율 0.18 | alpha 0.583 | complete
Ep 703 | 드론3 목적지25 |  553스텝 | 배송 25/25 | 재적재  3 | 중계율 0.32 | alpha 0.585 | complete
Ep 704 | 드론4 목적지35 |  466스텝 | 배송 35/35 | 재적재  5 | 중계율 0.24 | alpha 0.584 | complete
Ep 705 | 드론3 목적지24 |  457스텝 | 배송 24/24 | 재적재  3 | 중계율 0.20 | alpha 0.583 | complete
Ep 706 | 드론3 목적지64 | 1000스텝 | 배송 63/64 | 재적재 12 | 중계율 0.22 | alpha 0.584 | step_limit
Ep 707 | 드론3 목적지24 |  621스텝 | 배송 24/24 | 재적재  4 | 중계율 0.26 | alpha 0.588 | complete
Ep 708 | 드론4 목적지68 |  699스텝 | 배송 68/68 | 재적재 12 | 중계율 0.19 | alpha 0.581 | complete
Ep 709 | 드론3 목적지57 | 1000스텝 | 배송 52/57 | 재적재  9 | 중계율 0.29 | alpha 0.577 | step_limit
Ep 710 | 드론4 목적지78 |  975스텝 | 배송 78/78 | 재적재 14 | 중계율 0.22 | alpha 0.571 | complete
Ep 711 | 드론4 목적지34 |  723스텝 | 배송 34/34 | 재적재  5 | 중계율 0.34 | alpha 0.565 | complete
Ep 712 | 드론3 목적지21 |  410스텝 | 배송 21/21 | 재적재  4 | 중계율 0.18 | alpha 0.565 | complete
Ep 713 | 드론3 목적지63 | 1000스텝 | 배송 56/63 | 재적재 10 | 중계율 0.30 | alpha 0.565 | step_limit
Ep 714 | 드론3 목적지64 | 1000스텝 | 배송 62/64 | 재적재 12 | 중계율 0.20 | alpha 0.568 | step_limit
Ep 715 | 드론4 목적지43 |  454스텝 | 배송 43/43 | 재적재  6 | 중계율 0.17 | alpha 0.567 | complete
Ep 716 | 드론3 목적지39 |  866스텝 | 배송 39/39 | 재적재  6 | 중계율 0.30 | alpha 0.564 | complete
Ep 717 | 드론3 목적지67 |  952스텝 | 배송 67/67 | 재적재 12 | 중계율 0.17 | alpha 0.568 | complete
Ep 718 | 드론4 목적지68 | 1000스텝 | 배송 67/68 | 재적재 11 | 중계율 0.28 | alpha 0.570 | step_limit
Ep 719 | 드론4 목적지67 |  900스텝 | 배송 67/67 | 재적재 11 | 중계율 0.26 | alpha 0.569 | complete
Ep 720 | 드론3 목적지49 |  621스텝 | 배송 49/49 | 재적재  8 | 중계율 0.13 | alpha 0.568 | complete
Ep 721 | 드론3 목적지29 |  526스텝 | 배송 29/29 | 재적재  5 | 중계율 0.25 | alpha 0.568 | complete
Ep 722 | 드론4 목적지59 |  969스텝 | 배송 59/59 | 재적재  9 | 중계율 0.28 | alpha 0.573 | complete
Ep 723 | 드론4 목적지70 |  813스텝 | 배송 70/70 | 재적재 12 | 중계율 0.15 | alpha 0.572 | complete
Ep 724 | 드론3 목적지69 | 1000스텝 | 배송 64/69 | 재적재 11 | 중계율 0.21 | alpha 0.571 | step_limit
Ep 725 | 드론3 목적지62 | 1000스텝 | 배송 55/62 | 재적재  9 | 중계율 0.33 | alpha 0.570 | step_limit
Ep 726 | 드론4 목적지56 |  824스텝 | 배송 56/56 | 재적재 10 | 중계율 0.25 | alpha 0.579 | complete
Ep 727 | 드론3 목적지57 |  796스텝 | 배송 57/57 | 재적재 10 | 중계율 0.17 | alpha 0.581 | complete
Ep 728 | 드론4 목적지43 |  949스텝 | 배송 43/43 | 재적재  8 | 중계율 0.41 | alpha 0.586 | complete
Ep 729 | 드론4 목적지77 | 1000스텝 | 배송 75/77 | 재적재 13 | 중계율 0.25 | alpha 0.595 | step_limit
Ep 730 | 드론3 목적지27 |  624스텝 | 배송 27/27 | 재적재  4 | 중계율 0.26 | alpha 0.602 | complete
Ep 731 | 드론3 목적지80 | 1000스텝 | 배송 71/80 | 재적재 14 | 중계율 0.21 | alpha 0.616 | step_limit
Ep 732 | 드론3 목적지80 | 1000스텝 | 배송 69/80 | 재적재 12 | 중계율 0.20 | alpha 0.623 | step_limit
Ep 733 | 드론4 목적지64 |  979스텝 | 배송 64/64 | 재적재 11 | 중계율 0.24 | alpha 0.619 | complete
Ep 734 | 드론3 목적지38 |  548스텝 | 배송 38/38 | 재적재  7 | 중계율 0.13 | alpha 0.619 | complete
Ep 735 | 드론4 목적지63 |  947스텝 | 배송 63/63 | 재적재 12 | 중계율 0.23 | alpha 0.608 | complete
Ep 736 | 드론3 목적지52 | 1000스텝 | 배송 50/52 | 재적재  9 | 중계율 0.21 | alpha 0.609 | step_limit
Ep 737 | 드론3 목적지41 |  619스텝 | 배송 41/41 | 재적재  7 | 중계율 0.21 | alpha 0.613 | complete
Ep 738 | 드론4 목적지49 |  622스텝 | 배송 49/49 | 재적재  7 | 중계율 0.20 | alpha 0.605 | complete
Ep 739 | 드론3 목적지27 |  674스텝 | 배송 27/27 | 재적재  5 | 중계율 0.28 | alpha 0.609 | complete
Ep 740 | 드론3 목적지32 |  804스텝 | 배송 32/32 | 재적재  5 | 중계율 0.34 | alpha 0.604 | complete
Ep 741 | 드론3 목적지25 |  448스텝 | 배송 25/25 | 재적재  3 | 중계율 0.23 | alpha 0.597 | complete
Ep 742 | 드론3 목적지48 |  898스텝 | 배송 48/48 | 재적재  9 | 중계율 0.27 | alpha 0.585 | complete
Ep 743 | 드론4 목적지54 |  656스텝 | 배송 54/54 | 재적재 10 | 중계율 0.17 | alpha 0.577 | complete
Ep 744 | 드론4 목적지24 |  369스텝 | 배송 24/24 | 재적재  2 | 중계율 0.23 | alpha 0.577 | complete
Ep 745 | 드론4 목적지37 |  424스텝 | 배송 37/37 | 재적재  7 | 중계율 0.20 | alpha 0.578 | complete
Ep 746 | 드론3 목적지50 | 1000스텝 | 배송 46/50 | 재적재  9 | 중계율 0.35 | alpha 0.589 | step_limit
Ep 747 | 드론3 목적지78 | 1000스텝 | 배송 56/78 | 재적재 11 | 중계율 0.23 | alpha 0.593 | step_limit
Ep 748 | 드론3 목적지33 |  905스텝 | 배송 33/33 | 재적재  5 | 중계율 0.29 | alpha 0.588 | complete
Ep 749 | 드론3 목적지20 |  438스텝 | 배송 20/20 | 재적재  2 | 중계율 0.30 | alpha 0.585 | complete
Ep 750 | 드론4 목적지80 |  944스텝 | 배송 80/80 | 재적재 14 | 중계율 0.20 | alpha 0.587 | complete
  [홀드아웃] 배송 50.0±0.3 완주 0.99 스텝 886 점수 126.9 재적재 8.1 2홉+ 0.61 | 최고 128.2@ep700 정체 1/15
Ep 751 | 드론4 목적지29 |  447스텝 | 배송 29/29 | 재적재  4 | 중계율 0.21 | alpha 0.584 | complete
Ep 752 | 드론4 목적지21 |  405스텝 | 배송 21/21 | 재적재  3 | 중계율 0.29 | alpha 0.588 | complete
Ep 753 | 드론4 목적지21 |  345스텝 | 배송 21/21 | 재적재  2 | 중계율 0.21 | alpha 0.592 | complete
Ep 754 | 드론4 목적지39 |  536스텝 | 배송 39/39 | 재적재  6 | 중계율 0.24 | alpha 0.597 | complete
Ep 755 | 드론3 목적지68 | 1000스텝 | 배송 53/68 | 재적재 10 | 중계율 0.25 | alpha 0.609 | step_limit
Ep 756 | 드론3 목적지80 | 1000스텝 | 배송 67/80 | 재적재 12 | 중계율 0.25 | alpha 0.618 | step_limit
Ep 757 | 드론4 목적지62 |  744스텝 | 배송 62/62 | 재적재 11 | 중계율 0.15 | alpha 0.632 | complete
Ep 758 | 드론4 목적지36 |  657스텝 | 배송 36/36 | 재적재  5 | 중계율 0.38 | alpha 0.632 | complete
Ep 759 | 드론4 목적지46 |  949스텝 | 배송 46/46 | 재적재  8 | 중계율 0.39 | alpha 0.639 | complete
Ep 760 | 드론3 목적지23 |  476스텝 | 배송 23/23 | 재적재  3 | 중계율 0.33 | alpha 0.642 | complete
Ep 761 | 드론4 목적지36 |  400스텝 | 배송 36/36 | 재적재  5 | 중계율 0.16 | alpha 0.643 | complete
Ep 762 | 드론3 목적지66 | 1000스텝 | 배송 62/66 | 재적재 11 | 중계율 0.20 | alpha 0.635 | step_limit
Ep 763 | 드론3 목적지24 |  555스텝 | 배송 24/24 | 재적재  3 | 중계율 0.26 | alpha 0.632 | complete
Ep 764 | 드론3 목적지27 |  391스텝 | 배송 27/27 | 재적재  5 | 중계율 0.11 | alpha 0.634 | complete
Ep 765 | 드론4 목적지43 |  548스텝 | 배송 43/43 | 재적재  6 | 중계율 0.21 | alpha 0.647 | complete
Ep 766 | 드론3 목적지25 |  439스텝 | 배송 25/25 | 재적재  3 | 중계율 0.32 | alpha 0.651 | complete
Ep 767 | 드론3 목적지65 | 1000스텝 | 배송 64/65 | 재적재 11 | 중계율 0.28 | alpha 0.649 | step_limit
Ep 768 | 드론3 목적지50 |  736스텝 | 배송 50/50 | 재적재  9 | 중계율 0.15 | alpha 0.639 | complete
Ep 769 | 드론4 목적지40 |  522스텝 | 배송 40/40 | 재적재  6 | 중계율 0.24 | alpha 0.640 | complete
Ep 770 | 드론4 목적지58 |  892스텝 | 배송 58/58 | 재적재 10 | 중계율 0.31 | alpha 0.636 | complete
Ep 771 | 드론3 목적지28 |  721스텝 | 배송 28/28 | 재적재  5 | 중계율 0.35 | alpha 0.637 | complete
Ep 772 | 드론4 목적지53 |  676스텝 | 배송 53/53 | 재적재  9 | 중계율 0.20 | alpha 0.635 | complete
Ep 773 | 드론3 목적지60 | 1000스텝 | 배송 57/60 | 재적재 10 | 중계율 0.26 | alpha 0.633 | step_limit
Ep 774 | 드론3 목적지60 | 1000스텝 | 배송 46/60 | 재적재  7 | 중계율 0.28 | alpha 0.626 | step_limit
Ep 775 | 드론3 목적지62 | 1000스텝 | 배송 60/62 | 재적재 11 | 중계율 0.24 | alpha 0.623 | step_limit
Ep 776 | 드론3 목적지47 |  801스텝 | 배송 47/47 | 재적재  8 | 중계율 0.28 | alpha 0.618 | complete
Ep 777 | 드론3 목적지77 | 1000스텝 | 배송 73/77 | 재적재 13 | 중계율 0.20 | alpha 0.618 | step_limit
Ep 778 | 드론3 목적지29 |  655스텝 | 배송 29/29 | 재적재  4 | 중계율 0.31 | alpha 0.616 | complete
Ep 779 | 드론3 목적지79 | 1000스텝 | 배송 60/79 | 재적재 11 | 중계율 0.26 | alpha 0.617 | step_limit
Ep 780 | 드론4 목적지50 |  839스텝 | 배송 50/50 | 재적재  9 | 중계율 0.28 | alpha 0.607 | complete
Ep 781 | 드론3 목적지53 | 1000스텝 | 배송 48/53 | 재적재  9 | 중계율 0.31 | alpha 0.598 | step_limit
Ep 782 | 드론3 목적지35 |  724스텝 | 배송 35/35 | 재적재  5 | 중계율 0.35 | alpha 0.601 | complete
Ep 783 | 드론4 목적지55 |  662스텝 | 배송 55/55 | 재적재  9 | 중계율 0.21 | alpha 0.602 | complete
Ep 784 | 드론3 목적지53 |  952스텝 | 배송 53/53 | 재적재  9 | 중계율 0.23 | alpha 0.591 | complete
Ep 785 | 드론4 목적지56 | 1000스텝 | 배송 55/56 | 재적재 10 | 중계율 0.35 | alpha 0.592 | step_limit
Ep 786 | 드론3 목적지73 | 1000스텝 | 배송 53/73 | 재적재 10 | 중계율 0.26 | alpha 0.589 | step_limit
Ep 787 | 드론4 목적지70 |  957스텝 | 배송 70/70 | 재적재 13 | 중계율 0.24 | alpha 0.589 | complete
Ep 788 | 드론3 목적지31 |  568스텝 | 배송 31/31 | 재적재  5 | 중계율 0.23 | alpha 0.585 | complete
Ep 789 | 드론3 목적지40 |  687스텝 | 배송 40/40 | 재적재  7 | 중계율 0.28 | alpha 0.584 | complete
Ep 790 | 드론4 목적지29 |  502스텝 | 배송 29/29 | 재적재  3 | 중계율 0.31 | alpha 0.580 | complete
Ep 791 | 드론4 목적지38 |  559스텝 | 배송 38/38 | 재적재  7 | 중계율 0.19 | alpha 0.573 | complete
Ep 792 | 드론4 목적지77 |  914스텝 | 배송 77/77 | 재적재 14 | 중계율 0.22 | alpha 0.572 | complete
Ep 793 | 드론3 목적지71 | 1000스텝 | 배송 65/71 | 재적재 12 | 중계율 0.20 | alpha 0.573 | step_limit
Ep 794 | 드론3 목적지33 |  563스텝 | 배송 33/33 | 재적재  5 | 중계율 0.27 | alpha 0.574 | complete
Ep 795 | 드론3 목적지76 | 1000스텝 | 배송 55/76 | 재적재  9 | 중계율 0.31 | alpha 0.569 | step_limit
Ep 796 | 드론3 목적지65 | 1000스텝 | 배송 54/65 | 재적재  9 | 중계율 0.26 | alpha 0.571 | step_limit
Ep 797 | 드론4 목적지72 |  861스텝 | 배송 72/72 | 재적재 13 | 중계율 0.21 | alpha 0.565 | complete
Ep 798 | 드론4 목적지54 |  985스텝 | 배송 54/54 | 재적재  9 | 중계율 0.37 | alpha 0.560 | complete
Ep 799 | 드론3 목적지35 |  739스텝 | 배송 35/35 | 재적재  6 | 중계율 0.31 | alpha 0.566 | complete
Ep 800 | 드론3 목적지78 | 1000스텝 | 배송 57/78 | 재적재 11 | 중계율 0.27 | alpha 0.567 | step_limit
  [홀드아웃] 배송 49.9±0.8 완주 0.99 스텝 896 점수 126.8 재적재 8.0 2홉+ 0.61 | 최고 128.2@ep700 정체 2/15
Ep 801 | 드론3 목적지21 |  474스텝 | 배송 21/21 | 재적재  3 | 중계율 0.25 | alpha 0.570 | complete
Ep 802 | 드론4 목적지22 |  508스텝 | 배송 22/22 | 재적재  3 | 중계율 0.24 | alpha 0.570 | complete
Ep 803 | 드론4 목적지57 |  703스텝 | 배송 57/57 | 재적재 11 | 중계율 0.22 | alpha 0.570 | complete
Ep 804 | 드론3 목적지60 | 1000스텝 | 배송 56/60 | 재적재 11 | 중계율 0.20 | alpha 0.575 | step_limit
Ep 805 | 드론4 목적지34 |  455스텝 | 배송 34/34 | 재적재  5 | 중계율 0.18 | alpha 0.575 | complete
Ep 806 | 드론3 목적지59 | 1000스텝 | 배송 56/59 | 재적재 10 | 중계율 0.29 | alpha 0.574 | step_limit
Ep 807 | 드론4 목적지22 |  291스텝 | 배송 22/22 | 재적재  4 | 중계율 0.28 | alpha 0.579 | complete
Ep 808 | 드론3 목적지35 |  980스텝 | 배송 35/35 | 재적재  6 | 중계율 0.35 | alpha 0.583 | complete
Ep 809 | 드론3 목적지38 |  850스텝 | 배송 38/38 | 재적재  7 | 중계율 0.31 | alpha 0.586 | complete
Ep 810 | 드론4 목적지47 | 1000스텝 | 배송 46/47 | 재적재  7 | 중계율 0.37 | alpha 0.594 | step_limit
Ep 811 | 드론3 목적지70 | 1000스텝 | 배송 50/70 | 재적재  9 | 중계율 0.30 | alpha 0.604 | step_limit
Ep 812 | 드론3 목적지40 |  825스텝 | 배송 40/40 | 재적재  7 | 중계율 0.26 | alpha 0.615 | complete
Ep 813 | 드론3 목적지55 | 1000스텝 | 배송 48/55 | 재적재  9 | 중계율 0.31 | alpha 0.615 | step_limit
Ep 814 | 드론3 목적지38 |  597스텝 | 배송 38/38 | 재적재  6 | 중계율 0.19 | alpha 0.610 | complete
Ep 815 | 드론3 목적지75 | 1000스텝 | 배송 52/75 | 재적재 10 | 중계율 0.28 | alpha 0.603 | step_limit
Ep 816 | 드론4 목적지57 |  863스텝 | 배송 57/57 | 재적재 10 | 중계율 0.28 | alpha 0.594 | complete
Ep 817 | 드론3 목적지58 | 1000스텝 | 배송 52/58 | 재적재 10 | 중계율 0.32 | alpha 0.583 | step_limit
Ep 818 | 드론4 목적지21 |  478스텝 | 배송 21/21 | 재적재  3 | 중계율 0.41 | alpha 0.579 | complete
Ep 819 | 드론3 목적지70 | 1000스텝 | 배송 61/70 | 재적재 12 | 중계율 0.21 | alpha 0.576 | step_limit
Ep 820 | 드론4 목적지26 |  460스텝 | 배송 26/26 | 재적재  3 | 중계율 0.36 | alpha 0.569 | complete
Ep 821 | 드론4 목적지27 |  576스텝 | 배송 27/27 | 재적재  4 | 중계율 0.28 | alpha 0.568 | complete
Ep 822 | 드론4 목적지61 |  987스텝 | 배송 61/61 | 재적재 11 | 중계율 0.34 | alpha 0.563 | complete
Ep 823 | 드론4 목적지77 | 1000스텝 | 배송 73/77 | 재적재 14 | 중계율 0.28 | alpha 0.575 | step_limit
Ep 824 | 드론3 목적지38 |  788스텝 | 배송 38/38 | 재적재  6 | 중계율 0.18 | alpha 0.572 | complete
Ep 825 | 드론3 목적지63 |  903스텝 | 배송 63/63 | 재적재 11 | 중계율 0.18 | alpha 0.575 | complete
Ep 826 | 드론4 목적지44 |  735스텝 | 배송 44/44 | 재적재  8 | 중계율 0.27 | alpha 0.579 | complete
Ep 827 | 드론4 목적지51 | 1000스텝 | 배송 49/51 | 재적재  8 | 중계율 0.35 | alpha 0.585 | step_limit
Ep 828 | 드론3 목적지41 |  884스텝 | 배송 41/41 | 재적재  6 | 중계율 0.28 | alpha 0.591 | complete
Ep 829 | 드론3 목적지22 |  410스텝 | 배송 22/22 | 재적재  3 | 중계율 0.23 | alpha 0.594 | complete
Ep 830 | 드론3 목적지48 | 1000스텝 | 배송 36/48 | 재적재  6 | 중계율 0.24 | alpha 0.599 | step_limit
Ep 831 | 드론3 목적지61 | 1000스텝 | 배송 46/61 | 재적재  7 | 중계율 0.29 | alpha 0.591 | step_limit
Ep 832 | 드론3 목적지66 | 1000스텝 | 배송 63/66 | 재적재 11 | 중계율 0.20 | alpha 0.591 | step_limit
Ep 833 | 드론3 목적지26 |  386스텝 | 배송 26/26 | 재적재  3 | 중계율 0.21 | alpha 0.593 | complete
Ep 834 | 드론4 목적지25 |  711스텝 | 배송 25/25 | 재적재  4 | 중계율 0.30 | alpha 0.595 | complete
Ep 835 | 드론3 목적지78 | 1000스텝 | 배송 53/78 | 재적재 10 | 중계율 0.21 | alpha 0.594 | step_limit
Ep 836 | 드론4 목적지22 |  398스텝 | 배송 22/22 | 재적재  3 | 중계율 0.39 | alpha 0.591 | complete
Ep 837 | 드론3 목적지74 | 1000스텝 | 배송 58/74 | 재적재 10 | 중계율 0.26 | alpha 0.594 | step_limit
Ep 838 | 드론4 목적지46 |  895스텝 | 배송 46/46 | 재적재  8 | 중계율 0.34 | alpha 0.598 | complete
Ep 839 | 드론3 목적지47 |  890스텝 | 배송 47/47 | 재적재  8 | 중계율 0.28 | alpha 0.598 | complete
Ep 840 | 드론4 목적지31 |  366스텝 | 배송 31/31 | 재적재  4 | 중계율 0.21 | alpha 0.598 | complete
Ep 841 | 드론3 목적지52 | 1000스텝 | 배송 45/52 | 재적재  7 | 중계율 0.26 | alpha 0.598 | step_limit
Ep 842 | 드론3 목적지30 |  388스텝 | 배송 30/30 | 재적재  5 | 중계율 0.18 | alpha 0.602 | complete
Ep 843 | 드론4 목적지75 | 1000스텝 | 배송 69/75 | 재적재 12 | 중계율 0.29 | alpha 0.596 | step_limit
Ep 844 | 드론4 목적지28 |  723스텝 | 배송 28/28 | 재적재  5 | 중계율 0.36 | alpha 0.599 | complete
Ep 845 | 드론3 목적지44 |  813스텝 | 배송 44/44 | 재적재  8 | 중계율 0.21 | alpha 0.603 | complete
Ep 846 | 드론3 목적지31 |  423스텝 | 배송 31/31 | 재적재  5 | 중계율 0.19 | alpha 0.610 | complete
Ep 847 | 드론4 목적지45 |  816스텝 | 배송 45/45 | 재적재  8 | 중계율 0.30 | alpha 0.613 | complete
Ep 848 | 드론3 목적지44 |  775스텝 | 배송 44/44 | 재적재  7 | 중계율 0.29 | alpha 0.613 | complete
Ep 849 | 드론3 목적지49 | 1000스텝 | 배송 45/49 | 재적재  9 | 중계율 0.32 | alpha 0.613 | step_limit
Ep 850 | 드론3 목적지47 | 1000스텝 | 배송 47/47 | 재적재  8 | 중계율 0.29 | alpha 0.605 | complete
  [홀드아웃] 배송 49.8±1.7 완주 0.99 스텝 904 점수 126.7 재적재 7.9 2홉+ 0.61 | 최고 128.2@ep700 정체 3/15
Ep 851 | 드론4 목적지30 |  481스텝 | 배송 30/30 | 재적재  4 | 중계율 0.29 | alpha 0.602 | complete
Ep 852 | 드론4 목적지65 |  982스텝 | 배송 65/65 | 재적재 12 | 중계율 0.30 | alpha 0.586 | complete
Ep 853 | 드론3 목적지45 |  823스텝 | 배송 45/45 | 재적재  7 | 중계율 0.29 | alpha 0.582 | complete
Ep 854 | 드론4 목적지23 |  443스텝 | 배송 23/23 | 재적재  4 | 중계율 0.33 | alpha 0.580 | complete
Ep 855 | 드론4 목적지49 |  649스텝 | 배송 49/49 | 재적재  8 | 중계율 0.27 | alpha 0.571 | complete
Ep 856 | 드론3 목적지28 |  749스텝 | 배송 28/28 | 재적재  4 | 중계율 0.35 | alpha 0.566 | complete
Ep 857 | 드론3 목적지38 |  774스텝 | 배송 38/38 | 재적재  7 | 중계율 0.22 | alpha 0.566 | complete
Ep 858 | 드론4 목적지70 |  949스텝 | 배송 70/70 | 재적재 12 | 중계율 0.24 | alpha 0.564 | complete
Ep 859 | 드론4 목적지27 |  314스텝 | 배송 27/27 | 재적재  4 | 중계율 0.21 | alpha 0.561 | complete
Ep 860 | 드론4 목적지30 |  550스텝 | 배송 30/30 | 재적재  4 | 중계율 0.36 | alpha 0.562 | complete
Ep 861 | 드론3 목적지39 | 1000스텝 | 배송 38/39 | 재적재  7 | 중계율 0.32 | alpha 0.557 | step_limit
Ep 862 | 드론4 목적지50 |  508스텝 | 배송 50/50 | 재적재  8 | 중계율 0.13 | alpha 0.552 | complete
Ep 863 | 드론4 목적지30 |  451스텝 | 배송 30/30 | 재적재  3 | 중계율 0.32 | alpha 0.551 | complete
Ep 864 | 드론4 목적지38 | 1000스텝 | 배송 35/38 | 재적재  6 | 중계율 0.27 | alpha 0.555 | step_limit
Ep 865 | 드론4 목적지56 |  794스텝 | 배송 56/56 | 재적재  9 | 중계율 0.26 | alpha 0.549 | complete
Ep 866 | 드론3 목적지70 | 1000스텝 | 배송 56/70 | 재적재 11 | 중계율 0.27 | alpha 0.550 | step_limit
Ep 867 | 드론3 목적지48 |  938스텝 | 배송 48/48 | 재적재  9 | 중계율 0.29 | alpha 0.550 | complete
Ep 868 | 드론4 목적지37 |  454스텝 | 배송 37/37 | 재적재  6 | 중계율 0.23 | alpha 0.553 | complete
Ep 869 | 드론4 목적지46 |  697스텝 | 배송 46/46 | 재적재  8 | 중계율 0.21 | alpha 0.554 | complete
Ep 870 | 드론3 목적지47 |  749스텝 | 배송 47/47 | 재적재  8 | 중계율 0.19 | alpha 0.556 | complete
Ep 871 | 드론3 목적지44 |  943스텝 | 배송 44/44 | 재적재  8 | 중계율 0.30 | alpha 0.555 | complete
Ep 872 | 드론3 목적지57 |  955스텝 | 배송 57/57 | 재적재 10 | 중계율 0.27 | alpha 0.560 | complete
Ep 873 | 드론4 목적지30 |  731스텝 | 배송 30/30 | 재적재  5 | 중계율 0.37 | alpha 0.558 | complete
Ep 874 | 드론3 목적지20 |  361스텝 | 배송 20/20 | 재적재  3 | 중계율 0.25 | alpha 0.555 | complete
Ep 875 | 드론4 목적지43 |  616스텝 | 배송 43/43 | 재적재  7 | 중계율 0.19 | alpha 0.552 | complete
Ep 876 | 드론4 목적지23 |  503스텝 | 배송 23/23 | 재적재  3 | 중계율 0.37 | alpha 0.550 | complete
Ep 877 | 드론3 목적지65 | 1000스텝 | 배송 55/65 | 재적재 10 | 중계율 0.27 | alpha 0.541 | step_limit
Ep 878 | 드론3 목적지65 | 1000스텝 | 배송 52/65 | 재적재 10 | 중계율 0.26 | alpha 0.532 | step_limit
Ep 879 | 드론4 목적지28 |  447스텝 | 배송 28/28 | 재적재  4 | 중계율 0.19 | alpha 0.530 | complete
Ep 880 | 드론4 목적지41 |  556스텝 | 배송 41/41 | 재적재  7 | 중계율 0.20 | alpha 0.525 | complete
Ep 881 | 드론3 목적지59 | 1000스텝 | 배송 57/59 | 재적재 11 | 중계율 0.20 | alpha 0.514 | step_limit
Ep 882 | 드론3 목적지46 |  860스텝 | 배송 46/46 | 재적재  7 | 중계율 0.28 | alpha 0.504 | complete
Ep 883 | 드론4 목적지67 | 1000스텝 | 배송 63/67 | 재적재 12 | 중계율 0.27 | alpha 0.499 | step_limit
Ep 884 | 드론3 목적지49 | 1000스텝 | 배송 47/49 | 재적재  9 | 중계율 0.26 | alpha 0.497 | step_limit
Ep 885 | 드론3 목적지51 | 1000스텝 | 배송 48/51 | 재적재  8 | 중계율 0.35 | alpha 0.496 | step_limit
Ep 886 | 드론3 목적지36 | 1000스텝 | 배송 35/36 | 재적재  6 | 중계율 0.35 | alpha 0.492 | step_limit
Ep 887 | 드론4 목적지36 |  421스텝 | 배송 36/36 | 재적재  4 | 중계율 0.21 | alpha 0.491 | complete
Ep 888 | 드론3 목적지48 |  774스텝 | 배송 48/48 | 재적재  8 | 중계율 0.27 | alpha 0.493 | complete
Ep 889 | 드론4 목적지22 |  604스텝 | 배송 22/22 | 재적재  3 | 중계율 0.44 | alpha 0.496 | complete
Ep 890 | 드론3 목적지60 | 1000스텝 | 배송 52/60 | 재적재 10 | 중계율 0.35 | alpha 0.505 | step_limit
Ep 891 | 드론4 목적지80 | 1000스텝 | 배송 71/80 | 재적재 11 | 중계율 0.24 | alpha 0.508 | step_limit
Ep 892 | 드론3 목적지73 | 1000스텝 | 배송 65/73 | 재적재 11 | 중계율 0.26 | alpha 0.521 | step_limit
Ep 893 | 드론3 목적지30 |  616스텝 | 배송 30/30 | 재적재  5 | 중계율 0.32 | alpha 0.531 | complete
Ep 894 | 드론3 목적지63 | 1000스텝 | 배송 62/63 | 재적재 11 | 중계율 0.27 | alpha 0.546 | step_limit
Ep 895 | 드론4 목적지28 |  605스텝 | 배송 28/28 | 재적재  4 | 중계율 0.23 | alpha 0.554 | complete
Ep 896 | 드론3 목적지39 |  721스텝 | 배송 39/39 | 재적재  7 | 중계율 0.29 | alpha 0.558 | complete
Ep 897 | 드론4 목적지53 |  971스텝 | 배송 53/53 | 재적재  8 | 중계율 0.33 | alpha 0.565 | complete
Ep 898 | 드론3 목적지66 | 1000스텝 | 배송 55/66 | 재적재 10 | 중계율 0.31 | alpha 0.566 | step_limit
Ep 899 | 드론3 목적지33 |  771스텝 | 배송 33/33 | 재적재  6 | 중계율 0.27 | alpha 0.557 | complete
Ep 900 | 드론4 목적지43 |  627스텝 | 배송 43/43 | 재적재  8 | 중계율 0.25 | alpha 0.551 | complete
  [홀드아웃] 배송 50.0±0.0 완주 1.00 스텝 913 점수 127.8 재적재 8.0 2홉+ 0.61 | 최고 128.2@ep700 정체 4/15
Ep 901 | 드론4 목적지59 |  804스텝 | 배송 59/59 | 재적재 10 | 중계율 0.27 | alpha 0.547 | complete
Ep 902 | 드론3 목적지29 |  669스텝 | 배송 29/29 | 재적재  4 | 중계율 0.32 | alpha 0.558 | complete
Ep 903 | 드론3 목적지75 | 1000스텝 | 배송 69/75 | 재적재 13 | 중계율 0.23 | alpha 0.562 | step_limit
Ep 904 | 드론3 목적지71 | 1000스텝 | 배송 66/71 | 재적재 12 | 중계율 0.24 | alpha 0.564 | step_limit
Ep 905 | 드론4 목적지77 | 1000스텝 | 배송 75/77 | 재적재 13 | 중계율 0.21 | alpha 0.561 | step_limit
Ep 906 | 드론4 목적지73 |  847스텝 | 배송 73/73 | 재적재 13 | 중계율 0.19 | alpha 0.566 | complete
Ep 907 | 드론3 목적지79 | 1000스텝 | 배송 67/79 | 재적재 12 | 중계율 0.21 | alpha 0.572 | step_limit
Ep 908 | 드론4 목적지33 |  617스텝 | 배송 33/33 | 재적재  4 | 중계율 0.31 | alpha 0.580 | complete
Ep 909 | 드론4 목적지29 |  452스텝 | 배송 29/29 | 재적재  3 | 중계율 0.19 | alpha 0.577 | complete
Ep 910 | 드론4 목적지41 |  987스텝 | 배송 41/41 | 재적재  8 | 중계율 0.43 | alpha 0.578 | complete
Ep 911 | 드론4 목적지34 |  598스텝 | 배송 34/34 | 재적재  5 | 중계율 0.21 | alpha 0.586 | complete
Ep 912 | 드론4 목적지42 |  689스텝 | 배송 42/42 | 재적재  6 | 중계율 0.32 | alpha 0.582 | complete
Ep 913 | 드론4 목적지34 |  750스텝 | 배송 34/34 | 재적재  6 | 중계율 0.25 | alpha 0.583 | complete
Ep 914 | 드론3 목적지44 |  808스텝 | 배송 44/44 | 재적재  7 | 중계율 0.25 | alpha 0.583 | complete
Ep 915 | 드론3 목적지67 | 1000스텝 | 배송 56/67 | 재적재  9 | 중계율 0.27 | alpha 0.590 | step_limit
Ep 916 | 드론4 목적지34 |  758스텝 | 배송 34/34 | 재적재  4 | 중계율 0.39 | alpha 0.591 | complete
Ep 917 | 드론4 목적지52 |  665스텝 | 배송 52/52 | 재적재  9 | 중계율 0.15 | alpha 0.597 | complete
Ep 918 | 드론3 목적지45 |  771스텝 | 배송 45/45 | 재적재  8 | 중계율 0.21 | alpha 0.603 | complete
Ep 919 | 드론4 목적지39 |  698스텝 | 배송 39/39 | 재적재  6 | 중계율 0.34 | alpha 0.605 | complete
Ep 920 | 드론4 목적지58 |  867스텝 | 배송 58/58 | 재적재 10 | 중계율 0.20 | alpha 0.616 | complete
Ep 921 | 드론3 목적지40 | 1000스텝 | 배송 38/40 | 재적재  7 | 중계율 0.33 | alpha 0.632 | step_limit
Ep 922 | 드론4 목적지77 |  894스텝 | 배송 77/77 | 재적재 13 | 중계율 0.20 | alpha 0.638 | complete
Ep 923 | 드론4 목적지76 | 1000스텝 | 배송 72/76 | 재적재 12 | 중계율 0.31 | alpha 0.647 | step_limit
Ep 924 | 드론4 목적지72 |  985스텝 | 배송 72/72 | 재적재 12 | 중계율 0.28 | alpha 0.652 | complete
Ep 925 | 드론4 목적지36 |  608스텝 | 배송 36/36 | 재적재  5 | 중계율 0.24 | alpha 0.651 | complete
Ep 926 | 드론4 목적지56 |  734스텝 | 배송 56/56 | 재적재 10 | 중계율 0.29 | alpha 0.653 | complete
Ep 927 | 드론4 목적지21 |  295스텝 | 배송 21/21 | 재적재  3 | 중계율 0.18 | alpha 0.654 | complete
Ep 928 | 드론3 목적지59 | 1000스텝 | 배송 58/59 | 재적재 10 | 중계율 0.25 | alpha 0.658 | step_limit
Ep 929 | 드론4 목적지25 |  595스텝 | 배송 25/25 | 재적재  3 | 중계율 0.35 | alpha 0.658 | complete
Ep 930 | 드론3 목적지28 |  549스텝 | 배송 28/28 | 재적재  5 | 중계율 0.23 | alpha 0.665 | complete
Ep 931 | 드론4 목적지70 | 1000스텝 | 배송 66/70 | 재적재 12 | 중계율 0.27 | alpha 0.673 | step_limit
Ep 932 | 드론3 목적지75 | 1000스텝 | 배송 67/75 | 재적재 12 | 중계율 0.24 | alpha 0.675 | step_limit
Ep 933 | 드론3 목적지31 |  595스텝 | 배송 31/31 | 재적재  5 | 중계율 0.29 | alpha 0.682 | complete
Ep 934 | 드론3 목적지28 |  682스텝 | 배송 28/28 | 재적재  5 | 중계율 0.22 | alpha 0.685 | complete
Ep 935 | 드론3 목적지36 |  581스텝 | 배송 36/36 | 재적재  7 | 중계율 0.19 | alpha 0.687 | complete
Ep 936 | 드론3 목적지20 |  635스텝 | 배송 20/20 | 재적재  3 | 중계율 0.27 | alpha 0.687 | complete
Ep 937 | 드론3 목적지28 |  605스텝 | 배송 28/28 | 재적재  4 | 중계율 0.22 | alpha 0.686 | complete
Ep 938 | 드론4 목적지73 | 1000스텝 | 배송 56/73 | 재적재 10 | 중계율 0.34 | alpha 0.674 | step_limit
Ep 939 | 드론3 목적지75 | 1000스텝 | 배송 58/75 | 재적재 11 | 중계율 0.28 | alpha 0.668 | step_limit
Ep 940 | 드론4 목적지64 |  715스텝 | 배송 64/64 | 재적재 12 | 중계율 0.20 | alpha 0.670 | complete
Ep 941 | 드론3 목적지37 |  779스텝 | 배송 37/37 | 재적재  6 | 중계율 0.21 | alpha 0.669 | complete
Ep 942 | 드론4 목적지57 |  849스텝 | 배송 57/57 | 재적재  9 | 중계율 0.25 | alpha 0.666 | complete
Ep 943 | 드론3 목적지69 | 1000스텝 | 배송 65/69 | 재적재 12 | 중계율 0.24 | alpha 0.663 | step_limit
Ep 944 | 드론4 목적지73 | 1000스텝 | 배송 52/73 | 재적재 10 | 중계율 0.29 | alpha 0.660 | step_limit
Ep 945 | 드론4 목적지49 |  811스텝 | 배송 49/49 | 재적재  9 | 중계율 0.28 | alpha 0.656 | complete
Ep 946 | 드론3 목적지29 |  393스텝 | 배송 29/29 | 재적재  5 | 중계율 0.15 | alpha 0.656 | complete
Ep 947 | 드론3 목적지73 | 1000스텝 | 배송 59/73 | 재적재 10 | 중계율 0.27 | alpha 0.643 | step_limit
Ep 948 | 드론4 목적지57 | 1000스텝 | 배송 53/57 | 재적재  9 | 중계율 0.40 | alpha 0.652 | step_limit
Ep 949 | 드론3 목적지24 |  409스텝 | 배송 24/24 | 재적재  3 | 중계율 0.25 | alpha 0.651 | complete
Ep 950 | 드론3 목적지26 |  474스텝 | 배송 26/26 | 재적재  4 | 중계율 0.21 | alpha 0.654 | complete
  [홀드아웃] 배송 49.7±2.1 완주 0.97 스텝 930 점수 125.1 재적재 8.2 2홉+ 0.61 | 최고 128.2@ep700 정체 5/15
Ep 951 | 드론4 목적지20 |  259스텝 | 배송 20/20 | 재적재  3 | 중계율 0.16 | alpha 0.655 | complete
Ep 952 | 드론4 목적지28 |  596스텝 | 배송 28/28 | 재적재  4 | 중계율 0.29 | alpha 0.657 | complete
Ep 953 | 드론3 목적지42 |  919스텝 | 배송 42/42 | 재적재  7 | 중계율 0.31 | alpha 0.659 | complete
Ep 954 | 드론3 목적지30 |  655스텝 | 배송 30/30 | 재적재  5 | 중계율 0.28 | alpha 0.658 | complete
Ep 955 | 드론4 목적지38 |  493스텝 | 배송 38/38 | 재적재  7 | 중계율 0.20 | alpha 0.660 | complete
Ep 956 | 드론3 목적지33 |  567스텝 | 배송 33/33 | 재적재  5 | 중계율 0.20 | alpha 0.662 | complete
Ep 957 | 드론3 목적지42 | 1000스텝 | 배송 40/42 | 재적재  8 | 중계율 0.35 | alpha 0.669 | step_limit
Ep 958 | 드론4 목적지34 |  510스텝 | 배송 34/34 | 재적재  5 | 중계율 0.20 | alpha 0.673 | complete
Ep 959 | 드론3 목적지80 | 1000스텝 | 배송 66/80 | 재적재 11 | 중계율 0.24 | alpha 0.671 | step_limit
Ep 960 | 드론4 목적지66 |  886스텝 | 배송 66/66 | 재적재 12 | 중계율 0.22 | alpha 0.676 | complete
Ep 961 | 드론3 목적지70 | 1000스텝 | 배송 56/70 | 재적재 10 | 중계율 0.26 | alpha 0.676 | step_limit
Ep 962 | 드론3 목적지47 |  969스텝 | 배송 47/47 | 재적재  8 | 중계율 0.27 | alpha 0.673 | complete
Ep 963 | 드론4 목적지27 |  407스텝 | 배송 27/27 | 재적재  3 | 중계율 0.33 | alpha 0.673 | complete
Ep 964 | 드론4 목적지65 |  766스텝 | 배송 65/65 | 재적재 11 | 중계율 0.22 | alpha 0.685 | complete
Ep 965 | 드론3 목적지22 |  482스텝 | 배송 22/22 | 재적재  3 | 중계율 0.29 | alpha 0.686 | complete
Ep 966 | 드론3 목적지28 |  677스텝 | 배송 28/28 | 재적재  4 | 중계율 0.32 | alpha 0.688 | complete
Ep 967 | 드론4 목적지73 | 1000스텝 | 배송 72/73 | 재적재 13 | 중계율 0.18 | alpha 0.700 | step_limit
Ep 968 | 드론4 목적지62 | 1000스텝 | 배송 60/62 | 재적재 11 | 중계율 0.24 | alpha 0.702 | step_limit
Ep 969 | 드론4 목적지55 |  649스텝 | 배송 55/55 | 재적재  9 | 중계율 0.19 | alpha 0.704 | complete
Ep 970 | 드론4 목적지46 |  597스텝 | 배송 46/46 | 재적재  8 | 중계율 0.19 | alpha 0.694 | complete
Ep 971 | 드론4 목적지34 | 1000스텝 | 배송 33/34 | 재적재  6 | 중계율 0.32 | alpha 0.694 | step_limit
Ep 972 | 드론3 목적지78 | 1000스텝 | 배송 66/78 | 재적재 11 | 중계율 0.22 | alpha 0.685 | step_limit
Ep 973 | 드론3 목적지78 | 1000스텝 | 배송 75/78 | 재적재 14 | 중계율 0.18 | alpha 0.688 | step_limit
Ep 974 | 드론3 목적지60 | 1000스텝 | 배송 54/60 | 재적재 10 | 중계율 0.29 | alpha 0.698 | step_limit
Ep 975 | 드론4 목적지52 |  738스텝 | 배송 52/52 | 재적재  9 | 중계율 0.23 | alpha 0.698 | complete
Ep 976 | 드론4 목적지53 |  687스텝 | 배송 53/53 | 재적재  8 | 중계율 0.26 | alpha 0.700 | complete
Ep 977 | 드론4 목적지30 |  401스텝 | 배송 30/30 | 재적재  4 | 중계율 0.13 | alpha 0.699 | complete
Ep 978 | 드론4 목적지45 |  796스텝 | 배송 45/45 | 재적재  8 | 중계율 0.24 | alpha 0.698 | complete
Ep 979 | 드론4 목적지34 |  738스텝 | 배송 34/34 | 재적재  4 | 중계율 0.34 | alpha 0.698 | complete
Ep 980 | 드론3 목적지55 | 1000스텝 | 배송 54/55 | 재적재 10 | 중계율 0.30 | alpha 0.698 | step_limit
Ep 981 | 드론4 목적지49 | 1000스텝 | 배송 46/49 | 재적재  9 | 중계율 0.38 | alpha 0.699 | step_limit
Ep 982 | 드론3 목적지26 |  498스텝 | 배송 26/26 | 재적재  3 | 중계율 0.23 | alpha 0.702 | complete
Ep 983 | 드론4 목적지39 |  734스텝 | 배송 39/39 | 재적재  6 | 중계율 0.37 | alpha 0.699 | complete
Ep 984 | 드론4 목적지20 |  356스텝 | 배송 20/20 | 재적재  3 | 중계율 0.25 | alpha 0.700 | complete
Ep 985 | 드론4 목적지29 |  512스텝 | 배송 29/29 | 재적재  3 | 중계율 0.31 | alpha 0.703 | complete
Ep 986 | 드론4 목적지59 | 1000스텝 | 배송 56/59 | 재적재 11 | 중계율 0.26 | alpha 0.705 | step_limit
Ep 987 | 드론3 목적지74 | 1000스텝 | 배송 65/74 | 재적재 11 | 중계율 0.23 | alpha 0.710 | step_limit
Ep 988 | 드론4 목적지70 |  966스텝 | 배송 70/70 | 재적재 13 | 중계율 0.24 | alpha 0.715 | complete
Ep 989 | 드론4 목적지34 |  373스텝 | 배송 34/34 | 재적재  4 | 중계율 0.18 | alpha 0.719 | complete
Ep 990 | 드론4 목적지28 |  397스텝 | 배송 28/28 | 재적재  3 | 중계율 0.18 | alpha 0.717 | complete
Ep 991 | 드론4 목적지76 | 1000스텝 | 배송 72/76 | 재적재 14 | 중계율 0.23 | alpha 0.720 | step_limit
Ep 992 | 드론3 목적지40 |  857스텝 | 배송 40/40 | 재적재  7 | 중계율 0.31 | alpha 0.717 | complete
Ep 993 | 드론4 목적지61 |  834스텝 | 배송 61/61 | 재적재 11 | 중계율 0.20 | alpha 0.716 | complete
Ep 994 | 드론3 목적지49 |  946스텝 | 배송 49/49 | 재적재  8 | 중계율 0.34 | alpha 0.731 | complete
Ep 995 | 드론4 목적지33 |  422스텝 | 배송 33/33 | 재적재  4 | 중계율 0.20 | alpha 0.734 | complete
Ep 996 | 드론3 목적지23 |  373스텝 | 배송 23/23 | 재적재  3 | 중계율 0.30 | alpha 0.737 | complete
Ep 997 | 드론4 목적지46 |  732스텝 | 배송 46/46 | 재적재  8 | 중계율 0.31 | alpha 0.747 | complete
Ep 998 | 드론4 목적지53 |  795스텝 | 배송 53/53 | 재적재  8 | 중계율 0.29 | alpha 0.769 | complete
Ep 999 | 드론3 목적지52 | 1000스텝 | 배송 50/52 | 재적재  9 | 중계율 0.23 | alpha 0.768 | step_limit
Ep 1000 | 드론3 목적지78 | 1000스텝 | 배송 55/78 | 재적재 10 | 중계율 0.27 | alpha 0.775 | step_limit
  [홀드아웃] 배송 50.0±0.2 완주 0.99 스텝 901 점수 126.7 재적재 8.1 2홉+ 0.61 | 최고 128.2@ep700 정체 6/15
Ep 1001 | 드론3 목적지65 | 1000스텝 | 배송 54/65 | 재적재  9 | 중계율 0.29 | alpha 0.780 | step_limit
Ep 1002 | 드론3 목적지51 |  800스텝 | 배송 51/51 | 재적재  9 | 중계율 0.16 | alpha 0.789 | complete
Ep 1003 | 드론4 목적지23 |  411스텝 | 배송 23/23 | 재적재  3 | 중계율 0.19 | alpha 0.789 | complete
Ep 1004 | 드론3 목적지73 | 1000스텝 | 배송 64/73 | 재적재 12 | 중계율 0.24 | alpha 0.795 | step_limit
Ep 1005 | 드론3 목적지31 | 1000스텝 | 배송 30/31 | 재적재  5 | 중계율 0.35 | alpha 0.805 | step_limit
Ep 1006 | 드론3 목적지54 | 1000스텝 | 배송 53/54 | 재적재 10 | 중계율 0.30 | alpha 0.815 | step_limit
Ep 1007 | 드론3 목적지61 | 1000스텝 | 배송 60/61 | 재적재 10 | 중계율 0.25 | alpha 0.828 | step_limit
Ep 1008 | 드론3 목적지56 | 1000스텝 | 배송 46/56 | 재적재  7 | 중계율 0.34 | alpha 0.847 | step_limit
Ep 1009 | 드론3 목적지65 | 1000스텝 | 배송 56/65 | 재적재 10 | 중계율 0.31 | alpha 0.842 | step_limit
Ep 1010 | 드론3 목적지64 | 1000스텝 | 배송 60/64 | 재적재 11 | 중계율 0.30 | alpha 0.848 | step_limit
Ep 1011 | 드론3 목적지48 |  810스텝 | 배송 48/48 | 재적재  8 | 중계율 0.25 | alpha 0.849 | complete
Ep 1012 | 드론4 목적지77 |  967스텝 | 배송 77/77 | 재적재 12 | 중계율 0.17 | alpha 0.847 | complete
Ep 1013 | 드론4 목적지30 |  568스텝 | 배송 30/30 | 재적재  5 | 중계율 0.28 | alpha 0.851 | complete
Ep 1014 | 드론4 목적지73 |  825스텝 | 배송 73/73 | 재적재 13 | 중계율 0.14 | alpha 0.830 | complete
Ep 1015 | 드론4 목적지80 | 1000스텝 | 배송 77/80 | 재적재 14 | 중계율 0.19 | alpha 0.821 | step_limit
Ep 1016 | 드론3 목적지35 |  696스텝 | 배송 35/35 | 재적재  6 | 중계율 0.29 | alpha 0.821 | complete
Ep 1017 | 드론3 목적지52 | 1000스텝 | 배송 50/52 | 재적재  9 | 중계율 0.29 | alpha 0.817 | step_limit
Ep 1018 | 드론4 목적지25 |  550스텝 | 배송 25/25 | 재적재  4 | 중계율 0.31 | alpha 0.813 | complete
Ep 1019 | 드론4 목적지59 |  658스텝 | 배송 59/59 | 재적재 10 | 중계율 0.12 | alpha 0.805 | complete
Ep 1020 | 드론3 목적지57 | 1000스텝 | 배송 55/57 | 재적재  9 | 중계율 0.18 | alpha 0.804 | step_limit
Ep 1021 | 드론3 목적지78 | 1000스텝 | 배송 73/78 | 재적재 13 | 중계율 0.20 | alpha 0.792 | step_limit
Ep 1022 | 드론3 목적지68 | 1000스텝 | 배송 58/68 | 재적재  9 | 중계율 0.17 | alpha 0.774 | step_limit
Ep 1023 | 드론3 목적지33 |  854스텝 | 배송 33/33 | 재적재  6 | 중계율 0.31 | alpha 0.769 | complete
Ep 1024 | 드론3 목적지77 | 1000스텝 | 배송 63/77 | 재적재 10 | 중계율 0.25 | alpha 0.754 | step_limit
Ep 1025 | 드론4 목적지23 |  321스텝 | 배송 23/23 | 재적재  4 | 중계율 0.20 | alpha 0.757 | complete
Ep 1026 | 드론4 목적지21 |  264스텝 | 배송 21/21 | 재적재  3 | 중계율 0.17 | alpha 0.758 | complete
Ep 1027 | 드론3 목적지35 |  587스텝 | 배송 35/35 | 재적재  5 | 중계율 0.22 | alpha 0.767 | complete
Ep 1028 | 드론4 목적지41 |  577스텝 | 배송 41/41 | 재적재  6 | 중계율 0.28 | alpha 0.769 | complete
Ep 1029 | 드론4 목적지21 |  300스텝 | 배송 21/21 | 재적재  2 | 중계율 0.19 | alpha 0.772 | complete
Ep 1030 | 드론3 목적지54 | 1000스텝 | 배송 53/54 | 재적재 10 | 중계율 0.28 | alpha 0.774 | step_limit
Ep 1031 | 드론3 목적지72 | 1000스텝 | 배송 60/72 | 재적재 11 | 중계율 0.27 | alpha 0.785 | step_limit
Ep 1032 | 드론4 목적지48 |  724스텝 | 배송 48/48 | 재적재  8 | 중계율 0.32 | alpha 0.794 | complete
Ep 1033 | 드론3 목적지32 |  574스텝 | 배송 32/32 | 재적재  4 | 중계율 0.26 | alpha 0.802 | complete
Ep 1034 | 드론3 목적지21 |  790스텝 | 배송 21/21 | 재적재  3 | 중계율 0.41 | alpha 0.805 | complete
Ep 1035 | 드론3 목적지57 | 1000스텝 | 배송 46/57 | 재적재  9 | 중계율 0.22 | alpha 0.816 | step_limit
Ep 1036 | 드론3 목적지56 | 1000스텝 | 배송 53/56 | 재적재  9 | 중계율 0.25 | alpha 0.819 | step_limit
Ep 1037 | 드론3 목적지53 | 1000스텝 | 배송 41/53 | 재적재  7 | 중계율 0.29 | alpha 0.810 | step_limit
Ep 1038 | 드론4 목적지29 |  376스텝 | 배송 29/29 | 재적재  4 | 중계율 0.21 | alpha 0.811 | complete
Ep 1039 | 드론3 목적지45 |  800스텝 | 배송 45/45 | 재적재  8 | 중계율 0.31 | alpha 0.816 | complete
Ep 1040 | 드론3 목적지23 |  451스텝 | 배송 23/23 | 재적재  3 | 중계율 0.24 | alpha 0.823 | complete
Ep 1041 | 드론4 목적지20 |  280스텝 | 배송 20/20 | 재적재  2 | 중계율 0.25 | alpha 0.827 | complete
Ep 1042 | 드론3 목적지71 | 1000스텝 | 배송 64/71 | 재적재 12 | 중계율 0.27 | alpha 0.840 | step_limit
Ep 1043 | 드론3 목적지36 |  692스텝 | 배송 36/36 | 재적재  7 | 중계율 0.28 | alpha 0.846 | complete
Ep 1044 | 드론3 목적지46 |  818스텝 | 배송 46/46 | 재적재  9 | 중계율 0.26 | alpha 0.840 | complete
Ep 1045 | 드론3 목적지65 | 1000스텝 | 배송 50/65 | 재적재  9 | 중계율 0.28 | alpha 0.834 | step_limit
Ep 1046 | 드론4 목적지53 |  826스텝 | 배송 53/53 | 재적재  9 | 중계율 0.25 | alpha 0.825 | complete
Ep 1047 | 드론4 목적지77 | 1000스텝 | 배송 65/77 | 재적재 12 | 중계율 0.20 | alpha 0.808 | step_limit
Ep 1048 | 드론4 목적지54 |  768스텝 | 배송 54/54 | 재적재  9 | 중계율 0.25 | alpha 0.791 | complete
Ep 1049 | 드론3 목적지75 | 1000스텝 | 배송 71/75 | 재적재 13 | 중계율 0.22 | alpha 0.786 | step_limit
Ep 1050 | 드론4 목적지66 |  639스텝 | 배송 66/66 | 재적재 11 | 중계율 0.19 | alpha 0.782 | complete
  [홀드아웃] 배송 50.0±0.2 완주 0.99 스텝 951 점수 126.1 재적재 8.2 2홉+ 0.60 | 최고 128.2@ep700 정체 7/15
Ep 1051 | 드론3 목적지46 |  841스텝 | 배송 46/46 | 재적재  7 | 중계율 0.26 | alpha 0.777 | complete
Ep 1052 | 드론4 목적지64 |  973스텝 | 배송 64/64 | 재적재 11 | 중계율 0.32 | alpha 0.776 | complete
Ep 1053 | 드론4 목적지77 | 1000스텝 | 배송 70/77 | 재적재 12 | 중계율 0.27 | alpha 0.768 | step_limit
Ep 1054 | 드론3 목적지50 |  971스텝 | 배송 50/50 | 재적재  9 | 중계율 0.29 | alpha 0.763 | complete
Ep 1055 | 드론3 목적지33 |  634스텝 | 배송 33/33 | 재적재  6 | 중계율 0.23 | alpha 0.767 | complete
Ep 1056 | 드론4 목적지55 |  614스텝 | 배송 55/55 | 재적재  9 | 중계율 0.16 | alpha 0.776 | complete
Ep 1057 | 드론4 목적지78 | 1000스텝 | 배송 67/78 | 재적재 13 | 중계율 0.28 | alpha 0.771 | step_limit
Ep 1058 | 드론3 목적지74 | 1000스텝 | 배송 66/74 | 재적재 12 | 중계율 0.18 | alpha 0.767 | step_limit
Ep 1059 | 드론4 목적지76 |  912스텝 | 배송 76/76 | 재적재 14 | 중계율 0.22 | alpha 0.767 | complete
Ep 1060 | 드론3 목적지56 | 1000스텝 | 배송 45/56 | 재적재  7 | 중계율 0.27 | alpha 0.773 | step_limit
Ep 1061 | 드론4 목적지46 |  666스텝 | 배송 46/46 | 재적재  8 | 중계율 0.26 | alpha 0.774 | complete
Ep 1062 | 드론4 목적지55 |  695스텝 | 배송 55/55 | 재적재  9 | 중계율 0.23 | alpha 0.776 | complete
Ep 1063 | 드론4 목적지54 |  959스텝 | 배송 54/54 | 재적재  9 | 중계율 0.26 | alpha 0.772 | complete
Ep 1064 | 드론3 목적지76 | 1000스텝 | 배송 67/76 | 재적재 12 | 중계율 0.25 | alpha 0.767 | step_limit
Ep 1065 | 드론3 목적지23 |  633스텝 | 배송 23/23 | 재적재  3 | 중계율 0.32 | alpha 0.767 | complete
Ep 1066 | 드론3 목적지37 |  749스텝 | 배송 37/37 | 재적재  7 | 중계율 0.26 | alpha 0.767 | complete
Ep 1067 | 드론3 목적지76 | 1000스텝 | 배송 61/76 | 재적재 11 | 중계율 0.22 | alpha 0.763 | step_limit
Ep 1068 | 드론4 목적지77 | 1000스텝 | 배송 70/77 | 재적재 13 | 중계율 0.23 | alpha 0.749 | step_limit
Ep 1069 | 드론4 목적지56 |  984스텝 | 배송 56/56 | 재적재  9 | 중계율 0.27 | alpha 0.750 | complete
Ep 1070 | 드론4 목적지39 |  405스텝 | 배송 39/39 | 재적재  7 | 중계율 0.18 | alpha 0.751 | complete
Ep 1071 | 드론4 목적지26 |  579스텝 | 배송 26/26 | 재적재  4 | 중계율 0.34 | alpha 0.746 | complete
Ep 1072 | 드론4 목적지62 | 1000스텝 | 배송 57/62 | 재적재 10 | 중계율 0.26 | alpha 0.735 | step_limit
Ep 1073 | 드론3 목적지44 | 1000스텝 | 배송 36/44 | 재적재  7 | 중계율 0.27 | alpha 0.726 | step_limit
Ep 1074 | 드론3 목적지71 | 1000스텝 | 배송 65/71 | 재적재 11 | 중계율 0.17 | alpha 0.728 | step_limit
Ep 1075 | 드론4 목적지36 |  644스텝 | 배송 36/36 | 재적재  6 | 중계율 0.36 | alpha 0.732 | complete
Ep 1076 | 드론3 목적지53 |  767스텝 | 배송 53/53 | 재적재 10 | 중계율 0.14 | alpha 0.734 | complete
Ep 1077 | 드론3 목적지47 |  760스텝 | 배송 47/47 | 재적재  8 | 중계율 0.22 | alpha 0.733 | complete
Ep 1078 | 드론4 목적지54 |  659스텝 | 배송 54/54 | 재적재  9 | 중계율 0.18 | alpha 0.721 | complete
Ep 1079 | 드론4 목적지48 |  683스텝 | 배송 48/48 | 재적재  9 | 중계율 0.23 | alpha 0.723 | complete
Ep 1080 | 드론4 목적지54 |  655스텝 | 배송 54/54 | 재적재  9 | 중계율 0.17 | alpha 0.721 | complete
Ep 1081 | 드론4 목적지28 |  504스텝 | 배송 28/28 | 재적재  4 | 중계율 0.29 | alpha 0.723 | complete
Ep 1082 | 드론3 목적지37 |  804스텝 | 배송 37/37 | 재적재  6 | 중계율 0.24 | alpha 0.730 | complete
Ep 1083 | 드론3 목적지25 |  523스텝 | 배송 25/25 | 재적재  4 | 중계율 0.15 | alpha 0.729 | complete
Ep 1084 | 드론4 목적지31 |  382스텝 | 배송 31/31 | 재적재  5 | 중계율 0.14 | alpha 0.733 | complete
Ep 1085 | 드론4 목적지46 |  921스텝 | 배송 46/46 | 재적재  7 | 중계율 0.34 | alpha 0.722 | complete
Ep 1086 | 드론3 목적지30 |  550스텝 | 배송 30/30 | 재적재  5 | 중계율 0.29 | alpha 0.717 | complete
Ep 1087 | 드론4 목적지20 |  371스텝 | 배송 20/20 | 재적재  2 | 중계율 0.30 | alpha 0.717 | complete
Ep 1088 | 드론3 목적지55 | 1000스텝 | 배송 52/55 | 재적재  9 | 중계율 0.30 | alpha 0.723 | step_limit
Ep 1089 | 드론4 목적지45 |  569스텝 | 배송 45/45 | 재적재  7 | 중계율 0.21 | alpha 0.728 | complete
Ep 1090 | 드론4 목적지23 |  372스텝 | 배송 23/23 | 재적재  3 | 중계율 0.17 | alpha 0.730 | complete
Ep 1091 | 드론3 목적지25 |  470스텝 | 배송 25/25 | 재적재  2 | 중계율 0.19 | alpha 0.731 | complete
Ep 1092 | 드론3 목적지46 |  806스텝 | 배송 46/46 | 재적재  8 | 중계율 0.21 | alpha 0.739 | complete
Ep 1093 | 드론4 목적지61 |  779스텝 | 배송 61/61 | 재적재 10 | 중계율 0.24 | alpha 0.739 | complete
Ep 1094 | 드론4 목적지63 |  800스텝 | 배송 63/63 | 재적재 10 | 중계율 0.27 | alpha 0.743 | complete
Ep 1095 | 드론3 목적지27 |  510스텝 | 배송 27/27 | 재적재  4 | 중계율 0.29 | alpha 0.743 | complete
Ep 1096 | 드론3 목적지72 | 1000스텝 | 배송 50/72 | 재적재  9 | 중계율 0.28 | alpha 0.740 | step_limit
Ep 1097 | 드론4 목적지45 |  709스텝 | 배송 45/45 | 재적재  7 | 중계율 0.32 | alpha 0.745 | complete
Ep 1098 | 드론4 목적지30 |  646스텝 | 배송 30/30 | 재적재  4 | 중계율 0.39 | alpha 0.746 | complete
Ep 1099 | 드론4 목적지74 | 1000스텝 | 배송 60/74 | 재적재 11 | 중계율 0.26 | alpha 0.749 | step_limit
Ep 1100 | 드론3 목적지37 |  995스텝 | 배송 37/37 | 재적재  7 | 중계율 0.20 | alpha 0.751 | complete
  [홀드아웃] 배송 49.9±1.2 완주 0.97 스텝 910 점수 125.4 재적재 8.3 2홉+ 0.61 | 최고 128.2@ep700 정체 8/15
Ep 1101 | 드론4 목적지34 | 1000스텝 | 배송 33/34 | 재적재  6 | 중계율 0.33 | alpha 0.754 | step_limit
Ep 1102 | 드론3 목적지40 |  735스텝 | 배송 40/40 | 재적재  7 | 중계율 0.25 | alpha 0.759 | complete
Ep 1103 | 드론4 목적지64 | 1000스텝 | 배송 63/64 | 재적재 12 | 중계율 0.27 | alpha 0.764 | step_limit
Ep 1104 | 드론4 목적지35 |  536스텝 | 배송 35/35 | 재적재  6 | 중계율 0.27 | alpha 0.758 | complete
Ep 1105 | 드론3 목적지57 | 1000스텝 | 배송 53/57 | 재적재 10 | 중계율 0.22 | alpha 0.761 | step_limit
Ep 1106 | 드론4 목적지71 |  743스텝 | 배송 71/71 | 재적재 12 | 중계율 0.14 | alpha 0.759 | complete
Ep 1107 | 드론4 목적지71 | 1000스텝 | 배송 69/71 | 재적재 11 | 중계율 0.31 | alpha 0.761 | step_limit
Ep 1108 | 드론4 목적지48 |  767스텝 | 배송 48/48 | 재적재  8 | 중계율 0.20 | alpha 0.762 | complete
Ep 1109 | 드론3 목적지55 |  806스텝 | 배송 55/55 | 재적재 10 | 중계율 0.18 | alpha 0.759 | complete
Ep 1110 | 드론3 목적지34 |  649스텝 | 배송 34/34 | 재적재  5 | 중계율 0.27 | alpha 0.760 | complete
Ep 1111 | 드론4 목적지61 |  907스텝 | 배송 61/61 | 재적재 11 | 중계율 0.23 | alpha 0.768 | complete
Ep 1112 | 드론4 목적지34 |  690스텝 | 배송 34/34 | 재적재  5 | 중계율 0.31 | alpha 0.771 | complete
Ep 1113 | 드론4 목적지45 |  640스텝 | 배송 45/45 | 재적재  8 | 중계율 0.22 | alpha 0.768 | complete
Ep 1114 | 드론3 목적지76 | 1000스텝 | 배송 66/76 | 재적재 12 | 중계율 0.27 | alpha 0.762 | step_limit
Ep 1115 | 드론3 목적지29 |  512스텝 | 배송 29/29 | 재적재  5 | 중계율 0.24 | alpha 0.762 | complete
Ep 1116 | 드론3 목적지80 | 1000스텝 | 배송 59/80 | 재적재 10 | 중계율 0.20 | alpha 0.754 | step_limit
Ep 1117 | 드론3 목적지48 |  863스텝 | 배송 48/48 | 재적재  8 | 중계율 0.24 | alpha 0.754 | complete
Ep 1118 | 드론4 목적지80 |  893스텝 | 배송 80/80 | 재적재 15 | 중계율 0.18 | alpha 0.739 | complete
Ep 1119 | 드론4 목적지54 |  745스텝 | 배송 54/54 | 재적재  9 | 중계율 0.28 | alpha 0.736 | complete
Ep 1120 | 드론3 목적지57 | 1000스텝 | 배송 49/57 | 재적재  8 | 중계율 0.23 | alpha 0.737 | step_limit
Ep 1121 | 드론4 목적지43 |  723스텝 | 배송 43/43 | 재적재  7 | 중계율 0.30 | alpha 0.733 | complete
Ep 1122 | 드론3 목적지56 |  879스텝 | 배송 56/56 | 재적재 10 | 중계율 0.23 | alpha 0.737 | complete
Ep 1123 | 드론4 목적지57 |  791스텝 | 배송 57/57 | 재적재 11 | 중계율 0.23 | alpha 0.741 | complete
Ep 1124 | 드론4 목적지77 |  968스텝 | 배송 77/77 | 재적재 14 | 중계율 0.20 | alpha 0.725 | complete
Ep 1125 | 드론3 목적지30 |  631스텝 | 배송 30/30 | 재적재  4 | 중계율 0.23 | alpha 0.722 | complete
Ep 1126 | 드론3 목적지48 |  890스텝 | 배송 48/48 | 재적재  9 | 중계율 0.20 | alpha 0.723 | complete
Ep 1127 | 드론4 목적지45 |  801스텝 | 배송 45/45 | 재적재  8 | 중계율 0.19 | alpha 0.726 | complete
Ep 1128 | 드론3 목적지54 | 1000스텝 | 배송 51/54 | 재적재  8 | 중계율 0.32 | alpha 0.729 | step_limit
Ep 1129 | 드론3 목적지52 |  959스텝 | 배송 52/52 | 재적재  8 | 중계율 0.17 | alpha 0.729 | complete
Ep 1130 | 드론3 목적지42 | 1000스텝 | 배송 41/42 | 재적재  7 | 중계율 0.30 | alpha 0.749 | step_limit
Ep 1131 | 드론4 목적지68 |  960스텝 | 배송 68/68 | 재적재 12 | 중계율 0.27 | alpha 0.750 | complete
Ep 1132 | 드론3 목적지65 | 1000스텝 | 배송 52/65 | 재적재 10 | 중계율 0.20 | alpha 0.750 | step_limit
Ep 1133 | 드론3 목적지32 |  546스텝 | 배송 32/32 | 재적재  5 | 중계율 0.17 | alpha 0.752 | complete
Ep 1134 | 드론4 목적지76 | 1000스텝 | 배송 64/76 | 재적재 12 | 중계율 0.30 | alpha 0.758 | step_limit
Ep 1135 | 드론4 목적지79 |  764스텝 | 배송 79/79 | 재적재 14 | 중계율 0.15 | alpha 0.762 | complete
Ep 1136 | 드론4 목적지22 |  310스텝 | 배송 22/22 | 재적재  3 | 중계율 0.24 | alpha 0.760 | complete
Ep 1137 | 드론4 목적지74 | 1000스텝 | 배송 70/74 | 재적재 12 | 중계율 0.26 | alpha 0.764 | step_limit
Ep 1138 | 드론3 목적지38 |  904스텝 | 배송 38/38 | 재적재  6 | 중계율 0.37 | alpha 0.772 | complete
Ep 1139 | 드론4 목적지31 |  396스텝 | 배송 31/31 | 재적재  4 | 중계율 0.22 | alpha 0.775 | complete
Ep 1140 | 드론3 목적지47 |  792스텝 | 배송 47/47 | 재적재  7 | 중계율 0.19 | alpha 0.776 | complete
Ep 1141 | 드론3 목적지37 |  666스텝 | 배송 37/37 | 재적재  6 | 중계율 0.24 | alpha 0.775 | complete
Ep 1142 | 드론3 목적지53 |  960스텝 | 배송 53/53 | 재적재  9 | 중계율 0.26 | alpha 0.778 | complete
Ep 1143 | 드론3 목적지48 | 1000스텝 | 배송 47/48 | 재적재  8 | 중계율 0.28 | alpha 0.789 | step_limit
Ep 1144 | 드론3 목적지70 | 1000스텝 | 배송 66/70 | 재적재 11 | 중계율 0.23 | alpha 0.807 | step_limit
Ep 1145 | 드론4 목적지48 |  691스텝 | 배송 48/48 | 재적재  8 | 중계율 0.13 | alpha 0.808 | complete
Ep 1146 | 드론3 목적지45 | 1000스텝 | 배송 41/45 | 재적재  7 | 중계율 0.34 | alpha 0.801 | step_limit
Ep 1147 | 드론4 목적지49 |  635스텝 | 배송 49/49 | 재적재  8 | 중계율 0.19 | alpha 0.802 | complete
Ep 1148 | 드론4 목적지22 |  822스텝 | 배송 22/22 | 재적재  4 | 중계율 0.27 | alpha 0.802 | complete
Ep 1149 | 드론3 목적지44 |  616스텝 | 배송 44/44 | 재적재  8 | 중계율 0.13 | alpha 0.797 | complete
Ep 1150 | 드론4 목적지51 |  758스텝 | 배송 51/51 | 재적재 10 | 중계율 0.30 | alpha 0.796 | complete
  [홀드아웃] 배송 50.0±0.1 완주 0.99 스텝 971 점수 125.8 재적재 8.2 2홉+ 0.60 | 최고 128.2@ep700 정체 9/15
Ep 1151 | 드론3 목적지63 | 1000스텝 | 배송 52/63 | 재적재  9 | 중계율 0.23 | alpha 0.799 | step_limit
Ep 1152 | 드론3 목적지47 |  906스텝 | 배송 47/47 | 재적재  8 | 중계율 0.25 | alpha 0.805 | complete
Ep 1153 | 드론3 목적지44 |  913스텝 | 배송 44/44 | 재적재  7 | 중계율 0.34 | alpha 0.801 | complete
Ep 1154 | 드론4 목적지39 |  612스텝 | 배송 39/39 | 재적재  7 | 중계율 0.28 | alpha 0.799 | complete
Ep 1155 | 드론3 목적지52 |  964스텝 | 배송 52/52 | 재적재  9 | 중계율 0.32 | alpha 0.792 | complete
Ep 1156 | 드론4 목적지59 |  711스텝 | 배송 59/59 | 재적재  9 | 중계율 0.19 | alpha 0.791 | complete
Ep 1157 | 드론3 목적지33 |  728스텝 | 배송 33/33 | 재적재  5 | 중계율 0.26 | alpha 0.789 | complete
Ep 1158 | 드론4 목적지55 |  972스텝 | 배송 55/55 | 재적재 10 | 중계율 0.34 | alpha 0.785 | complete
Ep 1159 | 드론4 목적지33 |  390스텝 | 배송 33/33 | 재적재  5 | 중계율 0.20 | alpha 0.779 | complete
Ep 1160 | 드론4 목적지71 | 1000스텝 | 배송 65/71 | 재적재 11 | 중계율 0.33 | alpha 0.777 | step_limit
Ep 1161 | 드론4 목적지78 |  991스텝 | 배송 78/78 | 재적재 14 | 중계율 0.20 | alpha 0.776 | complete
Ep 1162 | 드론3 목적지27 |  552스텝 | 배송 27/27 | 재적재  4 | 중계율 0.20 | alpha 0.776 | complete
Ep 1163 | 드론3 목적지71 | 1000스텝 | 배송 51/71 | 재적재  8 | 중계율 0.25 | alpha 0.766 | step_limit
Ep 1164 | 드론4 목적지24 |  468스텝 | 배송 24/24 | 재적재  1 | 중계율 0.31 | alpha 0.766 | complete
Ep 1165 | 드론3 목적지47 |  998스텝 | 배송 47/47 | 재적재  8 | 중계율 0.23 | alpha 0.763 | complete
Ep 1166 | 드론4 목적지79 | 1000스텝 | 배송 71/79 | 재적재 13 | 중계율 0.24 | alpha 0.765 | step_limit
Ep 1167 | 드론3 목적지74 | 1000스텝 | 배송 64/74 | 재적재 11 | 중계율 0.22 | alpha 0.776 | step_limit
Ep 1168 | 드론3 목적지68 | 1000스텝 | 배송 64/68 | 재적재 12 | 중계율 0.17 | alpha 0.784 | step_limit
Ep 1169 | 드론3 목적지79 | 1000스텝 | 배송 73/79 | 재적재 14 | 중계율 0.21 | alpha 0.793 | step_limit
Ep 1170 | 드론3 목적지39 |  712스텝 | 배송 39/39 | 재적재  6 | 중계율 0.20 | alpha 0.803 | complete
Ep 1171 | 드론4 목적지25 |  258스텝 | 배송 25/25 | 재적재  3 | 중계율 0.15 | alpha 0.805 | complete
Ep 1172 | 드론3 목적지21 |  343스텝 | 배송 21/21 | 재적재  3 | 중계율 0.16 | alpha 0.806 | complete
Ep 1173 | 드론4 목적지53 |  677스텝 | 배송 53/53 | 재적재  9 | 중계율 0.16 | alpha 0.798 | complete
Ep 1174 | 드론3 목적지51 | 1000스텝 | 배송 48/51 | 재적재  8 | 중계율 0.26 | alpha 0.792 | step_limit
Ep 1175 | 드론3 목적지74 | 1000스텝 | 배송 57/74 | 재적재 11 | 중계율 0.21 | alpha 0.795 | step_limit
Ep 1176 | 드론3 목적지66 | 1000스텝 | 배송 56/66 | 재적재  9 | 중계율 0.29 | alpha 0.793 | step_limit
Ep 1177 | 드론3 목적지66 |  955스텝 | 배송 66/66 | 재적재 12 | 중계율 0.21 | alpha 0.804 | complete
Ep 1178 | 드론4 목적지39 |  935스텝 | 배송 39/39 | 재적재  6 | 중계율 0.37 | alpha 0.799 | complete
Ep 1179 | 드론3 목적지21 |  578스텝 | 배송  7/21 | 재적재  0 | 중계율 0.48 | alpha 0.793 | no_progress
Ep 1180 | 드론3 목적지33 |  751스텝 | 배송 33/33 | 재적재  5 | 중계율 0.28 | alpha 0.803 | complete
Ep 1181 | 드론3 목적지41 |  886스텝 | 배송 41/41 | 재적재  7 | 중계율 0.33 | alpha 0.805 | complete
Ep 1182 | 드론4 목적지48 |  665스텝 | 배송 48/48 | 재적재  8 | 중계율 0.26 | alpha 0.805 | complete
Ep 1183 | 드론4 목적지22 |  524스텝 | 배송 22/22 | 재적재  3 | 중계율 0.27 | alpha 0.802 | complete
Ep 1184 | 드론4 목적지24 |  278스텝 | 배송 24/24 | 재적재  4 | 중계율 0.20 | alpha 0.800 | complete
Ep 1185 | 드론3 목적지79 | 1000스텝 | 배송 72/79 | 재적재 13 | 중계율 0.23 | alpha 0.789 | step_limit
Ep 1186 | 드론3 목적지43 |  880스텝 | 배송 43/43 | 재적재  8 | 중계율 0.25 | alpha 0.779 | complete
Ep 1187 | 드론4 목적지80 | 1000스텝 | 배송 79/80 | 재적재 15 | 중계율 0.21 | alpha 0.766 | step_limit
Ep 1188 | 드론3 목적지67 | 1000스텝 | 배송 62/67 | 재적재 12 | 중계율 0.15 | alpha 0.748 | step_limit
Ep 1189 | 드론4 목적지67 | 1000스텝 | 배송 59/67 | 재적재 11 | 중계율 0.30 | alpha 0.727 | step_limit
Ep 1190 | 드론3 목적지28 |  563스텝 | 배송 28/28 | 재적재  5 | 중계율 0.25 | alpha 0.721 | complete
Ep 1191 | 드론3 목적지67 | 1000스텝 | 배송 63/67 | 재적재 12 | 중계율 0.25 | alpha 0.721 | step_limit
Ep 1192 | 드론3 목적지44 |  906스텝 | 배송 44/44 | 재적재  8 | 중계율 0.28 | alpha 0.728 | complete
Ep 1193 | 드론4 목적지53 |  675스텝 | 배송 53/53 | 재적재  8 | 중계율 0.16 | alpha 0.732 | complete
Ep 1194 | 드론4 목적지27 |  393스텝 | 배송 27/27 | 재적재  4 | 중계율 0.20 | alpha 0.733 | complete
Ep 1195 | 드론4 목적지57 |  620스텝 | 배송 57/57 | 재적재  9 | 중계율 0.13 | alpha 0.742 | complete
Ep 1196 | 드론3 목적지74 | 1000스텝 | 배송 71/74 | 재적재 13 | 중계율 0.15 | alpha 0.751 | step_limit
Ep 1197 | 드론4 목적지25 |  590스텝 | 배송 25/25 | 재적재  4 | 중계율 0.27 | alpha 0.750 | complete
Ep 1198 | 드론4 목적지35 |  499스텝 | 배송 35/35 | 재적재  5 | 중계율 0.25 | alpha 0.751 | complete
Ep 1199 | 드론4 목적지29 |  852스텝 | 배송 29/29 | 재적재  4 | 중계율 0.41 | alpha 0.750 | complete
Ep 1200 | 드론3 목적지40 |  759스텝 | 배송 40/40 | 재적재  7 | 중계율 0.15 | alpha 0.761 | complete
  [홀드아웃] 배송 49.9±0.5 완주 0.97 스텝 926 점수 125.2 재적재 8.1 2홉+ 0.60 | 최고 128.2@ep700 정체 10/15
Ep 1201 | 드론3 목적지43 |  810스텝 | 배송 43/43 | 재적재  8 | 중계율 0.27 | alpha 0.765 | complete
Ep 1202 | 드론3 목적지25 |  388스텝 | 배송 25/25 | 재적재  4 | 중계율 0.19 | alpha 0.770 | complete
Ep 1203 | 드론3 목적지48 |  922스텝 | 배송 48/48 | 재적재  9 | 중계율 0.22 | alpha 0.770 | complete
Ep 1204 | 드론3 목적지59 | 1000스텝 | 배송 55/59 | 재적재 10 | 중계율 0.30 | alpha 0.768 | step_limit
Ep 1205 | 드론4 목적지53 |  675스텝 | 배송 53/53 | 재적재  9 | 중계율 0.20 | alpha 0.761 | complete
Ep 1206 | 드론3 목적지45 |  992스텝 | 배송 45/45 | 재적재  7 | 중계율 0.24 | alpha 0.755 | complete
Ep 1207 | 드론3 목적지72 | 1000스텝 | 배송 60/72 | 재적재 11 | 중계율 0.27 | alpha 0.753 | step_limit
Ep 1208 | 드론3 목적지68 | 1000스텝 | 배송 58/68 | 재적재 11 | 중계율 0.30 | alpha 0.753 | step_limit
Ep 1209 | 드론4 목적지37 |  598스텝 | 배송 37/37 | 재적재  6 | 중계율 0.26 | alpha 0.750 | complete
Ep 1210 | 드론3 목적지40 |  793스텝 | 배송 40/40 | 재적재  7 | 중계율 0.27 | alpha 0.747 | complete
Ep 1211 | 드론4 목적지40 |  511스텝 | 배송 40/40 | 재적재  6 | 중계율 0.19 | alpha 0.753 | complete
Ep 1212 | 드론4 목적지47 |  713스텝 | 배송 47/47 | 재적재  8 | 중계율 0.29 | alpha 0.757 | complete
Ep 1213 | 드론4 목적지44 |  599스텝 | 배송 44/44 | 재적재  7 | 중계율 0.28 | alpha 0.762 | complete
Ep 1214 | 드론3 목적지54 |  999스텝 | 배송 54/54 | 재적재 10 | 중계율 0.26 | alpha 0.763 | complete
Ep 1215 | 드론3 목적지71 | 1000스텝 | 배송 61/71 | 재적재 10 | 중계율 0.23 | alpha 0.766 | step_limit
Ep 1216 | 드론4 목적지68 | 1000스텝 | 배송 65/68 | 재적재 12 | 중계율 0.30 | alpha 0.778 | step_limit
Ep 1217 | 드론3 목적지48 |  896스텝 | 배송 48/48 | 재적재  9 | 중계율 0.26 | alpha 0.786 | complete
Ep 1218 | 드론4 목적지37 |  470스텝 | 배송 37/37 | 재적재  7 | 중계율 0.21 | alpha 0.783 | complete
Ep 1219 | 드론3 목적지80 | 1000스텝 | 배송 62/80 | 재적재 10 | 중계율 0.22 | alpha 0.778 | step_limit
Ep 1220 | 드론3 목적지63 | 1000스텝 | 배송 56/63 | 재적재 10 | 중계율 0.23 | alpha 0.769 | step_limit
Ep 1221 | 드론3 목적지21 |  447스텝 | 배송 21/21 | 재적재  3 | 중계율 0.27 | alpha 0.763 | complete
Ep 1222 | 드론3 목적지59 |  871스텝 | 배송 59/59 | 재적재 11 | 중계율 0.20 | alpha 0.760 | complete
Ep 1223 | 드론3 목적지25 |  448스텝 | 배송 25/25 | 재적재  3 | 중계율 0.24 | alpha 0.758 | complete
Ep 1224 | 드론3 목적지53 |  895스텝 | 배송 53/53 | 재적재 10 | 중계율 0.23 | alpha 0.771 | complete
Ep 1225 | 드론3 목적지66 | 1000스텝 | 배송 65/66 | 재적재 13 | 중계율 0.25 | alpha 0.795 | step_limit
Ep 1226 | 드론4 목적지39 |  497스텝 | 배송 39/39 | 재적재  7 | 중계율 0.13 | alpha 0.796 | complete
Ep 1227 | 드론4 목적지70 | 1000스텝 | 배송 68/70 | 재적재 12 | 중계율 0.21 | alpha 0.803 | step_limit
Ep 1228 | 드론3 목적지52 | 1000스텝 | 배송 48/52 | 재적재  9 | 중계율 0.25 | alpha 0.820 | step_limit
Ep 1229 | 드론3 목적지43 |  709스텝 | 배송 43/43 | 재적재  8 | 중계율 0.27 | alpha 0.831 | complete
Ep 1230 | 드론3 목적지79 | 1000스텝 | 배송 60/79 | 재적재 10 | 중계율 0.26 | alpha 0.840 | step_limit
Ep 1231 | 드론3 목적지30 |  570스텝 | 배송 30/30 | 재적재  4 | 중계율 0.18 | alpha 0.842 | complete
Ep 1232 | 드론3 목적지67 |  999스텝 | 배송 67/67 | 재적재 13 | 중계율 0.22 | alpha 0.844 | complete
Ep 1233 | 드론4 목적지36 |  534스텝 | 배송 36/36 | 재적재  6 | 중계율 0.23 | alpha 0.847 | complete
Ep 1234 | 드론3 목적지71 | 1000스텝 | 배송 61/71 | 재적재 11 | 중계율 0.21 | alpha 0.854 | step_limit
Ep 1235 | 드론4 목적지57 |  812스텝 | 배송 57/57 | 재적재 10 | 중계율 0.28 | alpha 0.861 | complete
Ep 1236 | 드론4 목적지53 |  847스텝 | 배송 53/53 | 재적재  8 | 중계율 0.25 | alpha 0.858 | complete
Ep 1237 | 드론4 목적지71 | 1000스텝 | 배송 57/71 | 재적재 10 | 중계율 0.35 | alpha 0.864 | step_limit
Ep 1238 | 드론4 목적지65 | 1000스텝 | 배송 53/65 | 재적재 10 | 중계율 0.33 | alpha 0.876 | step_limit
Ep 1239 | 드론3 목적지60 | 1000스텝 | 배송 55/60 | 재적재 10 | 중계율 0.29 | alpha 0.877 | step_limit
Ep 1240 | 드론3 목적지53 | 1000스텝 | 배송 51/53 | 재적재 10 | 중계율 0.30 | alpha 0.880 | step_limit
Ep 1241 | 드론3 목적지80 | 1000스텝 | 배송 64/80 | 재적재 12 | 중계율 0.28 | alpha 0.883 | step_limit
Ep 1242 | 드론4 목적지25 |  492스텝 | 배송 25/25 | 재적재  4 | 중계율 0.25 | alpha 0.884 | complete
Ep 1243 | 드론3 목적지63 | 1000스텝 | 배송 51/63 | 재적재  9 | 중계율 0.30 | alpha 0.887 | step_limit
Ep 1244 | 드론4 목적지36 |  781스텝 | 배송 36/36 | 재적재  5 | 중계율 0.34 | alpha 0.891 | complete
Ep 1245 | 드론4 목적지42 |  695스텝 | 배송 42/42 | 재적재  7 | 중계율 0.31 | alpha 0.883 | complete
Ep 1246 | 드론3 목적지34 |  544스텝 | 배송 34/34 | 재적재  6 | 중계율 0.17 | alpha 0.882 | complete
Ep 1247 | 드론4 목적지41 |  588스텝 | 배송 41/41 | 재적재  7 | 중계율 0.25 | alpha 0.883 | complete
Ep 1248 | 드론4 목적지56 |  650스텝 | 배송 56/56 | 재적재 10 | 중계율 0.19 | alpha 0.887 | complete
Ep 1249 | 드론3 목적지52 |  858스텝 | 배송 52/52 | 재적재  9 | 중계율 0.19 | alpha 0.876 | complete
Ep 1250 | 드론3 목적지29 |  615스텝 | 배송 29/29 | 재적재  5 | 중계율 0.26 | alpha 0.871 | complete
  [홀드아웃] 배송 49.9±0.6 완주 0.97 스텝 974 점수 124.5 재적재 8.4 2홉+ 0.60 | 최고 128.2@ep700 정체 11/15
Ep 1251 | 드론3 목적지71 | 1000스텝 | 배송 65/71 | 재적재 11 | 중계율 0.24 | alpha 0.882 | step_limit
Ep 1252 | 드론4 목적지79 | 1000스텝 | 배송 72/79 | 재적재 12 | 중계율 0.30 | alpha 0.872 | step_limit
Ep 1253 | 드론4 목적지71 | 1000스텝 | 배송 67/71 | 재적재 11 | 중계율 0.35 | alpha 0.876 | step_limit
Ep 1254 | 드론4 목적지47 |  701스텝 | 배송 47/47 | 재적재  7 | 중계율 0.26 | alpha 0.878 | complete
Ep 1255 | 드론4 목적지70 |  921스텝 | 배송 70/70 | 재적재 11 | 중계율 0.26 | alpha 0.890 | complete
Ep 1256 | 드론3 목적지67 | 1000스텝 | 배송 44/67 | 재적재  8 | 중계율 0.25 | alpha 0.891 | step_limit
Ep 1257 | 드론3 목적지41 |  760스텝 | 배송 41/41 | 재적재  7 | 중계율 0.24 | alpha 0.887 | complete
Ep 1258 | 드론4 목적지41 |  483스텝 | 배송 41/41 | 재적재  7 | 중계율 0.21 | alpha 0.887 | complete
Ep 1259 | 드론3 목적지67 | 1000스텝 | 배송 59/67 | 재적재 11 | 중계율 0.19 | alpha 0.899 | step_limit
Ep 1260 | 드론3 목적지20 |  408스텝 | 배송 20/20 | 재적재  3 | 중계율 0.24 | alpha 0.898 | complete
Ep 1261 | 드론3 목적지45 |  779스텝 | 배송 45/45 | 재적재  8 | 중계율 0.26 | alpha 0.896 | complete
Ep 1262 | 드론3 목적지61 | 1000스텝 | 배송 56/61 | 재적재 11 | 중계율 0.27 | alpha 0.888 | step_limit
Ep 1263 | 드론4 목적지34 |  599스텝 | 배송 34/34 | 재적재  5 | 중계율 0.26 | alpha 0.890 | complete
Ep 1264 | 드론4 목적지31 |  335스텝 | 배송 31/31 | 재적재  5 | 중계율 0.18 | alpha 0.886 | complete
Ep 1265 | 드론3 목적지56 | 1000스텝 | 배송 50/56 | 재적재  9 | 중계율 0.26 | alpha 0.882 | step_limit
Ep 1266 | 드론3 목적지23 |  358스텝 | 배송 23/23 | 재적재  4 | 중계율 0.15 | alpha 0.882 | complete
Ep 1267 | 드론3 목적지63 | 1000스텝 | 배송 58/63 | 재적재  9 | 중계율 0.24 | alpha 0.870 | step_limit
Ep 1268 | 드론3 목적지39 |  644스텝 | 배송 39/39 | 재적재  7 | 중계율 0.22 | alpha 0.868 | complete
Ep 1269 | 드론4 목적지70 |  878스텝 | 배송 70/70 | 재적재 12 | 중계율 0.22 | alpha 0.865 | complete
Ep 1270 | 드론4 목적지39 |  524스텝 | 배송 39/39 | 재적재  6 | 중계율 0.21 | alpha 0.864 | complete
Ep 1271 | 드론3 목적지74 | 1000스텝 | 배송 66/74 | 재적재 13 | 중계율 0.18 | alpha 0.872 | step_limit
Ep 1272 | 드론4 목적지20 |  913스텝 | 배송 20/20 | 재적재  1 | 중계율 0.23 | alpha 0.867 | complete
Ep 1273 | 드론3 목적지27 |  666스텝 | 배송 27/27 | 재적재  4 | 중계율 0.34 | alpha 0.859 | complete
Ep 1274 | 드론3 목적지34 |  936스텝 | 배송 34/34 | 재적재  5 | 중계율 0.36 | alpha 0.856 | complete
Ep 1275 | 드론3 목적지29 |  720스텝 | 배송 29/29 | 재적재  5 | 중계율 0.31 | alpha 0.855 | complete
Ep 1276 | 드론4 목적지62 |  890스텝 | 배송 62/62 | 재적재 10 | 중계율 0.32 | alpha 0.848 | complete
Ep 1277 | 드론3 목적지77 | 1000스텝 | 배송 61/77 | 재적재 10 | 중계율 0.18 | alpha 0.848 | step_limit
Ep 1278 | 드론3 목적지59 | 1000스텝 | 배송 54/59 | 재적재  9 | 중계율 0.35 | alpha 0.844 | step_limit
Ep 1279 | 드론4 목적지39 |  850스텝 | 배송 39/39 | 재적재  7 | 중계율 0.32 | alpha 0.849 | complete
Ep 1280 | 드론3 목적지31 |  618스텝 | 배송 31/31 | 재적재  5 | 중계율 0.20 | alpha 0.853 | complete
Ep 1281 | 드론3 목적지36 |  793스텝 | 배송 36/36 | 재적재  6 | 중계율 0.32 | alpha 0.856 | complete
Ep 1282 | 드론3 목적지39 |  836스텝 | 배송 39/39 | 재적재  6 | 중계율 0.22 | alpha 0.870 | complete
Ep 1283 | 드론3 목적지43 |  966스텝 | 배송 43/43 | 재적재  8 | 중계율 0.27 | alpha 0.868 | complete
Ep 1284 | 드론4 목적지25 |  633스텝 | 배송 25/25 | 재적재  3 | 중계율 0.40 | alpha 0.874 | complete
Ep 1285 | 드론4 목적지74 |  884스텝 | 배송 74/74 | 재적재 13 | 중계율 0.20 | alpha 0.867 | complete
Ep 1286 | 드론3 목적지76 | 1000스텝 | 배송 61/76 | 재적재 10 | 중계율 0.27 | alpha 0.861 | step_limit
Ep 1287 | 드론4 목적지59 |  914스텝 | 배송 59/59 | 재적재 10 | 중계율 0.29 | alpha 0.863 | complete
Ep 1288 | 드론4 목적지77 |  813스텝 | 배송 77/77 | 재적재 14 | 중계율 0.15 | alpha 0.865 | complete
Ep 1289 | 드론3 목적지24 |  299스텝 | 배송 24/24 | 재적재  3 | 중계율 0.20 | alpha 0.869 | complete
Ep 1290 | 드론4 목적지52 |  941스텝 | 배송 52/52 | 재적재 10 | 중계율 0.28 | alpha 0.871 | complete
Ep 1291 | 드론3 목적지42 |  700스텝 | 배송 42/42 | 재적재  7 | 중계율 0.24 | alpha 0.869 | complete
Ep 1292 | 드론3 목적지77 | 1000스텝 | 배송 65/77 | 재적재 11 | 중계율 0.31 | alpha 0.884 | step_limit
Ep 1293 | 드론4 목적지76 | 1000스텝 | 배송 62/76 | 재적재 12 | 중계율 0.22 | alpha 0.889 | step_limit
Ep 1294 | 드론4 목적지31 |  421스텝 | 배송 31/31 | 재적재  4 | 중계율 0.24 | alpha 0.893 | complete
Ep 1295 | 드론4 목적지61 | 1000스텝 | 배송 53/61 | 재적재  9 | 중계율 0.34 | alpha 0.903 | step_limit
Ep 1296 | 드론3 목적지50 |  878스텝 | 배송 50/50 | 재적재  9 | 중계율 0.21 | alpha 0.892 | complete
Ep 1297 | 드론4 목적지76 | 1000스텝 | 배송 71/76 | 재적재 12 | 중계율 0.27 | alpha 0.882 | step_limit
Ep 1298 | 드론4 목적지36 |  524스텝 | 배송 36/36 | 재적재  6 | 중계율 0.24 | alpha 0.886 | complete
Ep 1299 | 드론4 목적지66 |  750스텝 | 배송 66/66 | 재적재 12 | 중계율 0.19 | alpha 0.884 | complete
Ep 1300 | 드론3 목적지21 |  392스텝 | 배송 21/21 | 재적재  3 | 중계율 0.14 | alpha 0.883 | complete
  [홀드아웃] 배송 49.7±2.3 완주 0.97 스텝 924 점수 125.2 재적재 8.2 2홉+ 0.60 | 최고 128.2@ep700 정체 12/15
Ep 1301 | 드론3 목적지47 |  853스텝 | 배송 47/47 | 재적재  9 | 중계율 0.26 | alpha 0.875 | complete
Ep 1302 | 드론3 목적지58 | 1000스텝 | 배송 56/58 | 재적재 10 | 중계율 0.26 | alpha 0.873 | step_limit
Ep 1303 | 드론4 목적지61 | 1000스텝 | 배송 58/61 | 재적재 10 | 중계율 0.32 | alpha 0.875 | step_limit
Ep 1304 | 드론3 목적지67 | 1000스텝 | 배송 63/67 | 재적재 12 | 중계율 0.24 | alpha 0.885 | step_limit
Ep 1305 | 드론4 목적지61 |  849스텝 | 배송 61/61 | 재적재 10 | 중계율 0.19 | alpha 0.892 | complete
Ep 1306 | 드론3 목적지79 | 1000스텝 | 배송 67/79 | 재적재 13 | 중계율 0.18 | alpha 0.901 | step_limit
Ep 1307 | 드론4 목적지73 |  756스텝 | 배송 73/73 | 재적재 14 | 중계율 0.21 | alpha 0.913 | complete
Ep 1308 | 드론4 목적지60 | 1000스텝 | 배송 57/60 | 재적재  9 | 중계율 0.35 | alpha 0.908 | step_limit
Ep 1309 | 드론4 목적지77 |  968스텝 | 배송 77/77 | 재적재 15 | 중계율 0.24 | alpha 0.915 | complete
Ep 1310 | 드론4 목적지72 | 1000스텝 | 배송 68/72 | 재적재 12 | 중계율 0.23 | alpha 0.924 | step_limit
Ep 1311 | 드론3 목적지60 | 1000스텝 | 배송 55/60 | 재적재 10 | 중계율 0.22 | alpha 0.922 | step_limit
Ep 1312 | 드론4 목적지59 |  824스텝 | 배송 59/59 | 재적재 10 | 중계율 0.32 | alpha 0.918 | complete
Ep 1313 | 드론3 목적지72 | 1000스텝 | 배송 59/72 | 재적재 11 | 중계율 0.25 | alpha 0.922 | step_limit
Ep 1314 | 드론3 목적지67 | 1000스텝 | 배송 59/67 | 재적재 10 | 중계율 0.33 | alpha 0.911 | step_limit
Ep 1315 | 드론4 목적지58 |  755스텝 | 배송 58/58 | 재적재  9 | 중계율 0.19 | alpha 0.906 | complete
Ep 1316 | 드론3 목적지66 | 1000스텝 | 배송 52/66 | 재적재  8 | 중계율 0.33 | alpha 0.906 | step_limit
Ep 1317 | 드론4 목적지67 |  788스텝 | 배송 67/67 | 재적재 12 | 중계율 0.23 | alpha 0.883 | complete
Ep 1318 | 드론3 목적지28 |  558스텝 | 배송 28/28 | 재적재  5 | 중계율 0.28 | alpha 0.878 | complete
Ep 1319 | 드론3 목적지34 |  630스텝 | 배송 34/34 | 재적재  5 | 중계율 0.28 | alpha 0.876 | complete
Ep 1320 | 드론3 목적지57 | 1000스텝 | 배송 56/57 | 재적재 10 | 중계율 0.26 | alpha 0.874 | step_limit
Ep 1321 | 드론4 목적지59 |  894스텝 | 배송 59/59 | 재적재 10 | 중계율 0.20 | alpha 0.868 | complete
Ep 1322 | 드론3 목적지39 |  724스텝 | 배송 39/39 | 재적재  7 | 중계율 0.25 | alpha 0.867 | complete
Ep 1323 | 드론4 목적지48 |  867스텝 | 배송 48/48 | 재적재  8 | 중계율 0.28 | alpha 0.867 | complete
Ep 1324 | 드론4 목적지52 |  782스텝 | 배송 52/52 | 재적재 10 | 중계율 0.20 | alpha 0.859 | complete
Ep 1325 | 드론4 목적지40 |  465스텝 | 배송 40/40 | 재적재  5 | 중계율 0.17 | alpha 0.854 | complete
Ep 1326 | 드론3 목적지40 |  779스텝 | 배송 40/40 | 재적재  6 | 중계율 0.30 | alpha 0.857 | complete
Ep 1327 | 드론3 목적지23 |  617스텝 | 배송 23/23 | 재적재  4 | 중계율 0.27 | alpha 0.853 | complete
Ep 1328 | 드론4 목적지25 |  591스텝 | 배송 25/25 | 재적재  3 | 중계율 0.32 | alpha 0.853 | complete
Ep 1329 | 드론3 목적지51 |  945스텝 | 배송 51/51 | 재적재  8 | 중계율 0.26 | alpha 0.845 | complete
Ep 1330 | 드론4 목적지42 | 1000스텝 | 배송 40/42 | 재적재  7 | 중계율 0.35 | alpha 0.845 | step_limit
Ep 1331 | 드론4 목적지48 | 1000스텝 | 배송 43/48 | 재적재  7 | 중계율 0.31 | alpha 0.857 | step_limit
Ep 1332 | 드론4 목적지21 |  486스텝 | 배송 21/21 | 재적재  2 | 중계율 0.31 | alpha 0.862 | complete
Ep 1333 | 드론4 목적지42 |  546스텝 | 배송 42/42 | 재적재  6 | 중계율 0.22 | alpha 0.862 | complete
Ep 1334 | 드론4 목적지30 |  645스텝 | 배송 30/30 | 재적재  4 | 중계율 0.34 | alpha 0.862 | complete
Ep 1335 | 드론4 목적지52 |  600스텝 | 배송 52/52 | 재적재  8 | 중계율 0.18 | alpha 0.863 | complete
Ep 1336 | 드론3 목적지31 |  826스텝 | 배송 31/31 | 재적재  5 | 중계율 0.30 | alpha 0.866 | complete
Ep 1337 | 드론4 목적지70 |  778스텝 | 배송 70/70 | 재적재 12 | 중계율 0.17 | alpha 0.875 | complete
Ep 1338 | 드론3 목적지80 | 1000스텝 | 배송 64/80 | 재적재 12 | 중계율 0.21 | alpha 0.876 | step_limit
Ep 1339 | 드론4 목적지74 |  902스텝 | 배송 74/74 | 재적재 14 | 중계율 0.20 | alpha 0.880 | complete
Ep 1340 | 드론4 목적지77 | 1000스텝 | 배송 71/77 | 재적재 13 | 중계율 0.30 | alpha 0.874 | step_limit
Ep 1341 | 드론4 목적지30 |  422스텝 | 배송 30/30 | 재적재  4 | 중계율 0.14 | alpha 0.877 | complete
Ep 1342 | 드론4 목적지59 | 1000스텝 | 배송 55/59 | 재적재 10 | 중계율 0.35 | alpha 0.880 | step_limit
Ep 1343 | 드론4 목적지28 |  756스텝 | 배송 22/28 | 재적재  3 | 중계율 0.38 | alpha 0.878 | no_progress
Ep 1344 | 드론3 목적지48 |  773스텝 | 배송 48/48 | 재적재  8 | 중계율 0.19 | alpha 0.868 | complete
Ep 1345 | 드론3 목적지61 |  988스텝 | 배송 61/61 | 재적재 11 | 중계율 0.24 | alpha 0.861 | complete
Ep 1346 | 드론3 목적지54 | 1000스텝 | 배송 52/54 | 재적재  9 | 중계율 0.26 | alpha 0.855 | step_limit
Ep 1347 | 드론3 목적지68 | 1000스텝 | 배송 60/68 | 재적재 10 | 중계율 0.26 | alpha 0.852 | step_limit
Ep 1348 | 드론3 목적지25 |  346스텝 | 배송 25/25 | 재적재  4 | 중계율 0.21 | alpha 0.858 | complete
Ep 1349 | 드론4 목적지33 |  423스텝 | 배송 33/33 | 재적재  4 | 중계율 0.21 | alpha 0.870 | complete
Ep 1350 | 드론3 목적지70 | 1000스텝 | 배송 67/70 | 재적재 13 | 중계율 0.18 | alpha 0.857 | step_limit
  [홀드아웃] 배송 50.0±0.3 완주 0.97 스텝 938 점수 125.0 재적재 8.2 2홉+ 0.61 | 최고 128.2@ep700 정체 13/15
Ep 1351 | 드론3 목적지42 |  704스텝 | 배송 42/42 | 재적재  7 | 중계율 0.23 | alpha 0.869 | complete
Ep 1352 | 드론3 목적지30 |  571스텝 | 배송 30/30 | 재적재  4 | 중계율 0.30 | alpha 0.868 | complete
Ep 1353 | 드론3 목적지55 | 1000스텝 | 배송 53/55 | 재적재 10 | 중계율 0.29 | alpha 0.857 | step_limit
Ep 1354 | 드론3 목적지25 |  614스텝 | 배송 25/25 | 재적재  3 | 중계율 0.32 | alpha 0.865 | complete
Ep 1355 | 드론3 목적지54 |  871스텝 | 배송 54/54 | 재적재  9 | 중계율 0.16 | alpha 0.867 | complete
Ep 1356 | 드론4 목적지76 | 1000스텝 | 배송 70/76 | 재적재 12 | 중계율 0.28 | alpha 0.869 | step_limit
Ep 1357 | 드론3 목적지61 | 1000스텝 | 배송 51/61 | 재적재 10 | 중계율 0.29 | alpha 0.866 | step_limit
Ep 1358 | 드론4 목적지36 |  465스텝 | 배송 36/36 | 재적재  5 | 중계율 0.23 | alpha 0.868 | complete
Ep 1359 | 드론3 목적지38 |  935스텝 | 배송 38/38 | 재적재  7 | 중계율 0.37 | alpha 0.880 | complete
Ep 1360 | 드론3 목적지22 |  806스텝 | 배송 22/22 | 재적재  3 | 중계율 0.32 | alpha 0.879 | complete
Ep 1361 | 드론3 목적지53 | 1000스텝 | 배송 49/53 | 재적재  9 | 중계율 0.28 | alpha 0.899 | step_limit
Ep 1362 | 드론3 목적지69 | 1000스텝 | 배송 60/69 | 재적재 10 | 중계율 0.22 | alpha 0.906 | step_limit
Ep 1363 | 드론4 목적지80 |  973스텝 | 배송 80/80 | 재적재 14 | 중계율 0.26 | alpha 0.899 | complete
Ep 1364 | 드론3 목적지73 | 1000스텝 | 배송 57/73 | 재적재 11 | 중계율 0.24 | alpha 0.893 | step_limit
Ep 1365 | 드론4 목적지36 |  614스텝 | 배송 36/36 | 재적재  6 | 중계율 0.33 | alpha 0.891 | complete
Ep 1366 | 드론3 목적지76 | 1000스텝 | 배송 65/76 | 재적재 12 | 중계율 0.24 | alpha 0.887 | step_limit
Ep 1367 | 드론4 목적지75 |  837스텝 | 배송 75/75 | 재적재 14 | 중계율 0.17 | alpha 0.890 | complete
Ep 1368 | 드론4 목적지47 |  734스텝 | 배송 47/47 | 재적재  7 | 중계율 0.25 | alpha 0.894 | complete
Ep 1369 | 드론4 목적지68 | 1000스텝 | 배송 66/68 | 재적재 11 | 중계율 0.30 | alpha 0.894 | step_limit
Ep 1370 | 드론4 목적지48 |  931스텝 | 배송 48/48 | 재적재  7 | 중계율 0.32 | alpha 0.878 | complete
Ep 1371 | 드론4 목적지24 |  399스텝 | 배송 24/24 | 재적재  4 | 중계율 0.29 | alpha 0.875 | complete
Ep 1372 | 드론4 목적지55 |  895스텝 | 배송 55/55 | 재적재 10 | 중계율 0.32 | alpha 0.863 | complete
Ep 1373 | 드론3 목적지23 |  546스텝 | 배송 23/23 | 재적재  4 | 중계율 0.32 | alpha 0.862 | complete
Ep 1374 | 드론3 목적지27 |  749스텝 | 배송 27/27 | 재적재  4 | 중계율 0.28 | alpha 0.866 | complete
Ep 1375 | 드론3 목적지63 | 1000스텝 | 배송 54/63 | 재적재 10 | 중계율 0.27 | alpha 0.865 | step_limit
Ep 1376 | 드론4 목적지56 |  843스텝 | 배송 56/56 | 재적재 11 | 중계율 0.30 | alpha 0.857 | complete
Ep 1377 | 드론3 목적지60 | 1000스텝 | 배송 54/60 | 재적재 10 | 중계율 0.30 | alpha 0.848 | step_limit
Ep 1378 | 드론3 목적지73 | 1000스텝 | 배송 55/73 | 재적재  9 | 중계율 0.22 | alpha 0.851 | step_limit
Ep 1379 | 드론3 목적지49 |  740스텝 | 배송 49/49 | 재적재  8 | 중계율 0.22 | alpha 0.862 | complete
Ep 1380 | 드론3 목적지67 | 1000스텝 | 배송 61/67 | 재적재 11 | 중계율 0.15 | alpha 0.866 | step_limit
Ep 1381 | 드론3 목적지63 |  992스텝 | 배송 63/63 | 재적재 12 | 중계율 0.21 | alpha 0.862 | complete
Ep 1382 | 드론3 목적지74 | 1000스텝 | 배송 60/74 | 재적재 10 | 중계율 0.31 | alpha 0.864 | step_limit
Ep 1383 | 드론3 목적지48 |  956스텝 | 배송 48/48 | 재적재  9 | 중계율 0.33 | alpha 0.872 | complete
Ep 1384 | 드론4 목적지26 |  464스텝 | 배송 26/26 | 재적재  3 | 중계율 0.34 | alpha 0.880 | complete
Ep 1385 | 드론3 목적지38 |  701스텝 | 배송 38/38 | 재적재  6 | 중계율 0.26 | alpha 0.891 | complete
Ep 1386 | 드론3 목적지20 |  776스텝 | 배송 20/20 | 재적재  3 | 중계율 0.29 | alpha 0.891 | complete
Ep 1387 | 드론4 목적지36 |  546스텝 | 배송 36/36 | 재적재  5 | 중계율 0.33 | alpha 0.898 | complete
Ep 1388 | 드론3 목적지50 |  978스텝 | 배송 50/50 | 재적재  9 | 중계율 0.31 | alpha 0.890 | complete
Ep 1389 | 드론3 목적지77 | 1000스텝 | 배송 68/77 | 재적재 13 | 중계율 0.22 | alpha 0.885 | step_limit
Ep 1390 | 드론4 목적지20 |  353스텝 | 배송 20/20 | 재적재  3 | 중계율 0.20 | alpha 0.884 | complete
Ep 1391 | 드론4 목적지64 |  869스텝 | 배송 64/64 | 재적재 12 | 중계율 0.22 | alpha 0.888 | complete
Ep 1392 | 드론3 목적지63 | 1000스텝 | 배송 54/63 | 재적재  9 | 중계율 0.28 | alpha 0.896 | step_limit
Ep 1393 | 드론4 목적지76 | 1000스텝 | 배송 70/76 | 재적재 12 | 중계율 0.29 | alpha 0.902 | step_limit
Ep 1394 | 드론4 목적지23 |  754스텝 | 배송 23/23 | 재적재  3 | 중계율 0.47 | alpha 0.895 | complete
Ep 1395 | 드론3 목적지25 |  715스텝 | 배송 25/25 | 재적재  4 | 중계율 0.26 | alpha 0.891 | complete
Ep 1396 | 드론3 목적지59 | 1000스텝 | 배송 48/59 | 재적재  9 | 중계율 0.30 | alpha 0.891 | step_limit
Ep 1397 | 드론4 목적지49 |  727스텝 | 배송 49/49 | 재적재  9 | 중계율 0.23 | alpha 0.885 | complete
Ep 1398 | 드론4 목적지66 |  888스텝 | 배송 66/66 | 재적재 12 | 중계율 0.20 | alpha 0.887 | complete
Ep 1399 | 드론3 목적지69 | 1000스텝 | 배송 60/69 | 재적재 10 | 중계율 0.32 | alpha 0.880 | step_limit
Ep 1400 | 드론3 목적지50 |  881스텝 | 배송 50/50 | 재적재  9 | 중계율 0.28 | alpha 0.871 | complete
  [홀드아웃] 배송 49.8±1.8 완주 0.96 스텝 929 점수 123.9 재적재 8.1 2홉+ 0.61 | 최고 128.2@ep700 정체 14/15
Ep 1401 | 드론4 목적지71 |  719스텝 | 배송 71/71 | 재적재 11 | 중계율 0.13 | alpha 0.876 | complete
Ep 1402 | 드론3 목적지44 | 1000스텝 | 배송 42/44 | 재적재  8 | 중계율 0.27 | alpha 0.873 | step_limit
Ep 1403 | 드론3 목적지67 | 1000스텝 | 배송 53/67 | 재적재 10 | 중계율 0.27 | alpha 0.871 | step_limit
Ep 1404 | 드론4 목적지45 |  560스텝 | 배송 45/45 | 재적재  7 | 중계율 0.19 | alpha 0.878 | complete
Ep 1405 | 드론3 목적지39 |  939스텝 | 배송 39/39 | 재적재  7 | 중계율 0.36 | alpha 0.888 | complete
Ep 1406 | 드론3 목적지67 | 1000스텝 | 배송 62/67 | 재적재 12 | 중계율 0.25 | alpha 0.903 | step_limit
Ep 1407 | 드론4 목적지73 | 1000스텝 | 배송 58/73 | 재적재 11 | 중계율 0.32 | alpha 0.930 | step_limit
Ep 1408 | 드론4 목적지61 |  926스텝 | 배송 61/61 | 재적재 11 | 중계율 0.28 | alpha 0.936 | complete
Ep 1409 | 드론4 목적지73 | 1000스텝 | 배송 67/73 | 재적재 12 | 중계율 0.27 | alpha 0.943 | step_limit
Ep 1410 | 드론4 목적지74 | 1000스텝 | 배송 69/74 | 재적재 12 | 중계율 0.28 | alpha 0.954 | step_limit
Ep 1411 | 드론3 목적지29 |  617스텝 | 배송 29/29 | 재적재  5 | 중계율 0.29 | alpha 0.957 | complete
Ep 1412 | 드론4 목적지25 |  516스텝 | 배송 25/25 | 재적재  4 | 중계율 0.31 | alpha 0.955 | complete
Ep 1413 | 드론3 목적지67 | 1000스텝 | 배송 52/67 | 재적재 10 | 중계율 0.22 | alpha 0.967 | step_limit
Ep 1414 | 드론3 목적지55 | 1000스텝 | 배송 48/55 | 재적재  8 | 중계율 0.35 | alpha 0.956 | step_limit
Ep 1415 | 드론3 목적지54 | 1000스텝 | 배송 53/54 | 재적재  9 | 중계율 0.32 | alpha 0.952 | step_limit
Ep 1416 | 드론4 목적지23 |  501스텝 | 배송 23/23 | 재적재  2 | 중계율 0.26 | alpha 0.953 | complete
Ep 1417 | 드론4 목적지70 |  905스텝 | 배송 70/70 | 재적재 13 | 중계율 0.17 | alpha 0.955 | complete
Ep 1418 | 드론4 목적지37 | 1000스텝 | 배송 36/37 | 재적재  6 | 중계율 0.45 | alpha 0.952 | step_limit
Ep 1419 | 드론3 목적지42 |  862스텝 | 배송 42/42 | 재적재  8 | 중계율 0.24 | alpha 0.956 | complete
Ep 1420 | 드론4 목적지49 |  772스텝 | 배송 49/49 | 재적재  8 | 중계율 0.23 | alpha 0.959 | complete
Ep 1421 | 드론4 목적지31 |  489스텝 | 배송 31/31 | 재적재  5 | 중계율 0.19 | alpha 0.965 | complete
Ep 1422 | 드론3 목적지45 |  754스텝 | 배송 45/45 | 재적재  8 | 중계율 0.26 | alpha 0.971 | complete
Ep 1423 | 드론4 목적지34 |  478스텝 | 배송 34/34 | 재적재  5 | 중계율 0.23 | alpha 0.979 | complete
Ep 1424 | 드론3 목적지23 |  467스텝 | 배송 23/23 | 재적재  3 | 중계율 0.26 | alpha 0.984 | complete
Ep 1425 | 드론3 목적지56 | 1000스텝 | 배송 41/56 | 재적재  8 | 중계율 0.34 | alpha 0.989 | step_limit
Ep 1426 | 드론4 목적지80 | 1000스텝 | 배송 76/80 | 재적재 14 | 중계율 0.24 | alpha 0.981 | step_limit
Ep 1427 | 드론4 목적지76 |  851스텝 | 배송 76/76 | 재적재 14 | 중계율 0.21 | alpha 0.980 | complete
Ep 1428 | 드론4 목적지31 |  882스텝 | 배송 31/31 | 재적재  5 | 중계율 0.38 | alpha 0.977 | complete
Ep 1429 | 드론3 목적지48 | 1000스텝 | 배송 45/48 | 재적재  8 | 중계율 0.27 | alpha 0.989 | step_limit
Ep 1430 | 드론3 목적지37 |  918스텝 | 배송 37/37 | 재적재  6 | 중계율 0.28 | alpha 1.002 | complete
Ep 1431 | 드론4 목적지26 |  677스텝 | 배송 26/26 | 재적재  4 | 중계율 0.40 | alpha 1.004 | complete
Ep 1432 | 드론4 목적지72 | 1000스텝 | 배송 65/72 | 재적재 12 | 중계율 0.32 | alpha 1.008 | step_limit
Ep 1433 | 드론3 목적지67 | 1000스텝 | 배송 58/67 | 재적재 10 | 중계율 0.32 | alpha 1.007 | step_limit
Ep 1434 | 드론4 목적지69 |  816스텝 | 배송 69/69 | 재적재 12 | 중계율 0.15 | alpha 1.014 | complete
Ep 1435 | 드론4 목적지40 |  791스텝 | 배송 40/40 | 재적재  6 | 중계율 0.29 | alpha 1.011 | complete
Ep 1436 | 드론3 목적지52 |  953스텝 | 배송 52/52 | 재적재  9 | 중계율 0.26 | alpha 1.013 | complete
Ep 1437 | 드론3 목적지25 |  493스텝 | 배송 25/25 | 재적재  3 | 중계율 0.28 | alpha 1.007 | complete
Ep 1438 | 드론4 목적지45 |  564스텝 | 배송 45/45 | 재적재  7 | 중계율 0.16 | alpha 1.010 | complete
Ep 1439 | 드론4 목적지68 | 1000스텝 | 배송 67/68 | 재적재 11 | 중계율 0.23 | alpha 1.017 | step_limit
Ep 1440 | 드론3 목적지31 |  596스텝 | 배송 31/31 | 재적재  4 | 중계율 0.27 | alpha 1.019 | complete
Ep 1441 | 드론3 목적지60 | 1000스텝 | 배송 53/60 | 재적재  9 | 중계율 0.35 | alpha 1.007 | step_limit
Ep 1442 | 드론4 목적지23 |  398스텝 | 배송 23/23 | 재적재  3 | 중계율 0.24 | alpha 1.010 | complete
Ep 1443 | 드론3 목적지58 | 1000스텝 | 배송 51/58 | 재적재 10 | 중계율 0.28 | alpha 1.012 | step_limit
Ep 1444 | 드론3 목적지65 | 1000스텝 | 배송 60/65 | 재적재 10 | 중계율 0.28 | alpha 1.010 | step_limit
Ep 1445 | 드론3 목적지45 |  650스텝 | 배송 45/45 | 재적재  8 | 중계율 0.14 | alpha 1.010 | complete
Ep 1446 | 드론3 목적지50 | 1000스텝 | 배송 45/50 | 재적재  9 | 중계율 0.25 | alpha 1.025 | step_limit
Ep 1447 | 드론4 목적지30 |  523스텝 | 배송 30/30 | 재적재  5 | 중계율 0.26 | alpha 1.032 | complete
Ep 1448 | 드론3 목적지28 |  669스텝 | 배송 28/28 | 재적재  4 | 중계율 0.32 | alpha 1.050 | complete
Ep 1449 | 드론4 목적지33 |  893스텝 | 배송 33/33 | 재적재  5 | 중계율 0.40 | alpha 1.062 | complete
Ep 1450 | 드론3 목적지34 |  614스텝 | 배송 34/34 | 재적재  5 | 중계율 0.30 | alpha 1.064 | complete
  [홀드아웃] 배송 49.7±2.1 완주 0.97 스텝 936 점수 125.0 재적재 8.1 2홉+ 0.61 | 최고 128.2@ep700 정체 15/15

조기 종료. 최고 128.2@ep700
Training finished. best=128.2 @ ep700
