/home/kopt/enter/envs/wsl_neuroMCTS/lib/python3.10/site-packages/pygame/pkgdata.py:25: UserWarning: pkg_resources is deprecated as an API. See https://setuptools.pypa.io/en/latest/pkg_resources.html. The pkg_resources package is slated for removal as early as 2025-11-30. Refrain from using this package or pin to Setuptools<81.
  from pkg_resources import resource_stream, resource_exists
pygame 2.6.1 (SDL 2.28.4, Python 3.10.19)
Hello from the pygame community. https://www.pygame.org/contribute.html
집합 상위 학습 | 반경 300 상한 1000 무배송 500 gamma 0.997 구성=무작위 드론[3, 6] 목적지[20, 80] CC무작위 인스턴스=무작위 목표유지=off 완주보상=0.0 잔여페널티=0.1 규칙관측=False 규칙정규화=2.0 막힘페널티=0.0 도달권shaping=5.0 자기회귀=True 홀드아웃상한=3000 선택=makespan
/home/kopt/drone/proposed_src/pipeline/train_v5_26_09_15_23.py:333: UserWarning: Converting a tensor with requires_grad=True to a scalar may lead to unexpected behavior.
Consider using tensor.detach() first. (Triggered internally at /pytorch/torch/csrc/autograd/generated/python_variable_methods.cpp:836.)
  writer.add_scalar("train/alpha", float(log_alpha.exp()), ep)
Ep 1 | 드론6 목적지57 |  780스텝 | 배송 57/57 | 재적재  9 | 중계율 0.15 | alpha 0.100 | complete
Ep 2 | 드론3 목적지50 | 1000스텝 | 배송 37/50 | 재적재  5 | 중계율 0.19 | alpha 0.100 | step_limit
Ep 3 | 드론6 목적지72 | 1000스텝 | 배송 68/72 | 재적재 11 | 중계율 0.15 | alpha 0.100 | step_limit
Ep 4 | 드론3 목적지46 | 1000스텝 | 배송 38/46 | 재적재  6 | 중계율 0.19 | alpha 0.099 | step_limit
Ep 5 | 드론4 목적지58 | 1000스텝 | 배송 33/58 | 재적재  5 | 중계율 0.29 | alpha 0.107 | step_limit
Ep 6 | 드론3 목적지61 | 1000스텝 | 배송 52/61 | 재적재 10 | 중계율 0.31 | alpha 0.118 | step_limit
Ep 7 | 드론3 목적지30 |  782스텝 | 배송 30/30 | 재적재  4 | 중계율 0.30 | alpha 0.126 | complete
Ep 8 | 드론3 목적지69 | 1000스텝 | 배송 59/69 | 재적재 10 | 중계율 0.24 | alpha 0.137 | step_limit
Ep 9 | 드론4 목적지66 | 1000스텝 | 배송 65/66 | 재적재 11 | 중계율 0.31 | alpha 0.148 | step_limit
Ep 10 | 드론4 목적지26 |  576스텝 | 배송 26/26 | 재적재  4 | 중계율 0.27 | alpha 0.154 | complete
Ep 11 | 드론6 목적지32 |  258스텝 | 배송 32/32 | 재적재  5 | 중계율 0.13 | alpha 0.157 | complete
Ep 12 | 드론4 목적지35 |  635스텝 | 배송 35/35 | 재적재  5 | 중계율 0.20 | alpha 0.165 | complete
Ep 13 | 드론4 목적지23 |  313스텝 | 배송 23/23 | 재적재  3 | 중계율 0.21 | alpha 0.169 | complete
Ep 14 | 드론3 목적지61 | 1000스텝 | 배송 51/61 | 재적재 10 | 중계율 0.24 | alpha 0.183 | step_limit
Ep 15 | 드론5 목적지78 |  703스텝 | 배송 78/78 | 재적재 14 | 중계율 0.18 | alpha 0.193 | complete
Ep 16 | 드론6 목적지46 |  396스텝 | 배송 46/46 | 재적재  6 | 중계율 0.13 | alpha 0.198 | complete
Ep 17 | 드론5 목적지74 |  757스텝 | 배송 74/74 | 재적재 12 | 중계율 0.17 | alpha 0.210 | complete
Ep 18 | 드론4 목적지24 |  361스텝 | 배송 24/24 | 재적재  3 | 중계율 0.23 | alpha 0.216 | complete
Ep 19 | 드론5 목적지24 |  252스텝 | 배송 24/24 | 재적재  1 | 중계율 0.25 | alpha 0.220 | complete
Ep 20 | 드론4 목적지66 |  733스텝 | 배송 66/66 | 재적재 10 | 중계율 0.11 | alpha 0.232 | complete
Ep 21 | 드론4 목적지43 | 1000스텝 | 배송 40/43 | 재적재  6 | 중계율 0.18 | alpha 0.250 | step_limit
Ep 22 | 드론4 목적지43 |  738스텝 | 배송 43/43 | 재적재  6 | 중계율 0.12 | alpha 0.264 | complete
Ep 23 | 드론3 목적지22 |  520스텝 | 배송 22/22 | 재적재  4 | 중계율 0.28 | alpha 0.275 | complete
Ep 24 | 드론4 목적지35 |  408스텝 | 배송 35/35 | 재적재  4 | 중계율 0.14 | alpha 0.283 | complete
Ep 25 | 드론5 목적지25 |  403스텝 | 배송 25/25 | 재적재  3 | 중계율 0.24 | alpha 0.291 | complete
Ep 26 | 드론4 목적지79 | 1000스텝 | 배송 65/79 | 재적재 11 | 중계율 0.18 | alpha 0.314 | step_limit
Ep 27 | 드론6 목적지63 |  801스텝 | 배송 63/63 | 재적재 11 | 중계율 0.22 | alpha 0.333 | complete
Ep 28 | 드론3 목적지77 | 1000스텝 | 배송 60/77 | 재적재 10 | 중계율 0.26 | alpha 0.357 | step_limit
Ep 29 | 드론4 목적지34 |  927스텝 | 배송 34/34 | 재적재  5 | 중계율 0.21 | alpha 0.381 | complete
Ep 30 | 드론4 목적지25 |  574스텝 | 배송 25/25 | 재적재  3 | 중계율 0.34 | alpha 0.397 | complete
Ep 31 | 드론6 목적지68 |  491스텝 | 배송 68/68 | 재적재 11 | 중계율 0.18 | alpha 0.411 | complete
Ep 32 | 드론4 목적지79 | 1000스텝 | 배송 75/79 | 재적재 13 | 중계율 0.30 | alpha 0.441 | step_limit
Ep 33 | 드론4 목적지62 | 1000스텝 | 배송 50/62 | 재적재  8 | 중계율 0.26 | alpha 0.472 | step_limit
Ep 34 | 드론4 목적지33 |  460스텝 | 배송 33/33 | 재적재  4 | 중계율 0.11 | alpha 0.488 | complete
Ep 35 | 드론4 목적지26 |  423스텝 | 배송 26/26 | 재적재  4 | 중계율 0.19 | alpha 0.502 | complete
Ep 36 | 드론4 목적지57 | 1000스텝 | 배송 53/57 | 재적재  9 | 중계율 0.24 | alpha 0.540 | step_limit
Ep 37 | 드론4 목적지29 |  961스텝 | 배송 29/29 | 재적재  3 | 중계율 0.28 | alpha 0.579 | complete
Ep 38 | 드론5 목적지63 |  638스텝 | 배송 63/63 | 재적재 10 | 중계율 0.23 | alpha 0.607 | complete
Ep 39 | 드론5 목적지44 | 1000스텝 | 배송 40/44 | 재적재  4 | 중계율 0.27 | alpha 0.652 | step_limit
Ep 40 | 드론6 목적지56 |  390스텝 | 배송 56/56 | 재적재  8 | 중계율 0.12 | alpha 0.671 | complete
Ep 41 | 드론6 목적지21 |  205스텝 | 배송 21/21 | 재적재  0 | 중계율 0.16 | alpha 0.681 | complete
Ep 42 | 드론3 목적지24 | 1000스텝 | 배송 22/24 | 재적재  2 | 중계율 0.33 | alpha 0.732 | step_limit
Ep 43 | 드론4 목적지52 |  695스텝 | 배송 52/52 | 재적재  8 | 중계율 0.15 | alpha 0.769 | complete
Ep 44 | 드론4 목적지72 | 1000스텝 | 배송 61/72 | 재적재 10 | 중계율 0.12 | alpha 0.827 | step_limit
Ep 45 | 드론4 목적지52 | 1000스텝 | 배송 41/52 | 재적재  7 | 중계율 0.31 | alpha 0.888 | step_limit
Ep 46 | 드론6 목적지72 |  617스텝 | 배송 72/72 | 재적재 11 | 중계율 0.10 | alpha 0.927 | complete
Ep 47 | 드론4 목적지69 |  866스텝 | 배송 69/69 | 재적재 12 | 중계율 0.15 | alpha 0.985 | complete
Ep 48 | 드론4 목적지56 |  807스텝 | 배송 56/56 | 재적재  9 | 중계율 0.12 | alpha 1.041 | complete
Ep 49 | 드론6 목적지78 |  604스텝 | 배송 78/78 | 재적재 14 | 중계율 0.14 | alpha 1.085 | complete
Ep 50 | 드론5 목적지40 | 1000스텝 | 배송 39/40 | 재적재  7 | 중계율 0.23 | alpha 1.158 | step_limit
  [홀드아웃] 배송 49.7±1.1 완주 0.90 스텝 1245 점수 95.8 재적재 8.4 2홉+ 0.66 | 최고 95.8@ep50 정체 0/15  ← 갱신
Ep 51 | 드론6 목적지51 |  351스텝 | 배송 51/51 | 재적재  8 | 중계율 0.11 | alpha 1.185 | complete
Ep 52 | 드론3 목적지42 |  942스텝 | 배송 25/42 | 재적재  3 | 중계율 0.22 | alpha 1.259 | no_progress
Ep 53 | 드론6 목적지60 |  367스텝 | 배송 60/60 | 재적재  8 | 중계율 0.09 | alpha 1.289 | complete
Ep 54 | 드론4 목적지49 |  499스텝 | 배송 49/49 | 재적재  7 | 중계율 0.16 | alpha 1.331 | complete
Ep 55 | 드론4 목적지40 |  486스텝 | 배송 40/40 | 재적재  6 | 중계율 0.14 | alpha 1.371 | complete
Ep 56 | 드론5 목적지61 |  589스텝 | 배송 61/61 | 재적재 10 | 중계율 0.14 | alpha 1.422 | complete
Ep 57 | 드론3 목적지53 | 1000스텝 | 배송 46/53 | 재적재  8 | 중계율 0.22 | alpha 1.510 | step_limit
Ep 58 | 드론6 목적지57 |  542스텝 | 배송 57/57 | 재적재  9 | 중계율 0.19 | alpha 1.558 | complete
Ep 59 | 드론3 목적지50 | 1000스텝 | 배송 42/50 | 재적재  6 | 중계율 0.13 | alpha 1.647 | step_limit
Ep 60 | 드론4 목적지21 |  312스텝 | 배송 21/21 | 재적재  2 | 중계율 0.16 | alpha 1.675 | complete
Ep 61 | 드론5 목적지26 |  312스텝 | 배송 26/26 | 재적재  2 | 중계율 0.18 | alpha 1.703 | complete
Ep 62 | 드론5 목적지55 |  674스텝 | 배송 55/55 | 재적재 10 | 중계율 0.22 | alpha 1.765 | complete
Ep 63 | 드론6 목적지68 |  636스텝 | 배송 68/68 | 재적재 12 | 중계율 0.15 | alpha 1.822 | complete
Ep 64 | 드론3 목적지41 | 1000스텝 | 배송 34/41 | 재적재  5 | 중계율 0.19 | alpha 1.915 | step_limit
Ep 65 | 드론5 목적지68 |  641스텝 | 배송 68/68 | 재적재 12 | 중계율 0.12 | alpha 1.977 | complete
Ep 66 | 드론3 목적지61 | 1000스텝 | 배송 55/61 | 재적재  9 | 중계율 0.12 | alpha 2.075 | step_limit
Ep 67 | 드론3 목적지53 | 1000스텝 | 배송 36/53 | 재적재  7 | 중계율 0.25 | alpha 2.171 | step_limit
Ep 68 | 드론3 목적지44 | 1000스텝 | 배송 43/44 | 재적재  7 | 중계율 0.18 | alpha 2.256 | step_limit
Ep 69 | 드론4 목적지34 |  650스텝 | 배송 34/34 | 재적재  5 | 중계율 0.13 | alpha 2.305 | complete
Ep 70 | 드론4 목적지31 |  774스텝 | 배송 31/31 | 재적재  5 | 중계율 0.20 | alpha 2.360 | complete
Ep 71 | 드론5 목적지71 |  941스텝 | 배송 71/71 | 재적재 13 | 중계율 0.10 | alpha 2.425 | complete
Ep 72 | 드론3 목적지53 | 1000스텝 | 배송 37/53 | 재적재  6 | 중계율 0.22 | alpha 2.483 | step_limit
Ep 73 | 드론4 목적지21 |  761스텝 | 배송 21/21 | 재적재  1 | 중계율 0.26 | alpha 2.514 | complete
Ep 74 | 드론5 목적지45 | 1000스텝 | 배송 42/45 | 재적재  7 | 중계율 0.16 | alpha 2.549 | step_limit
Ep 75 | 드론5 목적지40 |  456스텝 | 배송 40/40 | 재적재  6 | 중계율 0.12 | alpha 2.566 | complete
Ep 76 | 드론4 목적지75 | 1000스텝 | 배송 53/75 | 재적재  8 | 중계율 0.21 | alpha 2.598 | step_limit
Ep 77 | 드론5 목적지24 |  300스텝 | 배송 24/24 | 재적재  2 | 중계율 0.13 | alpha 2.607 | complete
Ep 78 | 드론4 목적지64 | 1000스텝 | 배송 59/64 | 재적재  9 | 중계율 0.16 | alpha 2.636 | step_limit
Ep 79 | 드론3 목적지41 |  947스텝 | 배송 41/41 | 재적재  7 | 중계율 0.22 | alpha 2.670 | complete
Ep 80 | 드론3 목적지69 | 1000스텝 | 배송 55/69 | 재적재 10 | 중계율 0.16 | alpha 2.694 | step_limit
Ep 81 | 드론6 목적지47 |  317스텝 | 배송 47/47 | 재적재  7 | 중계율 0.08 | alpha 2.695 | complete
Ep 82 | 드론6 목적지69 |  697스텝 | 배송 69/69 | 재적재 10 | 중계율 0.16 | alpha 2.687 | complete
Ep 83 | 드론5 목적지31 |  557스텝 | 배송 31/31 | 재적재  4 | 중계율 0.23 | alpha 2.678 | complete
Ep 84 | 드론3 목적지33 |  682스텝 | 배송 33/33 | 재적재  5 | 중계율 0.18 | alpha 2.670 | complete
Ep 85 | 드론4 목적지38 |  455스텝 | 배송 38/38 | 재적재  7 | 중계율 0.10 | alpha 2.658 | complete
Ep 86 | 드론6 목적지24 |  234스텝 | 배송 24/24 | 재적재  0 | 중계율 0.24 | alpha 2.651 | complete
Ep 87 | 드론3 목적지30 |  619스텝 | 배송 30/30 | 재적재  4 | 중계율 0.19 | alpha 2.622 | complete
Ep 88 | 드론4 목적지38 |  702스텝 | 배송 38/38 | 재적재  5 | 중계율 0.22 | alpha 2.587 | complete
Ep 89 | 드론3 목적지57 | 1000스텝 | 배송 45/57 | 재적재  7 | 중계율 0.17 | alpha 2.548 | step_limit
Ep 90 | 드론6 목적지21 |  192스텝 | 배송 21/21 | 재적재  0 | 중계율 0.18 | alpha 2.551 | complete
Ep 91 | 드론6 목적지77 |  635스텝 | 배송 77/77 | 재적재 14 | 중계율 0.17 | alpha 2.529 | complete
Ep 92 | 드론4 목적지69 | 1000스텝 | 배송 56/69 | 재적재  8 | 중계율 0.20 | alpha 2.505 | step_limit
Ep 93 | 드론6 목적지60 |  629스텝 | 배송 60/60 | 재적재  9 | 중계율 0.10 | alpha 2.503 | complete
Ep 94 | 드론6 목적지45 |  590스텝 | 배송 45/45 | 재적재  7 | 중계율 0.12 | alpha 2.525 | complete
Ep 95 | 드론4 목적지71 | 1000스텝 | 배송 66/71 | 재적재 12 | 중계율 0.14 | alpha 2.520 | step_limit
Ep 96 | 드론3 목적지74 | 1000스텝 | 배송 47/74 | 재적재  9 | 중계율 0.15 | alpha 2.488 | step_limit
Ep 97 | 드론6 목적지47 |  403스텝 | 배송 47/47 | 재적재  5 | 중계율 0.08 | alpha 2.487 | complete
Ep 98 | 드론6 목적지50 |  514스텝 | 배송 50/50 | 재적재  6 | 중계율 0.14 | alpha 2.496 | complete
Ep 99 | 드론6 목적지35 |  611스텝 | 배송 35/35 | 재적재  6 | 중계율 0.15 | alpha 2.545 | complete
Ep 100 | 드론3 목적지40 | 1000스텝 | 배송 38/40 | 재적재  6 | 중계율 0.18 | alpha 2.604 | step_limit
  [홀드아웃] 배송 48.8±5.2 완주 0.95 스텝 1166 점수 101.1 재적재 7.9 2홉+ 0.64 | 최고 101.1@ep100 정체 0/15  ← 갱신
Ep 101 | 드론3 목적지23 |  864스텝 | 배송 23/23 | 재적재  3 | 중계율 0.21 | alpha 2.620 | complete
Ep 102 | 드론3 목적지21 |  728스텝 | 배송 21/21 | 재적재  3 | 중계율 0.19 | alpha 2.663 | complete
Ep 103 | 드론6 목적지72 |  571스텝 | 배송 72/72 | 재적재 11 | 중계율 0.07 | alpha 2.640 | complete
Ep 104 | 드론3 목적지27 |  738스텝 | 배송 27/27 | 재적재  5 | 중계율 0.24 | alpha 2.650 | complete
Ep 105 | 드론4 목적지63 | 1000스텝 | 배송 62/63 | 재적재 11 | 중계율 0.16 | alpha 2.660 | step_limit
Ep 106 | 드론5 목적지58 |  657스텝 | 배송 58/58 | 재적재  9 | 중계율 0.11 | alpha 2.644 | complete
Ep 107 | 드론6 목적지75 | 1000스텝 | 배송 65/75 | 재적재 11 | 중계율 0.22 | alpha 2.661 | step_limit
Ep 108 | 드론4 목적지55 | 1000스텝 | 배송 47/55 | 재적재  8 | 중계율 0.18 | alpha 2.694 | step_limit
Ep 109 | 드론5 목적지64 |  657스텝 | 배송 64/64 | 재적재 10 | 중계율 0.14 | alpha 2.720 | complete
Ep 110 | 드론4 목적지55 |  731스텝 | 배송 55/55 | 재적재 10 | 중계율 0.18 | alpha 2.706 | complete
Ep 111 | 드론5 목적지67 | 1000스텝 | 배송 65/67 | 재적재 11 | 중계율 0.20 | alpha 2.713 | step_limit
Ep 112 | 드론4 목적지46 |  842스텝 | 배송 46/46 | 재적재  7 | 중계율 0.20 | alpha 2.727 | complete
Ep 113 | 드론5 목적지43 |  612스텝 | 배송 43/43 | 재적재  7 | 중계율 0.13 | alpha 2.691 | complete
Ep 114 | 드론3 목적지80 | 1000스텝 | 배송 52/80 | 재적재  9 | 중계율 0.16 | alpha 2.638 | step_limit
Ep 115 | 드론6 목적지78 |  910스텝 | 배송 78/78 | 재적재 13 | 중계율 0.14 | alpha 2.617 | complete
Ep 116 | 드론5 목적지72 |  807스텝 | 배송 72/72 | 재적재 12 | 중계율 0.15 | alpha 2.623 | complete
Ep 117 | 드론4 목적지54 |  737스텝 | 배송 54/54 | 재적재  9 | 중계율 0.17 | alpha 2.663 | complete
Ep 118 | 드론3 목적지63 | 1000스텝 | 배송 51/63 | 재적재  9 | 중계율 0.20 | alpha 2.701 | step_limit
Ep 119 | 드론6 목적지66 |  761스텝 | 배송 66/66 | 재적재 11 | 중계율 0.17 | alpha 2.713 | complete
Ep 120 | 드론5 목적지70 |  883스텝 | 배송 70/70 | 재적재 13 | 중계율 0.16 | alpha 2.662 | complete
Ep 121 | 드론5 목적지45 |  608스텝 | 배송 45/45 | 재적재  7 | 중계율 0.15 | alpha 2.623 | complete
Ep 122 | 드론5 목적지26 |  719스텝 | 배송 26/26 | 재적재  3 | 중계율 0.33 | alpha 2.607 | complete
Ep 123 | 드론6 목적지30 |  335스텝 | 배송 30/30 | 재적재  3 | 중계율 0.20 | alpha 2.612 | complete
Ep 124 | 드론3 목적지80 | 1000스텝 | 배송 57/80 | 재적재  9 | 중계율 0.20 | alpha 2.610 | step_limit
Ep 125 | 드론6 목적지41 |  306스텝 | 배송 41/41 | 재적재  6 | 중계율 0.10 | alpha 2.614 | complete
Ep 126 | 드론4 목적지50 | 1000스텝 | 배송 49/50 | 재적재  8 | 중계율 0.25 | alpha 2.612 | step_limit
Ep 127 | 드론4 목적지37 |  641스텝 | 배송 37/37 | 재적재  5 | 중계율 0.20 | alpha 2.592 | complete
Ep 128 | 드론3 목적지42 | 1000스텝 | 배송 36/42 | 재적재  6 | 중계율 0.26 | alpha 2.630 | step_limit
Ep 129 | 드론5 목적지52 | 1000스텝 | 배송 48/52 | 재적재  7 | 중계율 0.17 | alpha 2.656 | step_limit
Ep 130 | 드론3 목적지40 | 1000스텝 | 배송 38/40 | 재적재  6 | 중계율 0.24 | alpha 2.654 | step_limit
Ep 131 | 드론4 목적지39 |  589스텝 | 배송 39/39 | 재적재  6 | 중계율 0.11 | alpha 2.694 | complete
Ep 132 | 드론6 목적지63 |  455스텝 | 배송 63/63 | 재적재  9 | 중계율 0.08 | alpha 2.665 | complete
Ep 133 | 드론4 목적지61 |  738스텝 | 배송 61/61 | 재적재 10 | 중계율 0.11 | alpha 2.627 | complete
Ep 134 | 드론5 목적지22 |  206스텝 | 배송 22/22 | 재적재  1 | 중계율 0.07 | alpha 2.608 | complete
Ep 135 | 드론3 목적지20 |  588스텝 | 배송 20/20 | 재적재  2 | 중계율 0.25 | alpha 2.576 | complete
Ep 136 | 드론6 목적지57 |  612스텝 | 배송 57/57 | 재적재  9 | 중계율 0.16 | alpha 2.533 | complete
Ep 137 | 드론4 목적지24 |  461스텝 | 배송 24/24 | 재적재  4 | 중계율 0.15 | alpha 2.526 | complete
Ep 138 | 드론5 목적지35 |  593스텝 | 배송 35/35 | 재적재  5 | 중계율 0.14 | alpha 2.540 | complete
Ep 139 | 드론4 목적지29 |  505스텝 | 배송 29/29 | 재적재  3 | 중계율 0.19 | alpha 2.563 | complete
Ep 140 | 드론3 목적지32 |  925스텝 | 배송 32/32 | 재적재  5 | 중계율 0.25 | alpha 2.586 | complete
Ep 141 | 드론4 목적지54 |  615스텝 | 배송 54/54 | 재적재  9 | 중계율 0.12 | alpha 2.546 | complete
Ep 142 | 드론3 목적지42 |  863스텝 | 배송 42/42 | 재적재  7 | 중계율 0.17 | alpha 2.541 | complete
Ep 143 | 드론3 목적지23 |  605스텝 | 배송 23/23 | 재적재  2 | 중계율 0.21 | alpha 2.505 | complete
Ep 144 | 드론4 목적지61 | 1000스텝 | 배송 58/61 | 재적재 10 | 중계율 0.15 | alpha 2.534 | step_limit
Ep 145 | 드론4 목적지64 | 1000스텝 | 배송 50/64 | 재적재  8 | 중계율 0.13 | alpha 2.550 | step_limit
Ep 146 | 드론3 목적지71 | 1000스텝 | 배송 59/71 | 재적재 10 | 중계율 0.15 | alpha 2.517 | step_limit
Ep 147 | 드론3 목적지48 | 1000스텝 | 배송 47/48 | 재적재  8 | 중계율 0.19 | alpha 2.516 | step_limit
Ep 148 | 드론5 목적지36 |  576스텝 | 배송 36/36 | 재적재  5 | 중계율 0.24 | alpha 2.533 | complete
Ep 149 | 드론5 목적지40 |  611스텝 | 배송 40/40 | 재적재  6 | 중계율 0.11 | alpha 2.520 | complete
Ep 150 | 드론4 목적지26 |  661스텝 | 배송 26/26 | 재적재  3 | 중계율 0.20 | alpha 2.507 | complete
  [홀드아웃] 배송 49.9±0.6 완주 0.95 스텝 1220 점수 100.9 재적재 7.9 2홉+ 0.64 | 최고 101.1@ep100 정체 1/15
Ep 151 | 드론5 목적지70 |  697스텝 | 배송 70/70 | 재적재 12 | 중계율 0.18 | alpha 2.521 | complete
Ep 152 | 드론6 목적지48 |  475스텝 | 배송 48/48 | 재적재  7 | 중계율 0.13 | alpha 2.551 | complete
Ep 153 | 드론6 목적지57 |  519스텝 | 배송 57/57 | 재적재  8 | 중계율 0.16 | alpha 2.559 | complete
Ep 154 | 드론6 목적지34 |  422스텝 | 배송 34/34 | 재적재  5 | 중계율 0.11 | alpha 2.561 | complete
Ep 155 | 드론6 목적지80 |  708스텝 | 배송 80/80 | 재적재 13 | 중계율 0.19 | alpha 2.517 | complete
Ep 156 | 드론6 목적지59 |  594스텝 | 배송 59/59 | 재적재  9 | 중계율 0.17 | alpha 2.493 | complete
Ep 157 | 드론3 목적지42 | 1000스텝 | 배송 41/42 | 재적재  7 | 중계율 0.17 | alpha 2.509 | step_limit
Ep 158 | 드론5 목적지76 |  822스텝 | 배송 76/76 | 재적재 13 | 중계율 0.10 | alpha 2.550 | complete
Ep 159 | 드론6 목적지47 |  443스텝 | 배송 47/47 | 재적재  6 | 중계율 0.14 | alpha 2.549 | complete
Ep 160 | 드론3 목적지62 | 1000스텝 | 배송 47/62 | 재적재  9 | 중계율 0.17 | alpha 2.595 | step_limit
Ep 161 | 드론4 목적지31 |  732스텝 | 배송 31/31 | 재적재  5 | 중계율 0.16 | alpha 2.610 | complete
Ep 162 | 드론4 목적지26 |  750스텝 | 배송 26/26 | 재적재  4 | 중계율 0.22 | alpha 2.622 | complete
Ep 163 | 드론5 목적지21 |  424스텝 | 배송 21/21 | 재적재  1 | 중계율 0.25 | alpha 2.637 | complete
Ep 164 | 드론6 목적지79 |  691스텝 | 배송 79/79 | 재적재 14 | 중계율 0.13 | alpha 2.644 | complete
Ep 165 | 드론6 목적지47 |  426스텝 | 배송 47/47 | 재적재  5 | 중계율 0.11 | alpha 2.621 | complete
Ep 166 | 드론4 목적지77 | 1000스텝 | 배송 70/77 | 재적재 12 | 중계율 0.12 | alpha 2.585 | step_limit
Ep 167 | 드론5 목적지77 | 1000스텝 | 배송 68/77 | 재적재 12 | 중계율 0.24 | alpha 2.538 | step_limit
Ep 168 | 드론6 목적지29 |  416스텝 | 배송 29/29 | 재적재  4 | 중계율 0.20 | alpha 2.523 | complete
Ep 169 | 드론6 목적지59 |  589스텝 | 배송 59/59 | 재적재 10 | 중계율 0.16 | alpha 2.537 | complete
Ep 170 | 드론4 목적지74 | 1000스텝 | 배송 68/74 | 재적재 12 | 중계율 0.18 | alpha 2.567 | step_limit
Ep 171 | 드론5 목적지34 |  594스텝 | 배송 34/34 | 재적재  5 | 중계율 0.12 | alpha 2.600 | complete
Ep 172 | 드론3 목적지43 | 1000스텝 | 배송 40/43 | 재적재  7 | 중계율 0.19 | alpha 2.590 | step_limit
Ep 173 | 드론4 목적지35 | 1000스텝 | 배송 34/35 | 재적재  4 | 중계율 0.25 | alpha 2.583 | step_limit
Ep 174 | 드론6 목적지43 |  571스텝 | 배송 43/43 | 재적재  5 | 중계율 0.09 | alpha 2.597 | complete
Ep 175 | 드론6 목적지30 |  459스텝 | 배송 30/30 | 재적재  3 | 중계율 0.19 | alpha 2.610 | complete
Ep 176 | 드론6 목적지29 |  415스텝 | 배송 29/29 | 재적재  3 | 중계율 0.15 | alpha 2.602 | complete
Ep 177 | 드론3 목적지45 | 1000스텝 | 배송 39/45 | 재적재  7 | 중계율 0.22 | alpha 2.575 | step_limit
Ep 178 | 드론3 목적지20 |  706스텝 | 배송 20/20 | 재적재  2 | 중계율 0.24 | alpha 2.587 | complete
Ep 179 | 드론6 목적지66 |  903스텝 | 배송 66/66 | 재적재 10 | 중계율 0.22 | alpha 2.589 | complete
Ep 180 | 드론6 목적지22 |  196스텝 | 배송 22/22 | 재적재  1 | 중계율 0.09 | alpha 2.587 | complete
Ep 181 | 드론6 목적지77 |  637스텝 | 배송 77/77 | 재적재 13 | 중계율 0.17 | alpha 2.582 | complete
Ep 182 | 드론4 목적지74 |  891스텝 | 배송 74/74 | 재적재 13 | 중계율 0.15 | alpha 2.565 | complete
Ep 183 | 드론6 목적지40 |  345스텝 | 배송 40/40 | 재적재  5 | 중계율 0.10 | alpha 2.544 | complete
Ep 184 | 드론4 목적지77 | 1000스텝 | 배송 76/77 | 재적재 14 | 중계율 0.18 | alpha 2.516 | step_limit
Ep 185 | 드론5 목적지72 |  972스텝 | 배송 72/72 | 재적재 11 | 중계율 0.19 | alpha 2.514 | complete
Ep 186 | 드론5 목적지74 |  617스텝 | 배송 74/74 | 재적재 12 | 중계율 0.10 | alpha 2.510 | complete
Ep 187 | 드론3 목적지65 | 1000스텝 | 배송 64/65 | 재적재 12 | 중계율 0.15 | alpha 2.477 | step_limit
Ep 188 | 드론3 목적지80 | 1000스텝 | 배송 45/80 | 재적재  8 | 중계율 0.22 | alpha 2.454 | step_limit
Ep 189 | 드론5 목적지55 |  630스텝 | 배송 55/55 | 재적재 10 | 중계율 0.14 | alpha 2.437 | complete
Ep 190 | 드론4 목적지36 |  878스텝 | 배송 36/36 | 재적재  5 | 중계율 0.24 | alpha 2.465 | complete
Ep 191 | 드론3 목적지28 |  880스텝 | 배송 28/28 | 재적재  5 | 중계율 0.23 | alpha 2.488 | complete
Ep 192 | 드론6 목적지74 |  844스텝 | 배송 74/74 | 재적재 13 | 중계율 0.11 | alpha 2.468 | complete
Ep 193 | 드론4 목적지61 | 1000스텝 | 배송 54/61 | 재적재  9 | 중계율 0.21 | alpha 2.439 | step_limit
Ep 194 | 드론6 목적지73 |  599스텝 | 배송 73/73 | 재적재 11 | 중계율 0.10 | alpha 2.445 | complete
Ep 195 | 드론5 목적지69 |  989스텝 | 배송 69/69 | 재적재 13 | 중계율 0.20 | alpha 2.446 | complete
Ep 196 | 드론4 목적지47 | 1000스텝 | 배송 42/47 | 재적재  7 | 중계율 0.16 | alpha 2.448 | step_limit
Ep 197 | 드론5 목적지27 |  494스텝 | 배송 27/27 | 재적재  4 | 중계율 0.15 | alpha 2.449 | complete
Ep 198 | 드론4 목적지56 |  999스텝 | 배송 56/56 | 재적재  9 | 중계율 0.17 | alpha 2.424 | complete
Ep 199 | 드론3 목적지57 | 1000스텝 | 배송 52/57 | 재적재  9 | 중계율 0.22 | alpha 2.435 | step_limit
Ep 200 | 드론6 목적지64 |  719스텝 | 배송 64/64 | 재적재 11 | 중계율 0.17 | alpha 2.472 | complete
  [홀드아웃] 배송 49.6±1.2 완주 0.88 스텝 1341 점수 93.0 재적재 7.8 2홉+ 0.65 | 최고 101.1@ep100 정체 2/15
Ep 201 | 드론6 목적지38 |  590스텝 | 배송 38/38 | 재적재  4 | 중계율 0.21 | alpha 2.456 | complete
Ep 202 | 드론3 목적지32 |  853스텝 | 배송 32/32 | 재적재  6 | 중계율 0.26 | alpha 2.480 | complete
Ep 203 | 드론4 목적지23 |  393스텝 | 배송 23/23 | 재적재  4 | 중계율 0.11 | alpha 2.468 | complete
Ep 204 | 드론4 목적지38 |  460스텝 | 배송 38/38 | 재적재  6 | 중계율 0.08 | alpha 2.464 | complete
Ep 205 | 드론4 목적지27 |  445스텝 | 배송 27/27 | 재적재  4 | 중계율 0.14 | alpha 2.463 | complete
Ep 206 | 드론3 목적지58 | 1000스텝 | 배송 51/58 | 재적재  8 | 중계율 0.22 | alpha 2.461 | step_limit
Ep 207 | 드론4 목적지52 | 1000스텝 | 배송 44/52 | 재적재  7 | 중계율 0.22 | alpha 2.441 | step_limit
Ep 208 | 드론4 목적지60 | 1000스텝 | 배송 49/60 | 재적재  8 | 중계율 0.26 | alpha 2.455 | step_limit
Ep 209 | 드론3 목적지72 | 1000스텝 | 배송 60/72 | 재적재 10 | 중계율 0.18 | alpha 2.436 | step_limit
Ep 210 | 드론6 목적지39 |  366스텝 | 배송 39/39 | 재적재  6 | 중계율 0.14 | alpha 2.430 | complete
Ep 211 | 드론3 목적지55 | 1000스텝 | 배송 48/55 | 재적재  7 | 중계율 0.21 | alpha 2.456 | step_limit
Ep 212 | 드론4 목적지62 | 1000스텝 | 배송 62/62 | 재적재 11 | 중계율 0.16 | alpha 2.483 | complete
Ep 213 | 드론5 목적지77 |  710스텝 | 배송 77/77 | 재적재 12 | 중계율 0.10 | alpha 2.483 | complete
Ep 214 | 드론4 목적지44 |  728스텝 | 배송 44/44 | 재적재  8 | 중계율 0.16 | alpha 2.507 | complete
Ep 215 | 드론3 목적지49 | 1000스텝 | 배송 45/49 | 재적재  8 | 중계율 0.24 | alpha 2.472 | step_limit
Ep 216 | 드론6 목적지29 |  375스텝 | 배송 29/29 | 재적재  4 | 중계율 0.14 | alpha 2.476 | complete
Ep 217 | 드론5 목적지36 |  431스텝 | 배송 36/36 | 재적재  4 | 중계율 0.09 | alpha 2.489 | complete
Ep 218 | 드론5 목적지55 |  578스텝 | 배송 55/55 | 재적재  9 | 중계율 0.14 | alpha 2.510 | complete
Ep 219 | 드론3 목적지35 |  943스텝 | 배송 35/35 | 재적재  6 | 중계율 0.21 | alpha 2.515 | complete
Ep 220 | 드론6 목적지73 |  827스텝 | 배송 73/73 | 재적재 13 | 중계율 0.14 | alpha 2.502 | complete
Ep 221 | 드론6 목적지25 |  256스텝 | 배송 25/25 | 재적재  1 | 중계율 0.14 | alpha 2.487 | complete
Ep 222 | 드론4 목적지30 |  518스텝 | 배송 30/30 | 재적재  4 | 중계율 0.15 | alpha 2.463 | complete
Ep 223 | 드론4 목적지45 | 1000스텝 | 배송 40/45 | 재적재  6 | 중계율 0.24 | alpha 2.456 | step_limit
Ep 224 | 드론5 목적지76 | 1000스텝 | 배송 72/76 | 재적재 12 | 중계율 0.27 | alpha 2.460 | step_limit
Ep 225 | 드론5 목적지70 |  676스텝 | 배송 70/70 | 재적재 11 | 중계율 0.12 | alpha 2.447 | complete
Ep 226 | 드론6 목적지73 |  553스텝 | 배송 73/73 | 재적재 13 | 중계율 0.09 | alpha 2.395 | complete
Ep 227 | 드론6 목적지56 |  510스텝 | 배송 56/56 | 재적재  8 | 중계율 0.09 | alpha 2.383 | complete
Ep 228 | 드론5 목적지24 |  340스텝 | 배송 24/24 | 재적재  1 | 중계율 0.16 | alpha 2.385 | complete
Ep 229 | 드론3 목적지32 | 1000스텝 | 배송 31/32 | 재적재  5 | 중계율 0.31 | alpha 2.333 | step_limit
Ep 230 | 드론3 목적지62 | 1000스텝 | 배송 52/62 | 재적재  9 | 중계율 0.18 | alpha 2.364 | step_limit
Ep 231 | 드론3 목적지27 |  694스텝 | 배송 27/27 | 재적재  5 | 중계율 0.20 | alpha 2.368 | complete
Ep 232 | 드론6 목적지27 |  275스텝 | 배송 27/27 | 재적재  2 | 중계율 0.16 | alpha 2.370 | complete
Ep 233 | 드론5 목적지58 | 1000스텝 | 배송 53/58 | 재적재  9 | 중계율 0.18 | alpha 2.381 | step_limit
Ep 234 | 드론4 목적지56 |  774스텝 | 배송 56/56 | 재적재 10 | 중계율 0.14 | alpha 2.413 | complete
Ep 235 | 드론4 목적지49 |  805스텝 | 배송 49/49 | 재적재  8 | 중계율 0.21 | alpha 2.394 | complete
Ep 236 | 드론6 목적지71 |  703스텝 | 배송 71/71 | 재적재 11 | 중계율 0.16 | alpha 2.387 | complete
Ep 237 | 드론5 목적지77 |  827스텝 | 배송 77/77 | 재적재 13 | 중계율 0.13 | alpha 2.370 | complete
Ep 238 | 드론6 목적지27 |  381스텝 | 배송 27/27 | 재적재  2 | 중계율 0.12 | alpha 2.381 | complete
Ep 239 | 드론5 목적지37 |  551스텝 | 배송 37/37 | 재적재  5 | 중계율 0.19 | alpha 2.370 | complete
Ep 240 | 드론6 목적지70 |  662스텝 | 배송 70/70 | 재적재 12 | 중계율 0.10 | alpha 2.370 | complete
Ep 241 | 드론3 목적지46 | 1000스텝 | 배송 42/46 | 재적재  8 | 중계율 0.17 | alpha 2.388 | step_limit
Ep 242 | 드론6 목적지65 |  661스텝 | 배송 65/65 | 재적재 11 | 중계율 0.10 | alpha 2.403 | complete
Ep 243 | 드론5 목적지39 |  500스텝 | 배송 39/39 | 재적재  5 | 중계율 0.14 | alpha 2.394 | complete
Ep 244 | 드론4 목적지51 |  680스텝 | 배송 51/51 | 재적재  8 | 중계율 0.19 | alpha 2.428 | complete
Ep 245 | 드론3 목적지52 | 1000스텝 | 배송 42/52 | 재적재  7 | 중계율 0.27 | alpha 2.419 | step_limit
Ep 246 | 드론5 목적지54 |  437스텝 | 배송 54/54 | 재적재 10 | 중계율 0.10 | alpha 2.413 | complete
Ep 247 | 드론6 목적지69 |  522스텝 | 배송 69/69 | 재적재 11 | 중계율 0.10 | alpha 2.408 | complete
Ep 248 | 드론3 목적지77 | 1000스텝 | 배송 61/77 | 재적재 11 | 중계율 0.16 | alpha 2.391 | step_limit
Ep 249 | 드론5 목적지70 | 1000스텝 | 배송 68/70 | 재적재 11 | 중계율 0.16 | alpha 2.429 | step_limit
Ep 250 | 드론3 목적지51 | 1000스텝 | 배송 43/51 | 재적재  8 | 중계율 0.22 | alpha 2.415 | step_limit
  [홀드아웃] 배송 49.2±2.8 완주 0.90 스텝 1209 점수 96.0 재적재 7.9 2홉+ 0.65 | 최고 101.1@ep100 정체 3/15
Ep 251 | 드론6 목적지33 |  516스텝 | 배송 33/33 | 재적재  2 | 중계율 0.09 | alpha 2.408 | complete
Ep 252 | 드론3 목적지25 |  982스텝 | 배송 25/25 | 재적재  3 | 중계율 0.26 | alpha 2.368 | complete
Ep 253 | 드론5 목적지49 |  820스텝 | 배송 49/49 | 재적재  9 | 중계율 0.21 | alpha 2.417 | complete
Ep 254 | 드론5 목적지26 |  376스텝 | 배송 26/26 | 재적재  3 | 중계율 0.09 | alpha 2.423 | complete
Ep 255 | 드론4 목적지38 |  854스텝 | 배송 38/38 | 재적재  6 | 중계율 0.18 | alpha 2.416 | complete
Ep 256 | 드론4 목적지27 |  627스텝 | 배송 27/27 | 재적재  4 | 중계율 0.20 | alpha 2.402 | complete
Ep 257 | 드론3 목적지44 | 1000스텝 | 배송 37/44 | 재적재  7 | 중계율 0.20 | alpha 2.361 | step_limit
Ep 258 | 드론5 목적지73 |  864스텝 | 배송 73/73 | 재적재 11 | 중계율 0.15 | alpha 2.357 | complete
Ep 259 | 드론5 목적지65 |  688스텝 | 배송 65/65 | 재적재 11 | 중계율 0.13 | alpha 2.357 | complete
Ep 260 | 드론6 목적지49 |  580스텝 | 배송 49/49 | 재적재  7 | 중계율 0.18 | alpha 2.349 | complete
Ep 261 | 드론6 목적지21 |  361스텝 | 배송 21/21 | 재적재  1 | 중계율 0.14 | alpha 2.356 | complete
Ep 262 | 드론3 목적지69 | 1000스텝 | 배송 61/69 | 재적재 11 | 중계율 0.18 | alpha 2.337 | step_limit
Ep 263 | 드론4 목적지40 | 1000스텝 | 배송 38/40 | 재적재  5 | 중계율 0.29 | alpha 2.333 | step_limit
Ep 264 | 드론5 목적지35 |  598스텝 | 배송 35/35 | 재적재  5 | 중계율 0.22 | alpha 2.369 | complete
Ep 265 | 드론6 목적지52 |  340스텝 | 배송 52/52 | 재적재  6 | 중계율 0.08 | alpha 2.378 | complete
Ep 266 | 드론4 목적지33 |  501스텝 | 배송 33/33 | 재적재  5 | 중계율 0.09 | alpha 2.373 | complete
Ep 267 | 드론6 목적지32 |  323스텝 | 배송 32/32 | 재적재  4 | 중계율 0.15 | alpha 2.376 | complete
Ep 268 | 드론4 목적지39 |  942스텝 | 배송 39/39 | 재적재  5 | 중계율 0.21 | alpha 2.396 | complete
Ep 269 | 드론5 목적지71 |  687스텝 | 배송 71/71 | 재적재 12 | 중계율 0.15 | alpha 2.397 | complete
Ep 270 | 드론3 목적지56 | 1000스텝 | 배송 41/56 | 재적재  7 | 중계율 0.23 | alpha 2.415 | step_limit
Ep 271 | 드론5 목적지66 |  853스텝 | 배송 66/66 | 재적재 11 | 중계율 0.16 | alpha 2.419 | complete
Ep 272 | 드론4 목적지33 |  417스텝 | 배송 33/33 | 재적재  5 | 중계율 0.09 | alpha 2.413 | complete
Ep 273 | 드론5 목적지75 |  877스텝 | 배송 75/75 | 재적재 12 | 중계율 0.21 | alpha 2.416 | complete
Ep 274 | 드론4 목적지63 |  779스텝 | 배송 63/63 | 재적재 11 | 중계율 0.13 | alpha 2.369 | complete
Ep 275 | 드론3 목적지46 | 1000스텝 | 배송 45/46 | 재적재  8 | 중계율 0.20 | alpha 2.331 | step_limit
Ep 276 | 드론5 목적지62 | 1000스텝 | 배송 61/62 | 재적재 10 | 중계율 0.23 | alpha 2.316 | step_limit
Ep 277 | 드론6 목적지35 |  329스텝 | 배송 35/35 | 재적재  5 | 중계율 0.10 | alpha 2.328 | complete
Ep 278 | 드론4 목적지79 | 1000스텝 | 배송 77/79 | 재적재 14 | 중계율 0.12 | alpha 2.350 | step_limit
Ep 279 | 드론3 목적지50 |  872스텝 | 배송 50/50 | 재적재  8 | 중계율 0.23 | alpha 2.354 | complete
Ep 280 | 드론3 목적지71 | 1000스텝 | 배송 51/71 | 재적재 10 | 중계율 0.19 | alpha 2.340 | step_limit
Ep 281 | 드론5 목적지52 |  702스텝 | 배송 52/52 | 재적재  9 | 중계율 0.15 | alpha 2.341 | complete
Ep 282 | 드론4 목적지55 |  731스텝 | 배송 55/55 | 재적재  9 | 중계율 0.16 | alpha 2.330 | complete
Ep 283 | 드론4 목적지44 |  612스텝 | 배송 44/44 | 재적재  7 | 중계율 0.11 | alpha 2.289 | complete
Ep 284 | 드론6 목적지61 |  515스텝 | 배송 61/61 | 재적재 10 | 중계율 0.11 | alpha 2.281 | complete
Ep 285 | 드론6 목적지61 |  419스텝 | 배송 61/61 | 재적재  9 | 중계율 0.09 | alpha 2.302 | complete
Ep 286 | 드론6 목적지35 |  312스텝 | 배송 35/35 | 재적재  4 | 중계율 0.09 | alpha 2.288 | complete
Ep 287 | 드론5 목적지42 |  459스텝 | 배송 42/42 | 재적재  5 | 중계율 0.10 | alpha 2.265 | complete
Ep 288 | 드론4 목적지26 |  500스텝 | 배송 26/26 | 재적재  3 | 중계율 0.23 | alpha 2.262 | complete
Ep 289 | 드론5 목적지71 |  592스텝 | 배송 71/71 | 재적재 12 | 중계율 0.10 | alpha 2.271 | complete
Ep 290 | 드론3 목적지34 |  777스텝 | 배송 34/34 | 재적재  5 | 중계율 0.19 | alpha 2.263 | complete
Ep 291 | 드론6 목적지70 |  642스텝 | 배송 70/70 | 재적재 13 | 중계율 0.12 | alpha 2.261 | complete
Ep 292 | 드론6 목적지25 |  228스텝 | 배송 25/25 | 재적재  2 | 중계율 0.11 | alpha 2.274 | complete
Ep 293 | 드론5 목적지78 |  784스텝 | 배송 78/78 | 재적재 13 | 중계율 0.14 | alpha 2.294 | complete
Ep 294 | 드론4 목적지63 | 1000스텝 | 배송 62/63 | 재적재 11 | 중계율 0.20 | alpha 2.301 | step_limit
Ep 295 | 드론3 목적지40 |  991스텝 | 배송 40/40 | 재적재  7 | 중계율 0.20 | alpha 2.284 | complete
Ep 296 | 드론3 목적지78 | 1000스텝 | 배송 61/78 | 재적재 12 | 중계율 0.16 | alpha 2.307 | step_limit
Ep 297 | 드론3 목적지76 | 1000스텝 | 배송 63/76 | 재적재 11 | 중계율 0.16 | alpha 2.299 | step_limit
Ep 298 | 드론5 목적지42 |  559스텝 | 배송 42/42 | 재적재  6 | 중계율 0.12 | alpha 2.301 | complete
Ep 299 | 드론5 목적지34 |  680스텝 | 배송 34/34 | 재적재  5 | 중계율 0.22 | alpha 2.288 | complete
Ep 300 | 드론6 목적지73 |  929스텝 | 배송 73/73 | 재적재 13 | 중계율 0.16 | alpha 2.306 | complete
  [홀드아웃] 배송 49.9±0.3 완주 0.95 스텝 1215 점수 101.0 재적재 8.1 2홉+ 0.65 | 최고 101.1@ep100 정체 4/15
Ep 301 | 드론5 목적지74 |  587스텝 | 배송 74/74 | 재적재 13 | 중계율 0.09 | alpha 2.311 | complete
Ep 302 | 드론3 목적지56 | 1000스텝 | 배송 53/56 | 재적재  9 | 중계율 0.23 | alpha 2.316 | step_limit
Ep 303 | 드론6 목적지24 |  259스텝 | 배송 24/24 | 재적재  0 | 중계율 0.16 | alpha 2.324 | complete
Ep 304 | 드론5 목적지67 |  709스텝 | 배송 67/67 | 재적재 11 | 중계율 0.17 | alpha 2.325 | complete
Ep 305 | 드론4 목적지69 | 1000스텝 | 배송 65/69 | 재적재 11 | 중계율 0.22 | alpha 2.309 | step_limit
Ep 306 | 드론4 목적지30 |  469스텝 | 배송 30/30 | 재적재  4 | 중계율 0.13 | alpha 2.308 | complete
Ep 307 | 드론6 목적지46 |  454스텝 | 배송 46/46 | 재적재  7 | 중계율 0.09 | alpha 2.306 | complete
Ep 308 | 드론3 목적지45 | 1000스텝 | 배송 42/45 | 재적재  8 | 중계율 0.22 | alpha 2.301 | step_limit
Ep 309 | 드론6 목적지80 |  819스텝 | 배송 80/80 | 재적재 13 | 중계율 0.15 | alpha 2.262 | complete
Ep 310 | 드론4 목적지26 |  402스텝 | 배송 26/26 | 재적재  3 | 중계율 0.11 | alpha 2.283 | complete
Ep 311 | 드론3 목적지52 | 1000스텝 | 배송 42/52 | 재적재  6 | 중계율 0.11 | alpha 2.292 | step_limit
Ep 312 | 드론3 목적지42 |  901스텝 | 배송 42/42 | 재적재  7 | 중계율 0.19 | alpha 2.258 | complete
Ep 313 | 드론3 목적지60 | 1000스텝 | 배송 55/60 | 재적재  9 | 중계율 0.25 | alpha 2.264 | step_limit
Ep 314 | 드론3 목적지78 | 1000스텝 | 배송 51/78 | 재적재  9 | 중계율 0.18 | alpha 2.275 | step_limit
Ep 315 | 드론5 목적지51 |  906스텝 | 배송 51/51 | 재적재  9 | 중계율 0.25 | alpha 2.283 | complete
Ep 316 | 드론5 목적지58 |  481스텝 | 배송 58/58 | 재적재 10 | 중계율 0.10 | alpha 2.304 | complete
Ep 317 | 드론5 목적지75 |  955스텝 | 배송 75/75 | 재적재 14 | 중계율 0.13 | alpha 2.301 | complete
Ep 318 | 드론6 목적지56 |  674스텝 | 배송 56/56 | 재적재  8 | 중계율 0.14 | alpha 2.312 | complete
Ep 319 | 드론4 목적지69 | 1000스텝 | 배송 66/69 | 재적재 10 | 중계율 0.23 | alpha 2.283 | step_limit
Ep 320 | 드론5 목적지45 |  662스텝 | 배송 45/45 | 재적재  6 | 중계율 0.23 | alpha 2.280 | complete
Ep 321 | 드론5 목적지28 |  450스텝 | 배송 28/28 | 재적재  4 | 중계율 0.17 | alpha 2.323 | complete
Ep 322 | 드론5 목적지59 |  516스텝 | 배송 59/59 | 재적재  9 | 중계율 0.09 | alpha 2.340 | complete
Ep 323 | 드론3 목적지44 | 1000스텝 | 배송 39/44 | 재적재  7 | 중계율 0.25 | alpha 2.312 | step_limit
Ep 324 | 드론3 목적지25 |  477스텝 | 배송 25/25 | 재적재  3 | 중계율 0.14 | alpha 2.301 | complete
Ep 325 | 드론6 목적지65 |  544스텝 | 배송 65/65 | 재적재 10 | 중계율 0.09 | alpha 2.293 | complete
Ep 326 | 드론4 목적지31 |  623스텝 | 배송 31/31 | 재적재  4 | 중계율 0.21 | alpha 2.300 | complete
Ep 327 | 드론6 목적지67 |  623스텝 | 배송 67/67 | 재적재 12 | 중계율 0.15 | alpha 2.294 | complete
Ep 328 | 드론4 목적지65 | 1000스텝 | 배송 61/65 | 재적재 10 | 중계율 0.15 | alpha 2.316 | step_limit
Ep 329 | 드론6 목적지33 |  310스텝 | 배송 33/33 | 재적재  5 | 중계율 0.13 | alpha 2.314 | complete
Ep 330 | 드론5 목적지76 | 1000스텝 | 배송 73/76 | 재적재 12 | 중계율 0.14 | alpha 2.301 | step_limit
Ep 331 | 드론4 목적지76 | 1000스텝 | 배송 74/76 | 재적재 13 | 중계율 0.17 | alpha 2.309 | step_limit
Ep 332 | 드론6 목적지75 |  547스텝 | 배송 75/75 | 재적재 13 | 중계율 0.09 | alpha 2.305 | complete
Ep 333 | 드론4 목적지26 |  403스텝 | 배송 26/26 | 재적재  3 | 중계율 0.12 | alpha 2.312 | complete
Ep 334 | 드론3 목적지63 | 1000스텝 | 배송 55/63 | 재적재 10 | 중계율 0.18 | alpha 2.341 | step_limit
Ep 335 | 드론5 목적지28 |  471스텝 | 배송 28/28 | 재적재  4 | 중계율 0.17 | alpha 2.358 | complete
Ep 336 | 드론3 목적지54 | 1000스텝 | 배송 39/54 | 재적재  7 | 중계율 0.20 | alpha 2.362 | step_limit
Ep 337 | 드론4 목적지65 | 1000스텝 | 배송 51/65 | 재적재  9 | 중계율 0.25 | alpha 2.376 | step_limit
Ep 338 | 드론4 목적지68 | 1000스텝 | 배송 66/68 | 재적재 12 | 중계율 0.20 | alpha 2.345 | step_limit
Ep 339 | 드론5 목적지47 |  561스텝 | 배송 47/47 | 재적재  8 | 중계율 0.11 | alpha 2.332 | complete
Ep 340 | 드론4 목적지73 | 1000스텝 | 배송 65/73 | 재적재 11 | 중계율 0.28 | alpha 2.326 | step_limit
Ep 341 | 드론4 목적지64 | 1000스텝 | 배송 55/64 | 재적재  9 | 중계율 0.26 | alpha 2.345 | step_limit
Ep 342 | 드론4 목적지26 |  658스텝 | 배송 26/26 | 재적재  4 | 중계율 0.18 | alpha 2.362 | complete
Ep 343 | 드론6 목적지58 |  498스텝 | 배송 58/58 | 재적재 10 | 중계율 0.12 | alpha 2.361 | complete
Ep 344 | 드론5 목적지23 |  293스텝 | 배송 23/23 | 재적재  2 | 중계율 0.10 | alpha 2.338 | complete
Ep 345 | 드론5 목적지53 |  755스텝 | 배송 53/53 | 재적재  9 | 중계율 0.19 | alpha 2.342 | complete
Ep 346 | 드론4 목적지21 |  418스텝 | 배송 21/21 | 재적재  2 | 중계율 0.12 | alpha 2.345 | complete
Ep 347 | 드론6 목적지39 |  384스텝 | 배송 39/39 | 재적재  6 | 중계율 0.15 | alpha 2.332 | complete
Ep 348 | 드론6 목적지46 |  316스텝 | 배송 46/46 | 재적재  6 | 중계율 0.08 | alpha 2.338 | complete
Ep 349 | 드론5 목적지37 |  354스텝 | 배송 37/37 | 재적재  5 | 중계율 0.12 | alpha 2.334 | complete
Ep 350 | 드론3 목적지42 | 1000스텝 | 배송 41/42 | 재적재  8 | 중계율 0.23 | alpha 2.328 | step_limit
  [홀드아웃] 배송 49.1±4.0 완주 0.93 스텝 1080 점수 98.9 재적재 8.1 2홉+ 0.64 | 최고 101.1@ep100 정체 5/15
Ep 351 | 드론6 목적지54 |  475스텝 | 배송 54/54 | 재적재  8 | 중계율 0.14 | alpha 2.304 | complete
Ep 352 | 드론5 목적지69 |  738스텝 | 배송 69/69 | 재적재 11 | 중계율 0.18 | alpha 2.300 | complete
Ep 353 | 드론3 목적지44 |  873스텝 | 배송 44/44 | 재적재  7 | 중계율 0.18 | alpha 2.330 | complete
Ep 354 | 드론4 목적지49 |  554스텝 | 배송 49/49 | 재적재  7 | 중계율 0.15 | alpha 2.329 | complete
Ep 355 | 드론3 목적지28 |  578스텝 | 배송 28/28 | 재적재  5 | 중계율 0.15 | alpha 2.344 | complete
Ep 356 | 드론3 목적지79 | 1000스텝 | 배송 67/79 | 재적재 12 | 중계율 0.16 | alpha 2.320 | step_limit
Ep 357 | 드론5 목적지71 |  592스텝 | 배송 71/71 | 재적재 12 | 중계율 0.06 | alpha 2.311 | complete
Ep 358 | 드론3 목적지30 |  771스텝 | 배송 30/30 | 재적재  5 | 중계율 0.24 | alpha 2.328 | complete
Ep 359 | 드론4 목적지74 | 1000스텝 | 배송 67/74 | 재적재 13 | 중계율 0.13 | alpha 2.340 | step_limit
Ep 360 | 드론5 목적지47 |  494스텝 | 배송 47/47 | 재적재  7 | 중계율 0.14 | alpha 2.346 | complete
Ep 361 | 드론4 목적지43 |  792스텝 | 배송 43/43 | 재적재  7 | 중계율 0.22 | alpha 2.360 | complete
Ep 362 | 드론6 목적지78 |  534스텝 | 배송 78/78 | 재적재 13 | 중계율 0.10 | alpha 2.342 | complete
Ep 363 | 드론5 목적지70 |  710스텝 | 배송 70/70 | 재적재 12 | 중계율 0.12 | alpha 2.319 | complete
Ep 364 | 드론3 목적지64 | 1000스텝 | 배송 55/64 | 재적재 10 | 중계율 0.24 | alpha 2.303 | step_limit
Ep 365 | 드론3 목적지63 | 1000스텝 | 배송 54/63 | 재적재  9 | 중계율 0.22 | alpha 2.255 | step_limit
Ep 366 | 드론4 목적지44 |  659스텝 | 배송 44/44 | 재적재  7 | 중계율 0.19 | alpha 2.270 | complete
Ep 367 | 드론5 목적지38 |  557스텝 | 배송 38/38 | 재적재  6 | 중계율 0.16 | alpha 2.268 | complete
Ep 368 | 드론3 목적지37 |  748스텝 | 배송 37/37 | 재적재  6 | 중계율 0.14 | alpha 2.250 | complete
Ep 369 | 드론3 목적지42 |  765스텝 | 배송 42/42 | 재적재  7 | 중계율 0.17 | alpha 2.249 | complete
Ep 370 | 드론4 목적지70 | 1000스텝 | 배송 64/70 | 재적재 10 | 중계율 0.24 | alpha 2.259 | step_limit
Ep 371 | 드론4 목적지40 |  609스텝 | 배송 40/40 | 재적재  6 | 중계율 0.15 | alpha 2.260 | complete
Ep 372 | 드론5 목적지29 |  327스텝 | 배송 29/29 | 재적재  4 | 중계율 0.12 | alpha 2.261 | complete
Ep 373 | 드론3 목적지79 | 1000스텝 | 배송 62/79 | 재적재 12 | 중계율 0.15 | alpha 2.236 | step_limit
Ep 374 | 드론4 목적지40 |  693스텝 | 배송 40/40 | 재적재  6 | 중계율 0.22 | alpha 2.254 | complete
Ep 375 | 드론3 목적지28 |  571스텝 | 배송 28/28 | 재적재  5 | 중계율 0.11 | alpha 2.271 | complete
Ep 376 | 드론4 목적지40 |  785스텝 | 배송 40/40 | 재적재  6 | 중계율 0.25 | alpha 2.267 | complete
Ep 377 | 드론3 목적지72 | 1000스텝 | 배송 58/72 | 재적재 10 | 중계율 0.26 | alpha 2.291 | step_limit
Ep 378 | 드론6 목적지61 |  493스텝 | 배송 61/61 | 재적재 10 | 중계율 0.09 | alpha 2.282 | complete
Ep 379 | 드론5 목적지68 |  777스텝 | 배송 68/68 | 재적재 11 | 중계율 0.15 | alpha 2.269 | complete
Ep 380 | 드론3 목적지24 |  854스텝 | 배송 24/24 | 재적재  4 | 중계율 0.23 | alpha 2.236 | complete
Ep 381 | 드론4 목적지52 | 1000스텝 | 배송 45/52 | 재적재  7 | 중계율 0.24 | alpha 2.234 | step_limit
Ep 382 | 드론5 목적지35 |  465스텝 | 배송 35/35 | 재적재  5 | 중계율 0.14 | alpha 2.224 | complete
Ep 383 | 드론3 목적지47 | 1000스텝 | 배송 43/47 | 재적재  8 | 중계율 0.22 | alpha 2.182 | step_limit
Ep 384 | 드론4 목적지28 |  429스텝 | 배송 28/28 | 재적재  4 | 중계율 0.15 | alpha 2.180 | complete
Ep 385 | 드론5 목적지70 |  678스텝 | 배송 70/70 | 재적재 12 | 중계율 0.13 | alpha 2.191 | complete
Ep 386 | 드론5 목적지71 |  770스텝 | 배송 71/71 | 재적재 13 | 중계율 0.14 | alpha 2.202 | complete
Ep 387 | 드론4 목적지49 |  708스텝 | 배송 49/49 | 재적재  8 | 중계율 0.14 | alpha 2.206 | complete
Ep 388 | 드론4 목적지21 |  474스텝 | 배송 21/21 | 재적재  3 | 중계율 0.23 | alpha 2.211 | complete
Ep 389 | 드론5 목적지60 |  820스텝 | 배송 60/60 | 재적재 10 | 중계율 0.12 | alpha 2.242 | complete
Ep 390 | 드론5 목적지30 |  393스텝 | 배송 30/30 | 재적재  5 | 중계율 0.12 | alpha 2.246 | complete
Ep 391 | 드론3 목적지51 |  772스텝 | 배송 51/51 | 재적재  9 | 중계율 0.07 | alpha 2.283 | complete
Ep 392 | 드론4 목적지39 |  721스텝 | 배송 39/39 | 재적재  6 | 중계율 0.21 | alpha 2.293 | complete
Ep 393 | 드론6 목적지73 |  611스텝 | 배송 73/73 | 재적재 12 | 중계율 0.09 | alpha 2.312 | complete
Ep 394 | 드론3 목적지32 |  848스텝 | 배송 32/32 | 재적재  5 | 중계율 0.24 | alpha 2.327 | complete
Ep 395 | 드론6 목적지70 |  710스텝 | 배송 70/70 | 재적재 12 | 중계율 0.10 | alpha 2.312 | complete
Ep 396 | 드론6 목적지28 |  421스텝 | 배송 28/28 | 재적재  4 | 중계율 0.12 | alpha 2.307 | complete
Ep 397 | 드론3 목적지39 | 1000스텝 | 배송 38/39 | 재적재  7 | 중계율 0.22 | alpha 2.289 | step_limit
Ep 398 | 드론4 목적지40 |  647스텝 | 배송 40/40 | 재적재  6 | 중계율 0.19 | alpha 2.292 | complete
Ep 399 | 드론3 목적지51 | 1000스텝 | 배송 48/51 | 재적재  8 | 중계율 0.20 | alpha 2.233 | step_limit
Ep 400 | 드론3 목적지79 | 1000스텝 | 배송 60/79 | 재적재 10 | 중계율 0.21 | alpha 2.237 | step_limit
  [홀드아웃] 배송 50.0±0.0 완주 1.00 스텝 1105 점수 106.3 재적재 8.2 2홉+ 0.64 | 최고 106.3@ep400 정체 0/15  ← 갱신
Ep 401 | 드론3 목적지63 | 1000스텝 | 배송 60/63 | 재적재 10 | 중계율 0.16 | alpha 2.190 | step_limit
Ep 402 | 드론3 목적지32 |  717스텝 | 배송 32/32 | 재적재  6 | 중계율 0.20 | alpha 2.167 | complete
Ep 403 | 드론4 목적지76 |  906스텝 | 배송 76/76 | 재적재 14 | 중계율 0.20 | alpha 2.168 | complete
Ep 404 | 드론5 목적지23 |  219스텝 | 배송 23/23 | 재적재  1 | 중계율 0.11 | alpha 2.157 | complete
Ep 405 | 드론4 목적지67 | 1000스텝 | 배송 64/67 | 재적재 12 | 중계율 0.20 | alpha 2.215 | step_limit
Ep 406 | 드론4 목적지48 |  679스텝 | 배송 48/48 | 재적재  8 | 중계율 0.16 | alpha 2.226 | complete
Ep 407 | 드론3 목적지72 | 1000스텝 | 배송 58/72 | 재적재 10 | 중계율 0.15 | alpha 2.240 | step_limit
Ep 408 | 드론6 목적지79 | 1000스텝 | 배송 76/79 | 재적재 13 | 중계율 0.19 | alpha 2.214 | step_limit
Ep 409 | 드론6 목적지28 |  258스텝 | 배송 28/28 | 재적재  3 | 중계율 0.08 | alpha 2.244 | complete
Ep 410 | 드론6 목적지46 |  528스텝 | 배송 46/46 | 재적재  7 | 중계율 0.14 | alpha 2.258 | complete
Ep 411 | 드론6 목적지69 |  732스텝 | 배송 69/69 | 재적재 11 | 중계율 0.19 | alpha 2.293 | complete
Ep 412 | 드론3 목적지47 | 1000스텝 | 배송 44/47 | 재적재  8 | 중계율 0.22 | alpha 2.290 | step_limit
Ep 413 | 드론5 목적지45 |  501스텝 | 배송 45/45 | 재적재  7 | 중계율 0.16 | alpha 2.292 | complete
Ep 414 | 드론3 목적지76 | 1000스텝 | 배송 52/76 | 재적재  9 | 중계율 0.15 | alpha 2.245 | step_limit
Ep 415 | 드론4 목적지79 | 1000스텝 | 배송 76/79 | 재적재 13 | 중계율 0.18 | alpha 2.273 | step_limit
Ep 416 | 드론3 목적지20 |  582스텝 | 배송 20/20 | 재적재  2 | 중계율 0.20 | alpha 2.273 | complete
Ep 417 | 드론3 목적지45 |  800스텝 | 배송 45/45 | 재적재  8 | 중계율 0.19 | alpha 2.318 | complete
Ep 418 | 드론4 목적지75 | 1000스텝 | 배송 66/75 | 재적재 13 | 중계율 0.15 | alpha 2.277 | step_limit
Ep 419 | 드론6 목적지78 |  695스텝 | 배송 78/78 | 재적재 13 | 중계율 0.17 | alpha 2.252 | complete
Ep 420 | 드론6 목적지33 |  280스텝 | 배송 33/33 | 재적재  5 | 중계율 0.07 | alpha 2.261 | complete
Ep 421 | 드론4 목적지62 | 1000스텝 | 배송 59/62 | 재적재 11 | 중계율 0.23 | alpha 2.271 | step_limit
Ep 422 | 드론6 목적지51 |  564스텝 | 배송 51/51 | 재적재  8 | 중계율 0.17 | alpha 2.273 | complete
Ep 423 | 드론4 목적지44 |  577스텝 | 배송 44/44 | 재적재  6 | 중계율 0.19 | alpha 2.273 | complete
Ep 424 | 드론4 목적지33 |  780스텝 | 배송 33/33 | 재적재  6 | 중계율 0.26 | alpha 2.296 | complete
Ep 425 | 드론3 목적지33 |  673스텝 | 배송 33/33 | 재적재  5 | 중계율 0.10 | alpha 2.315 | complete
Ep 426 | 드론5 목적지24 |  335스텝 | 배송 24/24 | 재적재  4 | 중계율 0.15 | alpha 2.325 | complete
Ep 427 | 드론4 목적지64 | 1000스텝 | 배송 60/64 | 재적재 10 | 중계율 0.26 | alpha 2.305 | step_limit
Ep 428 | 드론6 목적지53 |  617스텝 | 배송 53/53 | 재적재 10 | 중계율 0.22 | alpha 2.296 | complete
Ep 429 | 드론4 목적지36 |  559스텝 | 배송 36/36 | 재적재  6 | 중계율 0.15 | alpha 2.268 | complete
Ep 430 | 드론6 목적지48 |  424스텝 | 배송 48/48 | 재적재  7 | 중계율 0.11 | alpha 2.264 | complete
Ep 431 | 드론3 목적지56 | 1000스텝 | 배송 43/56 | 재적재  7 | 중계율 0.25 | alpha 2.249 | step_limit
Ep 432 | 드론4 목적지45 |  532스텝 | 배송 45/45 | 재적재  8 | 중계율 0.11 | alpha 2.229 | complete
Ep 433 | 드론5 목적지25 |  345스텝 | 배송 25/25 | 재적재  4 | 중계율 0.14 | alpha 2.273 | complete
Ep 434 | 드론4 목적지58 |  887스텝 | 배송 58/58 | 재적재 10 | 중계율 0.21 | alpha 2.281 | complete
Ep 435 | 드론4 목적지72 | 1000스텝 | 배송 50/72 | 재적재  8 | 중계율 0.30 | alpha 2.311 | step_limit
Ep 436 | 드론3 목적지71 | 1000스텝 | 배송 61/71 | 재적재 12 | 중계율 0.14 | alpha 2.303 | step_limit
Ep 437 | 드론3 목적지53 | 1000스텝 | 배송 50/53 | 재적재  9 | 중계율 0.19 | alpha 2.293 | step_limit
Ep 438 | 드론6 목적지31 |  389스텝 | 배송 31/31 | 재적재  4 | 중계율 0.15 | alpha 2.298 | complete
Ep 439 | 드론6 목적지77 |  633스텝 | 배송 77/77 | 재적재 13 | 중계율 0.11 | alpha 2.308 | complete
Ep 440 | 드론4 목적지73 | 1000스텝 | 배송 68/73 | 재적재 12 | 중계율 0.21 | alpha 2.304 | step_limit
Ep 441 | 드론5 목적지27 |  271스텝 | 배송 27/27 | 재적재  4 | 중계율 0.11 | alpha 2.286 | complete
Ep 442 | 드론4 목적지20 |  403스텝 | 배송 20/20 | 재적재  3 | 중계율 0.17 | alpha 2.276 | complete
Ep 443 | 드론5 목적지73 |  729스텝 | 배송 73/73 | 재적재 14 | 중계율 0.10 | alpha 2.288 | complete
Ep 444 | 드론3 목적지56 | 1000스텝 | 배송 50/56 | 재적재  8 | 중계율 0.15 | alpha 2.336 | step_limit
Ep 445 | 드론5 목적지20 |  291스텝 | 배송 20/20 | 재적재  1 | 중계율 0.18 | alpha 2.341 | complete
Ep 446 | 드론3 목적지26 |  675스텝 | 배송 26/26 | 재적재  3 | 중계율 0.20 | alpha 2.359 | complete
Ep 447 | 드론4 목적지41 |  491스텝 | 배송 41/41 | 재적재  6 | 중계율 0.13 | alpha 2.340 | complete
Ep 448 | 드론6 목적지73 |  522스텝 | 배송 73/73 | 재적재 10 | 중계율 0.11 | alpha 2.324 | complete
Ep 449 | 드론4 목적지56 | 1000스텝 | 배송 54/56 | 재적재  9 | 중계율 0.17 | alpha 2.316 | step_limit
Ep 450 | 드론4 목적지35 |  648스텝 | 배송 35/35 | 재적재  5 | 중계율 0.23 | alpha 2.309 | complete
  [홀드아웃] 배송 49.7±1.9 완주 0.97 스텝 1030 점수 104.1 재적재 7.9 2홉+ 0.64 | 최고 106.3@ep400 정체 1/15
Ep 451 | 드론5 목적지77 |  604스텝 | 배송 77/77 | 재적재 13 | 중계율 0.09 | alpha 2.303 | complete
Ep 452 | 드론3 목적지22 |  625스텝 | 배송 22/22 | 재적재  3 | 중계율 0.26 | alpha 2.302 | complete
Ep 453 | 드론6 목적지47 |  449스텝 | 배송 47/47 | 재적재  8 | 중계율 0.11 | alpha 2.303 | complete
Ep 454 | 드론5 목적지72 |  754스텝 | 배송 72/72 | 재적재 12 | 중계율 0.16 | alpha 2.353 | complete
Ep 455 | 드론6 목적지63 |  649스텝 | 배송 63/63 | 재적재  9 | 중계율 0.18 | alpha 2.368 | complete
Ep 456 | 드론4 목적지73 | 1000스텝 | 배송 71/73 | 재적재 13 | 중계율 0.23 | alpha 2.354 | step_limit
Ep 457 | 드론5 목적지36 |  424스텝 | 배송 36/36 | 재적재  4 | 중계율 0.19 | alpha 2.358 | complete
Ep 458 | 드론5 목적지78 |  726스텝 | 배송 78/78 | 재적재 13 | 중계율 0.13 | alpha 2.347 | complete
Ep 459 | 드론5 목적지45 |  767스텝 | 배송 45/45 | 재적재  7 | 중계율 0.19 | alpha 2.351 | complete
Ep 460 | 드론4 목적지70 | 1000스텝 | 배송 52/70 | 재적재  8 | 중계율 0.18 | alpha 2.378 | step_limit
Ep 461 | 드론3 목적지39 |  657스텝 | 배송 39/39 | 재적재  6 | 중계율 0.16 | alpha 2.373 | complete
Ep 462 | 드론5 목적지62 |  769스텝 | 배송 62/62 | 재적재 10 | 중계율 0.19 | alpha 2.355 | complete
Ep 463 | 드론4 목적지67 | 1000스텝 | 배송 65/67 | 재적재 10 | 중계율 0.16 | alpha 2.343 | step_limit
Ep 464 | 드론4 목적지33 |  518스텝 | 배송 33/33 | 재적재  6 | 중계율 0.12 | alpha 2.354 | complete
Ep 465 | 드론5 목적지80 |  957스텝 | 배송 80/80 | 재적재 13 | 중계율 0.24 | alpha 2.324 | complete
Ep 466 | 드론6 목적지42 |  489스텝 | 배송 42/42 | 재적재  5 | 중계율 0.13 | alpha 2.305 | complete
Ep 467 | 드론4 목적지63 |  966스텝 | 배송 63/63 | 재적재 12 | 중계율 0.13 | alpha 2.309 | complete
Ep 468 | 드론3 목적지78 | 1000스텝 | 배송 65/78 | 재적재 12 | 중계율 0.18 | alpha 2.345 | step_limit
Ep 469 | 드론5 목적지48 |  586스텝 | 배송 48/48 | 재적재  8 | 중계율 0.13 | alpha 2.316 | complete
Ep 470 | 드론5 목적지70 |  870스텝 | 배송 70/70 | 재적재 12 | 중계율 0.20 | alpha 2.339 | complete
Ep 471 | 드론4 목적지24 |  379스텝 | 배송 24/24 | 재적재  3 | 중계율 0.11 | alpha 2.366 | complete
Ep 472 | 드론6 목적지62 |  706스텝 | 배송 62/62 | 재적재 11 | 중계율 0.14 | alpha 2.376 | complete
Ep 473 | 드론4 목적지30 |  689스텝 | 배송 30/30 | 재적재  3 | 중계율 0.27 | alpha 2.370 | complete
Ep 474 | 드론4 목적지37 |  600스텝 | 배송 37/37 | 재적재  6 | 중계율 0.20 | alpha 2.403 | complete
Ep 475 | 드론3 목적지71 | 1000스텝 | 배송 47/71 | 재적재  8 | 중계율 0.13 | alpha 2.446 | step_limit
Ep 476 | 드론3 목적지29 |  678스텝 | 배송 29/29 | 재적재  5 | 중계율 0.15 | alpha 2.431 | complete
Ep 477 | 드론4 목적지36 |  968스텝 | 배송 36/36 | 재적재  6 | 중계율 0.21 | alpha 2.412 | complete
Ep 478 | 드론3 목적지52 | 1000스텝 | 배송 50/52 | 재적재  8 | 중계율 0.21 | alpha 2.405 | step_limit
Ep 479 | 드론5 목적지75 |  911스텝 | 배송 75/75 | 재적재 12 | 중계율 0.17 | alpha 2.413 | complete
Ep 480 | 드론6 목적지64 |  492스텝 | 배송 64/64 | 재적재 11 | 중계율 0.11 | alpha 2.408 | complete
Ep 481 | 드론4 목적지70 | 1000스텝 | 배송 66/70 | 재적재 13 | 중계율 0.20 | alpha 2.417 | step_limit
Ep 482 | 드론6 목적지39 |  429스텝 | 배송 39/39 | 재적재  5 | 중계율 0.10 | alpha 2.419 | complete
Ep 483 | 드론5 목적지51 |  504스텝 | 배송 51/51 | 재적재  8 | 중계율 0.15 | alpha 2.421 | complete
Ep 484 | 드론5 목적지43 |  507스텝 | 배송 43/43 | 재적재  6 | 중계율 0.15 | alpha 2.422 | complete
Ep 485 | 드론4 목적지36 |  746스텝 | 배송 36/36 | 재적재  5 | 중계율 0.15 | alpha 2.400 | complete
Ep 486 | 드론4 목적지53 |  749스텝 | 배송 53/53 | 재적재  9 | 중계율 0.16 | alpha 2.398 | complete
Ep 487 | 드론6 목적지34 |  309스텝 | 배송 34/34 | 재적재  5 | 중계율 0.12 | alpha 2.410 | complete
Ep 488 | 드론3 목적지73 | 1000스텝 | 배송 51/73 | 재적재 10 | 중계율 0.21 | alpha 2.385 | step_limit
Ep 489 | 드론5 목적지52 |  627스텝 | 배송 52/52 | 재적재  9 | 중계율 0.12 | alpha 2.376 | complete
Ep 490 | 드론6 목적지40 |  448스텝 | 배송 40/40 | 재적재  5 | 중계율 0.13 | alpha 2.383 | complete
Ep 491 | 드론3 목적지47 |  795스텝 | 배송 47/47 | 재적재  8 | 중계율 0.13 | alpha 2.371 | complete
Ep 492 | 드론3 목적지71 | 1000스텝 | 배송 48/71 | 재적재  9 | 중계율 0.16 | alpha 2.389 | step_limit
Ep 493 | 드론4 목적지46 |  739스텝 | 배송 46/46 | 재적재  8 | 중계율 0.15 | alpha 2.405 | complete
Ep 494 | 드론3 목적지47 | 1000스텝 | 배송 43/47 | 재적재  6 | 중계율 0.22 | alpha 2.401 | step_limit
Ep 495 | 드론4 목적지45 |  642스텝 | 배송 45/45 | 재적재  7 | 중계율 0.19 | alpha 2.434 | complete
Ep 496 | 드론5 목적지65 |  860스텝 | 배송 65/65 | 재적재 12 | 중계율 0.13 | alpha 2.396 | complete
Ep 497 | 드론3 목적지35 |  553스텝 | 배송 35/35 | 재적재  5 | 중계율 0.16 | alpha 2.413 | complete
Ep 498 | 드론5 목적지39 |  710스텝 | 배송 39/39 | 재적재  7 | 중계율 0.23 | alpha 2.436 | complete
Ep 499 | 드론5 목적지28 |  450스텝 | 배송 28/28 | 재적재  4 | 중계율 0.14 | alpha 2.435 | complete
Ep 500 | 드론4 목적지49 | 1000스텝 | 배송 42/49 | 재적재  6 | 중계율 0.27 | alpha 2.419 | step_limit
  [홀드아웃] 배송 50.0±0.3 완주 0.97 스텝 1136 점수 103.7 재적재 8.3 2홉+ 0.63 | 최고 106.3@ep400 정체 2/15
Ep 501 | 드론5 목적지26 |  375스텝 | 배송 26/26 | 재적재  4 | 중계율 0.17 | alpha 2.382 | complete
Ep 502 | 드론6 목적지69 |  738스텝 | 배송 69/69 | 재적재 10 | 중계율 0.08 | alpha 2.397 | complete
Ep 503 | 드론6 목적지44 |  341스텝 | 배송 44/44 | 재적재  6 | 중계율 0.10 | alpha 2.406 | complete
Ep 504 | 드론6 목적지34 |  425스텝 | 배송 34/34 | 재적재  4 | 중계율 0.17 | alpha 2.426 | complete
Ep 505 | 드론6 목적지77 | 1000스텝 | 배송 73/77 | 재적재 13 | 중계율 0.27 | alpha 2.452 | step_limit
Ep 506 | 드론6 목적지55 |  546스텝 | 배송 55/55 | 재적재  8 | 중계율 0.09 | alpha 2.469 | complete
Ep 507 | 드론3 목적지61 |  957스텝 | 배송 61/61 | 재적재 11 | 중계율 0.13 | alpha 2.422 | complete
Ep 508 | 드론4 목적지24 |  492스텝 | 배송 24/24 | 재적재  3 | 중계율 0.14 | alpha 2.424 | complete
Ep 509 | 드론3 목적지48 | 1000스텝 | 배송 41/48 | 재적재  8 | 중계율 0.23 | alpha 2.403 | step_limit
Ep 510 | 드론5 목적지71 |  796스텝 | 배송 71/71 | 재적재 11 | 중계율 0.19 | alpha 2.381 | complete
Ep 511 | 드론6 목적지39 |  577스텝 | 배송 39/39 | 재적재  5 | 중계율 0.20 | alpha 2.397 | complete
Ep 512 | 드론5 목적지29 |  369스텝 | 배송 29/29 | 재적재  4 | 중계율 0.13 | alpha 2.418 | complete
Ep 513 | 드론6 목적지46 |  528스텝 | 배송 46/46 | 재적재  8 | 중계율 0.13 | alpha 2.431 | complete
Ep 514 | 드론3 목적지49 | 1000스텝 | 배송 44/49 | 재적재  8 | 중계율 0.27 | alpha 2.421 | step_limit
Ep 515 | 드론3 목적지70 | 1000스텝 | 배송 55/70 | 재적재 10 | 중계율 0.17 | alpha 2.433 | step_limit
Ep 516 | 드론5 목적지63 | 1000스텝 | 배송 60/63 | 재적재 10 | 중계율 0.28 | alpha 2.430 | step_limit
Ep 517 | 드론5 목적지44 |  586스텝 | 배송 44/44 | 재적재  5 | 중계율 0.18 | alpha 2.428 | complete
Ep 518 | 드론3 목적지57 | 1000스텝 | 배송 47/57 | 재적재  8 | 중계율 0.26 | alpha 2.417 | step_limit
Ep 519 | 드론6 목적지34 |  351스텝 | 배송 34/34 | 재적재  3 | 중계율 0.11 | alpha 2.421 | complete
Ep 520 | 드론4 목적지68 | 1000스텝 | 배송 64/68 | 재적재 12 | 중계율 0.14 | alpha 2.369 | step_limit
Ep 521 | 드론5 목적지71 | 1000스텝 | 배송 70/71 | 재적재 13 | 중계율 0.20 | alpha 2.332 | step_limit
Ep 522 | 드론4 목적지72 |  963스텝 | 배송 72/72 | 재적재 13 | 중계율 0.21 | alpha 2.363 | complete
Ep 523 | 드론4 목적지27 |  349스텝 | 배송 27/27 | 재적재  4 | 중계율 0.11 | alpha 2.352 | complete
Ep 524 | 드론3 목적지37 | 1000스텝 | 배송 31/37 | 재적재  5 | 중계율 0.30 | alpha 2.351 | step_limit
Ep 525 | 드론3 목적지79 | 1000스텝 | 배송 55/79 | 재적재  9 | 중계율 0.17 | alpha 2.346 | step_limit
Ep 526 | 드론4 목적지39 |  965스텝 | 배송 39/39 | 재적재  7 | 중계율 0.23 | alpha 2.436 | complete
Ep 527 | 드론4 목적지42 |  843스텝 | 배송 42/42 | 재적재  8 | 중계율 0.23 | alpha 2.413 | complete
Ep 528 | 드론4 목적지51 |  972스텝 | 배송 51/51 | 재적재  8 | 중계율 0.15 | alpha 2.447 | complete
Ep 529 | 드론4 목적지21 |  351스텝 | 배송 21/21 | 재적재  2 | 중계율 0.18 | alpha 2.424 | complete
Ep 530 | 드론5 목적지34 |  438스텝 | 배송 34/34 | 재적재  6 | 중계율 0.16 | alpha 2.403 | complete
Ep 531 | 드론6 목적지64 |  550스텝 | 배송 64/64 | 재적재 10 | 중계율 0.15 | alpha 2.415 | complete
Ep 532 | 드론6 목적지78 |  659스텝 | 배송 78/78 | 재적재 14 | 중계율 0.12 | alpha 2.423 | complete
Ep 533 | 드론5 목적지68 |  819스텝 | 배송 68/68 | 재적재 12 | 중계율 0.16 | alpha 2.398 | complete
Ep 534 | 드론4 목적지25 |  528스텝 | 배송 25/25 | 재적재  4 | 중계율 0.25 | alpha 2.368 | complete
Ep 535 | 드론4 목적지25 |  428스텝 | 배송 25/25 | 재적재  4 | 중계율 0.20 | alpha 2.400 | complete
Ep 536 | 드론6 목적지71 |  591스텝 | 배송 71/71 | 재적재 12 | 중계율 0.12 | alpha 2.415 | complete
Ep 537 | 드론6 목적지31 |  423스텝 | 배송 31/31 | 재적재  4 | 중계율 0.15 | alpha 2.414 | complete
Ep 538 | 드론5 목적지55 |  645스텝 | 배송 55/55 | 재적재 10 | 중계율 0.14 | alpha 2.419 | complete
Ep 539 | 드론3 목적지46 |  930스텝 | 배송 46/46 | 재적재  9 | 중계율 0.24 | alpha 2.427 | complete
Ep 540 | 드론5 목적지50 |  476스텝 | 배송 50/50 | 재적재  8 | 중계율 0.07 | alpha 2.409 | complete
Ep 541 | 드론5 목적지25 |  311스텝 | 배송 25/25 | 재적재  3 | 중계율 0.10 | alpha 2.403 | complete
Ep 542 | 드론5 목적지65 |  734스텝 | 배송 65/65 | 재적재 11 | 중계율 0.17 | alpha 2.405 | complete
Ep 543 | 드론4 목적지32 |  599스텝 | 배송 32/32 | 재적재  5 | 중계율 0.15 | alpha 2.409 | complete
Ep 544 | 드론5 목적지60 |  676스텝 | 배송 60/60 | 재적재 10 | 중계율 0.13 | alpha 2.383 | complete
Ep 545 | 드론4 목적지74 | 1000스텝 | 배송 71/74 | 재적재 12 | 중계율 0.18 | alpha 2.412 | step_limit
Ep 546 | 드론4 목적지45 | 1000스텝 | 배송 44/45 | 재적재  8 | 중계율 0.24 | alpha 2.398 | step_limit
Ep 547 | 드론4 목적지37 |  769스텝 | 배송 37/37 | 재적재  6 | 중계율 0.16 | alpha 2.396 | complete
Ep 548 | 드론4 목적지63 |  681스텝 | 배송 63/63 | 재적재 10 | 중계율 0.13 | alpha 2.401 | complete
Ep 549 | 드론6 목적지55 |  494스텝 | 배송 55/55 | 재적재  8 | 중계율 0.12 | alpha 2.427 | complete
Ep 550 | 드론5 목적지30 |  404스텝 | 배송 30/30 | 재적재  3 | 중계율 0.17 | alpha 2.453 | complete
  [홀드아웃] 배송 50.0±0.0 완주 1.00 스텝 1042 점수 106.5 재적재 8.2 2홉+ 0.62 | 최고 106.5@ep550 정체 0/15  ← 갱신
Ep 551 | 드론6 목적지33 |  224스텝 | 배송 33/33 | 재적재  4 | 중계율 0.05 | alpha 2.437 | complete
Ep 552 | 드론6 목적지71 |  522스텝 | 배송 71/71 | 재적재 11 | 중계율 0.09 | alpha 2.402 | complete
Ep 553 | 드론6 목적지68 |  612스텝 | 배송 68/68 | 재적재 12 | 중계율 0.11 | alpha 2.413 | complete
Ep 554 | 드론4 목적지74 | 1000스텝 | 배송 72/74 | 재적재 14 | 중계율 0.16 | alpha 2.415 | step_limit
Ep 555 | 드론5 목적지59 |  784스텝 | 배송 59/59 | 재적재 10 | 중계율 0.21 | alpha 2.399 | complete
Ep 556 | 드론5 목적지41 |  734스텝 | 배송 41/41 | 재적재  5 | 중계율 0.18 | alpha 2.370 | complete
Ep 557 | 드론4 목적지71 |  867스텝 | 배송 71/71 | 재적재 13 | 중계율 0.11 | alpha 2.355 | complete
Ep 558 | 드론5 목적지50 |  524스텝 | 배송 50/50 | 재적재  7 | 중계율 0.12 | alpha 2.376 | complete
Ep 559 | 드론5 목적지57 |  897스텝 | 배송 57/57 | 재적재  9 | 중계율 0.16 | alpha 2.381 | complete
Ep 560 | 드론5 목적지42 |  393스텝 | 배송 42/42 | 재적재  7 | 중계율 0.09 | alpha 2.405 | complete
Ep 561 | 드론5 목적지27 |  433스텝 | 배송 27/27 | 재적재  3 | 중계율 0.20 | alpha 2.383 | complete
Ep 562 | 드론6 목적지47 |  719스텝 | 배송 47/47 | 재적재  7 | 중계율 0.18 | alpha 2.387 | complete
Ep 563 | 드론4 목적지78 | 1000스텝 | 배송 75/78 | 재적재 12 | 중계율 0.16 | alpha 2.341 | step_limit
Ep 564 | 드론5 목적지30 |  402스텝 | 배송 30/30 | 재적재  3 | 중계율 0.19 | alpha 2.367 | complete
Ep 565 | 드론6 목적지22 |  205스텝 | 배송 22/22 | 재적재  2 | 중계율 0.12 | alpha 2.375 | complete
Ep 566 | 드론4 목적지49 |  836스텝 | 배송 49/49 | 재적재  9 | 중계율 0.18 | alpha 2.403 | complete
Ep 567 | 드론4 목적지78 | 1000스텝 | 배송 67/78 | 재적재 13 | 중계율 0.22 | alpha 2.381 | step_limit
Ep 568 | 드론5 목적지67 | 1000스텝 | 배송 60/67 | 재적재 11 | 중계율 0.23 | alpha 2.388 | step_limit
Ep 569 | 드론6 목적지70 |  575스텝 | 배송 70/70 | 재적재 12 | 중계율 0.13 | alpha 2.379 | complete
Ep 570 | 드론4 목적지72 |  939스텝 | 배송 72/72 | 재적재 13 | 중계율 0.14 | alpha 2.420 | complete
Ep 571 | 드론6 목적지49 |  481스텝 | 배송 49/49 | 재적재  7 | 중계율 0.10 | alpha 2.415 | complete
Ep 572 | 드론6 목적지75 |  696스텝 | 배송 75/75 | 재적재 13 | 중계율 0.14 | alpha 2.458 | complete
Ep 573 | 드론5 목적지66 |  674스텝 | 배송 66/66 | 재적재 10 | 중계율 0.16 | alpha 2.454 | complete
Ep 574 | 드론5 목적지44 |  609스텝 | 배송 44/44 | 재적재  7 | 중계율 0.11 | alpha 2.436 | complete
Ep 575 | 드론6 목적지78 |  684스텝 | 배송 78/78 | 재적재 14 | 중계율 0.09 | alpha 2.396 | complete
Ep 576 | 드론3 목적지69 | 1000스텝 | 배송 50/69 | 재적재  8 | 중계율 0.21 | alpha 2.416 | step_limit
Ep 577 | 드론5 목적지24 |  241스텝 | 배송 24/24 | 재적재  2 | 중계율 0.09 | alpha 2.425 | complete
Ep 578 | 드론5 목적지32 |  387스텝 | 배송 32/32 | 재적재  4 | 중계율 0.09 | alpha 2.409 | complete
Ep 579 | 드론6 목적지26 |  272스텝 | 배송 26/26 | 재적재  2 | 중계율 0.09 | alpha 2.394 | complete
Ep 580 | 드론5 목적지60 |  659스텝 | 배송 60/60 | 재적재 10 | 중계율 0.13 | alpha 2.391 | complete
Ep 581 | 드론4 목적지47 |  920스텝 | 배송 47/47 | 재적재  7 | 중계율 0.23 | alpha 2.372 | complete
Ep 582 | 드론3 목적지36 |  698스텝 | 배송 36/36 | 재적재  5 | 중계율 0.20 | alpha 2.361 | complete
Ep 583 | 드론6 목적지65 |  533스텝 | 배송 65/65 | 재적재 10 | 중계율 0.12 | alpha 2.375 | complete
Ep 584 | 드론4 목적지54 |  852스텝 | 배송 54/54 | 재적재  9 | 중계율 0.17 | alpha 2.368 | complete
Ep 585 | 드론6 목적지72 |  815스텝 | 배송 72/72 | 재적재 14 | 중계율 0.18 | alpha 2.349 | complete
Ep 586 | 드론6 목적지37 |  354스텝 | 배송 37/37 | 재적재  4 | 중계율 0.14 | alpha 2.356 | complete
Ep 587 | 드론3 목적지49 | 1000스텝 | 배송 48/49 | 재적재  9 | 중계율 0.23 | alpha 2.379 | step_limit
Ep 588 | 드론4 목적지57 | 1000스텝 | 배송 56/57 | 재적재 10 | 중계율 0.21 | alpha 2.406 | step_limit
Ep 589 | 드론3 목적지50 |  877스텝 | 배송 50/50 | 재적재  9 | 중계율 0.16 | alpha 2.408 | complete
Ep 590 | 드론4 목적지47 |  746스텝 | 배송 47/47 | 재적재  7 | 중계율 0.15 | alpha 2.387 | complete
Ep 591 | 드론6 목적지64 |  624스텝 | 배송 64/64 | 재적재 10 | 중계율 0.15 | alpha 2.359 | complete
Ep 592 | 드론5 목적지22 |  299스텝 | 배송 22/22 | 재적재  2 | 중계율 0.13 | alpha 2.392 | complete
Ep 593 | 드론5 목적지51 |  615스텝 | 배송 51/51 | 재적재  8 | 중계율 0.15 | alpha 2.390 | complete
Ep 594 | 드론3 목적지40 | 1000스텝 | 배송 36/40 | 재적재  6 | 중계율 0.18 | alpha 2.384 | step_limit
Ep 595 | 드론5 목적지26 |  491스텝 | 배송 26/26 | 재적재  4 | 중계율 0.16 | alpha 2.383 | complete
Ep 596 | 드론6 목적지26 |  219스텝 | 배송 26/26 | 재적재  2 | 중계율 0.07 | alpha 2.384 | complete
Ep 597 | 드론4 목적지21 |  452스텝 | 배송 21/21 | 재적재  2 | 중계율 0.20 | alpha 2.403 | complete
Ep 598 | 드론4 목적지23 |  466스텝 | 배송 23/23 | 재적재  3 | 중계율 0.14 | alpha 2.400 | complete
Ep 599 | 드론4 목적지77 | 1000스텝 | 배송 63/77 | 재적재 11 | 중계율 0.17 | alpha 2.441 | step_limit
Ep 600 | 드론5 목적지68 | 1000스텝 | 배송 64/68 | 재적재 10 | 중계율 0.25 | alpha 2.376 | step_limit
  [홀드아웃] 배송 50.0±0.0 완주 1.00 스텝 1068 점수 106.4 재적재 8.4 2홉+ 0.64 | 최고 106.5@ep550 정체 1/15
Ep 601 | 드론4 목적지20 |  454스텝 | 배송 20/20 | 재적재  2 | 중계율 0.18 | alpha 2.380 | complete
Ep 602 | 드론5 목적지72 |  859스텝 | 배송 72/72 | 재적재 11 | 중계율 0.14 | alpha 2.358 | complete
Ep 603 | 드론6 목적지60 |  515스텝 | 배송 60/60 | 재적재  9 | 중계율 0.11 | alpha 2.346 | complete
Ep 604 | 드론5 목적지68 |  502스텝 | 배송 68/68 | 재적재 10 | 중계율 0.07 | alpha 2.382 | complete
Ep 605 | 드론4 목적지73 | 1000스텝 | 배송 51/73 | 재적재  9 | 중계율 0.20 | alpha 2.392 | step_limit
Ep 606 | 드론5 목적지51 |  632스텝 | 배송 51/51 | 재적재  8 | 중계율 0.13 | alpha 2.393 | complete
Ep 607 | 드론3 목적지48 | 1000스텝 | 배송 46/48 | 재적재  8 | 중계율 0.20 | alpha 2.403 | step_limit
Ep 608 | 드론5 목적지67 |  616스텝 | 배송 67/67 | 재적재 12 | 중계율 0.09 | alpha 2.382 | complete
Ep 609 | 드론4 목적지51 | 1000스텝 | 배송 48/51 | 재적재  7 | 중계율 0.22 | alpha 2.367 | step_limit
Ep 610 | 드론4 목적지72 |  791스텝 | 배송 72/72 | 재적재 13 | 중계율 0.11 | alpha 2.368 | complete
Ep 611 | 드론4 목적지77 | 1000스텝 | 배송 67/77 | 재적재 11 | 중계율 0.22 | alpha 2.320 | step_limit
Ep 612 | 드론3 목적지42 | 1000스텝 | 배송 38/42 | 재적재  6 | 중계율 0.26 | alpha 2.358 | step_limit
Ep 613 | 드론4 목적지40 |  450스텝 | 배송 40/40 | 재적재  7 | 중계율 0.10 | alpha 2.372 | complete
Ep 614 | 드론4 목적지42 |  916스텝 | 배송 42/42 | 재적재  7 | 중계율 0.20 | alpha 2.372 | complete
Ep 615 | 드론4 목적지80 |  819스텝 | 배송 80/80 | 재적재 14 | 중계율 0.15 | alpha 2.348 | complete
Ep 616 | 드론5 목적지26 |  513스텝 | 배송 26/26 | 재적재  3 | 중계율 0.19 | alpha 2.346 | complete
Ep 617 | 드론6 목적지75 |  654스텝 | 배송 75/75 | 재적재 13 | 중계율 0.15 | alpha 2.361 | complete
Ep 618 | 드론4 목적지50 | 1000스텝 | 배송 47/50 | 재적재  7 | 중계율 0.25 | alpha 2.332 | step_limit
Ep 619 | 드론5 목적지71 |  642스텝 | 배송 71/71 | 재적재 12 | 중계율 0.12 | alpha 2.343 | complete
Ep 620 | 드론6 목적지55 |  495스텝 | 배송 55/55 | 재적재  8 | 중계율 0.10 | alpha 2.357 | complete
Ep 621 | 드론4 목적지79 | 1000스텝 | 배송 65/79 | 재적재 12 | 중계율 0.19 | alpha 2.332 | step_limit
Ep 622 | 드론6 목적지56 |  685스텝 | 배송 56/56 | 재적재  8 | 중계율 0.17 | alpha 2.344 | complete
Ep 623 | 드론3 목적지33 |  849스텝 | 배송 33/33 | 재적재  5 | 중계율 0.22 | alpha 2.330 | complete
Ep 624 | 드론4 목적지72 | 1000스텝 | 배송 61/72 | 재적재 11 | 중계율 0.22 | alpha 2.310 | step_limit
Ep 625 | 드론6 목적지47 |  512스텝 | 배송 47/47 | 재적재  6 | 중계율 0.16 | alpha 2.321 | complete
Ep 626 | 드론3 목적지52 | 1000스텝 | 배송 49/52 | 재적재  9 | 중계율 0.17 | alpha 2.313 | step_limit
Ep 627 | 드론5 목적지66 |  798스텝 | 배송 66/66 | 재적재 11 | 중계율 0.17 | alpha 2.328 | complete
Ep 628 | 드론4 목적지42 |  533스텝 | 배송 42/42 | 재적재  8 | 중계율 0.12 | alpha 2.339 | complete
Ep 629 | 드론3 목적지31 | 1000스텝 | 배송 30/31 | 재적재  5 | 중계율 0.23 | alpha 2.365 | step_limit
Ep 630 | 드론4 목적지65 | 1000스텝 | 배송 56/65 | 재적재  9 | 중계율 0.24 | alpha 2.363 | step_limit
Ep 631 | 드론3 목적지20 |  400스텝 | 배송 20/20 | 재적재  2 | 중계율 0.17 | alpha 2.339 | complete
Ep 632 | 드론4 목적지38 |  901스텝 | 배송 38/38 | 재적재  6 | 중계율 0.22 | alpha 2.367 | complete
Ep 633 | 드론6 목적지67 |  587스텝 | 배송 67/67 | 재적재 12 | 중계율 0.09 | alpha 2.359 | complete
Ep 634 | 드론6 목적지47 |  369스텝 | 배송 47/47 | 재적재  7 | 중계율 0.08 | alpha 2.369 | complete
Ep 635 | 드론6 목적지30 |  248스텝 | 배송 30/30 | 재적재  5 | 중계율 0.06 | alpha 2.363 | complete
Ep 636 | 드론4 목적지29 |  749스텝 | 배송 29/29 | 재적재  4 | 중계율 0.22 | alpha 2.363 | complete
Ep 637 | 드론4 목적지71 | 1000스텝 | 배송 68/71 | 재적재 12 | 중계율 0.20 | alpha 2.336 | step_limit
Ep 638 | 드론6 목적지73 |  576스텝 | 배송 73/73 | 재적재 12 | 중계율 0.10 | alpha 2.333 | complete
Ep 639 | 드론5 목적지79 | 1000스텝 | 배송 72/79 | 재적재 12 | 중계율 0.21 | alpha 2.384 | step_limit
Ep 640 | 드론3 목적지22 |  597스텝 | 배송 22/22 | 재적재  3 | 중계율 0.21 | alpha 2.365 | complete
Ep 641 | 드론5 목적지77 |  698스텝 | 배송 77/77 | 재적재 13 | 중계율 0.14 | alpha 2.377 | complete
Ep 642 | 드론5 목적지26 |  280스텝 | 배송 26/26 | 재적재  4 | 중계율 0.12 | alpha 2.365 | complete
Ep 643 | 드론6 목적지30 |  218스텝 | 배송 30/30 | 재적재  3 | 중계율 0.09 | alpha 2.372 | complete
Ep 644 | 드론4 목적지77 | 1000스텝 | 배송 76/77 | 재적재 14 | 중계율 0.14 | alpha 2.366 | step_limit
Ep 645 | 드론4 목적지34 |  475스텝 | 배송 34/34 | 재적재  6 | 중계율 0.09 | alpha 2.338 | complete
Ep 646 | 드론5 목적지34 |  595스텝 | 배송 34/34 | 재적재  5 | 중계율 0.10 | alpha 2.315 | complete
Ep 647 | 드론3 목적지37 |  736스텝 | 배송 37/37 | 재적재  6 | 중계율 0.17 | alpha 2.347 | complete
Ep 648 | 드론4 목적지55 |  617스텝 | 배송 55/55 | 재적재  9 | 중계율 0.09 | alpha 2.376 | complete
Ep 649 | 드론3 목적지20 |  679스텝 | 배송 20/20 | 재적재  3 | 중계율 0.26 | alpha 2.373 | complete
Ep 650 | 드론5 목적지37 |  477스텝 | 배송 37/37 | 재적재  6 | 중계율 0.13 | alpha 2.376 | complete
  [홀드아웃] 배송 50.0±0.0 완주 1.00 스텝 1107 점수 106.3 재적재 8.3 2홉+ 0.64 | 최고 106.5@ep550 정체 2/15
Ep 651 | 드론3 목적지77 | 1000스텝 | 배송 53/77 | 재적재  9 | 중계율 0.18 | alpha 2.395 | step_limit
Ep 652 | 드론6 목적지57 |  473스텝 | 배송 57/57 | 재적재  9 | 중계율 0.12 | alpha 2.389 | complete
Ep 653 | 드론5 목적지38 |  513스텝 | 배송 38/38 | 재적재  5 | 중계율 0.13 | alpha 2.404 | complete
Ep 654 | 드론6 목적지45 |  359스텝 | 배송 45/45 | 재적재  6 | 중계율 0.08 | alpha 2.390 | complete
Ep 655 | 드론3 목적지40 |  753스텝 | 배송 40/40 | 재적재  7 | 중계율 0.21 | alpha 2.367 | complete
Ep 656 | 드론5 목적지31 |  400스텝 | 배송 31/31 | 재적재  5 | 중계율 0.07 | alpha 2.371 | complete
Ep 657 | 드론5 목적지26 |  511스텝 | 배송 26/26 | 재적재  3 | 중계율 0.22 | alpha 2.357 | complete
Ep 658 | 드론4 목적지39 |  544스텝 | 배송 39/39 | 재적재  6 | 중계율 0.16 | alpha 2.334 | complete
Ep 659 | 드론4 목적지51 | 1000스텝 | 배송 46/51 | 재적재  8 | 중계율 0.19 | alpha 2.307 | step_limit
Ep 660 | 드론4 목적지51 |  798스텝 | 배송 51/51 | 재적재  8 | 중계율 0.14 | alpha 2.321 | complete
Ep 661 | 드론3 목적지38 |  947스텝 | 배송 38/38 | 재적재  7 | 중계율 0.24 | alpha 2.320 | complete
Ep 662 | 드론5 목적지43 |  613스텝 | 배송 43/43 | 재적재  7 | 중계율 0.14 | alpha 2.327 | complete
Ep 663 | 드론5 목적지57 |  571스텝 | 배송 57/57 | 재적재  9 | 중계율 0.15 | alpha 2.330 | complete
Ep 664 | 드론4 목적지27 |  539스텝 | 배송 27/27 | 재적재  5 | 중계율 0.18 | alpha 2.348 | complete
Ep 665 | 드론6 목적지59 |  451스텝 | 배송 59/59 | 재적재 10 | 중계율 0.11 | alpha 2.345 | complete
Ep 666 | 드론4 목적지72 | 1000스텝 | 배송 71/72 | 재적재 14 | 중계율 0.16 | alpha 2.344 | step_limit
Ep 667 | 드론5 목적지45 |  520스텝 | 배송 45/45 | 재적재  7 | 중계율 0.12 | alpha 2.321 | complete
Ep 668 | 드론3 목적지65 | 1000스텝 | 배송 47/65 | 재적재  8 | 중계율 0.20 | alpha 2.379 | step_limit
Ep 669 | 드론4 목적지66 | 1000스텝 | 배송 65/66 | 재적재 12 | 중계율 0.15 | alpha 2.343 | step_limit
Ep 670 | 드론6 목적지77 |  814스텝 | 배송 77/77 | 재적재 14 | 중계율 0.16 | alpha 2.339 | complete
Ep 671 | 드론5 목적지58 |  934스텝 | 배송 58/58 | 재적재  9 | 중계율 0.22 | alpha 2.317 | complete
Ep 672 | 드론3 목적지43 | 1000스텝 | 배송 38/43 | 재적재  7 | 중계율 0.11 | alpha 2.335 | step_limit
Ep 673 | 드론6 목적지68 |  569스텝 | 배송 68/68 | 재적재 11 | 중계율 0.10 | alpha 2.338 | complete
Ep 674 | 드론3 목적지52 |  972스텝 | 배송 52/52 | 재적재 10 | 중계율 0.18 | alpha 2.304 | complete
Ep 675 | 드론4 목적지42 |  852스텝 | 배송 42/42 | 재적재  6 | 중계율 0.25 | alpha 2.255 | complete
Ep 676 | 드론3 목적지45 |  875스텝 | 배송 45/45 | 재적재  8 | 중계율 0.16 | alpha 2.269 | complete
Ep 677 | 드론3 목적지41 |  814스텝 | 배송 41/41 | 재적재  7 | 중계율 0.20 | alpha 2.287 | complete
Ep 678 | 드론6 목적지79 |  654스텝 | 배송 79/79 | 재적재 13 | 중계율 0.11 | alpha 2.286 | complete
Ep 679 | 드론4 목적지24 |  428스텝 | 배송 24/24 | 재적재  2 | 중계율 0.18 | alpha 2.284 | complete
Ep 680 | 드론4 목적지52 |  813스텝 | 배송 52/52 | 재적재  8 | 중계율 0.20 | alpha 2.303 | complete
Ep 681 | 드론5 목적지77 |  711스텝 | 배송 77/77 | 재적재 12 | 중계율 0.13 | alpha 2.278 | complete
Ep 682 | 드론4 목적지49 |  648스텝 | 배송 49/49 | 재적재  9 | 중계율 0.11 | alpha 2.289 | complete
Ep 683 | 드론5 목적지63 |  648스텝 | 배송 63/63 | 재적재 11 | 중계율 0.12 | alpha 2.262 | complete
Ep 684 | 드론4 목적지37 |  800스텝 | 배송 37/37 | 재적재  6 | 중계율 0.22 | alpha 2.280 | complete
Ep 685 | 드론6 목적지56 |  530스텝 | 배송 56/56 | 재적재  8 | 중계율 0.15 | alpha 2.238 | complete
Ep 686 | 드론3 목적지28 |  664스텝 | 배송 28/28 | 재적재  4 | 중계율 0.24 | alpha 2.197 | complete
Ep 687 | 드론6 목적지77 |  568스텝 | 배송 77/77 | 재적재 12 | 중계율 0.08 | alpha 2.232 | complete
Ep 688 | 드론4 목적지45 |  881스텝 | 배송 45/45 | 재적재  8 | 중계율 0.22 | alpha 2.236 | complete
Ep 689 | 드론5 목적지70 |  735스텝 | 배송 70/70 | 재적재 11 | 중계율 0.14 | alpha 2.262 | complete
Ep 690 | 드론6 목적지62 |  634스텝 | 배송 62/62 | 재적재 10 | 중계율 0.11 | alpha 2.240 | complete
Ep 691 | 드론3 목적지31 |  772스텝 | 배송 31/31 | 재적재  5 | 중계율 0.21 | alpha 2.240 | complete
Ep 692 | 드론6 목적지61 |  566스텝 | 배송 61/61 | 재적재 10 | 중계율 0.11 | alpha 2.245 | complete
Ep 693 | 드론6 목적지60 |  539스텝 | 배송 60/60 | 재적재  9 | 중계율 0.14 | alpha 2.234 | complete
Ep 694 | 드론4 목적지33 |  591스텝 | 배송 33/33 | 재적재  4 | 중계율 0.18 | alpha 2.235 | complete
Ep 695 | 드론4 목적지29 |  554스텝 | 배송 29/29 | 재적재  5 | 중계율 0.20 | alpha 2.257 | complete
Ep 696 | 드론6 목적지28 |  348스텝 | 배송 28/28 | 재적재  3 | 중계율 0.10 | alpha 2.263 | complete
Ep 697 | 드론6 목적지35 |  342스텝 | 배송 35/35 | 재적재  4 | 중계율 0.12 | alpha 2.265 | complete
Ep 698 | 드론4 목적지32 |  658스텝 | 배송 32/32 | 재적재  5 | 중계율 0.19 | alpha 2.270 | complete
Ep 699 | 드론3 목적지62 | 1000스텝 | 배송 56/62 | 재적재 10 | 중계율 0.16 | alpha 2.268 | step_limit
Ep 700 | 드론4 목적지61 |  962스텝 | 배송 61/61 | 재적재 11 | 중계율 0.18 | alpha 2.271 | complete
  [홀드아웃] 배송 50.0±0.0 완주 1.00 스텝 1010 점수 106.6 재적재 8.2 2홉+ 0.64 | 최고 106.6@ep700 정체 0/15  ← 갱신
Ep 701 | 드론6 목적지72 |  578스텝 | 배송 72/72 | 재적재 10 | 중계율 0.09 | alpha 2.281 | complete
Ep 702 | 드론6 목적지34 |  401스텝 | 배송 34/34 | 재적재  5 | 중계율 0.16 | alpha 2.276 | complete
Ep 703 | 드론6 목적지32 |  271스텝 | 배송 32/32 | 재적재  4 | 중계율 0.12 | alpha 2.240 | complete
Ep 704 | 드론5 목적지74 |  810스텝 | 배송 74/74 | 재적재 13 | 중계율 0.15 | alpha 2.211 | complete
Ep 705 | 드론3 목적지38 |  871스텝 | 배송 38/38 | 재적재  5 | 중계율 0.19 | alpha 2.228 | complete
Ep 706 | 드론6 목적지30 |  313스텝 | 배송 30/30 | 재적재  3 | 중계율 0.08 | alpha 2.219 | complete
Ep 707 | 드론5 목적지31 |  536스텝 | 배송 31/31 | 재적재  5 | 중계율 0.12 | alpha 2.253 | complete
Ep 708 | 드론4 목적지63 |  995스텝 | 배송 63/63 | 재적재 11 | 중계율 0.19 | alpha 2.232 | complete
Ep 709 | 드론4 목적지20 |  434스텝 | 배송 20/20 | 재적재  2 | 중계율 0.17 | alpha 2.244 | complete
Ep 710 | 드론5 목적지78 |  717스텝 | 배송 78/78 | 재적재 13 | 중계율 0.08 | alpha 2.249 | complete
Ep 711 | 드론6 목적지58 |  711스텝 | 배송 58/58 | 재적재  9 | 중계율 0.20 | alpha 2.265 | complete
Ep 712 | 드론3 목적지75 | 1000스텝 | 배송 60/75 | 재적재 11 | 중계율 0.19 | alpha 2.278 | step_limit
Ep 713 | 드론3 목적지69 | 1000스텝 | 배송 67/69 | 재적재 13 | 중계율 0.13 | alpha 2.294 | step_limit
Ep 714 | 드론3 목적지36 |  970스텝 | 배송 36/36 | 재적재  6 | 중계율 0.25 | alpha 2.251 | complete
Ep 715 | 드론3 목적지65 | 1000스텝 | 배송 53/65 | 재적재 10 | 중계율 0.19 | alpha 2.231 | step_limit
Ep 716 | 드론6 목적지36 |  539스텝 | 배송 36/36 | 재적재  5 | 중계율 0.12 | alpha 2.205 | complete
Ep 717 | 드론6 목적지56 |  785스텝 | 배송 56/56 | 재적재  9 | 중계율 0.17 | alpha 2.207 | complete
Ep 718 | 드론4 목적지69 | 1000스텝 | 배송 65/69 | 재적재 10 | 중계율 0.15 | alpha 2.270 | step_limit
Ep 719 | 드론4 목적지21 |  284스텝 | 배송 21/21 | 재적재  3 | 중계율 0.12 | alpha 2.240 | complete
Ep 720 | 드론6 목적지45 |  412스텝 | 배송 45/45 | 재적재  6 | 중계율 0.11 | alpha 2.231 | complete
Ep 721 | 드론3 목적지30 |  422스텝 | 배송 30/30 | 재적재  5 | 중계율 0.14 | alpha 2.218 | complete
Ep 722 | 드론6 목적지47 |  443스텝 | 배송 47/47 | 재적재  8 | 중계율 0.08 | alpha 2.223 | complete
Ep 723 | 드론3 목적지51 |  829스텝 | 배송 51/51 | 재적재  9 | 중계율 0.15 | alpha 2.231 | complete
Ep 724 | 드론5 목적지57 |  675스텝 | 배송 57/57 | 재적재 10 | 중계율 0.14 | alpha 2.244 | complete
Ep 725 | 드론5 목적지29 |  339스텝 | 배송 29/29 | 재적재  4 | 중계율 0.10 | alpha 2.266 | complete
Ep 726 | 드론6 목적지69 |  598스텝 | 배송 69/69 | 재적재 12 | 중계율 0.14 | alpha 2.262 | complete
Ep 727 | 드론5 목적지36 |  952스텝 | 배송 36/36 | 재적재  5 | 중계율 0.23 | alpha 2.264 | complete
Ep 728 | 드론4 목적지74 | 1000스텝 | 배송 66/74 | 재적재 11 | 중계율 0.25 | alpha 2.277 | step_limit
Ep 729 | 드론6 목적지64 |  541스텝 | 배송 64/64 | 재적재  9 | 중계율 0.14 | alpha 2.253 | complete
Ep 730 | 드론4 목적지70 | 1000스텝 | 배송 68/70 | 재적재 13 | 중계율 0.17 | alpha 2.271 | step_limit
Ep 731 | 드론3 목적지48 |  991스텝 | 배송 48/48 | 재적재  8 | 중계율 0.17 | alpha 2.265 | complete
Ep 732 | 드론5 목적지37 |  628스텝 | 배송 37/37 | 재적재  6 | 중계율 0.23 | alpha 2.266 | complete
Ep 733 | 드론5 목적지67 |  707스텝 | 배송 67/67 | 재적재 11 | 중계율 0.13 | alpha 2.291 | complete
Ep 734 | 드론6 목적지54 |  628스텝 | 배송 54/54 | 재적재  7 | 중계율 0.18 | alpha 2.272 | complete
Ep 735 | 드론5 목적지57 | 1000스텝 | 배송 55/57 | 재적재  9 | 중계율 0.23 | alpha 2.237 | step_limit
Ep 736 | 드론6 목적지39 |  389스텝 | 배송 39/39 | 재적재  5 | 중계율 0.09 | alpha 2.212 | complete
Ep 737 | 드론4 목적지29 |  586스텝 | 배송 29/29 | 재적재  4 | 중계율 0.14 | alpha 2.223 | complete
Ep 738 | 드론6 목적지68 |  597스텝 | 배송 68/68 | 재적재 11 | 중계율 0.09 | alpha 2.226 | complete
Ep 739 | 드론4 목적지20 |  557스텝 | 배송 20/20 | 재적재  2 | 중계율 0.22 | alpha 2.237 | complete
Ep 740 | 드론3 목적지69 | 1000스텝 | 배송 49/69 | 재적재  8 | 중계율 0.25 | alpha 2.253 | step_limit
Ep 741 | 드론6 목적지41 |  355스텝 | 배송 41/41 | 재적재  6 | 중계율 0.10 | alpha 2.268 | complete
Ep 742 | 드론4 목적지78 |  984스텝 | 배송 78/78 | 재적재 14 | 중계율 0.17 | alpha 2.278 | complete
Ep 743 | 드론3 목적지39 | 1000스텝 | 배송 37/39 | 재적재  6 | 중계율 0.23 | alpha 2.289 | step_limit
Ep 744 | 드론4 목적지57 |  842스텝 | 배송 57/57 | 재적재 10 | 중계율 0.14 | alpha 2.296 | complete
Ep 745 | 드론3 목적지76 | 1000스텝 | 배송 64/76 | 재적재 12 | 중계율 0.12 | alpha 2.304 | step_limit
Ep 746 | 드론4 목적지69 | 1000스텝 | 배송 67/69 | 재적재 11 | 중계율 0.18 | alpha 2.269 | step_limit
Ep 747 | 드론4 목적지33 |  535스텝 | 배송 33/33 | 재적재  5 | 중계율 0.15 | alpha 2.265 | complete
Ep 748 | 드론3 목적지30 |  728스텝 | 배송 30/30 | 재적재  5 | 중계율 0.19 | alpha 2.240 | complete
Ep 749 | 드론5 목적지32 |  434스텝 | 배송 32/32 | 재적재  5 | 중계율 0.16 | alpha 2.245 | complete
Ep 750 | 드론5 목적지61 |  685스텝 | 배송 61/61 | 재적재 10 | 중계율 0.12 | alpha 2.264 | complete
  [홀드아웃] 배송 50.0±0.0 완주 1.00 스텝 1043 점수 106.5 재적재 8.4 2홉+ 0.63 | 최고 106.6@ep700 정체 1/15
Ep 751 | 드론5 목적지34 |  502스텝 | 배송 34/34 | 재적재  5 | 중계율 0.12 | alpha 2.259 | complete
Ep 752 | 드론6 목적지69 |  562스텝 | 배송 69/69 | 재적재 10 | 중계율 0.12 | alpha 2.297 | complete
Ep 753 | 드론4 목적지80 | 1000스텝 | 배송 77/80 | 재적재 14 | 중계율 0.17 | alpha 2.299 | step_limit
Ep 754 | 드론4 목적지29 |  517스텝 | 배송 29/29 | 재적재  4 | 중계율 0.12 | alpha 2.324 | complete
Ep 755 | 드론3 목적지43 |  975스텝 | 배송 43/43 | 재적재  8 | 중계율 0.18 | alpha 2.361 | complete
Ep 756 | 드론6 목적지30 |  362스텝 | 배송 30/30 | 재적재  3 | 중계율 0.13 | alpha 2.371 | complete
Ep 757 | 드론6 목적지37 |  416스텝 | 배송 37/37 | 재적재  5 | 중계율 0.10 | alpha 2.342 | complete
Ep 758 | 드론4 목적지51 |  881스텝 | 배송 51/51 | 재적재  9 | 중계율 0.17 | alpha 2.295 | complete
Ep 759 | 드론5 목적지23 |  364스텝 | 배송 23/23 | 재적재  1 | 중계율 0.15 | alpha 2.282 | complete
Ep 760 | 드론5 목적지60 |  747스텝 | 배송 60/60 | 재적재 11 | 중계율 0.15 | alpha 2.276 | complete
Ep 761 | 드론3 목적지77 | 1000스텝 | 배송 57/77 | 재적재 10 | 중계율 0.22 | alpha 2.248 | step_limit
Ep 762 | 드론5 목적지26 |  371스텝 | 배송 26/26 | 재적재  2 | 중계율 0.10 | alpha 2.267 | complete
Ep 763 | 드론5 목적지70 |  839스텝 | 배송 70/70 | 재적재 12 | 중계율 0.11 | alpha 2.299 | complete
Ep 764 | 드론6 목적지32 |  548스텝 | 배송 32/32 | 재적재  4 | 중계율 0.20 | alpha 2.329 | complete
Ep 765 | 드론5 목적지23 |  480스텝 | 배송 23/23 | 재적재  3 | 중계율 0.16 | alpha 2.330 | complete
Ep 766 | 드론6 목적지51 |  392스텝 | 배송 51/51 | 재적재  8 | 중계율 0.08 | alpha 2.326 | complete
Ep 767 | 드론4 목적지49 |  913스텝 | 배송 49/49 | 재적재  8 | 중계율 0.15 | alpha 2.288 | complete
Ep 768 | 드론3 목적지72 | 1000스텝 | 배송 56/72 | 재적재 10 | 중계율 0.17 | alpha 2.292 | step_limit
Ep 769 | 드론6 목적지22 |  209스텝 | 배송 22/22 | 재적재  1 | 중계율 0.07 | alpha 2.290 | complete
Ep 770 | 드론6 목적지53 |  339스텝 | 배송 53/53 | 재적재  7 | 중계율 0.07 | alpha 2.284 | complete
Ep 771 | 드론5 목적지38 |  538스텝 | 배송 38/38 | 재적재  5 | 중계율 0.13 | alpha 2.312 | complete
Ep 772 | 드론4 목적지36 |  652스텝 | 배송 36/36 | 재적재  6 | 중계율 0.12 | alpha 2.284 | complete
Ep 773 | 드론6 목적지21 |  221스텝 | 배송 21/21 | 재적재  0 | 중계율 0.15 | alpha 2.301 | complete
Ep 774 | 드론6 목적지46 |  516스텝 | 배송 46/46 | 재적재  7 | 중계율 0.13 | alpha 2.316 | complete
Ep 775 | 드론6 목적지41 |  419스텝 | 배송 41/41 | 재적재  6 | 중계율 0.14 | alpha 2.305 | complete
Ep 776 | 드론5 목적지48 |  530스텝 | 배송 48/48 | 재적재  7 | 중계율 0.13 | alpha 2.301 | complete
Ep 777 | 드론4 목적지20 |  462스텝 | 배송 20/20 | 재적재  3 | 중계율 0.20 | alpha 2.257 | complete
Ep 778 | 드론5 목적지57 |  872스텝 | 배송 57/57 | 재적재  9 | 중계율 0.22 | alpha 2.230 | complete
Ep 779 | 드론6 목적지79 |  788스텝 | 배송 79/79 | 재적재 13 | 중계율 0.16 | alpha 2.214 | complete
Ep 780 | 드론3 목적지68 | 1000스텝 | 배송 63/68 | 재적재 11 | 중계율 0.19 | alpha 2.226 | step_limit
Ep 781 | 드론5 목적지50 |  494스텝 | 배송 50/50 | 재적재  7 | 중계율 0.07 | alpha 2.230 | complete
Ep 782 | 드론5 목적지45 |  520스텝 | 배송 45/45 | 재적재  7 | 중계율 0.17 | alpha 2.242 | complete
Ep 783 | 드론3 목적지28 |  596스텝 | 배송 28/28 | 재적재  4 | 중계율 0.16 | alpha 2.278 | complete
Ep 784 | 드론6 목적지58 |  624스텝 | 배송 58/58 | 재적재  9 | 중계율 0.13 | alpha 2.306 | complete
Ep 785 | 드론4 목적지49 |  812스텝 | 배송 49/49 | 재적재  8 | 중계율 0.17 | alpha 2.299 | complete
Ep 786 | 드론4 목적지53 | 1000스텝 | 배송 45/53 | 재적재  8 | 중계율 0.19 | alpha 2.264 | step_limit
Ep 787 | 드론4 목적지47 | 1000스텝 | 배송 44/47 | 재적재  7 | 중계율 0.18 | alpha 2.236 | step_limit
Ep 788 | 드론6 목적지75 |  748스텝 | 배송 75/75 | 재적재 13 | 중계율 0.11 | alpha 2.230 | complete
Ep 789 | 드론3 목적지79 | 1000스텝 | 배송 68/79 | 재적재 13 | 중계율 0.13 | alpha 2.299 | step_limit
Ep 790 | 드론3 목적지65 | 1000스텝 | 배송 58/65 | 재적재 11 | 중계율 0.15 | alpha 2.268 | step_limit
Ep 791 | 드론3 목적지21 |  293스텝 | 배송 21/21 | 재적재  3 | 중계율 0.11 | alpha 2.265 | complete
Ep 792 | 드론4 목적지50 |  639스텝 | 배송 50/50 | 재적재  9 | 중계율 0.12 | alpha 2.273 | complete
Ep 793 | 드론6 목적지27 |  303스텝 | 배송 27/27 | 재적재  3 | 중계율 0.09 | alpha 2.250 | complete
Ep 794 | 드론3 목적지74 | 1000스텝 | 배송 59/74 | 재적재 11 | 중계율 0.20 | alpha 2.239 | step_limit
Ep 795 | 드론3 목적지58 | 1000스텝 | 배송 54/58 | 재적재  9 | 중계율 0.17 | alpha 2.244 | step_limit
Ep 796 | 드론4 목적지23 |  576스텝 | 배송 23/23 | 재적재  3 | 중계율 0.25 | alpha 2.257 | complete
Ep 797 | 드론5 목적지34 |  456스텝 | 배송 34/34 | 재적재  5 | 중계율 0.06 | alpha 2.243 | complete
Ep 798 | 드론4 목적지60 | 1000스텝 | 배송 58/60 | 재적재 10 | 중계율 0.11 | alpha 2.216 | step_limit
Ep 799 | 드론3 목적지33 |  670스텝 | 배송 33/33 | 재적재  5 | 중계율 0.15 | alpha 2.216 | complete
Ep 800 | 드론5 목적지50 |  481스텝 | 배송 50/50 | 재적재  7 | 중계율 0.10 | alpha 2.209 | complete
  [홀드아웃] 배송 50.0±0.0 완주 1.00 스텝 1094 점수 106.4 재적재 8.4 2홉+ 0.62 | 최고 106.6@ep700 정체 2/15
Ep 801 | 드론5 목적지57 |  676스텝 | 배송 57/57 | 재적재  9 | 중계율 0.12 | alpha 2.213 | complete
Ep 802 | 드론4 목적지68 | 1000스텝 | 배송 66/68 | 재적재 12 | 중계율 0.14 | alpha 2.232 | step_limit
Ep 803 | 드론4 목적지80 |  988스텝 | 배송 80/80 | 재적재 14 | 중계율 0.18 | alpha 2.221 | complete
Ep 804 | 드론6 목적지65 |  568스텝 | 배송 65/65 | 재적재 11 | 중계율 0.13 | alpha 2.235 | complete
Ep 805 | 드론6 목적지78 |  692스텝 | 배송 78/78 | 재적재 13 | 중계율 0.09 | alpha 2.215 | complete
Ep 806 | 드론6 목적지73 |  570스텝 | 배송 73/73 | 재적재 13 | 중계율 0.06 | alpha 2.213 | complete
Ep 807 | 드론6 목적지69 |  486스텝 | 배송 69/69 | 재적재 12 | 중계율 0.09 | alpha 2.208 | complete
Ep 808 | 드론4 목적지26 |  765스텝 | 배송 26/26 | 재적재  3 | 중계율 0.23 | alpha 2.236 | complete
Ep 809 | 드론4 목적지70 |  808스텝 | 배송 70/70 | 재적재 12 | 중계율 0.13 | alpha 2.226 | complete
Ep 810 | 드론4 목적지68 | 1000스텝 | 배송 67/68 | 재적재 11 | 중계율 0.13 | alpha 2.235 | step_limit
Ep 811 | 드론3 목적지58 |  842스텝 | 배송 58/58 | 재적재 10 | 중계율 0.12 | alpha 2.258 | complete
Ep 812 | 드론4 목적지33 |  532스텝 | 배송 33/33 | 재적재  5 | 중계율 0.13 | alpha 2.282 | complete
Ep 813 | 드론4 목적지41 |  798스텝 | 배송 41/41 | 재적재  7 | 중계율 0.16 | alpha 2.281 | complete
Ep 814 | 드론4 목적지24 |  738스텝 | 배송 24/24 | 재적재  4 | 중계율 0.21 | alpha 2.292 | complete
Ep 815 | 드론3 목적지38 |  956스텝 | 배송 38/38 | 재적재  7 | 중계율 0.21 | alpha 2.265 | complete
Ep 816 | 드론3 목적지25 |  798스텝 | 배송 25/25 | 재적재  4 | 중계율 0.21 | alpha 2.243 | complete
Ep 817 | 드론4 목적지53 |  647스텝 | 배송 53/53 | 재적재  9 | 중계율 0.07 | alpha 2.194 | complete
Ep 818 | 드론5 목적지28 |  442스텝 | 배송 28/28 | 재적재  4 | 중계율 0.15 | alpha 2.221 | complete
Ep 819 | 드론6 목적지23 |  199스텝 | 배송 23/23 | 재적재  0 | 중계율 0.11 | alpha 2.224 | complete
Ep 820 | 드론4 목적지74 | 1000스텝 | 배송 73/74 | 재적재 13 | 중계율 0.18 | alpha 2.245 | step_limit
Ep 821 | 드론4 목적지79 | 1000스텝 | 배송 75/79 | 재적재 14 | 중계율 0.16 | alpha 2.246 | step_limit
Ep 822 | 드론4 목적지20 |  329스텝 | 배송 20/20 | 재적재  3 | 중계율 0.18 | alpha 2.245 | complete
Ep 823 | 드론5 목적지61 | 1000스텝 | 배송 58/61 | 재적재 10 | 중계율 0.19 | alpha 2.247 | step_limit
Ep 824 | 드론3 목적지25 |  623스텝 | 배송 25/25 | 재적재  3 | 중계율 0.24 | alpha 2.235 | complete
Ep 825 | 드론3 목적지41 | 1000스텝 | 배송 37/41 | 재적재  6 | 중계율 0.22 | alpha 2.246 | step_limit
Ep 826 | 드론3 목적지53 | 1000스텝 | 배송 46/53 | 재적재  9 | 중계율 0.26 | alpha 2.235 | step_limit
Ep 827 | 드론4 목적지44 |  807스텝 | 배송 44/44 | 재적재  7 | 중계율 0.21 | alpha 2.221 | complete
Ep 828 | 드론4 목적지24 |  406스텝 | 배송 24/24 | 재적재  2 | 중계율 0.16 | alpha 2.200 | complete
Ep 829 | 드론6 목적지53 |  513스텝 | 배송 53/53 | 재적재 10 | 중계율 0.13 | alpha 2.218 | complete
Ep 830 | 드론6 목적지66 |  737스텝 | 배송 66/66 | 재적재 11 | 중계율 0.12 | alpha 2.232 | complete
Ep 831 | 드론5 목적지69 |  859스텝 | 배송 69/69 | 재적재 12 | 중계율 0.12 | alpha 2.196 | complete
Ep 832 | 드론5 목적지69 |  726스텝 | 배송 69/69 | 재적재 11 | 중계율 0.12 | alpha 2.202 | complete
Ep 833 | 드론6 목적지72 |  736스텝 | 배송 72/72 | 재적재 13 | 중계율 0.15 | alpha 2.175 | complete
Ep 834 | 드론4 목적지71 | 1000스텝 | 배송 61/71 | 재적재 11 | 중계율 0.25 | alpha 2.169 | step_limit
Ep 835 | 드론3 목적지56 |  926스텝 | 배송 56/56 | 재적재 10 | 중계율 0.14 | alpha 2.156 | complete
Ep 836 | 드론6 목적지30 |  353스텝 | 배송 30/30 | 재적재  5 | 중계율 0.14 | alpha 2.180 | complete
Ep 837 | 드론3 목적지73 | 1000스텝 | 배송 60/73 | 재적재 11 | 중계율 0.20 | alpha 2.222 | step_limit
Ep 838 | 드론5 목적지56 |  633스텝 | 배송 56/56 | 재적재 10 | 중계율 0.09 | alpha 2.196 | complete
Ep 839 | 드론4 목적지20 |  335스텝 | 배송 20/20 | 재적재  2 | 중계율 0.14 | alpha 2.197 | complete
Ep 840 | 드론3 목적지33 |  550스텝 | 배송 33/33 | 재적재  6 | 중계율 0.12 | alpha 2.209 | complete
Ep 841 | 드론4 목적지31 |  824스텝 | 배송 31/31 | 재적재  5 | 중계율 0.24 | alpha 2.180 | complete
Ep 842 | 드론3 목적지68 | 1000스텝 | 배송 59/68 | 재적재 10 | 중계율 0.20 | alpha 2.181 | step_limit
Ep 843 | 드론6 목적지51 |  678스텝 | 배송 51/51 | 재적재  8 | 중계율 0.15 | alpha 2.217 | complete
Ep 844 | 드론4 목적지37 |  553스텝 | 배송 37/37 | 재적재  5 | 중계율 0.16 | alpha 2.202 | complete
Ep 845 | 드론6 목적지74 |  546스텝 | 배송 74/74 | 재적재 12 | 중계율 0.04 | alpha 2.196 | complete
Ep 846 | 드론3 목적지32 |  470스텝 | 배송 32/32 | 재적재  5 | 중계율 0.05 | alpha 2.172 | complete
Ep 847 | 드론5 목적지25 |  292스텝 | 배송 25/25 | 재적재  3 | 중계율 0.08 | alpha 2.160 | complete
Ep 848 | 드론3 목적지44 | 1000스텝 | 배송 42/44 | 재적재  7 | 중계율 0.23 | alpha 2.148 | step_limit
Ep 849 | 드론5 목적지28 |  555스텝 | 배송 28/28 | 재적재  4 | 중계율 0.21 | alpha 2.163 | complete
Ep 850 | 드론3 목적지47 |  956스텝 | 배송 47/47 | 재적재  9 | 중계율 0.18 | alpha 2.172 | complete
  [홀드아웃] 배송 50.0±0.0 완주 1.00 스텝 1042 점수 106.5 재적재 8.6 2홉+ 0.63 | 최고 106.6@ep700 정체 3/15
Ep 851 | 드론3 목적지39 |  959스텝 | 배송 39/39 | 재적재  6 | 중계율 0.23 | alpha 2.104 | complete
Ep 852 | 드론4 목적지68 | 1000스텝 | 배송 61/68 | 재적재 10 | 중계율 0.23 | alpha 2.161 | step_limit
Ep 853 | 드론4 목적지65 | 1000스텝 | 배송 62/65 | 재적재 10 | 중계율 0.22 | alpha 2.178 | step_limit
Ep 854 | 드론5 목적지61 |  696스텝 | 배송 61/61 | 재적재  9 | 중계율 0.14 | alpha 2.192 | complete
Ep 855 | 드론5 목적지22 |  301스텝 | 배송 22/22 | 재적재  2 | 중계율 0.13 | alpha 2.202 | complete
Ep 856 | 드론5 목적지59 |  750스텝 | 배송 59/59 | 재적재 11 | 중계율 0.15 | alpha 2.185 | complete
Ep 857 | 드론3 목적지69 | 1000스텝 | 배송 45/69 | 재적재  8 | 중계율 0.21 | alpha 2.157 | step_limit
Ep 858 | 드론6 목적지35 |  264스텝 | 배송 35/35 | 재적재  6 | 중계율 0.06 | alpha 2.168 | complete
Ep 859 | 드론3 목적지20 |  689스텝 | 배송 20/20 | 재적재  3 | 중계율 0.23 | alpha 2.192 | complete
Ep 860 | 드론5 목적지42 |  590스텝 | 배송 42/42 | 재적재  5 | 중계율 0.14 | alpha 2.201 | complete
Ep 861 | 드론4 목적지58 |  868스텝 | 배송 58/58 | 재적재 11 | 중계율 0.15 | alpha 2.180 | complete
Ep 862 | 드론3 목적지39 |  876스텝 | 배송 39/39 | 재적재  7 | 중계율 0.18 | alpha 2.186 | complete
Ep 863 | 드론5 목적지77 | 1000스텝 | 배송 73/77 | 재적재 12 | 중계율 0.17 | alpha 2.154 | step_limit
Ep 864 | 드론6 목적지37 |  561스텝 | 배송 37/37 | 재적재  5 | 중계율 0.14 | alpha 2.171 | complete
Ep 865 | 드론4 목적지33 |  665스텝 | 배송 33/33 | 재적재  6 | 중계율 0.17 | alpha 2.182 | complete
Ep 866 | 드론5 목적지40 |  417스텝 | 배송 40/40 | 재적재  5 | 중계율 0.08 | alpha 2.187 | complete
Ep 867 | 드론6 목적지34 |  317스텝 | 배송 34/34 | 재적재  5 | 중계율 0.09 | alpha 2.186 | complete
Ep 868 | 드론3 목적지34 |  867스텝 | 배송 34/34 | 재적재  5 | 중계율 0.23 | alpha 2.144 | complete
Ep 869 | 드론3 목적지76 | 1000스텝 | 배송 52/76 | 재적재  9 | 중계율 0.16 | alpha 2.172 | step_limit
Ep 870 | 드론4 목적지42 |  653스텝 | 배송 42/42 | 재적재  7 | 중계율 0.16 | alpha 2.154 | complete
Ep 871 | 드론3 목적지47 |  901스텝 | 배송 47/47 | 재적재  9 | 중계율 0.17 | alpha 2.180 | complete
Ep 872 | 드론5 목적지22 |  366스텝 | 배송 22/22 | 재적재  2 | 중계율 0.08 | alpha 2.190 | complete
Ep 873 | 드론5 목적지60 |  687스텝 | 배송 60/60 | 재적재  9 | 중계율 0.17 | alpha 2.161 | complete
Ep 874 | 드론6 목적지45 |  406스텝 | 배송 45/45 | 재적재  7 | 중계율 0.12 | alpha 2.145 | complete
Ep 875 | 드론6 목적지32 |  360스텝 | 배송 32/32 | 재적재  4 | 중계율 0.14 | alpha 2.147 | complete
Ep 876 | 드론3 목적지49 |  813스텝 | 배송 49/49 | 재적재  8 | 중계율 0.17 | alpha 2.164 | complete
Ep 877 | 드론6 목적지77 |  643스텝 | 배송 77/77 | 재적재 14 | 중계율 0.10 | alpha 2.198 | complete
Ep 878 | 드론5 목적지44 |  926스텝 | 배송 44/44 | 재적재  7 | 중계율 0.22 | alpha 2.191 | complete
Ep 879 | 드론3 목적지79 | 1000스텝 | 배송 58/79 | 재적재 10 | 중계율 0.18 | alpha 2.191 | step_limit
Ep 880 | 드론5 목적지32 |  550스텝 | 배송 32/32 | 재적재  5 | 중계율 0.14 | alpha 2.157 | complete
Ep 881 | 드론6 목적지74 | 1000스텝 | 배송 70/74 | 재적재 12 | 중계율 0.20 | alpha 2.183 | step_limit
Ep 882 | 드론4 목적지76 | 1000스텝 | 배송 63/76 | 재적재 11 | 중계율 0.17 | alpha 2.154 | step_limit
Ep 883 | 드론6 목적지50 |  686스텝 | 배송 50/50 | 재적재  8 | 중계율 0.18 | alpha 2.189 | complete
Ep 884 | 드론6 목적지56 |  578스텝 | 배송 56/56 | 재적재  9 | 중계율 0.10 | alpha 2.221 | complete
Ep 885 | 드론3 목적지44 |  879스텝 | 배송 44/44 | 재적재  7 | 중계율 0.16 | alpha 2.260 | complete
Ep 886 | 드론6 목적지76 |  605스텝 | 배송 76/76 | 재적재 11 | 중계율 0.10 | alpha 2.258 | complete
Ep 887 | 드론4 목적지67 |  925스텝 | 배송 67/67 | 재적재 12 | 중계율 0.17 | alpha 2.236 | complete
Ep 888 | 드론3 목적지71 | 1000스텝 | 배송 59/71 | 재적재  9 | 중계율 0.24 | alpha 2.233 | step_limit
Ep 889 | 드론3 목적지32 |  877스텝 | 배송 32/32 | 재적재  5 | 중계율 0.23 | alpha 2.238 | complete
Ep 890 | 드론5 목적지62 |  659스텝 | 배송 62/62 | 재적재 10 | 중계율 0.12 | alpha 2.231 | complete
Ep 891 | 드론3 목적지78 | 1000스텝 | 배송 55/78 | 재적재  9 | 중계율 0.17 | alpha 2.220 | step_limit
Ep 892 | 드론4 목적지39 |  456스텝 | 배송 39/39 | 재적재  7 | 중계율 0.09 | alpha 2.245 | complete
Ep 893 | 드론4 목적지65 |  921스텝 | 배송 65/65 | 재적재 12 | 중계율 0.15 | alpha 2.258 | complete
Ep 894 | 드론6 목적지47 |  435스텝 | 배송 47/47 | 재적재  8 | 중계율 0.09 | alpha 2.246 | complete
Ep 895 | 드론6 목적지64 |  505스텝 | 배송 64/64 | 재적재 10 | 중계율 0.10 | alpha 2.214 | complete
Ep 896 | 드론5 목적지41 |  668스텝 | 배송 41/41 | 재적재  5 | 중계율 0.16 | alpha 2.237 | complete
Ep 897 | 드론6 목적지77 |  502스텝 | 배송 77/77 | 재적재 13 | 중계율 0.06 | alpha 2.243 | complete
Ep 898 | 드론4 목적지29 |  472스텝 | 배송 29/29 | 재적재  4 | 중계율 0.17 | alpha 2.242 | complete
Ep 899 | 드론3 목적지31 |  823스텝 | 배송 31/31 | 재적재  5 | 중계율 0.21 | alpha 2.219 | complete
Ep 900 | 드론3 목적지69 |  992스텝 | 배송 69/69 | 재적재 11 | 중계율 0.11 | alpha 2.215 | complete
  [홀드아웃] 배송 49.8±1.4 완주 0.95 스텝 1055 점수 101.5 재적재 8.4 2홉+ 0.62 | 최고 106.6@ep700 정체 4/15
Ep 901 | 드론6 목적지26 |  352스텝 | 배송 26/26 | 재적재  3 | 중계율 0.10 | alpha 2.207 | complete
Ep 902 | 드론6 목적지58 |  477스텝 | 배송 58/58 | 재적재 10 | 중계율 0.11 | alpha 2.260 | complete
Ep 903 | 드론3 목적지41 |  977스텝 | 배송 41/41 | 재적재  8 | 중계율 0.22 | alpha 2.244 | complete
Ep 904 | 드론6 목적지47 |  324스텝 | 배송 47/47 | 재적재  7 | 중계율 0.04 | alpha 2.268 | complete
Ep 905 | 드론3 목적지63 | 1000스텝 | 배송 54/63 | 재적재  9 | 중계율 0.25 | alpha 2.234 | step_limit
Ep 906 | 드론5 목적지64 |  906스텝 | 배송 64/64 | 재적재 11 | 중계율 0.16 | alpha 2.244 | complete
Ep 907 | 드론3 목적지80 | 1000스텝 | 배송 67/80 | 재적재 12 | 중계율 0.13 | alpha 2.251 | step_limit
Ep 908 | 드론6 목적지49 |  532스텝 | 배송 49/49 | 재적재  7 | 중계율 0.10 | alpha 2.222 | complete
Ep 909 | 드론3 목적지68 | 1000스텝 | 배송 54/68 | 재적재 10 | 중계율 0.25 | alpha 2.214 | step_limit
Ep 910 | 드론6 목적지69 |  585스텝 | 배송 69/69 | 재적재 12 | 중계율 0.11 | alpha 2.200 | complete
Ep 911 | 드론3 목적지22 |  419스텝 | 배송 22/22 | 재적재  3 | 중계율 0.10 | alpha 2.190 | complete
Ep 912 | 드론4 목적지71 | 1000스텝 | 배송 49/71 | 재적재  8 | 중계율 0.29 | alpha 2.212 | step_limit
Ep 913 | 드론3 목적지48 | 1000스텝 | 배송 47/48 | 재적재  9 | 중계율 0.17 | alpha 2.247 | step_limit
Ep 914 | 드론3 목적지64 | 1000스텝 | 배송 60/64 | 재적재 11 | 중계율 0.19 | alpha 2.225 | step_limit
Ep 915 | 드론6 목적지58 |  591스텝 | 배송 58/58 | 재적재 11 | 중계율 0.13 | alpha 2.206 | complete
Ep 916 | 드론4 목적지21 |  346스텝 | 배송 21/21 | 재적재  3 | 중계율 0.13 | alpha 2.214 | complete
Ep 917 | 드론5 목적지75 | 1000스텝 | 배송 72/75 | 재적재 12 | 중계율 0.23 | alpha 2.200 | step_limit
Ep 918 | 드론6 목적지22 |  283스텝 | 배송 22/22 | 재적재  2 | 중계율 0.20 | alpha 2.214 | complete
Ep 919 | 드론5 목적지73 |  724스텝 | 배송 73/73 | 재적재 13 | 중계율 0.13 | alpha 2.247 | complete
Ep 920 | 드론3 목적지79 | 1000스텝 | 배송 47/79 | 재적재  8 | 중계율 0.23 | alpha 2.243 | step_limit
Ep 921 | 드론4 목적지27 |  424스텝 | 배송 27/27 | 재적재  4 | 중계율 0.13 | alpha 2.241 | complete
Ep 922 | 드론4 목적지20 |  270스텝 | 배송 20/20 | 재적재  3 | 중계율 0.11 | alpha 2.244 | complete
Ep 923 | 드론5 목적지51 |  646스텝 | 배송 51/51 | 재적재  8 | 중계율 0.16 | alpha 2.246 | complete
Ep 924 | 드론6 목적지68 |  558스텝 | 배송 68/68 | 재적재 10 | 중계율 0.10 | alpha 2.235 | complete
Ep 925 | 드론6 목적지30 |  466스텝 | 배송 30/30 | 재적재  4 | 중계율 0.17 | alpha 2.223 | complete
Ep 926 | 드론6 목적지31 |  315스텝 | 배송 31/31 | 재적재  4 | 중계율 0.13 | alpha 2.215 | complete
Ep 927 | 드론3 목적지62 | 1000스텝 | 배송 46/62 | 재적재  9 | 중계율 0.20 | alpha 2.230 | step_limit
Ep 928 | 드론3 목적지51 | 1000스텝 | 배송 49/51 | 재적재  8 | 중계율 0.23 | alpha 2.250 | step_limit
Ep 929 | 드론6 목적지34 |  305스텝 | 배송 34/34 | 재적재  5 | 중계율 0.06 | alpha 2.248 | complete
Ep 930 | 드론4 목적지57 |  679스텝 | 배송 57/57 | 재적재 10 | 중계율 0.11 | alpha 2.247 | complete
Ep 931 | 드론4 목적지52 |  856스텝 | 배송 52/52 | 재적재  8 | 중계율 0.17 | alpha 2.270 | complete
Ep 932 | 드론6 목적지27 |  311스텝 | 배송 27/27 | 재적재  2 | 중계율 0.14 | alpha 2.274 | complete
Ep 933 | 드론6 목적지71 |  717스텝 | 배송 71/71 | 재적재 12 | 중계율 0.15 | alpha 2.237 | complete
Ep 934 | 드론6 목적지65 |  870스텝 | 배송 65/65 | 재적재 10 | 중계율 0.17 | alpha 2.267 | complete
Ep 935 | 드론4 목적지29 |  560스텝 | 배송 29/29 | 재적재  4 | 중계율 0.23 | alpha 2.284 | complete
Ep 936 | 드론3 목적지44 |  933스텝 | 배송 44/44 | 재적재  8 | 중계율 0.19 | alpha 2.284 | complete
Ep 937 | 드론3 목적지22 |  581스텝 | 배송 22/22 | 재적재  3 | 중계율 0.19 | alpha 2.237 | complete
Ep 938 | 드론4 목적지44 | 1000스텝 | 배송 41/44 | 재적재  6 | 중계율 0.23 | alpha 2.233 | step_limit
Ep 939 | 드론5 목적지68 |  905스텝 | 배송 68/68 | 재적재 11 | 중계율 0.18 | alpha 2.221 | complete
Ep 940 | 드론5 목적지43 |  922스텝 | 배송 43/43 | 재적재  6 | 중계율 0.25 | alpha 2.227 | complete
Ep 941 | 드론5 목적지73 |  790스텝 | 배송 73/73 | 재적재 11 | 중계율 0.18 | alpha 2.264 | complete
Ep 942 | 드론6 목적지26 |  243스텝 | 배송 26/26 | 재적재  1 | 중계율 0.13 | alpha 2.270 | complete
Ep 943 | 드론5 목적지28 |  596스텝 | 배송 28/28 | 재적재  2 | 중계율 0.21 | alpha 2.307 | complete
Ep 944 | 드론3 목적지79 | 1000스텝 | 배송 66/79 | 재적재 12 | 중계율 0.15 | alpha 2.287 | step_limit
Ep 945 | 드론3 목적지61 | 1000스텝 | 배송 47/61 | 재적재  8 | 중계율 0.20 | alpha 2.267 | step_limit
Ep 946 | 드론4 목적지50 | 1000스텝 | 배송 49/50 | 재적재  9 | 중계율 0.25 | alpha 2.252 | step_limit
Ep 947 | 드론6 목적지25 |  227스텝 | 배송 25/25 | 재적재  1 | 중계율 0.13 | alpha 2.268 | complete
Ep 948 | 드론6 목적지58 |  502스텝 | 배송 58/58 | 재적재 10 | 중계율 0.09 | alpha 2.282 | complete
Ep 949 | 드론6 목적지52 |  482스텝 | 배송 52/52 | 재적재  9 | 중계율 0.13 | alpha 2.274 | complete
Ep 950 | 드론6 목적지43 |  449스텝 | 배송 43/43 | 재적재  5 | 중계율 0.10 | alpha 2.283 | complete
  [홀드아웃] 배송 50.0±0.0 완주 1.00 스텝 1099 점수 106.3 재적재 8.6 2홉+ 0.63 | 최고 106.6@ep700 정체 5/15
Ep 951 | 드론5 목적지30 |  519스텝 | 배송 30/30 | 재적재  4 | 중계율 0.17 | alpha 2.308 | complete
Ep 952 | 드론3 목적지51 | 1000스텝 | 배송 46/51 | 재적재  8 | 중계율 0.21 | alpha 2.299 | step_limit
Ep 953 | 드론6 목적지43 |  397스텝 | 배송 43/43 | 재적재  6 | 중계율 0.09 | alpha 2.288 | complete
Ep 954 | 드론6 목적지80 |  831스텝 | 배송 80/80 | 재적재 14 | 중계율 0.15 | alpha 2.263 | complete
Ep 955 | 드론6 목적지46 |  478스텝 | 배송 46/46 | 재적재  6 | 중계율 0.13 | alpha 2.248 | complete
Ep 956 | 드론5 목적지37 |  397스텝 | 배송 37/37 | 재적재  5 | 중계율 0.14 | alpha 2.268 | complete
Ep 957 | 드론3 목적지52 |  966스텝 | 배송 52/52 | 재적재 10 | 중계율 0.13 | alpha 2.323 | complete
Ep 958 | 드론6 목적지46 |  687스텝 | 배송 46/46 | 재적재  8 | 중계율 0.23 | alpha 2.349 | complete
Ep 959 | 드론4 목적지46 |  712스텝 | 배송 46/46 | 재적재  8 | 중계율 0.16 | alpha 2.319 | complete
Ep 960 | 드론6 목적지66 |  459스텝 | 배송 66/66 | 재적재 11 | 중계율 0.08 | alpha 2.291 | complete
Ep 961 | 드론4 목적지76 | 1000스텝 | 배송 58/76 | 재적재 10 | 중계율 0.24 | alpha 2.319 | step_limit
Ep 962 | 드론4 목적지52 |  781스텝 | 배송 52/52 | 재적재  9 | 중계율 0.15 | alpha 2.334 | complete
Ep 963 | 드론3 목적지56 | 1000스텝 | 배송 43/56 | 재적재  8 | 중계율 0.27 | alpha 2.305 | step_limit
Ep 964 | 드론3 목적지54 |  883스텝 | 배송 54/54 | 재적재 10 | 중계율 0.16 | alpha 2.285 | complete
Ep 965 | 드론4 목적지34 |  605스텝 | 배송 34/34 | 재적재  5 | 중계율 0.21 | alpha 2.299 | complete
Ep 966 | 드론5 목적지77 |  756스텝 | 배송 77/77 | 재적재 13 | 중계율 0.11 | alpha 2.307 | complete
Ep 967 | 드론6 목적지38 |  351스텝 | 배송 38/38 | 재적재  4 | 중계율 0.08 | alpha 2.322 | complete
Ep 968 | 드론6 목적지37 |  580스텝 | 배송 37/37 | 재적재  5 | 중계율 0.16 | alpha 2.310 | complete
Ep 969 | 드론4 목적지54 |  741스텝 | 배송 54/54 | 재적재 10 | 중계율 0.16 | alpha 2.327 | complete
Ep 970 | 드론5 목적지80 | 1000스텝 | 배송 77/80 | 재적재 15 | 중계율 0.17 | alpha 2.333 | step_limit
Ep 971 | 드론5 목적지26 |  306스텝 | 배송 26/26 | 재적재  3 | 중계율 0.08 | alpha 2.346 | complete
Ep 972 | 드론6 목적지27 |  431스텝 | 배송 27/27 | 재적재  2 | 중계율 0.13 | alpha 2.357 | complete
Ep 973 | 드론4 목적지36 |  971스텝 | 배송 36/36 | 재적재  6 | 중계율 0.23 | alpha 2.346 | complete
Ep 974 | 드론3 목적지80 | 1000스텝 | 배송 65/80 | 재적재 11 | 중계율 0.19 | alpha 2.323 | step_limit
Ep 975 | 드론6 목적지80 |  672스텝 | 배송 80/80 | 재적재 13 | 중계율 0.13 | alpha 2.283 | complete
Ep 976 | 드론4 목적지48 |  975스텝 | 배송 48/48 | 재적재  8 | 중계율 0.21 | alpha 2.233 | complete
Ep 977 | 드론5 목적지48 |  691스텝 | 배송 48/48 | 재적재  8 | 중계율 0.14 | alpha 2.252 | complete
Ep 978 | 드론5 목적지69 |  784스텝 | 배송 69/69 | 재적재 11 | 중계율 0.16 | alpha 2.281 | complete
Ep 979 | 드론6 목적지58 |  502스텝 | 배송 58/58 | 재적재  9 | 중계율 0.09 | alpha 2.287 | complete
Ep 980 | 드론6 목적지73 |  693스텝 | 배송 73/73 | 재적재 11 | 중계율 0.17 | alpha 2.236 | complete
Ep 981 | 드론4 목적지62 |  984스텝 | 배송 62/62 | 재적재 10 | 중계율 0.21 | alpha 2.251 | complete
Ep 982 | 드론6 목적지66 |  606스텝 | 배송 66/66 | 재적재 11 | 중계율 0.14 | alpha 2.242 | complete
Ep 983 | 드론4 목적지22 |  394스텝 | 배송 22/22 | 재적재  4 | 중계율 0.11 | alpha 2.231 | complete
Ep 984 | 드론3 목적지53 | 1000스텝 | 배송 47/53 | 재적재  7 | 중계율 0.27 | alpha 2.267 | step_limit
Ep 985 | 드론5 목적지65 |  813스텝 | 배송 65/65 | 재적재 11 | 중계율 0.11 | alpha 2.279 | complete
Ep 986 | 드론6 목적지35 |  491스텝 | 배송 35/35 | 재적재  4 | 중계율 0.11 | alpha 2.298 | complete
Ep 987 | 드론5 목적지47 |  455스텝 | 배송 47/47 | 재적재  8 | 중계율 0.11 | alpha 2.279 | complete
Ep 988 | 드론4 목적지24 |  499스텝 | 배송 24/24 | 재적재  4 | 중계율 0.18 | alpha 2.256 | complete
Ep 989 | 드론3 목적지64 | 1000스텝 | 배송 58/64 | 재적재 10 | 중계율 0.17 | alpha 2.242 | step_limit
Ep 990 | 드론4 목적지26 |  462스텝 | 배송 26/26 | 재적재  3 | 중계율 0.16 | alpha 2.256 | complete
Ep 991 | 드론3 목적지30 |  781스텝 | 배송 30/30 | 재적재  5 | 중계율 0.25 | alpha 2.248 | complete
Ep 992 | 드론4 목적지59 |  806스텝 | 배송 59/59 | 재적재 10 | 중계율 0.18 | alpha 2.250 | complete
Ep 993 | 드론3 목적지46 |  889스텝 | 배송 46/46 | 재적재  8 | 중계율 0.19 | alpha 2.281 | complete
Ep 994 | 드론5 목적지71 |  634스텝 | 배송 71/71 | 재적재 12 | 중계율 0.13 | alpha 2.292 | complete
Ep 995 | 드론3 목적지61 | 1000스텝 | 배송 56/61 | 재적재 11 | 중계율 0.22 | alpha 2.246 | step_limit
Ep 996 | 드론3 목적지61 | 1000스텝 | 배송 55/61 | 재적재 10 | 중계율 0.17 | alpha 2.241 | step_limit
Ep 997 | 드론3 목적지59 | 1000스텝 | 배송 50/59 | 재적재  9 | 중계율 0.18 | alpha 2.273 | step_limit
Ep 998 | 드론6 목적지70 |  645스텝 | 배송 70/70 | 재적재 12 | 중계율 0.18 | alpha 2.240 | complete
Ep 999 | 드론4 목적지49 | 1000스텝 | 배송 48/49 | 재적재  8 | 중계율 0.17 | alpha 2.242 | step_limit
Ep 1000 | 드론5 목적지63 |  669스텝 | 배송 63/63 | 재적재 11 | 중계율 0.13 | alpha 2.268 | complete
  [홀드아웃] 배송 50.0±0.0 완주 1.00 스텝 1080 점수 106.4 재적재 8.4 2홉+ 0.64 | 최고 106.6@ep700 정체 6/15
Ep 1001 | 드론6 목적지43 |  458스텝 | 배송 43/43 | 재적재  7 | 중계율 0.12 | alpha 2.263 | complete
Ep 1002 | 드론4 목적지78 | 1000스텝 | 배송 70/78 | 재적재 12 | 중계율 0.23 | alpha 2.236 | step_limit
Ep 1003 | 드론4 목적지74 | 1000스텝 | 배송 69/74 | 재적재 12 | 중계율 0.21 | alpha 2.223 | step_limit
Ep 1004 | 드론6 목적지61 |  585스텝 | 배송 61/61 | 재적재 11 | 중계율 0.11 | alpha 2.219 | complete
Ep 1005 | 드론5 목적지62 |  697스텝 | 배송 62/62 | 재적재 11 | 중계율 0.13 | alpha 2.163 | complete
Ep 1006 | 드론3 목적지22 |  516스텝 | 배송 22/22 | 재적재  3 | 중계율 0.13 | alpha 2.164 | complete
Ep 1007 | 드론5 목적지79 |  931스텝 | 배송 79/79 | 재적재 15 | 중계율 0.16 | alpha 2.187 | complete
Ep 1008 | 드론4 목적지28 |  634스텝 | 배송 28/28 | 재적재  4 | 중계율 0.13 | alpha 2.194 | complete
Ep 1009 | 드론4 목적지65 |  939스텝 | 배송 65/65 | 재적재 11 | 중계율 0.22 | alpha 2.206 | complete
Ep 1010 | 드론5 목적지22 |  502스텝 | 배송 22/22 | 재적재  3 | 중계율 0.20 | alpha 2.205 | complete
Ep 1011 | 드론5 목적지52 |  687스텝 | 배송 52/52 | 재적재  8 | 중계율 0.11 | alpha 2.250 | complete
Ep 1012 | 드론6 목적지47 |  479스텝 | 배송 47/47 | 재적재  8 | 중계율 0.13 | alpha 2.251 | complete
Ep 1013 | 드론6 목적지66 |  577스텝 | 배송 66/66 | 재적재 12 | 중계율 0.08 | alpha 2.244 | complete
Ep 1014 | 드론4 목적지69 | 1000스텝 | 배송 65/69 | 재적재 11 | 중계율 0.17 | alpha 2.294 | step_limit
Ep 1015 | 드론4 목적지77 |  784스텝 | 배송 77/77 | 재적재 14 | 중계율 0.12 | alpha 2.282 | complete
Ep 1016 | 드론4 목적지80 | 1000스텝 | 배송 72/80 | 재적재 14 | 중계율 0.18 | alpha 2.298 | step_limit
Ep 1017 | 드론5 목적지51 |  513스텝 | 배송 51/51 | 재적재  8 | 중계율 0.09 | alpha 2.314 | complete
Ep 1018 | 드론6 목적지21 |  177스텝 | 배송 21/21 | 재적재  0 | 중계율 0.08 | alpha 2.315 | complete
Ep 1019 | 드론4 목적지58 |  793스텝 | 배송 58/58 | 재적재 10 | 중계율 0.19 | alpha 2.285 | complete
Ep 1020 | 드론4 목적지74 | 1000스텝 | 배송 59/74 | 재적재 10 | 중계율 0.20 | alpha 2.286 | step_limit
Ep 1021 | 드론3 목적지48 | 1000스텝 | 배송 47/48 | 재적재  7 | 중계율 0.19 | alpha 2.269 | step_limit
Ep 1022 | 드론6 목적지27 |  298스텝 | 배송 27/27 | 재적재  2 | 중계율 0.07 | alpha 2.239 | complete
Ep 1023 | 드론6 목적지46 |  323스텝 | 배송 46/46 | 재적재  6 | 중계율 0.08 | alpha 2.253 | complete
Ep 1024 | 드론3 목적지70 | 1000스텝 | 배송 52/70 | 재적재  8 | 중계율 0.24 | alpha 2.261 | step_limit
Ep 1025 | 드론5 목적지41 |  545스텝 | 배송 41/41 | 재적재  7 | 중계율 0.14 | alpha 2.254 | complete
Ep 1026 | 드론6 목적지76 |  646스텝 | 배송 76/76 | 재적재 13 | 중계율 0.11 | alpha 2.243 | complete
Ep 1027 | 드론4 목적지51 |  751스텝 | 배송 51/51 | 재적재  9 | 중계율 0.13 | alpha 2.224 | complete
Ep 1028 | 드론3 목적지27 |  802스텝 | 배송 27/27 | 재적재  4 | 중계율 0.14 | alpha 2.214 | complete
Ep 1029 | 드론4 목적지37 |  402스텝 | 배송 37/37 | 재적재  5 | 중계율 0.12 | alpha 2.173 | complete
Ep 1030 | 드론4 목적지46 |  969스텝 | 배송 46/46 | 재적재  8 | 중계율 0.21 | alpha 2.207 | complete
Ep 1031 | 드론6 목적지20 |  213스텝 | 배송 20/20 | 재적재  0 | 중계율 0.11 | alpha 2.221 | complete
Ep 1032 | 드론3 목적지27 |  489스텝 | 배송 27/27 | 재적재  4 | 중계율 0.09 | alpha 2.245 | complete
Ep 1033 | 드론5 목적지38 |  391스텝 | 배송 38/38 | 재적재  6 | 중계율 0.08 | alpha 2.276 | complete
Ep 1034 | 드론4 목적지66 | 1000스텝 | 배송 64/66 | 재적재 11 | 중계율 0.19 | alpha 2.314 | step_limit
Ep 1035 | 드론6 목적지64 |  648스텝 | 배송 64/64 | 재적재 11 | 중계율 0.14 | alpha 2.291 | complete
Ep 1036 | 드론4 목적지59 |  947스텝 | 배송 59/59 | 재적재 10 | 중계율 0.16 | alpha 2.276 | complete
Ep 1037 | 드론3 목적지49 |  893스텝 | 배송 49/49 | 재적재  8 | 중계율 0.15 | alpha 2.253 | complete
Ep 1038 | 드론6 목적지57 |  674스텝 | 배송 57/57 | 재적재  9 | 중계율 0.16 | alpha 2.266 | complete
Ep 1039 | 드론4 목적지73 | 1000스텝 | 배송 72/73 | 재적재 12 | 중계율 0.19 | alpha 2.199 | step_limit
Ep 1040 | 드론3 목적지44 | 1000스텝 | 배송 43/44 | 재적재  7 | 중계율 0.27 | alpha 2.186 | step_limit
Ep 1041 | 드론5 목적지65 |  828스텝 | 배송 65/65 | 재적재 11 | 중계율 0.15 | alpha 2.172 | complete
Ep 1042 | 드론3 목적지37 |  909스텝 | 배송 37/37 | 재적재  6 | 중계율 0.21 | alpha 2.195 | complete
Ep 1043 | 드론5 목적지52 |  552스텝 | 배송 52/52 | 재적재  9 | 중계율 0.12 | alpha 2.189 | complete
Ep 1044 | 드론4 목적지36 |  676스텝 | 배송 36/36 | 재적재  4 | 중계율 0.18 | alpha 2.220 | complete
Ep 1045 | 드론4 목적지52 |  692스텝 | 배송 52/52 | 재적재  8 | 중계율 0.13 | alpha 2.204 | complete
Ep 1046 | 드론5 목적지43 |  450스텝 | 배송 43/43 | 재적재  6 | 중계율 0.07 | alpha 2.172 | complete
Ep 1047 | 드론3 목적지52 | 1000스텝 | 배송 44/52 | 재적재  8 | 중계율 0.23 | alpha 2.159 | step_limit
Ep 1048 | 드론3 목적지51 | 1000스텝 | 배송 47/51 | 재적재  8 | 중계율 0.22 | alpha 2.200 | step_limit
Ep 1049 | 드론4 목적지72 | 1000스텝 | 배송 61/72 | 재적재 11 | 중계율 0.21 | alpha 2.206 | step_limit
Ep 1050 | 드론5 목적지76 |  966스텝 | 배송 76/76 | 재적재 14 | 중계율 0.16 | alpha 2.202 | complete
  [홀드아웃] 배송 50.0±0.0 완주 1.00 스텝 1131 점수 106.2 재적재 8.4 2홉+ 0.64 | 최고 106.6@ep700 정체 7/15
Ep 1051 | 드론4 목적지79 | 1000스텝 | 배송 63/79 | 재적재 10 | 중계율 0.22 | alpha 2.182 | step_limit
Ep 1052 | 드론5 목적지45 |  820스텝 | 배송 45/45 | 재적재  6 | 중계율 0.16 | alpha 2.186 | complete
Ep 1053 | 드론6 목적지49 |  447스텝 | 배송 49/49 | 재적재  6 | 중계율 0.12 | alpha 2.191 | complete
Ep 1054 | 드론6 목적지61 |  374스텝 | 배송 61/61 | 재적재 10 | 중계율 0.05 | alpha 2.224 | complete
Ep 1055 | 드론5 목적지41 |  419스텝 | 배송 41/41 | 재적재  5 | 중계율 0.09 | alpha 2.243 | complete
Ep 1056 | 드론5 목적지54 |  638스텝 | 배송 54/54 | 재적재  8 | 중계율 0.13 | alpha 2.244 | complete
Ep 1057 | 드론5 목적지64 |  693스텝 | 배송 64/64 | 재적재 11 | 중계율 0.14 | alpha 2.239 | complete
Ep 1058 | 드론5 목적지66 | 1000스텝 | 배송 63/66 | 재적재 11 | 중계율 0.18 | alpha 2.271 | step_limit
Ep 1059 | 드론3 목적지51 |  864스텝 | 배송 51/51 | 재적재  9 | 중계율 0.15 | alpha 2.234 | complete
Ep 1060 | 드론6 목적지52 |  459스텝 | 배송 52/52 | 재적재  8 | 중계율 0.12 | alpha 2.233 | complete
Ep 1061 | 드론5 목적지37 |  648스텝 | 배송 37/37 | 재적재  6 | 중계율 0.13 | alpha 2.237 | complete
Ep 1062 | 드론5 목적지24 |  240스텝 | 배송 24/24 | 재적재  1 | 중계율 0.10 | alpha 2.231 | complete
Ep 1063 | 드론5 목적지73 |  688스텝 | 배송 73/73 | 재적재 12 | 중계율 0.13 | alpha 2.223 | complete
Ep 1064 | 드론5 목적지39 |  707스텝 | 배송 39/39 | 재적재  5 | 중계율 0.18 | alpha 2.195 | complete
Ep 1065 | 드론4 목적지24 | 1000스텝 | 배송 24/24 | 재적재  3 | 중계율 0.23 | alpha 2.198 | complete
Ep 1066 | 드론3 목적지75 | 1000스텝 | 배송 66/75 | 재적재 12 | 중계율 0.17 | alpha 2.187 | step_limit
Ep 1067 | 드론6 목적지50 |  506스텝 | 배송 50/50 | 재적재  7 | 중계율 0.10 | alpha 2.193 | complete
Ep 1068 | 드론4 목적지45 |  630스텝 | 배송 45/45 | 재적재  8 | 중계율 0.08 | alpha 2.213 | complete
Ep 1069 | 드론5 목적지20 |  226스텝 | 배송 20/20 | 재적재  0 | 중계율 0.12 | alpha 2.229 | complete
Ep 1070 | 드론3 목적지79 | 1000스텝 | 배송 71/79 | 재적재 12 | 중계율 0.14 | alpha 2.234 | step_limit
Ep 1071 | 드론4 목적지32 |  540스텝 | 배송 32/32 | 재적재  4 | 중계율 0.14 | alpha 2.258 | complete
Ep 1072 | 드론3 목적지56 | 1000스텝 | 배송 48/56 | 재적재  8 | 중계율 0.18 | alpha 2.261 | step_limit
Ep 1073 | 드론6 목적지25 |  206스텝 | 배송 25/25 | 재적재  0 | 중계율 0.08 | alpha 2.253 | complete
Ep 1074 | 드론3 목적지34 | 1000스텝 | 배송 31/34 | 재적재  4 | 중계율 0.22 | alpha 2.204 | step_limit
Ep 1075 | 드론6 목적지40 |  393스텝 | 배송 40/40 | 재적재  6 | 중계율 0.07 | alpha 2.215 | complete
Ep 1076 | 드론3 목적지73 | 1000스텝 | 배송 67/73 | 재적재 11 | 중계율 0.19 | alpha 2.240 | step_limit
Ep 1077 | 드론5 목적지50 |  639스텝 | 배송 50/50 | 재적재  9 | 중계율 0.16 | alpha 2.265 | complete
Ep 1078 | 드론5 목적지62 |  733스텝 | 배송 62/62 | 재적재  9 | 중계율 0.14 | alpha 2.249 | complete
Ep 1079 | 드론4 목적지25 |  534스텝 | 배송 25/25 | 재적재  4 | 중계율 0.13 | alpha 2.249 | complete
Ep 1080 | 드론3 목적지51 | 1000스텝 | 배송 47/51 | 재적재  7 | 중계율 0.15 | alpha 2.246 | step_limit
Ep 1081 | 드론5 목적지46 |  798스텝 | 배송 46/46 | 재적재  9 | 중계율 0.18 | alpha 2.218 | complete
Ep 1082 | 드론6 목적지51 |  503스텝 | 배송 51/51 | 재적재  9 | 중계율 0.09 | alpha 2.207 | complete
Ep 1083 | 드론4 목적지64 | 1000스텝 | 배송 59/64 | 재적재 11 | 중계율 0.19 | alpha 2.155 | step_limit
Ep 1084 | 드론4 목적지48 |  901스텝 | 배송 48/48 | 재적재  9 | 중계율 0.22 | alpha 2.189 | complete
Ep 1085 | 드론4 목적지60 | 1000스텝 | 배송 53/60 | 재적재  9 | 중계율 0.25 | alpha 2.211 | step_limit
Ep 1086 | 드론5 목적지27 |  383스텝 | 배송 27/27 | 재적재  4 | 중계율 0.15 | alpha 2.217 | complete
Ep 1087 | 드론5 목적지66 |  981스텝 | 배송 66/66 | 재적재 10 | 중계율 0.22 | alpha 2.251 | complete
Ep 1088 | 드론5 목적지48 |  482스텝 | 배송 48/48 | 재적재  7 | 중계율 0.09 | alpha 2.254 | complete
Ep 1089 | 드론4 목적지63 |  786스텝 | 배송 63/63 | 재적재 10 | 중계율 0.17 | alpha 2.270 | complete
Ep 1090 | 드론5 목적지78 | 1000스텝 | 배송 72/78 | 재적재 11 | 중계율 0.21 | alpha 2.247 | step_limit
Ep 1091 | 드론4 목적지66 | 1000스텝 | 배송 56/66 | 재적재  9 | 중계율 0.22 | alpha 2.240 | step_limit
Ep 1092 | 드론3 목적지77 | 1000스텝 | 배송 61/77 | 재적재 10 | 중계율 0.24 | alpha 2.277 | step_limit
Ep 1093 | 드론3 목적지72 | 1000스텝 | 배송 59/72 | 재적재 11 | 중계율 0.17 | alpha 2.265 | step_limit
Ep 1094 | 드론6 목적지45 |  495스텝 | 배송 45/45 | 재적재  7 | 중계율 0.11 | alpha 2.281 | complete
Ep 1095 | 드론5 목적지21 |  338스텝 | 배송 21/21 | 재적재  2 | 중계율 0.12 | alpha 2.276 | complete
Ep 1096 | 드론6 목적지77 |  561스텝 | 배송 77/77 | 재적재 13 | 중계율 0.08 | alpha 2.266 | complete
Ep 1097 | 드론3 목적지44 |  949스텝 | 배송 44/44 | 재적재  7 | 중계율 0.21 | alpha 2.237 | complete
Ep 1098 | 드론3 목적지59 | 1000스텝 | 배송 51/59 | 재적재  9 | 중계율 0.21 | alpha 2.233 | step_limit
Ep 1099 | 드론4 목적지75 | 1000스텝 | 배송 69/75 | 재적재 11 | 중계율 0.20 | alpha 2.288 | step_limit
Ep 1100 | 드론3 목적지54 | 1000스텝 | 배송 43/54 | 재적재  8 | 중계율 0.24 | alpha 2.327 | step_limit
  [홀드아웃] 배송 50.0±0.3 완주 0.97 스텝 1129 점수 103.7 재적재 8.6 2홉+ 0.64 | 최고 106.6@ep700 정체 8/15
Ep 1101 | 드론4 목적지78 |  987스텝 | 배송 78/78 | 재적재 14 | 중계율 0.12 | alpha 2.294 | complete
Ep 1102 | 드론6 목적지36 |  472스텝 | 배송 36/36 | 재적재  4 | 중계율 0.14 | alpha 2.302 | complete
Ep 1103 | 드론4 목적지32 |  694스텝 | 배송 32/32 | 재적재  5 | 중계율 0.18 | alpha 2.312 | complete
Ep 1104 | 드론6 목적지37 |  516스텝 | 배송 37/37 | 재적재  5 | 중계율 0.12 | alpha 2.330 | complete
Ep 1105 | 드론6 목적지63 |  560스텝 | 배송 63/63 | 재적재 11 | 중계율 0.11 | alpha 2.313 | complete
Ep 1106 | 드론5 목적지46 |  583스텝 | 배송 46/46 | 재적재  7 | 중계율 0.12 | alpha 2.314 | complete
Ep 1107 | 드론5 목적지21 |  433스텝 | 배송 21/21 | 재적재  3 | 중계율 0.17 | alpha 2.278 | complete
Ep 1108 | 드론3 목적지41 | 1000스텝 | 배송 37/41 | 재적재  7 | 중계율 0.26 | alpha 2.251 | step_limit
Ep 1109 | 드론5 목적지21 |  220스텝 | 배송 21/21 | 재적재  2 | 중계율 0.06 | alpha 2.254 | complete
Ep 1110 | 드론3 목적지55 | 1000스텝 | 배송 47/55 | 재적재  8 | 중계율 0.29 | alpha 2.274 | step_limit
Ep 1111 | 드론6 목적지49 |  532스텝 | 배송 49/49 | 재적재  7 | 중계율 0.05 | alpha 2.282 | complete
Ep 1112 | 드론4 목적지27 |  443스텝 | 배송 27/27 | 재적재  4 | 중계율 0.14 | alpha 2.291 | complete
Ep 1113 | 드론6 목적지70 |  640스텝 | 배송 70/70 | 재적재 11 | 중계율 0.07 | alpha 2.298 | complete
Ep 1114 | 드론6 목적지50 |  534스텝 | 배송 50/50 | 재적재  8 | 중계율 0.11 | alpha 2.294 | complete
Ep 1115 | 드론6 목적지73 | 1000스텝 | 배송 68/73 | 재적재 12 | 중계율 0.21 | alpha 2.286 | step_limit
Ep 1116 | 드론4 목적지54 | 1000스텝 | 배송 46/54 | 재적재  8 | 중계율 0.21 | alpha 2.286 | step_limit
Ep 1117 | 드론5 목적지74 |  787스텝 | 배송 74/74 | 재적재 13 | 중계율 0.11 | alpha 2.269 | complete
Ep 1118 | 드론6 목적지52 |  571스텝 | 배송 52/52 | 재적재  9 | 중계율 0.16 | alpha 2.288 | complete
Ep 1119 | 드론6 목적지22 |  216스텝 | 배송 22/22 | 재적재  0 | 중계율 0.12 | alpha 2.311 | complete
Ep 1120 | 드론5 목적지40 |  515스텝 | 배송 40/40 | 재적재  7 | 중계율 0.12 | alpha 2.294 | complete
Ep 1121 | 드론5 목적지26 |  394스텝 | 배송 26/26 | 재적재  3 | 중계율 0.15 | alpha 2.309 | complete
Ep 1122 | 드론6 목적지55 |  411스텝 | 배송 55/55 | 재적재 10 | 중계율 0.05 | alpha 2.341 | complete
Ep 1123 | 드론6 목적지54 |  487스텝 | 배송 54/54 | 재적재  8 | 중계율 0.11 | alpha 2.342 | complete
Ep 1124 | 드론5 목적지79 |  783스텝 | 배송 79/79 | 재적재 12 | 중계율 0.09 | alpha 2.314 | complete
Ep 1125 | 드론6 목적지53 |  618스텝 | 배송 53/53 | 재적재  8 | 중계율 0.13 | alpha 2.294 | complete
Ep 1126 | 드론5 목적지21 |  288스텝 | 배송 21/21 | 재적재  2 | 중계율 0.10 | alpha 2.291 | complete
Ep 1127 | 드론4 목적지66 | 1000스텝 | 배송 53/66 | 재적재 10 | 중계율 0.21 | alpha 2.319 | step_limit
Ep 1128 | 드론5 목적지70 |  837스텝 | 배송 70/70 | 재적재 11 | 중계율 0.12 | alpha 2.313 | complete
Ep 1129 | 드론6 목적지28 |  357스텝 | 배송 28/28 | 재적재  2 | 중계율 0.16 | alpha 2.323 | complete
Ep 1130 | 드론5 목적지45 |  612스텝 | 배송 45/45 | 재적재  8 | 중계율 0.15 | alpha 2.342 | complete
Ep 1131 | 드론4 목적지55 | 1000스텝 | 배송 48/55 | 재적재  8 | 중계율 0.26 | alpha 2.337 | step_limit
Ep 1132 | 드론6 목적지59 |  790스텝 | 배송 59/59 | 재적재  9 | 중계율 0.15 | alpha 2.309 | complete
Ep 1133 | 드론5 목적지69 |  623스텝 | 배송 69/69 | 재적재 13 | 중계율 0.07 | alpha 2.324 | complete
Ep 1134 | 드론6 목적지28 |  273스텝 | 배송 28/28 | 재적재  3 | 중계율 0.11 | alpha 2.331 | complete
Ep 1135 | 드론4 목적지68 | 1000스텝 | 배송 59/68 | 재적재  9 | 중계율 0.22 | alpha 2.340 | step_limit
Ep 1136 | 드론6 목적지76 |  823스텝 | 배송 76/76 | 재적재 13 | 중계율 0.16 | alpha 2.346 | complete
Ep 1137 | 드론5 목적지30 |  274스텝 | 배송 30/30 | 재적재  4 | 중계율 0.08 | alpha 2.348 | complete
Ep 1138 | 드론4 목적지48 |  949스텝 | 배송 48/48 | 재적재  8 | 중계율 0.15 | alpha 2.331 | complete
Ep 1139 | 드론6 목적지39 |  414스텝 | 배송 39/39 | 재적재  5 | 중계율 0.08 | alpha 2.314 | complete
Ep 1140 | 드론4 목적지80 |  940스텝 | 배송 80/80 | 재적재 15 | 중계율 0.15 | alpha 2.286 | complete
Ep 1141 | 드론4 목적지28 |  412스텝 | 배송 28/28 | 재적재  4 | 중계율 0.09 | alpha 2.276 | complete
Ep 1142 | 드론6 목적지47 |  394스텝 | 배송 47/47 | 재적재  6 | 중계율 0.05 | alpha 2.267 | complete
Ep 1143 | 드론4 목적지44 |  710스텝 | 배송 44/44 | 재적재  7 | 중계율 0.17 | alpha 2.319 | complete
Ep 1144 | 드론4 목적지28 |  734스텝 | 배송 28/28 | 재적재  4 | 중계율 0.23 | alpha 2.332 | complete
Ep 1145 | 드론5 목적지21 |  436스텝 | 배송 21/21 | 재적재  2 | 중계율 0.16 | alpha 2.345 | complete
Ep 1146 | 드론3 목적지72 | 1000스텝 | 배송 64/72 | 재적재 12 | 중계율 0.20 | alpha 2.322 | step_limit
Ep 1147 | 드론4 목적지77 | 1000스텝 | 배송 76/77 | 재적재 13 | 중계율 0.13 | alpha 2.327 | step_limit
Ep 1148 | 드론6 목적지45 |  426스텝 | 배송 45/45 | 재적재  6 | 중계율 0.12 | alpha 2.301 | complete
Ep 1149 | 드론4 목적지80 |  994스텝 | 배송 80/80 | 재적재 15 | 중계율 0.20 | alpha 2.329 | complete
Ep 1150 | 드론4 목적지73 |  896스텝 | 배송 73/73 | 재적재 13 | 중계율 0.14 | alpha 2.355 | complete
  [홀드아웃] 배송 50.0±0.0 완주 1.00 스텝 1128 점수 106.2 재적재 8.5 2홉+ 0.64 | 최고 106.6@ep700 정체 9/15
Ep 1151 | 드론3 목적지40 |  991스텝 | 배송 40/40 | 재적재  7 | 중계율 0.26 | alpha 2.337 | complete
Ep 1152 | 드론4 목적지61 |  885스텝 | 배송 61/61 | 재적재 11 | 중계율 0.19 | alpha 2.354 | complete
Ep 1153 | 드론6 목적지24 |  325스텝 | 배송 24/24 | 재적재  2 | 중계율 0.17 | alpha 2.362 | complete
Ep 1154 | 드론4 목적지24 |  552스텝 | 배송 24/24 | 재적재  4 | 중계율 0.25 | alpha 2.365 | complete
Ep 1155 | 드론3 목적지31 |  797스텝 | 배송 31/31 | 재적재  5 | 중계율 0.26 | alpha 2.389 | complete
Ep 1156 | 드론4 목적지20 |  368스텝 | 배송 20/20 | 재적재  2 | 중계율 0.11 | alpha 2.388 | complete
Ep 1157 | 드론6 목적지23 |  287스텝 | 배송 23/23 | 재적재  1 | 중계율 0.07 | alpha 2.387 | complete
Ep 1158 | 드론5 목적지41 |  936스텝 | 배송 41/41 | 재적재  6 | 중계율 0.21 | alpha 2.331 | complete
Ep 1159 | 드론5 목적지64 |  899스텝 | 배송 64/64 | 재적재 11 | 중계율 0.13 | alpha 2.331 | complete
Ep 1160 | 드론4 목적지47 | 1000스텝 | 배송 45/47 | 재적재  8 | 중계율 0.24 | alpha 2.343 | step_limit
Ep 1161 | 드론5 목적지70 |  604스텝 | 배송 70/70 | 재적재 12 | 중계율 0.06 | alpha 2.332 | complete
Ep 1162 | 드론5 목적지77 |  869스텝 | 배송 77/77 | 재적재 14 | 중계율 0.14 | alpha 2.351 | complete
Ep 1163 | 드론4 목적지43 | 1000스텝 | 배송 36/43 | 재적재  6 | 중계율 0.25 | alpha 2.339 | step_limit
Ep 1164 | 드론3 목적지40 |  711스텝 | 배송 40/40 | 재적재  7 | 중계율 0.14 | alpha 2.333 | complete
Ep 1165 | 드론6 목적지67 |  515스텝 | 배송 67/67 | 재적재 11 | 중계율 0.09 | alpha 2.314 | complete
Ep 1166 | 드론5 목적지65 |  673스텝 | 배송 65/65 | 재적재 11 | 중계율 0.11 | alpha 2.358 | complete
Ep 1167 | 드론3 목적지24 |  639스텝 | 배송 24/24 | 재적재  3 | 중계율 0.22 | alpha 2.344 | complete
Ep 1168 | 드론6 목적지67 |  737스텝 | 배송 67/67 | 재적재 11 | 중계율 0.14 | alpha 2.336 | complete
Ep 1169 | 드론4 목적지37 |  601스텝 | 배송 37/37 | 재적재  5 | 중계율 0.12 | alpha 2.339 | complete
Ep 1170 | 드론3 목적지35 |  774스텝 | 배송 35/35 | 재적재  6 | 중계율 0.18 | alpha 2.330 | complete
Ep 1171 | 드론5 목적지70 |  864스텝 | 배송 70/70 | 재적재 13 | 중계율 0.14 | alpha 2.325 | complete
Ep 1172 | 드론5 목적지56 | 1000스텝 | 배송 53/56 | 재적재 10 | 중계율 0.22 | alpha 2.343 | step_limit
Ep 1173 | 드론3 목적지39 | 1000스텝 | 배송 38/39 | 재적재  5 | 중계율 0.23 | alpha 2.396 | step_limit
Ep 1174 | 드론6 목적지53 |  735스텝 | 배송 53/53 | 재적재  8 | 중계율 0.14 | alpha 2.419 | complete
Ep 1175 | 드론6 목적지44 |  482스텝 | 배송 44/44 | 재적재  6 | 중계율 0.15 | alpha 2.427 | complete
Ep 1176 | 드론6 목적지44 |  367스텝 | 배송 44/44 | 재적재  6 | 중계율 0.11 | alpha 2.435 | complete
Ep 1177 | 드론6 목적지33 |  374스텝 | 배송 33/33 | 재적재  5 | 중계율 0.12 | alpha 2.417 | complete
Ep 1178 | 드론3 목적지61 | 1000스텝 | 배송 53/61 | 재적재 10 | 중계율 0.22 | alpha 2.366 | step_limit
Ep 1179 | 드론5 목적지71 |  756스텝 | 배송 71/71 | 재적재 12 | 중계율 0.10 | alpha 2.336 | complete
Ep 1180 | 드론5 목적지62 |  798스텝 | 배송 62/62 | 재적재 12 | 중계율 0.15 | alpha 2.305 | complete
Ep 1181 | 드론5 목적지50 |  556스텝 | 배송 50/50 | 재적재  9 | 중계율 0.14 | alpha 2.306 | complete
Ep 1182 | 드론3 목적지79 | 1000스텝 | 배송 68/79 | 재적재 12 | 중계율 0.16 | alpha 2.261 | step_limit
Ep 1183 | 드론5 목적지51 |  697스텝 | 배송 51/51 | 재적재  8 | 중계율 0.11 | alpha 2.251 | complete
Ep 1184 | 드론5 목적지30 |  469스텝 | 배송 30/30 | 재적재  4 | 중계율 0.15 | alpha 2.277 | complete
Ep 1185 | 드론3 목적지77 | 1000스텝 | 배송 66/77 | 재적재 12 | 중계율 0.17 | alpha 2.286 | step_limit
Ep 1186 | 드론6 목적지42 |  391스텝 | 배송 42/42 | 재적재  7 | 중계율 0.07 | alpha 2.320 | complete
Ep 1187 | 드론6 목적지20 |  221스텝 | 배송 20/20 | 재적재  2 | 중계율 0.07 | alpha 2.334 | complete
Ep 1188 | 드론4 목적지74 | 1000스텝 | 배송 61/74 | 재적재 12 | 중계율 0.23 | alpha 2.358 | step_limit
Ep 1189 | 드론5 목적지60 |  609스텝 | 배송 60/60 | 재적재 10 | 중계율 0.09 | alpha 2.325 | complete
Ep 1190 | 드론3 목적지26 |  672스텝 | 배송 26/26 | 재적재  4 | 중계율 0.12 | alpha 2.319 | complete
Ep 1191 | 드론5 목적지27 |  355스텝 | 배송 27/27 | 재적재  4 | 중계율 0.15 | alpha 2.316 | complete
Ep 1192 | 드론5 목적지78 |  947스텝 | 배송 78/78 | 재적재 14 | 중계율 0.16 | alpha 2.339 | complete
Ep 1193 | 드론3 목적지42 |  960스텝 | 배송 42/42 | 재적재  8 | 중계율 0.21 | alpha 2.341 | complete
Ep 1194 | 드론4 목적지75 |  902스텝 | 배송 75/75 | 재적재 13 | 중계율 0.17 | alpha 2.306 | complete
Ep 1195 | 드론5 목적지56 |  581스텝 | 배송 56/56 | 재적재 10 | 중계율 0.08 | alpha 2.313 | complete
Ep 1196 | 드론6 목적지66 |  803스텝 | 배송 66/66 | 재적재 10 | 중계율 0.15 | alpha 2.327 | complete
Ep 1197 | 드론5 목적지59 |  658스텝 | 배송 59/59 | 재적재  9 | 중계율 0.14 | alpha 2.334 | complete
Ep 1198 | 드론4 목적지47 |  823스텝 | 배송 47/47 | 재적재  8 | 중계율 0.20 | alpha 2.320 | complete
Ep 1199 | 드론4 목적지65 |  873스텝 | 배송 65/65 | 재적재 11 | 중계율 0.13 | alpha 2.367 | complete
Ep 1200 | 드론6 목적지48 |  553스텝 | 배송 48/48 | 재적재  8 | 중계율 0.12 | alpha 2.389 | complete
  [홀드아웃] 배송 50.0±0.0 완주 1.00 스텝 1142 점수 106.2 재적재 8.6 2홉+ 0.63 | 최고 106.6@ep700 정체 10/15
Ep 1201 | 드론5 목적지22 |  484스텝 | 배송 22/22 | 재적재  2 | 중계율 0.15 | alpha 2.437 | complete
Ep 1202 | 드론4 목적지68 | 1000스텝 | 배송 61/68 | 재적재 11 | 중계율 0.14 | alpha 2.456 | step_limit
Ep 1203 | 드론3 목적지36 | 1000스텝 | 배송 30/36 | 재적재  5 | 중계율 0.21 | alpha 2.436 | step_limit
Ep 1204 | 드론4 목적지23 |  548스텝 | 배송 23/23 | 재적재  4 | 중계율 0.19 | alpha 2.394 | complete
Ep 1205 | 드론4 목적지32 |  608스텝 | 배송 32/32 | 재적재  4 | 중계율 0.18 | alpha 2.377 | complete
Ep 1206 | 드론3 목적지76 | 1000스텝 | 배송 59/76 | 재적재 11 | 중계율 0.19 | alpha 2.375 | step_limit
Ep 1207 | 드론6 목적지45 |  388스텝 | 배송 45/45 | 재적재  6 | 중계율 0.07 | alpha 2.360 | complete
Ep 1208 | 드론5 목적지40 |  333스텝 | 배송 40/40 | 재적재  6 | 중계율 0.06 | alpha 2.354 | complete
Ep 1209 | 드론3 목적지49 |  808스텝 | 배송 49/49 | 재적재  8 | 중계율 0.14 | alpha 2.347 | complete
Ep 1210 | 드론4 목적지60 | 1000스텝 | 배송 57/60 | 재적재 11 | 중계율 0.22 | alpha 2.349 | step_limit
Ep 1211 | 드론4 목적지66 | 1000스텝 | 배송 63/66 | 재적재 11 | 중계율 0.19 | alpha 2.387 | step_limit
Ep 1212 | 드론5 목적지66 |  790스텝 | 배송 66/66 | 재적재 12 | 중계율 0.12 | alpha 2.381 | complete
Ep 1213 | 드론6 목적지56 |  487스텝 | 배송 56/56 | 재적재  9 | 중계율 0.11 | alpha 2.375 | complete
Ep 1214 | 드론3 목적지49 | 1000스텝 | 배송 43/49 | 재적재  7 | 중계율 0.28 | alpha 2.429 | step_limit
Ep 1215 | 드론3 목적지21 |  537스텝 | 배송 21/21 | 재적재  3 | 중계율 0.13 | alpha 2.453 | complete
Ep 1216 | 드론4 목적지38 |  787스텝 | 배송 38/38 | 재적재  6 | 중계율 0.20 | alpha 2.437 | complete
Ep 1217 | 드론4 목적지22 |  506스텝 | 배송 22/22 | 재적재  3 | 중계율 0.17 | alpha 2.464 | complete
Ep 1218 | 드론4 목적지61 | 1000스텝 | 배송 60/61 | 재적재 11 | 중계율 0.18 | alpha 2.462 | step_limit
Ep 1219 | 드론5 목적지66 |  897스텝 | 배송 66/66 | 재적재 11 | 중계율 0.20 | alpha 2.454 | complete
Ep 1220 | 드론3 목적지38 | 1000스텝 | 배송 35/38 | 재적재  6 | 중계율 0.22 | alpha 2.470 | step_limit
Ep 1221 | 드론3 목적지62 | 1000스텝 | 배송 57/62 | 재적재 10 | 중계율 0.21 | alpha 2.475 | step_limit
Ep 1222 | 드론6 목적지34 |  381스텝 | 배송 34/34 | 재적재  3 | 중계율 0.10 | alpha 2.450 | complete
Ep 1223 | 드론5 목적지35 |  519스텝 | 배송 35/35 | 재적재  6 | 중계율 0.14 | alpha 2.433 | complete
Ep 1224 | 드론6 목적지33 |  408스텝 | 배송 33/33 | 재적재  5 | 중계율 0.17 | alpha 2.435 | complete
Ep 1225 | 드론4 목적지70 |  692스텝 | 배송 70/70 | 재적재 12 | 중계율 0.10 | alpha 2.437 | complete
Ep 1226 | 드론6 목적지32 |  416스텝 | 배송 32/32 | 재적재  4 | 중계율 0.09 | alpha 2.437 | complete
Ep 1227 | 드론3 목적지77 | 1000스텝 | 배송 54/77 | 재적재 10 | 중계율 0.20 | alpha 2.485 | step_limit
Ep 1228 | 드론3 목적지35 | 1000스텝 | 배송 34/35 | 재적재  5 | 중계율 0.23 | alpha 2.474 | step_limit
Ep 1229 | 드론5 목적지25 |  221스텝 | 배송 25/25 | 재적재  1 | 중계율 0.12 | alpha 2.454 | complete
Ep 1230 | 드론3 목적지50 | 1000스텝 | 배송 45/50 | 재적재  8 | 중계율 0.23 | alpha 2.461 | step_limit
Ep 1231 | 드론6 목적지65 |  577스텝 | 배송 65/65 | 재적재 10 | 중계율 0.08 | alpha 2.458 | complete
Ep 1232 | 드론3 목적지79 | 1000스텝 | 배송 57/79 | 재적재 10 | 중계율 0.15 | alpha 2.414 | step_limit
Ep 1233 | 드론3 목적지30 |  709스텝 | 배송 30/30 | 재적재  5 | 중계율 0.21 | alpha 2.430 | complete
Ep 1234 | 드론6 목적지57 |  805스텝 | 배송 57/57 | 재적재 10 | 중계율 0.13 | alpha 2.427 | complete
Ep 1235 | 드론3 목적지49 | 1000스텝 | 배송 43/49 | 재적재  8 | 중계율 0.24 | alpha 2.445 | step_limit
Ep 1236 | 드론4 목적지72 | 1000스텝 | 배송 71/72 | 재적재 13 | 중계율 0.18 | alpha 2.395 | step_limit
Ep 1237 | 드론4 목적지57 | 1000스텝 | 배송 48/57 | 재적재  9 | 중계율 0.27 | alpha 2.367 | step_limit
Ep 1238 | 드론6 목적지73 |  554스텝 | 배송 73/73 | 재적재 11 | 중계율 0.15 | alpha 2.374 | complete
Ep 1239 | 드론4 목적지40 |  560스텝 | 배송 40/40 | 재적재  7 | 중계율 0.17 | alpha 2.424 | complete
Ep 1240 | 드론5 목적지21 |  592스텝 | 배송 21/21 | 재적재  3 | 중계율 0.13 | alpha 2.457 | complete
Ep 1241 | 드론6 목적지58 |  624스텝 | 배송 58/58 | 재적재  9 | 중계율 0.10 | alpha 2.424 | complete
Ep 1242 | 드론5 목적지71 |  764스텝 | 배송 71/71 | 재적재 12 | 중계율 0.14 | alpha 2.450 | complete
Ep 1243 | 드론6 목적지54 |  824스텝 | 배송 54/54 | 재적재  8 | 중계율 0.17 | alpha 2.477 | complete
Ep 1244 | 드론5 목적지23 |  363스텝 | 배송 23/23 | 재적재  3 | 중계율 0.11 | alpha 2.506 | complete
Ep 1245 | 드론3 목적지31 |  614스텝 | 배송 31/31 | 재적재  5 | 중계율 0.19 | alpha 2.486 | complete
Ep 1246 | 드론5 목적지37 |  470스텝 | 배송 37/37 | 재적재  6 | 중계율 0.14 | alpha 2.483 | complete
Ep 1247 | 드론3 목적지20 |  463스텝 | 배송 20/20 | 재적재  2 | 중계율 0.12 | alpha 2.473 | complete
Ep 1248 | 드론6 목적지79 |  699스텝 | 배송 79/79 | 재적재 14 | 중계율 0.14 | alpha 2.472 | complete
Ep 1249 | 드론4 목적지22 |  308스텝 | 배송 22/22 | 재적재  4 | 중계율 0.12 | alpha 2.461 | complete
Ep 1250 | 드론3 목적지27 |  764스텝 | 배송 27/27 | 재적재  4 | 중계율 0.21 | alpha 2.471 | complete
  [홀드아웃] 배송 50.0±0.0 완주 1.00 스텝 1075 점수 106.4 재적재 8.7 2홉+ 0.64 | 최고 106.6@ep700 정체 11/15
Ep 1251 | 드론4 목적지20 |  492스텝 | 배송 20/20 | 재적재  3 | 중계율 0.15 | alpha 2.508 | complete
Ep 1252 | 드론5 목적지48 |  672스텝 | 배송 48/48 | 재적재  7 | 중계율 0.20 | alpha 2.480 | complete
Ep 1253 | 드론4 목적지64 | 1000스텝 | 배송 57/64 | 재적재  9 | 중계율 0.18 | alpha 2.466 | step_limit
Ep 1254 | 드론6 목적지44 |  538스텝 | 배송 44/44 | 재적재  6 | 중계율 0.17 | alpha 2.476 | complete
Ep 1255 | 드론6 목적지39 |  389스텝 | 배송 39/39 | 재적재  5 | 중계율 0.07 | alpha 2.497 | complete
Ep 1256 | 드론4 목적지32 |  472스텝 | 배송 32/32 | 재적재  5 | 중계율 0.17 | alpha 2.498 | complete
Ep 1257 | 드론3 목적지71 | 1000스텝 | 배송 65/71 | 재적재 11 | 중계율 0.14 | alpha 2.501 | step_limit
Ep 1258 | 드론3 목적지40 |  942스텝 | 배송 40/40 | 재적재  7 | 중계율 0.23 | alpha 2.458 | complete
Ep 1259 | 드론4 목적지80 | 1000스텝 | 배송 75/80 | 재적재 14 | 중계율 0.13 | alpha 2.447 | step_limit
Ep 1260 | 드론6 목적지60 |  661스텝 | 배송 60/60 | 재적재 10 | 중계율 0.14 | alpha 2.488 | complete
Ep 1261 | 드론6 목적지26 |  433스텝 | 배송 26/26 | 재적재  4 | 중계율 0.14 | alpha 2.531 | complete
Ep 1262 | 드론6 목적지68 |  606스텝 | 배송 68/68 | 재적재 11 | 중계율 0.09 | alpha 2.510 | complete
Ep 1263 | 드론5 목적지61 |  569스텝 | 배송 61/61 | 재적재  9 | 중계율 0.11 | alpha 2.479 | complete
Ep 1264 | 드론4 목적지55 | 1000스텝 | 배송 55/55 | 재적재  9 | 중계율 0.23 | alpha 2.444 | complete
Ep 1265 | 드론5 목적지73 |  984스텝 | 배송 73/73 | 재적재 13 | 중계율 0.19 | alpha 2.471 | complete
Ep 1266 | 드론5 목적지72 |  737스텝 | 배송 72/72 | 재적재 13 | 중계율 0.12 | alpha 2.491 | complete
Ep 1267 | 드론3 목적지46 | 1000스텝 | 배송 41/46 | 재적재  7 | 중계율 0.25 | alpha 2.443 | step_limit
Ep 1268 | 드론3 목적지58 | 1000스텝 | 배송 49/58 | 재적재  9 | 중계율 0.25 | alpha 2.454 | step_limit
Ep 1269 | 드론6 목적지74 |  655스텝 | 배송 74/74 | 재적재 13 | 중계율 0.17 | alpha 2.464 | complete
Ep 1270 | 드론4 목적지30 |  496스텝 | 배송 30/30 | 재적재  4 | 중계율 0.10 | alpha 2.469 | complete
Ep 1271 | 드론4 목적지37 |  501스텝 | 배송 37/37 | 재적재  6 | 중계율 0.11 | alpha 2.461 | complete
Ep 1272 | 드론4 목적지22 |  473스텝 | 배송 22/22 | 재적재  2 | 중계율 0.19 | alpha 2.462 | complete
Ep 1273 | 드론3 목적지43 | 1000스텝 | 배송 32/43 | 재적재  4 | 중계율 0.15 | alpha 2.455 | step_limit
Ep 1274 | 드론3 목적지66 | 1000스텝 | 배송 65/66 | 재적재 11 | 중계율 0.15 | alpha 2.482 | step_limit
Ep 1275 | 드론6 목적지63 |  712스텝 | 배송 63/63 | 재적재 10 | 중계율 0.14 | alpha 2.460 | complete
Ep 1276 | 드론3 목적지47 | 1000스텝 | 배송 46/47 | 재적재  8 | 중계율 0.24 | alpha 2.452 | step_limit
Ep 1277 | 드론6 목적지30 |  316스텝 | 배송 30/30 | 재적재  2 | 중계율 0.11 | alpha 2.459 | complete
Ep 1278 | 드론5 목적지62 |  681스텝 | 배송 62/62 | 재적재 10 | 중계율 0.11 | alpha 2.470 | complete
Ep 1279 | 드론4 목적지28 |  650스텝 | 배송 28/28 | 재적재  4 | 중계율 0.17 | alpha 2.480 | complete
Ep 1280 | 드론5 목적지47 |  489스텝 | 배송 47/47 | 재적재  8 | 중계율 0.12 | alpha 2.475 | complete
Ep 1281 | 드론4 목적지66 | 1000스텝 | 배송 65/66 | 재적재 11 | 중계율 0.18 | alpha 2.483 | step_limit
Ep 1282 | 드론3 목적지74 | 1000스텝 | 배송 62/74 | 재적재 10 | 중계율 0.16 | alpha 2.471 | step_limit
Ep 1283 | 드론3 목적지80 | 1000스텝 | 배송 71/80 | 재적재 13 | 중계율 0.15 | alpha 2.490 | step_limit
Ep 1284 | 드론6 목적지57 |  577스텝 | 배송 57/57 | 재적재 10 | 중계율 0.13 | alpha 2.484 | complete
Ep 1285 | 드론3 목적지40 |  994스텝 | 배송 40/40 | 재적재  7 | 중계율 0.24 | alpha 2.485 | complete
Ep 1286 | 드론5 목적지50 |  975스텝 | 배송 50/50 | 재적재  8 | 중계율 0.19 | alpha 2.450 | complete
Ep 1287 | 드론5 목적지36 |  423스텝 | 배송 36/36 | 재적재  5 | 중계율 0.12 | alpha 2.461 | complete
Ep 1288 | 드론3 목적지32 |  767스텝 | 배송 32/32 | 재적재  5 | 중계율 0.19 | alpha 2.418 | complete
Ep 1289 | 드론3 목적지51 | 1000스텝 | 배송 47/51 | 재적재  8 | 중계율 0.19 | alpha 2.481 | step_limit
Ep 1290 | 드론3 목적지56 | 1000스텝 | 배송 50/56 | 재적재  9 | 중계율 0.25 | alpha 2.472 | step_limit
Ep 1291 | 드론3 목적지33 |  939스텝 | 배송 33/33 | 재적재  6 | 중계율 0.18 | alpha 2.486 | complete
Ep 1292 | 드론4 목적지48 |  746스텝 | 배송 48/48 | 재적재  8 | 중계율 0.18 | alpha 2.500 | complete
Ep 1293 | 드론3 목적지27 |  732스텝 | 배송 27/27 | 재적재  4 | 중계율 0.21 | alpha 2.495 | complete
Ep 1294 | 드론6 목적지72 |  667스텝 | 배송 72/72 | 재적재 12 | 중계율 0.14 | alpha 2.468 | complete
Ep 1295 | 드론5 목적지38 |  476스텝 | 배송 38/38 | 재적재  6 | 중계율 0.11 | alpha 2.473 | complete
Ep 1296 | 드론4 목적지47 |  730스텝 | 배송 47/47 | 재적재  8 | 중계율 0.18 | alpha 2.459 | complete
Ep 1297 | 드론4 목적지44 |  600스텝 | 배송 44/44 | 재적재  8 | 중계율 0.12 | alpha 2.442 | complete
Ep 1298 | 드론4 목적지29 |  680스텝 | 배송 29/29 | 재적재  4 | 중계율 0.23 | alpha 2.486 | complete
Ep 1299 | 드론6 목적지55 |  600스텝 | 배송 55/55 | 재적재 10 | 중계율 0.14 | alpha 2.461 | complete
Ep 1300 | 드론5 목적지49 |  705스텝 | 배송 49/49 | 재적재  7 | 중계율 0.18 | alpha 2.429 | complete
  [홀드아웃] 배송 49.6±2.3 완주 0.97 스텝 1136 점수 103.7 재적재 8.4 2홉+ 0.63 | 최고 106.6@ep700 정체 12/15
Ep 1301 | 드론5 목적지22 |  347스텝 | 배송 22/22 | 재적재  2 | 중계율 0.12 | alpha 2.431 | complete
Ep 1302 | 드론5 목적지46 |  492스텝 | 배송 46/46 | 재적재  7 | 중계율 0.07 | alpha 2.435 | complete
Ep 1303 | 드론5 목적지51 |  743스텝 | 배송 51/51 | 재적재  8 | 중계율 0.10 | alpha 2.477 | complete
Ep 1304 | 드론6 목적지41 |  424스텝 | 배송 41/41 | 재적재  6 | 중계율 0.09 | alpha 2.506 | complete
Ep 1305 | 드론6 목적지56 |  483스텝 | 배송 56/56 | 재적재 10 | 중계율 0.10 | alpha 2.523 | complete
Ep 1306 | 드론5 목적지51 |  628스텝 | 배송 51/51 | 재적재  8 | 중계율 0.14 | alpha 2.531 | complete
Ep 1307 | 드론3 목적지52 | 1000스텝 | 배송 46/52 | 재적재  8 | 중계율 0.27 | alpha 2.519 | step_limit
Ep 1308 | 드론5 목적지44 |  803스텝 | 배송 44/44 | 재적재  6 | 중계율 0.13 | alpha 2.555 | complete
Ep 1309 | 드론6 목적지65 |  625스텝 | 배송 65/65 | 재적재 11 | 중계율 0.11 | alpha 2.550 | complete
Ep 1310 | 드론4 목적지20 |  420스텝 | 배송 20/20 | 재적재  1 | 중계율 0.16 | alpha 2.555 | complete
Ep 1311 | 드론6 목적지70 |  773스텝 | 배송 70/70 | 재적재 12 | 중계율 0.18 | alpha 2.575 | complete
Ep 1312 | 드론4 목적지38 |  533스텝 | 배송 38/38 | 재적재  6 | 중계율 0.14 | alpha 2.580 | complete
Ep 1313 | 드론3 목적지39 |  857스텝 | 배송 39/39 | 재적재  6 | 중계율 0.12 | alpha 2.554 | complete
Ep 1314 | 드론3 목적지59 |  956스텝 | 배송 59/59 | 재적재 10 | 중계율 0.15 | alpha 2.566 | complete
Ep 1315 | 드론5 목적지65 |  763스텝 | 배송 65/65 | 재적재 11 | 중계율 0.14 | alpha 2.580 | complete
Ep 1316 | 드론6 목적지67 |  608스텝 | 배송 67/67 | 재적재 12 | 중계율 0.09 | alpha 2.535 | complete
Ep 1317 | 드론4 목적지73 | 1000스텝 | 배송 67/73 | 재적재 12 | 중계율 0.17 | alpha 2.482 | step_limit
Ep 1318 | 드론4 목적지24 |  524스텝 | 배송 24/24 | 재적재  4 | 중계율 0.15 | alpha 2.511 | complete
Ep 1319 | 드론4 목적지31 |  541스텝 | 배송 31/31 | 재적재  5 | 중계율 0.13 | alpha 2.540 | complete
Ep 1320 | 드론6 목적지47 |  489스텝 | 배송 47/47 | 재적재  7 | 중계율 0.10 | alpha 2.528 | complete
Ep 1321 | 드론4 목적지75 |  897스텝 | 배송 75/75 | 재적재 13 | 중계율 0.13 | alpha 2.560 | complete
Ep 1322 | 드론4 목적지49 |  746스텝 | 배송 49/49 | 재적재  7 | 중계율 0.18 | alpha 2.523 | complete
Ep 1323 | 드론5 목적지75 | 1000스텝 | 배송 74/75 | 재적재 12 | 중계율 0.19 | alpha 2.541 | step_limit
Ep 1324 | 드론3 목적지46 |  977스텝 | 배송 46/46 | 재적재  8 | 중계율 0.23 | alpha 2.509 | complete
Ep 1325 | 드론3 목적지59 | 1000스텝 | 배송 44/59 | 재적재  8 | 중계율 0.20 | alpha 2.525 | step_limit
Ep 1326 | 드론3 목적지44 | 1000스텝 | 배송 43/44 | 재적재  7 | 중계율 0.24 | alpha 2.500 | step_limit
Ep 1327 | 드론5 목적지32 |  306스텝 | 배송 32/32 | 재적재  5 | 중계율 0.07 | alpha 2.495 | complete
Ep 1328 | 드론6 목적지45 |  574스텝 | 배송 45/45 | 재적재  7 | 중계율 0.16 | alpha 2.480 | complete
Ep 1329 | 드론4 목적지41 |  824스텝 | 배송 41/41 | 재적재  6 | 중계율 0.27 | alpha 2.457 | complete
Ep 1330 | 드론5 목적지65 |  877스텝 | 배송 65/65 | 재적재 10 | 중계율 0.19 | alpha 2.462 | complete
Ep 1331 | 드론6 목적지74 |  705스텝 | 배송 74/74 | 재적재 11 | 중계율 0.14 | alpha 2.431 | complete
Ep 1332 | 드론3 목적지35 |  712스텝 | 배송 35/35 | 재적재  5 | 중계율 0.16 | alpha 2.397 | complete
Ep 1333 | 드론3 목적지77 | 1000스텝 | 배송 55/77 | 재적재 11 | 중계율 0.21 | alpha 2.439 | step_limit
Ep 1334 | 드론4 목적지64 |  907스텝 | 배송 64/64 | 재적재 11 | 중계율 0.17 | alpha 2.459 | complete
Ep 1335 | 드론6 목적지58 |  531스텝 | 배송 58/58 | 재적재 10 | 중계율 0.13 | alpha 2.476 | complete
Ep 1336 | 드론4 목적지56 |  875스텝 | 배송 56/56 | 재적재  9 | 중계율 0.24 | alpha 2.475 | complete
Ep 1337 | 드론5 목적지58 |  780스텝 | 배송 58/58 | 재적재 10 | 중계율 0.20 | alpha 2.507 | complete
Ep 1338 | 드론6 목적지52 |  491스텝 | 배송 52/52 | 재적재  8 | 중계율 0.08 | alpha 2.511 | complete
Ep 1339 | 드론4 목적지66 |  782스텝 | 배송 66/66 | 재적재 12 | 중계율 0.12 | alpha 2.510 | complete
Ep 1340 | 드론5 목적지72 |  816스텝 | 배송 72/72 | 재적재 13 | 중계율 0.15 | alpha 2.524 | complete
Ep 1341 | 드론5 목적지37 |  659스텝 | 배송 37/37 | 재적재  5 | 중계율 0.23 | alpha 2.502 | complete
Ep 1342 | 드론5 목적지72 |  588스텝 | 배송 72/72 | 재적재 12 | 중계율 0.09 | alpha 2.546 | complete
Ep 1343 | 드론3 목적지73 | 1000스텝 | 배송 52/73 | 재적재 10 | 중계율 0.24 | alpha 2.583 | step_limit
Ep 1344 | 드론5 목적지34 |  614스텝 | 배송 34/34 | 재적재  6 | 중계율 0.19 | alpha 2.575 | complete
Ep 1345 | 드론6 목적지41 |  325스텝 | 배송 41/41 | 재적재  5 | 중계율 0.09 | alpha 2.567 | complete
Ep 1346 | 드론6 목적지33 |  340스텝 | 배송 33/33 | 재적재  4 | 중계율 0.11 | alpha 2.547 | complete
Ep 1347 | 드론3 목적지42 |  939스텝 | 배송 42/42 | 재적재  7 | 중계율 0.21 | alpha 2.505 | complete
Ep 1348 | 드론3 목적지65 | 1000스텝 | 배송 61/65 | 재적재 11 | 중계율 0.16 | alpha 2.523 | step_limit
Ep 1349 | 드론3 목적지21 |  585스텝 | 배송 21/21 | 재적재  3 | 중계율 0.11 | alpha 2.533 | complete
Ep 1350 | 드론6 목적지56 |  504스텝 | 배송 56/56 | 재적재  9 | 중계율 0.08 | alpha 2.540 | complete
  [홀드아웃] 배송 50.0±0.0 완주 1.00 스텝 1061 점수 106.5 재적재 8.6 2홉+ 0.63 | 최고 106.6@ep700 정체 13/15
Ep 1351 | 드론6 목적지56 |  455스텝 | 배송 56/56 | 재적재  9 | 중계율 0.07 | alpha 2.554 | complete
Ep 1352 | 드론5 목적지20 |  346스텝 | 배송 20/20 | 재적재  2 | 중계율 0.08 | alpha 2.530 | complete
Ep 1353 | 드론4 목적지25 |  571스텝 | 배송 25/25 | 재적재  4 | 중계율 0.12 | alpha 2.517 | complete
Ep 1354 | 드론4 목적지58 |  798스텝 | 배송 58/58 | 재적재 11 | 중계율 0.13 | alpha 2.524 | complete
Ep 1355 | 드론6 목적지79 |  880스텝 | 배송 79/79 | 재적재 14 | 중계율 0.13 | alpha 2.515 | complete
Ep 1356 | 드론6 목적지38 |  614스텝 | 배송 38/38 | 재적재  6 | 중계율 0.17 | alpha 2.520 | complete
Ep 1357 | 드론6 목적지63 |  474스텝 | 배송 63/63 | 재적재 10 | 중계율 0.10 | alpha 2.524 | complete
Ep 1358 | 드론6 목적지28 |  523스텝 | 배송 28/28 | 재적재  3 | 중계율 0.15 | alpha 2.543 | complete
Ep 1359 | 드론5 목적지39 |  496스텝 | 배송 39/39 | 재적재  5 | 중계율 0.09 | alpha 2.557 | complete
Ep 1360 | 드론6 목적지43 |  432스텝 | 배송 43/43 | 재적재  6 | 중계율 0.10 | alpha 2.578 | complete
Ep 1361 | 드론3 목적지44 | 1000스텝 | 배송 43/44 | 재적재  7 | 중계율 0.20 | alpha 2.550 | step_limit
Ep 1362 | 드론3 목적지35 |  782스텝 | 배송 35/35 | 재적재  5 | 중계율 0.15 | alpha 2.572 | complete
Ep 1363 | 드론5 목적지40 |  735스텝 | 배송 40/40 | 재적재  6 | 중계율 0.15 | alpha 2.547 | complete
Ep 1364 | 드론5 목적지38 |  555스텝 | 배송 38/38 | 재적재  5 | 중계율 0.13 | alpha 2.533 | complete
Ep 1365 | 드론5 목적지73 |  879스텝 | 배송 73/73 | 재적재 14 | 중계율 0.18 | alpha 2.546 | complete
Ep 1366 | 드론4 목적지38 |  832스텝 | 배송 38/38 | 재적재  6 | 중계율 0.29 | alpha 2.559 | complete
Ep 1367 | 드론4 목적지73 | 1000스텝 | 배송 69/73 | 재적재 12 | 중계율 0.21 | alpha 2.535 | step_limit
Ep 1368 | 드론5 목적지30 |  443스텝 | 배송 30/30 | 재적재  3 | 중계율 0.16 | alpha 2.478 | complete
Ep 1369 | 드론3 목적지47 | 1000스텝 | 배송 45/47 | 재적재  8 | 중계율 0.23 | alpha 2.479 | step_limit
Ep 1370 | 드론5 목적지24 |  303스텝 | 배송 24/24 | 재적재  3 | 중계율 0.07 | alpha 2.488 | complete
Ep 1371 | 드론3 목적지27 |  567스텝 | 배송 27/27 | 재적재  4 | 중계율 0.13 | alpha 2.486 | complete
Ep 1372 | 드론6 목적지58 |  701스텝 | 배송 58/58 | 재적재 10 | 중계율 0.18 | alpha 2.472 | complete
Ep 1373 | 드론5 목적지62 |  989스텝 | 배송 62/62 | 재적재 11 | 중계율 0.17 | alpha 2.490 | complete
Ep 1374 | 드론3 목적지38 |  912스텝 | 배송 38/38 | 재적재  7 | 중계율 0.23 | alpha 2.484 | complete
Ep 1375 | 드론3 목적지21 |  618스텝 | 배송 21/21 | 재적재  3 | 중계율 0.18 | alpha 2.492 | complete
Ep 1376 | 드론5 목적지61 |  968스텝 | 배송 61/61 | 재적재 11 | 중계율 0.18 | alpha 2.480 | complete
Ep 1377 | 드론6 목적지41 |  463스텝 | 배송 41/41 | 재적재  6 | 중계율 0.11 | alpha 2.495 | complete
Ep 1378 | 드론5 목적지55 |  575스텝 | 배송 55/55 | 재적재  9 | 중계율 0.12 | alpha 2.489 | complete
Ep 1379 | 드론6 목적지27 |  391스텝 | 배송 27/27 | 재적재  3 | 중계율 0.08 | alpha 2.481 | complete
Ep 1380 | 드론5 목적지22 |  444스텝 | 배송 22/22 | 재적재  4 | 중계율 0.20 | alpha 2.503 | complete
Ep 1381 | 드론5 목적지42 |  690스텝 | 배송 42/42 | 재적재  8 | 중계율 0.16 | alpha 2.508 | complete
Ep 1382 | 드론4 목적지57 |  777스텝 | 배송 57/57 | 재적재 10 | 중계율 0.17 | alpha 2.440 | complete
Ep 1383 | 드론5 목적지22 |  334스텝 | 배송 22/22 | 재적재  3 | 중계율 0.18 | alpha 2.459 | complete
Ep 1384 | 드론5 목적지66 |  609스텝 | 배송 66/66 | 재적재 12 | 중계율 0.11 | alpha 2.454 | complete
Ep 1385 | 드론3 목적지70 | 1000스텝 | 배송 58/70 | 재적재 10 | 중계율 0.22 | alpha 2.494 | step_limit
Ep 1386 | 드론6 목적지25 |  306스텝 | 배송 25/25 | 재적재  2 | 중계율 0.10 | alpha 2.484 | complete
Ep 1387 | 드론4 목적지74 | 1000스텝 | 배송 58/74 | 재적재 10 | 중계율 0.22 | alpha 2.485 | step_limit
Ep 1388 | 드론6 목적지21 |  214스텝 | 배송 21/21 | 재적재  0 | 중계율 0.08 | alpha 2.471 | complete
Ep 1389 | 드론5 목적지63 |  539스텝 | 배송 63/63 | 재적재 10 | 중계율 0.13 | alpha 2.469 | complete
Ep 1390 | 드론5 목적지26 |  426스텝 | 배송 26/26 | 재적재  3 | 중계율 0.13 | alpha 2.446 | complete
Ep 1391 | 드론3 목적지78 | 1000스텝 | 배송 72/78 | 재적재 13 | 중계율 0.16 | alpha 2.457 | step_limit
Ep 1392 | 드론4 목적지49 | 1000스텝 | 배송 46/49 | 재적재  8 | 중계율 0.24 | alpha 2.460 | step_limit
Ep 1393 | 드론5 목적지68 | 1000스텝 | 배송 65/68 | 재적재 10 | 중계율 0.25 | alpha 2.515 | step_limit
Ep 1394 | 드론6 목적지22 |  319스텝 | 배송 22/22 | 재적재  1 | 중계율 0.12 | alpha 2.515 | complete
Ep 1395 | 드론4 목적지61 |  851스텝 | 배송 61/61 | 재적재 11 | 중계율 0.14 | alpha 2.509 | complete
Ep 1396 | 드론6 목적지43 |  537스텝 | 배송 43/43 | 재적재  6 | 중계율 0.16 | alpha 2.478 | complete
Ep 1397 | 드론5 목적지71 |  740스텝 | 배송 71/71 | 재적재 12 | 중계율 0.14 | alpha 2.487 | complete
Ep 1398 | 드론4 목적지47 |  745스텝 | 배송 47/47 | 재적재  8 | 중계율 0.14 | alpha 2.497 | complete
Ep 1399 | 드론6 목적지40 |  361스텝 | 배송 40/40 | 재적재  6 | 중계율 0.09 | alpha 2.488 | complete
Ep 1400 | 드론6 목적지23 |  268스텝 | 배송 23/23 | 재적재  3 | 중계율 0.10 | alpha 2.485 | complete
  [홀드아웃] 배송 49.9±0.8 완주 0.97 스텝 1110 점수 103.8 재적재 8.5 2홉+ 0.63 | 최고 106.6@ep700 정체 14/15
Ep 1401 | 드론6 목적지27 |  346스텝 | 배송 27/27 | 재적재  3 | 중계율 0.13 | alpha 2.486 | complete
Ep 1402 | 드론6 목적지78 |  566스텝 | 배송 78/78 | 재적재 13 | 중계율 0.08 | alpha 2.506 | complete
Ep 1403 | 드론5 목적지51 |  606스텝 | 배송 51/51 | 재적재  8 | 중계율 0.13 | alpha 2.524 | complete
Ep 1404 | 드론3 목적지29 |  613스텝 | 배송 29/29 | 재적재  5 | 중계율 0.20 | alpha 2.521 | complete
Ep 1405 | 드론5 목적지28 |  584스텝 | 배송 28/28 | 재적재  4 | 중계율 0.19 | alpha 2.543 | complete
Ep 1406 | 드론3 목적지57 | 1000스텝 | 배송 50/57 | 재적재  9 | 중계율 0.22 | alpha 2.541 | step_limit
Ep 1407 | 드론5 목적지34 |  467스텝 | 배송 34/34 | 재적재  5 | 중계율 0.12 | alpha 2.529 | complete
Ep 1408 | 드론4 목적지68 | 1000스텝 | 배송 64/68 | 재적재 12 | 중계율 0.14 | alpha 2.538 | step_limit
Ep 1409 | 드론6 목적지23 |  207스텝 | 배송 23/23 | 재적재  2 | 중계율 0.10 | alpha 2.552 | complete
Ep 1410 | 드론6 목적지62 |  652스텝 | 배송 62/62 | 재적재 10 | 중계율 0.17 | alpha 2.532 | complete
Ep 1411 | 드론4 목적지48 | 1000스텝 | 배송 39/48 | 재적재  6 | 중계율 0.24 | alpha 2.535 | step_limit
Ep 1412 | 드론5 목적지20 |  185스텝 | 배송 20/20 | 재적재  2 | 중계율 0.07 | alpha 2.531 | complete
Ep 1413 | 드론4 목적지60 | 1000스텝 | 배송 51/60 | 재적재  9 | 중계율 0.25 | alpha 2.495 | step_limit
Ep 1414 | 드론6 목적지53 |  400스텝 | 배송 53/53 | 재적재  9 | 중계율 0.09 | alpha 2.496 | complete
Ep 1415 | 드론4 목적지56 | 1000스텝 | 배송 51/56 | 재적재  8 | 중계율 0.21 | alpha 2.486 | step_limit
Ep 1416 | 드론3 목적지40 |  903스텝 | 배송 40/40 | 재적재  6 | 중계율 0.20 | alpha 2.531 | complete
Ep 1417 | 드론5 목적지48 |  694스텝 | 배송 48/48 | 재적재  8 | 중계율 0.11 | alpha 2.538 | complete
Ep 1418 | 드론4 목적지54 |  796스텝 | 배송 54/54 | 재적재 10 | 중계율 0.16 | alpha 2.541 | complete
Ep 1419 | 드론3 목적지45 | 1000스텝 | 배송 40/45 | 재적재  7 | 중계율 0.23 | alpha 2.537 | step_limit
Ep 1420 | 드론3 목적지56 | 1000스텝 | 배송 55/56 | 재적재  9 | 중계율 0.21 | alpha 2.538 | step_limit
Ep 1421 | 드론3 목적지28 |  375스텝 | 배송 28/28 | 재적재  3 | 중계율 0.06 | alpha 2.520 | complete
Ep 1422 | 드론5 목적지56 |  719스텝 | 배송 56/56 | 재적재 10 | 중계율 0.16 | alpha 2.504 | complete
Ep 1423 | 드론3 목적지42 |  965스텝 | 배송 42/42 | 재적재  7 | 중계율 0.21 | alpha 2.494 | complete
Ep 1424 | 드론5 목적지22 |  253스텝 | 배송 22/22 | 재적재  3 | 중계율 0.11 | alpha 2.482 | complete
Ep 1425 | 드론3 목적지29 |  837스텝 | 배송 29/29 | 재적재  4 | 중계율 0.24 | alpha 2.462 | complete
Ep 1426 | 드론4 목적지41 |  732스텝 | 배송 41/41 | 재적재  7 | 중계율 0.17 | alpha 2.442 | complete
Ep 1427 | 드론3 목적지20 |  474스텝 | 배송 20/20 | 재적재  2 | 중계율 0.14 | alpha 2.451 | complete
Ep 1428 | 드론5 목적지77 |  979스텝 | 배송 77/77 | 재적재 14 | 중계율 0.19 | alpha 2.469 | complete
Ep 1429 | 드론4 목적지27 | 1000스텝 | 배송 23/27 | 재적재  4 | 중계율 0.30 | alpha 2.483 | step_limit
Ep 1430 | 드론6 목적지79 |  674스텝 | 배송 79/79 | 재적재 15 | 중계율 0.12 | alpha 2.496 | complete
Ep 1431 | 드론4 목적지49 | 1000스텝 | 배송 48/49 | 재적재  8 | 중계율 0.21 | alpha 2.503 | step_limit
Ep 1432 | 드론6 목적지57 |  537스텝 | 배송 57/57 | 재적재 10 | 중계율 0.11 | alpha 2.497 | complete
Ep 1433 | 드론4 목적지68 | 1000스텝 | 배송 62/68 | 재적재 11 | 중계율 0.18 | alpha 2.484 | step_limit
Ep 1434 | 드론6 목적지45 |  475스텝 | 배송 45/45 | 재적재  7 | 중계율 0.11 | alpha 2.493 | complete
Ep 1435 | 드론4 목적지73 | 1000스텝 | 배송 65/73 | 재적재 11 | 중계율 0.21 | alpha 2.529 | step_limit
Ep 1436 | 드론6 목적지30 |  382스텝 | 배송 30/30 | 재적재  4 | 중계율 0.12 | alpha 2.505 | complete
Ep 1437 | 드론6 목적지64 |  533스텝 | 배송 64/64 | 재적재 10 | 중계율 0.10 | alpha 2.475 | complete
Ep 1438 | 드론4 목적지36 | 1000스텝 | 배송 35/36 | 재적재  5 | 중계율 0.24 | alpha 2.497 | step_limit
Ep 1439 | 드론3 목적지50 |  819스텝 | 배송 50/50 | 재적재  8 | 중계율 0.12 | alpha 2.454 | complete
Ep 1440 | 드론5 목적지33 |  816스텝 | 배송 33/33 | 재적재  5 | 중계율 0.20 | alpha 2.434 | complete
Ep 1441 | 드론6 목적지72 |  699스텝 | 배송 72/72 | 재적재 12 | 중계율 0.16 | alpha 2.473 | complete
Ep 1442 | 드론4 목적지54 |  653스텝 | 배송 54/54 | 재적재  9 | 중계율 0.11 | alpha 2.471 | complete
Ep 1443 | 드론6 목적지38 |  316스텝 | 배송 38/38 | 재적재  5 | 중계율 0.07 | alpha 2.452 | complete
Ep 1444 | 드론3 목적지56 | 1000스텝 | 배송 49/56 | 재적재  8 | 중계율 0.23 | alpha 2.467 | step_limit
Ep 1445 | 드론5 목적지70 |  619스텝 | 배송 70/70 | 재적재 12 | 중계율 0.11 | alpha 2.456 | complete
Ep 1446 | 드론5 목적지62 |  624스텝 | 배송 62/62 | 재적재 10 | 중계율 0.11 | alpha 2.467 | complete
Ep 1447 | 드론5 목적지41 |  512스텝 | 배송 41/41 | 재적재  6 | 중계율 0.12 | alpha 2.462 | complete
Ep 1448 | 드론5 목적지39 |  738스텝 | 배송 39/39 | 재적재  6 | 중계율 0.19 | alpha 2.472 | complete
Ep 1449 | 드론4 목적지27 |  713스텝 | 배송 27/27 | 재적재  4 | 중계율 0.23 | alpha 2.488 | complete
Ep 1450 | 드론3 목적지77 | 1000스텝 | 배송 59/77 | 재적재 11 | 중계율 0.18 | alpha 2.461 | step_limit
  [홀드아웃] 배송 50.0±0.3 완주 0.97 스텝 1110 점수 103.8 재적재 8.5 2홉+ 0.63 | 최고 106.6@ep700 정체 15/15

조기 종료. 최고 106.6@ep700
Training finished. best=106.6 @ ep700
