/home/kopt/enter/envs/wsl_neuroMCTS/lib/python3.10/site-packages/pygame/pkgdata.py:25: UserWarning: pkg_resources is deprecated as an API. See https://setuptools.pypa.io/en/latest/pkg_resources.html. The pkg_resources package is slated for removal as early as 2025-11-30. Refrain from using this package or pin to Setuptools<81.
  from pkg_resources import resource_stream, resource_exists
pygame 2.6.1 (SDL 2.28.4, Python 3.10.19)
Hello from the pygame community. https://www.pygame.org/contribute.html
집합 상위 학습 | 반경 300 상한 1000 무배송 500 gamma 0.997 구성=무작위 드론[3, 6] 목적지[20, 80] CC무작위 인스턴스=무작위 목표유지=off 완주보상=0.0 잔여페널티=0.1 규칙관측=False 규칙정규화=2.0 막힘페널티=0.0 도달권shaping=5.0 자기회귀=True 홀드아웃상한=3000 선택=makespan
/home/kopt/drone/proposed_src/pipeline/train_v5_26_09_15_23.py:333: UserWarning: Converting a tensor with requires_grad=True to a scalar may lead to unexpected behavior.
Consider using tensor.detach() first. (Triggered internally at /pytorch/torch/csrc/autograd/generated/python_variable_methods.cpp:836.)
  writer.add_scalar("train/alpha", float(log_alpha.exp()), ep)
Ep 1 | 드론5 목적지43 |  928스텝 | 배송 43/43 | 재적재  7 | 중계율 0.11 | alpha 0.100 | complete
Ep 2 | 드론4 목적지74 | 1000스텝 | 배송 62/74 | 재적재 12 | 중계율 0.07 | alpha 0.100 | step_limit
Ep 3 | 드론5 목적지43 | 1000스텝 | 배송 40/43 | 재적재  6 | 중계율 0.06 | alpha 0.100 | step_limit
Ep 4 | 드론4 목적지23 | 1000스텝 | 배송 19/23 | 재적재  2 | 중계율 0.13 | alpha 0.100 | step_limit
Ep 5 | 드론4 목적지31 |  738스텝 | 배송 31/31 | 재적재  5 | 중계율 0.19 | alpha 0.099 | complete
Ep 6 | 드론3 목적지68 | 1000스텝 | 배송 50/68 | 재적재  8 | 중계율 0.21 | alpha 0.109 | step_limit
Ep 7 | 드론6 목적지44 |  439스텝 | 배송 44/44 | 재적재  8 | 중계율 0.25 | alpha 0.113 | complete
Ep 8 | 드론6 목적지30 |  207스텝 | 배송 30/30 | 재적재  2 | 중계율 0.24 | alpha 0.115 | complete
Ep 9 | 드론6 목적지42 |  380스텝 | 배송 42/42 | 재적재  6 | 중계율 0.25 | alpha 0.119 | complete
Ep 10 | 드론6 목적지47 |  402스텝 | 배송 47/47 | 재적재  6 | 중계율 0.21 | alpha 0.124 | complete
Ep 11 | 드론5 목적지21 |  276스텝 | 배송 21/21 | 재적재  1 | 중계율 0.14 | alpha 0.127 | complete
Ep 12 | 드론3 목적지37 |  664스텝 | 배송 37/37 | 재적재  5 | 중계율 0.16 | alpha 0.134 | complete
Ep 13 | 드론6 목적지28 |  255스텝 | 배송 28/28 | 재적재  4 | 중계율 0.19 | alpha 0.137 | complete
Ep 14 | 드론3 목적지41 |  858스텝 | 배송 30/41 | 재적재  4 | 중계율 0.35 | alpha 0.146 | no_progress
Ep 15 | 드론3 목적지66 |  855스텝 | 배송 36/66 | 재적재  5 | 중계율 0.27 | alpha 0.157 | no_progress
Ep 16 | 드론4 목적지71 |  977스텝 | 배송 71/71 | 재적재 13 | 중계율 0.28 | alpha 0.169 | complete
Ep 17 | 드론4 목적지24 |  424스텝 | 배송 24/24 | 재적재  2 | 중계율 0.33 | alpha 0.174 | complete
Ep 18 | 드론5 목적지49 |  441스텝 | 배송 49/49 | 재적재  8 | 중계율 0.25 | alpha 0.180 | complete
Ep 19 | 드론6 목적지34 |  723스텝 | 배송 34/34 | 재적재  5 | 중계율 0.32 | alpha 0.190 | complete
Ep 20 | 드론3 목적지48 | 1000스텝 | 배송 44/48 | 재적재  8 | 중계율 0.28 | alpha 0.204 | step_limit
Ep 21 | 드론4 목적지63 | 1000스텝 | 배송 59/63 | 재적재 10 | 중계율 0.26 | alpha 0.220 | step_limit
Ep 22 | 드론6 목적지46 |  684스텝 | 배송 46/46 | 재적재  7 | 중계율 0.23 | alpha 0.231 | complete
Ep 23 | 드론3 목적지44 |  774스텝 | 배송 44/44 | 재적재  6 | 중계율 0.27 | alpha 0.245 | complete
Ep 24 | 드론5 목적지41 |  439스텝 | 배송 41/41 | 재적재  6 | 중계율 0.24 | alpha 0.253 | complete
Ep 25 | 드론5 목적지38 |  772스텝 | 배송 38/38 | 재적재  5 | 중계율 0.24 | alpha 0.267 | complete
Ep 26 | 드론5 목적지77 | 1000스텝 | 배송 73/77 | 재적재 12 | 중계율 0.25 | alpha 0.287 | step_limit
Ep 27 | 드론3 목적지41 | 1000스텝 | 배송 40/41 | 재적재  5 | 중계율 0.27 | alpha 0.309 | step_limit
Ep 28 | 드론5 목적지52 |  793스텝 | 배송 52/52 | 재적재 10 | 중계율 0.29 | alpha 0.328 | complete
Ep 29 | 드론5 목적지72 |  816스텝 | 배송 72/72 | 재적재 12 | 중계율 0.31 | alpha 0.348 | complete
Ep 30 | 드론5 목적지61 |  997스텝 | 배송 61/61 | 재적재 11 | 중계율 0.36 | alpha 0.373 | complete
Ep 31 | 드론5 목적지45 |  463스텝 | 배송 45/45 | 재적재  7 | 중계율 0.17 | alpha 0.386 | complete
Ep 32 | 드론3 목적지68 | 1000스텝 | 배송 60/68 | 재적재 10 | 중계율 0.22 | alpha 0.414 | step_limit
Ep 33 | 드론3 목적지35 |  923스텝 | 배송 35/35 | 재적재  5 | 중계율 0.26 | alpha 0.441 | complete
Ep 34 | 드론3 목적지24 |  442스텝 | 배송 24/24 | 재적재  3 | 중계율 0.22 | alpha 0.455 | complete
Ep 35 | 드론3 목적지58 |  996스텝 | 배송 58/58 | 재적재 10 | 중계율 0.25 | alpha 0.488 | complete
Ep 36 | 드론4 목적지64 |  898스텝 | 배송 64/64 | 재적재 11 | 중계율 0.28 | alpha 0.519 | complete
Ep 37 | 드론6 목적지58 |  627스텝 | 배송 58/58 | 재적재 10 | 중계율 0.31 | alpha 0.543 | complete
Ep 38 | 드론3 목적지77 | 1000스텝 | 배송 40/77 | 재적재  6 | 중계율 0.25 | alpha 0.582 | step_limit
Ep 39 | 드론3 목적지28 |  814스텝 | 배송 28/28 | 재적재  4 | 중계율 0.31 | alpha 0.616 | complete
Ep 40 | 드론3 목적지37 |  793스텝 | 배송 37/37 | 재적재  7 | 중계율 0.21 | alpha 0.652 | complete
Ep 41 | 드론5 목적지59 |  661스텝 | 배송 59/59 | 재적재 11 | 중계율 0.14 | alpha 0.684 | complete
Ep 42 | 드론6 목적지58 |  565스텝 | 배송 58/58 | 재적재  9 | 중계율 0.30 | alpha 0.712 | complete
Ep 43 | 드론6 목적지20 |  296스텝 | 배송 20/20 | 재적재  1 | 중계율 0.19 | alpha 0.727 | complete
Ep 44 | 드론6 목적지30 |  260스텝 | 배송 30/30 | 재적재  3 | 중계율 0.15 | alpha 0.741 | complete
Ep 45 | 드론6 목적지39 |  376스텝 | 배송 39/39 | 재적재  7 | 중계율 0.25 | alpha 0.761 | complete
Ep 46 | 드론6 목적지32 |  314스텝 | 배송 32/32 | 재적재  6 | 중계율 0.18 | alpha 0.778 | complete
Ep 47 | 드론5 목적지35 |  400스텝 | 배송 35/35 | 재적재  5 | 중계율 0.20 | alpha 0.801 | complete
Ep 48 | 드론5 목적지39 |  527스텝 | 배송 39/39 | 재적재  5 | 중계율 0.24 | alpha 0.832 | complete
Ep 49 | 드론5 목적지47 |  643스텝 | 배송 47/47 | 재적재  8 | 중계율 0.24 | alpha 0.871 | complete
Ep 50 | 드론4 목적지72 | 1000스텝 | 배송 62/72 | 재적재 11 | 중계율 0.21 | alpha 0.935 | step_limit
  [홀드아웃] 배송 48.0±6.3 완주 0.85 스텝 1010 점수 91.6 재적재 7.2 2홉+ 0.65 | 최고 91.6@ep50 정체 0/15  ← 갱신
Ep 51 | 드론4 목적지71 | 1000스텝 | 배송 52/71 | 재적재  9 | 중계율 0.17 | alpha 1.004 | step_limit
Ep 52 | 드론4 목적지45 |  457스텝 | 배송 45/45 | 재적재  7 | 중계율 0.14 | alpha 1.036 | complete
Ep 53 | 드론6 목적지64 |  475스텝 | 배송 64/64 | 재적재 12 | 중계율 0.13 | alpha 1.071 | complete
Ep 54 | 드론5 목적지24 |  533스텝 | 배송 24/24 | 재적재  2 | 중계율 0.32 | alpha 1.112 | complete
Ep 55 | 드론6 목적지60 |  620스텝 | 배송 60/60 | 재적재 10 | 중계율 0.23 | alpha 1.161 | complete
Ep 56 | 드론6 목적지20 |  190스텝 | 배송 20/20 | 재적재  0 | 중계율 0.20 | alpha 1.176 | complete
Ep 57 | 드론5 목적지61 |  722스텝 | 배송 61/61 | 재적재 10 | 중계율 0.20 | alpha 1.236 | complete
Ep 58 | 드론5 목적지77 |  885스텝 | 배송 77/77 | 재적재 14 | 중계율 0.18 | alpha 1.314 | complete
Ep 59 | 드론5 목적지40 |  769스텝 | 배송 40/40 | 재적재  6 | 중계율 0.34 | alpha 1.385 | complete
Ep 60 | 드론3 목적지76 | 1000스텝 | 배송 56/76 | 재적재 10 | 중계율 0.20 | alpha 1.481 | step_limit
Ep 61 | 드론5 목적지66 |  683스텝 | 배송 66/66 | 재적재 11 | 중계율 0.24 | alpha 1.548 | complete
Ep 62 | 드론5 목적지43 |  367스텝 | 배송 43/43 | 재적재  6 | 중계율 0.16 | alpha 1.584 | complete
Ep 63 | 드론5 목적지57 |  619스텝 | 배송 57/57 | 재적재  9 | 중계율 0.16 | alpha 1.646 | complete
Ep 64 | 드론3 목적지52 | 1000스텝 | 배송 46/52 | 재적재  8 | 중계율 0.24 | alpha 1.752 | step_limit
Ep 65 | 드론5 목적지42 |  476스텝 | 배송 42/42 | 재적재  7 | 중계율 0.13 | alpha 1.802 | complete
Ep 66 | 드론4 목적지41 |  715스텝 | 배송 41/41 | 재적재  7 | 중계율 0.27 | alpha 1.879 | complete
Ep 67 | 드론5 목적지23 |  260스텝 | 배송 23/23 | 재적재  2 | 중계율 0.10 | alpha 1.908 | complete
Ep 68 | 드론5 목적지77 |  680스텝 | 배송 77/77 | 재적재 13 | 중계율 0.11 | alpha 1.981 | complete
Ep 69 | 드론4 목적지48 |  786스텝 | 배송 48/48 | 재적재  9 | 중계율 0.15 | alpha 2.064 | complete
Ep 70 | 드론3 목적지69 | 1000스텝 | 배송 41/69 | 재적재  8 | 중계율 0.25 | alpha 2.167 | step_limit
Ep 71 | 드론5 목적지34 |  394스텝 | 배송 34/34 | 재적재  5 | 중계율 0.11 | alpha 2.208 | complete
Ep 72 | 드론5 목적지61 | 1000스텝 | 배송 54/61 | 재적재  8 | 중계율 0.27 | alpha 2.310 | step_limit
Ep 73 | 드론6 목적지50 |  518스텝 | 배송 50/50 | 재적재  7 | 중계율 0.26 | alpha 2.362 | complete
Ep 74 | 드론4 목적지70 | 1000스텝 | 배송 55/70 | 재적재  8 | 중계율 0.20 | alpha 2.463 | step_limit
Ep 75 | 드론6 목적지21 |  194스텝 | 배송 21/21 | 재적재  1 | 중계율 0.17 | alpha 2.483 | complete
Ep 76 | 드론3 목적지49 | 1000스텝 | 배송 39/49 | 재적재  7 | 중계율 0.24 | alpha 2.581 | step_limit
Ep 77 | 드론4 목적지67 | 1000스텝 | 배송 53/67 | 재적재  8 | 중계율 0.27 | alpha 2.681 | step_limit
Ep 78 | 드론3 목적지34 | 1000스텝 | 배송 31/34 | 재적재  4 | 중계율 0.17 | alpha 2.782 | step_limit
Ep 79 | 드론5 목적지31 |  479스텝 | 배송 31/31 | 재적재  3 | 중계율 0.20 | alpha 2.827 | complete
Ep 80 | 드론3 목적지44 | 1000스텝 | 배송 43/44 | 재적재  8 | 중계율 0.23 | alpha 2.906 | step_limit
Ep 81 | 드론6 목적지71 |  773스텝 | 배송 71/71 | 재적재 13 | 중계율 0.23 | alpha 2.950 | complete
Ep 82 | 드론4 목적지59 |  946스텝 | 배송 59/59 | 재적재 10 | 중계율 0.17 | alpha 3.002 | complete
Ep 83 | 드론6 목적지21 |  183스텝 | 배송 21/21 | 재적재  0 | 중계율 0.07 | alpha 3.012 | complete
Ep 84 | 드론4 목적지41 |  882스텝 | 배송 41/41 | 재적재  7 | 중계율 0.22 | alpha 3.044 | complete
Ep 85 | 드론5 목적지38 |  556스텝 | 배송 38/38 | 재적재  6 | 중계율 0.21 | alpha 3.065 | complete
Ep 86 | 드론5 목적지64 |  687스텝 | 배송 64/64 | 재적재 11 | 중계율 0.16 | alpha 3.080 | complete
Ep 87 | 드론5 목적지24 |  393스텝 | 배송 24/24 | 재적재  4 | 중계율 0.22 | alpha 3.083 | complete
Ep 88 | 드론5 목적지66 |  896스텝 | 배송 66/66 | 재적재 12 | 중계율 0.19 | alpha 3.078 | complete
Ep 89 | 드론6 목적지20 |  311스텝 | 배송 20/20 | 재적재  1 | 중계율 0.12 | alpha 3.074 | complete
Ep 90 | 드론6 목적지37 |  271스텝 | 배송 37/37 | 재적재  5 | 중계율 0.06 | alpha 3.073 | complete
Ep 91 | 드론4 목적지60 | 1000스텝 | 배송 57/60 | 재적재 10 | 중계율 0.21 | alpha 3.064 | step_limit
Ep 92 | 드론3 목적지37 | 1000스텝 | 배송 35/37 | 재적재  5 | 중계율 0.29 | alpha 3.048 | step_limit
Ep 93 | 드론4 목적지27 |  582스텝 | 배송 27/27 | 재적재  4 | 중계율 0.19 | alpha 3.045 | complete
Ep 94 | 드론4 목적지76 | 1000스텝 | 배송 67/76 | 재적재 11 | 중계율 0.16 | alpha 3.040 | step_limit
Ep 95 | 드론5 목적지30 |  351스텝 | 배송 30/30 | 재적재  5 | 중계율 0.09 | alpha 3.031 | complete
Ep 96 | 드론6 목적지34 |  348스텝 | 배송 34/34 | 재적재  5 | 중계율 0.21 | alpha 3.018 | complete
Ep 97 | 드론5 목적지35 |  472스텝 | 배송 35/35 | 재적재  4 | 중계율 0.19 | alpha 3.016 | complete
Ep 98 | 드론5 목적지39 |  506스텝 | 배송 39/39 | 재적재  6 | 중계율 0.10 | alpha 3.003 | complete
Ep 99 | 드론5 목적지69 | 1000스텝 | 배송 61/69 | 재적재 11 | 중계율 0.25 | alpha 3.009 | step_limit
Ep 100 | 드론6 목적지80 |  603스텝 | 배송 80/80 | 재적재 13 | 중계율 0.12 | alpha 3.027 | complete
  [홀드아웃] 배송 49.9±0.6 완주 0.95 스텝 1200 점수 101.0 재적재 8.3 2홉+ 0.66 | 최고 101.0@ep100 정체 0/15  ← 갱신
Ep 101 | 드론3 목적지62 | 1000스텝 | 배송 58/62 | 재적재 10 | 중계율 0.17 | alpha 3.053 | step_limit
Ep 102 | 드론4 목적지30 |  539스텝 | 배송 30/30 | 재적재  4 | 중계율 0.11 | alpha 3.060 | complete
Ep 103 | 드론5 목적지75 | 1000스텝 | 배송 69/75 | 재적재 12 | 중계율 0.15 | alpha 3.059 | step_limit
Ep 104 | 드론4 목적지39 | 1000스텝 | 배송 37/39 | 재적재  5 | 중계율 0.17 | alpha 3.029 | step_limit
Ep 105 | 드론5 목적지24 |  382스텝 | 배송 24/24 | 재적재  3 | 중계율 0.14 | alpha 3.012 | complete
Ep 106 | 드론5 목적지73 |  807스텝 | 배송 73/73 | 재적재 12 | 중계율 0.17 | alpha 2.999 | complete
Ep 107 | 드론5 목적지25 |  323스텝 | 배송 25/25 | 재적재  3 | 중계율 0.16 | alpha 2.983 | complete
Ep 108 | 드론3 목적지69 | 1000스텝 | 배송 57/69 | 재적재 10 | 중계율 0.19 | alpha 2.926 | step_limit
Ep 109 | 드론4 목적지25 |  442스텝 | 배송 25/25 | 재적재  3 | 중계율 0.13 | alpha 2.897 | complete
Ep 110 | 드론3 목적지26 |  854스텝 | 배송 26/26 | 재적재  4 | 중계율 0.27 | alpha 2.859 | complete
Ep 111 | 드론3 목적지21 |  836스텝 | 배송 21/21 | 재적재  3 | 중계율 0.19 | alpha 2.864 | complete
Ep 112 | 드론6 목적지31 |  316스텝 | 배송 31/31 | 재적재  4 | 중계율 0.12 | alpha 2.879 | complete
Ep 113 | 드론4 목적지57 | 1000스텝 | 배송 47/57 | 재적재  7 | 중계율 0.29 | alpha 2.861 | step_limit
Ep 114 | 드론6 목적지64 |  646스텝 | 배송 64/64 | 재적재 11 | 중계율 0.21 | alpha 2.870 | complete
Ep 115 | 드론5 목적지57 |  767스텝 | 배송 57/57 | 재적재  9 | 중계율 0.17 | alpha 2.903 | complete
Ep 116 | 드론3 목적지78 | 1000스텝 | 배송 51/78 | 재적재  8 | 중계율 0.18 | alpha 2.931 | step_limit
Ep 117 | 드론6 목적지76 |  960스텝 | 배송 76/76 | 재적재 13 | 중계율 0.26 | alpha 2.986 | complete
Ep 118 | 드론3 목적지59 | 1000스텝 | 배송 53/59 | 재적재  9 | 중계율 0.18 | alpha 2.933 | step_limit
Ep 119 | 드론4 목적지73 | 1000스텝 | 배송 60/73 | 재적재 11 | 중계율 0.20 | alpha 2.863 | step_limit
Ep 120 | 드론4 목적지68 |  895스텝 | 배송 68/68 | 재적재 11 | 중계율 0.20 | alpha 2.836 | complete
Ep 121 | 드론6 목적지59 |  646스텝 | 배송 59/59 | 재적재 10 | 중계율 0.20 | alpha 2.808 | complete
Ep 122 | 드론6 목적지55 |  462스텝 | 배송 55/55 | 재적재  8 | 중계율 0.13 | alpha 2.817 | complete
Ep 123 | 드론4 목적지22 |  296스텝 | 배송 22/22 | 재적재  2 | 중계율 0.10 | alpha 2.821 | complete
Ep 124 | 드론3 목적지57 | 1000스텝 | 배송 56/57 | 재적재 10 | 중계율 0.18 | alpha 2.760 | step_limit
Ep 125 | 드론3 목적지29 |  796스텝 | 배송 29/29 | 재적재  4 | 중계율 0.21 | alpha 2.744 | complete
Ep 126 | 드론6 목적지80 |  551스텝 | 배송 80/80 | 재적재 14 | 중계율 0.13 | alpha 2.732 | complete
Ep 127 | 드론6 목적지23 |  262스텝 | 배송 23/23 | 재적재  0 | 중계율 0.18 | alpha 2.737 | complete
Ep 128 | 드론4 목적지75 | 1000스텝 | 배송 65/75 | 재적재 11 | 중계율 0.24 | alpha 2.713 | step_limit
Ep 129 | 드론5 목적지31 |  631스텝 | 배송 31/31 | 재적재  5 | 중계율 0.26 | alpha 2.714 | complete
Ep 130 | 드론5 목적지26 |  301스텝 | 배송 26/26 | 재적재  3 | 중계율 0.10 | alpha 2.704 | complete
Ep 131 | 드론6 목적지57 |  608스텝 | 배송 57/57 | 재적재  9 | 중계율 0.13 | alpha 2.674 | complete
Ep 132 | 드론4 목적지51 | 1000스텝 | 배송 42/51 | 재적재  6 | 중계율 0.28 | alpha 2.605 | step_limit
Ep 133 | 드론6 목적지36 |  383스텝 | 배송 36/36 | 재적재  5 | 중계율 0.20 | alpha 2.597 | complete
Ep 134 | 드론5 목적지49 |  727스텝 | 배송 49/49 | 재적재  7 | 중계율 0.18 | alpha 2.604 | complete
Ep 135 | 드론4 목적지56 | 1000스텝 | 배송 52/56 | 재적재  9 | 중계율 0.22 | alpha 2.578 | step_limit
Ep 136 | 드론3 목적지38 | 1000스텝 | 배송 31/38 | 재적재  4 | 중계율 0.26 | alpha 2.555 | step_limit
Ep 137 | 드론6 목적지37 |  365스텝 | 배송 37/37 | 재적재  5 | 중계율 0.12 | alpha 2.540 | complete
Ep 138 | 드론5 목적지68 |  905스텝 | 배송 68/68 | 재적재 12 | 중계율 0.19 | alpha 2.508 | complete
Ep 139 | 드론3 목적지63 | 1000스텝 | 배송 61/63 | 재적재 10 | 중계율 0.14 | alpha 2.510 | step_limit
Ep 140 | 드론6 목적지64 |  486스텝 | 배송 64/64 | 재적재 11 | 중계율 0.13 | alpha 2.503 | complete
Ep 141 | 드론4 목적지48 |  871스텝 | 배송 48/48 | 재적재  9 | 중계율 0.17 | alpha 2.482 | complete
Ep 142 | 드론5 목적지69 |  669스텝 | 배송 69/69 | 재적재 12 | 중계율 0.12 | alpha 2.484 | complete
Ep 143 | 드론3 목적지58 | 1000스텝 | 배송 56/58 | 재적재  9 | 중계율 0.19 | alpha 2.462 | step_limit
Ep 144 | 드론6 목적지55 |  565스텝 | 배송 55/55 | 재적재 10 | 중계율 0.17 | alpha 2.428 | complete
Ep 145 | 드론3 목적지39 |  899스텝 | 배송 39/39 | 재적재  6 | 중계율 0.25 | alpha 2.402 | complete
Ep 146 | 드론3 목적지60 | 1000스텝 | 배송 59/60 | 재적재 10 | 중계율 0.14 | alpha 2.415 | step_limit
Ep 147 | 드론4 목적지44 |  741스텝 | 배송 44/44 | 재적재  7 | 중계율 0.13 | alpha 2.427 | complete
Ep 148 | 드론6 목적지50 |  605스텝 | 배송 50/50 | 재적재  8 | 중계율 0.15 | alpha 2.425 | complete
Ep 149 | 드론3 목적지36 |  738스텝 | 배송 36/36 | 재적재  7 | 중계율 0.15 | alpha 2.426 | complete
Ep 150 | 드론5 목적지78 |  807스텝 | 배송 78/78 | 재적재 13 | 중계율 0.21 | alpha 2.444 | complete
  [홀드아웃] 배송 50.0±0.0 완주 1.00 스텝 1257 점수 105.8 재적재 8.4 2홉+ 0.65 | 최고 105.8@ep150 정체 0/15  ← 갱신
Ep 151 | 드론4 목적지64 |  724스텝 | 배송 64/64 | 재적재 10 | 중계율 0.11 | alpha 2.429 | complete
Ep 152 | 드론6 목적지21 |  150스텝 | 배송 21/21 | 재적재  0 | 중계율 0.06 | alpha 2.436 | complete
Ep 153 | 드론5 목적지76 |  938스텝 | 배송 76/76 | 재적재 14 | 중계율 0.17 | alpha 2.397 | complete
Ep 154 | 드론3 목적지40 |  817스텝 | 배송 40/40 | 재적재  7 | 중계율 0.18 | alpha 2.395 | complete
Ep 155 | 드론4 목적지64 |  698스텝 | 배송 64/64 | 재적재 11 | 중계율 0.12 | alpha 2.384 | complete
Ep 156 | 드론5 목적지50 |  799스텝 | 배송 50/50 | 재적재  8 | 중계율 0.21 | alpha 2.348 | complete
Ep 157 | 드론3 목적지56 | 1000스텝 | 배송 55/56 | 재적재 10 | 중계율 0.15 | alpha 2.324 | step_limit
Ep 158 | 드론6 목적지67 |  706스텝 | 배송 67/67 | 재적재 11 | 중계율 0.16 | alpha 2.317 | complete
Ep 159 | 드론5 목적지78 |  742스텝 | 배송 78/78 | 재적재 13 | 중계율 0.11 | alpha 2.298 | complete
Ep 160 | 드론5 목적지23 |  414스텝 | 배송 23/23 | 재적재  3 | 중계율 0.23 | alpha 2.306 | complete
Ep 161 | 드론6 목적지73 |  719스텝 | 배송 73/73 | 재적재 13 | 중계율 0.19 | alpha 2.302 | complete
Ep 162 | 드론4 목적지49 |  592스텝 | 배송 49/49 | 재적재  7 | 중계율 0.12 | alpha 2.316 | complete
Ep 163 | 드론5 목적지36 |  588스텝 | 배송 36/36 | 재적재  5 | 중계율 0.18 | alpha 2.315 | complete
Ep 164 | 드론5 목적지54 |  541스텝 | 배송 54/54 | 재적재  8 | 중계율 0.09 | alpha 2.292 | complete
Ep 165 | 드론6 목적지47 |  411스텝 | 배송 47/47 | 재적재  5 | 중계율 0.15 | alpha 2.296 | complete
Ep 166 | 드론5 목적지63 |  825스텝 | 배송 63/63 | 재적재 10 | 중계율 0.20 | alpha 2.327 | complete
Ep 167 | 드론5 목적지38 |  492스텝 | 배송 38/38 | 재적재  6 | 중계율 0.19 | alpha 2.341 | complete
Ep 168 | 드론5 목적지44 |  923스텝 | 배송 44/44 | 재적재  7 | 중계율 0.18 | alpha 2.318 | complete
Ep 169 | 드론5 목적지45 |  705스텝 | 배송 45/45 | 재적재  7 | 중계율 0.21 | alpha 2.323 | complete
Ep 170 | 드론4 목적지78 | 1000스텝 | 배송 75/78 | 재적재 13 | 중계율 0.18 | alpha 2.309 | step_limit
Ep 171 | 드론5 목적지34 |  594스텝 | 배송 34/34 | 재적재  5 | 중계율 0.21 | alpha 2.299 | complete
Ep 172 | 드론4 목적지48 |  694스텝 | 배송 48/48 | 재적재  7 | 중계율 0.17 | alpha 2.345 | complete
Ep 173 | 드론4 목적지64 | 1000스텝 | 배송 51/64 | 재적재  9 | 중계율 0.24 | alpha 2.356 | step_limit
Ep 174 | 드론5 목적지38 |  454스텝 | 배송 38/38 | 재적재  6 | 중계율 0.11 | alpha 2.368 | complete
Ep 175 | 드론4 목적지56 |  870스텝 | 배송 56/56 | 재적재  9 | 중계율 0.18 | alpha 2.313 | complete
Ep 176 | 드론3 목적지68 | 1000스텝 | 배송 56/68 | 재적재  9 | 중계율 0.22 | alpha 2.290 | step_limit
Ep 177 | 드론5 목적지74 |  714스텝 | 배송 74/74 | 재적재 12 | 중계율 0.15 | alpha 2.261 | complete
Ep 178 | 드론5 목적지37 |  483스텝 | 배송 37/37 | 재적재  5 | 중계율 0.17 | alpha 2.276 | complete
Ep 179 | 드론6 목적지48 |  753스텝 | 배송 48/48 | 재적재  8 | 중계율 0.18 | alpha 2.283 | complete
Ep 180 | 드론4 목적지61 |  994스텝 | 배송 61/61 | 재적재 11 | 중계율 0.20 | alpha 2.262 | complete
Ep 181 | 드론3 목적지80 | 1000스텝 | 배송 57/80 | 재적재  9 | 중계율 0.24 | alpha 2.288 | step_limit
Ep 182 | 드론5 목적지31 |  474스텝 | 배송 31/31 | 재적재  4 | 중계율 0.20 | alpha 2.310 | complete
Ep 183 | 드론4 목적지53 |  722스텝 | 배송 53/53 | 재적재  9 | 중계율 0.17 | alpha 2.319 | complete
Ep 184 | 드론4 목적지64 | 1000스텝 | 배송 54/64 | 재적재 10 | 중계율 0.24 | alpha 2.362 | step_limit
Ep 185 | 드론3 목적지49 |  978스텝 | 배송 49/49 | 재적재  9 | 중계율 0.17 | alpha 2.374 | complete
Ep 186 | 드론5 목적지47 |  674스텝 | 배송 47/47 | 재적재  7 | 중계율 0.18 | alpha 2.361 | complete
Ep 187 | 드론5 목적지59 |  951스텝 | 배송 59/59 | 재적재 10 | 중계율 0.26 | alpha 2.370 | complete
Ep 188 | 드론3 목적지33 |  785스텝 | 배송 33/33 | 재적재  5 | 중계율 0.25 | alpha 2.364 | complete
Ep 189 | 드론6 목적지35 |  300스텝 | 배송 35/35 | 재적재  5 | 중계율 0.10 | alpha 2.382 | complete
Ep 190 | 드론3 목적지30 |  628스텝 | 배송 30/30 | 재적재  4 | 중계율 0.19 | alpha 2.406 | complete
Ep 191 | 드론4 목적지70 |  992스텝 | 배송 70/70 | 재적재 12 | 중계율 0.21 | alpha 2.426 | complete
Ep 192 | 드론5 목적지36 |  364스텝 | 배송 36/36 | 재적재  5 | 중계율 0.09 | alpha 2.423 | complete
Ep 193 | 드론3 목적지54 | 1000스텝 | 배송 47/54 | 재적재  9 | 중계율 0.19 | alpha 2.392 | step_limit
Ep 194 | 드론4 목적지76 | 1000스텝 | 배송 71/76 | 재적재 12 | 중계율 0.21 | alpha 2.350 | step_limit
Ep 195 | 드론5 목적지74 | 1000스텝 | 배송 65/74 | 재적재 12 | 중계율 0.25 | alpha 2.334 | step_limit
Ep 196 | 드론6 목적지70 |  663스텝 | 배송 70/70 | 재적재 11 | 중계율 0.15 | alpha 2.319 | complete
Ep 197 | 드론4 목적지34 |  959스텝 | 배송 34/34 | 재적재  6 | 중계율 0.20 | alpha 2.282 | complete
Ep 198 | 드론3 목적지33 |  804스텝 | 배송 33/33 | 재적재  6 | 중계율 0.26 | alpha 2.268 | complete
Ep 199 | 드론6 목적지46 |  415스텝 | 배송 46/46 | 재적재  6 | 중계율 0.09 | alpha 2.268 | complete
Ep 200 | 드론6 목적지42 |  432스텝 | 배송 42/42 | 재적재  7 | 중계율 0.09 | alpha 2.278 | complete
  [홀드아웃] 배송 49.7±1.0 완주 0.93 스텝 1198 점수 98.5 재적재 8.3 2홉+ 0.65 | 최고 105.8@ep150 정체 1/15
Ep 201 | 드론6 목적지51 |  519스텝 | 배송 51/51 | 재적재  8 | 중계율 0.11 | alpha 2.293 | complete
Ep 202 | 드론5 목적지32 |  592스텝 | 배송 32/32 | 재적재  5 | 중계율 0.24 | alpha 2.324 | complete
Ep 203 | 드론5 목적지30 |  482스텝 | 배송 30/30 | 재적재  3 | 중계율 0.23 | alpha 2.314 | complete
Ep 204 | 드론6 목적지73 |  742스텝 | 배송 73/73 | 재적재 12 | 중계율 0.17 | alpha 2.322 | complete
Ep 205 | 드론3 목적지44 |  867스텝 | 배송 44/44 | 재적재  7 | 중계율 0.19 | alpha 2.346 | complete
Ep 206 | 드론3 목적지26 |  717스텝 | 배송 26/26 | 재적재  3 | 중계율 0.25 | alpha 2.338 | complete
Ep 207 | 드론5 목적지40 |  890스텝 | 배송 40/40 | 재적재  7 | 중계율 0.19 | alpha 2.345 | complete
Ep 208 | 드론6 목적지35 |  385스텝 | 배송 35/35 | 재적재  5 | 중계율 0.17 | alpha 2.349 | complete
Ep 209 | 드론6 목적지75 |  630스텝 | 배송 75/75 | 재적재 13 | 중계율 0.08 | alpha 2.338 | complete
Ep 210 | 드론6 목적지56 |  857스텝 | 배송 56/56 | 재적재 10 | 중계율 0.16 | alpha 2.366 | complete
Ep 211 | 드론3 목적지26 |  515스텝 | 배송 26/26 | 재적재  4 | 중계율 0.12 | alpha 2.365 | complete
Ep 212 | 드론3 목적지58 | 1000스텝 | 배송 53/58 | 재적재 10 | 중계율 0.15 | alpha 2.331 | step_limit
Ep 213 | 드론3 목적지44 | 1000스텝 | 배송 39/44 | 재적재  7 | 중계율 0.27 | alpha 2.370 | step_limit
Ep 214 | 드론3 목적지56 | 1000스텝 | 배송 45/56 | 재적재  8 | 중계율 0.11 | alpha 2.370 | step_limit
Ep 215 | 드론4 목적지64 |  972스텝 | 배송 64/64 | 재적재 11 | 중계율 0.18 | alpha 2.407 | complete
Ep 216 | 드론5 목적지40 |  469스텝 | 배송 40/40 | 재적재  6 | 중계율 0.19 | alpha 2.418 | complete
Ep 217 | 드론6 목적지41 |  333스텝 | 배송 41/41 | 재적재  6 | 중계율 0.09 | alpha 2.440 | complete
Ep 218 | 드론3 목적지31 |  709스텝 | 배송 31/31 | 재적재  5 | 중계율 0.22 | alpha 2.408 | complete
Ep 219 | 드론4 목적지80 | 1000스텝 | 배송 74/80 | 재적재 13 | 중계율 0.16 | alpha 2.404 | step_limit
Ep 220 | 드론4 목적지53 |  820스텝 | 배송 53/53 | 재적재  8 | 중계율 0.20 | alpha 2.412 | complete
Ep 221 | 드론6 목적지72 |  503스텝 | 배송 72/72 | 재적재 11 | 중계율 0.09 | alpha 2.384 | complete
Ep 222 | 드론3 목적지27 |  686스텝 | 배송 27/27 | 재적재  5 | 중계율 0.24 | alpha 2.351 | complete
Ep 223 | 드론6 목적지22 |  236스텝 | 배송 22/22 | 재적재  2 | 중계율 0.18 | alpha 2.345 | complete
Ep 224 | 드론4 목적지62 | 1000스텝 | 배송 60/62 | 재적재 12 | 중계율 0.17 | alpha 2.335 | step_limit
Ep 225 | 드론5 목적지58 |  763스텝 | 배송 58/58 | 재적재 10 | 중계율 0.11 | alpha 2.341 | complete
Ep 226 | 드론6 목적지37 |  430스텝 | 배송 37/37 | 재적재  5 | 중계율 0.19 | alpha 2.336 | complete
Ep 227 | 드론3 목적지49 | 1000스텝 | 배송 45/49 | 재적재  7 | 중계율 0.21 | alpha 2.331 | step_limit
Ep 228 | 드론5 목적지72 |  625스텝 | 배송 72/72 | 재적재 13 | 중계율 0.09 | alpha 2.340 | complete
Ep 229 | 드론3 목적지77 | 1000스텝 | 배송 55/77 | 재적재  9 | 중계율 0.20 | alpha 2.280 | step_limit
Ep 230 | 드론6 목적지53 |  361스텝 | 배송 53/53 | 재적재  6 | 중계율 0.09 | alpha 2.292 | complete
Ep 231 | 드론5 목적지56 | 1000스텝 | 배송 54/56 | 재적재 10 | 중계율 0.30 | alpha 2.316 | step_limit
Ep 232 | 드론3 목적지28 |  673스텝 | 배송 28/28 | 재적재  5 | 중계율 0.27 | alpha 2.322 | complete
Ep 233 | 드론5 목적지40 |  548스텝 | 배송 40/40 | 재적재  6 | 중계율 0.21 | alpha 2.322 | complete
Ep 234 | 드론5 목적지29 |  374스텝 | 배송 29/29 | 재적재  3 | 중계율 0.14 | alpha 2.319 | complete
Ep 235 | 드론6 목적지69 |  677스텝 | 배송 69/69 | 재적재 11 | 중계율 0.15 | alpha 2.332 | complete
Ep 236 | 드론4 목적지30 |  849스텝 | 배송 30/30 | 재적재  5 | 중계율 0.22 | alpha 2.331 | complete
Ep 237 | 드론5 목적지24 |  389스텝 | 배송 24/24 | 재적재  2 | 중계율 0.23 | alpha 2.349 | complete
Ep 238 | 드론5 목적지21 |  271스텝 | 배송 21/21 | 재적재  2 | 중계율 0.15 | alpha 2.357 | complete
Ep 239 | 드론5 목적지60 | 1000스텝 | 배송 54/60 | 재적재  9 | 중계율 0.20 | alpha 2.354 | step_limit
Ep 240 | 드론6 목적지58 |  469스텝 | 배송 58/58 | 재적재  9 | 중계율 0.14 | alpha 2.363 | complete
Ep 241 | 드론3 목적지26 |  512스텝 | 배송 26/26 | 재적재  3 | 중계율 0.11 | alpha 2.370 | complete
Ep 242 | 드론4 목적지43 |  633스텝 | 배송 43/43 | 재적재  7 | 중계율 0.15 | alpha 2.377 | complete
Ep 243 | 드론5 목적지55 |  903스텝 | 배송 55/55 | 재적재 10 | 중계율 0.17 | alpha 2.369 | complete
Ep 244 | 드론6 목적지48 |  385스텝 | 배송 48/48 | 재적재  6 | 중계율 0.08 | alpha 2.378 | complete
Ep 245 | 드론6 목적지67 |  532스텝 | 배송 67/67 | 재적재 10 | 중계율 0.15 | alpha 2.384 | complete
Ep 246 | 드론4 목적지65 | 1000스텝 | 배송 60/65 | 재적재 11 | 중계율 0.15 | alpha 2.356 | step_limit
Ep 247 | 드론6 목적지49 |  439스텝 | 배송 49/49 | 재적재  7 | 중계율 0.14 | alpha 2.374 | complete
Ep 248 | 드론3 목적지41 | 1000스텝 | 배송 35/41 | 재적재  6 | 중계율 0.25 | alpha 2.414 | step_limit
Ep 249 | 드론5 목적지26 |  243스텝 | 배송 26/26 | 재적재  4 | 중계율 0.09 | alpha 2.427 | complete
Ep 250 | 드론5 목적지43 |  530스텝 | 배송 43/43 | 재적재  6 | 중계율 0.13 | alpha 2.432 | complete
  [홀드아웃] 배송 50.0±0.0 완주 1.00 스텝 1211 점수 106.0 재적재 8.4 2홉+ 0.65 | 최고 106.0@ep250 정체 0/15  ← 갱신
Ep 251 | 드론5 목적지71 |  744스텝 | 배송 71/71 | 재적재 13 | 중계율 0.15 | alpha 2.407 | complete
Ep 252 | 드론3 목적지48 | 1000스텝 | 배송 45/48 | 재적재  7 | 중계율 0.25 | alpha 2.404 | step_limit
Ep 253 | 드론4 목적지30 |  501스텝 | 배송 30/30 | 재적재  4 | 중계율 0.14 | alpha 2.403 | complete
Ep 254 | 드론5 목적지26 |  448스텝 | 배송 26/26 | 재적재  3 | 중계율 0.27 | alpha 2.385 | complete
Ep 255 | 드론6 목적지69 |  694스텝 | 배송 69/69 | 재적재 11 | 중계율 0.16 | alpha 2.370 | complete
Ep 256 | 드론6 목적지33 |  448스텝 | 배송 33/33 | 재적재  4 | 중계율 0.21 | alpha 2.376 | complete
Ep 257 | 드론4 목적지55 | 1000스텝 | 배송 40/55 | 재적재  6 | 중계율 0.23 | alpha 2.356 | step_limit
Ep 258 | 드론5 목적지36 |  539스텝 | 배송 36/36 | 재적재  4 | 중계율 0.20 | alpha 2.340 | complete
Ep 259 | 드론4 목적지79 | 1000스텝 | 배송 70/79 | 재적재 11 | 중계율 0.16 | alpha 2.338 | step_limit
Ep 260 | 드론3 목적지41 |  791스텝 | 배송 41/41 | 재적재  7 | 중계율 0.16 | alpha 2.386 | complete
Ep 261 | 드론6 목적지21 |  257스텝 | 배송 21/21 | 재적재  0 | 중계율 0.24 | alpha 2.402 | complete
Ep 262 | 드론3 목적지43 |  845스텝 | 배송 43/43 | 재적재  7 | 중계율 0.16 | alpha 2.417 | complete
Ep 263 | 드론5 목적지21 |  312스텝 | 배송 21/21 | 재적재  2 | 중계율 0.18 | alpha 2.412 | complete
Ep 264 | 드론6 목적지50 |  767스텝 | 배송 50/50 | 재적재  8 | 중계율 0.26 | alpha 2.419 | complete
Ep 265 | 드론3 목적지35 |  928스텝 | 배송 35/35 | 재적재  5 | 중계율 0.30 | alpha 2.418 | complete
Ep 266 | 드론4 목적지54 |  767스텝 | 배송 54/54 | 재적재  9 | 중계율 0.16 | alpha 2.408 | complete
Ep 267 | 드론5 목적지46 |  436스텝 | 배송 46/46 | 재적재  7 | 중계율 0.10 | alpha 2.401 | complete
Ep 268 | 드론3 목적지33 |  814스텝 | 배송 33/33 | 재적재  5 | 중계율 0.15 | alpha 2.426 | complete
Ep 269 | 드론3 목적지42 | 1000스텝 | 배송 40/42 | 재적재  6 | 중계율 0.18 | alpha 2.413 | step_limit
Ep 270 | 드론4 목적지45 |  835스텝 | 배송 45/45 | 재적재  8 | 중계율 0.25 | alpha 2.440 | complete
Ep 271 | 드론5 목적지37 |  701스텝 | 배송 37/37 | 재적재  5 | 중계율 0.20 | alpha 2.480 | complete
Ep 272 | 드론3 목적지47 | 1000스텝 | 배송 46/47 | 재적재  8 | 중계율 0.19 | alpha 2.452 | step_limit
Ep 273 | 드론6 목적지76 |  474스텝 | 배송 76/76 | 재적재 12 | 중계율 0.10 | alpha 2.472 | complete
Ep 274 | 드론6 목적지29 |  558스텝 | 배송 29/29 | 재적재  3 | 중계율 0.24 | alpha 2.475 | complete
Ep 275 | 드론4 목적지78 | 1000스텝 | 배송 71/78 | 재적재 13 | 중계율 0.21 | alpha 2.451 | step_limit
Ep 276 | 드론5 목적지49 |  509스텝 | 배송 49/49 | 재적재  8 | 중계율 0.13 | alpha 2.473 | complete
Ep 277 | 드론3 목적지67 | 1000스텝 | 배송 50/67 | 재적재  8 | 중계율 0.20 | alpha 2.480 | step_limit
Ep 278 | 드론4 목적지30 |  650스텝 | 배송 30/30 | 재적재  5 | 중계율 0.19 | alpha 2.494 | complete
Ep 279 | 드론6 목적지44 |  430스텝 | 배송 44/44 | 재적재  7 | 중계율 0.11 | alpha 2.511 | complete
Ep 280 | 드론4 목적지32 |  600스텝 | 배송 32/32 | 재적재  6 | 중계율 0.18 | alpha 2.523 | complete
Ep 281 | 드론4 목적지36 |  751스텝 | 배송 36/36 | 재적재  5 | 중계율 0.22 | alpha 2.537 | complete
Ep 282 | 드론4 목적지56 |  852스텝 | 배송 56/56 | 재적재  9 | 중계율 0.15 | alpha 2.523 | complete
Ep 283 | 드론4 목적지75 |  959스텝 | 배송 75/75 | 재적재 13 | 중계율 0.11 | alpha 2.511 | complete
Ep 284 | 드론5 목적지21 |  236스텝 | 배송 21/21 | 재적재  2 | 중계율 0.14 | alpha 2.506 | complete
Ep 285 | 드론6 목적지72 |  495스텝 | 배송 72/72 | 재적재 10 | 중계율 0.12 | alpha 2.508 | complete
Ep 286 | 드론6 목적지78 |  610스텝 | 배송 78/78 | 재적재 14 | 중계율 0.11 | alpha 2.493 | complete
Ep 287 | 드론3 목적지39 |  816스텝 | 배송 39/39 | 재적재  5 | 중계율 0.16 | alpha 2.487 | complete
Ep 288 | 드론4 목적지39 |  475스텝 | 배송 39/39 | 재적재  7 | 중계율 0.13 | alpha 2.495 | complete
Ep 289 | 드론3 목적지49 |  974스텝 | 배송 49/49 | 재적재  8 | 중계율 0.20 | alpha 2.496 | complete
Ep 290 | 드론4 목적지29 |  621스텝 | 배송 29/29 | 재적재  4 | 중계율 0.25 | alpha 2.532 | complete
Ep 291 | 드론5 목적지68 |  729스텝 | 배송 68/68 | 재적재 12 | 중계율 0.15 | alpha 2.563 | complete
Ep 292 | 드론3 목적지69 | 1000스텝 | 배송 60/69 | 재적재 11 | 중계율 0.19 | alpha 2.550 | step_limit
Ep 293 | 드론3 목적지38 |  834스텝 | 배송 38/38 | 재적재  7 | 중계율 0.25 | alpha 2.543 | complete
Ep 294 | 드론5 목적지41 |  680스텝 | 배송 41/41 | 재적재  7 | 중계율 0.22 | alpha 2.543 | complete
Ep 295 | 드론4 목적지35 |  678스텝 | 배송 35/35 | 재적재  6 | 중계율 0.24 | alpha 2.538 | complete
Ep 296 | 드론6 목적지49 |  391스텝 | 배송 49/49 | 재적재  8 | 중계율 0.11 | alpha 2.527 | complete
Ep 297 | 드론4 목적지78 | 1000스텝 | 배송 70/78 | 재적재 12 | 중계율 0.18 | alpha 2.527 | step_limit
Ep 298 | 드론4 목적지73 | 1000스텝 | 배송 71/73 | 재적재 11 | 중계율 0.22 | alpha 2.510 | step_limit
Ep 299 | 드론6 목적지75 |  590스텝 | 배송 75/75 | 재적재 13 | 중계율 0.10 | alpha 2.504 | complete
Ep 300 | 드론4 목적지39 |  646스텝 | 배송 39/39 | 재적재  7 | 중계율 0.18 | alpha 2.479 | complete
  [홀드아웃] 배송 50.0±0.3 완주 0.97 스텝 1173 점수 103.6 재적재 8.5 2홉+ 0.65 | 최고 106.0@ep250 정체 1/15
Ep 301 | 드론3 목적지69 | 1000스텝 | 배송 61/69 | 재적재 10 | 중계율 0.15 | alpha 2.466 | step_limit
Ep 302 | 드론6 목적지60 |  785스텝 | 배송 60/60 | 재적재 10 | 중계율 0.17 | alpha 2.484 | complete
Ep 303 | 드론4 목적지74 | 1000스텝 | 배송 72/74 | 재적재 12 | 중계율 0.14 | alpha 2.525 | step_limit
Ep 304 | 드론4 목적지25 |  355스텝 | 배송 25/25 | 재적재  4 | 중계율 0.12 | alpha 2.526 | complete
Ep 305 | 드론3 목적지75 | 1000스텝 | 배송 51/75 | 재적재  9 | 중계율 0.21 | alpha 2.531 | step_limit
Ep 306 | 드론4 목적지29 |  407스텝 | 배송 29/29 | 재적재  4 | 중계율 0.12 | alpha 2.527 | complete
Ep 307 | 드론6 목적지29 |  211스텝 | 배송 29/29 | 재적재  2 | 중계율 0.11 | alpha 2.523 | complete
Ep 308 | 드론6 목적지35 |  308스텝 | 배송 35/35 | 재적재  4 | 중계율 0.08 | alpha 2.535 | complete
Ep 309 | 드론5 목적지37 |  485스텝 | 배송 37/37 | 재적재  5 | 중계율 0.22 | alpha 2.528 | complete
Ep 310 | 드론3 목적지74 | 1000스텝 | 배송 58/74 | 재적재 11 | 중계율 0.19 | alpha 2.471 | step_limit
Ep 311 | 드론6 목적지42 |  502스텝 | 배송 42/42 | 재적재  5 | 중계율 0.16 | alpha 2.467 | complete
Ep 312 | 드론6 목적지73 |  894스텝 | 배송 73/73 | 재적재 13 | 중계율 0.22 | alpha 2.485 | complete
Ep 313 | 드론4 목적지34 |  859스텝 | 배송 34/34 | 재적재  6 | 중계율 0.25 | alpha 2.500 | complete
Ep 314 | 드론3 목적지26 |  611스텝 | 배송 26/26 | 재적재  4 | 중계율 0.19 | alpha 2.513 | complete
Ep 315 | 드론6 목적지20 |  325스텝 | 배송 20/20 | 재적재  1 | 중계율 0.22 | alpha 2.524 | complete
Ep 316 | 드론5 목적지24 |  313스텝 | 배송 24/24 | 재적재  2 | 중계율 0.15 | alpha 2.515 | complete
Ep 317 | 드론6 목적지23 |  295스텝 | 배송 23/23 | 재적재  0 | 중계율 0.18 | alpha 2.500 | complete
Ep 318 | 드론3 목적지45 | 1000스텝 | 배송 44/45 | 재적재  7 | 중계율 0.20 | alpha 2.482 | step_limit
Ep 319 | 드론6 목적지52 |  542스텝 | 배송 52/52 | 재적재  9 | 중계율 0.13 | alpha 2.494 | complete
Ep 320 | 드론4 목적지25 |  393스텝 | 배송 25/25 | 재적재  4 | 중계율 0.14 | alpha 2.496 | complete
Ep 321 | 드론3 목적지34 |  880스텝 | 배송 34/34 | 재적재  5 | 중계율 0.21 | alpha 2.497 | complete
Ep 322 | 드론3 목적지33 |  583스텝 | 배송 33/33 | 재적재  6 | 중계율 0.15 | alpha 2.491 | complete
Ep 323 | 드론3 목적지35 | 1000스텝 | 배송 30/35 | 재적재  5 | 중계율 0.18 | alpha 2.474 | step_limit
Ep 324 | 드론5 목적지70 |  576스텝 | 배송 70/70 | 재적재 13 | 중계율 0.11 | alpha 2.490 | complete
Ep 325 | 드론3 목적지43 |  837스텝 | 배송 43/43 | 재적재  7 | 중계율 0.20 | alpha 2.487 | complete
Ep 326 | 드론5 목적지42 |  689스텝 | 배송 42/42 | 재적재  7 | 중계율 0.22 | alpha 2.480 | complete
Ep 327 | 드론6 목적지62 |  451스텝 | 배송 62/62 | 재적재  9 | 중계율 0.11 | alpha 2.460 | complete
Ep 328 | 드론3 목적지53 |  927스텝 | 배송 53/53 | 재적재  9 | 중계율 0.16 | alpha 2.477 | complete
Ep 329 | 드론5 목적지31 |  391스텝 | 배송 31/31 | 재적재  5 | 중계율 0.13 | alpha 2.485 | complete
Ep 330 | 드론4 목적지65 |  885스텝 | 배송 65/65 | 재적재 12 | 중계율 0.20 | alpha 2.472 | complete
Ep 331 | 드론3 목적지25 |  656스텝 | 배송 25/25 | 재적재  4 | 중계율 0.13 | alpha 2.477 | complete
Ep 332 | 드론3 목적지79 | 1000스텝 | 배송 60/79 | 재적재 10 | 중계율 0.21 | alpha 2.474 | step_limit
Ep 333 | 드론4 목적지37 |  930스텝 | 배송 37/37 | 재적재  6 | 중계율 0.25 | alpha 2.467 | complete
Ep 334 | 드론3 목적지72 | 1000스텝 | 배송 50/72 | 재적재  9 | 중계율 0.14 | alpha 2.458 | step_limit
Ep 335 | 드론4 목적지23 |  372스텝 | 배송 23/23 | 재적재  3 | 중계율 0.17 | alpha 2.465 | complete
Ep 336 | 드론4 목적지57 | 1000스텝 | 배송 50/57 | 재적재  8 | 중계율 0.26 | alpha 2.453 | step_limit
Ep 337 | 드론4 목적지76 | 1000스텝 | 배송 63/76 | 재적재 11 | 중계율 0.20 | alpha 2.476 | step_limit
Ep 338 | 드론3 목적지30 |  873스텝 | 배송 30/30 | 재적재  5 | 중계율 0.28 | alpha 2.512 | complete
Ep 339 | 드론5 목적지73 |  595스텝 | 배송 73/73 | 재적재 12 | 중계율 0.12 | alpha 2.528 | complete
Ep 340 | 드론6 목적지34 |  409스텝 | 배송 34/34 | 재적재  4 | 중계율 0.14 | alpha 2.548 | complete
Ep 341 | 드론5 목적지26 |  558스텝 | 배송 26/26 | 재적재  3 | 중계율 0.21 | alpha 2.576 | complete
Ep 342 | 드론3 목적지46 |  954스텝 | 배송 46/46 | 재적재  8 | 중계율 0.17 | alpha 2.591 | complete
Ep 343 | 드론3 목적지50 | 1000스텝 | 배송 44/50 | 재적재  7 | 중계율 0.23 | alpha 2.583 | step_limit
Ep 344 | 드론5 목적지28 |  390스텝 | 배송 28/28 | 재적재  4 | 중계율 0.14 | alpha 2.579 | complete
Ep 345 | 드론5 목적지61 |  767스텝 | 배송 61/61 | 재적재 10 | 중계율 0.20 | alpha 2.582 | complete
Ep 346 | 드론3 목적지29 | 1000스텝 | 배송 27/29 | 재적재  4 | 중계율 0.31 | alpha 2.609 | step_limit
Ep 347 | 드론3 목적지42 | 1000스텝 | 배송 40/42 | 재적재  7 | 중계율 0.25 | alpha 2.609 | step_limit
Ep 348 | 드론5 목적지53 |  564스텝 | 배송 53/53 | 재적재  8 | 중계율 0.14 | alpha 2.590 | complete
Ep 349 | 드론4 목적지62 | 1000스텝 | 배송 55/62 | 재적재 11 | 중계율 0.23 | alpha 2.598 | step_limit
Ep 350 | 드론4 목적지79 | 1000스텝 | 배송 76/79 | 재적재 14 | 중계율 0.21 | alpha 2.646 | step_limit
  [홀드아웃] 배송 50.0±0.3 완주 0.97 스텝 1067 점수 103.9 재적재 8.3 2홉+ 0.64 | 최고 106.0@ep250 정체 2/15
Ep 351 | 드론5 목적지65 |  925스텝 | 배송 65/65 | 재적재 12 | 중계율 0.18 | alpha 2.587 | complete
Ep 352 | 드론5 목적지36 |  360스텝 | 배송 36/36 | 재적재  4 | 중계율 0.09 | alpha 2.584 | complete
Ep 353 | 드론4 목적지62 |  899스텝 | 배송 62/62 | 재적재 10 | 중계율 0.14 | alpha 2.582 | complete
Ep 354 | 드론5 목적지35 |  313스텝 | 배송 35/35 | 재적재  4 | 중계율 0.06 | alpha 2.571 | complete
Ep 355 | 드론4 목적지24 |  487스텝 | 배송 24/24 | 재적재  3 | 중계율 0.11 | alpha 2.559 | complete
Ep 356 | 드론5 목적지62 |  970스텝 | 배송 62/62 | 재적재 11 | 중계율 0.27 | alpha 2.536 | complete
Ep 357 | 드론3 목적지21 |  517스텝 | 배송 21/21 | 재적재  4 | 중계율 0.26 | alpha 2.540 | complete
Ep 358 | 드론5 목적지26 |  533스텝 | 배송 26/26 | 재적재  3 | 중계율 0.15 | alpha 2.536 | complete
Ep 359 | 드론3 목적지52 | 1000스텝 | 배송 49/52 | 재적재  8 | 중계율 0.25 | alpha 2.546 | step_limit
Ep 360 | 드론6 목적지52 |  469스텝 | 배송 52/52 | 재적재  8 | 중계율 0.16 | alpha 2.548 | complete
Ep 361 | 드론4 목적지40 |  940스텝 | 배송 40/40 | 재적재  6 | 중계율 0.20 | alpha 2.543 | complete
Ep 362 | 드론6 목적지52 |  698스텝 | 배송 52/52 | 재적재  8 | 중계율 0.22 | alpha 2.510 | complete
Ep 363 | 드론6 목적지64 |  674스텝 | 배송 64/64 | 재적재 10 | 중계율 0.17 | alpha 2.510 | complete
Ep 364 | 드론3 목적지64 | 1000스텝 | 배송 53/64 | 재적재  9 | 중계율 0.25 | alpha 2.501 | step_limit
Ep 365 | 드론5 목적지69 |  902스텝 | 배송 69/69 | 재적재 11 | 중계율 0.21 | alpha 2.503 | complete
Ep 366 | 드론6 목적지61 |  658스텝 | 배송 61/61 | 재적재  9 | 중계율 0.11 | alpha 2.482 | complete
Ep 367 | 드론4 목적지53 |  789스텝 | 배송 53/53 | 재적재  9 | 중계율 0.14 | alpha 2.463 | complete
Ep 368 | 드론6 목적지73 |  564스텝 | 배송 73/73 | 재적재 13 | 중계율 0.10 | alpha 2.467 | complete
Ep 369 | 드론5 목적지30 |  288스텝 | 배송 30/30 | 재적재  3 | 중계율 0.07 | alpha 2.463 | complete
Ep 370 | 드론3 목적지71 | 1000스텝 | 배송 70/71 | 재적재 12 | 중계율 0.18 | alpha 2.469 | step_limit
Ep 371 | 드론4 목적지54 |  822스텝 | 배송 54/54 | 재적재  9 | 중계율 0.19 | alpha 2.476 | complete
Ep 372 | 드론6 목적지80 |  575스텝 | 배송 80/80 | 재적재 14 | 중계율 0.11 | alpha 2.479 | complete
Ep 373 | 드론3 목적지41 |  816스텝 | 배송 41/41 | 재적재  7 | 중계율 0.15 | alpha 2.472 | complete
Ep 374 | 드론3 목적지67 | 1000스텝 | 배송 61/67 | 재적재 10 | 중계율 0.19 | alpha 2.446 | step_limit
Ep 375 | 드론4 목적지62 | 1000스텝 | 배송 50/62 | 재적재 10 | 중계율 0.22 | alpha 2.447 | step_limit
Ep 376 | 드론5 목적지72 |  833스텝 | 배송 72/72 | 재적재 12 | 중계율 0.16 | alpha 2.447 | complete
Ep 377 | 드론6 목적지63 |  635스텝 | 배송 63/63 | 재적재 10 | 중계율 0.18 | alpha 2.433 | complete
Ep 378 | 드론5 목적지74 |  837스텝 | 배송 74/74 | 재적재 13 | 중계율 0.14 | alpha 2.439 | complete
Ep 379 | 드론4 목적지77 |  983스텝 | 배송 77/77 | 재적재 13 | 중계율 0.18 | alpha 2.438 | complete
Ep 380 | 드론4 목적지73 | 1000스텝 | 배송 68/73 | 재적재 13 | 중계율 0.13 | alpha 2.442 | step_limit
Ep 381 | 드론5 목적지20 |  330스텝 | 배송 20/20 | 재적재  1 | 중계율 0.11 | alpha 2.446 | complete
Ep 382 | 드론3 목적지75 | 1000스텝 | 배송 62/75 | 재적재 11 | 중계율 0.23 | alpha 2.448 | step_limit
Ep 383 | 드론4 목적지52 |  956스텝 | 배송 52/52 | 재적재  9 | 중계율 0.20 | alpha 2.414 | complete
Ep 384 | 드론3 목적지77 | 1000스텝 | 배송 59/77 | 재적재 10 | 중계율 0.14 | alpha 2.412 | step_limit
Ep 385 | 드론3 목적지62 | 1000스텝 | 배송 50/62 | 재적재  8 | 중계율 0.25 | alpha 2.421 | step_limit
Ep 386 | 드론4 목적지80 | 1000스텝 | 배송 58/80 | 재적재 10 | 중계율 0.25 | alpha 2.392 | step_limit
Ep 387 | 드론4 목적지31 |  431스텝 | 배송 31/31 | 재적재  4 | 중계율 0.08 | alpha 2.407 | complete
Ep 388 | 드론4 목적지33 |  547스텝 | 배송 33/33 | 재적재  4 | 중계율 0.16 | alpha 2.386 | complete
Ep 389 | 드론5 목적지72 |  819스텝 | 배송 72/72 | 재적재 12 | 중계율 0.19 | alpha 2.390 | complete
Ep 390 | 드론5 목적지71 |  733스텝 | 배송 71/71 | 재적재 12 | 중계율 0.12 | alpha 2.428 | complete
Ep 391 | 드론5 목적지50 |  548스텝 | 배송 50/50 | 재적재  8 | 중계율 0.08 | alpha 2.444 | complete
Ep 392 | 드론6 목적지71 |  481스텝 | 배송 71/71 | 재적재 12 | 중계율 0.10 | alpha 2.447 | complete
Ep 393 | 드론6 목적지21 |  211스텝 | 배송 21/21 | 재적재  0 | 중계율 0.14 | alpha 2.450 | complete
Ep 394 | 드론6 목적지60 |  582스텝 | 배송 60/60 | 재적재  8 | 중계율 0.16 | alpha 2.482 | complete
Ep 395 | 드론5 목적지55 |  540스텝 | 배송 55/55 | 재적재 10 | 중계율 0.07 | alpha 2.464 | complete
Ep 396 | 드론5 목적지71 |  592스텝 | 배송 71/71 | 재적재 12 | 중계율 0.11 | alpha 2.450 | complete
Ep 397 | 드론4 목적지36 |  904스텝 | 배송 36/36 | 재적재  6 | 중계율 0.19 | alpha 2.455 | complete
Ep 398 | 드론4 목적지52 |  702스텝 | 배송 52/52 | 재적재 10 | 중계율 0.12 | alpha 2.454 | complete
Ep 399 | 드론3 목적지46 |  995스텝 | 배송 46/46 | 재적재  8 | 중계율 0.22 | alpha 2.425 | complete
Ep 400 | 드론4 목적지34 |  522스텝 | 배송 34/34 | 재적재  5 | 중계율 0.21 | alpha 2.423 | complete
  [홀드아웃] 배송 50.0±0.0 완주 1.00 스텝 1067 점수 106.4 재적재 8.2 2홉+ 0.64 | 최고 106.4@ep400 정체 0/15  ← 갱신
Ep 401 | 드론3 목적지38 |  873스텝 | 배송 38/38 | 재적재  7 | 중계율 0.22 | alpha 2.392 | complete
Ep 402 | 드론5 목적지36 |  835스텝 | 배송 36/36 | 재적재  6 | 중계율 0.19 | alpha 2.404 | complete
Ep 403 | 드론4 목적지73 | 1000스텝 | 배송 70/73 | 재적재 12 | 중계율 0.17 | alpha 2.375 | step_limit
Ep 404 | 드론5 목적지70 | 1000스텝 | 배송 69/70 | 재적재 12 | 중계율 0.21 | alpha 2.352 | step_limit
Ep 405 | 드론3 목적지25 |  495스텝 | 배송 25/25 | 재적재  4 | 중계율 0.16 | alpha 2.362 | complete
Ep 406 | 드론6 목적지58 |  769스텝 | 배송 58/58 | 재적재 10 | 중계율 0.17 | alpha 2.348 | complete
Ep 407 | 드론5 목적지70 |  729스텝 | 배송 70/70 | 재적재 12 | 중계율 0.15 | alpha 2.353 | complete
Ep 408 | 드론4 목적지40 |  586스텝 | 배송 40/40 | 재적재  6 | 중계율 0.13 | alpha 2.377 | complete
Ep 409 | 드론3 목적지30 |  838스텝 | 배송 30/30 | 재적재  5 | 중계율 0.24 | alpha 2.401 | complete
Ep 410 | 드론3 목적지63 | 1000스텝 | 배송 53/63 | 재적재 10 | 중계율 0.19 | alpha 2.388 | step_limit
Ep 411 | 드론3 목적지48 | 1000스텝 | 배송 44/48 | 재적재  6 | 중계율 0.24 | alpha 2.344 | step_limit
Ep 412 | 드론5 목적지34 |  565스텝 | 배송 34/34 | 재적재  4 | 중계율 0.17 | alpha 2.342 | complete
Ep 413 | 드론4 목적지22 |  680스텝 | 배송 22/22 | 재적재  3 | 중계율 0.21 | alpha 2.349 | complete
Ep 414 | 드론3 목적지51 | 1000스텝 | 배송 50/51 | 재적재  8 | 중계율 0.24 | alpha 2.316 | step_limit
Ep 415 | 드론6 목적지45 |  690스텝 | 배송 45/45 | 재적재  8 | 중계율 0.17 | alpha 2.298 | complete
Ep 416 | 드론4 목적지60 | 1000스텝 | 배송 59/60 | 재적재 11 | 중계율 0.20 | alpha 2.308 | step_limit
Ep 417 | 드론3 목적지43 |  911스텝 | 배송 43/43 | 재적재  7 | 중계율 0.23 | alpha 2.339 | complete
Ep 418 | 드론5 목적지75 |  838스텝 | 배송 75/75 | 재적재 12 | 중계율 0.19 | alpha 2.368 | complete
Ep 419 | 드론6 목적지60 |  633스텝 | 배송 60/60 | 재적재 10 | 중계율 0.18 | alpha 2.382 | complete
Ep 420 | 드론3 목적지22 |  703스텝 | 배송 22/22 | 재적재  3 | 중계율 0.22 | alpha 2.363 | complete
Ep 421 | 드론5 목적지40 |  854스텝 | 배송 40/40 | 재적재  7 | 중계율 0.26 | alpha 2.354 | complete
Ep 422 | 드론6 목적지52 |  566스텝 | 배송 52/52 | 재적재  8 | 중계율 0.14 | alpha 2.359 | complete
Ep 423 | 드론4 목적지29 |  501스텝 | 배송 29/29 | 재적재  5 | 중계율 0.13 | alpha 2.346 | complete
Ep 424 | 드론4 목적지29 |  400스텝 | 배송 29/29 | 재적재  4 | 중계율 0.12 | alpha 2.355 | complete
Ep 425 | 드론3 목적지80 | 1000스텝 | 배송 65/80 | 재적재 10 | 중계율 0.21 | alpha 2.351 | step_limit
Ep 426 | 드론5 목적지78 |  756스텝 | 배송 78/78 | 재적재 14 | 중계율 0.11 | alpha 2.361 | complete
Ep 427 | 드론4 목적지46 |  708스텝 | 배송 46/46 | 재적재  7 | 중계율 0.22 | alpha 2.371 | complete
Ep 428 | 드론5 목적지72 |  790스텝 | 배송 72/72 | 재적재 13 | 중계율 0.12 | alpha 2.354 | complete
Ep 429 | 드론4 목적지72 | 1000스텝 | 배송 65/72 | 재적재 11 | 중계율 0.21 | alpha 2.329 | step_limit
Ep 430 | 드론3 목적지78 | 1000스텝 | 배송 61/78 | 재적재 11 | 중계율 0.17 | alpha 2.349 | step_limit
Ep 431 | 드론4 목적지23 |  456스텝 | 배송 23/23 | 재적재  3 | 중계율 0.16 | alpha 2.354 | complete
Ep 432 | 드론6 목적지41 |  352스텝 | 배송 41/41 | 재적재  6 | 중계율 0.06 | alpha 2.361 | complete
Ep 433 | 드론3 목적지66 | 1000스텝 | 배송 56/66 | 재적재 10 | 중계율 0.20 | alpha 2.327 | step_limit
Ep 434 | 드론5 목적지62 |  685스텝 | 배송 62/62 | 재적재 10 | 중계율 0.16 | alpha 2.292 | complete
Ep 435 | 드론3 목적지32 |  993스텝 | 배송 32/32 | 재적재  5 | 중계율 0.27 | alpha 2.292 | complete
Ep 436 | 드론6 목적지65 |  566스텝 | 배송 65/65 | 재적재 10 | 중계율 0.11 | alpha 2.314 | complete
Ep 437 | 드론5 목적지61 |  516스텝 | 배송 61/61 | 재적재 10 | 중계율 0.08 | alpha 2.330 | complete
Ep 438 | 드론3 목적지37 |  968스텝 | 배송 37/37 | 재적재  6 | 중계율 0.24 | alpha 2.324 | complete
Ep 439 | 드론5 목적지49 |  786스텝 | 배송 49/49 | 재적재  8 | 중계율 0.20 | alpha 2.316 | complete
Ep 440 | 드론4 목적지42 |  679스텝 | 배송 42/42 | 재적재  6 | 중계율 0.17 | alpha 2.304 | complete
Ep 441 | 드론3 목적지54 | 1000스텝 | 배송 45/54 | 재적재  8 | 중계율 0.21 | alpha 2.273 | step_limit
Ep 442 | 드론6 목적지41 |  420스텝 | 배송 41/41 | 재적재  7 | 중계율 0.14 | alpha 2.235 | complete
Ep 443 | 드론4 목적지61 | 1000스텝 | 배송 58/61 | 재적재 10 | 중계율 0.24 | alpha 2.263 | step_limit
Ep 444 | 드론4 목적지55 |  741스텝 | 배송 55/55 | 재적재 10 | 중계율 0.17 | alpha 2.287 | complete
Ep 445 | 드론3 목적지49 | 1000스텝 | 배송 47/49 | 재적재  8 | 중계율 0.23 | alpha 2.287 | step_limit
Ep 446 | 드론6 목적지72 |  586스텝 | 배송 72/72 | 재적재 12 | 중계율 0.14 | alpha 2.276 | complete
Ep 447 | 드론6 목적지40 |  460스텝 | 배송 40/40 | 재적재  6 | 중계율 0.15 | alpha 2.273 | complete
Ep 448 | 드론4 목적지71 | 1000스텝 | 배송 61/71 | 재적재 10 | 중계율 0.23 | alpha 2.286 | step_limit
Ep 449 | 드론5 목적지26 |  353스텝 | 배송 26/26 | 재적재  4 | 중계율 0.15 | alpha 2.282 | complete
Ep 450 | 드론3 목적지56 | 1000스텝 | 배송 50/56 | 재적재 10 | 중계율 0.25 | alpha 2.265 | step_limit
  [홀드아웃] 배송 50.0±0.3 완주 0.97 스텝 1063 점수 104.0 재적재 8.3 2홉+ 0.64 | 최고 106.4@ep400 정체 1/15
Ep 451 | 드론6 목적지51 |  769스텝 | 배송 51/51 | 재적재  9 | 중계율 0.20 | alpha 2.279 | complete
Ep 452 | 드론3 목적지34 |  702스텝 | 배송 34/34 | 재적재  5 | 중계율 0.14 | alpha 2.272 | complete
Ep 453 | 드론5 목적지47 |  485스텝 | 배송 47/47 | 재적재  8 | 중계율 0.16 | alpha 2.267 | complete
Ep 454 | 드론6 목적지70 |  713스텝 | 배송 70/70 | 재적재 12 | 중계율 0.16 | alpha 2.247 | complete
Ep 455 | 드론5 목적지44 |  601스텝 | 배송 44/44 | 재적재  7 | 중계율 0.20 | alpha 2.274 | complete
Ep 456 | 드론6 목적지49 |  445스텝 | 배송 49/49 | 재적재  7 | 중계율 0.10 | alpha 2.277 | complete
Ep 457 | 드론6 목적지56 |  465스텝 | 배송 56/56 | 재적재  9 | 중계율 0.13 | alpha 2.247 | complete
Ep 458 | 드론6 목적지42 |  928스텝 | 배송 42/42 | 재적재  6 | 중계율 0.22 | alpha 2.235 | complete
Ep 459 | 드론3 목적지45 |  845스텝 | 배송 45/45 | 재적재  7 | 중계율 0.14 | alpha 2.218 | complete
Ep 460 | 드론5 목적지73 |  642스텝 | 배송 73/73 | 재적재 13 | 중계율 0.13 | alpha 2.199 | complete
Ep 461 | 드론3 목적지30 |  790스텝 | 배송 30/30 | 재적재  5 | 중계율 0.21 | alpha 2.231 | complete
Ep 462 | 드론4 목적지64 |  880스텝 | 배송 64/64 | 재적재 12 | 중계율 0.18 | alpha 2.267 | complete
Ep 463 | 드론4 목적지63 | 1000스텝 | 배송 62/63 | 재적재 11 | 중계율 0.21 | alpha 2.229 | step_limit
Ep 464 | 드론3 목적지68 | 1000스텝 | 배송 55/68 | 재적재 10 | 중계율 0.15 | alpha 2.242 | step_limit
Ep 465 | 드론6 목적지63 |  657스텝 | 배송 63/63 | 재적재 10 | 중계율 0.16 | alpha 2.258 | complete
Ep 466 | 드론5 목적지65 |  724스텝 | 배송 65/65 | 재적재 12 | 중계율 0.19 | alpha 2.261 | complete
Ep 467 | 드론5 목적지57 |  643스텝 | 배송 57/57 | 재적재  8 | 중계율 0.15 | alpha 2.246 | complete
Ep 468 | 드론3 목적지35 |  679스텝 | 배송 35/35 | 재적재  5 | 중계율 0.15 | alpha 2.244 | complete
Ep 469 | 드론4 목적지46 | 1000스텝 | 배송 37/46 | 재적재  6 | 중계율 0.28 | alpha 2.207 | step_limit
Ep 470 | 드론6 목적지53 |  567스텝 | 배송 53/53 | 재적재  9 | 중계율 0.12 | alpha 2.203 | complete
Ep 471 | 드론6 목적지45 |  417스텝 | 배송 45/45 | 재적재  5 | 중계율 0.14 | alpha 2.181 | complete
Ep 472 | 드론4 목적지53 | 1000스텝 | 배송 51/53 | 재적재  9 | 중계율 0.23 | alpha 2.186 | step_limit
Ep 473 | 드론5 목적지71 |  718스텝 | 배송 71/71 | 재적재 11 | 중계율 0.15 | alpha 2.180 | complete
Ep 474 | 드론5 목적지25 |  410스텝 | 배송 25/25 | 재적재  4 | 중계율 0.16 | alpha 2.182 | complete
Ep 475 | 드론5 목적지40 |  737스텝 | 배송 40/40 | 재적재  6 | 중계율 0.16 | alpha 2.204 | complete
Ep 476 | 드론3 목적지33 |  750스텝 | 배송 33/33 | 재적재  5 | 중계율 0.21 | alpha 2.188 | complete
Ep 477 | 드론3 목적지21 |  575스텝 | 배송 21/21 | 재적재  3 | 중계율 0.16 | alpha 2.152 | complete
Ep 478 | 드론5 목적지22 |  411스텝 | 배송 22/22 | 재적재  2 | 중계율 0.11 | alpha 2.130 | complete
Ep 479 | 드론6 목적지41 |  467스텝 | 배송 41/41 | 재적재  5 | 중계율 0.24 | alpha 2.121 | complete
Ep 480 | 드론4 목적지57 |  779스텝 | 배송 57/57 | 재적재 10 | 중계율 0.14 | alpha 2.146 | complete
Ep 481 | 드론3 목적지66 | 1000스텝 | 배송 57/66 | 재적재 10 | 중계율 0.21 | alpha 2.183 | step_limit
Ep 482 | 드론5 목적지76 |  809스텝 | 배송 76/76 | 재적재 13 | 중계율 0.11 | alpha 2.184 | complete
Ep 483 | 드론4 목적지28 |  413스텝 | 배송 28/28 | 재적재  4 | 중계율 0.11 | alpha 2.186 | complete
Ep 484 | 드론6 목적지35 |  342스텝 | 배송 35/35 | 재적재  4 | 중계율 0.10 | alpha 2.186 | complete
Ep 485 | 드론6 목적지44 |  368스텝 | 배송 44/44 | 재적재  6 | 중계율 0.12 | alpha 2.185 | complete
Ep 486 | 드론6 목적지75 |  699스텝 | 배송 75/75 | 재적재 13 | 중계율 0.09 | alpha 2.183 | complete
Ep 487 | 드론4 목적지75 |  771스텝 | 배송 75/75 | 재적재 13 | 중계율 0.13 | alpha 2.155 | complete
Ep 488 | 드론5 목적지60 |  813스텝 | 배송 60/60 | 재적재  8 | 중계율 0.17 | alpha 2.175 | complete
Ep 489 | 드론4 목적지80 | 1000스텝 | 배송 78/80 | 재적재 13 | 중계율 0.15 | alpha 2.174 | step_limit
Ep 490 | 드론3 목적지30 |  717스텝 | 배송 30/30 | 재적재  5 | 중계율 0.17 | alpha 2.171 | complete
Ep 491 | 드론4 목적지59 | 1000스텝 | 배송 56/59 | 재적재  9 | 중계율 0.20 | alpha 2.156 | step_limit
Ep 492 | 드론3 목적지74 | 1000스텝 | 배송 60/74 | 재적재 10 | 중계율 0.23 | alpha 2.163 | step_limit
Ep 493 | 드론3 목적지47 | 1000스텝 | 배송 33/47 | 재적재  5 | 중계율 0.22 | alpha 2.181 | step_limit
Ep 494 | 드론4 목적지52 |  871스텝 | 배송 52/52 | 재적재  9 | 중계율 0.19 | alpha 2.190 | complete
Ep 495 | 드론4 목적지54 |  791스텝 | 배송 54/54 | 재적재  8 | 중계율 0.18 | alpha 2.158 | complete
Ep 496 | 드론6 목적지56 |  473스텝 | 배송 56/56 | 재적재  9 | 중계율 0.12 | alpha 2.142 | complete
Ep 497 | 드론6 목적지73 |  647스텝 | 배송 73/73 | 재적재 11 | 중계율 0.17 | alpha 2.126 | complete
Ep 498 | 드론4 목적지22 |  353스텝 | 배송 22/22 | 재적재  4 | 중계율 0.13 | alpha 2.138 | complete
Ep 499 | 드론6 목적지55 |  511스텝 | 배송 55/55 | 재적재  9 | 중계율 0.13 | alpha 2.128 | complete
Ep 500 | 드론3 목적지55 | 1000스텝 | 배송 48/55 | 재적재  8 | 중계율 0.19 | alpha 2.142 | step_limit
  [홀드아웃] 배송 50.0±0.0 완주 1.00 스텝 1044 점수 106.5 재적재 8.3 2홉+ 0.63 | 최고 106.5@ep500 정체 0/15  ← 갱신
Ep 501 | 드론6 목적지25 |  261스텝 | 배송 25/25 | 재적재  2 | 중계율 0.09 | alpha 2.146 | complete
Ep 502 | 드론3 목적지53 | 1000스텝 | 배송 50/53 | 재적재  8 | 중계율 0.23 | alpha 2.185 | step_limit
Ep 503 | 드론5 목적지73 |  719스텝 | 배송 73/73 | 재적재 13 | 중계율 0.16 | alpha 2.204 | complete
Ep 504 | 드론3 목적지60 | 1000스텝 | 배송 56/60 | 재적재  9 | 중계율 0.17 | alpha 2.180 | step_limit
Ep 505 | 드론4 목적지72 |  961스텝 | 배송 72/72 | 재적재 12 | 중계율 0.20 | alpha 2.222 | complete
Ep 506 | 드론4 목적지76 |  954스텝 | 배송 76/76 | 재적재 14 | 중계율 0.20 | alpha 2.207 | complete
Ep 507 | 드론6 목적지79 |  772스텝 | 배송 79/79 | 재적재 13 | 중계율 0.13 | alpha 2.251 | complete
Ep 508 | 드론6 목적지38 |  388스텝 | 배송 38/38 | 재적재  5 | 중계율 0.15 | alpha 2.241 | complete
Ep 509 | 드론4 목적지52 |  759스텝 | 배송 52/52 | 재적재  9 | 중계율 0.16 | alpha 2.267 | complete
Ep 510 | 드론4 목적지42 |  611스텝 | 배송 42/42 | 재적재  7 | 중계율 0.15 | alpha 2.296 | complete
Ep 511 | 드론4 목적지21 |  376스텝 | 배송 21/21 | 재적재  3 | 중계율 0.14 | alpha 2.276 | complete
Ep 512 | 드론4 목적지23 |  640스텝 | 배송 23/23 | 재적재  4 | 중계율 0.20 | alpha 2.276 | complete
Ep 513 | 드론3 목적지66 | 1000스텝 | 배송 56/66 | 재적재 10 | 중계율 0.14 | alpha 2.285 | step_limit
Ep 514 | 드론4 목적지38 |  662스텝 | 배송 38/38 | 재적재  6 | 중계율 0.21 | alpha 2.278 | complete
Ep 515 | 드론5 목적지23 |  349스텝 | 배송 23/23 | 재적재  2 | 중계율 0.16 | alpha 2.285 | complete
Ep 516 | 드론5 목적지34 |  432스텝 | 배송 34/34 | 재적재  4 | 중계율 0.16 | alpha 2.298 | complete
Ep 517 | 드론4 목적지73 | 1000스텝 | 배송 59/73 | 재적재 11 | 중계율 0.25 | alpha 2.268 | step_limit
Ep 518 | 드론5 목적지43 |  654스텝 | 배송 43/43 | 재적재  7 | 중계율 0.17 | alpha 2.272 | complete
Ep 519 | 드론4 목적지65 | 1000스텝 | 배송 60/65 | 재적재 10 | 중계율 0.25 | alpha 2.269 | step_limit
Ep 520 | 드론5 목적지55 |  971스텝 | 배송 55/55 | 재적재 10 | 중계율 0.20 | alpha 2.259 | complete
Ep 521 | 드론4 목적지62 | 1000스텝 | 배송 59/62 | 재적재 10 | 중계율 0.20 | alpha 2.311 | step_limit
Ep 522 | 드론6 목적지37 |  374스텝 | 배송 37/37 | 재적재  6 | 중계율 0.11 | alpha 2.309 | complete
Ep 523 | 드론6 목적지66 |  541스텝 | 배송 66/66 | 재적재 10 | 중계율 0.13 | alpha 2.285 | complete
Ep 524 | 드론4 목적지57 |  749스텝 | 배송 57/57 | 재적재  9 | 중계율 0.13 | alpha 2.250 | complete
Ep 525 | 드론4 목적지39 |  557스텝 | 배송 39/39 | 재적재  6 | 중계율 0.11 | alpha 2.258 | complete
Ep 526 | 드론5 목적지73 |  866스텝 | 배송 73/73 | 재적재 13 | 중계율 0.17 | alpha 2.254 | complete
Ep 527 | 드론6 목적지58 |  458스텝 | 배송 58/58 | 재적재 10 | 중계율 0.13 | alpha 2.264 | complete
Ep 528 | 드론5 목적지46 |  449스텝 | 배송 46/46 | 재적재  7 | 중계율 0.11 | alpha 2.276 | complete
Ep 529 | 드론6 목적지20 |  161스텝 | 배송 20/20 | 재적재  0 | 중계율 0.07 | alpha 2.275 | complete
Ep 530 | 드론6 목적지72 |  752스텝 | 배송 72/72 | 재적재 12 | 중계율 0.16 | alpha 2.250 | complete
Ep 531 | 드론3 목적지21 |  443스텝 | 배송 21/21 | 재적재  3 | 중계율 0.18 | alpha 2.240 | complete
Ep 532 | 드론5 목적지32 |  435스텝 | 배송 32/32 | 재적재  4 | 중계율 0.17 | alpha 2.235 | complete
Ep 533 | 드론4 목적지79 | 1000스텝 | 배송 77/79 | 재적재 14 | 중계율 0.20 | alpha 2.226 | step_limit
Ep 534 | 드론6 목적지56 |  704스텝 | 배송 56/56 | 재적재 10 | 중계율 0.20 | alpha 2.231 | complete
Ep 535 | 드론3 목적지68 | 1000스텝 | 배송 53/68 | 재적재  9 | 중계율 0.19 | alpha 2.218 | step_limit
Ep 536 | 드론5 목적지57 |  902스텝 | 배송 57/57 | 재적재 11 | 중계율 0.21 | alpha 2.225 | complete
Ep 537 | 드론4 목적지49 | 1000스텝 | 배송 42/49 | 재적재  6 | 중계율 0.22 | alpha 2.229 | step_limit
Ep 538 | 드론4 목적지38 |  978스텝 | 배송 38/38 | 재적재  6 | 중계율 0.25 | alpha 2.216 | complete
Ep 539 | 드론5 목적지79 |  765스텝 | 배송 79/79 | 재적재 14 | 중계율 0.14 | alpha 2.173 | complete
Ep 540 | 드론6 목적지70 |  530스텝 | 배송 70/70 | 재적재 11 | 중계율 0.11 | alpha 2.182 | complete
Ep 541 | 드론5 목적지77 |  932스텝 | 배송 77/77 | 재적재 13 | 중계율 0.14 | alpha 2.190 | complete
Ep 542 | 드론5 목적지53 |  653스텝 | 배송 53/53 | 재적재  8 | 중계율 0.17 | alpha 2.191 | complete
Ep 543 | 드론3 목적지49 | 1000스텝 | 배송 46/49 | 재적재  9 | 중계율 0.22 | alpha 2.219 | step_limit
Ep 544 | 드론6 목적지68 |  584스텝 | 배송 68/68 | 재적재 11 | 중계율 0.15 | alpha 2.220 | complete
Ep 545 | 드론6 목적지56 |  626스텝 | 배송 56/56 | 재적재  9 | 중계율 0.17 | alpha 2.202 | complete
Ep 546 | 드론6 목적지75 |  671스텝 | 배송 75/75 | 재적재 13 | 중계율 0.12 | alpha 2.179 | complete
Ep 547 | 드론4 목적지71 | 1000스텝 | 배송 61/71 | 재적재 11 | 중계율 0.21 | alpha 2.181 | step_limit
Ep 548 | 드론4 목적지80 |  961스텝 | 배송 80/80 | 재적재 14 | 중계율 0.15 | alpha 2.166 | complete
Ep 549 | 드론5 목적지38 |  531스텝 | 배송 38/38 | 재적재  6 | 중계율 0.17 | alpha 2.175 | complete
Ep 550 | 드론5 목적지49 |  525스텝 | 배송 49/49 | 재적재  7 | 중계율 0.10 | alpha 2.168 | complete
  [홀드아웃] 배송 50.0±0.0 완주 1.00 스텝 1040 점수 106.5 재적재 8.4 2홉+ 0.63 | 최고 106.5@ep550 정체 0/15  ← 갱신
Ep 551 | 드론3 목적지56 | 1000스텝 | 배송 49/56 | 재적재  9 | 중계율 0.13 | alpha 2.200 | step_limit
Ep 552 | 드론6 목적지27 |  641스텝 | 배송 27/27 | 재적재  1 | 중계율 0.23 | alpha 2.209 | complete
Ep 553 | 드론3 목적지46 |  734스텝 | 배송 46/46 | 재적재  8 | 중계율 0.16 | alpha 2.217 | complete
Ep 554 | 드론5 목적지72 |  567스텝 | 배송 72/72 | 재적재 12 | 중계율 0.06 | alpha 2.235 | complete
Ep 555 | 드론3 목적지68 | 1000스텝 | 배송 49/68 | 재적재  8 | 중계율 0.26 | alpha 2.237 | step_limit
Ep 556 | 드론4 목적지30 |  578스텝 | 배송 30/30 | 재적재  4 | 중계율 0.19 | alpha 2.242 | complete
Ep 557 | 드론4 목적지46 |  529스텝 | 배송 46/46 | 재적재  8 | 중계율 0.13 | alpha 2.233 | complete
Ep 558 | 드론5 목적지66 | 1000스텝 | 배송 60/66 | 재적재 10 | 중계율 0.25 | alpha 2.235 | step_limit
Ep 559 | 드론6 목적지78 |  700스텝 | 배송 78/78 | 재적재 14 | 중계율 0.15 | alpha 2.193 | complete
Ep 560 | 드론3 목적지22 |  479스텝 | 배송 22/22 | 재적재  3 | 중계율 0.11 | alpha 2.212 | complete
Ep 561 | 드론4 목적지29 |  321스텝 | 배송 29/29 | 재적재  4 | 중계율 0.07 | alpha 2.237 | complete
Ep 562 | 드론5 목적지71 |  669스텝 | 배송 71/71 | 재적재 11 | 중계율 0.11 | alpha 2.262 | complete
Ep 563 | 드론6 목적지61 |  645스텝 | 배송 61/61 | 재적재  9 | 중계율 0.15 | alpha 2.267 | complete
Ep 564 | 드론6 목적지44 |  303스텝 | 배송 44/44 | 재적재  6 | 중계율 0.08 | alpha 2.257 | complete
Ep 565 | 드론6 목적지21 |  182스텝 | 배송 21/21 | 재적재  0 | 중계율 0.16 | alpha 2.237 | complete
Ep 566 | 드론5 목적지23 |  504스텝 | 배송 23/23 | 재적재  1 | 중계율 0.11 | alpha 2.241 | complete
Ep 567 | 드론6 목적지57 |  479스텝 | 배송 57/57 | 재적재  9 | 중계율 0.08 | alpha 2.258 | complete
Ep 568 | 드론6 목적지23 |  238스텝 | 배송 23/23 | 재적재  0 | 중계율 0.18 | alpha 2.264 | complete
Ep 569 | 드론5 목적지79 | 1000스텝 | 배송 72/79 | 재적재 11 | 중계율 0.20 | alpha 2.257 | step_limit
Ep 570 | 드론5 목적지70 |  864스텝 | 배송 70/70 | 재적재 13 | 중계율 0.15 | alpha 2.259 | complete
Ep 571 | 드론6 목적지78 |  553스텝 | 배송 78/78 | 재적재 14 | 중계율 0.07 | alpha 2.277 | complete
Ep 572 | 드론5 목적지70 |  880스텝 | 배송 70/70 | 재적재 13 | 중계율 0.18 | alpha 2.277 | complete
Ep 573 | 드론3 목적지77 | 1000스텝 | 배송 62/77 | 재적재 11 | 중계율 0.19 | alpha 2.250 | step_limit
Ep 574 | 드론5 목적지34 |  331스텝 | 배송 34/34 | 재적재  5 | 중계율 0.09 | alpha 2.245 | complete
Ep 575 | 드론3 목적지21 |  501스텝 | 배송 21/21 | 재적재  3 | 중계율 0.12 | alpha 2.272 | complete
Ep 576 | 드론4 목적지39 |  453스텝 | 배송 39/39 | 재적재  6 | 중계율 0.11 | alpha 2.287 | complete
Ep 577 | 드론6 목적지53 |  712스텝 | 배송 53/53 | 재적재  8 | 중계율 0.13 | alpha 2.280 | complete
Ep 578 | 드론5 목적지29 |  322스텝 | 배송 29/29 | 재적재  3 | 중계율 0.11 | alpha 2.278 | complete
Ep 579 | 드론4 목적지67 |  998스텝 | 배송 67/67 | 재적재 11 | 중계율 0.22 | alpha 2.280 | complete
Ep 580 | 드론5 목적지39 |  754스텝 | 배송 39/39 | 재적재  7 | 중계율 0.20 | alpha 2.275 | complete
Ep 581 | 드론4 목적지25 |  539스텝 | 배송 25/25 | 재적재  3 | 중계율 0.20 | alpha 2.276 | complete
Ep 582 | 드론3 목적지27 |  795스텝 | 배송 27/27 | 재적재  3 | 중계율 0.22 | alpha 2.293 | complete
Ep 583 | 드론3 목적지67 | 1000스텝 | 배송 55/67 | 재적재 10 | 중계율 0.23 | alpha 2.322 | step_limit
Ep 584 | 드론5 목적지70 |  702스텝 | 배송 70/70 | 재적재 12 | 중계율 0.14 | alpha 2.316 | complete
Ep 585 | 드론3 목적지50 | 1000스텝 | 배송 45/50 | 재적재  7 | 중계율 0.18 | alpha 2.288 | step_limit
Ep 586 | 드론3 목적지55 | 1000스텝 | 배송 41/55 | 재적재  7 | 중계율 0.23 | alpha 2.275 | step_limit
Ep 587 | 드론6 목적지46 |  603스텝 | 배송 46/46 | 재적재  7 | 중계율 0.13 | alpha 2.275 | complete
Ep 588 | 드론3 목적지39 |  956스텝 | 배송 39/39 | 재적재  7 | 중계율 0.23 | alpha 2.301 | complete
Ep 589 | 드론6 목적지48 |  547스텝 | 배송 48/48 | 재적재  8 | 중계율 0.13 | alpha 2.301 | complete
Ep 590 | 드론4 목적지55 |  749스텝 | 배송 55/55 | 재적재  9 | 중계율 0.14 | alpha 2.280 | complete
Ep 591 | 드론3 목적지70 | 1000스텝 | 배송 56/70 | 재적재 10 | 중계율 0.20 | alpha 2.270 | step_limit
Ep 592 | 드론3 목적지45 | 1000스텝 | 배송 38/45 | 재적재  6 | 중계율 0.17 | alpha 2.269 | step_limit
Ep 593 | 드론4 목적지27 |  552스텝 | 배송 27/27 | 재적재  3 | 중계율 0.14 | alpha 2.271 | complete
Ep 594 | 드론4 목적지77 | 1000스텝 | 배송 50/77 | 재적재  8 | 중계율 0.21 | alpha 2.270 | step_limit
Ep 595 | 드론5 목적지64 |  742스텝 | 배송 64/64 | 재적재 10 | 중계율 0.15 | alpha 2.261 | complete
Ep 596 | 드론3 목적지66 | 1000스텝 | 배송 56/66 | 재적재 10 | 중계율 0.22 | alpha 2.223 | step_limit
Ep 597 | 드론5 목적지31 |  475스텝 | 배송 31/31 | 재적재  5 | 중계율 0.16 | alpha 2.236 | complete
Ep 598 | 드론5 목적지64 |  740스텝 | 배송 64/64 | 재적재 11 | 중계율 0.17 | alpha 2.249 | complete
Ep 599 | 드론3 목적지39 | 1000스텝 | 배송 32/39 | 재적재  5 | 중계율 0.26 | alpha 2.238 | step_limit
Ep 600 | 드론6 목적지80 |  665스텝 | 배송 80/80 | 재적재 14 | 중계율 0.13 | alpha 2.236 | complete
  [홀드아웃] 배송 49.5±3.1 완주 0.97 스텝 1025 점수 104.1 재적재 8.2 2홉+ 0.64 | 최고 106.5@ep550 정체 1/15
Ep 601 | 드론4 목적지28 |  559스텝 | 배송 28/28 | 재적재  4 | 중계율 0.18 | alpha 2.223 | complete
Ep 602 | 드론4 목적지78 | 1000스텝 | 배송 77/78 | 재적재 14 | 중계율 0.13 | alpha 2.237 | step_limit
Ep 603 | 드론4 목적지64 | 1000스텝 | 배송 56/64 | 재적재 11 | 중계율 0.21 | alpha 2.235 | step_limit
Ep 604 | 드론5 목적지68 |  749스텝 | 배송 68/68 | 재적재 12 | 중계율 0.14 | alpha 2.258 | complete
Ep 605 | 드론5 목적지55 |  734스텝 | 배송 55/55 | 재적재  8 | 중계율 0.19 | alpha 2.245 | complete
Ep 606 | 드론6 목적지69 |  637스텝 | 배송 69/69 | 재적재 12 | 중계율 0.10 | alpha 2.224 | complete
Ep 607 | 드론3 목적지31 | 1000스텝 | 배송 28/31 | 재적재  4 | 중계율 0.25 | alpha 2.194 | step_limit
Ep 608 | 드론4 목적지59 | 1000스텝 | 배송 52/59 | 재적재  9 | 중계율 0.21 | alpha 2.194 | step_limit
Ep 609 | 드론5 목적지56 |  730스텝 | 배송 56/56 | 재적재  9 | 중계율 0.17 | alpha 2.245 | complete
Ep 610 | 드론4 목적지59 | 1000스텝 | 배송 56/59 | 재적재  8 | 중계율 0.17 | alpha 2.218 | step_limit
Ep 611 | 드론3 목적지21 |  389스텝 | 배송 21/21 | 재적재  2 | 중계율 0.16 | alpha 2.208 | complete
Ep 612 | 드론4 목적지27 |  484스텝 | 배송 27/27 | 재적재  4 | 중계율 0.10 | alpha 2.193 | complete
Ep 613 | 드론4 목적지80 |  983스텝 | 배송 80/80 | 재적재 15 | 중계율 0.16 | alpha 2.205 | complete
Ep 614 | 드론4 목적지54 |  913스텝 | 배송 54/54 | 재적재 10 | 중계율 0.18 | alpha 2.210 | complete
Ep 615 | 드론3 목적지56 |  967스텝 | 배송 56/56 | 재적재  9 | 중계율 0.17 | alpha 2.235 | complete
Ep 616 | 드론6 목적지71 |  780스텝 | 배송 71/71 | 재적재 12 | 중계율 0.22 | alpha 2.253 | complete
Ep 617 | 드론4 목적지67 |  889스텝 | 배송 67/67 | 재적재 12 | 중계율 0.16 | alpha 2.276 | complete
Ep 618 | 드론4 목적지52 |  807스텝 | 배송 52/52 | 재적재  9 | 중계율 0.20 | alpha 2.253 | complete
Ep 619 | 드론5 목적지54 |  770스텝 | 배송 54/54 | 재적재  9 | 중계율 0.12 | alpha 2.219 | complete
Ep 620 | 드론5 목적지66 |  758스텝 | 배송 66/66 | 재적재 10 | 중계율 0.15 | alpha 2.243 | complete
Ep 621 | 드론3 목적지46 | 1000스텝 | 배송 45/46 | 재적재  8 | 중계율 0.16 | alpha 2.283 | step_limit
Ep 622 | 드론4 목적지28 |  881스텝 | 배송 28/28 | 재적재  4 | 중계율 0.24 | alpha 2.231 | complete
Ep 623 | 드론6 목적지44 |  435스텝 | 배송 44/44 | 재적재  7 | 중계율 0.10 | alpha 2.221 | complete
Ep 624 | 드론3 목적지42 |  646스텝 | 배송 42/42 | 재적재  6 | 중계율 0.12 | alpha 2.197 | complete
Ep 625 | 드론4 목적지37 |  817스텝 | 배송 37/37 | 재적재  5 | 중계율 0.17 | alpha 2.231 | complete
Ep 626 | 드론4 목적지68 | 1000스텝 | 배송 60/68 | 재적재 10 | 중계율 0.18 | alpha 2.249 | step_limit
Ep 627 | 드론6 목적지27 |  256스텝 | 배송 27/27 | 재적재  3 | 중계율 0.07 | alpha 2.240 | complete
Ep 628 | 드론6 목적지38 |  300스텝 | 배송 38/38 | 재적재  6 | 중계율 0.07 | alpha 2.255 | complete
Ep 629 | 드론5 목적지57 |  453스텝 | 배송 57/57 | 재적재  9 | 중계율 0.12 | alpha 2.251 | complete
Ep 630 | 드론3 목적지73 | 1000스텝 | 배송 61/73 | 재적재 12 | 중계율 0.19 | alpha 2.198 | step_limit
Ep 631 | 드론4 목적지58 | 1000스텝 | 배송 37/58 | 재적재  6 | 중계율 0.18 | alpha 2.188 | step_limit
Ep 632 | 드론6 목적지36 |  279스텝 | 배송 36/36 | 재적재  6 | 중계율 0.04 | alpha 2.182 | complete
Ep 633 | 드론3 목적지46 |  891스텝 | 배송 46/46 | 재적재  8 | 중계율 0.20 | alpha 2.245 | complete
Ep 634 | 드론4 목적지25 |  346스텝 | 배송 25/25 | 재적재  3 | 중계율 0.09 | alpha 2.247 | complete
Ep 635 | 드론4 목적지39 |  520스텝 | 배송 39/39 | 재적재  6 | 중계율 0.14 | alpha 2.224 | complete
Ep 636 | 드론6 목적지28 |  331스텝 | 배송 28/28 | 재적재  3 | 중계율 0.10 | alpha 2.233 | complete
Ep 637 | 드론6 목적지39 |  366스텝 | 배송 39/39 | 재적재  5 | 중계율 0.10 | alpha 2.238 | complete
Ep 638 | 드론4 목적지46 | 1000스텝 | 배송 45/46 | 재적재  8 | 중계율 0.21 | alpha 2.211 | step_limit
Ep 639 | 드론6 목적지21 |  272스텝 | 배송 21/21 | 재적재  1 | 중계율 0.19 | alpha 2.222 | complete
Ep 640 | 드론3 목적지55 | 1000스텝 | 배송 51/55 | 재적재  8 | 중계율 0.28 | alpha 2.179 | step_limit
Ep 641 | 드론4 목적지74 | 1000스텝 | 배송 58/74 | 재적재 10 | 중계율 0.23 | alpha 2.192 | step_limit
Ep 642 | 드론4 목적지24 |  437스텝 | 배송 24/24 | 재적재  3 | 중계율 0.18 | alpha 2.224 | complete
Ep 643 | 드론5 목적지57 |  900스텝 | 배송 57/57 | 재적재 10 | 중계율 0.19 | alpha 2.237 | complete
Ep 644 | 드론4 목적지45 |  972스텝 | 배송 45/45 | 재적재  8 | 중계율 0.21 | alpha 2.246 | complete
Ep 645 | 드론3 목적지48 | 1000스텝 | 배송 41/48 | 재적재  6 | 중계율 0.18 | alpha 2.237 | step_limit
Ep 646 | 드론4 목적지25 |  422스텝 | 배송 25/25 | 재적재  2 | 중계율 0.16 | alpha 2.249 | complete
Ep 647 | 드론4 목적지26 |  368스텝 | 배송 26/26 | 재적재  3 | 중계율 0.12 | alpha 2.269 | complete
Ep 648 | 드론4 목적지48 |  687스텝 | 배송 48/48 | 재적재  7 | 중계율 0.11 | alpha 2.262 | complete
Ep 649 | 드론6 목적지69 |  600스텝 | 배송 69/69 | 재적재 12 | 중계율 0.15 | alpha 2.279 | complete
Ep 650 | 드론4 목적지64 |  813스텝 | 배송 64/64 | 재적재 12 | 중계율 0.13 | alpha 2.248 | complete
  [홀드아웃] 배송 50.0±0.0 완주 1.00 스텝 1063 점수 106.5 재적재 8.4 2홉+ 0.62 | 최고 106.5@ep550 정체 2/15
Ep 651 | 드론5 목적지77 |  970스텝 | 배송 77/77 | 재적재 14 | 중계율 0.22 | alpha 2.241 | complete
Ep 652 | 드론4 목적지32 |  609스텝 | 배송 32/32 | 재적재  4 | 중계율 0.18 | alpha 2.232 | complete
Ep 653 | 드론4 목적지77 | 1000스텝 | 배송 73/77 | 재적재 14 | 중계율 0.17 | alpha 2.194 | step_limit
Ep 654 | 드론6 목적지21 |  303스텝 | 배송 21/21 | 재적재  1 | 중계율 0.19 | alpha 2.197 | complete
Ep 655 | 드론4 목적지28 |  438스텝 | 배송 28/28 | 재적재  4 | 중계율 0.13 | alpha 2.208 | complete
Ep 656 | 드론4 목적지50 |  997스텝 | 배송 50/50 | 재적재  9 | 중계율 0.23 | alpha 2.219 | complete
Ep 657 | 드론5 목적지62 |  550스텝 | 배송 62/62 | 재적재 10 | 중계율 0.08 | alpha 2.241 | complete
Ep 658 | 드론3 목적지50 | 1000스텝 | 배송 44/50 | 재적재  6 | 중계율 0.21 | alpha 2.230 | step_limit
Ep 659 | 드론5 목적지39 |  341스텝 | 배송 39/39 | 재적재  5 | 중계율 0.10 | alpha 2.229 | complete
Ep 660 | 드론5 목적지65 |  607스텝 | 배송 65/65 | 재적재 11 | 중계율 0.09 | alpha 2.241 | complete
Ep 661 | 드론6 목적지20 |  185스텝 | 배송 20/20 | 재적재  0 | 중계율 0.04 | alpha 2.238 | complete
Ep 662 | 드론6 목적지46 |  414스텝 | 배송 46/46 | 재적재  6 | 중계율 0.13 | alpha 2.235 | complete
Ep 663 | 드론4 목적지78 | 1000스텝 | 배송 67/78 | 재적재 11 | 중계율 0.16 | alpha 2.226 | step_limit
Ep 664 | 드론4 목적지28 |  617스텝 | 배송 28/28 | 재적재  5 | 중계율 0.19 | alpha 2.189 | complete
Ep 665 | 드론3 목적지25 |  625스텝 | 배송 25/25 | 재적재  4 | 중계율 0.21 | alpha 2.166 | complete
Ep 666 | 드론5 목적지74 |  766스텝 | 배송 74/74 | 재적재 12 | 중계율 0.17 | alpha 2.202 | complete
Ep 667 | 드론4 목적지50 | 1000스텝 | 배송 46/50 | 재적재  8 | 중계율 0.20 | alpha 2.178 | step_limit
Ep 668 | 드론6 목적지80 |  589스텝 | 배송 80/80 | 재적재 13 | 중계율 0.11 | alpha 2.163 | complete
Ep 669 | 드론5 목적지53 |  405스텝 | 배송 53/53 | 재적재  9 | 중계율 0.08 | alpha 2.171 | complete
Ep 670 | 드론3 목적지68 | 1000스텝 | 배송 56/68 | 재적재 10 | 중계율 0.21 | alpha 2.195 | step_limit
Ep 671 | 드론3 목적지60 | 1000스텝 | 배송 46/60 | 재적재  9 | 중계율 0.18 | alpha 2.190 | step_limit
Ep 672 | 드론3 목적지50 | 1000스텝 | 배송 41/50 | 재적재  7 | 중계율 0.14 | alpha 2.231 | step_limit
Ep 673 | 드론6 목적지54 |  531스텝 | 배송 54/54 | 재적재  9 | 중계율 0.13 | alpha 2.251 | complete
Ep 674 | 드론6 목적지73 |  714스텝 | 배송 73/73 | 재적재 11 | 중계율 0.11 | alpha 2.292 | complete
Ep 675 | 드론4 목적지74 |  917스텝 | 배송 74/74 | 재적재 13 | 중계율 0.09 | alpha 2.248 | complete
Ep 676 | 드론4 목적지46 | 1000스텝 | 배송 45/46 | 재적재  7 | 중계율 0.24 | alpha 2.181 | step_limit
Ep 677 | 드론3 목적지79 | 1000스텝 | 배송 63/79 | 재적재 12 | 중계율 0.17 | alpha 2.175 | step_limit
Ep 678 | 드론5 목적지41 |  503스텝 | 배송 41/41 | 재적재  6 | 중계율 0.16 | alpha 2.171 | complete
Ep 679 | 드론5 목적지58 | 1000스텝 | 배송 55/58 | 재적재  9 | 중계율 0.21 | alpha 2.144 | step_limit
Ep 680 | 드론3 목적지31 |  684스텝 | 배송 31/31 | 재적재  5 | 중계율 0.15 | alpha 2.138 | complete
Ep 681 | 드론6 목적지65 |  757스텝 | 배송 65/65 | 재적재 10 | 중계율 0.15 | alpha 2.176 | complete
Ep 682 | 드론4 목적지72 | 1000스텝 | 배송 65/72 | 재적재 11 | 중계율 0.17 | alpha 2.208 | step_limit
Ep 683 | 드론6 목적지52 |  522스텝 | 배송 52/52 | 재적재  7 | 중계율 0.18 | alpha 2.210 | complete
Ep 684 | 드론3 목적지40 |  950스텝 | 배송 40/40 | 재적재  5 | 중계율 0.23 | alpha 2.214 | complete
Ep 685 | 드론4 목적지74 | 1000스텝 | 배송 72/74 | 재적재 11 | 중계율 0.19 | alpha 2.190 | step_limit
Ep 686 | 드론6 목적지58 |  394스텝 | 배송 58/58 | 재적재 10 | 중계율 0.08 | alpha 2.171 | complete
Ep 687 | 드론4 목적지46 | 1000스텝 | 배송 44/46 | 재적재  7 | 중계율 0.25 | alpha 2.181 | step_limit
Ep 688 | 드론6 목적지33 |  286스텝 | 배송 33/33 | 재적재  5 | 중계율 0.08 | alpha 2.198 | complete
Ep 689 | 드론5 목적지80 |  972스텝 | 배송 80/80 | 재적재 14 | 중계율 0.17 | alpha 2.223 | complete
Ep 690 | 드론3 목적지26 |  546스텝 | 배송 26/26 | 재적재  4 | 중계율 0.10 | alpha 2.248 | complete
Ep 691 | 드론4 목적지40 |  565스텝 | 배송 40/40 | 재적재  5 | 중계율 0.13 | alpha 2.217 | complete
Ep 692 | 드론3 목적지49 | 1000스텝 | 배송 48/49 | 재적재  9 | 중계율 0.18 | alpha 2.196 | step_limit
Ep 693 | 드론5 목적지56 |  704스텝 | 배송 56/56 | 재적재 10 | 중계율 0.18 | alpha 2.134 | complete
Ep 694 | 드론4 목적지69 |  813스텝 | 배송 69/69 | 재적재 11 | 중계율 0.14 | alpha 2.129 | complete
Ep 695 | 드론5 목적지32 |  524스텝 | 배송 32/32 | 재적재  5 | 중계율 0.12 | alpha 2.153 | complete
Ep 696 | 드론4 목적지48 |  681스텝 | 배송 48/48 | 재적재  8 | 중계율 0.17 | alpha 2.179 | complete
Ep 697 | 드론3 목적지58 | 1000스텝 | 배송 57/58 | 재적재 10 | 중계율 0.17 | alpha 2.151 | step_limit
Ep 698 | 드론5 목적지65 |  704스텝 | 배송 65/65 | 재적재 10 | 중계율 0.19 | alpha 2.149 | complete
Ep 699 | 드론5 목적지44 |  874스텝 | 배송 44/44 | 재적재  7 | 중계율 0.26 | alpha 2.132 | complete
Ep 700 | 드론6 목적지40 |  722스텝 | 배송 40/40 | 재적재  5 | 중계율 0.20 | alpha 2.134 | complete
  [홀드아웃] 배송 50.0±0.0 완주 1.00 스텝 1016 점수 106.6 재적재 8.3 2홉+ 0.62 | 최고 106.6@ep700 정체 0/15  ← 갱신
Ep 701 | 드론6 목적지26 |  413스텝 | 배송 26/26 | 재적재  4 | 중계율 0.19 | alpha 2.144 | complete
Ep 702 | 드론3 목적지66 | 1000스텝 | 배송 52/66 | 재적재  9 | 중계율 0.17 | alpha 2.117 | step_limit
Ep 703 | 드론4 목적지25 |  779스텝 | 배송 25/25 | 재적재  4 | 중계율 0.22 | alpha 2.111 | complete
Ep 704 | 드론6 목적지35 |  336스텝 | 배송 35/35 | 재적재  5 | 중계율 0.08 | alpha 2.109 | complete
Ep 705 | 드론4 목적지24 |  327스텝 | 배송 24/24 | 재적재  3 | 중계율 0.09 | alpha 2.108 | complete
Ep 706 | 드론3 목적지64 | 1000스텝 | 배송 62/64 | 재적재 12 | 중계율 0.18 | alpha 2.124 | step_limit
Ep 707 | 드론4 목적지24 |  503스텝 | 배송 24/24 | 재적재  3 | 중계율 0.19 | alpha 2.152 | complete
Ep 708 | 드론6 목적지68 |  601스텝 | 배송 68/68 | 재적재 11 | 중계율 0.09 | alpha 2.139 | complete
Ep 709 | 드론4 목적지57 |  949스텝 | 배송 57/57 | 재적재 10 | 중계율 0.22 | alpha 2.159 | complete
Ep 710 | 드론6 목적지78 |  704스텝 | 배송 78/78 | 재적재 13 | 중계율 0.13 | alpha 2.168 | complete
Ep 711 | 드론6 목적지34 |  532스텝 | 배송 34/34 | 재적재  5 | 중계율 0.14 | alpha 2.181 | complete
Ep 712 | 드론4 목적지21 |  387스텝 | 배송 21/21 | 재적재  3 | 중계율 0.14 | alpha 2.182 | complete
Ep 713 | 드론3 목적지63 | 1000스텝 | 배송 54/63 | 재적재  9 | 중계율 0.25 | alpha 2.158 | step_limit
Ep 714 | 드론3 목적지64 |  967스텝 | 배송 64/64 | 재적재 12 | 중계율 0.14 | alpha 2.173 | complete
Ep 715 | 드론5 목적지43 |  424스텝 | 배송 43/43 | 재적재  6 | 중계율 0.06 | alpha 2.187 | complete
Ep 716 | 드론3 목적지39 | 1000스텝 | 배송 30/39 | 재적재  5 | 중계율 0.20 | alpha 2.170 | step_limit
Ep 717 | 드론4 목적지67 |  912스텝 | 배송 67/67 | 재적재 12 | 중계율 0.12 | alpha 2.174 | complete
Ep 718 | 드론5 목적지68 |  734스텝 | 배송 68/68 | 재적재 12 | 중계율 0.17 | alpha 2.190 | complete
Ep 719 | 드론5 목적지67 |  664스텝 | 배송 67/67 | 재적재 12 | 중계율 0.14 | alpha 2.191 | complete
Ep 720 | 드론3 목적지49 |  813스텝 | 배송 49/49 | 재적재  9 | 중계율 0.07 | alpha 2.243 | complete
Ep 721 | 드론4 목적지29 |  408스텝 | 배송 29/29 | 재적재  3 | 중계율 0.17 | alpha 2.253 | complete
Ep 722 | 드론6 목적지59 |  412스텝 | 배송 59/59 | 재적재 10 | 중계율 0.12 | alpha 2.233 | complete
Ep 723 | 드론5 목적지70 | 1000스텝 | 배송 69/70 | 재적재 11 | 중계율 0.13 | alpha 2.251 | step_limit
Ep 724 | 드론4 목적지69 |  802스텝 | 배송 69/69 | 재적재 13 | 중계율 0.11 | alpha 2.220 | complete
Ep 725 | 드론4 목적지62 | 1000스텝 | 배송 56/62 | 재적재 10 | 중계율 0.23 | alpha 2.178 | step_limit
Ep 726 | 드론6 목적지56 |  602스텝 | 배송 56/56 | 재적재 10 | 중계율 0.13 | alpha 2.145 | complete
Ep 727 | 드론3 목적지57 | 1000스텝 | 배송 55/57 | 재적재 10 | 중계율 0.14 | alpha 2.144 | step_limit
Ep 728 | 드론6 목적지43 |  567스텝 | 배송 43/43 | 재적재  7 | 중계율 0.18 | alpha 2.164 | complete
Ep 729 | 드론5 목적지77 |  919스텝 | 배송 77/77 | 재적재 13 | 중계율 0.15 | alpha 2.178 | complete
Ep 730 | 드론4 목적지27 |  531스텝 | 배송 27/27 | 재적재  4 | 중계율 0.15 | alpha 2.176 | complete
Ep 731 | 드론4 목적지80 | 1000스텝 | 배송 79/80 | 재적재 15 | 중계율 0.16 | alpha 2.159 | step_limit
Ep 732 | 드론3 목적지80 | 1000스텝 | 배송 57/80 | 재적재 10 | 중계율 0.19 | alpha 2.142 | step_limit
Ep 733 | 드론5 목적지64 |  899스텝 | 배송 64/64 | 재적재 11 | 중계율 0.15 | alpha 2.097 | complete
Ep 734 | 드론3 목적지38 |  828스텝 | 배송 38/38 | 재적재  7 | 중계율 0.09 | alpha 2.075 | complete
Ep 735 | 드론5 목적지63 |  734스텝 | 배송 63/63 | 재적재 11 | 중계율 0.14 | alpha 2.075 | complete
Ep 736 | 드론4 목적지52 |  810스텝 | 배송 52/52 | 재적재  9 | 중계율 0.16 | alpha 2.098 | complete
Ep 737 | 드론3 목적지41 |  901스텝 | 배송 41/41 | 재적재  7 | 중계율 0.22 | alpha 2.122 | complete
Ep 738 | 드론5 목적지49 |  597스텝 | 배송 49/49 | 재적재  8 | 중계율 0.10 | alpha 2.138 | complete
Ep 739 | 드론4 목적지27 |  504스텝 | 배송 27/27 | 재적재  4 | 중계율 0.14 | alpha 2.157 | complete
Ep 740 | 드론3 목적지32 |  710스텝 | 배송 32/32 | 재적재  5 | 중계율 0.23 | alpha 2.198 | complete
Ep 741 | 드론4 목적지25 |  414스텝 | 배송 25/25 | 재적재  3 | 중계율 0.15 | alpha 2.191 | complete
Ep 742 | 드론3 목적지48 |  941스텝 | 배송 48/48 | 재적재  8 | 중계율 0.19 | alpha 2.189 | complete
Ep 743 | 드론5 목적지54 |  484스텝 | 배송 54/54 | 재적재  9 | 중계율 0.09 | alpha 2.192 | complete
Ep 744 | 드론5 목적지24 |  453스텝 | 배송 24/24 | 재적재  2 | 중계율 0.19 | alpha 2.192 | complete
Ep 745 | 드론6 목적지37 |  280스텝 | 배송 37/37 | 재적재  6 | 중계율 0.12 | alpha 2.159 | complete
Ep 746 | 드론4 목적지50 | 1000스텝 | 배송 48/50 | 재적재  8 | 중계율 0.20 | alpha 2.154 | step_limit
Ep 747 | 드론3 목적지78 | 1000스텝 | 배송 60/78 | 재적재 10 | 중계율 0.25 | alpha 2.140 | step_limit
Ep 748 | 드론4 목적지33 |  430스텝 | 배송 33/33 | 재적재  6 | 중계율 0.13 | alpha 2.143 | complete
Ep 749 | 드론4 목적지20 |  450스텝 | 배송 20/20 | 재적재  2 | 중계율 0.20 | alpha 2.147 | complete
Ep 750 | 드론5 목적지80 |  876스텝 | 배송 80/80 | 재적재 15 | 중계율 0.13 | alpha 2.147 | complete
  [홀드아웃] 배송 50.0±0.0 완주 1.00 스텝 1081 점수 106.4 재적재 8.4 2홉+ 0.63 | 최고 106.6@ep700 정체 1/15
Ep 751 | 드론6 목적지29 |  326스텝 | 배송 29/29 | 재적재  2 | 중계율 0.11 | alpha 2.146 | complete
Ep 752 | 드론5 목적지21 |  307스텝 | 배송 21/21 | 재적재  3 | 중계율 0.16 | alpha 2.129 | complete
Ep 753 | 드론6 목적지21 |  200스텝 | 배송 21/21 | 재적재  0 | 중계율 0.07 | alpha 2.134 | complete
Ep 754 | 드론5 목적지39 |  500스텝 | 배송 39/39 | 재적재  6 | 중계율 0.13 | alpha 2.140 | complete
Ep 755 | 드론3 목적지68 | 1000스텝 | 배송 55/68 | 재적재 10 | 중계율 0.23 | alpha 2.132 | step_limit
Ep 756 | 드론3 목적지80 | 1000스텝 | 배송 62/80 | 재적재 12 | 중계율 0.12 | alpha 2.123 | step_limit
Ep 757 | 드론5 목적지62 |  681스텝 | 배송 62/62 | 재적재 11 | 중계율 0.07 | alpha 2.145 | complete
Ep 758 | 드론5 목적지36 |  695스텝 | 배송 36/36 | 재적재  4 | 중계율 0.23 | alpha 2.139 | complete
Ep 759 | 드론6 목적지46 |  587스텝 | 배송 46/46 | 재적재  7 | 중계율 0.20 | alpha 2.108 | complete
Ep 760 | 드론3 목적지23 |  939스텝 | 배송 23/23 | 재적재  4 | 중계율 0.24 | alpha 2.095 | complete
Ep 761 | 드론6 목적지36 |  300스텝 | 배송 36/36 | 재적재  5 | 중계율 0.10 | alpha 2.094 | complete
Ep 762 | 드론3 목적지66 | 1000스텝 | 배송 63/66 | 재적재 11 | 중계율 0.18 | alpha 2.112 | step_limit
Ep 763 | 드론3 목적지24 |  656스텝 | 배송 24/24 | 재적재  4 | 중계율 0.13 | alpha 2.126 | complete
Ep 764 | 드론3 목적지27 |  530스텝 | 배송 27/27 | 재적재  4 | 중계율 0.14 | alpha 2.122 | complete
Ep 765 | 드론5 목적지43 |  588스텝 | 배송 43/43 | 재적재  5 | 중계율 0.14 | alpha 2.097 | complete
Ep 766 | 드론3 목적지25 |  541스텝 | 배송 25/25 | 재적재  4 | 중계율 0.15 | alpha 2.087 | complete
Ep 767 | 드론3 목적지65 | 1000스텝 | 배송 48/65 | 재적재  8 | 중계율 0.20 | alpha 2.104 | step_limit
Ep 768 | 드론3 목적지50 |  800스텝 | 배송 50/50 | 재적재  8 | 중계율 0.13 | alpha 2.113 | complete
Ep 769 | 드론5 목적지40 |  514스텝 | 배송 40/40 | 재적재  5 | 중계율 0.13 | alpha 2.109 | complete
Ep 770 | 드론6 목적지58 |  754스텝 | 배송 58/58 | 재적재  9 | 중계율 0.16 | alpha 2.145 | complete
Ep 771 | 드론3 목적지28 | 1000스텝 | 배송 25/28 | 재적재  3 | 중계율 0.29 | alpha 2.132 | step_limit
Ep 772 | 드론5 목적지53 |  476스텝 | 배송 53/53 | 재적재  9 | 중계율 0.09 | alpha 2.132 | complete
Ep 773 | 드론3 목적지60 | 1000스텝 | 배송 44/60 | 재적재  8 | 중계율 0.19 | alpha 2.135 | step_limit
Ep 774 | 드론4 목적지60 | 1000스텝 | 배송 53/60 | 재적재 10 | 중계율 0.24 | alpha 2.142 | step_limit
Ep 775 | 드론3 목적지62 | 1000스텝 | 배송 59/62 | 재적재  9 | 중계율 0.18 | alpha 2.134 | step_limit
Ep 776 | 드론3 목적지47 | 1000스텝 | 배송 41/47 | 재적재  8 | 중계율 0.20 | alpha 2.129 | step_limit
Ep 777 | 드론3 목적지77 | 1000스텝 | 배송 72/77 | 재적재 14 | 중계율 0.12 | alpha 2.158 | step_limit
Ep 778 | 드론3 목적지29 |  817스텝 | 배송 29/29 | 재적재  5 | 중계율 0.22 | alpha 2.143 | complete
Ep 779 | 드론4 목적지79 | 1000스텝 | 배송 58/79 | 재적재  9 | 중계율 0.25 | alpha 2.121 | step_limit
Ep 780 | 드론6 목적지50 |  539스텝 | 배송 50/50 | 재적재  6 | 중계율 0.12 | alpha 2.143 | complete
Ep 781 | 드론3 목적지53 | 1000스텝 | 배송 39/53 | 재적재  7 | 중계율 0.23 | alpha 2.171 | step_limit
Ep 782 | 드론3 목적지35 | 1000스텝 | 배송 34/35 | 재적재  6 | 중계율 0.26 | alpha 2.189 | step_limit
Ep 783 | 드론6 목적지55 |  448스텝 | 배송 55/55 | 재적재  8 | 중계율 0.09 | alpha 2.182 | complete
Ep 784 | 드론3 목적지53 | 1000스텝 | 배송 51/53 | 재적재  9 | 중계율 0.18 | alpha 2.208 | step_limit
Ep 785 | 드론6 목적지56 |  933스텝 | 배송 56/56 | 재적재  9 | 중계율 0.20 | alpha 2.235 | complete
Ep 786 | 드론4 목적지73 | 1000스텝 | 배송 59/73 | 재적재 10 | 중계율 0.20 | alpha 2.223 | step_limit
Ep 787 | 드론5 목적지70 |  807스텝 | 배송 70/70 | 재적재 12 | 중계율 0.17 | alpha 2.182 | complete
Ep 788 | 드론4 목적지31 |  557스텝 | 배송 31/31 | 재적재  4 | 중계율 0.12 | alpha 2.207 | complete
Ep 789 | 드론4 목적지40 |  567스텝 | 배송 40/40 | 재적재  6 | 중계율 0.12 | alpha 2.205 | complete
Ep 790 | 드론6 목적지29 |  361스텝 | 배송 29/29 | 재적재  3 | 중계율 0.14 | alpha 2.208 | complete
Ep 791 | 드론6 목적지38 |  392스텝 | 배송 38/38 | 재적재  5 | 중계율 0.12 | alpha 2.189 | complete
Ep 792 | 드론6 목적지77 |  555스텝 | 배송 77/77 | 재적재 12 | 중계율 0.10 | alpha 2.200 | complete
Ep 793 | 드론3 목적지71 | 1000스텝 | 배송 67/71 | 재적재 12 | 중계율 0.16 | alpha 2.170 | step_limit
Ep 794 | 드론3 목적지33 |  665스텝 | 배송 33/33 | 재적재  5 | 중계율 0.15 | alpha 2.163 | complete
Ep 795 | 드론4 목적지76 | 1000스텝 | 배송 63/76 | 재적재 10 | 중계율 0.24 | alpha 2.180 | step_limit
Ep 796 | 드론4 목적지65 |  853스텝 | 배송 65/65 | 재적재 11 | 중계율 0.14 | alpha 2.173 | complete
Ep 797 | 드론5 목적지72 |  752스텝 | 배송 72/72 | 재적재 12 | 중계율 0.12 | alpha 2.167 | complete
Ep 798 | 드론5 목적지54 |  744스텝 | 배송 54/54 | 재적재  9 | 중계율 0.17 | alpha 2.157 | complete
Ep 799 | 드론3 목적지35 |  902스텝 | 배송 35/35 | 재적재  6 | 중계율 0.22 | alpha 2.138 | complete
Ep 800 | 드론4 목적지78 | 1000스텝 | 배송 69/78 | 재적재 12 | 중계율 0.17 | alpha 2.172 | step_limit
  [홀드아웃] 배송 50.0±0.0 완주 1.00 스텝 1023 점수 106.6 재적재 8.2 2홉+ 0.62 | 최고 106.6@ep700 정체 2/15
Ep 801 | 드론4 목적지21 |  455스텝 | 배송 21/21 | 재적재  2 | 중계율 0.18 | alpha 2.169 | complete
Ep 802 | 드론6 목적지22 |  208스텝 | 배송 22/22 | 재적재  0 | 중계율 0.11 | alpha 2.172 | complete
Ep 803 | 드론6 목적지57 |  524스텝 | 배송 57/57 | 재적재 10 | 중계율 0.09 | alpha 2.187 | complete
Ep 804 | 드론3 목적지60 | 1000스텝 | 배송 57/60 | 재적재 11 | 중계율 0.15 | alpha 2.167 | step_limit
Ep 805 | 드론6 목적지34 |  275스텝 | 배송 34/34 | 재적재  4 | 중계율 0.09 | alpha 2.175 | complete
Ep 806 | 드론4 목적지59 |  981스텝 | 배송 59/59 | 재적재 10 | 중계율 0.17 | alpha 2.207 | complete
Ep 807 | 드론5 목적지22 |  255스텝 | 배송 22/22 | 재적재  3 | 중계율 0.13 | alpha 2.198 | complete
Ep 808 | 드론3 목적지35 |  919스텝 | 배송 35/35 | 재적재  6 | 중계율 0.24 | alpha 2.170 | complete
Ep 809 | 드론4 목적지38 |  970스텝 | 배송 38/38 | 재적재  5 | 중계율 0.25 | alpha 2.184 | complete
Ep 810 | 드론5 목적지47 |  926스텝 | 배송 47/47 | 재적재  8 | 중계율 0.24 | alpha 2.186 | complete
Ep 811 | 드론4 목적지70 | 1000스텝 | 배송 57/70 | 재적재 11 | 중계율 0.27 | alpha 2.144 | step_limit
Ep 812 | 드론4 목적지40 |  502스텝 | 배송 40/40 | 재적재  5 | 중계율 0.10 | alpha 2.160 | complete
Ep 813 | 드론3 목적지55 | 1000스텝 | 배송 47/55 | 재적재  9 | 중계율 0.20 | alpha 2.135 | step_limit
Ep 814 | 드론3 목적지38 |  831스텝 | 배송 38/38 | 재적재  6 | 중계율 0.15 | alpha 2.137 | complete
Ep 815 | 드론3 목적지75 | 1000스텝 | 배송 52/75 | 재적재 10 | 중계율 0.17 | alpha 2.077 | step_limit
Ep 816 | 드론5 목적지57 |  628스텝 | 배송 57/57 | 재적재  9 | 중계율 0.13 | alpha 2.109 | complete
Ep 817 | 드론4 목적지58 | 1000스텝 | 배송 50/58 | 재적재  9 | 중계율 0.23 | alpha 2.119 | step_limit
Ep 818 | 드론5 목적지21 |  584스텝 | 배송 21/21 | 재적재  3 | 중계율 0.22 | alpha 2.130 | complete
Ep 819 | 드론3 목적지70 | 1000스텝 | 배송 56/70 | 재적재 10 | 중계율 0.13 | alpha 2.134 | step_limit
Ep 820 | 드론6 목적지26 |  370스텝 | 배송 26/26 | 재적재  1 | 중계율 0.12 | alpha 2.137 | complete
Ep 821 | 드론5 목적지27 |  362스텝 | 배송 27/27 | 재적재  4 | 중계율 0.16 | alpha 2.138 | complete
Ep 822 | 드론5 목적지61 |  966스텝 | 배송 61/61 | 재적재 10 | 중계율 0.16 | alpha 2.201 | complete
Ep 823 | 드론5 목적지77 | 1000스텝 | 배송 75/77 | 재적재 13 | 중계율 0.19 | alpha 2.186 | step_limit
Ep 824 | 드론3 목적지38 |  655스텝 | 배송 38/38 | 재적재  6 | 중계율 0.11 | alpha 2.197 | complete
Ep 825 | 드론4 목적지63 |  688스텝 | 배송 63/63 | 재적재 11 | 중계율 0.09 | alpha 2.187 | complete
Ep 826 | 드론5 목적지44 |  567스텝 | 배송 44/44 | 재적재  6 | 중계율 0.15 | alpha 2.202 | complete
Ep 827 | 드론5 목적지51 |  855스텝 | 배송 51/51 | 재적재  9 | 중계율 0.21 | alpha 2.174 | complete
Ep 828 | 드론3 목적지41 | 1000스텝 | 배송 38/41 | 재적재  7 | 중계율 0.24 | alpha 2.190 | step_limit
Ep 829 | 드론3 목적지22 |  616스텝 | 배송 22/22 | 재적재  3 | 중계율 0.19 | alpha 2.181 | complete
Ep 830 | 드론4 목적지48 |  680스텝 | 배송 48/48 | 재적재  8 | 중계율 0.10 | alpha 2.200 | complete
Ep 831 | 드론3 목적지61 | 1000스텝 | 배송 54/61 | 재적재  9 | 중계율 0.21 | alpha 2.160 | step_limit
Ep 832 | 드론4 목적지66 | 1000스텝 | 배송 65/66 | 재적재 11 | 중계율 0.13 | alpha 2.164 | step_limit
Ep 833 | 드론4 목적지26 |  269스텝 | 배송 26/26 | 재적재  3 | 중계율 0.02 | alpha 2.184 | complete
Ep 834 | 드론6 목적지25 |  304스텝 | 배송 25/25 | 재적재  1 | 중계율 0.17 | alpha 2.195 | complete
Ep 835 | 드론3 목적지78 | 1000스텝 | 배송 55/78 | 재적재 10 | 중계율 0.17 | alpha 2.230 | step_limit
Ep 836 | 드론6 목적지22 |  381스텝 | 배송 22/22 | 재적재  0 | 중계율 0.15 | alpha 2.221 | complete
Ep 837 | 드론4 목적지74 | 1000스텝 | 배송 65/74 | 재적재 12 | 중계율 0.20 | alpha 2.179 | step_limit
Ep 838 | 드론6 목적지46 |  679스텝 | 배송 46/46 | 재적재  7 | 중계율 0.21 | alpha 2.170 | complete
Ep 839 | 드론4 목적지47 |  960스텝 | 배송 47/47 | 재적재  8 | 중계율 0.22 | alpha 2.185 | complete
Ep 840 | 드론5 목적지31 |  472스텝 | 배송 31/31 | 재적재  3 | 중계율 0.13 | alpha 2.189 | complete
Ep 841 | 드론3 목적지52 | 1000스텝 | 배송 47/52 | 재적재  8 | 중계율 0.20 | alpha 2.161 | step_limit
Ep 842 | 드론4 목적지30 |  344스텝 | 배송 30/30 | 재적재  5 | 중계율 0.11 | alpha 2.177 | complete
Ep 843 | 드론5 목적지75 |  941스텝 | 배송 75/75 | 재적재 13 | 중계율 0.20 | alpha 2.218 | complete
Ep 844 | 드론5 목적지28 |  489스텝 | 배송 28/28 | 재적재  3 | 중계율 0.17 | alpha 2.247 | complete
Ep 845 | 드론4 목적지44 |  684스텝 | 배송 44/44 | 재적재  7 | 중계율 0.17 | alpha 2.249 | complete
Ep 846 | 드론4 목적지31 |  330스텝 | 배송 31/31 | 재적재  4 | 중계율 0.08 | alpha 2.215 | complete
Ep 847 | 드론6 목적지45 |  575스텝 | 배송 45/45 | 재적재  6 | 중계율 0.15 | alpha 2.177 | complete
Ep 848 | 드론3 목적지44 | 1000스텝 | 배송 41/44 | 재적재  7 | 중계율 0.23 | alpha 2.163 | step_limit
Ep 849 | 드론3 목적지49 | 1000스텝 | 배송 41/49 | 재적재  7 | 중계율 0.25 | alpha 2.177 | step_limit
Ep 850 | 드론3 목적지47 | 1000스텝 | 배송 43/47 | 재적재  7 | 중계율 0.20 | alpha 2.174 | step_limit
  [홀드아웃] 배송 50.0±0.0 완주 1.00 스텝 1038 점수 106.5 재적재 8.3 2홉+ 0.62 | 최고 106.6@ep700 정체 3/15
Ep 851 | 드론6 목적지30 |  416스텝 | 배송 30/30 | 재적재  3 | 중계율 0.14 | alpha 2.211 | complete
Ep 852 | 드론6 목적지65 |  634스텝 | 배송 65/65 | 재적재  9 | 중계율 0.13 | alpha 2.191 | complete
Ep 853 | 드론4 목적지45 |  857스텝 | 배송 45/45 | 재적재  8 | 중계율 0.19 | alpha 2.197 | complete
Ep 854 | 드론6 목적지23 |  266스텝 | 배송 23/23 | 재적재  3 | 중계율 0.13 | alpha 2.219 | complete
Ep 855 | 드론6 목적지49 |  366스텝 | 배송 49/49 | 재적재  6 | 중계율 0.09 | alpha 2.208 | complete
Ep 856 | 드론3 목적지28 |  807스텝 | 배송 28/28 | 재적재  4 | 중계율 0.25 | alpha 2.184 | complete
Ep 857 | 드론3 목적지38 | 1000스텝 | 배송 34/38 | 재적재  5 | 중계율 0.17 | alpha 2.192 | step_limit
Ep 858 | 드론6 목적지70 |  464스텝 | 배송 70/70 | 재적재 10 | 중계율 0.10 | alpha 2.193 | complete
Ep 859 | 드론6 목적지27 |  370스텝 | 배송 27/27 | 재적재  3 | 중계율 0.12 | alpha 2.159 | complete
Ep 860 | 드론6 목적지30 |  404스텝 | 배송 30/30 | 재적재  5 | 중계율 0.15 | alpha 2.173 | complete
Ep 861 | 드론3 목적지39 |  860스텝 | 배송 39/39 | 재적재  6 | 중계율 0.21 | alpha 2.183 | complete
Ep 862 | 드론6 목적지50 |  435스텝 | 배송 50/50 | 재적재  7 | 중계율 0.09 | alpha 2.208 | complete
Ep 863 | 드론6 목적지30 |  522스텝 | 배송 30/30 | 재적재  3 | 중계율 0.17 | alpha 2.233 | complete
Ep 864 | 드론5 목적지38 |  485스텝 | 배송 38/38 | 재적재  5 | 중계율 0.14 | alpha 2.244 | complete
Ep 865 | 드론5 목적지56 |  639스텝 | 배송 56/56 | 재적재 10 | 중계율 0.12 | alpha 2.274 | complete
Ep 866 | 드론3 목적지70 | 1000스텝 | 배송 58/70 | 재적재 10 | 중계율 0.21 | alpha 2.258 | step_limit
Ep 867 | 드론3 목적지48 | 1000스텝 | 배송 42/48 | 재적재  7 | 중계율 0.18 | alpha 2.206 | step_limit
Ep 868 | 드론5 목적지37 |  498스텝 | 배송 37/37 | 재적재  6 | 중계율 0.13 | alpha 2.222 | complete
Ep 869 | 드론5 목적지46 |  536스텝 | 배송 46/46 | 재적재  7 | 중계율 0.10 | alpha 2.231 | complete
Ep 870 | 드론3 목적지47 |  905스텝 | 배송 47/47 | 재적재  9 | 중계율 0.15 | alpha 2.207 | complete
Ep 871 | 드론3 목적지44 | 1000스텝 | 배송 43/44 | 재적재  7 | 중계율 0.19 | alpha 2.228 | step_limit
Ep 872 | 드론4 목적지57 |  905스텝 | 배송 57/57 | 재적재  9 | 중계율 0.14 | alpha 2.251 | complete
Ep 873 | 드론6 목적지30 |  584스텝 | 배송 30/30 | 재적재  3 | 중계율 0.14 | alpha 2.291 | complete
Ep 874 | 드론3 목적지20 |  395스텝 | 배송 20/20 | 재적재  2 | 중계율 0.11 | alpha 2.309 | complete
Ep 875 | 드론6 목적지43 |  560스텝 | 배송 43/43 | 재적재  5 | 중계율 0.08 | alpha 2.269 | complete
Ep 876 | 드론5 목적지23 |  416스텝 | 배송 23/23 | 재적재  3 | 중계율 0.14 | alpha 2.266 | complete
Ep 877 | 드론3 목적지65 | 1000스텝 | 배송 55/65 | 재적재  9 | 중계율 0.21 | alpha 2.288 | step_limit
Ep 878 | 드론3 목적지65 | 1000스텝 | 배송 52/65 | 재적재 10 | 중계율 0.20 | alpha 2.291 | step_limit
Ep 879 | 드론5 목적지28 |  445스텝 | 배송 28/28 | 재적재  4 | 중계율 0.13 | alpha 2.292 | complete
Ep 880 | 드론6 목적지41 |  337스텝 | 배송 41/41 | 재적재  5 | 중계율 0.10 | alpha 2.307 | complete
Ep 881 | 드론4 목적지59 |  975스텝 | 배송 59/59 | 재적재 10 | 중계율 0.11 | alpha 2.327 | complete
Ep 882 | 드론3 목적지46 |  928스텝 | 배송 46/46 | 재적재  8 | 중계율 0.20 | alpha 2.291 | complete
Ep 883 | 드론5 목적지67 |  835스텝 | 배송 67/67 | 재적재 12 | 중계율 0.21 | alpha 2.293 | complete
Ep 884 | 드론4 목적지49 |  795스텝 | 배송 49/49 | 재적재  8 | 중계율 0.17 | alpha 2.320 | complete
Ep 885 | 드론3 목적지51 | 1000스텝 | 배송 42/51 | 재적재  7 | 중계율 0.28 | alpha 2.262 | step_limit
Ep 886 | 드론4 목적지36 | 1000스텝 | 배송 34/36 | 재적재  6 | 중계율 0.25 | alpha 2.217 | step_limit
Ep 887 | 드론6 목적지36 |  343스텝 | 배송 36/36 | 재적재  4 | 중계율 0.07 | alpha 2.235 | complete
Ep 888 | 드론3 목적지48 | 1000스텝 | 배송 47/48 | 재적재  9 | 중계율 0.22 | alpha 2.271 | step_limit
Ep 889 | 드론6 목적지22 |  247스텝 | 배송 22/22 | 재적재  1 | 중계율 0.15 | alpha 2.258 | complete
Ep 890 | 드론3 목적지60 | 1000스텝 | 배송 47/60 | 재적재  8 | 중계율 0.22 | alpha 2.263 | step_limit
Ep 891 | 드론6 목적지80 |  678스텝 | 배송 80/80 | 재적재 12 | 중계율 0.12 | alpha 2.278 | complete
Ep 892 | 드론3 목적지73 | 1000스텝 | 배송 65/73 | 재적재 11 | 중계율 0.19 | alpha 2.306 | step_limit
Ep 893 | 드론4 목적지30 |  607스텝 | 배송 30/30 | 재적재  4 | 중계율 0.14 | alpha 2.293 | complete
Ep 894 | 드론3 목적지63 | 1000스텝 | 배송 51/63 | 재적재  9 | 중계율 0.15 | alpha 2.303 | step_limit
Ep 895 | 드론6 목적지28 |  278스텝 | 배송 28/28 | 재적재  1 | 중계율 0.09 | alpha 2.309 | complete
Ep 896 | 드론3 목적지39 |  656스텝 | 배송 39/39 | 재적재  6 | 중계율 0.20 | alpha 2.325 | complete
Ep 897 | 드론6 목적지53 |  570스텝 | 배송 53/53 | 재적재  8 | 중계율 0.14 | alpha 2.317 | complete
Ep 898 | 드론4 목적지66 | 1000스텝 | 배송 61/66 | 재적재 11 | 중계율 0.24 | alpha 2.318 | step_limit
Ep 899 | 드론4 목적지33 |  599스텝 | 배송 33/33 | 재적재  5 | 중계율 0.17 | alpha 2.346 | complete
Ep 900 | 드론5 목적지43 |  496스텝 | 배송 43/43 | 재적재  5 | 중계율 0.14 | alpha 2.362 | complete
  [홀드아웃] 배송 50.0±0.0 완주 1.00 스텝 1029 점수 106.6 재적재 8.5 2홉+ 0.63 | 최고 106.6@ep700 정체 4/15
Ep 901 | 드론6 목적지59 |  604스텝 | 배송 59/59 | 재적재 10 | 중계율 0.14 | alpha 2.371 | complete
Ep 902 | 드론3 목적지29 |  737스텝 | 배송 29/29 | 재적재  4 | 중계율 0.23 | alpha 2.361 | complete
Ep 903 | 드론4 목적지75 | 1000스텝 | 배송 71/75 | 재적재 13 | 중계율 0.18 | alpha 2.376 | step_limit
Ep 904 | 드론3 목적지71 | 1000스텝 | 배송 67/71 | 재적재 12 | 중계율 0.18 | alpha 2.357 | step_limit
Ep 905 | 드론6 목적지77 |  701스텝 | 배송 77/77 | 재적재 13 | 중계율 0.11 | alpha 2.336 | complete
Ep 906 | 드론6 목적지73 |  588스텝 | 배송 73/73 | 재적재 12 | 중계율 0.11 | alpha 2.310 | complete
Ep 907 | 드론3 목적지79 | 1000스텝 | 배송 62/79 | 재적재 11 | 중계율 0.18 | alpha 2.308 | step_limit
Ep 908 | 드론6 목적지33 |  543스텝 | 배송 33/33 | 재적재  5 | 중계율 0.16 | alpha 2.336 | complete
Ep 909 | 드론5 목적지29 |  381스텝 | 배송 29/29 | 재적재  4 | 중계율 0.08 | alpha 2.331 | complete
Ep 910 | 드론6 목적지41 |  731스텝 | 배송 41/41 | 재적재  6 | 중계율 0.26 | alpha 2.371 | complete
Ep 911 | 드론6 목적지34 |  385스텝 | 배송 34/34 | 재적재  5 | 중계율 0.10 | alpha 2.377 | complete
Ep 912 | 드론6 목적지42 |  394스텝 | 배송 42/42 | 재적재  4 | 중계율 0.16 | alpha 2.347 | complete
Ep 913 | 드론5 목적지34 |  419스텝 | 배송 34/34 | 재적재  3 | 중계율 0.19 | alpha 2.315 | complete
Ep 914 | 드론4 목적지44 |  881스텝 | 배송 44/44 | 재적재  6 | 중계율 0.17 | alpha 2.311 | complete
Ep 915 | 드론3 목적지67 | 1000스텝 | 배송 56/67 | 재적재 10 | 중계율 0.23 | alpha 2.336 | step_limit
Ep 916 | 드론6 목적지34 |  488스텝 | 배송 34/34 | 재적재  4 | 중계율 0.17 | alpha 2.345 | complete
Ep 917 | 드론6 목적지52 |  659스텝 | 배송 52/52 | 재적재  7 | 중계율 0.09 | alpha 2.315 | complete
Ep 918 | 드론4 목적지45 |  500스텝 | 배송 45/45 | 재적재  7 | 중계율 0.14 | alpha 2.322 | complete
Ep 919 | 드론6 목적지39 |  495스텝 | 배송 39/39 | 재적재  6 | 중계율 0.13 | alpha 2.322 | complete
Ep 920 | 드론6 목적지58 |  464스텝 | 배송 58/58 | 재적재 10 | 중계율 0.08 | alpha 2.331 | complete
Ep 921 | 드론4 목적지40 |  810스텝 | 배송 40/40 | 재적재  7 | 중계율 0.22 | alpha 2.387 | complete
Ep 922 | 드론6 목적지77 |  782스텝 | 배송 77/77 | 재적재 14 | 중계율 0.11 | alpha 2.388 | complete
Ep 923 | 드론5 목적지76 | 1000스텝 | 배송 73/76 | 재적재 12 | 중계율 0.21 | alpha 2.329 | step_limit
Ep 924 | 드론5 목적지72 |  855스텝 | 배송 72/72 | 재적재 13 | 중계율 0.17 | alpha 2.342 | complete
Ep 925 | 드론6 목적지36 |  344스텝 | 배송 36/36 | 재적재  4 | 중계율 0.11 | alpha 2.334 | complete
Ep 926 | 드론6 목적지56 |  494스텝 | 배송 56/56 | 재적재 10 | 중계율 0.13 | alpha 2.361 | complete
Ep 927 | 드론5 목적지21 |  206스텝 | 배송 21/21 | 재적재  3 | 중계율 0.11 | alpha 2.363 | complete
Ep 928 | 드론4 목적지59 | 1000스텝 | 배송 56/59 | 재적재 10 | 중계율 0.13 | alpha 2.332 | step_limit
Ep 929 | 드론5 목적지25 |  494스텝 | 배송 25/25 | 재적재  2 | 중계율 0.16 | alpha 2.340 | complete
Ep 930 | 드론4 목적지28 |  416스텝 | 배송 28/28 | 재적재  3 | 중계율 0.13 | alpha 2.322 | complete
Ep 931 | 드론5 목적지70 |  743스텝 | 배송 70/70 | 재적재 12 | 중계율 0.12 | alpha 2.311 | complete
Ep 932 | 드론4 목적지75 | 1000스텝 | 배송 65/75 | 재적재 12 | 중계율 0.23 | alpha 2.369 | step_limit
Ep 933 | 드론3 목적지31 |  674스텝 | 배송 31/31 | 재적재  5 | 중계율 0.14 | alpha 2.340 | complete
Ep 934 | 드론4 목적지28 |  427스텝 | 배송 28/28 | 재적재  4 | 중계율 0.12 | alpha 2.346 | complete
Ep 935 | 드론3 목적지36 |  693스텝 | 배송 36/36 | 재적재  6 | 중계율 0.13 | alpha 2.343 | complete
Ep 936 | 드론4 목적지20 |  290스텝 | 배송 20/20 | 재적재  2 | 중계율 0.13 | alpha 2.330 | complete
Ep 937 | 드론3 목적지28 |  820스텝 | 배송 28/28 | 재적재  5 | 중계율 0.20 | alpha 2.333 | complete
Ep 938 | 드론6 목적지73 | 1000스텝 | 배송 71/73 | 재적재 12 | 중계율 0.21 | alpha 2.355 | step_limit
Ep 939 | 드론4 목적지75 | 1000스텝 | 배송 73/75 | 재적재 13 | 중계율 0.20 | alpha 2.360 | step_limit
Ep 940 | 드론6 목적지64 |  666스텝 | 배송 64/64 | 재적재 12 | 중계율 0.11 | alpha 2.349 | complete
Ep 941 | 드론3 목적지37 |  761스텝 | 배송 37/37 | 재적재  6 | 중계율 0.17 | alpha 2.359 | complete
Ep 942 | 드론6 목적지57 |  611스텝 | 배송 57/57 | 재적재  9 | 중계율 0.10 | alpha 2.392 | complete
Ep 943 | 드론3 목적지69 | 1000스텝 | 배송 61/69 | 재적재 11 | 중계율 0.17 | alpha 2.393 | step_limit
Ep 944 | 드론6 목적지73 |  963스텝 | 배송 73/73 | 재적재 13 | 중계율 0.17 | alpha 2.422 | complete
Ep 945 | 드론5 목적지49 |  747스텝 | 배송 49/49 | 재적재  7 | 중계율 0.16 | alpha 2.418 | complete
Ep 946 | 드론3 목적지29 |  550스텝 | 배송 29/29 | 재적재  5 | 중계율 0.15 | alpha 2.389 | complete
Ep 947 | 드론4 목적지73 | 1000스텝 | 배송 52/73 | 재적재  9 | 중계율 0.23 | alpha 2.386 | step_limit
Ep 948 | 드론6 목적지57 |  679스텝 | 배송 57/57 | 재적재  9 | 중계율 0.18 | alpha 2.412 | complete
Ep 949 | 드론3 목적지24 |  636스텝 | 배송 24/24 | 재적재  4 | 중계율 0.19 | alpha 2.422 | complete
Ep 950 | 드론4 목적지26 |  507스텝 | 배송 26/26 | 재적재  3 | 중계율 0.12 | alpha 2.370 | complete
  [홀드아웃] 배송 50.0±0.0 완주 1.00 스텝 1055 점수 106.5 재적재 8.5 2홉+ 0.61 | 최고 106.6@ep700 정체 5/15
Ep 951 | 드론6 목적지20 |  184스텝 | 배송 20/20 | 재적재  0 | 중계율 0.11 | alpha 2.374 | complete
Ep 952 | 드론6 목적지28 |  223스텝 | 배송 28/28 | 재적재  1 | 중계율 0.12 | alpha 2.366 | complete
Ep 953 | 드론3 목적지42 | 1000스텝 | 배송 38/42 | 재적재  6 | 중계율 0.18 | alpha 2.367 | step_limit
Ep 954 | 드론3 목적지30 |  713스텝 | 배송 30/30 | 재적재  4 | 중계율 0.20 | alpha 2.350 | complete
Ep 955 | 드론5 목적지38 |  411스텝 | 배송 38/38 | 재적재  5 | 중계율 0.11 | alpha 2.326 | complete
Ep 956 | 드론4 목적지33 |  405스텝 | 배송 33/33 | 재적재  5 | 중계율 0.12 | alpha 2.329 | complete
Ep 957 | 드론3 목적지42 | 1000스텝 | 배송 38/42 | 재적재  6 | 중계율 0.25 | alpha 2.323 | step_limit
Ep 958 | 드론6 목적지34 |  361스텝 | 배송 34/34 | 재적재  4 | 중계율 0.11 | alpha 2.332 | complete
Ep 959 | 드론3 목적지80 | 1000스텝 | 배송 52/80 | 재적재 10 | 중계율 0.22 | alpha 2.346 | step_limit
Ep 960 | 드론6 목적지66 |  504스텝 | 배송 66/66 | 재적재 12 | 중계율 0.10 | alpha 2.351 | complete
Ep 961 | 드론3 목적지70 | 1000스텝 | 배송 52/70 | 재적재 10 | 중계율 0.17 | alpha 2.339 | step_limit
Ep 962 | 드론4 목적지47 |  673스텝 | 배송 47/47 | 재적재  7 | 중계율 0.16 | alpha 2.342 | complete
Ep 963 | 드론6 목적지27 |  251스텝 | 배송 27/27 | 재적재  0 | 중계율 0.09 | alpha 2.330 | complete
Ep 964 | 드론6 목적지65 |  661스텝 | 배송 65/65 | 재적재 11 | 중계율 0.12 | alpha 2.316 | complete
Ep 965 | 드론3 목적지22 |  575스텝 | 배송 22/22 | 재적재  3 | 중계율 0.16 | alpha 2.342 | complete
Ep 966 | 드론4 목적지28 |  704스텝 | 배송 28/28 | 재적재  3 | 중계율 0.21 | alpha 2.309 | complete
Ep 967 | 드론5 목적지73 |  796스텝 | 배송 73/73 | 재적재 13 | 중계율 0.12 | alpha 2.296 | complete
Ep 968 | 드론5 목적지62 |  657스텝 | 배송 62/62 | 재적재  9 | 중계율 0.13 | alpha 2.308 | complete
Ep 969 | 드론6 목적지55 |  554스텝 | 배송 55/55 | 재적재  9 | 중계율 0.12 | alpha 2.316 | complete
Ep 970 | 드론5 목적지46 |  576스텝 | 배송 46/46 | 재적재  7 | 중계율 0.11 | alpha 2.334 | complete
Ep 971 | 드론5 목적지34 |  590스텝 | 배송 34/34 | 재적재  5 | 중계율 0.19 | alpha 2.350 | complete
Ep 972 | 드론3 목적지78 | 1000스텝 | 배송 60/78 | 재적재 11 | 중계율 0.17 | alpha 2.337 | step_limit
Ep 973 | 드론4 목적지78 | 1000스텝 | 배송 71/78 | 재적재 14 | 중계율 0.12 | alpha 2.325 | step_limit
Ep 974 | 드론4 목적지60 | 1000스텝 | 배송 53/60 | 재적재  9 | 중계율 0.24 | alpha 2.283 | step_limit
Ep 975 | 드론6 목적지52 |  439스텝 | 배송 52/52 | 재적재  7 | 중계율 0.14 | alpha 2.280 | complete
Ep 976 | 드론5 목적지53 |  550스텝 | 배송 53/53 | 재적재  8 | 중계율 0.12 | alpha 2.249 | complete
Ep 977 | 드론6 목적지30 |  263스텝 | 배송 30/30 | 재적재  4 | 중계율 0.12 | alpha 2.248 | complete
Ep 978 | 드론6 목적지45 |  441스텝 | 배송 45/45 | 재적재  6 | 중계율 0.11 | alpha 2.272 | complete
Ep 979 | 드론6 목적지34 |  380스텝 | 배송 34/34 | 재적재  4 | 중계율 0.13 | alpha 2.284 | complete
Ep 980 | 드론3 목적지55 | 1000스텝 | 배송 43/55 | 재적재  8 | 중계율 0.21 | alpha 2.254 | step_limit
Ep 981 | 드론5 목적지49 |  978스텝 | 배송 49/49 | 재적재  8 | 중계율 0.24 | alpha 2.315 | complete
Ep 982 | 드론3 목적지26 |  728스텝 | 배송 26/26 | 재적재  4 | 중계율 0.13 | alpha 2.307 | complete
Ep 983 | 드론6 목적지39 |  427스텝 | 배송 39/39 | 재적재  4 | 중계율 0.14 | alpha 2.317 | complete
Ep 984 | 드론6 목적지20 |  216스텝 | 배송 20/20 | 재적재  1 | 중계율 0.10 | alpha 2.312 | complete
Ep 985 | 드론6 목적지29 |  332스텝 | 배송 29/29 | 재적재  4 | 중계율 0.11 | alpha 2.301 | complete
Ep 986 | 드론5 목적지59 | 1000스텝 | 배송 56/59 | 재적재  9 | 중계율 0.21 | alpha 2.312 | step_limit
Ep 987 | 드론3 목적지74 | 1000스텝 | 배송 66/74 | 재적재 12 | 중계율 0.19 | alpha 2.320 | step_limit
Ep 988 | 드론5 목적지70 |  767스텝 | 배송 70/70 | 재적재 11 | 중계율 0.14 | alpha 2.291 | complete
Ep 989 | 드론6 목적지34 |  327스텝 | 배송 34/34 | 재적재  4 | 중계율 0.08 | alpha 2.333 | complete
Ep 990 | 드론5 목적지28 |  351스텝 | 배송 28/28 | 재적재  4 | 중계율 0.14 | alpha 2.367 | complete
Ep 991 | 드론5 목적지76 |  996스텝 | 배송 76/76 | 재적재 14 | 중계율 0.17 | alpha 2.417 | complete
Ep 992 | 드론4 목적지40 |  804스텝 | 배송 40/40 | 재적재  7 | 중계율 0.21 | alpha 2.387 | complete
Ep 993 | 드론6 목적지61 |  462스텝 | 배송 61/61 | 재적재 10 | 중계율 0.09 | alpha 2.356 | complete
Ep 994 | 드론4 목적지49 | 1000스텝 | 배송 45/49 | 재적재  7 | 중계율 0.21 | alpha 2.304 | step_limit
Ep 995 | 드론6 목적지33 |  368스텝 | 배송 33/33 | 재적재  3 | 중계율 0.10 | alpha 2.290 | complete
Ep 996 | 드론3 목적지23 |  832스텝 | 배송 23/23 | 재적재  3 | 중계율 0.24 | alpha 2.299 | complete
Ep 997 | 드론6 목적지46 |  439스텝 | 배송 46/46 | 재적재  7 | 중계율 0.16 | alpha 2.294 | complete
Ep 998 | 드론6 목적지53 |  621스텝 | 배송 53/53 | 재적재  7 | 중계율 0.14 | alpha 2.289 | complete
Ep 999 | 드론4 목적지52 | 1000스텝 | 배송 49/52 | 재적재  8 | 중계율 0.20 | alpha 2.314 | step_limit
Ep 1000 | 드론4 목적지78 | 1000스텝 | 배송 71/78 | 재적재 13 | 중계율 0.19 | alpha 2.301 | step_limit
  [홀드아웃] 배송 50.0±0.0 완주 1.00 스텝 1026 점수 106.6 재적재 8.4 2홉+ 0.62 | 최고 106.6@ep700 정체 6/15
Ep 1001 | 드론4 목적지65 | 1000스텝 | 배송 61/65 | 재적재 12 | 중계율 0.21 | alpha 2.346 | step_limit
Ep 1002 | 드론3 목적지51 |  906스텝 | 배송 51/51 | 재적재  9 | 중계율 0.17 | alpha 2.322 | complete
Ep 1003 | 드론5 목적지23 |  419스텝 | 배송 23/23 | 재적재  3 | 중계율 0.12 | alpha 2.331 | complete
Ep 1004 | 드론3 목적지73 | 1000스텝 | 배송 57/73 | 재적재  9 | 중계율 0.18 | alpha 2.344 | step_limit
Ep 1005 | 드론3 목적지31 |  825스텝 | 배송 31/31 | 재적재  6 | 중계율 0.20 | alpha 2.309 | complete
Ep 1006 | 드론3 목적지54 | 1000스텝 | 배송 51/54 | 재적재 10 | 중계율 0.16 | alpha 2.314 | step_limit
Ep 1007 | 드론3 목적지61 | 1000스텝 | 배송 56/61 | 재적재 10 | 중계율 0.18 | alpha 2.337 | step_limit
Ep 1008 | 드론4 목적지56 | 1000스텝 | 배송 46/56 | 재적재  7 | 중계율 0.28 | alpha 2.315 | step_limit
Ep 1009 | 드론4 목적지65 | 1000스텝 | 배송 60/65 | 재적재 10 | 중계율 0.25 | alpha 2.346 | step_limit
Ep 1010 | 드론4 목적지64 | 1000스텝 | 배송 60/64 | 재적재 10 | 중계율 0.23 | alpha 2.328 | step_limit
Ep 1011 | 드론4 목적지48 |  698스텝 | 배송 48/48 | 재적재  7 | 중계율 0.14 | alpha 2.326 | complete
Ep 1012 | 드론5 목적지77 |  838스텝 | 배송 77/77 | 재적재 14 | 중계율 0.13 | alpha 2.311 | complete
Ep 1013 | 드론6 목적지30 |  321스텝 | 배송 30/30 | 재적재  4 | 중계율 0.13 | alpha 2.287 | complete
Ep 1014 | 드론6 목적지73 |  691스텝 | 배송 73/73 | 재적재 12 | 중계율 0.10 | alpha 2.283 | complete
Ep 1015 | 드론6 목적지80 |  661스텝 | 배송 80/80 | 재적재 14 | 중계율 0.08 | alpha 2.289 | complete
Ep 1016 | 드론4 목적지35 | 1000스텝 | 배송 32/35 | 재적재  5 | 중계율 0.22 | alpha 2.307 | step_limit
Ep 1017 | 드론4 목적지52 |  892스텝 | 배송 52/52 | 재적재  9 | 중계율 0.21 | alpha 2.295 | complete
Ep 1018 | 드론6 목적지25 |  417스텝 | 배송 25/25 | 재적재  2 | 중계율 0.14 | alpha 2.299 | complete
Ep 1019 | 드론5 목적지59 |  567스텝 | 배송 59/59 | 재적재 10 | 중계율 0.11 | alpha 2.322 | complete
Ep 1020 | 드론3 목적지57 | 1000스텝 | 배송 50/57 | 재적재  9 | 중계율 0.15 | alpha 2.316 | step_limit
Ep 1021 | 드론3 목적지78 | 1000스텝 | 배송 69/78 | 재적재 12 | 중계율 0.15 | alpha 2.286 | step_limit
Ep 1022 | 드론3 목적지68 | 1000스텝 | 배송 57/68 | 재적재 11 | 중계율 0.16 | alpha 2.294 | step_limit
Ep 1023 | 드론3 목적지33 | 1000스텝 | 배송 32/33 | 재적재  6 | 중계율 0.22 | alpha 2.268 | step_limit
Ep 1024 | 드론3 목적지77 | 1000스텝 | 배송 64/77 | 재적재 11 | 중계율 0.23 | alpha 2.298 | step_limit
Ep 1025 | 드론6 목적지23 |  238스텝 | 배송 23/23 | 재적재  2 | 중계율 0.08 | alpha 2.294 | complete
Ep 1026 | 드론5 목적지21 |  299스텝 | 배송 21/21 | 재적재  2 | 중계율 0.11 | alpha 2.276 | complete
Ep 1027 | 드론3 목적지35 | 1000스텝 | 배송 34/35 | 재적재  6 | 중계율 0.16 | alpha 2.255 | step_limit
Ep 1028 | 드론5 목적지41 |  531스텝 | 배송 41/41 | 재적재  6 | 중계율 0.13 | alpha 2.230 | complete
Ep 1029 | 드론5 목적지21 |  230스텝 | 배송 21/21 | 재적재  1 | 중계율 0.12 | alpha 2.240 | complete
Ep 1030 | 드론4 목적지54 |  920스텝 | 배송 54/54 | 재적재  8 | 중계율 0.15 | alpha 2.296 | complete
Ep 1031 | 드론4 목적지72 |  992스텝 | 배송 72/72 | 재적재 13 | 중계율 0.16 | alpha 2.296 | complete
Ep 1032 | 드론5 목적지48 |  626스텝 | 배송 48/48 | 재적재  8 | 중계율 0.16 | alpha 2.341 | complete
Ep 1033 | 드론3 목적지32 |  759스텝 | 배송 32/32 | 재적재  5 | 중계율 0.18 | alpha 2.346 | complete
Ep 1034 | 드론4 목적지21 |  468스텝 | 배송 21/21 | 재적재  2 | 중계율 0.18 | alpha 2.368 | complete
Ep 1035 | 드론3 목적지57 | 1000스텝 | 배송 52/57 | 재적재  8 | 중계율 0.22 | alpha 2.346 | step_limit
Ep 1036 | 드론4 목적지56 | 1000스텝 | 배송 54/56 | 재적재 10 | 중계율 0.18 | alpha 2.365 | step_limit
Ep 1037 | 드론4 목적지53 | 1000스텝 | 배송 49/53 | 재적재  7 | 중계율 0.29 | alpha 2.318 | step_limit
Ep 1038 | 드론5 목적지29 |  327스텝 | 배송 29/29 | 재적재  4 | 중계율 0.10 | alpha 2.315 | complete
Ep 1039 | 드론3 목적지45 |  901스텝 | 배송 45/45 | 재적재  7 | 중계율 0.18 | alpha 2.333 | complete
Ep 1040 | 드론3 목적지23 |  452스텝 | 배송 23/23 | 재적재  2 | 중계율 0.16 | alpha 2.325 | complete
Ep 1041 | 드론6 목적지20 |  204스텝 | 배송 20/20 | 재적재  0 | 중계율 0.13 | alpha 2.318 | complete
Ep 1042 | 드론4 목적지71 | 1000스텝 | 배송 59/71 | 재적재  9 | 중계율 0.21 | alpha 2.320 | step_limit
Ep 1043 | 드론4 목적지36 |  786스텝 | 배송 36/36 | 재적재  6 | 중계율 0.18 | alpha 2.303 | complete
Ep 1044 | 드론4 목적지46 |  635스텝 | 배송 46/46 | 재적재  8 | 중계율 0.13 | alpha 2.332 | complete
Ep 1045 | 드론3 목적지65 | 1000스텝 | 배송 52/65 | 재적재 10 | 중계율 0.23 | alpha 2.330 | step_limit
Ep 1046 | 드론5 목적지53 |  489스텝 | 배송 53/53 | 재적재  7 | 중계율 0.15 | alpha 2.285 | complete
Ep 1047 | 드론5 목적지77 | 1000스텝 | 배송 77/77 | 재적재 14 | 중계율 0.13 | alpha 2.275 | complete
Ep 1048 | 드론6 목적지54 |  492스텝 | 배송 54/54 | 재적재  9 | 중계율 0.13 | alpha 2.279 | complete
Ep 1049 | 드론3 목적지75 | 1000스텝 | 배송 68/75 | 재적재 11 | 중계율 0.19 | alpha 2.345 | step_limit
Ep 1050 | 드론5 목적지66 |  814스텝 | 배송 66/66 | 재적재 11 | 중계율 0.12 | alpha 2.362 | complete
  [홀드아웃] 배송 50.0±0.3 완주 0.97 스텝 1035 점수 104.1 재적재 8.3 2홉+ 0.63 | 최고 106.6@ep700 정체 7/15
Ep 1051 | 드론4 목적지46 |  818스텝 | 배송 46/46 | 재적재  8 | 중계율 0.20 | alpha 2.358 | complete
Ep 1052 | 드론6 목적지64 |  550스텝 | 배송 64/64 | 재적재 11 | 중계율 0.16 | alpha 2.367 | complete
Ep 1053 | 드론6 목적지77 |  765스텝 | 배송 77/77 | 재적재 12 | 중계율 0.14 | alpha 2.390 | complete
Ep 1054 | 드론4 목적지50 |  857스텝 | 배송 50/50 | 재적재  8 | 중계율 0.16 | alpha 2.365 | complete
Ep 1055 | 드론3 목적지33 |  822스텝 | 배송 33/33 | 재적재  5 | 중계율 0.18 | alpha 2.343 | complete
Ep 1056 | 드론5 목적지55 |  474스텝 | 배송 55/55 | 재적재  9 | 중계율 0.06 | alpha 2.343 | complete
Ep 1057 | 드론6 목적지78 |  702스텝 | 배송 78/78 | 재적재 13 | 중계율 0.15 | alpha 2.322 | complete
Ep 1058 | 드론3 목적지74 | 1000스텝 | 배송 69/74 | 재적재 13 | 중계율 0.12 | alpha 2.357 | step_limit
Ep 1059 | 드론5 목적지76 |  790스텝 | 배송 76/76 | 재적재 14 | 중계율 0.14 | alpha 2.392 | complete
Ep 1060 | 드론4 목적지56 | 1000스텝 | 배송 54/56 | 재적재 10 | 중계율 0.22 | alpha 2.428 | step_limit
Ep 1061 | 드론6 목적지46 |  709스텝 | 배송 46/46 | 재적재  8 | 중계율 0.14 | alpha 2.404 | complete
Ep 1062 | 드론6 목적지55 |  610스텝 | 배송 55/55 | 재적재 10 | 중계율 0.13 | alpha 2.397 | complete
Ep 1063 | 드론5 목적지54 |  590스텝 | 배송 54/54 | 재적재  9 | 중계율 0.12 | alpha 2.417 | complete
Ep 1064 | 드론3 목적지76 | 1000스텝 | 배송 64/76 | 재적재 11 | 중계율 0.21 | alpha 2.419 | step_limit
Ep 1065 | 드론4 목적지23 |  299스텝 | 배송 23/23 | 재적재  3 | 중계율 0.10 | alpha 2.426 | complete
Ep 1066 | 드론3 목적지37 |  861스텝 | 배송 37/37 | 재적재  6 | 중계율 0.21 | alpha 2.457 | complete
Ep 1067 | 드론3 목적지76 | 1000스텝 | 배송 59/76 | 재적재 11 | 중계율 0.18 | alpha 2.456 | step_limit
Ep 1068 | 드론6 목적지77 |  742스텝 | 배송 77/77 | 재적재 14 | 중계율 0.15 | alpha 2.462 | complete
Ep 1069 | 드론5 목적지56 |  730스텝 | 배송 56/56 | 재적재  8 | 중계율 0.15 | alpha 2.449 | complete
Ep 1070 | 드론6 목적지39 |  350스텝 | 배송 39/39 | 재적재  4 | 중계율 0.07 | alpha 2.450 | complete
Ep 1071 | 드론5 목적지26 |  368스텝 | 배송 26/26 | 재적재  3 | 중계율 0.15 | alpha 2.472 | complete
Ep 1072 | 드론6 목적지62 |  673스텝 | 배송 62/62 | 재적재 11 | 중계율 0.17 | alpha 2.481 | complete
Ep 1073 | 드론3 목적지44 | 1000스텝 | 배송 41/44 | 재적재  7 | 중계율 0.24 | alpha 2.447 | step_limit
Ep 1074 | 드론4 목적지71 |  903스텝 | 배송 71/71 | 재적재 12 | 중계율 0.12 | alpha 2.458 | complete
Ep 1075 | 드론5 목적지36 |  506스텝 | 배송 36/36 | 재적재  6 | 중계율 0.18 | alpha 2.467 | complete
Ep 1076 | 드론3 목적지53 |  883스텝 | 배송 53/53 | 재적재 10 | 중계율 0.11 | alpha 2.442 | complete
Ep 1077 | 드론3 목적지47 | 1000스텝 | 배송 46/47 | 재적재  8 | 중계율 0.17 | alpha 2.437 | step_limit
Ep 1078 | 드론5 목적지54 |  499스텝 | 배송 54/54 | 재적재  9 | 중계율 0.10 | alpha 2.426 | complete
Ep 1079 | 드론6 목적지48 |  443스텝 | 배송 48/48 | 재적재  8 | 중계율 0.09 | alpha 2.439 | complete
Ep 1080 | 드론6 목적지54 |  552스텝 | 배송 54/54 | 재적재 10 | 중계율 0.13 | alpha 2.472 | complete
Ep 1081 | 드론5 목적지28 |  378스텝 | 배송 28/28 | 재적재  2 | 중계율 0.14 | alpha 2.461 | complete
Ep 1082 | 드론4 목적지37 |  521스텝 | 배송 37/37 | 재적재  6 | 중계율 0.15 | alpha 2.436 | complete
Ep 1083 | 드론3 목적지25 |  572스텝 | 배송 25/25 | 재적재  3 | 중계율 0.12 | alpha 2.414 | complete
Ep 1084 | 드론6 목적지31 |  274스텝 | 배송 31/31 | 재적재  2 | 중계율 0.07 | alpha 2.417 | complete
Ep 1085 | 드론6 목적지46 |  407스텝 | 배송 46/46 | 재적재  6 | 중계율 0.17 | alpha 2.420 | complete
Ep 1086 | 드론4 목적지30 |  559스텝 | 배송 30/30 | 재적재  4 | 중계율 0.18 | alpha 2.416 | complete
Ep 1087 | 드론6 목적지20 |  235스텝 | 배송 20/20 | 재적재  1 | 중계율 0.08 | alpha 2.408 | complete
Ep 1088 | 드론3 목적지55 | 1000스텝 | 배송 50/55 | 재적재  9 | 중계율 0.21 | alpha 2.446 | step_limit
Ep 1089 | 드론5 목적지45 |  465스텝 | 배송 45/45 | 재적재  7 | 중계율 0.11 | alpha 2.485 | complete
Ep 1090 | 드론5 목적지23 |  337스텝 | 배송 23/23 | 재적재  3 | 중계율 0.11 | alpha 2.493 | complete
Ep 1091 | 드론3 목적지25 |  299스텝 | 배송 25/25 | 재적재  3 | 중계율 0.07 | alpha 2.489 | complete
Ep 1092 | 드론4 목적지46 |  736스텝 | 배송 46/46 | 재적재  7 | 중계율 0.13 | alpha 2.468 | complete
Ep 1093 | 드론5 목적지61 |  806스텝 | 배송 61/61 | 재적재 11 | 중계율 0.12 | alpha 2.440 | complete
Ep 1094 | 드론5 목적지63 |  740스텝 | 배송 63/63 | 재적재 10 | 중계율 0.12 | alpha 2.448 | complete
Ep 1095 | 드론3 목적지27 |  554스텝 | 배송 27/27 | 재적재  4 | 중계율 0.18 | alpha 2.429 | complete
Ep 1096 | 드론3 목적지72 | 1000스텝 | 배송 52/72 | 재적재  9 | 중계율 0.23 | alpha 2.441 | step_limit
Ep 1097 | 드론5 목적지45 |  836스텝 | 배송 45/45 | 재적재  7 | 중계율 0.17 | alpha 2.434 | complete
Ep 1098 | 드론6 목적지30 |  338스텝 | 배송 30/30 | 재적재  4 | 중계율 0.14 | alpha 2.454 | complete
Ep 1099 | 드론5 목적지74 | 1000스텝 | 배송 66/74 | 재적재 12 | 중계율 0.22 | alpha 2.490 | step_limit
Ep 1100 | 드론4 목적지37 |  452스텝 | 배송 37/37 | 재적재  7 | 중계율 0.11 | alpha 2.509 | complete
  [홀드아웃] 배송 50.0±0.0 완주 1.00 스텝 1107 점수 106.3 재적재 8.6 2홉+ 0.63 | 최고 106.6@ep700 정체 8/15
Ep 1101 | 드론5 목적지34 |  685스텝 | 배송 34/34 | 재적재  5 | 중계율 0.20 | alpha 2.529 | complete
Ep 1102 | 드론4 목적지40 |  879스텝 | 배송 40/40 | 재적재  6 | 중계율 0.18 | alpha 2.533 | complete
Ep 1103 | 드론6 목적지64 |  552스텝 | 배송 64/64 | 재적재 10 | 중계율 0.11 | alpha 2.526 | complete
Ep 1104 | 드론6 목적지35 |  397스텝 | 배송 35/35 | 재적재  4 | 중계율 0.12 | alpha 2.515 | complete
Ep 1105 | 드론3 목적지57 | 1000스텝 | 배송 54/57 | 재적재 10 | 중계율 0.18 | alpha 2.508 | step_limit
Ep 1106 | 드론5 목적지71 |  768스텝 | 배송 71/71 | 재적재 13 | 중계율 0.11 | alpha 2.498 | complete
Ep 1107 | 드론6 목적지71 |  823스텝 | 배송 71/71 | 재적재 13 | 중계율 0.14 | alpha 2.510 | complete
Ep 1108 | 드론5 목적지48 |  519스텝 | 배송 48/48 | 재적재  8 | 중계율 0.11 | alpha 2.524 | complete
Ep 1109 | 드론4 목적지55 |  640스텝 | 배송 55/55 | 재적재 10 | 중계율 0.14 | alpha 2.521 | complete
Ep 1110 | 드론4 목적지34 |  874스텝 | 배송 34/34 | 재적재  6 | 중계율 0.19 | alpha 2.527 | complete
Ep 1111 | 드론6 목적지61 |  593스텝 | 배송 61/61 | 재적재  9 | 중계율 0.13 | alpha 2.558 | complete
Ep 1112 | 드론5 목적지34 |  728스텝 | 배송 34/34 | 재적재  5 | 중계율 0.19 | alpha 2.583 | complete
Ep 1113 | 드론5 목적지45 |  657스텝 | 배송 45/45 | 재적재  8 | 중계율 0.11 | alpha 2.547 | complete
Ep 1114 | 드론3 목적지76 | 1000스텝 | 배송 64/76 | 재적재 11 | 중계율 0.23 | alpha 2.551 | step_limit
Ep 1115 | 드론3 목적지29 |  880스텝 | 배송 29/29 | 재적재  4 | 중계율 0.23 | alpha 2.534 | complete
Ep 1116 | 드론3 목적지80 | 1000스텝 | 배송 61/80 | 재적재 12 | 중계율 0.18 | alpha 2.515 | step_limit
Ep 1117 | 드론3 목적지48 |  875스텝 | 배송 48/48 | 재적재  9 | 중계율 0.14 | alpha 2.546 | complete
Ep 1118 | 드론5 목적지80 |  912스텝 | 배송 80/80 | 재적재 14 | 중계율 0.13 | alpha 2.564 | complete
Ep 1119 | 드론6 목적지54 |  675스텝 | 배송 54/54 | 재적재  9 | 중계율 0.14 | alpha 2.532 | complete
Ep 1120 | 드론4 목적지57 |  968스텝 | 배송 57/57 | 재적재 10 | 중계율 0.19 | alpha 2.499 | complete
Ep 1121 | 드론5 목적지43 |  655스텝 | 배송 43/43 | 재적재  7 | 중계율 0.14 | alpha 2.511 | complete
Ep 1122 | 드론3 목적지56 | 1000스텝 | 배송 51/56 | 재적재  9 | 중계율 0.16 | alpha 2.522 | step_limit
Ep 1123 | 드론6 목적지57 |  618스텝 | 배송 57/57 | 재적재  7 | 중계율 0.11 | alpha 2.569 | complete
Ep 1124 | 드론5 목적지77 |  692스텝 | 배송 77/77 | 재적재 13 | 중계율 0.11 | alpha 2.586 | complete
Ep 1125 | 드론3 목적지30 |  838스텝 | 배송 30/30 | 재적재  5 | 중계율 0.16 | alpha 2.559 | complete
Ep 1126 | 드론4 목적지48 |  727스텝 | 배송 48/48 | 재적재  8 | 중계율 0.13 | alpha 2.550 | complete
Ep 1127 | 드론5 목적지45 |  603스텝 | 배송 45/45 | 재적재  7 | 중계율 0.13 | alpha 2.558 | complete
Ep 1128 | 드론4 목적지54 | 1000스텝 | 배송 51/54 | 재적재  9 | 중계율 0.22 | alpha 2.519 | step_limit
Ep 1129 | 드론4 목적지52 |  879스텝 | 배송 52/52 | 재적재  9 | 중계율 0.11 | alpha 2.521 | complete
Ep 1130 | 드론4 목적지42 |  893스텝 | 배송 42/42 | 재적재  7 | 중계율 0.15 | alpha 2.497 | complete
Ep 1131 | 드론5 목적지68 |  797스텝 | 배송 68/68 | 재적재 11 | 중계율 0.14 | alpha 2.483 | complete
Ep 1132 | 드론4 목적지65 | 1000스텝 | 배송 57/65 | 재적재 10 | 중계율 0.20 | alpha 2.517 | step_limit
Ep 1133 | 드론4 목적지32 |  638스텝 | 배송 32/32 | 재적재  4 | 중계율 0.13 | alpha 2.537 | complete
Ep 1134 | 드론6 목적지76 |  958스텝 | 배송 76/76 | 재적재 14 | 중계율 0.22 | alpha 2.550 | complete
Ep 1135 | 드론6 목적지79 |  598스텝 | 배송 79/79 | 재적재 14 | 중계율 0.07 | alpha 2.542 | complete
Ep 1136 | 드론5 목적지22 |  327스텝 | 배송 22/22 | 재적재  3 | 중계율 0.13 | alpha 2.540 | complete
Ep 1137 | 드론6 목적지74 |  743스텝 | 배송 74/74 | 재적재 13 | 중계율 0.15 | alpha 2.522 | complete
Ep 1138 | 드론3 목적지38 |  919스텝 | 배송 38/38 | 재적재  6 | 중계율 0.24 | alpha 2.542 | complete
Ep 1139 | 드론5 목적지31 |  348스텝 | 배송 31/31 | 재적재  4 | 중계율 0.12 | alpha 2.525 | complete
Ep 1140 | 드론4 목적지47 |  766스텝 | 배송 47/47 | 재적재  8 | 중계율 0.14 | alpha 2.545 | complete
Ep 1141 | 드론4 목적지37 |  587스텝 | 배송 37/37 | 재적재  6 | 중계율 0.15 | alpha 2.540 | complete
Ep 1142 | 드론4 목적지53 | 1000스텝 | 배송 51/53 | 재적재  9 | 중계율 0.23 | alpha 2.557 | step_limit
Ep 1143 | 드론3 목적지48 | 1000스텝 | 배송 38/48 | 재적재  5 | 중계율 0.19 | alpha 2.545 | step_limit
Ep 1144 | 드론4 목적지70 | 1000스텝 | 배송 69/70 | 재적재 11 | 중계율 0.17 | alpha 2.584 | step_limit
Ep 1145 | 드론6 목적지48 |  417스텝 | 배송 48/48 | 재적재  7 | 중계율 0.08 | alpha 2.587 | complete
Ep 1146 | 드론4 목적지45 | 1000스텝 | 배송 41/45 | 재적재  6 | 중계율 0.27 | alpha 2.585 | step_limit
Ep 1147 | 드론6 목적지49 |  451스텝 | 배송 49/49 | 재적재  7 | 중계율 0.09 | alpha 2.566 | complete
Ep 1148 | 드론5 목적지22 |  374스텝 | 배송 22/22 | 재적재  2 | 중계율 0.11 | alpha 2.553 | complete
Ep 1149 | 드론4 목적지44 |  796스텝 | 배송 44/44 | 재적재  7 | 중계율 0.11 | alpha 2.575 | complete
Ep 1150 | 드론5 목적지51 |  781스텝 | 배송 51/51 | 재적재  8 | 중계율 0.19 | alpha 2.600 | complete
  [홀드아웃] 배송 50.0±0.0 완주 1.00 스텝 1078 점수 106.4 재적재 8.3 2홉+ 0.63 | 최고 106.6@ep700 정체 9/15
Ep 1151 | 드론3 목적지63 | 1000스텝 | 배송 51/63 | 재적재  8 | 중계율 0.18 | alpha 2.575 | step_limit
Ep 1152 | 드론3 목적지47 | 1000스텝 | 배송 42/47 | 재적재  7 | 중계율 0.19 | alpha 2.571 | step_limit
Ep 1153 | 드론4 목적지44 | 1000스텝 | 배송 38/44 | 재적재  5 | 중계율 0.26 | alpha 2.547 | step_limit
Ep 1154 | 드론5 목적지39 |  363스텝 | 배송 39/39 | 재적재  4 | 중계율 0.07 | alpha 2.537 | complete
Ep 1155 | 드론3 목적지52 | 1000스텝 | 배송 50/52 | 재적재  9 | 중계율 0.21 | alpha 2.550 | step_limit
Ep 1156 | 드론6 목적지59 |  690스텝 | 배송 59/59 | 재적재 10 | 중계율 0.10 | alpha 2.553 | complete
Ep 1157 | 드론3 목적지33 |  881스텝 | 배송 33/33 | 재적재  5 | 중계율 0.27 | alpha 2.536 | complete
Ep 1158 | 드론5 목적지55 | 1000스텝 | 배송 48/55 | 재적재  9 | 중계율 0.18 | alpha 2.546 | step_limit
Ep 1159 | 드론6 목적지33 |  362스텝 | 배송 33/33 | 재적재  4 | 중계율 0.10 | alpha 2.564 | complete
Ep 1160 | 드론5 목적지71 | 1000스텝 | 배송 70/71 | 재적재 13 | 중계율 0.23 | alpha 2.559 | step_limit
Ep 1161 | 드론5 목적지78 |  934스텝 | 배송 78/78 | 재적재 14 | 중계율 0.16 | alpha 2.513 | complete
Ep 1162 | 드론4 목적지27 |  350스텝 | 배송 27/27 | 재적재  4 | 중계율 0.10 | alpha 2.530 | complete
Ep 1163 | 드론3 목적지71 | 1000스텝 | 배송 57/71 | 재적재 10 | 중계율 0.17 | alpha 2.552 | step_limit
Ep 1164 | 드론5 목적지24 |  391스텝 | 배송 24/24 | 재적재  2 | 중계율 0.09 | alpha 2.527 | complete
Ep 1165 | 드론4 목적지47 |  651스텝 | 배송 47/47 | 재적재  7 | 중계율 0.16 | alpha 2.536 | complete
Ep 1166 | 드론5 목적지79 |  952스텝 | 배송 79/79 | 재적재 14 | 중계율 0.14 | alpha 2.581 | complete
Ep 1167 | 드론4 목적지74 | 1000스텝 | 배송 68/74 | 재적재 12 | 중계율 0.18 | alpha 2.616 | step_limit
Ep 1168 | 드론4 목적지68 | 1000스텝 | 배송 66/68 | 재적재 11 | 중계율 0.11 | alpha 2.575 | step_limit
Ep 1169 | 드론3 목적지79 | 1000스텝 | 배송 67/79 | 재적재 12 | 중계율 0.14 | alpha 2.564 | step_limit
Ep 1170 | 드론4 목적지39 |  537스텝 | 배송 39/39 | 재적재  6 | 중계율 0.12 | alpha 2.564 | complete
Ep 1171 | 드론5 목적지25 |  344스텝 | 배송 25/25 | 재적재  3 | 중계율 0.06 | alpha 2.560 | complete
Ep 1172 | 드론3 목적지21 |  554스텝 | 배송 21/21 | 재적재  2 | 중계율 0.12 | alpha 2.551 | complete
Ep 1173 | 드론6 목적지53 |  503스텝 | 배송 53/53 | 재적재  8 | 중계율 0.09 | alpha 2.535 | complete
Ep 1174 | 드론4 목적지51 |  773스텝 | 배송 51/51 | 재적재  9 | 중계율 0.16 | alpha 2.546 | complete
Ep 1175 | 드론3 목적지74 | 1000스텝 | 배송 61/74 | 재적재 10 | 중계율 0.18 | alpha 2.516 | step_limit
Ep 1176 | 드론4 목적지66 | 1000스텝 | 배송 48/66 | 재적재  9 | 중계율 0.31 | alpha 2.506 | step_limit
Ep 1177 | 드론4 목적지66 |  867스텝 | 배송 66/66 | 재적재 11 | 중계율 0.13 | alpha 2.492 | complete
Ep 1178 | 드론5 목적지39 |  752스텝 | 배송 39/39 | 재적재  6 | 중계율 0.19 | alpha 2.483 | complete
Ep 1179 | 드론4 목적지21 |  503스텝 | 배송 21/21 | 재적재  3 | 중계율 0.20 | alpha 2.508 | complete
Ep 1180 | 드론4 목적지33 |  581스텝 | 배송 33/33 | 재적재  5 | 중계율 0.12 | alpha 2.489 | complete
Ep 1181 | 드론3 목적지41 | 1000스텝 | 배송 39/41 | 재적재  6 | 중계율 0.22 | alpha 2.507 | step_limit
Ep 1182 | 드론6 목적지48 |  602스텝 | 배송 48/48 | 재적재  8 | 중계율 0.14 | alpha 2.504 | complete
Ep 1183 | 드론5 목적지22 |  509스텝 | 배송 22/22 | 재적재  2 | 중계율 0.13 | alpha 2.472 | complete
Ep 1184 | 드론6 목적지24 |  172스텝 | 배송 24/24 | 재적재  1 | 중계율 0.05 | alpha 2.478 | complete
Ep 1185 | 드론4 목적지79 | 1000스텝 | 배송 72/79 | 재적재 14 | 중계율 0.16 | alpha 2.453 | step_limit
Ep 1186 | 드론3 목적지43 |  944스텝 | 배송 43/43 | 재적재  7 | 중계율 0.22 | alpha 2.510 | complete
Ep 1187 | 드론5 목적지80 |  751스텝 | 배송 80/80 | 재적재 14 | 중계율 0.11 | alpha 2.528 | complete
Ep 1188 | 드론4 목적지67 |  912스텝 | 배송 67/67 | 재적재 11 | 중계율 0.12 | alpha 2.513 | complete
Ep 1189 | 드론5 목적지67 |  936스텝 | 배송 67/67 | 재적재 11 | 중계율 0.17 | alpha 2.502 | complete
Ep 1190 | 드론4 목적지28 |  476스텝 | 배송 28/28 | 재적재  4 | 중계율 0.15 | alpha 2.502 | complete
Ep 1191 | 드론4 목적지67 | 1000스텝 | 배송 66/67 | 재적재 11 | 중계율 0.19 | alpha 2.523 | step_limit
Ep 1192 | 드론4 목적지44 |  724스텝 | 배송 44/44 | 재적재  7 | 중계율 0.17 | alpha 2.504 | complete
Ep 1193 | 드론5 목적지53 |  609스텝 | 배송 53/53 | 재적재  9 | 중계율 0.09 | alpha 2.499 | complete
Ep 1194 | 드론5 목적지27 |  371스텝 | 배송 27/27 | 재적재  4 | 중계율 0.12 | alpha 2.504 | complete
Ep 1195 | 드론6 목적지57 |  475스텝 | 배송 57/57 | 재적재  9 | 중계율 0.07 | alpha 2.508 | complete
Ep 1196 | 드론4 목적지74 |  797스텝 | 배송 74/74 | 재적재 13 | 중계율 0.12 | alpha 2.496 | complete
Ep 1197 | 드론6 목적지25 |  343스텝 | 배송 25/25 | 재적재  4 | 중계율 0.08 | alpha 2.486 | complete
Ep 1198 | 드론6 목적지35 |  419스텝 | 배송 35/35 | 재적재  5 | 중계율 0.11 | alpha 2.499 | complete
Ep 1199 | 드론6 목적지29 |  447스텝 | 배송 29/29 | 재적재  4 | 중계율 0.17 | alpha 2.490 | complete
Ep 1200 | 드론3 목적지40 |  889스텝 | 배송 40/40 | 재적재  6 | 중계율 0.12 | alpha 2.471 | complete
  [홀드아웃] 배송 49.5±2.8 완주 0.97 스텝 1063 점수 104.0 재적재 8.3 2홉+ 0.64 | 최고 106.6@ep700 정체 10/15
Ep 1201 | 드론3 목적지43 |  962스텝 | 배송 43/43 | 재적재  7 | 중계율 0.18 | alpha 2.485 | complete
Ep 1202 | 드론4 목적지25 |  352스텝 | 배송 25/25 | 재적재  3 | 중계율 0.08 | alpha 2.504 | complete
Ep 1203 | 드론3 목적지48 |  881스텝 | 배송 48/48 | 재적재  9 | 중계율 0.17 | alpha 2.527 | complete
Ep 1204 | 드론4 목적지59 | 1000스텝 | 배송 54/59 | 재적재  8 | 중계율 0.23 | alpha 2.561 | step_limit
Ep 1205 | 드론6 목적지53 |  410스텝 | 배송 53/53 | 재적재  9 | 중계율 0.08 | alpha 2.566 | complete
Ep 1206 | 드론3 목적지45 |  934스텝 | 배송 45/45 | 재적재  8 | 중계율 0.19 | alpha 2.579 | complete
Ep 1207 | 드론3 목적지72 | 1000스텝 | 배송 55/72 | 재적재 10 | 중계율 0.22 | alpha 2.547 | step_limit
Ep 1208 | 드론3 목적지68 | 1000스텝 | 배송 59/68 | 재적재 11 | 중계율 0.21 | alpha 2.597 | step_limit
Ep 1209 | 드론5 목적지37 |  537스텝 | 배송 37/37 | 재적재  6 | 중계율 0.15 | alpha 2.612 | complete
Ep 1210 | 드론4 목적지40 |  547스텝 | 배송 40/40 | 재적재  7 | 중계율 0.16 | alpha 2.616 | complete
Ep 1211 | 드론5 목적지40 |  472스텝 | 배송 40/40 | 재적재  7 | 중계율 0.13 | alpha 2.550 | complete
Ep 1212 | 드론6 목적지47 |  401스텝 | 배송 47/47 | 재적재  5 | 중계율 0.09 | alpha 2.554 | complete
Ep 1213 | 드론6 목적지44 |  354스텝 | 배송 44/44 | 재적재  5 | 중계율 0.12 | alpha 2.572 | complete
Ep 1214 | 드론4 목적지54 |  820스텝 | 배송 54/54 | 재적재 10 | 중계율 0.15 | alpha 2.525 | complete
Ep 1215 | 드론3 목적지71 | 1000스텝 | 배송 60/71 | 재적재 11 | 중계율 0.19 | alpha 2.495 | step_limit
Ep 1216 | 드론6 목적지68 |  834스텝 | 배송 68/68 | 재적재 12 | 중계율 0.16 | alpha 2.516 | complete
Ep 1217 | 드론3 목적지48 |  903스텝 | 배송 48/48 | 재적재  8 | 중계율 0.20 | alpha 2.512 | complete
Ep 1218 | 드론5 목적지37 |  373스텝 | 배송 37/37 | 재적재  5 | 중계율 0.10 | alpha 2.533 | complete
Ep 1219 | 드론4 목적지80 | 1000스텝 | 배송 79/80 | 재적재 14 | 중계율 0.18 | alpha 2.597 | step_limit
Ep 1220 | 드론4 목적지63 | 1000스텝 | 배송 62/63 | 재적재 10 | 중계율 0.19 | alpha 2.563 | step_limit
Ep 1221 | 드론3 목적지21 |  637스텝 | 배송 21/21 | 재적재  3 | 중계율 0.17 | alpha 2.557 | complete
Ep 1222 | 드론3 목적지59 | 1000스텝 | 배송 52/59 | 재적재 10 | 중계율 0.14 | alpha 2.571 | step_limit
Ep 1223 | 드론4 목적지25 |  433스텝 | 배송 25/25 | 재적재  4 | 중계율 0.15 | alpha 2.573 | complete
Ep 1224 | 드론4 목적지53 |  718스텝 | 배송 53/53 | 재적재  8 | 중계율 0.16 | alpha 2.517 | complete
Ep 1225 | 드론3 목적지66 | 1000스텝 | 배송 56/66 | 재적재  9 | 중계율 0.17 | alpha 2.565 | step_limit
Ep 1226 | 드론5 목적지39 |  351스텝 | 배송 39/39 | 재적재  4 | 중계율 0.09 | alpha 2.565 | complete
Ep 1227 | 드론6 목적지70 |  544스텝 | 배송 70/70 | 재적재 10 | 중계율 0.10 | alpha 2.569 | complete
Ep 1228 | 드론3 목적지52 | 1000스텝 | 배송 46/52 | 재적재  8 | 중계율 0.21 | alpha 2.565 | step_limit
Ep 1229 | 드론3 목적지43 | 1000스텝 | 배송 41/43 | 재적재  8 | 중계율 0.20 | alpha 2.537 | step_limit
Ep 1230 | 드론3 목적지79 | 1000스텝 | 배송 62/79 | 재적재 11 | 중계율 0.24 | alpha 2.505 | step_limit
Ep 1231 | 드론4 목적지30 |  328스텝 | 배송 30/30 | 재적재  5 | 중계율 0.12 | alpha 2.511 | complete
Ep 1232 | 드론4 목적지67 |  713스텝 | 배송 67/67 | 재적재 12 | 중계율 0.11 | alpha 2.538 | complete
Ep 1233 | 드론5 목적지36 |  533스텝 | 배송 36/36 | 재적재  6 | 중계율 0.14 | alpha 2.522 | complete
Ep 1234 | 드론4 목적지71 | 1000스텝 | 배송 65/71 | 재적재 11 | 중계율 0.17 | alpha 2.535 | step_limit
Ep 1235 | 드론5 목적지57 |  646스텝 | 배송 57/57 | 재적재  9 | 중계율 0.12 | alpha 2.550 | complete
Ep 1236 | 드론6 목적지53 |  613스텝 | 배송 53/53 | 재적재  8 | 중계율 0.15 | alpha 2.571 | complete
Ep 1237 | 드론5 목적지71 | 1000스텝 | 배송 65/71 | 재적재 11 | 중계율 0.21 | alpha 2.571 | step_limit
Ep 1238 | 드론6 목적지65 |  795스텝 | 배송 65/65 | 재적재 11 | 중계율 0.21 | alpha 2.553 | complete
Ep 1239 | 드론4 목적지60 | 1000스텝 | 배송 49/60 | 재적재  7 | 중계율 0.24 | alpha 2.525 | step_limit
Ep 1240 | 드론4 목적지53 |  931스텝 | 배송 53/53 | 재적재  8 | 중계율 0.17 | alpha 2.562 | complete
Ep 1241 | 드론3 목적지80 | 1000스텝 | 배송 64/80 | 재적재 11 | 중계율 0.22 | alpha 2.582 | step_limit
Ep 1242 | 드론5 목적지25 |  267스텝 | 배송 25/25 | 재적재  3 | 중계율 0.09 | alpha 2.590 | complete
Ep 1243 | 드론4 목적지63 | 1000스텝 | 배송 62/63 | 재적재 10 | 중계율 0.25 | alpha 2.571 | step_limit
Ep 1244 | 드론6 목적지36 |  485스텝 | 배송 36/36 | 재적재  4 | 중계율 0.13 | alpha 2.578 | complete
Ep 1245 | 드론6 목적지42 |  400스텝 | 배송 42/42 | 재적재  6 | 중계율 0.15 | alpha 2.583 | complete
Ep 1246 | 드론4 목적지34 |  316스텝 | 배송 34/34 | 재적재  4 | 중계율 0.06 | alpha 2.596 | complete
Ep 1247 | 드론5 목적지41 |  732스텝 | 배송 41/41 | 재적재  6 | 중계율 0.15 | alpha 2.589 | complete
Ep 1248 | 드론5 목적지56 |  542스텝 | 배송 56/56 | 재적재  9 | 중계율 0.09 | alpha 2.588 | complete
Ep 1249 | 드론4 목적지52 |  804스텝 | 배송 52/52 | 재적재  9 | 중계율 0.15 | alpha 2.580 | complete
Ep 1250 | 드론3 목적지29 |  706스텝 | 배송 29/29 | 재적재  4 | 중계율 0.18 | alpha 2.578 | complete
  [홀드아웃] 배송 50.0±0.0 완주 1.00 스텝 1101 점수 106.3 재적재 8.4 2홉+ 0.63 | 최고 106.6@ep700 정체 11/15
Ep 1251 | 드론4 목적지71 | 1000스텝 | 배송 64/71 | 재적재 10 | 중계율 0.20 | alpha 2.538 | step_limit
Ep 1252 | 드론5 목적지79 | 1000스텝 | 배송 77/79 | 재적재 12 | 중계율 0.15 | alpha 2.599 | step_limit
Ep 1253 | 드론6 목적지71 |  685스텝 | 배송 71/71 | 재적재 12 | 중계율 0.16 | alpha 2.596 | complete
Ep 1254 | 드론6 목적지47 |  467스텝 | 배송 47/47 | 재적재  8 | 중계율 0.11 | alpha 2.591 | complete
Ep 1255 | 드론5 목적지70 |  803스텝 | 배송 70/70 | 재적재 11 | 중계율 0.15 | alpha 2.596 | complete
Ep 1256 | 드론3 목적지67 | 1000스텝 | 배송 51/67 | 재적재  9 | 중계율 0.20 | alpha 2.591 | step_limit
Ep 1257 | 드론4 목적지41 | 1000스텝 | 배송 40/41 | 재적재  6 | 중계율 0.26 | alpha 2.603 | step_limit
Ep 1258 | 드론5 목적지41 |  387스텝 | 배송 41/41 | 재적재  5 | 중계율 0.08 | alpha 2.617 | complete
Ep 1259 | 드론4 목적지67 |  928스텝 | 배송 67/67 | 재적재 12 | 중계율 0.17 | alpha 2.615 | complete
Ep 1260 | 드론3 목적지20 |  483스텝 | 배송 20/20 | 재적재  3 | 중계율 0.20 | alpha 2.604 | complete
Ep 1261 | 드론4 목적지45 |  500스텝 | 배송 45/45 | 재적재  8 | 중계율 0.11 | alpha 2.580 | complete
Ep 1262 | 드론3 목적지61 | 1000스텝 | 배송 55/61 | 재적재 10 | 중계율 0.21 | alpha 2.551 | step_limit
Ep 1263 | 드론6 목적지34 |  363스텝 | 배송 34/34 | 재적재  5 | 중계율 0.10 | alpha 2.543 | complete
Ep 1264 | 드론6 목적지31 |  249스텝 | 배송 31/31 | 재적재  5 | 중계율 0.07 | alpha 2.529 | complete
Ep 1265 | 드론4 목적지56 | 1000스텝 | 배송 55/56 | 재적재  9 | 중계율 0.17 | alpha 2.521 | step_limit
Ep 1266 | 드론4 목적지23 |  480스텝 | 배송 23/23 | 재적재  2 | 중계율 0.09 | alpha 2.511 | complete
Ep 1267 | 드론3 목적지63 | 1000스텝 | 배송 55/63 | 재적재  9 | 중계율 0.17 | alpha 2.537 | step_limit
Ep 1268 | 드론3 목적지39 |  957스텝 | 배송 39/39 | 재적재  7 | 중계율 0.16 | alpha 2.575 | complete
Ep 1269 | 드론5 목적지70 |  677스텝 | 배송 70/70 | 재적재 12 | 중계율 0.12 | alpha 2.547 | complete
Ep 1270 | 드론5 목적지39 |  462스텝 | 배송 39/39 | 재적재  6 | 중계율 0.12 | alpha 2.550 | complete
Ep 1271 | 드론3 목적지74 | 1000스텝 | 배송 61/74 | 재적재 12 | 중계율 0.13 | alpha 2.529 | step_limit
Ep 1272 | 드론5 목적지20 |  376스텝 | 배송 20/20 | 재적재  2 | 중계율 0.13 | alpha 2.529 | complete
Ep 1273 | 드론3 목적지27 |  769스텝 | 배송 27/27 | 재적재  4 | 중계율 0.19 | alpha 2.535 | complete
Ep 1274 | 드론3 목적지34 | 1000스텝 | 배송 29/34 | 재적재  5 | 중계율 0.24 | alpha 2.562 | step_limit
Ep 1275 | 드론3 목적지29 |  803스텝 | 배송 29/29 | 재적재  5 | 중계율 0.18 | alpha 2.605 | complete
Ep 1276 | 드론6 목적지62 |  664스텝 | 배송 62/62 | 재적재 11 | 중계율 0.17 | alpha 2.620 | complete
Ep 1277 | 드론3 목적지77 | 1000스텝 | 배송 68/77 | 재적재 13 | 중계율 0.17 | alpha 2.603 | step_limit
Ep 1278 | 드론3 목적지59 | 1000스텝 | 배송 50/59 | 재적재  8 | 중계율 0.24 | alpha 2.647 | step_limit
Ep 1279 | 드론6 목적지39 |  517스텝 | 배송 39/39 | 재적재  5 | 중계율 0.14 | alpha 2.633 | complete
Ep 1280 | 드론4 목적지31 |  398스텝 | 배송 31/31 | 재적재  5 | 중계율 0.13 | alpha 2.624 | complete
Ep 1281 | 드론3 목적지36 | 1000스텝 | 배송 33/36 | 재적재  6 | 중계율 0.26 | alpha 2.595 | step_limit
Ep 1282 | 드론4 목적지39 |  694스텝 | 배송 39/39 | 재적재  6 | 중계율 0.15 | alpha 2.611 | complete
Ep 1283 | 드론3 목적지43 |  882스텝 | 배송 43/43 | 재적재  8 | 중계율 0.16 | alpha 2.592 | complete
Ep 1284 | 드론5 목적지25 |  363스텝 | 배송 25/25 | 재적재  4 | 중계율 0.15 | alpha 2.575 | complete
Ep 1285 | 드론6 목적지74 |  578스텝 | 배송 74/74 | 재적재 12 | 중계율 0.08 | alpha 2.582 | complete
Ep 1286 | 드론3 목적지76 | 1000스텝 | 배송 63/76 | 재적재 11 | 중계율 0.20 | alpha 2.605 | step_limit
Ep 1287 | 드론6 목적지59 |  636스텝 | 배송 59/59 | 재적재 10 | 중계율 0.16 | alpha 2.646 | complete
Ep 1288 | 드론5 목적지77 |  671스텝 | 배송 77/77 | 재적재 12 | 중계율 0.10 | alpha 2.685 | complete
Ep 1289 | 드론3 목적지24 |  394스텝 | 배송 24/24 | 재적재  4 | 중계율 0.11 | alpha 2.694 | complete
Ep 1290 | 드론5 목적지52 |  662스텝 | 배송 52/52 | 재적재 10 | 중계율 0.18 | alpha 2.682 | complete
Ep 1291 | 드론3 목적지42 |  792스텝 | 배송 42/42 | 재적재  8 | 중계율 0.15 | alpha 2.670 | complete
Ep 1292 | 드론3 목적지77 | 1000스텝 | 배송 52/77 | 재적재  9 | 중계율 0.22 | alpha 2.644 | step_limit
Ep 1293 | 드론5 목적지76 |  904스텝 | 배송 76/76 | 재적재 14 | 중계율 0.17 | alpha 2.657 | complete
Ep 1294 | 드론6 목적지31 |  295스텝 | 배송 31/31 | 재적재  4 | 중계율 0.10 | alpha 2.655 | complete
Ep 1295 | 드론5 목적지61 |  829스텝 | 배송 61/61 | 재적재 10 | 중계율 0.22 | alpha 2.627 | complete
Ep 1296 | 드론4 목적지50 |  671스텝 | 배송 50/50 | 재적재  9 | 중계율 0.14 | alpha 2.647 | complete
Ep 1297 | 드론5 목적지76 |  733스텝 | 배송 76/76 | 재적재 14 | 중계율 0.15 | alpha 2.628 | complete
Ep 1298 | 드론5 목적지36 |  490스텝 | 배송 36/36 | 재적재  6 | 중계율 0.14 | alpha 2.632 | complete
Ep 1299 | 드론5 목적지66 |  680스텝 | 배송 66/66 | 재적재 12 | 중계율 0.14 | alpha 2.648 | complete
Ep 1300 | 드론3 목적지21 |  634스텝 | 배송 21/21 | 재적재  3 | 중계율 0.19 | alpha 2.643 | complete
  [홀드아웃] 배송 49.9±0.5 완주 0.97 스텝 1155 점수 103.7 재적재 8.5 2홉+ 0.64 | 최고 106.6@ep700 정체 12/15
Ep 1301 | 드론3 목적지47 |  911스텝 | 배송 47/47 | 재적재  8 | 중계율 0.16 | alpha 2.603 | complete
Ep 1302 | 드론3 목적지58 | 1000스텝 | 배송 53/58 | 재적재  9 | 중계율 0.18 | alpha 2.594 | step_limit
Ep 1303 | 드론5 목적지61 |  554스텝 | 배송 61/61 | 재적재  9 | 중계율 0.17 | alpha 2.609 | complete
Ep 1304 | 드론3 목적지67 | 1000스텝 | 배송 59/67 | 재적재 11 | 중계율 0.15 | alpha 2.606 | step_limit
Ep 1305 | 드론6 목적지61 |  462스텝 | 배송 61/61 | 재적재 10 | 중계율 0.08 | alpha 2.650 | complete
Ep 1306 | 드론3 목적지79 | 1000스텝 | 배송 60/79 | 재적재 11 | 중계율 0.14 | alpha 2.606 | step_limit
Ep 1307 | 드론5 목적지73 |  724스텝 | 배송 73/73 | 재적재 13 | 중계율 0.13 | alpha 2.641 | complete
Ep 1308 | 드론5 목적지60 | 1000스텝 | 배송 57/60 | 재적재  9 | 중계율 0.22 | alpha 2.641 | step_limit
Ep 1309 | 드론6 목적지77 |  794스텝 | 배송 77/77 | 재적재 14 | 중계율 0.13 | alpha 2.674 | complete
Ep 1310 | 드론5 목적지72 |  786스텝 | 배송 72/72 | 재적재 12 | 중계율 0.14 | alpha 2.669 | complete
Ep 1311 | 드론3 목적지60 | 1000스텝 | 배송 50/60 | 재적재 10 | 중계율 0.17 | alpha 2.656 | step_limit
Ep 1312 | 드론5 목적지59 |  750스텝 | 배송 59/59 | 재적재  9 | 중계율 0.15 | alpha 2.625 | complete
Ep 1313 | 드론3 목적지72 | 1000스텝 | 배송 51/72 | 재적재  9 | 중계율 0.20 | alpha 2.597 | step_limit
Ep 1314 | 드론4 목적지67 | 1000스텝 | 배송 61/67 | 재적재 12 | 중계율 0.19 | alpha 2.607 | step_limit
Ep 1315 | 드론6 목적지58 |  503스텝 | 배송 58/58 | 재적재  8 | 중계율 0.07 | alpha 2.597 | complete
Ep 1316 | 드론3 목적지66 | 1000스텝 | 배송 55/66 | 재적재  9 | 중계율 0.20 | alpha 2.628 | step_limit
Ep 1317 | 드론5 목적지67 |  834스텝 | 배송 67/67 | 재적재 11 | 중계율 0.15 | alpha 2.610 | complete
Ep 1318 | 드론4 목적지28 |  647스텝 | 배송 28/28 | 재적재  5 | 중계율 0.19 | alpha 2.618 | complete
Ep 1319 | 드론4 목적지34 |  800스텝 | 배송 34/34 | 재적재  5 | 중계율 0.19 | alpha 2.657 | complete
Ep 1320 | 드론4 목적지57 |  934스텝 | 배송 57/57 | 재적재 11 | 중계율 0.22 | alpha 2.632 | complete
Ep 1321 | 드론6 목적지59 |  569스텝 | 배송 59/59 | 재적재 10 | 중계율 0.08 | alpha 2.590 | complete
Ep 1322 | 드론4 목적지39 |  542스텝 | 배송 39/39 | 재적재  5 | 중계율 0.14 | alpha 2.607 | complete
Ep 1323 | 드론6 목적지48 |  533스텝 | 배송 48/48 | 재적재  8 | 중계율 0.15 | alpha 2.605 | complete
Ep 1324 | 드론5 목적지52 |  541스텝 | 배송 52/52 | 재적재  8 | 중계율 0.10 | alpha 2.606 | complete
Ep 1325 | 드론5 목적지40 |  451스텝 | 배송 40/40 | 재적재  6 | 중계율 0.08 | alpha 2.586 | complete
Ep 1326 | 드론3 목적지40 | 1000스텝 | 배송 34/40 | 재적재  4 | 중계율 0.27 | alpha 2.604 | step_limit
Ep 1327 | 드론3 목적지23 |  602스텝 | 배송 23/23 | 재적재  3 | 중계율 0.21 | alpha 2.653 | complete
Ep 1328 | 드론6 목적지25 |  428스텝 | 배송 25/25 | 재적재  2 | 중계율 0.14 | alpha 2.651 | complete
Ep 1329 | 드론3 목적지51 |  905스텝 | 배송 51/51 | 재적재  9 | 중계율 0.21 | alpha 2.639 | complete
Ep 1330 | 드론6 목적지42 |  461스텝 | 배송 42/42 | 재적재  5 | 중계율 0.16 | alpha 2.644 | complete
Ep 1331 | 드론6 목적지48 |  722스텝 | 배송 48/48 | 재적재  8 | 중계율 0.21 | alpha 2.598 | complete
Ep 1332 | 드론5 목적지21 |  311스텝 | 배송 21/21 | 재적재  3 | 중계율 0.13 | alpha 2.576 | complete
Ep 1333 | 드론6 목적지42 |  436스텝 | 배송 42/42 | 재적재  5 | 중계율 0.16 | alpha 2.575 | complete
Ep 1334 | 드론6 목적지30 |  355스텝 | 배송 30/30 | 재적재  3 | 중계율 0.11 | alpha 2.567 | complete
Ep 1335 | 드론5 목적지52 |  548스텝 | 배송 52/52 | 재적재  8 | 중계율 0.12 | alpha 2.570 | complete
Ep 1336 | 드론4 목적지31 |  623스텝 | 배송 31/31 | 재적재  5 | 중계율 0.14 | alpha 2.585 | complete
Ep 1337 | 드론5 목적지70 |  884스텝 | 배송 70/70 | 재적재 12 | 중계율 0.14 | alpha 2.572 | complete
Ep 1338 | 드론3 목적지80 | 1000스텝 | 배송 66/80 | 재적재 11 | 중계율 0.16 | alpha 2.575 | step_limit
Ep 1339 | 드론5 목적지74 |  760스텝 | 배송 74/74 | 재적재 13 | 중계율 0.13 | alpha 2.570 | complete
Ep 1340 | 드론5 목적지77 | 1000스텝 | 배송 76/77 | 재적재 14 | 중계율 0.18 | alpha 2.540 | step_limit
Ep 1341 | 드론5 목적지30 |  444스텝 | 배송 30/30 | 재적재  5 | 중계율 0.05 | alpha 2.511 | complete
Ep 1342 | 드론6 목적지59 |  823스텝 | 배송 59/59 | 재적재 10 | 중계율 0.17 | alpha 2.536 | complete
Ep 1343 | 드론5 목적지28 |  383스텝 | 배송 28/28 | 재적재  4 | 중계율 0.10 | alpha 2.561 | complete
Ep 1344 | 드론4 목적지48 |  937스텝 | 배송 48/48 | 재적재  8 | 중계율 0.17 | alpha 2.588 | complete
Ep 1345 | 드론3 목적지61 | 1000스텝 | 배송 58/61 | 재적재 10 | 중계율 0.16 | alpha 2.552 | step_limit
Ep 1346 | 드론4 목적지54 |  899스텝 | 배송 54/54 | 재적재 10 | 중계율 0.17 | alpha 2.572 | complete
Ep 1347 | 드론4 목적지68 | 1000스텝 | 배송 66/68 | 재적재 13 | 중계율 0.21 | alpha 2.622 | step_limit
Ep 1348 | 드론4 목적지25 |  301스텝 | 배송 25/25 | 재적재  4 | 중계율 0.12 | alpha 2.606 | complete
Ep 1349 | 드론6 목적지33 |  393스텝 | 배송 33/33 | 재적재  4 | 중계율 0.11 | alpha 2.596 | complete
Ep 1350 | 드론4 목적지70 |  987스텝 | 배송 70/70 | 재적재 13 | 중계율 0.14 | alpha 2.591 | complete
  [홀드아웃] 배송 50.0±0.0 완주 1.00 스텝 1104 점수 106.3 재적재 8.6 2홉+ 0.64 | 최고 106.6@ep700 정체 13/15
Ep 1351 | 드론4 목적지42 |  590스텝 | 배송 42/42 | 재적재  7 | 중계율 0.15 | alpha 2.576 | complete
Ep 1352 | 드론3 목적지30 |  795스텝 | 배송 30/30 | 재적재  5 | 중계율 0.19 | alpha 2.548 | complete
Ep 1353 | 드론3 목적지55 | 1000스텝 | 배송 45/55 | 재적재  8 | 중계율 0.20 | alpha 2.548 | step_limit
Ep 1354 | 드론4 목적지25 |  859스텝 | 배송 25/25 | 재적재  4 | 중계율 0.25 | alpha 2.531 | complete
Ep 1355 | 드론4 목적지54 |  765스텝 | 배송 54/54 | 재적재 10 | 중계율 0.12 | alpha 2.538 | complete
Ep 1356 | 드론6 목적지76 |  820스텝 | 배송 76/76 | 재적재 13 | 중계율 0.16 | alpha 2.563 | complete
Ep 1357 | 드론4 목적지61 | 1000스텝 | 배송 50/61 | 재적재  9 | 중계율 0.28 | alpha 2.587 | step_limit
Ep 1358 | 드론5 목적지36 |  433스텝 | 배송 36/36 | 재적재  4 | 중계율 0.12 | alpha 2.586 | complete
Ep 1359 | 드론3 목적지38 |  961스텝 | 배송 38/38 | 재적재  7 | 중계율 0.22 | alpha 2.585 | complete
Ep 1360 | 드론4 목적지22 |  596스텝 | 배송 22/22 | 재적재  3 | 중계율 0.14 | alpha 2.617 | complete
Ep 1361 | 드론3 목적지53 | 1000스텝 | 배송 50/53 | 재적재  9 | 중계율 0.20 | alpha 2.623 | step_limit
Ep 1362 | 드론3 목적지69 | 1000스텝 | 배송 54/69 | 재적재 10 | 중계율 0.13 | alpha 2.651 | step_limit
Ep 1363 | 드론6 목적지80 |  667스텝 | 배송 80/80 | 재적재 13 | 중계율 0.11 | alpha 2.663 | complete
Ep 1364 | 드론4 목적지73 | 1000스텝 | 배송 62/73 | 재적재 11 | 중계율 0.21 | alpha 2.650 | step_limit
Ep 1365 | 드론6 목적지36 |  462스텝 | 배송 36/36 | 재적재  6 | 중계율 0.13 | alpha 2.657 | complete
Ep 1366 | 드론4 목적지76 | 1000스텝 | 배송 64/76 | 재적재 11 | 중계율 0.18 | alpha 2.644 | step_limit
Ep 1367 | 드론5 목적지75 |  767스텝 | 배송 75/75 | 재적재 12 | 중계율 0.10 | alpha 2.671 | complete
Ep 1368 | 드론6 목적지47 |  644스텝 | 배송 47/47 | 재적재  6 | 중계율 0.16 | alpha 2.686 | complete
Ep 1369 | 드론5 목적지68 |  949스텝 | 배송 68/68 | 재적재 12 | 중계율 0.17 | alpha 2.691 | complete
Ep 1370 | 드론5 목적지48 |  554스텝 | 배송 48/48 | 재적재  8 | 중계율 0.16 | alpha 2.632 | complete
Ep 1371 | 드론6 목적지24 |  261스텝 | 배송 24/24 | 재적재  2 | 중계율 0.11 | alpha 2.633 | complete
Ep 1372 | 드론6 목적지55 |  584스텝 | 배송 55/55 | 재적재  9 | 중계율 0.14 | alpha 2.630 | complete
Ep 1373 | 드론4 목적지23 |  469스텝 | 배송 23/23 | 재적재  3 | 중계율 0.14 | alpha 2.597 | complete
Ep 1374 | 드론3 목적지27 |  920스텝 | 배송 27/27 | 재적재  4 | 중계율 0.20 | alpha 2.583 | complete
Ep 1375 | 드론4 목적지63 | 1000스텝 | 배송 58/63 | 재적재 10 | 중계율 0.21 | alpha 2.605 | step_limit
Ep 1376 | 드론6 목적지56 |  805스텝 | 배송 56/56 | 재적재  9 | 중계율 0.17 | alpha 2.661 | complete
Ep 1377 | 드론4 목적지60 | 1000스텝 | 배송 55/60 | 재적재  9 | 중계율 0.24 | alpha 2.697 | step_limit
Ep 1378 | 드론3 목적지73 | 1000스텝 | 배송 53/73 | 재적재 10 | 중계율 0.17 | alpha 2.697 | step_limit
Ep 1379 | 드론4 목적지49 |  917스텝 | 배송 49/49 | 재적재  9 | 중계율 0.18 | alpha 2.673 | complete
Ep 1380 | 드론4 목적지67 | 1000스텝 | 배송 63/67 | 재적재 11 | 중계율 0.13 | alpha 2.675 | step_limit
Ep 1381 | 드론4 목적지63 |  709스텝 | 배송 63/63 | 재적재 11 | 중계율 0.14 | alpha 2.703 | complete
Ep 1382 | 드론4 목적지74 | 1000스텝 | 배송 60/74 | 재적재 10 | 중계율 0.24 | alpha 2.667 | step_limit
Ep 1383 | 드론4 목적지48 |  877스텝 | 배송 48/48 | 재적재  8 | 중계율 0.17 | alpha 2.671 | complete
Ep 1384 | 드론6 목적지26 |  286스텝 | 배송 26/26 | 재적재  4 | 중계율 0.09 | alpha 2.649 | complete
Ep 1385 | 드론4 목적지38 |  609스텝 | 배송 38/38 | 재적재  7 | 중계율 0.13 | alpha 2.654 | complete
Ep 1386 | 드론3 목적지20 |  586스텝 | 배송 20/20 | 재적재  3 | 중계율 0.17 | alpha 2.630 | complete
Ep 1387 | 드론5 목적지36 |  456스텝 | 배송 36/36 | 재적재  6 | 중계율 0.13 | alpha 2.615 | complete
Ep 1388 | 드론3 목적지50 | 1000스텝 | 배송 43/50 | 재적재  8 | 중계율 0.17 | alpha 2.632 | step_limit
Ep 1389 | 드론4 목적지77 |  975스텝 | 배송 77/77 | 재적재 14 | 중계율 0.14 | alpha 2.648 | complete
Ep 1390 | 드론6 목적지20 |  211스텝 | 배송 20/20 | 재적재  0 | 중계율 0.08 | alpha 2.644 | complete
Ep 1391 | 드론6 목적지64 |  604스텝 | 배송 64/64 | 재적재 10 | 중계율 0.10 | alpha 2.630 | complete
Ep 1392 | 드론4 목적지63 | 1000스텝 | 배송 61/63 | 재적재 11 | 중계율 0.18 | alpha 2.673 | step_limit
Ep 1393 | 드론6 목적지76 |  781스텝 | 배송 76/76 | 재적재 13 | 중계율 0.14 | alpha 2.682 | complete
Ep 1394 | 드론5 목적지23 |  382스텝 | 배송 23/23 | 재적재  2 | 중계율 0.20 | alpha 2.682 | complete
Ep 1395 | 드론4 목적지25 |  469스텝 | 배송 25/25 | 재적재  4 | 중계율 0.13 | alpha 2.689 | complete
Ep 1396 | 드론4 목적지59 | 1000스텝 | 배송 57/59 | 재적재 10 | 중계율 0.21 | alpha 2.711 | step_limit
Ep 1397 | 드론6 목적지49 |  418스텝 | 배송 49/49 | 재적재  7 | 중계율 0.10 | alpha 2.708 | complete
Ep 1398 | 드론5 목적지66 |  680스텝 | 배송 66/66 | 재적재 11 | 중계율 0.11 | alpha 2.721 | complete
Ep 1399 | 드론3 목적지69 | 1000스텝 | 배송 52/69 | 재적재  8 | 중계율 0.23 | alpha 2.698 | step_limit
Ep 1400 | 드론3 목적지50 | 1000스텝 | 배송 43/50 | 재적재  7 | 중계율 0.17 | alpha 2.679 | step_limit
  [홀드아웃] 배송 50.0±0.0 완주 1.00 스텝 1094 점수 106.4 재적재 8.5 2홉+ 0.64 | 최고 106.6@ep700 정체 14/15
Ep 1401 | 드론6 목적지71 |  508스텝 | 배송 71/71 | 재적재 11 | 중계율 0.08 | alpha 2.698 | complete
Ep 1402 | 드론4 목적지44 |  743스텝 | 배송 44/44 | 재적재  7 | 중계율 0.14 | alpha 2.738 | complete
Ep 1403 | 드론4 목적지67 | 1000스텝 | 배송 56/67 | 재적재  9 | 중계율 0.24 | alpha 2.719 | step_limit
Ep 1404 | 드론5 목적지45 |  444스텝 | 배송 45/45 | 재적재  5 | 중계율 0.11 | alpha 2.730 | complete
Ep 1405 | 드론4 목적지39 |  842스텝 | 배송 39/39 | 재적재  6 | 중계율 0.21 | alpha 2.739 | complete
Ep 1406 | 드론4 목적지67 |  998스텝 | 배송 67/67 | 재적재 12 | 중계율 0.16 | alpha 2.766 | complete
Ep 1407 | 드론6 목적지73 | 1000스텝 | 배송 71/73 | 재적재 11 | 중계율 0.20 | alpha 2.676 | step_limit
Ep 1408 | 드론6 목적지61 |  742스텝 | 배송 61/61 | 재적재 10 | 중계율 0.13 | alpha 2.707 | complete
Ep 1409 | 드론6 목적지73 |  581스텝 | 배송 73/73 | 재적재 12 | 중계율 0.10 | alpha 2.719 | complete
Ep 1410 | 드론5 목적지74 |  826스텝 | 배송 74/74 | 재적재 13 | 중계율 0.17 | alpha 2.770 | complete
Ep 1411 | 드론4 목적지29 |  680스텝 | 배송 29/29 | 재적재  5 | 중계율 0.20 | alpha 2.718 | complete
Ep 1412 | 드론6 목적지25 |  220스텝 | 배송 25/25 | 재적재  1 | 중계율 0.10 | alpha 2.715 | complete
Ep 1413 | 드론3 목적지67 | 1000스텝 | 배송 44/67 | 재적재  7 | 중계율 0.23 | alpha 2.729 | step_limit
Ep 1414 | 드론4 목적지55 | 1000스텝 | 배송 53/55 | 재적재  8 | 중계율 0.23 | alpha 2.692 | step_limit
Ep 1415 | 드론3 목적지54 | 1000스텝 | 배송 48/54 | 재적재  8 | 중계율 0.21 | alpha 2.655 | step_limit
Ep 1416 | 드론6 목적지23 |  176스텝 | 배송 23/23 | 재적재  0 | 중계율 0.09 | alpha 2.652 | complete
Ep 1417 | 드론6 목적지70 |  815스텝 | 배송 70/70 | 재적재 11 | 중계율 0.12 | alpha 2.692 | complete
Ep 1418 | 드론5 목적지37 |  918스텝 | 배송 37/37 | 재적재  6 | 중계율 0.25 | alpha 2.713 | complete
Ep 1419 | 드론3 목적지42 |  883스텝 | 배송 42/42 | 재적재  7 | 중계율 0.21 | alpha 2.756 | complete
Ep 1420 | 드론6 목적지49 |  599스텝 | 배송 49/49 | 재적재  6 | 중계율 0.10 | alpha 2.745 | complete
Ep 1421 | 드론5 목적지31 |  322스텝 | 배송 31/31 | 재적재  4 | 중계율 0.09 | alpha 2.746 | complete
Ep 1422 | 드론4 목적지45 |  924스텝 | 배송 45/45 | 재적재  8 | 중계율 0.21 | alpha 2.745 | complete
Ep 1423 | 드론6 목적지34 |  283스텝 | 배송 34/34 | 재적재  5 | 중계율 0.05 | alpha 2.748 | complete
Ep 1424 | 드론4 목적지23 |  614스텝 | 배송 23/23 | 재적재  3 | 중계율 0.22 | alpha 2.759 | complete
Ep 1425 | 드론4 목적지56 | 1000스텝 | 배송 52/56 | 재적재  9 | 중계율 0.26 | alpha 2.735 | step_limit
Ep 1426 | 드론6 목적지80 |  757스텝 | 배송 80/80 | 재적재 13 | 중계율 0.16 | alpha 2.720 | complete
Ep 1427 | 드론6 목적지76 |  563스텝 | 배송 76/76 | 재적재 13 | 중계율 0.09 | alpha 2.742 | complete
Ep 1428 | 드론6 목적지31 |  382스텝 | 배송 31/31 | 재적재  4 | 중계율 0.14 | alpha 2.737 | complete
Ep 1429 | 드론3 목적지48 | 1000스텝 | 배송 45/48 | 재적재  8 | 중계율 0.19 | alpha 2.742 | step_limit
Ep 1430 | 드론3 목적지37 |  984스텝 | 배송 37/37 | 재적재  6 | 중계율 0.27 | alpha 2.724 | complete
Ep 1431 | 드론5 목적지26 |  541스텝 | 배송 26/26 | 재적재  3 | 중계율 0.23 | alpha 2.718 | complete
Ep 1432 | 드론6 목적지72 |  684스텝 | 배송 72/72 | 재적재 12 | 중계율 0.17 | alpha 2.745 | complete
Ep 1433 | 드론3 목적지67 | 1000스텝 | 배송 52/67 | 재적재  9 | 중계율 0.22 | alpha 2.709 | step_limit
Ep 1434 | 드론5 목적지69 |  655스텝 | 배송 69/69 | 재적재 12 | 중계율 0.09 | alpha 2.725 | complete
Ep 1435 | 드론6 목적지40 |  466스텝 | 배송 40/40 | 재적재  5 | 중계율 0.14 | alpha 2.736 | complete
Ep 1436 | 드론3 목적지52 | 1000스텝 | 배송 43/52 | 재적재  7 | 중계율 0.15 | alpha 2.720 | step_limit
Ep 1437 | 드론3 목적지25 |  631스텝 | 배송 25/25 | 재적재  4 | 중계율 0.16 | alpha 2.738 | complete
Ep 1438 | 드론6 목적지45 |  489스텝 | 배송 45/45 | 재적재  6 | 중계율 0.10 | alpha 2.758 | complete
Ep 1439 | 드론6 목적지68 |  573스텝 | 배송 68/68 | 재적재 11 | 중계율 0.12 | alpha 2.789 | complete
Ep 1440 | 드론4 목적지31 |  588스텝 | 배송 31/31 | 재적재  5 | 중계율 0.20 | alpha 2.758 | complete
Ep 1441 | 드론3 목적지60 | 1000스텝 | 배송 52/60 | 재적재  9 | 중계율 0.22 | alpha 2.729 | step_limit
Ep 1442 | 드론5 목적지23 |  454스텝 | 배송 23/23 | 재적재  3 | 중계율 0.15 | alpha 2.719 | complete
Ep 1443 | 드론3 목적지58 | 1000스텝 | 배송 45/58 | 재적재  8 | 중계율 0.21 | alpha 2.694 | step_limit
Ep 1444 | 드론4 목적지65 | 1000스텝 | 배송 64/65 | 재적재 12 | 중계율 0.16 | alpha 2.687 | step_limit
Ep 1445 | 드론3 목적지45 |  733스텝 | 배송 45/45 | 재적재  8 | 중계율 0.10 | alpha 2.690 | complete
Ep 1446 | 드론3 목적지50 | 1000스텝 | 배송 48/50 | 재적재  8 | 중계율 0.25 | alpha 2.664 | step_limit
Ep 1447 | 드론6 목적지30 |  257스텝 | 배송 30/30 | 재적재  4 | 중계율 0.12 | alpha 2.667 | complete
Ep 1448 | 드론3 목적지28 |  800스텝 | 배송 28/28 | 재적재  4 | 중계율 0.22 | alpha 2.725 | complete
Ep 1449 | 드론6 목적지33 |  528스텝 | 배송 33/33 | 재적재  5 | 중계율 0.19 | alpha 2.745 | complete
Ep 1450 | 드론3 목적지34 |  713스텝 | 배송 34/34 | 재적재  6 | 중계율 0.19 | alpha 2.740 | complete
  [홀드아웃] 배송 50.0±0.0 완주 1.00 스텝 1066 점수 106.4 재적재 8.5 2홉+ 0.63 | 최고 106.6@ep700 정체 15/15

조기 종료. 최고 106.6@ep700
Training finished. best=106.6 @ ep700
