/home/kopt/enter/envs/wsl_neuroMCTS/lib/python3.10/site-packages/pygame/pkgdata.py:25: UserWarning: pkg_resources is deprecated as an API. See https://setuptools.pypa.io/en/latest/pkg_resources.html. The pkg_resources package is slated for removal as early as 2025-11-30. Refrain from using this package or pin to Setuptools<81.
  from pkg_resources import resource_stream, resource_exists
pygame 2.6.1 (SDL 2.28.4, Python 3.10.19)
Hello from the pygame community. https://www.pygame.org/contribute.html
집합 상위 학습 | 반경 300 상한 1000 무배송 500 gamma 0.997 구성=무작위 드론[3, 6] 목적지[20, 80] CC무작위 인스턴스=무작위 목표유지=off 완주보상=0.0 잔여페널티=0.1 규칙관측=False 규칙정규화=2.0 막힘페널티=0.0 도달권shaping=0.0 자기회귀=True 홀드아웃상한=3000 선택=makespan
/home/kopt/drone/proposed_src/pipeline/train_v5_26_09_15_23.py:333: UserWarning: Converting a tensor with requires_grad=True to a scalar may lead to unexpected behavior.
Consider using tensor.detach() first. (Triggered internally at /pytorch/torch/csrc/autograd/generated/python_variable_methods.cpp:836.)
  writer.add_scalar("train/alpha", float(log_alpha.exp()), ep)
Ep 1 | 드론6 목적지57 | 1000스텝 | 배송 52/57 | 재적재  8 | 중계율 0.16 | alpha 0.100 | step_limit
Ep 2 | 드론3 목적지50 | 1000스텝 | 배송 37/50 | 재적재  5 | 중계율 0.20 | alpha 0.100 | step_limit
Ep 3 | 드론6 목적지72 | 1000스텝 | 배송 65/72 | 재적재 11 | 중계율 0.14 | alpha 0.100 | step_limit
Ep 4 | 드론3 목적지46 | 1000스텝 | 배송 40/46 | 재적재  7 | 중계율 0.16 | alpha 0.099 | step_limit
Ep 5 | 드론4 목적지58 | 1000스텝 | 배송 40/58 | 재적재  5 | 중계율 0.33 | alpha 0.107 | step_limit
Ep 6 | 드론3 목적지61 | 1000스텝 | 배송 58/61 | 재적재 10 | 중계율 0.30 | alpha 0.118 | step_limit
Ep 7 | 드론3 목적지30 |  658스텝 | 배송 30/30 | 재적재  5 | 중계율 0.35 | alpha 0.124 | complete
Ep 8 | 드론3 목적지69 | 1000스텝 | 배송 60/69 | 재적재 10 | 중계율 0.25 | alpha 0.135 | step_limit
Ep 9 | 드론4 목적지66 | 1000스텝 | 배송 57/66 | 재적재 10 | 중계율 0.31 | alpha 0.146 | step_limit
Ep 10 | 드론4 목적지26 |  530스텝 | 배송 26/26 | 재적재  4 | 중계율 0.30 | alpha 0.152 | complete
Ep 11 | 드론6 목적지32 |  245스텝 | 배송 32/32 | 재적재  3 | 중계율 0.18 | alpha 0.155 | complete
Ep 12 | 드론4 목적지35 |  481스텝 | 배송 35/35 | 재적재  5 | 중계율 0.21 | alpha 0.161 | complete
Ep 13 | 드론4 목적지23 |  339스텝 | 배송 23/23 | 재적재  3 | 중계율 0.25 | alpha 0.165 | complete
Ep 14 | 드론3 목적지61 | 1000스텝 | 배송 55/61 | 재적재  9 | 중계율 0.30 | alpha 0.178 | step_limit
Ep 15 | 드론5 목적지78 |  870스텝 | 배송 78/78 | 재적재 13 | 중계율 0.22 | alpha 0.190 | complete
Ep 16 | 드론6 목적지46 |  409스텝 | 배송 46/46 | 재적재  8 | 중계율 0.20 | alpha 0.195 | complete
Ep 17 | 드론5 목적지74 |  647스텝 | 배송 74/74 | 재적재 13 | 중계율 0.18 | alpha 0.205 | complete
Ep 18 | 드론4 목적지24 |  329스텝 | 배송 24/24 | 재적재  3 | 중계율 0.21 | alpha 0.210 | complete
Ep 19 | 드론5 목적지24 |  455스텝 | 배송 24/24 | 재적재  3 | 중계율 0.26 | alpha 0.217 | complete
Ep 20 | 드론4 목적지66 |  738스텝 | 배송 66/66 | 재적재 11 | 중계율 0.15 | alpha 0.229 | complete
Ep 21 | 드론4 목적지43 |  458스텝 | 배송 43/43 | 재적재  7 | 중계율 0.17 | alpha 0.237 | complete
Ep 22 | 드론4 목적지43 |  404스텝 | 배송 43/43 | 재적재  7 | 중계율 0.13 | alpha 0.245 | complete
Ep 23 | 드론3 목적지22 |  498스텝 | 배송 22/22 | 재적재  4 | 중계율 0.22 | alpha 0.254 | complete
Ep 24 | 드론4 목적지35 |  699스텝 | 배송 35/35 | 재적재  5 | 중계율 0.15 | alpha 0.267 | complete
Ep 25 | 드론5 목적지25 |  365스텝 | 배송 25/25 | 재적재  3 | 중계율 0.23 | alpha 0.275 | complete
Ep 26 | 드론4 목적지79 | 1000스텝 | 배송 75/79 | 재적재 13 | 중계율 0.19 | alpha 0.296 | step_limit
Ep 27 | 드론6 목적지63 |  821스텝 | 배송 63/63 | 재적재 10 | 중계율 0.23 | alpha 0.314 | complete
Ep 28 | 드론3 목적지77 | 1000스텝 | 배송 60/77 | 재적재 10 | 중계율 0.20 | alpha 0.337 | step_limit
Ep 29 | 드론4 목적지34 |  596스텝 | 배송 34/34 | 재적재  4 | 중계율 0.19 | alpha 0.352 | complete
Ep 30 | 드론4 목적지25 |  928스텝 | 배송 25/25 | 재적재  2 | 중계율 0.27 | alpha 0.376 | complete
Ep 31 | 드론6 목적지68 |  543스텝 | 배송 68/68 | 재적재 12 | 중계율 0.14 | alpha 0.391 | complete
Ep 32 | 드론4 목적지79 | 1000스텝 | 배송 75/79 | 재적재 12 | 중계율 0.28 | alpha 0.419 | step_limit
Ep 33 | 드론4 목적지62 | 1000스텝 | 배송 59/62 | 재적재  9 | 중계율 0.24 | alpha 0.450 | step_limit
Ep 34 | 드론4 목적지33 |  451스텝 | 배송 33/33 | 재적재  5 | 중계율 0.17 | alpha 0.465 | complete
Ep 35 | 드론4 목적지26 |  334스텝 | 배송 26/26 | 재적재  4 | 중계율 0.19 | alpha 0.476 | complete
Ep 36 | 드론4 목적지57 |  928스텝 | 배송 57/57 | 재적재  9 | 중계율 0.24 | alpha 0.508 | complete
Ep 37 | 드론4 목적지29 | 1000스텝 | 배송 28/29 | 재적재  4 | 중계율 0.22 | alpha 0.546 | step_limit
Ep 38 | 드론5 목적지63 |  673스텝 | 배송 63/63 | 재적재 11 | 중계율 0.15 | alpha 0.573 | complete
Ep 39 | 드론5 목적지44 |  908스텝 | 배송 44/44 | 재적재  5 | 중계율 0.25 | alpha 0.611 | complete
Ep 40 | 드론6 목적지56 |  480스텝 | 배송 56/56 | 재적재  9 | 중계율 0.12 | alpha 0.633 | complete
Ep 41 | 드론6 목적지21 |  272스텝 | 배송 21/21 | 재적재  1 | 중계율 0.17 | alpha 0.645 | complete
Ep 42 | 드론3 목적지24 |  522스텝 | 배송 24/24 | 재적재  2 | 중계율 0.21 | alpha 0.670 | complete
Ep 43 | 드론4 목적지52 |  743스텝 | 배송 52/52 | 재적재 10 | 중계율 0.13 | alpha 0.707 | complete
Ep 44 | 드론4 목적지72 |  813스텝 | 배송 72/72 | 재적재 13 | 중계율 0.15 | alpha 0.749 | complete
Ep 45 | 드론4 목적지52 |  925스텝 | 배송 52/52 | 재적재  8 | 중계율 0.29 | alpha 0.801 | complete
Ep 46 | 드론6 목적지72 |  507스텝 | 배송 72/72 | 재적재 11 | 중계율 0.11 | alpha 0.831 | complete
Ep 47 | 드론4 목적지69 |  853스텝 | 배송 69/69 | 재적재 12 | 중계율 0.17 | alpha 0.884 | complete
Ep 48 | 드론4 목적지56 |  739스텝 | 배송 56/56 | 재적재  9 | 중계율 0.18 | alpha 0.932 | complete
Ep 49 | 드론6 목적지78 |  625스텝 | 배송 78/78 | 재적재 12 | 중계율 0.16 | alpha 0.974 | complete
Ep 50 | 드론5 목적지40 | 1000스텝 | 배송 32/40 | 재적재  3 | 중계율 0.32 | alpha 1.044 | step_limit
  [홀드아웃] 배송 47.3±5.8 완주 0.72 스텝 1309 점수 78.1 재적재 7.5 2홉+ 0.61 | 최고 78.1@ep50 정체 0/15  ← 갱신
Ep 51 | 드론6 목적지51 |  361스텝 | 배송 51/51 | 재적재  8 | 중계율 0.09 | alpha 1.071 | complete
Ep 52 | 드론3 목적지42 |  796스텝 | 배송 42/42 | 재적재  8 | 중계율 0.22 | alpha 1.132 | complete
Ep 53 | 드론6 목적지60 |  757스텝 | 배송 60/60 | 재적재  8 | 중계율 0.10 | alpha 1.193 | complete
Ep 54 | 드론4 목적지49 |  488스텝 | 배송 49/49 | 재적재  8 | 중계율 0.14 | alpha 1.234 | complete
Ep 55 | 드론4 목적지40 |  403스텝 | 배송 40/40 | 재적재  6 | 중계율 0.12 | alpha 1.268 | complete
Ep 56 | 드론5 목적지61 |  666스텝 | 배송 61/61 | 재적재 10 | 중계율 0.14 | alpha 1.327 | complete
Ep 57 | 드론3 목적지53 | 1000스텝 | 배송 48/53 | 재적재  9 | 중계율 0.24 | alpha 1.418 | step_limit
Ep 58 | 드론6 목적지57 |  611스텝 | 배송 57/57 | 재적재  9 | 중계율 0.15 | alpha 1.475 | complete
Ep 59 | 드론3 목적지50 |  974스텝 | 배송 50/50 | 재적재  9 | 중계율 0.21 | alpha 1.571 | complete
Ep 60 | 드론4 목적지21 |  379스텝 | 배송 21/21 | 재적재  3 | 중계율 0.15 | alpha 1.610 | complete
Ep 61 | 드론5 목적지26 |  369스텝 | 배송 26/26 | 재적재  3 | 중계율 0.16 | alpha 1.647 | complete
Ep 62 | 드론5 목적지55 |  593스텝 | 배송 55/55 | 재적재  8 | 중계율 0.21 | alpha 1.711 | complete
Ep 63 | 드론6 목적지68 |  739스텝 | 배송 68/68 | 재적재  9 | 중계율 0.17 | alpha 1.791 | complete
Ep 64 | 드론3 목적지41 | 1000스텝 | 배송 38/41 | 재적재  5 | 중계율 0.19 | alpha 1.902 | step_limit
Ep 65 | 드론5 목적지68 |  826스텝 | 배송 68/68 | 재적재 11 | 중계율 0.11 | alpha 1.995 | complete
Ep 66 | 드론3 목적지61 | 1000스텝 | 배송 59/61 | 재적재 11 | 중계율 0.14 | alpha 2.107 | step_limit
Ep 67 | 드론3 목적지53 |  939스텝 | 배송 53/53 | 재적재  9 | 중계율 0.30 | alpha 2.213 | complete
Ep 68 | 드론3 목적지44 |  907스텝 | 배송 44/44 | 재적재  8 | 중계율 0.19 | alpha 2.318 | complete
Ep 69 | 드론4 목적지34 |  477스텝 | 배송 34/34 | 재적재  4 | 중계율 0.19 | alpha 2.374 | complete
Ep 70 | 드론4 목적지31 | 1000스텝 | 배송 26/31 | 재적재  4 | 중계율 0.32 | alpha 2.498 | step_limit
Ep 71 | 드론5 목적지71 |  624스텝 | 배송 71/71 | 재적재 13 | 중계율 0.09 | alpha 2.576 | complete
Ep 72 | 드론3 목적지53 | 1000스텝 | 배송 44/53 | 재적재  7 | 중계율 0.26 | alpha 2.702 | step_limit
Ep 73 | 드론4 목적지21 |  603스텝 | 배송 21/21 | 재적재  2 | 중계율 0.28 | alpha 2.778 | complete
Ep 74 | 드론5 목적지45 |  581스텝 | 배송 45/45 | 재적재  7 | 중계율 0.15 | alpha 2.850 | complete
Ep 75 | 드론5 목적지40 |  589스텝 | 배송 40/40 | 재적재  6 | 중계율 0.18 | alpha 2.923 | complete
Ep 76 | 드론4 목적지75 | 1000스텝 | 배송 58/75 | 재적재  9 | 중계율 0.26 | alpha 3.039 | step_limit
Ep 77 | 드론5 목적지24 |  315스텝 | 배송 24/24 | 재적재  2 | 중계율 0.14 | alpha 3.073 | complete
Ep 78 | 드론4 목적지64 | 1000스텝 | 배송 60/64 | 재적재 10 | 중계율 0.19 | alpha 3.184 | step_limit
Ep 79 | 드론3 목적지41 | 1000스텝 | 배송 40/41 | 재적재  6 | 중계율 0.29 | alpha 3.296 | step_limit
Ep 80 | 드론3 목적지69 | 1000스텝 | 배송 60/69 | 재적재 11 | 중계율 0.20 | alpha 3.396 | step_limit
Ep 81 | 드론6 목적지47 |  476스텝 | 배송 47/47 | 재적재  8 | 중계율 0.14 | alpha 3.438 | complete
Ep 82 | 드론6 목적지69 |  632스텝 | 배송 69/69 | 재적재 11 | 중계율 0.20 | alpha 3.497 | complete
Ep 83 | 드론5 목적지31 |  875스텝 | 배송 31/31 | 재적재  5 | 중계율 0.19 | alpha 3.571 | complete
Ep 84 | 드론3 목적지33 | 1000스텝 | 배송 29/33 | 재적재  4 | 중계율 0.20 | alpha 3.647 | step_limit
Ep 85 | 드론4 목적지38 |  594스텝 | 배송 38/38 | 재적재  6 | 중계율 0.12 | alpha 3.680 | complete
Ep 86 | 드론6 목적지24 |  283스텝 | 배송 24/24 | 재적재  3 | 중계율 0.19 | alpha 3.694 | complete
Ep 87 | 드론3 목적지30 |  755스텝 | 배송 30/30 | 재적재  5 | 중계율 0.20 | alpha 3.724 | complete
Ep 88 | 드론4 목적지38 |  795스텝 | 배송 38/38 | 재적재  5 | 중계율 0.18 | alpha 3.735 | complete
Ep 89 | 드론3 목적지57 | 1000스텝 | 배송 51/57 | 재적재  9 | 중계율 0.21 | alpha 3.748 | step_limit
Ep 90 | 드론6 목적지21 |  231스텝 | 배송 21/21 | 재적재  0 | 중계율 0.15 | alpha 3.748 | complete
Ep 91 | 드론6 목적지77 |  695스텝 | 배송 77/77 | 재적재 13 | 중계율 0.16 | alpha 3.751 | complete
Ep 92 | 드론4 목적지69 | 1000스텝 | 배송 67/69 | 재적재 12 | 중계율 0.23 | alpha 3.700 | step_limit
Ep 93 | 드론6 목적지60 |  440스텝 | 배송 60/60 | 재적재 11 | 중계율 0.08 | alpha 3.669 | complete
Ep 94 | 드론6 목적지45 |  474스텝 | 배송 45/45 | 재적재  6 | 중계율 0.13 | alpha 3.637 | complete
Ep 95 | 드론4 목적지71 | 1000스텝 | 배송 67/71 | 재적재 13 | 중계율 0.17 | alpha 3.583 | step_limit
Ep 96 | 드론3 목적지74 | 1000스텝 | 배송 56/74 | 재적재  9 | 중계율 0.21 | alpha 3.528 | step_limit
Ep 97 | 드론6 목적지47 |  439스텝 | 배송 47/47 | 재적재  6 | 중계율 0.09 | alpha 3.511 | complete
Ep 98 | 드론6 목적지50 |  553스텝 | 배송 50/50 | 재적재  8 | 중계율 0.16 | alpha 3.504 | complete
Ep 99 | 드론6 목적지35 |  511스텝 | 배송 35/35 | 재적재  5 | 중계율 0.19 | alpha 3.508 | complete
Ep 100 | 드론3 목적지40 |  880스텝 | 배송 40/40 | 재적재  6 | 중계율 0.19 | alpha 3.492 | complete
  [홀드아웃] 배송 49.8±1.6 완주 0.97 스텝 1350 점수 103.0 재적재 8.5 2홉+ 0.65 | 최고 103.0@ep100 정체 0/15  ← 갱신
Ep 101 | 드론3 목적지23 |  626스텝 | 배송 23/23 | 재적재  3 | 중계율 0.18 | alpha 3.479 | complete
Ep 102 | 드론3 목적지21 |  454스텝 | 배송 21/21 | 재적재  4 | 중계율 0.22 | alpha 3.467 | complete
Ep 103 | 드론6 목적지72 |  582스텝 | 배송 72/72 | 재적재 12 | 중계율 0.13 | alpha 3.459 | complete
Ep 104 | 드론3 목적지27 |  924스텝 | 배송 27/27 | 재적재  3 | 중계율 0.29 | alpha 3.417 | complete
Ep 105 | 드론4 목적지63 | 1000스텝 | 배송 61/63 | 재적재 12 | 중계율 0.13 | alpha 3.315 | step_limit
Ep 106 | 드론5 목적지58 |  498스텝 | 배송 58/58 | 재적재  9 | 중계율 0.15 | alpha 3.317 | complete
Ep 107 | 드론6 목적지75 |  950스텝 | 배송 75/75 | 재적재 13 | 중계율 0.23 | alpha 3.294 | complete
Ep 108 | 드론4 목적지55 |  926스텝 | 배송 55/55 | 재적재  8 | 중계율 0.24 | alpha 3.328 | complete
Ep 109 | 드론5 목적지64 |  915스텝 | 배송 64/64 | 재적재 11 | 중계율 0.16 | alpha 3.354 | complete
Ep 110 | 드론4 목적지55 |  771스텝 | 배송 55/55 | 재적재  9 | 중계율 0.16 | alpha 3.320 | complete
Ep 111 | 드론5 목적지67 | 1000스텝 | 배송 65/67 | 재적재 10 | 중계율 0.21 | alpha 3.228 | step_limit
Ep 112 | 드론4 목적지46 | 1000스텝 | 배송 45/46 | 재적재  7 | 중계율 0.19 | alpha 3.194 | step_limit
Ep 113 | 드론5 목적지43 |  575스텝 | 배송 43/43 | 재적재  7 | 중계율 0.13 | alpha 3.244 | complete
Ep 114 | 드론3 목적지80 | 1000스텝 | 배송 48/80 | 재적재  7 | 중계율 0.25 | alpha 3.225 | step_limit
Ep 115 | 드론6 목적지78 |  525스텝 | 배송 78/78 | 재적재 11 | 중계율 0.10 | alpha 3.228 | complete
Ep 116 | 드론5 목적지72 |  938스텝 | 배송 72/72 | 재적재 13 | 중계율 0.17 | alpha 3.216 | complete
Ep 117 | 드론4 목적지54 |  738스텝 | 배송 54/54 | 재적재  9 | 중계율 0.19 | alpha 3.197 | complete
Ep 118 | 드론3 목적지63 | 1000스텝 | 배송 55/63 | 재적재  9 | 중계율 0.21 | alpha 3.156 | step_limit
Ep 119 | 드론6 목적지66 |  643스텝 | 배송 66/66 | 재적재 11 | 중계율 0.14 | alpha 3.155 | complete
Ep 120 | 드론5 목적지70 |  850스텝 | 배송 70/70 | 재적재 11 | 중계율 0.17 | alpha 3.127 | complete
Ep 121 | 드론5 목적지45 |  566스텝 | 배송 45/45 | 재적재  7 | 중계율 0.17 | alpha 3.093 | complete
Ep 122 | 드론5 목적지26 |  714스텝 | 배송 26/26 | 재적재  3 | 중계율 0.27 | alpha 3.099 | complete
Ep 123 | 드론6 목적지30 |  444스텝 | 배송 30/30 | 재적재  4 | 중계율 0.20 | alpha 3.066 | complete
Ep 124 | 드론3 목적지80 | 1000스텝 | 배송 65/80 | 재적재 10 | 중계율 0.22 | alpha 3.032 | step_limit
Ep 125 | 드론6 목적지41 |  396스텝 | 배송 41/41 | 재적재  6 | 중계율 0.13 | alpha 3.036 | complete
Ep 126 | 드론4 목적지50 | 1000스텝 | 배송 46/50 | 재적재  6 | 중계율 0.25 | alpha 3.009 | step_limit
Ep 127 | 드론4 목적지37 |  885스텝 | 배송 37/37 | 재적재  6 | 중계율 0.28 | alpha 3.010 | complete
Ep 128 | 드론3 목적지42 |  978스텝 | 배송 42/42 | 재적재  8 | 중계율 0.29 | alpha 2.962 | complete
Ep 129 | 드론5 목적지52 |  753스텝 | 배송 52/52 | 재적재 10 | 중계율 0.17 | alpha 2.957 | complete
Ep 130 | 드론3 목적지40 | 1000스텝 | 배송 35/40 | 재적재  6 | 중계율 0.24 | alpha 2.898 | step_limit
Ep 131 | 드론4 목적지39 |  639스텝 | 배송 39/39 | 재적재  6 | 중계율 0.17 | alpha 2.875 | complete
Ep 132 | 드론6 목적지63 |  726스텝 | 배송 63/63 | 재적재 10 | 중계율 0.14 | alpha 2.863 | complete
Ep 133 | 드론4 목적지61 |  678스텝 | 배송 61/61 | 재적재 11 | 중계율 0.17 | alpha 2.871 | complete
Ep 134 | 드론5 목적지22 |  295스텝 | 배송 22/22 | 재적재  1 | 중계율 0.10 | alpha 2.866 | complete
Ep 135 | 드론3 목적지20 |  514스텝 | 배송 20/20 | 재적재  3 | 중계율 0.23 | alpha 2.829 | complete
Ep 136 | 드론6 목적지57 |  511스텝 | 배송 57/57 | 재적재 10 | 중계율 0.13 | alpha 2.807 | complete
Ep 137 | 드론4 목적지24 |  419스텝 | 배송 24/24 | 재적재  3 | 중계율 0.18 | alpha 2.808 | complete
Ep 138 | 드론5 목적지35 |  411스텝 | 배송 35/35 | 재적재  4 | 중계율 0.13 | alpha 2.841 | complete
Ep 139 | 드론4 목적지29 |  739스텝 | 배송 29/29 | 재적재  3 | 중계율 0.12 | alpha 2.843 | complete
Ep 140 | 드론3 목적지32 | 1000스텝 | 배송 30/32 | 재적재  5 | 중계율 0.21 | alpha 2.851 | step_limit
Ep 141 | 드론4 목적지54 |  875스텝 | 배송 54/54 | 재적재  9 | 중계율 0.16 | alpha 2.830 | complete
Ep 142 | 드론3 목적지42 | 1000스텝 | 배송 39/42 | 재적재  7 | 중계율 0.20 | alpha 2.854 | step_limit
Ep 143 | 드론3 목적지23 |  631스텝 | 배송 23/23 | 재적재  3 | 중계율 0.25 | alpha 2.870 | complete
Ep 144 | 드론4 목적지61 |  989스텝 | 배송 61/61 | 재적재 11 | 중계율 0.16 | alpha 2.894 | complete
Ep 145 | 드론4 목적지64 | 1000스텝 | 배송 63/64 | 재적재 11 | 중계율 0.20 | alpha 2.942 | step_limit
Ep 146 | 드론3 목적지71 | 1000스텝 | 배송 67/71 | 재적재 12 | 중계율 0.18 | alpha 2.993 | step_limit
Ep 147 | 드론3 목적지48 | 1000스텝 | 배송 44/48 | 재적재  8 | 중계율 0.18 | alpha 2.992 | step_limit
Ep 148 | 드론5 목적지36 |  533스텝 | 배송 36/36 | 재적재  5 | 중계율 0.19 | alpha 3.001 | complete
Ep 149 | 드론5 목적지40 |  541스텝 | 배송 40/40 | 재적재  7 | 중계율 0.14 | alpha 2.979 | complete
Ep 150 | 드론4 목적지26 |  594스텝 | 배송 26/26 | 재적재  4 | 중계율 0.18 | alpha 3.004 | complete
  [홀드아웃] 배송 50.0±0.0 완주 1.00 스텝 1261 점수 105.8 재적재 8.4 2홉+ 0.65 | 최고 105.8@ep150 정체 0/15  ← 갱신
Ep 151 | 드론5 목적지70 |  703스텝 | 배송 70/70 | 재적재 13 | 중계율 0.15 | alpha 2.993 | complete
Ep 152 | 드론6 목적지48 |  468스텝 | 배송 48/48 | 재적재  7 | 중계율 0.14 | alpha 3.010 | complete
Ep 153 | 드론6 목적지57 |  534스텝 | 배송 57/57 | 재적재  9 | 중계율 0.16 | alpha 2.968 | complete
Ep 154 | 드론6 목적지34 |  281스텝 | 배송 34/34 | 재적재  5 | 중계율 0.12 | alpha 2.954 | complete
Ep 155 | 드론6 목적지80 |  851스텝 | 배송 80/80 | 재적재 14 | 중계율 0.20 | alpha 2.958 | complete
Ep 156 | 드론6 목적지59 |  565스텝 | 배송 59/59 | 재적재 10 | 중계율 0.18 | alpha 2.959 | complete
Ep 157 | 드론3 목적지42 | 1000스텝 | 배송 36/42 | 재적재  6 | 중계율 0.20 | alpha 2.970 | step_limit
Ep 158 | 드론5 목적지76 |  759스텝 | 배송 76/76 | 재적재 12 | 중계율 0.11 | alpha 2.926 | complete
Ep 159 | 드론6 목적지47 |  390스텝 | 배송 47/47 | 재적재  7 | 중계율 0.11 | alpha 2.934 | complete
Ep 160 | 드론3 목적지62 | 1000스텝 | 배송 49/62 | 재적재  8 | 중계율 0.21 | alpha 2.873 | step_limit
Ep 161 | 드론4 목적지31 |  889스텝 | 배송 31/31 | 재적재  5 | 중계율 0.19 | alpha 2.872 | complete
Ep 162 | 드론4 목적지26 |  816스텝 | 배송 26/26 | 재적재  4 | 중계율 0.24 | alpha 2.852 | complete
Ep 163 | 드론5 목적지21 |  728스텝 | 배송 21/21 | 재적재  2 | 중계율 0.27 | alpha 2.848 | complete
Ep 164 | 드론6 목적지79 |  786스텝 | 배송 79/79 | 재적재 14 | 중계율 0.16 | alpha 2.865 | complete
Ep 165 | 드론6 목적지47 |  342스텝 | 배송 47/47 | 재적재  6 | 중계율 0.10 | alpha 2.879 | complete
Ep 166 | 드론4 목적지77 | 1000스텝 | 배송 76/77 | 재적재 14 | 중계율 0.16 | alpha 2.835 | step_limit
Ep 167 | 드론5 목적지77 | 1000스텝 | 배송 60/77 | 재적재  9 | 중계율 0.21 | alpha 2.809 | step_limit
Ep 168 | 드론6 목적지29 |  322스텝 | 배송 29/29 | 재적재  4 | 중계율 0.15 | alpha 2.802 | complete
Ep 169 | 드론6 목적지59 |  562스텝 | 배송 59/59 | 재적재 10 | 중계율 0.17 | alpha 2.791 | complete
Ep 170 | 드론4 목적지74 | 1000스텝 | 배송 59/74 | 재적재 10 | 중계율 0.25 | alpha 2.801 | step_limit
Ep 171 | 드론5 목적지34 |  359스텝 | 배송 34/34 | 재적재  4 | 중계율 0.08 | alpha 2.837 | complete
Ep 172 | 드론3 목적지43 | 1000스텝 | 배송 28/43 | 재적재  5 | 중계율 0.23 | alpha 2.809 | step_limit
Ep 173 | 드론4 목적지35 |  995스텝 | 배송 35/35 | 재적재  5 | 중계율 0.25 | alpha 2.793 | complete
Ep 174 | 드론6 목적지43 |  457스텝 | 배송 43/43 | 재적재  7 | 중계율 0.13 | alpha 2.794 | complete
Ep 175 | 드론6 목적지30 |  699스텝 | 배송 30/30 | 재적재  4 | 중계율 0.22 | alpha 2.790 | complete
Ep 176 | 드론6 목적지29 |  370스텝 | 배송 29/29 | 재적재  5 | 중계율 0.16 | alpha 2.788 | complete
Ep 177 | 드론3 목적지45 | 1000스텝 | 배송 41/45 | 재적재  8 | 중계율 0.24 | alpha 2.779 | step_limit
Ep 178 | 드론3 목적지20 |  548스텝 | 배송 20/20 | 재적재  3 | 중계율 0.24 | alpha 2.777 | complete
Ep 179 | 드론6 목적지66 | 1000스텝 | 배송 61/66 | 재적재 10 | 중계율 0.22 | alpha 2.765 | step_limit
Ep 180 | 드론6 목적지22 |  235스텝 | 배송 22/22 | 재적재  2 | 중계율 0.14 | alpha 2.762 | complete
Ep 181 | 드론6 목적지77 |  778스텝 | 배송 77/77 | 재적재 14 | 중계율 0.17 | alpha 2.783 | complete
Ep 182 | 드론4 목적지74 | 1000스텝 | 배송 65/74 | 재적재 13 | 중계율 0.24 | alpha 2.782 | step_limit
Ep 183 | 드론6 목적지40 |  338스텝 | 배송 40/40 | 재적재  5 | 중계율 0.11 | alpha 2.784 | complete
Ep 184 | 드론4 목적지77 | 1000스텝 | 배송 75/77 | 재적재 13 | 중계율 0.16 | alpha 2.772 | step_limit
Ep 185 | 드론5 목적지72 | 1000스텝 | 배송 70/72 | 재적재 13 | 중계율 0.20 | alpha 2.782 | step_limit
Ep 186 | 드론5 목적지74 |  897스텝 | 배송 74/74 | 재적재 14 | 중계율 0.13 | alpha 2.783 | complete
Ep 187 | 드론3 목적지65 | 1000스텝 | 배송 53/65 | 재적재  9 | 중계율 0.20 | alpha 2.782 | step_limit
Ep 188 | 드론3 목적지80 | 1000스텝 | 배송 51/80 | 재적재  9 | 중계율 0.23 | alpha 2.762 | step_limit
Ep 189 | 드론5 목적지55 |  771스텝 | 배송 55/55 | 재적재  9 | 중계율 0.16 | alpha 2.753 | complete
Ep 190 | 드론4 목적지36 |  833스텝 | 배송 36/36 | 재적재  6 | 중계율 0.21 | alpha 2.769 | complete
Ep 191 | 드론3 목적지28 |  740스텝 | 배송 28/28 | 재적재  4 | 중계율 0.18 | alpha 2.750 | complete
Ep 192 | 드론6 목적지74 |  589스텝 | 배송 74/74 | 재적재 11 | 중계율 0.13 | alpha 2.743 | complete
Ep 193 | 드론4 목적지61 | 1000스텝 | 배송 57/61 | 재적재 10 | 중계율 0.20 | alpha 2.791 | step_limit
Ep 194 | 드론6 목적지73 |  589스텝 | 배송 73/73 | 재적재 13 | 중계율 0.09 | alpha 2.757 | complete
Ep 195 | 드론5 목적지69 | 1000스텝 | 배송 66/69 | 재적재 11 | 중계율 0.19 | alpha 2.755 | step_limit
Ep 196 | 드론4 목적지47 |  727스텝 | 배송 47/47 | 재적재  8 | 중계율 0.13 | alpha 2.760 | complete
Ep 197 | 드론5 목적지27 |  410스텝 | 배송 27/27 | 재적재  4 | 중계율 0.12 | alpha 2.743 | complete
Ep 198 | 드론4 목적지56 |  690스텝 | 배송 56/56 | 재적재 10 | 중계율 0.13 | alpha 2.771 | complete
Ep 199 | 드론3 목적지57 | 1000스텝 | 배송 56/57 | 재적재 11 | 중계율 0.22 | alpha 2.788 | step_limit
Ep 200 | 드론6 목적지64 |  756스텝 | 배송 64/64 | 재적재 11 | 중계율 0.18 | alpha 2.789 | complete
  [홀드아웃] 배송 49.6±1.5 완주 0.95 스텝 1284 점수 100.7 재적재 8.2 2홉+ 0.66 | 최고 105.8@ep150 정체 1/15
Ep 201 | 드론6 목적지38 |  896스텝 | 배송 38/38 | 재적재  5 | 중계율 0.21 | alpha 2.779 | complete
Ep 202 | 드론3 목적지32 | 1000스텝 | 배송 30/32 | 재적재  4 | 중계율 0.25 | alpha 2.719 | step_limit
Ep 203 | 드론4 목적지23 |  308스텝 | 배송 23/23 | 재적재  3 | 중계율 0.10 | alpha 2.701 | complete
Ep 204 | 드론4 목적지38 |  601스텝 | 배송 38/38 | 재적재  6 | 중계율 0.13 | alpha 2.729 | complete
Ep 205 | 드론4 목적지27 |  478스텝 | 배송 27/27 | 재적재  3 | 중계율 0.18 | alpha 2.735 | complete
Ep 206 | 드론3 목적지58 | 1000스텝 | 배송 55/58 | 재적재  8 | 중계율 0.27 | alpha 2.721 | step_limit
Ep 207 | 드론4 목적지52 |  897스텝 | 배송 52/52 | 재적재  9 | 중계율 0.21 | alpha 2.692 | complete
Ep 208 | 드론4 목적지60 | 1000스텝 | 배송 50/60 | 재적재  8 | 중계율 0.26 | alpha 2.682 | step_limit
Ep 209 | 드론3 목적지72 | 1000스텝 | 배송 38/72 | 재적재  6 | 중계율 0.26 | alpha 2.639 | step_limit
Ep 210 | 드론6 목적지39 |  382스텝 | 배송 39/39 | 재적재  5 | 중계율 0.10 | alpha 2.651 | complete
Ep 211 | 드론3 목적지55 | 1000스텝 | 배송 48/55 | 재적재  7 | 중계율 0.27 | alpha 2.651 | step_limit
Ep 212 | 드론4 목적지62 |  757스텝 | 배송 62/62 | 재적재 11 | 중계율 0.15 | alpha 2.704 | complete
Ep 213 | 드론5 목적지77 |  615스텝 | 배송 77/77 | 재적재 12 | 중계율 0.10 | alpha 2.748 | complete
Ep 214 | 드론4 목적지44 |  780스텝 | 배송 44/44 | 재적재  7 | 중계율 0.14 | alpha 2.752 | complete
Ep 215 | 드론3 목적지49 |  831스텝 | 배송 49/49 | 재적재  8 | 중계율 0.21 | alpha 2.729 | complete
Ep 216 | 드론6 목적지29 |  474스텝 | 배송 29/29 | 재적재  4 | 중계율 0.19 | alpha 2.717 | complete
Ep 217 | 드론5 목적지36 |  405스텝 | 배송 36/36 | 재적재  5 | 중계율 0.10 | alpha 2.703 | complete
Ep 218 | 드론5 목적지55 |  514스텝 | 배송 55/55 | 재적재 10 | 중계율 0.12 | alpha 2.698 | complete
Ep 219 | 드론3 목적지35 |  977스텝 | 배송 35/35 | 재적재  6 | 중계율 0.30 | alpha 2.697 | complete
Ep 220 | 드론6 목적지73 |  582스텝 | 배송 73/73 | 재적재 13 | 중계율 0.15 | alpha 2.691 | complete
Ep 221 | 드론6 목적지25 |  215스텝 | 배송 25/25 | 재적재  0 | 중계율 0.08 | alpha 2.683 | complete
Ep 222 | 드론4 목적지30 |  893스텝 | 배송 30/30 | 재적재  4 | 중계율 0.23 | alpha 2.677 | complete
Ep 223 | 드론4 목적지45 |  815스텝 | 배송 45/45 | 재적재  7 | 중계율 0.24 | alpha 2.650 | complete
Ep 224 | 드론5 목적지76 | 1000스텝 | 배송 66/76 | 재적재 12 | 중계율 0.23 | alpha 2.651 | step_limit
Ep 225 | 드론5 목적지70 |  782스텝 | 배송 70/70 | 재적재 12 | 중계율 0.16 | alpha 2.615 | complete
Ep 226 | 드론6 목적지73 |  594스텝 | 배송 73/73 | 재적재 13 | 중계율 0.10 | alpha 2.602 | complete
Ep 227 | 드론6 목적지56 |  463스텝 | 배송 56/56 | 재적재 10 | 중계율 0.12 | alpha 2.602 | complete
Ep 228 | 드론5 목적지24 |  324스텝 | 배송 24/24 | 재적재  2 | 중계율 0.17 | alpha 2.600 | complete
Ep 229 | 드론3 목적지32 |  960스텝 | 배송 32/32 | 재적재  5 | 중계율 0.25 | alpha 2.584 | complete
Ep 230 | 드론3 목적지62 | 1000스텝 | 배송 55/62 | 재적재  9 | 중계율 0.21 | alpha 2.585 | step_limit
Ep 231 | 드론3 목적지27 |  646스텝 | 배송 27/27 | 재적재  4 | 중계율 0.26 | alpha 2.608 | complete
Ep 232 | 드론6 목적지27 |  468스텝 | 배송 27/27 | 재적재  4 | 중계율 0.22 | alpha 2.601 | complete
Ep 233 | 드론5 목적지58 |  774스텝 | 배송 58/58 | 재적재  9 | 중계율 0.16 | alpha 2.591 | complete
Ep 234 | 드론4 목적지56 |  888스텝 | 배송 56/56 | 재적재 10 | 중계율 0.18 | alpha 2.586 | complete
Ep 235 | 드론4 목적지49 |  683스텝 | 배송 49/49 | 재적재  8 | 중계율 0.21 | alpha 2.586 | complete
Ep 236 | 드론6 목적지71 |  984스텝 | 배송 71/71 | 재적재 13 | 중계율 0.16 | alpha 2.545 | complete
Ep 237 | 드론5 목적지77 |  584스텝 | 배송 77/77 | 재적재 14 | 중계율 0.10 | alpha 2.528 | complete
Ep 238 | 드론6 목적지27 |  294스텝 | 배송 27/27 | 재적재  2 | 중계율 0.16 | alpha 2.540 | complete
Ep 239 | 드론5 목적지37 |  789스텝 | 배송 37/37 | 재적재  5 | 중계율 0.21 | alpha 2.534 | complete
Ep 240 | 드론6 목적지70 |  554스텝 | 배송 70/70 | 재적재 12 | 중계율 0.11 | alpha 2.522 | complete
Ep 241 | 드론3 목적지46 | 1000스텝 | 배송 34/46 | 재적재  6 | 중계율 0.20 | alpha 2.514 | step_limit
Ep 242 | 드론6 목적지65 |  467스텝 | 배송 65/65 | 재적재 11 | 중계율 0.08 | alpha 2.521 | complete
Ep 243 | 드론5 목적지39 |  460스텝 | 배송 39/39 | 재적재  5 | 중계율 0.15 | alpha 2.525 | complete
Ep 244 | 드론4 목적지51 |  750스텝 | 배송 51/51 | 재적재  9 | 중계율 0.18 | alpha 2.530 | complete
Ep 245 | 드론3 목적지52 | 1000스텝 | 배송 41/52 | 재적재  7 | 중계율 0.30 | alpha 2.551 | step_limit
Ep 246 | 드론5 목적지54 |  593스텝 | 배송 54/54 | 재적재  8 | 중계율 0.12 | alpha 2.544 | complete
Ep 247 | 드론6 목적지69 |  612스텝 | 배송 69/69 | 재적재 11 | 중계율 0.14 | alpha 2.515 | complete
Ep 248 | 드론3 목적지77 | 1000스텝 | 배송 62/77 | 재적재 11 | 중계율 0.18 | alpha 2.509 | step_limit
Ep 249 | 드론5 목적지70 |  672스텝 | 배송 70/70 | 재적재 12 | 중계율 0.11 | alpha 2.472 | complete
Ep 250 | 드론3 목적지51 | 1000스텝 | 배송 47/51 | 재적재  7 | 중계율 0.22 | alpha 2.432 | step_limit
  [홀드아웃] 배송 49.9±0.5 완주 0.97 스텝 1305 점수 103.2 재적재 8.4 2홉+ 0.66 | 최고 105.8@ep150 정체 2/15
Ep 251 | 드론6 목적지33 |  337스텝 | 배송 33/33 | 재적재  4 | 중계율 0.12 | alpha 2.423 | complete
Ep 252 | 드론3 목적지25 |  668스텝 | 배송 25/25 | 재적재  4 | 중계율 0.24 | alpha 2.437 | complete
Ep 253 | 드론5 목적지49 |  634스텝 | 배송 49/49 | 재적재  8 | 중계율 0.16 | alpha 2.473 | complete
Ep 254 | 드론5 목적지26 |  321스텝 | 배송 26/26 | 재적재  4 | 중계율 0.11 | alpha 2.471 | complete
Ep 255 | 드론4 목적지38 |  923스텝 | 배송 38/38 | 재적재  6 | 중계율 0.22 | alpha 2.475 | complete
Ep 256 | 드론4 목적지27 |  655스텝 | 배송 27/27 | 재적재  3 | 중계율 0.21 | alpha 2.470 | complete
Ep 257 | 드론3 목적지44 | 1000스텝 | 배송 40/44 | 재적재  7 | 중계율 0.21 | alpha 2.491 | step_limit
Ep 258 | 드론5 목적지73 |  884스텝 | 배송 73/73 | 재적재 12 | 중계율 0.18 | alpha 2.511 | complete
Ep 259 | 드론5 목적지65 |  725스텝 | 배송 65/65 | 재적재 12 | 중계율 0.17 | alpha 2.497 | complete
Ep 260 | 드론6 목적지49 |  505스텝 | 배송 49/49 | 재적재  8 | 중계율 0.21 | alpha 2.498 | complete
Ep 261 | 드론6 목적지21 |  316스텝 | 배송 21/21 | 재적재  1 | 중계율 0.18 | alpha 2.502 | complete
Ep 262 | 드론3 목적지69 | 1000스텝 | 배송 61/69 | 재적재 11 | 중계율 0.15 | alpha 2.502 | step_limit
Ep 263 | 드론4 목적지40 | 1000스텝 | 배송 33/40 | 재적재  6 | 중계율 0.27 | alpha 2.499 | step_limit
Ep 264 | 드론5 목적지35 |  348스텝 | 배송 35/35 | 재적재  5 | 중계율 0.17 | alpha 2.501 | complete
Ep 265 | 드론6 목적지52 |  408스텝 | 배송 52/52 | 재적재  8 | 중계율 0.10 | alpha 2.506 | complete
Ep 266 | 드론4 목적지33 |  489스텝 | 배송 33/33 | 재적재  5 | 중계율 0.11 | alpha 2.482 | complete
Ep 267 | 드론6 목적지32 |  391스텝 | 배송 32/32 | 재적재  5 | 중계율 0.13 | alpha 2.466 | complete
Ep 268 | 드론4 목적지39 | 1000스텝 | 배송 36/39 | 재적재  6 | 중계율 0.21 | alpha 2.435 | step_limit
Ep 269 | 드론5 목적지71 |  681스텝 | 배송 71/71 | 재적재 13 | 중계율 0.14 | alpha 2.440 | complete
Ep 270 | 드론3 목적지56 | 1000스텝 | 배송 45/56 | 재적재  7 | 중계율 0.24 | alpha 2.437 | step_limit
Ep 271 | 드론5 목적지66 | 1000스텝 | 배송 66/66 | 재적재 11 | 중계율 0.15 | alpha 2.452 | complete
Ep 272 | 드론4 목적지33 |  459스텝 | 배송 33/33 | 재적재  5 | 중계율 0.11 | alpha 2.455 | complete
Ep 273 | 드론5 목적지75 |  741스텝 | 배송 75/75 | 재적재 12 | 중계율 0.16 | alpha 2.460 | complete
Ep 274 | 드론4 목적지63 |  810스텝 | 배송 63/63 | 재적재 11 | 중계율 0.14 | alpha 2.447 | complete
Ep 275 | 드론3 목적지46 | 1000스텝 | 배송 44/46 | 재적재  7 | 중계율 0.25 | alpha 2.507 | step_limit
Ep 276 | 드론5 목적지62 | 1000스텝 | 배송 61/62 | 재적재 11 | 중계율 0.20 | alpha 2.498 | step_limit
Ep 277 | 드론6 목적지35 |  329스텝 | 배송 35/35 | 재적재  4 | 중계율 0.13 | alpha 2.502 | complete
Ep 278 | 드론4 목적지79 |  996스텝 | 배송 79/79 | 재적재 14 | 중계율 0.15 | alpha 2.460 | complete
Ep 279 | 드론3 목적지50 | 1000스텝 | 배송 48/50 | 재적재  8 | 중계율 0.22 | alpha 2.467 | step_limit
Ep 280 | 드론3 목적지71 | 1000스텝 | 배송 49/71 | 재적재  9 | 중계율 0.24 | alpha 2.475 | step_limit
Ep 281 | 드론5 목적지52 |  712스텝 | 배송 52/52 | 재적재  8 | 중계율 0.15 | alpha 2.489 | complete
Ep 282 | 드론4 목적지55 |  930스텝 | 배송 55/55 | 재적재  9 | 중계율 0.15 | alpha 2.529 | complete
Ep 283 | 드론4 목적지44 |  482스텝 | 배송 44/44 | 재적재  7 | 중계율 0.10 | alpha 2.535 | complete
Ep 284 | 드론6 목적지61 |  641스텝 | 배송 61/61 | 재적재  9 | 중계율 0.15 | alpha 2.529 | complete
Ep 285 | 드론6 목적지61 |  630스텝 | 배송 61/61 | 재적재 10 | 중계율 0.12 | alpha 2.538 | complete
Ep 286 | 드론6 목적지35 |  384스텝 | 배송 35/35 | 재적재  5 | 중계율 0.10 | alpha 2.548 | complete
Ep 287 | 드론5 목적지42 |  446스텝 | 배송 42/42 | 재적재  6 | 중계율 0.11 | alpha 2.564 | complete
Ep 288 | 드론4 목적지26 |  734스텝 | 배송 26/26 | 재적재  3 | 중계율 0.30 | alpha 2.535 | complete
Ep 289 | 드론5 목적지71 |  701스텝 | 배송 71/71 | 재적재 12 | 중계율 0.14 | alpha 2.519 | complete
Ep 290 | 드론3 목적지34 |  843스텝 | 배송 34/34 | 재적재  6 | 중계율 0.22 | alpha 2.544 | complete
Ep 291 | 드론6 목적지70 |  742스텝 | 배송 70/70 | 재적재 12 | 중계율 0.16 | alpha 2.555 | complete
Ep 292 | 드론6 목적지25 |  206스텝 | 배송 25/25 | 재적재  2 | 중계율 0.13 | alpha 2.547 | complete
Ep 293 | 드론5 목적지78 |  900스텝 | 배송 78/78 | 재적재 14 | 중계율 0.17 | alpha 2.543 | complete
Ep 294 | 드론4 목적지63 |  805스텝 | 배송 63/63 | 재적재 10 | 중계율 0.17 | alpha 2.519 | complete
Ep 295 | 드론3 목적지40 |  851스텝 | 배송 40/40 | 재적재  6 | 중계율 0.21 | alpha 2.548 | complete
Ep 296 | 드론3 목적지78 | 1000스텝 | 배송 60/78 | 재적재 11 | 중계율 0.23 | alpha 2.524 | step_limit
Ep 297 | 드론3 목적지76 | 1000스텝 | 배송 72/76 | 재적재 13 | 중계율 0.15 | alpha 2.488 | step_limit
Ep 298 | 드론5 목적지42 |  371스텝 | 배송 42/42 | 재적재  5 | 중계율 0.10 | alpha 2.502 | complete
Ep 299 | 드론5 목적지34 |  726스텝 | 배송 34/34 | 재적재  4 | 중계율 0.27 | alpha 2.497 | complete
Ep 300 | 드론6 목적지73 |  669스텝 | 배송 73/73 | 재적재 12 | 중계율 0.15 | alpha 2.475 | complete
  [홀드아웃] 배송 50.0±0.0 완주 1.00 스텝 1213 점수 106.0 재적재 8.3 2홉+ 0.66 | 최고 106.0@ep300 정체 0/15  ← 갱신
Ep 301 | 드론5 목적지74 |  693스텝 | 배송 74/74 | 재적재 14 | 중계율 0.11 | alpha 2.483 | complete
Ep 302 | 드론3 목적지56 | 1000스텝 | 배송 51/56 | 재적재  8 | 중계율 0.18 | alpha 2.476 | step_limit
Ep 303 | 드론6 목적지24 |  367스텝 | 배송 24/24 | 재적재  1 | 중계율 0.20 | alpha 2.457 | complete
Ep 304 | 드론5 목적지67 |  730스텝 | 배송 67/67 | 재적재 11 | 중계율 0.17 | alpha 2.470 | complete
Ep 305 | 드론4 목적지69 | 1000스텝 | 배송 65/69 | 재적재 10 | 중계율 0.23 | alpha 2.494 | step_limit
Ep 306 | 드론4 목적지30 |  520스텝 | 배송 30/30 | 재적재  4 | 중계율 0.20 | alpha 2.533 | complete
Ep 307 | 드론6 목적지46 |  385스텝 | 배송 46/46 | 재적재  6 | 중계율 0.12 | alpha 2.531 | complete
Ep 308 | 드론3 목적지45 |  977스텝 | 배송 45/45 | 재적재  7 | 중계율 0.23 | alpha 2.502 | complete
Ep 309 | 드론6 목적지80 |  905스텝 | 배송 80/80 | 재적재 14 | 중계율 0.18 | alpha 2.484 | complete
Ep 310 | 드론4 목적지26 |  400스텝 | 배송 26/26 | 재적재  3 | 중계율 0.13 | alpha 2.501 | complete
Ep 311 | 드론3 목적지52 |  998스텝 | 배송 52/52 | 재적재  9 | 중계율 0.18 | alpha 2.511 | complete
Ep 312 | 드론3 목적지42 | 1000스텝 | 배송 39/42 | 재적재  7 | 중계율 0.26 | alpha 2.478 | step_limit
Ep 313 | 드론3 목적지60 | 1000스텝 | 배송 48/60 | 재적재  8 | 중계율 0.20 | alpha 2.435 | step_limit
Ep 314 | 드론3 목적지78 | 1000스텝 | 배송 60/78 | 재적재 10 | 중계율 0.22 | alpha 2.427 | step_limit
Ep 315 | 드론5 목적지51 |  800스텝 | 배송 51/51 | 재적재  7 | 중계율 0.28 | alpha 2.420 | complete
Ep 316 | 드론5 목적지58 |  678스텝 | 배송 58/58 | 재적재 10 | 중계율 0.15 | alpha 2.451 | complete
Ep 317 | 드론5 목적지75 | 1000스텝 | 배송 73/75 | 재적재 14 | 중계율 0.19 | alpha 2.460 | step_limit
Ep 318 | 드론6 목적지56 |  623스텝 | 배송 56/56 | 재적재  8 | 중계율 0.20 | alpha 2.492 | complete
Ep 319 | 드론4 목적지69 | 1000스텝 | 배송 62/69 | 재적재 11 | 중계율 0.23 | alpha 2.505 | step_limit
Ep 320 | 드론5 목적지45 |  557스텝 | 배송 45/45 | 재적재  6 | 중계율 0.18 | alpha 2.514 | complete
Ep 321 | 드론5 목적지28 |  424스텝 | 배송 28/28 | 재적재  3 | 중계율 0.17 | alpha 2.482 | complete
Ep 322 | 드론5 목적지59 |  569스텝 | 배송 59/59 | 재적재 10 | 중계율 0.12 | alpha 2.435 | complete
Ep 323 | 드론3 목적지44 | 1000스텝 | 배송 35/44 | 재적재  7 | 중계율 0.26 | alpha 2.432 | step_limit
Ep 324 | 드론3 목적지25 |  598스텝 | 배송 25/25 | 재적재  4 | 중계율 0.16 | alpha 2.439 | complete
Ep 325 | 드론6 목적지65 |  578스텝 | 배송 65/65 | 재적재 10 | 중계율 0.11 | alpha 2.414 | complete
Ep 326 | 드론4 목적지31 |  493스텝 | 배송 31/31 | 재적재  4 | 중계율 0.18 | alpha 2.404 | complete
Ep 327 | 드론6 목적지67 |  686스텝 | 배송 67/67 | 재적재 10 | 중계율 0.15 | alpha 2.399 | complete
Ep 328 | 드론4 목적지65 | 1000스텝 | 배송 64/65 | 재적재 11 | 중계율 0.17 | alpha 2.409 | step_limit
Ep 329 | 드론6 목적지33 |  418스텝 | 배송 33/33 | 재적재  4 | 중계율 0.18 | alpha 2.414 | complete
Ep 330 | 드론5 목적지76 |  917스텝 | 배송 76/76 | 재적재 14 | 중계율 0.17 | alpha 2.374 | complete
Ep 331 | 드론4 목적지76 | 1000스텝 | 배송 70/76 | 재적재 13 | 중계율 0.20 | alpha 2.390 | step_limit
Ep 332 | 드론6 목적지75 |  604스텝 | 배송 75/75 | 재적재 13 | 중계율 0.12 | alpha 2.415 | complete
Ep 333 | 드론4 목적지26 |  480스텝 | 배송 26/26 | 재적재  4 | 중계율 0.15 | alpha 2.432 | complete
Ep 334 | 드론3 목적지63 | 1000스텝 | 배송 56/63 | 재적재 11 | 중계율 0.18 | alpha 2.462 | step_limit
Ep 335 | 드론5 목적지28 |  432스텝 | 배송 28/28 | 재적재  4 | 중계율 0.17 | alpha 2.452 | complete
Ep 336 | 드론3 목적지54 | 1000스텝 | 배송 49/54 | 재적재  9 | 중계율 0.22 | alpha 2.418 | step_limit
Ep 337 | 드론4 목적지65 | 1000스텝 | 배송 54/65 | 재적재  9 | 중계율 0.27 | alpha 2.340 | step_limit
Ep 338 | 드론4 목적지68 | 1000스텝 | 배송 65/68 | 재적재 11 | 중계율 0.24 | alpha 2.304 | step_limit
Ep 339 | 드론5 목적지47 |  459스텝 | 배송 47/47 | 재적재  8 | 중계율 0.11 | alpha 2.309 | complete
Ep 340 | 드론4 목적지73 | 1000스텝 | 배송 61/73 | 재적재 12 | 중계율 0.24 | alpha 2.322 | step_limit
Ep 341 | 드론4 목적지64 | 1000스텝 | 배송 55/64 | 재적재  9 | 중계율 0.25 | alpha 2.336 | step_limit
Ep 342 | 드론4 목적지26 |  388스텝 | 배송 26/26 | 재적재  4 | 중계율 0.10 | alpha 2.340 | complete
Ep 343 | 드론6 목적지58 |  442스텝 | 배송 58/58 | 재적재  8 | 중계율 0.15 | alpha 2.367 | complete
Ep 344 | 드론5 목적지23 |  250스텝 | 배송 23/23 | 재적재  3 | 중계율 0.09 | alpha 2.359 | complete
Ep 345 | 드론5 목적지53 |  808스텝 | 배송 53/53 | 재적재  8 | 중계율 0.18 | alpha 2.372 | complete
Ep 346 | 드론4 목적지21 |  431스텝 | 배송 21/21 | 재적재  3 | 중계율 0.20 | alpha 2.372 | complete
Ep 347 | 드론6 목적지39 |  341스텝 | 배송 39/39 | 재적재  5 | 중계율 0.14 | alpha 2.378 | complete
Ep 348 | 드론6 목적지46 |  305스텝 | 배송 46/46 | 재적재  6 | 중계율 0.11 | alpha 2.380 | complete
Ep 349 | 드론5 목적지37 |  388스텝 | 배송 37/37 | 재적재  5 | 중계율 0.14 | alpha 2.405 | complete
Ep 350 | 드론3 목적지42 | 1000스텝 | 배송 38/42 | 재적재  6 | 중계율 0.28 | alpha 2.405 | step_limit
  [홀드아웃] 배송 50.0±0.0 완주 1.00 스텝 1190 점수 106.0 재적재 8.4 2홉+ 0.65 | 최고 106.0@ep350 정체 0/15  ← 갱신
Ep 351 | 드론6 목적지54 |  497스텝 | 배송 54/54 | 재적재  9 | 중계율 0.13 | alpha 2.399 | complete
Ep 352 | 드론5 목적지69 |  638스텝 | 배송 69/69 | 재적재 11 | 중계율 0.16 | alpha 2.409 | complete
Ep 353 | 드론3 목적지44 | 1000스텝 | 배송 39/44 | 재적재  5 | 중계율 0.20 | alpha 2.397 | step_limit
Ep 354 | 드론4 목적지49 | 1000스텝 | 배송 40/49 | 재적재  6 | 중계율 0.23 | alpha 2.412 | step_limit
Ep 355 | 드론3 목적지28 |  710스텝 | 배송 28/28 | 재적재  4 | 중계율 0.18 | alpha 2.420 | complete
Ep 356 | 드론3 목적지79 | 1000스텝 | 배송 68/79 | 재적재 12 | 중계율 0.17 | alpha 2.436 | step_limit
Ep 357 | 드론5 목적지71 |  749스텝 | 배송 71/71 | 재적재 12 | 중계율 0.11 | alpha 2.437 | complete
Ep 358 | 드론3 목적지30 |  839스텝 | 배송 30/30 | 재적재  5 | 중계율 0.22 | alpha 2.435 | complete
Ep 359 | 드론4 목적지74 |  863스텝 | 배송 74/74 | 재적재 13 | 중계율 0.14 | alpha 2.465 | complete
Ep 360 | 드론5 목적지47 |  501스텝 | 배송 47/47 | 재적재  7 | 중계율 0.16 | alpha 2.463 | complete
Ep 361 | 드론4 목적지43 |  693스텝 | 배송 43/43 | 재적재  8 | 중계율 0.17 | alpha 2.451 | complete
Ep 362 | 드론6 목적지78 |  598스텝 | 배송 78/78 | 재적재 13 | 중계율 0.15 | alpha 2.446 | complete
Ep 363 | 드론5 목적지70 |  742스텝 | 배송 70/70 | 재적재 12 | 중계율 0.11 | alpha 2.413 | complete
Ep 364 | 드론3 목적지64 | 1000스텝 | 배송 55/64 | 재적재  9 | 중계율 0.23 | alpha 2.423 | step_limit
Ep 365 | 드론3 목적지63 | 1000스텝 | 배송 50/63 | 재적재  9 | 중계율 0.21 | alpha 2.424 | step_limit
Ep 366 | 드론4 목적지44 |  807스텝 | 배송 44/44 | 재적재  8 | 중계율 0.21 | alpha 2.467 | complete
Ep 367 | 드론5 목적지38 |  505스텝 | 배송 38/38 | 재적재  6 | 중계율 0.15 | alpha 2.467 | complete
Ep 368 | 드론3 목적지37 |  529스텝 | 배송 37/37 | 재적재  6 | 중계율 0.15 | alpha 2.465 | complete
Ep 369 | 드론3 목적지42 |  752스텝 | 배송 42/42 | 재적재  7 | 중계율 0.18 | alpha 2.439 | complete
Ep 370 | 드론4 목적지70 | 1000스텝 | 배송 56/70 | 재적재  9 | 중계율 0.22 | alpha 2.462 | step_limit
Ep 371 | 드론4 목적지40 |  650스텝 | 배송 40/40 | 재적재  6 | 중계율 0.17 | alpha 2.460 | complete
Ep 372 | 드론5 목적지29 |  333스텝 | 배송 29/29 | 재적재  5 | 중계율 0.12 | alpha 2.445 | complete
Ep 373 | 드론3 목적지79 | 1000스텝 | 배송 65/79 | 재적재 12 | 중계율 0.20 | alpha 2.429 | step_limit
Ep 374 | 드론4 목적지40 |  710스텝 | 배송 40/40 | 재적재  6 | 중계율 0.20 | alpha 2.416 | complete
Ep 375 | 드론3 목적지28 |  610스텝 | 배송 28/28 | 재적재  5 | 중계율 0.13 | alpha 2.414 | complete
Ep 376 | 드론4 목적지40 |  905스텝 | 배송 40/40 | 재적재  5 | 중계율 0.25 | alpha 2.419 | complete
Ep 377 | 드론3 목적지72 | 1000스텝 | 배송 61/72 | 재적재 11 | 중계율 0.23 | alpha 2.424 | step_limit
Ep 378 | 드론6 목적지61 |  570스텝 | 배송 61/61 | 재적재  9 | 중계율 0.12 | alpha 2.422 | complete
Ep 379 | 드론5 목적지68 |  835스텝 | 배송 68/68 | 재적재 12 | 중계율 0.18 | alpha 2.405 | complete
Ep 380 | 드론3 목적지24 |  847스텝 | 배송 24/24 | 재적재  4 | 중계율 0.23 | alpha 2.384 | complete
Ep 381 | 드론4 목적지52 | 1000스텝 | 배송 40/52 | 재적재  5 | 중계율 0.25 | alpha 2.402 | step_limit
Ep 382 | 드론5 목적지35 |  395스텝 | 배송 35/35 | 재적재  3 | 중계율 0.15 | alpha 2.421 | complete
Ep 383 | 드론3 목적지47 | 1000스텝 | 배송 42/47 | 재적재  7 | 중계율 0.26 | alpha 2.403 | step_limit
Ep 384 | 드론4 목적지28 |  567스텝 | 배송 28/28 | 재적재  4 | 중계율 0.15 | alpha 2.391 | complete
Ep 385 | 드론5 목적지70 |  754스텝 | 배송 70/70 | 재적재 12 | 중계율 0.14 | alpha 2.390 | complete
Ep 386 | 드론5 목적지71 |  733스텝 | 배송 71/71 | 재적재 12 | 중계율 0.12 | alpha 2.409 | complete
Ep 387 | 드론4 목적지49 |  954스텝 | 배송 49/49 | 재적재  9 | 중계율 0.11 | alpha 2.424 | complete
Ep 388 | 드론4 목적지21 |  536스텝 | 배송 21/21 | 재적재  3 | 중계율 0.24 | alpha 2.439 | complete
Ep 389 | 드론5 목적지60 |  495스텝 | 배송 60/60 | 재적재 11 | 중계율 0.07 | alpha 2.411 | complete
Ep 390 | 드론5 목적지30 |  341스텝 | 배송 30/30 | 재적재  4 | 중계율 0.13 | alpha 2.399 | complete
Ep 391 | 드론3 목적지51 |  727스텝 | 배송 51/51 | 재적재  8 | 중계율 0.09 | alpha 2.389 | complete
Ep 392 | 드론4 목적지39 |  850스텝 | 배송 39/39 | 재적재  6 | 중계율 0.18 | alpha 2.361 | complete
Ep 393 | 드론6 목적지73 |  499스텝 | 배송 73/73 | 재적재 12 | 중계율 0.09 | alpha 2.365 | complete
Ep 394 | 드론3 목적지32 |  823스텝 | 배송 32/32 | 재적재  6 | 중계율 0.23 | alpha 2.357 | complete
Ep 395 | 드론6 목적지70 |  566스텝 | 배송 70/70 | 재적재 13 | 중계율 0.08 | alpha 2.380 | complete
Ep 396 | 드론6 목적지28 |  250스텝 | 배송 28/28 | 재적재  2 | 중계율 0.11 | alpha 2.397 | complete
Ep 397 | 드론3 목적지39 |  836스텝 | 배송 39/39 | 재적재  7 | 중계율 0.20 | alpha 2.389 | complete
Ep 398 | 드론4 목적지40 |  947스텝 | 배송 40/40 | 재적재  7 | 중계율 0.22 | alpha 2.408 | complete
Ep 399 | 드론3 목적지51 | 1000스텝 | 배송 50/51 | 재적재  9 | 중계율 0.23 | alpha 2.389 | step_limit
Ep 400 | 드론3 목적지79 | 1000스텝 | 배송 51/79 | 재적재  9 | 중계율 0.21 | alpha 2.400 | step_limit
  [홀드아웃] 배송 49.9±0.5 완주 0.97 스텝 1131 점수 103.7 재적재 8.3 2홉+ 0.65 | 최고 106.0@ep350 정체 1/15
Ep 401 | 드론3 목적지63 | 1000스텝 | 배송 57/63 | 재적재 11 | 중계율 0.19 | alpha 2.401 | step_limit
Ep 402 | 드론3 목적지32 |  794스텝 | 배송 32/32 | 재적재  6 | 중계율 0.22 | alpha 2.400 | complete
Ep 403 | 드론4 목적지76 |  870스텝 | 배송 76/76 | 재적재 14 | 중계율 0.16 | alpha 2.394 | complete
Ep 404 | 드론5 목적지23 |  262스텝 | 배송 23/23 | 재적재  3 | 중계율 0.10 | alpha 2.406 | complete
Ep 405 | 드론4 목적지67 |  988스텝 | 배송 67/67 | 재적재 11 | 중계율 0.21 | alpha 2.406 | complete
Ep 406 | 드론4 목적지48 |  916스텝 | 배송 48/48 | 재적재  8 | 중계율 0.18 | alpha 2.385 | complete
Ep 407 | 드론3 목적지72 | 1000스텝 | 배송 60/72 | 재적재 11 | 중계율 0.18 | alpha 2.383 | step_limit
Ep 408 | 드론6 목적지79 |  792스텝 | 배송 79/79 | 재적재 14 | 중계율 0.18 | alpha 2.381 | complete
Ep 409 | 드론6 목적지28 |  246스텝 | 배송 28/28 | 재적재  2 | 중계율 0.07 | alpha 2.374 | complete
Ep 410 | 드론6 목적지46 |  565스텝 | 배송 46/46 | 재적재  8 | 중계율 0.13 | alpha 2.355 | complete
Ep 411 | 드론6 목적지69 |  758스텝 | 배송 69/69 | 재적재 12 | 중계율 0.18 | alpha 2.369 | complete
Ep 412 | 드론3 목적지47 | 1000스텝 | 배송 45/47 | 재적재  8 | 중계율 0.16 | alpha 2.365 | step_limit
Ep 413 | 드론5 목적지45 |  496스텝 | 배송 45/45 | 재적재  8 | 중계율 0.15 | alpha 2.351 | complete
Ep 414 | 드론3 목적지76 | 1000스텝 | 배송 65/76 | 재적재 11 | 중계율 0.17 | alpha 2.419 | step_limit
Ep 415 | 드론4 목적지79 | 1000스텝 | 배송 77/79 | 재적재 14 | 중계율 0.19 | alpha 2.436 | step_limit
Ep 416 | 드론3 목적지20 |  537스텝 | 배송 20/20 | 재적재  3 | 중계율 0.15 | alpha 2.427 | complete
Ep 417 | 드론3 목적지45 |  821스텝 | 배송 45/45 | 재적재  7 | 중계율 0.18 | alpha 2.421 | complete
Ep 418 | 드론4 목적지75 | 1000스텝 | 배송 68/75 | 재적재 12 | 중계율 0.16 | alpha 2.428 | step_limit
Ep 419 | 드론6 목적지78 |  644스텝 | 배송 78/78 | 재적재 13 | 중계율 0.15 | alpha 2.410 | complete
Ep 420 | 드론6 목적지33 |  320스텝 | 배송 33/33 | 재적재  4 | 중계율 0.11 | alpha 2.408 | complete
Ep 421 | 드론4 목적지62 | 1000스텝 | 배송 61/62 | 재적재 10 | 중계율 0.16 | alpha 2.402 | step_limit
Ep 422 | 드론6 목적지51 |  730스텝 | 배송 51/51 | 재적재  9 | 중계율 0.15 | alpha 2.398 | complete
Ep 423 | 드론4 목적지44 |  762스텝 | 배송 44/44 | 재적재  7 | 중계율 0.19 | alpha 2.418 | complete
Ep 424 | 드론4 목적지33 |  885스텝 | 배송 33/33 | 재적재  4 | 중계율 0.23 | alpha 2.418 | complete
Ep 425 | 드론3 목적지33 |  522스텝 | 배송 33/33 | 재적재  5 | 중계율 0.12 | alpha 2.398 | complete
Ep 426 | 드론5 목적지24 |  334스텝 | 배송 24/24 | 재적재  2 | 중계율 0.12 | alpha 2.385 | complete
Ep 427 | 드론4 목적지64 | 1000스텝 | 배송 60/64 | 재적재 10 | 중계율 0.21 | alpha 2.371 | step_limit
Ep 428 | 드론6 목적지53 |  746스텝 | 배송 53/53 | 재적재  8 | 중계율 0.23 | alpha 2.379 | complete
Ep 429 | 드론4 목적지36 |  482스텝 | 배송 36/36 | 재적재  5 | 중계율 0.16 | alpha 2.389 | complete
Ep 430 | 드론6 목적지48 |  667스텝 | 배송 48/48 | 재적재  8 | 중계율 0.15 | alpha 2.386 | complete
Ep 431 | 드론3 목적지56 | 1000스텝 | 배송 45/56 | 재적재  7 | 중계율 0.25 | alpha 2.400 | step_limit
Ep 432 | 드론4 목적지45 |  596스텝 | 배송 45/45 | 재적재  6 | 중계율 0.18 | alpha 2.381 | complete
Ep 433 | 드론5 목적지25 |  392스텝 | 배송 25/25 | 재적재  2 | 중계율 0.16 | alpha 2.398 | complete
Ep 434 | 드론4 목적지58 | 1000스텝 | 배송 55/58 | 재적재 11 | 중계율 0.20 | alpha 2.424 | step_limit
Ep 435 | 드론4 목적지72 | 1000스텝 | 배송 51/72 | 재적재  9 | 중계율 0.32 | alpha 2.426 | step_limit
Ep 436 | 드론3 목적지71 | 1000스텝 | 배송 60/71 | 재적재 10 | 중계율 0.17 | alpha 2.448 | step_limit
Ep 437 | 드론3 목적지53 | 1000스텝 | 배송 47/53 | 재적재  9 | 중계율 0.19 | alpha 2.458 | step_limit
Ep 438 | 드론6 목적지31 |  437스텝 | 배송 31/31 | 재적재  4 | 중계율 0.15 | alpha 2.448 | complete
Ep 439 | 드론6 목적지77 |  868스텝 | 배송 77/77 | 재적재 13 | 중계율 0.11 | alpha 2.436 | complete
Ep 440 | 드론4 목적지73 | 1000스텝 | 배송 70/73 | 재적재 13 | 중계율 0.16 | alpha 2.434 | step_limit
Ep 441 | 드론5 목적지27 |  246스텝 | 배송 27/27 | 재적재  3 | 중계율 0.13 | alpha 2.409 | complete
Ep 442 | 드론4 목적지20 |  344스텝 | 배송 20/20 | 재적재  2 | 중계율 0.23 | alpha 2.379 | complete
Ep 443 | 드론5 목적지73 |  632스텝 | 배송 73/73 | 재적재 14 | 중계율 0.11 | alpha 2.369 | complete
Ep 444 | 드론3 목적지56 |  840스텝 | 배송 56/56 | 재적재 10 | 중계율 0.10 | alpha 2.379 | complete
Ep 445 | 드론5 목적지20 |  230스텝 | 배송 20/20 | 재적재  0 | 중계율 0.09 | alpha 2.409 | complete
Ep 446 | 드론3 목적지26 |  511스텝 | 배송 26/26 | 재적재  5 | 중계율 0.20 | alpha 2.439 | complete
Ep 447 | 드론4 목적지41 |  596스텝 | 배송 41/41 | 재적재  6 | 중계율 0.13 | alpha 2.430 | complete
Ep 448 | 드론6 목적지73 |  722스텝 | 배송 73/73 | 재적재 13 | 중계율 0.12 | alpha 2.396 | complete
Ep 449 | 드론4 목적지56 |  825스텝 | 배송 56/56 | 재적재 10 | 중계율 0.17 | alpha 2.389 | complete
Ep 450 | 드론4 목적지35 |  590스텝 | 배송 35/35 | 재적재  6 | 중계율 0.17 | alpha 2.372 | complete
  [홀드아웃] 배송 50.0±0.0 완주 1.00 스텝 1121 점수 106.3 재적재 8.5 2홉+ 0.65 | 최고 106.3@ep450 정체 0/15  ← 갱신
Ep 451 | 드론5 목적지77 |  769스텝 | 배송 77/77 | 재적재 13 | 중계율 0.09 | alpha 2.389 | complete
Ep 452 | 드론3 목적지22 |  540스텝 | 배송 22/22 | 재적재  4 | 중계율 0.22 | alpha 2.407 | complete
Ep 453 | 드론6 목적지47 |  381스텝 | 배송 47/47 | 재적재  8 | 중계율 0.07 | alpha 2.400 | complete
Ep 454 | 드론5 목적지72 |  826스텝 | 배송 72/72 | 재적재 13 | 중계율 0.16 | alpha 2.392 | complete
Ep 455 | 드론6 목적지63 |  545스텝 | 배송 63/63 | 재적재 11 | 중계율 0.11 | alpha 2.401 | complete
Ep 456 | 드론4 목적지73 | 1000스텝 | 배송 70/73 | 재적재 13 | 중계율 0.17 | alpha 2.396 | step_limit
Ep 457 | 드론5 목적지36 |  624스텝 | 배송 36/36 | 재적재  5 | 중계율 0.18 | alpha 2.361 | complete
Ep 458 | 드론5 목적지78 |  921스텝 | 배송 78/78 | 재적재 15 | 중계율 0.15 | alpha 2.392 | complete
Ep 459 | 드론5 목적지45 |  633스텝 | 배송 45/45 | 재적재  7 | 중계율 0.20 | alpha 2.397 | complete
Ep 460 | 드론4 목적지70 | 1000스텝 | 배송 56/70 | 재적재 11 | 중계율 0.21 | alpha 2.369 | step_limit
Ep 461 | 드론3 목적지39 | 1000스텝 | 배송 38/39 | 재적재  7 | 중계율 0.22 | alpha 2.392 | step_limit
Ep 462 | 드론5 목적지62 |  697스텝 | 배송 62/62 | 재적재 10 | 중계율 0.16 | alpha 2.413 | complete
Ep 463 | 드론4 목적지67 | 1000스텝 | 배송 65/67 | 재적재 12 | 중계율 0.18 | alpha 2.446 | step_limit
Ep 464 | 드론4 목적지33 |  516스텝 | 배송 33/33 | 재적재  5 | 중계율 0.12 | alpha 2.425 | complete
Ep 465 | 드론5 목적지80 | 1000스텝 | 배송 74/80 | 재적재 12 | 중계율 0.23 | alpha 2.389 | step_limit
Ep 466 | 드론6 목적지42 |  356스텝 | 배송 42/42 | 재적재  6 | 중계율 0.08 | alpha 2.397 | complete
Ep 467 | 드론4 목적지63 |  915스텝 | 배송 63/63 | 재적재 11 | 중계율 0.16 | alpha 2.386 | complete
Ep 468 | 드론3 목적지78 | 1000스텝 | 배송 60/78 | 재적재 11 | 중계율 0.17 | alpha 2.373 | step_limit
Ep 469 | 드론5 목적지48 |  459스텝 | 배송 48/48 | 재적재  6 | 중계율 0.13 | alpha 2.372 | complete
Ep 470 | 드론5 목적지70 |  862스텝 | 배송 70/70 | 재적재 13 | 중계율 0.20 | alpha 2.379 | complete
Ep 471 | 드론4 목적지24 |  441스텝 | 배송 24/24 | 재적재  2 | 중계율 0.15 | alpha 2.389 | complete
Ep 472 | 드론6 목적지62 |  535스텝 | 배송 62/62 | 재적재 10 | 중계율 0.14 | alpha 2.464 | complete
Ep 473 | 드론4 목적지30 |  828스텝 | 배송 30/30 | 재적재  3 | 중계율 0.24 | alpha 2.449 | complete
Ep 474 | 드론4 목적지37 |  764스텝 | 배송 37/37 | 재적재  5 | 중계율 0.16 | alpha 2.431 | complete
Ep 475 | 드론3 목적지71 | 1000스텝 | 배송 58/71 | 재적재 10 | 중계율 0.23 | alpha 2.431 | step_limit
Ep 476 | 드론3 목적지29 | 1000스텝 | 배송 26/29 | 재적재  4 | 중계율 0.19 | alpha 2.457 | step_limit
Ep 477 | 드론4 목적지36 |  590스텝 | 배송 36/36 | 재적재  6 | 중계율 0.18 | alpha 2.450 | complete
Ep 478 | 드론3 목적지52 | 1000스텝 | 배송 46/52 | 재적재  9 | 중계율 0.24 | alpha 2.430 | step_limit
Ep 479 | 드론5 목적지75 |  763스텝 | 배송 75/75 | 재적재 13 | 중계율 0.16 | alpha 2.431 | complete
Ep 480 | 드론6 목적지64 |  532스텝 | 배송 64/64 | 재적재 11 | 중계율 0.10 | alpha 2.441 | complete
Ep 481 | 드론4 목적지70 | 1000스텝 | 배송 63/70 | 재적재 11 | 중계율 0.24 | alpha 2.422 | step_limit
Ep 482 | 드론6 목적지39 |  466스텝 | 배송 39/39 | 재적재  6 | 중계율 0.14 | alpha 2.411 | complete
Ep 483 | 드론5 목적지51 |  659스텝 | 배송 51/51 | 재적재  8 | 중계율 0.15 | alpha 2.400 | complete
Ep 484 | 드론5 목적지43 |  684스텝 | 배송 43/43 | 재적재  7 | 중계율 0.18 | alpha 2.408 | complete
Ep 485 | 드론4 목적지36 |  603스텝 | 배송 36/36 | 재적재  5 | 중계율 0.16 | alpha 2.397 | complete
Ep 486 | 드론4 목적지53 |  795스텝 | 배송 53/53 | 재적재  9 | 중계율 0.16 | alpha 2.440 | complete
Ep 487 | 드론6 목적지34 |  411스텝 | 배송 34/34 | 재적재  5 | 중계율 0.13 | alpha 2.390 | complete
Ep 488 | 드론3 목적지73 | 1000스텝 | 배송 57/73 | 재적재 11 | 중계율 0.19 | alpha 2.387 | step_limit
Ep 489 | 드론5 목적지52 |  587스텝 | 배송 52/52 | 재적재  9 | 중계율 0.13 | alpha 2.375 | complete
Ep 490 | 드론6 목적지40 |  343스텝 | 배송 40/40 | 재적재  6 | 중계율 0.12 | alpha 2.396 | complete
Ep 491 | 드론3 목적지47 |  751스텝 | 배송 47/47 | 재적재  9 | 중계율 0.15 | alpha 2.418 | complete
Ep 492 | 드론3 목적지71 | 1000스텝 | 배송 51/71 | 재적재  9 | 중계율 0.20 | alpha 2.399 | step_limit
Ep 493 | 드론4 목적지46 |  756스텝 | 배송 46/46 | 재적재  8 | 중계율 0.13 | alpha 2.394 | complete
Ep 494 | 드론3 목적지47 | 1000스텝 | 배송 44/47 | 재적재  8 | 중계율 0.23 | alpha 2.416 | step_limit
Ep 495 | 드론4 목적지45 | 1000스텝 | 배송 43/45 | 재적재  7 | 중계율 0.20 | alpha 2.393 | step_limit
Ep 496 | 드론5 목적지65 |  735스텝 | 배송 65/65 | 재적재 11 | 중계율 0.13 | alpha 2.411 | complete
Ep 497 | 드론3 목적지35 |  624스텝 | 배송 35/35 | 재적재  6 | 중계율 0.13 | alpha 2.398 | complete
Ep 498 | 드론5 목적지39 |  624스텝 | 배송 39/39 | 재적재  6 | 중계율 0.18 | alpha 2.424 | complete
Ep 499 | 드론5 목적지28 |  380스텝 | 배송 28/28 | 재적재  5 | 중계율 0.14 | alpha 2.398 | complete
Ep 500 | 드론4 목적지49 | 1000스텝 | 배송 46/49 | 재적재  8 | 중계율 0.23 | alpha 2.429 | step_limit
  [홀드아웃] 배송 50.0±0.3 완주 0.97 스텝 1262 점수 103.3 재적재 8.5 2홉+ 0.65 | 최고 106.3@ep450 정체 1/15
Ep 501 | 드론5 목적지26 |  394스텝 | 배송 26/26 | 재적재  3 | 중계율 0.16 | alpha 2.438 | complete
Ep 502 | 드론6 목적지69 |  519스텝 | 배송 69/69 | 재적재 10 | 중계율 0.10 | alpha 2.403 | complete
Ep 503 | 드론6 목적지44 |  410스텝 | 배송 44/44 | 재적재  7 | 중계율 0.12 | alpha 2.398 | complete
Ep 504 | 드론6 목적지34 |  586스텝 | 배송 34/34 | 재적재  5 | 중계율 0.21 | alpha 2.403 | complete
Ep 505 | 드론6 목적지77 | 1000스텝 | 배송 74/77 | 재적재 13 | 중계율 0.23 | alpha 2.403 | step_limit
Ep 506 | 드론6 목적지55 |  501스텝 | 배송 55/55 | 재적재  7 | 중계율 0.09 | alpha 2.394 | complete
Ep 507 | 드론3 목적지61 | 1000스텝 | 배송 55/61 | 재적재 10 | 중계율 0.11 | alpha 2.377 | step_limit
Ep 508 | 드론4 목적지24 |  400스텝 | 배송 24/24 | 재적재  3 | 중계율 0.09 | alpha 2.393 | complete
Ep 509 | 드론3 목적지48 | 1000스텝 | 배송 43/48 | 재적재  7 | 중계율 0.21 | alpha 2.412 | step_limit
Ep 510 | 드론5 목적지71 | 1000스텝 | 배송 70/71 | 재적재 12 | 중계율 0.18 | alpha 2.461 | step_limit
Ep 511 | 드론6 목적지39 |  497스텝 | 배송 39/39 | 재적재  6 | 중계율 0.12 | alpha 2.432 | complete
Ep 512 | 드론5 목적지29 |  410스텝 | 배송 29/29 | 재적재  4 | 중계율 0.11 | alpha 2.426 | complete
Ep 513 | 드론6 목적지46 |  462스텝 | 배송 46/46 | 재적재  7 | 중계율 0.11 | alpha 2.423 | complete
Ep 514 | 드론3 목적지49 | 1000스텝 | 배송 44/49 | 재적재  7 | 중계율 0.21 | alpha 2.420 | step_limit
Ep 515 | 드론3 목적지70 | 1000스텝 | 배송 61/70 | 재적재 11 | 중계율 0.19 | alpha 2.412 | step_limit
Ep 516 | 드론5 목적지63 | 1000스텝 | 배송 58/63 | 재적재 10 | 중계율 0.22 | alpha 2.431 | step_limit
Ep 517 | 드론5 목적지44 |  636스텝 | 배송 44/44 | 재적재  6 | 중계율 0.17 | alpha 2.415 | complete
Ep 518 | 드론3 목적지57 | 1000스텝 | 배송 42/57 | 재적재  8 | 중계율 0.25 | alpha 2.394 | step_limit
Ep 519 | 드론6 목적지34 |  391스텝 | 배송 34/34 | 재적재  4 | 중계율 0.11 | alpha 2.412 | complete
Ep 520 | 드론4 목적지68 |  944스텝 | 배송 68/68 | 재적재 11 | 중계율 0.13 | alpha 2.430 | complete
Ep 521 | 드론5 목적지71 | 1000스텝 | 배송 67/71 | 재적재 12 | 중계율 0.18 | alpha 2.413 | step_limit
Ep 522 | 드론4 목적지72 | 1000스텝 | 배송 70/72 | 재적재 13 | 중계율 0.19 | alpha 2.396 | step_limit
Ep 523 | 드론4 목적지27 |  603스텝 | 배송 27/27 | 재적재  3 | 중계율 0.21 | alpha 2.379 | complete
Ep 524 | 드론3 목적지37 | 1000스텝 | 배송 31/37 | 재적재  6 | 중계율 0.27 | alpha 2.402 | step_limit
Ep 525 | 드론3 목적지79 | 1000스텝 | 배송 62/79 | 재적재 11 | 중계율 0.18 | alpha 2.408 | step_limit
Ep 526 | 드론4 목적지39 |  964스텝 | 배송 39/39 | 재적재  6 | 중계율 0.27 | alpha 2.379 | complete
Ep 527 | 드론4 목적지42 |  774스텝 | 배송 42/42 | 재적재  7 | 중계율 0.19 | alpha 2.422 | complete
Ep 528 | 드론4 목적지51 |  652스텝 | 배송 51/51 | 재적재  9 | 중계율 0.19 | alpha 2.447 | complete
Ep 529 | 드론4 목적지21 |  426스텝 | 배송 21/21 | 재적재  2 | 중계율 0.17 | alpha 2.424 | complete
Ep 530 | 드론5 목적지34 |  533스텝 | 배송 34/34 | 재적재  5 | 중계율 0.16 | alpha 2.433 | complete
Ep 531 | 드론6 목적지64 |  647스텝 | 배송 64/64 | 재적재 11 | 중계율 0.15 | alpha 2.404 | complete
Ep 532 | 드론6 목적지78 |  607스텝 | 배송 78/78 | 재적재 13 | 중계율 0.10 | alpha 2.414 | complete
Ep 533 | 드론5 목적지68 |  947스텝 | 배송 68/68 | 재적재 11 | 중계율 0.21 | alpha 2.423 | complete
Ep 534 | 드론4 목적지25 |  968스텝 | 배송 25/25 | 재적재  4 | 중계율 0.27 | alpha 2.397 | complete
Ep 535 | 드론4 목적지25 |  672스텝 | 배송 25/25 | 재적재  4 | 중계율 0.21 | alpha 2.381 | complete
Ep 536 | 드론6 목적지71 |  567스텝 | 배송 71/71 | 재적재 12 | 중계율 0.07 | alpha 2.353 | complete
Ep 537 | 드론6 목적지31 |  355스텝 | 배송 31/31 | 재적재  5 | 중계율 0.13 | alpha 2.376 | complete
Ep 538 | 드론5 목적지55 |  773스텝 | 배송 55/55 | 재적재  8 | 중계율 0.21 | alpha 2.368 | complete
Ep 539 | 드론3 목적지46 | 1000스텝 | 배송 43/46 | 재적재  8 | 중계율 0.18 | alpha 2.341 | step_limit
Ep 540 | 드론5 목적지50 |  490스텝 | 배송 50/50 | 재적재  8 | 중계율 0.11 | alpha 2.340 | complete
Ep 541 | 드론5 목적지25 |  320스텝 | 배송 25/25 | 재적재  3 | 중계율 0.11 | alpha 2.353 | complete
Ep 542 | 드론5 목적지65 |  963스텝 | 배송 65/65 | 재적재 12 | 중계율 0.18 | alpha 2.375 | complete
Ep 543 | 드론4 목적지32 |  593스텝 | 배송 32/32 | 재적재  4 | 중계율 0.11 | alpha 2.379 | complete
Ep 544 | 드론5 목적지60 |  810스텝 | 배송 60/60 | 재적재 11 | 중계율 0.14 | alpha 2.364 | complete
Ep 545 | 드론4 목적지74 | 1000스텝 | 배송 67/74 | 재적재 12 | 중계율 0.16 | alpha 2.377 | step_limit
Ep 546 | 드론4 목적지45 | 1000스텝 | 배송 41/45 | 재적재  7 | 중계율 0.19 | alpha 2.411 | step_limit
Ep 547 | 드론4 목적지37 |  557스텝 | 배송 37/37 | 재적재  7 | 중계율 0.12 | alpha 2.410 | complete
Ep 548 | 드론4 목적지63 |  754스텝 | 배송 63/63 | 재적재 11 | 중계율 0.17 | alpha 2.414 | complete
Ep 549 | 드론6 목적지55 |  468스텝 | 배송 55/55 | 재적재  9 | 중계율 0.10 | alpha 2.405 | complete
Ep 550 | 드론5 목적지30 |  399스텝 | 배송 30/30 | 재적재  3 | 중계율 0.11 | alpha 2.414 | complete
  [홀드아웃] 배송 49.9±0.3 완주 0.95 스텝 1113 점수 101.3 재적재 8.4 2홉+ 0.64 | 최고 106.3@ep450 정체 2/15
Ep 551 | 드론6 목적지33 |  218스텝 | 배송 33/33 | 재적재  4 | 중계율 0.07 | alpha 2.413 | complete
Ep 552 | 드론6 목적지71 |  474스텝 | 배송 71/71 | 재적재 10 | 중계율 0.08 | alpha 2.398 | complete
Ep 553 | 드론6 목적지68 |  750스텝 | 배송 68/68 | 재적재 11 | 중계율 0.14 | alpha 2.372 | complete
Ep 554 | 드론4 목적지74 | 1000스텝 | 배송 65/74 | 재적재 11 | 중계율 0.16 | alpha 2.370 | step_limit
Ep 555 | 드론5 목적지59 |  851스텝 | 배송 59/59 | 재적재  9 | 중계율 0.22 | alpha 2.335 | complete
Ep 556 | 드론5 목적지41 |  888스텝 | 배송 41/41 | 재적재  6 | 중계율 0.19 | alpha 2.327 | complete
Ep 557 | 드론4 목적지71 |  835스텝 | 배송 71/71 | 재적재 12 | 중계율 0.13 | alpha 2.295 | complete
Ep 558 | 드론5 목적지50 |  643스텝 | 배송 50/50 | 재적재  7 | 중계율 0.12 | alpha 2.323 | complete
Ep 559 | 드론5 목적지57 |  642스텝 | 배송 57/57 | 재적재 10 | 중계율 0.12 | alpha 2.342 | complete
Ep 560 | 드론5 목적지42 |  498스텝 | 배송 42/42 | 재적재  6 | 중계율 0.05 | alpha 2.341 | complete
Ep 561 | 드론5 목적지27 |  504스텝 | 배송 27/27 | 재적재  4 | 중계율 0.15 | alpha 2.336 | complete
Ep 562 | 드론6 목적지47 |  568스텝 | 배송 47/47 | 재적재  7 | 중계율 0.16 | alpha 2.330 | complete
Ep 563 | 드론4 목적지78 | 1000스텝 | 배송 70/78 | 재적재 13 | 중계율 0.16 | alpha 2.368 | step_limit
Ep 564 | 드론5 목적지30 |  345스텝 | 배송 30/30 | 재적재  4 | 중계율 0.10 | alpha 2.357 | complete
Ep 565 | 드론6 목적지22 |  227스텝 | 배송 22/22 | 재적재  1 | 중계율 0.13 | alpha 2.361 | complete
Ep 566 | 드론4 목적지49 |  996스텝 | 배송 49/49 | 재적재  8 | 중계율 0.18 | alpha 2.370 | complete
Ep 567 | 드론4 목적지78 | 1000스텝 | 배송 68/78 | 재적재 11 | 중계율 0.19 | alpha 2.360 | step_limit
Ep 568 | 드론5 목적지67 | 1000스텝 | 배송 64/67 | 재적재 10 | 중계율 0.22 | alpha 2.357 | step_limit
Ep 569 | 드론6 목적지70 |  542스텝 | 배송 70/70 | 재적재 11 | 중계율 0.10 | alpha 2.381 | complete
Ep 570 | 드론4 목적지72 |  765스텝 | 배송 72/72 | 재적재 13 | 중계율 0.13 | alpha 2.367 | complete
Ep 571 | 드론6 목적지49 |  624스텝 | 배송 49/49 | 재적재  8 | 중계율 0.13 | alpha 2.383 | complete
Ep 572 | 드론6 목적지75 |  669스텝 | 배송 75/75 | 재적재 13 | 중계율 0.15 | alpha 2.356 | complete
Ep 573 | 드론5 목적지66 |  573스텝 | 배송 66/66 | 재적재 10 | 중계율 0.14 | alpha 2.333 | complete
Ep 574 | 드론5 목적지44 |  825스텝 | 배송 44/44 | 재적재  7 | 중계율 0.16 | alpha 2.302 | complete
Ep 575 | 드론6 목적지78 |  768스텝 | 배송 78/78 | 재적재 14 | 중계율 0.11 | alpha 2.340 | complete
Ep 576 | 드론3 목적지69 | 1000스텝 | 배송 55/69 | 재적재 10 | 중계율 0.23 | alpha 2.323 | step_limit
Ep 577 | 드론5 목적지24 |  348스텝 | 배송 24/24 | 재적재  3 | 중계율 0.15 | alpha 2.349 | complete
Ep 578 | 드론5 목적지32 |  507스텝 | 배송 32/32 | 재적재  4 | 중계율 0.12 | alpha 2.371 | complete
Ep 579 | 드론6 목적지26 |  253스텝 | 배송 26/26 | 재적재  2 | 중계율 0.12 | alpha 2.372 | complete
Ep 580 | 드론5 목적지60 |  631스텝 | 배송 60/60 | 재적재  9 | 중계율 0.12 | alpha 2.348 | complete
Ep 581 | 드론4 목적지47 | 1000스텝 | 배송 43/47 | 재적재  7 | 중계율 0.18 | alpha 2.341 | step_limit
Ep 582 | 드론3 목적지36 | 1000스텝 | 배송 35/36 | 재적재  6 | 중계율 0.23 | alpha 2.352 | step_limit
Ep 583 | 드론6 목적지65 |  544스텝 | 배송 65/65 | 재적재 10 | 중계율 0.11 | alpha 2.384 | complete
Ep 584 | 드론4 목적지54 | 1000스텝 | 배송 53/54 | 재적재  9 | 중계율 0.19 | alpha 2.350 | step_limit
Ep 585 | 드론6 목적지72 |  751스텝 | 배송 72/72 | 재적재 13 | 중계율 0.15 | alpha 2.380 | complete
Ep 586 | 드론6 목적지37 |  386스텝 | 배송 37/37 | 재적재  6 | 중계율 0.14 | alpha 2.366 | complete
Ep 587 | 드론3 목적지49 | 1000스텝 | 배송 41/49 | 재적재  7 | 중계율 0.18 | alpha 2.379 | step_limit
Ep 588 | 드론4 목적지57 | 1000스텝 | 배송 52/57 | 재적재  8 | 중계율 0.18 | alpha 2.327 | step_limit
Ep 589 | 드론3 목적지50 | 1000스텝 | 배송 46/50 | 재적재  9 | 중계율 0.18 | alpha 2.354 | step_limit
Ep 590 | 드론4 목적지47 |  671스텝 | 배송 47/47 | 재적재  7 | 중계율 0.14 | alpha 2.374 | complete
Ep 591 | 드론6 목적지64 |  667스텝 | 배송 64/64 | 재적재 10 | 중계율 0.15 | alpha 2.345 | complete
Ep 592 | 드론5 목적지22 |  320스텝 | 배송 22/22 | 재적재  2 | 중계율 0.11 | alpha 2.311 | complete
Ep 593 | 드론5 목적지51 |  648스텝 | 배송 51/51 | 재적재  8 | 중계율 0.17 | alpha 2.287 | complete
Ep 594 | 드론3 목적지40 |  984스텝 | 배송 40/40 | 재적재  7 | 중계율 0.20 | alpha 2.293 | complete
Ep 595 | 드론5 목적지26 |  404스텝 | 배송 26/26 | 재적재  2 | 중계율 0.21 | alpha 2.291 | complete
Ep 596 | 드론6 목적지26 |  280스텝 | 배송 26/26 | 재적재  2 | 중계율 0.07 | alpha 2.274 | complete
Ep 597 | 드론4 목적지21 |  328스텝 | 배송 21/21 | 재적재  3 | 중계율 0.12 | alpha 2.286 | complete
Ep 598 | 드론4 목적지23 |  404스텝 | 배송 23/23 | 재적재  3 | 중계율 0.15 | alpha 2.317 | complete
Ep 599 | 드론4 목적지77 | 1000스텝 | 배송 75/77 | 재적재 13 | 중계율 0.15 | alpha 2.374 | step_limit
Ep 600 | 드론5 목적지68 | 1000스텝 | 배송 56/68 | 재적재  9 | 중계율 0.25 | alpha 2.351 | step_limit
  [홀드아웃] 배송 50.0±0.0 완주 1.00 스텝 1156 점수 106.1 재적재 8.4 2홉+ 0.64 | 최고 106.3@ep450 정체 3/15
Ep 601 | 드론4 목적지20 |  534스텝 | 배송 20/20 | 재적재  3 | 중계율 0.20 | alpha 2.345 | complete
Ep 602 | 드론5 목적지72 |  874스텝 | 배송 72/72 | 재적재 13 | 중계율 0.14 | alpha 2.324 | complete
Ep 603 | 드론6 목적지60 |  433스텝 | 배송 60/60 | 재적재  9 | 중계율 0.07 | alpha 2.328 | complete
Ep 604 | 드론5 목적지68 |  759스텝 | 배송 68/68 | 재적재 12 | 중계율 0.10 | alpha 2.336 | complete
Ep 605 | 드론4 목적지73 | 1000스텝 | 배송 59/73 | 재적재 10 | 중계율 0.25 | alpha 2.344 | step_limit
Ep 606 | 드론5 목적지51 | 1000스텝 | 배송 50/51 | 재적재  9 | 중계율 0.18 | alpha 2.382 | step_limit
Ep 607 | 드론3 목적지48 |  949스텝 | 배송 48/48 | 재적재  8 | 중계율 0.16 | alpha 2.382 | complete
Ep 608 | 드론5 목적지67 |  632스텝 | 배송 67/67 | 재적재 11 | 중계율 0.08 | alpha 2.365 | complete
Ep 609 | 드론4 목적지51 | 1000스텝 | 배송 49/51 | 재적재  8 | 중계율 0.14 | alpha 2.385 | step_limit
Ep 610 | 드론4 목적지72 |  855스텝 | 배송 72/72 | 재적재 12 | 중계율 0.12 | alpha 2.371 | complete
Ep 611 | 드론4 목적지77 | 1000스텝 | 배송 67/77 | 재적재 11 | 중계율 0.24 | alpha 2.387 | step_limit
Ep 612 | 드론3 목적지42 | 1000스텝 | 배송 36/42 | 재적재  6 | 중계율 0.31 | alpha 2.362 | step_limit
Ep 613 | 드론4 목적지40 |  488스텝 | 배송 40/40 | 재적재  6 | 중계율 0.11 | alpha 2.358 | complete
Ep 614 | 드론4 목적지42 |  872스텝 | 배송 42/42 | 재적재  7 | 중계율 0.17 | alpha 2.358 | complete
Ep 615 | 드론4 목적지80 |  943스텝 | 배송 80/80 | 재적재 14 | 중계율 0.16 | alpha 2.381 | complete
Ep 616 | 드론5 목적지26 |  458스텝 | 배송 26/26 | 재적재  4 | 중계율 0.16 | alpha 2.371 | complete
Ep 617 | 드론6 목적지75 |  786스텝 | 배송 75/75 | 재적재 13 | 중계율 0.14 | alpha 2.409 | complete
Ep 618 | 드론4 목적지50 | 1000스텝 | 배송 46/50 | 재적재  8 | 중계율 0.24 | alpha 2.399 | step_limit
Ep 619 | 드론5 목적지71 |  851스텝 | 배송 71/71 | 재적재 12 | 중계율 0.15 | alpha 2.383 | complete
Ep 620 | 드론6 목적지55 |  578스텝 | 배송 55/55 | 재적재  8 | 중계율 0.13 | alpha 2.358 | complete
Ep 621 | 드론4 목적지79 | 1000스텝 | 배송 71/79 | 재적재 13 | 중계율 0.20 | alpha 2.343 | step_limit
Ep 622 | 드론6 목적지56 | 1000스텝 | 배송 55/56 | 재적재  8 | 중계율 0.22 | alpha 2.346 | step_limit
Ep 623 | 드론3 목적지33 | 1000스텝 | 배송 31/33 | 재적재  5 | 중계율 0.22 | alpha 2.366 | step_limit
Ep 624 | 드론4 목적지72 | 1000스텝 | 배송 61/72 | 재적재 10 | 중계율 0.21 | alpha 2.392 | step_limit
Ep 625 | 드론6 목적지47 |  536스텝 | 배송 47/47 | 재적재  7 | 중계율 0.14 | alpha 2.369 | complete
Ep 626 | 드론3 목적지52 | 1000스텝 | 배송 41/52 | 재적재  7 | 중계율 0.19 | alpha 2.367 | step_limit
Ep 627 | 드론5 목적지66 | 1000스텝 | 배송 64/66 | 재적재 11 | 중계율 0.18 | alpha 2.386 | step_limit
Ep 628 | 드론4 목적지42 |  565스텝 | 배송 42/42 | 재적재  6 | 중계율 0.12 | alpha 2.390 | complete
Ep 629 | 드론3 목적지31 | 1000스텝 | 배송 26/31 | 재적재  4 | 중계율 0.21 | alpha 2.396 | step_limit
Ep 630 | 드론4 목적지65 | 1000스텝 | 배송 61/65 | 재적재 10 | 중계율 0.17 | alpha 2.404 | step_limit
Ep 631 | 드론3 목적지20 |  488스텝 | 배송 20/20 | 재적재  3 | 중계율 0.13 | alpha 2.367 | complete
Ep 632 | 드론4 목적지38 |  727스텝 | 배송 38/38 | 재적재  6 | 중계율 0.20 | alpha 2.335 | complete
Ep 633 | 드론6 목적지67 |  442스텝 | 배송 67/67 | 재적재 12 | 중계율 0.09 | alpha 2.343 | complete
Ep 634 | 드론6 목적지47 |  296스텝 | 배송 47/47 | 재적재  6 | 중계율 0.07 | alpha 2.347 | complete
Ep 635 | 드론6 목적지30 |  257스텝 | 배송 30/30 | 재적재  4 | 중계율 0.08 | alpha 2.337 | complete
Ep 636 | 드론4 목적지29 |  561스텝 | 배송 29/29 | 재적재  4 | 중계율 0.21 | alpha 2.343 | complete
Ep 637 | 드론4 목적지71 | 1000스텝 | 배송 68/71 | 재적재 13 | 중계율 0.20 | alpha 2.376 | step_limit
Ep 638 | 드론6 목적지73 |  652스텝 | 배송 73/73 | 재적재 12 | 중계율 0.10 | alpha 2.344 | complete
Ep 639 | 드론5 목적지79 | 1000스텝 | 배송 71/79 | 재적재 13 | 중계율 0.21 | alpha 2.381 | step_limit
Ep 640 | 드론3 목적지22 |  616스텝 | 배송 22/22 | 재적재  3 | 중계율 0.23 | alpha 2.353 | complete
Ep 641 | 드론5 목적지77 |  923스텝 | 배송 77/77 | 재적재 14 | 중계율 0.17 | alpha 2.370 | complete
Ep 642 | 드론5 목적지26 |  273스텝 | 배송 26/26 | 재적재  3 | 중계율 0.15 | alpha 2.359 | complete
Ep 643 | 드론6 목적지30 |  265스텝 | 배송 30/30 | 재적재  4 | 중계율 0.05 | alpha 2.370 | complete
Ep 644 | 드론4 목적지77 | 1000스텝 | 배송 76/77 | 재적재 13 | 중계율 0.15 | alpha 2.374 | step_limit
Ep 645 | 드론4 목적지34 |  646스텝 | 배송 34/34 | 재적재  5 | 중계율 0.08 | alpha 2.379 | complete
Ep 646 | 드론5 목적지34 |  671스텝 | 배송 34/34 | 재적재  4 | 중계율 0.12 | alpha 2.397 | complete
Ep 647 | 드론3 목적지37 |  853스텝 | 배송 37/37 | 재적재  6 | 중계율 0.21 | alpha 2.396 | complete
Ep 648 | 드론4 목적지55 |  755스텝 | 배송 55/55 | 재적재  8 | 중계율 0.14 | alpha 2.393 | complete
Ep 649 | 드론3 목적지20 |  705스텝 | 배송 20/20 | 재적재  3 | 중계율 0.23 | alpha 2.386 | complete
Ep 650 | 드론5 목적지37 |  451스텝 | 배송 37/37 | 재적재  5 | 중계율 0.12 | alpha 2.416 | complete
  [홀드아웃] 배송 50.0±0.0 완주 1.00 스텝 1158 점수 106.1 재적재 8.4 2홉+ 0.65 | 최고 106.3@ep450 정체 4/15
Ep 651 | 드론3 목적지77 | 1000스텝 | 배송 59/77 | 재적재  9 | 중계율 0.19 | alpha 2.433 | step_limit
Ep 652 | 드론6 목적지57 |  451스텝 | 배송 57/57 | 재적재  8 | 중계율 0.13 | alpha 2.432 | complete
Ep 653 | 드론5 목적지38 |  466스텝 | 배송 38/38 | 재적재  5 | 중계율 0.12 | alpha 2.408 | complete
Ep 654 | 드론6 목적지45 |  421스텝 | 배송 45/45 | 재적재  7 | 중계율 0.07 | alpha 2.389 | complete
Ep 655 | 드론3 목적지40 | 1000스텝 | 배송 38/40 | 재적재  6 | 중계율 0.19 | alpha 2.378 | step_limit
Ep 656 | 드론5 목적지31 |  361스텝 | 배송 31/31 | 재적재  4 | 중계율 0.15 | alpha 2.383 | complete
Ep 657 | 드론5 목적지26 |  436스텝 | 배송 26/26 | 재적재  3 | 중계율 0.17 | alpha 2.379 | complete
Ep 658 | 드론4 목적지39 |  573스텝 | 배송 39/39 | 재적재  7 | 중계율 0.15 | alpha 2.392 | complete
Ep 659 | 드론4 목적지51 |  881스텝 | 배송 51/51 | 재적재  8 | 중계율 0.18 | alpha 2.379 | complete
Ep 660 | 드론4 목적지51 |  774스텝 | 배송 51/51 | 재적재  9 | 중계율 0.19 | alpha 2.346 | complete
Ep 661 | 드론3 목적지38 |  845스텝 | 배송 38/38 | 재적재  7 | 중계율 0.22 | alpha 2.366 | complete
Ep 662 | 드론5 목적지43 |  355스텝 | 배송 43/43 | 재적재  5 | 중계율 0.11 | alpha 2.370 | complete
Ep 663 | 드론5 목적지57 |  795스텝 | 배송 57/57 | 재적재  9 | 중계율 0.15 | alpha 2.398 | complete
Ep 664 | 드론4 목적지27 |  406스텝 | 배송 27/27 | 재적재  4 | 중계율 0.10 | alpha 2.383 | complete
Ep 665 | 드론6 목적지59 |  435스텝 | 배송 59/59 | 재적재  9 | 중계율 0.07 | alpha 2.364 | complete
Ep 666 | 드론4 목적지72 | 1000스텝 | 배송 68/72 | 재적재 12 | 중계율 0.16 | alpha 2.380 | step_limit
Ep 667 | 드론5 목적지45 |  423스텝 | 배송 45/45 | 재적재  5 | 중계율 0.10 | alpha 2.376 | complete
Ep 668 | 드론3 목적지65 | 1000스텝 | 배송 55/65 | 재적재 11 | 중계율 0.18 | alpha 2.382 | step_limit
Ep 669 | 드론4 목적지66 | 1000스텝 | 배송 65/66 | 재적재 12 | 중계율 0.16 | alpha 2.369 | step_limit
Ep 670 | 드론6 목적지77 |  727스텝 | 배송 77/77 | 재적재 12 | 중계율 0.15 | alpha 2.378 | complete
Ep 671 | 드론5 목적지58 |  894스텝 | 배송 58/58 | 재적재 10 | 중계율 0.19 | alpha 2.343 | complete
Ep 672 | 드론3 목적지43 |  839스텝 | 배송 43/43 | 재적재  6 | 중계율 0.18 | alpha 2.346 | complete
Ep 673 | 드론6 목적지68 |  632스텝 | 배송 68/68 | 재적재 12 | 중계율 0.12 | alpha 2.344 | complete
Ep 674 | 드론3 목적지52 | 1000스텝 | 배송 47/52 | 재적재  8 | 중계율 0.23 | alpha 2.312 | step_limit
Ep 675 | 드론4 목적지42 |  845스텝 | 배송 42/42 | 재적재  8 | 중계율 0.24 | alpha 2.336 | complete
Ep 676 | 드론3 목적지45 | 1000스텝 | 배송 43/45 | 재적재  7 | 중계율 0.19 | alpha 2.381 | step_limit
Ep 677 | 드론3 목적지41 |  885스텝 | 배송 41/41 | 재적재  7 | 중계율 0.18 | alpha 2.372 | complete
Ep 678 | 드론6 목적지79 |  848스텝 | 배송 79/79 | 재적재 14 | 중계율 0.15 | alpha 2.400 | complete
Ep 679 | 드론4 목적지24 |  494스텝 | 배송 24/24 | 재적재  4 | 중계율 0.17 | alpha 2.386 | complete
Ep 680 | 드론4 목적지52 |  850스텝 | 배송 52/52 | 재적재  8 | 중계율 0.21 | alpha 2.388 | complete
Ep 681 | 드론5 목적지77 |  937스텝 | 배송 77/77 | 재적재 14 | 중계율 0.15 | alpha 2.373 | complete
Ep 682 | 드론4 목적지49 |  574스텝 | 배송 49/49 | 재적재  9 | 중계율 0.09 | alpha 2.375 | complete
Ep 683 | 드론5 목적지63 |  950스텝 | 배송 63/63 | 재적재 11 | 중계율 0.18 | alpha 2.401 | complete
Ep 684 | 드론4 목적지37 |  560스텝 | 배송 37/37 | 재적재  6 | 중계율 0.19 | alpha 2.392 | complete
Ep 685 | 드론6 목적지56 |  496스텝 | 배송 56/56 | 재적재  9 | 중계율 0.13 | alpha 2.398 | complete
Ep 686 | 드론3 목적지28 |  943스텝 | 배송 28/28 | 재적재  4 | 중계율 0.24 | alpha 2.358 | complete
Ep 687 | 드론6 목적지77 |  466스텝 | 배송 77/77 | 재적재 12 | 중계율 0.09 | alpha 2.312 | complete
Ep 688 | 드론4 목적지45 |  902스텝 | 배송 45/45 | 재적재  7 | 중계율 0.17 | alpha 2.344 | complete
Ep 689 | 드론5 목적지70 |  683스텝 | 배송 70/70 | 재적재 11 | 중계율 0.16 | alpha 2.368 | complete
Ep 690 | 드론6 목적지62 |  762스텝 | 배송 62/62 | 재적재 10 | 중계율 0.15 | alpha 2.331 | complete
Ep 691 | 드론3 목적지31 |  787스텝 | 배송 31/31 | 재적재  5 | 중계율 0.19 | alpha 2.309 | complete
Ep 692 | 드론6 목적지61 |  619스텝 | 배송 61/61 | 재적재 10 | 중계율 0.11 | alpha 2.356 | complete
Ep 693 | 드론6 목적지60 |  572스텝 | 배송 60/60 | 재적재  9 | 중계율 0.15 | alpha 2.345 | complete
Ep 694 | 드론4 목적지33 |  807스텝 | 배송 33/33 | 재적재  5 | 중계율 0.26 | alpha 2.322 | complete
Ep 695 | 드론4 목적지29 |  510스텝 | 배송 29/29 | 재적재  5 | 중계율 0.20 | alpha 2.325 | complete
Ep 696 | 드론6 목적지28 |  276스텝 | 배송 28/28 | 재적재  2 | 중계율 0.09 | alpha 2.339 | complete
Ep 697 | 드론6 목적지35 |  458스텝 | 배송 35/35 | 재적재  5 | 중계율 0.16 | alpha 2.338 | complete
Ep 698 | 드론4 목적지32 |  588스텝 | 배송 32/32 | 재적재  5 | 중계율 0.21 | alpha 2.351 | complete
Ep 699 | 드론3 목적지62 | 1000스텝 | 배송 56/62 | 재적재  9 | 중계율 0.17 | alpha 2.359 | step_limit
Ep 700 | 드론4 목적지61 |  999스텝 | 배송 61/61 | 재적재 11 | 중계율 0.17 | alpha 2.357 | complete
  [홀드아웃] 배송 50.0±0.0 완주 1.00 스텝 1097 점수 106.3 재적재 8.4 2홉+ 0.64 | 최고 106.3@ep700 정체 0/15  ← 갱신
Ep 701 | 드론6 목적지72 |  694스텝 | 배송 72/72 | 재적재 12 | 중계율 0.12 | alpha 2.350 | complete
Ep 702 | 드론6 목적지34 |  436스텝 | 배송 34/34 | 재적재  5 | 중계율 0.15 | alpha 2.350 | complete
Ep 703 | 드론6 목적지32 |  325스텝 | 배송 32/32 | 재적재  5 | 중계율 0.10 | alpha 2.352 | complete
Ep 704 | 드론5 목적지74 |  832스텝 | 배송 74/74 | 재적재 12 | 중계율 0.15 | alpha 2.322 | complete
Ep 705 | 드론3 목적지38 |  803스텝 | 배송 38/38 | 재적재  6 | 중계율 0.16 | alpha 2.295 | complete
Ep 706 | 드론6 목적지30 |  240스텝 | 배송 30/30 | 재적재  4 | 중계율 0.12 | alpha 2.289 | complete
Ep 707 | 드론5 목적지31 |  357스텝 | 배송 31/31 | 재적재  4 | 중계율 0.14 | alpha 2.288 | complete
Ep 708 | 드론4 목적지63 | 1000스텝 | 배송 62/63 | 재적재 11 | 중계율 0.14 | alpha 2.325 | step_limit
Ep 709 | 드론4 목적지20 |  527스텝 | 배송 20/20 | 재적재  3 | 중계율 0.19 | alpha 2.353 | complete
Ep 710 | 드론5 목적지78 |  683스텝 | 배송 78/78 | 재적재 13 | 중계율 0.11 | alpha 2.339 | complete
Ep 711 | 드론6 목적지58 |  638스텝 | 배송 58/58 | 재적재 10 | 중계율 0.17 | alpha 2.331 | complete
Ep 712 | 드론3 목적지75 | 1000스텝 | 배송 61/75 | 재적재 12 | 중계율 0.18 | alpha 2.331 | step_limit
Ep 713 | 드론3 목적지69 | 1000스텝 | 배송 65/69 | 재적재 11 | 중계율 0.16 | alpha 2.311 | step_limit
Ep 714 | 드론3 목적지36 |  937스텝 | 배송 36/36 | 재적재  6 | 중계율 0.25 | alpha 2.316 | complete
Ep 715 | 드론3 목적지65 | 1000스텝 | 배송 51/65 | 재적재  9 | 중계율 0.19 | alpha 2.318 | step_limit
Ep 716 | 드론6 목적지36 |  355스텝 | 배송 36/36 | 재적재  6 | 중계율 0.08 | alpha 2.322 | complete
Ep 717 | 드론6 목적지56 |  644스텝 | 배송 56/56 | 재적재 10 | 중계율 0.15 | alpha 2.351 | complete
Ep 718 | 드론4 목적지69 | 1000스텝 | 배송 68/69 | 재적재 12 | 중계율 0.14 | alpha 2.367 | step_limit
Ep 719 | 드론4 목적지21 |  454스텝 | 배송 21/21 | 재적재  2 | 중계율 0.14 | alpha 2.368 | complete
Ep 720 | 드론6 목적지45 |  397스텝 | 배송 45/45 | 재적재  7 | 중계율 0.09 | alpha 2.368 | complete
Ep 721 | 드론3 목적지30 |  499스텝 | 배송 30/30 | 재적재  5 | 중계율 0.15 | alpha 2.365 | complete
Ep 722 | 드론6 목적지47 |  336스텝 | 배송 47/47 | 재적재  6 | 중계율 0.11 | alpha 2.396 | complete
Ep 723 | 드론3 목적지51 |  926스텝 | 배송 51/51 | 재적재  9 | 중계율 0.17 | alpha 2.396 | complete
Ep 724 | 드론5 목적지57 |  770스텝 | 배송 57/57 | 재적재 10 | 중계율 0.16 | alpha 2.345 | complete
Ep 725 | 드론5 목적지29 |  372스텝 | 배송 29/29 | 재적재  4 | 중계율 0.14 | alpha 2.356 | complete
Ep 726 | 드론6 목적지69 |  551스텝 | 배송 69/69 | 재적재 11 | 중계율 0.12 | alpha 2.353 | complete
Ep 727 | 드론5 목적지36 |  691스텝 | 배송 36/36 | 재적재  4 | 중계율 0.21 | alpha 2.347 | complete
Ep 728 | 드론4 목적지74 | 1000스텝 | 배송 65/74 | 재적재 12 | 중계율 0.18 | alpha 2.356 | step_limit
Ep 729 | 드론6 목적지64 |  616스텝 | 배송 64/64 | 재적재 10 | 중계율 0.15 | alpha 2.382 | complete
Ep 730 | 드론4 목적지70 | 1000스텝 | 배송 67/70 | 재적재 12 | 중계율 0.13 | alpha 2.357 | step_limit
Ep 731 | 드론3 목적지48 | 1000스텝 | 배송 47/48 | 재적재  8 | 중계율 0.20 | alpha 2.350 | step_limit
Ep 732 | 드론5 목적지37 |  638스텝 | 배송 37/37 | 재적재  6 | 중계율 0.20 | alpha 2.392 | complete
Ep 733 | 드론5 목적지67 |  634스텝 | 배송 67/67 | 재적재 11 | 중계율 0.12 | alpha 2.381 | complete
Ep 734 | 드론6 목적지54 |  689스텝 | 배송 54/54 | 재적재  9 | 중계율 0.19 | alpha 2.363 | complete
Ep 735 | 드론5 목적지57 |  700스텝 | 배송 57/57 | 재적재  9 | 중계율 0.18 | alpha 2.310 | complete
Ep 736 | 드론6 목적지39 |  360스텝 | 배송 39/39 | 재적재  5 | 중계율 0.07 | alpha 2.296 | complete
Ep 737 | 드론4 목적지29 |  521스텝 | 배송 29/29 | 재적재  5 | 중계율 0.14 | alpha 2.293 | complete
Ep 738 | 드론6 목적지68 |  476스텝 | 배송 68/68 | 재적재 12 | 중계율 0.10 | alpha 2.326 | complete
Ep 739 | 드론4 목적지20 |  544스텝 | 배송 20/20 | 재적재  3 | 중계율 0.23 | alpha 2.306 | complete
Ep 740 | 드론3 목적지69 | 1000스텝 | 배송 48/69 | 재적재  8 | 중계율 0.28 | alpha 2.291 | step_limit
Ep 741 | 드론6 목적지41 |  385스텝 | 배송 41/41 | 재적재  5 | 중계율 0.12 | alpha 2.292 | complete
Ep 742 | 드론4 목적지78 | 1000스텝 | 배송 72/78 | 재적재 13 | 중계율 0.18 | alpha 2.334 | step_limit
Ep 743 | 드론3 목적지39 |  831스텝 | 배송 39/39 | 재적재  7 | 중계율 0.22 | alpha 2.276 | complete
Ep 744 | 드론4 목적지57 |  941스텝 | 배송 57/57 | 재적재 10 | 중계율 0.16 | alpha 2.246 | complete
Ep 745 | 드론3 목적지76 | 1000스텝 | 배송 61/76 | 재적재 10 | 중계율 0.15 | alpha 2.262 | step_limit
Ep 746 | 드론4 목적지69 | 1000스텝 | 배송 63/69 | 재적재 10 | 중계율 0.23 | alpha 2.246 | step_limit
Ep 747 | 드론4 목적지33 |  515스텝 | 배송 33/33 | 재적재  4 | 중계율 0.17 | alpha 2.227 | complete
Ep 748 | 드론3 목적지30 |  667스텝 | 배송 30/30 | 재적재  5 | 중계율 0.18 | alpha 2.213 | complete
Ep 749 | 드론5 목적지32 |  450스텝 | 배송 32/32 | 재적재  5 | 중계율 0.14 | alpha 2.217 | complete
Ep 750 | 드론5 목적지61 |  656스텝 | 배송 61/61 | 재적재 11 | 중계율 0.14 | alpha 2.240 | complete
  [홀드아웃] 배송 50.0±0.0 완주 1.00 스텝 1084 점수 106.4 재적재 8.2 2홉+ 0.64 | 최고 106.4@ep750 정체 0/15  ← 갱신
Ep 751 | 드론5 목적지34 |  464스텝 | 배송 34/34 | 재적재  4 | 중계율 0.19 | alpha 2.250 | complete
Ep 752 | 드론6 목적지69 |  801스텝 | 배송 69/69 | 재적재 12 | 중계율 0.17 | alpha 2.234 | complete
Ep 753 | 드론4 목적지80 | 1000스텝 | 배송 73/80 | 재적재 13 | 중계율 0.16 | alpha 2.243 | step_limit
Ep 754 | 드론4 목적지29 |  570스텝 | 배송 29/29 | 재적재  4 | 중계율 0.14 | alpha 2.258 | complete
Ep 755 | 드론3 목적지43 |  683스텝 | 배송 43/43 | 재적재  8 | 중계율 0.13 | alpha 2.255 | complete
Ep 756 | 드론6 목적지30 |  291스텝 | 배송 30/30 | 재적재  3 | 중계율 0.10 | alpha 2.261 | complete
Ep 757 | 드론6 목적지37 |  384스텝 | 배송 37/37 | 재적재  5 | 중계율 0.09 | alpha 2.255 | complete
Ep 758 | 드론4 목적지51 |  698스텝 | 배송 51/51 | 재적재  7 | 중계율 0.14 | alpha 2.274 | complete
Ep 759 | 드론5 목적지23 |  306스텝 | 배송 23/23 | 재적재  3 | 중계율 0.15 | alpha 2.272 | complete
Ep 760 | 드론5 목적지60 |  919스텝 | 배송 60/60 | 재적재 11 | 중계율 0.21 | alpha 2.246 | complete
Ep 761 | 드론3 목적지77 | 1000스텝 | 배송 60/77 | 재적재 10 | 중계율 0.22 | alpha 2.263 | step_limit
Ep 762 | 드론5 목적지26 |  675스텝 | 배송 26/26 | 재적재  4 | 중계율 0.21 | alpha 2.270 | complete
Ep 763 | 드론5 목적지70 |  717스텝 | 배송 70/70 | 재적재 12 | 중계율 0.10 | alpha 2.257 | complete
Ep 764 | 드론6 목적지32 |  498스텝 | 배송 32/32 | 재적재  4 | 중계율 0.25 | alpha 2.260 | complete
Ep 765 | 드론5 목적지23 |  407스텝 | 배송 23/23 | 재적재  2 | 중계율 0.14 | alpha 2.271 | complete
Ep 766 | 드론6 목적지51 |  513스텝 | 배송 51/51 | 재적재  8 | 중계율 0.12 | alpha 2.282 | complete
Ep 767 | 드론4 목적지49 |  994스텝 | 배송 49/49 | 재적재  9 | 중계율 0.21 | alpha 2.269 | complete
Ep 768 | 드론3 목적지72 | 1000스텝 | 배송 65/72 | 재적재 11 | 중계율 0.18 | alpha 2.261 | step_limit
Ep 769 | 드론6 목적지22 |  218스텝 | 배송 22/22 | 재적재  1 | 중계율 0.14 | alpha 2.244 | complete
Ep 770 | 드론6 목적지53 |  318스텝 | 배송 53/53 | 재적재  8 | 중계율 0.06 | alpha 2.237 | complete
Ep 771 | 드론5 목적지38 |  479스텝 | 배송 38/38 | 재적재  5 | 중계율 0.14 | alpha 2.239 | complete
Ep 772 | 드론4 목적지36 |  476스텝 | 배송 36/36 | 재적재  4 | 중계율 0.19 | alpha 2.229 | complete
Ep 773 | 드론6 목적지21 |  355스텝 | 배송 21/21 | 재적재  1 | 중계율 0.17 | alpha 2.233 | complete
Ep 774 | 드론6 목적지46 |  412스텝 | 배송 46/46 | 재적재  7 | 중계율 0.14 | alpha 2.244 | complete
Ep 775 | 드론6 목적지41 |  352스텝 | 배송 41/41 | 재적재  5 | 중계율 0.11 | alpha 2.270 | complete
Ep 776 | 드론5 목적지48 |  447스텝 | 배송 48/48 | 재적재  8 | 중계율 0.12 | alpha 2.290 | complete
Ep 777 | 드론4 목적지20 |  628스텝 | 배송 20/20 | 재적재  2 | 중계율 0.21 | alpha 2.271 | complete
Ep 778 | 드론5 목적지57 |  969스텝 | 배송 57/57 | 재적재 11 | 중계율 0.21 | alpha 2.242 | complete
Ep 779 | 드론6 목적지79 |  826스텝 | 배송 79/79 | 재적재 12 | 중계율 0.15 | alpha 2.238 | complete
Ep 780 | 드론3 목적지68 | 1000스텝 | 배송 60/68 | 재적재 11 | 중계율 0.16 | alpha 2.239 | step_limit
Ep 781 | 드론5 목적지50 |  472스텝 | 배송 50/50 | 재적재  8 | 중계율 0.12 | alpha 2.232 | complete
Ep 782 | 드론5 목적지45 |  583스텝 | 배송 45/45 | 재적재  8 | 중계율 0.19 | alpha 2.218 | complete
Ep 783 | 드론3 목적지28 |  969스텝 | 배송 28/28 | 재적재  4 | 중계율 0.18 | alpha 2.209 | complete
Ep 784 | 드론6 목적지58 |  508스텝 | 배송 58/58 | 재적재 10 | 중계율 0.12 | alpha 2.239 | complete
Ep 785 | 드론4 목적지49 |  691스텝 | 배송 49/49 | 재적재  9 | 중계율 0.15 | alpha 2.263 | complete
Ep 786 | 드론4 목적지53 | 1000스텝 | 배송 48/53 | 재적재  8 | 중계율 0.25 | alpha 2.284 | step_limit
Ep 787 | 드론4 목적지47 | 1000스텝 | 배송 45/47 | 재적재  8 | 중계율 0.24 | alpha 2.278 | step_limit
Ep 788 | 드론6 목적지75 |  777스텝 | 배송 75/75 | 재적재 14 | 중계율 0.15 | alpha 2.255 | complete
Ep 789 | 드론3 목적지79 | 1000스텝 | 배송 64/79 | 재적재 12 | 중계율 0.13 | alpha 2.241 | step_limit
Ep 790 | 드론3 목적지65 | 1000스텝 | 배송 53/65 | 재적재 10 | 중계율 0.18 | alpha 2.263 | step_limit
Ep 791 | 드론3 목적지21 |  432스텝 | 배송 21/21 | 재적재  2 | 중계율 0.18 | alpha 2.235 | complete
Ep 792 | 드론4 목적지50 |  603스텝 | 배송 50/50 | 재적재  9 | 중계율 0.13 | alpha 2.211 | complete
Ep 793 | 드론6 목적지27 |  361스텝 | 배송 27/27 | 재적재  3 | 중계율 0.12 | alpha 2.226 | complete
Ep 794 | 드론3 목적지74 | 1000스텝 | 배송 57/74 | 재적재 11 | 중계율 0.12 | alpha 2.252 | step_limit
Ep 795 | 드론3 목적지58 | 1000스텝 | 배송 53/58 | 재적재  9 | 중계율 0.17 | alpha 2.176 | step_limit
Ep 796 | 드론4 목적지23 |  496스텝 | 배송 23/23 | 재적재  3 | 중계율 0.23 | alpha 2.178 | complete
Ep 797 | 드론5 목적지34 |  405스텝 | 배송 34/34 | 재적재  4 | 중계율 0.10 | alpha 2.168 | complete
Ep 798 | 드론4 목적지60 |  827스텝 | 배송 60/60 | 재적재 11 | 중계율 0.11 | alpha 2.205 | complete
Ep 799 | 드론3 목적지33 |  565스텝 | 배송 33/33 | 재적재  6 | 중계율 0.11 | alpha 2.210 | complete
Ep 800 | 드론5 목적지50 |  476스텝 | 배송 50/50 | 재적재  7 | 중계율 0.12 | alpha 2.216 | complete
  [홀드아웃] 배송 50.0±0.0 완주 1.00 스텝 1096 점수 106.3 재적재 8.4 2홉+ 0.64 | 최고 106.4@ep750 정체 1/15
Ep 801 | 드론5 목적지57 |  679스텝 | 배송 57/57 | 재적재 10 | 중계율 0.13 | alpha 2.210 | complete
Ep 802 | 드론4 목적지68 |  981스텝 | 배송 68/68 | 재적재 11 | 중계율 0.14 | alpha 2.223 | complete
Ep 803 | 드론4 목적지80 | 1000스텝 | 배송 75/80 | 재적재 13 | 중계율 0.18 | alpha 2.220 | step_limit
Ep 804 | 드론6 목적지65 |  501스텝 | 배송 65/65 | 재적재 10 | 중계율 0.10 | alpha 2.200 | complete
Ep 805 | 드론6 목적지78 |  789스텝 | 배송 78/78 | 재적재 14 | 중계율 0.14 | alpha 2.186 | complete
Ep 806 | 드론6 목적지73 |  583스텝 | 배송 73/73 | 재적재 12 | 중계율 0.09 | alpha 2.188 | complete
Ep 807 | 드론6 목적지69 |  527스텝 | 배송 69/69 | 재적재 11 | 중계율 0.09 | alpha 2.195 | complete
Ep 808 | 드론4 목적지26 |  613스텝 | 배송 26/26 | 재적재  3 | 중계율 0.26 | alpha 2.224 | complete
Ep 809 | 드론4 목적지70 |  947스텝 | 배송 70/70 | 재적재 13 | 중계율 0.14 | alpha 2.194 | complete
Ep 810 | 드론4 목적지68 |  873스텝 | 배송 68/68 | 재적재 12 | 중계율 0.13 | alpha 2.179 | complete
Ep 811 | 드론3 목적지58 |  855스텝 | 배송 58/58 | 재적재 11 | 중계율 0.12 | alpha 2.166 | complete
Ep 812 | 드론4 목적지33 |  603스텝 | 배송 33/33 | 재적재  5 | 중계율 0.18 | alpha 2.166 | complete
Ep 813 | 드론4 목적지41 |  533스텝 | 배송 41/41 | 재적재  6 | 중계율 0.10 | alpha 2.147 | complete
Ep 814 | 드론4 목적지24 |  905스텝 | 배송 24/24 | 재적재  3 | 중계율 0.25 | alpha 2.149 | complete
Ep 815 | 드론3 목적지38 |  818스텝 | 배송 38/38 | 재적재  6 | 중계율 0.21 | alpha 2.144 | complete
Ep 816 | 드론3 목적지25 |  431스텝 | 배송 25/25 | 재적재  4 | 중계율 0.14 | alpha 2.144 | complete
Ep 817 | 드론4 목적지53 |  741스텝 | 배송 53/53 | 재적재  9 | 중계율 0.09 | alpha 2.179 | complete
Ep 818 | 드론5 목적지28 |  352스텝 | 배송 28/28 | 재적재  4 | 중계율 0.15 | alpha 2.182 | complete
Ep 819 | 드론6 목적지23 |  239스텝 | 배송 23/23 | 재적재  2 | 중계율 0.14 | alpha 2.182 | complete
Ep 820 | 드론4 목적지74 | 1000스텝 | 배송 67/74 | 재적재 12 | 중계율 0.17 | alpha 2.198 | step_limit
Ep 821 | 드론4 목적지79 | 1000스텝 | 배송 66/79 | 재적재 11 | 중계율 0.17 | alpha 2.166 | step_limit
Ep 822 | 드론4 목적지20 |  423스텝 | 배송 20/20 | 재적재  2 | 중계율 0.13 | alpha 2.178 | complete
Ep 823 | 드론5 목적지61 |  714스텝 | 배송 61/61 | 재적재 10 | 중계율 0.18 | alpha 2.172 | complete
Ep 824 | 드론3 목적지25 |  684스텝 | 배송 25/25 | 재적재  4 | 중계율 0.18 | alpha 2.172 | complete
Ep 825 | 드론3 목적지41 | 1000스텝 | 배송 39/41 | 재적재  7 | 중계율 0.24 | alpha 2.149 | step_limit
Ep 826 | 드론3 목적지53 | 1000스텝 | 배송 37/53 | 재적재  6 | 중계율 0.23 | alpha 2.171 | step_limit
Ep 827 | 드론4 목적지44 |  984스텝 | 배송 44/44 | 재적재  7 | 중계율 0.22 | alpha 2.140 | complete
Ep 828 | 드론4 목적지24 |  443스텝 | 배송 24/24 | 재적재  4 | 중계율 0.19 | alpha 2.162 | complete
Ep 829 | 드론6 목적지53 |  486스텝 | 배송 53/53 | 재적재  8 | 중계율 0.09 | alpha 2.193 | complete
Ep 830 | 드론6 목적지66 |  604스텝 | 배송 66/66 | 재적재 11 | 중계율 0.11 | alpha 2.192 | complete
Ep 831 | 드론5 목적지69 |  873스텝 | 배송 69/69 | 재적재 12 | 중계율 0.13 | alpha 2.164 | complete
Ep 832 | 드론5 목적지69 |  961스텝 | 배송 69/69 | 재적재 11 | 중계율 0.14 | alpha 2.152 | complete
Ep 833 | 드론6 목적지72 |  745스텝 | 배송 72/72 | 재적재 13 | 중계율 0.12 | alpha 2.138 | complete
Ep 834 | 드론4 목적지71 | 1000스텝 | 배송 60/71 | 재적재 11 | 중계율 0.21 | alpha 2.168 | step_limit
Ep 835 | 드론3 목적지56 | 1000스텝 | 배송 53/56 | 재적재 10 | 중계율 0.11 | alpha 2.144 | step_limit
Ep 836 | 드론6 목적지30 |  282스텝 | 배송 30/30 | 재적재  3 | 중계율 0.15 | alpha 2.130 | complete
Ep 837 | 드론3 목적지73 | 1000스텝 | 배송 53/73 | 재적재  9 | 중계율 0.15 | alpha 2.120 | step_limit
Ep 838 | 드론5 목적지56 |  537스텝 | 배송 56/56 | 재적재 10 | 중계율 0.09 | alpha 2.116 | complete
Ep 839 | 드론4 목적지20 |  422스텝 | 배송 20/20 | 재적재  2 | 중계율 0.18 | alpha 2.100 | complete
Ep 840 | 드론3 목적지33 |  482스텝 | 배송 33/33 | 재적재  5 | 중계율 0.11 | alpha 2.116 | complete
Ep 841 | 드론4 목적지31 |  526스텝 | 배송 31/31 | 재적재  4 | 중계율 0.20 | alpha 2.129 | complete
Ep 842 | 드론3 목적지68 | 1000스텝 | 배송 61/68 | 재적재 10 | 중계율 0.19 | alpha 2.132 | step_limit
Ep 843 | 드론6 목적지51 |  635스텝 | 배송 51/51 | 재적재  9 | 중계율 0.21 | alpha 2.129 | complete
Ep 844 | 드론4 목적지37 |  507스텝 | 배송 37/37 | 재적재  7 | 중계율 0.15 | alpha 2.148 | complete
Ep 845 | 드론6 목적지74 |  490스텝 | 배송 74/74 | 재적재 13 | 중계율 0.08 | alpha 2.118 | complete
Ep 846 | 드론3 목적지32 |  547스텝 | 배송 32/32 | 재적재  5 | 중계율 0.16 | alpha 2.118 | complete
Ep 847 | 드론5 목적지25 |  271스텝 | 배송 25/25 | 재적재  4 | 중계율 0.10 | alpha 2.129 | complete
Ep 848 | 드론3 목적지44 | 1000스텝 | 배송 42/44 | 재적재  7 | 중계율 0.20 | alpha 2.126 | step_limit
Ep 849 | 드론5 목적지28 |  528스텝 | 배송 28/28 | 재적재  3 | 중계율 0.20 | alpha 2.151 | complete
Ep 850 | 드론3 목적지47 |  833스텝 | 배송 47/47 | 재적재  8 | 중계율 0.15 | alpha 2.174 | complete
  [홀드아웃] 배송 50.0±0.0 완주 1.00 스텝 1135 점수 106.2 재적재 8.4 2홉+ 0.64 | 최고 106.4@ep750 정체 2/15
Ep 851 | 드론3 목적지39 |  778스텝 | 배송 39/39 | 재적재  6 | 중계율 0.19 | alpha 2.189 | complete
Ep 852 | 드론4 목적지68 | 1000스텝 | 배송 52/68 | 재적재  8 | 중계율 0.26 | alpha 2.227 | step_limit
Ep 853 | 드론4 목적지65 | 1000스텝 | 배송 58/65 | 재적재 10 | 중계율 0.20 | alpha 2.180 | step_limit
Ep 854 | 드론5 목적지61 |  688스텝 | 배송 61/61 | 재적재  9 | 중계율 0.18 | alpha 2.154 | complete
Ep 855 | 드론5 목적지22 |  220스텝 | 배송 22/22 | 재적재  0 | 중계율 0.12 | alpha 2.148 | complete
Ep 856 | 드론5 목적지59 |  696스텝 | 배송 59/59 | 재적재 10 | 중계율 0.14 | alpha 2.148 | complete
Ep 857 | 드론3 목적지69 | 1000스텝 | 배송 50/69 | 재적재  8 | 중계율 0.18 | alpha 2.172 | step_limit
Ep 858 | 드론6 목적지35 |  304스텝 | 배송 35/35 | 재적재  5 | 중계율 0.09 | alpha 2.177 | complete
Ep 859 | 드론3 목적지20 |  698스텝 | 배송 20/20 | 재적재  3 | 중계율 0.21 | alpha 2.211 | complete
Ep 860 | 드론5 목적지42 |  829스텝 | 배송 42/42 | 재적재  7 | 중계율 0.18 | alpha 2.186 | complete
Ep 861 | 드론4 목적지58 |  609스텝 | 배송 58/58 | 재적재  9 | 중계율 0.10 | alpha 2.155 | complete
Ep 862 | 드론3 목적지39 |  921스텝 | 배송 39/39 | 재적재  6 | 중계율 0.17 | alpha 2.148 | complete
Ep 863 | 드론5 목적지77 |  987스텝 | 배송 77/77 | 재적재 14 | 중계율 0.18 | alpha 2.176 | complete
Ep 864 | 드론6 목적지37 |  707스텝 | 배송 37/37 | 재적재  7 | 중계율 0.23 | alpha 2.157 | complete
Ep 865 | 드론4 목적지33 |  581스텝 | 배송 33/33 | 재적재  5 | 중계율 0.19 | alpha 2.151 | complete
Ep 866 | 드론5 목적지40 |  501스텝 | 배송 40/40 | 재적재  6 | 중계율 0.11 | alpha 2.141 | complete
Ep 867 | 드론6 목적지34 |  335스텝 | 배송 34/34 | 재적재  4 | 중계율 0.11 | alpha 2.111 | complete
Ep 868 | 드론3 목적지34 |  833스텝 | 배송 34/34 | 재적재  6 | 중계율 0.17 | alpha 2.148 | complete
Ep 869 | 드론3 목적지76 | 1000스텝 | 배송 71/76 | 재적재 13 | 중계율 0.17 | alpha 2.160 | step_limit
Ep 870 | 드론4 목적지42 | 1000스텝 | 배송 36/42 | 재적재  6 | 중계율 0.17 | alpha 2.118 | step_limit
Ep 871 | 드론3 목적지47 |  887스텝 | 배송 47/47 | 재적재  8 | 중계율 0.18 | alpha 2.160 | complete
Ep 872 | 드론5 목적지22 |  232스텝 | 배송 22/22 | 재적재  1 | 중계율 0.09 | alpha 2.161 | complete
Ep 873 | 드론5 목적지60 |  809스텝 | 배송 60/60 | 재적재 11 | 중계율 0.19 | alpha 2.193 | complete
Ep 874 | 드론6 목적지45 |  447스텝 | 배송 45/45 | 재적재  7 | 중계율 0.12 | alpha 2.196 | complete
Ep 875 | 드론6 목적지32 |  352스텝 | 배송 32/32 | 재적재  3 | 중계율 0.14 | alpha 2.193 | complete
Ep 876 | 드론3 목적지49 | 1000스텝 | 배송 46/49 | 재적재  8 | 중계율 0.13 | alpha 2.199 | step_limit
Ep 877 | 드론6 목적지77 |  678스텝 | 배송 77/77 | 재적재 13 | 중계율 0.15 | alpha 2.207 | complete
Ep 878 | 드론5 목적지44 |  933스텝 | 배송 44/44 | 재적재  8 | 중계율 0.23 | alpha 2.224 | complete
Ep 879 | 드론3 목적지79 | 1000스텝 | 배송 64/79 | 재적재 11 | 중계율 0.19 | alpha 2.244 | step_limit
Ep 880 | 드론5 목적지32 |  425스텝 | 배송 32/32 | 재적재  4 | 중계율 0.10 | alpha 2.226 | complete
Ep 881 | 드론6 목적지74 |  724스텝 | 배송 74/74 | 재적재 13 | 중계율 0.17 | alpha 2.192 | complete
Ep 882 | 드론4 목적지76 | 1000스텝 | 배송 72/76 | 재적재 13 | 중계율 0.17 | alpha 2.216 | step_limit
Ep 883 | 드론6 목적지50 |  478스텝 | 배송 50/50 | 재적재  6 | 중계율 0.14 | alpha 2.246 | complete
Ep 884 | 드론6 목적지56 |  521스텝 | 배송 56/56 | 재적재 10 | 중계율 0.12 | alpha 2.244 | complete
Ep 885 | 드론3 목적지44 |  973스텝 | 배송 44/44 | 재적재  8 | 중계율 0.16 | alpha 2.240 | complete
Ep 886 | 드론6 목적지76 |  556스텝 | 배송 76/76 | 재적재 13 | 중계율 0.08 | alpha 2.216 | complete
Ep 887 | 드론4 목적지67 |  937스텝 | 배송 67/67 | 재적재 12 | 중계율 0.17 | alpha 2.255 | complete
Ep 888 | 드론3 목적지71 | 1000스텝 | 배송 52/71 | 재적재  9 | 중계율 0.19 | alpha 2.212 | step_limit
Ep 889 | 드론3 목적지32 |  565스텝 | 배송 32/32 | 재적재  5 | 중계율 0.19 | alpha 2.203 | complete
Ep 890 | 드론5 목적지62 |  865스텝 | 배송 62/62 | 재적재 10 | 중계율 0.14 | alpha 2.216 | complete
Ep 891 | 드론3 목적지78 | 1000스텝 | 배송 65/78 | 재적재 11 | 중계율 0.20 | alpha 2.222 | step_limit
Ep 892 | 드론4 목적지39 |  586스텝 | 배송 39/39 | 재적재  7 | 중계율 0.12 | alpha 2.190 | complete
Ep 893 | 드론4 목적지65 | 1000스텝 | 배송 63/65 | 재적재 11 | 중계율 0.17 | alpha 2.225 | step_limit
Ep 894 | 드론6 목적지47 |  566스텝 | 배송 47/47 | 재적재  7 | 중계율 0.14 | alpha 2.217 | complete
Ep 895 | 드론6 목적지64 |  628스텝 | 배송 64/64 | 재적재 12 | 중계율 0.14 | alpha 2.227 | complete
Ep 896 | 드론5 목적지41 |  512스텝 | 배송 41/41 | 재적재  5 | 중계율 0.15 | alpha 2.228 | complete
Ep 897 | 드론6 목적지77 |  688스텝 | 배송 77/77 | 재적재 14 | 중계율 0.09 | alpha 2.217 | complete
Ep 898 | 드론4 목적지29 |  478스텝 | 배송 29/29 | 재적재  3 | 중계율 0.14 | alpha 2.235 | complete
Ep 899 | 드론3 목적지31 |  754스텝 | 배송 31/31 | 재적재  5 | 중계율 0.26 | alpha 2.246 | complete
Ep 900 | 드론3 목적지69 | 1000스텝 | 배송 65/69 | 재적재 11 | 중계율 0.16 | alpha 2.239 | step_limit
  [홀드아웃] 배송 50.0±0.3 완주 0.97 스텝 1089 점수 103.9 재적재 8.4 2홉+ 0.64 | 최고 106.4@ep750 정체 3/15
Ep 901 | 드론6 목적지26 |  282스텝 | 배송 26/26 | 재적재  1 | 중계율 0.13 | alpha 2.253 | complete
Ep 902 | 드론6 목적지58 |  588스텝 | 배송 58/58 | 재적재 10 | 중계율 0.15 | alpha 2.243 | complete
Ep 903 | 드론3 목적지41 | 1000스텝 | 배송 37/41 | 재적재  5 | 중계율 0.27 | alpha 2.251 | step_limit
Ep 904 | 드론6 목적지47 |  457스텝 | 배송 47/47 | 재적재  8 | 중계율 0.10 | alpha 2.260 | complete
Ep 905 | 드론3 목적지63 | 1000스텝 | 배송 53/63 | 재적재  9 | 중계율 0.22 | alpha 2.285 | step_limit
Ep 906 | 드론5 목적지64 |  953스텝 | 배송 64/64 | 재적재 10 | 중계율 0.18 | alpha 2.298 | complete
Ep 907 | 드론3 목적지80 | 1000스텝 | 배송 67/80 | 재적재 13 | 중계율 0.16 | alpha 2.279 | step_limit
Ep 908 | 드론6 목적지49 |  581스텝 | 배송 49/49 | 재적재  7 | 중계율 0.13 | alpha 2.282 | complete
Ep 909 | 드론3 목적지68 | 1000스텝 | 배송 50/68 | 재적재  8 | 중계율 0.23 | alpha 2.265 | step_limit
Ep 910 | 드론6 목적지69 |  575스텝 | 배송 69/69 | 재적재 12 | 중계율 0.13 | alpha 2.262 | complete
Ep 911 | 드론3 목적지22 |  577스텝 | 배송 22/22 | 재적재  3 | 중계율 0.19 | alpha 2.250 | complete
Ep 912 | 드론4 목적지71 | 1000스텝 | 배송 57/71 | 재적재  9 | 중계율 0.29 | alpha 2.276 | step_limit
Ep 913 | 드론3 목적지48 |  899스텝 | 배송 48/48 | 재적재  7 | 중계율 0.16 | alpha 2.244 | complete
Ep 914 | 드론3 목적지64 | 1000스텝 | 배송 55/64 | 재적재  9 | 중계율 0.17 | alpha 2.238 | step_limit
Ep 915 | 드론6 목적지58 |  519스텝 | 배송 58/58 | 재적재  8 | 중계율 0.14 | alpha 2.269 | complete
Ep 916 | 드론4 목적지21 |  435스텝 | 배송 21/21 | 재적재  2 | 중계율 0.18 | alpha 2.304 | complete
Ep 917 | 드론5 목적지75 | 1000스텝 | 배송 68/75 | 재적재 12 | 중계율 0.22 | alpha 2.304 | step_limit
Ep 918 | 드론6 목적지22 |  275스텝 | 배송 22/22 | 재적재  1 | 중계율 0.15 | alpha 2.284 | complete
Ep 919 | 드론5 목적지73 |  753스텝 | 배송 73/73 | 재적재 13 | 중계율 0.12 | alpha 2.276 | complete
Ep 920 | 드론3 목적지79 | 1000스텝 | 배송 52/79 | 재적재  9 | 중계율 0.21 | alpha 2.312 | step_limit
Ep 921 | 드론4 목적지27 |  404스텝 | 배송 27/27 | 재적재  4 | 중계율 0.12 | alpha 2.312 | complete
Ep 922 | 드론4 목적지20 |  307스텝 | 배송 20/20 | 재적재  3 | 중계율 0.15 | alpha 2.323 | complete
Ep 923 | 드론5 목적지51 |  812스텝 | 배송 51/51 | 재적재  9 | 중계율 0.15 | alpha 2.305 | complete
Ep 924 | 드론6 목적지68 |  507스텝 | 배송 68/68 | 재적재 11 | 중계율 0.09 | alpha 2.281 | complete
Ep 925 | 드론6 목적지30 |  340스텝 | 배송 30/30 | 재적재  4 | 중계율 0.17 | alpha 2.253 | complete
Ep 926 | 드론6 목적지31 |  283스텝 | 배송 31/31 | 재적재  5 | 중계율 0.13 | alpha 2.263 | complete
Ep 927 | 드론3 목적지62 | 1000스텝 | 배송 52/62 | 재적재  9 | 중계율 0.20 | alpha 2.287 | step_limit
Ep 928 | 드론3 목적지51 | 1000스텝 | 배송 45/51 | 재적재  7 | 중계율 0.19 | alpha 2.303 | step_limit
Ep 929 | 드론6 목적지34 |  327스텝 | 배송 34/34 | 재적재  6 | 중계율 0.08 | alpha 2.303 | complete
Ep 930 | 드론4 목적지57 |  928스텝 | 배송 57/57 | 재적재 11 | 중계율 0.14 | alpha 2.336 | complete
Ep 931 | 드론4 목적지52 |  742스텝 | 배송 52/52 | 재적재  9 | 중계율 0.16 | alpha 2.331 | complete
Ep 932 | 드론6 목적지27 |  374스텝 | 배송 27/27 | 재적재  3 | 중계율 0.12 | alpha 2.329 | complete
Ep 933 | 드론6 목적지71 |  709스텝 | 배송 71/71 | 재적재 11 | 중계율 0.16 | alpha 2.359 | complete
Ep 934 | 드론6 목적지65 |  756스텝 | 배송 65/65 | 재적재 10 | 중계율 0.18 | alpha 2.330 | complete
Ep 935 | 드론4 목적지29 |  615스텝 | 배송 29/29 | 재적재  4 | 중계율 0.20 | alpha 2.313 | complete
Ep 936 | 드론3 목적지44 |  841스텝 | 배송 44/44 | 재적재  8 | 중계율 0.19 | alpha 2.287 | complete
Ep 937 | 드론3 목적지22 |  537스텝 | 배송 22/22 | 재적재  3 | 중계율 0.16 | alpha 2.289 | complete
Ep 938 | 드론4 목적지44 |  979스텝 | 배송 44/44 | 재적재  5 | 중계율 0.27 | alpha 2.254 | complete
Ep 939 | 드론5 목적지68 | 1000스텝 | 배송 63/68 | 재적재 12 | 중계율 0.23 | alpha 2.261 | step_limit
Ep 940 | 드론5 목적지43 |  630스텝 | 배송 43/43 | 재적재  5 | 중계율 0.18 | alpha 2.250 | complete
Ep 941 | 드론5 목적지73 |  795스텝 | 배송 73/73 | 재적재 12 | 중계율 0.18 | alpha 2.241 | complete
Ep 942 | 드론6 목적지26 |  388스텝 | 배송 26/26 | 재적재  3 | 중계율 0.12 | alpha 2.248 | complete
Ep 943 | 드론5 목적지28 |  526스텝 | 배송 28/28 | 재적재  4 | 중계율 0.20 | alpha 2.247 | complete
Ep 944 | 드론3 목적지79 | 1000스텝 | 배송 66/79 | 재적재 13 | 중계율 0.15 | alpha 2.293 | step_limit
Ep 945 | 드론3 목적지61 | 1000스텝 | 배송 46/61 | 재적재  8 | 중계율 0.20 | alpha 2.290 | step_limit
Ep 946 | 드론4 목적지50 | 1000스텝 | 배송 46/50 | 재적재  8 | 중계율 0.23 | alpha 2.283 | step_limit
Ep 947 | 드론6 목적지25 |  261스텝 | 배송 25/25 | 재적재  2 | 중계율 0.10 | alpha 2.279 | complete
Ep 948 | 드론6 목적지58 |  732스텝 | 배송 58/58 | 재적재 10 | 중계율 0.18 | alpha 2.300 | complete
Ep 949 | 드론6 목적지52 |  504스텝 | 배송 52/52 | 재적재  8 | 중계율 0.15 | alpha 2.293 | complete
Ep 950 | 드론6 목적지43 |  329스텝 | 배송 43/43 | 재적재  6 | 중계율 0.11 | alpha 2.302 | complete
  [홀드아웃] 배송 50.0±0.0 완주 1.00 스텝 1149 점수 106.2 재적재 8.4 2홉+ 0.65 | 최고 106.4@ep750 정체 4/15
Ep 951 | 드론5 목적지30 |  560스텝 | 배송 30/30 | 재적재  3 | 중계율 0.21 | alpha 2.315 | complete
Ep 952 | 드론3 목적지51 | 1000스텝 | 배송 47/51 | 재적재  8 | 중계율 0.21 | alpha 2.332 | step_limit
Ep 953 | 드론6 목적지43 |  548스텝 | 배송 43/43 | 재적재  7 | 중계율 0.14 | alpha 2.332 | complete
Ep 954 | 드론6 목적지80 |  940스텝 | 배송 80/80 | 재적재 14 | 중계율 0.19 | alpha 2.308 | complete
Ep 955 | 드론6 목적지46 |  329스텝 | 배송 46/46 | 재적재  6 | 중계율 0.10 | alpha 2.307 | complete
Ep 956 | 드론5 목적지37 |  436스텝 | 배송 37/37 | 재적재  5 | 중계율 0.14 | alpha 2.311 | complete
Ep 957 | 드론3 목적지52 | 1000스텝 | 배송 51/52 | 재적재  8 | 중계율 0.15 | alpha 2.324 | step_limit
Ep 958 | 드론6 목적지46 |  675스텝 | 배송 46/46 | 재적재  7 | 중계율 0.22 | alpha 2.330 | complete
Ep 959 | 드론4 목적지46 |  966스텝 | 배송 46/46 | 재적재  8 | 중계율 0.19 | alpha 2.371 | complete
Ep 960 | 드론6 목적지66 |  551스텝 | 배송 66/66 | 재적재 11 | 중계율 0.11 | alpha 2.367 | complete
Ep 961 | 드론4 목적지76 | 1000스텝 | 배송 63/76 | 재적재 11 | 중계율 0.24 | alpha 2.329 | step_limit
Ep 962 | 드론4 목적지52 |  992스텝 | 배송 52/52 | 재적재  9 | 중계율 0.22 | alpha 2.285 | complete
Ep 963 | 드론3 목적지56 | 1000스텝 | 배송 43/56 | 재적재  7 | 중계율 0.20 | alpha 2.267 | step_limit
Ep 964 | 드론3 목적지54 | 1000스텝 | 배송 53/54 | 재적재 10 | 중계율 0.19 | alpha 2.258 | step_limit
Ep 965 | 드론4 목적지34 | 1000스텝 | 배송 33/34 | 재적재  5 | 중계율 0.23 | alpha 2.302 | step_limit
Ep 966 | 드론5 목적지77 |  757스텝 | 배송 77/77 | 재적재 14 | 중계율 0.11 | alpha 2.325 | complete
Ep 967 | 드론6 목적지38 |  306스텝 | 배송 38/38 | 재적재  5 | 중계율 0.08 | alpha 2.340 | complete
Ep 968 | 드론6 목적지37 |  625스텝 | 배송 37/37 | 재적재  4 | 중계율 0.24 | alpha 2.325 | complete
Ep 969 | 드론4 목적지54 |  617스텝 | 배송 54/54 | 재적재  8 | 중계율 0.14 | alpha 2.290 | complete
Ep 970 | 드론5 목적지80 |  986스텝 | 배송 80/80 | 재적재 14 | 중계율 0.21 | alpha 2.318 | complete
Ep 971 | 드론5 목적지26 |  279스텝 | 배송 26/26 | 재적재  4 | 중계율 0.10 | alpha 2.317 | complete
Ep 972 | 드론6 목적지27 |  302스텝 | 배송 27/27 | 재적재  4 | 중계율 0.13 | alpha 2.313 | complete
Ep 973 | 드론4 목적지36 |  948스텝 | 배송 36/36 | 재적재  5 | 중계율 0.21 | alpha 2.313 | complete
Ep 974 | 드론3 목적지80 | 1000스텝 | 배송 72/80 | 재적재 12 | 중계율 0.18 | alpha 2.280 | step_limit
Ep 975 | 드론6 목적지80 | 1000스텝 | 배송 79/80 | 재적재 13 | 중계율 0.18 | alpha 2.333 | step_limit
Ep 976 | 드론4 목적지48 |  949스텝 | 배송 48/48 | 재적재  7 | 중계율 0.26 | alpha 2.309 | complete
Ep 977 | 드론5 목적지48 |  843스텝 | 배송 48/48 | 재적재  8 | 중계율 0.16 | alpha 2.319 | complete
Ep 978 | 드론5 목적지69 | 1000스텝 | 배송 66/69 | 재적재 11 | 중계율 0.16 | alpha 2.282 | step_limit
Ep 979 | 드론6 목적지58 |  578스텝 | 배송 58/58 | 재적재  9 | 중계율 0.12 | alpha 2.273 | complete
Ep 980 | 드론6 목적지73 |  872스텝 | 배송 73/73 | 재적재 13 | 중계율 0.20 | alpha 2.285 | complete
Ep 981 | 드론4 목적지62 |  691스텝 | 배송 62/62 | 재적재 10 | 중계율 0.13 | alpha 2.300 | complete
Ep 982 | 드론6 목적지66 |  921스텝 | 배송 66/66 | 재적재 10 | 중계율 0.15 | alpha 2.293 | complete
Ep 983 | 드론4 목적지22 |  424스텝 | 배송 22/22 | 재적재  4 | 중계율 0.17 | alpha 2.257 | complete
Ep 984 | 드론3 목적지53 | 1000스텝 | 배송 38/53 | 재적재  7 | 중계율 0.25 | alpha 2.226 | step_limit
Ep 985 | 드론5 목적지65 |  622스텝 | 배송 65/65 | 재적재 11 | 중계율 0.10 | alpha 2.240 | complete
Ep 986 | 드론6 목적지35 |  556스텝 | 배송 35/35 | 재적재  5 | 중계율 0.16 | alpha 2.235 | complete
Ep 987 | 드론5 목적지47 |  538스텝 | 배송 47/47 | 재적재  8 | 중계율 0.13 | alpha 2.263 | complete
Ep 988 | 드론4 목적지24 |  399스텝 | 배송 24/24 | 재적재  3 | 중계율 0.12 | alpha 2.288 | complete
Ep 989 | 드론3 목적지64 | 1000스텝 | 배송 62/64 | 재적재 11 | 중계율 0.13 | alpha 2.324 | step_limit
Ep 990 | 드론4 목적지26 |  506스텝 | 배송 26/26 | 재적재  3 | 중계율 0.15 | alpha 2.352 | complete
Ep 991 | 드론3 목적지30 |  783스텝 | 배송 30/30 | 재적재  5 | 중계율 0.21 | alpha 2.378 | complete
Ep 992 | 드론4 목적지59 |  869스텝 | 배송 59/59 | 재적재 10 | 중계율 0.17 | alpha 2.346 | complete
Ep 993 | 드론3 목적지46 | 1000스텝 | 배송 40/46 | 재적재  6 | 중계율 0.26 | alpha 2.328 | step_limit
Ep 994 | 드론5 목적지71 |  577스텝 | 배송 71/71 | 재적재 12 | 중계율 0.08 | alpha 2.344 | complete
Ep 995 | 드론3 목적지61 | 1000스텝 | 배송 53/61 | 재적재 10 | 중계율 0.20 | alpha 2.345 | step_limit
Ep 996 | 드론3 목적지61 | 1000스텝 | 배송 58/61 | 재적재 11 | 중계율 0.14 | alpha 2.363 | step_limit
Ep 997 | 드론3 목적지59 | 1000스텝 | 배송 51/59 | 재적재 10 | 중계율 0.20 | alpha 2.390 | step_limit
Ep 998 | 드론6 목적지70 |  814스텝 | 배송 70/70 | 재적재 10 | 중계율 0.18 | alpha 2.391 | complete
Ep 999 | 드론4 목적지49 |  634스텝 | 배송 49/49 | 재적재  9 | 중계율 0.11 | alpha 2.360 | complete
Ep 1000 | 드론5 목적지63 |  894스텝 | 배송 63/63 | 재적재 11 | 중계율 0.17 | alpha 2.348 | complete
  [홀드아웃] 배송 50.0±0.0 완주 1.00 스텝 1093 점수 106.4 재적재 8.6 2홉+ 0.63 | 최고 106.4@ep750 정체 5/15
Ep 1001 | 드론6 목적지43 |  442스텝 | 배송 43/43 | 재적재  7 | 중계율 0.10 | alpha 2.358 | complete
Ep 1002 | 드론4 목적지78 | 1000스텝 | 배송 62/78 | 재적재 10 | 중계율 0.21 | alpha 2.349 | step_limit
Ep 1003 | 드론4 목적지74 | 1000스텝 | 배송 62/74 | 재적재 12 | 중계율 0.21 | alpha 2.394 | step_limit
Ep 1004 | 드론6 목적지61 |  614스텝 | 배송 61/61 | 재적재 10 | 중계율 0.13 | alpha 2.410 | complete
Ep 1005 | 드론5 목적지62 |  800스텝 | 배송 62/62 | 재적재 11 | 중계율 0.17 | alpha 2.398 | complete
Ep 1006 | 드론3 목적지22 |  776스텝 | 배송 22/22 | 재적재  3 | 중계율 0.17 | alpha 2.376 | complete
Ep 1007 | 드론5 목적지79 |  783스텝 | 배송 79/79 | 재적재 13 | 중계율 0.13 | alpha 2.361 | complete
Ep 1008 | 드론4 목적지28 |  482스텝 | 배송 28/28 | 재적재  3 | 중계율 0.18 | alpha 2.313 | complete
Ep 1009 | 드론4 목적지65 | 1000스텝 | 배송 62/65 | 재적재 10 | 중계율 0.19 | alpha 2.331 | step_limit
Ep 1010 | 드론5 목적지22 |  366스텝 | 배송 22/22 | 재적재  2 | 중계율 0.18 | alpha 2.316 | complete
Ep 1011 | 드론5 목적지52 |  450스텝 | 배송 52/52 | 재적재  6 | 중계율 0.06 | alpha 2.322 | complete
Ep 1012 | 드론6 목적지47 |  482스텝 | 배송 47/47 | 재적재  7 | 중계율 0.11 | alpha 2.338 | complete
Ep 1013 | 드론6 목적지66 |  570스텝 | 배송 66/66 | 재적재  9 | 중계율 0.12 | alpha 2.337 | complete
Ep 1014 | 드론4 목적지69 | 1000스텝 | 배송 67/69 | 재적재 12 | 중계율 0.18 | alpha 2.318 | step_limit
Ep 1015 | 드론4 목적지77 | 1000스텝 | 배송 71/77 | 재적재 14 | 중계율 0.16 | alpha 2.369 | step_limit
Ep 1016 | 드론4 목적지80 | 1000스텝 | 배송 65/80 | 재적재 11 | 중계율 0.18 | alpha 2.365 | step_limit
Ep 1017 | 드론5 목적지51 |  570스텝 | 배송 51/51 | 재적재  7 | 중계율 0.12 | alpha 2.367 | complete
Ep 1018 | 드론6 목적지21 |  285스텝 | 배송 21/21 | 재적재  0 | 중계율 0.11 | alpha 2.360 | complete
Ep 1019 | 드론4 목적지58 |  764스텝 | 배송 58/58 | 재적재 10 | 중계율 0.17 | alpha 2.353 | complete
Ep 1020 | 드론4 목적지74 | 1000스텝 | 배송 66/74 | 재적재 13 | 중계율 0.21 | alpha 2.392 | step_limit
Ep 1021 | 드론3 목적지48 | 1000스텝 | 배송 45/48 | 재적재  8 | 중계율 0.17 | alpha 2.347 | step_limit
Ep 1022 | 드론6 목적지27 |  303스텝 | 배송 27/27 | 재적재  4 | 중계율 0.07 | alpha 2.338 | complete
Ep 1023 | 드론6 목적지46 |  380스텝 | 배송 46/46 | 재적재  7 | 중계율 0.09 | alpha 2.327 | complete
Ep 1024 | 드론3 목적지70 | 1000스텝 | 배송 51/70 | 재적재  9 | 중계율 0.28 | alpha 2.351 | step_limit
Ep 1025 | 드론5 목적지41 |  590스텝 | 배송 41/41 | 재적재  7 | 중계율 0.17 | alpha 2.358 | complete
Ep 1026 | 드론6 목적지76 |  731스텝 | 배송 76/76 | 재적재 12 | 중계율 0.16 | alpha 2.356 | complete
Ep 1027 | 드론4 목적지51 |  685스텝 | 배송 51/51 | 재적재  9 | 중계율 0.14 | alpha 2.378 | complete
Ep 1028 | 드론3 목적지27 |  653스텝 | 배송 27/27 | 재적재  4 | 중계율 0.13 | alpha 2.382 | complete
Ep 1029 | 드론4 목적지37 |  475스텝 | 배송 37/37 | 재적재  5 | 중계율 0.17 | alpha 2.374 | complete
Ep 1030 | 드론4 목적지46 |  906스텝 | 배송 46/46 | 재적재  8 | 중계율 0.19 | alpha 2.330 | complete
Ep 1031 | 드론6 목적지20 |  268스텝 | 배송 20/20 | 재적재  0 | 중계율 0.09 | alpha 2.328 | complete
Ep 1032 | 드론3 목적지27 |  412스텝 | 배송 27/27 | 재적재  4 | 중계율 0.09 | alpha 2.353 | complete
Ep 1033 | 드론5 목적지38 |  433스텝 | 배송 38/38 | 재적재  5 | 중계율 0.11 | alpha 2.360 | complete
Ep 1034 | 드론4 목적지66 | 1000스텝 | 배송 64/66 | 재적재 12 | 중계율 0.20 | alpha 2.335 | step_limit
Ep 1035 | 드론6 목적지64 |  532스텝 | 배송 64/64 | 재적재  8 | 중계율 0.13 | alpha 2.337 | complete
Ep 1036 | 드론4 목적지59 |  856스텝 | 배송 59/59 | 재적재 10 | 중계율 0.19 | alpha 2.337 | complete
Ep 1037 | 드론3 목적지49 | 1000스텝 | 배송 47/49 | 재적재  7 | 중계율 0.17 | alpha 2.350 | step_limit
Ep 1038 | 드론6 목적지57 | 1000스텝 | 배송 56/57 | 재적재  9 | 중계율 0.23 | alpha 2.372 | step_limit
Ep 1039 | 드론4 목적지73 | 1000스텝 | 배송 68/73 | 재적재 12 | 중계율 0.17 | alpha 2.398 | step_limit
Ep 1040 | 드론3 목적지44 | 1000스텝 | 배송 41/44 | 재적재  7 | 중계율 0.24 | alpha 2.398 | step_limit
Ep 1041 | 드론5 목적지65 | 1000스텝 | 배송 63/65 | 재적재 12 | 중계율 0.19 | alpha 2.358 | step_limit
Ep 1042 | 드론3 목적지37 | 1000스텝 | 배송 32/37 | 재적재  5 | 중계율 0.28 | alpha 2.370 | step_limit
Ep 1043 | 드론5 목적지52 |  606스텝 | 배송 52/52 | 재적재  9 | 중계율 0.13 | alpha 2.355 | complete
Ep 1044 | 드론4 목적지36 |  906스텝 | 배송 36/36 | 재적재  6 | 중계율 0.23 | alpha 2.350 | complete
Ep 1045 | 드론4 목적지52 |  617스텝 | 배송 52/52 | 재적재  8 | 중계율 0.12 | alpha 2.351 | complete
Ep 1046 | 드론5 목적지43 |  468스텝 | 배송 43/43 | 재적재  8 | 중계율 0.11 | alpha 2.355 | complete
Ep 1047 | 드론3 목적지52 | 1000스텝 | 배송 46/52 | 재적재  9 | 중계율 0.18 | alpha 2.355 | step_limit
Ep 1048 | 드론3 목적지51 | 1000스텝 | 배송 49/51 | 재적재  9 | 중계율 0.17 | alpha 2.361 | step_limit
Ep 1049 | 드론4 목적지72 | 1000스텝 | 배송 63/72 | 재적재 10 | 중계율 0.24 | alpha 2.339 | step_limit
Ep 1050 | 드론5 목적지76 |  890스텝 | 배송 76/76 | 재적재 13 | 중계율 0.20 | alpha 2.367 | complete
  [홀드아웃] 배송 49.9±0.8 완주 0.97 스텝 1038 점수 104.0 재적재 8.3 2홉+ 0.63 | 최고 106.4@ep750 정체 6/15
Ep 1051 | 드론4 목적지79 | 1000스텝 | 배송 65/79 | 재적재 11 | 중계율 0.21 | alpha 2.377 | step_limit
Ep 1052 | 드론5 목적지45 |  559스텝 | 배송 45/45 | 재적재  8 | 중계율 0.14 | alpha 2.365 | complete
Ep 1053 | 드론6 목적지49 |  432스텝 | 배송 49/49 | 재적재  5 | 중계율 0.16 | alpha 2.338 | complete
Ep 1054 | 드론6 목적지61 |  474스텝 | 배송 61/61 | 재적재  9 | 중계율 0.07 | alpha 2.335 | complete
Ep 1055 | 드론5 목적지41 |  620스텝 | 배송 41/41 | 재적재  6 | 중계율 0.19 | alpha 2.332 | complete
Ep 1056 | 드론5 목적지54 |  554스텝 | 배송 54/54 | 재적재  9 | 중계율 0.14 | alpha 2.369 | complete
Ep 1057 | 드론5 목적지64 |  840스텝 | 배송 64/64 | 재적재 11 | 중계율 0.13 | alpha 2.383 | complete
Ep 1058 | 드론5 목적지66 | 1000스텝 | 배송 64/66 | 재적재 11 | 중계율 0.21 | alpha 2.384 | step_limit
Ep 1059 | 드론3 목적지51 |  923스텝 | 배송 51/51 | 재적재  9 | 중계율 0.15 | alpha 2.352 | complete
Ep 1060 | 드론6 목적지52 |  494스텝 | 배송 52/52 | 재적재  8 | 중계율 0.17 | alpha 2.358 | complete
Ep 1061 | 드론5 목적지37 |  579스텝 | 배송 37/37 | 재적재  6 | 중계율 0.15 | alpha 2.393 | complete
Ep 1062 | 드론5 목적지24 |  319스텝 | 배송 24/24 | 재적재  3 | 중계율 0.11 | alpha 2.383 | complete
Ep 1063 | 드론5 목적지73 |  821스텝 | 배송 73/73 | 재적재 12 | 중계율 0.16 | alpha 2.366 | complete
Ep 1064 | 드론5 목적지39 |  760스텝 | 배송 39/39 | 재적재  6 | 중계율 0.20 | alpha 2.312 | complete
Ep 1065 | 드론4 목적지24 |  965스텝 | 배송 24/24 | 재적재  4 | 중계율 0.29 | alpha 2.317 | complete
Ep 1066 | 드론3 목적지75 | 1000스텝 | 배송 60/75 | 재적재 10 | 중계율 0.17 | alpha 2.313 | step_limit
Ep 1067 | 드론6 목적지50 |  608스텝 | 배송 50/50 | 재적재  8 | 중계율 0.14 | alpha 2.310 | complete
Ep 1068 | 드론4 목적지45 |  578스텝 | 배송 45/45 | 재적재  7 | 중계율 0.13 | alpha 2.317 | complete
Ep 1069 | 드론5 목적지20 |  380스텝 | 배송 20/20 | 재적재  3 | 중계율 0.15 | alpha 2.314 | complete
Ep 1070 | 드론3 목적지79 | 1000스텝 | 배송 67/79 | 재적재 12 | 중계율 0.15 | alpha 2.326 | step_limit
Ep 1071 | 드론4 목적지32 |  609스텝 | 배송 32/32 | 재적재  5 | 중계율 0.14 | alpha 2.303 | complete
Ep 1072 | 드론3 목적지56 | 1000스텝 | 배송 45/56 | 재적재  8 | 중계율 0.22 | alpha 2.318 | step_limit
Ep 1073 | 드론6 목적지25 |  254스텝 | 배송 25/25 | 재적재  2 | 중계율 0.09 | alpha 2.326 | complete
Ep 1074 | 드론3 목적지34 |  801스텝 | 배송 34/34 | 재적재  5 | 중계율 0.23 | alpha 2.355 | complete
Ep 1075 | 드론6 목적지40 |  368스텝 | 배송 40/40 | 재적재  5 | 중계율 0.12 | alpha 2.366 | complete
Ep 1076 | 드론3 목적지73 | 1000스텝 | 배송 53/73 | 재적재  9 | 중계율 0.17 | alpha 2.376 | step_limit
Ep 1077 | 드론5 목적지50 |  634스텝 | 배송 50/50 | 재적재  6 | 중계율 0.17 | alpha 2.346 | complete
Ep 1078 | 드론5 목적지62 |  882스텝 | 배송 62/62 | 재적재 12 | 중계율 0.20 | alpha 2.317 | complete
Ep 1079 | 드론4 목적지25 |  333스텝 | 배송 25/25 | 재적재  4 | 중계율 0.14 | alpha 2.325 | complete
Ep 1080 | 드론3 목적지51 | 1000스텝 | 배송 46/51 | 재적재  8 | 중계율 0.16 | alpha 2.304 | step_limit
Ep 1081 | 드론5 목적지46 |  905스텝 | 배송 46/46 | 재적재  7 | 중계율 0.21 | alpha 2.309 | complete
Ep 1082 | 드론6 목적지51 |  422스텝 | 배송 51/51 | 재적재  6 | 중계율 0.10 | alpha 2.325 | complete
Ep 1083 | 드론4 목적지64 | 1000스텝 | 배송 53/64 | 재적재  8 | 중계율 0.24 | alpha 2.338 | step_limit
Ep 1084 | 드론4 목적지48 |  935스텝 | 배송 48/48 | 재적재  8 | 중계율 0.20 | alpha 2.324 | complete
Ep 1085 | 드론4 목적지60 | 1000스텝 | 배송 55/60 | 재적재  8 | 중계율 0.25 | alpha 2.314 | step_limit
Ep 1086 | 드론5 목적지27 |  316스텝 | 배송 27/27 | 재적재  3 | 중계율 0.14 | alpha 2.309 | complete
Ep 1087 | 드론5 목적지66 | 1000스텝 | 배송 60/66 | 재적재 11 | 중계율 0.24 | alpha 2.277 | step_limit
Ep 1088 | 드론5 목적지48 |  534스텝 | 배송 48/48 | 재적재  6 | 중계율 0.11 | alpha 2.264 | complete
Ep 1089 | 드론4 목적지63 |  869스텝 | 배송 63/63 | 재적재 11 | 중계율 0.15 | alpha 2.239 | complete
Ep 1090 | 드론5 목적지78 | 1000스텝 | 배송 77/78 | 재적재 13 | 중계율 0.23 | alpha 2.234 | step_limit
Ep 1091 | 드론4 목적지66 | 1000스텝 | 배송 63/66 | 재적재 11 | 중계율 0.22 | alpha 2.266 | step_limit
Ep 1092 | 드론3 목적지77 | 1000스텝 | 배송 60/77 | 재적재 10 | 중계율 0.23 | alpha 2.270 | step_limit
Ep 1093 | 드론3 목적지72 | 1000스텝 | 배송 68/72 | 재적재 12 | 중계율 0.17 | alpha 2.312 | step_limit
Ep 1094 | 드론6 목적지45 |  435스텝 | 배송 45/45 | 재적재  5 | 중계율 0.13 | alpha 2.304 | complete
Ep 1095 | 드론5 목적지21 |  330스텝 | 배송 21/21 | 재적재  2 | 중계율 0.11 | alpha 2.305 | complete
Ep 1096 | 드론6 목적지77 |  631스텝 | 배송 77/77 | 재적재 13 | 중계율 0.10 | alpha 2.305 | complete
Ep 1097 | 드론3 목적지44 |  880스텝 | 배송 44/44 | 재적재  7 | 중계율 0.18 | alpha 2.313 | complete
Ep 1098 | 드론3 목적지59 | 1000스텝 | 배송 47/59 | 재적재  9 | 중계율 0.15 | alpha 2.358 | step_limit
Ep 1099 | 드론4 목적지75 | 1000스텝 | 배송 75/75 | 재적재 14 | 중계율 0.17 | alpha 2.351 | complete
Ep 1100 | 드론3 목적지54 | 1000스텝 | 배송 50/54 | 재적재  9 | 중계율 0.22 | alpha 2.357 | step_limit
  [홀드아웃] 배송 49.9±0.9 완주 0.97 스텝 1132 점수 103.7 재적재 8.3 2홉+ 0.64 | 최고 106.4@ep750 정체 7/15
Ep 1101 | 드론4 목적지78 |  879스텝 | 배송 78/78 | 재적재 14 | 중계율 0.14 | alpha 2.371 | complete
Ep 1102 | 드론6 목적지36 |  545스텝 | 배송 36/36 | 재적재  5 | 중계율 0.13 | alpha 2.359 | complete
Ep 1103 | 드론4 목적지32 |  864스텝 | 배송 32/32 | 재적재  5 | 중계율 0.21 | alpha 2.368 | complete
Ep 1104 | 드론6 목적지37 |  460스텝 | 배송 37/37 | 재적재  4 | 중계율 0.16 | alpha 2.351 | complete
Ep 1105 | 드론6 목적지63 |  472스텝 | 배송 63/63 | 재적재 11 | 중계율 0.10 | alpha 2.308 | complete
Ep 1106 | 드론5 목적지46 |  507스텝 | 배송 46/46 | 재적재  8 | 중계율 0.14 | alpha 2.332 | complete
Ep 1107 | 드론5 목적지21 |  389스텝 | 배송 21/21 | 재적재  2 | 중계율 0.21 | alpha 2.329 | complete
Ep 1108 | 드론3 목적지41 | 1000스텝 | 배송 39/41 | 재적재  7 | 중계율 0.27 | alpha 2.346 | step_limit
Ep 1109 | 드론5 목적지21 |  154스텝 | 배송 21/21 | 재적재  0 | 중계율 0.08 | alpha 2.355 | complete
Ep 1110 | 드론3 목적지55 | 1000스텝 | 배송 48/55 | 재적재  8 | 중계율 0.24 | alpha 2.340 | step_limit
Ep 1111 | 드론6 목적지49 |  348스텝 | 배송 49/49 | 재적재  7 | 중계율 0.10 | alpha 2.343 | complete
Ep 1112 | 드론4 목적지27 |  426스텝 | 배송 27/27 | 재적재  4 | 중계율 0.15 | alpha 2.358 | complete
Ep 1113 | 드론6 목적지70 |  786스텝 | 배송 70/70 | 재적재 11 | 중계율 0.09 | alpha 2.360 | complete
Ep 1114 | 드론6 목적지50 |  445스텝 | 배송 50/50 | 재적재  7 | 중계율 0.12 | alpha 2.366 | complete
Ep 1115 | 드론6 목적지73 | 1000스텝 | 배송 71/73 | 재적재 14 | 중계율 0.23 | alpha 2.337 | step_limit
Ep 1116 | 드론4 목적지54 | 1000스텝 | 배송 49/54 | 재적재  8 | 중계율 0.22 | alpha 2.359 | step_limit
Ep 1117 | 드론5 목적지74 |  917스텝 | 배송 74/74 | 재적재 13 | 중계율 0.15 | alpha 2.361 | complete
Ep 1118 | 드론6 목적지52 |  695스텝 | 배송 52/52 | 재적재  9 | 중계율 0.15 | alpha 2.339 | complete
Ep 1119 | 드론6 목적지22 |  235스텝 | 배송 22/22 | 재적재  0 | 중계율 0.13 | alpha 2.339 | complete
Ep 1120 | 드론5 목적지40 |  607스텝 | 배송 40/40 | 재적재  6 | 중계율 0.15 | alpha 2.339 | complete
Ep 1121 | 드론5 목적지26 |  433스텝 | 배송 26/26 | 재적재  2 | 중계율 0.14 | alpha 2.362 | complete
Ep 1122 | 드론6 목적지55 |  370스텝 | 배송 55/55 | 재적재  9 | 중계율 0.07 | alpha 2.364 | complete
Ep 1123 | 드론6 목적지54 |  481스텝 | 배송 54/54 | 재적재  9 | 중계율 0.10 | alpha 2.327 | complete
Ep 1124 | 드론5 목적지79 |  677스텝 | 배송 79/79 | 재적재 13 | 중계율 0.09 | alpha 2.319 | complete
Ep 1125 | 드론6 목적지53 |  590스텝 | 배송 53/53 | 재적재  9 | 중계율 0.15 | alpha 2.297 | complete
Ep 1126 | 드론5 목적지21 |  222스텝 | 배송 21/21 | 재적재  0 | 중계율 0.13 | alpha 2.302 | complete
Ep 1127 | 드론4 목적지66 | 1000스텝 | 배송 60/66 | 재적재 11 | 중계율 0.20 | alpha 2.295 | step_limit
Ep 1128 | 드론5 목적지70 |  938스텝 | 배송 70/70 | 재적재 12 | 중계율 0.16 | alpha 2.296 | complete
Ep 1129 | 드론6 목적지28 |  464스텝 | 배송 28/28 | 재적재  3 | 중계율 0.16 | alpha 2.312 | complete
Ep 1130 | 드론5 목적지45 |  584스텝 | 배송 45/45 | 재적재  7 | 중계율 0.14 | alpha 2.340 | complete
Ep 1131 | 드론4 목적지55 | 1000스텝 | 배송 53/55 | 재적재  9 | 중계율 0.24 | alpha 2.341 | step_limit
Ep 1132 | 드론6 목적지59 |  511스텝 | 배송 59/59 | 재적재  9 | 중계율 0.12 | alpha 2.332 | complete
Ep 1133 | 드론5 목적지69 |  610스텝 | 배송 69/69 | 재적재 11 | 중계율 0.11 | alpha 2.365 | complete
Ep 1134 | 드론6 목적지28 |  303스텝 | 배송 28/28 | 재적재  3 | 중계율 0.14 | alpha 2.371 | complete
Ep 1135 | 드론4 목적지68 | 1000스텝 | 배송 64/68 | 재적재 10 | 중계율 0.22 | alpha 2.382 | step_limit
Ep 1136 | 드론6 목적지76 |  958스텝 | 배송 76/76 | 재적재 14 | 중계율 0.19 | alpha 2.381 | complete
Ep 1137 | 드론5 목적지30 |  297스텝 | 배송 30/30 | 재적재  4 | 중계율 0.10 | alpha 2.387 | complete
Ep 1138 | 드론4 목적지48 |  646스텝 | 배송 48/48 | 재적재  8 | 중계율 0.11 | alpha 2.372 | complete
Ep 1139 | 드론6 목적지39 |  294스텝 | 배송 39/39 | 재적재  5 | 중계율 0.12 | alpha 2.381 | complete
Ep 1140 | 드론4 목적지80 | 1000스텝 | 배송 70/80 | 재적재 12 | 중계율 0.15 | alpha 2.338 | step_limit
Ep 1141 | 드론4 목적지28 |  418스텝 | 배송 28/28 | 재적재  3 | 중계율 0.09 | alpha 2.311 | complete
Ep 1142 | 드론6 목적지47 |  422스텝 | 배송 47/47 | 재적재  8 | 중계율 0.08 | alpha 2.288 | complete
Ep 1143 | 드론4 목적지44 |  717스텝 | 배송 44/44 | 재적재  7 | 중계율 0.16 | alpha 2.321 | complete
Ep 1144 | 드론4 목적지28 | 1000스텝 | 배송 26/28 | 재적재  3 | 중계율 0.31 | alpha 2.323 | step_limit
Ep 1145 | 드론5 목적지21 |  278스텝 | 배송 21/21 | 재적재  2 | 중계율 0.12 | alpha 2.328 | complete
Ep 1146 | 드론3 목적지72 | 1000스텝 | 배송 59/72 | 재적재 10 | 중계율 0.17 | alpha 2.354 | step_limit
Ep 1147 | 드론4 목적지77 |  833스텝 | 배송 77/77 | 재적재 14 | 중계율 0.10 | alpha 2.334 | complete
Ep 1148 | 드론6 목적지45 |  489스텝 | 배송 45/45 | 재적재  7 | 중계율 0.16 | alpha 2.327 | complete
Ep 1149 | 드론4 목적지80 | 1000스텝 | 배송 79/80 | 재적재 14 | 중계율 0.14 | alpha 2.337 | step_limit
Ep 1150 | 드론4 목적지73 | 1000스텝 | 배송 70/73 | 재적재 13 | 중계율 0.15 | alpha 2.345 | step_limit
  [홀드아웃] 배송 50.0±0.2 완주 0.97 스텝 1055 점수 104.0 재적재 8.5 2홉+ 0.64 | 최고 106.4@ep750 정체 8/15
Ep 1151 | 드론3 목적지40 |  881스텝 | 배송 40/40 | 재적재  7 | 중계율 0.26 | alpha 2.339 | complete
Ep 1152 | 드론4 목적지61 |  981스텝 | 배송 61/61 | 재적재 11 | 중계율 0.15 | alpha 2.361 | complete
Ep 1153 | 드론6 목적지24 |  400스텝 | 배송 24/24 | 재적재  2 | 중계율 0.16 | alpha 2.358 | complete
Ep 1154 | 드론4 목적지24 |  595스텝 | 배송 24/24 | 재적재  3 | 중계율 0.20 | alpha 2.380 | complete
Ep 1155 | 드론3 목적지31 |  870스텝 | 배송 31/31 | 재적재  5 | 중계율 0.18 | alpha 2.361 | complete
Ep 1156 | 드론4 목적지20 |  370스텝 | 배송 20/20 | 재적재  3 | 중계율 0.17 | alpha 2.347 | complete
Ep 1157 | 드론6 목적지23 |  238스텝 | 배송 23/23 | 재적재  1 | 중계율 0.08 | alpha 2.357 | complete
Ep 1158 | 드론5 목적지41 |  883스텝 | 배송 41/41 | 재적재  7 | 중계율 0.22 | alpha 2.377 | complete
Ep 1159 | 드론5 목적지64 |  504스텝 | 배송 64/64 | 재적재 10 | 중계율 0.09 | alpha 2.378 | complete
Ep 1160 | 드론4 목적지47 |  803스텝 | 배송 47/47 | 재적재  7 | 중계율 0.21 | alpha 2.361 | complete
Ep 1161 | 드론5 목적지70 |  655스텝 | 배송 70/70 | 재적재 12 | 중계율 0.09 | alpha 2.352 | complete
Ep 1162 | 드론5 목적지77 |  822스텝 | 배송 77/77 | 재적재 14 | 중계율 0.11 | alpha 2.384 | complete
Ep 1163 | 드론4 목적지43 | 1000스텝 | 배송 41/43 | 재적재  7 | 중계율 0.21 | alpha 2.400 | step_limit
Ep 1164 | 드론3 목적지40 | 1000스텝 | 배송 39/40 | 재적재  7 | 중계율 0.24 | alpha 2.368 | step_limit
Ep 1165 | 드론6 목적지67 |  627스텝 | 배송 67/67 | 재적재 12 | 중계율 0.13 | alpha 2.346 | complete
Ep 1166 | 드론5 목적지65 |  659스텝 | 배송 65/65 | 재적재 12 | 중계율 0.12 | alpha 2.323 | complete
Ep 1167 | 드론3 목적지24 |  583스텝 | 배송 24/24 | 재적재  4 | 중계율 0.15 | alpha 2.324 | complete
Ep 1168 | 드론6 목적지67 |  797스텝 | 배송 67/67 | 재적재 11 | 중계율 0.19 | alpha 2.294 | complete
Ep 1169 | 드론4 목적지37 |  556스텝 | 배송 37/37 | 재적재  5 | 중계율 0.12 | alpha 2.302 | complete
Ep 1170 | 드론3 목적지35 |  862스텝 | 배송 35/35 | 재적재  6 | 중계율 0.22 | alpha 2.340 | complete
Ep 1171 | 드론5 목적지70 |  838스텝 | 배송 70/70 | 재적재 13 | 중계율 0.12 | alpha 2.326 | complete
Ep 1172 | 드론5 목적지56 |  857스텝 | 배송 56/56 | 재적재 10 | 중계율 0.20 | alpha 2.338 | complete
Ep 1173 | 드론3 목적지39 | 1000스텝 | 배송 38/39 | 재적재  7 | 중계율 0.22 | alpha 2.361 | step_limit
Ep 1174 | 드론6 목적지53 |  541스텝 | 배송 53/53 | 재적재  9 | 중계율 0.14 | alpha 2.353 | complete
Ep 1175 | 드론6 목적지44 |  557스텝 | 배송 44/44 | 재적재  5 | 중계율 0.16 | alpha 2.349 | complete
Ep 1176 | 드론6 목적지44 |  494스텝 | 배송 44/44 | 재적재  7 | 중계율 0.14 | alpha 2.355 | complete
Ep 1177 | 드론6 목적지33 |  281스텝 | 배송 33/33 | 재적재  4 | 중계율 0.12 | alpha 2.354 | complete
Ep 1178 | 드론3 목적지61 | 1000스텝 | 배송 54/61 | 재적재  9 | 중계율 0.23 | alpha 2.334 | step_limit
Ep 1179 | 드론5 목적지71 |  651스텝 | 배송 71/71 | 재적재 11 | 중계율 0.07 | alpha 2.341 | complete
Ep 1180 | 드론5 목적지62 |  704스텝 | 배송 62/62 | 재적재  9 | 중계율 0.15 | alpha 2.346 | complete
Ep 1181 | 드론5 목적지50 |  663스텝 | 배송 50/50 | 재적재  8 | 중계율 0.18 | alpha 2.348 | complete
Ep 1182 | 드론3 목적지79 | 1000스텝 | 배송 65/79 | 재적재 12 | 중계율 0.15 | alpha 2.375 | step_limit
Ep 1183 | 드론5 목적지51 |  638스텝 | 배송 51/51 | 재적재  8 | 중계율 0.12 | alpha 2.403 | complete
Ep 1184 | 드론5 목적지30 |  461스텝 | 배송 30/30 | 재적재  5 | 중계율 0.19 | alpha 2.423 | complete
Ep 1185 | 드론3 목적지77 | 1000스텝 | 배송 58/77 | 재적재 10 | 중계율 0.15 | alpha 2.383 | step_limit
Ep 1186 | 드론6 목적지42 |  463스텝 | 배송 42/42 | 재적재  6 | 중계율 0.09 | alpha 2.393 | complete
Ep 1187 | 드론6 목적지20 |  187스텝 | 배송 20/20 | 재적재  0 | 중계율 0.06 | alpha 2.410 | complete
Ep 1188 | 드론4 목적지74 | 1000스텝 | 배송 68/74 | 재적재 12 | 중계율 0.18 | alpha 2.414 | step_limit
Ep 1189 | 드론5 목적지60 |  650스텝 | 배송 60/60 | 재적재 10 | 중계율 0.08 | alpha 2.422 | complete
Ep 1190 | 드론3 목적지26 |  747스텝 | 배송 26/26 | 재적재  4 | 중계율 0.20 | alpha 2.377 | complete
Ep 1191 | 드론5 목적지27 |  387스텝 | 배송 27/27 | 재적재  3 | 중계율 0.16 | alpha 2.385 | complete
Ep 1192 | 드론5 목적지78 |  833스텝 | 배송 78/78 | 재적재 13 | 중계율 0.16 | alpha 2.362 | complete
Ep 1193 | 드론3 목적지42 |  718스텝 | 배송 42/42 | 재적재  7 | 중계율 0.15 | alpha 2.376 | complete
Ep 1194 | 드론4 목적지75 | 1000스텝 | 배송 72/75 | 재적재 13 | 중계율 0.18 | alpha 2.403 | step_limit
Ep 1195 | 드론5 목적지56 |  552스텝 | 배송 56/56 | 재적재  9 | 중계율 0.09 | alpha 2.391 | complete
Ep 1196 | 드론6 목적지66 |  640스텝 | 배송 66/66 | 재적재 11 | 중계율 0.14 | alpha 2.388 | complete
Ep 1197 | 드론5 목적지59 |  874스텝 | 배송 59/59 | 재적재 10 | 중계율 0.14 | alpha 2.385 | complete
Ep 1198 | 드론4 목적지47 |  815스텝 | 배송 47/47 | 재적재  8 | 중계율 0.19 | alpha 2.426 | complete
Ep 1199 | 드론4 목적지65 |  969스텝 | 배송 65/65 | 재적재 11 | 중계율 0.14 | alpha 2.414 | complete
Ep 1200 | 드론6 목적지48 |  423스텝 | 배송 48/48 | 재적재  8 | 중계율 0.13 | alpha 2.390 | complete
  [홀드아웃] 배송 50.0±0.0 완주 1.00 스텝 1084 점수 106.4 재적재 8.3 2홉+ 0.64 | 최고 106.4@ep1200 정체 0/15  ← 갱신
Ep 1201 | 드론5 목적지22 |  438스텝 | 배송 22/22 | 재적재  1 | 중계율 0.20 | alpha 2.409 | complete
Ep 1202 | 드론4 목적지68 |  774스텝 | 배송 68/68 | 재적재 12 | 중계율 0.10 | alpha 2.452 | complete
Ep 1203 | 드론3 목적지36 |  611스텝 | 배송 10/36 | 재적재  0 | 중계율 0.15 | alpha 2.448 | no_progress
Ep 1204 | 드론4 목적지23 |  395스텝 | 배송 23/23 | 재적재  3 | 중계율 0.11 | alpha 2.445 | complete
Ep 1205 | 드론4 목적지32 |  559스텝 | 배송 32/32 | 재적재  5 | 중계율 0.12 | alpha 2.447 | complete
Ep 1206 | 드론3 목적지76 | 1000스텝 | 배송 56/76 | 재적재 10 | 중계율 0.18 | alpha 2.380 | step_limit
Ep 1207 | 드론6 목적지45 |  391스텝 | 배송 45/45 | 재적재  7 | 중계율 0.10 | alpha 2.375 | complete
Ep 1208 | 드론5 목적지40 |  603스텝 | 배송 40/40 | 재적재  6 | 중계율 0.10 | alpha 2.365 | complete
Ep 1209 | 드론3 목적지49 |  960스텝 | 배송 49/49 | 재적재  9 | 중계율 0.18 | alpha 2.412 | complete
Ep 1210 | 드론4 목적지60 | 1000스텝 | 배송 58/60 | 재적재  9 | 중계율 0.28 | alpha 2.425 | step_limit
Ep 1211 | 드론4 목적지66 | 1000스텝 | 배송 62/66 | 재적재 12 | 중계율 0.16 | alpha 2.398 | step_limit
Ep 1212 | 드론5 목적지66 |  913스텝 | 배송 66/66 | 재적재 11 | 중계율 0.15 | alpha 2.413 | complete
Ep 1213 | 드론6 목적지56 |  541스텝 | 배송 56/56 | 재적재  8 | 중계율 0.11 | alpha 2.401 | complete
Ep 1214 | 드론3 목적지49 | 1000스텝 | 배송 45/49 | 재적재  8 | 중계율 0.23 | alpha 2.420 | step_limit
Ep 1215 | 드론3 목적지21 |  422스텝 | 배송 21/21 | 재적재  2 | 중계율 0.09 | alpha 2.424 | complete
Ep 1216 | 드론4 목적지38 |  798스텝 | 배송 38/38 | 재적재  6 | 중계율 0.19 | alpha 2.390 | complete
Ep 1217 | 드론4 목적지22 |  367스텝 | 배송 22/22 | 재적재  3 | 중계율 0.13 | alpha 2.377 | complete
Ep 1218 | 드론4 목적지61 |  878스텝 | 배송 61/61 | 재적재 11 | 중계율 0.15 | alpha 2.369 | complete
Ep 1219 | 드론5 목적지66 | 1000스텝 | 배송 65/66 | 재적재 12 | 중계율 0.18 | alpha 2.374 | step_limit
Ep 1220 | 드론3 목적지38 |  790스텝 | 배송 38/38 | 재적재  6 | 중계율 0.20 | alpha 2.383 | complete
Ep 1221 | 드론3 목적지62 | 1000스텝 | 배송 56/62 | 재적재 11 | 중계율 0.19 | alpha 2.411 | step_limit
Ep 1222 | 드론6 목적지34 |  390스텝 | 배송 34/34 | 재적재  4 | 중계율 0.18 | alpha 2.410 | complete
Ep 1223 | 드론5 목적지35 |  525스텝 | 배송 35/35 | 재적재  5 | 중계율 0.13 | alpha 2.440 | complete
Ep 1224 | 드론6 목적지33 |  324스텝 | 배송 33/33 | 재적재  5 | 중계율 0.15 | alpha 2.453 | complete
Ep 1225 | 드론4 목적지70 |  699스텝 | 배송 70/70 | 재적재 13 | 중계율 0.08 | alpha 2.458 | complete
Ep 1226 | 드론6 목적지32 |  298스텝 | 배송 32/32 | 재적재  5 | 중계율 0.11 | alpha 2.457 | complete
Ep 1227 | 드론3 목적지77 | 1000스텝 | 배송 56/77 | 재적재 10 | 중계율 0.20 | alpha 2.427 | step_limit
Ep 1228 | 드론3 목적지35 |  958스텝 | 배송 35/35 | 재적재  6 | 중계율 0.28 | alpha 2.410 | complete
Ep 1229 | 드론5 목적지25 |  307스텝 | 배송 25/25 | 재적재  3 | 중계율 0.13 | alpha 2.414 | complete
Ep 1230 | 드론3 목적지50 | 1000스텝 | 배송 44/50 | 재적재  8 | 중계율 0.17 | alpha 2.381 | step_limit
Ep 1231 | 드론6 목적지65 |  537스텝 | 배송 65/65 | 재적재 10 | 중계율 0.09 | alpha 2.378 | complete
Ep 1232 | 드론3 목적지79 | 1000스텝 | 배송 60/79 | 재적재 10 | 중계율 0.18 | alpha 2.415 | step_limit
Ep 1233 | 드론3 목적지30 |  768스텝 | 배송 30/30 | 재적재  5 | 중계율 0.17 | alpha 2.439 | complete
Ep 1234 | 드론6 목적지57 |  532스텝 | 배송 57/57 | 재적재  9 | 중계율 0.11 | alpha 2.437 | complete
Ep 1235 | 드론3 목적지49 | 1000스텝 | 배송 47/49 | 재적재  8 | 중계율 0.21 | alpha 2.389 | step_limit
Ep 1236 | 드론4 목적지72 | 1000스텝 | 배송 69/72 | 재적재 13 | 중계율 0.16 | alpha 2.384 | step_limit
Ep 1237 | 드론4 목적지57 | 1000스텝 | 배송 47/57 | 재적재  9 | 중계율 0.23 | alpha 2.383 | step_limit
Ep 1238 | 드론6 목적지73 |  582스텝 | 배송 73/73 | 재적재 11 | 중계율 0.14 | alpha 2.366 | complete
Ep 1239 | 드론4 목적지40 |  551스텝 | 배송 40/40 | 재적재  7 | 중계율 0.18 | alpha 2.350 | complete
Ep 1240 | 드론5 목적지21 |  359스텝 | 배송 21/21 | 재적재  1 | 중계율 0.17 | alpha 2.361 | complete
Ep 1241 | 드론6 목적지58 |  525스텝 | 배송 58/58 | 재적재 11 | 중계율 0.10 | alpha 2.378 | complete
Ep 1242 | 드론5 목적지71 |  742스텝 | 배송 71/71 | 재적재 13 | 중계율 0.14 | alpha 2.355 | complete
Ep 1243 | 드론6 목적지54 |  421스텝 | 배송 54/54 | 재적재  9 | 중계율 0.12 | alpha 2.328 | complete
Ep 1244 | 드론5 목적지23 |  385스텝 | 배송 23/23 | 재적재  2 | 중계율 0.14 | alpha 2.338 | complete
Ep 1245 | 드론3 목적지31 |  810스텝 | 배송 31/31 | 재적재  4 | 중계율 0.23 | alpha 2.370 | complete
Ep 1246 | 드론5 목적지37 |  565스텝 | 배송 37/37 | 재적재  5 | 중계율 0.19 | alpha 2.381 | complete
Ep 1247 | 드론3 목적지20 |  526스텝 | 배송 20/20 | 재적재  3 | 중계율 0.15 | alpha 2.377 | complete
Ep 1248 | 드론6 목적지79 |  731스텝 | 배송 79/79 | 재적재 13 | 중계율 0.11 | alpha 2.396 | complete
Ep 1249 | 드론4 목적지22 |  291스텝 | 배송 22/22 | 재적재  3 | 중계율 0.14 | alpha 2.385 | complete
Ep 1250 | 드론3 목적지27 | 1000스텝 | 배송 25/27 | 재적재  4 | 중계율 0.26 | alpha 2.375 | step_limit
  [홀드아웃] 배송 50.0±0.2 완주 0.97 스텝 1133 점수 103.7 재적재 8.4 2홉+ 0.64 | 최고 106.4@ep1200 정체 1/15
Ep 1251 | 드론4 목적지20 |  340스텝 | 배송 20/20 | 재적재  1 | 중계율 0.11 | alpha 2.367 | complete
Ep 1252 | 드론5 목적지48 |  720스텝 | 배송 48/48 | 재적재  8 | 중계율 0.19 | alpha 2.382 | complete
Ep 1253 | 드론4 목적지64 | 1000스텝 | 배송 59/64 | 재적재 11 | 중계율 0.18 | alpha 2.392 | step_limit
Ep 1254 | 드론6 목적지44 |  720스텝 | 배송 44/44 | 재적재  6 | 중계율 0.15 | alpha 2.385 | complete
Ep 1255 | 드론6 목적지39 |  305스텝 | 배송 39/39 | 재적재  5 | 중계율 0.08 | alpha 2.381 | complete
Ep 1256 | 드론4 목적지32 |  613스텝 | 배송 32/32 | 재적재  5 | 중계율 0.17 | alpha 2.378 | complete
Ep 1257 | 드론3 목적지71 | 1000스텝 | 배송 67/71 | 재적재 12 | 중계율 0.14 | alpha 2.383 | step_limit
Ep 1258 | 드론3 목적지40 | 1000스텝 | 배송 31/40 | 재적재  5 | 중계율 0.21 | alpha 2.381 | step_limit
Ep 1259 | 드론4 목적지80 | 1000스텝 | 배송 77/80 | 재적재 14 | 중계율 0.11 | alpha 2.422 | step_limit
Ep 1260 | 드론6 목적지60 |  657스텝 | 배송 60/60 | 재적재 11 | 중계율 0.16 | alpha 2.416 | complete
Ep 1261 | 드론6 목적지26 |  239스텝 | 배송 26/26 | 재적재  2 | 중계율 0.12 | alpha 2.418 | complete
Ep 1262 | 드론6 목적지68 |  928스텝 | 배송 68/68 | 재적재 12 | 중계율 0.13 | alpha 2.431 | complete
Ep 1263 | 드론5 목적지61 |  682스텝 | 배송 61/61 | 재적재  9 | 중계율 0.15 | alpha 2.444 | complete
Ep 1264 | 드론4 목적지55 | 1000스텝 | 배송 51/55 | 재적재  9 | 중계율 0.22 | alpha 2.424 | step_limit
Ep 1265 | 드론5 목적지73 | 1000스텝 | 배송 71/73 | 재적재 14 | 중계율 0.16 | alpha 2.439 | step_limit
Ep 1266 | 드론5 목적지72 |  777스텝 | 배송 72/72 | 재적재 12 | 중계율 0.13 | alpha 2.465 | complete
Ep 1267 | 드론3 목적지46 | 1000스텝 | 배송 43/46 | 재적재  8 | 중계율 0.23 | alpha 2.485 | step_limit
Ep 1268 | 드론3 목적지58 | 1000스텝 | 배송 38/58 | 재적재  6 | 중계율 0.21 | alpha 2.491 | step_limit
Ep 1269 | 드론6 목적지74 |  701스텝 | 배송 74/74 | 재적재 13 | 중계율 0.15 | alpha 2.504 | complete
Ep 1270 | 드론4 목적지30 |  450스텝 | 배송 30/30 | 재적재  4 | 중계율 0.12 | alpha 2.501 | complete
Ep 1271 | 드론4 목적지37 |  550스텝 | 배송 37/37 | 재적재  5 | 중계율 0.13 | alpha 2.497 | complete
Ep 1272 | 드론4 목적지22 |  472스텝 | 배송 22/22 | 재적재  3 | 중계율 0.17 | alpha 2.491 | complete
Ep 1273 | 드론3 목적지43 | 1000스텝 | 배송 40/43 | 재적재  7 | 중계율 0.19 | alpha 2.457 | step_limit
Ep 1274 | 드론3 목적지66 | 1000스텝 | 배송 62/66 | 재적재 12 | 중계율 0.18 | alpha 2.479 | step_limit
Ep 1275 | 드론6 목적지63 |  640스텝 | 배송 63/63 | 재적재 10 | 중계율 0.12 | alpha 2.504 | complete
Ep 1276 | 드론3 목적지47 | 1000스텝 | 배송 45/47 | 재적재  7 | 중계율 0.18 | alpha 2.475 | step_limit
Ep 1277 | 드론6 목적지30 |  354스텝 | 배송 30/30 | 재적재  3 | 중계율 0.15 | alpha 2.476 | complete
Ep 1278 | 드론5 목적지62 |  592스텝 | 배송 62/62 | 재적재 10 | 중계율 0.09 | alpha 2.496 | complete
Ep 1279 | 드론4 목적지28 |  733스텝 | 배송 28/28 | 재적재  4 | 중계율 0.14 | alpha 2.517 | complete
Ep 1280 | 드론5 목적지47 |  576스텝 | 배송 47/47 | 재적재  6 | 중계율 0.14 | alpha 2.518 | complete
Ep 1281 | 드론4 목적지66 | 1000스텝 | 배송 65/66 | 재적재 11 | 중계율 0.16 | alpha 2.527 | step_limit
Ep 1282 | 드론3 목적지74 | 1000스텝 | 배송 60/74 | 재적재 10 | 중계율 0.16 | alpha 2.518 | step_limit
Ep 1283 | 드론3 목적지80 | 1000스텝 | 배송 74/80 | 재적재 13 | 중계율 0.17 | alpha 2.496 | step_limit
Ep 1284 | 드론6 목적지57 |  599스텝 | 배송 57/57 | 재적재  9 | 중계율 0.14 | alpha 2.479 | complete
Ep 1285 | 드론3 목적지40 |  879스텝 | 배송 40/40 | 재적재  7 | 중계율 0.22 | alpha 2.489 | complete
Ep 1286 | 드론5 목적지50 |  652스텝 | 배송 50/50 | 재적재  7 | 중계율 0.19 | alpha 2.471 | complete
Ep 1287 | 드론5 목적지36 |  411스텝 | 배송 36/36 | 재적재  5 | 중계율 0.12 | alpha 2.460 | complete
Ep 1288 | 드론3 목적지32 |  976스텝 | 배송 32/32 | 재적재  5 | 중계율 0.26 | alpha 2.495 | complete
Ep 1289 | 드론3 목적지51 |  909스텝 | 배송 51/51 | 재적재  8 | 중계율 0.17 | alpha 2.504 | complete
Ep 1290 | 드론3 목적지56 | 1000스텝 | 배송 48/56 | 재적재  8 | 중계율 0.19 | alpha 2.514 | step_limit
Ep 1291 | 드론3 목적지33 |  814스텝 | 배송 33/33 | 재적재  6 | 중계율 0.22 | alpha 2.519 | complete
Ep 1292 | 드론4 목적지48 |  818스텝 | 배송 48/48 | 재적재  9 | 중계율 0.20 | alpha 2.538 | complete
Ep 1293 | 드론3 목적지27 |  752스텝 | 배송 27/27 | 재적재  5 | 중계율 0.24 | alpha 2.517 | complete
Ep 1294 | 드론6 목적지72 |  699스텝 | 배송 72/72 | 재적재 11 | 중계율 0.16 | alpha 2.516 | complete
Ep 1295 | 드론5 목적지38 |  448스텝 | 배송 38/38 | 재적재  6 | 중계율 0.14 | alpha 2.509 | complete
Ep 1296 | 드론4 목적지47 |  545스텝 | 배송 47/47 | 재적재  7 | 중계율 0.15 | alpha 2.522 | complete
Ep 1297 | 드론4 목적지44 |  578스텝 | 배송 44/44 | 재적재  7 | 중계율 0.12 | alpha 2.497 | complete
Ep 1298 | 드론4 목적지29 |  629스텝 | 배송 29/29 | 재적재  5 | 중계율 0.15 | alpha 2.482 | complete
Ep 1299 | 드론6 목적지55 | 1000스텝 | 배송 54/55 | 재적재  9 | 중계율 0.17 | alpha 2.493 | step_limit
Ep 1300 | 드론5 목적지49 |  900스텝 | 배송 49/49 | 재적재  8 | 중계율 0.19 | alpha 2.528 | complete
  [홀드아웃] 배송 50.0±0.0 완주 1.00 스텝 1115 점수 106.3 재적재 8.5 2홉+ 0.64 | 최고 106.4@ep1200 정체 2/15
Ep 1301 | 드론5 목적지22 |  393스텝 | 배송 22/22 | 재적재  2 | 중계율 0.13 | alpha 2.529 | complete
Ep 1302 | 드론5 목적지46 |  551스텝 | 배송 46/46 | 재적재  8 | 중계율 0.11 | alpha 2.508 | complete
Ep 1303 | 드론5 목적지51 |  467스텝 | 배송 51/51 | 재적재  9 | 중계율 0.07 | alpha 2.529 | complete
Ep 1304 | 드론6 목적지41 |  383스텝 | 배송 41/41 | 재적재  6 | 중계율 0.07 | alpha 2.548 | complete
Ep 1305 | 드론6 목적지56 |  469스텝 | 배송 56/56 | 재적재 10 | 중계율 0.10 | alpha 2.547 | complete
Ep 1306 | 드론5 목적지51 |  894스텝 | 배송 51/51 | 재적재  8 | 중계율 0.13 | alpha 2.533 | complete
Ep 1307 | 드론3 목적지52 | 1000스텝 | 배송 43/52 | 재적재  8 | 중계율 0.20 | alpha 2.533 | step_limit
Ep 1308 | 드론5 목적지44 |  628스텝 | 배송 44/44 | 재적재  7 | 중계율 0.14 | alpha 2.537 | complete
Ep 1309 | 드론6 목적지65 |  438스텝 | 배송 65/65 | 재적재 11 | 중계율 0.10 | alpha 2.525 | complete
Ep 1310 | 드론4 목적지20 |  283스텝 | 배송 20/20 | 재적재  2 | 중계율 0.16 | alpha 2.530 | complete
Ep 1311 | 드론6 목적지70 |  839스텝 | 배송 70/70 | 재적재 11 | 중계율 0.19 | alpha 2.518 | complete
Ep 1312 | 드론4 목적지38 |  529스텝 | 배송 38/38 | 재적재  5 | 중계율 0.14 | alpha 2.492 | complete
Ep 1313 | 드론3 목적지39 |  716스텝 | 배송 39/39 | 재적재  7 | 중계율 0.12 | alpha 2.473 | complete
Ep 1314 | 드론3 목적지59 | 1000스텝 | 배송 55/59 | 재적재 10 | 중계율 0.15 | alpha 2.477 | step_limit
Ep 1315 | 드론5 목적지65 |  754스텝 | 배송 65/65 | 재적재 11 | 중계율 0.12 | alpha 2.458 | complete
Ep 1316 | 드론6 목적지67 |  574스텝 | 배송 67/67 | 재적재 12 | 중계율 0.10 | alpha 2.474 | complete
Ep 1317 | 드론4 목적지73 | 1000스텝 | 배송 69/73 | 재적재 12 | 중계율 0.18 | alpha 2.524 | step_limit
Ep 1318 | 드론4 목적지24 |  438스텝 | 배송 24/24 | 재적재  3 | 중계율 0.13 | alpha 2.516 | complete
Ep 1319 | 드론4 목적지31 |  394스텝 | 배송 31/31 | 재적재  4 | 중계율 0.09 | alpha 2.513 | complete
Ep 1320 | 드론6 목적지47 |  507스텝 | 배송 47/47 | 재적재  7 | 중계율 0.13 | alpha 2.513 | complete
Ep 1321 | 드론4 목적지75 |  845스텝 | 배송 75/75 | 재적재 13 | 중계율 0.14 | alpha 2.513 | complete
Ep 1322 | 드론4 목적지49 |  691스텝 | 배송 49/49 | 재적재  8 | 중계율 0.15 | alpha 2.516 | complete
Ep 1323 | 드론5 목적지75 |  982스텝 | 배송 75/75 | 재적재 13 | 중계율 0.16 | alpha 2.514 | complete
Ep 1324 | 드론3 목적지46 |  975스텝 | 배송 46/46 | 재적재  9 | 중계율 0.19 | alpha 2.517 | complete
Ep 1325 | 드론3 목적지59 | 1000스텝 | 배송 56/59 | 재적재 10 | 중계율 0.19 | alpha 2.546 | step_limit
Ep 1326 | 드론3 목적지44 | 1000스텝 | 배송 41/44 | 재적재  7 | 중계율 0.19 | alpha 2.536 | step_limit
Ep 1327 | 드론5 목적지32 |  361스텝 | 배송 32/32 | 재적재  5 | 중계율 0.09 | alpha 2.534 | complete
Ep 1328 | 드론6 목적지45 |  379스텝 | 배송 45/45 | 재적재  5 | 중계율 0.13 | alpha 2.531 | complete
Ep 1329 | 드론4 목적지41 | 1000스텝 | 배송 37/41 | 재적재  6 | 중계율 0.26 | alpha 2.527 | step_limit
Ep 1330 | 드론5 목적지65 | 1000스텝 | 배송 63/65 | 재적재 11 | 중계율 0.19 | alpha 2.490 | step_limit
Ep 1331 | 드론6 목적지74 |  791스텝 | 배송 74/74 | 재적재 13 | 중계율 0.15 | alpha 2.502 | complete
Ep 1332 | 드론3 목적지35 |  588스텝 | 배송 35/35 | 재적재  6 | 중계율 0.13 | alpha 2.514 | complete
Ep 1333 | 드론3 목적지77 | 1000스텝 | 배송 60/77 | 재적재 10 | 중계율 0.23 | alpha 2.537 | step_limit
Ep 1334 | 드론4 목적지64 | 1000스텝 | 배송 56/64 | 재적재 11 | 중계율 0.20 | alpha 2.551 | step_limit
Ep 1335 | 드론6 목적지58 |  593스텝 | 배송 58/58 | 재적재  9 | 중계율 0.14 | alpha 2.542 | complete
Ep 1336 | 드론4 목적지56 | 1000스텝 | 배송 54/56 | 재적재 10 | 중계율 0.17 | alpha 2.530 | step_limit
Ep 1337 | 드론5 목적지58 |  874스텝 | 배송 58/58 | 재적재 10 | 중계율 0.21 | alpha 2.510 | complete
Ep 1338 | 드론6 목적지52 |  406스텝 | 배송 52/52 | 재적재  8 | 중계율 0.12 | alpha 2.512 | complete
Ep 1339 | 드론4 목적지66 |  659스텝 | 배송 66/66 | 재적재 12 | 중계율 0.10 | alpha 2.529 | complete
Ep 1340 | 드론5 목적지72 |  752스텝 | 배송 72/72 | 재적재 12 | 중계율 0.13 | alpha 2.574 | complete
Ep 1341 | 드론5 목적지37 |  484스텝 | 배송 37/37 | 재적재  4 | 중계율 0.17 | alpha 2.541 | complete
Ep 1342 | 드론5 목적지72 |  662스텝 | 배송 72/72 | 재적재 13 | 중계율 0.09 | alpha 2.532 | complete
Ep 1343 | 드론3 목적지73 | 1000스텝 | 배송 55/73 | 재적재 10 | 중계율 0.20 | alpha 2.515 | step_limit
Ep 1344 | 드론5 목적지34 |  784스텝 | 배송 34/34 | 재적재  5 | 중계율 0.23 | alpha 2.539 | complete
Ep 1345 | 드론6 목적지41 |  275스텝 | 배송 41/41 | 재적재  6 | 중계율 0.07 | alpha 2.537 | complete
Ep 1346 | 드론6 목적지33 |  464스텝 | 배송 33/33 | 재적재  5 | 중계율 0.14 | alpha 2.567 | complete
Ep 1347 | 드론3 목적지42 |  856스텝 | 배송 42/42 | 재적재  7 | 중계율 0.18 | alpha 2.560 | complete
Ep 1348 | 드론3 목적지65 | 1000스텝 | 배송 60/65 | 재적재 11 | 중계율 0.19 | alpha 2.538 | step_limit
Ep 1349 | 드론3 목적지21 |  688스텝 | 배송 21/21 | 재적재  3 | 중계율 0.16 | alpha 2.536 | complete
Ep 1350 | 드론6 목적지56 |  567스텝 | 배송 56/56 | 재적재 10 | 중계율 0.12 | alpha 2.528 | complete
  [홀드아웃] 배송 50.0±0.0 완주 1.00 스텝 980 점수 106.7 재적재 8.2 2홉+ 0.63 | 최고 106.7@ep1350 정체 0/15  ← 갱신
Ep 1351 | 드론6 목적지56 |  467스텝 | 배송 56/56 | 재적재  9 | 중계율 0.11 | alpha 2.510 | complete
Ep 1352 | 드론5 목적지20 |  292스텝 | 배송 20/20 | 재적재  0 | 중계율 0.13 | alpha 2.519 | complete
Ep 1353 | 드론4 목적지25 |  351스텝 | 배송 25/25 | 재적재  4 | 중계율 0.11 | alpha 2.514 | complete
Ep 1354 | 드론4 목적지58 |  675스텝 | 배송 58/58 | 재적재 10 | 중계율 0.09 | alpha 2.518 | complete
Ep 1355 | 드론6 목적지79 |  679스텝 | 배송 79/79 | 재적재 14 | 중계율 0.12 | alpha 2.509 | complete
Ep 1356 | 드론6 목적지38 |  494스텝 | 배송 38/38 | 재적재  5 | 중계율 0.16 | alpha 2.497 | complete
Ep 1357 | 드론6 목적지63 |  608스텝 | 배송 63/63 | 재적재 11 | 중계율 0.13 | alpha 2.446 | complete
Ep 1358 | 드론6 목적지28 |  515스텝 | 배송 28/28 | 재적재  4 | 중계율 0.17 | alpha 2.467 | complete
Ep 1359 | 드론5 목적지39 |  477스텝 | 배송 39/39 | 재적재  5 | 중계율 0.10 | alpha 2.489 | complete
Ep 1360 | 드론6 목적지43 |  415스텝 | 배송 43/43 | 재적재  6 | 중계율 0.13 | alpha 2.468 | complete
Ep 1361 | 드론3 목적지44 |  917스텝 | 배송 44/44 | 재적재  8 | 중계율 0.18 | alpha 2.465 | complete
Ep 1362 | 드론3 목적지35 |  805스텝 | 배송 35/35 | 재적재  5 | 중계율 0.14 | alpha 2.470 | complete
Ep 1363 | 드론5 목적지40 |  698스텝 | 배송 40/40 | 재적재  5 | 중계율 0.17 | alpha 2.464 | complete
Ep 1364 | 드론5 목적지38 |  781스텝 | 배송 38/38 | 재적재  6 | 중계율 0.19 | alpha 2.471 | complete
Ep 1365 | 드론5 목적지73 |  884스텝 | 배송 73/73 | 재적재 13 | 중계율 0.18 | alpha 2.471 | complete
Ep 1366 | 드론4 목적지38 |  803스텝 | 배송 38/38 | 재적재  6 | 중계율 0.22 | alpha 2.447 | complete
Ep 1367 | 드론4 목적지73 | 1000스텝 | 배송 68/73 | 재적재 12 | 중계율 0.20 | alpha 2.503 | step_limit
Ep 1368 | 드론5 목적지30 |  342스텝 | 배송 30/30 | 재적재  4 | 중계율 0.12 | alpha 2.504 | complete
Ep 1369 | 드론3 목적지47 |  955스텝 | 배송 47/47 | 재적재  8 | 중계율 0.17 | alpha 2.495 | complete
Ep 1370 | 드론5 목적지24 |  368스텝 | 배송 24/24 | 재적재  2 | 중계율 0.16 | alpha 2.475 | complete
Ep 1371 | 드론3 목적지27 |  506스텝 | 배송 27/27 | 재적재  4 | 중계율 0.17 | alpha 2.498 | complete
Ep 1372 | 드론6 목적지58 |  693스텝 | 배송 58/58 | 재적재  8 | 중계율 0.16 | alpha 2.519 | complete
Ep 1373 | 드론5 목적지62 |  960스텝 | 배송 62/62 | 재적재 11 | 중계율 0.19 | alpha 2.481 | complete
Ep 1374 | 드론3 목적지38 |  846스텝 | 배송 38/38 | 재적재  6 | 중계율 0.21 | alpha 2.458 | complete
Ep 1375 | 드론3 목적지21 |  486스텝 | 배송 21/21 | 재적재  2 | 중계율 0.17 | alpha 2.455 | complete
Ep 1376 | 드론5 목적지61 |  853스텝 | 배송 61/61 | 재적재 11 | 중계율 0.18 | alpha 2.452 | complete
Ep 1377 | 드론6 목적지41 |  402스텝 | 배송 41/41 | 재적재  4 | 중계율 0.14 | alpha 2.442 | complete
Ep 1378 | 드론5 목적지55 |  601스텝 | 배송 55/55 | 재적재  9 | 중계율 0.14 | alpha 2.475 | complete
Ep 1379 | 드론6 목적지27 |  247스텝 | 배송 27/27 | 재적재  5 | 중계율 0.14 | alpha 2.475 | complete
Ep 1380 | 드론5 목적지22 |  357스텝 | 배송 22/22 | 재적재  2 | 중계율 0.16 | alpha 2.492 | complete
Ep 1381 | 드론5 목적지42 |  534스텝 | 배송 42/42 | 재적재  6 | 중계율 0.17 | alpha 2.486 | complete
Ep 1382 | 드론4 목적지57 |  765스텝 | 배송 57/57 | 재적재 10 | 중계율 0.17 | alpha 2.504 | complete
Ep 1383 | 드론5 목적지22 |  308스텝 | 배송 22/22 | 재적재  1 | 중계율 0.14 | alpha 2.494 | complete
Ep 1384 | 드론5 목적지66 |  853스텝 | 배송 66/66 | 재적재 12 | 중계율 0.13 | alpha 2.484 | complete
Ep 1385 | 드론3 목적지70 | 1000스텝 | 배송 57/70 | 재적재 10 | 중계율 0.17 | alpha 2.519 | step_limit
Ep 1386 | 드론6 목적지25 |  238스텝 | 배송 25/25 | 재적재  2 | 중계율 0.13 | alpha 2.526 | complete
Ep 1387 | 드론4 목적지74 | 1000스텝 | 배송 70/74 | 재적재 12 | 중계율 0.21 | alpha 2.531 | step_limit
Ep 1388 | 드론6 목적지21 |  338스텝 | 배송 21/21 | 재적재  1 | 중계율 0.15 | alpha 2.517 | complete
Ep 1389 | 드론5 목적지63 |  573스텝 | 배송 63/63 | 재적재  9 | 중계율 0.11 | alpha 2.557 | complete
Ep 1390 | 드론5 목적지26 |  537스텝 | 배송 26/26 | 재적재  2 | 중계율 0.20 | alpha 2.577 | complete
Ep 1391 | 드론3 목적지78 | 1000스텝 | 배송 74/78 | 재적재 13 | 중계율 0.14 | alpha 2.553 | step_limit
Ep 1392 | 드론4 목적지49 |  839스텝 | 배송 49/49 | 재적재  7 | 중계율 0.23 | alpha 2.524 | complete
Ep 1393 | 드론5 목적지68 | 1000스텝 | 배송 59/68 | 재적재 10 | 중계율 0.21 | alpha 2.565 | step_limit
Ep 1394 | 드론6 목적지22 |  293스텝 | 배송 22/22 | 재적재  1 | 중계율 0.15 | alpha 2.584 | complete
Ep 1395 | 드론4 목적지61 |  647스텝 | 배송 61/61 | 재적재 10 | 중계율 0.12 | alpha 2.582 | complete
Ep 1396 | 드론6 목적지43 |  405스텝 | 배송 43/43 | 재적재  6 | 중계율 0.17 | alpha 2.563 | complete
Ep 1397 | 드론5 목적지71 |  691스텝 | 배송 71/71 | 재적재 13 | 중계율 0.13 | alpha 2.567 | complete
Ep 1398 | 드론4 목적지47 |  916스텝 | 배송 47/47 | 재적재  7 | 중계율 0.19 | alpha 2.550 | complete
Ep 1399 | 드론6 목적지40 |  340스텝 | 배송 40/40 | 재적재  6 | 중계율 0.11 | alpha 2.561 | complete
Ep 1400 | 드론6 목적지23 |  242스텝 | 배송 23/23 | 재적재  0 | 중계율 0.14 | alpha 2.576 | complete
  [홀드아웃] 배송 49.9±0.6 완주 0.97 스텝 1053 점수 104.0 재적재 8.4 2홉+ 0.64 | 최고 106.7@ep1350 정체 1/15
Ep 1401 | 드론6 목적지27 |  338스텝 | 배송 27/27 | 재적재  3 | 중계율 0.17 | alpha 2.568 | complete
Ep 1402 | 드론6 목적지78 |  685스텝 | 배송 78/78 | 재적재 14 | 중계율 0.10 | alpha 2.549 | complete
Ep 1403 | 드론5 목적지51 |  568스텝 | 배송 51/51 | 재적재  8 | 중계율 0.13 | alpha 2.533 | complete
Ep 1404 | 드론3 목적지29 |  648스텝 | 배송 29/29 | 재적재  4 | 중계율 0.20 | alpha 2.517 | complete
Ep 1405 | 드론5 목적지28 |  764스텝 | 배송 28/28 | 재적재  3 | 중계율 0.28 | alpha 2.495 | complete
Ep 1406 | 드론3 목적지57 | 1000스텝 | 배송 52/57 | 재적재  9 | 중계율 0.21 | alpha 2.485 | step_limit
Ep 1407 | 드론5 목적지34 |  454스텝 | 배송 34/34 | 재적재  5 | 중계율 0.13 | alpha 2.500 | complete
Ep 1408 | 드론4 목적지68 |  832스텝 | 배송 68/68 | 재적재 13 | 중계율 0.14 | alpha 2.551 | complete
Ep 1409 | 드론6 목적지23 |  199스텝 | 배송 23/23 | 재적재  1 | 중계율 0.08 | alpha 2.555 | complete
Ep 1410 | 드론6 목적지62 |  607스텝 | 배송 62/62 | 재적재 10 | 중계율 0.18 | alpha 2.561 | complete
Ep 1411 | 드론4 목적지48 |  996스텝 | 배송 48/48 | 재적재  9 | 중계율 0.22 | alpha 2.518 | complete
Ep 1412 | 드론5 목적지20 |  169스텝 | 배송 20/20 | 재적재  0 | 중계율 0.08 | alpha 2.526 | complete
Ep 1413 | 드론4 목적지60 | 1000스텝 | 배송 48/60 | 재적재  8 | 중계율 0.19 | alpha 2.507 | step_limit
Ep 1414 | 드론6 목적지53 |  372스텝 | 배송 53/53 | 재적재  8 | 중계율 0.05 | alpha 2.490 | complete
Ep 1415 | 드론4 목적지56 | 1000스텝 | 배송 52/56 | 재적재  9 | 중계율 0.20 | alpha 2.512 | step_limit
Ep 1416 | 드론3 목적지40 |  974스텝 | 배송 40/40 | 재적재  7 | 중계율 0.21 | alpha 2.527 | complete
Ep 1417 | 드론5 목적지48 |  610스텝 | 배송 48/48 | 재적재  8 | 중계율 0.16 | alpha 2.527 | complete
Ep 1418 | 드론4 목적지54 |  750스텝 | 배송 54/54 | 재적재  9 | 중계율 0.17 | alpha 2.525 | complete
Ep 1419 | 드론3 목적지45 | 1000스텝 | 배송 42/45 | 재적재  7 | 중계율 0.21 | alpha 2.529 | step_limit
Ep 1420 | 드론3 목적지56 | 1000스텝 | 배송 55/56 | 재적재 10 | 중계율 0.16 | alpha 2.532 | step_limit
Ep 1421 | 드론3 목적지28 |  549스텝 | 배송 28/28 | 재적재  5 | 중계율 0.14 | alpha 2.514 | complete
Ep 1422 | 드론5 목적지56 |  704스텝 | 배송 56/56 | 재적재  9 | 중계율 0.17 | alpha 2.537 | complete
Ep 1423 | 드론3 목적지42 |  945스텝 | 배송 42/42 | 재적재  7 | 중계율 0.20 | alpha 2.513 | complete
Ep 1424 | 드론5 목적지22 |  459스텝 | 배송 22/22 | 재적재  2 | 중계율 0.14 | alpha 2.544 | complete
Ep 1425 | 드론3 목적지29 |  823스텝 | 배송 29/29 | 재적재  4 | 중계율 0.18 | alpha 2.525 | complete
Ep 1426 | 드론4 목적지41 |  783스텝 | 배송 41/41 | 재적재  5 | 중계율 0.20 | alpha 2.494 | complete
Ep 1427 | 드론3 목적지20 |  475스텝 | 배송 20/20 | 재적재  3 | 중계율 0.10 | alpha 2.487 | complete
Ep 1428 | 드론5 목적지77 |  955스텝 | 배송 77/77 | 재적재 13 | 중계율 0.19 | alpha 2.540 | complete
Ep 1429 | 드론4 목적지27 |  943스텝 | 배송 27/27 | 재적재  4 | 중계율 0.28 | alpha 2.579 | complete
Ep 1430 | 드론6 목적지79 |  698스텝 | 배송 79/79 | 재적재 14 | 중계율 0.10 | alpha 2.548 | complete
Ep 1431 | 드론4 목적지49 | 1000스텝 | 배송 47/49 | 재적재  9 | 중계율 0.23 | alpha 2.520 | step_limit
Ep 1432 | 드론6 목적지57 |  605스텝 | 배송 57/57 | 재적재  9 | 중계율 0.12 | alpha 2.502 | complete
Ep 1433 | 드론4 목적지68 | 1000스텝 | 배송 64/68 | 재적재 12 | 중계율 0.17 | alpha 2.525 | step_limit
Ep 1434 | 드론6 목적지45 |  428스텝 | 배송 45/45 | 재적재  6 | 중계율 0.09 | alpha 2.532 | complete
Ep 1435 | 드론4 목적지73 | 1000스텝 | 배송 68/73 | 재적재 12 | 중계율 0.19 | alpha 2.549 | step_limit
Ep 1436 | 드론6 목적지30 |  296스텝 | 배송 30/30 | 재적재  3 | 중계율 0.16 | alpha 2.551 | complete
Ep 1437 | 드론6 목적지64 |  669스텝 | 배송 64/64 | 재적재  9 | 중계율 0.10 | alpha 2.531 | complete
Ep 1438 | 드론4 목적지36 |  742스텝 | 배송 36/36 | 재적재  5 | 중계율 0.24 | alpha 2.512 | complete
Ep 1439 | 드론3 목적지50 | 1000스텝 | 배송 49/50 | 재적재  9 | 중계율 0.13 | alpha 2.487 | step_limit
Ep 1440 | 드론5 목적지33 |  696스텝 | 배송 33/33 | 재적재  5 | 중계율 0.22 | alpha 2.489 | complete
Ep 1441 | 드론6 목적지72 |  767스텝 | 배송 72/72 | 재적재 12 | 중계율 0.15 | alpha 2.467 | complete
Ep 1442 | 드론4 목적지54 |  868스텝 | 배송 54/54 | 재적재  9 | 중계율 0.15 | alpha 2.494 | complete
Ep 1443 | 드론6 목적지38 |  336스텝 | 배송 38/38 | 재적재  6 | 중계율 0.08 | alpha 2.509 | complete
Ep 1444 | 드론3 목적지56 | 1000스텝 | 배송 53/56 | 재적재  9 | 중계율 0.17 | alpha 2.478 | step_limit
Ep 1445 | 드론5 목적지70 |  715스텝 | 배송 70/70 | 재적재 12 | 중계율 0.10 | alpha 2.456 | complete
Ep 1446 | 드론5 목적지62 |  602스텝 | 배송 62/62 | 재적재  9 | 중계율 0.14 | alpha 2.442 | complete
Ep 1447 | 드론5 목적지41 |  560스텝 | 배송 41/41 | 재적재  7 | 중계율 0.17 | alpha 2.480 | complete
Ep 1448 | 드론5 목적지39 |  835스텝 | 배송 39/39 | 재적재  6 | 중계율 0.19 | alpha 2.483 | complete
Ep 1449 | 드론4 목적지27 |  636스텝 | 배송 27/27 | 재적재  3 | 중계율 0.24 | alpha 2.493 | complete
Ep 1450 | 드론3 목적지77 | 1000스텝 | 배송 64/77 | 재적재 11 | 중계율 0.21 | alpha 2.490 | step_limit
  [홀드아웃] 배송 50.0±0.2 완주 0.97 스텝 1119 점수 103.8 재적재 8.4 2홉+ 0.64 | 최고 106.7@ep1350 정체 2/15
Ep 1451 | 드론3 목적지40 |  846스텝 | 배송 40/40 | 재적재  7 | 중계율 0.19 | alpha 2.479 | complete
Ep 1452 | 드론5 목적지30 |  570스텝 | 배송 30/30 | 재적재  3 | 중계율 0.23 | alpha 2.494 | complete
Ep 1453 | 드론6 목적지49 |  610스텝 | 배송 49/49 | 재적재  7 | 중계율 0.15 | alpha 2.529 | complete
Ep 1454 | 드론6 목적지33 |  463스텝 | 배송 33/33 | 재적재  5 | 중계율 0.12 | alpha 2.536 | complete
Ep 1455 | 드론5 목적지25 |  342스텝 | 배송 25/25 | 재적재  3 | 중계율 0.12 | alpha 2.517 | complete
Ep 1456 | 드론6 목적지50 |  586스텝 | 배송 50/50 | 재적재  6 | 중계율 0.19 | alpha 2.490 | complete
Ep 1457 | 드론5 목적지29 |  319스텝 | 배송 29/29 | 재적재  5 | 중계율 0.11 | alpha 2.493 | complete
Ep 1458 | 드론6 목적지38 |  281스텝 | 배송 38/38 | 재적재  4 | 중계율 0.08 | alpha 2.511 | complete
Ep 1459 | 드론6 목적지32 |  301스텝 | 배송 32/32 | 재적재  4 | 중계율 0.11 | alpha 2.513 | complete
Ep 1460 | 드론5 목적지80 | 1000스텝 | 배송 79/80 | 재적재 13 | 중계율 0.15 | alpha 2.528 | step_limit
Ep 1461 | 드론6 목적지27 |  303스텝 | 배송 27/27 | 재적재  3 | 중계율 0.08 | alpha 2.530 | complete
Ep 1462 | 드론6 목적지36 |  485스텝 | 배송 36/36 | 재적재  5 | 중계율 0.17 | alpha 2.532 | complete
Ep 1463 | 드론5 목적지60 |  773스텝 | 배송 60/60 | 재적재 10 | 중계율 0.15 | alpha 2.542 | complete
Ep 1464 | 드론6 목적지58 |  440스텝 | 배송 58/58 | 재적재  8 | 중계율 0.11 | alpha 2.558 | complete
Ep 1465 | 드론6 목적지37 |  507스텝 | 배송 37/37 | 재적재  5 | 중계율 0.13 | alpha 2.581 | complete
Ep 1466 | 드론5 목적지47 |  523스텝 | 배송 47/47 | 재적재  7 | 중계율 0.10 | alpha 2.593 | complete
Ep 1467 | 드론5 목적지71 |  810스텝 | 배송 71/71 | 재적재 13 | 중계율 0.09 | alpha 2.607 | complete
Ep 1468 | 드론3 목적지45 | 1000스텝 | 배송 45/45 | 재적재  8 | 중계율 0.24 | alpha 2.565 | complete
Ep 1469 | 드론4 목적지41 |  468스텝 | 배송 41/41 | 재적재  7 | 중계율 0.10 | alpha 2.550 | complete
Ep 1470 | 드론3 목적지56 | 1000스텝 | 배송 48/56 | 재적재  7 | 중계율 0.21 | alpha 2.527 | step_limit
Ep 1471 | 드론3 목적지22 |  423스텝 | 배송 22/22 | 재적재  4 | 중계율 0.15 | alpha 2.514 | complete
Ep 1472 | 드론6 목적지80 |  673스텝 | 배송 80/80 | 재적재 12 | 중계율 0.12 | alpha 2.538 | complete
Ep 1473 | 드론4 목적지28 |  573스텝 | 배송 28/28 | 재적재  4 | 중계율 0.21 | alpha 2.531 | complete
Ep 1474 | 드론3 목적지61 | 1000스텝 | 배송 48/61 | 재적재  8 | 중계율 0.16 | alpha 2.524 | step_limit
Ep 1475 | 드론3 목적지45 | 1000스텝 | 배송 42/45 | 재적재  8 | 중계율 0.16 | alpha 2.543 | step_limit
Ep 1476 | 드론3 목적지31 |  891스텝 | 배송 31/31 | 재적재  4 | 중계율 0.22 | alpha 2.561 | complete
Ep 1477 | 드론5 목적지26 |  526스텝 | 배송 26/26 | 재적재  3 | 중계율 0.18 | alpha 2.547 | complete
Ep 1478 | 드론6 목적지23 |  205스텝 | 배송 23/23 | 재적재  0 | 중계율 0.13 | alpha 2.559 | complete
Ep 1479 | 드론5 목적지70 | 1000스텝 | 배송 69/70 | 재적재 12 | 중계율 0.23 | alpha 2.570 | step_limit
Ep 1480 | 드론5 목적지41 |  524스텝 | 배송 41/41 | 재적재  7 | 중계율 0.14 | alpha 2.597 | complete
Ep 1481 | 드론5 목적지28 |  352스텝 | 배송 28/28 | 재적재  4 | 중계율 0.12 | alpha 2.600 | complete
Ep 1482 | 드론6 목적지47 |  380스텝 | 배송 47/47 | 재적재  7 | 중계율 0.08 | alpha 2.600 | complete
Ep 1483 | 드론5 목적지26 |  416스텝 | 배송 26/26 | 재적재  4 | 중계율 0.21 | alpha 2.584 | complete
Ep 1484 | 드론6 목적지39 |  388스텝 | 배송 39/39 | 재적재  5 | 중계율 0.12 | alpha 2.612 | complete
Ep 1485 | 드론5 목적지75 |  671스텝 | 배송 75/75 | 재적재 13 | 중계율 0.09 | alpha 2.612 | complete
Ep 1486 | 드론6 목적지80 |  673스텝 | 배송 80/80 | 재적재 14 | 중계율 0.09 | alpha 2.618 | complete
Ep 1487 | 드론5 목적지54 |  711스텝 | 배송 54/54 | 재적재  7 | 중계율 0.17 | alpha 2.599 | complete
Ep 1488 | 드론6 목적지72 |  719스텝 | 배송 72/72 | 재적재 13 | 중계율 0.17 | alpha 2.592 | complete
Ep 1489 | 드론4 목적지64 | 1000스텝 | 배송 60/64 | 재적재 11 | 중계율 0.22 | alpha 2.552 | step_limit
Ep 1490 | 드론4 목적지49 |  588스텝 | 배송 49/49 | 재적재  9 | 중계율 0.09 | alpha 2.580 | complete
Ep 1491 | 드론3 목적지68 | 1000스텝 | 배송 51/68 | 재적재 10 | 중계율 0.19 | alpha 2.602 | step_limit
Ep 1492 | 드론6 목적지75 |  552스텝 | 배송 75/75 | 재적재 13 | 중계율 0.09 | alpha 2.609 | complete
Ep 1493 | 드론3 목적지28 |  761스텝 | 배송 28/28 | 재적재  5 | 중계율 0.19 | alpha 2.614 | complete
Ep 1494 | 드론6 목적지60 |  454스텝 | 배송 60/60 | 재적재 10 | 중계율 0.11 | alpha 2.596 | complete
Ep 1495 | 드론5 목적지56 |  595스텝 | 배송 56/56 | 재적재  9 | 중계율 0.09 | alpha 2.603 | complete
Ep 1496 | 드론5 목적지62 |  600스텝 | 배송 62/62 | 재적재 10 | 중계율 0.15 | alpha 2.602 | complete
Ep 1497 | 드론3 목적지76 | 1000스텝 | 배송 57/76 | 재적재 11 | 중계율 0.22 | alpha 2.608 | step_limit
Ep 1498 | 드론3 목적지55 | 1000스텝 | 배송 49/55 | 재적재  9 | 중계율 0.16 | alpha 2.606 | step_limit
Ep 1499 | 드론4 목적지28 |  379스텝 | 배송 28/28 | 재적재  3 | 중계율 0.13 | alpha 2.595 | complete
Ep 1500 | 드론5 목적지24 |  360스텝 | 배송 24/24 | 재적재  3 | 중계율 0.15 | alpha 2.564 | complete
  [홀드아웃] 배송 50.0±0.0 완주 1.00 스텝 1094 점수 106.4 재적재 8.3 2홉+ 0.64 | 최고 106.7@ep1350 정체 3/15
Training finished. best=106.7 @ ep1350
