/home/kopt/enter/envs/wsl_neuroMCTS/lib/python3.10/site-packages/pygame/pkgdata.py:25: UserWarning: pkg_resources is deprecated as an API. See https://setuptools.pypa.io/en/latest/pkg_resources.html. The pkg_resources package is slated for removal as early as 2025-11-30. Refrain from using this package or pin to Setuptools<81.
  from pkg_resources import resource_stream, resource_exists
pygame 2.6.1 (SDL 2.28.4, Python 3.10.19)
Hello from the pygame community. https://www.pygame.org/contribute.html
집합 상위 학습 | 반경 300 상한 1000 무배송 500 gamma 0.997 구성=무작위 드론[3, 6] 목적지[20, 80] CC무작위 인스턴스=무작위 목표유지=off 완주보상=0.0 잔여페널티=0.1 규칙관측=False 규칙정규화=2.0 막힘페널티=0.0 도달권shaping=0.0 정체전환보상=0.0 엔트로피비=0.6->0.15 자기회귀=True 홀드아웃상한=3000 선택=makespan
/home/kopt/drone/proposed_src/pipeline/train_v5_26_09_15_23.py:342: UserWarning: Converting a tensor with requires_grad=True to a scalar may lead to unexpected behavior.
Consider using tensor.detach() first. (Triggered internally at /pytorch/torch/csrc/autograd/generated/python_variable_methods.cpp:836.)
  writer.add_scalar("train/alpha", float(log_alpha.exp()), ep)
Ep 1 | 드론5 목적지43 | 1000스텝 | 배송 41/43 | 재적재  6 | 중계율 0.09 | alpha 0.100 | step_limit
Ep 2 | 드론4 목적지74 | 1000스텝 | 배송 67/74 | 재적재 12 | 중계율 0.09 | alpha 0.100 | step_limit
Ep 3 | 드론5 목적지43 | 1000스텝 | 배송 41/43 | 재적재  7 | 중계율 0.07 | alpha 0.100 | step_limit
Ep 4 | 드론4 목적지23 | 1000스텝 | 배송 19/23 | 재적재  2 | 중계율 0.12 | alpha 0.100 | step_limit
Ep 5 | 드론4 목적지31 |  932스텝 | 배송 31/31 | 재적재  4 | 중계율 0.24 | alpha 0.101 | complete
Ep 6 | 드론3 목적지68 | 1000스텝 | 배송 65/68 | 재적재 10 | 중계율 0.23 | alpha 0.111 | step_limit
Ep 7 | 드론6 목적지44 |  353스텝 | 배송 44/44 | 재적재  6 | 중계율 0.20 | alpha 0.115 | complete
Ep 8 | 드론6 목적지30 |  207스텝 | 배송 30/30 | 재적재  3 | 중계율 0.16 | alpha 0.117 | complete
Ep 9 | 드론6 목적지42 |  394스텝 | 배송 42/42 | 재적재  6 | 중계율 0.22 | alpha 0.121 | complete
Ep 10 | 드론6 목적지47 |  628스텝 | 배송 47/47 | 재적재  9 | 중계율 0.22 | alpha 0.128 | complete
Ep 11 | 드론5 목적지21 |  340스텝 | 배송 21/21 | 재적재  1 | 중계율 0.15 | alpha 0.132 | complete
Ep 12 | 드론3 목적지37 |  640스텝 | 배송 37/37 | 재적재  7 | 중계율 0.16 | alpha 0.139 | complete
Ep 13 | 드론6 목적지28 |  289스텝 | 배송 28/28 | 재적재  4 | 중계율 0.22 | alpha 0.142 | complete
Ep 14 | 드론3 목적지41 | 1000스텝 | 배송 39/41 | 재적재  6 | 중계율 0.36 | alpha 0.154 | step_limit
Ep 15 | 드론3 목적지66 |  978스텝 | 배송 39/66 | 재적재  6 | 중계율 0.20 | alpha 0.167 | no_progress
Ep 16 | 드론4 목적지71 |  892스텝 | 배송 71/71 | 재적재 13 | 중계율 0.29 | alpha 0.179 | complete
Ep 17 | 드론4 목적지24 |  971스텝 | 배송 21/24 | 재적재  2 | 중계율 0.43 | alpha 0.192 | no_progress
Ep 18 | 드론5 목적지49 |  521스텝 | 배송 49/49 | 재적재  8 | 중계율 0.22 | alpha 0.200 | complete
Ep 19 | 드론6 목적지34 |  390스텝 | 배송 34/34 | 재적재  6 | 중계율 0.23 | alpha 0.206 | complete
Ep 20 | 드론3 목적지48 |  936스텝 | 배송 48/48 | 재적재  9 | 중계율 0.29 | alpha 0.220 | complete
Ep 21 | 드론4 목적지63 | 1000스텝 | 배송 60/63 | 재적재 10 | 중계율 0.32 | alpha 0.237 | step_limit
Ep 22 | 드론6 목적지46 |  481스텝 | 배송 46/46 | 재적재  6 | 중계율 0.25 | alpha 0.245 | complete
Ep 23 | 드론3 목적지44 | 1000스텝 | 배송 40/44 | 재적재  5 | 중계율 0.36 | alpha 0.263 | step_limit
Ep 24 | 드론5 목적지41 |  466스텝 | 배송 41/41 | 재적재  7 | 중계율 0.22 | alpha 0.272 | complete
Ep 25 | 드론5 목적지38 |  499스텝 | 배송 38/38 | 재적재  5 | 중계율 0.22 | alpha 0.282 | complete
Ep 26 | 드론5 목적지77 | 1000스텝 | 배송 71/77 | 재적재 12 | 중계율 0.24 | alpha 0.303 | step_limit
Ep 27 | 드론3 목적지41 | 1000스텝 | 배송 40/41 | 재적재  6 | 중계율 0.34 | alpha 0.325 | step_limit
Ep 28 | 드론5 목적지52 |  734스텝 | 배송 52/52 | 재적재  8 | 중계율 0.31 | alpha 0.342 | complete
Ep 29 | 드론5 목적지72 | 1000스텝 | 배송 69/72 | 재적재 11 | 중계율 0.35 | alpha 0.368 | step_limit
Ep 30 | 드론5 목적지61 |  819스텝 | 배송 61/61 | 재적재 10 | 중계율 0.35 | alpha 0.390 | complete
Ep 31 | 드론5 목적지45 |  566스텝 | 배송 45/45 | 재적재  6 | 중계율 0.23 | alpha 0.406 | complete
Ep 32 | 드론3 목적지68 | 1000스텝 | 배송 60/68 | 재적재 10 | 중계율 0.30 | alpha 0.436 | step_limit
Ep 33 | 드론3 목적지35 |  755스텝 | 배송 35/35 | 재적재  6 | 중계율 0.28 | alpha 0.460 | complete
Ep 34 | 드론3 목적지24 |  327스텝 | 배송 24/24 | 재적재  3 | 중계율 0.10 | alpha 0.471 | complete
Ep 35 | 드론3 목적지58 |  883스텝 | 배송 32/58 | 재적재  5 | 중계율 0.24 | alpha 0.501 | no_progress
Ep 36 | 드론4 목적지64 | 1000스텝 | 배송 62/64 | 재적재 11 | 중계율 0.30 | alpha 0.537 | step_limit
Ep 37 | 드론6 목적지58 |  797스텝 | 배송 58/58 | 재적재 10 | 중계율 0.31 | alpha 0.567 | complete
Ep 38 | 드론3 목적지77 | 1000스텝 | 배송 57/77 | 재적재 10 | 중계율 0.28 | alpha 0.608 | step_limit
Ep 39 | 드론3 목적지28 |  715스텝 | 배송 28/28 | 재적재  4 | 중계율 0.31 | alpha 0.638 | complete
Ep 40 | 드론3 목적지37 |  749스텝 | 배송 37/37 | 재적재  5 | 중계율 0.18 | alpha 0.670 | complete
Ep 41 | 드론5 목적지59 |  649스텝 | 배송 59/59 | 재적재  9 | 중계율 0.14 | alpha 0.699 | complete
Ep 42 | 드론6 목적지58 |  560스텝 | 배송 58/58 | 재적재  8 | 중계율 0.24 | alpha 0.724 | complete
Ep 43 | 드론6 목적지20 |  208스텝 | 배송 20/20 | 재적재  1 | 중계율 0.16 | alpha 0.734 | complete
Ep 44 | 드론6 목적지30 |  358스텝 | 배송 30/30 | 재적재  3 | 중계율 0.17 | alpha 0.751 | complete
Ep 45 | 드론6 목적지39 |  462스텝 | 배송 39/39 | 재적재  5 | 중계율 0.23 | alpha 0.774 | complete
Ep 46 | 드론6 목적지32 |  315스텝 | 배송 32/32 | 재적재  4 | 중계율 0.18 | alpha 0.790 | complete
Ep 47 | 드론5 목적지35 |  480스텝 | 배송 35/35 | 재적재  5 | 중계율 0.19 | alpha 0.814 | complete
Ep 48 | 드론5 목적지39 |  534스텝 | 배송 39/39 | 재적재  5 | 중계율 0.25 | alpha 0.843 | complete
Ep 49 | 드론5 목적지47 |  441스텝 | 배송 47/47 | 재적재  7 | 중계율 0.17 | alpha 0.867 | complete
Ep 50 | 드론4 목적지72 | 1000스텝 | 배송 70/72 | 재적재 12 | 중계율 0.24 | alpha 0.924 | step_limit
  [홀드아웃] 배송 50.0±0.2 완주 0.96 스텝 1117 점수 102.5 재적재 8.5 2홉+ 0.64 | 최고 102.5@ep50 정체 0/15  ← 갱신
Ep 51 | 드론4 목적지71 | 1000스텝 | 배송 68/71 | 재적재 10 | 중계율 0.17 | alpha 0.985 | step_limit
Ep 52 | 드론4 목적지45 |  735스텝 | 배송 45/45 | 재적재  8 | 중계율 0.18 | alpha 1.034 | complete
Ep 53 | 드론6 목적지64 |  483스텝 | 배송 64/64 | 재적재 10 | 중계율 0.12 | alpha 1.067 | complete
Ep 54 | 드론5 목적지24 |  561스텝 | 배송 24/24 | 재적재  4 | 중계율 0.35 | alpha 1.106 | complete
Ep 55 | 드론6 목적지60 |  622스텝 | 배송 60/60 | 재적재  8 | 중계율 0.21 | alpha 1.150 | complete
Ep 56 | 드론6 목적지20 |  182스텝 | 배송 20/20 | 재적재  1 | 중계율 0.18 | alpha 1.164 | complete
Ep 57 | 드론5 목적지61 |  725스텝 | 배송 61/61 | 재적재  9 | 중계율 0.22 | alpha 1.217 | complete
Ep 58 | 드론5 목적지77 |  595스텝 | 배송 77/77 | 재적재 12 | 중계율 0.17 | alpha 1.260 | complete
Ep 59 | 드론5 목적지40 |  769스텝 | 배송 40/40 | 재적재  6 | 중계율 0.29 | alpha 1.317 | complete
Ep 60 | 드론3 목적지76 | 1000스텝 | 배송 66/76 | 재적재 12 | 중계율 0.23 | alpha 1.392 | step_limit
Ep 61 | 드론5 목적지66 |  650스텝 | 배송 66/66 | 재적재 10 | 중계율 0.18 | alpha 1.440 | complete
Ep 62 | 드론5 목적지43 |  568스텝 | 배송 43/43 | 재적재  6 | 중계율 0.19 | alpha 1.481 | complete
Ep 63 | 드론5 목적지57 |  480스텝 | 배송 57/57 | 재적재 10 | 중계율 0.16 | alpha 1.517 | complete
Ep 64 | 드론3 목적지52 | 1000스텝 | 배송 42/52 | 재적재  7 | 중계율 0.20 | alpha 1.593 | step_limit
Ep 65 | 드론5 목적지42 |  539스텝 | 배송 42/42 | 재적재  7 | 중계율 0.14 | alpha 1.635 | complete
Ep 66 | 드론4 목적지41 |  681스텝 | 배송 41/41 | 재적재  6 | 중계율 0.17 | alpha 1.688 | complete
Ep 67 | 드론5 목적지23 |  237스텝 | 배송 23/23 | 재적재  2 | 중계율 0.09 | alpha 1.706 | complete
Ep 68 | 드론5 목적지77 |  754스텝 | 배송 77/77 | 재적재 14 | 중계율 0.15 | alpha 1.761 | complete
Ep 69 | 드론4 목적지48 |  509스텝 | 배송 48/48 | 재적재  7 | 중계율 0.09 | alpha 1.796 | complete
Ep 70 | 드론3 목적지69 | 1000스텝 | 배송 50/69 | 재적재  8 | 중계율 0.17 | alpha 1.859 | step_limit
Ep 71 | 드론5 목적지34 |  430스텝 | 배송 34/34 | 재적재  4 | 중계율 0.11 | alpha 1.882 | complete
Ep 72 | 드론5 목적지61 | 1000스텝 | 배송 56/61 | 재적재  9 | 중계율 0.30 | alpha 1.924 | step_limit
Ep 73 | 드론6 목적지50 |  952스텝 | 배송 50/50 | 재적재  9 | 중계율 0.27 | alpha 1.960 | complete
Ep 74 | 드론4 목적지70 | 1000스텝 | 배송 61/70 | 재적재 10 | 중계율 0.17 | alpha 1.998 | step_limit
Ep 75 | 드론6 목적지21 |  213스텝 | 배송 21/21 | 재적재  1 | 중계율 0.14 | alpha 2.005 | complete
Ep 76 | 드론3 목적지49 | 1000스텝 | 배송 45/49 | 재적재  8 | 중계율 0.26 | alpha 2.032 | step_limit
Ep 77 | 드론4 목적지67 | 1000스텝 | 배송 59/67 | 재적재 10 | 중계율 0.26 | alpha 2.066 | step_limit
Ep 78 | 드론3 목적지34 |  914스텝 | 배송 34/34 | 재적재  6 | 중계율 0.23 | alpha 2.094 | complete
Ep 79 | 드론5 목적지31 |  440스텝 | 배송 31/31 | 재적재  5 | 중계율 0.20 | alpha 2.108 | complete
Ep 80 | 드론3 목적지44 | 1000스텝 | 배송 43/44 | 재적재  8 | 중계율 0.24 | alpha 2.144 | step_limit
Ep 81 | 드론6 목적지71 |  763스텝 | 배송 71/71 | 재적재 11 | 중계율 0.26 | alpha 2.169 | complete
Ep 82 | 드론4 목적지59 |  737스텝 | 배송 59/59 | 재적재 10 | 중계율 0.17 | alpha 2.174 | complete
Ep 83 | 드론6 목적지21 |  171스텝 | 배송 21/21 | 재적재  0 | 중계율 0.10 | alpha 2.173 | complete
Ep 84 | 드론4 목적지41 |  833스텝 | 배송 41/41 | 재적재  7 | 중계율 0.26 | alpha 2.164 | complete
Ep 85 | 드론5 목적지38 |  674스텝 | 배송 38/38 | 재적재  6 | 중계율 0.24 | alpha 2.148 | complete
Ep 86 | 드론5 목적지64 |  827스텝 | 배송 64/64 | 재적재 10 | 중계율 0.15 | alpha 2.128 | complete
Ep 87 | 드론5 목적지24 |  496스텝 | 배송 24/24 | 재적재  3 | 중계율 0.24 | alpha 2.118 | complete
Ep 88 | 드론5 목적지66 |  734스텝 | 배송 66/66 | 재적재 11 | 중계율 0.15 | alpha 2.101 | complete
Ep 89 | 드론6 목적지20 |  340스텝 | 배송 20/20 | 재적재  1 | 중계율 0.26 | alpha 2.087 | complete
Ep 90 | 드론6 목적지37 |  290스텝 | 배송 37/37 | 재적재  6 | 중계율 0.10 | alpha 2.085 | complete
Ep 91 | 드론4 목적지60 | 1000스텝 | 배송 59/60 | 재적재  9 | 중계율 0.25 | alpha 2.089 | step_limit
Ep 92 | 드론3 목적지37 |  926스텝 | 배송 37/37 | 재적재  5 | 중계율 0.28 | alpha 2.068 | complete
Ep 93 | 드론4 목적지27 |  506스텝 | 배송 27/27 | 재적재  4 | 중계율 0.21 | alpha 2.073 | complete
Ep 94 | 드론4 목적지76 | 1000스텝 | 배송 71/76 | 재적재 12 | 중계율 0.23 | alpha 2.072 | step_limit
Ep 95 | 드론5 목적지30 |  401스텝 | 배송 30/30 | 재적재  4 | 중계율 0.15 | alpha 2.064 | complete
Ep 96 | 드론6 목적지34 |  460스텝 | 배송 34/34 | 재적재  5 | 중계율 0.21 | alpha 2.056 | complete
Ep 97 | 드론5 목적지35 |  622스텝 | 배송 35/35 | 재적재  4 | 중계율 0.24 | alpha 2.066 | complete
Ep 98 | 드론5 목적지39 |  453스텝 | 배송 39/39 | 재적재  5 | 중계율 0.13 | alpha 2.094 | complete
Ep 99 | 드론5 목적지69 | 1000스텝 | 배송 57/69 | 재적재 10 | 중계율 0.29 | alpha 2.163 | step_limit
Ep 100 | 드론6 목적지80 |  709스텝 | 배송 80/80 | 재적재 13 | 중계율 0.13 | alpha 2.216 | complete
  [홀드아웃] 배송 50.0±0.4 완주 0.99 스텝 1249 점수 104.6 재적재 8.4 2홉+ 0.65 | 최고 104.6@ep100 정체 0/15  ← 갱신
Ep 101 | 드론3 목적지62 | 1000스텝 | 배송 50/62 | 재적재  9 | 중계율 0.22 | alpha 2.222 | step_limit
Ep 102 | 드론4 목적지30 |  514스텝 | 배송 30/30 | 재적재  3 | 중계율 0.16 | alpha 2.242 | complete
Ep 103 | 드론5 목적지75 |  797스텝 | 배송 75/75 | 재적재 12 | 중계율 0.17 | alpha 2.251 | complete
Ep 104 | 드론4 목적지39 |  516스텝 | 배송 39/39 | 재적재  6 | 중계율 0.14 | alpha 2.257 | complete
Ep 105 | 드론5 목적지24 |  374스텝 | 배송 24/24 | 재적재  2 | 중계율 0.16 | alpha 2.242 | complete
Ep 106 | 드론5 목적지73 | 1000스텝 | 배송 71/73 | 재적재 12 | 중계율 0.20 | alpha 2.245 | step_limit
Ep 107 | 드론5 목적지25 |  239스텝 | 배송 25/25 | 재적재  1 | 중계율 0.13 | alpha 2.241 | complete
Ep 108 | 드론3 목적지69 | 1000스텝 | 배송 55/69 | 재적재 10 | 중계율 0.24 | alpha 2.220 | step_limit
Ep 109 | 드론4 목적지25 |  356스텝 | 배송 25/25 | 재적재  4 | 중계율 0.13 | alpha 2.205 | complete
Ep 110 | 드론3 목적지26 | 1000스텝 | 배송 25/26 | 재적재  5 | 중계율 0.32 | alpha 2.166 | step_limit
Ep 111 | 드론3 목적지21 |  795스텝 | 배송 21/21 | 재적재  3 | 중계율 0.24 | alpha 2.146 | complete
Ep 112 | 드론6 목적지31 |  308스텝 | 배송 31/31 | 재적재  3 | 중계율 0.13 | alpha 2.155 | complete
Ep 113 | 드론4 목적지57 | 1000스텝 | 배송 48/57 | 재적재  8 | 중계율 0.25 | alpha 2.174 | step_limit
Ep 114 | 드론6 목적지64 |  748스텝 | 배송 64/64 | 재적재 12 | 중계율 0.23 | alpha 2.164 | complete
Ep 115 | 드론5 목적지57 |  773스텝 | 배송 57/57 | 재적재  9 | 중계율 0.18 | alpha 2.151 | complete
Ep 116 | 드론3 목적지78 | 1000스텝 | 배송 50/78 | 재적재  9 | 중계율 0.17 | alpha 2.096 | step_limit
Ep 117 | 드론6 목적지76 |  777스텝 | 배송 76/76 | 재적재 12 | 중계율 0.23 | alpha 2.063 | complete
Ep 118 | 드론3 목적지59 | 1000스텝 | 배송 51/59 | 재적재  9 | 중계율 0.21 | alpha 2.041 | step_limit
Ep 119 | 드론4 목적지73 | 1000스텝 | 배송 66/73 | 재적재 13 | 중계율 0.22 | alpha 2.031 | step_limit
Ep 120 | 드론4 목적지68 | 1000스텝 | 배송 61/68 | 재적재  9 | 중계율 0.21 | alpha 2.022 | step_limit
Ep 121 | 드론6 목적지59 |  555스텝 | 배송 59/59 | 재적재 10 | 중계율 0.17 | alpha 2.047 | complete
Ep 122 | 드론6 목적지55 |  390스텝 | 배송 55/55 | 재적재  6 | 중계율 0.12 | alpha 2.038 | complete
Ep 123 | 드론4 목적지22 |  419스텝 | 배송 22/22 | 재적재  4 | 중계율 0.14 | alpha 2.036 | complete
Ep 124 | 드론3 목적지57 | 1000스텝 | 배송 55/57 | 재적재 10 | 중계율 0.18 | alpha 1.979 | step_limit
Ep 125 | 드론3 목적지29 |  809스텝 | 배송 29/29 | 재적재  4 | 중계율 0.21 | alpha 1.943 | complete
Ep 126 | 드론6 목적지80 |  693스텝 | 배송 80/80 | 재적재 13 | 중계율 0.16 | alpha 1.937 | complete
Ep 127 | 드론6 목적지23 |  220스텝 | 배송 23/23 | 재적재  0 | 중계율 0.16 | alpha 1.922 | complete
Ep 128 | 드론4 목적지75 | 1000스텝 | 배송 66/75 | 재적재 12 | 중계율 0.24 | alpha 1.876 | step_limit
Ep 129 | 드론5 목적지31 |  556스텝 | 배송 31/31 | 재적재  4 | 중계율 0.27 | alpha 1.891 | complete
Ep 130 | 드론5 목적지26 |  256스텝 | 배송 26/26 | 재적재  4 | 중계율 0.09 | alpha 1.896 | complete
Ep 131 | 드론6 목적지57 |  527스텝 | 배송 57/57 | 재적재  9 | 중계율 0.13 | alpha 1.880 | complete
Ep 132 | 드론4 목적지51 | 1000스텝 | 배송 46/51 | 재적재  6 | 중계율 0.28 | alpha 1.829 | step_limit
Ep 133 | 드론6 목적지36 |  476스텝 | 배송 36/36 | 재적재  5 | 중계율 0.17 | alpha 1.840 | complete
Ep 134 | 드론5 목적지49 |  728스텝 | 배송 49/49 | 재적재  8 | 중계율 0.21 | alpha 1.842 | complete
Ep 135 | 드론4 목적지56 | 1000스텝 | 배송 55/56 | 재적재  9 | 중계율 0.30 | alpha 1.856 | step_limit
Ep 136 | 드론3 목적지38 |  818스텝 | 배송 38/38 | 재적재  6 | 중계율 0.24 | alpha 1.907 | complete
Ep 137 | 드론6 목적지37 |  322스텝 | 배송 37/37 | 재적재  6 | 중계율 0.11 | alpha 1.905 | complete
Ep 138 | 드론5 목적지68 |  784스텝 | 배송 68/68 | 재적재 11 | 중계율 0.27 | alpha 1.894 | complete
Ep 139 | 드론3 목적지63 | 1000스텝 | 배송 55/63 | 재적재  9 | 중계율 0.22 | alpha 1.920 | step_limit
Ep 140 | 드론6 목적지64 |  533스텝 | 배송 64/64 | 재적재 11 | 중계율 0.14 | alpha 1.914 | complete
Ep 141 | 드론4 목적지48 |  795스텝 | 배송 48/48 | 재적재  8 | 중계율 0.19 | alpha 1.888 | complete
Ep 142 | 드론5 목적지69 |  672스텝 | 배송 69/69 | 재적재 11 | 중계율 0.18 | alpha 1.866 | complete
Ep 143 | 드론3 목적지58 | 1000스텝 | 배송 54/58 | 재적재  9 | 중계율 0.22 | alpha 1.845 | step_limit
Ep 144 | 드론6 목적지55 |  697스텝 | 배송 55/55 | 재적재  9 | 중계율 0.20 | alpha 1.824 | complete
Ep 145 | 드론3 목적지39 | 1000스텝 | 배송 38/39 | 재적재  6 | 중계율 0.20 | alpha 1.795 | step_limit
Ep 146 | 드론3 목적지60 |  793스텝 | 배송 60/60 | 재적재 10 | 중계율 0.10 | alpha 1.792 | complete
Ep 147 | 드론4 목적지44 |  662스텝 | 배송 44/44 | 재적재  7 | 중계율 0.20 | alpha 1.798 | complete
Ep 148 | 드론6 목적지50 |  518스텝 | 배송 50/50 | 재적재  8 | 중계율 0.21 | alpha 1.788 | complete
Ep 149 | 드론3 목적지36 |  720스텝 | 배송 36/36 | 재적재  6 | 중계율 0.15 | alpha 1.772 | complete
Ep 150 | 드론5 목적지78 | 1000스텝 | 배송 75/78 | 재적재 13 | 중계율 0.21 | alpha 1.746 | step_limit
  [홀드아웃] 배송 49.9±1.0 완주 0.99 스텝 1117 점수 105.0 재적재 8.4 2홉+ 0.65 | 최고 105.0@ep150 정체 0/15  ← 갱신
Ep 151 | 드론4 목적지64 |  984스텝 | 배송 64/64 | 재적재 12 | 중계율 0.14 | alpha 1.743 | complete
Ep 152 | 드론6 목적지21 |  156스텝 | 배송 21/21 | 재적재  0 | 중계율 0.07 | alpha 1.746 | complete
Ep 153 | 드론5 목적지76 |  809스텝 | 배송 76/76 | 재적재 13 | 중계율 0.18 | alpha 1.771 | complete
Ep 154 | 드론3 목적지40 | 1000스텝 | 배송 39/40 | 재적재  7 | 중계율 0.23 | alpha 1.760 | step_limit
Ep 155 | 드론4 목적지64 |  931스텝 | 배송 64/64 | 재적재 12 | 중계율 0.17 | alpha 1.756 | complete
Ep 156 | 드론5 목적지50 |  712스텝 | 배송 50/50 | 재적재  8 | 중계율 0.20 | alpha 1.741 | complete
Ep 157 | 드론3 목적지56 | 1000스텝 | 배송 47/56 | 재적재  8 | 중계율 0.19 | alpha 1.791 | step_limit
Ep 158 | 드론6 목적지67 |  770스텝 | 배송 67/67 | 재적재 11 | 중계율 0.22 | alpha 1.828 | complete
Ep 159 | 드론5 목적지78 |  660스텝 | 배송 78/78 | 재적재 13 | 중계율 0.09 | alpha 1.836 | complete
Ep 160 | 드론5 목적지23 |  667스텝 | 배송 23/23 | 재적재  3 | 중계율 0.19 | alpha 1.848 | complete
Ep 161 | 드론6 목적지73 | 1000스텝 | 배송 71/73 | 재적재 11 | 중계율 0.25 | alpha 1.853 | step_limit
Ep 162 | 드론4 목적지49 |  939스텝 | 배송 49/49 | 재적재  9 | 중계율 0.18 | alpha 1.827 | complete
Ep 163 | 드론5 목적지36 |  476스텝 | 배송 36/36 | 재적재  6 | 중계율 0.14 | alpha 1.832 | complete
Ep 164 | 드론5 목적지54 |  564스텝 | 배송 54/54 | 재적재  8 | 중계율 0.13 | alpha 1.837 | complete
Ep 165 | 드론6 목적지47 |  482스텝 | 배송 47/47 | 재적재  7 | 중계율 0.15 | alpha 1.844 | complete
Ep 166 | 드론5 목적지63 |  881스텝 | 배송 63/63 | 재적재 11 | 중계율 0.22 | alpha 1.867 | complete
Ep 167 | 드론5 목적지38 |  420스텝 | 배송 38/38 | 재적재  4 | 중계율 0.15 | alpha 1.883 | complete
Ep 168 | 드론5 목적지44 |  863스텝 | 배송 44/44 | 재적재  7 | 중계율 0.27 | alpha 1.881 | complete
Ep 169 | 드론5 목적지45 |  649스텝 | 배송 45/45 | 재적재  7 | 중계율 0.19 | alpha 1.886 | complete
Ep 170 | 드론4 목적지78 | 1000스텝 | 배송 77/78 | 재적재 13 | 중계율 0.20 | alpha 1.852 | step_limit
Ep 171 | 드론5 목적지34 |  489스텝 | 배송 34/34 | 재적재  5 | 중계율 0.21 | alpha 1.847 | complete
Ep 172 | 드론4 목적지48 |  757스텝 | 배송 48/48 | 재적재  9 | 중계율 0.17 | alpha 1.843 | complete
Ep 173 | 드론4 목적지64 | 1000스텝 | 배송 58/64 | 재적재  9 | 중계율 0.28 | alpha 1.836 | step_limit
Ep 174 | 드론5 목적지38 |  520스텝 | 배송 38/38 | 재적재  6 | 중계율 0.15 | alpha 1.828 | complete
Ep 175 | 드론4 목적지56 |  802스텝 | 배송 56/56 | 재적재 10 | 중계율 0.17 | alpha 1.818 | complete
Ep 176 | 드론3 목적지68 | 1000스텝 | 배송 52/68 | 재적재  9 | 중계율 0.25 | alpha 1.857 | step_limit
Ep 177 | 드론5 목적지74 |  769스텝 | 배송 74/74 | 재적재 13 | 중계율 0.20 | alpha 1.840 | complete
Ep 178 | 드론5 목적지37 |  579스텝 | 배송 37/37 | 재적재  5 | 중계율 0.16 | alpha 1.822 | complete
Ep 179 | 드론6 목적지48 |  598스텝 | 배송 48/48 | 재적재  7 | 중계율 0.15 | alpha 1.822 | complete
Ep 180 | 드론4 목적지61 | 1000스텝 | 배송 56/61 | 재적재  9 | 중계율 0.22 | alpha 1.844 | step_limit
Ep 181 | 드론3 목적지80 | 1000스텝 | 배송 59/80 | 재적재 10 | 중계율 0.24 | alpha 1.824 | step_limit
Ep 182 | 드론5 목적지31 |  447스텝 | 배송 31/31 | 재적재  3 | 중계율 0.21 | alpha 1.814 | complete
Ep 183 | 드론4 목적지53 |  872스텝 | 배송 53/53 | 재적재  9 | 중계율 0.19 | alpha 1.806 | complete
Ep 184 | 드론4 목적지64 | 1000스텝 | 배송 56/64 | 재적재 10 | 중계율 0.24 | alpha 1.814 | step_limit
Ep 185 | 드론3 목적지49 | 1000스텝 | 배송 48/49 | 재적재  8 | 중계율 0.16 | alpha 1.775 | step_limit
Ep 186 | 드론5 목적지47 |  759스텝 | 배송 47/47 | 재적재  7 | 중계율 0.20 | alpha 1.788 | complete
Ep 187 | 드론5 목적지59 |  793스텝 | 배송 59/59 | 재적재 10 | 중계율 0.17 | alpha 1.794 | complete
Ep 188 | 드론3 목적지33 |  989스텝 | 배송 33/33 | 재적재  6 | 중계율 0.26 | alpha 1.821 | complete
Ep 189 | 드론6 목적지35 |  307스텝 | 배송 35/35 | 재적재  5 | 중계율 0.11 | alpha 1.817 | complete
Ep 190 | 드론3 목적지30 |  555스텝 | 배송 30/30 | 재적재  4 | 중계율 0.14 | alpha 1.836 | complete
Ep 191 | 드론4 목적지70 | 1000스텝 | 배송 60/70 | 재적재 10 | 중계율 0.16 | alpha 1.843 | step_limit
Ep 192 | 드론5 목적지36 |  315스텝 | 배송 36/36 | 재적재  5 | 중계율 0.12 | alpha 1.839 | complete
Ep 193 | 드론3 목적지54 | 1000스텝 | 배송 50/54 | 재적재  8 | 중계율 0.24 | alpha 1.813 | step_limit
Ep 194 | 드론4 목적지76 | 1000스텝 | 배송 59/76 | 재적재 11 | 중계율 0.20 | alpha 1.811 | step_limit
Ep 195 | 드론5 목적지74 | 1000스텝 | 배송 71/74 | 재적재 11 | 중계율 0.28 | alpha 1.811 | step_limit
Ep 196 | 드론6 목적지70 |  705스텝 | 배송 70/70 | 재적재 11 | 중계율 0.17 | alpha 1.821 | complete
Ep 197 | 드론4 목적지34 |  799스텝 | 배송 34/34 | 재적재  6 | 중계율 0.18 | alpha 1.827 | complete
Ep 198 | 드론3 목적지33 |  737스텝 | 배송 33/33 | 재적재  5 | 중계율 0.25 | alpha 1.786 | complete
Ep 199 | 드론6 목적지46 |  455스텝 | 배송 46/46 | 재적재  7 | 중계율 0.15 | alpha 1.780 | complete
Ep 200 | 드론6 목적지42 |  475스텝 | 배송 42/42 | 재적재  5 | 중계율 0.09 | alpha 1.774 | complete
  [홀드아웃] 배송 49.7±2.6 완주 0.99 스텝 1099 점수 105.1 재적재 8.3 2홉+ 0.64 | 최고 105.1@ep200 정체 0/15  ← 갱신
Ep 201 | 드론6 목적지51 |  569스텝 | 배송 51/51 | 재적재  8 | 중계율 0.13 | alpha 1.762 | complete
Ep 202 | 드론5 목적지32 |  491스텝 | 배송 32/32 | 재적재  5 | 중계율 0.19 | alpha 1.756 | complete
Ep 203 | 드론5 목적지30 |  518스텝 | 배송 30/30 | 재적재  4 | 중계율 0.22 | alpha 1.750 | complete
Ep 204 | 드론6 목적지73 |  836스텝 | 배송 73/73 | 재적재 12 | 중계율 0.18 | alpha 1.764 | complete
Ep 205 | 드론3 목적지44 | 1000스텝 | 배송 42/44 | 재적재  7 | 중계율 0.20 | alpha 1.778 | step_limit
Ep 206 | 드론3 목적지26 |  433스텝 | 배송 26/26 | 재적재  4 | 중계율 0.12 | alpha 1.784 | complete
Ep 207 | 드론5 목적지40 |  599스텝 | 배송 40/40 | 재적재  6 | 중계율 0.17 | alpha 1.781 | complete
Ep 208 | 드론6 목적지35 |  358스텝 | 배송 35/35 | 재적재  5 | 중계율 0.15 | alpha 1.778 | complete
Ep 209 | 드론6 목적지75 |  686스텝 | 배송 75/75 | 재적재 13 | 중계율 0.10 | alpha 1.797 | complete
Ep 210 | 드론6 목적지56 |  686스텝 | 배송 56/56 | 재적재  9 | 중계율 0.20 | alpha 1.800 | complete
Ep 211 | 드론3 목적지26 |  638스텝 | 배송 26/26 | 재적재  4 | 중계율 0.15 | alpha 1.764 | complete
Ep 212 | 드론3 목적지58 | 1000스텝 | 배송 56/58 | 재적재 10 | 중계율 0.17 | alpha 1.764 | step_limit
Ep 213 | 드론3 목적지44 |  977스텝 | 배송 44/44 | 재적재  7 | 중계율 0.24 | alpha 1.760 | complete
Ep 214 | 드론3 목적지56 | 1000스텝 | 배송 55/56 | 재적재 10 | 중계율 0.17 | alpha 1.765 | step_limit
Ep 215 | 드론4 목적지64 | 1000스텝 | 배송 63/64 | 재적재 11 | 중계율 0.20 | alpha 1.778 | step_limit
Ep 216 | 드론5 목적지40 |  529스텝 | 배송 40/40 | 재적재  5 | 중계율 0.16 | alpha 1.778 | complete
Ep 217 | 드론6 목적지41 |  387스텝 | 배송 41/41 | 재적재  6 | 중계율 0.07 | alpha 1.788 | complete
Ep 218 | 드론3 목적지31 |  728스텝 | 배송 31/31 | 재적재  5 | 중계율 0.22 | alpha 1.792 | complete
Ep 219 | 드론4 목적지80 |  908스텝 | 배송 80/80 | 재적재 14 | 중계율 0.19 | alpha 1.799 | complete
Ep 220 | 드론4 목적지53 |  765스텝 | 배송 53/53 | 재적재  8 | 중계율 0.21 | alpha 1.813 | complete
Ep 221 | 드론6 목적지72 |  458스텝 | 배송 72/72 | 재적재 12 | 중계율 0.09 | alpha 1.821 | complete
Ep 222 | 드론3 목적지27 |  920스텝 | 배송 27/27 | 재적재  4 | 중계율 0.21 | alpha 1.805 | complete
Ep 223 | 드론6 목적지22 |  370스텝 | 배송 22/22 | 재적재  2 | 중계율 0.09 | alpha 1.801 | complete
Ep 224 | 드론4 목적지62 |  898스텝 | 배송 62/62 | 재적재 11 | 중계율 0.20 | alpha 1.798 | complete
Ep 225 | 드론5 목적지58 |  603스텝 | 배송 58/58 | 재적재 10 | 중계율 0.11 | alpha 1.776 | complete
Ep 226 | 드론6 목적지37 |  397스텝 | 배송 37/37 | 재적재  5 | 중계율 0.18 | alpha 1.769 | complete
Ep 227 | 드론3 목적지49 | 1000스텝 | 배송 48/49 | 재적재  9 | 중계율 0.20 | alpha 1.764 | step_limit
Ep 228 | 드론5 목적지72 |  819스텝 | 배송 72/72 | 재적재 11 | 중계율 0.12 | alpha 1.774 | complete
Ep 229 | 드론3 목적지77 | 1000스텝 | 배송 51/77 | 재적재  8 | 중계율 0.21 | alpha 1.718 | step_limit
Ep 230 | 드론6 목적지53 |  491스텝 | 배송 53/53 | 재적재  9 | 중계율 0.11 | alpha 1.706 | complete
Ep 231 | 드론5 목적지56 | 1000스텝 | 배송 52/56 | 재적재  9 | 중계율 0.28 | alpha 1.665 | step_limit
Ep 232 | 드론3 목적지28 |  838스텝 | 배송 28/28 | 재적재  5 | 중계율 0.25 | alpha 1.685 | complete
Ep 233 | 드론5 목적지40 |  786스텝 | 배송 40/40 | 재적재  6 | 중계율 0.25 | alpha 1.705 | complete
Ep 234 | 드론5 목적지29 |  535스텝 | 배송 29/29 | 재적재  4 | 중계율 0.14 | alpha 1.729 | complete
Ep 235 | 드론6 목적지69 |  752스텝 | 배송 69/69 | 재적재 12 | 중계율 0.15 | alpha 1.717 | complete
Ep 236 | 드론4 목적지30 |  666스텝 | 배송 30/30 | 재적재  3 | 중계율 0.22 | alpha 1.719 | complete
Ep 237 | 드론5 목적지24 |  346스텝 | 배송 24/24 | 재적재  2 | 중계율 0.20 | alpha 1.709 | complete
Ep 238 | 드론5 목적지21 |  519스텝 | 배송 21/21 | 재적재  1 | 중계율 0.17 | alpha 1.703 | complete
Ep 239 | 드론5 목적지60 |  908스텝 | 배송 60/60 | 재적재 11 | 중계율 0.23 | alpha 1.714 | complete
Ep 240 | 드론6 목적지58 |  687스텝 | 배송 58/58 | 재적재  9 | 중계율 0.18 | alpha 1.699 | complete
Ep 241 | 드론3 목적지26 |  502스텝 | 배송 26/26 | 재적재  4 | 중계율 0.10 | alpha 1.709 | complete
Ep 242 | 드론4 목적지43 |  663스텝 | 배송 43/43 | 재적재  6 | 중계율 0.18 | alpha 1.695 | complete
Ep 243 | 드론5 목적지55 |  647스텝 | 배송 55/55 | 재적재  8 | 중계율 0.19 | alpha 1.691 | complete
Ep 244 | 드론6 목적지48 |  355스텝 | 배송 48/48 | 재적재  7 | 중계율 0.10 | alpha 1.692 | complete
Ep 245 | 드론6 목적지67 |  618스텝 | 배송 67/67 | 재적재 10 | 중계율 0.16 | alpha 1.691 | complete
Ep 246 | 드론4 목적지65 | 1000스텝 | 배송 64/65 | 재적재 10 | 중계율 0.22 | alpha 1.691 | step_limit
Ep 247 | 드론6 목적지49 |  627스텝 | 배송 49/49 | 재적재  7 | 중계율 0.17 | alpha 1.677 | complete
Ep 248 | 드론3 목적지41 |  854스텝 | 배송 41/41 | 재적재  7 | 중계율 0.27 | alpha 1.659 | complete
Ep 249 | 드론5 목적지26 |  206스텝 | 배송 26/26 | 재적재  3 | 중계율 0.06 | alpha 1.655 | complete
Ep 250 | 드론5 목적지43 |  734스텝 | 배송 43/43 | 재적재  6 | 중계율 0.13 | alpha 1.637 | complete
  [홀드아웃] 배송 49.9±0.6 완주 0.97 스텝 1133 점수 103.7 재적재 8.3 2홉+ 0.64 | 최고 105.1@ep200 정체 1/15
Ep 251 | 드론5 목적지71 |  754스텝 | 배송 71/71 | 재적재 12 | 중계율 0.16 | alpha 1.633 | complete
Ep 252 | 드론3 목적지48 | 1000스텝 | 배송 40/48 | 재적재  7 | 중계율 0.23 | alpha 1.633 | step_limit
Ep 253 | 드론4 목적지30 |  514스텝 | 배송 30/30 | 재적재  5 | 중계율 0.13 | alpha 1.646 | complete
Ep 254 | 드론5 목적지26 |  320스텝 | 배송 26/26 | 재적재  2 | 중계율 0.17 | alpha 1.645 | complete
Ep 255 | 드론6 목적지69 |  810스텝 | 배송 69/69 | 재적재 11 | 중계율 0.16 | alpha 1.668 | complete
Ep 256 | 드론6 목적지33 |  504스텝 | 배송 33/33 | 재적재  5 | 중계율 0.19 | alpha 1.653 | complete
Ep 257 | 드론4 목적지55 | 1000스텝 | 배송 50/55 | 재적재  7 | 중계율 0.27 | alpha 1.644 | step_limit
Ep 258 | 드론5 목적지36 |  521스텝 | 배송 36/36 | 재적재  4 | 중계율 0.22 | alpha 1.642 | complete
Ep 259 | 드론4 목적지79 | 1000스텝 | 배송 76/79 | 재적재 13 | 중계율 0.18 | alpha 1.627 | step_limit
Ep 260 | 드론3 목적지41 |  936스텝 | 배송 41/41 | 재적재  7 | 중계율 0.17 | alpha 1.635 | complete
Ep 261 | 드론6 목적지21 |  285스텝 | 배송 21/21 | 재적재  0 | 중계율 0.20 | alpha 1.634 | complete
Ep 262 | 드론3 목적지43 |  933스텝 | 배송 43/43 | 재적재  7 | 중계율 0.23 | alpha 1.628 | complete
Ep 263 | 드론5 목적지21 |  319스텝 | 배송 21/21 | 재적재  1 | 중계율 0.16 | alpha 1.629 | complete
Ep 264 | 드론6 목적지50 |  469스텝 | 배송 50/50 | 재적재  5 | 중계율 0.17 | alpha 1.634 | complete
Ep 265 | 드론3 목적지35 | 1000스텝 | 배송 34/35 | 재적재  5 | 중계율 0.30 | alpha 1.640 | step_limit
Ep 266 | 드론4 목적지54 |  711스텝 | 배송 54/54 | 재적재  9 | 중계율 0.13 | alpha 1.644 | complete
Ep 267 | 드론5 목적지46 |  379스텝 | 배송 46/46 | 재적재  7 | 중계율 0.10 | alpha 1.648 | complete
Ep 268 | 드론3 목적지33 |  916스텝 | 배송 33/33 | 재적재  5 | 중계율 0.17 | alpha 1.630 | complete
Ep 269 | 드론3 목적지42 |  966스텝 | 배송 42/42 | 재적재  6 | 중계율 0.15 | alpha 1.630 | complete
Ep 270 | 드론4 목적지45 |  993스텝 | 배송 45/45 | 재적재  8 | 중계율 0.21 | alpha 1.637 | complete
Ep 271 | 드론5 목적지37 |  490스텝 | 배송 37/37 | 재적재  4 | 중계율 0.12 | alpha 1.656 | complete
Ep 272 | 드론3 목적지47 |  823스텝 | 배송 47/47 | 재적재  7 | 중계율 0.20 | alpha 1.653 | complete
Ep 273 | 드론6 목적지76 |  568스텝 | 배송 76/76 | 재적재 13 | 중계율 0.12 | alpha 1.668 | complete
Ep 274 | 드론6 목적지29 |  412스텝 | 배송 29/29 | 재적재  4 | 중계율 0.17 | alpha 1.662 | complete
Ep 275 | 드론4 목적지78 | 1000스텝 | 배송 67/78 | 재적재 12 | 중계율 0.25 | alpha 1.655 | step_limit
Ep 276 | 드론5 목적지49 |  637스텝 | 배송 49/49 | 재적재  8 | 중계율 0.13 | alpha 1.642 | complete
Ep 277 | 드론3 목적지67 | 1000스텝 | 배송 43/67 | 재적재  7 | 중계율 0.19 | alpha 1.627 | step_limit
Ep 278 | 드론4 목적지30 |  739스텝 | 배송 30/30 | 재적재  4 | 중계율 0.22 | alpha 1.661 | complete
Ep 279 | 드론6 목적지44 |  425스텝 | 배송 44/44 | 재적재  6 | 중계율 0.11 | alpha 1.657 | complete
Ep 280 | 드론4 목적지32 |  693스텝 | 배송 32/32 | 재적재  4 | 중계율 0.18 | alpha 1.655 | complete
Ep 281 | 드론4 목적지36 |  828스텝 | 배송 36/36 | 재적재  6 | 중계율 0.19 | alpha 1.653 | complete
Ep 282 | 드론4 목적지56 |  795스텝 | 배송 56/56 | 재적재 10 | 중계율 0.12 | alpha 1.679 | complete
Ep 283 | 드론4 목적지75 |  909스텝 | 배송 75/75 | 재적재 14 | 중계율 0.13 | alpha 1.693 | complete
Ep 284 | 드론5 목적지21 |  250스텝 | 배송 21/21 | 재적재  2 | 중계율 0.09 | alpha 1.687 | complete
Ep 285 | 드론6 목적지72 |  567스텝 | 배송 72/72 | 재적재 11 | 중계율 0.11 | alpha 1.683 | complete
Ep 286 | 드론6 목적지78 |  465스텝 | 배송 78/78 | 재적재 12 | 중계율 0.10 | alpha 1.670 | complete
Ep 287 | 드론3 목적지39 |  796스텝 | 배송 39/39 | 재적재  5 | 중계율 0.17 | alpha 1.659 | complete
Ep 288 | 드론4 목적지39 |  510스텝 | 배송 39/39 | 재적재  7 | 중계율 0.10 | alpha 1.658 | complete
Ep 289 | 드론3 목적지49 | 1000스텝 | 배송 46/49 | 재적재  9 | 중계율 0.22 | alpha 1.632 | step_limit
Ep 290 | 드론4 목적지29 |  600스텝 | 배송 29/29 | 재적재  4 | 중계율 0.15 | alpha 1.613 | complete
Ep 291 | 드론5 목적지68 |  576스텝 | 배송 68/68 | 재적재 11 | 중계율 0.11 | alpha 1.607 | complete
Ep 292 | 드론3 목적지69 | 1000스텝 | 배송 57/69 | 재적재  9 | 중계율 0.19 | alpha 1.606 | step_limit
Ep 293 | 드론3 목적지38 |  778스텝 | 배송 38/38 | 재적재  6 | 중계율 0.22 | alpha 1.604 | complete
Ep 294 | 드론5 목적지41 |  607스텝 | 배송 41/41 | 재적재  7 | 중계율 0.17 | alpha 1.616 | complete
Ep 295 | 드론4 목적지35 |  623스텝 | 배송 35/35 | 재적재  4 | 중계율 0.26 | alpha 1.614 | complete
Ep 296 | 드론6 목적지49 |  372스텝 | 배송 49/49 | 재적재  7 | 중계율 0.09 | alpha 1.619 | complete
Ep 297 | 드론4 목적지78 | 1000스텝 | 배송 66/78 | 재적재 12 | 중계율 0.17 | alpha 1.608 | step_limit
Ep 298 | 드론4 목적지73 | 1000스텝 | 배송 70/73 | 재적재 12 | 중계율 0.21 | alpha 1.577 | step_limit
Ep 299 | 드론6 목적지75 |  666스텝 | 배송 75/75 | 재적재 13 | 중계율 0.11 | alpha 1.573 | complete
Ep 300 | 드론4 목적지39 |  564스텝 | 배송 39/39 | 재적재  5 | 중계율 0.17 | alpha 1.581 | complete
  [홀드아웃] 배송 49.7±1.9 완주 0.96 스텝 1016 점수 102.9 재적재 8.2 2홉+ 0.64 | 최고 105.1@ep200 정체 2/15
Ep 301 | 드론3 목적지69 | 1000스텝 | 배송 63/69 | 재적재 12 | 중계율 0.18 | alpha 1.562 | step_limit
Ep 302 | 드론6 목적지60 |  657스텝 | 배송 60/60 | 재적재  9 | 중계율 0.18 | alpha 1.547 | complete
Ep 303 | 드론4 목적지74 | 1000스텝 | 배송 72/74 | 재적재 12 | 중계율 0.15 | alpha 1.534 | step_limit
Ep 304 | 드론4 목적지25 |  331스텝 | 배송 25/25 | 재적재  4 | 중계율 0.08 | alpha 1.533 | complete
Ep 305 | 드론3 목적지75 | 1000스텝 | 배송 61/75 | 재적재 10 | 중계율 0.24 | alpha 1.519 | step_limit
Ep 306 | 드론4 목적지29 |  650스텝 | 배송 29/29 | 재적재  4 | 중계율 0.21 | alpha 1.514 | complete
Ep 307 | 드론6 목적지29 |  260스텝 | 배송 29/29 | 재적재  3 | 중계율 0.09 | alpha 1.510 | complete
Ep 308 | 드론6 목적지35 |  315스텝 | 배송 35/35 | 재적재  4 | 중계율 0.09 | alpha 1.501 | complete
Ep 309 | 드론5 목적지37 |  399스텝 | 배송 37/37 | 재적재  4 | 중계율 0.13 | alpha 1.513 | complete
Ep 310 | 드론3 목적지74 | 1000스텝 | 배송 62/74 | 재적재 11 | 중계율 0.17 | alpha 1.506 | step_limit
Ep 311 | 드론6 목적지42 |  423스텝 | 배송 42/42 | 재적재  4 | 중계율 0.16 | alpha 1.497 | complete
Ep 312 | 드론6 목적지73 |  760스텝 | 배송 73/73 | 재적재 10 | 중계율 0.18 | alpha 1.494 | complete
Ep 313 | 드론4 목적지34 |  746스텝 | 배송 34/34 | 재적재  6 | 중계율 0.27 | alpha 1.495 | complete
Ep 314 | 드론3 목적지26 |  628스텝 | 배송 26/26 | 재적재  5 | 중계율 0.21 | alpha 1.490 | complete
Ep 315 | 드론6 목적지20 |  303스텝 | 배송 20/20 | 재적재  1 | 중계율 0.18 | alpha 1.469 | complete
Ep 316 | 드론5 목적지24 |  448스텝 | 배송 24/24 | 재적재  2 | 중계율 0.10 | alpha 1.465 | complete
Ep 317 | 드론6 목적지23 |  280스텝 | 배송 23/23 | 재적재  1 | 중계율 0.13 | alpha 1.468 | complete
Ep 318 | 드론3 목적지45 | 1000스텝 | 배송 35/45 | 재적재  5 | 중계율 0.26 | alpha 1.469 | step_limit
Ep 319 | 드론6 목적지52 |  547스텝 | 배송 52/52 | 재적재 10 | 중계율 0.16 | alpha 1.455 | complete
Ep 320 | 드론4 목적지25 |  516스텝 | 배송 25/25 | 재적재  4 | 중계율 0.14 | alpha 1.445 | complete
Ep 321 | 드론3 목적지34 |  908스텝 | 배송 34/34 | 재적재  6 | 중계율 0.16 | alpha 1.450 | complete
Ep 322 | 드론3 목적지33 |  639스텝 | 배송 33/33 | 재적재  6 | 중계율 0.16 | alpha 1.450 | complete
Ep 323 | 드론3 목적지35 |  734스텝 | 배송 35/35 | 재적재  6 | 중계율 0.19 | alpha 1.441 | complete
Ep 324 | 드론5 목적지70 |  493스텝 | 배송 70/70 | 재적재 11 | 중계율 0.12 | alpha 1.429 | complete
Ep 325 | 드론3 목적지43 | 1000스텝 | 배송 42/43 | 재적재  7 | 중계율 0.18 | alpha 1.426 | step_limit
Ep 326 | 드론5 목적지42 |  683스텝 | 배송 42/42 | 재적재  5 | 중계율 0.20 | alpha 1.451 | complete
Ep 327 | 드론6 목적지62 |  666스텝 | 배송 62/62 | 재적재  9 | 중계율 0.12 | alpha 1.452 | complete
Ep 328 | 드론3 목적지53 |  920스텝 | 배송 53/53 | 재적재  9 | 중계율 0.23 | alpha 1.453 | complete
Ep 329 | 드론5 목적지31 |  396스텝 | 배송 31/31 | 재적재  5 | 중계율 0.13 | alpha 1.452 | complete
Ep 330 | 드론4 목적지65 | 1000스텝 | 배송 56/65 | 재적재  9 | 중계율 0.17 | alpha 1.456 | step_limit
Ep 331 | 드론3 목적지25 |  384스텝 | 배송 25/25 | 재적재  4 | 중계율 0.10 | alpha 1.470 | complete
Ep 332 | 드론3 목적지79 | 1000스텝 | 배송 58/79 | 재적재 11 | 중계율 0.21 | alpha 1.487 | step_limit
Ep 333 | 드론4 목적지37 |  745스텝 | 배송 37/37 | 재적재  5 | 중계율 0.23 | alpha 1.495 | complete
Ep 334 | 드론3 목적지72 | 1000스텝 | 배송 63/72 | 재적재 11 | 중계율 0.17 | alpha 1.491 | step_limit
Ep 335 | 드론4 목적지23 |  337스텝 | 배송 23/23 | 재적재  2 | 중계율 0.16 | alpha 1.497 | complete
Ep 336 | 드론4 목적지57 | 1000스텝 | 배송 45/57 | 재적재  7 | 중계율 0.25 | alpha 1.481 | step_limit
Ep 337 | 드론4 목적지76 | 1000스텝 | 배송 69/76 | 재적재 11 | 중계율 0.28 | alpha 1.488 | step_limit
Ep 338 | 드론3 목적지30 |  804스텝 | 배송 30/30 | 재적재  4 | 중계율 0.21 | alpha 1.504 | complete
Ep 339 | 드론5 목적지73 |  555스텝 | 배송 73/73 | 재적재 13 | 중계율 0.11 | alpha 1.499 | complete
Ep 340 | 드론6 목적지34 |  465스텝 | 배송 34/34 | 재적재  5 | 중계율 0.12 | alpha 1.489 | complete
Ep 341 | 드론5 목적지26 |  437스텝 | 배송 26/26 | 재적재  3 | 중계율 0.23 | alpha 1.490 | complete
Ep 342 | 드론3 목적지46 |  815스텝 | 배송 46/46 | 재적재  8 | 중계율 0.17 | alpha 1.471 | complete
Ep 343 | 드론3 목적지50 | 1000스텝 | 배송 49/50 | 재적재  7 | 중계율 0.25 | alpha 1.476 | step_limit
Ep 344 | 드론5 목적지28 |  346스텝 | 배송 28/28 | 재적재  4 | 중계율 0.11 | alpha 1.474 | complete
Ep 345 | 드론5 목적지61 |  732스텝 | 배송 61/61 | 재적재  9 | 중계율 0.19 | alpha 1.464 | complete
Ep 346 | 드론3 목적지29 |  762스텝 | 배송 29/29 | 재적재  5 | 중계율 0.27 | alpha 1.463 | complete
Ep 347 | 드론3 목적지42 | 1000스텝 | 배송 38/42 | 재적재  7 | 중계율 0.22 | alpha 1.472 | step_limit
Ep 348 | 드론5 목적지53 |  456스텝 | 배송 53/53 | 재적재  9 | 중계율 0.11 | alpha 1.457 | complete
Ep 349 | 드론4 목적지62 | 1000스텝 | 배송 57/62 | 재적재  9 | 중계율 0.21 | alpha 1.435 | step_limit
Ep 350 | 드론4 목적지79 | 1000스텝 | 배송 73/79 | 재적재 12 | 중계율 0.20 | alpha 1.421 | step_limit
  [홀드아웃] 배송 49.9±1.2 완주 0.99 스텝 1077 점수 105.2 재적재 8.2 2홉+ 0.64 | 최고 105.2@ep350 정체 0/15  ← 갱신
Ep 351 | 드론5 목적지65 |  789스텝 | 배송 65/65 | 재적재 10 | 중계율 0.18 | alpha 1.415 | complete
Ep 352 | 드론5 목적지36 |  381스텝 | 배송 36/36 | 재적재  4 | 중계율 0.14 | alpha 1.394 | complete
Ep 353 | 드론4 목적지62 |  851스텝 | 배송 62/62 | 재적재 10 | 중계율 0.11 | alpha 1.399 | complete
Ep 354 | 드론5 목적지35 |  307스텝 | 배송 35/35 | 재적재  5 | 중계율 0.07 | alpha 1.397 | complete
Ep 355 | 드론4 목적지24 |  360스텝 | 배송 24/24 | 재적재  3 | 중계율 0.05 | alpha 1.406 | complete
Ep 356 | 드론5 목적지62 | 1000스텝 | 배송 60/62 | 재적재 10 | 중계율 0.22 | alpha 1.416 | step_limit
Ep 357 | 드론3 목적지21 |  624스텝 | 배송 21/21 | 재적재  2 | 중계율 0.23 | alpha 1.414 | complete
Ep 358 | 드론5 목적지26 |  284스텝 | 배송 26/26 | 재적재  2 | 중계율 0.10 | alpha 1.403 | complete
Ep 359 | 드론3 목적지52 | 1000스텝 | 배송 46/52 | 재적재  8 | 중계율 0.22 | alpha 1.348 | step_limit
Ep 360 | 드론6 목적지52 |  462스텝 | 배송 52/52 | 재적재  8 | 중계율 0.14 | alpha 1.349 | complete
Ep 361 | 드론4 목적지40 |  656스텝 | 배송 40/40 | 재적재  7 | 중계율 0.16 | alpha 1.357 | complete
Ep 362 | 드론6 목적지52 |  767스텝 | 배송 52/52 | 재적재  9 | 중계율 0.21 | alpha 1.375 | complete
Ep 363 | 드론6 목적지64 |  613스텝 | 배송 64/64 | 재적재 11 | 중계율 0.14 | alpha 1.360 | complete
Ep 364 | 드론3 목적지64 | 1000스텝 | 배송 53/64 | 재적재  9 | 중계율 0.16 | alpha 1.372 | step_limit
Ep 365 | 드론5 목적지69 |  942스텝 | 배송 69/69 | 재적재 12 | 중계율 0.19 | alpha 1.361 | complete
Ep 366 | 드론6 목적지61 |  620스텝 | 배송 61/61 | 재적재  9 | 중계율 0.11 | alpha 1.333 | complete
Ep 367 | 드론4 목적지53 |  685스텝 | 배송 53/53 | 재적재  9 | 중계율 0.08 | alpha 1.322 | complete
Ep 368 | 드론6 목적지73 |  532스텝 | 배송 73/73 | 재적재 12 | 중계율 0.08 | alpha 1.318 | complete
Ep 369 | 드론5 목적지30 |  316스텝 | 배송 30/30 | 재적재  3 | 중계율 0.11 | alpha 1.317 | complete
Ep 370 | 드론3 목적지71 |  946스텝 | 배송 71/71 | 재적재 12 | 중계율 0.15 | alpha 1.307 | complete
Ep 371 | 드론4 목적지54 |  655스텝 | 배송 54/54 | 재적재  8 | 중계율 0.13 | alpha 1.319 | complete
Ep 372 | 드론6 목적지80 |  669스텝 | 배송 80/80 | 재적재 14 | 중계율 0.12 | alpha 1.300 | complete
Ep 373 | 드론3 목적지41 |  879스텝 | 배송 41/41 | 재적재  7 | 중계율 0.19 | alpha 1.272 | complete
Ep 374 | 드론3 목적지67 | 1000스텝 | 배송 65/67 | 재적재 11 | 중계율 0.18 | alpha 1.290 | step_limit
Ep 375 | 드론4 목적지62 | 1000스텝 | 배송 60/62 | 재적재 10 | 중계율 0.21 | alpha 1.282 | step_limit
Ep 376 | 드론5 목적지72 |  640스텝 | 배송 72/72 | 재적재 12 | 중계율 0.15 | alpha 1.285 | complete
Ep 377 | 드론6 목적지63 |  687스텝 | 배송 63/63 | 재적재 10 | 중계율 0.14 | alpha 1.288 | complete
Ep 378 | 드론5 목적지74 |  747스텝 | 배송 74/74 | 재적재 12 | 중계율 0.14 | alpha 1.279 | complete
Ep 379 | 드론4 목적지77 | 1000스텝 | 배송 76/77 | 재적재 12 | 중계율 0.22 | alpha 1.293 | step_limit
Ep 380 | 드론4 목적지73 | 1000스텝 | 배송 72/73 | 재적재 14 | 중계율 0.14 | alpha 1.304 | step_limit
Ep 381 | 드론5 목적지20 |  219스텝 | 배송 20/20 | 재적재  1 | 중계율 0.09 | alpha 1.314 | complete
Ep 382 | 드론3 목적지75 | 1000스텝 | 배송 55/75 | 재적재 10 | 중계율 0.20 | alpha 1.298 | step_limit
Ep 383 | 드론4 목적지52 |  789스텝 | 배송 52/52 | 재적재 10 | 중계율 0.16 | alpha 1.312 | complete
Ep 384 | 드론3 목적지77 | 1000스텝 | 배송 71/77 | 재적재 13 | 중계율 0.16 | alpha 1.297 | step_limit
Ep 385 | 드론3 목적지62 | 1000스텝 | 배송 43/62 | 재적재  7 | 중계율 0.27 | alpha 1.289 | step_limit
Ep 386 | 드론4 목적지80 | 1000스텝 | 배송 69/80 | 재적재 12 | 중계율 0.20 | alpha 1.286 | step_limit
Ep 387 | 드론4 목적지31 |  365스텝 | 배송 31/31 | 재적재  4 | 중계율 0.09 | alpha 1.289 | complete
Ep 388 | 드론4 목적지33 |  792스텝 | 배송 33/33 | 재적재  4 | 중계율 0.17 | alpha 1.287 | complete
Ep 389 | 드론5 목적지72 |  784스텝 | 배송 72/72 | 재적재 14 | 중계율 0.18 | alpha 1.295 | complete
Ep 390 | 드론5 목적지71 |  702스텝 | 배송 71/71 | 재적재 12 | 중계율 0.10 | alpha 1.285 | complete
Ep 391 | 드론5 목적지50 |  448스텝 | 배송 50/50 | 재적재  8 | 중계율 0.11 | alpha 1.271 | complete
Ep 392 | 드론6 목적지71 |  549스텝 | 배송 71/71 | 재적재 12 | 중계율 0.08 | alpha 1.247 | complete
Ep 393 | 드론6 목적지21 |  202스텝 | 배송 21/21 | 재적재  0 | 중계율 0.14 | alpha 1.239 | complete
Ep 394 | 드론6 목적지60 |  575스텝 | 배송 60/60 | 재적재  9 | 중계율 0.15 | alpha 1.235 | complete
Ep 395 | 드론5 목적지55 |  572스텝 | 배송 55/55 | 재적재  9 | 중계율 0.09 | alpha 1.226 | complete
Ep 396 | 드론5 목적지71 |  593스텝 | 배송 71/71 | 재적재 11 | 중계율 0.08 | alpha 1.215 | complete
Ep 397 | 드론4 목적지36 |  542스텝 | 배송 36/36 | 재적재  6 | 중계율 0.14 | alpha 1.195 | complete
Ep 398 | 드론4 목적지52 |  914스텝 | 배송 52/52 | 재적재  9 | 중계율 0.12 | alpha 1.198 | complete
Ep 399 | 드론3 목적지46 |  811스텝 | 배송 46/46 | 재적재  8 | 중계율 0.17 | alpha 1.200 | complete
Ep 400 | 드론4 목적지34 |  498스텝 | 배송 34/34 | 재적재  5 | 중계율 0.17 | alpha 1.202 | complete
  [홀드아웃] 배송 50.0±0.0 완주 1.00 스텝 982 점수 106.7 재적재 8.3 2홉+ 0.63 | 최고 106.7@ep400 정체 0/15  ← 갱신
Ep 401 | 드론3 목적지38 | 1000스텝 | 배송 35/38 | 재적재  5 | 중계율 0.24 | alpha 1.220 | step_limit
Ep 402 | 드론5 목적지36 |  526스텝 | 배송 36/36 | 재적재  5 | 중계율 0.15 | alpha 1.238 | complete
Ep 403 | 드론4 목적지73 | 1000스텝 | 배송 70/73 | 재적재 13 | 중계율 0.18 | alpha 1.230 | step_limit
Ep 404 | 드론5 목적지70 |  842스텝 | 배송 70/70 | 재적재 12 | 중계율 0.17 | alpha 1.225 | complete
Ep 405 | 드론3 목적지25 |  536스텝 | 배송 25/25 | 재적재  3 | 중계율 0.26 | alpha 1.230 | complete
Ep 406 | 드론6 목적지58 |  515스텝 | 배송 58/58 | 재적재  8 | 중계율 0.15 | alpha 1.233 | complete
Ep 407 | 드론5 목적지70 |  712스텝 | 배송 70/70 | 재적재 13 | 중계율 0.13 | alpha 1.220 | complete
Ep 408 | 드론4 목적지40 |  771스텝 | 배송 40/40 | 재적재  5 | 중계율 0.13 | alpha 1.235 | complete
Ep 409 | 드론3 목적지30 |  630스텝 | 배송 30/30 | 재적재  5 | 중계율 0.20 | alpha 1.257 | complete
Ep 410 | 드론3 목적지63 | 1000스텝 | 배송 57/63 | 재적재 10 | 중계율 0.20 | alpha 1.291 | step_limit
Ep 411 | 드론3 목적지48 | 1000스텝 | 배송 45/48 | 재적재  8 | 중계율 0.17 | alpha 1.287 | step_limit
Ep 412 | 드론5 목적지34 |  517스텝 | 배송 34/34 | 재적재  5 | 중계율 0.14 | alpha 1.304 | complete
Ep 413 | 드론4 목적지22 |  325스텝 | 배송 22/22 | 재적재  2 | 중계율 0.12 | alpha 1.313 | complete
Ep 414 | 드론3 목적지51 |  963스텝 | 배송 51/51 | 재적재  8 | 중계율 0.26 | alpha 1.305 | complete
Ep 415 | 드론6 목적지45 |  495스텝 | 배송 45/45 | 재적재  6 | 중계율 0.16 | alpha 1.310 | complete
Ep 416 | 드론4 목적지60 | 1000스텝 | 배송 58/60 | 재적재  9 | 중계율 0.20 | alpha 1.303 | step_limit
Ep 417 | 드론3 목적지43 | 1000스텝 | 배송 39/43 | 재적재  6 | 중계율 0.23 | alpha 1.263 | step_limit
Ep 418 | 드론5 목적지75 |  752스텝 | 배송 75/75 | 재적재 13 | 중계율 0.19 | alpha 1.276 | complete
Ep 419 | 드론6 목적지60 |  701스텝 | 배송 60/60 | 재적재  9 | 중계율 0.17 | alpha 1.272 | complete
Ep 420 | 드론3 목적지22 |  629스텝 | 배송 22/22 | 재적재  3 | 중계율 0.24 | alpha 1.263 | complete
Ep 421 | 드론5 목적지40 |  486스텝 | 배송 40/40 | 재적재  5 | 중계율 0.19 | alpha 1.287 | complete
Ep 422 | 드론6 목적지52 |  547스텝 | 배송 52/52 | 재적재  7 | 중계율 0.11 | alpha 1.305 | complete
Ep 423 | 드론4 목적지29 |  608스텝 | 배송 29/29 | 재적재  4 | 중계율 0.10 | alpha 1.306 | complete
Ep 424 | 드론4 목적지29 |  357스텝 | 배송 29/29 | 재적재  3 | 중계율 0.12 | alpha 1.314 | complete
Ep 425 | 드론3 목적지80 | 1000스텝 | 배송 59/80 | 재적재 10 | 중계율 0.19 | alpha 1.310 | step_limit
Ep 426 | 드론5 목적지78 |  649스텝 | 배송 78/78 | 재적재 14 | 중계율 0.11 | alpha 1.311 | complete
Ep 427 | 드론4 목적지46 |  858스텝 | 배송 46/46 | 재적재  8 | 중계율 0.19 | alpha 1.303 | complete
Ep 428 | 드론5 목적지72 |  755스텝 | 배송 72/72 | 재적재 13 | 중계율 0.13 | alpha 1.302 | complete
Ep 429 | 드론4 목적지72 | 1000스텝 | 배송 60/72 | 재적재  9 | 중계율 0.28 | alpha 1.283 | step_limit
Ep 430 | 드론3 목적지78 | 1000스텝 | 배송 59/78 | 재적재 10 | 중계율 0.21 | alpha 1.283 | step_limit
Ep 431 | 드론4 목적지23 |  449스텝 | 배송 23/23 | 재적재  3 | 중계율 0.12 | alpha 1.296 | complete
Ep 432 | 드론6 목적지41 |  370스텝 | 배송 41/41 | 재적재  6 | 중계율 0.08 | alpha 1.295 | complete
Ep 433 | 드론3 목적지66 | 1000스텝 | 배송 48/66 | 재적재  9 | 중계율 0.17 | alpha 1.279 | step_limit
Ep 434 | 드론5 목적지62 |  647스텝 | 배송 62/62 | 재적재  9 | 중계율 0.14 | alpha 1.284 | complete
Ep 435 | 드론3 목적지32 |  983스텝 | 배송 32/32 | 재적재  5 | 중계율 0.24 | alpha 1.299 | complete
Ep 436 | 드론6 목적지65 |  488스텝 | 배송 65/65 | 재적재 10 | 중계율 0.10 | alpha 1.302 | complete
Ep 437 | 드론5 목적지61 |  545스텝 | 배송 61/61 | 재적재 10 | 중계율 0.07 | alpha 1.296 | complete
Ep 438 | 드론3 목적지37 | 1000스텝 | 배송 34/37 | 재적재  6 | 중계율 0.18 | alpha 1.303 | step_limit
Ep 439 | 드론5 목적지49 |  723스텝 | 배송 49/49 | 재적재  8 | 중계율 0.15 | alpha 1.298 | complete
Ep 440 | 드론4 목적지42 |  681스텝 | 배송 42/42 | 재적재  6 | 중계율 0.17 | alpha 1.308 | complete
Ep 441 | 드론3 목적지54 | 1000스텝 | 배송 48/54 | 재적재  8 | 중계율 0.18 | alpha 1.282 | step_limit
Ep 442 | 드론6 목적지41 |  475스텝 | 배송 41/41 | 재적재  5 | 중계율 0.12 | alpha 1.290 | complete
Ep 443 | 드론4 목적지61 | 1000스텝 | 배송 57/61 | 재적재  9 | 중계율 0.27 | alpha 1.296 | step_limit
Ep 444 | 드론4 목적지55 |  760스텝 | 배송 55/55 | 재적재 10 | 중계율 0.16 | alpha 1.288 | complete
Ep 445 | 드론3 목적지49 |  964스텝 | 배송 49/49 | 재적재  8 | 중계율 0.23 | alpha 1.286 | complete
Ep 446 | 드론6 목적지72 |  592스텝 | 배송 72/72 | 재적재 10 | 중계율 0.18 | alpha 1.287 | complete
Ep 447 | 드론6 목적지40 |  373스텝 | 배송 40/40 | 재적재  5 | 중계율 0.16 | alpha 1.292 | complete
Ep 448 | 드론4 목적지71 | 1000스텝 | 배송 60/71 | 재적재  9 | 중계율 0.25 | alpha 1.277 | step_limit
Ep 449 | 드론5 목적지26 |  414스텝 | 배송 26/26 | 재적재  2 | 중계율 0.22 | alpha 1.270 | complete
Ep 450 | 드론3 목적지56 | 1000스텝 | 배송 49/56 | 재적재  8 | 중계율 0.21 | alpha 1.271 | step_limit
  [홀드아웃] 배송 50.0±0.0 완주 1.00 스텝 1011 점수 106.6 재적재 8.2 2홉+ 0.62 | 최고 106.7@ep400 정체 1/15
Ep 451 | 드론6 목적지51 |  527스텝 | 배송 51/51 | 재적재  7 | 중계율 0.17 | alpha 1.270 | complete
Ep 452 | 드론3 목적지34 |  503스텝 | 배송 34/34 | 재적재  5 | 중계율 0.08 | alpha 1.268 | complete
Ep 453 | 드론5 목적지47 |  429스텝 | 배송 47/47 | 재적재  7 | 중계율 0.12 | alpha 1.275 | complete
Ep 454 | 드론6 목적지70 |  680스텝 | 배송 70/70 | 재적재 12 | 중계율 0.19 | alpha 1.268 | complete
Ep 455 | 드론5 목적지44 |  602스텝 | 배송 44/44 | 재적재  7 | 중계율 0.15 | alpha 1.279 | complete
Ep 456 | 드론6 목적지49 |  492스텝 | 배송 49/49 | 재적재  8 | 중계율 0.11 | alpha 1.281 | complete
Ep 457 | 드론6 목적지56 |  403스텝 | 배송 56/56 | 재적재  7 | 중계율 0.15 | alpha 1.277 | complete
Ep 458 | 드론6 목적지42 |  658스텝 | 배송 42/42 | 재적재  6 | 중계율 0.17 | alpha 1.275 | complete
Ep 459 | 드론3 목적지45 |  637스텝 | 배송 45/45 | 재적재  7 | 중계율 0.12 | alpha 1.283 | complete
Ep 460 | 드론5 목적지73 |  801스텝 | 배송 73/73 | 재적재 12 | 중계율 0.15 | alpha 1.288 | complete
Ep 461 | 드론3 목적지30 |  821스텝 | 배송 30/30 | 재적재  5 | 중계율 0.27 | alpha 1.282 | complete
Ep 462 | 드론4 목적지64 |  883스텝 | 배송 64/64 | 재적재 12 | 중계율 0.15 | alpha 1.261 | complete
Ep 463 | 드론4 목적지63 | 1000스텝 | 배송 59/63 | 재적재  9 | 중계율 0.25 | alpha 1.270 | step_limit
Ep 464 | 드론3 목적지68 | 1000스텝 | 배송 62/68 | 재적재 11 | 중계율 0.18 | alpha 1.262 | step_limit
Ep 465 | 드론6 목적지63 |  667스텝 | 배송 63/63 | 재적재 10 | 중계율 0.16 | alpha 1.262 | complete
Ep 466 | 드론5 목적지65 |  646스텝 | 배송 65/65 | 재적재 11 | 중계율 0.12 | alpha 1.248 | complete
Ep 467 | 드론5 목적지57 |  839스텝 | 배송 57/57 | 재적재  9 | 중계율 0.16 | alpha 1.256 | complete
Ep 468 | 드론3 목적지35 |  732스텝 | 배송 35/35 | 재적재  6 | 중계율 0.17 | alpha 1.255 | complete
Ep 469 | 드론4 목적지46 | 1000스텝 | 배송 43/46 | 재적재  7 | 중계율 0.33 | alpha 1.253 | step_limit
Ep 470 | 드론6 목적지53 |  504스텝 | 배송 53/53 | 재적재  8 | 중계율 0.12 | alpha 1.253 | complete
Ep 471 | 드론6 목적지45 |  380스텝 | 배송 45/45 | 재적재  4 | 중계율 0.12 | alpha 1.252 | complete
Ep 472 | 드론4 목적지53 |  903스텝 | 배송 53/53 | 재적재  9 | 중계율 0.24 | alpha 1.249 | complete
Ep 473 | 드론5 목적지71 |  869스텝 | 배송 71/71 | 재적재 12 | 중계율 0.18 | alpha 1.234 | complete
Ep 474 | 드론5 목적지25 |  475스텝 | 배송 25/25 | 재적재  4 | 중계율 0.18 | alpha 1.219 | complete
Ep 475 | 드론5 목적지40 |  812스텝 | 배송 40/40 | 재적재  6 | 중계율 0.15 | alpha 1.214 | complete
Ep 476 | 드론3 목적지33 | 1000스텝 | 배송 30/33 | 재적재  5 | 중계율 0.21 | alpha 1.198 | step_limit
Ep 477 | 드론3 목적지21 |  508스텝 | 배송 21/21 | 재적재  3 | 중계율 0.09 | alpha 1.193 | complete
Ep 478 | 드론5 목적지22 |  206스텝 | 배송 22/22 | 재적재  1 | 중계율 0.11 | alpha 1.196 | complete
Ep 479 | 드론6 목적지41 |  587스텝 | 배송 41/41 | 재적재  5 | 중계율 0.20 | alpha 1.191 | complete
Ep 480 | 드론4 목적지57 |  869스텝 | 배송 57/57 | 재적재 10 | 중계율 0.18 | alpha 1.201 | complete
Ep 481 | 드론3 목적지66 | 1000스텝 | 배송 52/66 | 재적재  8 | 중계율 0.17 | alpha 1.211 | step_limit
Ep 482 | 드론5 목적지76 |  859스텝 | 배송 76/76 | 재적재 13 | 중계율 0.13 | alpha 1.215 | complete
Ep 483 | 드론4 목적지28 |  459스텝 | 배송 28/28 | 재적재  3 | 중계율 0.12 | alpha 1.214 | complete
Ep 484 | 드론6 목적지35 |  308스텝 | 배송 35/35 | 재적재  6 | 중계율 0.10 | alpha 1.218 | complete
Ep 485 | 드론6 목적지44 |  383스텝 | 배송 44/44 | 재적재  6 | 중계율 0.14 | alpha 1.209 | complete
Ep 486 | 드론6 목적지75 |  526스텝 | 배송 75/75 | 재적재 11 | 중계율 0.08 | alpha 1.202 | complete
Ep 487 | 드론4 목적지75 |  878스텝 | 배송 75/75 | 재적재 12 | 중계율 0.13 | alpha 1.204 | complete
Ep 488 | 드론5 목적지60 |  570스텝 | 배송 60/60 | 재적재 10 | 중계율 0.14 | alpha 1.213 | complete
Ep 489 | 드론4 목적지80 |  989스텝 | 배송 80/80 | 재적재 14 | 중계율 0.14 | alpha 1.184 | complete
Ep 490 | 드론3 목적지30 |  696스텝 | 배송 30/30 | 재적재  5 | 중계율 0.16 | alpha 1.160 | complete
Ep 491 | 드론4 목적지59 |  808스텝 | 배송 59/59 | 재적재  9 | 중계율 0.22 | alpha 1.163 | complete
Ep 492 | 드론3 목적지74 | 1000스텝 | 배송 60/74 | 재적재 10 | 중계율 0.22 | alpha 1.157 | step_limit
Ep 493 | 드론3 목적지47 |  923스텝 | 배송 47/47 | 재적재  8 | 중계율 0.27 | alpha 1.165 | complete
Ep 494 | 드론4 목적지52 |  656스텝 | 배송 52/52 | 재적재 10 | 중계율 0.14 | alpha 1.161 | complete
Ep 495 | 드론4 목적지54 |  940스텝 | 배송 54/54 | 재적재  9 | 중계율 0.19 | alpha 1.137 | complete
Ep 496 | 드론6 목적지56 |  499스텝 | 배송 56/56 | 재적재  9 | 중계율 0.13 | alpha 1.139 | complete
Ep 497 | 드론6 목적지73 |  607스텝 | 배송 73/73 | 재적재 11 | 중계율 0.15 | alpha 1.138 | complete
Ep 498 | 드론4 목적지22 |  279스텝 | 배송 22/22 | 재적재  2 | 중계율 0.12 | alpha 1.145 | complete
Ep 499 | 드론6 목적지55 |  495스텝 | 배송 55/55 | 재적재  8 | 중계율 0.14 | alpha 1.126 | complete
Ep 500 | 드론3 목적지55 | 1000스텝 | 배송 50/55 | 재적재  9 | 중계율 0.24 | alpha 1.115 | step_limit
  [홀드아웃] 배송 50.0±0.2 완주 0.99 스텝 1007 점수 105.4 재적재 8.3 2홉+ 0.61 | 최고 106.7@ep400 정체 2/15
Ep 501 | 드론6 목적지25 |  232스텝 | 배송 25/25 | 재적재  1 | 중계율 0.07 | alpha 1.117 | complete
Ep 502 | 드론3 목적지53 | 1000스텝 | 배송 47/53 | 재적재  8 | 중계율 0.20 | alpha 1.117 | step_limit
Ep 503 | 드론5 목적지73 |  746스텝 | 배송 73/73 | 재적재 13 | 중계율 0.14 | alpha 1.117 | complete
Ep 504 | 드론3 목적지60 | 1000스텝 | 배송 55/60 | 재적재  8 | 중계율 0.19 | alpha 1.131 | step_limit
Ep 505 | 드론4 목적지72 | 1000스텝 | 배송 70/72 | 재적재 11 | 중계율 0.23 | alpha 1.109 | step_limit
Ep 506 | 드론4 목적지76 | 1000스텝 | 배송 69/76 | 재적재 12 | 중계율 0.19 | alpha 1.109 | step_limit
Ep 507 | 드론6 목적지79 |  698스텝 | 배송 79/79 | 재적재 14 | 중계율 0.10 | alpha 1.110 | complete
Ep 508 | 드론6 목적지38 |  418스텝 | 배송 38/38 | 재적재  6 | 중계율 0.16 | alpha 1.113 | complete
Ep 509 | 드론4 목적지52 |  647스텝 | 배송 52/52 | 재적재  9 | 중계율 0.11 | alpha 1.103 | complete
Ep 510 | 드론4 목적지42 |  525스텝 | 배송 42/42 | 재적재  6 | 중계율 0.13 | alpha 1.090 | complete
Ep 511 | 드론4 목적지21 |  348스텝 | 배송 21/21 | 재적재  2 | 중계율 0.16 | alpha 1.090 | complete
Ep 512 | 드론4 목적지23 |  794스텝 | 배송 23/23 | 재적재  3 | 중계율 0.24 | alpha 1.092 | complete
Ep 513 | 드론3 목적지66 | 1000스텝 | 배송 54/66 | 재적재 10 | 중계율 0.16 | alpha 1.076 | step_limit
Ep 514 | 드론4 목적지38 |  810스텝 | 배송 38/38 | 재적재  6 | 중계율 0.19 | alpha 1.072 | complete
Ep 515 | 드론5 목적지23 |  331스텝 | 배송 23/23 | 재적재  3 | 중계율 0.17 | alpha 1.078 | complete
Ep 516 | 드론5 목적지34 |  414스텝 | 배송 34/34 | 재적재  4 | 중계율 0.15 | alpha 1.087 | complete
Ep 517 | 드론4 목적지73 | 1000스텝 | 배송 64/73 | 재적재 10 | 중계율 0.21 | alpha 1.102 | step_limit
Ep 518 | 드론5 목적지43 |  612스텝 | 배송 43/43 | 재적재  7 | 중계율 0.14 | alpha 1.095 | complete
Ep 519 | 드론4 목적지65 | 1000스텝 | 배송 63/65 | 재적재 11 | 중계율 0.23 | alpha 1.076 | step_limit
Ep 520 | 드론5 목적지55 |  605스텝 | 배송 55/55 | 재적재  9 | 중계율 0.18 | alpha 1.067 | complete
Ep 521 | 드론4 목적지62 |  915스텝 | 배송 62/62 | 재적재 10 | 중계율 0.18 | alpha 1.076 | complete
Ep 522 | 드론6 목적지37 |  381스텝 | 배송 37/37 | 재적재  5 | 중계율 0.13 | alpha 1.073 | complete
Ep 523 | 드론6 목적지66 |  552스텝 | 배송 66/66 | 재적재 10 | 중계율 0.13 | alpha 1.088 | complete
Ep 524 | 드론4 목적지57 |  655스텝 | 배송 57/57 | 재적재  9 | 중계율 0.10 | alpha 1.075 | complete
Ep 525 | 드론4 목적지39 |  699스텝 | 배송 39/39 | 재적재  6 | 중계율 0.15 | alpha 1.091 | complete
Ep 526 | 드론5 목적지73 |  648스텝 | 배송 73/73 | 재적재 12 | 중계율 0.15 | alpha 1.094 | complete
Ep 527 | 드론6 목적지58 |  421스텝 | 배송 58/58 | 재적재  8 | 중계율 0.09 | alpha 1.095 | complete
Ep 528 | 드론5 목적지46 |  448스텝 | 배송 46/46 | 재적재  7 | 중계율 0.10 | alpha 1.104 | complete
Ep 529 | 드론6 목적지20 |  166스텝 | 배송 20/20 | 재적재  1 | 중계율 0.09 | alpha 1.108 | complete
Ep 530 | 드론6 목적지72 |  504스텝 | 배송 72/72 | 재적재 10 | 중계율 0.13 | alpha 1.092 | complete
Ep 531 | 드론3 목적지21 |  482스텝 | 배송 21/21 | 재적재  3 | 중계율 0.15 | alpha 1.083 | complete
Ep 532 | 드론5 목적지32 |  562스텝 | 배송 32/32 | 재적재  5 | 중계율 0.17 | alpha 1.082 | complete
Ep 533 | 드론4 목적지79 |  964스텝 | 배송 79/79 | 재적재 13 | 중계율 0.23 | alpha 1.075 | complete
Ep 534 | 드론6 목적지56 |  482스텝 | 배송 56/56 | 재적재  8 | 중계율 0.15 | alpha 1.078 | complete
Ep 535 | 드론3 목적지68 | 1000스텝 | 배송 56/68 | 재적재  9 | 중계율 0.20 | alpha 1.061 | step_limit
Ep 536 | 드론5 목적지57 |  689스텝 | 배송 57/57 | 재적재  8 | 중계율 0.20 | alpha 1.053 | complete
Ep 537 | 드론4 목적지49 |  704스텝 | 배송 49/49 | 재적재  7 | 중계율 0.17 | alpha 1.047 | complete
Ep 538 | 드론4 목적지38 |  765스텝 | 배송 38/38 | 재적재  6 | 중계율 0.16 | alpha 1.045 | complete
Ep 539 | 드론5 목적지79 |  849스텝 | 배송 79/79 | 재적재 14 | 중계율 0.16 | alpha 1.050 | complete
Ep 540 | 드론6 목적지70 |  606스텝 | 배송 70/70 | 재적재 10 | 중계율 0.10 | alpha 1.051 | complete
Ep 541 | 드론5 목적지77 |  634스텝 | 배송 77/77 | 재적재 13 | 중계율 0.15 | alpha 1.062 | complete
Ep 542 | 드론5 목적지53 |  599스텝 | 배송 53/53 | 재적재  8 | 중계율 0.15 | alpha 1.070 | complete
Ep 543 | 드론3 목적지49 |  903스텝 | 배송 49/49 | 재적재  8 | 중계율 0.24 | alpha 1.086 | complete
Ep 544 | 드론6 목적지68 |  617스텝 | 배송 68/68 | 재적재 12 | 중계율 0.16 | alpha 1.088 | complete
Ep 545 | 드론6 목적지56 |  564스텝 | 배송 56/56 | 재적재  7 | 중계율 0.16 | alpha 1.078 | complete
Ep 546 | 드론6 목적지75 |  703스텝 | 배송 75/75 | 재적재 12 | 중계율 0.09 | alpha 1.062 | complete
Ep 547 | 드론4 목적지71 | 1000스텝 | 배송 62/71 | 재적재 11 | 중계율 0.22 | alpha 1.083 | step_limit
Ep 548 | 드론4 목적지80 | 1000스텝 | 배송 70/80 | 재적재 12 | 중계율 0.17 | alpha 1.056 | step_limit
Ep 549 | 드론5 목적지38 |  506스텝 | 배송 38/38 | 재적재  5 | 중계율 0.13 | alpha 1.046 | complete
Ep 550 | 드론5 목적지49 |  473스텝 | 배송 49/49 | 재적재  9 | 중계율 0.08 | alpha 1.063 | complete
  [홀드아웃] 배송 49.8±1.5 완주 0.95 스텝 1053 점수 101.5 재적재 8.1 2홉+ 0.61 | 최고 106.7@ep400 정체 3/15
Ep 551 | 드론3 목적지56 | 1000스텝 | 배송 51/56 | 재적재  8 | 중계율 0.20 | alpha 1.075 | step_limit
Ep 552 | 드론6 목적지27 |  662스텝 | 배송 27/27 | 재적재  2 | 중계율 0.20 | alpha 1.058 | complete
Ep 553 | 드론3 목적지46 |  870스텝 | 배송 46/46 | 재적재  8 | 중계율 0.18 | alpha 1.054 | complete
Ep 554 | 드론5 목적지72 |  605스텝 | 배송 72/72 | 재적재 12 | 중계율 0.09 | alpha 1.050 | complete
Ep 555 | 드론3 목적지68 | 1000스텝 | 배송 49/68 | 재적재  8 | 중계율 0.22 | alpha 1.055 | step_limit
Ep 556 | 드론4 목적지30 |  667스텝 | 배송 30/30 | 재적재  4 | 중계율 0.15 | alpha 1.040 | complete
Ep 557 | 드론4 목적지46 |  886스텝 | 배송 46/46 | 재적재  6 | 중계율 0.12 | alpha 1.026 | complete
Ep 558 | 드론5 목적지66 |  875스텝 | 배송 66/66 | 재적재 10 | 중계율 0.27 | alpha 1.005 | complete
Ep 559 | 드론6 목적지78 |  663스텝 | 배송 78/78 | 재적재 13 | 중계율 0.15 | alpha 1.003 | complete
Ep 560 | 드론3 목적지22 |  348스텝 | 배송 22/22 | 재적재  2 | 중계율 0.09 | alpha 1.005 | complete
Ep 561 | 드론4 목적지29 |  379스텝 | 배송 29/29 | 재적재  4 | 중계율 0.04 | alpha 0.998 | complete
Ep 562 | 드론5 목적지71 |  680스텝 | 배송 71/71 | 재적재 11 | 중계율 0.07 | alpha 0.999 | complete
Ep 563 | 드론6 목적지61 |  699스텝 | 배송 61/61 | 재적재 10 | 중계율 0.17 | alpha 1.030 | complete
Ep 564 | 드론6 목적지44 |  311스텝 | 배송 44/44 | 재적재  6 | 중계율 0.08 | alpha 1.038 | complete
Ep 565 | 드론6 목적지21 |  229스텝 | 배송 21/21 | 재적재  1 | 중계율 0.15 | alpha 1.041 | complete
Ep 566 | 드론5 목적지23 |  496스텝 | 배송 23/23 | 재적재  1 | 중계율 0.12 | alpha 1.043 | complete
Ep 567 | 드론6 목적지57 |  496스텝 | 배송 57/57 | 재적재  9 | 중계율 0.07 | alpha 1.042 | complete
Ep 568 | 드론6 목적지23 |  222스텝 | 배송 23/23 | 재적재  0 | 중계율 0.15 | alpha 1.045 | complete
Ep 569 | 드론5 목적지79 | 1000스텝 | 배송 77/79 | 재적재 14 | 중계율 0.23 | alpha 1.035 | step_limit
Ep 570 | 드론5 목적지70 |  915스텝 | 배송 70/70 | 재적재 13 | 중계율 0.19 | alpha 1.036 | complete
Ep 571 | 드론6 목적지78 |  603스텝 | 배송 78/78 | 재적재 14 | 중계율 0.08 | alpha 1.043 | complete
Ep 572 | 드론5 목적지70 |  826스텝 | 배송 70/70 | 재적재 12 | 중계율 0.18 | alpha 1.035 | complete
Ep 573 | 드론3 목적지77 | 1000스텝 | 배송 57/77 | 재적재 10 | 중계율 0.19 | alpha 1.017 | step_limit
Ep 574 | 드론5 목적지34 |  545스텝 | 배송 34/34 | 재적재  5 | 중계율 0.16 | alpha 1.014 | complete
Ep 575 | 드론3 목적지21 |  595스텝 | 배송 21/21 | 재적재  3 | 중계율 0.12 | alpha 1.014 | complete
Ep 576 | 드론4 목적지39 |  434스텝 | 배송 39/39 | 재적재  6 | 중계율 0.09 | alpha 1.010 | complete
Ep 577 | 드론6 목적지53 |  532스텝 | 배송 53/53 | 재적재  8 | 중계율 0.15 | alpha 1.027 | complete
Ep 578 | 드론5 목적지29 |  530스텝 | 배송 29/29 | 재적재  4 | 중계율 0.12 | alpha 1.037 | complete
Ep 579 | 드론4 목적지67 |  980스텝 | 배송 67/67 | 재적재 13 | 중계율 0.20 | alpha 1.044 | complete
Ep 580 | 드론5 목적지39 |  665스텝 | 배송 39/39 | 재적재  5 | 중계율 0.19 | alpha 1.042 | complete
Ep 581 | 드론4 목적지25 |  446스텝 | 배송 25/25 | 재적재  2 | 중계율 0.22 | alpha 1.046 | complete
Ep 582 | 드론3 목적지27 |  513스텝 | 배송 27/27 | 재적재  4 | 중계율 0.10 | alpha 1.036 | complete
Ep 583 | 드론3 목적지67 | 1000스텝 | 배송 62/67 | 재적재 11 | 중계율 0.27 | alpha 1.029 | step_limit
Ep 584 | 드론5 목적지70 |  825스텝 | 배송 70/70 | 재적재 13 | 중계율 0.16 | alpha 1.025 | complete
Ep 585 | 드론3 목적지50 |  981스텝 | 배송 50/50 | 재적재  8 | 중계율 0.23 | alpha 0.999 | complete
Ep 586 | 드론3 목적지55 | 1000스텝 | 배송 50/55 | 재적재  8 | 중계율 0.30 | alpha 0.989 | step_limit
Ep 587 | 드론6 목적지46 |  496스텝 | 배송 46/46 | 재적재  7 | 중계율 0.14 | alpha 0.997 | complete
Ep 588 | 드론3 목적지39 |  715스텝 | 배송 39/39 | 재적재  6 | 중계율 0.18 | alpha 1.001 | complete
Ep 589 | 드론6 목적지48 |  606스텝 | 배송 48/48 | 재적재  7 | 중계율 0.15 | alpha 0.995 | complete
Ep 590 | 드론4 목적지55 |  662스텝 | 배송 55/55 | 재적재  9 | 중계율 0.11 | alpha 0.994 | complete
Ep 591 | 드론3 목적지70 | 1000스텝 | 배송 56/70 | 재적재  9 | 중계율 0.22 | alpha 1.009 | step_limit
Ep 592 | 드론3 목적지45 | 1000스텝 | 배송 37/45 | 재적재  7 | 중계율 0.27 | alpha 1.018 | step_limit
Ep 593 | 드론4 목적지27 |  453스텝 | 배송 27/27 | 재적재  4 | 중계율 0.12 | alpha 1.021 | complete
Ep 594 | 드론4 목적지77 | 1000스텝 | 배송 58/77 | 재적재  9 | 중계율 0.30 | alpha 1.008 | step_limit
Ep 595 | 드론5 목적지64 |  796스텝 | 배송 64/64 | 재적재 10 | 중계율 0.18 | alpha 1.024 | complete
Ep 596 | 드론3 목적지66 | 1000스텝 | 배송 56/66 | 재적재 10 | 중계율 0.21 | alpha 1.002 | step_limit
Ep 597 | 드론5 목적지31 |  454스텝 | 배송 31/31 | 재적재  3 | 중계율 0.20 | alpha 0.999 | complete
Ep 598 | 드론5 목적지64 |  932스텝 | 배송 64/64 | 재적재 10 | 중계율 0.24 | alpha 1.006 | complete
Ep 599 | 드론3 목적지39 |  949스텝 | 배송 39/39 | 재적재  6 | 중계율 0.32 | alpha 1.018 | complete
Ep 600 | 드론6 목적지80 |  606스텝 | 배송 80/80 | 재적재 14 | 중계율 0.13 | alpha 0.998 | complete
  [홀드아웃] 배송 50.0±0.0 완주 1.00 스텝 1031 점수 106.6 재적재 8.2 2홉+ 0.62 | 최고 106.7@ep400 정체 4/15
Ep 601 | 드론4 목적지28 |  597스텝 | 배송 28/28 | 재적재  3 | 중계율 0.18 | alpha 0.993 | complete
Ep 602 | 드론4 목적지78 | 1000스텝 | 배송 74/78 | 재적재 12 | 중계율 0.14 | alpha 1.018 | step_limit
Ep 603 | 드론4 목적지64 | 1000스텝 | 배송 52/64 | 재적재  9 | 중계율 0.27 | alpha 1.015 | step_limit
Ep 604 | 드론5 목적지68 |  907스텝 | 배송 68/68 | 재적재 12 | 중계율 0.17 | alpha 1.014 | complete
Ep 605 | 드론5 목적지55 |  774스텝 | 배송 55/55 | 재적재  8 | 중계율 0.15 | alpha 1.001 | complete
Ep 606 | 드론6 목적지69 |  474스텝 | 배송 69/69 | 재적재 11 | 중계율 0.06 | alpha 1.003 | complete
Ep 607 | 드론3 목적지31 |  707스텝 | 배송 31/31 | 재적재  4 | 중계율 0.27 | alpha 1.003 | complete
Ep 608 | 드론4 목적지59 | 1000스텝 | 배송 58/59 | 재적재 10 | 중계율 0.30 | alpha 0.974 | step_limit
Ep 609 | 드론5 목적지56 |  859스텝 | 배송 56/56 | 재적재  9 | 중계율 0.21 | alpha 0.966 | complete
Ep 610 | 드론4 목적지59 | 1000스텝 | 배송 55/59 | 재적재  9 | 중계율 0.19 | alpha 0.991 | step_limit
Ep 611 | 드론3 목적지21 |  422스텝 | 배송 21/21 | 재적재  3 | 중계율 0.13 | alpha 0.988 | complete
Ep 612 | 드론4 목적지27 |  570스텝 | 배송 27/27 | 재적재  4 | 중계율 0.16 | alpha 0.984 | complete
Ep 613 | 드론4 목적지80 | 1000스텝 | 배송 79/80 | 재적재 14 | 중계율 0.13 | alpha 0.997 | step_limit
Ep 614 | 드론4 목적지54 |  824스텝 | 배송 54/54 | 재적재  9 | 중계율 0.19 | alpha 0.985 | complete
Ep 615 | 드론3 목적지56 | 1000스텝 | 배송 55/56 | 재적재 10 | 중계율 0.15 | alpha 0.979 | step_limit
Ep 616 | 드론6 목적지71 |  923스텝 | 배송 71/71 | 재적재 10 | 중계율 0.24 | alpha 0.978 | complete
Ep 617 | 드론4 목적지67 |  983스텝 | 배송 67/67 | 재적재 10 | 중계율 0.21 | alpha 0.955 | complete
Ep 618 | 드론4 목적지52 |  737스텝 | 배송 52/52 | 재적재  8 | 중계율 0.17 | alpha 0.959 | complete
Ep 619 | 드론5 목적지54 |  609스텝 | 배송 54/54 | 재적재  9 | 중계율 0.09 | alpha 0.954 | complete
Ep 620 | 드론5 목적지66 |  651스텝 | 배송 66/66 | 재적재 12 | 중계율 0.13 | alpha 0.962 | complete
Ep 621 | 드론3 목적지46 |  784스텝 | 배송 46/46 | 재적재  7 | 중계율 0.15 | alpha 0.953 | complete
Ep 622 | 드론4 목적지28 |  464스텝 | 배송 28/28 | 재적재  4 | 중계율 0.15 | alpha 0.950 | complete
Ep 623 | 드론6 목적지44 |  420스텝 | 배송 44/44 | 재적재  7 | 중계율 0.09 | alpha 0.954 | complete
Ep 624 | 드론3 목적지42 |  837스텝 | 배송 42/42 | 재적재  7 | 중계율 0.12 | alpha 0.961 | complete
Ep 625 | 드론4 목적지37 |  836스텝 | 배송 37/37 | 재적재  5 | 중계율 0.15 | alpha 0.954 | complete
Ep 626 | 드론4 목적지68 |  798스텝 | 배송 68/68 | 재적재 12 | 중계율 0.13 | alpha 0.955 | complete
Ep 627 | 드론6 목적지27 |  217스텝 | 배송 27/27 | 재적재  2 | 중계율 0.10 | alpha 0.953 | complete
Ep 628 | 드론6 목적지38 |  319스텝 | 배송 38/38 | 재적재  6 | 중계율 0.06 | alpha 0.953 | complete
Ep 629 | 드론5 목적지57 |  491스텝 | 배송 57/57 | 재적재 10 | 중계율 0.11 | alpha 0.953 | complete
Ep 630 | 드론3 목적지73 | 1000스텝 | 배송 64/73 | 재적재 12 | 중계율 0.21 | alpha 0.951 | step_limit
Ep 631 | 드론4 목적지58 | 1000스텝 | 배송 55/58 | 재적재  8 | 중계율 0.31 | alpha 0.949 | step_limit
Ep 632 | 드론6 목적지36 |  309스텝 | 배송 36/36 | 재적재  4 | 중계율 0.04 | alpha 0.946 | complete
Ep 633 | 드론3 목적지46 | 1000스텝 | 배송 43/46 | 재적재  8 | 중계율 0.26 | alpha 0.938 | step_limit
Ep 634 | 드론4 목적지25 |  294스텝 | 배송 25/25 | 재적재  3 | 중계율 0.09 | alpha 0.929 | complete
Ep 635 | 드론4 목적지39 |  717스텝 | 배송 39/39 | 재적재  6 | 중계율 0.19 | alpha 0.921 | complete
Ep 636 | 드론6 목적지28 |  231스텝 | 배송 28/28 | 재적재  4 | 중계율 0.07 | alpha 0.919 | complete
Ep 637 | 드론6 목적지39 |  388스텝 | 배송 39/39 | 재적재  5 | 중계율 0.11 | alpha 0.924 | complete
Ep 638 | 드론4 목적지46 |  989스텝 | 배송 46/46 | 재적재  7 | 중계율 0.32 | alpha 0.933 | complete
Ep 639 | 드론6 목적지21 |  203스텝 | 배송 21/21 | 재적재  0 | 중계율 0.10 | alpha 0.930 | complete
Ep 640 | 드론3 목적지55 | 1000스텝 | 배송 48/55 | 재적재  9 | 중계율 0.22 | alpha 0.920 | step_limit
Ep 641 | 드론4 목적지74 | 1000스텝 | 배송 65/74 | 재적재 11 | 중계율 0.27 | alpha 0.903 | step_limit
Ep 642 | 드론4 목적지24 |  406스텝 | 배송 24/24 | 재적재  3 | 중계율 0.11 | alpha 0.907 | complete
Ep 643 | 드론5 목적지57 |  603스텝 | 배송 57/57 | 재적재  9 | 중계율 0.19 | alpha 0.917 | complete
Ep 644 | 드론4 목적지45 |  970스텝 | 배송 45/45 | 재적재  8 | 중계율 0.21 | alpha 0.917 | complete
Ep 645 | 드론3 목적지48 |  914스텝 | 배송 48/48 | 재적재  7 | 중계율 0.22 | alpha 0.908 | complete
Ep 646 | 드론4 목적지25 |  401스텝 | 배송 25/25 | 재적재  3 | 중계율 0.20 | alpha 0.904 | complete
Ep 647 | 드론4 목적지26 |  417스텝 | 배송 26/26 | 재적재  3 | 중계율 0.14 | alpha 0.900 | complete
Ep 648 | 드론4 목적지48 |  551스텝 | 배송 48/48 | 재적재  8 | 중계율 0.11 | alpha 0.897 | complete
Ep 649 | 드론6 목적지69 |  586스텝 | 배송 69/69 | 재적재 11 | 중계율 0.13 | alpha 0.904 | complete
Ep 650 | 드론4 목적지64 |  804스텝 | 배송 64/64 | 재적재 12 | 중계율 0.16 | alpha 0.909 | complete
  [홀드아웃] 배송 49.9±0.4 완주 0.96 스텝 983 점수 103.0 재적재 8.3 2홉+ 0.63 | 최고 106.7@ep400 정체 5/15
Ep 651 | 드론5 목적지77 | 1000스텝 | 배송 61/77 | 재적재 11 | 중계율 0.21 | alpha 0.902 | step_limit
Ep 652 | 드론4 목적지32 |  532스텝 | 배송 32/32 | 재적재  5 | 중계율 0.14 | alpha 0.909 | complete
Ep 653 | 드론4 목적지77 | 1000스텝 | 배송 75/77 | 재적재 14 | 중계율 0.18 | alpha 0.908 | step_limit
Ep 654 | 드론6 목적지21 |  216스텝 | 배송 21/21 | 재적재  0 | 중계율 0.19 | alpha 0.900 | complete
Ep 655 | 드론4 목적지28 |  476스텝 | 배송 28/28 | 재적재  4 | 중계율 0.12 | alpha 0.894 | complete
Ep 656 | 드론4 목적지50 |  818스텝 | 배송 50/50 | 재적재  9 | 중계율 0.22 | alpha 0.890 | complete
Ep 657 | 드론5 목적지62 |  678스텝 | 배송 62/62 | 재적재 11 | 중계율 0.09 | alpha 0.887 | complete
Ep 658 | 드론3 목적지50 | 1000스텝 | 배송 48/50 | 재적재  8 | 중계율 0.20 | alpha 0.876 | step_limit
Ep 659 | 드론5 목적지39 |  393스텝 | 배송 39/39 | 재적재  6 | 중계율 0.07 | alpha 0.877 | complete
Ep 660 | 드론5 목적지65 |  639스텝 | 배송 65/65 | 재적재 11 | 중계율 0.11 | alpha 0.873 | complete
Ep 661 | 드론6 목적지20 |  229스텝 | 배송 20/20 | 재적재  1 | 중계율 0.07 | alpha 0.866 | complete
Ep 662 | 드론6 목적지46 |  327스텝 | 배송 46/46 | 재적재  5 | 중계율 0.09 | alpha 0.862 | complete
Ep 663 | 드론4 목적지78 | 1000스텝 | 배송 77/78 | 재적재 13 | 중계율 0.21 | alpha 0.870 | step_limit
Ep 664 | 드론4 목적지28 |  404스텝 | 배송 28/28 | 재적재  4 | 중계율 0.10 | alpha 0.876 | complete
Ep 665 | 드론3 목적지25 |  665스텝 | 배송 25/25 | 재적재  4 | 중계율 0.21 | alpha 0.875 | complete
Ep 666 | 드론5 목적지74 |  714스텝 | 배송 74/74 | 재적재 13 | 중계율 0.15 | alpha 0.885 | complete
Ep 667 | 드론4 목적지50 |  691스텝 | 배송 50/50 | 재적재  8 | 중계율 0.17 | alpha 0.875 | complete
Ep 668 | 드론6 목적지80 |  520스텝 | 배송 80/80 | 재적재 12 | 중계율 0.10 | alpha 0.870 | complete
Ep 669 | 드론5 목적지53 |  409스텝 | 배송 53/53 | 재적재  9 | 중계율 0.06 | alpha 0.868 | complete
Ep 670 | 드론3 목적지68 | 1000스텝 | 배송 61/68 | 재적재 10 | 중계율 0.27 | alpha 0.849 | step_limit
Ep 671 | 드론3 목적지60 | 1000스텝 | 배송 47/60 | 재적재  8 | 중계율 0.25 | alpha 0.858 | step_limit
Ep 672 | 드론3 목적지50 |  695스텝 | 배송 50/50 | 재적재  9 | 중계율 0.12 | alpha 0.865 | complete
Ep 673 | 드론6 목적지54 |  543스텝 | 배송 54/54 | 재적재  7 | 중계율 0.15 | alpha 0.873 | complete
Ep 674 | 드론6 목적지73 |  532스텝 | 배송 73/73 | 재적재 11 | 중계율 0.09 | alpha 0.881 | complete
Ep 675 | 드론4 목적지74 |  773스텝 | 배송 74/74 | 재적재 12 | 중계율 0.08 | alpha 0.869 | complete
Ep 676 | 드론4 목적지46 |  805스텝 | 배송 46/46 | 재적재  7 | 중계율 0.23 | alpha 0.858 | complete
Ep 677 | 드론3 목적지79 | 1000스텝 | 배송 72/79 | 재적재 13 | 중계율 0.22 | alpha 0.849 | step_limit
Ep 678 | 드론5 목적지41 |  526스텝 | 배송 41/41 | 재적재  7 | 중계율 0.20 | alpha 0.855 | complete
Ep 679 | 드론5 목적지58 |  608스텝 | 배송 58/58 | 재적재  8 | 중계율 0.15 | alpha 0.850 | complete
Ep 680 | 드론3 목적지31 |  785스텝 | 배송 31/31 | 재적재  5 | 중계율 0.19 | alpha 0.856 | complete
Ep 681 | 드론6 목적지65 |  735스텝 | 배송 65/65 | 재적재 11 | 중계율 0.16 | alpha 0.863 | complete
Ep 682 | 드론4 목적지72 | 1000스텝 | 배송 64/72 | 재적재 11 | 중계율 0.18 | alpha 0.861 | step_limit
Ep 683 | 드론6 목적지52 |  500스텝 | 배송 52/52 | 재적재  6 | 중계율 0.17 | alpha 0.842 | complete
Ep 684 | 드론3 목적지40 |  799스텝 | 배송 40/40 | 재적재  6 | 중계율 0.24 | alpha 0.848 | complete
Ep 685 | 드론4 목적지74 | 1000스텝 | 배송 72/74 | 재적재 12 | 중계율 0.21 | alpha 0.857 | step_limit
Ep 686 | 드론6 목적지58 |  464스텝 | 배송 58/58 | 재적재  9 | 중계율 0.09 | alpha 0.855 | complete
Ep 687 | 드론4 목적지46 |  988스텝 | 배송 46/46 | 재적재  7 | 중계율 0.24 | alpha 0.838 | complete
Ep 688 | 드론6 목적지33 |  289스텝 | 배송 33/33 | 재적재  5 | 중계율 0.11 | alpha 0.839 | complete
Ep 689 | 드론5 목적지80 |  823스텝 | 배송 80/80 | 재적재 13 | 중계율 0.16 | alpha 0.837 | complete
Ep 690 | 드론3 목적지26 |  480스텝 | 배송 26/26 | 재적재  4 | 중계율 0.10 | alpha 0.834 | complete
Ep 691 | 드론4 목적지40 |  768스텝 | 배송 40/40 | 재적재  7 | 중계율 0.18 | alpha 0.837 | complete
Ep 692 | 드론3 목적지49 |  801스텝 | 배송 49/49 | 재적재  8 | 중계율 0.16 | alpha 0.853 | complete
Ep 693 | 드론5 목적지56 |  658스텝 | 배송 56/56 | 재적재  8 | 중계율 0.15 | alpha 0.857 | complete
Ep 694 | 드론4 목적지69 |  772스텝 | 배송 69/69 | 재적재 11 | 중계율 0.14 | alpha 0.855 | complete
Ep 695 | 드론5 목적지32 |  331스텝 | 배송 32/32 | 재적재  3 | 중계율 0.12 | alpha 0.862 | complete
Ep 696 | 드론4 목적지48 |  853스텝 | 배송 48/48 | 재적재  8 | 중계율 0.18 | alpha 0.864 | complete
Ep 697 | 드론3 목적지58 | 1000스텝 | 배송 56/58 | 재적재 11 | 중계율 0.22 | alpha 0.855 | step_limit
Ep 698 | 드론5 목적지65 |  847스텝 | 배송 65/65 | 재적재 11 | 중계율 0.20 | alpha 0.842 | complete
Ep 699 | 드론5 목적지44 |  689스텝 | 배송 44/44 | 재적재  6 | 중계율 0.27 | alpha 0.841 | complete
Ep 700 | 드론6 목적지40 |  637스텝 | 배송 40/40 | 재적재  4 | 중계율 0.16 | alpha 0.843 | complete
  [홀드아웃] 배송 49.8±1.4 완주 0.95 스텝 994 점수 101.7 재적재 8.3 2홉+ 0.62 | 최고 106.7@ep400 정체 6/15
Ep 701 | 드론6 목적지26 |  394스텝 | 배송 26/26 | 재적재  4 | 중계율 0.16 | alpha 0.841 | complete
Ep 702 | 드론3 목적지66 | 1000스텝 | 배송 48/66 | 재적재  8 | 중계율 0.13 | alpha 0.824 | step_limit
Ep 703 | 드론4 목적지25 |  538스텝 | 배송 25/25 | 재적재  4 | 중계율 0.19 | alpha 0.823 | complete
Ep 704 | 드론6 목적지35 |  305스텝 | 배송 35/35 | 재적재  5 | 중계율 0.13 | alpha 0.822 | complete
Ep 705 | 드론4 목적지24 |  390스텝 | 배송 24/24 | 재적재  3 | 중계율 0.08 | alpha 0.816 | complete
Ep 706 | 드론3 목적지64 | 1000스텝 | 배송 63/64 | 재적재 12 | 중계율 0.22 | alpha 0.810 | step_limit
Ep 707 | 드론4 목적지24 |  487스텝 | 배송 24/24 | 재적재  2 | 중계율 0.11 | alpha 0.810 | complete
Ep 708 | 드론6 목적지68 |  503스텝 | 배송 68/68 | 재적재  9 | 중계율 0.09 | alpha 0.804 | complete
Ep 709 | 드론4 목적지57 |  957스텝 | 배송 57/57 | 재적재 10 | 중계율 0.26 | alpha 0.802 | complete
Ep 710 | 드론6 목적지78 |  602스텝 | 배송 78/78 | 재적재 13 | 중계율 0.11 | alpha 0.810 | complete
Ep 711 | 드론6 목적지34 |  471스텝 | 배송 34/34 | 재적재  5 | 중계율 0.14 | alpha 0.811 | complete
Ep 712 | 드론4 목적지21 |  344스텝 | 배송 21/21 | 재적재  2 | 중계율 0.09 | alpha 0.807 | complete
Ep 713 | 드론3 목적지63 | 1000스텝 | 배송 58/63 | 재적재 10 | 중계율 0.31 | alpha 0.815 | step_limit
Ep 714 | 드론3 목적지64 | 1000스텝 | 배송 63/64 | 재적재 11 | 중계율 0.18 | alpha 0.788 | step_limit
Ep 715 | 드론5 목적지43 |  371스텝 | 배송 43/43 | 재적재  5 | 중계율 0.07 | alpha 0.788 | complete
Ep 716 | 드론3 목적지39 |  968스텝 | 배송 39/39 | 재적재  7 | 중계율 0.30 | alpha 0.785 | complete
Ep 717 | 드론4 목적지67 |  914스텝 | 배송 67/67 | 재적재 12 | 중계율 0.14 | alpha 0.784 | complete
Ep 718 | 드론5 목적지68 |  820스텝 | 배송 68/68 | 재적재 12 | 중계율 0.16 | alpha 0.777 | complete
Ep 719 | 드론5 목적지67 |  999스텝 | 배송 67/67 | 재적재 10 | 중계율 0.18 | alpha 0.757 | complete
Ep 720 | 드론3 목적지49 |  800스텝 | 배송 49/49 | 재적재  8 | 중계율 0.10 | alpha 0.753 | complete
Ep 721 | 드론4 목적지29 |  339스텝 | 배송 29/29 | 재적재  4 | 중계율 0.12 | alpha 0.765 | complete
Ep 722 | 드론6 목적지59 |  446스텝 | 배송 59/59 | 재적재 10 | 중계율 0.11 | alpha 0.772 | complete
Ep 723 | 드론5 목적지70 |  672스텝 | 배송 70/70 | 재적재 11 | 중계율 0.09 | alpha 0.783 | complete
Ep 724 | 드론4 목적지69 |  733스텝 | 배송 69/69 | 재적재 11 | 중계율 0.16 | alpha 0.775 | complete
Ep 725 | 드론4 목적지62 | 1000스텝 | 배송 60/62 | 재적재 10 | 중계율 0.25 | alpha 0.772 | step_limit
Ep 726 | 드론6 목적지56 |  437스텝 | 배송 56/56 | 재적재 10 | 중계율 0.13 | alpha 0.764 | complete
Ep 727 | 드론3 목적지57 |  927스텝 | 배송 57/57 | 재적재 10 | 중계율 0.16 | alpha 0.755 | complete
Ep 728 | 드론6 목적지43 |  706스텝 | 배송 43/43 | 재적재  6 | 중계율 0.20 | alpha 0.755 | complete
Ep 729 | 드론5 목적지77 |  880스텝 | 배송 77/77 | 재적재 13 | 중계율 0.13 | alpha 0.751 | complete
Ep 730 | 드론4 목적지27 |  466스텝 | 배송 27/27 | 재적재  2 | 중계율 0.15 | alpha 0.753 | complete
Ep 731 | 드론4 목적지80 |  927스텝 | 배송 80/80 | 재적재 14 | 중계율 0.15 | alpha 0.752 | complete
Ep 732 | 드론3 목적지80 | 1000스텝 | 배송 71/80 | 재적재 13 | 중계율 0.22 | alpha 0.745 | step_limit
Ep 733 | 드론5 목적지64 |  585스텝 | 배송 64/64 | 재적재 11 | 중계율 0.11 | alpha 0.744 | complete
Ep 734 | 드론3 목적지38 |  711스텝 | 배송 38/38 | 재적재  6 | 중계율 0.14 | alpha 0.745 | complete
Ep 735 | 드론5 목적지63 |  745스텝 | 배송 63/63 | 재적재 10 | 중계율 0.15 | alpha 0.734 | complete
Ep 736 | 드론4 목적지52 |  715스텝 | 배송 52/52 | 재적재  9 | 중계율 0.22 | alpha 0.725 | complete
Ep 737 | 드론3 목적지41 |  848스텝 | 배송 41/41 | 재적재  7 | 중계율 0.17 | alpha 0.727 | complete
Ep 738 | 드론5 목적지49 |  587스텝 | 배송 49/49 | 재적재  9 | 중계율 0.10 | alpha 0.726 | complete
Ep 739 | 드론4 목적지27 |  536스텝 | 배송 27/27 | 재적재  3 | 중계율 0.17 | alpha 0.727 | complete
Ep 740 | 드론3 목적지32 |  777스텝 | 배송 32/32 | 재적재  5 | 중계율 0.20 | alpha 0.733 | complete
Ep 741 | 드론4 목적지25 |  508스텝 | 배송 25/25 | 재적재  4 | 중계율 0.14 | alpha 0.731 | complete
Ep 742 | 드론3 목적지48 | 1000스텝 | 배송 47/48 | 재적재  9 | 중계율 0.22 | alpha 0.718 | step_limit
Ep 743 | 드론5 목적지54 |  791스텝 | 배송 54/54 | 재적재 10 | 중계율 0.11 | alpha 0.712 | complete
Ep 744 | 드론5 목적지24 |  473스텝 | 배송 24/24 | 재적재  3 | 중계율 0.15 | alpha 0.715 | complete
Ep 745 | 드론6 목적지37 |  301스텝 | 배송 37/37 | 재적재  5 | 중계율 0.13 | alpha 0.714 | complete
Ep 746 | 드론4 목적지50 |  968스텝 | 배송 50/50 | 재적재  7 | 중계율 0.32 | alpha 0.694 | complete
Ep 747 | 드론3 목적지78 | 1000스텝 | 배송 60/78 | 재적재 10 | 중계율 0.29 | alpha 0.694 | step_limit
Ep 748 | 드론4 목적지33 |  558스텝 | 배송 33/33 | 재적재  4 | 중계율 0.16 | alpha 0.686 | complete
Ep 749 | 드론4 목적지20 |  371스텝 | 배송 20/20 | 재적재  2 | 중계율 0.16 | alpha 0.688 | complete
Ep 750 | 드론5 목적지80 |  747스텝 | 배송 80/80 | 재적재 14 | 중계율 0.11 | alpha 0.692 | complete
  [홀드아웃] 배송 49.9±0.6 완주 0.96 스텝 1018 점수 102.9 재적재 8.2 2홉+ 0.63 | 최고 106.7@ep400 정체 7/15
Ep 751 | 드론6 목적지29 |  373스텝 | 배송 29/29 | 재적재  4 | 중계율 0.10 | alpha 0.697 | complete
Ep 752 | 드론5 목적지21 |  429스텝 | 배송 21/21 | 재적재  2 | 중계율 0.18 | alpha 0.696 | complete
Ep 753 | 드론6 목적지21 |  247스텝 | 배송 21/21 | 재적재  1 | 중계율 0.11 | alpha 0.697 | complete
Ep 754 | 드론5 목적지39 |  458스텝 | 배송 39/39 | 재적재  7 | 중계율 0.16 | alpha 0.692 | complete
Ep 755 | 드론3 목적지68 | 1000스텝 | 배송 58/68 | 재적재 10 | 중계율 0.26 | alpha 0.694 | step_limit
Ep 756 | 드론3 목적지80 | 1000스텝 | 배송 60/80 | 재적재 11 | 중계율 0.18 | alpha 0.694 | step_limit
Ep 757 | 드론5 목적지62 |  679스텝 | 배송 62/62 | 재적재 10 | 중계율 0.08 | alpha 0.687 | complete
Ep 758 | 드론5 목적지36 |  421스텝 | 배송 36/36 | 재적재  4 | 중계율 0.19 | alpha 0.692 | complete
Ep 759 | 드론6 목적지46 |  602스텝 | 배송 46/46 | 재적재  6 | 중계율 0.19 | alpha 0.693 | complete
Ep 760 | 드론3 목적지23 |  627스텝 | 배송 23/23 | 재적재  3 | 중계율 0.22 | alpha 0.691 | complete
Ep 761 | 드론6 목적지36 |  318스텝 | 배송 36/36 | 재적재  4 | 중계율 0.08 | alpha 0.694 | complete
Ep 762 | 드론3 목적지66 | 1000스텝 | 배송 63/66 | 재적재 10 | 중계율 0.19 | alpha 0.695 | step_limit
Ep 763 | 드론3 목적지24 |  494스텝 | 배송 24/24 | 재적재  3 | 중계율 0.15 | alpha 0.692 | complete
Ep 764 | 드론3 목적지27 |  575스텝 | 배송 27/27 | 재적재  4 | 중계율 0.11 | alpha 0.688 | complete
Ep 765 | 드론5 목적지43 |  446스텝 | 배송 43/43 | 재적재  7 | 중계율 0.08 | alpha 0.687 | complete
Ep 766 | 드론3 목적지25 |  392스텝 | 배송 25/25 | 재적재  3 | 중계율 0.15 | alpha 0.683 | complete
Ep 767 | 드론3 목적지65 | 1000스텝 | 배송 60/65 | 재적재 10 | 중계율 0.26 | alpha 0.685 | step_limit
Ep 768 | 드론3 목적지50 |  890스텝 | 배송 50/50 | 재적재  9 | 중계율 0.16 | alpha 0.680 | complete
Ep 769 | 드론5 목적지40 |  373스텝 | 배송 40/40 | 재적재  6 | 중계율 0.13 | alpha 0.682 | complete
Ep 770 | 드론6 목적지58 |  538스텝 | 배송 58/58 | 재적재  9 | 중계율 0.16 | alpha 0.678 | complete
Ep 771 | 드론3 목적지28 |  702스텝 | 배송 28/28 | 재적재  4 | 중계율 0.31 | alpha 0.684 | complete
Ep 772 | 드론5 목적지53 |  510스텝 | 배송 53/53 | 재적재  7 | 중계율 0.10 | alpha 0.690 | complete
Ep 773 | 드론3 목적지60 | 1000스텝 | 배송 59/60 | 재적재  9 | 중계율 0.28 | alpha 0.685 | step_limit
Ep 774 | 드론4 목적지60 | 1000스텝 | 배송 53/60 | 재적재  9 | 중계율 0.27 | alpha 0.680 | step_limit
Ep 775 | 드론3 목적지62 | 1000스텝 | 배송 46/62 | 재적재  8 | 중계율 0.19 | alpha 0.684 | step_limit
Ep 776 | 드론3 목적지47 |  872스텝 | 배송 47/47 | 재적재  8 | 중계율 0.22 | alpha 0.680 | complete
Ep 777 | 드론3 목적지77 | 1000스텝 | 배송 71/77 | 재적재 13 | 중계율 0.16 | alpha 0.676 | step_limit
Ep 778 | 드론3 목적지29 |  869스텝 | 배송 29/29 | 재적재  4 | 중계율 0.28 | alpha 0.675 | complete
Ep 779 | 드론4 목적지79 | 1000스텝 | 배송 62/79 | 재적재 10 | 중계율 0.26 | alpha 0.666 | step_limit
Ep 780 | 드론6 목적지50 |  650스텝 | 배송 50/50 | 재적재  8 | 중계율 0.20 | alpha 0.660 | complete
Ep 781 | 드론3 목적지53 | 1000스텝 | 배송 42/53 | 재적재  6 | 중계율 0.25 | alpha 0.653 | step_limit
Ep 782 | 드론3 목적지35 |  761스텝 | 배송 35/35 | 재적재  5 | 중계율 0.23 | alpha 0.646 | complete
Ep 783 | 드론6 목적지55 |  467스텝 | 배송 55/55 | 재적재 10 | 중계율 0.14 | alpha 0.646 | complete
Ep 784 | 드론3 목적지53 | 1000스텝 | 배송 46/53 | 재적재  8 | 중계율 0.24 | alpha 0.640 | step_limit
Ep 785 | 드론6 목적지56 |  546스텝 | 배송 56/56 | 재적재 10 | 중계율 0.15 | alpha 0.640 | complete
Ep 786 | 드론4 목적지73 | 1000스텝 | 배송 68/73 | 재적재 11 | 중계율 0.17 | alpha 0.638 | step_limit
Ep 787 | 드론5 목적지70 |  678스텝 | 배송 70/70 | 재적재 11 | 중계율 0.14 | alpha 0.630 | complete
Ep 788 | 드론4 목적지31 |  374스텝 | 배송 31/31 | 재적재  4 | 중계율 0.07 | alpha 0.626 | complete
Ep 789 | 드론4 목적지40 |  572스텝 | 배송 40/40 | 재적재  4 | 중계율 0.21 | alpha 0.619 | complete
Ep 790 | 드론6 목적지29 |  358스텝 | 배송 29/29 | 재적재  4 | 중계율 0.20 | alpha 0.617 | complete
Ep 791 | 드론6 목적지38 |  381스텝 | 배송 38/38 | 재적재  5 | 중계율 0.10 | alpha 0.612 | complete
Ep 792 | 드론6 목적지77 |  655스텝 | 배송 77/77 | 재적재 13 | 중계율 0.11 | alpha 0.610 | complete
Ep 793 | 드론3 목적지71 | 1000스텝 | 배송 69/71 | 재적재 12 | 중계율 0.21 | alpha 0.611 | step_limit
Ep 794 | 드론3 목적지33 |  597스텝 | 배송 33/33 | 재적재  5 | 중계율 0.13 | alpha 0.612 | complete
Ep 795 | 드론4 목적지76 | 1000스텝 | 배송 54/76 | 재적재  7 | 중계율 0.31 | alpha 0.611 | step_limit
Ep 796 | 드론4 목적지65 | 1000스텝 | 배송 63/65 | 재적재 11 | 중계율 0.20 | alpha 0.614 | step_limit
Ep 797 | 드론5 목적지72 |  704스텝 | 배송 72/72 | 재적재 12 | 중계율 0.13 | alpha 0.612 | complete
Ep 798 | 드론5 목적지54 |  590스텝 | 배송 54/54 | 재적재  8 | 중계율 0.18 | alpha 0.615 | complete
Ep 799 | 드론3 목적지35 | 1000스텝 | 배송 33/35 | 재적재  5 | 중계율 0.25 | alpha 0.619 | step_limit
Ep 800 | 드론4 목적지78 | 1000스텝 | 배송 73/78 | 재적재 14 | 중계율 0.20 | alpha 0.611 | step_limit
  [홀드아웃] 배송 49.8±1.6 완주 0.97 스텝 963 점수 104.3 재적재 8.3 2홉+ 0.63 | 최고 106.7@ep400 정체 8/15
Ep 801 | 드론4 목적지21 |  477스텝 | 배송 21/21 | 재적재  3 | 중계율 0.18 | alpha 0.607 | complete
Ep 802 | 드론6 목적지22 |  255스텝 | 배송 22/22 | 재적재  1 | 중계율 0.09 | alpha 0.607 | complete
Ep 803 | 드론6 목적지57 |  415스텝 | 배송 57/57 | 재적재  8 | 중계율 0.10 | alpha 0.606 | complete
Ep 804 | 드론3 목적지60 |  828스텝 | 배송 60/60 | 재적재 11 | 중계율 0.12 | alpha 0.604 | complete
Ep 805 | 드론6 목적지34 |  344스텝 | 배송 34/34 | 재적재  4 | 중계율 0.09 | alpha 0.611 | complete
Ep 806 | 드론4 목적지59 |  932스텝 | 배송 59/59 | 재적재 10 | 중계율 0.21 | alpha 0.614 | complete
Ep 807 | 드론5 목적지22 |  403스텝 | 배송 22/22 | 재적재  2 | 중계율 0.11 | alpha 0.614 | complete
Ep 808 | 드론3 목적지35 |  916스텝 | 배송 35/35 | 재적재  5 | 중계율 0.30 | alpha 0.610 | complete
Ep 809 | 드론4 목적지38 | 1000스텝 | 배송 35/38 | 재적재  4 | 중계율 0.27 | alpha 0.607 | step_limit
Ep 810 | 드론5 목적지47 |  702스텝 | 배송 47/47 | 재적재  6 | 중계율 0.26 | alpha 0.611 | complete
Ep 811 | 드론4 목적지70 | 1000스텝 | 배송 58/70 | 재적재 11 | 중계율 0.30 | alpha 0.616 | step_limit
Ep 812 | 드론4 목적지40 |  548스텝 | 배송 40/40 | 재적재  6 | 중계율 0.18 | alpha 0.618 | complete
Ep 813 | 드론3 목적지55 | 1000스텝 | 배송 50/55 | 재적재  8 | 중계율 0.28 | alpha 0.624 | step_limit
Ep 814 | 드론3 목적지38 |  675스텝 | 배송 38/38 | 재적재  6 | 중계율 0.14 | alpha 0.630 | complete
Ep 815 | 드론3 목적지75 | 1000스텝 | 배송 55/75 | 재적재 10 | 중계율 0.26 | alpha 0.632 | step_limit
Ep 816 | 드론5 목적지57 |  687스텝 | 배송 57/57 | 재적재 10 | 중계율 0.14 | alpha 0.626 | complete
Ep 817 | 드론4 목적지58 | 1000스텝 | 배송 55/58 | 재적재  8 | 중계율 0.25 | alpha 0.632 | step_limit
Ep 818 | 드론5 목적지21 |  344스텝 | 배송 21/21 | 재적재  2 | 중계율 0.20 | alpha 0.630 | complete
Ep 819 | 드론3 목적지70 | 1000스텝 | 배송 66/70 | 재적재 13 | 중계율 0.16 | alpha 0.620 | step_limit
Ep 820 | 드론6 목적지26 |  404스텝 | 배송 26/26 | 재적재  3 | 중계율 0.15 | alpha 0.618 | complete
Ep 821 | 드론5 목적지27 |  331스텝 | 배송 27/27 | 재적재  3 | 중계율 0.14 | alpha 0.617 | complete
Ep 822 | 드론5 목적지61 |  690스텝 | 배송 61/61 | 재적재  9 | 중계율 0.19 | alpha 0.612 | complete
Ep 823 | 드론5 목적지77 |  818스텝 | 배송 77/77 | 재적재 14 | 중계율 0.18 | alpha 0.609 | complete
Ep 824 | 드론3 목적지38 |  761스텝 | 배송 38/38 | 재적재  6 | 중계율 0.13 | alpha 0.621 | complete
Ep 825 | 드론4 목적지63 |  855스텝 | 배송 63/63 | 재적재 12 | 중계율 0.10 | alpha 0.626 | complete
Ep 826 | 드론5 목적지44 |  482스텝 | 배송 44/44 | 재적재  6 | 중계율 0.12 | alpha 0.628 | complete
Ep 827 | 드론5 목적지51 |  735스텝 | 배송 51/51 | 재적재  8 | 중계율 0.18 | alpha 0.631 | complete
Ep 828 | 드론3 목적지41 | 1000스텝 | 배송 37/41 | 재적재  7 | 중계율 0.26 | alpha 0.614 | step_limit
Ep 829 | 드론3 목적지22 |  578스텝 | 배송 22/22 | 재적재  3 | 중계율 0.15 | alpha 0.611 | complete
Ep 830 | 드론4 목적지48 |  721스텝 | 배송 48/48 | 재적재  8 | 중계율 0.17 | alpha 0.614 | complete
Ep 831 | 드론3 목적지61 | 1000스텝 | 배송 52/61 | 재적재  9 | 중계율 0.28 | alpha 0.621 | step_limit
Ep 832 | 드론4 목적지66 |  875스텝 | 배송 66/66 | 재적재 11 | 중계율 0.11 | alpha 0.623 | complete
Ep 833 | 드론4 목적지26 |  265스텝 | 배송 26/26 | 재적재  4 | 중계율 0.05 | alpha 0.627 | complete
Ep 834 | 드론6 목적지25 |  409스텝 | 배송 25/25 | 재적재  3 | 중계율 0.14 | alpha 0.633 | complete
Ep 835 | 드론3 목적지78 | 1000스텝 | 배송 58/78 | 재적재 10 | 중계율 0.24 | alpha 0.630 | step_limit
Ep 836 | 드론6 목적지22 |  223스텝 | 배송 22/22 | 재적재  0 | 중계율 0.16 | alpha 0.627 | complete
Ep 837 | 드론4 목적지74 | 1000스텝 | 배송 66/74 | 재적재 11 | 중계율 0.27 | alpha 0.620 | step_limit
Ep 838 | 드론6 목적지46 |  559스텝 | 배송 46/46 | 재적재  6 | 중계율 0.18 | alpha 0.613 | complete
Ep 839 | 드론4 목적지47 |  679스텝 | 배송 47/47 | 재적재  7 | 중계율 0.21 | alpha 0.613 | complete
Ep 840 | 드론5 목적지31 |  371스텝 | 배송 31/31 | 재적재  5 | 중계율 0.16 | alpha 0.617 | complete
Ep 841 | 드론3 목적지52 | 1000스텝 | 배송 47/52 | 재적재  8 | 중계율 0.28 | alpha 0.613 | step_limit
Ep 842 | 드론4 목적지30 |  356스텝 | 배송 30/30 | 재적재  4 | 중계율 0.09 | alpha 0.613 | complete
Ep 843 | 드론5 목적지75 | 1000스텝 | 배송 71/75 | 재적재 13 | 중계율 0.20 | alpha 0.601 | step_limit
Ep 844 | 드론5 목적지28 |  409스텝 | 배송 28/28 | 재적재  2 | 중계율 0.17 | alpha 0.595 | complete
Ep 845 | 드론4 목적지44 |  580스텝 | 배송 44/44 | 재적재  7 | 중계율 0.13 | alpha 0.594 | complete
Ep 846 | 드론4 목적지31 |  365스텝 | 배송 31/31 | 재적재  5 | 중계율 0.10 | alpha 0.597 | complete
Ep 847 | 드론6 목적지45 |  620스텝 | 배송 45/45 | 재적재  8 | 중계율 0.12 | alpha 0.593 | complete
Ep 848 | 드론3 목적지44 |  857스텝 | 배송 44/44 | 재적재  6 | 중계율 0.30 | alpha 0.593 | complete
Ep 849 | 드론3 목적지49 | 1000스텝 | 배송 43/49 | 재적재  7 | 중계율 0.27 | alpha 0.597 | step_limit
Ep 850 | 드론3 목적지47 | 1000스텝 | 배송 41/47 | 재적재  8 | 중계율 0.26 | alpha 0.597 | step_limit
  [홀드아웃] 배송 49.6±2.3 완주 0.95 스텝 1000 점수 101.7 재적재 8.1 2홉+ 0.63 | 최고 106.7@ep400 정체 9/15
Ep 851 | 드론6 목적지30 |  312스텝 | 배송 30/30 | 재적재  4 | 중계율 0.15 | alpha 0.599 | complete
Ep 852 | 드론6 목적지65 |  731스텝 | 배송 65/65 | 재적재 12 | 중계율 0.16 | alpha 0.594 | complete
Ep 853 | 드론4 목적지45 |  901스텝 | 배송 45/45 | 재적재  8 | 중계율 0.17 | alpha 0.588 | complete
Ep 854 | 드론6 목적지23 |  357스텝 | 배송 23/23 | 재적재  1 | 중계율 0.11 | alpha 0.584 | complete
Ep 855 | 드론6 목적지49 |  600스텝 | 배송 49/49 | 재적재  8 | 중계율 0.13 | alpha 0.580 | complete
Ep 856 | 드론3 목적지28 |  664스텝 | 배송 28/28 | 재적재  4 | 중계율 0.25 | alpha 0.582 | complete
Ep 857 | 드론3 목적지38 |  558스텝 | 배송 38/38 | 재적재  6 | 중계율 0.11 | alpha 0.586 | complete
Ep 858 | 드론6 목적지70 |  575스텝 | 배송 70/70 | 재적재 13 | 중계율 0.11 | alpha 0.589 | complete
Ep 859 | 드론6 목적지27 |  371스텝 | 배송 27/27 | 재적재  3 | 중계율 0.10 | alpha 0.590 | complete
Ep 860 | 드론6 목적지30 |  354스텝 | 배송 30/30 | 재적재  3 | 중계율 0.14 | alpha 0.589 | complete
Ep 861 | 드론3 목적지39 |  883스텝 | 배송 39/39 | 재적재  6 | 중계율 0.20 | alpha 0.588 | complete
Ep 862 | 드론6 목적지50 |  391스텝 | 배송 50/50 | 재적재  8 | 중계율 0.08 | alpha 0.586 | complete
Ep 863 | 드론6 목적지30 |  380스텝 | 배송 30/30 | 재적재  4 | 중계율 0.13 | alpha 0.590 | complete
Ep 864 | 드론5 목적지38 |  399스텝 | 배송 38/38 | 재적재  5 | 중계율 0.13 | alpha 0.592 | complete
Ep 865 | 드론5 목적지56 |  612스텝 | 배송 56/56 | 재적재  9 | 중계율 0.19 | alpha 0.592 | complete
Ep 866 | 드론3 목적지70 | 1000스텝 | 배송 59/70 | 재적재 10 | 중계율 0.22 | alpha 0.587 | step_limit
Ep 867 | 드론3 목적지48 | 1000스텝 | 배송 40/48 | 재적재  7 | 중계율 0.25 | alpha 0.586 | step_limit
Ep 868 | 드론5 목적지37 |  405스텝 | 배송 37/37 | 재적재  5 | 중계율 0.10 | alpha 0.585 | complete
Ep 869 | 드론5 목적지46 |  632스텝 | 배송 46/46 | 재적재  6 | 중계율 0.12 | alpha 0.577 | complete
Ep 870 | 드론3 목적지47 |  747스텝 | 배송 47/47 | 재적재  8 | 중계율 0.14 | alpha 0.570 | complete
Ep 871 | 드론3 목적지44 |  890스텝 | 배송 44/44 | 재적재  8 | 중계율 0.24 | alpha 0.554 | complete
Ep 872 | 드론4 목적지57 |  854스텝 | 배송 57/57 | 재적재 10 | 중계율 0.16 | alpha 0.542 | complete
Ep 873 | 드론6 목적지30 |  355스텝 | 배송 30/30 | 재적재  3 | 중계율 0.20 | alpha 0.536 | complete
Ep 874 | 드론3 목적지20 |  559스텝 | 배송 20/20 | 재적재  2 | 중계율 0.16 | alpha 0.536 | complete
Ep 875 | 드론6 목적지43 |  342스텝 | 배송 43/43 | 재적재  6 | 중계율 0.07 | alpha 0.537 | complete
Ep 876 | 드론5 목적지23 |  520스텝 | 배송 23/23 | 재적재  4 | 중계율 0.14 | alpha 0.532 | complete
Ep 877 | 드론3 목적지65 | 1000스텝 | 배송 45/65 | 재적재  8 | 중계율 0.19 | alpha 0.523 | step_limit
Ep 878 | 드론3 목적지65 | 1000스텝 | 배송 56/65 | 재적재 11 | 중계율 0.20 | alpha 0.527 | step_limit
Ep 879 | 드론5 목적지28 |  354스텝 | 배송 28/28 | 재적재  3 | 중계율 0.12 | alpha 0.526 | complete
Ep 880 | 드론6 목적지41 |  399스텝 | 배송 41/41 | 재적재  6 | 중계율 0.06 | alpha 0.521 | complete
Ep 881 | 드론4 목적지59 |  608스텝 | 배송 59/59 | 재적재 10 | 중계율 0.09 | alpha 0.520 | complete
Ep 882 | 드론3 목적지46 |  803스텝 | 배송 46/46 | 재적재  7 | 중계율 0.24 | alpha 0.520 | complete
Ep 883 | 드론5 목적지67 |  810스텝 | 배송 67/67 | 재적재 10 | 중계율 0.17 | alpha 0.530 | complete
Ep 884 | 드론4 목적지49 |  818스텝 | 배송 49/49 | 재적재  8 | 중계율 0.24 | alpha 0.532 | complete
Ep 885 | 드론3 목적지51 | 1000스텝 | 배송 48/51 | 재적재  8 | 중계율 0.30 | alpha 0.542 | step_limit
Ep 886 | 드론4 목적지36 |  728스텝 | 배송 36/36 | 재적재  5 | 중계율 0.24 | alpha 0.548 | complete
Ep 887 | 드론6 목적지36 |  366스텝 | 배송 36/36 | 재적재  4 | 중계율 0.11 | alpha 0.548 | complete
Ep 888 | 드론3 목적지48 | 1000스텝 | 배송 37/48 | 재적재  7 | 중계율 0.18 | alpha 0.552 | step_limit
Ep 889 | 드론6 목적지22 |  284스텝 | 배송 22/22 | 재적재  0 | 중계율 0.20 | alpha 0.553 | complete
Ep 890 | 드론3 목적지60 | 1000스텝 | 배송 54/60 | 재적재  9 | 중계율 0.32 | alpha 0.546 | step_limit
Ep 891 | 드론6 목적지80 |  950스텝 | 배송 80/80 | 재적재 14 | 중계율 0.16 | alpha 0.545 | complete
Ep 892 | 드론3 목적지73 | 1000스텝 | 배송 65/73 | 재적재 13 | 중계율 0.21 | alpha 0.561 | step_limit
Ep 893 | 드론4 목적지30 |  604스텝 | 배송 30/30 | 재적재  4 | 중계율 0.16 | alpha 0.570 | complete
Ep 894 | 드론3 목적지63 | 1000스텝 | 배송 48/63 | 재적재  8 | 중계율 0.25 | alpha 0.578 | step_limit
Ep 895 | 드론6 목적지28 |  237스텝 | 배송 28/28 | 재적재  1 | 중계율 0.11 | alpha 0.573 | complete
Ep 896 | 드론3 목적지39 |  743스텝 | 배송 39/39 | 재적재  7 | 중계율 0.27 | alpha 0.566 | complete
Ep 897 | 드론6 목적지53 |  679스텝 | 배송 53/53 | 재적재  8 | 중계율 0.19 | alpha 0.559 | complete
Ep 898 | 드론4 목적지66 | 1000스텝 | 배송 60/66 | 재적재 10 | 중계율 0.24 | alpha 0.555 | step_limit
Ep 899 | 드론4 목적지33 |  588스텝 | 배송 33/33 | 재적재  5 | 중계율 0.18 | alpha 0.560 | complete
Ep 900 | 드론5 목적지43 |  470스텝 | 배송 43/43 | 재적재  7 | 중계율 0.12 | alpha 0.551 | complete
  [홀드아웃] 배송 49.8±1.2 완주 0.96 스텝 995 점수 102.9 재적재 8.2 2홉+ 0.63 | 최고 106.7@ep400 정체 10/15
Ep 901 | 드론6 목적지59 |  527스텝 | 배송 59/59 | 재적재 10 | 중계율 0.12 | alpha 0.543 | complete
Ep 902 | 드론3 목적지29 |  716스텝 | 배송 29/29 | 재적재  4 | 중계율 0.29 | alpha 0.545 | complete
Ep 903 | 드론4 목적지75 |  990스텝 | 배송 75/75 | 재적재 13 | 중계율 0.19 | alpha 0.547 | complete
Ep 904 | 드론3 목적지71 | 1000스텝 | 배송 60/71 | 재적재 11 | 중계율 0.18 | alpha 0.551 | step_limit
Ep 905 | 드론6 목적지77 |  619스텝 | 배송 77/77 | 재적재 12 | 중계율 0.11 | alpha 0.558 | complete
Ep 906 | 드론6 목적지73 |  602스텝 | 배송 73/73 | 재적재 12 | 중계율 0.10 | alpha 0.565 | complete
Ep 907 | 드론3 목적지79 | 1000스텝 | 배송 56/79 | 재적재 10 | 중계율 0.19 | alpha 0.561 | step_limit
Ep 908 | 드론6 목적지33 |  405스텝 | 배송 33/33 | 재적재  3 | 중계율 0.17 | alpha 0.562 | complete
Ep 909 | 드론5 목적지29 |  315스텝 | 배송 29/29 | 재적재  3 | 중계율 0.06 | alpha 0.564 | complete
Ep 910 | 드론6 목적지41 |  606스텝 | 배송 41/41 | 재적재  7 | 중계율 0.25 | alpha 0.565 | complete
Ep 911 | 드론6 목적지34 |  443스텝 | 배송 34/34 | 재적재  4 | 중계율 0.10 | alpha 0.567 | complete
Ep 912 | 드론6 목적지42 |  411스텝 | 배송 42/42 | 재적재  5 | 중계율 0.16 | alpha 0.566 | complete
Ep 913 | 드론5 목적지34 |  514스텝 | 배송 34/34 | 재적재  4 | 중계율 0.20 | alpha 0.562 | complete
Ep 914 | 드론4 목적지44 |  794스텝 | 배송 44/44 | 재적재  8 | 중계율 0.15 | alpha 0.555 | complete
Ep 915 | 드론3 목적지67 | 1000스텝 | 배송 56/67 | 재적재 10 | 중계율 0.24 | alpha 0.548 | step_limit
Ep 916 | 드론6 목적지34 |  425스텝 | 배송 34/34 | 재적재  5 | 중계율 0.15 | alpha 0.548 | complete
Ep 917 | 드론6 목적지52 |  320스텝 | 배송 52/52 | 재적재  7 | 중계율 0.06 | alpha 0.549 | complete
Ep 918 | 드론4 목적지45 |  470스텝 | 배송 45/45 | 재적재  7 | 중계율 0.12 | alpha 0.549 | complete
Ep 919 | 드론6 목적지39 |  509스텝 | 배송 39/39 | 재적재  5 | 중계율 0.18 | alpha 0.540 | complete
Ep 920 | 드론6 목적지58 |  373스텝 | 배송 58/58 | 재적재  7 | 중계율 0.07 | alpha 0.536 | complete
Ep 921 | 드론4 목적지40 |  634스텝 | 배송 40/40 | 재적재  7 | 중계율 0.16 | alpha 0.539 | complete
Ep 922 | 드론6 목적지77 |  530스텝 | 배송 77/77 | 재적재 12 | 중계율 0.07 | alpha 0.541 | complete
Ep 923 | 드론5 목적지76 |  928스텝 | 배송 76/76 | 재적재 13 | 중계율 0.20 | alpha 0.529 | complete
Ep 924 | 드론5 목적지72 |  692스텝 | 배송 72/72 | 재적재 12 | 중계율 0.16 | alpha 0.523 | complete
Ep 925 | 드론6 목적지36 |  337스텝 | 배송 36/36 | 재적재  5 | 중계율 0.11 | alpha 0.518 | complete
Ep 926 | 드론6 목적지56 |  446스텝 | 배송 56/56 | 재적재  9 | 중계율 0.14 | alpha 0.513 | complete
Ep 927 | 드론5 목적지21 |  264스텝 | 배송 21/21 | 재적재  2 | 중계율 0.11 | alpha 0.513 | complete
Ep 928 | 드론4 목적지59 |  958스텝 | 배송 59/59 | 재적재 11 | 중계율 0.15 | alpha 0.499 | complete
Ep 929 | 드론5 목적지25 |  371스텝 | 배송 25/25 | 재적재  3 | 중계율 0.18 | alpha 0.492 | complete
Ep 930 | 드론4 목적지28 |  346스텝 | 배송 28/28 | 재적재  4 | 중계율 0.10 | alpha 0.490 | complete
Ep 931 | 드론5 목적지70 |  777스텝 | 배송 70/70 | 재적재 12 | 중계율 0.15 | alpha 0.482 | complete
Ep 932 | 드론4 목적지75 | 1000스텝 | 배송 67/75 | 재적재 10 | 중계율 0.21 | alpha 0.480 | step_limit
Ep 933 | 드론3 목적지31 |  560스텝 | 배송 31/31 | 재적재  5 | 중계율 0.15 | alpha 0.475 | complete
Ep 934 | 드론4 목적지28 |  404스텝 | 배송 28/28 | 재적재  3 | 중계율 0.09 | alpha 0.474 | complete
Ep 935 | 드론3 목적지36 |  579스텝 | 배송 36/36 | 재적재  6 | 중계율 0.10 | alpha 0.475 | complete
Ep 936 | 드론4 목적지20 |  265스텝 | 배송 20/20 | 재적재  2 | 중계율 0.08 | alpha 0.475 | complete
Ep 937 | 드론3 목적지28 |  583스텝 | 배송 28/28 | 재적재  5 | 중계율 0.18 | alpha 0.479 | complete
Ep 938 | 드론6 목적지73 |  911스텝 | 배송 73/73 | 재적재 11 | 중계율 0.26 | alpha 0.479 | complete
Ep 939 | 드론4 목적지75 |  943스텝 | 배송 75/75 | 재적재 13 | 중계율 0.21 | alpha 0.483 | complete
Ep 940 | 드론6 목적지64 |  445스텝 | 배송 64/64 | 재적재 11 | 중계율 0.09 | alpha 0.483 | complete
Ep 941 | 드론3 목적지37 |  727스텝 | 배송 37/37 | 재적재  6 | 중계율 0.15 | alpha 0.482 | complete
Ep 942 | 드론6 목적지57 |  581스텝 | 배송 57/57 | 재적재  9 | 중계율 0.12 | alpha 0.473 | complete
Ep 943 | 드론3 목적지69 | 1000스텝 | 배송 62/69 | 재적재 11 | 중계율 0.19 | alpha 0.468 | step_limit
Ep 944 | 드론6 목적지73 |  776스텝 | 배송 73/73 | 재적재 13 | 중계율 0.22 | alpha 0.468 | complete
Ep 945 | 드론5 목적지49 |  510스텝 | 배송 49/49 | 재적재  9 | 중계율 0.17 | alpha 0.466 | complete
Ep 946 | 드론3 목적지29 |  402스텝 | 배송 29/29 | 재적재  3 | 중계율 0.10 | alpha 0.459 | complete
Ep 947 | 드론4 목적지73 | 1000스텝 | 배송 50/73 | 재적재  8 | 중계율 0.30 | alpha 0.446 | step_limit
Ep 948 | 드론6 목적지57 |  814스텝 | 배송 57/57 | 재적재  8 | 중계율 0.27 | alpha 0.442 | complete
Ep 949 | 드론3 목적지24 |  454스텝 | 배송 24/24 | 재적재  4 | 중계율 0.23 | alpha 0.435 | complete
Ep 950 | 드론4 목적지26 |  351스텝 | 배송 26/26 | 재적재  4 | 중계율 0.12 | alpha 0.434 | complete
  [홀드아웃] 배송 49.3±3.1 완주 0.94 스텝 987 점수 100.5 재적재 8.0 2홉+ 0.63 | 최고 106.7@ep400 정체 11/15
Ep 951 | 드론6 목적지20 |  180스텝 | 배송 20/20 | 재적재  0 | 중계율 0.08 | alpha 0.433 | complete
Ep 952 | 드론6 목적지28 |  283스텝 | 배송 28/28 | 재적재  4 | 중계율 0.08 | alpha 0.427 | complete
Ep 953 | 드론3 목적지42 |  961스텝 | 배송 42/42 | 재적재  8 | 중계율 0.32 | alpha 0.414 | complete
Ep 954 | 드론3 목적지30 |  535스텝 | 배송 30/30 | 재적재  5 | 중계율 0.23 | alpha 0.409 | complete
Ep 955 | 드론5 목적지38 |  407스텝 | 배송 38/38 | 재적재  6 | 중계율 0.09 | alpha 0.407 | complete
Ep 956 | 드론4 목적지33 |  472스텝 | 배송 33/33 | 재적재  5 | 중계율 0.14 | alpha 0.405 | complete
Ep 957 | 드론3 목적지42 | 1000스텝 | 배송 40/42 | 재적재  6 | 중계율 0.32 | alpha 0.395 | step_limit
Ep 958 | 드론6 목적지34 |  343스텝 | 배송 34/34 | 재적재  4 | 중계율 0.13 | alpha 0.389 | complete
Ep 959 | 드론3 목적지80 | 1000스텝 | 배송 57/80 | 재적재 11 | 중계율 0.22 | alpha 0.383 | step_limit
Ep 960 | 드론6 목적지66 |  488스텝 | 배송 66/66 | 재적재 10 | 중계율 0.12 | alpha 0.379 | complete
Ep 961 | 드론3 목적지70 | 1000스텝 | 배송 55/70 | 재적재 10 | 중계율 0.26 | alpha 0.376 | step_limit
Ep 962 | 드론4 목적지47 |  745스텝 | 배송 47/47 | 재적재  7 | 중계율 0.19 | alpha 0.374 | complete
Ep 963 | 드론6 목적지27 |  319스텝 | 배송 27/27 | 재적재  3 | 중계율 0.13 | alpha 0.374 | complete
Ep 964 | 드론6 목적지65 |  520스텝 | 배송 65/65 | 재적재 11 | 중계율 0.11 | alpha 0.373 | complete
Ep 965 | 드론3 목적지22 |  521스텝 | 배송 22/22 | 재적재  3 | 중계율 0.23 | alpha 0.372 | complete
Ep 966 | 드론4 목적지28 |  368스텝 | 배송 28/28 | 재적재  3 | 중계율 0.24 | alpha 0.372 | complete
Ep 967 | 드론5 목적지73 |  685스텝 | 배송 73/73 | 재적재 13 | 중계율 0.11 | alpha 0.376 | complete
Ep 968 | 드론5 목적지62 |  780스텝 | 배송 62/62 | 재적재  9 | 중계율 0.15 | alpha 0.379 | complete
Ep 969 | 드론6 목적지55 |  447스텝 | 배송 55/55 | 재적재  8 | 중계율 0.08 | alpha 0.376 | complete
Ep 970 | 드론5 목적지46 |  510스텝 | 배송 46/46 | 재적재  8 | 중계율 0.12 | alpha 0.372 | complete
Ep 971 | 드론5 목적지34 |  556스텝 | 배송 34/34 | 재적재  4 | 중계율 0.22 | alpha 0.369 | complete
Ep 972 | 드론3 목적지78 | 1000스텝 | 배송 69/78 | 재적재 12 | 중계율 0.18 | alpha 0.362 | step_limit
Ep 973 | 드론4 목적지78 | 1000스텝 | 배송 67/78 | 재적재 12 | 중계율 0.12 | alpha 0.354 | step_limit
Ep 974 | 드론4 목적지60 | 1000스텝 | 배송 55/60 | 재적재  8 | 중계율 0.30 | alpha 0.353 | step_limit
Ep 975 | 드론6 목적지52 |  432스텝 | 배송 52/52 | 재적재  9 | 중계율 0.12 | alpha 0.355 | complete
Ep 976 | 드론5 목적지53 |  596스텝 | 배송 53/53 | 재적재  9 | 중계율 0.14 | alpha 0.356 | complete
Ep 977 | 드론6 목적지30 |  244스텝 | 배송 30/30 | 재적재  2 | 중계율 0.06 | alpha 0.354 | complete
Ep 978 | 드론6 목적지45 |  398스텝 | 배송 45/45 | 재적재  6 | 중계율 0.11 | alpha 0.351 | complete
Ep 979 | 드론6 목적지34 |  415스텝 | 배송 34/34 | 재적재  5 | 중계율 0.17 | alpha 0.346 | complete
Ep 980 | 드론3 목적지55 | 1000스텝 | 배송 50/55 | 재적재 10 | 중계율 0.29 | alpha 0.340 | step_limit
Ep 981 | 드론5 목적지49 |  789스텝 | 배송 49/49 | 재적재  9 | 중계율 0.24 | alpha 0.334 | complete
Ep 982 | 드론3 목적지26 |  438스텝 | 배송 26/26 | 재적재  3 | 중계율 0.12 | alpha 0.331 | complete
Ep 983 | 드론6 목적지39 |  628스텝 | 배송 39/39 | 재적재  5 | 중계율 0.23 | alpha 0.325 | complete
Ep 984 | 드론6 목적지20 |  193스텝 | 배송 20/20 | 재적재  0 | 중계율 0.06 | alpha 0.323 | complete
Ep 985 | 드론6 목적지29 |  368스텝 | 배송 29/29 | 재적재  3 | 중계율 0.17 | alpha 0.317 | complete
Ep 986 | 드론5 목적지59 |  917스텝 | 배송 59/59 | 재적재 10 | 중계율 0.20 | alpha 0.302 | complete
Ep 987 | 드론3 목적지74 | 1000스텝 | 배송 65/74 | 재적재 11 | 중계율 0.17 | alpha 0.295 | step_limit
Ep 988 | 드론5 목적지70 |  732스텝 | 배송 70/70 | 재적재 11 | 중계율 0.17 | alpha 0.289 | complete
Ep 989 | 드론6 목적지34 |  300스텝 | 배송 34/34 | 재적재  5 | 중계율 0.08 | alpha 0.284 | complete
Ep 990 | 드론5 목적지28 |  456스텝 | 배송 28/28 | 재적재  3 | 중계율 0.11 | alpha 0.279 | complete
Ep 991 | 드론5 목적지76 |  713스텝 | 배송 76/76 | 재적재 12 | 중계율 0.17 | alpha 0.274 | complete
Ep 992 | 드론4 목적지40 |  779스텝 | 배송 40/40 | 재적재  7 | 중계율 0.19 | alpha 0.265 | complete
Ep 993 | 드론6 목적지61 |  612스텝 | 배송 61/61 | 재적재 10 | 중계율 0.11 | alpha 0.261 | complete
Ep 994 | 드론4 목적지49 | 1000스텝 | 배송 47/49 | 재적재  7 | 중계율 0.35 | alpha 0.255 | step_limit
Ep 995 | 드론6 목적지33 |  563스텝 | 배송 33/33 | 재적재  5 | 중계율 0.14 | alpha 0.253 | complete
Ep 996 | 드론3 목적지23 |  525스텝 | 배송 23/23 | 재적재  4 | 중계율 0.23 | alpha 0.249 | complete
Ep 997 | 드론6 목적지46 |  453스텝 | 배송 46/46 | 재적재  6 | 중계율 0.14 | alpha 0.247 | complete
Ep 998 | 드론6 목적지53 |  454스텝 | 배송 53/53 | 재적재  6 | 중계율 0.13 | alpha 0.248 | complete
Ep 999 | 드론4 목적지52 |  655스텝 | 배송 52/52 | 재적재  9 | 중계율 0.16 | alpha 0.247 | complete
Ep 1000 | 드론4 목적지78 | 1000스텝 | 배송 68/78 | 재적재 12 | 중계율 0.22 | alpha 0.245 | step_limit
  [홀드아웃] 배송 49.9±0.8 완주 0.95 스텝 1025 점수 101.6 재적재 8.1 2홉+ 0.64 | 최고 106.7@ep400 정체 12/15
Ep 1001 | 드론4 목적지65 | 1000스텝 | 배송 60/65 | 재적재  9 | 중계율 0.30 | alpha 0.239 | step_limit
Ep 1002 | 드론3 목적지51 |  765스텝 | 배송 51/51 | 재적재  9 | 중계율 0.19 | alpha 0.239 | complete
Ep 1003 | 드론5 목적지23 |  375스텝 | 배송 23/23 | 재적재  2 | 중계율 0.10 | alpha 0.237 | complete
Ep 1004 | 드론3 목적지73 | 1000스텝 | 배송 61/73 | 재적재 11 | 중계율 0.20 | alpha 0.231 | step_limit
Ep 1005 | 드론3 목적지31 |  633스텝 | 배송 31/31 | 재적재  5 | 중계율 0.20 | alpha 0.230 | complete
Ep 1006 | 드론3 목적지54 |  881스텝 | 배송 54/54 | 재적재  9 | 중계율 0.20 | alpha 0.222 | complete
Ep 1007 | 드론3 목적지61 | 1000스텝 | 배송 52/61 | 재적재  9 | 중계율 0.17 | alpha 0.221 | step_limit
Ep 1008 | 드론4 목적지56 | 1000스텝 | 배송 50/56 | 재적재  8 | 중계율 0.35 | alpha 0.216 | step_limit
Ep 1009 | 드론4 목적지65 | 1000스텝 | 배송 58/65 | 재적재 11 | 중계율 0.33 | alpha 0.209 | step_limit
Ep 1010 | 드론4 목적지64 | 1000스텝 | 배송 60/64 | 재적재 10 | 중계율 0.27 | alpha 0.203 | step_limit
Ep 1011 | 드론4 목적지48 |  574스텝 | 배송 48/48 | 재적재  8 | 중계율 0.13 | alpha 0.199 | complete
Ep 1012 | 드론5 목적지77 |  679스텝 | 배송 77/77 | 재적재 15 | 중계율 0.09 | alpha 0.197 | complete
Ep 1013 | 드론6 목적지30 |  357스텝 | 배송 30/30 | 재적재  4 | 중계율 0.17 | alpha 0.196 | complete
Ep 1014 | 드론6 목적지73 |  602스텝 | 배송 73/73 | 재적재 12 | 중계율 0.09 | alpha 0.196 | complete
Ep 1015 | 드론6 목적지80 |  588스텝 | 배송 80/80 | 재적재 14 | 중계율 0.09 | alpha 0.193 | complete
Ep 1016 | 드론4 목적지35 |  726스텝 | 배송 35/35 | 재적재  4 | 중계율 0.28 | alpha 0.190 | complete
Ep 1017 | 드론4 목적지52 | 1000스텝 | 배송 51/52 | 재적재 10 | 중계율 0.26 | alpha 0.190 | step_limit
Ep 1018 | 드론6 목적지25 |  330스텝 | 배송 25/25 | 재적재  1 | 중계율 0.11 | alpha 0.189 | complete
Ep 1019 | 드론5 목적지59 |  553스텝 | 배송 59/59 | 재적재  9 | 중계율 0.07 | alpha 0.186 | complete
Ep 1020 | 드론3 목적지57 |  921스텝 | 배송 57/57 | 재적재 10 | 중계율 0.17 | alpha 0.183 | complete
Ep 1021 | 드론3 목적지78 | 1000스텝 | 배송 70/78 | 재적재 12 | 중계율 0.24 | alpha 0.178 | step_limit
Ep 1022 | 드론3 목적지68 | 1000스텝 | 배송 59/68 | 재적재 11 | 중계율 0.19 | alpha 0.172 | step_limit
Ep 1023 | 드론3 목적지33 |  733스텝 | 배송 33/33 | 재적재  5 | 중계율 0.25 | alpha 0.168 | complete
Ep 1024 | 드론3 목적지77 | 1000스텝 | 배송 64/77 | 재적재 11 | 중계율 0.26 | alpha 0.166 | step_limit
Ep 1025 | 드론6 목적지23 |  241스텝 | 배송 23/23 | 재적재  0 | 중계율 0.10 | alpha 0.164 | complete
Ep 1026 | 드론5 목적지21 |  177스텝 | 배송 21/21 | 재적재  2 | 중계율 0.06 | alpha 0.163 | complete
Ep 1027 | 드론3 목적지35 |  782스텝 | 배송 35/35 | 재적재  6 | 중계율 0.22 | alpha 0.162 | complete
Ep 1028 | 드론5 목적지41 |  398스텝 | 배송 41/41 | 재적재  5 | 중계율 0.12 | alpha 0.161 | complete
Ep 1029 | 드론5 목적지21 |  272스텝 | 배송 21/21 | 재적재  2 | 중계율 0.05 | alpha 0.161 | complete
Ep 1030 | 드론4 목적지54 |  777스텝 | 배송 54/54 | 재적재  9 | 중계율 0.19 | alpha 0.160 | complete
Ep 1031 | 드론4 목적지72 | 1000스텝 | 배송 69/72 | 재적재 11 | 중계율 0.23 | alpha 0.160 | step_limit
Ep 1032 | 드론5 목적지48 | 1000스텝 | 배송 46/48 | 재적재  7 | 중계율 0.21 | alpha 0.156 | step_limit
Ep 1033 | 드론3 목적지32 |  720스텝 | 배송 32/32 | 재적재  5 | 중계율 0.17 | alpha 0.152 | complete
Ep 1034 | 드론4 목적지21 |  290스텝 | 배송 21/21 | 재적재  3 | 중계율 0.12 | alpha 0.152 | complete
Ep 1035 | 드론3 목적지57 | 1000스텝 | 배송 46/57 | 재적재  7 | 중계율 0.26 | alpha 0.146 | step_limit
Ep 1036 | 드론4 목적지56 |  703스텝 | 배송 56/56 | 재적재  9 | 중계율 0.17 | alpha 0.143 | complete
Ep 1037 | 드론4 목적지53 | 1000스텝 | 배송 50/53 | 재적재  7 | 중계율 0.36 | alpha 0.142 | step_limit
Ep 1038 | 드론5 목적지29 |  374스텝 | 배송 29/29 | 재적재  4 | 중계율 0.12 | alpha 0.142 | complete
Ep 1039 | 드론3 목적지45 |  904스텝 | 배송 45/45 | 재적재  8 | 중계율 0.21 | alpha 0.141 | complete
Ep 1040 | 드론3 목적지23 |  423스텝 | 배송 23/23 | 재적재  3 | 중계율 0.12 | alpha 0.141 | complete
Ep 1041 | 드론6 목적지20 |  210스텝 | 배송 20/20 | 재적재  0 | 중계율 0.13 | alpha 0.142 | complete
Ep 1042 | 드론4 목적지71 | 1000스텝 | 배송 69/71 | 재적재 12 | 중계율 0.27 | alpha 0.140 | step_limit
Ep 1043 | 드론4 목적지36 |  706스텝 | 배송 36/36 | 재적재  5 | 중계율 0.25 | alpha 0.138 | complete
Ep 1044 | 드론4 목적지46 |  619스텝 | 배송 46/46 | 재적재  7 | 중계율 0.17 | alpha 0.138 | complete
Ep 1045 | 드론3 목적지65 | 1000스텝 | 배송 40/65 | 재적재  7 | 중계율 0.31 | alpha 0.134 | step_limit
Ep 1046 | 드론5 목적지53 |  787스텝 | 배송 53/53 | 재적재  8 | 중계율 0.22 | alpha 0.130 | complete
Ep 1047 | 드론5 목적지77 |  730스텝 | 배송 77/77 | 재적재 14 | 중계율 0.14 | alpha 0.128 | complete
Ep 1048 | 드론6 목적지54 |  409스텝 | 배송 54/54 | 재적재  7 | 중계율 0.12 | alpha 0.127 | complete
Ep 1049 | 드론3 목적지75 | 1000스텝 | 배송 65/75 | 재적재 12 | 중계율 0.22 | alpha 0.124 | step_limit
Ep 1050 | 드론5 목적지66 |  760스텝 | 배송 66/66 | 재적재 12 | 중계율 0.12 | alpha 0.123 | complete
  [홀드아웃] 배송 49.9±0.9 완주 0.95 스텝 995 점수 101.7 재적재 8.0 2홉+ 0.63 | 최고 106.7@ep400 정체 13/15
Ep 1051 | 드론4 목적지46 |  828스텝 | 배송 46/46 | 재적재  9 | 중계율 0.26 | alpha 0.122 | complete
Ep 1052 | 드론6 목적지64 |  607스텝 | 배송 64/64 | 재적재 10 | 중계율 0.15 | alpha 0.121 | complete
Ep 1053 | 드론6 목적지77 |  667스텝 | 배송 77/77 | 재적재 12 | 중계율 0.19 | alpha 0.119 | complete
Ep 1054 | 드론4 목적지50 |  705스텝 | 배송 50/50 | 재적재  8 | 중계율 0.16 | alpha 0.116 | complete
Ep 1055 | 드론3 목적지33 |  628스텝 | 배송 33/33 | 재적재  5 | 중계율 0.17 | alpha 0.114 | complete
Ep 1056 | 드론5 목적지55 |  529스텝 | 배송 55/55 | 재적재  8 | 중계율 0.10 | alpha 0.113 | complete
Ep 1057 | 드론6 목적지78 |  739스텝 | 배송 78/78 | 재적재 11 | 중계율 0.20 | alpha 0.110 | complete
Ep 1058 | 드론3 목적지74 | 1000스텝 | 배송 71/74 | 재적재 12 | 중계율 0.16 | alpha 0.108 | step_limit
Ep 1059 | 드론5 목적지76 |  701스텝 | 배송 76/76 | 재적재 14 | 중계율 0.14 | alpha 0.105 | complete
Ep 1060 | 드론4 목적지56 |  964스텝 | 배송 56/56 | 재적재  9 | 중계율 0.29 | alpha 0.102 | complete
Ep 1061 | 드론6 목적지46 |  645스텝 | 배송 46/46 | 재적재  7 | 중계율 0.14 | alpha 0.100 | complete
Ep 1062 | 드론6 목적지55 |  470스텝 | 배송 55/55 | 재적재  9 | 중계율 0.13 | alpha 0.099 | complete
Ep 1063 | 드론5 목적지54 |  629스텝 | 배송 54/54 | 재적재 10 | 중계율 0.18 | alpha 0.098 | complete
Ep 1064 | 드론3 목적지76 | 1000스텝 | 배송 64/76 | 재적재 11 | 중계율 0.22 | alpha 0.095 | step_limit
Ep 1065 | 드론4 목적지23 |  362스텝 | 배송 23/23 | 재적재  3 | 중계율 0.12 | alpha 0.094 | complete
Ep 1066 | 드론3 목적지37 |  785스텝 | 배송 37/37 | 재적재  6 | 중계율 0.20 | alpha 0.092 | complete
Ep 1067 | 드론3 목적지76 | 1000스텝 | 배송 64/76 | 재적재 12 | 중계율 0.23 | alpha 0.089 | step_limit
Ep 1068 | 드론6 목적지77 |  592스텝 | 배송 77/77 | 재적재 12 | 중계율 0.12 | alpha 0.088 | complete
Ep 1069 | 드론5 목적지56 |  779스텝 | 배송 56/56 | 재적재 10 | 중계율 0.20 | alpha 0.087 | complete
Ep 1070 | 드론6 목적지39 |  312스텝 | 배송 39/39 | 재적재  6 | 중계율 0.07 | alpha 0.087 | complete
Ep 1071 | 드론5 목적지26 |  373스텝 | 배송 26/26 | 재적재  3 | 중계율 0.20 | alpha 0.086 | complete
Ep 1072 | 드론6 목적지62 |  568스텝 | 배송 62/62 | 재적재 12 | 중계율 0.16 | alpha 0.086 | complete
Ep 1073 | 드론3 목적지44 | 1000스텝 | 배송 42/44 | 재적재  6 | 중계율 0.32 | alpha 0.084 | step_limit
Ep 1074 | 드론4 목적지71 |  839스텝 | 배송 71/71 | 재적재 12 | 중계율 0.13 | alpha 0.083 | complete
Ep 1075 | 드론5 목적지36 |  627스텝 | 배송 36/36 | 재적재  4 | 중계율 0.24 | alpha 0.082 | complete
Ep 1076 | 드론3 목적지53 |  849스텝 | 배송 53/53 | 재적재  9 | 중계율 0.12 | alpha 0.081 | complete
Ep 1077 | 드론3 목적지47 |  706스텝 | 배송 47/47 | 재적재  8 | 중계율 0.16 | alpha 0.080 | complete
Ep 1078 | 드론5 목적지54 |  470스텝 | 배송 54/54 | 재적재  9 | 중계율 0.10 | alpha 0.080 | complete
Ep 1079 | 드론6 목적지48 |  472스텝 | 배송 48/48 | 재적재  8 | 중계율 0.11 | alpha 0.079 | complete
Ep 1080 | 드론6 목적지54 |  395스텝 | 배송 54/54 | 재적재  8 | 중계율 0.07 | alpha 0.079 | complete
Ep 1081 | 드론5 목적지28 |  358스텝 | 배송 28/28 | 재적재  3 | 중계율 0.18 | alpha 0.079 | complete
Ep 1082 | 드론4 목적지37 |  623스텝 | 배송 37/37 | 재적재  6 | 중계율 0.15 | alpha 0.079 | complete
Ep 1083 | 드론3 목적지25 |  464스텝 | 배송 25/25 | 재적재  4 | 중계율 0.09 | alpha 0.079 | complete
Ep 1084 | 드론6 목적지31 |  312스텝 | 배송 31/31 | 재적재  4 | 중계율 0.05 | alpha 0.079 | complete
Ep 1085 | 드론6 목적지46 |  492스텝 | 배송 46/46 | 재적재  5 | 중계율 0.16 | alpha 0.079 | complete
Ep 1086 | 드론4 목적지30 |  495스텝 | 배송 30/30 | 재적재  4 | 중계율 0.21 | alpha 0.079 | complete
Ep 1087 | 드론6 목적지20 |  180스텝 | 배송 20/20 | 재적재  0 | 중계율 0.10 | alpha 0.079 | complete
Ep 1088 | 드론3 목적지55 | 1000스텝 | 배송 53/55 | 재적재 10 | 중계율 0.30 | alpha 0.080 | step_limit
Ep 1089 | 드론5 목적지45 |  392스텝 | 배송 45/45 | 재적재  7 | 중계율 0.13 | alpha 0.081 | complete
Ep 1090 | 드론5 목적지23 |  255스텝 | 배송 23/23 | 재적재  2 | 중계율 0.09 | alpha 0.081 | complete
Ep 1091 | 드론3 목적지25 |  503스텝 | 배송 25/25 | 재적재  3 | 중계율 0.15 | alpha 0.080 | complete
Ep 1092 | 드론4 목적지46 |  481스텝 | 배송 46/46 | 재적재  7 | 중계율 0.06 | alpha 0.081 | complete
Ep 1093 | 드론5 목적지61 |  667스텝 | 배송 61/61 | 재적재 10 | 중계율 0.16 | alpha 0.082 | complete
Ep 1094 | 드론5 목적지63 |  685스텝 | 배송 63/63 | 재적재 11 | 중계율 0.17 | alpha 0.083 | complete
Ep 1095 | 드론3 목적지27 |  566스텝 | 배송 27/27 | 재적재  4 | 중계율 0.17 | alpha 0.084 | complete
Ep 1096 | 드론3 목적지72 | 1000스텝 | 배송 58/72 | 재적재 11 | 중계율 0.31 | alpha 0.086 | step_limit
Ep 1097 | 드론5 목적지45 |  530스텝 | 배송 45/45 | 재적재  6 | 중계율 0.19 | alpha 0.086 | complete
Ep 1098 | 드론6 목적지30 |  323스텝 | 배송 30/30 | 재적재  3 | 중계율 0.13 | alpha 0.086 | complete
Ep 1099 | 드론5 목적지74 | 1000스텝 | 배송 73/74 | 재적재 12 | 중계율 0.25 | alpha 0.088 | step_limit
Ep 1100 | 드론4 목적지37 |  462스텝 | 배송 37/37 | 재적재  6 | 중계율 0.13 | alpha 0.087 | complete
  [홀드아웃] 배송 49.4±3.2 완주 0.95 스텝 974 점수 101.8 재적재 8.1 2홉+ 0.63 | 최고 106.7@ep400 정체 14/15
Ep 1101 | 드론5 목적지34 |  526스텝 | 배송 34/34 | 재적재  5 | 중계율 0.16 | alpha 0.087 | complete
Ep 1102 | 드론4 목적지40 |  625스텝 | 배송 40/40 | 재적재  6 | 중계율 0.19 | alpha 0.087 | complete
Ep 1103 | 드론6 목적지64 |  504스텝 | 배송 64/64 | 재적재  9 | 중계율 0.11 | alpha 0.086 | complete
Ep 1104 | 드론6 목적지35 |  293스텝 | 배송 35/35 | 재적재  5 | 중계율 0.12 | alpha 0.086 | complete
Ep 1105 | 드론3 목적지57 | 1000스텝 | 배송 56/57 | 재적재  9 | 중계율 0.25 | alpha 0.086 | step_limit
Ep 1106 | 드론5 목적지71 |  700스텝 | 배송 71/71 | 재적재 11 | 중계율 0.13 | alpha 0.085 | complete
Ep 1107 | 드론6 목적지71 |  597스텝 | 배송 71/71 | 재적재 12 | 중계율 0.18 | alpha 0.084 | complete
Ep 1108 | 드론5 목적지48 |  550스텝 | 배송 48/48 | 재적재  7 | 중계율 0.14 | alpha 0.084 | complete
Ep 1109 | 드론4 목적지55 |  719스텝 | 배송 55/55 | 재적재  9 | 중계율 0.12 | alpha 0.084 | complete
Ep 1110 | 드론4 목적지34 |  511스텝 | 배송 34/34 | 재적재  6 | 중계율 0.14 | alpha 0.085 | complete
Ep 1111 | 드론6 목적지61 |  625스텝 | 배송 61/61 | 재적재  9 | 중계율 0.12 | alpha 0.084 | complete
Ep 1112 | 드론5 목적지34 |  861스텝 | 배송 30/34 | 재적재  4 | 중계율 0.21 | alpha 0.083 | no_progress
Ep 1113 | 드론5 목적지45 |  476스텝 | 배송 45/45 | 재적재  8 | 중계율 0.11 | alpha 0.083 | complete
Ep 1114 | 드론3 목적지76 | 1000스텝 | 배송 62/76 | 재적재 10 | 중계율 0.28 | alpha 0.082 | step_limit
Ep 1115 | 드론3 목적지29 |  696스텝 | 배송 29/29 | 재적재  5 | 중계율 0.21 | alpha 0.081 | complete
Ep 1116 | 드론3 목적지80 | 1000스텝 | 배송 70/80 | 재적재 12 | 중계율 0.24 | alpha 0.081 | step_limit
Ep 1117 | 드론3 목적지48 |  798스텝 | 배송 48/48 | 재적재  8 | 중계율 0.21 | alpha 0.080 | complete
Ep 1118 | 드론5 목적지80 |  636스텝 | 배송 80/80 | 재적재 13 | 중계율 0.09 | alpha 0.079 | complete
Ep 1119 | 드론6 목적지54 |  593스텝 | 배송 54/54 | 재적재  9 | 중계율 0.14 | alpha 0.078 | complete
Ep 1120 | 드론4 목적지57 |  850스텝 | 배송 57/57 | 재적재 10 | 중계율 0.24 | alpha 0.078 | complete
Ep 1121 | 드론5 목적지43 |  633스텝 | 배송 43/43 | 재적재  7 | 중계율 0.14 | alpha 0.076 | complete
Ep 1122 | 드론3 목적지56 | 1000스텝 | 배송 52/56 | 재적재  9 | 중계율 0.20 | alpha 0.075 | step_limit
Ep 1123 | 드론6 목적지57 |  509스텝 | 배송 57/57 | 재적재  9 | 중계율 0.16 | alpha 0.074 | complete
Ep 1124 | 드론5 목적지77 |  804스텝 | 배송 77/77 | 재적재 14 | 중계율 0.12 | alpha 0.073 | complete
Ep 1125 | 드론3 목적지30 | 1000스텝 | 배송 24/30 | 재적재  3 | 중계율 0.35 | alpha 0.072 | step_limit
Ep 1126 | 드론4 목적지48 |  486스텝 | 배송 48/48 | 재적재  7 | 중계율 0.12 | alpha 0.071 | complete
Ep 1127 | 드론5 목적지45 |  553스텝 | 배송 45/45 | 재적재  6 | 중계율 0.14 | alpha 0.070 | complete
Ep 1128 | 드론4 목적지54 |  926스텝 | 배송 54/54 | 재적재  9 | 중계율 0.27 | alpha 0.069 | complete
Ep 1129 | 드론4 목적지52 |  559스텝 | 배송 52/52 | 재적재  9 | 중계율 0.12 | alpha 0.068 | complete
Ep 1130 | 드론4 목적지42 |  749스텝 | 배송 42/42 | 재적재  7 | 중계율 0.19 | alpha 0.068 | complete
Ep 1131 | 드론5 목적지68 |  796스텝 | 배송 68/68 | 재적재 10 | 중계율 0.25 | alpha 0.066 | complete
Ep 1132 | 드론4 목적지65 |  854스텝 | 배송 65/65 | 재적재 11 | 중계율 0.24 | alpha 0.064 | complete
Ep 1133 | 드론4 목적지32 |  464스텝 | 배송 32/32 | 재적재  5 | 중계율 0.12 | alpha 0.063 | complete
Ep 1134 | 드론6 목적지76 | 1000스텝 | 배송 75/76 | 재적재 13 | 중계율 0.23 | alpha 0.061 | step_limit
Ep 1135 | 드론6 목적지79 |  518스텝 | 배송 79/79 | 재적재 13 | 중계율 0.08 | alpha 0.060 | complete
Ep 1136 | 드론5 목적지22 |  485스텝 | 배송 22/22 | 재적재  2 | 중계율 0.18 | alpha 0.059 | complete
Ep 1137 | 드론6 목적지74 |  804스텝 | 배송 74/74 | 재적재 13 | 중계율 0.20 | alpha 0.058 | complete
Ep 1138 | 드론3 목적지38 |  845스텝 | 배송 38/38 | 재적재  6 | 중계율 0.30 | alpha 0.057 | complete
Ep 1139 | 드론5 목적지31 |  339스텝 | 배송 31/31 | 재적재  5 | 중계율 0.15 | alpha 0.057 | complete
Ep 1140 | 드론4 목적지47 |  554스텝 | 배송 47/47 | 재적재  8 | 중계율 0.09 | alpha 0.055 | complete
Ep 1141 | 드론4 목적지37 |  641스텝 | 배송 37/37 | 재적재  6 | 중계율 0.14 | alpha 0.053 | complete
Ep 1142 | 드론4 목적지53 |  927스텝 | 배송 53/53 | 재적재  9 | 중계율 0.27 | alpha 0.051 | complete
Ep 1143 | 드론3 목적지48 |  900스텝 | 배송 48/48 | 재적재  8 | 중계율 0.23 | alpha 0.049 | complete
Ep 1144 | 드론4 목적지70 | 1000스텝 | 배송 69/70 | 재적재 11 | 중계율 0.20 | alpha 0.048 | step_limit
Ep 1145 | 드론6 목적지48 |  362스텝 | 배송 48/48 | 재적재  7 | 중계율 0.08 | alpha 0.047 | complete
Ep 1146 | 드론4 목적지45 |  990스텝 | 배송 45/45 | 재적재  8 | 중계율 0.28 | alpha 0.045 | complete
Ep 1147 | 드론6 목적지49 |  442스텝 | 배송 49/49 | 재적재  7 | 중계율 0.10 | alpha 0.044 | complete
Ep 1148 | 드론5 목적지22 |  266스텝 | 배송 22/22 | 재적재  1 | 중계율 0.11 | alpha 0.044 | complete
Ep 1149 | 드론4 목적지44 |  654스텝 | 배송 44/44 | 재적재  7 | 중계율 0.13 | alpha 0.042 | complete
Ep 1150 | 드론5 목적지51 |  569스텝 | 배송 51/51 | 재적재  8 | 중계율 0.19 | alpha 0.041 | complete
  [홀드아웃] 배송 50.0±0.2 완주 0.99 스텝 988 점수 105.5 재적재 8.2 2홉+ 0.63 | 최고 106.7@ep400 정체 15/15

조기 종료. 최고 106.7@ep400
Training finished. best=106.7 @ ep400
