/home/kopt/enter/envs/wsl_neuroMCTS/lib/python3.10/site-packages/pygame/pkgdata.py:25: UserWarning: pkg_resources is deprecated as an API. See https://setuptools.pypa.io/en/latest/pkg_resources.html. The pkg_resources package is slated for removal as early as 2025-11-30. Refrain from using this package or pin to Setuptools<81.
  from pkg_resources import resource_stream, resource_exists
pygame 2.6.1 (SDL 2.28.4, Python 3.10.19)
Hello from the pygame community. https://www.pygame.org/contribute.html
집합 상위 학습 | 반경 300 상한 1000 무배송 500 gamma 0.997 구성=무작위 드론[3, 6] 목적지[20, 80] CC무작위 인스턴스=무작위 목표유지=off 완주보상=0.0 잔여페널티=0.1 규칙관측=False 규칙정규화=2.0 막힘페널티=0.0 도달권shaping=0.0 정체전환보상=0.0 엔트로피비=0.15->-1.0 자기회귀=True 홀드아웃상한=3000 선택=makespan
/home/kopt/drone/proposed_src/pipeline/train_v5_26_09_15_23.py:342: UserWarning: Converting a tensor with requires_grad=True to a scalar may lead to unexpected behavior.
Consider using tensor.detach() first. (Triggered internally at /pytorch/torch/csrc/autograd/generated/python_variable_methods.cpp:836.)
  writer.add_scalar("train/alpha", float(log_alpha.exp()), ep)
Ep 1 | 드론6 목적지57 |  767스텝 | 배송 57/57 | 재적재  8 | 중계율 0.15 | alpha 0.100 | complete
Ep 2 | 드론3 목적지50 | 1000스텝 | 배송 37/50 | 재적재  5 | 중계율 0.18 | alpha 0.100 | step_limit
Ep 3 | 드론6 목적지72 | 1000스텝 | 배송 67/72 | 재적재 10 | 중계율 0.15 | alpha 0.100 | step_limit
Ep 4 | 드론3 목적지46 | 1000스텝 | 배송 34/46 | 재적재  6 | 중계율 0.14 | alpha 0.100 | step_limit
Ep 5 | 드론4 목적지58 | 1000스텝 | 배송 45/58 | 재적재  5 | 중계율 0.33 | alpha 0.096 | step_limit
Ep 6 | 드론3 목적지61 | 1000스텝 | 배송 47/61 | 재적재  8 | 중계율 0.29 | alpha 0.095 | step_limit
Ep 7 | 드론3 목적지30 |  921스텝 | 배송 28/30 | 재적재  3 | 중계율 0.33 | alpha 0.096 | no_progress
Ep 8 | 드론3 목적지69 | 1000스텝 | 배송 56/69 | 재적재 10 | 중계율 0.27 | alpha 0.097 | step_limit
Ep 9 | 드론4 목적지66 |  987스텝 | 배송 66/66 | 재적재 11 | 중계율 0.33 | alpha 0.099 | complete
Ep 10 | 드론4 목적지26 |  341스텝 | 배송 26/26 | 재적재  3 | 중계율 0.24 | alpha 0.100 | complete
Ep 11 | 드론6 목적지32 |  260스텝 | 배송 32/32 | 재적재  4 | 중계율 0.23 | alpha 0.100 | complete
Ep 12 | 드론4 목적지35 |  344스텝 | 배송 35/35 | 재적재  5 | 중계율 0.14 | alpha 0.100 | complete
Ep 13 | 드론4 목적지23 |  330스텝 | 배송 23/23 | 재적재  4 | 중계율 0.19 | alpha 0.101 | complete
Ep 14 | 드론3 목적지61 | 1000스텝 | 배송 56/61 | 재적재 11 | 중계율 0.26 | alpha 0.102 | step_limit
Ep 15 | 드론5 목적지78 |  677스텝 | 배송 78/78 | 재적재 14 | 중계율 0.19 | alpha 0.103 | complete
Ep 16 | 드론6 목적지46 |  416스텝 | 배송 46/46 | 재적재  7 | 중계율 0.14 | alpha 0.104 | complete
Ep 17 | 드론5 목적지74 |  766스텝 | 배송 74/74 | 재적재 11 | 중계율 0.17 | alpha 0.105 | complete
Ep 18 | 드론4 목적지24 |  358스텝 | 배송 24/24 | 재적재  3 | 중계율 0.24 | alpha 0.106 | complete
Ep 19 | 드론5 목적지24 |  372스텝 | 배송 24/24 | 재적재  2 | 중계율 0.26 | alpha 0.106 | complete
Ep 20 | 드론4 목적지66 |  829스텝 | 배송 66/66 | 재적재 10 | 중계율 0.23 | alpha 0.108 | complete
Ep 21 | 드론4 목적지43 |  570스텝 | 배송 43/43 | 재적재  8 | 중계율 0.18 | alpha 0.109 | complete
Ep 22 | 드론4 목적지43 |  482스텝 | 배송 43/43 | 재적재  7 | 중계율 0.15 | alpha 0.110 | complete
Ep 23 | 드론3 목적지22 |  501스텝 | 배송 22/22 | 재적재  3 | 중계율 0.29 | alpha 0.110 | complete
Ep 24 | 드론4 목적지35 |  673스텝 | 배송 35/35 | 재적재  5 | 중계율 0.21 | alpha 0.112 | complete
Ep 25 | 드론5 목적지25 |  301스텝 | 배송 25/25 | 재적재  3 | 중계율 0.27 | alpha 0.112 | complete
Ep 26 | 드론4 목적지79 |  944스텝 | 배송 79/79 | 재적재 14 | 중계율 0.24 | alpha 0.113 | complete
Ep 27 | 드론6 목적지63 |  630스텝 | 배송 63/63 | 재적재 10 | 중계율 0.24 | alpha 0.113 | complete
Ep 28 | 드론3 목적지77 | 1000스텝 | 배송 63/77 | 재적재 11 | 중계율 0.26 | alpha 0.111 | step_limit
Ep 29 | 드론4 목적지34 |  570스텝 | 배송 34/34 | 재적재  6 | 중계율 0.21 | alpha 0.110 | complete
Ep 30 | 드론4 목적지25 |  392스텝 | 배송 25/25 | 재적재  2 | 중계율 0.26 | alpha 0.109 | complete
Ep 31 | 드론6 목적지68 |  477스텝 | 배송 68/68 | 재적재 10 | 중계율 0.14 | alpha 0.107 | complete
Ep 32 | 드론4 목적지79 | 1000스텝 | 배송 72/79 | 재적재 13 | 중계율 0.24 | alpha 0.101 | step_limit
Ep 33 | 드론4 목적지62 |  949스텝 | 배송 62/62 | 재적재  9 | 중계율 0.28 | alpha 0.095 | complete
Ep 34 | 드론4 목적지33 |  512스텝 | 배송 33/33 | 재적재  5 | 중계율 0.13 | alpha 0.092 | complete
Ep 35 | 드론4 목적지26 |  365스텝 | 배송 26/26 | 재적재  4 | 중계율 0.22 | alpha 0.090 | complete
Ep 36 | 드론4 목적지57 | 1000스텝 | 배송 55/57 | 재적재 11 | 중계율 0.35 | alpha 0.085 | step_limit
Ep 37 | 드론4 목적지29 |  653스텝 | 배송 29/29 | 재적재  4 | 중계율 0.25 | alpha 0.081 | complete
Ep 38 | 드론5 목적지63 |  745스텝 | 배송 63/63 | 재적재 11 | 중계율 0.24 | alpha 0.077 | complete
Ep 39 | 드론5 목적지44 |  740스텝 | 배송 44/44 | 재적재  6 | 중계율 0.25 | alpha 0.073 | complete
Ep 40 | 드론6 목적지56 |  505스텝 | 배송 56/56 | 재적재  9 | 중계율 0.16 | alpha 0.070 | complete
Ep 41 | 드론6 목적지21 |  202스텝 | 배송 21/21 | 재적재  0 | 중계율 0.19 | alpha 0.068 | complete
Ep 42 | 드론3 목적지24 |  500스텝 | 배송 24/24 | 재적재  2 | 중계율 0.24 | alpha 0.065 | complete
Ep 43 | 드론4 목적지52 |  549스텝 | 배송 52/52 | 재적재  9 | 중계율 0.21 | alpha 0.061 | complete
Ep 44 | 드론4 목적지72 | 1000스텝 | 배송 57/72 | 재적재  9 | 중계율 0.12 | alpha 0.056 | step_limit
Ep 45 | 드론4 목적지52 | 1000스텝 | 배송 46/52 | 재적재  6 | 중계율 0.38 | alpha 0.051 | step_limit
Ep 46 | 드론6 목적지72 |  673스텝 | 배송 72/72 | 재적재 13 | 중계율 0.15 | alpha 0.048 | complete
Ep 47 | 드론4 목적지69 |  712스텝 | 배송 69/69 | 재적재 11 | 중계율 0.15 | alpha 0.046 | complete
Ep 48 | 드론4 목적지56 |  564스텝 | 배송 56/56 | 재적재  9 | 중계율 0.18 | alpha 0.044 | complete
Ep 49 | 드론6 목적지78 |  683스텝 | 배송 78/78 | 재적재 14 | 중계율 0.24 | alpha 0.042 | complete
Ep 50 | 드론5 목적지40 | 1000스텝 | 배송 38/40 | 재적재  5 | 중계율 0.38 | alpha 0.039 | step_limit
  [홀드아웃] 배송 48.8±3.6 완주 0.81 스텝 1011 점수 87.9 재적재 7.2 2홉+ 0.63 | 최고 87.9@ep50 정체 0/15  ← 갱신
Ep 51 | 드론6 목적지51 |  340스텝 | 배송 51/51 | 재적재  6 | 중계율 0.12 | alpha 0.038 | complete
Ep 52 | 드론3 목적지42 |  800스텝 | 배송 42/42 | 재적재  7 | 중계율 0.23 | alpha 0.035 | complete
Ep 53 | 드론6 목적지60 |  470스텝 | 배송 60/60 | 재적재 10 | 중계율 0.16 | alpha 0.034 | complete
Ep 54 | 드론4 목적지49 |  834스텝 | 배송 49/49 | 재적재  8 | 중계율 0.20 | alpha 0.032 | complete
Ep 55 | 드론4 목적지40 |  531스텝 | 배송 40/40 | 재적재  6 | 중계율 0.17 | alpha 0.030 | complete
Ep 56 | 드론5 목적지61 |  562스텝 | 배송 61/61 | 재적재 10 | 중계율 0.21 | alpha 0.029 | complete
Ep 57 | 드론3 목적지53 | 1000스텝 | 배송 50/53 | 재적재  7 | 중계율 0.27 | alpha 0.027 | step_limit
Ep 58 | 드론6 목적지57 |  529스텝 | 배송 57/57 | 재적재  9 | 중계율 0.25 | alpha 0.026 | complete
Ep 59 | 드론3 목적지50 |  789스텝 | 배송 50/50 | 재적재  7 | 중계율 0.29 | alpha 0.024 | complete
Ep 60 | 드론4 목적지21 |  298스텝 | 배송 21/21 | 재적재  2 | 중계율 0.20 | alpha 0.024 | complete
Ep 61 | 드론5 목적지26 |  309스텝 | 배송 26/26 | 재적재  2 | 중계율 0.21 | alpha 0.023 | complete
Ep 62 | 드론5 목적지55 |  562스텝 | 배송 55/55 | 재적재  9 | 중계율 0.26 | alpha 0.022 | complete
Ep 63 | 드론6 목적지68 |  533스텝 | 배송 68/68 | 재적재  9 | 중계율 0.20 | alpha 0.021 | complete
Ep 64 | 드론3 목적지41 |  910스텝 | 배송 41/41 | 재적재  6 | 중계율 0.26 | alpha 0.020 | complete
Ep 65 | 드론5 목적지68 |  471스텝 | 배송 68/68 | 재적재 12 | 중계율 0.11 | alpha 0.019 | complete
Ep 66 | 드론3 목적지61 |  958스텝 | 배송 61/61 | 재적재 10 | 중계율 0.19 | alpha 0.018 | complete
Ep 67 | 드론3 목적지53 | 1000스텝 | 배송 50/53 | 재적재  8 | 중계율 0.29 | alpha 0.016 | step_limit
Ep 68 | 드론3 목적지44 | 1000스텝 | 배송 43/44 | 재적재  8 | 중계율 0.20 | alpha 0.015 | step_limit
Ep 69 | 드론4 목적지34 |  479스텝 | 배송 34/34 | 재적재  4 | 중계율 0.15 | alpha 0.015 | complete
Ep 70 | 드론4 목적지31 | 1000스텝 | 배송 28/31 | 재적재  4 | 중계율 0.30 | alpha 0.014 | step_limit
Ep 71 | 드론5 목적지71 |  614스텝 | 배송 71/71 | 재적재 11 | 중계율 0.13 | alpha 0.013 | complete
Ep 72 | 드론3 목적지53 |  977스텝 | 배송 53/53 | 재적재  9 | 중계율 0.29 | alpha 0.012 | complete
Ep 73 | 드론4 목적지21 |  514스텝 | 배송 21/21 | 재적재  3 | 중계율 0.25 | alpha 0.012 | complete
Ep 74 | 드론5 목적지45 |  574스텝 | 배송 45/45 | 재적재  7 | 중계율 0.16 | alpha 0.012 | complete
Ep 75 | 드론5 목적지40 |  406스텝 | 배송 40/40 | 재적재  5 | 중계율 0.13 | alpha 0.011 | complete
Ep 76 | 드론4 목적지75 | 1000스텝 | 배송 60/75 | 재적재 12 | 중계율 0.34 | alpha 0.011 | step_limit
Ep 77 | 드론5 목적지24 |  270스텝 | 배송 24/24 | 재적재  2 | 중계율 0.19 | alpha 0.011 | complete
Ep 78 | 드론4 목적지64 |  943스텝 | 배송 64/64 | 재적재 11 | 중계율 0.25 | alpha 0.010 | complete
Ep 79 | 드론3 목적지41 |  670스텝 | 배송 41/41 | 재적재  7 | 중계율 0.24 | alpha 0.010 | complete
Ep 80 | 드론3 목적지69 | 1000스텝 | 배송 67/69 | 재적재 11 | 중계율 0.19 | alpha 0.009 | step_limit
Ep 81 | 드론6 목적지47 |  378스텝 | 배송 47/47 | 재적재  7 | 중계율 0.15 | alpha 0.009 | complete
Ep 82 | 드론6 목적지69 |  641스텝 | 배송 69/69 | 재적재  9 | 중계율 0.24 | alpha 0.009 | complete
Ep 83 | 드론5 목적지31 |  515스텝 | 배송 31/31 | 재적재  4 | 중계율 0.21 | alpha 0.009 | complete
Ep 84 | 드론3 목적지33 |  701스텝 | 배송 33/33 | 재적재  5 | 중계율 0.25 | alpha 0.008 | complete
Ep 85 | 드론4 목적지38 |  563스텝 | 배송 38/38 | 재적재  6 | 중계율 0.15 | alpha 0.008 | complete
Ep 86 | 드론6 목적지24 |  219스텝 | 배송 24/24 | 재적재  0 | 중계율 0.15 | alpha 0.008 | complete
Ep 87 | 드론3 목적지30 |  861스텝 | 배송 30/30 | 재적재  4 | 중계율 0.31 | alpha 0.007 | complete
Ep 88 | 드론4 목적지38 |  987스텝 | 배송 37/38 | 재적재  5 | 중계율 0.32 | alpha 0.007 | no_progress
Ep 89 | 드론3 목적지57 | 1000스텝 | 배송 45/57 | 재적재  6 | 중계율 0.31 | alpha 0.007 | step_limit
Ep 90 | 드론6 목적지21 |  193스텝 | 배송 21/21 | 재적재  0 | 중계율 0.09 | alpha 0.006 | complete
Ep 91 | 드론6 목적지77 |  715스텝 | 배송 77/77 | 재적재 12 | 중계율 0.18 | alpha 0.006 | complete
Ep 92 | 드론4 목적지69 |  883스텝 | 배송 69/69 | 재적재 11 | 중계율 0.26 | alpha 0.006 | complete
Ep 93 | 드론6 목적지60 |  412스텝 | 배송 60/60 | 재적재  9 | 중계율 0.09 | alpha 0.006 | complete
Ep 94 | 드론6 목적지45 |  324스텝 | 배송 45/45 | 재적재  7 | 중계율 0.10 | alpha 0.005 | complete
Ep 95 | 드론4 목적지71 |  907스텝 | 배송 71/71 | 재적재 11 | 중계율 0.23 | alpha 0.005 | complete
Ep 96 | 드론3 목적지74 | 1000스텝 | 배송 64/74 | 재적재 10 | 중계율 0.27 | alpha 0.005 | step_limit
Ep 97 | 드론6 목적지47 |  329스텝 | 배송 47/47 | 재적재  8 | 중계율 0.12 | alpha 0.005 | complete
Ep 98 | 드론6 목적지50 |  582스텝 | 배송 50/50 | 재적재  9 | 중계율 0.17 | alpha 0.004 | complete
Ep 99 | 드론6 목적지35 |  346스텝 | 배송 35/35 | 재적재  4 | 중계율 0.17 | alpha 0.004 | complete
Ep 100 | 드론3 목적지40 |  700스텝 | 배송 40/40 | 재적재  6 | 중계율 0.20 | alpha 0.004 | complete
  [홀드아웃] 배송 48.4±4.8 완주 0.79 스텝 1127 점수 85.0 재적재 7.5 2홉+ 0.65 | 최고 87.9@ep50 정체 1/15
Ep 101 | 드론3 목적지23 |  543스텝 | 배송 23/23 | 재적재  2 | 중계율 0.19 | alpha 0.004 | complete
Ep 102 | 드론3 목적지21 |  433스텝 | 배송 21/21 | 재적재  2 | 중계율 0.21 | alpha 0.004 | complete
Ep 103 | 드론6 목적지72 |  496스텝 | 배송 72/72 | 재적재 12 | 중계율 0.10 | alpha 0.004 | complete
Ep 104 | 드론3 목적지27 |  799스텝 | 배송 27/27 | 재적재  3 | 중계율 0.23 | alpha 0.003 | complete
Ep 105 | 드론4 목적지63 |  926스텝 | 배송 63/63 | 재적재 10 | 중계율 0.16 | alpha 0.003 | complete
Ep 106 | 드론5 목적지58 |  416스텝 | 배송 58/58 | 재적재  9 | 중계율 0.13 | alpha 0.003 | complete
Ep 107 | 드론6 목적지75 |  808스텝 | 배송 75/75 | 재적재 11 | 중계율 0.28 | alpha 0.003 | complete
Ep 108 | 드론4 목적지55 |  893스텝 | 배송 55/55 | 재적재  9 | 중계율 0.26 | alpha 0.003 | complete
Ep 109 | 드론5 목적지64 |  762스텝 | 배송 64/64 | 재적재 11 | 중계율 0.21 | alpha 0.003 | complete
Ep 110 | 드론4 목적지55 |  762스텝 | 배송 55/55 | 재적재  8 | 중계율 0.21 | alpha 0.002 | complete
Ep 111 | 드론5 목적지67 |  650스텝 | 배송 67/67 | 재적재 11 | 중계율 0.22 | alpha 0.002 | complete
Ep 112 | 드론4 목적지46 |  734스텝 | 배송 46/46 | 재적재  8 | 중계율 0.24 | alpha 0.002 | complete
Ep 113 | 드론5 목적지43 |  414스텝 | 배송 43/43 | 재적재  6 | 중계율 0.12 | alpha 0.002 | complete
Ep 114 | 드론3 목적지80 | 1000스텝 | 배송 66/80 | 재적재 12 | 중계율 0.26 | alpha 0.002 | step_limit
Ep 115 | 드론6 목적지78 |  616스텝 | 배송 78/78 | 재적재 14 | 중계율 0.10 | alpha 0.002 | complete
Ep 116 | 드론5 목적지72 |  650스텝 | 배송 72/72 | 재적재 12 | 중계율 0.14 | alpha 0.002 | complete
Ep 117 | 드론4 목적지54 |  775스텝 | 배송 54/54 | 재적재  9 | 중계율 0.17 | alpha 0.002 | complete
Ep 118 | 드론3 목적지63 | 1000스텝 | 배송 59/63 | 재적재  9 | 중계율 0.27 | alpha 0.002 | step_limit
Ep 119 | 드론6 목적지66 |  493스텝 | 배송 66/66 | 재적재 12 | 중계율 0.14 | alpha 0.002 | complete
Ep 120 | 드론5 목적지70 |  669스텝 | 배송 70/70 | 재적재 11 | 중계율 0.17 | alpha 0.001 | complete
Ep 121 | 드론5 목적지45 |  459스텝 | 배송 45/45 | 재적재  8 | 중계율 0.18 | alpha 0.001 | complete
Ep 122 | 드론5 목적지26 |  428스텝 | 배송 26/26 | 재적재  4 | 중계율 0.27 | alpha 0.001 | complete
Ep 123 | 드론6 목적지30 |  313스텝 | 배송 30/30 | 재적재  4 | 중계율 0.13 | alpha 0.001 | complete
Ep 124 | 드론3 목적지80 | 1000스텝 | 배송 64/80 | 재적재 12 | 중계율 0.24 | alpha 0.001 | step_limit
Ep 125 | 드론6 목적지41 |  336스텝 | 배송 41/41 | 재적재  5 | 중계율 0.11 | alpha 0.001 | complete
Ep 126 | 드론4 목적지50 |  905스텝 | 배송 50/50 | 재적재  7 | 중계율 0.32 | alpha 0.001 | complete
Ep 127 | 드론4 목적지37 |  565스텝 | 배송 37/37 | 재적재  6 | 중계율 0.24 | alpha 0.001 | complete
Ep 128 | 드론3 목적지42 |  827스텝 | 배송 42/42 | 재적재  7 | 중계율 0.24 | alpha 0.001 | complete
Ep 129 | 드론5 목적지52 |  465스텝 | 배송 52/52 | 재적재  9 | 중계율 0.13 | alpha 0.001 | complete
Ep 130 | 드론3 목적지40 |  958스텝 | 배송 40/40 | 재적재  7 | 중계율 0.32 | alpha 0.001 | complete
Ep 131 | 드론4 목적지39 |  433스텝 | 배송 39/39 | 재적재  6 | 중계율 0.11 | alpha 0.001 | complete
Ep 132 | 드론6 목적지63 |  399스텝 | 배송 63/63 | 재적재 11 | 중계율 0.08 | alpha 0.001 | complete
Ep 133 | 드론4 목적지61 |  706스텝 | 배송 61/61 | 재적재 10 | 중계율 0.14 | alpha 0.001 | complete
Ep 134 | 드론5 목적지22 |  249스텝 | 배송 22/22 | 재적재  1 | 중계율 0.08 | alpha 0.001 | complete
Ep 135 | 드론3 목적지20 |  460스텝 | 배송 20/20 | 재적재  2 | 중계율 0.17 | alpha 0.001 | complete
Ep 136 | 드론6 목적지57 |  502스텝 | 배송 57/57 | 재적재 10 | 중계율 0.15 | alpha 0.001 | complete
Ep 137 | 드론4 목적지24 |  324스텝 | 배송 24/24 | 재적재  3 | 중계율 0.12 | alpha 0.001 | complete
Ep 138 | 드론5 목적지35 |  359스텝 | 배송 35/35 | 재적재  5 | 중계율 0.08 | alpha 0.001 | complete
Ep 139 | 드론4 목적지29 |  415스텝 | 배송 29/29 | 재적재  4 | 중계율 0.15 | alpha 0.001 | complete
Ep 140 | 드론3 목적지32 | 1000스텝 | 배송 29/32 | 재적재  4 | 중계율 0.29 | alpha 0.001 | step_limit
Ep 141 | 드론4 목적지54 |  662스텝 | 배송 54/54 | 재적재  9 | 중계율 0.18 | alpha 0.001 | complete
Ep 142 | 드론3 목적지42 |  636스텝 | 배송 42/42 | 재적재  7 | 중계율 0.17 | alpha 0.001 | complete
Ep 143 | 드론3 목적지23 |  399스텝 | 배송 23/23 | 재적재  3 | 중계율 0.23 | alpha 0.001 | complete
Ep 144 | 드론4 목적지61 |  962스텝 | 배송 61/61 | 재적재 11 | 중계율 0.26 | alpha 0.001 | complete
Ep 145 | 드론4 목적지64 |  915스텝 | 배송 64/64 | 재적재 11 | 중계율 0.22 | alpha 0.001 | complete
Ep 146 | 드론3 목적지71 | 1000스텝 | 배송 66/71 | 재적재 11 | 중계율 0.21 | alpha 0.001 | step_limit
Ep 147 | 드론3 목적지48 | 1000스텝 | 배송 44/48 | 재적재  8 | 중계율 0.33 | alpha 0.001 | step_limit
Ep 148 | 드론5 목적지36 |  566스텝 | 배송 36/36 | 재적재  7 | 중계율 0.23 | alpha 0.001 | complete
Ep 149 | 드론5 목적지40 |  413스텝 | 배송 40/40 | 재적재  6 | 중계율 0.13 | alpha 0.001 | complete
Ep 150 | 드론4 목적지26 |  507스텝 | 배송 26/26 | 재적재  4 | 중계율 0.18 | alpha 0.001 | complete
  [홀드아웃] 배송 47.2±6.4 완주 0.74 스텝 1089 점수 80.1 재적재 7.4 2홉+ 0.65 | 최고 87.9@ep50 정체 2/15
Ep 151 | 드론5 목적지70 |  706스텝 | 배송 70/70 | 재적재 12 | 중계율 0.19 | alpha 0.001 | complete
Ep 152 | 드론6 목적지48 |  380스텝 | 배송 48/48 | 재적재  7 | 중계율 0.13 | alpha 0.001 | complete
Ep 153 | 드론6 목적지57 |  538스텝 | 배송 57/57 | 재적재 10 | 중계율 0.14 | alpha 0.001 | complete
Ep 154 | 드론6 목적지34 |  273스텝 | 배송 34/34 | 재적재  5 | 중계율 0.14 | alpha 0.001 | complete
Ep 155 | 드론6 목적지80 |  634스텝 | 배송 80/80 | 재적재 15 | 중계율 0.17 | alpha 0.001 | complete
Ep 156 | 드론6 목적지59 |  887스텝 | 배송 59/59 | 재적재 10 | 중계율 0.25 | alpha 0.001 | complete
Ep 157 | 드론3 목적지42 | 1000스텝 | 배송 38/42 | 재적재  6 | 중계율 0.29 | alpha 0.001 | step_limit
Ep 158 | 드론5 목적지76 |  819스텝 | 배송 76/76 | 재적재 13 | 중계율 0.13 | alpha 0.001 | complete
Ep 159 | 드론6 목적지47 |  340스텝 | 배송 47/47 | 재적재  6 | 중계율 0.09 | alpha 0.001 | complete
Ep 160 | 드론3 목적지62 | 1000스텝 | 배송 60/62 | 재적재 11 | 중계율 0.28 | alpha 0.001 | step_limit
Ep 161 | 드론4 목적지31 |  458스텝 | 배송 31/31 | 재적재  4 | 중계율 0.13 | alpha 0.001 | complete
Ep 162 | 드론4 목적지26 |  373스텝 | 배송 26/26 | 재적재  4 | 중계율 0.16 | alpha 0.001 | complete
Ep 163 | 드론5 목적지21 |  336스텝 | 배송 21/21 | 재적재  4 | 중계율 0.25 | alpha 0.001 | complete
Ep 164 | 드론6 목적지79 |  624스텝 | 배송 79/79 | 재적재 13 | 중계율 0.18 | alpha 0.001 | complete
Ep 165 | 드론6 목적지47 |  361스텝 | 배송 47/47 | 재적재  7 | 중계율 0.09 | alpha 0.001 | complete
Ep 166 | 드론4 목적지77 |  912스텝 | 배송 77/77 | 재적재 13 | 중계율 0.16 | alpha 0.001 | complete
Ep 167 | 드론5 목적지77 | 1000스텝 | 배송 76/77 | 재적재 11 | 중계율 0.32 | alpha 0.001 | step_limit
Ep 168 | 드론6 목적지29 |  280스텝 | 배송 29/29 | 재적재  2 | 중계율 0.12 | alpha 0.001 | complete
Ep 169 | 드론6 목적지59 |  758스텝 | 배송 59/59 | 재적재 10 | 중계율 0.18 | alpha 0.001 | complete
Ep 170 | 드론4 목적지74 | 1000스텝 | 배송 70/74 | 재적재 12 | 중계율 0.29 | alpha 0.001 | step_limit
Ep 171 | 드론5 목적지34 |  370스텝 | 배송 34/34 | 재적재  4 | 중계율 0.12 | alpha 0.001 | complete
Ep 172 | 드론3 목적지43 |  976스텝 | 배송 43/43 | 재적재  7 | 중계율 0.28 | alpha 0.001 | complete
Ep 173 | 드론4 목적지35 |  601스텝 | 배송 35/35 | 재적재  4 | 중계율 0.32 | alpha 0.001 | complete
Ep 174 | 드론6 목적지43 |  451스텝 | 배송 43/43 | 재적재  5 | 중계율 0.10 | alpha 0.001 | complete
Ep 175 | 드론6 목적지30 |  508스텝 | 배송 30/30 | 재적재  5 | 중계율 0.17 | alpha 0.001 | complete
Ep 176 | 드론6 목적지29 |  342스텝 | 배송 29/29 | 재적재  2 | 중계율 0.19 | alpha 0.001 | complete
Ep 177 | 드론3 목적지45 |  846스텝 | 배송 45/45 | 재적재  7 | 중계율 0.24 | alpha 0.001 | complete
Ep 178 | 드론3 목적지20 |  386스텝 | 배송 20/20 | 재적재  2 | 중계율 0.22 | alpha 0.001 | complete
Ep 179 | 드론6 목적지66 |  622스텝 | 배송 66/66 | 재적재 10 | 중계율 0.20 | alpha 0.001 | complete
Ep 180 | 드론6 목적지22 |  183스텝 | 배송 22/22 | 재적재  1 | 중계율 0.07 | alpha 0.001 | complete
Ep 181 | 드론6 목적지77 |  557스텝 | 배송 77/77 | 재적재 12 | 중계율 0.14 | alpha 0.001 | complete
Ep 182 | 드론4 목적지74 | 1000스텝 | 배송 64/74 | 재적재 11 | 중계율 0.23 | alpha 0.001 | step_limit
Ep 183 | 드론6 목적지40 |  351스텝 | 배송 40/40 | 재적재  6 | 중계율 0.15 | alpha 0.001 | complete
Ep 184 | 드론4 목적지77 | 1000스텝 | 배송 68/77 | 재적재 12 | 중계율 0.23 | alpha 0.001 | step_limit
Ep 185 | 드론5 목적지72 |  699스텝 | 배송 72/72 | 재적재 11 | 중계율 0.17 | alpha 0.001 | complete
Ep 186 | 드론5 목적지74 |  714스텝 | 배송 74/74 | 재적재 12 | 중계율 0.16 | alpha 0.001 | complete
Ep 187 | 드론3 목적지65 | 1000스텝 | 배송 60/65 | 재적재 11 | 중계율 0.27 | alpha 0.001 | step_limit
Ep 188 | 드론3 목적지80 | 1000스텝 | 배송 50/80 | 재적재  8 | 중계율 0.36 | alpha 0.001 | step_limit
Ep 189 | 드론5 목적지55 |  708스텝 | 배송 55/55 | 재적재 10 | 중계율 0.19 | alpha 0.001 | complete
Ep 190 | 드론4 목적지36 |  999스텝 | 배송 36/36 | 재적재  6 | 중계율 0.35 | alpha 0.001 | complete
Ep 191 | 드론3 목적지28 |  770스텝 | 배송 28/28 | 재적재  5 | 중계율 0.25 | alpha 0.001 | complete
Ep 192 | 드론6 목적지74 |  539스텝 | 배송 74/74 | 재적재 11 | 중계율 0.10 | alpha 0.001 | complete
Ep 193 | 드론4 목적지61 | 1000스텝 | 배송 49/61 | 재적재  7 | 중계율 0.29 | alpha 0.001 | step_limit
Ep 194 | 드론6 목적지73 |  610스텝 | 배송 73/73 | 재적재 11 | 중계율 0.13 | alpha 0.001 | complete
Ep 195 | 드론5 목적지69 |  790스텝 | 배송 69/69 | 재적재 11 | 중계율 0.24 | alpha 0.001 | complete
Ep 196 | 드론4 목적지47 |  638스텝 | 배송 47/47 | 재적재  8 | 중계율 0.11 | alpha 0.001 | complete
Ep 197 | 드론5 목적지27 |  392스텝 | 배송 27/27 | 재적재  3 | 중계율 0.17 | alpha 0.001 | complete
Ep 198 | 드론4 목적지56 | 1000스텝 | 배송 55/56 | 재적재 10 | 중계율 0.18 | alpha 0.001 | step_limit
Ep 199 | 드론3 목적지57 |  969스텝 | 배송 57/57 | 재적재 10 | 중계율 0.28 | alpha 0.001 | complete
Ep 200 | 드론6 목적지64 |  541스텝 | 배송 64/64 | 재적재 10 | 중계율 0.16 | alpha 0.001 | complete
  [홀드아웃] 배송 47.1±6.9 완주 0.75 스텝 1068 점수 81.4 재적재 7.3 2홉+ 0.65 | 최고 87.9@ep50 정체 3/15
Ep 201 | 드론6 목적지38 |  453스텝 | 배송 38/38 | 재적재  4 | 중계율 0.19 | alpha 0.001 | complete
Ep 202 | 드론3 목적지32 |  665스텝 | 배송 32/32 | 재적재  6 | 중계율 0.24 | alpha 0.001 | complete
Ep 203 | 드론4 목적지23 |  298스텝 | 배송 23/23 | 재적재  3 | 중계율 0.08 | alpha 0.001 | complete
Ep 204 | 드론4 목적지38 |  435스텝 | 배송 38/38 | 재적재  7 | 중계율 0.13 | alpha 0.001 | complete
Ep 205 | 드론4 목적지27 |  422스텝 | 배송 27/27 | 재적재  4 | 중계율 0.17 | alpha 0.001 | complete
Ep 206 | 드론3 목적지58 | 1000스텝 | 배송 57/58 | 재적재 11 | 중계율 0.30 | alpha 0.001 | step_limit
Ep 207 | 드론4 목적지52 | 1000스텝 | 배송 49/52 | 재적재  7 | 중계율 0.35 | alpha 0.001 | step_limit
Ep 208 | 드론4 목적지60 | 1000스텝 | 배송 57/60 | 재적재 10 | 중계율 0.33 | alpha 0.001 | step_limit
Ep 209 | 드론3 목적지72 | 1000스텝 | 배송 60/72 | 재적재 10 | 중계율 0.32 | alpha 0.001 | step_limit
Ep 210 | 드론6 목적지39 |  456스텝 | 배송 39/39 | 재적재  5 | 중계율 0.14 | alpha 0.001 | complete
Ep 211 | 드론3 목적지55 | 1000스텝 | 배송 54/55 | 재적재  9 | 중계율 0.28 | alpha 0.001 | step_limit
Ep 212 | 드론4 목적지62 |  753스텝 | 배송 62/62 | 재적재 10 | 중계율 0.20 | alpha 0.001 | complete
Ep 213 | 드론5 목적지77 |  720스텝 | 배송 77/77 | 재적재 14 | 중계율 0.13 | alpha 0.001 | complete
Ep 214 | 드론4 목적지44 |  674스텝 | 배송 44/44 | 재적재  8 | 중계율 0.14 | alpha 0.001 | complete
Ep 215 | 드론3 목적지49 |  978스텝 | 배송 49/49 | 재적재  9 | 중계율 0.33 | alpha 0.001 | complete
Ep 216 | 드론6 목적지29 |  371스텝 | 배송 29/29 | 재적재  5 | 중계율 0.15 | alpha 0.001 | complete
Ep 217 | 드론5 목적지36 |  375스텝 | 배송 36/36 | 재적재  4 | 중계율 0.15 | alpha 0.001 | complete
Ep 218 | 드론5 목적지55 |  436스텝 | 배송 55/55 | 재적재  9 | 중계율 0.10 | alpha 0.001 | complete
Ep 219 | 드론3 목적지35 |  905스텝 | 배송 35/35 | 재적재  5 | 중계율 0.30 | alpha 0.001 | complete
Ep 220 | 드론6 목적지73 |  512스텝 | 배송 73/73 | 재적재 12 | 중계율 0.09 | alpha 0.001 | complete
Ep 221 | 드론6 목적지25 |  201스텝 | 배송 25/25 | 재적재  0 | 중계율 0.13 | alpha 0.001 | complete
Ep 222 | 드론4 목적지30 |  451스텝 | 배송 30/30 | 재적재  5 | 중계율 0.13 | alpha 0.001 | complete
Ep 223 | 드론4 목적지45 |  945스텝 | 배송 45/45 | 재적재  8 | 중계율 0.27 | alpha 0.001 | complete
Ep 224 | 드론5 목적지76 | 1000스텝 | 배송 68/76 | 재적재 11 | 중계율 0.33 | alpha 0.001 | step_limit
Ep 225 | 드론5 목적지70 |  684스텝 | 배송 70/70 | 재적재 12 | 중계율 0.18 | alpha 0.001 | complete
Ep 226 | 드론6 목적지73 |  434스텝 | 배송 73/73 | 재적재 12 | 중계율 0.07 | alpha 0.001 | complete
Ep 227 | 드론6 목적지56 |  450스텝 | 배송 56/56 | 재적재  9 | 중계율 0.14 | alpha 0.001 | complete
Ep 228 | 드론5 목적지24 |  294스텝 | 배송 24/24 | 재적재  2 | 중계율 0.17 | alpha 0.001 | complete
Ep 229 | 드론3 목적지32 |  931스텝 | 배송 32/32 | 재적재  6 | 중계율 0.36 | alpha 0.001 | complete
Ep 230 | 드론3 목적지62 | 1000스텝 | 배송 55/62 | 재적재 11 | 중계율 0.27 | alpha 0.001 | step_limit
Ep 231 | 드론3 목적지27 |  910스텝 | 배송 27/27 | 재적재  4 | 중계율 0.31 | alpha 0.001 | complete
Ep 232 | 드론6 목적지27 |  312스텝 | 배송 27/27 | 재적재  4 | 중계율 0.13 | alpha 0.001 | complete
Ep 233 | 드론5 목적지58 |  603스텝 | 배송 58/58 | 재적재  9 | 중계율 0.21 | alpha 0.001 | complete
Ep 234 | 드론4 목적지56 | 1000스텝 | 배송 42/56 | 재적재  8 | 중계율 0.23 | alpha 0.001 | step_limit
Ep 235 | 드론4 목적지49 |  608스텝 | 배송 49/49 | 재적재  8 | 중계율 0.19 | alpha 0.001 | complete
Ep 236 | 드론6 목적지71 |  589스텝 | 배송 71/71 | 재적재 12 | 중계율 0.12 | alpha 0.001 | complete
Ep 237 | 드론5 목적지77 |  758스텝 | 배송 77/77 | 재적재 15 | 중계율 0.15 | alpha 0.001 | complete
Ep 238 | 드론6 목적지27 |  200스텝 | 배송 27/27 | 재적재  2 | 중계율 0.14 | alpha 0.001 | complete
Ep 239 | 드론5 목적지37 |  386스텝 | 배송 37/37 | 재적재  4 | 중계율 0.14 | alpha 0.001 | complete
Ep 240 | 드론6 목적지70 |  516스텝 | 배송 70/70 | 재적재 11 | 중계율 0.14 | alpha 0.001 | complete
Ep 241 | 드론3 목적지46 |  921스텝 | 배송 46/46 | 재적재  7 | 중계율 0.30 | alpha 0.001 | complete
Ep 242 | 드론6 목적지65 |  531스텝 | 배송 65/65 | 재적재 11 | 중계율 0.09 | alpha 0.001 | complete
Ep 243 | 드론5 목적지39 |  407스텝 | 배송 39/39 | 재적재  5 | 중계율 0.15 | alpha 0.001 | complete
Ep 244 | 드론4 목적지51 |  795스텝 | 배송 51/51 | 재적재  8 | 중계율 0.23 | alpha 0.001 | complete
Ep 245 | 드론3 목적지52 | 1000스텝 | 배송 44/52 | 재적재  6 | 중계율 0.42 | alpha 0.001 | step_limit
Ep 246 | 드론5 목적지54 |  397스텝 | 배송 54/54 | 재적재  9 | 중계율 0.12 | alpha 0.001 | complete
Ep 247 | 드론6 목적지69 |  570스텝 | 배송 69/69 | 재적재 11 | 중계율 0.14 | alpha 0.001 | complete
Ep 248 | 드론3 목적지77 | 1000스텝 | 배송 60/77 | 재적재 11 | 중계율 0.27 | alpha 0.001 | step_limit
Ep 249 | 드론5 목적지70 |  606스텝 | 배송 70/70 | 재적재 12 | 중계율 0.11 | alpha 0.001 | complete
Ep 250 | 드론3 목적지51 |  972스텝 | 배송 51/51 | 재적재 10 | 중계율 0.30 | alpha 0.001 | complete
  [홀드아웃] 배송 47.0±6.8 완주 0.75 스텝 1037 점수 81.5 재적재 7.3 2홉+ 0.64 | 최고 87.9@ep50 정체 4/15
Ep 251 | 드론6 목적지33 |  301스텝 | 배송 33/33 | 재적재  3 | 중계율 0.08 | alpha 0.001 | complete
Ep 252 | 드론3 목적지25 |  640스텝 | 배송 25/25 | 재적재  2 | 중계율 0.27 | alpha 0.001 | complete
Ep 253 | 드론5 목적지49 |  698스텝 | 배송 49/49 | 재적재  8 | 중계율 0.21 | alpha 0.001 | complete
Ep 254 | 드론5 목적지26 |  312스텝 | 배송 26/26 | 재적재  3 | 중계율 0.09 | alpha 0.001 | complete
Ep 255 | 드론4 목적지38 |  602스텝 | 배송 38/38 | 재적재  6 | 중계율 0.24 | alpha 0.001 | complete
Ep 256 | 드론4 목적지27 |  631스텝 | 배송 27/27 | 재적재  4 | 중계율 0.21 | alpha 0.001 | complete
Ep 257 | 드론3 목적지44 |  906스텝 | 배송 44/44 | 재적재  7 | 중계율 0.30 | alpha 0.001 | complete
Ep 258 | 드론5 목적지73 |  647스텝 | 배송 73/73 | 재적재 12 | 중계율 0.15 | alpha 0.001 | complete
Ep 259 | 드론5 목적지65 |  770스텝 | 배송 65/65 | 재적재 10 | 중계율 0.15 | alpha 0.001 | complete
Ep 260 | 드론6 목적지49 |  378스텝 | 배송 49/49 | 재적재  7 | 중계율 0.10 | alpha 0.001 | complete
Ep 261 | 드론6 목적지21 |  202스텝 | 배송 21/21 | 재적재  0 | 중계율 0.14 | alpha 0.001 | complete
Ep 262 | 드론3 목적지69 | 1000스텝 | 배송 63/69 | 재적재 10 | 중계율 0.20 | alpha 0.001 | step_limit
Ep 263 | 드론4 목적지40 |  835스텝 | 배송 40/40 | 재적재  6 | 중계율 0.33 | alpha 0.001 | complete
Ep 264 | 드론5 목적지35 |  327스텝 | 배송 35/35 | 재적재  5 | 중계율 0.12 | alpha 0.001 | complete
Ep 265 | 드론6 목적지52 |  332스텝 | 배송 52/52 | 재적재  7 | 중계율 0.07 | alpha 0.001 | complete
Ep 266 | 드론4 목적지33 |  406스텝 | 배송 33/33 | 재적재  4 | 중계율 0.11 | alpha 0.001 | complete
Ep 267 | 드론6 목적지32 |  260스텝 | 배송 32/32 | 재적재  5 | 중계율 0.07 | alpha 0.001 | complete
Ep 268 | 드론4 목적지39 |  784스텝 | 배송 39/39 | 재적재  7 | 중계율 0.24 | alpha 0.001 | complete
Ep 269 | 드론5 목적지71 |  602스텝 | 배송 71/71 | 재적재 11 | 중계율 0.14 | alpha 0.001 | complete
Ep 270 | 드론3 목적지56 | 1000스텝 | 배송 52/56 | 재적재  9 | 중계율 0.33 | alpha 0.001 | step_limit
Ep 271 | 드론5 목적지66 |  665스텝 | 배송 66/66 | 재적재 12 | 중계율 0.16 | alpha 0.001 | complete
Ep 272 | 드론4 목적지33 |  375스텝 | 배송 33/33 | 재적재  4 | 중계율 0.10 | alpha 0.001 | complete
Ep 273 | 드론5 목적지75 |  703스텝 | 배송 75/75 | 재적재 13 | 중계율 0.19 | alpha 0.001 | complete
Ep 274 | 드론4 목적지63 |  733스텝 | 배송 63/63 | 재적재 11 | 중계율 0.16 | alpha 0.001 | complete
Ep 275 | 드론3 목적지46 | 1000스텝 | 배송 45/46 | 재적재  7 | 중계율 0.32 | alpha 0.001 | step_limit
Ep 276 | 드론5 목적지62 |  773스텝 | 배송 62/62 | 재적재  9 | 중계율 0.24 | alpha 0.001 | complete
Ep 277 | 드론6 목적지35 |  278스텝 | 배송 35/35 | 재적재  6 | 중계율 0.09 | alpha 0.001 | complete
Ep 278 | 드론4 목적지79 |  980스텝 | 배송 79/79 | 재적재 13 | 중계율 0.23 | alpha 0.001 | complete
Ep 279 | 드론3 목적지50 |  969스텝 | 배송 50/50 | 재적재  9 | 중계율 0.26 | alpha 0.001 | complete
Ep 280 | 드론3 목적지71 | 1000스텝 | 배송 56/71 | 재적재 11 | 중계율 0.28 | alpha 0.001 | step_limit
Ep 281 | 드론5 목적지52 |  619스텝 | 배송 52/52 | 재적재  9 | 중계율 0.18 | alpha 0.001 | complete
Ep 282 | 드론4 목적지55 |  694스텝 | 배송 55/55 | 재적재  8 | 중계율 0.17 | alpha 0.001 | complete
Ep 283 | 드론4 목적지44 |  548스텝 | 배송 44/44 | 재적재  8 | 중계율 0.12 | alpha 0.001 | complete
Ep 284 | 드론6 목적지61 |  412스텝 | 배송 61/61 | 재적재 11 | 중계율 0.11 | alpha 0.001 | complete
Ep 285 | 드론6 목적지61 |  485스텝 | 배송 61/61 | 재적재 10 | 중계율 0.09 | alpha 0.001 | complete
Ep 286 | 드론6 목적지35 |  337스텝 | 배송 35/35 | 재적재  5 | 중계율 0.10 | alpha 0.001 | complete
Ep 287 | 드론5 목적지42 |  382스텝 | 배송 42/42 | 재적재  5 | 중계율 0.12 | alpha 0.001 | complete
Ep 288 | 드론4 목적지26 |  459스텝 | 배송 26/26 | 재적재  4 | 중계율 0.20 | alpha 0.001 | complete
Ep 289 | 드론5 목적지71 |  565스텝 | 배송 71/71 | 재적재 11 | 중계율 0.12 | alpha 0.001 | complete
Ep 290 | 드론3 목적지34 |  523스텝 | 배송 34/34 | 재적재  5 | 중계율 0.16 | alpha 0.001 | complete
Ep 291 | 드론6 목적지70 |  559스텝 | 배송 70/70 | 재적재 10 | 중계율 0.14 | alpha 0.001 | complete
Ep 292 | 드론6 목적지25 |  208스텝 | 배송 25/25 | 재적재  2 | 중계율 0.08 | alpha 0.001 | complete
Ep 293 | 드론5 목적지78 |  792스텝 | 배송 78/78 | 재적재 14 | 중계율 0.18 | alpha 0.001 | complete
Ep 294 | 드론4 목적지63 | 1000스텝 | 배송 61/63 | 재적재 11 | 중계율 0.25 | alpha 0.001 | step_limit
Ep 295 | 드론3 목적지40 |  800스텝 | 배송 40/40 | 재적재  7 | 중계율 0.25 | alpha 0.001 | complete
Ep 296 | 드론3 목적지78 | 1000스텝 | 배송 65/78 | 재적재 12 | 중계율 0.28 | alpha 0.001 | step_limit
Ep 297 | 드론3 목적지76 | 1000스텝 | 배송 73/76 | 재적재 14 | 중계율 0.21 | alpha 0.001 | step_limit
Ep 298 | 드론5 목적지42 |  472스텝 | 배송 42/42 | 재적재  6 | 중계율 0.13 | alpha 0.001 | complete
Ep 299 | 드론5 목적지34 |  619스텝 | 배송 34/34 | 재적재  4 | 중계율 0.22 | alpha 0.001 | complete
Ep 300 | 드론6 목적지73 |  699스텝 | 배송 73/73 | 재적재 12 | 중계율 0.20 | alpha 0.001 | complete
  [홀드아웃] 배송 48.5±4.3 완주 0.81 스텝 1083 점수 87.6 재적재 7.4 2홉+ 0.64 | 최고 87.9@ep50 정체 5/15
Ep 301 | 드론5 목적지74 |  608스텝 | 배송 74/74 | 재적재 13 | 중계율 0.12 | alpha 0.001 | complete
Ep 302 | 드론3 목적지56 |  971스텝 | 배송 56/56 | 재적재 10 | 중계율 0.25 | alpha 0.001 | complete
Ep 303 | 드론6 목적지24 |  333스텝 | 배송 24/24 | 재적재  2 | 중계율 0.14 | alpha 0.001 | complete
Ep 304 | 드론5 목적지67 |  675스텝 | 배송 67/67 | 재적재 10 | 중계율 0.15 | alpha 0.001 | complete
Ep 305 | 드론4 목적지69 | 1000스텝 | 배송 57/69 | 재적재  9 | 중계율 0.26 | alpha 0.001 | step_limit
Ep 306 | 드론4 목적지30 |  417스텝 | 배송 30/30 | 재적재  4 | 중계율 0.18 | alpha 0.001 | complete
Ep 307 | 드론6 목적지46 |  448스텝 | 배송 46/46 | 재적재  6 | 중계율 0.12 | alpha 0.001 | complete
Ep 308 | 드론3 목적지45 |  757스텝 | 배송 45/45 | 재적재  8 | 중계율 0.21 | alpha 0.001 | complete
Ep 309 | 드론6 목적지80 |  760스텝 | 배송 80/80 | 재적재 14 | 중계율 0.20 | alpha 0.001 | complete
Ep 310 | 드론4 목적지26 |  435스텝 | 배송 26/26 | 재적재  4 | 중계율 0.09 | alpha 0.001 | complete
Ep 311 | 드론3 목적지52 |  888스텝 | 배송 52/52 | 재적재  8 | 중계율 0.21 | alpha 0.001 | complete
Ep 312 | 드론3 목적지42 |  901스텝 | 배송 42/42 | 재적재  7 | 중계율 0.30 | alpha 0.001 | complete
Ep 313 | 드론3 목적지60 | 1000스텝 | 배송 58/60 | 재적재  9 | 중계율 0.28 | alpha 0.001 | step_limit
Ep 314 | 드론3 목적지78 | 1000스텝 | 배송 59/78 | 재적재 11 | 중계율 0.29 | alpha 0.001 | step_limit
Ep 315 | 드론5 목적지51 |  698스텝 | 배송 51/51 | 재적재  8 | 중계율 0.23 | alpha 0.001 | complete
Ep 316 | 드론5 목적지58 |  446스텝 | 배송 58/58 | 재적재 10 | 중계율 0.11 | alpha 0.001 | complete
Ep 317 | 드론5 목적지75 |  872스텝 | 배송 75/75 | 재적재 12 | 중계율 0.19 | alpha 0.001 | complete
Ep 318 | 드론6 목적지56 |  520스텝 | 배송 56/56 | 재적재  8 | 중계율 0.09 | alpha 0.001 | complete
Ep 319 | 드론4 목적지69 | 1000스텝 | 배송 59/69 | 재적재 11 | 중계율 0.29 | alpha 0.001 | step_limit
Ep 320 | 드론5 목적지45 |  472스텝 | 배송 45/45 | 재적재  5 | 중계율 0.17 | alpha 0.001 | complete
Ep 321 | 드론5 목적지28 |  377스텝 | 배송 28/28 | 재적재  5 | 중계율 0.20 | alpha 0.001 | complete
Ep 322 | 드론5 목적지59 |  547스텝 | 배송 59/59 | 재적재 10 | 중계율 0.07 | alpha 0.001 | complete
Ep 323 | 드론3 목적지44 |  921스텝 | 배송 44/44 | 재적재  8 | 중계율 0.30 | alpha 0.001 | complete
Ep 324 | 드론3 목적지25 |  533스텝 | 배송 25/25 | 재적재  3 | 중계율 0.13 | alpha 0.001 | complete
Ep 325 | 드론6 목적지65 |  701스텝 | 배송 65/65 | 재적재 10 | 중계율 0.15 | alpha 0.001 | complete
Ep 326 | 드론4 목적지31 |  482스텝 | 배송 31/31 | 재적재  3 | 중계율 0.22 | alpha 0.001 | complete
Ep 327 | 드론6 목적지67 |  599스텝 | 배송 67/67 | 재적재 11 | 중계율 0.15 | alpha 0.001 | complete
Ep 328 | 드론4 목적지65 |  743스텝 | 배송 65/65 | 재적재 11 | 중계율 0.14 | alpha 0.001 | complete
Ep 329 | 드론6 목적지33 |  315스텝 | 배송 33/33 | 재적재  5 | 중계율 0.11 | alpha 0.001 | complete
Ep 330 | 드론5 목적지76 |  724스텝 | 배송 76/76 | 재적재 13 | 중계율 0.14 | alpha 0.001 | complete
Ep 331 | 드론4 목적지76 | 1000스텝 | 배송 74/76 | 재적재 12 | 중계율 0.27 | alpha 0.001 | step_limit
Ep 332 | 드론6 목적지75 |  533스텝 | 배송 75/75 | 재적재 12 | 중계율 0.12 | alpha 0.001 | complete
Ep 333 | 드론4 목적지26 |  360스텝 | 배송 26/26 | 재적재  5 | 중계율 0.17 | alpha 0.001 | complete
Ep 334 | 드론3 목적지63 | 1000스텝 | 배송 61/63 | 재적재 10 | 중계율 0.20 | alpha 0.001 | step_limit
Ep 335 | 드론5 목적지28 |  434스텝 | 배송 28/28 | 재적재  4 | 중계율 0.20 | alpha 0.001 | complete
Ep 336 | 드론3 목적지54 |  999스텝 | 배송 54/54 | 재적재 10 | 중계율 0.26 | alpha 0.001 | complete
Ep 337 | 드론4 목적지65 | 1000스텝 | 배송 41/65 | 재적재  6 | 중계율 0.36 | alpha 0.001 | step_limit
Ep 338 | 드론4 목적지68 | 1000스텝 | 배송 67/68 | 재적재 11 | 중계율 0.25 | alpha 0.001 | step_limit
Ep 339 | 드론5 목적지47 |  388스텝 | 배송 47/47 | 재적재  7 | 중계율 0.10 | alpha 0.001 | complete
Ep 340 | 드론4 목적지73 | 1000스텝 | 배송 71/73 | 재적재 13 | 중계율 0.30 | alpha 0.001 | step_limit
Ep 341 | 드론4 목적지64 | 1000스텝 | 배송 55/64 | 재적재 11 | 중계율 0.33 | alpha 0.001 | step_limit
Ep 342 | 드론4 목적지26 |  392스텝 | 배송 26/26 | 재적재  4 | 중계율 0.10 | alpha 0.001 | complete
Ep 343 | 드론6 목적지58 |  452스텝 | 배송 58/58 | 재적재 10 | 중계율 0.12 | alpha 0.001 | complete
Ep 344 | 드론5 목적지23 |  292스텝 | 배송 23/23 | 재적재  1 | 중계율 0.12 | alpha 0.001 | complete
Ep 345 | 드론5 목적지53 |  718스텝 | 배송 53/53 | 재적재 10 | 중계율 0.17 | alpha 0.001 | complete
Ep 346 | 드론4 목적지21 |  322스텝 | 배송 21/21 | 재적재  2 | 중계율 0.14 | alpha 0.001 | complete
Ep 347 | 드론6 목적지39 |  332스텝 | 배송 39/39 | 재적재  6 | 중계율 0.09 | alpha 0.001 | complete
Ep 348 | 드론6 목적지46 |  355스텝 | 배송 46/46 | 재적재  7 | 중계율 0.11 | alpha 0.001 | complete
Ep 349 | 드론5 목적지37 |  381스텝 | 배송 37/37 | 재적재  4 | 중계율 0.13 | alpha 0.001 | complete
Ep 350 | 드론3 목적지42 |  844스텝 | 배송 42/42 | 재적재  6 | 중계율 0.24 | alpha 0.001 | complete
  [홀드아웃] 배송 47.6±5.5 완주 0.70 스텝 1055 점수 76.5 재적재 7.5 2홉+ 0.64 | 최고 87.9@ep50 정체 6/15
Ep 351 | 드론6 목적지54 |  469스텝 | 배송 54/54 | 재적재  9 | 중계율 0.09 | alpha 0.001 | complete
Ep 352 | 드론5 목적지69 |  666스텝 | 배송 69/69 | 재적재 10 | 중계율 0.20 | alpha 0.001 | complete
Ep 353 | 드론3 목적지44 |  961스텝 | 배송 44/44 | 재적재  7 | 중계율 0.27 | alpha 0.001 | complete
Ep 354 | 드론4 목적지49 |  683스텝 | 배송 49/49 | 재적재  8 | 중계율 0.18 | alpha 0.001 | complete
Ep 355 | 드론3 목적지28 |  710스텝 | 배송 28/28 | 재적재  5 | 중계율 0.19 | alpha 0.001 | complete
Ep 356 | 드론3 목적지79 | 1000스텝 | 배송 67/79 | 재적재 12 | 중계율 0.22 | alpha 0.001 | step_limit
Ep 357 | 드론5 목적지71 |  688스텝 | 배송 71/71 | 재적재 12 | 중계율 0.12 | alpha 0.001 | complete
Ep 358 | 드론3 목적지30 |  716스텝 | 배송 30/30 | 재적재  4 | 중계율 0.29 | alpha 0.001 | complete
Ep 359 | 드론4 목적지74 |  905스텝 | 배송 74/74 | 재적재 14 | 중계율 0.18 | alpha 0.001 | complete
Ep 360 | 드론5 목적지47 |  549스텝 | 배송 47/47 | 재적재  6 | 중계율 0.16 | alpha 0.001 | complete
Ep 361 | 드론4 목적지43 |  661스텝 | 배송 43/43 | 재적재  5 | 중계율 0.16 | alpha 0.001 | complete
Ep 362 | 드론6 목적지78 |  539스텝 | 배송 78/78 | 재적재 12 | 중계율 0.11 | alpha 0.001 | complete
Ep 363 | 드론5 목적지70 |  564스텝 | 배송 70/70 | 재적재 12 | 중계율 0.11 | alpha 0.001 | complete
Ep 364 | 드론3 목적지64 | 1000스텝 | 배송 56/64 | 재적재  9 | 중계율 0.29 | alpha 0.001 | step_limit
Ep 365 | 드론3 목적지63 | 1000스텝 | 배송 55/63 | 재적재  9 | 중계율 0.35 | alpha 0.001 | step_limit
Ep 366 | 드론4 목적지44 |  747스텝 | 배송 44/44 | 재적재  6 | 중계율 0.23 | alpha 0.001 | complete
Ep 367 | 드론5 목적지38 |  382스텝 | 배송 38/38 | 재적재  5 | 중계율 0.11 | alpha 0.001 | complete
Ep 368 | 드론3 목적지37 |  599스텝 | 배송 37/37 | 재적재  5 | 중계율 0.11 | alpha 0.001 | complete
Ep 369 | 드론3 목적지42 |  769스텝 | 배송 42/42 | 재적재  8 | 중계율 0.25 | alpha 0.001 | complete
Ep 370 | 드론4 목적지70 | 1000스텝 | 배송 67/70 | 재적재 10 | 중계율 0.29 | alpha 0.001 | step_limit
Ep 371 | 드론4 목적지40 |  698스텝 | 배송 40/40 | 재적재  6 | 중계율 0.16 | alpha 0.001 | complete
Ep 372 | 드론5 목적지29 |  320스텝 | 배송 29/29 | 재적재  5 | 중계율 0.09 | alpha 0.001 | complete
Ep 373 | 드론3 목적지79 | 1000스텝 | 배송 70/79 | 재적재 11 | 중계율 0.23 | alpha 0.001 | step_limit
Ep 374 | 드론4 목적지40 |  737스텝 | 배송 40/40 | 재적재  5 | 중계율 0.20 | alpha 0.001 | complete
Ep 375 | 드론3 목적지28 |  469스텝 | 배송 28/28 | 재적재  4 | 중계율 0.17 | alpha 0.001 | complete
Ep 376 | 드론4 목적지40 |  826스텝 | 배송 40/40 | 재적재  6 | 중계율 0.27 | alpha 0.001 | complete
Ep 377 | 드론3 목적지72 | 1000스텝 | 배송 60/72 | 재적재 12 | 중계율 0.33 | alpha 0.001 | step_limit
Ep 378 | 드론6 목적지61 |  388스텝 | 배송 61/61 | 재적재 11 | 중계율 0.08 | alpha 0.001 | complete
Ep 379 | 드론5 목적지68 |  608스텝 | 배송 68/68 | 재적재 12 | 중계율 0.15 | alpha 0.001 | complete
Ep 380 | 드론3 목적지24 |  529스텝 | 배송 24/24 | 재적재  3 | 중계율 0.27 | alpha 0.001 | complete
Ep 381 | 드론4 목적지52 |  929스텝 | 배송 52/52 | 재적재  8 | 중계율 0.28 | alpha 0.001 | complete
Ep 382 | 드론5 목적지35 |  413스텝 | 배송 35/35 | 재적재  4 | 중계율 0.14 | alpha 0.001 | complete
Ep 383 | 드론3 목적지47 |  923스텝 | 배송 47/47 | 재적재  7 | 중계율 0.32 | alpha 0.001 | complete
Ep 384 | 드론4 목적지28 |  379스텝 | 배송 28/28 | 재적재  4 | 중계율 0.17 | alpha 0.001 | complete
Ep 385 | 드론5 목적지70 |  659스텝 | 배송 70/70 | 재적재 11 | 중계율 0.16 | alpha 0.001 | complete
Ep 386 | 드론5 목적지71 |  718스텝 | 배송 71/71 | 재적재 12 | 중계율 0.14 | alpha 0.001 | complete
Ep 387 | 드론4 목적지49 |  585스텝 | 배송 49/49 | 재적재  7 | 중계율 0.10 | alpha 0.001 | complete
Ep 388 | 드론4 목적지21 |  427스텝 | 배송 21/21 | 재적재  1 | 중계율 0.26 | alpha 0.001 | complete
Ep 389 | 드론5 목적지60 |  548스텝 | 배송 60/60 | 재적재 10 | 중계율 0.08 | alpha 0.001 | complete
Ep 390 | 드론5 목적지30 |  417스텝 | 배송 30/30 | 재적재  5 | 중계율 0.19 | alpha 0.001 | complete
Ep 391 | 드론3 목적지51 |  755스텝 | 배송 51/51 | 재적재  9 | 중계율 0.15 | alpha 0.001 | complete
Ep 392 | 드론4 목적지39 |  718스텝 | 배송 39/39 | 재적재  5 | 중계율 0.28 | alpha 0.001 | complete
Ep 393 | 드론6 목적지73 |  606스텝 | 배송 73/73 | 재적재 12 | 중계율 0.09 | alpha 0.001 | complete
Ep 394 | 드론3 목적지32 | 1000스텝 | 배송 30/32 | 재적재  6 | 중계율 0.25 | alpha 0.001 | step_limit
Ep 395 | 드론6 목적지70 |  540스텝 | 배송 70/70 | 재적재 12 | 중계율 0.09 | alpha 0.001 | complete
Ep 396 | 드론6 목적지28 |  263스텝 | 배송 28/28 | 재적재  3 | 중계율 0.12 | alpha 0.001 | complete
Ep 397 | 드론3 목적지39 |  759스텝 | 배송 39/39 | 재적재  6 | 중계율 0.24 | alpha 0.001 | complete
Ep 398 | 드론4 목적지40 |  492스텝 | 배송 40/40 | 재적재  6 | 중계율 0.18 | alpha 0.001 | complete
Ep 399 | 드론3 목적지51 |  913스텝 | 배송 51/51 | 재적재  9 | 중계율 0.24 | alpha 0.001 | complete
Ep 400 | 드론3 목적지79 | 1000스텝 | 배송 60/79 | 재적재 12 | 중계율 0.29 | alpha 0.001 | step_limit
  [홀드아웃] 배송 48.1±4.4 완주 0.81 스텝 1070 점수 87.7 재적재 7.6 2홉+ 0.64 | 최고 87.9@ep50 정체 7/15
Ep 401 | 드론3 목적지63 | 1000스텝 | 배송 57/63 | 재적재 11 | 중계율 0.25 | alpha 0.001 | step_limit
Ep 402 | 드론3 목적지32 | 1000스텝 | 배송 30/32 | 재적재  4 | 중계율 0.34 | alpha 0.001 | step_limit
Ep 403 | 드론4 목적지76 |  920스텝 | 배송 76/76 | 재적재 13 | 중계율 0.20 | alpha 0.001 | complete
Ep 404 | 드론5 목적지23 |  254스텝 | 배송 23/23 | 재적재  2 | 중계율 0.13 | alpha 0.001 | complete
Ep 405 | 드론4 목적지67 | 1000스텝 | 배송 62/67 | 재적재 11 | 중계율 0.29 | alpha 0.001 | step_limit
Ep 406 | 드론4 목적지48 |  688스텝 | 배송 48/48 | 재적재  7 | 중계율 0.15 | alpha 0.001 | complete
Ep 407 | 드론3 목적지72 | 1000스텝 | 배송 62/72 | 재적재 12 | 중계율 0.27 | alpha 0.001 | step_limit
Ep 408 | 드론6 목적지79 |  589스텝 | 배송 79/79 | 재적재 12 | 중계율 0.15 | alpha 0.001 | complete
Ep 409 | 드론6 목적지28 |  261스텝 | 배송 28/28 | 재적재  2 | 중계율 0.09 | alpha 0.001 | complete
Ep 410 | 드론6 목적지46 |  392스텝 | 배송 46/46 | 재적재  6 | 중계율 0.13 | alpha 0.001 | complete
Ep 411 | 드론6 목적지69 |  710스텝 | 배송 69/69 | 재적재 11 | 중계율 0.20 | alpha 0.001 | complete
Ep 412 | 드론3 목적지47 |  906스텝 | 배송 47/47 | 재적재  8 | 중계율 0.26 | alpha 0.001 | complete
Ep 413 | 드론5 목적지45 |  486스텝 | 배송 45/45 | 재적재  8 | 중계율 0.15 | alpha 0.001 | complete
Ep 414 | 드론3 목적지76 | 1000스텝 | 배송 70/76 | 재적재 11 | 중계율 0.30 | alpha 0.001 | step_limit
Ep 415 | 드론4 목적지79 | 1000스텝 | 배송 73/79 | 재적재 12 | 중계율 0.25 | alpha 0.001 | step_limit
Ep 416 | 드론3 목적지20 |  527스텝 | 배송 20/20 | 재적재  3 | 중계율 0.12 | alpha 0.001 | complete
Ep 417 | 드론3 목적지45 |  749스텝 | 배송 45/45 | 재적재  8 | 중계율 0.20 | alpha 0.001 | complete
Ep 418 | 드론4 목적지75 |  807스텝 | 배송 75/75 | 재적재 14 | 중계율 0.18 | alpha 0.001 | complete
Ep 419 | 드론6 목적지78 |  765스텝 | 배송 78/78 | 재적재 13 | 중계율 0.22 | alpha 0.001 | complete
Ep 420 | 드론6 목적지33 |  265스텝 | 배송 33/33 | 재적재  5 | 중계율 0.12 | alpha 0.001 | complete
Ep 421 | 드론4 목적지62 | 1000스텝 | 배송 60/62 | 재적재 10 | 중계율 0.25 | alpha 0.001 | step_limit
Ep 422 | 드론6 목적지51 |  497스텝 | 배송 51/51 | 재적재  8 | 중계율 0.18 | alpha 0.001 | complete
Ep 423 | 드론4 목적지44 |  738스텝 | 배송 44/44 | 재적재  7 | 중계율 0.22 | alpha 0.001 | complete
Ep 424 | 드론4 목적지33 |  704스텝 | 배송 33/33 | 재적재  4 | 중계율 0.26 | alpha 0.001 | complete
Ep 425 | 드론3 목적지33 |  595스텝 | 배송 33/33 | 재적재  6 | 중계율 0.11 | alpha 0.001 | complete
Ep 426 | 드론5 목적지24 |  281스텝 | 배송 24/24 | 재적재  3 | 중계율 0.08 | alpha 0.001 | complete
Ep 427 | 드론4 목적지64 |  902스텝 | 배송 64/64 | 재적재 10 | 중계율 0.29 | alpha 0.001 | complete
Ep 428 | 드론6 목적지53 |  657스텝 | 배송 53/53 | 재적재  8 | 중계율 0.25 | alpha 0.001 | complete
Ep 429 | 드론4 목적지36 |  394스텝 | 배송 36/36 | 재적재  5 | 중계율 0.10 | alpha 0.001 | complete
Ep 430 | 드론6 목적지48 |  495스텝 | 배송 48/48 | 재적재  6 | 중계율 0.11 | alpha 0.001 | complete
Ep 431 | 드론3 목적지56 | 1000스텝 | 배송 51/56 | 재적재  8 | 중계율 0.35 | alpha 0.001 | step_limit
Ep 432 | 드론4 목적지45 |  643스텝 | 배송 45/45 | 재적재  7 | 중계율 0.18 | alpha 0.001 | complete
Ep 433 | 드론5 목적지25 |  640스텝 | 배송 25/25 | 재적재  3 | 중계율 0.24 | alpha 0.001 | complete
Ep 434 | 드론4 목적지58 |  787스텝 | 배송 58/58 | 재적재  9 | 중계율 0.24 | alpha 0.001 | complete
Ep 435 | 드론4 목적지72 | 1000스텝 | 배송 58/72 | 재적재 10 | 중계율 0.39 | alpha 0.001 | step_limit
Ep 436 | 드론3 목적지71 | 1000스텝 | 배송 62/71 | 재적재 12 | 중계율 0.25 | alpha 0.001 | step_limit
Ep 437 | 드론3 목적지53 |  889스텝 | 배송 53/53 | 재적재  8 | 중계율 0.31 | alpha 0.001 | complete
Ep 438 | 드론6 목적지31 |  388스텝 | 배송 31/31 | 재적재  4 | 중계율 0.14 | alpha 0.001 | complete
Ep 439 | 드론6 목적지77 |  549스텝 | 배송 77/77 | 재적재 13 | 중계율 0.10 | alpha 0.001 | complete
Ep 440 | 드론4 목적지73 | 1000스텝 | 배송 63/73 | 재적재 11 | 중계율 0.23 | alpha 0.001 | step_limit
Ep 441 | 드론5 목적지27 |  238스텝 | 배송 27/27 | 재적재  4 | 중계율 0.09 | alpha 0.001 | complete
Ep 442 | 드론4 목적지20 |  377스텝 | 배송 20/20 | 재적재  2 | 중계율 0.13 | alpha 0.001 | complete
Ep 443 | 드론5 목적지73 |  634스텝 | 배송 73/73 | 재적재 13 | 중계율 0.09 | alpha 0.001 | complete
Ep 444 | 드론3 목적지56 | 1000스텝 | 배송 55/56 | 재적재 10 | 중계율 0.22 | alpha 0.001 | step_limit
Ep 445 | 드론5 목적지20 |  342스텝 | 배송 20/20 | 재적재  2 | 중계율 0.22 | alpha 0.001 | complete
Ep 446 | 드론3 목적지26 |  808스텝 | 배송 26/26 | 재적재  5 | 중계율 0.20 | alpha 0.001 | complete
Ep 447 | 드론4 목적지41 |  564스텝 | 배송 41/41 | 재적재  6 | 중계율 0.11 | alpha 0.001 | complete
Ep 448 | 드론6 목적지73 |  487스텝 | 배송 73/73 | 재적재 11 | 중계율 0.13 | alpha 0.001 | complete
Ep 449 | 드론4 목적지56 |  697스텝 | 배송 56/56 | 재적재  9 | 중계율 0.19 | alpha 0.001 | complete
Ep 450 | 드론4 목적지35 |  413스텝 | 배송 35/35 | 재적재  4 | 중계율 0.20 | alpha 0.001 | complete
  [홀드아웃] 배송 48.5±3.7 완주 0.74 스텝 1065 점수 80.2 재적재 7.5 2홉+ 0.64 | 최고 87.9@ep50 정체 8/15
Ep 451 | 드론5 목적지77 |  671스텝 | 배송 77/77 | 재적재 12 | 중계율 0.08 | alpha 0.001 | complete
Ep 452 | 드론3 목적지22 |  489스텝 | 배송 22/22 | 재적재  3 | 중계율 0.28 | alpha 0.001 | complete
Ep 453 | 드론6 목적지47 |  394스텝 | 배송 47/47 | 재적재  8 | 중계율 0.10 | alpha 0.001 | complete
Ep 454 | 드론5 목적지72 |  771스텝 | 배송 72/72 | 재적재 13 | 중계율 0.18 | alpha 0.001 | complete
Ep 455 | 드론6 목적지63 |  598스텝 | 배송 63/63 | 재적재 11 | 중계율 0.15 | alpha 0.001 | complete
Ep 456 | 드론4 목적지73 | 1000스텝 | 배송 66/73 | 재적재 11 | 중계율 0.23 | alpha 0.001 | step_limit
Ep 457 | 드론5 목적지36 |  440스텝 | 배송 36/36 | 재적재  4 | 중계율 0.17 | alpha 0.001 | complete
Ep 458 | 드론5 목적지78 |  672스텝 | 배송 78/78 | 재적재 13 | 중계율 0.12 | alpha 0.001 | complete
Ep 459 | 드론5 목적지45 |  639스텝 | 배송 45/45 | 재적재  8 | 중계율 0.24 | alpha 0.001 | complete
Ep 460 | 드론4 목적지70 | 1000스텝 | 배송 64/70 | 재적재 10 | 중계율 0.34 | alpha 0.001 | step_limit
Ep 461 | 드론3 목적지39 |  749스텝 | 배송 39/39 | 재적재  6 | 중계율 0.16 | alpha 0.001 | complete
Ep 462 | 드론5 목적지62 |  577스텝 | 배송 62/62 | 재적재  9 | 중계율 0.16 | alpha 0.001 | complete
Ep 463 | 드론4 목적지67 | 1000스텝 | 배송 65/67 | 재적재 11 | 중계율 0.24 | alpha 0.001 | step_limit
Ep 464 | 드론4 목적지33 |  346스텝 | 배송 33/33 | 재적재  5 | 중계율 0.09 | alpha 0.001 | complete
Ep 465 | 드론5 목적지80 | 1000스텝 | 배송 78/80 | 재적재 13 | 중계율 0.24 | alpha 0.001 | step_limit
Ep 466 | 드론6 목적지42 |  374스텝 | 배송 42/42 | 재적재  5 | 중계율 0.11 | alpha 0.001 | complete
Ep 467 | 드론4 목적지63 |  749스텝 | 배송 63/63 | 재적재 11 | 중계율 0.19 | alpha 0.001 | complete
Ep 468 | 드론3 목적지78 | 1000스텝 | 배송 62/78 | 재적재 12 | 중계율 0.24 | alpha 0.001 | step_limit
Ep 469 | 드론5 목적지48 |  575스텝 | 배송 48/48 | 재적재  6 | 중계율 0.16 | alpha 0.001 | complete
Ep 470 | 드론5 목적지70 |  643스텝 | 배송 70/70 | 재적재 12 | 중계율 0.14 | alpha 0.001 | complete
Ep 471 | 드론4 목적지24 |  271스텝 | 배송 24/24 | 재적재  3 | 중계율 0.12 | alpha 0.001 | complete
Ep 472 | 드론6 목적지62 |  612스텝 | 배송 62/62 | 재적재  9 | 중계율 0.12 | alpha 0.001 | complete
Ep 473 | 드론4 목적지30 |  739스텝 | 배송 30/30 | 재적재  4 | 중계율 0.35 | alpha 0.001 | complete
Ep 474 | 드론4 목적지37 |  498스텝 | 배송 37/37 | 재적재  5 | 중계율 0.14 | alpha 0.001 | complete
Ep 475 | 드론3 목적지71 | 1000스텝 | 배송 68/71 | 재적재 12 | 중계율 0.26 | alpha 0.001 | step_limit
Ep 476 | 드론3 목적지29 |  490스텝 | 배송 29/29 | 재적재  4 | 중계율 0.16 | alpha 0.001 | complete
Ep 477 | 드론4 목적지36 |  601스텝 | 배송 36/36 | 재적재  5 | 중계율 0.19 | alpha 0.001 | complete
Ep 478 | 드론3 목적지52 |  971스텝 | 배송 52/52 | 재적재  8 | 중계율 0.28 | alpha 0.001 | complete
Ep 479 | 드론5 목적지75 | 1000스텝 | 배송 71/75 | 재적재 12 | 중계율 0.22 | alpha 0.001 | step_limit
Ep 480 | 드론6 목적지64 |  509스텝 | 배송 64/64 | 재적재 10 | 중계율 0.11 | alpha 0.001 | complete
Ep 481 | 드론4 목적지70 |  989스텝 | 배송 70/70 | 재적재 11 | 중계율 0.30 | alpha 0.001 | complete
Ep 482 | 드론6 목적지39 |  357스텝 | 배송 39/39 | 재적재  5 | 중계율 0.12 | alpha 0.001 | complete
Ep 483 | 드론5 목적지51 |  496스텝 | 배송 51/51 | 재적재  9 | 중계율 0.14 | alpha 0.001 | complete
Ep 484 | 드론5 목적지43 |  514스텝 | 배송 43/43 | 재적재  6 | 중계율 0.15 | alpha 0.001 | complete
Ep 485 | 드론4 목적지36 |  771스텝 | 배송 36/36 | 재적재  6 | 중계율 0.18 | alpha 0.001 | complete
Ep 486 | 드론4 목적지53 |  715스텝 | 배송 53/53 | 재적재  8 | 중계율 0.18 | alpha 0.001 | complete
Ep 487 | 드론6 목적지34 |  305스텝 | 배송 34/34 | 재적재  3 | 중계율 0.10 | alpha 0.001 | complete
Ep 488 | 드론3 목적지73 | 1000스텝 | 배송 59/73 | 재적재 11 | 중계율 0.28 | alpha 0.001 | step_limit
Ep 489 | 드론5 목적지52 |  562스텝 | 배송 52/52 | 재적재  8 | 중계율 0.13 | alpha 0.001 | complete
Ep 490 | 드론6 목적지40 |  332스텝 | 배송 40/40 | 재적재  6 | 중계율 0.11 | alpha 0.001 | complete
Ep 491 | 드론3 목적지47 |  754스텝 | 배송 47/47 | 재적재  7 | 중계율 0.14 | alpha 0.001 | complete
Ep 492 | 드론3 목적지71 | 1000스텝 | 배송 63/71 | 재적재 10 | 중계율 0.28 | alpha 0.001 | step_limit
Ep 493 | 드론4 목적지46 |  539스텝 | 배송 46/46 | 재적재  6 | 중계율 0.14 | alpha 0.001 | complete
Ep 494 | 드론3 목적지47 | 1000스텝 | 배송 46/47 | 재적재  8 | 중계율 0.27 | alpha 0.001 | step_limit
Ep 495 | 드론4 목적지45 |  645스텝 | 배송 45/45 | 재적재  7 | 중계율 0.18 | alpha 0.001 | complete
Ep 496 | 드론5 목적지65 |  587스텝 | 배송 65/65 | 재적재 12 | 중계율 0.12 | alpha 0.001 | complete
Ep 497 | 드론3 목적지35 |  636스텝 | 배송 35/35 | 재적재  6 | 중계율 0.15 | alpha 0.001 | complete
Ep 498 | 드론5 목적지39 |  794스텝 | 배송 39/39 | 재적재  5 | 중계율 0.27 | alpha 0.001 | complete
Ep 499 | 드론5 목적지28 |  382스텝 | 배송 28/28 | 재적재  3 | 중계율 0.19 | alpha 0.001 | complete
Ep 500 | 드론4 목적지49 | 1000스텝 | 배송 41/49 | 재적재  7 | 중계율 0.29 | alpha 0.001 | step_limit
  [홀드아웃] 배송 48.9±3.8 완주 0.82 스텝 986 점수 89.2 재적재 7.6 2홉+ 0.63 | 최고 89.2@ep500 정체 0/15  ← 갱신
Ep 501 | 드론5 목적지26 |  395스텝 | 배송 26/26 | 재적재  4 | 중계율 0.16 | alpha 0.001 | complete
Ep 502 | 드론6 목적지69 |  410스텝 | 배송 69/69 | 재적재 11 | 중계율 0.09 | alpha 0.001 | complete
Ep 503 | 드론6 목적지44 |  342스텝 | 배송 44/44 | 재적재  7 | 중계율 0.15 | alpha 0.001 | complete
Ep 504 | 드론6 목적지34 |  387스텝 | 배송 34/34 | 재적재  6 | 중계율 0.15 | alpha 0.001 | complete
Ep 505 | 드론6 목적지77 | 1000스텝 | 배송 75/77 | 재적재 13 | 중계율 0.31 | alpha 0.001 | step_limit
Ep 506 | 드론6 목적지55 |  393스텝 | 배송 55/55 | 재적재  6 | 중계율 0.09 | alpha 0.001 | complete
Ep 507 | 드론3 목적지61 |  962스텝 | 배송 61/61 | 재적재 11 | 중계율 0.14 | alpha 0.001 | complete
Ep 508 | 드론4 목적지24 |  338스텝 | 배송 24/24 | 재적재  3 | 중계율 0.11 | alpha 0.001 | complete
Ep 509 | 드론3 목적지48 |  846스텝 | 배송 48/48 | 재적재  7 | 중계율 0.27 | alpha 0.001 | complete
Ep 510 | 드론5 목적지71 | 1000스텝 | 배송 54/71 | 재적재  7 | 중계율 0.27 | alpha 0.001 | step_limit
Ep 511 | 드론6 목적지39 |  352스텝 | 배송 39/39 | 재적재  5 | 중계율 0.16 | alpha 0.001 | complete
Ep 512 | 드론5 목적지29 |  324스텝 | 배송 29/29 | 재적재  5 | 중계율 0.07 | alpha 0.001 | complete
Ep 513 | 드론6 목적지46 |  374스텝 | 배송 46/46 | 재적재  6 | 중계율 0.12 | alpha 0.001 | complete
Ep 514 | 드론3 목적지49 | 1000스텝 | 배송 47/49 | 재적재  8 | 중계율 0.27 | alpha 0.001 | step_limit
Ep 515 | 드론3 목적지70 | 1000스텝 | 배송 66/70 | 재적재 11 | 중계율 0.25 | alpha 0.001 | step_limit
Ep 516 | 드론5 목적지63 | 1000스텝 | 배송 56/63 | 재적재 10 | 중계율 0.28 | alpha 0.001 | step_limit
Ep 517 | 드론5 목적지44 |  567스텝 | 배송 44/44 | 재적재  7 | 중계율 0.19 | alpha 0.001 | complete
Ep 518 | 드론3 목적지57 | 1000스텝 | 배송 47/57 | 재적재  7 | 중계율 0.38 | alpha 0.001 | step_limit
Ep 519 | 드론6 목적지34 |  334스텝 | 배송 34/34 | 재적재  6 | 중계율 0.13 | alpha 0.001 | complete
Ep 520 | 드론4 목적지68 |  838스텝 | 배송 68/68 | 재적재 13 | 중계율 0.18 | alpha 0.001 | complete
Ep 521 | 드론5 목적지71 |  861스텝 | 배송 71/71 | 재적재 13 | 중계율 0.28 | alpha 0.001 | complete
Ep 522 | 드론4 목적지72 | 1000스텝 | 배송 70/72 | 재적재 11 | 중계율 0.22 | alpha 0.001 | step_limit
Ep 523 | 드론4 목적지27 |  422스텝 | 배송 27/27 | 재적재  3 | 중계율 0.17 | alpha 0.001 | complete
Ep 524 | 드론3 목적지37 |  973스텝 | 배송 37/37 | 재적재  7 | 중계율 0.35 | alpha 0.001 | complete
Ep 525 | 드론3 목적지79 | 1000스텝 | 배송 64/79 | 재적재 11 | 중계율 0.22 | alpha 0.001 | step_limit
Ep 526 | 드론4 목적지39 |  726스텝 | 배송 39/39 | 재적재  5 | 중계율 0.26 | alpha 0.001 | complete
Ep 527 | 드론4 목적지42 |  760스텝 | 배송 42/42 | 재적재  6 | 중계율 0.25 | alpha 0.001 | complete
Ep 528 | 드론4 목적지51 |  659스텝 | 배송 51/51 | 재적재  9 | 중계율 0.12 | alpha 0.001 | complete
Ep 529 | 드론4 목적지21 |  409스텝 | 배송 21/21 | 재적재  1 | 중계율 0.21 | alpha 0.001 | complete
Ep 530 | 드론5 목적지34 |  333스텝 | 배송 34/34 | 재적재  5 | 중계율 0.10 | alpha 0.001 | complete
Ep 531 | 드론6 목적지64 |  553스텝 | 배송 64/64 | 재적재 11 | 중계율 0.15 | alpha 0.001 | complete
Ep 532 | 드론6 목적지78 |  751스텝 | 배송 78/78 | 재적재 13 | 중계율 0.10 | alpha 0.001 | complete
Ep 533 | 드론5 목적지68 |  728스텝 | 배송 68/68 | 재적재 11 | 중계율 0.20 | alpha 0.001 | complete
Ep 534 | 드론4 목적지25 |  406스텝 | 배송 25/25 | 재적재  3 | 중계율 0.23 | alpha 0.001 | complete
Ep 535 | 드론4 목적지25 |  520스텝 | 배송 25/25 | 재적재  3 | 중계율 0.25 | alpha 0.001 | complete
Ep 536 | 드론6 목적지71 |  447스텝 | 배송 71/71 | 재적재 11 | 중계율 0.14 | alpha 0.001 | complete
Ep 537 | 드론6 목적지31 |  359스텝 | 배송 31/31 | 재적재  3 | 중계율 0.16 | alpha 0.001 | complete
Ep 538 | 드론5 목적지55 |  514스텝 | 배송 55/55 | 재적재  9 | 중계율 0.15 | alpha 0.001 | complete
Ep 539 | 드론3 목적지46 |  692스텝 | 배송 46/46 | 재적재  8 | 중계율 0.20 | alpha 0.001 | complete
Ep 540 | 드론5 목적지50 |  383스텝 | 배송 50/50 | 재적재  8 | 중계율 0.07 | alpha 0.001 | complete
Ep 541 | 드론5 목적지25 |  251스텝 | 배송 25/25 | 재적재  2 | 중계율 0.16 | alpha 0.001 | complete
Ep 542 | 드론5 목적지65 |  794스텝 | 배송 65/65 | 재적재 11 | 중계율 0.15 | alpha 0.001 | complete
Ep 543 | 드론4 목적지32 |  374스텝 | 배송 32/32 | 재적재  4 | 중계율 0.12 | alpha 0.001 | complete
Ep 544 | 드론5 목적지60 |  619스텝 | 배송 60/60 | 재적재  9 | 중계율 0.15 | alpha 0.001 | complete
Ep 545 | 드론4 목적지74 | 1000스텝 | 배송 68/74 | 재적재 11 | 중계율 0.27 | alpha 0.001 | step_limit
Ep 546 | 드론4 목적지45 |  814스텝 | 배송 45/45 | 재적재  7 | 중계율 0.25 | alpha 0.001 | complete
Ep 547 | 드론4 목적지37 |  508스텝 | 배송 37/37 | 재적재  6 | 중계율 0.16 | alpha 0.001 | complete
Ep 548 | 드론4 목적지63 |  640스텝 | 배송 63/63 | 재적재 10 | 중계율 0.12 | alpha 0.001 | complete
Ep 549 | 드론6 목적지55 |  538스텝 | 배송 55/55 | 재적재  9 | 중계율 0.13 | alpha 0.001 | complete
Ep 550 | 드론5 목적지30 |  492스텝 | 배송 30/30 | 재적재  4 | 중계율 0.24 | alpha 0.001 | complete
  [홀드아웃] 배송 48.7±2.8 완주 0.74 스텝 1058 점수 80.2 재적재 7.5 2홉+ 0.64 | 최고 89.2@ep500 정체 1/15
Ep 551 | 드론6 목적지33 |  225스텝 | 배송 33/33 | 재적재  4 | 중계율 0.06 | alpha 0.001 | complete
Ep 552 | 드론6 목적지71 |  522스텝 | 배송 71/71 | 재적재 12 | 중계율 0.08 | alpha 0.001 | complete
Ep 553 | 드론6 목적지68 |  498스텝 | 배송 68/68 | 재적재 10 | 중계율 0.11 | alpha 0.001 | complete
Ep 554 | 드론4 목적지74 | 1000스텝 | 배송 71/74 | 재적재 12 | 중계율 0.26 | alpha 0.001 | step_limit
Ep 555 | 드론5 목적지59 |  748스텝 | 배송 59/59 | 재적재  8 | 중계율 0.27 | alpha 0.001 | complete
Ep 556 | 드론5 목적지41 |  752스텝 | 배송 41/41 | 재적재  5 | 중계율 0.21 | alpha 0.001 | complete
Ep 557 | 드론4 목적지71 |  712스텝 | 배송 71/71 | 재적재 13 | 중계율 0.10 | alpha 0.001 | complete
Ep 558 | 드론5 목적지50 |  537스텝 | 배송 50/50 | 재적재  8 | 중계율 0.12 | alpha 0.001 | complete
Ep 559 | 드론5 목적지57 |  599스텝 | 배송 57/57 | 재적재 10 | 중계율 0.15 | alpha 0.001 | complete
Ep 560 | 드론5 목적지42 |  298스텝 | 배송 42/42 | 재적재  5 | 중계율 0.08 | alpha 0.001 | complete
Ep 561 | 드론5 목적지27 |  668스텝 | 배송 27/27 | 재적재  2 | 중계율 0.17 | alpha 0.001 | complete
Ep 562 | 드론6 목적지47 |  670스텝 | 배송 47/47 | 재적재  7 | 중계율 0.18 | alpha 0.001 | complete
Ep 563 | 드론4 목적지78 |  802스텝 | 배송 78/78 | 재적재 13 | 중계율 0.18 | alpha 0.001 | complete
Ep 564 | 드론5 목적지30 |  495스텝 | 배송 30/30 | 재적재  5 | 중계율 0.16 | alpha 0.001 | complete
Ep 565 | 드론6 목적지22 |  199스텝 | 배송 22/22 | 재적재  1 | 중계율 0.09 | alpha 0.001 | complete
Ep 566 | 드론4 목적지49 |  661스텝 | 배송 49/49 | 재적재  7 | 중계율 0.19 | alpha 0.001 | complete
Ep 567 | 드론4 목적지78 | 1000스텝 | 배송 71/78 | 재적재 12 | 중계율 0.29 | alpha 0.001 | step_limit
Ep 568 | 드론5 목적지67 |  854스텝 | 배송 67/67 | 재적재 10 | 중계율 0.27 | alpha 0.001 | complete
Ep 569 | 드론6 목적지70 |  644스텝 | 배송 70/70 | 재적재 13 | 중계율 0.13 | alpha 0.001 | complete
Ep 570 | 드론4 목적지72 |  872스텝 | 배송 72/72 | 재적재 13 | 중계율 0.19 | alpha 0.001 | complete
Ep 571 | 드론6 목적지49 |  341스텝 | 배송 49/49 | 재적재  5 | 중계율 0.08 | alpha 0.001 | complete
Ep 572 | 드론6 목적지75 |  636스텝 | 배송 75/75 | 재적재 13 | 중계율 0.12 | alpha 0.001 | complete
Ep 573 | 드론5 목적지66 |  561스텝 | 배송 66/66 | 재적재 11 | 중계율 0.13 | alpha 0.001 | complete
Ep 574 | 드론5 목적지44 |  474스텝 | 배송 44/44 | 재적재  6 | 중계율 0.13 | alpha 0.001 | complete
Ep 575 | 드론6 목적지78 |  689스텝 | 배송 78/78 | 재적재 13 | 중계율 0.10 | alpha 0.001 | complete
Ep 576 | 드론3 목적지69 | 1000스텝 | 배송 55/69 | 재적재 10 | 중계율 0.25 | alpha 0.001 | step_limit
Ep 577 | 드론5 목적지24 |  262스텝 | 배송 24/24 | 재적재  2 | 중계율 0.11 | alpha 0.001 | complete
Ep 578 | 드론5 목적지32 |  408스텝 | 배송 32/32 | 재적재  3 | 중계율 0.11 | alpha 0.001 | complete
Ep 579 | 드론6 목적지26 |  222스텝 | 배송 26/26 | 재적재  1 | 중계율 0.07 | alpha 0.001 | complete
Ep 580 | 드론5 목적지60 |  602스텝 | 배송 60/60 | 재적재 10 | 중계율 0.12 | alpha 0.001 | complete
Ep 581 | 드론4 목적지47 |  749스텝 | 배송 47/47 | 재적재  7 | 중계율 0.27 | alpha 0.001 | complete
Ep 582 | 드론3 목적지36 |  840스텝 | 배송 36/36 | 재적재  7 | 중계율 0.27 | alpha 0.001 | complete
Ep 583 | 드론6 목적지65 |  460스텝 | 배송 65/65 | 재적재 11 | 중계율 0.12 | alpha 0.001 | complete
Ep 584 | 드론4 목적지54 |  828스텝 | 배송 54/54 | 재적재  9 | 중계율 0.22 | alpha 0.001 | complete
Ep 585 | 드론6 목적지72 |  561스텝 | 배송 72/72 | 재적재 11 | 중계율 0.14 | alpha 0.001 | complete
Ep 586 | 드론6 목적지37 |  405스텝 | 배송 37/37 | 재적재  4 | 중계율 0.14 | alpha 0.001 | complete
Ep 587 | 드론3 목적지49 | 1000스텝 | 배송 43/49 | 재적재  6 | 중계율 0.29 | alpha 0.001 | step_limit
Ep 588 | 드론4 목적지57 |  949스텝 | 배송 57/57 | 재적재 10 | 중계율 0.27 | alpha 0.001 | complete
Ep 589 | 드론3 목적지50 |  864스텝 | 배송 50/50 | 재적재  9 | 중계율 0.21 | alpha 0.001 | complete
Ep 590 | 드론4 목적지47 |  625스텝 | 배송 47/47 | 재적재  8 | 중계율 0.14 | alpha 0.001 | complete
Ep 591 | 드론6 목적지64 |  739스텝 | 배송 64/64 | 재적재 10 | 중계율 0.24 | alpha 0.001 | complete
Ep 592 | 드론5 목적지22 |  269스텝 | 배송 22/22 | 재적재  1 | 중계율 0.15 | alpha 0.001 | complete
Ep 593 | 드론5 목적지51 |  560스텝 | 배송 51/51 | 재적재  8 | 중계율 0.16 | alpha 0.001 | complete
Ep 594 | 드론3 목적지40 |  817스텝 | 배송 40/40 | 재적재  6 | 중계율 0.30 | alpha 0.001 | complete
Ep 595 | 드론5 목적지26 |  398스텝 | 배송 26/26 | 재적재  3 | 중계율 0.17 | alpha 0.001 | complete
Ep 596 | 드론6 목적지26 |  244스텝 | 배송 26/26 | 재적재  1 | 중계율 0.07 | alpha 0.001 | complete
Ep 597 | 드론4 목적지21 |  351스텝 | 배송 21/21 | 재적재  1 | 중계율 0.19 | alpha 0.001 | complete
Ep 598 | 드론4 목적지23 |  351스텝 | 배송 23/23 | 재적재  3 | 중계율 0.10 | alpha 0.001 | complete
Ep 599 | 드론4 목적지77 | 1000스텝 | 배송 66/77 | 재적재 12 | 중계율 0.27 | alpha 0.001 | step_limit
Ep 600 | 드론5 목적지68 | 1000스텝 | 배송 64/68 | 재적재 12 | 중계율 0.31 | alpha 0.001 | step_limit
  [홀드아웃] 배송 49.2±2.5 완주 0.82 스텝 1031 점수 89.1 재적재 7.5 2홉+ 0.64 | 최고 89.2@ep500 정체 2/15
Ep 601 | 드론4 목적지20 |  419스텝 | 배송 20/20 | 재적재  2 | 중계율 0.13 | alpha 0.001 | complete
Ep 602 | 드론5 목적지72 |  892스텝 | 배송 72/72 | 재적재 13 | 중계율 0.17 | alpha 0.001 | complete
Ep 603 | 드론6 목적지60 |  515스텝 | 배송 60/60 | 재적재  9 | 중계율 0.10 | alpha 0.001 | complete
Ep 604 | 드론5 목적지68 |  461스텝 | 배송 68/68 | 재적재 12 | 중계율 0.09 | alpha 0.001 | complete
Ep 605 | 드론4 목적지73 | 1000스텝 | 배송 65/73 | 재적재  9 | 중계율 0.32 | alpha 0.001 | step_limit
Ep 606 | 드론5 목적지51 |  617스텝 | 배송 51/51 | 재적재  7 | 중계율 0.22 | alpha 0.001 | complete
Ep 607 | 드론3 목적지48 |  850스텝 | 배송 48/48 | 재적재  8 | 중계율 0.22 | alpha 0.001 | complete
Ep 608 | 드론5 목적지67 |  687스텝 | 배송 67/67 | 재적재 12 | 중계율 0.10 | alpha 0.001 | complete
Ep 609 | 드론4 목적지51 |  915스텝 | 배송 51/51 | 재적재  8 | 중계율 0.25 | alpha 0.001 | complete
Ep 610 | 드론4 목적지72 |  747스텝 | 배송 72/72 | 재적재 14 | 중계율 0.12 | alpha 0.001 | complete
Ep 611 | 드론4 목적지77 | 1000스텝 | 배송 76/77 | 재적재 12 | 중계율 0.27 | alpha 0.001 | step_limit
Ep 612 | 드론3 목적지42 | 1000스텝 | 배송 41/42 | 재적재  8 | 중계율 0.32 | alpha 0.001 | step_limit
Ep 613 | 드론4 목적지40 |  484스텝 | 배송 40/40 | 재적재  6 | 중계율 0.14 | alpha 0.001 | complete
Ep 614 | 드론4 목적지42 |  761스텝 | 배송 42/42 | 재적재  7 | 중계율 0.24 | alpha 0.001 | complete
Ep 615 | 드론4 목적지80 |  946스텝 | 배송 80/80 | 재적재 15 | 중계율 0.20 | alpha 0.001 | complete
Ep 616 | 드론5 목적지26 |  369스텝 | 배송 26/26 | 재적재  4 | 중계율 0.15 | alpha 0.001 | complete
Ep 617 | 드론6 목적지75 |  719스텝 | 배송 75/75 | 재적재 13 | 중계율 0.17 | alpha 0.001 | complete
Ep 618 | 드론4 목적지50 | 1000스텝 | 배송 49/50 | 재적재  7 | 중계율 0.33 | alpha 0.001 | step_limit
Ep 619 | 드론5 목적지71 |  754스텝 | 배송 71/71 | 재적재 13 | 중계율 0.16 | alpha 0.001 | complete
Ep 620 | 드론6 목적지55 |  509스텝 | 배송 55/55 | 재적재  8 | 중계율 0.18 | alpha 0.001 | complete
Ep 621 | 드론4 목적지79 | 1000스텝 | 배송 76/79 | 재적재 12 | 중계율 0.24 | alpha 0.001 | step_limit
Ep 622 | 드론6 목적지56 |  574스텝 | 배송 56/56 | 재적재  8 | 중계율 0.13 | alpha 0.001 | complete
Ep 623 | 드론3 목적지33 |  855스텝 | 배송 33/33 | 재적재  5 | 중계율 0.27 | alpha 0.001 | complete
Ep 624 | 드론4 목적지72 | 1000스텝 | 배송 68/72 | 재적재 10 | 중계율 0.29 | alpha 0.001 | step_limit
Ep 625 | 드론6 목적지47 |  437스텝 | 배송 47/47 | 재적재  6 | 중계율 0.17 | alpha 0.001 | complete
Ep 626 | 드론3 목적지52 |  871스텝 | 배송 52/52 | 재적재  9 | 중계율 0.24 | alpha 0.001 | complete
Ep 627 | 드론5 목적지66 |  972스텝 | 배송 66/66 | 재적재 11 | 중계율 0.26 | alpha 0.001 | complete
Ep 628 | 드론4 목적지42 |  444스텝 | 배송 42/42 | 재적재  7 | 중계율 0.10 | alpha 0.001 | complete
Ep 629 | 드론3 목적지31 |  712스텝 | 배송 31/31 | 재적재  4 | 중계율 0.28 | alpha 0.001 | complete
Ep 630 | 드론4 목적지65 |  809스텝 | 배송 65/65 | 재적재 10 | 중계율 0.20 | alpha 0.001 | complete
Ep 631 | 드론3 목적지20 |  451스텝 | 배송 20/20 | 재적재  3 | 중계율 0.16 | alpha 0.001 | complete
Ep 632 | 드론4 목적지38 |  934스텝 | 배송 38/38 | 재적재  5 | 중계율 0.31 | alpha 0.001 | complete
Ep 633 | 드론6 목적지67 |  617스텝 | 배송 67/67 | 재적재 12 | 중계율 0.09 | alpha 0.001 | complete
Ep 634 | 드론6 목적지47 |  350스텝 | 배송 47/47 | 재적재  7 | 중계율 0.08 | alpha 0.001 | complete
Ep 635 | 드론6 목적지30 |  263스텝 | 배송 30/30 | 재적재  3 | 중계율 0.06 | alpha 0.001 | complete
Ep 636 | 드론4 목적지29 |  616스텝 | 배송 29/29 | 재적재  4 | 중계율 0.27 | alpha 0.001 | complete
Ep 637 | 드론4 목적지71 | 1000스텝 | 배송 66/71 | 재적재 12 | 중계율 0.28 | alpha 0.001 | step_limit
Ep 638 | 드론6 목적지73 |  558스텝 | 배송 73/73 | 재적재 12 | 중계율 0.11 | alpha 0.001 | complete
Ep 639 | 드론5 목적지79 |  973스텝 | 배송 79/79 | 재적재 13 | 중계율 0.28 | alpha 0.001 | complete
Ep 640 | 드론3 목적지22 |  671스텝 | 배송 22/22 | 재적재  3 | 중계율 0.23 | alpha 0.001 | complete
Ep 641 | 드론5 목적지77 |  748스텝 | 배송 77/77 | 재적재 13 | 중계율 0.21 | alpha 0.001 | complete
Ep 642 | 드론5 목적지26 |  219스텝 | 배송 26/26 | 재적재  2 | 중계율 0.10 | alpha 0.001 | complete
Ep 643 | 드론6 목적지30 |  222스텝 | 배송 30/30 | 재적재  2 | 중계율 0.06 | alpha 0.001 | complete
Ep 644 | 드론4 목적지77 | 1000스텝 | 배송 76/77 | 재적재 13 | 중계율 0.20 | alpha 0.001 | step_limit
Ep 645 | 드론4 목적지34 |  394스텝 | 배송 34/34 | 재적재  5 | 중계율 0.09 | alpha 0.001 | complete
Ep 646 | 드론5 목적지34 |  375스텝 | 배송 34/34 | 재적재  4 | 중계율 0.13 | alpha 0.001 | complete
Ep 647 | 드론3 목적지37 |  814스텝 | 배송 37/37 | 재적재  6 | 중계율 0.24 | alpha 0.001 | complete
Ep 648 | 드론4 목적지55 |  670스텝 | 배송 55/55 | 재적재  9 | 중계율 0.12 | alpha 0.001 | complete
Ep 649 | 드론3 목적지20 |  517스텝 | 배송 20/20 | 재적재  3 | 중계율 0.28 | alpha 0.001 | complete
Ep 650 | 드론5 목적지37 |  389스텝 | 배송 37/37 | 재적재  4 | 중계율 0.09 | alpha 0.001 | complete
  [홀드아웃] 배송 48.8±3.2 완주 0.80 스텝 987 점수 86.7 재적재 7.5 2홉+ 0.63 | 최고 89.2@ep500 정체 3/15
Ep 651 | 드론3 목적지77 | 1000스텝 | 배송 63/77 | 재적재 10 | 중계율 0.25 | alpha 0.001 | step_limit
Ep 652 | 드론6 목적지57 |  475스텝 | 배송 57/57 | 재적재  9 | 중계율 0.14 | alpha 0.001 | complete
Ep 653 | 드론5 목적지38 |  408스텝 | 배송 38/38 | 재적재  5 | 중계율 0.10 | alpha 0.001 | complete
Ep 654 | 드론6 목적지45 |  381스텝 | 배송 45/45 | 재적재  6 | 중계율 0.06 | alpha 0.001 | complete
Ep 655 | 드론3 목적지40 |  811스텝 | 배송 40/40 | 재적재  6 | 중계율 0.22 | alpha 0.001 | complete
Ep 656 | 드론5 목적지31 |  338스텝 | 배송 31/31 | 재적재  3 | 중계율 0.14 | alpha 0.001 | complete
Ep 657 | 드론5 목적지26 |  649스텝 | 배송 26/26 | 재적재  4 | 중계율 0.18 | alpha 0.001 | complete
Ep 658 | 드론4 목적지39 |  668스텝 | 배송 39/39 | 재적재  5 | 중계율 0.19 | alpha 0.001 | complete
Ep 659 | 드론4 목적지51 | 1000스텝 | 배송 45/51 | 재적재  7 | 중계율 0.25 | alpha 0.001 | step_limit
Ep 660 | 드론4 목적지51 |  802스텝 | 배송 51/51 | 재적재  9 | 중계율 0.25 | alpha 0.001 | complete
Ep 661 | 드론3 목적지38 |  814스텝 | 배송 38/38 | 재적재  6 | 중계율 0.27 | alpha 0.001 | complete
Ep 662 | 드론5 목적지43 |  427스텝 | 배송 43/43 | 재적재  7 | 중계율 0.14 | alpha 0.001 | complete
Ep 663 | 드론5 목적지57 |  641스텝 | 배송 57/57 | 재적재  9 | 중계율 0.17 | alpha 0.001 | complete
Ep 664 | 드론4 목적지27 |  421스텝 | 배송 27/27 | 재적재  4 | 중계율 0.16 | alpha 0.001 | complete
Ep 665 | 드론6 목적지59 |  539스텝 | 배송 59/59 | 재적재  9 | 중계율 0.10 | alpha 0.001 | complete
Ep 666 | 드론4 목적지72 |  851스텝 | 배송 72/72 | 재적재 13 | 중계율 0.19 | alpha 0.001 | complete
Ep 667 | 드론5 목적지45 |  463스텝 | 배송 45/45 | 재적재  7 | 중계율 0.12 | alpha 0.001 | complete
Ep 668 | 드론3 목적지65 | 1000스텝 | 배송 52/65 | 재적재 10 | 중계율 0.23 | alpha 0.001 | step_limit
Ep 669 | 드론4 목적지66 |  727스텝 | 배송 66/66 | 재적재 11 | 중계율 0.17 | alpha 0.001 | complete
Ep 670 | 드론6 목적지77 |  752스텝 | 배송 77/77 | 재적재 12 | 중계율 0.16 | alpha 0.001 | complete
Ep 671 | 드론5 목적지58 |  721스텝 | 배송 58/58 | 재적재  9 | 중계율 0.22 | alpha 0.001 | complete
Ep 672 | 드론3 목적지43 |  833스텝 | 배송 43/43 | 재적재  6 | 중계율 0.22 | alpha 0.001 | complete
Ep 673 | 드론6 목적지68 |  546스텝 | 배송 68/68 | 재적재 11 | 중계율 0.14 | alpha 0.001 | complete
Ep 674 | 드론3 목적지52 |  988스텝 | 배송 52/52 | 재적재 10 | 중계율 0.24 | alpha 0.001 | complete
Ep 675 | 드론4 목적지42 |  876스텝 | 배송 42/42 | 재적재  6 | 중계율 0.32 | alpha 0.001 | complete
Ep 676 | 드론3 목적지45 | 1000스텝 | 배송 35/45 | 재적재  6 | 중계율 0.21 | alpha 0.001 | step_limit
Ep 677 | 드론3 목적지41 |  819스텝 | 배송 41/41 | 재적재  6 | 중계율 0.19 | alpha 0.001 | complete
Ep 678 | 드론6 목적지79 |  660스텝 | 배송 79/79 | 재적재 14 | 중계율 0.14 | alpha 0.001 | complete
Ep 679 | 드론4 목적지24 | 1000스텝 | 배송 19/24 | 재적재  2 | 중계율 0.44 | alpha 0.001 | step_limit
Ep 680 | 드론4 목적지52 |  820스텝 | 배송 52/52 | 재적재  9 | 중계율 0.25 | alpha 0.001 | complete
Ep 681 | 드론5 목적지77 |  845스텝 | 배송 77/77 | 재적재 12 | 중계율 0.20 | alpha 0.001 | complete
Ep 682 | 드론4 목적지49 |  605스텝 | 배송 49/49 | 재적재  7 | 중계율 0.14 | alpha 0.001 | complete
Ep 683 | 드론5 목적지63 |  708스텝 | 배송 63/63 | 재적재 11 | 중계율 0.19 | alpha 0.001 | complete
Ep 684 | 드론4 목적지37 |  529스텝 | 배송 37/37 | 재적재  6 | 중계율 0.17 | alpha 0.001 | complete
Ep 685 | 드론6 목적지56 |  586스텝 | 배송 56/56 | 재적재  9 | 중계율 0.17 | alpha 0.001 | complete
Ep 686 | 드론3 목적지28 |  642스텝 | 배송 28/28 | 재적재  4 | 중계율 0.23 | alpha 0.001 | complete
Ep 687 | 드론6 목적지77 |  589스텝 | 배송 77/77 | 재적재 13 | 중계율 0.10 | alpha 0.001 | complete
Ep 688 | 드론4 목적지45 |  653스텝 | 배송 45/45 | 재적재  6 | 중계율 0.25 | alpha 0.001 | complete
Ep 689 | 드론5 목적지70 |  704스텝 | 배송 70/70 | 재적재 12 | 중계율 0.19 | alpha 0.001 | complete
Ep 690 | 드론6 목적지62 |  531스텝 | 배송 62/62 | 재적재 11 | 중계율 0.13 | alpha 0.001 | complete
Ep 691 | 드론3 목적지31 |  757스텝 | 배송 31/31 | 재적재  5 | 중계율 0.22 | alpha 0.001 | complete
Ep 692 | 드론6 목적지61 |  500스텝 | 배송 61/61 | 재적재 10 | 중계율 0.13 | alpha 0.001 | complete
Ep 693 | 드론6 목적지60 |  532스텝 | 배송 60/60 | 재적재  9 | 중계율 0.16 | alpha 0.001 | complete
Ep 694 | 드론4 목적지33 |  493스텝 | 배송 33/33 | 재적재  4 | 중계율 0.20 | alpha 0.001 | complete
Ep 695 | 드론4 목적지29 |  632스텝 | 배송 29/29 | 재적재  5 | 중계율 0.20 | alpha 0.001 | complete
Ep 696 | 드론6 목적지28 |  523스텝 | 배송 28/28 | 재적재  2 | 중계율 0.17 | alpha 0.001 | complete
Ep 697 | 드론6 목적지35 |  525스텝 | 배송 35/35 | 재적재  4 | 중계율 0.15 | alpha 0.001 | complete
Ep 698 | 드론4 목적지32 |  587스텝 | 배송 32/32 | 재적재  4 | 중계율 0.28 | alpha 0.001 | complete
Ep 699 | 드론3 목적지62 | 1000스텝 | 배송 54/62 | 재적재 10 | 중계율 0.23 | alpha 0.001 | step_limit
Ep 700 | 드론4 목적지61 |  915스텝 | 배송 61/61 | 재적재 10 | 중계율 0.26 | alpha 0.001 | complete
  [홀드아웃] 배송 48.9±3.1 완주 0.80 스텝 1000 점수 86.7 재적재 7.3 2홉+ 0.63 | 최고 89.2@ep500 정체 4/15
Ep 701 | 드론6 목적지72 |  557스텝 | 배송 72/72 | 재적재 11 | 중계율 0.12 | alpha 0.001 | complete
Ep 702 | 드론6 목적지34 |  380스텝 | 배송 34/34 | 재적재  5 | 중계율 0.15 | alpha 0.001 | complete
Ep 703 | 드론6 목적지32 |  358스텝 | 배송 32/32 | 재적재  5 | 중계율 0.16 | alpha 0.001 | complete
Ep 704 | 드론5 목적지74 |  665스텝 | 배송 74/74 | 재적재 12 | 중계율 0.13 | alpha 0.001 | complete
Ep 705 | 드론3 목적지38 |  906스텝 | 배송 38/38 | 재적재  6 | 중계율 0.23 | alpha 0.001 | complete
Ep 706 | 드론6 목적지30 |  289스텝 | 배송 30/30 | 재적재  3 | 중계율 0.11 | alpha 0.001 | complete
Ep 707 | 드론5 목적지31 |  380스텝 | 배송 31/31 | 재적재  4 | 중계율 0.14 | alpha 0.001 | complete
Ep 708 | 드론4 목적지63 |  827스텝 | 배송 63/63 | 재적재 10 | 중계율 0.24 | alpha 0.001 | complete
Ep 709 | 드론4 목적지20 |  426스텝 | 배송 20/20 | 재적재  1 | 중계율 0.23 | alpha 0.001 | complete
Ep 710 | 드론5 목적지78 |  530스텝 | 배송 78/78 | 재적재 13 | 중계율 0.10 | alpha 0.001 | complete
Ep 711 | 드론6 목적지58 |  766스텝 | 배송 58/58 | 재적재  7 | 중계율 0.24 | alpha 0.001 | complete
Ep 712 | 드론3 목적지75 | 1000스텝 | 배송 65/75 | 재적재 10 | 중계율 0.28 | alpha 0.001 | step_limit
Ep 713 | 드론3 목적지69 |  878스텝 | 배송 69/69 | 재적재 12 | 중계율 0.14 | alpha 0.001 | complete
Ep 714 | 드론3 목적지36 |  920스텝 | 배송 36/36 | 재적재  7 | 중계율 0.33 | alpha 0.001 | complete
Ep 715 | 드론3 목적지65 | 1000스텝 | 배송 60/65 | 재적재 12 | 중계율 0.27 | alpha 0.001 | step_limit
Ep 716 | 드론6 목적지36 |  315스텝 | 배송 36/36 | 재적재  3 | 중계율 0.06 | alpha 0.001 | complete
Ep 717 | 드론6 목적지56 |  985스텝 | 배송 56/56 | 재적재 10 | 중계율 0.26 | alpha 0.001 | complete
Ep 718 | 드론4 목적지69 | 1000스텝 | 배송 64/69 | 재적재 12 | 중계율 0.17 | alpha 0.001 | step_limit
Ep 719 | 드론4 목적지21 |  332스텝 | 배송 21/21 | 재적재  2 | 중계율 0.13 | alpha 0.001 | complete
Ep 720 | 드론6 목적지45 |  484스텝 | 배송 45/45 | 재적재  6 | 중계율 0.13 | alpha 0.001 | complete
Ep 721 | 드론3 목적지30 |  484스텝 | 배송 30/30 | 재적재  5 | 중계율 0.17 | alpha 0.001 | complete
Ep 722 | 드론6 목적지47 |  405스텝 | 배송 47/47 | 재적재  7 | 중계율 0.09 | alpha 0.001 | complete
Ep 723 | 드론3 목적지51 |  837스텝 | 배송 51/51 | 재적재 10 | 중계율 0.21 | alpha 0.001 | complete
Ep 724 | 드론5 목적지57 |  672스텝 | 배송 57/57 | 재적재  8 | 중계율 0.22 | alpha 0.001 | complete
Ep 725 | 드론5 목적지29 |  393스텝 | 배송 29/29 | 재적재  5 | 중계율 0.23 | alpha 0.001 | complete
Ep 726 | 드론6 목적지69 |  597스텝 | 배송 69/69 | 재적재 12 | 중계율 0.15 | alpha 0.001 | complete
Ep 727 | 드론5 목적지36 |  827스텝 | 배송 36/36 | 재적재  4 | 중계율 0.27 | alpha 0.001 | complete
Ep 728 | 드론4 목적지74 | 1000스텝 | 배송 61/74 | 재적재 10 | 중계율 0.28 | alpha 0.001 | step_limit
Ep 729 | 드론6 목적지64 |  561스텝 | 배송 64/64 | 재적재 10 | 중계율 0.15 | alpha 0.001 | complete
Ep 730 | 드론4 목적지70 |  763스텝 | 배송 70/70 | 재적재 12 | 중계율 0.16 | alpha 0.001 | complete
Ep 731 | 드론3 목적지48 |  955스텝 | 배송 48/48 | 재적재  8 | 중계율 0.22 | alpha 0.001 | complete
Ep 732 | 드론5 목적지37 |  457스텝 | 배송 37/37 | 재적재  4 | 중계율 0.24 | alpha 0.001 | complete
Ep 733 | 드론5 목적지67 |  580스텝 | 배송 67/67 | 재적재 11 | 중계율 0.13 | alpha 0.001 | complete
Ep 734 | 드론6 목적지54 |  626스텝 | 배송 54/54 | 재적재  9 | 중계율 0.23 | alpha 0.001 | complete
Ep 735 | 드론5 목적지57 |  703스텝 | 배송 57/57 | 재적재  9 | 중계율 0.24 | alpha 0.001 | complete
Ep 736 | 드론6 목적지39 |  359스텝 | 배송 39/39 | 재적재  6 | 중계율 0.10 | alpha 0.001 | complete
Ep 737 | 드론4 목적지29 |  513스텝 | 배송 29/29 | 재적재  4 | 중계율 0.16 | alpha 0.001 | complete
Ep 738 | 드론6 목적지68 |  412스텝 | 배송 68/68 | 재적재  9 | 중계율 0.08 | alpha 0.001 | complete
Ep 739 | 드론4 목적지20 |  398스텝 | 배송 20/20 | 재적재  2 | 중계율 0.26 | alpha 0.001 | complete
Ep 740 | 드론3 목적지69 | 1000스텝 | 배송 51/69 | 재적재  9 | 중계율 0.31 | alpha 0.001 | step_limit
Ep 741 | 드론6 목적지41 |  413스텝 | 배송 41/41 | 재적재  6 | 중계율 0.16 | alpha 0.001 | complete
Ep 742 | 드론4 목적지78 | 1000스텝 | 배송 75/78 | 재적재 13 | 중계율 0.28 | alpha 0.001 | step_limit
Ep 743 | 드론3 목적지39 |  794스텝 | 배송 39/39 | 재적재  5 | 중계율 0.35 | alpha 0.001 | complete
Ep 744 | 드론4 목적지57 |  989스텝 | 배송 57/57 | 재적재 10 | 중계율 0.24 | alpha 0.001 | complete
Ep 745 | 드론3 목적지76 | 1000스텝 | 배송 52/76 | 재적재 10 | 중계율 0.14 | alpha 0.001 | step_limit
Ep 746 | 드론4 목적지69 | 1000스텝 | 배송 63/69 | 재적재 11 | 중계율 0.29 | alpha 0.001 | step_limit
Ep 747 | 드론4 목적지33 |  355스텝 | 배송 33/33 | 재적재  4 | 중계율 0.07 | alpha 0.001 | complete
Ep 748 | 드론3 목적지30 |  584스텝 | 배송 30/30 | 재적재  5 | 중계율 0.17 | alpha 0.001 | complete
Ep 749 | 드론5 목적지32 |  438스텝 | 배송 32/32 | 재적재  6 | 중계율 0.17 | alpha 0.001 | complete
Ep 750 | 드론5 목적지61 |  478스텝 | 배송 61/61 | 재적재 10 | 중계율 0.11 | alpha 0.001 | complete
  [홀드아웃] 배송 49.1±2.6 완주 0.80 스텝 979 점수 86.7 재적재 7.5 2홉+ 0.63 | 최고 89.2@ep500 정체 5/15
Ep 751 | 드론5 목적지34 |  428스텝 | 배송 34/34 | 재적재  5 | 중계율 0.19 | alpha 0.001 | complete
Ep 752 | 드론6 목적지69 |  558스텝 | 배송 69/69 | 재적재 11 | 중계율 0.13 | alpha 0.001 | complete
Ep 753 | 드론4 목적지80 | 1000스텝 | 배송 73/80 | 재적재 14 | 중계율 0.24 | alpha 0.001 | step_limit
Ep 754 | 드론4 목적지29 |  476스텝 | 배송 29/29 | 재적재  5 | 중계율 0.10 | alpha 0.001 | complete
Ep 755 | 드론3 목적지43 | 1000스텝 | 배송 38/43 | 재적재  6 | 중계율 0.16 | alpha 0.001 | step_limit
Ep 756 | 드론6 목적지30 |  285스텝 | 배송 30/30 | 재적재  5 | 중계율 0.14 | alpha 0.001 | complete
Ep 757 | 드론6 목적지37 |  405스텝 | 배송 37/37 | 재적재  6 | 중계율 0.14 | alpha 0.001 | complete
Ep 758 | 드론4 목적지51 |  590스텝 | 배송 51/51 | 재적재  8 | 중계율 0.15 | alpha 0.001 | complete
Ep 759 | 드론5 목적지23 |  390스텝 | 배송 23/23 | 재적재  4 | 중계율 0.16 | alpha 0.001 | complete
Ep 760 | 드론5 목적지60 |  736스텝 | 배송 60/60 | 재적재 10 | 중계율 0.20 | alpha 0.001 | complete
Ep 761 | 드론3 목적지77 | 1000스텝 | 배송 61/77 | 재적재 11 | 중계율 0.26 | alpha 0.001 | step_limit
Ep 762 | 드론5 목적지26 |  334스텝 | 배송 26/26 | 재적재  3 | 중계율 0.17 | alpha 0.001 | complete
Ep 763 | 드론5 목적지70 |  756스텝 | 배송 70/70 | 재적재 13 | 중계율 0.14 | alpha 0.001 | complete
Ep 764 | 드론6 목적지32 |  496스텝 | 배송 32/32 | 재적재  2 | 중계율 0.27 | alpha 0.001 | complete
Ep 765 | 드론5 목적지23 |  430스텝 | 배송 23/23 | 재적재  1 | 중계율 0.22 | alpha 0.001 | complete
Ep 766 | 드론6 목적지51 |  411스텝 | 배송 51/51 | 재적재  6 | 중계율 0.10 | alpha 0.001 | complete
Ep 767 | 드론4 목적지49 |  843스텝 | 배송 49/49 | 재적재  8 | 중계율 0.20 | alpha 0.001 | complete
Ep 768 | 드론3 목적지72 | 1000스텝 | 배송 65/72 | 재적재 11 | 중계율 0.21 | alpha 0.001 | step_limit
Ep 769 | 드론6 목적지22 |  228스텝 | 배송 22/22 | 재적재  0 | 중계율 0.12 | alpha 0.001 | complete
Ep 770 | 드론6 목적지53 |  291스텝 | 배송 53/53 | 재적재  7 | 중계율 0.06 | alpha 0.001 | complete
Ep 771 | 드론5 목적지38 |  493스텝 | 배송 38/38 | 재적재  5 | 중계율 0.15 | alpha 0.001 | complete
Ep 772 | 드론4 목적지36 |  616스텝 | 배송 36/36 | 재적재  5 | 중계율 0.19 | alpha 0.001 | complete
Ep 773 | 드론6 목적지21 |  166스텝 | 배송 21/21 | 재적재  0 | 중계율 0.14 | alpha 0.001 | complete
Ep 774 | 드론6 목적지46 |  457스텝 | 배송 46/46 | 재적재  7 | 중계율 0.14 | alpha 0.001 | complete
Ep 775 | 드론6 목적지41 |  304스텝 | 배송 41/41 | 재적재  5 | 중계율 0.15 | alpha 0.001 | complete
Ep 776 | 드론5 목적지48 |  543스텝 | 배송 48/48 | 재적재  8 | 중계율 0.15 | alpha 0.001 | complete
Ep 777 | 드론4 목적지20 |  501스텝 | 배송 20/20 | 재적재  2 | 중계율 0.24 | alpha 0.001 | complete
Ep 778 | 드론5 목적지57 |  807스텝 | 배송 57/57 | 재적재  9 | 중계율 0.24 | alpha 0.001 | complete
Ep 779 | 드론6 목적지79 | 1000스텝 | 배송 72/79 | 재적재 13 | 중계율 0.24 | alpha 0.001 | step_limit
Ep 780 | 드론3 목적지68 | 1000스텝 | 배송 60/68 | 재적재 11 | 중계율 0.26 | alpha 0.001 | step_limit
Ep 781 | 드론5 목적지50 |  502스텝 | 배송 50/50 | 재적재  9 | 중계율 0.19 | alpha 0.001 | complete
Ep 782 | 드론5 목적지45 |  624스텝 | 배송 45/45 | 재적재  7 | 중계율 0.20 | alpha 0.001 | complete
Ep 783 | 드론3 목적지28 |  593스텝 | 배송 28/28 | 재적재  3 | 중계율 0.30 | alpha 0.001 | complete
Ep 784 | 드론6 목적지58 |  605스텝 | 배송 58/58 | 재적재  8 | 중계율 0.14 | alpha 0.001 | complete
Ep 785 | 드론4 목적지49 |  945스텝 | 배송 49/49 | 재적재  8 | 중계율 0.27 | alpha 0.001 | complete
Ep 786 | 드론4 목적지53 |  983스텝 | 배송 53/53 | 재적재  8 | 중계율 0.28 | alpha 0.001 | complete
Ep 787 | 드론4 목적지47 |  911스텝 | 배송 47/47 | 재적재  7 | 중계율 0.28 | alpha 0.001 | complete
Ep 788 | 드론6 목적지75 |  858스텝 | 배송 75/75 | 재적재 12 | 중계율 0.16 | alpha 0.001 | complete
Ep 789 | 드론3 목적지79 | 1000스텝 | 배송 74/79 | 재적재 13 | 중계율 0.23 | alpha 0.001 | step_limit
Ep 790 | 드론3 목적지65 | 1000스텝 | 배송 55/65 | 재적재 10 | 중계율 0.25 | alpha 0.001 | step_limit
Ep 791 | 드론3 목적지21 |  346스텝 | 배송 21/21 | 재적재  3 | 중계율 0.09 | alpha 0.001 | complete
Ep 792 | 드론4 목적지50 |  570스텝 | 배송 50/50 | 재적재  8 | 중계율 0.11 | alpha 0.001 | complete
Ep 793 | 드론6 목적지27 |  339스텝 | 배송 27/27 | 재적재  3 | 중계율 0.13 | alpha 0.001 | complete
Ep 794 | 드론3 목적지74 | 1000스텝 | 배송 68/74 | 재적재 13 | 중계율 0.24 | alpha 0.001 | step_limit
Ep 795 | 드론3 목적지58 | 1000스텝 | 배송 50/58 | 재적재  8 | 중계율 0.20 | alpha 0.001 | step_limit
Ep 796 | 드론4 목적지23 |  462스텝 | 배송 23/23 | 재적재  1 | 중계율 0.24 | alpha 0.001 | complete
Ep 797 | 드론5 목적지34 |  337스텝 | 배송 34/34 | 재적재  5 | 중계율 0.10 | alpha 0.001 | complete
Ep 798 | 드론4 목적지60 |  637스텝 | 배송 60/60 | 재적재 10 | 중계율 0.12 | alpha 0.001 | complete
Ep 799 | 드론3 목적지33 |  659스텝 | 배송 33/33 | 재적재  6 | 중계율 0.21 | alpha 0.001 | complete
Ep 800 | 드론5 목적지50 |  505스텝 | 배송 50/50 | 재적재  7 | 중계율 0.12 | alpha 0.001 | complete
  [홀드아웃] 배송 49.2±3.1 완주 0.88 스텝 946 점수 94.3 재적재 7.4 2홉+ 0.62 | 최고 94.3@ep800 정체 0/15  ← 갱신
Ep 801 | 드론5 목적지57 |  795스텝 | 배송 57/57 | 재적재  9 | 중계율 0.16 | alpha 0.001 | complete
Ep 802 | 드론4 목적지68 |  722스텝 | 배송 68/68 | 재적재 12 | 중계율 0.16 | alpha 0.001 | complete
Ep 803 | 드론4 목적지80 | 1000스텝 | 배송 79/80 | 재적재 14 | 중계율 0.18 | alpha 0.001 | step_limit
Ep 804 | 드론6 목적지65 |  473스텝 | 배송 65/65 | 재적재 11 | 중계율 0.11 | alpha 0.001 | complete
Ep 805 | 드론6 목적지78 |  708스텝 | 배송 78/78 | 재적재 13 | 중계율 0.15 | alpha 0.001 | complete
Ep 806 | 드론6 목적지73 |  430스텝 | 배송 73/73 | 재적재 11 | 중계율 0.08 | alpha 0.001 | complete
Ep 807 | 드론6 목적지69 |  509스텝 | 배송 69/69 | 재적재 12 | 중계율 0.10 | alpha 0.001 | complete
Ep 808 | 드론4 목적지26 |  419스텝 | 배송 26/26 | 재적재  3 | 중계율 0.14 | alpha 0.001 | complete
Ep 809 | 드론4 목적지70 |  656스텝 | 배송 70/70 | 재적재 12 | 중계율 0.14 | alpha 0.001 | complete
Ep 810 | 드론4 목적지68 |  686스텝 | 배송 68/68 | 재적재 12 | 중계율 0.11 | alpha 0.001 | complete
Ep 811 | 드론3 목적지58 |  887스텝 | 배송 58/58 | 재적재 10 | 중계율 0.20 | alpha 0.001 | complete
Ep 812 | 드론4 목적지33 |  541스텝 | 배송 33/33 | 재적재  5 | 중계율 0.14 | alpha 0.001 | complete
Ep 813 | 드론4 목적지41 |  563스텝 | 배송 41/41 | 재적재  7 | 중계율 0.15 | alpha 0.001 | complete
Ep 814 | 드론4 목적지24 |  397스텝 | 배송 24/24 | 재적재  3 | 중계율 0.20 | alpha 0.001 | complete
Ep 815 | 드론3 목적지38 |  813스텝 | 배송 38/38 | 재적재  5 | 중계율 0.22 | alpha 0.001 | complete
Ep 816 | 드론3 목적지25 |  666스텝 | 배송 25/25 | 재적재  4 | 중계율 0.20 | alpha 0.001 | complete
Ep 817 | 드론4 목적지53 |  687스텝 | 배송 53/53 | 재적재  9 | 중계율 0.12 | alpha 0.001 | complete
Ep 818 | 드론5 목적지28 |  347스텝 | 배송 28/28 | 재적재  4 | 중계율 0.15 | alpha 0.001 | complete
Ep 819 | 드론6 목적지23 |  481스텝 | 배송 23/23 | 재적재  1 | 중계율 0.20 | alpha 0.001 | complete
Ep 820 | 드론4 목적지74 | 1000스텝 | 배송 65/74 | 재적재 11 | 중계율 0.23 | alpha 0.001 | step_limit
Ep 821 | 드론4 목적지79 | 1000스텝 | 배송 77/79 | 재적재 14 | 중계율 0.22 | alpha 0.001 | step_limit
Ep 822 | 드론4 목적지20 |  429스텝 | 배송 20/20 | 재적재  1 | 중계율 0.15 | alpha 0.001 | complete
Ep 823 | 드론5 목적지61 |  721스텝 | 배송 61/61 | 재적재  9 | 중계율 0.18 | alpha 0.001 | complete
Ep 824 | 드론3 목적지25 |  414스텝 | 배송 25/25 | 재적재  3 | 중계율 0.20 | alpha 0.001 | complete
Ep 825 | 드론3 목적지41 |  979스텝 | 배송 41/41 | 재적재  7 | 중계율 0.33 | alpha 0.001 | complete
Ep 826 | 드론3 목적지53 | 1000스텝 | 배송 50/53 | 재적재  8 | 중계율 0.32 | alpha 0.001 | step_limit
Ep 827 | 드론4 목적지44 |  758스텝 | 배송 44/44 | 재적재  6 | 중계율 0.21 | alpha 0.001 | complete
Ep 828 | 드론4 목적지24 |  320스텝 | 배송 24/24 | 재적재  2 | 중계율 0.18 | alpha 0.001 | complete
Ep 829 | 드론6 목적지53 |  462스텝 | 배송 53/53 | 재적재  7 | 중계율 0.15 | alpha 0.001 | complete
Ep 830 | 드론6 목적지66 |  591스텝 | 배송 66/66 | 재적재 10 | 중계율 0.14 | alpha 0.001 | complete
Ep 831 | 드론5 목적지69 |  582스텝 | 배송 69/69 | 재적재 11 | 중계율 0.10 | alpha 0.001 | complete
Ep 832 | 드론5 목적지69 |  707스텝 | 배송 69/69 | 재적재 11 | 중계율 0.15 | alpha 0.001 | complete
Ep 833 | 드론6 목적지72 |  973스텝 | 배송 72/72 | 재적재 11 | 중계율 0.21 | alpha 0.001 | complete
Ep 834 | 드론4 목적지71 | 1000스텝 | 배송 62/71 | 재적재 12 | 중계율 0.29 | alpha 0.001 | step_limit
Ep 835 | 드론3 목적지56 |  968스텝 | 배송 56/56 | 재적재 10 | 중계율 0.19 | alpha 0.001 | complete
Ep 836 | 드론6 목적지30 |  338스텝 | 배송 30/30 | 재적재  3 | 중계율 0.15 | alpha 0.001 | complete
Ep 837 | 드론3 목적지73 | 1000스텝 | 배송 61/73 | 재적재 10 | 중계율 0.29 | alpha 0.001 | step_limit
Ep 838 | 드론5 목적지56 |  544스텝 | 배송 56/56 | 재적재  9 | 중계율 0.09 | alpha 0.001 | complete
Ep 839 | 드론4 목적지20 |  505스텝 | 배송 20/20 | 재적재  2 | 중계율 0.21 | alpha 0.001 | complete
Ep 840 | 드론3 목적지33 |  593스텝 | 배송 33/33 | 재적재  6 | 중계율 0.13 | alpha 0.001 | complete
Ep 841 | 드론4 목적지31 |  591스텝 | 배송 31/31 | 재적재  3 | 중계율 0.27 | alpha 0.001 | complete
Ep 842 | 드론3 목적지68 | 1000스텝 | 배송 62/68 | 재적재 10 | 중계율 0.26 | alpha 0.001 | step_limit
Ep 843 | 드론6 목적지51 |  855스텝 | 배송 51/51 | 재적재  7 | 중계율 0.21 | alpha 0.001 | complete
Ep 844 | 드론4 목적지37 |  516스텝 | 배송 37/37 | 재적재  6 | 중계율 0.13 | alpha 0.001 | complete
Ep 845 | 드론6 목적지74 |  470스텝 | 배송 74/74 | 재적재 12 | 중계율 0.04 | alpha 0.001 | complete
Ep 846 | 드론3 목적지32 |  483스텝 | 배송 32/32 | 재적재  5 | 중계율 0.10 | alpha 0.001 | complete
Ep 847 | 드론5 목적지25 |  340스텝 | 배송 25/25 | 재적재  1 | 중계율 0.12 | alpha 0.001 | complete
Ep 848 | 드론3 목적지44 |  831스텝 | 배송 44/44 | 재적재  7 | 중계율 0.27 | alpha 0.001 | complete
Ep 849 | 드론5 목적지28 |  339스텝 | 배송 28/28 | 재적재  3 | 중계율 0.15 | alpha 0.001 | complete
Ep 850 | 드론3 목적지47 |  865스텝 | 배송 47/47 | 재적재  8 | 중계율 0.12 | alpha 0.001 | complete
  [홀드아웃] 배송 49.6±1.7 완주 0.86 스텝 1030 점수 92.8 재적재 7.5 2홉+ 0.63 | 최고 94.3@ep800 정체 1/15
Ep 851 | 드론3 목적지39 |  798스텝 | 배송 39/39 | 재적재  6 | 중계율 0.26 | alpha 0.001 | complete
Ep 852 | 드론4 목적지68 | 1000스텝 | 배송 51/68 | 재적재  8 | 중계율 0.34 | alpha 0.001 | step_limit
Ep 853 | 드론4 목적지65 | 1000스텝 | 배송 55/65 | 재적재 10 | 중계율 0.24 | alpha 0.001 | step_limit
Ep 854 | 드론5 목적지61 |  968스텝 | 배송 61/61 | 재적재 11 | 중계율 0.20 | alpha 0.001 | complete
Ep 855 | 드론5 목적지22 |  299스텝 | 배송 22/22 | 재적재  1 | 중계율 0.05 | alpha 0.001 | complete
Ep 856 | 드론5 목적지59 |  620스텝 | 배송 59/59 | 재적재  8 | 중계율 0.16 | alpha 0.001 | complete
Ep 857 | 드론3 목적지69 | 1000스텝 | 배송 57/69 | 재적재 10 | 중계율 0.25 | alpha 0.001 | step_limit
Ep 858 | 드론6 목적지35 |  268스텝 | 배송 35/35 | 재적재  5 | 중계율 0.08 | alpha 0.001 | complete
Ep 859 | 드론3 목적지20 |  644스텝 | 배송 20/20 | 재적재  2 | 중계율 0.33 | alpha 0.001 | complete
Ep 860 | 드론5 목적지42 |  630스텝 | 배송 42/42 | 재적재  7 | 중계율 0.22 | alpha 0.001 | complete
Ep 861 | 드론4 목적지58 |  805스텝 | 배송 58/58 | 재적재 10 | 중계율 0.16 | alpha 0.001 | complete
Ep 862 | 드론3 목적지39 |  707스텝 | 배송 39/39 | 재적재  7 | 중계율 0.20 | alpha 0.001 | complete
Ep 863 | 드론5 목적지77 | 1000스텝 | 배송 73/77 | 재적재 12 | 중계율 0.24 | alpha 0.001 | step_limit
Ep 864 | 드론6 목적지37 | 1000스텝 | 배송 35/37 | 재적재  3 | 중계율 0.28 | alpha 0.001 | step_limit
Ep 865 | 드론4 목적지33 |  661스텝 | 배송 33/33 | 재적재  3 | 중계율 0.21 | alpha 0.001 | complete
Ep 866 | 드론5 목적지40 |  422스텝 | 배송 40/40 | 재적재  7 | 중계율 0.11 | alpha 0.001 | complete
Ep 867 | 드론6 목적지34 |  468스텝 | 배송 34/34 | 재적재  4 | 중계율 0.10 | alpha 0.001 | complete
Ep 868 | 드론3 목적지34 |  715스텝 | 배송 34/34 | 재적재  4 | 중계율 0.21 | alpha 0.001 | complete
Ep 869 | 드론3 목적지76 |  993스텝 | 배송 76/76 | 재적재 13 | 중계율 0.18 | alpha 0.001 | complete
Ep 870 | 드론4 목적지42 |  595스텝 | 배송 42/42 | 재적재  6 | 중계율 0.18 | alpha 0.001 | complete
Ep 871 | 드론3 목적지47 |  747스텝 | 배송 47/47 | 재적재  8 | 중계율 0.19 | alpha 0.001 | complete
Ep 872 | 드론5 목적지22 |  198스텝 | 배송 22/22 | 재적재  0 | 중계율 0.13 | alpha 0.001 | complete
Ep 873 | 드론5 목적지60 |  768스텝 | 배송 60/60 | 재적재  9 | 중계율 0.18 | alpha 0.001 | complete
Ep 874 | 드론6 목적지45 |  602스텝 | 배송 45/45 | 재적재  6 | 중계율 0.15 | alpha 0.001 | complete
Ep 875 | 드론6 목적지32 |  319스텝 | 배송 32/32 | 재적재  4 | 중계율 0.15 | alpha 0.001 | complete
Ep 876 | 드론3 목적지49 |  752스텝 | 배송 49/49 | 재적재  7 | 중계율 0.16 | alpha 0.001 | complete
Ep 877 | 드론6 목적지77 |  580스텝 | 배송 77/77 | 재적재 13 | 중계율 0.15 | alpha 0.001 | complete
Ep 878 | 드론5 목적지44 |  716스텝 | 배송 44/44 | 재적재  6 | 중계율 0.21 | alpha 0.001 | complete
Ep 879 | 드론3 목적지79 | 1000스텝 | 배송 66/79 | 재적재 12 | 중계율 0.23 | alpha 0.001 | step_limit
Ep 880 | 드론5 목적지32 |  368스텝 | 배송 32/32 | 재적재  5 | 중계율 0.10 | alpha 0.001 | complete
Ep 881 | 드론6 목적지74 |  998스텝 | 배송 74/74 | 재적재 12 | 중계율 0.23 | alpha 0.001 | complete
Ep 882 | 드론4 목적지76 | 1000스텝 | 배송 68/76 | 재적재 10 | 중계율 0.24 | alpha 0.001 | step_limit
Ep 883 | 드론6 목적지50 |  540스텝 | 배송 50/50 | 재적재  7 | 중계율 0.18 | alpha 0.001 | complete
Ep 884 | 드론6 목적지56 |  492스텝 | 배송 56/56 | 재적재  8 | 중계율 0.13 | alpha 0.001 | complete
Ep 885 | 드론3 목적지44 |  786스텝 | 배송 44/44 | 재적재  8 | 중계율 0.25 | alpha 0.001 | complete
Ep 886 | 드론6 목적지76 |  672스텝 | 배송 76/76 | 재적재 12 | 중계율 0.11 | alpha 0.001 | complete
Ep 887 | 드론4 목적지67 |  986스텝 | 배송 67/67 | 재적재 13 | 중계율 0.19 | alpha 0.001 | complete
Ep 888 | 드론3 목적지71 | 1000스텝 | 배송 59/71 | 재적재 10 | 중계율 0.25 | alpha 0.001 | step_limit
Ep 889 | 드론3 목적지32 | 1000스텝 | 배송 30/32 | 재적재  5 | 중계율 0.26 | alpha 0.001 | step_limit
Ep 890 | 드론5 목적지62 |  659스텝 | 배송 62/62 | 재적재 10 | 중계율 0.12 | alpha 0.001 | complete
Ep 891 | 드론3 목적지78 | 1000스텝 | 배송 67/78 | 재적재 13 | 중계율 0.24 | alpha 0.001 | step_limit
Ep 892 | 드론4 목적지39 |  758스텝 | 배송 39/39 | 재적재  6 | 중계율 0.14 | alpha 0.001 | complete
Ep 893 | 드론4 목적지65 |  939스텝 | 배송 65/65 | 재적재 10 | 중계율 0.20 | alpha 0.001 | complete
Ep 894 | 드론6 목적지47 |  396스텝 | 배송 47/47 | 재적재  6 | 중계율 0.11 | alpha 0.001 | complete
Ep 895 | 드론6 목적지64 |  500스텝 | 배송 64/64 | 재적재 11 | 중계율 0.16 | alpha 0.001 | complete
Ep 896 | 드론5 목적지41 |  585스텝 | 배송 41/41 | 재적재  5 | 중계율 0.17 | alpha 0.001 | complete
Ep 897 | 드론6 목적지77 |  538스텝 | 배송 77/77 | 재적재 12 | 중계율 0.08 | alpha 0.001 | complete
Ep 898 | 드론4 목적지29 |  440스텝 | 배송 29/29 | 재적재  3 | 중계율 0.19 | alpha 0.001 | complete
Ep 899 | 드론3 목적지31 |  575스텝 | 배송 31/31 | 재적재  5 | 중계율 0.18 | alpha 0.001 | complete
Ep 900 | 드론3 목적지69 | 1000스텝 | 배송 57/69 | 재적재 11 | 중계율 0.17 | alpha 0.001 | step_limit
  [홀드아웃] 배송 49.6±1.3 완주 0.90 스텝 998 점수 96.7 재적재 7.7 2홉+ 0.62 | 최고 96.7@ep900 정체 0/15  ← 갱신
Ep 901 | 드론6 목적지26 |  374스텝 | 배송 26/26 | 재적재  3 | 중계율 0.15 | alpha 0.001 | complete
Ep 902 | 드론6 목적지58 |  496스텝 | 배송 58/58 | 재적재  9 | 중계율 0.11 | alpha 0.001 | complete
Ep 903 | 드론3 목적지41 |  830스텝 | 배송 41/41 | 재적재  6 | 중계율 0.28 | alpha 0.001 | complete
Ep 904 | 드론6 목적지47 |  330스텝 | 배송 47/47 | 재적재  7 | 중계율 0.07 | alpha 0.001 | complete
Ep 905 | 드론3 목적지63 | 1000스텝 | 배송 55/63 | 재적재  9 | 중계율 0.27 | alpha 0.001 | step_limit
Ep 906 | 드론5 목적지64 |  915스텝 | 배송 64/64 | 재적재 10 | 중계율 0.22 | alpha 0.001 | complete
Ep 907 | 드론3 목적지80 | 1000스텝 | 배송 75/80 | 재적재 13 | 중계율 0.17 | alpha 0.001 | step_limit
Ep 908 | 드론6 목적지49 |  400스텝 | 배송 49/49 | 재적재  6 | 중계율 0.11 | alpha 0.001 | complete
Ep 909 | 드론3 목적지68 | 1000스텝 | 배송 61/68 | 재적재 11 | 중계율 0.29 | alpha 0.001 | step_limit
Ep 910 | 드론6 목적지69 |  579스텝 | 배송 69/69 | 재적재 13 | 중계율 0.13 | alpha 0.001 | complete
Ep 911 | 드론3 목적지22 |  462스텝 | 배송 22/22 | 재적재  2 | 중계율 0.21 | alpha 0.001 | complete
Ep 912 | 드론4 목적지71 | 1000스텝 | 배송 57/71 | 재적재  9 | 중계율 0.35 | alpha 0.001 | step_limit
Ep 913 | 드론3 목적지48 |  762스텝 | 배송 48/48 | 재적재  8 | 중계율 0.16 | alpha 0.001 | complete
Ep 914 | 드론3 목적지64 | 1000스텝 | 배송 52/64 | 재적재  8 | 중계율 0.31 | alpha 0.001 | step_limit
Ep 915 | 드론6 목적지58 |  716스텝 | 배송 58/58 | 재적재 10 | 중계율 0.19 | alpha 0.001 | complete
Ep 916 | 드론4 목적지21 |  416스텝 | 배송 21/21 | 재적재  2 | 중계율 0.16 | alpha 0.001 | complete
Ep 917 | 드론5 목적지75 | 1000스텝 | 배송 64/75 | 재적재 10 | 중계율 0.30 | alpha 0.001 | step_limit
Ep 918 | 드론6 목적지22 |  238스텝 | 배송 22/22 | 재적재  1 | 중계율 0.19 | alpha 0.001 | complete
Ep 919 | 드론5 목적지73 |  701스텝 | 배송 73/73 | 재적재 12 | 중계율 0.15 | alpha 0.001 | complete
Ep 920 | 드론3 목적지79 | 1000스텝 | 배송 55/79 | 재적재  8 | 중계율 0.33 | alpha 0.001 | step_limit
Ep 921 | 드론4 목적지27 |  371스텝 | 배송 27/27 | 재적재  4 | 중계율 0.11 | alpha 0.001 | complete
Ep 922 | 드론4 목적지20 |  373스텝 | 배송 20/20 | 재적재  2 | 중계율 0.24 | alpha 0.001 | complete
Ep 923 | 드론5 목적지51 |  645스텝 | 배송 51/51 | 재적재  8 | 중계율 0.20 | alpha 0.001 | complete
Ep 924 | 드론6 목적지68 |  571스텝 | 배송 68/68 | 재적재 10 | 중계율 0.14 | alpha 0.001 | complete
Ep 925 | 드론6 목적지30 |  367스텝 | 배송 30/30 | 재적재  3 | 중계율 0.16 | alpha 0.001 | complete
Ep 926 | 드론6 목적지31 |  237스텝 | 배송 31/31 | 재적재  4 | 중계율 0.14 | alpha 0.001 | complete
Ep 927 | 드론3 목적지62 | 1000스텝 | 배송 57/62 | 재적재 10 | 중계율 0.27 | alpha 0.001 | step_limit
Ep 928 | 드론3 목적지51 |  922스텝 | 배송 51/51 | 재적재 10 | 중계율 0.30 | alpha 0.001 | complete
Ep 929 | 드론6 목적지34 |  219스텝 | 배송 34/34 | 재적재  3 | 중계율 0.09 | alpha 0.001 | complete
Ep 930 | 드론4 목적지57 |  787스텝 | 배송 57/57 | 재적재 10 | 중계율 0.10 | alpha 0.001 | complete
Ep 931 | 드론4 목적지52 |  578스텝 | 배송 52/52 | 재적재  7 | 중계율 0.15 | alpha 0.001 | complete
Ep 932 | 드론6 목적지27 |  299스텝 | 배송 27/27 | 재적재  3 | 중계율 0.11 | alpha 0.001 | complete
Ep 933 | 드론6 목적지71 |  616스텝 | 배송 71/71 | 재적재 11 | 중계율 0.18 | alpha 0.001 | complete
Ep 934 | 드론6 목적지65 | 1000스텝 | 배송 58/65 | 재적재  9 | 중계율 0.18 | alpha 0.001 | step_limit
Ep 935 | 드론4 목적지29 |  529스텝 | 배송 29/29 | 재적재  3 | 중계율 0.25 | alpha 0.001 | complete
Ep 936 | 드론3 목적지44 |  817스텝 | 배송 44/44 | 재적재  8 | 중계율 0.21 | alpha 0.001 | complete
Ep 937 | 드론3 목적지22 |  406스텝 | 배송 22/22 | 재적재  3 | 중계율 0.18 | alpha 0.001 | complete
Ep 938 | 드론4 목적지44 |  841스텝 | 배송 44/44 | 재적재  6 | 중계율 0.29 | alpha 0.001 | complete
Ep 939 | 드론5 목적지68 |  969스텝 | 배송 68/68 | 재적재 10 | 중계율 0.26 | alpha 0.001 | complete
Ep 940 | 드론5 목적지43 |  978스텝 | 배송 43/43 | 재적재  5 | 중계율 0.32 | alpha 0.001 | complete
Ep 941 | 드론5 목적지73 | 1000스텝 | 배송 65/73 | 재적재 10 | 중계율 0.23 | alpha 0.001 | step_limit
Ep 942 | 드론6 목적지26 |  285스텝 | 배송 26/26 | 재적재  1 | 중계율 0.16 | alpha 0.001 | complete
Ep 943 | 드론5 목적지28 |  435스텝 | 배송 28/28 | 재적재  2 | 중계율 0.20 | alpha 0.001 | complete
Ep 944 | 드론3 목적지79 | 1000스텝 | 배송 68/79 | 재적재 13 | 중계율 0.16 | alpha 0.001 | step_limit
Ep 945 | 드론3 목적지61 | 1000스텝 | 배송 60/61 | 재적재 11 | 중계율 0.25 | alpha 0.001 | step_limit
Ep 946 | 드론4 목적지50 |  909스텝 | 배송 50/50 | 재적재  9 | 중계율 0.29 | alpha 0.001 | complete
Ep 947 | 드론6 목적지25 |  287스텝 | 배송 25/25 | 재적재  1 | 중계율 0.14 | alpha 0.001 | complete
Ep 948 | 드론6 목적지58 |  590스텝 | 배송 58/58 | 재적재  9 | 중계율 0.12 | alpha 0.001 | complete
Ep 949 | 드론6 목적지52 |  426스텝 | 배송 52/52 | 재적재  6 | 중계율 0.12 | alpha 0.001 | complete
Ep 950 | 드론6 목적지43 |  576스텝 | 배송 43/43 | 재적재  5 | 중계율 0.08 | alpha 0.001 | complete
  [홀드아웃] 배송 49.4±2.2 완주 0.89 스텝 1045 점수 95.3 재적재 7.7 2홉+ 0.59 | 최고 96.7@ep900 정체 1/15
Ep 951 | 드론5 목적지30 |  590스텝 | 배송 30/30 | 재적재  4 | 중계율 0.15 | alpha 0.001 | complete
Ep 952 | 드론3 목적지51 |  997스텝 | 배송 51/51 | 재적재  9 | 중계율 0.29 | alpha 0.001 | complete
Ep 953 | 드론6 목적지43 |  484스텝 | 배송 43/43 | 재적재  5 | 중계율 0.13 | alpha 0.001 | complete
Ep 954 | 드론6 목적지80 |  829스텝 | 배송 80/80 | 재적재 13 | 중계율 0.23 | alpha 0.001 | complete
Ep 955 | 드론6 목적지46 |  366스텝 | 배송 46/46 | 재적재  6 | 중계율 0.13 | alpha 0.001 | complete
Ep 956 | 드론5 목적지37 |  358스텝 | 배송 37/37 | 재적재  4 | 중계율 0.14 | alpha 0.001 | complete
Ep 957 | 드론3 목적지52 |  730스텝 | 배송 52/52 | 재적재  9 | 중계율 0.16 | alpha 0.001 | complete
Ep 958 | 드론6 목적지46 |  697스텝 | 배송 46/46 | 재적재  6 | 중계율 0.22 | alpha 0.001 | complete
Ep 959 | 드론4 목적지46 |  722스텝 | 배송 46/46 | 재적재  7 | 중계율 0.19 | alpha 0.001 | complete
Ep 960 | 드론6 목적지66 |  406스텝 | 배송 66/66 | 재적재 11 | 중계율 0.08 | alpha 0.001 | complete
Ep 961 | 드론4 목적지76 | 1000스텝 | 배송 67/76 | 재적재 12 | 중계율 0.31 | alpha 0.001 | step_limit
Ep 962 | 드론4 목적지52 | 1000스텝 | 배송 43/52 | 재적재  8 | 중계율 0.29 | alpha 0.001 | step_limit
Ep 963 | 드론3 목적지56 | 1000스텝 | 배송 52/56 | 재적재 10 | 중계율 0.35 | alpha 0.001 | step_limit
Ep 964 | 드론3 목적지54 |  900스텝 | 배송 54/54 | 재적재 10 | 중계율 0.21 | alpha 0.001 | complete
Ep 965 | 드론4 목적지34 |  601스텝 | 배송 34/34 | 재적재  5 | 중계율 0.23 | alpha 0.001 | complete
Ep 966 | 드론5 목적지77 |  685스텝 | 배송 77/77 | 재적재 13 | 중계율 0.10 | alpha 0.001 | complete
Ep 967 | 드론6 목적지38 |  440스텝 | 배송 38/38 | 재적재  6 | 중계율 0.08 | alpha 0.001 | complete
Ep 968 | 드론6 목적지37 |  388스텝 | 배송 37/37 | 재적재  4 | 중계율 0.18 | alpha 0.001 | complete
Ep 969 | 드론4 목적지54 |  847스텝 | 배송 54/54 | 재적재  9 | 중계율 0.26 | alpha 0.001 | complete
Ep 970 | 드론5 목적지80 |  961스텝 | 배송 80/80 | 재적재 15 | 중계율 0.19 | alpha 0.001 | complete
Ep 971 | 드론5 목적지26 |  352스텝 | 배송 26/26 | 재적재  4 | 중계율 0.07 | alpha 0.001 | complete
Ep 972 | 드론6 목적지27 |  315스텝 | 배송 27/27 | 재적재  1 | 중계율 0.15 | alpha 0.001 | complete
Ep 973 | 드론4 목적지36 |  730스텝 | 배송 36/36 | 재적재  6 | 중계율 0.20 | alpha 0.001 | complete
Ep 974 | 드론3 목적지80 | 1000스텝 | 배송 65/80 | 재적재 11 | 중계율 0.22 | alpha 0.001 | step_limit
Ep 975 | 드론6 목적지80 |  805스텝 | 배송 80/80 | 재적재 14 | 중계율 0.21 | alpha 0.001 | complete
Ep 976 | 드론4 목적지48 |  805스텝 | 배송 48/48 | 재적재  6 | 중계율 0.32 | alpha 0.001 | complete
Ep 977 | 드론5 목적지48 |  435스텝 | 배송 48/48 | 재적재  8 | 중계율 0.10 | alpha 0.001 | complete
Ep 978 | 드론5 목적지69 |  672스텝 | 배송 69/69 | 재적재 12 | 중계율 0.16 | alpha 0.001 | complete
Ep 979 | 드론6 목적지58 |  508스텝 | 배송 58/58 | 재적재  8 | 중계율 0.08 | alpha 0.001 | complete
Ep 980 | 드론6 목적지73 |  900스텝 | 배송 73/73 | 재적재 12 | 중계율 0.20 | alpha 0.001 | complete
Ep 981 | 드론4 목적지62 |  788스텝 | 배송 62/62 | 재적재 10 | 중계율 0.18 | alpha 0.001 | complete
Ep 982 | 드론6 목적지66 |  757스텝 | 배송 66/66 | 재적재  9 | 중계율 0.15 | alpha 0.001 | complete
Ep 983 | 드론4 목적지22 |  395스텝 | 배송 22/22 | 재적재  3 | 중계율 0.16 | alpha 0.001 | complete
Ep 984 | 드론3 목적지53 | 1000스텝 | 배송 50/53 | 재적재  9 | 중계율 0.36 | alpha 0.001 | step_limit
Ep 985 | 드론5 목적지65 |  655스텝 | 배송 65/65 | 재적재 11 | 중계율 0.15 | alpha 0.001 | complete
Ep 986 | 드론6 목적지35 |  606스텝 | 배송 35/35 | 재적재  3 | 중계율 0.13 | alpha 0.001 | complete
Ep 987 | 드론5 목적지47 |  582스텝 | 배송 47/47 | 재적재  7 | 중계율 0.13 | alpha 0.001 | complete
Ep 988 | 드론4 목적지24 |  326스텝 | 배송 24/24 | 재적재  3 | 중계율 0.16 | alpha 0.001 | complete
Ep 989 | 드론3 목적지64 | 1000스텝 | 배송 62/64 | 재적재 12 | 중계율 0.20 | alpha 0.001 | step_limit
Ep 990 | 드론4 목적지26 |  621스텝 | 배송 26/26 | 재적재  3 | 중계율 0.21 | alpha 0.001 | complete
Ep 991 | 드론3 목적지30 |  496스텝 | 배송 30/30 | 재적재  5 | 중계율 0.19 | alpha 0.001 | complete
Ep 992 | 드론4 목적지59 |  990스텝 | 배송 59/59 | 재적재 10 | 중계율 0.21 | alpha 0.001 | complete
Ep 993 | 드론3 목적지46 |  880스텝 | 배송 46/46 | 재적재  7 | 중계율 0.27 | alpha 0.001 | complete
Ep 994 | 드론5 목적지71 |  577스텝 | 배송 71/71 | 재적재 12 | 중계율 0.11 | alpha 0.001 | complete
Ep 995 | 드론3 목적지61 | 1000스텝 | 배송 59/61 | 재적재 11 | 중계율 0.26 | alpha 0.001 | step_limit
Ep 996 | 드론3 목적지61 | 1000스텝 | 배송 56/61 | 재적재 10 | 중계율 0.19 | alpha 0.001 | step_limit
Ep 997 | 드론3 목적지59 | 1000스텝 | 배송 57/59 | 재적재  9 | 중계율 0.29 | alpha 0.001 | step_limit
Ep 998 | 드론6 목적지70 |  876스텝 | 배송 70/70 | 재적재 11 | 중계율 0.23 | alpha 0.001 | complete
Ep 999 | 드론4 목적지49 |  763스텝 | 배송 49/49 | 재적재  8 | 중계율 0.15 | alpha 0.001 | complete
Ep 1000 | 드론5 목적지63 |  699스텝 | 배송 63/63 | 재적재 10 | 중계율 0.13 | alpha 0.001 | complete
  [홀드아웃] 배송 49.5±1.8 완주 0.90 스텝 995 점수 96.7 재적재 7.7 2홉+ 0.61 | 최고 96.7@ep1000 정체 0/15  ← 갱신
Ep 1001 | 드론6 목적지43 |  378스텝 | 배송 43/43 | 재적재  6 | 중계율 0.11 | alpha 0.001 | complete
Ep 1002 | 드론4 목적지78 | 1000스텝 | 배송 70/78 | 재적재 13 | 중계율 0.24 | alpha 0.001 | step_limit
Ep 1003 | 드론4 목적지74 | 1000스텝 | 배송 67/74 | 재적재 12 | 중계율 0.29 | alpha 0.001 | step_limit
Ep 1004 | 드론6 목적지61 |  566스텝 | 배송 61/61 | 재적재  9 | 중계율 0.15 | alpha 0.001 | complete
Ep 1005 | 드론5 목적지62 |  722스텝 | 배송 62/62 | 재적재 10 | 중계율 0.17 | alpha 0.001 | complete
Ep 1006 | 드론3 목적지22 |  671스텝 | 배송 22/22 | 재적재  2 | 중계율 0.20 | alpha 0.001 | complete
Ep 1007 | 드론5 목적지79 | 1000스텝 | 배송 79/79 | 재적재 13 | 중계율 0.21 | alpha 0.001 | complete
Ep 1008 | 드론4 목적지28 |  495스텝 | 배송 28/28 | 재적재  2 | 중계율 0.20 | alpha 0.001 | complete
Ep 1009 | 드론4 목적지65 | 1000스텝 | 배송 64/65 | 재적재 11 | 중계율 0.21 | alpha 0.001 | step_limit
Ep 1010 | 드론5 목적지22 |  413스텝 | 배송 22/22 | 재적재  2 | 중계율 0.18 | alpha 0.001 | complete
Ep 1011 | 드론5 목적지52 |  508스텝 | 배송 52/52 | 재적재  8 | 중계율 0.11 | alpha 0.001 | complete
Ep 1012 | 드론6 목적지47 |  593스텝 | 배송 47/47 | 재적재  8 | 중계율 0.15 | alpha 0.001 | complete
Ep 1013 | 드론6 목적지66 |  497스텝 | 배송 66/66 | 재적재  8 | 중계율 0.06 | alpha 0.001 | complete
Ep 1014 | 드론4 목적지69 | 1000스텝 | 배송 68/69 | 재적재 12 | 중계율 0.17 | alpha 0.001 | step_limit
Ep 1015 | 드론4 목적지77 |  875스텝 | 배송 77/77 | 재적재 13 | 중계율 0.15 | alpha 0.001 | complete
Ep 1016 | 드론4 목적지80 | 1000스텝 | 배송 66/80 | 재적재 12 | 중계율 0.26 | alpha 0.001 | step_limit
Ep 1017 | 드론5 목적지51 |  443스텝 | 배송 51/51 | 재적재  7 | 중계율 0.11 | alpha 0.001 | complete
Ep 1018 | 드론6 목적지21 |  170스텝 | 배송 21/21 | 재적재  0 | 중계율 0.09 | alpha 0.001 | complete
Ep 1019 | 드론4 목적지58 |  761스텝 | 배송 58/58 | 재적재 10 | 중계율 0.18 | alpha 0.001 | complete
Ep 1020 | 드론4 목적지74 | 1000스텝 | 배송 70/74 | 재적재 11 | 중계율 0.31 | alpha 0.001 | step_limit
Ep 1021 | 드론3 목적지48 |  884스텝 | 배송 48/48 | 재적재  9 | 중계율 0.25 | alpha 0.001 | complete
Ep 1022 | 드론6 목적지27 |  243스텝 | 배송 27/27 | 재적재  4 | 중계율 0.12 | alpha 0.001 | complete
Ep 1023 | 드론6 목적지46 |  331스텝 | 배송 46/46 | 재적재  6 | 중계율 0.07 | alpha 0.001 | complete
Ep 1024 | 드론3 목적지70 | 1000스텝 | 배송 55/70 | 재적재 10 | 중계율 0.38 | alpha 0.001 | step_limit
Ep 1025 | 드론5 목적지41 |  724스텝 | 배송 41/41 | 재적재  4 | 중계율 0.28 | alpha 0.001 | complete
Ep 1026 | 드론6 목적지76 |  558스텝 | 배송 76/76 | 재적재 11 | 중계율 0.11 | alpha 0.001 | complete
Ep 1027 | 드론4 목적지51 |  969스텝 | 배송 51/51 | 재적재  9 | 중계율 0.18 | alpha 0.001 | complete
Ep 1028 | 드론3 목적지27 |  662스텝 | 배송 27/27 | 재적재  5 | 중계율 0.17 | alpha 0.001 | complete
Ep 1029 | 드론4 목적지37 |  483스텝 | 배송 37/37 | 재적재  6 | 중계율 0.18 | alpha 0.001 | complete
Ep 1030 | 드론4 목적지46 | 1000스텝 | 배송 45/46 | 재적재  7 | 중계율 0.29 | alpha 0.001 | step_limit
Ep 1031 | 드론6 목적지20 |  242스텝 | 배송 20/20 | 재적재  0 | 중계율 0.10 | alpha 0.001 | complete
Ep 1032 | 드론3 목적지27 |  512스텝 | 배송 27/27 | 재적재  3 | 중계율 0.17 | alpha 0.001 | complete
Ep 1033 | 드론5 목적지38 |  422스텝 | 배송 38/38 | 재적재  6 | 중계율 0.13 | alpha 0.001 | complete
Ep 1034 | 드론4 목적지66 | 1000스텝 | 배송 64/66 | 재적재 11 | 중계율 0.23 | alpha 0.001 | step_limit
Ep 1035 | 드론6 목적지64 |  627스텝 | 배송 64/64 | 재적재 10 | 중계율 0.17 | alpha 0.001 | complete
Ep 1036 | 드론4 목적지59 |  950스텝 | 배송 59/59 | 재적재 11 | 중계율 0.28 | alpha 0.001 | complete
Ep 1037 | 드론3 목적지49 | 1000스텝 | 배송 42/49 | 재적재  8 | 중계율 0.23 | alpha 0.001 | step_limit
Ep 1038 | 드론6 목적지57 | 1000스텝 | 배송 55/57 | 재적재  7 | 중계율 0.25 | alpha 0.001 | step_limit
Ep 1039 | 드론4 목적지73 |  988스텝 | 배송 73/73 | 재적재 12 | 중계율 0.25 | alpha 0.001 | complete
Ep 1040 | 드론3 목적지44 |  841스텝 | 배송 44/44 | 재적재  6 | 중계율 0.29 | alpha 0.001 | complete
Ep 1041 | 드론5 목적지65 |  913스텝 | 배송 65/65 | 재적재 10 | 중계율 0.22 | alpha 0.001 | complete
Ep 1042 | 드론3 목적지37 | 1000스텝 | 배송 32/37 | 재적재  6 | 중계율 0.34 | alpha 0.001 | step_limit
Ep 1043 | 드론5 목적지52 |  447스텝 | 배송 52/52 | 재적재  8 | 중계율 0.12 | alpha 0.001 | complete
Ep 1044 | 드론4 목적지36 |  585스텝 | 배송 36/36 | 재적재  4 | 중계율 0.22 | alpha 0.001 | complete
Ep 1045 | 드론4 목적지52 |  527스텝 | 배송 52/52 | 재적재  8 | 중계율 0.13 | alpha 0.001 | complete
Ep 1046 | 드론5 목적지43 |  605스텝 | 배송 43/43 | 재적재  7 | 중계율 0.14 | alpha 0.001 | complete
Ep 1047 | 드론3 목적지52 | 1000스텝 | 배송 50/52 | 재적재  9 | 중계율 0.31 | alpha 0.001 | step_limit
Ep 1048 | 드론3 목적지51 | 1000스텝 | 배송 48/51 | 재적재  8 | 중계율 0.28 | alpha 0.001 | step_limit
Ep 1049 | 드론4 목적지72 | 1000스텝 | 배송 55/72 | 재적재  8 | 중계율 0.32 | alpha 0.001 | step_limit
Ep 1050 | 드론5 목적지76 | 1000스텝 | 배송 75/76 | 재적재 14 | 중계율 0.24 | alpha 0.001 | step_limit
  [홀드아웃] 배송 49.4±2.8 완주 0.90 스텝 1015 점수 96.6 재적재 7.8 2홉+ 0.61 | 최고 96.7@ep1000 정체 1/15
Ep 1051 | 드론4 목적지79 | 1000스텝 | 배송 71/79 | 재적재 12 | 중계율 0.28 | alpha 0.001 | step_limit
Ep 1052 | 드론5 목적지45 |  491스텝 | 배송 45/45 | 재적재  7 | 중계율 0.14 | alpha 0.001 | complete
Ep 1053 | 드론6 목적지49 |  593스텝 | 배송 49/49 | 재적재  7 | 중계율 0.13 | alpha 0.001 | complete
Ep 1054 | 드론6 목적지61 |  533스텝 | 배송 61/61 | 재적재 10 | 중계율 0.10 | alpha 0.001 | complete
Ep 1055 | 드론5 목적지41 |  488스텝 | 배송 41/41 | 재적재  7 | 중계율 0.13 | alpha 0.001 | complete
Ep 1056 | 드론5 목적지54 |  800스텝 | 배송 54/54 | 재적재  9 | 중계율 0.16 | alpha 0.001 | complete
Ep 1057 | 드론5 목적지64 |  787스텝 | 배송 64/64 | 재적재 12 | 중계율 0.15 | alpha 0.001 | complete
Ep 1058 | 드론5 목적지66 |  872스텝 | 배송 66/66 | 재적재 10 | 중계율 0.21 | alpha 0.001 | complete
Ep 1059 | 드론3 목적지51 |  955스텝 | 배송 51/51 | 재적재  9 | 중계율 0.14 | alpha 0.001 | complete
Ep 1060 | 드론6 목적지52 |  537스텝 | 배송 52/52 | 재적재  7 | 중계율 0.14 | alpha 0.001 | complete
Ep 1061 | 드론5 목적지37 |  554스텝 | 배송 37/37 | 재적재  4 | 중계율 0.20 | alpha 0.001 | complete
Ep 1062 | 드론5 목적지24 |  300스텝 | 배송 24/24 | 재적재  3 | 중계율 0.14 | alpha 0.001 | complete
Ep 1063 | 드론5 목적지73 |  676스텝 | 배송 73/73 | 재적재 12 | 중계율 0.15 | alpha 0.001 | complete
Ep 1064 | 드론5 목적지39 |  699스텝 | 배송 39/39 | 재적재  5 | 중계율 0.23 | alpha 0.001 | complete
Ep 1065 | 드론4 목적지24 |  658스텝 | 배송 24/24 | 재적재  2 | 중계율 0.28 | alpha 0.001 | complete
Ep 1066 | 드론3 목적지75 | 1000스텝 | 배송 62/75 | 재적재 12 | 중계율 0.21 | alpha 0.001 | step_limit
Ep 1067 | 드론6 목적지50 |  452스텝 | 배송 50/50 | 재적재  8 | 중계율 0.12 | alpha 0.001 | complete
Ep 1068 | 드론4 목적지45 |  466스텝 | 배송 45/45 | 재적재  6 | 중계율 0.10 | alpha 0.001 | complete
Ep 1069 | 드론5 목적지20 |  265스텝 | 배송 20/20 | 재적재  1 | 중계율 0.18 | alpha 0.001 | complete
Ep 1070 | 드론3 목적지79 | 1000스텝 | 배송 75/79 | 재적재 13 | 중계율 0.22 | alpha 0.001 | step_limit
Ep 1071 | 드론4 목적지32 |  435스텝 | 배송 32/32 | 재적재  4 | 중계율 0.14 | alpha 0.001 | complete
Ep 1072 | 드론3 목적지56 | 1000스텝 | 배송 50/56 | 재적재  8 | 중계율 0.31 | alpha 0.001 | step_limit
Ep 1073 | 드론6 목적지25 |  319스텝 | 배송 25/25 | 재적재  2 | 중계율 0.13 | alpha 0.001 | complete
Ep 1074 | 드론3 목적지34 |  816스텝 | 배송 34/34 | 재적재  5 | 중계율 0.21 | alpha 0.001 | complete
Ep 1075 | 드론6 목적지40 |  351스텝 | 배송 40/40 | 재적재  5 | 중계율 0.14 | alpha 0.001 | complete
Ep 1076 | 드론3 목적지73 | 1000스텝 | 배송 63/73 | 재적재 11 | 중계율 0.30 | alpha 0.001 | step_limit
Ep 1077 | 드론5 목적지50 |  802스텝 | 배송 50/50 | 재적재  9 | 중계율 0.18 | alpha 0.001 | complete
Ep 1078 | 드론5 목적지62 |  766스텝 | 배송 62/62 | 재적재 10 | 중계율 0.27 | alpha 0.001 | complete
Ep 1079 | 드론4 목적지25 |  444스텝 | 배송 25/25 | 재적재  2 | 중계율 0.23 | alpha 0.001 | complete
Ep 1080 | 드론3 목적지51 |  949스텝 | 배송 51/51 | 재적재  9 | 중계율 0.23 | alpha 0.001 | complete
Ep 1081 | 드론5 목적지46 |  998스텝 | 배송 46/46 | 재적재  8 | 중계율 0.29 | alpha 0.001 | complete
Ep 1082 | 드론6 목적지51 |  578스텝 | 배송 51/51 | 재적재  6 | 중계율 0.14 | alpha 0.001 | complete
Ep 1083 | 드론4 목적지64 | 1000스텝 | 배송 61/64 | 재적재 11 | 중계율 0.30 | alpha 0.001 | step_limit
Ep 1084 | 드론4 목적지48 |  849스텝 | 배송 48/48 | 재적재  8 | 중계율 0.27 | alpha 0.001 | complete
Ep 1085 | 드론4 목적지60 | 1000스텝 | 배송 57/60 | 재적재 11 | 중계율 0.32 | alpha 0.001 | step_limit
Ep 1086 | 드론5 목적지27 |  330스텝 | 배송 27/27 | 재적재  4 | 중계율 0.15 | alpha 0.001 | complete
Ep 1087 | 드론5 목적지66 | 1000스텝 | 배송 63/66 | 재적재 10 | 중계율 0.31 | alpha 0.001 | step_limit
Ep 1088 | 드론5 목적지48 |  554스텝 | 배송 48/48 | 재적재  7 | 중계율 0.15 | alpha 0.001 | complete
Ep 1089 | 드론4 목적지63 |  740스텝 | 배송 63/63 | 재적재 11 | 중계율 0.14 | alpha 0.001 | complete
Ep 1090 | 드론5 목적지78 | 1000스텝 | 배송 64/78 | 재적재  9 | 중계율 0.23 | alpha 0.001 | step_limit
Ep 1091 | 드론4 목적지66 | 1000스텝 | 배송 64/66 | 재적재 10 | 중계율 0.29 | alpha 0.001 | step_limit
Ep 1092 | 드론3 목적지77 | 1000스텝 | 배송 60/77 | 재적재 11 | 중계율 0.28 | alpha 0.001 | step_limit
Ep 1093 | 드론3 목적지72 | 1000스텝 | 배송 63/72 | 재적재 10 | 중계율 0.27 | alpha 0.001 | step_limit
Ep 1094 | 드론6 목적지45 |  578스텝 | 배송 45/45 | 재적재  6 | 중계율 0.15 | alpha 0.001 | complete
Ep 1095 | 드론5 목적지21 |  309스텝 | 배송 21/21 | 재적재  1 | 중계율 0.17 | alpha 0.001 | complete
Ep 1096 | 드론6 목적지77 |  622스텝 | 배송 77/77 | 재적재 14 | 중계율 0.14 | alpha 0.001 | complete
Ep 1097 | 드론3 목적지44 |  743스텝 | 배송 44/44 | 재적재  7 | 중계율 0.21 | alpha 0.001 | complete
Ep 1098 | 드론3 목적지59 |  970스텝 | 배송 36/59 | 재적재  7 | 중계율 0.28 | alpha 0.001 | no_progress
Ep 1099 | 드론4 목적지75 | 1000스텝 | 배송 71/75 | 재적재 13 | 중계율 0.27 | alpha 0.001 | step_limit
Ep 1100 | 드론3 목적지54 | 1000스텝 | 배송 46/54 | 재적재  7 | 중계율 0.31 | alpha 0.001 | step_limit
  [홀드아웃] 배송 49.9±0.8 완주 0.97 스텝 1001 점수 104.2 재적재 7.9 2홉+ 0.61 | 최고 104.2@ep1100 정체 0/15  ← 갱신
Ep 1101 | 드론4 목적지78 | 1000스텝 | 배송 71/78 | 재적재 13 | 중계율 0.20 | alpha 0.001 | step_limit
Ep 1102 | 드론6 목적지36 |  405스텝 | 배송 36/36 | 재적재  5 | 중계율 0.13 | alpha 0.001 | complete
Ep 1103 | 드론4 목적지32 |  819스텝 | 배송 32/32 | 재적재  5 | 중계율 0.32 | alpha 0.001 | complete
Ep 1104 | 드론6 목적지37 |  481스텝 | 배송 37/37 | 재적재  5 | 중계율 0.20 | alpha 0.001 | complete
Ep 1105 | 드론6 목적지63 |  522스텝 | 배송 63/63 | 재적재  9 | 중계율 0.11 | alpha 0.001 | complete
Ep 1106 | 드론5 목적지46 |  673스텝 | 배송 46/46 | 재적재  7 | 중계율 0.19 | alpha 0.001 | complete
Ep 1107 | 드론5 목적지21 |  495스텝 | 배송 21/21 | 재적재  2 | 중계율 0.22 | alpha 0.001 | complete
Ep 1108 | 드론3 목적지41 |  923스텝 | 배송 41/41 | 재적재  7 | 중계율 0.35 | alpha 0.001 | complete
Ep 1109 | 드론5 목적지21 |  193스텝 | 배송 21/21 | 재적재  1 | 중계율 0.06 | alpha 0.001 | complete
Ep 1110 | 드론3 목적지55 | 1000스텝 | 배송 50/55 | 재적재  8 | 중계율 0.34 | alpha 0.001 | step_limit
Ep 1111 | 드론6 목적지49 |  340스텝 | 배송 49/49 | 재적재  7 | 중계율 0.07 | alpha 0.001 | complete
Ep 1112 | 드론4 목적지27 |  428스텝 | 배송 27/27 | 재적재  4 | 중계율 0.12 | alpha 0.001 | complete
Ep 1113 | 드론6 목적지70 |  579스텝 | 배송 70/70 | 재적재 10 | 중계율 0.12 | alpha 0.001 | complete
Ep 1114 | 드론6 목적지50 |  767스텝 | 배송 50/50 | 재적재  7 | 중계율 0.20 | alpha 0.001 | complete
Ep 1115 | 드론6 목적지73 |  777스텝 | 배송 73/73 | 재적재 11 | 중계율 0.23 | alpha 0.001 | complete
Ep 1116 | 드론4 목적지54 | 1000스텝 | 배송 48/54 | 재적재  7 | 중계율 0.31 | alpha 0.001 | step_limit
Ep 1117 | 드론5 목적지74 |  644스텝 | 배송 74/74 | 재적재 14 | 중계율 0.15 | alpha 0.001 | complete
Ep 1118 | 드론6 목적지52 |  875스텝 | 배송 52/52 | 재적재  7 | 중계율 0.23 | alpha 0.001 | complete
Ep 1119 | 드론6 목적지22 |  224스텝 | 배송 22/22 | 재적재  0 | 중계율 0.14 | alpha 0.001 | complete
Ep 1120 | 드론5 목적지40 |  455스텝 | 배송 40/40 | 재적재  6 | 중계율 0.14 | alpha 0.001 | complete
Ep 1121 | 드론5 목적지26 |  749스텝 | 배송 26/26 | 재적재  2 | 중계율 0.27 | alpha 0.001 | complete
Ep 1122 | 드론6 목적지55 |  375스텝 | 배송 55/55 | 재적재  7 | 중계율 0.10 | alpha 0.001 | complete
Ep 1123 | 드론6 목적지54 |  602스텝 | 배송 54/54 | 재적재  7 | 중계율 0.13 | alpha 0.001 | complete
Ep 1124 | 드론5 목적지79 |  620스텝 | 배송 79/79 | 재적재 15 | 중계율 0.10 | alpha 0.001 | complete
Ep 1125 | 드론6 목적지53 |  578스텝 | 배송 53/53 | 재적재  9 | 중계율 0.22 | alpha 0.001 | complete
Ep 1126 | 드론5 목적지21 |  186스텝 | 배송 21/21 | 재적재  1 | 중계율 0.12 | alpha 0.001 | complete
Ep 1127 | 드론4 목적지66 | 1000스텝 | 배송 62/66 | 재적재 11 | 중계율 0.31 | alpha 0.001 | step_limit
Ep 1128 | 드론5 목적지70 |  975스텝 | 배송 70/70 | 재적재 13 | 중계율 0.20 | alpha 0.001 | complete
Ep 1129 | 드론6 목적지28 |  360스텝 | 배송 28/28 | 재적재  2 | 중계율 0.17 | alpha 0.001 | complete
Ep 1130 | 드론5 목적지45 |  543스텝 | 배송 45/45 | 재적재  7 | 중계율 0.18 | alpha 0.001 | complete
Ep 1131 | 드론4 목적지55 | 1000스텝 | 배송 51/55 | 재적재  9 | 중계율 0.25 | alpha 0.001 | step_limit
Ep 1132 | 드론6 목적지59 |  484스텝 | 배송 59/59 | 재적재  8 | 중계율 0.16 | alpha 0.001 | complete
Ep 1133 | 드론5 목적지69 |  611스텝 | 배송 69/69 | 재적재 11 | 중계율 0.08 | alpha 0.001 | complete
Ep 1134 | 드론6 목적지28 |  262스텝 | 배송 28/28 | 재적재  3 | 중계율 0.09 | alpha 0.001 | complete
Ep 1135 | 드론4 목적지68 | 1000스텝 | 배송 56/68 | 재적재 11 | 중계율 0.28 | alpha 0.001 | step_limit
Ep 1136 | 드론6 목적지76 | 1000스텝 | 배송 71/76 | 재적재 10 | 중계율 0.21 | alpha 0.001 | step_limit
Ep 1137 | 드론5 목적지30 |  479스텝 | 배송 30/30 | 재적재  5 | 중계율 0.07 | alpha 0.001 | complete
Ep 1138 | 드론4 목적지48 |  643스텝 | 배송 48/48 | 재적재  8 | 중계율 0.14 | alpha 0.001 | complete
Ep 1139 | 드론6 목적지39 |  373스텝 | 배송 39/39 | 재적재  5 | 중계율 0.16 | alpha 0.001 | complete
Ep 1140 | 드론4 목적지80 |  856스텝 | 배송 80/80 | 재적재 14 | 중계율 0.16 | alpha 0.001 | complete
Ep 1141 | 드론4 목적지28 |  389스텝 | 배송 28/28 | 재적재  4 | 중계율 0.12 | alpha 0.001 | complete
Ep 1142 | 드론6 목적지47 |  448스텝 | 배송 47/47 | 재적재  7 | 중계율 0.12 | alpha 0.001 | complete
Ep 1143 | 드론4 목적지44 |  812스텝 | 배송 44/44 | 재적재  8 | 중계율 0.21 | alpha 0.001 | complete
Ep 1144 | 드론4 목적지28 |  604스텝 | 배송 28/28 | 재적재  4 | 중계율 0.27 | alpha 0.001 | complete
Ep 1145 | 드론5 목적지21 |  329스텝 | 배송 21/21 | 재적재  2 | 중계율 0.16 | alpha 0.001 | complete
Ep 1146 | 드론3 목적지72 | 1000스텝 | 배송 67/72 | 재적재 11 | 중계율 0.23 | alpha 0.001 | step_limit
Ep 1147 | 드론4 목적지77 |  908스텝 | 배송 77/77 | 재적재 13 | 중계율 0.18 | alpha 0.001 | complete
Ep 1148 | 드론6 목적지45 |  516스텝 | 배송 45/45 | 재적재  6 | 중계율 0.16 | alpha 0.001 | complete
Ep 1149 | 드론4 목적지80 |  889스텝 | 배송 80/80 | 재적재 15 | 중계율 0.22 | alpha 0.001 | complete
Ep 1150 | 드론4 목적지73 |  962스텝 | 배송 73/73 | 재적재 12 | 중계율 0.22 | alpha 0.001 | complete
  [홀드아웃] 배송 49.9±0.6 완주 0.94 스텝 1083 점수 100.1 재적재 8.1 2홉+ 0.61 | 최고 104.2@ep1100 정체 1/15
Ep 1151 | 드론3 목적지40 |  831스텝 | 배송 40/40 | 재적재  5 | 중계율 0.27 | alpha 0.001 | complete
Ep 1152 | 드론4 목적지61 |  876스텝 | 배송 61/61 | 재적재 11 | 중계율 0.21 | alpha 0.001 | complete
Ep 1153 | 드론6 목적지24 |  411스텝 | 배송 24/24 | 재적재  1 | 중계율 0.22 | alpha 0.001 | complete
Ep 1154 | 드론4 목적지24 |  999스텝 | 배송 23/24 | 재적재  3 | 중계율 0.35 | alpha 0.001 | no_progress
Ep 1155 | 드론3 목적지31 | 1000스텝 | 배송 29/31 | 재적재  5 | 중계율 0.25 | alpha 0.001 | step_limit
Ep 1156 | 드론4 목적지20 |  304스텝 | 배송 20/20 | 재적재  2 | 중계율 0.19 | alpha 0.001 | complete
Ep 1157 | 드론6 목적지23 |  235스텝 | 배송 23/23 | 재적재  0 | 중계율 0.09 | alpha 0.001 | complete
Ep 1158 | 드론5 목적지41 |  570스텝 | 배송 41/41 | 재적재  4 | 중계율 0.27 | alpha 0.001 | complete
Ep 1159 | 드론5 목적지64 |  979스텝 | 배송 64/64 | 재적재 12 | 중계율 0.18 | alpha 0.001 | complete
Ep 1160 | 드론4 목적지47 |  768스텝 | 배송 47/47 | 재적재  8 | 중계율 0.24 | alpha 0.001 | complete
Ep 1161 | 드론5 목적지70 |  649스텝 | 배송 70/70 | 재적재 12 | 중계율 0.11 | alpha 0.001 | complete
Ep 1162 | 드론5 목적지77 |  646스텝 | 배송 77/77 | 재적재 13 | 중계율 0.13 | alpha 0.001 | complete
Ep 1163 | 드론4 목적지43 | 1000스텝 | 배송 33/43 | 재적재  6 | 중계율 0.28 | alpha 0.001 | step_limit
Ep 1164 | 드론3 목적지40 |  978스텝 | 배송 40/40 | 재적재  7 | 중계율 0.27 | alpha 0.001 | complete
Ep 1165 | 드론6 목적지67 |  519스텝 | 배송 67/67 | 재적재 12 | 중계율 0.11 | alpha 0.001 | complete
Ep 1166 | 드론5 목적지65 |  826스텝 | 배송 65/65 | 재적재 11 | 중계율 0.14 | alpha 0.001 | complete
Ep 1167 | 드론3 목적지24 |  628스텝 | 배송 24/24 | 재적재  4 | 중계율 0.24 | alpha 0.001 | complete
Ep 1168 | 드론6 목적지67 |  960스텝 | 배송 67/67 | 재적재 11 | 중계율 0.21 | alpha 0.001 | complete
Ep 1169 | 드론4 목적지37 |  455스텝 | 배송 37/37 | 재적재  4 | 중계율 0.10 | alpha 0.001 | complete
Ep 1170 | 드론3 목적지35 |  645스텝 | 배송 35/35 | 재적재  5 | 중계율 0.22 | alpha 0.001 | complete
Ep 1171 | 드론5 목적지70 |  797스텝 | 배송 70/70 | 재적재 11 | 중계율 0.20 | alpha 0.001 | complete
Ep 1172 | 드론5 목적지56 | 1000스텝 | 배송 55/56 | 재적재  9 | 중계율 0.28 | alpha 0.001 | step_limit
Ep 1173 | 드론3 목적지39 |  762스텝 | 배송 39/39 | 재적재  6 | 중계율 0.30 | alpha 0.001 | complete
Ep 1174 | 드론6 목적지53 |  516스텝 | 배송 53/53 | 재적재  9 | 중계율 0.15 | alpha 0.001 | complete
Ep 1175 | 드론6 목적지44 |  650스텝 | 배송 44/44 | 재적재  8 | 중계율 0.17 | alpha 0.001 | complete
Ep 1176 | 드론6 목적지44 |  461스텝 | 배송 44/44 | 재적재  6 | 중계율 0.13 | alpha 0.001 | complete
Ep 1177 | 드론6 목적지33 |  365스텝 | 배송 33/33 | 재적재  3 | 중계율 0.14 | alpha 0.001 | complete
Ep 1178 | 드론3 목적지61 | 1000스텝 | 배송 59/61 | 재적재  9 | 중계율 0.25 | alpha 0.001 | step_limit
Ep 1179 | 드론5 목적지71 |  673스텝 | 배송 71/71 | 재적재 13 | 중계율 0.10 | alpha 0.001 | complete
Ep 1180 | 드론5 목적지62 |  724스텝 | 배송 62/62 | 재적재 10 | 중계율 0.16 | alpha 0.001 | complete
Ep 1181 | 드론5 목적지50 |  698스텝 | 배송 50/50 | 재적재  8 | 중계율 0.26 | alpha 0.001 | complete
Ep 1182 | 드론3 목적지79 | 1000스텝 | 배송 72/79 | 재적재 13 | 중계율 0.22 | alpha 0.001 | step_limit
Ep 1183 | 드론5 목적지51 |  693스텝 | 배송 51/51 | 재적재  7 | 중계율 0.13 | alpha 0.001 | complete
Ep 1184 | 드론5 목적지30 |  363스텝 | 배송 30/30 | 재적재  4 | 중계율 0.15 | alpha 0.001 | complete
Ep 1185 | 드론3 목적지77 | 1000스텝 | 배송 70/77 | 재적재 13 | 중계율 0.22 | alpha 0.001 | step_limit
Ep 1186 | 드론6 목적지42 |  396스텝 | 배송 42/42 | 재적재  6 | 중계율 0.09 | alpha 0.001 | complete
Ep 1187 | 드론6 목적지20 |  176스텝 | 배송 20/20 | 재적재  1 | 중계율 0.04 | alpha 0.001 | complete
Ep 1188 | 드론4 목적지74 | 1000스텝 | 배송 73/74 | 재적재 12 | 중계율 0.26 | alpha 0.001 | step_limit
Ep 1189 | 드론5 목적지60 |  524스텝 | 배송 60/60 | 재적재 10 | 중계율 0.11 | alpha 0.001 | complete
Ep 1190 | 드론3 목적지26 |  668스텝 | 배송 26/26 | 재적재  5 | 중계율 0.20 | alpha 0.001 | complete
Ep 1191 | 드론5 목적지27 |  454스텝 | 배송 27/27 | 재적재  2 | 중계율 0.14 | alpha 0.001 | complete
Ep 1192 | 드론5 목적지78 | 1000스텝 | 배송 74/78 | 재적재 12 | 중계율 0.17 | alpha 0.001 | step_limit
Ep 1193 | 드론3 목적지42 |  752스텝 | 배송 42/42 | 재적재  7 | 중계율 0.23 | alpha 0.001 | complete
Ep 1194 | 드론4 목적지75 |  898스텝 | 배송 75/75 | 재적재 12 | 중계율 0.24 | alpha 0.001 | complete
Ep 1195 | 드론5 목적지56 |  615스텝 | 배송 56/56 | 재적재  9 | 중계율 0.10 | alpha 0.001 | complete
Ep 1196 | 드론6 목적지66 |  757스텝 | 배송 66/66 | 재적재 10 | 중계율 0.22 | alpha 0.001 | complete
Ep 1197 | 드론5 목적지59 |  842스텝 | 배송 59/59 | 재적재 10 | 중계율 0.17 | alpha 0.001 | complete
Ep 1198 | 드론4 목적지47 |  707스텝 | 배송 47/47 | 재적재  9 | 중계율 0.15 | alpha 0.001 | complete
Ep 1199 | 드론4 목적지65 |  852스텝 | 배송 65/65 | 재적재 12 | 중계율 0.16 | alpha 0.001 | complete
Ep 1200 | 드론6 목적지48 |  452스텝 | 배송 48/48 | 재적재  6 | 중계율 0.14 | alpha 0.001 | complete
  [홀드아웃] 배송 49.6±1.4 완주 0.93 스텝 1040 점수 99.0 재적재 8.1 2홉+ 0.62 | 최고 104.2@ep1100 정체 2/15
Ep 1201 | 드론5 목적지22 |  379스텝 | 배송 22/22 | 재적재  2 | 중계율 0.25 | alpha 0.001 | complete
Ep 1202 | 드론4 목적지68 |  746스텝 | 배송 68/68 | 재적재 12 | 중계율 0.20 | alpha 0.001 | complete
Ep 1203 | 드론3 목적지36 |  899스텝 | 배송 36/36 | 재적재  5 | 중계율 0.33 | alpha 0.001 | complete
Ep 1204 | 드론4 목적지23 |  379스텝 | 배송 23/23 | 재적재  3 | 중계율 0.12 | alpha 0.001 | complete
Ep 1205 | 드론4 목적지32 |  535스텝 | 배송 32/32 | 재적재  5 | 중계율 0.14 | alpha 0.001 | complete
Ep 1206 | 드론3 목적지76 | 1000스텝 | 배송 65/76 | 재적재 12 | 중계율 0.27 | alpha 0.001 | step_limit
Ep 1207 | 드론6 목적지45 |  377스텝 | 배송 45/45 | 재적재  7 | 중계율 0.09 | alpha 0.001 | complete
Ep 1208 | 드론5 목적지40 |  344스텝 | 배송 40/40 | 재적재  4 | 중계율 0.09 | alpha 0.001 | complete
Ep 1209 | 드론3 목적지49 | 1000스텝 | 배송 48/49 | 재적재  9 | 중계율 0.23 | alpha 0.001 | step_limit
Ep 1210 | 드론4 목적지60 |  990스텝 | 배송 60/60 | 재적재 11 | 중계율 0.28 | alpha 0.001 | complete
Ep 1211 | 드론4 목적지66 |  874스텝 | 배송 66/66 | 재적재 12 | 중계율 0.23 | alpha 0.001 | complete
Ep 1212 | 드론5 목적지66 |  827스텝 | 배송 66/66 | 재적재 11 | 중계율 0.18 | alpha 0.001 | complete
Ep 1213 | 드론6 목적지56 |  517스텝 | 배송 56/56 | 재적재 10 | 중계율 0.13 | alpha 0.001 | complete
Ep 1214 | 드론3 목적지49 | 1000스텝 | 배송 48/49 | 재적재  9 | 중계율 0.31 | alpha 0.001 | step_limit
Ep 1215 | 드론3 목적지21 |  348스텝 | 배송 21/21 | 재적재  3 | 중계율 0.13 | alpha 0.001 | complete
Ep 1216 | 드론4 목적지38 |  837스텝 | 배송 38/38 | 재적재  7 | 중계율 0.23 | alpha 0.001 | complete
Ep 1217 | 드론4 목적지22 |  689스텝 | 배송 22/22 | 재적재  3 | 중계율 0.25 | alpha 0.001 | complete
Ep 1218 | 드론4 목적지61 |  755스텝 | 배송 61/61 | 재적재 10 | 중계율 0.15 | alpha 0.001 | complete
Ep 1219 | 드론5 목적지66 |  789스텝 | 배송 66/66 | 재적재  9 | 중계율 0.25 | alpha 0.001 | complete
Ep 1220 | 드론3 목적지38 |  785스텝 | 배송 38/38 | 재적재  7 | 중계율 0.27 | alpha 0.001 | complete
Ep 1221 | 드론3 목적지62 | 1000스텝 | 배송 54/62 | 재적재 10 | 중계율 0.25 | alpha 0.001 | step_limit
Ep 1222 | 드론6 목적지34 |  478스텝 | 배송 34/34 | 재적재  5 | 중계율 0.17 | alpha 0.001 | complete
Ep 1223 | 드론5 목적지35 |  523스텝 | 배송 35/35 | 재적재  4 | 중계율 0.15 | alpha 0.001 | complete
Ep 1224 | 드론6 목적지33 |  628스텝 | 배송 33/33 | 재적재  3 | 중계율 0.22 | alpha 0.001 | complete
Ep 1225 | 드론4 목적지70 |  775스텝 | 배송 70/70 | 재적재 12 | 중계율 0.14 | alpha 0.001 | complete
Ep 1226 | 드론6 목적지32 |  263스텝 | 배송 32/32 | 재적재  4 | 중계율 0.09 | alpha 0.001 | complete
Ep 1227 | 드론3 목적지77 | 1000스텝 | 배송 60/77 | 재적재 11 | 중계율 0.29 | alpha 0.001 | step_limit
Ep 1228 | 드론3 목적지35 |  820스텝 | 배송 35/35 | 재적재  5 | 중계율 0.26 | alpha 0.001 | complete
Ep 1229 | 드론5 목적지25 |  317스텝 | 배송 25/25 | 재적재  4 | 중계율 0.11 | alpha 0.001 | complete
Ep 1230 | 드론3 목적지50 | 1000스텝 | 배송 45/50 | 재적재  8 | 중계율 0.27 | alpha 0.001 | step_limit
Ep 1231 | 드론6 목적지65 |  453스텝 | 배송 65/65 | 재적재 12 | 중계율 0.09 | alpha 0.001 | complete
Ep 1232 | 드론3 목적지79 | 1000스텝 | 배송 61/79 | 재적재 10 | 중계율 0.30 | alpha 0.001 | step_limit
Ep 1233 | 드론3 목적지30 |  640스텝 | 배송 30/30 | 재적재  4 | 중계율 0.26 | alpha 0.001 | complete
Ep 1234 | 드론6 목적지57 |  506스텝 | 배송 57/57 | 재적재 10 | 중계율 0.13 | alpha 0.001 | complete
Ep 1235 | 드론3 목적지49 |  939스텝 | 배송 49/49 | 재적재  8 | 중계율 0.30 | alpha 0.001 | complete
Ep 1236 | 드론4 목적지72 |  854스텝 | 배송 72/72 | 재적재 13 | 중계율 0.21 | alpha 0.001 | complete
Ep 1237 | 드론4 목적지57 | 1000스텝 | 배송 50/57 | 재적재  8 | 중계율 0.30 | alpha 0.001 | step_limit
Ep 1238 | 드론6 목적지73 |  870스텝 | 배송 73/73 | 재적재 11 | 중계율 0.21 | alpha 0.001 | complete
Ep 1239 | 드론4 목적지40 |  532스텝 | 배송 40/40 | 재적재  6 | 중계율 0.18 | alpha 0.001 | complete
Ep 1240 | 드론5 목적지21 |  502스텝 | 배송 21/21 | 재적재  2 | 중계율 0.20 | alpha 0.001 | complete
Ep 1241 | 드론6 목적지58 |  493스텝 | 배송 58/58 | 재적재  8 | 중계율 0.10 | alpha 0.001 | complete
Ep 1242 | 드론5 목적지71 |  693스텝 | 배송 71/71 | 재적재 10 | 중계율 0.19 | alpha 0.001 | complete
Ep 1243 | 드론6 목적지54 |  490스텝 | 배송 54/54 | 재적재 10 | 중계율 0.09 | alpha 0.001 | complete
Ep 1244 | 드론5 목적지23 |  436스텝 | 배송 23/23 | 재적재  3 | 중계율 0.13 | alpha 0.001 | complete
Ep 1245 | 드론3 목적지31 |  950스텝 | 배송 31/31 | 재적재  5 | 중계율 0.27 | alpha 0.001 | complete
Ep 1246 | 드론5 목적지37 |  477스텝 | 배송 37/37 | 재적재  5 | 중계율 0.21 | alpha 0.001 | complete
Ep 1247 | 드론3 목적지20 |  453스텝 | 배송 20/20 | 재적재  3 | 중계율 0.18 | alpha 0.001 | complete
Ep 1248 | 드론6 목적지79 |  724스텝 | 배송 79/79 | 재적재 13 | 중계율 0.20 | alpha 0.001 | complete
Ep 1249 | 드론4 목적지22 |  383스텝 | 배송 22/22 | 재적재  2 | 중계율 0.14 | alpha 0.001 | complete
Ep 1250 | 드론3 목적지27 |  687스텝 | 배송 27/27 | 재적재  4 | 중계율 0.24 | alpha 0.001 | complete
  [홀드아웃] 배송 49.8±0.6 완주 0.91 스텝 1059 점수 97.7 재적재 8.1 2홉+ 0.62 | 최고 104.2@ep1100 정체 3/15
Ep 1251 | 드론4 목적지20 |  341스텝 | 배송 20/20 | 재적재  2 | 중계율 0.21 | alpha 0.001 | complete
Ep 1252 | 드론5 목적지48 |  623스텝 | 배송 48/48 | 재적재  7 | 중계율 0.20 | alpha 0.001 | complete
Ep 1253 | 드론4 목적지64 | 1000스텝 | 배송 61/64 | 재적재 10 | 중계율 0.24 | alpha 0.001 | step_limit
Ep 1254 | 드론6 목적지44 |  519스텝 | 배송 44/44 | 재적재  6 | 중계율 0.19 | alpha 0.001 | complete
Ep 1255 | 드론6 목적지39 |  353스텝 | 배송 39/39 | 재적재  4 | 중계율 0.10 | alpha 0.001 | complete
Ep 1256 | 드론4 목적지32 |  420스텝 | 배송 32/32 | 재적재  5 | 중계율 0.19 | alpha 0.001 | complete
Ep 1257 | 드론3 목적지71 | 1000스텝 | 배송 67/71 | 재적재 12 | 중계율 0.17 | alpha 0.001 | step_limit
Ep 1258 | 드론3 목적지40 | 1000스텝 | 배송 39/40 | 재적재  6 | 중계율 0.33 | alpha 0.001 | step_limit
Ep 1259 | 드론4 목적지80 |  982스텝 | 배송 80/80 | 재적재 15 | 중계율 0.17 | alpha 0.001 | complete
Ep 1260 | 드론6 목적지60 |  592스텝 | 배송 60/60 | 재적재  7 | 중계율 0.14 | alpha 0.001 | complete
Ep 1261 | 드론6 목적지26 |  413스텝 | 배송 26/26 | 재적재  2 | 중계율 0.18 | alpha 0.001 | complete
Ep 1262 | 드론6 목적지68 |  542스텝 | 배송 68/68 | 재적재 10 | 중계율 0.09 | alpha 0.001 | complete
Ep 1263 | 드론5 목적지61 |  635스텝 | 배송 61/61 | 재적재 10 | 중계율 0.13 | alpha 0.001 | complete
Ep 1264 | 드론4 목적지55 |  932스텝 | 배송 55/55 | 재적재  9 | 중계율 0.28 | alpha 0.001 | complete
Ep 1265 | 드론5 목적지73 |  974스텝 | 배송 73/73 | 재적재 12 | 중계율 0.23 | alpha 0.001 | complete
Ep 1266 | 드론5 목적지72 |  671스텝 | 배송 72/72 | 재적재 13 | 중계율 0.14 | alpha 0.001 | complete
Ep 1267 | 드론3 목적지46 | 1000스텝 | 배송 45/46 | 재적재  8 | 중계율 0.33 | alpha 0.001 | step_limit
Ep 1268 | 드론3 목적지58 | 1000스텝 | 배송 34/58 | 재적재  5 | 중계율 0.31 | alpha 0.001 | step_limit
Ep 1269 | 드론6 목적지74 |  668스텝 | 배송 74/74 | 재적재 13 | 중계율 0.21 | alpha 0.001 | complete
Ep 1270 | 드론4 목적지30 |  411스텝 | 배송 30/30 | 재적재  5 | 중계율 0.12 | alpha 0.001 | complete
Ep 1271 | 드론4 목적지37 |  515스텝 | 배송 37/37 | 재적재  7 | 중계율 0.12 | alpha 0.001 | complete
Ep 1272 | 드론4 목적지22 |  487스텝 | 배송 22/22 | 재적재  3 | 중계율 0.19 | alpha 0.001 | complete
Ep 1273 | 드론3 목적지43 | 1000스텝 | 배송 40/43 | 재적재  7 | 중계율 0.25 | alpha 0.001 | step_limit
Ep 1274 | 드론3 목적지66 | 1000스텝 | 배송 65/66 | 재적재 10 | 중계율 0.29 | alpha 0.001 | step_limit
Ep 1275 | 드론6 목적지63 |  715스텝 | 배송 63/63 | 재적재  9 | 중계율 0.17 | alpha 0.001 | complete
Ep 1276 | 드론3 목적지47 | 1000스텝 | 배송 45/47 | 재적재  8 | 중계율 0.21 | alpha 0.001 | step_limit
Ep 1277 | 드론6 목적지30 |  275스텝 | 배송 30/30 | 재적재  2 | 중계율 0.09 | alpha 0.001 | complete
Ep 1278 | 드론5 목적지62 |  579스텝 | 배송 62/62 | 재적재 12 | 중계율 0.10 | alpha 0.001 | complete
Ep 1279 | 드론4 목적지28 |  380스텝 | 배송 28/28 | 재적재  4 | 중계율 0.13 | alpha 0.001 | complete
Ep 1280 | 드론5 목적지47 |  407스텝 | 배송 47/47 | 재적재  9 | 중계율 0.07 | alpha 0.001 | complete
Ep 1281 | 드론4 목적지66 | 1000스텝 | 배송 64/66 | 재적재 11 | 중계율 0.22 | alpha 0.001 | step_limit
Ep 1282 | 드론3 목적지74 | 1000스텝 | 배송 69/74 | 재적재 12 | 중계율 0.23 | alpha 0.001 | step_limit
Ep 1283 | 드론3 목적지80 | 1000스텝 | 배송 70/80 | 재적재 12 | 중계율 0.26 | alpha 0.001 | step_limit
Ep 1284 | 드론6 목적지57 |  642스텝 | 배송 57/57 | 재적재 10 | 중계율 0.12 | alpha 0.001 | complete
Ep 1285 | 드론3 목적지40 |  892스텝 | 배송 40/40 | 재적재  7 | 중계율 0.28 | alpha 0.001 | complete
Ep 1286 | 드론5 목적지50 |  604스텝 | 배송 50/50 | 재적재  8 | 중계율 0.22 | alpha 0.001 | complete
Ep 1287 | 드론5 목적지36 |  415스텝 | 배송 36/36 | 재적재  5 | 중계율 0.13 | alpha 0.001 | complete
Ep 1288 | 드론3 목적지32 | 1000스텝 | 배송 30/32 | 재적재  5 | 중계율 0.31 | alpha 0.001 | step_limit
Ep 1289 | 드론3 목적지51 | 1000스텝 | 배송 50/51 | 재적재 10 | 중계율 0.24 | alpha 0.001 | step_limit
Ep 1290 | 드론3 목적지56 | 1000스텝 | 배송 50/56 | 재적재  8 | 중계율 0.30 | alpha 0.001 | step_limit
Ep 1291 | 드론3 목적지33 |  634스텝 | 배송 33/33 | 재적재  4 | 중계율 0.23 | alpha 0.001 | complete
Ep 1292 | 드론4 목적지48 |  678스텝 | 배송 48/48 | 재적재  8 | 중계율 0.26 | alpha 0.001 | complete
Ep 1293 | 드론3 목적지27 |  720스텝 | 배송 27/27 | 재적재  4 | 중계율 0.24 | alpha 0.001 | complete
Ep 1294 | 드론6 목적지72 |  848스텝 | 배송 72/72 | 재적재 11 | 중계율 0.17 | alpha 0.001 | complete
Ep 1295 | 드론5 목적지38 |  583스텝 | 배송 38/38 | 재적재  5 | 중계율 0.15 | alpha 0.001 | complete
Ep 1296 | 드론4 목적지47 |  598스텝 | 배송 47/47 | 재적재  8 | 중계율 0.15 | alpha 0.001 | complete
Ep 1297 | 드론4 목적지44 |  499스텝 | 배송 44/44 | 재적재  7 | 중계율 0.13 | alpha 0.001 | complete
Ep 1298 | 드론4 목적지29 |  462스텝 | 배송 29/29 | 재적재  4 | 중계율 0.13 | alpha 0.001 | complete
Ep 1299 | 드론6 목적지55 |  687스텝 | 배송 55/55 | 재적재  9 | 중계율 0.17 | alpha 0.001 | complete
Ep 1300 | 드론5 목적지49 |  922스텝 | 배송 49/49 | 재적재  8 | 중계율 0.23 | alpha 0.001 | complete
  [홀드아웃] 배송 49.9±0.7 완주 0.96 스텝 1076 점수 102.7 재적재 8.1 2홉+ 0.59 | 최고 104.2@ep1100 정체 4/15
Ep 1301 | 드론5 목적지22 |  399스텝 | 배송 22/22 | 재적재  3 | 중계율 0.17 | alpha 0.001 | complete
Ep 1302 | 드론5 목적지46 |  452스텝 | 배송 46/46 | 재적재  6 | 중계율 0.11 | alpha 0.001 | complete
Ep 1303 | 드론5 목적지51 |  656스텝 | 배송 51/51 | 재적재  7 | 중계율 0.08 | alpha 0.001 | complete
Ep 1304 | 드론6 목적지41 |  363스텝 | 배송 41/41 | 재적재  5 | 중계율 0.08 | alpha 0.001 | complete
Ep 1305 | 드론6 목적지56 |  500스텝 | 배송 56/56 | 재적재 10 | 중계율 0.11 | alpha 0.001 | complete
Ep 1306 | 드론5 목적지51 |  585스텝 | 배송 51/51 | 재적재  8 | 중계율 0.15 | alpha 0.001 | complete
Ep 1307 | 드론3 목적지52 | 1000스텝 | 배송 50/52 | 재적재  9 | 중계율 0.35 | alpha 0.001 | step_limit
Ep 1308 | 드론5 목적지44 |  436스텝 | 배송 44/44 | 재적재  8 | 중계율 0.11 | alpha 0.001 | complete
Ep 1309 | 드론6 목적지65 |  520스텝 | 배송 65/65 | 재적재  8 | 중계율 0.12 | alpha 0.001 | complete
Ep 1310 | 드론4 목적지20 |  312스텝 | 배송 20/20 | 재적재  2 | 중계율 0.17 | alpha 0.001 | complete
Ep 1311 | 드론6 목적지70 |  907스텝 | 배송 70/70 | 재적재 10 | 중계율 0.23 | alpha 0.001 | complete
Ep 1312 | 드론4 목적지38 |  442스텝 | 배송 38/38 | 재적재  5 | 중계율 0.13 | alpha 0.001 | complete
Ep 1313 | 드론3 목적지39 |  596스텝 | 배송 39/39 | 재적재  6 | 중계율 0.14 | alpha 0.001 | complete
Ep 1314 | 드론3 목적지59 | 1000스텝 | 배송 52/59 | 재적재  9 | 중계율 0.19 | alpha 0.001 | step_limit
Ep 1315 | 드론5 목적지65 |  798스텝 | 배송 65/65 | 재적재 11 | 중계율 0.16 | alpha 0.001 | complete
Ep 1316 | 드론6 목적지67 |  595스텝 | 배송 67/67 | 재적재 11 | 중계율 0.13 | alpha 0.001 | complete
Ep 1317 | 드론4 목적지73 |  998스텝 | 배송 73/73 | 재적재 12 | 중계율 0.25 | alpha 0.001 | complete
Ep 1318 | 드론4 목적지24 |  358스텝 | 배송 24/24 | 재적재  2 | 중계율 0.15 | alpha 0.001 | complete
Ep 1319 | 드론4 목적지31 | 1000스텝 | 배송 30/31 | 재적재  5 | 중계율 0.16 | alpha 0.001 | step_limit
Ep 1320 | 드론6 목적지47 |  435스텝 | 배송 47/47 | 재적재  6 | 중계율 0.10 | alpha 0.001 | complete
Ep 1321 | 드론4 목적지75 |  865스텝 | 배송 75/75 | 재적재 14 | 중계율 0.16 | alpha 0.001 | complete
Ep 1322 | 드론4 목적지49 |  625스텝 | 배송 49/49 | 재적재  8 | 중계율 0.20 | alpha 0.001 | complete
Ep 1323 | 드론5 목적지75 |  794스텝 | 배송 75/75 | 재적재 14 | 중계율 0.18 | alpha 0.001 | complete
Ep 1324 | 드론3 목적지46 |  815스텝 | 배송 46/46 | 재적재  7 | 중계율 0.27 | alpha 0.001 | complete
Ep 1325 | 드론3 목적지59 | 1000스텝 | 배송 45/59 | 재적재  8 | 중계율 0.28 | alpha 0.001 | step_limit
Ep 1326 | 드론3 목적지44 |  911스텝 | 배송 44/44 | 재적재  7 | 중계율 0.32 | alpha 0.001 | complete
Ep 1327 | 드론5 목적지32 |  282스텝 | 배송 32/32 | 재적재  4 | 중계율 0.11 | alpha 0.001 | complete
Ep 1328 | 드론6 목적지45 |  418스텝 | 배송 45/45 | 재적재  6 | 중계율 0.17 | alpha 0.001 | complete
Ep 1329 | 드론4 목적지41 |  994스텝 | 배송 41/41 | 재적재  6 | 중계율 0.30 | alpha 0.001 | complete
Ep 1330 | 드론5 목적지65 | 1000스텝 | 배송 62/65 | 재적재 11 | 중계율 0.23 | alpha 0.001 | step_limit
Ep 1331 | 드론6 목적지74 | 1000스텝 | 배송 72/74 | 재적재 11 | 중계율 0.22 | alpha 0.001 | step_limit
Ep 1332 | 드론3 목적지35 |  712스텝 | 배송 35/35 | 재적재  6 | 중계율 0.24 | alpha 0.001 | complete
Ep 1333 | 드론3 목적지77 | 1000스텝 | 배송 65/77 | 재적재 11 | 중계율 0.33 | alpha 0.001 | step_limit
Ep 1334 | 드론4 목적지64 | 1000스텝 | 배송 59/64 | 재적재 10 | 중계율 0.25 | alpha 0.001 | step_limit
Ep 1335 | 드론6 목적지58 |  592스텝 | 배송 58/58 | 재적재  8 | 중계율 0.12 | alpha 0.001 | complete
Ep 1336 | 드론4 목적지56 |  893스텝 | 배송 56/56 | 재적재 11 | 중계율 0.25 | alpha 0.001 | complete
Ep 1337 | 드론5 목적지58 | 1000스텝 | 배송 49/58 | 재적재  8 | 중계율 0.26 | alpha 0.001 | step_limit
Ep 1338 | 드론6 목적지52 |  490스텝 | 배송 52/52 | 재적재  8 | 중계율 0.12 | alpha 0.001 | complete
Ep 1339 | 드론4 목적지66 |  804스텝 | 배송 66/66 | 재적재 11 | 중계율 0.16 | alpha 0.001 | complete
Ep 1340 | 드론5 목적지72 |  635스텝 | 배송 72/72 | 재적재 11 | 중계율 0.15 | alpha 0.001 | complete
Ep 1341 | 드론5 목적지37 |  585스텝 | 배송 37/37 | 재적재  4 | 중계율 0.24 | alpha 0.001 | complete
Ep 1342 | 드론5 목적지72 |  680스텝 | 배송 72/72 | 재적재 13 | 중계율 0.13 | alpha 0.001 | complete
Ep 1343 | 드론3 목적지73 | 1000스텝 | 배송 54/73 | 재적재  9 | 중계율 0.33 | alpha 0.001 | step_limit
Ep 1344 | 드론5 목적지34 |  640스텝 | 배송 34/34 | 재적재  6 | 중계율 0.25 | alpha 0.001 | complete
Ep 1345 | 드론6 목적지41 |  347스텝 | 배송 41/41 | 재적재  6 | 중계율 0.11 | alpha 0.001 | complete
Ep 1346 | 드론6 목적지33 |  372스텝 | 배송 33/33 | 재적재  4 | 중계율 0.16 | alpha 0.001 | complete
Ep 1347 | 드론3 목적지42 | 1000스텝 | 배송 41/42 | 재적재  8 | 중계율 0.30 | alpha 0.001 | step_limit
Ep 1348 | 드론3 목적지65 |  807스텝 | 배송 65/65 | 재적재 11 | 중계율 0.20 | alpha 0.001 | complete
Ep 1349 | 드론3 목적지21 |  322스텝 | 배송 21/21 | 재적재  3 | 중계율 0.09 | alpha 0.001 | complete
Ep 1350 | 드론6 목적지56 |  387스텝 | 배송 56/56 | 재적재  9 | 중계율 0.10 | alpha 0.001 | complete
  [홀드아웃] 배송 49.8±1.1 완주 0.94 스텝 1042 점수 100.3 재적재 7.8 2홉+ 0.59 | 최고 104.2@ep1100 정체 5/15
Ep 1351 | 드론6 목적지56 |  447스텝 | 배송 56/56 | 재적재  7 | 중계율 0.11 | alpha 0.001 | complete
Ep 1352 | 드론5 목적지20 |  275스텝 | 배송 20/20 | 재적재  2 | 중계율 0.13 | alpha 0.001 | complete
Ep 1353 | 드론4 목적지25 |  316스텝 | 배송 25/25 | 재적재  4 | 중계율 0.13 | alpha 0.001 | complete
Ep 1354 | 드론4 목적지58 | 1000스텝 | 배송 57/58 | 재적재 10 | 중계율 0.16 | alpha 0.001 | step_limit
Ep 1355 | 드론6 목적지79 |  834스텝 | 배송 79/79 | 재적재 14 | 중계율 0.13 | alpha 0.001 | complete
Ep 1356 | 드론6 목적지38 |  476스텝 | 배송 38/38 | 재적재  5 | 중계율 0.19 | alpha 0.001 | complete
Ep 1357 | 드론6 목적지63 |  564스텝 | 배송 63/63 | 재적재 10 | 중계율 0.13 | alpha 0.001 | complete
Ep 1358 | 드론6 목적지28 |  399스텝 | 배송 28/28 | 재적재  3 | 중계율 0.17 | alpha 0.001 | complete
Ep 1359 | 드론5 목적지39 |  480스텝 | 배송 39/39 | 재적재  5 | 중계율 0.12 | alpha 0.001 | complete
Ep 1360 | 드론6 목적지43 |  422스텝 | 배송 43/43 | 재적재  5 | 중계율 0.11 | alpha 0.001 | complete
Ep 1361 | 드론3 목적지44 |  877스텝 | 배송 44/44 | 재적재  7 | 중계율 0.28 | alpha 0.001 | complete
Ep 1362 | 드론3 목적지35 |  690스텝 | 배송 35/35 | 재적재  5 | 중계율 0.22 | alpha 0.001 | complete
Ep 1363 | 드론5 목적지40 |  497스텝 | 배송 40/40 | 재적재  6 | 중계율 0.17 | alpha 0.001 | complete
Ep 1364 | 드론5 목적지38 |  672스텝 | 배송 38/38 | 재적재  5 | 중계율 0.22 | alpha 0.001 | complete
Ep 1365 | 드론5 목적지73 |  906스텝 | 배송 73/73 | 재적재 13 | 중계율 0.22 | alpha 0.001 | complete
Ep 1366 | 드론4 목적지38 |  823스텝 | 배송 38/38 | 재적재  5 | 중계율 0.37 | alpha 0.001 | complete
Ep 1367 | 드론4 목적지73 | 1000스텝 | 배송 70/73 | 재적재 12 | 중계율 0.26 | alpha 0.001 | step_limit
Ep 1368 | 드론5 목적지30 |  365스텝 | 배송 30/30 | 재적재  5 | 중계율 0.14 | alpha 0.001 | complete
Ep 1369 | 드론3 목적지47 |  854스텝 | 배송 47/47 | 재적재  8 | 중계율 0.29 | alpha 0.001 | complete
Ep 1370 | 드론5 목적지24 |  293스텝 | 배송 24/24 | 재적재  1 | 중계율 0.12 | alpha 0.001 | complete
Ep 1371 | 드론3 목적지27 |  446스텝 | 배송 27/27 | 재적재  4 | 중계율 0.17 | alpha 0.001 | complete
Ep 1372 | 드론6 목적지58 |  621스텝 | 배송 58/58 | 재적재  8 | 중계율 0.18 | alpha 0.001 | complete
Ep 1373 | 드론5 목적지62 | 1000스텝 | 배송 59/62 | 재적재 10 | 중계율 0.21 | alpha 0.001 | step_limit
Ep 1374 | 드론3 목적지38 | 1000스텝 | 배송 35/38 | 재적재  6 | 중계율 0.31 | alpha 0.001 | step_limit
Ep 1375 | 드론3 목적지21 |  433스텝 | 배송 21/21 | 재적재  3 | 중계율 0.15 | alpha 0.001 | complete
Ep 1376 | 드론5 목적지61 |  870스텝 | 배송 61/61 | 재적재 11 | 중계율 0.23 | alpha 0.001 | complete
Ep 1377 | 드론6 목적지41 |  489스텝 | 배송 41/41 | 재적재  5 | 중계율 0.17 | alpha 0.001 | complete
Ep 1378 | 드론5 목적지55 |  594스텝 | 배송 55/55 | 재적재  9 | 중계율 0.15 | alpha 0.001 | complete
Ep 1379 | 드론6 목적지27 |  387스텝 | 배송 27/27 | 재적재  3 | 중계율 0.12 | alpha 0.001 | complete
Ep 1380 | 드론5 목적지22 |  415스텝 | 배송 22/22 | 재적재  4 | 중계율 0.24 | alpha 0.001 | complete
Ep 1381 | 드론5 목적지42 |  568스텝 | 배송 42/42 | 재적재  7 | 중계율 0.17 | alpha 0.001 | complete
Ep 1382 | 드론4 목적지57 |  843스텝 | 배송 57/57 | 재적재 10 | 중계율 0.17 | alpha 0.001 | complete
Ep 1383 | 드론5 목적지22 |  505스텝 | 배송 22/22 | 재적재  1 | 중계율 0.25 | alpha 0.001 | complete
Ep 1384 | 드론5 목적지66 |  573스텝 | 배송 66/66 | 재적재 12 | 중계율 0.13 | alpha 0.001 | complete
Ep 1385 | 드론3 목적지70 | 1000스텝 | 배송 64/70 | 재적재 10 | 중계율 0.28 | alpha 0.001 | step_limit
Ep 1386 | 드론6 목적지25 |  253스텝 | 배송 25/25 | 재적재  3 | 중계율 0.10 | alpha 0.001 | complete
Ep 1387 | 드론4 목적지74 | 1000스텝 | 배송 64/74 | 재적재 11 | 중계율 0.29 | alpha 0.001 | step_limit
Ep 1388 | 드론6 목적지21 |  184스텝 | 배송 21/21 | 재적재  0 | 중계율 0.12 | alpha 0.001 | complete
Ep 1389 | 드론5 목적지63 |  585스텝 | 배송 63/63 | 재적재 10 | 중계율 0.15 | alpha 0.001 | complete
Ep 1390 | 드론5 목적지26 |  650스텝 | 배송 26/26 | 재적재  2 | 중계율 0.22 | alpha 0.001 | complete
Ep 1391 | 드론3 목적지78 | 1000스텝 | 배송 74/78 | 재적재 13 | 중계율 0.23 | alpha 0.001 | step_limit
Ep 1392 | 드론4 목적지49 | 1000스텝 | 배송 46/49 | 재적재  6 | 중계율 0.31 | alpha 0.001 | step_limit
Ep 1393 | 드론5 목적지68 | 1000스텝 | 배송 61/68 | 재적재  9 | 중계율 0.30 | alpha 0.001 | step_limit
Ep 1394 | 드론6 목적지22 |  311스텝 | 배송 22/22 | 재적재  2 | 중계율 0.20 | alpha 0.001 | complete
Ep 1395 | 드론4 목적지61 |  620스텝 | 배송 61/61 | 재적재 10 | 중계율 0.19 | alpha 0.001 | complete
Ep 1396 | 드론6 목적지43 |  501스텝 | 배송 43/43 | 재적재  5 | 중계율 0.14 | alpha 0.001 | complete
Ep 1397 | 드론5 목적지71 |  736스텝 | 배송 71/71 | 재적재 13 | 중계율 0.17 | alpha 0.001 | complete
Ep 1398 | 드론4 목적지47 |  867스텝 | 배송 47/47 | 재적재  7 | 중계율 0.22 | alpha 0.001 | complete
Ep 1399 | 드론6 목적지40 |  402스텝 | 배송 40/40 | 재적재  5 | 중계율 0.11 | alpha 0.001 | complete
Ep 1400 | 드론6 목적지23 |  276스텝 | 배송 23/23 | 재적재  1 | 중계율 0.17 | alpha 0.001 | complete
  [홀드아웃] 배송 50.0±0.3 완주 0.97 스텝 972 점수 104.3 재적재 8.0 2홉+ 0.60 | 최고 104.3@ep1400 정체 0/15  ← 갱신
Ep 1401 | 드론6 목적지27 |  395스텝 | 배송 27/27 | 재적재  2 | 중계율 0.16 | alpha 0.001 | complete
Ep 1402 | 드론6 목적지78 |  671스텝 | 배송 78/78 | 재적재 13 | 중계율 0.14 | alpha 0.001 | complete
Ep 1403 | 드론5 목적지51 |  574스텝 | 배송 51/51 | 재적재  8 | 중계율 0.15 | alpha 0.001 | complete
Ep 1404 | 드론3 목적지29 |  771스텝 | 배송 29/29 | 재적재  5 | 중계율 0.31 | alpha 0.001 | complete
Ep 1405 | 드론5 목적지28 |  659스텝 | 배송 28/28 | 재적재  3 | 중계율 0.30 | alpha 0.001 | complete
Ep 1406 | 드론3 목적지57 | 1000스텝 | 배송 55/57 | 재적재  9 | 중계율 0.34 | alpha 0.001 | step_limit
Ep 1407 | 드론5 목적지34 |  394스텝 | 배송 34/34 | 재적재  5 | 중계율 0.14 | alpha 0.001 | complete
Ep 1408 | 드론4 목적지68 | 1000스텝 | 배송 59/68 | 재적재 10 | 중계율 0.17 | alpha 0.001 | step_limit
Ep 1409 | 드론6 목적지23 |  292스텝 | 배송 23/23 | 재적재  3 | 중계율 0.11 | alpha 0.001 | complete
Ep 1410 | 드론6 목적지62 |  503스텝 | 배송 62/62 | 재적재 10 | 중계율 0.14 | alpha 0.001 | complete
Ep 1411 | 드론4 목적지48 |  948스텝 | 배송 48/48 | 재적재  7 | 중계율 0.27 | alpha 0.001 | complete
Ep 1412 | 드론5 목적지20 |  179스텝 | 배송 20/20 | 재적재  0 | 중계율 0.04 | alpha 0.001 | complete
Ep 1413 | 드론4 목적지60 | 1000스텝 | 배송 54/60 | 재적재  8 | 중계율 0.34 | alpha 0.001 | step_limit
Ep 1414 | 드론6 목적지53 |  346스텝 | 배송 53/53 | 재적재  7 | 중계율 0.09 | alpha 0.001 | complete
Ep 1415 | 드론4 목적지56 | 1000스텝 | 배송 55/56 | 재적재  8 | 중계율 0.30 | alpha 0.001 | step_limit
Ep 1416 | 드론3 목적지40 |  783스텝 | 배송 40/40 | 재적재  6 | 중계율 0.36 | alpha 0.001 | complete
Ep 1417 | 드론5 목적지48 |  447스텝 | 배송 48/48 | 재적재  8 | 중계율 0.11 | alpha 0.001 | complete
Ep 1418 | 드론4 목적지54 |  618스텝 | 배송 54/54 | 재적재 10 | 중계율 0.17 | alpha 0.001 | complete
Ep 1419 | 드론3 목적지45 |  992스텝 | 배송 45/45 | 재적재  7 | 중계율 0.31 | alpha 0.001 | complete
Ep 1420 | 드론3 목적지56 | 1000스텝 | 배송 55/56 | 재적재 10 | 중계율 0.22 | alpha 0.001 | step_limit
Ep 1421 | 드론3 목적지28 |  575스텝 | 배송 28/28 | 재적재  4 | 중계율 0.12 | alpha 0.001 | complete
Ep 1422 | 드론5 목적지56 |  600스텝 | 배송 56/56 | 재적재  9 | 중계율 0.16 | alpha 0.001 | complete
Ep 1423 | 드론3 목적지42 |  951스텝 | 배송 42/42 | 재적재  7 | 중계율 0.25 | alpha 0.001 | complete
Ep 1424 | 드론5 목적지22 |  296스텝 | 배송 22/22 | 재적재  1 | 중계율 0.14 | alpha 0.001 | complete
Ep 1425 | 드론3 목적지29 |  519스텝 | 배송 29/29 | 재적재  3 | 중계율 0.24 | alpha 0.001 | complete
Ep 1426 | 드론4 목적지41 |  614스텝 | 배송 41/41 | 재적재  6 | 중계율 0.17 | alpha 0.001 | complete
Ep 1427 | 드론3 목적지20 |  523스텝 | 배송 20/20 | 재적재  3 | 중계율 0.12 | alpha 0.001 | complete
Ep 1428 | 드론5 목적지77 |  986스텝 | 배송 77/77 | 재적재 14 | 중계율 0.21 | alpha 0.001 | complete
Ep 1429 | 드론4 목적지27 | 1000스텝 | 배송 20/27 | 재적재  3 | 중계율 0.31 | alpha 0.001 | step_limit
Ep 1430 | 드론6 목적지79 |  647스텝 | 배송 79/79 | 재적재 13 | 중계율 0.10 | alpha 0.001 | complete
Ep 1431 | 드론4 목적지49 |  934스텝 | 배송 49/49 | 재적재  8 | 중계율 0.25 | alpha 0.001 | complete
Ep 1432 | 드론6 목적지57 |  505스텝 | 배송 57/57 | 재적재  9 | 중계율 0.14 | alpha 0.001 | complete
Ep 1433 | 드론4 목적지68 |  979스텝 | 배송 68/68 | 재적재 11 | 중계율 0.25 | alpha 0.001 | complete
Ep 1434 | 드론6 목적지45 |  449스텝 | 배송 45/45 | 재적재  5 | 중계율 0.10 | alpha 0.001 | complete
Ep 1435 | 드론4 목적지73 |  968스텝 | 배송 73/73 | 재적재 13 | 중계율 0.22 | alpha 0.001 | complete
Ep 1436 | 드론6 목적지30 |  283스텝 | 배송 30/30 | 재적재  3 | 중계율 0.09 | alpha 0.001 | complete
Ep 1437 | 드론6 목적지64 |  590스텝 | 배송 64/64 | 재적재  9 | 중계율 0.13 | alpha 0.001 | complete
Ep 1438 | 드론4 목적지36 |  896스텝 | 배송 36/36 | 재적재  7 | 중계율 0.30 | alpha 0.001 | complete
Ep 1439 | 드론3 목적지50 |  780스텝 | 배송 50/50 | 재적재  9 | 중계율 0.16 | alpha 0.001 | complete
Ep 1440 | 드론5 목적지33 |  578스텝 | 배송 33/33 | 재적재  4 | 중계율 0.23 | alpha 0.001 | complete
Ep 1441 | 드론6 목적지72 | 1000스텝 | 배송 70/72 | 재적재 11 | 중계율 0.19 | alpha 0.001 | step_limit
Ep 1442 | 드론4 목적지54 | 1000스텝 | 배송 53/54 | 재적재  9 | 중계율 0.23 | alpha 0.001 | step_limit
Ep 1443 | 드론6 목적지38 |  378스텝 | 배송 38/38 | 재적재  4 | 중계율 0.06 | alpha 0.001 | complete
Ep 1444 | 드론3 목적지56 | 1000스텝 | 배송 55/56 | 재적재 10 | 중계율 0.31 | alpha 0.001 | step_limit
Ep 1445 | 드론5 목적지70 |  590스텝 | 배송 70/70 | 재적재 12 | 중계율 0.13 | alpha 0.001 | complete
Ep 1446 | 드론5 목적지62 |  543스텝 | 배송 62/62 | 재적재 10 | 중계율 0.14 | alpha 0.001 | complete
Ep 1447 | 드론5 목적지41 |  461스텝 | 배송 41/41 | 재적재  5 | 중계율 0.12 | alpha 0.001 | complete
Ep 1448 | 드론5 목적지39 |  734스텝 | 배송 39/39 | 재적재  6 | 중계율 0.22 | alpha 0.001 | complete
Ep 1449 | 드론4 목적지27 |  616스텝 | 배송 27/27 | 재적재  3 | 중계율 0.28 | alpha 0.001 | complete
Ep 1450 | 드론3 목적지77 | 1000스텝 | 배송 70/77 | 재적재 12 | 중계율 0.29 | alpha 0.001 | step_limit
  [홀드아웃] 배송 49.8±0.7 완주 0.93 스텝 1021 점수 99.1 재적재 8.0 2홉+ 0.60 | 최고 104.3@ep1400 정체 1/15
Ep 1451 | 드론3 목적지40 |  896스텝 | 배송 40/40 | 재적재  7 | 중계율 0.31 | alpha 0.001 | complete
Ep 1452 | 드론5 목적지30 |  600스텝 | 배송 30/30 | 재적재  4 | 중계율 0.20 | alpha 0.001 | complete
Ep 1453 | 드론6 목적지49 |  535스텝 | 배송 49/49 | 재적재  7 | 중계율 0.19 | alpha 0.001 | complete
Ep 1454 | 드론6 목적지33 |  347스텝 | 배송 33/33 | 재적재  3 | 중계율 0.13 | alpha 0.001 | complete
Ep 1455 | 드론5 목적지25 |  247스텝 | 배송 25/25 | 재적재  3 | 중계율 0.09 | alpha 0.001 | complete
Ep 1456 | 드론6 목적지50 |  710스텝 | 배송 50/50 | 재적재  7 | 중계율 0.22 | alpha 0.001 | complete
Ep 1457 | 드론5 목적지29 |  302스텝 | 배송 29/29 | 재적재  4 | 중계율 0.07 | alpha 0.001 | complete
Ep 1458 | 드론6 목적지38 |  306스텝 | 배송 38/38 | 재적재  5 | 중계율 0.09 | alpha 0.001 | complete
Ep 1459 | 드론6 목적지32 |  301스텝 | 배송 32/32 | 재적재  4 | 중계율 0.09 | alpha 0.001 | complete
Ep 1460 | 드론5 목적지80 |  939스텝 | 배송 80/80 | 재적재 15 | 중계율 0.17 | alpha 0.001 | complete
Ep 1461 | 드론6 목적지27 |  328스텝 | 배송 27/27 | 재적재  1 | 중계율 0.06 | alpha 0.001 | complete
Ep 1462 | 드론6 목적지36 |  458스텝 | 배송 36/36 | 재적재  5 | 중계율 0.14 | alpha 0.001 | complete
Ep 1463 | 드론5 목적지60 |  887스텝 | 배송 60/60 | 재적재 10 | 중계율 0.19 | alpha 0.001 | complete
Ep 1464 | 드론6 목적지58 |  471스텝 | 배송 58/58 | 재적재  9 | 중계율 0.11 | alpha 0.001 | complete
Ep 1465 | 드론6 목적지37 |  477스텝 | 배송 37/37 | 재적재  3 | 중계율 0.16 | alpha 0.001 | complete
Ep 1466 | 드론5 목적지47 |  523스텝 | 배송 47/47 | 재적재  7 | 중계율 0.12 | alpha 0.001 | complete
Ep 1467 | 드론5 목적지71 |  770스텝 | 배송 71/71 | 재적재 13 | 중계율 0.15 | alpha 0.001 | complete
Ep 1468 | 드론3 목적지45 |  834스텝 | 배송 45/45 | 재적재  7 | 중계율 0.26 | alpha 0.001 | complete
Ep 1469 | 드론4 목적지41 |  552스텝 | 배송 41/41 | 재적재  5 | 중계율 0.15 | alpha 0.001 | complete
Ep 1470 | 드론3 목적지56 | 1000스텝 | 배송 54/56 | 재적재 10 | 중계율 0.32 | alpha 0.001 | step_limit
Ep 1471 | 드론3 목적지22 |  415스텝 | 배송 22/22 | 재적재  3 | 중계율 0.14 | alpha 0.001 | complete
Ep 1472 | 드론6 목적지80 |  535스텝 | 배송 80/80 | 재적재 12 | 중계율 0.10 | alpha 0.001 | complete
Ep 1473 | 드론4 목적지28 |  563스텝 | 배송 28/28 | 재적재  3 | 중계율 0.21 | alpha 0.001 | complete
Ep 1474 | 드론3 목적지61 | 1000스텝 | 배송 49/61 | 재적재  9 | 중계율 0.30 | alpha 0.001 | step_limit
Ep 1475 | 드론3 목적지45 | 1000스텝 | 배송 41/45 | 재적재  6 | 중계율 0.22 | alpha 0.001 | step_limit
Ep 1476 | 드론3 목적지31 |  755스텝 | 배송 31/31 | 재적재  5 | 중계율 0.28 | alpha 0.001 | complete
Ep 1477 | 드론5 목적지26 |  428스텝 | 배송 26/26 | 재적재  4 | 중계율 0.17 | alpha 0.001 | complete
Ep 1478 | 드론6 목적지23 |  206스텝 | 배송 23/23 | 재적재  0 | 중계율 0.09 | alpha 0.001 | complete
Ep 1479 | 드론5 목적지70 |  985스텝 | 배송 70/70 | 재적재 12 | 중계율 0.22 | alpha 0.001 | complete
Ep 1480 | 드론5 목적지41 |  438스텝 | 배송 41/41 | 재적재  5 | 중계율 0.14 | alpha 0.001 | complete
Ep 1481 | 드론5 목적지28 |  341스텝 | 배송 28/28 | 재적재  3 | 중계율 0.10 | alpha 0.001 | complete
Ep 1482 | 드론6 목적지47 |  321스텝 | 배송 47/47 | 재적재  6 | 중계율 0.08 | alpha 0.001 | complete
Ep 1483 | 드론5 목적지26 |  365스텝 | 배송 26/26 | 재적재  3 | 중계율 0.17 | alpha 0.001 | complete
Ep 1484 | 드론6 목적지39 |  471스텝 | 배송 39/39 | 재적재  5 | 중계율 0.15 | alpha 0.001 | complete
Ep 1485 | 드론5 목적지75 |  598스텝 | 배송 75/75 | 재적재 13 | 중계율 0.09 | alpha 0.001 | complete
Ep 1486 | 드론6 목적지80 |  726스텝 | 배송 80/80 | 재적재 13 | 중계율 0.17 | alpha 0.001 | complete
Ep 1487 | 드론5 목적지54 |  640스텝 | 배송 54/54 | 재적재  8 | 중계율 0.23 | alpha 0.001 | complete
Ep 1488 | 드론6 목적지72 |  800스텝 | 배송 72/72 | 재적재 11 | 중계율 0.18 | alpha 0.001 | complete
Ep 1489 | 드론4 목적지64 | 1000스텝 | 배송 58/64 | 재적재 10 | 중계율 0.32 | alpha 0.001 | step_limit
Ep 1490 | 드론4 목적지49 |  738스텝 | 배송 49/49 | 재적재  9 | 중계율 0.13 | alpha 0.001 | complete
Ep 1491 | 드론3 목적지68 | 1000스텝 | 배송 58/68 | 재적재 10 | 중계율 0.34 | alpha 0.001 | step_limit
Ep 1492 | 드론6 목적지75 |  519스텝 | 배송 75/75 | 재적재 11 | 중계율 0.10 | alpha 0.001 | complete
Ep 1493 | 드론3 목적지28 |  442스텝 | 배송 28/28 | 재적재  3 | 중계율 0.18 | alpha 0.001 | complete
Ep 1494 | 드론6 목적지60 |  506스텝 | 배송 60/60 | 재적재  9 | 중계율 0.13 | alpha 0.001 | complete
Ep 1495 | 드론5 목적지56 |  425스텝 | 배송 56/56 | 재적재  9 | 중계율 0.09 | alpha 0.001 | complete
Ep 1496 | 드론5 목적지62 |  734스텝 | 배송 62/62 | 재적재 11 | 중계율 0.18 | alpha 0.001 | complete
Ep 1497 | 드론3 목적지76 | 1000스텝 | 배송 65/76 | 재적재 12 | 중계율 0.29 | alpha 0.001 | step_limit
Ep 1498 | 드론3 목적지55 |  953스텝 | 배송 55/55 | 재적재 10 | 중계율 0.20 | alpha 0.001 | complete
Ep 1499 | 드론4 목적지28 |  449스텝 | 배송 28/28 | 재적재  4 | 중계율 0.16 | alpha 0.001 | complete
Ep 1500 | 드론5 목적지24 |  322스텝 | 배송 24/24 | 재적재  3 | 중계율 0.10 | alpha 0.001 | complete
  [홀드아웃] 배송 49.6±1.6 완주 0.91 스텝 993 점수 97.9 재적재 7.9 2홉+ 0.60 | 최고 104.3@ep1400 정체 2/15
Training finished. best=104.3 @ ep1400
