/home/kopt/enter/envs/wsl_neuroMCTS/lib/python3.10/site-packages/pygame/pkgdata.py:25: UserWarning: pkg_resources is deprecated as an API. See https://setuptools.pypa.io/en/latest/pkg_resources.html. The pkg_resources package is slated for removal as early as 2025-11-30. Refrain from using this package or pin to Setuptools<81.
  from pkg_resources import resource_stream, resource_exists
pygame 2.6.1 (SDL 2.28.4, Python 3.10.19)
Hello from the pygame community. https://www.pygame.org/contribute.html
집합 상위 학습 | 반경 300 상한 1000 무배송 500 gamma 0.997 구성=무작위 드론[3, 6] 목적지[20, 80] CC무작위 인스턴스=무작위 목표유지=off 완주보상=0.0 잔여페널티=0.1 규칙관측=False 규칙정규화=2.0 막힘페널티=0.0 도달권shaping=0.0 정체전환보상=0.0 엔트로피비=0.15->-1.0 자기회귀=True 홀드아웃상한=3000 선택=makespan
/home/kopt/drone/proposed_src/pipeline/train_v5_26_09_15_23.py:342: UserWarning: Converting a tensor with requires_grad=True to a scalar may lead to unexpected behavior.
Consider using tensor.detach() first. (Triggered internally at /pytorch/torch/csrc/autograd/generated/python_variable_methods.cpp:836.)
  writer.add_scalar("train/alpha", float(log_alpha.exp()), ep)
Ep 1 | 드론5 목적지43 | 1000스텝 | 배송 41/43 | 재적재  6 | 중계율 0.08 | alpha 0.100 | step_limit
Ep 2 | 드론4 목적지74 | 1000스텝 | 배송 69/74 | 재적재 13 | 중계율 0.09 | alpha 0.100 | step_limit
Ep 3 | 드론5 목적지43 | 1000스텝 | 배송 39/43 | 재적재  6 | 중계율 0.07 | alpha 0.100 | step_limit
Ep 4 | 드론4 목적지23 | 1000스텝 | 배송 19/23 | 재적재  1 | 중계율 0.12 | alpha 0.100 | step_limit
Ep 5 | 드론4 목적지31 |  696스텝 | 배송 31/31 | 재적재  5 | 중계율 0.22 | alpha 0.098 | complete
Ep 6 | 드론3 목적지68 | 1000스텝 | 배송 52/68 | 재적재  9 | 중계율 0.20 | alpha 0.095 | step_limit
Ep 7 | 드론6 목적지44 |  400스텝 | 배송 44/44 | 재적재  6 | 중계율 0.22 | alpha 0.095 | complete
Ep 8 | 드론6 목적지30 |  258스텝 | 배송 30/30 | 재적재  3 | 중계율 0.22 | alpha 0.095 | complete
Ep 9 | 드론6 목적지42 |  553스텝 | 배송 42/42 | 재적재  7 | 중계율 0.22 | alpha 0.096 | complete
Ep 10 | 드론6 목적지47 |  384스텝 | 배송 47/47 | 재적재  6 | 중계율 0.20 | alpha 0.097 | complete
Ep 11 | 드론5 목적지21 |  309스텝 | 배송 21/21 | 재적재  2 | 중계율 0.16 | alpha 0.098 | complete
Ep 12 | 드론3 목적지37 |  783스텝 | 배송 37/37 | 재적재  6 | 중계율 0.22 | alpha 0.101 | complete
Ep 13 | 드론6 목적지28 |  274스텝 | 배송 28/28 | 재적재  2 | 중계율 0.12 | alpha 0.102 | complete
Ep 14 | 드론3 목적지41 |  676스텝 | 배송 41/41 | 재적재  6 | 중계율 0.24 | alpha 0.104 | complete
Ep 15 | 드론3 목적지66 | 1000스텝 | 배송 61/66 | 재적재 10 | 중계율 0.28 | alpha 0.109 | step_limit
Ep 16 | 드론4 목적지71 | 1000스텝 | 배송 70/71 | 재적재 12 | 중계율 0.29 | alpha 0.114 | step_limit
Ep 17 | 드론4 목적지24 |  532스텝 | 배송 24/24 | 재적재  4 | 중계율 0.29 | alpha 0.117 | complete
Ep 18 | 드론5 목적지49 |  500스텝 | 배송 49/49 | 재적재  8 | 중계율 0.15 | alpha 0.119 | complete
Ep 19 | 드론6 목적지34 |  428스텝 | 배송 34/34 | 재적재  6 | 중계율 0.22 | alpha 0.121 | complete
Ep 20 | 드론3 목적지48 |  894스텝 | 배송 48/48 | 재적재  7 | 중계율 0.27 | alpha 0.126 | complete
Ep 21 | 드론4 목적지63 |  723스텝 | 배송 63/63 | 재적재 10 | 중계율 0.23 | alpha 0.130 | complete
Ep 22 | 드론6 목적지46 |  460스텝 | 배송 46/46 | 재적재  6 | 중계율 0.17 | alpha 0.132 | complete
Ep 23 | 드론3 목적지44 |  927스텝 | 배송 44/44 | 재적재  7 | 중계율 0.29 | alpha 0.136 | complete
Ep 24 | 드론5 목적지41 |  409스텝 | 배송 41/41 | 재적재  5 | 중계율 0.15 | alpha 0.138 | complete
Ep 25 | 드론5 목적지38 |  494스텝 | 배송 38/38 | 재적재  5 | 중계율 0.22 | alpha 0.139 | complete
Ep 26 | 드론5 목적지77 |  782스텝 | 배송 77/77 | 재적재 13 | 중계율 0.19 | alpha 0.141 | complete
Ep 27 | 드론3 목적지41 |  931스텝 | 배송 41/41 | 재적재  6 | 중계율 0.28 | alpha 0.142 | complete
Ep 28 | 드론5 목적지52 |  804스텝 | 배송 52/52 | 재적재  8 | 중계율 0.26 | alpha 0.142 | complete
Ep 29 | 드론5 목적지72 | 1000스텝 | 배송 61/72 | 재적재  8 | 중계율 0.24 | alpha 0.143 | step_limit
Ep 30 | 드론5 목적지61 |  817스텝 | 배송 61/61 | 재적재 10 | 중계율 0.27 | alpha 0.143 | complete
Ep 31 | 드론5 목적지45 |  459스텝 | 배송 45/45 | 재적재  8 | 중계율 0.13 | alpha 0.144 | complete
Ep 32 | 드론3 목적지68 | 1000스텝 | 배송 55/68 | 재적재 10 | 중계율 0.25 | alpha 0.147 | step_limit
Ep 33 | 드론3 목적지35 |  939스텝 | 배송 21/35 | 재적재  3 | 중계율 0.32 | alpha 0.149 | no_progress
Ep 34 | 드론3 목적지24 |  383스텝 | 배송 24/24 | 재적재  3 | 중계율 0.12 | alpha 0.150 | complete
Ep 35 | 드론3 목적지58 | 1000스텝 | 배송 47/58 | 재적재  8 | 중계율 0.23 | alpha 0.150 | step_limit
Ep 36 | 드론4 목적지64 |  914스텝 | 배송 64/64 | 재적재 10 | 중계율 0.27 | alpha 0.147 | complete
Ep 37 | 드론6 목적지58 | 1000스텝 | 배송 55/58 | 재적재  9 | 중계율 0.32 | alpha 0.146 | step_limit
Ep 38 | 드론3 목적지77 | 1000스텝 | 배송 61/77 | 재적재 11 | 중계율 0.31 | alpha 0.146 | step_limit
Ep 39 | 드론3 목적지28 |  552스텝 | 배송 28/28 | 재적재  4 | 중계율 0.29 | alpha 0.145 | complete
Ep 40 | 드론3 목적지37 |  673스텝 | 배송 37/37 | 재적재  7 | 중계율 0.21 | alpha 0.146 | complete
Ep 41 | 드론5 목적지59 |  624스텝 | 배송 59/59 | 재적재  9 | 중계율 0.14 | alpha 0.147 | complete
Ep 42 | 드론6 목적지58 |  482스텝 | 배송 58/58 | 재적재  9 | 중계율 0.19 | alpha 0.145 | complete
Ep 43 | 드론6 목적지20 |  243스텝 | 배송 20/20 | 재적재  1 | 중계율 0.18 | alpha 0.145 | complete
Ep 44 | 드론6 목적지30 |  228스텝 | 배송 30/30 | 재적재  3 | 중계율 0.12 | alpha 0.144 | complete
Ep 45 | 드론6 목적지39 |  403스텝 | 배송 39/39 | 재적재  5 | 중계율 0.16 | alpha 0.143 | complete
Ep 46 | 드론6 목적지32 |  298스텝 | 배송 32/32 | 재적재  5 | 중계율 0.14 | alpha 0.140 | complete
Ep 47 | 드론5 목적지35 |  883스텝 | 배송 24/35 | 재적재  3 | 중계율 0.29 | alpha 0.131 | no_progress
Ep 48 | 드론5 목적지39 |  528스텝 | 배송 39/39 | 재적재  5 | 중계율 0.24 | alpha 0.126 | complete
Ep 49 | 드론5 목적지47 |  665스텝 | 배송 47/47 | 재적재  7 | 중계율 0.22 | alpha 0.121 | complete
Ep 50 | 드론4 목적지72 | 1000스텝 | 배송 50/72 | 재적재  8 | 중계율 0.20 | alpha 0.113 | step_limit
  [홀드아웃] 배송 46.1±6.7 완주 0.61 스텝 1131 점수 67.5 재적재 7.1 2홉+ 0.65 | 최고 67.5@ep50 정체 0/15  ← 갱신
Ep 51 | 드론4 목적지71 | 1000스텝 | 배송 50/71 | 재적재  9 | 중계율 0.23 | alpha 0.106 | step_limit
Ep 52 | 드론4 목적지45 |  506스텝 | 배송 45/45 | 재적재  7 | 중계율 0.15 | alpha 0.103 | complete
Ep 53 | 드론6 목적지64 |  458스텝 | 배송 64/64 | 재적재 10 | 중계율 0.15 | alpha 0.099 | complete
Ep 54 | 드론5 목적지24 |  853스텝 | 배송 24/24 | 재적재  4 | 중계율 0.32 | alpha 0.093 | complete
Ep 55 | 드론6 목적지60 |  534스텝 | 배송 60/60 | 재적재 10 | 중계율 0.22 | alpha 0.089 | complete
Ep 56 | 드론6 목적지20 |  223스텝 | 배송 20/20 | 재적재  0 | 중계율 0.13 | alpha 0.087 | complete
Ep 57 | 드론5 목적지61 |  589스텝 | 배송 61/61 | 재적재 10 | 중계율 0.20 | alpha 0.082 | complete
Ep 58 | 드론5 목적지77 |  908스텝 | 배송 77/77 | 재적재 14 | 중계율 0.21 | alpha 0.076 | complete
Ep 59 | 드론5 목적지40 |  695스텝 | 배송 40/40 | 재적재  6 | 중계율 0.24 | alpha 0.071 | complete
Ep 60 | 드론3 목적지76 | 1000스텝 | 배송 64/76 | 재적재 11 | 중계율 0.28 | alpha 0.064 | step_limit
Ep 61 | 드론5 목적지66 |  646스텝 | 배송 66/66 | 재적재 12 | 중계율 0.21 | alpha 0.061 | complete
Ep 62 | 드론5 목적지43 |  594스텝 | 배송 43/43 | 재적재  7 | 중계율 0.21 | alpha 0.057 | complete
Ep 63 | 드론5 목적지57 |  627스텝 | 배송 57/57 | 재적재 10 | 중계율 0.18 | alpha 0.054 | complete
Ep 64 | 드론3 목적지52 | 1000스텝 | 배송 51/52 | 재적재  8 | 중계율 0.26 | alpha 0.049 | step_limit
Ep 65 | 드론5 목적지42 |  388스텝 | 배송 42/42 | 재적재  6 | 중계율 0.14 | alpha 0.048 | complete
Ep 66 | 드론4 목적지41 |  655스텝 | 배송 41/41 | 재적재  7 | 중계율 0.19 | alpha 0.045 | complete
Ep 67 | 드론5 목적지23 |  292스텝 | 배송 23/23 | 재적재  3 | 중계율 0.07 | alpha 0.044 | complete
Ep 68 | 드론5 목적지77 |  660스텝 | 배송 77/77 | 재적재 13 | 중계율 0.13 | alpha 0.041 | complete
Ep 69 | 드론4 목적지48 |  566스텝 | 배송 48/48 | 재적재  9 | 중계율 0.11 | alpha 0.039 | complete
Ep 70 | 드론3 목적지69 | 1000스텝 | 배송 55/69 | 재적재 11 | 중계율 0.24 | alpha 0.036 | step_limit
Ep 71 | 드론5 목적지34 |  466스텝 | 배송 34/34 | 재적재  5 | 중계율 0.15 | alpha 0.035 | complete
Ep 72 | 드론5 목적지61 | 1000스텝 | 배송 56/61 | 재적재  8 | 중계율 0.32 | alpha 0.033 | step_limit
Ep 73 | 드론6 목적지50 |  561스텝 | 배송 50/50 | 재적재  7 | 중계율 0.21 | alpha 0.031 | complete
Ep 74 | 드론4 목적지70 |  905스텝 | 배송 70/70 | 재적재 12 | 중계율 0.19 | alpha 0.029 | complete
Ep 75 | 드론6 목적지21 |  157스텝 | 배송 21/21 | 재적재  1 | 중계율 0.08 | alpha 0.029 | complete
Ep 76 | 드론3 목적지49 | 1000스텝 | 배송 45/49 | 재적재  7 | 중계율 0.29 | alpha 0.027 | step_limit
Ep 77 | 드론4 목적지67 | 1000스텝 | 배송 60/67 | 재적재 10 | 중계율 0.28 | alpha 0.025 | step_limit
Ep 78 | 드론3 목적지34 |  737스텝 | 배송 34/34 | 재적재  5 | 중계율 0.20 | alpha 0.024 | complete
Ep 79 | 드론5 목적지31 |  495스텝 | 배송 31/31 | 재적재  4 | 중계율 0.20 | alpha 0.023 | complete
Ep 80 | 드론3 목적지44 |  706스텝 | 배송 44/44 | 재적재  8 | 중계율 0.20 | alpha 0.022 | complete
Ep 81 | 드론6 목적지71 |  627스텝 | 배송 71/71 | 재적재 11 | 중계율 0.18 | alpha 0.021 | complete
Ep 82 | 드론4 목적지59 |  717스텝 | 배송 59/59 | 재적재 10 | 중계율 0.12 | alpha 0.020 | complete
Ep 83 | 드론6 목적지21 |  136스텝 | 배송 21/21 | 재적재  0 | 중계율 0.08 | alpha 0.020 | complete
Ep 84 | 드론4 목적지41 |  538스텝 | 배송 41/41 | 재적재  7 | 중계율 0.15 | alpha 0.019 | complete
Ep 85 | 드론5 목적지38 |  426스텝 | 배송 38/38 | 재적재  5 | 중계율 0.17 | alpha 0.019 | complete
Ep 86 | 드론5 목적지64 |  557스텝 | 배송 64/64 | 재적재 10 | 중계율 0.13 | alpha 0.018 | complete
Ep 87 | 드론5 목적지24 |  423스텝 | 배송 24/24 | 재적재  2 | 중계율 0.23 | alpha 0.018 | complete
Ep 88 | 드론5 목적지66 |  592스텝 | 배송 66/66 | 재적재 10 | 중계율 0.13 | alpha 0.017 | complete
Ep 89 | 드론6 목적지20 |  212스텝 | 배송 20/20 | 재적재  0 | 중계율 0.11 | alpha 0.017 | complete
Ep 90 | 드론6 목적지37 |  338스텝 | 배송 37/37 | 재적재  4 | 중계율 0.07 | alpha 0.016 | complete
Ep 91 | 드론4 목적지60 |  875스텝 | 배송 60/60 | 재적재 10 | 중계율 0.23 | alpha 0.016 | complete
Ep 92 | 드론3 목적지37 |  892스텝 | 배송 37/37 | 재적재  7 | 중계율 0.27 | alpha 0.015 | complete
Ep 93 | 드론4 목적지27 |  462스텝 | 배송 27/27 | 재적재  2 | 중계율 0.17 | alpha 0.014 | complete
Ep 94 | 드론4 목적지76 | 1000스텝 | 배송 70/76 | 재적재 12 | 중계율 0.21 | alpha 0.013 | step_limit
Ep 95 | 드론5 목적지30 |  354스텝 | 배송 30/30 | 재적재  4 | 중계율 0.11 | alpha 0.013 | complete
Ep 96 | 드론6 목적지34 |  391스텝 | 배송 34/34 | 재적재  4 | 중계율 0.19 | alpha 0.013 | complete
Ep 97 | 드론5 목적지35 |  525스텝 | 배송 35/35 | 재적재  4 | 중계율 0.21 | alpha 0.012 | complete
Ep 98 | 드론5 목적지39 |  347스텝 | 배송 39/39 | 재적재  6 | 중계율 0.07 | alpha 0.012 | complete
Ep 99 | 드론5 목적지69 | 1000스텝 | 배송 60/69 | 재적재 10 | 중계율 0.23 | alpha 0.011 | step_limit
Ep 100 | 드론6 목적지80 |  757스텝 | 배송 80/80 | 재적재 14 | 중계율 0.12 | alpha 0.011 | complete
  [홀드아웃] 배송 48.7±4.6 완주 0.86 스텝 1087 점수 92.6 재적재 8.1 2홉+ 0.64 | 최고 92.6@ep100 정체 0/15  ← 갱신
Ep 101 | 드론3 목적지62 | 1000스텝 | 배송 47/62 | 재적재  8 | 중계율 0.19 | alpha 0.010 | step_limit
Ep 102 | 드론4 목적지30 |  435스텝 | 배송 30/30 | 재적재  4 | 중계율 0.13 | alpha 0.010 | complete
Ep 103 | 드론5 목적지75 |  668스텝 | 배송 75/75 | 재적재 13 | 중계율 0.17 | alpha 0.010 | complete
Ep 104 | 드론4 목적지39 |  636스텝 | 배송 39/39 | 재적재  6 | 중계율 0.21 | alpha 0.009 | complete
Ep 105 | 드론5 목적지24 |  322스텝 | 배송 24/24 | 재적재  2 | 중계율 0.11 | alpha 0.009 | complete
Ep 106 | 드론5 목적지73 |  810스텝 | 배송 73/73 | 재적재 13 | 중계율 0.21 | alpha 0.008 | complete
Ep 107 | 드론5 목적지25 |  265스텝 | 배송 25/25 | 재적재  1 | 중계율 0.16 | alpha 0.008 | complete
Ep 108 | 드론3 목적지69 | 1000스텝 | 배송 55/69 | 재적재 10 | 중계율 0.23 | alpha 0.008 | step_limit
Ep 109 | 드론4 목적지25 |  322스텝 | 배송 25/25 | 재적재  3 | 중계율 0.16 | alpha 0.008 | complete
Ep 110 | 드론3 목적지26 |  692스텝 | 배송 26/26 | 재적재  4 | 중계율 0.25 | alpha 0.007 | complete
Ep 111 | 드론3 목적지21 |  402스텝 | 배송 21/21 | 재적재  2 | 중계율 0.20 | alpha 0.007 | complete
Ep 112 | 드론6 목적지31 |  226스텝 | 배송 31/31 | 재적재  2 | 중계율 0.06 | alpha 0.007 | complete
Ep 113 | 드론4 목적지57 |  805스텝 | 배송 57/57 | 재적재  9 | 중계율 0.22 | alpha 0.006 | complete
Ep 114 | 드론6 목적지64 |  627스텝 | 배송 64/64 | 재적재 10 | 중계율 0.21 | alpha 0.006 | complete
Ep 115 | 드론5 목적지57 |  714스텝 | 배송 57/57 | 재적재 10 | 중계율 0.15 | alpha 0.006 | complete
Ep 116 | 드론3 목적지78 | 1000스텝 | 배송 57/78 | 재적재 10 | 중계율 0.26 | alpha 0.005 | step_limit
Ep 117 | 드론6 목적지76 |  818스텝 | 배송 76/76 | 재적재 12 | 중계율 0.28 | alpha 0.005 | complete
Ep 118 | 드론3 목적지59 | 1000스텝 | 배송 56/59 | 재적재 10 | 중계율 0.20 | alpha 0.005 | step_limit
Ep 119 | 드론4 목적지73 | 1000스텝 | 배송 65/73 | 재적재 10 | 중계율 0.25 | alpha 0.005 | step_limit
Ep 120 | 드론4 목적지68 |  883스텝 | 배송 68/68 | 재적재 12 | 중계율 0.25 | alpha 0.004 | complete
Ep 121 | 드론6 목적지59 |  491스텝 | 배송 59/59 | 재적재 10 | 중계율 0.18 | alpha 0.004 | complete
Ep 122 | 드론6 목적지55 |  514스텝 | 배송 55/55 | 재적재  9 | 중계율 0.14 | alpha 0.004 | complete
Ep 123 | 드론4 목적지22 |  305스텝 | 배송 22/22 | 재적재  3 | 중계율 0.14 | alpha 0.004 | complete
Ep 124 | 드론3 목적지57 | 1000스텝 | 배송 38/57 | 재적재  6 | 중계율 0.19 | alpha 0.004 | step_limit
Ep 125 | 드론3 목적지29 |  760스텝 | 배송 29/29 | 재적재  5 | 중계율 0.26 | alpha 0.004 | complete
Ep 126 | 드론6 목적지80 |  629스텝 | 배송 80/80 | 재적재 12 | 중계율 0.15 | alpha 0.003 | complete
Ep 127 | 드론6 목적지23 |  283스텝 | 배송 23/23 | 재적재  0 | 중계율 0.18 | alpha 0.003 | complete
Ep 128 | 드론4 목적지75 | 1000스텝 | 배송 64/75 | 재적재 11 | 중계율 0.29 | alpha 0.003 | step_limit
Ep 129 | 드론5 목적지31 |  574스텝 | 배송 31/31 | 재적재  4 | 중계율 0.25 | alpha 0.003 | complete
Ep 130 | 드론5 목적지26 |  237스텝 | 배송 26/26 | 재적재  3 | 중계율 0.10 | alpha 0.003 | complete
Ep 131 | 드론6 목적지57 |  438스텝 | 배송 57/57 | 재적재  9 | 중계율 0.11 | alpha 0.003 | complete
Ep 132 | 드론4 목적지51 | 1000스텝 | 배송 50/51 | 재적재  7 | 중계율 0.35 | alpha 0.003 | step_limit
Ep 133 | 드론6 목적지36 |  370스텝 | 배송 36/36 | 재적재  5 | 중계율 0.18 | alpha 0.003 | complete
Ep 134 | 드론5 목적지49 |  543스텝 | 배송 49/49 | 재적재  8 | 중계율 0.16 | alpha 0.003 | complete
Ep 135 | 드론4 목적지56 |  937스텝 | 배송 56/56 | 재적재 10 | 중계율 0.30 | alpha 0.003 | complete
Ep 136 | 드론3 목적지38 |  736스텝 | 배송 38/38 | 재적재  6 | 중계율 0.24 | alpha 0.003 | complete
Ep 137 | 드론6 목적지37 |  361스텝 | 배송 37/37 | 재적재  5 | 중계율 0.12 | alpha 0.003 | complete
Ep 138 | 드론5 목적지68 |  988스텝 | 배송 68/68 | 재적재 11 | 중계율 0.26 | alpha 0.002 | complete
Ep 139 | 드론3 목적지63 |  991스텝 | 배송 63/63 | 재적재 11 | 중계율 0.20 | alpha 0.002 | complete
Ep 140 | 드론6 목적지64 |  493스텝 | 배송 64/64 | 재적재 11 | 중계율 0.11 | alpha 0.002 | complete
Ep 141 | 드론4 목적지48 |  804스텝 | 배송 48/48 | 재적재  8 | 중계율 0.18 | alpha 0.002 | complete
Ep 142 | 드론5 목적지69 |  605스텝 | 배송 69/69 | 재적재 11 | 중계율 0.18 | alpha 0.002 | complete
Ep 143 | 드론3 목적지58 |  931스텝 | 배송 58/58 | 재적재 10 | 중계율 0.24 | alpha 0.002 | complete
Ep 144 | 드론6 목적지55 |  455스텝 | 배송 55/55 | 재적재  9 | 중계율 0.13 | alpha 0.002 | complete
Ep 145 | 드론3 목적지39 | 1000스텝 | 배송 38/39 | 재적재  7 | 중계율 0.25 | alpha 0.002 | step_limit
Ep 146 | 드론3 목적지60 |  855스텝 | 배송 60/60 | 재적재 11 | 중계율 0.16 | alpha 0.002 | complete
Ep 147 | 드론4 목적지44 |  512스텝 | 배송 44/44 | 재적재  8 | 중계율 0.15 | alpha 0.002 | complete
Ep 148 | 드론6 목적지50 |  470스텝 | 배송 50/50 | 재적재  7 | 중계율 0.21 | alpha 0.002 | complete
Ep 149 | 드론3 목적지36 |  728스텝 | 배송 36/36 | 재적재  6 | 중계율 0.19 | alpha 0.002 | complete
Ep 150 | 드론5 목적지78 |  966스텝 | 배송 78/78 | 재적재 13 | 중계율 0.23 | alpha 0.001 | complete
  [홀드아웃] 배송 48.9±4.0 완주 0.86 스텝 993 점수 92.9 재적재 7.7 2홉+ 0.64 | 최고 92.9@ep150 정체 0/15  ← 갱신
Ep 151 | 드론4 목적지64 |  944스텝 | 배송 64/64 | 재적재 11 | 중계율 0.19 | alpha 0.001 | complete
Ep 152 | 드론6 목적지21 |  166스텝 | 배송 21/21 | 재적재  1 | 중계율 0.08 | alpha 0.001 | complete
Ep 153 | 드론5 목적지76 |  714스텝 | 배송 76/76 | 재적재 13 | 중계율 0.16 | alpha 0.001 | complete
Ep 154 | 드론3 목적지40 |  802스텝 | 배송 40/40 | 재적재  7 | 중계율 0.23 | alpha 0.001 | complete
Ep 155 | 드론4 목적지64 |  711스텝 | 배송 64/64 | 재적재 11 | 중계율 0.15 | alpha 0.001 | complete
Ep 156 | 드론5 목적지50 |  655스텝 | 배송 50/50 | 재적재  7 | 중계율 0.22 | alpha 0.001 | complete
Ep 157 | 드론3 목적지56 |  885스텝 | 배송 56/56 | 재적재 10 | 중계율 0.19 | alpha 0.001 | complete
Ep 158 | 드론6 목적지67 |  673스텝 | 배송 67/67 | 재적재 12 | 중계율 0.18 | alpha 0.001 | complete
Ep 159 | 드론5 목적지78 |  981스텝 | 배송 78/78 | 재적재 13 | 중계율 0.17 | alpha 0.001 | complete
Ep 160 | 드론5 목적지23 |  260스텝 | 배송 23/23 | 재적재  0 | 중계율 0.09 | alpha 0.001 | complete
Ep 161 | 드론6 목적지73 |  657스텝 | 배송 73/73 | 재적재 11 | 중계율 0.20 | alpha 0.001 | complete
Ep 162 | 드론4 목적지49 |  590스텝 | 배송 49/49 | 재적재  8 | 중계율 0.11 | alpha 0.001 | complete
Ep 163 | 드론5 목적지36 |  441스텝 | 배송 36/36 | 재적재  4 | 중계율 0.20 | alpha 0.001 | complete
Ep 164 | 드론5 목적지54 |  519스텝 | 배송 54/54 | 재적재  9 | 중계율 0.13 | alpha 0.001 | complete
Ep 165 | 드론6 목적지47 |  422스텝 | 배송 47/47 | 재적재  6 | 중계율 0.16 | alpha 0.001 | complete
Ep 166 | 드론5 목적지63 |  533스텝 | 배송 63/63 | 재적재 10 | 중계율 0.14 | alpha 0.001 | complete
Ep 167 | 드론5 목적지38 |  349스텝 | 배송 38/38 | 재적재  5 | 중계율 0.13 | alpha 0.001 | complete
Ep 168 | 드론5 목적지44 |  554스텝 | 배송 44/44 | 재적재  6 | 중계율 0.19 | alpha 0.001 | complete
Ep 169 | 드론5 목적지45 |  619스텝 | 배송 45/45 | 재적재  7 | 중계율 0.22 | alpha 0.001 | complete
Ep 170 | 드론4 목적지78 | 1000스텝 | 배송 77/78 | 재적재 14 | 중계율 0.23 | alpha 0.001 | step_limit
Ep 171 | 드론5 목적지34 |  419스텝 | 배송 34/34 | 재적재  6 | 중계율 0.22 | alpha 0.001 | complete
Ep 172 | 드론4 목적지48 |  786스텝 | 배송 48/48 | 재적재  8 | 중계율 0.14 | alpha 0.001 | complete
Ep 173 | 드론4 목적지64 | 1000스텝 | 배송 57/64 | 재적재  9 | 중계율 0.31 | alpha 0.001 | step_limit
Ep 174 | 드론5 목적지38 |  445스텝 | 배송 38/38 | 재적재  6 | 중계율 0.09 | alpha 0.001 | complete
Ep 175 | 드론4 목적지56 |  783스텝 | 배송 56/56 | 재적재 10 | 중계율 0.23 | alpha 0.001 | complete
Ep 176 | 드론3 목적지68 | 1000스텝 | 배송 60/68 | 재적재 10 | 중계율 0.28 | alpha 0.001 | step_limit
Ep 177 | 드론5 목적지74 |  807스텝 | 배송 74/74 | 재적재 14 | 중계율 0.17 | alpha 0.001 | complete
Ep 178 | 드론5 목적지37 |  416스텝 | 배송 37/37 | 재적재  5 | 중계율 0.16 | alpha 0.001 | complete
Ep 179 | 드론6 목적지48 |  388스텝 | 배송 48/48 | 재적재  6 | 중계율 0.15 | alpha 0.001 | complete
Ep 180 | 드론4 목적지61 |  790스텝 | 배송 61/61 | 재적재 10 | 중계율 0.22 | alpha 0.001 | complete
Ep 181 | 드론3 목적지80 | 1000스텝 | 배송 57/80 | 재적재 11 | 중계율 0.28 | alpha 0.001 | step_limit
Ep 182 | 드론5 목적지31 |  362스텝 | 배송 31/31 | 재적재  4 | 중계율 0.14 | alpha 0.001 | complete
Ep 183 | 드론4 목적지53 | 1000스텝 | 배송 52/53 | 재적재  9 | 중계율 0.26 | alpha 0.001 | step_limit
Ep 184 | 드론4 목적지64 |  911스텝 | 배송 64/64 | 재적재 11 | 중계율 0.24 | alpha 0.001 | complete
Ep 185 | 드론3 목적지49 |  705스텝 | 배송 49/49 | 재적재  9 | 중계율 0.16 | alpha 0.001 | complete
Ep 186 | 드론5 목적지47 |  592스텝 | 배송 47/47 | 재적재  6 | 중계율 0.17 | alpha 0.001 | complete
Ep 187 | 드론5 목적지59 |  714스텝 | 배송 59/59 | 재적재  9 | 중계율 0.24 | alpha 0.001 | complete
Ep 188 | 드론3 목적지33 |  777스텝 | 배송 33/33 | 재적재  5 | 중계율 0.30 | alpha 0.001 | complete
Ep 189 | 드론6 목적지35 |  296스텝 | 배송 35/35 | 재적재  5 | 중계율 0.06 | alpha 0.001 | complete
Ep 190 | 드론3 목적지30 |  422스텝 | 배송 30/30 | 재적재  4 | 중계율 0.18 | alpha 0.001 | complete
Ep 191 | 드론4 목적지70 | 1000스텝 | 배송 66/70 | 재적재 11 | 중계율 0.23 | alpha 0.001 | step_limit
Ep 192 | 드론5 목적지36 |  350스텝 | 배송 36/36 | 재적재  5 | 중계율 0.10 | alpha 0.001 | complete
Ep 193 | 드론3 목적지54 | 1000스텝 | 배송 51/54 | 재적재 10 | 중계율 0.32 | alpha 0.001 | step_limit
Ep 194 | 드론4 목적지76 | 1000스텝 | 배송 66/76 | 재적재 12 | 중계율 0.25 | alpha 0.001 | step_limit
Ep 195 | 드론5 목적지74 | 1000스텝 | 배송 67/74 | 재적재 10 | 중계율 0.31 | alpha 0.001 | step_limit
Ep 196 | 드론6 목적지70 |  843스텝 | 배송 70/70 | 재적재 11 | 중계율 0.23 | alpha 0.001 | complete
Ep 197 | 드론4 목적지34 |  777스텝 | 배송 34/34 | 재적재  6 | 중계율 0.27 | alpha 0.001 | complete
Ep 198 | 드론3 목적지33 |  629스텝 | 배송 33/33 | 재적재  4 | 중계율 0.20 | alpha 0.001 | complete
Ep 199 | 드론6 목적지46 |  494스텝 | 배송 46/46 | 재적재  7 | 중계율 0.14 | alpha 0.001 | complete
Ep 200 | 드론6 목적지42 |  449스텝 | 배송 42/42 | 재적재  5 | 중계율 0.09 | alpha 0.001 | complete
  [홀드아웃] 배송 49.4±2.7 완주 0.88 스텝 1008 점수 94.1 재적재 8.2 2홉+ 0.64 | 최고 94.1@ep200 정체 0/15  ← 갱신
Ep 201 | 드론6 목적지51 |  380스텝 | 배송 51/51 | 재적재  8 | 중계율 0.10 | alpha 0.001 | complete
Ep 202 | 드론5 목적지32 |  509스텝 | 배송 32/32 | 재적재  5 | 중계율 0.23 | alpha 0.001 | complete
Ep 203 | 드론5 목적지30 |  554스텝 | 배송 30/30 | 재적재  4 | 중계율 0.28 | alpha 0.001 | complete
Ep 204 | 드론6 목적지73 |  692스텝 | 배송 73/73 | 재적재 14 | 중계율 0.20 | alpha 0.001 | complete
Ep 205 | 드론3 목적지44 |  783스텝 | 배송 44/44 | 재적재  6 | 중계율 0.23 | alpha 0.001 | complete
Ep 206 | 드론3 목적지26 |  849스텝 | 배송 25/26 | 재적재  3 | 중계율 0.15 | alpha 0.001 | no_progress
Ep 207 | 드론5 목적지40 |  455스텝 | 배송 40/40 | 재적재  6 | 중계율 0.17 | alpha 0.001 | complete
Ep 208 | 드론6 목적지35 |  376스텝 | 배송 35/35 | 재적재  6 | 중계율 0.15 | alpha 0.001 | complete
Ep 209 | 드론6 목적지75 |  532스텝 | 배송 75/75 | 재적재 11 | 중계율 0.09 | alpha 0.001 | complete
Ep 210 | 드론6 목적지56 |  466스텝 | 배송 56/56 | 재적재  8 | 중계율 0.13 | alpha 0.001 | complete
Ep 211 | 드론3 목적지26 |  527스텝 | 배송 26/26 | 재적재  4 | 중계율 0.21 | alpha 0.001 | complete
Ep 212 | 드론3 목적지58 | 1000스텝 | 배송 52/58 | 재적재  9 | 중계율 0.20 | alpha 0.001 | step_limit
Ep 213 | 드론3 목적지44 |  875스텝 | 배송 44/44 | 재적재  7 | 중계율 0.27 | alpha 0.001 | complete
Ep 214 | 드론3 목적지56 |  826스텝 | 배송 56/56 | 재적재 10 | 중계율 0.16 | alpha 0.001 | complete
Ep 215 | 드론4 목적지64 | 1000스텝 | 배송 63/64 | 재적재 11 | 중계율 0.24 | alpha 0.001 | step_limit
Ep 216 | 드론5 목적지40 |  531스텝 | 배송 40/40 | 재적재  5 | 중계율 0.18 | alpha 0.001 | complete
Ep 217 | 드론6 목적지41 |  430스텝 | 배송 41/41 | 재적재  6 | 중계율 0.12 | alpha 0.001 | complete
Ep 218 | 드론3 목적지31 |  677스텝 | 배송 31/31 | 재적재  5 | 중계율 0.22 | alpha 0.001 | complete
Ep 219 | 드론4 목적지80 |  918스텝 | 배송 80/80 | 재적재 14 | 중계율 0.22 | alpha 0.001 | complete
Ep 220 | 드론4 목적지53 |  826스텝 | 배송 53/53 | 재적재  9 | 중계율 0.25 | alpha 0.001 | complete
Ep 221 | 드론6 목적지72 |  491스텝 | 배송 72/72 | 재적재 12 | 중계율 0.12 | alpha 0.001 | complete
Ep 222 | 드론3 목적지27 |  855스텝 | 배송 20/27 | 재적재  3 | 중계율 0.22 | alpha 0.001 | no_progress
Ep 223 | 드론6 목적지22 |  243스텝 | 배송 22/22 | 재적재  1 | 중계율 0.18 | alpha 0.001 | complete
Ep 224 | 드론4 목적지62 |  834스텝 | 배송 62/62 | 재적재 11 | 중계율 0.21 | alpha 0.001 | complete
Ep 225 | 드론5 목적지58 |  570스텝 | 배송 58/58 | 재적재  9 | 중계율 0.12 | alpha 0.001 | complete
Ep 226 | 드론6 목적지37 |  437스텝 | 배송 37/37 | 재적재  4 | 중계율 0.18 | alpha 0.001 | complete
Ep 227 | 드론3 목적지49 | 1000스텝 | 배송 47/49 | 재적재  8 | 중계율 0.29 | alpha 0.001 | step_limit
Ep 228 | 드론5 목적지72 |  581스텝 | 배송 72/72 | 재적재 12 | 중계율 0.10 | alpha 0.001 | complete
Ep 229 | 드론3 목적지77 | 1000스텝 | 배송 61/77 | 재적재 10 | 중계율 0.31 | alpha 0.001 | step_limit
Ep 230 | 드론6 목적지53 |  392스텝 | 배송 53/53 | 재적재  7 | 중계율 0.10 | alpha 0.001 | complete
Ep 231 | 드론5 목적지56 |  919스텝 | 배송 56/56 | 재적재  8 | 중계율 0.30 | alpha 0.001 | complete
Ep 232 | 드론3 목적지28 |  672스텝 | 배송 28/28 | 재적재  5 | 중계율 0.26 | alpha 0.001 | complete
Ep 233 | 드론5 목적지40 |  602스텝 | 배송 40/40 | 재적재  6 | 중계율 0.23 | alpha 0.001 | complete
Ep 234 | 드론5 목적지29 |  314스텝 | 배송 29/29 | 재적재  4 | 중계율 0.12 | alpha 0.001 | complete
Ep 235 | 드론6 목적지69 |  518스텝 | 배송 69/69 | 재적재 12 | 중계율 0.13 | alpha 0.001 | complete
Ep 236 | 드론4 목적지30 | 1000스텝 | 배송 29/30 | 재적재  4 | 중계율 0.24 | alpha 0.001 | step_limit
Ep 237 | 드론5 목적지24 |  356스텝 | 배송 24/24 | 재적재  3 | 중계율 0.19 | alpha 0.001 | complete
Ep 238 | 드론5 목적지21 |  297스텝 | 배송 21/21 | 재적재  3 | 중계율 0.11 | alpha 0.001 | complete
Ep 239 | 드론5 목적지60 | 1000스텝 | 배송 58/60 | 재적재  9 | 중계율 0.28 | alpha 0.001 | step_limit
Ep 240 | 드론6 목적지58 |  478스텝 | 배송 58/58 | 재적재  9 | 중계율 0.17 | alpha 0.001 | complete
Ep 241 | 드론3 목적지26 |  373스텝 | 배송 26/26 | 재적재  4 | 중계율 0.11 | alpha 0.001 | complete
Ep 242 | 드론4 목적지43 |  841스텝 | 배송 43/43 | 재적재  7 | 중계율 0.24 | alpha 0.001 | complete
Ep 243 | 드론5 목적지55 |  901스텝 | 배송 55/55 | 재적재  9 | 중계율 0.23 | alpha 0.001 | complete
Ep 244 | 드론6 목적지48 |  323스텝 | 배송 48/48 | 재적재  7 | 중계율 0.11 | alpha 0.001 | complete
Ep 245 | 드론6 목적지67 |  475스텝 | 배송 67/67 | 재적재 11 | 중계율 0.08 | alpha 0.001 | complete
Ep 246 | 드론4 목적지65 | 1000스텝 | 배송 60/65 | 재적재 10 | 중계율 0.20 | alpha 0.001 | step_limit
Ep 247 | 드론6 목적지49 |  492스텝 | 배송 49/49 | 재적재  8 | 중계율 0.15 | alpha 0.001 | complete
Ep 248 | 드론3 목적지41 |  920스텝 | 배송 41/41 | 재적재  8 | 중계율 0.28 | alpha 0.001 | complete
Ep 249 | 드론5 목적지26 |  205스텝 | 배송 26/26 | 재적재  2 | 중계율 0.04 | alpha 0.001 | complete
Ep 250 | 드론5 목적지43 |  469스텝 | 배송 43/43 | 재적재  6 | 중계율 0.10 | alpha 0.001 | complete
  [홀드아웃] 배송 48.0±4.7 완주 0.74 스텝 1084 점수 80.1 재적재 7.9 2홉+ 0.64 | 최고 94.1@ep200 정체 1/15
Ep 251 | 드론5 목적지71 |  719스텝 | 배송 71/71 | 재적재 13 | 중계율 0.18 | alpha 0.001 | complete
Ep 252 | 드론3 목적지48 | 1000스텝 | 배송 46/48 | 재적재  7 | 중계율 0.27 | alpha 0.001 | step_limit
Ep 253 | 드론4 목적지30 |  414스텝 | 배송 30/30 | 재적재  5 | 중계율 0.10 | alpha 0.001 | complete
Ep 254 | 드론5 목적지26 |  365스텝 | 배송 26/26 | 재적재  2 | 중계율 0.21 | alpha 0.001 | complete
Ep 255 | 드론6 목적지69 |  585스텝 | 배송 69/69 | 재적재 10 | 중계율 0.13 | alpha 0.001 | complete
Ep 256 | 드론6 목적지33 |  370스텝 | 배송 33/33 | 재적재  5 | 중계율 0.15 | alpha 0.001 | complete
Ep 257 | 드론4 목적지55 | 1000스텝 | 배송 53/55 | 재적재  8 | 중계율 0.26 | alpha 0.001 | step_limit
Ep 258 | 드론5 목적지36 |  943스텝 | 배송 36/36 | 재적재  5 | 중계율 0.29 | alpha 0.001 | complete
Ep 259 | 드론4 목적지79 |  916스텝 | 배송 79/79 | 재적재 14 | 중계율 0.16 | alpha 0.001 | complete
Ep 260 | 드론3 목적지41 |  931스텝 | 배송 41/41 | 재적재  7 | 중계율 0.21 | alpha 0.001 | complete
Ep 261 | 드론6 목적지21 |  236스텝 | 배송 21/21 | 재적재  0 | 중계율 0.12 | alpha 0.001 | complete
Ep 262 | 드론3 목적지43 |  788스텝 | 배송 43/43 | 재적재  7 | 중계율 0.20 | alpha 0.001 | complete
Ep 263 | 드론5 목적지21 |  260스텝 | 배송 21/21 | 재적재  1 | 중계율 0.12 | alpha 0.001 | complete
Ep 264 | 드론6 목적지50 |  586스텝 | 배송 50/50 | 재적재  6 | 중계율 0.20 | alpha 0.001 | complete
Ep 265 | 드론3 목적지35 | 1000스텝 | 배송 27/35 | 재적재  4 | 중계율 0.21 | alpha 0.001 | step_limit
Ep 266 | 드론4 목적지54 |  955스텝 | 배송 54/54 | 재적재  8 | 중계율 0.17 | alpha 0.001 | complete
Ep 267 | 드론5 목적지46 |  388스텝 | 배송 46/46 | 재적재  7 | 중계율 0.13 | alpha 0.001 | complete
Ep 268 | 드론3 목적지33 |  961스텝 | 배송 33/33 | 재적재  4 | 중계율 0.22 | alpha 0.001 | complete
Ep 269 | 드론3 목적지42 |  729스텝 | 배송 42/42 | 재적재  6 | 중계율 0.18 | alpha 0.001 | complete
Ep 270 | 드론4 목적지45 |  928스텝 | 배송 45/45 | 재적재  7 | 중계율 0.26 | alpha 0.001 | complete
Ep 271 | 드론5 목적지37 |  594스텝 | 배송 37/37 | 재적재  5 | 중계율 0.18 | alpha 0.001 | complete
Ep 272 | 드론3 목적지47 |  943스텝 | 배송 47/47 | 재적재  8 | 중계율 0.19 | alpha 0.001 | complete
Ep 273 | 드론6 목적지76 |  586스텝 | 배송 76/76 | 재적재 13 | 중계율 0.12 | alpha 0.001 | complete
Ep 274 | 드론6 목적지29 |  358스텝 | 배송 29/29 | 재적재  4 | 중계율 0.15 | alpha 0.001 | complete
Ep 275 | 드론4 목적지78 | 1000스텝 | 배송 75/78 | 재적재 13 | 중계율 0.25 | alpha 0.001 | step_limit
Ep 276 | 드론5 목적지49 |  438스텝 | 배송 49/49 | 재적재  8 | 중계율 0.11 | alpha 0.001 | complete
Ep 277 | 드론3 목적지67 |  881스텝 | 배송 35/67 | 재적재  6 | 중계율 0.26 | alpha 0.001 | no_progress
Ep 278 | 드론4 목적지30 |  820스텝 | 배송 30/30 | 재적재  4 | 중계율 0.31 | alpha 0.001 | complete
Ep 279 | 드론6 목적지44 |  447스텝 | 배송 44/44 | 재적재  6 | 중계율 0.14 | alpha 0.001 | complete
Ep 280 | 드론4 목적지32 |  507스텝 | 배송 32/32 | 재적재  5 | 중계율 0.12 | alpha 0.001 | complete
Ep 281 | 드론4 목적지36 |  490스텝 | 배송 36/36 | 재적재  5 | 중계율 0.15 | alpha 0.001 | complete
Ep 282 | 드론4 목적지56 |  670스텝 | 배송 56/56 | 재적재 10 | 중계율 0.14 | alpha 0.001 | complete
Ep 283 | 드론4 목적지75 | 1000스텝 | 배송 70/75 | 재적재 12 | 중계율 0.15 | alpha 0.001 | step_limit
Ep 284 | 드론5 목적지21 |  210스텝 | 배송 21/21 | 재적재  1 | 중계율 0.11 | alpha 0.001 | complete
Ep 285 | 드론6 목적지72 |  503스텝 | 배송 72/72 | 재적재 12 | 중계율 0.14 | alpha 0.001 | complete
Ep 286 | 드론6 목적지78 |  611스텝 | 배송 78/78 | 재적재 13 | 중계율 0.13 | alpha 0.001 | complete
Ep 287 | 드론3 목적지39 |  864스텝 | 배송 39/39 | 재적재  6 | 중계율 0.19 | alpha 0.001 | complete
Ep 288 | 드론4 목적지39 |  604스텝 | 배송 39/39 | 재적재  7 | 중계율 0.16 | alpha 0.001 | complete
Ep 289 | 드론3 목적지49 | 1000스텝 | 배송 48/49 | 재적재  9 | 중계율 0.26 | alpha 0.001 | step_limit
Ep 290 | 드론4 목적지29 |  480스텝 | 배송 29/29 | 재적재  3 | 중계율 0.15 | alpha 0.001 | complete
Ep 291 | 드론5 목적지68 |  588스텝 | 배송 68/68 | 재적재 10 | 중계율 0.15 | alpha 0.001 | complete
Ep 292 | 드론3 목적지69 | 1000스텝 | 배송 55/69 | 재적재 10 | 중계율 0.19 | alpha 0.001 | step_limit
Ep 293 | 드론3 목적지38 |  809스텝 | 배송 38/38 | 재적재  6 | 중계율 0.24 | alpha 0.001 | complete
Ep 294 | 드론5 목적지41 |  518스텝 | 배송 41/41 | 재적재  7 | 중계율 0.16 | alpha 0.001 | complete
Ep 295 | 드론4 목적지35 |  472스텝 | 배송 35/35 | 재적재  5 | 중계율 0.20 | alpha 0.001 | complete
Ep 296 | 드론6 목적지49 |  402스텝 | 배송 49/49 | 재적재  8 | 중계율 0.10 | alpha 0.001 | complete
Ep 297 | 드론4 목적지78 |  997스텝 | 배송 78/78 | 재적재 14 | 중계율 0.21 | alpha 0.001 | complete
Ep 298 | 드론4 목적지73 |  964스텝 | 배송 73/73 | 재적재 12 | 중계율 0.24 | alpha 0.001 | complete
Ep 299 | 드론6 목적지75 |  635스텝 | 배송 75/75 | 재적재 13 | 중계율 0.13 | alpha 0.001 | complete
Ep 300 | 드론4 목적지39 |  635스텝 | 배송 39/39 | 재적재  7 | 중계율 0.20 | alpha 0.001 | complete
  [홀드아웃] 배송 48.5±4.4 완주 0.79 스텝 1104 점수 85.1 재적재 8.0 2홉+ 0.65 | 최고 94.1@ep200 정체 2/15
Ep 301 | 드론3 목적지69 | 1000스텝 | 배송 65/69 | 재적재 11 | 중계율 0.22 | alpha 0.001 | step_limit
Ep 302 | 드론6 목적지60 |  668스텝 | 배송 60/60 | 재적재  9 | 중계율 0.21 | alpha 0.001 | complete
Ep 303 | 드론4 목적지74 | 1000스텝 | 배송 69/74 | 재적재 12 | 중계율 0.19 | alpha 0.001 | step_limit
Ep 304 | 드론4 목적지25 |  346스텝 | 배송 25/25 | 재적재  4 | 중계율 0.08 | alpha 0.001 | complete
Ep 305 | 드론3 목적지75 | 1000스텝 | 배송 65/75 | 재적재 11 | 중계율 0.26 | alpha 0.001 | step_limit
Ep 306 | 드론4 목적지29 |  484스텝 | 배송 29/29 | 재적재  3 | 중계율 0.16 | alpha 0.001 | complete
Ep 307 | 드론6 목적지29 |  246스텝 | 배송 29/29 | 재적재  2 | 중계율 0.04 | alpha 0.001 | complete
Ep 308 | 드론6 목적지35 |  312스텝 | 배송 35/35 | 재적재  4 | 중계율 0.06 | alpha 0.001 | complete
Ep 309 | 드론5 목적지37 |  455스텝 | 배송 37/37 | 재적재  4 | 중계율 0.18 | alpha 0.001 | complete
Ep 310 | 드론3 목적지74 | 1000스텝 | 배송 65/74 | 재적재 11 | 중계율 0.27 | alpha 0.001 | step_limit
Ep 311 | 드론6 목적지42 |  549스텝 | 배송 42/42 | 재적재  6 | 중계율 0.16 | alpha 0.001 | complete
Ep 312 | 드론6 목적지73 |  770스텝 | 배송 73/73 | 재적재 12 | 중계율 0.21 | alpha 0.001 | complete
Ep 313 | 드론4 목적지34 |  822스텝 | 배송 34/34 | 재적재  5 | 중계율 0.30 | alpha 0.001 | complete
Ep 314 | 드론3 목적지26 | 1000스텝 | 배송 24/26 | 재적재  3 | 중계율 0.31 | alpha 0.001 | step_limit
Ep 315 | 드론6 목적지20 |  275스텝 | 배송 20/20 | 재적재  1 | 중계율 0.16 | alpha 0.001 | complete
Ep 316 | 드론5 목적지24 |  267스텝 | 배송 24/24 | 재적재  1 | 중계율 0.09 | alpha 0.001 | complete
Ep 317 | 드론6 목적지23 |  291스텝 | 배송 23/23 | 재적재  2 | 중계율 0.17 | alpha 0.001 | complete
Ep 318 | 드론3 목적지45 |  869스텝 | 배송 45/45 | 재적재  7 | 중계율 0.28 | alpha 0.001 | complete
Ep 319 | 드론6 목적지52 |  448스텝 | 배송 52/52 | 재적재  7 | 중계율 0.12 | alpha 0.001 | complete
Ep 320 | 드론4 목적지25 |  336스텝 | 배송 25/25 | 재적재  3 | 중계율 0.16 | alpha 0.001 | complete
Ep 321 | 드론3 목적지34 |  698스텝 | 배송 34/34 | 재적재  5 | 중계율 0.23 | alpha 0.001 | complete
Ep 322 | 드론3 목적지33 |  806스텝 | 배송 33/33 | 재적재  6 | 중계율 0.16 | alpha 0.001 | complete
Ep 323 | 드론3 목적지35 | 1000스텝 | 배송 33/35 | 재적재  5 | 중계율 0.29 | alpha 0.001 | step_limit
Ep 324 | 드론5 목적지70 |  555스텝 | 배송 70/70 | 재적재 11 | 중계율 0.12 | alpha 0.001 | complete
Ep 325 | 드론3 목적지43 |  838스텝 | 배송 43/43 | 재적재  8 | 중계율 0.17 | alpha 0.001 | complete
Ep 326 | 드론5 목적지42 |  857스텝 | 배송 42/42 | 재적재  6 | 중계율 0.31 | alpha 0.001 | complete
Ep 327 | 드론6 목적지62 |  438스텝 | 배송 62/62 | 재적재 10 | 중계율 0.12 | alpha 0.001 | complete
Ep 328 | 드론3 목적지53 | 1000스텝 | 배송 50/53 | 재적재  9 | 중계율 0.21 | alpha 0.001 | step_limit
Ep 329 | 드론5 목적지31 |  363스텝 | 배송 31/31 | 재적재  4 | 중계율 0.16 | alpha 0.001 | complete
Ep 330 | 드론4 목적지65 |  919스텝 | 배송 65/65 | 재적재 11 | 중계율 0.22 | alpha 0.001 | complete
Ep 331 | 드론3 목적지25 |  461스텝 | 배송 25/25 | 재적재  4 | 중계율 0.19 | alpha 0.001 | complete
Ep 332 | 드론3 목적지79 | 1000스텝 | 배송 65/79 | 재적재 11 | 중계율 0.25 | alpha 0.001 | step_limit
Ep 333 | 드론4 목적지37 |  688스텝 | 배송 37/37 | 재적재  6 | 중계율 0.21 | alpha 0.001 | complete
Ep 334 | 드론3 목적지72 | 1000스텝 | 배송 60/72 | 재적재 10 | 중계율 0.15 | alpha 0.001 | step_limit
Ep 335 | 드론4 목적지23 |  333스텝 | 배송 23/23 | 재적재  3 | 중계율 0.14 | alpha 0.001 | complete
Ep 336 | 드론4 목적지57 | 1000스텝 | 배송 52/57 | 재적재  9 | 중계율 0.27 | alpha 0.001 | step_limit
Ep 337 | 드론4 목적지76 | 1000스텝 | 배송 65/76 | 재적재 10 | 중계율 0.32 | alpha 0.001 | step_limit
Ep 338 | 드론3 목적지30 |  933스텝 | 배송 30/30 | 재적재  5 | 중계율 0.25 | alpha 0.001 | complete
Ep 339 | 드론5 목적지73 |  536스텝 | 배송 73/73 | 재적재 12 | 중계율 0.13 | alpha 0.001 | complete
Ep 340 | 드론6 목적지34 |  327스텝 | 배송 34/34 | 재적재  4 | 중계율 0.10 | alpha 0.001 | complete
Ep 341 | 드론5 목적지26 |  464스텝 | 배송 26/26 | 재적재  2 | 중계율 0.30 | alpha 0.001 | complete
Ep 342 | 드론3 목적지46 |  786스텝 | 배송 46/46 | 재적재  8 | 중계율 0.18 | alpha 0.001 | complete
Ep 343 | 드론3 목적지50 | 1000스텝 | 배송 42/50 | 재적재  7 | 중계율 0.28 | alpha 0.001 | step_limit
Ep 344 | 드론5 목적지28 |  262스텝 | 배송 28/28 | 재적재  4 | 중계율 0.10 | alpha 0.001 | complete
Ep 345 | 드론5 목적지61 |  859스텝 | 배송 61/61 | 재적재 11 | 중계율 0.26 | alpha 0.001 | complete
Ep 346 | 드론3 목적지29 |  698스텝 | 배송 29/29 | 재적재  4 | 중계율 0.37 | alpha 0.001 | complete
Ep 347 | 드론3 목적지42 |  887스텝 | 배송 42/42 | 재적재  7 | 중계율 0.29 | alpha 0.001 | complete
Ep 348 | 드론5 목적지53 |  428스텝 | 배송 53/53 | 재적재  9 | 중계율 0.10 | alpha 0.001 | complete
Ep 349 | 드론4 목적지62 | 1000스텝 | 배송 60/62 | 재적재  9 | 중계율 0.31 | alpha 0.001 | step_limit
Ep 350 | 드론4 목적지79 |  832스텝 | 배송 79/79 | 재적재 15 | 중계율 0.17 | alpha 0.001 | complete
  [홀드아웃] 배송 48.1±4.5 완주 0.72 스텝 1051 점수 79.0 재적재 7.7 2홉+ 0.64 | 최고 94.1@ep200 정체 3/15
Ep 351 | 드론5 목적지65 |  568스텝 | 배송 65/65 | 재적재  9 | 중계율 0.16 | alpha 0.001 | complete
Ep 352 | 드론5 목적지36 |  312스텝 | 배송 36/36 | 재적재  4 | 중계율 0.08 | alpha 0.001 | complete
Ep 353 | 드론4 목적지62 |  786스텝 | 배송 62/62 | 재적재 11 | 중계율 0.13 | alpha 0.001 | complete
Ep 354 | 드론5 목적지35 |  313스텝 | 배송 35/35 | 재적재  5 | 중계율 0.06 | alpha 0.001 | complete
Ep 355 | 드론4 목적지24 |  299스텝 | 배송 24/24 | 재적재  3 | 중계율 0.12 | alpha 0.001 | complete
Ep 356 | 드론5 목적지62 |  715스텝 | 배송 62/62 | 재적재 10 | 중계율 0.22 | alpha 0.001 | complete
Ep 357 | 드론3 목적지21 |  947스텝 | 배송 20/21 | 재적재  2 | 중계율 0.29 | alpha 0.001 | no_progress
Ep 358 | 드론5 목적지26 |  421스텝 | 배송 26/26 | 재적재  3 | 중계율 0.15 | alpha 0.001 | complete
Ep 359 | 드론3 목적지52 | 1000스텝 | 배송 51/52 | 재적재  8 | 중계율 0.30 | alpha 0.001 | step_limit
Ep 360 | 드론6 목적지52 |  454스텝 | 배송 52/52 | 재적재  8 | 중계율 0.14 | alpha 0.001 | complete
Ep 361 | 드론4 목적지40 |  563스텝 | 배송 40/40 | 재적재  7 | 중계율 0.13 | alpha 0.001 | complete
Ep 362 | 드론6 목적지52 |  693스텝 | 배송 52/52 | 재적재  9 | 중계율 0.24 | alpha 0.001 | complete
Ep 363 | 드론6 목적지64 |  665스텝 | 배송 64/64 | 재적재  9 | 중계율 0.23 | alpha 0.001 | complete
Ep 364 | 드론3 목적지64 | 1000스텝 | 배송 55/64 | 재적재 11 | 중계율 0.25 | alpha 0.001 | step_limit
Ep 365 | 드론5 목적지69 |  729스텝 | 배송 69/69 | 재적재 12 | 중계율 0.17 | alpha 0.001 | complete
Ep 366 | 드론6 목적지61 |  433스텝 | 배송 61/61 | 재적재  9 | 중계율 0.09 | alpha 0.001 | complete
Ep 367 | 드론4 목적지53 |  564스텝 | 배송 53/53 | 재적재  8 | 중계율 0.07 | alpha 0.001 | complete
Ep 368 | 드론6 목적지73 |  485스텝 | 배송 73/73 | 재적재 11 | 중계율 0.09 | alpha 0.001 | complete
Ep 369 | 드론5 목적지30 |  334스텝 | 배송 30/30 | 재적재  4 | 중계율 0.10 | alpha 0.001 | complete
Ep 370 | 드론3 목적지71 | 1000스텝 | 배송 62/71 | 재적재 11 | 중계율 0.18 | alpha 0.001 | step_limit
Ep 371 | 드론4 목적지54 |  773스텝 | 배송 54/54 | 재적재  9 | 중계율 0.23 | alpha 0.001 | complete
Ep 372 | 드론6 목적지80 |  593스텝 | 배송 80/80 | 재적재 13 | 중계율 0.12 | alpha 0.001 | complete
Ep 373 | 드론3 목적지41 |  792스텝 | 배송 41/41 | 재적재  7 | 중계율 0.25 | alpha 0.001 | complete
Ep 374 | 드론3 목적지67 | 1000스텝 | 배송 65/67 | 재적재 12 | 중계율 0.20 | alpha 0.001 | step_limit
Ep 375 | 드론4 목적지62 |  896스텝 | 배송 62/62 | 재적재 10 | 중계율 0.24 | alpha 0.001 | complete
Ep 376 | 드론5 목적지72 |  747스텝 | 배송 72/72 | 재적재 13 | 중계율 0.18 | alpha 0.001 | complete
Ep 377 | 드론6 목적지63 |  752스텝 | 배송 63/63 | 재적재 11 | 중계율 0.21 | alpha 0.001 | complete
Ep 378 | 드론5 목적지74 |  635스텝 | 배송 74/74 | 재적재 13 | 중계율 0.11 | alpha 0.001 | complete
Ep 379 | 드론4 목적지77 |  820스텝 | 배송 77/77 | 재적재 13 | 중계율 0.16 | alpha 0.001 | complete
Ep 380 | 드론4 목적지73 |  929스텝 | 배송 73/73 | 재적재 12 | 중계율 0.14 | alpha 0.001 | complete
Ep 381 | 드론5 목적지20 |  168스텝 | 배송 20/20 | 재적재  0 | 중계율 0.09 | alpha 0.001 | complete
Ep 382 | 드론3 목적지75 | 1000스텝 | 배송 60/75 | 재적재 11 | 중계율 0.24 | alpha 0.001 | step_limit
Ep 383 | 드론4 목적지52 |  782스텝 | 배송 52/52 | 재적재  8 | 중계율 0.22 | alpha 0.001 | complete
Ep 384 | 드론3 목적지77 | 1000스텝 | 배송 66/77 | 재적재 11 | 중계율 0.19 | alpha 0.001 | step_limit
Ep 385 | 드론3 목적지62 | 1000스텝 | 배송 52/62 | 재적재  9 | 중계율 0.34 | alpha 0.001 | step_limit
Ep 386 | 드론4 목적지80 | 1000스텝 | 배송 67/80 | 재적재 11 | 중계율 0.27 | alpha 0.001 | step_limit
Ep 387 | 드론4 목적지31 |  677스텝 | 배송 31/31 | 재적재  4 | 중계율 0.14 | alpha 0.001 | complete
Ep 388 | 드론4 목적지33 |  601스텝 | 배송 33/33 | 재적재  5 | 중계율 0.18 | alpha 0.001 | complete
Ep 389 | 드론5 목적지72 |  895스텝 | 배송 72/72 | 재적재 13 | 중계율 0.23 | alpha 0.001 | complete
Ep 390 | 드론5 목적지71 |  599스텝 | 배송 71/71 | 재적재 13 | 중계율 0.12 | alpha 0.001 | complete
Ep 391 | 드론5 목적지50 |  541스텝 | 배송 50/50 | 재적재  8 | 중계율 0.12 | alpha 0.001 | complete
Ep 392 | 드론6 목적지71 |  487스텝 | 배송 71/71 | 재적재 11 | 중계율 0.07 | alpha 0.001 | complete
Ep 393 | 드론6 목적지21 |  186스텝 | 배송 21/21 | 재적재  0 | 중계율 0.14 | alpha 0.001 | complete
Ep 394 | 드론6 목적지60 |  547스텝 | 배송 60/60 | 재적재 10 | 중계율 0.13 | alpha 0.001 | complete
Ep 395 | 드론5 목적지55 |  643스텝 | 배송 55/55 | 재적재  8 | 중계율 0.13 | alpha 0.001 | complete
Ep 396 | 드론5 목적지71 |  495스텝 | 배송 71/71 | 재적재 12 | 중계율 0.07 | alpha 0.001 | complete
Ep 397 | 드론4 목적지36 |  491스텝 | 배송 36/36 | 재적재  6 | 중계율 0.13 | alpha 0.001 | complete
Ep 398 | 드론4 목적지52 |  685스텝 | 배송 52/52 | 재적재 10 | 중계율 0.11 | alpha 0.001 | complete
Ep 399 | 드론3 목적지46 |  841스텝 | 배송 46/46 | 재적재  8 | 중계율 0.20 | alpha 0.001 | complete
Ep 400 | 드론4 목적지34 |  473스텝 | 배송 34/34 | 재적재  4 | 중계율 0.16 | alpha 0.001 | complete
  [홀드아웃] 배송 48.9±3.1 완주 0.78 스텝 1098 점수 83.8 재적재 7.9 2홉+ 0.64 | 최고 94.1@ep200 정체 4/15
Ep 401 | 드론3 목적지38 |  766스텝 | 배송 38/38 | 재적재  6 | 중계율 0.30 | alpha 0.001 | complete
Ep 402 | 드론5 목적지36 |  500스텝 | 배송 36/36 | 재적재  6 | 중계율 0.21 | alpha 0.001 | complete
Ep 403 | 드론4 목적지73 |  797스텝 | 배송 73/73 | 재적재 13 | 중계율 0.19 | alpha 0.001 | complete
Ep 404 | 드론5 목적지70 |  920스텝 | 배송 70/70 | 재적재 11 | 중계율 0.25 | alpha 0.001 | complete
Ep 405 | 드론3 목적지25 |  439스텝 | 배송 25/25 | 재적재  3 | 중계율 0.13 | alpha 0.001 | complete
Ep 406 | 드론6 목적지58 |  588스텝 | 배송 58/58 | 재적재  9 | 중계율 0.14 | alpha 0.001 | complete
Ep 407 | 드론5 목적지70 |  971스텝 | 배송 64/70 | 재적재 11 | 중계율 0.23 | alpha 0.001 | no_progress
Ep 408 | 드론4 목적지40 |  608스텝 | 배송 40/40 | 재적재  6 | 중계율 0.14 | alpha 0.001 | complete
Ep 409 | 드론3 목적지30 |  536스텝 | 배송 30/30 | 재적재  4 | 중계율 0.24 | alpha 0.001 | complete
Ep 410 | 드론3 목적지63 | 1000스텝 | 배송 60/63 | 재적재 11 | 중계율 0.24 | alpha 0.001 | step_limit
Ep 411 | 드론3 목적지48 |  899스텝 | 배송 48/48 | 재적재  8 | 중계율 0.22 | alpha 0.001 | complete
Ep 412 | 드론5 목적지34 |  390스텝 | 배송 34/34 | 재적재  3 | 중계율 0.10 | alpha 0.001 | complete
Ep 413 | 드론4 목적지22 |  296스텝 | 배송 22/22 | 재적재  3 | 중계율 0.11 | alpha 0.001 | complete
Ep 414 | 드론3 목적지51 |  932스텝 | 배송 31/51 | 재적재  5 | 중계율 0.35 | alpha 0.001 | no_progress
Ep 415 | 드론6 목적지45 |  456스텝 | 배송 45/45 | 재적재  6 | 중계율 0.18 | alpha 0.001 | complete
Ep 416 | 드론4 목적지60 |  933스텝 | 배송 60/60 | 재적재 10 | 중계율 0.26 | alpha 0.001 | complete
Ep 417 | 드론3 목적지43 |  871스텝 | 배송 43/43 | 재적재  8 | 중계율 0.32 | alpha 0.001 | complete
Ep 418 | 드론5 목적지75 |  975스텝 | 배송 75/75 | 재적재 13 | 중계율 0.27 | alpha 0.001 | complete
Ep 419 | 드론6 목적지60 |  562스텝 | 배송 60/60 | 재적재  9 | 중계율 0.21 | alpha 0.001 | complete
Ep 420 | 드론3 목적지22 |  554스텝 | 배송 22/22 | 재적재  2 | 중계율 0.25 | alpha 0.001 | complete
Ep 421 | 드론5 목적지40 |  616스텝 | 배송 40/40 | 재적재  5 | 중계율 0.23 | alpha 0.001 | complete
Ep 422 | 드론6 목적지52 |  360스텝 | 배송 52/52 | 재적재  7 | 중계율 0.09 | alpha 0.001 | complete
Ep 423 | 드론4 목적지29 |  346스텝 | 배송 29/29 | 재적재  4 | 중계율 0.15 | alpha 0.001 | complete
Ep 424 | 드론4 목적지29 |  456스텝 | 배송 29/29 | 재적재  3 | 중계율 0.12 | alpha 0.001 | complete
Ep 425 | 드론3 목적지80 | 1000스텝 | 배송 65/80 | 재적재 12 | 중계율 0.22 | alpha 0.001 | step_limit
Ep 426 | 드론5 목적지78 |  744스텝 | 배송 78/78 | 재적재 13 | 중계율 0.12 | alpha 0.001 | complete
Ep 427 | 드론4 목적지46 |  694스텝 | 배송 46/46 | 재적재  8 | 중계율 0.19 | alpha 0.001 | complete
Ep 428 | 드론5 목적지72 |  755스텝 | 배송 72/72 | 재적재 11 | 중계율 0.20 | alpha 0.001 | complete
Ep 429 | 드론4 목적지72 |  935스텝 | 배송 72/72 | 재적재 13 | 중계율 0.27 | alpha 0.001 | complete
Ep 430 | 드론3 목적지78 | 1000스텝 | 배송 69/78 | 재적재 12 | 중계율 0.22 | alpha 0.001 | step_limit
Ep 431 | 드론4 목적지23 |  339스텝 | 배송 23/23 | 재적재  2 | 중계율 0.21 | alpha 0.001 | complete
Ep 432 | 드론6 목적지41 |  330스텝 | 배송 41/41 | 재적재  6 | 중계율 0.08 | alpha 0.001 | complete
Ep 433 | 드론3 목적지66 | 1000스텝 | 배송 61/66 | 재적재 10 | 중계율 0.24 | alpha 0.001 | step_limit
Ep 434 | 드론5 목적지62 |  593스텝 | 배송 62/62 | 재적재 10 | 중계율 0.18 | alpha 0.001 | complete
Ep 435 | 드론3 목적지32 |  581스텝 | 배송 32/32 | 재적재  4 | 중계율 0.17 | alpha 0.001 | complete
Ep 436 | 드론6 목적지65 |  520스텝 | 배송 65/65 | 재적재 11 | 중계율 0.10 | alpha 0.001 | complete
Ep 437 | 드론5 목적지61 |  533스텝 | 배송 61/61 | 재적재 10 | 중계율 0.08 | alpha 0.001 | complete
Ep 438 | 드론3 목적지37 |  623스텝 | 배송 37/37 | 재적재  6 | 중계율 0.16 | alpha 0.001 | complete
Ep 439 | 드론5 목적지49 |  873스텝 | 배송 49/49 | 재적재  7 | 중계율 0.28 | alpha 0.001 | complete
Ep 440 | 드론4 목적지42 |  669스텝 | 배송 42/42 | 재적재  7 | 중계율 0.19 | alpha 0.001 | complete
Ep 441 | 드론3 목적지54 |  930스텝 | 배송 54/54 | 재적재 10 | 중계율 0.28 | alpha 0.001 | complete
Ep 442 | 드론6 목적지41 |  367스텝 | 배송 41/41 | 재적재  5 | 중계율 0.11 | alpha 0.001 | complete
Ep 443 | 드론4 목적지61 |  896스텝 | 배송 61/61 | 재적재 11 | 중계율 0.29 | alpha 0.001 | complete
Ep 444 | 드론4 목적지55 |  713스텝 | 배송 55/55 | 재적재  9 | 중계율 0.18 | alpha 0.001 | complete
Ep 445 | 드론3 목적지49 |  805스텝 | 배송 49/49 | 재적재  8 | 중계율 0.26 | alpha 0.001 | complete
Ep 446 | 드론6 목적지72 |  569스텝 | 배송 72/72 | 재적재 12 | 중계율 0.16 | alpha 0.001 | complete
Ep 447 | 드론6 목적지40 |  382스텝 | 배송 40/40 | 재적재  5 | 중계율 0.16 | alpha 0.001 | complete
Ep 448 | 드론4 목적지71 | 1000스텝 | 배송 63/71 | 재적재 10 | 중계율 0.32 | alpha 0.001 | step_limit
Ep 449 | 드론5 목적지26 |  277스텝 | 배송 26/26 | 재적재  4 | 중계율 0.15 | alpha 0.001 | complete
Ep 450 | 드론3 목적지56 | 1000스텝 | 배송 50/56 | 재적재  8 | 중계율 0.27 | alpha 0.001 | step_limit
  [홀드아웃] 배송 49.5±1.6 완주 0.89 스텝 1028 점수 95.3 재적재 8.0 2홉+ 0.62 | 최고 95.3@ep450 정체 0/15  ← 갱신
Ep 451 | 드론6 목적지51 |  553스텝 | 배송 51/51 | 재적재  6 | 중계율 0.20 | alpha 0.001 | complete
Ep 452 | 드론3 목적지34 |  556스텝 | 배송 34/34 | 재적재  6 | 중계율 0.14 | alpha 0.001 | complete
Ep 453 | 드론5 목적지47 |  457스텝 | 배송 47/47 | 재적재  8 | 중계율 0.12 | alpha 0.001 | complete
Ep 454 | 드론6 목적지70 |  612스텝 | 배송 70/70 | 재적재 11 | 중계율 0.20 | alpha 0.001 | complete
Ep 455 | 드론5 목적지44 |  548스텝 | 배송 44/44 | 재적재  7 | 중계율 0.22 | alpha 0.001 | complete
Ep 456 | 드론6 목적지49 |  379스텝 | 배송 49/49 | 재적재  6 | 중계율 0.10 | alpha 0.001 | complete
Ep 457 | 드론6 목적지56 |  403스텝 | 배송 56/56 | 재적재  7 | 중계율 0.12 | alpha 0.001 | complete
Ep 458 | 드론6 목적지42 |  475스텝 | 배송 42/42 | 재적재  6 | 중계율 0.17 | alpha 0.001 | complete
Ep 459 | 드론3 목적지45 |  817스텝 | 배송 45/45 | 재적재  8 | 중계율 0.15 | alpha 0.001 | complete
Ep 460 | 드론5 목적지73 |  561스텝 | 배송 73/73 | 재적재 12 | 중계율 0.14 | alpha 0.001 | complete
Ep 461 | 드론3 목적지30 |  634스텝 | 배송 30/30 | 재적재  4 | 중계율 0.38 | alpha 0.001 | complete
Ep 462 | 드론4 목적지64 |  816스텝 | 배송 64/64 | 재적재 11 | 중계율 0.18 | alpha 0.001 | complete
Ep 463 | 드론4 목적지63 |  978스텝 | 배송 63/63 | 재적재 12 | 중계율 0.23 | alpha 0.001 | complete
Ep 464 | 드론3 목적지68 | 1000스텝 | 배송 65/68 | 재적재 11 | 중계율 0.26 | alpha 0.001 | step_limit
Ep 465 | 드론6 목적지63 |  683스텝 | 배송 63/63 | 재적재 10 | 중계율 0.18 | alpha 0.001 | complete
Ep 466 | 드론5 목적지65 |  716스텝 | 배송 65/65 | 재적재 10 | 중계율 0.18 | alpha 0.001 | complete
Ep 467 | 드론5 목적지57 |  584스텝 | 배송 57/57 | 재적재 10 | 중계율 0.15 | alpha 0.001 | complete
Ep 468 | 드론3 목적지35 |  612스텝 | 배송 35/35 | 재적재  6 | 중계율 0.23 | alpha 0.001 | complete
Ep 469 | 드론4 목적지46 | 1000스텝 | 배송 45/46 | 재적재  7 | 중계율 0.37 | alpha 0.001 | step_limit
Ep 470 | 드론6 목적지53 |  455스텝 | 배송 53/53 | 재적재  8 | 중계율 0.14 | alpha 0.001 | complete
Ep 471 | 드론6 목적지45 |  441스텝 | 배송 45/45 | 재적재  5 | 중계율 0.17 | alpha 0.001 | complete
Ep 472 | 드론4 목적지53 |  816스텝 | 배송 53/53 | 재적재  9 | 중계율 0.28 | alpha 0.001 | complete
Ep 473 | 드론5 목적지71 |  684스텝 | 배송 71/71 | 재적재 13 | 중계율 0.19 | alpha 0.001 | complete
Ep 474 | 드론5 목적지25 |  274스텝 | 배송 25/25 | 재적재  2 | 중계율 0.18 | alpha 0.001 | complete
Ep 475 | 드론5 목적지40 |  465스텝 | 배송 40/40 | 재적재  5 | 중계율 0.14 | alpha 0.001 | complete
Ep 476 | 드론3 목적지33 |  797스텝 | 배송 33/33 | 재적재  5 | 중계율 0.28 | alpha 0.001 | complete
Ep 477 | 드론3 목적지21 |  476스텝 | 배송 21/21 | 재적재  2 | 중계율 0.17 | alpha 0.001 | complete
Ep 478 | 드론5 목적지22 |  258스텝 | 배송 22/22 | 재적재  2 | 중계율 0.14 | alpha 0.001 | complete
Ep 479 | 드론6 목적지41 |  672스텝 | 배송 41/41 | 재적재  7 | 중계율 0.30 | alpha 0.001 | complete
Ep 480 | 드론4 목적지57 |  729스텝 | 배송 57/57 | 재적재  9 | 중계율 0.17 | alpha 0.001 | complete
Ep 481 | 드론3 목적지66 | 1000스텝 | 배송 53/66 | 재적재 10 | 중계율 0.28 | alpha 0.001 | step_limit
Ep 482 | 드론5 목적지76 |  743스텝 | 배송 76/76 | 재적재 14 | 중계율 0.17 | alpha 0.001 | complete
Ep 483 | 드론4 목적지28 |  385스텝 | 배송 28/28 | 재적재  4 | 중계율 0.12 | alpha 0.001 | complete
Ep 484 | 드론6 목적지35 |  341스텝 | 배송 35/35 | 재적재  4 | 중계율 0.10 | alpha 0.001 | complete
Ep 485 | 드론6 목적지44 |  453스텝 | 배송 44/44 | 재적재  5 | 중계율 0.16 | alpha 0.001 | complete
Ep 486 | 드론6 목적지75 |  465스텝 | 배송 75/75 | 재적재 13 | 중계율 0.09 | alpha 0.001 | complete
Ep 487 | 드론4 목적지75 | 1000스텝 | 배송 67/75 | 재적재 11 | 중계율 0.16 | alpha 0.001 | step_limit
Ep 488 | 드론5 목적지60 |  753스텝 | 배송 60/60 | 재적재 10 | 중계율 0.24 | alpha 0.001 | complete
Ep 489 | 드론4 목적지80 | 1000스텝 | 배송 77/80 | 재적재 14 | 중계율 0.19 | alpha 0.001 | step_limit
Ep 490 | 드론3 목적지30 |  615스텝 | 배송 30/30 | 재적재  4 | 중계율 0.23 | alpha 0.001 | complete
Ep 491 | 드론4 목적지59 |  907스텝 | 배송 59/59 | 재적재 10 | 중계율 0.23 | alpha 0.001 | complete
Ep 492 | 드론3 목적지74 | 1000스텝 | 배송 64/74 | 재적재 11 | 중계율 0.28 | alpha 0.001 | step_limit
Ep 493 | 드론3 목적지47 |  971스텝 | 배송 47/47 | 재적재  7 | 중계율 0.27 | alpha 0.001 | complete
Ep 494 | 드론4 목적지52 |  915스텝 | 배송 52/52 | 재적재  9 | 중계율 0.21 | alpha 0.001 | complete
Ep 495 | 드론4 목적지54 |  763스텝 | 배송 54/54 | 재적재  8 | 중계율 0.20 | alpha 0.001 | complete
Ep 496 | 드론6 목적지56 |  544스텝 | 배송 56/56 | 재적재  7 | 중계율 0.18 | alpha 0.001 | complete
Ep 497 | 드론6 목적지73 |  721스텝 | 배송 73/73 | 재적재 13 | 중계율 0.23 | alpha 0.001 | complete
Ep 498 | 드론4 목적지22 |  287스텝 | 배송 22/22 | 재적재  3 | 중계율 0.12 | alpha 0.001 | complete
Ep 499 | 드론6 목적지55 |  450스텝 | 배송 55/55 | 재적재  7 | 중계율 0.16 | alpha 0.001 | complete
Ep 500 | 드론3 목적지55 |  902스텝 | 배송 55/55 | 재적재  9 | 중계율 0.27 | alpha 0.001 | complete
  [홀드아웃] 배송 49.6±2.4 완주 0.95 스텝 992 점수 101.7 재적재 8.0 2홉+ 0.62 | 최고 101.7@ep500 정체 0/15  ← 갱신
Ep 501 | 드론6 목적지25 |  277스텝 | 배송 25/25 | 재적재  2 | 중계율 0.12 | alpha 0.001 | complete
Ep 502 | 드론3 목적지53 |  952스텝 | 배송 53/53 | 재적재  9 | 중계율 0.28 | alpha 0.001 | complete
Ep 503 | 드론5 목적지73 |  690스텝 | 배송 73/73 | 재적재 13 | 중계율 0.18 | alpha 0.001 | complete
Ep 504 | 드론3 목적지60 | 1000스텝 | 배송 57/60 | 재적재 10 | 중계율 0.21 | alpha 0.001 | step_limit
Ep 505 | 드론4 목적지72 | 1000스텝 | 배송 71/72 | 재적재 12 | 중계율 0.24 | alpha 0.001 | step_limit
Ep 506 | 드론4 목적지76 | 1000스텝 | 배송 70/76 | 재적재 12 | 중계율 0.25 | alpha 0.001 | step_limit
Ep 507 | 드론6 목적지79 |  573스텝 | 배송 79/79 | 재적재 13 | 중계율 0.14 | alpha 0.001 | complete
Ep 508 | 드론6 목적지38 |  429스텝 | 배송 38/38 | 재적재  6 | 중계율 0.16 | alpha 0.001 | complete
Ep 509 | 드론4 목적지52 |  767스텝 | 배송 52/52 | 재적재  9 | 중계율 0.14 | alpha 0.001 | complete
Ep 510 | 드론4 목적지42 |  471스텝 | 배송 42/42 | 재적재  7 | 중계율 0.13 | alpha 0.001 | complete
Ep 511 | 드론4 목적지21 |  431스텝 | 배송 21/21 | 재적재  1 | 중계율 0.23 | alpha 0.001 | complete
Ep 512 | 드론4 목적지23 |  428스텝 | 배송 23/23 | 재적재  2 | 중계율 0.20 | alpha 0.001 | complete
Ep 513 | 드론3 목적지66 | 1000스텝 | 배송 59/66 | 재적재 10 | 중계율 0.17 | alpha 0.001 | step_limit
Ep 514 | 드론4 목적지38 | 1000스텝 | 배송 31/38 | 재적재  5 | 중계율 0.34 | alpha 0.001 | step_limit
Ep 515 | 드론5 목적지23 |  304스텝 | 배송 23/23 | 재적재  1 | 중계율 0.24 | alpha 0.001 | complete
Ep 516 | 드론5 목적지34 |  515스텝 | 배송 34/34 | 재적재  4 | 중계율 0.18 | alpha 0.001 | complete
Ep 517 | 드론4 목적지73 | 1000스텝 | 배송 68/73 | 재적재 11 | 중계율 0.28 | alpha 0.001 | step_limit
Ep 518 | 드론5 목적지43 |  587스텝 | 배송 43/43 | 재적재  6 | 중계율 0.15 | alpha 0.001 | complete
Ep 519 | 드론4 목적지65 | 1000스텝 | 배송 61/65 | 재적재 10 | 중계율 0.30 | alpha 0.001 | step_limit
Ep 520 | 드론5 목적지55 |  574스텝 | 배송 55/55 | 재적재  8 | 중계율 0.17 | alpha 0.001 | complete
Ep 521 | 드론4 목적지62 |  727스텝 | 배송 62/62 | 재적재 10 | 중계율 0.16 | alpha 0.001 | complete
Ep 522 | 드론6 목적지37 |  367스텝 | 배송 37/37 | 재적재  5 | 중계율 0.17 | alpha 0.001 | complete
Ep 523 | 드론6 목적지66 |  522스텝 | 배송 66/66 | 재적재 10 | 중계율 0.12 | alpha 0.001 | complete
Ep 524 | 드론4 목적지57 |  782스텝 | 배송 57/57 | 재적재  9 | 중계율 0.18 | alpha 0.001 | complete
Ep 525 | 드론4 목적지39 |  507스텝 | 배송 39/39 | 재적재  7 | 중계율 0.11 | alpha 0.001 | complete
Ep 526 | 드론5 목적지73 |  832스텝 | 배송 73/73 | 재적재 12 | 중계율 0.19 | alpha 0.001 | complete
Ep 527 | 드론6 목적지58 |  457스텝 | 배송 58/58 | 재적재 10 | 중계율 0.17 | alpha 0.001 | complete
Ep 528 | 드론5 목적지46 |  455스텝 | 배송 46/46 | 재적재  7 | 중계율 0.14 | alpha 0.001 | complete
Ep 529 | 드론6 목적지20 |  215스텝 | 배송 20/20 | 재적재  1 | 중계율 0.12 | alpha 0.001 | complete
Ep 530 | 드론6 목적지72 |  591스텝 | 배송 72/72 | 재적재 11 | 중계율 0.18 | alpha 0.001 | complete
Ep 531 | 드론3 목적지21 |  500스텝 | 배송 21/21 | 재적재  3 | 중계율 0.31 | alpha 0.001 | complete
Ep 532 | 드론5 목적지32 |  415스텝 | 배송 32/32 | 재적재  4 | 중계율 0.23 | alpha 0.001 | complete
Ep 533 | 드론4 목적지79 | 1000스텝 | 배송 78/79 | 재적재 14 | 중계율 0.27 | alpha 0.001 | step_limit
Ep 534 | 드론6 목적지56 |  514스텝 | 배송 56/56 | 재적재 10 | 중계율 0.20 | alpha 0.001 | complete
Ep 535 | 드론3 목적지68 | 1000스텝 | 배송 61/68 | 재적재 10 | 중계율 0.25 | alpha 0.001 | step_limit
Ep 536 | 드론5 목적지57 |  958스텝 | 배송 57/57 | 재적재  9 | 중계율 0.27 | alpha 0.001 | complete
Ep 537 | 드론4 목적지49 |  744스텝 | 배송 49/49 | 재적재  7 | 중계율 0.25 | alpha 0.001 | complete
Ep 538 | 드론4 목적지38 |  983스텝 | 배송 29/38 | 재적재  3 | 중계율 0.36 | alpha 0.001 | no_progress
Ep 539 | 드론5 목적지79 |  912스텝 | 배송 79/79 | 재적재 14 | 중계율 0.20 | alpha 0.001 | complete
Ep 540 | 드론6 목적지70 |  681스텝 | 배송 70/70 | 재적재 11 | 중계율 0.13 | alpha 0.001 | complete
Ep 541 | 드론5 목적지77 |  650스텝 | 배송 77/77 | 재적재 13 | 중계율 0.16 | alpha 0.001 | complete
Ep 542 | 드론5 목적지53 |  666스텝 | 배송 53/53 | 재적재  8 | 중계율 0.16 | alpha 0.001 | complete
Ep 543 | 드론3 목적지49 |  851스텝 | 배송 49/49 | 재적재  9 | 중계율 0.23 | alpha 0.001 | complete
Ep 544 | 드론6 목적지68 |  530스텝 | 배송 68/68 | 재적재 12 | 중계율 0.16 | alpha 0.001 | complete
Ep 545 | 드론6 목적지56 |  613스텝 | 배송 56/56 | 재적재  8 | 중계율 0.18 | alpha 0.001 | complete
Ep 546 | 드론6 목적지75 |  616스텝 | 배송 75/75 | 재적재 12 | 중계율 0.10 | alpha 0.001 | complete
Ep 547 | 드론4 목적지71 | 1000스텝 | 배송 63/71 | 재적재  9 | 중계율 0.27 | alpha 0.001 | step_limit
Ep 548 | 드론4 목적지80 |  871스텝 | 배송 80/80 | 재적재 14 | 중계율 0.17 | alpha 0.001 | complete
Ep 549 | 드론5 목적지38 |  391스텝 | 배송 38/38 | 재적재  4 | 중계율 0.10 | alpha 0.001 | complete
Ep 550 | 드론5 목적지49 |  460스텝 | 배송 49/49 | 재적재  7 | 중계율 0.11 | alpha 0.001 | complete
  [홀드아웃] 배송 49.5±2.7 완주 0.95 스텝 1004 점수 101.7 재적재 7.9 2홉+ 0.62 | 최고 101.7@ep500 정체 1/15
Ep 551 | 드론3 목적지56 | 1000스텝 | 배송 55/56 | 재적재 10 | 중계율 0.20 | alpha 0.001 | step_limit
Ep 552 | 드론6 목적지27 |  387스텝 | 배송 27/27 | 재적재  1 | 중계율 0.26 | alpha 0.001 | complete
Ep 553 | 드론3 목적지46 |  739스텝 | 배송 46/46 | 재적재  8 | 중계율 0.15 | alpha 0.001 | complete
Ep 554 | 드론5 목적지72 |  594스텝 | 배송 72/72 | 재적재 12 | 중계율 0.12 | alpha 0.001 | complete
Ep 555 | 드론3 목적지68 | 1000스텝 | 배송 56/68 | 재적재 10 | 중계율 0.29 | alpha 0.001 | step_limit
Ep 556 | 드론4 목적지30 | 1000스텝 | 배송 25/30 | 재적재  4 | 중계율 0.31 | alpha 0.001 | step_limit
Ep 557 | 드론4 목적지46 |  564스텝 | 배송 46/46 | 재적재  7 | 중계율 0.15 | alpha 0.001 | complete
Ep 558 | 드론5 목적지66 | 1000스텝 | 배송 57/66 | 재적재  9 | 중계율 0.29 | alpha 0.001 | step_limit
Ep 559 | 드론6 목적지78 |  736스텝 | 배송 78/78 | 재적재 13 | 중계율 0.19 | alpha 0.001 | complete
Ep 560 | 드론3 목적지22 |  627스텝 | 배송 22/22 | 재적재  3 | 중계율 0.20 | alpha 0.001 | complete
Ep 561 | 드론4 목적지29 |  280스텝 | 배송 29/29 | 재적재  4 | 중계율 0.10 | alpha 0.001 | complete
Ep 562 | 드론5 목적지71 |  675스텝 | 배송 71/71 | 재적재 13 | 중계율 0.12 | alpha 0.001 | complete
Ep 563 | 드론6 목적지61 |  724스텝 | 배송 61/61 | 재적재 10 | 중계율 0.22 | alpha 0.001 | complete
Ep 564 | 드론6 목적지44 |  331스텝 | 배송 44/44 | 재적재  6 | 중계율 0.11 | alpha 0.001 | complete
Ep 565 | 드론6 목적지21 |  198스텝 | 배송 21/21 | 재적재  0 | 중계율 0.24 | alpha 0.001 | complete
Ep 566 | 드론5 목적지23 |  402스텝 | 배송 23/23 | 재적재  2 | 중계율 0.16 | alpha 0.001 | complete
Ep 567 | 드론6 목적지57 |  365스텝 | 배송 57/57 | 재적재  8 | 중계율 0.10 | alpha 0.001 | complete
Ep 568 | 드론6 목적지23 |  236스텝 | 배송 23/23 | 재적재  0 | 중계율 0.21 | alpha 0.001 | complete
Ep 569 | 드론5 목적지79 | 1000스텝 | 배송 78/79 | 재적재 14 | 중계율 0.25 | alpha 0.001 | step_limit
Ep 570 | 드론5 목적지70 |  701스텝 | 배송 70/70 | 재적재 11 | 중계율 0.19 | alpha 0.001 | complete
Ep 571 | 드론6 목적지78 |  585스텝 | 배송 78/78 | 재적재 13 | 중계율 0.09 | alpha 0.001 | complete
Ep 572 | 드론5 목적지70 |  670스텝 | 배송 70/70 | 재적재 12 | 중계율 0.16 | alpha 0.001 | complete
Ep 573 | 드론3 목적지77 | 1000스텝 | 배송 57/77 | 재적재 11 | 중계율 0.21 | alpha 0.001 | step_limit
Ep 574 | 드론5 목적지34 |  566스텝 | 배송 34/34 | 재적재  5 | 중계율 0.18 | alpha 0.001 | complete
Ep 575 | 드론3 목적지21 |  548스텝 | 배송 21/21 | 재적재  3 | 중계율 0.14 | alpha 0.001 | complete
Ep 576 | 드론4 목적지39 |  527스텝 | 배송 39/39 | 재적재  7 | 중계율 0.11 | alpha 0.001 | complete
Ep 577 | 드론6 목적지53 |  516스텝 | 배송 53/53 | 재적재  9 | 중계율 0.13 | alpha 0.001 | complete
Ep 578 | 드론5 목적지29 |  462스텝 | 배송 29/29 | 재적재  3 | 중계율 0.17 | alpha 0.001 | complete
Ep 579 | 드론4 목적지67 |  776스텝 | 배송 67/67 | 재적재 12 | 중계율 0.18 | alpha 0.001 | complete
Ep 580 | 드론5 목적지39 |  470스텝 | 배송 39/39 | 재적재  5 | 중계율 0.21 | alpha 0.001 | complete
Ep 581 | 드론4 목적지25 |  532스텝 | 배송 25/25 | 재적재  3 | 중계율 0.24 | alpha 0.001 | complete
Ep 582 | 드론3 목적지27 |  597스텝 | 배송 27/27 | 재적재  4 | 중계율 0.16 | alpha 0.001 | complete
Ep 583 | 드론3 목적지67 | 1000스텝 | 배송 58/67 | 재적재 10 | 중계율 0.27 | alpha 0.001 | step_limit
Ep 584 | 드론5 목적지70 |  681스텝 | 배송 70/70 | 재적재 13 | 중계율 0.16 | alpha 0.001 | complete
Ep 585 | 드론3 목적지50 |  945스텝 | 배송 50/50 | 재적재  9 | 중계율 0.20 | alpha 0.001 | complete
Ep 586 | 드론3 목적지55 | 1000스텝 | 배송 50/55 | 재적재  8 | 중계율 0.31 | alpha 0.001 | step_limit
Ep 587 | 드론6 목적지46 |  375스텝 | 배송 46/46 | 재적재  5 | 중계율 0.10 | alpha 0.001 | complete
Ep 588 | 드론3 목적지39 |  701스텝 | 배송 39/39 | 재적재  6 | 중계율 0.23 | alpha 0.001 | complete
Ep 589 | 드론6 목적지48 |  500스텝 | 배송 48/48 | 재적재  8 | 중계율 0.13 | alpha 0.001 | complete
Ep 590 | 드론4 목적지55 |  728스텝 | 배송 55/55 | 재적재  9 | 중계율 0.15 | alpha 0.001 | complete
Ep 591 | 드론3 목적지70 | 1000스텝 | 배송 60/70 | 재적재 10 | 중계율 0.22 | alpha 0.001 | step_limit
Ep 592 | 드론3 목적지45 |  793스텝 | 배송 45/45 | 재적재  7 | 중계율 0.27 | alpha 0.001 | complete
Ep 593 | 드론4 목적지27 |  447스텝 | 배송 27/27 | 재적재  2 | 중계율 0.15 | alpha 0.001 | complete
Ep 594 | 드론4 목적지77 | 1000스텝 | 배송 61/77 | 재적재 11 | 중계율 0.29 | alpha 0.001 | step_limit
Ep 595 | 드론5 목적지64 |  793스텝 | 배송 64/64 | 재적재 10 | 중계율 0.22 | alpha 0.001 | complete
Ep 596 | 드론3 목적지66 | 1000스텝 | 배송 61/66 | 재적재 10 | 중계율 0.25 | alpha 0.001 | step_limit
Ep 597 | 드론5 목적지31 |  861스텝 | 배송 31/31 | 재적재  3 | 중계율 0.27 | alpha 0.001 | complete
Ep 598 | 드론5 목적지64 | 1000스텝 | 배송 63/64 | 재적재 11 | 중계율 0.24 | alpha 0.001 | step_limit
Ep 599 | 드론3 목적지39 |  957스텝 | 배송 39/39 | 재적재  7 | 중계율 0.31 | alpha 0.001 | complete
Ep 600 | 드론6 목적지80 |  605스텝 | 배송 80/80 | 재적재 13 | 중계율 0.16 | alpha 0.001 | complete
  [홀드아웃] 배송 49.6±1.9 완주 0.94 스텝 983 점수 100.5 재적재 8.1 2홉+ 0.62 | 최고 101.7@ep500 정체 2/15
Ep 601 | 드론4 목적지28 |  517스텝 | 배송 28/28 | 재적재  4 | 중계율 0.20 | alpha 0.001 | complete
Ep 602 | 드론4 목적지78 |  857스텝 | 배송 78/78 | 재적재 15 | 중계율 0.14 | alpha 0.001 | complete
Ep 603 | 드론4 목적지64 | 1000스텝 | 배송 58/64 | 재적재  9 | 중계율 0.28 | alpha 0.001 | step_limit
Ep 604 | 드론5 목적지68 |  552스텝 | 배송 68/68 | 재적재 10 | 중계율 0.14 | alpha 0.001 | complete
Ep 605 | 드론5 목적지55 |  641스텝 | 배송 55/55 | 재적재  9 | 중계율 0.20 | alpha 0.001 | complete
Ep 606 | 드론6 목적지69 |  556스텝 | 배송 69/69 | 재적재 12 | 중계율 0.13 | alpha 0.001 | complete
Ep 607 | 드론3 목적지31 |  753스텝 | 배송 31/31 | 재적재  5 | 중계율 0.26 | alpha 0.001 | complete
Ep 608 | 드론4 목적지59 | 1000스텝 | 배송 50/59 | 재적재  8 | 중계율 0.29 | alpha 0.001 | step_limit
Ep 609 | 드론5 목적지56 |  816스텝 | 배송 56/56 | 재적재  8 | 중계율 0.28 | alpha 0.001 | complete
Ep 610 | 드론4 목적지59 | 1000스텝 | 배송 56/59 | 재적재 10 | 중계율 0.24 | alpha 0.001 | step_limit
Ep 611 | 드론3 목적지21 |  428스텝 | 배송 21/21 | 재적재  3 | 중계율 0.18 | alpha 0.001 | complete
Ep 612 | 드론4 목적지27 |  682스텝 | 배송 27/27 | 재적재  4 | 중계율 0.21 | alpha 0.001 | complete
Ep 613 | 드론4 목적지80 | 1000스텝 | 배송 76/80 | 재적재 13 | 중계율 0.20 | alpha 0.001 | step_limit
Ep 614 | 드론4 목적지54 |  859스텝 | 배송 54/54 | 재적재  9 | 중계율 0.20 | alpha 0.001 | complete
Ep 615 | 드론3 목적지56 | 1000스텝 | 배송 51/56 | 재적재  9 | 중계율 0.19 | alpha 0.001 | step_limit
Ep 616 | 드론6 목적지71 |  797스텝 | 배송 71/71 | 재적재 12 | 중계율 0.22 | alpha 0.001 | complete
Ep 617 | 드론4 목적지67 |  869스텝 | 배송 67/67 | 재적재 11 | 중계율 0.20 | alpha 0.001 | complete
Ep 618 | 드론4 목적지52 |  820스텝 | 배송 52/52 | 재적재  9 | 중계율 0.22 | alpha 0.001 | complete
Ep 619 | 드론5 목적지54 |  557스텝 | 배송 54/54 | 재적재  8 | 중계율 0.12 | alpha 0.001 | complete
Ep 620 | 드론5 목적지66 |  745스텝 | 배송 66/66 | 재적재 10 | 중계율 0.19 | alpha 0.001 | complete
Ep 621 | 드론3 목적지46 |  820스텝 | 배송 46/46 | 재적재  7 | 중계율 0.21 | alpha 0.001 | complete
Ep 622 | 드론4 목적지28 |  549스텝 | 배송 28/28 | 재적재  5 | 중계율 0.25 | alpha 0.001 | complete
Ep 623 | 드론6 목적지44 |  368스텝 | 배송 44/44 | 재적재  5 | 중계율 0.08 | alpha 0.001 | complete
Ep 624 | 드론3 목적지42 | 1000스텝 | 배송 40/42 | 재적재  7 | 중계율 0.21 | alpha 0.001 | step_limit
Ep 625 | 드론4 목적지37 |  618스텝 | 배송 37/37 | 재적재  6 | 중계율 0.16 | alpha 0.001 | complete
Ep 626 | 드론4 목적지68 |  947스텝 | 배송 68/68 | 재적재 12 | 중계율 0.21 | alpha 0.001 | complete
Ep 627 | 드론6 목적지27 |  197스텝 | 배송 27/27 | 재적재  1 | 중계율 0.10 | alpha 0.001 | complete
Ep 628 | 드론6 목적지38 |  331스텝 | 배송 38/38 | 재적재  5 | 중계율 0.09 | alpha 0.001 | complete
Ep 629 | 드론5 목적지57 |  479스텝 | 배송 57/57 | 재적재  9 | 중계율 0.11 | alpha 0.001 | complete
Ep 630 | 드론3 목적지73 | 1000스텝 | 배송 63/73 | 재적재 10 | 중계율 0.24 | alpha 0.001 | step_limit
Ep 631 | 드론4 목적지58 | 1000스텝 | 배송 52/58 | 재적재  7 | 중계율 0.34 | alpha 0.001 | step_limit
Ep 632 | 드론6 목적지36 |  312스텝 | 배송 36/36 | 재적재  5 | 중계율 0.06 | alpha 0.001 | complete
Ep 633 | 드론3 목적지46 | 1000스텝 | 배송 45/46 | 재적재  7 | 중계율 0.30 | alpha 0.001 | step_limit
Ep 634 | 드론4 목적지25 |  286스텝 | 배송 25/25 | 재적재  3 | 중계율 0.09 | alpha 0.001 | complete
Ep 635 | 드론4 목적지39 |  620스텝 | 배송 39/39 | 재적재  6 | 중계율 0.20 | alpha 0.001 | complete
Ep 636 | 드론6 목적지28 |  239스텝 | 배송 28/28 | 재적재  3 | 중계율 0.12 | alpha 0.001 | complete
Ep 637 | 드론6 목적지39 |  360스텝 | 배송 39/39 | 재적재  5 | 중계율 0.10 | alpha 0.001 | complete
Ep 638 | 드론4 목적지46 |  851스텝 | 배송 31/46 | 재적재  6 | 중계율 0.18 | alpha 0.001 | no_progress
Ep 639 | 드론6 목적지21 |  267스텝 | 배송 21/21 | 재적재  3 | 중계율 0.17 | alpha 0.001 | complete
Ep 640 | 드론3 목적지55 | 1000스텝 | 배송 48/55 | 재적재  9 | 중계율 0.30 | alpha 0.001 | step_limit
Ep 641 | 드론4 목적지74 | 1000스텝 | 배송 59/74 | 재적재 11 | 중계율 0.25 | alpha 0.001 | step_limit
Ep 642 | 드론4 목적지24 |  395스텝 | 배송 24/24 | 재적재  2 | 중계율 0.17 | alpha 0.001 | complete
Ep 643 | 드론5 목적지57 |  716스텝 | 배송 57/57 | 재적재  9 | 중계율 0.18 | alpha 0.001 | complete
Ep 644 | 드론4 목적지45 |  909스텝 | 배송 45/45 | 재적재  7 | 중계율 0.29 | alpha 0.001 | complete
Ep 645 | 드론3 목적지48 | 1000스텝 | 배송 28/48 | 재적재  5 | 중계율 0.28 | alpha 0.001 | step_limit
Ep 646 | 드론4 목적지25 |  423스텝 | 배송 25/25 | 재적재  2 | 중계율 0.26 | alpha 0.001 | complete
Ep 647 | 드론4 목적지26 |  386스텝 | 배송 26/26 | 재적재  3 | 중계율 0.14 | alpha 0.001 | complete
Ep 648 | 드론4 목적지48 |  811스텝 | 배송 48/48 | 재적재  9 | 중계율 0.13 | alpha 0.001 | complete
Ep 649 | 드론6 목적지69 |  549스텝 | 배송 69/69 | 재적재 11 | 중계율 0.12 | alpha 0.001 | complete
Ep 650 | 드론4 목적지64 |  895스텝 | 배송 64/64 | 재적재 10 | 중계율 0.18 | alpha 0.001 | complete
  [홀드아웃] 배송 49.6±1.8 완주 0.91 스텝 1005 점수 97.9 재적재 8.1 2홉+ 0.61 | 최고 101.7@ep500 정체 3/15
Ep 651 | 드론5 목적지77 |  989스텝 | 배송 77/77 | 재적재 12 | 중계율 0.27 | alpha 0.001 | complete
Ep 652 | 드론4 목적지32 |  593스텝 | 배송 32/32 | 재적재  4 | 중계율 0.22 | alpha 0.001 | complete
Ep 653 | 드론4 목적지77 |  882스텝 | 배송 77/77 | 재적재 12 | 중계율 0.19 | alpha 0.001 | complete
Ep 654 | 드론6 목적지21 |  192스텝 | 배송 21/21 | 재적재  0 | 중계율 0.19 | alpha 0.001 | complete
Ep 655 | 드론4 목적지28 |  398스텝 | 배송 28/28 | 재적재  4 | 중계율 0.15 | alpha 0.001 | complete
Ep 656 | 드론4 목적지50 |  684스텝 | 배송 50/50 | 재적재  7 | 중계율 0.25 | alpha 0.001 | complete
Ep 657 | 드론5 목적지62 |  507스텝 | 배송 62/62 | 재적재 10 | 중계율 0.11 | alpha 0.001 | complete
Ep 658 | 드론3 목적지50 |  911스텝 | 배송 50/50 | 재적재  8 | 중계율 0.25 | alpha 0.001 | complete
Ep 659 | 드론5 목적지39 |  381스텝 | 배송 39/39 | 재적재  5 | 중계율 0.11 | alpha 0.001 | complete
Ep 660 | 드론5 목적지65 |  537스텝 | 배송 65/65 | 재적재 11 | 중계율 0.10 | alpha 0.001 | complete
Ep 661 | 드론6 목적지20 |  174스텝 | 배송 20/20 | 재적재  0 | 중계율 0.10 | alpha 0.001 | complete
Ep 662 | 드론6 목적지46 |  340스텝 | 배송 46/46 | 재적재  5 | 중계율 0.13 | alpha 0.001 | complete
Ep 663 | 드론4 목적지78 |  998스텝 | 배송 78/78 | 재적재 14 | 중계율 0.20 | alpha 0.001 | complete
Ep 664 | 드론4 목적지28 |  643스텝 | 배송 28/28 | 재적재  4 | 중계율 0.24 | alpha 0.001 | complete
Ep 665 | 드론3 목적지25 |  686스텝 | 배송 25/25 | 재적재  4 | 중계율 0.25 | alpha 0.001 | complete
Ep 666 | 드론5 목적지74 |  645스텝 | 배송 74/74 | 재적재 13 | 중계율 0.15 | alpha 0.001 | complete
Ep 667 | 드론4 목적지50 |  695스텝 | 배송 50/50 | 재적재  7 | 중계율 0.19 | alpha 0.001 | complete
Ep 668 | 드론6 목적지80 |  630스텝 | 배송 80/80 | 재적재 14 | 중계율 0.11 | alpha 0.001 | complete
Ep 669 | 드론5 목적지53 |  553스텝 | 배송 53/53 | 재적재  8 | 중계율 0.14 | alpha 0.001 | complete
Ep 670 | 드론3 목적지68 | 1000스텝 | 배송 55/68 | 재적재  8 | 중계율 0.25 | alpha 0.001 | step_limit
Ep 671 | 드론3 목적지60 | 1000스텝 | 배송 55/60 | 재적재  9 | 중계율 0.27 | alpha 0.001 | step_limit
Ep 672 | 드론3 목적지50 |  884스텝 | 배송 50/50 | 재적재  9 | 중계율 0.17 | alpha 0.001 | complete
Ep 673 | 드론6 목적지54 |  561스텝 | 배송 54/54 | 재적재  9 | 중계율 0.16 | alpha 0.001 | complete
Ep 674 | 드론6 목적지73 |  620스텝 | 배송 73/73 | 재적재 13 | 중계율 0.12 | alpha 0.001 | complete
Ep 675 | 드론4 목적지74 |  839스텝 | 배송 74/74 | 재적재 12 | 중계율 0.13 | alpha 0.001 | complete
Ep 676 | 드론4 목적지46 |  652스텝 | 배송 46/46 | 재적재  7 | 중계율 0.17 | alpha 0.001 | complete
Ep 677 | 드론3 목적지79 | 1000스텝 | 배송 70/79 | 재적재 12 | 중계율 0.22 | alpha 0.001 | step_limit
Ep 678 | 드론5 목적지41 |  540스텝 | 배송 41/41 | 재적재  7 | 중계율 0.21 | alpha 0.001 | complete
Ep 679 | 드론5 목적지58 |  650스텝 | 배송 58/58 | 재적재 10 | 중계율 0.18 | alpha 0.001 | complete
Ep 680 | 드론3 목적지31 |  558스텝 | 배송 31/31 | 재적재  4 | 중계율 0.16 | alpha 0.001 | complete
Ep 681 | 드론6 목적지65 |  600스텝 | 배송 65/65 | 재적재  9 | 중계율 0.16 | alpha 0.001 | complete
Ep 682 | 드론4 목적지72 | 1000스텝 | 배송 68/72 | 재적재 12 | 중계율 0.21 | alpha 0.001 | step_limit
Ep 683 | 드론6 목적지52 |  448스텝 | 배송 52/52 | 재적재  6 | 중계율 0.17 | alpha 0.001 | complete
Ep 684 | 드론3 목적지40 |  857스텝 | 배송 40/40 | 재적재  6 | 중계율 0.25 | alpha 0.001 | complete
Ep 685 | 드론4 목적지74 | 1000스텝 | 배송 70/74 | 재적재 12 | 중계율 0.21 | alpha 0.001 | step_limit
Ep 686 | 드론6 목적지58 |  482스텝 | 배송 58/58 | 재적재  8 | 중계율 0.10 | alpha 0.001 | complete
Ep 687 | 드론4 목적지46 | 1000스텝 | 배송 45/46 | 재적재  6 | 중계율 0.27 | alpha 0.001 | step_limit
Ep 688 | 드론6 목적지33 |  296스텝 | 배송 33/33 | 재적재  5 | 중계율 0.10 | alpha 0.001 | complete
Ep 689 | 드론5 목적지80 |  780스텝 | 배송 80/80 | 재적재 15 | 중계율 0.18 | alpha 0.001 | complete
Ep 690 | 드론3 목적지26 |  439스텝 | 배송 26/26 | 재적재  3 | 중계율 0.19 | alpha 0.001 | complete
Ep 691 | 드론4 목적지40 |  473스텝 | 배송 40/40 | 재적재  6 | 중계율 0.13 | alpha 0.001 | complete
Ep 692 | 드론3 목적지49 | 1000스텝 | 배송 47/49 | 재적재  8 | 중계율 0.26 | alpha 0.001 | step_limit
Ep 693 | 드론5 목적지56 |  716스텝 | 배송 56/56 | 재적재  8 | 중계율 0.18 | alpha 0.001 | complete
Ep 694 | 드론4 목적지69 | 1000스텝 | 배송 68/69 | 재적재 11 | 중계율 0.16 | alpha 0.001 | step_limit
Ep 695 | 드론5 목적지32 |  347스텝 | 배송 32/32 | 재적재  5 | 중계율 0.08 | alpha 0.001 | complete
Ep 696 | 드론4 목적지48 |  604스텝 | 배송 48/48 | 재적재  7 | 중계율 0.16 | alpha 0.001 | complete
Ep 697 | 드론3 목적지58 | 1000스텝 | 배송 56/58 | 재적재 10 | 중계율 0.23 | alpha 0.001 | step_limit
Ep 698 | 드론5 목적지65 |  864스텝 | 배송 65/65 | 재적재 11 | 중계율 0.21 | alpha 0.001 | complete
Ep 699 | 드론5 목적지44 |  772스텝 | 배송 44/44 | 재적재  6 | 중계율 0.31 | alpha 0.001 | complete
Ep 700 | 드론6 목적지40 |  573스텝 | 배송 40/40 | 재적재  4 | 중계율 0.20 | alpha 0.001 | complete
  [홀드아웃] 배송 49.5±1.7 완주 0.89 스텝 1002 점수 95.4 재적재 8.2 2홉+ 0.62 | 최고 101.7@ep500 정체 4/15
Ep 701 | 드론6 목적지26 |  505스텝 | 배송 26/26 | 재적재  3 | 중계율 0.23 | alpha 0.001 | complete
Ep 702 | 드론3 목적지66 | 1000스텝 | 배송 64/66 | 재적재 12 | 중계율 0.21 | alpha 0.001 | step_limit
Ep 703 | 드론4 목적지25 |  536스텝 | 배송 25/25 | 재적재  4 | 중계율 0.19 | alpha 0.001 | complete
Ep 704 | 드론6 목적지35 |  319스텝 | 배송 35/35 | 재적재  5 | 중계율 0.09 | alpha 0.001 | complete
Ep 705 | 드론4 목적지24 |  413스텝 | 배송 24/24 | 재적재  2 | 중계율 0.15 | alpha 0.001 | complete
Ep 706 | 드론3 목적지64 | 1000스텝 | 배송 60/64 | 재적재 12 | 중계율 0.17 | alpha 0.001 | step_limit
Ep 707 | 드론4 목적지24 |  532스텝 | 배송 24/24 | 재적재  4 | 중계율 0.12 | alpha 0.001 | complete
Ep 708 | 드론6 목적지68 |  447스텝 | 배송 68/68 | 재적재 11 | 중계율 0.10 | alpha 0.001 | complete
Ep 709 | 드론4 목적지57 | 1000스텝 | 배송 56/57 | 재적재 10 | 중계율 0.25 | alpha 0.001 | step_limit
Ep 710 | 드론6 목적지78 |  629스텝 | 배송 78/78 | 재적재 13 | 중계율 0.15 | alpha 0.001 | complete
Ep 711 | 드론6 목적지34 |  460스텝 | 배송 34/34 | 재적재  4 | 중계율 0.18 | alpha 0.001 | complete
Ep 712 | 드론4 목적지21 |  336스텝 | 배송 21/21 | 재적재  2 | 중계율 0.16 | alpha 0.001 | complete
Ep 713 | 드론3 목적지63 | 1000스텝 | 배송 59/63 | 재적재 11 | 중계율 0.31 | alpha 0.001 | step_limit
Ep 714 | 드론3 목적지64 | 1000스텝 | 배송 61/64 | 재적재 11 | 중계율 0.22 | alpha 0.001 | step_limit
Ep 715 | 드론5 목적지43 |  506스텝 | 배송 43/43 | 재적재  6 | 중계율 0.11 | alpha 0.001 | complete
Ep 716 | 드론3 목적지39 |  786스텝 | 배송 39/39 | 재적재  7 | 중계율 0.29 | alpha 0.001 | complete
Ep 717 | 드론4 목적지67 | 1000스텝 | 배송 65/67 | 재적재 11 | 중계율 0.17 | alpha 0.001 | step_limit
Ep 718 | 드론5 목적지68 |  757스텝 | 배송 68/68 | 재적재 12 | 중계율 0.14 | alpha 0.001 | complete
Ep 719 | 드론5 목적지67 |  675스텝 | 배송 67/67 | 재적재 12 | 중계율 0.18 | alpha 0.001 | complete
Ep 720 | 드론3 목적지49 | 1000스텝 | 배송 47/49 | 재적재  9 | 중계율 0.10 | alpha 0.001 | step_limit
Ep 721 | 드론4 목적지29 |  901스텝 | 배송 28/29 | 재적재  5 | 중계율 0.22 | alpha 0.001 | no_progress
Ep 722 | 드론6 목적지59 |  482스텝 | 배송 59/59 | 재적재 10 | 중계율 0.11 | alpha 0.001 | complete
Ep 723 | 드론5 목적지70 |  539스텝 | 배송 70/70 | 재적재 12 | 중계율 0.10 | alpha 0.001 | complete
Ep 724 | 드론4 목적지69 |  792스텝 | 배송 69/69 | 재적재 13 | 중계율 0.20 | alpha 0.001 | complete
Ep 725 | 드론4 목적지62 | 1000스텝 | 배송 55/62 | 재적재  9 | 중계율 0.28 | alpha 0.001 | step_limit
Ep 726 | 드론6 목적지56 |  445스텝 | 배송 56/56 | 재적재  9 | 중계율 0.13 | alpha 0.001 | complete
Ep 727 | 드론3 목적지57 | 1000스텝 | 배송 47/57 | 재적재  9 | 중계율 0.14 | alpha 0.001 | step_limit
Ep 728 | 드론6 목적지43 |  581스텝 | 배송 43/43 | 재적재  7 | 중계율 0.22 | alpha 0.001 | complete
Ep 729 | 드론5 목적지77 |  685스텝 | 배송 77/77 | 재적재 12 | 중계율 0.11 | alpha 0.001 | complete
Ep 730 | 드론4 목적지27 |  499스텝 | 배송 27/27 | 재적재  4 | 중계율 0.19 | alpha 0.001 | complete
Ep 731 | 드론4 목적지80 |  978스텝 | 배송 80/80 | 재적재 15 | 중계율 0.18 | alpha 0.001 | complete
Ep 732 | 드론3 목적지80 | 1000스텝 | 배송 70/80 | 재적재 12 | 중계율 0.28 | alpha 0.001 | step_limit
Ep 733 | 드론5 목적지64 |  741스텝 | 배송 64/64 | 재적재 11 | 중계율 0.15 | alpha 0.001 | complete
Ep 734 | 드론3 목적지38 |  624스텝 | 배송 38/38 | 재적재  7 | 중계율 0.16 | alpha 0.001 | complete
Ep 735 | 드론5 목적지63 |  575스텝 | 배송 63/63 | 재적재 10 | 중계율 0.13 | alpha 0.001 | complete
Ep 736 | 드론4 목적지52 |  670스텝 | 배송 52/52 | 재적재  8 | 중계율 0.23 | alpha 0.001 | complete
Ep 737 | 드론3 목적지41 |  727스텝 | 배송 41/41 | 재적재  7 | 중계율 0.20 | alpha 0.001 | complete
Ep 738 | 드론5 목적지49 |  513스텝 | 배송 49/49 | 재적재  7 | 중계율 0.14 | alpha 0.001 | complete
Ep 739 | 드론4 목적지27 |  484스텝 | 배송 27/27 | 재적재  4 | 중계율 0.17 | alpha 0.001 | complete
Ep 740 | 드론3 목적지32 |  668스텝 | 배송  9/32 | 재적재  0 | 중계율 0.26 | alpha 0.001 | no_progress
Ep 741 | 드론4 목적지25 |  383스텝 | 배송 25/25 | 재적재  3 | 중계율 0.16 | alpha 0.001 | complete
Ep 742 | 드론3 목적지48 |  997스텝 | 배송 48/48 | 재적재  9 | 중계율 0.23 | alpha 0.001 | complete
Ep 743 | 드론5 목적지54 |  579스텝 | 배송 54/54 | 재적재  9 | 중계율 0.09 | alpha 0.001 | complete
Ep 744 | 드론5 목적지24 |  393스텝 | 배송 24/24 | 재적재  2 | 중계율 0.18 | alpha 0.001 | complete
Ep 745 | 드론6 목적지37 |  265스텝 | 배송 37/37 | 재적재  6 | 중계율 0.10 | alpha 0.001 | complete
Ep 746 | 드론4 목적지50 |  919스텝 | 배송 50/50 | 재적재  8 | 중계율 0.25 | alpha 0.001 | complete
Ep 747 | 드론3 목적지78 | 1000스텝 | 배송 65/78 | 재적재 12 | 중계율 0.26 | alpha 0.001 | step_limit
Ep 748 | 드론4 목적지33 |  477스텝 | 배송 33/33 | 재적재  5 | 중계율 0.19 | alpha 0.001 | complete
Ep 749 | 드론4 목적지20 |  353스텝 | 배송 20/20 | 재적재  3 | 중계율 0.15 | alpha 0.001 | complete
Ep 750 | 드론5 목적지80 |  698스텝 | 배송 80/80 | 재적재 14 | 중계율 0.11 | alpha 0.001 | complete
  [홀드아웃] 배송 49.8±0.8 완주 0.94 스텝 1043 점수 100.3 재적재 8.4 2홉+ 0.63 | 최고 101.7@ep500 정체 5/15
Ep 751 | 드론6 목적지29 |  302스텝 | 배송 29/29 | 재적재  4 | 중계율 0.13 | alpha 0.001 | complete
Ep 752 | 드론5 목적지21 |  286스텝 | 배송 21/21 | 재적재  1 | 중계율 0.22 | alpha 0.001 | complete
Ep 753 | 드론6 목적지21 |  298스텝 | 배송 21/21 | 재적재  1 | 중계율 0.13 | alpha 0.001 | complete
Ep 754 | 드론5 목적지39 |  413스텝 | 배송 39/39 | 재적재  6 | 중계율 0.16 | alpha 0.001 | complete
Ep 755 | 드론3 목적지68 | 1000스텝 | 배송 56/68 | 재적재 10 | 중계율 0.28 | alpha 0.001 | step_limit
Ep 756 | 드론3 목적지80 | 1000스텝 | 배송 59/80 | 재적재 11 | 중계율 0.16 | alpha 0.001 | step_limit
Ep 757 | 드론5 목적지62 |  457스텝 | 배송 62/62 | 재적재 10 | 중계율 0.07 | alpha 0.001 | complete
Ep 758 | 드론5 목적지36 |  898스텝 | 배송 36/36 | 재적재  6 | 중계율 0.24 | alpha 0.001 | complete
Ep 759 | 드론6 목적지46 |  527스텝 | 배송 46/46 | 재적재  7 | 중계율 0.15 | alpha 0.001 | complete
Ep 760 | 드론3 목적지23 |  525스텝 | 배송 23/23 | 재적재  4 | 중계율 0.25 | alpha 0.001 | complete
Ep 761 | 드론6 목적지36 |  260스텝 | 배송 36/36 | 재적재  4 | 중계율 0.11 | alpha 0.001 | complete
Ep 762 | 드론3 목적지66 | 1000스텝 | 배송 65/66 | 재적재 12 | 중계율 0.19 | alpha 0.001 | step_limit
Ep 763 | 드론3 목적지24 |  365스텝 | 배송 24/24 | 재적재  3 | 중계율 0.18 | alpha 0.001 | complete
Ep 764 | 드론3 목적지27 |  436스텝 | 배송 27/27 | 재적재  4 | 중계율 0.13 | alpha 0.001 | complete
Ep 765 | 드론5 목적지43 |  499스텝 | 배송 43/43 | 재적재  7 | 중계율 0.12 | alpha 0.001 | complete
Ep 766 | 드론3 목적지25 |  562스텝 | 배송 25/25 | 재적재  4 | 중계율 0.26 | alpha 0.001 | complete
Ep 767 | 드론3 목적지65 | 1000스텝 | 배송 59/65 | 재적재 10 | 중계율 0.30 | alpha 0.001 | step_limit
Ep 768 | 드론3 목적지50 |  655스텝 | 배송 50/50 | 재적재  8 | 중계율 0.17 | alpha 0.001 | complete
Ep 769 | 드론5 목적지40 |  379스텝 | 배송 40/40 | 재적재  5 | 중계율 0.16 | alpha 0.001 | complete
Ep 770 | 드론6 목적지58 |  553스텝 | 배송 58/58 | 재적재  9 | 중계율 0.16 | alpha 0.001 | complete
Ep 771 | 드론3 목적지28 |  594스텝 | 배송 28/28 | 재적재  4 | 중계율 0.22 | alpha 0.001 | complete
Ep 772 | 드론5 목적지53 |  423스텝 | 배송 53/53 | 재적재  9 | 중계율 0.13 | alpha 0.001 | complete
Ep 773 | 드론3 목적지60 | 1000스텝 | 배송 50/60 | 재적재  8 | 중계율 0.29 | alpha 0.001 | step_limit
Ep 774 | 드론4 목적지60 | 1000스텝 | 배송 55/60 | 재적재  9 | 중계율 0.29 | alpha 0.001 | step_limit
Ep 775 | 드론3 목적지62 | 1000스텝 | 배송 60/62 | 재적재 11 | 중계율 0.20 | alpha 0.001 | step_limit
Ep 776 | 드론3 목적지47 | 1000스텝 | 배송 45/47 | 재적재  8 | 중계율 0.25 | alpha 0.001 | step_limit
Ep 777 | 드론3 목적지77 | 1000스텝 | 배송 76/77 | 재적재 13 | 중계율 0.19 | alpha 0.001 | step_limit
Ep 778 | 드론3 목적지29 |  832스텝 | 배송 29/29 | 재적재  5 | 중계율 0.32 | alpha 0.001 | complete
Ep 779 | 드론4 목적지79 | 1000스텝 | 배송 53/79 | 재적재 10 | 중계율 0.25 | alpha 0.001 | step_limit
Ep 780 | 드론6 목적지50 |  506스텝 | 배송 50/50 | 재적재  7 | 중계율 0.16 | alpha 0.001 | complete
Ep 781 | 드론3 목적지53 | 1000스텝 | 배송 47/53 | 재적재  9 | 중계율 0.31 | alpha 0.001 | step_limit
Ep 782 | 드론3 목적지35 | 1000스텝 | 배송 34/35 | 재적재  5 | 중계율 0.34 | alpha 0.001 | step_limit
Ep 783 | 드론6 목적지55 |  365스텝 | 배송 55/55 | 재적재  7 | 중계율 0.10 | alpha 0.001 | complete
Ep 784 | 드론3 목적지53 | 1000스텝 | 배송 45/53 | 재적재  8 | 중계율 0.23 | alpha 0.001 | step_limit
Ep 785 | 드론6 목적지56 |  618스텝 | 배송 56/56 | 재적재  8 | 중계율 0.20 | alpha 0.001 | complete
Ep 786 | 드론4 목적지73 | 1000스텝 | 배송 64/73 | 재적재 10 | 중계율 0.29 | alpha 0.001 | step_limit
Ep 787 | 드론5 목적지70 |  701스텝 | 배송 70/70 | 재적재 12 | 중계율 0.19 | alpha 0.001 | complete
Ep 788 | 드론4 목적지31 |  340스텝 | 배송 31/31 | 재적재  3 | 중계율 0.13 | alpha 0.001 | complete
Ep 789 | 드론4 목적지40 |  629스텝 | 배송 40/40 | 재적재  6 | 중계율 0.21 | alpha 0.001 | complete
Ep 790 | 드론6 목적지29 |  266스텝 | 배송 29/29 | 재적재  3 | 중계율 0.19 | alpha 0.001 | complete
Ep 791 | 드론6 목적지38 |  310스텝 | 배송 38/38 | 재적재  5 | 중계율 0.13 | alpha 0.001 | complete
Ep 792 | 드론6 목적지77 |  551스텝 | 배송 77/77 | 재적재 12 | 중계율 0.11 | alpha 0.001 | complete
Ep 793 | 드론3 목적지71 | 1000스텝 | 배송 70/71 | 재적재 12 | 중계율 0.23 | alpha 0.001 | step_limit
Ep 794 | 드론3 목적지33 |  721스텝 | 배송 33/33 | 재적재  5 | 중계율 0.22 | alpha 0.001 | complete
Ep 795 | 드론4 목적지76 | 1000스텝 | 배송 66/76 | 재적재 11 | 중계율 0.31 | alpha 0.001 | step_limit
Ep 796 | 드론4 목적지65 |  926스텝 | 배송 65/65 | 재적재 12 | 중계율 0.24 | alpha 0.001 | complete
Ep 797 | 드론5 목적지72 |  686스텝 | 배송 72/72 | 재적재 11 | 중계율 0.14 | alpha 0.001 | complete
Ep 798 | 드론5 목적지54 |  635스텝 | 배송 54/54 | 재적재  9 | 중계율 0.18 | alpha 0.001 | complete
Ep 799 | 드론3 목적지35 |  846스텝 | 배송 35/35 | 재적재  6 | 중계율 0.27 | alpha 0.001 | complete
Ep 800 | 드론4 목적지78 | 1000스텝 | 배송 76/78 | 재적재 12 | 중계율 0.26 | alpha 0.001 | step_limit
  [홀드아웃] 배송 49.9±0.5 완주 0.95 스텝 1021 점수 101.6 재적재 8.4 2홉+ 0.63 | 최고 101.7@ep500 정체 6/15
Ep 801 | 드론4 목적지21 |  594스텝 | 배송 21/21 | 재적재  3 | 중계율 0.28 | alpha 0.001 | complete
Ep 802 | 드론6 목적지22 |  193스텝 | 배송 22/22 | 재적재  0 | 중계율 0.16 | alpha 0.001 | complete
Ep 803 | 드론6 목적지57 |  473스텝 | 배송 57/57 | 재적재  8 | 중계율 0.13 | alpha 0.001 | complete
Ep 804 | 드론3 목적지60 | 1000스텝 | 배송 56/60 | 재적재 10 | 중계율 0.23 | alpha 0.001 | step_limit
Ep 805 | 드론6 목적지34 |  307스텝 | 배송 34/34 | 재적재  6 | 중계율 0.11 | alpha 0.001 | complete
Ep 806 | 드론4 목적지59 |  974스텝 | 배송 59/59 | 재적재 10 | 중계율 0.19 | alpha 0.001 | complete
Ep 807 | 드론5 목적지22 |  428스텝 | 배송 22/22 | 재적재  2 | 중계율 0.12 | alpha 0.001 | complete
Ep 808 | 드론3 목적지35 | 1000스텝 | 배송 33/35 | 재적재  5 | 중계율 0.34 | alpha 0.001 | step_limit
Ep 809 | 드론4 목적지38 |  906스텝 | 배송 38/38 | 재적재  7 | 중계율 0.25 | alpha 0.001 | complete
Ep 810 | 드론5 목적지47 |  729스텝 | 배송 47/47 | 재적재  7 | 중계율 0.30 | alpha 0.001 | complete
Ep 811 | 드론4 목적지70 | 1000스텝 | 배송 59/70 | 재적재 10 | 중계율 0.32 | alpha 0.001 | step_limit
Ep 812 | 드론4 목적지40 |  652스텝 | 배송 40/40 | 재적재  6 | 중계율 0.18 | alpha 0.001 | complete
Ep 813 | 드론3 목적지55 | 1000스텝 | 배송 51/55 | 재적재  8 | 중계율 0.30 | alpha 0.001 | step_limit
Ep 814 | 드론3 목적지38 |  820스텝 | 배송 38/38 | 재적재  6 | 중계율 0.22 | alpha 0.001 | complete
Ep 815 | 드론3 목적지75 | 1000스텝 | 배송 56/75 | 재적재 10 | 중계율 0.27 | alpha 0.001 | step_limit
Ep 816 | 드론5 목적지57 |  843스텝 | 배송 57/57 | 재적재  9 | 중계율 0.21 | alpha 0.001 | complete
Ep 817 | 드론4 목적지58 | 1000스텝 | 배송 56/58 | 재적재  8 | 중계율 0.33 | alpha 0.001 | step_limit
Ep 818 | 드론5 목적지21 |  267스텝 | 배송 21/21 | 재적재  0 | 중계율 0.23 | alpha 0.001 | complete
Ep 819 | 드론3 목적지70 |  982스텝 | 배송 70/70 | 재적재 12 | 중계율 0.20 | alpha 0.001 | complete
Ep 820 | 드론6 목적지26 |  339스텝 | 배송 26/26 | 재적재  4 | 중계율 0.24 | alpha 0.001 | complete
Ep 821 | 드론5 목적지27 |  337스텝 | 배송 27/27 | 재적재  3 | 중계율 0.15 | alpha 0.001 | complete
Ep 822 | 드론5 목적지61 |  784스텝 | 배송 61/61 | 재적재 11 | 중계율 0.22 | alpha 0.001 | complete
Ep 823 | 드론5 목적지77 | 1000스텝 | 배송 76/77 | 재적재 13 | 중계율 0.27 | alpha 0.001 | step_limit
Ep 824 | 드론3 목적지38 |  674스텝 | 배송 38/38 | 재적재  7 | 중계율 0.19 | alpha 0.001 | complete
Ep 825 | 드론4 목적지63 |  779스텝 | 배송 63/63 | 재적재 11 | 중계율 0.12 | alpha 0.001 | complete
Ep 826 | 드론5 목적지44 |  561스텝 | 배송 44/44 | 재적재  7 | 중계율 0.18 | alpha 0.001 | complete
Ep 827 | 드론5 목적지51 |  608스텝 | 배송 51/51 | 재적재  7 | 중계율 0.17 | alpha 0.001 | complete
Ep 828 | 드론3 목적지41 |  870스텝 | 배송 41/41 | 재적재  8 | 중계율 0.32 | alpha 0.001 | complete
Ep 829 | 드론3 목적지22 |  429스텝 | 배송 22/22 | 재적재  4 | 중계율 0.19 | alpha 0.001 | complete
Ep 830 | 드론4 목적지48 |  608스텝 | 배송 48/48 | 재적재  7 | 중계율 0.17 | alpha 0.001 | complete
Ep 831 | 드론3 목적지61 | 1000스텝 | 배송 56/61 | 재적재  9 | 중계율 0.32 | alpha 0.001 | step_limit
Ep 832 | 드론4 목적지66 |  754스텝 | 배송 66/66 | 재적재 11 | 중계율 0.14 | alpha 0.001 | complete
Ep 833 | 드론4 목적지26 |  274스텝 | 배송 26/26 | 재적재  4 | 중계율 0.09 | alpha 0.001 | complete
Ep 834 | 드론6 목적지25 |  267스텝 | 배송 25/25 | 재적재  0 | 중계율 0.11 | alpha 0.001 | complete
Ep 835 | 드론3 목적지78 | 1000스텝 | 배송 54/78 | 재적재  9 | 중계율 0.23 | alpha 0.001 | step_limit
Ep 836 | 드론6 목적지22 |  253스텝 | 배송 22/22 | 재적재  1 | 중계율 0.11 | alpha 0.001 | complete
Ep 837 | 드론4 목적지74 | 1000스텝 | 배송 65/74 | 재적재 11 | 중계율 0.25 | alpha 0.001 | step_limit
Ep 838 | 드론6 목적지46 |  706스텝 | 배송 46/46 | 재적재  6 | 중계율 0.25 | alpha 0.001 | complete
Ep 839 | 드론4 목적지47 |  727스텝 | 배송 47/47 | 재적재  8 | 중계율 0.24 | alpha 0.001 | complete
Ep 840 | 드론5 목적지31 |  341스텝 | 배송 31/31 | 재적재  5 | 중계율 0.15 | alpha 0.001 | complete
Ep 841 | 드론3 목적지52 | 1000스텝 | 배송 50/52 | 재적재  8 | 중계율 0.28 | alpha 0.001 | step_limit
Ep 842 | 드론4 목적지30 |  294스텝 | 배송 30/30 | 재적재  4 | 중계율 0.09 | alpha 0.001 | complete
Ep 843 | 드론5 목적지75 |  946스텝 | 배송 75/75 | 재적재 13 | 중계율 0.25 | alpha 0.001 | complete
Ep 844 | 드론5 목적지28 |  532스텝 | 배송 28/28 | 재적재  4 | 중계율 0.21 | alpha 0.001 | complete
Ep 845 | 드론4 목적지44 |  567스텝 | 배송 44/44 | 재적재  7 | 중계율 0.13 | alpha 0.001 | complete
Ep 846 | 드론4 목적지31 |  316스텝 | 배송 31/31 | 재적재  4 | 중계율 0.12 | alpha 0.001 | complete
Ep 847 | 드론6 목적지45 |  479스텝 | 배송 45/45 | 재적재  6 | 중계율 0.21 | alpha 0.001 | complete
Ep 848 | 드론3 목적지44 |  970스텝 | 배송 44/44 | 재적재  8 | 중계율 0.33 | alpha 0.001 | complete
Ep 849 | 드론3 목적지49 | 1000스텝 | 배송 47/49 | 재적재  8 | 중계율 0.31 | alpha 0.001 | step_limit
Ep 850 | 드론3 목적지47 |  897스텝 | 배송 47/47 | 재적재  7 | 중계율 0.25 | alpha 0.001 | complete
  [홀드아웃] 배송 49.6±1.6 완주 0.90 스텝 1027 점수 96.6 재적재 8.1 2홉+ 0.62 | 최고 101.7@ep500 정체 7/15
Ep 851 | 드론6 목적지30 |  335스텝 | 배송 30/30 | 재적재  4 | 중계율 0.15 | alpha 0.001 | complete
Ep 852 | 드론6 목적지65 |  534스텝 | 배송 65/65 | 재적재 10 | 중계율 0.14 | alpha 0.001 | complete
Ep 853 | 드론4 목적지45 |  761스텝 | 배송 45/45 | 재적재  7 | 중계율 0.22 | alpha 0.001 | complete
Ep 854 | 드론6 목적지23 |  264스텝 | 배송 23/23 | 재적재  2 | 중계율 0.20 | alpha 0.001 | complete
Ep 855 | 드론6 목적지49 |  484스텝 | 배송 49/49 | 재적재  7 | 중계율 0.17 | alpha 0.001 | complete
Ep 856 | 드론3 목적지28 | 1000스텝 | 배송 26/28 | 재적재  3 | 중계율 0.35 | alpha 0.001 | step_limit
Ep 857 | 드론3 목적지38 |  539스텝 | 배송 38/38 | 재적재  6 | 중계율 0.14 | alpha 0.001 | complete
Ep 858 | 드론6 목적지70 |  547스텝 | 배송 70/70 | 재적재 11 | 중계율 0.15 | alpha 0.001 | complete
Ep 859 | 드론6 목적지27 |  268스텝 | 배송 27/27 | 재적재  2 | 중계율 0.15 | alpha 0.001 | complete
Ep 860 | 드론6 목적지30 |  371스텝 | 배송 30/30 | 재적재  4 | 중계율 0.17 | alpha 0.001 | complete
Ep 861 | 드론3 목적지39 | 1000스텝 | 배송 37/39 | 재적재  7 | 중계율 0.26 | alpha 0.001 | step_limit
Ep 862 | 드론6 목적지50 |  369스텝 | 배송 50/50 | 재적재  7 | 중계율 0.10 | alpha 0.001 | complete
Ep 863 | 드론6 목적지30 |  392스텝 | 배송 30/30 | 재적재  4 | 중계율 0.19 | alpha 0.001 | complete
Ep 864 | 드론5 목적지38 |  457스텝 | 배송 38/38 | 재적재  7 | 중계율 0.14 | alpha 0.001 | complete
Ep 865 | 드론5 목적지56 |  493스텝 | 배송 56/56 | 재적재  9 | 중계율 0.13 | alpha 0.001 | complete
Ep 866 | 드론3 목적지70 | 1000스텝 | 배송 58/70 | 재적재 11 | 중계율 0.23 | alpha 0.001 | step_limit
Ep 867 | 드론3 목적지48 |  892스텝 | 배송 48/48 | 재적재  8 | 중계율 0.23 | alpha 0.001 | complete
Ep 868 | 드론5 목적지37 |  441스텝 | 배송 37/37 | 재적재  6 | 중계율 0.15 | alpha 0.001 | complete
Ep 869 | 드론5 목적지46 |  559스텝 | 배송 46/46 | 재적재  8 | 중계율 0.16 | alpha 0.001 | complete
Ep 870 | 드론3 목적지47 |  808스텝 | 배송 47/47 | 재적재  8 | 중계율 0.20 | alpha 0.001 | complete
Ep 871 | 드론3 목적지44 |  925스텝 | 배송 44/44 | 재적재  6 | 중계율 0.27 | alpha 0.001 | complete
Ep 872 | 드론4 목적지57 |  760스텝 | 배송 57/57 | 재적재  9 | 중계율 0.20 | alpha 0.001 | complete
Ep 873 | 드론6 목적지30 |  509스텝 | 배송 30/30 | 재적재  4 | 중계율 0.19 | alpha 0.001 | complete
Ep 874 | 드론3 목적지20 |  420스텝 | 배송 20/20 | 재적재  3 | 중계율 0.17 | alpha 0.001 | complete
Ep 875 | 드론6 목적지43 |  424스텝 | 배송 43/43 | 재적재  7 | 중계율 0.09 | alpha 0.001 | complete
Ep 876 | 드론5 목적지23 |  231스텝 | 배송 23/23 | 재적재  1 | 중계율 0.23 | alpha 0.001 | complete
Ep 877 | 드론3 목적지65 | 1000스텝 | 배송 51/65 | 재적재 10 | 중계율 0.26 | alpha 0.001 | step_limit
Ep 878 | 드론3 목적지65 | 1000스텝 | 배송 60/65 | 재적재 12 | 중계율 0.29 | alpha 0.001 | step_limit
Ep 879 | 드론5 목적지28 |  301스텝 | 배송 28/28 | 재적재  3 | 중계율 0.14 | alpha 0.001 | complete
Ep 880 | 드론6 목적지41 |  349스텝 | 배송 41/41 | 재적재  6 | 중계율 0.10 | alpha 0.001 | complete
Ep 881 | 드론4 목적지59 |  801스텝 | 배송 59/59 | 재적재  9 | 중계율 0.15 | alpha 0.001 | complete
Ep 882 | 드론3 목적지46 |  768스텝 | 배송 46/46 | 재적재  8 | 중계율 0.23 | alpha 0.001 | complete
Ep 883 | 드론5 목적지67 |  794스텝 | 배송 67/67 | 재적재 11 | 중계율 0.20 | alpha 0.001 | complete
Ep 884 | 드론4 목적지49 |  553스텝 | 배송 49/49 | 재적재  7 | 중계율 0.17 | alpha 0.001 | complete
Ep 885 | 드론3 목적지51 | 1000스텝 | 배송 46/51 | 재적재  9 | 중계율 0.35 | alpha 0.001 | step_limit
Ep 886 | 드론4 목적지36 |  859스텝 | 배송 36/36 | 재적재  5 | 중계율 0.33 | alpha 0.001 | complete
Ep 887 | 드론6 목적지36 |  316스텝 | 배송 36/36 | 재적재  5 | 중계율 0.13 | alpha 0.001 | complete
Ep 888 | 드론3 목적지48 |  864스텝 | 배송 48/48 | 재적재  9 | 중계율 0.22 | alpha 0.001 | complete
Ep 889 | 드론6 목적지22 |  370스텝 | 배송 22/22 | 재적재  1 | 중계율 0.20 | alpha 0.001 | complete
Ep 890 | 드론3 목적지60 | 1000스텝 | 배송 51/60 | 재적재  9 | 중계율 0.36 | alpha 0.001 | step_limit
Ep 891 | 드론6 목적지80 |  705스텝 | 배송 80/80 | 재적재 13 | 중계율 0.13 | alpha 0.001 | complete
Ep 892 | 드론3 목적지73 | 1000스텝 | 배송 65/73 | 재적재 11 | 중계율 0.31 | alpha 0.001 | step_limit
Ep 893 | 드론4 목적지30 |  390스텝 | 배송 30/30 | 재적재  3 | 중계율 0.12 | alpha 0.001 | complete
Ep 894 | 드론3 목적지63 | 1000스텝 | 배송 55/63 | 재적재  9 | 중계율 0.25 | alpha 0.001 | step_limit
Ep 895 | 드론6 목적지28 |  344스텝 | 배송 28/28 | 재적재  2 | 중계율 0.13 | alpha 0.001 | complete
Ep 896 | 드론3 목적지39 |  733스텝 | 배송 39/39 | 재적재  7 | 중계율 0.22 | alpha 0.001 | complete
Ep 897 | 드론6 목적지53 |  685스텝 | 배송 53/53 | 재적재  8 | 중계율 0.16 | alpha 0.001 | complete
Ep 898 | 드론4 목적지66 | 1000스텝 | 배송 59/66 | 재적재 10 | 중계율 0.28 | alpha 0.001 | step_limit
Ep 899 | 드론4 목적지33 |  500스텝 | 배송 33/33 | 재적재  4 | 중계율 0.22 | alpha 0.001 | complete
Ep 900 | 드론5 목적지43 |  458스텝 | 배송 43/43 | 재적재  7 | 중계율 0.15 | alpha 0.001 | complete
  [홀드아웃] 배송 49.6±1.9 완주 0.96 스텝 985 점수 103.0 재적재 8.0 2홉+ 0.63 | 최고 103.0@ep900 정체 0/15  ← 갱신
Ep 901 | 드론6 목적지59 |  568스텝 | 배송 59/59 | 재적재 10 | 중계율 0.18 | alpha 0.001 | complete
Ep 902 | 드론3 목적지29 |  676스텝 | 배송 29/29 | 재적재  5 | 중계율 0.33 | alpha 0.001 | complete
Ep 903 | 드론4 목적지75 |  923스텝 | 배송 75/75 | 재적재 11 | 중계율 0.31 | alpha 0.001 | complete
Ep 904 | 드론3 목적지71 | 1000스텝 | 배송 65/71 | 재적재 12 | 중계율 0.19 | alpha 0.001 | step_limit
Ep 905 | 드론6 목적지77 |  629스텝 | 배송 77/77 | 재적재 12 | 중계율 0.12 | alpha 0.001 | complete
Ep 906 | 드론6 목적지73 |  516스텝 | 배송 73/73 | 재적재 13 | 중계율 0.10 | alpha 0.001 | complete
Ep 907 | 드론3 목적지79 | 1000스텝 | 배송 60/79 | 재적재 11 | 중계율 0.19 | alpha 0.001 | step_limit
Ep 908 | 드론6 목적지33 |  448스텝 | 배송 33/33 | 재적재  3 | 중계율 0.19 | alpha 0.001 | complete
Ep 909 | 드론5 목적지29 |  273스텝 | 배송 29/29 | 재적재  3 | 중계율 0.10 | alpha 0.001 | complete
Ep 910 | 드론6 목적지41 |  507스텝 | 배송 41/41 | 재적재  5 | 중계율 0.25 | alpha 0.001 | complete
Ep 911 | 드론6 목적지34 |  345스텝 | 배송 34/34 | 재적재  4 | 중계율 0.13 | alpha 0.001 | complete
Ep 912 | 드론6 목적지42 |  374스텝 | 배송 42/42 | 재적재  6 | 중계율 0.16 | alpha 0.001 | complete
Ep 913 | 드론5 목적지34 |  651스텝 | 배송 34/34 | 재적재  4 | 중계율 0.24 | alpha 0.001 | complete
Ep 914 | 드론4 목적지44 |  618스텝 | 배송 44/44 | 재적재  7 | 중계율 0.25 | alpha 0.001 | complete
Ep 915 | 드론3 목적지67 | 1000스텝 | 배송 60/67 | 재적재 10 | 중계율 0.26 | alpha 0.001 | step_limit
Ep 916 | 드론6 목적지34 |  577스텝 | 배송 34/34 | 재적재  4 | 중계율 0.21 | alpha 0.001 | complete
Ep 917 | 드론6 목적지52 |  410스텝 | 배송 52/52 | 재적재  9 | 중계율 0.10 | alpha 0.001 | complete
Ep 918 | 드론4 목적지45 |  532스텝 | 배송 45/45 | 재적재  8 | 중계율 0.12 | alpha 0.001 | complete
Ep 919 | 드론6 목적지39 |  484스텝 | 배송 39/39 | 재적재  5 | 중계율 0.20 | alpha 0.001 | complete
Ep 920 | 드론6 목적지58 |  387스텝 | 배송 58/58 | 재적재  8 | 중계율 0.09 | alpha 0.001 | complete
Ep 921 | 드론4 목적지40 |  828스텝 | 배송 40/40 | 재적재  6 | 중계율 0.23 | alpha 0.001 | complete
Ep 922 | 드론6 목적지77 |  522스텝 | 배송 77/77 | 재적재 14 | 중계율 0.10 | alpha 0.001 | complete
Ep 923 | 드론5 목적지76 |  943스텝 | 배송 76/76 | 재적재 13 | 중계율 0.22 | alpha 0.001 | complete
Ep 924 | 드론5 목적지72 |  847스텝 | 배송 72/72 | 재적재 12 | 중계율 0.17 | alpha 0.001 | complete
Ep 925 | 드론6 목적지36 |  386스텝 | 배송 36/36 | 재적재  4 | 중계율 0.16 | alpha 0.001 | complete
Ep 926 | 드론6 목적지56 |  440스텝 | 배송 56/56 | 재적재  9 | 중계율 0.13 | alpha 0.001 | complete
Ep 927 | 드론5 목적지21 |  276스텝 | 배송 21/21 | 재적재  2 | 중계율 0.17 | alpha 0.001 | complete
Ep 928 | 드론4 목적지59 |  661스텝 | 배송 59/59 | 재적재  9 | 중계율 0.19 | alpha 0.001 | complete
Ep 929 | 드론5 목적지25 |  477스텝 | 배송 25/25 | 재적재  1 | 중계율 0.24 | alpha 0.001 | complete
Ep 930 | 드론4 목적지28 |  354스텝 | 배송 28/28 | 재적재  3 | 중계율 0.18 | alpha 0.001 | complete
Ep 931 | 드론5 목적지70 |  835스텝 | 배송 70/70 | 재적재 12 | 중계율 0.21 | alpha 0.001 | complete
Ep 932 | 드론4 목적지75 | 1000스텝 | 배송 71/75 | 재적재 12 | 중계율 0.23 | alpha 0.001 | step_limit
Ep 933 | 드론3 목적지31 |  615스텝 | 배송 31/31 | 재적재  5 | 중계율 0.24 | alpha 0.001 | complete
Ep 934 | 드론4 목적지28 |  529스텝 | 배송 28/28 | 재적재  4 | 중계율 0.20 | alpha 0.001 | complete
Ep 935 | 드론3 목적지36 |  731스텝 | 배송 36/36 | 재적재  6 | 중계율 0.19 | alpha 0.001 | complete
Ep 936 | 드론4 목적지20 |  263스텝 | 배송 20/20 | 재적재  3 | 중계율 0.11 | alpha 0.001 | complete
Ep 937 | 드론3 목적지28 |  516스텝 | 배송 28/28 | 재적재  4 | 중계율 0.19 | alpha 0.001 | complete
Ep 938 | 드론6 목적지73 | 1000스텝 | 배송 64/73 | 재적재 10 | 중계율 0.25 | alpha 0.001 | step_limit
Ep 939 | 드론4 목적지75 |  977스텝 | 배송 75/75 | 재적재 12 | 중계율 0.27 | alpha 0.001 | complete
Ep 940 | 드론6 목적지64 |  546스텝 | 배송 64/64 | 재적재  9 | 중계율 0.12 | alpha 0.001 | complete
Ep 941 | 드론3 목적지37 |  678스텝 | 배송 37/37 | 재적재  6 | 중계율 0.23 | alpha 0.001 | complete
Ep 942 | 드론6 목적지57 |  533스텝 | 배송 57/57 | 재적재  8 | 중계율 0.13 | alpha 0.001 | complete
Ep 943 | 드론3 목적지69 | 1000스텝 | 배송 59/69 | 재적재  9 | 중계율 0.26 | alpha 0.001 | step_limit
Ep 944 | 드론6 목적지73 |  915스텝 | 배송 73/73 | 재적재 12 | 중계율 0.23 | alpha 0.001 | complete
Ep 945 | 드론5 목적지49 |  575스텝 | 배송 49/49 | 재적재  9 | 중계율 0.18 | alpha 0.001 | complete
Ep 946 | 드론3 목적지29 |  515스텝 | 배송 29/29 | 재적재  5 | 중계율 0.19 | alpha 0.001 | complete
Ep 947 | 드론4 목적지73 | 1000스텝 | 배송 65/73 | 재적재 10 | 중계율 0.30 | alpha 0.001 | step_limit
Ep 948 | 드론6 목적지57 |  776스텝 | 배송 57/57 | 재적재 10 | 중계율 0.27 | alpha 0.001 | complete
Ep 949 | 드론3 목적지24 |  487스텝 | 배송 24/24 | 재적재  3 | 중계율 0.22 | alpha 0.001 | complete
Ep 950 | 드론4 목적지26 |  357스텝 | 배송 26/26 | 재적재  4 | 중계율 0.14 | alpha 0.001 | complete
  [홀드아웃] 배송 50.0±0.3 완주 0.97 스텝 969 점수 104.3 재적재 8.0 2홉+ 0.63 | 최고 104.3@ep950 정체 0/15  ← 갱신
Ep 951 | 드론6 목적지20 |  169스텝 | 배송 20/20 | 재적재  0 | 중계율 0.06 | alpha 0.001 | complete
Ep 952 | 드론6 목적지28 |  269스텝 | 배송 28/28 | 재적재  3 | 중계율 0.11 | alpha 0.001 | complete
Ep 953 | 드론3 목적지42 |  886스텝 | 배송 42/42 | 재적재  7 | 중계율 0.28 | alpha 0.001 | complete
Ep 954 | 드론3 목적지30 |  542스텝 | 배송 30/30 | 재적재  5 | 중계율 0.23 | alpha 0.001 | complete
Ep 955 | 드론5 목적지38 |  414스텝 | 배송 38/38 | 재적재  5 | 중계율 0.11 | alpha 0.001 | complete
Ep 956 | 드론4 목적지33 |  406스텝 | 배송 33/33 | 재적재  5 | 중계율 0.14 | alpha 0.001 | complete
Ep 957 | 드론3 목적지42 | 1000스텝 | 배송 38/42 | 재적재  5 | 중계율 0.39 | alpha 0.001 | step_limit
Ep 958 | 드론6 목적지34 |  280스텝 | 배송 34/34 | 재적재  5 | 중계율 0.11 | alpha 0.001 | complete
Ep 959 | 드론3 목적지80 | 1000스텝 | 배송 60/80 | 재적재 11 | 중계율 0.24 | alpha 0.001 | step_limit
Ep 960 | 드론6 목적지66 |  530스텝 | 배송 66/66 | 재적재 11 | 중계율 0.15 | alpha 0.001 | complete
Ep 961 | 드론3 목적지70 | 1000스텝 | 배송 60/70 | 재적재 11 | 중계율 0.30 | alpha 0.001 | step_limit
Ep 962 | 드론4 목적지47 |  654스텝 | 배송 47/47 | 재적재  7 | 중계율 0.21 | alpha 0.001 | complete
Ep 963 | 드론6 목적지27 |  404스텝 | 배송 27/27 | 재적재  3 | 중계율 0.17 | alpha 0.001 | complete
Ep 964 | 드론6 목적지65 |  639스텝 | 배송 65/65 | 재적재 11 | 중계율 0.14 | alpha 0.001 | complete
Ep 965 | 드론3 목적지22 |  641스텝 | 배송 22/22 | 재적재  3 | 중계율 0.28 | alpha 0.001 | complete
Ep 966 | 드론4 목적지28 |  517스텝 | 배송 28/28 | 재적재  4 | 중계율 0.28 | alpha 0.001 | complete
Ep 967 | 드론5 목적지73 |  688스텝 | 배송 73/73 | 재적재 13 | 중계율 0.15 | alpha 0.001 | complete
Ep 968 | 드론5 목적지62 |  559스텝 | 배송 62/62 | 재적재  9 | 중계율 0.14 | alpha 0.001 | complete
Ep 969 | 드론6 목적지55 |  413스텝 | 배송 55/55 | 재적재  7 | 중계율 0.07 | alpha 0.001 | complete
Ep 970 | 드론5 목적지46 |  493스텝 | 배송 46/46 | 재적재  6 | 중계율 0.13 | alpha 0.001 | complete
Ep 971 | 드론5 목적지34 |  805스텝 | 배송 34/34 | 재적재  4 | 중계율 0.29 | alpha 0.001 | complete
Ep 972 | 드론3 목적지78 | 1000스텝 | 배송 65/78 | 재적재 11 | 중계율 0.23 | alpha 0.001 | step_limit
Ep 973 | 드론4 목적지78 |  806스텝 | 배송 78/78 | 재적재 14 | 중계율 0.11 | alpha 0.001 | complete
Ep 974 | 드론4 목적지60 | 1000스텝 | 배송 53/60 | 재적재  9 | 중계율 0.34 | alpha 0.001 | step_limit
Ep 975 | 드론6 목적지52 |  405스텝 | 배송 52/52 | 재적재  7 | 중계율 0.12 | alpha 0.001 | complete
Ep 976 | 드론5 목적지53 |  507스텝 | 배송 53/53 | 재적재  9 | 중계율 0.15 | alpha 0.001 | complete
Ep 977 | 드론6 목적지30 |  265스텝 | 배송 30/30 | 재적재  4 | 중계율 0.08 | alpha 0.001 | complete
Ep 978 | 드론6 목적지45 |  440스텝 | 배송 45/45 | 재적재  7 | 중계율 0.12 | alpha 0.001 | complete
Ep 979 | 드론6 목적지34 |  440스텝 | 배송 34/34 | 재적재  5 | 중계율 0.19 | alpha 0.001 | complete
Ep 980 | 드론3 목적지55 | 1000스텝 | 배송 51/55 | 재적재  9 | 중계율 0.26 | alpha 0.001 | step_limit
Ep 981 | 드론5 목적지49 |  835스텝 | 배송 49/49 | 재적재  6 | 중계율 0.32 | alpha 0.001 | complete
Ep 982 | 드론3 목적지26 |  774스텝 | 배송 26/26 | 재적재  4 | 중계율 0.21 | alpha 0.001 | complete
Ep 983 | 드론6 목적지39 |  538스텝 | 배송 39/39 | 재적재  6 | 중계율 0.19 | alpha 0.001 | complete
Ep 984 | 드론6 목적지20 |  253스텝 | 배송 20/20 | 재적재  1 | 중계율 0.13 | alpha 0.001 | complete
Ep 985 | 드론6 목적지29 |  323스텝 | 배송 29/29 | 재적재  2 | 중계율 0.22 | alpha 0.001 | complete
Ep 986 | 드론5 목적지59 |  797스텝 | 배송 59/59 | 재적재  8 | 중계율 0.23 | alpha 0.001 | complete
Ep 987 | 드론3 목적지74 | 1000스텝 | 배송 69/74 | 재적재 12 | 중계율 0.23 | alpha 0.001 | step_limit
Ep 988 | 드론5 목적지70 |  635스텝 | 배송 70/70 | 재적재 13 | 중계율 0.14 | alpha 0.001 | complete
Ep 989 | 드론6 목적지34 |  446스텝 | 배송 34/34 | 재적재  5 | 중계율 0.09 | alpha 0.001 | complete
Ep 990 | 드론5 목적지28 |  337스텝 | 배송 28/28 | 재적재  4 | 중계율 0.10 | alpha 0.001 | complete
Ep 991 | 드론5 목적지76 |  951스텝 | 배송 76/76 | 재적재 14 | 중계율 0.20 | alpha 0.001 | complete
Ep 992 | 드론4 목적지40 |  638스텝 | 배송 40/40 | 재적재  6 | 중계율 0.21 | alpha 0.001 | complete
Ep 993 | 드론6 목적지61 |  537스텝 | 배송 61/61 | 재적재 10 | 중계율 0.11 | alpha 0.001 | complete
Ep 994 | 드론4 목적지49 | 1000스텝 | 배송 44/49 | 재적재  7 | 중계율 0.35 | alpha 0.001 | step_limit
Ep 995 | 드론6 목적지33 |  453스텝 | 배송 33/33 | 재적재  4 | 중계율 0.14 | alpha 0.001 | complete
Ep 996 | 드론3 목적지23 |  452스텝 | 배송 23/23 | 재적재  3 | 중계율 0.28 | alpha 0.001 | complete
Ep 997 | 드론6 목적지46 |  441스텝 | 배송 46/46 | 재적재  8 | 중계율 0.13 | alpha 0.001 | complete
Ep 998 | 드론6 목적지53 |  437스텝 | 배송 53/53 | 재적재  6 | 중계율 0.19 | alpha 0.001 | complete
Ep 999 | 드론4 목적지52 |  839스텝 | 배송 52/52 | 재적재  8 | 중계율 0.25 | alpha 0.001 | complete
Ep 1000 | 드론4 목적지78 | 1000스텝 | 배송 63/78 | 재적재 11 | 중계율 0.26 | alpha 0.001 | step_limit
  [홀드아웃] 배송 49.9±0.6 완주 0.95 스텝 953 점수 101.8 재적재 8.0 2홉+ 0.62 | 최고 104.3@ep950 정체 1/15
Ep 1001 | 드론4 목적지65 |  972스텝 | 배송 65/65 | 재적재 10 | 중계율 0.30 | alpha 0.001 | complete
Ep 1002 | 드론3 목적지51 |  953스텝 | 배송 51/51 | 재적재  8 | 중계율 0.20 | alpha 0.001 | complete
Ep 1003 | 드론5 목적지23 |  294스텝 | 배송 23/23 | 재적재  3 | 중계율 0.09 | alpha 0.001 | complete
Ep 1004 | 드론3 목적지73 | 1000스텝 | 배송 66/73 | 재적재 12 | 중계율 0.24 | alpha 0.001 | step_limit
Ep 1005 | 드론3 목적지31 |  709스텝 | 배송 31/31 | 재적재  5 | 중계율 0.29 | alpha 0.001 | complete
Ep 1006 | 드론3 목적지54 |  933스텝 | 배송 54/54 | 재적재 10 | 중계율 0.32 | alpha 0.001 | complete
Ep 1007 | 드론3 목적지61 | 1000스텝 | 배송 57/61 | 재적재 10 | 중계율 0.20 | alpha 0.001 | step_limit
Ep 1008 | 드론4 목적지56 | 1000스텝 | 배송 51/56 | 재적재  7 | 중계율 0.39 | alpha 0.001 | step_limit
Ep 1009 | 드론4 목적지65 | 1000스텝 | 배송 57/65 | 재적재 11 | 중계율 0.33 | alpha 0.001 | step_limit
Ep 1010 | 드론4 목적지64 | 1000스텝 | 배송 61/64 | 재적재 11 | 중계율 0.30 | alpha 0.001 | step_limit
Ep 1011 | 드론4 목적지48 |  731스텝 | 배송 48/48 | 재적재  9 | 중계율 0.16 | alpha 0.001 | complete
Ep 1012 | 드론5 목적지77 |  620스텝 | 배송 77/77 | 재적재 12 | 중계율 0.11 | alpha 0.001 | complete
Ep 1013 | 드론6 목적지30 |  353스텝 | 배송 30/30 | 재적재  4 | 중계율 0.14 | alpha 0.001 | complete
Ep 1014 | 드론6 목적지73 |  536스텝 | 배송 73/73 | 재적재 11 | 중계율 0.10 | alpha 0.001 | complete
Ep 1015 | 드론6 목적지80 |  544스텝 | 배송 80/80 | 재적재 12 | 중계율 0.12 | alpha 0.001 | complete
Ep 1016 | 드론4 목적지35 |  880스텝 | 배송 35/35 | 재적재  5 | 중계율 0.25 | alpha 0.001 | complete
Ep 1017 | 드론4 목적지52 |  781스텝 | 배송 52/52 | 재적재  8 | 중계율 0.23 | alpha 0.001 | complete
Ep 1018 | 드론6 목적지25 |  285스텝 | 배송 25/25 | 재적재  1 | 중계율 0.15 | alpha 0.001 | complete
Ep 1019 | 드론5 목적지59 |  498스텝 | 배송 59/59 | 재적재 11 | 중계율 0.09 | alpha 0.001 | complete
Ep 1020 | 드론3 목적지57 |  878스텝 | 배송 57/57 | 재적재 10 | 중계율 0.21 | alpha 0.001 | complete
Ep 1021 | 드론3 목적지78 | 1000스텝 | 배송 61/78 | 재적재 10 | 중계율 0.23 | alpha 0.001 | step_limit
Ep 1022 | 드론3 목적지68 | 1000스텝 | 배송 62/68 | 재적재 10 | 중계율 0.23 | alpha 0.001 | step_limit
Ep 1023 | 드론3 목적지33 |  618스텝 | 배송 33/33 | 재적재  5 | 중계율 0.27 | alpha 0.001 | complete
Ep 1024 | 드론3 목적지77 | 1000스텝 | 배송 64/77 | 재적재 10 | 중계율 0.32 | alpha 0.001 | step_limit
Ep 1025 | 드론6 목적지23 |  233스텝 | 배송 23/23 | 재적재  0 | 중계율 0.06 | alpha 0.001 | complete
Ep 1026 | 드론5 목적지21 |  202스텝 | 배송 21/21 | 재적재  1 | 중계율 0.07 | alpha 0.001 | complete
Ep 1027 | 드론3 목적지35 |  861스텝 | 배송 35/35 | 재적재  6 | 중계율 0.27 | alpha 0.001 | complete
Ep 1028 | 드론5 목적지41 |  471스텝 | 배송 41/41 | 재적재  7 | 중계율 0.16 | alpha 0.001 | complete
Ep 1029 | 드론5 목적지21 |  258스텝 | 배송 21/21 | 재적재  2 | 중계율 0.06 | alpha 0.001 | complete
Ep 1030 | 드론4 목적지54 |  982스텝 | 배송 54/54 | 재적재 10 | 중계율 0.20 | alpha 0.001 | complete
Ep 1031 | 드론4 목적지72 |  836스텝 | 배송 72/72 | 재적재 13 | 중계율 0.17 | alpha 0.001 | complete
Ep 1032 | 드론5 목적지48 |  475스텝 | 배송 48/48 | 재적재  7 | 중계율 0.16 | alpha 0.001 | complete
Ep 1033 | 드론3 목적지32 |  701스텝 | 배송 32/32 | 재적재  5 | 중계율 0.24 | alpha 0.001 | complete
Ep 1034 | 드론4 목적지21 |  356스텝 | 배송 21/21 | 재적재  2 | 중계율 0.14 | alpha 0.001 | complete
Ep 1035 | 드론3 목적지57 | 1000스텝 | 배송 55/57 | 재적재 10 | 중계율 0.26 | alpha 0.001 | step_limit
Ep 1036 | 드론4 목적지56 |  669스텝 | 배송 56/56 | 재적재  9 | 중계율 0.20 | alpha 0.001 | complete
Ep 1037 | 드론4 목적지53 | 1000스텝 | 배송 52/53 | 재적재  7 | 중계율 0.40 | alpha 0.001 | step_limit
Ep 1038 | 드론5 목적지29 |  336스텝 | 배송 29/29 | 재적재  4 | 중계율 0.12 | alpha 0.001 | complete
Ep 1039 | 드론3 목적지45 |  845스텝 | 배송 45/45 | 재적재  8 | 중계율 0.27 | alpha 0.001 | complete
Ep 1040 | 드론3 목적지23 |  391스텝 | 배송 23/23 | 재적재  3 | 중계율 0.13 | alpha 0.001 | complete
Ep 1041 | 드론6 목적지20 |  182스텝 | 배송 20/20 | 재적재  0 | 중계율 0.14 | alpha 0.001 | complete
Ep 1042 | 드론4 목적지71 | 1000스텝 | 배송 70/71 | 재적재 11 | 중계율 0.31 | alpha 0.001 | step_limit
Ep 1043 | 드론4 목적지36 |  846스텝 | 배송 36/36 | 재적재  5 | 중계율 0.24 | alpha 0.001 | complete
Ep 1044 | 드론4 목적지46 |  566스텝 | 배송 46/46 | 재적재  7 | 중계율 0.18 | alpha 0.001 | complete
Ep 1045 | 드론3 목적지65 | 1000스텝 | 배송 55/65 | 재적재  9 | 중계율 0.32 | alpha 0.001 | step_limit
Ep 1046 | 드론5 목적지53 |  572스텝 | 배송 53/53 | 재적재  8 | 중계율 0.15 | alpha 0.001 | complete
Ep 1047 | 드론5 목적지77 |  800스텝 | 배송 77/77 | 재적재 15 | 중계율 0.17 | alpha 0.001 | complete
Ep 1048 | 드론6 목적지54 |  405스텝 | 배송 54/54 | 재적재  7 | 중계율 0.11 | alpha 0.001 | complete
Ep 1049 | 드론3 목적지75 | 1000스텝 | 배송 66/75 | 재적재 11 | 중계율 0.24 | alpha 0.001 | step_limit
Ep 1050 | 드론5 목적지66 |  611스텝 | 배송 66/66 | 재적재 11 | 중계율 0.13 | alpha 0.001 | complete
  [홀드아웃] 배송 49.8±1.3 완주 0.95 스텝 958 점수 101.8 재적재 8.2 2홉+ 0.62 | 최고 104.3@ep950 정체 2/15
Ep 1051 | 드론4 목적지46 |  858스텝 | 배송 46/46 | 재적재  7 | 중계율 0.29 | alpha 0.001 | complete
Ep 1052 | 드론6 목적지64 |  616스텝 | 배송 64/64 | 재적재 11 | 중계율 0.16 | alpha 0.001 | complete
Ep 1053 | 드론6 목적지77 |  762스텝 | 배송 77/77 | 재적재 14 | 중계율 0.20 | alpha 0.001 | complete
Ep 1054 | 드론4 목적지50 |  875스텝 | 배송 50/50 | 재적재  8 | 중계율 0.22 | alpha 0.001 | complete
Ep 1055 | 드론3 목적지33 |  612스텝 | 배송 33/33 | 재적재  5 | 중계율 0.23 | alpha 0.001 | complete
Ep 1056 | 드론5 목적지55 |  504스텝 | 배송 55/55 | 재적재  9 | 중계율 0.09 | alpha 0.001 | complete
Ep 1057 | 드론6 목적지78 |  783스텝 | 배송 78/78 | 재적재 12 | 중계율 0.24 | alpha 0.001 | complete
Ep 1058 | 드론3 목적지74 | 1000스텝 | 배송 70/74 | 재적재 12 | 중계율 0.18 | alpha 0.001 | step_limit
Ep 1059 | 드론5 목적지76 |  627스텝 | 배송 76/76 | 재적재 13 | 중계율 0.17 | alpha 0.001 | complete
Ep 1060 | 드론4 목적지56 |  970스텝 | 배송 56/56 | 재적재  9 | 중계율 0.30 | alpha 0.001 | complete
Ep 1061 | 드론6 목적지46 |  391스텝 | 배송 46/46 | 재적재  7 | 중계율 0.12 | alpha 0.001 | complete
Ep 1062 | 드론6 목적지55 |  566스텝 | 배송 55/55 | 재적재  9 | 중계율 0.11 | alpha 0.001 | complete
Ep 1063 | 드론5 목적지54 |  678스텝 | 배송 54/54 | 재적재  8 | 중계율 0.16 | alpha 0.001 | complete
Ep 1064 | 드론3 목적지76 | 1000스텝 | 배송 69/76 | 재적재 11 | 중계율 0.24 | alpha 0.001 | step_limit
Ep 1065 | 드론4 목적지23 |  336스텝 | 배송 23/23 | 재적재  3 | 중계율 0.18 | alpha 0.001 | complete
Ep 1066 | 드론3 목적지37 |  807스텝 | 배송 37/37 | 재적재  7 | 중계율 0.30 | alpha 0.001 | complete
Ep 1067 | 드론3 목적지76 | 1000스텝 | 배송 59/76 | 재적재 10 | 중계율 0.27 | alpha 0.001 | step_limit
Ep 1068 | 드론6 목적지77 |  725스텝 | 배송 77/77 | 재적재 13 | 중계율 0.15 | alpha 0.001 | complete
Ep 1069 | 드론5 목적지56 |  839스텝 | 배송 56/56 | 재적재  9 | 중계율 0.26 | alpha 0.001 | complete
Ep 1070 | 드론6 목적지39 |  334스텝 | 배송 39/39 | 재적재  5 | 중계율 0.08 | alpha 0.001 | complete
Ep 1071 | 드론5 목적지26 |  407스텝 | 배송 26/26 | 재적재  3 | 중계율 0.20 | alpha 0.001 | complete
Ep 1072 | 드론6 목적지62 |  507스텝 | 배송 62/62 | 재적재  9 | 중계율 0.14 | alpha 0.001 | complete
Ep 1073 | 드론3 목적지44 |  894스텝 | 배송 44/44 | 재적재  8 | 중계율 0.31 | alpha 0.001 | complete
Ep 1074 | 드론4 목적지71 |  754스텝 | 배송 71/71 | 재적재 12 | 중계율 0.14 | alpha 0.001 | complete
Ep 1075 | 드론5 목적지36 |  659스텝 | 배송 36/36 | 재적재  5 | 중계율 0.25 | alpha 0.001 | complete
Ep 1076 | 드론3 목적지53 |  766스텝 | 배송 53/53 | 재적재 10 | 중계율 0.12 | alpha 0.001 | complete
Ep 1077 | 드론3 목적지47 |  708스텝 | 배송 47/47 | 재적재  7 | 중계율 0.21 | alpha 0.001 | complete
Ep 1078 | 드론5 목적지54 |  544스텝 | 배송 54/54 | 재적재  8 | 중계율 0.13 | alpha 0.001 | complete
Ep 1079 | 드론6 목적지48 |  459스텝 | 배송 48/48 | 재적재  7 | 중계율 0.14 | alpha 0.001 | complete
Ep 1080 | 드론6 목적지54 |  345스텝 | 배송 54/54 | 재적재  8 | 중계율 0.10 | alpha 0.001 | complete
Ep 1081 | 드론5 목적지28 |  335스텝 | 배송 28/28 | 재적재  3 | 중계율 0.16 | alpha 0.001 | complete
Ep 1082 | 드론4 목적지37 |  585스텝 | 배송 37/37 | 재적재  6 | 중계율 0.16 | alpha 0.001 | complete
Ep 1083 | 드론3 목적지25 |  429스텝 | 배송 25/25 | 재적재  3 | 중계율 0.07 | alpha 0.001 | complete
Ep 1084 | 드론6 목적지31 |  221스텝 | 배송 31/31 | 재적재  3 | 중계율 0.04 | alpha 0.001 | complete
Ep 1085 | 드론6 목적지46 |  583스텝 | 배송 46/46 | 재적재  7 | 중계율 0.20 | alpha 0.001 | complete
Ep 1086 | 드론4 목적지30 |  954스텝 | 배송 30/30 | 재적재  4 | 중계율 0.28 | alpha 0.001 | complete
Ep 1087 | 드론6 목적지20 |  204스텝 | 배송 20/20 | 재적재  1 | 중계율 0.12 | alpha 0.001 | complete
Ep 1088 | 드론3 목적지55 | 1000스텝 | 배송 51/55 | 재적재 10 | 중계율 0.28 | alpha 0.001 | step_limit
Ep 1089 | 드론5 목적지45 |  543스텝 | 배송 45/45 | 재적재  7 | 중계율 0.14 | alpha 0.001 | complete
Ep 1090 | 드론5 목적지23 |  365스텝 | 배송 23/23 | 재적재  3 | 중계율 0.11 | alpha 0.001 | complete
Ep 1091 | 드론3 목적지25 |  376스텝 | 배송 25/25 | 재적재  4 | 중계율 0.13 | alpha 0.001 | complete
Ep 1092 | 드론4 목적지46 |  590스텝 | 배송 46/46 | 재적재  8 | 중계율 0.13 | alpha 0.001 | complete
Ep 1093 | 드론5 목적지61 |  554스텝 | 배송 61/61 | 재적재  9 | 중계율 0.13 | alpha 0.001 | complete
Ep 1094 | 드론5 목적지63 |  696스텝 | 배송 63/63 | 재적재 11 | 중계율 0.16 | alpha 0.001 | complete
Ep 1095 | 드론3 목적지27 |  617스텝 | 배송 27/27 | 재적재  5 | 중계율 0.24 | alpha 0.001 | complete
Ep 1096 | 드론3 목적지72 | 1000스텝 | 배송 55/72 | 재적재  9 | 중계율 0.32 | alpha 0.001 | step_limit
Ep 1097 | 드론5 목적지45 |  652스텝 | 배송 45/45 | 재적재  7 | 중계율 0.22 | alpha 0.001 | complete
Ep 1098 | 드론6 목적지30 |  292스텝 | 배송 30/30 | 재적재  2 | 중계율 0.18 | alpha 0.001 | complete
Ep 1099 | 드론5 목적지74 | 1000스텝 | 배송 73/74 | 재적재 14 | 중계율 0.26 | alpha 0.001 | step_limit
Ep 1100 | 드론4 목적지37 |  548스텝 | 배송 37/37 | 재적재  5 | 중계율 0.15 | alpha 0.001 | complete
  [홀드아웃] 배송 49.9±0.7 완주 0.96 스텝 1005 점수 102.9 재적재 8.2 2홉+ 0.62 | 최고 104.3@ep950 정체 3/15
Ep 1101 | 드론5 목적지34 |  571스텝 | 배송 34/34 | 재적재  5 | 중계율 0.25 | alpha 0.001 | complete
Ep 1102 | 드론4 목적지40 |  628스텝 | 배송 40/40 | 재적재  6 | 중계율 0.19 | alpha 0.001 | complete
Ep 1103 | 드론6 목적지64 |  509스텝 | 배송 64/64 | 재적재 11 | 중계율 0.10 | alpha 0.001 | complete
Ep 1104 | 드론6 목적지35 |  423스텝 | 배송 35/35 | 재적재  4 | 중계율 0.14 | alpha 0.001 | complete
Ep 1105 | 드론3 목적지57 |  950스텝 | 배송 57/57 | 재적재 10 | 중계율 0.29 | alpha 0.001 | complete
Ep 1106 | 드론5 목적지71 |  635스텝 | 배송 71/71 | 재적재 13 | 중계율 0.11 | alpha 0.001 | complete
Ep 1107 | 드론6 목적지71 |  761스텝 | 배송 71/71 | 재적재 12 | 중계율 0.19 | alpha 0.001 | complete
Ep 1108 | 드론5 목적지48 |  636스텝 | 배송 48/48 | 재적재  7 | 중계율 0.13 | alpha 0.001 | complete
Ep 1109 | 드론4 목적지55 |  760스텝 | 배송 55/55 | 재적재 10 | 중계율 0.16 | alpha 0.001 | complete
Ep 1110 | 드론4 목적지34 |  584스텝 | 배송 34/34 | 재적재  5 | 중계율 0.25 | alpha 0.001 | complete
Ep 1111 | 드론6 목적지61 |  559스텝 | 배송 61/61 | 재적재  9 | 중계율 0.13 | alpha 0.001 | complete
Ep 1112 | 드론5 목적지34 |  683스텝 | 배송 34/34 | 재적재  4 | 중계율 0.19 | alpha 0.001 | complete
Ep 1113 | 드론5 목적지45 |  398스텝 | 배송 45/45 | 재적재  7 | 중계율 0.10 | alpha 0.001 | complete
Ep 1114 | 드론3 목적지76 | 1000스텝 | 배송 65/76 | 재적재 12 | 중계율 0.27 | alpha 0.001 | step_limit
Ep 1115 | 드론3 목적지29 |  664스텝 | 배송 29/29 | 재적재  4 | 중계율 0.31 | alpha 0.001 | complete
Ep 1116 | 드론3 목적지80 | 1000스텝 | 배송 65/80 | 재적재 12 | 중계율 0.24 | alpha 0.001 | step_limit
Ep 1117 | 드론3 목적지48 |  919스텝 | 배송 48/48 | 재적재  9 | 중계율 0.26 | alpha 0.001 | complete
Ep 1118 | 드론5 목적지80 |  681스텝 | 배송 80/80 | 재적재 13 | 중계율 0.13 | alpha 0.001 | complete
Ep 1119 | 드론6 목적지54 |  584스텝 | 배송 54/54 | 재적재  8 | 중계율 0.15 | alpha 0.001 | complete
Ep 1120 | 드론4 목적지57 |  991스텝 | 배송 57/57 | 재적재 10 | 중계율 0.31 | alpha 0.001 | complete
Ep 1121 | 드론5 목적지43 |  533스텝 | 배송 43/43 | 재적재  6 | 중계율 0.18 | alpha 0.001 | complete
Ep 1122 | 드론3 목적지56 |  991스텝 | 배송 56/56 | 재적재 10 | 중계율 0.22 | alpha 0.001 | complete
Ep 1123 | 드론6 목적지57 |  514스텝 | 배송 57/57 | 재적재  9 | 중계율 0.14 | alpha 0.001 | complete
Ep 1124 | 드론5 목적지77 |  766스텝 | 배송 77/77 | 재적재 13 | 중계율 0.13 | alpha 0.001 | complete
Ep 1125 | 드론3 목적지30 |  784스텝 | 배송 30/30 | 재적재  5 | 중계율 0.25 | alpha 0.001 | complete
Ep 1126 | 드론4 목적지48 |  639스텝 | 배송 48/48 | 재적재  8 | 중계율 0.16 | alpha 0.001 | complete
Ep 1127 | 드론5 목적지45 |  522스텝 | 배송 45/45 | 재적재  7 | 중계율 0.15 | alpha 0.001 | complete
Ep 1128 | 드론4 목적지54 |  906스텝 | 배송 54/54 | 재적재  8 | 중계율 0.28 | alpha 0.001 | complete
Ep 1129 | 드론4 목적지52 |  698스텝 | 배송 52/52 | 재적재  8 | 중계율 0.14 | alpha 0.001 | complete
Ep 1130 | 드론4 목적지42 |  568스텝 | 배송 42/42 | 재적재  8 | 중계율 0.20 | alpha 0.001 | complete
Ep 1131 | 드론5 목적지68 |  741스텝 | 배송 68/68 | 재적재 11 | 중계율 0.21 | alpha 0.001 | complete
Ep 1132 | 드론4 목적지65 |  884스텝 | 배송 65/65 | 재적재 11 | 중계율 0.22 | alpha 0.001 | complete
Ep 1133 | 드론4 목적지32 |  444스텝 | 배송 32/32 | 재적재  5 | 중계율 0.11 | alpha 0.001 | complete
Ep 1134 | 드론6 목적지76 |  856스텝 | 배송 76/76 | 재적재 12 | 중계율 0.26 | alpha 0.001 | complete
Ep 1135 | 드론6 목적지79 |  623스텝 | 배송 79/79 | 재적재 13 | 중계율 0.10 | alpha 0.001 | complete
Ep 1136 | 드론5 목적지22 |  404스텝 | 배송 22/22 | 재적재  3 | 중계율 0.20 | alpha 0.001 | complete
Ep 1137 | 드론6 목적지74 |  690스텝 | 배송 74/74 | 재적재 13 | 중계율 0.18 | alpha 0.001 | complete
Ep 1138 | 드론3 목적지38 |  900스텝 | 배송 38/38 | 재적재  6 | 중계율 0.39 | alpha 0.001 | complete
Ep 1139 | 드론5 목적지31 |  412스텝 | 배송 31/31 | 재적재  4 | 중계율 0.12 | alpha 0.001 | complete
Ep 1140 | 드론4 목적지47 |  667스텝 | 배송 47/47 | 재적재  8 | 중계율 0.16 | alpha 0.001 | complete
Ep 1141 | 드론4 목적지37 |  534스텝 | 배송 37/37 | 재적재  6 | 중계율 0.16 | alpha 0.001 | complete
Ep 1142 | 드론4 목적지53 |  824스텝 | 배송 53/53 | 재적재  9 | 중계율 0.28 | alpha 0.001 | complete
Ep 1143 | 드론3 목적지48 |  916스텝 | 배송 48/48 | 재적재  9 | 중계율 0.31 | alpha 0.001 | complete
Ep 1144 | 드론4 목적지70 | 1000스텝 | 배송 65/70 | 재적재 11 | 중계율 0.25 | alpha 0.001 | step_limit
Ep 1145 | 드론6 목적지48 |  447스텝 | 배송 48/48 | 재적재  6 | 중계율 0.07 | alpha 0.001 | complete
Ep 1146 | 드론4 목적지45 | 1000스텝 | 배송 45/45 | 재적재  7 | 중계율 0.31 | alpha 0.001 | complete
Ep 1147 | 드론6 목적지49 |  417스텝 | 배송 49/49 | 재적재  6 | 중계율 0.08 | alpha 0.001 | complete
Ep 1148 | 드론5 목적지22 |  351스텝 | 배송 22/22 | 재적재  2 | 중계율 0.13 | alpha 0.001 | complete
Ep 1149 | 드론4 목적지44 |  470스텝 | 배송 44/44 | 재적재  7 | 중계율 0.07 | alpha 0.001 | complete
Ep 1150 | 드론5 목적지51 |  696스텝 | 배송 51/51 | 재적재  7 | 중계율 0.19 | alpha 0.001 | complete
  [홀드아웃] 배송 49.5±1.8 완주 0.88 스텝 1026 점수 94.1 재적재 8.2 2홉+ 0.63 | 최고 104.3@ep950 정체 4/15
Ep 1151 | 드론3 목적지63 | 1000스텝 | 배송 39/63 | 재적재  6 | 중계율 0.28 | alpha 0.001 | step_limit
Ep 1152 | 드론3 목적지47 |  783스텝 | 배송 47/47 | 재적재  8 | 중계율 0.24 | alpha 0.001 | complete
Ep 1153 | 드론4 목적지44 | 1000스텝 | 배송 43/44 | 재적재  7 | 중계율 0.37 | alpha 0.001 | step_limit
Ep 1154 | 드론5 목적지39 |  466스텝 | 배송 39/39 | 재적재  5 | 중계율 0.15 | alpha 0.001 | complete
Ep 1155 | 드론3 목적지52 | 1000스텝 | 배송 47/52 | 재적재  9 | 중계율 0.25 | alpha 0.001 | step_limit
Ep 1156 | 드론6 목적지59 |  483스텝 | 배송 59/59 | 재적재 10 | 중계율 0.11 | alpha 0.001 | complete
Ep 1157 | 드론3 목적지33 |  678스텝 | 배송 33/33 | 재적재  5 | 중계율 0.29 | alpha 0.001 | complete
Ep 1158 | 드론5 목적지55 |  886스텝 | 배송 55/55 | 재적재  9 | 중계율 0.21 | alpha 0.001 | complete
Ep 1159 | 드론6 목적지33 |  377스텝 | 배송 33/33 | 재적재  3 | 중계율 0.11 | alpha 0.001 | complete
Ep 1160 | 드론5 목적지71 |  942스텝 | 배송 71/71 | 재적재 11 | 중계율 0.27 | alpha 0.001 | complete
Ep 1161 | 드론5 목적지78 |  787스텝 | 배송 78/78 | 재적재 14 | 중계율 0.16 | alpha 0.001 | complete
Ep 1162 | 드론4 목적지27 |  370스텝 | 배송 27/27 | 재적재  4 | 중계율 0.09 | alpha 0.001 | complete
Ep 1163 | 드론3 목적지71 | 1000스텝 | 배송 61/71 | 재적재 12 | 중계율 0.28 | alpha 0.001 | step_limit
Ep 1164 | 드론5 목적지24 |  314스텝 | 배송 24/24 | 재적재  4 | 중계율 0.16 | alpha 0.001 | complete
Ep 1165 | 드론4 목적지47 |  628스텝 | 배송 47/47 | 재적재  7 | 중계율 0.17 | alpha 0.001 | complete
Ep 1166 | 드론5 목적지79 |  878스텝 | 배송 79/79 | 재적재 14 | 중계율 0.20 | alpha 0.001 | complete
Ep 1167 | 드론4 목적지74 |  897스텝 | 배송 74/74 | 재적재 14 | 중계율 0.16 | alpha 0.001 | complete
Ep 1168 | 드론4 목적지68 |  925스텝 | 배송 68/68 | 재적재 12 | 중계율 0.14 | alpha 0.001 | complete
Ep 1169 | 드론3 목적지79 | 1000스텝 | 배송 73/79 | 재적재 13 | 중계율 0.21 | alpha 0.001 | step_limit
Ep 1170 | 드론4 목적지39 |  550스텝 | 배송 39/39 | 재적재  6 | 중계율 0.11 | alpha 0.001 | complete
Ep 1171 | 드론5 목적지25 |  311스텝 | 배송 25/25 | 재적재  3 | 중계율 0.08 | alpha 0.001 | complete
Ep 1172 | 드론3 목적지21 |  359스텝 | 배송 21/21 | 재적재  3 | 중계율 0.10 | alpha 0.001 | complete
Ep 1173 | 드론6 목적지53 |  343스텝 | 배송 53/53 | 재적재  9 | 중계율 0.11 | alpha 0.001 | complete
Ep 1174 | 드론4 목적지51 |  605스텝 | 배송 51/51 | 재적재  9 | 중계율 0.18 | alpha 0.001 | complete
Ep 1175 | 드론3 목적지74 | 1000스텝 | 배송 67/74 | 재적재 12 | 중계율 0.23 | alpha 0.001 | step_limit
Ep 1176 | 드론4 목적지66 | 1000스텝 | 배송 46/66 | 재적재  9 | 중계율 0.32 | alpha 0.001 | step_limit
Ep 1177 | 드론4 목적지66 |  883스텝 | 배송 66/66 | 재적재 11 | 중계율 0.16 | alpha 0.001 | complete
Ep 1178 | 드론5 목적지39 |  755스텝 | 배송 39/39 | 재적재  6 | 중계율 0.27 | alpha 0.001 | complete
Ep 1179 | 드론4 목적지21 |  518스텝 | 배송 21/21 | 재적재  2 | 중계율 0.21 | alpha 0.001 | complete
Ep 1180 | 드론4 목적지33 |  536스텝 | 배송 33/33 | 재적재  5 | 중계율 0.16 | alpha 0.001 | complete
Ep 1181 | 드론3 목적지41 |  754스텝 | 배송 41/41 | 재적재  7 | 중계율 0.32 | alpha 0.001 | complete
Ep 1182 | 드론6 목적지48 |  468스텝 | 배송 48/48 | 재적재  6 | 중계율 0.14 | alpha 0.001 | complete
Ep 1183 | 드론5 목적지22 |  420스텝 | 배송 22/22 | 재적재  3 | 중계율 0.16 | alpha 0.001 | complete
Ep 1184 | 드론6 목적지24 |  199스텝 | 배송 24/24 | 재적재  1 | 중계율 0.06 | alpha 0.001 | complete
Ep 1185 | 드론4 목적지79 | 1000스텝 | 배송 77/79 | 재적재 13 | 중계율 0.24 | alpha 0.001 | step_limit
Ep 1186 | 드론3 목적지43 |  878스텝 | 배송 43/43 | 재적재  7 | 중계율 0.28 | alpha 0.001 | complete
Ep 1187 | 드론5 목적지80 |  732스텝 | 배송 80/80 | 재적재 13 | 중계율 0.16 | alpha 0.001 | complete
Ep 1188 | 드론4 목적지67 |  737스텝 | 배송 67/67 | 재적재 11 | 중계율 0.13 | alpha 0.001 | complete
Ep 1189 | 드론5 목적지67 |  879스텝 | 배송 67/67 | 재적재 11 | 중계율 0.26 | alpha 0.001 | complete
Ep 1190 | 드론4 목적지28 |  711스텝 | 배송 28/28 | 재적재  3 | 중계율 0.19 | alpha 0.001 | complete
Ep 1191 | 드론4 목적지67 |  889스텝 | 배송 67/67 | 재적재 13 | 중계율 0.22 | alpha 0.001 | complete
Ep 1192 | 드론4 목적지44 |  538스텝 | 배송 44/44 | 재적재  7 | 중계율 0.16 | alpha 0.001 | complete
Ep 1193 | 드론5 목적지53 |  459스텝 | 배송 53/53 | 재적재  9 | 중계율 0.08 | alpha 0.001 | complete
Ep 1194 | 드론5 목적지27 |  448스텝 | 배송 27/27 | 재적재  3 | 중계율 0.10 | alpha 0.001 | complete
Ep 1195 | 드론6 목적지57 |  415스텝 | 배송 57/57 | 재적재  9 | 중계율 0.05 | alpha 0.001 | complete
Ep 1196 | 드론4 목적지74 |  835스텝 | 배송 74/74 | 재적재 13 | 중계율 0.19 | alpha 0.001 | complete
Ep 1197 | 드론6 목적지25 |  291스텝 | 배송 25/25 | 재적재  3 | 중계율 0.13 | alpha 0.001 | complete
Ep 1198 | 드론6 목적지35 |  393스텝 | 배송 35/35 | 재적재  4 | 중계율 0.13 | alpha 0.001 | complete
Ep 1199 | 드론6 목적지29 |  589스텝 | 배송 29/29 | 재적재  3 | 중계율 0.22 | alpha 0.001 | complete
Ep 1200 | 드론3 목적지40 |  669스텝 | 배송 40/40 | 재적재  7 | 중계율 0.14 | alpha 0.001 | complete
  [홀드아웃] 배송 49.6±1.6 완주 0.94 스텝 1026 점수 100.3 재적재 8.2 2홉+ 0.62 | 최고 104.3@ep950 정체 5/15
Ep 1201 | 드론3 목적지43 |  869스텝 | 배송 43/43 | 재적재  8 | 중계율 0.27 | alpha 0.001 | complete
Ep 1202 | 드론4 목적지25 |  333스텝 | 배송 25/25 | 재적재  4 | 중계율 0.11 | alpha 0.001 | complete
Ep 1203 | 드론3 목적지48 |  735스텝 | 배송 48/48 | 재적재  9 | 중계율 0.20 | alpha 0.001 | complete
Ep 1204 | 드론4 목적지59 | 1000스텝 | 배송 53/59 | 재적재 10 | 중계율 0.27 | alpha 0.001 | step_limit
Ep 1205 | 드론6 목적지53 |  335스텝 | 배송 53/53 | 재적재  7 | 중계율 0.09 | alpha 0.001 | complete
Ep 1206 | 드론3 목적지45 |  845스텝 | 배송 45/45 | 재적재  8 | 중계율 0.27 | alpha 0.001 | complete
Ep 1207 | 드론3 목적지72 | 1000스텝 | 배송 61/72 | 재적재 11 | 중계율 0.31 | alpha 0.001 | step_limit
Ep 1208 | 드론3 목적지68 | 1000스텝 | 배송 64/68 | 재적재 12 | 중계율 0.30 | alpha 0.001 | step_limit
Ep 1209 | 드론5 목적지37 |  393스텝 | 배송 37/37 | 재적재  5 | 중계율 0.13 | alpha 0.001 | complete
Ep 1210 | 드론4 목적지40 |  509스텝 | 배송 40/40 | 재적재  6 | 중계율 0.17 | alpha 0.001 | complete
Ep 1211 | 드론5 목적지40 |  367스텝 | 배송 40/40 | 재적재  5 | 중계율 0.07 | alpha 0.001 | complete
Ep 1212 | 드론6 목적지47 |  641스텝 | 배송 47/47 | 재적재  7 | 중계율 0.15 | alpha 0.001 | complete
Ep 1213 | 드론6 목적지44 |  496스텝 | 배송 44/44 | 재적재  6 | 중계율 0.12 | alpha 0.001 | complete
Ep 1214 | 드론4 목적지54 |  791스텝 | 배송 54/54 | 재적재  9 | 중계율 0.22 | alpha 0.001 | complete
Ep 1215 | 드론3 목적지71 | 1000스텝 | 배송 62/71 | 재적재 11 | 중계율 0.26 | alpha 0.001 | step_limit
Ep 1216 | 드론6 목적지68 |  705스텝 | 배송 68/68 | 재적재  9 | 중계율 0.15 | alpha 0.001 | complete
Ep 1217 | 드론3 목적지48 |  800스텝 | 배송 48/48 | 재적재  9 | 중계율 0.26 | alpha 0.001 | complete
Ep 1218 | 드론5 목적지37 |  344스텝 | 배송 37/37 | 재적재  5 | 중계율 0.09 | alpha 0.001 | complete
Ep 1219 | 드론4 목적지80 | 1000스텝 | 배송 78/80 | 재적재 13 | 중계율 0.23 | alpha 0.001 | step_limit
Ep 1220 | 드론4 목적지63 |  710스텝 | 배송 63/63 | 재적재 10 | 중계율 0.16 | alpha 0.001 | complete
Ep 1221 | 드론3 목적지21 |  579스텝 | 배송 21/21 | 재적재  3 | 중계율 0.27 | alpha 0.001 | complete
Ep 1222 | 드론3 목적지59 | 1000스텝 | 배송 57/59 | 재적재  9 | 중계율 0.22 | alpha 0.001 | step_limit
Ep 1223 | 드론4 목적지25 |  441스텝 | 배송 25/25 | 재적재  3 | 중계율 0.19 | alpha 0.001 | complete
Ep 1224 | 드론4 목적지53 |  677스텝 | 배송 53/53 | 재적재  9 | 중계율 0.12 | alpha 0.001 | complete
Ep 1225 | 드론3 목적지66 | 1000스텝 | 배송 63/66 | 재적재 10 | 중계율 0.24 | alpha 0.001 | step_limit
Ep 1226 | 드론5 목적지39 |  386스텝 | 배송 39/39 | 재적재  6 | 중계율 0.09 | alpha 0.001 | complete
Ep 1227 | 드론6 목적지70 |  433스텝 | 배송 70/70 | 재적재 11 | 중계율 0.09 | alpha 0.001 | complete
Ep 1228 | 드론3 목적지52 | 1000스텝 | 배송 49/52 | 재적재  8 | 중계율 0.27 | alpha 0.001 | step_limit
Ep 1229 | 드론3 목적지43 |  830스텝 | 배송 43/43 | 재적재  7 | 중계율 0.26 | alpha 0.001 | complete
Ep 1230 | 드론3 목적지79 | 1000스텝 | 배송 63/79 | 재적재 12 | 중계율 0.29 | alpha 0.001 | step_limit
Ep 1231 | 드론4 목적지30 |  292스텝 | 배송 30/30 | 재적재  4 | 중계율 0.10 | alpha 0.001 | complete
Ep 1232 | 드론4 목적지67 |  702스텝 | 배송 67/67 | 재적재 11 | 중계율 0.11 | alpha 0.001 | complete
Ep 1233 | 드론5 목적지36 |  316스텝 | 배송 36/36 | 재적재  5 | 중계율 0.11 | alpha 0.001 | complete
Ep 1234 | 드론4 목적지71 |  961스텝 | 배송 71/71 | 재적재 12 | 중계율 0.21 | alpha 0.001 | complete
Ep 1235 | 드론5 목적지57 |  565스텝 | 배송 57/57 | 재적재  9 | 중계율 0.14 | alpha 0.001 | complete
Ep 1236 | 드론6 목적지53 |  388스텝 | 배송 53/53 | 재적재  6 | 중계율 0.14 | alpha 0.001 | complete
Ep 1237 | 드론5 목적지71 | 1000스텝 | 배송 62/71 | 재적재 11 | 중계율 0.29 | alpha 0.001 | step_limit
Ep 1238 | 드론6 목적지65 |  772스텝 | 배송 65/65 | 재적재 10 | 중계율 0.19 | alpha 0.001 | complete
Ep 1239 | 드론4 목적지60 | 1000스텝 | 배송 59/60 | 재적재 11 | 중계율 0.27 | alpha 0.001 | step_limit
Ep 1240 | 드론4 목적지53 | 1000스텝 | 배송 52/53 | 재적재  9 | 중계율 0.33 | alpha 0.001 | step_limit
Ep 1241 | 드론3 목적지80 | 1000스텝 | 배송 65/80 | 재적재 11 | 중계율 0.28 | alpha 0.001 | step_limit
Ep 1242 | 드론5 목적지25 |  250스텝 | 배송 25/25 | 재적재  3 | 중계율 0.09 | alpha 0.001 | complete
Ep 1243 | 드론4 목적지63 | 1000스텝 | 배송 60/63 | 재적재  9 | 중계율 0.25 | alpha 0.001 | step_limit
Ep 1244 | 드론6 목적지36 |  385스텝 | 배송 36/36 | 재적재  6 | 중계율 0.13 | alpha 0.001 | complete
Ep 1245 | 드론6 목적지42 |  414스텝 | 배송 42/42 | 재적재  6 | 중계율 0.12 | alpha 0.001 | complete
Ep 1246 | 드론4 목적지34 |  386스텝 | 배송 34/34 | 재적재  5 | 중계율 0.09 | alpha 0.001 | complete
Ep 1247 | 드론5 목적지41 |  499스텝 | 배송 41/41 | 재적재  7 | 중계율 0.13 | alpha 0.001 | complete
Ep 1248 | 드론5 목적지56 |  541스텝 | 배송 56/56 | 재적재  8 | 중계율 0.14 | alpha 0.001 | complete
Ep 1249 | 드론4 목적지52 |  611스텝 | 배송 52/52 | 재적재  9 | 중계율 0.15 | alpha 0.001 | complete
Ep 1250 | 드론3 목적지29 |  564스텝 | 배송 29/29 | 재적재  4 | 중계율 0.20 | alpha 0.001 | complete
  [홀드아웃] 배송 49.5±2.0 완주 0.91 스텝 1021 점수 97.8 재적재 8.1 2홉+ 0.61 | 최고 104.3@ep950 정체 6/15
Ep 1251 | 드론4 목적지71 | 1000스텝 | 배송 68/71 | 재적재 13 | 중계율 0.24 | alpha 0.001 | step_limit
Ep 1252 | 드론5 목적지79 |  822스텝 | 배송 79/79 | 재적재 14 | 중계율 0.18 | alpha 0.001 | complete
Ep 1253 | 드론6 목적지71 |  848스텝 | 배송 71/71 | 재적재 10 | 중계율 0.20 | alpha 0.001 | complete
Ep 1254 | 드론6 목적지47 |  467스텝 | 배송 47/47 | 재적재  5 | 중계율 0.13 | alpha 0.001 | complete
Ep 1255 | 드론5 목적지70 |  916스텝 | 배송 70/70 | 재적재 13 | 중계율 0.19 | alpha 0.001 | complete
Ep 1256 | 드론3 목적지67 | 1000스텝 | 배송 56/67 | 재적재  9 | 중계율 0.28 | alpha 0.001 | step_limit
Ep 1257 | 드론4 목적지41 |  757스텝 | 배송 41/41 | 재적재  6 | 중계율 0.29 | alpha 0.001 | complete
Ep 1258 | 드론5 목적지41 |  481스텝 | 배송 41/41 | 재적재  6 | 중계율 0.12 | alpha 0.001 | complete
Ep 1259 | 드론4 목적지67 |  966스텝 | 배송 67/67 | 재적재 11 | 중계율 0.28 | alpha 0.001 | complete
Ep 1260 | 드론3 목적지20 |  415스텝 | 배송 20/20 | 재적재  2 | 중계율 0.18 | alpha 0.001 | complete
Ep 1261 | 드론4 목적지45 |  471스텝 | 배송 45/45 | 재적재  6 | 중계율 0.14 | alpha 0.001 | complete
Ep 1262 | 드론3 목적지61 |  969스텝 | 배송 61/61 | 재적재 11 | 중계율 0.28 | alpha 0.001 | complete
Ep 1263 | 드론6 목적지34 |  407스텝 | 배송 34/34 | 재적재  5 | 중계율 0.13 | alpha 0.001 | complete
Ep 1264 | 드론6 목적지31 |  265스텝 | 배송 31/31 | 재적재  5 | 중계율 0.06 | alpha 0.001 | complete
Ep 1265 | 드론4 목적지56 |  929스텝 | 배송 56/56 | 재적재  9 | 중계율 0.23 | alpha 0.001 | complete
Ep 1266 | 드론4 목적지23 |  409스텝 | 배송 23/23 | 재적재  2 | 중계율 0.08 | alpha 0.001 | complete
Ep 1267 | 드론3 목적지63 | 1000스텝 | 배송 54/63 | 재적재 10 | 중계율 0.23 | alpha 0.001 | step_limit
Ep 1268 | 드론3 목적지39 |  679스텝 | 배송 39/39 | 재적재  7 | 중계율 0.19 | alpha 0.001 | complete
Ep 1269 | 드론5 목적지70 |  572스텝 | 배송 70/70 | 재적재 11 | 중계율 0.14 | alpha 0.001 | complete
Ep 1270 | 드론5 목적지39 |  431스텝 | 배송 39/39 | 재적재  5 | 중계율 0.14 | alpha 0.001 | complete
Ep 1271 | 드론3 목적지74 | 1000스텝 | 배송 69/74 | 재적재 12 | 중계율 0.20 | alpha 0.001 | step_limit
Ep 1272 | 드론5 목적지20 |  214스텝 | 배송 20/20 | 재적재  0 | 중계율 0.19 | alpha 0.001 | complete
Ep 1273 | 드론3 목적지27 |  605스텝 | 배송 27/27 | 재적재  4 | 중계율 0.28 | alpha 0.001 | complete
Ep 1274 | 드론3 목적지34 |  633스텝 | 배송 34/34 | 재적재  5 | 중계율 0.23 | alpha 0.001 | complete
Ep 1275 | 드론3 목적지29 |  708스텝 | 배송 29/29 | 재적재  4 | 중계율 0.28 | alpha 0.001 | complete
Ep 1276 | 드론6 목적지62 |  561스텝 | 배송 62/62 | 재적재 10 | 중계율 0.15 | alpha 0.001 | complete
Ep 1277 | 드론3 목적지77 | 1000스텝 | 배송 70/77 | 재적재 12 | 중계율 0.24 | alpha 0.001 | step_limit
Ep 1278 | 드론3 목적지59 | 1000스텝 | 배송 47/59 | 재적재  8 | 중계율 0.32 | alpha 0.001 | step_limit
Ep 1279 | 드론6 목적지39 |  507스텝 | 배송 39/39 | 재적재  6 | 중계율 0.17 | alpha 0.001 | complete
Ep 1280 | 드론4 목적지31 |  384스텝 | 배송 31/31 | 재적재  3 | 중계율 0.12 | alpha 0.001 | complete
Ep 1281 | 드론3 목적지36 |  726스텝 | 배송 36/36 | 재적재  5 | 중계율 0.30 | alpha 0.001 | complete
Ep 1282 | 드론4 목적지39 |  529스텝 | 배송 39/39 | 재적재  5 | 중계율 0.16 | alpha 0.001 | complete
Ep 1283 | 드론3 목적지43 |  692스텝 | 배송 43/43 | 재적재  7 | 중계율 0.23 | alpha 0.001 | complete
Ep 1284 | 드론5 목적지25 |  374스텝 | 배송 25/25 | 재적재  3 | 중계율 0.17 | alpha 0.001 | complete
Ep 1285 | 드론6 목적지74 |  544스텝 | 배송 74/74 | 재적재 13 | 중계율 0.11 | alpha 0.001 | complete
Ep 1286 | 드론3 목적지76 | 1000스텝 | 배송 62/76 | 재적재 12 | 중계율 0.29 | alpha 0.001 | step_limit
Ep 1287 | 드론6 목적지59 |  579스텝 | 배송 59/59 | 재적재  9 | 중계율 0.16 | alpha 0.001 | complete
Ep 1288 | 드론5 목적지77 |  798스텝 | 배송 77/77 | 재적재 14 | 중계율 0.14 | alpha 0.001 | complete
Ep 1289 | 드론3 목적지24 |  338스텝 | 배송 24/24 | 재적재  4 | 중계율 0.15 | alpha 0.001 | complete
Ep 1290 | 드론5 목적지52 |  623스텝 | 배송 52/52 | 재적재  8 | 중계율 0.16 | alpha 0.001 | complete
Ep 1291 | 드론3 목적지42 |  906스텝 | 배송 42/42 | 재적재  7 | 중계율 0.22 | alpha 0.001 | complete
Ep 1292 | 드론3 목적지77 | 1000스텝 | 배송 65/77 | 재적재 11 | 중계율 0.29 | alpha 0.001 | step_limit
Ep 1293 | 드론5 목적지76 |  934스텝 | 배송 76/76 | 재적재 14 | 중계율 0.20 | alpha 0.001 | complete
Ep 1294 | 드론6 목적지31 |  317스텝 | 배송 31/31 | 재적재  5 | 중계율 0.16 | alpha 0.001 | complete
Ep 1295 | 드론5 목적지61 |  884스텝 | 배송 61/61 | 재적재  9 | 중계율 0.29 | alpha 0.001 | complete
Ep 1296 | 드론4 목적지50 |  602스텝 | 배송 50/50 | 재적재  9 | 중계율 0.14 | alpha 0.001 | complete
Ep 1297 | 드론5 목적지76 |  872스텝 | 배송 76/76 | 재적재 12 | 중계율 0.20 | alpha 0.001 | complete
Ep 1298 | 드론5 목적지36 |  350스텝 | 배송 36/36 | 재적재  4 | 중계율 0.10 | alpha 0.001 | complete
Ep 1299 | 드론5 목적지66 |  802스텝 | 배송 66/66 | 재적재 12 | 중계율 0.16 | alpha 0.001 | complete
Ep 1300 | 드론3 목적지21 |  552스텝 | 배송 21/21 | 재적재  3 | 중계율 0.21 | alpha 0.001 | complete
  [홀드아웃] 배송 49.9±0.7 완주 0.95 스텝 1016 점수 101.6 재적재 8.3 2홉+ 0.62 | 최고 104.3@ep950 정체 7/15
Ep 1301 | 드론3 목적지47 |  741스텝 | 배송 47/47 | 재적재  7 | 중계율 0.21 | alpha 0.001 | complete
Ep 1302 | 드론3 목적지58 |  929스텝 | 배송 58/58 | 재적재 10 | 중계율 0.27 | alpha 0.001 | complete
Ep 1303 | 드론5 목적지61 |  675스텝 | 배송 61/61 | 재적재 10 | 중계율 0.22 | alpha 0.001 | complete
Ep 1304 | 드론3 목적지67 | 1000스텝 | 배송 58/67 | 재적재 10 | 중계율 0.21 | alpha 0.001 | step_limit
Ep 1305 | 드론6 목적지61 |  485스텝 | 배송 61/61 | 재적재  9 | 중계율 0.08 | alpha 0.001 | complete
Ep 1306 | 드론3 목적지79 | 1000스텝 | 배송 62/79 | 재적재 12 | 중계율 0.23 | alpha 0.001 | step_limit
Ep 1307 | 드론5 목적지73 |  627스텝 | 배송 73/73 | 재적재 12 | 중계율 0.13 | alpha 0.001 | complete
Ep 1308 | 드론5 목적지60 |  912스텝 | 배송 60/60 | 재적재 11 | 중계율 0.25 | alpha 0.001 | complete
Ep 1309 | 드론6 목적지77 |  608스텝 | 배송 77/77 | 재적재 13 | 중계율 0.13 | alpha 0.001 | complete
Ep 1310 | 드론5 목적지72 |  727스텝 | 배송 72/72 | 재적재 13 | 중계율 0.18 | alpha 0.001 | complete
Ep 1311 | 드론3 목적지60 |  937스텝 | 배송 60/60 | 재적재 10 | 중계율 0.27 | alpha 0.001 | complete
Ep 1312 | 드론5 목적지59 |  744스텝 | 배송 59/59 | 재적재 10 | 중계율 0.20 | alpha 0.001 | complete
Ep 1313 | 드론3 목적지72 | 1000스텝 | 배송 56/72 | 재적재 10 | 중계율 0.28 | alpha 0.001 | step_limit
Ep 1314 | 드론4 목적지67 | 1000스텝 | 배송 60/67 | 재적재 11 | 중계율 0.30 | alpha 0.001 | step_limit
Ep 1315 | 드론6 목적지58 |  471스텝 | 배송 58/58 | 재적재  8 | 중계율 0.08 | alpha 0.001 | complete
Ep 1316 | 드론3 목적지66 | 1000스텝 | 배송 47/66 | 재적재  8 | 중계율 0.32 | alpha 0.001 | step_limit
Ep 1317 | 드론5 목적지67 |  958스텝 | 배송 67/67 | 재적재 12 | 중계율 0.20 | alpha 0.001 | complete
Ep 1318 | 드론4 목적지28 |  542스텝 | 배송 28/28 | 재적재  3 | 중계율 0.20 | alpha 0.001 | complete
Ep 1319 | 드론4 목적지34 |  514스텝 | 배송 34/34 | 재적재  5 | 중계율 0.16 | alpha 0.001 | complete
Ep 1320 | 드론4 목적지57 |  772스텝 | 배송 57/57 | 재적재 10 | 중계율 0.23 | alpha 0.001 | complete
Ep 1321 | 드론6 목적지59 |  461스텝 | 배송 59/59 | 재적재 10 | 중계율 0.07 | alpha 0.001 | complete
Ep 1322 | 드론4 목적지39 |  556스텝 | 배송 39/39 | 재적재  6 | 중계율 0.18 | alpha 0.001 | complete
Ep 1323 | 드론6 목적지48 |  432스텝 | 배송 48/48 | 재적재  6 | 중계율 0.13 | alpha 0.001 | complete
Ep 1324 | 드론5 목적지52 |  453스텝 | 배송 52/52 | 재적재  7 | 중계율 0.11 | alpha 0.001 | complete
Ep 1325 | 드론5 목적지40 |  387스텝 | 배송 40/40 | 재적재  6 | 중계율 0.07 | alpha 0.001 | complete
Ep 1326 | 드론3 목적지40 |  798스텝 | 배송 20/40 | 재적재  4 | 중계율 0.33 | alpha 0.001 | no_progress
Ep 1327 | 드론3 목적지23 |  381스텝 | 배송 23/23 | 재적재  3 | 중계율 0.15 | alpha 0.001 | complete
Ep 1328 | 드론6 목적지25 |  299스텝 | 배송 25/25 | 재적재  2 | 중계율 0.10 | alpha 0.001 | complete
Ep 1329 | 드론3 목적지51 |  950스텝 | 배송 51/51 | 재적재  8 | 중계율 0.32 | alpha 0.001 | complete
Ep 1330 | 드론6 목적지42 |  952스텝 | 배송 42/42 | 재적재  7 | 중계율 0.29 | alpha 0.001 | complete
Ep 1331 | 드론6 목적지48 |  624스텝 | 배송 48/48 | 재적재  8 | 중계율 0.20 | alpha 0.001 | complete
Ep 1332 | 드론5 목적지21 |  395스텝 | 배송 21/21 | 재적재  2 | 중계율 0.19 | alpha 0.001 | complete
Ep 1333 | 드론6 목적지42 |  607스텝 | 배송 42/42 | 재적재  6 | 중계율 0.16 | alpha 0.001 | complete
Ep 1334 | 드론6 목적지30 |  316스텝 | 배송 30/30 | 재적재  4 | 중계율 0.12 | alpha 0.001 | complete
Ep 1335 | 드론5 목적지52 |  471스텝 | 배송 52/52 | 재적재  9 | 중계율 0.11 | alpha 0.001 | complete
Ep 1336 | 드론4 목적지31 |  508스텝 | 배송 31/31 | 재적재  5 | 중계율 0.15 | alpha 0.001 | complete
Ep 1337 | 드론5 목적지70 |  683스텝 | 배송 70/70 | 재적재 11 | 중계율 0.15 | alpha 0.001 | complete
Ep 1338 | 드론3 목적지80 | 1000스텝 | 배송 70/80 | 재적재 12 | 중계율 0.22 | alpha 0.001 | step_limit
Ep 1339 | 드론5 목적지74 |  706스텝 | 배송 74/74 | 재적재 13 | 중계율 0.15 | alpha 0.001 | complete
Ep 1340 | 드론5 목적지77 | 1000스텝 | 배송 72/77 | 재적재 12 | 중계율 0.25 | alpha 0.001 | step_limit
Ep 1341 | 드론5 목적지30 |  341스텝 | 배송 30/30 | 재적재  4 | 중계율 0.05 | alpha 0.001 | complete
Ep 1342 | 드론6 목적지59 |  565스텝 | 배송 59/59 | 재적재  9 | 중계율 0.18 | alpha 0.001 | complete
Ep 1343 | 드론5 목적지28 |  446스텝 | 배송 28/28 | 재적재  3 | 중계율 0.16 | alpha 0.001 | complete
Ep 1344 | 드론4 목적지48 |  747스텝 | 배송 48/48 | 재적재  8 | 중계율 0.22 | alpha 0.001 | complete
Ep 1345 | 드론3 목적지61 |  910스텝 | 배송 61/61 | 재적재 10 | 중계율 0.28 | alpha 0.001 | complete
Ep 1346 | 드론4 목적지54 |  601스텝 | 배송 54/54 | 재적재  9 | 중계율 0.17 | alpha 0.001 | complete
Ep 1347 | 드론4 목적지68 | 1000스텝 | 배송 65/68 | 재적재 12 | 중계율 0.26 | alpha 0.001 | step_limit
Ep 1348 | 드론4 목적지25 |  303스텝 | 배송 25/25 | 재적재  4 | 중계율 0.14 | alpha 0.001 | complete
Ep 1349 | 드론6 목적지33 |  358스텝 | 배송 33/33 | 재적재  5 | 중계율 0.14 | alpha 0.001 | complete
Ep 1350 | 드론4 목적지70 |  737스텝 | 배송 70/70 | 재적재 11 | 중계율 0.18 | alpha 0.001 | complete
  [홀드아웃] 배송 49.9±0.6 완주 0.96 스텝 1001 점수 102.9 재적재 8.2 2홉+ 0.61 | 최고 104.3@ep950 정체 8/15
Ep 1351 | 드론4 목적지42 |  419스텝 | 배송 42/42 | 재적재  6 | 중계율 0.15 | alpha 0.001 | complete
Ep 1352 | 드론3 목적지30 |  702스텝 | 배송 30/30 | 재적재  5 | 중계율 0.25 | alpha 0.001 | complete
Ep 1353 | 드론3 목적지55 | 1000스텝 | 배송 49/55 | 재적재  9 | 중계율 0.27 | alpha 0.001 | step_limit
Ep 1354 | 드론4 목적지25 |  484스텝 | 배송 25/25 | 재적재  3 | 중계율 0.25 | alpha 0.001 | complete
Ep 1355 | 드론4 목적지54 |  701스텝 | 배송 54/54 | 재적재  9 | 중계율 0.12 | alpha 0.001 | complete
Ep 1356 | 드론6 목적지76 |  753스텝 | 배송 76/76 | 재적재 14 | 중계율 0.15 | alpha 0.001 | complete
Ep 1357 | 드론4 목적지61 | 1000스텝 | 배송 54/61 | 재적재  8 | 중계율 0.35 | alpha 0.001 | step_limit
Ep 1358 | 드론5 목적지36 |  400스텝 | 배송 36/36 | 재적재  5 | 중계율 0.13 | alpha 0.001 | complete
Ep 1359 | 드론3 목적지38 |  963스텝 | 배송 38/38 | 재적재  6 | 중계율 0.31 | alpha 0.001 | complete
Ep 1360 | 드론4 목적지22 |  451스텝 | 배송 22/22 | 재적재  3 | 중계율 0.18 | alpha 0.001 | complete
Ep 1361 | 드론3 목적지53 |  996스텝 | 배송 53/53 | 재적재  9 | 중계율 0.31 | alpha 0.001 | complete
Ep 1362 | 드론3 목적지69 | 1000스텝 | 배송 60/69 | 재적재 11 | 중계율 0.26 | alpha 0.001 | step_limit
Ep 1363 | 드론6 목적지80 |  717스텝 | 배송 80/80 | 재적재 14 | 중계율 0.16 | alpha 0.001 | complete
Ep 1364 | 드론4 목적지73 | 1000스텝 | 배송 69/73 | 재적재 13 | 중계율 0.30 | alpha 0.001 | step_limit
Ep 1365 | 드론6 목적지36 |  342스텝 | 배송 36/36 | 재적재  4 | 중계율 0.14 | alpha 0.001 | complete
Ep 1366 | 드론4 목적지76 | 1000스텝 | 배송 71/76 | 재적재 13 | 중계율 0.26 | alpha 0.001 | step_limit
Ep 1367 | 드론5 목적지75 |  552스텝 | 배송 75/75 | 재적재 13 | 중계율 0.10 | alpha 0.001 | complete
Ep 1368 | 드론6 목적지47 |  363스텝 | 배송 47/47 | 재적재  6 | 중계율 0.10 | alpha 0.001 | complete
Ep 1369 | 드론5 목적지68 |  661스텝 | 배송 68/68 | 재적재 12 | 중계율 0.16 | alpha 0.001 | complete
Ep 1370 | 드론5 목적지48 |  715스텝 | 배송 48/48 | 재적재  8 | 중계율 0.23 | alpha 0.001 | complete
Ep 1371 | 드론6 목적지24 |  286스텝 | 배송 24/24 | 재적재  3 | 중계율 0.14 | alpha 0.001 | complete
Ep 1372 | 드론6 목적지55 |  455스텝 | 배송 55/55 | 재적재  7 | 중계율 0.11 | alpha 0.001 | complete
Ep 1373 | 드론4 목적지23 |  371스텝 | 배송 23/23 | 재적재  3 | 중계율 0.15 | alpha 0.001 | complete
Ep 1374 | 드론3 목적지27 |  924스텝 | 배송 27/27 | 재적재  4 | 중계율 0.32 | alpha 0.001 | complete
Ep 1375 | 드론4 목적지63 | 1000스텝 | 배송 62/63 | 재적재 11 | 중계율 0.29 | alpha 0.001 | step_limit
Ep 1376 | 드론6 목적지56 |  509스텝 | 배송 56/56 | 재적재 10 | 중계율 0.14 | alpha 0.001 | complete
Ep 1377 | 드론4 목적지60 | 1000스텝 | 배송 58/60 | 재적재 11 | 중계율 0.27 | alpha 0.001 | step_limit
Ep 1378 | 드론3 목적지73 | 1000스텝 | 배송 64/73 | 재적재 11 | 중계율 0.21 | alpha 0.001 | step_limit
Ep 1379 | 드론4 목적지49 |  575스텝 | 배송 49/49 | 재적재  8 | 중계율 0.14 | alpha 0.001 | complete
Ep 1380 | 드론4 목적지67 |  751스텝 | 배송 67/67 | 재적재 12 | 중계율 0.14 | alpha 0.001 | complete
Ep 1381 | 드론4 목적지63 |  718스텝 | 배송 63/63 | 재적재 12 | 중계율 0.15 | alpha 0.001 | complete
Ep 1382 | 드론4 목적지74 | 1000스텝 | 배송 67/74 | 재적재 12 | 중계율 0.29 | alpha 0.001 | step_limit
Ep 1383 | 드론4 목적지48 |  756스텝 | 배송 48/48 | 재적재  7 | 중계율 0.23 | alpha 0.001 | complete
Ep 1384 | 드론6 목적지26 |  345스텝 | 배송 26/26 | 재적재  3 | 중계율 0.17 | alpha 0.001 | complete
Ep 1385 | 드론4 목적지38 |  534스텝 | 배송 38/38 | 재적재  6 | 중계율 0.17 | alpha 0.001 | complete
Ep 1386 | 드론3 목적지20 |  414스텝 | 배송 20/20 | 재적재  2 | 중계율 0.26 | alpha 0.001 | complete
Ep 1387 | 드론5 목적지36 |  450스텝 | 배송 36/36 | 재적재  4 | 중계율 0.15 | alpha 0.001 | complete
Ep 1388 | 드론3 목적지50 | 1000스텝 | 배송 49/50 | 재적재  9 | 중계율 0.30 | alpha 0.001 | step_limit
Ep 1389 | 드론4 목적지77 |  782스텝 | 배송 77/77 | 재적재 13 | 중계율 0.18 | alpha 0.001 | complete
Ep 1390 | 드론6 목적지20 |  217스텝 | 배송 20/20 | 재적재  0 | 중계율 0.11 | alpha 0.001 | complete
Ep 1391 | 드론6 목적지64 |  473스텝 | 배송 64/64 | 재적재 10 | 중계율 0.10 | alpha 0.001 | complete
Ep 1392 | 드론4 목적지63 |  751스텝 | 배송 63/63 | 재적재 10 | 중계율 0.16 | alpha 0.001 | complete
Ep 1393 | 드론6 목적지76 |  800스텝 | 배송 76/76 | 재적재 12 | 중계율 0.16 | alpha 0.001 | complete
Ep 1394 | 드론5 목적지23 |  358스텝 | 배송 23/23 | 재적재  3 | 중계율 0.19 | alpha 0.001 | complete
Ep 1395 | 드론4 목적지25 |  349스텝 | 배송 25/25 | 재적재  2 | 중계율 0.11 | alpha 0.001 | complete
Ep 1396 | 드론4 목적지59 |  886스텝 | 배송 59/59 | 재적재  9 | 중계율 0.25 | alpha 0.001 | complete
Ep 1397 | 드론6 목적지49 |  342스텝 | 배송 49/49 | 재적재  7 | 중계율 0.11 | alpha 0.001 | complete
Ep 1398 | 드론5 목적지66 |  659스텝 | 배송 66/66 | 재적재 12 | 중계율 0.12 | alpha 0.001 | complete
Ep 1399 | 드론3 목적지69 | 1000스텝 | 배송 60/69 | 재적재 10 | 중계율 0.33 | alpha 0.001 | step_limit
Ep 1400 | 드론3 목적지50 |  950스텝 | 배송 50/50 | 재적재  9 | 중계율 0.30 | alpha 0.001 | complete
  [홀드아웃] 배송 49.7±1.7 완주 0.97 스텝 1033 점수 104.1 재적재 8.2 2홉+ 0.63 | 최고 104.3@ep950 정체 9/15
Ep 1401 | 드론6 목적지71 |  512스텝 | 배송 71/71 | 재적재 11 | 중계율 0.08 | alpha 0.001 | complete
Ep 1402 | 드론4 목적지44 |  556스텝 | 배송 44/44 | 재적재  8 | 중계율 0.17 | alpha 0.001 | complete
Ep 1403 | 드론4 목적지67 | 1000스텝 | 배송 64/67 | 재적재 10 | 중계율 0.29 | alpha 0.001 | step_limit
Ep 1404 | 드론5 목적지45 |  467스텝 | 배송 45/45 | 재적재  7 | 중계율 0.10 | alpha 0.001 | complete
Ep 1405 | 드론4 목적지39 |  724스텝 | 배송 39/39 | 재적재  6 | 중계율 0.26 | alpha 0.001 | complete
Ep 1406 | 드론4 목적지67 |  976스텝 | 배송 67/67 | 재적재 12 | 중계율 0.18 | alpha 0.001 | complete
Ep 1407 | 드론6 목적지73 | 1000스텝 | 배송 67/73 | 재적재 12 | 중계율 0.22 | alpha 0.001 | step_limit
Ep 1408 | 드론6 목적지61 |  460스텝 | 배송 61/61 | 재적재 10 | 중계율 0.12 | alpha 0.001 | complete
Ep 1409 | 드론6 목적지73 |  529스텝 | 배송 73/73 | 재적재 13 | 중계율 0.10 | alpha 0.001 | complete
Ep 1410 | 드론5 목적지74 |  929스텝 | 배송 74/74 | 재적재 12 | 중계율 0.23 | alpha 0.001 | complete
Ep 1411 | 드론4 목적지29 |  505스텝 | 배송 29/29 | 재적재  4 | 중계율 0.19 | alpha 0.001 | complete
Ep 1412 | 드론6 목적지25 |  340스텝 | 배송 25/25 | 재적재  2 | 중계율 0.17 | alpha 0.001 | complete
Ep 1413 | 드론3 목적지67 | 1000스텝 | 배송 60/67 | 재적재 10 | 중계율 0.33 | alpha 0.001 | step_limit
Ep 1414 | 드론4 목적지55 |  948스텝 | 배송 55/55 | 재적재 10 | 중계율 0.27 | alpha 0.001 | complete
Ep 1415 | 드론3 목적지54 | 1000스텝 | 배송 46/54 | 재적재  7 | 중계율 0.30 | alpha 0.001 | step_limit
Ep 1416 | 드론6 목적지23 |  274스텝 | 배송 23/23 | 재적재  2 | 중계율 0.11 | alpha 0.001 | complete
Ep 1417 | 드론6 목적지70 |  608스텝 | 배송 70/70 | 재적재 11 | 중계율 0.11 | alpha 0.001 | complete
Ep 1418 | 드론5 목적지37 |  702스텝 | 배송 37/37 | 재적재  5 | 중계율 0.25 | alpha 0.001 | complete
Ep 1419 | 드론3 목적지42 |  739스텝 | 배송 42/42 | 재적재  7 | 중계율 0.16 | alpha 0.001 | complete
Ep 1420 | 드론6 목적지49 |  360스텝 | 배송 49/49 | 재적재  6 | 중계율 0.10 | alpha 0.001 | complete
Ep 1421 | 드론5 목적지31 |  293스텝 | 배송 31/31 | 재적재  5 | 중계율 0.07 | alpha 0.001 | complete
Ep 1422 | 드론4 목적지45 |  539스텝 | 배송 45/45 | 재적재  7 | 중계율 0.18 | alpha 0.001 | complete
Ep 1423 | 드론6 목적지34 |  313스텝 | 배송 34/34 | 재적재  5 | 중계율 0.09 | alpha 0.001 | complete
Ep 1424 | 드론4 목적지23 |  343스텝 | 배송 23/23 | 재적재  2 | 중계율 0.26 | alpha 0.001 | complete
Ep 1425 | 드론4 목적지56 | 1000스텝 | 배송 50/56 | 재적재 10 | 중계율 0.28 | alpha 0.001 | step_limit
Ep 1426 | 드론6 목적지80 |  739스텝 | 배송 80/80 | 재적재 13 | 중계율 0.13 | alpha 0.001 | complete
Ep 1427 | 드론6 목적지76 |  438스텝 | 배송 76/76 | 재적재 11 | 중계율 0.09 | alpha 0.001 | complete
Ep 1428 | 드론6 목적지31 |  337스텝 | 배송 31/31 | 재적재  5 | 중계율 0.12 | alpha 0.001 | complete
Ep 1429 | 드론3 목적지48 |  943스텝 | 배송 48/48 | 재적재  8 | 중계율 0.30 | alpha 0.001 | complete
Ep 1430 | 드론3 목적지37 |  706스텝 | 배송 37/37 | 재적재  6 | 중계율 0.29 | alpha 0.001 | complete
Ep 1431 | 드론5 목적지26 |  707스텝 | 배송 26/26 | 재적재  3 | 중계율 0.31 | alpha 0.001 | complete
Ep 1432 | 드론6 목적지72 |  646스텝 | 배송 72/72 | 재적재 10 | 중계율 0.14 | alpha 0.001 | complete
Ep 1433 | 드론3 목적지67 | 1000스텝 | 배송 60/67 | 재적재 10 | 중계율 0.28 | alpha 0.001 | step_limit
Ep 1434 | 드론5 목적지69 |  723스텝 | 배송 69/69 | 재적재 12 | 중계율 0.09 | alpha 0.001 | complete
Ep 1435 | 드론6 목적지40 |  400스텝 | 배송 40/40 | 재적재  6 | 중계율 0.12 | alpha 0.001 | complete
Ep 1436 | 드론3 목적지52 |  877스텝 | 배송 52/52 | 재적재  9 | 중계율 0.27 | alpha 0.001 | complete
Ep 1437 | 드론3 목적지25 |  590스텝 | 배송 25/25 | 재적재  4 | 중계율 0.18 | alpha 0.001 | complete
Ep 1438 | 드론6 목적지45 |  315스텝 | 배송 45/45 | 재적재  6 | 중계율 0.07 | alpha 0.001 | complete
Ep 1439 | 드론6 목적지68 |  692스텝 | 배송 68/68 | 재적재 12 | 중계율 0.13 | alpha 0.001 | complete
Ep 1440 | 드론4 목적지31 |  488스텝 | 배송 31/31 | 재적재  5 | 중계율 0.19 | alpha 0.001 | complete
Ep 1441 | 드론3 목적지60 | 1000스텝 | 배송 42/60 | 재적재  6 | 중계율 0.29 | alpha 0.001 | step_limit
Ep 1442 | 드론5 목적지23 |  355스텝 | 배송 23/23 | 재적재  3 | 중계율 0.16 | alpha 0.001 | complete
Ep 1443 | 드론3 목적지58 | 1000스텝 | 배송 54/58 | 재적재  9 | 중계율 0.28 | alpha 0.001 | step_limit
Ep 1444 | 드론4 목적지65 |  907스텝 | 배송 65/65 | 재적재 11 | 중계율 0.23 | alpha 0.001 | complete
Ep 1445 | 드론3 목적지45 |  902스텝 | 배송 45/45 | 재적재  8 | 중계율 0.15 | alpha 0.001 | complete
Ep 1446 | 드론3 목적지50 |  969스텝 | 배송 50/50 | 재적재  9 | 중계율 0.32 | alpha 0.001 | complete
Ep 1447 | 드론6 목적지30 |  271스텝 | 배송 30/30 | 재적재  4 | 중계율 0.08 | alpha 0.001 | complete
Ep 1448 | 드론3 목적지28 |  570스텝 | 배송 28/28 | 재적재  5 | 중계율 0.26 | alpha 0.001 | complete
Ep 1449 | 드론6 목적지33 |  363스텝 | 배송 33/33 | 재적재  4 | 중계율 0.20 | alpha 0.001 | complete
Ep 1450 | 드론3 목적지34 |  628스텝 | 배송 34/34 | 재적재  5 | 중계율 0.27 | alpha 0.001 | complete
  [홀드아웃] 배송 49.6±1.9 완주 0.93 스텝 998 점수 99.2 재적재 8.1 2홉+ 0.61 | 최고 104.3@ep950 정체 10/15
Ep 1451 | 드론3 목적지36 | 1000스텝 | 배송 30/36 | 재적재  4 | 중계율 0.39 | alpha 0.001 | step_limit
Ep 1452 | 드론5 목적지58 |  855스텝 | 배송 58/58 | 재적재 10 | 중계율 0.21 | alpha 0.001 | complete
Ep 1453 | 드론4 목적지55 |  623스텝 | 배송 55/55 | 재적재  9 | 중계율 0.12 | alpha 0.001 | complete
Ep 1454 | 드론3 목적지74 | 1000스텝 | 배송 67/74 | 재적재 13 | 중계율 0.25 | alpha 0.001 | step_limit
Ep 1455 | 드론3 목적지42 |  637스텝 | 배송 42/42 | 재적재  8 | 중계율 0.20 | alpha 0.001 | complete
Ep 1456 | 드론4 목적지36 |  628스텝 | 배송 36/36 | 재적재  5 | 중계율 0.21 | alpha 0.001 | complete
Ep 1457 | 드론5 목적지39 |  448스텝 | 배송 39/39 | 재적재  6 | 중계율 0.14 | alpha 0.001 | complete
Ep 1458 | 드론6 목적지46 |  358스텝 | 배송 46/46 | 재적재  6 | 중계율 0.10 | alpha 0.001 | complete
Ep 1459 | 드론5 목적지79 |  958스텝 | 배송 79/79 | 재적재 14 | 중계율 0.24 | alpha 0.001 | complete
Ep 1460 | 드론6 목적지73 |  748스텝 | 배송 73/73 | 재적재 12 | 중계율 0.17 | alpha 0.001 | complete
Ep 1461 | 드론3 목적지79 | 1000스텝 | 배송 50/79 | 재적재  8 | 중계율 0.25 | alpha 0.001 | step_limit
Ep 1462 | 드론4 목적지42 | 1000스텝 | 배송 41/42 | 재적재  7 | 중계율 0.29 | alpha 0.001 | step_limit
Ep 1463 | 드론4 목적지46 |  585스텝 | 배송 46/46 | 재적재  8 | 중계율 0.13 | alpha 0.001 | complete
Ep 1464 | 드론5 목적지22 |  397스텝 | 배송 22/22 | 재적재  2 | 중계율 0.16 | alpha 0.001 | complete
Ep 1465 | 드론5 목적지27 |  718스텝 | 배송 27/27 | 재적재  4 | 중계율 0.22 | alpha 0.001 | complete
Ep 1466 | 드론4 목적지49 |  716스텝 | 배송 49/49 | 재적재  8 | 중계율 0.18 | alpha 0.001 | complete
Ep 1467 | 드론3 목적지45 |  898스텝 | 배송 45/45 | 재적재  7 | 중계율 0.34 | alpha 0.001 | complete
Ep 1468 | 드론5 목적지68 |  549스텝 | 배송 68/68 | 재적재 11 | 중계율 0.11 | alpha 0.001 | complete
Ep 1469 | 드론3 목적지36 |  641스텝 | 배송 36/36 | 재적재  6 | 중계율 0.22 | alpha 0.001 | complete
Ep 1470 | 드론4 목적지31 |  672스텝 | 배송 31/31 | 재적재  5 | 중계율 0.23 | alpha 0.001 | complete
Ep 1471 | 드론5 목적지62 |  703스텝 | 배송 62/62 | 재적재 10 | 중계율 0.20 | alpha 0.001 | complete
Ep 1472 | 드론5 목적지31 |  367스텝 | 배송 31/31 | 재적재  4 | 중계율 0.14 | alpha 0.001 | complete
Ep 1473 | 드론4 목적지75 | 1000스텝 | 배송 63/75 | 재적재 11 | 중계율 0.22 | alpha 0.001 | step_limit
Ep 1474 | 드론6 목적지78 |  681스텝 | 배송 78/78 | 재적재 14 | 중계율 0.18 | alpha 0.001 | complete
Ep 1475 | 드론5 목적지46 |  925스텝 | 배송 46/46 | 재적재  6 | 중계율 0.28 | alpha 0.001 | complete
Ep 1476 | 드론4 목적지54 | 1000스텝 | 배송 52/54 | 재적재  8 | 중계율 0.22 | alpha 0.001 | step_limit
Ep 1477 | 드론4 목적지61 | 1000스텝 | 배송 59/61 | 재적재 10 | 중계율 0.34 | alpha 0.001 | step_limit
Ep 1478 | 드론5 목적지45 |  640스텝 | 배송 45/45 | 재적재  7 | 중계율 0.19 | alpha 0.001 | complete
Ep 1479 | 드론3 목적지80 | 1000스텝 | 배송 61/80 | 재적재 11 | 중계율 0.32 | alpha 0.001 | step_limit
Ep 1480 | 드론5 목적지39 |  548스텝 | 배송 39/39 | 재적재  5 | 중계율 0.23 | alpha 0.001 | complete
Ep 1481 | 드론3 목적지70 | 1000스텝 | 배송 56/70 | 재적재 11 | 중계율 0.30 | alpha 0.001 | step_limit
Ep 1482 | 드론3 목적지62 | 1000스텝 | 배송 59/62 | 재적재 10 | 중계율 0.22 | alpha 0.001 | step_limit
Ep 1483 | 드론4 목적지39 | 1000스텝 | 배송 38/39 | 재적재  6 | 중계율 0.29 | alpha 0.001 | step_limit
Ep 1484 | 드론6 목적지69 |  539스텝 | 배송 69/69 | 재적재 10 | 중계율 0.15 | alpha 0.001 | complete
Ep 1485 | 드론4 목적지51 |  666스텝 | 배송 51/51 | 재적재  9 | 중계율 0.19 | alpha 0.001 | complete
Ep 1486 | 드론5 목적지66 |  995스텝 | 배송 66/66 | 재적재 10 | 중계율 0.26 | alpha 0.001 | complete
Ep 1487 | 드론3 목적지37 |  771스텝 | 배송 37/37 | 재적재  7 | 중계율 0.24 | alpha 0.001 | complete
Ep 1488 | 드론4 목적지62 | 1000스텝 | 배송 52/62 | 재적재 10 | 중계율 0.25 | alpha 0.001 | step_limit
Ep 1489 | 드론3 목적지24 |  668스텝 | 배송 24/24 | 재적재  4 | 중계율 0.25 | alpha 0.001 | complete
Ep 1490 | 드론4 목적지77 | 1000스텝 | 배송 75/77 | 재적재 13 | 중계율 0.24 | alpha 0.001 | step_limit
Ep 1491 | 드론6 목적지59 |  449스텝 | 배송 59/59 | 재적재 11 | 중계율 0.12 | alpha 0.001 | complete
Ep 1492 | 드론5 목적지60 |  649스텝 | 배송 60/60 | 재적재  9 | 중계율 0.19 | alpha 0.001 | complete
Ep 1493 | 드론3 목적지29 |  670스텝 | 배송 29/29 | 재적재  5 | 중계율 0.24 | alpha 0.001 | complete
Ep 1494 | 드론3 목적지78 | 1000스텝 | 배송 69/78 | 재적재 12 | 중계율 0.23 | alpha 0.001 | step_limit
Ep 1495 | 드론4 목적지34 |  454스텝 | 배송 34/34 | 재적재  4 | 중계율 0.11 | alpha 0.001 | complete
Ep 1496 | 드론6 목적지31 |  419스텝 | 배송 31/31 | 재적재  3 | 중계율 0.14 | alpha 0.001 | complete
Ep 1497 | 드론6 목적지57 |  539스텝 | 배송 57/57 | 재적재  9 | 중계율 0.16 | alpha 0.001 | complete
Ep 1498 | 드론4 목적지27 |  544스텝 | 배송 27/27 | 재적재  4 | 중계율 0.23 | alpha 0.001 | complete
Ep 1499 | 드론5 목적지31 |  704스텝 | 배송 31/31 | 재적재  4 | 중계율 0.28 | alpha 0.001 | complete
Ep 1500 | 드론3 목적지50 |  908스텝 | 배송 50/50 | 재적재  9 | 중계율 0.28 | alpha 0.001 | complete
  [홀드아웃] 배송 49.8±1.0 완주 0.96 스텝 1000 점수 102.9 재적재 8.3 2홉+ 0.61 | 최고 104.3@ep950 정체 11/15
Training finished. best=104.3 @ ep950
