/home/kopt/enter/envs/wsl_neuroMCTS/lib/python3.10/site-packages/pygame/pkgdata.py:25: UserWarning: pkg_resources is deprecated as an API. See https://setuptools.pypa.io/en/latest/pkg_resources.html. The pkg_resources package is slated for removal as early as 2025-11-30. Refrain from using this package or pin to Setuptools<81.
  from pkg_resources import resource_stream, resource_exists
pygame 2.6.1 (SDL 2.28.4, Python 3.10.19)
Hello from the pygame community. https://www.pygame.org/contribute.html
집합 상위 학습 | 반경 300 상한 1000 무배송 500 gamma 0.997 구성=무작위 드론[3, 6] 목적지[20, 80] CC무작위 인스턴스=무작위 목표유지=off 완주보상=0.0 잔여페널티=0.1 규칙관측=False 규칙정규화=2.0 막힘페널티=0.0 도달권shaping=0.0 자기회귀=True 홀드아웃상한=3000 선택=makespan
/home/kopt/drone/proposed_src/pipeline/train_v5_26_09_15_23.py:335: UserWarning: Converting a tensor with requires_grad=True to a scalar may lead to unexpected behavior.
Consider using tensor.detach() first. (Triggered internally at /pytorch/torch/csrc/autograd/generated/python_variable_methods.cpp:836.)
  writer.add_scalar("train/alpha", float(log_alpha.exp()), ep)
Ep 1 | 드론6 목적지57 | 1000스텝 | 배송 52/57 | 재적재  9 | 중계율 0.14 | alpha 0.100 | step_limit
Ep 2 | 드론3 목적지50 | 1000스텝 | 배송 31/50 | 재적재  5 | 중계율 0.17 | alpha 0.100 | step_limit
Ep 3 | 드론6 목적지72 | 1000스텝 | 배송 70/72 | 재적재 12 | 중계율 0.15 | alpha 0.100 | step_limit
Ep 4 | 드론3 목적지46 | 1000스텝 | 배송 38/46 | 재적재  7 | 중계율 0.16 | alpha 0.099 | step_limit
Ep 5 | 드론4 목적지58 | 1000스텝 | 배송 47/58 | 재적재  8 | 중계율 0.36 | alpha 0.099 | step_limit
Ep 6 | 드론3 목적지61 | 1000스텝 | 배송 51/61 | 재적재  9 | 중계율 0.28 | alpha 0.105 | step_limit
Ep 7 | 드론3 목적지30 |  555스텝 | 배송 30/30 | 재적재  5 | 중계율 0.37 | alpha 0.109 | complete
Ep 8 | 드론3 목적지69 | 1000스텝 | 배송 55/69 | 재적재  9 | 중계율 0.25 | alpha 0.118 | step_limit
Ep 9 | 드론4 목적지66 | 1000스텝 | 배송 58/66 | 재적재 10 | 중계율 0.33 | alpha 0.127 | step_limit
Ep 10 | 드론4 목적지26 |  557스텝 | 배송 26/26 | 재적재  4 | 중계율 0.27 | alpha 0.132 | complete
Ep 11 | 드론6 목적지32 |  200스텝 | 배송 32/32 | 재적재  2 | 중계율 0.17 | alpha 0.134 | complete
Ep 12 | 드론4 목적지35 |  377스텝 | 배송 35/35 | 재적재  5 | 중계율 0.19 | alpha 0.138 | complete
Ep 13 | 드론4 목적지23 |  339스텝 | 배송 23/23 | 재적재  3 | 중계율 0.24 | alpha 0.141 | complete
Ep 14 | 드론3 목적지61 | 1000스텝 | 배송 55/61 | 재적재  9 | 중계율 0.30 | alpha 0.151 | step_limit
Ep 15 | 드론5 목적지78 | 1000스텝 | 배송 73/78 | 재적재 12 | 중계율 0.23 | alpha 0.162 | step_limit
Ep 16 | 드론6 목적지46 |  388스텝 | 배송 46/46 | 재적재  6 | 중계율 0.15 | alpha 0.167 | complete
Ep 17 | 드론5 목적지74 |  776스텝 | 배송 74/74 | 재적재 13 | 중계율 0.17 | alpha 0.176 | complete
Ep 18 | 드론4 목적지24 |  311스텝 | 배송 24/24 | 재적재  2 | 중계율 0.20 | alpha 0.180 | complete
Ep 19 | 드론5 목적지24 |  372스텝 | 배송 24/24 | 재적재  3 | 중계율 0.20 | alpha 0.184 | complete
Ep 20 | 드론4 목적지66 |  663스텝 | 배송 66/66 | 재적재 12 | 중계율 0.15 | alpha 0.193 | complete
Ep 21 | 드론4 목적지43 |  667스텝 | 배송 43/43 | 재적재  7 | 중계율 0.15 | alpha 0.202 | complete
Ep 22 | 드론4 목적지43 |  494스텝 | 배송 43/43 | 재적재  6 | 중계율 0.09 | alpha 0.209 | complete
Ep 23 | 드론3 목적지22 |  697스텝 | 배송 22/22 | 재적재  3 | 중계율 0.30 | alpha 0.219 | complete
Ep 24 | 드론4 목적지35 |  521스텝 | 배송 35/35 | 재적재  6 | 중계율 0.22 | alpha 0.228 | complete
Ep 25 | 드론5 목적지25 |  253스텝 | 배송 25/25 | 재적재  2 | 중계율 0.21 | alpha 0.232 | complete
Ep 26 | 드론4 목적지79 |  846스텝 | 배송 79/79 | 재적재 15 | 중계율 0.13 | alpha 0.246 | complete
Ep 27 | 드론6 목적지63 |  580스텝 | 배송 63/63 | 재적재 11 | 중계율 0.16 | alpha 0.256 | complete
Ep 28 | 드론3 목적지77 | 1000스텝 | 배송 49/77 | 재적재  9 | 중계율 0.24 | alpha 0.274 | step_limit
Ep 29 | 드론4 목적지34 |  472스텝 | 배송 34/34 | 재적재  5 | 중계율 0.14 | alpha 0.284 | complete
Ep 30 | 드론4 목적지25 |  471스텝 | 배송 25/25 | 재적재  3 | 중계율 0.30 | alpha 0.293 | complete
Ep 31 | 드론6 목적지68 |  561스텝 | 배송 68/68 | 재적재 12 | 중계율 0.16 | alpha 0.305 | complete
Ep 32 | 드론4 목적지79 | 1000스텝 | 배송 61/79 | 재적재 11 | 중계율 0.26 | alpha 0.326 | step_limit
Ep 33 | 드론4 목적지62 | 1000스텝 | 배송 57/62 | 재적재  9 | 중계율 0.26 | alpha 0.348 | step_limit
Ep 34 | 드론4 목적지33 |  397스텝 | 배송 33/33 | 재적재  4 | 중계율 0.16 | alpha 0.357 | complete
Ep 35 | 드론4 목적지26 |  341스텝 | 배송 26/26 | 재적재  4 | 중계율 0.17 | alpha 0.366 | complete
Ep 36 | 드론4 목적지57 |  838스텝 | 배송 57/57 | 재적재 10 | 중계율 0.25 | alpha 0.385 | complete
Ep 37 | 드론4 목적지29 |  589스텝 | 배송 29/29 | 재적재  4 | 중계율 0.30 | alpha 0.399 | complete
Ep 38 | 드론5 목적지63 |  764스텝 | 배송 63/63 | 재적재 11 | 중계율 0.20 | alpha 0.418 | complete
Ep 39 | 드론5 목적지44 |  438스텝 | 배송 44/44 | 재적재  6 | 중계율 0.18 | alpha 0.429 | complete
Ep 40 | 드론6 목적지56 |  727스텝 | 배송 56/56 | 재적재  7 | 중계율 0.19 | alpha 0.448 | complete
Ep 41 | 드론6 목적지21 |  165스텝 | 배송 21/21 | 재적재  0 | 중계율 0.23 | alpha 0.452 | complete
Ep 42 | 드론3 목적지24 |  438스텝 | 배송 24/24 | 재적재  3 | 중계율 0.27 | alpha 0.464 | complete
Ep 43 | 드론4 목적지52 |  894스텝 | 배송 52/52 | 재적재  9 | 중계율 0.12 | alpha 0.490 | complete
Ep 44 | 드론4 목적지72 |  750스텝 | 배송 72/72 | 재적재 12 | 중계율 0.14 | alpha 0.513 | complete
Ep 45 | 드론4 목적지52 | 1000스텝 | 배송 51/52 | 재적재  7 | 중계율 0.33 | alpha 0.547 | step_limit
Ep 46 | 드론6 목적지72 |  474스텝 | 배송 72/72 | 재적재 13 | 중계율 0.14 | alpha 0.563 | complete
Ep 47 | 드론4 목적지69 |  679스텝 | 배송 69/69 | 재적재 12 | 중계율 0.12 | alpha 0.588 | complete
Ep 48 | 드론4 목적지56 |  755스텝 | 배송 56/56 | 재적재  8 | 중계율 0.15 | alpha 0.619 | complete
Ep 49 | 드론6 목적지78 |  670스텝 | 배송 78/78 | 재적재 14 | 중계율 0.17 | alpha 0.649 | complete
Ep 50 | 드론5 목적지40 |  816스텝 | 배송 40/40 | 재적재  6 | 중계율 0.35 | alpha 0.687 | complete
  [홀드아웃] 배송 48.3±5.9 완주 0.85 스텝 1142 점수 91.2 재적재 7.9 2홉+ 0.64 | 최고 91.2@ep50 정체 0/15  ← 갱신
Ep 51 | 드론6 목적지51 |  361스텝 | 배송 51/51 | 재적재  6 | 중계율 0.11 | alpha 0.704 | complete
Ep 52 | 드론3 목적지42 |  877스텝 | 배송 42/42 | 재적재  7 | 중계율 0.21 | alpha 0.748 | complete
Ep 53 | 드론6 목적지60 |  439스텝 | 배송 60/60 | 재적재 10 | 중계율 0.12 | alpha 0.772 | complete
Ep 54 | 드론4 목적지49 |  697스텝 | 배송 49/49 | 재적재  8 | 중계율 0.21 | alpha 0.811 | complete
Ep 55 | 드론4 목적지40 |  467스텝 | 배송 40/40 | 재적재  5 | 중계율 0.12 | alpha 0.838 | complete
Ep 56 | 드론5 목적지61 |  773스텝 | 배송 61/61 | 재적재 10 | 중계율 0.24 | alpha 0.885 | complete
Ep 57 | 드론3 목적지53 |  972스텝 | 배송 53/53 | 재적재  8 | 중계율 0.28 | alpha 0.947 | complete
Ep 58 | 드론6 목적지57 |  596스텝 | 배송 57/57 | 재적재 10 | 중계율 0.21 | alpha 0.987 | complete
Ep 59 | 드론3 목적지50 | 1000스텝 | 배송 44/50 | 재적재  6 | 중계율 0.30 | alpha 1.056 | step_limit
Ep 60 | 드론4 목적지21 |  425스텝 | 배송 21/21 | 재적재  3 | 중계율 0.22 | alpha 1.085 | complete
Ep 61 | 드론5 목적지26 |  291스텝 | 배송 26/26 | 재적재  2 | 중계율 0.15 | alpha 1.106 | complete
Ep 62 | 드론5 목적지55 |  677스텝 | 배송 55/55 | 재적재  8 | 중계율 0.19 | alpha 1.152 | complete
Ep 63 | 드론6 목적지68 |  552스텝 | 배송 68/68 | 재적재 13 | 중계율 0.17 | alpha 1.187 | complete
Ep 64 | 드론3 목적지41 | 1000스텝 | 배송 29/41 | 재적재  3 | 중계율 0.28 | alpha 1.253 | step_limit
Ep 65 | 드론5 목적지68 |  659스텝 | 배송 68/68 | 재적재 11 | 중계율 0.14 | alpha 1.296 | complete
Ep 66 | 드론3 목적지61 |  808스텝 | 배송 61/61 | 재적재 11 | 중계율 0.13 | alpha 1.347 | complete
Ep 67 | 드론3 목적지53 | 1000스텝 | 배송 50/53 | 재적재  9 | 중계율 0.26 | alpha 1.405 | step_limit
Ep 68 | 드론3 목적지44 |  846스텝 | 배송 44/44 | 재적재  8 | 중계율 0.17 | alpha 1.443 | complete
Ep 69 | 드론4 목적지34 |  485스텝 | 배송 34/34 | 재적재  4 | 중계율 0.14 | alpha 1.460 | complete
Ep 70 | 드론4 목적지31 |  645스텝 | 배송 31/31 | 재적재  4 | 중계율 0.27 | alpha 1.478 | complete
Ep 71 | 드론5 목적지71 |  642스텝 | 배송 71/71 | 재적재 13 | 중계율 0.14 | alpha 1.487 | complete
Ep 72 | 드론3 목적지53 | 1000스텝 | 배송 45/53 | 재적재  8 | 중계율 0.23 | alpha 1.477 | step_limit
Ep 73 | 드론4 목적지21 |  941스텝 | 배송 20/21 | 재적재  1 | 중계율 0.40 | alpha 1.451 | no_progress
Ep 74 | 드론5 목적지45 |  595스텝 | 배송 45/45 | 재적재  6 | 중계율 0.19 | alpha 1.433 | complete
Ep 75 | 드론5 목적지40 |  484스텝 | 배송 40/40 | 재적재  7 | 중계율 0.12 | alpha 1.417 | complete
Ep 76 | 드론4 목적지75 | 1000스텝 | 배송 56/75 | 재적재  9 | 중계율 0.25 | alpha 1.361 | step_limit
Ep 77 | 드론5 목적지24 |  276스텝 | 배송 24/24 | 재적재  1 | 중계율 0.19 | alpha 1.346 | complete
Ep 78 | 드론4 목적지64 |  844스텝 | 배송 64/64 | 재적재 11 | 중계율 0.21 | alpha 1.312 | complete
Ep 79 | 드론3 목적지41 | 1000스텝 | 배송 40/41 | 재적재  7 | 중계율 0.25 | alpha 1.290 | step_limit
Ep 80 | 드론3 목적지69 | 1000스텝 | 배송 59/69 | 재적재 10 | 중계율 0.20 | alpha 1.247 | step_limit
Ep 81 | 드론6 목적지47 |  384스텝 | 배송 47/47 | 재적재  7 | 중계율 0.11 | alpha 1.232 | complete
Ep 82 | 드론6 목적지69 |  656스텝 | 배송 69/69 | 재적재 10 | 중계율 0.16 | alpha 1.189 | complete
Ep 83 | 드론5 목적지31 |  544스텝 | 배송 31/31 | 재적재  6 | 중계율 0.31 | alpha 1.156 | complete
Ep 84 | 드론3 목적지33 |  911스텝 | 배송 24/33 | 재적재  3 | 중계율 0.31 | alpha 1.098 | no_progress
Ep 85 | 드론4 목적지38 |  509스텝 | 배송 38/38 | 재적재  6 | 중계율 0.15 | alpha 1.073 | complete
Ep 86 | 드론6 목적지24 |  191스텝 | 배송 24/24 | 재적재  0 | 중계율 0.14 | alpha 1.065 | complete
Ep 87 | 드론3 목적지30 |  634스텝 | 배송 30/30 | 재적재  4 | 중계율 0.19 | alpha 1.042 | complete
Ep 88 | 드론4 목적지38 |  551스텝 | 배송 38/38 | 재적재  6 | 중계율 0.17 | alpha 1.027 | complete
Ep 89 | 드론3 목적지57 | 1000스텝 | 배송 38/57 | 재적재  5 | 중계율 0.28 | alpha 0.987 | step_limit
Ep 90 | 드론6 목적지21 |  212스텝 | 배송 21/21 | 재적재  0 | 중계율 0.17 | alpha 0.980 | complete
Ep 91 | 드론6 목적지77 |  679스텝 | 배송 77/77 | 재적재 14 | 중계율 0.18 | alpha 0.957 | complete
Ep 92 | 드론4 목적지69 |  852스텝 | 배송 69/69 | 재적재 12 | 중계율 0.22 | alpha 0.927 | complete
Ep 93 | 드론6 목적지60 |  541스텝 | 배송 60/60 | 재적재 10 | 중계율 0.11 | alpha 0.907 | complete
Ep 94 | 드론6 목적지45 |  395스텝 | 배송 45/45 | 재적재  7 | 중계율 0.11 | alpha 0.888 | complete
Ep 95 | 드론4 목적지71 |  717스텝 | 배송 71/71 | 재적재 12 | 중계율 0.16 | alpha 0.862 | complete
Ep 96 | 드론3 목적지74 | 1000스텝 | 배송 44/74 | 재적재  7 | 중계율 0.28 | alpha 0.849 | step_limit
Ep 97 | 드론6 목적지47 |  430스텝 | 배송 47/47 | 재적재  7 | 중계율 0.12 | alpha 0.838 | complete
Ep 98 | 드론6 목적지50 |  634스텝 | 배송 50/50 | 재적재  8 | 중계율 0.18 | alpha 0.831 | complete
Ep 99 | 드론6 목적지35 |  533스텝 | 배송 35/35 | 재적재  6 | 중계율 0.21 | alpha 0.835 | complete
Ep 100 | 드론3 목적지40 |  884스텝 | 배송 40/40 | 재적재  6 | 중계율 0.21 | alpha 0.855 | complete
  [홀드아웃] 배송 49.0±3.1 완주 0.82 스텝 1048 점수 89.0 재적재 8.0 2홉+ 0.65 | 최고 91.2@ep50 정체 1/15
Ep 101 | 드론3 목적지23 |  663스텝 | 배송 23/23 | 재적재  3 | 중계율 0.20 | alpha 0.867 | complete
Ep 102 | 드론3 목적지21 |  626스텝 | 배송 21/21 | 재적재  3 | 중계율 0.24 | alpha 0.874 | complete
Ep 103 | 드론6 목적지72 |  716스텝 | 배송 72/72 | 재적재 13 | 중계율 0.14 | alpha 0.881 | complete
Ep 104 | 드론3 목적지27 |  633스텝 | 배송 12/27 | 재적재  0 | 중계율 0.33 | alpha 0.887 | no_progress
Ep 105 | 드론4 목적지63 |  758스텝 | 배송 63/63 | 재적재 10 | 중계율 0.16 | alpha 0.904 | complete
Ep 106 | 드론5 목적지58 |  450스텝 | 배송 58/58 | 재적재 10 | 중계율 0.09 | alpha 0.924 | complete
Ep 107 | 드론6 목적지75 |  919스텝 | 배송 75/75 | 재적재 12 | 중계율 0.19 | alpha 0.952 | complete
Ep 108 | 드론4 목적지55 | 1000스텝 | 배송 51/55 | 재적재  9 | 중계율 0.24 | alpha 0.957 | step_limit
Ep 109 | 드론5 목적지64 |  718스텝 | 배송 64/64 | 재적재 10 | 중계율 0.18 | alpha 0.960 | complete
Ep 110 | 드론4 목적지55 |  701스텝 | 배송 55/55 | 재적재  9 | 중계율 0.16 | alpha 0.968 | complete
Ep 111 | 드론5 목적지67 | 1000스텝 | 배송 58/67 | 재적재 11 | 중계율 0.29 | alpha 0.967 | step_limit
Ep 112 | 드론4 목적지46 |  727스텝 | 배송 46/46 | 재적재  7 | 중계율 0.17 | alpha 0.944 | complete
Ep 113 | 드론5 목적지43 |  445스텝 | 배송 43/43 | 재적재  7 | 중계율 0.10 | alpha 0.937 | complete
Ep 114 | 드론3 목적지80 | 1000스텝 | 배송 62/80 | 재적재 11 | 중계율 0.21 | alpha 0.917 | step_limit
Ep 115 | 드론6 목적지78 |  533스텝 | 배송 78/78 | 재적재 12 | 중계율 0.10 | alpha 0.908 | complete
Ep 116 | 드론5 목적지72 |  661스텝 | 배송 72/72 | 재적재 12 | 중계율 0.12 | alpha 0.885 | complete
Ep 117 | 드론4 목적지54 |  844스텝 | 배송 54/54 | 재적재 10 | 중계율 0.15 | alpha 0.863 | complete
Ep 118 | 드론3 목적지63 | 1000스텝 | 배송 56/63 | 재적재 11 | 중계율 0.18 | alpha 0.833 | step_limit
Ep 119 | 드론6 목적지66 |  506스텝 | 배송 66/66 | 재적재  9 | 중계율 0.10 | alpha 0.821 | complete
Ep 120 | 드론5 목적지70 |  839스텝 | 배송 70/70 | 재적재 12 | 중계율 0.19 | alpha 0.816 | complete
Ep 121 | 드론5 목적지45 |  481스텝 | 배송 45/45 | 재적재  8 | 중계율 0.15 | alpha 0.815 | complete
Ep 122 | 드론5 목적지26 |  536스텝 | 배송 26/26 | 재적재  3 | 중계율 0.25 | alpha 0.812 | complete
Ep 123 | 드론6 목적지30 |  356스텝 | 배송 30/30 | 재적재  2 | 중계율 0.14 | alpha 0.811 | complete
Ep 124 | 드론3 목적지80 | 1000스텝 | 배송 57/80 | 재적재  9 | 중계율 0.18 | alpha 0.819 | step_limit
Ep 125 | 드론6 목적지41 |  320스텝 | 배송 41/41 | 재적재  6 | 중계율 0.12 | alpha 0.823 | complete
Ep 126 | 드론4 목적지50 | 1000스텝 | 배송 44/50 | 재적재  5 | 중계율 0.25 | alpha 0.830 | step_limit
Ep 127 | 드론4 목적지37 |  965스텝 | 배송 37/37 | 재적재  5 | 중계율 0.30 | alpha 0.826 | complete
Ep 128 | 드론3 목적지42 |  850스텝 | 배송 42/42 | 재적재  7 | 중계율 0.21 | alpha 0.815 | complete
Ep 129 | 드론5 목적지52 |  529스텝 | 배송 52/52 | 재적재  9 | 중계율 0.14 | alpha 0.805 | complete
Ep 130 | 드론3 목적지40 | 1000스텝 | 배송 35/40 | 재적재  6 | 중계율 0.30 | alpha 0.804 | step_limit
Ep 131 | 드론4 목적지39 |  472스텝 | 배송 39/39 | 재적재  5 | 중계율 0.10 | alpha 0.811 | complete
Ep 132 | 드론6 목적지63 |  453스텝 | 배송 63/63 | 재적재 10 | 중계율 0.06 | alpha 0.827 | complete
Ep 133 | 드론4 목적지61 |  710스텝 | 배송 61/61 | 재적재 11 | 중계율 0.09 | alpha 0.835 | complete
Ep 134 | 드론5 목적지22 |  196스텝 | 배송 22/22 | 재적재  2 | 중계율 0.08 | alpha 0.839 | complete
Ep 135 | 드론3 목적지20 |  551스텝 | 배송 20/20 | 재적재  3 | 중계율 0.24 | alpha 0.844 | complete
Ep 136 | 드론6 목적지57 |  617스텝 | 배송 57/57 | 재적재  8 | 중계율 0.16 | alpha 0.854 | complete
Ep 137 | 드론4 목적지24 |  303스텝 | 배송 24/24 | 재적재  4 | 중계율 0.12 | alpha 0.862 | complete
Ep 138 | 드론5 목적지35 |  380스텝 | 배송 35/35 | 재적재  5 | 중계율 0.13 | alpha 0.874 | complete
Ep 139 | 드론4 목적지29 |  418스텝 | 배송 29/29 | 재적재  3 | 중계율 0.16 | alpha 0.875 | complete
Ep 140 | 드론3 목적지32 |  829스텝 | 배송 32/32 | 재적재  5 | 중계율 0.28 | alpha 0.873 | complete
Ep 141 | 드론4 목적지54 |  583스텝 | 배송 54/54 | 재적재  9 | 중계율 0.11 | alpha 0.884 | complete
Ep 142 | 드론3 목적지42 | 1000스텝 | 배송 40/42 | 재적재  7 | 중계율 0.20 | alpha 0.909 | step_limit
Ep 143 | 드론3 목적지23 | 1000스텝 | 배송 18/23 | 재적재  1 | 중계율 0.17 | alpha 0.926 | step_limit
Ep 144 | 드론4 목적지61 |  798스텝 | 배송 61/61 | 재적재 11 | 중계율 0.18 | alpha 0.942 | complete
Ep 145 | 드론4 목적지64 |  830스텝 | 배송 64/64 | 재적재 10 | 중계율 0.17 | alpha 0.943 | complete
Ep 146 | 드론3 목적지71 | 1000스텝 | 배송 64/71 | 재적재 12 | 중계율 0.13 | alpha 0.940 | step_limit
Ep 147 | 드론3 목적지48 |  903스텝 | 배송 48/48 | 재적재  8 | 중계율 0.20 | alpha 0.922 | complete
Ep 148 | 드론5 목적지36 |  500스텝 | 배송 36/36 | 재적재  5 | 중계율 0.19 | alpha 0.910 | complete
Ep 149 | 드론5 목적지40 |  381스텝 | 배송 40/40 | 재적재  6 | 중계율 0.08 | alpha 0.905 | complete
Ep 150 | 드론4 목적지26 |  760스텝 | 배송 26/26 | 재적재  4 | 중계율 0.17 | alpha 0.895 | complete
  [홀드아웃] 배송 49.5±2.4 완주 0.93 스텝 1022 점수 99.1 재적재 8.4 2홉+ 0.64 | 최고 99.1@ep150 정체 0/15  ← 갱신
Ep 151 | 드론5 목적지70 |  900스텝 | 배송 70/70 | 재적재 12 | 중계율 0.21 | alpha 0.890 | complete
Ep 152 | 드론6 목적지48 |  354스텝 | 배송 48/48 | 재적재  6 | 중계율 0.13 | alpha 0.891 | complete
Ep 153 | 드론6 목적지57 |  489스텝 | 배송 57/57 | 재적재  8 | 중계율 0.13 | alpha 0.887 | complete
Ep 154 | 드론6 목적지34 |  317스텝 | 배송 34/34 | 재적재  5 | 중계율 0.10 | alpha 0.876 | complete
Ep 155 | 드론6 목적지80 |  763스텝 | 배송 80/80 | 재적재 12 | 중계율 0.21 | alpha 0.871 | complete
Ep 156 | 드론6 목적지59 |  507스텝 | 배송 59/59 | 재적재  9 | 중계율 0.12 | alpha 0.866 | complete
Ep 157 | 드론3 목적지42 |  801스텝 | 배송 42/42 | 재적재  7 | 중계율 0.24 | alpha 0.859 | complete
Ep 158 | 드론5 목적지76 |  596스텝 | 배송 76/76 | 재적재 13 | 중계율 0.11 | alpha 0.860 | complete
Ep 159 | 드론6 목적지47 |  366스텝 | 배송 47/47 | 재적재  8 | 중계율 0.11 | alpha 0.861 | complete
Ep 160 | 드론3 목적지62 | 1000스텝 | 배송 50/62 | 재적재  9 | 중계율 0.21 | alpha 0.881 | step_limit
Ep 161 | 드론4 목적지31 |  564스텝 | 배송 31/31 | 재적재  5 | 중계율 0.20 | alpha 0.887 | complete
Ep 162 | 드론4 목적지26 |  620스텝 | 배송 26/26 | 재적재  3 | 중계율 0.21 | alpha 0.889 | complete
Ep 163 | 드론5 목적지21 |  290스텝 | 배송 21/21 | 재적재  0 | 중계율 0.19 | alpha 0.893 | complete
Ep 164 | 드론6 목적지79 |  656스텝 | 배송 79/79 | 재적재 13 | 중계율 0.20 | alpha 0.907 | complete
Ep 165 | 드론6 목적지47 |  366스텝 | 배송 47/47 | 재적재  6 | 중계율 0.10 | alpha 0.909 | complete
Ep 166 | 드론4 목적지77 | 1000스텝 | 배송 74/77 | 재적재 13 | 중계율 0.16 | alpha 0.902 | step_limit
Ep 167 | 드론5 목적지77 | 1000스텝 | 배송 74/77 | 재적재 11 | 중계율 0.30 | alpha 0.906 | step_limit
Ep 168 | 드론6 목적지29 |  342스텝 | 배송 29/29 | 재적재  3 | 중계율 0.18 | alpha 0.918 | complete
Ep 169 | 드론6 목적지59 |  489스텝 | 배송 59/59 | 재적재 11 | 중계율 0.16 | alpha 0.925 | complete
Ep 170 | 드론4 목적지74 | 1000스텝 | 배송 68/74 | 재적재 11 | 중계율 0.28 | alpha 0.929 | step_limit
Ep 171 | 드론5 목적지34 |  358스텝 | 배송 34/34 | 재적재  5 | 중계율 0.11 | alpha 0.938 | complete
Ep 172 | 드론3 목적지43 | 1000스텝 | 배송 42/43 | 재적재  7 | 중계율 0.21 | alpha 0.942 | step_limit
Ep 173 | 드론4 목적지35 | 1000스텝 | 배송 33/35 | 재적재  6 | 중계율 0.37 | alpha 0.933 | step_limit
Ep 174 | 드론6 목적지43 |  623스텝 | 배송 43/43 | 재적재  6 | 중계율 0.13 | alpha 0.924 | complete
Ep 175 | 드론6 목적지30 |  398스텝 | 배송 30/30 | 재적재  4 | 중계율 0.27 | alpha 0.911 | complete
Ep 176 | 드론6 목적지29 |  310스텝 | 배송 29/29 | 재적재  3 | 중계율 0.14 | alpha 0.898 | complete
Ep 177 | 드론3 목적지45 |  860스텝 | 배송 45/45 | 재적재  7 | 중계율 0.32 | alpha 0.870 | complete
Ep 178 | 드론3 목적지20 |  410스텝 | 배송 20/20 | 재적재  2 | 중계율 0.32 | alpha 0.865 | complete
Ep 179 | 드론6 목적지66 |  742스텝 | 배송 66/66 | 재적재 10 | 중계율 0.23 | alpha 0.860 | complete
Ep 180 | 드론6 목적지22 |  233스텝 | 배송 22/22 | 재적재  0 | 중계율 0.08 | alpha 0.858 | complete
Ep 181 | 드론6 목적지77 |  664스텝 | 배송 77/77 | 재적재 12 | 중계율 0.19 | alpha 0.850 | complete
Ep 182 | 드론4 목적지74 |  982스텝 | 배송 74/74 | 재적재 13 | 중계율 0.22 | alpha 0.845 | complete
Ep 183 | 드론6 목적지40 |  340스텝 | 배송 40/40 | 재적재  5 | 중계율 0.07 | alpha 0.855 | complete
Ep 184 | 드론4 목적지77 |  890스텝 | 배송 77/77 | 재적재 14 | 중계율 0.17 | alpha 0.879 | complete
Ep 185 | 드론5 목적지72 |  888스텝 | 배송 72/72 | 재적재 14 | 중계율 0.22 | alpha 0.904 | complete
Ep 186 | 드론5 목적지74 |  690스텝 | 배송 74/74 | 재적재 12 | 중계율 0.13 | alpha 0.910 | complete
Ep 187 | 드론3 목적지65 | 1000스텝 | 배송 61/65 | 재적재 11 | 중계율 0.21 | alpha 0.921 | step_limit
Ep 188 | 드론3 목적지80 | 1000스텝 | 배송 50/80 | 재적재  9 | 중계율 0.33 | alpha 0.915 | step_limit
Ep 189 | 드론5 목적지55 | 1000스텝 | 배송 51/55 | 재적재  8 | 중계율 0.22 | alpha 0.915 | step_limit
Ep 190 | 드론4 목적지36 |  519스텝 | 배송 36/36 | 재적재  5 | 중계율 0.21 | alpha 0.918 | complete
Ep 191 | 드론3 목적지28 |  703스텝 | 배송 28/28 | 재적재  4 | 중계율 0.25 | alpha 0.923 | complete
Ep 192 | 드론6 목적지74 |  619스텝 | 배송 74/74 | 재적재 13 | 중계율 0.11 | alpha 0.935 | complete
Ep 193 | 드론4 목적지61 |  818스텝 | 배송 61/61 | 재적재 10 | 중계율 0.24 | alpha 0.932 | complete
Ep 194 | 드론6 목적지73 |  545스텝 | 배송 73/73 | 재적재 13 | 중계율 0.14 | alpha 0.924 | complete
Ep 195 | 드론5 목적지69 |  949스텝 | 배송 69/69 | 재적재 12 | 중계율 0.24 | alpha 0.929 | complete
Ep 196 | 드론4 목적지47 |  557스텝 | 배송 47/47 | 재적재  7 | 중계율 0.10 | alpha 0.929 | complete
Ep 197 | 드론5 목적지27 |  312스텝 | 배송 27/27 | 재적재  3 | 중계율 0.15 | alpha 0.931 | complete
Ep 198 | 드론4 목적지56 |  727스텝 | 배송 56/56 | 재적재 10 | 중계율 0.09 | alpha 0.926 | complete
Ep 199 | 드론3 목적지57 | 1000스텝 | 배송 42/57 | 재적재  7 | 중계율 0.14 | alpha 0.931 | step_limit
Ep 200 | 드론6 목적지64 |  543스텝 | 배송 64/64 | 재적재 10 | 중계율 0.14 | alpha 0.921 | complete
  [홀드아웃] 배송 49.2±2.6 완주 0.88 스텝 1093 점수 93.9 재적재 8.0 2홉+ 0.64 | 최고 99.1@ep150 정체 1/15
Ep 201 | 드론6 목적지38 |  675스텝 | 배송 38/38 | 재적재  4 | 중계율 0.26 | alpha 0.923 | complete
Ep 202 | 드론3 목적지32 |  769스텝 | 배송 32/32 | 재적재  5 | 중계율 0.24 | alpha 0.925 | complete
Ep 203 | 드론4 목적지23 |  315스텝 | 배송 23/23 | 재적재  3 | 중계율 0.09 | alpha 0.916 | complete
Ep 204 | 드론4 목적지38 |  454스텝 | 배송 38/38 | 재적재  6 | 중계율 0.14 | alpha 0.915 | complete
Ep 205 | 드론4 목적지27 |  322스텝 | 배송 27/27 | 재적재  3 | 중계율 0.10 | alpha 0.916 | complete
Ep 206 | 드론3 목적지58 | 1000스텝 | 배송 51/58 | 재적재  9 | 중계율 0.24 | alpha 0.923 | step_limit
Ep 207 | 드론4 목적지52 | 1000스텝 | 배송 48/52 | 재적재  8 | 중계율 0.30 | alpha 0.922 | step_limit
Ep 208 | 드론4 목적지60 | 1000스텝 | 배송 59/60 | 재적재  8 | 중계율 0.31 | alpha 0.911 | step_limit
Ep 209 | 드론3 목적지72 | 1000스텝 | 배송 55/72 | 재적재  9 | 중계율 0.26 | alpha 0.907 | step_limit
Ep 210 | 드론6 목적지39 |  334스텝 | 배송 39/39 | 재적재  5 | 중계율 0.12 | alpha 0.907 | complete
Ep 211 | 드론3 목적지55 |  885스텝 | 배송 55/55 | 재적재 10 | 중계율 0.21 | alpha 0.915 | complete
Ep 212 | 드론4 목적지62 |  737스텝 | 배송 62/62 | 재적재 11 | 중계율 0.14 | alpha 0.928 | complete
Ep 213 | 드론5 목적지77 |  661스텝 | 배송 77/77 | 재적재 14 | 중계율 0.10 | alpha 0.945 | complete
Ep 214 | 드론4 목적지44 |  680스텝 | 배송 44/44 | 재적재  8 | 중계율 0.14 | alpha 0.938 | complete
Ep 215 | 드론3 목적지49 |  953스텝 | 배송 49/49 | 재적재  8 | 중계율 0.26 | alpha 0.931 | complete
Ep 216 | 드론6 목적지29 |  319스텝 | 배송 29/29 | 재적재  5 | 중계율 0.20 | alpha 0.927 | complete
Ep 217 | 드론5 목적지36 |  379스텝 | 배송 36/36 | 재적재  5 | 중계율 0.10 | alpha 0.926 | complete
Ep 218 | 드론5 목적지55 |  590스텝 | 배송 55/55 | 재적재  9 | 중계율 0.10 | alpha 0.920 | complete
Ep 219 | 드론3 목적지35 |  827스텝 | 배송 35/35 | 재적재  6 | 중계율 0.25 | alpha 0.902 | complete
Ep 220 | 드론6 목적지73 |  609스텝 | 배송 73/73 | 재적재 13 | 중계율 0.12 | alpha 0.889 | complete
Ep 221 | 드론6 목적지25 |  265스텝 | 배송 25/25 | 재적재  1 | 중계율 0.18 | alpha 0.889 | complete
Ep 222 | 드론4 목적지30 |  448스텝 | 배송 30/30 | 재적재  3 | 중계율 0.18 | alpha 0.894 | complete
Ep 223 | 드론4 목적지45 |  682스텝 | 배송 45/45 | 재적재  6 | 중계율 0.28 | alpha 0.907 | complete
Ep 224 | 드론5 목적지76 | 1000스텝 | 배송 75/76 | 재적재 13 | 중계율 0.25 | alpha 0.933 | step_limit
Ep 225 | 드론5 목적지70 |  876스텝 | 배송 70/70 | 재적재 11 | 중계율 0.21 | alpha 0.934 | complete
Ep 226 | 드론6 목적지73 |  458스텝 | 배송 73/73 | 재적재 12 | 중계율 0.09 | alpha 0.939 | complete
Ep 227 | 드론6 목적지56 |  535스텝 | 배송 56/56 | 재적재  9 | 중계율 0.13 | alpha 0.952 | complete
Ep 228 | 드론5 목적지24 |  354스텝 | 배송 24/24 | 재적재  3 | 중계율 0.22 | alpha 0.958 | complete
Ep 229 | 드론3 목적지32 |  803스텝 | 배송 32/32 | 재적재  5 | 중계율 0.27 | alpha 0.963 | complete
Ep 230 | 드론3 목적지62 | 1000스텝 | 배송 52/62 | 재적재 10 | 중계율 0.19 | alpha 0.985 | step_limit
Ep 231 | 드론3 목적지27 |  604스텝 | 배송 27/27 | 재적재  4 | 중계율 0.23 | alpha 1.004 | complete
Ep 232 | 드론6 목적지27 |  345스텝 | 배송 27/27 | 재적재  3 | 중계율 0.23 | alpha 1.013 | complete
Ep 233 | 드론5 목적지58 |  768스텝 | 배송 58/58 | 재적재 10 | 중계율 0.19 | alpha 1.023 | complete
Ep 234 | 드론4 목적지56 |  742스텝 | 배송 56/56 | 재적재  9 | 중계율 0.17 | alpha 1.020 | complete
Ep 235 | 드론4 목적지49 |  739스텝 | 배송 49/49 | 재적재  8 | 중계율 0.16 | alpha 1.020 | complete
Ep 236 | 드론6 목적지71 |  571스텝 | 배송 71/71 | 재적재 12 | 중계율 0.14 | alpha 1.007 | complete
Ep 237 | 드론5 목적지77 |  604스텝 | 배송 77/77 | 재적재 12 | 중계율 0.14 | alpha 0.998 | complete
Ep 238 | 드론6 목적지27 |  267스텝 | 배송 27/27 | 재적재  3 | 중계율 0.12 | alpha 0.993 | complete
Ep 239 | 드론5 목적지37 |  407스텝 | 배송 37/37 | 재적재  4 | 중계율 0.19 | alpha 0.990 | complete
Ep 240 | 드론6 목적지70 |  612스텝 | 배송 70/70 | 재적재 12 | 중계율 0.12 | alpha 0.976 | complete
Ep 241 | 드론3 목적지46 | 1000스텝 | 배송 42/46 | 재적재  7 | 중계율 0.23 | alpha 0.960 | step_limit
Ep 242 | 드론6 목적지65 |  592스텝 | 배송 65/65 | 재적재 11 | 중계율 0.10 | alpha 0.960 | complete
Ep 243 | 드론5 목적지39 |  410스텝 | 배송 39/39 | 재적재  5 | 중계율 0.14 | alpha 0.962 | complete
Ep 244 | 드론4 목적지51 |  756스텝 | 배송 51/51 | 재적재  8 | 중계율 0.19 | alpha 0.974 | complete
Ep 245 | 드론3 목적지52 | 1000스텝 | 배송 36/52 | 재적재  6 | 중계율 0.34 | alpha 0.983 | step_limit
Ep 246 | 드론5 목적지54 |  538스텝 | 배송 54/54 | 재적재  9 | 중계율 0.15 | alpha 0.974 | complete
Ep 247 | 드론6 목적지69 |  526스텝 | 배송 69/69 | 재적재 10 | 중계율 0.10 | alpha 0.985 | complete
Ep 248 | 드론3 목적지77 | 1000스텝 | 배송 68/77 | 재적재 12 | 중계율 0.22 | alpha 0.991 | step_limit
Ep 249 | 드론5 목적지70 |  692스텝 | 배송 70/70 | 재적재 13 | 중계율 0.10 | alpha 1.003 | complete
Ep 250 | 드론3 목적지51 | 1000스텝 | 배송 50/51 | 재적재  7 | 중계율 0.28 | alpha 1.024 | step_limit
  [홀드아웃] 배송 49.9±0.8 완주 0.97 스텝 1071 점수 103.9 재적재 8.2 2홉+ 0.64 | 최고 103.9@ep250 정체 0/15  ← 갱신
Ep 251 | 드론6 목적지33 |  309스텝 | 배송 33/33 | 재적재  5 | 중계율 0.10 | alpha 1.031 | complete
Ep 252 | 드론3 목적지25 |  561스텝 | 배송 25/25 | 재적재  3 | 중계율 0.18 | alpha 1.040 | complete
Ep 253 | 드론5 목적지49 |  882스텝 | 배송 49/49 | 재적재  7 | 중계율 0.20 | alpha 1.040 | complete
Ep 254 | 드론5 목적지26 |  340스텝 | 배송 26/26 | 재적재  4 | 중계율 0.09 | alpha 1.036 | complete
Ep 255 | 드론4 목적지38 |  752스텝 | 배송 38/38 | 재적재  6 | 중계율 0.16 | alpha 1.033 | complete
Ep 256 | 드론4 목적지27 |  696스텝 | 배송 27/27 | 재적재  3 | 중계율 0.22 | alpha 1.026 | complete
Ep 257 | 드론3 목적지44 | 1000스텝 | 배송 36/44 | 재적재  7 | 중계율 0.26 | alpha 1.017 | step_limit
Ep 258 | 드론5 목적지73 |  620스텝 | 배송 73/73 | 재적재 13 | 중계율 0.17 | alpha 1.031 | complete
Ep 259 | 드론5 목적지65 |  640스텝 | 배송 65/65 | 재적재 11 | 중계율 0.15 | alpha 1.048 | complete
Ep 260 | 드론6 목적지49 |  416스텝 | 배송 49/49 | 재적재  6 | 중계율 0.10 | alpha 1.048 | complete
Ep 261 | 드론6 목적지21 |  273스텝 | 배송 21/21 | 재적재  1 | 중계율 0.14 | alpha 1.051 | complete
Ep 262 | 드론3 목적지69 | 1000스텝 | 배송 60/69 | 재적재 11 | 중계율 0.20 | alpha 1.051 | step_limit
Ep 263 | 드론4 목적지40 | 1000스텝 | 배송 34/40 | 재적재  4 | 중계율 0.32 | alpha 1.087 | step_limit
Ep 264 | 드론5 목적지35 |  405스텝 | 배송 35/35 | 재적재  5 | 중계율 0.10 | alpha 1.099 | complete
Ep 265 | 드론6 목적지52 |  315스텝 | 배송 52/52 | 재적재  6 | 중계율 0.07 | alpha 1.110 | complete
Ep 266 | 드론4 목적지33 |  352스텝 | 배송 33/33 | 재적재  4 | 중계율 0.05 | alpha 1.111 | complete
Ep 267 | 드론6 목적지32 |  317스텝 | 배송 32/32 | 재적재  5 | 중계율 0.15 | alpha 1.106 | complete
Ep 268 | 드론4 목적지39 | 1000스텝 | 배송 38/39 | 재적재  7 | 중계율 0.29 | alpha 1.080 | step_limit
Ep 269 | 드론5 목적지71 |  838스텝 | 배송 71/71 | 재적재 13 | 중계율 0.17 | alpha 1.077 | complete
Ep 270 | 드론3 목적지56 | 1000스텝 | 배송 48/56 | 재적재  8 | 중계율 0.22 | alpha 1.068 | step_limit
Ep 271 | 드론5 목적지66 |  571스텝 | 배송 66/66 | 재적재 11 | 중계율 0.16 | alpha 1.050 | complete
Ep 272 | 드론4 목적지33 |  409스텝 | 배송 33/33 | 재적재  5 | 중계율 0.15 | alpha 1.045 | complete
Ep 273 | 드론5 목적지75 |  937스텝 | 배송 75/75 | 재적재 13 | 중계율 0.19 | alpha 1.044 | complete
Ep 274 | 드론4 목적지63 |  681스텝 | 배송 63/63 | 재적재 12 | 중계율 0.15 | alpha 1.031 | complete
Ep 275 | 드론3 목적지46 | 1000스텝 | 배송 38/46 | 재적재  6 | 중계율 0.25 | alpha 1.030 | step_limit
Ep 276 | 드론5 목적지62 |  976스텝 | 배송 62/62 | 재적재 12 | 중계율 0.24 | alpha 1.018 | complete
Ep 277 | 드론6 목적지35 |  311스텝 | 배송 35/35 | 재적재  5 | 중계율 0.13 | alpha 1.010 | complete
Ep 278 | 드론4 목적지79 |  994스텝 | 배송 79/79 | 재적재 14 | 중계율 0.18 | alpha 1.019 | complete
Ep 279 | 드론3 목적지50 | 1000스텝 | 배송 46/50 | 재적재  7 | 중계율 0.22 | alpha 1.011 | step_limit
Ep 280 | 드론3 목적지71 | 1000스텝 | 배송 51/71 | 재적재 10 | 중계율 0.19 | alpha 0.996 | step_limit
Ep 281 | 드론5 목적지52 |  572스텝 | 배송 52/52 | 재적재  9 | 중계율 0.16 | alpha 0.986 | complete
Ep 282 | 드론4 목적지55 |  857스텝 | 배송 55/55 | 재적재 10 | 중계율 0.14 | alpha 0.979 | complete
Ep 283 | 드론4 목적지44 |  598스텝 | 배송 44/44 | 재적재  8 | 중계율 0.14 | alpha 0.984 | complete
Ep 284 | 드론6 목적지61 |  519스텝 | 배송 61/61 | 재적재 10 | 중계율 0.13 | alpha 0.989 | complete
Ep 285 | 드론6 목적지61 |  472스텝 | 배송 61/61 | 재적재 10 | 중계율 0.11 | alpha 1.000 | complete
Ep 286 | 드론6 목적지35 |  482스텝 | 배송 35/35 | 재적재  5 | 중계율 0.13 | alpha 0.994 | complete
Ep 287 | 드론5 목적지42 |  354스텝 | 배송 42/42 | 재적재  5 | 중계율 0.12 | alpha 0.990 | complete
Ep 288 | 드론4 목적지26 |  589스텝 | 배송 26/26 | 재적재  3 | 중계율 0.18 | alpha 0.987 | complete
Ep 289 | 드론5 목적지71 |  647스텝 | 배송 71/71 | 재적재 11 | 중계율 0.12 | alpha 0.976 | complete
Ep 290 | 드론3 목적지34 |  531스텝 | 배송 34/34 | 재적재  5 | 중계율 0.10 | alpha 0.972 | complete
Ep 291 | 드론6 목적지70 |  538스텝 | 배송 70/70 | 재적재 10 | 중계율 0.13 | alpha 0.978 | complete
Ep 292 | 드론6 목적지25 |  246스텝 | 배송 25/25 | 재적재  2 | 중계율 0.12 | alpha 0.975 | complete
Ep 293 | 드론5 목적지78 |  953스텝 | 배송 78/78 | 재적재 14 | 중계율 0.18 | alpha 0.978 | complete
Ep 294 | 드론4 목적지63 |  758스텝 | 배송 63/63 | 재적재 10 | 중계율 0.16 | alpha 0.982 | complete
Ep 295 | 드론3 목적지40 |  854스텝 | 배송 40/40 | 재적재  7 | 중계율 0.20 | alpha 0.970 | complete
Ep 296 | 드론3 목적지78 | 1000스텝 | 배송 60/78 | 재적재 10 | 중계율 0.21 | alpha 0.971 | step_limit
Ep 297 | 드론3 목적지76 | 1000스텝 | 배송 65/76 | 재적재 11 | 중계율 0.18 | alpha 0.971 | step_limit
Ep 298 | 드론5 목적지42 |  505스텝 | 배송 42/42 | 재적재  5 | 중계율 0.09 | alpha 0.969 | complete
Ep 299 | 드론5 목적지34 |  670스텝 | 배송 34/34 | 재적재  6 | 중계율 0.29 | alpha 0.958 | complete
Ep 300 | 드론6 목적지73 |  680스텝 | 배송 73/73 | 재적재 13 | 중계율 0.17 | alpha 0.949 | complete
  [홀드아웃] 배송 48.9±3.5 완주 0.88 스텝 1035 점수 94.0 재적재 8.1 2홉+ 0.64 | 최고 103.9@ep250 정체 1/15
Ep 301 | 드론5 목적지74 |  772스텝 | 배송 74/74 | 재적재 13 | 중계율 0.12 | alpha 0.948 | complete
Ep 302 | 드론3 목적지56 | 1000스텝 | 배송 53/56 | 재적재  9 | 중계율 0.23 | alpha 0.951 | step_limit
Ep 303 | 드론6 목적지24 |  370스텝 | 배송 24/24 | 재적재  2 | 중계율 0.16 | alpha 0.950 | complete
Ep 304 | 드론5 목적지67 |  820스텝 | 배송 67/67 | 재적재 11 | 중계율 0.21 | alpha 0.952 | complete
Ep 305 | 드론4 목적지69 |  891스텝 | 배송 69/69 | 재적재 11 | 중계율 0.22 | alpha 0.957 | complete
Ep 306 | 드론4 목적지30 |  357스텝 | 배송 30/30 | 재적재  4 | 중계율 0.11 | alpha 0.954 | complete
Ep 307 | 드론6 목적지46 |  354스텝 | 배송 46/46 | 재적재  6 | 중계율 0.10 | alpha 0.952 | complete
Ep 308 | 드론3 목적지45 | 1000스텝 | 배송 44/45 | 재적재  7 | 중계율 0.20 | alpha 0.950 | step_limit
Ep 309 | 드론6 목적지80 |  832스텝 | 배송 80/80 | 재적재 14 | 중계율 0.20 | alpha 0.949 | complete
Ep 310 | 드론4 목적지26 |  463스텝 | 배송 26/26 | 재적재  4 | 중계율 0.12 | alpha 0.952 | complete
Ep 311 | 드론3 목적지52 | 1000스텝 | 배송 46/52 | 재적재  8 | 중계율 0.20 | alpha 0.945 | step_limit
Ep 312 | 드론3 목적지42 |  994스텝 | 배송 42/42 | 재적재  7 | 중계율 0.25 | alpha 0.943 | complete
Ep 313 | 드론3 목적지60 | 1000스텝 | 배송 59/60 | 재적재 10 | 중계율 0.25 | alpha 0.945 | step_limit
Ep 314 | 드론3 목적지78 | 1000스텝 | 배송 62/78 | 재적재 11 | 중계율 0.23 | alpha 0.948 | step_limit
Ep 315 | 드론5 목적지51 |  636스텝 | 배송 51/51 | 재적재  7 | 중계율 0.19 | alpha 0.940 | complete
Ep 316 | 드론5 목적지58 |  704스텝 | 배송 58/58 | 재적재 10 | 중계율 0.15 | alpha 0.932 | complete
Ep 317 | 드론5 목적지75 |  847스텝 | 배송 75/75 | 재적재 14 | 중계율 0.13 | alpha 0.911 | complete
Ep 318 | 드론6 목적지56 |  580스텝 | 배송 56/56 | 재적재 10 | 중계율 0.15 | alpha 0.893 | complete
Ep 319 | 드론4 목적지69 | 1000스텝 | 배송 68/69 | 재적재 12 | 중계율 0.23 | alpha 0.906 | step_limit
Ep 320 | 드론5 목적지45 |  607스텝 | 배송 45/45 | 재적재  7 | 중계율 0.20 | alpha 0.900 | complete
Ep 321 | 드론5 목적지28 |  417스텝 | 배송 28/28 | 재적재  3 | 중계율 0.18 | alpha 0.900 | complete
Ep 322 | 드론5 목적지59 |  495스텝 | 배송 59/59 | 재적재  9 | 중계율 0.09 | alpha 0.901 | complete
Ep 323 | 드론3 목적지44 | 1000스텝 | 배송 36/44 | 재적재  6 | 중계율 0.25 | alpha 0.899 | step_limit
Ep 324 | 드론3 목적지25 |  494스텝 | 배송 25/25 | 재적재  3 | 중계율 0.10 | alpha 0.899 | complete
Ep 325 | 드론6 목적지65 |  489스텝 | 배송 65/65 | 재적재 11 | 중계율 0.10 | alpha 0.894 | complete
Ep 326 | 드론4 목적지31 |  413스텝 | 배송 31/31 | 재적재  4 | 중계율 0.17 | alpha 0.882 | complete
Ep 327 | 드론6 목적지67 |  524스텝 | 배송 67/67 | 재적재 12 | 중계율 0.17 | alpha 0.870 | complete
Ep 328 | 드론4 목적지65 |  797스텝 | 배송 65/65 | 재적재 12 | 중계율 0.16 | alpha 0.862 | complete
Ep 329 | 드론6 목적지33 |  319스텝 | 배송 33/33 | 재적재  4 | 중계율 0.10 | alpha 0.861 | complete
Ep 330 | 드론5 목적지76 |  793스텝 | 배송 76/76 | 재적재 13 | 중계율 0.18 | alpha 0.852 | complete
Ep 331 | 드론4 목적지76 | 1000스텝 | 배송 73/76 | 재적재 12 | 중계율 0.22 | alpha 0.859 | step_limit
Ep 332 | 드론6 목적지75 |  532스텝 | 배송 75/75 | 재적재 12 | 중계율 0.14 | alpha 0.860 | complete
Ep 333 | 드론4 목적지26 |  428스텝 | 배송 26/26 | 재적재  4 | 중계율 0.14 | alpha 0.853 | complete
Ep 334 | 드론3 목적지63 | 1000스텝 | 배송 56/63 | 재적재 10 | 중계율 0.21 | alpha 0.874 | step_limit
Ep 335 | 드론5 목적지28 |  335스텝 | 배송 28/28 | 재적재  5 | 중계율 0.11 | alpha 0.877 | complete
Ep 336 | 드론3 목적지54 |  816스텝 | 배송 54/54 | 재적재  9 | 중계율 0.19 | alpha 0.875 | complete
Ep 337 | 드론4 목적지65 | 1000스텝 | 배송 50/65 | 재적재  9 | 중계율 0.25 | alpha 0.880 | step_limit
Ep 338 | 드론4 목적지68 | 1000스텝 | 배송 65/68 | 재적재 12 | 중계율 0.20 | alpha 0.877 | step_limit
Ep 339 | 드론5 목적지47 |  499스텝 | 배송 47/47 | 재적재  7 | 중계율 0.13 | alpha 0.870 | complete
Ep 340 | 드론4 목적지73 | 1000스텝 | 배송 64/73 | 재적재 11 | 중계율 0.26 | alpha 0.865 | step_limit
Ep 341 | 드론4 목적지64 | 1000스텝 | 배송 55/64 | 재적재  8 | 중계율 0.31 | alpha 0.857 | step_limit
Ep 342 | 드론4 목적지26 |  292스텝 | 배송 26/26 | 재적재  3 | 중계율 0.07 | alpha 0.856 | complete
Ep 343 | 드론6 목적지58 |  438스텝 | 배송 58/58 | 재적재 11 | 중계율 0.10 | alpha 0.853 | complete
Ep 344 | 드론5 목적지23 |  271스텝 | 배송 23/23 | 재적재  1 | 중계율 0.08 | alpha 0.854 | complete
Ep 345 | 드론5 목적지53 |  700스텝 | 배송 53/53 | 재적재  9 | 중계율 0.18 | alpha 0.850 | complete
Ep 346 | 드론4 목적지21 |  383스텝 | 배송 21/21 | 재적재  3 | 중계율 0.17 | alpha 0.842 | complete
Ep 347 | 드론6 목적지39 |  363스텝 | 배송 39/39 | 재적재  6 | 중계율 0.10 | alpha 0.842 | complete
Ep 348 | 드론6 목적지46 |  342스텝 | 배송 46/46 | 재적재  7 | 중계율 0.11 | alpha 0.842 | complete
Ep 349 | 드론5 목적지37 |  383스텝 | 배송 37/37 | 재적재  5 | 중계율 0.12 | alpha 0.840 | complete
Ep 350 | 드론3 목적지42 |  835스텝 | 배송 42/42 | 재적재  7 | 중계율 0.22 | alpha 0.823 | complete
  [홀드아웃] 배송 49.3±4.2 완주 0.95 스텝 1000 점수 101.7 재적재 8.2 2홉+ 0.63 | 최고 103.9@ep250 정체 2/15
Ep 351 | 드론6 목적지54 |  405스텝 | 배송 54/54 | 재적재  8 | 중계율 0.10 | alpha 0.818 | complete
Ep 352 | 드론5 목적지69 |  743스텝 | 배송 69/69 | 재적재 12 | 중계율 0.15 | alpha 0.806 | complete
Ep 353 | 드론3 목적지44 |  798스텝 | 배송 44/44 | 재적재  7 | 중계율 0.17 | alpha 0.803 | complete
Ep 354 | 드론4 목적지49 |  976스텝 | 배송 49/49 | 재적재  9 | 중계율 0.22 | alpha 0.806 | complete
Ep 355 | 드론3 목적지28 |  513스텝 | 배송 28/28 | 재적재  4 | 중계율 0.20 | alpha 0.804 | complete
Ep 356 | 드론3 목적지79 | 1000스텝 | 배송 66/79 | 재적재 13 | 중계율 0.18 | alpha 0.820 | step_limit
Ep 357 | 드론5 목적지71 |  661스텝 | 배송 71/71 | 재적재 11 | 중계율 0.09 | alpha 0.820 | complete
Ep 358 | 드론3 목적지30 |  764스텝 | 배송 30/30 | 재적재  4 | 중계율 0.27 | alpha 0.829 | complete
Ep 359 | 드론4 목적지74 | 1000스텝 | 배송 70/74 | 재적재 14 | 중계율 0.14 | alpha 0.829 | step_limit
Ep 360 | 드론5 목적지47 |  479스텝 | 배송 47/47 | 재적재  7 | 중계율 0.13 | alpha 0.830 | complete
Ep 361 | 드론4 목적지43 |  562스텝 | 배송 43/43 | 재적재  7 | 중계율 0.17 | alpha 0.839 | complete
Ep 362 | 드론6 목적지78 |  686스텝 | 배송 78/78 | 재적재 14 | 중계율 0.13 | alpha 0.837 | complete
Ep 363 | 드론5 목적지70 |  642스텝 | 배송 70/70 | 재적재 11 | 중계율 0.12 | alpha 0.844 | complete
Ep 364 | 드론3 목적지64 | 1000스텝 | 배송 54/64 | 재적재 10 | 중계율 0.26 | alpha 0.870 | step_limit
Ep 365 | 드론3 목적지63 | 1000스텝 | 배송 54/63 | 재적재  9 | 중계율 0.29 | alpha 0.885 | step_limit
Ep 366 | 드론4 목적지44 |  641스텝 | 배송 44/44 | 재적재  8 | 중계율 0.21 | alpha 0.878 | complete
Ep 367 | 드론5 목적지38 |  396스텝 | 배송 38/38 | 재적재  5 | 중계율 0.12 | alpha 0.870 | complete
Ep 368 | 드론3 목적지37 |  748스텝 | 배송 37/37 | 재적재  7 | 중계율 0.11 | alpha 0.863 | complete
Ep 369 | 드론3 목적지42 |  971스텝 | 배송 42/42 | 재적재  8 | 중계율 0.26 | alpha 0.851 | complete
Ep 370 | 드론4 목적지70 | 1000스텝 | 배송 63/70 | 재적재 11 | 중계율 0.23 | alpha 0.846 | step_limit
Ep 371 | 드론4 목적지40 |  565스텝 | 배송 40/40 | 재적재  7 | 중계율 0.14 | alpha 0.850 | complete
Ep 372 | 드론5 목적지29 |  311스텝 | 배송 29/29 | 재적재  4 | 중계율 0.09 | alpha 0.848 | complete
Ep 373 | 드론3 목적지79 | 1000스텝 | 배송 68/79 | 재적재 12 | 중계율 0.20 | alpha 0.847 | step_limit
Ep 374 | 드론4 목적지40 |  726스텝 | 배송 40/40 | 재적재  6 | 중계율 0.18 | alpha 0.839 | complete
Ep 375 | 드론3 목적지28 |  468스텝 | 배송 28/28 | 재적재  4 | 중계율 0.11 | alpha 0.832 | complete
Ep 376 | 드론4 목적지40 |  776스텝 | 배송 40/40 | 재적재  6 | 중계율 0.30 | alpha 0.828 | complete
Ep 377 | 드론3 목적지72 | 1000스텝 | 배송 50/72 | 재적재  9 | 중계율 0.21 | alpha 0.820 | step_limit
Ep 378 | 드론6 목적지61 |  449스텝 | 배송 61/61 | 재적재 11 | 중계율 0.11 | alpha 0.817 | complete
Ep 379 | 드론5 목적지68 |  737스텝 | 배송 68/68 | 재적재 11 | 중계율 0.20 | alpha 0.827 | complete
Ep 380 | 드론3 목적지24 |  482스텝 | 배송 24/24 | 재적재  3 | 중계율 0.19 | alpha 0.828 | complete
Ep 381 | 드론4 목적지52 |  836스텝 | 배송 52/52 | 재적재  8 | 중계율 0.26 | alpha 0.830 | complete
Ep 382 | 드론5 목적지35 |  655스텝 | 배송 35/35 | 재적재  6 | 중계율 0.14 | alpha 0.821 | complete
Ep 383 | 드론3 목적지47 |  947스텝 | 배송 47/47 | 재적재  8 | 중계율 0.26 | alpha 0.823 | complete
Ep 384 | 드론4 목적지28 |  457스텝 | 배송 28/28 | 재적재  4 | 중계율 0.12 | alpha 0.824 | complete
Ep 385 | 드론5 목적지70 |  801스텝 | 배송 70/70 | 재적재 13 | 중계율 0.14 | alpha 0.830 | complete
Ep 386 | 드론5 목적지71 |  616스텝 | 배송 71/71 | 재적재 11 | 중계율 0.12 | alpha 0.820 | complete
Ep 387 | 드론4 목적지49 |  598스텝 | 배송 49/49 | 재적재  8 | 중계율 0.08 | alpha 0.814 | complete
Ep 388 | 드론4 목적지21 |  427스텝 | 배송 21/21 | 재적재  2 | 중계율 0.22 | alpha 0.816 | complete
Ep 389 | 드론5 목적지60 |  532스텝 | 배송 60/60 | 재적재 11 | 중계율 0.10 | alpha 0.813 | complete
Ep 390 | 드론5 목적지30 |  310스텝 | 배송 30/30 | 재적재  5 | 중계율 0.13 | alpha 0.809 | complete
Ep 391 | 드론3 목적지51 |  774스텝 | 배송 51/51 | 재적재  9 | 중계율 0.12 | alpha 0.817 | complete
Ep 392 | 드론4 목적지39 |  583스텝 | 배송 39/39 | 재적재  5 | 중계율 0.26 | alpha 0.813 | complete
Ep 393 | 드론6 목적지73 |  494스텝 | 배송 73/73 | 재적재 13 | 중계율 0.08 | alpha 0.815 | complete
Ep 394 | 드론3 목적지32 |  642스텝 | 배송 32/32 | 재적재  5 | 중계율 0.27 | alpha 0.825 | complete
Ep 395 | 드론6 목적지70 |  433스텝 | 배송 70/70 | 재적재 11 | 중계율 0.11 | alpha 0.831 | complete
Ep 396 | 드론6 목적지28 |  225스텝 | 배송 28/28 | 재적재  2 | 중계율 0.08 | alpha 0.833 | complete
Ep 397 | 드론3 목적지39 |  839스텝 | 배송 39/39 | 재적재  7 | 중계율 0.19 | alpha 0.857 | complete
Ep 398 | 드론4 목적지40 |  949스텝 | 배송 40/40 | 재적재  6 | 중계율 0.20 | alpha 0.861 | complete
Ep 399 | 드론3 목적지51 |  928스텝 | 배송 51/51 | 재적재  9 | 중계율 0.23 | alpha 0.846 | complete
Ep 400 | 드론3 목적지79 | 1000스텝 | 배송 60/79 | 재적재 10 | 중계율 0.27 | alpha 0.825 | step_limit
  [홀드아웃] 배송 50.0±0.2 완주 0.97 스텝 1034 점수 104.1 재적재 8.5 2홉+ 0.64 | 최고 104.1@ep400 정체 0/15  ← 갱신
Ep 401 | 드론3 목적지63 | 1000스텝 | 배송 62/63 | 재적재 12 | 중계율 0.25 | alpha 0.816 | step_limit
Ep 402 | 드론3 목적지32 |  626스텝 | 배송 32/32 | 재적재  5 | 중계율 0.18 | alpha 0.807 | complete
Ep 403 | 드론4 목적지76 |  902스텝 | 배송 76/76 | 재적재 13 | 중계율 0.18 | alpha 0.796 | complete
Ep 404 | 드론5 목적지23 |  281스텝 | 배송 23/23 | 재적재  3 | 중계율 0.12 | alpha 0.790 | complete
Ep 405 | 드론4 목적지67 | 1000스텝 | 배송 61/67 | 재적재 10 | 중계율 0.25 | alpha 0.793 | step_limit
Ep 406 | 드론4 목적지48 |  585스텝 | 배송 48/48 | 재적재  6 | 중계율 0.13 | alpha 0.788 | complete
Ep 407 | 드론3 목적지72 | 1000스텝 | 배송 68/72 | 재적재 12 | 중계율 0.23 | alpha 0.765 | step_limit
Ep 408 | 드론6 목적지79 |  617스텝 | 배송 79/79 | 재적재 13 | 중계율 0.13 | alpha 0.759 | complete
Ep 409 | 드론6 목적지28 |  279스텝 | 배송 28/28 | 재적재  4 | 중계율 0.07 | alpha 0.759 | complete
Ep 410 | 드론6 목적지46 |  413스텝 | 배송 46/46 | 재적재  6 | 중계율 0.13 | alpha 0.754 | complete
Ep 411 | 드론6 목적지69 |  626스텝 | 배송 69/69 | 재적재 11 | 중계율 0.18 | alpha 0.752 | complete
Ep 412 | 드론3 목적지47 |  818스텝 | 배송 47/47 | 재적재  7 | 중계율 0.22 | alpha 0.752 | complete
Ep 413 | 드론5 목적지45 |  426스텝 | 배송 45/45 | 재적재  7 | 중계율 0.15 | alpha 0.752 | complete
Ep 414 | 드론3 목적지76 | 1000스텝 | 배송 70/76 | 재적재 12 | 중계율 0.23 | alpha 0.766 | step_limit
Ep 415 | 드론4 목적지79 | 1000스텝 | 배송 73/79 | 재적재 12 | 중계율 0.24 | alpha 0.784 | step_limit
Ep 416 | 드론3 목적지20 |  459스텝 | 배송 20/20 | 재적재  3 | 중계율 0.15 | alpha 0.783 | complete
Ep 417 | 드론3 목적지45 |  727스텝 | 배송 45/45 | 재적재  8 | 중계율 0.18 | alpha 0.779 | complete
Ep 418 | 드론4 목적지75 |  842스텝 | 배송 75/75 | 재적재 13 | 중계율 0.15 | alpha 0.765 | complete
Ep 419 | 드론6 목적지78 |  831스텝 | 배송 78/78 | 재적재 13 | 중계율 0.17 | alpha 0.759 | complete
Ep 420 | 드론6 목적지33 |  322스텝 | 배송 33/33 | 재적재  5 | 중계율 0.11 | alpha 0.758 | complete
Ep 421 | 드론4 목적지62 |  914스텝 | 배송 62/62 | 재적재 10 | 중계율 0.20 | alpha 0.763 | complete
Ep 422 | 드론6 목적지51 |  510스텝 | 배송 51/51 | 재적재  8 | 중계율 0.22 | alpha 0.755 | complete
Ep 423 | 드론4 목적지44 |  771스텝 | 배송 44/44 | 재적재  7 | 중계율 0.16 | alpha 0.761 | complete
Ep 424 | 드론4 목적지33 | 1000스텝 | 배송 30/33 | 재적재  3 | 중계율 0.30 | alpha 0.767 | step_limit
Ep 425 | 드론3 목적지33 |  486스텝 | 배송 33/33 | 재적재  6 | 중계율 0.11 | alpha 0.771 | complete
Ep 426 | 드론5 목적지24 |  272스텝 | 배송 24/24 | 재적재  3 | 중계율 0.08 | alpha 0.767 | complete
Ep 427 | 드론4 목적지64 |  964스텝 | 배송 64/64 | 재적재 12 | 중계율 0.25 | alpha 0.767 | complete
Ep 428 | 드론6 목적지53 |  672스텝 | 배송 53/53 | 재적재  8 | 중계율 0.26 | alpha 0.762 | complete
Ep 429 | 드론4 목적지36 |  416스텝 | 배송 36/36 | 재적재  6 | 중계율 0.15 | alpha 0.763 | complete
Ep 430 | 드론6 목적지48 |  414스텝 | 배송 48/48 | 재적재  7 | 중계율 0.14 | alpha 0.761 | complete
Ep 431 | 드론3 목적지56 | 1000스텝 | 배송 47/56 | 재적재  9 | 중계율 0.32 | alpha 0.767 | step_limit
Ep 432 | 드론4 목적지45 |  511스텝 | 배송 45/45 | 재적재  7 | 중계율 0.10 | alpha 0.772 | complete
Ep 433 | 드론5 목적지25 |  390스텝 | 배송 25/25 | 재적재  3 | 중계율 0.18 | alpha 0.774 | complete
Ep 434 | 드론4 목적지58 |  713스텝 | 배송 58/58 | 재적재 10 | 중계율 0.25 | alpha 0.781 | complete
Ep 435 | 드론4 목적지72 | 1000스텝 | 배송 45/72 | 재적재  8 | 중계율 0.29 | alpha 0.788 | step_limit
Ep 436 | 드론3 목적지71 | 1000스텝 | 배송 60/71 | 재적재 10 | 중계율 0.22 | alpha 0.798 | step_limit
Ep 437 | 드론3 목적지53 | 1000스텝 | 배송 51/53 | 재적재  9 | 중계율 0.28 | alpha 0.798 | step_limit
Ep 438 | 드론6 목적지31 |  361스텝 | 배송 31/31 | 재적재  5 | 중계율 0.18 | alpha 0.795 | complete
Ep 439 | 드론6 목적지77 |  564스텝 | 배송 77/77 | 재적재 12 | 중계율 0.13 | alpha 0.797 | complete
Ep 440 | 드론4 목적지73 | 1000스텝 | 배송 69/73 | 재적재 12 | 중계율 0.25 | alpha 0.796 | step_limit
Ep 441 | 드론5 목적지27 |  250스텝 | 배송 27/27 | 재적재  4 | 중계율 0.08 | alpha 0.794 | complete
Ep 442 | 드론4 목적지20 |  321스텝 | 배송 20/20 | 재적재  3 | 중계율 0.13 | alpha 0.794 | complete
Ep 443 | 드론5 목적지73 |  599스텝 | 배송 73/73 | 재적재 12 | 중계율 0.12 | alpha 0.791 | complete
Ep 444 | 드론3 목적지56 | 1000스텝 | 배송 55/56 | 재적재 10 | 중계율 0.17 | alpha 0.788 | step_limit
Ep 445 | 드론5 목적지20 |  296스텝 | 배송 20/20 | 재적재  1 | 중계율 0.21 | alpha 0.788 | complete
Ep 446 | 드론3 목적지26 |  632스텝 | 배송 26/26 | 재적재  3 | 중계율 0.19 | alpha 0.790 | complete
Ep 447 | 드론4 목적지41 |  458스텝 | 배송 41/41 | 재적재  6 | 중계율 0.08 | alpha 0.794 | complete
Ep 448 | 드론6 목적지73 |  539스텝 | 배송 73/73 | 재적재 12 | 중계율 0.13 | alpha 0.798 | complete
Ep 449 | 드론4 목적지56 | 1000스텝 | 배송 53/56 | 재적재  9 | 중계율 0.20 | alpha 0.803 | step_limit
Ep 450 | 드론4 목적지35 |  599스텝 | 배송 35/35 | 재적재  5 | 중계율 0.19 | alpha 0.811 | complete
  [홀드아웃] 배송 50.0±0.2 완주 0.97 스텝 991 점수 104.2 재적재 8.3 2홉+ 0.63 | 최고 104.2@ep450 정체 0/15  ← 갱신
Ep 451 | 드론5 목적지77 |  584스텝 | 배송 77/77 | 재적재 13 | 중계율 0.09 | alpha 0.808 | complete
Ep 452 | 드론3 목적지22 | 1000스텝 | 배송 20/22 | 재적재  3 | 중계율 0.35 | alpha 0.791 | step_limit
Ep 453 | 드론6 목적지47 |  399스텝 | 배송 47/47 | 재적재  6 | 중계율 0.11 | alpha 0.785 | complete
Ep 454 | 드론5 목적지72 |  991스텝 | 배송 72/72 | 재적재 13 | 중계율 0.20 | alpha 0.776 | complete
Ep 455 | 드론6 목적지63 |  644스텝 | 배송 63/63 | 재적재 10 | 중계율 0.15 | alpha 0.773 | complete
Ep 456 | 드론4 목적지73 | 1000스텝 | 배송 70/73 | 재적재 12 | 중계율 0.26 | alpha 0.766 | step_limit
Ep 457 | 드론5 목적지36 |  485스텝 | 배송 36/36 | 재적재  4 | 중계율 0.19 | alpha 0.771 | complete
Ep 458 | 드론5 목적지78 |  805스텝 | 배송 78/78 | 재적재 14 | 중계율 0.12 | alpha 0.770 | complete
Ep 459 | 드론5 목적지45 |  816스텝 | 배송 45/45 | 재적재  8 | 중계율 0.21 | alpha 0.775 | complete
Ep 460 | 드론4 목적지70 | 1000스텝 | 배송 62/70 | 재적재 11 | 중계율 0.29 | alpha 0.790 | step_limit
Ep 461 | 드론3 목적지39 |  810스텝 | 배송 39/39 | 재적재  7 | 중계율 0.24 | alpha 0.794 | complete
Ep 462 | 드론5 목적지62 |  646스텝 | 배송 62/62 | 재적재 10 | 중계율 0.15 | alpha 0.799 | complete
Ep 463 | 드론4 목적지67 |  926스텝 | 배송 67/67 | 재적재 12 | 중계율 0.23 | alpha 0.805 | complete
Ep 464 | 드론4 목적지33 |  560스텝 | 배송 33/33 | 재적재  5 | 중계율 0.09 | alpha 0.809 | complete
Ep 465 | 드론5 목적지80 |  967스텝 | 배송 80/80 | 재적재 15 | 중계율 0.21 | alpha 0.818 | complete
Ep 466 | 드론6 목적지42 |  402스텝 | 배송 42/42 | 재적재  5 | 중계율 0.13 | alpha 0.817 | complete
Ep 467 | 드론4 목적지63 |  721스텝 | 배송 63/63 | 재적재 10 | 중계율 0.16 | alpha 0.822 | complete
Ep 468 | 드론3 목적지78 | 1000스텝 | 배송 65/78 | 재적재 12 | 중계율 0.23 | alpha 0.832 | step_limit
Ep 469 | 드론5 목적지48 |  454스텝 | 배송 48/48 | 재적재  8 | 중계율 0.11 | alpha 0.823 | complete
Ep 470 | 드론5 목적지70 |  747스텝 | 배송 70/70 | 재적재 12 | 중계율 0.19 | alpha 0.822 | complete
Ep 471 | 드론4 목적지24 |  319스텝 | 배송 24/24 | 재적재  4 | 중계율 0.12 | alpha 0.824 | complete
Ep 472 | 드론6 목적지62 |  554스텝 | 배송 62/62 | 재적재 11 | 중계율 0.12 | alpha 0.819 | complete
Ep 473 | 드론4 목적지30 |  805스텝 | 배송 30/30 | 재적재  4 | 중계율 0.24 | alpha 0.816 | complete
Ep 474 | 드론4 목적지37 |  657스텝 | 배송 37/37 | 재적재  6 | 중계율 0.19 | alpha 0.811 | complete
Ep 475 | 드론3 목적지71 | 1000스텝 | 배송 67/71 | 재적재 12 | 중계율 0.23 | alpha 0.816 | step_limit
Ep 476 | 드론3 목적지29 |  486스텝 | 배송 29/29 | 재적재  5 | 중계율 0.19 | alpha 0.822 | complete
Ep 477 | 드론4 목적지36 |  649스텝 | 배송 36/36 | 재적재  6 | 중계율 0.21 | alpha 0.823 | complete
Ep 478 | 드론3 목적지52 | 1000스텝 | 배송 47/52 | 재적재  8 | 중계율 0.27 | alpha 0.809 | step_limit
Ep 479 | 드론5 목적지75 |  712스텝 | 배송 75/75 | 재적재 12 | 중계율 0.19 | alpha 0.805 | complete
Ep 480 | 드론6 목적지64 |  470스텝 | 배송 64/64 | 재적재 11 | 중계율 0.12 | alpha 0.800 | complete
Ep 481 | 드론4 목적지70 | 1000스텝 | 배송 67/70 | 재적재 12 | 중계율 0.24 | alpha 0.797 | step_limit
Ep 482 | 드론6 목적지39 |  481스텝 | 배송 39/39 | 재적재  5 | 중계율 0.14 | alpha 0.802 | complete
Ep 483 | 드론5 목적지51 |  563스텝 | 배송 51/51 | 재적재  9 | 중계율 0.17 | alpha 0.802 | complete
Ep 484 | 드론5 목적지43 |  580스텝 | 배송 43/43 | 재적재  7 | 중계율 0.14 | alpha 0.797 | complete
Ep 485 | 드론4 목적지36 |  559스텝 | 배송 36/36 | 재적재  5 | 중계율 0.18 | alpha 0.788 | complete
Ep 486 | 드론4 목적지53 |  806스텝 | 배송 53/53 | 재적재  9 | 중계율 0.23 | alpha 0.787 | complete
Ep 487 | 드론6 목적지34 |  308스텝 | 배송 34/34 | 재적재  4 | 중계율 0.11 | alpha 0.790 | complete
Ep 488 | 드론3 목적지73 | 1000스텝 | 배송 52/73 | 재적재  9 | 중계율 0.24 | alpha 0.794 | step_limit
Ep 489 | 드론5 목적지52 |  687스텝 | 배송 52/52 | 재적재  9 | 중계율 0.17 | alpha 0.795 | complete
Ep 490 | 드론6 목적지40 |  378스텝 | 배송 40/40 | 재적재  6 | 중계율 0.12 | alpha 0.800 | complete
Ep 491 | 드론3 목적지47 |  925스텝 | 배송 47/47 | 재적재  7 | 중계율 0.16 | alpha 0.805 | complete
Ep 492 | 드론3 목적지71 | 1000스텝 | 배송 49/71 | 재적재  9 | 중계율 0.21 | alpha 0.806 | step_limit
Ep 493 | 드론4 목적지46 |  680스텝 | 배송 46/46 | 재적재  8 | 중계율 0.21 | alpha 0.813 | complete
Ep 494 | 드론3 목적지47 | 1000스텝 | 배송 45/47 | 재적재  7 | 중계율 0.27 | alpha 0.801 | step_limit
Ep 495 | 드론4 목적지45 |  736스텝 | 배송 45/45 | 재적재  8 | 중계율 0.19 | alpha 0.799 | complete
Ep 496 | 드론5 목적지65 |  556스텝 | 배송 65/65 | 재적재 11 | 중계율 0.13 | alpha 0.810 | complete
Ep 497 | 드론3 목적지35 |  746스텝 | 배송 35/35 | 재적재  6 | 중계율 0.13 | alpha 0.804 | complete
Ep 498 | 드론5 목적지39 |  768스텝 | 배송 39/39 | 재적재  7 | 중계율 0.24 | alpha 0.804 | complete
Ep 499 | 드론5 목적지28 |  502스텝 | 배송 28/28 | 재적재  3 | 중계율 0.18 | alpha 0.809 | complete
Ep 500 | 드론4 목적지49 |  858스텝 | 배송 49/49 | 재적재  8 | 중계율 0.23 | alpha 0.810 | complete
  [홀드아웃] 배송 50.0±0.2 완주 0.95 스텝 992 점수 101.7 재적재 8.4 2홉+ 0.63 | 최고 104.2@ep450 정체 1/15
Ep 501 | 드론5 목적지26 |  451스텝 | 배송 26/26 | 재적재  3 | 중계율 0.20 | alpha 0.812 | complete
Ep 502 | 드론6 목적지69 |  553스텝 | 배송 69/69 | 재적재 12 | 중계율 0.10 | alpha 0.814 | complete
Ep 503 | 드론6 목적지44 |  370스텝 | 배송 44/44 | 재적재  6 | 중계율 0.10 | alpha 0.822 | complete
Ep 504 | 드론6 목적지34 |  484스텝 | 배송 34/34 | 재적재  4 | 중계율 0.22 | alpha 0.833 | complete
Ep 505 | 드론6 목적지77 | 1000스텝 | 배송 66/77 | 재적재 11 | 중계율 0.33 | alpha 0.844 | step_limit
Ep 506 | 드론6 목적지55 |  472스텝 | 배송 55/55 | 재적재  9 | 중계율 0.10 | alpha 0.847 | complete
Ep 507 | 드론3 목적지61 |  837스텝 | 배송 61/61 | 재적재 10 | 중계율 0.14 | alpha 0.825 | complete
Ep 508 | 드론4 목적지24 |  363스텝 | 배송 24/24 | 재적재  3 | 중계율 0.11 | alpha 0.828 | complete
Ep 509 | 드론3 목적지48 | 1000스텝 | 배송 45/48 | 재적재  8 | 중계율 0.26 | alpha 0.829 | step_limit
Ep 510 | 드론5 목적지71 |  911스텝 | 배송 71/71 | 재적재 12 | 중계율 0.21 | alpha 0.829 | complete
Ep 511 | 드론6 목적지39 |  397스텝 | 배송 39/39 | 재적재  5 | 중계율 0.17 | alpha 0.828 | complete
Ep 512 | 드론5 목적지29 |  275스텝 | 배송 29/29 | 재적재  4 | 중계율 0.08 | alpha 0.820 | complete
Ep 513 | 드론6 목적지46 |  384스텝 | 배송 46/46 | 재적재  6 | 중계율 0.11 | alpha 0.815 | complete
Ep 514 | 드론3 목적지49 | 1000스텝 | 배송 47/49 | 재적재  8 | 중계율 0.27 | alpha 0.803 | step_limit
Ep 515 | 드론3 목적지70 | 1000스텝 | 배송 60/70 | 재적재 11 | 중계율 0.24 | alpha 0.800 | step_limit
Ep 516 | 드론5 목적지63 |  962스텝 | 배송 63/63 | 재적재 12 | 중계율 0.25 | alpha 0.808 | complete
Ep 517 | 드론5 목적지44 |  510스텝 | 배송 44/44 | 재적재  7 | 중계율 0.18 | alpha 0.806 | complete
Ep 518 | 드론3 목적지57 | 1000스텝 | 배송 50/57 | 재적재  8 | 중계율 0.34 | alpha 0.809 | step_limit
Ep 519 | 드론6 목적지34 |  298스텝 | 배송 34/34 | 재적재  6 | 중계율 0.12 | alpha 0.813 | complete
Ep 520 | 드론4 목적지68 |  870스텝 | 배송 68/68 | 재적재 13 | 중계율 0.14 | alpha 0.806 | complete
Ep 521 | 드론5 목적지71 |  868스텝 | 배송 71/71 | 재적재 13 | 중계율 0.22 | alpha 0.812 | complete
Ep 522 | 드론4 목적지72 | 1000스텝 | 배송 69/72 | 재적재 12 | 중계율 0.22 | alpha 0.812 | step_limit
Ep 523 | 드론4 목적지27 |  405스텝 | 배송 27/27 | 재적재  4 | 중계율 0.18 | alpha 0.810 | complete
Ep 524 | 드론3 목적지37 | 1000스텝 | 배송 33/37 | 재적재  6 | 중계율 0.35 | alpha 0.824 | step_limit
Ep 525 | 드론3 목적지79 | 1000스텝 | 배송 52/79 | 재적재  9 | 중계율 0.24 | alpha 0.839 | step_limit
Ep 526 | 드론4 목적지39 |  941스텝 | 배송 39/39 | 재적재  7 | 중계율 0.29 | alpha 0.847 | complete
Ep 527 | 드론4 목적지42 |  808스텝 | 배송 42/42 | 재적재  8 | 중계율 0.27 | alpha 0.861 | complete
Ep 528 | 드론4 목적지51 |  614스텝 | 배송 51/51 | 재적재  7 | 중계율 0.15 | alpha 0.874 | complete
Ep 529 | 드론4 목적지21 |  685스텝 | 배송 21/21 | 재적재  2 | 중계율 0.24 | alpha 0.878 | complete
Ep 530 | 드론5 목적지34 |  342스텝 | 배송 34/34 | 재적재  4 | 중계율 0.10 | alpha 0.876 | complete
Ep 531 | 드론6 목적지64 |  632스텝 | 배송 64/64 | 재적재 10 | 중계율 0.17 | alpha 0.876 | complete
Ep 532 | 드론6 목적지78 |  559스텝 | 배송 78/78 | 재적재 13 | 중계율 0.09 | alpha 0.877 | complete
Ep 533 | 드론5 목적지68 |  955스텝 | 배송 68/68 | 재적재 12 | 중계율 0.23 | alpha 0.882 | complete
Ep 534 | 드론4 목적지25 |  455스텝 | 배송 25/25 | 재적재  3 | 중계율 0.21 | alpha 0.882 | complete
Ep 535 | 드론4 목적지25 |  432스텝 | 배송 25/25 | 재적재  3 | 중계율 0.12 | alpha 0.884 | complete
Ep 536 | 드론6 목적지71 |  531스텝 | 배송 71/71 | 재적재 12 | 중계율 0.12 | alpha 0.880 | complete
Ep 537 | 드론6 목적지31 |  325스텝 | 배송 31/31 | 재적재  4 | 중계율 0.13 | alpha 0.881 | complete
Ep 538 | 드론5 목적지55 |  653스텝 | 배송 55/55 | 재적재  9 | 중계율 0.17 | alpha 0.895 | complete
Ep 539 | 드론3 목적지46 |  899스텝 | 배송 46/46 | 재적재  9 | 중계율 0.19 | alpha 0.915 | complete
Ep 540 | 드론5 목적지50 |  406스텝 | 배송 50/50 | 재적재  7 | 중계율 0.11 | alpha 0.908 | complete
Ep 541 | 드론5 목적지25 |  276스텝 | 배송 25/25 | 재적재  3 | 중계율 0.10 | alpha 0.905 | complete
Ep 542 | 드론5 목적지65 |  639스텝 | 배송 65/65 | 재적재 10 | 중계율 0.14 | alpha 0.894 | complete
Ep 543 | 드론4 목적지32 |  342스텝 | 배송 32/32 | 재적재  4 | 중계율 0.11 | alpha 0.888 | complete
Ep 544 | 드론5 목적지60 |  969스텝 | 배송 60/60 | 재적재 10 | 중계율 0.20 | alpha 0.892 | complete
Ep 545 | 드론4 목적지74 | 1000스텝 | 배송 70/74 | 재적재 12 | 중계율 0.27 | alpha 0.882 | step_limit
Ep 546 | 드론4 목적지45 |  863스텝 | 배송 45/45 | 재적재  8 | 중계율 0.24 | alpha 0.887 | complete
Ep 547 | 드론4 목적지37 |  442스텝 | 배송 37/37 | 재적재  5 | 중계율 0.13 | alpha 0.896 | complete
Ep 548 | 드론4 목적지63 |  688스텝 | 배송 63/63 | 재적재 10 | 중계율 0.13 | alpha 0.898 | complete
Ep 549 | 드론6 목적지55 |  487스텝 | 배송 55/55 | 재적재  9 | 중계율 0.13 | alpha 0.902 | complete
Ep 550 | 드론5 목적지30 |  452스텝 | 배송 30/30 | 재적재  4 | 중계율 0.20 | alpha 0.898 | complete
  [홀드아웃] 배송 50.0±0.2 완주 0.97 스텝 1005 점수 104.1 재적재 8.4 2홉+ 0.63 | 최고 104.2@ep450 정체 2/15
Ep 551 | 드론6 목적지33 |  250스텝 | 배송 33/33 | 재적재  4 | 중계율 0.05 | alpha 0.895 | complete
Ep 552 | 드론6 목적지71 |  487스텝 | 배송 71/71 | 재적재 12 | 중계율 0.09 | alpha 0.890 | complete
Ep 553 | 드론6 목적지68 |  531스텝 | 배송 68/68 | 재적재 11 | 중계율 0.13 | alpha 0.881 | complete
Ep 554 | 드론4 목적지74 |  849스텝 | 배송 74/74 | 재적재 12 | 중계율 0.19 | alpha 0.870 | complete
Ep 555 | 드론5 목적지59 |  829스텝 | 배송 59/59 | 재적재 10 | 중계율 0.23 | alpha 0.867 | complete
Ep 556 | 드론5 목적지41 |  724스텝 | 배송 41/41 | 재적재  7 | 중계율 0.21 | alpha 0.872 | complete
Ep 557 | 드론4 목적지71 |  663스텝 | 배송 71/71 | 재적재 13 | 중계율 0.10 | alpha 0.864 | complete
Ep 558 | 드론5 목적지50 |  656스텝 | 배송 50/50 | 재적재  8 | 중계율 0.13 | alpha 0.868 | complete
Ep 559 | 드론5 목적지57 |  637스텝 | 배송 57/57 | 재적재 10 | 중계율 0.16 | alpha 0.879 | complete
Ep 560 | 드론5 목적지42 |  445스텝 | 배송 42/42 | 재적재  7 | 중계율 0.08 | alpha 0.880 | complete
Ep 561 | 드론5 목적지27 |  398스텝 | 배송 27/27 | 재적재  3 | 중계율 0.21 | alpha 0.881 | complete
Ep 562 | 드론6 목적지47 |  661스텝 | 배송 47/47 | 재적재  7 | 중계율 0.20 | alpha 0.888 | complete
Ep 563 | 드론4 목적지78 |  865스텝 | 배송 78/78 | 재적재 14 | 중계율 0.20 | alpha 0.875 | complete
Ep 564 | 드론5 목적지30 |  302스텝 | 배송 30/30 | 재적재  4 | 중계율 0.10 | alpha 0.881 | complete
Ep 565 | 드론6 목적지22 |  213스텝 | 배송 22/22 | 재적재  1 | 중계율 0.16 | alpha 0.889 | complete
Ep 566 | 드론4 목적지49 |  615스텝 | 배송 49/49 | 재적재  8 | 중계율 0.14 | alpha 0.889 | complete
Ep 567 | 드론4 목적지78 | 1000스텝 | 배송 71/78 | 재적재 12 | 중계율 0.24 | alpha 0.903 | step_limit
Ep 568 | 드론5 목적지67 | 1000스텝 | 배송 65/67 | 재적재 12 | 중계율 0.28 | alpha 0.897 | step_limit
Ep 569 | 드론6 목적지70 |  569스텝 | 배송 70/70 | 재적재 11 | 중계율 0.12 | alpha 0.902 | complete
Ep 570 | 드론4 목적지72 |  811스텝 | 배송 72/72 | 재적재 12 | 중계율 0.18 | alpha 0.891 | complete
Ep 571 | 드론6 목적지49 |  389스텝 | 배송 49/49 | 재적재  6 | 중계율 0.09 | alpha 0.884 | complete
Ep 572 | 드론6 목적지75 |  607스텝 | 배송 75/75 | 재적재 12 | 중계율 0.11 | alpha 0.892 | complete
Ep 573 | 드론5 목적지66 |  597스텝 | 배송 66/66 | 재적재 11 | 중계율 0.13 | alpha 0.891 | complete
Ep 574 | 드론5 목적지44 |  508스텝 | 배송 44/44 | 재적재  7 | 중계율 0.13 | alpha 0.889 | complete
Ep 575 | 드론6 목적지78 |  632스텝 | 배송 78/78 | 재적재 14 | 중계율 0.11 | alpha 0.882 | complete
Ep 576 | 드론3 목적지69 | 1000스텝 | 배송 59/69 | 재적재 10 | 중계율 0.28 | alpha 0.859 | step_limit
Ep 577 | 드론5 목적지24 |  241스텝 | 배송 24/24 | 재적재  2 | 중계율 0.13 | alpha 0.856 | complete
Ep 578 | 드론5 목적지32 |  421스텝 | 배송 32/32 | 재적재  4 | 중계율 0.10 | alpha 0.852 | complete
Ep 579 | 드론6 목적지26 |  228스텝 | 배송 26/26 | 재적재  2 | 중계율 0.10 | alpha 0.849 | complete
Ep 580 | 드론5 목적지60 |  794스텝 | 배송 60/60 | 재적재 11 | 중계율 0.13 | alpha 0.839 | complete
Ep 581 | 드론4 목적지47 |  935스텝 | 배송 47/47 | 재적재  8 | 중계율 0.27 | alpha 0.814 | complete
Ep 582 | 드론3 목적지36 |  661스텝 | 배송 36/36 | 재적재  5 | 중계율 0.20 | alpha 0.816 | complete
Ep 583 | 드론6 목적지65 |  513스텝 | 배송 65/65 | 재적재 12 | 중계율 0.09 | alpha 0.811 | complete
Ep 584 | 드론4 목적지54 |  932스텝 | 배송 54/54 | 재적재 10 | 중계율 0.23 | alpha 0.813 | complete
Ep 585 | 드론6 목적지72 |  622스텝 | 배송 72/72 | 재적재 12 | 중계율 0.17 | alpha 0.810 | complete
Ep 586 | 드론6 목적지37 |  528스텝 | 배송 37/37 | 재적재  4 | 중계율 0.17 | alpha 0.813 | complete
Ep 587 | 드론3 목적지49 | 1000스텝 | 배송 47/49 | 재적재  9 | 중계율 0.29 | alpha 0.816 | step_limit
Ep 588 | 드론4 목적지57 |  738스텝 | 배송 57/57 | 재적재  9 | 중계율 0.17 | alpha 0.815 | complete
Ep 589 | 드론3 목적지50 |  834스텝 | 배송 50/50 | 재적재  8 | 중계율 0.19 | alpha 0.814 | complete
Ep 590 | 드론4 목적지47 |  753스텝 | 배송 47/47 | 재적재  9 | 중계율 0.18 | alpha 0.807 | complete
Ep 591 | 드론6 목적지64 |  741스텝 | 배송 64/64 | 재적재 10 | 중계율 0.21 | alpha 0.790 | complete
Ep 592 | 드론5 목적지22 |  368스텝 | 배송 22/22 | 재적재  1 | 중계율 0.15 | alpha 0.790 | complete
Ep 593 | 드론5 목적지51 |  776스텝 | 배송 51/51 | 재적재  8 | 중계율 0.20 | alpha 0.793 | complete
Ep 594 | 드론3 목적지40 |  682스텝 | 배송 40/40 | 재적재  6 | 중계율 0.21 | alpha 0.793 | complete
Ep 595 | 드론5 목적지26 |  450스텝 | 배송 26/26 | 재적재  4 | 중계율 0.13 | alpha 0.801 | complete
Ep 596 | 드론6 목적지26 |  223스텝 | 배송 26/26 | 재적재  1 | 중계율 0.05 | alpha 0.805 | complete
Ep 597 | 드론4 목적지21 |  450스텝 | 배송 21/21 | 재적재  3 | 중계율 0.19 | alpha 0.809 | complete
Ep 598 | 드론4 목적지23 |  430스텝 | 배송 23/23 | 재적재  3 | 중계율 0.10 | alpha 0.815 | complete
Ep 599 | 드론4 목적지77 | 1000스텝 | 배송 66/77 | 재적재 11 | 중계율 0.25 | alpha 0.808 | step_limit
Ep 600 | 드론5 목적지68 | 1000스텝 | 배송 66/68 | 재적재 11 | 중계율 0.27 | alpha 0.801 | step_limit
  [홀드아웃] 배송 50.0±0.0 완주 1.00 스텝 945 점수 106.9 재적재 8.4 2홉+ 0.63 | 최고 106.9@ep600 정체 0/15  ← 갱신
Ep 601 | 드론4 목적지20 |  461스텝 | 배송 20/20 | 재적재  2 | 중계율 0.16 | alpha 0.792 | complete
Ep 602 | 드론5 목적지72 |  573스텝 | 배송 72/72 | 재적재 12 | 중계율 0.12 | alpha 0.784 | complete
Ep 603 | 드론6 목적지60 |  542스텝 | 배송 60/60 | 재적재 10 | 중계율 0.09 | alpha 0.778 | complete
Ep 604 | 드론5 목적지68 |  546스텝 | 배송 68/68 | 재적재 12 | 중계율 0.08 | alpha 0.773 | complete
Ep 605 | 드론4 목적지73 | 1000스텝 | 배송 68/73 | 재적재 11 | 중계율 0.30 | alpha 0.785 | step_limit
Ep 606 | 드론5 목적지51 |  671스텝 | 배송 51/51 | 재적재  8 | 중계율 0.21 | alpha 0.784 | complete
Ep 607 | 드론3 목적지48 |  898스텝 | 배송 48/48 | 재적재  8 | 중계율 0.21 | alpha 0.781 | complete
Ep 608 | 드론5 목적지67 |  517스텝 | 배송 67/67 | 재적재 11 | 중계율 0.08 | alpha 0.777 | complete
Ep 609 | 드론4 목적지51 |  906스텝 | 배송 51/51 | 재적재  9 | 중계율 0.23 | alpha 0.768 | complete
Ep 610 | 드론4 목적지72 |  764스텝 | 배송 72/72 | 재적재 14 | 중계율 0.12 | alpha 0.767 | complete
Ep 611 | 드론4 목적지77 | 1000스텝 | 배송 70/77 | 재적재 13 | 중계율 0.24 | alpha 0.762 | step_limit
Ep 612 | 드론3 목적지42 | 1000스텝 | 배송 41/42 | 재적재  7 | 중계율 0.31 | alpha 0.777 | step_limit
Ep 613 | 드론4 목적지40 |  430스텝 | 배송 40/40 | 재적재  7 | 중계율 0.08 | alpha 0.779 | complete
Ep 614 | 드론4 목적지42 | 1000스텝 | 배송 39/42 | 재적재  6 | 중계율 0.24 | alpha 0.783 | step_limit
Ep 615 | 드론4 목적지80 |  921스텝 | 배송 80/80 | 재적재 14 | 중계율 0.19 | alpha 0.776 | complete
Ep 616 | 드론5 목적지26 |  419스텝 | 배송 26/26 | 재적재  4 | 중계율 0.12 | alpha 0.772 | complete
Ep 617 | 드론6 목적지75 |  627스텝 | 배송 75/75 | 재적재 12 | 중계율 0.16 | alpha 0.768 | complete
Ep 618 | 드론4 목적지50 |  865스텝 | 배송 50/50 | 재적재  8 | 중계율 0.23 | alpha 0.753 | complete
Ep 619 | 드론5 목적지71 |  658스텝 | 배송 71/71 | 재적재 13 | 중계율 0.15 | alpha 0.741 | complete
Ep 620 | 드론6 목적지55 |  487스텝 | 배송 55/55 | 재적재 10 | 중계율 0.14 | alpha 0.744 | complete
Ep 621 | 드론4 목적지79 | 1000스텝 | 배송 75/79 | 재적재 13 | 중계율 0.20 | alpha 0.728 | step_limit
Ep 622 | 드론6 목적지56 |  688스텝 | 배송 56/56 | 재적재  9 | 중계율 0.19 | alpha 0.714 | complete
Ep 623 | 드론3 목적지33 |  615스텝 | 배송 33/33 | 재적재  5 | 중계율 0.17 | alpha 0.706 | complete
Ep 624 | 드론4 목적지72 | 1000스텝 | 배송 67/72 | 재적재 11 | 중계율 0.24 | alpha 0.692 | step_limit
Ep 625 | 드론6 목적지47 |  478스텝 | 배송 47/47 | 재적재  6 | 중계율 0.18 | alpha 0.693 | complete
Ep 626 | 드론3 목적지52 |  739스텝 | 배송 52/52 | 재적재 10 | 중계율 0.17 | alpha 0.685 | complete
Ep 627 | 드론5 목적지66 |  814스텝 | 배송 66/66 | 재적재 10 | 중계율 0.23 | alpha 0.676 | complete
Ep 628 | 드론4 목적지42 |  548스텝 | 배송 42/42 | 재적재  7 | 중계율 0.17 | alpha 0.670 | complete
Ep 629 | 드론3 목적지31 |  679스텝 | 배송 31/31 | 재적재  5 | 중계율 0.25 | alpha 0.667 | complete
Ep 630 | 드론4 목적지65 | 1000스텝 | 배송 61/65 | 재적재 11 | 중계율 0.21 | alpha 0.662 | step_limit
Ep 631 | 드론3 목적지20 |  469스텝 | 배송 20/20 | 재적재  3 | 중계율 0.15 | alpha 0.655 | complete
Ep 632 | 드론4 목적지38 |  732스텝 | 배송 38/38 | 재적재  4 | 중계율 0.27 | alpha 0.655 | complete
Ep 633 | 드론6 목적지67 |  613스텝 | 배송 67/67 | 재적재 11 | 중계율 0.08 | alpha 0.654 | complete
Ep 634 | 드론6 목적지47 |  457스텝 | 배송 47/47 | 재적재  6 | 중계율 0.09 | alpha 0.651 | complete
Ep 635 | 드론6 목적지30 |  254스텝 | 배송 30/30 | 재적재  4 | 중계율 0.07 | alpha 0.646 | complete
Ep 636 | 드론4 목적지29 |  793스텝 | 배송 29/29 | 재적재  5 | 중계율 0.22 | alpha 0.642 | complete
Ep 637 | 드론4 목적지71 | 1000스텝 | 배송 66/71 | 재적재 12 | 중계율 0.20 | alpha 0.639 | step_limit
Ep 638 | 드론6 목적지73 |  528스텝 | 배송 73/73 | 재적재 10 | 중계율 0.08 | alpha 0.639 | complete
Ep 639 | 드론5 목적지79 |  852스텝 | 배송 79/79 | 재적재 13 | 중계율 0.25 | alpha 0.637 | complete
Ep 640 | 드론3 목적지22 |  857스텝 | 배송 22/22 | 재적재  3 | 중계율 0.24 | alpha 0.640 | complete
Ep 641 | 드론5 목적지77 |  821스텝 | 배송 77/77 | 재적재 13 | 중계율 0.15 | alpha 0.636 | complete
Ep 642 | 드론5 목적지26 |  253스텝 | 배송 26/26 | 재적재  4 | 중계율 0.11 | alpha 0.636 | complete
Ep 643 | 드론6 목적지30 |  226스텝 | 배송 30/30 | 재적재  3 | 중계율 0.07 | alpha 0.638 | complete
Ep 644 | 드론4 목적지77 |  788스텝 | 배송 77/77 | 재적재 13 | 중계율 0.18 | alpha 0.632 | complete
Ep 645 | 드론4 목적지34 |  434스텝 | 배송 34/34 | 재적재  5 | 중계율 0.13 | alpha 0.626 | complete
Ep 646 | 드론5 목적지34 |  340스텝 | 배송 34/34 | 재적재  4 | 중계율 0.09 | alpha 0.623 | complete
Ep 647 | 드론3 목적지37 |  695스텝 | 배송 37/37 | 재적재  6 | 중계율 0.21 | alpha 0.604 | complete
Ep 648 | 드론4 목적지55 |  667스텝 | 배송 55/55 | 재적재  9 | 중계율 0.11 | alpha 0.601 | complete
Ep 649 | 드론3 목적지20 |  489스텝 | 배송 20/20 | 재적재  3 | 중계율 0.25 | alpha 0.596 | complete
Ep 650 | 드론5 목적지37 |  556스텝 | 배송 37/37 | 재적재  5 | 중계율 0.15 | alpha 0.589 | complete
  [홀드아웃] 배송 50.0±0.0 완주 1.00 스텝 1026 점수 106.6 재적재 8.5 2홉+ 0.64 | 최고 106.9@ep600 정체 1/15
Ep 651 | 드론3 목적지77 | 1000스텝 | 배송 60/77 | 재적재 11 | 중계율 0.21 | alpha 0.582 | step_limit
Ep 652 | 드론6 목적지57 |  511스텝 | 배송 57/57 | 재적재  9 | 중계율 0.13 | alpha 0.586 | complete
Ep 653 | 드론5 목적지38 |  358스텝 | 배송 38/38 | 재적재  5 | 중계율 0.14 | alpha 0.591 | complete
Ep 654 | 드론6 목적지45 |  486스텝 | 배송 45/45 | 재적재  7 | 중계율 0.10 | alpha 0.595 | complete
Ep 655 | 드론3 목적지40 |  785스텝 | 배송 40/40 | 재적재  7 | 중계율 0.19 | alpha 0.601 | complete
Ep 656 | 드론5 목적지31 |  366스텝 | 배송 31/31 | 재적재  4 | 중계율 0.08 | alpha 0.605 | complete
Ep 657 | 드론5 목적지26 |  563스텝 | 배송 26/26 | 재적재  4 | 중계율 0.24 | alpha 0.609 | complete
Ep 658 | 드론4 목적지39 |  759스텝 | 배송 39/39 | 재적재  6 | 중계율 0.20 | alpha 0.612 | complete
Ep 659 | 드론4 목적지51 |  900스텝 | 배송 51/51 | 재적재  9 | 중계율 0.25 | alpha 0.630 | complete
Ep 660 | 드론4 목적지51 |  712스텝 | 배송 51/51 | 재적재  8 | 중계율 0.29 | alpha 0.631 | complete
Ep 661 | 드론3 목적지38 |  850스텝 | 배송 38/38 | 재적재  6 | 중계율 0.27 | alpha 0.635 | complete
Ep 662 | 드론5 목적지43 |  452스텝 | 배송 43/43 | 재적재  6 | 중계율 0.11 | alpha 0.639 | complete
Ep 663 | 드론5 목적지57 |  741스텝 | 배송 57/57 | 재적재 10 | 중계율 0.19 | alpha 0.650 | complete
Ep 664 | 드론4 목적지27 |  416스텝 | 배송 27/27 | 재적재  3 | 중계율 0.16 | alpha 0.660 | complete
Ep 665 | 드론6 목적지59 |  455스텝 | 배송 59/59 | 재적재  8 | 중계율 0.10 | alpha 0.668 | complete
Ep 666 | 드론4 목적지72 |  809스텝 | 배송 72/72 | 재적재 13 | 중계율 0.16 | alpha 0.688 | complete
Ep 667 | 드론5 목적지45 |  438스텝 | 배송 45/45 | 재적재  6 | 중계율 0.11 | alpha 0.690 | complete
Ep 668 | 드론3 목적지65 | 1000스텝 | 배송 55/65 | 재적재  9 | 중계율 0.24 | alpha 0.709 | step_limit
Ep 669 | 드론4 목적지66 |  976스텝 | 배송 66/66 | 재적재 10 | 중계율 0.19 | alpha 0.712 | complete
Ep 670 | 드론6 목적지77 | 1000스텝 | 배송 76/77 | 재적재 14 | 중계율 0.22 | alpha 0.714 | step_limit
Ep 671 | 드론5 목적지58 |  738스텝 | 배송 58/58 | 재적재 10 | 중계율 0.22 | alpha 0.716 | complete
Ep 672 | 드론3 목적지43 |  975스텝 | 배송 43/43 | 재적재  8 | 중계율 0.22 | alpha 0.729 | complete
Ep 673 | 드론6 목적지68 |  515스텝 | 배송 68/68 | 재적재 11 | 중계율 0.14 | alpha 0.740 | complete
Ep 674 | 드론3 목적지52 |  941스텝 | 배송 52/52 | 재적재  9 | 중계율 0.20 | alpha 0.758 | complete
Ep 675 | 드론4 목적지42 |  963스텝 | 배송 42/42 | 재적재  6 | 중계율 0.32 | alpha 0.785 | complete
Ep 676 | 드론3 목적지45 |  661스텝 | 배송 45/45 | 재적재  8 | 중계율 0.14 | alpha 0.789 | complete
Ep 677 | 드론3 목적지41 |  663스텝 | 배송 41/41 | 재적재  7 | 중계율 0.18 | alpha 0.789 | complete
Ep 678 | 드론6 목적지79 |  675스텝 | 배송 79/79 | 재적재 12 | 중계율 0.21 | alpha 0.781 | complete
Ep 679 | 드론4 목적지24 |  563스텝 | 배송 24/24 | 재적재  3 | 중계율 0.31 | alpha 0.774 | complete
Ep 680 | 드론4 목적지52 |  871스텝 | 배송 52/52 | 재적재  7 | 중계율 0.30 | alpha 0.783 | complete
Ep 681 | 드론5 목적지77 |  881스텝 | 배송 77/77 | 재적재 14 | 중계율 0.18 | alpha 0.780 | complete
Ep 682 | 드론4 목적지49 |  504스텝 | 배송 49/49 | 재적재  8 | 중계율 0.13 | alpha 0.779 | complete
Ep 683 | 드론5 목적지63 |  704스텝 | 배송 63/63 | 재적재 11 | 중계율 0.19 | alpha 0.774 | complete
Ep 684 | 드론4 목적지37 |  459스텝 | 배송 37/37 | 재적재  5 | 중계율 0.21 | alpha 0.768 | complete
Ep 685 | 드론6 목적지56 |  552스텝 | 배송 56/56 | 재적재  7 | 중계율 0.13 | alpha 0.768 | complete
Ep 686 | 드론3 목적지28 |  913스텝 | 배송 28/28 | 재적재  4 | 중계율 0.31 | alpha 0.769 | complete
Ep 687 | 드론6 목적지77 |  539스텝 | 배송 77/77 | 재적재 11 | 중계율 0.10 | alpha 0.762 | complete
Ep 688 | 드론4 목적지45 |  657스텝 | 배송 45/45 | 재적재  7 | 중계율 0.19 | alpha 0.748 | complete
Ep 689 | 드론5 목적지70 |  766스텝 | 배송 70/70 | 재적재 12 | 중계율 0.18 | alpha 0.733 | complete
Ep 690 | 드론6 목적지62 |  616스텝 | 배송 62/62 | 재적재  9 | 중계율 0.11 | alpha 0.725 | complete
Ep 691 | 드론3 목적지31 |  565스텝 | 배송 31/31 | 재적재  4 | 중계율 0.22 | alpha 0.721 | complete
Ep 692 | 드론6 목적지61 |  564스텝 | 배송 61/61 | 재적재 10 | 중계율 0.13 | alpha 0.723 | complete
Ep 693 | 드론6 목적지60 |  542스텝 | 배송 60/60 | 재적재  9 | 중계율 0.17 | alpha 0.713 | complete
Ep 694 | 드론4 목적지33 |  499스텝 | 배송 33/33 | 재적재  4 | 중계율 0.22 | alpha 0.706 | complete
Ep 695 | 드론4 목적지29 |  609스텝 | 배송 29/29 | 재적재  4 | 중계율 0.24 | alpha 0.704 | complete
Ep 696 | 드론6 목적지28 |  314스텝 | 배송 28/28 | 재적재  4 | 중계율 0.11 | alpha 0.708 | complete
Ep 697 | 드론6 목적지35 |  309스텝 | 배송 35/35 | 재적재  5 | 중계율 0.12 | alpha 0.709 | complete
Ep 698 | 드론4 목적지32 |  650스텝 | 배송 32/32 | 재적재  4 | 중계율 0.29 | alpha 0.702 | complete
Ep 699 | 드론3 목적지62 | 1000스텝 | 배송 60/62 | 재적재 10 | 중계율 0.24 | alpha 0.692 | step_limit
Ep 700 | 드론4 목적지61 |  868스텝 | 배송 61/61 | 재적재 11 | 중계율 0.19 | alpha 0.683 | complete
  [홀드아웃] 배송 49.8±1.1 완주 0.95 스텝 964 점수 101.8 재적재 8.2 2홉+ 0.63 | 최고 106.9@ep600 정체 2/15
Ep 701 | 드론6 목적지72 |  680스텝 | 배송 72/72 | 재적재 12 | 중계율 0.13 | alpha 0.682 | complete
Ep 702 | 드론6 목적지34 |  583스텝 | 배송 34/34 | 재적재  5 | 중계율 0.20 | alpha 0.688 | complete
Ep 703 | 드론6 목적지32 |  333스텝 | 배송 32/32 | 재적재  5 | 중계율 0.19 | alpha 0.684 | complete
Ep 704 | 드론5 목적지74 |  712스텝 | 배송 74/74 | 재적재 14 | 중계율 0.14 | alpha 0.676 | complete
Ep 705 | 드론3 목적지38 |  817스텝 | 배송 38/38 | 재적재  6 | 중계율 0.25 | alpha 0.690 | complete
Ep 706 | 드론6 목적지30 |  263스텝 | 배송 30/30 | 재적재  4 | 중계율 0.10 | alpha 0.690 | complete
Ep 707 | 드론5 목적지31 |  467스텝 | 배송 31/31 | 재적재  4 | 중계율 0.14 | alpha 0.680 | complete
Ep 708 | 드론4 목적지63 |  833스텝 | 배송 63/63 | 재적재 11 | 중계율 0.25 | alpha 0.680 | complete
Ep 709 | 드론4 목적지20 |  412스텝 | 배송 20/20 | 재적재  2 | 중계율 0.23 | alpha 0.681 | complete
Ep 710 | 드론5 목적지78 |  822스텝 | 배송 78/78 | 재적재 15 | 중계율 0.14 | alpha 0.680 | complete
Ep 711 | 드론6 목적지58 |  575스텝 | 배송 58/58 | 재적재  9 | 중계율 0.16 | alpha 0.680 | complete
Ep 712 | 드론3 목적지75 | 1000스텝 | 배송 63/75 | 재적재 12 | 중계율 0.21 | alpha 0.677 | step_limit
Ep 713 | 드론3 목적지69 |  909스텝 | 배송 69/69 | 재적재 13 | 중계율 0.14 | alpha 0.662 | complete
Ep 714 | 드론3 목적지36 |  801스텝 | 배송 36/36 | 재적재  5 | 중계율 0.29 | alpha 0.651 | complete
Ep 715 | 드론3 목적지65 | 1000스텝 | 배송 60/65 | 재적재 10 | 중계율 0.23 | alpha 0.637 | step_limit
Ep 716 | 드론6 목적지36 |  340스텝 | 배송 36/36 | 재적재  6 | 중계율 0.09 | alpha 0.637 | complete
Ep 717 | 드론6 목적지56 |  595스텝 | 배송 56/56 | 재적재  8 | 중계율 0.18 | alpha 0.634 | complete
Ep 718 | 드론4 목적지69 |  833스텝 | 배송 69/69 | 재적재 13 | 중계율 0.19 | alpha 0.638 | complete
Ep 719 | 드론4 목적지21 |  247스텝 | 배송 21/21 | 재적재  2 | 중계율 0.11 | alpha 0.637 | complete
Ep 720 | 드론6 목적지45 |  553스텝 | 배송 45/45 | 재적재  6 | 중계율 0.17 | alpha 0.638 | complete
Ep 721 | 드론3 목적지30 |  541스텝 | 배송 30/30 | 재적재  5 | 중계율 0.20 | alpha 0.632 | complete
Ep 722 | 드론6 목적지47 |  395스텝 | 배송 47/47 | 재적재  7 | 중계율 0.08 | alpha 0.635 | complete
Ep 723 | 드론3 목적지51 | 1000스텝 | 배송 49/51 | 재적재  9 | 중계율 0.20 | alpha 0.641 | step_limit
Ep 724 | 드론5 목적지57 |  775스텝 | 배송 57/57 | 재적재 10 | 중계율 0.22 | alpha 0.648 | complete
Ep 725 | 드론5 목적지29 |  366스텝 | 배송 29/29 | 재적재  4 | 중계율 0.19 | alpha 0.646 | complete
Ep 726 | 드론6 목적지69 |  740스텝 | 배송 69/69 | 재적재 12 | 중계율 0.17 | alpha 0.644 | complete
Ep 727 | 드론5 목적지36 |  833스텝 | 배송 36/36 | 재적재  6 | 중계율 0.30 | alpha 0.639 | complete
Ep 728 | 드론4 목적지74 | 1000스텝 | 배송 70/74 | 재적재 12 | 중계율 0.27 | alpha 0.636 | step_limit
Ep 729 | 드론6 목적지64 |  572스텝 | 배송 64/64 | 재적재 11 | 중계율 0.15 | alpha 0.636 | complete
Ep 730 | 드론4 목적지70 |  918스텝 | 배송 70/70 | 재적재 13 | 중계율 0.19 | alpha 0.635 | complete
Ep 731 | 드론3 목적지48 |  927스텝 | 배송 48/48 | 재적재  9 | 중계율 0.21 | alpha 0.638 | complete
Ep 732 | 드론5 목적지37 |  515스텝 | 배송 37/37 | 재적재  4 | 중계율 0.24 | alpha 0.640 | complete
Ep 733 | 드론5 목적지67 |  537스텝 | 배송 67/67 | 재적재 10 | 중계율 0.10 | alpha 0.638 | complete
Ep 734 | 드론6 목적지54 |  912스텝 | 배송 54/54 | 재적재 10 | 중계율 0.27 | alpha 0.641 | complete
Ep 735 | 드론5 목적지57 |  787스텝 | 배송 57/57 | 재적재 10 | 중계율 0.26 | alpha 0.638 | complete
Ep 736 | 드론6 목적지39 |  444스텝 | 배송 39/39 | 재적재  5 | 중계율 0.09 | alpha 0.634 | complete
Ep 737 | 드론4 목적지29 |  538스텝 | 배송 29/29 | 재적재  4 | 중계율 0.13 | alpha 0.633 | complete
Ep 738 | 드론6 목적지68 |  594스텝 | 배송 68/68 | 재적재 10 | 중계율 0.10 | alpha 0.629 | complete
Ep 739 | 드론4 목적지20 |  502스텝 | 배송 20/20 | 재적재  2 | 중계율 0.29 | alpha 0.624 | complete
Ep 740 | 드론3 목적지69 | 1000스텝 | 배송 50/69 | 재적재  9 | 중계율 0.32 | alpha 0.616 | step_limit
Ep 741 | 드론6 목적지41 |  334스텝 | 배송 41/41 | 재적재  5 | 중계율 0.12 | alpha 0.615 | complete
Ep 742 | 드론4 목적지78 | 1000스텝 | 배송 76/78 | 재적재 14 | 중계율 0.21 | alpha 0.613 | step_limit
Ep 743 | 드론3 목적지39 |  840스텝 | 배송 39/39 | 재적재  7 | 중계율 0.28 | alpha 0.614 | complete
Ep 744 | 드론4 목적지57 |  723스텝 | 배송 57/57 | 재적재 10 | 중계율 0.17 | alpha 0.618 | complete
Ep 745 | 드론3 목적지76 | 1000스텝 | 배송 52/76 | 재적재 10 | 중계율 0.23 | alpha 0.613 | step_limit
Ep 746 | 드론4 목적지69 | 1000스텝 | 배송 63/69 | 재적재 11 | 중계율 0.27 | alpha 0.605 | step_limit
Ep 747 | 드론4 목적지33 |  638스텝 | 배송 33/33 | 재적재  5 | 중계율 0.18 | alpha 0.605 | complete
Ep 748 | 드론3 목적지30 |  432스텝 | 배송 30/30 | 재적재  3 | 중계율 0.18 | alpha 0.605 | complete
Ep 749 | 드론5 목적지32 |  573스텝 | 배송 32/32 | 재적재  5 | 중계율 0.22 | alpha 0.600 | complete
Ep 750 | 드론5 목적지61 |  480스텝 | 배송 61/61 | 재적재 10 | 중계율 0.13 | alpha 0.599 | complete
  [홀드아웃] 배송 50.0±0.3 완주 0.97 스텝 989 점수 104.2 재적재 8.4 2홉+ 0.63 | 최고 106.9@ep600 정체 3/15
Ep 751 | 드론5 목적지34 |  391스텝 | 배송 34/34 | 재적재  5 | 중계율 0.11 | alpha 0.599 | complete
Ep 752 | 드론6 목적지69 |  857스텝 | 배송 69/69 | 재적재 12 | 중계율 0.16 | alpha 0.594 | complete
Ep 753 | 드론4 목적지80 | 1000스텝 | 배송 77/80 | 재적재 14 | 중계율 0.21 | alpha 0.589 | step_limit
Ep 754 | 드론4 목적지29 |  356스텝 | 배송 29/29 | 재적재  4 | 중계율 0.09 | alpha 0.582 | complete
Ep 755 | 드론3 목적지43 |  848스텝 | 배송 43/43 | 재적재  7 | 중계율 0.15 | alpha 0.591 | complete
Ep 756 | 드론6 목적지30 |  334스텝 | 배송 30/30 | 재적재  4 | 중계율 0.12 | alpha 0.588 | complete
Ep 757 | 드론6 목적지37 |  489스텝 | 배송 37/37 | 재적재  6 | 중계율 0.13 | alpha 0.588 | complete
Ep 758 | 드론4 목적지51 |  730스텝 | 배송 51/51 | 재적재  9 | 중계율 0.16 | alpha 0.573 | complete
Ep 759 | 드론5 목적지23 |  355스텝 | 배송 23/23 | 재적재  2 | 중계율 0.15 | alpha 0.566 | complete
Ep 760 | 드론5 목적지60 | 1000스텝 | 배송 56/60 | 재적재  9 | 중계율 0.24 | alpha 0.571 | step_limit
Ep 761 | 드론3 목적지77 | 1000스텝 | 배송 52/77 | 재적재  9 | 중계율 0.23 | alpha 0.560 | step_limit
Ep 762 | 드론5 목적지26 |  379스텝 | 배송 26/26 | 재적재  3 | 중계율 0.21 | alpha 0.563 | complete
Ep 763 | 드론5 목적지70 |  849스텝 | 배송 70/70 | 재적재 12 | 중계율 0.14 | alpha 0.580 | complete
Ep 764 | 드론6 목적지32 |  527스텝 | 배송 32/32 | 재적재  4 | 중계율 0.30 | alpha 0.585 | complete
Ep 765 | 드론5 목적지23 |  786스텝 | 배송 23/23 | 재적재  3 | 중계율 0.20 | alpha 0.596 | complete
Ep 766 | 드론6 목적지51 |  467스텝 | 배송 51/51 | 재적재  8 | 중계율 0.09 | alpha 0.596 | complete
Ep 767 | 드론4 목적지49 | 1000스텝 | 배송 47/49 | 재적재  8 | 중계율 0.24 | alpha 0.600 | step_limit
Ep 768 | 드론3 목적지72 | 1000스텝 | 배송 65/72 | 재적재 10 | 중계율 0.26 | alpha 0.623 | step_limit
Ep 769 | 드론6 목적지22 |  215스텝 | 배송 22/22 | 재적재  1 | 중계율 0.12 | alpha 0.624 | complete
Ep 770 | 드론6 목적지53 |  347스텝 | 배송 53/53 | 재적재  7 | 중계율 0.07 | alpha 0.623 | complete
Ep 771 | 드론5 목적지38 |  552스텝 | 배송 38/38 | 재적재  5 | 중계율 0.14 | alpha 0.627 | complete
Ep 772 | 드론4 목적지36 |  609스텝 | 배송 36/36 | 재적재  6 | 중계율 0.20 | alpha 0.639 | complete
Ep 773 | 드론6 목적지21 |  230스텝 | 배송 21/21 | 재적재  0 | 중계율 0.14 | alpha 0.641 | complete
Ep 774 | 드론6 목적지46 |  341스텝 | 배송 46/46 | 재적재  6 | 중계율 0.11 | alpha 0.639 | complete
Ep 775 | 드론6 목적지41 |  471스텝 | 배송 41/41 | 재적재  6 | 중계율 0.17 | alpha 0.646 | complete
Ep 776 | 드론5 목적지48 |  515스텝 | 배송 48/48 | 재적재  7 | 중계율 0.12 | alpha 0.646 | complete
Ep 777 | 드론4 목적지20 |  460스텝 | 배송 20/20 | 재적재  3 | 중계율 0.16 | alpha 0.649 | complete
Ep 778 | 드론5 목적지57 | 1000스텝 | 배송 55/57 | 재적재 10 | 중계율 0.24 | alpha 0.652 | step_limit
Ep 779 | 드론6 목적지79 |  842스텝 | 배송 79/79 | 재적재 15 | 중계율 0.21 | alpha 0.651 | complete
Ep 780 | 드론3 목적지68 | 1000스텝 | 배송 62/68 | 재적재 11 | 중계율 0.22 | alpha 0.658 | step_limit
Ep 781 | 드론5 목적지50 |  566스텝 | 배송 50/50 | 재적재  8 | 중계율 0.16 | alpha 0.652 | complete
Ep 782 | 드론5 목적지45 |  775스텝 | 배송 45/45 | 재적재  7 | 중계율 0.28 | alpha 0.642 | complete
Ep 783 | 드론3 목적지28 |  486스텝 | 배송 28/28 | 재적재  4 | 중계율 0.15 | alpha 0.637 | complete
Ep 784 | 드론6 목적지58 |  554스텝 | 배송 58/58 | 재적재  9 | 중계율 0.14 | alpha 0.633 | complete
Ep 785 | 드론4 목적지49 |  888스텝 | 배송 49/49 | 재적재  8 | 중계율 0.18 | alpha 0.618 | complete
Ep 786 | 드론4 목적지53 | 1000스텝 | 배송 50/53 | 재적재  9 | 중계율 0.29 | alpha 0.624 | step_limit
Ep 787 | 드론4 목적지47 |  805스텝 | 배송 47/47 | 재적재  8 | 중계율 0.21 | alpha 0.617 | complete
Ep 788 | 드론6 목적지75 |  670스텝 | 배송 75/75 | 재적재 13 | 중계율 0.17 | alpha 0.602 | complete
Ep 789 | 드론3 목적지79 | 1000스텝 | 배송 72/79 | 재적재 13 | 중계율 0.20 | alpha 0.602 | step_limit
Ep 790 | 드론3 목적지65 | 1000스텝 | 배송 62/65 | 재적재 12 | 중계율 0.25 | alpha 0.616 | step_limit
Ep 791 | 드론3 목적지21 |  467스텝 | 배송 21/21 | 재적재  3 | 중계율 0.16 | alpha 0.615 | complete
Ep 792 | 드론4 목적지50 |  586스텝 | 배송 50/50 | 재적재  8 | 중계율 0.10 | alpha 0.618 | complete
Ep 793 | 드론6 목적지27 |  248스텝 | 배송 27/27 | 재적재  1 | 중계율 0.13 | alpha 0.620 | complete
Ep 794 | 드론3 목적지74 | 1000스텝 | 배송 62/74 | 재적재 12 | 중계율 0.25 | alpha 0.628 | step_limit
Ep 795 | 드론3 목적지58 | 1000스텝 | 배송 52/58 | 재적재  8 | 중계율 0.24 | alpha 0.634 | step_limit
Ep 796 | 드론4 목적지23 |  457스텝 | 배송 23/23 | 재적재  2 | 중계율 0.20 | alpha 0.638 | complete
Ep 797 | 드론5 목적지34 |  383스텝 | 배송 34/34 | 재적재  4 | 중계율 0.11 | alpha 0.639 | complete
Ep 798 | 드론4 목적지60 |  714스텝 | 배송 60/60 | 재적재 11 | 중계율 0.13 | alpha 0.639 | complete
Ep 799 | 드론3 목적지33 | 1000스텝 | 배송 31/33 | 재적재  5 | 중계율 0.29 | alpha 0.624 | step_limit
Ep 800 | 드론5 목적지50 |  469스텝 | 배송 50/50 | 재적재  8 | 중계율 0.11 | alpha 0.620 | complete
  [홀드아웃] 배송 49.7±1.1 완주 0.93 스텝 1017 점수 99.1 재적재 8.3 2홉+ 0.64 | 최고 106.9@ep600 정체 4/15
Ep 801 | 드론5 목적지57 |  668스텝 | 배송 57/57 | 재적재 10 | 중계율 0.15 | alpha 0.612 | complete
Ep 802 | 드론4 목적지68 |  889스텝 | 배송 68/68 | 재적재 12 | 중계율 0.22 | alpha 0.605 | complete
Ep 803 | 드론4 목적지80 |  974스텝 | 배송 80/80 | 재적재 14 | 중계율 0.19 | alpha 0.613 | complete
Ep 804 | 드론6 목적지65 |  505스텝 | 배송 65/65 | 재적재 11 | 중계율 0.16 | alpha 0.610 | complete
Ep 805 | 드론6 목적지78 |  647스텝 | 배송 78/78 | 재적재 12 | 중계율 0.13 | alpha 0.608 | complete
Ep 806 | 드론6 목적지73 |  499스텝 | 배송 73/73 | 재적재 12 | 중계율 0.10 | alpha 0.617 | complete
Ep 807 | 드론6 목적지69 |  547스텝 | 배송 69/69 | 재적재 11 | 중계율 0.11 | alpha 0.617 | complete
Ep 808 | 드론4 목적지26 |  840스텝 | 배송 26/26 | 재적재  4 | 중계율 0.30 | alpha 0.610 | complete
Ep 809 | 드론4 목적지70 |  675스텝 | 배송 70/70 | 재적재 11 | 중계율 0.12 | alpha 0.607 | complete
Ep 810 | 드론4 목적지68 |  683스텝 | 배송 68/68 | 재적재 10 | 중계율 0.13 | alpha 0.616 | complete
Ep 811 | 드론3 목적지58 |  854스텝 | 배송 58/58 | 재적재 11 | 중계율 0.16 | alpha 0.617 | complete
Ep 812 | 드론4 목적지33 |  580스텝 | 배송 33/33 | 재적재  6 | 중계율 0.19 | alpha 0.613 | complete
Ep 813 | 드론4 목적지41 |  563스텝 | 배송 41/41 | 재적재  7 | 중계율 0.15 | alpha 0.609 | complete
Ep 814 | 드론4 목적지24 |  726스텝 | 배송 24/24 | 재적재  3 | 중계율 0.35 | alpha 0.606 | complete
Ep 815 | 드론3 목적지38 |  832스텝 | 배송 38/38 | 재적재  6 | 중계율 0.20 | alpha 0.608 | complete
Ep 816 | 드론3 목적지25 |  475스텝 | 배송 25/25 | 재적재  3 | 중계율 0.21 | alpha 0.590 | complete
Ep 817 | 드론4 목적지53 |  637스텝 | 배송 53/53 | 재적재  9 | 중계율 0.12 | alpha 0.584 | complete
Ep 818 | 드론5 목적지28 |  285스텝 | 배송 28/28 | 재적재  3 | 중계율 0.12 | alpha 0.576 | complete
Ep 819 | 드론6 목적지23 |  266스텝 | 배송 23/23 | 재적재  2 | 중계율 0.12 | alpha 0.576 | complete
Ep 820 | 드론4 목적지74 | 1000스텝 | 배송 67/74 | 재적재 13 | 중계율 0.24 | alpha 0.592 | step_limit
Ep 821 | 드론4 목적지79 | 1000스텝 | 배송 77/79 | 재적재 14 | 중계율 0.23 | alpha 0.585 | step_limit
Ep 822 | 드론4 목적지20 |  427스텝 | 배송 20/20 | 재적재  3 | 중계율 0.17 | alpha 0.587 | complete
Ep 823 | 드론5 목적지61 |  734스텝 | 배송 61/61 | 재적재 10 | 중계율 0.21 | alpha 0.585 | complete
Ep 824 | 드론3 목적지25 |  537스텝 | 배송 25/25 | 재적재  4 | 중계율 0.20 | alpha 0.587 | complete
Ep 825 | 드론3 목적지41 |  733스텝 | 배송 41/41 | 재적재  6 | 중계율 0.22 | alpha 0.582 | complete
Ep 826 | 드론3 목적지53 | 1000스텝 | 배송 46/53 | 재적재  9 | 중계율 0.30 | alpha 0.576 | step_limit
Ep 827 | 드론4 목적지44 |  870스텝 | 배송 44/44 | 재적재  7 | 중계율 0.25 | alpha 0.569 | complete
Ep 828 | 드론4 목적지24 |  494스텝 | 배송 24/24 | 재적재  3 | 중계율 0.16 | alpha 0.560 | complete
Ep 829 | 드론6 목적지53 |  457스텝 | 배송 53/53 | 재적재  9 | 중계율 0.11 | alpha 0.556 | complete
Ep 830 | 드론6 목적지66 |  588스텝 | 배송 66/66 | 재적재  9 | 중계율 0.13 | alpha 0.560 | complete
Ep 831 | 드론5 목적지69 |  727스텝 | 배송 69/69 | 재적재 11 | 중계율 0.12 | alpha 0.560 | complete
Ep 832 | 드론5 목적지69 |  688스텝 | 배송 69/69 | 재적재 12 | 중계율 0.14 | alpha 0.564 | complete
Ep 833 | 드론6 목적지72 |  743스텝 | 배송 72/72 | 재적재 12 | 중계율 0.20 | alpha 0.562 | complete
Ep 834 | 드론4 목적지71 | 1000스텝 | 배송 65/71 | 재적재 11 | 중계율 0.28 | alpha 0.571 | step_limit
Ep 835 | 드론3 목적지56 | 1000스텝 | 배송 55/56 | 재적재  9 | 중계율 0.20 | alpha 0.573 | step_limit
Ep 836 | 드론6 목적지30 |  380스텝 | 배송 30/30 | 재적재  4 | 중계율 0.11 | alpha 0.577 | complete
Ep 837 | 드론3 목적지73 | 1000스텝 | 배송 56/73 | 재적재 10 | 중계율 0.26 | alpha 0.592 | step_limit
Ep 838 | 드론5 목적지56 |  443스텝 | 배송 56/56 | 재적재  8 | 중계율 0.08 | alpha 0.595 | complete
Ep 839 | 드론4 목적지20 |  434스텝 | 배송 20/20 | 재적재  3 | 중계율 0.17 | alpha 0.605 | complete
Ep 840 | 드론3 목적지33 |  498스텝 | 배송 33/33 | 재적재  5 | 중계율 0.11 | alpha 0.608 | complete
Ep 841 | 드론4 목적지31 |  618스텝 | 배송 31/31 | 재적재  4 | 중계율 0.21 | alpha 0.615 | complete
Ep 842 | 드론3 목적지68 | 1000스텝 | 배송 56/68 | 재적재  9 | 중계율 0.21 | alpha 0.630 | step_limit
Ep 843 | 드론6 목적지51 |  570스텝 | 배송 51/51 | 재적재  9 | 중계율 0.20 | alpha 0.638 | complete
Ep 844 | 드론4 목적지37 |  432스텝 | 배송 37/37 | 재적재  4 | 중계율 0.11 | alpha 0.634 | complete
Ep 845 | 드론6 목적지74 |  484스텝 | 배송 74/74 | 재적재 12 | 중계율 0.07 | alpha 0.638 | complete
Ep 846 | 드론3 목적지32 |  512스텝 | 배송 32/32 | 재적재  6 | 중계율 0.15 | alpha 0.641 | complete
Ep 847 | 드론5 목적지25 |  234스텝 | 배송 25/25 | 재적재  3 | 중계율 0.08 | alpha 0.638 | complete
Ep 848 | 드론3 목적지44 | 1000스텝 | 배송 43/44 | 재적재  8 | 중계율 0.26 | alpha 0.623 | step_limit
Ep 849 | 드론5 목적지28 |  441스텝 | 배송 28/28 | 재적재  4 | 중계율 0.20 | alpha 0.625 | complete
Ep 850 | 드론3 목적지47 |  805스텝 | 배송 47/47 | 재적재  8 | 중계율 0.19 | alpha 0.620 | complete
  [홀드아웃] 배송 49.9±0.5 완주 0.93 스텝 980 점수 99.2 재적재 8.3 2홉+ 0.63 | 최고 106.9@ep600 정체 5/15
Ep 851 | 드론3 목적지39 |  640스텝 | 배송 39/39 | 재적재  6 | 중계율 0.18 | alpha 0.614 | complete
Ep 852 | 드론4 목적지68 | 1000스텝 | 배송 56/68 | 재적재  8 | 중계율 0.31 | alpha 0.617 | step_limit
Ep 853 | 드론4 목적지65 | 1000스텝 | 배송 62/65 | 재적재 11 | 중계율 0.26 | alpha 0.623 | step_limit
Ep 854 | 드론5 목적지61 |  762스텝 | 배송 61/61 | 재적재 10 | 중계율 0.22 | alpha 0.625 | complete
Ep 855 | 드론5 목적지22 |  293스텝 | 배송 22/22 | 재적재  2 | 중계율 0.10 | alpha 0.625 | complete
Ep 856 | 드론5 목적지59 |  570스텝 | 배송 59/59 | 재적재  8 | 중계율 0.13 | alpha 0.628 | complete
Ep 857 | 드론3 목적지69 | 1000스텝 | 배송 57/69 | 재적재 10 | 중계율 0.26 | alpha 0.629 | step_limit
Ep 858 | 드론6 목적지35 |  314스텝 | 배송 35/35 | 재적재  5 | 중계율 0.10 | alpha 0.628 | complete
Ep 859 | 드론3 목적지20 |  634스텝 | 배송 20/20 | 재적재  2 | 중계율 0.30 | alpha 0.622 | complete
Ep 860 | 드론5 목적지42 |  555스텝 | 배송 42/42 | 재적재  5 | 중계율 0.22 | alpha 0.618 | complete
Ep 861 | 드론4 목적지58 |  750스텝 | 배송 58/58 | 재적재 10 | 중계율 0.18 | alpha 0.614 | complete
Ep 862 | 드론3 목적지39 |  669스텝 | 배송 39/39 | 재적재  6 | 중계율 0.19 | alpha 0.611 | complete
Ep 863 | 드론5 목적지77 |  868스텝 | 배송 77/77 | 재적재 14 | 중계율 0.22 | alpha 0.609 | complete
Ep 864 | 드론6 목적지37 |  573스텝 | 배송 37/37 | 재적재  4 | 중계율 0.18 | alpha 0.603 | complete
Ep 865 | 드론4 목적지33 |  530스텝 | 배송 33/33 | 재적재  5 | 중계율 0.21 | alpha 0.603 | complete
Ep 866 | 드론5 목적지40 |  432스텝 | 배송 40/40 | 재적재  5 | 중계율 0.09 | alpha 0.600 | complete
Ep 867 | 드론6 목적지34 |  324스텝 | 배송 34/34 | 재적재  6 | 중계율 0.10 | alpha 0.597 | complete
Ep 868 | 드론3 목적지34 |  751스텝 | 배송 34/34 | 재적재  6 | 중계율 0.13 | alpha 0.597 | complete
Ep 869 | 드론3 목적지76 | 1000스텝 | 배송 67/76 | 재적재 12 | 중계율 0.20 | alpha 0.592 | step_limit
Ep 870 | 드론4 목적지42 |  724스텝 | 배송 42/42 | 재적재  6 | 중계율 0.21 | alpha 0.596 | complete
Ep 871 | 드론3 목적지47 |  913스텝 | 배송 47/47 | 재적재  8 | 중계율 0.23 | alpha 0.592 | complete
Ep 872 | 드론5 목적지22 |  196스텝 | 배송 22/22 | 재적재  1 | 중계율 0.12 | alpha 0.596 | complete
Ep 873 | 드론5 목적지60 |  815스텝 | 배송 60/60 | 재적재 10 | 중계율 0.23 | alpha 0.594 | complete
Ep 874 | 드론6 목적지45 |  329스텝 | 배송 45/45 | 재적재  6 | 중계율 0.08 | alpha 0.599 | complete
Ep 875 | 드론6 목적지32 |  311스텝 | 배송 32/32 | 재적재  4 | 중계율 0.12 | alpha 0.599 | complete
Ep 876 | 드론3 목적지49 |  700스텝 | 배송 49/49 | 재적재  8 | 중계율 0.14 | alpha 0.603 | complete
Ep 877 | 드론6 목적지77 |  591스텝 | 배송 77/77 | 재적재 12 | 중계율 0.15 | alpha 0.609 | complete
Ep 878 | 드론5 목적지44 |  851스텝 | 배송 44/44 | 재적재  6 | 중계율 0.26 | alpha 0.603 | complete
Ep 879 | 드론3 목적지79 | 1000스텝 | 배송 58/79 | 재적재  9 | 중계율 0.24 | alpha 0.598 | step_limit
Ep 880 | 드론5 목적지32 |  318스텝 | 배송 32/32 | 재적재  5 | 중계율 0.10 | alpha 0.602 | complete
Ep 881 | 드론6 목적지74 |  888스텝 | 배송 74/74 | 재적재 12 | 중계율 0.21 | alpha 0.607 | complete
Ep 882 | 드론4 목적지76 | 1000스텝 | 배송 70/76 | 재적재 13 | 중계율 0.20 | alpha 0.608 | step_limit
Ep 883 | 드론6 목적지50 |  644스텝 | 배송 50/50 | 재적재  9 | 중계율 0.17 | alpha 0.599 | complete
Ep 884 | 드론6 목적지56 |  568스텝 | 배송 56/56 | 재적재  9 | 중계율 0.10 | alpha 0.598 | complete
Ep 885 | 드론3 목적지44 |  794스텝 | 배송 44/44 | 재적재  7 | 중계율 0.23 | alpha 0.603 | complete
Ep 886 | 드론6 목적지76 |  620스텝 | 배송 76/76 | 재적재 13 | 중계율 0.11 | alpha 0.606 | complete
Ep 887 | 드론4 목적지67 | 1000스텝 | 배송 60/67 | 재적재 10 | 중계율 0.22 | alpha 0.616 | step_limit
Ep 888 | 드론3 목적지71 | 1000스텝 | 배송 55/71 | 재적재 11 | 중계율 0.26 | alpha 0.619 | step_limit
Ep 889 | 드론3 목적지32 |  510스텝 | 배송 32/32 | 재적재  5 | 중계율 0.17 | alpha 0.612 | complete
Ep 890 | 드론5 목적지62 |  503스텝 | 배송 62/62 | 재적재 10 | 중계율 0.12 | alpha 0.607 | complete
Ep 891 | 드론3 목적지78 | 1000스텝 | 배송 70/78 | 재적재 13 | 중계율 0.24 | alpha 0.606 | step_limit
Ep 892 | 드론4 목적지39 |  501스텝 | 배송 39/39 | 재적재  5 | 중계율 0.10 | alpha 0.607 | complete
Ep 893 | 드론4 목적지65 |  825스텝 | 배송 65/65 | 재적재 12 | 중계율 0.17 | alpha 0.607 | complete
Ep 894 | 드론6 목적지47 |  460스텝 | 배송 47/47 | 재적재  8 | 중계율 0.08 | alpha 0.607 | complete
Ep 895 | 드론6 목적지64 |  535스텝 | 배송 64/64 | 재적재 11 | 중계율 0.12 | alpha 0.615 | complete
Ep 896 | 드론5 목적지41 |  555스텝 | 배송 41/41 | 재적재  6 | 중계율 0.23 | alpha 0.609 | complete
Ep 897 | 드론6 목적지77 |  550스텝 | 배송 77/77 | 재적재 12 | 중계율 0.07 | alpha 0.615 | complete
Ep 898 | 드론4 목적지29 |  532스텝 | 배송 29/29 | 재적재  5 | 중계율 0.22 | alpha 0.615 | complete
Ep 899 | 드론3 목적지31 |  661스텝 | 배송 31/31 | 재적재  4 | 중계율 0.21 | alpha 0.613 | complete
Ep 900 | 드론3 목적지69 | 1000스텝 | 배송 54/69 | 재적재 10 | 중계율 0.23 | alpha 0.631 | step_limit
  [홀드아웃] 배송 50.0±0.0 완주 1.00 스텝 978 점수 106.7 재적재 8.3 2홉+ 0.63 | 최고 106.9@ep600 정체 6/15
Ep 901 | 드론6 목적지26 |  419스텝 | 배송 26/26 | 재적재  2 | 중계율 0.18 | alpha 0.632 | complete
Ep 902 | 드론6 목적지58 |  485스텝 | 배송 58/58 | 재적재  9 | 중계율 0.12 | alpha 0.628 | complete
Ep 903 | 드론3 목적지41 |  891스텝 | 배송 41/41 | 재적재  7 | 중계율 0.28 | alpha 0.639 | complete
Ep 904 | 드론6 목적지47 |  366스텝 | 배송 47/47 | 재적재  8 | 중계율 0.06 | alpha 0.643 | complete
Ep 905 | 드론3 목적지63 | 1000스텝 | 배송 59/63 | 재적재 10 | 중계율 0.28 | alpha 0.655 | step_limit
Ep 906 | 드론5 목적지64 |  833스텝 | 배송 64/64 | 재적재 10 | 중계율 0.21 | alpha 0.651 | complete
Ep 907 | 드론3 목적지80 | 1000스텝 | 배송 74/80 | 재적재 13 | 중계율 0.18 | alpha 0.656 | step_limit
Ep 908 | 드론6 목적지49 |  454스텝 | 배송 49/49 | 재적재  6 | 중계율 0.11 | alpha 0.653 | complete
Ep 909 | 드론3 목적지68 | 1000스텝 | 배송 56/68 | 재적재  9 | 중계율 0.28 | alpha 0.652 | step_limit
Ep 910 | 드론6 목적지69 |  595스텝 | 배송 69/69 | 재적재 11 | 중계율 0.14 | alpha 0.648 | complete
Ep 911 | 드론3 목적지22 |  431스텝 | 배송 22/22 | 재적재  3 | 중계율 0.13 | alpha 0.649 | complete
Ep 912 | 드론4 목적지71 | 1000스텝 | 배송 56/71 | 재적재  9 | 중계율 0.31 | alpha 0.633 | step_limit
Ep 913 | 드론3 목적지48 |  780스텝 | 배송 48/48 | 재적재  9 | 중계율 0.17 | alpha 0.637 | complete
Ep 914 | 드론3 목적지64 | 1000스텝 | 배송 60/64 | 재적재 10 | 중계율 0.25 | alpha 0.634 | step_limit
Ep 915 | 드론6 목적지58 |  742스텝 | 배송 58/58 | 재적재  9 | 중계율 0.18 | alpha 0.639 | complete
Ep 916 | 드론4 목적지21 |  315스텝 | 배송 21/21 | 재적재  2 | 중계율 0.15 | alpha 0.640 | complete
Ep 917 | 드론5 목적지75 |  992스텝 | 배송 75/75 | 재적재 12 | 중계율 0.28 | alpha 0.621 | complete
Ep 918 | 드론6 목적지22 |  309스텝 | 배송 22/22 | 재적재  2 | 중계율 0.19 | alpha 0.623 | complete
Ep 919 | 드론5 목적지73 |  684스텝 | 배송 73/73 | 재적재 11 | 중계율 0.15 | alpha 0.625 | complete
Ep 920 | 드론3 목적지79 | 1000스텝 | 배송 60/79 | 재적재 10 | 중계율 0.28 | alpha 0.642 | step_limit
Ep 921 | 드론4 목적지27 |  296스텝 | 배송 27/27 | 재적재  3 | 중계율 0.06 | alpha 0.641 | complete
Ep 922 | 드론4 목적지20 |  477스텝 | 배송 20/20 | 재적재  3 | 중계율 0.13 | alpha 0.648 | complete
Ep 923 | 드론5 목적지51 |  710스텝 | 배송 51/51 | 재적재  8 | 중계율 0.15 | alpha 0.654 | complete
Ep 924 | 드론6 목적지68 |  497스텝 | 배송 68/68 | 재적재 10 | 중계율 0.09 | alpha 0.651 | complete
Ep 925 | 드론6 목적지30 |  459스텝 | 배송 30/30 | 재적재  4 | 중계율 0.17 | alpha 0.643 | complete
Ep 926 | 드론6 목적지31 |  243스텝 | 배송 31/31 | 재적재  5 | 중계율 0.06 | alpha 0.640 | complete
Ep 927 | 드론3 목적지62 | 1000스텝 | 배송 58/62 | 재적재 11 | 중계율 0.23 | alpha 0.637 | step_limit
Ep 928 | 드론3 목적지51 |  977스텝 | 배송 51/51 | 재적재  8 | 중계율 0.27 | alpha 0.635 | complete
Ep 929 | 드론6 목적지34 |  260스텝 | 배송 34/34 | 재적재  4 | 중계율 0.08 | alpha 0.634 | complete
Ep 930 | 드론4 목적지57 |  619스텝 | 배송 57/57 | 재적재 11 | 중계율 0.08 | alpha 0.636 | complete
Ep 931 | 드론4 목적지52 |  653스텝 | 배송 52/52 | 재적재  9 | 중계율 0.08 | alpha 0.642 | complete
Ep 932 | 드론6 목적지27 |  262스텝 | 배송 27/27 | 재적재  2 | 중계율 0.09 | alpha 0.646 | complete
Ep 933 | 드론6 목적지71 |  642스텝 | 배송 71/71 | 재적재 11 | 중계율 0.16 | alpha 0.653 | complete
Ep 934 | 드론6 목적지65 |  948스텝 | 배송 65/65 | 재적재 11 | 중계율 0.21 | alpha 0.662 | complete
Ep 935 | 드론4 목적지29 |  709스텝 | 배송 29/29 | 재적재  4 | 중계율 0.24 | alpha 0.668 | complete
Ep 936 | 드론3 목적지44 |  825스텝 | 배송 44/44 | 재적재  7 | 중계율 0.19 | alpha 0.659 | complete
Ep 937 | 드론3 목적지22 |  715스텝 | 배송 22/22 | 재적재  4 | 중계율 0.29 | alpha 0.651 | complete
Ep 938 | 드론4 목적지44 |  779스텝 | 배송 44/44 | 재적재  7 | 중계율 0.27 | alpha 0.641 | complete
Ep 939 | 드론5 목적지68 |  986스텝 | 배송 68/68 | 재적재 11 | 중계율 0.22 | alpha 0.630 | complete
Ep 940 | 드론5 목적지43 | 1000스텝 | 배송 38/43 | 재적재  6 | 중계율 0.28 | alpha 0.633 | step_limit
Ep 941 | 드론5 목적지73 |  812스텝 | 배송 73/73 | 재적재 12 | 중계율 0.23 | alpha 0.617 | complete
Ep 942 | 드론6 목적지26 |  269스텝 | 배송 26/26 | 재적재  3 | 중계율 0.11 | alpha 0.617 | complete
Ep 943 | 드론5 목적지28 |  374스텝 | 배송 28/28 | 재적재  3 | 중계율 0.19 | alpha 0.612 | complete
Ep 944 | 드론3 목적지79 | 1000스텝 | 배송 73/79 | 재적재 13 | 중계율 0.15 | alpha 0.594 | step_limit
Ep 945 | 드론3 목적지61 | 1000스텝 | 배송 55/61 | 재적재  8 | 중계율 0.28 | alpha 0.590 | step_limit
Ep 946 | 드론4 목적지50 | 1000스텝 | 배송 48/50 | 재적재  8 | 중계율 0.29 | alpha 0.586 | step_limit
Ep 947 | 드론6 목적지25 |  234스텝 | 배송 25/25 | 재적재  1 | 중계율 0.11 | alpha 0.586 | complete
Ep 948 | 드론6 목적지58 |  619스텝 | 배송 58/58 | 재적재  9 | 중계율 0.11 | alpha 0.589 | complete
Ep 949 | 드론6 목적지52 |  427스텝 | 배송 52/52 | 재적재  8 | 중계율 0.12 | alpha 0.592 | complete
Ep 950 | 드론6 목적지43 |  382스텝 | 배송 43/43 | 재적재  5 | 중계율 0.08 | alpha 0.588 | complete
  [홀드아웃] 배송 49.9±0.8 완주 0.97 스텝 1010 점수 104.1 재적재 8.2 2홉+ 0.61 | 최고 106.9@ep600 정체 7/15
Ep 951 | 드론5 목적지30 |  365스텝 | 배송 30/30 | 재적재  3 | 중계율 0.15 | alpha 0.591 | complete
Ep 952 | 드론3 목적지51 | 1000스텝 | 배송 48/51 | 재적재  8 | 중계율 0.29 | alpha 0.579 | step_limit
Ep 953 | 드론6 목적지43 |  464스텝 | 배송 43/43 | 재적재  6 | 중계율 0.16 | alpha 0.579 | complete
Ep 954 | 드론6 목적지80 |  838스텝 | 배송 80/80 | 재적재 12 | 중계율 0.21 | alpha 0.584 | complete
Ep 955 | 드론6 목적지46 |  389스텝 | 배송 46/46 | 재적재  7 | 중계율 0.11 | alpha 0.584 | complete
Ep 956 | 드론5 목적지37 |  381스텝 | 배송 37/37 | 재적재  4 | 중계율 0.15 | alpha 0.581 | complete
Ep 957 | 드론3 목적지52 |  799스텝 | 배송 52/52 | 재적재  9 | 중계율 0.14 | alpha 0.579 | complete
Ep 958 | 드론6 목적지46 |  549스텝 | 배송 46/46 | 재적재  5 | 중계율 0.24 | alpha 0.579 | complete
Ep 959 | 드론4 목적지46 |  824스텝 | 배송 46/46 | 재적재  8 | 중계율 0.20 | alpha 0.583 | complete
Ep 960 | 드론6 목적지66 |  509스텝 | 배송 66/66 | 재적재 10 | 중계율 0.11 | alpha 0.575 | complete
Ep 961 | 드론4 목적지76 | 1000스텝 | 배송 66/76 | 재적재 13 | 중계율 0.27 | alpha 0.575 | step_limit
Ep 962 | 드론4 목적지52 |  916스텝 | 배송 52/52 | 재적재  9 | 중계율 0.25 | alpha 0.581 | complete
Ep 963 | 드론3 목적지56 | 1000스텝 | 배송 49/56 | 재적재  9 | 중계율 0.29 | alpha 0.581 | step_limit
Ep 964 | 드론3 목적지54 |  907스텝 | 배송 54/54 | 재적재  9 | 중계율 0.20 | alpha 0.583 | complete
Ep 965 | 드론4 목적지34 |  740스텝 | 배송 34/34 | 재적재  5 | 중계율 0.23 | alpha 0.593 | complete
Ep 966 | 드론5 목적지77 |  715스텝 | 배송 77/77 | 재적재 14 | 중계율 0.14 | alpha 0.609 | complete
Ep 967 | 드론6 목적지38 |  309스텝 | 배송 38/38 | 재적재  5 | 중계율 0.09 | alpha 0.616 | complete
Ep 968 | 드론6 목적지37 |  412스텝 | 배송 37/37 | 재적재  4 | 중계율 0.17 | alpha 0.623 | complete
Ep 969 | 드론4 목적지54 |  770스텝 | 배송 54/54 | 재적재  9 | 중계율 0.18 | alpha 0.632 | complete
Ep 970 | 드론5 목적지80 |  871스텝 | 배송 80/80 | 재적재 13 | 중계율 0.17 | alpha 0.643 | complete
Ep 971 | 드론5 목적지26 |  294스텝 | 배송 26/26 | 재적재  4 | 중계율 0.11 | alpha 0.648 | complete
Ep 972 | 드론6 목적지27 |  294스텝 | 배송 27/27 | 재적재  4 | 중계율 0.09 | alpha 0.657 | complete
Ep 973 | 드론4 목적지36 |  672스텝 | 배송 36/36 | 재적재  6 | 중계율 0.19 | alpha 0.662 | complete
Ep 974 | 드론3 목적지80 | 1000스텝 | 배송 68/80 | 재적재 13 | 중계율 0.26 | alpha 0.670 | step_limit
Ep 975 | 드론6 목적지80 |  907스텝 | 배송 80/80 | 재적재 13 | 중계율 0.18 | alpha 0.676 | complete
Ep 976 | 드론4 목적지48 | 1000스텝 | 배송 46/48 | 재적재  9 | 중계율 0.31 | alpha 0.683 | step_limit
Ep 977 | 드론5 목적지48 |  516스텝 | 배송 48/48 | 재적재  6 | 중계율 0.10 | alpha 0.691 | complete
Ep 978 | 드론5 목적지69 |  786스텝 | 배송 69/69 | 재적재 11 | 중계율 0.13 | alpha 0.701 | complete
Ep 979 | 드론6 목적지58 |  535스텝 | 배송 58/58 | 재적재  8 | 중계율 0.10 | alpha 0.712 | complete
Ep 980 | 드론6 목적지73 |  688스텝 | 배송 73/73 | 재적재 11 | 중계율 0.17 | alpha 0.713 | complete
Ep 981 | 드론4 목적지62 |  836스텝 | 배송 62/62 | 재적재  9 | 중계율 0.21 | alpha 0.710 | complete
Ep 982 | 드론6 목적지66 |  586스텝 | 배송 66/66 | 재적재 11 | 중계율 0.15 | alpha 0.709 | complete
Ep 983 | 드론4 목적지22 |  360스텝 | 배송 22/22 | 재적재  3 | 중계율 0.10 | alpha 0.702 | complete
Ep 984 | 드론3 목적지53 | 1000스텝 | 배송 46/53 | 재적재  7 | 중계율 0.36 | alpha 0.689 | step_limit
Ep 985 | 드론5 목적지65 |  594스텝 | 배송 65/65 | 재적재 12 | 중계율 0.13 | alpha 0.691 | complete
Ep 986 | 드론6 목적지35 |  503스텝 | 배송 35/35 | 재적재  4 | 중계율 0.17 | alpha 0.695 | complete
Ep 987 | 드론5 목적지47 |  510스텝 | 배송 47/47 | 재적재  7 | 중계율 0.13 | alpha 0.695 | complete
Ep 988 | 드론4 목적지24 |  289스텝 | 배송 24/24 | 재적재  4 | 중계율 0.13 | alpha 0.694 | complete
Ep 989 | 드론3 목적지64 | 1000스텝 | 배송 63/64 | 재적재 12 | 중계율 0.17 | alpha 0.692 | step_limit
Ep 990 | 드론4 목적지26 |  537스텝 | 배송 26/26 | 재적재  3 | 중계율 0.17 | alpha 0.707 | complete
Ep 991 | 드론3 목적지30 |  499스텝 | 배송 30/30 | 재적재  5 | 중계율 0.21 | alpha 0.721 | complete
Ep 992 | 드론4 목적지59 |  716스텝 | 배송 59/59 | 재적재 11 | 중계율 0.18 | alpha 0.738 | complete
Ep 993 | 드론3 목적지46 |  933스텝 | 배송 46/46 | 재적재  8 | 중계율 0.24 | alpha 0.732 | complete
Ep 994 | 드론5 목적지71 |  763스텝 | 배송 71/71 | 재적재 12 | 중계율 0.11 | alpha 0.723 | complete
Ep 995 | 드론3 목적지61 | 1000스텝 | 배송 55/61 | 재적재 10 | 중계율 0.28 | alpha 0.733 | step_limit
Ep 996 | 드론3 목적지61 | 1000스텝 | 배송 60/61 | 재적재 10 | 중계율 0.24 | alpha 0.734 | step_limit
Ep 997 | 드론3 목적지59 |  993스텝 | 배송 59/59 | 재적재 10 | 중계율 0.23 | alpha 0.743 | complete
Ep 998 | 드론6 목적지70 |  889스텝 | 배송 70/70 | 재적재 13 | 중계율 0.20 | alpha 0.748 | complete
Ep 999 | 드론4 목적지49 |  700스텝 | 배송 49/49 | 재적재  9 | 중계율 0.18 | alpha 0.749 | complete
Ep 1000 | 드론5 목적지63 |  770스텝 | 배송 63/63 | 재적재 11 | 중계율 0.17 | alpha 0.754 | complete
  [홀드아웃] 배송 50.0±0.3 완주 0.97 스텝 1029 점수 104.1 재적재 8.4 2홉+ 0.63 | 최고 106.9@ep600 정체 8/15
Ep 1001 | 드론6 목적지43 |  393스텝 | 배송 43/43 | 재적재  5 | 중계율 0.09 | alpha 0.758 | complete
Ep 1002 | 드론4 목적지78 | 1000스텝 | 배송 61/78 | 재적재 10 | 중계율 0.24 | alpha 0.752 | step_limit
Ep 1003 | 드론4 목적지74 | 1000스텝 | 배송 55/74 | 재적재 10 | 중계율 0.26 | alpha 0.762 | step_limit
Ep 1004 | 드론6 목적지61 |  720스텝 | 배송 61/61 | 재적재  9 | 중계율 0.17 | alpha 0.753 | complete
Ep 1005 | 드론5 목적지62 |  654스텝 | 배송 62/62 | 재적재 10 | 중계율 0.15 | alpha 0.748 | complete
Ep 1006 | 드론3 목적지22 |  500스텝 | 배송 22/22 | 재적재  3 | 중계율 0.19 | alpha 0.751 | complete
Ep 1007 | 드론5 목적지79 | 1000스텝 | 배송 76/79 | 재적재 13 | 중계율 0.21 | alpha 0.758 | step_limit
Ep 1008 | 드론4 목적지28 |  681스텝 | 배송 28/28 | 재적재  4 | 중계율 0.24 | alpha 0.768 | complete
Ep 1009 | 드론4 목적지65 |  846스텝 | 배송 65/65 | 재적재 11 | 중계율 0.21 | alpha 0.770 | complete
Ep 1010 | 드론5 목적지22 |  474스텝 | 배송 22/22 | 재적재  2 | 중계율 0.17 | alpha 0.764 | complete
Ep 1011 | 드론5 목적지52 |  512스텝 | 배송 52/52 | 재적재  8 | 중계율 0.07 | alpha 0.761 | complete
Ep 1012 | 드론6 목적지47 |  438스텝 | 배송 47/47 | 재적재  7 | 중계율 0.12 | alpha 0.765 | complete
Ep 1013 | 드론6 목적지66 |  525스텝 | 배송 66/66 | 재적재 11 | 중계율 0.10 | alpha 0.765 | complete
Ep 1014 | 드론4 목적지69 | 1000스텝 | 배송 64/69 | 재적재 12 | 중계율 0.20 | alpha 0.768 | step_limit
Ep 1015 | 드론4 목적지77 |  892스텝 | 배송 77/77 | 재적재 13 | 중계율 0.17 | alpha 0.764 | complete
Ep 1016 | 드론4 목적지80 | 1000스텝 | 배송 63/80 | 재적재 11 | 중계율 0.28 | alpha 0.756 | step_limit
Ep 1017 | 드론5 목적지51 |  517스텝 | 배송 51/51 | 재적재  9 | 중계율 0.15 | alpha 0.754 | complete
Ep 1018 | 드론6 목적지21 |  173스텝 | 배송 21/21 | 재적재  1 | 중계율 0.07 | alpha 0.758 | complete
Ep 1019 | 드론4 목적지58 |  783스텝 | 배송 58/58 | 재적재 11 | 중계율 0.23 | alpha 0.756 | complete
Ep 1020 | 드론4 목적지74 | 1000스텝 | 배송 69/74 | 재적재 12 | 중계율 0.27 | alpha 0.752 | step_limit
Ep 1021 | 드론3 목적지48 |  886스텝 | 배송 48/48 | 재적재  8 | 중계율 0.21 | alpha 0.744 | complete
Ep 1022 | 드론6 목적지27 |  197스텝 | 배송 27/27 | 재적재  2 | 중계율 0.07 | alpha 0.744 | complete
Ep 1023 | 드론6 목적지46 |  319스텝 | 배송 46/46 | 재적재  6 | 중계율 0.07 | alpha 0.743 | complete
Ep 1024 | 드론3 목적지70 | 1000스텝 | 배송 55/70 | 재적재 10 | 중계율 0.36 | alpha 0.741 | step_limit
Ep 1025 | 드론5 목적지41 |  897스텝 | 배송 41/41 | 재적재  7 | 중계율 0.24 | alpha 0.745 | complete
Ep 1026 | 드론6 목적지76 |  802스텝 | 배송 76/76 | 재적재 13 | 중계율 0.18 | alpha 0.752 | complete
Ep 1027 | 드론4 목적지51 |  979스텝 | 배송 51/51 | 재적재  9 | 중계율 0.25 | alpha 0.765 | complete
Ep 1028 | 드론3 목적지27 |  596스텝 | 배송 27/27 | 재적재  3 | 중계율 0.17 | alpha 0.763 | complete
Ep 1029 | 드론4 목적지37 |  535스텝 | 배송 37/37 | 재적재  6 | 중계율 0.13 | alpha 0.757 | complete
Ep 1030 | 드론4 목적지46 |  868스텝 | 배송 46/46 | 재적재  8 | 중계율 0.27 | alpha 0.738 | complete
Ep 1031 | 드론6 목적지20 |  228스텝 | 배송 20/20 | 재적재  1 | 중계율 0.07 | alpha 0.730 | complete
Ep 1032 | 드론3 목적지27 |  488스텝 | 배송 27/27 | 재적재  4 | 중계율 0.15 | alpha 0.720 | complete
Ep 1033 | 드론5 목적지38 |  331스텝 | 배송 38/38 | 재적재  5 | 중계율 0.10 | alpha 0.713 | complete
Ep 1034 | 드론4 목적지66 |  999스텝 | 배송 66/66 | 재적재 11 | 중계율 0.20 | alpha 0.708 | complete
Ep 1035 | 드론6 목적지64 |  754스텝 | 배송 64/64 | 재적재 12 | 중계율 0.14 | alpha 0.700 | complete
Ep 1036 | 드론4 목적지59 |  789스텝 | 배송 59/59 | 재적재 10 | 중계율 0.20 | alpha 0.693 | complete
Ep 1037 | 드론3 목적지49 |  841스텝 | 배송 49/49 | 재적재  9 | 중계율 0.19 | alpha 0.698 | complete
Ep 1038 | 드론6 목적지57 |  803스텝 | 배송 57/57 | 재적재  7 | 중계율 0.22 | alpha 0.700 | complete
Ep 1039 | 드론4 목적지73 |  934스텝 | 배송 73/73 | 재적재 12 | 중계율 0.24 | alpha 0.715 | complete
Ep 1040 | 드론3 목적지44 |  826스텝 | 배송 44/44 | 재적재  8 | 중계율 0.27 | alpha 0.726 | complete
Ep 1041 | 드론5 목적지65 |  786스텝 | 배송 65/65 | 재적재  9 | 중계율 0.20 | alpha 0.736 | complete
Ep 1042 | 드론3 목적지37 |  826스텝 | 배송 37/37 | 재적재  6 | 중계율 0.29 | alpha 0.736 | complete
Ep 1043 | 드론5 목적지52 |  450스텝 | 배송 52/52 | 재적재 10 | 중계율 0.13 | alpha 0.738 | complete
Ep 1044 | 드론4 목적지36 |  727스텝 | 배송 36/36 | 재적재  7 | 중계율 0.28 | alpha 0.744 | complete
Ep 1045 | 드론4 목적지52 |  587스텝 | 배송 52/52 | 재적재  8 | 중계율 0.13 | alpha 0.745 | complete
Ep 1046 | 드론5 목적지43 |  492스텝 | 배송 43/43 | 재적재  7 | 중계율 0.14 | alpha 0.741 | complete
Ep 1047 | 드론3 목적지52 | 1000스텝 | 배송 51/52 | 재적재  8 | 중계율 0.28 | alpha 0.742 | step_limit
Ep 1048 | 드론3 목적지51 |  989스텝 | 배송 51/51 | 재적재 10 | 중계율 0.23 | alpha 0.736 | complete
Ep 1049 | 드론4 목적지72 | 1000스텝 | 배송 64/72 | 재적재 12 | 중계율 0.24 | alpha 0.734 | step_limit
Ep 1050 | 드론5 목적지76 | 1000스텝 | 배송 76/76 | 재적재 14 | 중계율 0.22 | alpha 0.743 | complete
  [홀드아웃] 배송 49.8±0.8 완주 0.95 스텝 1006 점수 101.6 재적재 8.2 2홉+ 0.62 | 최고 106.9@ep600 정체 9/15
Ep 1051 | 드론4 목적지79 | 1000스텝 | 배송 70/79 | 재적재 13 | 중계율 0.29 | alpha 0.755 | step_limit
Ep 1052 | 드론5 목적지45 |  665스텝 | 배송 45/45 | 재적재  7 | 중계율 0.19 | alpha 0.751 | complete
Ep 1053 | 드론6 목적지49 |  558스텝 | 배송 49/49 | 재적재  8 | 중계율 0.19 | alpha 0.747 | complete
Ep 1054 | 드론6 목적지61 |  489스텝 | 배송 61/61 | 재적재 10 | 중계율 0.07 | alpha 0.751 | complete
Ep 1055 | 드론5 목적지41 |  416스텝 | 배송 41/41 | 재적재  6 | 중계율 0.13 | alpha 0.753 | complete
Ep 1056 | 드론5 목적지54 |  951스텝 | 배송 54/54 | 재적재  8 | 중계율 0.20 | alpha 0.754 | complete
Ep 1057 | 드론5 목적지64 |  693스텝 | 배송 64/64 | 재적재 11 | 중계율 0.15 | alpha 0.749 | complete
Ep 1058 | 드론5 목적지66 |  792스텝 | 배송 66/66 | 재적재 10 | 중계율 0.21 | alpha 0.750 | complete
Ep 1059 | 드론3 목적지51 |  990스텝 | 배송 51/51 | 재적재 10 | 중계율 0.22 | alpha 0.743 | complete
Ep 1060 | 드론6 목적지52 |  506스텝 | 배송 52/52 | 재적재  8 | 중계율 0.12 | alpha 0.738 | complete
Ep 1061 | 드론5 목적지37 |  390스텝 | 배송 37/37 | 재적재  4 | 중계율 0.12 | alpha 0.735 | complete
Ep 1062 | 드론5 목적지24 |  221스텝 | 배송 24/24 | 재적재  2 | 중계율 0.12 | alpha 0.735 | complete
Ep 1063 | 드론5 목적지73 |  780스텝 | 배송 73/73 | 재적재 12 | 중계율 0.18 | alpha 0.751 | complete
Ep 1064 | 드론5 목적지39 |  754스텝 | 배송 39/39 | 재적재  6 | 중계율 0.26 | alpha 0.759 | complete
Ep 1065 | 드론4 목적지24 |  713스텝 | 배송 24/24 | 재적재  3 | 중계율 0.26 | alpha 0.760 | complete
Ep 1066 | 드론3 목적지75 | 1000스텝 | 배송 70/75 | 재적재 13 | 중계율 0.23 | alpha 0.748 | step_limit
Ep 1067 | 드론6 목적지50 |  471스텝 | 배송 50/50 | 재적재  7 | 중계율 0.12 | alpha 0.753 | complete
Ep 1068 | 드론4 목적지45 |  561스텝 | 배송 45/45 | 재적재  8 | 중계율 0.13 | alpha 0.744 | complete
Ep 1069 | 드론5 목적지20 |  240스텝 | 배송 20/20 | 재적재  1 | 중계율 0.11 | alpha 0.747 | complete
Ep 1070 | 드론3 목적지79 | 1000스텝 | 배송 71/79 | 재적재 13 | 중계율 0.20 | alpha 0.745 | step_limit
Ep 1071 | 드론4 목적지32 |  727스텝 | 배송 32/32 | 재적재  5 | 중계율 0.17 | alpha 0.745 | complete
Ep 1072 | 드론3 목적지56 | 1000스텝 | 배송 53/56 | 재적재 10 | 중계율 0.32 | alpha 0.731 | step_limit
Ep 1073 | 드론6 목적지25 |  221스텝 | 배송 25/25 | 재적재  2 | 중계율 0.14 | alpha 0.731 | complete
Ep 1074 | 드론3 목적지34 |  821스텝 | 배송 34/34 | 재적재  6 | 중계율 0.27 | alpha 0.728 | complete
Ep 1075 | 드론6 목적지40 |  321스텝 | 배송 40/40 | 재적재  6 | 중계율 0.11 | alpha 0.728 | complete
Ep 1076 | 드론3 목적지73 | 1000스텝 | 배송 65/73 | 재적재 11 | 중계율 0.28 | alpha 0.729 | step_limit
Ep 1077 | 드론5 목적지50 |  612스텝 | 배송 50/50 | 재적재  9 | 중계율 0.16 | alpha 0.740 | complete
Ep 1078 | 드론5 목적지62 |  835스텝 | 배송 62/62 | 재적재 11 | 중계율 0.23 | alpha 0.748 | complete
Ep 1079 | 드론4 목적지25 |  338스텝 | 배송 25/25 | 재적재  2 | 중계율 0.14 | alpha 0.752 | complete
Ep 1080 | 드론3 목적지51 |  944스텝 | 배송 51/51 | 재적재  9 | 중계율 0.22 | alpha 0.741 | complete
Ep 1081 | 드론5 목적지46 |  669스텝 | 배송 46/46 | 재적재  8 | 중계율 0.20 | alpha 0.734 | complete
Ep 1082 | 드론6 목적지51 |  529스텝 | 배송 51/51 | 재적재  6 | 중계율 0.12 | alpha 0.727 | complete
Ep 1083 | 드론4 목적지64 | 1000스텝 | 배송 61/64 | 재적재 10 | 중계율 0.28 | alpha 0.716 | step_limit
Ep 1084 | 드론4 목적지48 |  877스텝 | 배송 48/48 | 재적재  8 | 중계율 0.27 | alpha 0.710 | complete
Ep 1085 | 드론4 목적지60 | 1000스텝 | 배송 55/60 | 재적재  9 | 중계율 0.29 | alpha 0.700 | step_limit
Ep 1086 | 드론5 목적지27 |  371스텝 | 배송 27/27 | 재적재  4 | 중계율 0.14 | alpha 0.697 | complete
Ep 1087 | 드론5 목적지66 | 1000스텝 | 배송 60/66 | 재적재 10 | 중계율 0.27 | alpha 0.679 | step_limit
Ep 1088 | 드론5 목적지48 |  593스텝 | 배송 48/48 | 재적재  8 | 중계율 0.12 | alpha 0.673 | complete
Ep 1089 | 드론4 목적지63 |  684스텝 | 배송 63/63 | 재적재 11 | 중계율 0.15 | alpha 0.668 | complete
Ep 1090 | 드론5 목적지78 | 1000스텝 | 배송 75/78 | 재적재 12 | 중계율 0.28 | alpha 0.672 | step_limit
Ep 1091 | 드론4 목적지66 | 1000스텝 | 배송 63/66 | 재적재 12 | 중계율 0.27 | alpha 0.684 | step_limit
Ep 1092 | 드론3 목적지77 | 1000스텝 | 배송 60/77 | 재적재  9 | 중계율 0.35 | alpha 0.691 | step_limit
Ep 1093 | 드론3 목적지72 | 1000스텝 | 배송 63/72 | 재적재 11 | 중계율 0.22 | alpha 0.695 | step_limit
Ep 1094 | 드론6 목적지45 |  461스텝 | 배송 45/45 | 재적재  7 | 중계율 0.13 | alpha 0.695 | complete
Ep 1095 | 드론5 목적지21 |  234스텝 | 배송 21/21 | 재적재  0 | 중계율 0.13 | alpha 0.690 | complete
Ep 1096 | 드론6 목적지77 |  610스텝 | 배송 77/77 | 재적재 13 | 중계율 0.11 | alpha 0.690 | complete
Ep 1097 | 드론3 목적지44 |  936스텝 | 배송 44/44 | 재적재  7 | 중계율 0.30 | alpha 0.707 | complete
Ep 1098 | 드론3 목적지59 | 1000스텝 | 배송 46/59 | 재적재  9 | 중계율 0.27 | alpha 0.718 | step_limit
Ep 1099 | 드론4 목적지75 | 1000스텝 | 배송 70/75 | 재적재 12 | 중계율 0.27 | alpha 0.729 | step_limit
Ep 1100 | 드론3 목적지54 | 1000스텝 | 배송 46/54 | 재적재  9 | 중계율 0.30 | alpha 0.737 | step_limit
  [홀드아웃] 배송 49.9±0.3 완주 0.95 스텝 1060 점수 101.5 재적재 8.4 2홉+ 0.62 | 최고 106.9@ep600 정체 10/15
Ep 1101 | 드론4 목적지78 | 1000스텝 | 배송 76/78 | 재적재 14 | 중계율 0.18 | alpha 0.762 | step_limit
Ep 1102 | 드론6 목적지36 |  418스텝 | 배송 36/36 | 재적재  4 | 중계율 0.11 | alpha 0.774 | complete
Ep 1103 | 드론4 목적지32 |  956스텝 | 배송 32/32 | 재적재  5 | 중계율 0.29 | alpha 0.796 | complete
Ep 1104 | 드론6 목적지37 |  376스텝 | 배송 37/37 | 재적재  6 | 중계율 0.15 | alpha 0.800 | complete
Ep 1105 | 드론6 목적지63 |  524스텝 | 배송 63/63 | 재적재 11 | 중계율 0.10 | alpha 0.805 | complete
Ep 1106 | 드론5 목적지46 |  648스텝 | 배송 46/46 | 재적재  7 | 중계율 0.15 | alpha 0.817 | complete
Ep 1107 | 드론5 목적지21 |  252스텝 | 배송 21/21 | 재적재  0 | 중계율 0.15 | alpha 0.819 | complete
Ep 1108 | 드론3 목적지41 | 1000스텝 | 배송 40/41 | 재적재  7 | 중계율 0.32 | alpha 0.841 | step_limit
Ep 1109 | 드론5 목적지21 |  240스텝 | 배송 21/21 | 재적재  1 | 중계율 0.07 | alpha 0.839 | complete
Ep 1110 | 드론3 목적지55 | 1000스텝 | 배송 50/55 | 재적재  9 | 중계율 0.35 | alpha 0.849 | step_limit
Ep 1111 | 드론6 목적지49 |  378스텝 | 배송 49/49 | 재적재  7 | 중계율 0.10 | alpha 0.843 | complete
Ep 1112 | 드론4 목적지27 |  433스텝 | 배송 27/27 | 재적재  4 | 중계율 0.16 | alpha 0.841 | complete
Ep 1113 | 드론6 목적지70 |  597스텝 | 배송 70/70 | 재적재 12 | 중계율 0.11 | alpha 0.845 | complete
Ep 1114 | 드론6 목적지50 |  432스텝 | 배송 50/50 | 재적재  6 | 중계율 0.13 | alpha 0.847 | complete
Ep 1115 | 드론6 목적지73 |  752스텝 | 배송 73/73 | 재적재 11 | 중계율 0.24 | alpha 0.850 | complete
Ep 1116 | 드론4 목적지54 |  995스텝 | 배송 54/54 | 재적재  9 | 중계율 0.27 | alpha 0.841 | complete
Ep 1117 | 드론5 목적지74 |  759스텝 | 배송 74/74 | 재적재 13 | 중계율 0.16 | alpha 0.843 | complete
Ep 1118 | 드론6 목적지52 |  716스텝 | 배송 52/52 | 재적재  9 | 중계율 0.21 | alpha 0.845 | complete
Ep 1119 | 드론6 목적지22 |  229스텝 | 배송 22/22 | 재적재  0 | 중계율 0.15 | alpha 0.848 | complete
Ep 1120 | 드론5 목적지40 |  390스텝 | 배송 40/40 | 재적재  5 | 중계율 0.15 | alpha 0.847 | complete
Ep 1121 | 드론5 목적지26 |  668스텝 | 배송 26/26 | 재적재  4 | 중계율 0.27 | alpha 0.833 | complete
Ep 1122 | 드론6 목적지55 |  351스텝 | 배송 55/55 | 재적재  8 | 중계율 0.07 | alpha 0.827 | complete
Ep 1123 | 드론6 목적지54 |  559스텝 | 배송 54/54 | 재적재  9 | 중계율 0.12 | alpha 0.814 | complete
Ep 1124 | 드론5 목적지79 |  860스텝 | 배송 79/79 | 재적재 14 | 중계율 0.12 | alpha 0.800 | complete
Ep 1125 | 드론6 목적지53 |  567스텝 | 배송 53/53 | 재적재  9 | 중계율 0.19 | alpha 0.782 | complete
Ep 1126 | 드론5 목적지21 |  219스텝 | 배송 21/21 | 재적재  0 | 중계율 0.15 | alpha 0.785 | complete
Ep 1127 | 드론4 목적지66 | 1000스텝 | 배송 62/66 | 재적재 11 | 중계율 0.31 | alpha 0.779 | step_limit
Ep 1128 | 드론5 목적지70 |  960스텝 | 배송 70/70 | 재적재 13 | 중계율 0.20 | alpha 0.777 | complete
Ep 1129 | 드론6 목적지28 |  353스텝 | 배송 28/28 | 재적재  4 | 중계율 0.13 | alpha 0.769 | complete
Ep 1130 | 드론5 목적지45 |  537스텝 | 배송 45/45 | 재적재  7 | 중계율 0.16 | alpha 0.771 | complete
Ep 1131 | 드론4 목적지55 | 1000스텝 | 배송 48/55 | 재적재  7 | 중계율 0.30 | alpha 0.765 | step_limit
Ep 1132 | 드론6 목적지59 |  440스텝 | 배송 59/59 | 재적재  8 | 중계율 0.12 | alpha 0.765 | complete
Ep 1133 | 드론5 목적지69 |  623스텝 | 배송 69/69 | 재적재 12 | 중계율 0.14 | alpha 0.759 | complete
Ep 1134 | 드론6 목적지28 |  320스텝 | 배송 28/28 | 재적재  4 | 중계율 0.15 | alpha 0.765 | complete
Ep 1135 | 드론4 목적지68 | 1000스텝 | 배송 60/68 | 재적재 10 | 중계율 0.30 | alpha 0.758 | step_limit
Ep 1136 | 드론6 목적지76 | 1000스텝 | 배송 70/76 | 재적재 11 | 중계율 0.21 | alpha 0.750 | step_limit
Ep 1137 | 드론5 목적지30 |  302스텝 | 배송 30/30 | 재적재  4 | 중계율 0.10 | alpha 0.749 | complete
Ep 1138 | 드론4 목적지48 |  703스텝 | 배송 48/48 | 재적재  8 | 중계율 0.17 | alpha 0.744 | complete
Ep 1139 | 드론6 목적지39 |  315스텝 | 배송 39/39 | 재적재  4 | 중계율 0.11 | alpha 0.734 | complete
Ep 1140 | 드론4 목적지80 |  948스텝 | 배송 80/80 | 재적재 14 | 중계율 0.17 | alpha 0.702 | complete
Ep 1141 | 드론4 목적지28 |  409스텝 | 배송 28/28 | 재적재  3 | 중계율 0.10 | alpha 0.700 | complete
Ep 1142 | 드론6 목적지47 |  451스텝 | 배송 47/47 | 재적재  6 | 중계율 0.11 | alpha 0.690 | complete
Ep 1143 | 드론4 목적지44 |  962스텝 | 배송 44/44 | 재적재  7 | 중계율 0.24 | alpha 0.683 | complete
Ep 1144 | 드론4 목적지28 |  540스텝 | 배송 28/28 | 재적재  4 | 중계율 0.21 | alpha 0.681 | complete
Ep 1145 | 드론5 목적지21 |  286스텝 | 배송 21/21 | 재적재  1 | 중계율 0.09 | alpha 0.681 | complete
Ep 1146 | 드론3 목적지72 | 1000스텝 | 배송 65/72 | 재적재 11 | 중계율 0.26 | alpha 0.673 | step_limit
Ep 1147 | 드론4 목적지77 |  933스텝 | 배송 77/77 | 재적재 14 | 중계율 0.19 | alpha 0.675 | complete
Ep 1148 | 드론6 목적지45 |  382스텝 | 배송 45/45 | 재적재  5 | 중계율 0.15 | alpha 0.674 | complete
Ep 1149 | 드론4 목적지80 |  827스텝 | 배송 80/80 | 재적재 15 | 중계율 0.15 | alpha 0.659 | complete
Ep 1150 | 드론4 목적지73 |  970스텝 | 배송 73/73 | 재적재 14 | 중계율 0.21 | alpha 0.642 | complete
  [홀드아웃] 배송 50.0±0.0 완주 1.00 스텝 1029 점수 106.6 재적재 8.2 2홉+ 0.63 | 최고 106.9@ep600 정체 11/15
Ep 1151 | 드론3 목적지40 | 1000스텝 | 배송 38/40 | 재적재  7 | 중계율 0.32 | alpha 0.646 | step_limit
Ep 1152 | 드론4 목적지61 |  943스텝 | 배송 61/61 | 재적재 10 | 중계율 0.24 | alpha 0.643 | complete
Ep 1153 | 드론6 목적지24 |  430스텝 | 배송 24/24 | 재적재  3 | 중계율 0.17 | alpha 0.644 | complete
Ep 1154 | 드론4 목적지24 |  525스텝 | 배송 24/24 | 재적재  2 | 중계율 0.21 | alpha 0.650 | complete
Ep 1155 | 드론3 목적지31 |  818스텝 | 배송 31/31 | 재적재  4 | 중계율 0.23 | alpha 0.659 | complete
Ep 1156 | 드론4 목적지20 |  344스텝 | 배송 20/20 | 재적재  3 | 중계율 0.15 | alpha 0.662 | complete
Ep 1157 | 드론6 목적지23 |  160스텝 | 배송 23/23 | 재적재  0 | 중계율 0.11 | alpha 0.659 | complete
Ep 1158 | 드론5 목적지41 |  768스텝 | 배송 41/41 | 재적재  7 | 중계율 0.23 | alpha 0.661 | complete
Ep 1159 | 드론5 목적지64 |  658스텝 | 배송 64/64 | 재적재 11 | 중계율 0.14 | alpha 0.662 | complete
Ep 1160 | 드론4 목적지47 |  675스텝 | 배송 47/47 | 재적재  6 | 중계율 0.22 | alpha 0.665 | complete
Ep 1161 | 드론5 목적지70 |  767스텝 | 배송 70/70 | 재적재 12 | 중계율 0.12 | alpha 0.662 | complete
Ep 1162 | 드론5 목적지77 |  639스텝 | 배송 77/77 | 재적재 13 | 중계율 0.12 | alpha 0.666 | complete
Ep 1163 | 드론4 목적지43 | 1000스텝 | 배송 40/43 | 재적재  6 | 중계율 0.28 | alpha 0.663 | step_limit
Ep 1164 | 드론3 목적지40 |  760스텝 | 배송 40/40 | 재적재  6 | 중계율 0.25 | alpha 0.656 | complete
Ep 1165 | 드론6 목적지67 |  457스텝 | 배송 67/67 | 재적재 10 | 중계율 0.09 | alpha 0.655 | complete
Ep 1166 | 드론5 목적지65 |  734스텝 | 배송 65/65 | 재적재 11 | 중계율 0.14 | alpha 0.659 | complete
Ep 1167 | 드론3 목적지24 |  535스텝 | 배송 24/24 | 재적재  4 | 중계율 0.24 | alpha 0.664 | complete
Ep 1168 | 드론6 목적지67 |  786스텝 | 배송 67/67 | 재적재 12 | 중계율 0.19 | alpha 0.671 | complete
Ep 1169 | 드론4 목적지37 |  454스텝 | 배송 37/37 | 재적재  6 | 중계율 0.12 | alpha 0.671 | complete
Ep 1170 | 드론3 목적지35 |  713스텝 | 배송 35/35 | 재적재  6 | 중계율 0.23 | alpha 0.681 | complete
Ep 1171 | 드론5 목적지70 |  746스텝 | 배송 70/70 | 재적재 13 | 중계율 0.18 | alpha 0.701 | complete
Ep 1172 | 드론5 목적지56 |  908스텝 | 배송 56/56 | 재적재 11 | 중계율 0.26 | alpha 0.716 | complete
Ep 1173 | 드론3 목적지39 |  808스텝 | 배송 39/39 | 재적재  7 | 중계율 0.27 | alpha 0.713 | complete
Ep 1174 | 드론6 목적지53 |  628스텝 | 배송 53/53 | 재적재  8 | 중계율 0.16 | alpha 0.718 | complete
Ep 1175 | 드론6 목적지44 |  701스텝 | 배송 44/44 | 재적재  8 | 중계율 0.21 | alpha 0.725 | complete
Ep 1176 | 드론6 목적지44 |  334스텝 | 배송 44/44 | 재적재  6 | 중계율 0.13 | alpha 0.731 | complete
Ep 1177 | 드론6 목적지33 |  343스텝 | 배송 33/33 | 재적재  4 | 중계율 0.12 | alpha 0.731 | complete
Ep 1178 | 드론3 목적지61 | 1000스텝 | 배송 55/61 | 재적재 10 | 중계율 0.25 | alpha 0.731 | step_limit
Ep 1179 | 드론5 목적지71 |  532스텝 | 배송 71/71 | 재적재 12 | 중계율 0.09 | alpha 0.730 | complete
Ep 1180 | 드론5 목적지62 |  855스텝 | 배송 62/62 | 재적재 10 | 중계율 0.24 | alpha 0.731 | complete
Ep 1181 | 드론5 목적지50 |  611스텝 | 배송 50/50 | 재적재  9 | 중계율 0.20 | alpha 0.724 | complete
Ep 1182 | 드론3 목적지79 | 1000스텝 | 배송 71/79 | 재적재 13 | 중계율 0.18 | alpha 0.728 | step_limit
Ep 1183 | 드론5 목적지51 |  467스텝 | 배송 51/51 | 재적재  7 | 중계율 0.11 | alpha 0.718 | complete
Ep 1184 | 드론5 목적지30 |  365스텝 | 배송 30/30 | 재적재  4 | 중계율 0.13 | alpha 0.720 | complete
Ep 1185 | 드론3 목적지77 | 1000스텝 | 배송 68/77 | 재적재 12 | 중계율 0.21 | alpha 0.726 | step_limit
Ep 1186 | 드론6 목적지42 |  337스텝 | 배송 42/42 | 재적재  7 | 중계율 0.10 | alpha 0.729 | complete
Ep 1187 | 드론6 목적지20 |  211스텝 | 배송 20/20 | 재적재  1 | 중계율 0.09 | alpha 0.731 | complete
Ep 1188 | 드론4 목적지74 | 1000스텝 | 배송 70/74 | 재적재 12 | 중계율 0.27 | alpha 0.757 | step_limit
Ep 1189 | 드론5 목적지60 |  561스텝 | 배송 60/60 | 재적재 10 | 중계율 0.09 | alpha 0.768 | complete
Ep 1190 | 드론3 목적지26 |  600스텝 | 배송 26/26 | 재적재  5 | 중계율 0.19 | alpha 0.781 | complete
Ep 1191 | 드론5 목적지27 |  327스텝 | 배송 27/27 | 재적재  3 | 중계율 0.15 | alpha 0.782 | complete
Ep 1192 | 드론5 목적지78 |  784스텝 | 배송 78/78 | 재적재 13 | 중계율 0.18 | alpha 0.786 | complete
Ep 1193 | 드론3 목적지42 |  722스텝 | 배송 42/42 | 재적재  7 | 중계율 0.21 | alpha 0.795 | complete
Ep 1194 | 드론4 목적지75 |  930스텝 | 배송 75/75 | 재적재 13 | 중계율 0.21 | alpha 0.808 | complete
Ep 1195 | 드론5 목적지56 |  457스텝 | 배송 56/56 | 재적재  9 | 중계율 0.08 | alpha 0.805 | complete
Ep 1196 | 드론6 목적지66 |  653스텝 | 배송 66/66 | 재적재 10 | 중계율 0.19 | alpha 0.798 | complete
Ep 1197 | 드론5 목적지59 |  688스텝 | 배송 59/59 | 재적재 10 | 중계율 0.18 | alpha 0.794 | complete
Ep 1198 | 드론4 목적지47 |  707스텝 | 배송 47/47 | 재적재  8 | 중계율 0.18 | alpha 0.779 | complete
Ep 1199 | 드론4 목적지65 |  653스텝 | 배송 65/65 | 재적재 11 | 중계율 0.09 | alpha 0.768 | complete
Ep 1200 | 드론6 목적지48 |  502스텝 | 배송 48/48 | 재적재  6 | 중계율 0.14 | alpha 0.766 | complete
  [홀드아웃] 배송 50.0±0.0 완주 1.00 스텝 1105 점수 106.3 재적재 8.4 2홉+ 0.63 | 최고 106.9@ep600 정체 12/15
Ep 1201 | 드론5 목적지22 |  307스텝 | 배송 22/22 | 재적재  1 | 중계율 0.23 | alpha 0.765 | complete
Ep 1202 | 드론4 목적지68 |  919스텝 | 배송 68/68 | 재적재 13 | 중계율 0.17 | alpha 0.766 | complete
Ep 1203 | 드론3 목적지36 |  868스텝 | 배송 36/36 | 재적재  6 | 중계율 0.33 | alpha 0.773 | complete
Ep 1204 | 드론4 목적지23 |  383스텝 | 배송 23/23 | 재적재  3 | 중계율 0.16 | alpha 0.769 | complete
Ep 1205 | 드론4 목적지32 |  596스텝 | 배송 32/32 | 재적재  4 | 중계율 0.21 | alpha 0.774 | complete
Ep 1206 | 드론3 목적지76 | 1000스텝 | 배송 59/76 | 재적재 11 | 중계율 0.21 | alpha 0.780 | step_limit
Ep 1207 | 드론6 목적지45 |  423스텝 | 배송 45/45 | 재적재  7 | 중계율 0.10 | alpha 0.780 | complete
Ep 1208 | 드론5 목적지40 |  394스텝 | 배송 40/40 | 재적재  5 | 중계율 0.08 | alpha 0.776 | complete
Ep 1209 | 드론3 목적지49 |  926스텝 | 배송 49/49 | 재적재  9 | 중계율 0.24 | alpha 0.768 | complete
Ep 1210 | 드론4 목적지60 | 1000스텝 | 배송 56/60 | 재적재 10 | 중계율 0.29 | alpha 0.765 | step_limit
Ep 1211 | 드론4 목적지66 | 1000스텝 | 배송 55/66 | 재적재  9 | 중계율 0.26 | alpha 0.758 | step_limit
Ep 1212 | 드론5 목적지66 |  804스텝 | 배송 66/66 | 재적재 11 | 중계율 0.16 | alpha 0.750 | complete
Ep 1213 | 드론6 목적지56 |  535스텝 | 배송 56/56 | 재적재  7 | 중계율 0.15 | alpha 0.748 | complete
Ep 1214 | 드론3 목적지49 | 1000스텝 | 배송 47/49 | 재적재  8 | 중계율 0.31 | alpha 0.726 | step_limit
Ep 1215 | 드론3 목적지21 |  498스텝 | 배송 21/21 | 재적재  3 | 중계율 0.19 | alpha 0.722 | complete
Ep 1216 | 드론4 목적지38 |  834스텝 | 배송 38/38 | 재적재  7 | 중계율 0.27 | alpha 0.727 | complete
Ep 1217 | 드론4 목적지22 |  472스텝 | 배송 22/22 | 재적재  2 | 중계율 0.23 | alpha 0.723 | complete
Ep 1218 | 드론4 목적지61 |  719스텝 | 배송 61/61 | 재적재 11 | 중계율 0.17 | alpha 0.722 | complete
Ep 1219 | 드론5 목적지66 |  838스텝 | 배송 66/66 | 재적재 11 | 중계율 0.24 | alpha 0.713 | complete
Ep 1220 | 드론3 목적지38 |  845스텝 | 배송 38/38 | 재적재  7 | 중계율 0.28 | alpha 0.706 | complete
Ep 1221 | 드론3 목적지62 | 1000스텝 | 배송 52/62 | 재적재  9 | 중계율 0.26 | alpha 0.710 | step_limit
Ep 1222 | 드론6 목적지34 |  501스텝 | 배송 34/34 | 재적재  4 | 중계율 0.14 | alpha 0.704 | complete
Ep 1223 | 드론5 목적지35 |  425스텝 | 배송 35/35 | 재적재  6 | 중계율 0.16 | alpha 0.705 | complete
Ep 1224 | 드론6 목적지33 |  316스텝 | 배송 33/33 | 재적재  5 | 중계율 0.15 | alpha 0.706 | complete
Ep 1225 | 드론4 목적지70 |  724스텝 | 배송 70/70 | 재적재 13 | 중계율 0.12 | alpha 0.717 | complete
Ep 1226 | 드론6 목적지32 |  303스텝 | 배송 32/32 | 재적재  5 | 중계율 0.06 | alpha 0.719 | complete
Ep 1227 | 드론3 목적지77 | 1000스텝 | 배송 60/77 | 재적재 11 | 중계율 0.27 | alpha 0.706 | step_limit
Ep 1228 | 드론3 목적지35 |  751스텝 | 배송 35/35 | 재적재  6 | 중계율 0.29 | alpha 0.706 | complete
Ep 1229 | 드론5 목적지25 |  295스텝 | 배송 25/25 | 재적재  2 | 중계율 0.13 | alpha 0.712 | complete
Ep 1230 | 드론3 목적지50 | 1000스텝 | 배송 48/50 | 재적재  8 | 중계율 0.32 | alpha 0.716 | step_limit
Ep 1231 | 드론6 목적지65 |  501스텝 | 배송 65/65 | 재적재 11 | 중계율 0.09 | alpha 0.719 | complete
Ep 1232 | 드론3 목적지79 | 1000스텝 | 배송 60/79 | 재적재 10 | 중계율 0.29 | alpha 0.724 | step_limit
Ep 1233 | 드론3 목적지30 |  696스텝 | 배송 30/30 | 재적재  5 | 중계율 0.28 | alpha 0.735 | complete
Ep 1234 | 드론6 목적지57 |  799스텝 | 배송 57/57 | 재적재  9 | 중계율 0.17 | alpha 0.741 | complete
Ep 1235 | 드론3 목적지49 | 1000스텝 | 배송 47/49 | 재적재  8 | 중계율 0.32 | alpha 0.768 | step_limit
Ep 1236 | 드론4 목적지72 | 1000스텝 | 배송 69/72 | 재적재 13 | 중계율 0.19 | alpha 0.784 | step_limit
Ep 1237 | 드론4 목적지57 | 1000스텝 | 배송 56/57 | 재적재 10 | 중계율 0.31 | alpha 0.797 | step_limit
Ep 1238 | 드론6 목적지73 |  848스텝 | 배송 73/73 | 재적재 13 | 중계율 0.21 | alpha 0.810 | complete
Ep 1239 | 드론4 목적지40 |  705스텝 | 배송 40/40 | 재적재  6 | 중계율 0.20 | alpha 0.812 | complete
Ep 1240 | 드론5 목적지21 |  331스텝 | 배송 21/21 | 재적재  3 | 중계율 0.15 | alpha 0.816 | complete
Ep 1241 | 드론6 목적지58 |  465스텝 | 배송 58/58 | 재적재  8 | 중계율 0.12 | alpha 0.825 | complete
Ep 1242 | 드론5 목적지71 |  661스텝 | 배송 71/71 | 재적재 12 | 중계율 0.15 | alpha 0.834 | complete
Ep 1243 | 드론6 목적지54 |  382스텝 | 배송 54/54 | 재적재  7 | 중계율 0.12 | alpha 0.835 | complete
Ep 1244 | 드론5 목적지23 |  308스텝 | 배송 23/23 | 재적재  3 | 중계율 0.16 | alpha 0.841 | complete
Ep 1245 | 드론3 목적지31 |  944스텝 | 배송 31/31 | 재적재  5 | 중계율 0.33 | alpha 0.842 | complete
Ep 1246 | 드론5 목적지37 |  465스텝 | 배송 37/37 | 재적재  5 | 중계율 0.12 | alpha 0.843 | complete
Ep 1247 | 드론3 목적지20 |  603스텝 | 배송 20/20 | 재적재  3 | 중계율 0.20 | alpha 0.853 | complete
Ep 1248 | 드론6 목적지79 |  936스텝 | 배송 79/79 | 재적재 14 | 중계율 0.18 | alpha 0.859 | complete
Ep 1249 | 드론4 목적지22 |  405스텝 | 배송 22/22 | 재적재  3 | 중계율 0.14 | alpha 0.856 | complete
Ep 1250 | 드론3 목적지27 |  571스텝 | 배송 27/27 | 재적재  4 | 중계율 0.24 | alpha 0.848 | complete
  [홀드아웃] 배송 50.0±0.2 완주 0.97 스텝 1064 점수 104.0 재적재 8.3 2홉+ 0.64 | 최고 106.9@ep600 정체 13/15
Ep 1251 | 드론4 목적지20 |  298스텝 | 배송 20/20 | 재적재  2 | 중계율 0.19 | alpha 0.843 | complete
Ep 1252 | 드론5 목적지48 |  902스텝 | 배송 48/48 | 재적재  8 | 중계율 0.22 | alpha 0.845 | complete
Ep 1253 | 드론4 목적지64 | 1000스텝 | 배송 62/64 | 재적재 10 | 중계율 0.24 | alpha 0.859 | step_limit
Ep 1254 | 드론6 목적지44 |  439스텝 | 배송 44/44 | 재적재  6 | 중계율 0.21 | alpha 0.853 | complete
Ep 1255 | 드론6 목적지39 |  271스텝 | 배송 39/39 | 재적재  5 | 중계율 0.07 | alpha 0.857 | complete
Ep 1256 | 드론4 목적지32 |  551스텝 | 배송 32/32 | 재적재  5 | 중계율 0.13 | alpha 0.854 | complete
Ep 1257 | 드론3 목적지71 | 1000스텝 | 배송 69/71 | 재적재 12 | 중계율 0.18 | alpha 0.836 | step_limit
Ep 1258 | 드론3 목적지40 | 1000스텝 | 배송 38/40 | 재적재  7 | 중계율 0.27 | alpha 0.837 | step_limit
Ep 1259 | 드론4 목적지80 | 1000스텝 | 배송 76/80 | 재적재 14 | 중계율 0.15 | alpha 0.838 | step_limit
Ep 1260 | 드론6 목적지60 |  797스텝 | 배송 60/60 | 재적재 10 | 중계율 0.21 | alpha 0.841 | complete
Ep 1261 | 드론6 목적지26 |  323스텝 | 배송 26/26 | 재적재  1 | 중계율 0.11 | alpha 0.848 | complete
Ep 1262 | 드론6 목적지68 |  490스텝 | 배송 68/68 | 재적재 11 | 중계율 0.12 | alpha 0.858 | complete
Ep 1263 | 드론5 목적지61 |  485스텝 | 배송 61/61 | 재적재 10 | 중계율 0.12 | alpha 0.862 | complete
Ep 1264 | 드론4 목적지55 | 1000스텝 | 배송 54/55 | 재적재 10 | 중계율 0.25 | alpha 0.867 | step_limit
Ep 1265 | 드론5 목적지73 |  956스텝 | 배송 73/73 | 재적재 13 | 중계율 0.23 | alpha 0.866 | complete
Ep 1266 | 드론5 목적지72 |  808스텝 | 배송 72/72 | 재적재 12 | 중계율 0.16 | alpha 0.873 | complete
Ep 1267 | 드론3 목적지46 | 1000스텝 | 배송 44/46 | 재적재  7 | 중계율 0.31 | alpha 0.880 | step_limit
Ep 1268 | 드론3 목적지58 | 1000스텝 | 배송 54/58 | 재적재  8 | 중계율 0.30 | alpha 0.875 | step_limit
Ep 1269 | 드론6 목적지74 |  736스텝 | 배송 74/74 | 재적재 13 | 중계율 0.21 | alpha 0.881 | complete
Ep 1270 | 드론4 목적지30 |  349스텝 | 배송 30/30 | 재적재  4 | 중계율 0.11 | alpha 0.882 | complete
Ep 1271 | 드론4 목적지37 |  571스텝 | 배송 37/37 | 재적재  6 | 중계율 0.09 | alpha 0.884 | complete
Ep 1272 | 드론4 목적지22 |  367스텝 | 배송 22/22 | 재적재  2 | 중계율 0.13 | alpha 0.887 | complete
Ep 1273 | 드론3 목적지43 |  938스텝 | 배송 43/43 | 재적재  7 | 중계율 0.28 | alpha 0.888 | complete
Ep 1274 | 드론3 목적지66 | 1000스텝 | 배송 57/66 | 재적재 11 | 중계율 0.23 | alpha 0.892 | step_limit
Ep 1275 | 드론6 목적지63 |  552스텝 | 배송 63/63 | 재적재 10 | 중계율 0.13 | alpha 0.890 | complete
Ep 1276 | 드론3 목적지47 |  915스텝 | 배송 47/47 | 재적재  8 | 중계율 0.27 | alpha 0.883 | complete
Ep 1277 | 드론6 목적지30 |  301스텝 | 배송 30/30 | 재적재  2 | 중계율 0.10 | alpha 0.884 | complete
Ep 1278 | 드론5 목적지62 |  550스텝 | 배송 62/62 | 재적재 10 | 중계율 0.11 | alpha 0.885 | complete
Ep 1279 | 드론4 목적지28 |  508스텝 | 배송 28/28 | 재적재  4 | 중계율 0.14 | alpha 0.890 | complete
Ep 1280 | 드론5 목적지47 |  494스텝 | 배송 47/47 | 재적재  8 | 중계율 0.10 | alpha 0.890 | complete
Ep 1281 | 드론4 목적지66 | 1000스텝 | 배송 64/66 | 재적재 12 | 중계율 0.24 | alpha 0.898 | step_limit
Ep 1282 | 드론3 목적지74 | 1000스텝 | 배송 58/74 | 재적재 11 | 중계율 0.21 | alpha 0.908 | step_limit
Ep 1283 | 드론3 목적지80 | 1000스텝 | 배송 71/80 | 재적재 13 | 중계율 0.23 | alpha 0.919 | step_limit
Ep 1284 | 드론6 목적지57 |  506스텝 | 배송 57/57 | 재적재 10 | 중계율 0.11 | alpha 0.921 | complete
Ep 1285 | 드론3 목적지40 | 1000스텝 | 배송 37/40 | 재적재  7 | 중계율 0.27 | alpha 0.934 | step_limit
Ep 1286 | 드론5 목적지50 |  829스텝 | 배송 50/50 | 재적재  8 | 중계율 0.16 | alpha 0.926 | complete
Ep 1287 | 드론5 목적지36 |  329스텝 | 배송 36/36 | 재적재  5 | 중계율 0.07 | alpha 0.933 | complete
Ep 1288 | 드론3 목적지32 |  841스텝 | 배송 32/32 | 재적재  5 | 중계율 0.24 | alpha 0.936 | complete
Ep 1289 | 드론3 목적지51 |  980스텝 | 배송 51/51 | 재적재  9 | 중계율 0.27 | alpha 0.942 | complete
Ep 1290 | 드론3 목적지56 | 1000스텝 | 배송 55/56 | 재적재 10 | 중계율 0.30 | alpha 0.944 | step_limit
Ep 1291 | 드론3 목적지33 |  793스텝 | 배송 33/33 | 재적재  6 | 중계율 0.28 | alpha 0.955 | complete
Ep 1292 | 드론4 목적지48 |  617스텝 | 배송 48/48 | 재적재  7 | 중계율 0.19 | alpha 0.963 | complete
Ep 1293 | 드론3 목적지27 |  599스텝 | 배송 27/27 | 재적재  4 | 중계율 0.28 | alpha 0.977 | complete
Ep 1294 | 드론6 목적지72 |  612스텝 | 배송 72/72 | 재적재 11 | 중계율 0.13 | alpha 0.991 | complete
Ep 1295 | 드론5 목적지38 |  578스텝 | 배송 38/38 | 재적재  6 | 중계율 0.19 | alpha 1.009 | complete
Ep 1296 | 드론4 목적지47 |  703스텝 | 배송 47/47 | 재적재  7 | 중계율 0.19 | alpha 1.030 | complete
Ep 1297 | 드론4 목적지44 |  474스텝 | 배송 44/44 | 재적재  7 | 중계율 0.11 | alpha 1.038 | complete
Ep 1298 | 드론4 목적지29 |  373스텝 | 배송 29/29 | 재적재  3 | 중계율 0.12 | alpha 1.042 | complete
Ep 1299 | 드론6 목적지55 |  501스텝 | 배송 55/55 | 재적재  9 | 중계율 0.16 | alpha 1.044 | complete
Ep 1300 | 드론5 목적지49 |  834스텝 | 배송 49/49 | 재적재  8 | 중계율 0.26 | alpha 1.051 | complete
  [홀드아웃] 배송 49.9±0.9 완주 0.97 스텝 1035 점수 104.1 재적재 8.2 2홉+ 0.62 | 최고 106.9@ep600 정체 14/15
Ep 1301 | 드론5 목적지22 |  302스텝 | 배송 22/22 | 재적재  2 | 중계율 0.11 | alpha 1.058 | complete
Ep 1302 | 드론5 목적지46 |  377스텝 | 배송 46/46 | 재적재  8 | 중계율 0.10 | alpha 1.058 | complete
Ep 1303 | 드론5 목적지51 |  446스텝 | 배송 51/51 | 재적재  9 | 중계율 0.09 | alpha 1.067 | complete
Ep 1304 | 드론6 목적지41 |  405스텝 | 배송 41/41 | 재적재  7 | 중계율 0.07 | alpha 1.074 | complete
Ep 1305 | 드론6 목적지56 |  499스텝 | 배송 56/56 | 재적재  8 | 중계율 0.13 | alpha 1.072 | complete
Ep 1306 | 드론5 목적지51 |  633스텝 | 배송 51/51 | 재적재  8 | 중계율 0.15 | alpha 1.082 | complete
Ep 1307 | 드론3 목적지52 | 1000스텝 | 배송 50/52 | 재적재  9 | 중계율 0.37 | alpha 1.099 | step_limit
Ep 1308 | 드론5 목적지44 |  573스텝 | 배송 44/44 | 재적재  6 | 중계율 0.15 | alpha 1.104 | complete
Ep 1309 | 드론6 목적지65 |  762스텝 | 배송 65/65 | 재적재 10 | 중계율 0.13 | alpha 1.113 | complete
Ep 1310 | 드론4 목적지20 |  433스텝 | 배송 20/20 | 재적재  3 | 중계율 0.21 | alpha 1.133 | complete
Ep 1311 | 드론6 목적지70 |  837스텝 | 배송 70/70 | 재적재 11 | 중계율 0.23 | alpha 1.142 | complete
Ep 1312 | 드론4 목적지38 |  440스텝 | 배송 38/38 | 재적재  4 | 중계율 0.11 | alpha 1.136 | complete
Ep 1313 | 드론3 목적지39 |  642스텝 | 배송 39/39 | 재적재  7 | 중계율 0.12 | alpha 1.145 | complete
Ep 1314 | 드론3 목적지59 | 1000스텝 | 배송 57/59 | 재적재 10 | 중계율 0.21 | alpha 1.117 | step_limit
Ep 1315 | 드론5 목적지65 |  735스텝 | 배송 65/65 | 재적재 12 | 중계율 0.19 | alpha 1.106 | complete
Ep 1316 | 드론6 목적지67 |  590스텝 | 배송 67/67 | 재적재 12 | 중계율 0.16 | alpha 1.103 | complete
Ep 1317 | 드론4 목적지73 |  874스텝 | 배송 73/73 | 재적재 13 | 중계율 0.25 | alpha 1.101 | complete
Ep 1318 | 드론4 목적지24 |  514스텝 | 배송 24/24 | 재적재  4 | 중계율 0.23 | alpha 1.095 | complete
Ep 1319 | 드론4 목적지31 |  455스텝 | 배송 31/31 | 재적재  4 | 중계율 0.15 | alpha 1.102 | complete
Ep 1320 | 드론6 목적지47 |  425스텝 | 배송 47/47 | 재적재  6 | 중계율 0.10 | alpha 1.104 | complete
Ep 1321 | 드론4 목적지75 |  889스텝 | 배송 75/75 | 재적재 14 | 중계율 0.20 | alpha 1.110 | complete
Ep 1322 | 드론4 목적지49 |  707스텝 | 배송 49/49 | 재적재  9 | 중계율 0.15 | alpha 1.106 | complete
Ep 1323 | 드론5 목적지75 |  732스텝 | 배송 75/75 | 재적재 14 | 중계율 0.17 | alpha 1.100 | complete
Ep 1324 | 드론3 목적지46 |  927스텝 | 배송 46/46 | 재적재  8 | 중계율 0.28 | alpha 1.107 | complete
Ep 1325 | 드론3 목적지59 | 1000스텝 | 배송 51/59 | 재적재 10 | 중계율 0.23 | alpha 1.094 | step_limit
Ep 1326 | 드론3 목적지44 |  763스텝 | 배송 44/44 | 재적재  7 | 중계율 0.25 | alpha 1.094 | complete
Ep 1327 | 드론5 목적지32 |  278스텝 | 배송 32/32 | 재적재  5 | 중계율 0.08 | alpha 1.088 | complete
Ep 1328 | 드론6 목적지45 |  407스텝 | 배송 45/45 | 재적재  7 | 중계율 0.12 | alpha 1.076 | complete
Ep 1329 | 드론4 목적지41 |  695스텝 | 배송 41/41 | 재적재  6 | 중계율 0.22 | alpha 1.076 | complete
Ep 1330 | 드론5 목적지65 | 1000스텝 | 배송 62/65 | 재적재 10 | 중계율 0.23 | alpha 1.093 | step_limit
Ep 1331 | 드론6 목적지74 |  741스텝 | 배송 74/74 | 재적재 13 | 중계율 0.16 | alpha 1.116 | complete
Ep 1332 | 드론3 목적지35 |  681스텝 | 배송 35/35 | 재적재  5 | 중계율 0.19 | alpha 1.130 | complete
Ep 1333 | 드론3 목적지77 | 1000스텝 | 배송 66/77 | 재적재 13 | 중계율 0.25 | alpha 1.138 | step_limit
Ep 1334 | 드론4 목적지64 | 1000스텝 | 배송 63/64 | 재적재 11 | 중계율 0.24 | alpha 1.144 | step_limit
Ep 1335 | 드론6 목적지58 |  662스텝 | 배송 58/58 | 재적재 10 | 중계율 0.13 | alpha 1.149 | complete
Ep 1336 | 드론4 목적지56 |  899스텝 | 배송 56/56 | 재적재 10 | 중계율 0.25 | alpha 1.161 | complete
Ep 1337 | 드론5 목적지58 |  945스텝 | 배송 58/58 | 재적재 10 | 중계율 0.19 | alpha 1.153 | complete
Ep 1338 | 드론6 목적지52 |  442스텝 | 배송 52/52 | 재적재  6 | 중계율 0.09 | alpha 1.147 | complete
Ep 1339 | 드론4 목적지66 |  734스텝 | 배송 66/66 | 재적재 11 | 중계율 0.14 | alpha 1.133 | complete
Ep 1340 | 드론5 목적지72 |  593스텝 | 배송 72/72 | 재적재 13 | 중계율 0.11 | alpha 1.129 | complete
Ep 1341 | 드론5 목적지37 |  619스텝 | 배송 37/37 | 재적재  5 | 중계율 0.19 | alpha 1.130 | complete
Ep 1342 | 드론5 목적지72 |  653스텝 | 배송 72/72 | 재적재 12 | 중계율 0.10 | alpha 1.130 | complete
Ep 1343 | 드론3 목적지73 | 1000스텝 | 배송 60/73 | 재적재  9 | 중계율 0.29 | alpha 1.159 | step_limit
Ep 1344 | 드론5 목적지34 |  507스텝 | 배송 34/34 | 재적재  4 | 중계율 0.18 | alpha 1.167 | complete
Ep 1345 | 드론6 목적지41 |  311스텝 | 배송 41/41 | 재적재  6 | 중계율 0.06 | alpha 1.172 | complete
Ep 1346 | 드론6 목적지33 |  376스텝 | 배송 33/33 | 재적재  5 | 중계율 0.10 | alpha 1.173 | complete
Ep 1347 | 드론3 목적지42 |  885스텝 | 배송 42/42 | 재적재  7 | 중계율 0.26 | alpha 1.193 | complete
Ep 1348 | 드론3 목적지65 | 1000스텝 | 배송 63/65 | 재적재 11 | 중계율 0.20 | alpha 1.168 | step_limit
Ep 1349 | 드론3 목적지21 |  318스텝 | 배송 21/21 | 재적재  3 | 중계율 0.11 | alpha 1.169 | complete
Ep 1350 | 드론6 목적지56 |  397스텝 | 배송 56/56 | 재적재  7 | 중계율 0.11 | alpha 1.173 | complete
  [홀드아웃] 배송 49.0±3.5 완주 0.93 스텝 1035 점수 99.0 재적재 8.3 2홉+ 0.64 | 최고 106.9@ep600 정체 15/15

조기 종료. 최고 106.9@ep600
Training finished. best=106.9 @ ep600
