/home/kopt/enter/envs/wsl_neuroMCTS/lib/python3.10/site-packages/pygame/pkgdata.py:25: UserWarning: pkg_resources is deprecated as an API. See https://setuptools.pypa.io/en/latest/pkg_resources.html. The pkg_resources package is slated for removal as early as 2025-11-30. Refrain from using this package or pin to Setuptools<81.
  from pkg_resources import resource_stream, resource_exists
pygame 2.6.1 (SDL 2.28.4, Python 3.10.19)
Hello from the pygame community. https://www.pygame.org/contribute.html
집합 상위 학습 | 반경 300 상한 1000 무배송 500 gamma 0.997 구성=무작위 드론[3, 6] 목적지[20, 80] CC무작위 인스턴스=무작위 목표유지=off 완주보상=0.0 잔여페널티=0.1 규칙관측=False 규칙정규화=2.0 막힘페널티=0.0 도달권shaping=0.0 자기회귀=True 홀드아웃상한=3000 선택=makespan
/home/kopt/drone/proposed_src/pipeline/train_v5_26_09_15_23.py:335: UserWarning: Converting a tensor with requires_grad=True to a scalar may lead to unexpected behavior.
Consider using tensor.detach() first. (Triggered internally at /pytorch/torch/csrc/autograd/generated/python_variable_methods.cpp:836.)
  writer.add_scalar("train/alpha", float(log_alpha.exp()), ep)
Ep 1 | 드론6 목적지57 |  660스텝 | 배송 57/57 | 재적재  9 | 중계율 0.17 | alpha 0.100 | complete
Ep 2 | 드론3 목적지50 | 1000스텝 | 배송 41/50 | 재적재  7 | 중계율 0.18 | alpha 0.100 | step_limit
Ep 3 | 드론6 목적지72 | 1000스텝 | 배송 71/72 | 재적재 12 | 중계율 0.15 | alpha 0.100 | step_limit
Ep 4 | 드론3 목적지46 | 1000스텝 | 배송 41/46 | 재적재  8 | 중계율 0.15 | alpha 0.099 | step_limit
Ep 5 | 드론4 목적지58 | 1000스텝 | 배송 45/58 | 재적재  6 | 중계율 0.31 | alpha 0.103 | step_limit
Ep 6 | 드론3 목적지61 | 1000스텝 | 배송 56/61 | 재적재  9 | 중계율 0.31 | alpha 0.113 | step_limit
Ep 7 | 드론3 목적지30 |  673스텝 | 배송 30/30 | 재적재  4 | 중계율 0.32 | alpha 0.120 | complete
Ep 8 | 드론3 목적지69 | 1000스텝 | 배송 59/69 | 재적재  9 | 중계율 0.24 | alpha 0.131 | step_limit
Ep 9 | 드론4 목적지66 |  997스텝 | 배송 66/66 | 재적재 11 | 중계율 0.31 | alpha 0.142 | complete
Ep 10 | 드론4 목적지26 | 1000스텝 | 배송 19/26 | 재적재  2 | 중계율 0.16 | alpha 0.154 | step_limit
Ep 11 | 드론6 목적지32 |  253스텝 | 배송 32/32 | 재적재  4 | 중계율 0.13 | alpha 0.157 | complete
Ep 12 | 드론4 목적지35 |  462스텝 | 배송 35/35 | 재적재  5 | 중계율 0.13 | alpha 0.162 | complete
Ep 13 | 드론4 목적지23 |  434스텝 | 배송 23/23 | 재적재  3 | 중계율 0.16 | alpha 0.168 | complete
Ep 14 | 드론3 목적지61 | 1000스텝 | 배송 48/61 | 재적재  7 | 중계율 0.23 | alpha 0.181 | step_limit
Ep 15 | 드론5 목적지78 |  873스텝 | 배송 78/78 | 재적재 13 | 중계율 0.19 | alpha 0.194 | complete
Ep 16 | 드론6 목적지46 |  435스텝 | 배송 46/46 | 재적재  6 | 중계율 0.08 | alpha 0.200 | complete
Ep 17 | 드론5 목적지74 |  609스텝 | 배송 74/74 | 재적재 13 | 중계율 0.10 | alpha 0.209 | complete
Ep 18 | 드론4 목적지24 |  379스텝 | 배송 24/24 | 재적재  4 | 중계율 0.19 | alpha 0.215 | complete
Ep 19 | 드론5 목적지24 |  288스텝 | 배송 24/24 | 재적재  4 | 중계율 0.19 | alpha 0.219 | complete
Ep 20 | 드론4 목적지66 |  824스텝 | 배송 66/66 | 재적재 12 | 중계율 0.14 | alpha 0.233 | complete
Ep 21 | 드론4 목적지43 |  558스텝 | 배송 43/43 | 재적재  7 | 중계율 0.16 | alpha 0.243 | complete
Ep 22 | 드론4 목적지43 |  507스텝 | 배송 43/43 | 재적재  7 | 중계율 0.09 | alpha 0.252 | complete
Ep 23 | 드론3 목적지22 |  555스텝 | 배송 22/22 | 재적재  3 | 중계율 0.19 | alpha 0.262 | complete
Ep 24 | 드론4 목적지35 |  636스텝 | 배송 35/35 | 재적재  5 | 중계율 0.20 | alpha 0.275 | complete
Ep 25 | 드론5 목적지25 |  295스텝 | 배송 25/25 | 재적재  4 | 중계율 0.19 | alpha 0.281 | complete
Ep 26 | 드론4 목적지79 |  832스텝 | 배송 79/79 | 재적재 14 | 중계율 0.11 | alpha 0.298 | complete
Ep 27 | 드론6 목적지63 |  832스텝 | 배송 63/63 | 재적재  9 | 중계율 0.27 | alpha 0.316 | complete
Ep 28 | 드론3 목적지77 | 1000스텝 | 배송 57/77 | 재적재  9 | 중계율 0.20 | alpha 0.339 | step_limit
Ep 29 | 드론4 목적지34 |  581스텝 | 배송 34/34 | 재적재  4 | 중계율 0.24 | alpha 0.353 | complete
Ep 30 | 드론4 목적지25 |  467스텝 | 배송 25/25 | 재적재  3 | 중계율 0.23 | alpha 0.365 | complete
Ep 31 | 드론6 목적지68 |  482스텝 | 배송 68/68 | 재적재 12 | 중계율 0.12 | alpha 0.378 | complete
Ep 32 | 드론4 목적지79 | 1000스텝 | 배송 53/79 | 재적재 10 | 중계율 0.22 | alpha 0.405 | step_limit
Ep 33 | 드론4 목적지62 | 1000스텝 | 배송 58/62 | 재적재 10 | 중계율 0.27 | alpha 0.436 | step_limit
Ep 34 | 드론4 목적지33 |  487스텝 | 배송 33/33 | 재적재  5 | 중계율 0.14 | alpha 0.452 | complete
Ep 35 | 드론4 목적지26 |  478스텝 | 배송 26/26 | 재적재  3 | 중계율 0.21 | alpha 0.467 | complete
Ep 36 | 드론4 목적지57 |  923스텝 | 배송 57/57 | 재적재  9 | 중계율 0.27 | alpha 0.499 | complete
Ep 37 | 드론4 목적지29 |  789스텝 | 배송 29/29 | 재적재  4 | 중계율 0.27 | alpha 0.528 | complete
Ep 38 | 드론5 목적지63 |  813스텝 | 배송 63/63 | 재적재 10 | 중계율 0.23 | alpha 0.559 | complete
Ep 39 | 드론5 목적지44 | 1000스텝 | 배송 40/44 | 재적재  6 | 중계율 0.30 | alpha 0.601 | step_limit
Ep 40 | 드론6 목적지56 |  563스텝 | 배송 56/56 | 재적재  8 | 중계율 0.20 | alpha 0.626 | complete
Ep 41 | 드론6 목적지21 |  178스텝 | 배송 21/21 | 재적재  0 | 중계율 0.22 | alpha 0.633 | complete
Ep 42 | 드론3 목적지24 |  800스텝 | 배송 17/24 | 재적재  2 | 중계율 0.24 | alpha 0.670 | no_progress
Ep 43 | 드론4 목적지52 |  740스텝 | 배송 52/52 | 재적재  9 | 중계율 0.14 | alpha 0.705 | complete
Ep 44 | 드론4 목적지72 |  877스텝 | 배송 72/72 | 재적재 12 | 중계율 0.13 | alpha 0.747 | complete
Ep 45 | 드론4 목적지52 |  996스텝 | 배송 52/52 | 재적재  8 | 중계율 0.33 | alpha 0.800 | complete
Ep 46 | 드론6 목적지72 |  422스텝 | 배송 72/72 | 재적재 11 | 중계율 0.10 | alpha 0.824 | complete
Ep 47 | 드론4 목적지69 |  815스텝 | 배송 69/69 | 재적재 13 | 중계율 0.10 | alpha 0.871 | complete
Ep 48 | 드론4 목적지56 |  844스텝 | 배송 56/56 | 재적재  9 | 중계율 0.18 | alpha 0.922 | complete
Ep 49 | 드론6 목적지78 |  711스텝 | 배송 78/78 | 재적재 14 | 중계율 0.17 | alpha 0.965 | complete
Ep 50 | 드론5 목적지40 | 1000스텝 | 배송 34/40 | 재적재  6 | 중계율 0.30 | alpha 1.024 | step_limit
  [홀드아웃] 배송 49.3±3.2 완주 0.88 스텝 1171 점수 93.6 재적재 8.2 2홉+ 0.62 | 최고 93.6@ep50 정체 0/15  ← 갱신
Ep 51 | 드론6 목적지51 |  354스텝 | 배송 51/51 | 재적재  6 | 중계율 0.13 | alpha 1.044 | complete
Ep 52 | 드론3 목적지42 | 1000스텝 | 배송 40/42 | 재적재  7 | 중계율 0.21 | alpha 1.103 | step_limit
Ep 53 | 드론6 목적지60 |  592스텝 | 배송 60/60 | 재적재 11 | 중계율 0.11 | alpha 1.139 | complete
Ep 54 | 드론4 목적지49 |  774스텝 | 배송 49/49 | 재적재  9 | 중계율 0.13 | alpha 1.187 | complete
Ep 55 | 드론4 목적지40 |  469스텝 | 배송 40/40 | 재적재  6 | 중계율 0.13 | alpha 1.214 | complete
Ep 56 | 드론5 목적지61 |  755스텝 | 배송 61/61 | 재적재 10 | 중계율 0.16 | alpha 1.257 | complete
Ep 57 | 드론3 목적지53 | 1000스텝 | 배송 42/53 | 재적재  8 | 중계율 0.22 | alpha 1.308 | step_limit
Ep 58 | 드론6 목적지57 |  496스텝 | 배송 57/57 | 재적재  8 | 중계율 0.16 | alpha 1.333 | complete
Ep 59 | 드론3 목적지50 | 1000스텝 | 배송 44/50 | 재적재  7 | 중계율 0.17 | alpha 1.378 | step_limit
Ep 60 | 드론4 목적지21 |  427스텝 | 배송 21/21 | 재적재  3 | 중계율 0.16 | alpha 1.398 | complete
Ep 61 | 드론5 목적지26 |  294스텝 | 배송 26/26 | 재적재  3 | 중계율 0.11 | alpha 1.413 | complete
Ep 62 | 드론5 목적지55 |  955스텝 | 배송 55/55 | 재적재 10 | 중계율 0.26 | alpha 1.456 | complete
Ep 63 | 드론6 목적지68 | 1000스텝 | 배송 65/68 | 재적재 12 | 중계율 0.19 | alpha 1.483 | step_limit
Ep 64 | 드론3 목적지41 | 1000스텝 | 배송 30/41 | 재적재  5 | 중계율 0.18 | alpha 1.497 | step_limit
Ep 65 | 드론5 목적지68 |  575스텝 | 배송 68/68 | 재적재 12 | 중계율 0.08 | alpha 1.511 | complete
Ep 66 | 드론3 목적지61 | 1000스텝 | 배송 57/61 | 재적재 10 | 중계율 0.14 | alpha 1.520 | step_limit
Ep 67 | 드론3 목적지53 | 1000스텝 | 배송 44/53 | 재적재  7 | 중계율 0.24 | alpha 1.528 | step_limit
Ep 68 | 드론3 목적지44 |  887스텝 | 배송 44/44 | 재적재  8 | 중계율 0.16 | alpha 1.525 | complete
Ep 69 | 드론4 목적지34 |  415스텝 | 배송 34/34 | 재적재  4 | 중계율 0.12 | alpha 1.522 | complete
Ep 70 | 드론4 목적지31 | 1000스텝 | 배송 27/31 | 재적재  4 | 중계율 0.32 | alpha 1.505 | step_limit
Ep 71 | 드론5 목적지71 |  716스텝 | 배송 71/71 | 재적재 12 | 중계율 0.09 | alpha 1.493 | complete
Ep 72 | 드론3 목적지53 | 1000스텝 | 배송 41/53 | 재적재  7 | 중계율 0.23 | alpha 1.498 | step_limit
Ep 73 | 드론4 목적지21 |  909스텝 | 배송 21/21 | 재적재  3 | 중계율 0.30 | alpha 1.518 | complete
Ep 74 | 드론5 목적지45 |  390스텝 | 배송 45/45 | 재적재  6 | 중계율 0.12 | alpha 1.519 | complete
Ep 75 | 드론5 목적지40 |  617스텝 | 배송 40/40 | 재적재  6 | 중계율 0.10 | alpha 1.525 | complete
Ep 76 | 드론4 목적지75 | 1000스텝 | 배송 64/75 | 재적재 10 | 중계율 0.25 | alpha 1.526 | step_limit
Ep 77 | 드론5 목적지24 |  324스텝 | 배송 24/24 | 재적재  2 | 중계율 0.14 | alpha 1.525 | complete
Ep 78 | 드론4 목적지64 | 1000스텝 | 배송 60/64 | 재적재 10 | 중계율 0.18 | alpha 1.525 | step_limit
Ep 79 | 드론3 목적지41 | 1000스텝 | 배송 37/41 | 재적재  7 | 중계율 0.24 | alpha 1.501 | step_limit
Ep 80 | 드론3 목적지69 | 1000스텝 | 배송 59/69 | 재적재 11 | 중계율 0.17 | alpha 1.458 | step_limit
Ep 81 | 드론6 목적지47 |  350스텝 | 배송 47/47 | 재적재  7 | 중계율 0.07 | alpha 1.454 | complete
Ep 82 | 드론6 목적지69 |  557스텝 | 배송 69/69 | 재적재 10 | 중계율 0.18 | alpha 1.438 | complete
Ep 83 | 드론5 목적지31 |  549스텝 | 배송 31/31 | 재적재  4 | 중계율 0.25 | alpha 1.440 | complete
Ep 84 | 드론3 목적지33 | 1000스텝 | 배송 31/33 | 재적재  5 | 중계율 0.27 | alpha 1.465 | step_limit
Ep 85 | 드론4 목적지38 |  565스텝 | 배송 38/38 | 재적재  5 | 중계율 0.08 | alpha 1.477 | complete
Ep 86 | 드론6 목적지24 |  221스텝 | 배송 24/24 | 재적재  1 | 중계율 0.16 | alpha 1.480 | complete
Ep 87 | 드론3 목적지30 |  596스텝 | 배송 30/30 | 재적재  5 | 중계율 0.21 | alpha 1.469 | complete
Ep 88 | 드론4 목적지38 |  662스텝 | 배송 38/38 | 재적재  6 | 중계율 0.25 | alpha 1.459 | complete
Ep 89 | 드론3 목적지57 | 1000스텝 | 배송 50/57 | 재적재  8 | 중계율 0.24 | alpha 1.430 | step_limit
Ep 90 | 드론6 목적지21 |  183스텝 | 배송 21/21 | 재적재  0 | 중계율 0.16 | alpha 1.419 | complete
Ep 91 | 드론6 목적지77 |  738스텝 | 배송 77/77 | 재적재 13 | 중계율 0.17 | alpha 1.421 | complete
Ep 92 | 드론4 목적지69 | 1000스텝 | 배송 68/69 | 재적재 12 | 중계율 0.22 | alpha 1.414 | step_limit
Ep 93 | 드론6 목적지60 |  578스텝 | 배송 60/60 | 재적재  9 | 중계율 0.10 | alpha 1.419 | complete
Ep 94 | 드론6 목적지45 |  373스텝 | 배송 45/45 | 재적재  6 | 중계율 0.09 | alpha 1.410 | complete
Ep 95 | 드론4 목적지71 | 1000스텝 | 배송 67/71 | 재적재 11 | 중계율 0.18 | alpha 1.399 | step_limit
Ep 96 | 드론3 목적지74 | 1000스텝 | 배송 63/74 | 재적재 11 | 중계율 0.22 | alpha 1.430 | step_limit
Ep 97 | 드론6 목적지47 |  515스텝 | 배송 47/47 | 재적재  7 | 중계율 0.16 | alpha 1.436 | complete
Ep 98 | 드론6 목적지50 |  738스텝 | 배송 50/50 | 재적재  9 | 중계율 0.24 | alpha 1.457 | complete
Ep 99 | 드론6 목적지35 |  326스텝 | 배송 35/35 | 재적재  3 | 중계율 0.11 | alpha 1.476 | complete
Ep 100 | 드론3 목적지40 |  843스텝 | 배송 40/40 | 재적재  6 | 중계율 0.26 | alpha 1.507 | complete
  [홀드아웃] 배송 50.0±0.0 완주 1.00 스텝 1054 점수 106.5 재적재 8.5 2홉+ 0.61 | 최고 106.5@ep100 정체 0/15  ← 갱신
Ep 101 | 드론3 목적지23 |  685스텝 | 배송 23/23 | 재적재  2 | 중계율 0.23 | alpha 1.521 | complete
Ep 102 | 드론3 목적지21 |  488스텝 | 배송 21/21 | 재적재  4 | 중계율 0.28 | alpha 1.530 | complete
Ep 103 | 드론6 목적지72 |  602스텝 | 배송 72/72 | 재적재 12 | 중계율 0.11 | alpha 1.542 | complete
Ep 104 | 드론3 목적지27 | 1000스텝 | 배송 26/27 | 재적재  3 | 중계율 0.29 | alpha 1.542 | step_limit
Ep 105 | 드론4 목적지63 |  939스텝 | 배송 63/63 | 재적재 11 | 중계율 0.16 | alpha 1.552 | complete
Ep 106 | 드론5 목적지58 |  622스텝 | 배송 58/58 | 재적재 10 | 중계율 0.11 | alpha 1.555 | complete
Ep 107 | 드론6 목적지75 |  697스텝 | 배송 75/75 | 재적재 11 | 중계율 0.23 | alpha 1.560 | complete
Ep 108 | 드론4 목적지55 | 1000스텝 | 배송 48/55 | 재적재  8 | 중계율 0.26 | alpha 1.540 | step_limit
Ep 109 | 드론5 목적지64 |  903스텝 | 배송 64/64 | 재적재 10 | 중계율 0.24 | alpha 1.536 | complete
Ep 110 | 드론4 목적지55 |  860스텝 | 배송 55/55 | 재적재 10 | 중계율 0.20 | alpha 1.521 | complete
Ep 111 | 드론5 목적지67 |  877스텝 | 배송 67/67 | 재적재 11 | 중계율 0.22 | alpha 1.501 | complete
Ep 112 | 드론4 목적지46 |  830스텝 | 배송 46/46 | 재적재  8 | 중계율 0.23 | alpha 1.494 | complete
Ep 113 | 드론5 목적지43 |  528스텝 | 배송 43/43 | 재적재  7 | 중계율 0.12 | alpha 1.498 | complete
Ep 114 | 드론3 목적지80 | 1000스텝 | 배송 61/80 | 재적재 11 | 중계율 0.19 | alpha 1.509 | step_limit
Ep 115 | 드론6 목적지78 |  603스텝 | 배송 78/78 | 재적재 13 | 중계율 0.12 | alpha 1.534 | complete
Ep 116 | 드론5 목적지72 |  717스텝 | 배송 72/72 | 재적재 13 | 중계율 0.18 | alpha 1.555 | complete
Ep 117 | 드론4 목적지54 |  834스텝 | 배송 54/54 | 재적재 10 | 중계율 0.20 | alpha 1.567 | complete
Ep 118 | 드론3 목적지63 | 1000스텝 | 배송 60/63 | 재적재 10 | 중계율 0.24 | alpha 1.571 | step_limit
Ep 119 | 드론6 목적지66 |  720스텝 | 배송 66/66 | 재적재 10 | 중계율 0.13 | alpha 1.572 | complete
Ep 120 | 드론5 목적지70 |  850스텝 | 배송 70/70 | 재적재 13 | 중계율 0.17 | alpha 1.585 | complete
Ep 121 | 드론5 목적지45 |  506스텝 | 배송 45/45 | 재적재  7 | 중계율 0.15 | alpha 1.597 | complete
Ep 122 | 드론5 목적지26 |  404스텝 | 배송 26/26 | 재적재  4 | 중계율 0.26 | alpha 1.592 | complete
Ep 123 | 드론6 목적지30 |  604스텝 | 배송 30/30 | 재적재  5 | 중계율 0.22 | alpha 1.589 | complete
Ep 124 | 드론3 목적지80 | 1000스텝 | 배송 60/80 | 재적재 11 | 중계율 0.20 | alpha 1.605 | step_limit
Ep 125 | 드론6 목적지41 |  356스텝 | 배송 41/41 | 재적재  6 | 중계율 0.15 | alpha 1.618 | complete
Ep 126 | 드론4 목적지50 | 1000스텝 | 배송 47/50 | 재적재  7 | 중계율 0.28 | alpha 1.626 | step_limit
Ep 127 | 드론4 목적지37 |  678스텝 | 배송 37/37 | 재적재  5 | 중계율 0.30 | alpha 1.643 | complete
Ep 128 | 드론3 목적지42 | 1000스텝 | 배송 40/42 | 재적재  7 | 중계율 0.24 | alpha 1.642 | step_limit
Ep 129 | 드론5 목적지52 |  578스텝 | 배송 52/52 | 재적재  9 | 중계율 0.14 | alpha 1.644 | complete
Ep 130 | 드론3 목적지40 | 1000스텝 | 배송 37/40 | 재적재  7 | 중계율 0.26 | alpha 1.648 | step_limit
Ep 131 | 드론4 목적지39 |  565스텝 | 배송 39/39 | 재적재  6 | 중계율 0.15 | alpha 1.633 | complete
Ep 132 | 드론6 목적지63 |  435스텝 | 배송 63/63 | 재적재  9 | 중계율 0.07 | alpha 1.650 | complete
Ep 133 | 드론4 목적지61 |  746스텝 | 배송 61/61 | 재적재 10 | 중계율 0.14 | alpha 1.662 | complete
Ep 134 | 드론5 목적지22 |  183스텝 | 배송 22/22 | 재적재  1 | 중계율 0.10 | alpha 1.666 | complete
Ep 135 | 드론3 목적지20 |  562스텝 | 배송 20/20 | 재적재  3 | 중계율 0.21 | alpha 1.660 | complete
Ep 136 | 드론6 목적지57 |  709스텝 | 배송 57/57 | 재적재  9 | 중계율 0.21 | alpha 1.683 | complete
Ep 137 | 드론4 목적지24 |  346스텝 | 배송 24/24 | 재적재  3 | 중계율 0.17 | alpha 1.693 | complete
Ep 138 | 드론5 목적지35 |  324스텝 | 배송 35/35 | 재적재  4 | 중계율 0.07 | alpha 1.704 | complete
Ep 139 | 드론4 목적지29 |  414스텝 | 배송 29/29 | 재적재  4 | 중계율 0.20 | alpha 1.707 | complete
Ep 140 | 드론3 목적지32 |  923스텝 | 배송 32/32 | 재적재  5 | 중계율 0.27 | alpha 1.724 | complete
Ep 141 | 드론4 목적지54 |  703스텝 | 배송 54/54 | 재적재 10 | 중계율 0.12 | alpha 1.732 | complete
Ep 142 | 드론3 목적지42 |  714스텝 | 배송 42/42 | 재적재  7 | 중계율 0.16 | alpha 1.715 | complete
Ep 143 | 드론3 목적지23 |  671스텝 | 배송 23/23 | 재적재  3 | 중계율 0.24 | alpha 1.668 | complete
Ep 144 | 드론4 목적지61 | 1000스텝 | 배송 57/61 | 재적재 10 | 중계율 0.18 | alpha 1.678 | step_limit
Ep 145 | 드론4 목적지64 |  928스텝 | 배송 64/64 | 재적재 11 | 중계율 0.15 | alpha 1.657 | complete
Ep 146 | 드론3 목적지71 | 1000스텝 | 배송 51/71 | 재적재  8 | 중계율 0.15 | alpha 1.652 | step_limit
Ep 147 | 드론3 목적지48 | 1000스텝 | 배송 47/48 | 재적재  9 | 중계율 0.16 | alpha 1.652 | step_limit
Ep 148 | 드론5 목적지36 |  544스텝 | 배송 36/36 | 재적재  4 | 중계율 0.22 | alpha 1.670 | complete
Ep 149 | 드론5 목적지40 |  456스텝 | 배송 40/40 | 재적재  4 | 중계율 0.13 | alpha 1.681 | complete
Ep 150 | 드론4 목적지26 |  673스텝 | 배송 26/26 | 재적재  2 | 중계율 0.14 | alpha 1.695 | complete
  [홀드아웃] 배송 49.7±1.7 완주 0.97 스텝 1032 점수 104.1 재적재 8.3 2홉+ 0.63 | 최고 106.5@ep100 정체 1/15
Ep 151 | 드론5 목적지70 | 1000스텝 | 배송 69/70 | 재적재 11 | 중계율 0.15 | alpha 1.691 | step_limit
Ep 152 | 드론6 목적지48 |  373스텝 | 배송 48/48 | 재적재  6 | 중계율 0.14 | alpha 1.692 | complete
Ep 153 | 드론6 목적지57 |  915스텝 | 배송 57/57 | 재적재  9 | 중계율 0.20 | alpha 1.688 | complete
Ep 154 | 드론6 목적지34 |  275스텝 | 배송 34/34 | 재적재  5 | 중계율 0.13 | alpha 1.694 | complete
Ep 155 | 드론6 목적지80 |  884스텝 | 배송 80/80 | 재적재 14 | 중계율 0.18 | alpha 1.711 | complete
Ep 156 | 드론6 목적지59 |  628스텝 | 배송 59/59 | 재적재  9 | 중계율 0.18 | alpha 1.691 | complete
Ep 157 | 드론3 목적지42 |  878스텝 | 배송 42/42 | 재적재  8 | 중계율 0.16 | alpha 1.697 | complete
Ep 158 | 드론5 목적지76 | 1000스텝 | 배송 70/76 | 재적재 13 | 중계율 0.10 | alpha 1.670 | step_limit
Ep 159 | 드론6 목적지47 |  415스텝 | 배송 47/47 | 재적재  8 | 중계율 0.13 | alpha 1.659 | complete
Ep 160 | 드론3 목적지62 | 1000스텝 | 배송 55/62 | 재적재  9 | 중계율 0.22 | alpha 1.658 | step_limit
Ep 161 | 드론4 목적지31 |  534스텝 | 배송 31/31 | 재적재  5 | 중계율 0.19 | alpha 1.671 | complete
Ep 162 | 드론4 목적지26 |  647스텝 | 배송 26/26 | 재적재  4 | 중계율 0.23 | alpha 1.682 | complete
Ep 163 | 드론5 목적지21 |  491스텝 | 배송 21/21 | 재적재  2 | 중계율 0.28 | alpha 1.675 | complete
Ep 164 | 드론6 목적지79 | 1000스텝 | 배송 77/79 | 재적재 14 | 중계율 0.17 | alpha 1.607 | step_limit
Ep 165 | 드론6 목적지47 |  320스텝 | 배송 47/47 | 재적재  6 | 중계율 0.07 | alpha 1.595 | complete
Ep 166 | 드론4 목적지77 |  908스텝 | 배송 77/77 | 재적재 13 | 중계율 0.15 | alpha 1.575 | complete
Ep 167 | 드론5 목적지77 | 1000스텝 | 배송 72/77 | 재적재 11 | 중계율 0.25 | alpha 1.556 | step_limit
Ep 168 | 드론6 목적지29 |  365스텝 | 배송 29/29 | 재적재  4 | 중계율 0.12 | alpha 1.530 | complete
Ep 169 | 드론6 목적지59 |  550스텝 | 배송 59/59 | 재적재 10 | 중계율 0.18 | alpha 1.524 | complete
Ep 170 | 드론4 목적지74 | 1000스텝 | 배송 63/74 | 재적재 10 | 중계율 0.26 | alpha 1.512 | step_limit
Ep 171 | 드론5 목적지34 |  376스텝 | 배송 34/34 | 재적재  4 | 중계율 0.07 | alpha 1.496 | complete
Ep 172 | 드론3 목적지43 |  957스텝 | 배송 43/43 | 재적재  8 | 중계율 0.24 | alpha 1.502 | complete
Ep 173 | 드론4 목적지35 |  826스텝 | 배송 35/35 | 재적재  5 | 중계율 0.26 | alpha 1.505 | complete
Ep 174 | 드론6 목적지43 |  384스텝 | 배송 43/43 | 재적재  6 | 중계율 0.10 | alpha 1.518 | complete
Ep 175 | 드론6 목적지30 |  358스텝 | 배송 30/30 | 재적재  3 | 중계율 0.18 | alpha 1.517 | complete
Ep 176 | 드론6 목적지29 |  315스텝 | 배송 29/29 | 재적재  4 | 중계율 0.16 | alpha 1.523 | complete
Ep 177 | 드론3 목적지45 | 1000스텝 | 배송 40/45 | 재적재  7 | 중계율 0.26 | alpha 1.500 | step_limit
Ep 178 | 드론3 목적지20 |  681스텝 | 배송 20/20 | 재적재  3 | 중계율 0.29 | alpha 1.497 | complete
Ep 179 | 드론6 목적지66 |  661스텝 | 배송 66/66 | 재적재 11 | 중계율 0.15 | alpha 1.472 | complete
Ep 180 | 드론6 목적지22 |  340스텝 | 배송 22/22 | 재적재  0 | 중계율 0.17 | alpha 1.473 | complete
Ep 181 | 드론6 목적지77 |  598스텝 | 배송 77/77 | 재적재 11 | 중계율 0.17 | alpha 1.459 | complete
Ep 182 | 드론4 목적지74 |  881스텝 | 배송 74/74 | 재적재 14 | 중계율 0.18 | alpha 1.435 | complete
Ep 183 | 드론6 목적지40 |  320스텝 | 배송 40/40 | 재적재  6 | 중계율 0.05 | alpha 1.420 | complete
Ep 184 | 드론4 목적지77 | 1000스텝 | 배송 76/77 | 재적재 13 | 중계율 0.17 | alpha 1.389 | step_limit
Ep 185 | 드론5 목적지72 |  783스텝 | 배송 72/72 | 재적재 13 | 중계율 0.19 | alpha 1.387 | complete
Ep 186 | 드론5 목적지74 |  635스텝 | 배송 74/74 | 재적재 13 | 중계율 0.11 | alpha 1.388 | complete
Ep 187 | 드론3 목적지65 |  936스텝 | 배송 65/65 | 재적재 11 | 중계율 0.11 | alpha 1.378 | complete
Ep 188 | 드론3 목적지80 | 1000스텝 | 배송 51/80 | 재적재  9 | 중계율 0.24 | alpha 1.400 | step_limit
Ep 189 | 드론5 목적지55 |  723스텝 | 배송 55/55 | 재적재 10 | 중계율 0.19 | alpha 1.374 | complete
Ep 190 | 드론4 목적지36 |  698스텝 | 배송 36/36 | 재적재  6 | 중계율 0.19 | alpha 1.343 | complete
Ep 191 | 드론3 목적지28 |  767스텝 | 배송 28/28 | 재적재  5 | 중계율 0.17 | alpha 1.350 | complete
Ep 192 | 드론6 목적지74 |  603스텝 | 배송 74/74 | 재적재 13 | 중계율 0.11 | alpha 1.363 | complete
Ep 193 | 드론4 목적지61 | 1000스텝 | 배송 58/61 | 재적재 10 | 중계율 0.24 | alpha 1.336 | step_limit
Ep 194 | 드론6 목적지73 |  571스텝 | 배송 73/73 | 재적재 11 | 중계율 0.10 | alpha 1.335 | complete
Ep 195 | 드론5 목적지69 |  848스텝 | 배송 69/69 | 재적재 13 | 중계율 0.18 | alpha 1.310 | complete
Ep 196 | 드론4 목적지47 |  715스텝 | 배송 47/47 | 재적재  8 | 중계율 0.10 | alpha 1.300 | complete
Ep 197 | 드론5 목적지27 |  474스텝 | 배송 27/27 | 재적재  3 | 중계율 0.16 | alpha 1.293 | complete
Ep 198 | 드론4 목적지56 |  679스텝 | 배송 56/56 | 재적재  9 | 중계율 0.08 | alpha 1.279 | complete
Ep 199 | 드론3 목적지57 | 1000스텝 | 배송 52/57 | 재적재  9 | 중계율 0.21 | alpha 1.290 | step_limit
Ep 200 | 드론6 목적지64 |  881스텝 | 배송 64/64 | 재적재 11 | 중계율 0.16 | alpha 1.303 | complete
  [홀드아웃] 배송 50.0±0.2 완주 0.97 스텝 1068 점수 103.9 재적재 8.2 2홉+ 0.64 | 최고 106.5@ep100 정체 2/15
Ep 201 | 드론6 목적지38 |  845스텝 | 배송 38/38 | 재적재  5 | 중계율 0.23 | alpha 1.305 | complete
Ep 202 | 드론3 목적지32 |  982스텝 | 배송 32/32 | 재적재  5 | 중계율 0.22 | alpha 1.312 | complete
Ep 203 | 드론4 목적지23 |  442스텝 | 배송 23/23 | 재적재  3 | 중계율 0.12 | alpha 1.307 | complete
Ep 204 | 드론4 목적지38 |  579스텝 | 배송 38/38 | 재적재  6 | 중계율 0.14 | alpha 1.305 | complete
Ep 205 | 드론4 목적지27 |  411스텝 | 배송 27/27 | 재적재  3 | 중계율 0.12 | alpha 1.302 | complete
Ep 206 | 드론3 목적지58 | 1000스텝 | 배송 52/58 | 재적재 10 | 중계율 0.25 | alpha 1.285 | step_limit
Ep 207 | 드론4 목적지52 | 1000스텝 | 배송 51/52 | 재적재  8 | 중계율 0.24 | alpha 1.278 | step_limit
Ep 208 | 드론4 목적지60 | 1000스텝 | 배송 51/60 | 재적재  8 | 중계율 0.23 | alpha 1.313 | step_limit
Ep 209 | 드론3 목적지72 | 1000스텝 | 배송 51/72 | 재적재  9 | 중계율 0.21 | alpha 1.331 | step_limit
Ep 210 | 드론6 목적지39 |  383스텝 | 배송 39/39 | 재적재  4 | 중계율 0.11 | alpha 1.339 | complete
Ep 211 | 드론3 목적지55 |  942스텝 | 배송 55/55 | 재적재  9 | 중계율 0.18 | alpha 1.353 | complete
Ep 212 | 드론4 목적지62 |  955스텝 | 배송 62/62 | 재적재 11 | 중계율 0.13 | alpha 1.345 | complete
Ep 213 | 드론5 목적지77 |  682스텝 | 배송 77/77 | 재적재 14 | 중계율 0.07 | alpha 1.334 | complete
Ep 214 | 드론4 목적지44 |  640스텝 | 배송 44/44 | 재적재  8 | 중계율 0.14 | alpha 1.363 | complete
Ep 215 | 드론3 목적지49 | 1000스텝 | 배송 48/49 | 재적재  8 | 중계율 0.28 | alpha 1.355 | step_limit
Ep 216 | 드론6 목적지29 |  363스텝 | 배송 29/29 | 재적재  5 | 중계율 0.15 | alpha 1.341 | complete
Ep 217 | 드론5 목적지36 |  353스텝 | 배송 36/36 | 재적재  4 | 중계율 0.09 | alpha 1.365 | complete
Ep 218 | 드론5 목적지55 |  483스텝 | 배송 55/55 | 재적재  9 | 중계율 0.09 | alpha 1.369 | complete
Ep 219 | 드론3 목적지35 |  688스텝 | 배송 35/35 | 재적재  5 | 중계율 0.22 | alpha 1.378 | complete
Ep 220 | 드론6 목적지73 |  681스텝 | 배송 73/73 | 재적재 11 | 중계율 0.14 | alpha 1.375 | complete
Ep 221 | 드론6 목적지25 |  245스텝 | 배송 25/25 | 재적재  0 | 중계율 0.12 | alpha 1.384 | complete
Ep 222 | 드론4 목적지30 |  718스텝 | 배송 30/30 | 재적재  5 | 중계율 0.17 | alpha 1.379 | complete
Ep 223 | 드론4 목적지45 | 1000스텝 | 배송 39/45 | 재적재  6 | 중계율 0.22 | alpha 1.364 | step_limit
Ep 224 | 드론5 목적지76 | 1000스텝 | 배송 70/76 | 재적재 11 | 중계율 0.22 | alpha 1.364 | step_limit
Ep 225 | 드론5 목적지70 |  659스텝 | 배송 70/70 | 재적재 11 | 중계율 0.10 | alpha 1.369 | complete
Ep 226 | 드론6 목적지73 |  524스텝 | 배송 73/73 | 재적재 11 | 중계율 0.08 | alpha 1.378 | complete
Ep 227 | 드론6 목적지56 |  378스텝 | 배송 56/56 | 재적재  9 | 중계율 0.09 | alpha 1.370 | complete
Ep 228 | 드론5 목적지24 |  339스텝 | 배송 24/24 | 재적재  2 | 중계율 0.11 | alpha 1.362 | complete
Ep 229 | 드론3 목적지32 |  993스텝 | 배송 32/32 | 재적재  6 | 중계율 0.30 | alpha 1.346 | complete
Ep 230 | 드론3 목적지62 | 1000스텝 | 배송 55/62 | 재적재  9 | 중계율 0.22 | alpha 1.362 | step_limit
Ep 231 | 드론3 목적지27 |  448스텝 | 배송 27/27 | 재적재  4 | 중계율 0.12 | alpha 1.367 | complete
Ep 232 | 드론6 목적지27 |  265스텝 | 배송 27/27 | 재적재  3 | 중계율 0.13 | alpha 1.378 | complete
Ep 233 | 드론5 목적지58 |  676스텝 | 배송 58/58 | 재적재 10 | 중계율 0.15 | alpha 1.382 | complete
Ep 234 | 드론4 목적지56 |  624스텝 | 배송 56/56 | 재적재  9 | 중계율 0.12 | alpha 1.399 | complete
Ep 235 | 드론4 목적지49 |  670스텝 | 배송 49/49 | 재적재  7 | 중계율 0.21 | alpha 1.394 | complete
Ep 236 | 드론6 목적지71 |  560스텝 | 배송 71/71 | 재적재 11 | 중계율 0.16 | alpha 1.396 | complete
Ep 237 | 드론5 목적지77 |  865스텝 | 배송 77/77 | 재적재 14 | 중계율 0.10 | alpha 1.388 | complete
Ep 238 | 드론6 목적지27 |  309스텝 | 배송 27/27 | 재적재  3 | 중계율 0.07 | alpha 1.375 | complete
Ep 239 | 드론5 목적지37 |  563스텝 | 배송 37/37 | 재적재  5 | 중계율 0.19 | alpha 1.371 | complete
Ep 240 | 드론6 목적지70 |  578스텝 | 배송 70/70 | 재적재 10 | 중계율 0.10 | alpha 1.381 | complete
Ep 241 | 드론3 목적지46 | 1000스텝 | 배송 41/46 | 재적재  7 | 중계율 0.25 | alpha 1.404 | step_limit
Ep 242 | 드론6 목적지65 |  496스텝 | 배송 65/65 | 재적재 11 | 중계율 0.09 | alpha 1.392 | complete
Ep 243 | 드론5 목적지39 |  486스텝 | 배송 39/39 | 재적재  6 | 중계율 0.14 | alpha 1.371 | complete
Ep 244 | 드론4 목적지51 |  948스텝 | 배송 51/51 | 재적재  9 | 중계율 0.20 | alpha 1.363 | complete
Ep 245 | 드론3 목적지52 | 1000스텝 | 배송 35/52 | 재적재  6 | 중계율 0.26 | alpha 1.356 | step_limit
Ep 246 | 드론5 목적지54 |  773스텝 | 배송 54/54 | 재적재  9 | 중계율 0.12 | alpha 1.329 | complete
Ep 247 | 드론6 목적지69 |  580스텝 | 배송 69/69 | 재적재 11 | 중계율 0.16 | alpha 1.361 | complete
Ep 248 | 드론3 목적지77 | 1000스텝 | 배송 66/77 | 재적재 12 | 중계율 0.21 | alpha 1.362 | step_limit
Ep 249 | 드론5 목적지70 |  770스텝 | 배송 70/70 | 재적재 13 | 중계율 0.11 | alpha 1.368 | complete
Ep 250 | 드론3 목적지51 | 1000스텝 | 배송 45/51 | 재적재  8 | 중계율 0.25 | alpha 1.385 | step_limit
  [홀드아웃] 배송 49.2±4.1 완주 0.95 스텝 1074 점수 101.4 재적재 8.3 2홉+ 0.63 | 최고 106.5@ep100 정체 3/15
Ep 251 | 드론6 목적지33 |  503스텝 | 배송 33/33 | 재적재  3 | 중계율 0.14 | alpha 1.389 | complete
Ep 252 | 드론3 목적지25 |  584스텝 | 배송 25/25 | 재적재  4 | 중계율 0.25 | alpha 1.354 | complete
Ep 253 | 드론5 목적지49 |  795스텝 | 배송 49/49 | 재적재  8 | 중계율 0.24 | alpha 1.342 | complete
Ep 254 | 드론5 목적지26 |  252스텝 | 배송 26/26 | 재적재  2 | 중계율 0.10 | alpha 1.350 | complete
Ep 255 | 드론4 목적지38 |  993스텝 | 배송 38/38 | 재적재  5 | 중계율 0.29 | alpha 1.352 | complete
Ep 256 | 드론4 목적지27 |  482스텝 | 배송 27/27 | 재적재  4 | 중계율 0.13 | alpha 1.365 | complete
Ep 257 | 드론3 목적지44 | 1000스텝 | 배송 42/44 | 재적재  7 | 중계율 0.17 | alpha 1.359 | step_limit
Ep 258 | 드론5 목적지73 |  735스텝 | 배송 73/73 | 재적재 13 | 중계율 0.16 | alpha 1.337 | complete
Ep 259 | 드론5 목적지65 |  741스텝 | 배송 65/65 | 재적재 11 | 중계율 0.15 | alpha 1.341 | complete
Ep 260 | 드론6 목적지49 |  455스텝 | 배송 49/49 | 재적재  6 | 중계율 0.14 | alpha 1.338 | complete
Ep 261 | 드론6 목적지21 |  371스텝 | 배송 21/21 | 재적재  1 | 중계율 0.19 | alpha 1.348 | complete
Ep 262 | 드론3 목적지69 | 1000스텝 | 배송 51/69 | 재적재 10 | 중계율 0.16 | alpha 1.367 | step_limit
Ep 263 | 드론4 목적지40 | 1000스텝 | 배송 32/40 | 재적재  5 | 중계율 0.35 | alpha 1.395 | step_limit
Ep 264 | 드론5 목적지35 |  347스텝 | 배송 35/35 | 재적재  5 | 중계율 0.13 | alpha 1.421 | complete
Ep 265 | 드론6 목적지52 |  371스텝 | 배송 52/52 | 재적재  8 | 중계율 0.08 | alpha 1.448 | complete
Ep 266 | 드론4 목적지33 |  411스텝 | 배송 33/33 | 재적재  4 | 중계율 0.13 | alpha 1.451 | complete
Ep 267 | 드론6 목적지32 |  346스텝 | 배송 32/32 | 재적재  5 | 중계율 0.14 | alpha 1.434 | complete
Ep 268 | 드론4 목적지39 | 1000스텝 | 배송 34/39 | 재적재  6 | 중계율 0.22 | alpha 1.399 | step_limit
Ep 269 | 드론5 목적지71 |  641스텝 | 배송 71/71 | 재적재 12 | 중계율 0.11 | alpha 1.392 | complete
Ep 270 | 드론3 목적지56 | 1000스텝 | 배송 47/56 | 재적재  8 | 중계율 0.28 | alpha 1.375 | step_limit
Ep 271 | 드론5 목적지66 |  796스텝 | 배송 66/66 | 재적재 10 | 중계율 0.13 | alpha 1.361 | complete
Ep 272 | 드론4 목적지33 |  378스텝 | 배송 33/33 | 재적재  5 | 중계율 0.12 | alpha 1.368 | complete
Ep 273 | 드론5 목적지75 |  756스텝 | 배송 75/75 | 재적재 13 | 중계율 0.18 | alpha 1.349 | complete
Ep 274 | 드론4 목적지63 | 1000스텝 | 배송 58/63 | 재적재 10 | 중계율 0.13 | alpha 1.345 | step_limit
Ep 275 | 드론3 목적지46 | 1000스텝 | 배송 41/46 | 재적재  7 | 중계율 0.24 | alpha 1.341 | step_limit
Ep 276 | 드론5 목적지62 |  780스텝 | 배송 62/62 | 재적재 11 | 중계율 0.20 | alpha 1.355 | complete
Ep 277 | 드론6 목적지35 |  349스텝 | 배송 35/35 | 재적재  5 | 중계율 0.11 | alpha 1.376 | complete
Ep 278 | 드론4 목적지79 |  846스텝 | 배송 79/79 | 재적재 13 | 중계율 0.15 | alpha 1.375 | complete
Ep 279 | 드론3 목적지50 | 1000스텝 | 배송 46/50 | 재적재  8 | 중계율 0.25 | alpha 1.374 | step_limit
Ep 280 | 드론3 목적지71 | 1000스텝 | 배송 57/71 | 재적재 10 | 중계율 0.23 | alpha 1.343 | step_limit
Ep 281 | 드론5 목적지52 |  754스텝 | 배송 52/52 | 재적재  9 | 중계율 0.19 | alpha 1.355 | complete
Ep 282 | 드론4 목적지55 |  675스텝 | 배송 55/55 | 재적재 10 | 중계율 0.15 | alpha 1.357 | complete
Ep 283 | 드론4 목적지44 |  554스텝 | 배송 44/44 | 재적재  8 | 중계율 0.12 | alpha 1.375 | complete
Ep 284 | 드론6 목적지61 |  455스텝 | 배송 61/61 | 재적재  9 | 중계율 0.11 | alpha 1.397 | complete
Ep 285 | 드론6 목적지61 |  477스텝 | 배송 61/61 | 재적재 10 | 중계율 0.09 | alpha 1.400 | complete
Ep 286 | 드론6 목적지35 |  327스텝 | 배송 35/35 | 재적재  5 | 중계율 0.09 | alpha 1.402 | complete
Ep 287 | 드론5 목적지42 |  422스텝 | 배송 42/42 | 재적재  6 | 중계율 0.11 | alpha 1.413 | complete
Ep 288 | 드론4 목적지26 |  722스텝 | 배송 26/26 | 재적재  3 | 중계율 0.29 | alpha 1.405 | complete
Ep 289 | 드론5 목적지71 |  705스텝 | 배송 71/71 | 재적재 13 | 중계율 0.14 | alpha 1.406 | complete
Ep 290 | 드론3 목적지34 |  781스텝 | 배송 34/34 | 재적재  6 | 중계율 0.16 | alpha 1.397 | complete
Ep 291 | 드론6 목적지70 |  682스텝 | 배송 70/70 | 재적재 12 | 중계율 0.13 | alpha 1.366 | complete
Ep 292 | 드론6 목적지25 |  235스텝 | 배송 25/25 | 재적재  2 | 중계율 0.05 | alpha 1.366 | complete
Ep 293 | 드론5 목적지78 |  818스텝 | 배송 78/78 | 재적재 12 | 중계율 0.16 | alpha 1.349 | complete
Ep 294 | 드론4 목적지63 |  822스텝 | 배송 63/63 | 재적재 12 | 중계율 0.15 | alpha 1.321 | complete
Ep 295 | 드론3 목적지40 |  872스텝 | 배송 40/40 | 재적재  6 | 중계율 0.26 | alpha 1.313 | complete
Ep 296 | 드론3 목적지78 | 1000스텝 | 배송 57/78 | 재적재 11 | 중계율 0.23 | alpha 1.324 | step_limit
Ep 297 | 드론3 목적지76 | 1000스텝 | 배송 66/76 | 재적재 12 | 중계율 0.12 | alpha 1.347 | step_limit
Ep 298 | 드론5 목적지42 |  585스텝 | 배송 42/42 | 재적재  6 | 중계율 0.11 | alpha 1.335 | complete
Ep 299 | 드론5 목적지34 |  624스텝 | 배송 34/34 | 재적재  4 | 중계율 0.24 | alpha 1.319 | complete
Ep 300 | 드론6 목적지73 |  813스텝 | 배송 73/73 | 재적재 13 | 중계율 0.12 | alpha 1.302 | complete
  [홀드아웃] 배송 49.5±2.7 완주 0.90 스텝 1113 점수 96.3 재적재 8.2 2홉+ 0.63 | 최고 106.5@ep100 정체 4/15
Ep 301 | 드론5 목적지74 |  580스텝 | 배송 74/74 | 재적재 13 | 중계율 0.10 | alpha 1.290 | complete
Ep 302 | 드론3 목적지56 | 1000스텝 | 배송 55/56 | 재적재  9 | 중계율 0.25 | alpha 1.296 | step_limit
Ep 303 | 드론6 목적지24 |  308스텝 | 배송 24/24 | 재적재  2 | 중계율 0.14 | alpha 1.282 | complete
Ep 304 | 드론5 목적지67 | 1000스텝 | 배송 62/67 | 재적재 11 | 중계율 0.22 | alpha 1.237 | step_limit
Ep 305 | 드론4 목적지69 |  975스텝 | 배송 69/69 | 재적재 13 | 중계율 0.21 | alpha 1.233 | complete
Ep 306 | 드론4 목적지30 |  587스텝 | 배송 30/30 | 재적재  4 | 중계율 0.16 | alpha 1.233 | complete
Ep 307 | 드론6 목적지46 |  422스텝 | 배송 46/46 | 재적재  6 | 중계율 0.07 | alpha 1.233 | complete
Ep 308 | 드론3 목적지45 |  925스텝 | 배송 45/45 | 재적재  8 | 중계율 0.21 | alpha 1.257 | complete
Ep 309 | 드론6 목적지80 |  951스텝 | 배송 80/80 | 재적재 15 | 중계율 0.18 | alpha 1.269 | complete
Ep 310 | 드론4 목적지26 |  468스텝 | 배송 26/26 | 재적재  4 | 중계율 0.16 | alpha 1.256 | complete
Ep 311 | 드론3 목적지52 | 1000스텝 | 배송 50/52 | 재적재  8 | 중계율 0.18 | alpha 1.248 | step_limit
Ep 312 | 드론3 목적지42 |  935스텝 | 배송 42/42 | 재적재  7 | 중계율 0.21 | alpha 1.263 | complete
Ep 313 | 드론3 목적지60 | 1000스텝 | 배송 56/60 | 재적재 11 | 중계율 0.21 | alpha 1.299 | step_limit
Ep 314 | 드론3 목적지78 | 1000스텝 | 배송 65/78 | 재적재 11 | 중계율 0.28 | alpha 1.297 | step_limit
Ep 315 | 드론5 목적지51 |  668스텝 | 배송 51/51 | 재적재  8 | 중계율 0.20 | alpha 1.291 | complete
Ep 316 | 드론5 목적지58 |  474스텝 | 배송 58/58 | 재적재  8 | 중계율 0.10 | alpha 1.288 | complete
Ep 317 | 드론5 목적지75 |  871스텝 | 배송 75/75 | 재적재 14 | 중계율 0.19 | alpha 1.266 | complete
Ep 318 | 드론6 목적지56 |  563스텝 | 배송 56/56 | 재적재 10 | 중계율 0.15 | alpha 1.257 | complete
Ep 319 | 드론4 목적지69 | 1000스텝 | 배송 67/69 | 재적재 12 | 중계율 0.23 | alpha 1.268 | step_limit
Ep 320 | 드론5 목적지45 |  751스텝 | 배송 45/45 | 재적재  8 | 중계율 0.17 | alpha 1.247 | complete
Ep 321 | 드론5 목적지28 |  350스텝 | 배송 28/28 | 재적재  3 | 중계율 0.10 | alpha 1.252 | complete
Ep 322 | 드론5 목적지59 |  601스텝 | 배송 59/59 | 재적재 10 | 중계율 0.09 | alpha 1.238 | complete
Ep 323 | 드론3 목적지44 | 1000스텝 | 배송 31/44 | 재적재  5 | 중계율 0.26 | alpha 1.231 | step_limit
Ep 324 | 드론3 목적지25 |  505스텝 | 배송 25/25 | 재적재  4 | 중계율 0.17 | alpha 1.243 | complete
Ep 325 | 드론6 목적지65 |  554스텝 | 배송 65/65 | 재적재 11 | 중계율 0.10 | alpha 1.256 | complete
Ep 326 | 드론4 목적지31 |  677스텝 | 배송 31/31 | 재적재  4 | 중계율 0.19 | alpha 1.259 | complete
Ep 327 | 드론6 목적지67 |  513스텝 | 배송 67/67 | 재적재 10 | 중계율 0.12 | alpha 1.248 | complete
Ep 328 | 드론4 목적지65 |  928스텝 | 배송 65/65 | 재적재 11 | 중계율 0.15 | alpha 1.269 | complete
Ep 329 | 드론6 목적지33 |  336스텝 | 배송 33/33 | 재적재  4 | 중계율 0.08 | alpha 1.299 | complete
Ep 330 | 드론5 목적지76 | 1000스텝 | 배송 73/76 | 재적재 13 | 중계율 0.18 | alpha 1.324 | step_limit
Ep 331 | 드론4 목적지76 |  994스텝 | 배송 76/76 | 재적재 13 | 중계율 0.17 | alpha 1.329 | complete
Ep 332 | 드론6 목적지75 |  726스텝 | 배송 75/75 | 재적재 14 | 중계율 0.13 | alpha 1.319 | complete
Ep 333 | 드론4 목적지26 |  537스텝 | 배송 26/26 | 재적재  4 | 중계율 0.12 | alpha 1.299 | complete
Ep 334 | 드론3 목적지63 | 1000스텝 | 배송 53/63 | 재적재  9 | 중계율 0.18 | alpha 1.295 | step_limit
Ep 335 | 드론5 목적지28 |  506스텝 | 배송 28/28 | 재적재  4 | 중계율 0.13 | alpha 1.271 | complete
Ep 336 | 드론3 목적지54 | 1000스텝 | 배송 50/54 | 재적재  9 | 중계율 0.23 | alpha 1.313 | step_limit
Ep 337 | 드론4 목적지65 | 1000스텝 | 배송 55/65 | 재적재 10 | 중계율 0.28 | alpha 1.322 | step_limit
Ep 338 | 드론4 목적지68 | 1000스텝 | 배송 67/68 | 재적재 13 | 중계율 0.19 | alpha 1.321 | step_limit
Ep 339 | 드론5 목적지47 |  432스텝 | 배송 47/47 | 재적재  7 | 중계율 0.08 | alpha 1.314 | complete
Ep 340 | 드론4 목적지73 | 1000스텝 | 배송 62/73 | 재적재 11 | 중계율 0.28 | alpha 1.302 | step_limit
Ep 341 | 드론4 목적지64 | 1000스텝 | 배송 51/64 | 재적재 10 | 중계율 0.27 | alpha 1.320 | step_limit
Ep 342 | 드론4 목적지26 |  426스텝 | 배송 26/26 | 재적재  4 | 중계율 0.09 | alpha 1.316 | complete
Ep 343 | 드론6 목적지58 |  487스텝 | 배송 58/58 | 재적재 10 | 중계율 0.09 | alpha 1.294 | complete
Ep 344 | 드론5 목적지23 |  273스텝 | 배송 23/23 | 재적재  2 | 중계율 0.09 | alpha 1.279 | complete
Ep 345 | 드론5 목적지53 |  814스텝 | 배송 53/53 | 재적재  9 | 중계율 0.16 | alpha 1.266 | complete
Ep 346 | 드론4 목적지21 |  566스텝 | 배송 21/21 | 재적재  3 | 중계율 0.18 | alpha 1.247 | complete
Ep 347 | 드론6 목적지39 |  357스텝 | 배송 39/39 | 재적재  5 | 중계율 0.13 | alpha 1.247 | complete
Ep 348 | 드론6 목적지46 |  358스텝 | 배송 46/46 | 재적재  7 | 중계율 0.08 | alpha 1.267 | complete
Ep 349 | 드론5 목적지37 |  455스텝 | 배송 37/37 | 재적재  4 | 중계율 0.10 | alpha 1.278 | complete
Ep 350 | 드론3 목적지42 | 1000스텝 | 배송 38/42 | 재적재  7 | 중계율 0.17 | alpha 1.272 | step_limit
  [홀드아웃] 배송 50.0±0.0 완주 1.00 스텝 1059 점수 106.5 재적재 8.4 2홉+ 0.64 | 최고 106.5@ep100 정체 5/15
Ep 351 | 드론6 목적지54 |  431스텝 | 배송 54/54 | 재적재  9 | 중계율 0.13 | alpha 1.286 | complete
Ep 352 | 드론5 목적지69 | 1000스텝 | 배송 59/69 | 재적재 10 | 중계율 0.17 | alpha 1.283 | step_limit
Ep 353 | 드론3 목적지44 | 1000스텝 | 배송 40/44 | 재적재  7 | 중계율 0.21 | alpha 1.261 | step_limit
Ep 354 | 드론4 목적지49 |  757스텝 | 배송 49/49 | 재적재  8 | 중계율 0.16 | alpha 1.261 | complete
Ep 355 | 드론3 목적지28 |  647스텝 | 배송 28/28 | 재적재  3 | 중계율 0.16 | alpha 1.279 | complete
Ep 356 | 드론3 목적지79 | 1000스텝 | 배송 62/79 | 재적재 11 | 중계율 0.19 | alpha 1.283 | step_limit
Ep 357 | 드론5 목적지71 |  535스텝 | 배송 71/71 | 재적재 10 | 중계율 0.07 | alpha 1.292 | complete
Ep 358 | 드론3 목적지30 |  702스텝 | 배송 30/30 | 재적재  4 | 중계율 0.20 | alpha 1.298 | complete
Ep 359 | 드론4 목적지74 |  991스텝 | 배송 74/74 | 재적재 13 | 중계율 0.13 | alpha 1.313 | complete
Ep 360 | 드론5 목적지47 |  497스텝 | 배송 47/47 | 재적재  7 | 중계율 0.09 | alpha 1.311 | complete
Ep 361 | 드론4 목적지43 |  662스텝 | 배송 43/43 | 재적재  7 | 중계율 0.18 | alpha 1.307 | complete
Ep 362 | 드론6 목적지78 |  591스텝 | 배송 78/78 | 재적재 14 | 중계율 0.10 | alpha 1.318 | complete
Ep 363 | 드론5 목적지70 |  869스텝 | 배송 70/70 | 재적재 11 | 중계율 0.14 | alpha 1.331 | complete
Ep 364 | 드론3 목적지64 | 1000스텝 | 배송 58/64 | 재적재 11 | 중계율 0.24 | alpha 1.348 | step_limit
Ep 365 | 드론3 목적지63 | 1000스텝 | 배송 50/63 | 재적재  8 | 중계율 0.24 | alpha 1.337 | step_limit
Ep 366 | 드론4 목적지44 |  948스텝 | 배송 44/44 | 재적재  7 | 중계율 0.25 | alpha 1.331 | complete
Ep 367 | 드론5 목적지38 |  467스텝 | 배송 38/38 | 재적재  6 | 중계율 0.14 | alpha 1.327 | complete
Ep 368 | 드론3 목적지37 |  669스텝 | 배송 37/37 | 재적재  7 | 중계율 0.14 | alpha 1.323 | complete
Ep 369 | 드론3 목적지42 |  902스텝 | 배송 42/42 | 재적재  7 | 중계율 0.15 | alpha 1.355 | complete
Ep 370 | 드론4 목적지70 | 1000스텝 | 배송 60/70 | 재적재 10 | 중계율 0.15 | alpha 1.387 | step_limit
Ep 371 | 드론4 목적지40 |  652스텝 | 배송 40/40 | 재적재  7 | 중계율 0.16 | alpha 1.381 | complete
Ep 372 | 드론5 목적지29 |  346스텝 | 배송 29/29 | 재적재  4 | 중계율 0.05 | alpha 1.388 | complete
Ep 373 | 드론3 목적지79 | 1000스텝 | 배송 70/79 | 재적재 12 | 중계율 0.18 | alpha 1.411 | step_limit
Ep 374 | 드론4 목적지40 |  709스텝 | 배송 40/40 | 재적재  6 | 중계율 0.23 | alpha 1.407 | complete
Ep 375 | 드론3 목적지28 |  556스텝 | 배송 28/28 | 재적재  4 | 중계율 0.14 | alpha 1.397 | complete
Ep 376 | 드론4 목적지40 | 1000스텝 | 배송 38/40 | 재적재  7 | 중계율 0.27 | alpha 1.403 | step_limit
Ep 377 | 드론3 목적지72 | 1000스텝 | 배송 56/72 | 재적재 11 | 중계율 0.24 | alpha 1.386 | step_limit
Ep 378 | 드론6 목적지61 |  559스텝 | 배송 61/61 | 재적재  9 | 중계율 0.12 | alpha 1.386 | complete
Ep 379 | 드론5 목적지68 |  662스텝 | 배송 68/68 | 재적재 11 | 중계율 0.18 | alpha 1.386 | complete
Ep 380 | 드론3 목적지24 |  500스텝 | 배송 24/24 | 재적재  4 | 중계율 0.15 | alpha 1.374 | complete
Ep 381 | 드론4 목적지52 | 1000스텝 | 배송 46/52 | 재적재  7 | 중계율 0.23 | alpha 1.362 | step_limit
Ep 382 | 드론5 목적지35 |  450스텝 | 배송 35/35 | 재적재  6 | 중계율 0.15 | alpha 1.367 | complete
Ep 383 | 드론3 목적지47 | 1000스텝 | 배송 45/47 | 재적재  7 | 중계율 0.27 | alpha 1.364 | step_limit
Ep 384 | 드론4 목적지28 |  622스텝 | 배송 28/28 | 재적재  4 | 중계율 0.17 | alpha 1.371 | complete
Ep 385 | 드론5 목적지70 |  556스텝 | 배송 70/70 | 재적재 11 | 중계율 0.10 | alpha 1.366 | complete
Ep 386 | 드론5 목적지71 |  743스텝 | 배송 71/71 | 재적재 12 | 중계율 0.11 | alpha 1.348 | complete
Ep 387 | 드론4 목적지49 |  507스텝 | 배송 49/49 | 재적재  8 | 중계율 0.07 | alpha 1.354 | complete
Ep 388 | 드론4 목적지21 |  888스텝 | 배송 21/21 | 재적재  2 | 중계율 0.30 | alpha 1.351 | complete
Ep 389 | 드론5 목적지60 |  589스텝 | 배송 60/60 | 재적재  9 | 중계율 0.08 | alpha 1.344 | complete
Ep 390 | 드론5 목적지30 |  349스텝 | 배송 30/30 | 재적재  4 | 중계율 0.14 | alpha 1.352 | complete
Ep 391 | 드론3 목적지51 |  861스텝 | 배송 51/51 | 재적재  9 | 중계율 0.12 | alpha 1.325 | complete
Ep 392 | 드론4 목적지39 |  771스텝 | 배송 39/39 | 재적재  6 | 중계율 0.18 | alpha 1.316 | complete
Ep 393 | 드론6 목적지73 |  571스텝 | 배송 73/73 | 재적재 12 | 중계율 0.08 | alpha 1.319 | complete
Ep 394 | 드론3 목적지32 | 1000스텝 | 배송 31/32 | 재적재  5 | 중계율 0.26 | alpha 1.329 | step_limit
Ep 395 | 드론6 목적지70 |  551스텝 | 배송 70/70 | 재적재 12 | 중계율 0.07 | alpha 1.323 | complete
Ep 396 | 드론6 목적지28 |  329스텝 | 배송 28/28 | 재적재  2 | 중계율 0.11 | alpha 1.325 | complete
Ep 397 | 드론3 목적지39 |  781스텝 | 배송 39/39 | 재적재  6 | 중계율 0.23 | alpha 1.277 | complete
Ep 398 | 드론4 목적지40 |  499스텝 | 배송 40/40 | 재적재  6 | 중계율 0.11 | alpha 1.265 | complete
Ep 399 | 드론3 목적지51 | 1000스텝 | 배송 49/51 | 재적재  8 | 중계율 0.25 | alpha 1.292 | step_limit
Ep 400 | 드론3 목적지79 | 1000스텝 | 배송 52/79 | 재적재 10 | 중계율 0.26 | alpha 1.326 | step_limit
  [홀드아웃] 배송 49.9±0.8 완주 0.97 스텝 1041 점수 104.0 재적재 8.3 2홉+ 0.63 | 최고 106.5@ep100 정체 6/15
Ep 401 | 드론3 목적지63 | 1000스텝 | 배송 60/63 | 재적재 10 | 중계율 0.19 | alpha 1.318 | step_limit
Ep 402 | 드론3 목적지32 |  722스텝 | 배송 32/32 | 재적재  5 | 중계율 0.19 | alpha 1.340 | complete
Ep 403 | 드론4 목적지76 |  930스텝 | 배송 76/76 | 재적재 13 | 중계율 0.19 | alpha 1.341 | complete
Ep 404 | 드론5 목적지23 |  245스텝 | 배송 23/23 | 재적재  3 | 중계율 0.06 | alpha 1.351 | complete
Ep 405 | 드론4 목적지67 | 1000스텝 | 배송 61/67 | 재적재 11 | 중계율 0.23 | alpha 1.390 | step_limit
Ep 406 | 드론4 목적지48 |  775스텝 | 배송 48/48 | 재적재  8 | 중계율 0.14 | alpha 1.380 | complete
Ep 407 | 드론3 목적지72 | 1000스텝 | 배송 55/72 | 재적재 10 | 중계율 0.25 | alpha 1.404 | step_limit
Ep 408 | 드론6 목적지79 |  606스텝 | 배송 79/79 | 재적재 14 | 중계율 0.14 | alpha 1.403 | complete
Ep 409 | 드론6 목적지28 |  211스텝 | 배송 28/28 | 재적재  3 | 중계율 0.04 | alpha 1.404 | complete
Ep 410 | 드론6 목적지46 |  533스텝 | 배송 46/46 | 재적재  6 | 중계율 0.12 | alpha 1.399 | complete
Ep 411 | 드론6 목적지69 |  714스텝 | 배송 69/69 | 재적재 11 | 중계율 0.17 | alpha 1.373 | complete
Ep 412 | 드론3 목적지47 | 1000스텝 | 배송 45/47 | 재적재  8 | 중계율 0.25 | alpha 1.377 | step_limit
Ep 413 | 드론5 목적지45 |  439스텝 | 배송 45/45 | 재적재  8 | 중계율 0.12 | alpha 1.374 | complete
Ep 414 | 드론3 목적지76 | 1000스텝 | 배송 64/76 | 재적재 12 | 중계율 0.19 | alpha 1.356 | step_limit
Ep 415 | 드론4 목적지79 |  968스텝 | 배송 79/79 | 재적재 15 | 중계율 0.16 | alpha 1.313 | complete
Ep 416 | 드론3 목적지20 |  486스텝 | 배송 20/20 | 재적재  3 | 중계율 0.11 | alpha 1.314 | complete
Ep 417 | 드론3 목적지45 | 1000스텝 | 배송 42/45 | 재적재  8 | 중계율 0.26 | alpha 1.279 | step_limit
Ep 418 | 드론4 목적지75 |  967스텝 | 배송 75/75 | 재적재 14 | 중계율 0.19 | alpha 1.293 | complete
Ep 419 | 드론6 목적지78 |  631스텝 | 배송 78/78 | 재적재 12 | 중계율 0.13 | alpha 1.301 | complete
Ep 420 | 드론6 목적지33 |  370스텝 | 배송 33/33 | 재적재  4 | 중계율 0.13 | alpha 1.301 | complete
Ep 421 | 드론4 목적지62 | 1000스텝 | 배송 59/62 | 재적재 10 | 중계율 0.22 | alpha 1.303 | step_limit
Ep 422 | 드론6 목적지51 |  819스텝 | 배송 51/51 | 재적재  9 | 중계율 0.19 | alpha 1.312 | complete
Ep 423 | 드론4 목적지44 |  785스텝 | 배송 44/44 | 재적재  7 | 중계율 0.23 | alpha 1.309 | complete
Ep 424 | 드론4 목적지33 | 1000스텝 | 배송 32/33 | 재적재  5 | 중계율 0.24 | alpha 1.308 | step_limit
Ep 425 | 드론3 목적지33 |  663스텝 | 배송 33/33 | 재적재  4 | 중계율 0.10 | alpha 1.321 | complete
Ep 426 | 드론5 목적지24 |  385스텝 | 배송 24/24 | 재적재  2 | 중계율 0.13 | alpha 1.316 | complete
Ep 427 | 드론4 목적지64 | 1000스텝 | 배송 62/64 | 재적재 11 | 중계율 0.27 | alpha 1.299 | step_limit
Ep 428 | 드론6 목적지53 |  608스텝 | 배송 53/53 | 재적재  9 | 중계율 0.21 | alpha 1.288 | complete
Ep 429 | 드론4 목적지36 |  476스텝 | 배송 36/36 | 재적재  5 | 중계율 0.17 | alpha 1.295 | complete
Ep 430 | 드론6 목적지48 |  717스텝 | 배송 48/48 | 재적재  7 | 중계율 0.16 | alpha 1.302 | complete
Ep 431 | 드론3 목적지56 | 1000스텝 | 배송 47/56 | 재적재  9 | 중계율 0.24 | alpha 1.332 | step_limit
Ep 432 | 드론4 목적지45 |  510스텝 | 배송 45/45 | 재적재  7 | 중계율 0.11 | alpha 1.334 | complete
Ep 433 | 드론5 목적지25 |  317스텝 | 배송 25/25 | 재적재  3 | 중계율 0.13 | alpha 1.337 | complete
Ep 434 | 드론4 목적지58 |  843스텝 | 배송 58/58 | 재적재 10 | 중계율 0.20 | alpha 1.344 | complete
Ep 435 | 드론4 목적지72 | 1000스텝 | 배송 45/72 | 재적재  8 | 중계율 0.31 | alpha 1.328 | step_limit
Ep 436 | 드론3 목적지71 | 1000스텝 | 배송 59/71 | 재적재 11 | 중계율 0.19 | alpha 1.319 | step_limit
Ep 437 | 드론3 목적지53 | 1000스텝 | 배송 47/53 | 재적재  8 | 중계율 0.26 | alpha 1.353 | step_limit
Ep 438 | 드론6 목적지31 |  513스텝 | 배송 31/31 | 재적재  5 | 중계율 0.16 | alpha 1.375 | complete
Ep 439 | 드론6 목적지77 |  561스텝 | 배송 77/77 | 재적재 12 | 중계율 0.08 | alpha 1.387 | complete
Ep 440 | 드론4 목적지73 | 1000스텝 | 배송 65/73 | 재적재 12 | 중계율 0.23 | alpha 1.380 | step_limit
Ep 441 | 드론5 목적지27 |  246스텝 | 배송 27/27 | 재적재  4 | 중계율 0.12 | alpha 1.387 | complete
Ep 442 | 드론4 목적지20 |  402스텝 | 배송 20/20 | 재적재  3 | 중계율 0.10 | alpha 1.374 | complete
Ep 443 | 드론5 목적지73 |  931스텝 | 배송 73/73 | 재적재 13 | 중계율 0.13 | alpha 1.375 | complete
Ep 444 | 드론3 목적지56 |  917스텝 | 배송 56/56 | 재적재  9 | 중계율 0.12 | alpha 1.364 | complete
Ep 445 | 드론5 목적지20 |  211스텝 | 배송 20/20 | 재적재  0 | 중계율 0.10 | alpha 1.366 | complete
Ep 446 | 드론3 목적지26 |  761스텝 | 배송 26/26 | 재적재  4 | 중계율 0.19 | alpha 1.378 | complete
Ep 447 | 드론4 목적지41 |  409스텝 | 배송 41/41 | 재적재  7 | 중계율 0.06 | alpha 1.382 | complete
Ep 448 | 드론6 목적지73 |  575스텝 | 배송 73/73 | 재적재 10 | 중계율 0.10 | alpha 1.379 | complete
Ep 449 | 드론4 목적지56 |  771스텝 | 배송 56/56 | 재적재  9 | 중계율 0.17 | alpha 1.374 | complete
Ep 450 | 드론4 목적지35 |  743스텝 | 배송 35/35 | 재적재  5 | 중계율 0.11 | alpha 1.362 | complete
  [홀드아웃] 배송 49.8±1.0 완주 0.95 스텝 1139 점수 101.2 재적재 8.4 2홉+ 0.63 | 최고 106.5@ep100 정체 7/15
Ep 451 | 드론5 목적지77 |  567스텝 | 배송 77/77 | 재적재 11 | 중계율 0.07 | alpha 1.360 | complete
Ep 452 | 드론3 목적지22 |  661스텝 | 배송 22/22 | 재적재  3 | 중계율 0.22 | alpha 1.384 | complete
Ep 453 | 드론6 목적지47 |  473스텝 | 배송 47/47 | 재적재  7 | 중계율 0.12 | alpha 1.383 | complete
Ep 454 | 드론5 목적지72 |  774스텝 | 배송 72/72 | 재적재 13 | 중계율 0.13 | alpha 1.393 | complete
Ep 455 | 드론6 목적지63 |  637스텝 | 배송 63/63 | 재적재 10 | 중계율 0.14 | alpha 1.398 | complete
Ep 456 | 드론4 목적지73 | 1000스텝 | 배송 70/73 | 재적재 13 | 중계율 0.22 | alpha 1.390 | step_limit
Ep 457 | 드론5 목적지36 |  390스텝 | 배송 36/36 | 재적재  4 | 중계율 0.14 | alpha 1.384 | complete
Ep 458 | 드론5 목적지78 |  738스텝 | 배송 78/78 | 재적재 14 | 중계율 0.11 | alpha 1.400 | complete
Ep 459 | 드론5 목적지45 |  507스텝 | 배송 45/45 | 재적재  8 | 중계율 0.12 | alpha 1.402 | complete
Ep 460 | 드론4 목적지70 | 1000스텝 | 배송 61/70 | 재적재 11 | 중계율 0.25 | alpha 1.374 | step_limit
Ep 461 | 드론3 목적지39 |  840스텝 | 배송 39/39 | 재적재  6 | 중계율 0.16 | alpha 1.356 | complete
Ep 462 | 드론5 목적지62 |  797스텝 | 배송 62/62 | 재적재 11 | 중계율 0.16 | alpha 1.353 | complete
Ep 463 | 드론4 목적지67 | 1000스텝 | 배송 58/67 | 재적재 11 | 중계율 0.23 | alpha 1.348 | step_limit
Ep 464 | 드론4 목적지33 |  484스텝 | 배송 33/33 | 재적재  5 | 중계율 0.09 | alpha 1.349 | complete
Ep 465 | 드론5 목적지80 | 1000스텝 | 배송 69/80 | 재적재 12 | 중계율 0.23 | alpha 1.349 | step_limit
Ep 466 | 드론6 목적지42 |  370스텝 | 배송 42/42 | 재적재  5 | 중계율 0.06 | alpha 1.370 | complete
Ep 467 | 드론4 목적지63 |  732스텝 | 배송 63/63 | 재적재 11 | 중계율 0.14 | alpha 1.363 | complete
Ep 468 | 드론3 목적지78 | 1000스텝 | 배송 65/78 | 재적재 11 | 중계율 0.23 | alpha 1.379 | step_limit
Ep 469 | 드론5 목적지48 |  437스텝 | 배송 48/48 | 재적재  7 | 중계율 0.06 | alpha 1.359 | complete
Ep 470 | 드론5 목적지70 |  709스텝 | 배송 70/70 | 재적재 11 | 중계율 0.15 | alpha 1.353 | complete
Ep 471 | 드론4 목적지24 |  319스텝 | 배송 24/24 | 재적재  4 | 중계율 0.07 | alpha 1.339 | complete
Ep 472 | 드론6 목적지62 |  518스텝 | 배송 62/62 | 재적재 11 | 중계율 0.12 | alpha 1.339 | complete
Ep 473 | 드론4 목적지30 |  780스텝 | 배송 30/30 | 재적재  4 | 중계율 0.23 | alpha 1.342 | complete
Ep 474 | 드론4 목적지37 |  493스텝 | 배송 37/37 | 재적재  6 | 중계율 0.11 | alpha 1.343 | complete
Ep 475 | 드론3 목적지71 | 1000스텝 | 배송 59/71 | 재적재 10 | 중계율 0.25 | alpha 1.361 | step_limit
Ep 476 | 드론3 목적지29 |  552스텝 | 배송 29/29 | 재적재  4 | 중계율 0.16 | alpha 1.365 | complete
Ep 477 | 드론4 목적지36 |  600스텝 | 배송 36/36 | 재적재  6 | 중계율 0.14 | alpha 1.374 | complete
Ep 478 | 드론3 목적지52 | 1000스텝 | 배송 43/52 | 재적재  8 | 중계율 0.22 | alpha 1.421 | step_limit
Ep 479 | 드론5 목적지75 |  781스텝 | 배송 75/75 | 재적재 12 | 중계율 0.13 | alpha 1.424 | complete
Ep 480 | 드론6 목적지64 |  461스텝 | 배송 64/64 | 재적재 10 | 중계율 0.06 | alpha 1.420 | complete
Ep 481 | 드론4 목적지70 | 1000스텝 | 배송 57/70 | 재적재 11 | 중계율 0.24 | alpha 1.389 | step_limit
Ep 482 | 드론6 목적지39 |  456스텝 | 배송 39/39 | 재적재  4 | 중계율 0.09 | alpha 1.377 | complete
Ep 483 | 드론5 목적지51 |  496스텝 | 배송 51/51 | 재적재  8 | 중계율 0.08 | alpha 1.364 | complete
Ep 484 | 드론5 목적지43 |  594스텝 | 배송 43/43 | 재적재  8 | 중계율 0.13 | alpha 1.349 | complete
Ep 485 | 드론4 목적지36 |  698스텝 | 배송 36/36 | 재적재  6 | 중계율 0.18 | alpha 1.340 | complete
Ep 486 | 드론4 목적지53 |  646스텝 | 배송 53/53 | 재적재  9 | 중계율 0.10 | alpha 1.326 | complete
Ep 487 | 드론6 목적지34 |  364스텝 | 배송 34/34 | 재적재  4 | 중계율 0.10 | alpha 1.339 | complete
Ep 488 | 드론3 목적지73 | 1000스텝 | 배송 48/73 | 재적재  8 | 중계율 0.27 | alpha 1.337 | step_limit
Ep 489 | 드론5 목적지52 |  505스텝 | 배송 52/52 | 재적재  9 | 중계율 0.12 | alpha 1.346 | complete
Ep 490 | 드론6 목적지40 |  342스텝 | 배송 40/40 | 재적재  5 | 중계율 0.07 | alpha 1.368 | complete
Ep 491 | 드론3 목적지47 |  894스텝 | 배송 47/47 | 재적재  7 | 중계율 0.18 | alpha 1.389 | complete
Ep 492 | 드론3 목적지71 | 1000스텝 | 배송 53/71 | 재적재  8 | 중계율 0.21 | alpha 1.386 | step_limit
Ep 493 | 드론4 목적지46 | 1000스텝 | 배송 45/46 | 재적재  8 | 중계율 0.25 | alpha 1.402 | step_limit
Ep 494 | 드론3 목적지47 | 1000스텝 | 배송 45/47 | 재적재  8 | 중계율 0.24 | alpha 1.401 | step_limit
Ep 495 | 드론4 목적지45 |  961스텝 | 배송 45/45 | 재적재  7 | 중계율 0.19 | alpha 1.388 | complete
Ep 496 | 드론5 목적지65 |  591스텝 | 배송 65/65 | 재적재 11 | 중계율 0.11 | alpha 1.346 | complete
Ep 497 | 드론3 목적지35 |  616스텝 | 배송 35/35 | 재적재  6 | 중계율 0.11 | alpha 1.337 | complete
Ep 498 | 드론5 목적지39 |  593스텝 | 배송 39/39 | 재적재  5 | 중계율 0.18 | alpha 1.342 | complete
Ep 499 | 드론5 목적지28 |  342스텝 | 배송 28/28 | 재적재  3 | 중계율 0.13 | alpha 1.358 | complete
Ep 500 | 드론4 목적지49 | 1000스텝 | 배송 42/49 | 재적재  7 | 중계율 0.27 | alpha 1.375 | step_limit
  [홀드아웃] 배송 49.9±0.4 완주 0.93 스텝 1066 점수 98.9 재적재 8.3 2홉+ 0.64 | 최고 106.5@ep100 정체 8/15
Ep 501 | 드론5 목적지26 |  349스텝 | 배송 26/26 | 재적재  4 | 중계율 0.14 | alpha 1.377 | complete
Ep 502 | 드론6 목적지69 |  523스텝 | 배송 69/69 | 재적재 11 | 중계율 0.07 | alpha 1.376 | complete
Ep 503 | 드론6 목적지44 |  427스텝 | 배송 44/44 | 재적재  7 | 중계율 0.10 | alpha 1.371 | complete
Ep 504 | 드론6 목적지34 |  354스텝 | 배송 34/34 | 재적재  3 | 중계율 0.12 | alpha 1.374 | complete
Ep 505 | 드론6 목적지77 |  971스텝 | 배송 77/77 | 재적재 13 | 중계율 0.27 | alpha 1.359 | complete
Ep 506 | 드론6 목적지55 |  507스텝 | 배송 55/55 | 재적재  8 | 중계율 0.07 | alpha 1.350 | complete
Ep 507 | 드론3 목적지61 |  732스텝 | 배송 61/61 | 재적재 10 | 중계율 0.09 | alpha 1.325 | complete
Ep 508 | 드론4 목적지24 |  356스텝 | 배송 24/24 | 재적재  3 | 중계율 0.08 | alpha 1.313 | complete
Ep 509 | 드론3 목적지48 | 1000스텝 | 배송 42/48 | 재적재  6 | 중계율 0.27 | alpha 1.301 | step_limit
Ep 510 | 드론5 목적지71 | 1000스텝 | 배송 68/71 | 재적재 11 | 중계율 0.23 | alpha 1.323 | step_limit
Ep 511 | 드론6 목적지39 |  525스텝 | 배송 39/39 | 재적재  5 | 중계율 0.17 | alpha 1.324 | complete
Ep 512 | 드론5 목적지29 |  379스텝 | 배송 29/29 | 재적재  4 | 중계율 0.09 | alpha 1.308 | complete
Ep 513 | 드론6 목적지46 |  393스텝 | 배송 46/46 | 재적재  7 | 중계율 0.10 | alpha 1.298 | complete
Ep 514 | 드론3 목적지49 | 1000스텝 | 배송 46/49 | 재적재  9 | 중계율 0.27 | alpha 1.307 | step_limit
Ep 515 | 드론3 목적지70 | 1000스텝 | 배송 62/70 | 재적재 10 | 중계율 0.20 | alpha 1.282 | step_limit
Ep 516 | 드론5 목적지63 | 1000스텝 | 배송 56/63 | 재적재 10 | 중계율 0.22 | alpha 1.334 | step_limit
Ep 517 | 드론5 목적지44 |  917스텝 | 배송 44/44 | 재적재  7 | 중계율 0.18 | alpha 1.365 | complete
Ep 518 | 드론3 목적지57 | 1000스텝 | 배송 48/57 | 재적재  8 | 중계율 0.35 | alpha 1.341 | step_limit
Ep 519 | 드론6 목적지34 |  304스텝 | 배송 34/34 | 재적재  4 | 중계율 0.08 | alpha 1.335 | complete
Ep 520 | 드론4 목적지68 |  856스텝 | 배송 68/68 | 재적재 13 | 중계율 0.15 | alpha 1.321 | complete
Ep 521 | 드론5 목적지71 |  922스텝 | 배송 71/71 | 재적재 12 | 중계율 0.18 | alpha 1.322 | complete
Ep 522 | 드론4 목적지72 |  864스텝 | 배송 72/72 | 재적재 12 | 중계율 0.18 | alpha 1.326 | complete
Ep 523 | 드론4 목적지27 |  450스텝 | 배송 27/27 | 재적재  4 | 중계율 0.18 | alpha 1.330 | complete
Ep 524 | 드론3 목적지37 | 1000스텝 | 배송 34/37 | 재적재  5 | 중계율 0.29 | alpha 1.334 | step_limit
Ep 525 | 드론3 목적지79 | 1000스텝 | 배송 66/79 | 재적재 11 | 중계율 0.27 | alpha 1.329 | step_limit
Ep 526 | 드론4 목적지39 |  847스텝 | 배송 39/39 | 재적재  6 | 중계율 0.24 | alpha 1.302 | complete
Ep 527 | 드론4 목적지42 |  722스텝 | 배송 42/42 | 재적재  7 | 중계율 0.18 | alpha 1.298 | complete
Ep 528 | 드론4 목적지51 |  516스텝 | 배송 51/51 | 재적재  9 | 중계율 0.10 | alpha 1.292 | complete
Ep 529 | 드론4 목적지21 |  449스텝 | 배송 21/21 | 재적재  2 | 중계율 0.16 | alpha 1.306 | complete
Ep 530 | 드론5 목적지34 |  385스텝 | 배송 34/34 | 재적재  5 | 중계율 0.15 | alpha 1.324 | complete
Ep 531 | 드론6 목적지64 |  553스텝 | 배송 64/64 | 재적재 10 | 중계율 0.11 | alpha 1.371 | complete
Ep 532 | 드론6 목적지78 |  618스텝 | 배송 78/78 | 재적재 13 | 중계율 0.07 | alpha 1.353 | complete
Ep 533 | 드론5 목적지68 |  716스텝 | 배송 68/68 | 재적재 13 | 중계율 0.16 | alpha 1.372 | complete
Ep 534 | 드론4 목적지25 |  487스텝 | 배송 25/25 | 재적재  3 | 중계율 0.10 | alpha 1.368 | complete
Ep 535 | 드론4 목적지25 |  554스텝 | 배송 25/25 | 재적재  4 | 중계율 0.17 | alpha 1.357 | complete
Ep 536 | 드론6 목적지71 |  494스텝 | 배송 71/71 | 재적재 11 | 중계율 0.09 | alpha 1.355 | complete
Ep 537 | 드론6 목적지31 |  288스텝 | 배송 31/31 | 재적재  2 | 중계율 0.10 | alpha 1.349 | complete
Ep 538 | 드론5 목적지55 |  608스텝 | 배송 55/55 | 재적재  8 | 중계율 0.15 | alpha 1.362 | complete
Ep 539 | 드론3 목적지46 | 1000스텝 | 배송 36/46 | 재적재  6 | 중계율 0.17 | alpha 1.350 | step_limit
Ep 540 | 드론5 목적지50 |  413스텝 | 배송 50/50 | 재적재  8 | 중계율 0.07 | alpha 1.364 | complete
Ep 541 | 드론5 목적지25 |  260스텝 | 배송 25/25 | 재적재  3 | 중계율 0.11 | alpha 1.368 | complete
Ep 542 | 드론5 목적지65 |  687스텝 | 배송 65/65 | 재적재 11 | 중계율 0.13 | alpha 1.383 | complete
Ep 543 | 드론4 목적지32 |  492스텝 | 배송 32/32 | 재적재  4 | 중계율 0.10 | alpha 1.378 | complete
Ep 544 | 드론5 목적지60 |  659스텝 | 배송 60/60 | 재적재 10 | 중계율 0.11 | alpha 1.355 | complete
Ep 545 | 드론4 목적지74 | 1000스텝 | 배송 66/74 | 재적재 12 | 중계율 0.20 | alpha 1.371 | step_limit
Ep 546 | 드론4 목적지45 |  852스텝 | 배송 45/45 | 재적재  7 | 중계율 0.20 | alpha 1.366 | complete
Ep 547 | 드론4 목적지37 |  640스텝 | 배송 37/37 | 재적재  6 | 중계율 0.13 | alpha 1.348 | complete
Ep 548 | 드론4 목적지63 |  607스텝 | 배송 63/63 | 재적재 10 | 중계율 0.10 | alpha 1.362 | complete
Ep 549 | 드론6 목적지55 |  472스텝 | 배송 55/55 | 재적재  9 | 중계율 0.09 | alpha 1.343 | complete
Ep 550 | 드론5 목적지30 |  536스텝 | 배송 30/30 | 재적재  4 | 중계율 0.17 | alpha 1.333 | complete
  [홀드아웃] 배송 50.0±0.0 완주 1.00 스텝 1016 점수 106.6 재적재 8.3 2홉+ 0.62 | 최고 106.6@ep550 정체 0/15  ← 갱신
Ep 551 | 드론6 목적지33 |  249스텝 | 배송 33/33 | 재적재  5 | 중계율 0.04 | alpha 1.324 | complete
Ep 552 | 드론6 목적지71 |  441스텝 | 배송 71/71 | 재적재 11 | 중계율 0.06 | alpha 1.337 | complete
Ep 553 | 드론6 목적지68 |  592스텝 | 배송 68/68 | 재적재 11 | 중계율 0.13 | alpha 1.345 | complete
Ep 554 | 드론4 목적지74 |  974스텝 | 배송 74/74 | 재적재 13 | 중계율 0.16 | alpha 1.330 | complete
Ep 555 | 드론5 목적지59 |  771스텝 | 배송 59/59 | 재적재 10 | 중계율 0.22 | alpha 1.335 | complete
Ep 556 | 드론5 목적지41 |  652스텝 | 배송 41/41 | 재적재  7 | 중계율 0.17 | alpha 1.325 | complete
Ep 557 | 드론4 목적지71 |  710스텝 | 배송 71/71 | 재적재 13 | 중계율 0.08 | alpha 1.328 | complete
Ep 558 | 드론5 목적지50 |  525스텝 | 배송 50/50 | 재적재  8 | 중계율 0.12 | alpha 1.351 | complete
Ep 559 | 드론5 목적지57 |  810스텝 | 배송 57/57 | 재적재 10 | 중계율 0.15 | alpha 1.345 | complete
Ep 560 | 드론5 목적지42 |  380스텝 | 배송 42/42 | 재적재  6 | 중계율 0.07 | alpha 1.351 | complete
Ep 561 | 드론5 목적지27 |  380스텝 | 배송 27/27 | 재적재  3 | 중계율 0.08 | alpha 1.345 | complete
Ep 562 | 드론6 목적지47 |  639스텝 | 배송 47/47 | 재적재  8 | 중계율 0.16 | alpha 1.337 | complete
Ep 563 | 드론4 목적지78 | 1000스텝 | 배송 77/78 | 재적재 14 | 중계율 0.17 | alpha 1.327 | step_limit
Ep 564 | 드론5 목적지30 |  333스텝 | 배송 30/30 | 재적재  3 | 중계율 0.07 | alpha 1.323 | complete
Ep 565 | 드론6 목적지22 |  197스텝 | 배송 22/22 | 재적재  1 | 중계율 0.14 | alpha 1.326 | complete
Ep 566 | 드론4 목적지49 |  592스텝 | 배송 49/49 | 재적재  8 | 중계율 0.10 | alpha 1.298 | complete
Ep 567 | 드론4 목적지78 | 1000스텝 | 배송 70/78 | 재적재 12 | 중계율 0.21 | alpha 1.324 | step_limit
Ep 568 | 드론5 목적지67 | 1000스텝 | 배송 66/67 | 재적재 12 | 중계율 0.22 | alpha 1.316 | step_limit
Ep 569 | 드론6 목적지70 |  503스텝 | 배송 70/70 | 재적재 10 | 중계율 0.08 | alpha 1.315 | complete
Ep 570 | 드론4 목적지72 |  934스텝 | 배송 72/72 | 재적재 12 | 중계율 0.16 | alpha 1.338 | complete
Ep 571 | 드론6 목적지49 |  358스텝 | 배송 49/49 | 재적재  6 | 중계율 0.09 | alpha 1.339 | complete
Ep 572 | 드론6 목적지75 |  583스텝 | 배송 75/75 | 재적재 13 | 중계율 0.10 | alpha 1.305 | complete
Ep 573 | 드론5 목적지66 |  541스텝 | 배송 66/66 | 재적재 10 | 중계율 0.12 | alpha 1.296 | complete
Ep 574 | 드론5 목적지44 |  712스텝 | 배송 44/44 | 재적재  7 | 중계율 0.15 | alpha 1.284 | complete
Ep 575 | 드론6 목적지78 |  739스텝 | 배송 78/78 | 재적재 14 | 중계율 0.10 | alpha 1.270 | complete
Ep 576 | 드론3 목적지69 | 1000스텝 | 배송 60/69 | 재적재 11 | 중계율 0.25 | alpha 1.279 | step_limit
Ep 577 | 드론5 목적지24 |  197스텝 | 배송 24/24 | 재적재  2 | 중계율 0.05 | alpha 1.257 | complete
Ep 578 | 드론5 목적지32 |  470스텝 | 배송 32/32 | 재적재  5 | 중계율 0.12 | alpha 1.261 | complete
Ep 579 | 드론6 목적지26 |  253스텝 | 배송 26/26 | 재적재  4 | 중계율 0.10 | alpha 1.261 | complete
Ep 580 | 드론5 목적지60 |  624스텝 | 배송 60/60 | 재적재 10 | 중계율 0.13 | alpha 1.255 | complete
Ep 581 | 드론4 목적지47 |  852스텝 | 배송 47/47 | 재적재  7 | 중계율 0.20 | alpha 1.252 | complete
Ep 582 | 드론3 목적지36 |  869스텝 | 배송 36/36 | 재적재  6 | 중계율 0.21 | alpha 1.260 | complete
Ep 583 | 드론6 목적지65 |  583스텝 | 배송 65/65 | 재적재 10 | 중계율 0.11 | alpha 1.248 | complete
Ep 584 | 드론4 목적지54 | 1000스텝 | 배송 53/54 | 재적재  9 | 중계율 0.19 | alpha 1.260 | step_limit
Ep 585 | 드론6 목적지72 | 1000스텝 | 배송 71/72 | 재적재 11 | 중계율 0.18 | alpha 1.249 | step_limit
Ep 586 | 드론6 목적지37 |  388스텝 | 배송 37/37 | 재적재  5 | 중계율 0.11 | alpha 1.254 | complete
Ep 587 | 드론3 목적지49 | 1000스텝 | 배송 41/49 | 재적재  6 | 중계율 0.22 | alpha 1.286 | step_limit
Ep 588 | 드론4 목적지57 |  823스텝 | 배송 57/57 | 재적재  9 | 중계율 0.18 | alpha 1.260 | complete
Ep 589 | 드론3 목적지50 |  885스텝 | 배송 50/50 | 재적재  8 | 중계율 0.19 | alpha 1.265 | complete
Ep 590 | 드론4 목적지47 |  686스텝 | 배송 47/47 | 재적재  7 | 중계율 0.11 | alpha 1.284 | complete
Ep 591 | 드론6 목적지64 |  786스텝 | 배송 64/64 | 재적재 11 | 중계율 0.19 | alpha 1.267 | complete
Ep 592 | 드론5 목적지22 |  290스텝 | 배송 22/22 | 재적재  3 | 중계율 0.11 | alpha 1.260 | complete
Ep 593 | 드론5 목적지51 |  682스텝 | 배송 51/51 | 재적재  9 | 중계율 0.13 | alpha 1.275 | complete
Ep 594 | 드론3 목적지40 | 1000스텝 | 배송 34/40 | 재적재  6 | 중계율 0.24 | alpha 1.275 | step_limit
Ep 595 | 드론5 목적지26 |  335스텝 | 배송 26/26 | 재적재  3 | 중계율 0.17 | alpha 1.266 | complete
Ep 596 | 드론6 목적지26 |  195스텝 | 배송 26/26 | 재적재  2 | 중계율 0.04 | alpha 1.254 | complete
Ep 597 | 드론4 목적지21 |  498스텝 | 배송 21/21 | 재적재  3 | 중계율 0.14 | alpha 1.254 | complete
Ep 598 | 드론4 목적지23 |  391스텝 | 배송 23/23 | 재적재  3 | 중계율 0.15 | alpha 1.274 | complete
Ep 599 | 드론4 목적지77 | 1000스텝 | 배송 73/77 | 재적재 13 | 중계율 0.22 | alpha 1.260 | step_limit
Ep 600 | 드론5 목적지68 | 1000스텝 | 배송 65/68 | 재적재 10 | 중계율 0.25 | alpha 1.249 | step_limit
  [홀드아웃] 배송 49.9±0.8 완주 0.97 스텝 1081 점수 103.9 재적재 8.5 2홉+ 0.63 | 최고 106.6@ep550 정체 1/15
Ep 601 | 드론4 목적지20 |  580스텝 | 배송 20/20 | 재적재  2 | 중계율 0.21 | alpha 1.257 | complete
Ep 602 | 드론5 목적지72 |  614스텝 | 배송 72/72 | 재적재 11 | 중계율 0.12 | alpha 1.274 | complete
Ep 603 | 드론6 목적지60 |  405스텝 | 배송 60/60 | 재적재 10 | 중계율 0.09 | alpha 1.275 | complete
Ep 604 | 드론5 목적지68 |  576스텝 | 배송 68/68 | 재적재 13 | 중계율 0.06 | alpha 1.279 | complete
Ep 605 | 드론4 목적지73 | 1000스텝 | 배송 64/73 | 재적재 12 | 중계율 0.25 | alpha 1.280 | step_limit
Ep 606 | 드론5 목적지51 |  799스텝 | 배송 51/51 | 재적재  8 | 중계율 0.21 | alpha 1.268 | complete
Ep 607 | 드론3 목적지48 |  916스텝 | 배송 48/48 | 재적재  8 | 중계율 0.19 | alpha 1.249 | complete
Ep 608 | 드론5 목적지67 |  605스텝 | 배송 67/67 | 재적재 11 | 중계율 0.08 | alpha 1.239 | complete
Ep 609 | 드론4 목적지51 |  861스텝 | 배송 51/51 | 재적재  9 | 중계율 0.21 | alpha 1.241 | complete
Ep 610 | 드론4 목적지72 |  741스텝 | 배송 72/72 | 재적재 12 | 중계율 0.10 | alpha 1.259 | complete
Ep 611 | 드론4 목적지77 | 1000스텝 | 배송 74/77 | 재적재 13 | 중계율 0.25 | alpha 1.274 | step_limit
Ep 612 | 드론3 목적지42 | 1000스텝 | 배송 36/42 | 재적재  5 | 중계율 0.28 | alpha 1.280 | step_limit
Ep 613 | 드론4 목적지40 |  441스텝 | 배송 40/40 | 재적재  6 | 중계율 0.10 | alpha 1.272 | complete
Ep 614 | 드론4 목적지42 |  743스텝 | 배송 42/42 | 재적재  6 | 중계율 0.20 | alpha 1.284 | complete
Ep 615 | 드론4 목적지80 |  841스텝 | 배송 80/80 | 재적재 14 | 중계율 0.12 | alpha 1.282 | complete
Ep 616 | 드론5 목적지26 |  351스텝 | 배송 26/26 | 재적재  4 | 중계율 0.14 | alpha 1.282 | complete
Ep 617 | 드론6 목적지75 |  829스텝 | 배송 75/75 | 재적재 12 | 중계율 0.15 | alpha 1.268 | complete
Ep 618 | 드론4 목적지50 | 1000스텝 | 배송 48/50 | 재적재  8 | 중계율 0.33 | alpha 1.289 | step_limit
Ep 619 | 드론5 목적지71 |  777스텝 | 배송 71/71 | 재적재 12 | 중계율 0.14 | alpha 1.295 | complete
Ep 620 | 드론6 목적지55 |  620스텝 | 배송 55/55 | 재적재  9 | 중계율 0.12 | alpha 1.297 | complete
Ep 621 | 드론4 목적지79 | 1000스텝 | 배송 76/79 | 재적재 13 | 중계율 0.21 | alpha 1.286 | step_limit
Ep 622 | 드론6 목적지56 |  935스텝 | 배송 56/56 | 재적재 10 | 중계율 0.20 | alpha 1.268 | complete
Ep 623 | 드론3 목적지33 |  781스텝 | 배송 33/33 | 재적재  5 | 중계율 0.21 | alpha 1.255 | complete
Ep 624 | 드론4 목적지72 | 1000스텝 | 배송 66/72 | 재적재 11 | 중계율 0.23 | alpha 1.244 | step_limit
Ep 625 | 드론6 목적지47 |  460스텝 | 배송 47/47 | 재적재  6 | 중계율 0.11 | alpha 1.219 | complete
Ep 626 | 드론3 목적지52 | 1000스텝 | 배송 50/52 | 재적재  8 | 중계율 0.19 | alpha 1.217 | step_limit
Ep 627 | 드론5 목적지66 |  961스텝 | 배송 66/66 | 재적재 12 | 중계율 0.19 | alpha 1.221 | complete
Ep 628 | 드론4 목적지42 |  511스텝 | 배송 42/42 | 재적재  6 | 중계율 0.11 | alpha 1.239 | complete
Ep 629 | 드론3 목적지31 |  931스텝 | 배송 20/31 | 재적재  3 | 중계율 0.29 | alpha 1.261 | no_progress
Ep 630 | 드론4 목적지65 | 1000스텝 | 배송 63/65 | 재적재 12 | 중계율 0.24 | alpha 1.276 | step_limit
Ep 631 | 드론3 목적지20 |  527스텝 | 배송 20/20 | 재적재  3 | 중계율 0.17 | alpha 1.270 | complete
Ep 632 | 드론4 목적지38 |  760스텝 | 배송 38/38 | 재적재  6 | 중계율 0.21 | alpha 1.278 | complete
Ep 633 | 드론6 목적지67 |  460스텝 | 배송 67/67 | 재적재  9 | 중계율 0.06 | alpha 1.286 | complete
Ep 634 | 드론6 목적지47 |  375스텝 | 배송 47/47 | 재적재  7 | 중계율 0.07 | alpha 1.289 | complete
Ep 635 | 드론6 목적지30 |  275스텝 | 배송 30/30 | 재적재  3 | 중계율 0.04 | alpha 1.297 | complete
Ep 636 | 드론4 목적지29 |  678스텝 | 배송 29/29 | 재적재  5 | 중계율 0.25 | alpha 1.287 | complete
Ep 637 | 드론4 목적지71 | 1000스텝 | 배송 66/71 | 재적재 12 | 중계율 0.20 | alpha 1.250 | step_limit
Ep 638 | 드론6 목적지73 |  617스텝 | 배송 73/73 | 재적재 11 | 중계율 0.10 | alpha 1.250 | complete
Ep 639 | 드론5 목적지79 | 1000스텝 | 배송 73/79 | 재적재 12 | 중계율 0.22 | alpha 1.268 | step_limit
Ep 640 | 드론3 목적지22 |  507스텝 | 배송 22/22 | 재적재  2 | 중계율 0.22 | alpha 1.289 | complete
Ep 641 | 드론5 목적지77 |  798스텝 | 배송 77/77 | 재적재 13 | 중계율 0.16 | alpha 1.259 | complete
Ep 642 | 드론5 목적지26 |  279스텝 | 배송 26/26 | 재적재  2 | 중계율 0.08 | alpha 1.246 | complete
Ep 643 | 드론6 목적지30 |  401스텝 | 배송 30/30 | 재적재  4 | 중계율 0.06 | alpha 1.244 | complete
Ep 644 | 드론4 목적지77 |  999스텝 | 배송 77/77 | 재적재 14 | 중계율 0.14 | alpha 1.243 | complete
Ep 645 | 드론4 목적지34 |  378스텝 | 배송 34/34 | 재적재  4 | 중계율 0.08 | alpha 1.243 | complete
Ep 646 | 드론5 목적지34 |  391스텝 | 배송 34/34 | 재적재  5 | 중계율 0.07 | alpha 1.266 | complete
Ep 647 | 드론3 목적지37 |  798스텝 | 배송 37/37 | 재적재  7 | 중계율 0.18 | alpha 1.266 | complete
Ep 648 | 드론4 목적지55 |  630스텝 | 배송 55/55 | 재적재  9 | 중계율 0.09 | alpha 1.270 | complete
Ep 649 | 드론3 목적지20 |  768스텝 | 배송 20/20 | 재적재  3 | 중계율 0.26 | alpha 1.280 | complete
Ep 650 | 드론5 목적지37 |  356스텝 | 배송 37/37 | 재적재  5 | 중계율 0.09 | alpha 1.292 | complete
  [홀드아웃] 배송 49.9±0.6 완주 0.97 스텝 1020 점수 104.1 재적재 8.4 2홉+ 0.63 | 최고 106.6@ep550 정체 2/15
Ep 651 | 드론3 목적지77 | 1000스텝 | 배송 58/77 | 재적재 10 | 중계율 0.20 | alpha 1.273 | step_limit
Ep 652 | 드론6 목적지57 |  546스텝 | 배송 57/57 | 재적재  8 | 중계율 0.09 | alpha 1.273 | complete
Ep 653 | 드론5 목적지38 |  582스텝 | 배송 38/38 | 재적재  6 | 중계율 0.14 | alpha 1.277 | complete
Ep 654 | 드론6 목적지45 |  343스텝 | 배송 45/45 | 재적재  6 | 중계율 0.06 | alpha 1.264 | complete
Ep 655 | 드론3 목적지40 |  721스텝 | 배송 40/40 | 재적재  7 | 중계율 0.22 | alpha 1.285 | complete
Ep 656 | 드론5 목적지31 |  371스텝 | 배송 31/31 | 재적재  5 | 중계율 0.10 | alpha 1.303 | complete
Ep 657 | 드론5 목적지26 |  507스텝 | 배송 26/26 | 재적재  3 | 중계율 0.16 | alpha 1.292 | complete
Ep 658 | 드론4 목적지39 |  627스텝 | 배송 39/39 | 재적재  6 | 중계율 0.15 | alpha 1.298 | complete
Ep 659 | 드론4 목적지51 | 1000스텝 | 배송 49/51 | 재적재  9 | 중계율 0.19 | alpha 1.306 | step_limit
Ep 660 | 드론4 목적지51 |  982스텝 | 배송 51/51 | 재적재  9 | 중계율 0.26 | alpha 1.308 | complete
Ep 661 | 드론3 목적지38 |  957스텝 | 배송 38/38 | 재적재  6 | 중계율 0.26 | alpha 1.288 | complete
Ep 662 | 드론5 목적지43 |  513스텝 | 배송 43/43 | 재적재  7 | 중계율 0.10 | alpha 1.272 | complete
Ep 663 | 드론5 목적지57 |  671스텝 | 배송 57/57 | 재적재 10 | 중계율 0.14 | alpha 1.284 | complete
Ep 664 | 드론4 목적지27 |  503스텝 | 배송 27/27 | 재적재  3 | 중계율 0.09 | alpha 1.295 | complete
Ep 665 | 드론6 목적지59 |  398스텝 | 배송 59/59 | 재적재  9 | 중계율 0.06 | alpha 1.286 | complete
Ep 666 | 드론4 목적지72 |  985스텝 | 배송 72/72 | 재적재 13 | 중계율 0.16 | alpha 1.285 | complete
Ep 667 | 드론5 목적지45 |  497스텝 | 배송 45/45 | 재적재  7 | 중계율 0.10 | alpha 1.293 | complete
Ep 668 | 드론3 목적지65 | 1000스텝 | 배송 56/65 | 재적재 11 | 중계율 0.22 | alpha 1.296 | step_limit
Ep 669 | 드론4 목적지66 |  799스텝 | 배송 66/66 | 재적재 11 | 중계율 0.15 | alpha 1.294 | complete
Ep 670 | 드론6 목적지77 |  829스텝 | 배송 77/77 | 재적재 13 | 중계율 0.18 | alpha 1.331 | complete
Ep 671 | 드론5 목적지58 |  659스텝 | 배송 58/58 | 재적재 10 | 중계율 0.16 | alpha 1.345 | complete
Ep 672 | 드론3 목적지43 |  629스텝 | 배송 43/43 | 재적재  7 | 중계율 0.12 | alpha 1.326 | complete
Ep 673 | 드론6 목적지68 |  565스텝 | 배송 68/68 | 재적재 11 | 중계율 0.13 | alpha 1.327 | complete
Ep 674 | 드론3 목적지52 | 1000스텝 | 배송 49/52 | 재적재  9 | 중계율 0.21 | alpha 1.292 | step_limit
Ep 675 | 드론4 목적지42 | 1000스텝 | 배송 41/42 | 재적재  7 | 중계율 0.28 | alpha 1.231 | step_limit
Ep 676 | 드론3 목적지45 |  958스텝 | 배송 45/45 | 재적재  8 | 중계율 0.16 | alpha 1.232 | complete
Ep 677 | 드론3 목적지41 | 1000스텝 | 배송 39/41 | 재적재  7 | 중계율 0.22 | alpha 1.230 | step_limit
Ep 678 | 드론6 목적지79 |  760스텝 | 배송 79/79 | 재적재 12 | 중계율 0.14 | alpha 1.251 | complete
Ep 679 | 드론4 목적지24 |  714스텝 | 배송 24/24 | 재적재  4 | 중계율 0.29 | alpha 1.247 | complete
Ep 680 | 드론4 목적지52 |  899스텝 | 배송 52/52 | 재적재  8 | 중계율 0.24 | alpha 1.251 | complete
Ep 681 | 드론5 목적지77 | 1000스텝 | 배송 75/77 | 재적재 14 | 중계율 0.18 | alpha 1.250 | step_limit
Ep 682 | 드론4 목적지49 |  558스텝 | 배송 49/49 | 재적재  8 | 중계율 0.12 | alpha 1.260 | complete
Ep 683 | 드론5 목적지63 |  670스텝 | 배송 63/63 | 재적재 10 | 중계율 0.13 | alpha 1.262 | complete
Ep 684 | 드론4 목적지37 |  475스텝 | 배송 37/37 | 재적재  6 | 중계율 0.17 | alpha 1.234 | complete
Ep 685 | 드론6 목적지56 |  497스텝 | 배송 56/56 | 재적재  9 | 중계율 0.15 | alpha 1.229 | complete
Ep 686 | 드론3 목적지28 |  541스텝 | 배송 28/28 | 재적재  4 | 중계율 0.18 | alpha 1.248 | complete
Ep 687 | 드론6 목적지77 |  522스텝 | 배송 77/77 | 재적재 13 | 중계율 0.05 | alpha 1.263 | complete
Ep 688 | 드론4 목적지45 |  861스텝 | 배송 45/45 | 재적재  7 | 중계율 0.23 | alpha 1.266 | complete
Ep 689 | 드론5 목적지70 |  691스텝 | 배송 70/70 | 재적재 12 | 중계율 0.12 | alpha 1.269 | complete
Ep 690 | 드론6 목적지62 |  627스텝 | 배송 62/62 | 재적재 11 | 중계율 0.12 | alpha 1.256 | complete
Ep 691 | 드론3 목적지31 |  612스텝 | 배송 31/31 | 재적재  5 | 중계율 0.20 | alpha 1.227 | complete
Ep 692 | 드론6 목적지61 |  601스텝 | 배송 61/61 | 재적재  9 | 중계율 0.12 | alpha 1.219 | complete
Ep 693 | 드론6 목적지60 |  614스텝 | 배송 60/60 | 재적재  9 | 중계율 0.16 | alpha 1.217 | complete
Ep 694 | 드론4 목적지33 |  617스텝 | 배송 33/33 | 재적재  5 | 중계율 0.19 | alpha 1.203 | complete
Ep 695 | 드론4 목적지29 |  987스텝 | 배송 29/29 | 재적재  5 | 중계율 0.32 | alpha 1.203 | complete
Ep 696 | 드론6 목적지28 |  246스텝 | 배송 28/28 | 재적재  2 | 중계율 0.10 | alpha 1.198 | complete
Ep 697 | 드론6 목적지35 |  357스텝 | 배송 35/35 | 재적재  4 | 중계율 0.07 | alpha 1.200 | complete
Ep 698 | 드론4 목적지32 |  688스텝 | 배송 32/32 | 재적재  4 | 중계율 0.24 | alpha 1.200 | complete
Ep 699 | 드론3 목적지62 | 1000스텝 | 배송 51/62 | 재적재  9 | 중계율 0.15 | alpha 1.203 | step_limit
Ep 700 | 드론4 목적지61 |  900스텝 | 배송 61/61 | 재적재  9 | 중계율 0.18 | alpha 1.181 | complete
  [홀드아웃] 배송 49.9±0.4 완주 0.95 스텝 1113 점수 101.3 재적재 8.6 2홉+ 0.63 | 최고 106.6@ep550 정체 3/15
Ep 701 | 드론6 목적지72 |  653스텝 | 배송 72/72 | 재적재 14 | 중계율 0.10 | alpha 1.180 | complete
Ep 702 | 드론6 목적지34 |  461스텝 | 배송 34/34 | 재적재  4 | 중계율 0.16 | alpha 1.183 | complete
Ep 703 | 드론6 목적지32 |  312스텝 | 배송 32/32 | 재적재  3 | 중계율 0.14 | alpha 1.174 | complete
Ep 704 | 드론5 목적지74 |  869스텝 | 배송 74/74 | 재적재 13 | 중계율 0.15 | alpha 1.174 | complete
Ep 705 | 드론3 목적지38 |  788스텝 | 배송 38/38 | 재적재  6 | 중계율 0.15 | alpha 1.180 | complete
Ep 706 | 드론6 목적지30 |  259스텝 | 배송 30/30 | 재적재  3 | 중계율 0.07 | alpha 1.174 | complete
Ep 707 | 드론5 목적지31 |  360스텝 | 배송 31/31 | 재적재  4 | 중계율 0.08 | alpha 1.181 | complete
Ep 708 | 드론4 목적지63 |  789스텝 | 배송 63/63 | 재적재 11 | 중계율 0.13 | alpha 1.172 | complete
Ep 709 | 드론4 목적지20 |  411스텝 | 배송 20/20 | 재적재  3 | 중계율 0.19 | alpha 1.165 | complete
Ep 710 | 드론5 목적지78 |  797스텝 | 배송 78/78 | 재적재 14 | 중계율 0.13 | alpha 1.165 | complete
Ep 711 | 드론6 목적지58 |  622스텝 | 배송 58/58 | 재적재 10 | 중계율 0.15 | alpha 1.168 | complete
Ep 712 | 드론3 목적지75 | 1000스텝 | 배송 60/75 | 재적재 11 | 중계율 0.20 | alpha 1.179 | step_limit
Ep 713 | 드론3 목적지69 |  984스텝 | 배송 69/69 | 재적재 12 | 중계율 0.13 | alpha 1.200 | complete
Ep 714 | 드론3 목적지36 |  942스텝 | 배송 36/36 | 재적재  6 | 중계율 0.26 | alpha 1.193 | complete
Ep 715 | 드론3 목적지65 | 1000스텝 | 배송 57/65 | 재적재 10 | 중계율 0.19 | alpha 1.186 | step_limit
Ep 716 | 드론6 목적지36 |  347스텝 | 배송 36/36 | 재적재  5 | 중계율 0.07 | alpha 1.182 | complete
Ep 717 | 드론6 목적지56 |  496스텝 | 배송 56/56 | 재적재  9 | 중계율 0.13 | alpha 1.181 | complete
Ep 718 | 드론4 목적지69 |  826스텝 | 배송 69/69 | 재적재 13 | 중계율 0.13 | alpha 1.176 | complete
Ep 719 | 드론4 목적지21 |  233스텝 | 배송 21/21 | 재적재  2 | 중계율 0.09 | alpha 1.168 | complete
Ep 720 | 드론6 목적지45 |  388스텝 | 배송 45/45 | 재적재  6 | 중계율 0.11 | alpha 1.155 | complete
Ep 721 | 드론3 목적지30 |  470스텝 | 배송 30/30 | 재적재  5 | 중계율 0.12 | alpha 1.166 | complete
Ep 722 | 드론6 목적지47 |  379스텝 | 배송 47/47 | 재적재  7 | 중계율 0.07 | alpha 1.165 | complete
Ep 723 | 드론3 목적지51 | 1000스텝 | 배송 50/51 | 재적재  9 | 중계율 0.22 | alpha 1.202 | step_limit
Ep 724 | 드론5 목적지57 |  588스텝 | 배송 57/57 | 재적재  9 | 중계율 0.11 | alpha 1.227 | complete
Ep 725 | 드론5 목적지29 |  354스텝 | 배송 29/29 | 재적재  5 | 중계율 0.12 | alpha 1.234 | complete
Ep 726 | 드론6 목적지69 |  683스텝 | 배송 69/69 | 재적재 11 | 중계율 0.15 | alpha 1.266 | complete
Ep 727 | 드론5 목적지36 |  546스텝 | 배송 36/36 | 재적재  4 | 중계율 0.21 | alpha 1.261 | complete
Ep 728 | 드론4 목적지74 | 1000스텝 | 배송 66/74 | 재적재 10 | 중계율 0.28 | alpha 1.247 | step_limit
Ep 729 | 드론6 목적지64 |  603스텝 | 배송 64/64 | 재적재  9 | 중계율 0.13 | alpha 1.244 | complete
Ep 730 | 드론4 목적지70 |  714스텝 | 배송 70/70 | 재적재 12 | 중계율 0.10 | alpha 1.251 | complete
Ep 731 | 드론3 목적지48 |  953스텝 | 배송 48/48 | 재적재  9 | 중계율 0.21 | alpha 1.262 | complete
Ep 732 | 드론5 목적지37 |  527스텝 | 배송 37/37 | 재적재  5 | 중계율 0.20 | alpha 1.266 | complete
Ep 733 | 드론5 목적지67 |  944스텝 | 배송 67/67 | 재적재 12 | 중계율 0.15 | alpha 1.266 | complete
Ep 734 | 드론6 목적지54 |  666스텝 | 배송 54/54 | 재적재 10 | 중계율 0.21 | alpha 1.268 | complete
Ep 735 | 드론5 목적지57 |  744스텝 | 배송 57/57 | 재적재  9 | 중계율 0.18 | alpha 1.294 | complete
Ep 736 | 드론6 목적지39 |  352스텝 | 배송 39/39 | 재적재  5 | 중계율 0.09 | alpha 1.283 | complete
Ep 737 | 드론4 목적지29 |  531스텝 | 배송 29/29 | 재적재  5 | 중계율 0.09 | alpha 1.276 | complete
Ep 738 | 드론6 목적지68 |  501스텝 | 배송 68/68 | 재적재 10 | 중계율 0.09 | alpha 1.266 | complete
Ep 739 | 드론4 목적지20 |  483스텝 | 배송 20/20 | 재적재  3 | 중계율 0.25 | alpha 1.271 | complete
Ep 740 | 드론3 목적지69 | 1000스텝 | 배송 50/69 | 재적재  7 | 중계율 0.31 | alpha 1.250 | step_limit
Ep 741 | 드론6 목적지41 |  402스텝 | 배송 41/41 | 재적재  6 | 중계율 0.12 | alpha 1.236 | complete
Ep 742 | 드론4 목적지78 | 1000스텝 | 배송 75/78 | 재적재 14 | 중계율 0.18 | alpha 1.235 | step_limit
Ep 743 | 드론3 목적지39 | 1000스텝 | 배송 37/39 | 재적재  6 | 중계율 0.25 | alpha 1.236 | step_limit
Ep 744 | 드론4 목적지57 |  939스텝 | 배송 57/57 | 재적재 10 | 중계율 0.19 | alpha 1.238 | complete
Ep 745 | 드론3 목적지76 | 1000스텝 | 배송 62/76 | 재적재 11 | 중계율 0.18 | alpha 1.266 | step_limit
Ep 746 | 드론4 목적지69 | 1000스텝 | 배송 63/69 | 재적재 10 | 중계율 0.23 | alpha 1.253 | step_limit
Ep 747 | 드론4 목적지33 |  401스텝 | 배송 33/33 | 재적재  5 | 중계율 0.13 | alpha 1.254 | complete
Ep 748 | 드론3 목적지30 |  894스텝 | 배송 30/30 | 재적재  4 | 중계율 0.24 | alpha 1.265 | complete
Ep 749 | 드론5 목적지32 |  346스텝 | 배송 32/32 | 재적재  4 | 중계율 0.12 | alpha 1.272 | complete
Ep 750 | 드론5 목적지61 |  618스텝 | 배송 61/61 | 재적재 10 | 중계율 0.10 | alpha 1.283 | complete
  [홀드아웃] 배송 50.0±0.0 완주 1.00 스텝 1023 점수 106.6 재적재 8.3 2홉+ 0.62 | 최고 106.6@ep550 정체 4/15
Ep 751 | 드론5 목적지34 |  488스텝 | 배송 34/34 | 재적재  5 | 중계율 0.19 | alpha 1.295 | complete
Ep 752 | 드론6 목적지69 |  819스텝 | 배송 69/69 | 재적재 12 | 중계율 0.15 | alpha 1.286 | complete
Ep 753 | 드론4 목적지80 |  981스텝 | 배송 80/80 | 재적재 14 | 중계율 0.18 | alpha 1.261 | complete
Ep 754 | 드론4 목적지29 |  516스텝 | 배송 29/29 | 재적재  4 | 중계율 0.10 | alpha 1.244 | complete
Ep 755 | 드론3 목적지43 |  766스텝 | 배송 43/43 | 재적재  8 | 중계율 0.14 | alpha 1.235 | complete
Ep 756 | 드론6 목적지30 |  250스텝 | 배송 30/30 | 재적재  2 | 중계율 0.14 | alpha 1.242 | complete
Ep 757 | 드론6 목적지37 |  378스텝 | 배송 37/37 | 재적재  4 | 중계율 0.10 | alpha 1.226 | complete
Ep 758 | 드론4 목적지51 |  806스텝 | 배송 51/51 | 재적재  9 | 중계율 0.12 | alpha 1.265 | complete
Ep 759 | 드론5 목적지23 |  364스텝 | 배송 23/23 | 재적재  1 | 중계율 0.13 | alpha 1.276 | complete
Ep 760 | 드론5 목적지60 |  848스텝 | 배송 60/60 | 재적재 10 | 중계율 0.19 | alpha 1.280 | complete
Ep 761 | 드론3 목적지77 | 1000스텝 | 배송 59/77 | 재적재 11 | 중계율 0.25 | alpha 1.279 | step_limit
Ep 762 | 드론5 목적지26 |  315스텝 | 배송 26/26 | 재적재  2 | 중계율 0.15 | alpha 1.289 | complete
Ep 763 | 드론5 목적지70 |  532스텝 | 배송 70/70 | 재적재 11 | 중계율 0.06 | alpha 1.286 | complete
Ep 764 | 드론6 목적지32 |  399스텝 | 배송 32/32 | 재적재  3 | 중계율 0.15 | alpha 1.303 | complete
Ep 765 | 드론5 목적지23 |  308스텝 | 배송 23/23 | 재적재  3 | 중계율 0.17 | alpha 1.303 | complete
Ep 766 | 드론6 목적지51 |  395스텝 | 배송 51/51 | 재적재  8 | 중계율 0.10 | alpha 1.276 | complete
Ep 767 | 드론4 목적지49 |  800스텝 | 배송 49/49 | 재적재  8 | 중계율 0.17 | alpha 1.252 | complete
Ep 768 | 드론3 목적지72 | 1000스텝 | 배송 65/72 | 재적재 11 | 중계율 0.22 | alpha 1.231 | step_limit
Ep 769 | 드론6 목적지22 |  210스텝 | 배송 22/22 | 재적재  1 | 중계율 0.09 | alpha 1.225 | complete
Ep 770 | 드론6 목적지53 |  391스텝 | 배송 53/53 | 재적재  9 | 중계율 0.05 | alpha 1.238 | complete
Ep 771 | 드론5 목적지38 |  514스텝 | 배송 38/38 | 재적재  6 | 중계율 0.11 | alpha 1.229 | complete
Ep 772 | 드론4 목적지36 |  545스텝 | 배송 36/36 | 재적재  5 | 중계율 0.15 | alpha 1.208 | complete
Ep 773 | 드론6 목적지21 |  208스텝 | 배송 21/21 | 재적재  1 | 중계율 0.20 | alpha 1.206 | complete
Ep 774 | 드론6 목적지46 |  424스텝 | 배송 46/46 | 재적재  7 | 중계율 0.10 | alpha 1.196 | complete
Ep 775 | 드론6 목적지41 |  370스텝 | 배송 41/41 | 재적재  5 | 중계율 0.13 | alpha 1.205 | complete
Ep 776 | 드론5 목적지48 |  703스텝 | 배송 48/48 | 재적재  8 | 중계율 0.11 | alpha 1.220 | complete
Ep 777 | 드론4 목적지20 |  393스텝 | 배송 20/20 | 재적재  2 | 중계율 0.15 | alpha 1.235 | complete
Ep 778 | 드론5 목적지57 |  802스텝 | 배송 57/57 | 재적재 10 | 중계율 0.24 | alpha 1.240 | complete
Ep 779 | 드론6 목적지79 |  821스텝 | 배송 79/79 | 재적재 13 | 중계율 0.17 | alpha 1.221 | complete
Ep 780 | 드론3 목적지68 | 1000스텝 | 배송 57/68 | 재적재 10 | 중계율 0.21 | alpha 1.213 | step_limit
Ep 781 | 드론5 목적지50 |  391스텝 | 배송 50/50 | 재적재  6 | 중계율 0.07 | alpha 1.213 | complete
Ep 782 | 드론5 목적지45 |  755스텝 | 배송 45/45 | 재적재  7 | 중계율 0.19 | alpha 1.177 | complete
Ep 783 | 드론3 목적지28 |  728스텝 | 배송 28/28 | 재적재  5 | 중계율 0.18 | alpha 1.177 | complete
Ep 784 | 드론6 목적지58 |  515스텝 | 배송 58/58 | 재적재 10 | 중계율 0.16 | alpha 1.189 | complete
Ep 785 | 드론4 목적지49 |  894스텝 | 배송 49/49 | 재적재  8 | 중계율 0.20 | alpha 1.187 | complete
Ep 786 | 드론4 목적지53 | 1000스텝 | 배송 50/53 | 재적재  8 | 중계율 0.27 | alpha 1.208 | step_limit
Ep 787 | 드론4 목적지47 |  902스텝 | 배송 47/47 | 재적재  8 | 중계율 0.17 | alpha 1.235 | complete
Ep 788 | 드론6 목적지75 |  677스텝 | 배송 75/75 | 재적재 13 | 중계율 0.12 | alpha 1.244 | complete
Ep 789 | 드론3 목적지79 | 1000스텝 | 배송 70/79 | 재적재 14 | 중계율 0.15 | alpha 1.256 | step_limit
Ep 790 | 드론3 목적지65 | 1000스텝 | 배송 59/65 | 재적재 10 | 중계율 0.22 | alpha 1.242 | step_limit
Ep 791 | 드론3 목적지21 |  520스텝 | 배송 21/21 | 재적재  3 | 중계율 0.18 | alpha 1.223 | complete
Ep 792 | 드론4 목적지50 |  584스텝 | 배송 50/50 | 재적재  8 | 중계율 0.08 | alpha 1.231 | complete
Ep 793 | 드론6 목적지27 |  256스텝 | 배송 27/27 | 재적재  3 | 중계율 0.13 | alpha 1.236 | complete
Ep 794 | 드론3 목적지74 | 1000스텝 | 배송 62/74 | 재적재 11 | 중계율 0.22 | alpha 1.225 | step_limit
Ep 795 | 드론3 목적지58 | 1000스텝 | 배송 55/58 | 재적재 10 | 중계율 0.13 | alpha 1.233 | step_limit
Ep 796 | 드론4 목적지23 |  386스텝 | 배송 23/23 | 재적재  3 | 중계율 0.18 | alpha 1.223 | complete
Ep 797 | 드론5 목적지34 |  323스텝 | 배송 34/34 | 재적재  4 | 중계율 0.08 | alpha 1.221 | complete
Ep 798 | 드론4 목적지60 |  702스텝 | 배송 60/60 | 재적재  9 | 중계율 0.14 | alpha 1.228 | complete
Ep 799 | 드론3 목적지33 |  747스텝 | 배송 33/33 | 재적재  5 | 중계율 0.20 | alpha 1.238 | complete
Ep 800 | 드론5 목적지50 |  498스텝 | 배송 50/50 | 재적재  7 | 중계율 0.08 | alpha 1.241 | complete
  [홀드아웃] 배송 50.0±0.0 완주 1.00 스텝 1010 점수 106.6 재적재 8.4 2홉+ 0.62 | 최고 106.6@ep800 정체 0/15  ← 갱신
Ep 801 | 드론5 목적지57 |  674스텝 | 배송 57/57 | 재적재 10 | 중계율 0.16 | alpha 1.244 | complete
Ep 802 | 드론4 목적지68 |  776스텝 | 배송 68/68 | 재적재 12 | 중계율 0.12 | alpha 1.246 | complete
Ep 803 | 드론4 목적지80 |  977스텝 | 배송 80/80 | 재적재 14 | 중계율 0.13 | alpha 1.238 | complete
Ep 804 | 드론6 목적지65 |  542스텝 | 배송 65/65 | 재적재 11 | 중계율 0.10 | alpha 1.226 | complete
Ep 805 | 드론6 목적지78 |  709스텝 | 배송 78/78 | 재적재 13 | 중계율 0.11 | alpha 1.225 | complete
Ep 806 | 드론6 목적지73 |  539스텝 | 배송 73/73 | 재적재 13 | 중계율 0.09 | alpha 1.207 | complete
Ep 807 | 드론6 목적지69 |  482스텝 | 배송 69/69 | 재적재 12 | 중계율 0.07 | alpha 1.191 | complete
Ep 808 | 드론4 목적지26 |  422스텝 | 배송 26/26 | 재적재  3 | 중계율 0.18 | alpha 1.197 | complete
Ep 809 | 드론4 목적지70 | 1000스텝 | 배송 69/70 | 재적재 13 | 중계율 0.13 | alpha 1.229 | step_limit
Ep 810 | 드론4 목적지68 |  858스텝 | 배송 68/68 | 재적재 12 | 중계율 0.13 | alpha 1.234 | complete
Ep 811 | 드론3 목적지58 | 1000스텝 | 배송 57/58 | 재적재 10 | 중계율 0.14 | alpha 1.206 | step_limit
Ep 812 | 드론4 목적지33 |  446스텝 | 배송 33/33 | 재적재  5 | 중계율 0.11 | alpha 1.193 | complete
Ep 813 | 드론4 목적지41 |  606스텝 | 배송 41/41 | 재적재  7 | 중계율 0.10 | alpha 1.209 | complete
Ep 814 | 드론4 목적지24 |  799스텝 | 배송 24/24 | 재적재  3 | 중계율 0.27 | alpha 1.200 | complete
Ep 815 | 드론3 목적지38 |  989스텝 | 배송 38/38 | 재적재  7 | 중계율 0.17 | alpha 1.187 | complete
Ep 816 | 드론3 목적지25 |  566스텝 | 배송 25/25 | 재적재  3 | 중계율 0.15 | alpha 1.192 | complete
Ep 817 | 드론4 목적지53 |  650스텝 | 배송 53/53 | 재적재 10 | 중계율 0.08 | alpha 1.215 | complete
Ep 818 | 드론5 목적지28 |  305스텝 | 배송 28/28 | 재적재  4 | 중계율 0.14 | alpha 1.222 | complete
Ep 819 | 드론6 목적지23 |  325스텝 | 배송 23/23 | 재적재  1 | 중계율 0.09 | alpha 1.211 | complete
Ep 820 | 드론4 목적지74 | 1000스텝 | 배송 71/74 | 재적재 12 | 중계율 0.20 | alpha 1.223 | step_limit
Ep 821 | 드론4 목적지79 | 1000스텝 | 배송 75/79 | 재적재 13 | 중계율 0.19 | alpha 1.202 | step_limit
Ep 822 | 드론4 목적지20 |  380스텝 | 배송 20/20 | 재적재  2 | 중계율 0.12 | alpha 1.193 | complete
Ep 823 | 드론5 목적지61 |  656스텝 | 배송 61/61 | 재적재  9 | 중계율 0.15 | alpha 1.204 | complete
Ep 824 | 드론3 목적지25 |  690스텝 | 배송 25/25 | 재적재  4 | 중계율 0.17 | alpha 1.228 | complete
Ep 825 | 드론3 목적지41 | 1000스텝 | 배송 40/41 | 재적재  6 | 중계율 0.22 | alpha 1.239 | step_limit
Ep 826 | 드론3 목적지53 | 1000스텝 | 배송 42/53 | 재적재  8 | 중계율 0.29 | alpha 1.275 | step_limit
Ep 827 | 드론4 목적지44 |  942스텝 | 배송 44/44 | 재적재  6 | 중계율 0.23 | alpha 1.266 | complete
Ep 828 | 드론4 목적지24 |  472스텝 | 배송 24/24 | 재적재  3 | 중계율 0.16 | alpha 1.260 | complete
Ep 829 | 드론6 목적지53 |  444스텝 | 배송 53/53 | 재적재  9 | 중계율 0.11 | alpha 1.278 | complete
Ep 830 | 드론6 목적지66 |  666스텝 | 배송 66/66 | 재적재 12 | 중계율 0.13 | alpha 1.278 | complete
Ep 831 | 드론5 목적지69 |  671스텝 | 배송 69/69 | 재적재 11 | 중계율 0.10 | alpha 1.255 | complete
Ep 832 | 드론5 목적지69 |  605스텝 | 배송 69/69 | 재적재 11 | 중계율 0.10 | alpha 1.249 | complete
Ep 833 | 드론6 목적지72 |  698스텝 | 배송 72/72 | 재적재 12 | 중계율 0.13 | alpha 1.241 | complete
Ep 834 | 드론4 목적지71 | 1000스텝 | 배송 50/71 | 재적재  9 | 중계율 0.22 | alpha 1.239 | step_limit
Ep 835 | 드론3 목적지56 |  889스텝 | 배송 56/56 | 재적재 10 | 중계율 0.12 | alpha 1.227 | complete
Ep 836 | 드론6 목적지30 |  340스텝 | 배송 30/30 | 재적재  3 | 중계율 0.13 | alpha 1.225 | complete
Ep 837 | 드론3 목적지73 | 1000스텝 | 배송 57/73 | 재적재 11 | 중계율 0.20 | alpha 1.248 | step_limit
Ep 838 | 드론5 목적지56 |  721스텝 | 배송 56/56 | 재적재  9 | 중계율 0.09 | alpha 1.250 | complete
Ep 839 | 드론4 목적지20 |  549스텝 | 배송 20/20 | 재적재  3 | 중계율 0.23 | alpha 1.248 | complete
Ep 840 | 드론3 목적지33 |  643스텝 | 배송 33/33 | 재적재  6 | 중계율 0.16 | alpha 1.226 | complete
Ep 841 | 드론4 목적지31 |  626스텝 | 배송 31/31 | 재적재  4 | 중계율 0.16 | alpha 1.203 | complete
Ep 842 | 드론3 목적지68 | 1000스텝 | 배송 60/68 | 재적재 11 | 중계율 0.22 | alpha 1.211 | step_limit
Ep 843 | 드론6 목적지51 |  597스텝 | 배송 51/51 | 재적재  6 | 중계율 0.14 | alpha 1.220 | complete
Ep 844 | 드론4 목적지37 |  612스텝 | 배송 37/37 | 재적재  6 | 중계율 0.13 | alpha 1.206 | complete
Ep 845 | 드론6 목적지74 |  519스텝 | 배송 74/74 | 재적재 12 | 중계율 0.06 | alpha 1.221 | complete
Ep 846 | 드론3 목적지32 |  575스텝 | 배송 32/32 | 재적재  5 | 중계율 0.13 | alpha 1.198 | complete
Ep 847 | 드론5 목적지25 |  386스텝 | 배송 25/25 | 재적재  3 | 중계율 0.11 | alpha 1.200 | complete
Ep 848 | 드론3 목적지44 |  727스텝 | 배송 44/44 | 재적재  8 | 중계율 0.15 | alpha 1.203 | complete
Ep 849 | 드론5 목적지28 |  488스텝 | 배송 28/28 | 재적재  3 | 중계율 0.20 | alpha 1.214 | complete
Ep 850 | 드론3 목적지47 |  828스텝 | 배송 47/47 | 재적재  8 | 중계율 0.11 | alpha 1.209 | complete
  [홀드아웃] 배송 50.0±0.0 완주 1.00 스텝 1046 점수 106.5 재적재 8.3 2홉+ 0.62 | 최고 106.6@ep800 정체 1/15
Ep 851 | 드론3 목적지39 |  799스텝 | 배송 39/39 | 재적재  5 | 중계율 0.17 | alpha 1.211 | complete
Ep 852 | 드론4 목적지68 |  903스텝 | 배송 36/68 | 재적재  7 | 중계율 0.19 | alpha 1.207 | no_progress
Ep 853 | 드론4 목적지65 | 1000스텝 | 배송 60/65 | 재적재 11 | 중계율 0.21 | alpha 1.215 | step_limit
Ep 854 | 드론5 목적지61 |  944스텝 | 배송 61/61 | 재적재  9 | 중계율 0.19 | alpha 1.206 | complete
Ep 855 | 드론5 목적지22 |  275스텝 | 배송 22/22 | 재적재  2 | 중계율 0.09 | alpha 1.209 | complete
Ep 856 | 드론5 목적지59 |  772스텝 | 배송 59/59 | 재적재 10 | 중계율 0.12 | alpha 1.205 | complete
Ep 857 | 드론3 목적지69 | 1000스텝 | 배송 59/69 | 재적재 11 | 중계율 0.20 | alpha 1.192 | step_limit
Ep 858 | 드론6 목적지35 |  312스텝 | 배송 35/35 | 재적재  3 | 중계율 0.07 | alpha 1.200 | complete
Ep 859 | 드론3 목적지20 |  888스텝 | 배송 20/20 | 재적재  2 | 중계율 0.30 | alpha 1.189 | complete
Ep 860 | 드론5 목적지42 |  758스텝 | 배송 42/42 | 재적재  6 | 중계율 0.17 | alpha 1.168 | complete
Ep 861 | 드론4 목적지58 |  699스텝 | 배송 58/58 | 재적재 11 | 중계율 0.12 | alpha 1.159 | complete
Ep 862 | 드론3 목적지39 |  869스텝 | 배송 39/39 | 재적재  7 | 중계율 0.18 | alpha 1.171 | complete
Ep 863 | 드론5 목적지77 | 1000스텝 | 배송 73/77 | 재적재 14 | 중계율 0.18 | alpha 1.171 | step_limit
Ep 864 | 드론6 목적지37 |  449스텝 | 배송 37/37 | 재적재  5 | 중계율 0.16 | alpha 1.171 | complete
Ep 865 | 드론4 목적지33 |  531스텝 | 배송 33/33 | 재적재  4 | 중계율 0.14 | alpha 1.191 | complete
Ep 866 | 드론5 목적지40 |  372스텝 | 배송 40/40 | 재적재  5 | 중계율 0.07 | alpha 1.195 | complete
Ep 867 | 드론6 목적지34 |  398스텝 | 배송 34/34 | 재적재  4 | 중계율 0.11 | alpha 1.204 | complete
Ep 868 | 드론3 목적지34 |  605스텝 | 배송 34/34 | 재적재  5 | 중계율 0.18 | alpha 1.214 | complete
Ep 869 | 드론3 목적지76 | 1000스텝 | 배송 75/76 | 재적재 13 | 중계율 0.13 | alpha 1.199 | step_limit
Ep 870 | 드론4 목적지42 |  857스텝 | 배송 42/42 | 재적재  7 | 중계율 0.19 | alpha 1.185 | complete
Ep 871 | 드론3 목적지47 | 1000스텝 | 배송 44/47 | 재적재  8 | 중계율 0.20 | alpha 1.180 | step_limit
Ep 872 | 드론5 목적지22 |  218스텝 | 배송 22/22 | 재적재  1 | 중계율 0.09 | alpha 1.176 | complete
Ep 873 | 드론5 목적지60 |  706스텝 | 배송 60/60 | 재적재 10 | 중계율 0.18 | alpha 1.199 | complete
Ep 874 | 드론6 목적지45 |  536스텝 | 배송 45/45 | 재적재  6 | 중계율 0.10 | alpha 1.197 | complete
Ep 875 | 드론6 목적지32 |  322스텝 | 배송 32/32 | 재적재  4 | 중계율 0.13 | alpha 1.201 | complete
Ep 876 | 드론3 목적지49 |  872스텝 | 배송 49/49 | 재적재  8 | 중계율 0.15 | alpha 1.222 | complete
Ep 877 | 드론6 목적지77 |  798스텝 | 배송 77/77 | 재적재 12 | 중계율 0.15 | alpha 1.198 | complete
Ep 878 | 드론5 목적지44 | 1000스텝 | 배송 40/44 | 재적재  6 | 중계율 0.28 | alpha 1.154 | step_limit
Ep 879 | 드론3 목적지79 | 1000스텝 | 배송 65/79 | 재적재 12 | 중계율 0.20 | alpha 1.176 | step_limit
Ep 880 | 드론5 목적지32 |  349스텝 | 배송 32/32 | 재적재  5 | 중계율 0.10 | alpha 1.189 | complete
Ep 881 | 드론6 목적지74 |  709스텝 | 배송 74/74 | 재적재 11 | 중계율 0.17 | alpha 1.202 | complete
Ep 882 | 드론4 목적지76 | 1000스텝 | 배송 72/76 | 재적재 13 | 중계율 0.15 | alpha 1.200 | step_limit
Ep 883 | 드론6 목적지50 |  644스텝 | 배송 50/50 | 재적재  8 | 중계율 0.18 | alpha 1.177 | complete
Ep 884 | 드론6 목적지56 |  497스텝 | 배송 56/56 | 재적재  8 | 중계율 0.08 | alpha 1.172 | complete
Ep 885 | 드론3 목적지44 |  901스텝 | 배송 44/44 | 재적재  7 | 중계율 0.19 | alpha 1.188 | complete
Ep 886 | 드론6 목적지76 |  552스텝 | 배송 76/76 | 재적재 12 | 중계율 0.08 | alpha 1.181 | complete
Ep 887 | 드론4 목적지67 | 1000스텝 | 배송 66/67 | 재적재 13 | 중계율 0.16 | alpha 1.194 | step_limit
Ep 888 | 드론3 목적지71 | 1000스텝 | 배송 58/71 | 재적재 10 | 중계율 0.23 | alpha 1.191 | step_limit
Ep 889 | 드론3 목적지32 |  904스텝 | 배송 32/32 | 재적재  6 | 중계율 0.24 | alpha 1.210 | complete
Ep 890 | 드론5 목적지62 |  535스텝 | 배송 62/62 | 재적재  9 | 중계율 0.10 | alpha 1.209 | complete
Ep 891 | 드론3 목적지78 | 1000스텝 | 배송 64/78 | 재적재 11 | 중계율 0.20 | alpha 1.223 | step_limit
Ep 892 | 드론4 목적지39 |  481스텝 | 배송 39/39 | 재적재  7 | 중계율 0.09 | alpha 1.233 | complete
Ep 893 | 드론4 목적지65 |  894스텝 | 배송 65/65 | 재적재 11 | 중계율 0.19 | alpha 1.213 | complete
Ep 894 | 드론6 목적지47 |  314스텝 | 배송 47/47 | 재적재  6 | 중계율 0.05 | alpha 1.192 | complete
Ep 895 | 드론6 목적지64 |  728스텝 | 배송 64/64 | 재적재 11 | 중계율 0.14 | alpha 1.183 | complete
Ep 896 | 드론5 목적지41 |  576스텝 | 배송 41/41 | 재적재  7 | 중계율 0.16 | alpha 1.176 | complete
Ep 897 | 드론6 목적지77 |  506스텝 | 배송 77/77 | 재적재 12 | 중계율 0.04 | alpha 1.188 | complete
Ep 898 | 드론4 목적지29 |  799스텝 | 배송 29/29 | 재적재  5 | 중계율 0.24 | alpha 1.174 | complete
Ep 899 | 드론3 목적지31 |  730스텝 | 배송 31/31 | 재적재  4 | 중계율 0.19 | alpha 1.179 | complete
Ep 900 | 드론3 목적지69 | 1000스텝 | 배송 68/69 | 재적재 12 | 중계율 0.16 | alpha 1.187 | step_limit
  [홀드아웃] 배송 50.0±0.0 완주 1.00 스텝 1092 점수 106.4 재적재 8.5 2홉+ 0.63 | 최고 106.6@ep800 정체 2/15
Ep 901 | 드론6 목적지26 |  361스텝 | 배송 26/26 | 재적재  4 | 중계율 0.18 | alpha 1.193 | complete
Ep 902 | 드론6 목적지58 |  592스텝 | 배송 58/58 | 재적재 11 | 중계율 0.13 | alpha 1.184 | complete
Ep 903 | 드론3 목적지41 | 1000스텝 | 배송 36/41 | 재적재  6 | 중계율 0.28 | alpha 1.162 | step_limit
Ep 904 | 드론6 목적지47 |  450스텝 | 배송 47/47 | 재적재  7 | 중계율 0.05 | alpha 1.174 | complete
Ep 905 | 드론3 목적지63 | 1000스텝 | 배송 55/63 | 재적재 10 | 중계율 0.23 | alpha 1.176 | step_limit
Ep 906 | 드론5 목적지64 |  963스텝 | 배송 64/64 | 재적재 11 | 중계율 0.20 | alpha 1.160 | complete
Ep 907 | 드론3 목적지80 | 1000스텝 | 배송 62/80 | 재적재 11 | 중계율 0.14 | alpha 1.150 | step_limit
Ep 908 | 드론6 목적지49 |  624스텝 | 배송 49/49 | 재적재  7 | 중계율 0.13 | alpha 1.151 | complete
Ep 909 | 드론3 목적지68 | 1000스텝 | 배송 61/68 | 재적재 11 | 중계율 0.23 | alpha 1.168 | step_limit
Ep 910 | 드론6 목적지69 |  683스텝 | 배송 69/69 | 재적재 12 | 중계율 0.14 | alpha 1.140 | complete
Ep 911 | 드론3 목적지22 |  370스텝 | 배송 22/22 | 재적재  3 | 중계율 0.16 | alpha 1.148 | complete
Ep 912 | 드론4 목적지71 | 1000스텝 | 배송 52/71 | 재적재  9 | 중계율 0.29 | alpha 1.188 | step_limit
Ep 913 | 드론3 목적지48 | 1000스텝 | 배송 46/48 | 재적재  8 | 중계율 0.16 | alpha 1.210 | step_limit
Ep 914 | 드론3 목적지64 | 1000스텝 | 배송 55/64 | 재적재 10 | 중계율 0.22 | alpha 1.207 | step_limit
Ep 915 | 드론6 목적지58 |  498스텝 | 배송 58/58 | 재적재  8 | 중계율 0.14 | alpha 1.205 | complete
Ep 916 | 드론4 목적지21 |  420스텝 | 배송 21/21 | 재적재  3 | 중계율 0.17 | alpha 1.212 | complete
Ep 917 | 드론5 목적지75 | 1000스텝 | 배송 67/75 | 재적재 11 | 중계율 0.28 | alpha 1.198 | step_limit
Ep 918 | 드론6 목적지22 |  287스텝 | 배송 22/22 | 재적재  2 | 중계율 0.12 | alpha 1.206 | complete
Ep 919 | 드론5 목적지73 |  765스텝 | 배송 73/73 | 재적재 13 | 중계율 0.13 | alpha 1.221 | complete
Ep 920 | 드론3 목적지79 | 1000스텝 | 배송 55/79 | 재적재 10 | 중계율 0.22 | alpha 1.204 | step_limit
Ep 921 | 드론4 목적지27 |  393스텝 | 배송 27/27 | 재적재  3 | 중계율 0.10 | alpha 1.207 | complete
Ep 922 | 드론4 목적지20 |  267스텝 | 배송 20/20 | 재적재  2 | 중계율 0.08 | alpha 1.200 | complete
Ep 923 | 드론5 목적지51 |  703스텝 | 배송 51/51 | 재적재  9 | 중계율 0.16 | alpha 1.187 | complete
Ep 924 | 드론6 목적지68 |  552스텝 | 배송 68/68 | 재적재 13 | 중계율 0.09 | alpha 1.214 | complete
Ep 925 | 드론6 목적지30 |  376스텝 | 배송 30/30 | 재적재  4 | 중계율 0.13 | alpha 1.216 | complete
Ep 926 | 드론6 목적지31 |  214스텝 | 배송 31/31 | 재적재  2 | 중계율 0.07 | alpha 1.224 | complete
Ep 927 | 드론3 목적지62 | 1000스텝 | 배송 60/62 | 재적재 10 | 중계율 0.24 | alpha 1.197 | step_limit
Ep 928 | 드론3 목적지51 |  912스텝 | 배송 51/51 | 재적재  9 | 중계율 0.20 | alpha 1.197 | complete
Ep 929 | 드론6 목적지34 |  277스텝 | 배송 34/34 | 재적재  5 | 중계율 0.07 | alpha 1.190 | complete
Ep 930 | 드론4 목적지57 |  770스텝 | 배송 57/57 | 재적재  9 | 중계율 0.13 | alpha 1.186 | complete
Ep 931 | 드론4 목적지52 |  845스텝 | 배송 52/52 | 재적재  9 | 중계율 0.17 | alpha 1.204 | complete
Ep 932 | 드론6 목적지27 |  285스텝 | 배송 27/27 | 재적재  1 | 중계율 0.14 | alpha 1.203 | complete
Ep 933 | 드론6 목적지71 |  841스텝 | 배송 71/71 | 재적재 13 | 중계율 0.16 | alpha 1.203 | complete
Ep 934 | 드론6 목적지65 |  986스텝 | 배송 65/65 | 재적재 10 | 중계율 0.21 | alpha 1.189 | complete
Ep 935 | 드론4 목적지29 |  575스텝 | 배송 29/29 | 재적재  5 | 중계율 0.17 | alpha 1.174 | complete
Ep 936 | 드론3 목적지44 |  816스텝 | 배송 44/44 | 재적재  7 | 중계율 0.18 | alpha 1.167 | complete
Ep 937 | 드론3 목적지22 |  596스텝 | 배송 22/22 | 재적재  3 | 중계율 0.25 | alpha 1.146 | complete
Ep 938 | 드론4 목적지44 |  777스텝 | 배송 44/44 | 재적재  8 | 중계율 0.18 | alpha 1.149 | complete
Ep 939 | 드론5 목적지68 | 1000스텝 | 배송 65/68 | 재적재 10 | 중계율 0.27 | alpha 1.153 | step_limit
Ep 940 | 드론5 목적지43 |  844스텝 | 배송 43/43 | 재적재  6 | 중계율 0.26 | alpha 1.167 | complete
Ep 941 | 드론5 목적지73 |  954스텝 | 배송 73/73 | 재적재 12 | 중계율 0.23 | alpha 1.172 | complete
Ep 942 | 드론6 목적지26 |  317스텝 | 배송 26/26 | 재적재  1 | 중계율 0.10 | alpha 1.173 | complete
Ep 943 | 드론5 목적지28 |  822스텝 | 배송 28/28 | 재적재  3 | 중계율 0.23 | alpha 1.178 | complete
Ep 944 | 드론3 목적지79 | 1000스텝 | 배송 70/79 | 재적재 12 | 중계율 0.14 | alpha 1.196 | step_limit
Ep 945 | 드론3 목적지61 | 1000스텝 | 배송 51/61 | 재적재 10 | 중계율 0.18 | alpha 1.191 | step_limit
Ep 946 | 드론4 목적지50 |  860스텝 | 배송 50/50 | 재적재  8 | 중계율 0.16 | alpha 1.188 | complete
Ep 947 | 드론6 목적지25 |  228스텝 | 배송 25/25 | 재적재  1 | 중계율 0.10 | alpha 1.182 | complete
Ep 948 | 드론6 목적지58 |  582스텝 | 배송 58/58 | 재적재  8 | 중계율 0.14 | alpha 1.164 | complete
Ep 949 | 드론6 목적지52 |  368스텝 | 배송 52/52 | 재적재  6 | 중계율 0.11 | alpha 1.161 | complete
Ep 950 | 드론6 목적지43 |  291스텝 | 배송 43/43 | 재적재  5 | 중계율 0.05 | alpha 1.155 | complete
  [홀드아웃] 배송 50.0±0.0 완주 1.00 스텝 1066 점수 106.4 재적재 8.4 2홉+ 0.63 | 최고 106.6@ep800 정체 3/15
Ep 951 | 드론5 목적지30 |  428스텝 | 배송 30/30 | 재적재  3 | 중계율 0.12 | alpha 1.154 | complete
Ep 952 | 드론3 목적지51 | 1000스텝 | 배송 48/51 | 재적재  9 | 중계율 0.19 | alpha 1.150 | step_limit
Ep 953 | 드론6 목적지43 |  455스텝 | 배송 43/43 | 재적재  6 | 중계율 0.13 | alpha 1.154 | complete
Ep 954 | 드론6 목적지80 | 1000스텝 | 배송 79/80 | 재적재 13 | 중계율 0.23 | alpha 1.184 | step_limit
Ep 955 | 드론6 목적지46 |  393스텝 | 배송 46/46 | 재적재  6 | 중계율 0.12 | alpha 1.200 | complete
Ep 956 | 드론5 목적지37 |  436스텝 | 배송 37/37 | 재적재  5 | 중계율 0.14 | alpha 1.184 | complete
Ep 957 | 드론3 목적지52 |  998스텝 | 배송 52/52 | 재적재 10 | 중계율 0.16 | alpha 1.206 | complete
Ep 958 | 드론6 목적지46 |  659스텝 | 배송 46/46 | 재적재  7 | 중계율 0.24 | alpha 1.207 | complete
Ep 959 | 드론4 목적지46 |  779스텝 | 배송 46/46 | 재적재  7 | 중계율 0.20 | alpha 1.199 | complete
Ep 960 | 드론6 목적지66 |  463스텝 | 배송 66/66 | 재적재 11 | 중계율 0.07 | alpha 1.231 | complete
Ep 961 | 드론4 목적지76 | 1000스텝 | 배송 63/76 | 재적재 10 | 중계율 0.26 | alpha 1.250 | step_limit
Ep 962 | 드론4 목적지52 | 1000스텝 | 배송 47/52 | 재적재  9 | 중계율 0.23 | alpha 1.241 | step_limit
Ep 963 | 드론3 목적지56 | 1000스텝 | 배송 47/56 | 재적재  7 | 중계율 0.29 | alpha 1.241 | step_limit
Ep 964 | 드론3 목적지54 | 1000스텝 | 배송 51/54 | 재적재  9 | 중계율 0.16 | alpha 1.215 | step_limit
Ep 965 | 드론4 목적지34 |  709스텝 | 배송 34/34 | 재적재  5 | 중계율 0.19 | alpha 1.181 | complete
Ep 966 | 드론5 목적지77 |  730스텝 | 배송 77/77 | 재적재 14 | 중계율 0.10 | alpha 1.164 | complete
Ep 967 | 드론6 목적지38 |  358스텝 | 배송 38/38 | 재적재  5 | 중계율 0.08 | alpha 1.179 | complete
Ep 968 | 드론6 목적지37 |  551스텝 | 배송 37/37 | 재적재  6 | 중계율 0.19 | alpha 1.194 | complete
Ep 969 | 드론4 목적지54 |  974스텝 | 배송 54/54 | 재적재  9 | 중계율 0.19 | alpha 1.182 | complete
Ep 970 | 드론5 목적지80 |  871스텝 | 배송 80/80 | 재적재 14 | 중계율 0.17 | alpha 1.212 | complete
Ep 971 | 드론5 목적지26 |  311스텝 | 배송 26/26 | 재적재  3 | 중계율 0.10 | alpha 1.228 | complete
Ep 972 | 드론6 목적지27 |  357스텝 | 배송 27/27 | 재적재  3 | 중계율 0.11 | alpha 1.234 | complete
Ep 973 | 드론4 목적지36 |  933스텝 | 배송 36/36 | 재적재  5 | 중계율 0.21 | alpha 1.236 | complete
Ep 974 | 드론3 목적지80 | 1000스텝 | 배송 61/80 | 재적재 12 | 중계율 0.22 | alpha 1.258 | step_limit
Ep 975 | 드론6 목적지80 |  739스텝 | 배송 80/80 | 재적재 14 | 중계율 0.13 | alpha 1.243 | complete
Ep 976 | 드론4 목적지48 |  888스텝 | 배송 48/48 | 재적재  8 | 중계율 0.22 | alpha 1.289 | complete
Ep 977 | 드론5 목적지48 |  489스텝 | 배송 48/48 | 재적재  7 | 중계율 0.09 | alpha 1.278 | complete
Ep 978 | 드론5 목적지69 |  634스텝 | 배송 69/69 | 재적재 12 | 중계율 0.13 | alpha 1.259 | complete
Ep 979 | 드론6 목적지58 |  405스텝 | 배송 58/58 | 재적재  8 | 중계율 0.06 | alpha 1.266 | complete
Ep 980 | 드론6 목적지73 |  846스텝 | 배송 73/73 | 재적재 14 | 중계율 0.17 | alpha 1.273 | complete
Ep 981 | 드론4 목적지62 |  857스텝 | 배송 62/62 | 재적재 11 | 중계율 0.17 | alpha 1.267 | complete
Ep 982 | 드론6 목적지66 |  625스텝 | 배송 66/66 | 재적재 10 | 중계율 0.17 | alpha 1.247 | complete
Ep 983 | 드론4 목적지22 |  400스텝 | 배송 22/22 | 재적재  3 | 중계율 0.12 | alpha 1.220 | complete
Ep 984 | 드론3 목적지53 | 1000스텝 | 배송 46/53 | 재적재  8 | 중계율 0.26 | alpha 1.216 | step_limit
Ep 985 | 드론5 목적지65 |  700스텝 | 배송 65/65 | 재적재 12 | 중계율 0.12 | alpha 1.249 | complete
Ep 986 | 드론6 목적지35 |  514스텝 | 배송 35/35 | 재적재  3 | 중계율 0.19 | alpha 1.238 | complete
Ep 987 | 드론5 목적지47 |  469스텝 | 배송 47/47 | 재적재  8 | 중계율 0.11 | alpha 1.220 | complete
Ep 988 | 드론4 목적지24 |  322스텝 | 배송 24/24 | 재적재  3 | 중계율 0.15 | alpha 1.224 | complete
Ep 989 | 드론3 목적지64 |  886스텝 | 배송 64/64 | 재적재 11 | 중계율 0.18 | alpha 1.222 | complete
Ep 990 | 드론4 목적지26 |  754스텝 | 배송 26/26 | 재적재  4 | 중계율 0.17 | alpha 1.188 | complete
Ep 991 | 드론3 목적지30 |  751스텝 | 배송 30/30 | 재적재  4 | 중계율 0.20 | alpha 1.196 | complete
Ep 992 | 드론4 목적지59 |  857스텝 | 배송 59/59 | 재적재 10 | 중계율 0.15 | alpha 1.167 | complete
Ep 993 | 드론3 목적지46 |  851스텝 | 배송 46/46 | 재적재  8 | 중계율 0.25 | alpha 1.157 | complete
Ep 994 | 드론5 목적지71 |  643스텝 | 배송 71/71 | 재적재 13 | 중계율 0.09 | alpha 1.151 | complete
Ep 995 | 드론3 목적지61 | 1000스텝 | 배송 54/61 | 재적재  9 | 중계율 0.26 | alpha 1.198 | step_limit
Ep 996 | 드론3 목적지61 |  956스텝 | 배송 61/61 | 재적재 10 | 중계율 0.17 | alpha 1.224 | complete
Ep 997 | 드론3 목적지59 | 1000스텝 | 배송 56/59 | 재적재  9 | 중계율 0.20 | alpha 1.234 | step_limit
Ep 998 | 드론6 목적지70 |  659스텝 | 배송 70/70 | 재적재 11 | 중계율 0.17 | alpha 1.229 | complete
Ep 999 | 드론4 목적지49 |  667스텝 | 배송 49/49 | 재적재  7 | 중계율 0.14 | alpha 1.253 | complete
Ep 1000 | 드론5 목적지63 |  686스텝 | 배송 63/63 | 재적재 11 | 중계율 0.15 | alpha 1.261 | complete
  [홀드아웃] 배송 49.5±2.0 완주 0.93 스텝 1074 점수 98.9 재적재 8.2 2홉+ 0.61 | 최고 106.6@ep800 정체 4/15
Ep 1001 | 드론6 목적지43 |  374스텝 | 배송 43/43 | 재적재  6 | 중계율 0.10 | alpha 1.259 | complete
Ep 1002 | 드론4 목적지78 | 1000스텝 | 배송 68/78 | 재적재 12 | 중계율 0.23 | alpha 1.251 | step_limit
Ep 1003 | 드론4 목적지74 | 1000스텝 | 배송 60/74 | 재적재 11 | 중계율 0.24 | alpha 1.247 | step_limit
Ep 1004 | 드론6 목적지61 |  623스텝 | 배송 61/61 | 재적재 10 | 중계율 0.11 | alpha 1.231 | complete
Ep 1005 | 드론5 목적지62 |  547스텝 | 배송 62/62 | 재적재  9 | 중계율 0.11 | alpha 1.202 | complete
Ep 1006 | 드론3 목적지22 |  492스텝 | 배송 22/22 | 재적재  3 | 중계율 0.19 | alpha 1.195 | complete
Ep 1007 | 드론5 목적지79 | 1000스텝 | 배송 69/79 | 재적재 13 | 중계율 0.19 | alpha 1.203 | step_limit
Ep 1008 | 드론4 목적지28 |  642스텝 | 배송 28/28 | 재적재  5 | 중계율 0.18 | alpha 1.192 | complete
Ep 1009 | 드론4 목적지65 | 1000스텝 | 배송 55/65 | 재적재  9 | 중계율 0.23 | alpha 1.197 | step_limit
Ep 1010 | 드론5 목적지22 |  302스텝 | 배송 22/22 | 재적재  3 | 중계율 0.15 | alpha 1.200 | complete
Ep 1011 | 드론5 목적지52 |  595스텝 | 배송 52/52 | 재적재  8 | 중계율 0.07 | alpha 1.216 | complete
Ep 1012 | 드론6 목적지47 |  430스텝 | 배송 47/47 | 재적재  7 | 중계율 0.07 | alpha 1.232 | complete
Ep 1013 | 드론6 목적지66 |  563스텝 | 배송 66/66 | 재적재 10 | 중계율 0.08 | alpha 1.241 | complete
Ep 1014 | 드론4 목적지69 |  901스텝 | 배송 69/69 | 재적재 12 | 중계율 0.15 | alpha 1.246 | complete
Ep 1015 | 드론4 목적지77 |  935스텝 | 배송 77/77 | 재적재 14 | 중계율 0.13 | alpha 1.233 | complete
Ep 1016 | 드론4 목적지80 | 1000스텝 | 배송 66/80 | 재적재 12 | 중계율 0.21 | alpha 1.256 | step_limit
Ep 1017 | 드론5 목적지51 |  549스텝 | 배송 51/51 | 재적재  7 | 중계율 0.12 | alpha 1.247 | complete
Ep 1018 | 드론6 목적지21 |  175스텝 | 배송 21/21 | 재적재  1 | 중계율 0.10 | alpha 1.247 | complete
Ep 1019 | 드론4 목적지58 |  792스텝 | 배송 58/58 | 재적재 11 | 중계율 0.17 | alpha 1.260 | complete
Ep 1020 | 드론4 목적지74 | 1000스텝 | 배송 60/74 | 재적재 10 | 중계율 0.22 | alpha 1.249 | step_limit
Ep 1021 | 드론3 목적지48 | 1000스텝 | 배송 47/48 | 재적재  8 | 중계율 0.21 | alpha 1.247 | step_limit
Ep 1022 | 드론6 목적지27 |  237스텝 | 배송 27/27 | 재적재  1 | 중계율 0.07 | alpha 1.251 | complete
Ep 1023 | 드론6 목적지46 |  319스텝 | 배송 46/46 | 재적재  6 | 중계율 0.06 | alpha 1.258 | complete
Ep 1024 | 드론3 목적지70 | 1000스텝 | 배송 49/70 | 재적재  8 | 중계율 0.30 | alpha 1.264 | step_limit
Ep 1025 | 드론5 목적지41 |  779스텝 | 배송 41/41 | 재적재  5 | 중계율 0.19 | alpha 1.277 | complete
Ep 1026 | 드론6 목적지76 |  939스텝 | 배송 76/76 | 재적재 12 | 중계율 0.19 | alpha 1.284 | complete
Ep 1027 | 드론4 목적지51 | 1000스텝 | 배송 50/51 | 재적재  8 | 중계율 0.15 | alpha 1.285 | step_limit
Ep 1028 | 드론3 목적지27 |  566스텝 | 배송 27/27 | 재적재  4 | 중계율 0.19 | alpha 1.279 | complete
Ep 1029 | 드론4 목적지37 |  420스텝 | 배송 37/37 | 재적재  6 | 중계율 0.07 | alpha 1.254 | complete
Ep 1030 | 드론4 목적지46 | 1000스텝 | 배송 38/46 | 재적재  5 | 중계율 0.27 | alpha 1.275 | step_limit
Ep 1031 | 드론6 목적지20 |  206스텝 | 배송 20/20 | 재적재  1 | 중계율 0.14 | alpha 1.283 | complete
Ep 1032 | 드론3 목적지27 |  580스텝 | 배송 27/27 | 재적재  5 | 중계율 0.13 | alpha 1.285 | complete
Ep 1033 | 드론5 목적지38 |  476스텝 | 배송 38/38 | 재적재  6 | 중계율 0.11 | alpha 1.304 | complete
Ep 1034 | 드론4 목적지66 | 1000스텝 | 배송 64/66 | 재적재 10 | 중계율 0.21 | alpha 1.299 | step_limit
Ep 1035 | 드론6 목적지64 |  670스텝 | 배송 64/64 | 재적재 10 | 중계율 0.11 | alpha 1.282 | complete
Ep 1036 | 드론4 목적지59 |  979스텝 | 배송 59/59 | 재적재 10 | 중계율 0.19 | alpha 1.312 | complete
Ep 1037 | 드론3 목적지49 |  909스텝 | 배송 49/49 | 재적재  9 | 중계율 0.12 | alpha 1.293 | complete
Ep 1038 | 드론6 목적지57 |  718스텝 | 배송 57/57 | 재적재  8 | 중계율 0.21 | alpha 1.286 | complete
Ep 1039 | 드론4 목적지73 | 1000스텝 | 배송 72/73 | 재적재 13 | 중계율 0.20 | alpha 1.283 | step_limit
Ep 1040 | 드론3 목적지44 | 1000스텝 | 배송 40/44 | 재적재  6 | 중계율 0.23 | alpha 1.273 | step_limit
Ep 1041 | 드론5 목적지65 |  898스텝 | 배송 65/65 | 재적재 10 | 중계율 0.20 | alpha 1.277 | complete
Ep 1042 | 드론3 목적지37 | 1000스텝 | 배송 33/37 | 재적재  6 | 중계율 0.22 | alpha 1.260 | step_limit
Ep 1043 | 드론5 목적지52 |  530스텝 | 배송 52/52 | 재적재  8 | 중계율 0.10 | alpha 1.270 | complete
Ep 1044 | 드론4 목적지36 | 1000스텝 | 배송 32/36 | 재적재  5 | 중계율 0.17 | alpha 1.270 | step_limit
Ep 1045 | 드론4 목적지52 |  726스텝 | 배송 52/52 | 재적재  9 | 중계율 0.11 | alpha 1.252 | complete
Ep 1046 | 드론5 목적지43 |  476스텝 | 배송 43/43 | 재적재  6 | 중계율 0.11 | alpha 1.242 | complete
Ep 1047 | 드론3 목적지52 | 1000스텝 | 배송 46/52 | 재적재  7 | 중계율 0.25 | alpha 1.269 | step_limit
Ep 1048 | 드론3 목적지51 | 1000스텝 | 배송 45/51 | 재적재  8 | 중계율 0.22 | alpha 1.258 | step_limit
Ep 1049 | 드론4 목적지72 | 1000스텝 | 배송 57/72 | 재적재 10 | 중계율 0.20 | alpha 1.278 | step_limit
Ep 1050 | 드론5 목적지76 |  917스텝 | 배송 76/76 | 재적재 14 | 중계율 0.16 | alpha 1.265 | complete
  [홀드아웃] 배송 50.0±0.2 완주 0.97 스텝 1121 점수 103.8 재적재 8.4 2홉+ 0.63 | 최고 106.6@ep800 정체 5/15
Ep 1051 | 드론4 목적지79 | 1000스텝 | 배송 58/79 | 재적재 11 | 중계율 0.19 | alpha 1.262 | step_limit
Ep 1052 | 드론5 목적지45 |  856스텝 | 배송 45/45 | 재적재  6 | 중계율 0.19 | alpha 1.269 | complete
Ep 1053 | 드론6 목적지49 |  538스텝 | 배송 49/49 | 재적재  8 | 중계율 0.15 | alpha 1.268 | complete
Ep 1054 | 드론6 목적지61 |  474스텝 | 배송 61/61 | 재적재 10 | 중계율 0.05 | alpha 1.276 | complete
Ep 1055 | 드론5 목적지41 |  569스텝 | 배송 41/41 | 재적재  6 | 중계율 0.17 | alpha 1.274 | complete
Ep 1056 | 드론5 목적지54 |  598스텝 | 배송 54/54 | 재적재  9 | 중계율 0.14 | alpha 1.269 | complete
Ep 1057 | 드론5 목적지64 |  647스텝 | 배송 64/64 | 재적재  9 | 중계율 0.12 | alpha 1.232 | complete
Ep 1058 | 드론5 목적지66 |  894스텝 | 배송 66/66 | 재적재 11 | 중계율 0.18 | alpha 1.234 | complete
Ep 1059 | 드론3 목적지51 |  966스텝 | 배송 51/51 | 재적재  8 | 중계율 0.13 | alpha 1.207 | complete
Ep 1060 | 드론6 목적지52 |  507스텝 | 배송 52/52 | 재적재  9 | 중계율 0.16 | alpha 1.216 | complete
Ep 1061 | 드론5 목적지37 |  580스텝 | 배송 37/37 | 재적재  6 | 중계율 0.16 | alpha 1.219 | complete
Ep 1062 | 드론5 목적지24 |  331스텝 | 배송 24/24 | 재적재  3 | 중계율 0.15 | alpha 1.215 | complete
Ep 1063 | 드론5 목적지73 |  884스텝 | 배송 73/73 | 재적재 11 | 중계율 0.15 | alpha 1.213 | complete
Ep 1064 | 드론5 목적지39 |  672스텝 | 배송 39/39 | 재적재  6 | 중계율 0.21 | alpha 1.207 | complete
Ep 1065 | 드론4 목적지24 |  626스텝 | 배송 24/24 | 재적재  3 | 중계율 0.29 | alpha 1.210 | complete
Ep 1066 | 드론3 목적지75 | 1000스텝 | 배송 68/75 | 재적재 12 | 중계율 0.19 | alpha 1.225 | step_limit
Ep 1067 | 드론6 목적지50 |  404스텝 | 배송 50/50 | 재적재  5 | 중계율 0.06 | alpha 1.219 | complete
Ep 1068 | 드론4 목적지45 |  608스텝 | 배송 45/45 | 재적재  7 | 중계율 0.09 | alpha 1.226 | complete
Ep 1069 | 드론5 목적지20 |  252스텝 | 배송 20/20 | 재적재  1 | 중계율 0.12 | alpha 1.217 | complete
Ep 1070 | 드론3 목적지79 | 1000스텝 | 배송 72/79 | 재적재 13 | 중계율 0.16 | alpha 1.219 | step_limit
Ep 1071 | 드론4 목적지32 |  697스텝 | 배송 32/32 | 재적재  5 | 중계율 0.13 | alpha 1.239 | complete
Ep 1072 | 드론3 목적지56 | 1000스텝 | 배송 53/56 | 재적재 10 | 중계율 0.23 | alpha 1.251 | step_limit
Ep 1073 | 드론6 목적지25 |  233스텝 | 배송 25/25 | 재적재  0 | 중계율 0.06 | alpha 1.259 | complete
Ep 1074 | 드론3 목적지34 |  820스텝 | 배송 34/34 | 재적재  6 | 중계율 0.19 | alpha 1.279 | complete
Ep 1075 | 드론6 목적지40 |  409스텝 | 배송 40/40 | 재적재  6 | 중계율 0.08 | alpha 1.275 | complete
Ep 1076 | 드론3 목적지73 | 1000스텝 | 배송 58/73 | 재적재 10 | 중계율 0.17 | alpha 1.264 | step_limit
Ep 1077 | 드론5 목적지50 |  828스텝 | 배송 50/50 | 재적재  8 | 중계율 0.18 | alpha 1.278 | complete
Ep 1078 | 드론5 목적지62 |  745스텝 | 배송 62/62 | 재적재 10 | 중계율 0.15 | alpha 1.271 | complete
Ep 1079 | 드론4 목적지25 |  653스텝 | 배송 25/25 | 재적재  4 | 중계율 0.16 | alpha 1.278 | complete
Ep 1080 | 드론3 목적지51 | 1000스텝 | 배송 46/51 | 재적재  8 | 중계율 0.20 | alpha 1.291 | step_limit
Ep 1081 | 드론5 목적지46 |  750스텝 | 배송 46/46 | 재적재  8 | 중계율 0.19 | alpha 1.279 | complete
Ep 1082 | 드론6 목적지51 |  504스텝 | 배송 51/51 | 재적재  6 | 중계율 0.09 | alpha 1.258 | complete
Ep 1083 | 드론4 목적지64 | 1000스텝 | 배송 62/64 | 재적재 11 | 중계율 0.21 | alpha 1.244 | step_limit
Ep 1084 | 드론4 목적지48 |  772스텝 | 배송 48/48 | 재적재  9 | 중계율 0.18 | alpha 1.263 | complete
Ep 1085 | 드론4 목적지60 | 1000스텝 | 배송 55/60 | 재적재  9 | 중계율 0.23 | alpha 1.276 | step_limit
Ep 1086 | 드론5 목적지27 |  362스텝 | 배송 27/27 | 재적재  4 | 중계율 0.11 | alpha 1.270 | complete
Ep 1087 | 드론5 목적지66 | 1000스텝 | 배송 58/66 | 재적재 10 | 중계율 0.28 | alpha 1.262 | step_limit
Ep 1088 | 드론5 목적지48 |  484스텝 | 배송 48/48 | 재적재  8 | 중계율 0.07 | alpha 1.251 | complete
Ep 1089 | 드론4 목적지63 |  741스텝 | 배송 63/63 | 재적재 11 | 중계율 0.10 | alpha 1.269 | complete
Ep 1090 | 드론5 목적지78 | 1000스텝 | 배송 71/78 | 재적재 12 | 중계율 0.25 | alpha 1.257 | step_limit
Ep 1091 | 드론4 목적지66 | 1000스텝 | 배송 65/66 | 재적재 10 | 중계율 0.21 | alpha 1.269 | step_limit
Ep 1092 | 드론3 목적지77 | 1000스텝 | 배송 59/77 | 재적재 10 | 중계율 0.25 | alpha 1.282 | step_limit
Ep 1093 | 드론3 목적지72 | 1000스텝 | 배송 64/72 | 재적재 12 | 중계율 0.19 | alpha 1.258 | step_limit
Ep 1094 | 드론6 목적지45 |  551스텝 | 배송 45/45 | 재적재  6 | 중계율 0.11 | alpha 1.251 | complete
Ep 1095 | 드론5 목적지21 |  304스텝 | 배송 21/21 | 재적재  2 | 중계율 0.13 | alpha 1.253 | complete
Ep 1096 | 드론6 목적지77 |  550스텝 | 배송 77/77 | 재적재 14 | 중계율 0.11 | alpha 1.250 | complete
Ep 1097 | 드론3 목적지44 | 1000스텝 | 배송 40/44 | 재적재  7 | 중계율 0.17 | alpha 1.248 | step_limit
Ep 1098 | 드론3 목적지59 | 1000스텝 | 배송 49/59 | 재적재  8 | 중계율 0.25 | alpha 1.286 | step_limit
Ep 1099 | 드론4 목적지75 | 1000스텝 | 배송 68/75 | 재적재 13 | 중계율 0.19 | alpha 1.308 | step_limit
Ep 1100 | 드론3 목적지54 | 1000스텝 | 배송 45/54 | 재적재  8 | 중계율 0.23 | alpha 1.298 | step_limit
  [홀드아웃] 배송 50.0±0.0 완주 1.00 스텝 1121 점수 106.3 재적재 8.5 2홉+ 0.63 | 최고 106.6@ep800 정체 6/15
Ep 1101 | 드론4 목적지78 | 1000스텝 | 배송 69/78 | 재적재 11 | 중계율 0.13 | alpha 1.331 | step_limit
Ep 1102 | 드론6 목적지36 |  374스텝 | 배송 36/36 | 재적재  5 | 중계율 0.11 | alpha 1.341 | complete
Ep 1103 | 드론4 목적지32 |  707스텝 | 배송 32/32 | 재적재  4 | 중계율 0.24 | alpha 1.333 | complete
Ep 1104 | 드론6 목적지37 |  376스텝 | 배송 37/37 | 재적재  4 | 중계율 0.13 | alpha 1.329 | complete
Ep 1105 | 드론6 목적지63 |  632스텝 | 배송 63/63 | 재적재 10 | 중계율 0.09 | alpha 1.319 | complete
Ep 1106 | 드론5 목적지46 |  609스텝 | 배송 46/46 | 재적재  8 | 중계율 0.14 | alpha 1.316 | complete
Ep 1107 | 드론5 목적지21 |  436스텝 | 배송 21/21 | 재적재  2 | 중계율 0.15 | alpha 1.339 | complete
Ep 1108 | 드론3 목적지41 | 1000스텝 | 배송 29/41 | 재적재  4 | 중계율 0.20 | alpha 1.357 | step_limit
Ep 1109 | 드론5 목적지21 |  226스텝 | 배송 21/21 | 재적재  3 | 중계율 0.08 | alpha 1.359 | complete
Ep 1110 | 드론3 목적지55 | 1000스텝 | 배송 49/55 | 재적재  8 | 중계율 0.23 | alpha 1.378 | step_limit
Ep 1111 | 드론6 목적지49 |  448스텝 | 배송 49/49 | 재적재  8 | 중계율 0.05 | alpha 1.371 | complete
Ep 1112 | 드론4 목적지27 |  507스텝 | 배송 27/27 | 재적재  4 | 중계율 0.12 | alpha 1.373 | complete
Ep 1113 | 드론6 목적지70 |  521스텝 | 배송 70/70 | 재적재 11 | 중계율 0.07 | alpha 1.366 | complete
Ep 1114 | 드론6 목적지50 |  610스텝 | 배송 50/50 | 재적재  7 | 중계율 0.11 | alpha 1.361 | complete
Ep 1115 | 드론6 목적지73 | 1000스텝 | 배송 63/73 | 재적재 10 | 중계율 0.20 | alpha 1.340 | step_limit
Ep 1116 | 드론4 목적지54 | 1000스텝 | 배송 42/54 | 재적재  7 | 중계율 0.26 | alpha 1.345 | step_limit
Ep 1117 | 드론5 목적지74 |  741스텝 | 배송 74/74 | 재적재 13 | 중계율 0.15 | alpha 1.334 | complete
Ep 1118 | 드론6 목적지52 |  549스텝 | 배송 52/52 | 재적재  9 | 중계율 0.19 | alpha 1.340 | complete
Ep 1119 | 드론6 목적지22 |  202스텝 | 배송 22/22 | 재적재  0 | 중계율 0.11 | alpha 1.336 | complete
Ep 1120 | 드론5 목적지40 |  445스텝 | 배송 40/40 | 재적재  5 | 중계율 0.13 | alpha 1.337 | complete
Ep 1121 | 드론5 목적지26 |  778스텝 | 배송 26/26 | 재적재  4 | 중계율 0.25 | alpha 1.329 | complete
Ep 1122 | 드론6 목적지55 |  371스텝 | 배송 55/55 | 재적재  9 | 중계율 0.06 | alpha 1.327 | complete
Ep 1123 | 드론6 목적지54 |  470스텝 | 배송 54/54 | 재적재  9 | 중계율 0.09 | alpha 1.328 | complete
Ep 1124 | 드론5 목적지79 |  739스텝 | 배송 79/79 | 재적재 13 | 중계율 0.10 | alpha 1.352 | complete
Ep 1125 | 드론6 목적지53 |  536스텝 | 배송 53/53 | 재적재  8 | 중계율 0.16 | alpha 1.387 | complete
Ep 1126 | 드론5 목적지21 |  212스텝 | 배송 21/21 | 재적재  1 | 중계율 0.10 | alpha 1.387 | complete
Ep 1127 | 드론4 목적지66 | 1000스텝 | 배송 55/66 | 재적재  9 | 중계율 0.18 | alpha 1.391 | step_limit
Ep 1128 | 드론5 목적지70 | 1000스텝 | 배송 67/70 | 재적재 12 | 중계율 0.13 | alpha 1.370 | step_limit
Ep 1129 | 드론6 목적지28 |  466스텝 | 배송 28/28 | 재적재  3 | 중계율 0.12 | alpha 1.368 | complete
Ep 1130 | 드론5 목적지45 |  454스텝 | 배송 45/45 | 재적재  8 | 중계율 0.12 | alpha 1.368 | complete
Ep 1131 | 드론4 목적지55 | 1000스텝 | 배송 55/55 | 재적재  9 | 중계율 0.27 | alpha 1.387 | complete
Ep 1132 | 드론6 목적지59 |  494스텝 | 배송 59/59 | 재적재  8 | 중계율 0.10 | alpha 1.404 | complete
Ep 1133 | 드론5 목적지69 |  568스텝 | 배송 69/69 | 재적재 10 | 중계율 0.10 | alpha 1.399 | complete
Ep 1134 | 드론6 목적지28 |  293스텝 | 배송 28/28 | 재적재  3 | 중계율 0.16 | alpha 1.402 | complete
Ep 1135 | 드론4 목적지68 | 1000스텝 | 배송 53/68 | 재적재  9 | 중계율 0.19 | alpha 1.411 | step_limit
Ep 1136 | 드론6 목적지76 | 1000스텝 | 배송 60/76 | 재적재  9 | 중계율 0.20 | alpha 1.413 | step_limit
Ep 1137 | 드론5 목적지30 |  429스텝 | 배송 30/30 | 재적재  4 | 중계율 0.10 | alpha 1.404 | complete
Ep 1138 | 드론4 목적지48 |  741스텝 | 배송 48/48 | 재적재  8 | 중계율 0.10 | alpha 1.415 | complete
Ep 1139 | 드론6 목적지39 |  316스텝 | 배송 39/39 | 재적재  4 | 중계율 0.09 | alpha 1.419 | complete
Ep 1140 | 드론4 목적지80 | 1000스텝 | 배송 79/80 | 재적재 15 | 중계율 0.15 | alpha 1.419 | step_limit
Ep 1141 | 드론4 목적지28 |  457스텝 | 배송 28/28 | 재적재  4 | 중계율 0.10 | alpha 1.414 | complete
Ep 1142 | 드론6 목적지47 |  475스텝 | 배송 47/47 | 재적재  8 | 중계율 0.08 | alpha 1.417 | complete
Ep 1143 | 드론4 목적지44 | 1000스텝 | 배송 42/44 | 재적재  7 | 중계율 0.23 | alpha 1.423 | step_limit
Ep 1144 | 드론4 목적지28 |  936스텝 | 배송 28/28 | 재적재  4 | 중계율 0.26 | alpha 1.452 | complete
Ep 1145 | 드론5 목적지21 |  322스텝 | 배송 21/21 | 재적재  2 | 중계율 0.20 | alpha 1.476 | complete
Ep 1146 | 드론3 목적지72 | 1000스텝 | 배송 61/72 | 재적재 11 | 중계율 0.17 | alpha 1.464 | step_limit
Ep 1147 | 드론4 목적지77 |  940스텝 | 배송 77/77 | 재적재 14 | 중계율 0.14 | alpha 1.482 | complete
Ep 1148 | 드론6 목적지45 |  434스텝 | 배송 45/45 | 재적재  5 | 중계율 0.15 | alpha 1.477 | complete
Ep 1149 | 드론4 목적지80 | 1000스텝 | 배송 77/80 | 재적재 14 | 중계율 0.15 | alpha 1.470 | step_limit
Ep 1150 | 드론4 목적지73 |  877스텝 | 배송 73/73 | 재적재 12 | 중계율 0.14 | alpha 1.485 | complete
  [홀드아웃] 배송 50.0±0.0 완주 1.00 스텝 1148 점수 106.2 재적재 8.5 2홉+ 0.62 | 최고 106.6@ep800 정체 7/15
Ep 1151 | 드론3 목적지40 | 1000스텝 | 배송 33/40 | 재적재  5 | 중계율 0.25 | alpha 1.476 | step_limit
Ep 1152 | 드론4 목적지61 |  985스텝 | 배송 61/61 | 재적재 11 | 중계율 0.16 | alpha 1.491 | complete
Ep 1153 | 드론6 목적지24 |  299스텝 | 배송 24/24 | 재적재  3 | 중계율 0.15 | alpha 1.490 | complete
Ep 1154 | 드론4 목적지24 |  620스텝 | 배송 24/24 | 재적재  3 | 중계율 0.25 | alpha 1.468 | complete
Ep 1155 | 드론3 목적지31 |  827스텝 | 배송 31/31 | 재적재  5 | 중계율 0.19 | alpha 1.464 | complete
Ep 1156 | 드론4 목적지20 |  378스텝 | 배송 20/20 | 재적재  3 | 중계율 0.13 | alpha 1.459 | complete
Ep 1157 | 드론6 목적지23 |  183스텝 | 배송 23/23 | 재적재  0 | 중계율 0.10 | alpha 1.463 | complete
Ep 1158 | 드론5 목적지41 |  821스텝 | 배송 41/41 | 재적재  7 | 중계율 0.19 | alpha 1.482 | complete
Ep 1159 | 드론5 목적지64 |  507스텝 | 배송 64/64 | 재적재 10 | 중계율 0.08 | alpha 1.479 | complete
Ep 1160 | 드론4 목적지47 |  870스텝 | 배송 47/47 | 재적재  7 | 중계율 0.21 | alpha 1.460 | complete
Ep 1161 | 드론5 목적지70 |  616스텝 | 배송 70/70 | 재적재 12 | 중계율 0.09 | alpha 1.487 | complete
Ep 1162 | 드론5 목적지77 |  816스텝 | 배송 77/77 | 재적재 14 | 중계율 0.12 | alpha 1.513 | complete
Ep 1163 | 드론4 목적지43 | 1000스텝 | 배송 41/43 | 재적재  6 | 중계율 0.27 | alpha 1.511 | step_limit
Ep 1164 | 드론3 목적지40 |  911스텝 | 배송 40/40 | 재적재  7 | 중계율 0.22 | alpha 1.550 | complete
Ep 1165 | 드론6 목적지67 |  503스텝 | 배송 67/67 | 재적재 11 | 중계율 0.09 | alpha 1.535 | complete
Ep 1166 | 드론5 목적지65 |  624스텝 | 배송 65/65 | 재적재 11 | 중계율 0.08 | alpha 1.539 | complete
Ep 1167 | 드론3 목적지24 |  599스텝 | 배송 24/24 | 재적재  4 | 중계율 0.27 | alpha 1.552 | complete
Ep 1168 | 드론6 목적지67 |  775스텝 | 배송 67/67 | 재적재 11 | 중계율 0.18 | alpha 1.582 | complete
Ep 1169 | 드론4 목적지37 |  494스텝 | 배송 37/37 | 재적재  5 | 중계율 0.09 | alpha 1.580 | complete
Ep 1170 | 드론3 목적지35 |  774스텝 | 배송 35/35 | 재적재  6 | 중계율 0.17 | alpha 1.563 | complete
Ep 1171 | 드론5 목적지70 |  792스텝 | 배송 70/70 | 재적재 12 | 중계율 0.15 | alpha 1.567 | complete
Ep 1172 | 드론5 목적지56 |  908스텝 | 배송 56/56 | 재적재 10 | 중계율 0.22 | alpha 1.577 | complete
Ep 1173 | 드론3 목적지39 |  825스텝 | 배송 39/39 | 재적재  6 | 중계율 0.20 | alpha 1.573 | complete
Ep 1174 | 드론6 목적지53 |  688스텝 | 배송 53/53 | 재적재  7 | 중계율 0.14 | alpha 1.554 | complete
Ep 1175 | 드론6 목적지44 |  577스텝 | 배송 44/44 | 재적재  6 | 중계율 0.15 | alpha 1.541 | complete
Ep 1176 | 드론6 목적지44 |  674스텝 | 배송 44/44 | 재적재  6 | 중계율 0.16 | alpha 1.548 | complete
Ep 1177 | 드론6 목적지33 |  382스텝 | 배송 33/33 | 재적재  4 | 중계율 0.14 | alpha 1.544 | complete
Ep 1178 | 드론3 목적지61 | 1000스텝 | 배송 55/61 | 재적재  9 | 중계율 0.21 | alpha 1.554 | step_limit
Ep 1179 | 드론5 목적지71 |  553스텝 | 배송 71/71 | 재적재 11 | 중계율 0.07 | alpha 1.586 | complete
Ep 1180 | 드론5 목적지62 |  750스텝 | 배송 62/62 | 재적재 10 | 중계율 0.20 | alpha 1.589 | complete
Ep 1181 | 드론5 목적지50 |  854스텝 | 배송 50/50 | 재적재  7 | 중계율 0.18 | alpha 1.621 | complete
Ep 1182 | 드론3 목적지79 | 1000스텝 | 배송 70/79 | 재적재 12 | 중계율 0.15 | alpha 1.590 | step_limit
Ep 1183 | 드론5 목적지51 |  775스텝 | 배송 51/51 | 재적재  8 | 중계율 0.12 | alpha 1.561 | complete
Ep 1184 | 드론5 목적지30 |  440스텝 | 배송 30/30 | 재적재  4 | 중계율 0.11 | alpha 1.555 | complete
Ep 1185 | 드론3 목적지77 | 1000스텝 | 배송 67/77 | 재적재 12 | 중계율 0.19 | alpha 1.549 | step_limit
Ep 1186 | 드론6 목적지42 |  370스텝 | 배송 42/42 | 재적재  6 | 중계율 0.06 | alpha 1.546 | complete
Ep 1187 | 드론6 목적지20 |  198스텝 | 배송 20/20 | 재적재  2 | 중계율 0.06 | alpha 1.537 | complete
Ep 1188 | 드론4 목적지74 |  946스텝 | 배송 74/74 | 재적재 12 | 중계율 0.21 | alpha 1.552 | complete
Ep 1189 | 드론5 목적지60 |  614스텝 | 배송 60/60 | 재적재 11 | 중계율 0.10 | alpha 1.558 | complete
Ep 1190 | 드론3 목적지26 |  839스텝 | 배송 26/26 | 재적재  4 | 중계율 0.23 | alpha 1.556 | complete
Ep 1191 | 드론5 목적지27 |  348스텝 | 배송 27/27 | 재적재  4 | 중계율 0.12 | alpha 1.558 | complete
Ep 1192 | 드론5 목적지78 |  741스텝 | 배송 78/78 | 재적재 14 | 중계율 0.11 | alpha 1.538 | complete
Ep 1193 | 드론3 목적지42 |  955스텝 | 배송 42/42 | 재적재  7 | 중계율 0.20 | alpha 1.531 | complete
Ep 1194 | 드론4 목적지75 | 1000스텝 | 배송 72/75 | 재적재 12 | 중계율 0.20 | alpha 1.545 | step_limit
Ep 1195 | 드론5 목적지56 |  514스텝 | 배송 56/56 | 재적재  9 | 중계율 0.10 | alpha 1.552 | complete
Ep 1196 | 드론6 목적지66 |  989스텝 | 배송 66/66 | 재적재 12 | 중계율 0.19 | alpha 1.561 | complete
Ep 1197 | 드론5 목적지59 |  599스텝 | 배송 59/59 | 재적재  9 | 중계율 0.11 | alpha 1.571 | complete
Ep 1198 | 드론4 목적지47 |  569스텝 | 배송 47/47 | 재적재  8 | 중계율 0.13 | alpha 1.558 | complete
Ep 1199 | 드론4 목적지65 |  797스텝 | 배송 65/65 | 재적재 11 | 중계율 0.11 | alpha 1.543 | complete
Ep 1200 | 드론6 목적지48 |  398스텝 | 배송 48/48 | 재적재  6 | 중계율 0.08 | alpha 1.529 | complete
  [홀드아웃] 배송 49.5±2.8 완주 0.97 스텝 1092 점수 103.9 재적재 8.4 2홉+ 0.62 | 최고 106.6@ep800 정체 8/15
Ep 1201 | 드론5 목적지22 |  278스텝 | 배송 22/22 | 재적재  2 | 중계율 0.08 | alpha 1.525 | complete
Ep 1202 | 드론4 목적지68 |  840스텝 | 배송 68/68 | 재적재 11 | 중계율 0.13 | alpha 1.511 | complete
Ep 1203 | 드론3 목적지36 |  724스텝 | 배송 36/36 | 재적재  6 | 중계율 0.27 | alpha 1.525 | complete
Ep 1204 | 드론4 목적지23 |  420스텝 | 배송 23/23 | 재적재  4 | 중계율 0.15 | alpha 1.508 | complete
Ep 1205 | 드론4 목적지32 |  568스텝 | 배송 32/32 | 재적재  4 | 중계율 0.15 | alpha 1.498 | complete
Ep 1206 | 드론3 목적지76 | 1000스텝 | 배송 54/76 | 재적재 10 | 중계율 0.20 | alpha 1.517 | step_limit
Ep 1207 | 드론6 목적지45 |  359스텝 | 배송 45/45 | 재적재  6 | 중계율 0.07 | alpha 1.518 | complete
Ep 1208 | 드론5 목적지40 |  374스텝 | 배송 40/40 | 재적재  6 | 중계율 0.07 | alpha 1.506 | complete
Ep 1209 | 드론3 목적지49 |  956스텝 | 배송 49/49 | 재적재  9 | 중계율 0.18 | alpha 1.528 | complete
Ep 1210 | 드론4 목적지60 | 1000스텝 | 배송 51/60 | 재적재  8 | 중계율 0.24 | alpha 1.569 | step_limit
Ep 1211 | 드론4 목적지66 | 1000스텝 | 배송 63/66 | 재적재 12 | 중계율 0.18 | alpha 1.534 | step_limit
Ep 1212 | 드론5 목적지66 |  801스텝 | 배송 66/66 | 재적재 11 | 중계율 0.15 | alpha 1.516 | complete
Ep 1213 | 드론6 목적지56 |  429스텝 | 배송 56/56 | 재적재  7 | 중계율 0.08 | alpha 1.544 | complete
Ep 1214 | 드론3 목적지49 |  996스텝 | 배송 49/49 | 재적재  9 | 중계율 0.23 | alpha 1.554 | complete
Ep 1215 | 드론3 목적지21 |  474스텝 | 배송 21/21 | 재적재  3 | 중계율 0.20 | alpha 1.559 | complete
Ep 1216 | 드론4 목적지38 | 1000스텝 | 배송 37/38 | 재적재  5 | 중계율 0.24 | alpha 1.538 | step_limit
Ep 1217 | 드론4 목적지22 |  380스텝 | 배송 22/22 | 재적재  2 | 중계율 0.15 | alpha 1.528 | complete
Ep 1218 | 드론4 목적지61 | 1000스텝 | 배송 56/61 | 재적재 10 | 중계율 0.14 | alpha 1.521 | step_limit
Ep 1219 | 드론5 목적지66 |  823스텝 | 배송 66/66 | 재적재 11 | 중계율 0.18 | alpha 1.540 | complete
Ep 1220 | 드론3 목적지38 |  965스텝 | 배송 38/38 | 재적재  7 | 중계율 0.24 | alpha 1.522 | complete
Ep 1221 | 드론3 목적지62 | 1000스텝 | 배송 52/62 | 재적재 10 | 중계율 0.20 | alpha 1.549 | step_limit
Ep 1222 | 드론6 목적지34 |  420스텝 | 배송 34/34 | 재적재  5 | 중계율 0.13 | alpha 1.558 | complete
Ep 1223 | 드론5 목적지35 |  411스텝 | 배송 35/35 | 재적재  5 | 중계율 0.13 | alpha 1.557 | complete
Ep 1224 | 드론6 목적지33 |  399스텝 | 배송 33/33 | 재적재  5 | 중계율 0.15 | alpha 1.534 | complete
Ep 1225 | 드론4 목적지70 |  765스텝 | 배송 70/70 | 재적재 12 | 중계율 0.09 | alpha 1.538 | complete
Ep 1226 | 드론6 목적지32 |  326스텝 | 배송 32/32 | 재적재  4 | 중계율 0.10 | alpha 1.540 | complete
Ep 1227 | 드론3 목적지77 | 1000스텝 | 배송 59/77 | 재적재 10 | 중계율 0.26 | alpha 1.584 | step_limit
Ep 1228 | 드론3 목적지35 | 1000스텝 | 배송 33/35 | 재적재  5 | 중계율 0.25 | alpha 1.573 | step_limit
Ep 1229 | 드론5 목적지25 |  325스텝 | 배송 25/25 | 재적재  3 | 중계율 0.09 | alpha 1.566 | complete
Ep 1230 | 드론3 목적지50 | 1000스텝 | 배송 46/50 | 재적재  8 | 중계율 0.21 | alpha 1.540 | step_limit
Ep 1231 | 드론6 목적지65 |  538스텝 | 배송 65/65 | 재적재 12 | 중계율 0.07 | alpha 1.542 | complete
Ep 1232 | 드론3 목적지79 | 1000스텝 | 배송 55/79 | 재적재 10 | 중계율 0.21 | alpha 1.529 | step_limit
Ep 1233 | 드론3 목적지30 |  722스텝 | 배송 30/30 | 재적재  5 | 중계율 0.25 | alpha 1.551 | complete
Ep 1234 | 드론6 목적지57 |  507스텝 | 배송 57/57 | 재적재  8 | 중계율 0.10 | alpha 1.569 | complete
Ep 1235 | 드론3 목적지49 | 1000스텝 | 배송 33/49 | 재적재  5 | 중계율 0.24 | alpha 1.571 | step_limit
Ep 1236 | 드론4 목적지72 |  861스텝 | 배송 72/72 | 재적재 13 | 중계율 0.16 | alpha 1.539 | complete
Ep 1237 | 드론4 목적지57 | 1000스텝 | 배송 53/57 | 재적재  8 | 중계율 0.24 | alpha 1.522 | step_limit
Ep 1238 | 드론6 목적지73 |  682스텝 | 배송 73/73 | 재적재 11 | 중계율 0.15 | alpha 1.520 | complete
Ep 1239 | 드론4 목적지40 |  623스텝 | 배송 40/40 | 재적재  6 | 중계율 0.17 | alpha 1.548 | complete
Ep 1240 | 드론5 목적지21 |  415스텝 | 배송 21/21 | 재적재  2 | 중계율 0.10 | alpha 1.565 | complete
Ep 1241 | 드론6 목적지58 |  549스텝 | 배송 58/58 | 재적재  9 | 중계율 0.11 | alpha 1.553 | complete
Ep 1242 | 드론5 목적지71 |  742스텝 | 배송 71/71 | 재적재 12 | 중계율 0.13 | alpha 1.554 | complete
Ep 1243 | 드론6 목적지54 |  531스텝 | 배송 54/54 | 재적재  7 | 중계율 0.12 | alpha 1.538 | complete
Ep 1244 | 드론5 목적지23 |  295스텝 | 배송 23/23 | 재적재  3 | 중계율 0.12 | alpha 1.545 | complete
Ep 1245 | 드론3 목적지31 |  846스텝 | 배송 31/31 | 재적재  5 | 중계율 0.26 | alpha 1.545 | complete
Ep 1246 | 드론5 목적지37 |  685스텝 | 배송 37/37 | 재적재  5 | 중계율 0.16 | alpha 1.550 | complete
Ep 1247 | 드론3 목적지20 |  575스텝 | 배송 20/20 | 재적재  3 | 중계율 0.21 | alpha 1.535 | complete
Ep 1248 | 드론6 목적지79 |  766스텝 | 배송 79/79 | 재적재 13 | 중계율 0.13 | alpha 1.534 | complete
Ep 1249 | 드론4 목적지22 |  442스텝 | 배송 22/22 | 재적재  3 | 중계율 0.11 | alpha 1.539 | complete
Ep 1250 | 드론3 목적지27 |  718스텝 | 배송 27/27 | 재적재  4 | 중계율 0.21 | alpha 1.533 | complete
  [홀드아웃] 배송 50.0±0.0 완주 1.00 스텝 1067 점수 106.4 재적재 8.3 2홉+ 0.61 | 최고 106.6@ep800 정체 9/15
Ep 1251 | 드론4 목적지20 |  413스텝 | 배송 20/20 | 재적재  3 | 중계율 0.17 | alpha 1.530 | complete
Ep 1252 | 드론5 목적지48 |  582스텝 | 배송 48/48 | 재적재  8 | 중계율 0.14 | alpha 1.508 | complete
Ep 1253 | 드론4 목적지64 | 1000스텝 | 배송 59/64 | 재적재 10 | 중계율 0.24 | alpha 1.488 | step_limit
Ep 1254 | 드론6 목적지44 |  635스텝 | 배송 44/44 | 재적재  6 | 중계율 0.16 | alpha 1.505 | complete
Ep 1255 | 드론6 목적지39 |  337스텝 | 배송 39/39 | 재적재  5 | 중계율 0.06 | alpha 1.503 | complete
Ep 1256 | 드론4 목적지32 |  738스텝 | 배송 32/32 | 재적재  4 | 중계율 0.23 | alpha 1.526 | complete
Ep 1257 | 드론3 목적지71 | 1000스텝 | 배송 63/71 | 재적재 11 | 중계율 0.14 | alpha 1.538 | step_limit
Ep 1258 | 드론3 목적지40 | 1000스텝 | 배송 39/40 | 재적재  6 | 중계율 0.28 | alpha 1.530 | step_limit
Ep 1259 | 드론4 목적지80 |  917스텝 | 배송 80/80 | 재적재 14 | 중계율 0.13 | alpha 1.513 | complete
Ep 1260 | 드론6 목적지60 |  715스텝 | 배송 60/60 | 재적재  8 | 중계율 0.18 | alpha 1.524 | complete
Ep 1261 | 드론6 목적지26 |  319스텝 | 배송 26/26 | 재적재  2 | 중계율 0.11 | alpha 1.531 | complete
Ep 1262 | 드론6 목적지68 |  506스텝 | 배송 68/68 | 재적재 10 | 중계율 0.09 | alpha 1.505 | complete
Ep 1263 | 드론5 목적지61 |  634스텝 | 배송 61/61 | 재적재 11 | 중계율 0.11 | alpha 1.481 | complete
Ep 1264 | 드론4 목적지55 | 1000스텝 | 배송 45/55 | 재적재  8 | 중계율 0.25 | alpha 1.443 | step_limit
Ep 1265 | 드론5 목적지73 | 1000스텝 | 배송 72/73 | 재적재 14 | 중계율 0.19 | alpha 1.444 | step_limit
Ep 1266 | 드론5 목적지72 |  781스텝 | 배송 72/72 | 재적재 13 | 중계율 0.13 | alpha 1.437 | complete
Ep 1267 | 드론3 목적지46 | 1000스텝 | 배송 26/46 | 재적재  4 | 중계율 0.24 | alpha 1.448 | step_limit
Ep 1268 | 드론3 목적지58 | 1000스텝 | 배송 54/58 | 재적재  9 | 중계율 0.30 | alpha 1.477 | step_limit
Ep 1269 | 드론6 목적지74 |  935스텝 | 배송 74/74 | 재적재 12 | 중계율 0.15 | alpha 1.463 | complete
Ep 1270 | 드론4 목적지30 |  393스텝 | 배송 30/30 | 재적재  4 | 중계율 0.12 | alpha 1.473 | complete
Ep 1271 | 드론4 목적지37 |  679스텝 | 배송 37/37 | 재적재  5 | 중계율 0.13 | alpha 1.448 | complete
Ep 1272 | 드론4 목적지22 |  464스텝 | 배송 22/22 | 재적재  3 | 중계율 0.12 | alpha 1.439 | complete
Ep 1273 | 드론3 목적지43 | 1000스텝 | 배송 38/43 | 재적재  6 | 중계율 0.22 | alpha 1.458 | step_limit
Ep 1274 | 드론3 목적지66 | 1000스텝 | 배송 58/66 | 재적재 10 | 중계율 0.20 | alpha 1.474 | step_limit
Ep 1275 | 드론6 목적지63 |  554스텝 | 배송 63/63 | 재적재 10 | 중계율 0.13 | alpha 1.489 | complete
Ep 1276 | 드론3 목적지47 | 1000스텝 | 배송 43/47 | 재적재  7 | 중계율 0.19 | alpha 1.497 | step_limit
Ep 1277 | 드론6 목적지30 |  384스텝 | 배송 30/30 | 재적재  3 | 중계율 0.16 | alpha 1.491 | complete
Ep 1278 | 드론5 목적지62 |  598스텝 | 배송 62/62 | 재적재 10 | 중계율 0.11 | alpha 1.497 | complete
Ep 1279 | 드론4 목적지28 |  510스텝 | 배송 28/28 | 재적재  4 | 중계율 0.10 | alpha 1.507 | complete
Ep 1280 | 드론5 목적지47 |  464스텝 | 배송 47/47 | 재적재  8 | 중계율 0.09 | alpha 1.520 | complete
Ep 1281 | 드론4 목적지66 | 1000스텝 | 배송 65/66 | 재적재 11 | 중계율 0.20 | alpha 1.487 | step_limit
Ep 1282 | 드론3 목적지74 | 1000스텝 | 배송 57/74 | 재적재 10 | 중계율 0.16 | alpha 1.461 | step_limit
Ep 1283 | 드론3 목적지80 | 1000스텝 | 배송 66/80 | 재적재 12 | 중계율 0.16 | alpha 1.460 | step_limit
Ep 1284 | 드론6 목적지57 |  519스텝 | 배송 57/57 | 재적재  7 | 중계율 0.13 | alpha 1.474 | complete
Ep 1285 | 드론3 목적지40 |  841스텝 | 배송 40/40 | 재적재  7 | 중계율 0.25 | alpha 1.471 | complete
Ep 1286 | 드론5 목적지50 |  778스텝 | 배송 50/50 | 재적재  7 | 중계율 0.18 | alpha 1.477 | complete
Ep 1287 | 드론5 목적지36 |  467스텝 | 배송 36/36 | 재적재  5 | 중계율 0.13 | alpha 1.469 | complete
Ep 1288 | 드론3 목적지32 |  812스텝 | 배송 32/32 | 재적재  5 | 중계율 0.26 | alpha 1.440 | complete
Ep 1289 | 드론3 목적지51 | 1000스텝 | 배송 48/51 | 재적재  9 | 중계율 0.23 | alpha 1.453 | step_limit
Ep 1290 | 드론3 목적지56 | 1000스텝 | 배송 51/56 | 재적재  9 | 중계율 0.25 | alpha 1.461 | step_limit
Ep 1291 | 드론3 목적지33 |  646스텝 | 배송 33/33 | 재적재  5 | 중계율 0.15 | alpha 1.453 | complete
Ep 1292 | 드론4 목적지48 |  978스텝 | 배송 48/48 | 재적재  8 | 중계율 0.21 | alpha 1.458 | complete
Ep 1293 | 드론3 목적지27 |  892스텝 | 배송 27/27 | 재적재  5 | 중계율 0.28 | alpha 1.493 | complete
Ep 1294 | 드론6 목적지72 |  784스텝 | 배송 72/72 | 재적재 13 | 중계율 0.14 | alpha 1.481 | complete
Ep 1295 | 드론5 목적지38 |  685스텝 | 배송 38/38 | 재적재  5 | 중계율 0.15 | alpha 1.482 | complete
Ep 1296 | 드론4 목적지47 |  534스텝 | 배송 47/47 | 재적재  7 | 중계율 0.13 | alpha 1.505 | complete
Ep 1297 | 드론4 목적지44 |  550스텝 | 배송 44/44 | 재적재  7 | 중계율 0.11 | alpha 1.510 | complete
Ep 1298 | 드론4 목적지29 |  474스텝 | 배송 29/29 | 재적재  5 | 중계율 0.13 | alpha 1.519 | complete
Ep 1299 | 드론6 목적지55 |  632스텝 | 배송 55/55 | 재적재  9 | 중계율 0.13 | alpha 1.521 | complete
Ep 1300 | 드론5 목적지49 |  894스텝 | 배송 49/49 | 재적재  8 | 중계율 0.18 | alpha 1.519 | complete
  [홀드아웃] 배송 50.0±0.2 완주 0.97 스텝 1057 점수 104.0 재적재 8.3 2홉+ 0.61 | 최고 106.6@ep800 정체 10/15
Ep 1301 | 드론5 목적지22 |  400스텝 | 배송 22/22 | 재적재  3 | 중계율 0.11 | alpha 1.524 | complete
Ep 1302 | 드론5 목적지46 |  528스텝 | 배송 46/46 | 재적재  8 | 중계율 0.08 | alpha 1.537 | complete
Ep 1303 | 드론5 목적지51 |  412스텝 | 배송 51/51 | 재적재  7 | 중계율 0.09 | alpha 1.515 | complete
Ep 1304 | 드론6 목적지41 |  472스텝 | 배송 41/41 | 재적재  7 | 중계율 0.11 | alpha 1.492 | complete
Ep 1305 | 드론6 목적지56 |  739스텝 | 배송 56/56 | 재적재  9 | 중계율 0.15 | alpha 1.478 | complete
Ep 1306 | 드론5 목적지51 |  553스텝 | 배송 51/51 | 재적재  8 | 중계율 0.14 | alpha 1.478 | complete
Ep 1307 | 드론3 목적지52 | 1000스텝 | 배송 41/52 | 재적재  7 | 중계율 0.21 | alpha 1.467 | step_limit
Ep 1308 | 드론5 목적지44 |  394스텝 | 배송 44/44 | 재적재  6 | 중계율 0.09 | alpha 1.467 | complete
Ep 1309 | 드론6 목적지65 |  631스텝 | 배송 65/65 | 재적재 11 | 중계율 0.10 | alpha 1.464 | complete
Ep 1310 | 드론4 목적지20 |  392스텝 | 배송 20/20 | 재적재  3 | 중계율 0.16 | alpha 1.453 | complete
Ep 1311 | 드론6 목적지70 |  880스텝 | 배송 70/70 | 재적재 12 | 중계율 0.22 | alpha 1.435 | complete
Ep 1312 | 드론4 목적지38 |  498스텝 | 배송 38/38 | 재적재  6 | 중계율 0.12 | alpha 1.431 | complete
Ep 1313 | 드론3 목적지39 |  705스텝 | 배송 39/39 | 재적재  7 | 중계율 0.14 | alpha 1.441 | complete
Ep 1314 | 드론3 목적지59 | 1000스텝 | 배송 56/59 | 재적재 11 | 중계율 0.19 | alpha 1.423 | step_limit
Ep 1315 | 드론5 목적지65 |  894스텝 | 배송 65/65 | 재적재 11 | 중계율 0.17 | alpha 1.418 | complete
Ep 1316 | 드론6 목적지67 |  612스텝 | 배송 67/67 | 재적재 11 | 중계율 0.12 | alpha 1.426 | complete
Ep 1317 | 드론4 목적지73 | 1000스텝 | 배송 70/73 | 재적재 11 | 중계율 0.21 | alpha 1.436 | step_limit
Ep 1318 | 드론4 목적지24 |  475스텝 | 배송 24/24 | 재적재  2 | 중계율 0.17 | alpha 1.431 | complete
Ep 1319 | 드론4 목적지31 |  583스텝 | 배송 31/31 | 재적재  5 | 중계율 0.12 | alpha 1.456 | complete
Ep 1320 | 드론6 목적지47 |  412스텝 | 배송 47/47 | 재적재  6 | 중계율 0.09 | alpha 1.473 | complete
Ep 1321 | 드론4 목적지75 |  847스텝 | 배송 75/75 | 재적재 13 | 중계율 0.14 | alpha 1.496 | complete
Ep 1322 | 드론4 목적지49 |  896스텝 | 배송 49/49 | 재적재  9 | 중계율 0.15 | alpha 1.485 | complete
Ep 1323 | 드론5 목적지75 |  776스텝 | 배송 75/75 | 재적재 12 | 중계율 0.15 | alpha 1.501 | complete
Ep 1324 | 드론3 목적지46 |  888스텝 | 배송 46/46 | 재적재  8 | 중계율 0.20 | alpha 1.520 | complete
Ep 1325 | 드론3 목적지59 | 1000스텝 | 배송 54/59 | 재적재  9 | 중계율 0.18 | alpha 1.515 | step_limit
Ep 1326 | 드론3 목적지44 | 1000스텝 | 배송 42/44 | 재적재  7 | 중계율 0.22 | alpha 1.529 | step_limit
Ep 1327 | 드론5 목적지32 |  321스텝 | 배송 32/32 | 재적재  4 | 중계율 0.10 | alpha 1.533 | complete
Ep 1328 | 드론6 목적지45 |  416스텝 | 배송 45/45 | 재적재  5 | 중계율 0.14 | alpha 1.547 | complete
Ep 1329 | 드론4 목적지41 |  877스텝 | 배송 41/41 | 재적재  5 | 중계율 0.25 | alpha 1.553 | complete
Ep 1330 | 드론5 목적지65 |  920스텝 | 배송 65/65 | 재적재 10 | 중계율 0.23 | alpha 1.555 | complete
Ep 1331 | 드론6 목적지74 |  928스텝 | 배송 74/74 | 재적재 12 | 중계율 0.22 | alpha 1.523 | complete
Ep 1332 | 드론3 목적지35 |  701스텝 | 배송 35/35 | 재적재  5 | 중계율 0.16 | alpha 1.514 | complete
Ep 1333 | 드론3 목적지77 | 1000스텝 | 배송 58/77 | 재적재 11 | 중계율 0.24 | alpha 1.508 | step_limit
Ep 1334 | 드론4 목적지64 | 1000스텝 | 배송 58/64 | 재적재 10 | 중계율 0.23 | alpha 1.517 | step_limit
Ep 1335 | 드론6 목적지58 |  592스텝 | 배송 58/58 | 재적재  8 | 중계율 0.16 | alpha 1.528 | complete
Ep 1336 | 드론4 목적지56 |  770스텝 | 배송 56/56 | 재적재  9 | 중계율 0.17 | alpha 1.540 | complete
Ep 1337 | 드론5 목적지58 | 1000스텝 | 배송 56/58 | 재적재 10 | 중계율 0.22 | alpha 1.547 | step_limit
Ep 1338 | 드론6 목적지52 |  446스텝 | 배송 52/52 | 재적재  7 | 중계율 0.09 | alpha 1.568 | complete
Ep 1339 | 드론4 목적지66 |  871스텝 | 배송 66/66 | 재적재 12 | 중계율 0.14 | alpha 1.572 | complete
Ep 1340 | 드론5 목적지72 |  683스텝 | 배송 72/72 | 재적재 13 | 중계율 0.13 | alpha 1.582 | complete
Ep 1341 | 드론5 목적지37 |  480스텝 | 배송 37/37 | 재적재  4 | 중계율 0.15 | alpha 1.577 | complete
Ep 1342 | 드론5 목적지72 |  697스텝 | 배송 72/72 | 재적재 11 | 중계율 0.11 | alpha 1.570 | complete
Ep 1343 | 드론3 목적지73 | 1000스텝 | 배송 55/73 | 재적재  9 | 중계율 0.21 | alpha 1.567 | step_limit
Ep 1344 | 드론5 목적지34 |  448스텝 | 배송 34/34 | 재적재  4 | 중계율 0.18 | alpha 1.555 | complete
Ep 1345 | 드론6 목적지41 |  326스텝 | 배송 41/41 | 재적재  6 | 중계율 0.10 | alpha 1.551 | complete
Ep 1346 | 드론6 목적지33 |  414스텝 | 배송 33/33 | 재적재  6 | 중계율 0.14 | alpha 1.542 | complete
Ep 1347 | 드론3 목적지42 | 1000스텝 | 배송 39/42 | 재적재  7 | 중계율 0.20 | alpha 1.532 | step_limit
Ep 1348 | 드론3 목적지65 |  775스텝 | 배송 65/65 | 재적재 11 | 중계율 0.14 | alpha 1.589 | complete
Ep 1349 | 드론3 목적지21 |  398스텝 | 배송 21/21 | 재적재  2 | 중계율 0.13 | alpha 1.599 | complete
Ep 1350 | 드론6 목적지56 |  375스텝 | 배송 56/56 | 재적재 10 | 중계율 0.07 | alpha 1.605 | complete
  [홀드아웃] 배송 50.0±0.0 완주 1.00 스텝 1015 점수 106.6 재적재 8.4 2홉+ 0.61 | 최고 106.6@ep800 정체 11/15
Ep 1351 | 드론6 목적지56 |  359스텝 | 배송 56/56 | 재적재  8 | 중계율 0.07 | alpha 1.607 | complete
Ep 1352 | 드론5 목적지20 |  306스텝 | 배송 20/20 | 재적재  1 | 중계율 0.13 | alpha 1.615 | complete
Ep 1353 | 드론4 목적지25 |  277스텝 | 배송 25/25 | 재적재  4 | 중계율 0.06 | alpha 1.619 | complete
Ep 1354 | 드론4 목적지58 |  907스텝 | 배송 58/58 | 재적재 10 | 중계율 0.14 | alpha 1.599 | complete
Ep 1355 | 드론6 목적지79 |  705스텝 | 배송 79/79 | 재적재 13 | 중계율 0.10 | alpha 1.592 | complete
Ep 1356 | 드론6 목적지38 |  395스텝 | 배송 38/38 | 재적재  5 | 중계율 0.14 | alpha 1.583 | complete
Ep 1357 | 드론6 목적지63 |  630스텝 | 배송 63/63 | 재적재 10 | 중계율 0.12 | alpha 1.567 | complete
Ep 1358 | 드론6 목적지28 |  387스텝 | 배송 28/28 | 재적재  3 | 중계율 0.18 | alpha 1.561 | complete
Ep 1359 | 드론5 목적지39 |  368스텝 | 배송 39/39 | 재적재  5 | 중계율 0.06 | alpha 1.556 | complete
Ep 1360 | 드론6 목적지43 |  431스텝 | 배송 43/43 | 재적재  6 | 중계율 0.10 | alpha 1.546 | complete
Ep 1361 | 드론3 목적지44 | 1000스텝 | 배송 40/44 | 재적재  6 | 중계율 0.20 | alpha 1.538 | step_limit
Ep 1362 | 드론3 목적지35 |  713스텝 | 배송 35/35 | 재적재  6 | 중계율 0.20 | alpha 1.558 | complete
Ep 1363 | 드론5 목적지40 |  630스텝 | 배송 40/40 | 재적재  6 | 중계율 0.14 | alpha 1.576 | complete
Ep 1364 | 드론5 목적지38 |  648스텝 | 배송 38/38 | 재적재  5 | 중계율 0.21 | alpha 1.593 | complete
Ep 1365 | 드론5 목적지73 |  924스텝 | 배송 73/73 | 재적재 13 | 중계율 0.17 | alpha 1.589 | complete
Ep 1366 | 드론4 목적지38 | 1000스텝 | 배송 37/38 | 재적재  6 | 중계율 0.26 | alpha 1.571 | step_limit
Ep 1367 | 드론4 목적지73 | 1000스텝 | 배송 67/73 | 재적재 11 | 중계율 0.20 | alpha 1.578 | step_limit
Ep 1368 | 드론5 목적지30 |  418스텝 | 배송 30/30 | 재적재  5 | 중계율 0.11 | alpha 1.618 | complete
Ep 1369 | 드론3 목적지47 | 1000스텝 | 배송 41/47 | 재적재  8 | 중계율 0.20 | alpha 1.601 | step_limit
Ep 1370 | 드론5 목적지24 |  259스텝 | 배송 24/24 | 재적재  2 | 중계율 0.09 | alpha 1.603 | complete
Ep 1371 | 드론3 목적지27 |  561스텝 | 배송 27/27 | 재적재  4 | 중계율 0.16 | alpha 1.582 | complete
Ep 1372 | 드론6 목적지58 |  652스텝 | 배송 58/58 | 재적재 10 | 중계율 0.14 | alpha 1.567 | complete
Ep 1373 | 드론5 목적지62 | 1000스텝 | 배송 53/62 | 재적재  8 | 중계율 0.23 | alpha 1.548 | step_limit
Ep 1374 | 드론3 목적지38 | 1000스텝 | 배송 33/38 | 재적재  5 | 중계율 0.22 | alpha 1.580 | step_limit
Ep 1375 | 드론3 목적지21 |  662스텝 | 배송 21/21 | 재적재  3 | 중계율 0.18 | alpha 1.589 | complete
Ep 1376 | 드론5 목적지61 | 1000스텝 | 배송 58/61 | 재적재 11 | 중계율 0.20 | alpha 1.621 | step_limit
Ep 1377 | 드론6 목적지41 |  430스텝 | 배송 41/41 | 재적재  4 | 중계율 0.13 | alpha 1.617 | complete
Ep 1378 | 드론5 목적지55 |  598스텝 | 배송 55/55 | 재적재  9 | 중계율 0.15 | alpha 1.623 | complete
Ep 1379 | 드론6 목적지27 |  245스텝 | 배송 27/27 | 재적재  2 | 중계율 0.09 | alpha 1.623 | complete
Ep 1380 | 드론5 목적지22 |  752스텝 | 배송 22/22 | 재적재  3 | 중계율 0.25 | alpha 1.625 | complete
Ep 1381 | 드론5 목적지42 |  679스텝 | 배송 42/42 | 재적재  6 | 중계율 0.16 | alpha 1.612 | complete
Ep 1382 | 드론4 목적지57 |  921스텝 | 배송 57/57 | 재적재  9 | 중계율 0.14 | alpha 1.610 | complete
Ep 1383 | 드론5 목적지22 |  357스텝 | 배송 22/22 | 재적재  2 | 중계율 0.18 | alpha 1.608 | complete
Ep 1384 | 드론5 목적지66 |  698스텝 | 배송 66/66 | 재적재 12 | 중계율 0.11 | alpha 1.618 | complete
Ep 1385 | 드론3 목적지70 | 1000스텝 | 배송 63/70 | 재적재 11 | 중계율 0.18 | alpha 1.621 | step_limit
Ep 1386 | 드론6 목적지25 |  431스텝 | 배송 25/25 | 재적재  3 | 중계율 0.11 | alpha 1.606 | complete
Ep 1387 | 드론4 목적지74 | 1000스텝 | 배송 56/74 | 재적재 10 | 중계율 0.21 | alpha 1.638 | step_limit
Ep 1388 | 드론6 목적지21 |  275스텝 | 배송 21/21 | 재적재  1 | 중계율 0.15 | alpha 1.638 | complete
Ep 1389 | 드론5 목적지63 |  676스텝 | 배송 63/63 | 재적재 10 | 중계율 0.12 | alpha 1.634 | complete
Ep 1390 | 드론5 목적지26 |  409스텝 | 배송 26/26 | 재적재  2 | 중계율 0.18 | alpha 1.627 | complete
Ep 1391 | 드론3 목적지78 | 1000스텝 | 배송 64/78 | 재적재 11 | 중계율 0.11 | alpha 1.609 | step_limit
Ep 1392 | 드론4 목적지49 | 1000스텝 | 배송 44/49 | 재적재  8 | 중계율 0.20 | alpha 1.603 | step_limit
Ep 1393 | 드론5 목적지68 | 1000스텝 | 배송 61/68 | 재적재 10 | 중계율 0.19 | alpha 1.615 | step_limit
Ep 1394 | 드론6 목적지22 |  469스텝 | 배송 22/22 | 재적재  1 | 중계율 0.17 | alpha 1.624 | complete
Ep 1395 | 드론4 목적지61 |  727스텝 | 배송 61/61 | 재적재 11 | 중계율 0.13 | alpha 1.647 | complete
Ep 1396 | 드론6 목적지43 |  403스텝 | 배송 43/43 | 재적재  6 | 중계율 0.11 | alpha 1.653 | complete
Ep 1397 | 드론5 목적지71 | 1000스텝 | 배송 69/71 | 재적재 12 | 중계율 0.18 | alpha 1.644 | step_limit
Ep 1398 | 드론4 목적지47 |  813스텝 | 배송 47/47 | 재적재  8 | 중계율 0.17 | alpha 1.597 | complete
Ep 1399 | 드론6 목적지40 |  312스텝 | 배송 40/40 | 재적재  6 | 중계율 0.06 | alpha 1.592 | complete
Ep 1400 | 드론6 목적지23 |  187스텝 | 배송 23/23 | 재적재  0 | 중계율 0.16 | alpha 1.602 | complete
  [홀드아웃] 배송 50.0±0.3 완주 0.97 스텝 1039 점수 104.0 재적재 8.2 2홉+ 0.62 | 최고 106.6@ep800 정체 12/15
Ep 1401 | 드론6 목적지27 |  436스텝 | 배송 27/27 | 재적재  3 | 중계율 0.15 | alpha 1.601 | complete
Ep 1402 | 드론6 목적지78 |  771스텝 | 배송 78/78 | 재적재 13 | 중계율 0.12 | alpha 1.597 | complete
Ep 1403 | 드론5 목적지51 |  547스텝 | 배송 51/51 | 재적재  8 | 중계율 0.13 | alpha 1.601 | complete
Ep 1404 | 드론3 목적지29 |  630스텝 | 배송 29/29 | 재적재  5 | 중계율 0.18 | alpha 1.611 | complete
Ep 1405 | 드론5 목적지28 |  424스텝 | 배송 28/28 | 재적재  3 | 중계율 0.13 | alpha 1.616 | complete
Ep 1406 | 드론3 목적지57 | 1000스텝 | 배송 47/57 | 재적재  9 | 중계율 0.18 | alpha 1.589 | step_limit
Ep 1407 | 드론5 목적지34 |  473스텝 | 배송 34/34 | 재적재  4 | 중계율 0.11 | alpha 1.613 | complete
Ep 1408 | 드론4 목적지68 |  749스텝 | 배송 68/68 | 재적재 11 | 중계율 0.12 | alpha 1.623 | complete
Ep 1409 | 드론6 목적지23 |  271스텝 | 배송 23/23 | 재적재  1 | 중계율 0.09 | alpha 1.629 | complete
Ep 1410 | 드론6 목적지62 |  728스텝 | 배송 62/62 | 재적재 10 | 중계율 0.20 | alpha 1.618 | complete
Ep 1411 | 드론4 목적지48 | 1000스텝 | 배송 47/48 | 재적재  7 | 중계율 0.24 | alpha 1.628 | step_limit
Ep 1412 | 드론5 목적지20 |  272스텝 | 배송 20/20 | 재적재  2 | 중계율 0.07 | alpha 1.624 | complete
Ep 1413 | 드론4 목적지60 | 1000스텝 | 배송 52/60 | 재적재  8 | 중계율 0.25 | alpha 1.644 | step_limit
Ep 1414 | 드론6 목적지53 |  377스텝 | 배송 53/53 | 재적재  9 | 중계율 0.05 | alpha 1.657 | complete
Ep 1415 | 드론4 목적지56 | 1000스텝 | 배송 53/56 | 재적재  9 | 중계율 0.21 | alpha 1.650 | step_limit
Ep 1416 | 드론3 목적지40 | 1000스텝 | 배송 35/40 | 재적재  6 | 중계율 0.26 | alpha 1.665 | step_limit
Ep 1417 | 드론5 목적지48 |  632스텝 | 배송 48/48 | 재적재  8 | 중계율 0.12 | alpha 1.648 | complete
Ep 1418 | 드론4 목적지54 |  848스텝 | 배송 54/54 | 재적재  9 | 중계율 0.15 | alpha 1.646 | complete
Ep 1419 | 드론3 목적지45 | 1000스텝 | 배송 38/45 | 재적재  6 | 중계율 0.29 | alpha 1.653 | step_limit
Ep 1420 | 드론3 목적지56 |  944스텝 | 배송 56/56 | 재적재 10 | 중계율 0.20 | alpha 1.674 | complete
Ep 1421 | 드론3 목적지28 |  690스텝 | 배송 28/28 | 재적재  4 | 중계율 0.12 | alpha 1.672 | complete
Ep 1422 | 드론5 목적지56 |  629스텝 | 배송 56/56 | 재적재  9 | 중계율 0.16 | alpha 1.644 | complete
Ep 1423 | 드론3 목적지42 | 1000스텝 | 배송 40/42 | 재적재  7 | 중계율 0.23 | alpha 1.655 | step_limit
Ep 1424 | 드론5 목적지22 |  246스텝 | 배송 22/22 | 재적재  2 | 중계율 0.11 | alpha 1.671 | complete
Ep 1425 | 드론3 목적지29 | 1000스텝 | 배송 28/29 | 재적재  5 | 중계율 0.27 | alpha 1.655 | step_limit
Ep 1426 | 드론4 목적지41 |  643스텝 | 배송 41/41 | 재적재  6 | 중계율 0.13 | alpha 1.664 | complete
Ep 1427 | 드론3 목적지20 |  392스텝 | 배송 20/20 | 재적재  2 | 중계율 0.14 | alpha 1.671 | complete
Ep 1428 | 드론5 목적지77 | 1000스텝 | 배송 71/77 | 재적재 11 | 중계율 0.17 | alpha 1.721 | step_limit
Ep 1429 | 드론4 목적지27 | 1000스텝 | 배송 26/27 | 재적재  4 | 중계율 0.30 | alpha 1.683 | step_limit
Ep 1430 | 드론6 목적지79 |  545스텝 | 배송 79/79 | 재적재 12 | 중계율 0.09 | alpha 1.655 | complete
Ep 1431 | 드론4 목적지49 |  906스텝 | 배송 49/49 | 재적재  8 | 중계율 0.21 | alpha 1.641 | complete
Ep 1432 | 드론6 목적지57 |  713스텝 | 배송 57/57 | 재적재 10 | 중계율 0.10 | alpha 1.638 | complete
Ep 1433 | 드론4 목적지68 | 1000스텝 | 배송 66/68 | 재적재 12 | 중계율 0.16 | alpha 1.640 | step_limit
Ep 1434 | 드론6 목적지45 |  371스텝 | 배송 45/45 | 재적재  6 | 중계율 0.08 | alpha 1.636 | complete
Ep 1435 | 드론4 목적지73 | 1000스텝 | 배송 63/73 | 재적재 11 | 중계율 0.15 | alpha 1.637 | step_limit
Ep 1436 | 드론6 목적지30 |  271스텝 | 배송 30/30 | 재적재  3 | 중계율 0.09 | alpha 1.630 | complete
Ep 1437 | 드론6 목적지64 |  497스텝 | 배송 64/64 | 재적재 10 | 중계율 0.06 | alpha 1.603 | complete
Ep 1438 | 드론4 목적지36 |  829스텝 | 배송 36/36 | 재적재  5 | 중계율 0.26 | alpha 1.616 | complete
Ep 1439 | 드론3 목적지50 | 1000스텝 | 배송 46/50 | 재적재  9 | 중계율 0.14 | alpha 1.646 | step_limit
Ep 1440 | 드론5 목적지33 |  509스텝 | 배송 33/33 | 재적재  5 | 중계율 0.20 | alpha 1.669 | complete
Ep 1441 | 드론6 목적지72 |  731스텝 | 배송 72/72 | 재적재 11 | 중계율 0.16 | alpha 1.680 | complete
Ep 1442 | 드론4 목적지54 |  580스텝 | 배송 54/54 | 재적재  8 | 중계율 0.11 | alpha 1.679 | complete
Ep 1443 | 드론6 목적지38 |  316스텝 | 배송 38/38 | 재적재  5 | 중계율 0.09 | alpha 1.659 | complete
Ep 1444 | 드론3 목적지56 | 1000스텝 | 배송 52/56 | 재적재  9 | 중계율 0.22 | alpha 1.602 | step_limit
Ep 1445 | 드론5 목적지70 |  586스텝 | 배송 70/70 | 재적재 12 | 중계율 0.08 | alpha 1.585 | complete
Ep 1446 | 드론5 목적지62 |  880스텝 | 배송 62/62 | 재적재 11 | 중계율 0.13 | alpha 1.614 | complete
Ep 1447 | 드론5 목적지41 |  395스텝 | 배송 41/41 | 재적재  5 | 중계율 0.10 | alpha 1.602 | complete
Ep 1448 | 드론5 목적지39 |  545스텝 | 배송 39/39 | 재적재  5 | 중계율 0.16 | alpha 1.605 | complete
Ep 1449 | 드론4 목적지27 |  612스텝 | 배송 27/27 | 재적재  4 | 중계율 0.17 | alpha 1.600 | complete
Ep 1450 | 드론3 목적지77 | 1000스텝 | 배송 62/77 | 재적재 12 | 중계율 0.17 | alpha 1.592 | step_limit
  [홀드아웃] 배송 50.0±0.0 완주 1.00 스텝 1023 점수 106.6 재적재 8.3 2홉+ 0.61 | 최고 106.6@ep800 정체 13/15
Ep 1451 | 드론3 목적지40 | 1000스텝 | 배송 39/40 | 재적재  6 | 중계율 0.24 | alpha 1.598 | step_limit
Ep 1452 | 드론5 목적지30 |  365스텝 | 배송 30/30 | 재적재  3 | 중계율 0.16 | alpha 1.613 | complete
Ep 1453 | 드론6 목적지49 |  526스텝 | 배송 49/49 | 재적재  7 | 중계율 0.14 | alpha 1.622 | complete
Ep 1454 | 드론6 목적지33 |  317스텝 | 배송 33/33 | 재적재  4 | 중계율 0.11 | alpha 1.621 | complete
Ep 1455 | 드론5 목적지25 |  222스텝 | 배송 25/25 | 재적재  3 | 중계율 0.06 | alpha 1.619 | complete
Ep 1456 | 드론6 목적지50 |  857스텝 | 배송 50/50 | 재적재  9 | 중계율 0.18 | alpha 1.603 | complete
Ep 1457 | 드론5 목적지29 |  266스텝 | 배송 29/29 | 재적재  5 | 중계율 0.10 | alpha 1.608 | complete
Ep 1458 | 드론6 목적지38 |  326스텝 | 배송 38/38 | 재적재  6 | 중계율 0.11 | alpha 1.617 | complete
Ep 1459 | 드론6 목적지32 |  279스텝 | 배송 32/32 | 재적재  4 | 중계율 0.06 | alpha 1.604 | complete
Ep 1460 | 드론5 목적지80 | 1000스텝 | 배송 78/80 | 재적재 14 | 중계율 0.14 | alpha 1.575 | step_limit
Ep 1461 | 드론6 목적지27 |  200스텝 | 배송 27/27 | 재적재  2 | 중계율 0.08 | alpha 1.570 | complete
Ep 1462 | 드론6 목적지36 |  632스텝 | 배송 36/36 | 재적재  5 | 중계율 0.14 | alpha 1.584 | complete
Ep 1463 | 드론5 목적지60 |  609스텝 | 배송 60/60 | 재적재 10 | 중계율 0.12 | alpha 1.551 | complete
Ep 1464 | 드론6 목적지58 |  435스텝 | 배송 58/58 | 재적재  9 | 중계율 0.07 | alpha 1.555 | complete
Ep 1465 | 드론6 목적지37 |  412스텝 | 배송 37/37 | 재적재  6 | 중계율 0.17 | alpha 1.547 | complete
Ep 1466 | 드론5 목적지47 |  632스텝 | 배송 47/47 | 재적재  9 | 중계율 0.11 | alpha 1.568 | complete
Ep 1467 | 드론5 목적지71 |  773스텝 | 배송 71/71 | 재적재 11 | 중계율 0.10 | alpha 1.587 | complete
Ep 1468 | 드론3 목적지45 | 1000스텝 | 배송 44/45 | 재적재  8 | 중계율 0.24 | alpha 1.594 | step_limit
Ep 1469 | 드론4 목적지41 |  661스텝 | 배송 41/41 | 재적재  6 | 중계율 0.12 | alpha 1.591 | complete
Ep 1470 | 드론3 목적지56 | 1000스텝 | 배송 48/56 | 재적재  9 | 중계율 0.22 | alpha 1.585 | step_limit
Ep 1471 | 드론3 목적지22 |  535스텝 | 배송 22/22 | 재적재  3 | 중계율 0.12 | alpha 1.569 | complete
Ep 1472 | 드론6 목적지80 |  591스텝 | 배송 80/80 | 재적재 14 | 중계율 0.10 | alpha 1.551 | complete
Ep 1473 | 드론4 목적지28 |  566스텝 | 배송 28/28 | 재적재  4 | 중계율 0.19 | alpha 1.562 | complete
Ep 1474 | 드론3 목적지61 | 1000스텝 | 배송 55/61 | 재적재 10 | 중계율 0.22 | alpha 1.593 | step_limit
Ep 1475 | 드론3 목적지45 | 1000스텝 | 배송 39/45 | 재적재  6 | 중계율 0.14 | alpha 1.584 | step_limit
Ep 1476 | 드론3 목적지31 |  847스텝 | 배송 31/31 | 재적재  5 | 중계율 0.21 | alpha 1.557 | complete
Ep 1477 | 드론5 목적지26 |  381스텝 | 배송 26/26 | 재적재  2 | 중계율 0.13 | alpha 1.570 | complete
Ep 1478 | 드론6 목적지23 |  239스텝 | 배송 23/23 | 재적재  2 | 중계율 0.09 | alpha 1.567 | complete
Ep 1479 | 드론5 목적지70 |  861스텝 | 배송 70/70 | 재적재 12 | 중계율 0.16 | alpha 1.547 | complete
Ep 1480 | 드론5 목적지41 |  452스텝 | 배송 41/41 | 재적재  5 | 중계율 0.12 | alpha 1.533 | complete
Ep 1481 | 드론5 목적지28 |  296스텝 | 배송 28/28 | 재적재  4 | 중계율 0.09 | alpha 1.533 | complete
Ep 1482 | 드론6 목적지47 |  372스텝 | 배송 47/47 | 재적재  7 | 중계율 0.06 | alpha 1.546 | complete
Ep 1483 | 드론5 목적지26 |  348스텝 | 배송 26/26 | 재적재  3 | 중계율 0.17 | alpha 1.538 | complete
Ep 1484 | 드론6 목적지39 |  389스텝 | 배송 39/39 | 재적재  6 | 중계율 0.10 | alpha 1.559 | complete
Ep 1485 | 드론5 목적지75 |  723스텝 | 배송 75/75 | 재적재 12 | 중계율 0.10 | alpha 1.558 | complete
Ep 1486 | 드론6 목적지80 |  686스텝 | 배송 80/80 | 재적재 13 | 중계율 0.12 | alpha 1.559 | complete
Ep 1487 | 드론5 목적지54 |  776스텝 | 배송 54/54 | 재적재  9 | 중계율 0.20 | alpha 1.556 | complete
Ep 1488 | 드론6 목적지72 |  691스텝 | 배송 72/72 | 재적재 13 | 중계율 0.16 | alpha 1.565 | complete
Ep 1489 | 드론4 목적지64 | 1000스텝 | 배송 56/64 | 재적재 10 | 중계율 0.22 | alpha 1.571 | step_limit
Ep 1490 | 드론4 목적지49 |  545스텝 | 배송 49/49 | 재적재  8 | 중계율 0.09 | alpha 1.566 | complete
Ep 1491 | 드론3 목적지68 | 1000스텝 | 배송 59/68 | 재적재 11 | 중계율 0.21 | alpha 1.598 | step_limit
Ep 1492 | 드론6 목적지75 |  585스텝 | 배송 75/75 | 재적재 12 | 중계율 0.09 | alpha 1.587 | complete
Ep 1493 | 드론3 목적지28 |  667스텝 | 배송 28/28 | 재적재  5 | 중계율 0.13 | alpha 1.591 | complete
Ep 1494 | 드론6 목적지60 |  498스텝 | 배송 60/60 | 재적재  9 | 중계율 0.08 | alpha 1.565 | complete
Ep 1495 | 드론5 목적지56 |  629스텝 | 배송 56/56 | 재적재  9 | 중계율 0.11 | alpha 1.549 | complete
Ep 1496 | 드론5 목적지62 |  642스텝 | 배송 62/62 | 재적재 10 | 중계율 0.10 | alpha 1.550 | complete
Ep 1497 | 드론3 목적지76 | 1000스텝 | 배송 55/76 | 재적재  9 | 중계율 0.22 | alpha 1.575 | step_limit
Ep 1498 | 드론3 목적지55 |  928스텝 | 배송 55/55 | 재적재 10 | 중계율 0.13 | alpha 1.628 | complete
Ep 1499 | 드론4 목적지28 |  534스텝 | 배송 28/28 | 재적재  5 | 중계율 0.17 | alpha 1.609 | complete
Ep 1500 | 드론5 목적지24 |  226스텝 | 배송 24/24 | 재적재  1 | 중계율 0.09 | alpha 1.617 | complete
  [홀드아웃] 배송 50.0±0.0 완주 1.00 스텝 1056 점수 106.5 재적재 8.5 2홉+ 0.61 | 최고 106.6@ep800 정체 14/15
Training finished. best=106.6 @ ep800
