/home/kopt/enter/envs/wsl_neuroMCTS/lib/python3.10/site-packages/pygame/pkgdata.py:25: UserWarning: pkg_resources is deprecated as an API. See https://setuptools.pypa.io/en/latest/pkg_resources.html. The pkg_resources package is slated for removal as early as 2025-11-30. Refrain from using this package or pin to Setuptools<81.
  from pkg_resources import resource_stream, resource_exists
pygame 2.6.1 (SDL 2.28.4, Python 3.10.19)
Hello from the pygame community. https://www.pygame.org/contribute.html
집합 상위 학습 | 반경 300 상한 1000 무배송 500 gamma 0.997 구성=무작위 드론[3, 6] 목적지[20, 80] CC무작위 인스턴스=무작위 목표유지=off 완주보상=0.0 잔여페널티=0.1 규칙관측=False 규칙정규화=2.0 막힘페널티=0.0 도달권shaping=0.0 정체전환보상=0.5 엔트로피비=0.3 자기회귀=True 홀드아웃상한=3000 선택=makespan
/home/kopt/drone/proposed_src/pipeline/train_v5_26_09_15_23.py:337: UserWarning: Converting a tensor with requires_grad=True to a scalar may lead to unexpected behavior.
Consider using tensor.detach() first. (Triggered internally at /pytorch/torch/csrc/autograd/generated/python_variable_methods.cpp:836.)
  writer.add_scalar("train/alpha", float(log_alpha.exp()), ep)
Ep 1 | 드론6 목적지57 | 1000스텝 | 배송 54/57 | 재적재  8 | 중계율 0.15 | alpha 0.100 | step_limit
Ep 2 | 드론3 목적지50 | 1000스텝 | 배송 38/50 | 재적재  6 | 중계율 0.18 | alpha 0.100 | step_limit
Ep 3 | 드론6 목적지72 | 1000스텝 | 배송 65/72 | 재적재  9 | 중계율 0.13 | alpha 0.100 | step_limit
Ep 4 | 드론3 목적지46 | 1000스텝 | 배송 41/46 | 재적재  7 | 중계율 0.14 | alpha 0.099 | step_limit
Ep 5 | 드론4 목적지58 | 1000스텝 | 배송 38/58 | 재적재  6 | 중계율 0.27 | alpha 0.098 | step_limit
Ep 6 | 드론3 목적지61 | 1000스텝 | 배송 55/61 | 재적재  8 | 중계율 0.32 | alpha 0.102 | step_limit
Ep 7 | 드론3 목적지30 |  611스텝 | 배송 30/30 | 재적재  5 | 중계율 0.30 | alpha 0.107 | complete
Ep 8 | 드론3 목적지69 | 1000스텝 | 배송 46/69 | 재적재  8 | 중계율 0.23 | alpha 0.115 | step_limit
Ep 9 | 드론4 목적지66 | 1000스텝 | 배송 65/66 | 재적재 13 | 중계율 0.36 | alpha 0.123 | step_limit
Ep 10 | 드론4 목적지26 |  313스텝 | 배송 26/26 | 재적재  3 | 중계율 0.17 | alpha 0.126 | complete
Ep 11 | 드론6 목적지32 |  232스텝 | 배송 32/32 | 재적재  4 | 중계율 0.19 | alpha 0.128 | complete
Ep 12 | 드론4 목적지35 |  366스텝 | 배송 35/35 | 재적재  4 | 중계율 0.17 | alpha 0.131 | complete
Ep 13 | 드론4 목적지23 |  307스텝 | 배송 23/23 | 재적재  4 | 중계율 0.23 | alpha 0.134 | complete
Ep 14 | 드론3 목적지61 | 1000스텝 | 배송 40/61 | 재적재  6 | 중계율 0.30 | alpha 0.144 | step_limit
Ep 15 | 드론5 목적지78 |  875스텝 | 배송 78/78 | 재적재 15 | 중계율 0.21 | alpha 0.153 | complete
Ep 16 | 드론6 목적지46 |  464스텝 | 배송 46/46 | 재적재  7 | 중계율 0.20 | alpha 0.157 | complete
Ep 17 | 드론5 목적지74 |  888스텝 | 배송 74/74 | 재적재 13 | 중계율 0.21 | alpha 0.167 | complete
Ep 18 | 드론4 목적지24 |  367스텝 | 배송 24/24 | 재적재  4 | 중계율 0.30 | alpha 0.171 | complete
Ep 19 | 드론5 목적지24 |  330스텝 | 배송 24/24 | 재적재  2 | 중계율 0.26 | alpha 0.175 | complete
Ep 20 | 드론4 목적지66 |  743스텝 | 배송 66/66 | 재적재 11 | 중계율 0.20 | alpha 0.183 | complete
Ep 21 | 드론4 목적지43 |  811스텝 | 배송 43/43 | 재적재  7 | 중계율 0.20 | alpha 0.192 | complete
Ep 22 | 드론4 목적지43 |  420스텝 | 배송 43/43 | 재적재  6 | 중계율 0.10 | alpha 0.197 | complete
Ep 23 | 드론3 목적지22 |  574스텝 | 배송 22/22 | 재적재  3 | 중계율 0.33 | alpha 0.205 | complete
Ep 24 | 드론4 목적지35 |  925스텝 | 배송 35/35 | 재적재  6 | 중계율 0.28 | alpha 0.217 | complete
Ep 25 | 드론5 목적지25 |  367스텝 | 배송 25/25 | 재적재  2 | 중계율 0.33 | alpha 0.222 | complete
Ep 26 | 드론4 목적지79 |  931스텝 | 배송 79/79 | 재적재 14 | 중계율 0.23 | alpha 0.235 | complete
Ep 27 | 드론6 목적지63 |  692스텝 | 배송 63/63 | 재적재  9 | 중계율 0.31 | alpha 0.246 | complete
Ep 28 | 드론3 목적지77 | 1000스텝 | 배송 65/77 | 재적재 12 | 중계율 0.26 | alpha 0.261 | step_limit
Ep 29 | 드론4 목적지34 |  648스텝 | 배송 34/34 | 재적재  6 | 중계율 0.27 | alpha 0.272 | complete
Ep 30 | 드론4 목적지25 |  479스텝 | 배송 25/25 | 재적재  3 | 중계율 0.36 | alpha 0.281 | complete
Ep 31 | 드론6 목적지68 |  487스텝 | 배송 68/68 | 재적재 11 | 중계율 0.17 | alpha 0.290 | complete
Ep 32 | 드론4 목적지79 | 1000스텝 | 배송 70/79 | 재적재 11 | 중계율 0.31 | alpha 0.309 | step_limit
Ep 33 | 드론4 목적지62 | 1000스텝 | 배송 50/62 | 재적재  6 | 중계율 0.27 | alpha 0.331 | step_limit
Ep 34 | 드론4 목적지33 |  573스텝 | 배송 33/33 | 재적재  4 | 중계율 0.17 | alpha 0.344 | complete
Ep 35 | 드론4 목적지26 |  584스텝 | 배송 26/26 | 재적재  4 | 중계율 0.23 | alpha 0.358 | complete
Ep 36 | 드론4 목적지57 |  913스텝 | 배송 57/57 | 재적재 10 | 중계율 0.33 | alpha 0.380 | complete
Ep 37 | 드론4 목적지29 |  613스텝 | 배송 29/29 | 재적재  4 | 중계율 0.30 | alpha 0.394 | complete
Ep 38 | 드론5 목적지63 |  599스텝 | 배송 63/63 | 재적재 10 | 중계율 0.26 | alpha 0.409 | complete
Ep 39 | 드론5 목적지44 |  581스텝 | 배송 44/44 | 재적재  5 | 중계율 0.26 | alpha 0.423 | complete
Ep 40 | 드론6 목적지56 |  436스텝 | 배송 56/56 | 재적재  9 | 중계율 0.17 | alpha 0.433 | complete
Ep 41 | 드론6 목적지21 |  204스텝 | 배송 21/21 | 재적재  0 | 중계율 0.25 | alpha 0.438 | complete
Ep 42 | 드론3 목적지24 | 1000스텝 | 배송 23/24 | 재적재  2 | 중계율 0.23 | alpha 0.458 | step_limit
Ep 43 | 드론4 목적지52 |  607스텝 | 배송 52/52 | 재적재  8 | 중계율 0.18 | alpha 0.469 | complete
Ep 44 | 드론4 목적지72 |  960스텝 | 배송 72/72 | 재적재 13 | 중계율 0.19 | alpha 0.490 | complete
Ep 45 | 드론4 목적지52 | 1000스텝 | 배송 44/52 | 재적재  6 | 중계율 0.35 | alpha 0.517 | step_limit
Ep 46 | 드론6 목적지72 |  479스텝 | 배송 72/72 | 재적재 12 | 중계율 0.12 | alpha 0.531 | complete
Ep 47 | 드론4 목적지69 | 1000스텝 | 배송 68/69 | 재적재 12 | 중계율 0.20 | alpha 0.565 | step_limit
Ep 48 | 드론4 목적지56 |  743스텝 | 배송 56/56 | 재적재  9 | 중계율 0.21 | alpha 0.593 | complete
Ep 49 | 드론6 목적지78 |  732스텝 | 배송 78/78 | 재적재 15 | 중계율 0.19 | alpha 0.621 | complete
Ep 50 | 드론5 목적지40 |  914스텝 | 배송 40/40 | 재적재  6 | 중계율 0.41 | alpha 0.661 | complete
  [홀드아웃] 배송 49.0±4.6 완주 0.90 스텝 1094 점수 96.4 재적재 7.9 2홉+ 0.64 | 최고 96.4@ep50 정체 0/15  ← 갱신
Ep 51 | 드론6 목적지51 |  321스텝 | 배송 51/51 | 재적재  7 | 중계율 0.12 | alpha 0.675 | complete
Ep 52 | 드론3 목적지42 | 1000스텝 | 배송 39/42 | 재적재  6 | 중계율 0.23 | alpha 0.723 | step_limit
Ep 53 | 드론6 목적지60 |  449스텝 | 배송 60/60 | 재적재 10 | 중계율 0.15 | alpha 0.745 | complete
Ep 54 | 드론4 목적지49 |  570스텝 | 배송 49/49 | 재적재  9 | 중계율 0.15 | alpha 0.770 | complete
Ep 55 | 드론4 목적지40 |  588스텝 | 배송 40/40 | 재적재  7 | 중계율 0.18 | alpha 0.794 | complete
Ep 56 | 드론5 목적지61 |  569스텝 | 배송 61/61 | 재적재 11 | 중계율 0.18 | alpha 0.815 | complete
Ep 57 | 드론3 목적지53 |  880스텝 | 배송 53/53 | 재적재  9 | 중계율 0.25 | alpha 0.852 | complete
Ep 58 | 드론6 목적지57 |  512스텝 | 배송 57/57 | 재적재  9 | 중계율 0.18 | alpha 0.872 | complete
Ep 59 | 드론3 목적지50 | 1000스텝 | 배송 46/50 | 재적재  8 | 중계율 0.25 | alpha 0.907 | step_limit
Ep 60 | 드론4 목적지21 |  322스텝 | 배송 21/21 | 재적재  2 | 중계율 0.22 | alpha 0.917 | complete
Ep 61 | 드론5 목적지26 |  310스텝 | 배송 26/26 | 재적재  2 | 중계율 0.15 | alpha 0.925 | complete
Ep 62 | 드론5 목적지55 |  660스텝 | 배송 55/55 | 재적재 10 | 중계율 0.29 | alpha 0.945 | complete
Ep 63 | 드론6 목적지68 |  551스텝 | 배송 68/68 | 재적재 11 | 중계율 0.22 | alpha 0.962 | complete
Ep 64 | 드론3 목적지41 | 1000스텝 | 배송 37/41 | 재적재  5 | 중계율 0.27 | alpha 0.986 | step_limit
Ep 65 | 드론5 목적지68 |  685스텝 | 배송 68/68 | 재적재 11 | 중계율 0.15 | alpha 0.997 | complete
Ep 66 | 드론3 목적지61 | 1000스텝 | 배송 53/61 | 재적재 10 | 중계율 0.15 | alpha 1.013 | step_limit
Ep 67 | 드론3 목적지53 |  977스텝 | 배송 53/53 | 재적재  9 | 중계율 0.23 | alpha 1.040 | complete
Ep 68 | 드론3 목적지44 |  728스텝 | 배송 44/44 | 재적재  8 | 중계율 0.18 | alpha 1.061 | complete
Ep 69 | 드론4 목적지34 |  505스텝 | 배송 34/34 | 재적재  5 | 중계율 0.19 | alpha 1.072 | complete
Ep 70 | 드론4 목적지31 |  678스텝 | 배송 31/31 | 재적재  3 | 중계율 0.29 | alpha 1.088 | complete
Ep 71 | 드론5 목적지71 |  631스텝 | 배송 71/71 | 재적재 11 | 중계율 0.12 | alpha 1.097 | complete
Ep 72 | 드론3 목적지53 | 1000스텝 | 배송 49/53 | 재적재  8 | 중계율 0.32 | alpha 1.120 | step_limit
Ep 73 | 드론4 목적지21 |  566스텝 | 배송 21/21 | 재적재  2 | 중계율 0.37 | alpha 1.130 | complete
Ep 74 | 드론5 목적지45 |  802스텝 | 배송 45/45 | 재적재  7 | 중계율 0.19 | alpha 1.137 | complete
Ep 75 | 드론5 목적지40 |  409스텝 | 배송 40/40 | 재적재  4 | 중계율 0.15 | alpha 1.131 | complete
Ep 76 | 드론4 목적지75 | 1000스텝 | 배송 52/75 | 재적재  8 | 중계율 0.32 | alpha 1.103 | step_limit
Ep 77 | 드론5 목적지24 |  273스텝 | 배송 24/24 | 재적재  3 | 중계율 0.16 | alpha 1.099 | complete
Ep 78 | 드론4 목적지64 |  863스텝 | 배송 64/64 | 재적재 11 | 중계율 0.21 | alpha 1.078 | complete
Ep 79 | 드론3 목적지41 |  914스텝 | 배송 41/41 | 재적재  8 | 중계율 0.28 | alpha 1.050 | complete
Ep 80 | 드론3 목적지69 | 1000스텝 | 배송 66/69 | 재적재 12 | 중계율 0.21 | alpha 1.025 | step_limit
Ep 81 | 드론6 목적지47 |  522스텝 | 배송 47/47 | 재적재  7 | 중계율 0.18 | alpha 1.014 | complete
Ep 82 | 드론6 목적지69 |  570스텝 | 배송 69/69 | 재적재 10 | 중계율 0.17 | alpha 0.985 | complete
Ep 83 | 드론5 목적지31 |  518스텝 | 배송 31/31 | 재적재  3 | 중계율 0.28 | alpha 0.959 | complete
Ep 84 | 드론3 목적지33 |  993스텝 | 배송 33/33 | 재적재  4 | 중계율 0.23 | alpha 0.923 | complete
Ep 85 | 드론4 목적지38 |  663스텝 | 배송 38/38 | 재적재  6 | 중계율 0.17 | alpha 0.900 | complete
Ep 86 | 드론6 목적지24 |  220스텝 | 배송 24/24 | 재적재  0 | 중계율 0.17 | alpha 0.896 | complete
Ep 87 | 드론3 목적지30 |  830스텝 | 배송 30/30 | 재적재  5 | 중계율 0.26 | alpha 0.883 | complete
Ep 88 | 드론4 목적지38 |  819스텝 | 배송 38/38 | 재적재  7 | 중계율 0.24 | alpha 0.875 | complete
Ep 89 | 드론3 목적지57 | 1000스텝 | 배송 51/57 | 재적재  9 | 중계율 0.23 | alpha 0.883 | step_limit
Ep 90 | 드론6 목적지21 |  229스텝 | 배송 21/21 | 재적재  1 | 중계율 0.23 | alpha 0.888 | complete
Ep 91 | 드론6 목적지77 |  777스텝 | 배송 77/77 | 재적재 12 | 중계율 0.20 | alpha 0.905 | complete
Ep 92 | 드론4 목적지69 | 1000스텝 | 배송 65/69 | 재적재 11 | 중계율 0.27 | alpha 0.939 | step_limit
Ep 93 | 드론6 목적지60 |  578스텝 | 배송 60/60 | 재적재 10 | 중계율 0.10 | alpha 0.953 | complete
Ep 94 | 드론6 목적지45 |  299스텝 | 배송 45/45 | 재적재  6 | 중계율 0.09 | alpha 0.956 | complete
Ep 95 | 드론4 목적지71 |  810스텝 | 배송 71/71 | 재적재 13 | 중계율 0.18 | alpha 0.954 | complete
Ep 96 | 드론3 목적지74 | 1000스텝 | 배송 63/74 | 재적재 12 | 중계율 0.22 | alpha 0.963 | step_limit
Ep 97 | 드론6 목적지47 |  538스텝 | 배송 47/47 | 재적재  6 | 중계율 0.15 | alpha 0.967 | complete
Ep 98 | 드론6 목적지50 |  677스텝 | 배송 50/50 | 재적재  8 | 중계율 0.19 | alpha 0.968 | complete
Ep 99 | 드론6 목적지35 |  332스텝 | 배송 35/35 | 재적재  3 | 중계율 0.15 | alpha 0.961 | complete
Ep 100 | 드론3 목적지40 |  827스텝 | 배송 40/40 | 재적재  6 | 중계율 0.24 | alpha 0.928 | complete
  [홀드아웃] 배송 49.0±3.7 완주 0.90 스텝 1070 점수 96.4 재적재 7.7 2홉+ 0.63 | 최고 96.4@ep100 정체 0/15  ← 갱신
Ep 101 | 드론3 목적지23 |  451스텝 | 배송 23/23 | 재적재  3 | 중계율 0.18 | alpha 0.928 | complete
Ep 102 | 드론3 목적지21 |  671스텝 | 배송 21/21 | 재적재  3 | 중계율 0.21 | alpha 0.939 | complete
Ep 103 | 드론6 목적지72 |  500스텝 | 배송 72/72 | 재적재 12 | 중계율 0.12 | alpha 0.951 | complete
Ep 104 | 드론3 목적지27 |  819스텝 | 배송 27/27 | 재적재  3 | 중계율 0.31 | alpha 0.967 | complete
Ep 105 | 드론4 목적지63 |  941스텝 | 배송 63/63 | 재적재 10 | 중계율 0.17 | alpha 0.988 | complete
Ep 106 | 드론5 목적지58 |  511스텝 | 배송 58/58 | 재적재  9 | 중계율 0.15 | alpha 0.996 | complete
Ep 107 | 드론6 목적지75 | 1000스텝 | 배송 73/75 | 재적재 13 | 중계율 0.25 | alpha 1.022 | step_limit
Ep 108 | 드론4 목적지55 |  917스텝 | 배송 55/55 | 재적재  9 | 중계율 0.21 | alpha 1.026 | complete
Ep 109 | 드론5 목적지64 |  939스텝 | 배송 64/64 | 재적재 10 | 중계율 0.22 | alpha 1.011 | complete
Ep 110 | 드론4 목적지55 |  969스텝 | 배송 55/55 | 재적재  9 | 중계율 0.27 | alpha 0.990 | complete
Ep 111 | 드론5 목적지67 |  819스텝 | 배송 67/67 | 재적재 11 | 중계율 0.24 | alpha 0.992 | complete
Ep 112 | 드론4 목적지46 |  686스텝 | 배송 46/46 | 재적재  8 | 중계율 0.19 | alpha 0.983 | complete
Ep 113 | 드론5 목적지43 |  582스텝 | 배송 43/43 | 재적재  6 | 중계율 0.14 | alpha 0.984 | complete
Ep 114 | 드론3 목적지80 | 1000스텝 | 배송 62/80 | 재적재 11 | 중계율 0.26 | alpha 0.983 | step_limit
Ep 115 | 드론6 목적지78 |  627스텝 | 배송 78/78 | 재적재 13 | 중계율 0.13 | alpha 0.977 | complete
Ep 116 | 드론5 목적지72 |  591스텝 | 배송 72/72 | 재적재 12 | 중계율 0.16 | alpha 0.975 | complete
Ep 117 | 드론4 목적지54 |  792스텝 | 배송 54/54 | 재적재  9 | 중계율 0.22 | alpha 0.968 | complete
Ep 118 | 드론3 목적지63 | 1000스텝 | 배송 56/63 | 재적재  9 | 중계율 0.25 | alpha 0.945 | step_limit
Ep 119 | 드론6 목적지66 |  618스텝 | 배송 66/66 | 재적재 12 | 중계율 0.13 | alpha 0.937 | complete
Ep 120 | 드론5 목적지70 |  642스텝 | 배송 70/70 | 재적재 13 | 중계율 0.13 | alpha 0.927 | complete
Ep 121 | 드론5 목적지45 |  601스텝 | 배송 45/45 | 재적재  7 | 중계율 0.18 | alpha 0.922 | complete
Ep 122 | 드론5 목적지26 |  395스텝 | 배송 26/26 | 재적재  4 | 중계율 0.20 | alpha 0.912 | complete
Ep 123 | 드론6 목적지30 |  458스텝 | 배송 30/30 | 재적재  4 | 중계율 0.22 | alpha 0.904 | complete
Ep 124 | 드론3 목적지80 | 1000스텝 | 배송 60/80 | 재적재 12 | 중계율 0.22 | alpha 0.883 | step_limit
Ep 125 | 드론6 목적지41 |  297스텝 | 배송 41/41 | 재적재  6 | 중계율 0.09 | alpha 0.880 | complete
Ep 126 | 드론4 목적지50 | 1000스텝 | 배송 49/50 | 재적재  6 | 중계율 0.32 | alpha 0.848 | step_limit
Ep 127 | 드론4 목적지37 |  555스텝 | 배송 37/37 | 재적재  6 | 중계율 0.28 | alpha 0.840 | complete
Ep 128 | 드론3 목적지42 | 1000스텝 | 배송 41/42 | 재적재  6 | 중계율 0.29 | alpha 0.829 | step_limit
Ep 129 | 드론5 목적지52 |  752스텝 | 배송 52/52 | 재적재  9 | 중계율 0.20 | alpha 0.825 | complete
Ep 130 | 드론3 목적지40 |  925스텝 | 배송 40/40 | 재적재  6 | 중계율 0.30 | alpha 0.837 | complete
Ep 131 | 드론4 목적지39 |  513스텝 | 배송 39/39 | 재적재  5 | 중계율 0.14 | alpha 0.849 | complete
Ep 132 | 드론6 목적지63 |  495스텝 | 배송 63/63 | 재적재 11 | 중계율 0.10 | alpha 0.857 | complete
Ep 133 | 드론4 목적지61 |  869스텝 | 배송 61/61 | 재적재 11 | 중계율 0.17 | alpha 0.881 | complete
Ep 134 | 드론5 목적지22 |  230스텝 | 배송 22/22 | 재적재  2 | 중계율 0.10 | alpha 0.882 | complete
Ep 135 | 드론3 목적지20 |  481스텝 | 배송 20/20 | 재적재  1 | 중계율 0.29 | alpha 0.897 | complete
Ep 136 | 드론6 목적지57 |  570스텝 | 배송 57/57 | 재적재 10 | 중계율 0.20 | alpha 0.910 | complete
Ep 137 | 드론4 목적지24 |  335스텝 | 배송 24/24 | 재적재  3 | 중계율 0.14 | alpha 0.917 | complete
Ep 138 | 드론5 목적지35 |  412스텝 | 배송 35/35 | 재적재  6 | 중계율 0.13 | alpha 0.933 | complete
Ep 139 | 드론4 목적지29 |  432스텝 | 배송 29/29 | 재적재  4 | 중계율 0.17 | alpha 0.932 | complete
Ep 140 | 드론3 목적지32 |  705스텝 | 배송 32/32 | 재적재  5 | 중계율 0.21 | alpha 0.936 | complete
Ep 141 | 드론4 목적지54 |  735스텝 | 배송 54/54 | 재적재  9 | 중계율 0.15 | alpha 0.916 | complete
Ep 142 | 드론3 목적지42 | 1000스텝 | 배송 41/42 | 재적재  7 | 중계율 0.22 | alpha 0.909 | step_limit
Ep 143 | 드론3 목적지23 |  644스텝 | 배송 23/23 | 재적재  3 | 중계율 0.26 | alpha 0.917 | complete
Ep 144 | 드론4 목적지61 |  840스텝 | 배송 61/61 | 재적재 11 | 중계율 0.20 | alpha 0.934 | complete
Ep 145 | 드론4 목적지64 | 1000스텝 | 배송 61/64 | 재적재 10 | 중계율 0.14 | alpha 0.935 | step_limit
Ep 146 | 드론3 목적지71 | 1000스텝 | 배송 58/71 | 재적재  9 | 중계율 0.18 | alpha 0.928 | step_limit
Ep 147 | 드론3 목적지48 |  877스텝 | 배송 48/48 | 재적재  8 | 중계율 0.18 | alpha 0.941 | complete
Ep 148 | 드론5 목적지36 |  464스텝 | 배송 36/36 | 재적재  4 | 중계율 0.27 | alpha 0.946 | complete
Ep 149 | 드론5 목적지40 |  519스텝 | 배송 40/40 | 재적재  6 | 중계율 0.13 | alpha 0.949 | complete
Ep 150 | 드론4 목적지26 |  712스텝 | 배송 26/26 | 재적재  3 | 중계율 0.20 | alpha 0.940 | complete
  [홀드아웃] 배송 49.5±1.8 완주 0.90 스텝 1030 점수 96.6 재적재 7.7 2홉+ 0.63 | 최고 96.6@ep150 정체 0/15  ← 갱신
Ep 151 | 드론5 목적지70 |  672스텝 | 배송 70/70 | 재적재 11 | 중계율 0.18 | alpha 0.926 | complete
Ep 152 | 드론6 목적지48 |  324스텝 | 배송 48/48 | 재적재  6 | 중계율 0.13 | alpha 0.921 | complete
Ep 153 | 드론6 목적지57 |  582스텝 | 배송 57/57 | 재적재  9 | 중계율 0.17 | alpha 0.915 | complete
Ep 154 | 드론6 목적지34 |  374스텝 | 배송 34/34 | 재적재  4 | 중계율 0.13 | alpha 0.906 | complete
Ep 155 | 드론6 목적지80 |  735스텝 | 배송 80/80 | 재적재 13 | 중계율 0.21 | alpha 0.892 | complete
Ep 156 | 드론6 목적지59 |  526스텝 | 배송 59/59 | 재적재  9 | 중계율 0.19 | alpha 0.889 | complete
Ep 157 | 드론3 목적지42 |  701스텝 | 배송 42/42 | 재적재  7 | 중계율 0.21 | alpha 0.868 | complete
Ep 158 | 드론5 목적지76 |  652스텝 | 배송 76/76 | 재적재 12 | 중계율 0.10 | alpha 0.854 | complete
Ep 159 | 드론6 목적지47 |  400스텝 | 배송 47/47 | 재적재  6 | 중계율 0.14 | alpha 0.852 | complete
Ep 160 | 드론3 목적지62 | 1000스텝 | 배송 50/62 | 재적재  9 | 중계율 0.22 | alpha 0.848 | step_limit
Ep 161 | 드론4 목적지31 |  393스텝 | 배송 31/31 | 재적재  4 | 중계율 0.11 | alpha 0.858 | complete
Ep 162 | 드론4 목적지26 |  583스텝 | 배송 26/26 | 재적재  4 | 중계율 0.23 | alpha 0.878 | complete
Ep 163 | 드론5 목적지21 |  473스텝 | 배송 21/21 | 재적재  1 | 중계율 0.33 | alpha 0.898 | complete
Ep 164 | 드론6 목적지79 |  690스텝 | 배송 79/79 | 재적재 13 | 중계율 0.18 | alpha 0.892 | complete
Ep 165 | 드론6 목적지47 |  405스텝 | 배송 47/47 | 재적재  6 | 중계율 0.13 | alpha 0.893 | complete
Ep 166 | 드론4 목적지77 |  831스텝 | 배송 77/77 | 재적재 12 | 중계율 0.16 | alpha 0.893 | complete
Ep 167 | 드론5 목적지77 | 1000스텝 | 배송 68/77 | 재적재 13 | 중계율 0.26 | alpha 0.872 | step_limit
Ep 168 | 드론6 목적지29 |  280스텝 | 배송 29/29 | 재적재  2 | 중계율 0.15 | alpha 0.865 | complete
Ep 169 | 드론6 목적지59 |  548스텝 | 배송 59/59 | 재적재  8 | 중계율 0.18 | alpha 0.848 | complete
Ep 170 | 드론4 목적지74 | 1000스텝 | 배송 65/74 | 재적재 11 | 중계율 0.25 | alpha 0.798 | step_limit
Ep 171 | 드론5 목적지34 |  470스텝 | 배송 34/34 | 재적재  5 | 중계율 0.14 | alpha 0.771 | complete
Ep 172 | 드론3 목적지43 | 1000스텝 | 배송 36/43 | 재적재  6 | 중계율 0.23 | alpha 0.741 | step_limit
Ep 173 | 드론4 목적지35 |  838스텝 | 배송 35/35 | 재적재  5 | 중계율 0.32 | alpha 0.723 | complete
Ep 174 | 드론6 목적지43 |  469스텝 | 배송 43/43 | 재적재  6 | 중계율 0.13 | alpha 0.721 | complete
Ep 175 | 드론6 목적지30 |  547스텝 | 배송 30/30 | 재적재  3 | 중계율 0.25 | alpha 0.718 | complete
Ep 176 | 드론6 목적지29 |  343스텝 | 배송 29/29 | 재적재  2 | 중계율 0.16 | alpha 0.714 | complete
Ep 177 | 드론3 목적지45 | 1000스텝 | 배송 44/45 | 재적재  7 | 중계율 0.28 | alpha 0.710 | step_limit
Ep 178 | 드론3 목적지20 |  695스텝 | 배송 20/20 | 재적재  3 | 중계율 0.28 | alpha 0.710 | complete
Ep 179 | 드론6 목적지66 |  684스텝 | 배송 66/66 | 재적재 10 | 중계율 0.20 | alpha 0.700 | complete
Ep 180 | 드론6 목적지22 |  215스텝 | 배송 22/22 | 재적재  2 | 중계율 0.08 | alpha 0.700 | complete
Ep 181 | 드론6 목적지77 |  657스텝 | 배송 77/77 | 재적재 14 | 중계율 0.19 | alpha 0.699 | complete
Ep 182 | 드론4 목적지74 | 1000스텝 | 배송 66/74 | 재적재 11 | 중계율 0.23 | alpha 0.714 | step_limit
Ep 183 | 드론6 목적지40 |  318스텝 | 배송 40/40 | 재적재  4 | 중계율 0.10 | alpha 0.714 | complete
Ep 184 | 드론4 목적지77 |  883스텝 | 배송 77/77 | 재적재 14 | 중계율 0.19 | alpha 0.715 | complete
Ep 185 | 드론5 목적지72 |  917스텝 | 배송 72/72 | 재적재 12 | 중계율 0.20 | alpha 0.722 | complete
Ep 186 | 드론5 목적지74 |  778스텝 | 배송 74/74 | 재적재 14 | 중계율 0.14 | alpha 0.721 | complete
Ep 187 | 드론3 목적지65 | 1000스텝 | 배송 54/65 | 재적재 10 | 중계율 0.20 | alpha 0.727 | step_limit
Ep 188 | 드론3 목적지80 | 1000스텝 | 배송 51/80 | 재적재 10 | 중계율 0.26 | alpha 0.741 | step_limit
Ep 189 | 드론5 목적지55 |  582스텝 | 배송 55/55 | 재적재 10 | 중계율 0.20 | alpha 0.750 | complete
Ep 190 | 드론4 목적지36 |  631스텝 | 배송 36/36 | 재적재  4 | 중계율 0.30 | alpha 0.757 | complete
Ep 191 | 드론3 목적지28 |  938스텝 | 배송 28/28 | 재적재  4 | 중계율 0.24 | alpha 0.763 | complete
Ep 192 | 드론6 목적지74 |  648스텝 | 배송 74/74 | 재적재 12 | 중계율 0.11 | alpha 0.767 | complete
Ep 193 | 드론4 목적지61 | 1000스텝 | 배송 53/61 | 재적재  9 | 중계율 0.26 | alpha 0.768 | step_limit
Ep 194 | 드론6 목적지73 |  595스텝 | 배송 73/73 | 재적재 13 | 중계율 0.14 | alpha 0.768 | complete
Ep 195 | 드론5 목적지69 |  814스텝 | 배송 69/69 | 재적재 11 | 중계율 0.23 | alpha 0.762 | complete
Ep 196 | 드론4 목적지47 |  662스텝 | 배송 47/47 | 재적재  8 | 중계율 0.10 | alpha 0.753 | complete
Ep 197 | 드론5 목적지27 |  433스텝 | 배송 27/27 | 재적재  1 | 중계율 0.20 | alpha 0.743 | complete
Ep 198 | 드론4 목적지56 |  623스텝 | 배송 56/56 | 재적재 10 | 중계율 0.15 | alpha 0.737 | complete
Ep 199 | 드론3 목적지57 | 1000스텝 | 배송 43/57 | 재적재  7 | 중계율 0.20 | alpha 0.737 | step_limit
Ep 200 | 드론6 목적지64 |  564스텝 | 배송 64/64 | 재적재  8 | 중계율 0.20 | alpha 0.735 | complete
  [홀드아웃] 배송 50.0±0.0 완주 1.00 스텝 964 점수 106.8 재적재 8.1 2홉+ 0.63 | 최고 106.8@ep200 정체 0/15  ← 갱신
Ep 201 | 드론6 목적지38 |  738스텝 | 배송 38/38 | 재적재  4 | 중계율 0.29 | alpha 0.737 | complete
Ep 202 | 드론3 목적지32 | 1000스텝 | 배송 30/32 | 재적재  5 | 중계율 0.31 | alpha 0.738 | step_limit
Ep 203 | 드론4 목적지23 |  471스텝 | 배송 23/23 | 재적재  3 | 중계율 0.14 | alpha 0.740 | complete
Ep 204 | 드론4 목적지38 |  572스텝 | 배송 38/38 | 재적재  6 | 중계율 0.18 | alpha 0.743 | complete
Ep 205 | 드론4 목적지27 |  447스텝 | 배송 27/27 | 재적재  4 | 중계율 0.18 | alpha 0.745 | complete
Ep 206 | 드론3 목적지58 | 1000스텝 | 배송 55/58 | 재적재 11 | 중계율 0.31 | alpha 0.765 | step_limit
Ep 207 | 드론4 목적지52 | 1000스텝 | 배송 47/52 | 재적재  8 | 중계율 0.33 | alpha 0.793 | step_limit
Ep 208 | 드론4 목적지60 | 1000스텝 | 배송 53/60 | 재적재 10 | 중계율 0.30 | alpha 0.806 | step_limit
Ep 209 | 드론3 목적지72 | 1000스텝 | 배송 55/72 | 재적재  9 | 중계율 0.25 | alpha 0.825 | step_limit
Ep 210 | 드론6 목적지39 |  369스텝 | 배송 39/39 | 재적재  5 | 중계율 0.15 | alpha 0.827 | complete
Ep 211 | 드론3 목적지55 |  914스텝 | 배송 55/55 | 재적재  9 | 중계율 0.25 | alpha 0.844 | complete
Ep 212 | 드론4 목적지62 |  687스텝 | 배송 62/62 | 재적재 11 | 중계율 0.16 | alpha 0.840 | complete
Ep 213 | 드론5 목적지77 |  742스텝 | 배송 77/77 | 재적재 14 | 중계율 0.10 | alpha 0.844 | complete
Ep 214 | 드론4 목적지44 |  600스텝 | 배송 44/44 | 재적재  7 | 중계율 0.17 | alpha 0.846 | complete
Ep 215 | 드론3 목적지49 |  985스텝 | 배송 49/49 | 재적재  9 | 중계율 0.28 | alpha 0.851 | complete
Ep 216 | 드론6 목적지29 |  346스텝 | 배송 29/29 | 재적재  3 | 중계율 0.22 | alpha 0.854 | complete
Ep 217 | 드론5 목적지36 |  433스텝 | 배송 36/36 | 재적재  4 | 중계율 0.11 | alpha 0.852 | complete
Ep 218 | 드론5 목적지55 |  479스텝 | 배송 55/55 | 재적재  8 | 중계율 0.10 | alpha 0.850 | complete
Ep 219 | 드론3 목적지35 |  666스텝 | 배송 35/35 | 재적재  5 | 중계율 0.18 | alpha 0.865 | complete
Ep 220 | 드론6 목적지73 |  663스텝 | 배송 73/73 | 재적재 13 | 중계율 0.14 | alpha 0.873 | complete
Ep 221 | 드론6 목적지25 |  219스텝 | 배송 25/25 | 재적재  0 | 중계율 0.17 | alpha 0.874 | complete
Ep 222 | 드론4 목적지30 |  475스텝 | 배송 30/30 | 재적재  4 | 중계율 0.17 | alpha 0.866 | complete
Ep 223 | 드론4 목적지45 |  723스텝 | 배송 45/45 | 재적재  7 | 중계율 0.26 | alpha 0.858 | complete
Ep 224 | 드론5 목적지76 | 1000스텝 | 배송 70/76 | 재적재 13 | 중계율 0.27 | alpha 0.850 | step_limit
Ep 225 | 드론5 목적지70 |  588스텝 | 배송 70/70 | 재적재 12 | 중계율 0.17 | alpha 0.841 | complete
Ep 226 | 드론6 목적지73 |  428스텝 | 배송 73/73 | 재적재 11 | 중계율 0.11 | alpha 0.833 | complete
Ep 227 | 드론6 목적지56 |  489스텝 | 배송 56/56 | 재적재  9 | 중계율 0.12 | alpha 0.827 | complete
Ep 228 | 드론5 목적지24 |  573스텝 | 배송 24/24 | 재적재  3 | 중계율 0.23 | alpha 0.825 | complete
Ep 229 | 드론3 목적지32 |  953스텝 | 배송 32/32 | 재적재  4 | 중계율 0.36 | alpha 0.821 | complete
Ep 230 | 드론3 목적지62 | 1000스텝 | 배송 56/62 | 재적재 10 | 중계율 0.17 | alpha 0.812 | step_limit
Ep 231 | 드론3 목적지27 |  615스텝 | 배송 27/27 | 재적재  5 | 중계율 0.23 | alpha 0.816 | complete
Ep 232 | 드론6 목적지27 |  334스텝 | 배송 27/27 | 재적재  4 | 중계율 0.23 | alpha 0.818 | complete
Ep 233 | 드론5 목적지58 |  830스텝 | 배송 58/58 | 재적재 10 | 중계율 0.26 | alpha 0.812 | complete
Ep 234 | 드론4 목적지56 |  714스텝 | 배송 56/56 | 재적재 11 | 중계율 0.15 | alpha 0.801 | complete
Ep 235 | 드론4 목적지49 |  646스텝 | 배송 49/49 | 재적재  7 | 중계율 0.18 | alpha 0.790 | complete
Ep 236 | 드론6 목적지71 |  655스텝 | 배송 71/71 | 재적재 10 | 중계율 0.17 | alpha 0.781 | complete
Ep 237 | 드론5 목적지77 |  862스텝 | 배송 77/77 | 재적재 13 | 중계율 0.15 | alpha 0.770 | complete
Ep 238 | 드론6 목적지27 |  221스텝 | 배송 27/27 | 재적재  2 | 중계율 0.13 | alpha 0.768 | complete
Ep 239 | 드론5 목적지37 |  490스텝 | 배송 37/37 | 재적재  5 | 중계율 0.22 | alpha 0.761 | complete
Ep 240 | 드론6 목적지70 |  515스텝 | 배송 70/70 | 재적재 10 | 중계율 0.10 | alpha 0.763 | complete
Ep 241 | 드론3 목적지46 | 1000스텝 | 배송 40/46 | 재적재  7 | 중계율 0.23 | alpha 0.771 | step_limit
Ep 242 | 드론6 목적지65 |  574스텝 | 배송 65/65 | 재적재 10 | 중계율 0.10 | alpha 0.775 | complete
Ep 243 | 드론5 목적지39 |  558스텝 | 배송 39/39 | 재적재  6 | 중계율 0.24 | alpha 0.773 | complete
Ep 244 | 드론4 목적지51 |  705스텝 | 배송 51/51 | 재적재  8 | 중계율 0.22 | alpha 0.775 | complete
Ep 245 | 드론3 목적지52 | 1000스텝 | 배송 44/52 | 재적재  7 | 중계율 0.35 | alpha 0.761 | step_limit
Ep 246 | 드론5 목적지54 |  651스텝 | 배송 54/54 | 재적재  8 | 중계율 0.17 | alpha 0.758 | complete
Ep 247 | 드론6 목적지69 |  540스텝 | 배송 69/69 | 재적재 10 | 중계율 0.16 | alpha 0.762 | complete
Ep 248 | 드론3 목적지77 | 1000스텝 | 배송 65/77 | 재적재 11 | 중계율 0.18 | alpha 0.765 | step_limit
Ep 249 | 드론5 목적지70 |  803스텝 | 배송 70/70 | 재적재 11 | 중계율 0.16 | alpha 0.778 | complete
Ep 250 | 드론3 목적지51 |  982스텝 | 배송 51/51 | 재적재  9 | 중계율 0.25 | alpha 0.777 | complete
  [홀드아웃] 배송 49.4±2.3 완주 0.93 스텝 1021 점수 99.1 재적재 7.7 2홉+ 0.62 | 최고 106.8@ep200 정체 1/15
Ep 251 | 드론6 목적지33 |  476스텝 | 배송 33/33 | 재적재  5 | 중계율 0.14 | alpha 0.775 | complete
Ep 252 | 드론3 목적지25 |  652스텝 | 배송 25/25 | 재적재  4 | 중계율 0.26 | alpha 0.774 | complete
Ep 253 | 드론5 목적지49 |  633스텝 | 배송 49/49 | 재적재  7 | 중계율 0.24 | alpha 0.781 | complete
Ep 254 | 드론5 목적지26 |  236스텝 | 배송 26/26 | 재적재  3 | 중계율 0.11 | alpha 0.788 | complete
Ep 255 | 드론4 목적지38 |  673스텝 | 배송 38/38 | 재적재  6 | 중계율 0.22 | alpha 0.796 | complete
Ep 256 | 드론4 목적지27 |  763스텝 | 배송 27/27 | 재적재  3 | 중계율 0.28 | alpha 0.804 | complete
Ep 257 | 드론3 목적지44 | 1000스텝 | 배송 42/44 | 재적재  7 | 중계율 0.25 | alpha 0.803 | step_limit
Ep 258 | 드론5 목적지73 |  685스텝 | 배송 73/73 | 재적재 12 | 중계율 0.18 | alpha 0.801 | complete
Ep 259 | 드론5 목적지65 |  737스텝 | 배송 65/65 | 재적재 11 | 중계율 0.17 | alpha 0.799 | complete
Ep 260 | 드론6 목적지49 |  506스텝 | 배송 49/49 | 재적재  7 | 중계율 0.16 | alpha 0.797 | complete
Ep 261 | 드론6 목적지21 |  342스텝 | 배송 21/21 | 재적재  0 | 중계율 0.20 | alpha 0.807 | complete
Ep 262 | 드론3 목적지69 | 1000스텝 | 배송 65/69 | 재적재 12 | 중계율 0.19 | alpha 0.803 | step_limit
Ep 263 | 드론4 목적지40 |  917스텝 | 배송 40/40 | 재적재  5 | 중계율 0.31 | alpha 0.800 | complete
Ep 264 | 드론5 목적지35 |  406스텝 | 배송 35/35 | 재적재  5 | 중계율 0.16 | alpha 0.798 | complete
Ep 265 | 드론6 목적지52 |  376스텝 | 배송 52/52 | 재적재  7 | 중계율 0.10 | alpha 0.800 | complete
Ep 266 | 드론4 목적지33 |  391스텝 | 배송 33/33 | 재적재  5 | 중계율 0.07 | alpha 0.794 | complete
Ep 267 | 드론6 목적지32 |  311스텝 | 배송 32/32 | 재적재  5 | 중계율 0.12 | alpha 0.793 | complete
Ep 268 | 드론4 목적지39 |  829스텝 | 배송 39/39 | 재적재  7 | 중계율 0.23 | alpha 0.788 | complete
Ep 269 | 드론5 목적지71 |  652스텝 | 배송 71/71 | 재적재 12 | 중계율 0.18 | alpha 0.778 | complete
Ep 270 | 드론3 목적지56 | 1000스텝 | 배송 47/56 | 재적재  9 | 중계율 0.28 | alpha 0.743 | step_limit
Ep 271 | 드론5 목적지66 |  789스텝 | 배송 66/66 | 재적재 11 | 중계율 0.16 | alpha 0.733 | complete
Ep 272 | 드론4 목적지33 |  361스텝 | 배송 33/33 | 재적재  5 | 중계율 0.12 | alpha 0.733 | complete
Ep 273 | 드론5 목적지75 |  708스텝 | 배송 75/75 | 재적재 13 | 중계율 0.18 | alpha 0.724 | complete
Ep 274 | 드론4 목적지63 |  766스텝 | 배송 63/63 | 재적재 11 | 중계율 0.19 | alpha 0.709 | complete
Ep 275 | 드론3 목적지46 |  937스텝 | 배송 46/46 | 재적재  8 | 중계율 0.27 | alpha 0.703 | complete
Ep 276 | 드론5 목적지62 |  873스텝 | 배송 62/62 | 재적재 10 | 중계율 0.21 | alpha 0.698 | complete
Ep 277 | 드론6 목적지35 |  373스텝 | 배송 35/35 | 재적재  4 | 중계율 0.19 | alpha 0.700 | complete
Ep 278 | 드론4 목적지79 |  893스텝 | 배송 79/79 | 재적재 14 | 중계율 0.18 | alpha 0.708 | complete
Ep 279 | 드론3 목적지50 |  940스텝 | 배송 50/50 | 재적재  7 | 중계율 0.26 | alpha 0.726 | complete
Ep 280 | 드론3 목적지71 | 1000스텝 | 배송 58/71 | 재적재 10 | 중계율 0.28 | alpha 0.738 | step_limit
Ep 281 | 드론5 목적지52 |  861스텝 | 배송 52/52 | 재적재  9 | 중계율 0.20 | alpha 0.735 | complete
Ep 282 | 드론4 목적지55 |  604스텝 | 배송 55/55 | 재적재  8 | 중계율 0.15 | alpha 0.733 | complete
Ep 283 | 드론4 목적지44 |  664스텝 | 배송 44/44 | 재적재  8 | 중계율 0.15 | alpha 0.735 | complete
Ep 284 | 드론6 목적지61 |  496스텝 | 배송 61/61 | 재적재  9 | 중계율 0.17 | alpha 0.727 | complete
Ep 285 | 드론6 목적지61 |  531스텝 | 배송 61/61 | 재적재 11 | 중계율 0.14 | alpha 0.722 | complete
Ep 286 | 드론6 목적지35 |  356스텝 | 배송 35/35 | 재적재  5 | 중계율 0.11 | alpha 0.729 | complete
Ep 287 | 드론5 목적지42 |  497스텝 | 배송 42/42 | 재적재  5 | 중계율 0.16 | alpha 0.729 | complete
Ep 288 | 드론4 목적지26 |  552스텝 | 배송 26/26 | 재적재  3 | 중계율 0.33 | alpha 0.739 | complete
Ep 289 | 드론5 목적지71 |  636스텝 | 배송 71/71 | 재적재 11 | 중계율 0.13 | alpha 0.747 | complete
Ep 290 | 드론3 목적지34 |  510스텝 | 배송 34/34 | 재적재  5 | 중계율 0.16 | alpha 0.754 | complete
Ep 291 | 드론6 목적지70 |  661스텝 | 배송 70/70 | 재적재 11 | 중계율 0.15 | alpha 0.761 | complete
Ep 292 | 드론6 목적지25 |  263스텝 | 배송 25/25 | 재적재  2 | 중계율 0.11 | alpha 0.767 | complete
Ep 293 | 드론5 목적지78 |  911스텝 | 배송 78/78 | 재적재 14 | 중계율 0.17 | alpha 0.763 | complete
Ep 294 | 드론4 목적지63 |  801스텝 | 배송 63/63 | 재적재 10 | 중계율 0.18 | alpha 0.764 | complete
Ep 295 | 드론3 목적지40 |  828스텝 | 배송 27/40 | 재적재  4 | 중계율 0.28 | alpha 0.765 | no_progress
Ep 296 | 드론3 목적지78 | 1000스텝 | 배송 59/78 | 재적재 10 | 중계율 0.24 | alpha 0.771 | step_limit
Ep 297 | 드론3 목적지76 | 1000스텝 | 배송 73/76 | 재적재 14 | 중계율 0.17 | alpha 0.781 | step_limit
Ep 298 | 드론5 목적지42 |  474스텝 | 배송 42/42 | 재적재  6 | 중계율 0.13 | alpha 0.785 | complete
Ep 299 | 드론5 목적지34 |  856스텝 | 배송 34/34 | 재적재  5 | 중계율 0.22 | alpha 0.785 | complete
Ep 300 | 드론6 목적지73 |  634스텝 | 배송 73/73 | 재적재 12 | 중계율 0.15 | alpha 0.794 | complete
  [홀드아웃] 배송 50.0±0.2 완주 0.95 스텝 1051 점수 101.5 재적재 8.1 2홉+ 0.62 | 최고 106.8@ep200 정체 2/15
Ep 301 | 드론5 목적지74 |  729스텝 | 배송 74/74 | 재적재 12 | 중계율 0.11 | alpha 0.804 | complete
Ep 302 | 드론3 목적지56 | 1000스텝 | 배송 49/56 | 재적재  8 | 중계율 0.21 | alpha 0.803 | step_limit
Ep 303 | 드론6 목적지24 |  348스텝 | 배송 24/24 | 재적재  2 | 중계율 0.15 | alpha 0.814 | complete
Ep 304 | 드론5 목적지67 |  657스텝 | 배송 67/67 | 재적재 11 | 중계율 0.17 | alpha 0.816 | complete
Ep 305 | 드론4 목적지69 | 1000스텝 | 배송 69/69 | 재적재 11 | 중계율 0.18 | alpha 0.821 | complete
Ep 306 | 드론4 목적지30 |  417스텝 | 배송 30/30 | 재적재  4 | 중계율 0.17 | alpha 0.829 | complete
Ep 307 | 드론6 목적지46 |  364스텝 | 배송 46/46 | 재적재  6 | 중계율 0.09 | alpha 0.822 | complete
Ep 308 | 드론3 목적지45 |  886스텝 | 배송 45/45 | 재적재  7 | 중계율 0.19 | alpha 0.819 | complete
Ep 309 | 드론6 목적지80 |  830스텝 | 배송 80/80 | 재적재 13 | 중계율 0.21 | alpha 0.821 | complete
Ep 310 | 드론4 목적지26 |  359스텝 | 배송 26/26 | 재적재  3 | 중계율 0.15 | alpha 0.823 | complete
Ep 311 | 드론3 목적지52 |  835스텝 | 배송 52/52 | 재적재  9 | 중계율 0.19 | alpha 0.823 | complete
Ep 312 | 드론3 목적지42 |  935스텝 | 배송 42/42 | 재적재  7 | 중계율 0.24 | alpha 0.834 | complete
Ep 313 | 드론3 목적지60 | 1000스텝 | 배송 51/60 | 재적재  8 | 중계율 0.23 | alpha 0.833 | step_limit
Ep 314 | 드론3 목적지78 | 1000스텝 | 배송 62/78 | 재적재 12 | 중계율 0.21 | alpha 0.832 | step_limit
Ep 315 | 드론5 목적지51 |  881스텝 | 배송 51/51 | 재적재  8 | 중계율 0.25 | alpha 0.820 | complete
Ep 316 | 드론5 목적지58 |  660스텝 | 배송 58/58 | 재적재  9 | 중계율 0.16 | alpha 0.818 | complete
Ep 317 | 드론5 목적지75 |  715스텝 | 배송 75/75 | 재적재 11 | 중계율 0.14 | alpha 0.822 | complete
Ep 318 | 드론6 목적지56 |  622스텝 | 배송 56/56 | 재적재  9 | 중계율 0.17 | alpha 0.821 | complete
Ep 319 | 드론4 목적지69 | 1000스텝 | 배송 67/69 | 재적재 13 | 중계율 0.21 | alpha 0.826 | step_limit
Ep 320 | 드론5 목적지45 |  457스텝 | 배송 45/45 | 재적재  6 | 중계율 0.20 | alpha 0.824 | complete
Ep 321 | 드론5 목적지28 |  372스텝 | 배송 28/28 | 재적재  3 | 중계율 0.18 | alpha 0.826 | complete
Ep 322 | 드론5 목적지59 |  794스텝 | 배송 59/59 | 재적재 10 | 중계율 0.12 | alpha 0.830 | complete
Ep 323 | 드론3 목적지44 |  993스텝 | 배송 44/44 | 재적재  6 | 중계율 0.28 | alpha 0.842 | complete
Ep 324 | 드론3 목적지25 |  632스텝 | 배송 25/25 | 재적재  4 | 중계율 0.16 | alpha 0.844 | complete
Ep 325 | 드론6 목적지65 |  512스텝 | 배송 65/65 | 재적재 10 | 중계율 0.12 | alpha 0.839 | complete
Ep 326 | 드론4 목적지31 |  610스텝 | 배송 31/31 | 재적재  5 | 중계율 0.18 | alpha 0.838 | complete
Ep 327 | 드론6 목적지67 |  532스텝 | 배송 67/67 | 재적재 10 | 중계율 0.17 | alpha 0.840 | complete
Ep 328 | 드론4 목적지65 |  674스텝 | 배송 65/65 | 재적재 10 | 중계율 0.12 | alpha 0.849 | complete
Ep 329 | 드론6 목적지33 |  303스텝 | 배송 33/33 | 재적재  6 | 중계율 0.14 | alpha 0.852 | complete
Ep 330 | 드론5 목적지76 |  774스텝 | 배송 76/76 | 재적재 14 | 중계율 0.17 | alpha 0.847 | complete
Ep 331 | 드론4 목적지76 | 1000스텝 | 배송 74/76 | 재적재 14 | 중계율 0.24 | alpha 0.864 | step_limit
Ep 332 | 드론6 목적지75 |  533스텝 | 배송 75/75 | 재적재 13 | 중계율 0.10 | alpha 0.866 | complete
Ep 333 | 드론4 목적지26 |  422스텝 | 배송 26/26 | 재적재  3 | 중계율 0.11 | alpha 0.875 | complete
Ep 334 | 드론3 목적지63 | 1000스텝 | 배송 46/63 | 재적재  8 | 중계율 0.18 | alpha 0.889 | step_limit
Ep 335 | 드론5 목적지28 |  400스텝 | 배송 28/28 | 재적재  4 | 중계율 0.13 | alpha 0.886 | complete
Ep 336 | 드론3 목적지54 | 1000스텝 | 배송 46/54 | 재적재  7 | 중계율 0.27 | alpha 0.886 | step_limit
Ep 337 | 드론4 목적지65 | 1000스텝 | 배송 53/65 | 재적재  9 | 중계율 0.26 | alpha 0.892 | step_limit
Ep 338 | 드론4 목적지68 |  828스텝 | 배송 68/68 | 재적재 11 | 중계율 0.23 | alpha 0.899 | complete
Ep 339 | 드론5 목적지47 |  435스텝 | 배송 47/47 | 재적재  9 | 중계율 0.12 | alpha 0.908 | complete
Ep 340 | 드론4 목적지73 | 1000스텝 | 배송 66/73 | 재적재 11 | 중계율 0.27 | alpha 0.888 | step_limit
Ep 341 | 드론4 목적지64 | 1000스텝 | 배송 54/64 | 재적재  8 | 중계율 0.30 | alpha 0.880 | step_limit
Ep 342 | 드론4 목적지26 |  413스텝 | 배송 26/26 | 재적재  3 | 중계율 0.10 | alpha 0.874 | complete
Ep 343 | 드론6 목적지58 |  467스텝 | 배송 58/58 | 재적재  9 | 중계율 0.16 | alpha 0.871 | complete
Ep 344 | 드론5 목적지23 |  218스텝 | 배송 23/23 | 재적재  1 | 중계율 0.12 | alpha 0.873 | complete
Ep 345 | 드론5 목적지53 |  644스텝 | 배송 53/53 | 재적재 10 | 중계율 0.19 | alpha 0.881 | complete
Ep 346 | 드론4 목적지21 |  349스텝 | 배송 21/21 | 재적재  2 | 중계율 0.13 | alpha 0.875 | complete
Ep 347 | 드론6 목적지39 |  365스텝 | 배송 39/39 | 재적재  5 | 중계율 0.10 | alpha 0.869 | complete
Ep 348 | 드론6 목적지46 |  385스텝 | 배송 46/46 | 재적재  7 | 중계율 0.12 | alpha 0.867 | complete
Ep 349 | 드론5 목적지37 |  350스텝 | 배송 37/37 | 재적재  5 | 중계율 0.09 | alpha 0.863 | complete
Ep 350 | 드론3 목적지42 |  878스텝 | 배송 42/42 | 재적재  6 | 중계율 0.20 | alpha 0.847 | complete
  [홀드아웃] 배송 49.8±0.6 완주 0.88 스텝 1098 점수 93.8 재적재 8.1 2홉+ 0.64 | 최고 106.8@ep200 정체 3/15
Ep 351 | 드론6 목적지54 |  515스텝 | 배송 54/54 | 재적재  8 | 중계율 0.10 | alpha 0.852 | complete
Ep 352 | 드론5 목적지69 |  644스텝 | 배송 69/69 | 재적재 11 | 중계율 0.17 | alpha 0.855 | complete
Ep 353 | 드론3 목적지44 |  733스텝 | 배송 44/44 | 재적재  7 | 중계율 0.19 | alpha 0.854 | complete
Ep 354 | 드론4 목적지49 |  601스텝 | 배송 49/49 | 재적재  7 | 중계율 0.14 | alpha 0.857 | complete
Ep 355 | 드론3 목적지28 |  495스텝 | 배송 28/28 | 재적재  4 | 중계율 0.17 | alpha 0.850 | complete
Ep 356 | 드론3 목적지79 | 1000스텝 | 배송 75/79 | 재적재 14 | 중계율 0.13 | alpha 0.836 | step_limit
Ep 357 | 드론5 목적지71 |  742스텝 | 배송 71/71 | 재적재 12 | 중계율 0.10 | alpha 0.829 | complete
Ep 358 | 드론3 목적지30 |  837스텝 | 배송 30/30 | 재적재  5 | 중계율 0.28 | alpha 0.830 | complete
Ep 359 | 드론4 목적지74 |  775스텝 | 배송 74/74 | 재적재 13 | 중계율 0.15 | alpha 0.816 | complete
Ep 360 | 드론5 목적지47 |  516스텝 | 배송 47/47 | 재적재  7 | 중계율 0.18 | alpha 0.809 | complete
Ep 361 | 드론4 목적지43 |  581스텝 | 배송 43/43 | 재적재  7 | 중계율 0.18 | alpha 0.806 | complete
Ep 362 | 드론6 목적지78 |  616스텝 | 배송 78/78 | 재적재 14 | 중계율 0.12 | alpha 0.798 | complete
Ep 363 | 드론5 목적지70 |  534스텝 | 배송 70/70 | 재적재 11 | 중계율 0.12 | alpha 0.786 | complete
Ep 364 | 드론3 목적지64 | 1000스텝 | 배송 59/64 | 재적재  9 | 중계율 0.25 | alpha 0.788 | step_limit
Ep 365 | 드론3 목적지63 | 1000스텝 | 배송 53/63 | 재적재  9 | 중계율 0.25 | alpha 0.768 | step_limit
Ep 366 | 드론4 목적지44 |  832스텝 | 배송 44/44 | 재적재  7 | 중계율 0.17 | alpha 0.756 | complete
Ep 367 | 드론5 목적지38 |  387스텝 | 배송 38/38 | 재적재  5 | 중계율 0.15 | alpha 0.753 | complete
Ep 368 | 드론3 목적지37 |  760스텝 | 배송 37/37 | 재적재  6 | 중계율 0.16 | alpha 0.758 | complete
Ep 369 | 드론3 목적지42 |  605스텝 | 배송 42/42 | 재적재  7 | 중계율 0.13 | alpha 0.759 | complete
Ep 370 | 드론4 목적지70 | 1000스텝 | 배송 51/70 | 재적재  8 | 중계율 0.29 | alpha 0.750 | step_limit
Ep 371 | 드론4 목적지40 |  730스텝 | 배송 40/40 | 재적재  7 | 중계율 0.22 | alpha 0.754 | complete
Ep 372 | 드론5 목적지29 |  414스텝 | 배송 29/29 | 재적재  4 | 중계율 0.11 | alpha 0.752 | complete
Ep 373 | 드론3 목적지79 | 1000스텝 | 배송 65/79 | 재적재 11 | 중계율 0.20 | alpha 0.763 | step_limit
Ep 374 | 드론4 목적지40 | 1000스텝 | 배송 38/40 | 재적재  6 | 중계율 0.24 | alpha 0.778 | step_limit
Ep 375 | 드론3 목적지28 |  600스텝 | 배송 28/28 | 재적재  4 | 중계율 0.17 | alpha 0.783 | complete
Ep 376 | 드론4 목적지40 |  851스텝 | 배송 40/40 | 재적재  7 | 중계율 0.24 | alpha 0.776 | complete
Ep 377 | 드론3 목적지72 | 1000스텝 | 배송 61/72 | 재적재 10 | 중계율 0.26 | alpha 0.760 | step_limit
Ep 378 | 드론6 목적지61 |  416스텝 | 배송 61/61 | 재적재  9 | 중계율 0.09 | alpha 0.753 | complete
Ep 379 | 드론5 목적지68 |  666스텝 | 배송 68/68 | 재적재 11 | 중계율 0.16 | alpha 0.757 | complete
Ep 380 | 드론3 목적지24 |  557스텝 | 배송 24/24 | 재적재  3 | 중계율 0.26 | alpha 0.767 | complete
Ep 381 | 드론4 목적지52 | 1000스텝 | 배송 50/52 | 재적재  7 | 중계율 0.29 | alpha 0.778 | step_limit
Ep 382 | 드론5 목적지35 |  374스텝 | 배송 35/35 | 재적재  5 | 중계율 0.15 | alpha 0.781 | complete
Ep 383 | 드론3 목적지47 | 1000스텝 | 배송 42/47 | 재적재  8 | 중계율 0.26 | alpha 0.777 | step_limit
Ep 384 | 드론4 목적지28 |  505스텝 | 배송 28/28 | 재적재  4 | 중계율 0.15 | alpha 0.773 | complete
Ep 385 | 드론5 목적지70 |  757스텝 | 배송 70/70 | 재적재 13 | 중계율 0.15 | alpha 0.768 | complete
Ep 386 | 드론5 목적지71 |  669스텝 | 배송 71/71 | 재적재 11 | 중계율 0.12 | alpha 0.761 | complete
Ep 387 | 드론4 목적지49 |  507스텝 | 배송 49/49 | 재적재  7 | 중계율 0.10 | alpha 0.765 | complete
Ep 388 | 드론4 목적지21 |  628스텝 | 배송 21/21 | 재적재  3 | 중계율 0.29 | alpha 0.771 | complete
Ep 389 | 드론5 목적지60 |  532스텝 | 배송 60/60 | 재적재  8 | 중계율 0.09 | alpha 0.777 | complete
Ep 390 | 드론5 목적지30 |  351스텝 | 배송 30/30 | 재적재  3 | 중계율 0.18 | alpha 0.782 | complete
Ep 391 | 드론3 목적지51 |  846스텝 | 배송 51/51 | 재적재  9 | 중계율 0.11 | alpha 0.779 | complete
Ep 392 | 드론4 목적지39 | 1000스텝 | 배송 34/39 | 재적재  5 | 중계율 0.28 | alpha 0.789 | step_limit
Ep 393 | 드론6 목적지73 |  547스텝 | 배송 73/73 | 재적재 11 | 중계율 0.09 | alpha 0.794 | complete
Ep 394 | 드론3 목적지32 |  628스텝 | 배송 32/32 | 재적재  4 | 중계율 0.18 | alpha 0.808 | complete
Ep 395 | 드론6 목적지70 |  514스텝 | 배송 70/70 | 재적재 11 | 중계율 0.08 | alpha 0.814 | complete
Ep 396 | 드론6 목적지28 |  341스텝 | 배송 28/28 | 재적재  3 | 중계율 0.10 | alpha 0.810 | complete
Ep 397 | 드론3 목적지39 |  903스텝 | 배송 39/39 | 재적재  6 | 중계율 0.24 | alpha 0.808 | complete
Ep 398 | 드론4 목적지40 |  671스텝 | 배송 40/40 | 재적재  6 | 중계율 0.21 | alpha 0.812 | complete
Ep 399 | 드론3 목적지51 | 1000스텝 | 배송 43/51 | 재적재  7 | 중계율 0.23 | alpha 0.823 | step_limit
Ep 400 | 드론3 목적지79 | 1000스텝 | 배송 57/79 | 재적재 11 | 중계율 0.23 | alpha 0.797 | step_limit
  [홀드아웃] 배송 49.4±2.3 완주 0.90 스텝 1093 점수 96.4 재적재 8.3 2홉+ 0.61 | 최고 106.8@ep200 정체 4/15
Ep 401 | 드론3 목적지63 | 1000스텝 | 배송 55/63 | 재적재 10 | 중계율 0.25 | alpha 0.785 | step_limit
Ep 402 | 드론3 목적지32 |  635스텝 | 배송 32/32 | 재적재  5 | 중계율 0.21 | alpha 0.779 | complete
Ep 403 | 드론4 목적지76 |  845스텝 | 배송 76/76 | 재적재 13 | 중계율 0.16 | alpha 0.767 | complete
Ep 404 | 드론5 목적지23 |  302스텝 | 배송 23/23 | 재적재  3 | 중계율 0.14 | alpha 0.765 | complete
Ep 405 | 드론4 목적지67 | 1000스텝 | 배송 64/67 | 재적재 11 | 중계율 0.28 | alpha 0.761 | step_limit
Ep 406 | 드론4 목적지48 |  515스텝 | 배송 48/48 | 재적재  7 | 중계율 0.16 | alpha 0.759 | complete
Ep 407 | 드론3 목적지72 | 1000스텝 | 배송 62/72 | 재적재 10 | 중계율 0.26 | alpha 0.764 | step_limit
Ep 408 | 드론6 목적지79 |  584스텝 | 배송 79/79 | 재적재 13 | 중계율 0.11 | alpha 0.762 | complete
Ep 409 | 드론6 목적지28 |  282스텝 | 배송 28/28 | 재적재  4 | 중계율 0.06 | alpha 0.764 | complete
Ep 410 | 드론6 목적지46 |  395스텝 | 배송 46/46 | 재적재  7 | 중계율 0.12 | alpha 0.762 | complete
Ep 411 | 드론6 목적지69 |  748스텝 | 배송 69/69 | 재적재 11 | 중계율 0.20 | alpha 0.770 | complete
Ep 412 | 드론3 목적지47 | 1000스텝 | 배송 46/47 | 재적재  8 | 중계율 0.26 | alpha 0.775 | step_limit
Ep 413 | 드론5 목적지45 |  652스텝 | 배송 45/45 | 재적재  8 | 중계율 0.17 | alpha 0.772 | complete
Ep 414 | 드론3 목적지76 | 1000스텝 | 배송 66/76 | 재적재 12 | 중계율 0.22 | alpha 0.751 | step_limit
Ep 415 | 드론4 목적지79 | 1000스텝 | 배송 78/79 | 재적재 15 | 중계율 0.21 | alpha 0.740 | step_limit
Ep 416 | 드론3 목적지20 |  514스텝 | 배송 20/20 | 재적재  3 | 중계율 0.21 | alpha 0.725 | complete
Ep 417 | 드론3 목적지45 |  788스텝 | 배송 45/45 | 재적재  7 | 중계율 0.23 | alpha 0.705 | complete
Ep 418 | 드론4 목적지75 |  804스텝 | 배송 75/75 | 재적재 12 | 중계율 0.17 | alpha 0.695 | complete
Ep 419 | 드론6 목적지78 | 1000스텝 | 배송 74/78 | 재적재 12 | 중계율 0.18 | alpha 0.682 | step_limit
Ep 420 | 드론6 목적지33 |  311스텝 | 배송 33/33 | 재적재  5 | 중계율 0.07 | alpha 0.685 | complete
Ep 421 | 드론4 목적지62 | 1000스텝 | 배송 59/62 | 재적재 10 | 중계율 0.21 | alpha 0.676 | step_limit
Ep 422 | 드론6 목적지51 |  504스텝 | 배송 51/51 | 재적재  6 | 중계율 0.18 | alpha 0.674 | complete
Ep 423 | 드론4 목적지44 |  658스텝 | 배송 44/44 | 재적재  7 | 중계율 0.19 | alpha 0.679 | complete
Ep 424 | 드론4 목적지33 |  596스텝 | 배송 33/33 | 재적재  5 | 중계율 0.24 | alpha 0.671 | complete
Ep 425 | 드론3 목적지33 |  470스텝 | 배송 33/33 | 재적재  4 | 중계율 0.12 | alpha 0.669 | complete
Ep 426 | 드론5 목적지24 |  272스텝 | 배송 24/24 | 재적재  3 | 중계율 0.08 | alpha 0.666 | complete
Ep 427 | 드론4 목적지64 |  975스텝 | 배송 64/64 | 재적재 10 | 중계율 0.27 | alpha 0.661 | complete
Ep 428 | 드론6 목적지53 |  442스텝 | 배송 53/53 | 재적재  5 | 중계율 0.18 | alpha 0.657 | complete
Ep 429 | 드론4 목적지36 |  440스텝 | 배송 36/36 | 재적재  6 | 중계율 0.14 | alpha 0.658 | complete
Ep 430 | 드론6 목적지48 |  501스텝 | 배송 48/48 | 재적재  8 | 중계율 0.15 | alpha 0.652 | complete
Ep 431 | 드론3 목적지56 | 1000스텝 | 배송 50/56 | 재적재  9 | 중계율 0.26 | alpha 0.640 | step_limit
Ep 432 | 드론4 목적지45 |  574스텝 | 배송 45/45 | 재적재  7 | 중계율 0.14 | alpha 0.628 | complete
Ep 433 | 드론5 목적지25 |  529스텝 | 배송 25/25 | 재적재  3 | 중계율 0.20 | alpha 0.628 | complete
Ep 434 | 드론4 목적지58 |  869스텝 | 배송 58/58 | 재적재 10 | 중계율 0.26 | alpha 0.624 | complete
Ep 435 | 드론4 목적지72 | 1000스텝 | 배송 50/72 | 재적재  8 | 중계율 0.34 | alpha 0.627 | step_limit
Ep 436 | 드론3 목적지71 | 1000스텝 | 배송 62/71 | 재적재 12 | 중계율 0.19 | alpha 0.636 | step_limit
Ep 437 | 드론3 목적지53 | 1000스텝 | 배송 50/53 | 재적재  8 | 중계율 0.28 | alpha 0.642 | step_limit
Ep 438 | 드론6 목적지31 |  359스텝 | 배송 31/31 | 재적재  5 | 중계율 0.15 | alpha 0.642 | complete
Ep 439 | 드론6 목적지77 |  582스텝 | 배송 77/77 | 재적재 12 | 중계율 0.12 | alpha 0.647 | complete
Ep 440 | 드론4 목적지73 | 1000스텝 | 배송 66/73 | 재적재 12 | 중계율 0.23 | alpha 0.650 | step_limit
Ep 441 | 드론5 목적지27 |  213스텝 | 배송 27/27 | 재적재  2 | 중계율 0.12 | alpha 0.653 | complete
Ep 442 | 드론4 목적지20 |  377스텝 | 배송 20/20 | 재적재  2 | 중계율 0.21 | alpha 0.656 | complete
Ep 443 | 드론5 목적지73 |  601스텝 | 배송 73/73 | 재적재 12 | 중계율 0.07 | alpha 0.672 | complete
Ep 444 | 드론3 목적지56 | 1000스텝 | 배송 55/56 | 재적재 10 | 중계율 0.20 | alpha 0.689 | step_limit
Ep 445 | 드론5 목적지20 |  307스텝 | 배송 20/20 | 재적재  2 | 중계율 0.16 | alpha 0.695 | complete
Ep 446 | 드론3 목적지26 |  468스텝 | 배송 26/26 | 재적재  3 | 중계율 0.21 | alpha 0.691 | complete
Ep 447 | 드론4 목적지41 |  533스텝 | 배송 41/41 | 재적재  6 | 중계율 0.14 | alpha 0.688 | complete
Ep 448 | 드론6 목적지73 |  500스텝 | 배송 73/73 | 재적재 11 | 중계율 0.11 | alpha 0.692 | complete
Ep 449 | 드론4 목적지56 |  747스텝 | 배송 56/56 | 재적재  8 | 중계율 0.15 | alpha 0.685 | complete
Ep 450 | 드론4 목적지35 |  712스텝 | 배송 35/35 | 재적재  4 | 중계율 0.28 | alpha 0.688 | complete
  [홀드아웃] 배송 50.0±0.2 완주 0.97 스텝 967 점수 104.3 재적재 8.1 2홉+ 0.61 | 최고 106.8@ep200 정체 5/15
Ep 451 | 드론5 목적지77 |  676스텝 | 배송 77/77 | 재적재 13 | 중계율 0.09 | alpha 0.684 | complete
Ep 452 | 드론3 목적지22 |  557스텝 | 배송 22/22 | 재적재  3 | 중계율 0.19 | alpha 0.678 | complete
Ep 453 | 드론6 목적지47 |  393스텝 | 배송 47/47 | 재적재  8 | 중계율 0.10 | alpha 0.682 | complete
Ep 454 | 드론5 목적지72 |  815스텝 | 배송 72/72 | 재적재 12 | 중계율 0.17 | alpha 0.698 | complete
Ep 455 | 드론6 목적지63 |  678스텝 | 배송 63/63 | 재적재 11 | 중계율 0.18 | alpha 0.695 | complete
Ep 456 | 드론4 목적지73 | 1000스텝 | 배송 65/73 | 재적재 13 | 중계율 0.19 | alpha 0.700 | step_limit
Ep 457 | 드론5 목적지36 |  541스텝 | 배송 36/36 | 재적재  5 | 중계율 0.21 | alpha 0.698 | complete
Ep 458 | 드론5 목적지78 |  688스텝 | 배송 78/78 | 재적재 14 | 중계율 0.13 | alpha 0.692 | complete
Ep 459 | 드론5 목적지45 |  879스텝 | 배송 45/45 | 재적재  6 | 중계율 0.26 | alpha 0.693 | complete
Ep 460 | 드론4 목적지70 | 1000스텝 | 배송 68/70 | 재적재 10 | 중계율 0.28 | alpha 0.702 | step_limit
Ep 461 | 드론3 목적지39 |  722스텝 | 배송 39/39 | 재적재  7 | 중계율 0.20 | alpha 0.710 | complete
Ep 462 | 드론5 목적지62 |  597스텝 | 배송 62/62 | 재적재 11 | 중계율 0.18 | alpha 0.710 | complete
Ep 463 | 드론4 목적지67 |  875스텝 | 배송 67/67 | 재적재 12 | 중계율 0.20 | alpha 0.694 | complete
Ep 464 | 드론4 목적지33 |  397스텝 | 배송 33/33 | 재적재  5 | 중계율 0.11 | alpha 0.691 | complete
Ep 465 | 드론5 목적지80 |  865스텝 | 배송 80/80 | 재적재 14 | 중계율 0.19 | alpha 0.684 | complete
Ep 466 | 드론6 목적지42 |  388스텝 | 배송 42/42 | 재적재  5 | 중계율 0.10 | alpha 0.679 | complete
Ep 467 | 드론4 목적지63 |  803스텝 | 배송 63/63 | 재적재 11 | 중계율 0.13 | alpha 0.675 | complete
Ep 468 | 드론3 목적지78 | 1000스텝 | 배송 70/78 | 재적재 12 | 중계율 0.25 | alpha 0.682 | step_limit
Ep 469 | 드론5 목적지48 |  557스텝 | 배송 48/48 | 재적재  8 | 중계율 0.09 | alpha 0.678 | complete
Ep 470 | 드론5 목적지70 |  811스텝 | 배송 70/70 | 재적재 12 | 중계율 0.14 | alpha 0.670 | complete
Ep 471 | 드론4 목적지24 |  295스텝 | 배송 24/24 | 재적재  3 | 중계율 0.09 | alpha 0.664 | complete
Ep 472 | 드론6 목적지62 |  451스텝 | 배송 62/62 | 재적재 10 | 중계율 0.10 | alpha 0.660 | complete
Ep 473 | 드론4 목적지30 |  732스텝 | 배송 30/30 | 재적재  5 | 중계율 0.27 | alpha 0.657 | complete
Ep 474 | 드론4 목적지37 |  525스텝 | 배송 37/37 | 재적재  5 | 중계율 0.17 | alpha 0.651 | complete
Ep 475 | 드론3 목적지71 | 1000스텝 | 배송 61/71 | 재적재 10 | 중계율 0.23 | alpha 0.638 | step_limit
Ep 476 | 드론3 목적지29 |  630스텝 | 배송 29/29 | 재적재  5 | 중계율 0.22 | alpha 0.631 | complete
Ep 477 | 드론4 목적지36 |  473스텝 | 배송 36/36 | 재적재  5 | 중계율 0.15 | alpha 0.628 | complete
Ep 478 | 드론3 목적지52 | 1000스텝 | 배송 51/52 | 재적재  8 | 중계율 0.25 | alpha 0.641 | step_limit
Ep 479 | 드론5 목적지75 |  859스텝 | 배송 75/75 | 재적재 12 | 중계율 0.23 | alpha 0.649 | complete
Ep 480 | 드론6 목적지64 |  445스텝 | 배송 64/64 | 재적재 11 | 중계율 0.14 | alpha 0.654 | complete
Ep 481 | 드론4 목적지70 | 1000스텝 | 배송 63/70 | 재적재 11 | 중계율 0.25 | alpha 0.653 | step_limit
Ep 482 | 드론6 목적지39 |  392스텝 | 배송 39/39 | 재적재  6 | 중계율 0.12 | alpha 0.656 | complete
Ep 483 | 드론5 목적지51 |  470스텝 | 배송 51/51 | 재적재  7 | 중계율 0.18 | alpha 0.657 | complete
Ep 484 | 드론5 목적지43 |  433스텝 | 배송 43/43 | 재적재  6 | 중계율 0.16 | alpha 0.659 | complete
Ep 485 | 드론4 목적지36 |  641스텝 | 배송 36/36 | 재적재  6 | 중계율 0.21 | alpha 0.657 | complete
Ep 486 | 드론4 목적지53 |  649스텝 | 배송 53/53 | 재적재  9 | 중계율 0.18 | alpha 0.653 | complete
Ep 487 | 드론6 목적지34 |  302스텝 | 배송 34/34 | 재적재  4 | 중계율 0.14 | alpha 0.647 | complete
Ep 488 | 드론3 목적지73 | 1000스텝 | 배송 58/73 | 재적재 10 | 중계율 0.25 | alpha 0.639 | step_limit
Ep 489 | 드론5 목적지52 |  525스텝 | 배송 52/52 | 재적재  9 | 중계율 0.13 | alpha 0.637 | complete
Ep 490 | 드론6 목적지40 |  335스텝 | 배송 40/40 | 재적재  4 | 중계율 0.13 | alpha 0.639 | complete
Ep 491 | 드론3 목적지47 |  741스텝 | 배송 47/47 | 재적재  8 | 중계율 0.12 | alpha 0.645 | complete
Ep 492 | 드론3 목적지71 | 1000스텝 | 배송 55/71 | 재적재  8 | 중계율 0.22 | alpha 0.649 | step_limit
Ep 493 | 드론4 목적지46 |  671스텝 | 배송 46/46 | 재적재  8 | 중계율 0.23 | alpha 0.649 | complete
Ep 494 | 드론3 목적지47 |  944스텝 | 배송 47/47 | 재적재  8 | 중계율 0.25 | alpha 0.651 | complete
Ep 495 | 드론4 목적지45 |  864스텝 | 배송 45/45 | 재적재  7 | 중계율 0.21 | alpha 0.649 | complete
Ep 496 | 드론5 목적지65 |  740스텝 | 배송 65/65 | 재적재 11 | 중계율 0.11 | alpha 0.648 | complete
Ep 497 | 드론3 목적지35 |  682스텝 | 배송 35/35 | 재적재  5 | 중계율 0.16 | alpha 0.641 | complete
Ep 498 | 드론5 목적지39 |  798스텝 | 배송 39/39 | 재적재  5 | 중계율 0.23 | alpha 0.637 | complete
Ep 499 | 드론5 목적지28 |  403스텝 | 배송 28/28 | 재적재  4 | 중계율 0.19 | alpha 0.628 | complete
Ep 500 | 드론4 목적지49 |  847스텝 | 배송 49/49 | 재적재  8 | 중계율 0.22 | alpha 0.626 | complete
  [홀드아웃] 배송 49.7±1.3 완주 0.93 스텝 1018 점수 99.1 재적재 8.4 2홉+ 0.63 | 최고 106.8@ep200 정체 6/15
Ep 501 | 드론5 목적지26 |  436스텝 | 배송 26/26 | 재적재  2 | 중계율 0.17 | alpha 0.628 | complete
Ep 502 | 드론6 목적지69 |  485스텝 | 배송 69/69 | 재적재 12 | 중계율 0.11 | alpha 0.625 | complete
Ep 503 | 드론6 목적지44 |  399스텝 | 배송 44/44 | 재적재  6 | 중계율 0.11 | alpha 0.617 | complete
Ep 504 | 드론6 목적지34 |  541스텝 | 배송 34/34 | 재적재  6 | 중계율 0.24 | alpha 0.607 | complete
Ep 505 | 드론6 목적지77 | 1000스텝 | 배송 73/77 | 재적재 11 | 중계율 0.27 | alpha 0.599 | step_limit
Ep 506 | 드론6 목적지55 |  444스텝 | 배송 55/55 | 재적재  8 | 중계율 0.09 | alpha 0.591 | complete
Ep 507 | 드론3 목적지61 | 1000스텝 | 배송 58/61 | 재적재 11 | 중계율 0.17 | alpha 0.587 | step_limit
Ep 508 | 드론4 목적지24 |  379스텝 | 배송 24/24 | 재적재  3 | 중계율 0.15 | alpha 0.584 | complete
Ep 509 | 드론3 목적지48 | 1000스텝 | 배송 45/48 | 재적재  7 | 중계율 0.25 | alpha 0.568 | step_limit
Ep 510 | 드론5 목적지71 |  827스텝 | 배송 71/71 | 재적재 12 | 중계율 0.20 | alpha 0.566 | complete
Ep 511 | 드론6 목적지39 |  421스텝 | 배송 39/39 | 재적재  6 | 중계율 0.16 | alpha 0.569 | complete
Ep 512 | 드론5 목적지29 |  278스텝 | 배송 29/29 | 재적재  3 | 중계율 0.10 | alpha 0.566 | complete
Ep 513 | 드론6 목적지46 |  366스텝 | 배송 46/46 | 재적재  6 | 중계율 0.12 | alpha 0.561 | complete
Ep 514 | 드론3 목적지49 |  913스텝 | 배송 49/49 | 재적재  8 | 중계율 0.27 | alpha 0.551 | complete
Ep 515 | 드론3 목적지70 | 1000스텝 | 배송 45/70 | 재적재  8 | 중계율 0.15 | alpha 0.555 | step_limit
Ep 516 | 드론5 목적지63 | 1000스텝 | 배송 56/63 | 재적재  9 | 중계율 0.21 | alpha 0.554 | step_limit
Ep 517 | 드론5 목적지44 |  537스텝 | 배송 44/44 | 재적재  7 | 중계율 0.17 | alpha 0.553 | complete
Ep 518 | 드론3 목적지57 | 1000스텝 | 배송 51/57 | 재적재  8 | 중계율 0.33 | alpha 0.544 | step_limit
Ep 519 | 드론6 목적지34 |  401스텝 | 배송 34/34 | 재적재  3 | 중계율 0.14 | alpha 0.536 | complete
Ep 520 | 드론4 목적지68 |  759스텝 | 배송 68/68 | 재적재 13 | 중계율 0.13 | alpha 0.532 | complete
Ep 521 | 드론5 목적지71 |  823스텝 | 배송 71/71 | 재적재 12 | 중계율 0.25 | alpha 0.526 | complete
Ep 522 | 드론4 목적지72 | 1000스텝 | 배송 66/72 | 재적재 12 | 중계율 0.19 | alpha 0.522 | step_limit
Ep 523 | 드론4 목적지27 |  453스텝 | 배송 27/27 | 재적재  3 | 중계율 0.18 | alpha 0.518 | complete
Ep 524 | 드론3 목적지37 | 1000스텝 | 배송 35/37 | 재적재  6 | 중계율 0.31 | alpha 0.507 | step_limit
Ep 525 | 드론3 목적지79 | 1000스텝 | 배송 67/79 | 재적재 12 | 중계율 0.21 | alpha 0.515 | step_limit
Ep 526 | 드론4 목적지39 | 1000스텝 | 배송 37/39 | 재적재  5 | 중계율 0.34 | alpha 0.526 | step_limit
Ep 527 | 드론4 목적지42 |  865스텝 | 배송 42/42 | 재적재  7 | 중계율 0.27 | alpha 0.522 | complete
Ep 528 | 드론4 목적지51 |  612스텝 | 배송 51/51 | 재적재  9 | 중계율 0.13 | alpha 0.520 | complete
Ep 529 | 드론4 목적지21 |  381스텝 | 배송 21/21 | 재적재  2 | 중계율 0.22 | alpha 0.517 | complete
Ep 530 | 드론5 목적지34 |  379스텝 | 배송 34/34 | 재적재  5 | 중계율 0.12 | alpha 0.523 | complete
Ep 531 | 드론6 목적지64 |  521스텝 | 배송 64/64 | 재적재 11 | 중계율 0.17 | alpha 0.532 | complete
Ep 532 | 드론6 목적지78 |  598스텝 | 배송 78/78 | 재적재 11 | 중계율 0.08 | alpha 0.536 | complete
Ep 533 | 드론5 목적지68 |  686스텝 | 배송 68/68 | 재적재 12 | 중계율 0.18 | alpha 0.541 | complete
Ep 534 | 드론4 목적지25 |  482스텝 | 배송 25/25 | 재적재  2 | 중계율 0.27 | alpha 0.550 | complete
Ep 535 | 드론4 목적지25 |  451스텝 | 배송 25/25 | 재적재  4 | 중계율 0.15 | alpha 0.556 | complete
Ep 536 | 드론6 목적지71 |  760스텝 | 배송 71/71 | 재적재 12 | 중계율 0.16 | alpha 0.569 | complete
Ep 537 | 드론6 목적지31 |  497스텝 | 배송 31/31 | 재적재  4 | 중계율 0.17 | alpha 0.571 | complete
Ep 538 | 드론5 목적지55 |  590스텝 | 배송 55/55 | 재적재 10 | 중계율 0.19 | alpha 0.575 | complete
Ep 539 | 드론3 목적지46 |  895스텝 | 배송 46/46 | 재적재  8 | 중계율 0.23 | alpha 0.580 | complete
Ep 540 | 드론5 목적지50 |  439스텝 | 배송 50/50 | 재적재  8 | 중계율 0.10 | alpha 0.584 | complete
Ep 541 | 드론5 목적지25 |  310스텝 | 배송 25/25 | 재적재  2 | 중계율 0.09 | alpha 0.583 | complete
Ep 542 | 드론5 목적지65 |  586스텝 | 배송 65/65 | 재적재 11 | 중계율 0.16 | alpha 0.582 | complete
Ep 543 | 드론4 목적지32 |  487스텝 | 배송 32/32 | 재적재  4 | 중계율 0.16 | alpha 0.582 | complete
Ep 544 | 드론5 목적지60 |  869스텝 | 배송 60/60 | 재적재 10 | 중계율 0.15 | alpha 0.586 | complete
Ep 545 | 드론4 목적지74 | 1000스텝 | 배송 69/74 | 재적재 13 | 중계율 0.20 | alpha 0.596 | step_limit
Ep 546 | 드론4 목적지45 |  822스텝 | 배송 45/45 | 재적재  8 | 중계율 0.24 | alpha 0.604 | complete
Ep 547 | 드론4 목적지37 |  450스텝 | 배송 37/37 | 재적재  6 | 중계율 0.11 | alpha 0.603 | complete
Ep 548 | 드론4 목적지63 |  771스텝 | 배송 63/63 | 재적재 10 | 중계율 0.14 | alpha 0.603 | complete
Ep 549 | 드론6 목적지55 |  437스텝 | 배송 55/55 | 재적재  8 | 중계율 0.13 | alpha 0.604 | complete
Ep 550 | 드론5 목적지30 |  383스텝 | 배송 30/30 | 재적재  2 | 중계율 0.18 | alpha 0.606 | complete
  [홀드아웃] 배송 50.0±0.0 완주 1.00 스텝 901 점수 107.0 재적재 8.2 2홉+ 0.62 | 최고 107.0@ep550 정체 0/15  ← 갱신
Ep 551 | 드론6 목적지33 |  227스텝 | 배송 33/33 | 재적재  2 | 중계율 0.08 | alpha 0.602 | complete
Ep 552 | 드론6 목적지71 |  555스텝 | 배송 71/71 | 재적재 12 | 중계율 0.11 | alpha 0.604 | complete
Ep 553 | 드론6 목적지68 |  689스텝 | 배송 68/68 | 재적재 12 | 중계율 0.13 | alpha 0.610 | complete
Ep 554 | 드론4 목적지74 |  870스텝 | 배송 74/74 | 재적재 12 | 중계율 0.21 | alpha 0.614 | complete
Ep 555 | 드론5 목적지59 |  887스텝 | 배송 59/59 | 재적재  9 | 중계율 0.25 | alpha 0.601 | complete
Ep 556 | 드론5 목적지41 |  661스텝 | 배송 41/41 | 재적재  5 | 중계율 0.25 | alpha 0.609 | complete
Ep 557 | 드론4 목적지71 |  748스텝 | 배송 71/71 | 재적재 13 | 중계율 0.14 | alpha 0.616 | complete
Ep 558 | 드론5 목적지50 |  529스텝 | 배송 50/50 | 재적재  8 | 중계율 0.13 | alpha 0.617 | complete
Ep 559 | 드론5 목적지57 |  777스텝 | 배송 57/57 | 재적재 11 | 중계율 0.16 | alpha 0.614 | complete
Ep 560 | 드론5 목적지42 |  495스텝 | 배송 42/42 | 재적재  6 | 중계율 0.11 | alpha 0.612 | complete
Ep 561 | 드론5 목적지27 |  390스텝 | 배송 27/27 | 재적재  2 | 중계율 0.19 | alpha 0.606 | complete
Ep 562 | 드론6 목적지47 |  453스텝 | 배송 47/47 | 재적재  7 | 중계율 0.17 | alpha 0.608 | complete
Ep 563 | 드론4 목적지78 |  889스텝 | 배송 78/78 | 재적재 14 | 중계율 0.21 | alpha 0.607 | complete
Ep 564 | 드론5 목적지30 |  358스텝 | 배송 30/30 | 재적재  3 | 중계율 0.14 | alpha 0.608 | complete
Ep 565 | 드론6 목적지22 |  190스텝 | 배송 22/22 | 재적재  0 | 중계율 0.10 | alpha 0.609 | complete
Ep 566 | 드론4 목적지49 |  688스텝 | 배송 49/49 | 재적재  8 | 중계율 0.18 | alpha 0.627 | complete
Ep 567 | 드론4 목적지78 | 1000스텝 | 배송 71/78 | 재적재 11 | 중계율 0.26 | alpha 0.626 | step_limit
Ep 568 | 드론5 목적지67 |  891스텝 | 배송 67/67 | 재적재 10 | 중계율 0.26 | alpha 0.624 | complete
Ep 569 | 드론6 목적지70 |  536스텝 | 배송 70/70 | 재적재 10 | 중계율 0.11 | alpha 0.623 | complete
Ep 570 | 드론4 목적지72 |  795스텝 | 배송 72/72 | 재적재 13 | 중계율 0.16 | alpha 0.629 | complete
Ep 571 | 드론6 목적지49 |  364스텝 | 배송 49/49 | 재적재  6 | 중계율 0.13 | alpha 0.627 | complete
Ep 572 | 드론6 목적지75 |  653스텝 | 배송 75/75 | 재적재 13 | 중계율 0.16 | alpha 0.626 | complete
Ep 573 | 드론5 목적지66 |  594스텝 | 배송 66/66 | 재적재 12 | 중계율 0.15 | alpha 0.619 | complete
Ep 574 | 드론5 목적지44 |  552스텝 | 배송 44/44 | 재적재  7 | 중계율 0.16 | alpha 0.610 | complete
Ep 575 | 드론6 목적지78 |  539스텝 | 배송 78/78 | 재적재 12 | 중계율 0.11 | alpha 0.609 | complete
Ep 576 | 드론3 목적지69 | 1000스텝 | 배송 60/69 | 재적재 11 | 중계율 0.29 | alpha 0.594 | step_limit
Ep 577 | 드론5 목적지24 |  249스텝 | 배송 24/24 | 재적재  2 | 중계율 0.09 | alpha 0.591 | complete
Ep 578 | 드론5 목적지32 |  353스텝 | 배송 32/32 | 재적재  4 | 중계율 0.11 | alpha 0.593 | complete
Ep 579 | 드론6 목적지26 |  202스텝 | 배송 26/26 | 재적재  2 | 중계율 0.11 | alpha 0.594 | complete
Ep 580 | 드론5 목적지60 |  533스텝 | 배송 60/60 | 재적재  8 | 중계율 0.13 | alpha 0.599 | complete
Ep 581 | 드론4 목적지47 |  817스텝 | 배송 47/47 | 재적재  7 | 중계율 0.22 | alpha 0.602 | complete
Ep 582 | 드론3 목적지36 |  799스텝 | 배송 36/36 | 재적재  6 | 중계율 0.13 | alpha 0.602 | complete
Ep 583 | 드론6 목적지65 |  674스텝 | 배송 65/65 | 재적재 12 | 중계율 0.15 | alpha 0.599 | complete
Ep 584 | 드론4 목적지54 |  733스텝 | 배송 54/54 | 재적재  9 | 중계율 0.17 | alpha 0.599 | complete
Ep 585 | 드론6 목적지72 |  704스텝 | 배송 72/72 | 재적재 12 | 중계율 0.20 | alpha 0.605 | complete
Ep 586 | 드론6 목적지37 |  384스텝 | 배송 37/37 | 재적재  4 | 중계율 0.16 | alpha 0.604 | complete
Ep 587 | 드론3 목적지49 |  868스텝 | 배송 49/49 | 재적재  8 | 중계율 0.26 | alpha 0.628 | complete
Ep 588 | 드론4 목적지57 |  911스텝 | 배송 57/57 | 재적재  9 | 중계율 0.18 | alpha 0.640 | complete
Ep 589 | 드론3 목적지50 |  791스텝 | 배송 50/50 | 재적재  8 | 중계율 0.22 | alpha 0.657 | complete
Ep 590 | 드론4 목적지47 |  770스텝 | 배송 47/47 | 재적재  8 | 중계율 0.16 | alpha 0.659 | complete
Ep 591 | 드론6 목적지64 |  732스텝 | 배송 64/64 | 재적재 11 | 중계율 0.21 | alpha 0.662 | complete
Ep 592 | 드론5 목적지22 |  450스텝 | 배송 22/22 | 재적재  2 | 중계율 0.15 | alpha 0.662 | complete
Ep 593 | 드론5 목적지51 |  630스텝 | 배송 51/51 | 재적재  9 | 중계율 0.17 | alpha 0.658 | complete
Ep 594 | 드론3 목적지40 |  814스텝 | 배송 40/40 | 재적재  6 | 중계율 0.23 | alpha 0.654 | complete
Ep 595 | 드론5 목적지26 |  357스텝 | 배송 26/26 | 재적재  4 | 중계율 0.19 | alpha 0.654 | complete
Ep 596 | 드론6 목적지26 |  220스텝 | 배송 26/26 | 재적재  2 | 중계율 0.10 | alpha 0.652 | complete
Ep 597 | 드론4 목적지21 |  435스텝 | 배송 21/21 | 재적재  2 | 중계율 0.22 | alpha 0.652 | complete
Ep 598 | 드론4 목적지23 |  343스텝 | 배송 23/23 | 재적재  4 | 중계율 0.11 | alpha 0.650 | complete
Ep 599 | 드론4 목적지77 | 1000스텝 | 배송 75/77 | 재적재 12 | 중계율 0.26 | alpha 0.640 | step_limit
Ep 600 | 드론5 목적지68 |  922스텝 | 배송 68/68 | 재적재 10 | 중계율 0.28 | alpha 0.630 | complete
  [홀드아웃] 배송 50.0±0.2 완주 0.97 스텝 911 점수 104.5 재적재 7.9 2홉+ 0.62 | 최고 107.0@ep550 정체 1/15
Ep 601 | 드론4 목적지20 |  373스텝 | 배송 20/20 | 재적재  2 | 중계율 0.21 | alpha 0.629 | complete
Ep 602 | 드론5 목적지72 |  635스텝 | 배송 72/72 | 재적재 12 | 중계율 0.15 | alpha 0.630 | complete
Ep 603 | 드론6 목적지60 |  541스텝 | 배송 60/60 | 재적재 10 | 중계율 0.10 | alpha 0.631 | complete
Ep 604 | 드론5 목적지68 |  543스텝 | 배송 68/68 | 재적재 12 | 중계율 0.09 | alpha 0.634 | complete
Ep 605 | 드론4 목적지73 | 1000스텝 | 배송 63/73 | 재적재 12 | 중계율 0.25 | alpha 0.634 | step_limit
Ep 606 | 드론5 목적지51 |  660스텝 | 배송 51/51 | 재적재  7 | 중계율 0.22 | alpha 0.632 | complete
Ep 607 | 드론3 목적지48 |  819스텝 | 배송 48/48 | 재적재  8 | 중계율 0.22 | alpha 0.619 | complete
Ep 608 | 드론5 목적지67 |  633스텝 | 배송 67/67 | 재적재 11 | 중계율 0.10 | alpha 0.613 | complete
Ep 609 | 드론4 목적지51 |  916스텝 | 배송 51/51 | 재적재  8 | 중계율 0.21 | alpha 0.609 | complete
Ep 610 | 드론4 목적지72 |  757스텝 | 배송 72/72 | 재적재 13 | 중계율 0.11 | alpha 0.614 | complete
Ep 611 | 드론4 목적지77 | 1000스텝 | 배송 56/77 | 재적재 10 | 중계율 0.24 | alpha 0.611 | step_limit
Ep 612 | 드론3 목적지42 | 1000스텝 | 배송 39/42 | 재적재  6 | 중계율 0.31 | alpha 0.606 | step_limit
Ep 613 | 드론4 목적지40 |  506스텝 | 배송 40/40 | 재적재  6 | 중계율 0.11 | alpha 0.607 | complete
Ep 614 | 드론4 목적지42 |  878스텝 | 배송 42/42 | 재적재  7 | 중계율 0.19 | alpha 0.601 | complete
Ep 615 | 드론4 목적지80 |  831스텝 | 배송 80/80 | 재적재 14 | 중계율 0.15 | alpha 0.588 | complete
Ep 616 | 드론5 목적지26 |  346스텝 | 배송 26/26 | 재적재  3 | 중계율 0.15 | alpha 0.581 | complete
Ep 617 | 드론6 목적지75 |  596스텝 | 배송 75/75 | 재적재 12 | 중계율 0.16 | alpha 0.583 | complete
Ep 618 | 드론4 목적지50 |  850스텝 | 배송 50/50 | 재적재  8 | 중계율 0.26 | alpha 0.589 | complete
Ep 619 | 드론5 목적지71 |  691스텝 | 배송 71/71 | 재적재 12 | 중계율 0.15 | alpha 0.593 | complete
Ep 620 | 드론6 목적지55 |  582스텝 | 배송 55/55 | 재적재  9 | 중계율 0.16 | alpha 0.596 | complete
Ep 621 | 드론4 목적지79 | 1000스텝 | 배송 75/79 | 재적재 12 | 중계율 0.24 | alpha 0.607 | step_limit
Ep 622 | 드론6 목적지56 |  576스텝 | 배송 56/56 | 재적재  9 | 중계율 0.14 | alpha 0.603 | complete
Ep 623 | 드론3 목적지33 |  600스텝 | 배송 33/33 | 재적재  5 | 중계율 0.25 | alpha 0.602 | complete
Ep 624 | 드론4 목적지72 | 1000스텝 | 배송 70/72 | 재적재 12 | 중계율 0.25 | alpha 0.596 | step_limit
Ep 625 | 드론6 목적지47 |  465스텝 | 배송 47/47 | 재적재  7 | 중계율 0.21 | alpha 0.598 | complete
Ep 626 | 드론3 목적지52 |  846스텝 | 배송 52/52 | 재적재  9 | 중계율 0.19 | alpha 0.606 | complete
Ep 627 | 드론5 목적지66 |  846스텝 | 배송 66/66 | 재적재 11 | 중계율 0.22 | alpha 0.613 | complete
Ep 628 | 드론4 목적지42 |  611스텝 | 배송 42/42 | 재적재  7 | 중계율 0.16 | alpha 0.614 | complete
Ep 629 | 드론3 목적지31 |  899스텝 | 배송 31/31 | 재적재  5 | 중계율 0.29 | alpha 0.619 | complete
Ep 630 | 드론4 목적지65 | 1000스텝 | 배송 60/65 | 재적재 10 | 중계율 0.23 | alpha 0.635 | step_limit
Ep 631 | 드론3 목적지20 |  612스텝 | 배송 20/20 | 재적재  3 | 중계율 0.26 | alpha 0.634 | complete
Ep 632 | 드론4 목적지38 | 1000스텝 | 배송 33/38 | 재적재  5 | 중계율 0.27 | alpha 0.629 | step_limit
Ep 633 | 드론6 목적지67 |  477스텝 | 배송 67/67 | 재적재 12 | 중계율 0.08 | alpha 0.627 | complete
Ep 634 | 드론6 목적지47 |  423스텝 | 배송 47/47 | 재적재  7 | 중계율 0.10 | alpha 0.631 | complete
Ep 635 | 드론6 목적지30 |  310스텝 | 배송 30/30 | 재적재  3 | 중계율 0.05 | alpha 0.640 | complete
Ep 636 | 드론4 목적지29 |  620스텝 | 배송 29/29 | 재적재  4 | 중계율 0.21 | alpha 0.647 | complete
Ep 637 | 드론4 목적지71 | 1000스텝 | 배송 67/71 | 재적재 11 | 중계율 0.21 | alpha 0.656 | step_limit
Ep 638 | 드론6 목적지73 |  535스텝 | 배송 73/73 | 재적재 12 | 중계율 0.08 | alpha 0.665 | complete
Ep 639 | 드론5 목적지79 |  839스텝 | 배송 79/79 | 재적재 12 | 중계율 0.24 | alpha 0.669 | complete
Ep 640 | 드론3 목적지22 |  481스텝 | 배송 22/22 | 재적재  3 | 중계율 0.24 | alpha 0.667 | complete
Ep 641 | 드론5 목적지77 |  909스텝 | 배송 77/77 | 재적재 12 | 중계율 0.18 | alpha 0.669 | complete
Ep 642 | 드론5 목적지26 |  301스텝 | 배송 26/26 | 재적재  3 | 중계율 0.13 | alpha 0.670 | complete
Ep 643 | 드론6 목적지30 |  274스텝 | 배송 30/30 | 재적재  3 | 중계율 0.11 | alpha 0.674 | complete
Ep 644 | 드론4 목적지77 |  730스텝 | 배송 77/77 | 재적재 13 | 중계율 0.12 | alpha 0.677 | complete
Ep 645 | 드론4 목적지34 |  589스텝 | 배송 34/34 | 재적재  5 | 중계율 0.08 | alpha 0.677 | complete
Ep 646 | 드론5 목적지34 |  414스텝 | 배송 34/34 | 재적재  4 | 중계율 0.11 | alpha 0.672 | complete
Ep 647 | 드론3 목적지37 |  727스텝 | 배송 37/37 | 재적재  6 | 중계율 0.24 | alpha 0.659 | complete
Ep 648 | 드론4 목적지55 |  561스텝 | 배송 55/55 | 재적재 10 | 중계율 0.11 | alpha 0.659 | complete
Ep 649 | 드론3 목적지20 |  762스텝 | 배송 20/20 | 재적재  2 | 중계율 0.32 | alpha 0.654 | complete
Ep 650 | 드론5 목적지37 |  384스텝 | 배송 37/37 | 재적재  5 | 중계율 0.07 | alpha 0.650 | complete
  [홀드아웃] 배송 50.0±0.0 완주 1.00 스텝 976 점수 106.7 재적재 8.1 2홉+ 0.62 | 최고 107.0@ep550 정체 2/15
Ep 651 | 드론3 목적지77 | 1000스텝 | 배송 64/77 | 재적재 12 | 중계율 0.23 | alpha 0.629 | step_limit
Ep 652 | 드론6 목적지57 |  410스텝 | 배송 57/57 | 재적재  9 | 중계율 0.12 | alpha 0.621 | complete
Ep 653 | 드론5 목적지38 |  408스텝 | 배송 38/38 | 재적재  6 | 중계율 0.12 | alpha 0.616 | complete
Ep 654 | 드론6 목적지45 |  354스텝 | 배송 45/45 | 재적재  6 | 중계율 0.10 | alpha 0.615 | complete
Ep 655 | 드론3 목적지40 |  708스텝 | 배송 40/40 | 재적재  7 | 중계율 0.20 | alpha 0.625 | complete
Ep 656 | 드론5 목적지31 |  379스텝 | 배송 31/31 | 재적재  4 | 중계율 0.13 | alpha 0.631 | complete
Ep 657 | 드론5 목적지26 |  445스텝 | 배송 26/26 | 재적재  3 | 중계율 0.16 | alpha 0.636 | complete
Ep 658 | 드론4 목적지39 |  621스텝 | 배송 39/39 | 재적재  5 | 중계율 0.25 | alpha 0.638 | complete
Ep 659 | 드론4 목적지51 |  856스텝 | 배송 51/51 | 재적재  8 | 중계율 0.19 | alpha 0.644 | complete
Ep 660 | 드론4 목적지51 |  750스텝 | 배송 51/51 | 재적재  9 | 중계율 0.17 | alpha 0.636 | complete
Ep 661 | 드론3 목적지38 |  914스텝 | 배송 38/38 | 재적재  6 | 중계율 0.28 | alpha 0.628 | complete
Ep 662 | 드론5 목적지43 |  494스텝 | 배송 43/43 | 재적재  7 | 중계율 0.15 | alpha 0.627 | complete
Ep 663 | 드론5 목적지57 |  707스텝 | 배송 57/57 | 재적재  9 | 중계율 0.16 | alpha 0.628 | complete
Ep 664 | 드론4 목적지27 |  467스텝 | 배송 27/27 | 재적재  3 | 중계율 0.21 | alpha 0.631 | complete
Ep 665 | 드론6 목적지59 |  401스텝 | 배송 59/59 | 재적재  8 | 중계율 0.09 | alpha 0.629 | complete
Ep 666 | 드론4 목적지72 |  889스텝 | 배송 72/72 | 재적재 13 | 중계율 0.20 | alpha 0.632 | complete
Ep 667 | 드론5 목적지45 |  451스텝 | 배송 45/45 | 재적재  7 | 중계율 0.16 | alpha 0.633 | complete
Ep 668 | 드론3 목적지65 | 1000스텝 | 배송 60/65 | 재적재 11 | 중계율 0.21 | alpha 0.630 | step_limit
Ep 669 | 드론4 목적지66 | 1000스텝 | 배송 64/66 | 재적재 11 | 중계율 0.16 | alpha 0.622 | step_limit
Ep 670 | 드론6 목적지77 |  841스텝 | 배송 77/77 | 재적재 13 | 중계율 0.21 | alpha 0.617 | complete
Ep 671 | 드론5 목적지58 |  818스텝 | 배송 58/58 | 재적재  8 | 중계율 0.26 | alpha 0.618 | complete
Ep 672 | 드론3 목적지43 | 1000스텝 | 배송 38/43 | 재적재  7 | 중계율 0.23 | alpha 0.606 | step_limit
Ep 673 | 드론6 목적지68 |  570스텝 | 배송 68/68 | 재적재 12 | 중계율 0.18 | alpha 0.601 | complete
Ep 674 | 드론3 목적지52 | 1000스텝 | 배송 45/52 | 재적재  7 | 중계율 0.23 | alpha 0.603 | step_limit
Ep 675 | 드론4 목적지42 | 1000스텝 | 배송 41/42 | 재적재  8 | 중계율 0.31 | alpha 0.583 | step_limit
Ep 676 | 드론3 목적지45 |  620스텝 | 배송 45/45 | 재적재  7 | 중계율 0.15 | alpha 0.577 | complete
Ep 677 | 드론3 목적지41 |  832스텝 | 배송 41/41 | 재적재  7 | 중계율 0.25 | alpha 0.572 | complete
Ep 678 | 드론6 목적지79 |  648스텝 | 배송 79/79 | 재적재 13 | 중계율 0.20 | alpha 0.574 | complete
Ep 679 | 드론4 목적지24 |  509스텝 | 배송 24/24 | 재적재  3 | 중계율 0.26 | alpha 0.572 | complete
Ep 680 | 드론4 목적지52 |  758스텝 | 배송 52/52 | 재적재  8 | 중계율 0.26 | alpha 0.575 | complete
Ep 681 | 드론5 목적지77 |  839스텝 | 배송 77/77 | 재적재 14 | 중계율 0.19 | alpha 0.567 | complete
Ep 682 | 드론4 목적지49 |  665스텝 | 배송 49/49 | 재적재  8 | 중계율 0.14 | alpha 0.559 | complete
Ep 683 | 드론5 목적지63 |  718스텝 | 배송 63/63 | 재적재 10 | 중계율 0.19 | alpha 0.556 | complete
Ep 684 | 드론4 목적지37 |  571스텝 | 배송 37/37 | 재적재  5 | 중계율 0.19 | alpha 0.555 | complete
Ep 685 | 드론6 목적지56 |  526스텝 | 배송 56/56 | 재적재  8 | 중계율 0.16 | alpha 0.555 | complete
Ep 686 | 드론3 목적지28 |  551스텝 | 배송 28/28 | 재적재  4 | 중계율 0.22 | alpha 0.554 | complete
Ep 687 | 드론6 목적지77 |  524스텝 | 배송 77/77 | 재적재 14 | 중계율 0.07 | alpha 0.551 | complete
Ep 688 | 드론4 목적지45 |  647스텝 | 배송 45/45 | 재적재  7 | 중계율 0.18 | alpha 0.556 | complete
Ep 689 | 드론5 목적지70 |  743스텝 | 배송 70/70 | 재적재 13 | 중계율 0.14 | alpha 0.552 | complete
Ep 690 | 드론6 목적지62 |  629스텝 | 배송 62/62 | 재적재 11 | 중계율 0.16 | alpha 0.549 | complete
Ep 691 | 드론3 목적지31 |  886스텝 | 배송 31/31 | 재적재  5 | 중계율 0.26 | alpha 0.539 | complete
Ep 692 | 드론6 목적지61 |  628스텝 | 배송 61/61 | 재적재 11 | 중계율 0.14 | alpha 0.542 | complete
Ep 693 | 드론6 목적지60 |  507스텝 | 배송 60/60 | 재적재  9 | 중계율 0.12 | alpha 0.538 | complete
Ep 694 | 드론4 목적지33 |  489스텝 | 배송 33/33 | 재적재  4 | 중계율 0.19 | alpha 0.527 | complete
Ep 695 | 드론4 목적지29 |  499스텝 | 배송 29/29 | 재적재  2 | 중계율 0.20 | alpha 0.522 | complete
Ep 696 | 드론6 목적지28 |  468스텝 | 배송 28/28 | 재적재  3 | 중계율 0.15 | alpha 0.524 | complete
Ep 697 | 드론6 목적지35 |  310스텝 | 배송 35/35 | 재적재  4 | 중계율 0.14 | alpha 0.522 | complete
Ep 698 | 드론4 목적지32 |  772스텝 | 배송 32/32 | 재적재  4 | 중계율 0.23 | alpha 0.518 | complete
Ep 699 | 드론3 목적지62 | 1000스텝 | 배송 54/62 | 재적재 10 | 중계율 0.18 | alpha 0.516 | step_limit
Ep 700 | 드론4 목적지61 |  764스텝 | 배송 61/61 | 재적재  9 | 중계율 0.17 | alpha 0.509 | complete
  [홀드아웃] 배송 50.0±0.0 완주 1.00 스텝 980 점수 106.7 재적재 8.4 2홉+ 0.63 | 최고 107.0@ep550 정체 3/15
Ep 701 | 드론6 목적지72 |  527스텝 | 배송 72/72 | 재적재 12 | 중계율 0.09 | alpha 0.505 | complete
Ep 702 | 드론6 목적지34 |  437스텝 | 배송 34/34 | 재적재  5 | 중계율 0.17 | alpha 0.507 | complete
Ep 703 | 드론6 목적지32 |  309스텝 | 배송 32/32 | 재적재  3 | 중계율 0.14 | alpha 0.508 | complete
Ep 704 | 드론5 목적지74 |  586스텝 | 배송 74/74 | 재적재 13 | 중계율 0.12 | alpha 0.508 | complete
Ep 705 | 드론3 목적지38 |  810스텝 | 배송 38/38 | 재적재  6 | 중계율 0.20 | alpha 0.509 | complete
Ep 706 | 드론6 목적지30 |  196스텝 | 배송 30/30 | 재적재  2 | 중계율 0.12 | alpha 0.508 | complete
Ep 707 | 드론5 목적지31 |  338스텝 | 배송 31/31 | 재적재  4 | 중계율 0.17 | alpha 0.507 | complete
Ep 708 | 드론4 목적지63 |  838스텝 | 배송 63/63 | 재적재 10 | 중계율 0.19 | alpha 0.502 | complete
Ep 709 | 드론4 목적지20 |  538스텝 | 배송 20/20 | 재적재  1 | 중계율 0.26 | alpha 0.501 | complete
Ep 710 | 드론5 목적지78 |  806스텝 | 배송 78/78 | 재적재 12 | 중계율 0.13 | alpha 0.499 | complete
Ep 711 | 드론6 목적지58 |  959스텝 | 배송 58/58 | 재적재 10 | 중계율 0.23 | alpha 0.502 | complete
Ep 712 | 드론3 목적지75 | 1000스텝 | 배송 63/75 | 재적재 10 | 중계율 0.23 | alpha 0.510 | step_limit
Ep 713 | 드론3 목적지69 | 1000스텝 | 배송 63/69 | 재적재 11 | 중계율 0.15 | alpha 0.511 | step_limit
Ep 714 | 드론3 목적지36 |  959스텝 | 배송 36/36 | 재적재  6 | 중계율 0.32 | alpha 0.515 | complete
Ep 715 | 드론3 목적지65 | 1000스텝 | 배송 57/65 | 재적재 10 | 중계율 0.23 | alpha 0.522 | step_limit
Ep 716 | 드론6 목적지36 |  370스텝 | 배송 36/36 | 재적재  5 | 중계율 0.11 | alpha 0.527 | complete
Ep 717 | 드론6 목적지56 |  578스텝 | 배송 56/56 | 재적재  8 | 중계율 0.15 | alpha 0.533 | complete
Ep 718 | 드론4 목적지69 | 1000스텝 | 배송 67/69 | 재적재 13 | 중계율 0.19 | alpha 0.538 | step_limit
Ep 719 | 드론4 목적지21 |  335스텝 | 배송 21/21 | 재적재  3 | 중계율 0.16 | alpha 0.539 | complete
Ep 720 | 드론6 목적지45 |  450스텝 | 배송 45/45 | 재적재  8 | 중계율 0.12 | alpha 0.542 | complete
Ep 721 | 드론3 목적지30 |  545스텝 | 배송 30/30 | 재적재  4 | 중계율 0.24 | alpha 0.540 | complete
Ep 722 | 드론6 목적지47 |  447스텝 | 배송 47/47 | 재적재  8 | 중계율 0.12 | alpha 0.541 | complete
Ep 723 | 드론3 목적지51 |  847스텝 | 배송 51/51 | 재적재  8 | 중계율 0.23 | alpha 0.538 | complete
Ep 724 | 드론5 목적지57 |  618스텝 | 배송 57/57 | 재적재  9 | 중계율 0.20 | alpha 0.538 | complete
Ep 725 | 드론5 목적지29 |  347스텝 | 배송 29/29 | 재적재  5 | 중계율 0.15 | alpha 0.532 | complete
Ep 726 | 드론6 목적지69 |  539스텝 | 배송 69/69 | 재적재 12 | 중계율 0.13 | alpha 0.524 | complete
Ep 727 | 드론5 목적지36 |  656스텝 | 배송 36/36 | 재적재  7 | 중계율 0.23 | alpha 0.522 | complete
Ep 728 | 드론4 목적지74 | 1000스텝 | 배송 69/74 | 재적재 12 | 중계율 0.27 | alpha 0.515 | step_limit
Ep 729 | 드론6 목적지64 |  514스텝 | 배송 64/64 | 재적재  9 | 중계율 0.14 | alpha 0.518 | complete
Ep 730 | 드론4 목적지70 |  725스텝 | 배송 70/70 | 재적재 12 | 중계율 0.14 | alpha 0.522 | complete
Ep 731 | 드론3 목적지48 | 1000스텝 | 배송 46/48 | 재적재  8 | 중계율 0.23 | alpha 0.521 | step_limit
Ep 732 | 드론5 목적지37 |  547스텝 | 배송 37/37 | 재적재  7 | 중계율 0.20 | alpha 0.519 | complete
Ep 733 | 드론5 목적지67 |  607스텝 | 배송 67/67 | 재적재 11 | 중계율 0.13 | alpha 0.511 | complete
Ep 734 | 드론6 목적지54 |  775스텝 | 배송 54/54 | 재적재  7 | 중계율 0.25 | alpha 0.508 | complete
Ep 735 | 드론5 목적지57 |  773스텝 | 배송 57/57 | 재적재  9 | 중계율 0.24 | alpha 0.511 | complete
Ep 736 | 드론6 목적지39 |  300스텝 | 배송 39/39 | 재적재  5 | 중계율 0.08 | alpha 0.511 | complete
Ep 737 | 드론4 목적지29 |  575스텝 | 배송 29/29 | 재적재  4 | 중계율 0.15 | alpha 0.510 | complete
Ep 738 | 드론6 목적지68 |  596스텝 | 배송 68/68 | 재적재 11 | 중계율 0.11 | alpha 0.511 | complete
Ep 739 | 드론4 목적지20 |  658스텝 | 배송 20/20 | 재적재  2 | 중계율 0.32 | alpha 0.514 | complete
Ep 740 | 드론3 목적지69 | 1000스텝 | 배송 50/69 | 재적재  8 | 중계율 0.27 | alpha 0.505 | step_limit
Ep 741 | 드론6 목적지41 |  393스텝 | 배송 41/41 | 재적재  4 | 중계율 0.13 | alpha 0.505 | complete
Ep 742 | 드론4 목적지78 | 1000스텝 | 배송 77/78 | 재적재 14 | 중계율 0.21 | alpha 0.514 | step_limit
Ep 743 | 드론3 목적지39 |  861스텝 | 배송 39/39 | 재적재  5 | 중계율 0.28 | alpha 0.515 | complete
Ep 744 | 드론4 목적지57 |  912스텝 | 배송 57/57 | 재적재  9 | 중계율 0.21 | alpha 0.508 | complete
Ep 745 | 드론3 목적지76 | 1000스텝 | 배송 74/76 | 재적재 13 | 중계율 0.20 | alpha 0.512 | step_limit
Ep 746 | 드론4 목적지69 | 1000스텝 | 배송 60/69 | 재적재 10 | 중계율 0.23 | alpha 0.505 | step_limit
Ep 747 | 드론4 목적지33 |  389스텝 | 배송 33/33 | 재적재  4 | 중계율 0.12 | alpha 0.495 | complete
Ep 748 | 드론3 목적지30 |  500스텝 | 배송 30/30 | 재적재  4 | 중계율 0.16 | alpha 0.496 | complete
Ep 749 | 드론5 목적지32 |  343스텝 | 배송 32/32 | 재적재  5 | 중계율 0.16 | alpha 0.495 | complete
Ep 750 | 드론5 목적지61 |  536스텝 | 배송 61/61 | 재적재  9 | 중계율 0.12 | alpha 0.502 | complete
  [홀드아웃] 배송 49.9±0.6 완주 0.93 스텝 998 점수 99.2 재적재 8.2 2홉+ 0.62 | 최고 107.0@ep550 정체 4/15
Ep 751 | 드론5 목적지34 |  388스텝 | 배송 34/34 | 재적재  5 | 중계율 0.16 | alpha 0.506 | complete
Ep 752 | 드론6 목적지69 |  535스텝 | 배송 69/69 | 재적재 11 | 중계율 0.13 | alpha 0.509 | complete
Ep 753 | 드론4 목적지80 | 1000스텝 | 배송 77/80 | 재적재 14 | 중계율 0.18 | alpha 0.510 | step_limit
Ep 754 | 드론4 목적지29 |  442스텝 | 배송 29/29 | 재적재  4 | 중계율 0.12 | alpha 0.514 | complete
Ep 755 | 드론3 목적지43 |  730스텝 | 배송 43/43 | 재적재  6 | 중계율 0.11 | alpha 0.520 | complete
Ep 756 | 드론6 목적지30 |  309스텝 | 배송 30/30 | 재적재  3 | 중계율 0.13 | alpha 0.520 | complete
Ep 757 | 드론6 목적지37 |  382스텝 | 배송 37/37 | 재적재  6 | 중계율 0.11 | alpha 0.518 | complete
Ep 758 | 드론4 목적지51 |  750스텝 | 배송 51/51 | 재적재  9 | 중계율 0.19 | alpha 0.513 | complete
Ep 759 | 드론5 목적지23 |  263스텝 | 배송 23/23 | 재적재  2 | 중계율 0.13 | alpha 0.517 | complete
Ep 760 | 드론5 목적지60 |  826스텝 | 배송 60/60 | 재적재  9 | 중계율 0.21 | alpha 0.514 | complete
Ep 761 | 드론3 목적지77 | 1000스텝 | 배송 60/77 | 재적재 11 | 중계율 0.27 | alpha 0.516 | step_limit
Ep 762 | 드론5 목적지26 |  332스텝 | 배송 26/26 | 재적재  3 | 중계율 0.16 | alpha 0.517 | complete
Ep 763 | 드론5 목적지70 |  643스텝 | 배송 70/70 | 재적재 12 | 중계율 0.14 | alpha 0.513 | complete
Ep 764 | 드론6 목적지32 |  486스텝 | 배송 32/32 | 재적재  3 | 중계율 0.25 | alpha 0.512 | complete
Ep 765 | 드론5 목적지23 |  442스텝 | 배송 23/23 | 재적재  2 | 중계율 0.15 | alpha 0.509 | complete
Ep 766 | 드론6 목적지51 |  354스텝 | 배송 51/51 | 재적재  6 | 중계율 0.12 | alpha 0.507 | complete
Ep 767 | 드론4 목적지49 |  676스텝 | 배송 49/49 | 재적재  7 | 중계율 0.17 | alpha 0.502 | complete
Ep 768 | 드론3 목적지72 | 1000스텝 | 배송 60/72 | 재적재 10 | 중계율 0.22 | alpha 0.487 | step_limit
Ep 769 | 드론6 목적지22 |  206스텝 | 배송 22/22 | 재적재  1 | 중계율 0.12 | alpha 0.484 | complete
Ep 770 | 드론6 목적지53 |  388스텝 | 배송 53/53 | 재적재  8 | 중계율 0.07 | alpha 0.481 | complete
Ep 771 | 드론5 목적지38 |  558스텝 | 배송 38/38 | 재적재  7 | 중계율 0.19 | alpha 0.479 | complete
Ep 772 | 드론4 목적지36 |  492스텝 | 배송 36/36 | 재적재  5 | 중계율 0.19 | alpha 0.476 | complete
Ep 773 | 드론6 목적지21 |  163스텝 | 배송 21/21 | 재적재  0 | 중계율 0.17 | alpha 0.474 | complete
Ep 774 | 드론6 목적지46 |  379스텝 | 배송 46/46 | 재적재  6 | 중계율 0.10 | alpha 0.478 | complete
Ep 775 | 드론6 목적지41 |  343스텝 | 배송 41/41 | 재적재  4 | 중계율 0.11 | alpha 0.476 | complete
Ep 776 | 드론5 목적지48 |  677스텝 | 배송 48/48 | 재적재  9 | 중계율 0.19 | alpha 0.480 | complete
Ep 777 | 드론4 목적지20 |  397스텝 | 배송 20/20 | 재적재  1 | 중계율 0.27 | alpha 0.479 | complete
Ep 778 | 드론5 목적지57 |  810스텝 | 배송 57/57 | 재적재 10 | 중계율 0.23 | alpha 0.481 | complete
Ep 779 | 드론6 목적지79 |  860스텝 | 배송 79/79 | 재적재 14 | 중계율 0.21 | alpha 0.489 | complete
Ep 780 | 드론3 목적지68 | 1000스텝 | 배송 60/68 | 재적재  9 | 중계율 0.23 | alpha 0.496 | step_limit
Ep 781 | 드론5 목적지50 |  374스텝 | 배송 50/50 | 재적재  9 | 중계율 0.09 | alpha 0.501 | complete
Ep 782 | 드론5 목적지45 |  641스텝 | 배송 45/45 | 재적재  6 | 중계율 0.24 | alpha 0.507 | complete
Ep 783 | 드론3 목적지28 |  552스텝 | 배송 28/28 | 재적재  4 | 중계율 0.22 | alpha 0.507 | complete
Ep 784 | 드론6 목적지58 |  637스텝 | 배송 58/58 | 재적재 10 | 중계율 0.15 | alpha 0.508 | complete
Ep 785 | 드론4 목적지49 |  561스텝 | 배송 49/49 | 재적재  7 | 중계율 0.17 | alpha 0.509 | complete
Ep 786 | 드론4 목적지53 | 1000스텝 | 배송 51/53 | 재적재  8 | 중계율 0.26 | alpha 0.511 | step_limit
Ep 787 | 드론4 목적지47 |  684스텝 | 배송 47/47 | 재적재  7 | 중계율 0.22 | alpha 0.514 | complete
Ep 788 | 드론6 목적지75 |  690스텝 | 배송 75/75 | 재적재 14 | 중계율 0.16 | alpha 0.524 | complete
Ep 789 | 드론3 목적지79 | 1000스텝 | 배송 68/79 | 재적재 13 | 중계율 0.19 | alpha 0.534 | step_limit
Ep 790 | 드론3 목적지65 | 1000스텝 | 배송 62/65 | 재적재 11 | 중계율 0.24 | alpha 0.534 | step_limit
Ep 791 | 드론3 목적지21 |  479스텝 | 배송 21/21 | 재적재  3 | 중계율 0.12 | alpha 0.527 | complete
Ep 792 | 드론4 목적지50 |  544스텝 | 배송 50/50 | 재적재  8 | 중계율 0.09 | alpha 0.523 | complete
Ep 793 | 드론6 목적지27 |  234스텝 | 배송 27/27 | 재적재  3 | 중계율 0.10 | alpha 0.526 | complete
Ep 794 | 드론3 목적지74 | 1000스텝 | 배송 64/74 | 재적재 11 | 중계율 0.22 | alpha 0.539 | step_limit
Ep 795 | 드론3 목적지58 | 1000스텝 | 배송 51/58 | 재적재  9 | 중계율 0.20 | alpha 0.541 | step_limit
Ep 796 | 드론4 목적지23 |  481스텝 | 배송 23/23 | 재적재  2 | 중계율 0.28 | alpha 0.541 | complete
Ep 797 | 드론5 목적지34 |  322스텝 | 배송 34/34 | 재적재  5 | 중계율 0.06 | alpha 0.538 | complete
Ep 798 | 드론4 목적지60 |  716스텝 | 배송 60/60 | 재적재 11 | 중계율 0.14 | alpha 0.550 | complete
Ep 799 | 드론3 목적지33 |  565스텝 | 배송 33/33 | 재적재  5 | 중계율 0.22 | alpha 0.562 | complete
Ep 800 | 드론5 목적지50 |  400스텝 | 배송 50/50 | 재적재  7 | 중계율 0.13 | alpha 0.565 | complete
  [홀드아웃] 배송 50.0±0.2 완주 0.97 스텝 966 점수 104.3 재적재 8.2 2홉+ 0.62 | 최고 107.0@ep550 정체 5/15
Ep 801 | 드론5 목적지57 |  855스텝 | 배송 57/57 | 재적재  9 | 중계율 0.20 | alpha 0.571 | complete
Ep 802 | 드론4 목적지68 | 1000스텝 | 배송 65/68 | 재적재 12 | 중계율 0.20 | alpha 0.567 | step_limit
Ep 803 | 드론4 목적지80 |  903스텝 | 배송 80/80 | 재적재 14 | 중계율 0.17 | alpha 0.562 | complete
Ep 804 | 드론6 목적지65 |  513스텝 | 배송 65/65 | 재적재 10 | 중계율 0.13 | alpha 0.566 | complete
Ep 805 | 드론6 목적지78 |  577스텝 | 배송 78/78 | 재적재 13 | 중계율 0.12 | alpha 0.568 | complete
Ep 806 | 드론6 목적지73 |  501스텝 | 배송 73/73 | 재적재 11 | 중계율 0.11 | alpha 0.573 | complete
Ep 807 | 드론6 목적지69 |  595스텝 | 배송 69/69 | 재적재 12 | 중계율 0.12 | alpha 0.569 | complete
Ep 808 | 드론4 목적지26 |  484스텝 | 배송 26/26 | 재적재  3 | 중계율 0.24 | alpha 0.573 | complete
Ep 809 | 드론4 목적지70 |  885스텝 | 배송 70/70 | 재적재 11 | 중계율 0.17 | alpha 0.584 | complete
Ep 810 | 드론4 목적지68 |  790스텝 | 배송 68/68 | 재적재 13 | 중계율 0.14 | alpha 0.576 | complete
Ep 811 | 드론3 목적지58 |  944스텝 | 배송 58/58 | 재적재 10 | 중계율 0.16 | alpha 0.579 | complete
Ep 812 | 드론4 목적지33 |  404스텝 | 배송 33/33 | 재적재  5 | 중계율 0.14 | alpha 0.591 | complete
Ep 813 | 드론4 목적지41 |  806스텝 | 배송 41/41 | 재적재  7 | 중계율 0.20 | alpha 0.604 | complete
Ep 814 | 드론4 목적지24 |  607스텝 | 배송 24/24 | 재적재  3 | 중계율 0.25 | alpha 0.610 | complete
Ep 815 | 드론3 목적지38 |  811스텝 | 배송 38/38 | 재적재  6 | 중계율 0.18 | alpha 0.607 | complete
Ep 816 | 드론3 목적지25 |  735스텝 | 배송 25/25 | 재적재  4 | 중계율 0.23 | alpha 0.605 | complete
Ep 817 | 드론4 목적지53 |  712스텝 | 배송 53/53 | 재적재  9 | 중계율 0.12 | alpha 0.604 | complete
Ep 818 | 드론5 목적지28 |  498스텝 | 배송 28/28 | 재적재  4 | 중계율 0.16 | alpha 0.594 | complete
Ep 819 | 드론6 목적지23 |  221스텝 | 배송 23/23 | 재적재  1 | 중계율 0.15 | alpha 0.597 | complete
Ep 820 | 드론4 목적지74 | 1000스텝 | 배송 72/74 | 재적재 13 | 중계율 0.24 | alpha 0.601 | step_limit
Ep 821 | 드론4 목적지79 | 1000스텝 | 배송 78/79 | 재적재 13 | 중계율 0.21 | alpha 0.607 | step_limit
Ep 822 | 드론4 목적지20 |  318스텝 | 배송 20/20 | 재적재  2 | 중계율 0.20 | alpha 0.607 | complete
Ep 823 | 드론5 목적지61 |  629스텝 | 배송 61/61 | 재적재  9 | 중계율 0.18 | alpha 0.609 | complete
Ep 824 | 드론3 목적지25 |  789스텝 | 배송 25/25 | 재적재  4 | 중계율 0.24 | alpha 0.610 | complete
Ep 825 | 드론3 목적지41 |  807스텝 | 배송 41/41 | 재적재  6 | 중계율 0.23 | alpha 0.609 | complete
Ep 826 | 드론3 목적지53 | 1000스텝 | 배송 48/53 | 재적재  8 | 중계율 0.27 | alpha 0.622 | step_limit
Ep 827 | 드론4 목적지44 | 1000스텝 | 배송 43/44 | 재적재  7 | 중계율 0.19 | alpha 0.629 | step_limit
Ep 828 | 드론4 목적지24 |  428스텝 | 배송 24/24 | 재적재  3 | 중계율 0.21 | alpha 0.634 | complete
Ep 829 | 드론6 목적지53 |  521스텝 | 배송 53/53 | 재적재  7 | 중계율 0.15 | alpha 0.636 | complete
Ep 830 | 드론6 목적지66 |  564스텝 | 배송 66/66 | 재적재 11 | 중계율 0.15 | alpha 0.641 | complete
Ep 831 | 드론5 목적지69 |  618스텝 | 배송 69/69 | 재적재 11 | 중계율 0.13 | alpha 0.648 | complete
Ep 832 | 드론5 목적지69 |  685스텝 | 배송 69/69 | 재적재 10 | 중계율 0.11 | alpha 0.652 | complete
Ep 833 | 드론6 목적지72 |  680스텝 | 배송 72/72 | 재적재 12 | 중계율 0.16 | alpha 0.657 | complete
Ep 834 | 드론4 목적지71 | 1000스텝 | 배송 69/71 | 재적재 10 | 중계율 0.27 | alpha 0.657 | step_limit
Ep 835 | 드론3 목적지56 |  867스텝 | 배송 56/56 | 재적재 10 | 중계율 0.21 | alpha 0.657 | complete
Ep 836 | 드론6 목적지30 |  387스텝 | 배송 30/30 | 재적재  4 | 중계율 0.17 | alpha 0.655 | complete
Ep 837 | 드론3 목적지73 | 1000스텝 | 배송 55/73 | 재적재  9 | 중계율 0.23 | alpha 0.648 | step_limit
Ep 838 | 드론5 목적지56 |  617스텝 | 배송 56/56 | 재적재 10 | 중계율 0.11 | alpha 0.650 | complete
Ep 839 | 드론4 목적지20 |  362스텝 | 배송 20/20 | 재적재  2 | 중계율 0.15 | alpha 0.647 | complete
Ep 840 | 드론3 목적지33 |  485스텝 | 배송 33/33 | 재적재  5 | 중계율 0.08 | alpha 0.644 | complete
Ep 841 | 드론4 목적지31 |  568스텝 | 배송 31/31 | 재적재  5 | 중계율 0.22 | alpha 0.638 | complete
Ep 842 | 드론3 목적지68 | 1000스텝 | 배송 63/68 | 재적재 12 | 중계율 0.21 | alpha 0.625 | step_limit
Ep 843 | 드론6 목적지51 |  661스텝 | 배송 51/51 | 재적재  8 | 중계율 0.19 | alpha 0.618 | complete
Ep 844 | 드론4 목적지37 |  574스텝 | 배송 37/37 | 재적재  5 | 중계율 0.17 | alpha 0.610 | complete
Ep 845 | 드론6 목적지74 |  502스텝 | 배송 74/74 | 재적재 12 | 중계율 0.08 | alpha 0.611 | complete
Ep 846 | 드론3 목적지32 |  555스텝 | 배송 32/32 | 재적재  5 | 중계율 0.13 | alpha 0.611 | complete
Ep 847 | 드론5 목적지25 |  337스텝 | 배송 25/25 | 재적재  2 | 중계율 0.12 | alpha 0.613 | complete
Ep 848 | 드론3 목적지44 |  973스텝 | 배송 44/44 | 재적재  8 | 중계율 0.24 | alpha 0.619 | complete
Ep 849 | 드론5 목적지28 |  443스텝 | 배송 28/28 | 재적재  3 | 중계율 0.15 | alpha 0.619 | complete
Ep 850 | 드론3 목적지47 |  786스텝 | 배송 47/47 | 재적재  9 | 중계율 0.15 | alpha 0.626 | complete
  [홀드아웃] 배송 49.8±0.7 완주 0.93 스텝 985 점수 99.2 재적재 8.2 2홉+ 0.62 | 최고 107.0@ep550 정체 6/15
Ep 851 | 드론3 목적지39 |  686스텝 | 배송 39/39 | 재적재  6 | 중계율 0.15 | alpha 0.624 | complete
Ep 852 | 드론4 목적지68 | 1000스텝 | 배송 52/68 | 재적재  9 | 중계율 0.19 | alpha 0.614 | step_limit
Ep 853 | 드론4 목적지65 | 1000스텝 | 배송 61/65 | 재적재 10 | 중계율 0.25 | alpha 0.612 | step_limit
Ep 854 | 드론5 목적지61 |  621스텝 | 배송 61/61 | 재적재  9 | 중계율 0.15 | alpha 0.613 | complete
Ep 855 | 드론5 목적지22 |  284스텝 | 배송 22/22 | 재적재  2 | 중계율 0.18 | alpha 0.611 | complete
Ep 856 | 드론5 목적지59 |  501스텝 | 배송 59/59 | 재적재  9 | 중계율 0.11 | alpha 0.612 | complete
Ep 857 | 드론3 목적지69 | 1000스텝 | 배송 58/69 | 재적재 11 | 중계율 0.20 | alpha 0.616 | step_limit
Ep 858 | 드론6 목적지35 |  281스텝 | 배송 35/35 | 재적재  5 | 중계율 0.09 | alpha 0.624 | complete
Ep 859 | 드론3 목적지20 |  576스텝 | 배송 20/20 | 재적재  3 | 중계율 0.23 | alpha 0.628 | complete
Ep 860 | 드론5 목적지42 |  602스텝 | 배송 42/42 | 재적재  6 | 중계율 0.16 | alpha 0.638 | complete
Ep 861 | 드론4 목적지58 |  674스텝 | 배송 58/58 | 재적재 10 | 중계율 0.15 | alpha 0.646 | complete
Ep 862 | 드론3 목적지39 |  639스텝 | 배송 39/39 | 재적재  5 | 중계율 0.24 | alpha 0.658 | complete
Ep 863 | 드론5 목적지77 |  725스텝 | 배송 77/77 | 재적재 13 | 중계율 0.15 | alpha 0.656 | complete
Ep 864 | 드론6 목적지37 |  553스텝 | 배송 37/37 | 재적재  7 | 중계율 0.23 | alpha 0.658 | complete
Ep 865 | 드론4 목적지33 |  712스텝 | 배송 33/33 | 재적재  4 | 중계율 0.23 | alpha 0.658 | complete
Ep 866 | 드론5 목적지40 |  401스텝 | 배송 40/40 | 재적재  6 | 중계율 0.11 | alpha 0.659 | complete
Ep 867 | 드론6 목적지34 |  278스텝 | 배송 34/34 | 재적재  3 | 중계율 0.14 | alpha 0.659 | complete
Ep 868 | 드론3 목적지34 |  665스텝 | 배송 34/34 | 재적재  5 | 중계율 0.25 | alpha 0.663 | complete
Ep 869 | 드론3 목적지76 | 1000스텝 | 배송 67/76 | 재적재 12 | 중계율 0.15 | alpha 0.680 | step_limit
Ep 870 | 드론4 목적지42 |  680스텝 | 배송 42/42 | 재적재  6 | 중계율 0.19 | alpha 0.681 | complete
Ep 871 | 드론3 목적지47 |  788스텝 | 배송 47/47 | 재적재  9 | 중계율 0.23 | alpha 0.679 | complete
Ep 872 | 드론5 목적지22 |  206스텝 | 배송 22/22 | 재적재  1 | 중계율 0.07 | alpha 0.676 | complete
Ep 873 | 드론5 목적지60 |  821스텝 | 배송 60/60 | 재적재 10 | 중계율 0.17 | alpha 0.669 | complete
Ep 874 | 드론6 목적지45 |  440스텝 | 배송 45/45 | 재적재  6 | 중계율 0.14 | alpha 0.667 | complete
Ep 875 | 드론6 목적지32 |  301스텝 | 배송 32/32 | 재적재  5 | 중계율 0.10 | alpha 0.669 | complete
Ep 876 | 드론3 목적지49 |  680스텝 | 배송 49/49 | 재적재  8 | 중계율 0.13 | alpha 0.668 | complete
Ep 877 | 드론6 목적지77 |  543스텝 | 배송 77/77 | 재적재 12 | 중계율 0.13 | alpha 0.669 | complete
Ep 878 | 드론5 목적지44 |  836스텝 | 배송 44/44 | 재적재  7 | 중계율 0.23 | alpha 0.661 | complete
Ep 879 | 드론3 목적지79 | 1000스텝 | 배송 67/79 | 재적재 13 | 중계율 0.26 | alpha 0.659 | step_limit
Ep 880 | 드론5 목적지32 |  321스텝 | 배송 32/32 | 재적재  5 | 중계율 0.10 | alpha 0.665 | complete
Ep 881 | 드론6 목적지74 |  698스텝 | 배송 74/74 | 재적재 11 | 중계율 0.17 | alpha 0.662 | complete
Ep 882 | 드론4 목적지76 | 1000스텝 | 배송 72/76 | 재적재 13 | 중계율 0.19 | alpha 0.654 | step_limit
Ep 883 | 드론6 목적지50 |  648스텝 | 배송 50/50 | 재적재  7 | 중계율 0.18 | alpha 0.638 | complete
Ep 884 | 드론6 목적지56 |  414스텝 | 배송 56/56 | 재적재  8 | 중계율 0.09 | alpha 0.632 | complete
Ep 885 | 드론3 목적지44 |  752스텝 | 배송 44/44 | 재적재  8 | 중계율 0.17 | alpha 0.620 | complete
Ep 886 | 드론6 목적지76 |  599스텝 | 배송 76/76 | 재적재 13 | 중계율 0.08 | alpha 0.610 | complete
Ep 887 | 드론4 목적지67 |  918스텝 | 배송 67/67 | 재적재 11 | 중계율 0.17 | alpha 0.612 | complete
Ep 888 | 드론3 목적지71 | 1000스텝 | 배송 58/71 | 재적재 10 | 중계율 0.25 | alpha 0.607 | step_limit
Ep 889 | 드론3 목적지32 |  575스텝 | 배송 32/32 | 재적재  5 | 중계율 0.13 | alpha 0.603 | complete
Ep 890 | 드론5 목적지62 |  616스텝 | 배송 62/62 | 재적재 11 | 중계율 0.13 | alpha 0.613 | complete
Ep 891 | 드론3 목적지78 | 1000스텝 | 배송 70/78 | 재적재 12 | 중계율 0.22 | alpha 0.628 | step_limit
Ep 892 | 드론4 목적지39 |  575스텝 | 배송 39/39 | 재적재  6 | 중계율 0.13 | alpha 0.624 | complete
Ep 893 | 드론4 목적지65 | 1000스텝 | 배송 63/65 | 재적재 11 | 중계율 0.18 | alpha 0.619 | step_limit
Ep 894 | 드론6 목적지47 |  399스텝 | 배송 47/47 | 재적재  6 | 중계율 0.10 | alpha 0.613 | complete
Ep 895 | 드론6 목적지64 |  537스텝 | 배송 64/64 | 재적재 10 | 중계율 0.12 | alpha 0.610 | complete
Ep 896 | 드론5 목적지41 |  616스텝 | 배송 41/41 | 재적재  6 | 중계율 0.22 | alpha 0.609 | complete
Ep 897 | 드론6 목적지77 |  484스텝 | 배송 77/77 | 재적재 13 | 중계율 0.09 | alpha 0.613 | complete
Ep 898 | 드론4 목적지29 |  538스텝 | 배송 29/29 | 재적재  4 | 중계율 0.19 | alpha 0.617 | complete
Ep 899 | 드론3 목적지31 |  687스텝 | 배송 31/31 | 재적재  4 | 중계율 0.21 | alpha 0.630 | complete
Ep 900 | 드론3 목적지69 |  905스텝 | 배송 69/69 | 재적재 11 | 중계율 0.18 | alpha 0.654 | complete
  [홀드아웃] 배송 50.0±0.2 완주 0.97 스텝 944 점수 104.4 재적재 8.0 2홉+ 0.62 | 최고 107.0@ep550 정체 7/15
Ep 901 | 드론6 목적지26 |  437스텝 | 배송 26/26 | 재적재  4 | 중계율 0.16 | alpha 0.660 | complete
Ep 902 | 드론6 목적지58 |  526스텝 | 배송 58/58 | 재적재  9 | 중계율 0.12 | alpha 0.664 | complete
Ep 903 | 드론3 목적지41 | 1000스텝 | 배송 32/41 | 재적재  6 | 중계율 0.19 | alpha 0.677 | step_limit
Ep 904 | 드론6 목적지47 |  368스텝 | 배송 47/47 | 재적재  6 | 중계율 0.07 | alpha 0.681 | complete
Ep 905 | 드론3 목적지63 | 1000스텝 | 배송 57/63 | 재적재 10 | 중계율 0.26 | alpha 0.679 | step_limit
Ep 906 | 드론5 목적지64 |  805스텝 | 배송 64/64 | 재적재 12 | 중계율 0.16 | alpha 0.680 | complete
Ep 907 | 드론3 목적지80 | 1000스텝 | 배송 72/80 | 재적재 13 | 중계율 0.20 | alpha 0.679 | step_limit
Ep 908 | 드론6 목적지49 |  506스텝 | 배송 49/49 | 재적재  8 | 중계율 0.13 | alpha 0.677 | complete
Ep 909 | 드론3 목적지68 | 1000스텝 | 배송 51/68 | 재적재  9 | 중계율 0.25 | alpha 0.685 | step_limit
Ep 910 | 드론6 목적지69 |  512스텝 | 배송 69/69 | 재적재 12 | 중계율 0.18 | alpha 0.687 | complete
Ep 911 | 드론3 목적지22 |  340스텝 | 배송 22/22 | 재적재  3 | 중계율 0.12 | alpha 0.687 | complete
Ep 912 | 드론4 목적지71 | 1000스텝 | 배송 64/71 | 재적재 10 | 중계율 0.29 | alpha 0.685 | step_limit
Ep 913 | 드론3 목적지48 |  984스텝 | 배송 48/48 | 재적재  8 | 중계율 0.16 | alpha 0.684 | complete
Ep 914 | 드론3 목적지64 | 1000스텝 | 배송 57/64 | 재적재  9 | 중계율 0.25 | alpha 0.676 | step_limit
Ep 915 | 드론6 목적지58 |  520스텝 | 배송 58/58 | 재적재 11 | 중계율 0.14 | alpha 0.673 | complete
Ep 916 | 드론4 목적지21 |  320스텝 | 배송 21/21 | 재적재  2 | 중계율 0.11 | alpha 0.674 | complete
Ep 917 | 드론5 목적지75 | 1000스텝 | 배송 72/75 | 재적재 12 | 중계율 0.28 | alpha 0.682 | step_limit
Ep 918 | 드론6 목적지22 |  215스텝 | 배송 22/22 | 재적재  0 | 중계율 0.17 | alpha 0.685 | complete
Ep 919 | 드론5 목적지73 |  676스텝 | 배송 73/73 | 재적재 12 | 중계율 0.12 | alpha 0.682 | complete
Ep 920 | 드론3 목적지79 | 1000스텝 | 배송 60/79 | 재적재 10 | 중계율 0.27 | alpha 0.671 | step_limit
Ep 921 | 드론4 목적지27 |  340스텝 | 배송 27/27 | 재적재  4 | 중계율 0.11 | alpha 0.671 | complete
Ep 922 | 드론4 목적지20 |  295스텝 | 배송 20/20 | 재적재  1 | 중계율 0.16 | alpha 0.665 | complete
Ep 923 | 드론5 목적지51 |  675스텝 | 배송 51/51 | 재적재  7 | 중계율 0.16 | alpha 0.666 | complete
Ep 924 | 드론6 목적지68 |  534스텝 | 배송 68/68 | 재적재 12 | 중계율 0.14 | alpha 0.665 | complete
Ep 925 | 드론6 목적지30 |  395스텝 | 배송 30/30 | 재적재  2 | 중계율 0.18 | alpha 0.666 | complete
Ep 926 | 드론6 목적지31 |  224스텝 | 배송 31/31 | 재적재  3 | 중계율 0.09 | alpha 0.670 | complete
Ep 927 | 드론3 목적지62 | 1000스텝 | 배송 55/62 | 재적재 10 | 중계율 0.20 | alpha 0.677 | step_limit
Ep 928 | 드론3 목적지51 | 1000스텝 | 배송 50/51 | 재적재  9 | 중계율 0.25 | alpha 0.681 | step_limit
Ep 929 | 드론6 목적지34 |  251스텝 | 배송 34/34 | 재적재  2 | 중계율 0.10 | alpha 0.685 | complete
Ep 930 | 드론4 목적지57 |  660스텝 | 배송 57/57 | 재적재  9 | 중계율 0.12 | alpha 0.690 | complete
Ep 931 | 드론4 목적지52 |  772스텝 | 배송 52/52 | 재적재  9 | 중계율 0.18 | alpha 0.682 | complete
Ep 932 | 드론6 목적지27 |  334스텝 | 배송 27/27 | 재적재  3 | 중계율 0.12 | alpha 0.686 | complete
Ep 933 | 드론6 목적지71 |  698스텝 | 배송 71/71 | 재적재 11 | 중계율 0.17 | alpha 0.685 | complete
Ep 934 | 드론6 목적지65 |  714스텝 | 배송 65/65 | 재적재 11 | 중계율 0.17 | alpha 0.686 | complete
Ep 935 | 드론4 목적지29 |  497스텝 | 배송 29/29 | 재적재  4 | 중계율 0.17 | alpha 0.688 | complete
Ep 936 | 드론3 목적지44 |  860스텝 | 배송 44/44 | 재적재  7 | 중계율 0.21 | alpha 0.690 | complete
Ep 937 | 드론3 목적지22 |  598스텝 | 배송 22/22 | 재적재  2 | 중계율 0.22 | alpha 0.697 | complete
Ep 938 | 드론4 목적지44 |  781스텝 | 배송 44/44 | 재적재  7 | 중계율 0.27 | alpha 0.705 | complete
Ep 939 | 드론5 목적지68 |  931스텝 | 배송 68/68 | 재적재 11 | 중계율 0.19 | alpha 0.708 | complete
Ep 940 | 드론5 목적지43 |  683스텝 | 배송 43/43 | 재적재  7 | 중계율 0.21 | alpha 0.715 | complete
Ep 941 | 드론5 목적지73 |  847스텝 | 배송 73/73 | 재적재 11 | 중계율 0.20 | alpha 0.704 | complete
Ep 942 | 드론6 목적지26 |  187스텝 | 배송 26/26 | 재적재  0 | 중계율 0.11 | alpha 0.701 | complete
Ep 943 | 드론5 목적지28 |  442스텝 | 배송 28/28 | 재적재  3 | 중계율 0.19 | alpha 0.694 | complete
Ep 944 | 드론3 목적지79 | 1000스텝 | 배송 71/79 | 재적재 13 | 중계율 0.17 | alpha 0.696 | step_limit
Ep 945 | 드론3 목적지61 | 1000스텝 | 배송 52/61 | 재적재  9 | 중계율 0.22 | alpha 0.711 | step_limit
Ep 946 | 드론4 목적지50 |  668스텝 | 배송 50/50 | 재적재  6 | 중계율 0.23 | alpha 0.717 | complete
Ep 947 | 드론6 목적지25 |  245스텝 | 배송 25/25 | 재적재  2 | 중계율 0.11 | alpha 0.724 | complete
Ep 948 | 드론6 목적지58 |  499스텝 | 배송 58/58 | 재적재  9 | 중계율 0.14 | alpha 0.720 | complete
Ep 949 | 드론6 목적지52 |  363스텝 | 배송 52/52 | 재적재  7 | 중계율 0.12 | alpha 0.722 | complete
Ep 950 | 드론6 목적지43 |  360스텝 | 배송 43/43 | 재적재  6 | 중계율 0.10 | alpha 0.726 | complete
  [홀드아웃] 배송 49.9±0.5 완주 0.97 스텝 983 점수 104.2 재적재 8.2 2홉+ 0.62 | 최고 107.0@ep550 정체 8/15
Ep 951 | 드론5 목적지30 |  395스텝 | 배송 30/30 | 재적재  3 | 중계율 0.15 | alpha 0.731 | complete
Ep 952 | 드론3 목적지51 | 1000스텝 | 배송 48/51 | 재적재  9 | 중계율 0.25 | alpha 0.730 | step_limit
Ep 953 | 드론6 목적지43 |  566스텝 | 배송 43/43 | 재적재  6 | 중계율 0.16 | alpha 0.717 | complete
Ep 954 | 드론6 목적지80 |  777스텝 | 배송 80/80 | 재적재 13 | 중계율 0.18 | alpha 0.714 | complete
Ep 955 | 드론6 목적지46 |  411스텝 | 배송 46/46 | 재적재  6 | 중계율 0.14 | alpha 0.708 | complete
Ep 956 | 드론5 목적지37 |  418스텝 | 배송 37/37 | 재적재  5 | 중계율 0.18 | alpha 0.709 | complete
Ep 957 | 드론3 목적지52 |  891스텝 | 배송 52/52 | 재적재 10 | 중계율 0.15 | alpha 0.721 | complete
Ep 958 | 드론6 목적지46 |  511스텝 | 배송 46/46 | 재적재  6 | 중계율 0.20 | alpha 0.725 | complete
Ep 959 | 드론4 목적지46 |  742스텝 | 배송 46/46 | 재적재  7 | 중계율 0.14 | alpha 0.733 | complete
Ep 960 | 드론6 목적지66 |  454스텝 | 배송 66/66 | 재적재 10 | 중계율 0.09 | alpha 0.728 | complete
Ep 961 | 드론4 목적지76 | 1000스텝 | 배송 68/76 | 재적재 11 | 중계율 0.26 | alpha 0.730 | step_limit
Ep 962 | 드론4 목적지52 |  841스텝 | 배송 52/52 | 재적재  8 | 중계율 0.24 | alpha 0.717 | complete
Ep 963 | 드론3 목적지56 | 1000스텝 | 배송 51/56 | 재적재  8 | 중계율 0.26 | alpha 0.708 | step_limit
Ep 964 | 드론3 목적지54 |  860스텝 | 배송 54/54 | 재적재 10 | 중계율 0.15 | alpha 0.699 | complete
Ep 965 | 드론4 목적지34 |  529스텝 | 배송 34/34 | 재적재  4 | 중계율 0.25 | alpha 0.705 | complete
Ep 966 | 드론5 목적지77 |  596스텝 | 배송 77/77 | 재적재 13 | 중계율 0.10 | alpha 0.718 | complete
Ep 967 | 드론6 목적지38 |  316스텝 | 배송 38/38 | 재적재  5 | 중계율 0.07 | alpha 0.726 | complete
Ep 968 | 드론6 목적지37 |  465스텝 | 배송 37/37 | 재적재  6 | 중계율 0.18 | alpha 0.732 | complete
Ep 969 | 드론4 목적지54 |  676스텝 | 배송 54/54 | 재적재  9 | 중계율 0.14 | alpha 0.732 | complete
Ep 970 | 드론5 목적지80 |  841스텝 | 배송 80/80 | 재적재 14 | 중계율 0.16 | alpha 0.721 | complete
Ep 971 | 드론5 목적지26 |  298스텝 | 배송 26/26 | 재적재  3 | 중계율 0.10 | alpha 0.713 | complete
Ep 972 | 드론6 목적지27 |  408스텝 | 배송 27/27 | 재적재  3 | 중계율 0.15 | alpha 0.710 | complete
Ep 973 | 드론4 목적지36 |  691스텝 | 배송 36/36 | 재적재  6 | 중계율 0.20 | alpha 0.709 | complete
Ep 974 | 드론3 목적지80 | 1000스텝 | 배송 65/80 | 재적재 12 | 중계율 0.18 | alpha 0.714 | step_limit
Ep 975 | 드론6 목적지80 |  806스텝 | 배송 80/80 | 재적재 14 | 중계율 0.16 | alpha 0.711 | complete
Ep 976 | 드론4 목적지48 | 1000스텝 | 배송 45/48 | 재적재  8 | 중계율 0.29 | alpha 0.696 | step_limit
Ep 977 | 드론5 목적지48 |  562스텝 | 배송 48/48 | 재적재  8 | 중계율 0.10 | alpha 0.694 | complete
Ep 978 | 드론5 목적지69 |  733스텝 | 배송 69/69 | 재적재 12 | 중계율 0.12 | alpha 0.702 | complete
Ep 979 | 드론6 목적지58 |  583스텝 | 배송 58/58 | 재적재 10 | 중계율 0.09 | alpha 0.703 | complete
Ep 980 | 드론6 목적지73 |  711스텝 | 배송 73/73 | 재적재 12 | 중계율 0.19 | alpha 0.701 | complete
Ep 981 | 드론4 목적지62 |  799스텝 | 배송 62/62 | 재적재 11 | 중계율 0.18 | alpha 0.700 | complete
Ep 982 | 드론6 목적지66 |  585스텝 | 배송 66/66 | 재적재 10 | 중계율 0.15 | alpha 0.698 | complete
Ep 983 | 드론4 목적지22 |  295스텝 | 배송 22/22 | 재적재  3 | 중계율 0.09 | alpha 0.695 | complete
Ep 984 | 드론3 목적지53 | 1000스텝 | 배송 41/53 | 재적재  8 | 중계율 0.24 | alpha 0.696 | step_limit
Ep 985 | 드론5 목적지65 |  609스텝 | 배송 65/65 | 재적재 12 | 중계율 0.13 | alpha 0.694 | complete
Ep 986 | 드론6 목적지35 |  344스텝 | 배송 35/35 | 재적재  3 | 중계율 0.15 | alpha 0.695 | complete
Ep 987 | 드론5 목적지47 |  511스텝 | 배송 47/47 | 재적재  7 | 중계율 0.14 | alpha 0.695 | complete
Ep 988 | 드론4 목적지24 |  329스텝 | 배송 24/24 | 재적재  3 | 중계율 0.13 | alpha 0.697 | complete
Ep 989 | 드론3 목적지64 | 1000스텝 | 배송 63/64 | 재적재 12 | 중계율 0.20 | alpha 0.703 | step_limit
Ep 990 | 드론4 목적지26 |  463스텝 | 배송 26/26 | 재적재  3 | 중계율 0.21 | alpha 0.703 | complete
Ep 991 | 드론3 목적지30 |  518스텝 | 배송 30/30 | 재적재  5 | 중계율 0.16 | alpha 0.701 | complete
Ep 992 | 드론4 목적지59 |  817스텝 | 배송 59/59 | 재적재 10 | 중계율 0.16 | alpha 0.701 | complete
Ep 993 | 드론3 목적지46 |  833스텝 | 배송 46/46 | 재적재  8 | 중계율 0.23 | alpha 0.700 | complete
Ep 994 | 드론5 목적지71 |  625스텝 | 배송 71/71 | 재적재 12 | 중계율 0.13 | alpha 0.700 | complete
Ep 995 | 드론3 목적지61 | 1000스텝 | 배송 59/61 | 재적재 10 | 중계율 0.24 | alpha 0.684 | step_limit
Ep 996 | 드론3 목적지61 | 1000스텝 | 배송 56/61 | 재적재 10 | 중계율 0.16 | alpha 0.659 | step_limit
Ep 997 | 드론3 목적지59 | 1000스텝 | 배송 58/59 | 재적재 10 | 중계율 0.23 | alpha 0.650 | step_limit
Ep 998 | 드론6 목적지70 |  649스텝 | 배송 70/70 | 재적재  9 | 중계율 0.20 | alpha 0.649 | complete
Ep 999 | 드론4 목적지49 |  734스텝 | 배송 49/49 | 재적재  9 | 중계율 0.16 | alpha 0.639 | complete
Ep 1000 | 드론5 목적지63 |  633스텝 | 배송 63/63 | 재적재 10 | 중계율 0.14 | alpha 0.627 | complete
  [홀드아웃] 배송 49.6±2.3 완주 0.95 스텝 930 점수 101.9 재적재 7.9 2홉+ 0.62 | 최고 107.0@ep550 정체 9/15
Ep 1001 | 드론6 목적지43 |  364스텝 | 배송 43/43 | 재적재  7 | 중계율 0.09 | alpha 0.631 | complete
Ep 1002 | 드론4 목적지78 | 1000스텝 | 배송 76/78 | 재적재 12 | 중계율 0.22 | alpha 0.628 | step_limit
Ep 1003 | 드론4 목적지74 | 1000스텝 | 배송 64/74 | 재적재 10 | 중계율 0.22 | alpha 0.622 | step_limit
Ep 1004 | 드론6 목적지61 |  612스텝 | 배송 61/61 | 재적재 11 | 중계율 0.17 | alpha 0.627 | complete
Ep 1005 | 드론5 목적지62 |  619스텝 | 배송 62/62 | 재적재 11 | 중계율 0.13 | alpha 0.631 | complete
Ep 1006 | 드론3 목적지22 |  433스텝 | 배송 22/22 | 재적재  2 | 중계율 0.18 | alpha 0.631 | complete
Ep 1007 | 드론5 목적지79 | 1000스텝 | 배송 77/79 | 재적재 14 | 중계율 0.19 | alpha 0.633 | step_limit
Ep 1008 | 드론4 목적지28 |  527스텝 | 배송 28/28 | 재적재  4 | 중계율 0.21 | alpha 0.639 | complete
Ep 1009 | 드론4 목적지65 |  874스텝 | 배송 65/65 | 재적재 11 | 중계율 0.19 | alpha 0.641 | complete
Ep 1010 | 드론5 목적지22 |  405스텝 | 배송 22/22 | 재적재  1 | 중계율 0.18 | alpha 0.642 | complete
Ep 1011 | 드론5 목적지52 |  456스텝 | 배송 52/52 | 재적재  8 | 중계율 0.10 | alpha 0.649 | complete
Ep 1012 | 드론6 목적지47 |  493스텝 | 배송 47/47 | 재적재  8 | 중계율 0.11 | alpha 0.655 | complete
Ep 1013 | 드론6 목적지66 |  557스텝 | 배송 66/66 | 재적재 11 | 중계율 0.11 | alpha 0.658 | complete
Ep 1014 | 드론4 목적지69 | 1000스텝 | 배송 67/69 | 재적재 12 | 중계율 0.19 | alpha 0.661 | step_limit
Ep 1015 | 드론4 목적지77 |  808스텝 | 배송 77/77 | 재적재 14 | 중계율 0.16 | alpha 0.656 | complete
Ep 1016 | 드론4 목적지80 | 1000스텝 | 배송 74/80 | 재적재 12 | 중계율 0.26 | alpha 0.654 | step_limit
Ep 1017 | 드론5 목적지51 |  475스텝 | 배송 51/51 | 재적재  9 | 중계율 0.13 | alpha 0.653 | complete
Ep 1018 | 드론6 목적지21 |  228스텝 | 배송 21/21 | 재적재  0 | 중계율 0.06 | alpha 0.653 | complete
Ep 1019 | 드론4 목적지58 |  703스텝 | 배송 58/58 | 재적재 11 | 중계율 0.18 | alpha 0.662 | complete
Ep 1020 | 드론4 목적지74 | 1000스텝 | 배송 64/74 | 재적재 11 | 중계율 0.25 | alpha 0.662 | step_limit
Ep 1021 | 드론3 목적지48 | 1000스텝 | 배송 45/48 | 재적재  8 | 중계율 0.24 | alpha 0.659 | step_limit
Ep 1022 | 드론6 목적지27 |  234스텝 | 배송 27/27 | 재적재  3 | 중계율 0.07 | alpha 0.655 | complete
Ep 1023 | 드론6 목적지46 |  348스텝 | 배송 46/46 | 재적재  5 | 중계율 0.10 | alpha 0.650 | complete
Ep 1024 | 드론3 목적지70 | 1000스텝 | 배송 47/70 | 재적재  8 | 중계율 0.26 | alpha 0.642 | step_limit
Ep 1025 | 드론5 목적지41 |  656스텝 | 배송 41/41 | 재적재  6 | 중계율 0.22 | alpha 0.637 | complete
Ep 1026 | 드론6 목적지76 |  596스텝 | 배송 76/76 | 재적재 11 | 중계율 0.14 | alpha 0.638 | complete
Ep 1027 | 드론4 목적지51 |  636스텝 | 배송 51/51 | 재적재  8 | 중계율 0.14 | alpha 0.631 | complete
Ep 1028 | 드론3 목적지27 |  522스텝 | 배송 27/27 | 재적재  4 | 중계율 0.18 | alpha 0.627 | complete
Ep 1029 | 드론4 목적지37 |  439스텝 | 배송 37/37 | 재적재  5 | 중계율 0.16 | alpha 0.623 | complete
Ep 1030 | 드론4 목적지46 |  722스텝 | 배송 46/46 | 재적재  6 | 중계율 0.22 | alpha 0.626 | complete
Ep 1031 | 드론6 목적지20 |  254스텝 | 배송 20/20 | 재적재  1 | 중계율 0.06 | alpha 0.626 | complete
Ep 1032 | 드론3 목적지27 |  502스텝 | 배송 27/27 | 재적재  5 | 중계율 0.15 | alpha 0.626 | complete
Ep 1033 | 드론5 목적지38 |  398스텝 | 배송 38/38 | 재적재  5 | 중계율 0.09 | alpha 0.626 | complete
Ep 1034 | 드론4 목적지66 |  891스텝 | 배송 66/66 | 재적재 12 | 중계율 0.18 | alpha 0.634 | complete
Ep 1035 | 드론6 목적지64 |  647스텝 | 배송 64/64 | 재적재 11 | 중계율 0.17 | alpha 0.633 | complete
Ep 1036 | 드론4 목적지59 |  959스텝 | 배송 59/59 | 재적재 10 | 중계율 0.20 | alpha 0.635 | complete
Ep 1037 | 드론3 목적지49 | 1000스텝 | 배송 48/49 | 재적재  9 | 중계율 0.17 | alpha 0.640 | step_limit
Ep 1038 | 드론6 목적지57 |  900스텝 | 배송 57/57 | 재적재  9 | 중계율 0.22 | alpha 0.650 | complete
Ep 1039 | 드론4 목적지73 | 1000스텝 | 배송 71/73 | 재적재 13 | 중계율 0.19 | alpha 0.665 | step_limit
Ep 1040 | 드론3 목적지44 |  823스텝 | 배송 44/44 | 재적재  7 | 중계율 0.23 | alpha 0.673 | complete
Ep 1041 | 드론5 목적지65 |  777스텝 | 배송 65/65 | 재적재 10 | 중계율 0.18 | alpha 0.680 | complete
Ep 1042 | 드론3 목적지37 |  778스텝 | 배송 37/37 | 재적재  6 | 중계율 0.24 | alpha 0.678 | complete
Ep 1043 | 드론5 목적지52 |  554스텝 | 배송 52/52 | 재적재  9 | 중계율 0.13 | alpha 0.677 | complete
Ep 1044 | 드론4 목적지36 |  733스텝 | 배송 36/36 | 재적재  6 | 중계율 0.28 | alpha 0.678 | complete
Ep 1045 | 드론4 목적지52 |  716스텝 | 배송 52/52 | 재적재  9 | 중계율 0.15 | alpha 0.679 | complete
Ep 1046 | 드론5 목적지43 |  405스텝 | 배송 43/43 | 재적재  6 | 중계율 0.14 | alpha 0.675 | complete
Ep 1047 | 드론3 목적지52 | 1000스텝 | 배송 39/52 | 재적재  5 | 중계율 0.22 | alpha 0.678 | step_limit
Ep 1048 | 드론3 목적지51 | 1000스텝 | 배송 50/51 | 재적재  9 | 중계율 0.26 | alpha 0.678 | step_limit
Ep 1049 | 드론4 목적지72 | 1000스텝 | 배송 55/72 | 재적재 10 | 중계율 0.29 | alpha 0.672 | step_limit
Ep 1050 | 드론5 목적지76 | 1000스텝 | 배송 75/76 | 재적재 13 | 중계율 0.23 | alpha 0.662 | step_limit
  [홀드아웃] 배송 49.4±3.1 완주 0.90 스텝 964 점수 96.8 재적재 8.0 2홉+ 0.60 | 최고 107.0@ep550 정체 10/15
Ep 1051 | 드론4 목적지79 | 1000스텝 | 배송 71/79 | 재적재 12 | 중계율 0.23 | alpha 0.662 | step_limit
Ep 1052 | 드론5 목적지45 |  524스텝 | 배송 45/45 | 재적재  6 | 중계율 0.17 | alpha 0.659 | complete
Ep 1053 | 드론6 목적지49 |  447스텝 | 배송 49/49 | 재적재  6 | 중계율 0.16 | alpha 0.665 | complete
Ep 1054 | 드론6 목적지61 |  423스텝 | 배송 61/61 | 재적재  9 | 중계율 0.08 | alpha 0.663 | complete
Ep 1055 | 드론5 목적지41 |  351스텝 | 배송 41/41 | 재적재  5 | 중계율 0.18 | alpha 0.661 | complete
Ep 1056 | 드론5 목적지54 |  602스텝 | 배송 54/54 | 재적재  7 | 중계율 0.17 | alpha 0.659 | complete
Ep 1057 | 드론5 목적지64 |  535스텝 | 배송 64/64 | 재적재  9 | 중계율 0.15 | alpha 0.649 | complete
Ep 1058 | 드론5 목적지66 |  890스텝 | 배송 66/66 | 재적재 12 | 중계율 0.20 | alpha 0.637 | complete
Ep 1059 | 드론3 목적지51 |  884스텝 | 배송 51/51 | 재적재  8 | 중계율 0.17 | alpha 0.625 | complete
Ep 1060 | 드론6 목적지52 |  524스텝 | 배송 52/52 | 재적재  6 | 중계율 0.18 | alpha 0.620 | complete
Ep 1061 | 드론5 목적지37 |  471스텝 | 배송 37/37 | 재적재  6 | 중계율 0.15 | alpha 0.613 | complete
Ep 1062 | 드론5 목적지24 |  262스텝 | 배송 24/24 | 재적재  3 | 중계율 0.09 | alpha 0.611 | complete
Ep 1063 | 드론5 목적지73 |  652스텝 | 배송 73/73 | 재적재 12 | 중계율 0.16 | alpha 0.615 | complete
Ep 1064 | 드론5 목적지39 |  607스텝 | 배송 39/39 | 재적재  5 | 중계율 0.24 | alpha 0.619 | complete
Ep 1065 | 드론4 목적지24 |  486스텝 | 배송 24/24 | 재적재  3 | 중계율 0.23 | alpha 0.615 | complete
Ep 1066 | 드론3 목적지75 | 1000스텝 | 배송 70/75 | 재적재 12 | 중계율 0.20 | alpha 0.611 | step_limit
Ep 1067 | 드론6 목적지50 |  494스텝 | 배송 50/50 | 재적재  8 | 중계율 0.13 | alpha 0.614 | complete
Ep 1068 | 드론4 목적지45 |  401스텝 | 배송 45/45 | 재적재  7 | 중계율 0.07 | alpha 0.619 | complete
Ep 1069 | 드론5 목적지20 |  244스텝 | 배송 20/20 | 재적재  0 | 중계율 0.11 | alpha 0.619 | complete
Ep 1070 | 드론3 목적지79 | 1000스텝 | 배송 65/79 | 재적재 11 | 중계율 0.20 | alpha 0.620 | step_limit
Ep 1071 | 드론4 목적지32 |  457스텝 | 배송 32/32 | 재적재  5 | 중계율 0.12 | alpha 0.628 | complete
Ep 1072 | 드론3 목적지56 | 1000스텝 | 배송 53/56 | 재적재  9 | 중계율 0.28 | alpha 0.632 | step_limit
Ep 1073 | 드론6 목적지25 |  256스텝 | 배송 25/25 | 재적재  2 | 중계율 0.12 | alpha 0.635 | complete
Ep 1074 | 드론3 목적지34 |  750스텝 | 배송 34/34 | 재적재  6 | 중계율 0.24 | alpha 0.646 | complete
Ep 1075 | 드론6 목적지40 |  309스텝 | 배송 40/40 | 재적재  5 | 중계율 0.10 | alpha 0.651 | complete
Ep 1076 | 드론3 목적지73 | 1000스텝 | 배송 65/73 | 재적재 12 | 중계율 0.27 | alpha 0.664 | step_limit
Ep 1077 | 드론5 목적지50 |  539스텝 | 배송 50/50 | 재적재  7 | 중계율 0.15 | alpha 0.667 | complete
Ep 1078 | 드론5 목적지62 |  748스텝 | 배송 62/62 | 재적재 10 | 중계율 0.24 | alpha 0.676 | complete
Ep 1079 | 드론4 목적지25 |  348스텝 | 배송 25/25 | 재적재  4 | 중계율 0.13 | alpha 0.672 | complete
Ep 1080 | 드론3 목적지51 |  904스텝 | 배송 51/51 | 재적재 10 | 중계율 0.21 | alpha 0.675 | complete
Ep 1081 | 드론5 목적지46 |  586스텝 | 배송 46/46 | 재적재  8 | 중계율 0.18 | alpha 0.679 | complete
Ep 1082 | 드론6 목적지51 |  502스텝 | 배송 51/51 | 재적재  7 | 중계율 0.11 | alpha 0.670 | complete
Ep 1083 | 드론4 목적지64 | 1000스텝 | 배송 57/64 | 재적재 10 | 중계율 0.24 | alpha 0.667 | step_limit
Ep 1084 | 드론4 목적지48 |  666스텝 | 배송 48/48 | 재적재  8 | 중계율 0.20 | alpha 0.658 | complete
Ep 1085 | 드론4 목적지60 | 1000스텝 | 배송 56/60 | 재적재  9 | 중계율 0.26 | alpha 0.656 | step_limit
Ep 1086 | 드론5 목적지27 |  352스텝 | 배송 27/27 | 재적재  3 | 중계율 0.14 | alpha 0.659 | complete
Ep 1087 | 드론5 목적지66 |  895스텝 | 배송 66/66 | 재적재 10 | 중계율 0.27 | alpha 0.651 | complete
Ep 1088 | 드론5 목적지48 |  498스텝 | 배송 48/48 | 재적재  7 | 중계율 0.15 | alpha 0.642 | complete
Ep 1089 | 드론4 목적지63 |  740스텝 | 배송 63/63 | 재적재 11 | 중계율 0.16 | alpha 0.633 | complete
Ep 1090 | 드론5 목적지78 | 1000스텝 | 배송 64/78 | 재적재 12 | 중계율 0.22 | alpha 0.635 | step_limit
Ep 1091 | 드론4 목적지66 | 1000스텝 | 배송 65/66 | 재적재 11 | 중계율 0.24 | alpha 0.638 | step_limit
Ep 1092 | 드론3 목적지77 | 1000스텝 | 배송 60/77 | 재적재 10 | 중계율 0.22 | alpha 0.650 | step_limit
Ep 1093 | 드론3 목적지72 | 1000스텝 | 배송 61/72 | 재적재 10 | 중계율 0.20 | alpha 0.661 | step_limit
Ep 1094 | 드론6 목적지45 |  481스텝 | 배송 45/45 | 재적재  5 | 중계율 0.15 | alpha 0.667 | complete
Ep 1095 | 드론5 목적지21 |  295스텝 | 배송 21/21 | 재적재  3 | 중계율 0.10 | alpha 0.670 | complete
Ep 1096 | 드론6 목적지77 |  546스텝 | 배송 77/77 | 재적재 13 | 중계율 0.13 | alpha 0.683 | complete
Ep 1097 | 드론3 목적지44 | 1000스텝 | 배송 39/44 | 재적재  7 | 중계율 0.27 | alpha 0.703 | step_limit
Ep 1098 | 드론3 목적지59 | 1000스텝 | 배송 51/59 | 재적재  8 | 중계율 0.23 | alpha 0.714 | step_limit
Ep 1099 | 드론4 목적지75 | 1000스텝 | 배송 65/75 | 재적재 10 | 중계율 0.17 | alpha 0.717 | step_limit
Ep 1100 | 드론3 목적지54 | 1000스텝 | 배송 47/54 | 재적재  8 | 중계율 0.22 | alpha 0.722 | step_limit
  [홀드아웃] 배송 49.9±0.4 완주 0.93 스텝 1015 점수 99.1 재적재 7.7 2홉+ 0.61 | 최고 107.0@ep550 정체 11/15
Ep 1101 | 드론4 목적지78 | 1000스텝 | 배송 75/78 | 재적재 14 | 중계율 0.16 | alpha 0.737 | step_limit
Ep 1102 | 드론6 목적지36 |  363스텝 | 배송 36/36 | 재적재  5 | 중계율 0.09 | alpha 0.739 | complete
Ep 1103 | 드론4 목적지32 |  545스텝 | 배송 32/32 | 재적재  3 | 중계율 0.25 | alpha 0.744 | complete
Ep 1104 | 드론6 목적지37 |  427스텝 | 배송 37/37 | 재적재  5 | 중계율 0.13 | alpha 0.744 | complete
Ep 1105 | 드론6 목적지63 |  450스텝 | 배송 63/63 | 재적재 10 | 중계율 0.10 | alpha 0.743 | complete
Ep 1106 | 드론5 목적지46 |  735스텝 | 배송 46/46 | 재적재  7 | 중계율 0.19 | alpha 0.754 | complete
Ep 1107 | 드론5 목적지21 |  305스텝 | 배송 21/21 | 재적재  1 | 중계율 0.17 | alpha 0.754 | complete
Ep 1108 | 드론3 목적지41 | 1000스텝 | 배송 38/41 | 재적재  6 | 중계율 0.31 | alpha 0.771 | step_limit
Ep 1109 | 드론5 목적지21 |  172스텝 | 배송 21/21 | 재적재  1 | 중계율 0.07 | alpha 0.774 | complete
Ep 1110 | 드론3 목적지55 | 1000스텝 | 배송 44/55 | 재적재  7 | 중계율 0.31 | alpha 0.778 | step_limit
Ep 1111 | 드론6 목적지49 |  371스텝 | 배송 49/49 | 재적재  7 | 중계율 0.08 | alpha 0.778 | complete
Ep 1112 | 드론4 목적지27 |  395스텝 | 배송 27/27 | 재적재  3 | 중계율 0.17 | alpha 0.787 | complete
Ep 1113 | 드론6 목적지70 |  426스텝 | 배송 70/70 | 재적재 11 | 중계율 0.10 | alpha 0.794 | complete
Ep 1114 | 드론6 목적지50 |  375스텝 | 배송 50/50 | 재적재  6 | 중계율 0.14 | alpha 0.799 | complete
Ep 1115 | 드론6 목적지73 |  734스텝 | 배송 73/73 | 재적재 11 | 중계율 0.23 | alpha 0.797 | complete
Ep 1116 | 드론4 목적지54 | 1000스텝 | 배송 46/54 | 재적재  7 | 중계율 0.27 | alpha 0.798 | step_limit
Ep 1117 | 드론5 목적지74 | 1000스텝 | 배송 71/74 | 재적재 14 | 중계율 0.14 | alpha 0.803 | step_limit
Ep 1118 | 드론6 목적지52 |  680스텝 | 배송 52/52 | 재적재  8 | 중계율 0.22 | alpha 0.802 | complete
Ep 1119 | 드론6 목적지22 |  227스텝 | 배송 22/22 | 재적재  0 | 중계율 0.16 | alpha 0.800 | complete
Ep 1120 | 드론5 목적지40 |  483스텝 | 배송 40/40 | 재적재  5 | 중계율 0.14 | alpha 0.808 | complete
Ep 1121 | 드론5 목적지26 |  476스텝 | 배송 26/26 | 재적재  3 | 중계율 0.22 | alpha 0.807 | complete
Ep 1122 | 드론6 목적지55 |  521스텝 | 배송 55/55 | 재적재  9 | 중계율 0.09 | alpha 0.803 | complete
Ep 1123 | 드론6 목적지54 |  510스텝 | 배송 54/54 | 재적재  8 | 중계율 0.10 | alpha 0.812 | complete
Ep 1124 | 드론5 목적지79 |  636스텝 | 배송 79/79 | 재적재 14 | 중계율 0.12 | alpha 0.815 | complete
Ep 1125 | 드론6 목적지53 |  562스텝 | 배송 53/53 | 재적재  9 | 중계율 0.20 | alpha 0.816 | complete
Ep 1126 | 드론5 목적지21 |  308스텝 | 배송 21/21 | 재적재  2 | 중계율 0.14 | alpha 0.815 | complete
Ep 1127 | 드론4 목적지66 | 1000스텝 | 배송 48/66 | 재적재  9 | 중계율 0.23 | alpha 0.823 | step_limit
Ep 1128 | 드론5 목적지70 |  716스텝 | 배송 70/70 | 재적재 12 | 중계율 0.18 | alpha 0.816 | complete
Ep 1129 | 드론6 목적지28 |  307스텝 | 배송 28/28 | 재적재  4 | 중계율 0.19 | alpha 0.809 | complete
Ep 1130 | 드론5 목적지45 |  528스텝 | 배송 45/45 | 재적재  7 | 중계율 0.17 | alpha 0.808 | complete
Ep 1131 | 드론4 목적지55 |  789스텝 | 배송 25/55 | 재적재  3 | 중계율 0.19 | alpha 0.816 | no_progress
Ep 1132 | 드론6 목적지59 |  542스텝 | 배송 59/59 | 재적재 10 | 중계율 0.18 | alpha 0.809 | complete
Ep 1133 | 드론5 목적지69 |  615스텝 | 배송 69/69 | 재적재 12 | 중계율 0.14 | alpha 0.803 | complete
Ep 1134 | 드론6 목적지28 |  321스텝 | 배송 28/28 | 재적재  3 | 중계율 0.12 | alpha 0.805 | complete
Ep 1135 | 드론4 목적지68 | 1000스텝 | 배송 67/68 | 재적재 10 | 중계율 0.28 | alpha 0.806 | step_limit
Ep 1136 | 드론6 목적지76 |  895스텝 | 배송 76/76 | 재적재 12 | 중계율 0.19 | alpha 0.786 | complete
Ep 1137 | 드론5 목적지30 |  371스텝 | 배송 30/30 | 재적재  4 | 중계율 0.10 | alpha 0.782 | complete
Ep 1138 | 드론4 목적지48 |  582스텝 | 배송 48/48 | 재적재  9 | 중계율 0.12 | alpha 0.775 | complete
Ep 1139 | 드론6 목적지39 |  323스텝 | 배송 39/39 | 재적재  4 | 중계율 0.10 | alpha 0.777 | complete
Ep 1140 | 드론4 목적지80 |  929스텝 | 배송 80/80 | 재적재 15 | 중계율 0.14 | alpha 0.768 | complete
Ep 1141 | 드론4 목적지28 |  442스텝 | 배송 28/28 | 재적재  4 | 중계율 0.09 | alpha 0.758 | complete
Ep 1142 | 드론6 목적지47 |  407스텝 | 배송 47/47 | 재적재  7 | 중계율 0.11 | alpha 0.758 | complete
Ep 1143 | 드론4 목적지44 |  783스텝 | 배송 44/44 | 재적재  6 | 중계율 0.22 | alpha 0.753 | complete
Ep 1144 | 드론4 목적지28 |  683스텝 | 배송 28/28 | 재적재  4 | 중계율 0.23 | alpha 0.742 | complete
Ep 1145 | 드론5 목적지21 |  251스텝 | 배송 21/21 | 재적재  0 | 중계율 0.17 | alpha 0.742 | complete
Ep 1146 | 드론3 목적지72 | 1000스텝 | 배송 68/72 | 재적재 12 | 중계율 0.22 | alpha 0.746 | step_limit
Ep 1147 | 드론4 목적지77 | 1000스텝 | 배송 73/77 | 재적재 12 | 중계율 0.16 | alpha 0.754 | step_limit
Ep 1148 | 드론6 목적지45 |  485스텝 | 배송 45/45 | 재적재  7 | 중계율 0.12 | alpha 0.756 | complete
Ep 1149 | 드론4 목적지80 |  976스텝 | 배송 80/80 | 재적재 14 | 중계율 0.18 | alpha 0.743 | complete
Ep 1150 | 드론4 목적지73 |  910스텝 | 배송 73/73 | 재적재 13 | 중계율 0.17 | alpha 0.740 | complete
  [홀드아웃] 배송 50.0±0.2 완주 0.97 스텝 969 점수 104.3 재적재 8.2 2홉+ 0.62 | 최고 107.0@ep550 정체 12/15
Ep 1151 | 드론3 목적지40 |  950스텝 | 배송 40/40 | 재적재  6 | 중계율 0.27 | alpha 0.739 | complete
Ep 1152 | 드론4 목적지61 |  694스텝 | 배송 61/61 | 재적재 11 | 중계율 0.15 | alpha 0.739 | complete
Ep 1153 | 드론6 목적지24 |  251스텝 | 배송 24/24 | 재적재  2 | 중계율 0.15 | alpha 0.738 | complete
Ep 1154 | 드론4 목적지24 |  604스텝 | 배송 24/24 | 재적재  2 | 중계율 0.22 | alpha 0.739 | complete
Ep 1155 | 드론3 목적지31 |  926스텝 | 배송 31/31 | 재적재  5 | 중계율 0.24 | alpha 0.729 | complete
Ep 1156 | 드론4 목적지20 |  358스텝 | 배송 20/20 | 재적재  2 | 중계율 0.10 | alpha 0.726 | complete
Ep 1157 | 드론6 목적지23 |  196스텝 | 배송 23/23 | 재적재  1 | 중계율 0.10 | alpha 0.722 | complete
Ep 1158 | 드론5 목적지41 |  640스텝 | 배송 41/41 | 재적재  5 | 중계율 0.21 | alpha 0.720 | complete
Ep 1159 | 드론5 목적지64 |  562스텝 | 배송 64/64 | 재적재 10 | 중계율 0.13 | alpha 0.712 | complete
Ep 1160 | 드론4 목적지47 |  830스텝 | 배송 47/47 | 재적재  7 | 중계율 0.22 | alpha 0.707 | complete
Ep 1161 | 드론5 목적지70 |  610스텝 | 배송 70/70 | 재적재 12 | 중계율 0.10 | alpha 0.702 | complete
Ep 1162 | 드론5 목적지77 |  674스텝 | 배송 77/77 | 재적재 13 | 중계율 0.12 | alpha 0.683 | complete
Ep 1163 | 드론4 목적지43 |  968스텝 | 배송 43/43 | 재적재  7 | 중계율 0.23 | alpha 0.681 | complete
Ep 1164 | 드론3 목적지40 |  797스텝 | 배송 40/40 | 재적재  6 | 중계율 0.22 | alpha 0.674 | complete
Ep 1165 | 드론6 목적지67 |  517스텝 | 배송 67/67 | 재적재 10 | 중계율 0.12 | alpha 0.673 | complete
Ep 1166 | 드론5 목적지65 |  601스텝 | 배송 65/65 | 재적재 10 | 중계율 0.14 | alpha 0.671 | complete
Ep 1167 | 드론3 목적지24 |  609스텝 | 배송 24/24 | 재적재  4 | 중계율 0.23 | alpha 0.669 | complete
Ep 1168 | 드론6 목적지67 |  653스텝 | 배송 67/67 | 재적재  9 | 중계율 0.17 | alpha 0.669 | complete
Ep 1169 | 드론4 목적지37 |  433스텝 | 배송 37/37 | 재적재  6 | 중계율 0.10 | alpha 0.666 | complete
Ep 1170 | 드론3 목적지35 |  713스텝 | 배송 35/35 | 재적재  6 | 중계율 0.21 | alpha 0.656 | complete
Ep 1171 | 드론5 목적지70 |  753스텝 | 배송 70/70 | 재적재 12 | 중계율 0.18 | alpha 0.654 | complete
Ep 1172 | 드론5 목적지56 |  961스텝 | 배송 56/56 | 재적재  9 | 중계율 0.22 | alpha 0.650 | complete
Ep 1173 | 드론3 목적지39 |  901스텝 | 배송 39/39 | 재적재  5 | 중계율 0.27 | alpha 0.651 | complete
Ep 1174 | 드론6 목적지53 |  543스텝 | 배송 53/53 | 재적재  9 | 중계율 0.15 | alpha 0.654 | complete
Ep 1175 | 드론6 목적지44 |  583스텝 | 배송 44/44 | 재적재  7 | 중계율 0.17 | alpha 0.659 | complete
Ep 1176 | 드론6 목적지44 |  362스텝 | 배송 44/44 | 재적재  6 | 중계율 0.09 | alpha 0.666 | complete
Ep 1177 | 드론6 목적지33 |  446스텝 | 배송 33/33 | 재적재  4 | 중계율 0.13 | alpha 0.677 | complete
Ep 1178 | 드론3 목적지61 | 1000스텝 | 배송 57/61 | 재적재  9 | 중계율 0.28 | alpha 0.687 | step_limit
Ep 1179 | 드론5 목적지71 |  543스텝 | 배송 71/71 | 재적재 13 | 중계율 0.10 | alpha 0.697 | complete
Ep 1180 | 드론5 목적지62 |  721스텝 | 배송 62/62 | 재적재 10 | 중계율 0.21 | alpha 0.691 | complete
Ep 1181 | 드론5 목적지50 |  579스텝 | 배송 50/50 | 재적재  9 | 중계율 0.19 | alpha 0.684 | complete
Ep 1182 | 드론3 목적지79 | 1000스텝 | 배송 75/79 | 재적재 13 | 중계율 0.21 | alpha 0.676 | step_limit
Ep 1183 | 드론5 목적지51 |  514스텝 | 배송 51/51 | 재적재  7 | 중계율 0.11 | alpha 0.672 | complete
Ep 1184 | 드론5 목적지30 |  386스텝 | 배송 30/30 | 재적재  5 | 중계율 0.12 | alpha 0.670 | complete
Ep 1185 | 드론3 목적지77 | 1000스텝 | 배송 65/77 | 재적재 12 | 중계율 0.23 | alpha 0.661 | step_limit
Ep 1186 | 드론6 목적지42 |  332스텝 | 배송 42/42 | 재적재  5 | 중계율 0.08 | alpha 0.659 | complete
Ep 1187 | 드론6 목적지20 |  170스텝 | 배송 20/20 | 재적재  1 | 중계율 0.05 | alpha 0.656 | complete
Ep 1188 | 드론4 목적지74 | 1000스텝 | 배송 66/74 | 재적재 11 | 중계율 0.25 | alpha 0.648 | step_limit
Ep 1189 | 드론5 목적지60 |  619스텝 | 배송 60/60 | 재적재 10 | 중계율 0.10 | alpha 0.641 | complete
Ep 1190 | 드론3 목적지26 |  677스텝 | 배송 26/26 | 재적재  4 | 중계율 0.21 | alpha 0.634 | complete
Ep 1191 | 드론5 목적지27 |  355스텝 | 배송 27/27 | 재적재  3 | 중계율 0.12 | alpha 0.627 | complete
Ep 1192 | 드론5 목적지78 |  631스텝 | 배송 78/78 | 재적재 13 | 중계율 0.16 | alpha 0.619 | complete
Ep 1193 | 드론3 목적지42 |  819스텝 | 배송 42/42 | 재적재  7 | 중계율 0.17 | alpha 0.620 | complete
Ep 1194 | 드론4 목적지75 |  938스텝 | 배송 75/75 | 재적재 14 | 중계율 0.18 | alpha 0.609 | complete
Ep 1195 | 드론5 목적지56 |  495스텝 | 배송 56/56 | 재적재  8 | 중계율 0.10 | alpha 0.604 | complete
Ep 1196 | 드론6 목적지66 |  685스텝 | 배송 66/66 | 재적재 12 | 중계율 0.16 | alpha 0.593 | complete
Ep 1197 | 드론5 목적지59 |  968스텝 | 배송 59/59 | 재적재  9 | 중계율 0.22 | alpha 0.597 | complete
Ep 1198 | 드론4 목적지47 |  716스텝 | 배송 47/47 | 재적재  7 | 중계율 0.15 | alpha 0.589 | complete
Ep 1199 | 드론4 목적지65 |  884스텝 | 배송 65/65 | 재적재 12 | 중계율 0.13 | alpha 0.587 | complete
Ep 1200 | 드론6 목적지48 |  383스텝 | 배송 48/48 | 재적재  7 | 중계율 0.12 | alpha 0.583 | complete
  [홀드아웃] 배송 49.9±0.8 완주 0.97 스텝 981 점수 104.2 재적재 8.2 2홉+ 0.61 | 최고 107.0@ep550 정체 13/15
Ep 1201 | 드론5 목적지22 |  311스텝 | 배송 22/22 | 재적재  1 | 중계율 0.17 | alpha 0.582 | complete
Ep 1202 | 드론4 목적지68 |  898스텝 | 배송 68/68 | 재적재 13 | 중계율 0.13 | alpha 0.580 | complete
Ep 1203 | 드론3 목적지36 |  902스텝 | 배송 36/36 | 재적재  6 | 중계율 0.28 | alpha 0.577 | complete
Ep 1204 | 드론4 목적지23 |  339스텝 | 배송 23/23 | 재적재  3 | 중계율 0.09 | alpha 0.576 | complete
Ep 1205 | 드론4 목적지32 |  545스텝 | 배송 32/32 | 재적재  4 | 중계율 0.24 | alpha 0.582 | complete
Ep 1206 | 드론3 목적지76 | 1000스텝 | 배송 67/76 | 재적재 12 | 중계율 0.25 | alpha 0.596 | step_limit
Ep 1207 | 드론6 목적지45 |  334스텝 | 배송 45/45 | 재적재  6 | 중계율 0.09 | alpha 0.602 | complete
Ep 1208 | 드론5 목적지40 |  416스텝 | 배송 40/40 | 재적재  5 | 중계율 0.11 | alpha 0.604 | complete
Ep 1209 | 드론3 목적지49 |  968스텝 | 배송 49/49 | 재적재  9 | 중계율 0.19 | alpha 0.606 | complete
Ep 1210 | 드론4 목적지60 | 1000스텝 | 배송 56/60 | 재적재 11 | 중계율 0.26 | alpha 0.612 | step_limit
Ep 1211 | 드론4 목적지66 |  882스텝 | 배송 66/66 | 재적재 10 | 중계율 0.23 | alpha 0.605 | complete
Ep 1212 | 드론5 목적지66 |  893스텝 | 배송 66/66 | 재적재 11 | 중계율 0.16 | alpha 0.605 | complete
Ep 1213 | 드론6 목적지56 |  419스텝 | 배송 56/56 | 재적재  8 | 중계율 0.12 | alpha 0.609 | complete
Ep 1214 | 드론3 목적지49 |  869스텝 | 배송 49/49 | 재적재  9 | 중계율 0.23 | alpha 0.610 | complete
Ep 1215 | 드론3 목적지21 |  416스텝 | 배송 21/21 | 재적재  3 | 중계율 0.24 | alpha 0.611 | complete
Ep 1216 | 드론4 목적지38 |  779스텝 | 배송 38/38 | 재적재  5 | 중계율 0.24 | alpha 0.621 | complete
Ep 1217 | 드론4 목적지22 |  641스텝 | 배송 22/22 | 재적재  3 | 중계율 0.29 | alpha 0.627 | complete
Ep 1218 | 드론4 목적지61 | 1000스텝 | 배송 60/61 | 재적재 10 | 중계율 0.19 | alpha 0.635 | step_limit
Ep 1219 | 드론5 목적지66 |  722스텝 | 배송 66/66 | 재적재  9 | 중계율 0.22 | alpha 0.640 | complete
Ep 1220 | 드론3 목적지38 | 1000스텝 | 배송 36/38 | 재적재  6 | 중계율 0.31 | alpha 0.652 | step_limit
Ep 1221 | 드론3 목적지62 | 1000스텝 | 배송 55/62 | 재적재 11 | 중계율 0.24 | alpha 0.671 | step_limit
Ep 1222 | 드론6 목적지34 |  510스텝 | 배송 34/34 | 재적재  5 | 중계율 0.16 | alpha 0.675 | complete
Ep 1223 | 드론5 목적지35 |  398스텝 | 배송 35/35 | 재적재  5 | 중계율 0.13 | alpha 0.687 | complete
Ep 1224 | 드론6 목적지33 |  395스텝 | 배송 33/33 | 재적재  4 | 중계율 0.13 | alpha 0.692 | complete
Ep 1225 | 드론4 목적지70 |  807스텝 | 배송 70/70 | 재적재 13 | 중계율 0.14 | alpha 0.702 | complete
Ep 1226 | 드론6 목적지32 |  325스텝 | 배송 32/32 | 재적재  4 | 중계율 0.09 | alpha 0.703 | complete
Ep 1227 | 드론3 목적지77 | 1000스텝 | 배송 56/77 | 재적재 10 | 중계율 0.25 | alpha 0.715 | step_limit
Ep 1228 | 드론3 목적지35 |  920스텝 | 배송 35/35 | 재적재  5 | 중계율 0.25 | alpha 0.732 | complete
Ep 1229 | 드론5 목적지25 |  300스텝 | 배송 25/25 | 재적재  4 | 중계율 0.12 | alpha 0.738 | complete
Ep 1230 | 드론3 목적지50 | 1000스텝 | 배송 46/50 | 재적재  8 | 중계율 0.27 | alpha 0.739 | step_limit
Ep 1231 | 드론6 목적지65 |  532스텝 | 배송 65/65 | 재적재 11 | 중계율 0.09 | alpha 0.738 | complete
Ep 1232 | 드론3 목적지79 | 1000스텝 | 배송 63/79 | 재적재 10 | 중계율 0.27 | alpha 0.749 | step_limit
Ep 1233 | 드론3 목적지30 |  677스텝 | 배송 30/30 | 재적재  4 | 중계율 0.26 | alpha 0.762 | complete
Ep 1234 | 드론6 목적지57 |  531스텝 | 배송 57/57 | 재적재 11 | 중계율 0.14 | alpha 0.771 | complete
Ep 1235 | 드론3 목적지49 | 1000스텝 | 배송 45/49 | 재적재  8 | 중계율 0.29 | alpha 0.783 | step_limit
Ep 1236 | 드론4 목적지72 |  849스텝 | 배송 72/72 | 재적재 12 | 중계율 0.18 | alpha 0.797 | complete
Ep 1237 | 드론4 목적지57 |  970스텝 | 배송 57/57 | 재적재  9 | 중계율 0.25 | alpha 0.793 | complete
Ep 1238 | 드론6 목적지73 |  725스텝 | 배송 73/73 | 재적재 13 | 중계율 0.19 | alpha 0.796 | complete
Ep 1239 | 드론4 목적지40 |  610스텝 | 배송 40/40 | 재적재  6 | 중계율 0.18 | alpha 0.803 | complete
Ep 1240 | 드론5 목적지21 |  340스텝 | 배송 21/21 | 재적재  2 | 중계율 0.09 | alpha 0.808 | complete
Ep 1241 | 드론6 목적지58 |  469스텝 | 배송 58/58 | 재적재 10 | 중계율 0.10 | alpha 0.818 | complete
Ep 1242 | 드론5 목적지71 |  717스텝 | 배송 71/71 | 재적재 12 | 중계율 0.12 | alpha 0.825 | complete
Ep 1243 | 드론6 목적지54 |  514스텝 | 배송 54/54 | 재적재  8 | 중계율 0.15 | alpha 0.829 | complete
Ep 1244 | 드론5 목적지23 |  399스텝 | 배송 23/23 | 재적재  2 | 중계율 0.19 | alpha 0.824 | complete
Ep 1245 | 드론3 목적지31 |  681스텝 | 배송 31/31 | 재적재  5 | 중계율 0.16 | alpha 0.826 | complete
Ep 1246 | 드론5 목적지37 |  374스텝 | 배송 37/37 | 재적재  5 | 중계율 0.14 | alpha 0.825 | complete
Ep 1247 | 드론3 목적지20 |  462스텝 | 배송 20/20 | 재적재  3 | 중계율 0.18 | alpha 0.813 | complete
Ep 1248 | 드론6 목적지79 |  966스텝 | 배송 79/79 | 재적재 14 | 중계율 0.18 | alpha 0.804 | complete
Ep 1249 | 드론4 목적지22 |  297스텝 | 배송 22/22 | 재적재  4 | 중계율 0.12 | alpha 0.798 | complete
Ep 1250 | 드론3 목적지27 |  822스텝 | 배송 27/27 | 재적재  4 | 중계율 0.26 | alpha 0.793 | complete
  [홀드아웃] 배송 49.9±0.6 완주 0.95 스텝 1017 점수 101.6 재적재 8.2 2홉+ 0.62 | 최고 107.0@ep550 정체 14/15
Ep 1251 | 드론4 목적지20 |  355스텝 | 배송 20/20 | 재적재  2 | 중계율 0.15 | alpha 0.794 | complete
Ep 1252 | 드론5 목적지48 |  756스텝 | 배송 48/48 | 재적재  8 | 중계율 0.21 | alpha 0.779 | complete
Ep 1253 | 드론4 목적지64 |  862스텝 | 배송 64/64 | 재적재 11 | 중계율 0.21 | alpha 0.777 | complete
Ep 1254 | 드론6 목적지44 |  666스텝 | 배송 44/44 | 재적재  5 | 중계율 0.19 | alpha 0.770 | complete
Ep 1255 | 드론6 목적지39 |  329스텝 | 배송 39/39 | 재적재  5 | 중계율 0.10 | alpha 0.763 | complete
Ep 1256 | 드론4 목적지32 |  399스텝 | 배송 32/32 | 재적재  4 | 중계율 0.17 | alpha 0.755 | complete
Ep 1257 | 드론3 목적지71 | 1000스텝 | 배송 48/71 | 재적재  8 | 중계율 0.15 | alpha 0.743 | step_limit
Ep 1258 | 드론3 목적지40 |  985스텝 | 배송 40/40 | 재적재  6 | 중계율 0.28 | alpha 0.741 | complete
Ep 1259 | 드론4 목적지80 | 1000스텝 | 배송 76/80 | 재적재 14 | 중계율 0.15 | alpha 0.736 | step_limit
Ep 1260 | 드론6 목적지60 |  641스텝 | 배송 60/60 | 재적재  8 | 중계율 0.18 | alpha 0.742 | complete
Ep 1261 | 드론6 목적지26 |  310스텝 | 배송 26/26 | 재적재  2 | 중계율 0.14 | alpha 0.741 | complete
Ep 1262 | 드론6 목적지68 |  555스텝 | 배송 68/68 | 재적재 12 | 중계율 0.11 | alpha 0.743 | complete
Ep 1263 | 드론5 목적지61 |  473스텝 | 배송 61/61 | 재적재  9 | 중계율 0.09 | alpha 0.745 | complete
Ep 1264 | 드론4 목적지55 | 1000스텝 | 배송 53/55 | 재적재 10 | 중계율 0.26 | alpha 0.746 | step_limit
Ep 1265 | 드론5 목적지73 |  846스텝 | 배송 73/73 | 재적재 13 | 중계율 0.21 | alpha 0.738 | complete
Ep 1266 | 드론5 목적지72 |  716스텝 | 배송 72/72 | 재적재 12 | 중계율 0.14 | alpha 0.724 | complete
Ep 1267 | 드론3 목적지46 |  986스텝 | 배송 46/46 | 재적재  8 | 중계율 0.26 | alpha 0.711 | complete
Ep 1268 | 드론3 목적지58 | 1000스텝 | 배송 53/58 | 재적재  9 | 중계율 0.29 | alpha 0.707 | step_limit
Ep 1269 | 드론6 목적지74 |  591스텝 | 배송 74/74 | 재적재 11 | 중계율 0.18 | alpha 0.709 | complete
Ep 1270 | 드론4 목적지30 |  379스텝 | 배송 30/30 | 재적재  4 | 중계율 0.10 | alpha 0.711 | complete
Ep 1271 | 드론4 목적지37 |  448스텝 | 배송 37/37 | 재적재  6 | 중계율 0.13 | alpha 0.718 | complete
Ep 1272 | 드론4 목적지22 |  639스텝 | 배송 22/22 | 재적재  2 | 중계율 0.23 | alpha 0.724 | complete
Ep 1273 | 드론3 목적지43 |  933스텝 | 배송 43/43 | 재적재  8 | 중계율 0.24 | alpha 0.721 | complete
Ep 1274 | 드론3 목적지66 | 1000스텝 | 배송 62/66 | 재적재 11 | 중계율 0.22 | alpha 0.719 | step_limit
Ep 1275 | 드론6 목적지63 |  578스텝 | 배송 63/63 | 재적재 10 | 중계율 0.13 | alpha 0.723 | complete
Ep 1276 | 드론3 목적지47 |  742스텝 | 배송 47/47 | 재적재  7 | 중계율 0.24 | alpha 0.715 | complete
Ep 1277 | 드론6 목적지30 |  339스텝 | 배송 30/30 | 재적재  3 | 중계율 0.09 | alpha 0.710 | complete
Ep 1278 | 드론5 목적지62 |  700스텝 | 배송 62/62 | 재적재 10 | 중계율 0.12 | alpha 0.700 | complete
Ep 1279 | 드론4 목적지28 |  516스텝 | 배송 28/28 | 재적재  4 | 중계율 0.17 | alpha 0.694 | complete
Ep 1280 | 드론5 목적지47 |  434스텝 | 배송 47/47 | 재적재  9 | 중계율 0.08 | alpha 0.690 | complete
Ep 1281 | 드론4 목적지66 |  838스텝 | 배송 66/66 | 재적재 11 | 중계율 0.16 | alpha 0.686 | complete
Ep 1282 | 드론3 목적지74 | 1000스텝 | 배송 67/74 | 재적재 12 | 중계율 0.19 | alpha 0.682 | step_limit
Ep 1283 | 드론3 목적지80 | 1000스텝 | 배송 72/80 | 재적재 13 | 중계율 0.21 | alpha 0.695 | step_limit
Ep 1284 | 드론6 목적지57 |  482스텝 | 배송 57/57 | 재적재 10 | 중계율 0.13 | alpha 0.703 | complete
Ep 1285 | 드론3 목적지40 |  821스텝 | 배송 40/40 | 재적재  7 | 중계율 0.29 | alpha 0.712 | complete
Ep 1286 | 드론5 목적지50 |  713스텝 | 배송 50/50 | 재적재  8 | 중계율 0.19 | alpha 0.719 | complete
Ep 1287 | 드론5 목적지36 |  451스텝 | 배송 36/36 | 재적재  5 | 중계율 0.10 | alpha 0.728 | complete
Ep 1288 | 드론3 목적지32 |  749스텝 | 배송 32/32 | 재적재  6 | 중계율 0.26 | alpha 0.739 | complete
Ep 1289 | 드론3 목적지51 |  770스텝 | 배송 51/51 | 재적재  9 | 중계율 0.20 | alpha 0.742 | complete
Ep 1290 | 드론3 목적지56 | 1000스텝 | 배송 50/56 | 재적재  9 | 중계율 0.31 | alpha 0.740 | step_limit
Ep 1291 | 드론3 목적지33 |  814스텝 | 배송 33/33 | 재적재  6 | 중계율 0.26 | alpha 0.742 | complete
Ep 1292 | 드론4 목적지48 |  776스텝 | 배송 48/48 | 재적재  8 | 중계율 0.21 | alpha 0.749 | complete
Ep 1293 | 드론3 목적지27 |  583스텝 | 배송 27/27 | 재적재  4 | 중계율 0.23 | alpha 0.756 | complete
Ep 1294 | 드론6 목적지72 |  537스텝 | 배송 72/72 | 재적재 11 | 중계율 0.14 | alpha 0.761 | complete
Ep 1295 | 드론5 목적지38 |  511스텝 | 배송 38/38 | 재적재  6 | 중계율 0.13 | alpha 0.761 | complete
Ep 1296 | 드론4 목적지47 |  599스텝 | 배송 47/47 | 재적재  8 | 중계율 0.17 | alpha 0.770 | complete
Ep 1297 | 드론4 목적지44 |  491스텝 | 배송 44/44 | 재적재  6 | 중계율 0.14 | alpha 0.781 | complete
Ep 1298 | 드론4 목적지29 |  644스텝 | 배송 29/29 | 재적재  5 | 중계율 0.17 | alpha 0.800 | complete
Ep 1299 | 드론6 목적지55 |  428스텝 | 배송 55/55 | 재적재  7 | 중계율 0.15 | alpha 0.812 | complete
Ep 1300 | 드론5 목적지49 |  700스텝 | 배송 49/49 | 재적재  6 | 중계율 0.19 | alpha 0.830 | complete
  [홀드아웃] 배송 49.7±1.5 완주 0.93 스텝 989 점수 99.2 재적재 8.0 2홉+ 0.62 | 최고 107.0@ep550 정체 15/15

조기 종료. 최고 107.0@ep550
Training finished. best=107.0 @ ep550
