/home/kopt/enter/envs/wsl_neuroMCTS/lib/python3.10/site-packages/pygame/pkgdata.py:25: UserWarning: pkg_resources is deprecated as an API. See https://setuptools.pypa.io/en/latest/pkg_resources.html. The pkg_resources package is slated for removal as early as 2025-11-30. Refrain from using this package or pin to Setuptools<81.
  from pkg_resources import resource_stream, resource_exists
pygame 2.6.1 (SDL 2.28.4, Python 3.10.19)
Hello from the pygame community. https://www.pygame.org/contribute.html
집합 상위 학습 | 반경 300 상한 1000 무배송 500 gamma 0.997 구성=무작위 드론[3, 6] 목적지[20, 80] CC무작위 인스턴스=무작위 목표유지=off 완주보상=0.0 잔여페널티=0.1 규칙관측=False 규칙정규화=2.0 막힘페널티=0.0 도달권shaping=0.0 정체전환보상=0.5 엔트로피비=0.45 자기회귀=True 홀드아웃상한=3000 선택=makespan
/home/kopt/drone/proposed_src/pipeline/train_v5_26_09_15_23.py:337: UserWarning: Converting a tensor with requires_grad=True to a scalar may lead to unexpected behavior.
Consider using tensor.detach() first. (Triggered internally at /pytorch/torch/csrc/autograd/generated/python_variable_methods.cpp:836.)
  writer.add_scalar("train/alpha", float(log_alpha.exp()), ep)
Ep 1 | 드론6 목적지57 | 1000스텝 | 배송 54/57 | 재적재  9 | 중계율 0.15 | alpha 0.100 | step_limit
Ep 2 | 드론3 목적지50 | 1000스텝 | 배송 40/50 | 재적재  6 | 중계율 0.20 | alpha 0.100 | step_limit
Ep 3 | 드론6 목적지72 | 1000스텝 | 배송 70/72 | 재적재 12 | 중계율 0.15 | alpha 0.100 | step_limit
Ep 4 | 드론3 목적지46 | 1000스텝 | 배송 44/46 | 재적재  7 | 중계율 0.14 | alpha 0.099 | step_limit
Ep 5 | 드론4 목적지58 | 1000스텝 | 배송 45/58 | 재적재  7 | 중계율 0.33 | alpha 0.104 | step_limit
Ep 6 | 드론3 목적지61 | 1000스텝 | 배송 42/61 | 재적재  7 | 중계율 0.33 | alpha 0.114 | step_limit
Ep 7 | 드론3 목적지30 |  503스텝 | 배송 30/30 | 재적재  4 | 중계율 0.27 | alpha 0.120 | complete
Ep 8 | 드론3 목적지69 | 1000스텝 | 배송 49/69 | 재적재  8 | 중계율 0.31 | alpha 0.131 | step_limit
Ep 9 | 드론4 목적지66 | 1000스텝 | 배송 65/66 | 재적재  9 | 중계율 0.34 | alpha 0.141 | step_limit
Ep 10 | 드론4 목적지26 |  483스텝 | 배송 26/26 | 재적재  4 | 중계율 0.28 | alpha 0.147 | complete
Ep 11 | 드론6 목적지32 |  329스텝 | 배송 32/32 | 재적재  3 | 중계율 0.23 | alpha 0.151 | complete
Ep 12 | 드론4 목적지35 |  394스텝 | 배송 35/35 | 재적재  6 | 중계율 0.16 | alpha 0.155 | complete
Ep 13 | 드론4 목적지23 |  355스텝 | 배송 23/23 | 재적재  2 | 중계율 0.29 | alpha 0.159 | complete
Ep 14 | 드론3 목적지61 | 1000스텝 | 배송 47/61 | 재적재  7 | 중계율 0.28 | alpha 0.172 | step_limit
Ep 15 | 드론5 목적지78 | 1000스텝 | 배송 73/78 | 재적재 13 | 중계율 0.22 | alpha 0.184 | step_limit
Ep 16 | 드론6 목적지46 |  344스텝 | 배송 46/46 | 재적재  5 | 중계율 0.15 | alpha 0.189 | complete
Ep 17 | 드론5 목적지74 |  785스텝 | 배송 74/74 | 재적재 12 | 중계율 0.22 | alpha 0.200 | complete
Ep 18 | 드론4 목적지24 |  353스텝 | 배송 24/24 | 재적재  2 | 중계율 0.20 | alpha 0.205 | complete
Ep 19 | 드론5 목적지24 |  449스텝 | 배송 24/24 | 재적재  4 | 중계율 0.28 | alpha 0.211 | complete
Ep 20 | 드론4 목적지66 |  681스텝 | 배송 66/66 | 재적재 11 | 중계율 0.16 | alpha 0.221 | complete
Ep 21 | 드론4 목적지43 | 1000스텝 | 배송 40/43 | 재적재  6 | 중계율 0.16 | alpha 0.238 | step_limit
Ep 22 | 드론4 목적지43 |  520스텝 | 배송 43/43 | 재적재  6 | 중계율 0.13 | alpha 0.247 | complete
Ep 23 | 드론3 목적지22 |  561스텝 | 배송 22/22 | 재적재  4 | 중계율 0.33 | alpha 0.256 | complete
Ep 24 | 드론4 목적지35 |  586스텝 | 배송 35/35 | 재적재  4 | 중계율 0.25 | alpha 0.267 | complete
Ep 25 | 드론5 목적지25 |  326스텝 | 배송 25/25 | 재적재  3 | 중계율 0.35 | alpha 0.273 | complete
Ep 26 | 드론4 목적지79 |  947스텝 | 배송 79/79 | 재적재 13 | 중계율 0.21 | alpha 0.292 | complete
Ep 27 | 드론6 목적지63 |  809스텝 | 배송 63/63 | 재적재 10 | 중계율 0.33 | alpha 0.308 | complete
Ep 28 | 드론3 목적지77 | 1000스텝 | 배송 60/77 | 재적재 10 | 중계율 0.21 | alpha 0.329 | step_limit
Ep 29 | 드론4 목적지34 |  757스텝 | 배송 34/34 | 재적재  4 | 중계율 0.34 | alpha 0.346 | complete
Ep 30 | 드론4 목적지25 |  509스텝 | 배송 25/25 | 재적재  2 | 중계율 0.38 | alpha 0.358 | complete
Ep 31 | 드론6 목적지68 |  614스텝 | 배송 68/68 | 재적재 10 | 중계율 0.19 | alpha 0.372 | complete
Ep 32 | 드론4 목적지79 | 1000스텝 | 배송 74/79 | 재적재 13 | 중계율 0.28 | alpha 0.397 | step_limit
Ep 33 | 드론4 목적지62 | 1000스텝 | 배송 57/62 | 재적재  9 | 중계율 0.30 | alpha 0.424 | step_limit
Ep 34 | 드론4 목적지33 |  438스텝 | 배송 33/33 | 재적재  4 | 중계율 0.16 | alpha 0.437 | complete
Ep 35 | 드론4 목적지26 |  485스텝 | 배송 26/26 | 재적재  4 | 중계율 0.23 | alpha 0.451 | complete
Ep 36 | 드론4 목적지57 | 1000스텝 | 배송 56/57 | 재적재  9 | 중계율 0.29 | alpha 0.483 | step_limit
Ep 37 | 드론4 목적지29 |  671스텝 | 배송 29/29 | 재적재  4 | 중계율 0.31 | alpha 0.506 | complete
Ep 38 | 드론5 목적지63 |  695스텝 | 배송 63/63 | 재적재 10 | 중계율 0.21 | alpha 0.531 | complete
Ep 39 | 드론5 목적지44 |  819스텝 | 배송 44/44 | 재적재  6 | 중계율 0.30 | alpha 0.562 | complete
Ep 40 | 드론6 목적지56 |  484스텝 | 배송 56/56 | 재적재 10 | 중계율 0.19 | alpha 0.581 | complete
Ep 41 | 드론6 목적지21 |  191스텝 | 배송 21/21 | 재적재  0 | 중계율 0.29 | alpha 0.588 | complete
Ep 42 | 드론3 목적지24 |  663스텝 | 배송 24/24 | 재적재  4 | 중계율 0.23 | alpha 0.615 | complete
Ep 43 | 드론4 목적지52 |  658스텝 | 배송 52/52 | 재적재  8 | 중계율 0.22 | alpha 0.644 | complete
Ep 44 | 드론4 목적지72 | 1000스텝 | 배송 65/72 | 재적재 11 | 중계율 0.17 | alpha 0.690 | step_limit
Ep 45 | 드론4 목적지52 | 1000스텝 | 배송 49/52 | 재적재  8 | 중계율 0.25 | alpha 0.740 | step_limit
Ep 46 | 드론6 목적지72 |  543스텝 | 배송 72/72 | 재적재 12 | 중계율 0.13 | alpha 0.770 | complete
Ep 47 | 드론4 목적지69 |  719스텝 | 배송 69/69 | 재적재 12 | 중계율 0.19 | alpha 0.812 | complete
Ep 48 | 드론4 목적지56 |  954스텝 | 배송 56/56 | 재적재  9 | 중계율 0.20 | alpha 0.870 | complete
Ep 49 | 드론6 목적지78 |  628스텝 | 배송 78/78 | 재적재 14 | 중계율 0.18 | alpha 0.909 | complete
Ep 50 | 드론5 목적지40 | 1000스텝 | 배송 37/40 | 재적재  6 | 중계율 0.41 | alpha 0.972 | step_limit
  [홀드아웃] 배송 48.8±3.8 완주 0.88 스텝 1243 점수 93.4 재적재 7.9 2홉+ 0.66 | 최고 93.4@ep50 정체 0/15  ← 갱신
Ep 51 | 드론6 목적지51 |  303스텝 | 배송 51/51 | 재적재  6 | 중계율 0.10 | alpha 0.990 | complete
Ep 52 | 드론3 목적지42 |  733스텝 | 배송 42/42 | 재적재  7 | 중계율 0.21 | alpha 1.036 | complete
Ep 53 | 드론6 목적지60 |  413스텝 | 배송 60/60 | 재적재  9 | 중계율 0.12 | alpha 1.061 | complete
Ep 54 | 드론4 목적지49 |  531스텝 | 배송 49/49 | 재적재  8 | 중계율 0.11 | alpha 1.093 | complete
Ep 55 | 드론4 목적지40 |  511스텝 | 배송 40/40 | 재적재  6 | 중계율 0.13 | alpha 1.124 | complete
Ep 56 | 드론5 목적지61 |  879스텝 | 배송 61/61 | 재적재 10 | 중계율 0.17 | alpha 1.175 | complete
Ep 57 | 드론3 목적지53 | 1000스텝 | 배송 47/53 | 재적재  9 | 중계율 0.22 | alpha 1.238 | step_limit
Ep 58 | 드론6 목적지57 |  522스텝 | 배송 57/57 | 재적재  9 | 중계율 0.20 | alpha 1.272 | complete
Ep 59 | 드론3 목적지50 | 1000스텝 | 배송 45/50 | 재적재  8 | 중계율 0.16 | alpha 1.340 | step_limit
Ep 60 | 드론4 목적지21 |  467스텝 | 배송 21/21 | 재적재  2 | 중계율 0.22 | alpha 1.374 | complete
Ep 61 | 드론5 목적지26 |  296스텝 | 배송 26/26 | 재적재  3 | 중계율 0.18 | alpha 1.395 | complete
Ep 62 | 드론5 목적지55 |  780스텝 | 배송 55/55 | 재적재  9 | 중계율 0.26 | alpha 1.456 | complete
Ep 63 | 드론6 목적지68 |  771스텝 | 배송 68/68 | 재적재 11 | 중계율 0.21 | alpha 1.519 | complete
Ep 64 | 드론3 목적지41 | 1000스텝 | 배송 32/41 | 재적재  6 | 중계율 0.21 | alpha 1.601 | step_limit
Ep 65 | 드론5 목적지68 |  569스텝 | 배송 68/68 | 재적재 12 | 중계율 0.14 | alpha 1.648 | complete
Ep 66 | 드론3 목적지61 | 1000스텝 | 배송 58/61 | 재적재 10 | 중계율 0.17 | alpha 1.726 | step_limit
Ep 67 | 드론3 목적지53 | 1000스텝 | 배송 42/53 | 재적재  6 | 중계율 0.27 | alpha 1.794 | step_limit
Ep 68 | 드론3 목적지44 |  796스텝 | 배송 44/44 | 재적재  8 | 중계율 0.16 | alpha 1.839 | complete
Ep 69 | 드론4 목적지34 |  493스텝 | 배송 34/34 | 재적재  6 | 중계율 0.14 | alpha 1.859 | complete
Ep 70 | 드론4 목적지31 |  819스텝 | 배송 31/31 | 재적재  5 | 중계율 0.29 | alpha 1.880 | complete
Ep 71 | 드론5 목적지71 |  662스텝 | 배송 71/71 | 재적재 12 | 중계율 0.12 | alpha 1.879 | complete
Ep 72 | 드론3 목적지53 | 1000스텝 | 배송 43/53 | 재적재  7 | 중계율 0.26 | alpha 1.863 | step_limit
Ep 73 | 드론4 목적지21 |  579스텝 | 배송 21/21 | 재적재  2 | 중계율 0.30 | alpha 1.859 | complete
Ep 74 | 드론5 목적지45 |  523스텝 | 배송 45/45 | 재적재  7 | 중계율 0.13 | alpha 1.849 | complete
Ep 75 | 드론5 목적지40 |  608스텝 | 배송 40/40 | 재적재  6 | 중계율 0.21 | alpha 1.840 | complete
Ep 76 | 드론4 목적지75 | 1000스텝 | 배송 46/75 | 재적재  8 | 중계율 0.25 | alpha 1.807 | step_limit
Ep 77 | 드론5 목적지24 |  262스텝 | 배송 24/24 | 재적재  1 | 중계율 0.23 | alpha 1.795 | complete
Ep 78 | 드론4 목적지64 | 1000스텝 | 배송 63/64 | 재적재 10 | 중계율 0.23 | alpha 1.781 | step_limit
Ep 79 | 드론3 목적지41 |  746스텝 | 배송 41/41 | 재적재  6 | 중계율 0.26 | alpha 1.789 | complete
Ep 80 | 드론3 목적지69 | 1000스텝 | 배송 66/69 | 재적재 11 | 중계율 0.23 | alpha 1.758 | step_limit
Ep 81 | 드론6 목적지47 |  457스텝 | 배송 47/47 | 재적재  7 | 중계율 0.17 | alpha 1.745 | complete
Ep 82 | 드론6 목적지69 |  677스텝 | 배송 69/69 | 재적재 10 | 중계율 0.26 | alpha 1.712 | complete
Ep 83 | 드론5 목적지31 |  600스텝 | 배송 31/31 | 재적재  4 | 중계율 0.26 | alpha 1.682 | complete
Ep 84 | 드론3 목적지33 | 1000스텝 | 배송 30/33 | 재적재  4 | 중계율 0.17 | alpha 1.663 | step_limit
Ep 85 | 드론4 목적지38 |  493스텝 | 배송 38/38 | 재적재  6 | 중계율 0.16 | alpha 1.652 | complete
Ep 86 | 드론6 목적지24 |  354스텝 | 배송 24/24 | 재적재  3 | 중계율 0.23 | alpha 1.654 | complete
Ep 87 | 드론3 목적지30 |  974스텝 | 배송 30/30 | 재적재  5 | 중계율 0.19 | alpha 1.684 | complete
Ep 88 | 드론4 목적지38 |  823스텝 | 배송 38/38 | 재적재  6 | 중계율 0.28 | alpha 1.679 | complete
Ep 89 | 드론3 목적지57 | 1000스텝 | 배송 49/57 | 재적재  8 | 중계율 0.18 | alpha 1.676 | step_limit
Ep 90 | 드론6 목적지21 |  247스텝 | 배송 21/21 | 재적재  0 | 중계율 0.16 | alpha 1.668 | complete
Ep 91 | 드론6 목적지77 |  790스텝 | 배송 77/77 | 재적재 14 | 중계율 0.19 | alpha 1.672 | complete
Ep 92 | 드론4 목적지69 | 1000스텝 | 배송 65/69 | 재적재 11 | 중계율 0.24 | alpha 1.659 | step_limit
Ep 93 | 드론6 목적지60 |  473스텝 | 배송 60/60 | 재적재  9 | 중계율 0.12 | alpha 1.668 | complete
Ep 94 | 드론6 목적지45 |  474스텝 | 배송 45/45 | 재적재  6 | 중계율 0.14 | alpha 1.664 | complete
Ep 95 | 드론4 목적지71 | 1000스텝 | 배송 68/71 | 재적재 12 | 중계율 0.17 | alpha 1.634 | step_limit
Ep 96 | 드론3 목적지74 | 1000스텝 | 배송 65/74 | 재적재 11 | 중계율 0.21 | alpha 1.570 | step_limit
Ep 97 | 드론6 목적지47 |  402스텝 | 배송 47/47 | 재적재  7 | 중계율 0.15 | alpha 1.568 | complete
Ep 98 | 드론6 목적지50 |  581스텝 | 배송 50/50 | 재적재  8 | 중계율 0.23 | alpha 1.584 | complete
Ep 99 | 드론6 목적지35 |  429스텝 | 배송 35/35 | 재적재  5 | 중계율 0.15 | alpha 1.589 | complete
Ep 100 | 드론3 목적지40 |  839스텝 | 배송 40/40 | 재적재  7 | 중계율 0.22 | alpha 1.568 | complete
  [홀드아웃] 배송 49.7±1.7 완주 0.97 스텝 1200 점수 103.5 재적재 7.9 2홉+ 0.61 | 최고 103.5@ep100 정체 0/15  ← 갱신
Ep 101 | 드론3 목적지23 |  709스텝 | 배송 23/23 | 재적재  3 | 중계율 0.26 | alpha 1.566 | complete
Ep 102 | 드론3 목적지21 |  505스텝 | 배송 21/21 | 재적재  3 | 중계율 0.24 | alpha 1.572 | complete
Ep 103 | 드론6 목적지72 |  580스텝 | 배송 72/72 | 재적재 13 | 중계율 0.13 | alpha 1.599 | complete
Ep 104 | 드론3 목적지27 | 1000스텝 | 배송 25/27 | 재적재  4 | 중계율 0.27 | alpha 1.598 | step_limit
Ep 105 | 드론4 목적지63 | 1000스텝 | 배송 61/63 | 재적재 10 | 중계율 0.15 | alpha 1.572 | step_limit
Ep 106 | 드론5 목적지58 |  521스텝 | 배송 58/58 | 재적재  9 | 중계율 0.16 | alpha 1.550 | complete
Ep 107 | 드론6 목적지75 | 1000스텝 | 배송 73/75 | 재적재 14 | 중계율 0.24 | alpha 1.511 | step_limit
Ep 108 | 드론4 목적지55 |  868스텝 | 배송 55/55 | 재적재  9 | 중계율 0.25 | alpha 1.513 | complete
Ep 109 | 드론5 목적지64 |  995스텝 | 배송 64/64 | 재적재 11 | 중계율 0.21 | alpha 1.499 | complete
Ep 110 | 드론4 목적지55 |  685스텝 | 배송 55/55 | 재적재 10 | 중계율 0.17 | alpha 1.521 | complete
Ep 111 | 드론5 목적지67 | 1000스텝 | 배송 65/67 | 재적재 10 | 중계율 0.27 | alpha 1.527 | step_limit
Ep 112 | 드론4 목적지46 |  827스텝 | 배송 46/46 | 재적재  8 | 중계율 0.24 | alpha 1.530 | complete
Ep 113 | 드론5 목적지43 |  473스텝 | 배송 43/43 | 재적재  6 | 중계율 0.16 | alpha 1.531 | complete
Ep 114 | 드론3 목적지80 | 1000스텝 | 배송 65/80 | 재적재 13 | 중계율 0.22 | alpha 1.579 | step_limit
Ep 115 | 드론6 목적지78 |  568스텝 | 배송 78/78 | 재적재 12 | 중계율 0.14 | alpha 1.597 | complete
Ep 116 | 드론5 목적지72 |  772스텝 | 배송 72/72 | 재적재 13 | 중계율 0.16 | alpha 1.623 | complete
Ep 117 | 드론4 목적지54 |  751스텝 | 배송 54/54 | 재적재  9 | 중계율 0.13 | alpha 1.615 | complete
Ep 118 | 드론3 목적지63 | 1000스텝 | 배송 46/63 | 재적재  8 | 중계율 0.21 | alpha 1.606 | step_limit
Ep 119 | 드론6 목적지66 |  796스텝 | 배송 66/66 | 재적재 11 | 중계율 0.16 | alpha 1.597 | complete
Ep 120 | 드론5 목적지70 |  779스텝 | 배송 70/70 | 재적재 12 | 중계율 0.19 | alpha 1.595 | complete
Ep 121 | 드론5 목적지45 |  576스텝 | 배송 45/45 | 재적재  8 | 중계율 0.18 | alpha 1.594 | complete
Ep 122 | 드론5 목적지26 |  552스텝 | 배송 26/26 | 재적재  3 | 중계율 0.20 | alpha 1.622 | complete
Ep 123 | 드론6 목적지30 |  354스텝 | 배송 30/30 | 재적재  5 | 중계율 0.18 | alpha 1.623 | complete
Ep 124 | 드론3 목적지80 | 1000스텝 | 배송 65/80 | 재적재 11 | 중계율 0.24 | alpha 1.607 | step_limit
Ep 125 | 드론6 목적지41 |  316스텝 | 배송 41/41 | 재적재  5 | 중계율 0.11 | alpha 1.604 | complete
Ep 126 | 드론4 목적지50 | 1000스텝 | 배송 38/50 | 재적재  5 | 중계율 0.32 | alpha 1.624 | step_limit
Ep 127 | 드론4 목적지37 |  897스텝 | 배송 37/37 | 재적재  6 | 중계율 0.28 | alpha 1.626 | complete
Ep 128 | 드론3 목적지42 |  865스텝 | 배송 42/42 | 재적재  6 | 중계율 0.25 | alpha 1.621 | complete
Ep 129 | 드론5 목적지52 |  428스텝 | 배송 52/52 | 재적재  9 | 중계율 0.09 | alpha 1.605 | complete
Ep 130 | 드론3 목적지40 | 1000스텝 | 배송 38/40 | 재적재  6 | 중계율 0.28 | alpha 1.614 | step_limit
Ep 131 | 드론4 목적지39 |  627스텝 | 배송 39/39 | 재적재  6 | 중계율 0.14 | alpha 1.614 | complete
Ep 132 | 드론6 목적지63 |  521스텝 | 배송 63/63 | 재적재 11 | 중계율 0.09 | alpha 1.623 | complete
Ep 133 | 드론4 목적지61 |  770스텝 | 배송 61/61 | 재적재 11 | 중계율 0.15 | alpha 1.646 | complete
Ep 134 | 드론5 목적지22 |  274스텝 | 배송 22/22 | 재적재  1 | 중계율 0.12 | alpha 1.654 | complete
Ep 135 | 드론3 목적지20 |  681스텝 | 배송 20/20 | 재적재  3 | 중계율 0.24 | alpha 1.656 | complete
Ep 136 | 드론6 목적지57 |  479스텝 | 배송 57/57 | 재적재  9 | 중계율 0.16 | alpha 1.667 | complete
Ep 137 | 드론4 목적지24 |  557스텝 | 배송 24/24 | 재적재  3 | 중계율 0.18 | alpha 1.670 | complete
Ep 138 | 드론5 목적지35 |  379스텝 | 배송 35/35 | 재적재  5 | 중계율 0.15 | alpha 1.667 | complete
Ep 139 | 드론4 목적지29 |  553스텝 | 배송 29/29 | 재적재  4 | 중계율 0.20 | alpha 1.677 | complete
Ep 140 | 드론3 목적지32 | 1000스텝 | 배송 29/32 | 재적재  5 | 중계율 0.29 | alpha 1.669 | step_limit
Ep 141 | 드론4 목적지54 |  784스텝 | 배송 54/54 | 재적재 10 | 중계율 0.15 | alpha 1.670 | complete
Ep 142 | 드론3 목적지42 |  734스텝 | 배송 42/42 | 재적재  8 | 중계율 0.16 | alpha 1.656 | complete
Ep 143 | 드론3 목적지23 |  522스텝 | 배송 23/23 | 재적재  3 | 중계율 0.22 | alpha 1.663 | complete
Ep 144 | 드론4 목적지61 | 1000스텝 | 배송 56/61 | 재적재 10 | 중계율 0.16 | alpha 1.628 | step_limit
Ep 145 | 드론4 목적지64 | 1000스텝 | 배송 62/64 | 재적재 11 | 중계율 0.16 | alpha 1.613 | step_limit
Ep 146 | 드론3 목적지71 | 1000스텝 | 배송 66/71 | 재적재 11 | 중계율 0.13 | alpha 1.579 | step_limit
Ep 147 | 드론3 목적지48 |  971스텝 | 배송 48/48 | 재적재  8 | 중계율 0.21 | alpha 1.556 | complete
Ep 148 | 드론5 목적지36 |  568스텝 | 배송 36/36 | 재적재  5 | 중계율 0.17 | alpha 1.544 | complete
Ep 149 | 드론5 목적지40 |  510스텝 | 배송 40/40 | 재적재  7 | 중계율 0.12 | alpha 1.561 | complete
Ep 150 | 드론4 목적지26 |  489스텝 | 배송 26/26 | 재적재  3 | 중계율 0.17 | alpha 1.584 | complete
  [홀드아웃] 배송 49.9±0.5 완주 0.97 스텝 1102 점수 103.8 재적재 8.3 2홉+ 0.63 | 최고 103.8@ep150 정체 0/15  ← 갱신
Ep 151 | 드론5 목적지70 |  900스텝 | 배송 70/70 | 재적재 13 | 중계율 0.18 | alpha 1.602 | complete
Ep 152 | 드론6 목적지48 |  574스텝 | 배송 48/48 | 재적재  7 | 중계율 0.16 | alpha 1.620 | complete
Ep 153 | 드론6 목적지57 |  639스텝 | 배송 57/57 | 재적재 10 | 중계율 0.17 | alpha 1.628 | complete
Ep 154 | 드론6 목적지34 |  266스텝 | 배송 34/34 | 재적재  5 | 중계율 0.11 | alpha 1.637 | complete
Ep 155 | 드론6 목적지80 |  635스텝 | 배송 80/80 | 재적재 14 | 중계율 0.19 | alpha 1.634 | complete
Ep 156 | 드론6 목적지59 |  479스텝 | 배송 59/59 | 재적재 10 | 중계율 0.14 | alpha 1.635 | complete
Ep 157 | 드론3 목적지42 | 1000스텝 | 배송 41/42 | 재적재  7 | 중계율 0.26 | alpha 1.625 | step_limit
Ep 158 | 드론5 목적지76 |  958스텝 | 배송 76/76 | 재적재 13 | 중계율 0.15 | alpha 1.654 | complete
Ep 159 | 드론6 목적지47 |  327스텝 | 배송 47/47 | 재적재  6 | 중계율 0.09 | alpha 1.657 | complete
Ep 160 | 드론3 목적지62 | 1000스텝 | 배송 58/62 | 재적재 11 | 중계율 0.25 | alpha 1.644 | step_limit
Ep 161 | 드론4 목적지31 |  520스텝 | 배송 31/31 | 재적재  5 | 중계율 0.21 | alpha 1.632 | complete
Ep 162 | 드론4 목적지26 |  643스텝 | 배송 26/26 | 재적재  4 | 중계율 0.19 | alpha 1.610 | complete
Ep 163 | 드론5 목적지21 |  656스텝 | 배송 21/21 | 재적재  2 | 중계율 0.28 | alpha 1.613 | complete
Ep 164 | 드론6 목적지79 |  955스텝 | 배송 79/79 | 재적재 14 | 중계율 0.23 | alpha 1.611 | complete
Ep 165 | 드론6 목적지47 |  458스텝 | 배송 47/47 | 재적재  7 | 중계율 0.18 | alpha 1.630 | complete
Ep 166 | 드론4 목적지77 |  832스텝 | 배송 77/77 | 재적재 14 | 중계율 0.19 | alpha 1.675 | complete
Ep 167 | 드론5 목적지77 | 1000스텝 | 배송 68/77 | 재적재 10 | 중계율 0.27 | alpha 1.700 | step_limit
Ep 168 | 드론6 목적지29 |  325스텝 | 배송 29/29 | 재적재  3 | 중계율 0.18 | alpha 1.698 | complete
Ep 169 | 드론6 목적지59 |  593스텝 | 배송 59/59 | 재적재 10 | 중계율 0.17 | alpha 1.697 | complete
Ep 170 | 드론4 목적지74 | 1000스텝 | 배송 58/74 | 재적재 10 | 중계율 0.22 | alpha 1.699 | step_limit
Ep 171 | 드론5 목적지34 |  434스텝 | 배송 34/34 | 재적재  5 | 중계율 0.12 | alpha 1.711 | complete
Ep 172 | 드론3 목적지43 |  766스텝 | 배송 43/43 | 재적재  7 | 중계율 0.19 | alpha 1.697 | complete
Ep 173 | 드론4 목적지35 |  762스텝 | 배송 35/35 | 재적재  5 | 중계율 0.26 | alpha 1.720 | complete
Ep 174 | 드론6 목적지43 |  409스텝 | 배송 43/43 | 재적재  5 | 중계율 0.16 | alpha 1.726 | complete
Ep 175 | 드론6 목적지30 |  474스텝 | 배송 30/30 | 재적재  3 | 중계율 0.17 | alpha 1.723 | complete
Ep 176 | 드론6 목적지29 |  390스텝 | 배송 29/29 | 재적재  3 | 중계율 0.18 | alpha 1.718 | complete
Ep 177 | 드론3 목적지45 | 1000스텝 | 배송 44/45 | 재적재  8 | 중계율 0.27 | alpha 1.712 | step_limit
Ep 178 | 드론3 목적지20 |  538스텝 | 배송 20/20 | 재적재  2 | 중계율 0.22 | alpha 1.703 | complete
Ep 179 | 드론6 목적지66 |  685스텝 | 배송 66/66 | 재적재 11 | 중계율 0.21 | alpha 1.681 | complete
Ep 180 | 드론6 목적지22 |  242스텝 | 배송 22/22 | 재적재  2 | 중계율 0.09 | alpha 1.679 | complete
Ep 181 | 드론6 목적지77 |  622스텝 | 배송 77/77 | 재적재 13 | 중계율 0.19 | alpha 1.687 | complete
Ep 182 | 드론4 목적지74 |  948스텝 | 배송 74/74 | 재적재 12 | 중계율 0.24 | alpha 1.704 | complete
Ep 183 | 드론6 목적지40 |  315스텝 | 배송 40/40 | 재적재  6 | 중계율 0.09 | alpha 1.701 | complete
Ep 184 | 드론4 목적지77 | 1000스텝 | 배송 76/77 | 재적재 14 | 중계율 0.20 | alpha 1.681 | step_limit
Ep 185 | 드론5 목적지72 |  832스텝 | 배송 72/72 | 재적재 12 | 중계율 0.18 | alpha 1.665 | complete
Ep 186 | 드론5 목적지74 |  665스텝 | 배송 74/74 | 재적재 12 | 중계율 0.12 | alpha 1.651 | complete
Ep 187 | 드론3 목적지65 | 1000스텝 | 배송 58/65 | 재적재  9 | 중계율 0.19 | alpha 1.609 | step_limit
Ep 188 | 드론3 목적지80 | 1000스텝 | 배송 55/80 | 재적재 10 | 중계율 0.25 | alpha 1.588 | step_limit
Ep 189 | 드론5 목적지55 |  734스텝 | 배송 55/55 | 재적재  9 | 중계율 0.19 | alpha 1.595 | complete
Ep 190 | 드론4 목적지36 |  677스텝 | 배송 36/36 | 재적재  6 | 중계율 0.25 | alpha 1.609 | complete
Ep 191 | 드론3 목적지28 | 1000스텝 | 배송 26/28 | 재적재  5 | 중계율 0.20 | alpha 1.613 | step_limit
Ep 192 | 드론6 목적지74 |  598스텝 | 배송 74/74 | 재적재 13 | 중계율 0.13 | alpha 1.601 | complete
Ep 193 | 드론4 목적지61 |  947스텝 | 배송 61/61 | 재적재 10 | 중계율 0.27 | alpha 1.578 | complete
Ep 194 | 드론6 목적지73 |  668스텝 | 배송 73/73 | 재적재 13 | 중계율 0.14 | alpha 1.577 | complete
Ep 195 | 드론5 목적지69 | 1000스텝 | 배송 67/69 | 재적재 13 | 중계율 0.23 | alpha 1.574 | step_limit
Ep 196 | 드론4 목적지47 |  740스텝 | 배송 47/47 | 재적재  8 | 중계율 0.17 | alpha 1.554 | complete
Ep 197 | 드론5 목적지27 |  497스텝 | 배송 27/27 | 재적재  5 | 중계율 0.19 | alpha 1.549 | complete
Ep 198 | 드론4 목적지56 |  800스텝 | 배송 56/56 | 재적재 10 | 중계율 0.15 | alpha 1.563 | complete
Ep 199 | 드론3 목적지57 | 1000스텝 | 배송 51/57 | 재적재  9 | 중계율 0.21 | alpha 1.583 | step_limit
Ep 200 | 드론6 목적지64 |  710스텝 | 배송 64/64 | 재적재 11 | 중계율 0.17 | alpha 1.605 | complete
  [홀드아웃] 배송 50.0±0.2 완주 0.97 스텝 1138 점수 103.7 재적재 8.4 2홉+ 0.64 | 최고 103.8@ep150 정체 1/15
Ep 201 | 드론6 목적지38 |  879스텝 | 배송 38/38 | 재적재  5 | 중계율 0.23 | alpha 1.619 | complete
Ep 202 | 드론3 목적지32 | 1000스텝 | 배송 31/32 | 재적재  6 | 중계율 0.33 | alpha 1.606 | step_limit
Ep 203 | 드론4 목적지23 |  400스텝 | 배송 23/23 | 재적재  3 | 중계율 0.12 | alpha 1.605 | complete
Ep 204 | 드론4 목적지38 |  525스텝 | 배송 38/38 | 재적재  6 | 중계율 0.14 | alpha 1.594 | complete
Ep 205 | 드론4 목적지27 |  506스텝 | 배송 27/27 | 재적재  3 | 중계율 0.14 | alpha 1.588 | complete
Ep 206 | 드론3 목적지58 | 1000스텝 | 배송 53/58 | 재적재  9 | 중계율 0.21 | alpha 1.592 | step_limit
Ep 207 | 드론4 목적지52 | 1000스텝 | 배송 50/52 | 재적재  7 | 중계율 0.28 | alpha 1.625 | step_limit
Ep 208 | 드론4 목적지60 | 1000스텝 | 배송 55/60 | 재적재  9 | 중계율 0.30 | alpha 1.618 | step_limit
Ep 209 | 드론3 목적지72 | 1000스텝 | 배송 58/72 | 재적재 11 | 중계율 0.26 | alpha 1.614 | step_limit
Ep 210 | 드론6 목적지39 |  287스텝 | 배송 39/39 | 재적재  4 | 중계율 0.07 | alpha 1.615 | complete
Ep 211 | 드론3 목적지55 | 1000스텝 | 배송 52/55 | 재적재  8 | 중계율 0.18 | alpha 1.608 | step_limit
Ep 212 | 드론4 목적지62 |  938스텝 | 배송 62/62 | 재적재 11 | 중계율 0.15 | alpha 1.609 | complete
Ep 213 | 드론5 목적지77 |  713스텝 | 배송 77/77 | 재적재 13 | 중계율 0.12 | alpha 1.634 | complete
Ep 214 | 드론4 목적지44 |  643스텝 | 배송 44/44 | 재적재  8 | 중계율 0.18 | alpha 1.648 | complete
Ep 215 | 드론3 목적지49 | 1000스텝 | 배송 48/49 | 재적재  8 | 중계율 0.26 | alpha 1.663 | step_limit
Ep 216 | 드론6 목적지29 |  520스텝 | 배송 29/29 | 재적재  3 | 중계율 0.22 | alpha 1.657 | complete
Ep 217 | 드론5 목적지36 |  404스텝 | 배송 36/36 | 재적재  5 | 중계율 0.17 | alpha 1.663 | complete
Ep 218 | 드론5 목적지55 |  477스텝 | 배송 55/55 | 재적재  8 | 중계율 0.10 | alpha 1.690 | complete
Ep 219 | 드론3 목적지35 |  940스텝 | 배송 35/35 | 재적재  5 | 중계율 0.25 | alpha 1.686 | complete
Ep 220 | 드론6 목적지73 |  537스텝 | 배송 73/73 | 재적재 12 | 중계율 0.11 | alpha 1.682 | complete
Ep 221 | 드론6 목적지25 |  284스텝 | 배송 25/25 | 재적재  1 | 중계율 0.16 | alpha 1.679 | complete
Ep 222 | 드론4 목적지30 |  528스텝 | 배송 30/30 | 재적재  4 | 중계율 0.17 | alpha 1.670 | complete
Ep 223 | 드론4 목적지45 | 1000스텝 | 배송 42/45 | 재적재  6 | 중계율 0.24 | alpha 1.644 | step_limit
Ep 224 | 드론5 목적지76 |  874스텝 | 배송 76/76 | 재적재 13 | 중계율 0.25 | alpha 1.607 | complete
Ep 225 | 드론5 목적지70 |  735스텝 | 배송 70/70 | 재적재 11 | 중계율 0.17 | alpha 1.590 | complete
Ep 226 | 드론6 목적지73 |  524스텝 | 배송 73/73 | 재적재 11 | 중계율 0.11 | alpha 1.594 | complete
Ep 227 | 드론6 목적지56 |  509스텝 | 배송 56/56 | 재적재  9 | 중계율 0.12 | alpha 1.601 | complete
Ep 228 | 드론5 목적지24 |  452스텝 | 배송 24/24 | 재적재  2 | 중계율 0.14 | alpha 1.584 | complete
Ep 229 | 드론3 목적지32 |  907스텝 | 배송 32/32 | 재적재  5 | 중계율 0.27 | alpha 1.563 | complete
Ep 230 | 드론3 목적지62 | 1000스텝 | 배송 60/62 | 재적재 10 | 중계율 0.19 | alpha 1.582 | step_limit
Ep 231 | 드론3 목적지27 |  556스텝 | 배송 27/27 | 재적재  3 | 중계율 0.20 | alpha 1.597 | complete
Ep 232 | 드론6 목적지27 |  544스텝 | 배송 27/27 | 재적재  2 | 중계율 0.23 | alpha 1.610 | complete
Ep 233 | 드론5 목적지58 |  755스텝 | 배송 58/58 | 재적재 10 | 중계율 0.18 | alpha 1.606 | complete
Ep 234 | 드론4 목적지56 |  843스텝 | 배송 56/56 | 재적재  9 | 중계율 0.15 | alpha 1.609 | complete
Ep 235 | 드론4 목적지49 |  690스텝 | 배송 49/49 | 재적재  8 | 중계율 0.19 | alpha 1.629 | complete
Ep 236 | 드론6 목적지71 |  577스텝 | 배송 71/71 | 재적재 11 | 중계율 0.13 | alpha 1.617 | complete
Ep 237 | 드론5 목적지77 |  723스텝 | 배송 77/77 | 재적재 14 | 중계율 0.13 | alpha 1.618 | complete
Ep 238 | 드론6 목적지27 |  293스텝 | 배송 27/27 | 재적재  3 | 중계율 0.09 | alpha 1.602 | complete
Ep 239 | 드론5 목적지37 |  494스텝 | 배송 37/37 | 재적재  6 | 중계율 0.18 | alpha 1.566 | complete
Ep 240 | 드론6 목적지70 |  560스텝 | 배송 70/70 | 재적재 13 | 중계율 0.13 | alpha 1.553 | complete
Ep 241 | 드론3 목적지46 |  957스텝 | 배송 46/46 | 재적재  8 | 중계율 0.22 | alpha 1.539 | complete
Ep 242 | 드론6 목적지65 |  651스텝 | 배송 65/65 | 재적재 10 | 중계율 0.10 | alpha 1.556 | complete
Ep 243 | 드론5 목적지39 |  573스텝 | 배송 39/39 | 재적재  5 | 중계율 0.21 | alpha 1.555 | complete
Ep 244 | 드론4 목적지51 |  921스텝 | 배송 51/51 | 재적재  8 | 중계율 0.17 | alpha 1.551 | complete
Ep 245 | 드론3 목적지52 | 1000스텝 | 배송 36/52 | 재적재  6 | 중계율 0.25 | alpha 1.551 | step_limit
Ep 246 | 드론5 목적지54 |  634스텝 | 배송 54/54 | 재적재  9 | 중계율 0.13 | alpha 1.565 | complete
Ep 247 | 드론6 목적지69 |  561스텝 | 배송 69/69 | 재적재  9 | 중계율 0.13 | alpha 1.568 | complete
Ep 248 | 드론3 목적지77 | 1000스텝 | 배송 66/77 | 재적재 12 | 중계율 0.18 | alpha 1.540 | step_limit
Ep 249 | 드론5 목적지70 |  647스텝 | 배송 70/70 | 재적재 12 | 중계율 0.12 | alpha 1.531 | complete
Ep 250 | 드론3 목적지51 | 1000스텝 | 배송 45/51 | 재적재  7 | 중계율 0.15 | alpha 1.527 | step_limit
  [홀드아웃] 배송 50.0±0.0 완주 1.00 스텝 1083 점수 106.4 재적재 8.4 2홉+ 0.64 | 최고 106.4@ep250 정체 0/15  ← 갱신
Ep 251 | 드론6 목적지33 |  420스텝 | 배송 33/33 | 재적재  3 | 중계율 0.11 | alpha 1.540 | complete
Ep 252 | 드론3 목적지25 |  673스텝 | 배송 25/25 | 재적재  4 | 중계율 0.21 | alpha 1.538 | complete
Ep 253 | 드론5 목적지49 |  671스텝 | 배송 49/49 | 재적재  8 | 중계율 0.20 | alpha 1.536 | complete
Ep 254 | 드론5 목적지26 |  336스텝 | 배송 26/26 | 재적재  2 | 중계율 0.10 | alpha 1.524 | complete
Ep 255 | 드론4 목적지38 |  856스텝 | 배송 38/38 | 재적재  5 | 중계율 0.24 | alpha 1.523 | complete
Ep 256 | 드론4 목적지27 |  582스텝 | 배송 27/27 | 재적재  4 | 중계율 0.20 | alpha 1.515 | complete
Ep 257 | 드론3 목적지44 | 1000스텝 | 배송 43/44 | 재적재  8 | 중계율 0.20 | alpha 1.529 | step_limit
Ep 258 | 드론5 목적지73 |  680스텝 | 배송 73/73 | 재적재 13 | 중계율 0.14 | alpha 1.532 | complete
Ep 259 | 드론5 목적지65 |  696스텝 | 배송 65/65 | 재적재 11 | 중계율 0.14 | alpha 1.531 | complete
Ep 260 | 드론6 목적지49 |  830스텝 | 배송 49/49 | 재적재  7 | 중계율 0.17 | alpha 1.542 | complete
Ep 261 | 드론6 목적지21 |  323스텝 | 배송 21/21 | 재적재  0 | 중계율 0.13 | alpha 1.543 | complete
Ep 262 | 드론3 목적지69 | 1000스텝 | 배송 66/69 | 재적재 13 | 중계율 0.14 | alpha 1.542 | step_limit
Ep 263 | 드론4 목적지40 | 1000스텝 | 배송 38/40 | 재적재  6 | 중계율 0.26 | alpha 1.566 | step_limit
Ep 264 | 드론5 목적지35 |  366스텝 | 배송 35/35 | 재적재  4 | 중계율 0.13 | alpha 1.577 | complete
Ep 265 | 드론6 목적지52 |  477스텝 | 배송 52/52 | 재적재  9 | 중계율 0.09 | alpha 1.558 | complete
Ep 266 | 드론4 목적지33 |  321스텝 | 배송 33/33 | 재적재  4 | 중계율 0.05 | alpha 1.556 | complete
Ep 267 | 드론6 목적지32 |  306스텝 | 배송 32/32 | 재적재  4 | 중계율 0.13 | alpha 1.550 | complete
Ep 268 | 드론4 목적지39 |  862스텝 | 배송 39/39 | 재적재  6 | 중계율 0.25 | alpha 1.546 | complete
Ep 269 | 드론5 목적지71 |  653스텝 | 배송 71/71 | 재적재 13 | 중계율 0.14 | alpha 1.518 | complete
Ep 270 | 드론3 목적지56 | 1000스텝 | 배송 43/56 | 재적재  6 | 중계율 0.22 | alpha 1.491 | step_limit
Ep 271 | 드론5 목적지66 |  754스텝 | 배송 66/66 | 재적재 10 | 중계율 0.14 | alpha 1.485 | complete
Ep 272 | 드론4 목적지33 |  336스텝 | 배송 33/33 | 재적재  5 | 중계율 0.11 | alpha 1.493 | complete
Ep 273 | 드론5 목적지75 |  643스텝 | 배송 75/75 | 재적재 13 | 중계율 0.15 | alpha 1.505 | complete
Ep 274 | 드론4 목적지63 |  717스텝 | 배송 63/63 | 재적재 11 | 중계율 0.13 | alpha 1.506 | complete
Ep 275 | 드론3 목적지46 | 1000스텝 | 배송 43/46 | 재적재  7 | 중계율 0.22 | alpha 1.506 | step_limit
Ep 276 | 드론5 목적지62 |  922스텝 | 배송 62/62 | 재적재 11 | 중계율 0.20 | alpha 1.500 | complete
Ep 277 | 드론6 목적지35 |  332스텝 | 배송 35/35 | 재적재  5 | 중계율 0.12 | alpha 1.498 | complete
Ep 278 | 드론4 목적지79 |  938스텝 | 배송 79/79 | 재적재 14 | 중계율 0.12 | alpha 1.510 | complete
Ep 279 | 드론3 목적지50 | 1000스텝 | 배송 49/50 | 재적재  8 | 중계율 0.19 | alpha 1.512 | step_limit
Ep 280 | 드론3 목적지71 | 1000스텝 | 배송 55/71 | 재적재 11 | 중계율 0.20 | alpha 1.496 | step_limit
Ep 281 | 드론5 목적지52 |  667스텝 | 배송 52/52 | 재적재  8 | 중계율 0.19 | alpha 1.495 | complete
Ep 282 | 드론4 목적지55 |  681스텝 | 배송 55/55 | 재적재 10 | 중계율 0.14 | alpha 1.489 | complete
Ep 283 | 드론4 목적지44 |  744스텝 | 배송 44/44 | 재적재  7 | 중계율 0.15 | alpha 1.467 | complete
Ep 284 | 드론6 목적지61 |  617스텝 | 배송 61/61 | 재적재  9 | 중계율 0.12 | alpha 1.458 | complete
Ep 285 | 드론6 목적지61 |  568스텝 | 배송 61/61 | 재적재  9 | 중계율 0.12 | alpha 1.429 | complete
Ep 286 | 드론6 목적지35 |  335스텝 | 배송 35/35 | 재적재  5 | 중계율 0.12 | alpha 1.429 | complete
Ep 287 | 드론5 목적지42 |  331스텝 | 배송 42/42 | 재적재  5 | 중계율 0.10 | alpha 1.437 | complete
Ep 288 | 드론4 목적지26 |  732스텝 | 배송 26/26 | 재적재  3 | 중계율 0.25 | alpha 1.413 | complete
Ep 289 | 드론5 목적지71 |  680스텝 | 배송 71/71 | 재적재 11 | 중계율 0.11 | alpha 1.419 | complete
Ep 290 | 드론3 목적지34 |  712스텝 | 배송 34/34 | 재적재  5 | 중계율 0.19 | alpha 1.421 | complete
Ep 291 | 드론6 목적지70 |  735스텝 | 배송 70/70 | 재적재 12 | 중계율 0.15 | alpha 1.421 | complete
Ep 292 | 드론6 목적지25 |  222스텝 | 배송 25/25 | 재적재  3 | 중계율 0.08 | alpha 1.421 | complete
Ep 293 | 드론5 목적지78 |  890스텝 | 배송 78/78 | 재적재 13 | 중계율 0.16 | alpha 1.407 | complete
Ep 294 | 드론4 목적지63 |  988스텝 | 배송 63/63 | 재적재 12 | 중계율 0.17 | alpha 1.436 | complete
Ep 295 | 드론3 목적지40 |  709스텝 | 배송 40/40 | 재적재  7 | 중계율 0.21 | alpha 1.429 | complete
Ep 296 | 드론3 목적지78 | 1000스텝 | 배송 57/78 | 재적재  9 | 중계율 0.24 | alpha 1.424 | step_limit
Ep 297 | 드론3 목적지76 | 1000스텝 | 배송 72/76 | 재적재 13 | 중계율 0.13 | alpha 1.431 | step_limit
Ep 298 | 드론5 목적지42 |  625스텝 | 배송 42/42 | 재적재  6 | 중계율 0.13 | alpha 1.447 | complete
Ep 299 | 드론5 목적지34 |  907스텝 | 배송 34/34 | 재적재  5 | 중계율 0.23 | alpha 1.467 | complete
Ep 300 | 드론6 목적지73 |  537스텝 | 배송 73/73 | 재적재 11 | 중계율 0.13 | alpha 1.468 | complete
  [홀드아웃] 배송 50.0±0.0 완주 1.00 스텝 1087 점수 106.4 재적재 8.3 2홉+ 0.63 | 최고 106.4@ep250 정체 1/15
Ep 301 | 드론5 목적지74 |  567스텝 | 배송 74/74 | 재적재 13 | 중계율 0.10 | alpha 1.463 | complete
Ep 302 | 드론3 목적지56 | 1000스텝 | 배송 50/56 | 재적재  9 | 중계율 0.19 | alpha 1.441 | step_limit
Ep 303 | 드론6 목적지24 |  346스텝 | 배송 24/24 | 재적재  1 | 중계율 0.11 | alpha 1.430 | complete
Ep 304 | 드론5 목적지67 |  697스텝 | 배송 67/67 | 재적재 11 | 중계율 0.13 | alpha 1.453 | complete
Ep 305 | 드론4 목적지69 |  991스텝 | 배송 69/69 | 재적재 12 | 중계율 0.15 | alpha 1.477 | complete
Ep 306 | 드론4 목적지30 |  356스텝 | 배송 30/30 | 재적재  4 | 중계율 0.14 | alpha 1.501 | complete
Ep 307 | 드론6 목적지46 |  438스텝 | 배송 46/46 | 재적재  8 | 중계율 0.09 | alpha 1.499 | complete
Ep 308 | 드론3 목적지45 |  903스텝 | 배송 45/45 | 재적재  8 | 중계율 0.18 | alpha 1.470 | complete
Ep 309 | 드론6 목적지80 |  744스텝 | 배송 80/80 | 재적재 14 | 중계율 0.16 | alpha 1.470 | complete
Ep 310 | 드론4 목적지26 |  394스텝 | 배송 26/26 | 재적재  4 | 중계율 0.11 | alpha 1.474 | complete
Ep 311 | 드론3 목적지52 |  878스텝 | 배송 52/52 | 재적재  9 | 중계율 0.15 | alpha 1.462 | complete
Ep 312 | 드론3 목적지42 |  839스텝 | 배송 42/42 | 재적재  7 | 중계율 0.21 | alpha 1.454 | complete
Ep 313 | 드론3 목적지60 | 1000스텝 | 배송 55/60 | 재적재 10 | 중계율 0.22 | alpha 1.445 | step_limit
Ep 314 | 드론3 목적지78 | 1000스텝 | 배송 60/78 | 재적재 11 | 중계율 0.26 | alpha 1.435 | step_limit
Ep 315 | 드론5 목적지51 |  653스텝 | 배송 51/51 | 재적재  8 | 중계율 0.19 | alpha 1.427 | complete
Ep 316 | 드론5 목적지58 |  635스텝 | 배송 58/58 | 재적재  9 | 중계율 0.14 | alpha 1.428 | complete
Ep 317 | 드론5 목적지75 |  742스텝 | 배송 75/75 | 재적재 14 | 중계율 0.16 | alpha 1.430 | complete
Ep 318 | 드론6 목적지56 |  675스텝 | 배송 56/56 | 재적재 10 | 중계율 0.18 | alpha 1.456 | complete
Ep 319 | 드론4 목적지69 |  887스텝 | 배송 69/69 | 재적재 11 | 중계율 0.23 | alpha 1.481 | complete
Ep 320 | 드론5 목적지45 |  590스텝 | 배송 45/45 | 재적재  7 | 중계율 0.14 | alpha 1.472 | complete
Ep 321 | 드론5 목적지28 |  415스텝 | 배송 28/28 | 재적재  2 | 중계율 0.15 | alpha 1.476 | complete
Ep 322 | 드론5 목적지59 |  590스텝 | 배송 59/59 | 재적재 10 | 중계율 0.10 | alpha 1.456 | complete
Ep 323 | 드론3 목적지44 | 1000스텝 | 배송 43/44 | 재적재  6 | 중계율 0.28 | alpha 1.467 | step_limit
Ep 324 | 드론3 목적지25 |  716스텝 | 배송 25/25 | 재적재  3 | 중계율 0.18 | alpha 1.468 | complete
Ep 325 | 드론6 목적지65 |  483스텝 | 배송 65/65 | 재적재 12 | 중계율 0.10 | alpha 1.470 | complete
Ep 326 | 드론4 목적지31 |  508스텝 | 배송 31/31 | 재적재  5 | 중계율 0.13 | alpha 1.458 | complete
Ep 327 | 드론6 목적지67 |  515스텝 | 배송 67/67 | 재적재 10 | 중계율 0.09 | alpha 1.458 | complete
Ep 328 | 드론4 목적지65 |  984스텝 | 배송 65/65 | 재적재 12 | 중계율 0.16 | alpha 1.441 | complete
Ep 329 | 드론6 목적지33 |  360스텝 | 배송 33/33 | 재적재  5 | 중계율 0.12 | alpha 1.444 | complete
Ep 330 | 드론5 목적지76 |  978스텝 | 배송 76/76 | 재적재 13 | 중계율 0.15 | alpha 1.429 | complete
Ep 331 | 드론4 목적지76 | 1000스텝 | 배송 66/76 | 재적재 12 | 중계율 0.19 | alpha 1.448 | step_limit
Ep 332 | 드론6 목적지75 |  649스텝 | 배송 75/75 | 재적재 13 | 중계율 0.13 | alpha 1.466 | complete
Ep 333 | 드론4 목적지26 |  414스텝 | 배송 26/26 | 재적재  3 | 중계율 0.15 | alpha 1.471 | complete
Ep 334 | 드론3 목적지63 | 1000스텝 | 배송 51/63 | 재적재  9 | 중계율 0.18 | alpha 1.461 | step_limit
Ep 335 | 드론5 목적지28 |  375스텝 | 배송 28/28 | 재적재  4 | 중계율 0.16 | alpha 1.477 | complete
Ep 336 | 드론3 목적지54 | 1000스텝 | 배송 42/54 | 재적재  7 | 중계율 0.21 | alpha 1.472 | step_limit
Ep 337 | 드론4 목적지65 | 1000스텝 | 배송 54/65 | 재적재  8 | 중계율 0.24 | alpha 1.441 | step_limit
Ep 338 | 드론4 목적지68 | 1000스텝 | 배송 66/68 | 재적재 12 | 중계율 0.15 | alpha 1.421 | step_limit
Ep 339 | 드론5 목적지47 |  511스텝 | 배송 47/47 | 재적재  6 | 중계율 0.12 | alpha 1.421 | complete
Ep 340 | 드론4 목적지73 | 1000스텝 | 배송 68/73 | 재적재 12 | 중계율 0.29 | alpha 1.437 | step_limit
Ep 341 | 드론4 목적지64 | 1000스텝 | 배송 51/64 | 재적재  8 | 중계율 0.24 | alpha 1.458 | step_limit
Ep 342 | 드론4 목적지26 |  377스텝 | 배송 26/26 | 재적재  3 | 중계율 0.10 | alpha 1.450 | complete
Ep 343 | 드론6 목적지58 |  484스텝 | 배송 58/58 | 재적재  9 | 중계율 0.13 | alpha 1.434 | complete
Ep 344 | 드론5 목적지23 |  223스텝 | 배송 23/23 | 재적재  1 | 중계율 0.09 | alpha 1.418 | complete
Ep 345 | 드론5 목적지53 |  770스텝 | 배송 53/53 | 재적재  9 | 중계율 0.18 | alpha 1.408 | complete
Ep 346 | 드론4 목적지21 |  448스텝 | 배송 21/21 | 재적재  2 | 중계율 0.14 | alpha 1.411 | complete
Ep 347 | 드론6 목적지39 |  369스텝 | 배송 39/39 | 재적재  4 | 중계율 0.12 | alpha 1.403 | complete
Ep 348 | 드론6 목적지46 |  340스텝 | 배송 46/46 | 재적재  6 | 중계율 0.07 | alpha 1.395 | complete
Ep 349 | 드론5 목적지37 |  371스텝 | 배송 37/37 | 재적재  5 | 중계율 0.09 | alpha 1.402 | complete
Ep 350 | 드론3 목적지42 | 1000스텝 | 배송 37/42 | 재적재  5 | 중계율 0.23 | alpha 1.410 | step_limit
  [홀드아웃] 배송 49.9±0.5 완주 0.97 스텝 1111 점수 103.8 재적재 8.4 2홉+ 0.64 | 최고 106.4@ep250 정체 2/15
Ep 351 | 드론6 목적지54 |  411스텝 | 배송 54/54 | 재적재  8 | 중계율 0.09 | alpha 1.419 | complete
Ep 352 | 드론5 목적지69 |  827스텝 | 배송 69/69 | 재적재 11 | 중계율 0.17 | alpha 1.400 | complete
Ep 353 | 드론3 목적지44 |  941스텝 | 배송 44/44 | 재적재  7 | 중계율 0.20 | alpha 1.363 | complete
Ep 354 | 드론4 목적지49 | 1000스텝 | 배송 48/49 | 재적재  8 | 중계율 0.16 | alpha 1.371 | step_limit
Ep 355 | 드론3 목적지28 |  898스텝 | 배송 28/28 | 재적재  4 | 중계율 0.23 | alpha 1.358 | complete
Ep 356 | 드론3 목적지79 | 1000스텝 | 배송 71/79 | 재적재 13 | 중계율 0.16 | alpha 1.351 | step_limit
Ep 357 | 드론5 목적지71 |  548스텝 | 배송 71/71 | 재적재 13 | 중계율 0.07 | alpha 1.351 | complete
Ep 358 | 드론3 목적지30 |  627스텝 | 배송 30/30 | 재적재  5 | 중계율 0.15 | alpha 1.359 | complete
Ep 359 | 드론4 목적지74 |  909스텝 | 배송 74/74 | 재적재 14 | 중계율 0.14 | alpha 1.364 | complete
Ep 360 | 드론5 목적지47 |  434스텝 | 배송 47/47 | 재적재  7 | 중계율 0.10 | alpha 1.347 | complete
Ep 361 | 드론4 목적지43 |  854스텝 | 배송 43/43 | 재적재  8 | 중계율 0.22 | alpha 1.332 | complete
Ep 362 | 드론6 목적지78 |  594스텝 | 배송 78/78 | 재적재 14 | 중계율 0.10 | alpha 1.333 | complete
Ep 363 | 드론5 목적지70 |  674스텝 | 배송 70/70 | 재적재 12 | 중계율 0.09 | alpha 1.342 | complete
Ep 364 | 드론3 목적지64 | 1000스텝 | 배송 53/64 | 재적재 10 | 중계율 0.23 | alpha 1.352 | step_limit
Ep 365 | 드론3 목적지63 | 1000스텝 | 배송 52/63 | 재적재 10 | 중계율 0.28 | alpha 1.366 | step_limit
Ep 366 | 드론4 목적지44 |  674스텝 | 배송 44/44 | 재적재  7 | 중계율 0.18 | alpha 1.372 | complete
Ep 367 | 드론5 목적지38 |  376스텝 | 배송 38/38 | 재적재  4 | 중계율 0.12 | alpha 1.374 | complete
Ep 368 | 드론3 목적지37 |  591스텝 | 배송 37/37 | 재적재  6 | 중계율 0.11 | alpha 1.388 | complete
Ep 369 | 드론3 목적지42 |  726스텝 | 배송 42/42 | 재적재  7 | 중계율 0.17 | alpha 1.411 | complete
Ep 370 | 드론4 목적지70 | 1000스텝 | 배송 60/70 | 재적재 11 | 중계율 0.21 | alpha 1.394 | step_limit
Ep 371 | 드론4 목적지40 |  605스텝 | 배송 40/40 | 재적재  6 | 중계율 0.14 | alpha 1.399 | complete
Ep 372 | 드론5 목적지29 |  360스텝 | 배송 29/29 | 재적재  4 | 중계율 0.12 | alpha 1.398 | complete
Ep 373 | 드론3 목적지79 | 1000스텝 | 배송 65/79 | 재적재 11 | 중계율 0.18 | alpha 1.405 | step_limit
Ep 374 | 드론4 목적지40 |  843스텝 | 배송 40/40 | 재적재  5 | 중계율 0.21 | alpha 1.400 | complete
Ep 375 | 드론3 목적지28 |  590스텝 | 배송 28/28 | 재적재  5 | 중계율 0.12 | alpha 1.382 | complete
Ep 376 | 드론4 목적지40 | 1000스텝 | 배송 37/40 | 재적재  7 | 중계율 0.24 | alpha 1.380 | step_limit
Ep 377 | 드론3 목적지72 | 1000스텝 | 배송 56/72 | 재적재  9 | 중계율 0.20 | alpha 1.398 | step_limit
Ep 378 | 드론6 목적지61 |  558스텝 | 배송 61/61 | 재적재 11 | 중계율 0.10 | alpha 1.402 | complete
Ep 379 | 드론5 목적지68 |  574스텝 | 배송 68/68 | 재적재 11 | 중계율 0.14 | alpha 1.410 | complete
Ep 380 | 드론3 목적지24 |  616스텝 | 배송 24/24 | 재적재  3 | 중계율 0.21 | alpha 1.413 | complete
Ep 381 | 드론4 목적지52 | 1000스텝 | 배송 51/52 | 재적재  8 | 중계율 0.25 | alpha 1.416 | step_limit
Ep 382 | 드론5 목적지35 |  366스텝 | 배송 35/35 | 재적재  5 | 중계율 0.08 | alpha 1.430 | complete
Ep 383 | 드론3 목적지47 | 1000스텝 | 배송 44/47 | 재적재  8 | 중계율 0.19 | alpha 1.437 | step_limit
Ep 384 | 드론4 목적지28 |  402스텝 | 배송 28/28 | 재적재  4 | 중계율 0.16 | alpha 1.426 | complete
Ep 385 | 드론5 목적지70 |  880스텝 | 배송 70/70 | 재적재 12 | 중계율 0.17 | alpha 1.426 | complete
Ep 386 | 드론5 목적지71 |  892스텝 | 배송 71/71 | 재적재 12 | 중계율 0.12 | alpha 1.407 | complete
Ep 387 | 드론4 목적지49 |  597스텝 | 배송 49/49 | 재적재  8 | 중계율 0.08 | alpha 1.408 | complete
Ep 388 | 드론4 목적지21 | 1000스텝 | 배송 20/21 | 재적재  2 | 중계율 0.32 | alpha 1.420 | step_limit
Ep 389 | 드론5 목적지60 |  530스텝 | 배송 60/60 | 재적재 10 | 중계율 0.09 | alpha 1.422 | complete
Ep 390 | 드론5 목적지30 |  320스텝 | 배송 30/30 | 재적재  4 | 중계율 0.11 | alpha 1.417 | complete
Ep 391 | 드론3 목적지51 |  696스텝 | 배송 51/51 | 재적재  8 | 중계율 0.10 | alpha 1.409 | complete
Ep 392 | 드론4 목적지39 |  740스텝 | 배송 39/39 | 재적재  6 | 중계율 0.19 | alpha 1.394 | complete
Ep 393 | 드론6 목적지73 |  617스텝 | 배송 73/73 | 재적재 11 | 중계율 0.08 | alpha 1.382 | complete
Ep 394 | 드론3 목적지32 |  879스텝 | 배송 32/32 | 재적재  5 | 중계율 0.26 | alpha 1.390 | complete
Ep 395 | 드론6 목적지70 |  476스텝 | 배송 70/70 | 재적재 11 | 중계율 0.12 | alpha 1.381 | complete
Ep 396 | 드론6 목적지28 |  328스텝 | 배송 28/28 | 재적재  1 | 중계율 0.10 | alpha 1.388 | complete
Ep 397 | 드론3 목적지39 |  729스텝 | 배송 39/39 | 재적재  6 | 중계율 0.22 | alpha 1.393 | complete
Ep 398 | 드론4 목적지40 |  748스텝 | 배송 40/40 | 재적재  6 | 중계율 0.15 | alpha 1.377 | complete
Ep 399 | 드론3 목적지51 | 1000스텝 | 배송 50/51 | 재적재  9 | 중계율 0.22 | alpha 1.395 | step_limit
Ep 400 | 드론3 목적지79 | 1000스텝 | 배송 55/79 | 재적재 11 | 중계율 0.23 | alpha 1.397 | step_limit
  [홀드아웃] 배송 50.0±0.0 완주 1.00 스텝 1077 점수 106.4 재적재 8.2 2홉+ 0.64 | 최고 106.4@ep400 정체 0/15  ← 갱신
Ep 401 | 드론3 목적지63 | 1000스텝 | 배송 53/63 | 재적재 10 | 중계율 0.19 | alpha 1.389 | step_limit
Ep 402 | 드론3 목적지32 |  650스텝 | 배송 32/32 | 재적재  6 | 중계율 0.17 | alpha 1.386 | complete
Ep 403 | 드론4 목적지76 |  836스텝 | 배송 76/76 | 재적재 13 | 중계율 0.15 | alpha 1.394 | complete
Ep 404 | 드론5 목적지23 |  193스텝 | 배송 23/23 | 재적재  1 | 중계율 0.12 | alpha 1.388 | complete
Ep 405 | 드론4 목적지67 | 1000스텝 | 배송 63/67 | 재적재 11 | 중계율 0.25 | alpha 1.400 | step_limit
Ep 406 | 드론4 목적지48 |  735스텝 | 배송 48/48 | 재적재  8 | 중계율 0.18 | alpha 1.372 | complete
Ep 407 | 드론3 목적지72 | 1000스텝 | 배송 59/72 | 재적재 10 | 중계율 0.21 | alpha 1.376 | step_limit
Ep 408 | 드론6 목적지79 |  698스텝 | 배송 79/79 | 재적재 14 | 중계율 0.14 | alpha 1.379 | complete
Ep 409 | 드론6 목적지28 |  209스텝 | 배송 28/28 | 재적재  3 | 중계율 0.05 | alpha 1.376 | complete
Ep 410 | 드론6 목적지46 |  591스텝 | 배송 46/46 | 재적재  7 | 중계율 0.12 | alpha 1.395 | complete
Ep 411 | 드론6 목적지69 |  643스텝 | 배송 69/69 | 재적재 12 | 중계율 0.13 | alpha 1.413 | complete
Ep 412 | 드론3 목적지47 |  986스텝 | 배송 47/47 | 재적재  8 | 중계율 0.19 | alpha 1.432 | complete
Ep 413 | 드론5 목적지45 |  497스텝 | 배송 45/45 | 재적재  7 | 중계율 0.14 | alpha 1.443 | complete
Ep 414 | 드론3 목적지76 | 1000스텝 | 배송 63/76 | 재적재 12 | 중계율 0.21 | alpha 1.444 | step_limit
Ep 415 | 드론4 목적지79 | 1000스텝 | 배송 73/79 | 재적재 13 | 중계율 0.20 | alpha 1.457 | step_limit
Ep 416 | 드론3 목적지20 |  471스텝 | 배송 20/20 | 재적재  2 | 중계율 0.17 | alpha 1.456 | complete
Ep 417 | 드론3 목적지45 |  840스텝 | 배송 45/45 | 재적재  8 | 중계율 0.15 | alpha 1.462 | complete
Ep 418 | 드론4 목적지75 |  943스텝 | 배송 75/75 | 재적재 13 | 중계율 0.18 | alpha 1.502 | complete
Ep 419 | 드론6 목적지78 |  677스텝 | 배송 78/78 | 재적재 13 | 중계율 0.13 | alpha 1.507 | complete
Ep 420 | 드론6 목적지33 |  279스텝 | 배송 33/33 | 재적재  6 | 중계율 0.06 | alpha 1.502 | complete
Ep 421 | 드론4 목적지62 | 1000스텝 | 배송 59/62 | 재적재 10 | 중계율 0.16 | alpha 1.485 | step_limit
Ep 422 | 드론6 목적지51 |  675스텝 | 배송 51/51 | 재적재  6 | 중계율 0.22 | alpha 1.486 | complete
Ep 423 | 드론4 목적지44 |  685스텝 | 배송 44/44 | 재적재  6 | 중계율 0.17 | alpha 1.490 | complete
Ep 424 | 드론4 목적지33 |  704스텝 | 배송 33/33 | 재적재  4 | 중계율 0.27 | alpha 1.462 | complete
Ep 425 | 드론3 목적지33 |  570스텝 | 배송 33/33 | 재적재  6 | 중계율 0.10 | alpha 1.453 | complete
Ep 426 | 드론5 목적지24 |  342스텝 | 배송 24/24 | 재적재  3 | 중계율 0.09 | alpha 1.441 | complete
Ep 427 | 드론4 목적지64 | 1000스텝 | 배송 63/64 | 재적재 11 | 중계율 0.22 | alpha 1.442 | step_limit
Ep 428 | 드론6 목적지53 |  530스텝 | 배송 53/53 | 재적재  8 | 중계율 0.17 | alpha 1.453 | complete
Ep 429 | 드론4 목적지36 |  579스텝 | 배송 36/36 | 재적재  6 | 중계율 0.16 | alpha 1.448 | complete
Ep 430 | 드론6 목적지48 |  489스텝 | 배송 48/48 | 재적재  6 | 중계율 0.11 | alpha 1.447 | complete
Ep 431 | 드론3 목적지56 | 1000스텝 | 배송 49/56 | 재적재  9 | 중계율 0.23 | alpha 1.440 | step_limit
Ep 432 | 드론4 목적지45 |  544스텝 | 배송 45/45 | 재적재  7 | 중계율 0.09 | alpha 1.420 | complete
Ep 433 | 드론5 목적지25 |  451스텝 | 배송 25/25 | 재적재  3 | 중계율 0.14 | alpha 1.433 | complete
Ep 434 | 드론4 목적지58 | 1000스텝 | 배송 52/58 | 재적재  9 | 중계율 0.22 | alpha 1.416 | step_limit
Ep 435 | 드론4 목적지72 | 1000스텝 | 배송 54/72 | 재적재  7 | 중계율 0.32 | alpha 1.413 | step_limit
Ep 436 | 드론3 목적지71 | 1000스텝 | 배송 60/71 | 재적재 11 | 중계율 0.17 | alpha 1.415 | step_limit
Ep 437 | 드론3 목적지53 | 1000스텝 | 배송 51/53 | 재적재  9 | 중계율 0.21 | alpha 1.414 | step_limit
Ep 438 | 드론6 목적지31 |  341스텝 | 배송 31/31 | 재적재  4 | 중계율 0.14 | alpha 1.402 | complete
Ep 439 | 드론6 목적지77 |  521스텝 | 배송 77/77 | 재적재 11 | 중계율 0.10 | alpha 1.403 | complete
Ep 440 | 드론4 목적지73 | 1000스텝 | 배송 64/73 | 재적재 11 | 중계율 0.20 | alpha 1.394 | step_limit
Ep 441 | 드론5 목적지27 |  264스텝 | 배송 27/27 | 재적재  4 | 중계율 0.07 | alpha 1.391 | complete
Ep 442 | 드론4 목적지20 |  440스텝 | 배송 20/20 | 재적재  3 | 중계율 0.17 | alpha 1.395 | complete
Ep 443 | 드론5 목적지73 |  874스텝 | 배송 73/73 | 재적재 14 | 중계율 0.09 | alpha 1.393 | complete
Ep 444 | 드론3 목적지56 |  808스텝 | 배송 56/56 | 재적재  9 | 중계율 0.14 | alpha 1.400 | complete
Ep 445 | 드론5 목적지20 |  210스텝 | 배송 20/20 | 재적재  0 | 중계율 0.11 | alpha 1.395 | complete
Ep 446 | 드론3 목적지26 |  657스텝 | 배송 26/26 | 재적재  4 | 중계율 0.09 | alpha 1.377 | complete
Ep 447 | 드론4 목적지41 |  456스텝 | 배송 41/41 | 재적재  6 | 중계율 0.08 | alpha 1.372 | complete
Ep 448 | 드론6 목적지73 |  668스텝 | 배송 73/73 | 재적재 12 | 중계율 0.12 | alpha 1.387 | complete
Ep 449 | 드론4 목적지56 |  841스텝 | 배송 56/56 | 재적재 10 | 중계율 0.13 | alpha 1.402 | complete
Ep 450 | 드론4 목적지35 |  664스텝 | 배송 35/35 | 재적재  5 | 중계율 0.21 | alpha 1.386 | complete
  [홀드아웃] 배송 50.0±0.2 완주 0.97 스텝 1083 점수 103.9 재적재 8.3 2홉+ 0.64 | 최고 106.4@ep400 정체 1/15
Ep 451 | 드론5 목적지77 |  591스텝 | 배송 77/77 | 재적재 11 | 중계율 0.10 | alpha 1.376 | complete
Ep 452 | 드론3 목적지22 |  666스텝 | 배송 22/22 | 재적재  3 | 중계율 0.21 | alpha 1.388 | complete
Ep 453 | 드론6 목적지47 |  451스텝 | 배송 47/47 | 재적재  6 | 중계율 0.11 | alpha 1.391 | complete
Ep 454 | 드론5 목적지72 |  761스텝 | 배송 72/72 | 재적재 13 | 중계율 0.13 | alpha 1.401 | complete
Ep 455 | 드론6 목적지63 |  578스텝 | 배송 63/63 | 재적재 11 | 중계율 0.12 | alpha 1.408 | complete
Ep 456 | 드론4 목적지73 | 1000스텝 | 배송 70/73 | 재적재 12 | 중계율 0.18 | alpha 1.418 | step_limit
Ep 457 | 드론5 목적지36 |  542스텝 | 배송 36/36 | 재적재  5 | 중계율 0.19 | alpha 1.414 | complete
Ep 458 | 드론5 목적지78 |  761스텝 | 배송 78/78 | 재적재 12 | 중계율 0.11 | alpha 1.397 | complete
Ep 459 | 드론5 목적지45 |  642스텝 | 배송 45/45 | 재적재  7 | 중계율 0.17 | alpha 1.375 | complete
Ep 460 | 드론4 목적지70 | 1000스텝 | 배송 64/70 | 재적재 11 | 중계율 0.24 | alpha 1.390 | step_limit
Ep 461 | 드론3 목적지39 |  789스텝 | 배송 39/39 | 재적재  6 | 중계율 0.15 | alpha 1.394 | complete
Ep 462 | 드론5 목적지62 |  585스텝 | 배송 62/62 | 재적재 10 | 중계율 0.13 | alpha 1.389 | complete
Ep 463 | 드론4 목적지67 | 1000스텝 | 배송 60/67 | 재적재 10 | 중계율 0.20 | alpha 1.391 | step_limit
Ep 464 | 드론4 목적지33 |  471스텝 | 배송 33/33 | 재적재  4 | 중계율 0.12 | alpha 1.388 | complete
Ep 465 | 드론5 목적지80 | 1000스텝 | 배송 77/80 | 재적재 12 | 중계율 0.18 | alpha 1.396 | step_limit
Ep 466 | 드론6 목적지42 |  317스텝 | 배송 42/42 | 재적재  5 | 중계율 0.07 | alpha 1.393 | complete
Ep 467 | 드론4 목적지63 |  820스텝 | 배송 63/63 | 재적재 11 | 중계율 0.12 | alpha 1.404 | complete
Ep 468 | 드론3 목적지78 | 1000스텝 | 배송 69/78 | 재적재 12 | 중계율 0.20 | alpha 1.414 | step_limit
Ep 469 | 드론5 목적지48 |  454스텝 | 배송 48/48 | 재적재  9 | 중계율 0.12 | alpha 1.409 | complete
Ep 470 | 드론5 목적지70 |  753스텝 | 배송 70/70 | 재적재 12 | 중계율 0.17 | alpha 1.417 | complete
Ep 471 | 드론4 목적지24 |  304스텝 | 배송 24/24 | 재적재  4 | 중계율 0.08 | alpha 1.421 | complete
Ep 472 | 드론6 목적지62 |  577스텝 | 배송 62/62 | 재적재 10 | 중계율 0.07 | alpha 1.429 | complete
Ep 473 | 드론4 목적지30 | 1000스텝 | 배송 29/30 | 재적재  5 | 중계율 0.27 | alpha 1.425 | step_limit
Ep 474 | 드론4 목적지37 |  525스텝 | 배송 37/37 | 재적재  5 | 중계율 0.14 | alpha 1.414 | complete
Ep 475 | 드론3 목적지71 | 1000스텝 | 배송 62/71 | 재적재 11 | 중계율 0.20 | alpha 1.399 | step_limit
Ep 476 | 드론3 목적지29 |  702스텝 | 배송 29/29 | 재적재  5 | 중계율 0.16 | alpha 1.371 | complete
Ep 477 | 드론4 목적지36 |  651스텝 | 배송 36/36 | 재적재  5 | 중계율 0.16 | alpha 1.381 | complete
Ep 478 | 드론3 목적지52 | 1000스텝 | 배송 51/52 | 재적재  9 | 중계율 0.19 | alpha 1.375 | step_limit
Ep 479 | 드론5 목적지75 |  880스텝 | 배송 75/75 | 재적재 13 | 중계율 0.16 | alpha 1.375 | complete
Ep 480 | 드론6 목적지64 |  566스텝 | 배송 64/64 | 재적재 11 | 중계율 0.12 | alpha 1.385 | complete
Ep 481 | 드론4 목적지70 | 1000스텝 | 배송 67/70 | 재적재 13 | 중계율 0.22 | alpha 1.377 | step_limit
Ep 482 | 드론6 목적지39 |  287스텝 | 배송 39/39 | 재적재  5 | 중계율 0.06 | alpha 1.376 | complete
Ep 483 | 드론5 목적지51 |  503스텝 | 배송 51/51 | 재적재  8 | 중계율 0.11 | alpha 1.353 | complete
Ep 484 | 드론5 목적지43 |  551스텝 | 배송 43/43 | 재적재  5 | 중계율 0.14 | alpha 1.353 | complete
Ep 485 | 드론4 목적지36 |  869스텝 | 배송 36/36 | 재적재  5 | 중계율 0.24 | alpha 1.357 | complete
Ep 486 | 드론4 목적지53 |  632스텝 | 배송 53/53 | 재적재  8 | 중계율 0.11 | alpha 1.347 | complete
Ep 487 | 드론6 목적지34 |  366스텝 | 배송 34/34 | 재적재  4 | 중계율 0.11 | alpha 1.338 | complete
Ep 488 | 드론3 목적지73 | 1000스텝 | 배송 45/73 | 재적재  8 | 중계율 0.25 | alpha 1.356 | step_limit
Ep 489 | 드론5 목적지52 |  608스텝 | 배송 52/52 | 재적재  9 | 중계율 0.11 | alpha 1.371 | complete
Ep 490 | 드론6 목적지40 |  335스텝 | 배송 40/40 | 재적재  5 | 중계율 0.09 | alpha 1.369 | complete
Ep 491 | 드론3 목적지47 |  747스텝 | 배송 47/47 | 재적재  9 | 중계율 0.14 | alpha 1.379 | complete
Ep 492 | 드론3 목적지71 | 1000스텝 | 배송 60/71 | 재적재 10 | 중계율 0.24 | alpha 1.380 | step_limit
Ep 493 | 드론4 목적지46 |  741스텝 | 배송 46/46 | 재적재  8 | 중계율 0.18 | alpha 1.378 | complete
Ep 494 | 드론3 목적지47 |  970스텝 | 배송 47/47 | 재적재  8 | 중계율 0.19 | alpha 1.369 | complete
Ep 495 | 드론4 목적지45 |  904스텝 | 배송 45/45 | 재적재  6 | 중계율 0.20 | alpha 1.365 | complete
Ep 496 | 드론5 목적지65 |  670스텝 | 배송 65/65 | 재적재 10 | 중계율 0.12 | alpha 1.346 | complete
Ep 497 | 드론3 목적지35 |  711스텝 | 배송 35/35 | 재적재  6 | 중계율 0.17 | alpha 1.313 | complete
Ep 498 | 드론5 목적지39 |  714스텝 | 배송 39/39 | 재적재  6 | 중계율 0.20 | alpha 1.313 | complete
Ep 499 | 드론5 목적지28 |  457스텝 | 배송 28/28 | 재적재  3 | 중계율 0.16 | alpha 1.311 | complete
Ep 500 | 드론4 목적지49 |  950스텝 | 배송 49/49 | 재적재  7 | 중계율 0.26 | alpha 1.299 | complete
  [홀드아웃] 배송 49.9±0.6 완주 0.95 스텝 1140 점수 101.2 재적재 8.2 2홉+ 0.64 | 최고 106.4@ep400 정체 2/15
Ep 501 | 드론5 목적지26 |  507스텝 | 배송 26/26 | 재적재  4 | 중계율 0.16 | alpha 1.312 | complete
Ep 502 | 드론6 목적지69 |  507스텝 | 배송 69/69 | 재적재 13 | 중계율 0.11 | alpha 1.332 | complete
Ep 503 | 드론6 목적지44 |  369스텝 | 배송 44/44 | 재적재  5 | 중계율 0.10 | alpha 1.350 | complete
Ep 504 | 드론6 목적지34 |  326스텝 | 배송 34/34 | 재적재  4 | 중계율 0.14 | alpha 1.344 | complete
Ep 505 | 드론6 목적지77 | 1000스텝 | 배송 76/77 | 재적재 13 | 중계율 0.27 | alpha 1.325 | step_limit
Ep 506 | 드론6 목적지55 |  564스텝 | 배송 55/55 | 재적재  9 | 중계율 0.09 | alpha 1.321 | complete
Ep 507 | 드론3 목적지61 |  939스텝 | 배송 61/61 | 재적재 11 | 중계율 0.11 | alpha 1.309 | complete
Ep 508 | 드론4 목적지24 |  524스텝 | 배송 24/24 | 재적재  3 | 중계율 0.11 | alpha 1.317 | complete
Ep 509 | 드론3 목적지48 | 1000스텝 | 배송 45/48 | 재적재  8 | 중계율 0.23 | alpha 1.298 | step_limit
Ep 510 | 드론5 목적지71 | 1000스텝 | 배송 69/71 | 재적재 12 | 중계율 0.20 | alpha 1.311 | step_limit
Ep 511 | 드론6 목적지39 |  426스텝 | 배송 39/39 | 재적재  5 | 중계율 0.13 | alpha 1.317 | complete
Ep 512 | 드론5 목적지29 |  271스텝 | 배송 29/29 | 재적재  4 | 중계율 0.07 | alpha 1.326 | complete
Ep 513 | 드론6 목적지46 |  365스텝 | 배송 46/46 | 재적재  6 | 중계율 0.08 | alpha 1.327 | complete
Ep 514 | 드론3 목적지49 |  948스텝 | 배송 49/49 | 재적재  7 | 중계율 0.24 | alpha 1.326 | complete
Ep 515 | 드론3 목적지70 | 1000스텝 | 배송 66/70 | 재적재 12 | 중계율 0.19 | alpha 1.327 | step_limit
Ep 516 | 드론5 목적지63 | 1000스텝 | 배송 58/63 | 재적재 11 | 중계율 0.24 | alpha 1.312 | step_limit
Ep 517 | 드론5 목적지44 |  738스텝 | 배송 44/44 | 재적재  6 | 중계율 0.21 | alpha 1.295 | complete
Ep 518 | 드론3 목적지57 | 1000스텝 | 배송 47/57 | 재적재  7 | 중계율 0.29 | alpha 1.300 | step_limit
Ep 519 | 드론6 목적지34 |  334스텝 | 배송 34/34 | 재적재  5 | 중계율 0.14 | alpha 1.283 | complete
Ep 520 | 드론4 목적지68 |  763스텝 | 배송 68/68 | 재적재 12 | 중계율 0.12 | alpha 1.271 | complete
Ep 521 | 드론5 목적지71 |  918스텝 | 배송 71/71 | 재적재 13 | 중계율 0.22 | alpha 1.274 | complete
Ep 522 | 드론4 목적지72 | 1000스텝 | 배송 68/72 | 재적재 12 | 중계율 0.19 | alpha 1.269 | step_limit
Ep 523 | 드론4 목적지27 |  462스텝 | 배송 27/27 | 재적재  3 | 중계율 0.18 | alpha 1.277 | complete
Ep 524 | 드론3 목적지37 |  795스텝 | 배송 37/37 | 재적재  6 | 중계율 0.27 | alpha 1.320 | complete
Ep 525 | 드론3 목적지79 | 1000스텝 | 배송 63/79 | 재적재 10 | 중계율 0.19 | alpha 1.320 | step_limit
Ep 526 | 드론4 목적지39 | 1000스텝 | 배송 30/39 | 재적재  4 | 중계율 0.30 | alpha 1.341 | step_limit
Ep 527 | 드론4 목적지42 |  820스텝 | 배송 42/42 | 재적재  7 | 중계율 0.20 | alpha 1.348 | complete
Ep 528 | 드론4 목적지51 |  618스텝 | 배송 51/51 | 재적재  8 | 중계율 0.15 | alpha 1.362 | complete
Ep 529 | 드론4 목적지21 |  420스텝 | 배송 21/21 | 재적재  2 | 중계율 0.17 | alpha 1.377 | complete
Ep 530 | 드론5 목적지34 |  350스텝 | 배송 34/34 | 재적재  5 | 중계율 0.13 | alpha 1.376 | complete
Ep 531 | 드론6 목적지64 |  618스텝 | 배송 64/64 | 재적재 11 | 중계율 0.15 | alpha 1.380 | complete
Ep 532 | 드론6 목적지78 |  494스텝 | 배송 78/78 | 재적재 13 | 중계율 0.08 | alpha 1.394 | complete
Ep 533 | 드론5 목적지68 |  614스텝 | 배송 68/68 | 재적재 12 | 중계율 0.12 | alpha 1.388 | complete
Ep 534 | 드론4 목적지25 |  556스텝 | 배송 25/25 | 재적재  4 | 중계율 0.17 | alpha 1.396 | complete
Ep 535 | 드론4 목적지25 |  780스텝 | 배송 25/25 | 재적재  3 | 중계율 0.20 | alpha 1.402 | complete
Ep 536 | 드론6 목적지71 |  671스텝 | 배송 71/71 | 재적재 13 | 중계율 0.12 | alpha 1.398 | complete
Ep 537 | 드론6 목적지31 |  336스텝 | 배송 31/31 | 재적재  4 | 중계율 0.11 | alpha 1.400 | complete
Ep 538 | 드론5 목적지55 |  539스텝 | 배송 55/55 | 재적재  9 | 중계율 0.14 | alpha 1.414 | complete
Ep 539 | 드론3 목적지46 |  844스텝 | 배송 46/46 | 재적재  9 | 중계율 0.21 | alpha 1.396 | complete
Ep 540 | 드론5 목적지50 |  508스텝 | 배송 50/50 | 재적재  8 | 중계율 0.10 | alpha 1.401 | complete
Ep 541 | 드론5 목적지25 |  273스텝 | 배송 25/25 | 재적재  4 | 중계율 0.08 | alpha 1.391 | complete
Ep 542 | 드론5 목적지65 |  902스텝 | 배송 65/65 | 재적재 10 | 중계율 0.15 | alpha 1.403 | complete
Ep 543 | 드론4 목적지32 |  440스텝 | 배송 32/32 | 재적재  5 | 중계율 0.10 | alpha 1.410 | complete
Ep 544 | 드론5 목적지60 |  866스텝 | 배송 60/60 | 재적재 11 | 중계율 0.14 | alpha 1.399 | complete
Ep 545 | 드론4 목적지74 | 1000스텝 | 배송 67/74 | 재적재 11 | 중계율 0.20 | alpha 1.427 | step_limit
Ep 546 | 드론4 목적지45 |  798스텝 | 배송 45/45 | 재적재  7 | 중계율 0.20 | alpha 1.434 | complete
Ep 547 | 드론4 목적지37 |  627스텝 | 배송 37/37 | 재적재  6 | 중계율 0.11 | alpha 1.442 | complete
Ep 548 | 드론4 목적지63 |  653스텝 | 배송 63/63 | 재적재 11 | 중계율 0.11 | alpha 1.431 | complete
Ep 549 | 드론6 목적지55 |  447스텝 | 배송 55/55 | 재적재  7 | 중계율 0.09 | alpha 1.419 | complete
Ep 550 | 드론5 목적지30 |  389스텝 | 배송 30/30 | 재적재  3 | 중계율 0.14 | alpha 1.414 | complete
  [홀드아웃] 배송 50.0±0.2 완주 0.97 스텝 1158 점수 103.6 재적재 8.2 2홉+ 0.65 | 최고 106.4@ep400 정체 3/15
Ep 551 | 드론6 목적지33 |  224스텝 | 배송 33/33 | 재적재  3 | 중계율 0.06 | alpha 1.413 | complete
Ep 552 | 드론6 목적지71 |  511스텝 | 배송 71/71 | 재적재 11 | 중계율 0.11 | alpha 1.428 | complete
Ep 553 | 드론6 목적지68 |  619스텝 | 배송 68/68 | 재적재 10 | 중계율 0.12 | alpha 1.418 | complete
Ep 554 | 드론4 목적지74 |  820스텝 | 배송 74/74 | 재적재 12 | 중계율 0.17 | alpha 1.406 | complete
Ep 555 | 드론5 목적지59 |  861스텝 | 배송 59/59 | 재적재 10 | 중계율 0.21 | alpha 1.373 | complete
Ep 556 | 드론5 목적지41 |  566스텝 | 배송 41/41 | 재적재  6 | 중계율 0.17 | alpha 1.373 | complete
Ep 557 | 드론4 목적지71 |  710스텝 | 배송 71/71 | 재적재 13 | 중계율 0.09 | alpha 1.349 | complete
Ep 558 | 드론5 목적지50 |  470스텝 | 배송 50/50 | 재적재  8 | 중계율 0.08 | alpha 1.346 | complete
Ep 559 | 드론5 목적지57 |  470스텝 | 배송 57/57 | 재적재  9 | 중계율 0.14 | alpha 1.359 | complete
Ep 560 | 드론5 목적지42 |  426스텝 | 배송 42/42 | 재적재  5 | 중계율 0.08 | alpha 1.369 | complete
Ep 561 | 드론5 목적지27 |  600스텝 | 배송 27/27 | 재적재  3 | 중계율 0.21 | alpha 1.386 | complete
Ep 562 | 드론6 목적지47 |  625스텝 | 배송 47/47 | 재적재  8 | 중계율 0.13 | alpha 1.384 | complete
Ep 563 | 드론4 목적지78 | 1000스텝 | 배송 75/78 | 재적재 13 | 중계율 0.17 | alpha 1.411 | step_limit
Ep 564 | 드론5 목적지30 |  380스텝 | 배송 30/30 | 재적재  4 | 중계율 0.11 | alpha 1.404 | complete
Ep 565 | 드론6 목적지22 |  293스텝 | 배송 22/22 | 재적재  2 | 중계율 0.06 | alpha 1.406 | complete
Ep 566 | 드론4 목적지49 |  537스텝 | 배송 49/49 | 재적재  7 | 중계율 0.15 | alpha 1.417 | complete
Ep 567 | 드론4 목적지78 | 1000스텝 | 배송 64/78 | 재적재 11 | 중계율 0.17 | alpha 1.417 | step_limit
Ep 568 | 드론5 목적지67 | 1000스텝 | 배송 59/67 | 재적재 10 | 중계율 0.28 | alpha 1.390 | step_limit
Ep 569 | 드론6 목적지70 |  544스텝 | 배송 70/70 | 재적재 13 | 중계율 0.11 | alpha 1.373 | complete
Ep 570 | 드론4 목적지72 | 1000스텝 | 배송 66/72 | 재적재 11 | 중계율 0.16 | alpha 1.401 | step_limit
Ep 571 | 드론6 목적지49 |  463스텝 | 배송 49/49 | 재적재  7 | 중계율 0.10 | alpha 1.386 | complete
Ep 572 | 드론6 목적지75 |  748스텝 | 배송 75/75 | 재적재 11 | 중계율 0.12 | alpha 1.379 | complete
Ep 573 | 드론5 목적지66 |  601스텝 | 배송 66/66 | 재적재 10 | 중계율 0.15 | alpha 1.385 | complete
Ep 574 | 드론5 목적지44 |  685스텝 | 배송 44/44 | 재적재  7 | 중계율 0.13 | alpha 1.375 | complete
Ep 575 | 드론6 목적지78 |  733스텝 | 배송 78/78 | 재적재 14 | 중계율 0.11 | alpha 1.382 | complete
Ep 576 | 드론3 목적지69 | 1000스텝 | 배송 57/69 | 재적재  9 | 중계율 0.23 | alpha 1.391 | step_limit
Ep 577 | 드론5 목적지24 |  321스텝 | 배송 24/24 | 재적재  2 | 중계율 0.09 | alpha 1.392 | complete
Ep 578 | 드론5 목적지32 |  407스텝 | 배송 32/32 | 재적재  5 | 중계율 0.13 | alpha 1.387 | complete
Ep 579 | 드론6 목적지26 |  380스텝 | 배송 26/26 | 재적재  2 | 중계율 0.09 | alpha 1.402 | complete
Ep 580 | 드론5 목적지60 |  710스텝 | 배송 60/60 | 재적재  9 | 중계율 0.13 | alpha 1.412 | complete
Ep 581 | 드론4 목적지47 |  941스텝 | 배송 47/47 | 재적재  8 | 중계율 0.25 | alpha 1.427 | complete
Ep 582 | 드론3 목적지36 |  653스텝 | 배송 36/36 | 재적재  6 | 중계율 0.13 | alpha 1.442 | complete
Ep 583 | 드론6 목적지65 |  505스텝 | 배송 65/65 | 재적재 12 | 중계율 0.11 | alpha 1.428 | complete
Ep 584 | 드론4 목적지54 |  730스텝 | 배송 54/54 | 재적재  9 | 중계율 0.16 | alpha 1.439 | complete
Ep 585 | 드론6 목적지72 |  617스텝 | 배송 72/72 | 재적재 10 | 중계율 0.15 | alpha 1.458 | complete
Ep 586 | 드론6 목적지37 |  427스텝 | 배송 37/37 | 재적재  5 | 중계율 0.13 | alpha 1.461 | complete
Ep 587 | 드론3 목적지49 | 1000스텝 | 배송 47/49 | 재적재  7 | 중계율 0.25 | alpha 1.473 | step_limit
Ep 588 | 드론4 목적지57 |  867스텝 | 배송 57/57 | 재적재 10 | 중계율 0.21 | alpha 1.455 | complete
Ep 589 | 드론3 목적지50 |  907스텝 | 배송 50/50 | 재적재  8 | 중계율 0.20 | alpha 1.434 | complete
Ep 590 | 드론4 목적지47 |  790스텝 | 배송 47/47 | 재적재  7 | 중계율 0.12 | alpha 1.463 | complete
Ep 591 | 드론6 목적지64 |  703스텝 | 배송 64/64 | 재적재 10 | 중계율 0.23 | alpha 1.497 | complete
Ep 592 | 드론5 목적지22 |  265스텝 | 배송 22/22 | 재적재  2 | 중계율 0.08 | alpha 1.491 | complete
Ep 593 | 드론5 목적지51 |  585스텝 | 배송 51/51 | 재적재  8 | 중계율 0.15 | alpha 1.479 | complete
Ep 594 | 드론3 목적지40 |  775스텝 | 배송 40/40 | 재적재  6 | 중계율 0.18 | alpha 1.485 | complete
Ep 595 | 드론5 목적지26 |  571스텝 | 배송 26/26 | 재적재  4 | 중계율 0.13 | alpha 1.493 | complete
Ep 596 | 드론6 목적지26 |  193스텝 | 배송 26/26 | 재적재  1 | 중계율 0.09 | alpha 1.492 | complete
Ep 597 | 드론4 목적지21 |  356스텝 | 배송 21/21 | 재적재  2 | 중계율 0.12 | alpha 1.479 | complete
Ep 598 | 드론4 목적지23 |  355스텝 | 배송 23/23 | 재적재  3 | 중계율 0.06 | alpha 1.483 | complete
Ep 599 | 드론4 목적지77 | 1000스텝 | 배송 71/77 | 재적재 13 | 중계율 0.23 | alpha 1.455 | step_limit
Ep 600 | 드론5 목적지68 | 1000스텝 | 배송 58/68 | 재적재  9 | 중계율 0.26 | alpha 1.449 | step_limit
  [홀드아웃] 배송 50.0±0.0 완주 1.00 스텝 973 점수 106.8 재적재 8.4 2홉+ 0.62 | 최고 106.8@ep600 정체 0/15  ← 갱신
Ep 601 | 드론4 목적지20 |  397스텝 | 배송 20/20 | 재적재  2 | 중계율 0.15 | alpha 1.453 | complete
Ep 602 | 드론5 목적지72 |  880스텝 | 배송 72/72 | 재적재 13 | 중계율 0.14 | alpha 1.429 | complete
Ep 603 | 드론6 목적지60 |  506스텝 | 배송 60/60 | 재적재  9 | 중계율 0.09 | alpha 1.427 | complete
Ep 604 | 드론5 목적지68 |  691스텝 | 배송 68/68 | 재적재 11 | 중계율 0.09 | alpha 1.444 | complete
Ep 605 | 드론4 목적지73 | 1000스텝 | 배송 63/73 | 재적재 11 | 중계율 0.25 | alpha 1.458 | step_limit
Ep 606 | 드론5 목적지51 |  620스텝 | 배송 51/51 | 재적재  9 | 중계율 0.18 | alpha 1.452 | complete
Ep 607 | 드론3 목적지48 |  888스텝 | 배송 48/48 | 재적재  9 | 중계율 0.18 | alpha 1.441 | complete
Ep 608 | 드론5 목적지67 |  689스텝 | 배송 67/67 | 재적재 12 | 중계율 0.11 | alpha 1.441 | complete
Ep 609 | 드론4 목적지51 | 1000스텝 | 배송 50/51 | 재적재  8 | 중계율 0.20 | alpha 1.446 | step_limit
Ep 610 | 드론4 목적지72 |  803스텝 | 배송 72/72 | 재적재 14 | 중계율 0.12 | alpha 1.437 | complete
Ep 611 | 드론4 목적지77 | 1000스텝 | 배송 64/77 | 재적재 12 | 중계율 0.24 | alpha 1.441 | step_limit
Ep 612 | 드론3 목적지42 | 1000스텝 | 배송 40/42 | 재적재  5 | 중계율 0.33 | alpha 1.448 | step_limit
Ep 613 | 드론4 목적지40 |  423스텝 | 배송 40/40 | 재적재  7 | 중계율 0.09 | alpha 1.440 | complete
Ep 614 | 드론4 목적지42 |  672스텝 | 배송 42/42 | 재적재  8 | 중계율 0.17 | alpha 1.454 | complete
Ep 615 | 드론4 목적지80 |  904스텝 | 배송 80/80 | 재적재 14 | 중계율 0.14 | alpha 1.445 | complete
Ep 616 | 드론5 목적지26 |  328스텝 | 배송 26/26 | 재적재  4 | 중계율 0.11 | alpha 1.442 | complete
Ep 617 | 드론6 목적지75 |  693스텝 | 배송 75/75 | 재적재 13 | 중계율 0.13 | alpha 1.458 | complete
Ep 618 | 드론4 목적지50 |  925스텝 | 배송 50/50 | 재적재  8 | 중계율 0.25 | alpha 1.446 | complete
Ep 619 | 드론5 목적지71 |  719스텝 | 배송 71/71 | 재적재 13 | 중계율 0.14 | alpha 1.413 | complete
Ep 620 | 드론6 목적지55 |  445스텝 | 배송 55/55 | 재적재  8 | 중계율 0.15 | alpha 1.388 | complete
Ep 621 | 드론4 목적지79 | 1000스텝 | 배송 75/79 | 재적재 13 | 중계율 0.21 | alpha 1.419 | step_limit
Ep 622 | 드론6 목적지56 |  672스텝 | 배송 56/56 | 재적재 10 | 중계율 0.16 | alpha 1.451 | complete
Ep 623 | 드론3 목적지33 |  769스텝 | 배송 33/33 | 재적재  5 | 중계율 0.22 | alpha 1.455 | complete
Ep 624 | 드론4 목적지72 | 1000스텝 | 배송 60/72 | 재적재 11 | 중계율 0.23 | alpha 1.416 | step_limit
Ep 625 | 드론6 목적지47 |  478스텝 | 배송 47/47 | 재적재  6 | 중계율 0.15 | alpha 1.424 | complete
Ep 626 | 드론3 목적지52 | 1000스텝 | 배송 46/52 | 재적재  7 | 중계율 0.16 | alpha 1.437 | step_limit
Ep 627 | 드론5 목적지66 |  903스텝 | 배송 66/66 | 재적재 10 | 중계율 0.20 | alpha 1.413 | complete
Ep 628 | 드론4 목적지42 |  825스텝 | 배송 42/42 | 재적재  7 | 중계율 0.12 | alpha 1.405 | complete
Ep 629 | 드론3 목적지31 |  630스텝 | 배송 31/31 | 재적재  5 | 중계율 0.16 | alpha 1.415 | complete
Ep 630 | 드론4 목적지65 | 1000스텝 | 배송 59/65 | 재적재 10 | 중계율 0.17 | alpha 1.414 | step_limit
Ep 631 | 드론3 목적지20 |  547스텝 | 배송 20/20 | 재적재  3 | 중계율 0.16 | alpha 1.397 | complete
Ep 632 | 드론4 목적지38 |  807스텝 | 배송 38/38 | 재적재  6 | 중계율 0.24 | alpha 1.406 | complete
Ep 633 | 드론6 목적지67 |  483스텝 | 배송 67/67 | 재적재 11 | 중계율 0.06 | alpha 1.405 | complete
Ep 634 | 드론6 목적지47 |  330스텝 | 배송 47/47 | 재적재  6 | 중계율 0.08 | alpha 1.401 | complete
Ep 635 | 드론6 목적지30 |  225스텝 | 배송 30/30 | 재적재  3 | 중계율 0.05 | alpha 1.404 | complete
Ep 636 | 드론4 목적지29 |  435스텝 | 배송 29/29 | 재적재  4 | 중계율 0.19 | alpha 1.404 | complete
Ep 637 | 드론4 목적지71 | 1000스텝 | 배송 62/71 | 재적재 11 | 중계율 0.24 | alpha 1.396 | step_limit
Ep 638 | 드론6 목적지73 |  507스텝 | 배송 73/73 | 재적재 10 | 중계율 0.08 | alpha 1.380 | complete
Ep 639 | 드론5 목적지79 | 1000스텝 | 배송 72/79 | 재적재 14 | 중계율 0.24 | alpha 1.408 | step_limit
Ep 640 | 드론3 목적지22 |  697스텝 | 배송 22/22 | 재적재  2 | 중계율 0.21 | alpha 1.417 | complete
Ep 641 | 드론5 목적지77 |  737스텝 | 배송 77/77 | 재적재 14 | 중계율 0.14 | alpha 1.420 | complete
Ep 642 | 드론5 목적지26 |  241스텝 | 배송 26/26 | 재적재  4 | 중계율 0.10 | alpha 1.432 | complete
Ep 643 | 드론6 목적지30 |  296스텝 | 배송 30/30 | 재적재  5 | 중계율 0.06 | alpha 1.437 | complete
Ep 644 | 드론4 목적지77 | 1000스텝 | 배송 74/77 | 재적재 14 | 중계율 0.14 | alpha 1.453 | step_limit
Ep 645 | 드론4 목적지34 |  465스텝 | 배송 34/34 | 재적재  4 | 중계율 0.05 | alpha 1.430 | complete
Ep 646 | 드론5 목적지34 |  391스텝 | 배송 34/34 | 재적재  5 | 중계율 0.08 | alpha 1.439 | complete
Ep 647 | 드론3 목적지37 | 1000스텝 | 배송 36/37 | 재적재  6 | 중계율 0.20 | alpha 1.430 | step_limit
Ep 648 | 드론4 목적지55 |  658스텝 | 배송 55/55 | 재적재  9 | 중계율 0.11 | alpha 1.412 | complete
Ep 649 | 드론3 목적지20 |  522스텝 | 배송 20/20 | 재적재  2 | 중계율 0.22 | alpha 1.406 | complete
Ep 650 | 드론5 목적지37 |  413스텝 | 배송 37/37 | 재적재  5 | 중계율 0.06 | alpha 1.406 | complete
  [홀드아웃] 배송 50.0±0.0 완주 1.00 스텝 1079 점수 106.4 재적재 8.5 2홉+ 0.63 | 최고 106.8@ep600 정체 1/15
Ep 651 | 드론3 목적지77 | 1000스텝 | 배송 62/77 | 재적재 10 | 중계율 0.22 | alpha 1.393 | step_limit
Ep 652 | 드론6 목적지57 |  535스텝 | 배송 57/57 | 재적재  9 | 중계율 0.12 | alpha 1.407 | complete
Ep 653 | 드론5 목적지38 |  507스텝 | 배송 38/38 | 재적재  5 | 중계율 0.12 | alpha 1.435 | complete
Ep 654 | 드론6 목적지45 |  459스텝 | 배송 45/45 | 재적재  6 | 중계율 0.09 | alpha 1.455 | complete
Ep 655 | 드론3 목적지40 |  765스텝 | 배송 40/40 | 재적재  7 | 중계율 0.19 | alpha 1.460 | complete
Ep 656 | 드론5 목적지31 |  338스텝 | 배송 31/31 | 재적재  4 | 중계율 0.10 | alpha 1.458 | complete
Ep 657 | 드론5 목적지26 |  530스텝 | 배송 26/26 | 재적재  4 | 중계율 0.19 | alpha 1.450 | complete
Ep 658 | 드론4 목적지39 |  595스텝 | 배송 39/39 | 재적재  7 | 중계율 0.15 | alpha 1.442 | complete
Ep 659 | 드론4 목적지51 |  818스텝 | 배송 51/51 | 재적재  9 | 중계율 0.13 | alpha 1.447 | complete
Ep 660 | 드론4 목적지51 |  671스텝 | 배송 51/51 | 재적재  9 | 중계율 0.18 | alpha 1.436 | complete
Ep 661 | 드론3 목적지38 |  944스텝 | 배송 38/38 | 재적재  6 | 중계율 0.26 | alpha 1.421 | complete
Ep 662 | 드론5 목적지43 |  364스텝 | 배송 43/43 | 재적재  7 | 중계율 0.11 | alpha 1.422 | complete
Ep 663 | 드론5 목적지57 |  579스텝 | 배송 57/57 | 재적재  8 | 중계율 0.14 | alpha 1.436 | complete
Ep 664 | 드론4 목적지27 |  427스텝 | 배송 27/27 | 재적재  4 | 중계율 0.12 | alpha 1.444 | complete
Ep 665 | 드론6 목적지59 |  519스텝 | 배송 59/59 | 재적재  9 | 중계율 0.09 | alpha 1.455 | complete
Ep 666 | 드론4 목적지72 | 1000스텝 | 배송 69/72 | 재적재 12 | 중계율 0.19 | alpha 1.450 | step_limit
Ep 667 | 드론5 목적지45 |  450스텝 | 배송 45/45 | 재적재  7 | 중계율 0.14 | alpha 1.454 | complete
Ep 668 | 드론3 목적지65 | 1000스텝 | 배송 55/65 | 재적재 10 | 중계율 0.18 | alpha 1.460 | step_limit
Ep 669 | 드론4 목적지66 |  909스텝 | 배송 66/66 | 재적재 12 | 중계율 0.13 | alpha 1.460 | complete
Ep 670 | 드론6 목적지77 |  841스텝 | 배송 77/77 | 재적재 13 | 중계율 0.18 | alpha 1.464 | complete
Ep 671 | 드론5 목적지58 |  707스텝 | 배송 58/58 | 재적재 10 | 중계율 0.18 | alpha 1.457 | complete
Ep 672 | 드론3 목적지43 |  871스텝 | 배송 43/43 | 재적재  7 | 중계율 0.16 | alpha 1.441 | complete
Ep 673 | 드론6 목적지68 |  503스텝 | 배송 68/68 | 재적재 10 | 중계율 0.12 | alpha 1.434 | complete
Ep 674 | 드론3 목적지52 |  838스텝 | 배송 52/52 | 재적재  9 | 중계율 0.18 | alpha 1.430 | complete
Ep 675 | 드론4 목적지42 |  915스텝 | 배송 42/42 | 재적재  7 | 중계율 0.24 | alpha 1.418 | complete
Ep 676 | 드론3 목적지45 |  699스텝 | 배송 45/45 | 재적재  7 | 중계율 0.12 | alpha 1.436 | complete
Ep 677 | 드론3 목적지41 |  735스텝 | 배송 41/41 | 재적재  6 | 중계율 0.13 | alpha 1.440 | complete
Ep 678 | 드론6 목적지79 |  560스텝 | 배송 79/79 | 재적재 11 | 중계율 0.12 | alpha 1.431 | complete
Ep 679 | 드론4 목적지24 |  716스텝 | 배송 24/24 | 재적재  3 | 중계율 0.26 | alpha 1.423 | complete
Ep 680 | 드론4 목적지52 | 1000스텝 | 배송 49/52 | 재적재  9 | 중계율 0.22 | alpha 1.433 | step_limit
Ep 681 | 드론5 목적지77 |  737스텝 | 배송 77/77 | 재적재 12 | 중계율 0.15 | alpha 1.442 | complete
Ep 682 | 드론4 목적지49 |  622스텝 | 배송 49/49 | 재적재  8 | 중계율 0.13 | alpha 1.438 | complete
Ep 683 | 드론5 목적지63 |  658스텝 | 배송 63/63 | 재적재 10 | 중계율 0.12 | alpha 1.458 | complete
Ep 684 | 드론4 목적지37 |  777스텝 | 배송 37/37 | 재적재  7 | 중계율 0.15 | alpha 1.431 | complete
Ep 685 | 드론6 목적지56 |  593스텝 | 배송 56/56 | 재적재  8 | 중계율 0.12 | alpha 1.412 | complete
Ep 686 | 드론3 목적지28 |  709스텝 | 배송 28/28 | 재적재  5 | 중계율 0.19 | alpha 1.423 | complete
Ep 687 | 드론6 목적지77 |  518스텝 | 배송 77/77 | 재적재 11 | 중계율 0.07 | alpha 1.420 | complete
Ep 688 | 드론4 목적지45 |  991스텝 | 배송 45/45 | 재적재  8 | 중계율 0.18 | alpha 1.423 | complete
Ep 689 | 드론5 목적지70 |  643스텝 | 배송 70/70 | 재적재 11 | 중계율 0.11 | alpha 1.409 | complete
Ep 690 | 드론6 목적지62 |  532스텝 | 배송 62/62 | 재적재  9 | 중계율 0.11 | alpha 1.417 | complete
Ep 691 | 드론3 목적지31 |  799스텝 | 배송 31/31 | 재적재  5 | 중계율 0.25 | alpha 1.449 | complete
Ep 692 | 드론6 목적지61 |  537스텝 | 배송 61/61 | 재적재  9 | 중계율 0.11 | alpha 1.446 | complete
Ep 693 | 드론6 목적지60 |  594스텝 | 배송 60/60 | 재적재 10 | 중계율 0.14 | alpha 1.460 | complete
Ep 694 | 드론4 목적지33 |  845스텝 | 배송 33/33 | 재적재  4 | 중계율 0.26 | alpha 1.465 | complete
Ep 695 | 드론4 목적지29 |  819스텝 | 배송 29/29 | 재적재  5 | 중계율 0.21 | alpha 1.463 | complete
Ep 696 | 드론6 목적지28 |  428스텝 | 배송 28/28 | 재적재  2 | 중계율 0.12 | alpha 1.453 | complete
Ep 697 | 드론6 목적지35 |  321스텝 | 배송 35/35 | 재적재  6 | 중계율 0.12 | alpha 1.447 | complete
Ep 698 | 드론4 목적지32 |  640스텝 | 배송 32/32 | 재적재  5 | 중계율 0.19 | alpha 1.438 | complete
Ep 699 | 드론3 목적지62 | 1000스텝 | 배송 59/62 | 재적재 10 | 중계율 0.17 | alpha 1.418 | step_limit
Ep 700 | 드론4 목적지61 |  883스텝 | 배송 61/61 | 재적재 11 | 중계율 0.15 | alpha 1.415 | complete
  [홀드아웃] 배송 50.0±0.0 완주 1.00 스텝 1020 점수 106.6 재적재 8.3 2홉+ 0.64 | 최고 106.8@ep600 정체 2/15
Ep 701 | 드론6 목적지72 |  613스텝 | 배송 72/72 | 재적재 12 | 중계율 0.11 | alpha 1.395 | complete
Ep 702 | 드론6 목적지34 |  407스텝 | 배송 34/34 | 재적재  5 | 중계율 0.16 | alpha 1.386 | complete
Ep 703 | 드론6 목적지32 |  316스텝 | 배송 32/32 | 재적재  3 | 중계율 0.15 | alpha 1.384 | complete
Ep 704 | 드론5 목적지74 |  629스텝 | 배송 74/74 | 재적재 13 | 중계율 0.11 | alpha 1.382 | complete
Ep 705 | 드론3 목적지38 |  977스텝 | 배송 38/38 | 재적재  7 | 중계율 0.25 | alpha 1.376 | complete
Ep 706 | 드론6 목적지30 |  257스텝 | 배송 30/30 | 재적재  2 | 중계율 0.10 | alpha 1.377 | complete
Ep 707 | 드론5 목적지31 |  373스텝 | 배송 31/31 | 재적재  4 | 중계율 0.10 | alpha 1.382 | complete
Ep 708 | 드론4 목적지63 |  833스텝 | 배송 63/63 | 재적재 11 | 중계율 0.14 | alpha 1.388 | complete
Ep 709 | 드론4 목적지20 |  893스텝 | 배송 20/20 | 재적재  2 | 중계율 0.31 | alpha 1.371 | complete
Ep 710 | 드론5 목적지78 |  690스텝 | 배송 78/78 | 재적재 13 | 중계율 0.14 | alpha 1.379 | complete
Ep 711 | 드론6 목적지58 |  609스텝 | 배송 58/58 | 재적재  9 | 중계율 0.17 | alpha 1.402 | complete
Ep 712 | 드론3 목적지75 | 1000스텝 | 배송 65/75 | 재적재 11 | 중계율 0.23 | alpha 1.383 | step_limit
Ep 713 | 드론3 목적지69 |  890스텝 | 배송 69/69 | 재적재 13 | 중계율 0.12 | alpha 1.355 | complete
Ep 714 | 드론3 목적지36 |  868스텝 | 배송 36/36 | 재적재  7 | 중계율 0.25 | alpha 1.328 | complete
Ep 715 | 드론3 목적지65 | 1000스텝 | 배송 55/65 | 재적재 10 | 중계율 0.18 | alpha 1.309 | step_limit
Ep 716 | 드론6 목적지36 |  432스텝 | 배송 36/36 | 재적재  4 | 중계율 0.09 | alpha 1.309 | complete
Ep 717 | 드론6 목적지56 |  509스텝 | 배송 56/56 | 재적재  9 | 중계율 0.13 | alpha 1.293 | complete
Ep 718 | 드론4 목적지69 |  838스텝 | 배송 69/69 | 재적재 11 | 중계율 0.18 | alpha 1.315 | complete
Ep 719 | 드론4 목적지21 |  427스텝 | 배송 21/21 | 재적재  3 | 중계율 0.14 | alpha 1.312 | complete
Ep 720 | 드론6 목적지45 |  599스텝 | 배송 45/45 | 재적재  7 | 중계율 0.12 | alpha 1.327 | complete
Ep 721 | 드론3 목적지30 |  528스텝 | 배송 30/30 | 재적재  4 | 중계율 0.14 | alpha 1.338 | complete
Ep 722 | 드론6 목적지47 |  366스텝 | 배송 47/47 | 재적재  6 | 중계율 0.07 | alpha 1.335 | complete
Ep 723 | 드론3 목적지51 |  924스텝 | 배송 51/51 | 재적재  9 | 중계율 0.22 | alpha 1.339 | complete
Ep 724 | 드론5 목적지57 |  673스텝 | 배송 57/57 | 재적재  9 | 중계율 0.15 | alpha 1.355 | complete
Ep 725 | 드론5 목적지29 |  343스텝 | 배송 29/29 | 재적재  4 | 중계율 0.15 | alpha 1.349 | complete
Ep 726 | 드론6 목적지69 |  637스텝 | 배송 69/69 | 재적재 11 | 중계율 0.11 | alpha 1.368 | complete
Ep 727 | 드론5 목적지36 |  913스텝 | 배송 36/36 | 재적재  6 | 중계율 0.21 | alpha 1.353 | complete
Ep 728 | 드론4 목적지74 | 1000스텝 | 배송 67/74 | 재적재 10 | 중계율 0.25 | alpha 1.339 | step_limit
Ep 729 | 드론6 목적지64 |  510스텝 | 배송 64/64 | 재적재 10 | 중계율 0.11 | alpha 1.317 | complete
Ep 730 | 드론4 목적지70 |  733스텝 | 배송 70/70 | 재적재 12 | 중계율 0.15 | alpha 1.347 | complete
Ep 731 | 드론3 목적지48 |  811스텝 | 배송 48/48 | 재적재  8 | 중계율 0.16 | alpha 1.338 | complete
Ep 732 | 드론5 목적지37 |  634스텝 | 배송 37/37 | 재적재  6 | 중계율 0.19 | alpha 1.336 | complete
Ep 733 | 드론5 목적지67 |  663스텝 | 배송 67/67 | 재적재 11 | 중계율 0.10 | alpha 1.355 | complete
Ep 734 | 드론6 목적지54 |  684스텝 | 배송 54/54 | 재적재  9 | 중계율 0.19 | alpha 1.348 | complete
Ep 735 | 드론5 목적지57 | 1000스텝 | 배송 56/57 | 재적재  9 | 중계율 0.20 | alpha 1.345 | step_limit
Ep 736 | 드론6 목적지39 |  434스텝 | 배송 39/39 | 재적재  5 | 중계율 0.09 | alpha 1.355 | complete
Ep 737 | 드론4 목적지29 |  707스텝 | 배송 29/29 | 재적재  3 | 중계율 0.17 | alpha 1.336 | complete
Ep 738 | 드론6 목적지68 |  422스텝 | 배송 68/68 | 재적재 11 | 중계율 0.07 | alpha 1.339 | complete
Ep 739 | 드론4 목적지20 |  650스텝 | 배송 20/20 | 재적재  2 | 중계율 0.27 | alpha 1.348 | complete
Ep 740 | 드론3 목적지69 | 1000스텝 | 배송 50/69 | 재적재  8 | 중계율 0.30 | alpha 1.303 | step_limit
Ep 741 | 드론6 목적지41 |  357스텝 | 배송 41/41 | 재적재  5 | 중계율 0.14 | alpha 1.298 | complete
Ep 742 | 드론4 목적지78 | 1000스텝 | 배송 77/78 | 재적재 13 | 중계율 0.20 | alpha 1.315 | step_limit
Ep 743 | 드론3 목적지39 | 1000스텝 | 배송 38/39 | 재적재  6 | 중계율 0.24 | alpha 1.346 | step_limit
Ep 744 | 드론4 목적지57 |  989스텝 | 배송 57/57 | 재적재 10 | 중계율 0.18 | alpha 1.387 | complete
Ep 745 | 드론3 목적지76 | 1000스텝 | 배송 58/76 | 재적재 10 | 중계율 0.17 | alpha 1.409 | step_limit
Ep 746 | 드론4 목적지69 | 1000스텝 | 배송 60/69 | 재적재 10 | 중계율 0.21 | alpha 1.439 | step_limit
Ep 747 | 드론4 목적지33 |  646스텝 | 배송 33/33 | 재적재  6 | 중계율 0.14 | alpha 1.429 | complete
Ep 748 | 드론3 목적지30 |  632스텝 | 배송 30/30 | 재적재  5 | 중계율 0.17 | alpha 1.416 | complete
Ep 749 | 드론5 목적지32 |  320스텝 | 배송 32/32 | 재적재  5 | 중계율 0.13 | alpha 1.400 | complete
Ep 750 | 드론5 목적지61 |  598스텝 | 배송 61/61 | 재적재 11 | 중계율 0.11 | alpha 1.378 | complete
  [홀드아웃] 배송 49.7±1.7 완주 0.97 스텝 996 점수 104.2 재적재 8.2 2홉+ 0.63 | 최고 106.8@ep600 정체 3/15
Ep 751 | 드론5 목적지34 |  410스텝 | 배송 34/34 | 재적재  5 | 중계율 0.15 | alpha 1.362 | complete
Ep 752 | 드론6 목적지69 |  747스텝 | 배송 69/69 | 재적재 11 | 중계율 0.13 | alpha 1.362 | complete
Ep 753 | 드론4 목적지80 | 1000스텝 | 배송 77/80 | 재적재 14 | 중계율 0.20 | alpha 1.359 | step_limit
Ep 754 | 드론4 목적지29 |  397스텝 | 배송 29/29 | 재적재  4 | 중계율 0.10 | alpha 1.357 | complete
Ep 755 | 드론3 목적지43 | 1000스텝 | 배송 40/43 | 재적재  7 | 중계율 0.18 | alpha 1.379 | step_limit
Ep 756 | 드론6 목적지30 |  380스텝 | 배송 30/30 | 재적재  5 | 중계율 0.12 | alpha 1.387 | complete
Ep 757 | 드론6 목적지37 |  394스텝 | 배송 37/37 | 재적재  6 | 중계율 0.12 | alpha 1.375 | complete
Ep 758 | 드론4 목적지51 |  735스텝 | 배송 51/51 | 재적재  9 | 중계율 0.12 | alpha 1.378 | complete
Ep 759 | 드론5 목적지23 |  352스텝 | 배송 23/23 | 재적재  2 | 중계율 0.13 | alpha 1.378 | complete
Ep 760 | 드론5 목적지60 | 1000스텝 | 배송 54/60 | 재적재  8 | 중계율 0.23 | alpha 1.372 | step_limit
Ep 761 | 드론3 목적지77 | 1000스텝 | 배송 59/77 | 재적재  9 | 중계율 0.25 | alpha 1.383 | step_limit
Ep 762 | 드론5 목적지26 |  396스텝 | 배송 26/26 | 재적재  4 | 중계율 0.23 | alpha 1.393 | complete
Ep 763 | 드론5 목적지70 |  640스텝 | 배송 70/70 | 재적재 12 | 중계율 0.10 | alpha 1.404 | complete
Ep 764 | 드론6 목적지32 |  502스텝 | 배송 32/32 | 재적재  2 | 중계율 0.20 | alpha 1.384 | complete
Ep 765 | 드론5 목적지23 |  478스텝 | 배송 23/23 | 재적재  3 | 중계율 0.16 | alpha 1.369 | complete
Ep 766 | 드론6 목적지51 |  382스텝 | 배송 51/51 | 재적재  6 | 중계율 0.10 | alpha 1.360 | complete
Ep 767 | 드론4 목적지49 |  809스텝 | 배송 49/49 | 재적재  8 | 중계율 0.17 | alpha 1.358 | complete
Ep 768 | 드론3 목적지72 | 1000스텝 | 배송 60/72 | 재적재 11 | 중계율 0.21 | alpha 1.349 | step_limit
Ep 769 | 드론6 목적지22 |  205스텝 | 배송 22/22 | 재적재  1 | 중계율 0.14 | alpha 1.347 | complete
Ep 770 | 드론6 목적지53 |  415스텝 | 배송 53/53 | 재적재  9 | 중계율 0.09 | alpha 1.359 | complete
Ep 771 | 드론5 목적지38 |  409스텝 | 배송 38/38 | 재적재  5 | 중계율 0.11 | alpha 1.380 | complete
Ep 772 | 드론4 목적지36 |  499스텝 | 배송 36/36 | 재적재  5 | 중계율 0.18 | alpha 1.394 | complete
Ep 773 | 드론6 목적지21 |  175스텝 | 배송 21/21 | 재적재  0 | 중계율 0.14 | alpha 1.401 | complete
Ep 774 | 드론6 목적지46 |  568스텝 | 배송 46/46 | 재적재  6 | 중계율 0.14 | alpha 1.397 | complete
Ep 775 | 드론6 목적지41 |  489스텝 | 배송 41/41 | 재적재  5 | 중계율 0.13 | alpha 1.397 | complete
Ep 776 | 드론5 목적지48 |  486스텝 | 배송 48/48 | 재적재  9 | 중계율 0.13 | alpha 1.405 | complete
Ep 777 | 드론4 목적지20 |  428스텝 | 배송 20/20 | 재적재  2 | 중계율 0.14 | alpha 1.399 | complete
Ep 778 | 드론5 목적지57 | 1000스텝 | 배송 56/57 | 재적재 10 | 중계율 0.18 | alpha 1.388 | step_limit
Ep 779 | 드론6 목적지79 |  864스텝 | 배송 79/79 | 재적재 11 | 중계율 0.19 | alpha 1.426 | complete
Ep 780 | 드론3 목적지68 | 1000스텝 | 배송 65/68 | 재적재 11 | 중계율 0.16 | alpha 1.435 | step_limit
Ep 781 | 드론5 목적지50 |  446스텝 | 배송 50/50 | 재적재  8 | 중계율 0.11 | alpha 1.410 | complete
Ep 782 | 드론5 목적지45 |  616스텝 | 배송 45/45 | 재적재  8 | 중계율 0.19 | alpha 1.398 | complete
Ep 783 | 드론3 목적지28 |  654스텝 | 배송 28/28 | 재적재  3 | 중계율 0.22 | alpha 1.380 | complete
Ep 784 | 드론6 목적지58 |  537스텝 | 배송 58/58 | 재적재 10 | 중계율 0.13 | alpha 1.378 | complete
Ep 785 | 드론4 목적지49 |  703스텝 | 배송 49/49 | 재적재  8 | 중계율 0.19 | alpha 1.381 | complete
Ep 786 | 드론4 목적지53 | 1000스텝 | 배송 48/53 | 재적재  9 | 중계율 0.23 | alpha 1.387 | step_limit
Ep 787 | 드론4 목적지47 |  736스텝 | 배송 47/47 | 재적재  7 | 중계율 0.20 | alpha 1.400 | complete
Ep 788 | 드론6 목적지75 |  701스텝 | 배송 75/75 | 재적재 12 | 중계율 0.15 | alpha 1.377 | complete
Ep 789 | 드론3 목적지79 | 1000스텝 | 배송 67/79 | 재적재 12 | 중계율 0.20 | alpha 1.372 | step_limit
Ep 790 | 드론3 목적지65 | 1000스텝 | 배송 56/65 | 재적재 10 | 중계율 0.19 | alpha 1.387 | step_limit
Ep 791 | 드론3 목적지21 |  290스텝 | 배송 21/21 | 재적재  3 | 중계율 0.10 | alpha 1.384 | complete
Ep 792 | 드론4 목적지50 |  781스텝 | 배송 50/50 | 재적재  8 | 중계율 0.11 | alpha 1.373 | complete
Ep 793 | 드론6 목적지27 |  237스텝 | 배송 27/27 | 재적재  2 | 중계율 0.12 | alpha 1.376 | complete
Ep 794 | 드론3 목적지74 | 1000스텝 | 배송 66/74 | 재적재 12 | 중계율 0.20 | alpha 1.410 | step_limit
Ep 795 | 드론3 목적지58 | 1000스텝 | 배송 53/58 | 재적재  9 | 중계율 0.18 | alpha 1.422 | step_limit
Ep 796 | 드론4 목적지23 |  390스텝 | 배송 23/23 | 재적재  2 | 중계율 0.24 | alpha 1.413 | complete
Ep 797 | 드론5 목적지34 |  626스텝 | 배송 34/34 | 재적재  5 | 중계율 0.10 | alpha 1.427 | complete
Ep 798 | 드론4 목적지60 |  636스텝 | 배송 60/60 | 재적재 10 | 중계율 0.12 | alpha 1.434 | complete
Ep 799 | 드론3 목적지33 |  916스텝 | 배송 33/33 | 재적재  6 | 중계율 0.21 | alpha 1.417 | complete
Ep 800 | 드론5 목적지50 |  488스텝 | 배송 50/50 | 재적재  9 | 중계율 0.12 | alpha 1.422 | complete
  [홀드아웃] 배송 50.0±0.0 완주 1.00 스텝 1054 점수 106.5 재적재 8.5 2홉+ 0.63 | 최고 106.8@ep600 정체 4/15
Ep 801 | 드론5 목적지57 |  663스텝 | 배송 57/57 | 재적재  9 | 중계율 0.16 | alpha 1.419 | complete
Ep 802 | 드론4 목적지68 |  865스텝 | 배송 68/68 | 재적재 13 | 중계율 0.15 | alpha 1.431 | complete
Ep 803 | 드론4 목적지80 | 1000스텝 | 배송 79/80 | 재적재 14 | 중계율 0.17 | alpha 1.411 | step_limit
Ep 804 | 드론6 목적지65 |  466스텝 | 배송 65/65 | 재적재  9 | 중계율 0.14 | alpha 1.410 | complete
Ep 805 | 드론6 목적지78 |  579스텝 | 배송 78/78 | 재적재 12 | 중계율 0.10 | alpha 1.402 | complete
Ep 806 | 드론6 목적지73 |  471스텝 | 배송 73/73 | 재적재 13 | 중계율 0.10 | alpha 1.409 | complete
Ep 807 | 드론6 목적지69 |  474스텝 | 배송 69/69 | 재적재 11 | 중계율 0.08 | alpha 1.416 | complete
Ep 808 | 드론4 목적지26 |  541스텝 | 배송 26/26 | 재적재  4 | 중계율 0.20 | alpha 1.408 | complete
Ep 809 | 드론4 목적지70 |  891스텝 | 배송 70/70 | 재적재 12 | 중계율 0.11 | alpha 1.402 | complete
Ep 810 | 드론4 목적지68 |  846스텝 | 배송 68/68 | 재적재 12 | 중계율 0.15 | alpha 1.396 | complete
Ep 811 | 드론3 목적지58 |  908스텝 | 배송 58/58 | 재적재 10 | 중계율 0.12 | alpha 1.405 | complete
Ep 812 | 드론4 목적지33 |  564스텝 | 배송 33/33 | 재적재  5 | 중계율 0.16 | alpha 1.409 | complete
Ep 813 | 드론4 목적지41 |  742스텝 | 배송 41/41 | 재적재  6 | 중계율 0.16 | alpha 1.392 | complete
Ep 814 | 드론4 목적지24 |  731스텝 | 배송 24/24 | 재적재  3 | 중계율 0.19 | alpha 1.414 | complete
Ep 815 | 드론3 목적지38 |  919스텝 | 배송 38/38 | 재적재  6 | 중계율 0.19 | alpha 1.414 | complete
Ep 816 | 드론3 목적지25 |  754스텝 | 배송 25/25 | 재적재  4 | 중계율 0.24 | alpha 1.411 | complete
Ep 817 | 드론4 목적지53 |  561스텝 | 배송 53/53 | 재적재 10 | 중계율 0.07 | alpha 1.419 | complete
Ep 818 | 드론5 목적지28 |  322스텝 | 배송 28/28 | 재적재  4 | 중계율 0.11 | alpha 1.408 | complete
Ep 819 | 드론6 목적지23 |  216스텝 | 배송 23/23 | 재적재  0 | 중계율 0.11 | alpha 1.412 | complete
Ep 820 | 드론4 목적지74 | 1000스텝 | 배송 62/74 | 재적재 12 | 중계율 0.24 | alpha 1.398 | step_limit
Ep 821 | 드론4 목적지79 | 1000스텝 | 배송 75/79 | 재적재 13 | 중계율 0.18 | alpha 1.399 | step_limit
Ep 822 | 드론4 목적지20 |  246스텝 | 배송 20/20 | 재적재  2 | 중계율 0.13 | alpha 1.394 | complete
Ep 823 | 드론5 목적지61 |  707스텝 | 배송 61/61 | 재적재 11 | 중계율 0.15 | alpha 1.387 | complete
Ep 824 | 드론3 목적지25 |  450스텝 | 배송 25/25 | 재적재  3 | 중계율 0.19 | alpha 1.376 | complete
Ep 825 | 드론3 목적지41 |  779스텝 | 배송 41/41 | 재적재  7 | 중계율 0.14 | alpha 1.357 | complete
Ep 826 | 드론3 목적지53 | 1000스텝 | 배송 47/53 | 재적재  9 | 중계율 0.26 | alpha 1.336 | step_limit
Ep 827 | 드론4 목적지44 |  818스텝 | 배송 44/44 | 재적재  7 | 중계율 0.22 | alpha 1.314 | complete
Ep 828 | 드론4 목적지24 |  622스텝 | 배송 24/24 | 재적재  3 | 중계율 0.25 | alpha 1.304 | complete
Ep 829 | 드론6 목적지53 |  368스텝 | 배송 53/53 | 재적재  6 | 중계율 0.15 | alpha 1.305 | complete
Ep 830 | 드론6 목적지66 |  786스텝 | 배송 66/66 | 재적재 11 | 중계율 0.14 | alpha 1.332 | complete
Ep 831 | 드론5 목적지69 |  802스텝 | 배송 69/69 | 재적재 13 | 중계율 0.16 | alpha 1.341 | complete
Ep 832 | 드론5 목적지69 |  669스텝 | 배송 69/69 | 재적재 11 | 중계율 0.14 | alpha 1.346 | complete
Ep 833 | 드론6 목적지72 |  654스텝 | 배송 72/72 | 재적재 12 | 중계율 0.13 | alpha 1.342 | complete
Ep 834 | 드론4 목적지71 | 1000스텝 | 배송 62/71 | 재적재 10 | 중계율 0.23 | alpha 1.324 | step_limit
Ep 835 | 드론3 목적지56 |  866스텝 | 배송 56/56 | 재적재 10 | 중계율 0.15 | alpha 1.330 | complete
Ep 836 | 드론6 목적지30 |  387스텝 | 배송 30/30 | 재적재  5 | 중계율 0.14 | alpha 1.337 | complete
Ep 837 | 드론3 목적지73 | 1000스텝 | 배송 60/73 | 재적재 11 | 중계율 0.20 | alpha 1.349 | step_limit
Ep 838 | 드론5 목적지56 |  669스텝 | 배송 56/56 | 재적재  8 | 중계율 0.10 | alpha 1.373 | complete
Ep 839 | 드론4 목적지20 |  353스텝 | 배송 20/20 | 재적재  2 | 중계율 0.19 | alpha 1.370 | complete
Ep 840 | 드론3 목적지33 |  601스텝 | 배송 33/33 | 재적재  6 | 중계율 0.12 | alpha 1.368 | complete
Ep 841 | 드론4 목적지31 |  606스텝 | 배송 31/31 | 재적재  4 | 중계율 0.18 | alpha 1.372 | complete
Ep 842 | 드론3 목적지68 | 1000스텝 | 배송 63/68 | 재적재 11 | 중계율 0.22 | alpha 1.360 | step_limit
Ep 843 | 드론6 목적지51 |  730스텝 | 배송 51/51 | 재적재  8 | 중계율 0.18 | alpha 1.361 | complete
Ep 844 | 드론4 목적지37 |  567스텝 | 배송 37/37 | 재적재  6 | 중계율 0.18 | alpha 1.366 | complete
Ep 845 | 드론6 목적지74 |  462스텝 | 배송 74/74 | 재적재 11 | 중계율 0.05 | alpha 1.354 | complete
Ep 846 | 드론3 목적지32 |  666스텝 | 배송 32/32 | 재적재  5 | 중계율 0.12 | alpha 1.382 | complete
Ep 847 | 드론5 목적지25 |  382스텝 | 배송 25/25 | 재적재  3 | 중계율 0.09 | alpha 1.394 | complete
Ep 848 | 드론3 목적지44 | 1000스텝 | 배송 42/44 | 재적재  8 | 중계율 0.21 | alpha 1.408 | step_limit
Ep 849 | 드론5 목적지28 |  525스텝 | 배송 28/28 | 재적재  4 | 중계율 0.23 | alpha 1.398 | complete
Ep 850 | 드론3 목적지47 |  953스텝 | 배송 47/47 | 재적재  8 | 중계율 0.17 | alpha 1.417 | complete
  [홀드아웃] 배송 49.4±2.4 완주 0.90 스텝 1071 점수 96.4 재적재 8.3 2홉+ 0.63 | 최고 106.8@ep600 정체 5/15
Ep 851 | 드론3 목적지39 |  683스텝 | 배송 39/39 | 재적재  6 | 중계율 0.16 | alpha 1.412 | complete
Ep 852 | 드론4 목적지68 | 1000스텝 | 배송 51/68 | 재적재 10 | 중계율 0.26 | alpha 1.383 | step_limit
Ep 853 | 드론4 목적지65 | 1000스텝 | 배송 60/65 | 재적재 12 | 중계율 0.25 | alpha 1.388 | step_limit
Ep 854 | 드론5 목적지61 |  690스텝 | 배송 61/61 | 재적재 10 | 중계율 0.16 | alpha 1.400 | complete
Ep 855 | 드론5 목적지22 |  428스텝 | 배송 22/22 | 재적재  2 | 중계율 0.15 | alpha 1.386 | complete
Ep 856 | 드론5 목적지59 |  620스텝 | 배송 59/59 | 재적재  8 | 중계율 0.15 | alpha 1.386 | complete
Ep 857 | 드론3 목적지69 | 1000스텝 | 배송 61/69 | 재적재 11 | 중계율 0.24 | alpha 1.411 | step_limit
Ep 858 | 드론6 목적지35 |  285스텝 | 배송 35/35 | 재적재  4 | 중계율 0.08 | alpha 1.422 | complete
Ep 859 | 드론3 목적지20 |  690스텝 | 배송 20/20 | 재적재  3 | 중계율 0.22 | alpha 1.416 | complete
Ep 860 | 드론5 목적지42 |  464스텝 | 배송 42/42 | 재적재  6 | 중계율 0.17 | alpha 1.419 | complete
Ep 861 | 드론4 목적지58 |  830스텝 | 배송 58/58 | 재적재 10 | 중계율 0.15 | alpha 1.433 | complete
Ep 862 | 드론3 목적지39 |  732스텝 | 배송 39/39 | 재적재  7 | 중계율 0.15 | alpha 1.441 | complete
Ep 863 | 드론5 목적지77 |  982스텝 | 배송 77/77 | 재적재 14 | 중계율 0.20 | alpha 1.436 | complete
Ep 864 | 드론6 목적지37 |  764스텝 | 배송 37/37 | 재적재  5 | 중계율 0.23 | alpha 1.431 | complete
Ep 865 | 드론4 목적지33 |  586스텝 | 배송 33/33 | 재적재  4 | 중계율 0.19 | alpha 1.407 | complete
Ep 866 | 드론5 목적지40 |  364스텝 | 배송 40/40 | 재적재  6 | 중계율 0.10 | alpha 1.401 | complete
Ep 867 | 드론6 목적지34 |  378스텝 | 배송 34/34 | 재적재  5 | 중계율 0.10 | alpha 1.387 | complete
Ep 868 | 드론3 목적지34 |  728스텝 | 배송 34/34 | 재적재  5 | 중계율 0.21 | alpha 1.363 | complete
Ep 869 | 드론3 목적지76 | 1000스텝 | 배송 63/76 | 재적재 11 | 중계율 0.14 | alpha 1.349 | step_limit
Ep 870 | 드론4 목적지42 |  802스텝 | 배송 42/42 | 재적재  7 | 중계율 0.21 | alpha 1.357 | complete
Ep 871 | 드론3 목적지47 |  860스텝 | 배송 47/47 | 재적재  8 | 중계율 0.20 | alpha 1.386 | complete
Ep 872 | 드론5 목적지22 |  250스텝 | 배송 22/22 | 재적재  3 | 중계율 0.10 | alpha 1.392 | complete
Ep 873 | 드론5 목적지60 |  648스텝 | 배송 60/60 | 재적재  9 | 중계율 0.16 | alpha 1.372 | complete
Ep 874 | 드론6 목적지45 |  493스텝 | 배송 45/45 | 재적재  7 | 중계율 0.12 | alpha 1.363 | complete
Ep 875 | 드론6 목적지32 |  344스텝 | 배송 32/32 | 재적재  6 | 중계율 0.13 | alpha 1.377 | complete
Ep 876 | 드론3 목적지49 |  923스텝 | 배송 49/49 | 재적재  9 | 중계율 0.14 | alpha 1.384 | complete
Ep 877 | 드론6 목적지77 |  577스텝 | 배송 77/77 | 재적재 11 | 중계율 0.14 | alpha 1.397 | complete
Ep 878 | 드론5 목적지44 |  881스텝 | 배송 44/44 | 재적재  8 | 중계율 0.23 | alpha 1.397 | complete
Ep 879 | 드론3 목적지79 | 1000스텝 | 배송 67/79 | 재적재 12 | 중계율 0.20 | alpha 1.374 | step_limit
Ep 880 | 드론5 목적지32 |  434스텝 | 배송 32/32 | 재적재  4 | 중계율 0.10 | alpha 1.359 | complete
Ep 881 | 드론6 목적지74 |  761스텝 | 배송 74/74 | 재적재 13 | 중계율 0.19 | alpha 1.353 | complete
Ep 882 | 드론4 목적지76 | 1000스텝 | 배송 70/76 | 재적재 11 | 중계율 0.19 | alpha 1.356 | step_limit
Ep 883 | 드론6 목적지50 |  526스텝 | 배송 50/50 | 재적재  7 | 중계율 0.16 | alpha 1.360 | complete
Ep 884 | 드론6 목적지56 |  503스텝 | 배송 56/56 | 재적재 10 | 중계율 0.11 | alpha 1.369 | complete
Ep 885 | 드론3 목적지44 |  786스텝 | 배송 44/44 | 재적재  7 | 중계율 0.18 | alpha 1.376 | complete
Ep 886 | 드론6 목적지76 |  795스텝 | 배송 76/76 | 재적재 13 | 중계율 0.11 | alpha 1.388 | complete
Ep 887 | 드론4 목적지67 | 1000스텝 | 배송 66/67 | 재적재 11 | 중계율 0.18 | alpha 1.396 | step_limit
Ep 888 | 드론3 목적지71 | 1000스텝 | 배송 51/71 | 재적재  9 | 중계율 0.19 | alpha 1.394 | step_limit
Ep 889 | 드론3 목적지32 |  666스텝 | 배송 32/32 | 재적재  6 | 중계율 0.25 | alpha 1.401 | complete
Ep 890 | 드론5 목적지62 |  703스텝 | 배송 62/62 | 재적재 11 | 중계율 0.12 | alpha 1.396 | complete
Ep 891 | 드론3 목적지78 | 1000스텝 | 배송 66/78 | 재적재 13 | 중계율 0.17 | alpha 1.413 | step_limit
Ep 892 | 드론4 목적지39 |  445스텝 | 배송 39/39 | 재적재  5 | 중계율 0.09 | alpha 1.415 | complete
Ep 893 | 드론4 목적지65 | 1000스텝 | 배송 55/65 | 재적재 10 | 중계율 0.18 | alpha 1.436 | step_limit
Ep 894 | 드론6 목적지47 |  405스텝 | 배송 47/47 | 재적재  6 | 중계율 0.11 | alpha 1.444 | complete
Ep 895 | 드론6 목적지64 |  558스텝 | 배송 64/64 | 재적재 10 | 중계율 0.13 | alpha 1.471 | complete
Ep 896 | 드론5 목적지41 |  594스텝 | 배송 41/41 | 재적재  7 | 중계율 0.20 | alpha 1.470 | complete
Ep 897 | 드론6 목적지77 |  567스텝 | 배송 77/77 | 재적재 14 | 중계율 0.08 | alpha 1.482 | complete
Ep 898 | 드론4 목적지29 |  631스텝 | 배송 29/29 | 재적재  3 | 중계율 0.22 | alpha 1.460 | complete
Ep 899 | 드론3 목적지31 |  983스텝 | 배송 31/31 | 재적재  6 | 중계율 0.18 | alpha 1.450 | complete
Ep 900 | 드론3 목적지69 | 1000스텝 | 배송 61/69 | 재적재 11 | 중계율 0.14 | alpha 1.476 | step_limit
  [홀드아웃] 배송 50.0±0.0 완주 1.00 스텝 966 점수 106.8 재적재 8.3 2홉+ 0.62 | 최고 106.8@ep900 정체 0/15  ← 갱신
Ep 901 | 드론6 목적지26 |  446스텝 | 배송 26/26 | 재적재  4 | 중계율 0.17 | alpha 1.473 | complete
Ep 902 | 드론6 목적지58 |  596스텝 | 배송 58/58 | 재적재 10 | 중계율 0.12 | alpha 1.470 | complete
Ep 903 | 드론3 목적지41 |  817스텝 | 배송 41/41 | 재적재  7 | 중계율 0.23 | alpha 1.492 | complete
Ep 904 | 드론6 목적지47 |  301스텝 | 배송 47/47 | 재적재  7 | 중계율 0.08 | alpha 1.506 | complete
Ep 905 | 드론3 목적지63 | 1000스텝 | 배송 55/63 | 재적재 10 | 중계율 0.26 | alpha 1.535 | step_limit
Ep 906 | 드론5 목적지64 |  804스텝 | 배송 64/64 | 재적재 11 | 중계율 0.17 | alpha 1.528 | complete
Ep 907 | 드론3 목적지80 | 1000스텝 | 배송 72/80 | 재적재 13 | 중계율 0.14 | alpha 1.513 | step_limit
Ep 908 | 드론6 목적지49 |  379스텝 | 배송 49/49 | 재적재  7 | 중계율 0.09 | alpha 1.526 | complete
Ep 909 | 드론3 목적지68 | 1000스텝 | 배송 37/68 | 재적재  7 | 중계율 0.13 | alpha 1.512 | step_limit
Ep 910 | 드론6 목적지69 |  683스텝 | 배송 69/69 | 재적재 12 | 중계율 0.14 | alpha 1.519 | complete
Ep 911 | 드론3 목적지22 |  375스텝 | 배송 22/22 | 재적재  3 | 중계율 0.12 | alpha 1.515 | complete
Ep 912 | 드론4 목적지71 | 1000스텝 | 배송 54/71 | 재적재  9 | 중계율 0.26 | alpha 1.513 | step_limit
Ep 913 | 드론3 목적지48 |  694스텝 | 배송 48/48 | 재적재  9 | 중계율 0.15 | alpha 1.505 | complete
Ep 914 | 드론3 목적지64 | 1000스텝 | 배송 61/64 | 재적재 11 | 중계율 0.22 | alpha 1.499 | step_limit
Ep 915 | 드론6 목적지58 |  701스텝 | 배송 58/58 | 재적재  9 | 중계율 0.15 | alpha 1.521 | complete
Ep 916 | 드론4 목적지21 |  409스텝 | 배송 21/21 | 재적재  2 | 중계율 0.14 | alpha 1.550 | complete
Ep 917 | 드론5 목적지75 | 1000스텝 | 배송 69/75 | 재적재 10 | 중계율 0.26 | alpha 1.544 | step_limit
Ep 918 | 드론6 목적지22 |  279스텝 | 배송 22/22 | 재적재  1 | 중계율 0.16 | alpha 1.531 | complete
Ep 919 | 드론5 목적지73 |  849스텝 | 배송 73/73 | 재적재 12 | 중계율 0.13 | alpha 1.521 | complete
Ep 920 | 드론3 목적지79 | 1000스텝 | 배송 56/79 | 재적재  9 | 중계율 0.22 | alpha 1.496 | step_limit
Ep 921 | 드론4 목적지27 |  479스텝 | 배송 27/27 | 재적재  4 | 중계율 0.14 | alpha 1.496 | complete
Ep 922 | 드론4 목적지20 |  492스텝 | 배송 20/20 | 재적재  2 | 중계율 0.16 | alpha 1.499 | complete
Ep 923 | 드론5 목적지51 |  546스텝 | 배송 51/51 | 재적재  8 | 중계율 0.16 | alpha 1.480 | complete
Ep 924 | 드론6 목적지68 |  519스텝 | 배송 68/68 | 재적재 11 | 중계율 0.08 | alpha 1.461 | complete
Ep 925 | 드론6 목적지30 |  405스텝 | 배송 30/30 | 재적재  3 | 중계율 0.17 | alpha 1.459 | complete
Ep 926 | 드론6 목적지31 |  281스텝 | 배송 31/31 | 재적재  3 | 중계율 0.12 | alpha 1.449 | complete
Ep 927 | 드론3 목적지62 | 1000스텝 | 배송 54/62 | 재적재  9 | 중계율 0.21 | alpha 1.497 | step_limit
Ep 928 | 드론3 목적지51 |  876스텝 | 배송 51/51 | 재적재  9 | 중계율 0.20 | alpha 1.485 | complete
Ep 929 | 드론6 목적지34 |  302스텝 | 배송 34/34 | 재적재  4 | 중계율 0.10 | alpha 1.486 | complete
Ep 930 | 드론4 목적지57 |  624스텝 | 배송 57/57 | 재적재  9 | 중계율 0.09 | alpha 1.482 | complete
Ep 931 | 드론4 목적지52 |  928스텝 | 배송 52/52 | 재적재  9 | 중계율 0.15 | alpha 1.468 | complete
Ep 932 | 드론6 목적지27 |  288스텝 | 배송 27/27 | 재적재  3 | 중계율 0.10 | alpha 1.471 | complete
Ep 933 | 드론6 목적지71 |  790스텝 | 배송 71/71 | 재적재 13 | 중계율 0.17 | alpha 1.490 | complete
Ep 934 | 드론6 목적지65 |  596스텝 | 배송 65/65 | 재적재 11 | 중계율 0.14 | alpha 1.494 | complete
Ep 935 | 드론4 목적지29 |  397스텝 | 배송 29/29 | 재적재  3 | 중계율 0.20 | alpha 1.508 | complete
Ep 936 | 드론3 목적지44 |  991스텝 | 배송 44/44 | 재적재  8 | 중계율 0.25 | alpha 1.511 | complete
Ep 937 | 드론3 목적지22 |  428스텝 | 배송 22/22 | 재적재  3 | 중계율 0.14 | alpha 1.507 | complete
Ep 938 | 드론4 목적지44 | 1000스텝 | 배송 43/44 | 재적재  6 | 중계율 0.20 | alpha 1.497 | step_limit
Ep 939 | 드론5 목적지68 |  842스텝 | 배송 68/68 | 재적재 10 | 중계율 0.23 | alpha 1.521 | complete
Ep 940 | 드론5 목적지43 |  829스텝 | 배송 43/43 | 재적재  7 | 중계율 0.24 | alpha 1.537 | complete
Ep 941 | 드론5 목적지73 |  787스텝 | 배송 73/73 | 재적재 13 | 중계율 0.16 | alpha 1.533 | complete
Ep 942 | 드론6 목적지26 |  209스텝 | 배송 26/26 | 재적재  1 | 중계율 0.08 | alpha 1.537 | complete
Ep 943 | 드론5 목적지28 |  467스텝 | 배송 28/28 | 재적재  2 | 중계율 0.17 | alpha 1.538 | complete
Ep 944 | 드론3 목적지79 | 1000스텝 | 배송 66/79 | 재적재 11 | 중계율 0.11 | alpha 1.535 | step_limit
Ep 945 | 드론3 목적지61 | 1000스텝 | 배송 53/61 | 재적재  8 | 중계율 0.25 | alpha 1.510 | step_limit
Ep 946 | 드론4 목적지50 | 1000스텝 | 배송 43/50 | 재적재  8 | 중계율 0.20 | alpha 1.508 | step_limit
Ep 947 | 드론6 목적지25 |  237스텝 | 배송 25/25 | 재적재  1 | 중계율 0.11 | alpha 1.506 | complete
Ep 948 | 드론6 목적지58 |  602스텝 | 배송 58/58 | 재적재 10 | 중계율 0.16 | alpha 1.502 | complete
Ep 949 | 드론6 목적지52 |  445스텝 | 배송 52/52 | 재적재  7 | 중계율 0.11 | alpha 1.496 | complete
Ep 950 | 드론6 목적지43 |  328스텝 | 배송 43/43 | 재적재  5 | 중계율 0.08 | alpha 1.493 | complete
  [홀드아웃] 배송 49.9±0.6 완주 0.97 스텝 1079 점수 103.9 재적재 8.4 2홉+ 0.61 | 최고 106.8@ep900 정체 1/15
Ep 951 | 드론5 목적지30 |  592스텝 | 배송 30/30 | 재적재  4 | 중계율 0.17 | alpha 1.499 | complete
Ep 952 | 드론3 목적지51 | 1000스텝 | 배송 45/51 | 재적재  8 | 중계율 0.25 | alpha 1.511 | step_limit
Ep 953 | 드론6 목적지43 |  498스텝 | 배송 43/43 | 재적재  6 | 중계율 0.11 | alpha 1.538 | complete
Ep 954 | 드론6 목적지80 |  799스텝 | 배송 80/80 | 재적재 13 | 중계율 0.16 | alpha 1.561 | complete
Ep 955 | 드론6 목적지46 |  402스텝 | 배송 46/46 | 재적재  6 | 중계율 0.10 | alpha 1.552 | complete
Ep 956 | 드론5 목적지37 |  389스텝 | 배송 37/37 | 재적재  4 | 중계율 0.11 | alpha 1.542 | complete
Ep 957 | 드론3 목적지52 |  778스텝 | 배송 52/52 | 재적재  9 | 중계율 0.15 | alpha 1.527 | complete
Ep 958 | 드론6 목적지46 |  601스텝 | 배송 46/46 | 재적재  7 | 중계율 0.18 | alpha 1.528 | complete
Ep 959 | 드론4 목적지46 |  797스텝 | 배송 46/46 | 재적재  7 | 중계율 0.17 | alpha 1.514 | complete
Ep 960 | 드론6 목적지66 |  421스텝 | 배송 66/66 | 재적재 12 | 중계율 0.09 | alpha 1.521 | complete
Ep 961 | 드론4 목적지76 | 1000스텝 | 배송 65/76 | 재적재 11 | 중계율 0.25 | alpha 1.538 | step_limit
Ep 962 | 드론4 목적지52 | 1000스텝 | 배송 50/52 | 재적재  9 | 중계율 0.18 | alpha 1.526 | step_limit
Ep 963 | 드론3 목적지56 | 1000스텝 | 배송 40/56 | 재적재  7 | 중계율 0.26 | alpha 1.503 | step_limit
Ep 964 | 드론3 목적지54 | 1000스텝 | 배송 53/54 | 재적재  9 | 중계율 0.20 | alpha 1.489 | step_limit
Ep 965 | 드론4 목적지34 |  744스텝 | 배송 34/34 | 재적재  5 | 중계율 0.22 | alpha 1.519 | complete
Ep 966 | 드론5 목적지77 |  725스텝 | 배송 77/77 | 재적재 15 | 중계율 0.08 | alpha 1.542 | complete
Ep 967 | 드론6 목적지38 |  320스텝 | 배송 38/38 | 재적재  4 | 중계율 0.10 | alpha 1.534 | complete
Ep 968 | 드론6 목적지37 |  449스텝 | 배송 37/37 | 재적재  5 | 중계율 0.14 | alpha 1.537 | complete
Ep 969 | 드론4 목적지54 |  822스텝 | 배송 54/54 | 재적재 10 | 중계율 0.19 | alpha 1.547 | complete
Ep 970 | 드론5 목적지80 |  815스텝 | 배송 80/80 | 재적재 15 | 중계율 0.14 | alpha 1.566 | complete
Ep 971 | 드론5 목적지26 |  353스텝 | 배송 26/26 | 재적재  3 | 중계율 0.11 | alpha 1.578 | complete
Ep 972 | 드론6 목적지27 |  326스텝 | 배송 27/27 | 재적재  3 | 중계율 0.13 | alpha 1.567 | complete
Ep 973 | 드론4 목적지36 |  973스텝 | 배송 36/36 | 재적재  6 | 중계율 0.22 | alpha 1.529 | complete
Ep 974 | 드론3 목적지80 | 1000스텝 | 배송 70/80 | 재적재 12 | 중계율 0.19 | alpha 1.502 | step_limit
Ep 975 | 드론6 목적지80 |  669스텝 | 배송 80/80 | 재적재 15 | 중계율 0.12 | alpha 1.506 | complete
Ep 976 | 드론4 목적지48 |  938스텝 | 배송 48/48 | 재적재  8 | 중계율 0.26 | alpha 1.514 | complete
Ep 977 | 드론5 목적지48 |  615스텝 | 배송 48/48 | 재적재  8 | 중계율 0.11 | alpha 1.503 | complete
Ep 978 | 드론5 목적지69 |  764스텝 | 배송 69/69 | 재적재 12 | 중계율 0.12 | alpha 1.537 | complete
Ep 979 | 드론6 목적지58 |  653스텝 | 배송 58/58 | 재적재  9 | 중계율 0.10 | alpha 1.532 | complete
Ep 980 | 드론6 목적지73 |  687스텝 | 배송 73/73 | 재적재 12 | 중계율 0.17 | alpha 1.527 | complete
Ep 981 | 드론4 목적지62 |  799스텝 | 배송 62/62 | 재적재 10 | 중계율 0.14 | alpha 1.514 | complete
Ep 982 | 드론6 목적지66 |  604스텝 | 배송 66/66 | 재적재 10 | 중계율 0.12 | alpha 1.532 | complete
Ep 983 | 드론4 목적지22 |  350스텝 | 배송 22/22 | 재적재  3 | 중계율 0.12 | alpha 1.519 | complete
Ep 984 | 드론3 목적지53 | 1000스텝 | 배송 46/53 | 재적재  8 | 중계율 0.23 | alpha 1.534 | step_limit
Ep 985 | 드론5 목적지65 |  644스텝 | 배송 65/65 | 재적재 11 | 중계율 0.10 | alpha 1.516 | complete
Ep 986 | 드론6 목적지35 |  388스텝 | 배송 35/35 | 재적재  4 | 중계율 0.15 | alpha 1.524 | complete
Ep 987 | 드론5 목적지47 |  463스텝 | 배송 47/47 | 재적재  8 | 중계율 0.11 | alpha 1.536 | complete
Ep 988 | 드론4 목적지24 |  339스텝 | 배송 24/24 | 재적재  4 | 중계율 0.13 | alpha 1.550 | complete
Ep 989 | 드론3 목적지64 |  925스텝 | 배송 64/64 | 재적재 12 | 중계율 0.16 | alpha 1.532 | complete
Ep 990 | 드론4 목적지26 |  390스텝 | 배송 26/26 | 재적재  3 | 중계율 0.15 | alpha 1.530 | complete
Ep 991 | 드론3 목적지30 |  692스텝 | 배송 30/30 | 재적재  5 | 중계율 0.23 | alpha 1.531 | complete
Ep 992 | 드론4 목적지59 | 1000스텝 | 배송 57/59 | 재적재 11 | 중계율 0.20 | alpha 1.532 | step_limit
Ep 993 | 드론3 목적지46 | 1000스텝 | 배송 44/46 | 재적재  7 | 중계율 0.25 | alpha 1.511 | step_limit
Ep 994 | 드론5 목적지71 |  560스텝 | 배송 71/71 | 재적재 11 | 중계율 0.08 | alpha 1.507 | complete
Ep 995 | 드론3 목적지61 | 1000스텝 | 배송 57/61 | 재적재 10 | 중계율 0.22 | alpha 1.517 | step_limit
Ep 996 | 드론3 목적지61 |  947스텝 | 배송 61/61 | 재적재 11 | 중계율 0.17 | alpha 1.480 | complete
Ep 997 | 드론3 목적지59 | 1000스텝 | 배송 48/59 | 재적재  9 | 중계율 0.18 | alpha 1.498 | step_limit
Ep 998 | 드론6 목적지70 |  638스텝 | 배송 70/70 | 재적재  9 | 중계율 0.18 | alpha 1.503 | complete
Ep 999 | 드론4 목적지49 | 1000스텝 | 배송 48/49 | 재적재  7 | 중계율 0.16 | alpha 1.519 | step_limit
Ep 1000 | 드론5 목적지63 |  700스텝 | 배송 63/63 | 재적재 11 | 중계율 0.14 | alpha 1.530 | complete
  [홀드아웃] 배송 50.0±0.0 완주 1.00 스텝 1018 점수 106.6 재적재 8.2 2홉+ 0.61 | 최고 106.8@ep900 정체 2/15
Ep 1001 | 드론6 목적지43 |  403스텝 | 배송 43/43 | 재적재  7 | 중계율 0.10 | alpha 1.511 | complete
Ep 1002 | 드론4 목적지78 | 1000스텝 | 배송 75/78 | 재적재 13 | 중계율 0.19 | alpha 1.544 | step_limit
Ep 1003 | 드론4 목적지74 | 1000스텝 | 배송 65/74 | 재적재 12 | 중계율 0.23 | alpha 1.525 | step_limit
Ep 1004 | 드론6 목적지61 |  520스텝 | 배송 61/61 | 재적재 11 | 중계율 0.13 | alpha 1.512 | complete
Ep 1005 | 드론5 목적지62 |  605스텝 | 배송 62/62 | 재적재  9 | 중계율 0.13 | alpha 1.514 | complete
Ep 1006 | 드론3 목적지22 |  383스텝 | 배송 22/22 | 재적재  2 | 중계율 0.20 | alpha 1.513 | complete
Ep 1007 | 드론5 목적지79 |  980스텝 | 배송 79/79 | 재적재 14 | 중계율 0.18 | alpha 1.504 | complete
Ep 1008 | 드론4 목적지28 |  396스텝 | 배송 28/28 | 재적재  4 | 중계율 0.13 | alpha 1.518 | complete
Ep 1009 | 드론4 목적지65 |  963스텝 | 배송 65/65 | 재적재 11 | 중계율 0.21 | alpha 1.527 | complete
Ep 1010 | 드론5 목적지22 |  380스텝 | 배송 22/22 | 재적재  1 | 중계율 0.16 | alpha 1.537 | complete
Ep 1011 | 드론5 목적지52 |  562스텝 | 배송 52/52 | 재적재  9 | 중계율 0.11 | alpha 1.555 | complete
Ep 1012 | 드론6 목적지47 |  543스텝 | 배송 47/47 | 재적재  8 | 중계율 0.11 | alpha 1.552 | complete
Ep 1013 | 드론6 목적지66 |  522스텝 | 배송 66/66 | 재적재 10 | 중계율 0.10 | alpha 1.568 | complete
Ep 1014 | 드론4 목적지69 |  824스텝 | 배송 69/69 | 재적재 12 | 중계율 0.15 | alpha 1.561 | complete
Ep 1015 | 드론4 목적지77 |  956스텝 | 배송 77/77 | 재적재 13 | 중계율 0.18 | alpha 1.544 | complete
Ep 1016 | 드론4 목적지80 | 1000스텝 | 배송 71/80 | 재적재 12 | 중계율 0.24 | alpha 1.563 | step_limit
Ep 1017 | 드론5 목적지51 |  484스텝 | 배송 51/51 | 재적재  8 | 중계율 0.10 | alpha 1.579 | complete
Ep 1018 | 드론6 목적지21 |  210스텝 | 배송 21/21 | 재적재  0 | 중계율 0.10 | alpha 1.569 | complete
Ep 1019 | 드론4 목적지58 |  788스텝 | 배송 58/58 | 재적재 11 | 중계율 0.16 | alpha 1.558 | complete
Ep 1020 | 드론4 목적지74 | 1000스텝 | 배송 66/74 | 재적재 12 | 중계율 0.20 | alpha 1.531 | step_limit
Ep 1021 | 드론3 목적지48 |  913스텝 | 배송 48/48 | 재적재  9 | 중계율 0.17 | alpha 1.535 | complete
Ep 1022 | 드론6 목적지27 |  277스텝 | 배송 27/27 | 재적재  2 | 중계율 0.09 | alpha 1.524 | complete
Ep 1023 | 드론6 목적지46 |  345스텝 | 배송 46/46 | 재적재  6 | 중계율 0.07 | alpha 1.513 | complete
Ep 1024 | 드론3 목적지70 | 1000스텝 | 배송 50/70 | 재적재  8 | 중계율 0.26 | alpha 1.520 | step_limit
Ep 1025 | 드론5 목적지41 |  650스텝 | 배송 41/41 | 재적재  7 | 중계율 0.22 | alpha 1.514 | complete
Ep 1026 | 드론6 목적지76 |  556스텝 | 배송 76/76 | 재적재 11 | 중계율 0.14 | alpha 1.503 | complete
Ep 1027 | 드론4 목적지51 |  775스텝 | 배송 51/51 | 재적재  9 | 중계율 0.16 | alpha 1.512 | complete
Ep 1028 | 드론3 목적지27 |  522스텝 | 배송 27/27 | 재적재  4 | 중계율 0.16 | alpha 1.523 | complete
Ep 1029 | 드론4 목적지37 |  404스텝 | 배송 37/37 | 재적재  6 | 중계율 0.08 | alpha 1.520 | complete
Ep 1030 | 드론4 목적지46 |  958스텝 | 배송 46/46 | 재적재  7 | 중계율 0.28 | alpha 1.537 | complete
Ep 1031 | 드론6 목적지20 |  258스텝 | 배송 20/20 | 재적재  0 | 중계율 0.15 | alpha 1.542 | complete
Ep 1032 | 드론3 목적지27 |  394스텝 | 배송 27/27 | 재적재  4 | 중계율 0.06 | alpha 1.529 | complete
Ep 1033 | 드론5 목적지38 |  418스텝 | 배송 38/38 | 재적재  6 | 중계율 0.13 | alpha 1.525 | complete
Ep 1034 | 드론4 목적지66 |  993스텝 | 배송 66/66 | 재적재 12 | 중계율 0.20 | alpha 1.486 | complete
Ep 1035 | 드론6 목적지64 |  634스텝 | 배송 64/64 | 재적재 10 | 중계율 0.17 | alpha 1.460 | complete
Ep 1036 | 드론4 목적지59 | 1000스텝 | 배송 54/59 | 재적재 10 | 중계율 0.18 | alpha 1.440 | step_limit
Ep 1037 | 드론3 목적지49 |  856스텝 | 배송 49/49 | 재적재  8 | 중계율 0.15 | alpha 1.429 | complete
Ep 1038 | 드론6 목적지57 |  907스텝 | 배송 57/57 | 재적재 11 | 중계율 0.24 | alpha 1.467 | complete
Ep 1039 | 드론4 목적지73 | 1000스텝 | 배송 72/73 | 재적재 13 | 중계율 0.21 | alpha 1.454 | step_limit
Ep 1040 | 드론3 목적지44 |  986스텝 | 배송 44/44 | 재적재  7 | 중계율 0.26 | alpha 1.450 | complete
Ep 1041 | 드론5 목적지65 |  846스텝 | 배송 65/65 | 재적재 12 | 중계율 0.15 | alpha 1.443 | complete
Ep 1042 | 드론3 목적지37 | 1000스텝 | 배송 35/37 | 재적재  5 | 중계율 0.31 | alpha 1.434 | step_limit
Ep 1043 | 드론5 목적지52 |  432스텝 | 배송 52/52 | 재적재  9 | 중계율 0.07 | alpha 1.440 | complete
Ep 1044 | 드론4 목적지36 |  666스텝 | 배송 36/36 | 재적재  6 | 중계율 0.26 | alpha 1.455 | complete
Ep 1045 | 드론4 목적지52 |  688스텝 | 배송 52/52 | 재적재  9 | 중계율 0.13 | alpha 1.453 | complete
Ep 1046 | 드론5 목적지43 |  571스텝 | 배송 43/43 | 재적재  6 | 중계율 0.14 | alpha 1.456 | complete
Ep 1047 | 드론3 목적지52 | 1000스텝 | 배송 40/52 | 재적재  6 | 중계율 0.21 | alpha 1.449 | step_limit
Ep 1048 | 드론3 목적지51 | 1000스텝 | 배송 49/51 | 재적재  9 | 중계율 0.21 | alpha 1.473 | step_limit
Ep 1049 | 드론4 목적지72 | 1000스텝 | 배송 58/72 | 재적재 11 | 중계율 0.22 | alpha 1.488 | step_limit
Ep 1050 | 드론5 목적지76 |  879스텝 | 배송 76/76 | 재적재 13 | 중계율 0.18 | alpha 1.475 | complete
  [홀드아웃] 배송 49.6±2.3 완주 0.95 스텝 1033 점수 101.6 재적재 8.2 2홉+ 0.61 | 최고 106.8@ep900 정체 3/15
Ep 1051 | 드론4 목적지79 | 1000스텝 | 배송 60/79 | 재적재  9 | 중계율 0.22 | alpha 1.496 | step_limit
Ep 1052 | 드론5 목적지45 |  563스텝 | 배송 45/45 | 재적재  7 | 중계율 0.14 | alpha 1.498 | complete
Ep 1053 | 드론6 목적지49 |  429스텝 | 배송 49/49 | 재적재  6 | 중계율 0.12 | alpha 1.494 | complete
Ep 1054 | 드론6 목적지61 |  408스텝 | 배송 61/61 | 재적재  9 | 중계율 0.07 | alpha 1.488 | complete
Ep 1055 | 드론5 목적지41 |  337스텝 | 배송 41/41 | 재적재  4 | 중계율 0.13 | alpha 1.486 | complete
Ep 1056 | 드론5 목적지54 |  603스텝 | 배송 54/54 | 재적재  8 | 중계율 0.12 | alpha 1.494 | complete
Ep 1057 | 드론5 목적지64 |  670스텝 | 배송 64/64 | 재적재 10 | 중계율 0.14 | alpha 1.502 | complete
Ep 1058 | 드론5 목적지66 |  795스텝 | 배송 66/66 | 재적재 11 | 중계율 0.16 | alpha 1.520 | complete
Ep 1059 | 드론3 목적지51 |  997스텝 | 배송 51/51 | 재적재  9 | 중계율 0.18 | alpha 1.559 | complete
Ep 1060 | 드론6 목적지52 |  453스텝 | 배송 52/52 | 재적재  8 | 중계율 0.14 | alpha 1.568 | complete
Ep 1061 | 드론5 목적지37 |  568스텝 | 배송 37/37 | 재적재  4 | 중계율 0.15 | alpha 1.567 | complete
Ep 1062 | 드론5 목적지24 |  325스텝 | 배송 24/24 | 재적재  2 | 중계율 0.14 | alpha 1.571 | complete
Ep 1063 | 드론5 목적지73 |  696스텝 | 배송 73/73 | 재적재 12 | 중계율 0.14 | alpha 1.556 | complete
Ep 1064 | 드론5 목적지39 |  595스텝 | 배송 39/39 | 재적재  7 | 중계율 0.21 | alpha 1.580 | complete
Ep 1065 | 드론4 목적지24 |  757스텝 | 배송 24/24 | 재적재  4 | 중계율 0.26 | alpha 1.581 | complete
Ep 1066 | 드론3 목적지75 | 1000스텝 | 배송 67/75 | 재적재 12 | 중계율 0.17 | alpha 1.578 | step_limit
Ep 1067 | 드론6 목적지50 |  410스텝 | 배송 50/50 | 재적재  7 | 중계율 0.10 | alpha 1.581 | complete
Ep 1068 | 드론4 목적지45 |  508스텝 | 배송 45/45 | 재적재  7 | 중계율 0.09 | alpha 1.568 | complete
Ep 1069 | 드론5 목적지20 |  237스텝 | 배송 20/20 | 재적재  1 | 중계율 0.16 | alpha 1.568 | complete
Ep 1070 | 드론3 목적지79 | 1000스텝 | 배송 72/79 | 재적재 13 | 중계율 0.19 | alpha 1.558 | step_limit
Ep 1071 | 드론4 목적지32 |  465스텝 | 배송 32/32 | 재적재  5 | 중계율 0.13 | alpha 1.562 | complete
Ep 1072 | 드론3 목적지56 | 1000스텝 | 배송 52/56 | 재적재  9 | 중계율 0.23 | alpha 1.552 | step_limit
Ep 1073 | 드론6 목적지25 |  361스텝 | 배송 25/25 | 재적재  3 | 중계율 0.12 | alpha 1.557 | complete
Ep 1074 | 드론3 목적지34 |  952스텝 | 배송 34/34 | 재적재  6 | 중계율 0.24 | alpha 1.581 | complete
Ep 1075 | 드론6 목적지40 |  414스텝 | 배송 40/40 | 재적재  5 | 중계율 0.11 | alpha 1.566 | complete
Ep 1076 | 드론3 목적지73 | 1000스텝 | 배송 62/73 | 재적재 11 | 중계율 0.20 | alpha 1.562 | step_limit
Ep 1077 | 드론5 목적지50 |  668스텝 | 배송 50/50 | 재적재  9 | 중계율 0.16 | alpha 1.551 | complete
Ep 1078 | 드론5 목적지62 |  815스텝 | 배송 62/62 | 재적재 11 | 중계율 0.20 | alpha 1.548 | complete
Ep 1079 | 드론4 목적지25 |  360스텝 | 배송 25/25 | 재적재  3 | 중계율 0.15 | alpha 1.544 | complete
Ep 1080 | 드론3 목적지51 | 1000스텝 | 배송 50/51 | 재적재  8 | 중계율 0.23 | alpha 1.557 | step_limit
Ep 1081 | 드론5 목적지46 |  644스텝 | 배송 46/46 | 재적재  7 | 중계율 0.17 | alpha 1.547 | complete
Ep 1082 | 드론6 목적지51 |  607스텝 | 배송 51/51 | 재적재  8 | 중계율 0.11 | alpha 1.544 | complete
Ep 1083 | 드론4 목적지64 |  990스텝 | 배송 64/64 | 재적재 11 | 중계율 0.20 | alpha 1.517 | complete
Ep 1084 | 드론4 목적지48 |  757스텝 | 배송 48/48 | 재적재  7 | 중계율 0.21 | alpha 1.526 | complete
Ep 1085 | 드론4 목적지60 | 1000스텝 | 배송 52/60 | 재적재  8 | 중계율 0.24 | alpha 1.509 | step_limit
Ep 1086 | 드론5 목적지27 |  357스텝 | 배송 27/27 | 재적재  3 | 중계율 0.10 | alpha 1.529 | complete
Ep 1087 | 드론5 목적지66 | 1000스텝 | 배송 64/66 | 재적재 11 | 중계율 0.24 | alpha 1.527 | step_limit
Ep 1088 | 드론5 목적지48 |  429스텝 | 배송 48/48 | 재적재  7 | 중계율 0.10 | alpha 1.537 | complete
Ep 1089 | 드론4 목적지63 |  743스텝 | 배송 63/63 | 재적재 12 | 중계율 0.13 | alpha 1.555 | complete
Ep 1090 | 드론5 목적지78 | 1000스텝 | 배송 74/78 | 재적재 12 | 중계율 0.21 | alpha 1.572 | step_limit
Ep 1091 | 드론4 목적지66 | 1000스텝 | 배송 62/66 | 재적재 11 | 중계율 0.20 | alpha 1.597 | step_limit
Ep 1092 | 드론3 목적지77 | 1000스텝 | 배송 56/77 | 재적재 10 | 중계율 0.25 | alpha 1.567 | step_limit
Ep 1093 | 드론3 목적지72 | 1000스텝 | 배송 64/72 | 재적재 12 | 중계율 0.20 | alpha 1.551 | step_limit
Ep 1094 | 드론6 목적지45 |  411스텝 | 배송 45/45 | 재적재  6 | 중계율 0.09 | alpha 1.552 | complete
Ep 1095 | 드론5 목적지21 |  262스텝 | 배송 21/21 | 재적재  3 | 중계율 0.10 | alpha 1.548 | complete
Ep 1096 | 드론6 목적지77 |  543스텝 | 배송 77/77 | 재적재 13 | 중계율 0.10 | alpha 1.525 | complete
Ep 1097 | 드론3 목적지44 |  806스텝 | 배송 44/44 | 재적재  7 | 중계율 0.16 | alpha 1.518 | complete
Ep 1098 | 드론3 목적지59 | 1000스텝 | 배송 55/59 | 재적재  9 | 중계율 0.27 | alpha 1.506 | step_limit
Ep 1099 | 드론4 목적지75 | 1000스텝 | 배송 74/75 | 재적재 12 | 중계율 0.22 | alpha 1.513 | step_limit
Ep 1100 | 드론3 목적지54 | 1000스텝 | 배송 49/54 | 재적재  7 | 중계율 0.21 | alpha 1.528 | step_limit
  [홀드아웃] 배송 49.9±0.5 완주 0.97 스텝 1070 점수 103.9 재적재 8.4 2홉+ 0.61 | 최고 106.8@ep900 정체 4/15
Ep 1101 | 드론4 목적지78 | 1000스텝 | 배송 74/78 | 재적재 13 | 중계율 0.15 | alpha 1.573 | step_limit
Ep 1102 | 드론6 목적지36 |  329스텝 | 배송 36/36 | 재적재  3 | 중계율 0.10 | alpha 1.589 | complete
Ep 1103 | 드론4 목적지32 |  595스텝 | 배송 32/32 | 재적재  5 | 중계율 0.19 | alpha 1.589 | complete
Ep 1104 | 드론6 목적지37 |  384스텝 | 배송 37/37 | 재적재  4 | 중계율 0.14 | alpha 1.581 | complete
Ep 1105 | 드론6 목적지63 |  460스텝 | 배송 63/63 | 재적재 11 | 중계율 0.10 | alpha 1.580 | complete
Ep 1106 | 드론5 목적지46 |  448스텝 | 배송 46/46 | 재적재  7 | 중계율 0.12 | alpha 1.581 | complete
Ep 1107 | 드론5 목적지21 |  241스텝 | 배송 21/21 | 재적재  2 | 중계율 0.16 | alpha 1.581 | complete
Ep 1108 | 드론3 목적지41 |  975스텝 | 배송 41/41 | 재적재  7 | 중계율 0.31 | alpha 1.584 | complete
Ep 1109 | 드론5 목적지21 |  175스텝 | 배송 21/21 | 재적재  0 | 중계율 0.05 | alpha 1.586 | complete
Ep 1110 | 드론3 목적지55 | 1000스텝 | 배송 51/55 | 재적재  9 | 중계율 0.30 | alpha 1.578 | step_limit
Ep 1111 | 드론6 목적지49 |  352스텝 | 배송 49/49 | 재적재  8 | 중계율 0.07 | alpha 1.579 | complete
Ep 1112 | 드론4 목적지27 |  304스텝 | 배송 27/27 | 재적재  4 | 중계율 0.07 | alpha 1.582 | complete
Ep 1113 | 드론6 목적지70 |  577스텝 | 배송 70/70 | 재적재 11 | 중계율 0.11 | alpha 1.596 | complete
Ep 1114 | 드론6 목적지50 |  461스텝 | 배송 50/50 | 재적재  8 | 중계율 0.11 | alpha 1.589 | complete
Ep 1115 | 드론6 목적지73 | 1000스텝 | 배송 72/73 | 재적재 12 | 중계율 0.21 | alpha 1.583 | step_limit
Ep 1116 | 드론4 목적지54 | 1000스텝 | 배송 51/54 | 재적재  8 | 중계율 0.24 | alpha 1.580 | step_limit
Ep 1117 | 드론5 목적지74 |  799스텝 | 배송 74/74 | 재적재 12 | 중계율 0.15 | alpha 1.599 | complete
Ep 1118 | 드론6 목적지52 |  579스텝 | 배송 52/52 | 재적재  9 | 중계율 0.13 | alpha 1.605 | complete
Ep 1119 | 드론6 목적지22 |  241스텝 | 배송 22/22 | 재적재  0 | 중계율 0.16 | alpha 1.604 | complete
Ep 1120 | 드론5 목적지40 |  452스텝 | 배송 40/40 | 재적재  6 | 중계율 0.13 | alpha 1.596 | complete
Ep 1121 | 드론5 목적지26 |  658스텝 | 배송 26/26 | 재적재  4 | 중계율 0.21 | alpha 1.575 | complete
Ep 1122 | 드론6 목적지55 |  422스텝 | 배송 55/55 | 재적재  9 | 중계율 0.07 | alpha 1.568 | complete
Ep 1123 | 드론6 목적지54 |  488스텝 | 배송 54/54 | 재적재  9 | 중계율 0.11 | alpha 1.556 | complete
Ep 1124 | 드론5 목적지79 |  715스텝 | 배송 79/79 | 재적재 13 | 중계율 0.09 | alpha 1.544 | complete
Ep 1125 | 드론6 목적지53 |  669스텝 | 배송 53/53 | 재적재  9 | 중계율 0.16 | alpha 1.540 | complete
Ep 1126 | 드론5 목적지21 |  207스텝 | 배송 21/21 | 재적재  1 | 중계율 0.11 | alpha 1.546 | complete
Ep 1127 | 드론4 목적지66 | 1000스텝 | 배송 57/66 | 재적재 10 | 중계율 0.23 | alpha 1.545 | step_limit
Ep 1128 | 드론5 목적지70 |  811스텝 | 배송 70/70 | 재적재 12 | 중계율 0.15 | alpha 1.552 | complete
Ep 1129 | 드론6 목적지28 |  404스텝 | 배송 28/28 | 재적재  3 | 중계율 0.18 | alpha 1.545 | complete
Ep 1130 | 드론5 목적지45 |  702스텝 | 배송 45/45 | 재적재  8 | 중계율 0.16 | alpha 1.530 | complete
Ep 1131 | 드론4 목적지55 | 1000스텝 | 배송 51/55 | 재적재  8 | 중계율 0.29 | alpha 1.522 | step_limit
Ep 1132 | 드론6 목적지59 |  520스텝 | 배송 59/59 | 재적재  9 | 중계율 0.14 | alpha 1.508 | complete
Ep 1133 | 드론5 목적지69 |  723스텝 | 배송 69/69 | 재적재 12 | 중계율 0.12 | alpha 1.528 | complete
Ep 1134 | 드론6 목적지28 |  297스텝 | 배송 28/28 | 재적재  4 | 중계율 0.14 | alpha 1.532 | complete
Ep 1135 | 드론4 목적지68 | 1000스텝 | 배송 66/68 | 재적재 11 | 중계율 0.22 | alpha 1.544 | step_limit
Ep 1136 | 드론6 목적지76 |  731스텝 | 배송 76/76 | 재적재 12 | 중계율 0.18 | alpha 1.539 | complete
Ep 1137 | 드론5 목적지30 |  350스텝 | 배송 30/30 | 재적재  3 | 중계율 0.12 | alpha 1.529 | complete
Ep 1138 | 드론4 목적지48 |  876스텝 | 배송 48/48 | 재적재  9 | 중계율 0.15 | alpha 1.568 | complete
Ep 1139 | 드론6 목적지39 |  370스텝 | 배송 39/39 | 재적재  6 | 중계율 0.15 | alpha 1.561 | complete
Ep 1140 | 드론4 목적지80 |  975스텝 | 배송 80/80 | 재적재 14 | 중계율 0.16 | alpha 1.536 | complete
Ep 1141 | 드론4 목적지28 |  502스텝 | 배송 28/28 | 재적재  3 | 중계율 0.14 | alpha 1.536 | complete
Ep 1142 | 드론6 목적지47 |  395스텝 | 배송 47/47 | 재적재  7 | 중계율 0.11 | alpha 1.537 | complete
Ep 1143 | 드론4 목적지44 |  763스텝 | 배송 44/44 | 재적재  8 | 중계율 0.16 | alpha 1.526 | complete
Ep 1144 | 드론4 목적지28 |  945스텝 | 배송 28/28 | 재적재  5 | 중계율 0.20 | alpha 1.562 | complete
Ep 1145 | 드론5 목적지21 |  347스텝 | 배송 21/21 | 재적재  3 | 중계율 0.14 | alpha 1.563 | complete
Ep 1146 | 드론3 목적지72 | 1000스텝 | 배송 47/72 | 재적재  8 | 중계율 0.13 | alpha 1.596 | step_limit
Ep 1147 | 드론4 목적지77 |  999스텝 | 배송 77/77 | 재적재 14 | 중계율 0.13 | alpha 1.585 | complete
Ep 1148 | 드론6 목적지45 |  372스텝 | 배송 45/45 | 재적재  6 | 중계율 0.12 | alpha 1.584 | complete
Ep 1149 | 드론4 목적지80 |  945스텝 | 배송 80/80 | 재적재 13 | 중계율 0.16 | alpha 1.571 | complete
Ep 1150 | 드론4 목적지73 | 1000스텝 | 배송 68/73 | 재적재 11 | 중계율 0.15 | alpha 1.555 | step_limit
  [홀드아웃] 배송 49.7±0.9 완주 0.88 스텝 1141 점수 93.7 재적재 8.2 2홉+ 0.64 | 최고 106.8@ep900 정체 5/15
Ep 1151 | 드론3 목적지40 | 1000스텝 | 배송 32/40 | 재적재  5 | 중계율 0.27 | alpha 1.573 | step_limit
Ep 1152 | 드론4 목적지61 |  664스텝 | 배송 61/61 | 재적재 10 | 중계율 0.14 | alpha 1.574 | complete
Ep 1153 | 드론6 목적지24 |  239스텝 | 배송 24/24 | 재적재  0 | 중계율 0.14 | alpha 1.568 | complete
Ep 1154 | 드론4 목적지24 |  458스텝 | 배송 24/24 | 재적재  2 | 중계율 0.21 | alpha 1.545 | complete
Ep 1155 | 드론3 목적지31 | 1000스텝 | 배송 26/31 | 재적재  5 | 중계율 0.22 | alpha 1.542 | step_limit
Ep 1156 | 드론4 목적지20 |  372스텝 | 배송 20/20 | 재적재  2 | 중계율 0.11 | alpha 1.538 | complete
Ep 1157 | 드론6 목적지23 |  207스텝 | 배송 23/23 | 재적재  1 | 중계율 0.10 | alpha 1.541 | complete
Ep 1158 | 드론5 목적지41 |  663스텝 | 배송 41/41 | 재적재  6 | 중계율 0.20 | alpha 1.536 | complete
Ep 1159 | 드론5 목적지64 |  635스텝 | 배송 64/64 | 재적재 10 | 중계율 0.11 | alpha 1.535 | complete
Ep 1160 | 드론4 목적지47 |  776스텝 | 배송 47/47 | 재적재  8 | 중계율 0.17 | alpha 1.542 | complete
Ep 1161 | 드론5 목적지70 |  595스텝 | 배송 70/70 | 재적재 11 | 중계율 0.09 | alpha 1.552 | complete
Ep 1162 | 드론5 목적지77 |  654스텝 | 배송 77/77 | 재적재 13 | 중계율 0.10 | alpha 1.570 | complete
Ep 1163 | 드론4 목적지43 |  943스텝 | 배송 43/43 | 재적재  6 | 중계율 0.26 | alpha 1.589 | complete
Ep 1164 | 드론3 목적지40 |  776스텝 | 배송 40/40 | 재적재  6 | 중계율 0.19 | alpha 1.587 | complete
Ep 1165 | 드론6 목적지67 |  529스텝 | 배송 67/67 | 재적재 11 | 중계율 0.09 | alpha 1.592 | complete
Ep 1166 | 드론5 목적지65 |  653스텝 | 배송 65/65 | 재적재 10 | 중계율 0.10 | alpha 1.590 | complete
Ep 1167 | 드론3 목적지24 |  475스텝 | 배송 24/24 | 재적재  4 | 중계율 0.16 | alpha 1.586 | complete
Ep 1168 | 드론6 목적지67 |  843스텝 | 배송 67/67 | 재적재 11 | 중계율 0.19 | alpha 1.580 | complete
Ep 1169 | 드론4 목적지37 |  431스텝 | 배송 37/37 | 재적재  5 | 중계율 0.08 | alpha 1.579 | complete
Ep 1170 | 드론3 목적지35 |  780스텝 | 배송 35/35 | 재적재  6 | 중계율 0.20 | alpha 1.577 | complete
Ep 1171 | 드론5 목적지70 |  813스텝 | 배송 70/70 | 재적재 12 | 중계율 0.15 | alpha 1.611 | complete
Ep 1172 | 드론5 목적지56 |  698스텝 | 배송 56/56 | 재적재  8 | 중계율 0.20 | alpha 1.610 | complete
Ep 1173 | 드론3 목적지39 |  807스텝 | 배송 39/39 | 재적재  6 | 중계율 0.20 | alpha 1.631 | complete
Ep 1174 | 드론6 목적지53 |  644스텝 | 배송 53/53 | 재적재  9 | 중계율 0.15 | alpha 1.663 | complete
Ep 1175 | 드론6 목적지44 |  531스텝 | 배송 44/44 | 재적재  6 | 중계율 0.14 | alpha 1.682 | complete
Ep 1176 | 드론6 목적지44 |  482스텝 | 배송 44/44 | 재적재  6 | 중계율 0.14 | alpha 1.673 | complete
Ep 1177 | 드론6 목적지33 |  378스텝 | 배송 33/33 | 재적재  3 | 중계율 0.15 | alpha 1.658 | complete
Ep 1178 | 드론3 목적지61 | 1000스텝 | 배송 56/61 | 재적재 10 | 중계율 0.24 | alpha 1.642 | step_limit
Ep 1179 | 드론5 목적지71 |  557스텝 | 배송 71/71 | 재적재 13 | 중계율 0.08 | alpha 1.656 | complete
Ep 1180 | 드론5 목적지62 |  647스텝 | 배송 62/62 | 재적재  9 | 중계율 0.18 | alpha 1.649 | complete
Ep 1181 | 드론5 목적지50 |  697스텝 | 배송 50/50 | 재적재  9 | 중계율 0.18 | alpha 1.635 | complete
Ep 1182 | 드론3 목적지79 | 1000스텝 | 배송 66/79 | 재적재 12 | 중계율 0.13 | alpha 1.622 | step_limit
Ep 1183 | 드론5 목적지51 |  521스텝 | 배송 51/51 | 재적재  7 | 중계율 0.10 | alpha 1.619 | complete
Ep 1184 | 드론5 목적지30 |  366스텝 | 배송 30/30 | 재적재  4 | 중계율 0.13 | alpha 1.630 | complete
Ep 1185 | 드론3 목적지77 | 1000스텝 | 배송 70/77 | 재적재 13 | 중계율 0.20 | alpha 1.607 | step_limit
Ep 1186 | 드론6 목적지42 |  329스텝 | 배송 42/42 | 재적재  5 | 중계율 0.09 | alpha 1.607 | complete
Ep 1187 | 드론6 목적지20 |  246스텝 | 배송 20/20 | 재적재  1 | 중계율 0.07 | alpha 1.612 | complete
Ep 1188 | 드론4 목적지74 | 1000스텝 | 배송 65/74 | 재적재 12 | 중계율 0.22 | alpha 1.602 | step_limit
Ep 1189 | 드론5 목적지60 |  635스텝 | 배송 60/60 | 재적재 10 | 중계율 0.10 | alpha 1.625 | complete
Ep 1190 | 드론3 목적지26 |  582스텝 | 배송 26/26 | 재적재  3 | 중계율 0.16 | alpha 1.647 | complete
Ep 1191 | 드론5 목적지27 |  474스텝 | 배송 27/27 | 재적재  4 | 중계율 0.12 | alpha 1.631 | complete
Ep 1192 | 드론5 목적지78 |  913스텝 | 배송 78/78 | 재적재 15 | 중계율 0.15 | alpha 1.608 | complete
Ep 1193 | 드론3 목적지42 |  663스텝 | 배송 42/42 | 재적재  7 | 중계율 0.14 | alpha 1.617 | complete
Ep 1194 | 드론4 목적지75 |  937스텝 | 배송 75/75 | 재적재 12 | 중계율 0.20 | alpha 1.608 | complete
Ep 1195 | 드론5 목적지56 |  550스텝 | 배송 56/56 | 재적재  8 | 중계율 0.06 | alpha 1.618 | complete
Ep 1196 | 드론6 목적지66 |  624스텝 | 배송 66/66 | 재적재 11 | 중계율 0.18 | alpha 1.604 | complete
Ep 1197 | 드론5 목적지59 |  762스텝 | 배송 59/59 | 재적재 10 | 중계율 0.14 | alpha 1.609 | complete
Ep 1198 | 드론4 목적지47 |  878스텝 | 배송 47/47 | 재적재  7 | 중계율 0.19 | alpha 1.590 | complete
Ep 1199 | 드론4 목적지65 |  832스텝 | 배송 65/65 | 재적재 11 | 중계율 0.11 | alpha 1.586 | complete
Ep 1200 | 드론6 목적지48 |  444스텝 | 배송 48/48 | 재적재  7 | 중계율 0.14 | alpha 1.593 | complete
  [홀드아웃] 배송 49.8±1.1 완주 0.95 스텝 1071 점수 101.4 재적재 8.2 2홉+ 0.63 | 최고 106.8@ep900 정체 6/15
Ep 1201 | 드론5 목적지22 |  495스텝 | 배송 22/22 | 재적재  1 | 중계율 0.23 | alpha 1.591 | complete
Ep 1202 | 드론4 목적지68 |  842스텝 | 배송 68/68 | 재적재 13 | 중계율 0.13 | alpha 1.571 | complete
Ep 1203 | 드론3 목적지36 |  897스텝 | 배송 36/36 | 재적재  5 | 중계율 0.23 | alpha 1.589 | complete
Ep 1204 | 드론4 목적지23 |  401스텝 | 배송 23/23 | 재적재  2 | 중계율 0.17 | alpha 1.581 | complete
Ep 1205 | 드론4 목적지32 |  579스텝 | 배송 32/32 | 재적재  5 | 중계율 0.16 | alpha 1.569 | complete
Ep 1206 | 드론3 목적지76 | 1000스텝 | 배송 63/76 | 재적재 11 | 중계율 0.21 | alpha 1.569 | step_limit
Ep 1207 | 드론6 목적지45 |  429스텝 | 배송 45/45 | 재적재  7 | 중계율 0.09 | alpha 1.584 | complete
Ep 1208 | 드론5 목적지40 |  300스텝 | 배송 40/40 | 재적재  6 | 중계율 0.05 | alpha 1.574 | complete
Ep 1209 | 드론3 목적지49 |  927스텝 | 배송 49/49 | 재적재  8 | 중계율 0.23 | alpha 1.580 | complete
Ep 1210 | 드론4 목적지60 | 1000스텝 | 배송 54/60 | 재적재 10 | 중계율 0.25 | alpha 1.603 | step_limit
Ep 1211 | 드론4 목적지66 | 1000스텝 | 배송 63/66 | 재적재 11 | 중계율 0.19 | alpha 1.588 | step_limit
Ep 1212 | 드론5 목적지66 |  956스텝 | 배송 66/66 | 재적재 12 | 중계율 0.16 | alpha 1.578 | complete
Ep 1213 | 드론6 목적지56 |  537스텝 | 배송 56/56 | 재적재  9 | 중계율 0.09 | alpha 1.597 | complete
Ep 1214 | 드론3 목적지49 | 1000스텝 | 배송 45/49 | 재적재  7 | 중계율 0.26 | alpha 1.610 | step_limit
Ep 1215 | 드론3 목적지21 |  635스텝 | 배송 21/21 | 재적재  3 | 중계율 0.16 | alpha 1.584 | complete
Ep 1216 | 드론4 목적지38 |  822스텝 | 배송 38/38 | 재적재  6 | 중계율 0.25 | alpha 1.564 | complete
Ep 1217 | 드론4 목적지22 |  460스텝 | 배송 22/22 | 재적재  3 | 중계율 0.16 | alpha 1.567 | complete
Ep 1218 | 드론4 목적지61 |  879스텝 | 배송 61/61 | 재적재 11 | 중계율 0.18 | alpha 1.570 | complete
Ep 1219 | 드론5 목적지66 | 1000스텝 | 배송 60/66 | 재적재  9 | 중계율 0.24 | alpha 1.568 | step_limit
Ep 1220 | 드론3 목적지38 |  876스텝 | 배송 38/38 | 재적재  7 | 중계율 0.24 | alpha 1.568 | complete
Ep 1221 | 드론3 목적지62 | 1000스텝 | 배송 52/62 | 재적재 10 | 중계율 0.22 | alpha 1.583 | step_limit
Ep 1222 | 드론6 목적지34 |  366스텝 | 배송 34/34 | 재적재  4 | 중계율 0.16 | alpha 1.599 | complete
Ep 1223 | 드론5 목적지35 |  456스텝 | 배송 35/35 | 재적재  5 | 중계율 0.13 | alpha 1.591 | complete
Ep 1224 | 드론6 목적지33 |  387스텝 | 배송 33/33 | 재적재  3 | 중계율 0.14 | alpha 1.584 | complete
Ep 1225 | 드론4 목적지70 |  723스텝 | 배송 70/70 | 재적재 12 | 중계율 0.11 | alpha 1.584 | complete
Ep 1226 | 드론6 목적지32 |  284스텝 | 배송 32/32 | 재적재  3 | 중계율 0.07 | alpha 1.585 | complete
Ep 1227 | 드론3 목적지77 | 1000스텝 | 배송 57/77 | 재적재 10 | 중계율 0.24 | alpha 1.588 | step_limit
Ep 1228 | 드론3 목적지35 |  832스텝 | 배송 35/35 | 재적재  6 | 중계율 0.18 | alpha 1.582 | complete
Ep 1229 | 드론5 목적지25 |  276스텝 | 배송 25/25 | 재적재  3 | 중계율 0.07 | alpha 1.584 | complete
Ep 1230 | 드론3 목적지50 | 1000스텝 | 배송 44/50 | 재적재  8 | 중계율 0.26 | alpha 1.584 | step_limit
Ep 1231 | 드론6 목적지65 |  461스텝 | 배송 65/65 | 재적재 11 | 중계율 0.10 | alpha 1.584 | complete
Ep 1232 | 드론3 목적지79 | 1000스텝 | 배송 56/79 | 재적재 11 | 중계율 0.20 | alpha 1.574 | step_limit
Ep 1233 | 드론3 목적지30 |  902스텝 | 배송 30/30 | 재적재  4 | 중계율 0.22 | alpha 1.578 | complete
Ep 1234 | 드론6 목적지57 |  481스텝 | 배송 57/57 | 재적재  9 | 중계율 0.09 | alpha 1.573 | complete
Ep 1235 | 드론3 목적지49 | 1000스텝 | 배송 46/49 | 재적재  9 | 중계율 0.21 | alpha 1.579 | step_limit
Ep 1236 | 드론4 목적지72 |  892스텝 | 배송 72/72 | 재적재 13 | 중계율 0.18 | alpha 1.601 | complete
Ep 1237 | 드론4 목적지57 | 1000스텝 | 배송 56/57 | 재적재 10 | 중계율 0.21 | alpha 1.602 | step_limit
Ep 1238 | 드론6 목적지73 |  616스텝 | 배송 73/73 | 재적재 10 | 중계율 0.16 | alpha 1.625 | complete
Ep 1239 | 드론4 목적지40 |  546스텝 | 배송 40/40 | 재적재  6 | 중계율 0.20 | alpha 1.617 | complete
Ep 1240 | 드론5 목적지21 |  463스텝 | 배송 21/21 | 재적재  2 | 중계율 0.15 | alpha 1.619 | complete
Ep 1241 | 드론6 목적지58 |  439스텝 | 배송 58/58 | 재적재 10 | 중계율 0.09 | alpha 1.626 | complete
Ep 1242 | 드론5 목적지71 |  691스텝 | 배송 71/71 | 재적재 13 | 중계율 0.11 | alpha 1.623 | complete
Ep 1243 | 드론6 목적지54 |  486스텝 | 배송 54/54 | 재적재  8 | 중계율 0.13 | alpha 1.635 | complete
Ep 1244 | 드론5 목적지23 |  364스텝 | 배송 23/23 | 재적재  4 | 중계율 0.15 | alpha 1.631 | complete
Ep 1245 | 드론3 목적지31 |  861스텝 | 배송 31/31 | 재적재  5 | 중계율 0.26 | alpha 1.620 | complete
Ep 1246 | 드론5 목적지37 |  510스텝 | 배송 37/37 | 재적재  4 | 중계율 0.17 | alpha 1.608 | complete
Ep 1247 | 드론3 목적지20 |  725스텝 | 배송 20/20 | 재적재  2 | 중계율 0.20 | alpha 1.584 | complete
Ep 1248 | 드론6 목적지79 |  738스텝 | 배송 79/79 | 재적재 13 | 중계율 0.16 | alpha 1.583 | complete
Ep 1249 | 드론4 목적지22 |  305스텝 | 배송 22/22 | 재적재  3 | 중계율 0.08 | alpha 1.587 | complete
Ep 1250 | 드론3 목적지27 |  615스텝 | 배송 27/27 | 재적재  4 | 중계율 0.22 | alpha 1.577 | complete
  [홀드아웃] 배송 50.0±0.0 완주 1.00 스텝 1045 점수 106.5 재적재 8.4 2홉+ 0.64 | 최고 106.8@ep900 정체 7/15
Ep 1251 | 드론4 목적지20 |  477스텝 | 배송 20/20 | 재적재  2 | 중계율 0.17 | alpha 1.552 | complete
Ep 1252 | 드론5 목적지48 |  728스텝 | 배송 48/48 | 재적재  7 | 중계율 0.21 | alpha 1.566 | complete
Ep 1253 | 드론4 목적지64 | 1000스텝 | 배송 61/64 | 재적재 11 | 중계율 0.21 | alpha 1.568 | step_limit
Ep 1254 | 드론6 목적지44 |  509스텝 | 배송 44/44 | 재적재  5 | 중계율 0.16 | alpha 1.581 | complete
Ep 1255 | 드론6 목적지39 |  298스텝 | 배송 39/39 | 재적재  6 | 중계율 0.08 | alpha 1.575 | complete
Ep 1256 | 드론4 목적지32 |  388스텝 | 배송 32/32 | 재적재  4 | 중계율 0.11 | alpha 1.581 | complete
Ep 1257 | 드론3 목적지71 | 1000스텝 | 배송 65/71 | 재적재 12 | 중계율 0.11 | alpha 1.586 | step_limit
Ep 1258 | 드론3 목적지40 |  850스텝 | 배송 40/40 | 재적재  6 | 중계율 0.25 | alpha 1.608 | complete
Ep 1259 | 드론4 목적지80 |  797스텝 | 배송 80/80 | 재적재 14 | 중계율 0.09 | alpha 1.624 | complete
Ep 1260 | 드론6 목적지60 |  584스텝 | 배송 60/60 | 재적재 11 | 중계율 0.16 | alpha 1.646 | complete
Ep 1261 | 드론6 목적지26 |  298스텝 | 배송 26/26 | 재적재  2 | 중계율 0.13 | alpha 1.638 | complete
Ep 1262 | 드론6 목적지68 |  522스텝 | 배송 68/68 | 재적재 10 | 중계율 0.09 | alpha 1.634 | complete
Ep 1263 | 드론5 목적지61 |  555스텝 | 배송 61/61 | 재적재 11 | 중계율 0.13 | alpha 1.642 | complete
Ep 1264 | 드론4 목적지55 | 1000스텝 | 배송 50/55 | 재적재  8 | 중계율 0.28 | alpha 1.651 | step_limit
Ep 1265 | 드론5 목적지73 | 1000스텝 | 배송 69/73 | 재적재 12 | 중계율 0.24 | alpha 1.628 | step_limit
Ep 1266 | 드론5 목적지72 |  701스텝 | 배송 72/72 | 재적재 13 | 중계율 0.12 | alpha 1.620 | complete
Ep 1267 | 드론3 목적지46 | 1000스텝 | 배송 44/46 | 재적재  7 | 중계율 0.27 | alpha 1.627 | step_limit
Ep 1268 | 드론3 목적지58 | 1000스텝 | 배송 45/58 | 재적재  7 | 중계율 0.28 | alpha 1.627 | step_limit
Ep 1269 | 드론6 목적지74 |  737스텝 | 배송 74/74 | 재적재 13 | 중계율 0.15 | alpha 1.638 | complete
Ep 1270 | 드론4 목적지30 |  349스텝 | 배송 30/30 | 재적재  4 | 중계율 0.10 | alpha 1.624 | complete
Ep 1271 | 드론4 목적지37 |  506스텝 | 배송 37/37 | 재적재  6 | 중계율 0.08 | alpha 1.613 | complete
Ep 1272 | 드론4 목적지22 |  462스텝 | 배송 22/22 | 재적재  3 | 중계율 0.21 | alpha 1.604 | complete
Ep 1273 | 드론3 목적지43 | 1000스텝 | 배송 42/43 | 재적재  7 | 중계율 0.23 | alpha 1.626 | step_limit
Ep 1274 | 드론3 목적지66 | 1000스텝 | 배송 61/66 | 재적재 12 | 중계율 0.24 | alpha 1.663 | step_limit
Ep 1275 | 드론6 목적지63 |  595스텝 | 배송 63/63 | 재적재 10 | 중계율 0.13 | alpha 1.661 | complete
Ep 1276 | 드론3 목적지47 | 1000스텝 | 배송 45/47 | 재적재  8 | 중계율 0.19 | alpha 1.666 | step_limit
Ep 1277 | 드론6 목적지30 |  212스텝 | 배송 30/30 | 재적재  2 | 중계율 0.07 | alpha 1.660 | complete
Ep 1278 | 드론5 목적지62 |  517스텝 | 배송 62/62 | 재적재  9 | 중계율 0.09 | alpha 1.653 | complete
Ep 1279 | 드론4 목적지28 |  477스텝 | 배송 28/28 | 재적재  4 | 중계율 0.16 | alpha 1.636 | complete
Ep 1280 | 드론5 목적지47 |  476스텝 | 배송 47/47 | 재적재  8 | 중계율 0.09 | alpha 1.618 | complete
Ep 1281 | 드론4 목적지66 | 1000스텝 | 배송 64/66 | 재적재 12 | 중계율 0.19 | alpha 1.599 | step_limit
Ep 1282 | 드론3 목적지74 | 1000스텝 | 배송 53/74 | 재적재 10 | 중계율 0.16 | alpha 1.632 | step_limit
Ep 1283 | 드론3 목적지80 | 1000스텝 | 배송 66/80 | 재적재 11 | 중계율 0.16 | alpha 1.626 | step_limit
Ep 1284 | 드론6 목적지57 |  477스텝 | 배송 57/57 | 재적재  9 | 중계율 0.11 | alpha 1.636 | complete
Ep 1285 | 드론3 목적지40 |  966스텝 | 배송 40/40 | 재적재  7 | 중계율 0.22 | alpha 1.659 | complete
Ep 1286 | 드론5 목적지50 |  559스텝 | 배송 50/50 | 재적재  9 | 중계율 0.13 | alpha 1.656 | complete
Ep 1287 | 드론5 목적지36 |  344스텝 | 배송 36/36 | 재적재  5 | 중계율 0.08 | alpha 1.664 | complete
Ep 1288 | 드론3 목적지32 | 1000스텝 | 배송 30/32 | 재적재  4 | 중계율 0.28 | alpha 1.693 | step_limit
Ep 1289 | 드론3 목적지51 |  976스텝 | 배송 51/51 | 재적재  9 | 중계율 0.23 | alpha 1.707 | complete
Ep 1290 | 드론3 목적지56 | 1000스텝 | 배송 52/56 | 재적재  8 | 중계율 0.25 | alpha 1.700 | step_limit
Ep 1291 | 드론3 목적지33 |  848스텝 | 배송 33/33 | 재적재  4 | 중계율 0.27 | alpha 1.690 | complete
Ep 1292 | 드론4 목적지48 |  707스텝 | 배송 48/48 | 재적재  9 | 중계율 0.17 | alpha 1.671 | complete
Ep 1293 | 드론3 목적지27 |  679스텝 | 배송 27/27 | 재적재  4 | 중계율 0.23 | alpha 1.652 | complete
Ep 1294 | 드론6 목적지72 |  665스텝 | 배송 72/72 | 재적재 11 | 중계율 0.14 | alpha 1.638 | complete
Ep 1295 | 드론5 목적지38 |  518스텝 | 배송 38/38 | 재적재  7 | 중계율 0.13 | alpha 1.654 | complete
Ep 1296 | 드론4 목적지47 |  791스텝 | 배송 47/47 | 재적재  8 | 중계율 0.14 | alpha 1.655 | complete
Ep 1297 | 드론4 목적지44 |  619스텝 | 배송 44/44 | 재적재  7 | 중계율 0.12 | alpha 1.677 | complete
Ep 1298 | 드론4 목적지29 |  465스텝 | 배송 29/29 | 재적재  4 | 중계율 0.17 | alpha 1.681 | complete
Ep 1299 | 드론6 목적지55 |  631스텝 | 배송 55/55 | 재적재  9 | 중계율 0.12 | alpha 1.672 | complete
Ep 1300 | 드론5 목적지49 |  600스텝 | 배송 49/49 | 재적재  7 | 중계율 0.19 | alpha 1.685 | complete
  [홀드아웃] 배송 49.8±0.8 완주 0.95 스텝 1085 점수 101.4 재적재 8.2 2홉+ 0.64 | 최고 106.8@ep900 정체 8/15
Ep 1301 | 드론5 목적지22 |  309스텝 | 배송 22/22 | 재적재  1 | 중계율 0.13 | alpha 1.686 | complete
Ep 1302 | 드론5 목적지46 |  392스텝 | 배송 46/46 | 재적재  8 | 중계율 0.08 | alpha 1.680 | complete
Ep 1303 | 드론5 목적지51 |  409스텝 | 배송 51/51 | 재적재  8 | 중계율 0.06 | alpha 1.685 | complete
Ep 1304 | 드론6 목적지41 |  555스텝 | 배송 41/41 | 재적재  6 | 중계율 0.10 | alpha 1.661 | complete
Ep 1305 | 드론6 목적지56 |  449스텝 | 배송 56/56 | 재적재 10 | 중계율 0.12 | alpha 1.637 | complete
Ep 1306 | 드론5 목적지51 |  597스텝 | 배송 51/51 | 재적재  8 | 중계율 0.13 | alpha 1.625 | complete
Ep 1307 | 드론3 목적지52 | 1000스텝 | 배송 49/52 | 재적재  8 | 중계율 0.27 | alpha 1.609 | step_limit
Ep 1308 | 드론5 목적지44 |  495스텝 | 배송 44/44 | 재적재  7 | 중계율 0.12 | alpha 1.617 | complete
Ep 1309 | 드론6 목적지65 |  579스텝 | 배송 65/65 | 재적재 11 | 중계율 0.10 | alpha 1.633 | complete
Ep 1310 | 드론4 목적지20 |  358스텝 | 배송 20/20 | 재적재  2 | 중계율 0.14 | alpha 1.639 | complete
Ep 1311 | 드론6 목적지70 |  907스텝 | 배송 70/70 | 재적재 11 | 중계율 0.20 | alpha 1.651 | complete
Ep 1312 | 드론4 목적지38 |  453스텝 | 배송 38/38 | 재적재  7 | 중계율 0.13 | alpha 1.668 | complete
Ep 1313 | 드론3 목적지39 |  678스텝 | 배송 39/39 | 재적재  7 | 중계율 0.13 | alpha 1.659 | complete
Ep 1314 | 드론3 목적지59 | 1000스텝 | 배송 58/59 | 재적재 11 | 중계율 0.16 | alpha 1.672 | step_limit
Ep 1315 | 드론5 목적지65 |  684스텝 | 배송 65/65 | 재적재 10 | 중계율 0.17 | alpha 1.682 | complete
Ep 1316 | 드론6 목적지67 |  665스텝 | 배송 67/67 | 재적재 10 | 중계율 0.12 | alpha 1.688 | complete
Ep 1317 | 드론4 목적지73 | 1000스텝 | 배송 72/73 | 재적재 13 | 중계율 0.20 | alpha 1.682 | step_limit
Ep 1318 | 드론4 목적지24 |  442스텝 | 배송 24/24 | 재적재  4 | 중계율 0.17 | alpha 1.698 | complete
Ep 1319 | 드론4 목적지31 |  545스텝 | 배송 31/31 | 재적재  3 | 중계율 0.15 | alpha 1.716 | complete
Ep 1320 | 드론6 목적지47 |  418스텝 | 배송 47/47 | 재적재  8 | 중계율 0.08 | alpha 1.718 | complete
Ep 1321 | 드론4 목적지75 | 1000스텝 | 배송 70/75 | 재적재 13 | 중계율 0.15 | alpha 1.736 | step_limit
Ep 1322 | 드론4 목적지49 |  882스텝 | 배송 49/49 | 재적재  7 | 중계율 0.18 | alpha 1.732 | complete
Ep 1323 | 드론5 목적지75 |  850스텝 | 배송 75/75 | 재적재 12 | 중계율 0.15 | alpha 1.737 | complete
Ep 1324 | 드론3 목적지46 | 1000스텝 | 배송 45/46 | 재적재  8 | 중계율 0.21 | alpha 1.747 | step_limit
Ep 1325 | 드론3 목적지59 | 1000스텝 | 배송 52/59 | 재적재 10 | 중계율 0.19 | alpha 1.778 | step_limit
Ep 1326 | 드론3 목적지44 | 1000스텝 | 배송 43/44 | 재적재  8 | 중계율 0.25 | alpha 1.791 | step_limit
Ep 1327 | 드론5 목적지32 |  315스텝 | 배송 32/32 | 재적재  6 | 중계율 0.09 | alpha 1.792 | complete
Ep 1328 | 드론6 목적지45 |  589스텝 | 배송 45/45 | 재적재  6 | 중계율 0.13 | alpha 1.794 | complete
Ep 1329 | 드론4 목적지41 | 1000스텝 | 배송 36/41 | 재적재  6 | 중계율 0.29 | alpha 1.769 | step_limit
Ep 1330 | 드론5 목적지65 | 1000스텝 | 배송 62/65 | 재적재 11 | 중계율 0.21 | alpha 1.774 | step_limit
Ep 1331 | 드론6 목적지74 |  761스텝 | 배송 74/74 | 재적재 13 | 중계율 0.17 | alpha 1.779 | complete
Ep 1332 | 드론3 목적지35 |  616스텝 | 배송 35/35 | 재적재  5 | 중계율 0.16 | alpha 1.785 | complete
Ep 1333 | 드론3 목적지77 | 1000스텝 | 배송 64/77 | 재적재 10 | 중계율 0.23 | alpha 1.785 | step_limit
Ep 1334 | 드론4 목적지64 |  932스텝 | 배송 64/64 | 재적재 12 | 중계율 0.20 | alpha 1.791 | complete
Ep 1335 | 드론6 목적지58 |  558스텝 | 배송 58/58 | 재적재 10 | 중계율 0.13 | alpha 1.761 | complete
Ep 1336 | 드론4 목적지56 |  938스텝 | 배송 56/56 | 재적재 10 | 중계율 0.20 | alpha 1.737 | complete
Ep 1337 | 드론5 목적지58 | 1000스텝 | 배송 52/58 | 재적재  8 | 중계율 0.24 | alpha 1.729 | step_limit
Ep 1338 | 드론6 목적지52 |  368스텝 | 배송 52/52 | 재적재  6 | 중계율 0.08 | alpha 1.733 | complete
Ep 1339 | 드론4 목적지66 |  740스텝 | 배송 66/66 | 재적재 11 | 중계율 0.12 | alpha 1.737 | complete
Ep 1340 | 드론5 목적지72 |  675스텝 | 배송 72/72 | 재적재 13 | 중계율 0.15 | alpha 1.738 | complete
Ep 1341 | 드론5 목적지37 |  820스텝 | 배송 37/37 | 재적재  4 | 중계율 0.21 | alpha 1.733 | complete
Ep 1342 | 드론5 목적지72 |  851스텝 | 배송 72/72 | 재적재 12 | 중계율 0.13 | alpha 1.734 | complete
Ep 1343 | 드론3 목적지73 | 1000스텝 | 배송 56/73 | 재적재 10 | 중계율 0.22 | alpha 1.768 | step_limit
Ep 1344 | 드론5 목적지34 |  570스텝 | 배송 34/34 | 재적재  4 | 중계율 0.21 | alpha 1.782 | complete
Ep 1345 | 드론6 목적지41 |  345스텝 | 배송 41/41 | 재적재  5 | 중계율 0.10 | alpha 1.779 | complete
Ep 1346 | 드론6 목적지33 |  331스텝 | 배송 33/33 | 재적재  5 | 중계율 0.09 | alpha 1.773 | complete
Ep 1347 | 드론3 목적지42 |  799스텝 | 배송 42/42 | 재적재  7 | 중계율 0.18 | alpha 1.741 | complete
Ep 1348 | 드론3 목적지65 | 1000스텝 | 배송 60/65 | 재적재 11 | 중계율 0.18 | alpha 1.740 | step_limit
Ep 1349 | 드론3 목적지21 |  479스텝 | 배송 21/21 | 재적재  3 | 중계율 0.13 | alpha 1.729 | complete
Ep 1350 | 드론6 목적지56 |  422스텝 | 배송 56/56 | 재적재  8 | 중계율 0.08 | alpha 1.737 | complete
  [홀드아웃] 배송 49.5±3.3 완주 0.97 스텝 1094 점수 103.9 재적재 8.2 2홉+ 0.64 | 최고 106.8@ep900 정체 9/15
Ep 1351 | 드론6 목적지56 |  397스텝 | 배송 56/56 | 재적재  8 | 중계율 0.08 | alpha 1.739 | complete
Ep 1352 | 드론5 목적지20 |  209스텝 | 배송 20/20 | 재적재  0 | 중계율 0.10 | alpha 1.729 | complete
Ep 1353 | 드론4 목적지25 |  411스텝 | 배송 25/25 | 재적재  4 | 중계율 0.12 | alpha 1.726 | complete
Ep 1354 | 드론4 목적지58 |  753스텝 | 배송 58/58 | 재적재  9 | 중계율 0.12 | alpha 1.715 | complete
Ep 1355 | 드론6 목적지79 |  567스텝 | 배송 79/79 | 재적재 14 | 중계율 0.11 | alpha 1.724 | complete
Ep 1356 | 드론6 목적지38 |  475스텝 | 배송 38/38 | 재적재  4 | 중계율 0.13 | alpha 1.725 | complete
Ep 1357 | 드론6 목적지63 |  597스텝 | 배송 63/63 | 재적재 10 | 중계율 0.14 | alpha 1.724 | complete
Ep 1358 | 드론6 목적지28 |  433스텝 | 배송 28/28 | 재적재  3 | 중계율 0.14 | alpha 1.726 | complete
Ep 1359 | 드론5 목적지39 |  390스텝 | 배송 39/39 | 재적재  6 | 중계율 0.11 | alpha 1.729 | complete
Ep 1360 | 드론6 목적지43 |  407스텝 | 배송 43/43 | 재적재  6 | 중계율 0.11 | alpha 1.725 | complete
Ep 1361 | 드론3 목적지44 |  927스텝 | 배송 44/44 | 재적재  8 | 중계율 0.20 | alpha 1.714 | complete
Ep 1362 | 드론3 목적지35 |  667스텝 | 배송 35/35 | 재적재  6 | 중계율 0.14 | alpha 1.712 | complete
Ep 1363 | 드론5 목적지40 |  465스텝 | 배송 40/40 | 재적재  5 | 중계율 0.14 | alpha 1.703 | complete
Ep 1364 | 드론5 목적지38 |  527스텝 | 배송 38/38 | 재적재  5 | 중계율 0.18 | alpha 1.709 | complete
Ep 1365 | 드론5 목적지73 | 1000스텝 | 배송 68/73 | 재적재 12 | 중계율 0.18 | alpha 1.693 | step_limit
Ep 1366 | 드론4 목적지38 |  721스텝 | 배송 38/38 | 재적재  6 | 중계율 0.22 | alpha 1.696 | complete
Ep 1367 | 드론4 목적지73 | 1000스텝 | 배송 68/73 | 재적재 11 | 중계율 0.21 | alpha 1.672 | step_limit
Ep 1368 | 드론5 목적지30 |  321스텝 | 배송 30/30 | 재적재  4 | 중계율 0.10 | alpha 1.666 | complete
Ep 1369 | 드론3 목적지47 |  879스텝 | 배송 47/47 | 재적재  9 | 중계율 0.24 | alpha 1.665 | complete
Ep 1370 | 드론5 목적지24 |  319스텝 | 배송 24/24 | 재적재  3 | 중계율 0.13 | alpha 1.650 | complete
Ep 1371 | 드론3 목적지27 |  445스텝 | 배송 27/27 | 재적재  4 | 중계율 0.13 | alpha 1.625 | complete
Ep 1372 | 드론6 목적지58 |  683스텝 | 배송 58/58 | 재적재 10 | 중계율 0.19 | alpha 1.640 | complete
Ep 1373 | 드론5 목적지62 |  639스텝 | 배송 62/62 | 재적재  9 | 중계율 0.17 | alpha 1.647 | complete
Ep 1374 | 드론3 목적지38 |  962스텝 | 배송 38/38 | 재적재  7 | 중계율 0.22 | alpha 1.647 | complete
Ep 1375 | 드론3 목적지21 |  493스텝 | 배송 21/21 | 재적재  3 | 중계율 0.15 | alpha 1.644 | complete
Ep 1376 | 드론5 목적지61 |  953스텝 | 배송 61/61 | 재적재 11 | 중계율 0.19 | alpha 1.640 | complete
Ep 1377 | 드론6 목적지41 |  414스텝 | 배송 41/41 | 재적재  5 | 중계율 0.12 | alpha 1.650 | complete
Ep 1378 | 드론5 목적지55 |  593스텝 | 배송 55/55 | 재적재  8 | 중계율 0.11 | alpha 1.685 | complete
Ep 1379 | 드론6 목적지27 |  259스텝 | 배송 27/27 | 재적재  2 | 중계율 0.09 | alpha 1.704 | complete
Ep 1380 | 드론5 목적지22 |  564스텝 | 배송 22/22 | 재적재  2 | 중계율 0.22 | alpha 1.743 | complete
Ep 1381 | 드론5 목적지42 |  758스텝 | 배송 42/42 | 재적재  8 | 중계율 0.16 | alpha 1.750 | complete
Ep 1382 | 드론4 목적지57 |  758스텝 | 배송 57/57 | 재적재 10 | 중계율 0.16 | alpha 1.725 | complete
Ep 1383 | 드론5 목적지22 |  431스텝 | 배송 22/22 | 재적재  2 | 중계율 0.16 | alpha 1.713 | complete
Ep 1384 | 드론5 목적지66 |  759스텝 | 배송 66/66 | 재적재 12 | 중계율 0.11 | alpha 1.726 | complete
Ep 1385 | 드론3 목적지70 | 1000스텝 | 배송 64/70 | 재적재 11 | 중계율 0.17 | alpha 1.712 | step_limit
Ep 1386 | 드론6 목적지25 |  198스텝 | 배송 25/25 | 재적재  0 | 중계율 0.08 | alpha 1.703 | complete
Ep 1387 | 드론4 목적지74 | 1000스텝 | 배송 70/74 | 재적재 12 | 중계율 0.22 | alpha 1.700 | step_limit
Ep 1388 | 드론6 목적지21 |  250스텝 | 배송 21/21 | 재적재  0 | 중계율 0.09 | alpha 1.699 | complete
Ep 1389 | 드론5 목적지63 |  577스텝 | 배송 63/63 | 재적재 10 | 중계율 0.09 | alpha 1.720 | complete
Ep 1390 | 드론5 목적지26 |  489스텝 | 배송 26/26 | 재적재  2 | 중계율 0.22 | alpha 1.727 | complete
Ep 1391 | 드론3 목적지78 | 1000스텝 | 배송 68/78 | 재적재 12 | 중계율 0.16 | alpha 1.728 | step_limit
Ep 1392 | 드론4 목적지49 |  756스텝 | 배송 49/49 | 재적재  7 | 중계율 0.19 | alpha 1.721 | complete
Ep 1393 | 드론5 목적지68 | 1000스텝 | 배송 64/68 | 재적재 11 | 중계율 0.24 | alpha 1.715 | step_limit
Ep 1394 | 드론6 목적지22 |  326스텝 | 배송 22/22 | 재적재  1 | 중계율 0.20 | alpha 1.699 | complete
Ep 1395 | 드론4 목적지61 |  613스텝 | 배송 61/61 | 재적재 10 | 중계율 0.10 | alpha 1.684 | complete
Ep 1396 | 드론6 목적지43 |  421스텝 | 배송 43/43 | 재적재  7 | 중계율 0.15 | alpha 1.673 | complete
Ep 1397 | 드론5 목적지71 |  796스텝 | 배송 71/71 | 재적재 12 | 중계율 0.14 | alpha 1.656 | complete
Ep 1398 | 드론4 목적지47 |  728스텝 | 배송 47/47 | 재적재  7 | 중계율 0.15 | alpha 1.624 | complete
Ep 1399 | 드론6 목적지40 |  344스텝 | 배송 40/40 | 재적재  6 | 중계율 0.11 | alpha 1.636 | complete
Ep 1400 | 드론6 목적지23 |  230스텝 | 배송 23/23 | 재적재  0 | 중계율 0.13 | alpha 1.632 | complete
  [홀드아웃] 배송 49.7±1.1 완주 0.93 스텝 1080 점수 98.9 재적재 8.4 2홉+ 0.64 | 최고 106.8@ep900 정체 10/15
Ep 1401 | 드론6 목적지27 |  357스텝 | 배송 27/27 | 재적재  3 | 중계율 0.13 | alpha 1.648 | complete
Ep 1402 | 드론6 목적지78 |  535스텝 | 배송 78/78 | 재적재 12 | 중계율 0.09 | alpha 1.665 | complete
Ep 1403 | 드론5 목적지51 |  673스텝 | 배송 51/51 | 재적재  9 | 중계율 0.13 | alpha 1.690 | complete
Ep 1404 | 드론3 목적지29 |  582스텝 | 배송 29/29 | 재적재  4 | 중계율 0.24 | alpha 1.705 | complete
Ep 1405 | 드론5 목적지28 |  904스텝 | 배송 28/28 | 재적재  3 | 중계율 0.31 | alpha 1.711 | complete
Ep 1406 | 드론3 목적지57 | 1000스텝 | 배송 44/57 | 재적재  8 | 중계율 0.23 | alpha 1.721 | step_limit
Ep 1407 | 드론5 목적지34 |  428스텝 | 배송 34/34 | 재적재  4 | 중계율 0.12 | alpha 1.722 | complete
Ep 1408 | 드론4 목적지68 |  813스텝 | 배송 68/68 | 재적재 13 | 중계율 0.13 | alpha 1.700 | complete
Ep 1409 | 드론6 목적지23 |  216스텝 | 배송 23/23 | 재적재  1 | 중계율 0.12 | alpha 1.690 | complete
Ep 1410 | 드론6 목적지62 |  511스텝 | 배송 62/62 | 재적재 10 | 중계율 0.12 | alpha 1.678 | complete
Ep 1411 | 드론4 목적지48 | 1000스텝 | 배송 45/48 | 재적재  7 | 중계율 0.25 | alpha 1.662 | step_limit
Ep 1412 | 드론5 목적지20 |  174스텝 | 배송 20/20 | 재적재  0 | 중계율 0.05 | alpha 1.661 | complete
Ep 1413 | 드론4 목적지60 | 1000스텝 | 배송 55/60 | 재적재  9 | 중계율 0.24 | alpha 1.647 | step_limit
Ep 1414 | 드론6 목적지53 |  377스텝 | 배송 53/53 | 재적재  9 | 중계율 0.10 | alpha 1.666 | complete
Ep 1415 | 드론4 목적지56 | 1000스텝 | 배송 55/56 | 재적재  9 | 중계율 0.23 | alpha 1.668 | step_limit
Ep 1416 | 드론3 목적지40 |  928스텝 | 배송 40/40 | 재적재  6 | 중계율 0.25 | alpha 1.667 | complete
Ep 1417 | 드론5 목적지48 |  619스텝 | 배송 48/48 | 재적재  7 | 중계율 0.11 | alpha 1.680 | complete
Ep 1418 | 드론4 목적지54 |  687스텝 | 배송 54/54 | 재적재  8 | 중계율 0.13 | alpha 1.688 | complete
Ep 1419 | 드론3 목적지45 | 1000스텝 | 배송 44/45 | 재적재  8 | 중계율 0.24 | alpha 1.701 | step_limit
Ep 1420 | 드론3 목적지56 |  912스텝 | 배송 56/56 | 재적재 10 | 중계율 0.17 | alpha 1.702 | complete
Ep 1421 | 드론3 목적지28 |  400스텝 | 배송 28/28 | 재적재  4 | 중계율 0.10 | alpha 1.705 | complete
Ep 1422 | 드론5 목적지56 |  730스텝 | 배송 56/56 | 재적재 10 | 중계율 0.16 | alpha 1.736 | complete
Ep 1423 | 드론3 목적지42 | 1000스텝 | 배송 39/42 | 재적재  7 | 중계율 0.21 | alpha 1.717 | step_limit
Ep 1424 | 드론5 목적지22 |  364스텝 | 배송 22/22 | 재적재  2 | 중계율 0.07 | alpha 1.728 | complete
Ep 1425 | 드론3 목적지29 |  741스텝 | 배송 29/29 | 재적재  5 | 중계율 0.23 | alpha 1.717 | complete
Ep 1426 | 드론4 목적지41 |  849스텝 | 배송 41/41 | 재적재  6 | 중계율 0.21 | alpha 1.716 | complete
Ep 1427 | 드론3 목적지20 |  490스텝 | 배송 20/20 | 재적재  3 | 중계율 0.12 | alpha 1.705 | complete
Ep 1428 | 드론5 목적지77 |  850스텝 | 배송 77/77 | 재적재 15 | 중계율 0.15 | alpha 1.717 | complete
Ep 1429 | 드론4 목적지27 |  757스텝 | 배송 27/27 | 재적재  4 | 중계율 0.24 | alpha 1.723 | complete
Ep 1430 | 드론6 목적지79 |  601스텝 | 배송 79/79 | 재적재 14 | 중계율 0.09 | alpha 1.716 | complete
Ep 1431 | 드론4 목적지49 |  979스텝 | 배송 49/49 | 재적재  7 | 중계율 0.25 | alpha 1.721 | complete
Ep 1432 | 드론6 목적지57 |  429스텝 | 배송 57/57 | 재적재  9 | 중계율 0.12 | alpha 1.718 | complete
Ep 1433 | 드론4 목적지68 |  859스텝 | 배송 68/68 | 재적재 11 | 중계율 0.20 | alpha 1.681 | complete
Ep 1434 | 드론6 목적지45 |  396스텝 | 배송 45/45 | 재적재  7 | 중계율 0.16 | alpha 1.689 | complete
Ep 1435 | 드론4 목적지73 | 1000스텝 | 배송 68/73 | 재적재 12 | 중계율 0.18 | alpha 1.683 | step_limit
Ep 1436 | 드론6 목적지30 |  208스텝 | 배송 30/30 | 재적재  2 | 중계율 0.09 | alpha 1.677 | complete
Ep 1437 | 드론6 목적지64 |  402스텝 | 배송 64/64 | 재적재  8 | 중계율 0.07 | alpha 1.664 | complete
Ep 1438 | 드론4 목적지36 |  804스텝 | 배송 36/36 | 재적재  5 | 중계율 0.25 | alpha 1.650 | complete
Ep 1439 | 드론3 목적지50 |  786스텝 | 배송 50/50 | 재적재  8 | 중계율 0.15 | alpha 1.630 | complete
Ep 1440 | 드론5 목적지33 |  500스텝 | 배송 33/33 | 재적재  3 | 중계율 0.18 | alpha 1.652 | complete
Ep 1441 | 드론6 목적지72 |  998스텝 | 배송 72/72 | 재적재 13 | 중계율 0.21 | alpha 1.676 | complete
Ep 1442 | 드론4 목적지54 |  891스텝 | 배송 54/54 | 재적재  9 | 중계율 0.17 | alpha 1.677 | complete
Ep 1443 | 드론6 목적지38 |  314스텝 | 배송 38/38 | 재적재  5 | 중계율 0.06 | alpha 1.677 | complete
Ep 1444 | 드론3 목적지56 | 1000스텝 | 배송 52/56 | 재적재  9 | 중계율 0.22 | alpha 1.683 | step_limit
Ep 1445 | 드론5 목적지70 |  747스텝 | 배송 70/70 | 재적재 12 | 중계율 0.09 | alpha 1.702 | complete
Ep 1446 | 드론5 목적지62 |  646스텝 | 배송 62/62 | 재적재 11 | 중계율 0.14 | alpha 1.713 | complete
Ep 1447 | 드론5 목적지41 |  425스텝 | 배송 41/41 | 재적재  5 | 중계율 0.11 | alpha 1.721 | complete
Ep 1448 | 드론5 목적지39 |  870스텝 | 배송 39/39 | 재적재  5 | 중계율 0.21 | alpha 1.696 | complete
Ep 1449 | 드론4 목적지27 |  637스텝 | 배송 27/27 | 재적재  3 | 중계율 0.28 | alpha 1.691 | complete
Ep 1450 | 드론3 목적지77 | 1000스텝 | 배송 63/77 | 재적재 12 | 중계율 0.17 | alpha 1.697 | step_limit
  [홀드아웃] 배송 49.5±1.9 완주 0.93 스텝 1132 점수 98.7 재적재 8.3 2홉+ 0.64 | 최고 106.8@ep900 정체 11/15
Ep 1451 | 드론3 목적지40 |  757스텝 | 배송 40/40 | 재적재  6 | 중계율 0.24 | alpha 1.698 | complete
Ep 1452 | 드론5 목적지30 |  420스텝 | 배송 30/30 | 재적재  4 | 중계율 0.17 | alpha 1.702 | complete
Ep 1453 | 드론6 목적지49 |  653스텝 | 배송 49/49 | 재적재  7 | 중계율 0.15 | alpha 1.698 | complete
Ep 1454 | 드론6 목적지33 |  339스텝 | 배송 33/33 | 재적재  4 | 중계율 0.12 | alpha 1.697 | complete
Ep 1455 | 드론5 목적지25 |  310스텝 | 배송 25/25 | 재적재  4 | 중계율 0.09 | alpha 1.688 | complete
Ep 1456 | 드론6 목적지50 |  649스텝 | 배송 50/50 | 재적재  8 | 중계율 0.16 | alpha 1.696 | complete
Ep 1457 | 드론5 목적지29 |  291스텝 | 배송 29/29 | 재적재  5 | 중계율 0.10 | alpha 1.703 | complete
Ep 1458 | 드론6 목적지38 |  313스텝 | 배송 38/38 | 재적재  5 | 중계율 0.08 | alpha 1.695 | complete
Ep 1459 | 드론6 목적지32 |  264스텝 | 배송 32/32 | 재적재  4 | 중계율 0.11 | alpha 1.686 | complete
Ep 1460 | 드론5 목적지80 |  788스텝 | 배송 80/80 | 재적재 14 | 중계율 0.14 | alpha 1.662 | complete
Ep 1461 | 드론6 목적지27 |  190스텝 | 배송 27/27 | 재적재  1 | 중계율 0.04 | alpha 1.657 | complete
Ep 1462 | 드론6 목적지36 |  487스텝 | 배송 36/36 | 재적재  6 | 중계율 0.14 | alpha 1.663 | complete
Ep 1463 | 드론5 목적지60 |  677스텝 | 배송 60/60 | 재적재 10 | 중계율 0.14 | alpha 1.668 | complete
Ep 1464 | 드론6 목적지58 |  371스텝 | 배송 58/58 | 재적재  8 | 중계율 0.07 | alpha 1.665 | complete
Ep 1465 | 드론6 목적지37 |  447스텝 | 배송 37/37 | 재적재  5 | 중계율 0.12 | alpha 1.680 | complete
Ep 1466 | 드론5 목적지47 |  435스텝 | 배송 47/47 | 재적재  6 | 중계율 0.09 | alpha 1.662 | complete
Ep 1467 | 드론5 목적지71 |  816스텝 | 배송 71/71 | 재적재 12 | 중계율 0.14 | alpha 1.696 | complete
Ep 1468 | 드론3 목적지45 | 1000스텝 | 배송 44/45 | 재적재  7 | 중계율 0.23 | alpha 1.723 | step_limit
Ep 1469 | 드론4 목적지41 |  628스텝 | 배송 41/41 | 재적재  6 | 중계율 0.13 | alpha 1.723 | complete
Ep 1470 | 드론3 목적지56 | 1000스텝 | 배송 50/56 | 재적재  8 | 중계율 0.24 | alpha 1.735 | step_limit
Ep 1471 | 드론3 목적지22 |  365스텝 | 배송 22/22 | 재적재  3 | 중계율 0.13 | alpha 1.747 | complete
Ep 1472 | 드론6 목적지80 |  651스텝 | 배송 80/80 | 재적재 13 | 중계율 0.13 | alpha 1.769 | complete
Ep 1473 | 드론4 목적지28 |  455스텝 | 배송 28/28 | 재적재  5 | 중계율 0.17 | alpha 1.796 | complete
Ep 1474 | 드론3 목적지61 | 1000스텝 | 배송 56/61 | 재적재 10 | 중계율 0.23 | alpha 1.797 | step_limit
Ep 1475 | 드론3 목적지45 |  963스텝 | 배송 45/45 | 재적재  7 | 중계율 0.20 | alpha 1.817 | complete
Ep 1476 | 드론3 목적지31 |  678스텝 | 배송 31/31 | 재적재  5 | 중계율 0.18 | alpha 1.786 | complete
Ep 1477 | 드론5 목적지26 |  433스텝 | 배송 26/26 | 재적재  2 | 중계율 0.17 | alpha 1.792 | complete
Ep 1478 | 드론6 목적지23 |  239스텝 | 배송 23/23 | 재적재  1 | 중계율 0.18 | alpha 1.794 | complete
Ep 1479 | 드론5 목적지70 |  997스텝 | 배송 70/70 | 재적재 12 | 중계율 0.22 | alpha 1.773 | complete
Ep 1480 | 드론5 목적지41 |  635스텝 | 배송 41/41 | 재적재  6 | 중계율 0.14 | alpha 1.766 | complete
Ep 1481 | 드론5 목적지28 |  304스텝 | 배송 28/28 | 재적재  3 | 중계율 0.05 | alpha 1.767 | complete
Ep 1482 | 드론6 목적지47 |  351스텝 | 배송 47/47 | 재적재  6 | 중계율 0.05 | alpha 1.769 | complete
Ep 1483 | 드론5 목적지26 |  358스텝 | 배송 26/26 | 재적재  4 | 중계율 0.16 | alpha 1.763 | complete
Ep 1484 | 드론6 목적지39 |  379스텝 | 배송 39/39 | 재적재  4 | 중계율 0.11 | alpha 1.758 | complete
Ep 1485 | 드론5 목적지75 |  723스텝 | 배송 75/75 | 재적재 13 | 중계율 0.10 | alpha 1.760 | complete
Ep 1486 | 드론6 목적지80 |  837스텝 | 배송 80/80 | 재적재 14 | 중계율 0.14 | alpha 1.758 | complete
Ep 1487 | 드론5 목적지54 |  760스텝 | 배송 54/54 | 재적재  9 | 중계율 0.19 | alpha 1.766 | complete
Ep 1488 | 드론6 목적지72 |  784스텝 | 배송 72/72 | 재적재 13 | 중계율 0.18 | alpha 1.763 | complete
Ep 1489 | 드론4 목적지64 | 1000스텝 | 배송 60/64 | 재적재 10 | 중계율 0.23 | alpha 1.767 | step_limit
Ep 1490 | 드론4 목적지49 |  572스텝 | 배송 49/49 | 재적재  7 | 중계율 0.09 | alpha 1.753 | complete
Ep 1491 | 드론3 목적지68 | 1000스텝 | 배송 60/68 | 재적재 10 | 중계율 0.21 | alpha 1.759 | step_limit
Ep 1492 | 드론6 목적지75 |  625스텝 | 배송 75/75 | 재적재 13 | 중계율 0.10 | alpha 1.761 | complete
Ep 1493 | 드론3 목적지28 |  744스텝 | 배송 28/28 | 재적재  4 | 중계율 0.19 | alpha 1.752 | complete
Ep 1494 | 드론6 목적지60 |  457스텝 | 배송 60/60 | 재적재 10 | 중계율 0.09 | alpha 1.757 | complete
Ep 1495 | 드론5 목적지56 |  430스텝 | 배송 56/56 | 재적재 10 | 중계율 0.09 | alpha 1.751 | complete
Ep 1496 | 드론5 목적지62 |  742스텝 | 배송 62/62 | 재적재 12 | 중계율 0.16 | alpha 1.776 | complete
Ep 1497 | 드론3 목적지76 | 1000스텝 | 배송 57/76 | 재적재 10 | 중계율 0.23 | alpha 1.789 | step_limit
Ep 1498 | 드론3 목적지55 |  792스텝 | 배송 55/55 | 재적재 10 | 중계율 0.16 | alpha 1.818 | complete
Ep 1499 | 드론4 목적지28 |  808스텝 | 배송 28/28 | 재적재  4 | 중계율 0.19 | alpha 1.797 | complete
Ep 1500 | 드론5 목적지24 |  435스텝 | 배송 24/24 | 재적재  3 | 중계율 0.12 | alpha 1.802 | complete
  [홀드아웃] 배송 49.8±0.8 완주 0.95 스텝 1099 점수 101.3 재적재 8.3 2홉+ 0.63 | 최고 106.8@ep900 정체 12/15
Training finished. best=106.8 @ ep900
