/home/kopt/enter/envs/wsl_neuroMCTS/lib/python3.10/site-packages/pygame/pkgdata.py:25: UserWarning: pkg_resources is deprecated as an API. See https://setuptools.pypa.io/en/latest/pkg_resources.html. The pkg_resources package is slated for removal as early as 2025-11-30. Refrain from using this package or pin to Setuptools<81.
  from pkg_resources import resource_stream, resource_exists
pygame 2.6.1 (SDL 2.28.4, Python 3.10.19)
Hello from the pygame community. https://www.pygame.org/contribute.html
집합 상위 학습 | 반경 300 상한 1000 무배송 500 gamma 0.997 구성=무작위 드론[3, 6] 목적지[20, 80] CC무작위 인스턴스=무작위 목표유지=off 완주보상=0.0 잔여페널티=0.1 규칙관측=False 규칙정규화=2.0 막힘페널티=0.0 도달권shaping=0.0 정체전환보상=0.5 엔트로피비=0.45 자기회귀=True 홀드아웃상한=3000 선택=makespan
/home/kopt/drone/proposed_src/pipeline/train_v5_26_09_15_23.py:337: UserWarning: Converting a tensor with requires_grad=True to a scalar may lead to unexpected behavior.
Consider using tensor.detach() first. (Triggered internally at /pytorch/torch/csrc/autograd/generated/python_variable_methods.cpp:836.)
  writer.add_scalar("train/alpha", float(log_alpha.exp()), ep)
Ep 1 | 드론5 목적지43 | 1000스텝 | 배송 41/43 | 재적재  6 | 중계율 0.09 | alpha 0.100 | step_limit
Ep 2 | 드론4 목적지74 | 1000스텝 | 배송 71/74 | 재적재 13 | 중계율 0.08 | alpha 0.100 | step_limit
Ep 3 | 드론5 목적지43 |  675스텝 | 배송 43/43 | 재적재  7 | 중계율 0.09 | alpha 0.100 | complete
Ep 4 | 드론4 목적지23 | 1000스텝 | 배송 17/23 | 재적재  1 | 중계율 0.13 | alpha 0.100 | step_limit
Ep 5 | 드론4 목적지31 |  794스텝 | 배송 31/31 | 재적재  4 | 중계율 0.19 | alpha 0.099 | complete
Ep 6 | 드론3 목적지68 | 1000스텝 | 배송 59/68 | 재적재 10 | 중계율 0.19 | alpha 0.104 | step_limit
Ep 7 | 드론6 목적지44 |  451스텝 | 배송 44/44 | 재적재  8 | 중계율 0.29 | alpha 0.109 | complete
Ep 8 | 드론6 목적지30 |  263스텝 | 배송 30/30 | 재적재  3 | 중계율 0.25 | alpha 0.112 | complete
Ep 9 | 드론6 목적지42 |  530스텝 | 배송 42/42 | 재적재  5 | 중계율 0.21 | alpha 0.117 | complete
Ep 10 | 드론6 목적지47 |  339스텝 | 배송 47/47 | 재적재  6 | 중계율 0.19 | alpha 0.121 | complete
Ep 11 | 드론5 목적지21 |  454스텝 | 배송 21/21 | 재적재  2 | 중계율 0.18 | alpha 0.126 | complete
Ep 12 | 드론3 목적지37 |  918스텝 | 배송 37/37 | 재적재  6 | 중계율 0.26 | alpha 0.136 | complete
Ep 13 | 드론6 목적지28 |  314스텝 | 배송 28/28 | 재적재  2 | 중계율 0.15 | alpha 0.140 | complete
Ep 14 | 드론3 목적지41 | 1000스텝 | 배송 36/41 | 재적재  7 | 중계율 0.29 | alpha 0.152 | step_limit
Ep 15 | 드론3 목적지66 | 1000스텝 | 배송 53/66 | 재적재  9 | 중계율 0.30 | alpha 0.164 | step_limit
Ep 16 | 드론4 목적지71 | 1000스텝 | 배송 70/71 | 재적재 11 | 중계율 0.33 | alpha 0.178 | step_limit
Ep 17 | 드론4 목적지24 |  658스텝 | 배송 24/24 | 재적재  3 | 중계율 0.39 | alpha 0.186 | complete
Ep 18 | 드론5 목적지49 |  495스텝 | 배송 49/49 | 재적재  8 | 중계율 0.18 | alpha 0.193 | complete
Ep 19 | 드론6 목적지34 |  390스텝 | 배송 34/34 | 재적재  4 | 중계율 0.24 | alpha 0.199 | complete
Ep 20 | 드론3 목적지48 |  757스텝 | 배송 48/48 | 재적재  8 | 중계율 0.22 | alpha 0.210 | complete
Ep 21 | 드론4 목적지63 |  754스텝 | 배송 63/63 | 재적재 10 | 중계율 0.23 | alpha 0.221 | complete
Ep 22 | 드론6 목적지46 |  439스텝 | 배송 46/46 | 재적재  7 | 중계율 0.21 | alpha 0.228 | complete
Ep 23 | 드론3 목적지44 | 1000스텝 | 배송 43/44 | 재적재  6 | 중계율 0.27 | alpha 0.245 | step_limit
Ep 24 | 드론5 목적지41 |  450스텝 | 배송 41/41 | 재적재  6 | 중계율 0.19 | alpha 0.253 | complete
Ep 25 | 드론5 목적지38 |  539스텝 | 배송 38/38 | 재적재  6 | 중계율 0.19 | alpha 0.262 | complete
Ep 26 | 드론5 목적지77 |  866스텝 | 배송 77/77 | 재적재 14 | 중계율 0.22 | alpha 0.278 | complete
Ep 27 | 드론3 목적지41 |  952스텝 | 배송 41/41 | 재적재  6 | 중계율 0.32 | alpha 0.296 | complete
Ep 28 | 드론5 목적지52 |  659스텝 | 배송 52/52 | 재적재  8 | 중계율 0.24 | alpha 0.309 | complete
Ep 29 | 드론5 목적지72 |  788스텝 | 배송 72/72 | 재적재 12 | 중계율 0.28 | alpha 0.324 | complete
Ep 30 | 드론5 목적지61 |  763스텝 | 배송 61/61 | 재적재  9 | 중계율 0.25 | alpha 0.339 | complete
Ep 31 | 드론5 목적지45 |  434스텝 | 배송 45/45 | 재적재  6 | 중계율 0.15 | alpha 0.347 | complete
Ep 32 | 드론3 목적지68 | 1000스텝 | 배송 60/68 | 재적재 11 | 중계율 0.32 | alpha 0.370 | step_limit
Ep 33 | 드론3 목적지35 | 1000스텝 | 배송 25/35 | 재적재  4 | 중계율 0.23 | alpha 0.395 | step_limit
Ep 34 | 드론3 목적지24 |  441스텝 | 배송 24/24 | 재적재  3 | 중계율 0.18 | alpha 0.408 | complete
Ep 35 | 드론3 목적지58 | 1000스텝 | 배송 56/58 | 재적재  9 | 중계율 0.20 | alpha 0.437 | step_limit
Ep 36 | 드론4 목적지64 | 1000스텝 | 배송 56/64 | 재적재 10 | 중계율 0.31 | alpha 0.467 | step_limit
Ep 37 | 드론6 목적지58 |  546스텝 | 배송 58/58 | 재적재 10 | 중계율 0.21 | alpha 0.485 | complete
Ep 38 | 드론3 목적지77 | 1000스텝 | 배송 60/77 | 재적재 11 | 중계율 0.24 | alpha 0.518 | step_limit
Ep 39 | 드론3 목적지28 |  741스텝 | 배송 17/28 | 재적재  2 | 중계율 0.36 | alpha 0.543 | no_progress
Ep 40 | 드론3 목적지37 |  928스텝 | 배송 37/37 | 재적재  6 | 중계율 0.25 | alpha 0.577 | complete
Ep 41 | 드론5 목적지59 |  792스텝 | 배송 59/59 | 재적재  9 | 중계율 0.12 | alpha 0.606 | complete
Ep 42 | 드론6 목적지58 |  516스텝 | 배송 58/58 | 재적재  9 | 중계율 0.17 | alpha 0.626 | complete
Ep 43 | 드론6 목적지20 |  203스텝 | 배송 20/20 | 재적재  0 | 중계율 0.10 | alpha 0.634 | complete
Ep 44 | 드론6 목적지30 |  226스텝 | 배송 30/30 | 재적재  2 | 중계율 0.09 | alpha 0.643 | complete
Ep 45 | 드론6 목적지39 |  299스텝 | 배송 39/39 | 재적재  6 | 중계율 0.13 | alpha 0.655 | complete
Ep 46 | 드론6 목적지32 |  265스텝 | 배송 32/32 | 재적재  6 | 중계율 0.13 | alpha 0.666 | complete
Ep 47 | 드론5 목적지35 |  428스텝 | 배송 35/35 | 재적재  5 | 중계율 0.10 | alpha 0.685 | complete
Ep 48 | 드론5 목적지39 |  490스텝 | 배송 39/39 | 재적재  5 | 중계율 0.15 | alpha 0.707 | complete
Ep 49 | 드론5 목적지47 |  457스텝 | 배송 47/47 | 재적재  8 | 중계율 0.10 | alpha 0.728 | complete
Ep 50 | 드론4 목적지72 | 1000스텝 | 배송 57/72 | 재적재 10 | 중계율 0.19 | alpha 0.776 | step_limit
  [홀드아웃] 배송 47.0±6.9 완주 0.72 스텝 1144 점수 78.7 재적재 7.5 2홉+ 0.66 | 최고 78.7@ep50 정체 0/15  ← 갱신
Ep 51 | 드론4 목적지71 |  981스텝 | 배송 71/71 | 재적재 13 | 중계율 0.17 | alpha 0.827 | complete
Ep 52 | 드론4 목적지45 |  749스텝 | 배송 45/45 | 재적재  8 | 중계율 0.15 | alpha 0.868 | complete
Ep 53 | 드론6 목적지64 |  604스텝 | 배송 64/64 | 재적재 11 | 중계율 0.10 | alpha 0.901 | complete
Ep 54 | 드론5 목적지24 |  491스텝 | 배송 24/24 | 재적재  3 | 중계율 0.21 | alpha 0.927 | complete
Ep 55 | 드론6 목적지60 |  639스텝 | 배송 60/60 | 재적재  9 | 중계율 0.18 | alpha 0.960 | complete
Ep 56 | 드론6 목적지20 |  177스텝 | 배송 20/20 | 재적재  1 | 중계율 0.11 | alpha 0.970 | complete
Ep 57 | 드론5 목적지61 |  527스텝 | 배송 61/61 | 재적재  9 | 중계율 0.12 | alpha 0.997 | complete
Ep 58 | 드론5 목적지77 |  822스텝 | 배송 77/77 | 재적재 15 | 중계율 0.15 | alpha 1.042 | complete
Ep 59 | 드론5 목적지40 |  565스텝 | 배송 40/40 | 재적재  7 | 중계율 0.20 | alpha 1.073 | complete
Ep 60 | 드론3 목적지76 |  755스텝 | 배송 30/76 | 재적재  5 | 중계율 0.20 | alpha 1.116 | no_progress
Ep 61 | 드론5 목적지66 |  642스텝 | 배송 66/66 | 재적재 11 | 중계율 0.17 | alpha 1.155 | complete
Ep 62 | 드론5 목적지43 |  363스텝 | 배송 43/43 | 재적재  5 | 중계율 0.13 | alpha 1.178 | complete
Ep 63 | 드론5 목적지57 |  950스텝 | 배송 57/57 | 재적재  9 | 중계율 0.22 | alpha 1.235 | complete
Ep 64 | 드론3 목적지52 | 1000스텝 | 배송 46/52 | 재적재  8 | 중계율 0.25 | alpha 1.292 | step_limit
Ep 65 | 드론5 목적지42 |  413스텝 | 배송 42/42 | 재적재  6 | 중계율 0.13 | alpha 1.313 | complete
Ep 66 | 드론4 목적지41 |  766스텝 | 배송 41/41 | 재적재  7 | 중계율 0.19 | alpha 1.348 | complete
Ep 67 | 드론5 목적지23 |  380스텝 | 배송 23/23 | 재적재  3 | 중계율 0.11 | alpha 1.363 | complete
Ep 68 | 드론5 목적지77 |  905스텝 | 배송 77/77 | 재적재 13 | 중계율 0.13 | alpha 1.390 | complete
Ep 69 | 드론4 목적지48 |  594스텝 | 배송 48/48 | 재적재  8 | 중계율 0.11 | alpha 1.404 | complete
Ep 70 | 드론3 목적지69 | 1000스텝 | 배송 60/69 | 재적재 10 | 중계율 0.25 | alpha 1.421 | step_limit
Ep 71 | 드론5 목적지34 |  389스텝 | 배송 34/34 | 재적재  4 | 중계율 0.10 | alpha 1.426 | complete
Ep 72 | 드론5 목적지61 |  878스텝 | 배송 61/61 | 재적재  9 | 중계율 0.29 | alpha 1.440 | complete
Ep 73 | 드론6 목적지50 |  616스텝 | 배송 50/50 | 재적재  8 | 중계율 0.27 | alpha 1.446 | complete
Ep 74 | 드론4 목적지70 |  939스텝 | 배송 70/70 | 재적재 13 | 중계율 0.19 | alpha 1.433 | complete
Ep 75 | 드론6 목적지21 |  214스텝 | 배송 21/21 | 재적재  0 | 중계율 0.10 | alpha 1.428 | complete
Ep 76 | 드론3 목적지49 | 1000스텝 | 배송 48/49 | 재적재  8 | 중계율 0.29 | alpha 1.406 | step_limit
Ep 77 | 드론4 목적지67 | 1000스텝 | 배송 54/67 | 재적재  9 | 중계율 0.27 | alpha 1.388 | step_limit
Ep 78 | 드론3 목적지34 |  682스텝 | 배송 34/34 | 재적재  6 | 중계율 0.17 | alpha 1.368 | complete
Ep 79 | 드론5 목적지31 |  451스텝 | 배송 31/31 | 재적재  5 | 중계율 0.19 | alpha 1.359 | complete
Ep 80 | 드론3 목적지44 |  761스텝 | 배송 44/44 | 재적재  7 | 중계율 0.25 | alpha 1.332 | complete
Ep 81 | 드론6 목적지71 |  813스텝 | 배송 71/71 | 재적재 12 | 중계율 0.20 | alpha 1.306 | complete
Ep 82 | 드론4 목적지59 | 1000스텝 | 배송 55/59 | 재적재 10 | 중계율 0.17 | alpha 1.273 | step_limit
Ep 83 | 드론6 목적지21 |  162스텝 | 배송 21/21 | 재적재  0 | 중계율 0.06 | alpha 1.267 | complete
Ep 84 | 드론4 목적지41 |  686스텝 | 배송 41/41 | 재적재  7 | 중계율 0.19 | alpha 1.257 | complete
Ep 85 | 드론5 목적지38 |  522스텝 | 배송 38/38 | 재적재  4 | 중계율 0.17 | alpha 1.256 | complete
Ep 86 | 드론5 목적지64 |  762스텝 | 배송 64/64 | 재적재 11 | 중계율 0.15 | alpha 1.250 | complete
Ep 87 | 드론5 목적지24 |  595스텝 | 배송 24/24 | 재적재  3 | 중계율 0.21 | alpha 1.238 | complete
Ep 88 | 드론5 목적지66 |  764스텝 | 배송 66/66 | 재적재 10 | 중계율 0.16 | alpha 1.222 | complete
Ep 89 | 드론6 목적지20 |  355스텝 | 배송 20/20 | 재적재  2 | 중계율 0.14 | alpha 1.206 | complete
Ep 90 | 드론6 목적지37 |  262스텝 | 배송 37/37 | 재적재  6 | 중계율 0.06 | alpha 1.196 | complete
Ep 91 | 드론4 목적지60 |  952스텝 | 배송 60/60 | 재적재 11 | 중계율 0.21 | alpha 1.164 | complete
Ep 92 | 드론3 목적지37 |  965스텝 | 배송 37/37 | 재적재  6 | 중계율 0.24 | alpha 1.141 | complete
Ep 93 | 드론4 목적지27 |  552스텝 | 배송 27/27 | 재적재  3 | 중계율 0.19 | alpha 1.141 | complete
Ep 94 | 드론4 목적지76 | 1000스텝 | 배송 63/76 | 재적재 11 | 중계율 0.20 | alpha 1.140 | step_limit
Ep 95 | 드론5 목적지30 |  270스텝 | 배송 30/30 | 재적재  4 | 중계율 0.05 | alpha 1.144 | complete
Ep 96 | 드론6 목적지34 |  413스텝 | 배송 34/34 | 재적재  6 | 중계율 0.13 | alpha 1.161 | complete
Ep 97 | 드론5 목적지35 |  524스텝 | 배송 35/35 | 재적재  5 | 중계율 0.18 | alpha 1.173 | complete
Ep 98 | 드론5 목적지39 |  456스텝 | 배송 39/39 | 재적재  6 | 중계율 0.11 | alpha 1.180 | complete
Ep 99 | 드론5 목적지69 | 1000스텝 | 배송 68/69 | 재적재 11 | 중계율 0.25 | alpha 1.204 | step_limit
Ep 100 | 드론6 목적지80 |  803스텝 | 배송 80/80 | 재적재 13 | 중계율 0.08 | alpha 1.188 | complete
  [홀드아웃] 배송 48.6±6.0 완주 0.88 스텝 1205 점수 93.5 재적재 8.2 2홉+ 0.67 | 최고 93.5@ep100 정체 0/15  ← 갱신
Ep 101 | 드론3 목적지62 | 1000스텝 | 배송 58/62 | 재적재 10 | 중계율 0.22 | alpha 1.191 | step_limit
Ep 102 | 드론4 목적지30 |  503스텝 | 배송 30/30 | 재적재  5 | 중계율 0.12 | alpha 1.180 | complete
Ep 103 | 드론5 목적지75 |  790스텝 | 배송 75/75 | 재적재 13 | 중계율 0.16 | alpha 1.163 | complete
Ep 104 | 드론4 목적지39 |  511스텝 | 배송 39/39 | 재적재  6 | 중계율 0.12 | alpha 1.148 | complete
Ep 105 | 드론5 목적지24 |  390스텝 | 배송 24/24 | 재적재  2 | 중계율 0.08 | alpha 1.130 | complete
Ep 106 | 드론5 목적지73 |  811스텝 | 배송 73/73 | 재적재 12 | 중계율 0.18 | alpha 1.127 | complete
Ep 107 | 드론5 목적지25 |  285스텝 | 배송 25/25 | 재적재  3 | 중계율 0.09 | alpha 1.123 | complete
Ep 108 | 드론3 목적지69 | 1000스텝 | 배송 55/69 | 재적재  9 | 중계율 0.27 | alpha 1.105 | step_limit
Ep 109 | 드론4 목적지25 |  448스텝 | 배송 25/25 | 재적재  4 | 중계율 0.10 | alpha 1.105 | complete
Ep 110 | 드론3 목적지26 |  897스텝 | 배송 26/26 | 재적재  3 | 중계율 0.27 | alpha 1.131 | complete
Ep 111 | 드론3 목적지21 |  427스텝 | 배송 21/21 | 재적재  3 | 중계율 0.15 | alpha 1.155 | complete
Ep 112 | 드론6 목적지31 |  337스텝 | 배송 31/31 | 재적재  4 | 중계율 0.12 | alpha 1.168 | complete
Ep 113 | 드론4 목적지57 | 1000스텝 | 배송 50/57 | 재적재  9 | 중계율 0.28 | alpha 1.207 | step_limit
Ep 114 | 드론6 목적지64 |  564스텝 | 배송 64/64 | 재적재 10 | 중계율 0.16 | alpha 1.218 | complete
Ep 115 | 드론5 목적지57 |  881스텝 | 배송 57/57 | 재적재  9 | 중계율 0.21 | alpha 1.222 | complete
Ep 116 | 드론3 목적지78 | 1000스텝 | 배송 62/78 | 재적재 10 | 중계율 0.22 | alpha 1.223 | step_limit
Ep 117 | 드론6 목적지76 |  929스텝 | 배송 76/76 | 재적재 14 | 중계율 0.23 | alpha 1.243 | complete
Ep 118 | 드론3 목적지59 | 1000스텝 | 배송 58/59 | 재적재  9 | 중계율 0.23 | alpha 1.278 | step_limit
Ep 119 | 드론4 목적지73 | 1000스텝 | 배송 68/73 | 재적재 10 | 중계율 0.20 | alpha 1.300 | step_limit
Ep 120 | 드론4 목적지68 | 1000스텝 | 배송 65/68 | 재적재 11 | 중계율 0.21 | alpha 1.314 | step_limit
Ep 121 | 드론6 목적지59 |  674스텝 | 배송 59/59 | 재적재 10 | 중계율 0.21 | alpha 1.318 | complete
Ep 122 | 드론6 목적지55 |  454스텝 | 배송 55/55 | 재적재  7 | 중계율 0.14 | alpha 1.306 | complete
Ep 123 | 드론4 목적지22 |  309스텝 | 배송 22/22 | 재적재  3 | 중계율 0.14 | alpha 1.292 | complete
Ep 124 | 드론3 목적지57 |  977스텝 | 배송 57/57 | 재적재 11 | 중계율 0.15 | alpha 1.270 | complete
Ep 125 | 드론3 목적지29 |  678스텝 | 배송 29/29 | 재적재  5 | 중계율 0.16 | alpha 1.257 | complete
Ep 126 | 드론6 목적지80 |  655스텝 | 배송 80/80 | 재적재 12 | 중계율 0.10 | alpha 1.261 | complete
Ep 127 | 드론6 목적지23 |  225스텝 | 배송 23/23 | 재적재  0 | 중계율 0.13 | alpha 1.262 | complete
Ep 128 | 드론4 목적지75 | 1000스텝 | 배송 64/75 | 재적재 11 | 중계율 0.23 | alpha 1.262 | step_limit
Ep 129 | 드론5 목적지31 |  832스텝 | 배송 31/31 | 재적재  5 | 중계율 0.21 | alpha 1.293 | complete
Ep 130 | 드론5 목적지26 |  249스텝 | 배송 26/26 | 재적재  2 | 중계율 0.07 | alpha 1.302 | complete
Ep 131 | 드론6 목적지57 |  565스텝 | 배송 57/57 | 재적재  9 | 중계율 0.15 | alpha 1.318 | complete
Ep 132 | 드론4 목적지51 | 1000스텝 | 배송 49/51 | 재적재  8 | 중계율 0.32 | alpha 1.360 | step_limit
Ep 133 | 드론6 목적지36 |  380스텝 | 배송 36/36 | 재적재  4 | 중계율 0.15 | alpha 1.370 | complete
Ep 134 | 드론5 목적지49 |  685스텝 | 배송 49/49 | 재적재  8 | 중계율 0.17 | alpha 1.412 | complete
Ep 135 | 드론4 목적지56 |  976스텝 | 배송 56/56 | 재적재  9 | 중계율 0.25 | alpha 1.449 | complete
Ep 136 | 드론3 목적지38 |  757스텝 | 배송 38/38 | 재적재  6 | 중계율 0.16 | alpha 1.459 | complete
Ep 137 | 드론6 목적지37 |  329스텝 | 배송 37/37 | 재적재  5 | 중계율 0.09 | alpha 1.454 | complete
Ep 138 | 드론5 목적지68 |  801스텝 | 배송 68/68 | 재적재 11 | 중계율 0.20 | alpha 1.437 | complete
Ep 139 | 드론3 목적지63 | 1000스텝 | 배송 57/63 | 재적재  9 | 중계율 0.19 | alpha 1.421 | step_limit
Ep 140 | 드론6 목적지64 |  529스텝 | 배송 64/64 | 재적재 10 | 중계율 0.14 | alpha 1.419 | complete
Ep 141 | 드론4 목적지48 |  780스텝 | 배송 48/48 | 재적재  9 | 중계율 0.19 | alpha 1.414 | complete
Ep 142 | 드론5 목적지69 |  645스텝 | 배송 69/69 | 재적재 11 | 중계율 0.17 | alpha 1.422 | complete
Ep 143 | 드론3 목적지58 | 1000스텝 | 배송 52/58 | 재적재  9 | 중계율 0.22 | alpha 1.419 | step_limit
Ep 144 | 드론6 목적지55 |  830스텝 | 배송 55/55 | 재적재  9 | 중계율 0.17 | alpha 1.415 | complete
Ep 145 | 드론3 목적지39 |  909스텝 | 배송 39/39 | 재적재  6 | 중계율 0.27 | alpha 1.418 | complete
Ep 146 | 드론3 목적지60 |  985스텝 | 배송 60/60 | 재적재 11 | 중계율 0.14 | alpha 1.440 | complete
Ep 147 | 드론4 목적지44 |  607스텝 | 배송 44/44 | 재적재  7 | 중계율 0.13 | alpha 1.441 | complete
Ep 148 | 드론6 목적지50 |  481스텝 | 배송 50/50 | 재적재  8 | 중계율 0.14 | alpha 1.452 | complete
Ep 149 | 드론3 목적지36 |  770스텝 | 배송 36/36 | 재적재  6 | 중계율 0.17 | alpha 1.477 | complete
Ep 150 | 드론5 목적지78 | 1000스텝 | 배송 72/78 | 재적재 13 | 중계율 0.20 | alpha 1.493 | step_limit
  [홀드아웃] 배송 49.9±0.6 완주 0.95 스텝 1143 점수 101.2 재적재 8.5 2홉+ 0.64 | 최고 101.2@ep150 정체 0/15  ← 갱신
Ep 151 | 드론4 목적지64 |  677스텝 | 배송 64/64 | 재적재 10 | 중계율 0.11 | alpha 1.493 | complete
Ep 152 | 드론6 목적지21 |  146스텝 | 배송 21/21 | 재적재  0 | 중계율 0.06 | alpha 1.492 | complete
Ep 153 | 드론5 목적지76 |  798스텝 | 배송 76/76 | 재적재 13 | 중계율 0.14 | alpha 1.481 | complete
Ep 154 | 드론3 목적지40 |  786스텝 | 배송 40/40 | 재적재  7 | 중계율 0.21 | alpha 1.454 | complete
Ep 155 | 드론4 목적지64 |  892스텝 | 배송 64/64 | 재적재 12 | 중계율 0.18 | alpha 1.444 | complete
Ep 156 | 드론5 목적지50 |  708스텝 | 배송 50/50 | 재적재  7 | 중계율 0.18 | alpha 1.460 | complete
Ep 157 | 드론3 목적지56 |  989스텝 | 배송 56/56 | 재적재 10 | 중계율 0.20 | alpha 1.461 | complete
Ep 158 | 드론6 목적지67 |  645스텝 | 배송 67/67 | 재적재 12 | 중계율 0.18 | alpha 1.449 | complete
Ep 159 | 드론5 목적지78 |  635스텝 | 배송 78/78 | 재적재 12 | 중계율 0.10 | alpha 1.450 | complete
Ep 160 | 드론5 목적지23 |  390스텝 | 배송 23/23 | 재적재  3 | 중계율 0.15 | alpha 1.449 | complete
Ep 161 | 드론6 목적지73 |  728스텝 | 배송 73/73 | 재적재 13 | 중계율 0.20 | alpha 1.452 | complete
Ep 162 | 드론4 목적지49 |  855스텝 | 배송 49/49 | 재적재  8 | 중계율 0.14 | alpha 1.454 | complete
Ep 163 | 드론5 목적지36 |  438스텝 | 배송 36/36 | 재적재  6 | 중계율 0.13 | alpha 1.469 | complete
Ep 164 | 드론5 목적지54 |  657스텝 | 배송 54/54 | 재적재  8 | 중계율 0.13 | alpha 1.501 | complete
Ep 165 | 드론6 목적지47 |  438스텝 | 배송 47/47 | 재적재  6 | 중계율 0.16 | alpha 1.515 | complete
Ep 166 | 드론5 목적지63 |  687스텝 | 배송 63/63 | 재적재 10 | 중계율 0.18 | alpha 1.521 | complete
Ep 167 | 드론5 목적지38 |  673스텝 | 배송 38/38 | 재적재  6 | 중계율 0.21 | alpha 1.527 | complete
Ep 168 | 드론5 목적지44 |  947스텝 | 배송 44/44 | 재적재  8 | 중계율 0.22 | alpha 1.535 | complete
Ep 169 | 드론5 목적지45 |  846스텝 | 배송 45/45 | 재적재  7 | 중계율 0.23 | alpha 1.537 | complete
Ep 170 | 드론4 목적지78 | 1000스텝 | 배송 74/78 | 재적재 13 | 중계율 0.18 | alpha 1.502 | step_limit
Ep 171 | 드론5 목적지34 |  413스텝 | 배송 34/34 | 재적재  5 | 중계율 0.15 | alpha 1.497 | complete
Ep 172 | 드론4 목적지48 |  904스텝 | 배송 48/48 | 재적재  7 | 중계율 0.16 | alpha 1.485 | complete
Ep 173 | 드론4 목적지64 | 1000스텝 | 배송 55/64 | 재적재  9 | 중계율 0.32 | alpha 1.490 | step_limit
Ep 174 | 드론5 목적지38 |  454스텝 | 배송 38/38 | 재적재  5 | 중계율 0.12 | alpha 1.495 | complete
Ep 175 | 드론4 목적지56 |  992스텝 | 배송 56/56 | 재적재 10 | 중계율 0.25 | alpha 1.515 | complete
Ep 176 | 드론3 목적지68 | 1000스텝 | 배송 55/68 | 재적재 10 | 중계율 0.29 | alpha 1.534 | step_limit
Ep 177 | 드론5 목적지74 |  723스텝 | 배송 74/74 | 재적재 13 | 중계율 0.14 | alpha 1.543 | complete
Ep 178 | 드론5 목적지37 |  578스텝 | 배송 37/37 | 재적재  5 | 중계율 0.14 | alpha 1.541 | complete
Ep 179 | 드론6 목적지48 |  637스텝 | 배송 48/48 | 재적재  8 | 중계율 0.15 | alpha 1.554 | complete
Ep 180 | 드론4 목적지61 | 1000스텝 | 배송 58/61 | 재적재 10 | 중계율 0.23 | alpha 1.536 | step_limit
Ep 181 | 드론3 목적지80 | 1000스텝 | 배송 56/80 | 재적재  9 | 중계율 0.28 | alpha 1.513 | step_limit
Ep 182 | 드론5 목적지31 |  612스텝 | 배송 31/31 | 재적재  4 | 중계율 0.18 | alpha 1.503 | complete
Ep 183 | 드론4 목적지53 |  963스텝 | 배송 53/53 | 재적재  8 | 중계율 0.21 | alpha 1.505 | complete
Ep 184 | 드론4 목적지64 | 1000스텝 | 배송 54/64 | 재적재  9 | 중계율 0.24 | alpha 1.493 | step_limit
Ep 185 | 드론3 목적지49 | 1000스텝 | 배송 42/49 | 재적재  7 | 중계율 0.13 | alpha 1.500 | step_limit
Ep 186 | 드론5 목적지47 |  566스텝 | 배송 47/47 | 재적재  7 | 중계율 0.18 | alpha 1.518 | complete
Ep 187 | 드론5 목적지59 |  907스텝 | 배송 59/59 | 재적재 10 | 중계율 0.23 | alpha 1.520 | complete
Ep 188 | 드론3 목적지33 |  907스텝 | 배송 33/33 | 재적재  6 | 중계율 0.21 | alpha 1.523 | complete
Ep 189 | 드론6 목적지35 |  360스텝 | 배송 35/35 | 재적재  5 | 중계율 0.10 | alpha 1.533 | complete
Ep 190 | 드론3 목적지30 |  630스텝 | 배송 30/30 | 재적재  5 | 중계율 0.18 | alpha 1.548 | complete
Ep 191 | 드론4 목적지70 | 1000스텝 | 배송 62/70 | 재적재 11 | 중계율 0.19 | alpha 1.555 | step_limit
Ep 192 | 드론5 목적지36 |  373스텝 | 배송 36/36 | 재적재  6 | 중계율 0.10 | alpha 1.582 | complete
Ep 193 | 드론3 목적지54 | 1000스텝 | 배송 43/54 | 재적재  8 | 중계율 0.27 | alpha 1.586 | step_limit
Ep 194 | 드론4 목적지76 | 1000스텝 | 배송 66/76 | 재적재 11 | 중계율 0.24 | alpha 1.582 | step_limit
Ep 195 | 드론5 목적지74 | 1000스텝 | 배송 73/74 | 재적재 12 | 중계율 0.30 | alpha 1.595 | step_limit
Ep 196 | 드론6 목적지70 |  820스텝 | 배송 70/70 | 재적재 13 | 중계율 0.19 | alpha 1.609 | complete
Ep 197 | 드론4 목적지34 | 1000스텝 | 배송 33/34 | 재적재  5 | 중계율 0.19 | alpha 1.605 | step_limit
Ep 198 | 드론3 목적지33 |  915스텝 | 배송 33/33 | 재적재  6 | 중계율 0.21 | alpha 1.574 | complete
Ep 199 | 드론6 목적지46 |  358스텝 | 배송 46/46 | 재적재  6 | 중계율 0.09 | alpha 1.553 | complete
Ep 200 | 드론6 목적지42 |  332스텝 | 배송 42/42 | 재적재  6 | 중계율 0.09 | alpha 1.540 | complete
  [홀드아웃] 배송 49.7±1.7 완주 0.95 스텝 1061 점수 101.5 재적재 8.4 2홉+ 0.63 | 최고 101.5@ep200 정체 0/15  ← 갱신
Ep 201 | 드론6 목적지51 |  439스텝 | 배송 51/51 | 재적재  7 | 중계율 0.12 | alpha 1.545 | complete
Ep 202 | 드론5 목적지32 |  451스텝 | 배송 32/32 | 재적재  3 | 중계율 0.18 | alpha 1.547 | complete
Ep 203 | 드론5 목적지30 |  392스텝 | 배송 30/30 | 재적재  4 | 중계율 0.15 | alpha 1.535 | complete
Ep 204 | 드론6 목적지73 |  998스텝 | 배송 73/73 | 재적재 13 | 중계율 0.18 | alpha 1.544 | complete
Ep 205 | 드론3 목적지44 |  767스텝 | 배송 44/44 | 재적재  7 | 중계율 0.21 | alpha 1.538 | complete
Ep 206 | 드론3 목적지26 |  531스텝 | 배송 26/26 | 재적재  4 | 중계율 0.12 | alpha 1.515 | complete
Ep 207 | 드론5 목적지40 |  538스텝 | 배송 40/40 | 재적재  7 | 중계율 0.12 | alpha 1.500 | complete
Ep 208 | 드론6 목적지35 |  327스텝 | 배송 35/35 | 재적재  4 | 중계율 0.17 | alpha 1.497 | complete
Ep 209 | 드론6 목적지75 |  700스텝 | 배송 75/75 | 재적재 12 | 중계율 0.11 | alpha 1.489 | complete
Ep 210 | 드론6 목적지56 |  741스텝 | 배송 56/56 | 재적재  9 | 중계율 0.18 | alpha 1.484 | complete
Ep 211 | 드론3 목적지26 |  546스텝 | 배송 26/26 | 재적재  4 | 중계율 0.15 | alpha 1.497 | complete
Ep 212 | 드론3 목적지58 |  993스텝 | 배송 58/58 | 재적재 10 | 중계율 0.19 | alpha 1.487 | complete
Ep 213 | 드론3 목적지44 | 1000스텝 | 배송 41/44 | 재적재  7 | 중계율 0.21 | alpha 1.500 | step_limit
Ep 214 | 드론3 목적지56 | 1000스텝 | 배송 46/56 | 재적재  8 | 중계율 0.17 | alpha 1.516 | step_limit
Ep 215 | 드론4 목적지64 | 1000스텝 | 배송 63/64 | 재적재 12 | 중계율 0.19 | alpha 1.542 | step_limit
Ep 216 | 드론5 목적지40 |  460스텝 | 배송 40/40 | 재적재  5 | 중계율 0.16 | alpha 1.548 | complete
Ep 217 | 드론6 목적지41 |  336스텝 | 배송 41/41 | 재적재  7 | 중계율 0.10 | alpha 1.553 | complete
Ep 218 | 드론3 목적지31 |  686스텝 | 배송 31/31 | 재적재  5 | 중계율 0.22 | alpha 1.544 | complete
Ep 219 | 드론4 목적지80 | 1000스텝 | 배송 74/80 | 재적재 13 | 중계율 0.22 | alpha 1.585 | step_limit
Ep 220 | 드론4 목적지53 |  789스텝 | 배송 53/53 | 재적재  9 | 중계율 0.20 | alpha 1.619 | complete
Ep 221 | 드론6 목적지72 |  537스텝 | 배송 72/72 | 재적재 12 | 중계율 0.12 | alpha 1.623 | complete
Ep 222 | 드론3 목적지27 |  632스텝 | 배송 27/27 | 재적재  3 | 중계율 0.26 | alpha 1.617 | complete
Ep 223 | 드론6 목적지22 |  211스텝 | 배송 22/22 | 재적재  0 | 중계율 0.11 | alpha 1.617 | complete
Ep 224 | 드론4 목적지62 |  897스텝 | 배송 62/62 | 재적재 10 | 중계율 0.17 | alpha 1.612 | complete
Ep 225 | 드론5 목적지58 |  791스텝 | 배송 58/58 | 재적재 10 | 중계율 0.11 | alpha 1.614 | complete
Ep 226 | 드론6 목적지37 |  494스텝 | 배송 37/37 | 재적재  4 | 중계율 0.21 | alpha 1.607 | complete
Ep 227 | 드론3 목적지49 |  944스텝 | 배송 49/49 | 재적재  8 | 중계율 0.23 | alpha 1.613 | complete
Ep 228 | 드론5 목적지72 |  664스텝 | 배송 72/72 | 재적재 13 | 중계율 0.11 | alpha 1.616 | complete
Ep 229 | 드론3 목적지77 | 1000스텝 | 배송 56/77 | 재적재 10 | 중계율 0.27 | alpha 1.595 | step_limit
Ep 230 | 드론6 목적지53 |  436스텝 | 배송 53/53 | 재적재  7 | 중계율 0.10 | alpha 1.587 | complete
Ep 231 | 드론5 목적지56 |  884스텝 | 배송 56/56 | 재적재  8 | 중계율 0.23 | alpha 1.603 | complete
Ep 232 | 드론3 목적지28 |  738스텝 | 배송 28/28 | 재적재  4 | 중계율 0.22 | alpha 1.587 | complete
Ep 233 | 드론5 목적지40 |  657스텝 | 배송 40/40 | 재적재  5 | 중계율 0.19 | alpha 1.587 | complete
Ep 234 | 드론5 목적지29 |  375스텝 | 배송 29/29 | 재적재  4 | 중계율 0.14 | alpha 1.594 | complete
Ep 235 | 드론6 목적지69 |  671스텝 | 배송 69/69 | 재적재 10 | 중계율 0.15 | alpha 1.602 | complete
Ep 236 | 드론4 목적지30 |  486스텝 | 배송 30/30 | 재적재  3 | 중계율 0.20 | alpha 1.602 | complete
Ep 237 | 드론5 목적지24 |  285스텝 | 배송 24/24 | 재적재  1 | 중계율 0.11 | alpha 1.593 | complete
Ep 238 | 드론5 목적지21 |  343스텝 | 배송 21/21 | 재적재  2 | 중계율 0.13 | alpha 1.605 | complete
Ep 239 | 드론5 목적지60 |  708스텝 | 배송 60/60 | 재적재 10 | 중계율 0.20 | alpha 1.604 | complete
Ep 240 | 드론6 목적지58 |  735스텝 | 배송 58/58 | 재적재  9 | 중계율 0.20 | alpha 1.617 | complete
Ep 241 | 드론3 목적지26 |  529스텝 | 배송 26/26 | 재적재  3 | 중계율 0.11 | alpha 1.606 | complete
Ep 242 | 드론4 목적지43 |  622스텝 | 배송 43/43 | 재적재  7 | 중계율 0.18 | alpha 1.591 | complete
Ep 243 | 드론5 목적지55 |  642스텝 | 배송 55/55 | 재적재  8 | 중계율 0.19 | alpha 1.581 | complete
Ep 244 | 드론6 목적지48 |  300스텝 | 배송 48/48 | 재적재  6 | 중계율 0.11 | alpha 1.567 | complete
Ep 245 | 드론6 목적지67 |  542스텝 | 배송 67/67 | 재적재 11 | 중계율 0.11 | alpha 1.556 | complete
Ep 246 | 드론4 목적지65 | 1000스텝 | 배송 64/65 | 재적재 10 | 중계율 0.22 | alpha 1.540 | step_limit
Ep 247 | 드론6 목적지49 |  559스텝 | 배송 49/49 | 재적재  7 | 중계율 0.18 | alpha 1.534 | complete
Ep 248 | 드론3 목적지41 |  911스텝 | 배송 41/41 | 재적재  6 | 중계율 0.28 | alpha 1.527 | complete
Ep 249 | 드론5 목적지26 |  219스텝 | 배송 26/26 | 재적재  2 | 중계율 0.09 | alpha 1.520 | complete
Ep 250 | 드론5 목적지43 |  532스텝 | 배송 43/43 | 재적재  6 | 중계율 0.15 | alpha 1.511 | complete
  [홀드아웃] 배송 49.6±2.7 완주 0.97 스텝 1064 점수 104.0 재적재 8.2 2홉+ 0.63 | 최고 104.0@ep250 정체 0/15  ← 갱신
Ep 251 | 드론5 목적지71 |  826스텝 | 배송 71/71 | 재적재 12 | 중계율 0.15 | alpha 1.505 | complete
Ep 252 | 드론3 목적지48 | 1000스텝 | 배송 35/48 | 재적재  5 | 중계율 0.33 | alpha 1.504 | step_limit
Ep 253 | 드론4 목적지30 |  473스텝 | 배송 30/30 | 재적재  4 | 중계율 0.15 | alpha 1.501 | complete
Ep 254 | 드론5 목적지26 |  524스텝 | 배송 26/26 | 재적재  3 | 중계율 0.23 | alpha 1.490 | complete
Ep 255 | 드론6 목적지69 |  622스텝 | 배송 69/69 | 재적재 10 | 중계율 0.14 | alpha 1.452 | complete
Ep 256 | 드론6 목적지33 |  425스텝 | 배송 33/33 | 재적재  3 | 중계율 0.19 | alpha 1.450 | complete
Ep 257 | 드론4 목적지55 | 1000스텝 | 배송 50/55 | 재적재  9 | 중계율 0.26 | alpha 1.445 | step_limit
Ep 258 | 드론5 목적지36 |  628스텝 | 배송 36/36 | 재적재  6 | 중계율 0.25 | alpha 1.434 | complete
Ep 259 | 드론4 목적지79 | 1000스텝 | 배송 76/79 | 재적재 13 | 중계율 0.18 | alpha 1.421 | step_limit
Ep 260 | 드론3 목적지41 | 1000스텝 | 배송 34/41 | 재적재  5 | 중계율 0.23 | alpha 1.420 | step_limit
Ep 261 | 드론6 목적지21 |  312스텝 | 배송 21/21 | 재적재  3 | 중계율 0.20 | alpha 1.422 | complete
Ep 262 | 드론3 목적지43 |  873스텝 | 배송 43/43 | 재적재  7 | 중계율 0.22 | alpha 1.432 | complete
Ep 263 | 드론5 목적지21 |  348스텝 | 배송 21/21 | 재적재  2 | 중계율 0.18 | alpha 1.433 | complete
Ep 264 | 드론6 목적지50 |  513스텝 | 배송 50/50 | 재적재  7 | 중계율 0.19 | alpha 1.439 | complete
Ep 265 | 드론3 목적지35 |  854스텝 | 배송 35/35 | 재적재  5 | 중계율 0.29 | alpha 1.430 | complete
Ep 266 | 드론4 목적지54 |  835스텝 | 배송 54/54 | 재적재  9 | 중계율 0.16 | alpha 1.432 | complete
Ep 267 | 드론5 목적지46 |  405스텝 | 배송 46/46 | 재적재  7 | 중계율 0.12 | alpha 1.434 | complete
Ep 268 | 드론3 목적지33 |  892스텝 | 배송 33/33 | 재적재  4 | 중계율 0.27 | alpha 1.458 | complete
Ep 269 | 드론3 목적지42 |  775스텝 | 배송 42/42 | 재적재  7 | 중계율 0.20 | alpha 1.468 | complete
Ep 270 | 드론4 목적지45 | 1000스텝 | 배송 44/45 | 재적재  8 | 중계율 0.25 | alpha 1.497 | step_limit
Ep 271 | 드론5 목적지37 |  376스텝 | 배송 37/37 | 재적재  5 | 중계율 0.16 | alpha 1.491 | complete
Ep 272 | 드론3 목적지47 | 1000스텝 | 배송 41/47 | 재적재  6 | 중계율 0.14 | alpha 1.492 | step_limit
Ep 273 | 드론6 목적지76 |  609스텝 | 배송 76/76 | 재적재 12 | 중계율 0.13 | alpha 1.511 | complete
Ep 274 | 드론6 목적지29 |  467스텝 | 배송 29/29 | 재적재  4 | 중계율 0.17 | alpha 1.515 | complete
Ep 275 | 드론4 목적지78 | 1000스텝 | 배송 73/78 | 재적재 12 | 중계율 0.28 | alpha 1.494 | step_limit
Ep 276 | 드론5 목적지49 |  641스텝 | 배송 49/49 | 재적재  8 | 중계율 0.14 | alpha 1.514 | complete
Ep 277 | 드론3 목적지67 | 1000스텝 | 배송 55/67 | 재적재 10 | 중계율 0.27 | alpha 1.505 | step_limit
Ep 278 | 드론4 목적지30 |  601스텝 | 배송 30/30 | 재적재  5 | 중계율 0.21 | alpha 1.500 | complete
Ep 279 | 드론6 목적지44 |  536스텝 | 배송 44/44 | 재적재  5 | 중계율 0.10 | alpha 1.478 | complete
Ep 280 | 드론4 목적지32 |  618스텝 | 배송 32/32 | 재적재  5 | 중계율 0.17 | alpha 1.460 | complete
Ep 281 | 드론4 목적지36 |  592스텝 | 배송 36/36 | 재적재  5 | 중계율 0.18 | alpha 1.450 | complete
Ep 282 | 드론4 목적지56 |  960스텝 | 배송 56/56 | 재적재  9 | 중계율 0.18 | alpha 1.446 | complete
Ep 283 | 드론4 목적지75 | 1000스텝 | 배송 68/75 | 재적재 12 | 중계율 0.13 | alpha 1.455 | step_limit
Ep 284 | 드론5 목적지21 |  315스텝 | 배송 21/21 | 재적재  2 | 중계율 0.11 | alpha 1.460 | complete
Ep 285 | 드론6 목적지72 |  558스텝 | 배송 72/72 | 재적재 11 | 중계율 0.11 | alpha 1.447 | complete
Ep 286 | 드론6 목적지78 |  539스텝 | 배송 78/78 | 재적재 14 | 중계율 0.11 | alpha 1.433 | complete
Ep 287 | 드론3 목적지39 |  715스텝 | 배송 39/39 | 재적재  7 | 중계율 0.17 | alpha 1.420 | complete
Ep 288 | 드론4 목적지39 |  579스텝 | 배송 39/39 | 재적재  6 | 중계율 0.10 | alpha 1.419 | complete
Ep 289 | 드론3 목적지49 | 1000스텝 | 배송 48/49 | 재적재  9 | 중계율 0.24 | alpha 1.440 | step_limit
Ep 290 | 드론4 목적지29 |  467스텝 | 배송 29/29 | 재적재  4 | 중계율 0.18 | alpha 1.471 | complete
Ep 291 | 드론5 목적지68 |  576스텝 | 배송 68/68 | 재적재 12 | 중계율 0.15 | alpha 1.478 | complete
Ep 292 | 드론3 목적지69 | 1000스텝 | 배송 62/69 | 재적재 11 | 중계율 0.18 | alpha 1.466 | step_limit
Ep 293 | 드론3 목적지38 |  855스텝 | 배송 38/38 | 재적재  6 | 중계율 0.21 | alpha 1.452 | complete
Ep 294 | 드론5 목적지41 |  402스텝 | 배송 41/41 | 재적재  5 | 중계율 0.16 | alpha 1.457 | complete
Ep 295 | 드론4 목적지35 |  673스텝 | 배송 35/35 | 재적재  5 | 중계율 0.22 | alpha 1.458 | complete
Ep 296 | 드론6 목적지49 |  436스텝 | 배송 49/49 | 재적재  7 | 중계율 0.12 | alpha 1.467 | complete
Ep 297 | 드론4 목적지78 | 1000스텝 | 배송 75/78 | 재적재 14 | 중계율 0.21 | alpha 1.485 | step_limit
Ep 298 | 드론4 목적지73 | 1000스텝 | 배송 64/73 | 재적재 11 | 중계율 0.21 | alpha 1.498 | step_limit
Ep 299 | 드론6 목적지75 |  511스텝 | 배송 75/75 | 재적재 11 | 중계율 0.10 | alpha 1.520 | complete
Ep 300 | 드론4 목적지39 |  602스텝 | 배송 39/39 | 재적재  6 | 중계율 0.20 | alpha 1.512 | complete
  [홀드아웃] 배송 49.9±0.6 완주 0.95 스텝 1054 점수 101.5 재적재 8.4 2홉+ 0.62 | 최고 104.0@ep250 정체 1/15
Ep 301 | 드론3 목적지69 | 1000스텝 | 배송 62/69 | 재적재 11 | 중계율 0.19 | alpha 1.485 | step_limit
Ep 302 | 드론6 목적지60 |  591스텝 | 배송 60/60 | 재적재 10 | 중계율 0.16 | alpha 1.481 | complete
Ep 303 | 드론4 목적지74 |  865스텝 | 배송 74/74 | 재적재 13 | 중계율 0.16 | alpha 1.484 | complete
Ep 304 | 드론4 목적지25 |  322스텝 | 배송 25/25 | 재적재  4 | 중계율 0.14 | alpha 1.474 | complete
Ep 305 | 드론3 목적지75 | 1000스텝 | 배송 55/75 | 재적재 11 | 중계율 0.21 | alpha 1.467 | step_limit
Ep 306 | 드론4 목적지29 |  405스텝 | 배송 29/29 | 재적재  4 | 중계율 0.18 | alpha 1.453 | complete
Ep 307 | 드론6 목적지29 |  216스텝 | 배송 29/29 | 재적재  1 | 중계율 0.11 | alpha 1.451 | complete
Ep 308 | 드론6 목적지35 |  262스텝 | 배송 35/35 | 재적재  4 | 중계율 0.08 | alpha 1.463 | complete
Ep 309 | 드론5 목적지37 |  465스텝 | 배송 37/37 | 재적재  6 | 중계율 0.19 | alpha 1.487 | complete
Ep 310 | 드론3 목적지74 | 1000스텝 | 배송 60/74 | 재적재 10 | 중계율 0.25 | alpha 1.496 | step_limit
Ep 311 | 드론6 목적지42 |  612스텝 | 배송 42/42 | 재적재  6 | 중계율 0.21 | alpha 1.493 | complete
Ep 312 | 드론6 목적지73 |  747스텝 | 배송 73/73 | 재적재 12 | 중계율 0.19 | alpha 1.503 | complete
Ep 313 | 드론4 목적지34 |  762스텝 | 배송 34/34 | 재적재  6 | 중계율 0.27 | alpha 1.510 | complete
Ep 314 | 드론3 목적지26 |  786스텝 | 배송 26/26 | 재적재  3 | 중계율 0.27 | alpha 1.508 | complete
Ep 315 | 드론6 목적지20 |  260스텝 | 배송 20/20 | 재적재  0 | 중계율 0.19 | alpha 1.496 | complete
Ep 316 | 드론5 목적지24 |  358스텝 | 배송 24/24 | 재적재  3 | 중계율 0.09 | alpha 1.481 | complete
Ep 317 | 드론6 목적지23 |  271스텝 | 배송 23/23 | 재적재  0 | 중계율 0.20 | alpha 1.489 | complete
Ep 318 | 드론3 목적지45 | 1000스텝 | 배송 40/45 | 재적재  8 | 중계율 0.20 | alpha 1.481 | step_limit
Ep 319 | 드론6 목적지52 |  804스텝 | 배송 52/52 | 재적재  8 | 중계율 0.16 | alpha 1.445 | complete
Ep 320 | 드론4 목적지25 |  379스텝 | 배송 25/25 | 재적재  4 | 중계율 0.11 | alpha 1.448 | complete
Ep 321 | 드론3 목적지34 |  726스텝 | 배송 34/34 | 재적재  5 | 중계율 0.27 | alpha 1.462 | complete
Ep 322 | 드론3 목적지33 |  603스텝 | 배송 33/33 | 재적재  4 | 중계율 0.14 | alpha 1.467 | complete
Ep 323 | 드론3 목적지35 | 1000스텝 | 배송 33/35 | 재적재  5 | 중계율 0.26 | alpha 1.440 | step_limit
Ep 324 | 드론5 목적지70 |  737스텝 | 배송 70/70 | 재적재 12 | 중계율 0.13 | alpha 1.425 | complete
Ep 325 | 드론3 목적지43 |  809스텝 | 배송 43/43 | 재적재  7 | 중계율 0.20 | alpha 1.430 | complete
Ep 326 | 드론5 목적지42 |  949스텝 | 배송 42/42 | 재적재  7 | 중계율 0.29 | alpha 1.443 | complete
Ep 327 | 드론6 목적지62 |  536스텝 | 배송 62/62 | 재적재 10 | 중계율 0.13 | alpha 1.433 | complete
Ep 328 | 드론3 목적지53 | 1000스텝 | 배송 48/53 | 재적재  9 | 중계율 0.18 | alpha 1.444 | step_limit
Ep 329 | 드론5 목적지31 |  445스텝 | 배송 31/31 | 재적재  3 | 중계율 0.16 | alpha 1.443 | complete
Ep 330 | 드론4 목적지65 |  903스텝 | 배송 65/65 | 재적재 12 | 중계율 0.21 | alpha 1.433 | complete
Ep 331 | 드론3 목적지25 |  712스텝 | 배송 25/25 | 재적재  4 | 중계율 0.13 | alpha 1.454 | complete
Ep 332 | 드론3 목적지79 | 1000스텝 | 배송 56/79 | 재적재 10 | 중계율 0.18 | alpha 1.461 | step_limit
Ep 333 | 드론4 목적지37 |  610스텝 | 배송 37/37 | 재적재  5 | 중계율 0.17 | alpha 1.450 | complete
Ep 334 | 드론3 목적지72 | 1000스텝 | 배송 69/72 | 재적재 12 | 중계율 0.18 | alpha 1.454 | step_limit
Ep 335 | 드론4 목적지23 |  338스텝 | 배송 23/23 | 재적재  3 | 중계율 0.16 | alpha 1.456 | complete
Ep 336 | 드론4 목적지57 | 1000스텝 | 배송 55/57 | 재적재  9 | 중계율 0.30 | alpha 1.469 | step_limit
Ep 337 | 드론4 목적지76 | 1000스텝 | 배송 66/76 | 재적재 12 | 중계율 0.21 | alpha 1.471 | step_limit
Ep 338 | 드론3 목적지30 |  912스텝 | 배송 30/30 | 재적재  4 | 중계율 0.29 | alpha 1.438 | complete
Ep 339 | 드론5 목적지73 |  582스텝 | 배송 73/73 | 재적재 11 | 중계율 0.10 | alpha 1.438 | complete
Ep 340 | 드론6 목적지34 |  402스텝 | 배송 34/34 | 재적재  3 | 중계율 0.10 | alpha 1.430 | complete
Ep 341 | 드론5 목적지26 |  575스텝 | 배송 26/26 | 재적재  4 | 중계율 0.24 | alpha 1.437 | complete
Ep 342 | 드론3 목적지46 |  858스텝 | 배송 46/46 | 재적재  8 | 중계율 0.17 | alpha 1.447 | complete
Ep 343 | 드론3 목적지50 |  912스텝 | 배송 50/50 | 재적재  9 | 중계율 0.21 | alpha 1.460 | complete
Ep 344 | 드론5 목적지28 |  385스텝 | 배송 28/28 | 재적재  3 | 중계율 0.10 | alpha 1.471 | complete
Ep 345 | 드론5 목적지61 |  644스텝 | 배송 61/61 | 재적재  9 | 중계율 0.19 | alpha 1.470 | complete
Ep 346 | 드론3 목적지29 |  754스텝 | 배송 29/29 | 재적재  4 | 중계율 0.29 | alpha 1.465 | complete
Ep 347 | 드론3 목적지42 |  847스텝 | 배송 42/42 | 재적재  7 | 중계율 0.26 | alpha 1.491 | complete
Ep 348 | 드론5 목적지53 |  646스텝 | 배송 53/53 | 재적재  9 | 중계율 0.15 | alpha 1.481 | complete
Ep 349 | 드론4 목적지62 | 1000스텝 | 배송 58/62 | 재적재 10 | 중계율 0.27 | alpha 1.465 | step_limit
Ep 350 | 드론4 목적지79 | 1000스텝 | 배송 70/79 | 재적재 13 | 중계율 0.19 | alpha 1.446 | step_limit
  [홀드아웃] 배송 49.7±1.7 완주 0.95 스텝 1027 점수 101.6 재적재 8.4 2홉+ 0.63 | 최고 104.0@ep250 정체 2/15
Ep 351 | 드론5 목적지65 |  714스텝 | 배송 65/65 | 재적재 11 | 중계율 0.16 | alpha 1.448 | complete
Ep 352 | 드론5 목적지36 |  374스텝 | 배송 36/36 | 재적재  5 | 중계율 0.13 | alpha 1.448 | complete
Ep 353 | 드론4 목적지62 |  985스텝 | 배송 62/62 | 재적재 10 | 중계율 0.15 | alpha 1.436 | complete
Ep 354 | 드론5 목적지35 |  357스텝 | 배송 35/35 | 재적재  5 | 중계율 0.07 | alpha 1.428 | complete
Ep 355 | 드론4 목적지24 |  342스텝 | 배송 24/24 | 재적재  3 | 중계율 0.13 | alpha 1.417 | complete
Ep 356 | 드론5 목적지62 |  878스텝 | 배송 62/62 | 재적재 12 | 중계율 0.28 | alpha 1.417 | complete
Ep 357 | 드론3 목적지21 |  578스텝 | 배송 21/21 | 재적재  3 | 중계율 0.15 | alpha 1.389 | complete
Ep 358 | 드론5 목적지26 |  332스텝 | 배송 26/26 | 재적재  3 | 중계율 0.14 | alpha 1.392 | complete
Ep 359 | 드론3 목적지52 | 1000스텝 | 배송 50/52 | 재적재  9 | 중계율 0.29 | alpha 1.383 | step_limit
Ep 360 | 드론6 목적지52 |  555스텝 | 배송 52/52 | 재적재  8 | 중계율 0.15 | alpha 1.393 | complete
Ep 361 | 드론4 목적지40 | 1000스텝 | 배송 39/40 | 재적재  7 | 중계율 0.16 | alpha 1.390 | step_limit
Ep 362 | 드론6 목적지52 | 1000스텝 | 배송 48/52 | 재적재  7 | 중계율 0.21 | alpha 1.381 | step_limit
Ep 363 | 드론6 목적지64 |  708스텝 | 배송 64/64 | 재적재 10 | 중계율 0.21 | alpha 1.391 | complete
Ep 364 | 드론3 목적지64 | 1000스텝 | 배송 55/64 | 재적재 10 | 중계율 0.24 | alpha 1.368 | step_limit
Ep 365 | 드론5 목적지69 |  833스텝 | 배송 69/69 | 재적재 12 | 중계율 0.17 | alpha 1.375 | complete
Ep 366 | 드론6 목적지61 |  452스텝 | 배송 61/61 | 재적재  9 | 중계율 0.07 | alpha 1.381 | complete
Ep 367 | 드론4 목적지53 |  654스텝 | 배송 53/53 | 재적재  9 | 중계율 0.11 | alpha 1.386 | complete
Ep 368 | 드론6 목적지73 |  623스텝 | 배송 73/73 | 재적재 12 | 중계율 0.08 | alpha 1.387 | complete
Ep 369 | 드론5 목적지30 |  379스텝 | 배송 30/30 | 재적재  4 | 중계율 0.12 | alpha 1.396 | complete
Ep 370 | 드론3 목적지71 | 1000스텝 | 배송 67/71 | 재적재 11 | 중계율 0.16 | alpha 1.416 | step_limit
Ep 371 | 드론4 목적지54 |  978스텝 | 배송 54/54 | 재적재  9 | 중계율 0.20 | alpha 1.428 | complete
Ep 372 | 드론6 목적지80 |  597스텝 | 배송 80/80 | 재적재 14 | 중계율 0.11 | alpha 1.451 | complete
Ep 373 | 드론3 목적지41 |  955스텝 | 배송 41/41 | 재적재  7 | 중계율 0.24 | alpha 1.447 | complete
Ep 374 | 드론3 목적지67 | 1000스텝 | 배송 64/67 | 재적재 11 | 중계율 0.19 | alpha 1.424 | step_limit
Ep 375 | 드론4 목적지62 | 1000스텝 | 배송 50/62 | 재적재  7 | 중계율 0.28 | alpha 1.423 | step_limit
Ep 376 | 드론5 목적지72 |  821스텝 | 배송 72/72 | 재적재 12 | 중계율 0.19 | alpha 1.403 | complete
Ep 377 | 드론6 목적지63 |  711스텝 | 배송 63/63 | 재적재 10 | 중계율 0.16 | alpha 1.389 | complete
Ep 378 | 드론5 목적지74 |  768스텝 | 배송 74/74 | 재적재 13 | 중계율 0.13 | alpha 1.393 | complete
Ep 379 | 드론4 목적지77 |  967스텝 | 배송 77/77 | 재적재 15 | 중계율 0.17 | alpha 1.395 | complete
Ep 380 | 드론4 목적지73 |  981스텝 | 배송 73/73 | 재적재 12 | 중계율 0.16 | alpha 1.407 | complete
Ep 381 | 드론5 목적지20 |  234스텝 | 배송 20/20 | 재적재  3 | 중계율 0.08 | alpha 1.405 | complete
Ep 382 | 드론3 목적지75 | 1000스텝 | 배송 61/75 | 재적재 11 | 중계율 0.20 | alpha 1.420 | step_limit
Ep 383 | 드론4 목적지52 |  927스텝 | 배송 52/52 | 재적재  9 | 중계율 0.19 | alpha 1.429 | complete
Ep 384 | 드론3 목적지77 | 1000스텝 | 배송 58/77 | 재적재 11 | 중계율 0.16 | alpha 1.436 | step_limit
Ep 385 | 드론3 목적지62 | 1000스텝 | 배송 55/62 | 재적재  9 | 중계율 0.28 | alpha 1.445 | step_limit
Ep 386 | 드론4 목적지80 | 1000스텝 | 배송 67/80 | 재적재 12 | 중계율 0.26 | alpha 1.472 | step_limit
Ep 387 | 드론4 목적지31 |  413스텝 | 배송 31/31 | 재적재  4 | 중계율 0.11 | alpha 1.489 | complete
Ep 388 | 드론4 목적지33 |  645스텝 | 배송 33/33 | 재적재  4 | 중계율 0.17 | alpha 1.483 | complete
Ep 389 | 드론5 목적지72 |  841스텝 | 배송 72/72 | 재적재 13 | 중계율 0.18 | alpha 1.469 | complete
Ep 390 | 드론5 목적지71 |  566스텝 | 배송 71/71 | 재적재 13 | 중계율 0.10 | alpha 1.460 | complete
Ep 391 | 드론5 목적지50 |  545스텝 | 배송 50/50 | 재적재  7 | 중계율 0.15 | alpha 1.456 | complete
Ep 392 | 드론6 목적지71 |  536스텝 | 배송 71/71 | 재적재 11 | 중계율 0.08 | alpha 1.442 | complete
Ep 393 | 드론6 목적지21 |  194스텝 | 배송 21/21 | 재적재  0 | 중계율 0.12 | alpha 1.440 | complete
Ep 394 | 드론6 목적지60 |  543스텝 | 배송 60/60 | 재적재 10 | 중계율 0.15 | alpha 1.456 | complete
Ep 395 | 드론5 목적지55 |  541스텝 | 배송 55/55 | 재적재  9 | 중계율 0.12 | alpha 1.448 | complete
Ep 396 | 드론5 목적지71 |  722스텝 | 배송 71/71 | 재적재 12 | 중계율 0.12 | alpha 1.413 | complete
Ep 397 | 드론4 목적지36 |  671스텝 | 배송 36/36 | 재적재  6 | 중계율 0.13 | alpha 1.394 | complete
Ep 398 | 드론4 목적지52 | 1000스텝 | 배송 51/52 | 재적재  8 | 중계율 0.16 | alpha 1.361 | step_limit
Ep 399 | 드론3 목적지46 |  863스텝 | 배송 46/46 | 재적재  9 | 중계율 0.20 | alpha 1.363 | complete
Ep 400 | 드론4 목적지34 |  462스텝 | 배송 34/34 | 재적재  5 | 중계율 0.16 | alpha 1.378 | complete
  [홀드아웃] 배송 50.0±0.0 완주 1.00 스텝 1046 점수 106.5 재적재 8.5 2홉+ 0.63 | 최고 106.5@ep400 정체 0/15  ← 갱신
Ep 401 | 드론3 목적지38 |  693스텝 | 배송 38/38 | 재적재  6 | 중계율 0.22 | alpha 1.389 | complete
Ep 402 | 드론5 목적지36 |  519스텝 | 배송 36/36 | 재적재  4 | 중계율 0.15 | alpha 1.400 | complete
Ep 403 | 드론4 목적지73 | 1000스텝 | 배송 72/73 | 재적재 13 | 중계율 0.19 | alpha 1.412 | step_limit
Ep 404 | 드론5 목적지70 |  897스텝 | 배송 70/70 | 재적재 13 | 중계율 0.20 | alpha 1.423 | complete
Ep 405 | 드론3 목적지25 |  752스텝 | 배송 25/25 | 재적재  4 | 중계율 0.22 | alpha 1.429 | complete
Ep 406 | 드론6 목적지58 |  537스텝 | 배송 58/58 | 재적재 10 | 중계율 0.12 | alpha 1.432 | complete
Ep 407 | 드론5 목적지70 |  621스텝 | 배송 70/70 | 재적재 12 | 중계율 0.13 | alpha 1.417 | complete
Ep 408 | 드론4 목적지40 |  401스텝 | 배송 40/40 | 재적재  6 | 중계율 0.10 | alpha 1.413 | complete
Ep 409 | 드론3 목적지30 |  483스텝 | 배송 30/30 | 재적재  4 | 중계율 0.13 | alpha 1.425 | complete
Ep 410 | 드론3 목적지63 |  883스텝 | 배송 63/63 | 재적재 12 | 중계율 0.18 | alpha 1.421 | complete
Ep 411 | 드론3 목적지48 |  896스텝 | 배송 48/48 | 재적재  8 | 중계율 0.20 | alpha 1.415 | complete
Ep 412 | 드론5 목적지34 |  560스텝 | 배송 34/34 | 재적재  4 | 중계율 0.15 | alpha 1.422 | complete
Ep 413 | 드론4 목적지22 |  342스텝 | 배송 22/22 | 재적재  3 | 중계율 0.12 | alpha 1.425 | complete
Ep 414 | 드론3 목적지51 | 1000스텝 | 배송 48/51 | 재적재  7 | 중계율 0.32 | alpha 1.406 | step_limit
Ep 415 | 드론6 목적지45 |  488스텝 | 배송 45/45 | 재적재  8 | 중계율 0.16 | alpha 1.406 | complete
Ep 416 | 드론4 목적지60 |  994스텝 | 배송 60/60 | 재적재 11 | 중계율 0.23 | alpha 1.408 | complete
Ep 417 | 드론3 목적지43 | 1000스텝 | 배송 38/43 | 재적재  7 | 중계율 0.29 | alpha 1.439 | step_limit
Ep 418 | 드론5 목적지75 | 1000스텝 | 배송 72/75 | 재적재 13 | 중계율 0.23 | alpha 1.436 | step_limit
Ep 419 | 드론6 목적지60 |  693스텝 | 배송 60/60 | 재적재  9 | 중계율 0.19 | alpha 1.431 | complete
Ep 420 | 드론3 목적지22 |  935스텝 | 배송 21/22 | 재적재  3 | 중계율 0.30 | alpha 1.442 | no_progress
Ep 421 | 드론5 목적지40 |  669스텝 | 배송 40/40 | 재적재  6 | 중계율 0.25 | alpha 1.452 | complete
Ep 422 | 드론6 목적지52 |  461스텝 | 배송 52/52 | 재적재  8 | 중계율 0.12 | alpha 1.439 | complete
Ep 423 | 드론4 목적지29 |  415스텝 | 배송 29/29 | 재적재  4 | 중계율 0.11 | alpha 1.427 | complete
Ep 424 | 드론4 목적지29 |  517스텝 | 배송 29/29 | 재적재  4 | 중계율 0.13 | alpha 1.430 | complete
Ep 425 | 드론3 목적지80 | 1000스텝 | 배송 66/80 | 재적재 12 | 중계율 0.21 | alpha 1.416 | step_limit
Ep 426 | 드론5 목적지78 |  745스텝 | 배송 78/78 | 재적재 12 | 중계율 0.12 | alpha 1.410 | complete
Ep 427 | 드론4 목적지46 | 1000스텝 | 배송 45/46 | 재적재  8 | 중계율 0.23 | alpha 1.414 | step_limit
Ep 428 | 드론5 목적지72 |  632스텝 | 배송 72/72 | 재적재 13 | 중계율 0.13 | alpha 1.400 | complete
Ep 429 | 드론4 목적지72 | 1000스텝 | 배송 68/72 | 재적재 11 | 중계율 0.26 | alpha 1.402 | step_limit
Ep 430 | 드론3 목적지78 | 1000스텝 | 배송 67/78 | 재적재 12 | 중계율 0.19 | alpha 1.392 | step_limit
Ep 431 | 드론4 목적지23 |  342스텝 | 배송 23/23 | 재적재  2 | 중계율 0.24 | alpha 1.387 | complete
Ep 432 | 드론6 목적지41 |  380스텝 | 배송 41/41 | 재적재  5 | 중계율 0.12 | alpha 1.384 | complete
Ep 433 | 드론3 목적지66 | 1000스텝 | 배송 56/66 | 재적재 11 | 중계율 0.24 | alpha 1.358 | step_limit
Ep 434 | 드론5 목적지62 |  682스텝 | 배송 62/62 | 재적재 10 | 중계율 0.19 | alpha 1.347 | complete
Ep 435 | 드론3 목적지32 |  782스텝 | 배송 32/32 | 재적재  4 | 중계율 0.24 | alpha 1.355 | complete
Ep 436 | 드론6 목적지65 |  566스텝 | 배송 65/65 | 재적재 11 | 중계율 0.10 | alpha 1.349 | complete
Ep 437 | 드론5 목적지61 |  666스텝 | 배송 61/61 | 재적재 11 | 중계율 0.10 | alpha 1.347 | complete
Ep 438 | 드론3 목적지37 |  742스텝 | 배송 37/37 | 재적재  5 | 중계율 0.21 | alpha 1.333 | complete
Ep 439 | 드론5 목적지49 |  611스텝 | 배송 49/49 | 재적재  7 | 중계율 0.13 | alpha 1.316 | complete
Ep 440 | 드론4 목적지42 |  782스텝 | 배송 42/42 | 재적재  7 | 중계율 0.21 | alpha 1.321 | complete
Ep 441 | 드론3 목적지54 | 1000스텝 | 배송 53/54 | 재적재  9 | 중계율 0.24 | alpha 1.331 | step_limit
Ep 442 | 드론6 목적지41 |  343스텝 | 배송 41/41 | 재적재  6 | 중계율 0.09 | alpha 1.335 | complete
Ep 443 | 드론4 목적지61 | 1000스텝 | 배송 60/61 | 재적재 11 | 중계율 0.24 | alpha 1.355 | step_limit
Ep 444 | 드론4 목적지55 |  646스텝 | 배송 55/55 | 재적재  9 | 중계율 0.17 | alpha 1.365 | complete
Ep 445 | 드론3 목적지49 |  910스텝 | 배송 49/49 | 재적재  9 | 중계율 0.24 | alpha 1.352 | complete
Ep 446 | 드론6 목적지72 |  551스텝 | 배송 72/72 | 재적재 12 | 중계율 0.10 | alpha 1.343 | complete
Ep 447 | 드론6 목적지40 |  483스텝 | 배송 40/40 | 재적재  6 | 중계율 0.19 | alpha 1.332 | complete
Ep 448 | 드론4 목적지71 | 1000스텝 | 배송 65/71 | 재적재 11 | 중계율 0.27 | alpha 1.320 | step_limit
Ep 449 | 드론5 목적지26 |  483스텝 | 배송 26/26 | 재적재  3 | 중계율 0.18 | alpha 1.320 | complete
Ep 450 | 드론3 목적지56 | 1000스텝 | 배송 50/56 | 재적재  9 | 중계율 0.26 | alpha 1.323 | step_limit
  [홀드아웃] 배송 50.0±0.2 완주 0.97 스텝 1046 점수 104.0 재적재 8.4 2홉+ 0.64 | 최고 106.5@ep400 정체 1/15
Ep 451 | 드론6 목적지51 |  611스텝 | 배송 51/51 | 재적재  9 | 중계율 0.19 | alpha 1.310 | complete
Ep 452 | 드론3 목적지34 |  502스텝 | 배송 34/34 | 재적재  6 | 중계율 0.13 | alpha 1.311 | complete
Ep 453 | 드론5 목적지47 |  434스텝 | 배송 47/47 | 재적재  7 | 중계율 0.13 | alpha 1.299 | complete
Ep 454 | 드론6 목적지70 |  917스텝 | 배송 70/70 | 재적재 13 | 중계율 0.23 | alpha 1.322 | complete
Ep 455 | 드론5 목적지44 |  581스텝 | 배송 44/44 | 재적재  6 | 중계율 0.17 | alpha 1.348 | complete
Ep 456 | 드론6 목적지49 |  412스텝 | 배송 49/49 | 재적재  9 | 중계율 0.11 | alpha 1.347 | complete
Ep 457 | 드론6 목적지56 |  351스텝 | 배송 56/56 | 재적재  7 | 중계율 0.08 | alpha 1.359 | complete
Ep 458 | 드론6 목적지42 |  660스텝 | 배송 42/42 | 재적재  7 | 중계율 0.19 | alpha 1.369 | complete
Ep 459 | 드론3 목적지45 |  878스텝 | 배송 45/45 | 재적재  8 | 중계율 0.14 | alpha 1.364 | complete
Ep 460 | 드론5 목적지73 |  756스텝 | 배송 73/73 | 재적재 13 | 중계율 0.14 | alpha 1.399 | complete
Ep 461 | 드론3 목적지30 |  727스텝 | 배송 30/30 | 재적재  4 | 중계율 0.24 | alpha 1.396 | complete
Ep 462 | 드론4 목적지64 |  748스텝 | 배송 64/64 | 재적재 11 | 중계율 0.15 | alpha 1.393 | complete
Ep 463 | 드론4 목적지63 | 1000스텝 | 배송 54/63 | 재적재  9 | 중계율 0.24 | alpha 1.387 | step_limit
Ep 464 | 드론3 목적지68 | 1000스텝 | 배송 57/68 | 재적재 10 | 중계율 0.22 | alpha 1.408 | step_limit
Ep 465 | 드론6 목적지63 |  659스텝 | 배송 63/63 | 재적재 12 | 중계율 0.16 | alpha 1.409 | complete
Ep 466 | 드론5 목적지65 |  842스텝 | 배송 65/65 | 재적재 11 | 중계율 0.16 | alpha 1.440 | complete
Ep 467 | 드론5 목적지57 |  684스텝 | 배송 57/57 | 재적재 10 | 중계율 0.17 | alpha 1.437 | complete
Ep 468 | 드론3 목적지35 |  572스텝 | 배송 35/35 | 재적재  5 | 중계율 0.17 | alpha 1.426 | complete
Ep 469 | 드론4 목적지46 | 1000스텝 | 배송 43/46 | 재적재  8 | 중계율 0.35 | alpha 1.415 | step_limit
Ep 470 | 드론6 목적지53 |  468스텝 | 배송 53/53 | 재적재  8 | 중계율 0.17 | alpha 1.424 | complete
Ep 471 | 드론6 목적지45 |  445스텝 | 배송 45/45 | 재적재  6 | 중계율 0.13 | alpha 1.414 | complete
Ep 472 | 드론4 목적지53 |  876스텝 | 배송 53/53 | 재적재  9 | 중계율 0.26 | alpha 1.416 | complete
Ep 473 | 드론5 목적지71 |  591스텝 | 배송 71/71 | 재적재 11 | 중계율 0.15 | alpha 1.432 | complete
Ep 474 | 드론5 목적지25 |  609스텝 | 배송 25/25 | 재적재  3 | 중계율 0.21 | alpha 1.415 | complete
Ep 475 | 드론5 목적지40 |  411스텝 | 배송 40/40 | 재적재  5 | 중계율 0.13 | alpha 1.412 | complete
Ep 476 | 드론3 목적지33 |  712스텝 | 배송 33/33 | 재적재  5 | 중계율 0.22 | alpha 1.433 | complete
Ep 477 | 드론3 목적지21 |  703스텝 | 배송 21/21 | 재적재  3 | 중계율 0.20 | alpha 1.456 | complete
Ep 478 | 드론5 목적지22 |  368스텝 | 배송 22/22 | 재적재  3 | 중계율 0.11 | alpha 1.483 | complete
Ep 479 | 드론6 목적지41 |  553스텝 | 배송 41/41 | 재적재  5 | 중계율 0.24 | alpha 1.516 | complete
Ep 480 | 드론4 목적지57 |  746스텝 | 배송 57/57 | 재적재 11 | 중계율 0.17 | alpha 1.509 | complete
Ep 481 | 드론3 목적지66 | 1000스텝 | 배송 60/66 | 재적재 10 | 중계율 0.23 | alpha 1.506 | step_limit
Ep 482 | 드론5 목적지76 |  910스텝 | 배송 76/76 | 재적재 14 | 중계율 0.20 | alpha 1.517 | complete
Ep 483 | 드론4 목적지28 |  432스텝 | 배송 28/28 | 재적재  4 | 중계율 0.15 | alpha 1.501 | complete
Ep 484 | 드론6 목적지35 |  511스텝 | 배송 35/35 | 재적재  5 | 중계율 0.11 | alpha 1.497 | complete
Ep 485 | 드론6 목적지44 |  465스텝 | 배송 44/44 | 재적재  8 | 중계율 0.15 | alpha 1.500 | complete
Ep 486 | 드론6 목적지75 |  543스텝 | 배송 75/75 | 재적재 12 | 중계율 0.10 | alpha 1.502 | complete
Ep 487 | 드론4 목적지75 |  967스텝 | 배송 75/75 | 재적재 14 | 중계율 0.17 | alpha 1.488 | complete
Ep 488 | 드론5 목적지60 |  804스텝 | 배송 60/60 | 재적재  9 | 중계율 0.20 | alpha 1.465 | complete
Ep 489 | 드론4 목적지80 |  823스텝 | 배송 80/80 | 재적재 14 | 중계율 0.16 | alpha 1.475 | complete
Ep 490 | 드론3 목적지30 |  802스텝 | 배송 30/30 | 재적재  5 | 중계율 0.23 | alpha 1.488 | complete
Ep 491 | 드론4 목적지59 | 1000스텝 | 배송 50/59 | 재적재  8 | 중계율 0.26 | alpha 1.501 | step_limit
Ep 492 | 드론3 목적지74 | 1000스텝 | 배송 60/74 | 재적재 10 | 중계율 0.25 | alpha 1.487 | step_limit
Ep 493 | 드론3 목적지47 |  961스텝 | 배송 47/47 | 재적재  9 | 중계율 0.30 | alpha 1.481 | complete
Ep 494 | 드론4 목적지52 |  893스텝 | 배송 52/52 | 재적재  9 | 중계율 0.16 | alpha 1.465 | complete
Ep 495 | 드론4 목적지54 |  857스텝 | 배송 54/54 | 재적재 10 | 중계율 0.24 | alpha 1.481 | complete
Ep 496 | 드론6 목적지56 |  482스텝 | 배송 56/56 | 재적재  7 | 중계율 0.16 | alpha 1.486 | complete
Ep 497 | 드론6 목적지73 |  649스텝 | 배송 73/73 | 재적재 12 | 중계율 0.20 | alpha 1.487 | complete
Ep 498 | 드론4 목적지22 |  258스텝 | 배송 22/22 | 재적재  3 | 중계율 0.11 | alpha 1.482 | complete
Ep 499 | 드론6 목적지55 |  532스텝 | 배송 55/55 | 재적재  9 | 중계율 0.15 | alpha 1.469 | complete
Ep 500 | 드론3 목적지55 | 1000스텝 | 배송 51/55 | 재적재 10 | 중계율 0.23 | alpha 1.472 | step_limit
  [홀드아웃] 배송 50.0±0.2 완주 0.97 스텝 1020 점수 104.1 재적재 8.5 2홉+ 0.62 | 최고 106.5@ep400 정체 2/15
Ep 501 | 드론6 목적지25 |  250스텝 | 배송 25/25 | 재적재  1 | 중계율 0.07 | alpha 1.481 | complete
Ep 502 | 드론3 목적지53 | 1000스텝 | 배송 51/53 | 재적재  9 | 중계율 0.28 | alpha 1.489 | step_limit
Ep 503 | 드론5 목적지73 |  804스텝 | 배송 73/73 | 재적재 14 | 중계율 0.15 | alpha 1.503 | complete
Ep 504 | 드론3 목적지60 | 1000스텝 | 배송 58/60 | 재적재 10 | 중계율 0.21 | alpha 1.495 | step_limit
Ep 505 | 드론4 목적지72 | 1000스텝 | 배송 67/72 | 재적재 11 | 중계율 0.21 | alpha 1.473 | step_limit
Ep 506 | 드론4 목적지76 | 1000스텝 | 배송 75/76 | 재적재 12 | 중계율 0.20 | alpha 1.449 | step_limit
Ep 507 | 드론6 목적지79 |  761스텝 | 배송 79/79 | 재적재 13 | 중계율 0.14 | alpha 1.442 | complete
Ep 508 | 드론6 목적지38 |  351스텝 | 배송 38/38 | 재적재  5 | 중계율 0.12 | alpha 1.430 | complete
Ep 509 | 드론4 목적지52 |  674스텝 | 배송 52/52 | 재적재  8 | 중계율 0.12 | alpha 1.420 | complete
Ep 510 | 드론4 목적지42 |  482스텝 | 배송 42/42 | 재적재  7 | 중계율 0.12 | alpha 1.408 | complete
Ep 511 | 드론4 목적지21 |  640스텝 | 배송 21/21 | 재적재  2 | 중계율 0.25 | alpha 1.386 | complete
Ep 512 | 드론4 목적지23 |  768스텝 | 배송 23/23 | 재적재  3 | 중계율 0.31 | alpha 1.380 | complete
Ep 513 | 드론3 목적지66 | 1000스텝 | 배송 58/66 | 재적재 10 | 중계율 0.20 | alpha 1.374 | step_limit
Ep 514 | 드론4 목적지38 |  701스텝 | 배송 38/38 | 재적재  6 | 중계율 0.24 | alpha 1.379 | complete
Ep 515 | 드론5 목적지23 |  282스텝 | 배송 23/23 | 재적재  3 | 중계율 0.18 | alpha 1.372 | complete
Ep 516 | 드론5 목적지34 |  555스텝 | 배송 34/34 | 재적재  5 | 중계율 0.19 | alpha 1.372 | complete
Ep 517 | 드론4 목적지73 | 1000스텝 | 배송 65/73 | 재적재 12 | 중계율 0.22 | alpha 1.397 | step_limit
Ep 518 | 드론5 목적지43 |  425스텝 | 배송 43/43 | 재적재  6 | 중계율 0.13 | alpha 1.410 | complete
Ep 519 | 드론4 목적지65 | 1000스텝 | 배송 63/65 | 재적재 11 | 중계율 0.26 | alpha 1.422 | step_limit
Ep 520 | 드론5 목적지55 |  650스텝 | 배송 55/55 | 재적재  9 | 중계율 0.16 | alpha 1.433 | complete
Ep 521 | 드론4 목적지62 |  815스텝 | 배송 62/62 | 재적재 12 | 중계율 0.18 | alpha 1.437 | complete
Ep 522 | 드론6 목적지37 |  358스텝 | 배송 37/37 | 재적재  5 | 중계율 0.13 | alpha 1.443 | complete
Ep 523 | 드론6 목적지66 |  524스텝 | 배송 66/66 | 재적재 10 | 중계율 0.11 | alpha 1.447 | complete
Ep 524 | 드론4 목적지57 |  556스텝 | 배송 57/57 | 재적재 10 | 중계율 0.09 | alpha 1.439 | complete
Ep 525 | 드론4 목적지39 |  584스텝 | 배송 39/39 | 재적재  7 | 중계율 0.14 | alpha 1.439 | complete
Ep 526 | 드론5 목적지73 |  738스텝 | 배송 73/73 | 재적재 14 | 중계율 0.18 | alpha 1.426 | complete
Ep 527 | 드론6 목적지58 |  422스텝 | 배송 58/58 | 재적재 10 | 중계율 0.10 | alpha 1.434 | complete
Ep 528 | 드론5 목적지46 |  434스텝 | 배송 46/46 | 재적재  7 | 중계율 0.12 | alpha 1.446 | complete
Ep 529 | 드론6 목적지20 |  182스텝 | 배송 20/20 | 재적재  0 | 중계율 0.11 | alpha 1.452 | complete
Ep 530 | 드론6 목적지72 |  618스텝 | 배송 72/72 | 재적재 13 | 중계율 0.12 | alpha 1.459 | complete
Ep 531 | 드론3 목적지21 |  620스텝 | 배송 21/21 | 재적재  3 | 중계율 0.24 | alpha 1.440 | complete
Ep 532 | 드론5 목적지32 |  489스텝 | 배송 32/32 | 재적재  4 | 중계율 0.19 | alpha 1.430 | complete
Ep 533 | 드론4 목적지79 | 1000스텝 | 배송 78/79 | 재적재 13 | 중계율 0.21 | alpha 1.442 | step_limit
Ep 534 | 드론6 목적지56 |  567스텝 | 배송 56/56 | 재적재 10 | 중계율 0.15 | alpha 1.432 | complete
Ep 535 | 드론3 목적지68 | 1000스텝 | 배송 60/68 | 재적재 11 | 중계율 0.25 | alpha 1.440 | step_limit
Ep 536 | 드론5 목적지57 |  853스텝 | 배송 57/57 | 재적재 10 | 중계율 0.23 | alpha 1.456 | complete
Ep 537 | 드론4 목적지49 |  816스텝 | 배송 49/49 | 재적재  8 | 중계율 0.25 | alpha 1.480 | complete
Ep 538 | 드론4 목적지38 |  823스텝 | 배송 38/38 | 재적재  6 | 중계율 0.24 | alpha 1.476 | complete
Ep 539 | 드론5 목적지79 |  809스텝 | 배송 79/79 | 재적재 14 | 중계율 0.17 | alpha 1.467 | complete
Ep 540 | 드론6 목적지70 |  526스텝 | 배송 70/70 | 재적재 11 | 중계율 0.10 | alpha 1.465 | complete
Ep 541 | 드론5 목적지77 |  812스텝 | 배송 77/77 | 재적재 14 | 중계율 0.14 | alpha 1.457 | complete
Ep 542 | 드론5 목적지53 |  614스텝 | 배송 53/53 | 재적재  9 | 중계율 0.18 | alpha 1.455 | complete
Ep 543 | 드론3 목적지49 | 1000스텝 | 배송 43/49 | 재적재  8 | 중계율 0.25 | alpha 1.473 | step_limit
Ep 544 | 드론6 목적지68 |  590스텝 | 배송 68/68 | 재적재 13 | 중계율 0.17 | alpha 1.477 | complete
Ep 545 | 드론6 목적지56 |  486스텝 | 배송 56/56 | 재적재 10 | 중계율 0.16 | alpha 1.470 | complete
Ep 546 | 드론6 목적지75 |  723스텝 | 배송 75/75 | 재적재 12 | 중계율 0.12 | alpha 1.454 | complete
Ep 547 | 드론4 목적지71 | 1000스텝 | 배송 61/71 | 재적재  9 | 중계율 0.28 | alpha 1.416 | step_limit
Ep 548 | 드론4 목적지80 |  929스텝 | 배송 80/80 | 재적재 15 | 중계율 0.16 | alpha 1.422 | complete
Ep 549 | 드론5 목적지38 |  372스텝 | 배송 38/38 | 재적재  5 | 중계율 0.13 | alpha 1.427 | complete
Ep 550 | 드론5 목적지49 |  653스텝 | 배송 49/49 | 재적재  7 | 중계율 0.13 | alpha 1.441 | complete
  [홀드아웃] 배송 49.8±1.0 완주 0.95 스텝 1027 점수 101.6 재적재 8.4 2홉+ 0.63 | 최고 106.5@ep400 정체 3/15
Ep 551 | 드론3 목적지56 |  984스텝 | 배송 56/56 | 재적재 10 | 중계율 0.21 | alpha 1.444 | complete
Ep 552 | 드론6 목적지27 |  340스텝 | 배송 27/27 | 재적재  2 | 중계율 0.15 | alpha 1.450 | complete
Ep 553 | 드론3 목적지46 |  767스텝 | 배송 46/46 | 재적재  8 | 중계율 0.15 | alpha 1.445 | complete
Ep 554 | 드론5 목적지72 |  766스텝 | 배송 72/72 | 재적재 12 | 중계율 0.13 | alpha 1.443 | complete
Ep 555 | 드론3 목적지68 | 1000스텝 | 배송 55/68 | 재적재  8 | 중계율 0.26 | alpha 1.426 | step_limit
Ep 556 | 드론4 목적지30 |  528스텝 | 배송 30/30 | 재적재  4 | 중계율 0.20 | alpha 1.419 | complete
Ep 557 | 드론4 목적지46 |  576스텝 | 배송 46/46 | 재적재  7 | 중계율 0.13 | alpha 1.412 | complete
Ep 558 | 드론5 목적지66 | 1000스텝 | 배송 65/66 | 재적재 10 | 중계율 0.24 | alpha 1.427 | step_limit
Ep 559 | 드론6 목적지78 |  929스텝 | 배송 78/78 | 재적재 13 | 중계율 0.18 | alpha 1.466 | complete
Ep 560 | 드론3 목적지22 |  738스텝 | 배송 22/22 | 재적재  3 | 중계율 0.20 | alpha 1.484 | complete
Ep 561 | 드론4 목적지29 |  292스텝 | 배송 29/29 | 재적재  4 | 중계율 0.08 | alpha 1.481 | complete
Ep 562 | 드론5 목적지71 |  731스텝 | 배송 71/71 | 재적재 13 | 중계율 0.09 | alpha 1.506 | complete
Ep 563 | 드론6 목적지61 |  608스텝 | 배송 61/61 | 재적재 10 | 중계율 0.16 | alpha 1.512 | complete
Ep 564 | 드론6 목적지44 |  469스텝 | 배송 44/44 | 재적재  6 | 중계율 0.10 | alpha 1.511 | complete
Ep 565 | 드론6 목적지21 |  169스텝 | 배송 21/21 | 재적재  0 | 중계율 0.14 | alpha 1.513 | complete
Ep 566 | 드론5 목적지23 |  343스텝 | 배송 23/23 | 재적재  2 | 중계율 0.10 | alpha 1.514 | complete
Ep 567 | 드론6 목적지57 |  393스텝 | 배송 57/57 | 재적재  8 | 중계율 0.08 | alpha 1.520 | complete
Ep 568 | 드론6 목적지23 |  219스텝 | 배송 23/23 | 재적재  0 | 중계율 0.14 | alpha 1.523 | complete
Ep 569 | 드론5 목적지79 | 1000스텝 | 배송 76/79 | 재적재 13 | 중계율 0.21 | alpha 1.505 | step_limit
Ep 570 | 드론5 목적지70 |  738스텝 | 배송 70/70 | 재적재 13 | 중계율 0.13 | alpha 1.490 | complete
Ep 571 | 드론6 목적지78 |  620스텝 | 배송 78/78 | 재적재 13 | 중계율 0.09 | alpha 1.481 | complete
Ep 572 | 드론5 목적지70 |  591스텝 | 배송 70/70 | 재적재 11 | 중계율 0.13 | alpha 1.479 | complete
Ep 573 | 드론3 목적지77 | 1000스텝 | 배송 58/77 | 재적재 10 | 중계율 0.24 | alpha 1.472 | step_limit
Ep 574 | 드론5 목적지34 |  407스텝 | 배송 34/34 | 재적재  4 | 중계율 0.18 | alpha 1.489 | complete
Ep 575 | 드론3 목적지21 |  513스텝 | 배송 21/21 | 재적재  3 | 중계율 0.14 | alpha 1.458 | complete
Ep 576 | 드론4 목적지39 |  502스텝 | 배송 39/39 | 재적재  7 | 중계율 0.11 | alpha 1.449 | complete
Ep 577 | 드론6 목적지53 |  591스텝 | 배송 53/53 | 재적재  9 | 중계율 0.16 | alpha 1.435 | complete
Ep 578 | 드론5 목적지29 |  383스텝 | 배송 29/29 | 재적재  3 | 중계율 0.11 | alpha 1.429 | complete
Ep 579 | 드론4 목적지67 |  934스텝 | 배송 67/67 | 재적재 12 | 중계율 0.20 | alpha 1.414 | complete
Ep 580 | 드론5 목적지39 |  810스텝 | 배송 39/39 | 재적재  6 | 중계율 0.24 | alpha 1.420 | complete
Ep 581 | 드론4 목적지25 |  490스텝 | 배송 25/25 | 재적재  3 | 중계율 0.16 | alpha 1.421 | complete
Ep 582 | 드론3 목적지27 |  631스텝 | 배송 27/27 | 재적재  4 | 중계율 0.21 | alpha 1.420 | complete
Ep 583 | 드론3 목적지67 | 1000스텝 | 배송 60/67 | 재적재 12 | 중계율 0.21 | alpha 1.416 | step_limit
Ep 584 | 드론5 목적지70 | 1000스텝 | 배송 69/70 | 재적재 13 | 중계율 0.20 | alpha 1.413 | step_limit
Ep 585 | 드론3 목적지50 |  992스텝 | 배송 50/50 | 재적재  9 | 중계율 0.20 | alpha 1.426 | complete
Ep 586 | 드론3 목적지55 | 1000스텝 | 배송 50/55 | 재적재  9 | 중계율 0.32 | alpha 1.431 | step_limit
Ep 587 | 드론6 목적지46 |  388스텝 | 배송 46/46 | 재적재  5 | 중계율 0.15 | alpha 1.428 | complete
Ep 588 | 드론3 목적지39 |  732스텝 | 배송 39/39 | 재적재  6 | 중계율 0.24 | alpha 1.419 | complete
Ep 589 | 드론6 목적지48 |  513스텝 | 배송 48/48 | 재적재  8 | 중계율 0.14 | alpha 1.412 | complete
Ep 590 | 드론4 목적지55 |  695스텝 | 배송 55/55 | 재적재 10 | 중계율 0.17 | alpha 1.424 | complete
Ep 591 | 드론3 목적지70 | 1000스텝 | 배송 63/70 | 재적재 11 | 중계율 0.19 | alpha 1.424 | step_limit
Ep 592 | 드론3 목적지45 | 1000스텝 | 배송 44/45 | 재적재  7 | 중계율 0.24 | alpha 1.442 | step_limit
Ep 593 | 드론4 목적지27 |  444스텝 | 배송 27/27 | 재적재  4 | 중계율 0.10 | alpha 1.428 | complete
Ep 594 | 드론4 목적지77 | 1000스텝 | 배송 59/77 | 재적재  8 | 중계율 0.30 | alpha 1.427 | step_limit
Ep 595 | 드론5 목적지64 | 1000스텝 | 배송 61/64 | 재적재 10 | 중계율 0.20 | alpha 1.420 | step_limit
Ep 596 | 드론3 목적지66 | 1000스텝 | 배송 52/66 | 재적재  9 | 중계율 0.21 | alpha 1.415 | step_limit
Ep 597 | 드론5 목적지31 |  399스텝 | 배송 31/31 | 재적재  5 | 중계율 0.17 | alpha 1.402 | complete
Ep 598 | 드론5 목적지64 | 1000스텝 | 배송 60/64 | 재적재  9 | 중계율 0.24 | alpha 1.395 | step_limit
Ep 599 | 드론3 목적지39 |  915스텝 | 배송 39/39 | 재적재  7 | 중계율 0.29 | alpha 1.397 | complete
Ep 600 | 드론6 목적지80 |  863스텝 | 배송 80/80 | 재적재 14 | 중계율 0.15 | alpha 1.424 | complete
  [홀드아웃] 배송 49.6±1.8 완주 0.93 스텝 990 점수 99.2 재적재 8.3 2홉+ 0.63 | 최고 106.5@ep400 정체 4/15
Ep 601 | 드론4 목적지28 |  526스텝 | 배송 28/28 | 재적재  4 | 중계율 0.20 | alpha 1.431 | complete
Ep 602 | 드론4 목적지78 |  890스텝 | 배송 78/78 | 재적재 15 | 중계율 0.15 | alpha 1.477 | complete
Ep 603 | 드론4 목적지64 | 1000스텝 | 배송 55/64 | 재적재 11 | 중계율 0.29 | alpha 1.490 | step_limit
Ep 604 | 드론5 목적지68 |  875스텝 | 배송 68/68 | 재적재 12 | 중계율 0.16 | alpha 1.485 | complete
Ep 605 | 드론5 목적지55 |  670스텝 | 배송 55/55 | 재적재  8 | 중계율 0.18 | alpha 1.471 | complete
Ep 606 | 드론6 목적지69 |  546스텝 | 배송 69/69 | 재적재 11 | 중계율 0.08 | alpha 1.476 | complete
Ep 607 | 드론3 목적지31 |  971스텝 | 배송 31/31 | 재적재  5 | 중계율 0.25 | alpha 1.468 | complete
Ep 608 | 드론4 목적지59 | 1000스텝 | 배송 56/59 | 재적재  9 | 중계율 0.27 | alpha 1.462 | step_limit
Ep 609 | 드론5 목적지56 |  848스텝 | 배송 56/56 | 재적재 10 | 중계율 0.22 | alpha 1.463 | complete
Ep 610 | 드론4 목적지59 |  906스텝 | 배송 59/59 | 재적재 10 | 중계율 0.23 | alpha 1.458 | complete
Ep 611 | 드론3 목적지21 |  495스텝 | 배송 21/21 | 재적재  3 | 중계율 0.19 | alpha 1.448 | complete
Ep 612 | 드론4 목적지27 |  577스텝 | 배송 27/27 | 재적재  4 | 중계율 0.16 | alpha 1.449 | complete
Ep 613 | 드론4 목적지80 | 1000스텝 | 배송 76/80 | 재적재 14 | 중계율 0.17 | alpha 1.424 | step_limit
Ep 614 | 드론4 목적지54 |  944스텝 | 배송 54/54 | 재적재  9 | 중계율 0.21 | alpha 1.453 | complete
Ep 615 | 드론3 목적지56 | 1000스텝 | 배송 55/56 | 재적재 10 | 중계율 0.20 | alpha 1.447 | step_limit
Ep 616 | 드론6 목적지71 | 1000스텝 | 배송 65/71 | 재적재 11 | 중계율 0.23 | alpha 1.452 | step_limit
Ep 617 | 드론4 목적지67 | 1000스텝 | 배송 59/67 | 재적재 10 | 중계율 0.21 | alpha 1.447 | step_limit
Ep 618 | 드론4 목적지52 |  847스텝 | 배송 52/52 | 재적재 10 | 중계율 0.18 | alpha 1.461 | complete
Ep 619 | 드론5 목적지54 |  444스텝 | 배송 54/54 | 재적재  8 | 중계율 0.12 | alpha 1.451 | complete
Ep 620 | 드론5 목적지66 |  714스텝 | 배송 66/66 | 재적재 10 | 중계율 0.17 | alpha 1.473 | complete
Ep 621 | 드론3 목적지46 | 1000스텝 | 배송 43/46 | 재적재  7 | 중계율 0.16 | alpha 1.451 | step_limit
Ep 622 | 드론4 목적지28 |  789스텝 | 배송 28/28 | 재적재  5 | 중계율 0.25 | alpha 1.442 | complete
Ep 623 | 드론6 목적지44 |  392스텝 | 배송 44/44 | 재적재  6 | 중계율 0.07 | alpha 1.436 | complete
Ep 624 | 드론3 목적지42 |  823스텝 | 배송 42/42 | 재적재  8 | 중계율 0.17 | alpha 1.418 | complete
Ep 625 | 드론4 목적지37 |  546스텝 | 배송 37/37 | 재적재  6 | 중계율 0.10 | alpha 1.415 | complete
Ep 626 | 드론4 목적지68 |  936스텝 | 배송 68/68 | 재적재 13 | 중계율 0.17 | alpha 1.421 | complete
Ep 627 | 드론6 목적지27 |  197스텝 | 배송 27/27 | 재적재  1 | 중계율 0.11 | alpha 1.428 | complete
Ep 628 | 드론6 목적지38 |  353스텝 | 배송 38/38 | 재적재  5 | 중계율 0.08 | alpha 1.440 | complete
Ep 629 | 드론5 목적지57 |  477스텝 | 배송 57/57 | 재적재 10 | 중계율 0.09 | alpha 1.434 | complete
Ep 630 | 드론3 목적지73 | 1000스텝 | 배송 61/73 | 재적재 11 | 중계율 0.20 | alpha 1.453 | step_limit
Ep 631 | 드론4 목적지58 | 1000스텝 | 배송 45/58 | 재적재  9 | 중계율 0.29 | alpha 1.456 | step_limit
Ep 632 | 드론6 목적지36 |  345스텝 | 배송 36/36 | 재적재  6 | 중계율 0.09 | alpha 1.431 | complete
Ep 633 | 드론3 목적지46 | 1000스텝 | 배송 45/46 | 재적재  8 | 중계율 0.25 | alpha 1.423 | step_limit
Ep 634 | 드론4 목적지25 |  503스텝 | 배송 25/25 | 재적재  4 | 중계율 0.11 | alpha 1.444 | complete
Ep 635 | 드론4 목적지39 |  638스텝 | 배송 39/39 | 재적재  6 | 중계율 0.17 | alpha 1.447 | complete
Ep 636 | 드론6 목적지28 |  263스텝 | 배송 28/28 | 재적재  2 | 중계율 0.09 | alpha 1.444 | complete
Ep 637 | 드론6 목적지39 |  362스텝 | 배송 39/39 | 재적재  6 | 중계율 0.13 | alpha 1.443 | complete
Ep 638 | 드론4 목적지46 | 1000스텝 | 배송 43/46 | 재적재  8 | 중계율 0.27 | alpha 1.432 | step_limit
Ep 639 | 드론6 목적지21 |  198스텝 | 배송 21/21 | 재적재  0 | 중계율 0.09 | alpha 1.427 | complete
Ep 640 | 드론3 목적지55 | 1000스텝 | 배송 54/55 | 재적재  9 | 중계율 0.30 | alpha 1.395 | step_limit
Ep 641 | 드론4 목적지74 | 1000스텝 | 배송 58/74 | 재적재 11 | 중계율 0.23 | alpha 1.387 | step_limit
Ep 642 | 드론4 목적지24 |  690스텝 | 배송 24/24 | 재적재  3 | 중계율 0.19 | alpha 1.388 | complete
Ep 643 | 드론5 목적지57 |  648스텝 | 배송 57/57 | 재적재 10 | 중계율 0.13 | alpha 1.418 | complete
Ep 644 | 드론4 목적지45 |  893스텝 | 배송 45/45 | 재적재  8 | 중계율 0.24 | alpha 1.405 | complete
Ep 645 | 드론3 목적지48 |  890스텝 | 배송 48/48 | 재적재  9 | 중계율 0.22 | alpha 1.383 | complete
Ep 646 | 드론4 목적지25 |  417스텝 | 배송 25/25 | 재적재  3 | 중계율 0.23 | alpha 1.384 | complete
Ep 647 | 드론4 목적지26 |  442스텝 | 배송 26/26 | 재적재  3 | 중계율 0.16 | alpha 1.388 | complete
Ep 648 | 드론4 목적지48 |  560스텝 | 배송 48/48 | 재적재  9 | 중계율 0.09 | alpha 1.417 | complete
Ep 649 | 드론6 목적지69 |  512스텝 | 배송 69/69 | 재적재 11 | 중계율 0.11 | alpha 1.437 | complete
Ep 650 | 드론4 목적지64 |  898스텝 | 배송 64/64 | 재적재 12 | 중계율 0.18 | alpha 1.432 | complete
  [홀드아웃] 배송 50.0±0.0 완주 1.00 스텝 1006 점수 106.6 재적재 8.4 2홉+ 0.63 | 최고 106.6@ep650 정체 0/15  ← 갱신
Ep 651 | 드론5 목적지77 |  893스텝 | 배송 77/77 | 재적재 14 | 중계율 0.24 | alpha 1.438 | complete
Ep 652 | 드론4 목적지32 |  718스텝 | 배송 32/32 | 재적재  5 | 중계율 0.25 | alpha 1.431 | complete
Ep 653 | 드론4 목적지77 | 1000스텝 | 배송 72/77 | 재적재 12 | 중계율 0.23 | alpha 1.425 | step_limit
Ep 654 | 드론6 목적지21 |  246스텝 | 배송 21/21 | 재적재  1 | 중계율 0.13 | alpha 1.430 | complete
Ep 655 | 드론4 목적지28 |  494스텝 | 배송 28/28 | 재적재  4 | 중계율 0.15 | alpha 1.430 | complete
Ep 656 | 드론4 목적지50 |  813스텝 | 배송 50/50 | 재적재  7 | 중계율 0.22 | alpha 1.431 | complete
Ep 657 | 드론5 목적지62 |  594스텝 | 배송 62/62 | 재적재 11 | 중계율 0.12 | alpha 1.412 | complete
Ep 658 | 드론3 목적지50 | 1000스텝 | 배송 40/50 | 재적재  7 | 중계율 0.23 | alpha 1.421 | step_limit
Ep 659 | 드론5 목적지39 |  405스텝 | 배송 39/39 | 재적재  6 | 중계율 0.07 | alpha 1.415 | complete
Ep 660 | 드론5 목적지65 |  680스텝 | 배송 65/65 | 재적재 11 | 중계율 0.09 | alpha 1.394 | complete
Ep 661 | 드론6 목적지20 |  160스텝 | 배송 20/20 | 재적재  0 | 중계율 0.07 | alpha 1.390 | complete
Ep 662 | 드론6 목적지46 |  354스텝 | 배송 46/46 | 재적재  6 | 중계율 0.09 | alpha 1.394 | complete
Ep 663 | 드론4 목적지78 | 1000스텝 | 배송 71/78 | 재적재 14 | 중계율 0.16 | alpha 1.398 | step_limit
Ep 664 | 드론4 목적지28 |  434스텝 | 배송 28/28 | 재적재  3 | 중계율 0.20 | alpha 1.383 | complete
Ep 665 | 드론3 목적지25 |  525스텝 | 배송 25/25 | 재적재  3 | 중계율 0.23 | alpha 1.397 | complete
Ep 666 | 드론5 목적지74 |  803스텝 | 배송 74/74 | 재적재 12 | 중계율 0.17 | alpha 1.417 | complete
Ep 667 | 드론4 목적지50 |  637스텝 | 배송 50/50 | 재적재  9 | 중계율 0.12 | alpha 1.424 | complete
Ep 668 | 드론6 목적지80 |  617스텝 | 배송 80/80 | 재적재 12 | 중계율 0.14 | alpha 1.416 | complete
Ep 669 | 드론5 목적지53 |  606스텝 | 배송 53/53 | 재적재  9 | 중계율 0.15 | alpha 1.424 | complete
Ep 670 | 드론3 목적지68 | 1000스텝 | 배송 59/68 | 재적재 11 | 중계율 0.25 | alpha 1.395 | step_limit
Ep 671 | 드론3 목적지60 | 1000스텝 | 배송 45/60 | 재적재  8 | 중계율 0.24 | alpha 1.386 | step_limit
Ep 672 | 드론3 목적지50 |  901스텝 | 배송 50/50 | 재적재  8 | 중계율 0.21 | alpha 1.396 | complete
Ep 673 | 드론6 목적지54 |  532스텝 | 배송 54/54 | 재적재  8 | 중계율 0.16 | alpha 1.419 | complete
Ep 674 | 드론6 목적지73 |  660스텝 | 배송 73/73 | 재적재 12 | 중계율 0.11 | alpha 1.405 | complete
Ep 675 | 드론4 목적지74 | 1000스텝 | 배송 72/74 | 재적재 12 | 중계율 0.11 | alpha 1.402 | step_limit
Ep 676 | 드론4 목적지46 |  864스텝 | 배송 46/46 | 재적재  8 | 중계율 0.23 | alpha 1.417 | complete
Ep 677 | 드론3 목적지79 | 1000스텝 | 배송 61/79 | 재적재 11 | 중계율 0.20 | alpha 1.420 | step_limit
Ep 678 | 드론5 목적지41 |  574스텝 | 배송 41/41 | 재적재  7 | 중계율 0.18 | alpha 1.418 | complete
Ep 679 | 드론5 목적지58 |  891스텝 | 배송 58/58 | 재적재  9 | 중계율 0.18 | alpha 1.406 | complete
Ep 680 | 드론3 목적지31 |  937스텝 | 배송 31/31 | 재적재  5 | 중계율 0.18 | alpha 1.382 | complete
Ep 681 | 드론6 목적지65 |  620스텝 | 배송 65/65 | 재적재 11 | 중계율 0.15 | alpha 1.379 | complete
Ep 682 | 드론4 목적지72 | 1000스텝 | 배송 71/72 | 재적재 13 | 중계율 0.19 | alpha 1.418 | step_limit
Ep 683 | 드론6 목적지52 |  548스텝 | 배송 52/52 | 재적재  9 | 중계율 0.14 | alpha 1.409 | complete
Ep 684 | 드론3 목적지40 | 1000스텝 | 배송 39/40 | 재적재  7 | 중계율 0.26 | alpha 1.415 | step_limit
Ep 685 | 드론4 목적지74 | 1000스텝 | 배송 57/74 | 재적재 10 | 중계율 0.19 | alpha 1.411 | step_limit
Ep 686 | 드론6 목적지58 |  506스텝 | 배송 58/58 | 재적재  9 | 중계율 0.12 | alpha 1.416 | complete
Ep 687 | 드론4 목적지46 | 1000스텝 | 배송 41/46 | 재적재  6 | 중계율 0.33 | alpha 1.408 | step_limit
Ep 688 | 드론6 목적지33 |  398스텝 | 배송 33/33 | 재적재  4 | 중계율 0.11 | alpha 1.412 | complete
Ep 689 | 드론5 목적지80 | 1000스텝 | 배송 79/80 | 재적재 15 | 중계율 0.20 | alpha 1.406 | step_limit
Ep 690 | 드론3 목적지26 |  657스텝 | 배송 26/26 | 재적재  4 | 중계율 0.14 | alpha 1.410 | complete
Ep 691 | 드론4 목적지40 |  642스텝 | 배송 40/40 | 재적재  7 | 중계율 0.15 | alpha 1.405 | complete
Ep 692 | 드론3 목적지49 |  908스텝 | 배송 49/49 | 재적재  9 | 중계율 0.21 | alpha 1.398 | complete
Ep 693 | 드론5 목적지56 |  668스텝 | 배송 56/56 | 재적재 10 | 중계율 0.18 | alpha 1.396 | complete
Ep 694 | 드론4 목적지69 |  779스텝 | 배송 69/69 | 재적재 12 | 중계율 0.13 | alpha 1.382 | complete
Ep 695 | 드론5 목적지32 |  314스텝 | 배송 32/32 | 재적재  5 | 중계율 0.11 | alpha 1.377 | complete
Ep 696 | 드론4 목적지48 |  881스텝 | 배송 48/48 | 재적재  9 | 중계율 0.20 | alpha 1.392 | complete
Ep 697 | 드론3 목적지58 |  971스텝 | 배송 58/58 | 재적재 10 | 중계율 0.20 | alpha 1.420 | complete
Ep 698 | 드론5 목적지65 |  704스텝 | 배송 65/65 | 재적재 11 | 중계율 0.20 | alpha 1.412 | complete
Ep 699 | 드론5 목적지44 |  645스텝 | 배송 44/44 | 재적재  7 | 중계율 0.19 | alpha 1.426 | complete
Ep 700 | 드론6 목적지40 |  400스텝 | 배송 40/40 | 재적재  5 | 중계율 0.16 | alpha 1.442 | complete
  [홀드아웃] 배송 50.0±0.2 완주 0.97 스텝 973 점수 104.3 재적재 8.6 2홉+ 0.62 | 최고 106.6@ep650 정체 1/15
Ep 701 | 드론6 목적지26 |  456스텝 | 배송 26/26 | 재적재  2 | 중계율 0.18 | alpha 1.444 | complete
Ep 702 | 드론3 목적지66 |  988스텝 | 배송 66/66 | 재적재 12 | 중계율 0.17 | alpha 1.404 | complete
Ep 703 | 드론4 목적지25 |  555스텝 | 배송 25/25 | 재적재  4 | 중계율 0.18 | alpha 1.387 | complete
Ep 704 | 드론6 목적지35 |  300스텝 | 배송 35/35 | 재적재  5 | 중계율 0.08 | alpha 1.387 | complete
Ep 705 | 드론4 목적지24 |  320스텝 | 배송 24/24 | 재적재  3 | 중계율 0.08 | alpha 1.390 | complete
Ep 706 | 드론3 목적지64 | 1000스텝 | 배송 63/64 | 재적재 11 | 중계율 0.18 | alpha 1.401 | step_limit
Ep 707 | 드론4 목적지24 |  375스텝 | 배송 24/24 | 재적재  4 | 중계율 0.13 | alpha 1.393 | complete
Ep 708 | 드론6 목적지68 |  654스텝 | 배송 68/68 | 재적재 12 | 중계율 0.10 | alpha 1.414 | complete
Ep 709 | 드론4 목적지57 |  917스텝 | 배송 57/57 | 재적재 10 | 중계율 0.21 | alpha 1.402 | complete
Ep 710 | 드론6 목적지78 |  579스텝 | 배송 78/78 | 재적재 12 | 중계율 0.12 | alpha 1.385 | complete
Ep 711 | 드론6 목적지34 |  613스텝 | 배송 34/34 | 재적재  4 | 중계율 0.18 | alpha 1.372 | complete
Ep 712 | 드론4 목적지21 |  380스텝 | 배송 21/21 | 재적재  3 | 중계율 0.15 | alpha 1.372 | complete
Ep 713 | 드론3 목적지63 | 1000스텝 | 배송 53/63 | 재적재 10 | 중계율 0.26 | alpha 1.366 | step_limit
Ep 714 | 드론3 목적지64 | 1000스텝 | 배송 61/64 | 재적재 11 | 중계율 0.18 | alpha 1.360 | step_limit
Ep 715 | 드론5 목적지43 |  344스텝 | 배송 43/43 | 재적재  5 | 중계율 0.05 | alpha 1.349 | complete
Ep 716 | 드론3 목적지39 | 1000스텝 | 배송 32/39 | 재적재  6 | 중계율 0.31 | alpha 1.365 | step_limit
Ep 717 | 드론4 목적지67 |  798스텝 | 배송 67/67 | 재적재 12 | 중계율 0.16 | alpha 1.356 | complete
Ep 718 | 드론5 목적지68 |  779스텝 | 배송 68/68 | 재적재 12 | 중계율 0.18 | alpha 1.358 | complete
Ep 719 | 드론5 목적지67 |  677스텝 | 배송 67/67 | 재적재 12 | 중계율 0.15 | alpha 1.365 | complete
Ep 720 | 드론3 목적지49 |  651스텝 | 배송 49/49 | 재적재  8 | 중계율 0.10 | alpha 1.350 | complete
Ep 721 | 드론4 목적지29 |  377스텝 | 배송 29/29 | 재적재  4 | 중계율 0.15 | alpha 1.354 | complete
Ep 722 | 드론6 목적지59 |  489스텝 | 배송 59/59 | 재적재 10 | 중계율 0.11 | alpha 1.362 | complete
Ep 723 | 드론5 목적지70 |  715스텝 | 배송 70/70 | 재적재 11 | 중계율 0.12 | alpha 1.397 | complete
Ep 724 | 드론4 목적지69 |  869스텝 | 배송 69/69 | 재적재 12 | 중계율 0.18 | alpha 1.394 | complete
Ep 725 | 드론4 목적지62 | 1000스텝 | 배송 57/62 | 재적재  9 | 중계율 0.26 | alpha 1.392 | step_limit
Ep 726 | 드론6 목적지56 |  433스텝 | 배송 56/56 | 재적재  9 | 중계율 0.11 | alpha 1.377 | complete
Ep 727 | 드론3 목적지57 |  857스텝 | 배송 57/57 | 재적재 10 | 중계율 0.15 | alpha 1.360 | complete
Ep 728 | 드론6 목적지43 |  461스텝 | 배송 43/43 | 재적재  6 | 중계율 0.19 | alpha 1.374 | complete
Ep 729 | 드론5 목적지77 |  649스텝 | 배송 77/77 | 재적재 13 | 중계율 0.11 | alpha 1.389 | complete
Ep 730 | 드론4 목적지27 |  580스텝 | 배송 27/27 | 재적재  4 | 중계율 0.14 | alpha 1.401 | complete
Ep 731 | 드론4 목적지80 |  952스텝 | 배송 80/80 | 재적재 13 | 중계율 0.18 | alpha 1.418 | complete
Ep 732 | 드론3 목적지80 | 1000스텝 | 배송 66/80 | 재적재 13 | 중계율 0.21 | alpha 1.404 | step_limit
Ep 733 | 드론5 목적지64 |  631스텝 | 배송 64/64 | 재적재 11 | 중계율 0.12 | alpha 1.378 | complete
Ep 734 | 드론3 목적지38 |  623스텝 | 배송 38/38 | 재적재  6 | 중계율 0.12 | alpha 1.377 | complete
Ep 735 | 드론5 목적지63 | 1000스텝 | 배송 62/63 | 재적재 10 | 중계율 0.20 | alpha 1.361 | step_limit
Ep 736 | 드론4 목적지52 |  736스텝 | 배송 52/52 | 재적재  9 | 중계율 0.17 | alpha 1.354 | complete
Ep 737 | 드론3 목적지41 |  728스텝 | 배송 41/41 | 재적재  7 | 중계율 0.18 | alpha 1.351 | complete
Ep 738 | 드론5 목적지49 |  677스텝 | 배송 49/49 | 재적재  7 | 중계율 0.17 | alpha 1.356 | complete
Ep 739 | 드론4 목적지27 |  467스텝 | 배송 27/27 | 재적재  4 | 중계율 0.12 | alpha 1.347 | complete
Ep 740 | 드론3 목적지32 |  804스텝 | 배송 32/32 | 재적재  5 | 중계율 0.21 | alpha 1.338 | complete
Ep 741 | 드론4 목적지25 |  383스텝 | 배송 25/25 | 재적재  2 | 중계율 0.15 | alpha 1.332 | complete
Ep 742 | 드론3 목적지48 |  987스텝 | 배송 48/48 | 재적재  9 | 중계율 0.21 | alpha 1.365 | complete
Ep 743 | 드론5 목적지54 |  451스텝 | 배송 54/54 | 재적재 10 | 중계율 0.08 | alpha 1.370 | complete
Ep 744 | 드론5 목적지24 |  549스텝 | 배송 24/24 | 재적재  3 | 중계율 0.16 | alpha 1.377 | complete
Ep 745 | 드론6 목적지37 |  323스텝 | 배송 37/37 | 재적재  5 | 중계율 0.13 | alpha 1.386 | complete
Ep 746 | 드론4 목적지50 |  877스텝 | 배송 50/50 | 재적재  8 | 중계율 0.24 | alpha 1.393 | complete
Ep 747 | 드론3 목적지78 | 1000스텝 | 배송 60/78 | 재적재 10 | 중계율 0.26 | alpha 1.414 | step_limit
Ep 748 | 드론4 목적지33 |  431스텝 | 배송 33/33 | 재적재  4 | 중계율 0.16 | alpha 1.409 | complete
Ep 749 | 드론4 목적지20 |  566스텝 | 배송 20/20 | 재적재  1 | 중계율 0.23 | alpha 1.426 | complete
Ep 750 | 드론5 목적지80 |  734스텝 | 배송 80/80 | 재적재 14 | 중계율 0.12 | alpha 1.443 | complete
  [홀드아웃] 배송 49.8±0.8 완주 0.95 스텝 977 점수 101.7 재적재 8.2 2홉+ 0.62 | 최고 106.6@ep650 정체 2/15
Ep 751 | 드론6 목적지29 |  301스텝 | 배송 29/29 | 재적재  3 | 중계율 0.09 | alpha 1.444 | complete
Ep 752 | 드론5 목적지21 |  338스텝 | 배송 21/21 | 재적재  2 | 중계율 0.20 | alpha 1.462 | complete
Ep 753 | 드론6 목적지21 |  346스텝 | 배송 21/21 | 재적재  1 | 중계율 0.13 | alpha 1.451 | complete
Ep 754 | 드론5 목적지39 |  464스텝 | 배송 39/39 | 재적재  5 | 중계율 0.11 | alpha 1.457 | complete
Ep 755 | 드론3 목적지68 | 1000스텝 | 배송 55/68 | 재적재  9 | 중계율 0.24 | alpha 1.444 | step_limit
Ep 756 | 드론3 목적지80 | 1000스텝 | 배송 58/80 | 재적재 10 | 중계율 0.20 | alpha 1.439 | step_limit
Ep 757 | 드론5 목적지62 |  584스텝 | 배송 62/62 | 재적재 11 | 중계율 0.08 | alpha 1.453 | complete
Ep 758 | 드론5 목적지36 |  548스텝 | 배송 36/36 | 재적재  5 | 중계율 0.19 | alpha 1.443 | complete
Ep 759 | 드론6 목적지46 |  400스텝 | 배송 46/46 | 재적재  5 | 중계율 0.09 | alpha 1.437 | complete
Ep 760 | 드론3 목적지23 |  824스텝 | 배송 23/23 | 재적재  3 | 중계율 0.23 | alpha 1.415 | complete
Ep 761 | 드론6 목적지36 |  257스텝 | 배송 36/36 | 재적재  4 | 중계율 0.07 | alpha 1.410 | complete
Ep 762 | 드론3 목적지66 | 1000스텝 | 배송 62/66 | 재적재 11 | 중계율 0.20 | alpha 1.399 | step_limit
Ep 763 | 드론3 목적지24 |  538스텝 | 배송 24/24 | 재적재  3 | 중계율 0.16 | alpha 1.407 | complete
Ep 764 | 드론3 목적지27 |  613스텝 | 배송 27/27 | 재적재  3 | 중계율 0.14 | alpha 1.393 | complete
Ep 765 | 드론5 목적지43 |  458스텝 | 배송 43/43 | 재적재  8 | 중계율 0.07 | alpha 1.379 | complete
Ep 766 | 드론3 목적지25 |  496스텝 | 배송 25/25 | 재적재  3 | 중계율 0.25 | alpha 1.376 | complete
Ep 767 | 드론3 목적지65 | 1000스텝 | 배송 63/65 | 재적재 11 | 중계율 0.30 | alpha 1.403 | step_limit
Ep 768 | 드론3 목적지50 |  925스텝 | 배송 50/50 | 재적재  9 | 중계율 0.17 | alpha 1.391 | complete
Ep 769 | 드론5 목적지40 |  516스텝 | 배송 40/40 | 재적재  7 | 중계율 0.18 | alpha 1.373 | complete
Ep 770 | 드론6 목적지58 |  555스텝 | 배송 58/58 | 재적재  9 | 중계율 0.14 | alpha 1.394 | complete
Ep 771 | 드론3 목적지28 |  705스텝 | 배송 28/28 | 재적재  4 | 중계율 0.20 | alpha 1.382 | complete
Ep 772 | 드론5 목적지53 |  590스텝 | 배송 53/53 | 재적재  9 | 중계율 0.11 | alpha 1.371 | complete
Ep 773 | 드론3 목적지60 | 1000스텝 | 배송 55/60 | 재적재  9 | 중계율 0.26 | alpha 1.386 | step_limit
Ep 774 | 드론4 목적지60 | 1000스텝 | 배송 55/60 | 재적재  9 | 중계율 0.30 | alpha 1.384 | step_limit
Ep 775 | 드론3 목적지62 | 1000스텝 | 배송 60/62 | 재적재 12 | 중계율 0.19 | alpha 1.378 | step_limit
Ep 776 | 드론3 목적지47 | 1000스텝 | 배송 46/47 | 재적재  8 | 중계율 0.24 | alpha 1.386 | step_limit
Ep 777 | 드론3 목적지77 | 1000스텝 | 배송 72/77 | 재적재 13 | 중계율 0.12 | alpha 1.344 | step_limit
Ep 778 | 드론3 목적지29 |  660스텝 | 배송 29/29 | 재적재  4 | 중계율 0.25 | alpha 1.350 | complete
Ep 779 | 드론4 목적지79 | 1000스텝 | 배송 62/79 | 재적재 12 | 중계율 0.28 | alpha 1.379 | step_limit
Ep 780 | 드론6 목적지50 |  531스텝 | 배송 50/50 | 재적재  8 | 중계율 0.14 | alpha 1.406 | complete
Ep 781 | 드론3 목적지53 | 1000스텝 | 배송 50/53 | 재적재  9 | 중계율 0.30 | alpha 1.407 | step_limit
Ep 782 | 드론3 목적지35 |  800스텝 | 배송 35/35 | 재적재  6 | 중계율 0.29 | alpha 1.402 | complete
Ep 783 | 드론6 목적지55 |  436스텝 | 배송 55/55 | 재적재  8 | 중계율 0.13 | alpha 1.403 | complete
Ep 784 | 드론3 목적지53 | 1000스텝 | 배송 46/53 | 재적재  8 | 중계율 0.20 | alpha 1.398 | step_limit
Ep 785 | 드론6 목적지56 |  587스텝 | 배송 56/56 | 재적재  9 | 중계율 0.22 | alpha 1.379 | complete
Ep 786 | 드론4 목적지73 | 1000스텝 | 배송 66/73 | 재적재 11 | 중계율 0.25 | alpha 1.378 | step_limit
Ep 787 | 드론5 목적지70 |  756스텝 | 배송 70/70 | 재적재 12 | 중계율 0.17 | alpha 1.374 | complete
Ep 788 | 드론4 목적지31 |  578스텝 | 배송 31/31 | 재적재  3 | 중계율 0.15 | alpha 1.398 | complete
Ep 789 | 드론4 목적지40 |  711스텝 | 배송 40/40 | 재적재  6 | 중계율 0.21 | alpha 1.406 | complete
Ep 790 | 드론6 목적지29 |  294스텝 | 배송 29/29 | 재적재  4 | 중계율 0.14 | alpha 1.417 | complete
Ep 791 | 드론6 목적지38 |  576스텝 | 배송 38/38 | 재적재  5 | 중계율 0.14 | alpha 1.405 | complete
Ep 792 | 드론6 목적지77 |  553스텝 | 배송 77/77 | 재적재 12 | 중계율 0.11 | alpha 1.404 | complete
Ep 793 | 드론3 목적지71 | 1000스텝 | 배송 67/71 | 재적재 13 | 중계율 0.16 | alpha 1.390 | step_limit
Ep 794 | 드론3 목적지33 |  605스텝 | 배송 33/33 | 재적재  5 | 중계율 0.15 | alpha 1.382 | complete
Ep 795 | 드론4 목적지76 | 1000스텝 | 배송 66/76 | 재적재 11 | 중계율 0.30 | alpha 1.374 | step_limit
Ep 796 | 드론4 목적지65 | 1000스텝 | 배송 63/65 | 재적재 12 | 중계율 0.19 | alpha 1.354 | step_limit
Ep 797 | 드론5 목적지72 |  788스텝 | 배송 72/72 | 재적재 13 | 중계율 0.14 | alpha 1.360 | complete
Ep 798 | 드론5 목적지54 |  926스텝 | 배송 54/54 | 재적재  8 | 중계율 0.24 | alpha 1.328 | complete
Ep 799 | 드론3 목적지35 |  975스텝 | 배송 35/35 | 재적재  6 | 중계율 0.24 | alpha 1.321 | complete
Ep 800 | 드론4 목적지78 | 1000스텝 | 배송 71/78 | 재적재 13 | 중계율 0.24 | alpha 1.329 | step_limit
  [홀드아웃] 배송 50.0±0.0 완주 1.00 스텝 1031 점수 106.6 재적재 8.3 2홉+ 0.63 | 최고 106.6@ep650 정체 3/15
Ep 801 | 드론4 목적지21 |  536스텝 | 배송 21/21 | 재적재  2 | 중계율 0.20 | alpha 1.319 | complete
Ep 802 | 드론6 목적지22 |  193스텝 | 배송 22/22 | 재적재  0 | 중계율 0.13 | alpha 1.325 | complete
Ep 803 | 드론6 목적지57 |  577스텝 | 배송 57/57 | 재적재  9 | 중계율 0.10 | alpha 1.327 | complete
Ep 804 | 드론3 목적지60 | 1000스텝 | 배송 55/60 | 재적재 11 | 중계율 0.18 | alpha 1.337 | step_limit
Ep 805 | 드론6 목적지34 |  286스텝 | 배송 34/34 | 재적재  4 | 중계율 0.08 | alpha 1.341 | complete
Ep 806 | 드론4 목적지59 |  905스텝 | 배송 59/59 | 재적재 10 | 중계율 0.21 | alpha 1.363 | complete
Ep 807 | 드론5 목적지22 |  221스텝 | 배송 22/22 | 재적재  1 | 중계율 0.09 | alpha 1.367 | complete
Ep 808 | 드론3 목적지35 |  877스텝 | 배송 35/35 | 재적재  5 | 중계율 0.28 | alpha 1.350 | complete
Ep 809 | 드론4 목적지38 |  609스텝 | 배송 38/38 | 재적재  5 | 중계율 0.24 | alpha 1.337 | complete
Ep 810 | 드론5 목적지47 | 1000스텝 | 배송 45/47 | 재적재  7 | 중계율 0.29 | alpha 1.337 | step_limit
Ep 811 | 드론4 목적지70 | 1000스텝 | 배송 58/70 | 재적재 10 | 중계율 0.31 | alpha 1.342 | step_limit
Ep 812 | 드론4 목적지40 |  711스텝 | 배송 40/40 | 재적재  6 | 중계율 0.20 | alpha 1.341 | complete
Ep 813 | 드론3 목적지55 | 1000스텝 | 배송 50/55 | 재적재  8 | 중계율 0.27 | alpha 1.349 | step_limit
Ep 814 | 드론3 목적지38 |  710스텝 | 배송 38/38 | 재적재  6 | 중계율 0.16 | alpha 1.367 | complete
Ep 815 | 드론3 목적지75 | 1000스텝 | 배송 55/75 | 재적재 11 | 중계율 0.25 | alpha 1.398 | step_limit
Ep 816 | 드론5 목적지57 |  705스텝 | 배송 57/57 | 재적재 10 | 중계율 0.14 | alpha 1.401 | complete
Ep 817 | 드론4 목적지58 | 1000스텝 | 배송 56/58 | 재적재 11 | 중계율 0.30 | alpha 1.405 | step_limit
Ep 818 | 드론5 목적지21 |  354스텝 | 배송 21/21 | 재적재  2 | 중계율 0.16 | alpha 1.397 | complete
Ep 819 | 드론3 목적지70 | 1000스텝 | 배송 66/70 | 재적재 12 | 중계율 0.17 | alpha 1.367 | step_limit
Ep 820 | 드론6 목적지26 |  345스텝 | 배송 26/26 | 재적재  2 | 중계율 0.19 | alpha 1.348 | complete
Ep 821 | 드론5 목적지27 |  354스텝 | 배송 27/27 | 재적재  3 | 중계율 0.10 | alpha 1.351 | complete
Ep 822 | 드론5 목적지61 |  724스텝 | 배송 61/61 | 재적재 11 | 중계율 0.15 | alpha 1.341 | complete
Ep 823 | 드론5 목적지77 |  927스텝 | 배송 77/77 | 재적재 14 | 중계율 0.23 | alpha 1.333 | complete
Ep 824 | 드론3 목적지38 |  682스텝 | 배송 38/38 | 재적재  6 | 중계율 0.12 | alpha 1.358 | complete
Ep 825 | 드론4 목적지63 |  855스텝 | 배송 63/63 | 재적재 11 | 중계율 0.13 | alpha 1.371 | complete
Ep 826 | 드론5 목적지44 |  704스텝 | 배송 44/44 | 재적재  8 | 중계율 0.15 | alpha 1.380 | complete
Ep 827 | 드론5 목적지51 |  597스텝 | 배송 51/51 | 재적재  7 | 중계율 0.19 | alpha 1.372 | complete
Ep 828 | 드론3 목적지41 |  847스텝 | 배송 41/41 | 재적재  7 | 중계율 0.25 | alpha 1.353 | complete
Ep 829 | 드론3 목적지22 |  424스텝 | 배송 22/22 | 재적재  4 | 중계율 0.18 | alpha 1.360 | complete
Ep 830 | 드론4 목적지48 |  809스텝 | 배송 48/48 | 재적재  8 | 중계율 0.21 | alpha 1.385 | complete
Ep 831 | 드론3 목적지61 | 1000스텝 | 배송 53/61 | 재적재 10 | 중계율 0.25 | alpha 1.407 | step_limit
Ep 832 | 드론4 목적지66 |  976스텝 | 배송 66/66 | 재적재 11 | 중계율 0.15 | alpha 1.408 | complete
Ep 833 | 드론4 목적지26 |  520스텝 | 배송 26/26 | 재적재  4 | 중계율 0.08 | alpha 1.404 | complete
Ep 834 | 드론6 목적지25 |  487스텝 | 배송 25/25 | 재적재  1 | 중계율 0.17 | alpha 1.408 | complete
Ep 835 | 드론3 목적지78 | 1000스텝 | 배송 67/78 | 재적재 12 | 중계율 0.25 | alpha 1.428 | step_limit
Ep 836 | 드론6 목적지22 |  346스텝 | 배송 22/22 | 재적재  0 | 중계율 0.17 | alpha 1.434 | complete
Ep 837 | 드론4 목적지74 | 1000스텝 | 배송 53/74 | 재적재 10 | 중계율 0.23 | alpha 1.426 | step_limit
Ep 838 | 드론6 목적지46 |  696스텝 | 배송 46/46 | 재적재  7 | 중계율 0.24 | alpha 1.446 | complete
Ep 839 | 드론4 목적지47 |  823스텝 | 배송 47/47 | 재적재  8 | 중계율 0.25 | alpha 1.460 | complete
Ep 840 | 드론5 목적지31 |  326스텝 | 배송 31/31 | 재적재  5 | 중계율 0.09 | alpha 1.472 | complete
Ep 841 | 드론3 목적지52 | 1000스텝 | 배송 45/52 | 재적재  8 | 중계율 0.24 | alpha 1.468 | step_limit
Ep 842 | 드론4 목적지30 |  302스텝 | 배송 30/30 | 재적재  4 | 중계율 0.05 | alpha 1.469 | complete
Ep 843 | 드론5 목적지75 |  972스텝 | 배송 75/75 | 재적재 13 | 중계율 0.23 | alpha 1.514 | complete
Ep 844 | 드론5 목적지28 |  328스텝 | 배송 28/28 | 재적재  4 | 중계율 0.12 | alpha 1.508 | complete
Ep 845 | 드론4 목적지44 |  873스텝 | 배송 44/44 | 재적재  7 | 중계율 0.18 | alpha 1.492 | complete
Ep 846 | 드론4 목적지31 |  326스텝 | 배송 31/31 | 재적재  4 | 중계율 0.09 | alpha 1.495 | complete
Ep 847 | 드론6 목적지45 |  429스텝 | 배송 45/45 | 재적재  5 | 중계율 0.18 | alpha 1.510 | complete
Ep 848 | 드론3 목적지44 |  936스텝 | 배송 44/44 | 재적재  6 | 중계율 0.28 | alpha 1.514 | complete
Ep 849 | 드론3 목적지49 | 1000스텝 | 배송 45/49 | 재적재  7 | 중계율 0.27 | alpha 1.495 | step_limit
Ep 850 | 드론3 목적지47 | 1000스텝 | 배송 45/47 | 재적재  7 | 중계율 0.28 | alpha 1.500 | step_limit
  [홀드아웃] 배송 50.0±0.0 완주 1.00 스텝 1097 점수 106.3 재적재 8.3 2홉+ 0.63 | 최고 106.6@ep650 정체 4/15
Ep 851 | 드론6 목적지30 |  292스텝 | 배송 30/30 | 재적재  4 | 중계율 0.13 | alpha 1.494 | complete
Ep 852 | 드론6 목적지65 |  610스텝 | 배송 65/65 | 재적재 11 | 중계율 0.13 | alpha 1.490 | complete
Ep 853 | 드론4 목적지45 |  897스텝 | 배송 45/45 | 재적재  8 | 중계율 0.23 | alpha 1.481 | complete
Ep 854 | 드론6 목적지23 |  177스텝 | 배송 23/23 | 재적재  0 | 중계율 0.08 | alpha 1.486 | complete
Ep 855 | 드론6 목적지49 |  487스텝 | 배송 49/49 | 재적재  7 | 중계율 0.14 | alpha 1.502 | complete
Ep 856 | 드론3 목적지28 |  637스텝 | 배송 28/28 | 재적재  5 | 중계율 0.27 | alpha 1.511 | complete
Ep 857 | 드론3 목적지38 |  773스텝 | 배송 38/38 | 재적재  6 | 중계율 0.21 | alpha 1.533 | complete
Ep 858 | 드론6 목적지70 |  677스텝 | 배송 70/70 | 재적재 12 | 중계율 0.13 | alpha 1.521 | complete
Ep 859 | 드론6 목적지27 |  245스텝 | 배송 27/27 | 재적재  1 | 중계율 0.11 | alpha 1.507 | complete
Ep 860 | 드론6 목적지30 |  362스텝 | 배송 30/30 | 재적재  3 | 중계율 0.17 | alpha 1.503 | complete
Ep 861 | 드론3 목적지39 | 1000스텝 | 배송 38/39 | 재적재  7 | 중계율 0.25 | alpha 1.528 | step_limit
Ep 862 | 드론6 목적지50 |  363스텝 | 배송 50/50 | 재적재  7 | 중계율 0.07 | alpha 1.537 | complete
Ep 863 | 드론6 목적지30 |  344스텝 | 배송 30/30 | 재적재  3 | 중계율 0.15 | alpha 1.535 | complete
Ep 864 | 드론5 목적지38 |  444스텝 | 배송 38/38 | 재적재  5 | 중계율 0.12 | alpha 1.542 | complete
Ep 865 | 드론5 목적지56 |  753스텝 | 배송 56/56 | 재적재  9 | 중계율 0.16 | alpha 1.542 | complete
Ep 866 | 드론3 목적지70 | 1000스텝 | 배송 61/70 | 재적재 12 | 중계율 0.25 | alpha 1.503 | step_limit
Ep 867 | 드론3 목적지48 | 1000스텝 | 배송 45/48 | 재적재  8 | 중계율 0.22 | alpha 1.512 | step_limit
Ep 868 | 드론5 목적지37 |  371스텝 | 배송 37/37 | 재적재  6 | 중계율 0.08 | alpha 1.499 | complete
Ep 869 | 드론5 목적지46 |  565스텝 | 배송 46/46 | 재적재  7 | 중계율 0.14 | alpha 1.493 | complete
Ep 870 | 드론3 목적지47 |  888스텝 | 배송 47/47 | 재적재  8 | 중계율 0.23 | alpha 1.498 | complete
Ep 871 | 드론3 목적지44 |  957스텝 | 배송 44/44 | 재적재  7 | 중계율 0.23 | alpha 1.502 | complete
Ep 872 | 드론4 목적지57 | 1000스텝 | 배송 55/57 | 재적재 10 | 중계율 0.21 | alpha 1.497 | step_limit
Ep 873 | 드론6 목적지30 |  410스텝 | 배송 30/30 | 재적재  3 | 중계율 0.19 | alpha 1.500 | complete
Ep 874 | 드론3 목적지20 |  485스텝 | 배송 20/20 | 재적재  3 | 중계율 0.09 | alpha 1.494 | complete
Ep 875 | 드론6 목적지43 |  456스텝 | 배송 43/43 | 재적재  6 | 중계율 0.08 | alpha 1.517 | complete
Ep 876 | 드론5 목적지23 |  388스텝 | 배송 23/23 | 재적재  3 | 중계율 0.19 | alpha 1.499 | complete
Ep 877 | 드론3 목적지65 | 1000스텝 | 배송 56/65 | 재적재 11 | 중계율 0.28 | alpha 1.477 | step_limit
Ep 878 | 드론3 목적지65 | 1000스텝 | 배송 60/65 | 재적재 10 | 중계율 0.24 | alpha 1.439 | step_limit
Ep 879 | 드론5 목적지28 |  334스텝 | 배송 28/28 | 재적재  4 | 중계율 0.13 | alpha 1.433 | complete
Ep 880 | 드론6 목적지41 |  383스텝 | 배송 41/41 | 재적재  6 | 중계율 0.07 | alpha 1.442 | complete
Ep 881 | 드론4 목적지59 |  684스텝 | 배송 59/59 | 재적재 11 | 중계율 0.09 | alpha 1.436 | complete
Ep 882 | 드론3 목적지46 |  899스텝 | 배송 46/46 | 재적재  8 | 중계율 0.26 | alpha 1.432 | complete
Ep 883 | 드론5 목적지67 |  852스텝 | 배송 67/67 | 재적재 12 | 중계율 0.20 | alpha 1.431 | complete
Ep 884 | 드론4 목적지49 | 1000스텝 | 배송 47/49 | 재적재  8 | 중계율 0.17 | alpha 1.428 | step_limit
Ep 885 | 드론3 목적지51 | 1000스텝 | 배송 43/51 | 재적재  7 | 중계율 0.32 | alpha 1.457 | step_limit
Ep 886 | 드론4 목적지36 |  884스텝 | 배송 36/36 | 재적재  5 | 중계율 0.31 | alpha 1.454 | complete
Ep 887 | 드론6 목적지36 |  349스텝 | 배송 36/36 | 재적재  4 | 중계율 0.12 | alpha 1.462 | complete
Ep 888 | 드론3 목적지48 | 1000스텝 | 배송 45/48 | 재적재  8 | 중계율 0.22 | alpha 1.470 | step_limit
Ep 889 | 드론6 목적지22 |  359스텝 | 배송 22/22 | 재적재  2 | 중계율 0.17 | alpha 1.470 | complete
Ep 890 | 드론3 목적지60 | 1000스텝 | 배송 47/60 | 재적재  8 | 중계율 0.32 | alpha 1.461 | step_limit
Ep 891 | 드론6 목적지80 |  872스텝 | 배송 80/80 | 재적재 14 | 중계율 0.17 | alpha 1.458 | complete
Ep 892 | 드론3 목적지73 | 1000스텝 | 배송 65/73 | 재적재 11 | 중계율 0.25 | alpha 1.466 | step_limit
Ep 893 | 드론4 목적지30 |  385스텝 | 배송 30/30 | 재적재  3 | 중계율 0.12 | alpha 1.475 | complete
Ep 894 | 드론3 목적지63 | 1000스텝 | 배송 60/63 | 재적재 10 | 중계율 0.26 | alpha 1.503 | step_limit
Ep 895 | 드론6 목적지28 |  269스텝 | 배송 28/28 | 재적재  4 | 중계율 0.09 | alpha 1.508 | complete
Ep 896 | 드론3 목적지39 |  939스텝 | 배송 39/39 | 재적재  7 | 중계율 0.24 | alpha 1.511 | complete
Ep 897 | 드론6 목적지53 |  522스텝 | 배송 53/53 | 재적재  7 | 중계율 0.14 | alpha 1.513 | complete
Ep 898 | 드론4 목적지66 | 1000스텝 | 배송 59/66 | 재적재 10 | 중계율 0.26 | alpha 1.555 | step_limit
Ep 899 | 드론4 목적지33 |  581스텝 | 배송 33/33 | 재적재  6 | 중계율 0.17 | alpha 1.539 | complete
Ep 900 | 드론5 목적지43 |  601스텝 | 배송 43/43 | 재적재  7 | 중계율 0.14 | alpha 1.518 | complete
  [홀드아웃] 배송 50.0±0.2 완주 0.97 스텝 1038 점수 104.0 재적재 8.4 2홉+ 0.62 | 최고 106.6@ep650 정체 5/15
Ep 901 | 드론6 목적지59 |  591스텝 | 배송 59/59 | 재적재 10 | 중계율 0.13 | alpha 1.509 | complete
Ep 902 | 드론3 목적지29 |  722스텝 | 배송 29/29 | 재적재  5 | 중계율 0.19 | alpha 1.498 | complete
Ep 903 | 드론4 목적지75 |  921스텝 | 배송 75/75 | 재적재 13 | 중계율 0.21 | alpha 1.486 | complete
Ep 904 | 드론3 목적지71 | 1000스텝 | 배송 64/71 | 재적재 11 | 중계율 0.20 | alpha 1.490 | step_limit
Ep 905 | 드론6 목적지77 |  645스텝 | 배송 77/77 | 재적재 12 | 중계율 0.14 | alpha 1.493 | complete
Ep 906 | 드론6 목적지73 |  532스텝 | 배송 73/73 | 재적재 13 | 중계율 0.09 | alpha 1.492 | complete
Ep 907 | 드론3 목적지79 | 1000스텝 | 배송 66/79 | 재적재 13 | 중계율 0.22 | alpha 1.526 | step_limit
Ep 908 | 드론6 목적지33 |  353스텝 | 배송 33/33 | 재적재  4 | 중계율 0.16 | alpha 1.505 | complete
Ep 909 | 드론5 목적지29 |  493스텝 | 배송 29/29 | 재적재  4 | 중계율 0.10 | alpha 1.524 | complete
Ep 910 | 드론6 목적지41 |  659스텝 | 배송 41/41 | 재적재  5 | 중계율 0.19 | alpha 1.519 | complete
Ep 911 | 드론6 목적지34 |  386스텝 | 배송 34/34 | 재적재  4 | 중계율 0.13 | alpha 1.507 | complete
Ep 912 | 드론6 목적지42 |  401스텝 | 배송 42/42 | 재적재  4 | 중계율 0.14 | alpha 1.499 | complete
Ep 913 | 드론5 목적지34 |  517스텝 | 배송 34/34 | 재적재  5 | 중계율 0.19 | alpha 1.498 | complete
Ep 914 | 드론4 목적지44 |  663스텝 | 배송 44/44 | 재적재  8 | 중계율 0.17 | alpha 1.489 | complete
Ep 915 | 드론3 목적지67 | 1000스텝 | 배송 54/67 | 재적재 10 | 중계율 0.24 | alpha 1.521 | step_limit
Ep 916 | 드론6 목적지34 |  501스텝 | 배송 34/34 | 재적재  4 | 중계율 0.21 | alpha 1.529 | complete
Ep 917 | 드론6 목적지52 |  476스텝 | 배송 52/52 | 재적재  8 | 중계율 0.08 | alpha 1.546 | complete
Ep 918 | 드론4 목적지45 |  630스텝 | 배송 45/45 | 재적재  7 | 중계율 0.14 | alpha 1.561 | complete
Ep 919 | 드론6 목적지39 |  610스텝 | 배송 39/39 | 재적재  6 | 중계율 0.18 | alpha 1.594 | complete
Ep 920 | 드론6 목적지58 |  565스텝 | 배송 58/58 | 재적재  9 | 중계율 0.09 | alpha 1.619 | complete
Ep 921 | 드론4 목적지40 | 1000스텝 | 배송 38/40 | 재적재  7 | 중계율 0.23 | alpha 1.619 | step_limit
Ep 922 | 드론6 목적지77 |  633스텝 | 배송 77/77 | 재적재 14 | 중계율 0.11 | alpha 1.618 | complete
Ep 923 | 드론5 목적지76 |  850스텝 | 배송 76/76 | 재적재 14 | 중계율 0.19 | alpha 1.607 | complete
Ep 924 | 드론5 목적지72 |  714스텝 | 배송 72/72 | 재적재 13 | 중계율 0.13 | alpha 1.593 | complete
Ep 925 | 드론6 목적지36 |  320스텝 | 배송 36/36 | 재적재  4 | 중계율 0.09 | alpha 1.602 | complete
Ep 926 | 드론6 목적지56 |  470스텝 | 배송 56/56 | 재적재  8 | 중계율 0.11 | alpha 1.616 | complete
Ep 927 | 드론5 목적지21 |  261스텝 | 배송 21/21 | 재적재  3 | 중계율 0.13 | alpha 1.622 | complete
Ep 928 | 드론4 목적지59 | 1000스텝 | 배송 57/59 | 재적재 10 | 중계율 0.16 | alpha 1.597 | step_limit
Ep 929 | 드론5 목적지25 |  517스텝 | 배송 25/25 | 재적재  3 | 중계율 0.15 | alpha 1.594 | complete
Ep 930 | 드론4 목적지28 |  411스텝 | 배송 28/28 | 재적재  4 | 중계율 0.13 | alpha 1.592 | complete
Ep 931 | 드론5 목적지70 |  721스텝 | 배송 70/70 | 재적재 13 | 중계율 0.15 | alpha 1.602 | complete
Ep 932 | 드론4 목적지75 | 1000스텝 | 배송 64/75 | 재적재 12 | 중계율 0.25 | alpha 1.576 | step_limit
Ep 933 | 드론3 목적지31 |  726스텝 | 배송 31/31 | 재적재  5 | 중계율 0.15 | alpha 1.574 | complete
Ep 934 | 드론4 목적지28 |  461스텝 | 배송 28/28 | 재적재  3 | 중계율 0.15 | alpha 1.573 | complete
Ep 935 | 드론3 목적지36 |  660스텝 | 배송 36/36 | 재적재  6 | 중계율 0.13 | alpha 1.578 | complete
Ep 936 | 드론4 목적지20 |  260스텝 | 배송 20/20 | 재적재  1 | 중계율 0.11 | alpha 1.568 | complete
Ep 937 | 드론3 목적지28 | 1000스텝 | 배송 27/28 | 재적재  5 | 중계율 0.25 | alpha 1.553 | step_limit
Ep 938 | 드론6 목적지73 |  939스텝 | 배송 73/73 | 재적재 13 | 중계율 0.25 | alpha 1.540 | complete
Ep 939 | 드론4 목적지75 | 1000스텝 | 배송 73/75 | 재적재 12 | 중계율 0.23 | alpha 1.564 | step_limit
Ep 940 | 드론6 목적지64 |  465스텝 | 배송 64/64 | 재적재 11 | 중계율 0.07 | alpha 1.559 | complete
Ep 941 | 드론3 목적지37 | 1000스텝 | 배송 35/37 | 재적재  6 | 중계율 0.18 | alpha 1.534 | step_limit
Ep 942 | 드론6 목적지57 |  525스텝 | 배송 57/57 | 재적재  8 | 중계율 0.15 | alpha 1.546 | complete
Ep 943 | 드론3 목적지69 | 1000스텝 | 배송 58/69 | 재적재 11 | 중계율 0.23 | alpha 1.547 | step_limit
Ep 944 | 드론6 목적지73 |  683스텝 | 배송 73/73 | 재적재 11 | 중계율 0.19 | alpha 1.532 | complete
Ep 945 | 드론5 목적지49 |  656스텝 | 배송 49/49 | 재적재  9 | 중계율 0.15 | alpha 1.529 | complete
Ep 946 | 드론3 목적지29 |  406스텝 | 배송 29/29 | 재적재  4 | 중계율 0.12 | alpha 1.531 | complete
Ep 947 | 드론4 목적지73 | 1000스텝 | 배송 57/73 | 재적재 11 | 중계율 0.26 | alpha 1.533 | step_limit
Ep 948 | 드론6 목적지57 | 1000스텝 | 배송 56/57 | 재적재  9 | 중계율 0.29 | alpha 1.554 | step_limit
Ep 949 | 드론3 목적지24 |  553스텝 | 배송 24/24 | 재적재  4 | 중계율 0.18 | alpha 1.544 | complete
Ep 950 | 드론4 목적지26 |  414스텝 | 배송 26/26 | 재적재  4 | 중계율 0.13 | alpha 1.563 | complete
  [홀드아웃] 배송 50.0±0.0 완주 1.00 스텝 1018 점수 106.6 재적재 8.3 2홉+ 0.62 | 최고 106.6@ep650 정체 6/15
Ep 951 | 드론6 목적지20 |  155스텝 | 배송 20/20 | 재적재  0 | 중계율 0.07 | alpha 1.558 | complete
Ep 952 | 드론6 목적지28 |  411스텝 | 배송 28/28 | 재적재  4 | 중계율 0.13 | alpha 1.564 | complete
Ep 953 | 드론3 목적지42 |  858스텝 | 배송 42/42 | 재적재  7 | 중계율 0.22 | alpha 1.522 | complete
Ep 954 | 드론3 목적지30 |  758스텝 | 배송 30/30 | 재적재  4 | 중계율 0.25 | alpha 1.483 | complete
Ep 955 | 드론5 목적지38 |  434스텝 | 배송 38/38 | 재적재  5 | 중계율 0.10 | alpha 1.476 | complete
Ep 956 | 드론4 목적지33 |  438스텝 | 배송 33/33 | 재적재  5 | 중계율 0.16 | alpha 1.480 | complete
Ep 957 | 드론3 목적지42 |  935스텝 | 배송 42/42 | 재적재  7 | 중계율 0.34 | alpha 1.481 | complete
Ep 958 | 드론6 목적지34 |  384스텝 | 배송 34/34 | 재적재  5 | 중계율 0.10 | alpha 1.475 | complete
Ep 959 | 드론3 목적지80 | 1000스텝 | 배송 69/80 | 재적재 11 | 중계율 0.24 | alpha 1.488 | step_limit
Ep 960 | 드론6 목적지66 |  540스텝 | 배송 66/66 | 재적재 11 | 중계율 0.09 | alpha 1.487 | complete
Ep 961 | 드론3 목적지70 | 1000스텝 | 배송 55/70 | 재적재  9 | 중계율 0.28 | alpha 1.499 | step_limit
Ep 962 | 드론4 목적지47 |  786스텝 | 배송 47/47 | 재적재  8 | 중계율 0.18 | alpha 1.518 | complete
Ep 963 | 드론6 목적지27 |  434스텝 | 배송 27/27 | 재적재  2 | 중계율 0.12 | alpha 1.523 | complete
Ep 964 | 드론6 목적지65 |  569스텝 | 배송 65/65 | 재적재 10 | 중계율 0.08 | alpha 1.554 | complete
Ep 965 | 드론3 목적지22 |  732스텝 | 배송 22/22 | 재적재  3 | 중계율 0.33 | alpha 1.598 | complete
Ep 966 | 드론4 목적지28 |  453스텝 | 배송 28/28 | 재적재  4 | 중계율 0.18 | alpha 1.611 | complete
Ep 967 | 드론5 목적지73 |  649스텝 | 배송 73/73 | 재적재 13 | 중계율 0.11 | alpha 1.606 | complete
Ep 968 | 드론5 목적지62 |  601스텝 | 배송 62/62 | 재적재 10 | 중계율 0.10 | alpha 1.586 | complete
Ep 969 | 드론6 목적지55 |  365스텝 | 배송 55/55 | 재적재  7 | 중계율 0.06 | alpha 1.562 | complete
Ep 970 | 드론5 목적지46 |  594스텝 | 배송 46/46 | 재적재  7 | 중계율 0.14 | alpha 1.549 | complete
Ep 971 | 드론5 목적지34 |  673스텝 | 배송 34/34 | 재적재  6 | 중계율 0.26 | alpha 1.558 | complete
Ep 972 | 드론3 목적지78 | 1000스텝 | 배송 66/78 | 재적재 12 | 중계율 0.20 | alpha 1.569 | step_limit
Ep 973 | 드론4 목적지78 |  924스텝 | 배송 78/78 | 재적재 14 | 중계율 0.12 | alpha 1.578 | complete
Ep 974 | 드론4 목적지60 | 1000스텝 | 배송 53/60 | 재적재  9 | 중계율 0.26 | alpha 1.590 | step_limit
Ep 975 | 드론6 목적지52 |  458스텝 | 배송 52/52 | 재적재  8 | 중계율 0.09 | alpha 1.571 | complete
Ep 976 | 드론5 목적지53 |  520스텝 | 배송 53/53 | 재적재  8 | 중계율 0.15 | alpha 1.557 | complete
Ep 977 | 드론6 목적지30 |  232스텝 | 배송 30/30 | 재적재  3 | 중계율 0.05 | alpha 1.557 | complete
Ep 978 | 드론6 목적지45 |  505스텝 | 배송 45/45 | 재적재  7 | 중계율 0.12 | alpha 1.564 | complete
Ep 979 | 드론6 목적지34 |  372스텝 | 배송 34/34 | 재적재  4 | 중계율 0.14 | alpha 1.565 | complete
Ep 980 | 드론3 목적지55 | 1000스텝 | 배송 45/55 | 재적재  8 | 중계율 0.22 | alpha 1.576 | step_limit
Ep 981 | 드론5 목적지49 |  884스텝 | 배송 49/49 | 재적재  8 | 중계율 0.26 | alpha 1.592 | complete
Ep 982 | 드론3 목적지26 |  519스텝 | 배송 26/26 | 재적재  4 | 중계율 0.16 | alpha 1.592 | complete
Ep 983 | 드론6 목적지39 |  469스텝 | 배송 39/39 | 재적재  4 | 중계율 0.14 | alpha 1.613 | complete
Ep 984 | 드론6 목적지20 |  213스텝 | 배송 20/20 | 재적재  2 | 중계율 0.07 | alpha 1.622 | complete
Ep 985 | 드론6 목적지29 |  318스텝 | 배송 29/29 | 재적재  2 | 중계율 0.15 | alpha 1.622 | complete
Ep 986 | 드론5 목적지59 |  756스텝 | 배송 59/59 | 재적재  9 | 중계율 0.20 | alpha 1.607 | complete
Ep 987 | 드론3 목적지74 | 1000스텝 | 배송 63/74 | 재적재 11 | 중계율 0.20 | alpha 1.633 | step_limit
Ep 988 | 드론5 목적지70 |  796스텝 | 배송 70/70 | 재적재 12 | 중계율 0.18 | alpha 1.628 | complete
Ep 989 | 드론6 목적지34 |  391스텝 | 배송 34/34 | 재적재  5 | 중계율 0.09 | alpha 1.617 | complete
Ep 990 | 드론5 목적지28 |  298스텝 | 배송 28/28 | 재적재  4 | 중계율 0.07 | alpha 1.618 | complete
Ep 991 | 드론5 목적지76 |  839스텝 | 배송 76/76 | 재적재 14 | 중계율 0.17 | alpha 1.601 | complete
Ep 992 | 드론4 목적지40 |  807스텝 | 배송 40/40 | 재적재  6 | 중계율 0.24 | alpha 1.607 | complete
Ep 993 | 드론6 목적지61 |  431스텝 | 배송 61/61 | 재적재 11 | 중계율 0.07 | alpha 1.595 | complete
Ep 994 | 드론4 목적지49 | 1000스텝 | 배송 46/49 | 재적재  7 | 중계율 0.33 | alpha 1.578 | step_limit
Ep 995 | 드론6 목적지33 |  391스텝 | 배송 33/33 | 재적재  5 | 중계율 0.11 | alpha 1.575 | complete
Ep 996 | 드론3 목적지23 |  629스텝 | 배송 23/23 | 재적재  4 | 중계율 0.21 | alpha 1.552 | complete
Ep 997 | 드론6 목적지46 |  506스텝 | 배송 46/46 | 재적재  8 | 중계율 0.13 | alpha 1.553 | complete
Ep 998 | 드론6 목적지53 |  493스텝 | 배송 53/53 | 재적재  9 | 중계율 0.13 | alpha 1.540 | complete
Ep 999 | 드론4 목적지52 |  742스텝 | 배송 52/52 | 재적재  9 | 중계율 0.17 | alpha 1.554 | complete
Ep 1000 | 드론4 목적지78 | 1000스텝 | 배송 68/78 | 재적재 13 | 중계율 0.22 | alpha 1.554 | step_limit
  [홀드아웃] 배송 49.9±0.5 완주 0.97 스텝 1014 점수 104.1 재적재 8.3 2홉+ 0.63 | 최고 106.6@ep650 정체 7/15
Ep 1001 | 드론4 목적지65 | 1000스텝 | 배송 62/65 | 재적재 11 | 중계율 0.24 | alpha 1.587 | step_limit
Ep 1002 | 드론3 목적지51 |  781스텝 | 배송 51/51 | 재적재  9 | 중계율 0.15 | alpha 1.616 | complete
Ep 1003 | 드론5 목적지23 |  437스텝 | 배송 23/23 | 재적재  3 | 중계율 0.11 | alpha 1.617 | complete
Ep 1004 | 드론3 목적지73 | 1000스텝 | 배송 63/73 | 재적재 12 | 중계율 0.19 | alpha 1.630 | step_limit
Ep 1005 | 드론3 목적지31 |  669스텝 | 배송 31/31 | 재적재  5 | 중계율 0.23 | alpha 1.623 | complete
Ep 1006 | 드론3 목적지54 | 1000스텝 | 배송 47/54 | 재적재  7 | 중계율 0.18 | alpha 1.612 | step_limit
Ep 1007 | 드론3 목적지61 | 1000스텝 | 배송 53/61 | 재적재 10 | 중계율 0.24 | alpha 1.613 | step_limit
Ep 1008 | 드론4 목적지56 | 1000스텝 | 배송 49/56 | 재적재  8 | 중계율 0.26 | alpha 1.613 | step_limit
Ep 1009 | 드론4 목적지65 | 1000스텝 | 배송 61/65 | 재적재 10 | 중계율 0.26 | alpha 1.665 | step_limit
Ep 1010 | 드론4 목적지64 | 1000스텝 | 배송 59/64 | 재적재 11 | 중계율 0.24 | alpha 1.691 | step_limit
Ep 1011 | 드론4 목적지48 |  581스텝 | 배송 48/48 | 재적재  8 | 중계율 0.12 | alpha 1.675 | complete
Ep 1012 | 드론5 목적지77 |  741스텝 | 배송 77/77 | 재적재 14 | 중계율 0.13 | alpha 1.646 | complete
Ep 1013 | 드론6 목적지30 |  388스텝 | 배송 30/30 | 재적재  4 | 중계율 0.11 | alpha 1.652 | complete
Ep 1014 | 드론6 목적지73 |  609스텝 | 배송 73/73 | 재적재 13 | 중계율 0.08 | alpha 1.630 | complete
Ep 1015 | 드론6 목적지80 |  640스텝 | 배송 80/80 | 재적재 14 | 중계율 0.08 | alpha 1.643 | complete
Ep 1016 | 드론4 목적지35 |  850스텝 | 배송 35/35 | 재적재  5 | 중계율 0.24 | alpha 1.633 | complete
Ep 1017 | 드론4 목적지52 |  932스텝 | 배송 52/52 | 재적재  7 | 중계율 0.25 | alpha 1.656 | complete
Ep 1018 | 드론6 목적지25 |  345스텝 | 배송 25/25 | 재적재  2 | 중계율 0.11 | alpha 1.648 | complete
Ep 1019 | 드론5 목적지59 |  613스텝 | 배송 59/59 | 재적재 10 | 중계율 0.08 | alpha 1.650 | complete
Ep 1020 | 드론3 목적지57 |  899스텝 | 배송 57/57 | 재적재 10 | 중계율 0.16 | alpha 1.657 | complete
Ep 1021 | 드론3 목적지78 | 1000스텝 | 배송 64/78 | 재적재 11 | 중계율 0.15 | alpha 1.693 | step_limit
Ep 1022 | 드론3 목적지68 | 1000스텝 | 배송 62/68 | 재적재 12 | 중계율 0.19 | alpha 1.676 | step_limit
Ep 1023 | 드론3 목적지33 |  765스텝 | 배송 33/33 | 재적재  6 | 중계율 0.27 | alpha 1.667 | complete
Ep 1024 | 드론3 목적지77 | 1000스텝 | 배송 66/77 | 재적재 12 | 중계율 0.21 | alpha 1.678 | step_limit
Ep 1025 | 드론6 목적지23 |  294스텝 | 배송 23/23 | 재적재  2 | 중계율 0.06 | alpha 1.676 | complete
Ep 1026 | 드론5 목적지21 |  256스텝 | 배송 21/21 | 재적재  1 | 중계율 0.10 | alpha 1.688 | complete
Ep 1027 | 드론3 목적지35 |  717스텝 | 배송 35/35 | 재적재  6 | 중계율 0.20 | alpha 1.669 | complete
Ep 1028 | 드론5 목적지41 |  444스텝 | 배송 41/41 | 재적재  6 | 중계율 0.12 | alpha 1.687 | complete
Ep 1029 | 드론5 목적지21 |  250스텝 | 배송 21/21 | 재적재  2 | 중계율 0.08 | alpha 1.687 | complete
Ep 1030 | 드론4 목적지54 |  839스텝 | 배송 54/54 | 재적재  9 | 중계율 0.17 | alpha 1.704 | complete
Ep 1031 | 드론4 목적지72 |  852스텝 | 배송 72/72 | 재적재 13 | 중계율 0.20 | alpha 1.696 | complete
Ep 1032 | 드론5 목적지48 |  580스텝 | 배송 48/48 | 재적재  7 | 중계율 0.13 | alpha 1.693 | complete
Ep 1033 | 드론3 목적지32 |  638스텝 | 배송 32/32 | 재적재  5 | 중계율 0.18 | alpha 1.667 | complete
Ep 1034 | 드론4 목적지21 |  419스텝 | 배송 21/21 | 재적재  2 | 중계율 0.12 | alpha 1.650 | complete
Ep 1035 | 드론3 목적지57 | 1000스텝 | 배송 49/57 | 재적재  8 | 중계율 0.24 | alpha 1.659 | step_limit
Ep 1036 | 드론4 목적지56 |  701스텝 | 배송 56/56 | 재적재  9 | 중계율 0.14 | alpha 1.653 | complete
Ep 1037 | 드론4 목적지53 | 1000스텝 | 배송 46/53 | 재적재  8 | 중계율 0.31 | alpha 1.707 | step_limit
Ep 1038 | 드론5 목적지29 |  293스텝 | 배송 29/29 | 재적재  5 | 중계율 0.11 | alpha 1.709 | complete
Ep 1039 | 드론3 목적지45 |  911스텝 | 배송 45/45 | 재적재  8 | 중계율 0.22 | alpha 1.717 | complete
Ep 1040 | 드론3 목적지23 |  401스텝 | 배송 23/23 | 재적재  3 | 중계율 0.11 | alpha 1.717 | complete
Ep 1041 | 드론6 목적지20 |  185스텝 | 배송 20/20 | 재적재  0 | 중계율 0.05 | alpha 1.708 | complete
Ep 1042 | 드론4 목적지71 | 1000스텝 | 배송 68/71 | 재적재 12 | 중계율 0.24 | alpha 1.671 | step_limit
Ep 1043 | 드론4 목적지36 |  641스텝 | 배송 36/36 | 재적재  5 | 중계율 0.19 | alpha 1.664 | complete
Ep 1044 | 드론4 목적지46 |  487스텝 | 배송 46/46 | 재적재  7 | 중계율 0.11 | alpha 1.650 | complete
Ep 1045 | 드론3 목적지65 | 1000스텝 | 배송 52/65 | 재적재  9 | 중계율 0.26 | alpha 1.662 | step_limit
Ep 1046 | 드론5 목적지53 |  593스텝 | 배송 53/53 | 재적재  8 | 중계율 0.13 | alpha 1.679 | complete
Ep 1047 | 드론5 목적지77 |  765스텝 | 배송 77/77 | 재적재 14 | 중계율 0.14 | alpha 1.700 | complete
Ep 1048 | 드론6 목적지54 |  446스텝 | 배송 54/54 | 재적재  8 | 중계율 0.13 | alpha 1.716 | complete
Ep 1049 | 드론3 목적지75 | 1000스텝 | 배송 68/75 | 재적재 12 | 중계율 0.18 | alpha 1.706 | step_limit
Ep 1050 | 드론5 목적지66 |  744스텝 | 배송 66/66 | 재적재 11 | 중계율 0.13 | alpha 1.673 | complete
  [홀드아웃] 배송 50.0±0.2 완주 0.97 스텝 1018 점수 104.1 재적재 8.4 2홉+ 0.62 | 최고 106.6@ep650 정체 8/15
Ep 1051 | 드론4 목적지46 |  948스텝 | 배송 46/46 | 재적재  8 | 중계율 0.24 | alpha 1.682 | complete
Ep 1052 | 드론6 목적지64 |  514스텝 | 배송 64/64 | 재적재 10 | 중계율 0.15 | alpha 1.692 | complete
Ep 1053 | 드론6 목적지77 |  948스텝 | 배송 77/77 | 재적재 13 | 중계율 0.17 | alpha 1.699 | complete
Ep 1054 | 드론4 목적지50 | 1000스텝 | 배송 47/50 | 재적재  7 | 중계율 0.16 | alpha 1.698 | step_limit
Ep 1055 | 드론3 목적지33 |  614스텝 | 배송 33/33 | 재적재  6 | 중계율 0.14 | alpha 1.701 | complete
Ep 1056 | 드론5 목적지55 |  611스텝 | 배송 55/55 | 재적재  9 | 중계율 0.09 | alpha 1.683 | complete
Ep 1057 | 드론6 목적지78 |  716스텝 | 배송 78/78 | 재적재 14 | 중계율 0.20 | alpha 1.669 | complete
Ep 1058 | 드론3 목적지74 | 1000스텝 | 배송 70/74 | 재적재 13 | 중계율 0.16 | alpha 1.668 | step_limit
Ep 1059 | 드론5 목적지76 |  725스텝 | 배송 76/76 | 재적재 13 | 중계율 0.14 | alpha 1.669 | complete
Ep 1060 | 드론4 목적지56 | 1000스텝 | 배송 55/56 | 재적재 10 | 중계율 0.21 | alpha 1.705 | step_limit
Ep 1061 | 드론6 목적지46 |  461스텝 | 배송 46/46 | 재적재  6 | 중계율 0.13 | alpha 1.703 | complete
Ep 1062 | 드론6 목적지55 |  406스텝 | 배송 55/55 | 재적재  9 | 중계율 0.11 | alpha 1.715 | complete
Ep 1063 | 드론5 목적지54 |  624스텝 | 배송 54/54 | 재적재  8 | 중계율 0.16 | alpha 1.720 | complete
Ep 1064 | 드론3 목적지76 | 1000스텝 | 배송 64/76 | 재적재 12 | 중계율 0.19 | alpha 1.716 | step_limit
Ep 1065 | 드론4 목적지23 |  409스텝 | 배송 23/23 | 재적재  4 | 중계율 0.18 | alpha 1.704 | complete
Ep 1066 | 드론3 목적지37 |  624스텝 | 배송 37/37 | 재적재  6 | 중계율 0.14 | alpha 1.690 | complete
Ep 1067 | 드론3 목적지76 | 1000스텝 | 배송 64/76 | 재적재 11 | 중계율 0.25 | alpha 1.677 | step_limit
Ep 1068 | 드론6 목적지77 |  626스텝 | 배송 77/77 | 재적재 13 | 중계율 0.12 | alpha 1.692 | complete
Ep 1069 | 드론5 목적지56 |  922스텝 | 배송 56/56 | 재적재  9 | 중계율 0.17 | alpha 1.696 | complete
Ep 1070 | 드론6 목적지39 |  430스텝 | 배송 39/39 | 재적재  4 | 중계율 0.09 | alpha 1.703 | complete
Ep 1071 | 드론5 목적지26 |  474스텝 | 배송 26/26 | 재적재  3 | 중계율 0.18 | alpha 1.690 | complete
Ep 1072 | 드론6 목적지62 |  575스텝 | 배송 62/62 | 재적재 10 | 중계율 0.13 | alpha 1.672 | complete
Ep 1073 | 드론3 목적지44 | 1000스텝 | 배송 42/44 | 재적재  7 | 중계율 0.27 | alpha 1.671 | step_limit
Ep 1074 | 드론4 목적지71 |  755스텝 | 배송 71/71 | 재적재 13 | 중계율 0.12 | alpha 1.672 | complete
Ep 1075 | 드론5 목적지36 |  506스텝 | 배송 36/36 | 재적재  4 | 중계율 0.18 | alpha 1.680 | complete
Ep 1076 | 드론3 목적지53 | 1000스텝 | 배송 49/53 | 재적재  9 | 중계율 0.19 | alpha 1.680 | step_limit
Ep 1077 | 드론3 목적지47 |  805스텝 | 배송 47/47 | 재적재  8 | 중계율 0.20 | alpha 1.688 | complete
Ep 1078 | 드론5 목적지54 |  610스텝 | 배송 54/54 | 재적재  8 | 중계율 0.09 | alpha 1.696 | complete
Ep 1079 | 드론6 목적지48 |  474스텝 | 배송 48/48 | 재적재  8 | 중계율 0.10 | alpha 1.699 | complete
Ep 1080 | 드론6 목적지54 |  423스텝 | 배송 54/54 | 재적재  8 | 중계율 0.09 | alpha 1.705 | complete
Ep 1081 | 드론5 목적지28 |  376스텝 | 배송 28/28 | 재적재  3 | 중계율 0.21 | alpha 1.714 | complete
Ep 1082 | 드론4 목적지37 |  497스텝 | 배송 37/37 | 재적재  6 | 중계율 0.12 | alpha 1.713 | complete
Ep 1083 | 드론3 목적지25 |  459스텝 | 배송 25/25 | 재적재  4 | 중계율 0.07 | alpha 1.706 | complete
Ep 1084 | 드론6 목적지31 |  328스텝 | 배송 31/31 | 재적재  4 | 중계율 0.07 | alpha 1.725 | complete
Ep 1085 | 드론6 목적지46 |  459스텝 | 배송 46/46 | 재적재  8 | 중계율 0.17 | alpha 1.714 | complete
Ep 1086 | 드론4 목적지30 |  616스텝 | 배송 30/30 | 재적재  4 | 중계율 0.20 | alpha 1.711 | complete
Ep 1087 | 드론6 목적지20 |  198스텝 | 배송 20/20 | 재적재  0 | 중계율 0.09 | alpha 1.717 | complete
Ep 1088 | 드론3 목적지55 | 1000스텝 | 배송 54/55 | 재적재  9 | 중계율 0.24 | alpha 1.726 | step_limit
Ep 1089 | 드론5 목적지45 |  438스텝 | 배송 45/45 | 재적재  6 | 중계율 0.12 | alpha 1.733 | complete
Ep 1090 | 드론5 목적지23 |  264스텝 | 배송 23/23 | 재적재  2 | 중계율 0.09 | alpha 1.727 | complete
Ep 1091 | 드론3 목적지25 |  355스텝 | 배송 25/25 | 재적재  3 | 중계율 0.09 | alpha 1.719 | complete
Ep 1092 | 드론4 목적지46 |  713스텝 | 배송 46/46 | 재적재  8 | 중계율 0.12 | alpha 1.708 | complete
Ep 1093 | 드론5 목적지61 |  686스텝 | 배송 61/61 | 재적재 11 | 중계율 0.12 | alpha 1.700 | complete
Ep 1094 | 드론5 목적지63 |  549스텝 | 배송 63/63 | 재적재 10 | 중계율 0.16 | alpha 1.695 | complete
Ep 1095 | 드론3 목적지27 |  626스텝 | 배송 27/27 | 재적재  5 | 중계율 0.22 | alpha 1.679 | complete
Ep 1096 | 드론3 목적지72 | 1000스텝 | 배송 52/72 | 재적재 10 | 중계율 0.22 | alpha 1.660 | step_limit
Ep 1097 | 드론5 목적지45 |  593스텝 | 배송 45/45 | 재적재  8 | 중계율 0.16 | alpha 1.652 | complete
Ep 1098 | 드론6 목적지30 |  280스텝 | 배송 30/30 | 재적재  4 | 중계율 0.13 | alpha 1.652 | complete
Ep 1099 | 드론5 목적지74 | 1000스텝 | 배송 72/74 | 재적재 13 | 중계율 0.24 | alpha 1.648 | step_limit
Ep 1100 | 드론4 목적지37 |  406스텝 | 배송 37/37 | 재적재  5 | 중계율 0.10 | alpha 1.639 | complete
  [홀드아웃] 배송 50.0±0.0 완주 1.00 스텝 1032 점수 106.6 재적재 8.4 2홉+ 0.62 | 최고 106.6@ep650 정체 9/15
Ep 1101 | 드론5 목적지34 |  558스텝 | 배송 34/34 | 재적재  5 | 중계율 0.18 | alpha 1.661 | complete
Ep 1102 | 드론4 목적지40 |  730스텝 | 배송 40/40 | 재적재  6 | 중계율 0.21 | alpha 1.647 | complete
Ep 1103 | 드론6 목적지64 |  460스텝 | 배송 64/64 | 재적재  9 | 중계율 0.10 | alpha 1.644 | complete
Ep 1104 | 드론6 목적지35 |  322스텝 | 배송 35/35 | 재적재  5 | 중계율 0.15 | alpha 1.640 | complete
Ep 1105 | 드론3 목적지57 | 1000스텝 | 배송 47/57 | 재적재  8 | 중계율 0.22 | alpha 1.624 | step_limit
Ep 1106 | 드론5 목적지71 |  639스텝 | 배송 71/71 | 재적재 13 | 중계율 0.09 | alpha 1.608 | complete
Ep 1107 | 드론6 목적지71 |  587스텝 | 배송 71/71 | 재적재 12 | 중계율 0.17 | alpha 1.627 | complete
Ep 1108 | 드론5 목적지48 |  556스텝 | 배송 48/48 | 재적재  7 | 중계율 0.11 | alpha 1.639 | complete
Ep 1109 | 드론4 목적지55 |  754스텝 | 배송 55/55 | 재적재 10 | 중계율 0.12 | alpha 1.630 | complete
Ep 1110 | 드론4 목적지34 |  648스텝 | 배송 34/34 | 재적재  5 | 중계율 0.17 | alpha 1.637 | complete
Ep 1111 | 드론6 목적지61 |  532스텝 | 배송 61/61 | 재적재 10 | 중계율 0.10 | alpha 1.637 | complete
Ep 1112 | 드론5 목적지34 |  718스텝 | 배송 34/34 | 재적재  4 | 중계율 0.23 | alpha 1.617 | complete
Ep 1113 | 드론5 목적지45 |  681스텝 | 배송 45/45 | 재적재  7 | 중계율 0.16 | alpha 1.624 | complete
Ep 1114 | 드론3 목적지76 | 1000스텝 | 배송 64/76 | 재적재 12 | 중계율 0.23 | alpha 1.650 | step_limit
Ep 1115 | 드론3 목적지29 |  811스텝 | 배송 29/29 | 재적재  5 | 중계율 0.19 | alpha 1.671 | complete
Ep 1116 | 드론3 목적지80 | 1000스텝 | 배송 65/80 | 재적재 11 | 중계율 0.24 | alpha 1.666 | step_limit
Ep 1117 | 드론3 목적지48 |  869스텝 | 배송 48/48 | 재적재  8 | 중계율 0.18 | alpha 1.678 | complete
Ep 1118 | 드론5 목적지80 |  701스텝 | 배송 80/80 | 재적재 14 | 중계율 0.11 | alpha 1.675 | complete
Ep 1119 | 드론6 목적지54 |  516스텝 | 배송 54/54 | 재적재  9 | 중계율 0.14 | alpha 1.681 | complete
Ep 1120 | 드론4 목적지57 |  942스텝 | 배송 57/57 | 재적재  9 | 중계율 0.27 | alpha 1.684 | complete
Ep 1121 | 드론5 목적지43 |  682스텝 | 배송 43/43 | 재적재  6 | 중계율 0.19 | alpha 1.662 | complete
Ep 1122 | 드론3 목적지56 | 1000스텝 | 배송 51/56 | 재적재  9 | 중계율 0.20 | alpha 1.716 | step_limit
Ep 1123 | 드론6 목적지57 |  612스텝 | 배송 57/57 | 재적재  9 | 중계율 0.14 | alpha 1.713 | complete
Ep 1124 | 드론5 목적지77 |  847스텝 | 배송 77/77 | 재적재 14 | 중계율 0.13 | alpha 1.711 | complete
Ep 1125 | 드론3 목적지30 |  713스텝 | 배송 30/30 | 재적재  5 | 중계율 0.21 | alpha 1.692 | complete
Ep 1126 | 드론4 목적지48 |  664스텝 | 배송 48/48 | 재적재  8 | 중계율 0.13 | alpha 1.702 | complete
Ep 1127 | 드론5 목적지45 |  509스텝 | 배송 45/45 | 재적재  8 | 중계율 0.13 | alpha 1.689 | complete
Ep 1128 | 드론4 목적지54 | 1000스텝 | 배송 45/54 | 재적재  7 | 중계율 0.23 | alpha 1.690 | step_limit
Ep 1129 | 드론4 목적지52 | 1000스텝 | 배송 46/52 | 재적재  8 | 중계율 0.21 | alpha 1.706 | step_limit
Ep 1130 | 드론4 목적지42 |  648스텝 | 배송 42/42 | 재적재  6 | 중계율 0.13 | alpha 1.672 | complete
Ep 1131 | 드론5 목적지68 |  886스텝 | 배송 68/68 | 재적재 11 | 중계율 0.19 | alpha 1.668 | complete
Ep 1132 | 드론4 목적지65 | 1000스텝 | 배송 64/65 | 재적재 11 | 중계율 0.22 | alpha 1.673 | step_limit
Ep 1133 | 드론4 목적지32 |  481스텝 | 배송 32/32 | 재적재  4 | 중계율 0.08 | alpha 1.674 | complete
Ep 1134 | 드론6 목적지76 | 1000스텝 | 배송 75/76 | 재적재 13 | 중계율 0.23 | alpha 1.680 | step_limit
Ep 1135 | 드론6 목적지79 |  606스텝 | 배송 79/79 | 재적재 13 | 중계율 0.09 | alpha 1.671 | complete
Ep 1136 | 드론5 목적지22 |  217스텝 | 배송 22/22 | 재적재  0 | 중계율 0.10 | alpha 1.671 | complete
Ep 1137 | 드론6 목적지74 |  919스텝 | 배송 74/74 | 재적재 12 | 중계율 0.20 | alpha 1.667 | complete
Ep 1138 | 드론3 목적지38 |  926스텝 | 배송 38/38 | 재적재  7 | 중계율 0.35 | alpha 1.683 | complete
Ep 1139 | 드론5 목적지31 |  348스텝 | 배송 31/31 | 재적재  4 | 중계율 0.08 | alpha 1.700 | complete
Ep 1140 | 드론4 목적지47 |  711스텝 | 배송 47/47 | 재적재  8 | 중계율 0.14 | alpha 1.684 | complete
Ep 1141 | 드론4 목적지37 |  808스텝 | 배송 37/37 | 재적재  7 | 중계율 0.21 | alpha 1.682 | complete
Ep 1142 | 드론4 목적지53 | 1000스텝 | 배송 52/53 | 재적재 10 | 중계율 0.25 | alpha 1.682 | step_limit
Ep 1143 | 드론3 목적지48 |  876스텝 | 배송 48/48 | 재적재  9 | 중계율 0.25 | alpha 1.667 | complete
Ep 1144 | 드론4 목적지70 | 1000스텝 | 배송 69/70 | 재적재 12 | 중계율 0.26 | alpha 1.670 | step_limit
Ep 1145 | 드론6 목적지48 |  413스텝 | 배송 48/48 | 재적재  7 | 중계율 0.08 | alpha 1.643 | complete
Ep 1146 | 드론4 목적지45 | 1000스텝 | 배송 44/45 | 재적재  6 | 중계율 0.29 | alpha 1.651 | step_limit
Ep 1147 | 드론6 목적지49 |  468스텝 | 배송 49/49 | 재적재  7 | 중계율 0.08 | alpha 1.655 | complete
Ep 1148 | 드론5 목적지22 |  333스텝 | 배송 22/22 | 재적재  2 | 중계율 0.15 | alpha 1.668 | complete
Ep 1149 | 드론4 목적지44 |  672스텝 | 배송 44/44 | 재적재  7 | 중계율 0.10 | alpha 1.659 | complete
Ep 1150 | 드론5 목적지51 |  668스텝 | 배송 51/51 | 재적재  8 | 중계율 0.18 | alpha 1.651 | complete
  [홀드아웃] 배송 50.0±0.0 완주 1.00 스텝 1044 점수 106.5 재적재 8.6 2홉+ 0.63 | 최고 106.6@ep650 정체 10/15
Ep 1151 | 드론3 목적지63 | 1000스텝 | 배송 48/63 | 재적재  9 | 중계율 0.15 | alpha 1.654 | step_limit
Ep 1152 | 드론3 목적지47 |  938스텝 | 배송 47/47 | 재적재  9 | 중계율 0.24 | alpha 1.688 | complete
Ep 1153 | 드론4 목적지44 |  991스텝 | 배송 44/44 | 재적재  7 | 중계율 0.31 | alpha 1.677 | complete
Ep 1154 | 드론5 목적지39 |  460스텝 | 배송 39/39 | 재적재  5 | 중계율 0.12 | alpha 1.651 | complete
Ep 1155 | 드론3 목적지52 |  991스텝 | 배송 52/52 | 재적재  9 | 중계율 0.26 | alpha 1.621 | complete
Ep 1156 | 드론6 목적지59 |  543스텝 | 배송 59/59 | 재적재 10 | 중계율 0.09 | alpha 1.624 | complete
Ep 1157 | 드론3 목적지33 | 1000스텝 | 배송 28/33 | 재적재  4 | 중계율 0.31 | alpha 1.645 | step_limit
Ep 1158 | 드론5 목적지55 |  741스텝 | 배송 55/55 | 재적재 10 | 중계율 0.19 | alpha 1.625 | complete
Ep 1159 | 드론6 목적지33 |  474스텝 | 배송 33/33 | 재적재  4 | 중계율 0.11 | alpha 1.622 | complete
Ep 1160 | 드론5 목적지71 |  865스텝 | 배송 71/71 | 재적재 12 | 중계율 0.20 | alpha 1.645 | complete
Ep 1161 | 드론5 목적지78 |  835스텝 | 배송 78/78 | 재적재 13 | 중계율 0.18 | alpha 1.603 | complete
Ep 1162 | 드론4 목적지27 |  335스텝 | 배송 27/27 | 재적재  4 | 중계율 0.08 | alpha 1.604 | complete
Ep 1163 | 드론3 목적지71 | 1000스텝 | 배송 52/71 | 재적재  9 | 중계율 0.29 | alpha 1.574 | step_limit
Ep 1164 | 드론5 목적지24 |  301스텝 | 배송 24/24 | 재적재  4 | 중계율 0.12 | alpha 1.560 | complete
Ep 1165 | 드론4 목적지47 |  642스텝 | 배송 47/47 | 재적재  7 | 중계율 0.14 | alpha 1.553 | complete
Ep 1166 | 드론5 목적지79 |  890스텝 | 배송 79/79 | 재적재 13 | 중계율 0.22 | alpha 1.536 | complete
Ep 1167 | 드론4 목적지74 |  970스텝 | 배송 74/74 | 재적재 13 | 중계율 0.17 | alpha 1.535 | complete
Ep 1168 | 드론4 목적지68 | 1000스텝 | 배송 65/68 | 재적재 12 | 중계율 0.08 | alpha 1.566 | step_limit
Ep 1169 | 드론3 목적지79 | 1000스텝 | 배송 70/79 | 재적재 12 | 중계율 0.20 | alpha 1.598 | step_limit
Ep 1170 | 드론4 목적지39 |  566스텝 | 배송 39/39 | 재적재  6 | 중계율 0.11 | alpha 1.584 | complete
Ep 1171 | 드론5 목적지25 |  312스텝 | 배송 25/25 | 재적재  3 | 중계율 0.07 | alpha 1.579 | complete
Ep 1172 | 드론3 목적지21 |  372스텝 | 배송 21/21 | 재적재  3 | 중계율 0.15 | alpha 1.569 | complete
Ep 1173 | 드론6 목적지53 |  423스텝 | 배송 53/53 | 재적재  9 | 중계율 0.09 | alpha 1.565 | complete
Ep 1174 | 드론4 목적지51 |  932스텝 | 배송 51/51 | 재적재  8 | 중계율 0.20 | alpha 1.578 | complete
Ep 1175 | 드론3 목적지74 | 1000스텝 | 배송 61/74 | 재적재 12 | 중계율 0.22 | alpha 1.610 | step_limit
Ep 1176 | 드론4 목적지66 | 1000스텝 | 배송 54/66 | 재적재  8 | 중계율 0.30 | alpha 1.610 | step_limit
Ep 1177 | 드론4 목적지66 |  955스텝 | 배송 66/66 | 재적재 11 | 중계율 0.18 | alpha 1.625 | complete
Ep 1178 | 드론5 목적지39 | 1000스텝 | 배송 36/39 | 재적재  6 | 중계율 0.26 | alpha 1.590 | step_limit
Ep 1179 | 드론4 목적지21 |  504스텝 | 배송 21/21 | 재적재  3 | 중계율 0.19 | alpha 1.586 | complete
Ep 1180 | 드론4 목적지33 |  554스텝 | 배송 33/33 | 재적재  6 | 중계율 0.12 | alpha 1.594 | complete
Ep 1181 | 드론3 목적지41 |  952스텝 | 배송 41/41 | 재적재  6 | 중계율 0.30 | alpha 1.554 | complete
Ep 1182 | 드론6 목적지48 |  541스텝 | 배송 48/48 | 재적재  8 | 중계율 0.13 | alpha 1.548 | complete
Ep 1183 | 드론5 목적지22 |  354스텝 | 배송 22/22 | 재적재  2 | 중계율 0.12 | alpha 1.555 | complete
Ep 1184 | 드론6 목적지24 |  202스텝 | 배송 24/24 | 재적재  2 | 중계율 0.05 | alpha 1.562 | complete
Ep 1185 | 드론4 목적지79 | 1000스텝 | 배송 68/79 | 재적재 11 | 중계율 0.20 | alpha 1.606 | step_limit
Ep 1186 | 드론3 목적지43 |  870스텝 | 배송 43/43 | 재적재  7 | 중계율 0.23 | alpha 1.574 | complete
Ep 1187 | 드론5 목적지80 |  852스텝 | 배송 80/80 | 재적재 15 | 중계율 0.15 | alpha 1.571 | complete
Ep 1188 | 드론4 목적지67 |  842스텝 | 배송 67/67 | 재적재 12 | 중계율 0.11 | alpha 1.578 | complete
Ep 1189 | 드론5 목적지67 |  959스텝 | 배송 67/67 | 재적재 10 | 중계율 0.22 | alpha 1.588 | complete
Ep 1190 | 드론4 목적지28 |  483스텝 | 배송 28/28 | 재적재  3 | 중계율 0.18 | alpha 1.593 | complete
Ep 1191 | 드론4 목적지67 | 1000스텝 | 배송 66/67 | 재적재 12 | 중계율 0.23 | alpha 1.585 | step_limit
Ep 1192 | 드론4 목적지44 |  800스텝 | 배송 44/44 | 재적재  7 | 중계율 0.20 | alpha 1.583 | complete
Ep 1193 | 드론5 목적지53 |  541스텝 | 배송 53/53 | 재적재  9 | 중계율 0.06 | alpha 1.561 | complete
Ep 1194 | 드론5 목적지27 |  410스텝 | 배송 27/27 | 재적재  3 | 중계율 0.07 | alpha 1.562 | complete
Ep 1195 | 드론6 목적지57 |  422스텝 | 배송 57/57 | 재적재  9 | 중계율 0.06 | alpha 1.556 | complete
Ep 1196 | 드론4 목적지74 |  838스텝 | 배송 74/74 | 재적재 14 | 중계율 0.16 | alpha 1.551 | complete
Ep 1197 | 드론6 목적지25 |  206스텝 | 배송 25/25 | 재적재  0 | 중계율 0.08 | alpha 1.553 | complete
Ep 1198 | 드론6 목적지35 |  388스텝 | 배송 35/35 | 재적재  5 | 중계율 0.12 | alpha 1.563 | complete
Ep 1199 | 드론6 목적지29 |  414스텝 | 배송 29/29 | 재적재  3 | 중계율 0.18 | alpha 1.568 | complete
Ep 1200 | 드론3 목적지40 |  673스텝 | 배송 40/40 | 재적재  7 | 중계율 0.13 | alpha 1.590 | complete
  [홀드아웃] 배송 49.4±2.6 완주 0.93 스텝 1093 점수 98.9 재적재 8.4 2홉+ 0.63 | 최고 106.6@ep650 정체 11/15
Ep 1201 | 드론3 목적지43 | 1000스텝 | 배송 40/43 | 재적재  8 | 중계율 0.24 | alpha 1.574 | step_limit
Ep 1202 | 드론4 목적지25 |  353스텝 | 배송 25/25 | 재적재  3 | 중계율 0.07 | alpha 1.562 | complete
Ep 1203 | 드론3 목적지48 |  880스텝 | 배송 48/48 | 재적재  9 | 중계율 0.21 | alpha 1.546 | complete
Ep 1204 | 드론4 목적지59 | 1000스텝 | 배송 54/59 | 재적재 10 | 중계율 0.26 | alpha 1.587 | step_limit
Ep 1205 | 드론6 목적지53 |  399스텝 | 배송 53/53 | 재적재  8 | 중계율 0.08 | alpha 1.571 | complete
Ep 1206 | 드론3 목적지45 | 1000스텝 | 배송 43/45 | 재적재  7 | 중계율 0.23 | alpha 1.560 | step_limit
Ep 1207 | 드론3 목적지72 | 1000스텝 | 배송 58/72 | 재적재 11 | 중계율 0.23 | alpha 1.536 | step_limit
Ep 1208 | 드론3 목적지68 | 1000스텝 | 배송 57/68 | 재적재 11 | 중계율 0.25 | alpha 1.533 | step_limit
Ep 1209 | 드론5 목적지37 |  417스텝 | 배송 37/37 | 재적재  4 | 중계율 0.14 | alpha 1.536 | complete
Ep 1210 | 드론4 목적지40 |  558스텝 | 배송 40/40 | 재적재  6 | 중계율 0.12 | alpha 1.543 | complete
Ep 1211 | 드론5 목적지40 |  439스텝 | 배송 40/40 | 재적재  6 | 중계율 0.09 | alpha 1.545 | complete
Ep 1212 | 드론6 목적지47 |  469스텝 | 배송 47/47 | 재적재  7 | 중계율 0.11 | alpha 1.529 | complete
Ep 1213 | 드론6 목적지44 |  356스텝 | 배송 44/44 | 재적재  5 | 중계율 0.10 | alpha 1.524 | complete
Ep 1214 | 드론4 목적지54 |  698스텝 | 배송 54/54 | 재적재 10 | 중계율 0.17 | alpha 1.498 | complete
Ep 1215 | 드론3 목적지71 | 1000스텝 | 배송 60/71 | 재적재 12 | 중계율 0.20 | alpha 1.500 | step_limit
Ep 1216 | 드론6 목적지68 | 1000스텝 | 배송 63/68 | 재적재 11 | 중계율 0.20 | alpha 1.506 | step_limit
Ep 1217 | 드론3 목적지48 | 1000스텝 | 배송 47/48 | 재적재  9 | 중계율 0.24 | alpha 1.538 | step_limit
Ep 1218 | 드론5 목적지37 |  380스텝 | 배송 37/37 | 재적재  5 | 중계율 0.11 | alpha 1.557 | complete
Ep 1219 | 드론4 목적지80 |  954스텝 | 배송 80/80 | 재적재 15 | 중계율 0.20 | alpha 1.567 | complete
Ep 1220 | 드론4 목적지63 |  900스텝 | 배송 63/63 | 재적재 11 | 중계율 0.17 | alpha 1.539 | complete
Ep 1221 | 드론3 목적지21 |  669스텝 | 배송 21/21 | 재적재  3 | 중계율 0.21 | alpha 1.522 | complete
Ep 1222 | 드론3 목적지59 | 1000스텝 | 배송 55/59 | 재적재 10 | 중계율 0.13 | alpha 1.497 | step_limit
Ep 1223 | 드론4 목적지25 |  874스텝 | 배송 25/25 | 재적재  4 | 중계율 0.23 | alpha 1.496 | complete
Ep 1224 | 드론4 목적지53 |  919스텝 | 배송 53/53 | 재적재  9 | 중계율 0.18 | alpha 1.520 | complete
Ep 1225 | 드론3 목적지66 | 1000스텝 | 배송 61/66 | 재적재 11 | 중계율 0.23 | alpha 1.546 | step_limit
Ep 1226 | 드론5 목적지39 |  456스텝 | 배송 39/39 | 재적재  6 | 중계율 0.06 | alpha 1.553 | complete
Ep 1227 | 드론6 목적지70 |  516스텝 | 배송 70/70 | 재적재 12 | 중계율 0.11 | alpha 1.534 | complete
Ep 1228 | 드론3 목적지52 | 1000스텝 | 배송 51/52 | 재적재 10 | 중계율 0.27 | alpha 1.528 | step_limit
Ep 1229 | 드론3 목적지43 |  910스텝 | 배송 43/43 | 재적재  8 | 중계율 0.23 | alpha 1.526 | complete
Ep 1230 | 드론3 목적지79 | 1000스텝 | 배송 58/79 | 재적재  9 | 중계율 0.25 | alpha 1.533 | step_limit
Ep 1231 | 드론4 목적지30 |  333스텝 | 배송 30/30 | 재적재  4 | 중계율 0.11 | alpha 1.537 | complete
Ep 1232 | 드론4 목적지67 |  915스텝 | 배송 67/67 | 재적재 12 | 중계율 0.15 | alpha 1.515 | complete
Ep 1233 | 드론5 목적지36 |  469스텝 | 배송 36/36 | 재적재  5 | 중계율 0.12 | alpha 1.512 | complete
Ep 1234 | 드론4 목적지71 |  957스텝 | 배송 71/71 | 재적재 12 | 중계율 0.18 | alpha 1.522 | complete
Ep 1235 | 드론5 목적지57 |  821스텝 | 배송 57/57 | 재적재 10 | 중계율 0.15 | alpha 1.524 | complete
Ep 1236 | 드론6 목적지53 |  401스텝 | 배송 53/53 | 재적재  6 | 중계율 0.14 | alpha 1.539 | complete
Ep 1237 | 드론5 목적지71 | 1000스텝 | 배송 61/71 | 재적재 11 | 중계율 0.24 | alpha 1.539 | step_limit
Ep 1238 | 드론6 목적지65 |  716스텝 | 배송 65/65 | 재적재 10 | 중계율 0.19 | alpha 1.538 | complete
Ep 1239 | 드론4 목적지60 | 1000스텝 | 배송 52/60 | 재적재  9 | 중계율 0.25 | alpha 1.557 | step_limit
Ep 1240 | 드론4 목적지53 | 1000스텝 | 배송 52/53 | 재적재  9 | 중계율 0.26 | alpha 1.564 | step_limit
Ep 1241 | 드론3 목적지80 | 1000스텝 | 배송 60/80 | 재적재 11 | 중계율 0.23 | alpha 1.531 | step_limit
Ep 1242 | 드론5 목적지25 |  339스텝 | 배송 25/25 | 재적재  4 | 중계율 0.08 | alpha 1.528 | complete
Ep 1243 | 드론4 목적지63 | 1000스텝 | 배송 59/63 | 재적재 10 | 중계율 0.25 | alpha 1.569 | step_limit
Ep 1244 | 드론6 목적지36 |  378스텝 | 배송 36/36 | 재적재  6 | 중계율 0.16 | alpha 1.562 | complete
Ep 1245 | 드론6 목적지42 |  458스텝 | 배송 42/42 | 재적재  7 | 중계율 0.12 | alpha 1.577 | complete
Ep 1246 | 드론4 목적지34 |  519스텝 | 배송 34/34 | 재적재  6 | 중계율 0.08 | alpha 1.589 | complete
Ep 1247 | 드론5 목적지41 |  495스텝 | 배송 41/41 | 재적재  7 | 중계율 0.10 | alpha 1.603 | complete
Ep 1248 | 드론5 목적지56 |  654스텝 | 배송 56/56 | 재적재 10 | 중계율 0.11 | alpha 1.589 | complete
Ep 1249 | 드론4 목적지52 |  714스텝 | 배송 52/52 | 재적재  8 | 중계율 0.12 | alpha 1.591 | complete
Ep 1250 | 드론3 목적지29 |  690스텝 | 배송 29/29 | 재적재  5 | 중계율 0.26 | alpha 1.580 | complete
  [홀드아웃] 배송 49.6±2.3 완주 0.97 스텝 1047 점수 104.0 재적재 8.5 2홉+ 0.63 | 최고 106.6@ep650 정체 12/15
Ep 1251 | 드론4 목적지71 | 1000스텝 | 배송 63/71 | 재적재 11 | 중계율 0.26 | alpha 1.592 | step_limit
Ep 1252 | 드론5 목적지79 |  951스텝 | 배송 79/79 | 재적재 14 | 중계율 0.20 | alpha 1.586 | complete
Ep 1253 | 드론6 목적지71 |  579스텝 | 배송 71/71 | 재적재 11 | 중계율 0.16 | alpha 1.589 | complete
Ep 1254 | 드론6 목적지47 |  625스텝 | 배송 47/47 | 재적재  9 | 중계율 0.17 | alpha 1.591 | complete
Ep 1255 | 드론5 목적지70 |  712스텝 | 배송 70/70 | 재적재 12 | 중계율 0.12 | alpha 1.613 | complete
Ep 1256 | 드론3 목적지67 | 1000스텝 | 배송 60/67 | 재적재 10 | 중계율 0.27 | alpha 1.620 | step_limit
Ep 1257 | 드론4 목적지41 |  683스텝 | 배송 41/41 | 재적재  7 | 중계율 0.20 | alpha 1.631 | complete
Ep 1258 | 드론5 목적지41 |  550스텝 | 배송 41/41 | 재적재  5 | 중계율 0.16 | alpha 1.646 | complete
Ep 1259 | 드론4 목적지67 | 1000스텝 | 배송 66/67 | 재적재 13 | 중계율 0.24 | alpha 1.647 | step_limit
Ep 1260 | 드론3 목적지20 |  585스텝 | 배송 20/20 | 재적재  2 | 중계율 0.18 | alpha 1.647 | complete
Ep 1261 | 드론4 목적지45 |  768스텝 | 배송 45/45 | 재적재  8 | 중계율 0.18 | alpha 1.640 | complete
Ep 1262 | 드론3 목적지61 | 1000스텝 | 배송 58/61 | 재적재 11 | 중계율 0.23 | alpha 1.627 | step_limit
Ep 1263 | 드론6 목적지34 |  288스텝 | 배송 34/34 | 재적재  5 | 중계율 0.10 | alpha 1.617 | complete
Ep 1264 | 드론6 목적지31 |  288스텝 | 배송 31/31 | 재적재  5 | 중계율 0.05 | alpha 1.614 | complete
Ep 1265 | 드론4 목적지56 | 1000스텝 | 배송 51/56 | 재적재  9 | 중계율 0.21 | alpha 1.619 | step_limit
Ep 1266 | 드론4 목적지23 |  326스텝 | 배송 23/23 | 재적재  3 | 중계율 0.06 | alpha 1.605 | complete
Ep 1267 | 드론3 목적지63 | 1000스텝 | 배송 57/63 | 재적재 10 | 중계율 0.22 | alpha 1.609 | step_limit
Ep 1268 | 드론3 목적지39 |  650스텝 | 배송 39/39 | 재적재  7 | 중계율 0.14 | alpha 1.618 | complete
Ep 1269 | 드론5 목적지70 |  705스텝 | 배송 70/70 | 재적재 12 | 중계율 0.14 | alpha 1.604 | complete
Ep 1270 | 드론5 목적지39 |  673스텝 | 배송 39/39 | 재적재  7 | 중계율 0.14 | alpha 1.594 | complete
Ep 1271 | 드론3 목적지74 | 1000스텝 | 배송 68/74 | 재적재 12 | 중계율 0.17 | alpha 1.599 | step_limit
Ep 1272 | 드론5 목적지20 |  419스텝 | 배송 20/20 | 재적재  2 | 중계율 0.13 | alpha 1.622 | complete
Ep 1273 | 드론3 목적지27 |  605스텝 | 배송 27/27 | 재적재  4 | 중계율 0.21 | alpha 1.621 | complete
Ep 1274 | 드론3 목적지34 |  861스텝 | 배송 34/34 | 재적재  6 | 중계율 0.21 | alpha 1.619 | complete
Ep 1275 | 드론3 목적지29 |  963스텝 | 배송 29/29 | 재적재  5 | 중계율 0.27 | alpha 1.633 | complete
Ep 1276 | 드론6 목적지62 |  533스텝 | 배송 62/62 | 재적재  9 | 중계율 0.12 | alpha 1.648 | complete
Ep 1277 | 드론3 목적지77 | 1000스텝 | 배송 57/77 | 재적재 11 | 중계율 0.20 | alpha 1.614 | step_limit
Ep 1278 | 드론3 목적지59 | 1000스텝 | 배송 47/59 | 재적재  9 | 중계율 0.30 | alpha 1.610 | step_limit
Ep 1279 | 드론6 목적지39 |  505스텝 | 배송 39/39 | 재적재  5 | 중계율 0.13 | alpha 1.598 | complete
Ep 1280 | 드론4 목적지31 |  497스텝 | 배송 31/31 | 재적재  5 | 중계율 0.15 | alpha 1.597 | complete
Ep 1281 | 드론3 목적지36 |  728스텝 | 배송 36/36 | 재적재  5 | 중계율 0.24 | alpha 1.598 | complete
Ep 1282 | 드론4 목적지39 |  553스텝 | 배송 39/39 | 재적재  6 | 중계율 0.12 | alpha 1.585 | complete
Ep 1283 | 드론3 목적지43 |  838스텝 | 배송 43/43 | 재적재  7 | 중계율 0.20 | alpha 1.590 | complete
Ep 1284 | 드론5 목적지25 |  483스텝 | 배송 25/25 | 재적재  3 | 중계율 0.17 | alpha 1.586 | complete
Ep 1285 | 드론6 목적지74 |  674스텝 | 배송 74/74 | 재적재 13 | 중계율 0.10 | alpha 1.585 | complete
Ep 1286 | 드론3 목적지76 | 1000스텝 | 배송 58/76 | 재적재 11 | 중계율 0.25 | alpha 1.608 | step_limit
Ep 1287 | 드론6 목적지59 |  687스텝 | 배송 59/59 | 재적재 10 | 중계율 0.16 | alpha 1.607 | complete
Ep 1288 | 드론5 목적지77 |  716스텝 | 배송 77/77 | 재적재 12 | 중계율 0.11 | alpha 1.627 | complete
Ep 1289 | 드론3 목적지24 |  396스텝 | 배송 24/24 | 재적재  4 | 중계율 0.10 | alpha 1.624 | complete
Ep 1290 | 드론5 목적지52 |  844스텝 | 배송 52/52 | 재적재  8 | 중계율 0.19 | alpha 1.615 | complete
Ep 1291 | 드론3 목적지42 |  726스텝 | 배송 42/42 | 재적재  7 | 중계율 0.19 | alpha 1.597 | complete
Ep 1292 | 드론3 목적지77 | 1000스텝 | 배송 57/77 | 재적재  9 | 중계율 0.27 | alpha 1.632 | step_limit
Ep 1293 | 드론5 목적지76 |  854스텝 | 배송 76/76 | 재적재 14 | 중계율 0.19 | alpha 1.638 | complete
Ep 1294 | 드론6 목적지31 |  316스텝 | 배송 31/31 | 재적재  4 | 중계율 0.12 | alpha 1.652 | complete
Ep 1295 | 드론5 목적지61 |  932스텝 | 배송 61/61 | 재적재 10 | 중계율 0.25 | alpha 1.622 | complete
Ep 1296 | 드론4 목적지50 |  783스텝 | 배송 50/50 | 재적재  8 | 중계율 0.15 | alpha 1.621 | complete
Ep 1297 | 드론5 목적지76 | 1000스텝 | 배송 75/76 | 재적재 13 | 중계율 0.23 | alpha 1.589 | step_limit
Ep 1298 | 드론5 목적지36 |  414스텝 | 배송 36/36 | 재적재  5 | 중계율 0.14 | alpha 1.581 | complete
Ep 1299 | 드론5 목적지66 |  624스텝 | 배송 66/66 | 재적재  9 | 중계율 0.08 | alpha 1.576 | complete
Ep 1300 | 드론3 목적지21 |  601스텝 | 배송 21/21 | 재적재  3 | 중계율 0.19 | alpha 1.564 | complete
  [홀드아웃] 배송 50.0±0.0 완주 1.00 스텝 1123 점수 106.3 재적재 8.5 2홉+ 0.63 | 최고 106.6@ep650 정체 13/15
Ep 1301 | 드론3 목적지47 |  859스텝 | 배송 47/47 | 재적재  8 | 중계율 0.20 | alpha 1.559 | complete
Ep 1302 | 드론3 목적지58 |  977스텝 | 배송 58/58 | 재적재 11 | 중계율 0.20 | alpha 1.578 | complete
Ep 1303 | 드론5 목적지61 |  998스텝 | 배송 61/61 | 재적재 11 | 중계율 0.24 | alpha 1.616 | complete
Ep 1304 | 드론3 목적지67 | 1000스텝 | 배송 61/67 | 재적재 12 | 중계율 0.19 | alpha 1.628 | step_limit
Ep 1305 | 드론6 목적지61 |  500스텝 | 배송 61/61 | 재적재 10 | 중계율 0.09 | alpha 1.634 | complete
Ep 1306 | 드론3 목적지79 | 1000스텝 | 배송 68/79 | 재적재 12 | 중계율 0.18 | alpha 1.634 | step_limit
Ep 1307 | 드론5 목적지73 |  761스텝 | 배송 73/73 | 재적재 13 | 중계율 0.13 | alpha 1.623 | complete
Ep 1308 | 드론5 목적지60 | 1000스텝 | 배송 58/60 | 재적재 10 | 중계율 0.20 | alpha 1.620 | step_limit
Ep 1309 | 드론6 목적지77 |  593스텝 | 배송 77/77 | 재적재 12 | 중계율 0.11 | alpha 1.610 | complete
Ep 1310 | 드론5 목적지72 |  720스텝 | 배송 72/72 | 재적재 12 | 중계율 0.14 | alpha 1.617 | complete
Ep 1311 | 드론3 목적지60 | 1000스텝 | 배송 57/60 | 재적재 11 | 중계율 0.24 | alpha 1.612 | step_limit
Ep 1312 | 드론5 목적지59 |  797스텝 | 배송 59/59 | 재적재 11 | 중계율 0.18 | alpha 1.629 | complete
Ep 1313 | 드론3 목적지72 | 1000스텝 | 배송 50/72 | 재적재  8 | 중계율 0.22 | alpha 1.627 | step_limit
Ep 1314 | 드론4 목적지67 | 1000스텝 | 배송 59/67 | 재적재 10 | 중계율 0.26 | alpha 1.601 | step_limit
Ep 1315 | 드론6 목적지58 |  452스텝 | 배송 58/58 | 재적재 10 | 중계율 0.08 | alpha 1.602 | complete
Ep 1316 | 드론3 목적지66 | 1000스텝 | 배송 50/66 | 재적재  9 | 중계율 0.26 | alpha 1.620 | step_limit
Ep 1317 | 드론5 목적지67 |  898스텝 | 배송 67/67 | 재적재 11 | 중계율 0.20 | alpha 1.646 | complete
Ep 1318 | 드론4 목적지28 |  531스텝 | 배송 28/28 | 재적재  4 | 중계율 0.17 | alpha 1.618 | complete
Ep 1319 | 드론4 목적지34 |  648스텝 | 배송 34/34 | 재적재  5 | 중계율 0.20 | alpha 1.593 | complete
Ep 1320 | 드론4 목적지57 |  835스텝 | 배송 57/57 | 재적재  9 | 중계율 0.15 | alpha 1.596 | complete
Ep 1321 | 드론6 목적지59 |  428스텝 | 배송 59/59 | 재적재  9 | 중계율 0.07 | alpha 1.578 | complete
Ep 1322 | 드론4 목적지39 |  766스텝 | 배송 39/39 | 재적재  6 | 중계율 0.15 | alpha 1.588 | complete
Ep 1323 | 드론6 목적지48 |  480스텝 | 배송 48/48 | 재적재  7 | 중계율 0.16 | alpha 1.582 | complete
Ep 1324 | 드론5 목적지52 |  463스텝 | 배송 52/52 | 재적재  9 | 중계율 0.11 | alpha 1.579 | complete
Ep 1325 | 드론5 목적지40 |  513스텝 | 배송 40/40 | 재적재  7 | 중계율 0.10 | alpha 1.573 | complete
Ep 1326 | 드론3 목적지40 | 1000스텝 | 배송 38/40 | 재적재  6 | 중계율 0.28 | alpha 1.598 | step_limit
Ep 1327 | 드론3 목적지23 |  497스텝 | 배송 23/23 | 재적재  3 | 중계율 0.14 | alpha 1.606 | complete
Ep 1328 | 드론6 목적지25 |  239스텝 | 배송 25/25 | 재적재  0 | 중계율 0.11 | alpha 1.618 | complete
Ep 1329 | 드론3 목적지51 | 1000스텝 | 배송 50/51 | 재적재  9 | 중계율 0.27 | alpha 1.611 | step_limit
Ep 1330 | 드론6 목적지42 |  561스텝 | 배송 42/42 | 재적재  7 | 중계율 0.21 | alpha 1.617 | complete
Ep 1331 | 드론6 목적지48 |  539스텝 | 배송 48/48 | 재적재  7 | 중계율 0.17 | alpha 1.624 | complete
Ep 1332 | 드론5 목적지21 |  332스텝 | 배송 21/21 | 재적재  2 | 중계율 0.17 | alpha 1.619 | complete
Ep 1333 | 드론6 목적지42 |  384스텝 | 배송 42/42 | 재적재  6 | 중계율 0.13 | alpha 1.609 | complete
Ep 1334 | 드론6 목적지30 |  433스텝 | 배송 30/30 | 재적재  2 | 중계율 0.17 | alpha 1.600 | complete
Ep 1335 | 드론5 목적지52 |  635스텝 | 배송 52/52 | 재적재  9 | 중계율 0.12 | alpha 1.609 | complete
Ep 1336 | 드론4 목적지31 |  537스텝 | 배송 31/31 | 재적재  4 | 중계율 0.15 | alpha 1.619 | complete
Ep 1337 | 드론5 목적지70 |  646스텝 | 배송 70/70 | 재적재 10 | 중계율 0.11 | alpha 1.593 | complete
Ep 1338 | 드론3 목적지80 | 1000스텝 | 배송 72/80 | 재적재 12 | 중계율 0.19 | alpha 1.577 | step_limit
Ep 1339 | 드론5 목적지74 |  696스텝 | 배송 74/74 | 재적재 14 | 중계율 0.11 | alpha 1.582 | complete
Ep 1340 | 드론5 목적지77 | 1000스텝 | 배송 75/77 | 재적재 12 | 중계율 0.21 | alpha 1.597 | step_limit
Ep 1341 | 드론5 목적지30 |  455스텝 | 배송 30/30 | 재적재  5 | 중계율 0.08 | alpha 1.603 | complete
Ep 1342 | 드론6 목적지59 |  812스텝 | 배송 59/59 | 재적재 10 | 중계율 0.20 | alpha 1.565 | complete
Ep 1343 | 드론5 목적지28 |  619스텝 | 배송 28/28 | 재적재  4 | 중계율 0.18 | alpha 1.575 | complete
Ep 1344 | 드론4 목적지48 |  718스텝 | 배송 48/48 | 재적재  7 | 중계율 0.16 | alpha 1.560 | complete
Ep 1345 | 드론3 목적지61 | 1000스텝 | 배송 59/61 | 재적재 10 | 중계율 0.18 | alpha 1.549 | step_limit
Ep 1346 | 드론4 목적지54 |  765스텝 | 배송 54/54 | 재적재  9 | 중계율 0.17 | alpha 1.529 | complete
Ep 1347 | 드론4 목적지68 | 1000스텝 | 배송 66/68 | 재적재 12 | 중계율 0.24 | alpha 1.558 | step_limit
Ep 1348 | 드론4 목적지25 |  361스텝 | 배송 25/25 | 재적재  3 | 중계율 0.12 | alpha 1.561 | complete
Ep 1349 | 드론6 목적지33 |  330스텝 | 배송 33/33 | 재적재  6 | 중계율 0.10 | alpha 1.551 | complete
Ep 1350 | 드론4 목적지70 |  939스텝 | 배송 70/70 | 재적재 12 | 중계율 0.17 | alpha 1.557 | complete
  [홀드아웃] 배송 50.0±0.0 완주 1.00 스텝 1124 점수 106.3 재적재 8.6 2홉+ 0.63 | 최고 106.6@ep650 정체 14/15
Ep 1351 | 드론4 목적지42 |  743스텝 | 배송 42/42 | 재적재  7 | 중계율 0.16 | alpha 1.590 | complete
Ep 1352 | 드론3 목적지30 |  899스텝 | 배송 30/30 | 재적재  5 | 중계율 0.28 | alpha 1.598 | complete
Ep 1353 | 드론3 목적지55 | 1000스텝 | 배송 53/55 | 재적재 10 | 중계율 0.23 | alpha 1.609 | step_limit
Ep 1354 | 드론4 목적지25 |  992스텝 | 배송 25/25 | 재적재  4 | 중계율 0.30 | alpha 1.636 | complete
Ep 1355 | 드론4 목적지54 |  925스텝 | 배송 54/54 | 재적재 10 | 중계율 0.11 | alpha 1.664 | complete
Ep 1356 | 드론6 목적지76 |  819스텝 | 배송 76/76 | 재적재 14 | 중계율 0.21 | alpha 1.661 | complete
Ep 1357 | 드론4 목적지61 | 1000스텝 | 배송 50/61 | 재적재  7 | 중계율 0.29 | alpha 1.632 | step_limit
Ep 1358 | 드론5 목적지36 |  538스텝 | 배송 36/36 | 재적재  6 | 중계율 0.16 | alpha 1.655 | complete
Ep 1359 | 드론3 목적지38 | 1000스텝 | 배송 35/38 | 재적재  6 | 중계율 0.30 | alpha 1.664 | step_limit
Ep 1360 | 드론4 목적지22 |  472스텝 | 배송 22/22 | 재적재  3 | 중계율 0.15 | alpha 1.666 | complete
Ep 1361 | 드론3 목적지53 | 1000스텝 | 배송 50/53 | 재적재  9 | 중계율 0.24 | alpha 1.649 | step_limit
Ep 1362 | 드론3 목적지69 | 1000스텝 | 배송 55/69 | 재적재  9 | 중계율 0.22 | alpha 1.653 | step_limit
Ep 1363 | 드론6 목적지80 |  911스텝 | 배송 80/80 | 재적재 14 | 중계율 0.17 | alpha 1.663 | complete
Ep 1364 | 드론4 목적지73 | 1000스텝 | 배송 66/73 | 재적재 13 | 중계율 0.21 | alpha 1.663 | step_limit
Ep 1365 | 드론6 목적지36 |  505스텝 | 배송 36/36 | 재적재  6 | 중계율 0.19 | alpha 1.650 | complete
Ep 1366 | 드론4 목적지76 | 1000스텝 | 배송 70/76 | 재적재 12 | 중계율 0.27 | alpha 1.634 | step_limit
Ep 1367 | 드론5 목적지75 |  646스텝 | 배송 75/75 | 재적재 13 | 중계율 0.09 | alpha 1.625 | complete
Ep 1368 | 드론6 목적지47 |  405스텝 | 배송 47/47 | 재적재  7 | 중계율 0.10 | alpha 1.625 | complete
Ep 1369 | 드론5 목적지68 |  692스텝 | 배송 68/68 | 재적재 13 | 중계율 0.17 | alpha 1.621 | complete
Ep 1370 | 드론5 목적지48 |  621스텝 | 배송 48/48 | 재적재  7 | 중계율 0.19 | alpha 1.631 | complete
Ep 1371 | 드론6 목적지24 |  275스텝 | 배송 24/24 | 재적재  1 | 중계율 0.10 | alpha 1.633 | complete
Ep 1372 | 드론6 목적지55 |  612스텝 | 배송 55/55 | 재적재  9 | 중계율 0.15 | alpha 1.621 | complete
Ep 1373 | 드론4 목적지23 |  479스텝 | 배송 23/23 | 재적재  3 | 중계율 0.20 | alpha 1.631 | complete
Ep 1374 | 드론3 목적지27 |  715스텝 | 배송 27/27 | 재적재  4 | 중계율 0.23 | alpha 1.630 | complete
Ep 1375 | 드론4 목적지63 | 1000스텝 | 배송 56/63 | 재적재  9 | 중계율 0.27 | alpha 1.615 | step_limit
Ep 1376 | 드론6 목적지56 |  558스텝 | 배송 56/56 | 재적재 10 | 중계율 0.16 | alpha 1.613 | complete
Ep 1377 | 드론4 목적지60 | 1000스텝 | 배송 56/60 | 재적재 10 | 중계율 0.25 | alpha 1.659 | step_limit
Ep 1378 | 드론3 목적지73 | 1000스텝 | 배송 64/73 | 재적재 11 | 중계율 0.22 | alpha 1.697 | step_limit
Ep 1379 | 드론4 목적지49 |  521스텝 | 배송 49/49 | 재적재  8 | 중계율 0.14 | alpha 1.706 | complete
Ep 1380 | 드론4 목적지67 |  801스텝 | 배송 67/67 | 재적재 12 | 중계율 0.13 | alpha 1.722 | complete
Ep 1381 | 드론4 목적지63 |  761스텝 | 배송 63/63 | 재적재 11 | 중계율 0.14 | alpha 1.714 | complete
Ep 1382 | 드론4 목적지74 | 1000스텝 | 배송 65/74 | 재적재 12 | 중계율 0.24 | alpha 1.674 | step_limit
Ep 1383 | 드론4 목적지48 |  745스텝 | 배송 48/48 | 재적재  9 | 중계율 0.20 | alpha 1.663 | complete
Ep 1384 | 드론6 목적지26 |  282스텝 | 배송 26/26 | 재적재  3 | 중계율 0.13 | alpha 1.655 | complete
Ep 1385 | 드론4 목적지38 |  674스텝 | 배송 38/38 | 재적재  6 | 중계율 0.15 | alpha 1.651 | complete
Ep 1386 | 드론3 목적지20 |  529스텝 | 배송 20/20 | 재적재  2 | 중계율 0.17 | alpha 1.634 | complete
Ep 1387 | 드론5 목적지36 |  573스텝 | 배송 36/36 | 재적재  4 | 중계율 0.19 | alpha 1.614 | complete
Ep 1388 | 드론3 목적지50 | 1000스텝 | 배송 46/50 | 재적재  8 | 중계율 0.23 | alpha 1.624 | step_limit
Ep 1389 | 드론4 목적지77 |  837스텝 | 배송 77/77 | 재적재 13 | 중계율 0.15 | alpha 1.595 | complete
Ep 1390 | 드론6 목적지20 |  253스텝 | 배송 20/20 | 재적재  2 | 중계율 0.07 | alpha 1.588 | complete
Ep 1391 | 드론6 목적지64 |  558스텝 | 배송 64/64 | 재적재 11 | 중계율 0.12 | alpha 1.589 | complete
Ep 1392 | 드론4 목적지63 |  799스텝 | 배송 63/63 | 재적재 11 | 중계율 0.16 | alpha 1.627 | complete
Ep 1393 | 드론6 목적지76 |  758스텝 | 배송 76/76 | 재적재 13 | 중계율 0.15 | alpha 1.629 | complete
Ep 1394 | 드론5 목적지23 |  419스텝 | 배송 23/23 | 재적재  2 | 중계율 0.18 | alpha 1.639 | complete
Ep 1395 | 드론4 목적지25 |  694스텝 | 배송 25/25 | 재적재  3 | 중계율 0.19 | alpha 1.636 | complete
Ep 1396 | 드론4 목적지59 | 1000스텝 | 배송 57/59 | 재적재 10 | 중계율 0.24 | alpha 1.612 | step_limit
Ep 1397 | 드론6 목적지49 |  538스텝 | 배송 49/49 | 재적재  7 | 중계율 0.12 | alpha 1.612 | complete
Ep 1398 | 드론5 목적지66 |  791스텝 | 배송 66/66 | 재적재 11 | 중계율 0.12 | alpha 1.603 | complete
Ep 1399 | 드론3 목적지69 | 1000스텝 | 배송 55/69 | 재적재  9 | 중계율 0.24 | alpha 1.593 | step_limit
Ep 1400 | 드론3 목적지50 |  886스텝 | 배송 50/50 | 재적재  9 | 중계율 0.28 | alpha 1.602 | complete
  [홀드아웃] 배송 50.0±0.0 완주 1.00 스텝 1085 점수 106.4 재적재 8.4 2홉+ 0.64 | 최고 106.6@ep650 정체 15/15

조기 종료. 최고 106.6@ep650
Training finished. best=106.6 @ ep650
