/home/kopt/enter/envs/wsl_neuroMCTS/lib/python3.10/site-packages/pygame/pkgdata.py:25: UserWarning: pkg_resources is deprecated as an API. See https://setuptools.pypa.io/en/latest/pkg_resources.html. The pkg_resources package is slated for removal as early as 2025-11-30. Refrain from using this package or pin to Setuptools<81.
  from pkg_resources import resource_stream, resource_exists
pygame 2.6.1 (SDL 2.28.4, Python 3.10.19)
Hello from the pygame community. https://www.pygame.org/contribute.html
집합 상위 학습 | 반경 300 상한 1000 무배송 500 gamma 0.997 구성=무작위 드론[3, 4] 목적지[20, 80] CC무작위 인스턴스=무작위 목표유지=off 완주보상=0.0 잔여페널티=0.0 규칙관측=False 규칙정규화=2.0 막힘페널티=0.0 도달권shaping=0.0 정체전환보상=0.0 엔트로피비=0.6->0.25@400 자기회귀=False 홀드아웃상한=3000 선택=makespan/속도가중치=40.0
/home/kopt/drone/proposed_src/pipeline/train_v5_26_09_15_23.py:354: UserWarning: Converting a tensor with requires_grad=True to a scalar may lead to unexpected behavior.
Consider using tensor.detach() first. (Triggered internally at /pytorch/torch/csrc/autograd/generated/python_variable_methods.cpp:836.)
  writer.add_scalar("train/alpha", float(log_alpha.exp()), ep)
Ep 1 | 드론4 목적지43 | 1000스텝 | 배송 39/43 | 재적재  7 | 중계율 0.10 | alpha 0.100 | step_limit
Ep 2 | 드론3 목적지74 | 1000스텝 | 배송 53/74 | 재적재  9 | 중계율 0.07 | alpha 0.100 | step_limit
Ep 3 | 드론4 목적지43 | 1000스텝 | 배송 38/43 | 재적재  6 | 중계율 0.07 | alpha 0.100 | step_limit
Ep 4 | 드론3 목적지23 | 1000스텝 | 배송 17/23 | 재적재  2 | 중계율 0.05 | alpha 0.100 | step_limit
Ep 5 | 드론3 목적지31 |  859스텝 | 배송 31/31 | 재적재  5 | 중계율 0.13 | alpha 0.099 | complete
Ep 6 | 드론3 목적지68 | 1000스텝 | 배송 46/68 | 재적재  7 | 중계율 0.19 | alpha 0.108 | step_limit
Ep 7 | 드론4 목적지44 |  979스텝 | 배송 44/44 | 재적재  7 | 중계율 0.35 | alpha 0.119 | complete
Ep 8 | 드론4 목적지30 |  433스텝 | 배송 30/30 | 재적재  4 | 중계율 0.30 | alpha 0.123 | complete
Ep 9 | 드론4 목적지42 |  791스텝 | 배송 42/42 | 재적재  6 | 중계율 0.32 | alpha 0.132 | complete
Ep 10 | 드론4 목적지47 |  677스텝 | 배송 47/47 | 재적재  8 | 중계율 0.27 | alpha 0.139 | complete
Ep 11 | 드론4 목적지21 |  373스텝 | 배송 21/21 | 재적재  3 | 중계율 0.22 | alpha 0.143 | complete
Ep 12 | 드론3 목적지37 |  858스텝 | 배송 37/37 | 재적재  6 | 중계율 0.26 | alpha 0.153 | complete
Ep 13 | 드론4 목적지28 |  539스텝 | 배송 28/28 | 재적재  5 | 중계율 0.26 | alpha 0.159 | complete
Ep 14 | 드론3 목적지41 |  896스텝 | 배송 41/41 | 재적재  7 | 중계율 0.29 | alpha 0.170 | complete
Ep 15 | 드론3 목적지66 | 1000스텝 | 배송 52/66 | 재적재  9 | 중계율 0.24 | alpha 0.183 | step_limit
Ep 16 | 드론3 목적지71 | 1000스텝 | 배송 64/71 | 재적재 12 | 중계율 0.28 | alpha 0.197 | step_limit
Ep 17 | 드론3 목적지24 | 1000스텝 | 배송 23/24 | 재적재  4 | 중계율 0.22 | alpha 0.212 | step_limit
Ep 18 | 드론4 목적지49 |  719스텝 | 배송 49/49 | 재적재  8 | 중계율 0.23 | alpha 0.223 | complete
Ep 19 | 드론4 목적지34 |  553스텝 | 배송 34/34 | 재적재  4 | 중계율 0.30 | alpha 0.232 | complete
Ep 20 | 드론3 목적지48 | 1000스텝 | 배송 42/48 | 재적재  8 | 중계율 0.25 | alpha 0.249 | step_limit
Ep 21 | 드론3 목적지63 | 1000스텝 | 배송 53/63 | 재적재  8 | 중계율 0.19 | alpha 0.268 | step_limit
Ep 22 | 드론4 목적지46 | 1000스텝 | 배송 40/46 | 재적재  5 | 중계율 0.24 | alpha 0.288 | step_limit
Ep 23 | 드론3 목적지44 | 1000스텝 | 배송 39/44 | 재적재  5 | 중계율 0.24 | alpha 0.309 | step_limit
Ep 24 | 드론4 목적지41 |  554스텝 | 배송 41/41 | 재적재  7 | 중계율 0.20 | alpha 0.322 | complete
Ep 25 | 드론4 목적지38 |  662스텝 | 배송 38/38 | 재적재  6 | 중계율 0.21 | alpha 0.337 | complete
Ep 26 | 드론4 목적지77 | 1000스텝 | 배송 72/77 | 재적재 13 | 중계율 0.22 | alpha 0.362 | step_limit
Ep 27 | 드론3 목적지41 | 1000스텝 | 배송 40/41 | 재적재  6 | 중계율 0.26 | alpha 0.389 | step_limit
Ep 28 | 드론4 목적지52 | 1000스텝 | 배송 48/52 | 재적재  8 | 중계율 0.33 | alpha 0.419 | step_limit
Ep 29 | 드론4 목적지72 | 1000스텝 | 배송 63/72 | 재적재 12 | 중계율 0.25 | alpha 0.450 | step_limit
Ep 30 | 드론4 목적지61 | 1000스텝 | 배송 55/61 | 재적재  9 | 중계율 0.34 | alpha 0.483 | step_limit
Ep 31 | 드론4 목적지45 |  723스텝 | 배송 45/45 | 재적재  6 | 중계율 0.23 | alpha 0.509 | complete
Ep 32 | 드론3 목적지68 | 1000스텝 | 배송 57/68 | 재적재 11 | 중계율 0.20 | alpha 0.547 | step_limit
Ep 33 | 드론3 목적지35 |  898스텝 | 배송 35/35 | 재적재  6 | 중계율 0.26 | alpha 0.583 | complete
Ep 34 | 드론3 목적지24 |  561스텝 | 배송 24/24 | 재적재  3 | 중계율 0.17 | alpha 0.607 | complete
Ep 35 | 드론3 목적지58 | 1000스텝 | 배송 54/58 | 재적재 10 | 중계율 0.25 | alpha 0.652 | step_limit
Ep 36 | 드론3 목적지64 | 1000스텝 | 배송 53/64 | 재적재 10 | 중계율 0.25 | alpha 0.699 | step_limit
Ep 37 | 드론4 목적지58 | 1000스텝 | 배송 51/58 | 재적재  8 | 중계율 0.30 | alpha 0.751 | step_limit
Ep 38 | 드론3 목적지77 | 1000스텝 | 배송 60/77 | 재적재 10 | 중계율 0.23 | alpha 0.806 | step_limit
Ep 39 | 드론3 목적지28 |  746스텝 | 배송 28/28 | 재적재  4 | 중계율 0.26 | alpha 0.849 | complete
Ep 40 | 드론3 목적지37 |  933스텝 | 배송 37/37 | 재적재  7 | 중계율 0.24 | alpha 0.908 | complete
Ep 41 | 드론4 목적지59 |  601스텝 | 배송 59/59 | 재적재  9 | 중계율 0.17 | alpha 0.947 | complete
Ep 42 | 드론4 목적지58 | 1000스텝 | 배송 52/58 | 재적재  9 | 중계율 0.29 | alpha 1.016 | step_limit
Ep 43 | 드론4 목적지20 |  406스텝 | 배송 20/20 | 재적재  2 | 중계율 0.20 | alpha 1.045 | complete
Ep 44 | 드론4 목적지30 |  489스텝 | 배송 30/30 | 재적재  4 | 중계율 0.13 | alpha 1.081 | complete
Ep 45 | 드론4 목적지39 |  571스텝 | 배송 39/39 | 재적재  5 | 중계율 0.22 | alpha 1.124 | complete
Ep 46 | 드론4 목적지32 |  513스텝 | 배송 32/32 | 재적재  4 | 중계율 0.26 | alpha 1.165 | complete
Ep 47 | 드론4 목적지35 |  842스텝 | 배송 35/35 | 재적재  4 | 중계율 0.27 | alpha 1.235 | complete
Ep 48 | 드론4 목적지39 |  953스텝 | 배송 39/39 | 재적재  7 | 중계율 0.32 | alpha 1.320 | complete
Ep 49 | 드론4 목적지47 | 1000스텝 | 배송 46/47 | 재적재  8 | 중계율 0.25 | alpha 1.414 | step_limit
Ep 50 | 드론3 목적지72 | 1000스텝 | 배송 54/72 | 재적재 10 | 중계율 0.18 | alpha 1.513 | step_limit
  [홀드아웃] 배송 49.8±1.5 완주 0.95 스텝 1226 점수 118.7 재적재 8.0 2홉+ 0.61 | 최고 118.7@ep50 정체 0/15  ← 갱신
Ep 51 | 드론3 목적지71 | 1000스텝 | 배송 58/71 | 재적재 10 | 중계율 0.23 | alpha 1.615 | step_limit
Ep 52 | 드론3 목적지45 | 1000스텝 | 배송 38/45 | 재적재  6 | 중계율 0.23 | alpha 1.718 | step_limit
Ep 53 | 드론4 목적지64 |  757스텝 | 배송 64/64 | 재적재 11 | 중계율 0.16 | alpha 1.794 | complete
Ep 54 | 드론4 목적지24 |  876스텝 | 배송 24/24 | 재적재  1 | 중계율 0.40 | alpha 1.877 | complete
Ep 55 | 드론4 목적지60 | 1000스텝 | 배송 54/60 | 재적재  8 | 중계율 0.29 | alpha 1.965 | step_limit
Ep 56 | 드론4 목적지20 |  380스텝 | 배송 20/20 | 재적재  3 | 중계율 0.17 | alpha 1.996 | complete
Ep 57 | 드론4 목적지61 | 1000스텝 | 배송 60/61 | 재적재 11 | 중계율 0.19 | alpha 2.070 | step_limit
Ep 58 | 드론4 목적지77 | 1000스텝 | 배송 71/77 | 재적재 12 | 중계율 0.20 | alpha 2.136 | step_limit
Ep 59 | 드론4 목적지40 |  849스텝 | 배송 40/40 | 재적재  6 | 중계율 0.34 | alpha 2.185 | complete
Ep 60 | 드론3 목적지76 | 1000스텝 | 배송 49/76 | 재적재  7 | 중계율 0.21 | alpha 2.233 | step_limit
Ep 61 | 드론4 목적지66 | 1000스텝 | 배송 62/66 | 재적재 10 | 중계율 0.26 | alpha 2.271 | step_limit
Ep 62 | 드론4 목적지43 |  901스텝 | 배송 43/43 | 재적재  7 | 중계율 0.23 | alpha 2.304 | complete
Ep 63 | 드론4 목적지57 |  892스텝 | 배송 57/57 | 재적재  9 | 중계율 0.22 | alpha 2.323 | complete
Ep 64 | 드론3 목적지52 | 1000스텝 | 배송 47/52 | 재적재  8 | 중계율 0.23 | alpha 2.338 | step_limit
Ep 65 | 드론4 목적지42 |  684스텝 | 배송 42/42 | 재적재  8 | 중계율 0.21 | alpha 2.353 | complete
Ep 66 | 드론3 목적지41 | 1000스텝 | 배송 40/41 | 재적재  7 | 중계율 0.28 | alpha 2.368 | step_limit
Ep 67 | 드론4 목적지23 |  583스텝 | 배송 23/23 | 재적재  3 | 중계율 0.20 | alpha 2.384 | complete
Ep 68 | 드론4 목적지77 |  772스텝 | 배송 77/77 | 재적재 13 | 중계율 0.10 | alpha 2.404 | complete
Ep 69 | 드론3 목적지48 |  736스텝 | 배송 48/48 | 재적재  8 | 중계율 0.20 | alpha 2.416 | complete
Ep 70 | 드론3 목적지69 | 1000스텝 | 배송 45/69 | 재적재  8 | 중계율 0.19 | alpha 2.420 | step_limit
Ep 71 | 드론4 목적지34 |  544스텝 | 배송 34/34 | 재적재  4 | 중계율 0.18 | alpha 2.426 | complete
Ep 72 | 드론4 목적지61 | 1000스텝 | 배송 55/61 | 재적재  9 | 중계율 0.28 | alpha 2.445 | step_limit
Ep 73 | 드론4 목적지50 | 1000스텝 | 배송 47/50 | 재적재  9 | 중계율 0.27 | alpha 2.464 | step_limit
Ep 74 | 드론3 목적지70 | 1000스텝 | 배송 62/70 | 재적재 11 | 중계율 0.16 | alpha 2.468 | step_limit
Ep 75 | 드론4 목적지21 |  370스텝 | 배송 21/21 | 재적재  2 | 중계율 0.27 | alpha 2.469 | complete
Ep 76 | 드론3 목적지49 | 1000스텝 | 배송 41/49 | 재적재  7 | 중계율 0.22 | alpha 2.481 | step_limit
Ep 77 | 드론3 목적지67 | 1000스텝 | 배송 50/67 | 재적재  8 | 중계율 0.21 | alpha 2.486 | step_limit
Ep 78 | 드론3 목적지34 | 1000스텝 | 배송 26/34 | 재적재  3 | 중계율 0.18 | alpha 2.497 | step_limit
Ep 79 | 드론4 목적지31 |  765스텝 | 배송 31/31 | 재적재  5 | 중계율 0.23 | alpha 2.508 | complete
Ep 80 | 드론3 목적지44 |  962스텝 | 배송 44/44 | 재적재  8 | 중계율 0.22 | alpha 2.507 | complete
Ep 81 | 드론4 목적지71 | 1000스텝 | 배송 48/71 | 재적재  8 | 중계율 0.28 | alpha 2.517 | step_limit
Ep 82 | 드론3 목적지59 | 1000스텝 | 배송 53/59 | 재적재  8 | 중계율 0.14 | alpha 2.518 | step_limit
Ep 83 | 드론4 목적지21 |  285스텝 | 배송 21/21 | 재적재  3 | 중계율 0.13 | alpha 2.523 | complete
Ep 84 | 드론3 목적지41 | 1000스텝 | 배송 39/41 | 재적재  7 | 중계율 0.22 | alpha 2.497 | step_limit
Ep 85 | 드론4 목적지38 |  880스텝 | 배송 38/38 | 재적재  6 | 중계율 0.30 | alpha 2.464 | complete
Ep 86 | 드론4 목적지64 | 1000스텝 | 배송 60/64 | 재적재 11 | 중계율 0.19 | alpha 2.431 | step_limit
Ep 87 | 드론4 목적지24 |  724스텝 | 배송 24/24 | 재적재  3 | 중계율 0.31 | alpha 2.417 | complete
Ep 88 | 드론4 목적지66 |  951스텝 | 배송 66/66 | 재적재 12 | 중계율 0.18 | alpha 2.416 | complete
Ep 89 | 드론4 목적지20 |  423스텝 | 배송 20/20 | 재적재  3 | 중계율 0.22 | alpha 2.404 | complete
Ep 90 | 드론4 목적지37 |  597스텝 | 배송 37/37 | 재적재  5 | 중계율 0.11 | alpha 2.400 | complete
Ep 91 | 드론3 목적지60 | 1000스텝 | 배송 47/60 | 재적재  9 | 중계율 0.21 | alpha 2.387 | step_limit
Ep 92 | 드론3 목적지37 | 1000스텝 | 배송 31/37 | 재적재  6 | 중계율 0.26 | alpha 2.318 | step_limit
Ep 93 | 드론3 목적지27 |  781스텝 | 배송 27/27 | 재적재  4 | 중계율 0.21 | alpha 2.305 | complete
Ep 94 | 드론3 목적지76 | 1000스텝 | 배송 63/76 | 재적재 10 | 중계율 0.20 | alpha 2.274 | step_limit
Ep 95 | 드론4 목적지30 |  525스텝 | 배송 30/30 | 재적재  4 | 중계율 0.21 | alpha 2.271 | complete
Ep 96 | 드론4 목적지34 |  584스텝 | 배송 34/34 | 재적재  5 | 중계율 0.29 | alpha 2.267 | complete
Ep 97 | 드론4 목적지35 | 1000스텝 | 배송 33/35 | 재적재  5 | 중계율 0.28 | alpha 2.276 | step_limit
Ep 98 | 드론4 목적지39 |  731스텝 | 배송 39/39 | 재적재  7 | 중계율 0.19 | alpha 2.263 | complete
Ep 99 | 드론4 목적지69 | 1000스텝 | 배송 52/69 | 재적재  9 | 중계율 0.30 | alpha 2.258 | step_limit
Ep 100 | 드론4 목적지80 | 1000스텝 | 배송 77/80 | 재적재 13 | 중계율 0.18 | alpha 2.244 | step_limit
  [홀드아웃] 배송 50.0±0.0 완주 1.00 스텝 1216 점수 123.8 재적재 8.1 2홉+ 0.64 | 최고 123.8@ep100 정체 0/15  ← 갱신
Ep 101 | 드론3 목적지62 | 1000스텝 | 배송 58/62 | 재적재 10 | 중계율 0.21 | alpha 2.199 | step_limit
Ep 102 | 드론3 목적지30 |  557스텝 | 배송 30/30 | 재적재  5 | 중계율 0.16 | alpha 2.183 | complete
Ep 103 | 드론4 목적지75 | 1000스텝 | 배송 64/75 | 재적재 12 | 중계율 0.20 | alpha 2.147 | step_limit
Ep 104 | 드론3 목적지39 | 1000스텝 | 배송 34/39 | 재적재  5 | 중계율 0.20 | alpha 2.119 | step_limit
Ep 105 | 드론4 목적지24 |  481스텝 | 배송 24/24 | 재적재  3 | 중계율 0.24 | alpha 2.103 | complete
Ep 106 | 드론4 목적지73 | 1000스텝 | 배송 66/73 | 재적재 12 | 중계율 0.21 | alpha 2.056 | step_limit
Ep 107 | 드론4 목적지25 |  690스텝 | 배송 25/25 | 재적재  3 | 중계율 0.27 | alpha 2.039 | complete
Ep 108 | 드론3 목적지69 | 1000스텝 | 배송 51/69 | 재적재  9 | 중계율 0.23 | alpha 2.003 | step_limit
Ep 109 | 드론3 목적지25 |  400스텝 | 배송 25/25 | 재적재  4 | 중계율 0.21 | alpha 1.981 | complete
Ep 110 | 드론3 목적지26 |  827스텝 | 배송 26/26 | 재적재  3 | 중계율 0.25 | alpha 1.921 | complete
Ep 111 | 드론3 목적지21 |  444스텝 | 배송 21/21 | 재적재  3 | 중계율 0.18 | alpha 1.903 | complete
Ep 112 | 드론4 목적지31 |  327스텝 | 배송 31/31 | 재적재  4 | 중계율 0.11 | alpha 1.889 | complete
Ep 113 | 드론3 목적지57 | 1000스텝 | 배송 41/57 | 재적재  7 | 중계율 0.20 | alpha 1.864 | step_limit
Ep 114 | 드론4 목적지64 | 1000스텝 | 배송 58/64 | 재적재 10 | 중계율 0.28 | alpha 1.903 | step_limit
Ep 115 | 드론4 목적지57 | 1000스텝 | 배송 55/57 | 재적재  9 | 중계율 0.22 | alpha 1.902 | step_limit
Ep 116 | 드론3 목적지78 | 1000스텝 | 배송 61/78 | 재적재 12 | 중계율 0.21 | alpha 1.853 | step_limit
Ep 117 | 드론4 목적지76 | 1000스텝 | 배송 57/76 | 재적재 10 | 중계율 0.27 | alpha 1.839 | step_limit
Ep 118 | 드론3 목적지59 | 1000스텝 | 배송 54/59 | 재적재 10 | 중계율 0.16 | alpha 1.849 | step_limit
Ep 119 | 드론3 목적지73 | 1000스텝 | 배송 61/73 | 재적재 11 | 중계율 0.19 | alpha 1.811 | step_limit
Ep 120 | 드론3 목적지68 | 1000스텝 | 배송 55/68 | 재적재  9 | 중계율 0.20 | alpha 1.791 | step_limit
Ep 121 | 드론4 목적지59 | 1000스텝 | 배송 51/59 | 재적재  9 | 중계율 0.20 | alpha 1.772 | step_limit
Ep 122 | 드론4 목적지55 | 1000스텝 | 배송 54/55 | 재적재  9 | 중계율 0.20 | alpha 1.773 | step_limit
Ep 123 | 드론3 목적지22 |  359스텝 | 배송 22/22 | 재적재  3 | 중계율 0.15 | alpha 1.780 | complete
Ep 124 | 드론3 목적지57 | 1000스텝 | 배송 53/57 | 재적재  9 | 중계율 0.14 | alpha 1.766 | step_limit
Ep 125 | 드론3 목적지29 |  983스텝 | 배송 29/29 | 재적재  3 | 중계율 0.19 | alpha 1.759 | complete
Ep 126 | 드론4 목적지80 | 1000스텝 | 배송 77/80 | 재적재 13 | 중계율 0.24 | alpha 1.772 | step_limit
Ep 127 | 드론4 목적지23 |  555스텝 | 배송 23/23 | 재적재  4 | 중계율 0.21 | alpha 1.764 | complete
Ep 128 | 드론3 목적지75 | 1000스텝 | 배송 59/75 | 재적재 10 | 중계율 0.22 | alpha 1.762 | step_limit
Ep 129 | 드론4 목적지31 |  667스텝 | 배송 31/31 | 재적재  4 | 중계율 0.29 | alpha 1.748 | complete
Ep 130 | 드론4 목적지26 |  327스텝 | 배송 26/26 | 재적재  4 | 중계율 0.18 | alpha 1.755 | complete
Ep 131 | 드론4 목적지57 |  873스텝 | 배송 57/57 | 재적재 10 | 중계율 0.16 | alpha 1.748 | complete
Ep 132 | 드론3 목적지51 | 1000스텝 | 배송 40/51 | 재적재  8 | 중계율 0.26 | alpha 1.765 | step_limit
Ep 133 | 드론4 목적지36 |  886스텝 | 배송 36/36 | 재적재  6 | 중계율 0.28 | alpha 1.775 | complete
Ep 134 | 드론4 목적지49 |  948스텝 | 배송 49/49 | 재적재  9 | 중계율 0.25 | alpha 1.769 | complete
Ep 135 | 드론3 목적지56 | 1000스텝 | 배송 52/56 | 재적재  9 | 중계율 0.22 | alpha 1.758 | step_limit
Ep 136 | 드론3 목적지38 |  923스텝 | 배송 38/38 | 재적재  6 | 중계율 0.21 | alpha 1.756 | complete
Ep 137 | 드론4 목적지37 |  457스텝 | 배송 37/37 | 재적재  6 | 중계율 0.16 | alpha 1.777 | complete
Ep 138 | 드론4 목적지68 | 1000스텝 | 배송 67/68 | 재적재 13 | 중계율 0.22 | alpha 1.780 | step_limit
Ep 139 | 드론3 목적지63 | 1000스텝 | 배송 59/63 | 재적재 10 | 중계율 0.19 | alpha 1.773 | step_limit
Ep 140 | 드론4 목적지64 |  953스텝 | 배송 64/64 | 재적재 12 | 중계율 0.20 | alpha 1.743 | complete
Ep 141 | 드론3 목적지48 | 1000스텝 | 배송 46/48 | 재적재  8 | 중계율 0.24 | alpha 1.743 | step_limit
Ep 142 | 드론4 목적지69 |  826스텝 | 배송 69/69 | 재적재 12 | 중계율 0.16 | alpha 1.731 | complete
Ep 143 | 드론3 목적지58 | 1000스텝 | 배송 55/58 | 재적재 10 | 중계율 0.19 | alpha 1.703 | step_limit
Ep 144 | 드론4 목적지55 |  897스텝 | 배송 55/55 | 재적재  9 | 중계율 0.23 | alpha 1.671 | complete
Ep 145 | 드론3 목적지39 |  865스텝 | 배송 25/39 | 재적재  4 | 중계율 0.26 | alpha 1.687 | no_progress
Ep 146 | 드론3 목적지60 |  861스텝 | 배송 60/60 | 재적재 10 | 중계율 0.13 | alpha 1.671 | complete
Ep 147 | 드론3 목적지44 |  769스텝 | 배송 44/44 | 재적재  7 | 중계율 0.14 | alpha 1.665 | complete
Ep 148 | 드론4 목적지50 | 1000스텝 | 배송 47/50 | 재적재  8 | 중계율 0.25 | alpha 1.655 | step_limit
Ep 149 | 드론3 목적지36 |  836스텝 | 배송 36/36 | 재적재  6 | 중계율 0.17 | alpha 1.643 | complete
Ep 150 | 드론4 목적지78 | 1000스텝 | 배송 74/78 | 재적재 12 | 중계율 0.25 | alpha 1.634 | step_limit
  [홀드아웃] 배송 50.0±0.2 완주 0.97 스텝 1143 점수 122.3 재적재 8.1 2홉+ 0.62 | 최고 123.8@ep100 정체 1/15
Ep 151 | 드론3 목적지64 |  910스텝 | 배송 64/64 | 재적재 11 | 중계율 0.12 | alpha 1.609 | complete
Ep 152 | 드론4 목적지21 |  245스텝 | 배송 21/21 | 재적재  1 | 중계율 0.08 | alpha 1.612 | complete
Ep 153 | 드론4 목적지76 | 1000스텝 | 배송 67/76 | 재적재 11 | 중계율 0.21 | alpha 1.574 | step_limit
Ep 154 | 드론3 목적지40 |  810스텝 | 배송 40/40 | 재적재  6 | 중계율 0.20 | alpha 1.551 | complete
Ep 155 | 드론3 목적지64 | 1000스텝 | 배송 56/64 | 재적재 10 | 중계율 0.16 | alpha 1.523 | step_limit
Ep 156 | 드론4 목적지50 |  952스텝 | 배송 50/50 | 재적재  8 | 중계율 0.33 | alpha 1.532 | complete
Ep 157 | 드론3 목적지56 | 1000스텝 | 배송 51/56 | 재적재 10 | 중계율 0.18 | alpha 1.549 | step_limit
Ep 158 | 드론4 목적지67 | 1000스텝 | 배송 66/67 | 재적재 11 | 중계율 0.24 | alpha 1.562 | step_limit
Ep 159 | 드론4 목적지78 |  904스텝 | 배송 78/78 | 재적재 14 | 중계율 0.15 | alpha 1.567 | complete
Ep 160 | 드론4 목적지23 |  638스텝 | 배송 23/23 | 재적재  2 | 중계율 0.23 | alpha 1.559 | complete
Ep 161 | 드론4 목적지73 | 1000스텝 | 배송 63/73 | 재적재 11 | 중계율 0.26 | alpha 1.555 | step_limit
Ep 162 | 드론3 목적지49 |  811스텝 | 배송 49/49 | 재적재  9 | 중계율 0.17 | alpha 1.557 | complete
Ep 163 | 드론4 목적지36 |  713스텝 | 배송 36/36 | 재적재  6 | 중계율 0.20 | alpha 1.564 | complete
Ep 164 | 드론4 목적지54 |  832스텝 | 배송 54/54 | 재적재  9 | 중계율 0.16 | alpha 1.562 | complete
Ep 165 | 드론4 목적지47 |  787스텝 | 배송 47/47 | 재적재  7 | 중계율 0.23 | alpha 1.572 | complete
Ep 166 | 드론4 목적지63 |  970스텝 | 배송 63/63 | 재적재 11 | 중계율 0.22 | alpha 1.543 | complete
Ep 167 | 드론4 목적지38 |  674스텝 | 배송 38/38 | 재적재  5 | 중계율 0.26 | alpha 1.536 | complete
Ep 168 | 드론4 목적지44 |  939스텝 | 배송 44/44 | 재적재  7 | 중계율 0.25 | alpha 1.527 | complete
Ep 169 | 드론4 목적지45 |  734스텝 | 배송 45/45 | 재적재  7 | 중계율 0.24 | alpha 1.522 | complete
Ep 170 | 드론3 목적지78 | 1000스텝 | 배송 64/78 | 재적재 11 | 중계율 0.17 | alpha 1.525 | step_limit
Ep 171 | 드론4 목적지34 |  646스텝 | 배송 34/34 | 재적재  5 | 중계율 0.27 | alpha 1.503 | complete
Ep 172 | 드론3 목적지48 |  987스텝 | 배송 48/48 | 재적재  8 | 중계율 0.21 | alpha 1.479 | complete
Ep 173 | 드론3 목적지64 | 1000스텝 | 배송 49/64 | 재적재  8 | 중계율 0.27 | alpha 1.457 | step_limit
Ep 174 | 드론4 목적지38 |  451스텝 | 배송 38/38 | 재적재  5 | 중계율 0.14 | alpha 1.453 | complete
Ep 175 | 드론3 목적지56 | 1000스텝 | 배송 48/56 | 재적재  9 | 중계율 0.21 | alpha 1.448 | step_limit
Ep 176 | 드론3 목적지68 | 1000스텝 | 배송 50/68 | 재적재 10 | 중계율 0.27 | alpha 1.452 | step_limit
Ep 177 | 드론4 목적지74 |  982스텝 | 배송 74/74 | 재적재 12 | 중계율 0.22 | alpha 1.442 | complete
Ep 178 | 드론4 목적지37 | 1000스텝 | 배송 29/37 | 재적재  3 | 중계율 0.31 | alpha 1.435 | step_limit
Ep 179 | 드론4 목적지48 |  833스텝 | 배송 48/48 | 재적재  9 | 중계율 0.23 | alpha 1.435 | complete
Ep 180 | 드론3 목적지61 | 1000스텝 | 배송 54/61 | 재적재 10 | 중계율 0.24 | alpha 1.426 | step_limit
Ep 181 | 드론3 목적지80 | 1000스텝 | 배송 60/80 | 재적재 11 | 중계율 0.26 | alpha 1.408 | step_limit
Ep 182 | 드론4 목적지31 |  721스텝 | 배송 31/31 | 재적재  4 | 중계율 0.29 | alpha 1.391 | complete
Ep 183 | 드론3 목적지53 | 1000스텝 | 배송 52/53 | 재적재  8 | 중계율 0.22 | alpha 1.398 | step_limit
Ep 184 | 드론3 목적지64 | 1000스텝 | 배송 50/64 | 재적재  8 | 중계율 0.28 | alpha 1.414 | step_limit
Ep 185 | 드론3 목적지49 |  908스텝 | 배송 49/49 | 재적재  8 | 중계율 0.17 | alpha 1.426 | complete
Ep 186 | 드론4 목적지47 | 1000스텝 | 배송 44/47 | 재적재  8 | 중계율 0.24 | alpha 1.432 | step_limit
Ep 187 | 드론4 목적지59 | 1000스텝 | 배송 53/59 | 재적재  9 | 중계율 0.30 | alpha 1.437 | step_limit
Ep 188 | 드론3 목적지33 |  611스텝 | 배송 33/33 | 재적재  5 | 중계율 0.21 | alpha 1.441 | complete
Ep 189 | 드론4 목적지35 |  390스텝 | 배송 35/35 | 재적재  5 | 중계율 0.14 | alpha 1.435 | complete
Ep 190 | 드론3 목적지30 |  510스텝 | 배송 30/30 | 재적재  5 | 중계율 0.23 | alpha 1.430 | complete
Ep 191 | 드론3 목적지70 | 1000스텝 | 배송 60/70 | 재적재  9 | 중계율 0.18 | alpha 1.416 | step_limit
Ep 192 | 드론4 목적지36 |  456스텝 | 배송 36/36 | 재적재  5 | 중계율 0.11 | alpha 1.420 | complete
Ep 193 | 드론3 목적지54 | 1000스텝 | 배송 49/54 | 재적재  8 | 중계율 0.26 | alpha 1.373 | step_limit
Ep 194 | 드론3 목적지76 | 1000스텝 | 배송 56/76 | 재적재 10 | 중계율 0.24 | alpha 1.353 | step_limit
Ep 195 | 드론4 목적지74 | 1000스텝 | 배송 61/74 | 재적재 10 | 중계율 0.29 | alpha 1.324 | step_limit
Ep 196 | 드론4 목적지70 | 1000스텝 | 배송 67/70 | 재적재 11 | 중계율 0.24 | alpha 1.342 | step_limit
Ep 197 | 드론3 목적지34 |  862스텝 | 배송 34/34 | 재적재  5 | 중계율 0.24 | alpha 1.361 | complete
Ep 198 | 드론3 목적지33 |  775스텝 | 배송 33/33 | 재적재  6 | 중계율 0.25 | alpha 1.363 | complete
Ep 199 | 드론4 목적지46 |  869스텝 | 배송 46/46 | 재적재  8 | 중계율 0.24 | alpha 1.353 | complete
Ep 200 | 드론4 목적지42 |  819스텝 | 배송 42/42 | 재적재  6 | 중계율 0.20 | alpha 1.331 | complete
  [홀드아웃] 배송 49.9±0.3 완주 0.96 스텝 1066 점수 122.0 재적재 7.8 2홉+ 0.63 | 최고 123.8@ep100 정체 2/15
Ep 201 | 드론4 목적지51 | 1000스텝 | 배송 50/51 | 재적재  9 | 중계율 0.23 | alpha 1.325 | step_limit
Ep 202 | 드론4 목적지32 |  887스텝 | 배송 32/32 | 재적재  6 | 중계율 0.33 | alpha 1.295 | complete
Ep 203 | 드론4 목적지30 |  901스텝 | 배송 30/30 | 재적재  4 | 중계율 0.40 | alpha 1.294 | complete
Ep 204 | 드론4 목적지73 | 1000스텝 | 배송 67/73 | 재적재 12 | 중계율 0.21 | alpha 1.279 | step_limit
Ep 205 | 드론3 목적지44 | 1000스텝 | 배송 41/44 | 재적재  7 | 중계율 0.26 | alpha 1.247 | step_limit
Ep 206 | 드론3 목적지26 |  625스텝 | 배송 26/26 | 재적재  4 | 중계율 0.22 | alpha 1.246 | complete
Ep 207 | 드론4 목적지40 |  904스텝 | 배송 40/40 | 재적재  6 | 중계율 0.24 | alpha 1.257 | complete
Ep 208 | 드론4 목적지35 |  668스텝 | 배송 35/35 | 재적재  6 | 중계율 0.24 | alpha 1.258 | complete
Ep 209 | 드론4 목적지75 |  797스텝 | 배송 75/75 | 재적재 13 | 중계율 0.14 | alpha 1.255 | complete
Ep 210 | 드론4 목적지56 | 1000스텝 | 배송 55/56 | 재적재  9 | 중계율 0.25 | alpha 1.264 | step_limit
Ep 211 | 드론3 목적지26 |  797스텝 | 배송 19/26 | 재적재  2 | 중계율 0.30 | alpha 1.248 | no_progress
Ep 212 | 드론3 목적지58 | 1000스텝 | 배송 55/58 | 재적재 10 | 중계율 0.19 | alpha 1.220 | step_limit
Ep 213 | 드론3 목적지44 |  990스텝 | 배송 44/44 | 재적재  7 | 중계율 0.29 | alpha 1.185 | complete
Ep 214 | 드론3 목적지56 | 1000스텝 | 배송 52/56 | 재적재  9 | 중계율 0.19 | alpha 1.169 | step_limit
Ep 215 | 드론3 목적지64 | 1000스텝 | 배송 52/64 | 재적재 10 | 중계율 0.24 | alpha 1.152 | step_limit
Ep 216 | 드론4 목적지40 |  684스텝 | 배송 40/40 | 재적재  7 | 중계율 0.31 | alpha 1.163 | complete
Ep 217 | 드론4 목적지41 |  509스텝 | 배송 41/41 | 재적재  6 | 중계율 0.13 | alpha 1.169 | complete
Ep 218 | 드론3 목적지31 |  627스텝 | 배송 31/31 | 재적재  6 | 중계율 0.20 | alpha 1.175 | complete
Ep 219 | 드론3 목적지80 | 1000스텝 | 배송 70/80 | 재적재 13 | 중계율 0.19 | alpha 1.168 | step_limit
Ep 220 | 드론3 목적지53 | 1000스텝 | 배송 46/53 | 재적재  7 | 중계율 0.21 | alpha 1.175 | step_limit
Ep 221 | 드론4 목적지72 | 1000스텝 | 배송 70/72 | 재적재 13 | 중계율 0.19 | alpha 1.166 | step_limit
Ep 222 | 드론3 목적지27 |  840스텝 | 배송 27/27 | 재적재  4 | 중계율 0.30 | alpha 1.162 | complete
Ep 223 | 드론4 목적지22 |  451스텝 | 배송 22/22 | 재적재  3 | 중계율 0.22 | alpha 1.155 | complete
Ep 224 | 드론3 목적지62 | 1000스텝 | 배송 59/62 | 재적재 10 | 중계율 0.23 | alpha 1.144 | step_limit
Ep 225 | 드론4 목적지58 |  664스텝 | 배송 58/58 | 재적재 10 | 중계율 0.15 | alpha 1.137 | complete
Ep 226 | 드론4 목적지37 |  791스텝 | 배송 37/37 | 재적재  5 | 중계율 0.30 | alpha 1.144 | complete
Ep 227 | 드론3 목적지49 | 1000스텝 | 배송 47/49 | 재적재  9 | 중계율 0.20 | alpha 1.151 | step_limit
Ep 228 | 드론4 목적지72 |  901스텝 | 배송 72/72 | 재적재 12 | 중계율 0.15 | alpha 1.153 | complete
Ep 229 | 드론3 목적지77 | 1000스텝 | 배송 57/77 | 재적재 10 | 중계율 0.27 | alpha 1.150 | step_limit
Ep 230 | 드론4 목적지53 |  603스텝 | 배송 53/53 | 재적재  9 | 중계율 0.14 | alpha 1.144 | complete
Ep 231 | 드론4 목적지56 | 1000스텝 | 배송 50/56 | 재적재  7 | 중계율 0.34 | alpha 1.147 | step_limit
Ep 232 | 드론3 목적지28 |  906스텝 | 배송 28/28 | 재적재  5 | 중계율 0.31 | alpha 1.153 | complete
Ep 233 | 드론4 목적지40 |  969스텝 | 배송 40/40 | 재적재  7 | 중계율 0.34 | alpha 1.162 | complete
Ep 234 | 드론4 목적지29 |  507스텝 | 배송 29/29 | 재적재  5 | 중계율 0.23 | alpha 1.156 | complete
Ep 235 | 드론4 목적지69 | 1000스텝 | 배송 56/69 | 재적재 10 | 중계율 0.23 | alpha 1.127 | step_limit
Ep 236 | 드론3 목적지30 |  627스텝 | 배송 30/30 | 재적재  5 | 중계율 0.19 | alpha 1.105 | complete
Ep 237 | 드론4 목적지24 |  568스텝 | 배송 24/24 | 재적재  3 | 중계율 0.28 | alpha 1.090 | complete
Ep 238 | 드론4 목적지21 |  510스텝 | 배송 21/21 | 재적재  2 | 중계율 0.27 | alpha 1.087 | complete
Ep 239 | 드론4 목적지60 | 1000스텝 | 배송 50/60 | 재적재  8 | 중계율 0.33 | alpha 1.088 | step_limit
Ep 240 | 드론4 목적지58 |  861스텝 | 배송 58/58 | 재적재 10 | 중계율 0.25 | alpha 1.074 | complete
Ep 241 | 드론3 목적지26 |  771스텝 | 배송 26/26 | 재적재  4 | 중계율 0.17 | alpha 1.067 | complete
Ep 242 | 드론3 목적지43 | 1000스텝 | 배송 40/43 | 재적재  6 | 중계율 0.28 | alpha 1.071 | step_limit
Ep 243 | 드론4 목적지55 |  927스텝 | 배송 55/55 | 재적재 10 | 중계율 0.28 | alpha 1.101 | complete
Ep 244 | 드론4 목적지48 |  587스텝 | 배송 48/48 | 재적재  8 | 중계율 0.17 | alpha 1.098 | complete
Ep 245 | 드론4 목적지67 |  883스텝 | 배송 67/67 | 재적재 11 | 중계율 0.23 | alpha 1.108 | complete
Ep 246 | 드론3 목적지65 | 1000스텝 | 배송 54/65 | 재적재 10 | 중계율 0.18 | alpha 1.104 | step_limit
Ep 247 | 드론4 목적지49 |  931스텝 | 배송 49/49 | 재적재  7 | 중계율 0.29 | alpha 1.107 | complete
Ep 248 | 드론3 목적지41 |  896스텝 | 배송 41/41 | 재적재  7 | 중계율 0.25 | alpha 1.108 | complete
Ep 249 | 드론4 목적지26 |  321스텝 | 배송 26/26 | 재적재  4 | 중계율 0.11 | alpha 1.111 | complete
Ep 250 | 드론4 목적지43 |  670스텝 | 배송 43/43 | 재적재  6 | 중계율 0.22 | alpha 1.102 | complete
  [홀드아웃] 배송 49.7±1.6 완주 0.95 스텝 1026 점수 121.3 재적재 8.0 2홉+ 0.62 | 최고 123.8@ep100 정체 3/15
Ep 251 | 드론4 목적지71 |  956스텝 | 배송 71/71 | 재적재 12 | 중계율 0.25 | alpha 1.116 | complete
Ep 252 | 드론3 목적지48 | 1000스텝 | 배송 44/48 | 재적재  6 | 중계율 0.25 | alpha 1.119 | step_limit
Ep 253 | 드론3 목적지30 |  636스텝 | 배송 30/30 | 재적재  5 | 중계율 0.24 | alpha 1.120 | complete
Ep 254 | 드론4 목적지26 |  627스텝 | 배송 26/26 | 재적재  4 | 중계율 0.29 | alpha 1.129 | complete
Ep 255 | 드론4 목적지69 | 1000스텝 | 배송 60/69 | 재적재 10 | 중계율 0.23 | alpha 1.123 | step_limit
Ep 256 | 드론4 목적지33 |  701스텝 | 배송 33/33 | 재적재  4 | 중계율 0.32 | alpha 1.110 | complete
Ep 257 | 드론3 목적지55 | 1000스텝 | 배송 50/55 | 재적재  8 | 중계율 0.24 | alpha 1.081 | step_limit
Ep 258 | 드론4 목적지36 |  796스텝 | 배송 36/36 | 재적재  5 | 중계율 0.37 | alpha 1.068 | complete
Ep 259 | 드론3 목적지79 | 1000스텝 | 배송 65/79 | 재적재 12 | 중계율 0.18 | alpha 1.043 | step_limit
Ep 260 | 드론3 목적지41 |  619스텝 | 배송 41/41 | 재적재  6 | 중계율 0.17 | alpha 1.042 | complete
Ep 261 | 드론4 목적지21 |  579스텝 | 배송 21/21 | 재적재  3 | 중계율 0.38 | alpha 1.043 | complete
Ep 262 | 드론3 목적지43 |  833스텝 | 배송 43/43 | 재적재  7 | 중계율 0.21 | alpha 1.047 | complete
Ep 263 | 드론4 목적지21 |  633스텝 | 배송 21/21 | 재적재  2 | 중계율 0.28 | alpha 1.043 | complete
Ep 264 | 드론4 목적지50 | 1000스텝 | 배송 49/50 | 재적재  7 | 중계율 0.36 | alpha 1.039 | step_limit
Ep 265 | 드론3 목적지35 |  978스텝 | 배송 35/35 | 재적재  6 | 중계율 0.27 | alpha 1.019 | complete
Ep 266 | 드론3 목적지54 | 1000스텝 | 배송 47/54 | 재적재  8 | 중계율 0.26 | alpha 1.021 | step_limit
Ep 267 | 드론4 목적지46 |  476스텝 | 배송 46/46 | 재적재  8 | 중계율 0.13 | alpha 1.015 | complete
Ep 268 | 드론3 목적지33 |  861스텝 | 배송 33/33 | 재적재  5 | 중계율 0.28 | alpha 1.004 | complete
Ep 269 | 드론3 목적지42 |  831스텝 | 배송 42/42 | 재적재  7 | 중계율 0.22 | alpha 0.995 | complete
Ep 270 | 드론3 목적지45 |  777스텝 | 배송 45/45 | 재적재  7 | 중계율 0.21 | alpha 0.996 | complete
Ep 271 | 드론4 목적지37 |  497스텝 | 배송 37/37 | 재적재  5 | 중계율 0.26 | alpha 0.995 | complete
Ep 272 | 드론3 목적지47 | 1000스텝 | 배송 46/47 | 재적재  7 | 중계율 0.25 | alpha 0.994 | step_limit
Ep 273 | 드론4 목적지76 |  890스텝 | 배송 76/76 | 재적재 13 | 중계율 0.16 | alpha 0.986 | complete
Ep 274 | 드론4 목적지29 |  560스텝 | 배송 29/29 | 재적재  3 | 중계율 0.28 | alpha 0.970 | complete
Ep 275 | 드론3 목적지78 | 1000스텝 | 배송 61/78 | 재적재 12 | 중계율 0.22 | alpha 0.975 | step_limit
Ep 276 | 드론4 목적지49 |  623스텝 | 배송 49/49 | 재적재  8 | 중계율 0.19 | alpha 0.973 | complete
Ep 277 | 드론3 목적지67 | 1000스텝 | 배송 57/67 | 재적재 10 | 중계율 0.24 | alpha 0.982 | step_limit
Ep 278 | 드론3 목적지30 |  752스텝 | 배송 30/30 | 재적재  5 | 중계율 0.26 | alpha 0.971 | complete
Ep 279 | 드론4 목적지44 |  634스텝 | 배송 44/44 | 재적재  7 | 중계율 0.16 | alpha 0.964 | complete
Ep 280 | 드론3 목적지32 |  997스텝 | 배송 32/32 | 재적재  5 | 중계율 0.21 | alpha 0.957 | complete
Ep 281 | 드론3 목적지36 | 1000스텝 | 배송 35/36 | 재적재  5 | 중계율 0.28 | alpha 0.964 | step_limit
Ep 282 | 드론3 목적지56 | 1000스텝 | 배송 51/56 | 재적재  9 | 중계율 0.24 | alpha 0.954 | step_limit
Ep 283 | 드론3 목적지75 | 1000스텝 | 배송 70/75 | 재적재 12 | 중계율 0.20 | alpha 0.941 | step_limit
Ep 284 | 드론4 목적지21 |  301스텝 | 배송 21/21 | 재적재  2 | 중계율 0.14 | alpha 0.944 | complete
Ep 285 | 드론4 목적지72 | 1000스텝 | 배송 71/72 | 재적재 12 | 중계율 0.20 | alpha 0.945 | step_limit
Ep 286 | 드론4 목적지78 |  870스텝 | 배송 78/78 | 재적재 13 | 중계율 0.19 | alpha 0.930 | complete
Ep 287 | 드론3 목적지39 |  795스텝 | 배송 39/39 | 재적재  7 | 중계율 0.22 | alpha 0.914 | complete
Ep 288 | 드론3 목적지39 |  727스텝 | 배송 39/39 | 재적재  6 | 중계율 0.21 | alpha 0.908 | complete
Ep 289 | 드론3 목적지49 | 1000스텝 | 배송 47/49 | 재적재  7 | 중계율 0.25 | alpha 0.902 | step_limit
Ep 290 | 드론3 목적지29 |  517스텝 | 배송 29/29 | 재적재  5 | 중계율 0.13 | alpha 0.891 | complete
Ep 291 | 드론4 목적지68 |  741스텝 | 배송 68/68 | 재적재 11 | 중계율 0.21 | alpha 0.871 | complete
Ep 292 | 드론3 목적지69 | 1000스텝 | 배송 58/69 | 재적재  9 | 중계율 0.21 | alpha 0.859 | step_limit
Ep 293 | 드론3 목적지38 |  843스텝 | 배송 38/38 | 재적재  6 | 중계율 0.26 | alpha 0.850 | complete
Ep 294 | 드론4 목적지41 |  875스텝 | 배송 41/41 | 재적재  7 | 중계율 0.26 | alpha 0.833 | complete
Ep 295 | 드론3 목적지35 |  654스텝 | 배송 35/35 | 재적재  6 | 중계율 0.22 | alpha 0.828 | complete
Ep 296 | 드론4 목적지49 | 1000스텝 | 배송 48/49 | 재적재  8 | 중계율 0.23 | alpha 0.820 | step_limit
Ep 297 | 드론3 목적지78 | 1000스텝 | 배송 63/78 | 재적재 12 | 중계율 0.21 | alpha 0.811 | step_limit
Ep 298 | 드론3 목적지73 | 1000스텝 | 배송 61/73 | 재적재 10 | 중계율 0.17 | alpha 0.801 | step_limit
Ep 299 | 드론4 목적지75 | 1000스텝 | 배송 74/75 | 재적재 14 | 중계율 0.20 | alpha 0.789 | step_limit
Ep 300 | 드론3 목적지39 |  936스텝 | 배송 39/39 | 재적재  7 | 중계율 0.24 | alpha 0.782 | complete
  [홀드아웃] 배송 49.9±1.0 완주 0.96 스텝 972 점수 123.3 재적재 7.9 2홉+ 0.62 | 최고 123.8@ep100 정체 4/15
Ep 301 | 드론3 목적지69 | 1000스텝 | 배송 64/69 | 재적재 11 | 중계율 0.18 | alpha 0.785 | step_limit
Ep 302 | 드론4 목적지60 |  964스텝 | 배송 60/60 | 재적재 11 | 중계율 0.31 | alpha 0.784 | complete
Ep 303 | 드론3 목적지74 | 1000스텝 | 배송 70/74 | 재적재 12 | 중계율 0.19 | alpha 0.782 | step_limit
Ep 304 | 드론3 목적지25 |  766스텝 | 배송 25/25 | 재적재  3 | 중계율 0.19 | alpha 0.783 | complete
Ep 305 | 드론3 목적지75 | 1000스텝 | 배송 64/75 | 재적재 11 | 중계율 0.24 | alpha 0.781 | step_limit
Ep 306 | 드론3 목적지29 |  572스텝 | 배송 29/29 | 재적재  5 | 중계율 0.21 | alpha 0.773 | complete
Ep 307 | 드론4 목적지29 |  514스텝 | 배송 29/29 | 재적재  5 | 중계율 0.21 | alpha 0.774 | complete
Ep 308 | 드론4 목적지35 |  376스텝 | 배송 35/35 | 재적재  5 | 중계율 0.13 | alpha 0.771 | complete
Ep 309 | 드론4 목적지37 |  751스텝 | 배송 37/37 | 재적재  5 | 중계율 0.31 | alpha 0.753 | complete
Ep 310 | 드론3 목적지74 | 1000스텝 | 배송 62/74 | 재적재 11 | 중계율 0.23 | alpha 0.741 | step_limit
Ep 311 | 드론4 목적지42 |  687스텝 | 배송 42/42 | 재적재  7 | 중계율 0.29 | alpha 0.742 | complete
Ep 312 | 드론4 목적지73 | 1000스텝 | 배송 65/73 | 재적재 12 | 중계율 0.29 | alpha 0.749 | step_limit
Ep 313 | 드론3 목적지34 |  744스텝 | 배송 34/34 | 재적재  4 | 중계율 0.28 | alpha 0.754 | complete
Ep 314 | 드론3 목적지26 |  694스텝 | 배송 26/26 | 재적재  5 | 중계율 0.28 | alpha 0.756 | complete
Ep 315 | 드론4 목적지20 |  553스텝 | 배송 20/20 | 재적재  2 | 중계율 0.40 | alpha 0.765 | complete
Ep 316 | 드론4 목적지24 |  619스텝 | 배송 24/24 | 재적재  3 | 중계율 0.19 | alpha 0.771 | complete
Ep 317 | 드론4 목적지23 |  548스텝 | 배송 23/23 | 재적재  3 | 중계율 0.29 | alpha 0.770 | complete
Ep 318 | 드론3 목적지45 |  802스텝 | 배송 45/45 | 재적재  8 | 중계율 0.22 | alpha 0.767 | complete
Ep 319 | 드론4 목적지52 |  891스텝 | 배송 52/52 | 재적재  8 | 중계율 0.25 | alpha 0.754 | complete
Ep 320 | 드론3 목적지25 |  560스텝 | 배송 25/25 | 재적재  4 | 중계율 0.22 | alpha 0.764 | complete
Ep 321 | 드론3 목적지34 |  733스텝 | 배송 34/34 | 재적재  5 | 중계율 0.24 | alpha 0.764 | complete
Ep 322 | 드론3 목적지33 |  499스텝 | 배송 33/33 | 재적재  5 | 중계율 0.16 | alpha 0.755 | complete
Ep 323 | 드론3 목적지35 |  713스텝 | 배송 35/35 | 재적재  6 | 중계율 0.22 | alpha 0.735 | complete
Ep 324 | 드론4 목적지70 |  863스텝 | 배송 70/70 | 재적재 12 | 중계율 0.20 | alpha 0.724 | complete
Ep 325 | 드론3 목적지43 |  833스텝 | 배송 43/43 | 재적재  7 | 중계율 0.25 | alpha 0.709 | complete
Ep 326 | 드론4 목적지42 |  746스텝 | 배송 42/42 | 재적재  6 | 중계율 0.32 | alpha 0.694 | complete
Ep 327 | 드론4 목적지62 |  789스텝 | 배송 62/62 | 재적재 10 | 중계율 0.22 | alpha 0.682 | complete
Ep 328 | 드론3 목적지53 | 1000스텝 | 배송 50/53 | 재적재  8 | 중계율 0.19 | alpha 0.683 | step_limit
Ep 329 | 드론4 목적지31 |  581스텝 | 배송 31/31 | 재적재  4 | 중계율 0.30 | alpha 0.681 | complete
Ep 330 | 드론3 목적지65 | 1000스텝 | 배송 55/65 | 재적재  9 | 중계율 0.23 | alpha 0.667 | step_limit
Ep 331 | 드론3 목적지25 |  510스텝 | 배송 25/25 | 재적재  4 | 중계율 0.17 | alpha 0.667 | complete
Ep 332 | 드론3 목적지79 | 1000스텝 | 배송 65/79 | 재적재 11 | 중계율 0.24 | alpha 0.645 | step_limit
Ep 333 | 드론3 목적지37 |  782스텝 | 배송 37/37 | 재적재  6 | 중계율 0.31 | alpha 0.645 | complete
Ep 334 | 드론3 목적지72 |  902스텝 | 배송 72/72 | 재적재 13 | 중계율 0.14 | alpha 0.626 | complete
Ep 335 | 드론3 목적지23 |  823스텝 | 배송 18/23 | 재적재  2 | 중계율 0.39 | alpha 0.613 | no_progress
Ep 336 | 드론3 목적지57 | 1000스텝 | 배송 54/57 | 재적재 10 | 중계율 0.25 | alpha 0.598 | step_limit
Ep 337 | 드론3 목적지76 | 1000스텝 | 배송 67/76 | 재적재 11 | 중계율 0.26 | alpha 0.598 | step_limit
Ep 338 | 드론3 목적지30 |  816스텝 | 배송 30/30 | 재적재  5 | 중계율 0.21 | alpha 0.586 | complete
Ep 339 | 드론4 목적지73 |  877스텝 | 배송 73/73 | 재적재 13 | 중계율 0.16 | alpha 0.570 | complete
Ep 340 | 드론4 목적지34 |  770스텝 | 배송 34/34 | 재적재  5 | 중계율 0.22 | alpha 0.554 | complete
Ep 341 | 드론4 목적지26 |  676스텝 | 배송 26/26 | 재적재  5 | 중계율 0.38 | alpha 0.550 | complete
Ep 342 | 드론3 목적지46 |  992스텝 | 배송 46/46 | 재적재  9 | 중계율 0.21 | alpha 0.548 | complete
Ep 343 | 드론3 목적지50 |  974스텝 | 배송 50/50 | 재적재  8 | 중계율 0.28 | alpha 0.534 | complete
Ep 344 | 드론4 목적지28 |  386스텝 | 배송 28/28 | 재적재  4 | 중계율 0.14 | alpha 0.531 | complete
Ep 345 | 드론4 목적지61 | 1000스텝 | 배송 60/61 | 재적재 10 | 중계율 0.33 | alpha 0.529 | step_limit
Ep 346 | 드론3 목적지29 |  798스텝 | 배송 29/29 | 재적재  4 | 중계율 0.39 | alpha 0.531 | complete
Ep 347 | 드론3 목적지42 |  917스텝 | 배송 42/42 | 재적재  7 | 중계율 0.29 | alpha 0.530 | complete
Ep 348 | 드론4 목적지53 |  598스텝 | 배송 53/53 | 재적재  9 | 중계율 0.17 | alpha 0.525 | complete
Ep 349 | 드론3 목적지62 | 1000스텝 | 배송 53/62 | 재적재  9 | 중계율 0.26 | alpha 0.520 | step_limit
Ep 350 | 드론3 목적지79 | 1000스텝 | 배송 70/79 | 재적재 13 | 중계율 0.18 | alpha 0.509 | step_limit
  [홀드아웃] 배송 49.9±0.7 완주 0.99 스텝 932 점수 126.3 재적재 8.0 2홉+ 0.61 | 최고 126.3@ep350 정체 0/15  ← 갱신
Ep 351 | 드론4 목적지65 | 1000스텝 | 배송 63/65 | 재적재 10 | 중계율 0.29 | alpha 0.496 | step_limit
Ep 352 | 드론4 목적지36 |  513스텝 | 배송 36/36 | 재적재  5 | 중계율 0.25 | alpha 0.497 | complete
Ep 353 | 드론3 목적지62 | 1000스텝 | 배송 53/62 | 재적재  9 | 중계율 0.16 | alpha 0.487 | step_limit
Ep 354 | 드론4 목적지35 |  475스텝 | 배송 35/35 | 재적재  4 | 중계율 0.11 | alpha 0.479 | complete
Ep 355 | 드론3 목적지24 |  435스텝 | 배송 24/24 | 재적재  4 | 중계율 0.19 | alpha 0.473 | complete
Ep 356 | 드론4 목적지62 | 1000스텝 | 배송 60/62 | 재적재  9 | 중계율 0.32 | alpha 0.460 | step_limit
Ep 357 | 드론3 목적지21 |  435스텝 | 배송 21/21 | 재적재  3 | 중계율 0.23 | alpha 0.456 | complete
Ep 358 | 드론4 목적지26 |  390스텝 | 배송 26/26 | 재적재  3 | 중계율 0.21 | alpha 0.452 | complete
Ep 359 | 드론3 목적지52 | 1000스텝 | 배송 49/52 | 재적재  8 | 중계율 0.27 | alpha 0.438 | step_limit
Ep 360 | 드론4 목적지52 | 1000스텝 | 배송 51/52 | 재적재  8 | 중계율 0.31 | alpha 0.426 | step_limit
Ep 361 | 드론3 목적지40 |  958스텝 | 배송 40/40 | 재적재  7 | 중계율 0.25 | alpha 0.417 | complete
Ep 362 | 드론4 목적지52 | 1000스텝 | 배송 41/52 | 재적재  7 | 중계율 0.35 | alpha 0.413 | step_limit
Ep 363 | 드론4 목적지64 | 1000스텝 | 배송 61/64 | 재적재 11 | 중계율 0.32 | alpha 0.412 | step_limit
Ep 364 | 드론3 목적지64 | 1000스텝 | 배송 55/64 | 재적재 10 | 중계율 0.31 | alpha 0.406 | step_limit
Ep 365 | 드론4 목적지69 |  964스텝 | 배송 69/69 | 재적재 11 | 중계율 0.27 | alpha 0.397 | complete
Ep 366 | 드론4 목적지61 |  607스텝 | 배송 61/61 | 재적재 11 | 중계율 0.15 | alpha 0.393 | complete
Ep 367 | 드론3 목적지53 |  754스텝 | 배송 53/53 | 재적재  9 | 중계율 0.11 | alpha 0.386 | complete
Ep 368 | 드론4 목적지73 |  821스텝 | 배송 73/73 | 재적재 12 | 중계율 0.13 | alpha 0.379 | complete
Ep 369 | 드론4 목적지30 |  418스텝 | 배송 30/30 | 재적재  5 | 중계율 0.14 | alpha 0.377 | complete
Ep 370 | 드론3 목적지71 | 1000스텝 | 배송 67/71 | 재적재 12 | 중계율 0.15 | alpha 0.370 | step_limit
Ep 371 | 드론3 목적지54 | 1000스텝 | 배송 52/54 | 재적재 10 | 중계율 0.30 | alpha 0.359 | step_limit
Ep 372 | 드론4 목적지80 | 1000스텝 | 배송 79/80 | 재적재 14 | 중계율 0.23 | alpha 0.352 | step_limit
Ep 373 | 드론3 목적지41 | 1000스텝 | 배송 39/41 | 재적재  7 | 중계율 0.26 | alpha 0.348 | step_limit
Ep 374 | 드론3 목적지67 | 1000스텝 | 배송 63/67 | 재적재 12 | 중계율 0.19 | alpha 0.347 | step_limit
Ep 375 | 드론3 목적지62 | 1000스텝 | 배송 48/62 | 재적재  8 | 중계율 0.27 | alpha 0.344 | step_limit
Ep 376 | 드론4 목적지72 | 1000스텝 | 배송 70/72 | 재적재 14 | 중계율 0.28 | alpha 0.341 | step_limit
Ep 377 | 드론4 목적지63 | 1000스텝 | 배송 61/63 | 재적재 10 | 중계율 0.31 | alpha 0.342 | step_limit
Ep 378 | 드론4 목적지74 |  722스텝 | 배송 74/74 | 재적재 14 | 중계율 0.18 | alpha 0.340 | complete
Ep 379 | 드론3 목적지77 | 1000스텝 | 배송 63/77 | 재적재 12 | 중계율 0.21 | alpha 0.338 | step_limit
Ep 380 | 드론3 목적지73 | 1000스텝 | 배송 61/73 | 재적재 11 | 중계율 0.17 | alpha 0.336 | step_limit
Ep 381 | 드론4 목적지20 |  332스텝 | 배송 20/20 | 재적재  3 | 중계율 0.21 | alpha 0.336 | complete
Ep 382 | 드론3 목적지75 | 1000스텝 | 배송 62/75 | 재적재 10 | 중계율 0.21 | alpha 0.334 | step_limit
Ep 383 | 드론3 목적지52 | 1000스텝 | 배송 51/52 | 재적재  8 | 중계율 0.26 | alpha 0.332 | step_limit
Ep 384 | 드론3 목적지77 | 1000스텝 | 배송 70/77 | 재적재 12 | 중계율 0.18 | alpha 0.332 | step_limit
Ep 385 | 드론3 목적지62 | 1000스텝 | 배송 55/62 | 재적재  9 | 중계율 0.33 | alpha 0.333 | step_limit
Ep 386 | 드론3 목적지80 | 1000스텝 | 배송 62/80 | 재적재 11 | 중계율 0.22 | alpha 0.332 | step_limit
Ep 387 | 드론3 목적지31 |  459스텝 | 배송 31/31 | 재적재  5 | 중계율 0.16 | alpha 0.328 | complete
Ep 388 | 드론3 목적지33 |  749스텝 | 배송 33/33 | 재적재  5 | 중계율 0.31 | alpha 0.323 | complete
Ep 389 | 드론4 목적지72 | 1000스텝 | 배송 69/72 | 재적재 12 | 중계율 0.25 | alpha 0.318 | step_limit
Ep 390 | 드론4 목적지71 |  777스텝 | 배송 71/71 | 재적재 13 | 중계율 0.17 | alpha 0.313 | complete
Ep 391 | 드론4 목적지50 |  625스텝 | 배송 50/50 | 재적재  8 | 중계율 0.17 | alpha 0.306 | complete
Ep 392 | 드론4 목적지71 |  833스텝 | 배송 71/71 | 재적재 12 | 중계율 0.18 | alpha 0.302 | complete
Ep 393 | 드론4 목적지21 |  394스텝 | 배송 21/21 | 재적재  3 | 중계율 0.30 | alpha 0.299 | complete
Ep 394 | 드론4 목적지60 |  922스텝 | 배송 60/60 | 재적재 10 | 중계율 0.28 | alpha 0.290 | complete
Ep 395 | 드론4 목적지55 |  739스텝 | 배송 55/55 | 재적재 10 | 중계율 0.16 | alpha 0.283 | complete
Ep 396 | 드론4 목적지71 |  748스텝 | 배송 71/71 | 재적재 13 | 중계율 0.12 | alpha 0.278 | complete
Ep 397 | 드론3 목적지36 |  734스텝 | 배송 36/36 | 재적재  6 | 중계율 0.17 | alpha 0.276 | complete
Ep 398 | 드론3 목적지52 |  891스텝 | 배송 52/52 | 재적재  9 | 중계율 0.17 | alpha 0.269 | complete
Ep 399 | 드론3 목적지46 |  850스텝 | 배송 46/46 | 재적재  7 | 중계율 0.22 | alpha 0.265 | complete
Ep 400 | 드론3 목적지34 |  687스텝 | 배송 34/34 | 재적재  5 | 중계율 0.30 | alpha 0.263 | complete
  [홀드아웃] 배송 49.6±2.8 완주 0.97 스텝 959 점수 124.7 재적재 8.3 2홉+ 0.62 | 최고 126.3@ep350 정체 1/15
Ep 401 | 드론3 목적지38 |  869스텝 | 배송 38/38 | 재적재  6 | 중계율 0.27 | alpha 0.263 | complete
Ep 402 | 드론4 목적지36 |  576스텝 | 배송 36/36 | 재적재  6 | 중계율 0.26 | alpha 0.263 | complete
Ep 403 | 드론3 목적지73 | 1000스텝 | 배송 62/73 | 재적재 11 | 중계율 0.21 | alpha 0.263 | step_limit
Ep 404 | 드론4 목적지70 | 1000스텝 | 배송 65/70 | 재적재 12 | 중계율 0.27 | alpha 0.264 | step_limit
Ep 405 | 드론3 목적지25 |  520스텝 | 배송 25/25 | 재적재  4 | 중계율 0.28 | alpha 0.264 | complete
Ep 406 | 드론4 목적지58 |  883스텝 | 배송 58/58 | 재적재 10 | 중계율 0.29 | alpha 0.267 | complete
Ep 407 | 드론4 목적지70 |  817스텝 | 배송 70/70 | 재적재 12 | 중계율 0.22 | alpha 0.265 | complete
Ep 408 | 드론3 목적지40 |  624스텝 | 배송 40/40 | 재적재  6 | 중계율 0.19 | alpha 0.263 | complete
Ep 409 | 드론3 목적지30 |  558스텝 | 배송 30/30 | 재적재  5 | 중계율 0.22 | alpha 0.263 | complete
Ep 410 | 드론3 목적지63 |  979스텝 | 배송 63/63 | 재적재 11 | 중계율 0.23 | alpha 0.262 | complete
Ep 411 | 드론3 목적지48 |  862스텝 | 배송 48/48 | 재적재  8 | 중계율 0.25 | alpha 0.265 | complete
Ep 412 | 드론4 목적지34 |  622스텝 | 배송 34/34 | 재적재  4 | 중계율 0.28 | alpha 0.269 | complete
Ep 413 | 드론3 목적지22 |  608스텝 | 배송 22/22 | 재적재  4 | 중계율 0.32 | alpha 0.271 | complete
Ep 414 | 드론3 목적지51 |  753스텝 | 배송 27/51 | 재적재  3 | 중계율 0.06 | alpha 0.278 | no_progress
Ep 415 | 드론4 목적지45 |  977스텝 | 배송 45/45 | 재적재  6 | 중계율 0.31 | alpha 0.283 | complete
Ep 416 | 드론3 목적지60 | 1000스텝 | 배송 56/60 | 재적재 10 | 중계율 0.30 | alpha 0.289 | step_limit
Ep 417 | 드론3 목적지43 |  738스텝 | 배송 43/43 | 재적재  8 | 중계율 0.26 | alpha 0.293 | complete
Ep 418 | 드론4 목적지75 | 1000스텝 | 배송 67/75 | 재적재 11 | 중계율 0.27 | alpha 0.301 | step_limit
Ep 419 | 드론4 목적지60 | 1000스텝 | 배송 50/60 | 재적재  9 | 중계율 0.32 | alpha 0.309 | step_limit
Ep 420 | 드론3 목적지22 |  602스텝 | 배송 22/22 | 재적재  3 | 중계율 0.33 | alpha 0.311 | complete
Ep 421 | 드론4 목적지40 |  718스텝 | 배송 40/40 | 재적재  5 | 중계율 0.35 | alpha 0.314 | complete
Ep 422 | 드론4 목적지52 |  638스텝 | 배송 52/52 | 재적재  9 | 중계율 0.15 | alpha 0.321 | complete
Ep 423 | 드론3 목적지29 |  514스텝 | 배송 29/29 | 재적재  5 | 중계율 0.21 | alpha 0.323 | complete
Ep 424 | 드론3 목적지29 |  671스텝 | 배송 29/29 | 재적재  5 | 중계율 0.18 | alpha 0.330 | complete
Ep 425 | 드론3 목적지80 | 1000스텝 | 배송 66/80 | 재적재 13 | 중계율 0.22 | alpha 0.332 | step_limit
Ep 426 | 드론4 목적지78 | 1000스텝 | 배송 65/78 | 재적재 11 | 중계율 0.15 | alpha 0.335 | step_limit
Ep 427 | 드론3 목적지46 |  907스텝 | 배송 46/46 | 재적재  8 | 중계율 0.28 | alpha 0.337 | complete
Ep 428 | 드론4 목적지72 | 1000스텝 | 배송 70/72 | 재적재 12 | 중계율 0.20 | alpha 0.346 | step_limit
Ep 429 | 드론3 목적지72 | 1000스텝 | 배송 60/72 | 재적재 10 | 중계율 0.27 | alpha 0.348 | step_limit
Ep 430 | 드론3 목적지78 | 1000스텝 | 배송 73/78 | 재적재 12 | 중계율 0.22 | alpha 0.352 | step_limit
Ep 431 | 드론3 목적지23 |  654스텝 | 배송 23/23 | 재적재  3 | 중계율 0.21 | alpha 0.353 | complete
Ep 432 | 드론4 목적지41 |  507스텝 | 배송 41/41 | 재적재  7 | 중계율 0.11 | alpha 0.355 | complete
Ep 433 | 드론3 목적지66 | 1000스텝 | 배송 57/66 | 재적재 10 | 중계율 0.20 | alpha 0.356 | step_limit
Ep 434 | 드론4 목적지62 |  846스텝 | 배송 62/62 | 재적재 12 | 중계율 0.28 | alpha 0.352 | complete
Ep 435 | 드론3 목적지32 |  839스텝 | 배송 32/32 | 재적재  6 | 중계율 0.27 | alpha 0.355 | complete
Ep 436 | 드론4 목적지65 |  686스텝 | 배송 65/65 | 재적재 10 | 중계율 0.18 | alpha 0.356 | complete
Ep 437 | 드론4 목적지61 |  785스텝 | 배송 61/61 | 재적재 11 | 중계율 0.12 | alpha 0.351 | complete
Ep 438 | 드론3 목적지37 |  733스텝 | 배송 37/37 | 재적재  6 | 중계율 0.19 | alpha 0.351 | complete
Ep 439 | 드론4 목적지49 |  726스텝 | 배송 49/49 | 재적재  6 | 중계율 0.27 | alpha 0.353 | complete
Ep 440 | 드론3 목적지42 |  697스텝 | 배송 42/42 | 재적재  7 | 중계율 0.18 | alpha 0.352 | complete
Ep 441 | 드론3 목적지54 | 1000스텝 | 배송 50/54 | 재적재  9 | 중계율 0.28 | alpha 0.357 | step_limit
Ep 442 | 드론4 목적지41 |  695스텝 | 배송 41/41 | 재적재  7 | 중계율 0.20 | alpha 0.354 | complete
Ep 443 | 드론3 목적지61 | 1000스텝 | 배송 53/61 | 재적재  9 | 중계율 0.23 | alpha 0.352 | step_limit
Ep 444 | 드론3 목적지55 | 1000스텝 | 배송 54/55 | 재적재  9 | 중계율 0.26 | alpha 0.352 | step_limit
Ep 445 | 드론3 목적지49 |  775스텝 | 배송 49/49 | 재적재  8 | 중계율 0.24 | alpha 0.355 | complete
Ep 446 | 드론4 목적지72 |  977스텝 | 배송 72/72 | 재적재 13 | 중계율 0.27 | alpha 0.357 | complete
Ep 447 | 드론4 목적지40 |  616스텝 | 배송 40/40 | 재적재  7 | 중계율 0.27 | alpha 0.358 | complete
Ep 448 | 드론3 목적지71 | 1000스텝 | 배송 60/71 | 재적재 12 | 중계율 0.29 | alpha 0.360 | step_limit
Ep 449 | 드론4 목적지26 |  433스텝 | 배송 26/26 | 재적재  3 | 중계율 0.29 | alpha 0.359 | complete
Ep 450 | 드론3 목적지56 | 1000스텝 | 배송 45/56 | 재적재  9 | 중계율 0.21 | alpha 0.366 | step_limit
  [홀드아웃] 배송 50.0±0.0 완주 1.00 스텝 918 점수 127.8 재적재 8.1 2홉+ 0.61 | 최고 127.8@ep450 정체 0/15  ← 갱신
Ep 451 | 드론4 목적지51 |  841스텝 | 배송 51/51 | 재적재 10 | 중계율 0.29 | alpha 0.378 | complete
Ep 452 | 드론3 목적지34 |  518스텝 | 배송 34/34 | 재적재  5 | 중계율 0.20 | alpha 0.380 | complete
Ep 453 | 드론4 목적지47 |  556스텝 | 배송 47/47 | 재적재  8 | 중계율 0.20 | alpha 0.381 | complete
Ep 454 | 드론4 목적지70 | 1000스텝 | 배송 58/70 | 재적재 10 | 중계율 0.26 | alpha 0.389 | step_limit
Ep 455 | 드론4 목적지44 |  584스텝 | 배송 44/44 | 재적재  6 | 중계율 0.22 | alpha 0.393 | complete
Ep 456 | 드론4 목적지49 |  690스텝 | 배송 49/49 | 재적재  8 | 중계율 0.17 | alpha 0.398 | complete
Ep 457 | 드론4 목적지56 |  613스텝 | 배송 56/56 | 재적재  9 | 중계율 0.20 | alpha 0.401 | complete
Ep 458 | 드론4 목적지42 |  922스텝 | 배송 42/42 | 재적재  7 | 중계율 0.35 | alpha 0.413 | complete
Ep 459 | 드론3 목적지45 |  703스텝 | 배송 45/45 | 재적재  8 | 중계율 0.12 | alpha 0.418 | complete
Ep 460 | 드론4 목적지73 | 1000스텝 | 배송 71/73 | 재적재 13 | 중계율 0.22 | alpha 0.423 | step_limit
Ep 461 | 드론3 목적지30 |  631스텝 | 배송 30/30 | 재적재  5 | 중계율 0.28 | alpha 0.427 | complete
Ep 462 | 드론3 목적지64 | 1000스텝 | 배송 63/64 | 재적재 11 | 중계율 0.20 | alpha 0.435 | step_limit
Ep 463 | 드론3 목적지63 | 1000스텝 | 배송 56/63 | 재적재 10 | 중계율 0.28 | alpha 0.442 | step_limit
Ep 464 | 드론3 목적지68 | 1000스텝 | 배송 62/68 | 재적재 11 | 중계율 0.21 | alpha 0.451 | step_limit
Ep 465 | 드론4 목적지63 |  945스텝 | 배송 63/63 | 재적재 11 | 중계율 0.29 | alpha 0.448 | complete
Ep 466 | 드론4 목적지65 |  933스텝 | 배송 65/65 | 재적재 12 | 중계율 0.24 | alpha 0.455 | complete
Ep 467 | 드론4 목적지57 |  900스텝 | 배송 57/57 | 재적재 10 | 중계율 0.27 | alpha 0.452 | complete
Ep 468 | 드론3 목적지35 |  698스텝 | 배송 35/35 | 재적재  5 | 중계율 0.24 | alpha 0.447 | complete
Ep 469 | 드론3 목적지46 | 1000스텝 | 배송 45/46 | 재적재  8 | 중계율 0.33 | alpha 0.443 | step_limit
Ep 470 | 드론4 목적지53 |  665스텝 | 배송 53/53 | 재적재  9 | 중계율 0.30 | alpha 0.443 | complete
Ep 471 | 드론4 목적지45 |  646스텝 | 배송 45/45 | 재적재  7 | 중계율 0.24 | alpha 0.446 | complete
Ep 472 | 드론3 목적지53 | 1000스텝 | 배송 49/53 | 재적재  8 | 중계율 0.24 | alpha 0.437 | step_limit
Ep 473 | 드론4 목적지71 |  801스텝 | 배송 71/71 | 재적재 13 | 중계율 0.23 | alpha 0.430 | complete
Ep 474 | 드론4 목적지25 |  555스텝 | 배송 25/25 | 재적재  4 | 중계율 0.27 | alpha 0.432 | complete
Ep 475 | 드론4 목적지40 |  728스텝 | 배송 40/40 | 재적재  7 | 중계율 0.20 | alpha 0.433 | complete
Ep 476 | 드론3 목적지33 |  682스텝 | 배송 33/33 | 재적재  5 | 중계율 0.28 | alpha 0.436 | complete
Ep 477 | 드론3 목적지21 |  555스텝 | 배송 21/21 | 재적재  2 | 중계율 0.22 | alpha 0.436 | complete
Ep 478 | 드론4 목적지22 |  491스텝 | 배송 22/22 | 재적재  2 | 중계율 0.25 | alpha 0.434 | complete
Ep 479 | 드론4 목적지41 | 1000스텝 | 배송 36/41 | 재적재  7 | 중계율 0.33 | alpha 0.431 | step_limit
Ep 480 | 드론3 목적지57 |  885스텝 | 배송 57/57 | 재적재 10 | 중계율 0.25 | alpha 0.433 | complete
Ep 481 | 드론3 목적지66 | 1000스텝 | 배송 60/66 | 재적재  9 | 중계율 0.25 | alpha 0.441 | step_limit
Ep 482 | 드론4 목적지76 | 1000스텝 | 배송 73/76 | 재적재 14 | 중계율 0.25 | alpha 0.453 | step_limit
Ep 483 | 드론3 목적지28 |  821스텝 | 배송 28/28 | 재적재  5 | 중계율 0.26 | alpha 0.457 | complete
Ep 484 | 드론4 목적지35 |  432스텝 | 배송 35/35 | 재적재  6 | 중계율 0.16 | alpha 0.455 | complete
Ep 485 | 드론4 목적지44 |  666스텝 | 배송 44/44 | 재적재  7 | 중계율 0.30 | alpha 0.454 | complete
Ep 486 | 드론4 목적지75 |  807스텝 | 배송 75/75 | 재적재 14 | 중계율 0.15 | alpha 0.462 | complete
Ep 487 | 드론3 목적지75 | 1000스텝 | 배송 67/75 | 재적재 13 | 중계율 0.17 | alpha 0.471 | step_limit
Ep 488 | 드론4 목적지60 | 1000스텝 | 배송 59/60 | 재적재  9 | 중계율 0.29 | alpha 0.468 | step_limit
Ep 489 | 드론3 목적지80 | 1000스텝 | 배송 60/80 | 재적재 10 | 중계율 0.13 | alpha 0.479 | step_limit
Ep 490 | 드론3 목적지30 |  579스텝 | 배송 30/30 | 재적재  5 | 중계율 0.20 | alpha 0.476 | complete
Ep 491 | 드론3 목적지59 | 1000스텝 | 배송 51/59 | 재적재  9 | 중계율 0.29 | alpha 0.480 | step_limit
Ep 492 | 드론3 목적지74 | 1000스텝 | 배송 60/74 | 재적재 12 | 중계율 0.22 | alpha 0.482 | step_limit
Ep 493 | 드론3 목적지47 | 1000스텝 | 배송 39/47 | 재적재  7 | 중계율 0.28 | alpha 0.482 | step_limit
Ep 494 | 드론3 목적지52 | 1000스텝 | 배송 51/52 | 재적재 10 | 중계율 0.26 | alpha 0.494 | step_limit
Ep 495 | 드론3 목적지54 | 1000스텝 | 배송 51/54 | 재적재  9 | 중계율 0.31 | alpha 0.500 | step_limit
Ep 496 | 드론4 목적지56 |  786스텝 | 배송 56/56 | 재적재  9 | 중계율 0.29 | alpha 0.508 | complete
Ep 497 | 드론4 목적지73 | 1000스텝 | 배송 65/73 | 재적재 12 | 중계율 0.31 | alpha 0.523 | step_limit
Ep 498 | 드론3 목적지22 |  389스텝 | 배송 22/22 | 재적재  3 | 중계율 0.19 | alpha 0.528 | complete
Ep 499 | 드론4 목적지55 |  890스텝 | 배송 55/55 | 재적재  9 | 중계율 0.32 | alpha 0.533 | complete
Ep 500 | 드론3 목적지55 | 1000스텝 | 배송 52/55 | 재적재 10 | 중계율 0.25 | alpha 0.534 | step_limit
  [홀드아웃] 배송 49.9±0.8 완주 0.99 스텝 891 점수 126.9 재적재 8.2 2홉+ 0.60 | 최고 127.8@ep450 정체 1/15
Ep 501 | 드론4 목적지25 |  649스텝 | 배송 25/25 | 재적재  4 | 중계율 0.17 | alpha 0.533 | complete
Ep 502 | 드론3 목적지53 | 1000스텝 | 배송 46/53 | 재적재  9 | 중계율 0.33 | alpha 0.534 | step_limit
Ep 503 | 드론4 목적지73 |  914스텝 | 배송 73/73 | 재적재 13 | 중계율 0.24 | alpha 0.537 | complete
Ep 504 | 드론3 목적지60 | 1000스텝 | 배송 58/60 | 재적재 10 | 중계율 0.25 | alpha 0.552 | step_limit
Ep 505 | 드론3 목적지72 | 1000스텝 | 배송 65/72 | 재적재 11 | 중계율 0.24 | alpha 0.553 | step_limit
Ep 506 | 드론3 목적지76 | 1000스텝 | 배송 64/76 | 재적재 11 | 중계율 0.23 | alpha 0.554 | step_limit
Ep 507 | 드론4 목적지79 |  930스텝 | 배송 79/79 | 재적재 15 | 중계율 0.21 | alpha 0.541 | complete
Ep 508 | 드론4 목적지38 |  670스텝 | 배송 38/38 | 재적재  6 | 중계율 0.29 | alpha 0.539 | complete
Ep 509 | 드론3 목적지52 | 1000스텝 | 배송 51/52 | 재적재  9 | 중계율 0.19 | alpha 0.535 | step_limit
Ep 510 | 드론3 목적지42 |  682스텝 | 배송 42/42 | 재적재  7 | 중계율 0.25 | alpha 0.530 | complete
Ep 511 | 드론3 목적지21 |  735스텝 | 배송 21/21 | 재적재  3 | 중계율 0.29 | alpha 0.530 | complete
Ep 512 | 드론3 목적지23 |  615스텝 | 배송 23/23 | 재적재  3 | 중계율 0.35 | alpha 0.534 | complete
Ep 513 | 드론3 목적지66 | 1000스텝 | 배송 65/66 | 재적재 13 | 중계율 0.22 | alpha 0.539 | step_limit
Ep 514 | 드론3 목적지38 |  777스텝 | 배송 38/38 | 재적재  7 | 중계율 0.30 | alpha 0.536 | complete
Ep 515 | 드론4 목적지23 |  443스텝 | 배송 23/23 | 재적재  2 | 중계율 0.41 | alpha 0.535 | complete
Ep 516 | 드론4 목적지34 |  694스텝 | 배송 34/34 | 재적재  5 | 중계율 0.33 | alpha 0.534 | complete
Ep 517 | 드론3 목적지73 | 1000스텝 | 배송 65/73 | 재적재 11 | 중계율 0.25 | alpha 0.528 | step_limit
Ep 518 | 드론4 목적지43 |  545스텝 | 배송 43/43 | 재적재  7 | 중계율 0.20 | alpha 0.527 | complete
Ep 519 | 드론3 목적지65 | 1000스텝 | 배송 61/65 | 재적재 11 | 중계율 0.26 | alpha 0.526 | step_limit
Ep 520 | 드론4 목적지55 |  736스텝 | 배송 55/55 | 재적재  8 | 중계율 0.27 | alpha 0.529 | complete
Ep 521 | 드론3 목적지62 | 1000스텝 | 배송 55/62 | 재적재 11 | 중계율 0.26 | alpha 0.524 | step_limit
Ep 522 | 드론4 목적지37 |  841스텝 | 배송 37/37 | 재적재  6 | 중계율 0.33 | alpha 0.521 | complete
Ep 523 | 드론4 목적지66 | 1000스텝 | 배송 63/66 | 재적재 12 | 중계율 0.22 | alpha 0.519 | step_limit
Ep 524 | 드론3 목적지57 | 1000스텝 | 배송 56/57 | 재적재 10 | 중계율 0.21 | alpha 0.514 | step_limit
Ep 525 | 드론3 목적지39 |  745스텝 | 배송 39/39 | 재적재  7 | 중계율 0.20 | alpha 0.512 | complete
Ep 526 | 드론4 목적지73 |  929스텝 | 배송 73/73 | 재적재 12 | 중계율 0.23 | alpha 0.510 | complete
Ep 527 | 드론4 목적지58 |  741스텝 | 배송 58/58 | 재적재 10 | 중계율 0.23 | alpha 0.506 | complete
Ep 528 | 드론4 목적지46 |  592스텝 | 배송 46/46 | 재적재  8 | 중계율 0.18 | alpha 0.503 | complete
Ep 529 | 드론4 목적지20 |  267스텝 | 배송 20/20 | 재적재  3 | 중계율 0.18 | alpha 0.501 | complete
Ep 530 | 드론4 목적지72 | 1000스텝 | 배송 67/72 | 재적재 12 | 중계율 0.27 | alpha 0.490 | step_limit
Ep 531 | 드론3 목적지21 |  434스텝 | 배송 21/21 | 재적재  2 | 중계율 0.29 | alpha 0.488 | complete
Ep 532 | 드론4 목적지32 |  699스텝 | 배송 32/32 | 재적재  6 | 중계율 0.37 | alpha 0.488 | complete
Ep 533 | 드론3 목적지79 | 1000스텝 | 배송 64/79 | 재적재 11 | 중계율 0.28 | alpha 0.497 | step_limit
Ep 534 | 드론4 목적지56 | 1000스텝 | 배송 50/56 | 재적재  8 | 중계율 0.27 | alpha 0.499 | step_limit
Ep 535 | 드론3 목적지68 | 1000스텝 | 배송 54/68 | 재적재  9 | 중계율 0.24 | alpha 0.501 | step_limit
Ep 536 | 드론4 목적지57 | 1000스텝 | 배송 50/57 | 재적재  9 | 중계율 0.33 | alpha 0.495 | step_limit
Ep 537 | 드론3 목적지49 | 1000스텝 | 배송 48/49 | 재적재  8 | 중계율 0.28 | alpha 0.490 | step_limit
Ep 538 | 드론3 목적지38 |  837스텝 | 배송 38/38 | 재적재  6 | 중계율 0.31 | alpha 0.497 | complete
Ep 539 | 드론4 목적지79 |  906스텝 | 배송 79/79 | 재적재 14 | 중계율 0.24 | alpha 0.491 | complete
Ep 540 | 드론4 목적지70 |  770스텝 | 배송 70/70 | 재적재 12 | 중계율 0.17 | alpha 0.490 | complete
Ep 541 | 드론4 목적지77 | 1000스텝 | 배송 72/77 | 재적재 12 | 중계율 0.17 | alpha 0.493 | step_limit
Ep 542 | 드론4 목적지53 |  782스텝 | 배송 53/53 | 재적재  9 | 중계율 0.27 | alpha 0.487 | complete
Ep 543 | 드론3 목적지49 |  941스텝 | 배송 49/49 | 재적재  8 | 중계율 0.24 | alpha 0.487 | complete
Ep 544 | 드론4 목적지68 | 1000스텝 | 배송 62/68 | 재적재 11 | 중계율 0.30 | alpha 0.494 | step_limit
Ep 545 | 드론4 목적지56 |  962스텝 | 배송 56/56 | 재적재  9 | 중계율 0.30 | alpha 0.494 | complete
Ep 546 | 드론4 목적지75 |  940스텝 | 배송 75/75 | 재적재 13 | 중계율 0.20 | alpha 0.496 | complete
Ep 547 | 드론3 목적지71 | 1000스텝 | 배송 60/71 | 재적재 10 | 중계율 0.30 | alpha 0.491 | step_limit
Ep 548 | 드론3 목적지80 | 1000스텝 | 배송 69/80 | 재적재 12 | 중계율 0.17 | alpha 0.486 | step_limit
Ep 549 | 드론4 목적지38 |  843스텝 | 배송 38/38 | 재적재  5 | 중계율 0.26 | alpha 0.478 | complete
Ep 550 | 드론4 목적지49 |  597스텝 | 배송 49/49 | 재적재  8 | 중계율 0.16 | alpha 0.472 | complete
  [홀드아웃] 배송 50.0±0.0 완주 1.00 스텝 929 점수 127.6 재적재 8.3 2홉+ 0.60 | 최고 127.8@ep450 정체 2/15
Ep 551 | 드론3 목적지56 | 1000스텝 | 배송 55/56 | 재적재  9 | 중계율 0.22 | alpha 0.472 | step_limit
Ep 552 | 드론4 목적지27 |  476스텝 | 배송 27/27 | 재적재  3 | 중계율 0.30 | alpha 0.468 | complete
Ep 553 | 드론3 목적지46 |  722스텝 | 배송 46/46 | 재적재  8 | 중계율 0.20 | alpha 0.472 | complete
Ep 554 | 드론4 목적지72 |  666스텝 | 배송 72/72 | 재적재 11 | 중계율 0.17 | alpha 0.471 | complete
Ep 555 | 드론3 목적지68 | 1000스텝 | 배송 51/68 | 재적재 10 | 중계율 0.27 | alpha 0.476 | step_limit
Ep 556 | 드론3 목적지30 |  888스텝 | 배송 25/30 | 재적재  4 | 중계율 0.35 | alpha 0.481 | no_progress
Ep 557 | 드론3 목적지46 |  838스텝 | 배송 46/46 | 재적재  7 | 중계율 0.23 | alpha 0.486 | complete
Ep 558 | 드론4 목적지66 | 1000스텝 | 배송 58/66 | 재적재 10 | 중계율 0.36 | alpha 0.491 | step_limit
Ep 559 | 드론4 목적지78 | 1000스텝 | 배송 73/78 | 재적재 13 | 중계율 0.28 | alpha 0.491 | step_limit
Ep 560 | 드론3 목적지22 |  395스텝 | 배송 22/22 | 재적재  3 | 중계율 0.21 | alpha 0.491 | complete
Ep 561 | 드론3 목적지29 |  515스텝 | 배송 29/29 | 재적재  5 | 중계율 0.15 | alpha 0.492 | complete
Ep 562 | 드론4 목적지71 |  956스텝 | 배송 71/71 | 재적재 13 | 중계율 0.17 | alpha 0.491 | complete
Ep 563 | 드론4 목적지61 |  990스텝 | 배송 61/61 | 재적재 10 | 중계율 0.33 | alpha 0.487 | complete
Ep 564 | 드론4 목적지44 |  528스텝 | 배송 44/44 | 재적재  7 | 중계율 0.21 | alpha 0.484 | complete
Ep 565 | 드론4 목적지21 |  423스텝 | 배송 21/21 | 재적재  3 | 중계율 0.34 | alpha 0.482 | complete
Ep 566 | 드론4 목적지23 |  332스텝 | 배송 23/23 | 재적재  2 | 중계율 0.17 | alpha 0.480 | complete
Ep 567 | 드론4 목적지57 |  593스텝 | 배송 57/57 | 재적재 10 | 중계율 0.16 | alpha 0.482 | complete
Ep 568 | 드론4 목적지23 |  410스텝 | 배송 23/23 | 재적재  3 | 중계율 0.36 | alpha 0.484 | complete
Ep 569 | 드론4 목적지79 | 1000스텝 | 배송 70/79 | 재적재 12 | 중계율 0.25 | alpha 0.482 | step_limit
Ep 570 | 드론4 목적지70 |  921스텝 | 배송 70/70 | 재적재 12 | 중계율 0.23 | alpha 0.482 | complete
Ep 571 | 드론4 목적지78 |  881스텝 | 배송 78/78 | 재적재 14 | 중계율 0.13 | alpha 0.484 | complete
Ep 572 | 드론4 목적지70 |  855스텝 | 배송 70/70 | 재적재 12 | 중계율 0.23 | alpha 0.481 | complete
Ep 573 | 드론3 목적지77 | 1000스텝 | 배송 58/77 | 재적재 10 | 중계율 0.24 | alpha 0.483 | step_limit
Ep 574 | 드론4 목적지34 |  595스텝 | 배송 34/34 | 재적재  4 | 중계율 0.30 | alpha 0.484 | complete
Ep 575 | 드론3 목적지21 |  493스텝 | 배송 21/21 | 재적재  3 | 중계율 0.23 | alpha 0.485 | complete
Ep 576 | 드론3 목적지39 |  608스텝 | 배송 39/39 | 재적재  7 | 중계율 0.17 | alpha 0.485 | complete
Ep 577 | 드론4 목적지53 |  753스텝 | 배송 53/53 | 재적재  8 | 중계율 0.27 | alpha 0.490 | complete
Ep 578 | 드론4 목적지29 |  399스텝 | 배송 29/29 | 재적재  5 | 중계율 0.23 | alpha 0.491 | complete
Ep 579 | 드론3 목적지67 | 1000스텝 | 배송 64/67 | 재적재 12 | 중계율 0.26 | alpha 0.492 | step_limit
Ep 580 | 드론4 목적지39 |  703스텝 | 배송 39/39 | 재적재  7 | 중계율 0.33 | alpha 0.493 | complete
Ep 581 | 드론3 목적지25 |  547스텝 | 배송 25/25 | 재적재  3 | 중계율 0.33 | alpha 0.495 | complete
Ep 582 | 드론3 목적지27 |  661스텝 | 배송 27/27 | 재적재  4 | 중계율 0.27 | alpha 0.493 | complete
Ep 583 | 드론3 목적지67 | 1000스텝 | 배송 60/67 | 재적재 11 | 중계율 0.25 | alpha 0.493 | step_limit
Ep 584 | 드론4 목적지70 |  974스텝 | 배송 70/70 | 재적재 13 | 중계율 0.27 | alpha 0.485 | complete
Ep 585 | 드론3 목적지50 |  798스텝 | 배송 50/50 | 재적재  9 | 중계율 0.25 | alpha 0.483 | complete
Ep 586 | 드론3 목적지55 | 1000스텝 | 배송 41/55 | 재적재  6 | 중계율 0.26 | alpha 0.472 | step_limit
Ep 587 | 드론4 목적지46 |  641스텝 | 배송 46/46 | 재적재  7 | 중계율 0.27 | alpha 0.467 | complete
Ep 588 | 드론3 목적지39 |  764스텝 | 배송 39/39 | 재적재  6 | 중계율 0.29 | alpha 0.467 | complete
Ep 589 | 드론4 목적지48 |  689스텝 | 배송 48/48 | 재적재  7 | 중계율 0.26 | alpha 0.468 | complete
Ep 590 | 드론3 목적지55 |  827스텝 | 배송 55/55 | 재적재 10 | 중계율 0.25 | alpha 0.467 | complete
Ep 591 | 드론3 목적지70 | 1000스텝 | 배송 60/70 | 재적재 10 | 중계율 0.25 | alpha 0.461 | step_limit
Ep 592 | 드론3 목적지45 |  791스텝 | 배송 45/45 | 재적재  7 | 중계율 0.25 | alpha 0.467 | complete
Ep 593 | 드론3 목적지27 |  641스텝 | 배송 27/27 | 재적재  3 | 중계율 0.20 | alpha 0.468 | complete
Ep 594 | 드론3 목적지77 | 1000스텝 | 배송 58/77 | 재적재 10 | 중계율 0.30 | alpha 0.472 | step_limit
Ep 595 | 드론4 목적지64 | 1000스텝 | 배송 62/64 | 재적재 11 | 중계율 0.29 | alpha 0.481 | step_limit
Ep 596 | 드론3 목적지66 | 1000스텝 | 배송 55/66 | 재적재  9 | 중계율 0.25 | alpha 0.488 | step_limit
Ep 597 | 드론4 목적지31 |  606스텝 | 배송 31/31 | 재적재  4 | 중계율 0.36 | alpha 0.492 | complete
Ep 598 | 드론4 목적지64 | 1000스텝 | 배송 61/64 | 재적재 11 | 중계율 0.29 | alpha 0.492 | step_limit
Ep 599 | 드론3 목적지39 | 1000스텝 | 배송 38/39 | 재적재  7 | 중계율 0.29 | alpha 0.490 | step_limit
Ep 600 | 드론4 목적지80 | 1000스텝 | 배송 79/80 | 재적재 14 | 중계율 0.26 | alpha 0.491 | step_limit
  [홀드아웃] 배송 50.0±0.0 완주 1.00 스텝 913 점수 127.8 재적재 8.2 2홉+ 0.60 | 최고 127.8@ep600 정체 0/15  ← 갱신
Ep 601 | 드론3 목적지28 |  698스텝 | 배송 28/28 | 재적재  5 | 중계율 0.28 | alpha 0.491 | complete
Ep 602 | 드론3 목적지78 | 1000스텝 | 배송 68/78 | 재적재 12 | 중계율 0.23 | alpha 0.489 | step_limit
Ep 603 | 드론3 목적지64 | 1000스텝 | 배송 55/64 | 재적재 10 | 중계율 0.28 | alpha 0.486 | step_limit
Ep 604 | 드론4 목적지68 |  904스텝 | 배송 68/68 | 재적재 12 | 중계율 0.23 | alpha 0.485 | complete
Ep 605 | 드론4 목적지55 |  869스텝 | 배송 55/55 | 재적재  8 | 중계율 0.33 | alpha 0.484 | complete
Ep 606 | 드론4 목적지69 |  926스텝 | 배송 69/69 | 재적재 12 | 중계율 0.20 | alpha 0.485 | complete
Ep 607 | 드론3 목적지31 |  762스텝 | 배송 31/31 | 재적재  5 | 중계율 0.30 | alpha 0.480 | complete
Ep 608 | 드론3 목적지59 | 1000스텝 | 배송 55/59 | 재적재 10 | 중계율 0.27 | alpha 0.478 | step_limit
Ep 609 | 드론4 목적지56 |  952스텝 | 배송 56/56 | 재적재 10 | 중계율 0.32 | alpha 0.481 | complete
Ep 610 | 드론3 목적지59 | 1000스텝 | 배송 46/59 | 재적재  9 | 중계율 0.25 | alpha 0.487 | step_limit
Ep 611 | 드론3 목적지21 |  447스텝 | 배송 21/21 | 재적재  3 | 중계율 0.27 | alpha 0.486 | complete
Ep 612 | 드론3 목적지27 |  603스텝 | 배송 27/27 | 재적재  4 | 중계율 0.24 | alpha 0.481 | complete
Ep 613 | 드론3 목적지80 | 1000스텝 | 배송 66/80 | 재적재 11 | 중계율 0.20 | alpha 0.481 | step_limit
Ep 614 | 드론3 목적지54 |  958스텝 | 배송 54/54 | 재적재  9 | 중계율 0.26 | alpha 0.474 | complete
Ep 615 | 드론3 목적지56 |  957스텝 | 배송 56/56 | 재적재 10 | 중계율 0.20 | alpha 0.471 | complete
Ep 616 | 드론4 목적지71 | 1000스텝 | 배송 49/71 | 재적재  9 | 중계율 0.28 | alpha 0.459 | step_limit
Ep 617 | 드론3 목적지67 | 1000스텝 | 배송 63/67 | 재적재 11 | 중계율 0.27 | alpha 0.452 | step_limit
Ep 618 | 드론3 목적지52 |  903스텝 | 배송 52/52 | 재적재  9 | 중계율 0.28 | alpha 0.445 | complete
Ep 619 | 드론4 목적지54 |  783스텝 | 배송 54/54 | 재적재 10 | 중계율 0.18 | alpha 0.446 | complete
Ep 620 | 드론4 목적지66 |  815스텝 | 배송 66/66 | 재적재 11 | 중계율 0.22 | alpha 0.443 | complete
Ep 621 | 드론3 목적지46 | 1000스텝 | 배송 40/46 | 재적재  7 | 중계율 0.16 | alpha 0.443 | step_limit
Ep 622 | 드론3 목적지28 |  875스텝 | 배송 28/28 | 재적재  4 | 중계율 0.32 | alpha 0.441 | complete
Ep 623 | 드론4 목적지44 |  572스텝 | 배송 44/44 | 재적재  7 | 중계율 0.21 | alpha 0.443 | complete
Ep 624 | 드론3 목적지42 |  845스텝 | 배송 42/42 | 재적재  7 | 중계율 0.23 | alpha 0.447 | complete
Ep 625 | 드론3 목적지37 |  734스텝 | 배송 37/37 | 재적재  6 | 중계율 0.23 | alpha 0.445 | complete
Ep 626 | 드론3 목적지68 | 1000스텝 | 배송 60/68 | 재적재 10 | 중계율 0.26 | alpha 0.443 | step_limit
Ep 627 | 드론4 목적지27 |  316스텝 | 배송 27/27 | 재적재  2 | 중계율 0.21 | alpha 0.443 | complete
Ep 628 | 드론4 목적지38 |  394스텝 | 배송 38/38 | 재적재  5 | 중계율 0.14 | alpha 0.444 | complete
Ep 629 | 드론4 목적지57 |  545스텝 | 배송 57/57 | 재적재  8 | 중계율 0.17 | alpha 0.441 | complete
Ep 630 | 드론3 목적지73 | 1000스텝 | 배송 60/73 | 재적재 10 | 중계율 0.26 | alpha 0.442 | step_limit
Ep 631 | 드론3 목적지58 |  964스텝 | 배송 58/58 | 재적재 10 | 중계율 0.25 | alpha 0.447 | complete
Ep 632 | 드론4 목적지36 |  548스텝 | 배송 36/36 | 재적재  6 | 중계율 0.17 | alpha 0.447 | complete
Ep 633 | 드론3 목적지46 |  908스텝 | 배송 46/46 | 재적재  7 | 중계율 0.33 | alpha 0.444 | complete
Ep 634 | 드론3 목적지25 |  426스텝 | 배송 25/25 | 재적재  4 | 중계율 0.14 | alpha 0.446 | complete
Ep 635 | 드론3 목적지39 |  767스텝 | 배송 39/39 | 재적재  6 | 중계율 0.30 | alpha 0.443 | complete
Ep 636 | 드론4 목적지28 |  446스텝 | 배송 28/28 | 재적재  4 | 중계율 0.17 | alpha 0.443 | complete
Ep 637 | 드론4 목적지39 |  492스텝 | 배송 39/39 | 재적재  5 | 중계율 0.23 | alpha 0.441 | complete
Ep 638 | 드론3 목적지46 |  990스텝 | 배송 46/46 | 재적재  8 | 중계율 0.31 | alpha 0.437 | complete
Ep 639 | 드론4 목적지21 |  397스텝 | 배송 21/21 | 재적재  2 | 중계율 0.35 | alpha 0.437 | complete
Ep 640 | 드론3 목적지55 | 1000스텝 | 배송 50/55 | 재적재  9 | 중계율 0.36 | alpha 0.435 | step_limit
Ep 641 | 드론3 목적지74 | 1000스텝 | 배송 61/74 | 재적재 12 | 중계율 0.23 | alpha 0.434 | step_limit
Ep 642 | 드론3 목적지24 |  473스텝 | 배송 24/24 | 재적재  3 | 중계율 0.28 | alpha 0.436 | complete
Ep 643 | 드론4 목적지57 |  846스텝 | 배송 57/57 | 재적재 11 | 중계율 0.27 | alpha 0.437 | complete
Ep 644 | 드론3 목적지45 |  892스텝 | 배송 45/45 | 재적재  7 | 중계율 0.34 | alpha 0.441 | complete
Ep 645 | 드론3 목적지48 |  884스텝 | 배송 48/48 | 재적재  7 | 중계율 0.25 | alpha 0.447 | complete
Ep 646 | 드론3 목적지25 |  532스텝 | 배송 25/25 | 재적재  3 | 중계율 0.33 | alpha 0.446 | complete
Ep 647 | 드론3 목적지26 |  470스텝 | 배송 26/26 | 재적재  4 | 중계율 0.26 | alpha 0.445 | complete
Ep 648 | 드론3 목적지48 |  881스텝 | 배송 48/48 | 재적재  9 | 중계율 0.22 | alpha 0.446 | complete
Ep 649 | 드론4 목적지69 |  975스텝 | 배송 69/69 | 재적재 13 | 중계율 0.23 | alpha 0.443 | complete
Ep 650 | 드론3 목적지64 | 1000스텝 | 배송 60/64 | 재적재 11 | 중계율 0.24 | alpha 0.453 | step_limit
  [홀드아웃] 배송 49.9±0.6 완주 0.99 스텝 898 점수 126.8 재적재 8.1 2홉+ 0.61 | 최고 127.8@ep600 정체 1/15
Ep 651 | 드론4 목적지77 | 1000스텝 | 배송 63/77 | 재적재 12 | 중계율 0.30 | alpha 0.455 | step_limit
Ep 652 | 드론3 목적지32 |  750스텝 | 배송 32/32 | 재적재  4 | 중계율 0.34 | alpha 0.456 | complete
Ep 653 | 드론3 목적지77 | 1000스텝 | 배송 70/77 | 재적재 12 | 중계율 0.23 | alpha 0.455 | step_limit
Ep 654 | 드론4 목적지21 |  416스텝 | 배송 21/21 | 재적재  3 | 중계율 0.32 | alpha 0.454 | complete
Ep 655 | 드론3 목적지28 |  589스텝 | 배송 28/28 | 재적재  5 | 중계율 0.21 | alpha 0.453 | complete
Ep 656 | 드론3 목적지50 | 1000스텝 | 배송 48/50 | 재적재  9 | 중계율 0.31 | alpha 0.452 | step_limit
Ep 657 | 드론4 목적지62 |  741스텝 | 배송 62/62 | 재적재 11 | 중계율 0.20 | alpha 0.449 | complete
Ep 658 | 드론3 목적지50 |  940스텝 | 배송 50/50 | 재적재  9 | 중계율 0.30 | alpha 0.451 | complete
Ep 659 | 드론4 목적지39 |  553스텝 | 배송 39/39 | 재적재  5 | 중계율 0.21 | alpha 0.448 | complete
Ep 660 | 드론4 목적지65 |  774스텝 | 배송 65/65 | 재적재 11 | 중계율 0.16 | alpha 0.446 | complete
Ep 661 | 드론4 목적지20 |  344스텝 | 배송 20/20 | 재적재  3 | 중계율 0.16 | alpha 0.444 | complete
Ep 662 | 드론4 목적지46 |  586스텝 | 배송 46/46 | 재적재  7 | 중계율 0.23 | alpha 0.443 | complete
Ep 663 | 드론3 목적지78 | 1000스텝 | 배송 71/78 | 재적재 13 | 중계율 0.20 | alpha 0.451 | step_limit
Ep 664 | 드론3 목적지28 |  832스텝 | 배송 28/28 | 재적재  5 | 중계율 0.32 | alpha 0.461 | complete
Ep 665 | 드론3 목적지25 |  509스텝 | 배송 25/25 | 재적재  2 | 중계율 0.35 | alpha 0.463 | complete
Ep 666 | 드론4 목적지74 | 1000스텝 | 배송 72/74 | 재적재 13 | 중계율 0.25 | alpha 0.466 | step_limit
Ep 667 | 드론3 목적지50 |  967스텝 | 배송 50/50 | 재적재  9 | 중계율 0.27 | alpha 0.460 | complete
Ep 668 | 드론4 목적지80 | 1000스텝 | 배송 72/80 | 재적재 14 | 중계율 0.20 | alpha 0.456 | step_limit
Ep 669 | 드론4 목적지53 |  693스텝 | 배송 53/53 | 재적재  9 | 중계율 0.23 | alpha 0.458 | complete
Ep 670 | 드론3 목적지68 | 1000스텝 | 배송 61/68 | 재적재 12 | 중계율 0.31 | alpha 0.452 | step_limit
Ep 671 | 드론3 목적지60 | 1000스텝 | 배송 52/60 | 재적재  9 | 중계율 0.30 | alpha 0.457 | step_limit
Ep 672 | 드론3 목적지50 |  883스텝 | 배송 50/50 | 재적재  9 | 중계율 0.24 | alpha 0.457 | complete
Ep 673 | 드론4 목적지54 | 1000스텝 | 배송 49/54 | 재적재  8 | 중계율 0.29 | alpha 0.454 | step_limit
Ep 674 | 드론4 목적지73 |  904스텝 | 배송 73/73 | 재적재 13 | 중계율 0.21 | alpha 0.462 | complete
Ep 675 | 드론3 목적지74 | 1000스텝 | 배송 71/74 | 재적재 14 | 중계율 0.14 | alpha 0.461 | step_limit
Ep 676 | 드론3 목적지46 |  947스텝 | 배송 46/46 | 재적재  9 | 중계율 0.32 | alpha 0.456 | complete
Ep 677 | 드론3 목적지79 | 1000스텝 | 배송 70/79 | 재적재 13 | 중계율 0.23 | alpha 0.451 | step_limit
Ep 678 | 드론4 목적지41 |  700스텝 | 배송 41/41 | 재적재  6 | 중계율 0.30 | alpha 0.449 | complete
Ep 679 | 드론4 목적지58 |  867스텝 | 배송 58/58 | 재적재  9 | 중계율 0.25 | alpha 0.446 | complete
Ep 680 | 드론3 목적지31 |  603스텝 | 배송 31/31 | 재적재  5 | 중계율 0.22 | alpha 0.441 | complete
Ep 681 | 드론4 목적지65 | 1000스텝 | 배송 56/65 | 재적재  9 | 중계율 0.25 | alpha 0.438 | step_limit
Ep 682 | 드론3 목적지72 | 1000스텝 | 배송 65/72 | 재적재 11 | 중계율 0.27 | alpha 0.441 | step_limit
Ep 683 | 드론4 목적지52 |  820스텝 | 배송 52/52 | 재적재  9 | 중계율 0.32 | alpha 0.444 | complete
Ep 684 | 드론3 목적지40 |  753스텝 | 배송 40/40 | 재적재  6 | 중계율 0.30 | alpha 0.449 | complete
Ep 685 | 드론3 목적지74 | 1000스텝 | 배송 62/74 | 재적재 10 | 중계율 0.26 | alpha 0.449 | step_limit
Ep 686 | 드론4 목적지58 |  808스텝 | 배송 58/58 | 재적재 10 | 중계율 0.23 | alpha 0.452 | complete
Ep 687 | 드론3 목적지46 |  959스텝 | 배송 46/46 | 재적재  8 | 중계율 0.30 | alpha 0.457 | complete
Ep 688 | 드론4 목적지33 |  436스텝 | 배송 33/33 | 재적재  5 | 중계율 0.24 | alpha 0.460 | complete
Ep 689 | 드론4 목적지80 | 1000스텝 | 배송 70/80 | 재적재 11 | 중계율 0.21 | alpha 0.466 | step_limit
Ep 690 | 드론3 목적지26 |  654스텝 | 배송 26/26 | 재적재  4 | 중계율 0.23 | alpha 0.463 | complete
Ep 691 | 드론3 목적지40 |  722스텝 | 배송 40/40 | 재적재  6 | 중계율 0.23 | alpha 0.463 | complete
Ep 692 | 드론3 목적지49 |  793스텝 | 배송 49/49 | 재적재  8 | 중계율 0.22 | alpha 0.468 | complete
Ep 693 | 드론4 목적지56 |  876스텝 | 배송 56/56 | 재적재 10 | 중계율 0.29 | alpha 0.464 | complete
Ep 694 | 드론3 목적지69 | 1000스텝 | 배송 62/69 | 재적재 12 | 중계율 0.14 | alpha 0.461 | step_limit
Ep 695 | 드론4 목적지32 |  405스텝 | 배송 32/32 | 재적재  4 | 중계율 0.25 | alpha 0.461 | complete
Ep 696 | 드론3 목적지48 | 1000스텝 | 배송 46/48 | 재적재  9 | 중계율 0.26 | alpha 0.458 | step_limit
Ep 697 | 드론3 목적지58 | 1000스텝 | 배송 55/58 | 재적재 11 | 중계율 0.26 | alpha 0.454 | step_limit
Ep 698 | 드론4 목적지65 | 1000스텝 | 배송 64/65 | 재적재 11 | 중계율 0.29 | alpha 0.453 | step_limit
Ep 699 | 드론4 목적지44 | 1000스텝 | 배송 42/44 | 재적재  8 | 중계율 0.33 | alpha 0.453 | step_limit
Ep 700 | 드론4 목적지40 | 1000스텝 | 배송 32/40 | 재적재  5 | 중계율 0.35 | alpha 0.457 | step_limit
  [홀드아웃] 배송 49.7±2.0 완주 0.97 스텝 898 점수 125.5 재적재 7.9 2홉+ 0.61 | 최고 127.8@ep600 정체 2/15
Ep 701 | 드론4 목적지26 |  832스텝 | 배송 26/26 | 재적재  3 | 중계율 0.37 | alpha 0.459 | complete
Ep 702 | 드론3 목적지66 | 1000스텝 | 배송 64/66 | 재적재 11 | 중계율 0.20 | alpha 0.462 | step_limit
Ep 703 | 드론3 목적지25 |  534스텝 | 배송 25/25 | 재적재  3 | 중계율 0.33 | alpha 0.460 | complete
Ep 704 | 드론4 목적지35 |  515스텝 | 배송 35/35 | 재적재  6 | 중계율 0.24 | alpha 0.459 | complete
Ep 705 | 드론3 목적지24 |  507스텝 | 배송 24/24 | 재적재  3 | 중계율 0.20 | alpha 0.460 | complete
Ep 706 | 드론3 목적지64 | 1000스텝 | 배송 63/64 | 재적재 11 | 중계율 0.21 | alpha 0.461 | step_limit
Ep 707 | 드론3 목적지24 |  479스텝 | 배송 24/24 | 재적재  4 | 중계율 0.26 | alpha 0.460 | complete
Ep 708 | 드론4 목적지68 |  893스텝 | 배송 68/68 | 재적재 11 | 중계율 0.19 | alpha 0.463 | complete
Ep 709 | 드론3 목적지57 | 1000스텝 | 배송 45/57 | 재적재  7 | 중계율 0.31 | alpha 0.471 | step_limit
Ep 710 | 드론4 목적지78 | 1000스텝 | 배송 75/78 | 재적재 14 | 중계율 0.22 | alpha 0.478 | step_limit
Ep 711 | 드론4 목적지34 |  677스텝 | 배송 34/34 | 재적재  6 | 중계율 0.31 | alpha 0.476 | complete
Ep 712 | 드론3 목적지21 |  324스텝 | 배송 21/21 | 재적재  3 | 중계율 0.13 | alpha 0.475 | complete
Ep 713 | 드론3 목적지63 |  809스텝 | 배송 33/63 | 재적재  6 | 중계율 0.26 | alpha 0.473 | no_progress
Ep 714 | 드론3 목적지64 |  978스텝 | 배송 64/64 | 재적재 12 | 중계율 0.20 | alpha 0.478 | complete
Ep 715 | 드론4 목적지43 |  488스텝 | 배송 43/43 | 재적재  7 | 중계율 0.17 | alpha 0.479 | complete
Ep 716 | 드론3 목적지39 |  821스텝 | 배송 39/39 | 재적재  7 | 중계율 0.29 | alpha 0.476 | complete
Ep 717 | 드론3 목적지67 | 1000스텝 | 배송 46/67 | 재적재  8 | 중계율 0.24 | alpha 0.482 | step_limit
Ep 718 | 드론4 목적지68 | 1000스텝 | 배송 63/68 | 재적재 11 | 중계율 0.25 | alpha 0.483 | step_limit
Ep 719 | 드론4 목적지67 | 1000스텝 | 배송 66/67 | 재적재 12 | 중계율 0.31 | alpha 0.475 | step_limit
Ep 720 | 드론3 목적지49 |  635스텝 | 배송 49/49 | 재적재  8 | 중계율 0.14 | alpha 0.478 | complete
Ep 721 | 드론3 목적지29 |  576스텝 | 배송 29/29 | 재적재  3 | 중계율 0.23 | alpha 0.478 | complete
Ep 722 | 드론4 목적지59 |  980스텝 | 배송 59/59 | 재적재 10 | 중계율 0.24 | alpha 0.477 | complete
Ep 723 | 드론4 목적지70 |  931스텝 | 배송 70/70 | 재적재 13 | 중계율 0.19 | alpha 0.482 | complete
Ep 724 | 드론3 목적지69 | 1000스텝 | 배송 68/69 | 재적재 11 | 중계율 0.22 | alpha 0.498 | step_limit
Ep 725 | 드론3 목적지62 | 1000스텝 | 배송 55/62 | 재적재 10 | 중계율 0.29 | alpha 0.511 | step_limit
Ep 726 | 드론4 목적지56 |  969스텝 | 배송 56/56 | 재적재  9 | 중계율 0.26 | alpha 0.519 | complete
Ep 727 | 드론3 목적지57 |  818스텝 | 배송 57/57 | 재적재 11 | 중계율 0.16 | alpha 0.529 | complete
Ep 728 | 드론4 목적지43 | 1000스텝 | 배송 41/43 | 재적재  6 | 중계율 0.36 | alpha 0.530 | step_limit
Ep 729 | 드론4 목적지77 |  904스텝 | 배송 77/77 | 재적재 14 | 중계율 0.17 | alpha 0.527 | complete
Ep 730 | 드론3 목적지27 |  585스텝 | 배송 27/27 | 재적재  4 | 중계율 0.26 | alpha 0.531 | complete
Ep 731 | 드론3 목적지80 | 1000스텝 | 배송 71/80 | 재적재 12 | 중계율 0.22 | alpha 0.537 | step_limit
Ep 732 | 드론3 목적지80 | 1000스텝 | 배송 74/80 | 재적재 13 | 중계율 0.24 | alpha 0.540 | step_limit
Ep 733 | 드론4 목적지64 |  860스텝 | 배송 64/64 | 재적재 11 | 중계율 0.21 | alpha 0.540 | complete
Ep 734 | 드론3 목적지38 |  603스텝 | 배송 38/38 | 재적재  6 | 중계율 0.20 | alpha 0.541 | complete
Ep 735 | 드론4 목적지63 |  739스텝 | 배송 63/63 | 재적재 11 | 중계율 0.23 | alpha 0.547 | complete
Ep 736 | 드론3 목적지52 | 1000스텝 | 배송 47/52 | 재적재  7 | 중계율 0.26 | alpha 0.551 | step_limit
Ep 737 | 드론3 목적지41 |  755스텝 | 배송 41/41 | 재적재  7 | 중계율 0.24 | alpha 0.552 | complete
Ep 738 | 드론4 목적지49 |  941스텝 | 배송 49/49 | 재적재  8 | 중계율 0.25 | alpha 0.563 | complete
Ep 739 | 드론3 목적지27 |  555스텝 | 배송 27/27 | 재적재  3 | 중계율 0.25 | alpha 0.564 | complete
Ep 740 | 드론3 목적지32 |  696스텝 | 배송 32/32 | 재적재  5 | 중계율 0.29 | alpha 0.569 | complete
Ep 741 | 드론3 목적지25 |  660스텝 | 배송 25/25 | 재적재  4 | 중계율 0.32 | alpha 0.573 | complete
Ep 742 | 드론3 목적지48 |  904스텝 | 배송 48/48 | 재적재  8 | 중계율 0.25 | alpha 0.573 | complete
Ep 743 | 드론4 목적지54 |  655스텝 | 배송 54/54 | 재적재  8 | 중계율 0.16 | alpha 0.572 | complete
Ep 744 | 드론4 목적지24 |  397스텝 | 배송 24/24 | 재적재  4 | 중계율 0.20 | alpha 0.573 | complete
Ep 745 | 드론4 목적지37 |  468스텝 | 배송 37/37 | 재적재  5 | 중계율 0.23 | alpha 0.579 | complete
Ep 746 | 드론3 목적지50 | 1000스텝 | 배송 46/50 | 재적재  7 | 중계율 0.30 | alpha 0.584 | step_limit
Ep 747 | 드론3 목적지78 | 1000스텝 | 배송 55/78 | 재적재 10 | 중계율 0.22 | alpha 0.592 | step_limit
Ep 748 | 드론3 목적지33 |  751스텝 | 배송 33/33 | 재적재  5 | 중계율 0.24 | alpha 0.598 | complete
Ep 749 | 드론3 목적지20 |  686스텝 | 배송 20/20 | 재적재  3 | 중계율 0.32 | alpha 0.605 | complete
Ep 750 | 드론4 목적지80 |  833스텝 | 배송 80/80 | 재적재 15 | 중계율 0.16 | alpha 0.607 | complete
  [홀드아웃] 배송 49.8±1.1 완주 0.97 스텝 904 점수 125.5 재적재 8.1 2홉+ 0.61 | 최고 127.8@ep600 정체 3/15
Ep 751 | 드론4 목적지29 |  413스텝 | 배송 29/29 | 재적재  5 | 중계율 0.25 | alpha 0.607 | complete
Ep 752 | 드론4 목적지21 |  403스텝 | 배송 21/21 | 재적재  2 | 중계율 0.34 | alpha 0.607 | complete
Ep 753 | 드론4 목적지21 |  504스텝 | 배송 21/21 | 재적재  2 | 중계율 0.19 | alpha 0.601 | complete
Ep 754 | 드론4 목적지39 |  541스텝 | 배송 39/39 | 재적재  6 | 중계율 0.27 | alpha 0.597 | complete
Ep 755 | 드론3 목적지68 | 1000스텝 | 배송 58/68 | 재적재 10 | 중계율 0.26 | alpha 0.587 | step_limit
Ep 756 | 드론3 목적지80 | 1000스텝 | 배송 72/80 | 재적재 13 | 중계율 0.20 | alpha 0.592 | step_limit
Ep 757 | 드론4 목적지62 |  853스텝 | 배송 62/62 | 재적재 11 | 중계율 0.14 | alpha 0.596 | complete
Ep 758 | 드론4 목적지36 |  762스텝 | 배송 36/36 | 재적재  5 | 중계율 0.36 | alpha 0.594 | complete
Ep 759 | 드론4 목적지46 |  795스텝 | 배송 46/46 | 재적재  9 | 중계율 0.36 | alpha 0.586 | complete
Ep 760 | 드론3 목적지23 |  425스텝 | 배송 23/23 | 재적재  3 | 중계율 0.25 | alpha 0.587 | complete
Ep 761 | 드론4 목적지36 |  366스텝 | 배송 36/36 | 재적재  5 | 중계율 0.12 | alpha 0.586 | complete
Ep 762 | 드론3 목적지66 |  917스텝 | 배송 66/66 | 재적재 12 | 중계율 0.21 | alpha 0.576 | complete
Ep 763 | 드론3 목적지24 |  633스텝 | 배송 24/24 | 재적재  4 | 중계율 0.26 | alpha 0.568 | complete
Ep 764 | 드론3 목적지27 |  450스텝 | 배송 27/27 | 재적재  5 | 중계율 0.15 | alpha 0.563 | complete
Ep 765 | 드론4 목적지43 |  555스텝 | 배송 43/43 | 재적재  7 | 중계율 0.15 | alpha 0.554 | complete
Ep 766 | 드론3 목적지25 |  461스텝 | 배송 25/25 | 재적재  3 | 중계율 0.30 | alpha 0.551 | complete
Ep 767 | 드론3 목적지65 | 1000스텝 | 배송 60/65 | 재적재 11 | 중계율 0.23 | alpha 0.552 | step_limit
Ep 768 | 드론3 목적지50 |  816스텝 | 배송 50/50 | 재적재  9 | 중계율 0.17 | alpha 0.547 | complete
Ep 769 | 드론4 목적지40 |  467스텝 | 배송 40/40 | 재적재  5 | 중계율 0.23 | alpha 0.547 | complete
Ep 770 | 드론4 목적지58 | 1000스텝 | 배송 53/58 | 재적재  9 | 중계율 0.29 | alpha 0.535 | step_limit
Ep 771 | 드론3 목적지28 |  976스텝 | 배송 28/28 | 재적재  4 | 중계율 0.37 | alpha 0.542 | complete
Ep 772 | 드론4 목적지53 |  613스텝 | 배송 53/53 | 재적재 10 | 중계율 0.18 | alpha 0.546 | complete
Ep 773 | 드론3 목적지60 | 1000스텝 | 배송 55/60 | 재적재  9 | 중계율 0.23 | alpha 0.545 | step_limit
Ep 774 | 드론3 목적지60 | 1000스텝 | 배송 50/60 | 재적재  8 | 중계율 0.30 | alpha 0.544 | step_limit
Ep 775 | 드론3 목적지62 | 1000스텝 | 배송 61/62 | 재적재 12 | 중계율 0.27 | alpha 0.544 | step_limit
Ep 776 | 드론3 목적지47 | 1000스텝 | 배송 42/47 | 재적재  8 | 중계율 0.26 | alpha 0.553 | step_limit
Ep 777 | 드론3 목적지77 | 1000스텝 | 배송 73/77 | 재적재 13 | 중계율 0.15 | alpha 0.557 | step_limit
Ep 778 | 드론3 목적지29 |  613스텝 | 배송 29/29 | 재적재  5 | 중계율 0.22 | alpha 0.558 | complete
Ep 779 | 드론3 목적지79 | 1000스텝 | 배송 60/79 | 재적재 11 | 중계율 0.27 | alpha 0.569 | step_limit
Ep 780 | 드론4 목적지50 |  767스텝 | 배송 50/50 | 재적재  7 | 중계율 0.30 | alpha 0.578 | complete
Ep 781 | 드론3 목적지53 | 1000스텝 | 배송 50/53 | 재적재  9 | 중계율 0.34 | alpha 0.590 | step_limit
Ep 782 | 드론3 목적지35 |  985스텝 | 배송 35/35 | 재적재  6 | 중계율 0.34 | alpha 0.597 | complete
Ep 783 | 드론4 목적지55 |  602스텝 | 배송 55/55 | 재적재  9 | 중계율 0.24 | alpha 0.606 | complete
Ep 784 | 드론3 목적지53 | 1000스텝 | 배송 52/53 | 재적재  9 | 중계율 0.24 | alpha 0.611 | step_limit
Ep 785 | 드론4 목적지56 | 1000스텝 | 배송 54/56 | 재적재  8 | 중계율 0.34 | alpha 0.604 | step_limit
Ep 786 | 드론3 목적지73 | 1000스텝 | 배송 57/73 | 재적재 10 | 중계율 0.25 | alpha 0.594 | step_limit
Ep 787 | 드론4 목적지70 |  937스텝 | 배송 70/70 | 재적재 13 | 중계율 0.28 | alpha 0.588 | complete
Ep 788 | 드론3 목적지31 |  585스텝 | 배송 31/31 | 재적재  4 | 중계율 0.26 | alpha 0.575 | complete
Ep 789 | 드론3 목적지40 |  703스텝 | 배송 40/40 | 재적재  6 | 중계율 0.25 | alpha 0.569 | complete
Ep 790 | 드론4 목적지29 |  462스텝 | 배송 29/29 | 재적재  3 | 중계율 0.31 | alpha 0.568 | complete
Ep 791 | 드론4 목적지38 |  532스텝 | 배송 38/38 | 재적재  7 | 중계율 0.20 | alpha 0.561 | complete
Ep 792 | 드론4 목적지77 |  904스텝 | 배송 77/77 | 재적재 13 | 중계율 0.20 | alpha 0.550 | complete
Ep 793 | 드론3 목적지71 | 1000스텝 | 배송 68/71 | 재적재 11 | 중계율 0.21 | alpha 0.543 | step_limit
Ep 794 | 드론3 목적지33 |  521스텝 | 배송 33/33 | 재적재  5 | 중계율 0.27 | alpha 0.540 | complete
Ep 795 | 드론3 목적지76 | 1000스텝 | 배송 60/76 | 재적재 10 | 중계율 0.32 | alpha 0.540 | step_limit
Ep 796 | 드론3 목적지65 | 1000스텝 | 배송 60/65 | 재적재 11 | 중계율 0.25 | alpha 0.537 | step_limit
Ep 797 | 드론4 목적지72 |  878스텝 | 배송 72/72 | 재적재 14 | 중계율 0.24 | alpha 0.539 | complete
Ep 798 | 드론4 목적지54 |  925스텝 | 배송 54/54 | 재적재  8 | 중계율 0.33 | alpha 0.534 | complete
Ep 799 | 드론3 목적지35 |  983스텝 | 배송 35/35 | 재적재  6 | 중계율 0.31 | alpha 0.526 | complete
Ep 800 | 드론3 목적지78 | 1000스텝 | 배송 58/78 | 재적재  9 | 중계율 0.24 | alpha 0.529 | step_limit
  [홀드아웃] 배송 50.0±0.1 완주 0.99 스텝 914 점수 126.6 재적재 8.1 2홉+ 0.61 | 최고 127.8@ep600 정체 4/15
Ep 801 | 드론3 목적지21 |  410스텝 | 배송 21/21 | 재적재  3 | 중계율 0.22 | alpha 0.529 | complete
Ep 802 | 드론4 목적지22 |  399스텝 | 배송 22/22 | 재적재  2 | 중계율 0.25 | alpha 0.531 | complete
Ep 803 | 드론4 목적지57 |  644스텝 | 배송 57/57 | 재적재 11 | 중계율 0.21 | alpha 0.535 | complete
Ep 804 | 드론3 목적지60 | 1000스텝 | 배송 46/60 | 재적재  9 | 중계율 0.17 | alpha 0.536 | step_limit
Ep 805 | 드론4 목적지34 |  505스텝 | 배송 34/34 | 재적재  5 | 중계율 0.18 | alpha 0.540 | complete
Ep 806 | 드론3 목적지59 | 1000스텝 | 배송 55/59 | 재적재  9 | 중계율 0.27 | alpha 0.540 | step_limit
Ep 807 | 드론4 목적지22 |  471스텝 | 배송 22/22 | 재적재  3 | 중계율 0.21 | alpha 0.543 | complete
Ep 808 | 드론3 목적지35 | 1000스텝 | 배송 34/35 | 재적재  6 | 중계율 0.34 | alpha 0.551 | step_limit
Ep 809 | 드론3 목적지38 |  830스텝 | 배송 38/38 | 재적재  6 | 중계율 0.37 | alpha 0.553 | complete
Ep 810 | 드론4 목적지47 |  801스텝 | 배송 47/47 | 재적재  7 | 중계율 0.36 | alpha 0.559 | complete
Ep 811 | 드론3 목적지70 | 1000스텝 | 배송 49/70 | 재적재  8 | 중계율 0.33 | alpha 0.561 | step_limit
Ep 812 | 드론3 목적지40 |  716스텝 | 배송 40/40 | 재적재  6 | 중계율 0.30 | alpha 0.566 | complete
Ep 813 | 드론3 목적지55 | 1000스텝 | 배송 52/55 | 재적재  9 | 중계율 0.29 | alpha 0.571 | step_limit
Ep 814 | 드론3 목적지38 |  648스텝 | 배송 38/38 | 재적재  6 | 중계율 0.23 | alpha 0.580 | complete
Ep 815 | 드론3 목적지75 | 1000스텝 | 배송 60/75 | 재적재 10 | 중계율 0.28 | alpha 0.597 | step_limit
Ep 816 | 드론4 목적지57 |  777스텝 | 배송 57/57 | 재적재 11 | 중계율 0.23 | alpha 0.605 | complete
Ep 817 | 드론3 목적지58 | 1000스텝 | 배송 46/58 | 재적재  9 | 중계율 0.28 | alpha 0.609 | step_limit
Ep 818 | 드론4 목적지21 |  551스텝 | 배송 21/21 | 재적재  3 | 중계율 0.32 | alpha 0.611 | complete
Ep 819 | 드론3 목적지70 | 1000스텝 | 배송 65/70 | 재적재 12 | 중계율 0.20 | alpha 0.604 | step_limit
Ep 820 | 드론4 목적지26 |  672스텝 | 배송 26/26 | 재적재  4 | 중계율 0.34 | alpha 0.606 | complete
Ep 821 | 드론4 목적지27 |  383스텝 | 배송 27/27 | 재적재  3 | 중계율 0.30 | alpha 0.610 | complete
Ep 822 | 드론4 목적지61 |  894스텝 | 배송 61/61 | 재적재 10 | 중계율 0.30 | alpha 0.618 | complete
Ep 823 | 드론4 목적지77 | 1000스텝 | 배송 71/77 | 재적재 12 | 중계율 0.27 | alpha 0.622 | step_limit
Ep 824 | 드론3 목적지38 |  623스텝 | 배송 38/38 | 재적재  6 | 중계율 0.16 | alpha 0.624 | complete
Ep 825 | 드론3 목적지63 | 1000스텝 | 배송 62/63 | 재적재 11 | 중계율 0.16 | alpha 0.627 | step_limit
Ep 826 | 드론4 목적지44 |  866스텝 | 배송 44/44 | 재적재  8 | 중계율 0.28 | alpha 0.632 | complete
Ep 827 | 드론4 목적지51 |  864스텝 | 배송 51/51 | 재적재  9 | 중계율 0.33 | alpha 0.639 | complete
Ep 828 | 드론3 목적지41 |  813스텝 | 배송 41/41 | 재적재  6 | 중계율 0.28 | alpha 0.642 | complete
Ep 829 | 드론3 목적지22 |  435스텝 | 배송 22/22 | 재적재  3 | 중계율 0.23 | alpha 0.639 | complete
Ep 830 | 드론3 목적지48 |  913스텝 | 배송 48/48 | 재적재  8 | 중계율 0.28 | alpha 0.646 | complete
Ep 831 | 드론3 목적지61 | 1000스텝 | 배송 55/61 | 재적재 10 | 중계율 0.32 | alpha 0.650 | step_limit
Ep 832 | 드론3 목적지66 |  956스텝 | 배송 66/66 | 재적재 12 | 중계율 0.17 | alpha 0.650 | complete
Ep 833 | 드론3 목적지26 |  335스텝 | 배송 26/26 | 재적재  4 | 중계율 0.14 | alpha 0.652 | complete
Ep 834 | 드론4 목적지25 |  582스텝 | 배송 25/25 | 재적재  3 | 중계율 0.32 | alpha 0.656 | complete
Ep 835 | 드론3 목적지78 | 1000스텝 | 배송 60/78 | 재적재 10 | 중계율 0.31 | alpha 0.656 | step_limit
Ep 836 | 드론4 목적지22 |  526스텝 | 배송 22/22 | 재적재  3 | 중계율 0.30 | alpha 0.658 | complete
Ep 837 | 드론3 목적지74 | 1000스텝 | 배송 58/74 | 재적재 10 | 중계율 0.30 | alpha 0.659 | step_limit
Ep 838 | 드론4 목적지46 |  822스텝 | 배송 46/46 | 재적재  8 | 중계율 0.34 | alpha 0.657 | complete
Ep 839 | 드론3 목적지47 |  957스텝 | 배송 47/47 | 재적재  7 | 중계율 0.30 | alpha 0.658 | complete
Ep 840 | 드론4 목적지31 |  441스텝 | 배송 31/31 | 재적재  5 | 중계율 0.25 | alpha 0.663 | complete
Ep 841 | 드론3 목적지52 |  975스텝 | 배송 52/52 | 재적재  9 | 중계율 0.31 | alpha 0.680 | complete
Ep 842 | 드론3 목적지30 |  441스텝 | 배송 30/30 | 재적재  5 | 중계율 0.21 | alpha 0.684 | complete
Ep 843 | 드론4 목적지75 | 1000스텝 | 배송 65/75 | 재적재 11 | 중계율 0.27 | alpha 0.676 | step_limit
Ep 844 | 드론4 목적지28 |  514스텝 | 배송 28/28 | 재적재  5 | 중계율 0.31 | alpha 0.679 | complete
Ep 845 | 드론3 목적지44 |  903스텝 | 배송 44/44 | 재적재  8 | 중계율 0.25 | alpha 0.687 | complete
Ep 846 | 드론3 목적지31 |  464스텝 | 배송 31/31 | 재적재  5 | 중계율 0.18 | alpha 0.687 | complete
Ep 847 | 드론4 목적지45 |  851스텝 | 배송 45/45 | 재적재  7 | 중계율 0.33 | alpha 0.685 | complete
Ep 848 | 드론3 목적지44 |  851스텝 | 배송 44/44 | 재적재  7 | 중계율 0.33 | alpha 0.677 | complete
Ep 849 | 드론3 목적지49 | 1000스텝 | 배송 40/49 | 재적재  6 | 중계율 0.37 | alpha 0.667 | step_limit
Ep 850 | 드론3 목적지47 |  860스텝 | 배송 47/47 | 재적재  8 | 중계율 0.30 | alpha 0.651 | complete
  [홀드아웃] 배송 50.0±0.0 완주 1.00 스텝 901 점수 128.0 재적재 8.2 2홉+ 0.61 | 최고 128.0@ep850 정체 0/15  ← 갱신
Ep 851 | 드론4 목적지30 |  439스텝 | 배송 30/30 | 재적재  4 | 중계율 0.26 | alpha 0.643 | complete
Ep 852 | 드론4 목적지65 |  932스텝 | 배송 65/65 | 재적재 11 | 중계율 0.25 | alpha 0.631 | complete
Ep 853 | 드론3 목적지45 |  844스텝 | 배송 45/45 | 재적재  7 | 중계율 0.35 | alpha 0.624 | complete
Ep 854 | 드론4 목적지23 |  353스텝 | 배송 23/23 | 재적재  2 | 중계율 0.30 | alpha 0.623 | complete
Ep 855 | 드론4 목적지49 |  651스텝 | 배송 49/49 | 재적재  8 | 중계율 0.24 | alpha 0.623 | complete
Ep 856 | 드론3 목적지28 |  839스텝 | 배송 28/28 | 재적재  4 | 중계율 0.35 | alpha 0.632 | complete
Ep 857 | 드론3 목적지38 |  761스텝 | 배송 38/38 | 재적재  6 | 중계율 0.20 | alpha 0.645 | complete
Ep 858 | 드론4 목적지70 |  881스텝 | 배송 70/70 | 재적재 13 | 중계율 0.19 | alpha 0.654 | complete
Ep 859 | 드론4 목적지27 |  315스텝 | 배송 27/27 | 재적재  3 | 중계율 0.23 | alpha 0.655 | complete
Ep 860 | 드론4 목적지30 |  738스텝 | 배송 30/30 | 재적재  4 | 중계율 0.33 | alpha 0.662 | complete
Ep 861 | 드론3 목적지39 |  744스텝 | 배송 39/39 | 재적재  7 | 중계율 0.26 | alpha 0.667 | complete
Ep 862 | 드론4 목적지50 |  564스텝 | 배송 50/50 | 재적재  8 | 중계율 0.15 | alpha 0.672 | complete
Ep 863 | 드론4 목적지30 |  850스텝 | 배송 30/30 | 재적재  5 | 중계율 0.35 | alpha 0.675 | complete
Ep 864 | 드론4 목적지38 |  840스텝 | 배송 38/38 | 재적재  6 | 중계율 0.26 | alpha 0.681 | complete
Ep 865 | 드론4 목적지56 |  823스텝 | 배송 56/56 | 재적재 10 | 중계율 0.26 | alpha 0.677 | complete
Ep 866 | 드론3 목적지70 | 1000스텝 | 배송 60/70 | 재적재 11 | 중계율 0.24 | alpha 0.679 | step_limit
Ep 867 | 드론3 목적지48 |  813스텝 | 배송 48/48 | 재적재  9 | 중계율 0.27 | alpha 0.671 | complete
Ep 868 | 드론4 목적지37 |  550스텝 | 배송 37/37 | 재적재  6 | 중계율 0.26 | alpha 0.672 | complete
Ep 869 | 드론4 목적지46 |  674스텝 | 배송 46/46 | 재적재  7 | 중계율 0.27 | alpha 0.673 | complete
Ep 870 | 드론3 목적지47 |  933스텝 | 배송 47/47 | 재적재  8 | 중계율 0.26 | alpha 0.665 | complete
Ep 871 | 드론3 목적지44 |  883스텝 | 배송 44/44 | 재적재  8 | 중계율 0.29 | alpha 0.651 | complete
Ep 872 | 드론3 목적지57 | 1000스텝 | 배송 55/57 | 재적재 10 | 중계율 0.28 | alpha 0.646 | step_limit
Ep 873 | 드론4 목적지30 |  486스텝 | 배송 30/30 | 재적재  4 | 중계율 0.33 | alpha 0.648 | complete
Ep 874 | 드론3 목적지20 |  395스텝 | 배송 20/20 | 재적재  3 | 중계율 0.24 | alpha 0.649 | complete
Ep 875 | 드론4 목적지43 |  605스텝 | 배송 43/43 | 재적재  6 | 중계율 0.15 | alpha 0.641 | complete
Ep 876 | 드론4 목적지23 |  416스텝 | 배송 23/23 | 재적재  3 | 중계율 0.33 | alpha 0.637 | complete
Ep 877 | 드론3 목적지65 | 1000스텝 | 배송 53/65 | 재적재 10 | 중계율 0.29 | alpha 0.636 | step_limit
Ep 878 | 드론3 목적지65 | 1000스텝 | 배송 54/65 | 재적재  9 | 중계율 0.22 | alpha 0.630 | step_limit
Ep 879 | 드론4 목적지28 |  393스텝 | 배송 28/28 | 재적재  4 | 중계율 0.20 | alpha 0.631 | complete
Ep 880 | 드론4 목적지41 |  414스텝 | 배송 41/41 | 재적재  6 | 중계율 0.16 | alpha 0.634 | complete
Ep 881 | 드론3 목적지59 |  995스텝 | 배송 59/59 | 재적재 10 | 중계율 0.15 | alpha 0.638 | complete
Ep 882 | 드론3 목적지46 | 1000스텝 | 배송 45/46 | 재적재  8 | 중계율 0.30 | alpha 0.637 | step_limit
Ep 883 | 드론4 목적지67 |  947스텝 | 배송 67/67 | 재적재 12 | 중계율 0.29 | alpha 0.640 | complete
Ep 884 | 드론3 목적지49 |  994스텝 | 배송 49/49 | 재적재  9 | 중계율 0.32 | alpha 0.643 | complete
Ep 885 | 드론3 목적지51 | 1000스텝 | 배송 48/51 | 재적재  8 | 중계율 0.36 | alpha 0.641 | step_limit
Ep 886 | 드론3 목적지36 |  756스텝 | 배송 36/36 | 재적재  5 | 중계율 0.28 | alpha 0.634 | complete
Ep 887 | 드론4 목적지36 |  485스텝 | 배송 36/36 | 재적재  6 | 중계율 0.19 | alpha 0.631 | complete
Ep 888 | 드론3 목적지48 |  845스텝 | 배송 48/48 | 재적재  9 | 중계율 0.28 | alpha 0.633 | complete
Ep 889 | 드론4 목적지22 |  532스텝 | 배송 22/22 | 재적재  3 | 중계율 0.37 | alpha 0.632 | complete
Ep 890 | 드론3 목적지60 | 1000스텝 | 배송 49/60 | 재적재  9 | 중계율 0.26 | alpha 0.630 | step_limit
Ep 891 | 드론4 목적지80 | 1000스텝 | 배송 78/80 | 재적재 13 | 중계율 0.24 | alpha 0.627 | step_limit
Ep 892 | 드론3 목적지73 | 1000스텝 | 배송 67/73 | 재적재 12 | 중계율 0.27 | alpha 0.616 | step_limit
Ep 893 | 드론3 목적지30 |  548스텝 | 배송 30/30 | 재적재  4 | 중계율 0.23 | alpha 0.617 | complete
Ep 894 | 드론3 목적지63 | 1000스텝 | 배송 60/63 | 재적재 11 | 중계율 0.24 | alpha 0.625 | step_limit
Ep 895 | 드론4 목적지28 |  396스텝 | 배송 28/28 | 재적재  5 | 중계율 0.16 | alpha 0.635 | complete
Ep 896 | 드론3 목적지39 |  718스텝 | 배송 39/39 | 재적재  7 | 중계율 0.25 | alpha 0.642 | complete
Ep 897 | 드론4 목적지53 |  904스텝 | 배송 53/53 | 재적재  9 | 중계율 0.28 | alpha 0.647 | complete
Ep 898 | 드론3 목적지66 | 1000스텝 | 배송 58/66 | 재적재 10 | 중계율 0.36 | alpha 0.632 | step_limit
Ep 899 | 드론3 목적지33 |  575스텝 | 배송 33/33 | 재적재  5 | 중계율 0.23 | alpha 0.639 | complete
Ep 900 | 드론4 목적지43 |  617스텝 | 배송 43/43 | 재적재  7 | 중계율 0.23 | alpha 0.637 | complete
  [홀드아웃] 배송 49.9±1.1 완주 0.99 스텝 877 점수 127.1 재적재 8.1 2홉+ 0.61 | 최고 128.0@ep850 정체 1/15
Ep 901 | 드론4 목적지59 |  806스텝 | 배송 59/59 | 재적재 11 | 중계율 0.28 | alpha 0.644 | complete
Ep 902 | 드론3 목적지29 |  663스텝 | 배송 29/29 | 재적재  4 | 중계율 0.35 | alpha 0.644 | complete
Ep 903 | 드론3 목적지75 | 1000스텝 | 배송 68/75 | 재적재 12 | 중계율 0.25 | alpha 0.640 | step_limit
Ep 904 | 드론3 목적지71 | 1000스텝 | 배송 62/71 | 재적재 11 | 중계율 0.23 | alpha 0.640 | step_limit
Ep 905 | 드론4 목적지77 |  887스텝 | 배송 77/77 | 재적재 14 | 중계율 0.17 | alpha 0.643 | complete
Ep 906 | 드론4 목적지73 |  757스텝 | 배송 73/73 | 재적재 13 | 중계율 0.17 | alpha 0.643 | complete
Ep 907 | 드론3 목적지79 | 1000스텝 | 배송 70/79 | 재적재 12 | 중계율 0.26 | alpha 0.634 | step_limit
Ep 908 | 드론4 목적지33 |  564스텝 | 배송 33/33 | 재적재  4 | 중계율 0.31 | alpha 0.633 | complete
Ep 909 | 드론4 목적지29 |  462스텝 | 배송 29/29 | 재적재  4 | 중계율 0.18 | alpha 0.633 | complete
Ep 910 | 드론4 목적지41 |  930스텝 | 배송 41/41 | 재적재  7 | 중계율 0.39 | alpha 0.627 | complete
Ep 911 | 드론4 목적지34 |  742스텝 | 배송 34/34 | 재적재  6 | 중계율 0.25 | alpha 0.623 | complete
Ep 912 | 드론4 목적지42 |  955스텝 | 배송 42/42 | 재적재  7 | 중계율 0.31 | alpha 0.630 | complete
Ep 913 | 드론4 목적지34 |  840스텝 | 배송 34/34 | 재적재  6 | 중계율 0.32 | alpha 0.635 | complete
Ep 914 | 드론3 목적지44 |  853스텝 | 배송 44/44 | 재적재  7 | 중계율 0.23 | alpha 0.637 | complete
Ep 915 | 드론3 목적지67 | 1000스텝 | 배송 59/67 | 재적재 10 | 중계율 0.29 | alpha 0.635 | step_limit
Ep 916 | 드론4 목적지34 |  825스텝 | 배송 34/34 | 재적재  6 | 중계율 0.35 | alpha 0.637 | complete
Ep 917 | 드론4 목적지52 |  747스텝 | 배송 52/52 | 재적재 10 | 중계율 0.17 | alpha 0.639 | complete
Ep 918 | 드론3 목적지45 |  747스텝 | 배송 45/45 | 재적재  8 | 중계율 0.23 | alpha 0.646 | complete
Ep 919 | 드론4 목적지39 |  773스텝 | 배송 39/39 | 재적재  7 | 중계율 0.35 | alpha 0.645 | complete
Ep 920 | 드론4 목적지58 |  745스텝 | 배송 58/58 | 재적재 10 | 중계율 0.23 | alpha 0.637 | complete
Ep 921 | 드론3 목적지40 |  845스텝 | 배송 40/40 | 재적재  5 | 중계율 0.33 | alpha 0.630 | complete
Ep 922 | 드론4 목적지77 | 1000스텝 | 배송 70/77 | 재적재 13 | 중계율 0.15 | alpha 0.630 | step_limit
Ep 923 | 드론4 목적지76 | 1000스텝 | 배송 68/76 | 재적재 13 | 중계율 0.26 | alpha 0.622 | step_limit
Ep 924 | 드론4 목적지72 |  832스텝 | 배송 72/72 | 재적재 13 | 중계율 0.24 | alpha 0.612 | complete
Ep 925 | 드론4 목적지36 |  487스텝 | 배송 36/36 | 재적재  5 | 중계율 0.22 | alpha 0.609 | complete
Ep 926 | 드론4 목적지56 |  907스텝 | 배송 56/56 | 재적재  9 | 중계율 0.27 | alpha 0.617 | complete
Ep 927 | 드론4 목적지21 |  290스텝 | 배송 21/21 | 재적재  3 | 중계율 0.16 | alpha 0.617 | complete
Ep 928 | 드론3 목적지59 | 1000스텝 | 배송 58/59 | 재적재 10 | 중계율 0.25 | alpha 0.626 | step_limit
Ep 929 | 드론4 목적지25 |  526스텝 | 배송 25/25 | 재적재  3 | 중계율 0.40 | alpha 0.626 | complete
Ep 930 | 드론3 목적지28 |  570스텝 | 배송 28/28 | 재적재  5 | 중계율 0.23 | alpha 0.623 | complete
Ep 931 | 드론4 목적지70 | 1000스텝 | 배송 66/70 | 재적재 12 | 중계율 0.25 | alpha 0.623 | step_limit
Ep 932 | 드론3 목적지75 | 1000스텝 | 배송 59/75 | 재적재  9 | 중계율 0.24 | alpha 0.634 | step_limit
Ep 933 | 드론3 목적지31 |  518스텝 | 배송 31/31 | 재적재  6 | 중계율 0.25 | alpha 0.632 | complete
Ep 934 | 드론3 목적지28 |  590스텝 | 배송 28/28 | 재적재  5 | 중계율 0.31 | alpha 0.635 | complete
Ep 935 | 드론3 목적지36 |  670스텝 | 배송 36/36 | 재적재  6 | 중계율 0.19 | alpha 0.643 | complete
Ep 936 | 드론3 목적지20 |  318스텝 | 배송 20/20 | 재적재  2 | 중계율 0.17 | alpha 0.638 | complete
Ep 937 | 드론3 목적지28 |  858스텝 | 배송 28/28 | 재적재  4 | 중계율 0.25 | alpha 0.622 | complete
Ep 938 | 드론4 목적지73 | 1000스텝 | 배송 60/73 | 재적재 10 | 중계율 0.29 | alpha 0.626 | step_limit
Ep 939 | 드론3 목적지75 | 1000스텝 | 배송 60/75 | 재적재 12 | 중계율 0.28 | alpha 0.635 | step_limit
Ep 940 | 드론4 목적지64 |  650스텝 | 배송 64/64 | 재적재 11 | 중계율 0.15 | alpha 0.633 | complete
Ep 941 | 드론3 목적지37 |  614스텝 | 배송 37/37 | 재적재  6 | 중계율 0.22 | alpha 0.639 | complete
Ep 942 | 드론4 목적지57 |  804스텝 | 배송 57/57 | 재적재 10 | 중계율 0.26 | alpha 0.645 | complete
Ep 943 | 드론3 목적지69 | 1000스텝 | 배송 66/69 | 재적재 13 | 중계율 0.23 | alpha 0.655 | step_limit
Ep 944 | 드론4 목적지73 | 1000스텝 | 배송 65/73 | 재적재 11 | 중계율 0.30 | alpha 0.665 | step_limit
Ep 945 | 드론4 목적지49 |  653스텝 | 배송 49/49 | 재적재  9 | 중계율 0.24 | alpha 0.659 | complete
Ep 946 | 드론3 목적지29 |  583스텝 | 배송 29/29 | 재적재  5 | 중계율 0.24 | alpha 0.656 | complete
Ep 947 | 드론3 목적지73 | 1000스텝 | 배송 60/73 | 재적재 11 | 중계율 0.27 | alpha 0.664 | step_limit
Ep 948 | 드론4 목적지57 | 1000스텝 | 배송 50/57 | 재적재  9 | 중계율 0.34 | alpha 0.674 | step_limit
Ep 949 | 드론3 목적지24 |  539스텝 | 배송 24/24 | 재적재  4 | 중계율 0.27 | alpha 0.682 | complete
Ep 950 | 드론3 목적지26 |  572스텝 | 배송 26/26 | 재적재  4 | 중계율 0.24 | alpha 0.688 | complete
  [홀드아웃] 배송 49.9±0.7 완주 0.97 스텝 925 점수 125.2 재적재 8.2 2홉+ 0.61 | 최고 128.0@ep850 정체 2/15
Ep 951 | 드론4 목적지20 |  309스텝 | 배송 20/20 | 재적재  3 | 중계율 0.19 | alpha 0.685 | complete
Ep 952 | 드론4 목적지28 |  627스텝 | 배송 28/28 | 재적재  5 | 중계율 0.32 | alpha 0.687 | complete
Ep 953 | 드론3 목적지42 |  787스텝 | 배송 42/42 | 재적재  7 | 중계율 0.27 | alpha 0.695 | complete
Ep 954 | 드론3 목적지30 |  664스텝 | 배송 30/30 | 재적재  4 | 중계율 0.25 | alpha 0.700 | complete
Ep 955 | 드론4 목적지38 |  661스텝 | 배송 38/38 | 재적재  6 | 중계율 0.16 | alpha 0.711 | complete
Ep 956 | 드론3 목적지33 |  593스텝 | 배송 33/33 | 재적재  5 | 중계율 0.23 | alpha 0.713 | complete
Ep 957 | 드론3 목적지42 |  939스텝 | 배송 42/42 | 재적재  7 | 중계율 0.36 | alpha 0.709 | complete
Ep 958 | 드론4 목적지34 |  335스텝 | 배송 34/34 | 재적재  4 | 중계율 0.15 | alpha 0.707 | complete
Ep 959 | 드론3 목적지80 | 1000스텝 | 배송 61/80 | 재적재 12 | 중계율 0.24 | alpha 0.698 | step_limit
Ep 960 | 드론4 목적지66 |  774스텝 | 배송 66/66 | 재적재 12 | 중계율 0.21 | alpha 0.700 | complete
Ep 961 | 드론3 목적지70 | 1000스텝 | 배송 60/70 | 재적재 10 | 중계율 0.28 | alpha 0.706 | step_limit
Ep 962 | 드론3 목적지47 |  866스텝 | 배송 47/47 | 재적재  8 | 중계율 0.25 | alpha 0.704 | complete
Ep 963 | 드론4 목적지27 |  482스텝 | 배송 27/27 | 재적재  4 | 중계율 0.29 | alpha 0.705 | complete
Ep 964 | 드론4 목적지65 |  735스텝 | 배송 65/65 | 재적재 12 | 중계율 0.22 | alpha 0.700 | complete
Ep 965 | 드론3 목적지22 |  510스텝 | 배송 22/22 | 재적재  3 | 중계율 0.26 | alpha 0.696 | complete
Ep 966 | 드론3 목적지28 |  513스텝 | 배송 28/28 | 재적재  4 | 중계율 0.27 | alpha 0.694 | complete
Ep 967 | 드론4 목적지73 | 1000스텝 | 배송 72/73 | 재적재 13 | 중계율 0.20 | alpha 0.692 | step_limit
Ep 968 | 드론4 목적지62 |  773스텝 | 배송 62/62 | 재적재 10 | 중계율 0.21 | alpha 0.694 | complete
Ep 969 | 드론4 목적지55 |  656스텝 | 배송 55/55 | 재적재 10 | 중계율 0.18 | alpha 0.690 | complete
Ep 970 | 드론4 목적지46 |  794스텝 | 배송 46/46 | 재적재  7 | 중계율 0.20 | alpha 0.688 | complete
Ep 971 | 드론4 목적지34 |  808스텝 | 배송 34/34 | 재적재  5 | 중계율 0.31 | alpha 0.702 | complete
Ep 972 | 드론3 목적지78 | 1000스텝 | 배송 70/78 | 재적재 12 | 중계율 0.22 | alpha 0.705 | step_limit
Ep 973 | 드론3 목적지78 | 1000스텝 | 배송 69/78 | 재적재 13 | 중계율 0.16 | alpha 0.708 | step_limit
Ep 974 | 드론3 목적지60 | 1000스텝 | 배송 51/60 | 재적재 10 | 중계율 0.32 | alpha 0.716 | step_limit
Ep 975 | 드론4 목적지52 |  693스텝 | 배송 52/52 | 재적재  9 | 중계율 0.22 | alpha 0.724 | complete
Ep 976 | 드론4 목적지53 |  753스텝 | 배송 53/53 | 재적재 10 | 중계율 0.23 | alpha 0.728 | complete
Ep 977 | 드론4 목적지30 |  357스텝 | 배송 30/30 | 재적재  4 | 중계율 0.12 | alpha 0.723 | complete
Ep 978 | 드론4 목적지45 |  801스텝 | 배송 45/45 | 재적재  7 | 중계율 0.24 | alpha 0.721 | complete
Ep 979 | 드론4 목적지34 |  683스텝 | 배송 34/34 | 재적재  5 | 중계율 0.30 | alpha 0.730 | complete
Ep 980 | 드론3 목적지55 | 1000스텝 | 배송 50/55 | 재적재  9 | 중계율 0.25 | alpha 0.736 | step_limit
Ep 981 | 드론4 목적지49 | 1000스텝 | 배송 46/49 | 재적재  9 | 중계율 0.34 | alpha 0.753 | step_limit
Ep 982 | 드론3 목적지26 |  620스텝 | 배송 26/26 | 재적재  4 | 중계율 0.22 | alpha 0.758 | complete
Ep 983 | 드론4 목적지39 |  663스텝 | 배송 39/39 | 재적재  7 | 중계율 0.28 | alpha 0.763 | complete
Ep 984 | 드론4 목적지20 |  376스텝 | 배송 20/20 | 재적재  3 | 중계율 0.22 | alpha 0.767 | complete
Ep 985 | 드론4 목적지29 |  542스텝 | 배송 29/29 | 재적재  5 | 중계율 0.28 | alpha 0.772 | complete
Ep 986 | 드론4 목적지59 | 1000스텝 | 배송 56/59 | 재적재 11 | 중계율 0.27 | alpha 0.784 | step_limit
Ep 987 | 드론3 목적지74 | 1000스텝 | 배송 64/74 | 재적재 12 | 중계율 0.28 | alpha 0.799 | step_limit
Ep 988 | 드론4 목적지70 | 1000스텝 | 배송 69/70 | 재적재 13 | 중계율 0.24 | alpha 0.793 | step_limit
Ep 989 | 드론4 목적지34 |  441스텝 | 배송 34/34 | 재적재  4 | 중계율 0.22 | alpha 0.790 | complete
Ep 990 | 드론4 목적지28 |  415스텝 | 배송 28/28 | 재적재  4 | 중계율 0.25 | alpha 0.784 | complete
Ep 991 | 드론4 목적지76 | 1000스텝 | 배송 70/76 | 재적재 13 | 중계율 0.24 | alpha 0.782 | step_limit
Ep 992 | 드론3 목적지40 |  903스텝 | 배송 40/40 | 재적재  7 | 중계율 0.25 | alpha 0.783 | complete
Ep 993 | 드론4 목적지61 |  849스텝 | 배송 61/61 | 재적재 11 | 중계율 0.19 | alpha 0.788 | complete
Ep 994 | 드론3 목적지49 | 1000스텝 | 배송 48/49 | 재적재  8 | 중계율 0.33 | alpha 0.786 | step_limit
Ep 995 | 드론4 목적지33 |  507스텝 | 배송 33/33 | 재적재  5 | 중계율 0.24 | alpha 0.780 | complete
Ep 996 | 드론3 목적지23 |  555스텝 | 배송 23/23 | 재적재  4 | 중계율 0.32 | alpha 0.778 | complete
Ep 997 | 드론4 목적지46 |  706스텝 | 배송 46/46 | 재적재  7 | 중계율 0.27 | alpha 0.771 | complete
Ep 998 | 드론4 목적지53 |  839스텝 | 배송 53/53 | 재적재 10 | 중계율 0.23 | alpha 0.757 | complete
Ep 999 | 드론3 목적지52 |  907스텝 | 배송 52/52 | 재적재 10 | 중계율 0.25 | alpha 0.754 | complete
Ep 1000 | 드론3 목적지78 | 1000스텝 | 배송 58/78 | 재적재 11 | 중계율 0.23 | alpha 0.744 | step_limit
  [홀드아웃] 배송 49.6±2.0 완주 0.96 스텝 958 점수 123.5 재적재 8.3 2홉+ 0.61 | 최고 128.0@ep850 정체 3/15
Ep 1001 | 드론3 목적지65 | 1000스텝 | 배송 50/65 | 재적재  9 | 중계율 0.27 | alpha 0.726 | step_limit
Ep 1002 | 드론3 목적지51 |  991스텝 | 배송 51/51 | 재적재 10 | 중계율 0.18 | alpha 0.708 | complete
Ep 1003 | 드론4 목적지23 |  460스텝 | 배송 23/23 | 재적재  4 | 중계율 0.18 | alpha 0.703 | complete
Ep 1004 | 드론3 목적지73 | 1000스텝 | 배송 67/73 | 재적재 11 | 중계율 0.21 | alpha 0.698 | step_limit
Ep 1005 | 드론3 목적지31 |  726스텝 | 배송 31/31 | 재적재  5 | 중계율 0.31 | alpha 0.697 | complete
Ep 1006 | 드론3 목적지54 | 1000스텝 | 배송 52/54 | 재적재 10 | 중계율 0.25 | alpha 0.700 | step_limit
Ep 1007 | 드론3 목적지61 | 1000스텝 | 배송 42/61 | 재적재  7 | 중계율 0.15 | alpha 0.705 | step_limit
Ep 1008 | 드론3 목적지56 | 1000스텝 | 배송 45/56 | 재적재  8 | 중계율 0.32 | alpha 0.709 | step_limit
Ep 1009 | 드론3 목적지65 | 1000스텝 | 배송 60/65 | 재적재 11 | 중계율 0.28 | alpha 0.717 | step_limit
Ep 1010 | 드론3 목적지64 | 1000스텝 | 배송 53/64 | 재적재 10 | 중계율 0.31 | alpha 0.729 | step_limit
Ep 1011 | 드론3 목적지48 |  974스텝 | 배송 48/48 | 재적재  9 | 중계율 0.27 | alpha 0.731 | complete
Ep 1012 | 드론4 목적지77 |  787스텝 | 배송 77/77 | 재적재 13 | 중계율 0.18 | alpha 0.733 | complete
Ep 1013 | 드론4 목적지30 | 1000스텝 | 배송 25/30 | 재적재  4 | 중계율 0.34 | alpha 0.728 | step_limit
Ep 1014 | 드론4 목적지73 |  874스텝 | 배송 73/73 | 재적재 13 | 중계율 0.16 | alpha 0.728 | complete
Ep 1015 | 드론4 목적지80 |  955스텝 | 배송 80/80 | 재적재 14 | 중계율 0.18 | alpha 0.723 | complete
Ep 1016 | 드론3 목적지35 |  600스텝 | 배송 35/35 | 재적재  5 | 중계율 0.29 | alpha 0.722 | complete
Ep 1017 | 드론3 목적지52 | 1000스텝 | 배송 51/52 | 재적재 10 | 중계율 0.29 | alpha 0.708 | step_limit
Ep 1018 | 드론4 목적지25 |  520스텝 | 배송 25/25 | 재적재  2 | 중계율 0.27 | alpha 0.702 | complete
Ep 1019 | 드론4 목적지59 |  584스텝 | 배송 59/59 | 재적재 10 | 중계율 0.13 | alpha 0.707 | complete
Ep 1020 | 드론3 목적지57 |  915스텝 | 배송 57/57 | 재적재 10 | 중계율 0.20 | alpha 0.702 | complete
Ep 1021 | 드론3 목적지78 | 1000스텝 | 배송 70/78 | 재적재 13 | 중계율 0.22 | alpha 0.692 | step_limit
Ep 1022 | 드론3 목적지68 | 1000스텝 | 배송 58/68 | 재적재 11 | 중계율 0.20 | alpha 0.684 | step_limit
Ep 1023 | 드론3 목적지33 |  680스텝 | 배송 33/33 | 재적재  6 | 중계율 0.29 | alpha 0.678 | complete
Ep 1024 | 드론3 목적지77 | 1000스텝 | 배송 64/77 | 재적재 11 | 중계율 0.25 | alpha 0.672 | step_limit
Ep 1025 | 드론4 목적지23 |  340스텝 | 배송 23/23 | 재적재  4 | 중계율 0.19 | alpha 0.671 | complete
Ep 1026 | 드론4 목적지21 |  261스텝 | 배송 21/21 | 재적재  3 | 중계율 0.17 | alpha 0.672 | complete
Ep 1027 | 드론3 목적지35 |  630스텝 | 배송 35/35 | 재적재  6 | 중계율 0.23 | alpha 0.669 | complete
Ep 1028 | 드론4 목적지41 |  748스텝 | 배송 41/41 | 재적재  7 | 중계율 0.26 | alpha 0.675 | complete
Ep 1029 | 드론4 목적지21 |  329스텝 | 배송 21/21 | 재적재  4 | 중계율 0.24 | alpha 0.676 | complete
Ep 1030 | 드론3 목적지54 | 1000스텝 | 배송 48/54 | 재적재  9 | 중계율 0.24 | alpha 0.680 | step_limit
Ep 1031 | 드론3 목적지72 | 1000스텝 | 배송 45/72 | 재적재  8 | 중계율 0.18 | alpha 0.670 | step_limit
Ep 1032 | 드론4 목적지48 |  818스텝 | 배송 48/48 | 재적재  7 | 중계율 0.27 | alpha 0.666 | complete
Ep 1033 | 드론3 목적지32 |  610스텝 | 배송 32/32 | 재적재  5 | 중계율 0.21 | alpha 0.664 | complete
Ep 1034 | 드론3 목적지21 |  441스텝 | 배송 21/21 | 재적재  3 | 중계율 0.29 | alpha 0.660 | complete
Ep 1035 | 드론3 목적지57 | 1000스텝 | 배송 50/57 | 재적재 10 | 중계율 0.25 | alpha 0.650 | step_limit
Ep 1036 | 드론3 목적지56 |  960스텝 | 배송 56/56 | 재적재  9 | 중계율 0.27 | alpha 0.652 | complete
Ep 1037 | 드론3 목적지53 | 1000스텝 | 배송 47/53 | 재적재  9 | 중계율 0.30 | alpha 0.656 | step_limit
Ep 1038 | 드론4 목적지29 |  393스텝 | 배송 29/29 | 재적재  3 | 중계율 0.19 | alpha 0.658 | complete
Ep 1039 | 드론3 목적지45 |  718스텝 | 배송 45/45 | 재적재  7 | 중계율 0.29 | alpha 0.652 | complete
Ep 1040 | 드론3 목적지23 |  481스텝 | 배송 23/23 | 재적재  3 | 중계율 0.20 | alpha 0.653 | complete
Ep 1041 | 드론4 목적지20 |  245스텝 | 배송 20/20 | 재적재  2 | 중계율 0.19 | alpha 0.655 | complete
Ep 1042 | 드론3 목적지71 | 1000스텝 | 배송 59/71 | 재적재 10 | 중계율 0.26 | alpha 0.656 | step_limit
Ep 1043 | 드론3 목적지36 |  691스텝 | 배송 36/36 | 재적재  7 | 중계율 0.28 | alpha 0.657 | complete
Ep 1044 | 드론3 목적지46 |  763스텝 | 배송 46/46 | 재적재  8 | 중계율 0.23 | alpha 0.668 | complete
Ep 1045 | 드론3 목적지65 | 1000스텝 | 배송 53/65 | 재적재 10 | 중계율 0.25 | alpha 0.670 | step_limit
Ep 1046 | 드론4 목적지53 |  825스텝 | 배송 53/53 | 재적재  9 | 중계율 0.26 | alpha 0.673 | complete
Ep 1047 | 드론4 목적지77 | 1000스텝 | 배송 76/77 | 재적재 14 | 중계율 0.19 | alpha 0.677 | step_limit
Ep 1048 | 드론4 목적지54 |  729스텝 | 배송 54/54 | 재적재  9 | 중계율 0.23 | alpha 0.673 | complete
Ep 1049 | 드론3 목적지75 | 1000스텝 | 배송 68/75 | 재적재 13 | 중계율 0.25 | alpha 0.671 | step_limit
Ep 1050 | 드론4 목적지66 |  753스텝 | 배송 66/66 | 재적재 12 | 중계율 0.21 | alpha 0.664 | complete
  [홀드아웃] 배송 49.9±0.6 완주 0.97 스텝 949 점수 124.8 재적재 8.4 2홉+ 0.61 | 최고 128.0@ep850 정체 4/15
Ep 1051 | 드론3 목적지46 | 1000스텝 | 배송 43/46 | 재적재  8 | 중계율 0.30 | alpha 0.665 | step_limit
Ep 1052 | 드론4 목적지64 | 1000스텝 | 배송 63/64 | 재적재 11 | 중계율 0.27 | alpha 0.669 | step_limit
Ep 1053 | 드론4 목적지77 | 1000스텝 | 배송 65/77 | 재적재 10 | 중계율 0.26 | alpha 0.671 | step_limit
Ep 1054 | 드론3 목적지50 |  926스텝 | 배송 50/50 | 재적재  9 | 중계율 0.31 | alpha 0.666 | complete
Ep 1055 | 드론3 목적지33 |  800스텝 | 배송 33/33 | 재적재  6 | 중계율 0.21 | alpha 0.660 | complete
Ep 1056 | 드론4 목적지55 |  674스텝 | 배송 55/55 | 재적재 10 | 중계율 0.14 | alpha 0.654 | complete
Ep 1057 | 드론4 목적지78 | 1000스텝 | 배송 66/78 | 재적재 12 | 중계율 0.28 | alpha 0.646 | step_limit
Ep 1058 | 드론3 목적지74 | 1000스텝 | 배송 73/74 | 재적재 13 | 중계율 0.17 | alpha 0.649 | step_limit
Ep 1059 | 드론4 목적지76 |  949스텝 | 배송 76/76 | 재적재 13 | 중계율 0.21 | alpha 0.652 | complete
Ep 1060 | 드론3 목적지56 | 1000스텝 | 배송 55/56 | 재적재  9 | 중계율 0.34 | alpha 0.654 | step_limit
Ep 1061 | 드론4 목적지46 |  721스텝 | 배송 46/46 | 재적재  8 | 중계율 0.22 | alpha 0.645 | complete
Ep 1062 | 드론4 목적지55 |  689스텝 | 배송 55/55 | 재적재 10 | 중계율 0.23 | alpha 0.640 | complete
Ep 1063 | 드론4 목적지54 |  925스텝 | 배송 54/54 | 재적재  9 | 중계율 0.28 | alpha 0.635 | complete
Ep 1064 | 드론3 목적지76 | 1000스텝 | 배송 61/76 | 재적재 11 | 중계율 0.23 | alpha 0.628 | step_limit
Ep 1065 | 드론3 목적지23 |  566스텝 | 배송 23/23 | 재적재  3 | 중계율 0.25 | alpha 0.632 | complete
Ep 1066 | 드론3 목적지37 |  715스텝 | 배송 37/37 | 재적재  7 | 중계율 0.29 | alpha 0.626 | complete
Ep 1067 | 드론3 목적지76 | 1000스텝 | 배송 65/76 | 재적재 11 | 중계율 0.26 | alpha 0.621 | step_limit
Ep 1068 | 드론4 목적지77 | 1000스텝 | 배송 71/77 | 재적재 12 | 중계율 0.25 | alpha 0.630 | step_limit
Ep 1069 | 드론4 목적지56 |  945스텝 | 배송 56/56 | 재적재 10 | 중계율 0.30 | alpha 0.645 | complete
Ep 1070 | 드론4 목적지39 |  499스텝 | 배송 39/39 | 재적재  6 | 중계율 0.16 | alpha 0.646 | complete
Ep 1071 | 드론4 목적지26 |  552스텝 | 배송 26/26 | 재적재  3 | 중계율 0.36 | alpha 0.650 | complete
Ep 1072 | 드론4 목적지62 |  873스텝 | 배송 62/62 | 재적재 10 | 중계율 0.24 | alpha 0.660 | complete
Ep 1073 | 드론3 목적지44 | 1000스텝 | 배송 41/44 | 재적재  8 | 중계율 0.31 | alpha 0.665 | step_limit
Ep 1074 | 드론3 목적지71 | 1000스텝 | 배송 64/71 | 재적재 11 | 중계율 0.19 | alpha 0.667 | step_limit
Ep 1075 | 드론4 목적지36 |  901스텝 | 배송 36/36 | 재적재  7 | 중계율 0.38 | alpha 0.663 | complete
Ep 1076 | 드론3 목적지53 |  900스텝 | 배송 53/53 | 재적재  9 | 중계율 0.15 | alpha 0.650 | complete
Ep 1077 | 드론3 목적지47 |  810스텝 | 배송 47/47 | 재적재  9 | 중계율 0.20 | alpha 0.654 | complete
Ep 1078 | 드론4 목적지54 |  667스텝 | 배송 54/54 | 재적재 10 | 중계율 0.18 | alpha 0.662 | complete
Ep 1079 | 드론4 목적지48 |  826스텝 | 배송 48/48 | 재적재  7 | 중계율 0.26 | alpha 0.664 | complete
Ep 1080 | 드론4 목적지54 |  547스텝 | 배송 54/54 | 재적재  9 | 중계율 0.15 | alpha 0.665 | complete
Ep 1081 | 드론4 목적지28 |  402스텝 | 배송 28/28 | 재적재  3 | 중계율 0.25 | alpha 0.668 | complete
Ep 1082 | 드론3 목적지37 | 1000스텝 | 배송 35/37 | 재적재  6 | 중계율 0.23 | alpha 0.674 | step_limit
Ep 1083 | 드론3 목적지25 |  555스텝 | 배송 25/25 | 재적재  3 | 중계율 0.16 | alpha 0.667 | complete
Ep 1084 | 드론4 목적지31 |  564스텝 | 배송 31/31 | 재적재  5 | 중계율 0.17 | alpha 0.663 | complete
Ep 1085 | 드론4 목적지46 |  860스텝 | 배송 46/46 | 재적재  7 | 중계율 0.31 | alpha 0.665 | complete
Ep 1086 | 드론3 목적지30 |  582스텝 | 배송 30/30 | 재적재  5 | 중계율 0.30 | alpha 0.656 | complete
Ep 1087 | 드론4 목적지20 |  317스텝 | 배송 20/20 | 재적재  1 | 중계율 0.26 | alpha 0.655 | complete
Ep 1088 | 드론3 목적지55 | 1000스텝 | 배송 50/55 | 재적재  8 | 중계율 0.27 | alpha 0.646 | step_limit
Ep 1089 | 드론4 목적지45 |  820스텝 | 배송 45/45 | 재적재  7 | 중계율 0.26 | alpha 0.641 | complete
Ep 1090 | 드론4 목적지23 |  353스텝 | 배송 23/23 | 재적재  2 | 중계율 0.16 | alpha 0.638 | complete
Ep 1091 | 드론3 목적지25 |  395스텝 | 배송 25/25 | 재적재  4 | 중계율 0.13 | alpha 0.631 | complete
Ep 1092 | 드론3 목적지46 |  833스텝 | 배송 46/46 | 재적재  8 | 중계율 0.21 | alpha 0.623 | complete
Ep 1093 | 드론4 목적지61 |  883스텝 | 배송 61/61 | 재적재 11 | 중계율 0.23 | alpha 0.627 | complete
Ep 1094 | 드론4 목적지63 |  930스텝 | 배송 63/63 | 재적재 12 | 중계율 0.26 | alpha 0.625 | complete
Ep 1095 | 드론3 목적지27 |  615스텝 | 배송 27/27 | 재적재  5 | 중계율 0.26 | alpha 0.619 | complete
Ep 1096 | 드론3 목적지72 | 1000스텝 | 배송 60/72 | 재적재 10 | 중계율 0.34 | alpha 0.620 | step_limit
Ep 1097 | 드론4 목적지45 |  715스텝 | 배송 45/45 | 재적재  8 | 중계율 0.30 | alpha 0.614 | complete
Ep 1098 | 드론4 목적지30 |  596스텝 | 배송 30/30 | 재적재  5 | 중계율 0.32 | alpha 0.604 | complete
Ep 1099 | 드론4 목적지74 | 1000스텝 | 배송 65/74 | 재적재 11 | 중계율 0.28 | alpha 0.590 | step_limit
Ep 1100 | 드론3 목적지37 |  681스텝 | 배송 37/37 | 재적재  7 | 중계율 0.22 | alpha 0.584 | complete
  [홀드아웃] 배송 49.9±0.5 완주 0.97 스텝 974 점수 124.5 재적재 8.4 2홉+ 0.62 | 최고 128.0@ep850 정체 5/15
Ep 1101 | 드론4 목적지34 |  714스텝 | 배송 34/34 | 재적재  5 | 중계율 0.30 | alpha 0.587 | complete
Ep 1102 | 드론3 목적지40 |  650스텝 | 배송 40/40 | 재적재  7 | 중계율 0.18 | alpha 0.584 | complete
Ep 1103 | 드론4 목적지64 |  782스텝 | 배송 64/64 | 재적재 11 | 중계율 0.21 | alpha 0.583 | complete
Ep 1104 | 드론4 목적지35 |  599스텝 | 배송 35/35 | 재적재  5 | 중계율 0.28 | alpha 0.583 | complete
Ep 1105 | 드론3 목적지57 | 1000스텝 | 배송 55/57 | 재적재 10 | 중계율 0.25 | alpha 0.589 | step_limit
Ep 1106 | 드론4 목적지71 |  937스텝 | 배송 71/71 | 재적재 13 | 중계율 0.14 | alpha 0.592 | complete
Ep 1107 | 드론4 목적지71 |  928스텝 | 배송 71/71 | 재적재 12 | 중계율 0.28 | alpha 0.587 | complete
Ep 1108 | 드론4 목적지48 |  672스텝 | 배송 48/48 | 재적재  8 | 중계율 0.17 | alpha 0.591 | complete
Ep 1109 | 드론3 목적지55 |  870스텝 | 배송 55/55 | 재적재 10 | 중계율 0.18 | alpha 0.600 | complete
Ep 1110 | 드론3 목적지34 |  725스텝 | 배송 34/34 | 재적재  5 | 중계율 0.24 | alpha 0.610 | complete
Ep 1111 | 드론4 목적지61 |  783스텝 | 배송 61/61 | 재적재 10 | 중계율 0.22 | alpha 0.613 | complete
Ep 1112 | 드론4 목적지34 |  648스텝 | 배송 34/34 | 재적재  4 | 중계율 0.34 | alpha 0.617 | complete
Ep 1113 | 드론4 목적지45 |  543스텝 | 배송 45/45 | 재적재  7 | 중계율 0.20 | alpha 0.623 | complete
Ep 1114 | 드론3 목적지76 | 1000스텝 | 배송 57/76 | 재적재 10 | 중계율 0.24 | alpha 0.626 | step_limit
Ep 1115 | 드론3 목적지29 |  549스텝 | 배송 29/29 | 재적재  4 | 중계율 0.24 | alpha 0.622 | complete
Ep 1116 | 드론3 목적지80 | 1000스텝 | 배송 56/80 | 재적재 10 | 중계율 0.21 | alpha 0.620 | step_limit
Ep 1117 | 드론3 목적지48 |  726스텝 | 배송 48/48 | 재적재  8 | 중계율 0.23 | alpha 0.622 | complete
Ep 1118 | 드론4 목적지80 |  748스텝 | 배송 80/80 | 재적재 14 | 중계율 0.16 | alpha 0.625 | complete
Ep 1119 | 드론4 목적지54 |  790스텝 | 배송 54/54 | 재적재 10 | 중계율 0.25 | alpha 0.615 | complete
Ep 1120 | 드론3 목적지57 |  887스텝 | 배송 57/57 | 재적재 10 | 중계율 0.23 | alpha 0.615 | complete
Ep 1121 | 드론4 목적지43 |  694스텝 | 배송 43/43 | 재적재  6 | 중계율 0.24 | alpha 0.618 | complete
Ep 1122 | 드론3 목적지56 |  857스텝 | 배송 56/56 | 재적재 10 | 중계율 0.20 | alpha 0.623 | complete
Ep 1123 | 드론4 목적지57 |  822스텝 | 배송 57/57 | 재적재 10 | 중계율 0.24 | alpha 0.624 | complete
Ep 1124 | 드론4 목적지77 |  823스텝 | 배송 77/77 | 재적재 14 | 중계율 0.19 | alpha 0.630 | complete
Ep 1125 | 드론3 목적지30 |  690스텝 | 배송 30/30 | 재적재  5 | 중계율 0.31 | alpha 0.628 | complete
Ep 1126 | 드론3 목적지48 |  777스텝 | 배송 48/48 | 재적재  8 | 중계율 0.22 | alpha 0.637 | complete
Ep 1127 | 드론4 목적지45 |  583스텝 | 배송 45/45 | 재적재  8 | 중계율 0.20 | alpha 0.633 | complete
Ep 1128 | 드론3 목적지54 | 1000스텝 | 배송 52/54 | 재적재  8 | 중계율 0.30 | alpha 0.629 | step_limit
Ep 1129 | 드론3 목적지52 |  789스텝 | 배송 52/52 | 재적재  8 | 중계율 0.17 | alpha 0.628 | complete
Ep 1130 | 드론3 목적지42 |  916스텝 | 배송 42/42 | 재적재  8 | 중계율 0.25 | alpha 0.631 | complete
Ep 1131 | 드론4 목적지68 | 1000스텝 | 배송 66/68 | 재적재 11 | 중계율 0.28 | alpha 0.636 | step_limit
Ep 1132 | 드론3 목적지65 | 1000스텝 | 배송 61/65 | 재적재 11 | 중계율 0.28 | alpha 0.636 | step_limit
Ep 1133 | 드론3 목적지32 |  502스텝 | 배송 32/32 | 재적재  6 | 중계율 0.16 | alpha 0.637 | complete
Ep 1134 | 드론4 목적지76 | 1000스텝 | 배송 51/76 | 재적재  8 | 중계율 0.30 | alpha 0.640 | step_limit
Ep 1135 | 드론4 목적지79 |  887스텝 | 배송 79/79 | 재적재 14 | 중계율 0.15 | alpha 0.644 | complete
Ep 1136 | 드론4 목적지22 |  434스텝 | 배송 22/22 | 재적재  3 | 중계율 0.30 | alpha 0.643 | complete
Ep 1137 | 드론4 목적지74 | 1000스텝 | 배송 68/74 | 재적재 12 | 중계율 0.27 | alpha 0.640 | step_limit
Ep 1138 | 드론3 목적지38 |  967스텝 | 배송 38/38 | 재적재  7 | 중계율 0.39 | alpha 0.625 | complete
Ep 1139 | 드론4 목적지31 |  515스텝 | 배송 31/31 | 재적재  5 | 중계율 0.23 | alpha 0.620 | complete
Ep 1140 | 드론3 목적지47 |  998스텝 | 배송 47/47 | 재적재  9 | 중계율 0.22 | alpha 0.616 | complete
Ep 1141 | 드론3 목적지37 |  665스텝 | 배송 37/37 | 재적재  7 | 중계율 0.19 | alpha 0.609 | complete
Ep 1142 | 드론3 목적지53 | 1000스텝 | 배송 51/53 | 재적재 10 | 중계율 0.23 | alpha 0.604 | step_limit
Ep 1143 | 드론3 목적지48 |  919스텝 | 배송 48/48 | 재적재  9 | 중계율 0.26 | alpha 0.602 | complete
Ep 1144 | 드론3 목적지70 | 1000스텝 | 배송 60/70 | 재적재 10 | 중계율 0.23 | alpha 0.600 | step_limit
Ep 1145 | 드론4 목적지48 |  516스텝 | 배송 48/48 | 재적재  8 | 중계율 0.11 | alpha 0.599 | complete
Ep 1146 | 드론3 목적지45 | 1000스텝 | 배송 43/45 | 재적재  7 | 중계율 0.38 | alpha 0.608 | step_limit
Ep 1147 | 드론4 목적지49 |  724스텝 | 배송 49/49 | 재적재  8 | 중계율 0.16 | alpha 0.611 | complete
Ep 1148 | 드론4 목적지22 |  322스텝 | 배송 22/22 | 재적재  3 | 중계율 0.24 | alpha 0.612 | complete
Ep 1149 | 드론3 목적지44 |  883스텝 | 배송 44/44 | 재적재  8 | 중계율 0.16 | alpha 0.611 | complete
Ep 1150 | 드론4 목적지51 |  811스텝 | 배송 51/51 | 재적재 10 | 중계율 0.26 | alpha 0.615 | complete
  [홀드아웃] 배송 50.0±0.0 완주 1.00 스텝 958 점수 127.2 재적재 8.4 2홉+ 0.61 | 최고 128.0@ep850 정체 6/15
Ep 1151 | 드론3 목적지63 | 1000스텝 | 배송 55/63 | 재적재 10 | 중계율 0.22 | alpha 0.602 | step_limit
Ep 1152 | 드론3 목적지47 |  898스텝 | 배송 47/47 | 재적재  9 | 중계율 0.26 | alpha 0.615 | complete
Ep 1153 | 드론3 목적지44 |  884스텝 | 배송 44/44 | 재적재  7 | 중계율 0.30 | alpha 0.616 | complete
Ep 1154 | 드론4 목적지39 |  676스텝 | 배송 39/39 | 재적재  7 | 중계율 0.23 | alpha 0.624 | complete
Ep 1155 | 드론3 목적지52 |  933스텝 | 배송 52/52 | 재적재  9 | 중계율 0.28 | alpha 0.621 | complete
Ep 1156 | 드론4 목적지59 | 1000스텝 | 배송 57/59 | 재적재 10 | 중계율 0.21 | alpha 0.619 | step_limit
Ep 1157 | 드론3 목적지33 |  906스텝 | 배송 33/33 | 재적재  6 | 중계율 0.36 | alpha 0.619 | complete
Ep 1158 | 드론4 목적지55 |  927스텝 | 배송 55/55 | 재적재  9 | 중계율 0.30 | alpha 0.625 | complete
Ep 1159 | 드론4 목적지33 |  509스텝 | 배송 33/33 | 재적재  4 | 중계율 0.22 | alpha 0.631 | complete
Ep 1160 | 드론4 목적지71 | 1000스텝 | 배송 61/71 | 재적재 11 | 중계율 0.30 | alpha 0.631 | step_limit
Ep 1161 | 드론4 목적지78 | 1000스텝 | 배송 75/78 | 재적재 13 | 중계율 0.22 | alpha 0.637 | step_limit
Ep 1162 | 드론3 목적지27 |  430스텝 | 배송 27/27 | 재적재  4 | 중계율 0.17 | alpha 0.644 | complete
Ep 1163 | 드론3 목적지71 | 1000스텝 | 배송 55/71 | 재적재 10 | 중계율 0.22 | alpha 0.664 | step_limit
Ep 1164 | 드론4 목적지24 |  380스텝 | 배송 24/24 | 재적재  3 | 중계율 0.27 | alpha 0.668 | complete
Ep 1165 | 드론3 목적지47 | 1000스텝 | 배송 46/47 | 재적재  8 | 중계율 0.18 | alpha 0.682 | step_limit
Ep 1166 | 드론4 목적지79 | 1000스텝 | 배송 67/79 | 재적재 12 | 중계율 0.24 | alpha 0.697 | step_limit
Ep 1167 | 드론3 목적지74 | 1000스텝 | 배송 68/74 | 재적재 13 | 중계율 0.22 | alpha 0.708 | step_limit
Ep 1168 | 드론3 목적지68 | 1000스텝 | 배송 66/68 | 재적재 11 | 중계율 0.14 | alpha 0.727 | step_limit
Ep 1169 | 드론3 목적지79 | 1000스텝 | 배송 70/79 | 재적재 12 | 중계율 0.20 | alpha 0.734 | step_limit
Ep 1170 | 드론3 목적지39 |  752스텝 | 배송 39/39 | 재적재  7 | 중계율 0.21 | alpha 0.743 | complete
Ep 1171 | 드론4 목적지25 |  345스텝 | 배송 25/25 | 재적재  2 | 중계율 0.17 | alpha 0.746 | complete
Ep 1172 | 드론3 목적지21 |  471스텝 | 배송 21/21 | 재적재  2 | 중계율 0.21 | alpha 0.748 | complete
Ep 1173 | 드론4 목적지53 |  563스텝 | 배송 53/53 | 재적재  9 | 중계율 0.17 | alpha 0.753 | complete
Ep 1174 | 드론3 목적지51 | 1000스텝 | 배송 50/51 | 재적재 10 | 중계율 0.28 | alpha 0.761 | step_limit
Ep 1175 | 드론3 목적지74 | 1000스텝 | 배송 65/74 | 재적재 11 | 중계율 0.24 | alpha 0.764 | step_limit
Ep 1176 | 드론3 목적지66 | 1000스텝 | 배송 55/66 | 재적재 10 | 중계율 0.32 | alpha 0.768 | step_limit
Ep 1177 | 드론3 목적지66 | 1000스텝 | 배송 60/66 | 재적재 11 | 중계율 0.21 | alpha 0.777 | step_limit
Ep 1178 | 드론4 목적지39 | 1000스텝 | 배송 29/39 | 재적재  5 | 중계율 0.37 | alpha 0.773 | step_limit
Ep 1179 | 드론3 목적지21 |  442스텝 | 배송 21/21 | 재적재  3 | 중계율 0.26 | alpha 0.772 | complete
Ep 1180 | 드론3 목적지33 |  750스텝 | 배송 33/33 | 재적재  6 | 중계율 0.25 | alpha 0.774 | complete
Ep 1181 | 드론3 목적지41 |  937스텝 | 배송 41/41 | 재적재  8 | 중계율 0.32 | alpha 0.770 | complete
Ep 1182 | 드론4 목적지48 |  800스텝 | 배송 48/48 | 재적재  8 | 중계율 0.30 | alpha 0.764 | complete
Ep 1183 | 드론4 목적지22 |  373스텝 | 배송 22/22 | 재적재  2 | 중계율 0.24 | alpha 0.765 | complete
Ep 1184 | 드론4 목적지24 |  293스텝 | 배송 24/24 | 재적재  3 | 중계율 0.16 | alpha 0.763 | complete
Ep 1185 | 드론3 목적지79 | 1000스텝 | 배송 63/79 | 재적재 12 | 중계율 0.23 | alpha 0.762 | step_limit
Ep 1186 | 드론3 목적지43 | 1000스텝 | 배송 42/43 | 재적재  8 | 중계율 0.28 | alpha 0.759 | step_limit
Ep 1187 | 드론4 목적지80 |  923스텝 | 배송 80/80 | 재적재 15 | 중계율 0.20 | alpha 0.750 | complete
Ep 1188 | 드론3 목적지67 | 1000스텝 | 배송 61/67 | 재적재 11 | 중계율 0.16 | alpha 0.757 | step_limit
Ep 1189 | 드론4 목적지67 | 1000스텝 | 배송 65/67 | 재적재 12 | 중계율 0.30 | alpha 0.750 | step_limit
Ep 1190 | 드론3 목적지28 |  698스텝 | 배송 28/28 | 재적재  4 | 중계율 0.23 | alpha 0.757 | complete
Ep 1191 | 드론3 목적지67 | 1000스텝 | 배송 55/67 | 재적재  9 | 중계율 0.23 | alpha 0.752 | step_limit
Ep 1192 | 드론3 목적지44 |  921스텝 | 배송 44/44 | 재적재  7 | 중계율 0.29 | alpha 0.741 | complete
Ep 1193 | 드론4 목적지53 |  664스텝 | 배송 53/53 | 재적재  9 | 중계율 0.13 | alpha 0.738 | complete
Ep 1194 | 드론4 목적지27 |  407스텝 | 배송 27/27 | 재적재  5 | 중계율 0.15 | alpha 0.740 | complete
Ep 1195 | 드론4 목적지57 |  543스텝 | 배송 57/57 | 재적재  9 | 중계율 0.10 | alpha 0.749 | complete
Ep 1196 | 드론3 목적지74 | 1000스텝 | 배송 70/74 | 재적재 13 | 중계율 0.22 | alpha 0.761 | step_limit
Ep 1197 | 드론4 목적지25 |  302스텝 | 배송 25/25 | 재적재  3 | 중계율 0.14 | alpha 0.761 | complete
Ep 1198 | 드론4 목적지35 |  779스텝 | 배송 35/35 | 재적재  4 | 중계율 0.28 | alpha 0.754 | complete
Ep 1199 | 드론4 목적지29 | 1000스텝 | 배송 27/29 | 재적재  4 | 중계율 0.39 | alpha 0.766 | step_limit
Ep 1200 | 드론3 목적지40 |  568스텝 | 배송 40/40 | 재적재  7 | 중계율 0.18 | alpha 0.771 | complete
  [홀드아웃] 배송 50.0±0.1 완주 0.99 스텝 969 점수 125.8 재적재 8.1 2홉+ 0.61 | 최고 128.0@ep850 정체 7/15
Ep 1201 | 드론3 목적지43 |  827스텝 | 배송 43/43 | 재적재  8 | 중계율 0.26 | alpha 0.775 | complete
Ep 1202 | 드론3 목적지25 |  359스텝 | 배송 25/25 | 재적재  3 | 중계율 0.14 | alpha 0.778 | complete
Ep 1203 | 드론3 목적지48 |  844스텝 | 배송 48/48 | 재적재  9 | 중계율 0.25 | alpha 0.788 | complete
Ep 1204 | 드론3 목적지59 | 1000스텝 | 배송 50/59 | 재적재 10 | 중계율 0.26 | alpha 0.790 | step_limit
Ep 1205 | 드론4 목적지53 |  642스텝 | 배송 53/53 | 재적재  8 | 중계율 0.19 | alpha 0.788 | complete
Ep 1206 | 드론3 목적지45 |  974스텝 | 배송 45/45 | 재적재  8 | 중계율 0.30 | alpha 0.786 | complete
Ep 1207 | 드론3 목적지72 | 1000스텝 | 배송 57/72 | 재적재 10 | 중계율 0.26 | alpha 0.785 | step_limit
Ep 1208 | 드론3 목적지68 | 1000스텝 | 배송 58/68 | 재적재 11 | 중계율 0.28 | alpha 0.777 | step_limit
Ep 1209 | 드론4 목적지37 |  540스텝 | 배송 37/37 | 재적재  7 | 중계율 0.27 | alpha 0.781 | complete
Ep 1210 | 드론3 목적지40 |  734스텝 | 배송 40/40 | 재적재  6 | 중계율 0.28 | alpha 0.775 | complete
Ep 1211 | 드론4 목적지40 |  483스텝 | 배송 40/40 | 재적재  6 | 중계율 0.17 | alpha 0.778 | complete
Ep 1212 | 드론4 목적지47 |  706스텝 | 배송 47/47 | 재적재  8 | 중계율 0.23 | alpha 0.775 | complete
Ep 1213 | 드론4 목적지44 |  699스텝 | 배송 44/44 | 재적재  7 | 중계율 0.28 | alpha 0.777 | complete
Ep 1214 | 드론3 목적지54 | 1000스텝 | 배송 51/54 | 재적재  8 | 중계율 0.28 | alpha 0.779 | step_limit
Ep 1215 | 드론3 목적지71 | 1000스텝 | 배송 60/71 | 재적재 11 | 중계율 0.23 | alpha 0.774 | step_limit
Ep 1216 | 드론4 목적지68 | 1000스텝 | 배송 65/68 | 재적재 11 | 중계율 0.28 | alpha 0.757 | step_limit
Ep 1217 | 드론3 목적지48 |  900스텝 | 배송 48/48 | 재적재  8 | 중계율 0.28 | alpha 0.746 | complete
Ep 1218 | 드론4 목적지37 |  431스텝 | 배송 37/37 | 재적재  5 | 중계율 0.21 | alpha 0.746 | complete
Ep 1219 | 드론3 목적지80 | 1000스텝 | 배송 70/80 | 재적재 12 | 중계율 0.25 | alpha 0.752 | step_limit
Ep 1220 | 드론3 목적지63 | 1000스텝 | 배송 60/63 | 재적재 10 | 중계율 0.24 | alpha 0.756 | step_limit
Ep 1221 | 드론3 목적지21 |  492스텝 | 배송 21/21 | 재적재  3 | 중계율 0.26 | alpha 0.755 | complete
Ep 1222 | 드론3 목적지59 | 1000스텝 | 배송 54/59 | 재적재 10 | 중계율 0.20 | alpha 0.750 | step_limit
Ep 1223 | 드론3 목적지25 |  591스텝 | 배송 25/25 | 재적재  3 | 중계율 0.28 | alpha 0.762 | complete
Ep 1224 | 드론3 목적지53 | 1000스텝 | 배송 52/53 | 재적재 10 | 중계율 0.27 | alpha 0.759 | step_limit
Ep 1225 | 드론3 목적지66 | 1000스텝 | 배송 58/66 | 재적재 10 | 중계율 0.23 | alpha 0.755 | step_limit
Ep 1226 | 드론4 목적지39 |  446스텝 | 배송 39/39 | 재적재  6 | 중계율 0.10 | alpha 0.753 | complete
Ep 1227 | 드론4 목적지70 |  741스텝 | 배송 70/70 | 재적재 11 | 중계율 0.15 | alpha 0.761 | complete
Ep 1228 | 드론3 목적지52 |  953스텝 | 배송 52/52 | 재적재  9 | 중계율 0.26 | alpha 0.780 | complete
Ep 1229 | 드론3 목적지43 |  830스텝 | 배송 43/43 | 재적재  7 | 중계율 0.27 | alpha 0.781 | complete
Ep 1230 | 드론3 목적지79 | 1000스텝 | 배송 57/79 | 재적재 11 | 중계율 0.27 | alpha 0.779 | step_limit
Ep 1231 | 드론3 목적지30 |  434스텝 | 배송 30/30 | 재적재  4 | 중계율 0.19 | alpha 0.776 | complete
Ep 1232 | 드론3 목적지67 |  923스텝 | 배송 67/67 | 재적재 12 | 중계율 0.19 | alpha 0.778 | complete
Ep 1233 | 드론4 목적지36 |  848스텝 | 배송 36/36 | 재적재  6 | 중계율 0.31 | alpha 0.767 | complete
Ep 1234 | 드론3 목적지71 | 1000스텝 | 배송 65/71 | 재적재 12 | 중계율 0.25 | alpha 0.767 | step_limit
Ep 1235 | 드론4 목적지57 |  801스텝 | 배송 57/57 | 재적재 10 | 중계율 0.26 | alpha 0.761 | complete
Ep 1236 | 드론4 목적지53 |  920스텝 | 배송 53/53 | 재적재 10 | 중계율 0.25 | alpha 0.765 | complete
Ep 1237 | 드론4 목적지71 | 1000스텝 | 배송 56/71 | 재적재 11 | 중계율 0.28 | alpha 0.768 | step_limit
Ep 1238 | 드론4 목적지65 | 1000스텝 | 배송 56/65 | 재적재  8 | 중계율 0.33 | alpha 0.763 | step_limit
Ep 1239 | 드론3 목적지60 |  927스텝 | 배송 60/60 | 재적재 10 | 중계율 0.30 | alpha 0.758 | complete
Ep 1240 | 드론3 목적지53 | 1000스텝 | 배송 49/53 | 재적재  8 | 중계율 0.34 | alpha 0.763 | step_limit
Ep 1241 | 드론3 목적지80 | 1000스텝 | 배송 67/80 | 재적재 12 | 중계율 0.25 | alpha 0.761 | step_limit
Ep 1242 | 드론4 목적지25 |  409스텝 | 배송 25/25 | 재적재  3 | 중계율 0.18 | alpha 0.770 | complete
Ep 1243 | 드론3 목적지63 | 1000스텝 | 배송 56/63 | 재적재 10 | 중계율 0.30 | alpha 0.765 | step_limit
Ep 1244 | 드론4 목적지36 |  526스텝 | 배송 36/36 | 재적재  5 | 중계율 0.28 | alpha 0.771 | complete
Ep 1245 | 드론4 목적지42 |  853스텝 | 배송 42/42 | 재적재  7 | 중계율 0.27 | alpha 0.778 | complete
Ep 1246 | 드론3 목적지34 |  521스텝 | 배송 34/34 | 재적재  6 | 중계율 0.15 | alpha 0.788 | complete
Ep 1247 | 드론4 목적지41 |  558스텝 | 배송 41/41 | 재적재  6 | 중계율 0.21 | alpha 0.795 | complete
Ep 1248 | 드론4 목적지56 |  686스텝 | 배송 56/56 | 재적재  9 | 중계율 0.20 | alpha 0.798 | complete
Ep 1249 | 드론3 목적지52 | 1000스텝 | 배송 41/52 | 재적재  7 | 중계율 0.18 | alpha 0.803 | step_limit
Ep 1250 | 드론3 목적지29 |  709스텝 | 배송 29/29 | 재적재  4 | 중계율 0.30 | alpha 0.801 | complete
  [홀드아웃] 배송 50.0±0.0 완주 1.00 스텝 926 점수 127.7 재적재 8.2 2홉+ 0.61 | 최고 128.0@ep850 정체 8/15
Ep 1251 | 드론3 목적지71 | 1000스텝 | 배송 62/71 | 재적재 12 | 중계율 0.25 | alpha 0.795 | step_limit
Ep 1252 | 드론4 목적지79 | 1000스텝 | 배송 66/79 | 재적재 12 | 중계율 0.26 | alpha 0.798 | step_limit
Ep 1253 | 드론4 목적지71 | 1000스텝 | 배송 63/71 | 재적재 12 | 중계율 0.30 | alpha 0.796 | step_limit
Ep 1254 | 드론4 목적지47 |  715스텝 | 배송 47/47 | 재적재  7 | 중계율 0.27 | alpha 0.787 | complete
Ep 1255 | 드론4 목적지70 |  899스텝 | 배송 70/70 | 재적재 11 | 중계율 0.23 | alpha 0.784 | complete
Ep 1256 | 드론3 목적지67 | 1000스텝 | 배송 55/67 | 재적재 11 | 중계율 0.27 | alpha 0.777 | step_limit
Ep 1257 | 드론3 목적지41 |  800스텝 | 배송 41/41 | 재적재  6 | 중계율 0.25 | alpha 0.781 | complete
Ep 1258 | 드론4 목적지41 |  514스텝 | 배송 41/41 | 재적재  7 | 중계율 0.22 | alpha 0.781 | complete
Ep 1259 | 드론3 목적지67 | 1000스텝 | 배송 61/67 | 재적재 12 | 중계율 0.24 | alpha 0.789 | step_limit
Ep 1260 | 드론3 목적지20 |  491스텝 | 배송 20/20 | 재적재  3 | 중계율 0.29 | alpha 0.794 | complete
Ep 1261 | 드론3 목적지45 |  804스텝 | 배송 45/45 | 재적재  8 | 중계율 0.22 | alpha 0.805 | complete
Ep 1262 | 드론3 목적지61 |  968스텝 | 배송 61/61 | 재적재 11 | 중계율 0.25 | alpha 0.804 | complete
Ep 1263 | 드론4 목적지34 |  417스텝 | 배송 34/34 | 재적재  5 | 중계율 0.18 | alpha 0.810 | complete
Ep 1264 | 드론4 목적지31 |  404스텝 | 배송 31/31 | 재적재  5 | 중계율 0.17 | alpha 0.813 | complete
Ep 1265 | 드론3 목적지56 | 1000스텝 | 배송 55/56 | 재적재  9 | 중계율 0.28 | alpha 0.813 | step_limit
Ep 1266 | 드론3 목적지23 |  341스텝 | 배송 23/23 | 재적재  4 | 중계율 0.19 | alpha 0.815 | complete
Ep 1267 | 드론3 목적지63 | 1000스텝 | 배송 52/63 | 재적재 10 | 중계율 0.23 | alpha 0.824 | step_limit
Ep 1268 | 드론3 목적지39 |  643스텝 | 배송 39/39 | 재적재  7 | 중계율 0.17 | alpha 0.818 | complete
Ep 1269 | 드론4 목적지70 |  986스텝 | 배송 70/70 | 재적재 12 | 중계율 0.24 | alpha 0.814 | complete
Ep 1270 | 드론4 목적지39 |  530스텝 | 배송 39/39 | 재적재  6 | 중계율 0.22 | alpha 0.811 | complete
Ep 1271 | 드론3 목적지74 | 1000스텝 | 배송 71/74 | 재적재 14 | 중계율 0.16 | alpha 0.816 | step_limit
Ep 1272 | 드론4 목적지20 |  417스텝 | 배송 20/20 | 재적재  2 | 중계율 0.27 | alpha 0.820 | complete
Ep 1273 | 드론3 목적지27 |  870스텝 | 배송 27/27 | 재적재  5 | 중계율 0.32 | alpha 0.830 | complete
Ep 1274 | 드론3 목적지34 |  666스텝 | 배송 34/34 | 재적재  5 | 중계율 0.27 | alpha 0.834 | complete
Ep 1275 | 드론3 목적지29 |  583스텝 | 배송 29/29 | 재적재  4 | 중계율 0.28 | alpha 0.838 | complete
Ep 1276 | 드론4 목적지62 |  919스텝 | 배송 62/62 | 재적재 10 | 중계율 0.29 | alpha 0.840 | complete
Ep 1277 | 드론3 목적지77 | 1000스텝 | 배송 65/77 | 재적재 10 | 중계율 0.20 | alpha 0.831 | step_limit
Ep 1278 | 드론3 목적지59 | 1000스텝 | 배송 51/59 | 재적재 10 | 중계율 0.32 | alpha 0.823 | step_limit
Ep 1279 | 드론4 목적지39 |  776스텝 | 배송 39/39 | 재적재  6 | 중계율 0.29 | alpha 0.813 | complete
Ep 1280 | 드론3 목적지31 |  501스텝 | 배송 31/31 | 재적재  5 | 중계율 0.22 | alpha 0.806 | complete
Ep 1281 | 드론3 목적지36 |  759스텝 | 배송 36/36 | 재적재  6 | 중계율 0.35 | alpha 0.803 | complete
Ep 1282 | 드론3 목적지39 |  641스텝 | 배송 39/39 | 재적재  7 | 중계율 0.22 | alpha 0.806 | complete
Ep 1283 | 드론3 목적지43 |  996스텝 | 배송 43/43 | 재적재  8 | 중계율 0.24 | alpha 0.802 | complete
Ep 1284 | 드론4 목적지25 |  674스텝 | 배송 25/25 | 재적재  3 | 중계율 0.40 | alpha 0.802 | complete
Ep 1285 | 드론4 목적지74 |  821스텝 | 배송 74/74 | 재적재 13 | 중계율 0.18 | alpha 0.808 | complete
Ep 1286 | 드론3 목적지76 | 1000스텝 | 배송 65/76 | 재적재 11 | 중계율 0.30 | alpha 0.800 | step_limit
Ep 1287 | 드론4 목적지59 | 1000스텝 | 배송 50/59 | 재적재  8 | 중계율 0.28 | alpha 0.802 | step_limit
Ep 1288 | 드론4 목적지77 | 1000스텝 | 배송 76/77 | 재적재 13 | 중계율 0.17 | alpha 0.803 | step_limit
Ep 1289 | 드론3 목적지24 |  455스텝 | 배송 24/24 | 재적재  3 | 중계율 0.18 | alpha 0.807 | complete
Ep 1290 | 드론4 목적지52 |  776스텝 | 배송 52/52 | 재적재 10 | 중계율 0.23 | alpha 0.821 | complete
Ep 1291 | 드론3 목적지42 |  754스텝 | 배송 42/42 | 재적재  7 | 중계율 0.26 | alpha 0.828 | complete
Ep 1292 | 드론3 목적지77 | 1000스텝 | 배송 62/77 | 재적재 11 | 중계율 0.26 | alpha 0.834 | step_limit
Ep 1293 | 드론4 목적지76 | 1000스텝 | 배송 75/76 | 재적재 14 | 중계율 0.28 | alpha 0.839 | step_limit
Ep 1294 | 드론4 목적지31 |  400스텝 | 배송 31/31 | 재적재  4 | 중계율 0.23 | alpha 0.843 | complete
Ep 1295 | 드론4 목적지61 | 1000스텝 | 배송 50/61 | 재적재  8 | 중계율 0.32 | alpha 0.845 | step_limit
Ep 1296 | 드론3 목적지50 |  938스텝 | 배송 50/50 | 재적재  8 | 중계율 0.24 | alpha 0.850 | complete
Ep 1297 | 드론4 목적지76 | 1000스텝 | 배송 75/76 | 재적재 12 | 중계율 0.28 | alpha 0.854 | step_limit
Ep 1298 | 드론4 목적지36 |  404스텝 | 배송 36/36 | 재적재  4 | 중계율 0.16 | alpha 0.855 | complete
Ep 1299 | 드론4 목적지66 |  940스텝 | 배송 66/66 | 재적재 12 | 중계율 0.20 | alpha 0.852 | complete
Ep 1300 | 드론3 목적지21 |  368스텝 | 배송 21/21 | 재적재  3 | 중계율 0.19 | alpha 0.850 | complete
  [홀드아웃] 배송 49.9±0.6 완주 0.99 스텝 950 점수 126.1 재적재 8.4 2홉+ 0.61 | 최고 128.0@ep850 정체 9/15
Ep 1301 | 드론3 목적지47 |  790스텝 | 배송 47/47 | 재적재  8 | 중계율 0.24 | alpha 0.853 | complete
Ep 1302 | 드론3 목적지58 | 1000스텝 | 배송 55/58 | 재적재 10 | 중계율 0.21 | alpha 0.847 | step_limit
Ep 1303 | 드론4 목적지61 | 1000스텝 | 배송 59/61 | 재적재 11 | 중계율 0.31 | alpha 0.832 | step_limit
Ep 1304 | 드론3 목적지67 |  981스텝 | 배송 67/67 | 재적재 12 | 중계율 0.25 | alpha 0.819 | complete
Ep 1305 | 드론4 목적지61 |  647스텝 | 배송 61/61 | 재적재 11 | 중계율 0.16 | alpha 0.807 | complete
Ep 1306 | 드론3 목적지79 | 1000스텝 | 배송 66/79 | 재적재 11 | 중계율 0.18 | alpha 0.801 | step_limit
Ep 1307 | 드론4 목적지73 |  765스텝 | 배송 73/73 | 재적재 12 | 중계율 0.19 | alpha 0.799 | complete
Ep 1308 | 드론4 목적지60 | 1000스텝 | 배송 56/60 | 재적재  9 | 중계율 0.34 | alpha 0.785 | step_limit
Ep 1309 | 드론4 목적지77 |  849스텝 | 배송 77/77 | 재적재 13 | 중계율 0.19 | alpha 0.773 | complete
Ep 1310 | 드론4 목적지72 | 1000스텝 | 배송 68/72 | 재적재 12 | 중계율 0.24 | alpha 0.767 | step_limit
Ep 1311 | 드론3 목적지60 | 1000스텝 | 배송 58/60 | 재적재 10 | 중계율 0.29 | alpha 0.768 | step_limit
Ep 1312 | 드론4 목적지59 |  891스텝 | 배송 59/59 | 재적재 11 | 중계율 0.29 | alpha 0.777 | complete
Ep 1313 | 드론3 목적지72 | 1000스텝 | 배송 59/72 | 재적재 10 | 중계율 0.25 | alpha 0.780 | step_limit
Ep 1314 | 드론3 목적지67 | 1000스텝 | 배송 60/67 | 재적재 10 | 중계율 0.33 | alpha 0.779 | step_limit
Ep 1315 | 드론4 목적지58 |  793스텝 | 배송 58/58 | 재적재  9 | 중계율 0.22 | alpha 0.775 | complete
Ep 1316 | 드론3 목적지66 | 1000스텝 | 배송 55/66 | 재적재  9 | 중계율 0.32 | alpha 0.770 | step_limit
Ep 1317 | 드론4 목적지67 |  727스텝 | 배송 67/67 | 재적재 11 | 중계율 0.21 | alpha 0.767 | complete
Ep 1318 | 드론3 목적지28 |  543스텝 | 배송 28/28 | 재적재  5 | 중계율 0.28 | alpha 0.766 | complete
Ep 1319 | 드론3 목적지34 |  637스텝 | 배송 34/34 | 재적재  6 | 중계율 0.23 | alpha 0.762 | complete
Ep 1320 | 드론3 목적지57 |  867스텝 | 배송 57/57 | 재적재 10 | 중계율 0.22 | alpha 0.761 | complete
Ep 1321 | 드론4 목적지59 |  726스텝 | 배송 59/59 | 재적재 10 | 중계율 0.15 | alpha 0.759 | complete
Ep 1322 | 드론3 목적지39 |  749스텝 | 배송 39/39 | 재적재  6 | 중계율 0.28 | alpha 0.757 | complete
Ep 1323 | 드론4 목적지48 |  729스텝 | 배송 48/48 | 재적재  7 | 중계율 0.29 | alpha 0.749 | complete
Ep 1324 | 드론4 목적지52 |  719스텝 | 배송 52/52 | 재적재  9 | 중계율 0.15 | alpha 0.752 | complete
Ep 1325 | 드론4 목적지40 |  504스텝 | 배송 40/40 | 재적재  6 | 중계율 0.19 | alpha 0.751 | complete
Ep 1326 | 드론3 목적지40 |  822스텝 | 배송 40/40 | 재적재  6 | 중계율 0.36 | alpha 0.757 | complete
Ep 1327 | 드론3 목적지23 |  488스텝 | 배송 23/23 | 재적재  4 | 중계율 0.23 | alpha 0.761 | complete
Ep 1328 | 드론4 목적지25 |  807스텝 | 배송 25/25 | 재적재  2 | 중계율 0.28 | alpha 0.767 | complete
Ep 1329 | 드론3 목적지51 | 1000스텝 | 배송 50/51 | 재적재  9 | 중계율 0.28 | alpha 0.774 | step_limit
Ep 1330 | 드론4 목적지42 | 1000스텝 | 배송 40/42 | 재적재  7 | 중계율 0.32 | alpha 0.775 | step_limit
Ep 1331 | 드론4 목적지48 |  845스텝 | 배송 48/48 | 재적재  9 | 중계율 0.31 | alpha 0.763 | complete
Ep 1332 | 드론4 목적지21 |  449스텝 | 배송 21/21 | 재적재  3 | 중계율 0.27 | alpha 0.754 | complete
Ep 1333 | 드론4 목적지42 |  631스텝 | 배송 42/42 | 재적재  7 | 중계율 0.27 | alpha 0.750 | complete
Ep 1334 | 드론4 목적지30 |  664스텝 | 배송 30/30 | 재적재  3 | 중계율 0.27 | alpha 0.745 | complete
Ep 1335 | 드론4 목적지52 |  668스텝 | 배송 52/52 | 재적재  9 | 중계율 0.17 | alpha 0.737 | complete
Ep 1336 | 드론3 목적지31 | 1000스텝 | 배송 29/31 | 재적재  5 | 중계율 0.33 | alpha 0.733 | step_limit
Ep 1337 | 드론4 목적지70 |  839스텝 | 배송 70/70 | 재적재 12 | 중계율 0.19 | alpha 0.730 | complete
Ep 1338 | 드론3 목적지80 | 1000스텝 | 배송 71/80 | 재적재 12 | 중계율 0.20 | alpha 0.731 | step_limit
Ep 1339 | 드론4 목적지74 |  934스텝 | 배송 74/74 | 재적재 14 | 중계율 0.19 | alpha 0.738 | complete
Ep 1340 | 드론4 목적지77 | 1000스텝 | 배송 68/77 | 재적재 11 | 중계율 0.29 | alpha 0.734 | step_limit
Ep 1341 | 드론4 목적지30 |  327스텝 | 배송 30/30 | 재적재  3 | 중계율 0.10 | alpha 0.734 | complete
Ep 1342 | 드론4 목적지59 |  963스텝 | 배송 59/59 | 재적재 11 | 중계율 0.27 | alpha 0.737 | complete
Ep 1343 | 드론4 목적지28 |  584스텝 | 배송 28/28 | 재적재  4 | 중계율 0.29 | alpha 0.726 | complete
Ep 1344 | 드론3 목적지48 |  922스텝 | 배송 48/48 | 재적재  8 | 중계율 0.22 | alpha 0.716 | complete
Ep 1345 | 드론3 목적지61 |  938스텝 | 배송 61/61 | 재적재 11 | 중계율 0.25 | alpha 0.721 | complete
Ep 1346 | 드론3 목적지54 |  966스텝 | 배송 54/54 | 재적재  9 | 중계율 0.26 | alpha 0.727 | complete
Ep 1347 | 드론3 목적지68 | 1000스텝 | 배송 55/68 | 재적재 10 | 중계율 0.22 | alpha 0.733 | step_limit
Ep 1348 | 드론3 목적지25 |  595스텝 | 배송 25/25 | 재적재  4 | 중계율 0.22 | alpha 0.732 | complete
Ep 1349 | 드론4 목적지33 |  584스텝 | 배송 33/33 | 재적재  6 | 중계율 0.29 | alpha 0.731 | complete
Ep 1350 | 드론3 목적지70 | 1000스텝 | 배송 66/70 | 재적재 11 | 중계율 0.20 | alpha 0.729 | step_limit
  [홀드아웃] 배송 50.0±0.0 완주 1.00 스텝 929 점수 127.6 재적재 8.3 2홉+ 0.61 | 최고 128.0@ep850 정체 10/15
Ep 1351 | 드론3 목적지42 |  694스텝 | 배송 42/42 | 재적재  7 | 중계율 0.26 | alpha 0.737 | complete
Ep 1352 | 드론3 목적지30 |  592스텝 | 배송 30/30 | 재적재  4 | 중계율 0.31 | alpha 0.739 | complete
Ep 1353 | 드론3 목적지55 | 1000스텝 | 배송 46/55 | 재적재  8 | 중계율 0.24 | alpha 0.741 | step_limit
Ep 1354 | 드론3 목적지25 |  668스텝 | 배송 25/25 | 재적재  4 | 중계율 0.26 | alpha 0.744 | complete
Ep 1355 | 드론3 목적지54 | 1000스텝 | 배송 51/54 | 재적재  9 | 중계율 0.16 | alpha 0.742 | step_limit
Ep 1356 | 드론4 목적지76 | 1000스텝 | 배송 73/76 | 재적재 12 | 중계율 0.32 | alpha 0.743 | step_limit
Ep 1357 | 드론3 목적지61 | 1000스텝 | 배송 54/61 | 재적재  9 | 중계율 0.37 | alpha 0.745 | step_limit
Ep 1358 | 드론4 목적지36 |  418스텝 | 배송 36/36 | 재적재  5 | 중계율 0.21 | alpha 0.744 | complete
Ep 1359 | 드론3 목적지38 |  873스텝 | 배송 38/38 | 재적재  7 | 중계율 0.37 | alpha 0.747 | complete
Ep 1360 | 드론3 목적지22 |  873스텝 | 배송 22/22 | 재적재  3 | 중계율 0.35 | alpha 0.744 | complete
Ep 1361 | 드론3 목적지53 | 1000스텝 | 배송 46/53 | 재적재  9 | 중계율 0.25 | alpha 0.744 | step_limit
Ep 1362 | 드론3 목적지69 | 1000스텝 | 배송 65/69 | 재적재 12 | 중계율 0.19 | alpha 0.741 | step_limit
Ep 1363 | 드론4 목적지80 | 1000스텝 | 배송 75/80 | 재적재 13 | 중계율 0.21 | alpha 0.747 | step_limit
Ep 1364 | 드론3 목적지73 | 1000스텝 | 배송 58/73 | 재적재 11 | 중계율 0.22 | alpha 0.754 | step_limit
Ep 1365 | 드론4 목적지36 |  585스텝 | 배송 36/36 | 재적재  6 | 중계율 0.30 | alpha 0.751 | complete
Ep 1366 | 드론3 목적지76 | 1000스텝 | 배송 70/76 | 재적재 12 | 중계율 0.22 | alpha 0.737 | step_limit
Ep 1367 | 드론4 목적지75 |  806스텝 | 배송 75/75 | 재적재 14 | 중계율 0.14 | alpha 0.743 | complete
Ep 1368 | 드론4 목적지47 |  945스텝 | 배송 47/47 | 재적재  8 | 중계율 0.27 | alpha 0.745 | complete
Ep 1369 | 드론4 목적지68 |  975스텝 | 배송 68/68 | 재적재 12 | 중계율 0.28 | alpha 0.744 | complete
Ep 1370 | 드론4 목적지48 |  804스텝 | 배송 48/48 | 재적재  8 | 중계율 0.28 | alpha 0.744 | complete
Ep 1371 | 드론4 목적지24 |  379스텝 | 배송 24/24 | 재적재  4 | 중계율 0.23 | alpha 0.748 | complete
Ep 1372 | 드론4 목적지55 |  998스텝 | 배송 55/55 | 재적재  9 | 중계율 0.32 | alpha 0.752 | complete
Ep 1373 | 드론3 목적지23 |  384스텝 | 배송 23/23 | 재적재  3 | 중계율 0.22 | alpha 0.753 | complete
Ep 1374 | 드론3 목적지27 |  537스텝 | 배송 27/27 | 재적재  4 | 중계율 0.27 | alpha 0.755 | complete
Ep 1375 | 드론3 목적지63 | 1000스텝 | 배송 60/63 | 재적재 10 | 중계율 0.29 | alpha 0.749 | step_limit
Ep 1376 | 드론4 목적지56 |  959스텝 | 배송 56/56 | 재적재  9 | 중계율 0.30 | alpha 0.734 | complete
Ep 1377 | 드론3 목적지60 | 1000스텝 | 배송 55/60 | 재적재  9 | 중계율 0.28 | alpha 0.720 | step_limit
Ep 1378 | 드론3 목적지73 | 1000스텝 | 배송 66/73 | 재적재 12 | 중계율 0.22 | alpha 0.710 | step_limit
Ep 1379 | 드론3 목적지49 |  921스텝 | 배송 49/49 | 재적재  9 | 중계율 0.26 | alpha 0.694 | complete
Ep 1380 | 드론3 목적지67 |  923스텝 | 배송 67/67 | 재적재 12 | 중계율 0.21 | alpha 0.693 | complete
Ep 1381 | 드론3 목적지63 |  844스텝 | 배송 63/63 | 재적재 10 | 중계율 0.19 | alpha 0.688 | complete
Ep 1382 | 드론3 목적지74 | 1000스텝 | 배송 60/74 | 재적재 11 | 중계율 0.28 | alpha 0.696 | step_limit
Ep 1383 | 드론3 목적지48 | 1000스텝 | 배송 47/48 | 재적재  8 | 중계율 0.30 | alpha 0.708 | step_limit
Ep 1384 | 드론4 목적지26 |  451스텝 | 배송 26/26 | 재적재  3 | 중계율 0.32 | alpha 0.708 | complete
Ep 1385 | 드론3 목적지38 |  874스텝 | 배송 38/38 | 재적재  6 | 중계율 0.24 | alpha 0.705 | complete
Ep 1386 | 드론3 목적지20 |  413스텝 | 배송 20/20 | 재적재  3 | 중계율 0.17 | alpha 0.710 | complete
Ep 1387 | 드론4 목적지36 |  644스텝 | 배송 36/36 | 재적재  7 | 중계율 0.34 | alpha 0.713 | complete
Ep 1388 | 드론3 목적지50 |  876스텝 | 배송 50/50 | 재적재  8 | 중계율 0.27 | alpha 0.721 | complete
Ep 1389 | 드론3 목적지77 | 1000스텝 | 배송 68/77 | 재적재 13 | 중계율 0.20 | alpha 0.733 | step_limit
Ep 1390 | 드론4 목적지20 |  450스텝 | 배송 20/20 | 재적재  3 | 중계율 0.14 | alpha 0.729 | complete
Ep 1391 | 드론4 목적지64 |  733스텝 | 배송 64/64 | 재적재 10 | 중계율 0.19 | alpha 0.738 | complete
Ep 1392 | 드론3 목적지63 | 1000스텝 | 배송 57/63 | 재적재 10 | 중계율 0.28 | alpha 0.741 | step_limit
Ep 1393 | 드론4 목적지76 | 1000스텝 | 배송 68/76 | 재적재 12 | 중계율 0.28 | alpha 0.735 | step_limit
Ep 1394 | 드론4 목적지23 |  538스텝 | 배송 23/23 | 재적재  3 | 중계율 0.40 | alpha 0.743 | complete
Ep 1395 | 드론3 목적지25 |  498스텝 | 배송 25/25 | 재적재  3 | 중계율 0.26 | alpha 0.750 | complete
Ep 1396 | 드론3 목적지59 | 1000스텝 | 배송 51/59 | 재적재  9 | 중계율 0.31 | alpha 0.763 | step_limit
Ep 1397 | 드론4 목적지49 |  709스텝 | 배송 49/49 | 재적재  7 | 중계율 0.22 | alpha 0.757 | complete
Ep 1398 | 드론4 목적지66 |  718스텝 | 배송 66/66 | 재적재 12 | 중계율 0.20 | alpha 0.756 | complete
Ep 1399 | 드론3 목적지69 | 1000스텝 | 배송 55/69 | 재적재 10 | 중계율 0.27 | alpha 0.764 | step_limit
Ep 1400 | 드론3 목적지50 |  809스텝 | 배송 50/50 | 재적재  8 | 중계율 0.26 | alpha 0.777 | complete
  [홀드아웃] 배송 50.0±0.0 완주 1.00 스텝 921 점수 127.7 재적재 8.2 2홉+ 0.62 | 최고 128.0@ep850 정체 11/15
Ep 1401 | 드론4 목적지71 |  921스텝 | 배송 71/71 | 재적재 13 | 중계율 0.16 | alpha 0.785 | complete
Ep 1402 | 드론3 목적지44 |  746스텝 | 배송 44/44 | 재적재  8 | 중계율 0.25 | alpha 0.797 | complete
Ep 1403 | 드론3 목적지67 | 1000스텝 | 배송 54/67 | 재적재  9 | 중계율 0.28 | alpha 0.809 | step_limit
Ep 1404 | 드론4 목적지45 |  568스텝 | 배송 45/45 | 재적재  7 | 중계율 0.19 | alpha 0.814 | complete
Ep 1405 | 드론3 목적지39 |  855스텝 | 배송 39/39 | 재적재  7 | 중계율 0.34 | alpha 0.813 | complete
Ep 1406 | 드론3 목적지67 | 1000스텝 | 배송 60/67 | 재적재 12 | 중계율 0.20 | alpha 0.810 | step_limit
Ep 1407 | 드론4 목적지73 | 1000스텝 | 배송 60/73 | 재적재 10 | 중계율 0.33 | alpha 0.817 | step_limit
Ep 1408 | 드론4 목적지61 |  853스텝 | 배송 61/61 | 재적재 11 | 중계율 0.24 | alpha 0.813 | complete
Ep 1409 | 드론4 목적지73 |  968스텝 | 배송 73/73 | 재적재 13 | 중계율 0.25 | alpha 0.816 | complete
Ep 1410 | 드론4 목적지74 | 1000스텝 | 배송 72/74 | 재적재 12 | 중계율 0.28 | alpha 0.816 | step_limit
Ep 1411 | 드론3 목적지29 |  547스텝 | 배송 29/29 | 재적재  5 | 중계율 0.22 | alpha 0.814 | complete
Ep 1412 | 드론4 목적지25 |  405스텝 | 배송 25/25 | 재적재  3 | 중계율 0.21 | alpha 0.808 | complete
Ep 1413 | 드론3 목적지67 | 1000스텝 | 배송 51/67 | 재적재  9 | 중계율 0.30 | alpha 0.803 | step_limit
Ep 1414 | 드론3 목적지55 | 1000스텝 | 배송 51/55 | 재적재  9 | 중계율 0.36 | alpha 0.791 | step_limit
Ep 1415 | 드론3 목적지54 | 1000스텝 | 배송 52/54 | 재적재  9 | 중계율 0.33 | alpha 0.788 | step_limit
Ep 1416 | 드론4 목적지23 |  409스텝 | 배송 23/23 | 재적재  3 | 중계율 0.26 | alpha 0.786 | complete
Ep 1417 | 드론4 목적지70 |  779스텝 | 배송 70/70 | 재적재 12 | 중계율 0.17 | alpha 0.788 | complete
Ep 1418 | 드론4 목적지37 |  946스텝 | 배송 37/37 | 재적재  6 | 중계율 0.41 | alpha 0.789 | complete
Ep 1419 | 드론3 목적지42 | 1000스텝 | 배송 41/42 | 재적재  7 | 중계율 0.27 | alpha 0.787 | step_limit
Ep 1420 | 드론4 목적지49 |  775스텝 | 배송 49/49 | 재적재  9 | 중계율 0.22 | alpha 0.795 | complete
Ep 1421 | 드론4 목적지31 |  405스텝 | 배송 31/31 | 재적재  5 | 중계율 0.16 | alpha 0.794 | complete
Ep 1422 | 드론3 목적지45 |  902스텝 | 배송 45/45 | 재적재  7 | 중계율 0.30 | alpha 0.785 | complete
Ep 1423 | 드론4 목적지34 |  474스텝 | 배송 34/34 | 재적재  5 | 중계율 0.18 | alpha 0.780 | complete
Ep 1424 | 드론3 목적지23 |  456스텝 | 배송 23/23 | 재적재  2 | 중계율 0.24 | alpha 0.782 | complete
Ep 1425 | 드론3 목적지56 | 1000스텝 | 배송 50/56 | 재적재  9 | 중계율 0.31 | alpha 0.777 | step_limit
Ep 1426 | 드론4 목적지80 | 1000스텝 | 배송 78/80 | 재적재 14 | 중계율 0.23 | alpha 0.777 | step_limit
Ep 1427 | 드론4 목적지76 |  774스텝 | 배송 76/76 | 재적재 14 | 중계율 0.17 | alpha 0.780 | complete
Ep 1428 | 드론4 목적지31 | 1000스텝 | 배송 23/31 | 재적재  3 | 중계율 0.45 | alpha 0.780 | step_limit
Ep 1429 | 드론3 목적지48 | 1000스텝 | 배송 47/48 | 재적재  8 | 중계율 0.30 | alpha 0.780 | step_limit
Ep 1430 | 드론3 목적지37 |  962스텝 | 배송 37/37 | 재적재  7 | 중계율 0.27 | alpha 0.779 | complete
Ep 1431 | 드론4 목적지26 |  567스텝 | 배송 26/26 | 재적재  3 | 중계율 0.39 | alpha 0.787 | complete
Ep 1432 | 드론4 목적지72 | 1000스텝 | 배송 61/72 | 재적재 10 | 중계율 0.25 | alpha 0.782 | step_limit
Ep 1433 | 드론3 목적지67 | 1000스텝 | 배송 58/67 | 재적재 10 | 중계율 0.31 | alpha 0.788 | step_limit
Ep 1434 | 드론4 목적지69 |  754스텝 | 배송 69/69 | 재적재 12 | 중계율 0.14 | alpha 0.797 | complete
Ep 1435 | 드론4 목적지40 |  590스텝 | 배송 40/40 | 재적재  6 | 중계율 0.18 | alpha 0.800 | complete
Ep 1436 | 드론3 목적지52 |  926스텝 | 배송 52/52 | 재적재  9 | 중계율 0.26 | alpha 0.805 | complete
Ep 1437 | 드론3 목적지25 |  672스텝 | 배송 25/25 | 재적재  3 | 중계율 0.24 | alpha 0.809 | complete
Ep 1438 | 드론4 목적지45 |  503스텝 | 배송 45/45 | 재적재  7 | 중계율 0.12 | alpha 0.808 | complete
Ep 1439 | 드론4 목적지68 |  884스텝 | 배송 68/68 | 재적재 12 | 중계율 0.24 | alpha 0.813 | complete
Ep 1440 | 드론3 목적지31 |  705스텝 | 배송 31/31 | 재적재  5 | 중계율 0.32 | alpha 0.811 | complete
Ep 1441 | 드론3 목적지60 | 1000스텝 | 배송 54/60 | 재적재 10 | 중계율 0.32 | alpha 0.806 | step_limit
Ep 1442 | 드론4 목적지23 |  590스텝 | 배송 23/23 | 재적재  2 | 중계율 0.27 | alpha 0.802 | complete
Ep 1443 | 드론3 목적지58 | 1000스텝 | 배송 55/58 | 재적재 10 | 중계율 0.30 | alpha 0.807 | step_limit
Ep 1444 | 드론3 목적지65 | 1000스텝 | 배송 63/65 | 재적재 11 | 중계율 0.25 | alpha 0.800 | step_limit
Ep 1445 | 드론3 목적지45 |  678스텝 | 배송 45/45 | 재적재  8 | 중계율 0.14 | alpha 0.798 | complete
Ep 1446 | 드론3 목적지50 | 1000스텝 | 배송 46/50 | 재적재  8 | 중계율 0.25 | alpha 0.801 | step_limit
Ep 1447 | 드론4 목적지30 |  474스텝 | 배송 30/30 | 재적재  5 | 중계율 0.18 | alpha 0.797 | complete
Ep 1448 | 드론3 목적지28 |  788스텝 | 배송 28/28 | 재적재  4 | 중계율 0.26 | alpha 0.779 | complete
Ep 1449 | 드론4 목적지33 |  818스텝 | 배송 33/33 | 재적재  6 | 중계율 0.33 | alpha 0.787 | complete
Ep 1450 | 드론3 목적지34 |  759스텝 | 배송 34/34 | 재적재  5 | 중계율 0.29 | alpha 0.783 | complete
  [홀드아웃] 배송 49.8±0.9 완주 0.95 스텝 984 점수 121.9 재적재 8.4 2홉+ 0.62 | 최고 128.0@ep850 정체 12/15
Ep 1451 | 드론3 목적지36 |  775스텝 | 배송 36/36 | 재적재  6 | 중계율 0.33 | alpha 0.787 | complete
Ep 1452 | 드론4 목적지58 | 1000스텝 | 배송 57/58 | 재적재 10 | 중계율 0.28 | alpha 0.781 | step_limit
Ep 1453 | 드론3 목적지55 | 1000스텝 | 배송 54/55 | 재적재 10 | 중계율 0.16 | alpha 0.777 | step_limit
Ep 1454 | 드론3 목적지74 | 1000스텝 | 배송 60/74 | 재적재 10 | 중계율 0.25 | alpha 0.766 | step_limit
Ep 1455 | 드론3 목적지42 |  748스텝 | 배송 42/42 | 재적재  7 | 중계율 0.18 | alpha 0.748 | complete
Ep 1456 | 드론3 목적지36 |  728스텝 | 배송 36/36 | 재적재  5 | 중계율 0.31 | alpha 0.737 | complete
Ep 1457 | 드론4 목적지39 |  635스텝 | 배송 39/39 | 재적재  7 | 중계율 0.27 | alpha 0.730 | complete
Ep 1458 | 드론4 목적지46 |  570스텝 | 배송 46/46 | 재적재  8 | 중계율 0.18 | alpha 0.729 | complete
Ep 1459 | 드론4 목적지79 | 1000스텝 | 배송 72/79 | 재적재 12 | 중계율 0.30 | alpha 0.728 | step_limit
Ep 1460 | 드론4 목적지73 | 1000스텝 | 배송 68/73 | 재적재 12 | 중계율 0.29 | alpha 0.726 | step_limit
Ep 1461 | 드론3 목적지79 |  905스텝 | 배송 33/79 | 재적재  6 | 중계율 0.18 | alpha 0.723 | no_progress
Ep 1462 | 드론3 목적지42 |  877스텝 | 배송 42/42 | 재적재  7 | 중계율 0.32 | alpha 0.717 | complete
Ep 1463 | 드론3 목적지46 |  876스텝 | 배송 46/46 | 재적재  8 | 중계율 0.25 | alpha 0.724 | complete
Ep 1464 | 드론4 목적지22 |  528스텝 | 배송 22/22 | 재적재  3 | 중계율 0.29 | alpha 0.730 | complete
Ep 1465 | 드론4 목적지27 |  584스텝 | 배송 27/27 | 재적재  4 | 중계율 0.40 | alpha 0.729 | complete
Ep 1466 | 드론3 목적지49 |  883스텝 | 배송 49/49 | 재적재  8 | 중계율 0.30 | alpha 0.740 | complete
Ep 1467 | 드론3 목적지45 |  889스텝 | 배송 45/45 | 재적재  7 | 중계율 0.33 | alpha 0.751 | complete
Ep 1468 | 드론4 목적지68 |  727스텝 | 배송 68/68 | 재적재 13 | 중계율 0.16 | alpha 0.769 | complete
Ep 1469 | 드론3 목적지36 |  816스텝 | 배송 36/36 | 재적재  6 | 중계율 0.27 | alpha 0.779 | complete
Ep 1470 | 드론3 목적지31 |  842스텝 | 배송 31/31 | 재적재  5 | 중계율 0.34 | alpha 0.797 | complete
Ep 1471 | 드론4 목적지62 | 1000스텝 | 배송 56/62 | 재적재 10 | 중계율 0.30 | alpha 0.801 | step_limit
Ep 1472 | 드론4 목적지31 |  572스텝 | 배송 31/31 | 재적재  5 | 중계율 0.30 | alpha 0.802 | complete
Ep 1473 | 드론3 목적지75 | 1000스텝 | 배송 65/75 | 재적재 11 | 중계율 0.25 | alpha 0.795 | step_limit
Ep 1474 | 드론4 목적지78 | 1000스텝 | 배송 73/78 | 재적재 12 | 중계율 0.23 | alpha 0.793 | step_limit
Ep 1475 | 드론4 목적지46 |  926스텝 | 배송 46/46 | 재적재  7 | 중계율 0.32 | alpha 0.799 | complete
Ep 1476 | 드론3 목적지54 | 1000스텝 | 배송 53/54 | 재적재 10 | 중계율 0.25 | alpha 0.810 | step_limit
Ep 1477 | 드론3 목적지61 | 1000스텝 | 배송 55/61 | 재적재 10 | 중계율 0.27 | alpha 0.816 | step_limit
Ep 1478 | 드론4 목적지45 |  682스텝 | 배송 45/45 | 재적재  8 | 중계율 0.28 | alpha 0.827 | complete
Ep 1479 | 드론3 목적지80 | 1000스텝 | 배송 61/80 | 재적재 10 | 중계율 0.30 | alpha 0.834 | step_limit
Ep 1480 | 드론4 목적지39 |  675스텝 | 배송 39/39 | 재적재  6 | 중계율 0.32 | alpha 0.830 | complete
Ep 1481 | 드론3 목적지70 | 1000스텝 | 배송 56/70 | 재적재 10 | 중계율 0.27 | alpha 0.837 | step_limit
Ep 1482 | 드론3 목적지62 | 1000스텝 | 배송 60/62 | 재적재 11 | 중계율 0.21 | alpha 0.849 | step_limit
Ep 1483 | 드론3 목적지39 |  834스텝 | 배송 39/39 | 재적재  7 | 중계율 0.34 | alpha 0.863 | complete
Ep 1484 | 드론4 목적지69 |  960스텝 | 배송 69/69 | 재적재 12 | 중계율 0.27 | alpha 0.868 | complete
Ep 1485 | 드론3 목적지51 | 1000스텝 | 배송 49/51 | 재적재  8 | 중계율 0.29 | alpha 0.873 | step_limit
Ep 1486 | 드론4 목적지66 | 1000스텝 | 배송 59/66 | 재적재 11 | 중계율 0.30 | alpha 0.877 | step_limit
Ep 1487 | 드론3 목적지37 |  733스텝 | 배송 37/37 | 재적재  7 | 중계율 0.19 | alpha 0.880 | complete
Ep 1488 | 드론3 목적지62 | 1000스텝 | 배송 53/62 | 재적재 10 | 중계율 0.27 | alpha 0.890 | step_limit
Ep 1489 | 드론3 목적지24 |  528스텝 | 배송 24/24 | 재적재  4 | 중계율 0.20 | alpha 0.887 | complete
Ep 1490 | 드론3 목적지77 | 1000스텝 | 배송 61/77 | 재적재 11 | 중계율 0.31 | alpha 0.893 | step_limit
Ep 1491 | 드론4 목적지59 |  799스텝 | 배송 59/59 | 재적재 10 | 중계율 0.21 | alpha 0.882 | complete
Ep 1492 | 드론4 목적지60 |  929스텝 | 배송 60/60 | 재적재 10 | 중계율 0.32 | alpha 0.872 | complete
Ep 1493 | 드론3 목적지29 |  587스텝 | 배송 29/29 | 재적재  5 | 중계율 0.22 | alpha 0.870 | complete
Ep 1494 | 드론3 목적지78 | 1000스텝 | 배송 71/78 | 재적재 13 | 중계율 0.21 | alpha 0.865 | step_limit
Ep 1495 | 드론3 목적지34 |  524스텝 | 배송 34/34 | 재적재  5 | 중계율 0.23 | alpha 0.865 | complete
Ep 1496 | 드론4 목적지31 |  711스텝 | 배송 31/31 | 재적재  5 | 중계율 0.29 | alpha 0.859 | complete
Ep 1497 | 드론4 목적지57 |  962스텝 | 배송 57/57 | 재적재 10 | 중계율 0.30 | alpha 0.854 | complete
Ep 1498 | 드론3 목적지27 |  643스텝 | 배송 27/27 | 재적재  4 | 중계율 0.29 | alpha 0.855 | complete
Ep 1499 | 드론4 목적지31 |  752스텝 | 배송 31/31 | 재적재  5 | 중계율 0.30 | alpha 0.855 | complete
Ep 1500 | 드론3 목적지50 | 1000스텝 | 배송 48/50 | 재적재  9 | 중계율 0.31 | alpha 0.842 | step_limit
  [홀드아웃] 배송 50.0±0.0 완주 1.00 스텝 933 점수 127.6 재적재 8.3 2홉+ 0.62 | 최고 128.0@ep850 정체 13/15
Training finished. best=128.0 @ ep850
