/home/kopt/enter/envs/wsl_neuroMCTS/lib/python3.10/site-packages/pygame/pkgdata.py:25: UserWarning: pkg_resources is deprecated as an API. See https://setuptools.pypa.io/en/latest/pkg_resources.html. The pkg_resources package is slated for removal as early as 2025-11-30. Refrain from using this package or pin to Setuptools<81.
  from pkg_resources import resource_stream, resource_exists
pygame 2.6.1 (SDL 2.28.4, Python 3.10.19)
Hello from the pygame community. https://www.pygame.org/contribute.html
집합 상위 학습 | 반경 300 상한 1000 무배송 500 gamma 0.997 구성=무작위 드론[3, 4] 목적지[20, 80] CC무작위 인스턴스=무작위 목표유지=off 완주보상=0.0 잔여페널티=0.0 규칙관측=False 규칙정규화=2.0 막힘페널티=0.0 도달권shaping=0.0 정체전환보상=0.0 엔트로피비=0.6->0.25@400 자기회귀=False 홀드아웃상한=3000 선택=makespan/속도가중치=40.0
/home/kopt/drone/proposed_src/pipeline/train_v5_26_09_15_23.py:354: UserWarning: Converting a tensor with requires_grad=True to a scalar may lead to unexpected behavior.
Consider using tensor.detach() first. (Triggered internally at /pytorch/torch/csrc/autograd/generated/python_variable_methods.cpp:836.)
  writer.add_scalar("train/alpha", float(log_alpha.exp()), ep)
Ep 1 | 드론4 목적지57 | 1000스텝 | 배송 46/57 | 재적재  7 | 중계율 0.16 | alpha 0.100 | step_limit
Ep 2 | 드론3 목적지50 | 1000스텝 | 배송 41/50 | 재적재  7 | 중계율 0.14 | alpha 0.100 | step_limit
Ep 3 | 드론4 목적지72 | 1000스텝 | 배송 60/72 | 재적재  9 | 중계율 0.15 | alpha 0.100 | step_limit
Ep 4 | 드론3 목적지46 | 1000스텝 | 배송 39/46 | 재적재  6 | 중계율 0.12 | alpha 0.100 | step_limit
Ep 5 | 드론3 목적지58 | 1000스텝 | 배송 42/58 | 재적재  7 | 중계율 0.30 | alpha 0.103 | step_limit
Ep 6 | 드론3 목적지61 | 1000스텝 | 배송 57/61 | 재적재  9 | 중계율 0.34 | alpha 0.114 | step_limit
Ep 7 | 드론3 목적지30 |  546스텝 | 배송 30/30 | 재적재  3 | 중계율 0.36 | alpha 0.120 | complete
Ep 8 | 드론3 목적지69 | 1000스텝 | 배송 48/69 | 재적재  9 | 중계율 0.19 | alpha 0.131 | step_limit
Ep 9 | 드론3 목적지66 | 1000스텝 | 배송 58/66 | 재적재 11 | 중계율 0.35 | alpha 0.142 | step_limit
Ep 10 | 드론3 목적지26 |  627스텝 | 배송 26/26 | 재적재  5 | 중계율 0.33 | alpha 0.149 | complete
Ep 11 | 드론4 목적지32 |  323스텝 | 배송 32/32 | 재적재  3 | 중계율 0.21 | alpha 0.153 | complete
Ep 12 | 드론3 목적지35 |  874스텝 | 배송 35/35 | 재적재  6 | 중계율 0.33 | alpha 0.163 | complete
Ep 13 | 드론3 목적지23 |  385스텝 | 배송 23/23 | 재적재  3 | 중계율 0.25 | alpha 0.168 | complete
Ep 14 | 드론3 목적지61 | 1000스텝 | 배송 52/61 | 재적재 10 | 중계율 0.30 | alpha 0.180 | step_limit
Ep 15 | 드론4 목적지78 |  921스텝 | 배송 78/78 | 재적재 13 | 중계율 0.23 | alpha 0.193 | complete
Ep 16 | 드론4 목적지46 |  964스텝 | 배송 46/46 | 재적재  7 | 중계율 0.28 | alpha 0.207 | complete
Ep 17 | 드론4 목적지74 |  870스텝 | 배송 74/74 | 재적재 13 | 중계율 0.21 | alpha 0.220 | complete
Ep 18 | 드론3 목적지24 |  521스텝 | 배송 24/24 | 재적재  3 | 중계율 0.37 | alpha 0.229 | complete
Ep 19 | 드론4 목적지24 |  352스텝 | 배송 24/24 | 재적재  3 | 중계율 0.32 | alpha 0.235 | complete
Ep 20 | 드론3 목적지66 |  927스텝 | 배송 66/66 | 재적재 12 | 중계율 0.18 | alpha 0.252 | complete
Ep 21 | 드론3 목적지43 |  997스텝 | 배송 43/43 | 재적재  7 | 중계율 0.24 | alpha 0.271 | complete
Ep 22 | 드론3 목적지43 |  728스텝 | 배송 43/43 | 재적재  6 | 중계율 0.19 | alpha 0.286 | complete
Ep 23 | 드론3 목적지22 |  550스텝 | 배송 22/22 | 재적재  4 | 중계율 0.35 | alpha 0.297 | complete
Ep 24 | 드론3 목적지35 |  664스텝 | 배송 35/35 | 재적재  6 | 중계율 0.30 | alpha 0.312 | complete
Ep 25 | 드론4 목적지25 |  527스텝 | 배송 25/25 | 재적재  4 | 중계율 0.37 | alpha 0.324 | complete
Ep 26 | 드론3 목적지79 | 1000스텝 | 배송 66/79 | 재적재 12 | 중계율 0.21 | alpha 0.349 | step_limit
Ep 27 | 드론4 목적지63 | 1000스텝 | 배송 48/63 | 재적재  6 | 중계율 0.36 | alpha 0.374 | step_limit
Ep 28 | 드론3 목적지77 | 1000스텝 | 배송 63/77 | 재적재 11 | 중계율 0.28 | alpha 0.402 | step_limit
Ep 29 | 드론3 목적지34 | 1000스텝 | 배송 33/34 | 재적재  6 | 중계율 0.37 | alpha 0.432 | step_limit
Ep 30 | 드론3 목적지25 |  538스텝 | 배송 25/25 | 재적재  3 | 중계율 0.33 | alpha 0.449 | complete
Ep 31 | 드론4 목적지68 |  773스텝 | 배송 68/68 | 재적재 12 | 중계율 0.28 | alpha 0.475 | complete
Ep 32 | 드론3 목적지79 | 1000스텝 | 배송 54/79 | 재적재  8 | 중계율 0.29 | alpha 0.509 | step_limit
Ep 33 | 드론3 목적지62 | 1000스텝 | 배송 54/62 | 재적재 10 | 중계율 0.27 | alpha 0.546 | step_limit
Ep 34 | 드론3 목적지33 |  646스텝 | 배송 33/33 | 재적재  4 | 중계율 0.22 | alpha 0.572 | complete
Ep 35 | 드론3 목적지26 |  468스텝 | 배송 26/26 | 재적재  3 | 중계율 0.26 | alpha 0.591 | complete
Ep 36 | 드론3 목적지57 | 1000스텝 | 배송 55/57 | 재적재 11 | 중계율 0.30 | alpha 0.633 | step_limit
Ep 37 | 드론3 목적지29 |  747스텝 | 배송 29/29 | 재적재  3 | 중계율 0.37 | alpha 0.665 | complete
Ep 38 | 드론4 목적지63 | 1000스텝 | 배송 63/63 | 재적재 10 | 중계율 0.32 | alpha 0.710 | complete
Ep 39 | 드론4 목적지44 |  974스텝 | 배송 44/44 | 재적재  8 | 중계율 0.30 | alpha 0.755 | complete
Ep 40 | 드론4 목적지56 |  818스텝 | 배송 56/56 | 재적재 10 | 중계율 0.26 | alpha 0.795 | complete
Ep 41 | 드론4 목적지21 |  726스텝 | 배송 21/21 | 재적재  2 | 중계율 0.42 | alpha 0.831 | complete
Ep 42 | 드론3 목적지24 |  569스텝 | 배송 24/24 | 재적재  3 | 중계율 0.34 | alpha 0.860 | complete
Ep 43 | 드론3 목적지52 | 1000스텝 | 배송 49/52 | 재적재  7 | 중계율 0.22 | alpha 0.916 | step_limit
Ep 44 | 드론3 목적지72 |  978스텝 | 배송 72/72 | 재적재 13 | 중계율 0.16 | alpha 0.974 | complete
Ep 45 | 드론3 목적지52 | 1000스텝 | 배송 47/52 | 재적재  8 | 중계율 0.29 | alpha 1.038 | step_limit
Ep 46 | 드론4 목적지72 |  667스텝 | 배송 72/72 | 재적재 14 | 중계율 0.16 | alpha 1.083 | complete
Ep 47 | 드론3 목적지69 | 1000스텝 | 배송 50/69 | 재적재  8 | 중계율 0.14 | alpha 1.152 | step_limit
Ep 48 | 드론3 목적지56 | 1000스텝 | 배송 50/56 | 재적재  9 | 중계율 0.21 | alpha 1.224 | step_limit
Ep 49 | 드론4 목적지78 | 1000스텝 | 배송 70/78 | 재적재 12 | 중계율 0.24 | alpha 1.298 | step_limit
Ep 50 | 드론4 목적지40 | 1000스텝 | 배송 21/40 | 재적재  4 | 중계율 0.39 | alpha 1.372 | step_limit
  [홀드아웃] 배송 49.9±0.5 완주 0.97 스텝 950 점수 124.8 재적재 7.6 2홉+ 0.62 | 최고 124.8@ep50 정체 0/15  ← 갱신
Ep 51 | 드론4 목적지51 |  676스텝 | 배송 51/51 | 재적재  9 | 중계율 0.18 | alpha 1.422 | complete
Ep 52 | 드론3 목적지42 |  766스텝 | 배송 42/42 | 재적재  7 | 중계율 0.26 | alpha 1.478 | complete
Ep 53 | 드론4 목적지60 |  626스텝 | 배송 60/60 | 재적재 10 | 중계율 0.21 | alpha 1.523 | complete
Ep 54 | 드론3 목적지49 |  855스텝 | 배송 49/49 | 재적재  9 | 중계율 0.19 | alpha 1.579 | complete
Ep 55 | 드론3 목적지40 |  903스텝 | 배송 40/40 | 재적재  7 | 중계율 0.25 | alpha 1.636 | complete
Ep 56 | 드론4 목적지61 |  714스텝 | 배송 61/61 | 재적재 12 | 중계율 0.25 | alpha 1.678 | complete
Ep 57 | 드론3 목적지53 | 1000스텝 | 배송 51/53 | 재적재 10 | 중계율 0.24 | alpha 1.728 | step_limit
Ep 58 | 드론4 목적지57 |  770스텝 | 배송 57/57 | 재적재 10 | 중계율 0.22 | alpha 1.767 | complete
Ep 59 | 드론3 목적지50 |  979스텝 | 배송 50/50 | 재적재  9 | 중계율 0.18 | alpha 1.810 | complete
Ep 60 | 드론3 목적지21 |  804스텝 | 배송 21/21 | 재적재  3 | 중계율 0.32 | alpha 1.841 | complete
Ep 61 | 드론4 목적지26 |  393스텝 | 배송 26/26 | 재적재  4 | 중계율 0.30 | alpha 1.855 | complete
Ep 62 | 드론4 목적지55 |  936스텝 | 배송 55/55 | 재적재  9 | 중계율 0.31 | alpha 1.886 | complete
Ep 63 | 드론4 목적지68 | 1000스텝 | 배송 59/68 | 재적재 11 | 중계율 0.24 | alpha 1.917 | step_limit
Ep 64 | 드론3 목적지41 | 1000스텝 | 배송 38/41 | 재적재  6 | 중계율 0.24 | alpha 1.950 | step_limit
Ep 65 | 드론4 목적지68 |  788스텝 | 배송 68/68 | 재적재 11 | 중계율 0.13 | alpha 1.977 | complete
Ep 66 | 드론3 목적지61 |  895스텝 | 배송 61/61 | 재적재 11 | 중계율 0.12 | alpha 1.992 | complete
Ep 67 | 드론3 목적지53 | 1000스텝 | 배송 50/53 | 재적재  9 | 중계율 0.20 | alpha 1.998 | step_limit
Ep 68 | 드론3 목적지44 |  629스텝 | 배송 44/44 | 재적재  7 | 중계율 0.23 | alpha 1.986 | complete
Ep 69 | 드론3 목적지34 |  702스텝 | 배송 34/34 | 재적재  5 | 중계율 0.19 | alpha 1.983 | complete
Ep 70 | 드론3 목적지31 | 1000스텝 | 배송 29/31 | 재적재  5 | 중계율 0.29 | alpha 1.994 | step_limit
Ep 71 | 드론4 목적지71 | 1000스텝 | 배송 68/71 | 재적재 11 | 중계율 0.16 | alpha 2.006 | step_limit
Ep 72 | 드론3 목적지53 | 1000스텝 | 배송 41/53 | 재적재  8 | 중계율 0.28 | alpha 2.009 | step_limit
Ep 73 | 드론3 목적지21 |  637스텝 | 배송 21/21 | 재적재  4 | 중계율 0.34 | alpha 2.012 | complete
Ep 74 | 드론4 목적지45 |  810스텝 | 배송 45/45 | 재적재  8 | 중계율 0.21 | alpha 2.026 | complete
Ep 75 | 드론4 목적지40 |  889스텝 | 배송 40/40 | 재적재  6 | 중계율 0.23 | alpha 2.041 | complete
Ep 76 | 드론3 목적지75 | 1000스텝 | 배송 61/75 | 재적재 12 | 중계율 0.26 | alpha 2.034 | step_limit
Ep 77 | 드론4 목적지24 |  395스텝 | 배송 24/24 | 재적재  4 | 중계율 0.25 | alpha 2.038 | complete
Ep 78 | 드론3 목적지64 | 1000스텝 | 배송 45/64 | 재적재  7 | 중계율 0.23 | alpha 2.042 | step_limit
Ep 79 | 드론3 목적지41 |  939스텝 | 배송 41/41 | 재적재  7 | 중계율 0.31 | alpha 2.005 | complete
Ep 80 | 드론3 목적지69 | 1000스텝 | 배송 55/69 | 재적재 10 | 중계율 0.20 | alpha 1.976 | step_limit
Ep 81 | 드론4 목적지47 | 1000스텝 | 배송 46/47 | 재적재  8 | 중계율 0.24 | alpha 1.952 | step_limit
Ep 82 | 드론4 목적지69 | 1000스텝 | 배송 66/69 | 재적재 11 | 중계율 0.25 | alpha 2.005 | step_limit
Ep 83 | 드론4 목적지31 |  696스텝 | 배송 31/31 | 재적재  5 | 중계율 0.37 | alpha 2.046 | complete
Ep 84 | 드론3 목적지33 |  797스텝 | 배송 33/33 | 재적재  6 | 중계율 0.29 | alpha 2.069 | complete
Ep 85 | 드론3 목적지38 |  509스텝 | 배송 38/38 | 재적재  7 | 중계율 0.16 | alpha 2.082 | complete
Ep 86 | 드론4 목적지24 |  603스텝 | 배송 24/24 | 재적재  3 | 중계율 0.27 | alpha 2.079 | complete
Ep 87 | 드론3 목적지30 |  674스텝 | 배송 30/30 | 재적재  5 | 중계율 0.23 | alpha 2.056 | complete
Ep 88 | 드론3 목적지38 |  617스텝 | 배송 38/38 | 재적재  5 | 중계율 0.21 | alpha 2.014 | complete
Ep 89 | 드론3 목적지57 | 1000스텝 | 배송 44/57 | 재적재  8 | 중계율 0.30 | alpha 2.002 | step_limit
Ep 90 | 드론4 목적지21 |  797스텝 | 배송 21/21 | 재적재  2 | 중계율 0.33 | alpha 1.970 | complete
Ep 91 | 드론4 목적지77 | 1000스텝 | 배송 74/77 | 재적재 14 | 중계율 0.27 | alpha 1.914 | step_limit
Ep 92 | 드론3 목적지69 | 1000스텝 | 배송 60/69 | 재적재 10 | 중계율 0.22 | alpha 1.841 | step_limit
Ep 93 | 드론4 목적지60 |  648스텝 | 배송 60/60 | 재적재 11 | 중계율 0.15 | alpha 1.827 | complete
Ep 94 | 드론4 목적지45 |  525스텝 | 배송 45/45 | 재적재  7 | 중계율 0.20 | alpha 1.801 | complete
Ep 95 | 드론3 목적지71 | 1000스텝 | 배송 60/71 | 재적재 10 | 중계율 0.25 | alpha 1.797 | step_limit
Ep 96 | 드론3 목적지74 | 1000스텝 | 배송 54/74 | 재적재 10 | 중계율 0.24 | alpha 1.801 | step_limit
Ep 97 | 드론4 목적지47 | 1000스텝 | 배송 40/47 | 재적재  6 | 중계율 0.21 | alpha 1.737 | step_limit
Ep 98 | 드론4 목적지50 | 1000스텝 | 배송 48/50 | 재적재  8 | 중계율 0.32 | alpha 1.733 | step_limit
Ep 99 | 드론4 목적지35 | 1000스텝 | 배송 34/35 | 재적재  5 | 중계율 0.26 | alpha 1.741 | step_limit
Ep 100 | 드론3 목적지40 | 1000스텝 | 배송 39/40 | 재적재  7 | 중계율 0.27 | alpha 1.754 | step_limit
  [홀드아웃] 배송 50.0±0.3 완주 0.99 스텝 1089 점수 124.2 재적재 8.0 2홉+ 0.63 | 최고 124.8@ep50 정체 1/15
Ep 101 | 드론3 목적지23 |  508스텝 | 배송 23/23 | 재적재  3 | 중계율 0.22 | alpha 1.756 | complete
Ep 102 | 드론3 목적지21 |  636스텝 | 배송 21/21 | 재적재  4 | 중계율 0.26 | alpha 1.738 | complete
Ep 103 | 드론4 목적지72 | 1000스텝 | 배송 67/72 | 재적재 13 | 중계율 0.17 | alpha 1.729 | step_limit
Ep 104 | 드론3 목적지27 |  968스텝 | 배송 27/27 | 재적재  4 | 중계율 0.33 | alpha 1.708 | complete
Ep 105 | 드론3 목적지63 | 1000스텝 | 배송 51/63 | 재적재  9 | 중계율 0.14 | alpha 1.693 | step_limit
Ep 106 | 드론4 목적지58 |  655스텝 | 배송 58/58 | 재적재  9 | 중계율 0.22 | alpha 1.714 | complete
Ep 107 | 드론4 목적지75 | 1000스텝 | 배송 61/75 | 재적재 10 | 중계율 0.30 | alpha 1.714 | step_limit
Ep 108 | 드론3 목적지55 |  952스텝 | 배송 55/55 | 재적재 10 | 중계율 0.19 | alpha 1.710 | complete
Ep 109 | 드론4 목적지64 | 1000스텝 | 배송 54/64 | 재적재  9 | 중계율 0.24 | alpha 1.669 | step_limit
Ep 110 | 드론3 목적지55 | 1000스텝 | 배송 54/55 | 재적재  9 | 중계율 0.24 | alpha 1.641 | step_limit
Ep 111 | 드론4 목적지67 | 1000스텝 | 배송 53/67 | 재적재 10 | 중계율 0.26 | alpha 1.611 | step_limit
Ep 112 | 드론3 목적지46 |  832스텝 | 배송 46/46 | 재적재  9 | 중계율 0.22 | alpha 1.581 | complete
Ep 113 | 드론4 목적지43 |  913스텝 | 배송 43/43 | 재적재  7 | 중계율 0.18 | alpha 1.570 | complete
Ep 114 | 드론3 목적지80 | 1000스텝 | 배송 66/80 | 재적재 11 | 중계율 0.19 | alpha 1.584 | step_limit
Ep 115 | 드론4 목적지78 |  952스텝 | 배송 78/78 | 재적재 14 | 중계율 0.17 | alpha 1.602 | complete
Ep 116 | 드론4 목적지72 |  871스텝 | 배송 72/72 | 재적재 12 | 중계율 0.20 | alpha 1.600 | complete
Ep 117 | 드론3 목적지54 | 1000스텝 | 배송 49/54 | 재적재  9 | 중계율 0.19 | alpha 1.628 | step_limit
Ep 118 | 드론3 목적지63 | 1000스텝 | 배송 51/63 | 재적재 10 | 중계율 0.25 | alpha 1.652 | step_limit
Ep 119 | 드론4 목적지66 | 1000스텝 | 배송 61/66 | 재적재 12 | 중계율 0.23 | alpha 1.607 | step_limit
Ep 120 | 드론4 목적지70 |  979스텝 | 배송 70/70 | 재적재 13 | 중계율 0.26 | alpha 1.587 | complete
Ep 121 | 드론4 목적지45 |  696스텝 | 배송 45/45 | 재적재  8 | 중계율 0.24 | alpha 1.580 | complete
Ep 122 | 드론4 목적지26 |  554스텝 | 배송 26/26 | 재적재  3 | 중계율 0.33 | alpha 1.561 | complete
Ep 123 | 드론4 목적지30 |  713스텝 | 배송 30/30 | 재적재  4 | 중계율 0.28 | alpha 1.544 | complete
Ep 124 | 드론3 목적지80 | 1000스텝 | 배송 55/80 | 재적재 10 | 중계율 0.23 | alpha 1.520 | step_limit
Ep 125 | 드론4 목적지41 |  871스텝 | 배송 41/41 | 재적재  6 | 중계율 0.22 | alpha 1.516 | complete
Ep 126 | 드론3 목적지50 | 1000스텝 | 배송 45/50 | 재적재  8 | 중계율 0.26 | alpha 1.527 | step_limit
Ep 127 | 드론3 목적지37 |  927스텝 | 배송 37/37 | 재적재  7 | 중계율 0.26 | alpha 1.526 | complete
Ep 128 | 드론3 목적지42 | 1000스텝 | 배송 37/42 | 재적재  6 | 중계율 0.26 | alpha 1.559 | step_limit
Ep 129 | 드론4 목적지52 | 1000스텝 | 배송 50/52 | 재적재  7 | 중계율 0.21 | alpha 1.597 | step_limit
Ep 130 | 드론3 목적지40 | 1000스텝 | 배송 38/40 | 재적재  6 | 중계율 0.34 | alpha 1.599 | step_limit
Ep 131 | 드론3 목적지39 |  812스텝 | 배송 39/39 | 재적재  7 | 중계율 0.19 | alpha 1.610 | complete
Ep 132 | 드론4 목적지63 |  797스텝 | 배송 63/63 | 재적재 11 | 중계율 0.15 | alpha 1.645 | complete
Ep 133 | 드론3 목적지61 | 1000스텝 | 배송 54/61 | 재적재 10 | 중계율 0.19 | alpha 1.646 | step_limit
Ep 134 | 드론4 목적지22 |  267스텝 | 배송 22/22 | 재적재  3 | 중계율 0.15 | alpha 1.647 | complete
Ep 135 | 드론3 목적지20 |  596스텝 | 배송 20/20 | 재적재  3 | 중계율 0.35 | alpha 1.650 | complete
Ep 136 | 드론4 목적지57 | 1000스텝 | 배송 53/57 | 재적재  8 | 중계율 0.25 | alpha 1.666 | step_limit
Ep 137 | 드론3 목적지24 |  436스텝 | 배송 24/24 | 재적재  3 | 중계율 0.20 | alpha 1.655 | complete
Ep 138 | 드론4 목적지35 |  488스텝 | 배송 35/35 | 재적재  4 | 중계율 0.17 | alpha 1.647 | complete
Ep 139 | 드론3 목적지29 |  700스텝 | 배송 29/29 | 재적재  4 | 중계율 0.23 | alpha 1.634 | complete
Ep 140 | 드론3 목적지32 |  787스텝 | 배송 32/32 | 재적재  6 | 중계율 0.25 | alpha 1.615 | complete
Ep 141 | 드론3 목적지54 | 1000스텝 | 배송 47/54 | 재적재  8 | 중계율 0.16 | alpha 1.622 | step_limit
Ep 142 | 드론3 목적지42 | 1000스텝 | 배송 39/42 | 재적재  7 | 중계율 0.25 | alpha 1.572 | step_limit
Ep 143 | 드론3 목적지23 |  425스텝 | 배송 23/23 | 재적재  4 | 중계율 0.31 | alpha 1.559 | complete
Ep 144 | 드론3 목적지61 | 1000스텝 | 배송 57/61 | 재적재 11 | 중계율 0.22 | alpha 1.565 | step_limit
Ep 145 | 드론3 목적지64 | 1000스텝 | 배송 44/64 | 재적재  8 | 중계율 0.20 | alpha 1.575 | step_limit
Ep 146 | 드론3 목적지71 | 1000스텝 | 배송 66/71 | 재적재 12 | 중계율 0.17 | alpha 1.564 | step_limit
Ep 147 | 드론3 목적지48 |  824스텝 | 배송 48/48 | 재적재  8 | 중계율 0.18 | alpha 1.572 | complete
Ep 148 | 드론4 목적지36 |  704스텝 | 배송 36/36 | 재적재  6 | 중계율 0.33 | alpha 1.568 | complete
Ep 149 | 드론4 목적지40 |  450스텝 | 배송 40/40 | 재적재  6 | 중계율 0.11 | alpha 1.564 | complete
Ep 150 | 드론3 목적지26 |  825스텝 | 배송 26/26 | 재적재  4 | 중계율 0.25 | alpha 1.585 | complete
  [홀드아웃] 배송 49.9±1.1 완주 0.97 스텝 1044 점수 123.6 재적재 7.8 2홉+ 0.62 | 최고 124.8@ep50 정체 2/15
Ep 151 | 드론4 목적지70 | 1000스텝 | 배송 65/70 | 재적재 11 | 중계율 0.19 | alpha 1.604 | step_limit
Ep 152 | 드론4 목적지48 |  606스텝 | 배송 48/48 | 재적재  8 | 중계율 0.20 | alpha 1.608 | complete
Ep 153 | 드론4 목적지57 |  985스텝 | 배송 57/57 | 재적재 10 | 중계율 0.23 | alpha 1.624 | complete
Ep 154 | 드론4 목적지34 |  471스텝 | 배송 34/34 | 재적재  5 | 중계율 0.20 | alpha 1.633 | complete
Ep 155 | 드론4 목적지80 | 1000스텝 | 배송 68/80 | 재적재 12 | 중계율 0.24 | alpha 1.612 | step_limit
Ep 156 | 드론4 목적지59 |  790스텝 | 배송 59/59 | 재적재  9 | 중계율 0.25 | alpha 1.578 | complete
Ep 157 | 드론3 목적지42 | 1000스텝 | 배송 34/42 | 재적재  6 | 중계율 0.24 | alpha 1.568 | step_limit
Ep 158 | 드론4 목적지76 |  921스텝 | 배송 76/76 | 재적재 13 | 중계율 0.13 | alpha 1.548 | complete
Ep 159 | 드론4 목적지47 |  540스텝 | 배송 47/47 | 재적재  7 | 중계율 0.19 | alpha 1.546 | complete
Ep 160 | 드론3 목적지62 | 1000스텝 | 배송 60/62 | 재적재  9 | 중계율 0.23 | alpha 1.509 | step_limit
Ep 161 | 드론3 목적지31 |  665스텝 | 배송 31/31 | 재적재  5 | 중계율 0.20 | alpha 1.497 | complete
Ep 162 | 드론3 목적지26 |  605스텝 | 배송 26/26 | 재적재  4 | 중계율 0.25 | alpha 1.475 | complete
Ep 163 | 드론4 목적지21 |  761스텝 | 배송 21/21 | 재적재  2 | 중계율 0.43 | alpha 1.466 | complete
Ep 164 | 드론4 목적지79 | 1000스텝 | 배송 63/79 | 재적재 11 | 중계율 0.24 | alpha 1.440 | step_limit
Ep 165 | 드론4 목적지47 |  730스텝 | 배송 47/47 | 재적재  7 | 중계율 0.20 | alpha 1.421 | complete
Ep 166 | 드론3 목적지77 | 1000스텝 | 배송 70/77 | 재적재 13 | 중계율 0.16 | alpha 1.380 | step_limit
Ep 167 | 드론4 목적지77 | 1000스텝 | 배송 58/77 | 재적재  9 | 중계율 0.29 | alpha 1.335 | step_limit
Ep 168 | 드론4 목적지29 |  563스텝 | 배송 29/29 | 재적재  2 | 중계율 0.27 | alpha 1.324 | complete
Ep 169 | 드론4 목적지59 |  899스텝 | 배송 59/59 | 재적재 10 | 중계율 0.30 | alpha 1.279 | complete
Ep 170 | 드론3 목적지74 | 1000스텝 | 배송 55/74 | 재적재  9 | 중계율 0.22 | alpha 1.271 | step_limit
Ep 171 | 드론4 목적지34 |  428스텝 | 배송 34/34 | 재적재  5 | 중계율 0.14 | alpha 1.249 | complete
Ep 172 | 드론3 목적지43 |  868스텝 | 배송 43/43 | 재적재  8 | 중계율 0.27 | alpha 1.248 | complete
Ep 173 | 드론3 목적지35 |  816스텝 | 배송 35/35 | 재적재  6 | 중계율 0.21 | alpha 1.256 | complete
Ep 174 | 드론4 목적지43 |  571스텝 | 배송 43/43 | 재적재  7 | 중계율 0.16 | alpha 1.257 | complete
Ep 175 | 드론4 목적지30 |  702스텝 | 배송 30/30 | 재적재  4 | 중계율 0.36 | alpha 1.256 | complete
Ep 176 | 드론4 목적지29 |  885스텝 | 배송 29/29 | 재적재  3 | 중계율 0.37 | alpha 1.240 | complete
Ep 177 | 드론3 목적지45 |  965스텝 | 배송 45/45 | 재적재  8 | 중계율 0.23 | alpha 1.243 | complete
Ep 178 | 드론3 목적지20 |  512스텝 | 배송 20/20 | 재적재  2 | 중계율 0.26 | alpha 1.252 | complete
Ep 179 | 드론4 목적지66 | 1000스텝 | 배송 60/66 | 재적재 10 | 중계율 0.29 | alpha 1.287 | step_limit
Ep 180 | 드론4 목적지22 |  582스텝 | 배송 22/22 | 재적재  3 | 중계율 0.22 | alpha 1.292 | complete
Ep 181 | 드론4 목적지77 |  979스텝 | 배송 77/77 | 재적재 12 | 중계율 0.26 | alpha 1.308 | complete
Ep 182 | 드론3 목적지74 | 1000스텝 | 배송 62/74 | 재적재 11 | 중계율 0.17 | alpha 1.320 | step_limit
Ep 183 | 드론4 목적지40 |  676스텝 | 배송 40/40 | 재적재  7 | 중계율 0.17 | alpha 1.324 | complete
Ep 184 | 드론3 목적지77 | 1000스텝 | 배송 64/77 | 재적재 10 | 중계율 0.19 | alpha 1.322 | step_limit
Ep 185 | 드론4 목적지72 | 1000스텝 | 배송 63/72 | 재적재 11 | 중계율 0.23 | alpha 1.306 | step_limit
Ep 186 | 드론4 목적지74 |  829스텝 | 배송 74/74 | 재적재 13 | 중계율 0.16 | alpha 1.300 | complete
Ep 187 | 드론3 목적지65 | 1000스텝 | 배송 62/65 | 재적재 10 | 중계율 0.23 | alpha 1.276 | step_limit
Ep 188 | 드론3 목적지80 | 1000스텝 | 배송 56/80 | 재적재 10 | 중계율 0.27 | alpha 1.279 | step_limit
Ep 189 | 드론4 목적지55 |  743스텝 | 배송 55/55 | 재적재  9 | 중계율 0.27 | alpha 1.264 | complete
Ep 190 | 드론3 목적지36 |  752스텝 | 배송 36/36 | 재적재  6 | 중계율 0.24 | alpha 1.250 | complete
Ep 191 | 드론3 목적지28 |  581스텝 | 배송 28/28 | 재적재  3 | 중계율 0.22 | alpha 1.237 | complete
Ep 192 | 드론4 목적지74 |  876스텝 | 배송 74/74 | 재적재 13 | 중계율 0.20 | alpha 1.217 | complete
Ep 193 | 드론3 목적지61 | 1000스텝 | 배송 50/61 | 재적재  8 | 중계율 0.24 | alpha 1.207 | step_limit
Ep 194 | 드론4 목적지73 |  825스텝 | 배송 73/73 | 재적재 13 | 중계율 0.19 | alpha 1.208 | complete
Ep 195 | 드론4 목적지69 | 1000스텝 | 배송 65/69 | 재적재 11 | 중계율 0.27 | alpha 1.201 | step_limit
Ep 196 | 드론3 목적지47 |  914스텝 | 배송 47/47 | 재적재  8 | 중계율 0.16 | alpha 1.185 | complete
Ep 197 | 드론4 목적지27 |  484스텝 | 배송 27/27 | 재적재  3 | 중계율 0.30 | alpha 1.184 | complete
Ep 198 | 드론3 목적지56 |  956스텝 | 배송 56/56 | 재적재 10 | 중계율 0.16 | alpha 1.201 | complete
Ep 199 | 드론3 목적지57 | 1000스텝 | 배송 47/57 | 재적재  8 | 중계율 0.24 | alpha 1.208 | step_limit
Ep 200 | 드론4 목적지64 | 1000스텝 | 배송 57/64 | 재적재  9 | 중계율 0.25 | alpha 1.217 | step_limit
  [홀드아웃] 배송 50.0±0.0 완주 1.00 스텝 1042 점수 126.1 재적재 8.2 2홉+ 0.62 | 최고 126.1@ep200 정체 0/15  ← 갱신
Ep 201 | 드론4 목적지38 |  956스텝 | 배송 38/38 | 재적재  6 | 중계율 0.37 | alpha 1.233 | complete
Ep 202 | 드론3 목적지32 |  655스텝 | 배송 32/32 | 재적재  5 | 중계율 0.30 | alpha 1.247 | complete
Ep 203 | 드론3 목적지23 |  453스텝 | 배송 23/23 | 재적재  3 | 중계율 0.14 | alpha 1.242 | complete
Ep 204 | 드론3 목적지38 |  777스텝 | 배송 38/38 | 재적재  6 | 중계율 0.13 | alpha 1.248 | complete
Ep 205 | 드론3 목적지27 |  531스텝 | 배송 27/27 | 재적재  5 | 중계율 0.21 | alpha 1.246 | complete
Ep 206 | 드론3 목적지58 | 1000스텝 | 배송 49/58 | 재적재  8 | 중계율 0.27 | alpha 1.232 | step_limit
Ep 207 | 드론3 목적지52 | 1000스텝 | 배송 45/52 | 재적재  9 | 중계율 0.28 | alpha 1.203 | step_limit
Ep 208 | 드론3 목적지60 | 1000스텝 | 배송 45/60 | 재적재  8 | 중계율 0.26 | alpha 1.206 | step_limit
Ep 209 | 드론3 목적지72 | 1000스텝 | 배송 57/72 | 재적재  9 | 중계율 0.23 | alpha 1.210 | step_limit
Ep 210 | 드론4 목적지39 |  632스텝 | 배송 39/39 | 재적재  6 | 중계율 0.17 | alpha 1.204 | complete
Ep 211 | 드론3 목적지55 |  930스텝 | 배송 55/55 | 재적재  9 | 중계율 0.27 | alpha 1.205 | complete
Ep 212 | 드론3 목적지62 | 1000스텝 | 배송 55/62 | 재적재 10 | 중계율 0.19 | alpha 1.214 | step_limit
Ep 213 | 드론4 목적지77 |  886스텝 | 배송 77/77 | 재적재 15 | 중계율 0.14 | alpha 1.237 | complete
Ep 214 | 드론3 목적지44 |  830스텝 | 배송 44/44 | 재적재  7 | 중계율 0.21 | alpha 1.237 | complete
Ep 215 | 드론3 목적지49 |  968스텝 | 배송 49/49 | 재적재  9 | 중계율 0.30 | alpha 1.221 | complete
Ep 216 | 드론4 목적지29 |  610스텝 | 배송 29/29 | 재적재  3 | 중계율 0.39 | alpha 1.226 | complete
Ep 217 | 드론4 목적지36 |  482스텝 | 배송 36/36 | 재적재  6 | 중계율 0.16 | alpha 1.230 | complete
Ep 218 | 드론4 목적지55 |  705스텝 | 배송 55/55 | 재적재  9 | 중계율 0.16 | alpha 1.225 | complete
Ep 219 | 드론3 목적지35 | 1000스텝 | 배송 35/35 | 재적재  6 | 중계율 0.24 | alpha 1.191 | complete
Ep 220 | 드론4 목적지73 |  984스텝 | 배송 73/73 | 재적재 13 | 중계율 0.19 | alpha 1.163 | complete
Ep 221 | 드론4 목적지25 |  550스텝 | 배송 25/25 | 재적재  3 | 중계율 0.34 | alpha 1.156 | complete
Ep 222 | 드론3 목적지30 |  608스텝 | 배송 30/30 | 재적재  4 | 중계율 0.18 | alpha 1.137 | complete
Ep 223 | 드론3 목적지45 | 1000스텝 | 배송 39/45 | 재적재  6 | 중계율 0.30 | alpha 1.111 | step_limit
Ep 224 | 드론4 목적지76 | 1000스텝 | 배송 62/76 | 재적재 11 | 중계율 0.29 | alpha 1.112 | step_limit
Ep 225 | 드론4 목적지70 |  879스텝 | 배송 70/70 | 재적재 12 | 중계율 0.21 | alpha 1.088 | complete
Ep 226 | 드론4 목적지73 |  829스텝 | 배송 73/73 | 재적재 13 | 중계율 0.15 | alpha 1.073 | complete
Ep 227 | 드론4 목적지56 |  700스텝 | 배송 56/56 | 재적재  9 | 중계율 0.16 | alpha 1.058 | complete
Ep 228 | 드론4 목적지24 |  398스텝 | 배송 24/24 | 재적재  2 | 중계율 0.26 | alpha 1.053 | complete
Ep 229 | 드론3 목적지32 |  682스텝 | 배송 32/32 | 재적재  5 | 중계율 0.24 | alpha 1.039 | complete
Ep 230 | 드론3 목적지62 | 1000스텝 | 배송 61/62 | 재적재 10 | 중계율 0.20 | alpha 1.007 | step_limit
Ep 231 | 드론3 목적지27 |  513스텝 | 배송 27/27 | 재적재  4 | 중계율 0.26 | alpha 1.000 | complete
Ep 232 | 드론4 목적지27 |  828스텝 | 배송 27/27 | 재적재  5 | 중계율 0.43 | alpha 0.993 | complete
Ep 233 | 드론4 목적지58 | 1000스텝 | 배송 55/58 | 재적재  9 | 중계율 0.23 | alpha 0.983 | step_limit
Ep 234 | 드론3 목적지56 | 1000스텝 | 배송 40/56 | 재적재  7 | 중계율 0.14 | alpha 1.013 | step_limit
Ep 235 | 드론3 목적지49 |  917스텝 | 배송 49/49 | 재적재  8 | 중계율 0.27 | alpha 1.025 | complete
Ep 236 | 드론4 목적지71 | 1000스텝 | 배송 71/71 | 재적재 12 | 중계율 0.22 | alpha 1.028 | complete
Ep 237 | 드론4 목적지77 |  899스텝 | 배송 77/77 | 재적재 14 | 중계율 0.19 | alpha 1.021 | complete
Ep 238 | 드론4 목적지27 |  434스텝 | 배송 27/27 | 재적재  4 | 중계율 0.16 | alpha 1.018 | complete
Ep 239 | 드론4 목적지37 |  637스텝 | 배송 37/37 | 재적재  6 | 중계율 0.33 | alpha 1.006 | complete
Ep 240 | 드론4 목적지70 |  819스텝 | 배송 70/70 | 재적재 12 | 중계율 0.18 | alpha 0.997 | complete
Ep 241 | 드론3 목적지46 | 1000스텝 | 배송 45/46 | 재적재  8 | 중계율 0.26 | alpha 0.992 | step_limit
Ep 242 | 드론4 목적지65 |  991스텝 | 배송 65/65 | 재적재 12 | 중계율 0.16 | alpha 0.964 | complete
Ep 243 | 드론4 목적지39 |  621스텝 | 배송 39/39 | 재적재  5 | 중계율 0.26 | alpha 0.955 | complete
Ep 244 | 드론3 목적지51 |  910스텝 | 배송 51/51 | 재적재  9 | 중계율 0.29 | alpha 0.956 | complete
Ep 245 | 드론3 목적지52 | 1000스텝 | 배송 46/52 | 재적재  8 | 중계율 0.35 | alpha 0.976 | step_limit
Ep 246 | 드론4 목적지54 |  598스텝 | 배송 54/54 | 재적재  9 | 중계율 0.20 | alpha 0.978 | complete
Ep 247 | 드론4 목적지69 |  772스텝 | 배송 69/69 | 재적재 11 | 중계율 0.22 | alpha 0.972 | complete
Ep 248 | 드론3 목적지77 | 1000스텝 | 배송 67/77 | 재적재 13 | 중계율 0.24 | alpha 0.976 | step_limit
Ep 249 | 드론4 목적지70 |  849스텝 | 배송 70/70 | 재적재 11 | 중계율 0.17 | alpha 0.986 | complete
Ep 250 | 드론3 목적지51 | 1000스텝 | 배송 48/51 | 재적재  8 | 중계율 0.25 | alpha 0.995 | step_limit
  [홀드아웃] 배송 49.6±3.0 완주 0.96 스텝 958 점수 123.5 재적재 7.7 2홉+ 0.62 | 최고 126.1@ep200 정체 1/15
Ep 251 | 드론4 목적지33 |  545스텝 | 배송 33/33 | 재적재  5 | 중계율 0.23 | alpha 0.995 | complete
Ep 252 | 드론3 목적지25 |  630스텝 | 배송 25/25 | 재적재  3 | 중계율 0.26 | alpha 0.991 | complete
Ep 253 | 드론4 목적지49 |  987스텝 | 배송 49/49 | 재적재  9 | 중계율 0.36 | alpha 1.001 | complete
Ep 254 | 드론4 목적지26 |  395스텝 | 배송 26/26 | 재적재  3 | 중계율 0.20 | alpha 1.007 | complete
Ep 255 | 드론3 목적지38 |  776스텝 | 배송 38/38 | 재적재  6 | 중계율 0.25 | alpha 1.003 | complete
Ep 256 | 드론3 목적지27 |  652스텝 | 배송 27/27 | 재적재  4 | 중계율 0.33 | alpha 0.990 | complete
Ep 257 | 드론3 목적지44 |  889스텝 | 배송 44/44 | 재적재  8 | 중계율 0.24 | alpha 0.985 | complete
Ep 258 | 드론4 목적지73 |  877스텝 | 배송 73/73 | 재적재 13 | 중계율 0.24 | alpha 0.980 | complete
Ep 259 | 드론4 목적지65 |  745스텝 | 배송 65/65 | 재적재 11 | 중계율 0.19 | alpha 0.979 | complete
Ep 260 | 드론4 목적지49 |  670스텝 | 배송 49/49 | 재적재  7 | 중계율 0.26 | alpha 0.979 | complete
Ep 261 | 드론4 목적지21 |  583스텝 | 배송 21/21 | 재적재  3 | 중계율 0.33 | alpha 0.978 | complete
Ep 262 | 드론3 목적지69 | 1000스텝 | 배송 65/69 | 재적재 11 | 중계율 0.19 | alpha 0.957 | step_limit
Ep 263 | 드론3 목적지40 | 1000스텝 | 배송 29/40 | 재적재  5 | 중계율 0.27 | alpha 0.949 | step_limit
Ep 264 | 드론4 목적지35 |  524스텝 | 배송 35/35 | 재적재  5 | 중계율 0.25 | alpha 0.953 | complete
Ep 265 | 드론4 목적지52 |  559스텝 | 배송 52/52 | 재적재  8 | 중계율 0.15 | alpha 0.955 | complete
Ep 266 | 드론3 목적지33 |  463스텝 | 배송 33/33 | 재적재  6 | 중계율 0.11 | alpha 0.950 | complete
Ep 267 | 드론4 목적지32 |  605스텝 | 배송 32/32 | 재적재  5 | 중계율 0.31 | alpha 0.932 | complete
Ep 268 | 드론3 목적지39 |  835스텝 | 배송 39/39 | 재적재  7 | 중계율 0.25 | alpha 0.925 | complete
Ep 269 | 드론4 목적지71 |  839스텝 | 배송 71/71 | 재적재 12 | 중계율 0.20 | alpha 0.931 | complete
Ep 270 | 드론3 목적지56 | 1000스텝 | 배송 48/56 | 재적재  8 | 중계율 0.29 | alpha 0.942 | step_limit
Ep 271 | 드론4 목적지66 | 1000스텝 | 배송 60/66 | 재적재 10 | 중계율 0.22 | alpha 0.946 | step_limit
Ep 272 | 드론3 목적지33 |  632스텝 | 배송 33/33 | 재적재  6 | 중계율 0.12 | alpha 0.948 | complete
Ep 273 | 드론4 목적지75 | 1000스텝 | 배송 70/75 | 재적재 11 | 중계율 0.22 | alpha 0.956 | step_limit
Ep 274 | 드론3 목적지63 |  917스텝 | 배송 63/63 | 재적재 11 | 중계율 0.24 | alpha 0.955 | complete
Ep 275 | 드론3 목적지46 |  985스텝 | 배송 46/46 | 재적재  7 | 중계율 0.31 | alpha 0.958 | complete
Ep 276 | 드론4 목적지62 | 1000스텝 | 배송 38/62 | 재적재  6 | 중계율 0.29 | alpha 0.948 | step_limit
Ep 277 | 드론4 목적지35 |  561스텝 | 배송 35/35 | 재적재  6 | 중계율 0.27 | alpha 0.938 | complete
Ep 278 | 드론3 목적지79 | 1000스텝 | 배송 68/79 | 재적재 13 | 중계율 0.19 | alpha 0.937 | step_limit
Ep 279 | 드론3 목적지50 |  958스텝 | 배송 50/50 | 재적재  9 | 중계율 0.24 | alpha 0.922 | complete
Ep 280 | 드론3 목적지71 | 1000스텝 | 배송 61/71 | 재적재 11 | 중계율 0.24 | alpha 0.899 | step_limit
Ep 281 | 드론4 목적지52 |  876스텝 | 배송 52/52 | 재적재  9 | 중계율 0.24 | alpha 0.892 | complete
Ep 282 | 드론3 목적지55 | 1000스텝 | 배송 51/55 | 재적재  8 | 중계율 0.22 | alpha 0.888 | step_limit
Ep 283 | 드론3 목적지44 |  910스텝 | 배송 44/44 | 재적재  8 | 중계율 0.21 | alpha 0.879 | complete
Ep 284 | 드론4 목적지61 |  945스텝 | 배송 61/61 | 재적재 11 | 중계율 0.26 | alpha 0.880 | complete
Ep 285 | 드론4 목적지61 | 1000스텝 | 배송 58/61 | 재적재 10 | 중계율 0.22 | alpha 0.886 | step_limit
Ep 286 | 드론4 목적지35 |  532스텝 | 배송 35/35 | 재적재  5 | 중계율 0.20 | alpha 0.881 | complete
Ep 287 | 드론4 목적지42 |  809스텝 | 배송 42/42 | 재적재  8 | 중계율 0.25 | alpha 0.871 | complete
Ep 288 | 드론3 목적지26 |  730스텝 | 배송 26/26 | 재적재  3 | 중계율 0.35 | alpha 0.865 | complete
Ep 289 | 드론4 목적지71 |  812스텝 | 배송 71/71 | 재적재 13 | 중계율 0.21 | alpha 0.856 | complete
Ep 290 | 드론3 목적지34 |  843스텝 | 배송 34/34 | 재적재  5 | 중계율 0.22 | alpha 0.866 | complete
Ep 291 | 드론4 목적지70 | 1000스텝 | 배송 59/70 | 재적재 10 | 중계율 0.22 | alpha 0.855 | step_limit
Ep 292 | 드론4 목적지25 |  319스텝 | 배송 25/25 | 재적재  4 | 중계율 0.20 | alpha 0.854 | complete
Ep 293 | 드론4 목적지78 | 1000스텝 | 배송 74/78 | 재적재 14 | 중계율 0.26 | alpha 0.826 | step_limit
Ep 294 | 드론3 목적지63 | 1000스텝 | 배송 51/63 | 재적재  9 | 중계율 0.21 | alpha 0.812 | step_limit
Ep 295 | 드론3 목적지40 |  965스텝 | 배송 40/40 | 재적재  6 | 중계율 0.22 | alpha 0.786 | complete
Ep 296 | 드론3 목적지78 | 1000스텝 | 배송 61/78 | 재적재 11 | 중계율 0.20 | alpha 0.760 | step_limit
Ep 297 | 드론3 목적지76 | 1000스텝 | 배송 74/76 | 재적재 13 | 중계율 0.12 | alpha 0.745 | step_limit
Ep 298 | 드론4 목적지42 |  488스텝 | 배송 42/42 | 재적재  6 | 중계율 0.17 | alpha 0.744 | complete
Ep 299 | 드론4 목적지34 |  883스텝 | 배송 34/34 | 재적재  5 | 중계율 0.35 | alpha 0.745 | complete
Ep 300 | 드론4 목적지73 | 1000스텝 | 배송 62/73 | 재적재 10 | 중계율 0.24 | alpha 0.746 | step_limit
  [홀드아웃] 배송 50.0±0.1 완주 0.99 스텝 975 점수 125.8 재적재 8.0 2홉+ 0.61 | 최고 126.1@ep200 정체 2/15
Ep 301 | 드론4 목적지74 |  957스텝 | 배송 74/74 | 재적재 14 | 중계율 0.18 | alpha 0.736 | complete
Ep 302 | 드론3 목적지56 |  867스텝 | 배송 56/56 | 재적재  9 | 중계율 0.22 | alpha 0.741 | complete
Ep 303 | 드론4 목적지24 |  352스텝 | 배송 24/24 | 재적재  4 | 중계율 0.26 | alpha 0.741 | complete
Ep 304 | 드론4 목적지67 |  907스텝 | 배송 67/67 | 재적재 11 | 중계율 0.32 | alpha 0.745 | complete
Ep 305 | 드론3 목적지69 | 1000스텝 | 배송 60/69 | 재적재 11 | 중계율 0.26 | alpha 0.757 | step_limit
Ep 306 | 드론3 목적지30 |  523스텝 | 배송 30/30 | 재적재  4 | 중계율 0.23 | alpha 0.762 | complete
Ep 307 | 드론4 목적지46 |  607스텝 | 배송 46/46 | 재적재  7 | 중계율 0.18 | alpha 0.758 | complete
Ep 308 | 드론3 목적지45 | 1000스텝 | 배송 42/45 | 재적재  8 | 중계율 0.19 | alpha 0.746 | step_limit
Ep 309 | 드론4 목적지80 | 1000스텝 | 배송 74/80 | 재적재 12 | 중계율 0.27 | alpha 0.750 | step_limit
Ep 310 | 드론3 목적지26 |  640스텝 | 배송 26/26 | 재적재  4 | 중계율 0.24 | alpha 0.757 | complete
Ep 311 | 드론3 목적지52 |  926스텝 | 배송 52/52 | 재적재  9 | 중계율 0.21 | alpha 0.760 | complete
Ep 312 | 드론3 목적지42 |  776스텝 | 배송 42/42 | 재적재  7 | 중계율 0.28 | alpha 0.760 | complete
Ep 313 | 드론3 목적지60 | 1000스텝 | 배송 55/60 | 재적재  9 | 중계율 0.27 | alpha 0.770 | step_limit
Ep 314 | 드론3 목적지78 | 1000스텝 | 배송 57/78 | 재적재 11 | 중계율 0.21 | alpha 0.772 | step_limit
Ep 315 | 드론4 목적지51 |  993스텝 | 배송 51/51 | 재적재  9 | 중계율 0.38 | alpha 0.773 | complete
Ep 316 | 드론4 목적지58 |  694스텝 | 배송 58/58 | 재적재 10 | 중계율 0.21 | alpha 0.782 | complete
Ep 317 | 드론4 목적지75 | 1000스텝 | 배송 72/75 | 재적재 13 | 중계율 0.24 | alpha 0.778 | step_limit
Ep 318 | 드론4 목적지56 | 1000스텝 | 배송 52/56 | 재적재  8 | 중계율 0.33 | alpha 0.777 | step_limit
Ep 319 | 드론3 목적지69 | 1000스텝 | 배송 37/69 | 재적재  7 | 중계율 0.21 | alpha 0.758 | step_limit
Ep 320 | 드론4 목적지45 |  672스텝 | 배송 45/45 | 재적재  7 | 중계율 0.30 | alpha 0.746 | complete
Ep 321 | 드론4 목적지28 |  399스텝 | 배송 28/28 | 재적재  4 | 중계율 0.25 | alpha 0.747 | complete
Ep 322 | 드론4 목적지59 |  743스텝 | 배송 59/59 | 재적재  9 | 중계율 0.15 | alpha 0.743 | complete
Ep 323 | 드론3 목적지44 | 1000스텝 | 배송 40/44 | 재적재  7 | 중계율 0.31 | alpha 0.732 | step_limit
Ep 324 | 드론3 목적지25 |  464스텝 | 배송 25/25 | 재적재  3 | 중계율 0.16 | alpha 0.730 | complete
Ep 325 | 드론4 목적지65 |  916스텝 | 배송 65/65 | 재적재 12 | 중계율 0.22 | alpha 0.724 | complete
Ep 326 | 드론3 목적지31 | 1000스텝 | 배송 30/31 | 재적재  5 | 중계율 0.35 | alpha 0.716 | step_limit
Ep 327 | 드론4 목적지67 | 1000스텝 | 배송 65/67 | 재적재 10 | 중계율 0.22 | alpha 0.710 | step_limit
Ep 328 | 드론3 목적지65 | 1000스텝 | 배송 59/65 | 재적재 11 | 중계율 0.17 | alpha 0.697 | step_limit
Ep 329 | 드론4 목적지33 |  987스텝 | 배송 33/33 | 재적재  6 | 중계율 0.35 | alpha 0.701 | complete
Ep 330 | 드론4 목적지76 |  940스텝 | 배송 76/76 | 재적재 14 | 중계율 0.24 | alpha 0.709 | complete
Ep 331 | 드론3 목적지76 | 1000스텝 | 배송 65/76 | 재적재 11 | 중계율 0.28 | alpha 0.687 | step_limit
Ep 332 | 드론4 목적지75 |  900스텝 | 배송 75/75 | 재적재 13 | 중계율 0.22 | alpha 0.672 | complete
Ep 333 | 드론3 목적지26 |  942스텝 | 배송 26/26 | 재적재  4 | 중계율 0.32 | alpha 0.671 | complete
Ep 334 | 드론3 목적지63 | 1000스텝 | 배송 52/63 | 재적재 10 | 중계율 0.17 | alpha 0.665 | step_limit
Ep 335 | 드론4 목적지28 |  466스텝 | 배송 28/28 | 재적재  4 | 중계율 0.27 | alpha 0.665 | complete
Ep 336 | 드론3 목적지54 | 1000스텝 | 배송 50/54 | 재적재  9 | 중계율 0.21 | alpha 0.664 | step_limit
Ep 337 | 드론3 목적지65 | 1000스텝 | 배송 59/65 | 재적재  9 | 중계율 0.32 | alpha 0.647 | step_limit
Ep 338 | 드론3 목적지68 | 1000스텝 | 배송 53/68 | 재적재 10 | 중계율 0.27 | alpha 0.634 | step_limit
Ep 339 | 드론4 목적지47 |  690스텝 | 배송 47/47 | 재적재  7 | 중계율 0.17 | alpha 0.629 | complete
Ep 340 | 드론3 목적지73 | 1000스텝 | 배송 60/73 | 재적재 12 | 중계율 0.29 | alpha 0.619 | step_limit
Ep 341 | 드론3 목적지64 | 1000스텝 | 배송 55/64 | 재적재  9 | 중계율 0.31 | alpha 0.618 | step_limit
Ep 342 | 드론3 목적지26 |  482스텝 | 배송 26/26 | 재적재  4 | 중계율 0.17 | alpha 0.617 | complete
Ep 343 | 드론4 목적지58 | 1000스텝 | 배송 47/58 | 재적재  9 | 중계율 0.29 | alpha 0.613 | step_limit
Ep 344 | 드론4 목적지23 |  356스텝 | 배송 23/23 | 재적재  3 | 중계율 0.15 | alpha 0.607 | complete
Ep 345 | 드론4 목적지53 |  909스텝 | 배송 53/53 | 재적재  8 | 중계율 0.30 | alpha 0.598 | complete
Ep 346 | 드론3 목적지21 |  477스텝 | 배송 21/21 | 재적재  3 | 중계율 0.29 | alpha 0.592 | complete
Ep 347 | 드론4 목적지39 |  515스텝 | 배송 39/39 | 재적재  6 | 중계율 0.23 | alpha 0.581 | complete
Ep 348 | 드론4 목적지46 |  569스텝 | 배송 46/46 | 재적재  8 | 중계율 0.18 | alpha 0.572 | complete
Ep 349 | 드론4 목적지37 |  525스텝 | 배송 37/37 | 재적재  6 | 중계율 0.28 | alpha 0.563 | complete
Ep 350 | 드론3 목적지42 | 1000스텝 | 배송 40/42 | 재적재  7 | 중계율 0.31 | alpha 0.544 | step_limit
  [홀드아웃] 배송 50.0±0.3 완주 0.97 스텝 963 점수 124.7 재적재 8.0 2홉+ 0.62 | 최고 126.1@ep200 정체 3/15
Ep 351 | 드론4 목적지54 |  821스텝 | 배송 54/54 | 재적재 10 | 중계율 0.23 | alpha 0.539 | complete
Ep 352 | 드론4 목적지69 | 1000스텝 | 배송 67/69 | 재적재 13 | 중계율 0.29 | alpha 0.534 | step_limit
Ep 353 | 드론3 목적지44 |  765스텝 | 배송 44/44 | 재적재  8 | 중계율 0.21 | alpha 0.528 | complete
Ep 354 | 드론3 목적지49 |  994스텝 | 배송 49/49 | 재적재  8 | 중계율 0.28 | alpha 0.530 | complete
Ep 355 | 드론3 목적지28 |  443스텝 | 배송 28/28 | 재적재  3 | 중계율 0.25 | alpha 0.528 | complete
Ep 356 | 드론3 목적지79 | 1000스텝 | 배송 74/79 | 재적재 13 | 중계율 0.17 | alpha 0.514 | step_limit
Ep 357 | 드론4 목적지71 |  827스텝 | 배송 71/71 | 재적재 12 | 중계율 0.14 | alpha 0.510 | complete
Ep 358 | 드론3 목적지30 |  555스텝 | 배송 30/30 | 재적재  4 | 중계율 0.30 | alpha 0.503 | complete
Ep 359 | 드론3 목적지74 | 1000스텝 | 배송 51/74 | 재적재  9 | 중계율 0.14 | alpha 0.497 | step_limit
Ep 360 | 드론4 목적지47 |  716스텝 | 배송 47/47 | 재적재  9 | 중계율 0.25 | alpha 0.495 | complete
Ep 361 | 드론3 목적지43 |  666스텝 | 배송 43/43 | 재적재  7 | 중계율 0.24 | alpha 0.489 | complete
Ep 362 | 드론4 목적지78 | 1000스텝 | 배송 75/78 | 재적재 14 | 중계율 0.22 | alpha 0.483 | step_limit
Ep 363 | 드론4 목적지70 |  763스텝 | 배송 70/70 | 재적재 12 | 중계율 0.15 | alpha 0.483 | complete
Ep 364 | 드론3 목적지64 | 1000스텝 | 배송 60/64 | 재적재 10 | 중계율 0.27 | alpha 0.484 | step_limit
Ep 365 | 드론3 목적지63 | 1000스텝 | 배송 55/63 | 재적재 10 | 중계율 0.32 | alpha 0.480 | step_limit
Ep 366 | 드론3 목적지44 |  977스텝 | 배송 44/44 | 재적재  7 | 중계율 0.33 | alpha 0.487 | complete
Ep 367 | 드론4 목적지38 |  614스텝 | 배송 38/38 | 재적재  6 | 중계율 0.29 | alpha 0.489 | complete
Ep 368 | 드론3 목적지37 |  795스텝 | 배송 37/37 | 재적재  6 | 중계율 0.17 | alpha 0.484 | complete
Ep 369 | 드론3 목적지42 |  954스텝 | 배송 42/42 | 재적재  7 | 중계율 0.26 | alpha 0.478 | complete
Ep 370 | 드론3 목적지70 | 1000스텝 | 배송 61/70 | 재적재 11 | 중계율 0.23 | alpha 0.465 | step_limit
Ep 371 | 드론3 목적지40 |  927스텝 | 배송 40/40 | 재적재  6 | 중계율 0.27 | alpha 0.455 | complete
Ep 372 | 드론4 목적지29 |  389스텝 | 배송 29/29 | 재적재  4 | 중계율 0.18 | alpha 0.450 | complete
Ep 373 | 드론3 목적지79 | 1000스텝 | 배송 65/79 | 재적재 12 | 중계율 0.20 | alpha 0.436 | step_limit
Ep 374 | 드론3 목적지40 |  783스텝 | 배송 40/40 | 재적재  6 | 중계율 0.34 | alpha 0.429 | complete
Ep 375 | 드론3 목적지28 |  491스텝 | 배송 28/28 | 재적재  5 | 중계율 0.21 | alpha 0.426 | complete
Ep 376 | 드론3 목적지40 | 1000스텝 | 배송 39/40 | 재적재  7 | 중계율 0.39 | alpha 0.414 | step_limit
Ep 377 | 드론3 목적지72 | 1000스텝 | 배송 60/72 | 재적재 10 | 중계율 0.31 | alpha 0.411 | step_limit
Ep 378 | 드론4 목적지61 |  841스텝 | 배송 61/61 | 재적재 10 | 중계율 0.23 | alpha 0.409 | complete
Ep 379 | 드론4 목적지68 | 1000스텝 | 배송 65/68 | 재적재 12 | 중계율 0.30 | alpha 0.408 | step_limit
Ep 380 | 드론3 목적지24 |  567스텝 | 배송 24/24 | 재적재  4 | 중계율 0.32 | alpha 0.409 | complete
Ep 381 | 드론3 목적지52 | 1000스텝 | 배송 49/52 | 재적재  8 | 중계율 0.31 | alpha 0.408 | step_limit
Ep 382 | 드론4 목적지35 |  585스텝 | 배송 35/35 | 재적재  5 | 중계율 0.25 | alpha 0.404 | complete
Ep 383 | 드론3 목적지47 |  973스텝 | 배송 47/47 | 재적재  8 | 중계율 0.34 | alpha 0.400 | complete
Ep 384 | 드론3 목적지28 |  449스텝 | 배송 28/28 | 재적재  5 | 중계율 0.24 | alpha 0.393 | complete
Ep 385 | 드론4 목적지70 | 1000스텝 | 배송 70/70 | 재적재 13 | 중계율 0.27 | alpha 0.382 | complete
Ep 386 | 드론4 목적지71 |  906스텝 | 배송 71/71 | 재적재 12 | 중계율 0.20 | alpha 0.370 | complete
Ep 387 | 드론3 목적지49 |  876스텝 | 배송 49/49 | 재적재  9 | 중계율 0.19 | alpha 0.360 | complete
Ep 388 | 드론3 목적지21 |  730스텝 | 배송 21/21 | 재적재  2 | 중계율 0.31 | alpha 0.358 | complete
Ep 389 | 드론4 목적지60 |  852스텝 | 배송 60/60 | 재적재 11 | 중계율 0.15 | alpha 0.351 | complete
Ep 390 | 드론4 목적지30 |  518스텝 | 배송 30/30 | 재적재  4 | 중계율 0.31 | alpha 0.346 | complete
Ep 391 | 드론3 목적지51 |  927스텝 | 배송 51/51 | 재적재  9 | 중계율 0.15 | alpha 0.338 | complete
Ep 392 | 드론3 목적지39 |  927스텝 | 배송 39/39 | 재적재  7 | 중계율 0.33 | alpha 0.329 | complete
Ep 393 | 드론4 목적지73 |  767스텝 | 배송 73/73 | 재적재 12 | 중계율 0.13 | alpha 0.324 | complete
Ep 394 | 드론3 목적지32 |  863스텝 | 배송 32/32 | 재적재  5 | 중계율 0.36 | alpha 0.320 | complete
Ep 395 | 드론4 목적지70 |  818스텝 | 배송 70/70 | 재적재 12 | 중계율 0.16 | alpha 0.316 | complete
Ep 396 | 드론4 목적지28 |  360스텝 | 배송 28/28 | 재적재  4 | 중계율 0.16 | alpha 0.313 | complete
Ep 397 | 드론3 목적지39 |  790스텝 | 배송 39/39 | 재적재  7 | 중계율 0.28 | alpha 0.304 | complete
Ep 398 | 드론3 목적지40 |  751스텝 | 배송 40/40 | 재적재  7 | 중계율 0.26 | alpha 0.295 | complete
Ep 399 | 드론3 목적지51 |  966스텝 | 배송 51/51 | 재적재  9 | 중계율 0.29 | alpha 0.285 | complete
Ep 400 | 드론3 목적지79 | 1000스텝 | 배송 61/79 | 재적재 12 | 중계율 0.29 | alpha 0.277 | step_limit
  [홀드아웃] 배송 49.9±1.0 완주 0.96 스텝 968 점수 123.3 재적재 8.1 2홉+ 0.61 | 최고 126.1@ep200 정체 4/15
Ep 401 | 드론3 목적지63 | 1000스텝 | 배송 58/63 | 재적재 10 | 중계율 0.28 | alpha 0.273 | step_limit
Ep 402 | 드론3 목적지32 |  678스텝 | 배송 32/32 | 재적재  6 | 중계율 0.24 | alpha 0.272 | complete
Ep 403 | 드론3 목적지76 | 1000스텝 | 배송 65/76 | 재적재 11 | 중계율 0.21 | alpha 0.272 | step_limit
Ep 404 | 드론4 목적지23 |  336스텝 | 배송 23/23 | 재적재  4 | 중계율 0.18 | alpha 0.272 | complete
Ep 405 | 드론3 목적지67 | 1000스텝 | 배송 50/67 | 재적재 10 | 중계율 0.30 | alpha 0.268 | step_limit
Ep 406 | 드론3 목적지48 |  701스텝 | 배송 48/48 | 재적재  8 | 중계율 0.24 | alpha 0.266 | complete
Ep 407 | 드론3 목적지72 | 1000스텝 | 배송 65/72 | 재적재 12 | 중계율 0.27 | alpha 0.262 | step_limit
Ep 408 | 드론4 목적지79 | 1000스텝 | 배송 74/79 | 재적재 14 | 중계율 0.27 | alpha 0.258 | step_limit
Ep 409 | 드론4 목적지28 |  385스텝 | 배송 28/28 | 재적재  4 | 중계율 0.12 | alpha 0.257 | complete
Ep 410 | 드론4 목적지46 |  854스텝 | 배송 46/46 | 재적재  8 | 중계율 0.28 | alpha 0.256 | complete
Ep 411 | 드론4 목적지69 | 1000스텝 | 배송 65/69 | 재적재 11 | 중계율 0.35 | alpha 0.259 | step_limit
Ep 412 | 드론3 목적지47 |  937스텝 | 배송 47/47 | 재적재  8 | 중계율 0.25 | alpha 0.261 | complete
Ep 413 | 드론4 목적지45 |  649스텝 | 배송 45/45 | 재적재  8 | 중계율 0.28 | alpha 0.262 | complete
Ep 414 | 드론3 목적지76 | 1000스텝 | 배송 62/76 | 재적재 11 | 중계율 0.23 | alpha 0.265 | step_limit
Ep 415 | 드론3 목적지79 | 1000스텝 | 배송 70/79 | 재적재 12 | 중계율 0.25 | alpha 0.269 | step_limit
Ep 416 | 드론3 목적지20 |  575스텝 | 배송 20/20 | 재적재  3 | 중계율 0.21 | alpha 0.269 | complete
Ep 417 | 드론3 목적지45 |  813스텝 | 배송 45/45 | 재적재  8 | 중계율 0.21 | alpha 0.277 | complete
Ep 418 | 드론3 목적지75 | 1000스텝 | 배송 69/75 | 재적재 12 | 중계율 0.25 | alpha 0.284 | step_limit
Ep 419 | 드론4 목적지78 | 1000스텝 | 배송 70/78 | 재적재 12 | 중계율 0.33 | alpha 0.290 | step_limit
Ep 420 | 드론4 목적지33 |  515스텝 | 배송 33/33 | 재적재  5 | 중계율 0.23 | alpha 0.294 | complete
Ep 421 | 드론3 목적지62 | 1000스텝 | 배송 60/62 | 재적재 10 | 중계율 0.32 | alpha 0.301 | step_limit
Ep 422 | 드론4 목적지51 | 1000스텝 | 배송 49/51 | 재적재  8 | 중계율 0.35 | alpha 0.307 | step_limit
Ep 423 | 드론3 목적지44 |  824스텝 | 배송 44/44 | 재적재  8 | 중계율 0.32 | alpha 0.309 | complete
Ep 424 | 드론3 목적지33 |  644스텝 | 배송 33/33 | 재적재  5 | 중계율 0.34 | alpha 0.312 | complete
Ep 425 | 드론3 목적지33 | 1000스텝 | 배송 32/33 | 재적재  5 | 중계율 0.16 | alpha 0.324 | step_limit
Ep 426 | 드론4 목적지24 |  423스텝 | 배송 24/24 | 재적재  4 | 중계율 0.17 | alpha 0.330 | complete
Ep 427 | 드론3 목적지64 | 1000스텝 | 배송 56/64 | 재적재 10 | 중계율 0.32 | alpha 0.340 | step_limit
Ep 428 | 드론4 목적지53 |  889스텝 | 배송 53/53 | 재적재  7 | 중계율 0.33 | alpha 0.349 | complete
Ep 429 | 드론3 목적지36 | 1000스텝 | 배송 30/36 | 재적재  5 | 중계율 0.31 | alpha 0.356 | step_limit
Ep 430 | 드론4 목적지48 |  997스텝 | 배송 48/48 | 재적재  9 | 중계율 0.32 | alpha 0.353 | complete
Ep 431 | 드론3 목적지56 | 1000스텝 | 배송 44/56 | 재적재  7 | 중계율 0.33 | alpha 0.354 | step_limit
Ep 432 | 드론3 목적지45 |  672스텝 | 배송 45/45 | 재적재  7 | 중계율 0.22 | alpha 0.356 | complete
Ep 433 | 드론4 목적지25 |  733스텝 | 배송 25/25 | 재적재  4 | 중계율 0.36 | alpha 0.358 | complete
Ep 434 | 드론3 목적지58 | 1000스텝 | 배송 57/58 | 재적재 11 | 중계율 0.31 | alpha 0.361 | step_limit
Ep 435 | 드론3 목적지72 | 1000스텝 | 배송 50/72 | 재적재  9 | 중계율 0.32 | alpha 0.360 | step_limit
Ep 436 | 드론3 목적지71 | 1000스텝 | 배송 61/71 | 재적재 11 | 중계율 0.18 | alpha 0.362 | step_limit
Ep 437 | 드론3 목적지53 |  966스텝 | 배송 53/53 | 재적재 10 | 중계율 0.30 | alpha 0.363 | complete
Ep 438 | 드론4 목적지31 |  819스텝 | 배송 31/31 | 재적재  5 | 중계율 0.33 | alpha 0.364 | complete
Ep 439 | 드론4 목적지77 | 1000스텝 | 배송 73/77 | 재적재 13 | 중계율 0.23 | alpha 0.363 | step_limit
Ep 440 | 드론3 목적지73 | 1000스텝 | 배송 61/73 | 재적재 11 | 중계율 0.28 | alpha 0.365 | step_limit
Ep 441 | 드론4 목적지27 |  322스텝 | 배송 27/27 | 재적재  4 | 중계율 0.14 | alpha 0.366 | complete
Ep 442 | 드론3 목적지20 |  486스텝 | 배송 20/20 | 재적재  3 | 중계율 0.24 | alpha 0.372 | complete
Ep 443 | 드론4 목적지73 |  831스텝 | 배송 73/73 | 재적재 12 | 중계율 0.14 | alpha 0.377 | complete
Ep 444 | 드론3 목적지56 |  782스텝 | 배송 56/56 | 재적재 10 | 중계율 0.20 | alpha 0.376 | complete
Ep 445 | 드론4 목적지20 |  327스텝 | 배송 20/20 | 재적재  2 | 중계율 0.26 | alpha 0.376 | complete
Ep 446 | 드론3 목적지26 |  700스텝 | 배송 26/26 | 재적재  4 | 중계율 0.22 | alpha 0.375 | complete
Ep 447 | 드론3 목적지41 |  636스텝 | 배송 41/41 | 재적재  7 | 중계율 0.16 | alpha 0.376 | complete
Ep 448 | 드론4 목적지73 |  809스텝 | 배송 73/73 | 재적재 13 | 중계율 0.22 | alpha 0.371 | complete
Ep 449 | 드론3 목적지56 | 1000스텝 | 배송 54/56 | 재적재 10 | 중계율 0.26 | alpha 0.371 | step_limit
Ep 450 | 드론3 목적지35 |  688스텝 | 배송 35/35 | 재적재  5 | 중계율 0.31 | alpha 0.365 | complete
  [홀드아웃] 배송 49.6±2.3 완주 0.96 스텝 944 점수 123.7 재적재 8.4 2홉+ 0.61 | 최고 126.1@ep200 정체 5/15
Ep 451 | 드론4 목적지77 |  855스텝 | 배송 77/77 | 재적재 14 | 중계율 0.13 | alpha 0.358 | complete
Ep 452 | 드론3 목적지22 |  577스텝 | 배송 22/22 | 재적재  4 | 중계율 0.27 | alpha 0.353 | complete
Ep 453 | 드론4 목적지47 |  654스텝 | 배송 47/47 | 재적재  9 | 중계율 0.19 | alpha 0.352 | complete
Ep 454 | 드론4 목적지72 |  983스텝 | 배송 72/72 | 재적재 12 | 중계율 0.28 | alpha 0.346 | complete
Ep 455 | 드론4 목적지63 |  923스텝 | 배송 63/63 | 재적재 10 | 중계율 0.31 | alpha 0.338 | complete
Ep 456 | 드론3 목적지73 | 1000스텝 | 배송 63/73 | 재적재 11 | 중계율 0.20 | alpha 0.328 | step_limit
Ep 457 | 드론4 목적지36 |  705스텝 | 배송 36/36 | 재적재  7 | 중계율 0.33 | alpha 0.325 | complete
Ep 458 | 드론4 목적지78 |  988스텝 | 배송 78/78 | 재적재 15 | 중계율 0.21 | alpha 0.321 | complete
Ep 459 | 드론4 목적지45 |  854스텝 | 배송 45/45 | 재적재  7 | 중계율 0.35 | alpha 0.315 | complete
Ep 460 | 드론3 목적지70 | 1000스텝 | 배송 61/70 | 재적재 11 | 중계율 0.29 | alpha 0.311 | step_limit
Ep 461 | 드론3 목적지39 |  614스텝 | 배송 39/39 | 재적재  6 | 중계율 0.25 | alpha 0.310 | complete
Ep 462 | 드론4 목적지62 |  864스텝 | 배송 62/62 | 재적재 11 | 중계율 0.26 | alpha 0.312 | complete
Ep 463 | 드론3 목적지67 | 1000스텝 | 배송 66/67 | 재적재 12 | 중계율 0.26 | alpha 0.315 | step_limit
Ep 464 | 드론3 목적지33 |  844스텝 | 배송 33/33 | 재적재  5 | 중계율 0.20 | alpha 0.318 | complete
Ep 465 | 드론4 목적지80 | 1000스텝 | 배송 72/80 | 재적재 13 | 중계율 0.31 | alpha 0.315 | step_limit
Ep 466 | 드론4 목적지42 |  524스텝 | 배송 42/42 | 재적재  6 | 중계율 0.20 | alpha 0.317 | complete
Ep 467 | 드론3 목적지63 | 1000스텝 | 배송 59/63 | 재적재 11 | 중계율 0.23 | alpha 0.316 | step_limit
Ep 468 | 드론3 목적지78 | 1000스텝 | 배송 64/78 | 재적재 12 | 중계율 0.26 | alpha 0.313 | step_limit
Ep 469 | 드론4 목적지48 |  592스텝 | 배송 48/48 | 재적재  9 | 중계율 0.16 | alpha 0.314 | complete
Ep 470 | 드론4 목적지70 |  814스텝 | 배송 70/70 | 재적재 11 | 중계율 0.26 | alpha 0.316 | complete
Ep 471 | 드론3 목적지24 |  487스텝 | 배송 24/24 | 재적재  4 | 중계율 0.20 | alpha 0.317 | complete
Ep 472 | 드론4 목적지62 | 1000스텝 | 배송 61/62 | 재적재 11 | 중계율 0.20 | alpha 0.324 | step_limit
Ep 473 | 드론3 목적지30 |  503스텝 | 배송 30/30 | 재적재  4 | 중계율 0.24 | alpha 0.323 | complete
Ep 474 | 드론3 목적지37 |  817스텝 | 배송 37/37 | 재적재  6 | 중계율 0.26 | alpha 0.325 | complete
Ep 475 | 드론3 목적지71 | 1000스텝 | 배송 65/71 | 재적재 11 | 중계율 0.26 | alpha 0.333 | step_limit
Ep 476 | 드론3 목적지29 |  468스텝 | 배송 29/29 | 재적재  4 | 중계율 0.24 | alpha 0.334 | complete
Ep 477 | 드론3 목적지36 |  654스텝 | 배송 36/36 | 재적재  6 | 중계율 0.32 | alpha 0.338 | complete
Ep 478 | 드론3 목적지52 | 1000스텝 | 배송 46/52 | 재적재  8 | 중계율 0.29 | alpha 0.347 | step_limit
Ep 479 | 드론4 목적지75 | 1000스텝 | 배송 72/75 | 재적재 13 | 중계율 0.30 | alpha 0.354 | step_limit
Ep 480 | 드론4 목적지64 |  802스텝 | 배송 64/64 | 재적재 12 | 중계율 0.20 | alpha 0.361 | complete
Ep 481 | 드론3 목적지70 | 1000스텝 | 배송 61/70 | 재적재 12 | 중계율 0.29 | alpha 0.373 | step_limit
Ep 482 | 드론4 목적지39 |  708스텝 | 배송 39/39 | 재적재  7 | 중계율 0.24 | alpha 0.382 | complete
Ep 483 | 드론4 목적지51 | 1000스텝 | 배송 50/51 | 재적재  9 | 중계율 0.31 | alpha 0.389 | step_limit
Ep 484 | 드론4 목적지43 |  816스텝 | 배송 43/43 | 재적재  8 | 중계율 0.28 | alpha 0.398 | complete
Ep 485 | 드론3 목적지36 | 1000스텝 | 배송 35/36 | 재적재  7 | 중계율 0.32 | alpha 0.394 | step_limit
Ep 486 | 드론3 목적지53 |  740스텝 | 배송 53/53 | 재적재  8 | 중계율 0.22 | alpha 0.400 | complete
Ep 487 | 드론4 목적지34 |  468스텝 | 배송 34/34 | 재적재  4 | 중계율 0.26 | alpha 0.402 | complete
Ep 488 | 드론3 목적지73 | 1000스텝 | 배송 61/73 | 재적재 12 | 중계율 0.27 | alpha 0.400 | step_limit
Ep 489 | 드론4 목적지52 |  818스텝 | 배송 52/52 | 재적재  8 | 중계율 0.23 | alpha 0.404 | complete
Ep 490 | 드론4 목적지40 |  509스텝 | 배송 40/40 | 재적재  5 | 중계율 0.22 | alpha 0.406 | complete
Ep 491 | 드론3 목적지47 |  879스텝 | 배송 47/47 | 재적재  8 | 중계율 0.18 | alpha 0.407 | complete
Ep 492 | 드론3 목적지71 | 1000스텝 | 배송 56/71 | 재적재  9 | 중계율 0.25 | alpha 0.413 | step_limit
Ep 493 | 드론3 목적지46 |  743스텝 | 배송 46/46 | 재적재  7 | 중계율 0.23 | alpha 0.409 | complete
Ep 494 | 드론3 목적지47 |  931스텝 | 배송 47/47 | 재적재  8 | 중계율 0.30 | alpha 0.407 | complete
Ep 495 | 드론3 목적지45 |  937스텝 | 배송 45/45 | 재적재  7 | 중계율 0.32 | alpha 0.407 | complete
Ep 496 | 드론4 목적지65 |  732스텝 | 배송 65/65 | 재적재 11 | 중계율 0.22 | alpha 0.404 | complete
Ep 497 | 드론3 목적지35 |  618스텝 | 배송 35/35 | 재적재  6 | 중계율 0.16 | alpha 0.402 | complete
Ep 498 | 드론4 목적지39 |  928스텝 | 배송 39/39 | 재적재  6 | 중계율 0.40 | alpha 0.401 | complete
Ep 499 | 드론4 목적지28 |  411스텝 | 배송 28/28 | 재적재  3 | 중계율 0.24 | alpha 0.400 | complete
Ep 500 | 드론3 목적지49 | 1000스텝 | 배송 43/49 | 재적재  7 | 중계율 0.33 | alpha 0.398 | step_limit
  [홀드아웃] 배송 49.7±2.6 완주 0.99 스텝 913 점수 126.6 재적재 8.0 2홉+ 0.61 | 최고 126.6@ep500 정체 0/15  ← 갱신
Ep 501 | 드론4 목적지26 |  634스텝 | 배송 26/26 | 재적재  4 | 중계율 0.31 | alpha 0.400 | complete
Ep 502 | 드론4 목적지69 | 1000스텝 | 배송 64/69 | 재적재 12 | 중계율 0.16 | alpha 0.402 | step_limit
Ep 503 | 드론4 목적지44 |  713스텝 | 배송 44/44 | 재적재  8 | 중계율 0.23 | alpha 0.406 | complete
Ep 504 | 드론4 목적지34 |  693스텝 | 배송 34/34 | 재적재  5 | 중계율 0.31 | alpha 0.404 | complete
Ep 505 | 드론4 목적지77 | 1000스텝 | 배송 52/77 | 재적재  9 | 중계율 0.38 | alpha 0.407 | step_limit
Ep 506 | 드론4 목적지55 |  612스텝 | 배송 55/55 | 재적재  9 | 중계율 0.15 | alpha 0.409 | complete
Ep 507 | 드론3 목적지61 |  886스텝 | 배송 61/61 | 재적재 11 | 중계율 0.16 | alpha 0.408 | complete
Ep 508 | 드론3 목적지24 |  514스텝 | 배송 24/24 | 재적재  3 | 중계율 0.20 | alpha 0.412 | complete
Ep 509 | 드론3 목적지48 | 1000스텝 | 배송 46/48 | 재적재  8 | 중계율 0.34 | alpha 0.417 | step_limit
Ep 510 | 드론4 목적지71 | 1000스텝 | 배송 62/71 | 재적재 11 | 중계율 0.27 | alpha 0.412 | step_limit
Ep 511 | 드론4 목적지39 |  768스텝 | 배송 39/39 | 재적재  7 | 중계율 0.33 | alpha 0.411 | complete
Ep 512 | 드론4 목적지29 |  399스텝 | 배송 29/29 | 재적재  4 | 중계율 0.17 | alpha 0.410 | complete
Ep 513 | 드론4 목적지46 |  736스텝 | 배송 46/46 | 재적재  8 | 중계율 0.26 | alpha 0.411 | complete
Ep 514 | 드론3 목적지49 | 1000스텝 | 배송 47/49 | 재적재  8 | 중계율 0.31 | alpha 0.404 | step_limit
Ep 515 | 드론3 목적지70 | 1000스텝 | 배송 53/70 | 재적재 10 | 중계율 0.24 | alpha 0.403 | step_limit
Ep 516 | 드론4 목적지63 | 1000스텝 | 배송 61/63 | 재적재 10 | 중계율 0.36 | alpha 0.406 | step_limit
Ep 517 | 드론4 목적지44 |  740스텝 | 배송 44/44 | 재적재  8 | 중계율 0.32 | alpha 0.409 | complete
Ep 518 | 드론3 목적지57 | 1000스텝 | 배송 51/57 | 재적재  9 | 중계율 0.36 | alpha 0.411 | step_limit
Ep 519 | 드론4 목적지34 |  513스텝 | 배송 34/34 | 재적재  6 | 중계율 0.27 | alpha 0.415 | complete
Ep 520 | 드론3 목적지68 | 1000스텝 | 배송 63/68 | 재적재 11 | 중계율 0.19 | alpha 0.419 | step_limit
Ep 521 | 드론4 목적지71 | 1000스텝 | 배송 68/71 | 재적재 11 | 중계율 0.31 | alpha 0.417 | step_limit
Ep 522 | 드론3 목적지72 | 1000스텝 | 배송 65/72 | 재적재 11 | 중계율 0.26 | alpha 0.422 | step_limit
Ep 523 | 드론3 목적지27 |  577스텝 | 배송 27/27 | 재적재  5 | 중계율 0.23 | alpha 0.419 | complete
Ep 524 | 드론3 목적지37 |  812스텝 | 배송 37/37 | 재적재  6 | 중계율 0.40 | alpha 0.415 | complete
Ep 525 | 드론3 목적지79 | 1000스텝 | 배송 66/79 | 재적재 12 | 중계율 0.26 | alpha 0.416 | step_limit
Ep 526 | 드론3 목적지39 |  902스텝 | 배송 39/39 | 재적재  5 | 중계율 0.33 | alpha 0.413 | complete
Ep 527 | 드론3 목적지42 |  775스텝 | 배송 42/42 | 재적재  7 | 중계율 0.33 | alpha 0.408 | complete
Ep 528 | 드론3 목적지51 | 1000스텝 | 배송 50/51 | 재적재  8 | 중계율 0.23 | alpha 0.391 | step_limit
Ep 529 | 드론3 목적지21 |  458스텝 | 배송 21/21 | 재적재  2 | 중계율 0.22 | alpha 0.386 | complete
Ep 530 | 드론4 목적지34 |  481스텝 | 배송 34/34 | 재적재  5 | 중계율 0.25 | alpha 0.384 | complete
Ep 531 | 드론4 목적지64 |  968스텝 | 배송 64/64 | 재적재 10 | 중계율 0.27 | alpha 0.379 | complete
Ep 532 | 드론4 목적지78 |  888스텝 | 배송 78/78 | 재적재 13 | 중계율 0.14 | alpha 0.374 | complete
Ep 533 | 드론4 목적지68 | 1000스텝 | 배송 64/68 | 재적재 12 | 중계율 0.26 | alpha 0.366 | step_limit
Ep 534 | 드론3 목적지25 |  457스텝 | 배송 25/25 | 재적재  3 | 중계율 0.26 | alpha 0.362 | complete
Ep 535 | 드론3 목적지25 | 1000스텝 | 배송 24/25 | 재적재  4 | 중계율 0.33 | alpha 0.354 | step_limit
Ep 536 | 드론4 목적지71 | 1000스텝 | 배송 70/71 | 재적재 13 | 중계율 0.24 | alpha 0.344 | step_limit
Ep 537 | 드론4 목적지31 |  489스텝 | 배송 31/31 | 재적재  4 | 중계율 0.30 | alpha 0.342 | complete
Ep 538 | 드론4 목적지55 |  826스텝 | 배송 55/55 | 재적재 10 | 중계율 0.28 | alpha 0.337 | complete
Ep 539 | 드론3 목적지46 |  821스텝 | 배송 46/46 | 재적재  8 | 중계율 0.24 | alpha 0.335 | complete
Ep 540 | 드론4 목적지50 |  562스텝 | 배송 50/50 | 재적재  8 | 중계율 0.17 | alpha 0.336 | complete
Ep 541 | 드론4 목적지25 |  377스텝 | 배송 25/25 | 재적재  3 | 중계율 0.16 | alpha 0.335 | complete
Ep 542 | 드론4 목적지65 |  791스텝 | 배송 65/65 | 재적재 11 | 중계율 0.21 | alpha 0.332 | complete
Ep 543 | 드론3 목적지32 |  524스텝 | 배송 32/32 | 재적재  5 | 중계율 0.16 | alpha 0.335 | complete
Ep 544 | 드론4 목적지60 |  902스텝 | 배송 60/60 | 재적재 11 | 중계율 0.20 | alpha 0.334 | complete
Ep 545 | 드론3 목적지74 | 1000스텝 | 배송 63/74 | 재적재 11 | 중계율 0.25 | alpha 0.337 | step_limit
Ep 546 | 드론3 목적지45 |  941스텝 | 배송 45/45 | 재적재  7 | 중계율 0.31 | alpha 0.343 | complete
Ep 547 | 드론3 목적지37 |  675스텝 | 배송 37/37 | 재적재  6 | 중계율 0.15 | alpha 0.345 | complete
Ep 548 | 드론3 목적지63 |  999스텝 | 배송 63/63 | 재적재 12 | 중계율 0.23 | alpha 0.347 | complete
Ep 549 | 드론4 목적지55 |  712스텝 | 배송 55/55 | 재적재  9 | 중계율 0.22 | alpha 0.346 | complete
Ep 550 | 드론4 목적지30 |  514스텝 | 배송 30/30 | 재적재  3 | 중계율 0.25 | alpha 0.347 | complete
  [홀드아웃] 배송 49.7±2.2 완주 0.96 스텝 994 점수 123.0 재적재 8.1 2홉+ 0.61 | 최고 126.6@ep500 정체 1/15
Ep 551 | 드론4 목적지33 |  356스텝 | 배송 33/33 | 재적재  4 | 중계율 0.11 | alpha 0.349 | complete
Ep 552 | 드론4 목적지71 |  869스텝 | 배송 71/71 | 재적재 12 | 중계율 0.17 | alpha 0.348 | complete
Ep 553 | 드론4 목적지68 |  827스텝 | 배송 68/68 | 재적재 11 | 중계율 0.23 | alpha 0.348 | complete
Ep 554 | 드론3 목적지74 | 1000스텝 | 배송 65/74 | 재적재 11 | 중계율 0.24 | alpha 0.352 | step_limit
Ep 555 | 드론4 목적지59 |  994스텝 | 배송 59/59 | 재적재  9 | 중계율 0.37 | alpha 0.354 | complete
Ep 556 | 드론4 목적지41 |  744스텝 | 배송 41/41 | 재적재  7 | 중계율 0.32 | alpha 0.355 | complete
Ep 557 | 드론3 목적지71 | 1000스텝 | 배송 65/71 | 재적재 11 | 중계율 0.19 | alpha 0.364 | step_limit
Ep 558 | 드론4 목적지50 |  674스텝 | 배송 50/50 | 재적재  8 | 중계율 0.15 | alpha 0.362 | complete
Ep 559 | 드론4 목적지57 |  748스텝 | 배송 57/57 | 재적재 10 | 중계율 0.25 | alpha 0.365 | complete
Ep 560 | 드론4 목적지42 |  683스텝 | 배송 42/42 | 재적재  6 | 중계율 0.15 | alpha 0.370 | complete
Ep 561 | 드론4 목적지27 |  536스텝 | 배송 27/27 | 재적재  4 | 중계율 0.29 | alpha 0.368 | complete
Ep 562 | 드론4 목적지47 |  794스텝 | 배송 47/47 | 재적재  7 | 중계율 0.31 | alpha 0.373 | complete
Ep 563 | 드론3 목적지78 | 1000스텝 | 배송 65/78 | 재적재 11 | 중계율 0.25 | alpha 0.375 | step_limit
Ep 564 | 드론4 목적지30 |  525스텝 | 배송 30/30 | 재적재  4 | 중계율 0.19 | alpha 0.379 | complete
Ep 565 | 드론4 목적지22 |  415스텝 | 배송 22/22 | 재적재  4 | 중계율 0.19 | alpha 0.381 | complete
Ep 566 | 드론3 목적지49 |  802스텝 | 배송 49/49 | 재적재  9 | 중계율 0.25 | alpha 0.387 | complete
Ep 567 | 드론3 목적지78 | 1000스텝 | 배송 60/78 | 재적재 11 | 중계율 0.29 | alpha 0.393 | step_limit
Ep 568 | 드론4 목적지67 | 1000스텝 | 배송 60/67 | 재적재 12 | 중계율 0.36 | alpha 0.393 | step_limit
Ep 569 | 드론4 목적지70 |  891스텝 | 배송 70/70 | 재적재 13 | 중계율 0.23 | alpha 0.399 | complete
Ep 570 | 드론3 목적지72 | 1000스텝 | 배송 60/72 | 재적재 10 | 중계율 0.18 | alpha 0.400 | step_limit
Ep 571 | 드론4 목적지49 |  631스텝 | 배송 49/49 | 재적재  9 | 중계율 0.20 | alpha 0.401 | complete
Ep 572 | 드론4 목적지75 | 1000스텝 | 배송 72/75 | 재적재 13 | 중계율 0.22 | alpha 0.403 | step_limit
Ep 573 | 드론4 목적지66 |  880스텝 | 배송 66/66 | 재적재 11 | 중계율 0.20 | alpha 0.403 | complete
Ep 574 | 드론4 목적지44 |  483스텝 | 배송 44/44 | 재적재  6 | 중계율 0.25 | alpha 0.405 | complete
Ep 575 | 드론4 목적지78 |  881스텝 | 배송 78/78 | 재적재 13 | 중계율 0.19 | alpha 0.408 | complete
Ep 576 | 드론3 목적지69 | 1000스텝 | 배송 56/69 | 재적재 11 | 중계율 0.28 | alpha 0.408 | step_limit
Ep 577 | 드론4 목적지24 |  429스텝 | 배송 24/24 | 재적재  2 | 중계율 0.22 | alpha 0.407 | complete
Ep 578 | 드론4 목적지32 |  698스텝 | 배송 32/32 | 재적재  5 | 중계율 0.17 | alpha 0.404 | complete
Ep 579 | 드론4 목적지26 |  320스텝 | 배송 26/26 | 재적재  4 | 중계율 0.15 | alpha 0.403 | complete
Ep 580 | 드론4 목적지60 |  768스텝 | 배송 60/60 | 재적재 10 | 중계율 0.21 | alpha 0.401 | complete
Ep 581 | 드론3 목적지47 |  984스텝 | 배송 47/47 | 재적재  9 | 중계율 0.32 | alpha 0.399 | complete
Ep 582 | 드론3 목적지36 |  650스텝 | 배송 36/36 | 재적재  5 | 중계율 0.26 | alpha 0.396 | complete
Ep 583 | 드론4 목적지65 |  895스텝 | 배송 65/65 | 재적재 12 | 중계율 0.25 | alpha 0.393 | complete
Ep 584 | 드론3 목적지54 | 1000스텝 | 배송 50/54 | 재적재  8 | 중계율 0.30 | alpha 0.393 | step_limit
Ep 585 | 드론4 목적지72 | 1000스텝 | 배송 71/72 | 재적재 11 | 중계율 0.32 | alpha 0.395 | step_limit
Ep 586 | 드론4 목적지37 |  551스텝 | 배송 37/37 | 재적재  5 | 중계율 0.30 | alpha 0.397 | complete
Ep 587 | 드론3 목적지49 | 1000스텝 | 배송 48/49 | 재적재  8 | 중계율 0.30 | alpha 0.393 | step_limit
Ep 588 | 드론3 목적지57 | 1000스텝 | 배송 54/57 | 재적재  9 | 중계율 0.28 | alpha 0.388 | step_limit
Ep 589 | 드론3 목적지50 |  982스텝 | 배송 50/50 | 재적재  8 | 중계율 0.20 | alpha 0.384 | complete
Ep 590 | 드론3 목적지47 | 1000스텝 | 배송 43/47 | 재적재  8 | 중계율 0.26 | alpha 0.379 | step_limit
Ep 591 | 드론4 목적지64 | 1000스텝 | 배송 57/64 | 재적재  9 | 중계율 0.34 | alpha 0.374 | step_limit
Ep 592 | 드론4 목적지22 |  634스텝 | 배송 22/22 | 재적재  3 | 중계율 0.25 | alpha 0.373 | complete
Ep 593 | 드론4 목적지51 |  792스텝 | 배송 51/51 | 재적재  9 | 중계율 0.23 | alpha 0.371 | complete
Ep 594 | 드론3 목적지40 |  735스텝 | 배송 40/40 | 재적재  6 | 중계율 0.28 | alpha 0.368 | complete
Ep 595 | 드론4 목적지26 |  653스텝 | 배송 26/26 | 재적재  4 | 중계율 0.32 | alpha 0.364 | complete
Ep 596 | 드론4 목적지26 |  322스텝 | 배송 26/26 | 재적재  3 | 중계율 0.17 | alpha 0.362 | complete
Ep 597 | 드론3 목적지21 |  436스텝 | 배송 21/21 | 재적재  2 | 중계율 0.36 | alpha 0.359 | complete
Ep 598 | 드론3 목적지23 |  520스텝 | 배송 23/23 | 재적재  4 | 중계율 0.29 | alpha 0.360 | complete
Ep 599 | 드론3 목적지77 | 1000스텝 | 배송 61/77 | 재적재 11 | 중계율 0.28 | alpha 0.359 | step_limit
Ep 600 | 드론4 목적지68 | 1000스텝 | 배송 55/68 | 재적재 11 | 중계율 0.36 | alpha 0.358 | step_limit
  [홀드아웃] 배송 49.9±0.8 완주 0.99 스텝 938 점수 126.2 재적재 8.3 2홉+ 0.60 | 최고 126.6@ep500 정체 2/15
Ep 601 | 드론3 목적지20 |  443스텝 | 배송 20/20 | 재적재  3 | 중계율 0.30 | alpha 0.356 | complete
Ep 602 | 드론4 목적지72 |  856스텝 | 배송 72/72 | 재적재 14 | 중계율 0.19 | alpha 0.355 | complete
Ep 603 | 드론4 목적지60 |  699스텝 | 배송 60/60 | 재적재 11 | 중계율 0.18 | alpha 0.357 | complete
Ep 604 | 드론4 목적지68 |  939스텝 | 배송 68/68 | 재적재 11 | 중계율 0.14 | alpha 0.356 | complete
Ep 605 | 드론3 목적지73 | 1000스텝 | 배송 60/73 | 재적재 10 | 중계율 0.27 | alpha 0.359 | step_limit
Ep 606 | 드론4 목적지51 |  914스텝 | 배송 51/51 | 재적재 10 | 중계율 0.31 | alpha 0.355 | complete
Ep 607 | 드론3 목적지48 |  857스텝 | 배송 48/48 | 재적재  8 | 중계율 0.27 | alpha 0.353 | complete
Ep 608 | 드론4 목적지67 |  678스텝 | 배송 67/67 | 재적재 12 | 중계율 0.15 | alpha 0.353 | complete
Ep 609 | 드론3 목적지51 |  985스텝 | 배송 51/51 | 재적재  9 | 중계율 0.33 | alpha 0.353 | complete
Ep 610 | 드론3 목적지72 | 1000스텝 | 배송 71/72 | 재적재 13 | 중계율 0.13 | alpha 0.361 | step_limit
Ep 611 | 드론3 목적지77 | 1000스텝 | 배송 66/77 | 재적재 11 | 중계율 0.22 | alpha 0.368 | step_limit
Ep 612 | 드론3 목적지42 |  953스텝 | 배송 42/42 | 재적재  8 | 중계율 0.35 | alpha 0.376 | complete
Ep 613 | 드론3 목적지40 |  729스텝 | 배송 40/40 | 재적재  6 | 중계율 0.20 | alpha 0.378 | complete
Ep 614 | 드론3 목적지42 | 1000스텝 | 배송 40/42 | 재적재  6 | 중계율 0.31 | alpha 0.377 | step_limit
Ep 615 | 드론3 목적지80 | 1000스텝 | 배송 70/80 | 재적재 13 | 중계율 0.14 | alpha 0.382 | step_limit
Ep 616 | 드론4 목적지26 |  416스텝 | 배송 26/26 | 재적재  4 | 중계율 0.24 | alpha 0.384 | complete
Ep 617 | 드론4 목적지75 | 1000스텝 | 배송 72/75 | 재적재 13 | 중계율 0.25 | alpha 0.387 | step_limit
Ep 618 | 드론3 목적지50 | 1000스텝 | 배송 49/50 | 재적재  8 | 중계율 0.34 | alpha 0.386 | step_limit
Ep 619 | 드론4 목적지71 |  851스텝 | 배송 71/71 | 재적재 11 | 중계율 0.23 | alpha 0.386 | complete
Ep 620 | 드론4 목적지55 |  897스텝 | 배송 55/55 | 재적재  9 | 중계율 0.27 | alpha 0.388 | complete
Ep 621 | 드론3 목적지79 | 1000스텝 | 배송 65/79 | 재적재 10 | 중계율 0.22 | alpha 0.385 | step_limit
Ep 622 | 드론4 목적지56 | 1000스텝 | 배송 53/56 | 재적재  8 | 중계율 0.31 | alpha 0.375 | step_limit
Ep 623 | 드론3 목적지33 |  716스텝 | 배송 33/33 | 재적재  6 | 중계율 0.27 | alpha 0.369 | complete
Ep 624 | 드론3 목적지72 | 1000스텝 | 배송 60/72 | 재적재 10 | 중계율 0.26 | alpha 0.365 | step_limit
Ep 625 | 드론4 목적지47 |  756스텝 | 배송 47/47 | 재적재  7 | 중계율 0.29 | alpha 0.364 | complete
Ep 626 | 드론3 목적지52 |  899스텝 | 배송 52/52 | 재적재  9 | 중계율 0.20 | alpha 0.365 | complete
Ep 627 | 드론4 목적지66 | 1000스텝 | 배송 61/66 | 재적재 10 | 중계율 0.30 | alpha 0.364 | step_limit
Ep 628 | 드론3 목적지42 |  712스텝 | 배송 42/42 | 재적재  8 | 중계율 0.17 | alpha 0.362 | complete
Ep 629 | 드론3 목적지31 |  645스텝 | 배송 31/31 | 재적재  5 | 중계율 0.32 | alpha 0.364 | complete
Ep 630 | 드론3 목적지65 | 1000스텝 | 배송 51/65 | 재적재  9 | 중계율 0.23 | alpha 0.364 | step_limit
Ep 631 | 드론3 목적지20 |  412스텝 | 배송 20/20 | 재적재  3 | 중계율 0.23 | alpha 0.364 | complete
Ep 632 | 드론3 목적지38 |  778스텝 | 배송 38/38 | 재적재  5 | 중계율 0.35 | alpha 0.367 | complete
Ep 633 | 드론4 목적지67 |  853스텝 | 배송 67/67 | 재적재 12 | 중계율 0.16 | alpha 0.369 | complete
Ep 634 | 드론4 목적지47 |  768스텝 | 배송 47/47 | 재적재  8 | 중계율 0.20 | alpha 0.377 | complete
Ep 635 | 드론4 목적지30 |  385스텝 | 배송 30/30 | 재적재  5 | 중계율 0.12 | alpha 0.379 | complete
Ep 636 | 드론3 목적지29 |  650스텝 | 배송 29/29 | 재적재  5 | 중계율 0.28 | alpha 0.381 | complete
Ep 637 | 드론3 목적지71 | 1000스텝 | 배송 56/71 | 재적재 10 | 중계율 0.26 | alpha 0.382 | step_limit
Ep 638 | 드론4 목적지73 |  985스텝 | 배송 73/73 | 재적재 12 | 중계율 0.19 | alpha 0.380 | complete
Ep 639 | 드론4 목적지79 | 1000스텝 | 배송 67/79 | 재적재 11 | 중계율 0.33 | alpha 0.386 | step_limit
Ep 640 | 드론3 목적지22 |  630스텝 | 배송 22/22 | 재적재  3 | 중계율 0.29 | alpha 0.390 | complete
Ep 641 | 드론4 목적지77 | 1000스텝 | 배송 70/77 | 재적재 12 | 중계율 0.22 | alpha 0.395 | step_limit
Ep 642 | 드론4 목적지26 |  308스텝 | 배송 26/26 | 재적재  4 | 중계율 0.19 | alpha 0.395 | complete
Ep 643 | 드론4 목적지30 |  379스텝 | 배송 30/30 | 재적재  4 | 중계율 0.15 | alpha 0.396 | complete
Ep 644 | 드론3 목적지77 | 1000스텝 | 배송 69/77 | 재적재 11 | 중계율 0.17 | alpha 0.396 | step_limit
Ep 645 | 드론3 목적지34 |  645스텝 | 배송 34/34 | 재적재  6 | 중계율 0.18 | alpha 0.401 | complete
Ep 646 | 드론4 목적지34 |  553스텝 | 배송 34/34 | 재적재  4 | 중계율 0.17 | alpha 0.406 | complete
Ep 647 | 드론3 목적지37 |  747스텝 | 배송 37/37 | 재적재  6 | 중계율 0.24 | alpha 0.402 | complete
Ep 648 | 드론3 목적지55 |  905스텝 | 배송 55/55 | 재적재  9 | 중계율 0.19 | alpha 0.407 | complete
Ep 649 | 드론3 목적지20 |  608스텝 | 배송 20/20 | 재적재  1 | 중계율 0.41 | alpha 0.408 | complete
Ep 650 | 드론4 목적지37 |  549스텝 | 배송 37/37 | 재적재  5 | 중계율 0.17 | alpha 0.410 | complete
  [홀드아웃] 배송 49.7±1.7 완주 0.97 스텝 950 점수 124.8 재적재 8.2 2홉+ 0.61 | 최고 126.6@ep500 정체 3/15
Ep 651 | 드론3 목적지77 | 1000스텝 | 배송 64/77 | 재적재 11 | 중계율 0.29 | alpha 0.415 | step_limit
Ep 652 | 드론4 목적지57 |  837스텝 | 배송 57/57 | 재적재 10 | 중계율 0.25 | alpha 0.413 | complete
Ep 653 | 드론4 목적지38 |  660스텝 | 배송 38/38 | 재적재  6 | 중계율 0.21 | alpha 0.411 | complete
Ep 654 | 드론4 목적지45 |  505스텝 | 배송 45/45 | 재적재  7 | 중계율 0.17 | alpha 0.412 | complete
Ep 655 | 드론3 목적지40 |  831스텝 | 배송 40/40 | 재적재  7 | 중계율 0.28 | alpha 0.411 | complete
Ep 656 | 드론4 목적지31 |  410스텝 | 배송 31/31 | 재적재  4 | 중계율 0.21 | alpha 0.409 | complete
Ep 657 | 드론4 목적지26 |  597스텝 | 배송 26/26 | 재적재  5 | 중계율 0.37 | alpha 0.413 | complete
Ep 658 | 드론3 목적지39 |  696스텝 | 배송 39/39 | 재적재  7 | 중계율 0.22 | alpha 0.414 | complete
Ep 659 | 드론3 목적지51 | 1000스텝 | 배송 48/51 | 재적재  9 | 중계율 0.28 | alpha 0.411 | step_limit
Ep 660 | 드론3 목적지51 | 1000스텝 | 배송 47/51 | 재적재  9 | 중계율 0.32 | alpha 0.416 | step_limit
Ep 661 | 드론3 목적지38 |  756스텝 | 배송 38/38 | 재적재  6 | 중계율 0.24 | alpha 0.418 | complete
Ep 662 | 드론4 목적지43 |  689스텝 | 배송 43/43 | 재적재  8 | 중계율 0.23 | alpha 0.420 | complete
Ep 663 | 드론4 목적지57 |  836스텝 | 배송 57/57 | 재적재 10 | 중계율 0.24 | alpha 0.422 | complete
Ep 664 | 드론3 목적지27 |  539스텝 | 배송 27/27 | 재적재  3 | 중계율 0.26 | alpha 0.424 | complete
Ep 665 | 드론4 목적지59 |  703스텝 | 배송 59/59 | 재적재 10 | 중계율 0.15 | alpha 0.419 | complete
Ep 666 | 드론3 목적지72 | 1000스텝 | 배송 66/72 | 재적재 11 | 중계율 0.24 | alpha 0.417 | step_limit
Ep 667 | 드론4 목적지45 |  609스텝 | 배송 45/45 | 재적재  7 | 중계율 0.21 | alpha 0.422 | complete
Ep 668 | 드론3 목적지65 | 1000스텝 | 배송 56/65 | 재적재  9 | 중계율 0.24 | alpha 0.428 | step_limit
Ep 669 | 드론3 목적지66 |  923스텝 | 배송 66/66 | 재적재 12 | 중계율 0.20 | alpha 0.432 | complete
Ep 670 | 드론4 목적지77 | 1000스텝 | 배송 72/77 | 재적재 11 | 중계율 0.27 | alpha 0.427 | step_limit
Ep 671 | 드론4 목적지58 | 1000스텝 | 배송 52/58 | 재적재  9 | 중계율 0.32 | alpha 0.424 | step_limit
Ep 672 | 드론3 목적지43 |  974스텝 | 배송 43/43 | 재적재  7 | 중계율 0.16 | alpha 0.425 | complete
Ep 673 | 드론4 목적지68 |  881스텝 | 배송 68/68 | 재적재 11 | 중계율 0.26 | alpha 0.429 | complete
Ep 674 | 드론3 목적지52 |  959스텝 | 배송 52/52 | 재적재  9 | 중계율 0.25 | alpha 0.430 | complete
Ep 675 | 드론3 목적지42 |  926스텝 | 배송 42/42 | 재적재  7 | 중계율 0.33 | alpha 0.436 | complete
Ep 676 | 드론3 목적지45 |  854스텝 | 배송 45/45 | 재적재  8 | 중계율 0.19 | alpha 0.440 | complete
Ep 677 | 드론3 목적지41 |  845스텝 | 배송 41/41 | 재적재  7 | 중계율 0.27 | alpha 0.448 | complete
Ep 678 | 드론4 목적지79 | 1000스텝 | 배송 74/79 | 재적재 13 | 중계율 0.26 | alpha 0.457 | step_limit
Ep 679 | 드론3 목적지24 |  561스텝 | 배송 24/24 | 재적재  3 | 중계율 0.27 | alpha 0.463 | complete
Ep 680 | 드론3 목적지52 | 1000스텝 | 배송 50/52 | 재적재  9 | 중계율 0.36 | alpha 0.467 | step_limit
Ep 681 | 드론4 목적지77 |  942스텝 | 배송 77/77 | 재적재 14 | 중계율 0.25 | alpha 0.467 | complete
Ep 682 | 드론3 목적지49 |  816스텝 | 배송 49/49 | 재적재  8 | 중계율 0.20 | alpha 0.463 | complete
Ep 683 | 드론4 목적지63 |  907스텝 | 배송 63/63 | 재적재 11 | 중계율 0.31 | alpha 0.466 | complete
Ep 684 | 드론3 목적지37 |  760스텝 | 배송 37/37 | 재적재  6 | 중계율 0.30 | alpha 0.460 | complete
Ep 685 | 드론4 목적지56 |  844스텝 | 배송 56/56 | 재적재 10 | 중계율 0.28 | alpha 0.463 | complete
Ep 686 | 드론3 목적지28 |  551스텝 | 배송 28/28 | 재적재  4 | 중계율 0.27 | alpha 0.460 | complete
Ep 687 | 드론4 목적지77 |  868스텝 | 배송 77/77 | 재적재 13 | 중계율 0.14 | alpha 0.456 | complete
Ep 688 | 드론3 목적지45 | 1000스텝 | 배송 42/45 | 재적재  7 | 중계율 0.31 | alpha 0.454 | step_limit
Ep 689 | 드론4 목적지70 | 1000스텝 | 배송 68/70 | 재적재 11 | 중계율 0.24 | alpha 0.453 | step_limit
Ep 690 | 드론4 목적지62 |  953스텝 | 배송 62/62 | 재적재 11 | 중계율 0.25 | alpha 0.451 | complete
Ep 691 | 드론3 목적지31 |  877스텝 | 배송 31/31 | 재적재  5 | 중계율 0.32 | alpha 0.454 | complete
Ep 692 | 드론4 목적지61 |  863스텝 | 배송 61/61 | 재적재 11 | 중계율 0.28 | alpha 0.456 | complete
Ep 693 | 드론4 목적지60 |  913스텝 | 배송 60/60 | 재적재  9 | 중계율 0.33 | alpha 0.456 | complete
Ep 694 | 드론3 목적지33 |  609스텝 | 배송 33/33 | 재적재  5 | 중계율 0.32 | alpha 0.460 | complete
Ep 695 | 드론3 목적지29 |  507스텝 | 배송 29/29 | 재적재  5 | 중계율 0.26 | alpha 0.463 | complete
Ep 696 | 드론4 목적지28 |  446스텝 | 배송 28/28 | 재적재  5 | 중계율 0.23 | alpha 0.463 | complete
Ep 697 | 드론4 목적지35 |  539스텝 | 배송 35/35 | 재적재  6 | 중계율 0.21 | alpha 0.463 | complete
Ep 698 | 드론3 목적지32 |  809스텝 | 배송 32/32 | 재적재  5 | 중계율 0.35 | alpha 0.468 | complete
Ep 699 | 드론3 목적지62 |  962스텝 | 배송 62/62 | 재적재 11 | 중계율 0.19 | alpha 0.467 | complete
Ep 700 | 드론3 목적지61 | 1000스텝 | 배송 60/61 | 재적재 10 | 중계율 0.27 | alpha 0.469 | step_limit
  [홀드아웃] 배송 49.8±1.5 완주 0.97 스텝 939 점수 125.0 재적재 8.0 2홉+ 0.61 | 최고 126.6@ep500 정체 4/15
Ep 701 | 드론4 목적지72 |  986스텝 | 배송 72/72 | 재적재 13 | 중계율 0.19 | alpha 0.474 | complete
Ep 702 | 드론4 목적지34 |  679스텝 | 배송 34/34 | 재적재  4 | 중계율 0.40 | alpha 0.475 | complete
Ep 703 | 드론4 목적지32 |  443스텝 | 배송 32/32 | 재적재  4 | 중계율 0.28 | alpha 0.477 | complete
Ep 704 | 드론4 목적지74 |  999스텝 | 배송 74/74 | 재적재 14 | 중계율 0.23 | alpha 0.484 | complete
Ep 705 | 드론3 목적지38 |  608스텝 | 배송 38/38 | 재적재  5 | 중계율 0.19 | alpha 0.483 | complete
Ep 706 | 드론4 목적지30 |  301스텝 | 배송 30/30 | 재적재  3 | 중계율 0.20 | alpha 0.482 | complete
Ep 707 | 드론4 목적지31 |  672스텝 | 배송 31/31 | 재적재  5 | 중계율 0.32 | alpha 0.483 | complete
Ep 708 | 드론3 목적지63 | 1000스텝 | 배송 61/63 | 재적재 10 | 중계율 0.27 | alpha 0.487 | step_limit
Ep 709 | 드론3 목적지20 |  388스텝 | 배송 20/20 | 재적재  2 | 중계율 0.37 | alpha 0.487 | complete
Ep 710 | 드론4 목적지78 | 1000스텝 | 배송 72/78 | 재적재 11 | 중계율 0.18 | alpha 0.488 | step_limit
Ep 711 | 드론4 목적지58 | 1000스텝 | 배송 49/58 | 재적재  9 | 중계율 0.33 | alpha 0.479 | step_limit
Ep 712 | 드론3 목적지75 | 1000스텝 | 배송 66/75 | 재적재 11 | 중계율 0.25 | alpha 0.479 | step_limit
Ep 713 | 드론3 목적지69 | 1000스텝 | 배송 68/69 | 재적재 11 | 중계율 0.13 | alpha 0.475 | step_limit
Ep 714 | 드론3 목적지36 |  895스텝 | 배송 36/36 | 재적재  6 | 중계율 0.33 | alpha 0.475 | complete
Ep 715 | 드론3 목적지65 | 1000스텝 | 배송 60/65 | 재적재 10 | 중계율 0.29 | alpha 0.481 | step_limit
Ep 716 | 드론4 목적지36 |  582스텝 | 배송 36/36 | 재적재  5 | 중계율 0.20 | alpha 0.486 | complete
Ep 717 | 드론4 목적지56 | 1000스텝 | 배송 55/56 | 재적재  8 | 중계율 0.34 | alpha 0.495 | step_limit
Ep 718 | 드론3 목적지69 | 1000스텝 | 배송 65/69 | 재적재 11 | 중계율 0.21 | alpha 0.499 | step_limit
Ep 719 | 드론3 목적지21 |  452스텝 | 배송 21/21 | 재적재  2 | 중계율 0.23 | alpha 0.502 | complete
Ep 720 | 드론4 목적지45 |  605스텝 | 배송 45/45 | 재적재  8 | 중계율 0.20 | alpha 0.507 | complete
Ep 721 | 드론3 목적지30 |  626스텝 | 배송 30/30 | 재적재  5 | 중계율 0.22 | alpha 0.507 | complete
Ep 722 | 드론4 목적지47 |  614스텝 | 배송 47/47 | 재적재  7 | 중계율 0.18 | alpha 0.513 | complete
Ep 723 | 드론3 목적지51 |  905스텝 | 배송 51/51 | 재적재  9 | 중계율 0.21 | alpha 0.500 | complete
Ep 724 | 드론4 목적지57 |  979스텝 | 배송 57/57 | 재적재 11 | 중계율 0.34 | alpha 0.492 | complete
Ep 725 | 드론4 목적지29 |  523스텝 | 배송 29/29 | 재적재  4 | 중계율 0.33 | alpha 0.486 | complete
Ep 726 | 드론4 목적지69 | 1000스텝 | 배송 65/69 | 재적재 13 | 중계율 0.26 | alpha 0.476 | step_limit
Ep 727 | 드론4 목적지36 |  865스텝 | 배송 36/36 | 재적재  5 | 중계율 0.41 | alpha 0.465 | complete
Ep 728 | 드론3 목적지74 | 1000스텝 | 배송 59/74 | 재적재 11 | 중계율 0.28 | alpha 0.460 | step_limit
Ep 729 | 드론4 목적지64 | 1000스텝 | 배송 62/64 | 재적재 11 | 중계율 0.25 | alpha 0.458 | step_limit
Ep 730 | 드론3 목적지70 | 1000스텝 | 배송 63/70 | 재적재 12 | 중계율 0.23 | alpha 0.459 | step_limit
Ep 731 | 드론3 목적지48 |  910스텝 | 배송 48/48 | 재적재  9 | 중계율 0.22 | alpha 0.461 | complete
Ep 732 | 드론4 목적지37 |  855스텝 | 배송 37/37 | 재적재  6 | 중계율 0.33 | alpha 0.461 | complete
Ep 733 | 드론4 목적지67 |  748스텝 | 배송 67/67 | 재적재 11 | 중계율 0.21 | alpha 0.460 | complete
Ep 734 | 드론4 목적지54 | 1000스텝 | 배송 50/54 | 재적재  7 | 중계율 0.41 | alpha 0.448 | step_limit
Ep 735 | 드론4 목적지57 |  917스텝 | 배송 57/57 | 재적재 10 | 중계율 0.32 | alpha 0.436 | complete
Ep 736 | 드론4 목적지39 |  527스텝 | 배송 39/39 | 재적재  6 | 중계율 0.19 | alpha 0.433 | complete
Ep 737 | 드론3 목적지29 |  582스텝 | 배송 29/29 | 재적재  4 | 중계율 0.27 | alpha 0.427 | complete
Ep 738 | 드론4 목적지68 |  881스텝 | 배송 68/68 | 재적재 12 | 중계율 0.17 | alpha 0.424 | complete
Ep 739 | 드론3 목적지20 |  492스텝 | 배송 20/20 | 재적재  3 | 중계율 0.31 | alpha 0.426 | complete
Ep 740 | 드론3 목적지69 | 1000스텝 | 배송 50/69 | 재적재  9 | 중계율 0.33 | alpha 0.427 | step_limit
Ep 741 | 드론4 목적지41 |  617스텝 | 배송 41/41 | 재적재  7 | 중계율 0.26 | alpha 0.423 | complete
Ep 742 | 드론3 목적지78 | 1000스텝 | 배송 66/78 | 재적재 13 | 중계율 0.22 | alpha 0.420 | step_limit
Ep 743 | 드론3 목적지39 |  720스텝 | 배송 39/39 | 재적재  6 | 중계율 0.34 | alpha 0.420 | complete
Ep 744 | 드론3 목적지57 | 1000스텝 | 배송 42/57 | 재적재  8 | 중계율 0.31 | alpha 0.422 | step_limit
Ep 745 | 드론3 목적지76 | 1000스텝 | 배송 62/76 | 재적재 10 | 중계율 0.17 | alpha 0.424 | step_limit
Ep 746 | 드론3 목적지69 | 1000스텝 | 배송 60/69 | 재적재 11 | 중계율 0.24 | alpha 0.425 | step_limit
Ep 747 | 드론3 목적지33 |  714스텝 | 배송 33/33 | 재적재  6 | 중계율 0.28 | alpha 0.419 | complete
Ep 748 | 드론3 목적지30 |  628스텝 | 배송 30/30 | 재적재  4 | 중계율 0.24 | alpha 0.417 | complete
Ep 749 | 드론4 목적지32 |  542스텝 | 배송 32/32 | 재적재  5 | 중계율 0.34 | alpha 0.413 | complete
Ep 750 | 드론4 목적지61 |  760스텝 | 배송 61/61 | 재적재 10 | 중계율 0.22 | alpha 0.413 | complete
  [홀드아웃] 배송 50.0±0.2 완주 0.99 스텝 932 점수 126.3 재적재 8.0 2홉+ 0.61 | 최고 126.6@ep500 정체 5/15
Ep 751 | 드론4 목적지34 |  524스텝 | 배송 34/34 | 재적재  4 | 중계율 0.24 | alpha 0.409 | complete
Ep 752 | 드론4 목적지69 |  942스텝 | 배송 69/69 | 재적재 11 | 중계율 0.29 | alpha 0.402 | complete
Ep 753 | 드론3 목적지80 | 1000스텝 | 배송 65/80 | 재적재 12 | 중계율 0.22 | alpha 0.402 | step_limit
Ep 754 | 드론3 목적지29 |  733스텝 | 배송 29/29 | 재적재  5 | 중계율 0.19 | alpha 0.396 | complete
Ep 755 | 드론3 목적지43 |  815스텝 | 배송 43/43 | 재적재  7 | 중계율 0.19 | alpha 0.392 | complete
Ep 756 | 드론4 목적지30 |  559스텝 | 배송 30/30 | 재적재  4 | 중계율 0.23 | alpha 0.389 | complete
Ep 757 | 드론4 목적지37 |  564스텝 | 배송 37/37 | 재적재  6 | 중계율 0.24 | alpha 0.386 | complete
Ep 758 | 드론3 목적지51 |  794스텝 | 배송 51/51 | 재적재  9 | 중계율 0.23 | alpha 0.389 | complete
Ep 759 | 드론4 목적지23 |  464스텝 | 배송 23/23 | 재적재  3 | 중계율 0.28 | alpha 0.386 | complete
Ep 760 | 드론4 목적지60 |  859스텝 | 배송 60/60 | 재적재 11 | 중계율 0.30 | alpha 0.385 | complete
Ep 761 | 드론3 목적지77 | 1000스텝 | 배송 60/77 | 재적재 10 | 중계율 0.29 | alpha 0.381 | step_limit
Ep 762 | 드론4 목적지26 |  477스텝 | 배송 26/26 | 재적재  3 | 중계율 0.26 | alpha 0.383 | complete
Ep 763 | 드론4 목적지70 |  845스텝 | 배송 70/70 | 재적재 13 | 중계율 0.17 | alpha 0.379 | complete
Ep 764 | 드론4 목적지32 |  638스텝 | 배송 32/32 | 재적재  4 | 중계율 0.36 | alpha 0.381 | complete
Ep 765 | 드론4 목적지23 |  351스텝 | 배송 23/23 | 재적재  3 | 중계율 0.28 | alpha 0.378 | complete
Ep 766 | 드론4 목적지51 |  692스텝 | 배송 51/51 | 재적재  9 | 중계율 0.19 | alpha 0.380 | complete
Ep 767 | 드론3 목적지49 |  808스텝 | 배송 49/49 | 재적재  8 | 중계율 0.24 | alpha 0.384 | complete
Ep 768 | 드론3 목적지72 | 1000스텝 | 배송 65/72 | 재적재 10 | 중계율 0.25 | alpha 0.389 | step_limit
Ep 769 | 드론4 목적지22 |  425스텝 | 배송 22/22 | 재적재  3 | 중계율 0.20 | alpha 0.392 | complete
Ep 770 | 드론4 목적지53 |  524스텝 | 배송 53/53 | 재적재  8 | 중계율 0.12 | alpha 0.391 | complete
Ep 771 | 드론4 목적지38 |  754스텝 | 배송 38/38 | 재적재  5 | 중계율 0.32 | alpha 0.388 | complete
Ep 772 | 드론3 목적지36 |  597스텝 | 배송 36/36 | 재적재  7 | 중계율 0.31 | alpha 0.390 | complete
Ep 773 | 드론4 목적지21 |  343스텝 | 배송 21/21 | 재적재  1 | 중계율 0.32 | alpha 0.390 | complete
Ep 774 | 드론4 목적지46 |  735스텝 | 배송 46/46 | 재적재  8 | 중계율 0.20 | alpha 0.387 | complete
Ep 775 | 드론4 목적지41 |  627스텝 | 배송 41/41 | 재적재  7 | 중계율 0.27 | alpha 0.385 | complete
Ep 776 | 드론4 목적지48 |  751스텝 | 배송 48/48 | 재적재  8 | 중계율 0.21 | alpha 0.390 | complete
Ep 777 | 드론3 목적지20 |  593스텝 | 배송 20/20 | 재적재  3 | 중계율 0.33 | alpha 0.393 | complete
Ep 778 | 드론4 목적지57 | 1000스텝 | 배송 55/57 | 재적재  9 | 중계율 0.34 | alpha 0.397 | step_limit
Ep 779 | 드론4 목적지79 | 1000스텝 | 배송 67/79 | 재적재 11 | 중계율 0.28 | alpha 0.401 | step_limit
Ep 780 | 드론3 목적지68 | 1000스텝 | 배송 63/68 | 재적재 11 | 중계율 0.20 | alpha 0.409 | step_limit
Ep 781 | 드론4 목적지50 |  509스텝 | 배송 50/50 | 재적재  7 | 중계율 0.16 | alpha 0.410 | complete
Ep 782 | 드론4 목적지45 |  995스텝 | 배송 45/45 | 재적재  8 | 중계율 0.37 | alpha 0.420 | complete
Ep 783 | 드론3 목적지28 |  631스텝 | 배송 28/28 | 재적재  5 | 중계율 0.23 | alpha 0.430 | complete
Ep 784 | 드론4 목적지58 |  841스텝 | 배송 58/58 | 재적재 10 | 중계율 0.25 | alpha 0.437 | complete
Ep 785 | 드론3 목적지49 | 1000스텝 | 배송 47/49 | 재적재  8 | 중계율 0.26 | alpha 0.447 | step_limit
Ep 786 | 드론3 목적지53 | 1000스텝 | 배송 52/53 | 재적재  9 | 중계율 0.31 | alpha 0.451 | step_limit
Ep 787 | 드론3 목적지47 | 1000스텝 | 배송 45/47 | 재적재  8 | 중계율 0.31 | alpha 0.463 | step_limit
Ep 788 | 드론4 목적지75 | 1000스텝 | 배송 69/75 | 재적재 12 | 중계율 0.24 | alpha 0.469 | step_limit
Ep 789 | 드론3 목적지79 | 1000스텝 | 배송 70/79 | 재적재 14 | 중계율 0.20 | alpha 0.476 | step_limit
Ep 790 | 드론3 목적지65 | 1000스텝 | 배송 58/65 | 재적재  9 | 중계율 0.24 | alpha 0.489 | step_limit
Ep 791 | 드론3 목적지21 |  314스텝 | 배송 21/21 | 재적재  3 | 중계율 0.26 | alpha 0.491 | complete
Ep 792 | 드론3 목적지50 |  916스텝 | 배송 50/50 | 재적재  9 | 중계율 0.20 | alpha 0.497 | complete
Ep 793 | 드론4 목적지27 |  419스텝 | 배송 27/27 | 재적재  4 | 중계율 0.23 | alpha 0.499 | complete
Ep 794 | 드론3 목적지74 | 1000스텝 | 배송 65/74 | 재적재 12 | 중계율 0.21 | alpha 0.500 | step_limit
Ep 795 | 드론3 목적지58 |  894스텝 | 배송 58/58 | 재적재 10 | 중계율 0.19 | alpha 0.510 | complete
Ep 796 | 드론3 목적지23 |  506스텝 | 배송 23/23 | 재적재  3 | 중계율 0.31 | alpha 0.512 | complete
Ep 797 | 드론4 목적지34 |  363스텝 | 배송 34/34 | 재적재  4 | 중계율 0.14 | alpha 0.516 | complete
Ep 798 | 드론3 목적지60 |  958스텝 | 배송 60/60 | 재적재 10 | 중계율 0.18 | alpha 0.523 | complete
Ep 799 | 드론3 목적지33 |  734스텝 | 배송 33/33 | 재적재  6 | 중계율 0.23 | alpha 0.525 | complete
Ep 800 | 드론4 목적지50 |  612스텝 | 배송 50/50 | 재적재  8 | 중계율 0.18 | alpha 0.532 | complete
  [홀드아웃] 배송 49.9±0.8 완주 0.99 스텝 897 점수 126.8 재적재 8.1 2홉+ 0.60 | 최고 126.8@ep800 정체 0/15  ← 갱신
Ep 801 | 드론4 목적지57 | 1000스텝 | 배송 56/57 | 재적재 11 | 중계율 0.29 | alpha 0.543 | step_limit
Ep 802 | 드론3 목적지68 | 1000스텝 | 배송 62/68 | 재적재 11 | 중계율 0.23 | alpha 0.537 | step_limit
Ep 803 | 드론3 목적지80 | 1000스텝 | 배송 66/80 | 재적재 12 | 중계율 0.22 | alpha 0.540 | step_limit
Ep 804 | 드론4 목적지65 |  873스텝 | 배송 65/65 | 재적재 12 | 중계율 0.28 | alpha 0.547 | complete
Ep 805 | 드론4 목적지78 | 1000스텝 | 배송 68/78 | 재적재 12 | 중계율 0.21 | alpha 0.549 | step_limit
Ep 806 | 드론4 목적지73 |  784스텝 | 배송 73/73 | 재적재 14 | 중계율 0.15 | alpha 0.554 | complete
Ep 807 | 드론4 목적지69 |  857스텝 | 배송 69/69 | 재적재 11 | 중계율 0.20 | alpha 0.559 | complete
Ep 808 | 드론3 목적지26 |  749스텝 | 배송 26/26 | 재적재  4 | 중계율 0.32 | alpha 0.564 | complete
Ep 809 | 드론3 목적지70 | 1000스텝 | 배송 69/70 | 재적재 12 | 중계율 0.20 | alpha 0.567 | step_limit
Ep 810 | 드론3 목적지68 | 1000스텝 | 배송 59/68 | 재적재 11 | 중계율 0.16 | alpha 0.571 | step_limit
Ep 811 | 드론3 목적지58 |  900스텝 | 배송 58/58 | 재적재 11 | 중계율 0.18 | alpha 0.560 | complete
Ep 812 | 드론3 목적지33 |  699스텝 | 배송 33/33 | 재적재  5 | 중계율 0.22 | alpha 0.558 | complete
Ep 813 | 드론3 목적지41 |  841스텝 | 배송 41/41 | 재적재  8 | 중계율 0.24 | alpha 0.547 | complete
Ep 814 | 드론3 목적지24 |  572스텝 | 배송 24/24 | 재적재  4 | 중계율 0.26 | alpha 0.545 | complete
Ep 815 | 드론3 목적지38 |  941스텝 | 배송 38/38 | 재적재  7 | 중계율 0.24 | alpha 0.542 | complete
Ep 816 | 드론3 목적지25 |  648스텝 | 배송 25/25 | 재적재  3 | 중계율 0.28 | alpha 0.538 | complete
Ep 817 | 드론3 목적지53 |  945스텝 | 배송 53/53 | 재적재  9 | 중계율 0.15 | alpha 0.542 | complete
Ep 818 | 드론4 목적지28 |  461스텝 | 배송 28/28 | 재적재  5 | 중계율 0.25 | alpha 0.537 | complete
Ep 819 | 드론4 목적지23 |  361스텝 | 배송 23/23 | 재적재  3 | 중계율 0.29 | alpha 0.535 | complete
Ep 820 | 드론3 목적지74 | 1000스텝 | 배송 56/74 | 재적재 11 | 중계율 0.26 | alpha 0.539 | step_limit
Ep 821 | 드론3 목적지79 | 1000스텝 | 배송 65/79 | 재적재 12 | 중계율 0.22 | alpha 0.535 | step_limit
Ep 822 | 드론3 목적지20 |  387스텝 | 배송 20/20 | 재적재  2 | 중계율 0.31 | alpha 0.533 | complete
Ep 823 | 드론4 목적지61 |  909스텝 | 배송 61/61 | 재적재 12 | 중계율 0.28 | alpha 0.528 | complete
Ep 824 | 드론3 목적지25 |  554스텝 | 배송 25/25 | 재적재  4 | 중계율 0.25 | alpha 0.530 | complete
Ep 825 | 드론3 목적지41 |  937스텝 | 배송 41/41 | 재적재  7 | 중계율 0.31 | alpha 0.535 | complete
Ep 826 | 드론3 목적지53 | 1000스텝 | 배송 47/53 | 재적재  9 | 중계율 0.28 | alpha 0.537 | step_limit
Ep 827 | 드론3 목적지44 |  803스텝 | 배송 44/44 | 재적재  7 | 중계율 0.28 | alpha 0.540 | complete
Ep 828 | 드론3 목적지24 |  436스텝 | 배송 24/24 | 재적재  3 | 중계율 0.22 | alpha 0.541 | complete
Ep 829 | 드론4 목적지53 |  832스텝 | 배송 53/53 | 재적재  9 | 중계율 0.26 | alpha 0.552 | complete
Ep 830 | 드론4 목적지66 | 1000스텝 | 배송 65/66 | 재적재 12 | 중계율 0.29 | alpha 0.554 | step_limit
Ep 831 | 드론4 목적지69 |  864스텝 | 배송 69/69 | 재적재 12 | 중계율 0.21 | alpha 0.556 | complete
Ep 832 | 드론4 목적지69 |  854스텝 | 배송 69/69 | 재적재 12 | 중계율 0.23 | alpha 0.560 | complete
Ep 833 | 드론4 목적지72 | 1000스텝 | 배송 49/72 | 재적재  8 | 중계율 0.29 | alpha 0.574 | step_limit
Ep 834 | 드론3 목적지71 | 1000스텝 | 배송 61/71 | 재적재 11 | 중계율 0.31 | alpha 0.574 | step_limit
Ep 835 | 드론3 목적지56 |  818스텝 | 배송 56/56 | 재적재  9 | 중계율 0.16 | alpha 0.568 | complete
Ep 836 | 드론4 목적지30 |  566스텝 | 배송 30/30 | 재적재  4 | 중계율 0.32 | alpha 0.566 | complete
Ep 837 | 드론3 목적지73 | 1000스텝 | 배송 59/73 | 재적재 11 | 중계율 0.25 | alpha 0.564 | step_limit
Ep 838 | 드론4 목적지56 |  684스텝 | 배송 56/56 | 재적재 10 | 중계율 0.16 | alpha 0.565 | complete
Ep 839 | 드론3 목적지20 |  462스텝 | 배송 20/20 | 재적재  2 | 중계율 0.40 | alpha 0.565 | complete
Ep 840 | 드론3 목적지33 |  429스텝 | 배송 33/33 | 재적재  6 | 중계율 0.14 | alpha 0.560 | complete
Ep 841 | 드론3 목적지31 |  610스텝 | 배송 31/31 | 재적재  5 | 중계율 0.25 | alpha 0.558 | complete
Ep 842 | 드론3 목적지68 | 1000스텝 | 배송 60/68 | 재적재 10 | 중계율 0.23 | alpha 0.546 | step_limit
Ep 843 | 드론4 목적지51 |  855스텝 | 배송 51/51 | 재적재  8 | 중계율 0.33 | alpha 0.540 | complete
Ep 844 | 드론3 목적지37 |  790스텝 | 배송 37/37 | 재적재  6 | 중계율 0.30 | alpha 0.535 | complete
Ep 845 | 드론4 목적지74 |  824스텝 | 배송 74/74 | 재적재 13 | 중계율 0.09 | alpha 0.525 | complete
Ep 846 | 드론3 목적지32 |  661스텝 | 배송 32/32 | 재적재  5 | 중계율 0.15 | alpha 0.520 | complete
Ep 847 | 드론4 목적지25 |  473스텝 | 배송 25/25 | 재적재  3 | 중계율 0.19 | alpha 0.516 | complete
Ep 848 | 드론3 목적지44 |  979스텝 | 배송 44/44 | 재적재  8 | 중계율 0.34 | alpha 0.509 | complete
Ep 849 | 드론4 목적지28 |  681스텝 | 배송 28/28 | 재적재  5 | 중계율 0.35 | alpha 0.508 | complete
Ep 850 | 드론3 목적지47 |  823스텝 | 배송 47/47 | 재적재  8 | 중계율 0.14 | alpha 0.511 | complete
  [홀드아웃] 배송 49.8±1.1 완주 0.97 스텝 929 점수 125.1 재적재 8.2 2홉+ 0.60 | 최고 126.8@ep800 정체 1/15
Ep 851 | 드론3 목적지39 |  790스텝 | 배송 39/39 | 재적재  7 | 중계율 0.18 | alpha 0.519 | complete
Ep 852 | 드론3 목적지68 | 1000스텝 | 배송 58/68 | 재적재 10 | 중계율 0.23 | alpha 0.521 | step_limit
Ep 853 | 드론3 목적지65 | 1000스텝 | 배송 59/65 | 재적재 10 | 중계율 0.24 | alpha 0.526 | step_limit
Ep 854 | 드론4 목적지61 |  928스텝 | 배송 61/61 | 재적재 10 | 중계율 0.26 | alpha 0.526 | complete
Ep 855 | 드론4 목적지22 |  361스텝 | 배송 22/22 | 재적재  2 | 중계율 0.21 | alpha 0.523 | complete
Ep 856 | 드론4 목적지59 |  969스텝 | 배송 59/59 | 재적재 10 | 중계율 0.16 | alpha 0.519 | complete
Ep 857 | 드론3 목적지69 | 1000스텝 | 배송 60/69 | 재적재 11 | 중계율 0.30 | alpha 0.507 | step_limit
Ep 858 | 드론4 목적지35 |  397스텝 | 배송 35/35 | 재적재  5 | 중계율 0.11 | alpha 0.501 | complete
Ep 859 | 드론3 목적지20 |  549스텝 | 배송 20/20 | 재적재  3 | 중계율 0.36 | alpha 0.492 | complete
Ep 860 | 드론4 목적지42 |  883스텝 | 배송 42/42 | 재적재  7 | 중계율 0.34 | alpha 0.485 | complete
Ep 861 | 드론3 목적지58 | 1000스텝 | 배송 57/58 | 재적재 10 | 중계율 0.20 | alpha 0.478 | step_limit
Ep 862 | 드론3 목적지39 |  776스텝 | 배송 39/39 | 재적재  7 | 중계율 0.27 | alpha 0.475 | complete
Ep 863 | 드론4 목적지77 | 1000스텝 | 배송 75/77 | 재적재 13 | 중계율 0.26 | alpha 0.470 | step_limit
Ep 864 | 드론4 목적지37 |  903스텝 | 배송 37/37 | 재적재  6 | 중계율 0.34 | alpha 0.473 | complete
Ep 865 | 드론3 목적지33 |  783스텝 | 배송 33/33 | 재적재  5 | 중계율 0.33 | alpha 0.475 | complete
Ep 866 | 드론4 목적지40 |  546스텝 | 배송 40/40 | 재적재  7 | 중계율 0.17 | alpha 0.480 | complete
Ep 867 | 드론4 목적지34 |  396스텝 | 배송 34/34 | 재적재  4 | 중계율 0.18 | alpha 0.485 | complete
Ep 868 | 드론3 목적지34 |  588스텝 | 배송 34/34 | 재적재  5 | 중계율 0.19 | alpha 0.489 | complete
Ep 869 | 드론3 목적지76 | 1000스텝 | 배송 68/76 | 재적재 12 | 중계율 0.12 | alpha 0.500 | step_limit
Ep 870 | 드론3 목적지42 | 1000스텝 | 배송 39/42 | 재적재  7 | 중계율 0.31 | alpha 0.508 | step_limit
Ep 871 | 드론3 목적지47 |  962스텝 | 배송 47/47 | 재적재  8 | 중계율 0.25 | alpha 0.525 | complete
Ep 872 | 드론4 목적지22 |  280스텝 | 배송 22/22 | 재적재  3 | 중계율 0.16 | alpha 0.532 | complete
Ep 873 | 드론4 목적지60 |  909스텝 | 배송 60/60 | 재적재 10 | 중계율 0.28 | alpha 0.543 | complete
Ep 874 | 드론4 목적지45 |  863스텝 | 배송 45/45 | 재적재  8 | 중계율 0.29 | alpha 0.550 | complete
Ep 875 | 드론4 목적지32 |  516스텝 | 배송 32/32 | 재적재  5 | 중계율 0.23 | alpha 0.551 | complete
Ep 876 | 드론3 목적지49 |  716스텝 | 배송 49/49 | 재적재  8 | 중계율 0.18 | alpha 0.553 | complete
Ep 877 | 드론4 목적지77 | 1000스텝 | 배송 71/77 | 재적재 13 | 중계율 0.31 | alpha 0.563 | step_limit
Ep 878 | 드론4 목적지44 |  942스텝 | 배송 44/44 | 재적재  7 | 중계율 0.36 | alpha 0.580 | complete
Ep 879 | 드론3 목적지79 | 1000스텝 | 배송 63/79 | 재적재 12 | 중계율 0.23 | alpha 0.594 | step_limit
Ep 880 | 드론4 목적지32 |  392스텝 | 배송 32/32 | 재적재  3 | 중계율 0.18 | alpha 0.605 | complete
Ep 881 | 드론4 목적지74 | 1000스텝 | 배송 56/74 | 재적재 11 | 중계율 0.25 | alpha 0.607 | step_limit
Ep 882 | 드론3 목적지76 | 1000스텝 | 배송 52/76 | 재적재 10 | 중계율 0.19 | alpha 0.615 | step_limit
Ep 883 | 드론4 목적지50 |  807스텝 | 배송 50/50 | 재적재  9 | 중계율 0.25 | alpha 0.615 | complete
Ep 884 | 드론4 목적지56 | 1000스텝 | 배송 55/56 | 재적재 10 | 중계율 0.23 | alpha 0.624 | step_limit
Ep 885 | 드론3 목적지44 |  930스텝 | 배송 44/44 | 재적재  7 | 중계율 0.20 | alpha 0.618 | complete
Ep 886 | 드론4 목적지76 | 1000스텝 | 배송 70/76 | 재적재 12 | 중계율 0.20 | alpha 0.620 | step_limit
Ep 887 | 드론3 목적지67 | 1000스텝 | 배송 58/67 | 재적재  9 | 중계율 0.26 | alpha 0.624 | step_limit
Ep 888 | 드론3 목적지71 | 1000스텝 | 배송 55/71 | 재적재  9 | 중계율 0.22 | alpha 0.619 | step_limit
Ep 889 | 드론3 목적지32 |  672스텝 | 배송 32/32 | 재적재  6 | 중계율 0.25 | alpha 0.614 | complete
Ep 890 | 드론4 목적지62 |  878스텝 | 배송 62/62 | 재적재 10 | 중계율 0.22 | alpha 0.606 | complete
Ep 891 | 드론3 목적지78 | 1000스텝 | 배송 64/78 | 재적재 12 | 중계율 0.21 | alpha 0.601 | step_limit
Ep 892 | 드론3 목적지39 |  633스텝 | 배송 39/39 | 재적재  7 | 중계율 0.21 | alpha 0.596 | complete
Ep 893 | 드론3 목적지65 | 1000스텝 | 배송 61/65 | 재적재 11 | 중계율 0.26 | alpha 0.591 | step_limit
Ep 894 | 드론4 목적지47 |  553스텝 | 배송 47/47 | 재적재  8 | 중계율 0.17 | alpha 0.593 | complete
Ep 895 | 드론4 목적지64 |  837스텝 | 배송 64/64 | 재적재 11 | 중계율 0.20 | alpha 0.601 | complete
Ep 896 | 드론4 목적지41 |  853스텝 | 배송 41/41 | 재적재  7 | 중계율 0.30 | alpha 0.598 | complete
Ep 897 | 드론4 목적지77 |  945스텝 | 배송 77/77 | 재적재 15 | 중계율 0.14 | alpha 0.601 | complete
Ep 898 | 드론3 목적지29 |  505스텝 | 배송 29/29 | 재적재  5 | 중계율 0.21 | alpha 0.600 | complete
Ep 899 | 드론3 목적지31 |  631스텝 | 배송 31/31 | 재적재  4 | 중계율 0.25 | alpha 0.590 | complete
Ep 900 | 드론3 목적지69 |  990스텝 | 배송 69/69 | 재적재 12 | 중계율 0.20 | alpha 0.585 | complete
  [홀드아웃] 배송 49.9±1.1 완주 0.99 스텝 994 점수 125.5 재적재 8.6 2홉+ 0.60 | 최고 126.8@ep800 정체 2/15
Ep 901 | 드론4 목적지26 |  566스텝 | 배송 26/26 | 재적재  4 | 중계율 0.34 | alpha 0.589 | complete
Ep 902 | 드론4 목적지58 |  836스텝 | 배송 58/58 | 재적재  8 | 중계율 0.26 | alpha 0.588 | complete
Ep 903 | 드론3 목적지41 |  952스텝 | 배송 41/41 | 재적재  7 | 중계율 0.34 | alpha 0.589 | complete
Ep 904 | 드론4 목적지47 |  497스텝 | 배송 47/47 | 재적재  8 | 중계율 0.13 | alpha 0.589 | complete
Ep 905 | 드론3 목적지63 | 1000스텝 | 배송 56/63 | 재적재 10 | 중계율 0.24 | alpha 0.591 | step_limit
Ep 906 | 드론4 목적지64 | 1000스텝 | 배송 61/64 | 재적재 11 | 중계율 0.26 | alpha 0.601 | step_limit
Ep 907 | 드론3 목적지80 | 1000스텝 | 배송 66/80 | 재적재 12 | 중계율 0.15 | alpha 0.596 | step_limit
Ep 908 | 드론4 목적지49 |  713스텝 | 배송 49/49 | 재적재  8 | 중계율 0.26 | alpha 0.601 | complete
Ep 909 | 드론3 목적지68 | 1000스텝 | 배송 56/68 | 재적재 11 | 중계율 0.25 | alpha 0.599 | step_limit
Ep 910 | 드론4 목적지69 | 1000스텝 | 배송 67/69 | 재적재 12 | 중계율 0.27 | alpha 0.597 | step_limit
Ep 911 | 드론3 목적지22 |  486스텝 | 배송 22/22 | 재적재  4 | 중계율 0.26 | alpha 0.603 | complete
Ep 912 | 드론3 목적지71 | 1000스텝 | 배송 57/71 | 재적재 10 | 중계율 0.28 | alpha 0.608 | step_limit
Ep 913 | 드론3 목적지48 |  665스텝 | 배송 48/48 | 재적재  8 | 중계율 0.16 | alpha 0.615 | complete
Ep 914 | 드론3 목적지64 | 1000스텝 | 배송 62/64 | 재적재 11 | 중계율 0.29 | alpha 0.617 | step_limit
Ep 915 | 드론4 목적지58 | 1000스텝 | 배송 52/58 | 재적재 10 | 중계율 0.26 | alpha 0.620 | step_limit
Ep 916 | 드론3 목적지21 |  510스텝 | 배송 21/21 | 재적재  3 | 중계율 0.29 | alpha 0.623 | complete
Ep 917 | 드론4 목적지75 | 1000스텝 | 배송 60/75 | 재적재  9 | 중계율 0.32 | alpha 0.623 | step_limit
Ep 918 | 드론4 목적지22 |  568스텝 | 배송 22/22 | 재적재  2 | 중계율 0.36 | alpha 0.627 | complete
Ep 919 | 드론4 목적지73 |  981스텝 | 배송 73/73 | 재적재 13 | 중계율 0.23 | alpha 0.632 | complete
Ep 920 | 드론3 목적지79 | 1000스텝 | 배송 50/79 | 재적재  9 | 중계율 0.24 | alpha 0.622 | step_limit
Ep 921 | 드론3 목적지27 |  633스텝 | 배송 27/27 | 재적재  4 | 중계율 0.17 | alpha 0.623 | complete
Ep 922 | 드론3 목적지20 |  356스텝 | 배송 20/20 | 재적재  3 | 중계율 0.24 | alpha 0.621 | complete
Ep 923 | 드론4 목적지51 |  826스텝 | 배송 51/51 | 재적재  8 | 중계율 0.26 | alpha 0.611 | complete
Ep 924 | 드론4 목적지68 |  993스텝 | 배송 68/68 | 재적재 12 | 중계율 0.19 | alpha 0.610 | complete
Ep 925 | 드론4 목적지30 |  550스텝 | 배송 30/30 | 재적재  4 | 중계율 0.29 | alpha 0.611 | complete
Ep 926 | 드론4 목적지31 |  497스텝 | 배송 31/31 | 재적재  5 | 중계율 0.23 | alpha 0.609 | complete
Ep 927 | 드론3 목적지62 | 1000스텝 | 배송 55/62 | 재적재 10 | 중계율 0.21 | alpha 0.608 | step_limit
Ep 928 | 드론3 목적지51 |  959스텝 | 배송 51/51 | 재적재  9 | 중계율 0.31 | alpha 0.603 | complete
Ep 929 | 드론4 목적지34 |  400스텝 | 배송 34/34 | 재적재  6 | 중계율 0.16 | alpha 0.602 | complete
Ep 930 | 드론3 목적지57 | 1000스텝 | 배송 48/57 | 재적재  8 | 중계율 0.15 | alpha 0.600 | step_limit
Ep 931 | 드론3 목적지52 | 1000스텝 | 배송 49/52 | 재적재  8 | 중계율 0.23 | alpha 0.598 | step_limit
Ep 932 | 드론4 목적지27 |  541스텝 | 배송 27/27 | 재적재  4 | 중계율 0.23 | alpha 0.596 | complete
Ep 933 | 드론4 목적지71 | 1000스텝 | 배송 68/71 | 재적재 13 | 중계율 0.25 | alpha 0.595 | step_limit
Ep 934 | 드론4 목적지65 | 1000스텝 | 배송 63/65 | 재적재 11 | 중계율 0.30 | alpha 0.597 | step_limit
Ep 935 | 드론3 목적지29 |  826스텝 | 배송 25/29 | 재적재  4 | 중계율 0.22 | alpha 0.598 | no_progress
Ep 936 | 드론3 목적지44 |  898스텝 | 배송 44/44 | 재적재  8 | 중계율 0.25 | alpha 0.600 | complete
Ep 937 | 드론3 목적지22 |  832스텝 | 배송 22/22 | 재적재  4 | 중계율 0.28 | alpha 0.599 | complete
Ep 938 | 드론3 목적지44 |  951스텝 | 배송 44/44 | 재적재  7 | 중계율 0.34 | alpha 0.590 | complete
Ep 939 | 드론4 목적지68 | 1000스텝 | 배송 60/68 | 재적재 10 | 중계율 0.31 | alpha 0.578 | step_limit
Ep 940 | 드론4 목적지43 | 1000스텝 | 배송 43/43 | 재적재  8 | 중계율 0.36 | alpha 0.570 | complete
Ep 941 | 드론4 목적지73 | 1000스텝 | 배송 66/73 | 재적재 11 | 중계율 0.28 | alpha 0.562 | step_limit
Ep 942 | 드론4 목적지26 |  376스텝 | 배송 26/26 | 재적재  3 | 중계율 0.20 | alpha 0.555 | complete
Ep 943 | 드론4 목적지28 |  656스텝 | 배송 28/28 | 재적재  3 | 중계율 0.32 | alpha 0.550 | complete
Ep 944 | 드론3 목적지79 | 1000스텝 | 배송 53/79 | 재적재 10 | 중계율 0.15 | alpha 0.543 | step_limit
Ep 945 | 드론3 목적지61 | 1000스텝 | 배송 53/61 | 재적재 10 | 중계율 0.23 | alpha 0.543 | step_limit
Ep 946 | 드론3 목적지50 |  930스텝 | 배송 50/50 | 재적재  8 | 중계율 0.28 | alpha 0.538 | complete
Ep 947 | 드론4 목적지25 |  481스텝 | 배송 25/25 | 재적재  4 | 중계율 0.24 | alpha 0.531 | complete
Ep 948 | 드론4 목적지58 |  819스텝 | 배송 58/58 | 재적재 10 | 중계율 0.23 | alpha 0.529 | complete
Ep 949 | 드론4 목적지52 |  701스텝 | 배송 52/52 | 재적재  8 | 중계율 0.23 | alpha 0.527 | complete
Ep 950 | 드론4 목적지43 |  735스텝 | 배송 43/43 | 재적재  6 | 중계율 0.18 | alpha 0.522 | complete
  [홀드아웃] 배송 50.0±0.0 완주 1.00 스텝 957 점수 127.2 재적재 8.5 2홉+ 0.60 | 최고 127.2@ep950 정체 0/15  ← 갱신
Ep 951 | 드론4 목적지30 |  492스텝 | 배송 30/30 | 재적재  3 | 중계율 0.31 | alpha 0.516 | complete
Ep 952 | 드론3 목적지51 |  939스텝 | 배송 51/51 | 재적재  9 | 중계율 0.29 | alpha 0.509 | complete
Ep 953 | 드론4 목적지43 |  698스텝 | 배송 43/43 | 재적재  7 | 중계율 0.25 | alpha 0.505 | complete
Ep 954 | 드론4 목적지80 | 1000스텝 | 배송 66/80 | 재적재 11 | 중계율 0.25 | alpha 0.510 | step_limit
Ep 955 | 드론4 목적지46 |  755스텝 | 배송 46/46 | 재적재  8 | 중계율 0.25 | alpha 0.515 | complete
Ep 956 | 드론4 목적지37 |  614스텝 | 배송 37/37 | 재적재  5 | 중계율 0.27 | alpha 0.517 | complete
Ep 957 | 드론3 목적지52 | 1000스텝 | 배송 50/52 | 재적재  9 | 중계율 0.16 | alpha 0.520 | step_limit
Ep 958 | 드론4 목적지46 | 1000스텝 | 배송 40/46 | 재적재  6 | 중계율 0.37 | alpha 0.526 | step_limit
Ep 959 | 드론3 목적지46 |  780스텝 | 배송 46/46 | 재적재  8 | 중계율 0.21 | alpha 0.529 | complete
Ep 960 | 드론4 목적지66 |  876스텝 | 배송 66/66 | 재적재 12 | 중계율 0.21 | alpha 0.535 | complete
Ep 961 | 드론3 목적지76 | 1000스텝 | 배송 52/76 | 재적재  9 | 중계율 0.26 | alpha 0.540 | step_limit
Ep 962 | 드론3 목적지52 |  899스텝 | 배송 52/52 | 재적재 10 | 중계율 0.26 | alpha 0.540 | complete
Ep 963 | 드론3 목적지56 | 1000스텝 | 배송 35/56 | 재적재  6 | 중계율 0.24 | alpha 0.542 | step_limit
Ep 964 | 드론3 목적지54 |  699스텝 | 배송 54/54 | 재적재  9 | 중계율 0.16 | alpha 0.545 | complete
Ep 965 | 드론3 목적지34 |  690스텝 | 배송 34/34 | 재적재  6 | 중계율 0.23 | alpha 0.554 | complete
Ep 966 | 드론4 목적지77 |  719스텝 | 배송 77/77 | 재적재 14 | 중계율 0.13 | alpha 0.563 | complete
Ep 967 | 드론4 목적지38 |  615스텝 | 배송 38/38 | 재적재  6 | 중계율 0.16 | alpha 0.566 | complete
Ep 968 | 드론4 목적지37 |  645스텝 | 배송 37/37 | 재적재  6 | 중계율 0.27 | alpha 0.573 | complete
Ep 969 | 드론3 목적지54 | 1000스텝 | 배송 50/54 | 재적재  8 | 중계율 0.25 | alpha 0.581 | step_limit
Ep 970 | 드론4 목적지80 | 1000스텝 | 배송 75/80 | 재적재 13 | 중계율 0.24 | alpha 0.588 | step_limit
Ep 971 | 드론4 목적지26 |  399스텝 | 배송 26/26 | 재적재  3 | 중계율 0.16 | alpha 0.590 | complete
Ep 972 | 드론4 목적지27 |  613스텝 | 배송 27/27 | 재적재  4 | 중계율 0.27 | alpha 0.595 | complete
Ep 973 | 드론3 목적지36 | 1000스텝 | 배송 35/36 | 재적재  6 | 중계율 0.28 | alpha 0.607 | step_limit
Ep 974 | 드론3 목적지80 | 1000스텝 | 배송 67/80 | 재적재 13 | 중계율 0.19 | alpha 0.618 | step_limit
Ep 975 | 드론4 목적지80 | 1000스텝 | 배송 73/80 | 재적재 13 | 중계율 0.24 | alpha 0.633 | step_limit
Ep 976 | 드론3 목적지48 |  850스텝 | 배송 48/48 | 재적재  8 | 중계율 0.30 | alpha 0.646 | complete
Ep 977 | 드론4 목적지48 |  656스텝 | 배송 48/48 | 재적재  7 | 중계율 0.17 | alpha 0.657 | complete
Ep 978 | 드론4 목적지69 | 1000스텝 | 배송 66/69 | 재적재 13 | 중계율 0.25 | alpha 0.662 | step_limit
Ep 979 | 드론4 목적지58 |  717스텝 | 배송 58/58 | 재적재 10 | 중계율 0.18 | alpha 0.669 | complete
Ep 980 | 드론4 목적지73 | 1000스텝 | 배송 61/73 | 재적재 11 | 중계율 0.32 | alpha 0.674 | step_limit
Ep 981 | 드론3 목적지62 | 1000스텝 | 배송 60/62 | 재적재 10 | 중계율 0.27 | alpha 0.691 | step_limit
Ep 982 | 드론4 목적지66 | 1000스텝 | 배송 63/66 | 재적재 11 | 중계율 0.31 | alpha 0.704 | step_limit
Ep 983 | 드론3 목적지22 |  469스텝 | 배송 22/22 | 재적재  2 | 중계율 0.13 | alpha 0.709 | complete
Ep 984 | 드론3 목적지53 | 1000스텝 | 배송 45/53 | 재적재  8 | 중계율 0.30 | alpha 0.709 | step_limit
Ep 985 | 드론4 목적지65 |  828스텝 | 배송 65/65 | 재적재 12 | 중계율 0.20 | alpha 0.709 | complete
Ep 986 | 드론4 목적지35 |  498스텝 | 배송 35/35 | 재적재  4 | 중계율 0.23 | alpha 0.704 | complete
Ep 987 | 드론4 목적지47 |  697스텝 | 배송 47/47 | 재적재  8 | 중계율 0.19 | alpha 0.711 | complete
Ep 988 | 드론3 목적지24 |  649스텝 | 배송 24/24 | 재적재  4 | 중계율 0.25 | alpha 0.718 | complete
Ep 989 | 드론3 목적지64 | 1000스텝 | 배송 55/64 | 재적재 11 | 중계율 0.23 | alpha 0.714 | step_limit
Ep 990 | 드론3 목적지26 |  559스텝 | 배송 26/26 | 재적재  4 | 중계율 0.25 | alpha 0.718 | complete
Ep 991 | 드론3 목적지30 |  676스텝 | 배송 30/30 | 재적재  5 | 중계율 0.29 | alpha 0.723 | complete
Ep 992 | 드론3 목적지59 | 1000스텝 | 배송 50/59 | 재적재  8 | 중계율 0.21 | alpha 0.709 | step_limit
Ep 993 | 드론3 목적지46 | 1000스텝 | 배송 45/46 | 재적재  9 | 중계율 0.26 | alpha 0.697 | step_limit
Ep 994 | 드론4 목적지71 | 1000스텝 | 배송 69/71 | 재적재 13 | 중계율 0.16 | alpha 0.704 | step_limit
Ep 995 | 드론3 목적지61 | 1000스텝 | 배송 55/61 | 재적재 10 | 중계율 0.27 | alpha 0.699 | step_limit
Ep 996 | 드론3 목적지61 |  990스텝 | 배송 61/61 | 재적재 11 | 중계율 0.17 | alpha 0.690 | complete
Ep 997 | 드론3 목적지59 | 1000스텝 | 배송 56/59 | 재적재 10 | 중계율 0.27 | alpha 0.683 | step_limit
Ep 998 | 드론4 목적지70 | 1000스텝 | 배송 58/70 | 재적재 10 | 중계율 0.30 | alpha 0.683 | step_limit
Ep 999 | 드론3 목적지49 |  875스텝 | 배송 49/49 | 재적재  8 | 중계율 0.24 | alpha 0.674 | complete
Ep 1000 | 드론4 목적지63 |  922스텝 | 배송 63/63 | 재적재 12 | 중계율 0.24 | alpha 0.681 | complete
  [홀드아웃] 배송 50.0±0.2 완주 0.99 스텝 903 점수 126.7 재적재 8.3 2홉+ 0.60 | 최고 127.2@ep950 정체 1/15
Ep 1001 | 드론4 목적지43 |  643스텝 | 배송 43/43 | 재적재  7 | 중계율 0.20 | alpha 0.683 | complete
Ep 1002 | 드론3 목적지78 | 1000스텝 | 배송 57/78 | 재적재 10 | 중계율 0.23 | alpha 0.688 | step_limit
Ep 1003 | 드론3 목적지74 | 1000스텝 | 배송 54/74 | 재적재 10 | 중계율 0.25 | alpha 0.693 | step_limit
Ep 1004 | 드론4 목적지61 |  788스텝 | 배송 61/61 | 재적재 11 | 중계율 0.25 | alpha 0.702 | complete
Ep 1005 | 드론4 목적지62 | 1000스텝 | 배송 61/62 | 재적재 12 | 중계율 0.26 | alpha 0.708 | step_limit
Ep 1006 | 드론3 목적지22 |  667스텝 | 배송 22/22 | 재적재  3 | 중계율 0.26 | alpha 0.712 | complete
Ep 1007 | 드론4 목적지79 | 1000스텝 | 배송 73/79 | 재적재 13 | 중계율 0.29 | alpha 0.718 | step_limit
Ep 1008 | 드론3 목적지28 |  747스텝 | 배송 28/28 | 재적재  5 | 중계율 0.24 | alpha 0.727 | complete
Ep 1009 | 드론3 목적지65 | 1000스텝 | 배송 56/65 | 재적재 11 | 중계율 0.26 | alpha 0.740 | step_limit
Ep 1010 | 드론4 목적지22 |  416스텝 | 배송 22/22 | 재적재  1 | 중계율 0.28 | alpha 0.747 | complete
Ep 1011 | 드론4 목적지52 |  647스텝 | 배송 52/52 | 재적재  9 | 중계율 0.14 | alpha 0.760 | complete
Ep 1012 | 드론4 목적지47 |  683스텝 | 배송 47/47 | 재적재  9 | 중계율 0.24 | alpha 0.757 | complete
Ep 1013 | 드론4 목적지66 |  709스텝 | 배송 66/66 | 재적재 11 | 중계율 0.13 | alpha 0.754 | complete
Ep 1014 | 드론3 목적지69 | 1000스텝 | 배송 65/69 | 재적재 11 | 중계율 0.22 | alpha 0.759 | step_limit
Ep 1015 | 드론3 목적지77 | 1000스텝 | 배송 70/77 | 재적재 12 | 중계율 0.16 | alpha 0.751 | step_limit
Ep 1016 | 드론3 목적지80 | 1000스텝 | 배송 62/80 | 재적재 12 | 중계율 0.23 | alpha 0.739 | step_limit
Ep 1017 | 드론4 목적지51 |  623스텝 | 배송 51/51 | 재적재  9 | 중계율 0.19 | alpha 0.748 | complete
Ep 1018 | 드론4 목적지21 |  342스텝 | 배송 21/21 | 재적재  4 | 중계율 0.18 | alpha 0.743 | complete
Ep 1019 | 드론3 목적지58 | 1000스텝 | 배송 55/58 | 재적재  9 | 중계율 0.25 | alpha 0.740 | step_limit
Ep 1020 | 드론3 목적지74 | 1000스텝 | 배송 62/74 | 재적재 12 | 중계율 0.28 | alpha 0.743 | step_limit
Ep 1021 | 드론3 목적지48 |  910스텝 | 배송 48/48 | 재적재  9 | 중계율 0.22 | alpha 0.735 | complete
Ep 1022 | 드론4 목적지27 |  453스텝 | 배송 27/27 | 재적재  5 | 중계율 0.16 | alpha 0.725 | complete
Ep 1023 | 드론4 목적지46 |  597스텝 | 배송 46/46 | 재적재  7 | 중계율 0.15 | alpha 0.721 | complete
Ep 1024 | 드론3 목적지70 | 1000스텝 | 배송 52/70 | 재적재  8 | 중계율 0.33 | alpha 0.713 | step_limit
Ep 1025 | 드론4 목적지41 |  923스텝 | 배송 41/41 | 재적재  7 | 중계율 0.33 | alpha 0.709 | complete
Ep 1026 | 드론4 목적지76 | 1000스텝 | 배송 73/76 | 재적재 14 | 중계율 0.29 | alpha 0.705 | step_limit
Ep 1027 | 드론3 목적지51 |  965스텝 | 배송 51/51 | 재적재 10 | 중계율 0.29 | alpha 0.708 | complete
Ep 1028 | 드론3 목적지27 |  542스텝 | 배송 27/27 | 재적재  4 | 중계율 0.16 | alpha 0.702 | complete
Ep 1029 | 드론3 목적지37 |  789스텝 | 배송 37/37 | 재적재  6 | 중계율 0.22 | alpha 0.702 | complete
Ep 1030 | 드론3 목적지46 | 1000스텝 | 배송 44/46 | 재적재  8 | 중계율 0.32 | alpha 0.712 | step_limit
Ep 1031 | 드론4 목적지20 |  583스텝 | 배송 20/20 | 재적재  3 | 중계율 0.22 | alpha 0.709 | complete
Ep 1032 | 드론3 목적지27 |  345스텝 | 배송 27/27 | 재적재  3 | 중계율 0.15 | alpha 0.709 | complete
Ep 1033 | 드론4 목적지38 |  424스텝 | 배송 38/38 | 재적재  6 | 중계율 0.18 | alpha 0.710 | complete
Ep 1034 | 드론3 목적지66 | 1000스텝 | 배송 57/66 | 재적재 10 | 중계율 0.22 | alpha 0.713 | step_limit
Ep 1035 | 드론4 목적지64 |  867스텝 | 배송 64/64 | 재적재 11 | 중계율 0.27 | alpha 0.722 | complete
Ep 1036 | 드론3 목적지59 | 1000스텝 | 배송 56/59 | 재적재 10 | 중계율 0.24 | alpha 0.716 | step_limit
Ep 1037 | 드론3 목적지49 | 1000스텝 | 배송 46/49 | 재적재  8 | 중계율 0.13 | alpha 0.716 | step_limit
Ep 1038 | 드론4 목적지57 | 1000스텝 | 배송 36/57 | 재적재  6 | 중계율 0.28 | alpha 0.720 | step_limit
Ep 1039 | 드론3 목적지73 | 1000스텝 | 배송 61/73 | 재적재 11 | 중계율 0.19 | alpha 0.725 | step_limit
Ep 1040 | 드론3 목적지44 |  781스텝 | 배송 44/44 | 재적재  7 | 중계율 0.31 | alpha 0.723 | complete
Ep 1041 | 드론4 목적지65 | 1000스텝 | 배송 61/65 | 재적재 11 | 중계율 0.26 | alpha 0.727 | step_limit
Ep 1042 | 드론3 목적지37 |  997스텝 | 배송 37/37 | 재적재  6 | 중계율 0.33 | alpha 0.727 | complete
Ep 1043 | 드론4 목적지52 |  746스텝 | 배송 52/52 | 재적재  9 | 중계율 0.14 | alpha 0.731 | complete
Ep 1044 | 드론3 목적지36 |  714스텝 | 배송 36/36 | 재적재  5 | 중계율 0.21 | alpha 0.732 | complete
Ep 1045 | 드론3 목적지52 |  789스텝 | 배송 52/52 | 재적재  9 | 중계율 0.15 | alpha 0.725 | complete
Ep 1046 | 드론4 목적지43 |  744스텝 | 배송 43/43 | 재적재  6 | 중계율 0.24 | alpha 0.724 | complete
Ep 1047 | 드론3 목적지52 | 1000스텝 | 배송 48/52 | 재적재  8 | 중계율 0.33 | alpha 0.740 | step_limit
Ep 1048 | 드론3 목적지51 |  941스텝 | 배송 51/51 | 재적재 10 | 중계율 0.25 | alpha 0.749 | complete
Ep 1049 | 드론3 목적지72 | 1000스텝 | 배송 55/72 | 재적재 10 | 중계율 0.25 | alpha 0.748 | step_limit
Ep 1050 | 드론4 목적지76 | 1000스텝 | 배송 65/76 | 재적재 12 | 중계율 0.26 | alpha 0.745 | step_limit
  [홀드아웃] 배송 49.0±5.2 완주 0.95 스텝 939 점수 122.5 재적재 8.1 2홉+ 0.61 | 최고 127.2@ep950 정체 2/15
Ep 1051 | 드론3 목적지79 | 1000스텝 | 배송 51/79 | 재적재 10 | 중계율 0.24 | alpha 0.739 | step_limit
Ep 1052 | 드론4 목적지45 |  676스텝 | 배송 45/45 | 재적재  8 | 중계율 0.25 | alpha 0.743 | complete
Ep 1053 | 드론4 목적지49 |  845스텝 | 배송 49/49 | 재적재  8 | 중계율 0.31 | alpha 0.738 | complete
Ep 1054 | 드론4 목적지61 |  712스텝 | 배송 61/61 | 재적재 11 | 중계율 0.12 | alpha 0.738 | complete
Ep 1055 | 드론4 목적지41 |  700스텝 | 배송 41/41 | 재적재  7 | 중계율 0.29 | alpha 0.722 | complete
Ep 1056 | 드론4 목적지54 |  998스텝 | 배송 54/54 | 재적재 10 | 중계율 0.29 | alpha 0.709 | complete
Ep 1057 | 드론4 목적지64 | 1000스텝 | 배송 60/64 | 재적재 12 | 중계율 0.21 | alpha 0.703 | step_limit
Ep 1058 | 드론4 목적지66 | 1000스텝 | 배송 64/66 | 재적재 11 | 중계율 0.32 | alpha 0.707 | step_limit
Ep 1059 | 드론3 목적지51 |  818스텝 | 배송 51/51 | 재적재  9 | 중계율 0.14 | alpha 0.718 | complete
Ep 1060 | 드론4 목적지52 |  950스텝 | 배송 52/52 | 재적재  9 | 중계율 0.34 | alpha 0.731 | complete
Ep 1061 | 드론4 목적지37 |  694스텝 | 배송 37/37 | 재적재  5 | 중계율 0.23 | alpha 0.742 | complete
Ep 1062 | 드론4 목적지24 |  306스텝 | 배송 24/24 | 재적재  3 | 중계율 0.25 | alpha 0.751 | complete
Ep 1063 | 드론4 목적지73 | 1000스텝 | 배송 72/73 | 재적재 14 | 중계율 0.22 | alpha 0.760 | step_limit
Ep 1064 | 드론4 목적지39 |  824스텝 | 배송 39/39 | 재적재  6 | 중계율 0.35 | alpha 0.769 | complete
Ep 1065 | 드론3 목적지24 |  454스텝 | 배송 24/24 | 재적재  4 | 중계율 0.22 | alpha 0.774 | complete
Ep 1066 | 드론3 목적지75 | 1000스텝 | 배송 70/75 | 재적재 12 | 중계율 0.19 | alpha 0.775 | step_limit
Ep 1067 | 드론4 목적지50 |  577스텝 | 배송 50/50 | 재적재  8 | 중계율 0.21 | alpha 0.777 | complete
Ep 1068 | 드론3 목적지45 |  710스텝 | 배송 45/45 | 재적재  8 | 중계율 0.17 | alpha 0.776 | complete
Ep 1069 | 드론4 목적지20 |  344스텝 | 배송 20/20 | 재적재  3 | 중계율 0.24 | alpha 0.777 | complete
Ep 1070 | 드론3 목적지79 | 1000스텝 | 배송 66/79 | 재적재 12 | 중계율 0.19 | alpha 0.787 | step_limit
Ep 1071 | 드론3 목적지32 |  573스텝 | 배송 32/32 | 재적재  5 | 중계율 0.21 | alpha 0.792 | complete
Ep 1072 | 드론3 목적지56 | 1000스텝 | 배송 51/56 | 재적재  9 | 중계율 0.27 | alpha 0.807 | step_limit
Ep 1073 | 드론4 목적지25 |  509스텝 | 배송 25/25 | 재적재  4 | 중계율 0.27 | alpha 0.810 | complete
Ep 1074 | 드론3 목적지34 |  949스텝 | 배송 34/34 | 재적재  6 | 중계율 0.31 | alpha 0.808 | complete
Ep 1075 | 드론4 목적지40 |  585스텝 | 배송 40/40 | 재적재  7 | 중계율 0.20 | alpha 0.813 | complete
Ep 1076 | 드론3 목적지73 | 1000스텝 | 배송 65/73 | 재적재 11 | 중계율 0.20 | alpha 0.810 | step_limit
Ep 1077 | 드론4 목적지50 |  723스텝 | 배송 50/50 | 재적재  8 | 중계율 0.26 | alpha 0.805 | complete
Ep 1078 | 드론4 목적지62 | 1000스텝 | 배송 57/62 | 재적재 11 | 중계율 0.30 | alpha 0.798 | step_limit
Ep 1079 | 드론3 목적지25 |  422스텝 | 배송 25/25 | 재적재  3 | 중계율 0.19 | alpha 0.797 | complete
Ep 1080 | 드론3 목적지51 | 1000스텝 | 배송 50/51 | 재적재  8 | 중계율 0.25 | alpha 0.801 | step_limit
Ep 1081 | 드론4 목적지46 |  784스텝 | 배송 46/46 | 재적재  7 | 중계율 0.35 | alpha 0.805 | complete
Ep 1082 | 드론4 목적지51 |  616스텝 | 배송 51/51 | 재적재  8 | 중계율 0.19 | alpha 0.811 | complete
Ep 1083 | 드론3 목적지64 | 1000스텝 | 배송 53/64 | 재적재 10 | 중계율 0.33 | alpha 0.812 | step_limit
Ep 1084 | 드론3 목적지48 |  978스텝 | 배송 48/48 | 재적재  9 | 중계율 0.27 | alpha 0.809 | complete
Ep 1085 | 드론3 목적지60 | 1000스텝 | 배송 52/60 | 재적재 10 | 중계율 0.25 | alpha 0.813 | step_limit
Ep 1086 | 드론4 목적지27 |  614스텝 | 배송 27/27 | 재적재  5 | 중계율 0.32 | alpha 0.818 | complete
Ep 1087 | 드론4 목적지66 | 1000스텝 | 배송 55/66 | 재적재 10 | 중계율 0.36 | alpha 0.823 | step_limit
Ep 1088 | 드론4 목적지48 |  740스텝 | 배송 48/48 | 재적재  8 | 중계율 0.19 | alpha 0.827 | complete
Ep 1089 | 드론3 목적지63 | 1000스텝 | 배송 60/63 | 재적재 10 | 중계율 0.23 | alpha 0.833 | step_limit
Ep 1090 | 드론4 목적지78 | 1000스텝 | 배송 58/78 | 재적재 11 | 중계율 0.22 | alpha 0.837 | step_limit
Ep 1091 | 드론3 목적지66 | 1000스텝 | 배송 60/66 | 재적재 11 | 중계율 0.28 | alpha 0.843 | step_limit
Ep 1092 | 드론3 목적지77 | 1000스텝 | 배송 53/77 | 재적재  9 | 중계율 0.23 | alpha 0.844 | step_limit
Ep 1093 | 드론3 목적지72 | 1000스텝 | 배송 60/72 | 재적재 10 | 중계율 0.25 | alpha 0.843 | step_limit
Ep 1094 | 드론4 목적지45 |  594스텝 | 배송 45/45 | 재적재  6 | 중계율 0.25 | alpha 0.846 | complete
Ep 1095 | 드론4 목적지21 |  391스텝 | 배송 21/21 | 재적재  3 | 중계율 0.21 | alpha 0.849 | complete
Ep 1096 | 드론4 목적지77 |  835스텝 | 배송 77/77 | 재적재 14 | 중계율 0.17 | alpha 0.850 | complete
Ep 1097 | 드론3 목적지44 |  949스텝 | 배송 44/44 | 재적재  8 | 중계율 0.23 | alpha 0.850 | complete
Ep 1098 | 드론3 목적지59 | 1000스텝 | 배송 51/59 | 재적재  9 | 중계율 0.30 | alpha 0.852 | step_limit
Ep 1099 | 드론3 목적지75 | 1000스텝 | 배송 56/75 | 재적재  9 | 중계율 0.20 | alpha 0.854 | step_limit
Ep 1100 | 드론3 목적지54 | 1000스텝 | 배송 51/54 | 재적재  9 | 중계율 0.27 | alpha 0.852 | step_limit
  [홀드아웃] 배송 49.9±0.6 완주 0.97 스텝 925 점수 125.2 재적재 8.3 2홉+ 0.61 | 최고 127.2@ep950 정체 3/15
Ep 1101 | 드론3 목적지78 | 1000스텝 | 배송 63/78 | 재적재 11 | 중계율 0.19 | alpha 0.862 | step_limit
Ep 1102 | 드론4 목적지36 |  475스텝 | 배송 36/36 | 재적재  5 | 중계율 0.19 | alpha 0.860 | complete
Ep 1103 | 드론3 목적지32 |  719스텝 | 배송 32/32 | 재적재  5 | 중계율 0.32 | alpha 0.867 | complete
Ep 1104 | 드론4 목적지37 |  637스텝 | 배송 37/37 | 재적재  7 | 중계율 0.30 | alpha 0.861 | complete
Ep 1105 | 드론4 목적지63 |  804스텝 | 배송 63/63 | 재적재 12 | 중계율 0.18 | alpha 0.848 | complete
Ep 1106 | 드론4 목적지46 |  737스텝 | 배송 46/46 | 재적재  7 | 중계율 0.25 | alpha 0.850 | complete
Ep 1107 | 드론4 목적지21 |  391스텝 | 배송 21/21 | 재적재  3 | 중계율 0.36 | alpha 0.854 | complete
Ep 1108 | 드론3 목적지41 |  769스텝 | 배송 17/41 | 재적재  3 | 중계율 0.41 | alpha 0.850 | no_progress
Ep 1109 | 드론4 목적지21 |  278스텝 | 배송 21/21 | 재적재  3 | 중계율 0.09 | alpha 0.854 | complete
Ep 1110 | 드론3 목적지55 | 1000스텝 | 배송 50/55 | 재적재  9 | 중계율 0.32 | alpha 0.861 | step_limit
Ep 1111 | 드론4 목적지49 |  594스텝 | 배송 49/49 | 재적재  7 | 중계율 0.11 | alpha 0.857 | complete
Ep 1112 | 드론3 목적지27 |  744스텝 | 배송 27/27 | 재적재  5 | 중계율 0.30 | alpha 0.847 | complete
Ep 1113 | 드론4 목적지70 |  862스텝 | 배송 70/70 | 재적재 12 | 중계율 0.13 | alpha 0.842 | complete
Ep 1114 | 드론4 목적지50 |  750스텝 | 배송 50/50 | 재적재  9 | 중계율 0.23 | alpha 0.845 | complete
Ep 1115 | 드론4 목적지73 | 1000스텝 | 배송 57/73 | 재적재  9 | 중계율 0.29 | alpha 0.845 | step_limit
Ep 1116 | 드론3 목적지54 | 1000스텝 | 배송 49/54 | 재적재  9 | 중계율 0.32 | alpha 0.846 | step_limit
Ep 1117 | 드론4 목적지74 |  828스텝 | 배송 74/74 | 재적재 13 | 중계율 0.17 | alpha 0.835 | complete
Ep 1118 | 드론4 목적지52 | 1000스텝 | 배송 52/52 | 재적재 10 | 중계율 0.40 | alpha 0.829 | complete
Ep 1119 | 드론4 목적지22 |  428스텝 | 배송 22/22 | 재적재  2 | 중계율 0.32 | alpha 0.834 | complete
Ep 1120 | 드론4 목적지40 |  605스텝 | 배송 40/40 | 재적재  6 | 중계율 0.23 | alpha 0.836 | complete
Ep 1121 | 드론4 목적지26 |  853스텝 | 배송 26/26 | 재적재  4 | 중계율 0.42 | alpha 0.841 | complete
Ep 1122 | 드론4 목적지55 |  512스텝 | 배송 55/55 | 재적재  9 | 중계율 0.09 | alpha 0.845 | complete
Ep 1123 | 드론4 목적지54 |  672스텝 | 배송 54/54 | 재적재 10 | 중계율 0.20 | alpha 0.842 | complete
Ep 1124 | 드론4 목적지79 | 1000스텝 | 배송 75/79 | 재적재 13 | 중계율 0.17 | alpha 0.844 | step_limit
Ep 1125 | 드론4 목적지53 | 1000스텝 | 배송 52/53 | 재적재  8 | 중계율 0.33 | alpha 0.837 | step_limit
Ep 1126 | 드론4 목적지21 |  355스텝 | 배송 21/21 | 재적재  3 | 중계율 0.26 | alpha 0.834 | complete
Ep 1127 | 드론3 목적지66 | 1000스텝 | 배송 51/66 | 재적재  8 | 중계율 0.32 | alpha 0.836 | step_limit
Ep 1128 | 드론4 목적지70 | 1000스텝 | 배송 69/70 | 재적재 13 | 중계율 0.26 | alpha 0.836 | step_limit
Ep 1129 | 드론4 목적지28 |  814스텝 | 배송 28/28 | 재적재  5 | 중계율 0.38 | alpha 0.845 | complete
Ep 1130 | 드론4 목적지45 |  646스텝 | 배송 45/45 | 재적재  7 | 중계율 0.23 | alpha 0.846 | complete
Ep 1131 | 드론3 목적지55 | 1000스텝 | 배송 50/55 | 재적재  9 | 중계율 0.25 | alpha 0.843 | step_limit
Ep 1132 | 드론4 목적지59 |  966스텝 | 배송 59/59 | 재적재 11 | 중계율 0.29 | alpha 0.849 | complete
Ep 1133 | 드론4 목적지69 |  909스텝 | 배송 69/69 | 재적재 12 | 중계율 0.16 | alpha 0.842 | complete
Ep 1134 | 드론4 목적지28 |  452스텝 | 배송 28/28 | 재적재  4 | 중계율 0.30 | alpha 0.843 | complete
Ep 1135 | 드론3 목적지68 | 1000스텝 | 배송 57/68 | 재적재 10 | 중계율 0.34 | alpha 0.836 | step_limit
Ep 1136 | 드론4 목적지76 | 1000스텝 | 배송 63/76 | 재적재 11 | 중계율 0.35 | alpha 0.840 | step_limit
Ep 1137 | 드론4 목적지30 |  309스텝 | 배송 30/30 | 재적재  3 | 중계율 0.17 | alpha 0.842 | complete
Ep 1138 | 드론3 목적지48 | 1000스텝 | 배송 47/48 | 재적재  9 | 중계율 0.24 | alpha 0.850 | step_limit
Ep 1139 | 드론4 목적지39 |  586스텝 | 배송 39/39 | 재적재  6 | 중계율 0.22 | alpha 0.852 | complete
Ep 1140 | 드론3 목적지80 | 1000스텝 | 배송 68/80 | 재적재 13 | 중계율 0.15 | alpha 0.845 | step_limit
Ep 1141 | 드론3 목적지28 |  521스텝 | 배송 28/28 | 재적재  5 | 중계율 0.16 | alpha 0.850 | complete
Ep 1142 | 드론4 목적지47 |  789스텝 | 배송 47/47 | 재적재  8 | 중계율 0.18 | alpha 0.847 | complete
Ep 1143 | 드론3 목적지44 | 1000스텝 | 배송 40/44 | 재적재  7 | 중계율 0.28 | alpha 0.837 | step_limit
Ep 1144 | 드론3 목적지28 |  644스텝 | 배송 28/28 | 재적재  5 | 중계율 0.28 | alpha 0.826 | complete
Ep 1145 | 드론4 목적지21 |  457스텝 | 배송 21/21 | 재적재  4 | 중계율 0.28 | alpha 0.826 | complete
Ep 1146 | 드론3 목적지72 | 1000스텝 | 배송 67/72 | 재적재 12 | 중계율 0.19 | alpha 0.804 | step_limit
Ep 1147 | 드론3 목적지77 | 1000스텝 | 배송 68/77 | 재적재 11 | 중계율 0.19 | alpha 0.786 | step_limit
Ep 1148 | 드론4 목적지45 |  691스텝 | 배송 45/45 | 재적재  7 | 중계율 0.30 | alpha 0.782 | complete
Ep 1149 | 드론3 목적지80 | 1000스텝 | 배송 66/80 | 재적재 11 | 중계율 0.20 | alpha 0.788 | step_limit
Ep 1150 | 드론3 목적지73 | 1000스텝 | 배송 57/73 | 재적재 10 | 중계율 0.17 | alpha 0.799 | step_limit
  [홀드아웃] 배송 50.0±0.0 완주 1.00 스텝 930 점수 127.6 재적재 8.4 2홉+ 0.60 | 최고 127.6@ep1150 정체 0/15  ← 갱신
Ep 1151 | 드론3 목적지40 |  962스텝 | 배송 40/40 | 재적재  6 | 중계율 0.33 | alpha 0.799 | complete
Ep 1152 | 드론3 목적지61 | 1000스텝 | 배송 51/61 | 재적재 10 | 중계율 0.19 | alpha 0.799 | step_limit
Ep 1153 | 드론4 목적지24 |  701스텝 | 배송 24/24 | 재적재  4 | 중계율 0.33 | alpha 0.799 | complete
Ep 1154 | 드론3 목적지24 |  670스텝 | 배송 24/24 | 재적재  3 | 중계율 0.28 | alpha 0.801 | complete
Ep 1155 | 드론3 목적지31 |  778스텝 | 배송 31/31 | 재적재  5 | 중계율 0.29 | alpha 0.805 | complete
Ep 1156 | 드론3 목적지20 |  328스텝 | 배송 20/20 | 재적재  3 | 중계율 0.19 | alpha 0.807 | complete
Ep 1157 | 드론4 목적지23 |  420스텝 | 배송 23/23 | 재적재  2 | 중계율 0.20 | alpha 0.804 | complete
Ep 1158 | 드론4 목적지41 | 1000스텝 | 배송 37/41 | 재적재  6 | 중계율 0.36 | alpha 0.799 | step_limit
Ep 1159 | 드론4 목적지64 | 1000스텝 | 배송 57/64 | 재적재 10 | 중계율 0.18 | alpha 0.767 | step_limit
Ep 1160 | 드론3 목적지47 | 1000스텝 | 배송 46/47 | 재적재  8 | 중계율 0.26 | alpha 0.744 | step_limit
Ep 1161 | 드론4 목적지70 |  927스텝 | 배송 70/70 | 재적재 12 | 중계율 0.16 | alpha 0.731 | complete
Ep 1162 | 드론4 목적지77 | 1000스텝 | 배송 76/77 | 재적재 14 | 중계율 0.16 | alpha 0.717 | step_limit
Ep 1163 | 드론3 목적지43 |  979스텝 | 배송 43/43 | 재적재  7 | 중계율 0.38 | alpha 0.707 | complete
Ep 1164 | 드론3 목적지40 |  829스텝 | 배송 40/40 | 재적재  6 | 중계율 0.28 | alpha 0.704 | complete
Ep 1165 | 드론4 목적지67 |  840스텝 | 배송 67/67 | 재적재 12 | 중계율 0.18 | alpha 0.711 | complete
Ep 1166 | 드론4 목적지65 |  881스텝 | 배송 65/65 | 재적재 11 | 중계율 0.17 | alpha 0.717 | complete
Ep 1167 | 드론3 목적지24 |  760스텝 | 배송 24/24 | 재적재  3 | 중계율 0.26 | alpha 0.719 | complete
Ep 1168 | 드론4 목적지67 | 1000스텝 | 배송 62/67 | 재적재 11 | 중계율 0.31 | alpha 0.721 | step_limit
Ep 1169 | 드론3 목적지37 |  674스텝 | 배송 37/37 | 재적재  6 | 중계율 0.18 | alpha 0.726 | complete
Ep 1170 | 드론3 목적지35 |  858스텝 | 배송 35/35 | 재적재  6 | 중계율 0.22 | alpha 0.735 | complete
Ep 1171 | 드론4 목적지70 |  987스텝 | 배송 70/70 | 재적재 13 | 중계율 0.29 | alpha 0.742 | complete
Ep 1172 | 드론4 목적지56 |  893스텝 | 배송 56/56 | 재적재 10 | 중계율 0.31 | alpha 0.742 | complete
Ep 1173 | 드론3 목적지39 |  828스텝 | 배송 39/39 | 재적재  7 | 중계율 0.28 | alpha 0.732 | complete
Ep 1174 | 드론4 목적지53 |  766스텝 | 배송 53/53 | 재적재  9 | 중계율 0.26 | alpha 0.736 | complete
Ep 1175 | 드론4 목적지44 |  843스텝 | 배송 44/44 | 재적재  7 | 중계율 0.34 | alpha 0.738 | complete
Ep 1176 | 드론4 목적지44 |  719스텝 | 배송 44/44 | 재적재  7 | 중계율 0.27 | alpha 0.740 | complete
Ep 1177 | 드론4 목적지33 |  462스텝 | 배송 33/33 | 재적재  4 | 중계율 0.19 | alpha 0.743 | complete
Ep 1178 | 드론3 목적지61 | 1000스텝 | 배송 55/61 | 재적재  9 | 중계율 0.28 | alpha 0.746 | step_limit
Ep 1179 | 드론4 목적지71 |  997스텝 | 배송 71/71 | 재적재 13 | 중계율 0.12 | alpha 0.737 | complete
Ep 1180 | 드론4 목적지62 |  957스텝 | 배송 62/62 | 재적재 12 | 중계율 0.32 | alpha 0.739 | complete
Ep 1181 | 드론4 목적지50 |  825스텝 | 배송 50/50 | 재적재  9 | 중계율 0.32 | alpha 0.738 | complete
Ep 1182 | 드론3 목적지79 | 1000스텝 | 배송 72/79 | 재적재 12 | 중계율 0.14 | alpha 0.742 | step_limit
Ep 1183 | 드론4 목적지51 |  693스텝 | 배송 51/51 | 재적재  9 | 중계율 0.21 | alpha 0.743 | complete
Ep 1184 | 드론4 목적지30 |  492스텝 | 배송 30/30 | 재적재  5 | 중계율 0.24 | alpha 0.736 | complete
Ep 1185 | 드론3 목적지77 | 1000스텝 | 배송 63/77 | 재적재 11 | 중계율 0.19 | alpha 0.746 | step_limit
Ep 1186 | 드론4 목적지42 |  627스텝 | 배송 42/42 | 재적재  7 | 중계율 0.19 | alpha 0.746 | complete
Ep 1187 | 드론4 목적지20 |  437스텝 | 배송 20/20 | 재적재  2 | 중계율 0.11 | alpha 0.746 | complete
Ep 1188 | 드론3 목적지74 | 1000스텝 | 배송 57/74 | 재적재  9 | 중계율 0.25 | alpha 0.747 | step_limit
Ep 1189 | 드론4 목적지60 |  651스텝 | 배송 60/60 | 재적재 10 | 중계율 0.12 | alpha 0.748 | complete
Ep 1190 | 드론3 목적지26 |  540스텝 | 배송 26/26 | 재적재  4 | 중계율 0.24 | alpha 0.755 | complete
Ep 1191 | 드론4 목적지27 |  524스텝 | 배송 27/27 | 재적재  4 | 중계율 0.26 | alpha 0.765 | complete
Ep 1192 | 드론4 목적지78 |  879스텝 | 배송 78/78 | 재적재 14 | 중계율 0.21 | alpha 0.759 | complete
Ep 1193 | 드론3 목적지42 | 1000스텝 | 배송 40/42 | 재적재  7 | 중계율 0.29 | alpha 0.750 | step_limit
Ep 1194 | 드론3 목적지75 | 1000스텝 | 배송 62/75 | 재적재 11 | 중계율 0.19 | alpha 0.740 | step_limit
Ep 1195 | 드론4 목적지56 |  569스텝 | 배송 56/56 | 재적재 10 | 중계율 0.14 | alpha 0.736 | complete
Ep 1196 | 드론4 목적지66 | 1000스텝 | 배송 58/66 | 재적재 11 | 중계율 0.30 | alpha 0.736 | step_limit
Ep 1197 | 드론4 목적지59 |  790스텝 | 배송 59/59 | 재적재 10 | 중계율 0.23 | alpha 0.731 | complete
Ep 1198 | 드론3 목적지47 | 1000스텝 | 배송 46/47 | 재적재  9 | 중계율 0.32 | alpha 0.725 | step_limit
Ep 1199 | 드론3 목적지65 |  927스텝 | 배송 65/65 | 재적재 12 | 중계율 0.10 | alpha 0.722 | complete
Ep 1200 | 드론4 목적지48 |  916스텝 | 배송 48/48 | 재적재  8 | 중계율 0.25 | alpha 0.723 | complete
  [홀드아웃] 배송 49.9±0.9 완주 0.99 스텝 902 점수 126.7 재적재 8.3 2홉+ 0.60 | 최고 127.6@ep1150 정체 1/15
Ep 1201 | 드론4 목적지22 |  493스텝 | 배송 22/22 | 재적재  3 | 중계율 0.30 | alpha 0.722 | complete
Ep 1202 | 드론3 목적지68 |  891스텝 | 배송 68/68 | 재적재 12 | 중계율 0.17 | alpha 0.728 | complete
Ep 1203 | 드론3 목적지36 |  796스텝 | 배송 36/36 | 재적재  6 | 중계율 0.36 | alpha 0.737 | complete
Ep 1204 | 드론3 목적지23 |  601스텝 | 배송 23/23 | 재적재  4 | 중계율 0.23 | alpha 0.749 | complete
Ep 1205 | 드론3 목적지32 |  676스텝 | 배송 32/32 | 재적재  6 | 중계율 0.29 | alpha 0.761 | complete
Ep 1206 | 드론3 목적지76 | 1000스텝 | 배송 65/76 | 재적재 11 | 중계율 0.20 | alpha 0.765 | step_limit
Ep 1207 | 드론4 목적지45 |  551스텝 | 배송 45/45 | 재적재  7 | 중계율 0.15 | alpha 0.770 | complete
Ep 1208 | 드론4 목적지40 |  488스텝 | 배송 40/40 | 재적재  6 | 중계율 0.12 | alpha 0.772 | complete
Ep 1209 | 드론3 목적지49 |  759스텝 | 배송 49/49 | 재적재  8 | 중계율 0.21 | alpha 0.768 | complete
Ep 1210 | 드론3 목적지60 | 1000스텝 | 배송 52/60 | 재적재  9 | 중계율 0.35 | alpha 0.761 | step_limit
Ep 1211 | 드론3 목적지66 | 1000스텝 | 배송 57/66 | 재적재 10 | 중계율 0.22 | alpha 0.753 | step_limit
Ep 1212 | 드론4 목적지66 |  864스텝 | 배송 66/66 | 재적재 12 | 중계율 0.21 | alpha 0.746 | complete
Ep 1213 | 드론4 목적지56 |  633스텝 | 배송 56/56 | 재적재  9 | 중계율 0.19 | alpha 0.731 | complete
Ep 1214 | 드론3 목적지49 |  981스텝 | 배송 49/49 | 재적재  9 | 중계율 0.34 | alpha 0.706 | complete
Ep 1215 | 드론3 목적지21 |  397스텝 | 배송 21/21 | 재적재  3 | 중계율 0.22 | alpha 0.700 | complete
Ep 1216 | 드론3 목적지38 |  858스텝 | 배송 38/38 | 재적재  6 | 중계율 0.34 | alpha 0.699 | complete
Ep 1217 | 드론3 목적지22 |  534스텝 | 배송 22/22 | 재적재  4 | 중계율 0.22 | alpha 0.696 | complete
Ep 1218 | 드론3 목적지61 |  898스텝 | 배송 61/61 | 재적재 11 | 중계율 0.26 | alpha 0.695 | complete
Ep 1219 | 드론4 목적지66 | 1000스텝 | 배송 61/66 | 재적재 11 | 중계율 0.30 | alpha 0.704 | step_limit
Ep 1220 | 드론3 목적지38 |  795스텝 | 배송 38/38 | 재적재  7 | 중계율 0.28 | alpha 0.697 | complete
Ep 1221 | 드론3 목적지62 | 1000스텝 | 배송 57/62 | 재적재 11 | 중계율 0.23 | alpha 0.705 | step_limit
Ep 1222 | 드론4 목적지34 |  795스텝 | 배송 34/34 | 재적재  6 | 중계율 0.32 | alpha 0.717 | complete
Ep 1223 | 드론4 목적지35 |  705스텝 | 배송 35/35 | 재적재  6 | 중계율 0.28 | alpha 0.719 | complete
Ep 1224 | 드론4 목적지33 |  635스텝 | 배송 33/33 | 재적재  5 | 중계율 0.31 | alpha 0.730 | complete
Ep 1225 | 드론3 목적지70 | 1000스텝 | 배송 61/70 | 재적재 10 | 중계율 0.15 | alpha 0.732 | step_limit
Ep 1226 | 드론4 목적지32 |  374스텝 | 배송 32/32 | 재적재  4 | 중계율 0.14 | alpha 0.732 | complete
Ep 1227 | 드론3 목적지77 | 1000스텝 | 배송 60/77 | 재적재 10 | 중계율 0.24 | alpha 0.726 | step_limit
Ep 1228 | 드론3 목적지35 |  888스텝 | 배송 35/35 | 재적재  5 | 중계율 0.33 | alpha 0.730 | complete
Ep 1229 | 드론4 목적지25 |  554스텝 | 배송 25/25 | 재적재  4 | 중계율 0.21 | alpha 0.734 | complete
Ep 1230 | 드론3 목적지50 | 1000스텝 | 배송 44/50 | 재적재  7 | 중계율 0.28 | alpha 0.737 | step_limit
Ep 1231 | 드론4 목적지65 |  769스텝 | 배송 65/65 | 재적재 12 | 중계율 0.19 | alpha 0.738 | complete
Ep 1232 | 드론3 목적지79 | 1000스텝 | 배송 61/79 | 재적재 12 | 중계율 0.24 | alpha 0.745 | step_limit
Ep 1233 | 드론3 목적지30 |  769스텝 | 배송 30/30 | 재적재  4 | 중계율 0.27 | alpha 0.746 | complete
Ep 1234 | 드론4 목적지57 |  821스텝 | 배송 57/57 | 재적재 10 | 중계율 0.21 | alpha 0.748 | complete
Ep 1235 | 드론3 목적지49 | 1000스텝 | 배송 45/49 | 재적재  8 | 중계율 0.29 | alpha 0.745 | step_limit
Ep 1236 | 드론3 목적지72 | 1000스텝 | 배송 65/72 | 재적재 11 | 중계율 0.24 | alpha 0.739 | step_limit
Ep 1237 | 드론3 목적지57 | 1000스텝 | 배송 55/57 | 재적재 10 | 중계율 0.29 | alpha 0.725 | step_limit
Ep 1238 | 드론4 목적지73 | 1000스텝 | 배송 64/73 | 재적재 12 | 중계율 0.28 | alpha 0.720 | step_limit
Ep 1239 | 드론3 목적지40 | 1000스텝 | 배송 38/40 | 재적재  7 | 중계율 0.33 | alpha 0.727 | step_limit
Ep 1240 | 드론4 목적지21 |  530스텝 | 배송 21/21 | 재적재  3 | 중계율 0.32 | alpha 0.724 | complete
Ep 1241 | 드론4 목적지58 |  759스텝 | 배송 58/58 | 재적재 10 | 중계율 0.17 | alpha 0.723 | complete
Ep 1242 | 드론4 목적지71 |  807스텝 | 배송 71/71 | 재적재 13 | 중계율 0.20 | alpha 0.725 | complete
Ep 1243 | 드론4 목적지54 | 1000스텝 | 배송 43/54 | 재적재  7 | 중계율 0.21 | alpha 0.718 | step_limit
Ep 1244 | 드론4 목적지23 |  369스텝 | 배송 23/23 | 재적재  3 | 중계율 0.24 | alpha 0.718 | complete
Ep 1245 | 드론3 목적지31 |  541스텝 | 배송 31/31 | 재적재  5 | 중계율 0.24 | alpha 0.719 | complete
Ep 1246 | 드론4 목적지37 |  610스텝 | 배송 37/37 | 재적재  6 | 중계율 0.25 | alpha 0.721 | complete
Ep 1247 | 드론3 목적지20 |  650스텝 | 배송 20/20 | 재적재  3 | 중계율 0.27 | alpha 0.730 | complete
Ep 1248 | 드론4 목적지79 | 1000스텝 | 배송 74/79 | 재적재 12 | 중계율 0.29 | alpha 0.737 | step_limit
Ep 1249 | 드론3 목적지22 |  685스텝 | 배송 22/22 | 재적재  4 | 중계율 0.25 | alpha 0.741 | complete
Ep 1250 | 드론3 목적지27 |  662스텝 | 배송 27/27 | 재적재  4 | 중계율 0.26 | alpha 0.744 | complete
  [홀드아웃] 배송 50.0±0.1 완주 0.99 스텝 942 점수 126.2 재적재 8.2 2홉+ 0.61 | 최고 127.6@ep1150 정체 2/15
Ep 1251 | 드론3 목적지20 |  503스텝 | 배송 20/20 | 재적재  3 | 중계율 0.28 | alpha 0.736 | complete
Ep 1252 | 드론4 목적지48 |  787스텝 | 배송 48/48 | 재적재  9 | 중계율 0.29 | alpha 0.738 | complete
Ep 1253 | 드론3 목적지64 | 1000스텝 | 배송 56/64 | 재적재 10 | 중계율 0.27 | alpha 0.753 | step_limit
Ep 1254 | 드론4 목적지44 |  951스텝 | 배송 44/44 | 재적재  8 | 중계율 0.33 | alpha 0.761 | complete
Ep 1255 | 드론4 목적지39 |  481스텝 | 배송 39/39 | 재적재  6 | 중계율 0.17 | alpha 0.755 | complete
Ep 1256 | 드론3 목적지32 |  549스텝 | 배송 32/32 | 재적재  5 | 중계율 0.25 | alpha 0.746 | complete
Ep 1257 | 드론3 목적지71 | 1000스텝 | 배송 68/71 | 재적재 12 | 중계율 0.13 | alpha 0.740 | step_limit
Ep 1258 | 드론3 목적지40 |  893스텝 | 배송 40/40 | 재적재  6 | 중계율 0.34 | alpha 0.742 | complete
Ep 1259 | 드론3 목적지80 | 1000스텝 | 배송 77/80 | 재적재 14 | 중계율 0.16 | alpha 0.741 | step_limit
Ep 1260 | 드론4 목적지60 | 1000스텝 | 배송 52/60 | 재적재  8 | 중계율 0.27 | alpha 0.747 | step_limit
Ep 1261 | 드론4 목적지26 |  384스텝 | 배송 26/26 | 재적재  3 | 중계율 0.24 | alpha 0.744 | complete
Ep 1262 | 드론4 목적지68 |  736스텝 | 배송 68/68 | 재적재 12 | 중계율 0.17 | alpha 0.753 | complete
Ep 1263 | 드론4 목적지61 |  772스텝 | 배송 61/61 | 재적재 10 | 중계율 0.19 | alpha 0.756 | complete
Ep 1264 | 드론3 목적지55 | 1000스텝 | 배송 51/55 | 재적재  9 | 중계율 0.27 | alpha 0.751 | step_limit
Ep 1265 | 드론4 목적지73 | 1000스텝 | 배송 60/73 | 재적재 11 | 중계율 0.31 | alpha 0.747 | step_limit
Ep 1266 | 드론4 목적지72 |  760스텝 | 배송 72/72 | 재적재 13 | 중계율 0.17 | alpha 0.753 | complete
Ep 1267 | 드론3 목적지46 | 1000스텝 | 배송 45/46 | 재적재  8 | 중계율 0.31 | alpha 0.753 | step_limit
Ep 1268 | 드론3 목적지58 | 1000스텝 | 배송 53/58 | 재적재  9 | 중계율 0.32 | alpha 0.743 | step_limit
Ep 1269 | 드론4 목적지74 | 1000스텝 | 배송 70/74 | 재적재 13 | 중계율 0.28 | alpha 0.747 | step_limit
Ep 1270 | 드론3 목적지30 |  457스텝 | 배송 30/30 | 재적재  5 | 중계율 0.18 | alpha 0.746 | complete
Ep 1271 | 드론3 목적지37 |  675스텝 | 배송 37/37 | 재적재  7 | 중계율 0.20 | alpha 0.755 | complete
Ep 1272 | 드론3 목적지22 |  511스텝 | 배송 22/22 | 재적재  3 | 중계율 0.31 | alpha 0.753 | complete
Ep 1273 | 드론3 목적지43 | 1000스텝 | 배송 41/43 | 재적재  7 | 중계율 0.28 | alpha 0.759 | step_limit
Ep 1274 | 드론3 목적지66 | 1000스텝 | 배송 59/66 | 재적재 10 | 중계율 0.21 | alpha 0.764 | step_limit
Ep 1275 | 드론4 목적지63 | 1000스텝 | 배송 60/63 | 재적재 11 | 중계율 0.28 | alpha 0.758 | step_limit
Ep 1276 | 드론3 목적지47 |  904스텝 | 배송 47/47 | 재적재  8 | 중계율 0.24 | alpha 0.751 | complete
Ep 1277 | 드론4 목적지30 |  472스텝 | 배송 30/30 | 재적재  5 | 중계율 0.24 | alpha 0.751 | complete
Ep 1278 | 드론4 목적지62 |  919스텝 | 배송 62/62 | 재적재 11 | 중계율 0.17 | alpha 0.747 | complete
Ep 1279 | 드론3 목적지28 |  511스텝 | 배송 28/28 | 재적재  4 | 중계율 0.21 | alpha 0.739 | complete
Ep 1280 | 드론4 목적지47 |  644스텝 | 배송 47/47 | 재적재  8 | 중계율 0.17 | alpha 0.732 | complete
Ep 1281 | 드론3 목적지66 | 1000스텝 | 배송 53/66 | 재적재 10 | 중계율 0.19 | alpha 0.717 | step_limit
Ep 1282 | 드론3 목적지74 | 1000스텝 | 배송 70/74 | 재적재 12 | 중계율 0.18 | alpha 0.703 | step_limit
Ep 1283 | 드론3 목적지80 | 1000스텝 | 배송 65/80 | 재적재 12 | 중계율 0.15 | alpha 0.702 | step_limit
Ep 1284 | 드론4 목적지57 |  786스텝 | 배송 57/57 | 재적재  9 | 중계율 0.17 | alpha 0.708 | complete
Ep 1285 | 드론3 목적지40 |  741스텝 | 배송 40/40 | 재적재  6 | 중계율 0.25 | alpha 0.710 | complete
Ep 1286 | 드론4 목적지50 |  782스텝 | 배송 50/50 | 재적재  9 | 중계율 0.29 | alpha 0.715 | complete
Ep 1287 | 드론4 목적지36 |  442스텝 | 배송 36/36 | 재적재  5 | 중계율 0.16 | alpha 0.719 | complete
Ep 1288 | 드론3 목적지32 |  680스텝 | 배송 32/32 | 재적재  5 | 중계율 0.34 | alpha 0.718 | complete
Ep 1289 | 드론3 목적지51 |  866스텝 | 배송 51/51 | 재적재  9 | 중계율 0.24 | alpha 0.706 | complete
Ep 1290 | 드론3 목적지56 | 1000스텝 | 배송 52/56 | 재적재  9 | 중계율 0.28 | alpha 0.696 | step_limit
Ep 1291 | 드론3 목적지33 |  584스텝 | 배송 33/33 | 재적재  5 | 중계율 0.23 | alpha 0.698 | complete
Ep 1292 | 드론3 목적지48 |  929스텝 | 배송 48/48 | 재적재  8 | 중계율 0.27 | alpha 0.694 | complete
Ep 1293 | 드론3 목적지27 |  508스텝 | 배송 27/27 | 재적재  4 | 중계율 0.28 | alpha 0.693 | complete
Ep 1294 | 드론4 목적지72 |  919스텝 | 배송 72/72 | 재적재 12 | 중계율 0.27 | alpha 0.698 | complete
Ep 1295 | 드론4 목적지38 |  710스텝 | 배송 38/38 | 재적재  6 | 중계율 0.28 | alpha 0.708 | complete
Ep 1296 | 드론3 목적지47 |  823스텝 | 배송 47/47 | 재적재  9 | 중계율 0.24 | alpha 0.703 | complete
Ep 1297 | 드론3 목적지44 |  901스텝 | 배송 44/44 | 재적재  8 | 중계율 0.17 | alpha 0.706 | complete
Ep 1298 | 드론3 목적지29 |  512스텝 | 배송 29/29 | 재적재  5 | 중계율 0.19 | alpha 0.715 | complete
Ep 1299 | 드론4 목적지55 |  892스텝 | 배송 55/55 | 재적재 10 | 중계율 0.28 | alpha 0.715 | complete
Ep 1300 | 드론4 목적지49 |  948스텝 | 배송 49/49 | 재적재  9 | 중계율 0.36 | alpha 0.717 | complete
  [홀드아웃] 배송 50.0±0.0 완주 1.00 스텝 923 점수 127.7 재적재 8.2 2홉+ 0.61 | 최고 127.7@ep1300 정체 0/15  ← 갱신
Ep 1301 | 드론4 목적지22 |  480스텝 | 배송 22/22 | 재적재  2 | 중계율 0.16 | alpha 0.722 | complete
Ep 1302 | 드론4 목적지46 |  521스텝 | 배송 46/46 | 재적재  6 | 중계율 0.12 | alpha 0.727 | complete
Ep 1303 | 드론4 목적지51 |  634스텝 | 배송 51/51 | 재적재  7 | 중계율 0.07 | alpha 0.736 | complete
Ep 1304 | 드론4 목적지41 |  570스텝 | 배송 41/41 | 재적재  5 | 중계율 0.12 | alpha 0.743 | complete
Ep 1305 | 드론4 목적지56 |  846스텝 | 배송 56/56 | 재적재 11 | 중계율 0.24 | alpha 0.741 | complete
Ep 1306 | 드론4 목적지51 | 1000스텝 | 배송 48/51 | 재적재  7 | 중계율 0.24 | alpha 0.753 | step_limit
Ep 1307 | 드론3 목적지52 | 1000스텝 | 배송 50/52 | 재적재  8 | 중계율 0.35 | alpha 0.749 | step_limit
Ep 1308 | 드론4 목적지44 |  489스텝 | 배송 44/44 | 재적재  8 | 중계율 0.16 | alpha 0.753 | complete
Ep 1309 | 드론4 목적지65 | 1000스텝 | 배송 64/65 | 재적재 11 | 중계율 0.16 | alpha 0.750 | step_limit
Ep 1310 | 드론3 목적지20 |  504스텝 | 배송 20/20 | 재적재  3 | 중계율 0.23 | alpha 0.752 | complete
Ep 1311 | 드론4 목적지70 | 1000스텝 | 배송 56/70 | 재적재 11 | 중계율 0.27 | alpha 0.754 | step_limit
Ep 1312 | 드론3 목적지38 |  752스텝 | 배송 38/38 | 재적재  7 | 중계율 0.22 | alpha 0.757 | complete
Ep 1313 | 드론3 목적지39 | 1000스텝 | 배송 32/39 | 재적재  6 | 중계율 0.09 | alpha 0.762 | step_limit
Ep 1314 | 드론3 목적지59 |  814스텝 | 배송 59/59 | 재적재 10 | 중계율 0.17 | alpha 0.765 | complete
Ep 1315 | 드론4 목적지65 | 1000스텝 | 배송 64/65 | 재적재 12 | 중계율 0.29 | alpha 0.760 | step_limit
Ep 1316 | 드론4 목적지67 | 1000스텝 | 배송 63/67 | 재적재 12 | 중계율 0.21 | alpha 0.758 | step_limit
Ep 1317 | 드론3 목적지73 | 1000스텝 | 배송 52/73 | 재적재 10 | 중계율 0.24 | alpha 0.755 | step_limit
Ep 1318 | 드론3 목적지24 |  590스텝 | 배송 24/24 | 재적재  4 | 중계율 0.23 | alpha 0.754 | complete
Ep 1319 | 드론3 목적지31 |  584스텝 | 배송 31/31 | 재적재  5 | 중계율 0.20 | alpha 0.744 | complete
Ep 1320 | 드론4 목적지47 |  600스텝 | 배송 47/47 | 재적재  7 | 중계율 0.17 | alpha 0.744 | complete
Ep 1321 | 드론3 목적지75 | 1000스텝 | 배송 66/75 | 재적재 12 | 중계율 0.19 | alpha 0.756 | step_limit
Ep 1322 | 드론3 목적지49 |  770스텝 | 배송 49/49 | 재적재  8 | 중계율 0.24 | alpha 0.744 | complete
Ep 1323 | 드론4 목적지75 | 1000스텝 | 배송 73/75 | 재적재 13 | 중계율 0.21 | alpha 0.740 | step_limit
Ep 1324 | 드론3 목적지46 |  930스텝 | 배송 46/46 | 재적재  8 | 중계율 0.33 | alpha 0.749 | complete
Ep 1325 | 드론3 목적지59 | 1000스텝 | 배송 47/59 | 재적재  8 | 중계율 0.20 | alpha 0.750 | step_limit
Ep 1326 | 드론3 목적지44 |  850스텝 | 배송 44/44 | 재적재  7 | 중계율 0.28 | alpha 0.763 | complete
Ep 1327 | 드론4 목적지32 |  310스텝 | 배송 32/32 | 재적재  4 | 중계율 0.11 | alpha 0.767 | complete
Ep 1328 | 드론4 목적지45 |  702스텝 | 배송 45/45 | 재적재  7 | 중계율 0.29 | alpha 0.774 | complete
Ep 1329 | 드론3 목적지41 |  982스텝 | 배송 41/41 | 재적재  7 | 중계율 0.32 | alpha 0.779 | complete
Ep 1330 | 드론4 목적지65 | 1000스텝 | 배송 55/65 | 재적재 10 | 중계율 0.31 | alpha 0.789 | step_limit
Ep 1331 | 드론4 목적지74 | 1000스텝 | 배송 65/74 | 재적재 11 | 중계율 0.32 | alpha 0.798 | step_limit
Ep 1332 | 드론3 목적지35 |  618스텝 | 배송 35/35 | 재적재  6 | 중계율 0.18 | alpha 0.801 | complete
Ep 1333 | 드론3 목적지77 | 1000스텝 | 배송 65/77 | 재적재 11 | 중계율 0.23 | alpha 0.802 | step_limit
Ep 1334 | 드론3 목적지64 | 1000스텝 | 배송 55/64 | 재적재  9 | 중계율 0.25 | alpha 0.810 | step_limit
Ep 1335 | 드론4 목적지58 |  946스텝 | 배송 58/58 | 재적재 10 | 중계율 0.25 | alpha 0.814 | complete
Ep 1336 | 드론3 목적지56 | 1000스텝 | 배송 51/56 | 재적재  9 | 중계율 0.23 | alpha 0.809 | step_limit
Ep 1337 | 드론4 목적지58 | 1000스텝 | 배송 55/58 | 재적재  9 | 중계율 0.36 | alpha 0.801 | step_limit
Ep 1338 | 드론4 목적지52 |  590스텝 | 배송 52/52 | 재적재  8 | 중계율 0.20 | alpha 0.794 | complete
Ep 1339 | 드론3 목적지66 | 1000스텝 | 배송 58/66 | 재적재 11 | 중계율 0.19 | alpha 0.788 | step_limit
Ep 1340 | 드론4 목적지72 |  812스텝 | 배송 72/72 | 재적재 13 | 중계율 0.19 | alpha 0.788 | complete
Ep 1341 | 드론4 목적지37 |  753스텝 | 배송 37/37 | 재적재  6 | 중계율 0.29 | alpha 0.780 | complete
Ep 1342 | 드론4 목적지72 |  713스텝 | 배송 72/72 | 재적재 12 | 중계율 0.12 | alpha 0.778 | complete
Ep 1343 | 드론3 목적지73 | 1000스텝 | 배송 60/73 | 재적재 10 | 중계율 0.24 | alpha 0.772 | step_limit
Ep 1344 | 드론4 목적지34 |  705스텝 | 배송 34/34 | 재적재  5 | 중계율 0.32 | alpha 0.776 | complete
Ep 1345 | 드론4 목적지41 |  471스텝 | 배송 41/41 | 재적재  7 | 중계율 0.15 | alpha 0.772 | complete
Ep 1346 | 드론4 목적지33 |  592스텝 | 배송 33/33 | 재적재  6 | 중계율 0.22 | alpha 0.776 | complete
Ep 1347 | 드론3 목적지42 |  907스텝 | 배송 42/42 | 재적재  7 | 중계율 0.26 | alpha 0.786 | complete
Ep 1348 | 드론3 목적지65 |  973스텝 | 배송 65/65 | 재적재 11 | 중계율 0.19 | alpha 0.788 | complete
Ep 1349 | 드론3 목적지21 |  553스텝 | 배송 21/21 | 재적재  3 | 중계율 0.18 | alpha 0.785 | complete
Ep 1350 | 드론4 목적지56 |  813스텝 | 배송 56/56 | 재적재 10 | 중계율 0.22 | alpha 0.785 | complete
  [홀드아웃] 배송 49.8±2.1 완주 0.97 스텝 984 점수 124.4 재적재 8.4 2홉+ 0.61 | 최고 127.7@ep1300 정체 1/15
Ep 1351 | 드론4 목적지56 |  552스텝 | 배송 56/56 | 재적재  9 | 중계율 0.14 | alpha 0.788 | complete
Ep 1352 | 드론4 목적지20 |  298스텝 | 배송 20/20 | 재적재  3 | 중계율 0.22 | alpha 0.795 | complete
Ep 1353 | 드론3 목적지25 |  459스텝 | 배송 25/25 | 재적재  4 | 중계율 0.16 | alpha 0.804 | complete
Ep 1354 | 드론3 목적지58 | 1000스텝 | 배송 56/58 | 재적재 10 | 중계율 0.18 | alpha 0.804 | step_limit
Ep 1355 | 드론4 목적지79 |  941스텝 | 배송 79/79 | 재적재 15 | 중계율 0.24 | alpha 0.800 | complete
Ep 1356 | 드론4 목적지38 |  778스텝 | 배송 38/38 | 재적재  6 | 중계율 0.37 | alpha 0.800 | complete
Ep 1357 | 드론4 목적지63 |  810스텝 | 배송 63/63 | 재적재 11 | 중계율 0.27 | alpha 0.790 | complete
Ep 1358 | 드론4 목적지28 |  540스텝 | 배송 28/28 | 재적재  4 | 중계율 0.32 | alpha 0.790 | complete
Ep 1359 | 드론4 목적지39 |  550스텝 | 배송 39/39 | 재적재  6 | 중계율 0.14 | alpha 0.782 | complete
Ep 1360 | 드론4 목적지43 |  613스텝 | 배송 43/43 | 재적재  8 | 중계율 0.20 | alpha 0.784 | complete
Ep 1361 | 드론3 목적지44 |  783스텝 | 배송 44/44 | 재적재  8 | 중계율 0.22 | alpha 0.799 | complete
Ep 1362 | 드론3 목적지35 |  574스텝 | 배송 35/35 | 재적재  5 | 중계율 0.23 | alpha 0.804 | complete
Ep 1363 | 드론4 목적지40 |  717스텝 | 배송 40/40 | 재적재  6 | 중계율 0.27 | alpha 0.815 | complete
Ep 1364 | 드론4 목적지38 | 1000스텝 | 배송 37/38 | 재적재  7 | 중계율 0.34 | alpha 0.816 | step_limit
Ep 1365 | 드론4 목적지73 | 1000스텝 | 배송 71/73 | 재적재 13 | 중계율 0.23 | alpha 0.819 | step_limit
Ep 1366 | 드론3 목적지38 | 1000스텝 | 배송 33/38 | 재적재  6 | 중계율 0.36 | alpha 0.827 | step_limit
Ep 1367 | 드론3 목적지73 | 1000스텝 | 배송 65/73 | 재적재 11 | 중계율 0.28 | alpha 0.821 | step_limit
Ep 1368 | 드론4 목적지30 |  547스텝 | 배송 30/30 | 재적재  5 | 중계율 0.26 | alpha 0.826 | complete
Ep 1369 | 드론3 목적지47 |  910스텝 | 배송 47/47 | 재적재  8 | 중계율 0.26 | alpha 0.821 | complete
Ep 1370 | 드론4 목적지24 |  402스텝 | 배송 24/24 | 재적재  2 | 중계율 0.21 | alpha 0.825 | complete
Ep 1371 | 드론3 목적지27 |  743스텝 | 배송 27/27 | 재적재  4 | 중계율 0.21 | alpha 0.821 | complete
Ep 1372 | 드론4 목적지58 | 1000스텝 | 배송 58/58 | 재적재 11 | 중계율 0.32 | alpha 0.819 | complete
Ep 1373 | 드론4 목적지62 | 1000스텝 | 배송 56/62 | 재적재 10 | 중계율 0.31 | alpha 0.819 | step_limit
Ep 1374 | 드론3 목적지38 |  902스텝 | 배송 38/38 | 재적재  7 | 중계율 0.26 | alpha 0.813 | complete
Ep 1375 | 드론3 목적지21 |  429스텝 | 배송 21/21 | 재적재  3 | 중계율 0.24 | alpha 0.803 | complete
Ep 1376 | 드론4 목적지61 | 1000스텝 | 배송 56/61 | 재적재 10 | 중계율 0.32 | alpha 0.797 | step_limit
Ep 1377 | 드론4 목적지41 |  810스텝 | 배송 41/41 | 재적재  7 | 중계율 0.32 | alpha 0.796 | complete
Ep 1378 | 드론4 목적지55 |  783스텝 | 배송 55/55 | 재적재 10 | 중계율 0.22 | alpha 0.803 | complete
Ep 1379 | 드론4 목적지27 |  393스텝 | 배송 27/27 | 재적재  3 | 중계율 0.18 | alpha 0.808 | complete
Ep 1380 | 드론4 목적지22 |  479스텝 | 배송 22/22 | 재적재  3 | 중계율 0.33 | alpha 0.810 | complete
Ep 1381 | 드론4 목적지42 |  832스텝 | 배송 42/42 | 재적재  8 | 중계율 0.28 | alpha 0.821 | complete
Ep 1382 | 드론3 목적지57 | 1000스텝 | 배송 51/57 | 재적재 10 | 중계율 0.24 | alpha 0.823 | step_limit
Ep 1383 | 드론4 목적지22 |  417스텝 | 배송 22/22 | 재적재  2 | 중계율 0.27 | alpha 0.827 | complete
Ep 1384 | 드론4 목적지66 |  844스텝 | 배송 66/66 | 재적재 11 | 중계율 0.17 | alpha 0.834 | complete
Ep 1385 | 드론3 목적지70 | 1000스텝 | 배송 63/70 | 재적재 11 | 중계율 0.21 | alpha 0.840 | step_limit
Ep 1386 | 드론4 목적지25 |  412스텝 | 배송 25/25 | 재적재  4 | 중계율 0.20 | alpha 0.841 | complete
Ep 1387 | 드론3 목적지74 | 1000스텝 | 배송 63/74 | 재적재 11 | 중계율 0.24 | alpha 0.842 | step_limit
Ep 1388 | 드론4 목적지21 |  531스텝 | 배송 21/21 | 재적재  3 | 중계율 0.26 | alpha 0.845 | complete
Ep 1389 | 드론4 목적지63 |  808스텝 | 배송 63/63 | 재적재 11 | 중계율 0.20 | alpha 0.842 | complete
Ep 1390 | 드론4 목적지26 |  556스텝 | 배송 26/26 | 재적재  4 | 중계율 0.33 | alpha 0.843 | complete
Ep 1391 | 드론3 목적지78 | 1000스텝 | 배송 73/78 | 재적재 13 | 중계율 0.18 | alpha 0.849 | step_limit
Ep 1392 | 드론3 목적지49 |  890스텝 | 배송 49/49 | 재적재  9 | 중계율 0.27 | alpha 0.853 | complete
Ep 1393 | 드론4 목적지68 | 1000스텝 | 배송 55/68 | 재적재  8 | 중계율 0.36 | alpha 0.842 | step_limit
Ep 1394 | 드론4 목적지22 |  398스텝 | 배송 22/22 | 재적재  3 | 중계율 0.27 | alpha 0.832 | complete
Ep 1395 | 드론3 목적지61 | 1000스텝 | 배송 52/61 | 재적재 10 | 중계율 0.14 | alpha 0.819 | step_limit
Ep 1396 | 드론4 목적지43 |  804스텝 | 배송 43/43 | 재적재  8 | 중계율 0.29 | alpha 0.822 | complete
Ep 1397 | 드론4 목적지71 | 1000스텝 | 배송 61/71 | 재적재 10 | 중계율 0.18 | alpha 0.817 | step_limit
Ep 1398 | 드론3 목적지47 | 1000스텝 | 배송 45/47 | 재적재  7 | 중계율 0.24 | alpha 0.823 | step_limit
Ep 1399 | 드론4 목적지40 |  588스텝 | 배송 40/40 | 재적재  6 | 중계율 0.19 | alpha 0.824 | complete
Ep 1400 | 드론4 목적지23 |  384스텝 | 배송 23/23 | 재적재  3 | 중계율 0.28 | alpha 0.830 | complete
  [홀드아웃] 배송 50.0±0.0 완주 1.00 스텝 944 점수 127.4 재적재 8.3 2홉+ 0.61 | 최고 127.7@ep1300 정체 2/15
Ep 1401 | 드론4 목적지27 |  543스텝 | 배송 27/27 | 재적재  4 | 중계율 0.30 | alpha 0.828 | complete
Ep 1402 | 드론4 목적지78 |  857스텝 | 배송 78/78 | 재적재 15 | 중계율 0.18 | alpha 0.817 | complete
Ep 1403 | 드론4 목적지51 |  685스텝 | 배송 51/51 | 재적재  9 | 중계율 0.19 | alpha 0.814 | complete
Ep 1404 | 드론3 목적지29 |  584스텝 | 배송 29/29 | 재적재  5 | 중계율 0.25 | alpha 0.812 | complete
Ep 1405 | 드론4 목적지28 |  823스텝 | 배송 28/28 | 재적재  4 | 중계율 0.41 | alpha 0.818 | complete
Ep 1406 | 드론3 목적지57 | 1000스텝 | 배송 40/57 | 재적재  8 | 중계율 0.29 | alpha 0.827 | step_limit
Ep 1407 | 드론4 목적지34 |  484스텝 | 배송 34/34 | 재적재  5 | 중계율 0.18 | alpha 0.826 | complete
Ep 1408 | 드론3 목적지68 | 1000스텝 | 배송 55/68 | 재적재 10 | 중계율 0.18 | alpha 0.831 | step_limit
Ep 1409 | 드론4 목적지23 |  323스텝 | 배송 23/23 | 재적재  4 | 중계율 0.17 | alpha 0.832 | complete
Ep 1410 | 드론4 목적지62 | 1000스텝 | 배송 57/62 | 재적재  9 | 중계율 0.33 | alpha 0.836 | step_limit
Ep 1411 | 드론3 목적지48 | 1000스텝 | 배송 45/48 | 재적재  8 | 중계율 0.20 | alpha 0.833 | step_limit
Ep 1412 | 드론4 목적지20 |  254스텝 | 배송 20/20 | 재적재  3 | 중계율 0.08 | alpha 0.831 | complete
Ep 1413 | 드론3 목적지60 | 1000스텝 | 배송 52/60 | 재적재  9 | 중계율 0.27 | alpha 0.821 | step_limit
Ep 1414 | 드론4 목적지53 |  700스텝 | 배송 53/53 | 재적재  9 | 중계율 0.17 | alpha 0.812 | complete
Ep 1415 | 드론3 목적지56 | 1000스텝 | 배송 54/56 | 재적재 10 | 중계율 0.30 | alpha 0.799 | step_limit
Ep 1416 | 드론3 목적지40 |  798스텝 | 배송 40/40 | 재적재  6 | 중계율 0.26 | alpha 0.801 | complete
Ep 1417 | 드론4 목적지48 |  620스텝 | 배송 48/48 | 재적재  9 | 중계율 0.18 | alpha 0.799 | complete
Ep 1418 | 드론3 목적지54 | 1000스텝 | 배송 50/54 | 재적재  9 | 중계율 0.23 | alpha 0.798 | step_limit
Ep 1419 | 드론3 목적지45 | 1000스텝 | 배송 35/45 | 재적재  6 | 중계율 0.30 | alpha 0.795 | step_limit
Ep 1420 | 드론3 목적지56 |  963스텝 | 배송 56/56 | 재적재 10 | 중계율 0.24 | alpha 0.800 | complete
Ep 1421 | 드론3 목적지28 |  525스텝 | 배송 28/28 | 재적재  4 | 중계율 0.15 | alpha 0.800 | complete
Ep 1422 | 드론4 목적지56 | 1000스텝 | 배송 54/56 | 재적재 10 | 중계율 0.30 | alpha 0.808 | step_limit
Ep 1423 | 드론3 목적지42 |  852스텝 | 배송 42/42 | 재적재  8 | 중계율 0.26 | alpha 0.810 | complete
Ep 1424 | 드론4 목적지22 |  442스텝 | 배송 22/22 | 재적재  2 | 중계율 0.20 | alpha 0.803 | complete
Ep 1425 | 드론3 목적지29 |  737스텝 | 배송 29/29 | 재적재  5 | 중계율 0.26 | alpha 0.801 | complete
Ep 1426 | 드론3 목적지41 | 1000스텝 | 배송 33/41 | 재적재  6 | 중계율 0.25 | alpha 0.806 | step_limit
Ep 1427 | 드론3 목적지20 |  418스텝 | 배송 20/20 | 재적재  3 | 중계율 0.15 | alpha 0.808 | complete
Ep 1428 | 드론4 목적지77 | 1000스텝 | 배송 66/77 | 재적재 13 | 중계율 0.28 | alpha 0.825 | step_limit
Ep 1429 | 드론3 목적지27 |  783스텝 | 배송 27/27 | 재적재  5 | 중계율 0.29 | alpha 0.832 | complete
Ep 1430 | 드론4 목적지79 | 1000스텝 | 배송 72/79 | 재적재 14 | 중계율 0.18 | alpha 0.831 | step_limit
Ep 1431 | 드론3 목적지49 | 1000스텝 | 배송 46/49 | 재적재  8 | 중계율 0.31 | alpha 0.819 | step_limit
Ep 1432 | 드론4 목적지57 | 1000스텝 | 배송 52/57 | 재적재  9 | 중계율 0.27 | alpha 0.809 | step_limit
Ep 1433 | 드론3 목적지68 | 1000스텝 | 배송 61/68 | 재적재 11 | 중계율 0.24 | alpha 0.800 | step_limit
Ep 1434 | 드론4 목적지45 |  681스텝 | 배송 45/45 | 재적재  7 | 중계율 0.22 | alpha 0.799 | complete
Ep 1435 | 드론3 목적지73 | 1000스텝 | 배송 63/73 | 재적재 12 | 중계율 0.27 | alpha 0.784 | step_limit
Ep 1436 | 드론4 목적지30 |  539스텝 | 배송 30/30 | 재적재  4 | 중계율 0.21 | alpha 0.778 | complete
Ep 1437 | 드론4 목적지64 |  792스텝 | 배송 64/64 | 재적재 11 | 중계율 0.18 | alpha 0.769 | complete
Ep 1438 | 드론3 목적지36 |  876스텝 | 배송 36/36 | 재적재  5 | 중계율 0.33 | alpha 0.774 | complete
Ep 1439 | 드론3 목적지50 |  832스텝 | 배송 50/50 | 재적재  8 | 중계율 0.16 | alpha 0.782 | complete
Ep 1440 | 드론4 목적지33 |  666스텝 | 배송 33/33 | 재적재  5 | 중계율 0.31 | alpha 0.781 | complete
Ep 1441 | 드론4 목적지72 | 1000스텝 | 배송 65/72 | 재적재 12 | 중계율 0.32 | alpha 0.782 | step_limit
Ep 1442 | 드론3 목적지54 |  812스텝 | 배송 54/54 | 재적재 10 | 중계율 0.24 | alpha 0.771 | complete
Ep 1443 | 드론4 목적지38 |  417스텝 | 배송 38/38 | 재적재  5 | 중계율 0.12 | alpha 0.769 | complete
Ep 1444 | 드론3 목적지56 | 1000스텝 | 배송 55/56 | 재적재 10 | 중계율 0.27 | alpha 0.758 | step_limit
Ep 1445 | 드론4 목적지70 |  827스텝 | 배송 70/70 | 재적재 12 | 중계율 0.11 | alpha 0.757 | complete
Ep 1446 | 드론4 목적지62 |  739스텝 | 배송 62/62 | 재적재 10 | 중계율 0.19 | alpha 0.754 | complete
Ep 1447 | 드론4 목적지41 |  546스텝 | 배송 41/41 | 재적재  6 | 중계율 0.22 | alpha 0.758 | complete
Ep 1448 | 드론4 목적지39 |  689스텝 | 배송 39/39 | 재적재  7 | 중계율 0.31 | alpha 0.763 | complete
Ep 1449 | 드론3 목적지27 |  656스텝 | 배송 27/27 | 재적재  4 | 중계율 0.33 | alpha 0.766 | complete
Ep 1450 | 드론3 목적지77 | 1000스텝 | 배송 68/77 | 재적재 12 | 중계율 0.23 | alpha 0.768 | step_limit
  [홀드아웃] 배송 49.9±1.0 완주 0.97 스텝 941 점수 125.0 재적재 8.1 2홉+ 0.61 | 최고 127.7@ep1300 정체 3/15
Ep 1451 | 드론3 목적지40 |  880스텝 | 배송 40/40 | 재적재  6 | 중계율 0.33 | alpha 0.762 | complete
Ep 1452 | 드론4 목적지30 |  957스텝 | 배송 25/30 | 재적재  4 | 중계율 0.40 | alpha 0.764 | no_progress
Ep 1453 | 드론4 목적지49 |  939스텝 | 배송 49/49 | 재적재  8 | 중계율 0.34 | alpha 0.777 | complete
Ep 1454 | 드론4 목적지33 |  675스텝 | 배송 33/33 | 재적재  6 | 중계율 0.30 | alpha 0.791 | complete
Ep 1455 | 드론4 목적지25 |  308스텝 | 배송 25/25 | 재적재  3 | 중계율 0.13 | alpha 0.794 | complete
Ep 1456 | 드론4 목적지50 |  824스텝 | 배송 50/50 | 재적재  7 | 중계율 0.34 | alpha 0.796 | complete
Ep 1457 | 드론4 목적지29 |  417스텝 | 배송 29/29 | 재적재  4 | 중계율 0.16 | alpha 0.800 | complete
Ep 1458 | 드론4 목적지38 |  497스텝 | 배송 38/38 | 재적재  7 | 중계율 0.17 | alpha 0.796 | complete
Ep 1459 | 드론4 목적지32 |  375스텝 | 배송 32/32 | 재적재  4 | 중계율 0.15 | alpha 0.794 | complete
Ep 1460 | 드론4 목적지80 | 1000스텝 | 배송 75/80 | 재적재 14 | 중계율 0.24 | alpha 0.788 | step_limit
Ep 1461 | 드론4 목적지27 |  345스텝 | 배송 27/27 | 재적재  4 | 중계율 0.11 | alpha 0.785 | complete
Ep 1462 | 드론4 목적지36 |  824스텝 | 배송 36/36 | 재적재  6 | 중계율 0.31 | alpha 0.785 | complete
Ep 1463 | 드론4 목적지60 |  824스텝 | 배송 60/60 | 재적재 10 | 중계율 0.22 | alpha 0.781 | complete
Ep 1464 | 드론4 목적지58 |  649스텝 | 배송 58/58 | 재적재 11 | 중계율 0.18 | alpha 0.785 | complete
Ep 1465 | 드론4 목적지37 |  725스텝 | 배송 37/37 | 재적재  6 | 중계율 0.31 | alpha 0.788 | complete
Ep 1466 | 드론4 목적지47 |  724스텝 | 배송 47/47 | 재적재  9 | 중계율 0.22 | alpha 0.792 | complete
Ep 1467 | 드론4 목적지71 | 1000스텝 | 배송 68/71 | 재적재 13 | 중계율 0.18 | alpha 0.792 | step_limit
Ep 1468 | 드론3 목적지45 | 1000스텝 | 배송 40/45 | 재적재  7 | 중계율 0.25 | alpha 0.799 | step_limit
Ep 1469 | 드론3 목적지41 |  783스텝 | 배송 41/41 | 재적재  7 | 중계율 0.20 | alpha 0.803 | complete
Ep 1470 | 드론3 목적지56 | 1000스텝 | 배송 49/56 | 재적재  8 | 중계율 0.27 | alpha 0.813 | step_limit
Ep 1471 | 드론3 목적지22 |  471스텝 | 배송 22/22 | 재적재  2 | 중계율 0.24 | alpha 0.818 | complete
Ep 1472 | 드론4 목적지80 | 1000스텝 | 배송 78/80 | 재적재 14 | 중계율 0.21 | alpha 0.834 | step_limit
Ep 1473 | 드론3 목적지28 |  601스텝 | 배송 28/28 | 재적재  4 | 중계율 0.26 | alpha 0.839 | complete
Ep 1474 | 드론3 목적지61 | 1000스텝 | 배송 56/61 | 재적재 10 | 중계율 0.27 | alpha 0.843 | step_limit
Ep 1475 | 드론3 목적지45 |  790스텝 | 배송 45/45 | 재적재  7 | 중계율 0.20 | alpha 0.851 | complete
Ep 1476 | 드론3 목적지31 |  783스텝 | 배송 31/31 | 재적재  5 | 중계율 0.27 | alpha 0.859 | complete
Ep 1477 | 드론4 목적지26 |  436스텝 | 배송 26/26 | 재적재  2 | 중계율 0.24 | alpha 0.858 | complete
Ep 1478 | 드론4 목적지23 |  347스텝 | 배송 23/23 | 재적재  3 | 중계율 0.25 | alpha 0.856 | complete
Ep 1479 | 드론4 목적지70 | 1000스텝 | 배송 58/70 | 재적재 10 | 중계율 0.32 | alpha 0.852 | step_limit
Ep 1480 | 드론4 목적지41 |  529스텝 | 배송 41/41 | 재적재  6 | 중계율 0.23 | alpha 0.856 | complete
Ep 1481 | 드론4 목적지28 |  477스텝 | 배송 28/28 | 재적재  5 | 중계율 0.15 | alpha 0.857 | complete
Ep 1482 | 드론4 목적지47 |  635스텝 | 배송 47/47 | 재적재  7 | 중계율 0.17 | alpha 0.855 | complete
Ep 1483 | 드론4 목적지26 |  371스텝 | 배송 26/26 | 재적재  3 | 중계율 0.23 | alpha 0.858 | complete
Ep 1484 | 드론4 목적지39 |  625스텝 | 배송 39/39 | 재적재  7 | 중계율 0.25 | alpha 0.861 | complete
Ep 1485 | 드론4 목적지75 |  678스텝 | 배송 75/75 | 재적재 13 | 중계율 0.13 | alpha 0.859 | complete
Ep 1486 | 드론4 목적지80 | 1000스텝 | 배송 78/80 | 재적재 15 | 중계율 0.23 | alpha 0.855 | step_limit
Ep 1487 | 드론4 목적지54 | 1000스텝 | 배송 51/54 | 재적재  8 | 중계율 0.33 | alpha 0.859 | step_limit
Ep 1488 | 드론4 목적지72 | 1000스텝 | 배송 63/72 | 재적재 11 | 중계율 0.27 | alpha 0.858 | step_limit
Ep 1489 | 드론3 목적지64 | 1000스텝 | 배송 50/64 | 재적재  8 | 중계율 0.24 | alpha 0.851 | step_limit
Ep 1490 | 드론3 목적지49 |  889스텝 | 배송 49/49 | 재적재  9 | 중계율 0.15 | alpha 0.848 | complete
Ep 1491 | 드론3 목적지68 | 1000스텝 | 배송 55/68 | 재적재 10 | 중계율 0.24 | alpha 0.844 | step_limit
Ep 1492 | 드론4 목적지75 |  870스텝 | 배송 75/75 | 재적재 14 | 중계율 0.16 | alpha 0.851 | complete
Ep 1493 | 드론3 목적지28 |  576스텝 | 배송 28/28 | 재적재  4 | 중계율 0.24 | alpha 0.856 | complete
Ep 1494 | 드론4 목적지60 |  763스텝 | 배송 60/60 | 재적재 10 | 중계율 0.21 | alpha 0.860 | complete
Ep 1495 | 드론4 목적지56 |  631스텝 | 배송 56/56 | 재적재 10 | 중계율 0.10 | alpha 0.863 | complete
Ep 1496 | 드론4 목적지62 |  801스텝 | 배송 62/62 | 재적재 10 | 중계율 0.20 | alpha 0.858 | complete
Ep 1497 | 드론3 목적지76 | 1000스텝 | 배송 64/76 | 재적재 10 | 중계율 0.21 | alpha 0.864 | step_limit
Ep 1498 | 드론3 목적지55 |  887스텝 | 배송 55/55 | 재적재  9 | 중계율 0.16 | alpha 0.872 | complete
Ep 1499 | 드론3 목적지28 |  646스텝 | 배송 28/28 | 재적재  4 | 중계율 0.22 | alpha 0.874 | complete
Ep 1500 | 드론4 목적지24 |  439스텝 | 배송 24/24 | 재적재  3 | 중계율 0.21 | alpha 0.883 | complete
  [홀드아웃] 배송 49.7±2.2 완주 0.97 스텝 940 점수 125.0 재적재 8.3 2홉+ 0.60 | 최고 127.7@ep1300 정체 4/15
Training finished. best=127.7 @ ep1300
