/home/kopt/enter/envs/wsl_neuroMCTS/lib/python3.10/site-packages/pygame/pkgdata.py:25: UserWarning: pkg_resources is deprecated as an API. See https://setuptools.pypa.io/en/latest/pkg_resources.html. The pkg_resources package is slated for removal as early as 2025-11-30. Refrain from using this package or pin to Setuptools<81.
  from pkg_resources import resource_stream, resource_exists
pygame 2.6.1 (SDL 2.28.4, Python 3.10.19)
Hello from the pygame community. https://www.pygame.org/contribute.html
집합 상위 학습 | 반경 300 상한 1000 무배송 500 gamma 0.997 구성=무작위 드론[3, 6] 목적지[20, 80] CC무작위 인스턴스=무작위 목표유지=off 완주보상=0.0 잔여페널티=0.1 규칙관측=False 홀드아웃상한=3000 선택=makespan
/home/kopt/drone/proposed_src/pipeline/train_v5_26_09_15_23.py:311: UserWarning: Converting a tensor with requires_grad=True to a scalar may lead to unexpected behavior.
Consider using tensor.detach() first. (Triggered internally at /pytorch/torch/csrc/autograd/generated/python_variable_methods.cpp:836.)
  writer.add_scalar("train/alpha", float(log_alpha.exp()), ep)
Ep 1 | 드론5 목적지43 |  979스텝 | 배송 43/43 | 재적재  7 | 중계율 0.11 | alpha 0.100 | complete
Ep 2 | 드론4 목적지74 | 1000스텝 | 배송 63/74 | 재적재 12 | 중계율 0.07 | alpha 0.100 | step_limit
Ep 3 | 드론5 목적지43 |  797스텝 | 배송 43/43 | 재적재  6 | 중계율 0.10 | alpha 0.100 | complete
Ep 4 | 드론4 목적지23 | 1000스텝 | 배송 18/23 | 재적재  3 | 중계율 0.05 | alpha 0.100 | step_limit
Ep 5 | 드론4 목적지31 | 1000스텝 | 배송 26/31 | 재적재  4 | 중계율 0.06 | alpha 0.101 | step_limit
Ep 6 | 드론3 목적지68 | 1000스텝 | 배송 44/68 | 재적재  8 | 중계율 0.09 | alpha 0.107 | step_limit
Ep 7 | 드론6 목적지44 |  515스텝 | 배송 44/44 | 재적재  5 | 중계율 0.20 | alpha 0.113 | complete
Ep 8 | 드론6 목적지30 |  422스텝 | 배송 30/30 | 재적재  3 | 중계율 0.27 | alpha 0.118 | complete
Ep 9 | 드론6 목적지42 |  632스텝 | 배송 42/42 | 재적재  5 | 중계율 0.31 | alpha 0.126 | complete
Ep 10 | 드론6 목적지47 |  445스텝 | 배송 47/47 | 재적재  7 | 중계율 0.25 | alpha 0.131 | complete
Ep 11 | 드론5 목적지21 |  330스텝 | 배송 21/21 | 재적재  2 | 중계율 0.29 | alpha 0.135 | complete
Ep 12 | 드론3 목적지37 | 1000스텝 | 배송 35/37 | 재적재  6 | 중계율 0.36 | alpha 0.147 | step_limit
Ep 13 | 드론6 목적지28 |  259스텝 | 배송 28/28 | 재적재  2 | 중계율 0.14 | alpha 0.150 | complete
Ep 14 | 드론3 목적지41 |  867스텝 | 배송 41/41 | 재적재  8 | 중계율 0.22 | alpha 0.161 | complete
Ep 15 | 드론3 목적지66 | 1000스텝 | 배송 43/66 | 재적재  7 | 중계율 0.13 | alpha 0.175 | step_limit
Ep 16 | 드론4 목적지71 |  817스텝 | 배송 71/71 | 재적재 12 | 중계율 0.18 | alpha 0.187 | complete
Ep 17 | 드론4 목적지24 | 1000스텝 | 배송 23/24 | 재적재  4 | 중계율 0.34 | alpha 0.202 | step_limit
Ep 18 | 드론5 목적지49 | 1000스텝 | 배송 48/49 | 재적재  6 | 중계율 0.23 | alpha 0.218 | step_limit
Ep 19 | 드론6 목적지34 |  397스텝 | 배송 34/34 | 재적재  6 | 중계율 0.20 | alpha 0.224 | complete
Ep 20 | 드론3 목적지48 |  885스텝 | 배송 48/48 | 재적재  8 | 중계율 0.16 | alpha 0.240 | complete
Ep 21 | 드론4 목적지63 |  764스텝 | 배송 63/63 | 재적재 10 | 중계율 0.21 | alpha 0.254 | complete
Ep 22 | 드론6 목적지46 |  425스텝 | 배송 46/46 | 재적재  6 | 중계율 0.14 | alpha 0.262 | complete
Ep 23 | 드론3 목적지44 | 1000스텝 | 배송 30/44 | 재적재  4 | 중계율 0.15 | alpha 0.282 | step_limit
Ep 24 | 드론5 목적지41 |  457스텝 | 배송 41/41 | 재적재  4 | 중계율 0.14 | alpha 0.292 | complete
Ep 25 | 드론5 목적지38 |  367스텝 | 배송 38/38 | 재적재  4 | 중계율 0.10 | alpha 0.300 | complete
Ep 26 | 드론5 목적지77 | 1000스텝 | 배송 76/77 | 재적재 12 | 중계율 0.10 | alpha 0.323 | step_limit
Ep 27 | 드론3 목적지41 |  939스텝 | 배송 41/41 | 재적재  7 | 중계율 0.13 | alpha 0.346 | complete
Ep 28 | 드론5 목적지52 |  874스텝 | 배송 52/52 | 재적재  8 | 중계율 0.16 | alpha 0.369 | complete
Ep 29 | 드론5 목적지72 | 1000스텝 | 배송 61/72 | 재적재 10 | 중계율 0.11 | alpha 0.396 | step_limit
Ep 30 | 드론5 목적지61 | 1000스텝 | 배송 54/61 | 재적재  8 | 중계율 0.08 | alpha 0.426 | step_limit
Ep 31 | 드론5 목적지45 |  648스텝 | 배송 45/45 | 재적재  6 | 중계율 0.10 | alpha 0.445 | complete
Ep 32 | 드론3 목적지68 | 1000스텝 | 배송 52/68 | 재적재  8 | 중계율 0.20 | alpha 0.478 | step_limit
Ep 33 | 드론3 목적지35 |  907스텝 | 배송 35/35 | 재적재  6 | 중계율 0.17 | alpha 0.509 | complete
Ep 34 | 드론3 목적지24 |  403스텝 | 배송 24/24 | 재적재  3 | 중계율 0.11 | alpha 0.524 | complete
Ep 35 | 드론3 목적지58 | 1000스텝 | 배송 46/58 | 재적재  8 | 중계율 0.18 | alpha 0.562 | step_limit
Ep 36 | 드론4 목적지64 | 1000스텝 | 배송 60/64 | 재적재 10 | 중계율 0.16 | alpha 0.603 | step_limit
Ep 37 | 드론6 목적지58 | 1000스텝 | 배송 55/58 | 재적재  8 | 중계율 0.05 | alpha 0.649 | step_limit
Ep 38 | 드론3 목적지77 | 1000스텝 | 배송 46/77 | 재적재  8 | 중계율 0.15 | alpha 0.697 | step_limit
Ep 39 | 드론3 목적지28 |  626스텝 | 배송 28/28 | 재적재  4 | 중계율 0.23 | alpha 0.729 | complete
Ep 40 | 드론3 목적지37 |  785스텝 | 배송 37/37 | 재적재  5 | 중계율 0.06 | alpha 0.771 | complete
Ep 41 | 드론5 목적지59 |  534스텝 | 배송 59/59 | 재적재  8 | 중계율 0.06 | alpha 0.801 | complete
Ep 42 | 드론6 목적지58 |  559스텝 | 배송 58/58 | 재적재 10 | 중계율 0.14 | alpha 0.833 | complete
Ep 43 | 드론6 목적지20 |  246스텝 | 배송 20/20 | 재적재  1 | 중계율 0.03 | alpha 0.847 | complete
Ep 44 | 드론6 목적지30 |  236스텝 | 배송 30/30 | 재적재  5 | 중계율 0.07 | alpha 0.861 | complete
Ep 45 | 드론6 목적지39 |  362스텝 | 배송 39/39 | 재적재  4 | 중계율 0.12 | alpha 0.883 | complete
Ep 46 | 드론6 목적지32 |  264스텝 | 배송 32/32 | 재적재  5 | 중계율 0.11 | alpha 0.899 | complete
Ep 47 | 드론5 목적지35 |  517스텝 | 배송 35/35 | 재적재  5 | 중계율 0.09 | alpha 0.932 | complete
Ep 48 | 드론5 목적지39 |  663스텝 | 배송 39/39 | 재적재  5 | 중계율 0.05 | alpha 0.975 | complete
Ep 49 | 드론5 목적지47 |  593스텝 | 배송 47/47 | 재적재  6 | 중계율 0.03 | alpha 1.016 | complete
Ep 50 | 드론4 목적지72 | 1000스텝 | 배송 58/72 | 재적재 10 | 중계율 0.09 | alpha 1.089 | step_limit
  [홀드아웃] 배송 41.1±7.3 완주 0.08 스텝 1340 점수 13.9 재적재 6.1 2홉+ 0.66 | 최고 13.9@ep50 정체 0/15  ← 갱신
Ep 51 | 드론4 목적지71 |  872스텝 | 배송 71/71 | 재적재 13 | 중계율 0.09 | alpha 1.157 | complete
Ep 52 | 드론4 목적지45 |  693스텝 | 배송 45/45 | 재적재  7 | 중계율 0.13 | alpha 1.213 | complete
Ep 53 | 드론6 목적지64 |  511스텝 | 배송 64/64 | 재적재  9 | 중계율 0.07 | alpha 1.255 | complete
Ep 54 | 드론5 목적지24 |  487스텝 | 배송 24/24 | 재적재  3 | 중계율 0.07 | alpha 1.296 | complete
Ep 55 | 드론6 목적지60 |  738스텝 | 배송 60/60 | 재적재  9 | 중계율 0.08 | alpha 1.359 | complete
Ep 56 | 드론6 목적지20 |  182스텝 | 배송 20/20 | 재적재  0 | 중계율 0.01 | alpha 1.374 | complete
Ep 57 | 드론5 목적지61 | 1000스텝 | 배송 59/61 | 재적재 10 | 중계율 0.07 | alpha 1.459 | step_limit
Ep 58 | 드론5 목적지77 |  990스텝 | 배송 77/77 | 재적재 13 | 중계율 0.08 | alpha 1.539 | complete
Ep 59 | 드론5 목적지40 |  969스텝 | 배송 31/40 | 재적재  3 | 중계율 0.14 | alpha 1.610 | no_progress
Ep 60 | 드론3 목적지76 | 1000스텝 | 배송 49/76 | 재적재  9 | 중계율 0.13 | alpha 1.676 | step_limit
Ep 61 | 드론5 목적지66 |  756스텝 | 배송 66/66 | 재적재 12 | 중계율 0.12 | alpha 1.723 | complete
Ep 62 | 드론5 목적지43 |  864스텝 | 배송 43/43 | 재적재  7 | 중계율 0.13 | alpha 1.770 | complete
Ep 63 | 드론5 목적지57 |  773스텝 | 배송 57/57 | 재적재  9 | 중계율 0.16 | alpha 1.804 | complete
Ep 64 | 드론3 목적지52 | 1000스텝 | 배송 45/52 | 재적재  8 | 중계율 0.10 | alpha 1.853 | step_limit
Ep 65 | 드론5 목적지42 |  612스텝 | 배송 42/42 | 재적재  6 | 중계율 0.09 | alpha 1.885 | complete
Ep 66 | 드론4 목적지41 |  904스텝 | 배송 41/41 | 재적재  7 | 중계율 0.17 | alpha 1.937 | complete
Ep 67 | 드론5 목적지23 |  355스텝 | 배송 23/23 | 재적재  3 | 중계율 0.13 | alpha 1.959 | complete
Ep 68 | 드론5 목적지77 |  771스텝 | 배송 77/77 | 재적재 14 | 중계율 0.10 | alpha 2.001 | complete
Ep 69 | 드론4 목적지48 |  671스텝 | 배송 48/48 | 재적재  8 | 중계율 0.11 | alpha 2.039 | complete
Ep 70 | 드론3 목적지69 | 1000스텝 | 배송 39/69 | 재적재  7 | 중계율 0.19 | alpha 2.103 | step_limit
Ep 71 | 드론5 목적지34 |  417스텝 | 배송 34/34 | 재적재  5 | 중계율 0.15 | alpha 2.132 | complete
Ep 72 | 드론5 목적지61 | 1000스텝 | 배송 52/61 | 재적재  9 | 중계율 0.17 | alpha 2.205 | step_limit
Ep 73 | 드론6 목적지50 |  533스텝 | 배송 50/50 | 재적재  6 | 중계율 0.19 | alpha 2.249 | complete
Ep 74 | 드론4 목적지70 | 1000스텝 | 배송 63/70 | 재적재 12 | 중계율 0.08 | alpha 2.341 | step_limit
Ep 75 | 드론6 목적지21 |  264스텝 | 배송 21/21 | 재적재  1 | 중계율 0.13 | alpha 2.364 | complete
Ep 76 | 드론3 목적지49 | 1000스텝 | 배송 39/49 | 재적재  6 | 중계율 0.23 | alpha 2.449 | step_limit
Ep 77 | 드론4 목적지67 | 1000스텝 | 배송 51/67 | 재적재  8 | 중계율 0.21 | alpha 2.532 | step_limit
Ep 78 | 드론3 목적지34 | 1000스텝 | 배송 33/34 | 재적재  5 | 중계율 0.10 | alpha 2.592 | step_limit
Ep 79 | 드론5 목적지31 |  663스텝 | 배송 31/31 | 재적재  3 | 중계율 0.10 | alpha 2.622 | complete
Ep 80 | 드론3 목적지44 | 1000스텝 | 배송 36/44 | 재적재  7 | 중계율 0.17 | alpha 2.647 | step_limit
Ep 81 | 드론6 목적지71 | 1000스텝 | 배송 68/71 | 재적재 12 | 중계율 0.13 | alpha 2.655 | step_limit
Ep 82 | 드론4 목적지59 |  786스텝 | 배송 59/59 | 재적재 10 | 중계율 0.09 | alpha 2.649 | complete
Ep 83 | 드론6 목적지21 |  200스텝 | 배송 21/21 | 재적재  1 | 중계율 0.12 | alpha 2.648 | complete
Ep 84 | 드론4 목적지41 |  821스텝 | 배송 41/41 | 재적재  7 | 중계율 0.15 | alpha 2.638 | complete
Ep 85 | 드론5 목적지38 |  656스텝 | 배송 38/38 | 재적재  6 | 중계율 0.17 | alpha 2.641 | complete
Ep 86 | 드론5 목적지64 |  772스텝 | 배송 64/64 | 재적재 11 | 중계율 0.10 | alpha 2.651 | complete
Ep 87 | 드론5 목적지24 |  616스텝 | 배송 24/24 | 재적재  3 | 중계율 0.20 | alpha 2.631 | complete
Ep 88 | 드론5 목적지66 | 1000스텝 | 배송 64/66 | 재적재 11 | 중계율 0.14 | alpha 2.603 | step_limit
Ep 89 | 드론6 목적지20 |  255스텝 | 배송 20/20 | 재적재  1 | 중계율 0.09 | alpha 2.602 | complete
Ep 90 | 드론6 목적지37 |  274스텝 | 배송 37/37 | 재적재  6 | 중계율 0.05 | alpha 2.602 | complete
Ep 91 | 드론4 목적지60 | 1000스텝 | 배송 58/60 | 재적재 11 | 중계율 0.16 | alpha 2.601 | step_limit
Ep 92 | 드론3 목적지37 | 1000스텝 | 배송 27/37 | 재적재  5 | 중계율 0.19 | alpha 2.562 | step_limit
Ep 93 | 드론4 목적지27 |  796스텝 | 배송 27/27 | 재적재  3 | 중계율 0.15 | alpha 2.536 | complete
Ep 94 | 드론4 목적지76 | 1000스텝 | 배송 69/76 | 재적재 12 | 중계율 0.12 | alpha 2.489 | step_limit
Ep 95 | 드론5 목적지30 |  703스텝 | 배송 30/30 | 재적재  4 | 중계율 0.14 | alpha 2.468 | complete
Ep 96 | 드론6 목적지34 |  500스텝 | 배송 34/34 | 재적재  5 | 중계율 0.18 | alpha 2.459 | complete
Ep 97 | 드론5 목적지35 |  865스텝 | 배송 35/35 | 재적재  5 | 중계율 0.14 | alpha 2.439 | complete
Ep 98 | 드론5 목적지39 |  666스텝 | 배송 39/39 | 재적재  5 | 중계율 0.10 | alpha 2.449 | complete
Ep 99 | 드론5 목적지69 | 1000스텝 | 배송 60/69 | 재적재 10 | 중계율 0.14 | alpha 2.414 | step_limit
Ep 100 | 드론6 목적지80 | 1000스텝 | 배송 77/80 | 재적재 14 | 중계율 0.12 | alpha 2.355 | step_limit
  [홀드아웃] 배송 49.9±0.3 완주 0.92 스텝 1392 점수 97.0 재적재 8.5 2홉+ 0.65 | 최고 97.0@ep100 정체 0/15  ← 갱신
Ep 101 | 드론3 목적지62 | 1000스텝 | 배송 53/62 | 재적재 10 | 중계율 0.16 | alpha 2.342 | step_limit
Ep 102 | 드론4 목적지30 |  849스텝 | 배송 30/30 | 재적재  4 | 중계율 0.11 | alpha 2.305 | complete
Ep 103 | 드론5 목적지75 |  988스텝 | 배송 75/75 | 재적재 13 | 중계율 0.15 | alpha 2.237 | complete
Ep 104 | 드론4 목적지39 |  786스텝 | 배송 39/39 | 재적재  6 | 중계율 0.17 | alpha 2.176 | complete
Ep 105 | 드론5 목적지24 |  563스텝 | 배송 24/24 | 재적재  2 | 중계율 0.08 | alpha 2.154 | complete
Ep 106 | 드론5 목적지73 | 1000스텝 | 배송 72/73 | 재적재 13 | 중계율 0.14 | alpha 2.087 | step_limit
Ep 107 | 드론5 목적지25 |  257스텝 | 배송 25/25 | 재적재  2 | 중계율 0.08 | alpha 2.076 | complete
Ep 108 | 드론3 목적지69 | 1000스텝 | 배송 55/69 | 재적재  9 | 중계율 0.24 | alpha 2.090 | step_limit
Ep 109 | 드론4 목적지25 |  355스텝 | 배송 25/25 | 재적재  3 | 중계율 0.08 | alpha 2.098 | complete
Ep 110 | 드론3 목적지26 | 1000스텝 | 배송 19/26 | 재적재  2 | 중계율 0.11 | alpha 2.144 | step_limit
Ep 111 | 드론3 목적지21 |  424스텝 | 배송 21/21 | 재적재  2 | 중계율 0.15 | alpha 2.147 | complete
Ep 112 | 드론6 목적지31 |  406스텝 | 배송 31/31 | 재적재  4 | 중계율 0.05 | alpha 2.141 | complete
Ep 113 | 드론4 목적지57 | 1000스텝 | 배송 51/57 | 재적재  9 | 중계율 0.23 | alpha 2.137 | step_limit
Ep 114 | 드론6 목적지64 |  679스텝 | 배송 64/64 | 재적재 12 | 중계율 0.11 | alpha 2.123 | complete
Ep 115 | 드론5 목적지57 |  795스텝 | 배송 57/57 | 재적재 10 | 중계율 0.13 | alpha 2.139 | complete
Ep 116 | 드론3 목적지78 | 1000스텝 | 배송 60/78 | 재적재 10 | 중계율 0.21 | alpha 2.157 | step_limit
Ep 117 | 드론6 목적지76 | 1000스텝 | 배송 74/76 | 재적재 12 | 중계율 0.23 | alpha 2.146 | step_limit
Ep 118 | 드론3 목적지59 | 1000스텝 | 배송 52/59 | 재적재  9 | 중계율 0.10 | alpha 2.116 | step_limit
Ep 119 | 드론4 목적지73 | 1000스텝 | 배송 64/73 | 재적재 11 | 중계율 0.18 | alpha 2.119 | step_limit
Ep 120 | 드론4 목적지68 | 1000스텝 | 배송 61/68 | 재적재 11 | 중계율 0.16 | alpha 2.089 | step_limit
Ep 121 | 드론6 목적지59 |  497스텝 | 배송 59/59 | 재적재  8 | 중계율 0.11 | alpha 2.060 | complete
Ep 122 | 드론6 목적지55 |  489스텝 | 배송 55/55 | 재적재  8 | 중계율 0.09 | alpha 2.030 | complete
Ep 123 | 드론4 목적지22 |  402스텝 | 배송 22/22 | 재적재  4 | 중계율 0.10 | alpha 2.018 | complete
Ep 124 | 드론3 목적지57 | 1000스텝 | 배송 50/57 | 재적재  9 | 중계율 0.12 | alpha 1.969 | step_limit
Ep 125 | 드론3 목적지29 | 1000스텝 | 배송 28/29 | 재적재  4 | 중계율 0.21 | alpha 1.948 | step_limit
Ep 126 | 드론6 목적지80 |  956스텝 | 배송 80/80 | 재적재 14 | 중계율 0.14 | alpha 1.937 | complete
Ep 127 | 드론6 목적지23 |  364스텝 | 배송 23/23 | 재적재  2 | 중계율 0.09 | alpha 1.924 | complete
Ep 128 | 드론4 목적지75 | 1000스텝 | 배송 59/75 | 재적재 10 | 중계율 0.23 | alpha 1.880 | step_limit
Ep 129 | 드론5 목적지31 |  454스텝 | 배송 31/31 | 재적재  4 | 중계율 0.19 | alpha 1.869 | complete
Ep 130 | 드론5 목적지26 |  365스텝 | 배송 26/26 | 재적재  4 | 중계율 0.05 | alpha 1.876 | complete
Ep 131 | 드론6 목적지57 |  584스텝 | 배송 57/57 | 재적재  9 | 중계율 0.09 | alpha 1.880 | complete
Ep 132 | 드론4 목적지51 | 1000스텝 | 배송 46/51 | 재적재  7 | 중계율 0.24 | alpha 1.855 | step_limit
Ep 133 | 드론6 목적지36 |  379스텝 | 배송 36/36 | 재적재  5 | 중계율 0.12 | alpha 1.834 | complete
Ep 134 | 드론5 목적지49 |  788스텝 | 배송 49/49 | 재적재  8 | 중계율 0.13 | alpha 1.810 | complete
Ep 135 | 드론4 목적지56 | 1000스텝 | 배송 40/56 | 재적재  7 | 중계율 0.21 | alpha 1.786 | step_limit
Ep 136 | 드론3 목적지38 |  866스텝 | 배송 38/38 | 재적재  6 | 중계율 0.11 | alpha 1.768 | complete
Ep 137 | 드론6 목적지37 |  498스텝 | 배송 37/37 | 재적재  6 | 중계율 0.07 | alpha 1.775 | complete
Ep 138 | 드론5 목적지68 |  962스텝 | 배송 68/68 | 재적재 11 | 중계율 0.16 | alpha 1.782 | complete
Ep 139 | 드론3 목적지63 | 1000스텝 | 배송 61/63 | 재적재 12 | 중계율 0.13 | alpha 1.754 | step_limit
Ep 140 | 드론6 목적지64 |  685스텝 | 배송 64/64 | 재적재 10 | 중계율 0.08 | alpha 1.750 | complete
Ep 141 | 드론4 목적지48 | 1000스텝 | 배송 44/48 | 재적재  7 | 중계율 0.13 | alpha 1.733 | step_limit
Ep 142 | 드론5 목적지69 |  765스텝 | 배송 69/69 | 재적재 12 | 중계율 0.09 | alpha 1.696 | complete
Ep 143 | 드론3 목적지58 | 1000스텝 | 배송 46/58 | 재적재  7 | 중계율 0.14 | alpha 1.689 | step_limit
Ep 144 | 드론6 목적지55 |  613스텝 | 배송 55/55 | 재적재  9 | 중계율 0.10 | alpha 1.703 | complete
Ep 145 | 드론3 목적지39 |  957스텝 | 배송 39/39 | 재적재  6 | 중계율 0.16 | alpha 1.725 | complete
Ep 146 | 드론3 목적지60 | 1000스텝 | 배송 55/60 | 재적재 10 | 중계율 0.11 | alpha 1.718 | step_limit
Ep 147 | 드론4 목적지44 |  882스텝 | 배송 44/44 | 재적재  7 | 중계율 0.11 | alpha 1.733 | complete
Ep 148 | 드론6 목적지50 |  578스텝 | 배송 50/50 | 재적재  8 | 중계율 0.09 | alpha 1.699 | complete
Ep 149 | 드론3 목적지36 |  664스텝 | 배송 36/36 | 재적재  6 | 중계율 0.09 | alpha 1.671 | complete
Ep 150 | 드론5 목적지78 |  945스텝 | 배송 78/78 | 재적재 13 | 중계율 0.14 | alpha 1.644 | complete
  [홀드아웃] 배송 49.5±1.7 완주 0.92 스텝 1479 점수 96.7 재적재 8.6 2홉+ 0.67 | 최고 97.0@ep100 정체 1/15
Ep 151 | 드론4 목적지64 |  990스텝 | 배송 64/64 | 재적재 12 | 중계율 0.08 | alpha 1.648 | complete
Ep 152 | 드론6 목적지21 |  262스텝 | 배송 21/21 | 재적재  1 | 중계율 0.03 | alpha 1.660 | complete
Ep 153 | 드론5 목적지76 | 1000스텝 | 배송 75/76 | 재적재 13 | 중계율 0.10 | alpha 1.668 | step_limit
Ep 154 | 드론3 목적지40 | 1000스텝 | 배송 38/40 | 재적재  6 | 중계율 0.19 | alpha 1.668 | step_limit
Ep 155 | 드론4 목적지64 | 1000스텝 | 배송 49/64 | 재적재  8 | 중계율 0.06 | alpha 1.666 | step_limit
Ep 156 | 드론5 목적지50 |  835스텝 | 배송 50/50 | 재적재  8 | 중계율 0.17 | alpha 1.665 | complete
Ep 157 | 드론3 목적지56 | 1000스텝 | 배송 52/56 | 재적재  8 | 중계율 0.10 | alpha 1.710 | step_limit
Ep 158 | 드론6 목적지67 |  632스텝 | 배송 67/67 | 재적재 11 | 중계율 0.10 | alpha 1.723 | complete
Ep 159 | 드론5 목적지78 | 1000스텝 | 배송 76/78 | 재적재 13 | 중계율 0.06 | alpha 1.713 | step_limit
Ep 160 | 드론5 목적지23 |  452스텝 | 배송 23/23 | 재적재  3 | 중계율 0.14 | alpha 1.687 | complete
Ep 161 | 드론6 목적지73 |  942스텝 | 배송 73/73 | 재적재 10 | 중계율 0.10 | alpha 1.664 | complete
Ep 162 | 드론4 목적지49 | 1000스텝 | 배송 46/49 | 재적재  9 | 중계율 0.12 | alpha 1.691 | step_limit
Ep 163 | 드론5 목적지36 |  536스텝 | 배송 36/36 | 재적재  5 | 중계율 0.10 | alpha 1.682 | complete
Ep 164 | 드론5 목적지54 |  626스텝 | 배송 54/54 | 재적재  9 | 중계율 0.06 | alpha 1.681 | complete
Ep 165 | 드론6 목적지47 |  552스텝 | 배송 47/47 | 재적재  8 | 중계율 0.10 | alpha 1.683 | complete
Ep 166 | 드론5 목적지63 |  754스텝 | 배송 63/63 | 재적재 11 | 중계율 0.13 | alpha 1.642 | complete
Ep 167 | 드론5 목적지38 |  455스텝 | 배송 38/38 | 재적재  5 | 중계율 0.16 | alpha 1.654 | complete
Ep 168 | 드론5 목적지44 |  742스텝 | 배송 44/44 | 재적재  6 | 중계율 0.09 | alpha 1.640 | complete
Ep 169 | 드론5 목적지45 |  755스텝 | 배송 45/45 | 재적재  7 | 중계율 0.12 | alpha 1.604 | complete
Ep 170 | 드론4 목적지78 | 1000스텝 | 배송 69/78 | 재적재 12 | 중계율 0.10 | alpha 1.614 | step_limit
Ep 171 | 드론5 목적지34 |  954스텝 | 배송 34/34 | 재적재  4 | 중계율 0.11 | alpha 1.597 | complete
Ep 172 | 드론4 목적지48 |  606스텝 | 배송 48/48 | 재적재  7 | 중계율 0.10 | alpha 1.604 | complete
Ep 173 | 드론4 목적지64 | 1000스텝 | 배송 57/64 | 재적재  9 | 중계율 0.19 | alpha 1.601 | step_limit
Ep 174 | 드론5 목적지38 |  511스텝 | 배송 38/38 | 재적재  5 | 중계율 0.06 | alpha 1.585 | complete
Ep 175 | 드론4 목적지56 |  993스텝 | 배송 56/56 | 재적재  9 | 중계율 0.12 | alpha 1.596 | complete
Ep 176 | 드론3 목적지68 | 1000스텝 | 배송 54/68 | 재적재 10 | 중계율 0.18 | alpha 1.596 | step_limit
Ep 177 | 드론5 목적지74 |  878스텝 | 배송 74/74 | 재적재 12 | 중계율 0.06 | alpha 1.633 | complete
Ep 178 | 드론5 목적지37 |  521스텝 | 배송 37/37 | 재적재  4 | 중계율 0.11 | alpha 1.623 | complete
Ep 179 | 드론6 목적지48 |  488스텝 | 배송 48/48 | 재적재  7 | 중계율 0.07 | alpha 1.591 | complete
Ep 180 | 드론4 목적지61 | 1000스텝 | 배송 57/61 | 재적재 10 | 중계율 0.15 | alpha 1.581 | step_limit
Ep 181 | 드론3 목적지80 | 1000스텝 | 배송 56/80 | 재적재 11 | 중계율 0.14 | alpha 1.551 | step_limit
Ep 182 | 드론5 목적지31 |  438스텝 | 배송 31/31 | 재적재  4 | 중계율 0.14 | alpha 1.557 | complete
Ep 183 | 드론4 목적지53 | 1000스텝 | 배송 52/53 | 재적재  8 | 중계율 0.11 | alpha 1.606 | step_limit
Ep 184 | 드론4 목적지64 | 1000스텝 | 배송 56/64 | 재적재 10 | 중계율 0.18 | alpha 1.644 | step_limit
Ep 185 | 드론3 목적지49 | 1000스텝 | 배송 45/49 | 재적재  8 | 중계율 0.10 | alpha 1.641 | step_limit
Ep 186 | 드론5 목적지47 |  605스텝 | 배송 47/47 | 재적재  8 | 중계율 0.10 | alpha 1.619 | complete
Ep 187 | 드론5 목적지59 |  945스텝 | 배송 59/59 | 재적재 10 | 중계율 0.16 | alpha 1.624 | complete
Ep 188 | 드론3 목적지33 | 1000스텝 | 배송 31/33 | 재적재  5 | 중계율 0.17 | alpha 1.614 | step_limit
Ep 189 | 드론6 목적지35 |  311스텝 | 배송 35/35 | 재적재  5 | 중계율 0.11 | alpha 1.617 | complete
Ep 190 | 드론3 목적지30 |  743스텝 | 배송 30/30 | 재적재  5 | 중계율 0.15 | alpha 1.641 | complete
Ep 191 | 드론4 목적지70 | 1000스텝 | 배송 66/70 | 재적재 12 | 중계율 0.10 | alpha 1.639 | step_limit
Ep 192 | 드론5 목적지36 |  431스텝 | 배송 36/36 | 재적재  6 | 중계율 0.09 | alpha 1.647 | complete
Ep 193 | 드론3 목적지54 | 1000스텝 | 배송 45/54 | 재적재  8 | 중계율 0.17 | alpha 1.714 | step_limit
Ep 194 | 드론4 목적지76 | 1000스텝 | 배송 70/76 | 재적재 13 | 중계율 0.14 | alpha 1.737 | step_limit
Ep 195 | 드론5 목적지74 | 1000스텝 | 배송 70/74 | 재적재 11 | 중계율 0.14 | alpha 1.753 | step_limit
Ep 196 | 드론6 목적지70 |  772스텝 | 배송 70/70 | 재적재 12 | 중계율 0.11 | alpha 1.742 | complete
Ep 197 | 드론4 목적지34 |  728스텝 | 배송 34/34 | 재적재  6 | 중계율 0.08 | alpha 1.749 | complete
Ep 198 | 드론3 목적지33 | 1000스텝 | 배송 31/33 | 재적재  6 | 중계율 0.21 | alpha 1.743 | step_limit
Ep 199 | 드론6 목적지46 |  363스텝 | 배송 46/46 | 재적재  7 | 중계율 0.08 | alpha 1.738 | complete
Ep 200 | 드론6 목적지42 |  435스텝 | 배송 42/42 | 재적재  7 | 중계율 0.07 | alpha 1.746 | complete
  [홀드아웃] 배송 49.9±0.3 완주 0.92 스텝 1295 점수 97.3 재적재 8.4 2홉+ 0.65 | 최고 97.3@ep200 정체 0/15  ← 갱신
Ep 201 | 드론6 목적지51 |  526스텝 | 배송 51/51 | 재적재  6 | 중계율 0.09 | alpha 1.752 | complete
Ep 202 | 드론5 목적지32 |  558스텝 | 배송 32/32 | 재적재  4 | 중계율 0.16 | alpha 1.754 | complete
Ep 203 | 드론5 목적지30 |  732스텝 | 배송 30/30 | 재적재  4 | 중계율 0.16 | alpha 1.765 | complete
Ep 204 | 드론6 목적지73 |  749스텝 | 배송 73/73 | 재적재 11 | 중계율 0.06 | alpha 1.760 | complete
Ep 205 | 드론3 목적지44 | 1000스텝 | 배송 39/44 | 재적재  6 | 중계율 0.07 | alpha 1.769 | step_limit
Ep 206 | 드론3 목적지26 |  896스텝 | 배송 26/26 | 재적재  4 | 중계율 0.14 | alpha 1.750 | complete
Ep 207 | 드론5 목적지40 |  596스텝 | 배송 40/40 | 재적재  5 | 중계율 0.08 | alpha 1.759 | complete
Ep 208 | 드론6 목적지35 |  428스텝 | 배송 35/35 | 재적재  3 | 중계율 0.08 | alpha 1.765 | complete
Ep 209 | 드론6 목적지75 |  904스텝 | 배송 75/75 | 재적재 12 | 중계율 0.05 | alpha 1.780 | complete
Ep 210 | 드론6 목적지56 |  905스텝 | 배송 56/56 | 재적재 10 | 중계율 0.11 | alpha 1.784 | complete
Ep 211 | 드론3 목적지26 |  863스텝 | 배송 26/26 | 재적재  4 | 중계율 0.12 | alpha 1.771 | complete
Ep 212 | 드론3 목적지58 | 1000스텝 | 배송 52/58 | 재적재 10 | 중계율 0.11 | alpha 1.733 | step_limit
Ep 213 | 드론3 목적지44 |  975스텝 | 배송 44/44 | 재적재  7 | 중계율 0.15 | alpha 1.730 | complete
Ep 214 | 드론3 목적지56 | 1000스텝 | 배송 52/56 | 재적재  9 | 중계율 0.11 | alpha 1.738 | step_limit
Ep 215 | 드론4 목적지64 | 1000스텝 | 배송 58/64 | 재적재 10 | 중계율 0.14 | alpha 1.716 | step_limit
Ep 216 | 드론5 목적지40 |  443스텝 | 배송 40/40 | 재적재  6 | 중계율 0.07 | alpha 1.696 | complete
Ep 217 | 드론6 목적지41 |  436스텝 | 배송 41/41 | 재적재  7 | 중계율 0.07 | alpha 1.679 | complete
Ep 218 | 드론3 목적지31 |  667스텝 | 배송 31/31 | 재적재  5 | 중계율 0.11 | alpha 1.672 | complete
Ep 219 | 드론4 목적지80 | 1000스텝 | 배송 66/80 | 재적재 11 | 중계율 0.08 | alpha 1.648 | step_limit
Ep 220 | 드론4 목적지53 |  766스텝 | 배송 53/53 | 재적재  9 | 중계율 0.11 | alpha 1.682 | complete
Ep 221 | 드론6 목적지72 |  600스텝 | 배송 72/72 | 재적재 13 | 중계율 0.06 | alpha 1.708 | complete
Ep 222 | 드론3 목적지27 |  823스텝 | 배송 27/27 | 재적재  4 | 중계율 0.14 | alpha 1.705 | complete
Ep 223 | 드론6 목적지22 |  237스텝 | 배송 22/22 | 재적재  0 | 중계율 0.12 | alpha 1.701 | complete
Ep 224 | 드론4 목적지62 |  889스텝 | 배송 62/62 | 재적재 11 | 중계율 0.07 | alpha 1.700 | complete
Ep 225 | 드론5 목적지58 |  555스텝 | 배송 58/58 | 재적재  9 | 중계율 0.05 | alpha 1.711 | complete
Ep 226 | 드론6 목적지37 |  723스텝 | 배송 37/37 | 재적재  5 | 중계율 0.09 | alpha 1.735 | complete
Ep 227 | 드론3 목적지49 | 1000스텝 | 배송 33/49 | 재적재  5 | 중계율 0.14 | alpha 1.708 | step_limit
Ep 228 | 드론5 목적지72 |  641스텝 | 배송 72/72 | 재적재 11 | 중계율 0.06 | alpha 1.739 | complete
Ep 229 | 드론3 목적지77 | 1000스텝 | 배송 59/77 | 재적재 11 | 중계율 0.14 | alpha 1.721 | step_limit
Ep 230 | 드론6 목적지53 |  637스텝 | 배송 53/53 | 재적재  8 | 중계율 0.05 | alpha 1.731 | complete
Ep 231 | 드론5 목적지56 | 1000스텝 | 배송 53/56 | 재적재  9 | 중계율 0.15 | alpha 1.755 | step_limit
Ep 232 | 드론3 목적지28 |  675스텝 | 배송 28/28 | 재적재  4 | 중계율 0.11 | alpha 1.775 | complete
Ep 233 | 드론5 목적지40 |  776스텝 | 배송 40/40 | 재적재  7 | 중계율 0.07 | alpha 1.754 | complete
Ep 234 | 드론5 목적지29 |  622스텝 | 배송 29/29 | 재적재  4 | 중계율 0.10 | alpha 1.733 | complete
Ep 235 | 드론6 목적지69 |  814스텝 | 배송 69/69 | 재적재 11 | 중계율 0.08 | alpha 1.750 | complete
Ep 236 | 드론4 목적지30 | 1000스텝 | 배송 28/30 | 재적재  5 | 중계율 0.13 | alpha 1.757 | step_limit
Ep 237 | 드론5 목적지24 |  467스텝 | 배송 24/24 | 재적재  3 | 중계율 0.07 | alpha 1.777 | complete
Ep 238 | 드론5 목적지21 |  429스텝 | 배송 21/21 | 재적재  3 | 중계율 0.11 | alpha 1.747 | complete
Ep 239 | 드론5 목적지60 | 1000스텝 | 배송 59/60 | 재적재 10 | 중계율 0.12 | alpha 1.750 | step_limit
Ep 240 | 드론6 목적지58 | 1000스텝 | 배송 55/58 | 재적재  7 | 중계율 0.09 | alpha 1.749 | step_limit
Ep 241 | 드론3 목적지26 |  535스텝 | 배송 26/26 | 재적재  4 | 중계율 0.10 | alpha 1.758 | complete
Ep 242 | 드론4 목적지43 |  781스텝 | 배송 43/43 | 재적재  6 | 중계율 0.09 | alpha 1.763 | complete
Ep 243 | 드론5 목적지55 |  806스텝 | 배송 55/55 | 재적재  9 | 중계율 0.06 | alpha 1.765 | complete
Ep 244 | 드론6 목적지48 |  504스텝 | 배송 48/48 | 재적재  8 | 중계율 0.05 | alpha 1.757 | complete
Ep 245 | 드론6 목적지67 |  510스텝 | 배송 67/67 | 재적재 11 | 중계율 0.08 | alpha 1.750 | complete
Ep 246 | 드론4 목적지65 | 1000스텝 | 배송 51/65 | 재적재  9 | 중계율 0.09 | alpha 1.710 | step_limit
Ep 247 | 드론6 목적지49 |  437스텝 | 배송 49/49 | 재적재  5 | 중계율 0.06 | alpha 1.712 | complete
Ep 248 | 드론3 목적지41 | 1000스텝 | 배송 39/41 | 재적재  7 | 중계율 0.11 | alpha 1.712 | step_limit
Ep 249 | 드론5 목적지26 |  253스텝 | 배송 26/26 | 재적재  4 | 중계율 0.06 | alpha 1.721 | complete
Ep 250 | 드론5 목적지43 |  834스텝 | 배송 43/43 | 재적재  7 | 중계율 0.06 | alpha 1.710 | complete
  [홀드아웃] 배송 50.0±0.0 완주 1.00 스텝 1160 점수 106.1 재적재 8.6 2홉+ 0.63 | 최고 106.1@ep250 정체 0/15  ← 갱신
Ep 251 | 드론5 목적지71 |  990스텝 | 배송 71/71 | 재적재 11 | 중계율 0.08 | alpha 1.716 | complete
Ep 252 | 드론3 목적지48 | 1000스텝 | 배송 39/48 | 재적재  6 | 중계율 0.11 | alpha 1.685 | step_limit
Ep 253 | 드론4 목적지30 |  828스텝 | 배송 30/30 | 재적재  4 | 중계율 0.11 | alpha 1.672 | complete
Ep 254 | 드론5 목적지26 |  419스텝 | 배송 26/26 | 재적재  2 | 중계율 0.10 | alpha 1.681 | complete
Ep 255 | 드론6 목적지69 |  673스텝 | 배송 69/69 | 재적재 11 | 중계율 0.08 | alpha 1.685 | complete
Ep 256 | 드론6 목적지33 |  425스텝 | 배송 33/33 | 재적재  4 | 중계율 0.09 | alpha 1.704 | complete
Ep 257 | 드론4 목적지55 | 1000스텝 | 배송 51/55 | 재적재  9 | 중계율 0.12 | alpha 1.696 | step_limit
Ep 258 | 드론5 목적지36 |  895스텝 | 배송 36/36 | 재적재  6 | 중계율 0.14 | alpha 1.722 | complete
Ep 259 | 드론4 목적지79 | 1000스텝 | 배송 65/79 | 재적재 12 | 중계율 0.06 | alpha 1.717 | step_limit
Ep 260 | 드론3 목적지41 | 1000스텝 | 배송 36/41 | 재적재  6 | 중계율 0.10 | alpha 1.707 | step_limit
Ep 261 | 드론6 목적지21 |  235스텝 | 배송 21/21 | 재적재  0 | 중계율 0.10 | alpha 1.711 | complete
Ep 262 | 드론3 목적지43 | 1000스텝 | 배송 40/43 | 재적재  7 | 중계율 0.11 | alpha 1.734 | step_limit
Ep 263 | 드론5 목적지21 |  363스텝 | 배송 21/21 | 재적재  2 | 중계율 0.14 | alpha 1.734 | complete
Ep 264 | 드론6 목적지50 |  689스텝 | 배송 50/50 | 재적재  8 | 중계율 0.10 | alpha 1.742 | complete
Ep 265 | 드론3 목적지35 | 1000스텝 | 배송 32/35 | 재적재  5 | 중계율 0.14 | alpha 1.726 | step_limit
Ep 266 | 드론4 목적지54 |  951스텝 | 배송 54/54 | 재적재 10 | 중계율 0.08 | alpha 1.725 | complete
Ep 267 | 드론5 목적지46 |  552스텝 | 배송 46/46 | 재적재  8 | 중계율 0.07 | alpha 1.770 | complete
Ep 268 | 드론3 목적지33 |  874스텝 | 배송 33/33 | 재적재  5 | 중계율 0.10 | alpha 1.772 | complete
Ep 269 | 드론3 목적지42 | 1000스텝 | 배송 39/42 | 재적재  7 | 중계율 0.10 | alpha 1.757 | step_limit
Ep 270 | 드론4 목적지45 | 1000스텝 | 배송 42/45 | 재적재  6 | 중계율 0.14 | alpha 1.743 | step_limit
Ep 271 | 드론5 목적지37 | 1000스텝 | 배송 36/37 | 재적재  5 | 중계율 0.10 | alpha 1.724 | step_limit
Ep 272 | 드론3 목적지47 | 1000스텝 | 배송 34/47 | 재적재  6 | 중계율 0.13 | alpha 1.738 | step_limit
Ep 273 | 드론6 목적지76 |  872스텝 | 배송 76/76 | 재적재 13 | 중계율 0.06 | alpha 1.749 | complete
Ep 274 | 드론6 목적지29 |  597스텝 | 배송 29/29 | 재적재  3 | 중계율 0.08 | alpha 1.739 | complete
Ep 275 | 드론4 목적지78 | 1000스텝 | 배송 66/78 | 재적재 13 | 중계율 0.13 | alpha 1.743 | step_limit
Ep 276 | 드론5 목적지49 |  899스텝 | 배송 49/49 | 재적재  8 | 중계율 0.08 | alpha 1.723 | complete
Ep 277 | 드론3 목적지67 | 1000스텝 | 배송 58/67 | 재적재 11 | 중계율 0.09 | alpha 1.712 | step_limit
Ep 278 | 드론4 목적지30 |  546스텝 | 배송 30/30 | 재적재  4 | 중계율 0.06 | alpha 1.717 | complete
Ep 279 | 드론6 목적지44 |  474스텝 | 배송 44/44 | 재적재  6 | 중계율 0.05 | alpha 1.720 | complete
Ep 280 | 드론4 목적지32 |  751스텝 | 배송 32/32 | 재적재  4 | 중계율 0.09 | alpha 1.742 | complete
Ep 281 | 드론4 목적지36 |  807스텝 | 배송 36/36 | 재적재  6 | 중계율 0.05 | alpha 1.741 | complete
Ep 282 | 드론4 목적지56 |  667스텝 | 배송 56/56 | 재적재  9 | 중계율 0.06 | alpha 1.749 | complete
Ep 283 | 드론4 목적지75 | 1000스텝 | 배송 72/75 | 재적재 13 | 중계율 0.07 | alpha 1.756 | step_limit
Ep 284 | 드론5 목적지21 |  205스텝 | 배송 21/21 | 재적재  1 | 중계율 0.06 | alpha 1.767 | complete
Ep 285 | 드론6 목적지72 |  629스텝 | 배송 72/72 | 재적재 11 | 중계율 0.06 | alpha 1.741 | complete
Ep 286 | 드론6 목적지78 |  646스텝 | 배송 78/78 | 재적재 14 | 중계율 0.05 | alpha 1.731 | complete
Ep 287 | 드론3 목적지39 |  868스텝 | 배송 39/39 | 재적재  7 | 중계율 0.08 | alpha 1.727 | complete
Ep 288 | 드론4 목적지39 |  607스텝 | 배송 39/39 | 재적재  6 | 중계율 0.06 | alpha 1.714 | complete
Ep 289 | 드론3 목적지49 | 1000스텝 | 배송 45/49 | 재적재  8 | 중계율 0.07 | alpha 1.708 | step_limit
Ep 290 | 드론4 목적지29 |  522스텝 | 배송 29/29 | 재적재  4 | 중계율 0.08 | alpha 1.710 | complete
Ep 291 | 드론5 목적지68 |  799스텝 | 배송 68/68 | 재적재 11 | 중계율 0.05 | alpha 1.679 | complete
Ep 292 | 드론3 목적지69 | 1000스텝 | 배송 56/69 | 재적재 10 | 중계율 0.10 | alpha 1.672 | step_limit
Ep 293 | 드론3 목적지38 | 1000스텝 | 배송 34/38 | 재적재  6 | 중계율 0.12 | alpha 1.658 | step_limit
Ep 294 | 드론5 목적지41 |  681스텝 | 배송 41/41 | 재적재  6 | 중계율 0.09 | alpha 1.668 | complete
Ep 295 | 드론4 목적지35 |  837스텝 | 배송 35/35 | 재적재  5 | 중계율 0.10 | alpha 1.659 | complete
Ep 296 | 드론6 목적지49 |  476스텝 | 배송 49/49 | 재적재  7 | 중계율 0.04 | alpha 1.673 | complete
Ep 297 | 드론4 목적지78 | 1000스텝 | 배송 71/78 | 재적재 12 | 중계율 0.07 | alpha 1.668 | step_limit
Ep 298 | 드론4 목적지73 | 1000스텝 | 배송 62/73 | 재적재 12 | 중계율 0.08 | alpha 1.676 | step_limit
Ep 299 | 드론6 목적지75 |  667스텝 | 배송 75/75 | 재적재 13 | 중계율 0.04 | alpha 1.683 | complete
Ep 300 | 드론4 목적지39 |  711스텝 | 배송 39/39 | 재적재  7 | 중계율 0.11 | alpha 1.703 | complete
  [홀드아웃] 배송 49.6±1.0 완주 0.83 스텝 1301 점수 89.0 재적재 8.4 2홉+ 0.62 | 최고 106.1@ep250 정체 1/15
Ep 301 | 드론3 목적지69 | 1000스텝 | 배송 58/69 | 재적재 10 | 중계율 0.09 | alpha 1.701 | step_limit
Ep 302 | 드론6 목적지60 |  797스텝 | 배송 60/60 | 재적재 10 | 중계율 0.09 | alpha 1.739 | complete
Ep 303 | 드론4 목적지74 | 1000스텝 | 배송 64/74 | 재적재 10 | 중계율 0.04 | alpha 1.729 | step_limit
Ep 304 | 드론4 목적지25 |  332스텝 | 배송 25/25 | 재적재  3 | 중계율 0.07 | alpha 1.714 | complete
Ep 305 | 드론3 목적지75 | 1000스텝 | 배송 49/75 | 재적재  9 | 중계율 0.11 | alpha 1.707 | step_limit
Ep 306 | 드론4 목적지29 |  647스텝 | 배송 29/29 | 재적재  4 | 중계율 0.06 | alpha 1.723 | complete
Ep 307 | 드론6 목적지29 |  220스텝 | 배송 29/29 | 재적재  2 | 중계율 0.04 | alpha 1.732 | complete
Ep 308 | 드론6 목적지35 |  383스텝 | 배송 35/35 | 재적재  4 | 중계율 0.05 | alpha 1.738 | complete
Ep 309 | 드론5 목적지37 |  570스텝 | 배송 37/37 | 재적재  4 | 중계율 0.11 | alpha 1.753 | complete
Ep 310 | 드론3 목적지74 | 1000스텝 | 배송 46/74 | 재적재  8 | 중계율 0.07 | alpha 1.759 | step_limit
Ep 311 | 드론6 목적지42 |  545스텝 | 배송 42/42 | 재적재  7 | 중계율 0.09 | alpha 1.771 | complete
Ep 312 | 드론6 목적지73 | 1000스텝 | 배송 70/73 | 재적재 12 | 중계율 0.10 | alpha 1.766 | step_limit
Ep 313 | 드론4 목적지34 |  997스텝 | 배송 34/34 | 재적재  6 | 중계율 0.12 | alpha 1.791 | complete
Ep 314 | 드론3 목적지26 | 1000스텝 | 배송 23/26 | 재적재  4 | 중계율 0.10 | alpha 1.754 | step_limit
Ep 315 | 드론6 목적지20 |  307스텝 | 배송 20/20 | 재적재  2 | 중계율 0.13 | alpha 1.765 | complete
Ep 316 | 드론5 목적지24 |  651스텝 | 배송 24/24 | 재적재  3 | 중계율 0.05 | alpha 1.781 | complete
Ep 317 | 드론6 목적지23 |  291스텝 | 배송 23/23 | 재적재  2 | 중계율 0.07 | alpha 1.794 | complete
Ep 318 | 드론3 목적지45 | 1000스텝 | 배송 33/45 | 재적재  5 | 중계율 0.10 | alpha 1.791 | step_limit
Ep 319 | 드론6 목적지52 |  680스텝 | 배송 52/52 | 재적재  8 | 중계율 0.08 | alpha 1.786 | complete
Ep 320 | 드론4 목적지25 |  421스텝 | 배송 25/25 | 재적재  3 | 중계율 0.11 | alpha 1.799 | complete
Ep 321 | 드론3 목적지34 | 1000스텝 | 배송 31/34 | 재적재  5 | 중계율 0.12 | alpha 1.796 | step_limit
Ep 322 | 드론3 목적지33 |  876스텝 | 배송 33/33 | 재적재  5 | 중계율 0.11 | alpha 1.782 | complete
Ep 323 | 드론3 목적지35 | 1000스텝 | 배송 29/35 | 재적재  4 | 중계율 0.10 | alpha 1.793 | step_limit
Ep 324 | 드론5 목적지70 |  781스텝 | 배송 70/70 | 재적재 11 | 중계율 0.07 | alpha 1.786 | complete
Ep 325 | 드론3 목적지43 | 1000스텝 | 배송 40/43 | 재적재  7 | 중계율 0.08 | alpha 1.807 | step_limit
Ep 326 | 드론5 목적지42 |  982스텝 | 배송 42/42 | 재적재  5 | 중계율 0.09 | alpha 1.829 | complete
Ep 327 | 드론6 목적지62 |  574스텝 | 배송 62/62 | 재적재  9 | 중계율 0.06 | alpha 1.788 | complete
Ep 328 | 드론3 목적지53 | 1000스텝 | 배송 48/53 | 재적재  8 | 중계율 0.10 | alpha 1.779 | step_limit
Ep 329 | 드론5 목적지31 |  432스텝 | 배송 31/31 | 재적재  5 | 중계율 0.09 | alpha 1.801 | complete
Ep 330 | 드론4 목적지65 | 1000스텝 | 배송 53/65 | 재적재  8 | 중계율 0.07 | alpha 1.845 | step_limit
Ep 331 | 드론3 목적지25 |  837스텝 | 배송 25/25 | 재적재  4 | 중계율 0.11 | alpha 1.846 | complete
Ep 332 | 드론3 목적지79 | 1000스텝 | 배송 50/79 | 재적재  8 | 중계율 0.08 | alpha 1.864 | step_limit
Ep 333 | 드론4 목적지37 |  862스텝 | 배송 37/37 | 재적재  6 | 중계율 0.12 | alpha 1.884 | complete
Ep 334 | 드론3 목적지72 | 1000스텝 | 배송 55/72 | 재적재 10 | 중계율 0.10 | alpha 1.878 | step_limit
Ep 335 | 드론4 목적지23 |  343스텝 | 배송 23/23 | 재적재  3 | 중계율 0.02 | alpha 1.866 | complete
Ep 336 | 드론4 목적지57 | 1000스텝 | 배송 49/57 | 재적재  8 | 중계율 0.10 | alpha 1.837 | step_limit
Ep 337 | 드론4 목적지76 | 1000스텝 | 배송 60/76 | 재적재 11 | 중계율 0.13 | alpha 1.840 | step_limit
Ep 338 | 드론3 목적지30 |  921스텝 | 배송 30/30 | 재적재  5 | 중계율 0.08 | alpha 1.835 | complete
Ep 339 | 드론5 목적지73 |  875스텝 | 배송 73/73 | 재적재 13 | 중계율 0.06 | alpha 1.828 | complete
Ep 340 | 드론6 목적지34 |  303스텝 | 배송 34/34 | 재적재  5 | 중계율 0.07 | alpha 1.829 | complete
Ep 341 | 드론5 목적지26 |  438스텝 | 배송 26/26 | 재적재  3 | 중계율 0.10 | alpha 1.837 | complete
Ep 342 | 드론3 목적지46 | 1000스텝 | 배송 41/46 | 재적재  8 | 중계율 0.14 | alpha 1.845 | step_limit
Ep 343 | 드론3 목적지50 | 1000스텝 | 배송 41/50 | 재적재  7 | 중계율 0.11 | alpha 1.845 | step_limit
Ep 344 | 드론5 목적지28 |  354스텝 | 배송 28/28 | 재적재  2 | 중계율 0.08 | alpha 1.835 | complete
Ep 345 | 드론5 목적지61 |  825스텝 | 배송 61/61 | 재적재  9 | 중계율 0.11 | alpha 1.816 | complete
Ep 346 | 드론3 목적지29 |  674스텝 | 배송 29/29 | 재적재  4 | 중계율 0.13 | alpha 1.834 | complete
Ep 347 | 드론3 목적지42 | 1000스텝 | 배송 39/42 | 재적재  6 | 중계율 0.10 | alpha 1.855 | step_limit
Ep 348 | 드론5 목적지53 |  591스텝 | 배송 53/53 | 재적재  9 | 중계율 0.08 | alpha 1.841 | complete
Ep 349 | 드론4 목적지62 | 1000스텝 | 배송 49/62 | 재적재  8 | 중계율 0.06 | alpha 1.868 | step_limit
Ep 350 | 드론4 목적지79 | 1000스텝 | 배송 69/79 | 재적재 12 | 중계율 0.10 | alpha 1.870 | step_limit
  [홀드아웃] 배송 50.0±0.0 완주 1.00 스텝 1250 점수 105.8 재적재 8.3 2홉+ 0.63 | 최고 106.1@ep250 정체 2/15
Ep 351 | 드론5 목적지65 |  685스텝 | 배송 65/65 | 재적재 11 | 중계율 0.08 | alpha 1.886 | complete
Ep 352 | 드론5 목적지36 |  539스텝 | 배송 36/36 | 재적재  4 | 중계율 0.06 | alpha 1.882 | complete
Ep 353 | 드론4 목적지62 |  819스텝 | 배송 62/62 | 재적재 11 | 중계율 0.06 | alpha 1.886 | complete
Ep 354 | 드론5 목적지35 |  419스텝 | 배송 35/35 | 재적재  5 | 중계율 0.07 | alpha 1.889 | complete
Ep 355 | 드론4 목적지24 |  339스텝 | 배송 24/24 | 재적재  2 | 중계율 0.09 | alpha 1.889 | complete
Ep 356 | 드론5 목적지62 | 1000스텝 | 배송 61/62 | 재적재 12 | 중계율 0.11 | alpha 1.875 | step_limit
Ep 357 | 드론3 목적지21 |  746스텝 | 배송 21/21 | 재적재  3 | 중계율 0.14 | alpha 1.852 | complete
Ep 358 | 드론5 목적지26 |  406스텝 | 배송 26/26 | 재적재  2 | 중계율 0.05 | alpha 1.865 | complete
Ep 359 | 드론3 목적지52 | 1000스텝 | 배송 40/52 | 재적재  7 | 중계율 0.11 | alpha 1.870 | step_limit
Ep 360 | 드론6 목적지52 |  670스텝 | 배송 52/52 | 재적재  8 | 중계율 0.09 | alpha 1.883 | complete
Ep 361 | 드론4 목적지40 |  888스텝 | 배송 40/40 | 재적재  7 | 중계율 0.13 | alpha 1.873 | complete
Ep 362 | 드론6 목적지52 |  761스텝 | 배송 52/52 | 재적재  8 | 중계율 0.11 | alpha 1.859 | complete
Ep 363 | 드론6 목적지64 |  623스텝 | 배송 64/64 | 재적재 11 | 중계율 0.10 | alpha 1.872 | complete
Ep 364 | 드론3 목적지64 | 1000스텝 | 배송 47/64 | 재적재  8 | 중계율 0.04 | alpha 1.904 | step_limit
Ep 365 | 드론5 목적지69 |  772스텝 | 배송 69/69 | 재적재 12 | 중계율 0.09 | alpha 1.913 | complete
Ep 366 | 드론6 목적지61 |  475스텝 | 배송 61/61 | 재적재 10 | 중계율 0.06 | alpha 1.917 | complete
Ep 367 | 드론4 목적지53 |  799스텝 | 배송 53/53 | 재적재  9 | 중계율 0.07 | alpha 1.918 | complete
Ep 368 | 드론6 목적지73 |  851스텝 | 배송 73/73 | 재적재 13 | 중계율 0.03 | alpha 1.891 | complete
Ep 369 | 드론5 목적지30 |  347스텝 | 배송 30/30 | 재적재  3 | 중계율 0.07 | alpha 1.903 | complete
Ep 370 | 드론3 목적지71 | 1000스텝 | 배송 57/71 | 재적재 10 | 중계율 0.06 | alpha 1.923 | step_limit
Ep 371 | 드론4 목적지54 |  902스텝 | 배송 54/54 | 재적재  8 | 중계율 0.09 | alpha 1.908 | complete
Ep 372 | 드론6 목적지80 |  683스텝 | 배송 80/80 | 재적재 14 | 중계율 0.06 | alpha 1.915 | complete
Ep 373 | 드론3 목적지41 | 1000스텝 | 배송 37/41 | 재적재  7 | 중계율 0.11 | alpha 1.908 | step_limit
Ep 374 | 드론3 목적지67 | 1000스텝 | 배송 48/67 | 재적재  9 | 중계율 0.07 | alpha 1.890 | step_limit
Ep 375 | 드론4 목적지62 | 1000스텝 | 배송 51/62 | 재적재  8 | 중계율 0.05 | alpha 1.886 | step_limit
Ep 376 | 드론5 목적지72 |  815스텝 | 배송 72/72 | 재적재 13 | 중계율 0.07 | alpha 1.899 | complete
Ep 377 | 드론6 목적지63 |  627스텝 | 배송 63/63 | 재적재 11 | 중계율 0.06 | alpha 1.893 | complete
Ep 378 | 드론5 목적지74 |  953스텝 | 배송 74/74 | 재적재 13 | 중계율 0.08 | alpha 1.895 | complete
Ep 379 | 드론4 목적지77 | 1000스텝 | 배송 71/77 | 재적재 13 | 중계율 0.06 | alpha 1.877 | step_limit
Ep 380 | 드론4 목적지73 | 1000스텝 | 배송 64/73 | 재적재 11 | 중계율 0.07 | alpha 1.871 | step_limit
Ep 381 | 드론5 목적지20 |  372스텝 | 배송 20/20 | 재적재  2 | 중계율 0.05 | alpha 1.880 | complete
Ep 382 | 드론3 목적지75 | 1000스텝 | 배송 59/75 | 재적재 11 | 중계율 0.08 | alpha 1.888 | step_limit
Ep 383 | 드론4 목적지52 |  861스텝 | 배송 52/52 | 재적재  9 | 중계율 0.07 | alpha 1.859 | complete
Ep 384 | 드론3 목적지77 | 1000스텝 | 배송 67/77 | 재적재 12 | 중계율 0.07 | alpha 1.861 | step_limit
Ep 385 | 드론3 목적지62 | 1000스텝 | 배송 51/62 | 재적재  9 | 중계율 0.13 | alpha 1.842 | step_limit
Ep 386 | 드론4 목적지80 | 1000스텝 | 배송 57/80 | 재적재 10 | 중계율 0.09 | alpha 1.841 | step_limit
Ep 387 | 드론4 목적지31 |  492스텝 | 배송 31/31 | 재적재  4 | 중계율 0.07 | alpha 1.844 | complete
Ep 388 | 드론4 목적지33 |  771스텝 | 배송 33/33 | 재적재  5 | 중계율 0.11 | alpha 1.864 | complete
Ep 389 | 드론5 목적지72 | 1000스텝 | 배송 65/72 | 재적재 11 | 중계율 0.07 | alpha 1.897 | step_limit
Ep 390 | 드론5 목적지71 | 1000스텝 | 배송 70/71 | 재적재 12 | 중계율 0.05 | alpha 1.898 | step_limit
Ep 391 | 드론5 목적지50 |  617스텝 | 배송 50/50 | 재적재  7 | 중계율 0.04 | alpha 1.886 | complete
Ep 392 | 드론6 목적지71 |  739스텝 | 배송 71/71 | 재적재 12 | 중계율 0.03 | alpha 1.868 | complete
Ep 393 | 드론6 목적지21 |  175스텝 | 배송 21/21 | 재적재  0 | 중계율 0.04 | alpha 1.866 | complete
Ep 394 | 드론6 목적지60 |  887스텝 | 배송 60/60 | 재적재  9 | 중계율 0.11 | alpha 1.888 | complete
Ep 395 | 드론5 목적지55 |  824스텝 | 배송 55/55 | 재적재  9 | 중계율 0.06 | alpha 1.876 | complete
Ep 396 | 드론5 목적지71 |  774스텝 | 배송 71/71 | 재적재 12 | 중계율 0.07 | alpha 1.889 | complete
Ep 397 | 드론4 목적지36 |  514스텝 | 배송 36/36 | 재적재  4 | 중계율 0.09 | alpha 1.888 | complete
Ep 398 | 드론4 목적지52 |  961스텝 | 배송 52/52 | 재적재  8 | 중계율 0.10 | alpha 1.905 | complete
Ep 399 | 드론3 목적지46 | 1000스텝 | 배송 38/46 | 재적재  6 | 중계율 0.08 | alpha 1.871 | step_limit
Ep 400 | 드론4 목적지34 |  711스텝 | 배송 34/34 | 재적재  4 | 중계율 0.07 | alpha 1.863 | complete
  [홀드아웃] 배송 50.0±0.0 완주 1.00 스텝 1132 점수 106.2 재적재 8.7 2홉+ 0.62 | 최고 106.2@ep400 정체 0/15  ← 갱신
Ep 401 | 드론3 목적지38 | 1000스텝 | 배송 34/38 | 재적재  6 | 중계율 0.14 | alpha 1.861 | step_limit
Ep 402 | 드론5 목적지36 |  560스텝 | 배송 36/36 | 재적재  5 | 중계율 0.05 | alpha 1.892 | complete
Ep 403 | 드론4 목적지73 | 1000스텝 | 배송 63/73 | 재적재 11 | 중계율 0.09 | alpha 1.910 | step_limit
Ep 404 | 드론5 목적지70 | 1000스텝 | 배송 69/70 | 재적재 11 | 중계율 0.05 | alpha 1.913 | step_limit
Ep 405 | 드론3 목적지25 |  574스텝 | 배송 25/25 | 재적재  3 | 중계율 0.07 | alpha 1.913 | complete
Ep 406 | 드론6 목적지58 |  714스텝 | 배송 58/58 | 재적재 10 | 중계율 0.08 | alpha 1.884 | complete
Ep 407 | 드론5 목적지70 |  833스텝 | 배송 70/70 | 재적재 12 | 중계율 0.05 | alpha 1.900 | complete
Ep 408 | 드론4 목적지40 |  765스텝 | 배송 40/40 | 재적재  7 | 중계율 0.07 | alpha 1.910 | complete
Ep 409 | 드론3 목적지30 |  755스텝 | 배송 30/30 | 재적재  5 | 중계율 0.08 | alpha 1.932 | complete
Ep 410 | 드론3 목적지63 | 1000스텝 | 배송 55/63 | 재적재 10 | 중계율 0.08 | alpha 1.957 | step_limit
Ep 411 | 드론3 목적지48 | 1000스텝 | 배송 46/48 | 재적재  8 | 중계율 0.07 | alpha 1.965 | step_limit
Ep 412 | 드론5 목적지34 |  521스텝 | 배송 34/34 | 재적재  4 | 중계율 0.08 | alpha 1.960 | complete
Ep 413 | 드론4 목적지22 |  586스텝 | 배송 22/22 | 재적재  3 | 중계율 0.13 | alpha 1.942 | complete
Ep 414 | 드론3 목적지51 | 1000스텝 | 배송 44/51 | 재적재  8 | 중계율 0.11 | alpha 1.922 | step_limit
Ep 415 | 드론6 목적지45 |  661스텝 | 배송 45/45 | 재적재  6 | 중계율 0.09 | alpha 1.925 | complete
Ep 416 | 드론4 목적지60 | 1000스텝 | 배송 55/60 | 재적재 10 | 중계율 0.08 | alpha 1.928 | step_limit
Ep 417 | 드론3 목적지43 | 1000스텝 | 배송 40/43 | 재적재  7 | 중계율 0.08 | alpha 1.938 | step_limit
Ep 418 | 드론5 목적지75 |  943스텝 | 배송 75/75 | 재적재 13 | 중계율 0.07 | alpha 1.949 | complete
Ep 419 | 드론6 목적지60 |  737스텝 | 배송 60/60 | 재적재  9 | 중계율 0.07 | alpha 1.938 | complete
Ep 420 | 드론3 목적지22 |  689스텝 | 배송 22/22 | 재적재  3 | 중계율 0.12 | alpha 1.932 | complete
Ep 421 | 드론5 목적지40 |  681스텝 | 배송 40/40 | 재적재  6 | 중계율 0.10 | alpha 1.927 | complete
Ep 422 | 드론6 목적지52 |  654스텝 | 배송 52/52 | 재적재  8 | 중계율 0.06 | alpha 1.911 | complete
Ep 423 | 드론4 목적지29 |  685스텝 | 배송 29/29 | 재적재  4 | 중계율 0.08 | alpha 1.909 | complete
Ep 424 | 드론4 목적지29 |  618스텝 | 배송 29/29 | 재적재  4 | 중계율 0.08 | alpha 1.930 | complete
Ep 425 | 드론3 목적지80 | 1000스텝 | 배송 55/80 | 재적재 10 | 중계율 0.09 | alpha 1.952 | step_limit
Ep 426 | 드론5 목적지78 |  901스텝 | 배송 78/78 | 재적재 13 | 중계율 0.07 | alpha 1.932 | complete
Ep 427 | 드론4 목적지46 | 1000스텝 | 배송 45/46 | 재적재  7 | 중계율 0.09 | alpha 1.917 | step_limit
Ep 428 | 드론5 목적지72 |  740스텝 | 배송 72/72 | 재적재 13 | 중계율 0.05 | alpha 1.926 | complete
Ep 429 | 드론4 목적지72 | 1000스텝 | 배송 61/72 | 재적재 11 | 중계율 0.09 | alpha 1.925 | step_limit
Ep 430 | 드론3 목적지78 | 1000스텝 | 배송 60/78 | 재적재 11 | 중계율 0.07 | alpha 1.952 | step_limit
Ep 431 | 드론4 목적지23 |  848스텝 | 배송 23/23 | 재적재  3 | 중계율 0.15 | alpha 1.960 | complete
Ep 432 | 드론6 목적지41 |  416스텝 | 배송 41/41 | 재적재  5 | 중계율 0.06 | alpha 1.957 | complete
Ep 433 | 드론3 목적지66 | 1000스텝 | 배송 49/66 | 재적재  9 | 중계율 0.10 | alpha 1.958 | step_limit
Ep 434 | 드론5 목적지62 |  782스텝 | 배송 62/62 | 재적재 12 | 중계율 0.10 | alpha 1.924 | complete
Ep 435 | 드론3 목적지32 | 1000스텝 | 배송 29/32 | 재적재  4 | 중계율 0.11 | alpha 1.926 | step_limit
Ep 436 | 드론6 목적지65 |  600스텝 | 배송 65/65 | 재적재 11 | 중계율 0.04 | alpha 1.937 | complete
Ep 437 | 드론5 목적지61 |  513스텝 | 배송 61/61 | 재적재 10 | 중계율 0.05 | alpha 1.928 | complete
Ep 438 | 드론3 목적지37 |  997스텝 | 배송 37/37 | 재적재  6 | 중계율 0.12 | alpha 1.934 | complete
Ep 439 | 드론5 목적지49 |  772스텝 | 배송 49/49 | 재적재  7 | 중계율 0.09 | alpha 1.926 | complete
Ep 440 | 드론4 목적지42 |  812스텝 | 배송 42/42 | 재적재  6 | 중계율 0.10 | alpha 1.911 | complete
Ep 441 | 드론3 목적지54 | 1000스텝 | 배송 45/54 | 재적재  8 | 중계율 0.10 | alpha 1.917 | step_limit
Ep 442 | 드론6 목적지41 |  445스텝 | 배송 41/41 | 재적재  5 | 중계율 0.07 | alpha 1.927 | complete
Ep 443 | 드론4 목적지61 | 1000스텝 | 배송 59/61 | 재적재 10 | 중계율 0.12 | alpha 1.932 | step_limit
Ep 444 | 드론4 목적지55 |  868스텝 | 배송 55/55 | 재적재 10 | 중계율 0.07 | alpha 1.918 | complete
Ep 445 | 드론3 목적지49 |  999스텝 | 배송 49/49 | 재적재  9 | 중계율 0.13 | alpha 1.935 | complete
Ep 446 | 드론6 목적지72 |  649스텝 | 배송 72/72 | 재적재 10 | 중계율 0.03 | alpha 1.939 | complete
Ep 447 | 드론6 목적지40 |  622스텝 | 배송 40/40 | 재적재  7 | 중계율 0.06 | alpha 1.932 | complete
Ep 448 | 드론4 목적지71 | 1000스텝 | 배송 47/71 | 재적재  8 | 중계율 0.10 | alpha 1.907 | step_limit
Ep 449 | 드론5 목적지26 |  511스텝 | 배송 26/26 | 재적재  3 | 중계율 0.11 | alpha 1.899 | complete
Ep 450 | 드론3 목적지56 | 1000스텝 | 배송 48/56 | 재적재  8 | 중계율 0.13 | alpha 1.917 | step_limit
  [홀드아웃] 배송 50.0±0.0 완주 1.00 스텝 1200 점수 106.0 재적재 8.5 2홉+ 0.62 | 최고 106.2@ep400 정체 1/15
Ep 451 | 드론6 목적지51 |  732스텝 | 배송 51/51 | 재적재  7 | 중계율 0.09 | alpha 1.894 | complete
Ep 452 | 드론3 목적지34 |  922스텝 | 배송 34/34 | 재적재  5 | 중계율 0.07 | alpha 1.915 | complete
Ep 453 | 드론5 목적지47 |  500스텝 | 배송 47/47 | 재적재  6 | 중계율 0.07 | alpha 1.922 | complete
Ep 454 | 드론6 목적지70 |  812스텝 | 배송 70/70 | 재적재 12 | 중계율 0.10 | alpha 1.898 | complete
Ep 455 | 드론5 목적지44 |  622스텝 | 배송 44/44 | 재적재  6 | 중계율 0.12 | alpha 1.905 | complete
Ep 456 | 드론6 목적지49 |  652스텝 | 배송 49/49 | 재적재  6 | 중계율 0.06 | alpha 1.906 | complete
Ep 457 | 드론6 목적지56 |  516스텝 | 배송 56/56 | 재적재  9 | 중계율 0.03 | alpha 1.895 | complete
Ep 458 | 드론6 목적지42 |  579스텝 | 배송 42/42 | 재적재  6 | 중계율 0.14 | alpha 1.889 | complete
Ep 459 | 드론3 목적지45 | 1000스텝 | 배송 37/45 | 재적재  6 | 중계율 0.06 | alpha 1.858 | step_limit
Ep 460 | 드론5 목적지73 |  772스텝 | 배송 73/73 | 재적재 12 | 중계율 0.06 | alpha 1.859 | complete
Ep 461 | 드론3 목적지30 | 1000스텝 | 배송 23/30 | 재적재  3 | 중계율 0.21 | alpha 1.882 | step_limit
Ep 462 | 드론4 목적지64 |  966스텝 | 배송 64/64 | 재적재 11 | 중계율 0.07 | alpha 1.854 | complete
Ep 463 | 드론4 목적지63 | 1000스텝 | 배송 57/63 | 재적재 10 | 중계율 0.13 | alpha 1.852 | step_limit
Ep 464 | 드론3 목적지68 | 1000스텝 | 배송 51/68 | 재적재  9 | 중계율 0.13 | alpha 1.856 | step_limit
Ep 465 | 드론6 목적지63 |  742스텝 | 배송 63/63 | 재적재 11 | 중계율 0.08 | alpha 1.854 | complete
Ep 466 | 드론5 목적지65 |  798스텝 | 배송 65/65 | 재적재 11 | 중계율 0.05 | alpha 1.869 | complete
Ep 467 | 드론5 목적지57 |  977스텝 | 배송 57/57 | 재적재 10 | 중계율 0.06 | alpha 1.873 | complete
Ep 468 | 드론3 목적지35 |  745스텝 | 배송 35/35 | 재적재  6 | 중계율 0.10 | alpha 1.871 | complete
Ep 469 | 드론4 목적지46 | 1000스텝 | 배송 41/46 | 재적재  7 | 중계율 0.16 | alpha 1.884 | step_limit
Ep 470 | 드론6 목적지53 |  820스텝 | 배송 53/53 | 재적재  8 | 중계율 0.09 | alpha 1.891 | complete
Ep 471 | 드론6 목적지45 |  500스텝 | 배송 45/45 | 재적재  6 | 중계율 0.07 | alpha 1.891 | complete
Ep 472 | 드론4 목적지53 | 1000스텝 | 배송 52/53 | 재적재  8 | 중계율 0.08 | alpha 1.919 | step_limit
Ep 473 | 드론5 목적지71 |  756스텝 | 배송 71/71 | 재적재 12 | 중계율 0.08 | alpha 1.917 | complete
Ep 474 | 드론5 목적지25 |  538스텝 | 배송 25/25 | 재적재  2 | 중계율 0.17 | alpha 1.920 | complete
Ep 475 | 드론5 목적지40 |  654스텝 | 배송 40/40 | 재적재  4 | 중계율 0.10 | alpha 1.902 | complete
Ep 476 | 드론3 목적지33 |  883스텝 | 배송 16/33 | 재적재  2 | 중계율 0.15 | alpha 1.905 | no_progress
Ep 477 | 드론3 목적지21 |  635스텝 | 배송 21/21 | 재적재  3 | 중계율 0.16 | alpha 1.913 | complete
Ep 478 | 드론5 목적지22 |  344스텝 | 배송 22/22 | 재적재  2 | 중계율 0.11 | alpha 1.900 | complete
Ep 479 | 드론6 목적지41 |  792스텝 | 배송 41/41 | 재적재  6 | 중계율 0.11 | alpha 1.885 | complete
Ep 480 | 드론4 목적지57 |  967스텝 | 배송 57/57 | 재적재 10 | 중계율 0.09 | alpha 1.891 | complete
Ep 481 | 드론3 목적지66 | 1000스텝 | 배송 56/66 | 재적재 10 | 중계율 0.07 | alpha 1.911 | step_limit
Ep 482 | 드론5 목적지76 |  847스텝 | 배송 76/76 | 재적재 12 | 중계율 0.06 | alpha 1.887 | complete
Ep 483 | 드론4 목적지28 |  595스텝 | 배송 28/28 | 재적재  3 | 중계율 0.07 | alpha 1.892 | complete
Ep 484 | 드론6 목적지35 |  495스텝 | 배송 35/35 | 재적재  4 | 중계율 0.06 | alpha 1.891 | complete
Ep 485 | 드론6 목적지44 |  494스텝 | 배송 44/44 | 재적재  6 | 중계율 0.04 | alpha 1.873 | complete
Ep 486 | 드론6 목적지75 |  606스텝 | 배송 75/75 | 재적재 13 | 중계율 0.04 | alpha 1.853 | complete
Ep 487 | 드론4 목적지75 | 1000스텝 | 배송 71/75 | 재적재 12 | 중계율 0.06 | alpha 1.865 | step_limit
Ep 488 | 드론5 목적지60 |  868스텝 | 배송 60/60 | 재적재  9 | 중계율 0.08 | alpha 1.865 | complete
Ep 489 | 드론4 목적지80 | 1000스텝 | 배송 76/80 | 재적재 13 | 중계율 0.07 | alpha 1.853 | step_limit
Ep 490 | 드론3 목적지30 | 1000스텝 | 배송 20/30 | 재적재  3 | 중계율 0.09 | alpha 1.873 | step_limit
Ep 491 | 드론4 목적지59 | 1000스텝 | 배송 54/59 | 재적재  9 | 중계율 0.10 | alpha 1.874 | step_limit
Ep 492 | 드론3 목적지74 | 1000스텝 | 배송 50/74 | 재적재  8 | 중계율 0.05 | alpha 1.890 | step_limit
Ep 493 | 드론3 목적지47 | 1000스텝 | 배송 45/47 | 재적재  9 | 중계율 0.13 | alpha 1.852 | step_limit
Ep 494 | 드론4 목적지52 |  984스텝 | 배송 52/52 | 재적재  8 | 중계율 0.06 | alpha 1.847 | complete
Ep 495 | 드론4 목적지54 | 1000스텝 | 배송 50/54 | 재적재  9 | 중계율 0.10 | alpha 1.880 | step_limit
Ep 496 | 드론6 목적지56 |  644스텝 | 배송 56/56 | 재적재 10 | 중계율 0.07 | alpha 1.904 | complete
Ep 497 | 드론6 목적지73 |  871스텝 | 배송 73/73 | 재적재 12 | 중계율 0.09 | alpha 1.918 | complete
Ep 498 | 드론4 목적지22 |  374스텝 | 배송 22/22 | 재적재  2 | 중계율 0.07 | alpha 1.921 | complete
Ep 499 | 드론6 목적지55 |  667스텝 | 배송 55/55 | 재적재  9 | 중계율 0.08 | alpha 1.927 | complete
Ep 500 | 드론3 목적지55 | 1000스텝 | 배송 44/55 | 재적재  8 | 중계율 0.05 | alpha 1.929 | step_limit
  [홀드아웃] 배송 48.2±6.1 완주 0.92 스텝 1139 점수 97.9 재적재 8.0 2홉+ 0.61 | 최고 106.2@ep400 정체 2/15
Ep 501 | 드론6 목적지25 |  264스텝 | 배송 25/25 | 재적재  1 | 중계율 0.03 | alpha 1.931 | complete
Ep 502 | 드론3 목적지53 | 1000스텝 | 배송 42/53 | 재적재  7 | 중계율 0.09 | alpha 1.964 | step_limit
Ep 503 | 드론5 목적지73 |  860스텝 | 배송 73/73 | 재적재 12 | 중계율 0.07 | alpha 1.959 | complete
Ep 504 | 드론3 목적지60 | 1000스텝 | 배송 58/60 | 재적재 10 | 중계율 0.09 | alpha 1.951 | step_limit
Ep 505 | 드론4 목적지72 | 1000스텝 | 배송 65/72 | 재적재 12 | 중계율 0.08 | alpha 1.938 | step_limit
Ep 506 | 드론4 목적지76 | 1000스텝 | 배송 66/76 | 재적재 11 | 중계율 0.06 | alpha 1.947 | step_limit
Ep 507 | 드론6 목적지79 |  673스텝 | 배송 79/79 | 재적재 14 | 중계율 0.04 | alpha 1.971 | complete
Ep 508 | 드론6 목적지38 |  414스텝 | 배송 38/38 | 재적재  3 | 중계율 0.07 | alpha 1.952 | complete
Ep 509 | 드론4 목적지52 |  978스텝 | 배송 52/52 | 재적재  8 | 중계율 0.07 | alpha 1.946 | complete
Ep 510 | 드론4 목적지42 |  768스텝 | 배송 42/42 | 재적재  6 | 중계율 0.08 | alpha 1.930 | complete
Ep 511 | 드론4 목적지21 |  437스텝 | 배송 21/21 | 재적재  2 | 중계율 0.15 | alpha 1.913 | complete
Ep 512 | 드론4 목적지23 |  995스텝 | 배송 23/23 | 재적재  3 | 중계율 0.18 | alpha 1.934 | complete
Ep 513 | 드론3 목적지66 | 1000스텝 | 배송 52/66 | 재적재  9 | 중계율 0.12 | alpha 1.892 | step_limit
Ep 514 | 드론4 목적지38 |  905스텝 | 배송 38/38 | 재적재  5 | 중계율 0.10 | alpha 1.908 | complete
Ep 515 | 드론5 목적지23 |  710스텝 | 배송 23/23 | 재적재  2 | 중계율 0.11 | alpha 1.906 | complete
Ep 516 | 드론5 목적지34 |  467스텝 | 배송 34/34 | 재적재  5 | 중계율 0.06 | alpha 1.913 | complete
Ep 517 | 드론4 목적지73 | 1000스텝 | 배송 66/73 | 재적재 12 | 중계율 0.05 | alpha 1.930 | step_limit
Ep 518 | 드론5 목적지43 |  642스텝 | 배송 43/43 | 재적재  7 | 중계율 0.07 | alpha 1.934 | complete
Ep 519 | 드론4 목적지65 | 1000스텝 | 배송 64/65 | 재적재 12 | 중계율 0.08 | alpha 1.959 | step_limit
Ep 520 | 드론5 목적지55 |  945스텝 | 배송 55/55 | 재적재  9 | 중계율 0.10 | alpha 1.971 | complete
Ep 521 | 드론4 목적지62 | 1000스텝 | 배송 59/62 | 재적재 11 | 중계율 0.10 | alpha 1.979 | step_limit
Ep 522 | 드론6 목적지37 |  564스텝 | 배송 37/37 | 재적재  6 | 중계율 0.05 | alpha 1.960 | complete
Ep 523 | 드론6 목적지66 |  658스텝 | 배송 66/66 | 재적재 11 | 중계율 0.05 | alpha 1.964 | complete
Ep 524 | 드론4 목적지57 |  836스텝 | 배송 57/57 | 재적재 10 | 중계율 0.07 | alpha 1.945 | complete
Ep 525 | 드론4 목적지39 |  724스텝 | 배송 39/39 | 재적재  6 | 중계율 0.11 | alpha 1.945 | complete
Ep 526 | 드론5 목적지73 | 1000스텝 | 배송 67/73 | 재적재 13 | 중계율 0.09 | alpha 1.929 | step_limit
Ep 527 | 드론6 목적지58 |  695스텝 | 배송 58/58 | 재적재  8 | 중계율 0.06 | alpha 1.971 | complete
Ep 528 | 드론5 목적지46 |  705스텝 | 배송 46/46 | 재적재  8 | 중계율 0.06 | alpha 1.976 | complete
Ep 529 | 드론6 목적지20 |  184스텝 | 배송 20/20 | 재적재  0 | 중계율 0.09 | alpha 1.971 | complete
Ep 530 | 드론6 목적지72 |  624스텝 | 배송 72/72 | 재적재 12 | 중계율 0.06 | alpha 1.980 | complete
Ep 531 | 드론3 목적지21 |  698스텝 | 배송 21/21 | 재적재  3 | 중계율 0.13 | alpha 1.988 | complete
Ep 532 | 드론5 목적지32 |  611스텝 | 배송 32/32 | 재적재  4 | 중계율 0.10 | alpha 1.987 | complete
Ep 533 | 드론4 목적지79 | 1000스텝 | 배송 62/79 | 재적재 11 | 중계율 0.10 | alpha 1.991 | step_limit
Ep 534 | 드론6 목적지56 |  770스텝 | 배송 56/56 | 재적재  9 | 중계율 0.05 | alpha 1.985 | complete
Ep 535 | 드론3 목적지68 | 1000스텝 | 배송 52/68 | 재적재  9 | 중계율 0.12 | alpha 1.938 | step_limit
Ep 536 | 드론5 목적지57 |  963스텝 | 배송 57/57 | 재적재  9 | 중계율 0.11 | alpha 1.953 | complete
Ep 537 | 드론4 목적지49 | 1000스텝 | 배송 45/49 | 재적재  7 | 중계율 0.07 | alpha 1.969 | step_limit
Ep 538 | 드론4 목적지38 | 1000스텝 | 배송 34/38 | 재적재  5 | 중계율 0.12 | alpha 1.964 | step_limit
Ep 539 | 드론5 목적지79 |  845스텝 | 배송 79/79 | 재적재 14 | 중계율 0.07 | alpha 1.972 | complete
Ep 540 | 드론6 목적지70 |  739스텝 | 배송 70/70 | 재적재 12 | 중계율 0.06 | alpha 1.978 | complete
Ep 541 | 드론5 목적지77 | 1000스텝 | 배송 74/77 | 재적재 13 | 중계율 0.06 | alpha 1.977 | step_limit
Ep 542 | 드론5 목적지53 |  616스텝 | 배송 53/53 | 재적재  8 | 중계율 0.04 | alpha 2.002 | complete
Ep 543 | 드론3 목적지49 | 1000스텝 | 배송 43/49 | 재적재  8 | 중계율 0.10 | alpha 1.992 | step_limit
Ep 544 | 드론6 목적지68 |  589스텝 | 배송 68/68 | 재적재 11 | 중계율 0.07 | alpha 1.997 | complete
Ep 545 | 드론6 목적지56 |  563스텝 | 배송 56/56 | 재적재  9 | 중계율 0.07 | alpha 2.011 | complete
Ep 546 | 드론6 목적지75 |  762스텝 | 배송 75/75 | 재적재 13 | 중계율 0.05 | alpha 1.983 | complete
Ep 547 | 드론4 목적지71 | 1000스텝 | 배송 60/71 | 재적재 11 | 중계율 0.10 | alpha 2.011 | step_limit
Ep 548 | 드론4 목적지80 | 1000스텝 | 배송 76/80 | 재적재 14 | 중계율 0.06 | alpha 1.988 | step_limit
Ep 549 | 드론5 목적지38 |  503스텝 | 배송 38/38 | 재적재  5 | 중계율 0.05 | alpha 1.989 | complete
Ep 550 | 드론5 목적지49 | 1000스텝 | 배송 46/49 | 재적재  8 | 중계율 0.09 | alpha 1.987 | step_limit
  [홀드아웃] 배송 50.0±0.0 완주 1.00 스텝 1184 점수 106.1 재적재 8.2 2홉+ 0.64 | 최고 106.2@ep400 정체 3/15
Ep 551 | 드론3 목적지56 | 1000스텝 | 배송 48/56 | 재적재  8 | 중계율 0.07 | alpha 2.017 | step_limit
Ep 552 | 드론6 목적지27 |  456스텝 | 배송 27/27 | 재적재  3 | 중계율 0.09 | alpha 2.016 | complete
Ep 553 | 드론3 목적지46 | 1000스텝 | 배송 43/46 | 재적재  8 | 중계율 0.11 | alpha 1.990 | step_limit
Ep 554 | 드론5 목적지72 |  694스텝 | 배송 72/72 | 재적재 12 | 중계율 0.06 | alpha 1.958 | complete
Ep 555 | 드론3 목적지68 | 1000스텝 | 배송 46/68 | 재적재  9 | 중계율 0.13 | alpha 1.973 | step_limit
Ep 556 | 드론4 목적지30 |  720스텝 | 배송 30/30 | 재적재  4 | 중계율 0.07 | alpha 1.989 | complete
Ep 557 | 드론4 목적지46 |  895스텝 | 배송 46/46 | 재적재  7 | 중계율 0.06 | alpha 1.998 | complete
Ep 558 | 드론5 목적지66 | 1000스텝 | 배송 61/66 | 재적재 11 | 중계율 0.09 | alpha 2.020 | step_limit
Ep 559 | 드론6 목적지78 |  791스텝 | 배송 78/78 | 재적재 13 | 중계율 0.09 | alpha 2.020 | complete
Ep 560 | 드론3 목적지22 |  768스텝 | 배송 22/22 | 재적재  3 | 중계율 0.17 | alpha 2.017 | complete
Ep 561 | 드론4 목적지29 |  630스텝 | 배송 29/29 | 재적재  4 | 중계율 0.05 | alpha 2.032 | complete
Ep 562 | 드론5 목적지71 | 1000스텝 | 배송 68/71 | 재적재 12 | 중계율 0.07 | alpha 2.038 | step_limit
Ep 563 | 드론6 목적지61 |  934스텝 | 배송 61/61 | 재적재 10 | 중계율 0.09 | alpha 2.057 | complete
Ep 564 | 드론6 목적지44 |  309스텝 | 배송 44/44 | 재적재  5 | 중계율 0.03 | alpha 2.071 | complete
Ep 565 | 드론6 목적지21 |  300스텝 | 배송 21/21 | 재적재  3 | 중계율 0.12 | alpha 2.067 | complete
Ep 566 | 드론5 목적지23 |  343스텝 | 배송 23/23 | 재적재  3 | 중계율 0.06 | alpha 2.085 | complete
Ep 567 | 드론6 목적지57 |  727스텝 | 배송 57/57 | 재적재  8 | 중계율 0.05 | alpha 2.066 | complete
Ep 568 | 드론6 목적지23 |  211스텝 | 배송 23/23 | 재적재  0 | 중계율 0.09 | alpha 2.070 | complete
Ep 569 | 드론5 목적지79 | 1000스텝 | 배송 69/79 | 재적재 13 | 중계율 0.09 | alpha 2.045 | step_limit
Ep 570 | 드론5 목적지70 |  789스텝 | 배송 70/70 | 재적재 12 | 중계율 0.06 | alpha 2.055 | complete
Ep 571 | 드론6 목적지78 |  664스텝 | 배송 78/78 | 재적재 12 | 중계율 0.05 | alpha 2.062 | complete
Ep 572 | 드론5 목적지70 |  847스텝 | 배송 70/70 | 재적재 12 | 중계율 0.05 | alpha 2.050 | complete
Ep 573 | 드론3 목적지77 | 1000스텝 | 배송 60/77 | 재적재 10 | 중계율 0.08 | alpha 2.068 | step_limit
Ep 574 | 드론5 목적지34 |  609스텝 | 배송 34/34 | 재적재  5 | 중계율 0.12 | alpha 2.080 | complete
Ep 575 | 드론3 목적지21 |  482스텝 | 배송 21/21 | 재적재  3 | 중계율 0.09 | alpha 2.070 | complete
Ep 576 | 드론4 목적지39 |  559스텝 | 배송 39/39 | 재적재  6 | 중계율 0.08 | alpha 2.072 | complete
Ep 577 | 드론6 목적지53 |  907스텝 | 배송 53/53 | 재적재  8 | 중계율 0.06 | alpha 2.063 | complete
Ep 578 | 드론5 목적지29 |  475스텝 | 배송 29/29 | 재적재  2 | 중계율 0.03 | alpha 2.050 | complete
Ep 579 | 드론4 목적지67 | 1000스텝 | 배송 64/67 | 재적재 12 | 중계율 0.07 | alpha 2.035 | step_limit
Ep 580 | 드론5 목적지39 |  481스텝 | 배송 39/39 | 재적재  5 | 중계율 0.05 | alpha 2.039 | complete
Ep 581 | 드론4 목적지25 |  909스텝 | 배송 25/25 | 재적재  4 | 중계율 0.11 | alpha 2.082 | complete
Ep 582 | 드론3 목적지27 |  807스텝 | 배송 27/27 | 재적재  5 | 중계율 0.11 | alpha 2.078 | complete
Ep 583 | 드론3 목적지67 | 1000스텝 | 배송 51/67 | 재적재  8 | 중계율 0.09 | alpha 2.075 | step_limit
Ep 584 | 드론5 목적지70 |  863스텝 | 배송 70/70 | 재적재 12 | 중계율 0.04 | alpha 2.106 | complete
Ep 585 | 드론3 목적지50 | 1000스텝 | 배송 48/50 | 재적재  8 | 중계율 0.05 | alpha 2.076 | step_limit
Ep 586 | 드론3 목적지55 | 1000스텝 | 배송 39/55 | 재적재  6 | 중계율 0.09 | alpha 2.090 | step_limit
Ep 587 | 드론6 목적지46 |  496스텝 | 배송 46/46 | 재적재  7 | 중계율 0.05 | alpha 2.075 | complete
Ep 588 | 드론3 목적지39 | 1000스텝 | 배송 36/39 | 재적재  6 | 중계율 0.11 | alpha 2.104 | step_limit
Ep 589 | 드론6 목적지48 |  603스텝 | 배송 48/48 | 재적재  6 | 중계율 0.05 | alpha 2.081 | complete
Ep 590 | 드론4 목적지55 | 1000스텝 | 배송 50/55 | 재적재  9 | 중계율 0.10 | alpha 2.067 | step_limit
Ep 591 | 드론3 목적지70 | 1000스텝 | 배송 55/70 | 재적재 11 | 중계율 0.09 | alpha 2.056 | step_limit
Ep 592 | 드론3 목적지45 | 1000스텝 | 배송 39/45 | 재적재  6 | 중계율 0.12 | alpha 2.074 | step_limit
Ep 593 | 드론4 목적지27 |  697스텝 | 배송 27/27 | 재적재  4 | 중계율 0.10 | alpha 2.060 | complete
Ep 594 | 드론4 목적지77 | 1000스텝 | 배송 47/77 | 재적재  8 | 중계율 0.15 | alpha 2.080 | step_limit
Ep 595 | 드론5 목적지64 | 1000스텝 | 배송 62/64 | 재적재 10 | 중계율 0.07 | alpha 2.031 | step_limit
Ep 596 | 드론3 목적지66 | 1000스텝 | 배송 46/66 | 재적재  8 | 중계율 0.10 | alpha 2.055 | step_limit
Ep 597 | 드론5 목적지31 |  813스텝 | 배송 31/31 | 재적재  5 | 중계율 0.12 | alpha 2.080 | complete
Ep 598 | 드론5 목적지64 | 1000스텝 | 배송 63/64 | 재적재 11 | 중계율 0.10 | alpha 2.060 | step_limit
Ep 599 | 드론3 목적지39 | 1000스텝 | 배송 31/39 | 재적재  6 | 중계율 0.10 | alpha 2.084 | step_limit
Ep 600 | 드론6 목적지80 |  755스텝 | 배송 80/80 | 재적재 13 | 중계율 0.02 | alpha 2.100 | complete
  [홀드아웃] 배송 49.9±0.3 완주 0.92 스텝 1113 점수 98.0 재적재 8.1 2홉+ 0.62 | 최고 106.2@ep400 정체 4/15
Ep 601 | 드론4 목적지28 |  786스텝 | 배송 28/28 | 재적재  4 | 중계율 0.07 | alpha 2.112 | complete
Ep 602 | 드론4 목적지78 | 1000스텝 | 배송 73/78 | 재적재 13 | 중계율 0.06 | alpha 2.073 | step_limit
Ep 603 | 드론4 목적지64 | 1000스텝 | 배송 46/64 | 재적재  8 | 중계율 0.09 | alpha 2.091 | step_limit
Ep 604 | 드론5 목적지68 |  851스텝 | 배송 68/68 | 재적재 10 | 중계율 0.07 | alpha 2.092 | complete
Ep 605 | 드론5 목적지55 | 1000스텝 | 배송 53/55 | 재적재  9 | 중계율 0.10 | alpha 2.073 | step_limit
Ep 606 | 드론6 목적지69 |  543스텝 | 배송 69/69 | 재적재 11 | 중계율 0.06 | alpha 2.079 | complete
Ep 607 | 드론3 목적지31 | 1000스텝 | 배송 30/31 | 재적재  5 | 중계율 0.09 | alpha 2.105 | step_limit
Ep 608 | 드론4 목적지59 | 1000스텝 | 배송 50/59 | 재적재  9 | 중계율 0.09 | alpha 2.085 | step_limit
Ep 609 | 드론5 목적지56 |  638스텝 | 배송 56/56 | 재적재  8 | 중계율 0.06 | alpha 2.109 | complete
Ep 610 | 드론4 목적지59 | 1000스텝 | 배송 55/59 | 재적재  9 | 중계율 0.07 | alpha 2.113 | step_limit
Ep 611 | 드론3 목적지21 |  667스텝 | 배송 21/21 | 재적재  3 | 중계율 0.09 | alpha 2.139 | complete
Ep 612 | 드론4 목적지27 | 1000스텝 | 배송 25/27 | 재적재  4 | 중계율 0.12 | alpha 2.119 | step_limit
Ep 613 | 드론4 목적지80 | 1000스텝 | 배송 65/80 | 재적재 12 | 중계율 0.08 | alpha 2.101 | step_limit
Ep 614 | 드론4 목적지54 |  830스텝 | 배송 54/54 | 재적재  9 | 중계율 0.05 | alpha 2.110 | complete
Ep 615 | 드론3 목적지56 | 1000스텝 | 배송 49/56 | 재적재  9 | 중계율 0.11 | alpha 2.089 | step_limit
Ep 616 | 드론6 목적지71 |  987스텝 | 배송 71/71 | 재적재 12 | 중계율 0.08 | alpha 2.100 | complete
Ep 617 | 드론4 목적지67 | 1000스텝 | 배송 64/67 | 재적재 12 | 중계율 0.10 | alpha 2.119 | step_limit
Ep 618 | 드론4 목적지52 |  931스텝 | 배송 52/52 | 재적재  9 | 중계율 0.09 | alpha 2.090 | complete
Ep 619 | 드론5 목적지54 | 1000스텝 | 배송 53/54 | 재적재  9 | 중계율 0.06 | alpha 2.105 | step_limit
Ep 620 | 드론5 목적지66 |  919스텝 | 배송 66/66 | 재적재 11 | 중계율 0.05 | alpha 2.126 | complete
Ep 621 | 드론3 목적지46 | 1000스텝 | 배송 41/46 | 재적재  7 | 중계율 0.06 | alpha 2.109 | step_limit
Ep 622 | 드론4 목적지28 |  785스텝 | 배송 28/28 | 재적재  4 | 중계율 0.14 | alpha 2.105 | complete
Ep 623 | 드론6 목적지44 |  500스텝 | 배송 44/44 | 재적재  7 | 중계율 0.05 | alpha 2.119 | complete
Ep 624 | 드론3 목적지42 | 1000스텝 | 배송 40/42 | 재적재  7 | 중계율 0.08 | alpha 2.140 | step_limit
Ep 625 | 드론4 목적지37 |  718스텝 | 배송 37/37 | 재적재  4 | 중계율 0.08 | alpha 2.143 | complete
Ep 626 | 드론4 목적지68 | 1000스텝 | 배송 66/68 | 재적재 11 | 중계율 0.07 | alpha 2.132 | step_limit
Ep 627 | 드론6 목적지27 |  259스텝 | 배송 27/27 | 재적재  2 | 중계율 0.05 | alpha 2.140 | complete
Ep 628 | 드론6 목적지38 |  438스텝 | 배송 38/38 | 재적재  6 | 중계율 0.04 | alpha 2.187 | complete
Ep 629 | 드론5 목적지57 |  656스텝 | 배송 57/57 | 재적재  9 | 중계율 0.06 | alpha 2.175 | complete
Ep 630 | 드론3 목적지73 | 1000스텝 | 배송 56/73 | 재적재 10 | 중계율 0.08 | alpha 2.175 | step_limit
Ep 631 | 드론4 목적지58 | 1000스텝 | 배송 45/58 | 재적재  8 | 중계율 0.10 | alpha 2.166 | step_limit
Ep 632 | 드론6 목적지36 |  458스텝 | 배송 36/36 | 재적재  5 | 중계율 0.05 | alpha 2.151 | complete
Ep 633 | 드론3 목적지46 | 1000스텝 | 배송 37/46 | 재적재  6 | 중계율 0.17 | alpha 2.144 | step_limit
Ep 634 | 드론4 목적지25 |  366스텝 | 배송 25/25 | 재적재  3 | 중계율 0.02 | alpha 2.136 | complete
Ep 635 | 드론4 목적지39 |  610스텝 | 배송 39/39 | 재적재  6 | 중계율 0.07 | alpha 2.126 | complete
Ep 636 | 드론6 목적지28 |  340스텝 | 배송 28/28 | 재적재  2 | 중계율 0.03 | alpha 2.130 | complete
Ep 637 | 드론6 목적지39 |  592스텝 | 배송 39/39 | 재적재  6 | 중계율 0.04 | alpha 2.140 | complete
Ep 638 | 드론4 목적지46 | 1000스텝 | 배송 40/46 | 재적재  6 | 중계율 0.11 | alpha 2.144 | step_limit
Ep 639 | 드론6 목적지21 |  302스텝 | 배송 21/21 | 재적재  3 | 중계율 0.12 | alpha 2.145 | complete
Ep 640 | 드론3 목적지55 | 1000스텝 | 배송 44/55 | 재적재  7 | 중계율 0.09 | alpha 2.139 | step_limit
Ep 641 | 드론4 목적지74 | 1000스텝 | 배송 57/74 | 재적재 10 | 중계율 0.09 | alpha 2.162 | step_limit
Ep 642 | 드론4 목적지24 |  450스텝 | 배송 24/24 | 재적재  3 | 중계율 0.10 | alpha 2.151 | complete
Ep 643 | 드론5 목적지57 |  701스텝 | 배송 57/57 | 재적재  9 | 중계율 0.05 | alpha 2.161 | complete
Ep 644 | 드론4 목적지45 |  815스텝 | 배송 45/45 | 재적재  8 | 중계율 0.11 | alpha 2.145 | complete
Ep 645 | 드론3 목적지48 | 1000스텝 | 배송 46/48 | 재적재  8 | 중계율 0.08 | alpha 2.124 | step_limit
Ep 646 | 드론4 목적지25 |  580스텝 | 배송 25/25 | 재적재  4 | 중계율 0.11 | alpha 2.144 | complete
Ep 647 | 드론4 목적지26 |  452스텝 | 배송 26/26 | 재적재  3 | 중계율 0.04 | alpha 2.142 | complete
Ep 648 | 드론4 목적지48 |  788스텝 | 배송 48/48 | 재적재  9 | 중계율 0.08 | alpha 2.155 | complete
Ep 649 | 드론6 목적지69 |  786스텝 | 배송 69/69 | 재적재 11 | 중계율 0.07 | alpha 2.145 | complete
Ep 650 | 드론4 목적지64 | 1000스텝 | 배송 60/64 | 재적재 10 | 중계율 0.06 | alpha 2.134 | step_limit
  [홀드아웃] 배송 50.0±0.0 완주 1.00 스텝 1236 점수 105.9 재적재 8.5 2홉+ 0.62 | 최고 106.2@ep400 정체 5/15
Ep 651 | 드론5 목적지77 | 1000스텝 | 배송 70/77 | 재적재 12 | 중계율 0.10 | alpha 2.122 | step_limit
Ep 652 | 드론4 목적지32 |  848스텝 | 배송 32/32 | 재적재  5 | 중계율 0.08 | alpha 2.126 | complete
Ep 653 | 드론4 목적지77 | 1000스텝 | 배송 69/77 | 재적재 12 | 중계율 0.07 | alpha 2.098 | step_limit
Ep 654 | 드론6 목적지21 |  175스텝 | 배송 21/21 | 재적재  0 | 중계율 0.12 | alpha 2.087 | complete
Ep 655 | 드론4 목적지28 |  473스텝 | 배송 28/28 | 재적재  3 | 중계율 0.08 | alpha 2.092 | complete
Ep 656 | 드론4 목적지50 |  870스텝 | 배송 50/50 | 재적재  8 | 중계율 0.11 | alpha 2.083 | complete
Ep 657 | 드론5 목적지62 |  819스텝 | 배송 62/62 | 재적재 10 | 중계율 0.05 | alpha 2.123 | complete
Ep 658 | 드론3 목적지50 | 1000스텝 | 배송 41/50 | 재적재  8 | 중계율 0.11 | alpha 2.129 | step_limit
Ep 659 | 드론5 목적지39 |  420스텝 | 배송 39/39 | 재적재  5 | 중계율 0.06 | alpha 2.126 | complete
Ep 660 | 드론5 목적지65 |  925스텝 | 배송 65/65 | 재적재 11 | 중계율 0.05 | alpha 2.107 | complete
Ep 661 | 드론6 목적지20 |  310스텝 | 배송 20/20 | 재적재  1 | 중계율 0.07 | alpha 2.111 | complete
Ep 662 | 드론6 목적지46 |  421스텝 | 배송 46/46 | 재적재  6 | 중계율 0.05 | alpha 2.125 | complete
Ep 663 | 드론4 목적지78 | 1000스텝 | 배송 72/78 | 재적재 13 | 중계율 0.06 | alpha 2.153 | step_limit
Ep 664 | 드론4 목적지28 |  574스텝 | 배송 28/28 | 재적재  4 | 중계율 0.05 | alpha 2.157 | complete
Ep 665 | 드론3 목적지25 |  974스텝 | 배송 25/25 | 재적재  3 | 중계율 0.16 | alpha 2.155 | complete
Ep 666 | 드론5 목적지74 |  884스텝 | 배송 74/74 | 재적재 13 | 중계율 0.08 | alpha 2.148 | complete
Ep 667 | 드론4 목적지50 |  829스텝 | 배송 50/50 | 재적재  8 | 중계율 0.11 | alpha 2.153 | complete
Ep 668 | 드론6 목적지80 | 1000스텝 | 배송 78/80 | 재적재 14 | 중계율 0.04 | alpha 2.175 | step_limit
Ep 669 | 드론5 목적지53 |  685스텝 | 배송 53/53 | 재적재  8 | 중계율 0.07 | alpha 2.140 | complete
Ep 670 | 드론3 목적지68 | 1000스텝 | 배송 53/68 | 재적재 10 | 중계율 0.09 | alpha 2.111 | step_limit
Ep 671 | 드론3 목적지60 | 1000스텝 | 배송 51/60 | 재적재  9 | 중계율 0.09 | alpha 2.099 | step_limit
Ep 672 | 드론3 목적지50 | 1000스텝 | 배송 45/50 | 재적재  7 | 중계율 0.07 | alpha 2.146 | step_limit
Ep 673 | 드론6 목적지54 |  632스텝 | 배송 54/54 | 재적재  7 | 중계율 0.06 | alpha 2.132 | complete
Ep 674 | 드론6 목적지73 |  734스텝 | 배송 73/73 | 재적재 12 | 중계율 0.03 | alpha 2.126 | complete
Ep 675 | 드론4 목적지74 | 1000스텝 | 배송 68/74 | 재적재 13 | 중계율 0.06 | alpha 2.122 | step_limit
Ep 676 | 드론4 목적지46 | 1000스텝 | 배송 45/46 | 재적재  8 | 중계율 0.09 | alpha 2.116 | step_limit
Ep 677 | 드론3 목적지79 | 1000스텝 | 배송 59/79 | 재적재 11 | 중계율 0.08 | alpha 2.112 | step_limit
Ep 678 | 드론5 목적지41 |  696스텝 | 배송 41/41 | 재적재  7 | 중계율 0.04 | alpha 2.135 | complete
Ep 679 | 드론5 목적지58 | 1000스텝 | 배송 53/58 | 재적재  8 | 중계율 0.11 | alpha 2.171 | step_limit
Ep 680 | 드론3 목적지31 | 1000스텝 | 배송 29/31 | 재적재  5 | 중계율 0.05 | alpha 2.109 | step_limit
Ep 681 | 드론6 목적지65 |  669스텝 | 배송 65/65 | 재적재 11 | 중계율 0.06 | alpha 2.079 | complete
Ep 682 | 드론4 목적지72 | 1000스텝 | 배송 62/72 | 재적재 11 | 중계율 0.09 | alpha 2.106 | step_limit
Ep 683 | 드론6 목적지52 |  666스텝 | 배송 52/52 | 재적재  9 | 중계율 0.06 | alpha 2.114 | complete
Ep 684 | 드론3 목적지40 | 1000스텝 | 배송 34/40 | 재적재  5 | 중계율 0.12 | alpha 2.133 | step_limit
Ep 685 | 드론4 목적지74 | 1000스텝 | 배송 63/74 | 재적재 11 | 중계율 0.11 | alpha 2.090 | step_limit
Ep 686 | 드론6 목적지58 |  661스텝 | 배송 58/58 | 재적재 10 | 중계율 0.02 | alpha 2.094 | complete
Ep 687 | 드론4 목적지46 | 1000스텝 | 배송 41/46 | 재적재  6 | 중계율 0.12 | alpha 2.089 | step_limit
Ep 688 | 드론6 목적지33 |  346스텝 | 배송 33/33 | 재적재  4 | 중계율 0.03 | alpha 2.080 | complete
Ep 689 | 드론5 목적지80 |  989스텝 | 배송 80/80 | 재적재 13 | 중계율 0.09 | alpha 2.066 | complete
Ep 690 | 드론3 목적지26 |  975스텝 | 배송 26/26 | 재적재  3 | 중계율 0.10 | alpha 2.100 | complete
Ep 691 | 드론4 목적지40 |  625스텝 | 배송 40/40 | 재적재  6 | 중계율 0.07 | alpha 2.099 | complete
Ep 692 | 드론3 목적지49 | 1000스텝 | 배송 44/49 | 재적재  7 | 중계율 0.06 | alpha 2.136 | step_limit
Ep 693 | 드론5 목적지56 |  841스텝 | 배송 56/56 | 재적재 10 | 중계율 0.07 | alpha 2.137 | complete
Ep 694 | 드론4 목적지69 | 1000스텝 | 배송 65/69 | 재적재 12 | 중계율 0.06 | alpha 2.133 | step_limit
Ep 695 | 드론5 목적지32 |  620스텝 | 배송 32/32 | 재적재  4 | 중계율 0.06 | alpha 2.110 | complete
Ep 696 | 드론4 목적지48 |  901스텝 | 배송 48/48 | 재적재  9 | 중계율 0.07 | alpha 2.141 | complete
Ep 697 | 드론3 목적지58 | 1000스텝 | 배송 53/58 | 재적재  9 | 중계율 0.10 | alpha 2.160 | step_limit
Ep 698 | 드론5 목적지65 |  896스텝 | 배송 65/65 | 재적재 10 | 중계율 0.09 | alpha 2.145 | complete
Ep 699 | 드론5 목적지44 |  935스텝 | 배송 44/44 | 재적재  7 | 중계율 0.08 | alpha 2.145 | complete
Ep 700 | 드론6 목적지40 |  688스텝 | 배송 40/40 | 재적재  5 | 중계율 0.10 | alpha 2.154 | complete
  [홀드아웃] 배송 49.2±2.5 완주 0.92 스텝 1271 점수 97.4 재적재 8.0 2홉+ 0.62 | 최고 106.2@ep400 정체 6/15
Ep 701 | 드론6 목적지26 |  372스텝 | 배송 26/26 | 재적재  3 | 중계율 0.09 | alpha 2.145 | complete
Ep 702 | 드론3 목적지66 | 1000스텝 | 배송 52/66 | 재적재 10 | 중계율 0.06 | alpha 2.134 | step_limit
Ep 703 | 드론4 목적지25 |  456스텝 | 배송 25/25 | 재적재  3 | 중계율 0.05 | alpha 2.148 | complete
Ep 704 | 드론6 목적지35 |  378스텝 | 배송 35/35 | 재적재  4 | 중계율 0.06 | alpha 2.132 | complete
Ep 705 | 드론4 목적지24 |  334스텝 | 배송 24/24 | 재적재  4 | 중계율 0.04 | alpha 2.120 | complete
Ep 706 | 드론3 목적지64 | 1000스텝 | 배송 59/64 | 재적재 11 | 중계율 0.09 | alpha 2.121 | step_limit
Ep 707 | 드론4 목적지24 |  441스텝 | 배송 24/24 | 재적재  3 | 중계율 0.04 | alpha 2.130 | complete
Ep 708 | 드론6 목적지68 |  730스텝 | 배송 68/68 | 재적재 11 | 중계율 0.04 | alpha 2.133 | complete
Ep 709 | 드론4 목적지57 | 1000스텝 | 배송 53/57 | 재적재 10 | 중계율 0.10 | alpha 2.154 | step_limit
Ep 710 | 드론6 목적지78 |  533스텝 | 배송 78/78 | 재적재 12 | 중계율 0.04 | alpha 2.159 | complete
Ep 711 | 드론6 목적지34 |  615스텝 | 배송 34/34 | 재적재  5 | 중계율 0.08 | alpha 2.162 | complete
Ep 712 | 드론4 목적지21 |  380스텝 | 배송 21/21 | 재적재  2 | 중계율 0.05 | alpha 2.161 | complete
Ep 713 | 드론3 목적지63 | 1000스텝 | 배송 50/63 | 재적재  9 | 중계율 0.08 | alpha 2.175 | step_limit
Ep 714 | 드론3 목적지64 | 1000스텝 | 배송 57/64 | 재적재 11 | 중계율 0.07 | alpha 2.109 | step_limit
Ep 715 | 드론5 목적지43 |  389스텝 | 배송 43/43 | 재적재  6 | 중계율 0.05 | alpha 2.118 | complete
Ep 716 | 드론3 목적지39 | 1000스텝 | 배송 31/39 | 재적재  5 | 중계율 0.09 | alpha 2.105 | step_limit
Ep 717 | 드론4 목적지67 | 1000스텝 | 배송 59/67 | 재적재 10 | 중계율 0.06 | alpha 2.139 | step_limit
Ep 718 | 드론5 목적지68 |  936스텝 | 배송 68/68 | 재적재 12 | 중계율 0.05 | alpha 2.133 | complete
Ep 719 | 드론5 목적지67 |  725스텝 | 배송 67/67 | 재적재 12 | 중계율 0.08 | alpha 2.158 | complete
Ep 720 | 드론3 목적지49 |  944스텝 | 배송 49/49 | 재적재  9 | 중계율 0.03 | alpha 2.157 | complete
Ep 721 | 드론4 목적지29 |  585스텝 | 배송 29/29 | 재적재  4 | 중계율 0.11 | alpha 2.172 | complete
Ep 722 | 드론6 목적지59 |  535스텝 | 배송 59/59 | 재적재  9 | 중계율 0.04 | alpha 2.171 | complete
Ep 723 | 드론5 목적지70 |  817스텝 | 배송 70/70 | 재적재 11 | 중계율 0.06 | alpha 2.161 | complete
Ep 724 | 드론4 목적지69 | 1000스텝 | 배송 62/69 | 재적재 12 | 중계율 0.10 | alpha 2.136 | step_limit
Ep 725 | 드론4 목적지62 | 1000스텝 | 배송 50/62 | 재적재  8 | 중계율 0.11 | alpha 2.131 | step_limit
Ep 726 | 드론6 목적지56 |  600스텝 | 배송 56/56 | 재적재  9 | 중계율 0.06 | alpha 2.120 | complete
Ep 727 | 드론3 목적지57 | 1000스텝 | 배송 53/57 | 재적재 10 | 중계율 0.06 | alpha 2.113 | step_limit
Ep 728 | 드론6 목적지43 |  456스텝 | 배송 43/43 | 재적재  5 | 중계율 0.06 | alpha 2.100 | complete
Ep 729 | 드론5 목적지77 |  809스텝 | 배송 77/77 | 재적재 13 | 중계율 0.06 | alpha 2.133 | complete
Ep 730 | 드론4 목적지27 |  794스텝 | 배송 27/27 | 재적재  5 | 중계율 0.08 | alpha 2.145 | complete
Ep 731 | 드론4 목적지80 | 1000스텝 | 배송 67/80 | 재적재 13 | 중계율 0.06 | alpha 2.160 | step_limit
Ep 732 | 드론3 목적지80 | 1000스텝 | 배송 53/80 | 재적재  9 | 중계율 0.06 | alpha 2.189 | step_limit
Ep 733 | 드론5 목적지64 | 1000스텝 | 배송 63/64 | 재적재 11 | 중계율 0.09 | alpha 2.151 | step_limit
Ep 734 | 드론3 목적지38 |  809스텝 | 배송 38/38 | 재적재  7 | 중계율 0.06 | alpha 2.153 | complete
Ep 735 | 드론5 목적지63 |  693스텝 | 배송 63/63 | 재적재 11 | 중계율 0.06 | alpha 2.174 | complete
Ep 736 | 드론4 목적지52 |  993스텝 | 배송 52/52 | 재적재  9 | 중계율 0.10 | alpha 2.158 | complete
Ep 737 | 드론3 목적지41 | 1000스텝 | 배송 33/41 | 재적재  5 | 중계율 0.09 | alpha 2.165 | step_limit
Ep 738 | 드론5 목적지49 |  596스텝 | 배송 49/49 | 재적재  8 | 중계율 0.03 | alpha 2.166 | complete
Ep 739 | 드론4 목적지27 |  502스텝 | 배송 27/27 | 재적재  3 | 중계율 0.10 | alpha 2.167 | complete
Ep 740 | 드론3 목적지32 | 1000스텝 | 배송 31/32 | 재적재  5 | 중계율 0.07 | alpha 2.142 | step_limit
Ep 741 | 드론4 목적지25 |  717스텝 | 배송 25/25 | 재적재  3 | 중계율 0.12 | alpha 2.160 | complete
Ep 742 | 드론3 목적지48 | 1000스텝 | 배송 38/48 | 재적재  6 | 중계율 0.14 | alpha 2.172 | step_limit
Ep 743 | 드론5 목적지54 |  605스텝 | 배송 54/54 | 재적재  9 | 중계율 0.03 | alpha 2.165 | complete
Ep 744 | 드론5 목적지24 |  415스텝 | 배송 24/24 | 재적재  2 | 중계율 0.05 | alpha 2.160 | complete
Ep 745 | 드론6 목적지37 |  422스텝 | 배송 37/37 | 재적재  6 | 중계율 0.02 | alpha 2.163 | complete
Ep 746 | 드론4 목적지50 | 1000스텝 | 배송 41/50 | 재적재  6 | 중계율 0.09 | alpha 2.190 | step_limit
Ep 747 | 드론3 목적지78 | 1000스텝 | 배송 55/78 | 재적재 10 | 중계율 0.08 | alpha 2.200 | step_limit
Ep 748 | 드론4 목적지33 |  594스텝 | 배송 33/33 | 재적재  6 | 중계율 0.07 | alpha 2.210 | complete
Ep 749 | 드론4 목적지20 |  810스텝 | 배송 20/20 | 재적재  3 | 중계율 0.14 | alpha 2.225 | complete
Ep 750 | 드론5 목적지80 | 1000스텝 | 배송 77/80 | 재적재 13 | 중계율 0.06 | alpha 2.208 | step_limit
  [홀드아웃] 배송 50.0±0.0 완주 1.00 스텝 1246 점수 105.8 재적재 8.3 2홉+ 0.62 | 최고 106.2@ep400 정체 7/15
Ep 751 | 드론6 목적지29 |  318스텝 | 배송 29/29 | 재적재  2 | 중계율 0.03 | alpha 2.198 | complete
Ep 752 | 드론5 목적지21 |  323스텝 | 배송 21/21 | 재적재  3 | 중계율 0.06 | alpha 2.206 | complete
Ep 753 | 드론6 목적지21 |  193스텝 | 배송 21/21 | 재적재  0 | 중계율 0.04 | alpha 2.219 | complete
Ep 754 | 드론5 목적지39 |  437스텝 | 배송 39/39 | 재적재  5 | 중계율 0.07 | alpha 2.199 | complete
Ep 755 | 드론3 목적지68 | 1000스텝 | 배송 46/68 | 재적재  9 | 중계율 0.13 | alpha 2.205 | step_limit
Ep 756 | 드론3 목적지80 | 1000스텝 | 배송 63/80 | 재적재 11 | 중계율 0.09 | alpha 2.204 | step_limit
Ep 757 | 드론5 목적지62 |  799스텝 | 배송 62/62 | 재적재 11 | 중계율 0.04 | alpha 2.244 | complete
Ep 758 | 드론5 목적지36 |  858스텝 | 배송 36/36 | 재적재  5 | 중계율 0.08 | alpha 2.228 | complete
Ep 759 | 드론6 목적지46 |  407스텝 | 배송 46/46 | 재적재  5 | 중계율 0.05 | alpha 2.221 | complete
Ep 760 | 드론3 목적지23 |  694스텝 | 배송 23/23 | 재적재  3 | 중계율 0.10 | alpha 2.224 | complete
Ep 761 | 드론6 목적지36 |  378스텝 | 배송 36/36 | 재적재  5 | 중계율 0.03 | alpha 2.221 | complete
Ep 762 | 드론3 목적지66 | 1000스텝 | 배송 52/66 | 재적재 10 | 중계율 0.11 | alpha 2.229 | step_limit
Ep 763 | 드론3 목적지24 |  491스텝 | 배송 24/24 | 재적재  4 | 중계율 0.05 | alpha 2.203 | complete
Ep 764 | 드론3 목적지27 |  833스텝 | 배송 27/27 | 재적재  4 | 중계율 0.09 | alpha 2.226 | complete
Ep 765 | 드론5 목적지43 |  663스텝 | 배송 43/43 | 재적재  7 | 중계율 0.06 | alpha 2.220 | complete
Ep 766 | 드론3 목적지25 |  663스텝 | 배송 25/25 | 재적재  3 | 중계율 0.09 | alpha 2.219 | complete
Ep 767 | 드론3 목적지65 | 1000스텝 | 배송 53/65 | 재적재 10 | 중계율 0.11 | alpha 2.224 | step_limit
Ep 768 | 드론3 목적지50 | 1000스텝 | 배송 45/50 | 재적재  7 | 중계율 0.08 | alpha 2.229 | step_limit
Ep 769 | 드론5 목적지40 |  611스텝 | 배송 40/40 | 재적재  6 | 중계율 0.04 | alpha 2.237 | complete
Ep 770 | 드론6 목적지58 |  729스텝 | 배송 58/58 | 재적재  9 | 중계율 0.09 | alpha 2.241 | complete
Ep 771 | 드론3 목적지28 | 1000스텝 | 배송 21/28 | 재적재  3 | 중계율 0.14 | alpha 2.263 | step_limit
Ep 772 | 드론5 목적지53 |  575스텝 | 배송 53/53 | 재적재  9 | 중계율 0.04 | alpha 2.255 | complete
Ep 773 | 드론3 목적지60 | 1000스텝 | 배송 50/60 | 재적재  9 | 중계율 0.08 | alpha 2.233 | step_limit
Ep 774 | 드론4 목적지60 | 1000스텝 | 배송 53/60 | 재적재 10 | 중계율 0.09 | alpha 2.247 | step_limit
Ep 775 | 드론3 목적지62 | 1000스텝 | 배송 47/62 | 재적재  8 | 중계율 0.06 | alpha 2.219 | step_limit
Ep 776 | 드론3 목적지47 | 1000스텝 | 배송 45/47 | 재적재  8 | 중계율 0.09 | alpha 2.248 | step_limit
Ep 777 | 드론3 목적지77 | 1000스텝 | 배송 62/77 | 재적재 11 | 중계율 0.10 | alpha 2.261 | step_limit
Ep 778 | 드론3 목적지29 |  962스텝 | 배송 29/29 | 재적재  5 | 중계율 0.13 | alpha 2.251 | complete
Ep 779 | 드론4 목적지79 | 1000스텝 | 배송 55/79 | 재적재 10 | 중계율 0.07 | alpha 2.257 | step_limit
Ep 780 | 드론6 목적지50 |  655스텝 | 배송 50/50 | 재적재  8 | 중계율 0.08 | alpha 2.235 | complete
Ep 781 | 드론3 목적지53 | 1000스텝 | 배송 42/53 | 재적재  6 | 중계율 0.08 | alpha 2.249 | step_limit
Ep 782 | 드론3 목적지35 | 1000스텝 | 배송 27/35 | 재적재  4 | 중계율 0.12 | alpha 2.260 | step_limit
Ep 783 | 드론6 목적지55 |  502스텝 | 배송 55/55 | 재적재  9 | 중계율 0.02 | alpha 2.253 | complete
Ep 784 | 드론3 목적지53 | 1000스텝 | 배송 50/53 | 재적재  9 | 중계율 0.09 | alpha 2.250 | step_limit
Ep 785 | 드론6 목적지56 |  655스텝 | 배송 56/56 | 재적재  9 | 중계율 0.06 | alpha 2.244 | complete
Ep 786 | 드론4 목적지73 | 1000스텝 | 배송 60/73 | 재적재 10 | 중계율 0.10 | alpha 2.250 | step_limit
Ep 787 | 드론5 목적지70 |  790스텝 | 배송 70/70 | 재적재 11 | 중계율 0.03 | alpha 2.255 | complete
Ep 788 | 드론4 목적지31 |  687스텝 | 배송 31/31 | 재적재  4 | 중계율 0.07 | alpha 2.242 | complete
Ep 789 | 드론4 목적지40 |  680스텝 | 배송 40/40 | 재적재  6 | 중계율 0.07 | alpha 2.210 | complete
Ep 790 | 드론6 목적지29 |  364스텝 | 배송 29/29 | 재적재  3 | 중계율 0.05 | alpha 2.216 | complete
Ep 791 | 드론6 목적지38 |  421스텝 | 배송 38/38 | 재적재  4 | 중계율 0.04 | alpha 2.218 | complete
Ep 792 | 드론6 목적지77 |  731스텝 | 배송 77/77 | 재적재 13 | 중계율 0.06 | alpha 2.226 | complete
Ep 793 | 드론3 목적지71 | 1000스텝 | 배송 58/71 | 재적재 10 | 중계율 0.10 | alpha 2.216 | step_limit
Ep 794 | 드론3 목적지33 | 1000스텝 | 배송 28/33 | 재적재  5 | 중계율 0.11 | alpha 2.219 | step_limit
Ep 795 | 드론4 목적지76 | 1000스텝 | 배송 38/76 | 재적재  7 | 중계율 0.06 | alpha 2.244 | step_limit
Ep 796 | 드론4 목적지65 | 1000스텝 | 배송 62/65 | 재적재 11 | 중계율 0.07 | alpha 2.229 | step_limit
Ep 797 | 드론5 목적지72 |  912스텝 | 배송 72/72 | 재적재 13 | 중계율 0.06 | alpha 2.264 | complete
Ep 798 | 드론5 목적지54 |  762스텝 | 배송 54/54 | 재적재  9 | 중계율 0.11 | alpha 2.221 | complete
Ep 799 | 드론3 목적지35 | 1000스텝 | 배송 32/35 | 재적재  5 | 중계율 0.10 | alpha 2.227 | step_limit
Ep 800 | 드론4 목적지78 | 1000스텝 | 배송 67/78 | 재적재 12 | 중계율 0.13 | alpha 2.220 | step_limit
  [홀드아웃] 배송 50.0±0.0 완주 1.00 스텝 1212 점수 106.0 재적재 8.3 2홉+ 0.64 | 최고 106.2@ep400 정체 8/15
Ep 801 | 드론4 목적지21 |  599스텝 | 배송 21/21 | 재적재  3 | 중계율 0.11 | alpha 2.245 | complete
Ep 802 | 드론6 목적지22 |  192스텝 | 배송 22/22 | 재적재  0 | 중계율 0.01 | alpha 2.248 | complete
Ep 803 | 드론6 목적지57 |  612스텝 | 배송 57/57 | 재적재 10 | 중계율 0.04 | alpha 2.250 | complete
Ep 804 | 드론3 목적지60 | 1000스텝 | 배송 53/60 | 재적재  9 | 중계율 0.08 | alpha 2.220 | step_limit
Ep 805 | 드론6 목적지34 |  334스텝 | 배송 34/34 | 재적재  5 | 중계율 0.05 | alpha 2.217 | complete
Ep 806 | 드론4 목적지59 | 1000스텝 | 배송 58/59 | 재적재 10 | 중계율 0.07 | alpha 2.232 | step_limit
Ep 807 | 드론5 목적지22 |  343스텝 | 배송 22/22 | 재적재  2 | 중계율 0.05 | alpha 2.245 | complete
Ep 808 | 드론3 목적지35 | 1000스텝 | 배송 26/35 | 재적재  4 | 중계율 0.16 | alpha 2.298 | step_limit
Ep 809 | 드론4 목적지38 |  940스텝 | 배송 38/38 | 재적재  5 | 중계율 0.09 | alpha 2.288 | complete
Ep 810 | 드론5 목적지47 |  956스텝 | 배송 47/47 | 재적재  7 | 중계율 0.11 | alpha 2.253 | complete
Ep 811 | 드론4 목적지70 | 1000스텝 | 배송 53/70 | 재적재  8 | 중계율 0.10 | alpha 2.267 | step_limit
Ep 812 | 드론4 목적지40 |  715스텝 | 배송 40/40 | 재적재  6 | 중계율 0.12 | alpha 2.241 | complete
Ep 813 | 드론3 목적지55 | 1000스텝 | 배송 39/55 | 재적재  7 | 중계율 0.10 | alpha 2.217 | step_limit
Ep 814 | 드론3 목적지38 |  783스텝 | 배송 38/38 | 재적재  7 | 중계율 0.07 | alpha 2.236 | complete
Ep 815 | 드론3 목적지75 | 1000스텝 | 배송 49/75 | 재적재  9 | 중계율 0.15 | alpha 2.254 | step_limit
Ep 816 | 드론5 목적지57 |  730스텝 | 배송 57/57 | 재적재  9 | 중계율 0.05 | alpha 2.271 | complete
Ep 817 | 드론4 목적지58 | 1000스텝 | 배송 54/58 | 재적재  9 | 중계율 0.10 | alpha 2.256 | step_limit
Ep 818 | 드론5 목적지21 |  365스텝 | 배송 21/21 | 재적재  2 | 중계율 0.05 | alpha 2.249 | complete
Ep 819 | 드론3 목적지70 | 1000스텝 | 배송 57/70 | 재적재 10 | 중계율 0.05 | alpha 2.222 | step_limit
Ep 820 | 드론6 목적지26 |  456스텝 | 배송 26/26 | 재적재  3 | 중계율 0.12 | alpha 2.256 | complete
Ep 821 | 드론5 목적지27 |  620스텝 | 배송 27/27 | 재적재  4 | 중계율 0.05 | alpha 2.262 | complete
Ep 822 | 드론5 목적지61 |  817스텝 | 배송 61/61 | 재적재 10 | 중계율 0.07 | alpha 2.302 | complete
Ep 823 | 드론5 목적지77 |  993스텝 | 배송 77/77 | 재적재 13 | 중계율 0.08 | alpha 2.337 | complete
Ep 824 | 드론3 목적지38 | 1000스텝 | 배송 35/38 | 재적재  6 | 중계율 0.08 | alpha 2.340 | step_limit
Ep 825 | 드론4 목적지63 |  812스텝 | 배송 63/63 | 재적재 10 | 중계율 0.04 | alpha 2.344 | complete
Ep 826 | 드론5 목적지44 |  738스텝 | 배송 44/44 | 재적재  7 | 중계율 0.08 | alpha 2.363 | complete
Ep 827 | 드론5 목적지51 |  652스텝 | 배송 51/51 | 재적재  7 | 중계율 0.08 | alpha 2.337 | complete
Ep 828 | 드론3 목적지41 | 1000스텝 | 배송 39/41 | 재적재  6 | 중계율 0.08 | alpha 2.351 | step_limit
Ep 829 | 드론3 목적지22 |  616스텝 | 배송 22/22 | 재적재  3 | 중계율 0.06 | alpha 2.363 | complete
Ep 830 | 드론4 목적지48 |  790스텝 | 배송 48/48 | 재적재  8 | 중계율 0.06 | alpha 2.369 | complete
Ep 831 | 드론3 목적지61 | 1000스텝 | 배송 52/61 | 재적재  9 | 중계율 0.10 | alpha 2.346 | step_limit
Ep 832 | 드론4 목적지66 | 1000스텝 | 배송 64/66 | 재적재 11 | 중계율 0.05 | alpha 2.342 | step_limit
Ep 833 | 드론4 목적지26 |  416스텝 | 배송 26/26 | 재적재  4 | 중계율 0.02 | alpha 2.347 | complete
Ep 834 | 드론6 목적지25 |  411스텝 | 배송 25/25 | 재적재  3 | 중계율 0.12 | alpha 2.355 | complete
Ep 835 | 드론3 목적지78 | 1000스텝 | 배송 50/78 | 재적재  8 | 중계율 0.07 | alpha 2.370 | step_limit
Ep 836 | 드론6 목적지22 |  330스텝 | 배송 22/22 | 재적재  2 | 중계율 0.04 | alpha 2.362 | complete
Ep 837 | 드론4 목적지74 | 1000스텝 | 배송 63/74 | 재적재 12 | 중계율 0.09 | alpha 2.354 | step_limit
Ep 838 | 드론6 목적지46 |  572스텝 | 배송 46/46 | 재적재  7 | 중계율 0.06 | alpha 2.349 | complete
Ep 839 | 드론4 목적지47 | 1000스텝 | 배송 41/47 | 재적재  7 | 중계율 0.13 | alpha 2.353 | step_limit
Ep 840 | 드론5 목적지31 |  428스텝 | 배송 31/31 | 재적재  5 | 중계율 0.04 | alpha 2.355 | complete
Ep 841 | 드론3 목적지52 | 1000스텝 | 배송 45/52 | 재적재  8 | 중계율 0.09 | alpha 2.357 | step_limit
Ep 842 | 드론4 목적지30 |  432스텝 | 배송 30/30 | 재적재  4 | 중계율 0.04 | alpha 2.364 | complete
Ep 843 | 드론5 목적지75 | 1000스텝 | 배송 72/75 | 재적재 13 | 중계율 0.07 | alpha 2.393 | step_limit
Ep 844 | 드론5 목적지28 |  612스텝 | 배송 28/28 | 재적재  4 | 중계율 0.14 | alpha 2.395 | complete
Ep 845 | 드론4 목적지44 | 1000스텝 | 배송 40/44 | 재적재  7 | 중계율 0.08 | alpha 2.423 | step_limit
Ep 846 | 드론4 목적지31 |  410스텝 | 배송 31/31 | 재적재  4 | 중계율 0.03 | alpha 2.411 | complete
Ep 847 | 드론6 목적지45 |  495스텝 | 배송 45/45 | 재적재  6 | 중계율 0.04 | alpha 2.427 | complete
Ep 848 | 드론3 목적지44 | 1000스텝 | 배송 36/44 | 재적재  6 | 중계율 0.09 | alpha 2.476 | step_limit
Ep 849 | 드론3 목적지49 | 1000스텝 | 배송 44/49 | 재적재  7 | 중계율 0.09 | alpha 2.412 | step_limit
Ep 850 | 드론3 목적지47 | 1000스텝 | 배송 43/47 | 재적재  8 | 중계율 0.11 | alpha 2.409 | step_limit
  [홀드아웃] 배송 50.0±0.0 완주 1.00 스텝 1277 점수 105.7 재적재 8.1 2홉+ 0.64 | 최고 106.2@ep400 정체 9/15
Ep 851 | 드론6 목적지30 |  363스텝 | 배송 30/30 | 재적재  4 | 중계율 0.04 | alpha 2.421 | complete
Ep 852 | 드론6 목적지65 |  508스텝 | 배송 65/65 | 재적재 10 | 중계율 0.02 | alpha 2.405 | complete
Ep 853 | 드론4 목적지45 | 1000스텝 | 배송 44/45 | 재적재  8 | 중계율 0.08 | alpha 2.404 | step_limit
Ep 854 | 드론6 목적지23 |  288스텝 | 배송 23/23 | 재적재  1 | 중계율 0.08 | alpha 2.413 | complete
Ep 855 | 드론6 목적지49 |  509스텝 | 배송 49/49 | 재적재  7 | 중계율 0.05 | alpha 2.410 | complete
Ep 856 | 드론3 목적지28 |  775스텝 | 배송 28/28 | 재적재  5 | 중계율 0.09 | alpha 2.407 | complete
Ep 857 | 드론3 목적지38 | 1000스텝 | 배송 33/38 | 재적재  6 | 중계율 0.08 | alpha 2.415 | step_limit
Ep 858 | 드론6 목적지70 |  755스텝 | 배송 70/70 | 재적재 12 | 중계율 0.06 | alpha 2.399 | complete
Ep 859 | 드론6 목적지27 |  396스텝 | 배송 27/27 | 재적재  3 | 중계율 0.07 | alpha 2.379 | complete
Ep 860 | 드론6 목적지30 |  432스텝 | 배송 30/30 | 재적재  3 | 중계율 0.07 | alpha 2.376 | complete
Ep 861 | 드론3 목적지39 | 1000스텝 | 배송 35/39 | 재적재  6 | 중계율 0.19 | alpha 2.380 | step_limit
Ep 862 | 드론6 목적지50 |  567스텝 | 배송 50/50 | 재적재  8 | 중계율 0.03 | alpha 2.394 | complete
Ep 863 | 드론6 목적지30 |  439스텝 | 배송 30/30 | 재적재  4 | 중계율 0.06 | alpha 2.415 | complete
Ep 864 | 드론5 목적지38 |  544스텝 | 배송 38/38 | 재적재  6 | 중계율 0.07 | alpha 2.428 | complete
Ep 865 | 드론5 목적지56 |  643스텝 | 배송 56/56 | 재적재  8 | 중계율 0.05 | alpha 2.413 | complete
Ep 866 | 드론3 목적지70 | 1000스텝 | 배송 57/70 | 재적재 11 | 중계율 0.06 | alpha 2.402 | step_limit
Ep 867 | 드론3 목적지48 | 1000스텝 | 배송 46/48 | 재적재  8 | 중계율 0.12 | alpha 2.394 | step_limit
Ep 868 | 드론5 목적지37 |  450스텝 | 배송 37/37 | 재적재  5 | 중계율 0.03 | alpha 2.401 | complete
Ep 869 | 드론5 목적지46 |  828스텝 | 배송 46/46 | 재적재  7 | 중계율 0.03 | alpha 2.430 | complete
Ep 870 | 드론3 목적지47 | 1000스텝 | 배송 46/47 | 재적재  8 | 중계율 0.06 | alpha 2.420 | step_limit
Ep 871 | 드론3 목적지44 | 1000스텝 | 배송 39/44 | 재적재  7 | 중계율 0.09 | alpha 2.428 | step_limit
Ep 872 | 드론4 목적지57 | 1000스텝 | 배송 54/57 | 재적재 10 | 중계율 0.10 | alpha 2.437 | step_limit
Ep 873 | 드론6 목적지30 |  589스텝 | 배송 30/30 | 재적재  2 | 중계율 0.04 | alpha 2.437 | complete
Ep 874 | 드론3 목적지20 |  526스텝 | 배송 20/20 | 재적재  3 | 중계율 0.08 | alpha 2.406 | complete
Ep 875 | 드론6 목적지43 |  539스텝 | 배송 43/43 | 재적재  7 | 중계율 0.03 | alpha 2.397 | complete
Ep 876 | 드론5 목적지23 |  306스텝 | 배송 23/23 | 재적재  1 | 중계율 0.07 | alpha 2.416 | complete
Ep 877 | 드론3 목적지65 | 1000스텝 | 배송 53/65 | 재적재  9 | 중계율 0.10 | alpha 2.384 | step_limit
Ep 878 | 드론3 목적지65 | 1000스텝 | 배송 50/65 | 재적재  9 | 중계율 0.08 | alpha 2.429 | step_limit
Ep 879 | 드론5 목적지28 |  479스텝 | 배송 28/28 | 재적재  4 | 중계율 0.08 | alpha 2.424 | complete
Ep 880 | 드론6 목적지41 |  511스텝 | 배송 41/41 | 재적재  6 | 중계율 0.04 | alpha 2.426 | complete
Ep 881 | 드론4 목적지59 |  888스텝 | 배송 59/59 | 재적재 10 | 중계율 0.04 | alpha 2.436 | complete
Ep 882 | 드론3 목적지46 | 1000스텝 | 배송 45/46 | 재적재  8 | 중계율 0.06 | alpha 2.452 | step_limit
Ep 883 | 드론5 목적지67 |  677스텝 | 배송 67/67 | 재적재 10 | 중계율 0.03 | alpha 2.431 | complete
Ep 884 | 드론4 목적지49 |  875스텝 | 배송 49/49 | 재적재  8 | 중계율 0.08 | alpha 2.411 | complete
Ep 885 | 드론3 목적지51 | 1000스텝 | 배송 33/51 | 재적재  6 | 중계율 0.12 | alpha 2.449 | step_limit
Ep 886 | 드론4 목적지36 |  760스텝 | 배송 36/36 | 재적재  5 | 중계율 0.12 | alpha 2.469 | complete
Ep 887 | 드론6 목적지36 |  424스텝 | 배송 36/36 | 재적재  4 | 중계율 0.02 | alpha 2.439 | complete
Ep 888 | 드론3 목적지48 | 1000스텝 | 배송 44/48 | 재적재  8 | 중계율 0.09 | alpha 2.434 | step_limit
Ep 889 | 드론6 목적지22 |  407스텝 | 배송 22/22 | 재적재  3 | 중계율 0.08 | alpha 2.438 | complete
Ep 890 | 드론3 목적지60 | 1000스텝 | 배송 49/60 | 재적재  8 | 중계율 0.07 | alpha 2.441 | step_limit
Ep 891 | 드론6 목적지80 |  787스텝 | 배송 80/80 | 재적재 14 | 중계율 0.04 | alpha 2.450 | complete
Ep 892 | 드론3 목적지73 | 1000스텝 | 배송 46/73 | 재적재  8 | 중계율 0.11 | alpha 2.445 | step_limit
Ep 893 | 드론4 목적지30 |  502스텝 | 배송 30/30 | 재적재  5 | 중계율 0.06 | alpha 2.442 | complete
Ep 894 | 드론3 목적지63 | 1000스텝 | 배송 49/63 | 재적재  9 | 중계율 0.13 | alpha 2.458 | step_limit
Ep 895 | 드론6 목적지28 |  335스텝 | 배송 28/28 | 재적재  2 | 중계율 0.03 | alpha 2.453 | complete
Ep 896 | 드론3 목적지39 |  592스텝 | 배송 14/39 | 재적재  1 | 중계율 0.02 | alpha 2.447 | no_progress
Ep 897 | 드론6 목적지53 |  773스텝 | 배송 53/53 | 재적재  8 | 중계율 0.07 | alpha 2.386 | complete
Ep 898 | 드론4 목적지66 | 1000스텝 | 배송 54/66 | 재적재 10 | 중계율 0.11 | alpha 2.411 | step_limit
Ep 899 | 드론4 목적지33 |  733스텝 | 배송 33/33 | 재적재  5 | 중계율 0.04 | alpha 2.401 | complete
Ep 900 | 드론5 목적지43 |  628스텝 | 배송 43/43 | 재적재  7 | 중계율 0.06 | alpha 2.396 | complete
  [홀드아웃] 배송 50.0±0.0 완주 1.00 스텝 1327 점수 105.6 재적재 8.5 2홉+ 0.64 | 최고 106.2@ep400 정체 10/15
Ep 901 | 드론6 목적지59 |  587스텝 | 배송 59/59 | 재적재  9 | 중계율 0.05 | alpha 2.417 | complete
Ep 902 | 드론3 목적지29 |  916스텝 | 배송 29/29 | 재적재  4 | 중계율 0.12 | alpha 2.449 | complete
Ep 903 | 드론4 목적지75 | 1000스텝 | 배송 73/75 | 재적재 13 | 중계율 0.09 | alpha 2.437 | step_limit
Ep 904 | 드론3 목적지71 | 1000스텝 | 배송 63/71 | 재적재 12 | 중계율 0.07 | alpha 2.443 | step_limit
Ep 905 | 드론6 목적지77 |  782스텝 | 배송 77/77 | 재적재 13 | 중계율 0.03 | alpha 2.423 | complete
Ep 906 | 드론6 목적지73 |  681스텝 | 배송 73/73 | 재적재 11 | 중계율 0.03 | alpha 2.410 | complete
Ep 907 | 드론3 목적지79 | 1000스텝 | 배송 54/79 | 재적재  9 | 중계율 0.06 | alpha 2.382 | step_limit
Ep 908 | 드론6 목적지33 |  501스텝 | 배송 33/33 | 재적재  5 | 중계율 0.06 | alpha 2.383 | complete
Ep 909 | 드론5 목적지29 |  287스텝 | 배송 29/29 | 재적재  4 | 중계율 0.07 | alpha 2.373 | complete
Ep 910 | 드론6 목적지41 |  578스텝 | 배송 41/41 | 재적재  6 | 중계율 0.06 | alpha 2.395 | complete
Ep 911 | 드론6 목적지34 |  384스텝 | 배송 34/34 | 재적재  5 | 중계율 0.04 | alpha 2.407 | complete
Ep 912 | 드론6 목적지42 |  549스텝 | 배송 42/42 | 재적재  6 | 중계율 0.05 | alpha 2.407 | complete
Ep 913 | 드론5 목적지34 |  489스텝 | 배송 34/34 | 재적재  4 | 중계율 0.05 | alpha 2.402 | complete
Ep 914 | 드론4 목적지44 |  838스텝 | 배송 44/44 | 재적재  8 | 중계율 0.05 | alpha 2.403 | complete
Ep 915 | 드론3 목적지67 | 1000스텝 | 배송 50/67 | 재적재  8 | 중계율 0.08 | alpha 2.415 | step_limit
Ep 916 | 드론6 목적지34 |  503스텝 | 배송 34/34 | 재적재  6 | 중계율 0.06 | alpha 2.404 | complete
Ep 917 | 드론6 목적지52 |  624스텝 | 배송 52/52 | 재적재  8 | 중계율 0.04 | alpha 2.418 | complete
Ep 918 | 드론4 목적지45 |  716스텝 | 배송 45/45 | 재적재  8 | 중계율 0.05 | alpha 2.415 | complete
Ep 919 | 드론6 목적지39 |  691스텝 | 배송 39/39 | 재적재  6 | 중계율 0.06 | alpha 2.395 | complete
Ep 920 | 드론6 목적지58 |  473스텝 | 배송 58/58 | 재적재  9 | 중계율 0.04 | alpha 2.386 | complete
Ep 921 | 드론4 목적지40 |  843스텝 | 배송 40/40 | 재적재  6 | 중계율 0.09 | alpha 2.381 | complete
Ep 922 | 드론6 목적지77 |  854스텝 | 배송 77/77 | 재적재 13 | 중계율 0.04 | alpha 2.398 | complete
Ep 923 | 드론5 목적지76 | 1000스텝 | 배송 71/76 | 재적재 11 | 중계율 0.09 | alpha 2.408 | step_limit
Ep 924 | 드론5 목적지72 |  667스텝 | 배송 72/72 | 재적재 13 | 중계율 0.04 | alpha 2.400 | complete
Ep 925 | 드론6 목적지36 |  479스텝 | 배송 36/36 | 재적재  5 | 중계율 0.03 | alpha 2.402 | complete
Ep 926 | 드론6 목적지56 |  575스텝 | 배송 56/56 | 재적재  8 | 중계율 0.04 | alpha 2.436 | complete
Ep 927 | 드론5 목적지21 |  359스텝 | 배송 21/21 | 재적재  3 | 중계율 0.04 | alpha 2.455 | complete
Ep 928 | 드론4 목적지59 | 1000스텝 | 배송 56/59 | 재적재  9 | 중계율 0.08 | alpha 2.468 | step_limit
Ep 929 | 드론5 목적지25 |  756스텝 | 배송 25/25 | 재적재  3 | 중계율 0.12 | alpha 2.472 | complete
Ep 930 | 드론4 목적지28 |  593스텝 | 배송 28/28 | 재적재  4 | 중계율 0.11 | alpha 2.459 | complete
Ep 931 | 드론5 목적지70 |  872스텝 | 배송 70/70 | 재적재 12 | 중계율 0.06 | alpha 2.455 | complete
Ep 932 | 드론4 목적지75 | 1000스텝 | 배송 63/75 | 재적재 11 | 중계율 0.07 | alpha 2.448 | step_limit
Ep 933 | 드론3 목적지31 |  926스텝 | 배송 31/31 | 재적재  5 | 중계율 0.09 | alpha 2.415 | complete
Ep 934 | 드론4 목적지28 |  436스텝 | 배송 28/28 | 재적재  3 | 중계율 0.04 | alpha 2.429 | complete
Ep 935 | 드론3 목적지36 | 1000스텝 | 배송 32/36 | 재적재  6 | 중계율 0.15 | alpha 2.439 | step_limit
Ep 936 | 드론4 목적지20 |  352스텝 | 배송 20/20 | 재적재  2 | 중계율 0.03 | alpha 2.473 | complete
Ep 937 | 드론3 목적지28 |  691스텝 | 배송 28/28 | 재적재  5 | 중계율 0.08 | alpha 2.457 | complete
Ep 938 | 드론6 목적지73 | 1000스텝 | 배송 71/73 | 재적재 12 | 중계율 0.09 | alpha 2.455 | step_limit
Ep 939 | 드론4 목적지75 | 1000스텝 | 배송 63/75 | 재적재 11 | 중계율 0.07 | alpha 2.481 | step_limit
Ep 940 | 드론6 목적지64 |  589스텝 | 배송 64/64 | 재적재 11 | 중계율 0.03 | alpha 2.484 | complete
Ep 941 | 드론3 목적지37 |  746스텝 | 배송 37/37 | 재적재  6 | 중계율 0.04 | alpha 2.495 | complete
Ep 942 | 드론6 목적지57 |  708스텝 | 배송 57/57 | 재적재 10 | 중계율 0.06 | alpha 2.512 | complete
Ep 943 | 드론3 목적지69 | 1000스텝 | 배송 54/69 | 재적재  9 | 중계율 0.10 | alpha 2.535 | step_limit
Ep 944 | 드론6 목적지73 |  920스텝 | 배송 73/73 | 재적재 12 | 중계율 0.07 | alpha 2.562 | complete
Ep 945 | 드론5 목적지49 |  675스텝 | 배송 49/49 | 재적재  8 | 중계율 0.10 | alpha 2.540 | complete
Ep 946 | 드론3 목적지29 |  662스텝 | 배송 29/29 | 재적재  5 | 중계율 0.06 | alpha 2.541 | complete
Ep 947 | 드론4 목적지73 | 1000스텝 | 배송 59/73 | 재적재 10 | 중계율 0.08 | alpha 2.528 | step_limit
Ep 948 | 드론6 목적지57 |  897스텝 | 배송 57/57 | 재적재  9 | 중계율 0.10 | alpha 2.514 | complete
Ep 949 | 드론3 목적지24 |  455스텝 | 배송 24/24 | 재적재  3 | 중계율 0.08 | alpha 2.510 | complete
Ep 950 | 드론4 목적지26 |  549스텝 | 배송 26/26 | 재적재  4 | 중계율 0.10 | alpha 2.524 | complete
  [홀드아웃] 배송 49.8±0.6 완주 0.92 스텝 1489 점수 96.7 재적재 8.5 2홉+ 0.63 | 최고 106.2@ep400 정체 11/15
Ep 951 | 드론6 목적지20 |  183스텝 | 배송 20/20 | 재적재  0 | 중계율 0.05 | alpha 2.518 | complete
Ep 952 | 드론6 목적지28 |  409스텝 | 배송 28/28 | 재적재  2 | 중계율 0.08 | alpha 2.520 | complete
Ep 953 | 드론3 목적지42 | 1000스텝 | 배송 38/42 | 재적재  6 | 중계율 0.11 | alpha 2.518 | step_limit
Ep 954 | 드론3 목적지30 | 1000스텝 | 배송 27/30 | 재적재  4 | 중계율 0.10 | alpha 2.502 | step_limit
Ep 955 | 드론5 목적지38 |  498스텝 | 배송 38/38 | 재적재  5 | 중계율 0.04 | alpha 2.515 | complete
Ep 956 | 드론4 목적지33 |  558스텝 | 배송 33/33 | 재적재  5 | 중계율 0.06 | alpha 2.526 | complete
Ep 957 | 드론3 목적지42 | 1000스텝 | 배송 37/42 | 재적재  6 | 중계율 0.12 | alpha 2.538 | step_limit
Ep 958 | 드론6 목적지34 |  430스텝 | 배송 34/34 | 재적재  5 | 중계율 0.05 | alpha 2.549 | complete
Ep 959 | 드론3 목적지80 | 1000스텝 | 배송 53/80 | 재적재 10 | 중계율 0.07 | alpha 2.563 | step_limit
Ep 960 | 드론6 목적지66 |  592스텝 | 배송 66/66 | 재적재 11 | 중계율 0.04 | alpha 2.541 | complete
Ep 961 | 드론3 목적지70 | 1000스텝 | 배송 45/70 | 재적재  8 | 중계율 0.08 | alpha 2.541 | step_limit
Ep 962 | 드론4 목적지47 |  984스텝 | 배송 47/47 | 재적재  7 | 중계율 0.08 | alpha 2.530 | complete
Ep 963 | 드론6 목적지27 |  385스텝 | 배송 27/27 | 재적재  3 | 중계율 0.04 | alpha 2.547 | complete
Ep 964 | 드론6 목적지65 |  583스텝 | 배송 65/65 | 재적재 11 | 중계율 0.04 | alpha 2.563 | complete
Ep 965 | 드론3 목적지22 | 1000스텝 | 배송 20/22 | 재적재  3 | 중계율 0.09 | alpha 2.516 | step_limit
Ep 966 | 드론4 목적지28 |  560스텝 | 배송 28/28 | 재적재  3 | 중계율 0.09 | alpha 2.507 | complete
Ep 967 | 드론5 목적지73 |  866스텝 | 배송 73/73 | 재적재 13 | 중계율 0.03 | alpha 2.491 | complete
Ep 968 | 드론5 목적지62 |  820스텝 | 배송 62/62 | 재적재 11 | 중계율 0.07 | alpha 2.510 | complete
Ep 969 | 드론6 목적지55 |  692스텝 | 배송 55/55 | 재적재 10 | 중계율 0.05 | alpha 2.506 | complete
Ep 970 | 드론5 목적지46 |  456스텝 | 배송 46/46 | 재적재  7 | 중계율 0.03 | alpha 2.483 | complete
Ep 971 | 드론5 목적지34 | 1000스텝 | 배송 33/34 | 재적재  4 | 중계율 0.12 | alpha 2.482 | step_limit
Ep 972 | 드론3 목적지78 | 1000스텝 | 배송 55/78 | 재적재 10 | 중계율 0.06 | alpha 2.532 | step_limit
Ep 973 | 드론4 목적지78 |  825스텝 | 배송 78/78 | 재적재 14 | 중계율 0.05 | alpha 2.525 | complete
Ep 974 | 드론4 목적지60 | 1000스텝 | 배송 54/60 | 재적재  9 | 중계율 0.07 | alpha 2.499 | step_limit
Ep 975 | 드론6 목적지52 |  655스텝 | 배송 52/52 | 재적재  7 | 중계율 0.08 | alpha 2.488 | complete
Ep 976 | 드론5 목적지53 |  594스텝 | 배송 53/53 | 재적재  8 | 중계율 0.07 | alpha 2.506 | complete
Ep 977 | 드론6 목적지30 |  311스텝 | 배송 30/30 | 재적재  3 | 중계율 0.01 | alpha 2.519 | complete
Ep 978 | 드론6 목적지45 |  508스텝 | 배송 45/45 | 재적재  6 | 중계율 0.06 | alpha 2.522 | complete
Ep 979 | 드론6 목적지34 |  642스텝 | 배송 34/34 | 재적재  4 | 중계율 0.08 | alpha 2.524 | complete
Ep 980 | 드론3 목적지55 | 1000스텝 | 배송 41/55 | 재적재  7 | 중계율 0.11 | alpha 2.546 | step_limit
Ep 981 | 드론5 목적지49 | 1000스텝 | 배송 47/49 | 재적재  8 | 중계율 0.08 | alpha 2.517 | step_limit
Ep 982 | 드론3 목적지26 |  682스텝 | 배송 26/26 | 재적재  4 | 중계율 0.07 | alpha 2.554 | complete
Ep 983 | 드론6 목적지39 |  665스텝 | 배송 39/39 | 재적재  5 | 중계율 0.07 | alpha 2.565 | complete
Ep 984 | 드론6 목적지20 |  708스텝 | 배송 20/20 | 재적재  1 | 중계율 0.09 | alpha 2.565 | complete
Ep 985 | 드론6 목적지29 |  389스텝 | 배송 29/29 | 재적재  3 | 중계율 0.11 | alpha 2.530 | complete
Ep 986 | 드론5 목적지59 |  884스텝 | 배송 59/59 | 재적재 11 | 중계율 0.09 | alpha 2.513 | complete
Ep 987 | 드론3 목적지74 | 1000스텝 | 배송 63/74 | 재적재 11 | 중계율 0.09 | alpha 2.541 | step_limit
Ep 988 | 드론5 목적지70 |  791스텝 | 배송 70/70 | 재적재 12 | 중계율 0.05 | alpha 2.572 | complete
Ep 989 | 드론6 목적지34 |  411스텝 | 배송 34/34 | 재적재  4 | 중계율 0.04 | alpha 2.574 | complete
Ep 990 | 드론5 목적지28 |  675스텝 | 배송 28/28 | 재적재  3 | 중계율 0.08 | alpha 2.593 | complete
Ep 991 | 드론5 목적지76 | 1000스텝 | 배송 72/76 | 재적재 14 | 중계율 0.09 | alpha 2.560 | step_limit
Ep 992 | 드론4 목적지40 | 1000스텝 | 배송 39/40 | 재적재  7 | 중계율 0.09 | alpha 2.559 | step_limit
Ep 993 | 드론6 목적지61 |  588스텝 | 배송 61/61 | 재적재  9 | 중계율 0.03 | alpha 2.540 | complete
Ep 994 | 드론4 목적지49 | 1000스텝 | 배송 45/49 | 재적재  8 | 중계율 0.13 | alpha 2.536 | step_limit
Ep 995 | 드론6 목적지33 |  415스텝 | 배송 33/33 | 재적재  4 | 중계율 0.05 | alpha 2.509 | complete
Ep 996 | 드론3 목적지23 |  644스텝 | 배송 23/23 | 재적재  4 | 중계율 0.15 | alpha 2.523 | complete
Ep 997 | 드론6 목적지46 |  509스텝 | 배송 46/46 | 재적재  8 | 중계율 0.06 | alpha 2.524 | complete
Ep 998 | 드론6 목적지53 |  549스텝 | 배송 53/53 | 재적재  8 | 중계율 0.06 | alpha 2.540 | complete
Ep 999 | 드론4 목적지52 | 1000스텝 | 배송 51/52 | 재적재  8 | 중계율 0.09 | alpha 2.562 | step_limit
Ep 1000 | 드론4 목적지78 | 1000스텝 | 배송 70/78 | 재적재 12 | 중계율 0.06 | alpha 2.584 | step_limit
  [홀드아웃] 배송 49.4±1.9 완주 0.92 스텝 1333 점수 97.2 재적재 8.3 2홉+ 0.63 | 최고 106.2@ep400 정체 12/15
Ep 1001 | 드론4 목적지65 | 1000스텝 | 배송 56/65 | 재적재  9 | 중계율 0.10 | alpha 2.571 | step_limit
Ep 1002 | 드론3 목적지51 | 1000스텝 | 배송 44/51 | 재적재  7 | 중계율 0.05 | alpha 2.561 | step_limit
Ep 1003 | 드론5 목적지23 |  435스텝 | 배송 23/23 | 재적재  2 | 중계율 0.05 | alpha 2.550 | complete
Ep 1004 | 드론3 목적지73 | 1000스텝 | 배송 60/73 | 재적재 12 | 중계율 0.06 | alpha 2.545 | step_limit
Ep 1005 | 드론3 목적지31 | 1000스텝 | 배송 29/31 | 재적재  5 | 중계율 0.12 | alpha 2.533 | step_limit
Ep 1006 | 드론3 목적지54 | 1000스텝 | 배송 49/54 | 재적재  9 | 중계율 0.10 | alpha 2.551 | step_limit
Ep 1007 | 드론3 목적지61 | 1000스텝 | 배송 56/61 | 재적재 10 | 중계율 0.07 | alpha 2.574 | step_limit
Ep 1008 | 드론4 목적지56 | 1000스텝 | 배송 47/56 | 재적재  9 | 중계율 0.13 | alpha 2.592 | step_limit
Ep 1009 | 드론4 목적지65 | 1000스텝 | 배송 61/65 | 재적재 10 | 중계율 0.10 | alpha 2.609 | step_limit
Ep 1010 | 드론4 목적지64 | 1000스텝 | 배송 56/64 | 재적재  9 | 중계율 0.07 | alpha 2.634 | step_limit
Ep 1011 | 드론4 목적지48 |  650스텝 | 배송 48/48 | 재적재  9 | 중계율 0.05 | alpha 2.614 | complete
Ep 1012 | 드론5 목적지77 |  940스텝 | 배송 77/77 | 재적재 14 | 중계율 0.03 | alpha 2.608 | complete
Ep 1013 | 드론6 목적지30 |  343스텝 | 배송 30/30 | 재적재  4 | 중계율 0.03 | alpha 2.588 | complete
Ep 1014 | 드론6 목적지73 |  750스텝 | 배송 73/73 | 재적재 13 | 중계율 0.03 | alpha 2.572 | complete
Ep 1015 | 드론6 목적지80 |  781스텝 | 배송 80/80 | 재적재 14 | 중계율 0.03 | alpha 2.557 | complete
Ep 1016 | 드론4 목적지35 |  753스텝 | 배송 35/35 | 재적재  5 | 중계율 0.09 | alpha 2.581 | complete
Ep 1017 | 드론4 목적지52 |  709스텝 | 배송 52/52 | 재적재  9 | 중계율 0.05 | alpha 2.572 | complete
Ep 1018 | 드론6 목적지25 |  388스텝 | 배송 25/25 | 재적재  3 | 중계율 0.04 | alpha 2.544 | complete
Ep 1019 | 드론5 목적지59 |  553스텝 | 배송 59/59 | 재적재 10 | 중계율 0.05 | alpha 2.565 | complete
Ep 1020 | 드론3 목적지57 | 1000스텝 | 배송 52/57 | 재적재  9 | 중계율 0.09 | alpha 2.590 | step_limit
Ep 1021 | 드론3 목적지78 | 1000스텝 | 배송 59/78 | 재적재 11 | 중계율 0.09 | alpha 2.592 | step_limit
Ep 1022 | 드론3 목적지68 | 1000스텝 | 배송 54/68 | 재적재 10 | 중계율 0.08 | alpha 2.605 | step_limit
Ep 1023 | 드론3 목적지33 | 1000스텝 | 배송 31/33 | 재적재  5 | 중계율 0.10 | alpha 2.636 | step_limit
Ep 1024 | 드론3 목적지77 | 1000스텝 | 배송 58/77 | 재적재 11 | 중계율 0.10 | alpha 2.608 | step_limit
Ep 1025 | 드론6 목적지23 |  323스텝 | 배송 23/23 | 재적재  1 | 중계율 0.05 | alpha 2.601 | complete
Ep 1026 | 드론5 목적지21 |  310스텝 | 배송 21/21 | 재적재  1 | 중계율 0.02 | alpha 2.599 | complete
Ep 1027 | 드론3 목적지35 | 1000스텝 | 배송 34/35 | 재적재  6 | 중계율 0.09 | alpha 2.603 | step_limit
Ep 1028 | 드론5 목적지41 |  537스텝 | 배송 41/41 | 재적재  7 | 중계율 0.07 | alpha 2.574 | complete
Ep 1029 | 드론5 목적지21 |  480스텝 | 배송 21/21 | 재적재  0 | 중계율 0.07 | alpha 2.556 | complete
Ep 1030 | 드론4 목적지54 | 1000스텝 | 배송 53/54 | 재적재  9 | 중계율 0.07 | alpha 2.577 | step_limit
Ep 1031 | 드론4 목적지72 | 1000스텝 | 배송 65/72 | 재적재 11 | 중계율 0.07 | alpha 2.604 | step_limit
Ep 1032 | 드론5 목적지48 |  616스텝 | 배송 48/48 | 재적재  7 | 중계율 0.07 | alpha 2.592 | complete
Ep 1033 | 드론3 목적지32 |  989스텝 | 배송 32/32 | 재적재  6 | 중계율 0.08 | alpha 2.583 | complete
Ep 1034 | 드론4 목적지21 |  753스텝 | 배송 21/21 | 재적재  2 | 중계율 0.05 | alpha 2.574 | complete
Ep 1035 | 드론3 목적지57 | 1000스텝 | 배송 49/57 | 재적재  8 | 중계율 0.10 | alpha 2.587 | step_limit
Ep 1036 | 드론4 목적지56 | 1000스텝 | 배송 51/56 | 재적재  9 | 중계율 0.08 | alpha 2.618 | step_limit
Ep 1037 | 드론4 목적지53 | 1000스텝 | 배송 45/53 | 재적재  8 | 중계율 0.11 | alpha 2.618 | step_limit
Ep 1038 | 드론5 목적지29 |  434스텝 | 배송 29/29 | 재적재  4 | 중계율 0.03 | alpha 2.619 | complete
Ep 1039 | 드론3 목적지45 |  998스텝 | 배송 45/45 | 재적재  8 | 중계율 0.07 | alpha 2.598 | complete
Ep 1040 | 드론3 목적지23 |  676스텝 | 배송 23/23 | 재적재  3 | 중계율 0.11 | alpha 2.622 | complete
Ep 1041 | 드론6 목적지20 |  171스텝 | 배송 20/20 | 재적재  0 | 중계율 0.04 | alpha 2.628 | complete
Ep 1042 | 드론4 목적지71 | 1000스텝 | 배송 58/71 | 재적재 10 | 중계율 0.09 | alpha 2.634 | step_limit
Ep 1043 | 드론4 목적지36 | 1000스텝 | 배송 34/36 | 재적재  5 | 중계율 0.11 | alpha 2.649 | step_limit
Ep 1044 | 드론4 목적지46 |  713스텝 | 배송 46/46 | 재적재  8 | 중계율 0.05 | alpha 2.628 | complete
Ep 1045 | 드론3 목적지65 | 1000스텝 | 배송 47/65 | 재적재  9 | 중계율 0.08 | alpha 2.633 | step_limit
Ep 1046 | 드론5 목적지53 |  712스텝 | 배송 53/53 | 재적재  9 | 중계율 0.07 | alpha 2.642 | complete
Ep 1047 | 드론5 목적지77 | 1000스텝 | 배송 75/77 | 재적재 13 | 중계율 0.05 | alpha 2.673 | step_limit
Ep 1048 | 드론6 목적지54 |  620스텝 | 배송 54/54 | 재적재  9 | 중계율 0.05 | alpha 2.676 | complete
Ep 1049 | 드론3 목적지75 | 1000스텝 | 배송 64/75 | 재적재 11 | 중계율 0.07 | alpha 2.698 | step_limit
Ep 1050 | 드론5 목적지66 |  942스텝 | 배송 66/66 | 재적재 12 | 중계율 0.07 | alpha 2.685 | complete
  [홀드아웃] 배송 50.0±0.0 완주 1.00 스텝 1269 점수 105.8 재적재 8.9 2홉+ 0.62 | 최고 106.2@ep400 정체 13/15
Ep 1051 | 드론4 목적지46 | 1000스텝 | 배송 43/46 | 재적재  8 | 중계율 0.09 | alpha 2.681 | step_limit
Ep 1052 | 드론6 목적지64 |  627스텝 | 배송 64/64 | 재적재  9 | 중계율 0.07 | alpha 2.678 | complete
Ep 1053 | 드론6 목적지77 |  879스텝 | 배송 77/77 | 재적재 13 | 중계율 0.06 | alpha 2.648 | complete
Ep 1054 | 드론4 목적지50 |  812스텝 | 배송 50/50 | 재적재  8 | 중계율 0.08 | alpha 2.622 | complete
Ep 1055 | 드론3 목적지33 | 1000스텝 | 배송 31/33 | 재적재  5 | 중계율 0.07 | alpha 2.648 | step_limit
Ep 1056 | 드론5 목적지55 |  617스텝 | 배송 55/55 | 재적재  9 | 중계율 0.04 | alpha 2.666 | complete
Ep 1057 | 드론6 목적지78 |  891스텝 | 배송 78/78 | 재적재 14 | 중계율 0.06 | alpha 2.692 | complete
Ep 1058 | 드론3 목적지74 | 1000스텝 | 배송 64/74 | 재적재 12 | 중계율 0.06 | alpha 2.651 | step_limit
Ep 1059 | 드론5 목적지76 |  802스텝 | 배송 76/76 | 재적재 14 | 중계율 0.05 | alpha 2.658 | complete
Ep 1060 | 드론4 목적지56 | 1000스텝 | 배송 51/56 | 재적재  9 | 중계율 0.09 | alpha 2.651 | step_limit
Ep 1061 | 드론6 목적지46 |  620스텝 | 배송 46/46 | 재적재  7 | 중계율 0.06 | alpha 2.650 | complete
Ep 1062 | 드론6 목적지55 |  472스텝 | 배송 55/55 | 재적재  9 | 중계율 0.05 | alpha 2.647 | complete
Ep 1063 | 드론5 목적지54 | 1000스텝 | 배송 53/54 | 재적재  9 | 중계율 0.06 | alpha 2.629 | step_limit
Ep 1064 | 드론3 목적지76 | 1000스텝 | 배송 63/76 | 재적재 11 | 중계율 0.13 | alpha 2.627 | step_limit
Ep 1065 | 드론4 목적지23 |  453스텝 | 배송 23/23 | 재적재  2 | 중계율 0.08 | alpha 2.616 | complete
Ep 1066 | 드론3 목적지37 |  951스텝 | 배송 37/37 | 재적재  6 | 중계율 0.06 | alpha 2.637 | complete
Ep 1067 | 드론3 목적지76 | 1000스텝 | 배송 65/76 | 재적재 11 | 중계율 0.06 | alpha 2.664 | step_limit
Ep 1068 | 드론6 목적지77 |  708스텝 | 배송 77/77 | 재적재 13 | 중계율 0.05 | alpha 2.644 | complete
Ep 1069 | 드론5 목적지56 |  835스텝 | 배송 56/56 | 재적재  8 | 중계율 0.06 | alpha 2.616 | complete
Ep 1070 | 드론6 목적지39 |  362스텝 | 배송 39/39 | 재적재  6 | 중계율 0.03 | alpha 2.602 | complete
Ep 1071 | 드론5 목적지26 |  606스텝 | 배송 26/26 | 재적재  4 | 중계율 0.09 | alpha 2.588 | complete
Ep 1072 | 드론6 목적지62 |  611스텝 | 배송 62/62 | 재적재  9 | 중계율 0.04 | alpha 2.568 | complete
Ep 1073 | 드론3 목적지44 | 1000스텝 | 배송 36/44 | 재적재  7 | 중계율 0.09 | alpha 2.572 | step_limit
Ep 1074 | 드론4 목적지71 |  919스텝 | 배송 71/71 | 재적재 12 | 중계율 0.04 | alpha 2.599 | complete
Ep 1075 | 드론5 목적지36 |  671스텝 | 배송 36/36 | 재적재  5 | 중계율 0.11 | alpha 2.621 | complete
Ep 1076 | 드론3 목적지53 | 1000스텝 | 배송 50/53 | 재적재  9 | 중계율 0.05 | alpha 2.668 | step_limit
Ep 1077 | 드론3 목적지47 | 1000스텝 | 배송 44/47 | 재적재  8 | 중계율 0.05 | alpha 2.641 | step_limit
Ep 1078 | 드론5 목적지54 |  789스텝 | 배송 54/54 | 재적재  9 | 중계율 0.03 | alpha 2.651 | complete
Ep 1079 | 드론6 목적지48 |  580스텝 | 배송 48/48 | 재적재  7 | 중계율 0.05 | alpha 2.649 | complete
Ep 1080 | 드론6 목적지54 |  482스텝 | 배송 54/54 | 재적재  9 | 중계율 0.03 | alpha 2.641 | complete
Ep 1081 | 드론5 목적지28 |  336스텝 | 배송 28/28 | 재적재  3 | 중계율 0.01 | alpha 2.665 | complete
Ep 1082 | 드론4 목적지37 |  631스텝 | 배송 37/37 | 재적재  6 | 중계율 0.03 | alpha 2.698 | complete
Ep 1083 | 드론3 목적지25 |  781스텝 | 배송 25/25 | 재적재  4 | 중계율 0.07 | alpha 2.681 | complete
Ep 1084 | 드론6 목적지31 |  374스텝 | 배송 31/31 | 재적재  5 | 중계율 0.01 | alpha 2.681 | complete
Ep 1085 | 드론6 목적지46 |  521스텝 | 배송 46/46 | 재적재  8 | 중계율 0.06 | alpha 2.694 | complete
Ep 1086 | 드론4 목적지30 |  621스텝 | 배송 30/30 | 재적재  4 | 중계율 0.07 | alpha 2.687 | complete
Ep 1087 | 드론6 목적지20 |  338스텝 | 배송 20/20 | 재적재  2 | 중계율 0.11 | alpha 2.690 | complete
Ep 1088 | 드론3 목적지55 | 1000스텝 | 배송 38/55 | 재적재  6 | 중계율 0.12 | alpha 2.663 | step_limit
Ep 1089 | 드론5 목적지45 |  732스텝 | 배송 45/45 | 재적재  7 | 중계율 0.04 | alpha 2.672 | complete
Ep 1090 | 드론5 목적지23 |  440스텝 | 배송 23/23 | 재적재  3 | 중계율 0.02 | alpha 2.664 | complete
Ep 1091 | 드론3 목적지25 |  608스텝 | 배송 25/25 | 재적재  4 | 중계율 0.04 | alpha 2.655 | complete
Ep 1092 | 드론4 목적지46 | 1000스텝 | 배송 44/46 | 재적재  8 | 중계율 0.05 | alpha 2.617 | step_limit
Ep 1093 | 드론5 목적지61 |  932스텝 | 배송 61/61 | 재적재 11 | 중계율 0.07 | alpha 2.647 | complete
Ep 1094 | 드론5 목적지63 |  837스텝 | 배송 63/63 | 재적재 10 | 중계율 0.06 | alpha 2.664 | complete
Ep 1095 | 드론3 목적지27 | 1000스텝 | 배송 25/27 | 재적재  4 | 중계율 0.09 | alpha 2.689 | step_limit
Ep 1096 | 드론3 목적지72 | 1000스텝 | 배송 47/72 | 재적재  7 | 중계율 0.06 | alpha 2.675 | step_limit
Ep 1097 | 드론5 목적지45 |  807스텝 | 배송 45/45 | 재적재  8 | 중계율 0.09 | alpha 2.657 | complete
Ep 1098 | 드론6 목적지30 |  457스텝 | 배송 30/30 | 재적재  4 | 중계율 0.08 | alpha 2.649 | complete
Ep 1099 | 드론5 목적지74 |  911스텝 | 배송 74/74 | 재적재 12 | 중계율 0.07 | alpha 2.663 | complete
Ep 1100 | 드론4 목적지37 |  887스텝 | 배송 37/37 | 재적재  6 | 중계율 0.06 | alpha 2.687 | complete
  [홀드아웃] 배송 49.7±1.1 완주 0.92 스텝 1373 점수 97.1 재적재 8.5 2홉+ 0.66 | 최고 106.2@ep400 정체 14/15
Ep 1101 | 드론5 목적지34 | 1000스텝 | 배송 32/34 | 재적재  5 | 중계율 0.06 | alpha 2.726 | step_limit
Ep 1102 | 드론4 목적지40 |  807스텝 | 배송 40/40 | 재적재  7 | 중계율 0.09 | alpha 2.710 | complete
Ep 1103 | 드론6 목적지64 |  700스텝 | 배송 64/64 | 재적재 11 | 중계율 0.07 | alpha 2.691 | complete
Ep 1104 | 드론6 목적지35 |  433스텝 | 배송 35/35 | 재적재  4 | 중계율 0.02 | alpha 2.686 | complete
Ep 1105 | 드론3 목적지57 | 1000스텝 | 배송 47/57 | 재적재  8 | 중계율 0.06 | alpha 2.668 | step_limit
Ep 1106 | 드론5 목적지71 |  759스텝 | 배송 71/71 | 재적재 12 | 중계율 0.04 | alpha 2.664 | complete
Ep 1107 | 드론6 목적지71 |  685스텝 | 배송 71/71 | 재적재 12 | 중계율 0.04 | alpha 2.698 | complete
Ep 1108 | 드론5 목적지48 |  721스텝 | 배송 48/48 | 재적재  8 | 중계율 0.03 | alpha 2.666 | complete
Ep 1109 | 드론4 목적지55 | 1000스텝 | 배송 53/55 | 재적재 10 | 중계율 0.06 | alpha 2.679 | step_limit
Ep 1110 | 드론4 목적지34 |  751스텝 | 배송 34/34 | 재적재  5 | 중계율 0.08 | alpha 2.702 | complete
Ep 1111 | 드론6 목적지61 | 1000스텝 | 배송 60/61 | 재적재 10 | 중계율 0.06 | alpha 2.695 | step_limit
Ep 1112 | 드론5 목적지34 |  518스텝 | 배송 34/34 | 재적재  4 | 중계율 0.12 | alpha 2.672 | complete
Ep 1113 | 드론5 목적지45 |  682스텝 | 배송 45/45 | 재적재  6 | 중계율 0.03 | alpha 2.657 | complete
Ep 1114 | 드론3 목적지76 | 1000스텝 | 배송 63/76 | 재적재 11 | 중계율 0.13 | alpha 2.672 | step_limit
Ep 1115 | 드론3 목적지29 |  729스텝 | 배송 29/29 | 재적재  4 | 중계율 0.08 | alpha 2.656 | complete
Ep 1116 | 드론3 목적지80 | 1000스텝 | 배송 61/80 | 재적재 11 | 중계율 0.06 | alpha 2.643 | step_limit
Ep 1117 | 드론3 목적지48 |  996스텝 | 배송 48/48 | 재적재  8 | 중계율 0.06 | alpha 2.655 | complete
Ep 1118 | 드론5 목적지80 | 1000스텝 | 배송 76/80 | 재적재 12 | 중계율 0.05 | alpha 2.675 | step_limit
Ep 1119 | 드론6 목적지54 |  792스텝 | 배송 54/54 | 재적재  9 | 중계율 0.08 | alpha 2.696 | complete
Ep 1120 | 드론4 목적지57 | 1000스텝 | 배송 54/57 | 재적재  9 | 중계율 0.11 | alpha 2.722 | step_limit
Ep 1121 | 드론5 목적지43 |  825스텝 | 배송 43/43 | 재적재  6 | 중계율 0.08 | alpha 2.714 | complete
Ep 1122 | 드론3 목적지56 | 1000스텝 | 배송 49/56 | 재적재  9 | 중계율 0.09 | alpha 2.741 | step_limit
Ep 1123 | 드론6 목적지57 |  578스텝 | 배송 57/57 | 재적재  9 | 중계율 0.05 | alpha 2.733 | complete
Ep 1124 | 드론5 목적지77 |  976스텝 | 배송 77/77 | 재적재 13 | 중계율 0.04 | alpha 2.743 | complete
Ep 1125 | 드론3 목적지30 |  802스텝 | 배송 30/30 | 재적재  5 | 중계율 0.12 | alpha 2.758 | complete
Ep 1126 | 드론4 목적지48 |  784스텝 | 배송 48/48 | 재적재  8 | 중계율 0.06 | alpha 2.743 | complete
Ep 1127 | 드론5 목적지45 |  553스텝 | 배송 45/45 | 재적재  7 | 중계율 0.05 | alpha 2.732 | complete
Ep 1128 | 드론4 목적지54 | 1000스텝 | 배송 46/54 | 재적재  8 | 중계율 0.12 | alpha 2.733 | step_limit
Ep 1129 | 드론4 목적지52 |  827스텝 | 배송 52/52 | 재적재  7 | 중계율 0.07 | alpha 2.716 | complete
Ep 1130 | 드론4 목적지42 |  958스텝 | 배송 42/42 | 재적재  7 | 중계율 0.08 | alpha 2.705 | complete
Ep 1131 | 드론5 목적지68 |  904스텝 | 배송 68/68 | 재적재 12 | 중계율 0.07 | alpha 2.704 | complete
Ep 1132 | 드론4 목적지65 | 1000스텝 | 배송 63/65 | 재적재 11 | 중계율 0.06 | alpha 2.716 | step_limit
Ep 1133 | 드론4 목적지32 |  635스텝 | 배송 32/32 | 재적재  4 | 중계율 0.03 | alpha 2.731 | complete
Ep 1134 | 드론6 목적지76 |  807스텝 | 배송 76/76 | 재적재 11 | 중계율 0.10 | alpha 2.733 | complete
Ep 1135 | 드론6 목적지79 |  579스텝 | 배송 79/79 | 재적재 12 | 중계율 0.01 | alpha 2.709 | complete
Ep 1136 | 드론5 목적지22 |  392스텝 | 배송 22/22 | 재적재  3 | 중계율 0.04 | alpha 2.696 | complete
Ep 1137 | 드론6 목적지74 |  925스텝 | 배송 74/74 | 재적재 13 | 중계율 0.06 | alpha 2.662 | complete
Ep 1138 | 드론3 목적지38 | 1000스텝 | 배송 31/38 | 재적재  5 | 중계율 0.10 | alpha 2.683 | step_limit
Ep 1139 | 드론5 목적지31 |  504스텝 | 배송 31/31 | 재적재  4 | 중계율 0.09 | alpha 2.684 | complete
Ep 1140 | 드론4 목적지47 |  853스텝 | 배송 47/47 | 재적재  8 | 중계율 0.06 | alpha 2.704 | complete
Ep 1141 | 드론4 목적지37 |  767스텝 | 배송 37/37 | 재적재  6 | 중계율 0.06 | alpha 2.729 | complete
Ep 1142 | 드론4 목적지53 | 1000스텝 | 배송 50/53 | 재적재  8 | 중계율 0.10 | alpha 2.730 | step_limit
Ep 1143 | 드론3 목적지48 | 1000스텝 | 배송 43/48 | 재적재  8 | 중계율 0.09 | alpha 2.752 | step_limit
Ep 1144 | 드론4 목적지70 | 1000스텝 | 배송 61/70 | 재적재 10 | 중계율 0.09 | alpha 2.779 | step_limit
Ep 1145 | 드론6 목적지48 |  449스텝 | 배송 48/48 | 재적재  6 | 중계율 0.02 | alpha 2.768 | complete
Ep 1146 | 드론4 목적지45 | 1000스텝 | 배송 42/45 | 재적재  7 | 중계율 0.07 | alpha 2.724 | step_limit
Ep 1147 | 드론6 목적지49 |  576스텝 | 배송 49/49 | 재적재  8 | 중계율 0.05 | alpha 2.736 | complete
Ep 1148 | 드론5 목적지22 |  311스텝 | 배송 22/22 | 재적재  1 | 중계율 0.05 | alpha 2.746 | complete
Ep 1149 | 드론4 목적지44 |  704스텝 | 배송 44/44 | 재적재  7 | 중계율 0.04 | alpha 2.726 | complete
Ep 1150 | 드론5 목적지51 |  795스텝 | 배송 51/51 | 재적재  7 | 중계율 0.07 | alpha 2.740 | complete
  [홀드아웃] 배송 49.2±2.8 완주 0.92 스텝 1212 점수 97.6 재적재 8.2 2홉+ 0.64 | 최고 106.2@ep400 정체 15/15

조기 종료. 최고 106.2@ep400
Training finished. best=106.2 @ ep400
