/home/kopt/enter/envs/wsl_neuroMCTS/lib/python3.10/site-packages/pygame/pkgdata.py:25: UserWarning: pkg_resources is deprecated as an API. See https://setuptools.pypa.io/en/latest/pkg_resources.html. The pkg_resources package is slated for removal as early as 2025-11-30. Refrain from using this package or pin to Setuptools<81.
  from pkg_resources import resource_stream, resource_exists
pygame 2.6.1 (SDL 2.28.4, Python 3.10.19)
Hello from the pygame community. https://www.pygame.org/contribute.html
집합 상위 학습 | 반경 300 상한 1000 무배송 500 gamma 0.997 구성=무작위 드론[3, 6] 목적지[20, 80] CC무작위 인스턴스=무작위 목표유지=off 완주보상=0.0 잔여페널티=0.1 규칙관측=True 홀드아웃상한=3000 선택=makespan
/home/kopt/drone/proposed_src/pipeline/train_v5_26_09_15_23.py:311: UserWarning: Converting a tensor with requires_grad=True to a scalar may lead to unexpected behavior.
Consider using tensor.detach() first. (Triggered internally at /pytorch/torch/csrc/autograd/generated/python_variable_methods.cpp:836.)
  writer.add_scalar("train/alpha", float(log_alpha.exp()), ep)
Ep 1 | 드론5 목적지43 | 1000스텝 | 배송 42/43 | 재적재  7 | 중계율 0.23 | alpha 0.100 | step_limit
Ep 2 | 드론4 목적지74 | 1000스텝 | 배송 67/74 | 재적재 12 | 중계율 0.15 | alpha 0.100 | step_limit
Ep 3 | 드론5 목적지43 | 1000스텝 | 배송 41/43 | 재적재  6 | 중계율 0.13 | alpha 0.100 | step_limit
Ep 4 | 드론4 목적지23 | 1000스텝 | 배송 17/23 | 재적재  1 | 중계율 0.17 | alpha 0.100 | step_limit
Ep 5 | 드론4 목적지31 | 1000스텝 | 배송 27/31 | 재적재  4 | 중계율 0.06 | alpha 0.100 | step_limit
Ep 6 | 드론3 목적지68 | 1000스텝 | 배송 47/68 | 재적재  8 | 중계율 0.09 | alpha 0.110 | step_limit
Ep 7 | 드론6 목적지44 |  396스텝 | 배송 44/44 | 재적재  5 | 중계율 0.11 | alpha 0.115 | complete
Ep 8 | 드론6 목적지30 |  307스텝 | 배송 30/30 | 재적재  3 | 중계율 0.17 | alpha 0.119 | complete
Ep 9 | 드론6 목적지42 |  583스텝 | 배송 42/42 | 재적재  4 | 중계율 0.12 | alpha 0.126 | complete
Ep 10 | 드론6 목적지47 |  398스텝 | 배송 47/47 | 재적재  6 | 중계율 0.03 | alpha 0.130 | complete
Ep 11 | 드론5 목적지21 |  358스텝 | 배송 21/21 | 재적재  3 | 중계율 0.11 | alpha 0.135 | complete
Ep 12 | 드론3 목적지37 |  735스텝 | 배송 25/37 | 재적재  3 | 중계율 0.12 | alpha 0.144 | no_progress
Ep 13 | 드론6 목적지28 |  285스텝 | 배송 28/28 | 재적재  2 | 중계율 0.09 | alpha 0.148 | complete
Ep 14 | 드론3 목적지41 |  649스텝 | 배송 15/41 | 재적재  1 | 중계율 0.16 | alpha 0.156 | no_progress
Ep 15 | 드론3 목적지66 |  555스텝 | 배송 10/66 | 재적재  0 | 중계율 0.00 | alpha 0.164 | no_progress
Ep 16 | 드론4 목적지71 |  775스텝 | 배송 33/71 | 재적재  5 | 중계율 0.10 | alpha 0.175 | no_progress
Ep 17 | 드론4 목적지24 |  725스텝 | 배송 18/24 | 재적재  1 | 중계율 0.27 | alpha 0.186 | no_progress
Ep 18 | 드론5 목적지49 |  679스텝 | 배송 49/49 | 재적재  7 | 중계율 0.13 | alpha 0.196 | complete
Ep 19 | 드론6 목적지34 |  367스텝 | 배송 34/34 | 재적재  5 | 중계율 0.08 | alpha 0.201 | complete
Ep 20 | 드론3 목적지48 | 1000스텝 | 배송 27/48 | 재적재  4 | 중계율 0.06 | alpha 0.217 | step_limit
Ep 21 | 드론4 목적지63 |  862스텝 | 배송 30/63 | 재적재  5 | 중계율 0.05 | alpha 0.231 | no_progress
Ep 22 | 드론6 목적지46 |  452스텝 | 배송 46/46 | 재적재  6 | 중계율 0.09 | alpha 0.239 | complete
Ep 23 | 드론3 목적지44 | 1000스텝 | 배송 38/44 | 재적재  6 | 중계율 0.10 | alpha 0.256 | step_limit
Ep 24 | 드론5 목적지41 |  626스텝 | 배송 41/41 | 재적재  6 | 중계율 0.08 | alpha 0.268 | complete
Ep 25 | 드론5 목적지38 |  376스텝 | 배송 38/38 | 재적재  5 | 중계율 0.10 | alpha 0.275 | complete
Ep 26 | 드론5 목적지77 | 1000스텝 | 배송 71/77 | 재적재 12 | 중계율 0.14 | alpha 0.295 | step_limit
Ep 27 | 드론3 목적지41 |  966스텝 | 배송 25/41 | 재적재  4 | 중계율 0.10 | alpha 0.316 | no_progress
Ep 28 | 드론5 목적지52 | 1000스텝 | 배송 47/52 | 재적재  8 | 중계율 0.06 | alpha 0.339 | step_limit
Ep 29 | 드론5 목적지72 | 1000스텝 | 배송 35/72 | 재적재  7 | 중계율 0.07 | alpha 0.365 | step_limit
Ep 30 | 드론5 목적지61 | 1000스텝 | 배송 45/61 | 재적재  7 | 중계율 0.10 | alpha 0.392 | step_limit
Ep 31 | 드론5 목적지45 | 1000스텝 | 배송 40/45 | 재적재  6 | 중계율 0.10 | alpha 0.422 | step_limit
Ep 32 | 드론3 목적지68 | 1000스텝 | 배송 46/68 | 재적재  8 | 중계율 0.15 | alpha 0.455 | step_limit
Ep 33 | 드론3 목적지35 |  596스텝 | 배송 35/35 | 재적재  5 | 중계율 0.14 | alpha 0.476 | complete
Ep 34 | 드론3 목적지24 |  477스텝 | 배송 24/24 | 재적재  3 | 중계율 0.10 | alpha 0.493 | complete
Ep 35 | 드론3 목적지58 | 1000스텝 | 배송 47/58 | 재적재  9 | 중계율 0.17 | alpha 0.532 | step_limit
Ep 36 | 드론4 목적지64 | 1000스텝 | 배송 52/64 | 재적재  9 | 중계율 0.11 | alpha 0.572 | step_limit
Ep 37 | 드론6 목적지58 |  945스텝 | 배송 58/58 | 재적재  8 | 중계율 0.09 | alpha 0.612 | complete
Ep 38 | 드론3 목적지77 | 1000스텝 | 배송 45/77 | 재적재  7 | 중계율 0.15 | alpha 0.657 | step_limit
Ep 39 | 드론3 목적지28 |  765스텝 | 배송 28/28 | 재적재  4 | 중계율 0.12 | alpha 0.694 | complete
Ep 40 | 드론3 목적지37 | 1000스텝 | 배송 33/37 | 재적재  4 | 중계율 0.11 | alpha 0.744 | step_limit
Ep 41 | 드론5 목적지59 |  856스텝 | 배송 59/59 | 재적재 10 | 중계율 0.14 | alpha 0.789 | complete
Ep 42 | 드론6 목적지58 |  708스텝 | 배송 58/58 | 재적재  9 | 중계율 0.07 | alpha 0.827 | complete
Ep 43 | 드론6 목적지20 |  275스텝 | 배송 20/20 | 재적재  1 | 중계율 0.02 | alpha 0.842 | complete
Ep 44 | 드론6 목적지30 |  443스텝 | 배송 30/30 | 재적재  3 | 중계율 0.04 | alpha 0.865 | complete
Ep 45 | 드론6 목적지39 |  630스텝 | 배송 39/39 | 재적재  5 | 중계율 0.06 | alpha 0.898 | complete
Ep 46 | 드론6 목적지32 |  433스텝 | 배송 32/32 | 재적재  4 | 중계율 0.09 | alpha 0.919 | complete
Ep 47 | 드론5 목적지35 |  642스텝 | 배송 35/35 | 재적재  6 | 중계율 0.18 | alpha 0.948 | complete
Ep 48 | 드론5 목적지39 | 1000스텝 | 배송 38/39 | 재적재  5 | 중계율 0.15 | alpha 0.991 | step_limit
Ep 49 | 드론5 목적지47 | 1000스텝 | 배송 44/47 | 재적재  7 | 중계율 0.15 | alpha 1.026 | step_limit
Ep 50 | 드론4 목적지72 | 1000스텝 | 배송 58/72 | 재적재 10 | 중계율 0.21 | alpha 1.057 | step_limit
  [홀드아웃] 배송 48.2±4.1 완주 0.67 스텝 1607 점수 71.3 재적재 7.8 2홉+ 0.66 | 최고 71.3@ep50 정체 0/15  ← 갱신
Ep 51 | 드론4 목적지71 | 1000스텝 | 배송 67/71 | 재적재 12 | 중계율 0.15 | alpha 1.088 | step_limit
Ep 52 | 드론4 목적지45 |  645스텝 | 배송 45/45 | 재적재  7 | 중계율 0.13 | alpha 1.109 | complete
Ep 53 | 드론6 목적지64 |  656스텝 | 배송 64/64 | 재적재 11 | 중계율 0.11 | alpha 1.131 | complete
Ep 54 | 드론5 목적지24 |  349스텝 | 배송 24/24 | 재적재  3 | 중계율 0.12 | alpha 1.144 | complete
Ep 55 | 드론6 목적지60 |  595스텝 | 배송 60/60 | 재적재  9 | 중계율 0.12 | alpha 1.166 | complete
Ep 56 | 드론6 목적지20 |  179스텝 | 배송 20/20 | 재적재  0 | 중계율 0.02 | alpha 1.173 | complete
Ep 57 | 드론5 목적지61 |  849스텝 | 배송 61/61 | 재적재  9 | 중계율 0.12 | alpha 1.207 | complete
Ep 58 | 드론5 목적지77 | 1000스텝 | 배송 71/77 | 재적재 12 | 중계율 0.12 | alpha 1.243 | step_limit
Ep 59 | 드론5 목적지40 |  681스텝 | 배송 40/40 | 재적재  7 | 중계율 0.15 | alpha 1.264 | complete
Ep 60 | 드론3 목적지76 | 1000스텝 | 배송 46/76 | 재적재  8 | 중계율 0.19 | alpha 1.296 | step_limit
Ep 61 | 드론5 목적지66 | 1000스텝 | 배송 65/66 | 재적재 11 | 중계율 0.14 | alpha 1.316 | step_limit
Ep 62 | 드론5 목적지43 |  846스텝 | 배송 43/43 | 재적재  7 | 중계율 0.11 | alpha 1.332 | complete
Ep 63 | 드론5 목적지57 |  830스텝 | 배송 57/57 | 재적재 10 | 중계율 0.11 | alpha 1.347 | complete
Ep 64 | 드론3 목적지52 | 1000스텝 | 배송 49/52 | 재적재  8 | 중계율 0.15 | alpha 1.364 | step_limit
Ep 65 | 드론5 목적지42 |  505스텝 | 배송 42/42 | 재적재  6 | 중계율 0.08 | alpha 1.375 | complete
Ep 66 | 드론4 목적지41 |  932스텝 | 배송 31/41 | 재적재  4 | 중계율 0.09 | alpha 1.401 | no_progress
Ep 67 | 드론5 목적지23 |  252스텝 | 배송 23/23 | 재적재  2 | 중계율 0.05 | alpha 1.408 | complete
Ep 68 | 드론5 목적지77 |  761스텝 | 배송 77/77 | 재적재 15 | 중계율 0.10 | alpha 1.427 | complete
Ep 69 | 드론4 목적지48 |  740스텝 | 배송 48/48 | 재적재  8 | 중계율 0.10 | alpha 1.433 | complete
Ep 70 | 드론3 목적지69 | 1000스텝 | 배송 59/69 | 재적재 10 | 중계율 0.19 | alpha 1.426 | step_limit
Ep 71 | 드론5 목적지34 |  369스텝 | 배송 34/34 | 재적재  4 | 중계율 0.05 | alpha 1.423 | complete
Ep 72 | 드론5 목적지61 | 1000스텝 | 배송 61/61 | 재적재  9 | 중계율 0.21 | alpha 1.405 | complete
Ep 73 | 드론6 목적지50 |  906스텝 | 배송 50/50 | 재적재  8 | 중계율 0.12 | alpha 1.375 | complete
Ep 74 | 드론4 목적지70 | 1000스텝 | 배송 67/70 | 재적재 12 | 중계율 0.13 | alpha 1.348 | step_limit
Ep 75 | 드론6 목적지21 |  179스텝 | 배송 21/21 | 재적재  1 | 중계율 0.06 | alpha 1.341 | complete
Ep 76 | 드론3 목적지49 | 1000스텝 | 배송 43/49 | 재적재  7 | 중계율 0.18 | alpha 1.315 | step_limit
Ep 77 | 드론4 목적지67 | 1000스텝 | 배송 41/67 | 재적재  7 | 중계율 0.14 | alpha 1.307 | step_limit
Ep 78 | 드론3 목적지34 | 1000스텝 | 배송 32/34 | 재적재  5 | 중계율 0.15 | alpha 1.316 | step_limit
Ep 79 | 드론5 목적지31 |  358스텝 | 배송 31/31 | 재적재  4 | 중계율 0.07 | alpha 1.319 | complete
Ep 80 | 드론3 목적지44 | 1000스텝 | 배송 33/44 | 재적재  5 | 중계율 0.22 | alpha 1.330 | step_limit
Ep 81 | 드론6 목적지71 |  845스텝 | 배송 71/71 | 재적재 10 | 중계율 0.14 | alpha 1.363 | complete
Ep 82 | 드론4 목적지59 |  694스텝 | 배송 59/59 | 재적재 10 | 중계율 0.10 | alpha 1.383 | complete
Ep 83 | 드론6 목적지21 |  166스텝 | 배송 21/21 | 재적재  0 | 중계율 0.06 | alpha 1.389 | complete
Ep 84 | 드론4 목적지41 | 1000스텝 | 배송 34/41 | 재적재  5 | 중계율 0.13 | alpha 1.404 | step_limit
Ep 85 | 드론5 목적지38 |  565스텝 | 배송 38/38 | 재적재  6 | 중계율 0.09 | alpha 1.417 | complete
Ep 86 | 드론5 목적지64 |  888스텝 | 배송 64/64 | 재적재 11 | 중계율 0.11 | alpha 1.442 | complete
Ep 87 | 드론5 목적지24 |  454스텝 | 배송 24/24 | 재적재  3 | 중계율 0.07 | alpha 1.451 | complete
Ep 88 | 드론5 목적지66 | 1000스텝 | 배송 63/66 | 재적재 11 | 중계율 0.15 | alpha 1.492 | step_limit
Ep 89 | 드론6 목적지20 |  208스텝 | 배송 20/20 | 재적재  0 | 중계율 0.02 | alpha 1.489 | complete
Ep 90 | 드론6 목적지37 |  239스텝 | 배송 37/37 | 재적재  6 | 중계율 0.03 | alpha 1.487 | complete
Ep 91 | 드론4 목적지60 | 1000스텝 | 배송 54/60 | 재적재 10 | 중계율 0.14 | alpha 1.501 | step_limit
Ep 92 | 드론3 목적지37 | 1000스텝 | 배송 33/37 | 재적재  5 | 중계율 0.13 | alpha 1.555 | step_limit
Ep 93 | 드론4 목적지27 |  613스텝 | 배송 27/27 | 재적재  3 | 중계율 0.10 | alpha 1.587 | complete
Ep 94 | 드론4 목적지76 | 1000스텝 | 배송 72/76 | 재적재 13 | 중계율 0.12 | alpha 1.582 | step_limit
Ep 95 | 드론5 목적지30 |  313스텝 | 배송 30/30 | 재적재  5 | 중계율 0.08 | alpha 1.575 | complete
Ep 96 | 드론6 목적지34 |  581스텝 | 배송 34/34 | 재적재  5 | 중계율 0.12 | alpha 1.580 | complete
Ep 97 | 드론5 목적지35 |  585스텝 | 배송 35/35 | 재적재  5 | 중계율 0.08 | alpha 1.592 | complete
Ep 98 | 드론5 목적지39 |  368스텝 | 배송 39/39 | 재적재  6 | 중계율 0.06 | alpha 1.589 | complete
Ep 99 | 드론5 목적지69 | 1000스텝 | 배송 62/69 | 재적재  9 | 중계율 0.17 | alpha 1.590 | step_limit
Ep 100 | 드론6 목적지80 |  824스텝 | 배송 80/80 | 재적재 13 | 중계율 0.09 | alpha 1.622 | complete
  [홀드아웃] 배송 48.5±4.2 완주 0.83 스텝 1325 점수 88.9 재적재 7.8 2홉+ 0.65 | 최고 88.9@ep100 정체 0/15  ← 갱신
Ep 101 | 드론3 목적지62 | 1000스텝 | 배송 44/62 | 재적재  8 | 중계율 0.13 | alpha 1.595 | step_limit
Ep 102 | 드론4 목적지30 |  718스텝 | 배송 30/30 | 재적재  5 | 중계율 0.10 | alpha 1.593 | complete
Ep 103 | 드론5 목적지75 |  765스텝 | 배송 75/75 | 재적재 13 | 중계율 0.12 | alpha 1.610 | complete
Ep 104 | 드론4 목적지39 |  712스텝 | 배송 39/39 | 재적재  7 | 중계율 0.11 | alpha 1.602 | complete
Ep 105 | 드론5 목적지24 |  480스텝 | 배송 24/24 | 재적재  3 | 중계율 0.05 | alpha 1.607 | complete
Ep 106 | 드론5 목적지73 |  809스텝 | 배송 73/73 | 재적재 14 | 중계율 0.11 | alpha 1.589 | complete
Ep 107 | 드론5 목적지25 |  315스텝 | 배송 25/25 | 재적재  3 | 중계율 0.06 | alpha 1.581 | complete
Ep 108 | 드론3 목적지69 | 1000스텝 | 배송 50/69 | 재적재  8 | 중계율 0.15 | alpha 1.566 | step_limit
Ep 109 | 드론4 목적지25 |  521스텝 | 배송 25/25 | 재적재  4 | 중계율 0.14 | alpha 1.577 | complete
Ep 110 | 드론3 목적지26 |  916스텝 | 배송 26/26 | 재적재  4 | 중계율 0.13 | alpha 1.609 | complete
Ep 111 | 드론3 목적지21 |  678스텝 | 배송 21/21 | 재적재  3 | 중계율 0.12 | alpha 1.590 | complete
Ep 112 | 드론6 목적지31 |  361스텝 | 배송 31/31 | 재적재  4 | 중계율 0.08 | alpha 1.569 | complete
Ep 113 | 드론4 목적지57 | 1000스텝 | 배송 47/57 | 재적재  8 | 중계율 0.18 | alpha 1.550 | step_limit
Ep 114 | 드론6 목적지64 |  589스텝 | 배송 64/64 | 재적재 11 | 중계율 0.16 | alpha 1.525 | complete
Ep 115 | 드론5 목적지57 |  857스텝 | 배송 57/57 | 재적재  9 | 중계율 0.13 | alpha 1.492 | complete
Ep 116 | 드론3 목적지78 | 1000스텝 | 배송 60/78 | 재적재 12 | 중계율 0.13 | alpha 1.490 | step_limit
Ep 117 | 드론6 목적지76 |  830스텝 | 배송 76/76 | 재적재 13 | 중계율 0.16 | alpha 1.534 | complete
Ep 118 | 드론3 목적지59 | 1000스텝 | 배송 48/59 | 재적재  9 | 중계율 0.16 | alpha 1.525 | step_limit
Ep 119 | 드론4 목적지73 | 1000스텝 | 배송 56/73 | 재적재 10 | 중계율 0.18 | alpha 1.506 | step_limit
Ep 120 | 드론4 목적지68 | 1000스텝 | 배송 60/68 | 재적재 11 | 중계율 0.21 | alpha 1.448 | step_limit
Ep 121 | 드론6 목적지59 |  711스텝 | 배송 59/59 | 재적재 10 | 중계율 0.16 | alpha 1.446 | complete
Ep 122 | 드론6 목적지55 |  662스텝 | 배송 55/55 | 재적재  9 | 중계율 0.08 | alpha 1.433 | complete
Ep 123 | 드론4 목적지22 |  413스텝 | 배송 22/22 | 재적재  3 | 중계율 0.14 | alpha 1.436 | complete
Ep 124 | 드론3 목적지57 | 1000스텝 | 배송 43/57 | 재적재  7 | 중계율 0.16 | alpha 1.454 | step_limit
Ep 125 | 드론3 목적지29 | 1000스텝 | 배송 28/29 | 재적재  5 | 중계율 0.17 | alpha 1.499 | step_limit
Ep 126 | 드론6 목적지80 |  654스텝 | 배송 80/80 | 재적재 12 | 중계율 0.09 | alpha 1.507 | complete
Ep 127 | 드론6 목적지23 |  239스텝 | 배송 23/23 | 재적재  1 | 중계율 0.11 | alpha 1.505 | complete
Ep 128 | 드론4 목적지75 | 1000스텝 | 배송 60/75 | 재적재 11 | 중계율 0.16 | alpha 1.507 | step_limit
Ep 129 | 드론5 목적지31 |  858스텝 | 배송 31/31 | 재적재  3 | 중계율 0.26 | alpha 1.497 | complete
Ep 130 | 드론5 목적지26 |  255스텝 | 배송 26/26 | 재적재  3 | 중계율 0.06 | alpha 1.496 | complete
Ep 131 | 드론6 목적지57 |  724스텝 | 배송 57/57 | 재적재  9 | 중계율 0.10 | alpha 1.467 | complete
Ep 132 | 드론4 목적지51 | 1000스텝 | 배송 41/51 | 재적재  6 | 중계율 0.21 | alpha 1.449 | step_limit
Ep 133 | 드론6 목적지36 |  418스텝 | 배송 36/36 | 재적재  6 | 중계율 0.05 | alpha 1.455 | complete
Ep 134 | 드론5 목적지49 |  805스텝 | 배송 49/49 | 재적재  8 | 중계율 0.15 | alpha 1.457 | complete
Ep 135 | 드론4 목적지56 | 1000스텝 | 배송 51/56 | 재적재 10 | 중계율 0.14 | alpha 1.440 | step_limit
Ep 136 | 드론3 목적지38 | 1000스텝 | 배송 32/38 | 재적재  5 | 중계율 0.18 | alpha 1.421 | step_limit
Ep 137 | 드론6 목적지37 |  464스텝 | 배송 37/37 | 재적재  5 | 중계율 0.12 | alpha 1.428 | complete
Ep 138 | 드론5 목적지68 |  972스텝 | 배송 68/68 | 재적재 13 | 중계율 0.13 | alpha 1.427 | complete
Ep 139 | 드론3 목적지63 | 1000스텝 | 배송 56/63 | 재적재 10 | 중계율 0.10 | alpha 1.418 | step_limit
Ep 140 | 드론6 목적지64 |  544스텝 | 배송 64/64 | 재적재 11 | 중계율 0.06 | alpha 1.405 | complete
Ep 141 | 드론4 목적지48 |  824스텝 | 배송 48/48 | 재적재  9 | 중계율 0.09 | alpha 1.400 | complete
Ep 142 | 드론5 목적지69 |  816스텝 | 배송 69/69 | 재적재 13 | 중계율 0.05 | alpha 1.397 | complete
Ep 143 | 드론3 목적지58 | 1000스텝 | 배송 41/58 | 재적재  7 | 중계율 0.10 | alpha 1.397 | step_limit
Ep 144 | 드론6 목적지55 |  779스텝 | 배송 55/55 | 재적재  9 | 중계율 0.09 | alpha 1.417 | complete
Ep 145 | 드론3 목적지39 | 1000스텝 | 배송 36/39 | 재적재  6 | 중계율 0.13 | alpha 1.445 | step_limit
Ep 146 | 드론3 목적지60 | 1000스텝 | 배송 57/60 | 재적재 11 | 중계율 0.07 | alpha 1.473 | step_limit
Ep 147 | 드론4 목적지44 |  606스텝 | 배송 44/44 | 재적재  8 | 중계율 0.07 | alpha 1.465 | complete
Ep 148 | 드론6 목적지50 |  404스텝 | 배송 50/50 | 재적재  6 | 중계율 0.07 | alpha 1.455 | complete
Ep 149 | 드론3 목적지36 |  922스텝 | 배송 36/36 | 재적재  6 | 중계율 0.07 | alpha 1.426 | complete
Ep 150 | 드론5 목적지78 |  728스텝 | 배송 78/78 | 재적재 14 | 중계율 0.06 | alpha 1.439 | complete
  [홀드아웃] 배송 50.0±0.0 완주 1.00 스텝 1339 점수 105.5 재적재 8.5 2홉+ 0.65 | 최고 105.5@ep150 정체 0/15  ← 갱신
Ep 151 | 드론4 목적지64 | 1000스텝 | 배송 61/64 | 재적재 11 | 중계율 0.06 | alpha 1.428 | step_limit
Ep 152 | 드론6 목적지21 |  205스텝 | 배송 21/21 | 재적재  1 | 중계율 0.03 | alpha 1.437 | complete
Ep 153 | 드론5 목적지76 | 1000스텝 | 배송 70/76 | 재적재 12 | 중계율 0.14 | alpha 1.440 | step_limit
Ep 154 | 드론3 목적지40 | 1000스텝 | 배송 35/40 | 재적재  6 | 중계율 0.10 | alpha 1.456 | step_limit
Ep 155 | 드론4 목적지64 |  888스텝 | 배송 64/64 | 재적재 11 | 중계율 0.05 | alpha 1.482 | complete
Ep 156 | 드론5 목적지50 |  688스텝 | 배송 50/50 | 재적재  8 | 중계율 0.06 | alpha 1.484 | complete
Ep 157 | 드론3 목적지56 | 1000스텝 | 배송 44/56 | 재적재  8 | 중계율 0.07 | alpha 1.498 | step_limit
Ep 158 | 드론6 목적지67 |  504스텝 | 배송 67/67 | 재적재 11 | 중계율 0.04 | alpha 1.486 | complete
Ep 159 | 드론5 목적지78 | 1000스텝 | 배송 75/78 | 재적재 13 | 중계율 0.04 | alpha 1.473 | step_limit
Ep 160 | 드론5 목적지23 |  423스텝 | 배송 23/23 | 재적재  2 | 중계율 0.07 | alpha 1.491 | complete
Ep 161 | 드론6 목적지73 |  626스텝 | 배송 73/73 | 재적재 13 | 중계율 0.05 | alpha 1.510 | complete
Ep 162 | 드론4 목적지49 |  610스텝 | 배송 49/49 | 재적재  8 | 중계율 0.08 | alpha 1.517 | complete
Ep 163 | 드론5 목적지36 |  437스텝 | 배송 36/36 | 재적재  6 | 중계율 0.08 | alpha 1.526 | complete
Ep 164 | 드론5 목적지54 |  646스텝 | 배송 54/54 | 재적재  9 | 중계율 0.09 | alpha 1.549 | complete
Ep 165 | 드론6 목적지47 |  574스텝 | 배송 47/47 | 재적재  7 | 중계율 0.06 | alpha 1.540 | complete
Ep 166 | 드론5 목적지63 | 1000스텝 | 배송 60/63 | 재적재 11 | 중계율 0.10 | alpha 1.514 | step_limit
Ep 167 | 드론5 목적지38 |  481스텝 | 배송 38/38 | 재적재  5 | 중계율 0.08 | alpha 1.529 | complete
Ep 168 | 드론5 목적지44 |  770스텝 | 배송 44/44 | 재적재  7 | 중계율 0.12 | alpha 1.509 | complete
Ep 169 | 드론5 목적지45 |  565스텝 | 배송 45/45 | 재적재  7 | 중계율 0.10 | alpha 1.513 | complete
Ep 170 | 드론4 목적지78 | 1000스텝 | 배송 77/78 | 재적재 14 | 중계율 0.09 | alpha 1.504 | step_limit
Ep 171 | 드론5 목적지34 |  533스텝 | 배송 34/34 | 재적재  5 | 중계율 0.04 | alpha 1.493 | complete
Ep 172 | 드론4 목적지48 | 1000스텝 | 배송 45/48 | 재적재  8 | 중계율 0.09 | alpha 1.488 | step_limit
Ep 173 | 드론4 목적지64 | 1000스텝 | 배송 51/64 | 재적재  9 | 중계율 0.17 | alpha 1.472 | step_limit
Ep 174 | 드론5 목적지38 |  723스텝 | 배송 38/38 | 재적재  6 | 중계율 0.05 | alpha 1.458 | complete
Ep 175 | 드론4 목적지56 | 1000스텝 | 배송 52/56 | 재적재  9 | 중계율 0.10 | alpha 1.467 | step_limit
Ep 176 | 드론3 목적지68 | 1000스텝 | 배송 45/68 | 재적재  8 | 중계율 0.05 | alpha 1.445 | step_limit
Ep 177 | 드론5 목적지74 |  757스텝 | 배송 74/74 | 재적재 12 | 중계율 0.08 | alpha 1.436 | complete
Ep 178 | 드론5 목적지37 |  621스텝 | 배송 37/37 | 재적재  5 | 중계율 0.05 | alpha 1.432 | complete
Ep 179 | 드론6 목적지48 |  665스텝 | 배송 48/48 | 재적재  7 | 중계율 0.02 | alpha 1.477 | complete
Ep 180 | 드론4 목적지61 | 1000스텝 | 배송 53/61 | 재적재 10 | 중계율 0.05 | alpha 1.496 | step_limit
Ep 181 | 드론3 목적지80 | 1000스텝 | 배송 53/80 | 재적재  9 | 중계율 0.09 | alpha 1.486 | step_limit
Ep 182 | 드론5 목적지31 |  422스텝 | 배송 31/31 | 재적재  4 | 중계율 0.04 | alpha 1.479 | complete
Ep 183 | 드론4 목적지53 | 1000스텝 | 배송 49/53 | 재적재  9 | 중계율 0.09 | alpha 1.487 | step_limit
Ep 184 | 드론4 목적지64 | 1000스텝 | 배송 53/64 | 재적재  8 | 중계율 0.11 | alpha 1.492 | step_limit
Ep 185 | 드론3 목적지49 | 1000스텝 | 배송 47/49 | 재적재  8 | 중계율 0.08 | alpha 1.509 | step_limit
Ep 186 | 드론5 목적지47 |  903스텝 | 배송 47/47 | 재적재  8 | 중계율 0.06 | alpha 1.540 | complete
Ep 187 | 드론5 목적지59 | 1000스텝 | 배송 54/59 | 재적재  9 | 중계율 0.09 | alpha 1.589 | step_limit
Ep 188 | 드론3 목적지33 | 1000스텝 | 배송 27/33 | 재적재  4 | 중계율 0.08 | alpha 1.581 | step_limit
Ep 189 | 드론6 목적지35 |  388스텝 | 배송 35/35 | 재적재  5 | 중계율 0.05 | alpha 1.572 | complete
Ep 190 | 드론3 목적지30 |  678스텝 | 배송 30/30 | 재적재  5 | 중계율 0.06 | alpha 1.566 | complete
Ep 191 | 드론4 목적지70 | 1000스텝 | 배송 61/70 | 재적재 10 | 중계율 0.08 | alpha 1.590 | step_limit
Ep 192 | 드론5 목적지36 |  376스텝 | 배송 36/36 | 재적재  5 | 중계율 0.01 | alpha 1.570 | complete
Ep 193 | 드론3 목적지54 | 1000스텝 | 배송 48/54 | 재적재  8 | 중계율 0.08 | alpha 1.559 | step_limit
Ep 194 | 드론4 목적지76 | 1000스텝 | 배송 57/76 | 재적재 10 | 중계율 0.13 | alpha 1.575 | step_limit
Ep 195 | 드론5 목적지74 | 1000스텝 | 배송 65/74 | 재적재 10 | 중계율 0.08 | alpha 1.609 | step_limit
Ep 196 | 드론6 목적지70 |  860스텝 | 배송 70/70 | 재적재 12 | 중계율 0.09 | alpha 1.598 | complete
Ep 197 | 드론4 목적지34 |  649스텝 | 배송 34/34 | 재적재  6 | 중계율 0.09 | alpha 1.607 | complete
Ep 198 | 드론3 목적지33 |  830스텝 | 배송 33/33 | 재적재  6 | 중계율 0.06 | alpha 1.589 | complete
Ep 199 | 드론6 목적지46 |  410스텝 | 배송 46/46 | 재적재  6 | 중계율 0.06 | alpha 1.603 | complete
Ep 200 | 드론6 목적지42 |  373스텝 | 배송 42/42 | 재적재  5 | 중계율 0.04 | alpha 1.600 | complete
  [홀드아웃] 배송 48.8±3.1 완주 0.75 스텝 1648 점수 79.5 재적재 8.3 2홉+ 0.66 | 최고 105.5@ep150 정체 1/15
Ep 201 | 드론6 목적지51 |  663스텝 | 배송 51/51 | 재적재  8 | 중계율 0.05 | alpha 1.603 | complete
Ep 202 | 드론5 목적지32 |  481스텝 | 배송 32/32 | 재적재  4 | 중계율 0.08 | alpha 1.604 | complete
Ep 203 | 드론5 목적지30 |  648스텝 | 배송 30/30 | 재적재  4 | 중계율 0.09 | alpha 1.598 | complete
Ep 204 | 드론6 목적지73 |  933스텝 | 배송 73/73 | 재적재 13 | 중계율 0.08 | alpha 1.613 | complete
Ep 205 | 드론3 목적지44 |  978스텝 | 배송 44/44 | 재적재  7 | 중계율 0.06 | alpha 1.638 | complete
Ep 206 | 드론3 목적지26 |  827스텝 | 배송 26/26 | 재적재  4 | 중계율 0.06 | alpha 1.660 | complete
Ep 207 | 드론5 목적지40 |  808스텝 | 배송 40/40 | 재적재  5 | 중계율 0.07 | alpha 1.631 | complete
Ep 208 | 드론6 목적지35 |  429스텝 | 배송 35/35 | 재적재  6 | 중계율 0.05 | alpha 1.632 | complete
Ep 209 | 드론6 목적지75 |  551스텝 | 배송 75/75 | 재적재 12 | 중계율 0.03 | alpha 1.623 | complete
Ep 210 | 드론6 목적지56 |  654스텝 | 배송 56/56 | 재적재  9 | 중계율 0.07 | alpha 1.612 | complete
Ep 211 | 드론3 목적지26 |  971스텝 | 배송 26/26 | 재적재  4 | 중계율 0.09 | alpha 1.603 | complete
Ep 212 | 드론3 목적지58 |  971스텝 | 배송 58/58 | 재적재 10 | 중계율 0.10 | alpha 1.579 | complete
Ep 213 | 드론3 목적지44 | 1000스텝 | 배송 35/44 | 재적재  6 | 중계율 0.11 | alpha 1.579 | step_limit
Ep 214 | 드론3 목적지56 | 1000스텝 | 배송 46/56 | 재적재  8 | 중계율 0.10 | alpha 1.568 | step_limit
Ep 215 | 드론4 목적지64 | 1000스텝 | 배송 60/64 | 재적재 11 | 중계율 0.07 | alpha 1.581 | step_limit
Ep 216 | 드론5 목적지40 |  585스텝 | 배송 40/40 | 재적재  5 | 중계율 0.08 | alpha 1.574 | complete
Ep 217 | 드론6 목적지41 |  424스텝 | 배송 41/41 | 재적재  6 | 중계율 0.04 | alpha 1.580 | complete
Ep 218 | 드론3 목적지31 |  850스텝 | 배송 31/31 | 재적재  5 | 중계율 0.12 | alpha 1.570 | complete
Ep 219 | 드론4 목적지80 | 1000스텝 | 배송 69/80 | 재적재 12 | 중계율 0.07 | alpha 1.573 | step_limit
Ep 220 | 드론4 목적지53 |  869스텝 | 배송 53/53 | 재적재  8 | 중계율 0.09 | alpha 1.598 | complete
Ep 221 | 드론6 목적지72 |  777스텝 | 배송 72/72 | 재적재 13 | 중계율 0.06 | alpha 1.603 | complete
Ep 222 | 드론3 목적지27 |  970스텝 | 배송 27/27 | 재적재  4 | 중계율 0.14 | alpha 1.593 | complete
Ep 223 | 드론6 목적지22 |  210스텝 | 배송 22/22 | 재적재  0 | 중계율 0.03 | alpha 1.607 | complete
Ep 224 | 드론4 목적지62 | 1000스텝 | 배송 60/62 | 재적재 11 | 중계율 0.11 | alpha 1.611 | step_limit
Ep 225 | 드론5 목적지58 |  646스텝 | 배송 58/58 | 재적재  9 | 중계율 0.05 | alpha 1.597 | complete
Ep 226 | 드론6 목적지37 |  538스텝 | 배송 37/37 | 재적재  5 | 중계율 0.06 | alpha 1.563 | complete
Ep 227 | 드론3 목적지49 | 1000스텝 | 배송 34/49 | 재적재  6 | 중계율 0.10 | alpha 1.510 | step_limit
Ep 228 | 드론5 목적지72 |  818스텝 | 배송 72/72 | 재적재 13 | 중계율 0.06 | alpha 1.483 | complete
Ep 229 | 드론3 목적지77 | 1000스텝 | 배송 56/77 | 재적재 10 | 중계율 0.13 | alpha 1.509 | step_limit
Ep 230 | 드론6 목적지53 |  478스텝 | 배송 53/53 | 재적재  7 | 중계율 0.07 | alpha 1.517 | complete
Ep 231 | 드론5 목적지56 | 1000스텝 | 배송 55/56 | 재적재  9 | 중계율 0.13 | alpha 1.517 | step_limit
Ep 232 | 드론3 목적지28 | 1000스텝 | 배송 26/28 | 재적재  5 | 중계율 0.18 | alpha 1.537 | step_limit
Ep 233 | 드론5 목적지40 |  889스텝 | 배송 40/40 | 재적재  5 | 중계율 0.14 | alpha 1.533 | complete
Ep 234 | 드론5 목적지29 |  537스텝 | 배송 29/29 | 재적재  4 | 중계율 0.09 | alpha 1.534 | complete
Ep 235 | 드론6 목적지69 |  714스텝 | 배송 69/69 | 재적재 11 | 중계율 0.08 | alpha 1.534 | complete
Ep 236 | 드론4 목적지30 | 1000스텝 | 배송 29/30 | 재적재  4 | 중계율 0.11 | alpha 1.540 | step_limit
Ep 237 | 드론5 목적지24 |  504스텝 | 배송 24/24 | 재적재  3 | 중계율 0.07 | alpha 1.550 | complete
Ep 238 | 드론5 목적지21 |  462스텝 | 배송 21/21 | 재적재  3 | 중계율 0.06 | alpha 1.547 | complete
Ep 239 | 드론5 목적지60 |  960스텝 | 배송 60/60 | 재적재 11 | 중계율 0.12 | alpha 1.543 | complete
Ep 240 | 드론6 목적지58 |  697스텝 | 배송 58/58 | 재적재 10 | 중계율 0.06 | alpha 1.578 | complete
Ep 241 | 드론3 목적지26 |  701스텝 | 배송 26/26 | 재적재  4 | 중계율 0.06 | alpha 1.570 | complete
Ep 242 | 드론4 목적지43 | 1000스텝 | 배송 42/43 | 재적재  7 | 중계율 0.06 | alpha 1.573 | step_limit
Ep 243 | 드론5 목적지55 |  753스텝 | 배송 55/55 | 재적재  9 | 중계율 0.08 | alpha 1.592 | complete
Ep 244 | 드론6 목적지48 |  455스텝 | 배송 48/48 | 재적재  8 | 중계율 0.05 | alpha 1.595 | complete
Ep 245 | 드론6 목적지67 |  717스텝 | 배송 67/67 | 재적재 10 | 중계율 0.06 | alpha 1.565 | complete
Ep 246 | 드론4 목적지65 | 1000스텝 | 배송 60/65 | 재적재 11 | 중계율 0.11 | alpha 1.525 | step_limit
Ep 247 | 드론6 목적지49 |  577스텝 | 배송 49/49 | 재적재  7 | 중계율 0.06 | alpha 1.512 | complete
Ep 248 | 드론3 목적지41 | 1000스텝 | 배송 36/41 | 재적재  6 | 중계율 0.14 | alpha 1.511 | step_limit
Ep 249 | 드론5 목적지26 |  270스텝 | 배송 26/26 | 재적재  3 | 중계율 0.05 | alpha 1.519 | complete
Ep 250 | 드론5 목적지43 |  626스텝 | 배송 43/43 | 재적재  6 | 중계율 0.08 | alpha 1.534 | complete
  [홀드아웃] 배송 49.9±0.3 완주 0.92 스텝 1402 점수 97.0 재적재 8.4 2홉+ 0.66 | 최고 105.5@ep150 정체 2/15
Ep 251 | 드론5 목적지71 |  713스텝 | 배송 71/71 | 재적재 13 | 중계율 0.04 | alpha 1.537 | complete
Ep 252 | 드론3 목적지48 | 1000스텝 | 배송 34/48 | 재적재  5 | 중계율 0.12 | alpha 1.523 | step_limit
Ep 253 | 드론4 목적지30 |  525스텝 | 배송 30/30 | 재적재  4 | 중계율 0.08 | alpha 1.529 | complete
Ep 254 | 드론5 목적지26 |  600스텝 | 배송 26/26 | 재적재  4 | 중계율 0.14 | alpha 1.534 | complete
Ep 255 | 드론6 목적지69 |  834스텝 | 배송 69/69 | 재적재 12 | 중계율 0.07 | alpha 1.553 | complete
Ep 256 | 드론6 목적지33 |  622스텝 | 배송 33/33 | 재적재  5 | 중계율 0.07 | alpha 1.570 | complete
Ep 257 | 드론4 목적지55 | 1000스텝 | 배송 42/55 | 재적재  6 | 중계율 0.15 | alpha 1.580 | step_limit
Ep 258 | 드론5 목적지36 |  990스텝 | 배송 36/36 | 재적재  5 | 중계율 0.17 | alpha 1.599 | complete
Ep 259 | 드론4 목적지79 | 1000스텝 | 배송 74/79 | 재적재 14 | 중계율 0.07 | alpha 1.608 | step_limit
Ep 260 | 드론3 목적지41 | 1000스텝 | 배송 39/41 | 재적재  7 | 중계율 0.11 | alpha 1.623 | step_limit
Ep 261 | 드론6 목적지21 |  354스텝 | 배송 21/21 | 재적재  1 | 중계율 0.02 | alpha 1.613 | complete
Ep 262 | 드론3 목적지43 | 1000스텝 | 배송 37/43 | 재적재  7 | 중계율 0.11 | alpha 1.593 | step_limit
Ep 263 | 드론5 목적지21 |  472스텝 | 배송 21/21 | 재적재  1 | 중계율 0.06 | alpha 1.581 | complete
Ep 264 | 드론6 목적지50 |  655스텝 | 배송 50/50 | 재적재  9 | 중계율 0.06 | alpha 1.587 | complete
Ep 265 | 드론3 목적지35 | 1000스텝 | 배송 33/35 | 재적재  6 | 중계율 0.10 | alpha 1.592 | step_limit
Ep 266 | 드론4 목적지54 | 1000스텝 | 배송 53/54 | 재적재  9 | 중계율 0.10 | alpha 1.634 | step_limit
Ep 267 | 드론5 목적지46 |  482스텝 | 배송 46/46 | 재적재  6 | 중계율 0.04 | alpha 1.650 | complete
Ep 268 | 드론3 목적지33 | 1000스텝 | 배송 32/33 | 재적재  6 | 중계율 0.09 | alpha 1.663 | step_limit
Ep 269 | 드론3 목적지42 | 1000스텝 | 배송 34/42 | 재적재  5 | 중계율 0.09 | alpha 1.641 | step_limit
Ep 270 | 드론4 목적지45 |  565스텝 | 배송 14/45 | 재적재  0 | 중계율 0.00 | alpha 1.632 | no_progress
Ep 271 | 드론5 목적지37 | 1000스텝 | 배송 35/37 | 재적재  6 | 중계율 0.10 | alpha 1.629 | step_limit
Ep 272 | 드론3 목적지47 | 1000스텝 | 배송 41/47 | 재적재  7 | 중계율 0.09 | alpha 1.635 | step_limit
Ep 273 | 드론6 목적지76 |  536스텝 | 배송 76/76 | 재적재 12 | 중계율 0.04 | alpha 1.648 | complete
Ep 274 | 드론6 목적지29 |  650스텝 | 배송 29/29 | 재적재  4 | 중계율 0.11 | alpha 1.660 | complete
Ep 275 | 드론4 목적지78 | 1000스텝 | 배송 65/78 | 재적재 12 | 중계율 0.08 | alpha 1.686 | step_limit
Ep 276 | 드론5 목적지49 |  666스텝 | 배송 49/49 | 재적재  8 | 중계율 0.05 | alpha 1.663 | complete
Ep 277 | 드론3 목적지67 | 1000스텝 | 배송 51/67 | 재적재 10 | 중계율 0.08 | alpha 1.661 | step_limit
Ep 278 | 드론4 목적지30 |  759스텝 | 배송 30/30 | 재적재  5 | 중계율 0.13 | alpha 1.661 | complete
Ep 279 | 드론6 목적지44 |  570스텝 | 배송 44/44 | 재적재  7 | 중계율 0.12 | alpha 1.701 | complete
Ep 280 | 드론4 목적지32 |  511스텝 | 배송 32/32 | 재적재  4 | 중계율 0.07 | alpha 1.743 | complete
Ep 281 | 드론4 목적지36 |  792스텝 | 배송 36/36 | 재적재  5 | 중계율 0.14 | alpha 1.729 | complete
Ep 282 | 드론4 목적지56 |  826스텝 | 배송 56/56 | 재적재 10 | 중계율 0.07 | alpha 1.708 | complete
Ep 283 | 드론4 목적지75 | 1000스텝 | 배송 73/75 | 재적재 13 | 중계율 0.07 | alpha 1.652 | step_limit
Ep 284 | 드론5 목적지21 |  256스텝 | 배송 21/21 | 재적재  3 | 중계율 0.07 | alpha 1.643 | complete
Ep 285 | 드론6 목적지72 |  602스텝 | 배송 72/72 | 재적재 13 | 중계율 0.06 | alpha 1.642 | complete
Ep 286 | 드론6 목적지78 |  674스텝 | 배송 78/78 | 재적재 13 | 중계율 0.06 | alpha 1.648 | complete
Ep 287 | 드론3 목적지39 |  937스텝 | 배송 39/39 | 재적재  7 | 중계율 0.07 | alpha 1.673 | complete
Ep 288 | 드론4 목적지39 |  627스텝 | 배송 39/39 | 재적재  5 | 중계율 0.08 | alpha 1.661 | complete
Ep 289 | 드론3 목적지49 | 1000스텝 | 배송 45/49 | 재적재  8 | 중계율 0.08 | alpha 1.638 | step_limit
Ep 290 | 드론4 목적지29 |  514스텝 | 배송 29/29 | 재적재  4 | 중계율 0.04 | alpha 1.631 | complete
Ep 291 | 드론5 목적지68 |  619스텝 | 배송 68/68 | 재적재 11 | 중계율 0.07 | alpha 1.647 | complete
Ep 292 | 드론3 목적지69 | 1000스텝 | 배송 48/69 | 재적재  9 | 중계율 0.06 | alpha 1.679 | step_limit
Ep 293 | 드론3 목적지38 | 1000스텝 | 배송 36/38 | 재적재  6 | 중계율 0.11 | alpha 1.703 | step_limit
Ep 294 | 드론5 목적지41 |  783스텝 | 배송 41/41 | 재적재  7 | 중계율 0.12 | alpha 1.714 | complete
Ep 295 | 드론4 목적지35 | 1000스텝 | 배송 31/35 | 재적재  4 | 중계율 0.11 | alpha 1.722 | step_limit
Ep 296 | 드론6 목적지49 |  423스텝 | 배송 49/49 | 재적재  7 | 중계율 0.05 | alpha 1.738 | complete
Ep 297 | 드론4 목적지78 | 1000스텝 | 배송 64/78 | 재적재 11 | 중계율 0.09 | alpha 1.725 | step_limit
Ep 298 | 드론4 목적지73 | 1000스텝 | 배송 64/73 | 재적재 12 | 중계율 0.09 | alpha 1.739 | step_limit
Ep 299 | 드론6 목적지75 |  701스텝 | 배송 75/75 | 재적재 13 | 중계율 0.05 | alpha 1.739 | complete
Ep 300 | 드론4 목적지39 |  895스텝 | 배송 39/39 | 재적재  7 | 중계율 0.12 | alpha 1.743 | complete
  [홀드아웃] 배송 50.0±0.0 완주 1.00 스텝 1362 점수 105.5 재적재 8.3 2홉+ 0.65 | 최고 105.5@ep150 정체 3/15
Ep 301 | 드론3 목적지69 | 1000스텝 | 배송 46/69 | 재적재  8 | 중계율 0.07 | alpha 1.732 | step_limit
Ep 302 | 드론6 목적지60 |  638스텝 | 배송 60/60 | 재적재  9 | 중계율 0.04 | alpha 1.742 | complete
Ep 303 | 드론4 목적지74 | 1000스텝 | 배송 69/74 | 재적재 12 | 중계율 0.09 | alpha 1.765 | step_limit
Ep 304 | 드론4 목적지25 |  363스텝 | 배송 25/25 | 재적재  4 | 중계율 0.07 | alpha 1.783 | complete
Ep 305 | 드론3 목적지75 | 1000스텝 | 배송 59/75 | 재적재 11 | 중계율 0.14 | alpha 1.799 | step_limit
Ep 306 | 드론4 목적지29 |  802스텝 | 배송 29/29 | 재적재  5 | 중계율 0.07 | alpha 1.802 | complete
Ep 307 | 드론6 목적지29 |  250스텝 | 배송 29/29 | 재적재  2 | 중계율 0.02 | alpha 1.792 | complete
Ep 308 | 드론6 목적지35 |  323스텝 | 배송 35/35 | 재적재  5 | 중계율 0.04 | alpha 1.802 | complete
Ep 309 | 드론5 목적지37 |  532스텝 | 배송 37/37 | 재적재  6 | 중계율 0.09 | alpha 1.827 | complete
Ep 310 | 드론3 목적지74 | 1000스텝 | 배송 53/74 | 재적재  9 | 중계율 0.05 | alpha 1.810 | step_limit
Ep 311 | 드론6 목적지42 |  663스텝 | 배송 42/42 | 재적재  6 | 중계율 0.07 | alpha 1.799 | complete
Ep 312 | 드론6 목적지73 |  781스텝 | 배송 73/73 | 재적재 12 | 중계율 0.08 | alpha 1.783 | complete
Ep 313 | 드론4 목적지34 |  930스텝 | 배송 34/34 | 재적재  5 | 중계율 0.13 | alpha 1.759 | complete
Ep 314 | 드론3 목적지26 | 1000스텝 | 배송 24/26 | 재적재  3 | 중계율 0.10 | alpha 1.736 | step_limit
Ep 315 | 드론6 목적지20 |  244스텝 | 배송 20/20 | 재적재  0 | 중계율 0.03 | alpha 1.727 | complete
Ep 316 | 드론5 목적지24 |  384스텝 | 배송 24/24 | 재적재  3 | 중계율 0.07 | alpha 1.716 | complete
Ep 317 | 드론6 목적지23 |  342스텝 | 배송 23/23 | 재적재  0 | 중계율 0.03 | alpha 1.718 | complete
Ep 318 | 드론3 목적지45 | 1000스텝 | 배송 35/45 | 재적재  6 | 중계율 0.05 | alpha 1.735 | step_limit
Ep 319 | 드론6 목적지52 |  515스텝 | 배송 52/52 | 재적재  9 | 중계율 0.03 | alpha 1.733 | complete
Ep 320 | 드론4 목적지25 |  856스텝 | 배송 25/25 | 재적재  4 | 중계율 0.09 | alpha 1.761 | complete
Ep 321 | 드론3 목적지34 | 1000스텝 | 배송 33/34 | 재적재  5 | 중계율 0.06 | alpha 1.760 | step_limit
Ep 322 | 드론3 목적지33 |  875스텝 | 배송 33/33 | 재적재  5 | 중계율 0.04 | alpha 1.745 | complete
Ep 323 | 드론3 목적지35 | 1000스텝 | 배송 32/35 | 재적재  5 | 중계율 0.12 | alpha 1.750 | step_limit
Ep 324 | 드론5 목적지70 |  705스텝 | 배송 70/70 | 재적재 13 | 중계율 0.05 | alpha 1.760 | complete
Ep 325 | 드론3 목적지43 | 1000스텝 | 배송 36/43 | 재적재  6 | 중계율 0.08 | alpha 1.765 | step_limit
Ep 326 | 드론5 목적지42 |  808스텝 | 배송 42/42 | 재적재  7 | 중계율 0.07 | alpha 1.751 | complete
Ep 327 | 드론6 목적지62 |  600스텝 | 배송 62/62 | 재적재 10 | 중계율 0.07 | alpha 1.775 | complete
Ep 328 | 드론3 목적지53 | 1000스텝 | 배송 43/53 | 재적재  8 | 중계율 0.10 | alpha 1.792 | step_limit
Ep 329 | 드론5 목적지31 |  437스텝 | 배송 31/31 | 재적재  4 | 중계율 0.06 | alpha 1.786 | complete
Ep 330 | 드론4 목적지65 | 1000스텝 | 배송 64/65 | 재적재 11 | 중계율 0.10 | alpha 1.723 | step_limit
Ep 331 | 드론3 목적지25 |  730스텝 | 배송 25/25 | 재적재  4 | 중계율 0.08 | alpha 1.728 | complete
Ep 332 | 드론3 목적지79 | 1000스텝 | 배송 54/79 | 재적재 10 | 중계율 0.08 | alpha 1.738 | step_limit
Ep 333 | 드론4 목적지37 | 1000스텝 | 배송 34/37 | 재적재  5 | 중계율 0.13 | alpha 1.727 | step_limit
Ep 334 | 드론3 목적지72 | 1000스텝 | 배송 57/72 | 재적재 11 | 중계율 0.07 | alpha 1.747 | step_limit
Ep 335 | 드론4 목적지23 |  358스텝 | 배송 23/23 | 재적재  3 | 중계율 0.06 | alpha 1.758 | complete
Ep 336 | 드론4 목적지57 | 1000스텝 | 배송 50/57 | 재적재  8 | 중계율 0.09 | alpha 1.753 | step_limit
Ep 337 | 드론4 목적지76 | 1000스텝 | 배송 55/76 | 재적재  9 | 중계율 0.12 | alpha 1.762 | step_limit
Ep 338 | 드론3 목적지30 | 1000스텝 | 배송 25/30 | 재적재  4 | 중계율 0.12 | alpha 1.793 | step_limit
Ep 339 | 드론5 목적지73 |  717스텝 | 배송 73/73 | 재적재 13 | 중계율 0.03 | alpha 1.819 | complete
Ep 340 | 드론6 목적지34 |  356스텝 | 배송 34/34 | 재적재  5 | 중계율 0.07 | alpha 1.814 | complete
Ep 341 | 드론5 목적지26 |  635스텝 | 배송 26/26 | 재적재  3 | 중계율 0.09 | alpha 1.782 | complete
Ep 342 | 드론3 목적지46 | 1000스텝 | 배송 35/46 | 재적재  6 | 중계율 0.12 | alpha 1.767 | step_limit
Ep 343 | 드론3 목적지50 | 1000스텝 | 배송 35/50 | 재적재  6 | 중계율 0.10 | alpha 1.771 | step_limit
Ep 344 | 드론5 목적지28 |  426스텝 | 배송 28/28 | 재적재  5 | 중계율 0.04 | alpha 1.766 | complete
Ep 345 | 드론5 목적지61 |  987스텝 | 배송 61/61 | 재적재 11 | 중계율 0.10 | alpha 1.798 | complete
Ep 346 | 드론3 목적지29 | 1000스텝 | 배송 24/29 | 재적재  4 | 중계율 0.14 | alpha 1.802 | step_limit
Ep 347 | 드론3 목적지42 | 1000스텝 | 배송 29/42 | 재적재  4 | 중계율 0.13 | alpha 1.832 | step_limit
Ep 348 | 드론5 목적지53 |  543스텝 | 배송 53/53 | 재적재  9 | 중계율 0.04 | alpha 1.838 | complete
Ep 349 | 드론4 목적지62 | 1000스텝 | 배송 57/62 | 재적재 10 | 중계율 0.10 | alpha 1.850 | step_limit
Ep 350 | 드론4 목적지79 | 1000스텝 | 배송 76/79 | 재적재 13 | 중계율 0.08 | alpha 1.853 | step_limit
  [홀드아웃] 배송 49.7±0.6 완주 0.75 스텝 1417 점수 80.3 재적재 8.4 2홉+ 0.65 | 최고 105.5@ep150 정체 4/15
Ep 351 | 드론5 목적지65 | 1000스텝 | 배송 58/65 | 재적재 10 | 중계율 0.07 | alpha 1.850 | step_limit
Ep 352 | 드론5 목적지36 |  380스텝 | 배송 36/36 | 재적재  6 | 중계율 0.05 | alpha 1.837 | complete
Ep 353 | 드론4 목적지62 |  700스텝 | 배송 62/62 | 재적재 10 | 중계율 0.05 | alpha 1.850 | complete
Ep 354 | 드론5 목적지35 |  327스텝 | 배송 35/35 | 재적재  5 | 중계율 0.01 | alpha 1.850 | complete
Ep 355 | 드론4 목적지24 |  435스텝 | 배송 24/24 | 재적재  3 | 중계율 0.04 | alpha 1.861 | complete
Ep 356 | 드론5 목적지62 |  932스텝 | 배송 62/62 | 재적재 10 | 중계율 0.09 | alpha 1.860 | complete
Ep 357 | 드론3 목적지21 |  647스텝 | 배송 21/21 | 재적재  4 | 중계율 0.07 | alpha 1.855 | complete
Ep 358 | 드론5 목적지26 |  366스텝 | 배송 26/26 | 재적재  4 | 중계율 0.04 | alpha 1.863 | complete
Ep 359 | 드론3 목적지52 | 1000스텝 | 배송 41/52 | 재적재  7 | 중계율 0.08 | alpha 1.887 | step_limit
Ep 360 | 드론6 목적지52 |  876스텝 | 배송 52/52 | 재적재  9 | 중계율 0.04 | alpha 1.893 | complete
Ep 361 | 드론4 목적지40 |  943스텝 | 배송 40/40 | 재적재  7 | 중계율 0.08 | alpha 1.897 | complete
Ep 362 | 드론6 목적지52 |  724스텝 | 배송 52/52 | 재적재  9 | 중계율 0.07 | alpha 1.916 | complete
Ep 363 | 드론6 목적지64 |  808스텝 | 배송 64/64 | 재적재 10 | 중계율 0.04 | alpha 1.929 | complete
Ep 364 | 드론3 목적지64 | 1000스텝 | 배송 50/64 | 재적재  9 | 중계율 0.07 | alpha 1.930 | step_limit
Ep 365 | 드론5 목적지69 | 1000스텝 | 배송 68/69 | 재적재 11 | 중계율 0.07 | alpha 1.954 | step_limit
Ep 366 | 드론6 목적지61 |  852스텝 | 배송 61/61 | 재적재  9 | 중계율 0.05 | alpha 1.938 | complete
Ep 367 | 드론4 목적지53 | 1000스텝 | 배송 52/53 | 재적재  9 | 중계율 0.10 | alpha 1.970 | step_limit
Ep 368 | 드론6 목적지73 |  651스텝 | 배송 73/73 | 재적재 12 | 중계율 0.04 | alpha 1.974 | complete
Ep 369 | 드론5 목적지30 |  383스텝 | 배송 30/30 | 재적재  5 | 중계율 0.04 | alpha 1.980 | complete
Ep 370 | 드론3 목적지71 | 1000스텝 | 배송 65/71 | 재적재 12 | 중계율 0.07 | alpha 1.961 | step_limit
Ep 371 | 드론4 목적지54 | 1000스텝 | 배송 48/54 | 재적재  9 | 중계율 0.12 | alpha 1.965 | step_limit
Ep 372 | 드론6 목적지80 |  673스텝 | 배송 80/80 | 재적재 14 | 중계율 0.03 | alpha 1.937 | complete
Ep 373 | 드론3 목적지41 | 1000스텝 | 배송 36/41 | 재적재  7 | 중계율 0.14 | alpha 1.942 | step_limit
Ep 374 | 드론3 목적지67 | 1000스텝 | 배송 49/67 | 재적재  9 | 중계율 0.06 | alpha 1.957 | step_limit
Ep 375 | 드론4 목적지62 | 1000스텝 | 배송 51/62 | 재적재  9 | 중계율 0.10 | alpha 1.943 | step_limit
Ep 376 | 드론5 목적지72 |  669스텝 | 배송 72/72 | 재적재 13 | 중계율 0.04 | alpha 1.962 | complete
Ep 377 | 드론6 목적지63 | 1000스텝 | 배송 60/63 | 재적재 11 | 중계율 0.11 | alpha 1.962 | step_limit
Ep 378 | 드론5 목적지74 |  957스텝 | 배송 74/74 | 재적재 12 | 중계율 0.05 | alpha 1.995 | complete
Ep 379 | 드론4 목적지77 | 1000스텝 | 배송 65/77 | 재적재 11 | 중계율 0.09 | alpha 1.954 | step_limit
Ep 380 | 드론4 목적지73 | 1000스텝 | 배송 72/73 | 재적재 13 | 중계율 0.07 | alpha 2.005 | step_limit
Ep 381 | 드론5 목적지20 |  249스텝 | 배송 20/20 | 재적재  2 | 중계율 0.05 | alpha 2.003 | complete
Ep 382 | 드론3 목적지75 | 1000스텝 | 배송 53/75 | 재적재  9 | 중계율 0.09 | alpha 2.005 | step_limit
Ep 383 | 드론4 목적지52 | 1000스텝 | 배송 45/52 | 재적재  7 | 중계율 0.11 | alpha 2.002 | step_limit
Ep 384 | 드론3 목적지77 | 1000스텝 | 배송 56/77 | 재적재 10 | 중계율 0.10 | alpha 2.003 | step_limit
Ep 385 | 드론3 목적지62 | 1000스텝 | 배송 47/62 | 재적재  9 | 중계율 0.09 | alpha 2.014 | step_limit
Ep 386 | 드론4 목적지80 | 1000스텝 | 배송 63/80 | 재적재 11 | 중계율 0.08 | alpha 2.012 | step_limit
Ep 387 | 드론4 목적지31 |  610스텝 | 배송 31/31 | 재적재  4 | 중계율 0.02 | alpha 1.998 | complete
Ep 388 | 드론4 목적지33 |  753스텝 | 배송 33/33 | 재적재  6 | 중계율 0.08 | alpha 2.020 | complete
Ep 389 | 드론5 목적지72 |  989스텝 | 배송 72/72 | 재적재 12 | 중계율 0.06 | alpha 2.028 | complete
Ep 390 | 드론5 목적지71 |  965스텝 | 배송 71/71 | 재적재 12 | 중계율 0.07 | alpha 2.002 | complete
Ep 391 | 드론5 목적지50 |  664스텝 | 배송 50/50 | 재적재  9 | 중계율 0.06 | alpha 1.994 | complete
Ep 392 | 드론6 목적지71 |  553스텝 | 배송 71/71 | 재적재 12 | 중계율 0.03 | alpha 1.988 | complete
Ep 393 | 드론6 목적지21 |  194스텝 | 배송 21/21 | 재적재  1 | 중계율 0.02 | alpha 1.992 | complete
Ep 394 | 드론6 목적지60 |  705스텝 | 배송 60/60 | 재적재  9 | 중계율 0.07 | alpha 1.988 | complete
Ep 395 | 드론5 목적지55 |  513스텝 | 배송 55/55 | 재적재  8 | 중계율 0.03 | alpha 1.976 | complete
Ep 396 | 드론5 목적지71 |  593스텝 | 배송 71/71 | 재적재 13 | 중계율 0.03 | alpha 1.999 | complete
Ep 397 | 드론4 목적지36 |  653스텝 | 배송 36/36 | 재적재  6 | 중계율 0.04 | alpha 1.997 | complete
Ep 398 | 드론4 목적지52 |  817스텝 | 배송 52/52 | 재적재  9 | 중계율 0.05 | alpha 2.001 | complete
Ep 399 | 드론3 목적지46 | 1000스텝 | 배송 34/46 | 재적재  6 | 중계율 0.07 | alpha 2.041 | step_limit
Ep 400 | 드론4 목적지34 |  538스텝 | 배송 34/34 | 재적재  5 | 중계율 0.04 | alpha 2.055 | complete
  [홀드아웃] 배송 49.7±0.8 완주 0.83 스텝 1484 점수 88.4 재적재 8.6 2홉+ 0.65 | 최고 105.5@ep150 정체 5/15
Ep 401 | 드론3 목적지38 | 1000스텝 | 배송 36/38 | 재적재  6 | 중계율 0.13 | alpha 2.053 | step_limit
Ep 402 | 드론5 목적지36 |  800스텝 | 배송 36/36 | 재적재  5 | 중계율 0.10 | alpha 2.017 | complete
Ep 403 | 드론4 목적지73 | 1000스텝 | 배송 67/73 | 재적재 11 | 중계율 0.06 | alpha 2.012 | step_limit
Ep 404 | 드론5 목적지70 | 1000스텝 | 배송 67/70 | 재적재 12 | 중계율 0.08 | alpha 2.028 | step_limit
Ep 405 | 드론3 목적지25 |  520스텝 | 배송 25/25 | 재적재  4 | 중계율 0.07 | alpha 2.049 | complete
Ep 406 | 드론6 목적지58 |  827스텝 | 배송 58/58 | 재적재 10 | 중계율 0.07 | alpha 2.070 | complete
Ep 407 | 드론5 목적지70 |  872스텝 | 배송 70/70 | 재적재 12 | 중계율 0.04 | alpha 2.051 | complete
Ep 408 | 드론4 목적지40 |  762스텝 | 배송 40/40 | 재적재  6 | 중계율 0.01 | alpha 2.089 | complete
Ep 409 | 드론3 목적지30 |  783스텝 | 배송 30/30 | 재적재  4 | 중계율 0.04 | alpha 2.092 | complete
Ep 410 | 드론3 목적지63 | 1000스텝 | 배송 54/63 | 재적재  9 | 중계율 0.08 | alpha 2.075 | step_limit
Ep 411 | 드론3 목적지48 | 1000스텝 | 배송 32/48 | 재적재  5 | 중계율 0.08 | alpha 2.058 | step_limit
Ep 412 | 드론5 목적지34 |  650스텝 | 배송 34/34 | 재적재  5 | 중계율 0.07 | alpha 2.106 | complete
Ep 413 | 드론4 목적지22 |  302스텝 | 배송 22/22 | 재적재  2 | 중계율 0.03 | alpha 2.127 | complete
Ep 414 | 드론3 목적지51 | 1000스텝 | 배송 41/51 | 재적재  7 | 중계율 0.10 | alpha 2.154 | step_limit
Ep 415 | 드론6 목적지45 |  738스텝 | 배송 45/45 | 재적재  8 | 중계율 0.06 | alpha 2.170 | complete
Ep 416 | 드론4 목적지60 |  860스텝 | 배송 60/60 | 재적재 10 | 중계율 0.07 | alpha 2.153 | complete
Ep 417 | 드론3 목적지43 | 1000스텝 | 배송 37/43 | 재적재  6 | 중계율 0.07 | alpha 2.112 | step_limit
Ep 418 | 드론5 목적지75 | 1000스텝 | 배송 67/75 | 재적재 12 | 중계율 0.11 | alpha 2.065 | step_limit
Ep 419 | 드론6 목적지60 |  748스텝 | 배송 60/60 | 재적재 10 | 중계율 0.07 | alpha 2.074 | complete
Ep 420 | 드론3 목적지22 |  955스텝 | 배송 22/22 | 재적재  4 | 중계율 0.20 | alpha 2.129 | complete
Ep 421 | 드론5 목적지40 |  799스텝 | 배송 40/40 | 재적재  6 | 중계율 0.11 | alpha 2.145 | complete
Ep 422 | 드론6 목적지52 |  556스텝 | 배송 52/52 | 재적재  8 | 중계율 0.04 | alpha 2.141 | complete
Ep 423 | 드론4 목적지29 |  494스텝 | 배송 29/29 | 재적재  4 | 중계율 0.08 | alpha 2.139 | complete
Ep 424 | 드론4 목적지29 |  424스텝 | 배송 29/29 | 재적재  4 | 중계율 0.05 | alpha 2.131 | complete
Ep 425 | 드론3 목적지80 | 1000스텝 | 배송 61/80 | 재적재 12 | 중계율 0.09 | alpha 2.127 | step_limit
Ep 426 | 드론5 목적지78 | 1000스텝 | 배송 75/78 | 재적재 13 | 중계율 0.06 | alpha 2.129 | step_limit
Ep 427 | 드론4 목적지46 | 1000스텝 | 배송 39/46 | 재적재  7 | 중계율 0.07 | alpha 2.092 | step_limit
Ep 428 | 드론5 목적지72 |  836스텝 | 배송 72/72 | 재적재 13 | 중계율 0.05 | alpha 2.124 | complete
Ep 429 | 드론4 목적지72 | 1000스텝 | 배송 62/72 | 재적재 10 | 중계율 0.12 | alpha 2.148 | step_limit
Ep 430 | 드론3 목적지78 | 1000스텝 | 배송 58/78 | 재적재 11 | 중계율 0.08 | alpha 2.143 | step_limit
Ep 431 | 드론4 목적지23 |  480스텝 | 배송 23/23 | 재적재  4 | 중계율 0.09 | alpha 2.147 | complete
Ep 432 | 드론6 목적지41 |  370스텝 | 배송 41/41 | 재적재  6 | 중계율 0.04 | alpha 2.147 | complete
Ep 433 | 드론3 목적지66 | 1000스텝 | 배송 52/66 | 재적재  9 | 중계율 0.09 | alpha 2.145 | step_limit
Ep 434 | 드론5 목적지62 | 1000스텝 | 배송 56/62 | 재적재  8 | 중계율 0.11 | alpha 2.142 | step_limit
Ep 435 | 드론3 목적지32 | 1000스텝 | 배송 28/32 | 재적재  4 | 중계율 0.14 | alpha 2.134 | step_limit
Ep 436 | 드론6 목적지65 |  564스텝 | 배송 65/65 | 재적재 11 | 중계율 0.03 | alpha 2.174 | complete
Ep 437 | 드론5 목적지61 |  888스텝 | 배송 61/61 | 재적재  9 | 중계율 0.06 | alpha 2.187 | complete
Ep 438 | 드론3 목적지37 | 1000스텝 | 배송 30/37 | 재적재  5 | 중계율 0.09 | alpha 2.189 | step_limit
Ep 439 | 드론5 목적지49 |  757스텝 | 배송 49/49 | 재적재  8 | 중계율 0.08 | alpha 2.196 | complete
Ep 440 | 드론4 목적지42 |  890스텝 | 배송 42/42 | 재적재  6 | 중계율 0.08 | alpha 2.205 | complete
Ep 441 | 드론3 목적지54 | 1000스텝 | 배송 39/54 | 재적재  6 | 중계율 0.08 | alpha 2.193 | step_limit
Ep 442 | 드론6 목적지41 |  419스텝 | 배송 41/41 | 재적재  4 | 중계율 0.05 | alpha 2.178 | complete
Ep 443 | 드론4 목적지61 | 1000스텝 | 배송 57/61 | 재적재 11 | 중계율 0.10 | alpha 2.176 | step_limit
Ep 444 | 드론4 목적지55 |  777스텝 | 배송 55/55 | 재적재  9 | 중계율 0.06 | alpha 2.179 | complete
Ep 445 | 드론3 목적지49 | 1000스텝 | 배송 45/49 | 재적재  9 | 중계율 0.07 | alpha 2.170 | step_limit
Ep 446 | 드론6 목적지72 |  693스텝 | 배송 72/72 | 재적재 12 | 중계율 0.07 | alpha 2.187 | complete
Ep 447 | 드론6 목적지40 |  641스텝 | 배송 40/40 | 재적재  5 | 중계율 0.08 | alpha 2.181 | complete
Ep 448 | 드론4 목적지71 | 1000스텝 | 배송 62/71 | 재적재 11 | 중계율 0.11 | alpha 2.216 | step_limit
Ep 449 | 드론5 목적지26 |  438스텝 | 배송 26/26 | 재적재  3 | 중계율 0.07 | alpha 2.207 | complete
Ep 450 | 드론3 목적지56 | 1000스텝 | 배송 45/56 | 재적재  8 | 중계율 0.09 | alpha 2.229 | step_limit
  [홀드아웃] 배송 49.8±0.4 완주 0.83 스텝 1170 점수 89.4 재적재 8.2 2홉+ 0.64 | 최고 105.5@ep150 정체 6/15
Ep 451 | 드론6 목적지51 |  667스텝 | 배송 51/51 | 재적재  7 | 중계율 0.07 | alpha 2.233 | complete
Ep 452 | 드론3 목적지34 |  753스텝 | 배송 34/34 | 재적재  6 | 중계율 0.04 | alpha 2.242 | complete
Ep 453 | 드론5 목적지47 |  666스텝 | 배송 47/47 | 재적재  7 | 중계율 0.09 | alpha 2.235 | complete
Ep 454 | 드론6 목적지70 |  575스텝 | 배송 70/70 | 재적재 11 | 중계율 0.08 | alpha 2.240 | complete
Ep 455 | 드론5 목적지44 |  852스텝 | 배송 44/44 | 재적재  6 | 중계율 0.11 | alpha 2.266 | complete
Ep 456 | 드론6 목적지49 |  580스텝 | 배송 49/49 | 재적재  8 | 중계율 0.03 | alpha 2.280 | complete
Ep 457 | 드론6 목적지56 |  691스텝 | 배송 56/56 | 재적재  8 | 중계율 0.03 | alpha 2.270 | complete
Ep 458 | 드론6 목적지42 |  595스텝 | 배송 42/42 | 재적재  6 | 중계율 0.07 | alpha 2.263 | complete
Ep 459 | 드론3 목적지45 | 1000스텝 | 배송 42/45 | 재적재  7 | 중계율 0.06 | alpha 2.267 | step_limit
Ep 460 | 드론5 목적지73 |  717스텝 | 배송 73/73 | 재적재 13 | 중계율 0.04 | alpha 2.267 | complete
Ep 461 | 드론3 목적지30 |  845스텝 | 배송 30/30 | 재적재  5 | 중계율 0.09 | alpha 2.293 | complete
Ep 462 | 드론4 목적지64 |  819스텝 | 배송 64/64 | 재적재 12 | 중계율 0.08 | alpha 2.280 | complete
Ep 463 | 드론4 목적지63 | 1000스텝 | 배송 60/63 | 재적재 10 | 중계율 0.07 | alpha 2.279 | step_limit
Ep 464 | 드론3 목적지68 | 1000스텝 | 배송 48/68 | 재적재  8 | 중계율 0.08 | alpha 2.291 | step_limit
Ep 465 | 드론6 목적지63 | 1000스텝 | 배송 61/63 | 재적재 10 | 중계율 0.07 | alpha 2.258 | step_limit
Ep 466 | 드론5 목적지65 |  699스텝 | 배송 65/65 | 재적재 11 | 중계율 0.05 | alpha 2.266 | complete
Ep 467 | 드론5 목적지57 |  515스텝 | 배송 57/57 | 재적재 10 | 중계율 0.06 | alpha 2.246 | complete
Ep 468 | 드론3 목적지35 |  940스텝 | 배송 35/35 | 재적재  6 | 중계율 0.09 | alpha 2.243 | complete
Ep 469 | 드론4 목적지46 | 1000스텝 | 배송 31/46 | 재적재  6 | 중계율 0.21 | alpha 2.253 | step_limit
Ep 470 | 드론6 목적지53 |  672스텝 | 배송 53/53 | 재적재  8 | 중계율 0.06 | alpha 2.278 | complete
Ep 471 | 드론6 목적지45 |  498스텝 | 배송 45/45 | 재적재  7 | 중계율 0.05 | alpha 2.255 | complete
Ep 472 | 드론4 목적지53 | 1000스텝 | 배송 47/53 | 재적재  9 | 중계율 0.11 | alpha 2.244 | step_limit
Ep 473 | 드론5 목적지71 | 1000스텝 | 배송 68/71 | 재적재 12 | 중계율 0.07 | alpha 2.265 | step_limit
Ep 474 | 드론5 목적지25 |  481스텝 | 배송 25/25 | 재적재  3 | 중계율 0.05 | alpha 2.271 | complete
Ep 475 | 드론5 목적지40 |  515스텝 | 배송 40/40 | 재적재  4 | 중계율 0.06 | alpha 2.252 | complete
Ep 476 | 드론3 목적지33 | 1000스텝 | 배송 31/33 | 재적재  4 | 중계율 0.05 | alpha 2.245 | step_limit
Ep 477 | 드론3 목적지21 |  940스텝 | 배송 21/21 | 재적재  3 | 중계율 0.10 | alpha 2.226 | complete
Ep 478 | 드론5 목적지22 |  248스텝 | 배송 22/22 | 재적재  2 | 중계율 0.02 | alpha 2.231 | complete
Ep 479 | 드론6 목적지41 |  571스텝 | 배송 41/41 | 재적재  5 | 중계율 0.05 | alpha 2.241 | complete
Ep 480 | 드론4 목적지57 | 1000스텝 | 배송 55/57 | 재적재 10 | 중계율 0.07 | alpha 2.242 | step_limit
Ep 481 | 드론3 목적지66 | 1000스텝 | 배송 38/66 | 재적재  6 | 중계율 0.08 | alpha 2.255 | step_limit
Ep 482 | 드론5 목적지76 |  993스텝 | 배송 76/76 | 재적재 13 | 중계율 0.08 | alpha 2.279 | complete
Ep 483 | 드론4 목적지28 |  478스텝 | 배송 28/28 | 재적재  3 | 중계율 0.08 | alpha 2.262 | complete
Ep 484 | 드론6 목적지35 |  498스텝 | 배송 35/35 | 재적재  4 | 중계율 0.01 | alpha 2.259 | complete
Ep 485 | 드론6 목적지44 |  418스텝 | 배송 44/44 | 재적재  5 | 중계율 0.08 | alpha 2.225 | complete
Ep 486 | 드론6 목적지75 |  552스텝 | 배송 75/75 | 재적재 12 | 중계율 0.03 | alpha 2.241 | complete
Ep 487 | 드론4 목적지75 | 1000스텝 | 배송 65/75 | 재적재 12 | 중계율 0.07 | alpha 2.250 | step_limit
Ep 488 | 드론5 목적지60 |  870스텝 | 배송 60/60 | 재적재 10 | 중계율 0.07 | alpha 2.246 | complete
Ep 489 | 드론4 목적지80 |  984스텝 | 배송 80/80 | 재적재 15 | 중계율 0.05 | alpha 2.244 | complete
Ep 490 | 드론3 목적지30 | 1000스텝 | 배송 27/30 | 재적재  5 | 중계율 0.12 | alpha 2.223 | step_limit
Ep 491 | 드론4 목적지59 | 1000스텝 | 배송 52/59 | 재적재  9 | 중계율 0.09 | alpha 2.230 | step_limit
Ep 492 | 드론3 목적지74 |  868스텝 | 배송 28/74 | 재적재  4 | 중계율 0.04 | alpha 2.223 | no_progress
Ep 493 | 드론3 목적지47 | 1000스텝 | 배송 38/47 | 재적재  6 | 중계율 0.08 | alpha 2.243 | step_limit
Ep 494 | 드론4 목적지52 |  872스텝 | 배송 52/52 | 재적재  9 | 중계율 0.05 | alpha 2.272 | complete
Ep 495 | 드론4 목적지54 | 1000스텝 | 배송 43/54 | 재적재  7 | 중계율 0.08 | alpha 2.282 | step_limit
Ep 496 | 드론6 목적지56 |  490스텝 | 배송 56/56 | 재적재  8 | 중계율 0.05 | alpha 2.294 | complete
Ep 497 | 드론6 목적지73 |  665스텝 | 배송 73/73 | 재적재 11 | 중계율 0.05 | alpha 2.273 | complete
Ep 498 | 드론4 목적지22 |  365스텝 | 배송 22/22 | 재적재  3 | 중계율 0.03 | alpha 2.273 | complete
Ep 499 | 드론6 목적지55 |  717스텝 | 배송 55/55 | 재적재  8 | 중계율 0.06 | alpha 2.246 | complete
Ep 500 | 드론3 목적지55 | 1000스텝 | 배송 42/55 | 재적재  7 | 중계율 0.08 | alpha 2.246 | step_limit
  [홀드아웃] 배송 48.8±3.9 완주 0.92 스텝 1134 점수 97.9 재적재 7.9 2홉+ 0.63 | 최고 105.5@ep150 정체 7/15
Ep 501 | 드론6 목적지25 |  207스텝 | 배송 25/25 | 재적재  0 | 중계율 0.01 | alpha 2.257 | complete
Ep 502 | 드론3 목적지53 | 1000스텝 | 배송 34/53 | 재적재  6 | 중계율 0.09 | alpha 2.321 | step_limit
Ep 503 | 드론5 목적지73 |  661스텝 | 배송 73/73 | 재적재 12 | 중계율 0.05 | alpha 2.302 | complete
Ep 504 | 드론3 목적지60 | 1000스텝 | 배송 39/60 | 재적재  7 | 중계율 0.09 | alpha 2.279 | step_limit
Ep 505 | 드론4 목적지72 | 1000스텝 | 배송 60/72 | 재적재 11 | 중계율 0.09 | alpha 2.284 | step_limit
Ep 506 | 드론4 목적지76 | 1000스텝 | 배송 68/76 | 재적재 12 | 중계율 0.05 | alpha 2.286 | step_limit
Ep 507 | 드론6 목적지79 |  799스텝 | 배송 79/79 | 재적재 15 | 중계율 0.05 | alpha 2.292 | complete
Ep 508 | 드론6 목적지38 |  481스텝 | 배송 38/38 | 재적재  6 | 중계율 0.04 | alpha 2.285 | complete
Ep 509 | 드론4 목적지52 |  889스텝 | 배송 52/52 | 재적재  8 | 중계율 0.05 | alpha 2.274 | complete
Ep 510 | 드론4 목적지42 |  629스텝 | 배송 42/42 | 재적재  7 | 중계율 0.10 | alpha 2.289 | complete
Ep 511 | 드론4 목적지21 |  355스텝 | 배송 21/21 | 재적재  3 | 중계율 0.04 | alpha 2.285 | complete
Ep 512 | 드론4 목적지23 |  476스텝 | 배송 23/23 | 재적재  3 | 중계율 0.08 | alpha 2.290 | complete
Ep 513 | 드론3 목적지66 | 1000스텝 | 배송 50/66 | 재적재  9 | 중계율 0.06 | alpha 2.326 | step_limit
Ep 514 | 드론4 목적지38 |  946스텝 | 배송 38/38 | 재적재  6 | 중계율 0.08 | alpha 2.295 | complete
Ep 515 | 드론5 목적지23 |  443스텝 | 배송 23/23 | 재적재  3 | 중계율 0.06 | alpha 2.295 | complete
Ep 516 | 드론5 목적지34 |  606스텝 | 배송 34/34 | 재적재  6 | 중계율 0.06 | alpha 2.294 | complete
Ep 517 | 드론4 목적지73 | 1000스텝 | 배송 63/73 | 재적재 12 | 중계율 0.11 | alpha 2.306 | step_limit
Ep 518 | 드론5 목적지43 |  663스텝 | 배송 43/43 | 재적재  6 | 중계율 0.05 | alpha 2.311 | complete
Ep 519 | 드론4 목적지65 | 1000스텝 | 배송 60/65 | 재적재 11 | 중계율 0.07 | alpha 2.319 | step_limit
Ep 520 | 드론5 목적지55 |  972스텝 | 배송 55/55 | 재적재  9 | 중계율 0.06 | alpha 2.289 | complete
Ep 521 | 드론4 목적지62 |  795스텝 | 배송 62/62 | 재적재 10 | 중계율 0.06 | alpha 2.283 | complete
Ep 522 | 드론6 목적지37 |  438스텝 | 배송 37/37 | 재적재  5 | 중계율 0.05 | alpha 2.286 | complete
Ep 523 | 드론6 목적지66 |  614스텝 | 배송 66/66 | 재적재 10 | 중계율 0.04 | alpha 2.315 | complete
Ep 524 | 드론4 목적지57 | 1000스텝 | 배송 55/57 | 재적재 10 | 중계율 0.05 | alpha 2.315 | step_limit
Ep 525 | 드론4 목적지39 |  826스텝 | 배송 39/39 | 재적재  5 | 중계율 0.05 | alpha 2.313 | complete
Ep 526 | 드론5 목적지73 |  881스텝 | 배송 73/73 | 재적재 12 | 중계율 0.06 | alpha 2.295 | complete
Ep 527 | 드론6 목적지58 |  526스텝 | 배송 58/58 | 재적재  9 | 중계율 0.02 | alpha 2.287 | complete
Ep 528 | 드론5 목적지46 |  538스텝 | 배송 46/46 | 재적재  7 | 중계율 0.05 | alpha 2.289 | complete
Ep 529 | 드론6 목적지20 |  195스텝 | 배송 20/20 | 재적재  0 | 중계율 0.02 | alpha 2.294 | complete
Ep 530 | 드론6 목적지72 | 1000스텝 | 배송 70/72 | 재적재 12 | 중계율 0.05 | alpha 2.290 | step_limit
Ep 531 | 드론3 목적지21 |  833스텝 | 배송 21/21 | 재적재  2 | 중계율 0.08 | alpha 2.295 | complete
Ep 532 | 드론5 목적지32 |  619스텝 | 배송 32/32 | 재적재  5 | 중계율 0.08 | alpha 2.300 | complete
Ep 533 | 드론4 목적지79 | 1000스텝 | 배송 61/79 | 재적재 11 | 중계율 0.06 | alpha 2.341 | step_limit
Ep 534 | 드론6 목적지56 |  844스텝 | 배송 56/56 | 재적재  9 | 중계율 0.07 | alpha 2.349 | complete
Ep 535 | 드론3 목적지68 | 1000스텝 | 배송 50/68 | 재적재  8 | 중계율 0.12 | alpha 2.359 | step_limit
Ep 536 | 드론5 목적지57 | 1000스텝 | 배송 53/57 | 재적재  8 | 중계율 0.09 | alpha 2.355 | step_limit
Ep 537 | 드론4 목적지49 | 1000스텝 | 배송 44/49 | 재적재  8 | 중계율 0.09 | alpha 2.340 | step_limit
Ep 538 | 드론4 목적지38 |  883스텝 | 배송 38/38 | 재적재  6 | 중계율 0.06 | alpha 2.341 | complete
Ep 539 | 드론5 목적지79 |  901스텝 | 배송 79/79 | 재적재 14 | 중계율 0.09 | alpha 2.356 | complete
Ep 540 | 드론6 목적지70 |  890스텝 | 배송 70/70 | 재적재 11 | 중계율 0.05 | alpha 2.363 | complete
Ep 541 | 드론5 목적지77 |  794스텝 | 배송 77/77 | 재적재 13 | 중계율 0.03 | alpha 2.368 | complete
Ep 542 | 드론5 목적지53 |  794스텝 | 배송 53/53 | 재적재  8 | 중계율 0.07 | alpha 2.362 | complete
Ep 543 | 드론3 목적지49 | 1000스텝 | 배송 38/49 | 재적재  6 | 중계율 0.09 | alpha 2.311 | step_limit
Ep 544 | 드론6 목적지68 |  788스텝 | 배송 68/68 | 재적재 11 | 중계율 0.06 | alpha 2.300 | complete
Ep 545 | 드론6 목적지56 |  510스텝 | 배송 56/56 | 재적재 10 | 중계율 0.03 | alpha 2.298 | complete
Ep 546 | 드론6 목적지75 |  651스텝 | 배송 75/75 | 재적재 11 | 중계율 0.04 | alpha 2.310 | complete
Ep 547 | 드론4 목적지71 | 1000스텝 | 배송 63/71 | 재적재 11 | 중계율 0.07 | alpha 2.349 | step_limit
Ep 548 | 드론4 목적지80 | 1000스텝 | 배송 72/80 | 재적재 14 | 중계율 0.08 | alpha 2.329 | step_limit
Ep 549 | 드론5 목적지38 |  591스텝 | 배송 38/38 | 재적재  5 | 중계율 0.07 | alpha 2.319 | complete
Ep 550 | 드론5 목적지49 |  588스텝 | 배송 49/49 | 재적재  7 | 중계율 0.07 | alpha 2.300 | complete
  [홀드아웃] 배송 49.9±0.3 완주 0.92 스텝 1322 점수 97.3 재적재 8.5 2홉+ 0.64 | 최고 105.5@ep150 정체 8/15
Ep 551 | 드론3 목적지56 | 1000스텝 | 배송 49/56 | 재적재  8 | 중계율 0.08 | alpha 2.316 | step_limit
Ep 552 | 드론6 목적지27 |  523스텝 | 배송 27/27 | 재적재  3 | 중계율 0.06 | alpha 2.321 | complete
Ep 553 | 드론3 목적지46 |  917스텝 | 배송 46/46 | 재적재  9 | 중계율 0.09 | alpha 2.302 | complete
Ep 554 | 드론5 목적지72 |  618스텝 | 배송 72/72 | 재적재 12 | 중계율 0.05 | alpha 2.341 | complete
Ep 555 | 드론3 목적지68 | 1000스텝 | 배송 43/68 | 재적재  8 | 중계율 0.07 | alpha 2.340 | step_limit
Ep 556 | 드론4 목적지30 |  628스텝 | 배송 30/30 | 재적재  5 | 중계율 0.06 | alpha 2.307 | complete
Ep 557 | 드론4 목적지46 |  821스텝 | 배송 46/46 | 재적재  7 | 중계율 0.07 | alpha 2.311 | complete
Ep 558 | 드론5 목적지66 | 1000스텝 | 배송 65/66 | 재적재 10 | 중계율 0.12 | alpha 2.368 | step_limit
Ep 559 | 드론6 목적지78 |  743스텝 | 배송 78/78 | 재적재 12 | 중계율 0.06 | alpha 2.377 | complete
Ep 560 | 드론3 목적지22 |  749스텝 | 배송 22/22 | 재적재  3 | 중계율 0.06 | alpha 2.371 | complete
Ep 561 | 드론4 목적지29 |  330스텝 | 배송 29/29 | 재적재  4 | 중계율 0.02 | alpha 2.366 | complete
Ep 562 | 드론5 목적지71 | 1000스텝 | 배송 65/71 | 재적재 11 | 중계율 0.08 | alpha 2.349 | step_limit
Ep 563 | 드론6 목적지61 |  733스텝 | 배송 61/61 | 재적재 11 | 중계율 0.07 | alpha 2.353 | complete
Ep 564 | 드론6 목적지44 |  418스텝 | 배송 44/44 | 재적재  5 | 중계율 0.04 | alpha 2.383 | complete
Ep 565 | 드론6 목적지21 |  254스텝 | 배송 21/21 | 재적재  1 | 중계율 0.04 | alpha 2.393 | complete
Ep 566 | 드론5 목적지23 |  409스텝 | 배송 23/23 | 재적재  1 | 중계율 0.06 | alpha 2.402 | complete
Ep 567 | 드론6 목적지57 |  490스텝 | 배송 57/57 | 재적재  9 | 중계율 0.06 | alpha 2.398 | complete
Ep 568 | 드론6 목적지23 |  220스텝 | 배송 23/23 | 재적재  1 | 중계율 0.02 | alpha 2.379 | complete
Ep 569 | 드론5 목적지79 | 1000스텝 | 배송 62/79 | 재적재 11 | 중계율 0.08 | alpha 2.369 | step_limit
Ep 570 | 드론5 목적지70 | 1000스텝 | 배송 68/70 | 재적재 12 | 중계율 0.07 | alpha 2.372 | step_limit
Ep 571 | 드론6 목적지78 |  715스텝 | 배송 78/78 | 재적재 12 | 중계율 0.04 | alpha 2.390 | complete
Ep 572 | 드론5 목적지70 |  918스텝 | 배송 70/70 | 재적재 12 | 중계율 0.08 | alpha 2.418 | complete
Ep 573 | 드론3 목적지77 | 1000스텝 | 배송 52/77 | 재적재  9 | 중계율 0.08 | alpha 2.373 | step_limit
Ep 574 | 드론5 목적지34 |  435스텝 | 배송 34/34 | 재적재  4 | 중계율 0.03 | alpha 2.366 | complete
Ep 575 | 드론3 목적지21 |  591스텝 | 배송 21/21 | 재적재  3 | 중계율 0.05 | alpha 2.382 | complete
Ep 576 | 드론4 목적지39 |  617스텝 | 배송 39/39 | 재적재  7 | 중계율 0.05 | alpha 2.405 | complete
Ep 577 | 드론6 목적지53 |  695스텝 | 배송 53/53 | 재적재  9 | 중계율 0.08 | alpha 2.419 | complete
Ep 578 | 드론5 목적지29 |  559스텝 | 배송 29/29 | 재적재  4 | 중계율 0.11 | alpha 2.434 | complete
Ep 579 | 드론4 목적지67 | 1000스텝 | 배송 60/67 | 재적재 12 | 중계율 0.05 | alpha 2.441 | step_limit
Ep 580 | 드론5 목적지39 |  852스텝 | 배송 39/39 | 재적재  6 | 중계율 0.10 | alpha 2.415 | complete
Ep 581 | 드론4 목적지25 | 1000스텝 | 배송 24/25 | 재적재  3 | 중계율 0.09 | alpha 2.418 | step_limit
Ep 582 | 드론3 목적지27 |  961스텝 | 배송 27/27 | 재적재  4 | 중계율 0.10 | alpha 2.390 | complete
Ep 583 | 드론3 목적지67 | 1000스텝 | 배송 53/67 | 재적재  9 | 중계율 0.07 | alpha 2.368 | step_limit
Ep 584 | 드론5 목적지70 | 1000스텝 | 배송 68/70 | 재적재 11 | 중계율 0.06 | alpha 2.371 | step_limit
Ep 585 | 드론3 목적지50 | 1000스텝 | 배송 42/50 | 재적재  8 | 중계율 0.09 | alpha 2.394 | step_limit
Ep 586 | 드론3 목적지55 | 1000스텝 | 배송 42/55 | 재적재  7 | 중계율 0.13 | alpha 2.368 | step_limit
Ep 587 | 드론6 목적지46 |  540스텝 | 배송 46/46 | 재적재  7 | 중계율 0.05 | alpha 2.357 | complete
Ep 588 | 드론3 목적지39 |  953스텝 | 배송 39/39 | 재적재  7 | 중계율 0.08 | alpha 2.385 | complete
Ep 589 | 드론6 목적지48 |  642스텝 | 배송 48/48 | 재적재  8 | 중계율 0.07 | alpha 2.398 | complete
Ep 590 | 드론4 목적지55 |  779스텝 | 배송 55/55 | 재적재  9 | 중계율 0.04 | alpha 2.409 | complete
Ep 591 | 드론3 목적지70 | 1000스텝 | 배송 51/70 | 재적재 10 | 중계율 0.07 | alpha 2.407 | step_limit
Ep 592 | 드론3 목적지45 | 1000스텝 | 배송 37/45 | 재적재  7 | 중계율 0.12 | alpha 2.398 | step_limit
Ep 593 | 드론4 목적지27 |  934스텝 | 배송 27/27 | 재적재  3 | 중계율 0.08 | alpha 2.399 | complete
Ep 594 | 드론4 목적지77 | 1000스텝 | 배송 53/77 | 재적재 10 | 중계율 0.12 | alpha 2.372 | step_limit
Ep 595 | 드론5 목적지64 | 1000스텝 | 배송 60/64 | 재적재  9 | 중계율 0.09 | alpha 2.376 | step_limit
Ep 596 | 드론3 목적지66 | 1000스텝 | 배송 44/66 | 재적재  8 | 중계율 0.09 | alpha 2.412 | step_limit
Ep 597 | 드론5 목적지31 |  603스텝 | 배송 31/31 | 재적재  5 | 중계율 0.07 | alpha 2.411 | complete
Ep 598 | 드론5 목적지64 | 1000스텝 | 배송 62/64 | 재적재 10 | 중계율 0.10 | alpha 2.418 | step_limit
Ep 599 | 드론3 목적지39 | 1000스텝 | 배송 31/39 | 재적재  5 | 중계율 0.13 | alpha 2.391 | step_limit
Ep 600 | 드론6 목적지80 |  866스텝 | 배송 80/80 | 재적재 14 | 중계율 0.04 | alpha 2.411 | complete
  [홀드아웃] 배송 49.9±0.3 완주 0.92 스텝 1263 점수 97.5 재적재 8.4 2홉+ 0.65 | 최고 105.5@ep150 정체 9/15
Ep 601 | 드론4 목적지28 | 1000스텝 | 배송 26/28 | 재적재  4 | 중계율 0.07 | alpha 2.424 | step_limit
Ep 602 | 드론4 목적지78 | 1000스텝 | 배송 73/78 | 재적재 14 | 중계율 0.06 | alpha 2.428 | step_limit
Ep 603 | 드론4 목적지64 | 1000스텝 | 배송 47/64 | 재적재  8 | 중계율 0.10 | alpha 2.423 | step_limit
Ep 604 | 드론5 목적지68 |  789스텝 | 배송 68/68 | 재적재 12 | 중계율 0.04 | alpha 2.409 | complete
Ep 605 | 드론5 목적지55 | 1000스텝 | 배송 50/55 | 재적재  9 | 중계율 0.05 | alpha 2.416 | step_limit
Ep 606 | 드론6 목적지69 |  609스텝 | 배송 69/69 | 재적재 12 | 중계율 0.03 | alpha 2.415 | complete
Ep 607 | 드론3 목적지31 | 1000스텝 | 배송 29/31 | 재적재  4 | 중계율 0.09 | alpha 2.456 | step_limit
Ep 608 | 드론4 목적지59 | 1000스텝 | 배송 52/59 | 재적재  9 | 중계율 0.05 | alpha 2.459 | step_limit
Ep 609 | 드론5 목적지56 |  852스텝 | 배송 56/56 | 재적재  9 | 중계율 0.07 | alpha 2.446 | complete
Ep 610 | 드론4 목적지59 | 1000스텝 | 배송 45/59 | 재적재  8 | 중계율 0.09 | alpha 2.435 | step_limit
Ep 611 | 드론3 목적지21 |  749스텝 | 배송 21/21 | 재적재  3 | 중계율 0.09 | alpha 2.440 | complete
Ep 612 | 드론4 목적지27 |  493스텝 | 배송 27/27 | 재적재  4 | 중계율 0.05 | alpha 2.436 | complete
Ep 613 | 드론4 목적지80 | 1000스텝 | 배송 71/80 | 재적재 13 | 중계율 0.07 | alpha 2.454 | step_limit
Ep 614 | 드론4 목적지54 |  816스텝 | 배송 54/54 | 재적재  9 | 중계율 0.07 | alpha 2.471 | complete
Ep 615 | 드론3 목적지56 | 1000스텝 | 배송 44/56 | 재적재  8 | 중계율 0.06 | alpha 2.435 | step_limit
Ep 616 | 드론6 목적지71 |  790스텝 | 배송 71/71 | 재적재 12 | 중계율 0.08 | alpha 2.430 | complete
Ep 617 | 드론4 목적지67 | 1000스텝 | 배송 65/67 | 재적재 12 | 중계율 0.08 | alpha 2.412 | step_limit
Ep 618 | 드론4 목적지52 |  828스텝 | 배송 52/52 | 재적재  9 | 중계율 0.07 | alpha 2.413 | complete
Ep 619 | 드론5 목적지54 |  774스텝 | 배송 54/54 | 재적재  8 | 중계율 0.05 | alpha 2.421 | complete
Ep 620 | 드론5 목적지66 |  916스텝 | 배송 66/66 | 재적재 12 | 중계율 0.05 | alpha 2.429 | complete
Ep 621 | 드론3 목적지46 |  950스텝 | 배송 46/46 | 재적재  7 | 중계율 0.06 | alpha 2.420 | complete
Ep 622 | 드론4 목적지28 |  910스텝 | 배송 28/28 | 재적재  4 | 중계율 0.12 | alpha 2.417 | complete
Ep 623 | 드론6 목적지44 |  524스텝 | 배송 44/44 | 재적재  6 | 중계율 0.05 | alpha 2.425 | complete
Ep 624 | 드론3 목적지42 | 1000스텝 | 배송 39/42 | 재적재  7 | 중계율 0.09 | alpha 2.460 | step_limit
Ep 625 | 드론4 목적지37 |  593스텝 | 배송 37/37 | 재적재  5 | 중계율 0.04 | alpha 2.459 | complete
Ep 626 | 드론4 목적지68 | 1000스텝 | 배송 58/68 | 재적재 11 | 중계율 0.08 | alpha 2.439 | step_limit
Ep 627 | 드론6 목적지27 |  256스텝 | 배송 27/27 | 재적재  2 | 중계율 0.03 | alpha 2.452 | complete
Ep 628 | 드론6 목적지38 |  486스텝 | 배송 38/38 | 재적재  5 | 중계율 0.04 | alpha 2.443 | complete
Ep 629 | 드론5 목적지57 |  719스텝 | 배송 57/57 | 재적재  9 | 중계율 0.04 | alpha 2.419 | complete
Ep 630 | 드론3 목적지73 | 1000스텝 | 배송 50/73 | 재적재  9 | 중계율 0.07 | alpha 2.416 | step_limit
Ep 631 | 드론4 목적지58 | 1000스텝 | 배송 38/58 | 재적재  7 | 중계율 0.07 | alpha 2.426 | step_limit
Ep 632 | 드론6 목적지36 |  507스텝 | 배송 36/36 | 재적재  6 | 중계율 0.06 | alpha 2.389 | complete
Ep 633 | 드론3 목적지46 | 1000스텝 | 배송 38/46 | 재적재  6 | 중계율 0.07 | alpha 2.403 | step_limit
Ep 634 | 드론4 목적지25 |  437스텝 | 배송 25/25 | 재적재  3 | 중계율 0.04 | alpha 2.409 | complete
Ep 635 | 드론4 목적지39 |  608스텝 | 배송 39/39 | 재적재  6 | 중계율 0.05 | alpha 2.409 | complete
Ep 636 | 드론6 목적지28 |  577스텝 | 배송 28/28 | 재적재  1 | 중계율 0.04 | alpha 2.448 | complete
Ep 637 | 드론6 목적지39 |  369스텝 | 배송 39/39 | 재적재  6 | 중계율 0.04 | alpha 2.455 | complete
Ep 638 | 드론4 목적지46 | 1000스텝 | 배송 37/46 | 재적재  6 | 중계율 0.16 | alpha 2.430 | step_limit
Ep 639 | 드론6 목적지21 |  245스텝 | 배송 21/21 | 재적재  1 | 중계율 0.01 | alpha 2.423 | complete
Ep 640 | 드론3 목적지55 | 1000스텝 | 배송 38/55 | 재적재  6 | 중계율 0.07 | alpha 2.411 | step_limit
Ep 641 | 드론4 목적지74 | 1000스텝 | 배송 58/74 | 재적재 10 | 중계율 0.10 | alpha 2.415 | step_limit
Ep 642 | 드론4 목적지24 |  525스텝 | 배송 24/24 | 재적재  4 | 중계율 0.07 | alpha 2.409 | complete
Ep 643 | 드론5 목적지57 |  689스텝 | 배송 57/57 | 재적재  8 | 중계율 0.09 | alpha 2.413 | complete
Ep 644 | 드론4 목적지45 |  974스텝 | 배송 45/45 | 재적재  7 | 중계율 0.11 | alpha 2.460 | complete
Ep 645 | 드론3 목적지48 | 1000스텝 | 배송 43/48 | 재적재  8 | 중계율 0.07 | alpha 2.446 | step_limit
Ep 646 | 드론4 목적지25 |  454스텝 | 배송 25/25 | 재적재  3 | 중계율 0.03 | alpha 2.433 | complete
Ep 647 | 드론4 목적지26 |  581스텝 | 배송 26/26 | 재적재  4 | 중계율 0.07 | alpha 2.422 | complete
Ep 648 | 드론4 목적지48 | 1000스텝 | 배송 43/48 | 재적재  7 | 중계율 0.07 | alpha 2.456 | step_limit
Ep 649 | 드론6 목적지69 |  724스텝 | 배송 69/69 | 재적재 12 | 중계율 0.03 | alpha 2.467 | complete
Ep 650 | 드론4 목적지64 | 1000스텝 | 배송 60/64 | 재적재 10 | 중계율 0.08 | alpha 2.452 | step_limit
  [홀드아웃] 배송 50.0±0.0 완주 1.00 스텝 1334 점수 105.6 재적재 8.2 2홉+ 0.65 | 최고 105.6@ep650 정체 0/15  ← 갱신
Ep 651 | 드론5 목적지77 | 1000스텝 | 배송 68/77 | 재적재 12 | 중계율 0.09 | alpha 2.425 | step_limit
Ep 652 | 드론4 목적지32 |  862스텝 | 배송 32/32 | 재적재  5 | 중계율 0.15 | alpha 2.392 | complete
Ep 653 | 드론4 목적지77 | 1000스텝 | 배송 69/77 | 재적재 12 | 중계율 0.06 | alpha 2.441 | step_limit
Ep 654 | 드론6 목적지21 |  203스텝 | 배송 21/21 | 재적재  0 | 중계율 0.06 | alpha 2.452 | complete
Ep 655 | 드론4 목적지28 |  454스텝 | 배송 28/28 | 재적재  4 | 중계율 0.05 | alpha 2.461 | complete
Ep 656 | 드론4 목적지50 |  769스텝 | 배송 50/50 | 재적재  8 | 중계율 0.08 | alpha 2.461 | complete
Ep 657 | 드론5 목적지62 |  739스텝 | 배송 62/62 | 재적재 10 | 중계율 0.04 | alpha 2.458 | complete
Ep 658 | 드론3 목적지50 | 1000스텝 | 배송 42/50 | 재적재  8 | 중계율 0.11 | alpha 2.455 | step_limit
Ep 659 | 드론5 목적지39 |  383스텝 | 배송 39/39 | 재적재  5 | 중계율 0.05 | alpha 2.467 | complete
Ep 660 | 드론5 목적지65 |  806스텝 | 배송 65/65 | 재적재 11 | 중계율 0.05 | alpha 2.470 | complete
Ep 661 | 드론6 목적지20 |  230스텝 | 배송 20/20 | 재적재  0 | 중계율 0.04 | alpha 2.475 | complete
Ep 662 | 드론6 목적지46 |  422스텝 | 배송 46/46 | 재적재  7 | 중계율 0.04 | alpha 2.469 | complete
Ep 663 | 드론4 목적지78 | 1000스텝 | 배송 77/78 | 재적재 13 | 중계율 0.06 | alpha 2.484 | step_limit
Ep 664 | 드론4 목적지28 |  628스텝 | 배송 28/28 | 재적재  4 | 중계율 0.06 | alpha 2.460 | complete
Ep 665 | 드론3 목적지25 |  844스텝 | 배송 25/25 | 재적재  4 | 중계율 0.13 | alpha 2.464 | complete
Ep 666 | 드론5 목적지74 |  697스텝 | 배송 74/74 | 재적재 12 | 중계율 0.03 | alpha 2.483 | complete
Ep 667 | 드론4 목적지50 |  922스텝 | 배송 50/50 | 재적재  8 | 중계율 0.05 | alpha 2.470 | complete
Ep 668 | 드론6 목적지80 |  849스텝 | 배송 80/80 | 재적재 14 | 중계율 0.03 | alpha 2.505 | complete
Ep 669 | 드론5 목적지53 |  508스텝 | 배송 53/53 | 재적재  7 | 중계율 0.03 | alpha 2.503 | complete
Ep 670 | 드론3 목적지68 | 1000스텝 | 배송 51/68 | 재적재  9 | 중계율 0.07 | alpha 2.455 | step_limit
Ep 671 | 드론3 목적지60 | 1000스텝 | 배송 50/60 | 재적재  9 | 중계율 0.09 | alpha 2.451 | step_limit
Ep 672 | 드론3 목적지50 | 1000스텝 | 배송 41/50 | 재적재  7 | 중계율 0.05 | alpha 2.446 | step_limit
Ep 673 | 드론6 목적지54 |  509스텝 | 배송 54/54 | 재적재 10 | 중계율 0.05 | alpha 2.438 | complete
Ep 674 | 드론6 목적지73 |  832스텝 | 배송 73/73 | 재적재 12 | 중계율 0.05 | alpha 2.412 | complete
Ep 675 | 드론4 목적지74 | 1000스텝 | 배송 72/74 | 재적재 12 | 중계율 0.03 | alpha 2.405 | step_limit
Ep 676 | 드론4 목적지46 | 1000스텝 | 배송 41/46 | 재적재  6 | 중계율 0.09 | alpha 2.466 | step_limit
Ep 677 | 드론3 목적지79 | 1000스텝 | 배송 65/79 | 재적재 12 | 중계율 0.08 | alpha 2.468 | step_limit
Ep 678 | 드론5 목적지41 |  736스텝 | 배송 41/41 | 재적재  6 | 중계율 0.04 | alpha 2.463 | complete
Ep 679 | 드론5 목적지58 |  690스텝 | 배송 58/58 | 재적재  9 | 중계율 0.03 | alpha 2.505 | complete
Ep 680 | 드론3 목적지31 | 1000스텝 | 배송 27/31 | 재적재  4 | 중계율 0.08 | alpha 2.520 | step_limit
Ep 681 | 드론6 목적지65 |  640스텝 | 배송 65/65 | 재적재 10 | 중계율 0.07 | alpha 2.472 | complete
Ep 682 | 드론4 목적지72 | 1000스텝 | 배송 64/72 | 재적재 11 | 중계율 0.05 | alpha 2.471 | step_limit
Ep 683 | 드론6 목적지52 |  556스텝 | 배송 52/52 | 재적재  8 | 중계율 0.07 | alpha 2.456 | complete
Ep 684 | 드론3 목적지40 | 1000스텝 | 배송 35/40 | 재적재  6 | 중계율 0.10 | alpha 2.434 | step_limit
Ep 685 | 드론4 목적지74 | 1000스텝 | 배송 58/74 | 재적재 10 | 중계율 0.06 | alpha 2.436 | step_limit
Ep 686 | 드론6 목적지58 |  640스텝 | 배송 58/58 | 재적재  8 | 중계율 0.01 | alpha 2.446 | complete
Ep 687 | 드론4 목적지46 | 1000스텝 | 배송 37/46 | 재적재  6 | 중계율 0.11 | alpha 2.449 | step_limit
Ep 688 | 드론6 목적지33 |  316스텝 | 배송 33/33 | 재적재  3 | 중계율 0.03 | alpha 2.444 | complete
Ep 689 | 드론5 목적지80 | 1000스텝 | 배송 75/80 | 재적재 13 | 중계율 0.07 | alpha 2.403 | step_limit
Ep 690 | 드론3 목적지26 |  910스텝 | 배송 26/26 | 재적재  4 | 중계율 0.10 | alpha 2.424 | complete
Ep 691 | 드론4 목적지40 |  877스텝 | 배송 40/40 | 재적재  6 | 중계율 0.04 | alpha 2.436 | complete
Ep 692 | 드론3 목적지49 | 1000스텝 | 배송 33/49 | 재적재  5 | 중계율 0.08 | alpha 2.447 | step_limit
Ep 693 | 드론5 목적지56 |  674스텝 | 배송 56/56 | 재적재  9 | 중계율 0.05 | alpha 2.442 | complete
Ep 694 | 드론4 목적지69 | 1000스텝 | 배송 67/69 | 재적재 11 | 중계율 0.05 | alpha 2.466 | step_limit
Ep 695 | 드론5 목적지32 |  371스텝 | 배송 32/32 | 재적재  4 | 중계율 0.04 | alpha 2.475 | complete
Ep 696 | 드론4 목적지48 |  890스텝 | 배송 48/48 | 재적재  9 | 중계율 0.08 | alpha 2.470 | complete
Ep 697 | 드론3 목적지58 | 1000스텝 | 배송 50/58 | 재적재  8 | 중계율 0.06 | alpha 2.461 | step_limit
Ep 698 | 드론5 목적지65 |  847스텝 | 배송 65/65 | 재적재 10 | 중계율 0.06 | alpha 2.470 | complete
Ep 699 | 드론5 목적지44 |  738스텝 | 배송 44/44 | 재적재  7 | 중계율 0.08 | alpha 2.504 | complete
Ep 700 | 드론6 목적지40 |  911스텝 | 배송 40/40 | 재적재  7 | 중계율 0.08 | alpha 2.526 | complete
  [홀드아웃] 배송 49.9±0.3 완주 0.92 스텝 1336 점수 97.2 재적재 8.4 2홉+ 0.64 | 최고 105.6@ep650 정체 1/15
Ep 701 | 드론6 목적지26 |  321스텝 | 배송 26/26 | 재적재  3 | 중계율 0.00 | alpha 2.508 | complete
Ep 702 | 드론3 목적지66 | 1000스텝 | 배송 50/66 | 재적재  8 | 중계율 0.06 | alpha 2.536 | step_limit
Ep 703 | 드론4 목적지25 |  773스텝 | 배송 25/25 | 재적재  3 | 중계율 0.04 | alpha 2.529 | complete
Ep 704 | 드론6 목적지35 |  396스텝 | 배송 35/35 | 재적재  4 | 중계율 0.06 | alpha 2.519 | complete
Ep 705 | 드론4 목적지24 |  423스텝 | 배송 24/24 | 재적재  3 | 중계율 0.03 | alpha 2.499 | complete
Ep 706 | 드론3 목적지64 | 1000스텝 | 배송 53/64 | 재적재  9 | 중계율 0.06 | alpha 2.483 | step_limit
Ep 707 | 드론4 목적지24 |  655스텝 | 배송 24/24 | 재적재  4 | 중계율 0.06 | alpha 2.469 | complete
Ep 708 | 드론6 목적지68 |  650스텝 | 배송 68/68 | 재적재 12 | 중계율 0.05 | alpha 2.497 | complete
Ep 709 | 드론4 목적지57 | 1000스텝 | 배송 49/57 | 재적재  9 | 중계율 0.11 | alpha 2.468 | step_limit
Ep 710 | 드론6 목적지78 |  819스텝 | 배송 78/78 | 재적재 13 | 중계율 0.05 | alpha 2.461 | complete
Ep 711 | 드론6 목적지34 |  477스텝 | 배송 34/34 | 재적재  5 | 중계율 0.05 | alpha 2.472 | complete
Ep 712 | 드론4 목적지21 |  680스텝 | 배송 21/21 | 재적재  3 | 중계율 0.05 | alpha 2.462 | complete
Ep 713 | 드론3 목적지63 | 1000스텝 | 배송 50/63 | 재적재  9 | 중계율 0.10 | alpha 2.460 | step_limit
Ep 714 | 드론3 목적지64 | 1000스텝 | 배송 54/64 | 재적재 10 | 중계율 0.04 | alpha 2.487 | step_limit
Ep 715 | 드론5 목적지43 |  491스텝 | 배송 43/43 | 재적재  6 | 중계율 0.03 | alpha 2.493 | complete
Ep 716 | 드론3 목적지39 |  926스텝 | 배송 39/39 | 재적재  7 | 중계율 0.09 | alpha 2.493 | complete
Ep 717 | 드론4 목적지67 |  859스텝 | 배송 67/67 | 재적재 12 | 중계율 0.05 | alpha 2.492 | complete
Ep 718 | 드론5 목적지68 | 1000스텝 | 배송 66/68 | 재적재 11 | 중계율 0.07 | alpha 2.485 | step_limit
Ep 719 | 드론5 목적지67 | 1000스텝 | 배송 64/67 | 재적재 11 | 중계율 0.07 | alpha 2.485 | step_limit
Ep 720 | 드론3 목적지49 |  836스텝 | 배송 49/49 | 재적재  8 | 중계율 0.05 | alpha 2.466 | complete
Ep 721 | 드론4 목적지29 |  540스텝 | 배송 29/29 | 재적재  4 | 중계율 0.05 | alpha 2.464 | complete
Ep 722 | 드론6 목적지59 |  599스텝 | 배송 59/59 | 재적재  9 | 중계율 0.04 | alpha 2.475 | complete
Ep 723 | 드론5 목적지70 | 1000스텝 | 배송 67/70 | 재적재 11 | 중계율 0.06 | alpha 2.507 | step_limit
Ep 724 | 드론4 목적지69 | 1000스텝 | 배송 59/69 | 재적재 10 | 중계율 0.06 | alpha 2.543 | step_limit
Ep 725 | 드론4 목적지62 | 1000스텝 | 배송 48/62 | 재적재  7 | 중계율 0.10 | alpha 2.503 | step_limit
Ep 726 | 드론6 목적지56 |  569스텝 | 배송 56/56 | 재적재  9 | 중계율 0.03 | alpha 2.508 | complete
Ep 727 | 드론3 목적지57 | 1000스텝 | 배송 53/57 | 재적재  9 | 중계율 0.07 | alpha 2.514 | step_limit
Ep 728 | 드론6 목적지43 |  622스텝 | 배송 43/43 | 재적재  7 | 중계율 0.05 | alpha 2.536 | complete
Ep 729 | 드론5 목적지77 | 1000스텝 | 배송 71/77 | 재적재 14 | 중계율 0.08 | alpha 2.521 | step_limit
Ep 730 | 드론4 목적지27 | 1000스텝 | 배송 25/27 | 재적재  2 | 중계율 0.03 | alpha 2.563 | step_limit
Ep 731 | 드론4 목적지80 | 1000스텝 | 배송 74/80 | 재적재 14 | 중계율 0.05 | alpha 2.582 | step_limit
Ep 732 | 드론3 목적지80 | 1000스텝 | 배송 66/80 | 재적재 12 | 중계율 0.06 | alpha 2.581 | step_limit
Ep 733 | 드론5 목적지64 |  904스텝 | 배송 64/64 | 재적재 11 | 중계율 0.07 | alpha 2.544 | complete
Ep 734 | 드론3 목적지38 |  715스텝 | 배송 38/38 | 재적재  6 | 중계율 0.05 | alpha 2.524 | complete
Ep 735 | 드론5 목적지63 |  899스텝 | 배송 63/63 | 재적재 10 | 중계율 0.07 | alpha 2.525 | complete
Ep 736 | 드론4 목적지52 | 1000스텝 | 배송 48/52 | 재적재  9 | 중계율 0.09 | alpha 2.507 | step_limit
Ep 737 | 드론3 목적지41 |  991스텝 | 배송 41/41 | 재적재  7 | 중계율 0.09 | alpha 2.517 | complete
Ep 738 | 드론5 목적지49 |  931스텝 | 배송 49/49 | 재적재  9 | 중계율 0.09 | alpha 2.546 | complete
Ep 739 | 드론4 목적지27 | 1000스텝 | 배송 26/27 | 재적재  4 | 중계율 0.11 | alpha 2.524 | step_limit
Ep 740 | 드론3 목적지32 | 1000스텝 | 배송 28/32 | 재적재  4 | 중계율 0.12 | alpha 2.529 | step_limit
Ep 741 | 드론4 목적지25 |  576스텝 | 배송 25/25 | 재적재  3 | 중계율 0.06 | alpha 2.515 | complete
Ep 742 | 드론3 목적지48 | 1000스텝 | 배송 46/48 | 재적재  8 | 중계율 0.07 | alpha 2.509 | step_limit
Ep 743 | 드론5 목적지54 |  932스텝 | 배송 54/54 | 재적재  9 | 중계율 0.07 | alpha 2.513 | complete
Ep 744 | 드론5 목적지24 |  359스텝 | 배송 24/24 | 재적재  3 | 중계율 0.08 | alpha 2.524 | complete
Ep 745 | 드론6 목적지37 |  385스텝 | 배송 37/37 | 재적재  5 | 중계율 0.04 | alpha 2.545 | complete
Ep 746 | 드론4 목적지50 | 1000스텝 | 배송 44/50 | 재적재  7 | 중계율 0.10 | alpha 2.554 | step_limit
Ep 747 | 드론3 목적지78 | 1000스텝 | 배송 46/78 | 재적재  9 | 중계율 0.14 | alpha 2.558 | step_limit
Ep 748 | 드론4 목적지33 |  508스텝 | 배송 33/33 | 재적재  5 | 중계율 0.06 | alpha 2.552 | complete
Ep 749 | 드론4 목적지20 |  596스텝 | 배송 20/20 | 재적재  3 | 중계율 0.08 | alpha 2.557 | complete
Ep 750 | 드론5 목적지80 |  808스텝 | 배송 80/80 | 재적재 13 | 중계율 0.05 | alpha 2.538 | complete
  [홀드아웃] 배송 48.6±4.4 완주 0.83 스텝 1217 점수 89.3 재적재 8.3 2홉+ 0.63 | 최고 105.6@ep650 정체 2/15
Ep 751 | 드론6 목적지29 |  306스텝 | 배송 29/29 | 재적재  2 | 중계율 0.02 | alpha 2.536 | complete
Ep 752 | 드론5 목적지21 |  717스텝 | 배송 21/21 | 재적재  2 | 중계율 0.09 | alpha 2.541 | complete
Ep 753 | 드론6 목적지21 |  223스텝 | 배송 21/21 | 재적재  1 | 중계율 0.03 | alpha 2.544 | complete
Ep 754 | 드론5 목적지39 |  476스텝 | 배송 39/39 | 재적재  7 | 중계율 0.05 | alpha 2.535 | complete
Ep 755 | 드론3 목적지68 | 1000스텝 | 배송 48/68 | 재적재  9 | 중계율 0.10 | alpha 2.569 | step_limit
Ep 756 | 드론3 목적지80 |  860스텝 | 배송 41/80 | 재적재  6 | 중계율 0.03 | alpha 2.576 | no_progress
Ep 757 | 드론5 목적지62 |  781스텝 | 배송 62/62 | 재적재 10 | 중계율 0.07 | alpha 2.618 | complete
Ep 758 | 드론5 목적지36 |  809스텝 | 배송 36/36 | 재적재  6 | 중계율 0.09 | alpha 2.597 | complete
Ep 759 | 드론6 목적지46 |  603스텝 | 배송 46/46 | 재적재  7 | 중계율 0.11 | alpha 2.571 | complete
Ep 760 | 드론3 목적지23 |  759스텝 | 배송 23/23 | 재적재  3 | 중계율 0.06 | alpha 2.586 | complete
Ep 761 | 드론6 목적지36 |  416스텝 | 배송 36/36 | 재적재  4 | 중계율 0.05 | alpha 2.579 | complete
Ep 762 | 드론3 목적지66 | 1000스텝 | 배송 48/66 | 재적재  8 | 중계율 0.08 | alpha 2.586 | step_limit
Ep 763 | 드론3 목적지24 |  973스텝 | 배송 24/24 | 재적재  4 | 중계율 0.09 | alpha 2.573 | complete
Ep 764 | 드론3 목적지27 |  625스텝 | 배송 27/27 | 재적재  3 | 중계율 0.05 | alpha 2.586 | complete
Ep 765 | 드론5 목적지43 |  600스텝 | 배송 43/43 | 재적재  6 | 중계율 0.04 | alpha 2.578 | complete
Ep 766 | 드론3 목적지25 |  588스텝 | 배송 25/25 | 재적재  4 | 중계율 0.12 | alpha 2.551 | complete
Ep 767 | 드론3 목적지65 | 1000스텝 | 배송 49/65 | 재적재  9 | 중계율 0.08 | alpha 2.543 | step_limit
Ep 768 | 드론3 목적지50 |  911스텝 | 배송 50/50 | 재적재  9 | 중계율 0.04 | alpha 2.541 | complete
Ep 769 | 드론5 목적지40 |  796스텝 | 배송 40/40 | 재적재  6 | 중계율 0.06 | alpha 2.591 | complete
Ep 770 | 드론6 목적지58 |  678스텝 | 배송 58/58 | 재적재  9 | 중계율 0.06 | alpha 2.615 | complete
Ep 771 | 드론3 목적지28 | 1000스텝 | 배송 25/28 | 재적재  4 | 중계율 0.10 | alpha 2.641 | step_limit
Ep 772 | 드론5 목적지53 |  679스텝 | 배송 53/53 | 재적재  9 | 중계율 0.04 | alpha 2.635 | complete
Ep 773 | 드론3 목적지60 | 1000스텝 | 배송 45/60 | 재적재  8 | 중계율 0.08 | alpha 2.604 | step_limit
Ep 774 | 드론4 목적지60 | 1000스텝 | 배송 48/60 | 재적재  9 | 중계율 0.13 | alpha 2.593 | step_limit
Ep 775 | 드론3 목적지62 | 1000스텝 | 배송 57/62 | 재적재 10 | 중계율 0.11 | alpha 2.609 | step_limit
Ep 776 | 드론3 목적지47 | 1000스텝 | 배송 36/47 | 재적재  7 | 중계율 0.08 | alpha 2.602 | step_limit
Ep 777 | 드론3 목적지77 | 1000스텝 | 배송 66/77 | 재적재 13 | 중계율 0.06 | alpha 2.595 | step_limit
Ep 778 | 드론3 목적지29 | 1000스텝 | 배송 27/29 | 재적재  5 | 중계율 0.10 | alpha 2.578 | step_limit
Ep 779 | 드론4 목적지79 | 1000스텝 | 배송 61/79 | 재적재 11 | 중계율 0.10 | alpha 2.579 | step_limit
Ep 780 | 드론6 목적지50 |  683스텝 | 배송 50/50 | 재적재  8 | 중계율 0.07 | alpha 2.589 | complete
Ep 781 | 드론3 목적지53 | 1000스텝 | 배송 41/53 | 재적재  8 | 중계율 0.11 | alpha 2.612 | step_limit
Ep 782 | 드론3 목적지35 | 1000스텝 | 배송 25/35 | 재적재  4 | 중계율 0.16 | alpha 2.588 | step_limit
Ep 783 | 드론6 목적지55 |  543스텝 | 배송 55/55 | 재적재  9 | 중계율 0.06 | alpha 2.582 | complete
Ep 784 | 드론3 목적지53 | 1000스텝 | 배송 47/53 | 재적재  9 | 중계율 0.07 | alpha 2.573 | step_limit
Ep 785 | 드론6 목적지56 |  600스텝 | 배송 56/56 | 재적재  9 | 중계율 0.08 | alpha 2.586 | complete
Ep 786 | 드론4 목적지73 | 1000스텝 | 배송 63/73 | 재적재 11 | 중계율 0.07 | alpha 2.581 | step_limit
Ep 787 | 드론5 목적지70 |  770스텝 | 배송 70/70 | 재적재 12 | 중계율 0.03 | alpha 2.614 | complete
Ep 788 | 드론4 목적지31 |  835스텝 | 배송 31/31 | 재적재  4 | 중계율 0.06 | alpha 2.617 | complete
Ep 789 | 드론4 목적지40 |  975스텝 | 배송 40/40 | 재적재  6 | 중계율 0.09 | alpha 2.635 | complete
Ep 790 | 드론6 목적지29 |  317스텝 | 배송 29/29 | 재적재  3 | 중계율 0.04 | alpha 2.635 | complete
Ep 791 | 드론6 목적지38 |  380스텝 | 배송 38/38 | 재적재  6 | 중계율 0.08 | alpha 2.626 | complete
Ep 792 | 드론6 목적지77 |  661스텝 | 배송 77/77 | 재적재 13 | 중계율 0.04 | alpha 2.643 | complete
Ep 793 | 드론3 목적지71 | 1000스텝 | 배송 60/71 | 재적재 11 | 중계율 0.07 | alpha 2.645 | step_limit
Ep 794 | 드론3 목적지33 |  665스텝 | 배송 33/33 | 재적재  5 | 중계율 0.07 | alpha 2.641 | complete
Ep 795 | 드론4 목적지76 | 1000스텝 | 배송 59/76 | 재적재 11 | 중계율 0.10 | alpha 2.628 | step_limit
Ep 796 | 드론4 목적지65 | 1000스텝 | 배송 61/65 | 재적재 11 | 중계율 0.06 | alpha 2.639 | step_limit
Ep 797 | 드론5 목적지72 |  725스텝 | 배송 72/72 | 재적재 12 | 중계율 0.03 | alpha 2.652 | complete
Ep 798 | 드론5 목적지54 |  875스텝 | 배송 54/54 | 재적재  9 | 중계율 0.08 | alpha 2.650 | complete
Ep 799 | 드론3 목적지35 | 1000스텝 | 배송 33/35 | 재적재  5 | 중계율 0.05 | alpha 2.653 | step_limit
Ep 800 | 드론4 목적지78 | 1000스텝 | 배송 71/78 | 재적재 13 | 중계율 0.07 | alpha 2.665 | step_limit
  [홀드아웃] 배송 49.8±0.6 완주 0.92 스텝 1162 점수 97.8 재적재 8.2 2홉+ 0.62 | 최고 105.6@ep650 정체 3/15
Ep 801 | 드론4 목적지21 |  666스텝 | 배송 21/21 | 재적재  3 | 중계율 0.09 | alpha 2.665 | complete
Ep 802 | 드론6 목적지22 |  260스텝 | 배송 22/22 | 재적재  2 | 중계율 0.01 | alpha 2.657 | complete
Ep 803 | 드론6 목적지57 |  630스텝 | 배송 57/57 | 재적재  9 | 중계율 0.06 | alpha 2.639 | complete
Ep 804 | 드론3 목적지60 | 1000스텝 | 배송 46/60 | 재적재  8 | 중계율 0.06 | alpha 2.636 | step_limit
Ep 805 | 드론6 목적지34 |  299스텝 | 배송 34/34 | 재적재  3 | 중계율 0.03 | alpha 2.637 | complete
Ep 806 | 드론4 목적지59 | 1000스텝 | 배송 56/59 | 재적재 10 | 중계율 0.06 | alpha 2.645 | step_limit
Ep 807 | 드론5 목적지22 |  315스텝 | 배송 22/22 | 재적재  0 | 중계율 0.02 | alpha 2.648 | complete
Ep 808 | 드론3 목적지35 | 1000스텝 | 배송 30/35 | 재적재  6 | 중계율 0.12 | alpha 2.626 | step_limit
Ep 809 | 드론4 목적지38 | 1000스텝 | 배송 35/38 | 재적재  6 | 중계율 0.11 | alpha 2.624 | step_limit
Ep 810 | 드론5 목적지47 |  915스텝 | 배송 47/47 | 재적재  8 | 중계율 0.09 | alpha 2.624 | complete
Ep 811 | 드론4 목적지70 | 1000스텝 | 배송 60/70 | 재적재 11 | 중계율 0.12 | alpha 2.659 | step_limit
Ep 812 | 드론4 목적지40 |  579스텝 | 배송 40/40 | 재적재  6 | 중계율 0.04 | alpha 2.649 | complete
Ep 813 | 드론3 목적지55 | 1000스텝 | 배송 48/55 | 재적재  8 | 중계율 0.11 | alpha 2.639 | step_limit
Ep 814 | 드론3 목적지38 | 1000스텝 | 배송 31/38 | 재적재  4 | 중계율 0.05 | alpha 2.626 | step_limit
Ep 815 | 드론3 목적지75 | 1000스텝 | 배송 42/75 | 재적재  7 | 중계율 0.06 | alpha 2.603 | step_limit
Ep 816 | 드론5 목적지57 |  959스텝 | 배송 57/57 | 재적재  9 | 중계율 0.07 | alpha 2.618 | complete
Ep 817 | 드론4 목적지58 | 1000스텝 | 배송 57/58 | 재적재 10 | 중계율 0.09 | alpha 2.643 | step_limit
Ep 818 | 드론5 목적지21 |  516스텝 | 배송 21/21 | 재적재  3 | 중계율 0.06 | alpha 2.655 | complete
Ep 819 | 드론3 목적지70 | 1000스텝 | 배송 53/70 | 재적재 10 | 중계율 0.08 | alpha 2.652 | step_limit
Ep 820 | 드론6 목적지26 |  326스텝 | 배송 26/26 | 재적재  2 | 중계율 0.06 | alpha 2.650 | complete
Ep 821 | 드론5 목적지27 |  388스텝 | 배송 27/27 | 재적재  3 | 중계율 0.07 | alpha 2.634 | complete
Ep 822 | 드론5 목적지61 | 1000스텝 | 배송 59/61 | 재적재  9 | 중계율 0.07 | alpha 2.628 | step_limit
Ep 823 | 드론5 목적지77 | 1000스텝 | 배송 62/77 | 재적재 10 | 중계율 0.06 | alpha 2.638 | step_limit
Ep 824 | 드론3 목적지38 | 1000스텝 | 배송 37/38 | 재적재  5 | 중계율 0.09 | alpha 2.671 | step_limit
Ep 825 | 드론4 목적지63 |  827스텝 | 배송 63/63 | 재적재 11 | 중계율 0.06 | alpha 2.676 | complete
Ep 826 | 드론5 목적지44 |  612스텝 | 배송 44/44 | 재적재  6 | 중계율 0.05 | alpha 2.648 | complete
Ep 827 | 드론5 목적지51 |  927스텝 | 배송 51/51 | 재적재  9 | 중계율 0.09 | alpha 2.623 | complete
Ep 828 | 드론3 목적지41 | 1000스텝 | 배송 34/41 | 재적재  6 | 중계율 0.07 | alpha 2.634 | step_limit
Ep 829 | 드론3 목적지22 |  546스텝 | 배송 22/22 | 재적재  3 | 중계율 0.06 | alpha 2.638 | complete
Ep 830 | 드론4 목적지48 |  991스텝 | 배송 48/48 | 재적재  7 | 중계율 0.09 | alpha 2.637 | complete
Ep 831 | 드론3 목적지61 | 1000스텝 | 배송 51/61 | 재적재 10 | 중계율 0.10 | alpha 2.663 | step_limit
Ep 832 | 드론4 목적지66 | 1000스텝 | 배송 63/66 | 재적재 11 | 중계율 0.07 | alpha 2.686 | step_limit
Ep 833 | 드론4 목적지26 |  548스텝 | 배송 26/26 | 재적재  4 | 중계율 0.05 | alpha 2.678 | complete
Ep 834 | 드론6 목적지25 |  314스텝 | 배송 25/25 | 재적재  2 | 중계율 0.07 | alpha 2.681 | complete
Ep 835 | 드론3 목적지78 | 1000스텝 | 배송 55/78 | 재적재 10 | 중계율 0.09 | alpha 2.685 | step_limit
Ep 836 | 드론6 목적지22 |  367스텝 | 배송 22/22 | 재적재  2 | 중계율 0.09 | alpha 2.698 | complete
Ep 837 | 드론4 목적지74 | 1000스텝 | 배송 64/74 | 재적재 12 | 중계율 0.09 | alpha 2.687 | step_limit
Ep 838 | 드론6 목적지46 |  590스텝 | 배송 46/46 | 재적재  7 | 중계율 0.06 | alpha 2.660 | complete
Ep 839 | 드론4 목적지47 | 1000스텝 | 배송 42/47 | 재적재  7 | 중계율 0.08 | alpha 2.627 | step_limit
Ep 840 | 드론5 목적지31 |  315스텝 | 배송 31/31 | 재적재  4 | 중계율 0.06 | alpha 2.628 | complete
Ep 841 | 드론3 목적지52 | 1000스텝 | 배송 42/52 | 재적재  8 | 중계율 0.14 | alpha 2.639 | step_limit
Ep 842 | 드론4 목적지30 |  383스텝 | 배송 30/30 | 재적재  4 | 중계율 0.04 | alpha 2.653 | complete
Ep 843 | 드론5 목적지75 | 1000스텝 | 배송 66/75 | 재적재 10 | 중계율 0.12 | alpha 2.672 | step_limit
Ep 844 | 드론5 목적지28 |  559스텝 | 배송 28/28 | 재적재  5 | 중계율 0.11 | alpha 2.687 | complete
Ep 845 | 드론4 목적지44 | 1000스텝 | 배송 42/44 | 재적재  7 | 중계율 0.06 | alpha 2.695 | step_limit
Ep 846 | 드론4 목적지31 |  456스텝 | 배송 31/31 | 재적재  5 | 중계율 0.07 | alpha 2.688 | complete
Ep 847 | 드론6 목적지45 |  446스텝 | 배송 45/45 | 재적재  6 | 중계율 0.05 | alpha 2.705 | complete
Ep 848 | 드론3 목적지44 | 1000스텝 | 배송 38/44 | 재적재  7 | 중계율 0.12 | alpha 2.697 | step_limit
Ep 849 | 드론3 목적지49 | 1000스텝 | 배송 36/49 | 재적재  6 | 중계율 0.09 | alpha 2.686 | step_limit
Ep 850 | 드론3 목적지47 | 1000스텝 | 배송 39/47 | 재적재  7 | 중계율 0.09 | alpha 2.703 | step_limit
  [홀드아웃] 배송 50.0±0.0 완주 1.00 스텝 1139 점수 106.2 재적재 8.5 2홉+ 0.62 | 최고 106.2@ep850 정체 0/15  ← 갱신
Ep 851 | 드론6 목적지30 |  394스텝 | 배송 30/30 | 재적재  4 | 중계율 0.07 | alpha 2.714 | complete
Ep 852 | 드론6 목적지65 |  661스텝 | 배송 65/65 | 재적재 10 | 중계율 0.04 | alpha 2.731 | complete
Ep 853 | 드론4 목적지45 |  702스텝 | 배송 45/45 | 재적재  7 | 중계율 0.10 | alpha 2.714 | complete
Ep 854 | 드론6 목적지23 |  386스텝 | 배송 23/23 | 재적재  1 | 중계율 0.05 | alpha 2.714 | complete
Ep 855 | 드론6 목적지49 |  485스텝 | 배송 49/49 | 재적재  7 | 중계율 0.04 | alpha 2.699 | complete
Ep 856 | 드론3 목적지28 | 1000스텝 | 배송 24/28 | 재적재  4 | 중계율 0.14 | alpha 2.717 | step_limit
Ep 857 | 드론3 목적지38 | 1000스텝 | 배송 34/38 | 재적재  6 | 중계율 0.08 | alpha 2.732 | step_limit
Ep 858 | 드론6 목적지70 |  749스텝 | 배송 70/70 | 재적재 12 | 중계율 0.06 | alpha 2.731 | complete
Ep 859 | 드론6 목적지27 |  338스텝 | 배송 27/27 | 재적재  3 | 중계율 0.07 | alpha 2.719 | complete
Ep 860 | 드론6 목적지30 |  274스텝 | 배송 30/30 | 재적재  3 | 중계율 0.05 | alpha 2.726 | complete
Ep 861 | 드론3 목적지39 | 1000스텝 | 배송 34/39 | 재적재  5 | 중계율 0.10 | alpha 2.723 | step_limit
Ep 862 | 드론6 목적지50 |  477스텝 | 배송 50/50 | 재적재  7 | 중계율 0.03 | alpha 2.722 | complete
Ep 863 | 드론6 목적지30 |  471스텝 | 배송 30/30 | 재적재  4 | 중계율 0.06 | alpha 2.727 | complete
Ep 864 | 드론5 목적지38 |  750스텝 | 배송 38/38 | 재적재  6 | 중계율 0.07 | alpha 2.714 | complete
Ep 865 | 드론5 목적지56 | 1000스텝 | 배송 52/56 | 재적재  8 | 중계율 0.07 | alpha 2.723 | step_limit
Ep 866 | 드론3 목적지70 | 1000스텝 | 배송 54/70 | 재적재  9 | 중계율 0.10 | alpha 2.726 | step_limit
Ep 867 | 드론3 목적지48 | 1000스텝 | 배송 35/48 | 재적재  6 | 중계율 0.12 | alpha 2.692 | step_limit
Ep 868 | 드론5 목적지37 |  574스텝 | 배송 37/37 | 재적재  5 | 중계율 0.07 | alpha 2.681 | complete
Ep 869 | 드론5 목적지46 |  914스텝 | 배송 46/46 | 재적재  7 | 중계율 0.07 | alpha 2.693 | complete
Ep 870 | 드론3 목적지47 |  865스텝 | 배송 47/47 | 재적재  8 | 중계율 0.07 | alpha 2.722 | complete
Ep 871 | 드론3 목적지44 | 1000스텝 | 배송 40/44 | 재적재  7 | 중계율 0.09 | alpha 2.706 | step_limit
Ep 872 | 드론4 목적지57 | 1000스텝 | 배송 52/57 | 재적재  9 | 중계율 0.07 | alpha 2.708 | step_limit
Ep 873 | 드론6 목적지30 |  364스텝 | 배송 30/30 | 재적재  3 | 중계율 0.04 | alpha 2.720 | complete
Ep 874 | 드론3 목적지20 |  502스텝 | 배송 20/20 | 재적재  3 | 중계율 0.06 | alpha 2.710 | complete
Ep 875 | 드론6 목적지43 |  385스텝 | 배송 43/43 | 재적재  6 | 중계율 0.04 | alpha 2.716 | complete
Ep 876 | 드론5 목적지23 |  544스텝 | 배송 23/23 | 재적재  3 | 중계율 0.06 | alpha 2.720 | complete
Ep 877 | 드론3 목적지65 | 1000스텝 | 배송 55/65 | 재적재 10 | 중계율 0.04 | alpha 2.718 | step_limit
Ep 878 | 드론3 목적지65 | 1000스텝 | 배송 49/65 | 재적재  8 | 중계율 0.08 | alpha 2.732 | step_limit
Ep 879 | 드론5 목적지28 |  415스텝 | 배송 28/28 | 재적재  4 | 중계율 0.04 | alpha 2.734 | complete
Ep 880 | 드론6 목적지41 |  410스텝 | 배송 41/41 | 재적재  5 | 중계율 0.04 | alpha 2.740 | complete
Ep 881 | 드론4 목적지59 |  791스텝 | 배송 59/59 | 재적재  9 | 중계율 0.04 | alpha 2.747 | complete
Ep 882 | 드론3 목적지46 | 1000스텝 | 배송 43/46 | 재적재  7 | 중계율 0.07 | alpha 2.747 | step_limit
Ep 883 | 드론5 목적지67 |  952스텝 | 배송 67/67 | 재적재 13 | 중계율 0.06 | alpha 2.770 | complete
Ep 884 | 드론4 목적지49 |  792스텝 | 배송 49/49 | 재적재  9 | 중계율 0.08 | alpha 2.732 | complete
Ep 885 | 드론3 목적지51 | 1000스텝 | 배송 37/51 | 재적재  6 | 중계율 0.12 | alpha 2.761 | step_limit
Ep 886 | 드론4 목적지36 | 1000스텝 | 배송 35/36 | 재적재  5 | 중계율 0.09 | alpha 2.753 | step_limit
Ep 887 | 드론6 목적지36 |  309스텝 | 배송 36/36 | 재적재  4 | 중계율 0.05 | alpha 2.749 | complete
Ep 888 | 드론3 목적지48 | 1000스텝 | 배송 42/48 | 재적재  7 | 중계율 0.07 | alpha 2.737 | step_limit
Ep 889 | 드론6 목적지22 |  226스텝 | 배송 22/22 | 재적재  0 | 중계율 0.06 | alpha 2.740 | complete
Ep 890 | 드론3 목적지60 | 1000스텝 | 배송 49/60 | 재적재  9 | 중계율 0.12 | alpha 2.750 | step_limit
Ep 891 | 드론6 목적지80 |  826스텝 | 배송 80/80 | 재적재 13 | 중계율 0.06 | alpha 2.753 | complete
Ep 892 | 드론3 목적지73 | 1000스텝 | 배송 57/73 | 재적재 11 | 중계율 0.05 | alpha 2.775 | step_limit
Ep 893 | 드론4 목적지30 |  674스텝 | 배송 30/30 | 재적재  5 | 중계율 0.06 | alpha 2.746 | complete
Ep 894 | 드론3 목적지63 | 1000스텝 | 배송 56/63 | 재적재 10 | 중계율 0.11 | alpha 2.709 | step_limit
Ep 895 | 드론6 목적지28 |  274스텝 | 배송 28/28 | 재적재  3 | 중계율 0.07 | alpha 2.682 | complete
Ep 896 | 드론3 목적지39 |  813스텝 | 배송 39/39 | 재적재  7 | 중계율 0.10 | alpha 2.668 | complete
Ep 897 | 드론6 목적지53 |  726스텝 | 배송 53/53 | 재적재  8 | 중계율 0.06 | alpha 2.713 | complete
Ep 898 | 드론4 목적지66 | 1000스텝 | 배송 53/66 | 재적재 10 | 중계율 0.06 | alpha 2.749 | step_limit
Ep 899 | 드론4 목적지33 |  490스텝 | 배송 33/33 | 재적재  5 | 중계율 0.05 | alpha 2.755 | complete
Ep 900 | 드론5 목적지43 |  783스텝 | 배송 43/43 | 재적재  7 | 중계율 0.09 | alpha 2.784 | complete
  [홀드아웃] 배송 50.0±0.0 완주 1.00 스텝 1155 점수 106.1 재적재 8.7 2홉+ 0.63 | 최고 106.2@ep850 정체 1/15
Ep 901 | 드론6 목적지59 |  717스텝 | 배송 59/59 | 재적재  9 | 중계율 0.05 | alpha 2.796 | complete
Ep 902 | 드론3 목적지29 | 1000스텝 | 배송 27/29 | 재적재  5 | 중계율 0.09 | alpha 2.780 | step_limit
Ep 903 | 드론4 목적지75 | 1000스텝 | 배송 69/75 | 재적재 12 | 중계율 0.05 | alpha 2.725 | step_limit
Ep 904 | 드론3 목적지71 | 1000스텝 | 배송 59/71 | 재적재 11 | 중계율 0.08 | alpha 2.713 | step_limit
Ep 905 | 드론6 목적지77 |  843스텝 | 배송 77/77 | 재적재 13 | 중계율 0.05 | alpha 2.729 | complete
Ep 906 | 드론6 목적지73 |  594스텝 | 배송 73/73 | 재적재 12 | 중계율 0.04 | alpha 2.738 | complete
Ep 907 | 드론3 목적지79 | 1000스텝 | 배송 66/79 | 재적재 11 | 중계율 0.07 | alpha 2.770 | step_limit
Ep 908 | 드론6 목적지33 |  458스텝 | 배송 33/33 | 재적재  3 | 중계율 0.06 | alpha 2.776 | complete
Ep 909 | 드론5 목적지29 |  357스텝 | 배송 29/29 | 재적재  4 | 중계율 0.02 | alpha 2.762 | complete
Ep 910 | 드론6 목적지41 |  776스텝 | 배송 41/41 | 재적재  6 | 중계율 0.10 | alpha 2.781 | complete
Ep 911 | 드론6 목적지34 |  347스텝 | 배송 34/34 | 재적재  5 | 중계율 0.03 | alpha 2.789 | complete
Ep 912 | 드론6 목적지42 |  644스텝 | 배송 42/42 | 재적재  6 | 중계율 0.07 | alpha 2.802 | complete
Ep 913 | 드론5 목적지34 |  446스텝 | 배송 34/34 | 재적재  4 | 중계율 0.03 | alpha 2.809 | complete
Ep 914 | 드론4 목적지44 |  714스텝 | 배송 44/44 | 재적재  7 | 중계율 0.05 | alpha 2.787 | complete
Ep 915 | 드론3 목적지67 | 1000스텝 | 배송 45/67 | 재적재  8 | 중계율 0.07 | alpha 2.814 | step_limit
Ep 916 | 드론6 목적지34 |  501스텝 | 배송 34/34 | 재적재  4 | 중계율 0.03 | alpha 2.804 | complete
Ep 917 | 드론6 목적지52 |  485스텝 | 배송 52/52 | 재적재  9 | 중계율 0.05 | alpha 2.802 | complete
Ep 918 | 드론4 목적지45 |  674스텝 | 배송 45/45 | 재적재  7 | 중계율 0.06 | alpha 2.795 | complete
Ep 919 | 드론6 목적지39 |  555스텝 | 배송 39/39 | 재적재  6 | 중계율 0.05 | alpha 2.794 | complete
Ep 920 | 드론6 목적지58 |  523스텝 | 배송 58/58 | 재적재  9 | 중계율 0.03 | alpha 2.778 | complete
Ep 921 | 드론4 목적지40 | 1000스텝 | 배송 35/40 | 재적재  6 | 중계율 0.09 | alpha 2.779 | step_limit
Ep 922 | 드론6 목적지77 |  646스텝 | 배송 77/77 | 재적재 13 | 중계율 0.02 | alpha 2.790 | complete
Ep 923 | 드론5 목적지76 |  859스텝 | 배송 76/76 | 재적재 14 | 중계율 0.05 | alpha 2.791 | complete
Ep 924 | 드론5 목적지72 |  844스텝 | 배송 72/72 | 재적재 13 | 중계율 0.03 | alpha 2.801 | complete
Ep 925 | 드론6 목적지36 |  311스텝 | 배송 36/36 | 재적재  4 | 중계율 0.04 | alpha 2.783 | complete
Ep 926 | 드론6 목적지56 |  633스텝 | 배송 56/56 | 재적재 10 | 중계율 0.05 | alpha 2.769 | complete
Ep 927 | 드론5 목적지21 |  334스텝 | 배송 21/21 | 재적재  2 | 중계율 0.07 | alpha 2.767 | complete
Ep 928 | 드론4 목적지59 | 1000스텝 | 배송 57/59 | 재적재  9 | 중계율 0.05 | alpha 2.764 | step_limit
Ep 929 | 드론5 목적지25 |  492스텝 | 배송 25/25 | 재적재  3 | 중계율 0.10 | alpha 2.770 | complete
Ep 930 | 드론4 목적지28 |  517스텝 | 배송 28/28 | 재적재  4 | 중계율 0.07 | alpha 2.762 | complete
Ep 931 | 드론5 목적지70 | 1000스텝 | 배송 69/70 | 재적재 13 | 중계율 0.06 | alpha 2.786 | step_limit
Ep 932 | 드론4 목적지75 | 1000스텝 | 배송 63/75 | 재적재 10 | 중계율 0.06 | alpha 2.794 | step_limit
Ep 933 | 드론3 목적지31 |  658스텝 | 배송 31/31 | 재적재  5 | 중계율 0.10 | alpha 2.795 | complete
Ep 934 | 드론4 목적지28 |  563스텝 | 배송 28/28 | 재적재  4 | 중계율 0.04 | alpha 2.788 | complete
Ep 935 | 드론3 목적지36 | 1000스텝 | 배송 35/36 | 재적재  6 | 중계율 0.06 | alpha 2.828 | step_limit
Ep 936 | 드론4 목적지20 |  329스텝 | 배송 20/20 | 재적재  3 | 중계율 0.04 | alpha 2.828 | complete
Ep 937 | 드론3 목적지28 |  689스텝 | 배송 28/28 | 재적재  4 | 중계율 0.10 | alpha 2.815 | complete
Ep 938 | 드론6 목적지73 | 1000스텝 | 배송 72/73 | 재적재 12 | 중계율 0.09 | alpha 2.793 | step_limit
Ep 939 | 드론4 목적지75 | 1000스텝 | 배송 57/75 | 재적재 11 | 중계율 0.08 | alpha 2.792 | step_limit
Ep 940 | 드론6 목적지64 |  624스텝 | 배송 64/64 | 재적재 11 | 중계율 0.04 | alpha 2.813 | complete
Ep 941 | 드론3 목적지37 | 1000스텝 | 배송 32/37 | 재적재  6 | 중계율 0.10 | alpha 2.845 | step_limit
Ep 942 | 드론6 목적지57 |  575스텝 | 배송 57/57 | 재적재  9 | 중계율 0.03 | alpha 2.819 | complete
Ep 943 | 드론3 목적지69 | 1000스텝 | 배송 44/69 | 재적재  8 | 중계율 0.08 | alpha 2.828 | step_limit
Ep 944 | 드론6 목적지73 | 1000스텝 | 배송 72/73 | 재적재 12 | 중계율 0.07 | alpha 2.822 | step_limit
Ep 945 | 드론5 목적지49 |  614스텝 | 배송 49/49 | 재적재  7 | 중계율 0.05 | alpha 2.831 | complete
Ep 946 | 드론3 목적지29 |  566스텝 | 배송 29/29 | 재적재  4 | 중계율 0.08 | alpha 2.849 | complete
Ep 947 | 드론4 목적지73 | 1000스텝 | 배송 56/73 | 재적재 10 | 중계율 0.10 | alpha 2.866 | step_limit
Ep 948 | 드론6 목적지57 | 1000스텝 | 배송 55/57 | 재적재 10 | 중계율 0.12 | alpha 2.882 | step_limit
Ep 949 | 드론3 목적지24 | 1000스텝 | 배송 23/24 | 재적재  3 | 중계율 0.13 | alpha 2.901 | step_limit
Ep 950 | 드론4 목적지26 |  454스텝 | 배송 26/26 | 재적재  4 | 중계율 0.10 | alpha 2.921 | complete
  [홀드아웃] 배송 50.0±0.0 완주 1.00 스텝 1121 점수 106.3 재적재 8.4 2홉+ 0.61 | 최고 106.3@ep950 정체 0/15  ← 갱신
Ep 951 | 드론6 목적지20 |  188스텝 | 배송 20/20 | 재적재  1 | 중계율 0.04 | alpha 2.914 | complete
Ep 952 | 드론6 목적지28 |  307스텝 | 배송 28/28 | 재적재  4 | 중계율 0.04 | alpha 2.879 | complete
Ep 953 | 드론3 목적지42 | 1000스텝 | 배송 31/42 | 재적재  6 | 중계율 0.13 | alpha 2.853 | step_limit
Ep 954 | 드론3 목적지30 |  959스텝 | 배송 30/30 | 재적재  5 | 중계율 0.08 | alpha 2.843 | complete
Ep 955 | 드론5 목적지38 |  614스텝 | 배송 38/38 | 재적재  5 | 중계율 0.05 | alpha 2.854 | complete
Ep 956 | 드론4 목적지33 |  542스텝 | 배송 33/33 | 재적재  5 | 중계율 0.09 | alpha 2.866 | complete
Ep 957 | 드론3 목적지42 | 1000스텝 | 배송 34/42 | 재적재  6 | 중계율 0.13 | alpha 2.850 | step_limit
Ep 958 | 드론6 목적지34 |  407스텝 | 배송 34/34 | 재적재  5 | 중계율 0.04 | alpha 2.855 | complete
Ep 959 | 드론3 목적지80 | 1000스텝 | 배송 55/80 | 재적재 10 | 중계율 0.09 | alpha 2.860 | step_limit
Ep 960 | 드론6 목적지66 |  556스텝 | 배송 66/66 | 재적재 11 | 중계율 0.05 | alpha 2.857 | complete
Ep 961 | 드론3 목적지70 | 1000스텝 | 배송 51/70 | 재적재  9 | 중계율 0.07 | alpha 2.827 | step_limit
Ep 962 | 드론4 목적지47 | 1000스텝 | 배송 43/47 | 재적재  7 | 중계율 0.09 | alpha 2.841 | step_limit
Ep 963 | 드론6 목적지27 |  518스텝 | 배송 27/27 | 재적재  3 | 중계율 0.05 | alpha 2.847 | complete
Ep 964 | 드론6 목적지65 |  538스텝 | 배송 65/65 | 재적재 10 | 중계율 0.05 | alpha 2.869 | complete
Ep 965 | 드론3 목적지22 |  700스텝 | 배송 22/22 | 재적재  3 | 중계율 0.11 | alpha 2.867 | complete
Ep 966 | 드론4 목적지28 |  491스텝 | 배송 28/28 | 재적재  3 | 중계율 0.10 | alpha 2.865 | complete
Ep 967 | 드론5 목적지73 |  698스텝 | 배송 73/73 | 재적재 12 | 중계율 0.06 | alpha 2.841 | complete
Ep 968 | 드론5 목적지62 |  727스텝 | 배송 62/62 | 재적재 11 | 중계율 0.05 | alpha 2.868 | complete
Ep 969 | 드론6 목적지55 |  665스텝 | 배송 55/55 | 재적재  9 | 중계율 0.07 | alpha 2.890 | complete
Ep 970 | 드론5 목적지46 |  517스텝 | 배송 46/46 | 재적재  6 | 중계율 0.04 | alpha 2.864 | complete
Ep 971 | 드론5 목적지34 |  743스텝 | 배송 34/34 | 재적재  5 | 중계율 0.09 | alpha 2.877 | complete
Ep 972 | 드론3 목적지78 | 1000스텝 | 배송 60/78 | 재적재 11 | 중계율 0.11 | alpha 2.861 | step_limit
Ep 973 | 드론4 목적지78 | 1000스텝 | 배송 71/78 | 재적재 13 | 중계율 0.07 | alpha 2.879 | step_limit
Ep 974 | 드론4 목적지60 | 1000스텝 | 배송 46/60 | 재적재  8 | 중계율 0.08 | alpha 2.884 | step_limit
Ep 975 | 드론6 목적지52 |  486스텝 | 배송 52/52 | 재적재  9 | 중계율 0.07 | alpha 2.870 | complete
Ep 976 | 드론5 목적지53 |  597스텝 | 배송 53/53 | 재적재  9 | 중계율 0.05 | alpha 2.862 | complete
Ep 977 | 드론6 목적지30 |  410스텝 | 배송 30/30 | 재적재  3 | 중계율 0.07 | alpha 2.880 | complete
Ep 978 | 드론6 목적지45 |  357스텝 | 배송 45/45 | 재적재  5 | 중계율 0.05 | alpha 2.883 | complete
Ep 979 | 드론6 목적지34 |  472스텝 | 배송 34/34 | 재적재  6 | 중계율 0.07 | alpha 2.871 | complete
Ep 980 | 드론3 목적지55 | 1000스텝 | 배송 46/55 | 재적재  9 | 중계율 0.08 | alpha 2.850 | step_limit
Ep 981 | 드론5 목적지49 |  970스텝 | 배송 49/49 | 재적재  7 | 중계율 0.07 | alpha 2.845 | complete
Ep 982 | 드론3 목적지26 | 1000스텝 | 배송 23/26 | 재적재  4 | 중계율 0.08 | alpha 2.818 | step_limit
Ep 983 | 드론6 목적지39 |  479스텝 | 배송 39/39 | 재적재  6 | 중계율 0.08 | alpha 2.823 | complete
Ep 984 | 드론6 목적지20 |  325스텝 | 배송 20/20 | 재적재  2 | 중계율 0.05 | alpha 2.813 | complete
Ep 985 | 드론6 목적지29 |  381스텝 | 배송 29/29 | 재적재  4 | 중계율 0.06 | alpha 2.819 | complete
Ep 986 | 드론5 목적지59 |  853스텝 | 배송 59/59 | 재적재 11 | 중계율 0.10 | alpha 2.857 | complete
Ep 987 | 드론3 목적지74 | 1000스텝 | 배송 51/74 | 재적재  9 | 중계율 0.04 | alpha 2.861 | step_limit
Ep 988 | 드론5 목적지70 |  963스텝 | 배송 70/70 | 재적재 12 | 중계율 0.06 | alpha 2.874 | complete
Ep 989 | 드론6 목적지34 |  567스텝 | 배송 34/34 | 재적재  4 | 중계율 0.06 | alpha 2.887 | complete
Ep 990 | 드론5 목적지28 |  508스텝 | 배송 28/28 | 재적재  4 | 중계율 0.09 | alpha 2.908 | complete
Ep 991 | 드론5 목적지76 |  994스텝 | 배송 76/76 | 재적재 14 | 중계율 0.04 | alpha 2.926 | complete
Ep 992 | 드론4 목적지40 |  813스텝 | 배송 40/40 | 재적재  6 | 중계율 0.06 | alpha 2.939 | complete
Ep 993 | 드론6 목적지61 |  551스텝 | 배송 61/61 | 재적재 10 | 중계율 0.05 | alpha 2.927 | complete
Ep 994 | 드론4 목적지49 | 1000스텝 | 배송 41/49 | 재적재  6 | 중계율 0.11 | alpha 2.901 | step_limit
Ep 995 | 드론6 목적지33 |  487스텝 | 배송 33/33 | 재적재  3 | 중계율 0.09 | alpha 2.900 | complete
Ep 996 | 드론3 목적지23 |  563스텝 | 배송 23/23 | 재적재  3 | 중계율 0.08 | alpha 2.901 | complete
Ep 997 | 드론6 목적지46 |  617스텝 | 배송 46/46 | 재적재  8 | 중계율 0.07 | alpha 2.894 | complete
Ep 998 | 드론6 목적지53 |  842스텝 | 배송 53/53 | 재적재  8 | 중계율 0.08 | alpha 2.891 | complete
Ep 999 | 드론4 목적지52 | 1000스텝 | 배송 48/52 | 재적재  9 | 중계율 0.10 | alpha 2.856 | step_limit
Ep 1000 | 드론4 목적지78 | 1000스텝 | 배송 72/78 | 재적재 13 | 중계율 0.06 | alpha 2.853 | step_limit
  [홀드아웃] 배송 50.0±0.0 완주 1.00 스텝 1305 점수 105.6 재적재 8.5 2홉+ 0.63 | 최고 106.3@ep950 정체 1/15
Ep 1001 | 드론4 목적지65 | 1000스텝 | 배송 57/65 | 재적재  9 | 중계율 0.10 | alpha 2.864 | step_limit
Ep 1002 | 드론3 목적지51 | 1000스텝 | 배송 46/51 | 재적재  7 | 중계율 0.07 | alpha 2.889 | step_limit
Ep 1003 | 드론5 목적지23 |  534스텝 | 배송 23/23 | 재적재  1 | 중계율 0.04 | alpha 2.913 | complete
Ep 1004 | 드론3 목적지73 | 1000스텝 | 배송 61/73 | 재적재 11 | 중계율 0.08 | alpha 2.897 | step_limit
Ep 1005 | 드론3 목적지31 |  958스텝 | 배송 31/31 | 재적재  5 | 중계율 0.11 | alpha 2.874 | complete
Ep 1006 | 드론3 목적지54 | 1000스텝 | 배송 48/54 | 재적재  9 | 중계율 0.06 | alpha 2.873 | step_limit
Ep 1007 | 드론3 목적지61 | 1000스텝 | 배송 48/61 | 재적재  8 | 중계율 0.05 | alpha 2.871 | step_limit
Ep 1008 | 드론4 목적지56 | 1000스텝 | 배송 45/56 | 재적재  8 | 중계율 0.11 | alpha 2.884 | step_limit
Ep 1009 | 드론4 목적지65 | 1000스텝 | 배송 61/65 | 재적재 10 | 중계율 0.10 | alpha 2.879 | step_limit
Ep 1010 | 드론4 목적지64 | 1000스텝 | 배송 57/64 | 재적재 10 | 중계율 0.06 | alpha 2.915 | step_limit
Ep 1011 | 드론4 목적지48 |  806스텝 | 배송 48/48 | 재적재  8 | 중계율 0.04 | alpha 2.909 | complete
Ep 1012 | 드론5 목적지77 |  725스텝 | 배송 77/77 | 재적재 14 | 중계율 0.03 | alpha 2.904 | complete
Ep 1013 | 드론6 목적지30 |  328스텝 | 배송 30/30 | 재적재  4 | 중계율 0.02 | alpha 2.894 | complete
Ep 1014 | 드론6 목적지73 |  658스텝 | 배송 73/73 | 재적재 12 | 중계율 0.04 | alpha 2.916 | complete
Ep 1015 | 드론6 목적지80 |  859스텝 | 배송 80/80 | 재적재 14 | 중계율 0.05 | alpha 2.942 | complete
Ep 1016 | 드론4 목적지35 | 1000스텝 | 배송 32/35 | 재적재  5 | 중계율 0.09 | alpha 2.905 | step_limit
Ep 1017 | 드론4 목적지52 | 1000스텝 | 배송 49/52 | 재적재  9 | 중계율 0.08 | alpha 2.902 | step_limit
Ep 1018 | 드론6 목적지25 |  428스텝 | 배송 25/25 | 재적재  2 | 중계율 0.06 | alpha 2.909 | complete
Ep 1019 | 드론5 목적지59 |  603스텝 | 배송 59/59 | 재적재 10 | 중계율 0.03 | alpha 2.905 | complete
Ep 1020 | 드론3 목적지57 | 1000스텝 | 배송 50/57 | 재적재  8 | 중계율 0.09 | alpha 2.909 | step_limit
Ep 1021 | 드론3 목적지78 | 1000스텝 | 배송 60/78 | 재적재 12 | 중계율 0.06 | alpha 2.898 | step_limit
Ep 1022 | 드론3 목적지68 | 1000스텝 | 배송 56/68 | 재적재 10 | 중계율 0.07 | alpha 2.921 | step_limit
Ep 1023 | 드론3 목적지33 | 1000스텝 | 배송 30/33 | 재적재  5 | 중계율 0.10 | alpha 2.903 | step_limit
Ep 1024 | 드론3 목적지77 | 1000스텝 | 배송 64/77 | 재적재 12 | 중계율 0.09 | alpha 2.924 | step_limit
Ep 1025 | 드론6 목적지23 |  263스텝 | 배송 23/23 | 재적재  3 | 중계율 0.05 | alpha 2.931 | complete
Ep 1026 | 드론5 목적지21 |  280스텝 | 배송 21/21 | 재적재  2 | 중계율 0.04 | alpha 2.935 | complete
Ep 1027 | 드론3 목적지35 | 1000스텝 | 배송 32/35 | 재적재  5 | 중계율 0.10 | alpha 2.943 | step_limit
Ep 1028 | 드론5 목적지41 |  616스텝 | 배송 41/41 | 재적재  6 | 중계율 0.10 | alpha 2.927 | complete
Ep 1029 | 드론5 목적지21 |  208스텝 | 배송 21/21 | 재적재  1 | 중계율 0.03 | alpha 2.925 | complete
Ep 1030 | 드론4 목적지54 |  923스텝 | 배송 54/54 | 재적재  9 | 중계율 0.09 | alpha 2.936 | complete
Ep 1031 | 드론4 목적지72 | 1000스텝 | 배송 63/72 | 재적재 12 | 중계율 0.07 | alpha 2.962 | step_limit
Ep 1032 | 드론5 목적지48 |  948스텝 | 배송 48/48 | 재적재  7 | 중계율 0.05 | alpha 2.938 | complete
Ep 1033 | 드론3 목적지32 |  954스텝 | 배송 32/32 | 재적재  5 | 중계율 0.08 | alpha 2.940 | complete
Ep 1034 | 드론4 목적지21 |  601스텝 | 배송 21/21 | 재적재  3 | 중계율 0.10 | alpha 2.961 | complete
Ep 1035 | 드론3 목적지57 | 1000스텝 | 배송 50/57 | 재적재  9 | 중계율 0.08 | alpha 2.987 | step_limit
Ep 1036 | 드론4 목적지56 | 1000스텝 | 배송 53/56 | 재적재 10 | 중계율 0.08 | alpha 3.026 | step_limit
Ep 1037 | 드론4 목적지53 | 1000스텝 | 배송 45/53 | 재적재  8 | 중계율 0.07 | alpha 3.020 | step_limit
Ep 1038 | 드론5 목적지29 |  345스텝 | 배송 29/29 | 재적재  4 | 중계율 0.06 | alpha 3.001 | complete
Ep 1039 | 드론3 목적지45 | 1000스텝 | 배송 38/45 | 재적재  7 | 중계율 0.08 | alpha 2.968 | step_limit
Ep 1040 | 드론3 목적지23 |  623스텝 | 배송 23/23 | 재적재  4 | 중계율 0.04 | alpha 2.996 | complete
Ep 1041 | 드론6 목적지20 |  204스텝 | 배송 20/20 | 재적재  0 | 중계율 0.03 | alpha 2.995 | complete
Ep 1042 | 드론4 목적지71 | 1000스텝 | 배송 66/71 | 재적재 11 | 중계율 0.07 | alpha 2.997 | step_limit
Ep 1043 | 드론4 목적지36 |  834스텝 | 배송 36/36 | 재적재  5 | 중계율 0.07 | alpha 2.974 | complete
Ep 1044 | 드론4 목적지46 |  803스텝 | 배송 46/46 | 재적재  8 | 중계율 0.06 | alpha 2.958 | complete
Ep 1045 | 드론3 목적지65 | 1000스텝 | 배송 43/65 | 재적재  8 | 중계율 0.08 | alpha 2.992 | step_limit
Ep 1046 | 드론5 목적지53 |  819스텝 | 배송 53/53 | 재적재  8 | 중계율 0.06 | alpha 2.976 | complete
Ep 1047 | 드론5 목적지77 | 1000스텝 | 배송 72/77 | 재적재 13 | 중계율 0.08 | alpha 3.013 | step_limit
Ep 1048 | 드론6 목적지54 |  437스텝 | 배송 54/54 | 재적재  7 | 중계율 0.05 | alpha 3.026 | complete
Ep 1049 | 드론3 목적지75 | 1000스텝 | 배송 60/75 | 재적재 11 | 중계율 0.05 | alpha 3.042 | step_limit
Ep 1050 | 드론5 목적지66 | 1000스텝 | 배송 65/66 | 재적재 11 | 중계율 0.04 | alpha 3.048 | step_limit
  [홀드아웃] 배송 50.0±0.0 완주 1.00 스텝 1168 점수 106.1 재적재 8.6 2홉+ 0.63 | 최고 106.3@ep950 정체 2/15
Ep 1051 | 드론4 목적지46 | 1000스텝 | 배송 45/46 | 재적재  8 | 중계율 0.07 | alpha 3.071 | step_limit
Ep 1052 | 드론6 목적지64 |  754스텝 | 배송 64/64 | 재적재 11 | 중계율 0.05 | alpha 3.057 | complete
Ep 1053 | 드론6 목적지77 |  850스텝 | 배송 77/77 | 재적재 13 | 중계율 0.06 | alpha 3.065 | complete
Ep 1054 | 드론4 목적지50 |  773스텝 | 배송 50/50 | 재적재  9 | 중계율 0.07 | alpha 3.068 | complete
Ep 1055 | 드론3 목적지33 |  823스텝 | 배송 33/33 | 재적재  5 | 중계율 0.11 | alpha 3.068 | complete
Ep 1056 | 드론5 목적지55 |  713스텝 | 배송 55/55 | 재적재  9 | 중계율 0.08 | alpha 3.009 | complete
Ep 1057 | 드론6 목적지78 |  862스텝 | 배송 78/78 | 재적재 14 | 중계율 0.06 | alpha 3.015 | complete
Ep 1058 | 드론3 목적지74 | 1000스텝 | 배송 65/74 | 재적재 11 | 중계율 0.06 | alpha 3.040 | step_limit
Ep 1059 | 드론5 목적지76 |  888스텝 | 배송 76/76 | 재적재 13 | 중계율 0.07 | alpha 3.054 | complete
Ep 1060 | 드론4 목적지56 | 1000스텝 | 배송 54/56 | 재적재  9 | 중계율 0.08 | alpha 3.035 | step_limit
Ep 1061 | 드론6 목적지46 |  516스텝 | 배송 46/46 | 재적재  8 | 중계율 0.05 | alpha 3.041 | complete
Ep 1062 | 드론6 목적지55 |  603스텝 | 배송 55/55 | 재적재  9 | 중계율 0.03 | alpha 3.037 | complete
Ep 1063 | 드론5 목적지54 |  809스텝 | 배송 54/54 | 재적재  8 | 중계율 0.06 | alpha 3.022 | complete
Ep 1064 | 드론3 목적지76 | 1000스텝 | 배송 54/76 | 재적재 10 | 중계율 0.08 | alpha 3.005 | step_limit
Ep 1065 | 드론4 목적지23 |  496스텝 | 배송 23/23 | 재적재  2 | 중계율 0.12 | alpha 2.998 | complete
Ep 1066 | 드론3 목적지37 | 1000스텝 | 배송 32/37 | 재적재  5 | 중계율 0.08 | alpha 3.015 | step_limit
Ep 1067 | 드론3 목적지76 | 1000스텝 | 배송 56/76 | 재적재 11 | 중계율 0.07 | alpha 3.015 | step_limit
Ep 1068 | 드론6 목적지77 | 1000스텝 | 배송 77/77 | 재적재 13 | 중계율 0.06 | alpha 3.020 | complete
Ep 1069 | 드론5 목적지56 | 1000스텝 | 배송 53/56 | 재적재  9 | 중계율 0.05 | alpha 3.023 | step_limit
Ep 1070 | 드론6 목적지39 |  484스텝 | 배송 39/39 | 재적재  5 | 중계율 0.06 | alpha 3.038 | complete
Ep 1071 | 드론5 목적지26 |  366스텝 | 배송 26/26 | 재적재  3 | 중계율 0.04 | alpha 3.044 | complete
Ep 1072 | 드론6 목적지62 |  603스텝 | 배송 62/62 | 재적재 10 | 중계율 0.05 | alpha 3.041 | complete
Ep 1073 | 드론3 목적지44 | 1000스텝 | 배송 38/44 | 재적재  6 | 중계율 0.13 | alpha 3.042 | step_limit
Ep 1074 | 드론4 목적지71 | 1000스텝 | 배송 68/71 | 재적재 12 | 중계율 0.06 | alpha 3.043 | step_limit
Ep 1075 | 드론5 목적지36 |  704스텝 | 배송 36/36 | 재적재  6 | 중계율 0.06 | alpha 3.015 | complete
Ep 1076 | 드론3 목적지53 | 1000스텝 | 배송 48/53 | 재적재  8 | 중계율 0.08 | alpha 3.021 | step_limit
Ep 1077 | 드론3 목적지47 | 1000스텝 | 배송 41/47 | 재적재  7 | 중계율 0.08 | alpha 3.029 | step_limit
Ep 1078 | 드론5 목적지54 |  884스텝 | 배송 54/54 | 재적재  9 | 중계율 0.06 | alpha 3.026 | complete
Ep 1079 | 드론6 목적지48 |  551스텝 | 배송 48/48 | 재적재  8 | 중계율 0.06 | alpha 3.015 | complete
Ep 1080 | 드론6 목적지54 |  739스텝 | 배송 54/54 | 재적재  9 | 중계율 0.02 | alpha 3.051 | complete
Ep 1081 | 드론5 목적지28 |  508스텝 | 배송 28/28 | 재적재  3 | 중계율 0.09 | alpha 3.056 | complete
Ep 1082 | 드론4 목적지37 |  783스텝 | 배송 37/37 | 재적재  5 | 중계율 0.05 | alpha 3.077 | complete
Ep 1083 | 드론3 목적지25 |  513스텝 | 배송 25/25 | 재적재  3 | 중계율 0.08 | alpha 3.060 | complete
Ep 1084 | 드론6 목적지31 |  436스텝 | 배송 31/31 | 재적재  3 | 중계율 0.02 | alpha 3.041 | complete
Ep 1085 | 드론6 목적지46 |  574스텝 | 배송 46/46 | 재적재  6 | 중계율 0.09 | alpha 3.035 | complete
Ep 1086 | 드론4 목적지30 |  635스텝 | 배송 30/30 | 재적재  5 | 중계율 0.13 | alpha 3.031 | complete
Ep 1087 | 드론6 목적지20 |  312스텝 | 배송 20/20 | 재적재  1 | 중계율 0.04 | alpha 3.038 | complete
Ep 1088 | 드론3 목적지55 | 1000스텝 | 배송 39/55 | 재적재  6 | 중계율 0.07 | alpha 3.066 | step_limit
Ep 1089 | 드론5 목적지45 |  561스텝 | 배송 45/45 | 재적재  8 | 중계율 0.05 | alpha 3.065 | complete
Ep 1090 | 드론5 목적지23 |  368스텝 | 배송 23/23 | 재적재  2 | 중계율 0.07 | alpha 3.049 | complete
Ep 1091 | 드론3 목적지25 |  710스텝 | 배송 25/25 | 재적재  4 | 중계율 0.11 | alpha 3.039 | complete
Ep 1092 | 드론4 목적지46 |  912스텝 | 배송 46/46 | 재적재  7 | 중계율 0.06 | alpha 3.065 | complete
Ep 1093 | 드론5 목적지61 |  932스텝 | 배송 61/61 | 재적재 10 | 중계율 0.07 | alpha 3.108 | complete
Ep 1094 | 드론5 목적지63 |  854스텝 | 배송 63/63 | 재적재 10 | 중계율 0.06 | alpha 3.119 | complete
Ep 1095 | 드론3 목적지27 |  716스텝 | 배송 27/27 | 재적재  4 | 중계율 0.10 | alpha 3.078 | complete
Ep 1096 | 드론3 목적지72 | 1000스텝 | 배송 55/72 | 재적재 10 | 중계율 0.08 | alpha 3.059 | step_limit
Ep 1097 | 드론5 목적지45 |  619스텝 | 배송 45/45 | 재적재  6 | 중계율 0.06 | alpha 3.056 | complete
Ep 1098 | 드론6 목적지30 |  298스텝 | 배송 30/30 | 재적재  3 | 중계율 0.04 | alpha 3.043 | complete
Ep 1099 | 드론5 목적지74 |  892스텝 | 배송 74/74 | 재적재 12 | 중계율 0.06 | alpha 3.048 | complete
Ep 1100 | 드론4 목적지37 |  828스텝 | 배송 37/37 | 재적재  6 | 중계율 0.08 | alpha 3.042 | complete
  [홀드아웃] 배송 50.0±0.0 완주 1.00 스텝 1327 점수 105.6 재적재 8.5 2홉+ 0.64 | 최고 106.3@ep950 정체 3/15
Ep 1101 | 드론5 목적지34 | 1000스텝 | 배송 30/34 | 재적재  3 | 중계율 0.09 | alpha 3.063 | step_limit
Ep 1102 | 드론4 목적지40 | 1000스텝 | 배송 39/40 | 재적재  6 | 중계율 0.08 | alpha 3.070 | step_limit
Ep 1103 | 드론6 목적지64 |  641스텝 | 배송 64/64 | 재적재 10 | 중계율 0.04 | alpha 3.094 | complete
Ep 1104 | 드론6 목적지35 |  472스텝 | 배송 35/35 | 재적재  5 | 중계율 0.05 | alpha 3.079 | complete
Ep 1105 | 드론3 목적지57 | 1000스텝 | 배송 45/57 | 재적재  8 | 중계율 0.09 | alpha 3.087 | step_limit
Ep 1106 | 드론5 목적지71 | 1000스텝 | 배송 68/71 | 재적재 12 | 중계율 0.05 | alpha 3.069 | step_limit
Ep 1107 | 드론6 목적지71 |  766스텝 | 배송 71/71 | 재적재 11 | 중계율 0.07 | alpha 3.041 | complete
Ep 1108 | 드론5 목적지48 |  719스텝 | 배송 48/48 | 재적재  8 | 중계율 0.09 | alpha 3.038 | complete
Ep 1109 | 드론4 목적지55 |  815스텝 | 배송 55/55 | 재적재  9 | 중계율 0.07 | alpha 3.024 | complete
Ep 1110 | 드론4 목적지34 |  737스텝 | 배송 34/34 | 재적재  5 | 중계율 0.06 | alpha 3.039 | complete
Ep 1111 | 드론6 목적지61 |  681스텝 | 배송 61/61 | 재적재  9 | 중계율 0.07 | alpha 3.055 | complete
Ep 1112 | 드론5 목적지34 |  624스텝 | 배송 34/34 | 재적재  5 | 중계율 0.09 | alpha 3.031 | complete
Ep 1113 | 드론5 목적지45 |  558스텝 | 배송 45/45 | 재적재  5 | 중계율 0.05 | alpha 3.036 | complete
Ep 1114 | 드론3 목적지76 | 1000스텝 | 배송 54/76 | 재적재 10 | 중계율 0.08 | alpha 3.054 | step_limit
Ep 1115 | 드론3 목적지29 | 1000스텝 | 배송 26/29 | 재적재  4 | 중계율 0.08 | alpha 3.036 | step_limit
Ep 1116 | 드론3 목적지80 | 1000스텝 | 배송 61/80 | 재적재 11 | 중계율 0.11 | alpha 3.057 | step_limit
Ep 1117 | 드론3 목적지48 | 1000스텝 | 배송 45/48 | 재적재  8 | 중계율 0.08 | alpha 3.048 | step_limit
Ep 1118 | 드론5 목적지80 | 1000스텝 | 배송 75/80 | 재적재 14 | 중계율 0.06 | alpha 3.030 | step_limit
Ep 1119 | 드론6 목적지54 |  576스텝 | 배송 54/54 | 재적재  9 | 중계율 0.04 | alpha 3.031 | complete
Ep 1120 | 드론4 목적지57 | 1000스텝 | 배송 45/57 | 재적재  8 | 중계율 0.09 | alpha 3.060 | step_limit
Ep 1121 | 드론5 목적지43 |  547스텝 | 배송 43/43 | 재적재  7 | 중계율 0.07 | alpha 3.053 | complete
Ep 1122 | 드론3 목적지56 | 1000스텝 | 배송 52/56 | 재적재  9 | 중계율 0.09 | alpha 3.033 | step_limit
Ep 1123 | 드론6 목적지57 |  581스텝 | 배송 57/57 | 재적재 10 | 중계율 0.04 | alpha 3.036 | complete
Ep 1124 | 드론5 목적지77 | 1000스텝 | 배송 72/77 | 재적재 13 | 중계율 0.05 | alpha 3.036 | step_limit
Ep 1125 | 드론3 목적지30 | 1000스텝 | 배송 27/30 | 재적재  4 | 중계율 0.11 | alpha 3.005 | step_limit
Ep 1126 | 드론4 목적지48 |  692스텝 | 배송 48/48 | 재적재  7 | 중계율 0.05 | alpha 3.016 | complete
Ep 1127 | 드론5 목적지45 |  682스텝 | 배송 45/45 | 재적재  8 | 중계율 0.09 | alpha 3.064 | complete
Ep 1128 | 드론4 목적지54 |  938스텝 | 배송 54/54 | 재적재  9 | 중계율 0.06 | alpha 3.050 | complete
Ep 1129 | 드론4 목적지52 |  959스텝 | 배송 52/52 | 재적재  9 | 중계율 0.06 | alpha 3.032 | complete
Ep 1130 | 드론4 목적지42 |  932스텝 | 배송 42/42 | 재적재  7 | 중계율 0.08 | alpha 3.048 | complete
Ep 1131 | 드론5 목적지68 | 1000스텝 | 배송 66/68 | 재적재 12 | 중계율 0.06 | alpha 3.061 | step_limit
Ep 1132 | 드론4 목적지65 | 1000스텝 | 배송 64/65 | 재적재 11 | 중계율 0.09 | alpha 3.062 | step_limit
Ep 1133 | 드론4 목적지32 |  680스텝 | 배송 32/32 | 재적재  5 | 중계율 0.08 | alpha 3.065 | complete
Ep 1134 | 드론6 목적지76 | 1000스텝 | 배송 74/76 | 재적재 12 | 중계율 0.07 | alpha 3.044 | step_limit
Ep 1135 | 드론6 목적지79 |  703스텝 | 배송 79/79 | 재적재 13 | 중계율 0.03 | alpha 3.036 | complete
Ep 1136 | 드론5 목적지22 |  346스텝 | 배송 22/22 | 재적재  1 | 중계율 0.06 | alpha 3.051 | complete
Ep 1137 | 드론6 목적지74 |  781스텝 | 배송 74/74 | 재적재 13 | 중계율 0.05 | alpha 3.068 | complete
Ep 1138 | 드론3 목적지38 | 1000스텝 | 배송 34/38 | 재적재  5 | 중계율 0.10 | alpha 3.063 | step_limit
Ep 1139 | 드론5 목적지31 |  518스텝 | 배송 31/31 | 재적재  5 | 중계율 0.05 | alpha 3.056 | complete
Ep 1140 | 드론4 목적지47 |  636스텝 | 배송 47/47 | 재적재  7 | 중계율 0.03 | alpha 3.058 | complete
Ep 1141 | 드론4 목적지37 |  635스텝 | 배송 37/37 | 재적재  6 | 중계율 0.07 | alpha 3.095 | complete
Ep 1142 | 드론4 목적지53 | 1000스텝 | 배송 51/53 | 재적재  9 | 중계율 0.08 | alpha 3.102 | step_limit
Ep 1143 | 드론3 목적지48 |  870스텝 | 배송 48/48 | 재적재  8 | 중계율 0.07 | alpha 3.108 | complete
Ep 1144 | 드론4 목적지70 | 1000스텝 | 배송 67/70 | 재적재 11 | 중계율 0.06 | alpha 3.101 | step_limit
Ep 1145 | 드론6 목적지48 |  587스텝 | 배송 48/48 | 재적재  6 | 중계율 0.04 | alpha 3.078 | complete
Ep 1146 | 드론4 목적지45 | 1000스텝 | 배송 40/45 | 재적재  7 | 중계율 0.12 | alpha 3.048 | step_limit
Ep 1147 | 드론6 목적지49 |  499스텝 | 배송 49/49 | 재적재  8 | 중계율 0.03 | alpha 3.040 | complete
Ep 1148 | 드론5 목적지22 |  475스텝 | 배송 22/22 | 재적재  1 | 중계율 0.02 | alpha 3.044 | complete
Ep 1149 | 드론4 목적지44 |  830스텝 | 배송 44/44 | 재적재  6 | 중계율 0.07 | alpha 3.031 | complete
Ep 1150 | 드론5 목적지51 |  907스텝 | 배송 51/51 | 재적재  8 | 중계율 0.09 | alpha 3.008 | complete
  [홀드아웃] 배송 49.7±1.1 완주 0.92 스텝 1209 점수 97.6 재적재 8.5 2홉+ 0.63 | 최고 106.3@ep950 정체 4/15
Ep 1151 | 드론3 목적지63 | 1000스텝 | 배송 47/63 | 재적재  7 | 중계율 0.11 | alpha 3.062 | step_limit
Ep 1152 | 드론3 목적지47 |  993스텝 | 배송 47/47 | 재적재  9 | 중계율 0.11 | alpha 3.102 | complete
Ep 1153 | 드론4 목적지44 |  876스텝 | 배송 44/44 | 재적재  8 | 중계율 0.06 | alpha 3.129 | complete
Ep 1154 | 드론5 목적지39 |  556스텝 | 배송 39/39 | 재적재  6 | 중계율 0.06 | alpha 3.124 | complete
Ep 1155 | 드론3 목적지52 | 1000스텝 | 배송 37/52 | 재적재  6 | 중계율 0.06 | alpha 3.125 | step_limit
Ep 1156 | 드론6 목적지59 |  618스텝 | 배송 59/59 | 재적재  9 | 중계율 0.02 | alpha 3.120 | complete
Ep 1157 | 드론3 목적지33 | 1000스텝 | 배송 28/33 | 재적재  5 | 중계율 0.08 | alpha 3.167 | step_limit
Ep 1158 | 드론5 목적지55 |  861스텝 | 배송 55/55 | 재적재  9 | 중계율 0.06 | alpha 3.173 | complete
Ep 1159 | 드론6 목적지33 |  332스텝 | 배송 33/33 | 재적재  5 | 중계율 0.03 | alpha 3.182 | complete
Ep 1160 | 드론5 목적지71 | 1000스텝 | 배송 65/71 | 재적재 11 | 중계율 0.08 | alpha 3.180 | step_limit
Ep 1161 | 드론5 목적지78 | 1000스텝 | 배송 68/78 | 재적재 11 | 중계율 0.04 | alpha 3.134 | step_limit
Ep 1162 | 드론4 목적지27 |  307스텝 | 배송 27/27 | 재적재  3 | 중계율 0.03 | alpha 3.137 | complete
Ep 1163 | 드론3 목적지71 | 1000스텝 | 배송 50/71 | 재적재  9 | 중계율 0.07 | alpha 3.112 | step_limit
Ep 1164 | 드론5 목적지24 |  711스텝 | 배송 24/24 | 재적재  3 | 중계율 0.05 | alpha 3.114 | complete
Ep 1165 | 드론4 목적지47 | 1000스텝 | 배송 42/47 | 재적재  7 | 중계율 0.09 | alpha 3.121 | step_limit
Ep 1166 | 드론5 목적지79 | 1000스텝 | 배송 75/79 | 재적재 13 | 중계율 0.07 | alpha 3.149 | step_limit
Ep 1167 | 드론4 목적지74 | 1000스텝 | 배송 71/74 | 재적재 13 | 중계율 0.07 | alpha 3.211 | step_limit
Ep 1168 | 드론4 목적지68 |  715스텝 | 배송 68/68 | 재적재 13 | 중계율 0.03 | alpha 3.233 | complete
Ep 1169 | 드론3 목적지79 | 1000스텝 | 배송 60/79 | 재적재 11 | 중계율 0.10 | alpha 3.203 | step_limit
Ep 1170 | 드론4 목적지39 |  631스텝 | 배송 39/39 | 재적재  6 | 중계율 0.04 | alpha 3.202 | complete
Ep 1171 | 드론5 목적지25 |  365스텝 | 배송 25/25 | 재적재  4 | 중계율 0.05 | alpha 3.179 | complete
Ep 1172 | 드론3 목적지21 |  635스텝 | 배송 21/21 | 재적재  3 | 중계율 0.11 | alpha 3.154 | complete
Ep 1173 | 드론6 목적지53 |  579스텝 | 배송 53/53 | 재적재  8 | 중계율 0.05 | alpha 3.142 | complete
Ep 1174 | 드론4 목적지51 | 1000스텝 | 배송 50/51 | 재적재  8 | 중계율 0.09 | alpha 3.138 | step_limit
Ep 1175 | 드론3 목적지74 | 1000스텝 | 배송 62/74 | 재적재 11 | 중계율 0.09 | alpha 3.134 | step_limit
Ep 1176 | 드론4 목적지66 | 1000스텝 | 배송 50/66 | 재적재  8 | 중계율 0.07 | alpha 3.141 | step_limit
Ep 1177 | 드론4 목적지66 | 1000스텝 | 배송 62/66 | 재적재 11 | 중계율 0.07 | alpha 3.129 | step_limit
Ep 1178 | 드론5 목적지39 |  755스텝 | 배송 39/39 | 재적재  5 | 중계율 0.07 | alpha 3.140 | complete
Ep 1179 | 드론4 목적지21 |  993스텝 | 배송 21/21 | 재적재  3 | 중계율 0.07 | alpha 3.197 | complete
Ep 1180 | 드론4 목적지33 |  641스텝 | 배송 33/33 | 재적재  5 | 중계율 0.08 | alpha 3.184 | complete
Ep 1181 | 드론3 목적지41 | 1000스텝 | 배송 36/41 | 재적재  6 | 중계율 0.09 | alpha 3.173 | step_limit
Ep 1182 | 드론6 목적지48 |  468스텝 | 배송 48/48 | 재적재  8 | 중계율 0.05 | alpha 3.187 | complete
Ep 1183 | 드론5 목적지22 |  532스텝 | 배송 22/22 | 재적재  3 | 중계율 0.04 | alpha 3.188 | complete
Ep 1184 | 드론6 목적지24 |  254스텝 | 배송 24/24 | 재적재  2 | 중계율 0.05 | alpha 3.189 | complete
Ep 1185 | 드론4 목적지79 | 1000스텝 | 배송 72/79 | 재적재 12 | 중계율 0.05 | alpha 3.168 | step_limit
Ep 1186 | 드론3 목적지43 | 1000스텝 | 배송 37/43 | 재적재  7 | 중계율 0.10 | alpha 3.173 | step_limit
Ep 1187 | 드론5 목적지80 | 1000스텝 | 배송 78/80 | 재적재 14 | 중계율 0.07 | alpha 3.205 | step_limit
Ep 1188 | 드론4 목적지67 | 1000스텝 | 배송 65/67 | 재적재 12 | 중계율 0.04 | alpha 3.247 | step_limit
Ep 1189 | 드론5 목적지67 | 1000스텝 | 배송 66/67 | 재적재 11 | 중계율 0.09 | alpha 3.250 | step_limit
Ep 1190 | 드론4 목적지28 |  567스텝 | 배송 28/28 | 재적재  4 | 중계율 0.04 | alpha 3.239 | complete
Ep 1191 | 드론4 목적지67 | 1000스텝 | 배송 57/67 | 재적재 11 | 중계율 0.09 | alpha 3.229 | step_limit
Ep 1192 | 드론4 목적지44 | 1000스텝 | 배송 41/44 | 재적재  6 | 중계율 0.07 | alpha 3.197 | step_limit
Ep 1193 | 드론5 목적지53 |  606스텝 | 배송 53/53 | 재적재  8 | 중계율 0.03 | alpha 3.172 | complete
Ep 1194 | 드론5 목적지27 |  541스텝 | 배송 27/27 | 재적재  3 | 중계율 0.09 | alpha 3.190 | complete
Ep 1195 | 드론6 목적지57 |  610스텝 | 배송 57/57 | 재적재  9 | 중계율 0.05 | alpha 3.198 | complete
Ep 1196 | 드론4 목적지74 | 1000스텝 | 배송 73/74 | 재적재 13 | 중계율 0.05 | alpha 3.168 | step_limit
Ep 1197 | 드론6 목적지25 |  259스텝 | 배송 25/25 | 재적재  2 | 중계율 0.01 | alpha 3.191 | complete
Ep 1198 | 드론6 목적지35 |  396스텝 | 배송 35/35 | 재적재  5 | 중계율 0.05 | alpha 3.189 | complete
Ep 1199 | 드론6 목적지29 |  517스텝 | 배송 29/29 | 재적재  4 | 중계율 0.02 | alpha 3.187 | complete
Ep 1200 | 드론3 목적지40 | 1000스텝 | 배송 35/40 | 재적재  6 | 중계율 0.07 | alpha 3.177 | step_limit
  [홀드아웃] 배송 50.0±0.0 완주 1.00 스텝 1519 점수 104.9 재적재 8.5 2홉+ 0.65 | 최고 106.3@ep950 정체 5/15
Ep 1201 | 드론3 목적지43 | 1000스텝 | 배송 38/43 | 재적재  7 | 중계율 0.11 | alpha 3.162 | step_limit
Ep 1202 | 드론4 목적지25 |  320스텝 | 배송 25/25 | 재적재  3 | 중계율 0.08 | alpha 3.159 | complete
Ep 1203 | 드론3 목적지48 | 1000스텝 | 배송 42/48 | 재적재  7 | 중계율 0.13 | alpha 3.145 | step_limit
Ep 1204 | 드론4 목적지59 | 1000스텝 | 배송 51/59 | 재적재  8 | 중계율 0.06 | alpha 3.160 | step_limit
Ep 1205 | 드론6 목적지53 |  434스텝 | 배송 53/53 | 재적재  9 | 중계율 0.04 | alpha 3.162 | complete
Ep 1206 | 드론3 목적지45 | 1000스텝 | 배송 42/45 | 재적재  7 | 중계율 0.10 | alpha 3.156 | step_limit
Ep 1207 | 드론3 목적지72 | 1000스텝 | 배송 52/72 | 재적재  8 | 중계율 0.14 | alpha 3.150 | step_limit
Ep 1208 | 드론3 목적지68 | 1000스텝 | 배송 49/68 | 재적재  8 | 중계율 0.12 | alpha 3.142 | step_limit
Ep 1209 | 드론5 목적지37 |  496스텝 | 배송 37/37 | 재적재  5 | 중계율 0.04 | alpha 3.155 | complete
Ep 1210 | 드론4 목적지40 |  886스텝 | 배송 40/40 | 재적재  6 | 중계율 0.06 | alpha 3.163 | complete
Ep 1211 | 드론5 목적지40 |  504스텝 | 배송 40/40 | 재적재  6 | 중계율 0.07 | alpha 3.153 | complete
Ep 1212 | 드론6 목적지47 |  535스텝 | 배송 47/47 | 재적재  7 | 중계율 0.05 | alpha 3.173 | complete
Ep 1213 | 드론6 목적지44 |  548스텝 | 배송 44/44 | 재적재  6 | 중계율 0.06 | alpha 3.169 | complete
Ep 1214 | 드론4 목적지54 |  937스텝 | 배송 54/54 | 재적재  9 | 중계율 0.06 | alpha 3.152 | complete
Ep 1215 | 드론3 목적지71 | 1000스텝 | 배송 61/71 | 재적재 10 | 중계율 0.07 | alpha 3.158 | step_limit
Ep 1216 | 드론6 목적지68 |  791스텝 | 배송 68/68 | 재적재 11 | 중계율 0.05 | alpha 3.147 | complete
Ep 1217 | 드론3 목적지48 | 1000스텝 | 배송 44/48 | 재적재  7 | 중계율 0.09 | alpha 3.197 | step_limit
Ep 1218 | 드론5 목적지37 |  588스텝 | 배송 37/37 | 재적재  6 | 중계율 0.06 | alpha 3.191 | complete
Ep 1219 | 드론4 목적지80 | 1000스텝 | 배송 63/80 | 재적재 11 | 중계율 0.07 | alpha 3.170 | step_limit
Ep 1220 | 드론4 목적지63 | 1000스텝 | 배송 59/63 | 재적재 10 | 중계율 0.07 | alpha 3.186 | step_limit
Ep 1221 | 드론3 목적지21 |  630스텝 | 배송 21/21 | 재적재  3 | 중계율 0.13 | alpha 3.179 | complete
Ep 1222 | 드론3 목적지59 | 1000스텝 | 배송 49/59 | 재적재  9 | 중계율 0.06 | alpha 3.193 | step_limit
Ep 1223 | 드론4 목적지25 |  815스텝 | 배송 25/25 | 재적재  4 | 중계율 0.10 | alpha 3.191 | complete
Ep 1224 | 드론4 목적지53 |  842스텝 | 배송 53/53 | 재적재  8 | 중계율 0.08 | alpha 3.168 | complete
Ep 1225 | 드론3 목적지66 | 1000스텝 | 배송 51/66 | 재적재  9 | 중계율 0.11 | alpha 3.165 | step_limit
Ep 1226 | 드론5 목적지39 |  444스텝 | 배송 39/39 | 재적재  6 | 중계율 0.04 | alpha 3.162 | complete
Ep 1227 | 드론6 목적지70 |  692스텝 | 배송 70/70 | 재적재 13 | 중계율 0.06 | alpha 3.183 | complete
Ep 1228 | 드론3 목적지52 | 1000스텝 | 배송 42/52 | 재적재  8 | 중계율 0.10 | alpha 3.164 | step_limit
Ep 1229 | 드론3 목적지43 |  988스텝 | 배송 43/43 | 재적재  7 | 중계율 0.06 | alpha 3.161 | complete
Ep 1230 | 드론3 목적지79 | 1000스텝 | 배송 59/79 | 재적재 10 | 중계율 0.06 | alpha 3.133 | step_limit
Ep 1231 | 드론4 목적지30 |  505스텝 | 배송 30/30 | 재적재  4 | 중계율 0.04 | alpha 3.134 | complete
Ep 1232 | 드론4 목적지67 | 1000스텝 | 배송 64/67 | 재적재 12 | 중계율 0.06 | alpha 3.173 | step_limit
Ep 1233 | 드론5 목적지36 |  649스텝 | 배송 36/36 | 재적재  5 | 중계율 0.06 | alpha 3.178 | complete
Ep 1234 | 드론4 목적지71 | 1000스텝 | 배송 66/71 | 재적재 11 | 중계율 0.06 | alpha 3.200 | step_limit
Ep 1235 | 드론5 목적지57 |  869스텝 | 배송 57/57 | 재적재  9 | 중계율 0.05 | alpha 3.179 | complete
Ep 1236 | 드론6 목적지53 |  548스텝 | 배송 53/53 | 재적재  8 | 중계율 0.06 | alpha 3.187 | complete
Ep 1237 | 드론5 목적지71 | 1000스텝 | 배송 61/71 | 재적재  9 | 중계율 0.08 | alpha 3.160 | step_limit
Ep 1238 | 드론6 목적지65 |  671스텝 | 배송 65/65 | 재적재 10 | 중계율 0.06 | alpha 3.179 | complete
Ep 1239 | 드론4 목적지60 | 1000스텝 | 배송 54/60 | 재적재 10 | 중계율 0.10 | alpha 3.173 | step_limit
Ep 1240 | 드론4 목적지53 | 1000스텝 | 배송 49/53 | 재적재  8 | 중계율 0.08 | alpha 3.203 | step_limit
Ep 1241 | 드론3 목적지80 | 1000스텝 | 배송 60/80 | 재적재 12 | 중계율 0.13 | alpha 3.193 | step_limit
Ep 1242 | 드론5 목적지25 |  484스텝 | 배송 25/25 | 재적재  3 | 중계율 0.07 | alpha 3.192 | complete
Ep 1243 | 드론4 목적지63 | 1000스텝 | 배송 52/63 | 재적재  8 | 중계율 0.08 | alpha 3.209 | step_limit
Ep 1244 | 드론6 목적지36 |  532스텝 | 배송 36/36 | 재적재  5 | 중계율 0.04 | alpha 3.205 | complete
Ep 1245 | 드론6 목적지42 |  564스텝 | 배송 42/42 | 재적재  6 | 중계율 0.05 | alpha 3.191 | complete
Ep 1246 | 드론4 목적지34 |  535스텝 | 배송 34/34 | 재적재  5 | 중계율 0.04 | alpha 3.176 | complete
Ep 1247 | 드론5 목적지41 |  631스텝 | 배송 41/41 | 재적재  6 | 중계율 0.06 | alpha 3.199 | complete
Ep 1248 | 드론5 목적지56 |  767스텝 | 배송 56/56 | 재적재  9 | 중계율 0.06 | alpha 3.233 | complete
Ep 1249 | 드론4 목적지52 |  907스텝 | 배송 52/52 | 재적재  9 | 중계율 0.09 | alpha 3.258 | complete
Ep 1250 | 드론3 목적지29 |  906스텝 | 배송 29/29 | 재적재  4 | 중계율 0.08 | alpha 3.261 | complete
  [홀드아웃] 배송 50.0±0.0 완주 1.00 스텝 1279 점수 105.7 재적재 8.6 2홉+ 0.64 | 최고 106.3@ep950 정체 6/15
Ep 1251 | 드론4 목적지71 | 1000스텝 | 배송 54/71 | 재적재 10 | 중계율 0.08 | alpha 3.277 | step_limit
Ep 1252 | 드론5 목적지79 | 1000스텝 | 배송 68/79 | 재적재 12 | 중계율 0.11 | alpha 3.291 | step_limit
Ep 1253 | 드론6 목적지71 |  851스텝 | 배송 71/71 | 재적재 12 | 중계율 0.06 | alpha 3.318 | complete
Ep 1254 | 드론6 목적지47 |  588스텝 | 배송 47/47 | 재적재  6 | 중계율 0.06 | alpha 3.306 | complete
Ep 1255 | 드론5 목적지70 | 1000스텝 | 배송 69/70 | 재적재 12 | 중계율 0.06 | alpha 3.303 | step_limit
Ep 1256 | 드론3 목적지67 | 1000스텝 | 배송 50/67 | 재적재 10 | 중계율 0.10 | alpha 3.291 | step_limit
Ep 1257 | 드론4 목적지41 | 1000스텝 | 배송 38/41 | 재적재  6 | 중계율 0.08 | alpha 3.288 | step_limit
Ep 1258 | 드론5 목적지41 |  431스텝 | 배송 41/41 | 재적재  6 | 중계율 0.01 | alpha 3.286 | complete
Ep 1259 | 드론4 목적지67 | 1000스텝 | 배송 57/67 | 재적재 10 | 중계율 0.10 | alpha 3.250 | step_limit
Ep 1260 | 드론3 목적지20 |  721스텝 | 배송 20/20 | 재적재  3 | 중계율 0.10 | alpha 3.248 | complete
Ep 1261 | 드론4 목적지45 |  775스텝 | 배송 45/45 | 재적재  7 | 중계율 0.05 | alpha 3.282 | complete
Ep 1262 | 드론3 목적지61 | 1000스텝 | 배송 47/61 | 재적재  8 | 중계율 0.12 | alpha 3.243 | step_limit
Ep 1263 | 드론6 목적지34 |  361스텝 | 배송 34/34 | 재적재  4 | 중계율 0.03 | alpha 3.254 | complete
Ep 1264 | 드론6 목적지31 |  320스텝 | 배송 31/31 | 재적재  3 | 중계율 0.03 | alpha 3.255 | complete
Ep 1265 | 드론4 목적지56 | 1000스텝 | 배송 49/56 | 재적재  9 | 중계율 0.09 | alpha 3.299 | step_limit
Ep 1266 | 드론4 목적지23 |  426스텝 | 배송 23/23 | 재적재  3 | 중계율 0.06 | alpha 3.315 | complete
Ep 1267 | 드론3 목적지63 | 1000스텝 | 배송 51/63 | 재적재  9 | 중계율 0.07 | alpha 3.318 | step_limit
Ep 1268 | 드론3 목적지39 | 1000스텝 | 배송 36/39 | 재적재  6 | 중계율 0.07 | alpha 3.322 | step_limit
Ep 1269 | 드론5 목적지70 |  933스텝 | 배송 70/70 | 재적재 12 | 중계율 0.05 | alpha 3.314 | complete
Ep 1270 | 드론5 목적지39 |  880스텝 | 배송 39/39 | 재적재  6 | 중계율 0.07 | alpha 3.277 | complete
Ep 1271 | 드론3 목적지74 | 1000스텝 | 배송 57/74 | 재적재 10 | 중계율 0.09 | alpha 3.284 | step_limit
Ep 1272 | 드론5 목적지20 |  287스텝 | 배송 20/20 | 재적재  1 | 중계율 0.02 | alpha 3.291 | complete
Ep 1273 | 드론3 목적지27 | 1000스텝 | 배송 24/27 | 재적재  4 | 중계율 0.08 | alpha 3.270 | step_limit
Ep 1274 | 드론3 목적지34 | 1000스텝 | 배송 33/34 | 재적재  6 | 중계율 0.10 | alpha 3.313 | step_limit
Ep 1275 | 드론3 목적지29 |  961스텝 | 배송 29/29 | 재적재  5 | 중계율 0.13 | alpha 3.283 | complete
Ep 1276 | 드론6 목적지62 |  794스텝 | 배송 62/62 | 재적재 11 | 중계율 0.07 | alpha 3.289 | complete
Ep 1277 | 드론3 목적지77 | 1000스텝 | 배송 57/77 | 재적재 10 | 중계율 0.07 | alpha 3.327 | step_limit
Ep 1278 | 드론3 목적지59 | 1000스텝 | 배송 45/59 | 재적재  7 | 중계율 0.11 | alpha 3.299 | step_limit
Ep 1279 | 드론6 목적지39 |  551스텝 | 배송 39/39 | 재적재  6 | 중계율 0.08 | alpha 3.296 | complete
Ep 1280 | 드론4 목적지31 |  496스텝 | 배송 31/31 | 재적재  4 | 중계율 0.04 | alpha 3.323 | complete
Ep 1281 | 드론3 목적지36 | 1000스텝 | 배송 30/36 | 재적재  5 | 중계율 0.11 | alpha 3.347 | step_limit
Ep 1282 | 드론4 목적지39 | 1000스텝 | 배송 38/39 | 재적재  6 | 중계율 0.05 | alpha 3.290 | step_limit
Ep 1283 | 드론3 목적지43 | 1000스텝 | 배송 37/43 | 재적재  7 | 중계율 0.11 | alpha 3.265 | step_limit
Ep 1284 | 드론5 목적지25 |  741스텝 | 배송 25/25 | 재적재  3 | 중계율 0.09 | alpha 3.292 | complete
Ep 1285 | 드론6 목적지74 |  816스텝 | 배송 74/74 | 재적재 12 | 중계율 0.05 | alpha 3.275 | complete
Ep 1286 | 드론3 목적지76 | 1000스텝 | 배송 54/76 | 재적재 10 | 중계율 0.06 | alpha 3.274 | step_limit
Ep 1287 | 드론6 목적지59 |  598스텝 | 배송 59/59 | 재적재 10 | 중계율 0.07 | alpha 3.273 | complete
Ep 1288 | 드론5 목적지77 |  855스텝 | 배송 77/77 | 재적재 14 | 중계율 0.06 | alpha 3.258 | complete
Ep 1289 | 드론3 목적지24 |  379스텝 | 배송 24/24 | 재적재  3 | 중계율 0.07 | alpha 3.243 | complete
Ep 1290 | 드론5 목적지52 |  757스텝 | 배송 52/52 | 재적재  8 | 중계율 0.05 | alpha 3.281 | complete
Ep 1291 | 드론3 목적지42 | 1000스텝 | 배송 40/42 | 재적재  7 | 중계율 0.05 | alpha 3.305 | step_limit
Ep 1292 | 드론3 목적지77 | 1000스텝 | 배송 46/77 | 재적재  8 | 중계율 0.11 | alpha 3.283 | step_limit
Ep 1293 | 드론5 목적지76 | 1000스텝 | 배송 73/76 | 재적재 13 | 중계율 0.06 | alpha 3.332 | step_limit
Ep 1294 | 드론6 목적지31 |  416스텝 | 배송 31/31 | 재적재  4 | 중계율 0.02 | alpha 3.329 | complete
Ep 1295 | 드론5 목적지61 | 1000스텝 | 배송 56/61 | 재적재 10 | 중계율 0.07 | alpha 3.313 | step_limit
Ep 1296 | 드론4 목적지50 |  913스텝 | 배송 50/50 | 재적재  8 | 중계율 0.06 | alpha 3.294 | complete
Ep 1297 | 드론5 목적지76 | 1000스텝 | 배송 70/76 | 재적재 12 | 중계율 0.09 | alpha 3.304 | step_limit
Ep 1298 | 드론5 목적지36 |  542스텝 | 배송 36/36 | 재적재  5 | 중계율 0.08 | alpha 3.331 | complete
Ep 1299 | 드론5 목적지66 |  819스텝 | 배송 66/66 | 재적재 10 | 중계율 0.04 | alpha 3.348 | complete
Ep 1300 | 드론3 목적지21 |  861스텝 | 배송 21/21 | 재적재  3 | 중계율 0.13 | alpha 3.329 | complete
  [홀드아웃] 배송 50.0±0.0 완주 1.00 스텝 1284 점수 105.7 재적재 8.4 2홉+ 0.63 | 최고 106.3@ep950 정체 7/15
Ep 1301 | 드론3 목적지47 | 1000스텝 | 배송 43/47 | 재적재  7 | 중계율 0.08 | alpha 3.318 | step_limit
Ep 1302 | 드론3 목적지58 | 1000스텝 | 배송 52/58 | 재적재  9 | 중계율 0.06 | alpha 3.334 | step_limit
Ep 1303 | 드론5 목적지61 |  854스텝 | 배송 61/61 | 재적재 11 | 중계율 0.06 | alpha 3.360 | complete
Ep 1304 | 드론3 목적지67 | 1000스텝 | 배송 59/67 | 재적재 10 | 중계율 0.06 | alpha 3.353 | step_limit
Ep 1305 | 드론6 목적지61 |  698스텝 | 배송 61/61 | 재적재  9 | 중계율 0.04 | alpha 3.325 | complete
Ep 1306 | 드론3 목적지79 | 1000스텝 | 배송 61/79 | 재적재 11 | 중계율 0.06 | alpha 3.300 | step_limit
Ep 1307 | 드론5 목적지73 |  767스텝 | 배송 73/73 | 재적재 12 | 중계율 0.01 | alpha 3.323 | complete
Ep 1308 | 드론5 목적지60 | 1000스텝 | 배송 59/60 | 재적재 11 | 중계율 0.09 | alpha 3.275 | step_limit
Ep 1309 | 드론6 목적지77 |  821스텝 | 배송 77/77 | 재적재 12 | 중계율 0.05 | alpha 3.279 | complete
Ep 1310 | 드론5 목적지72 |  847스텝 | 배송 72/72 | 재적재 12 | 중계율 0.05 | alpha 3.309 | complete
Ep 1311 | 드론3 목적지60 | 1000스텝 | 배송 43/60 | 재적재  7 | 중계율 0.10 | alpha 3.283 | step_limit
Ep 1312 | 드론5 목적지59 |  844스텝 | 배송 59/59 | 재적재 10 | 중계율 0.05 | alpha 3.317 | complete
Ep 1313 | 드론3 목적지72 | 1000스텝 | 배송 50/72 | 재적재  9 | 중계율 0.11 | alpha 3.319 | step_limit
Ep 1314 | 드론4 목적지67 | 1000스텝 | 배송 49/67 | 재적재  8 | 중계율 0.10 | alpha 3.361 | step_limit
Ep 1315 | 드론6 목적지58 |  708스텝 | 배송 58/58 | 재적재  9 | 중계율 0.04 | alpha 3.388 | complete
Ep 1316 | 드론3 목적지66 | 1000스텝 | 배송 43/66 | 재적재  7 | 중계율 0.07 | alpha 3.410 | step_limit
Ep 1317 | 드론5 목적지67 |  873스텝 | 배송 67/67 | 재적재 12 | 중계율 0.05 | alpha 3.413 | complete
Ep 1318 | 드론4 목적지28 |  778스텝 | 배송 28/28 | 재적재  4 | 중계율 0.02 | alpha 3.412 | complete
Ep 1319 | 드론4 목적지34 |  745스텝 | 배송 34/34 | 재적재  5 | 중계율 0.06 | alpha 3.377 | complete
Ep 1320 | 드론4 목적지57 | 1000스텝 | 배송 54/57 | 재적재 10 | 중계율 0.06 | alpha 3.341 | step_limit
Ep 1321 | 드론6 목적지59 |  601스텝 | 배송 59/59 | 재적재 10 | 중계율 0.03 | alpha 3.306 | complete
Ep 1322 | 드론4 목적지39 |  928스텝 | 배송 39/39 | 재적재  6 | 중계율 0.10 | alpha 3.276 | complete
Ep 1323 | 드론6 목적지48 |  692스텝 | 배송 48/48 | 재적재  7 | 중계율 0.05 | alpha 3.290 | complete
Ep 1324 | 드론5 목적지52 |  753스텝 | 배송 52/52 | 재적재  8 | 중계율 0.04 | alpha 3.313 | complete
Ep 1325 | 드론5 목적지40 |  933스텝 | 배송 40/40 | 재적재  5 | 중계율 0.06 | alpha 3.345 | complete
Ep 1326 | 드론3 목적지40 | 1000스텝 | 배송 37/40 | 재적재  6 | 중계율 0.08 | alpha 3.354 | step_limit
Ep 1327 | 드론3 목적지23 |  680스텝 | 배송 23/23 | 재적재  3 | 중계율 0.07 | alpha 3.380 | complete
Ep 1328 | 드론6 목적지25 |  287스텝 | 배송 25/25 | 재적재  2 | 중계율 0.05 | alpha 3.386 | complete
Ep 1329 | 드론3 목적지51 | 1000스텝 | 배송 46/51 | 재적재  9 | 중계율 0.05 | alpha 3.369 | step_limit
Ep 1330 | 드론6 목적지42 |  528스텝 | 배송 42/42 | 재적재  6 | 중계율 0.07 | alpha 3.354 | complete
Ep 1331 | 드론6 목적지48 |  711스텝 | 배송 48/48 | 재적재  8 | 중계율 0.11 | alpha 3.384 | complete
Ep 1332 | 드론5 목적지21 |  410스텝 | 배송 21/21 | 재적재  2 | 중계율 0.07 | alpha 3.365 | complete
Ep 1333 | 드론6 목적지42 |  546스텝 | 배송 42/42 | 재적재  7 | 중계율 0.04 | alpha 3.363 | complete
Ep 1334 | 드론6 목적지30 |  443스텝 | 배송 30/30 | 재적재  5 | 중계율 0.10 | alpha 3.335 | complete
Ep 1335 | 드론5 목적지52 |  684스텝 | 배송 52/52 | 재적재  9 | 중계율 0.04 | alpha 3.347 | complete
Ep 1336 | 드론4 목적지31 |  533스텝 | 배송 31/31 | 재적재  3 | 중계율 0.04 | alpha 3.338 | complete
Ep 1337 | 드론5 목적지70 |  840스텝 | 배송 70/70 | 재적재 12 | 중계율 0.04 | alpha 3.341 | complete
Ep 1338 | 드론3 목적지80 | 1000스텝 | 배송 58/80 | 재적재 11 | 중계율 0.11 | alpha 3.326 | step_limit
Ep 1339 | 드론5 목적지74 |  867스텝 | 배송 74/74 | 재적재 13 | 중계율 0.06 | alpha 3.367 | complete
Ep 1340 | 드론5 목적지77 | 1000스텝 | 배송 70/77 | 재적재 12 | 중계율 0.10 | alpha 3.368 | step_limit
Ep 1341 | 드론5 목적지30 |  394스텝 | 배송 30/30 | 재적재  3 | 중계율 0.03 | alpha 3.402 | complete
Ep 1342 | 드론6 목적지59 |  752스텝 | 배송 59/59 | 재적재  9 | 중계율 0.06 | alpha 3.395 | complete
Ep 1343 | 드론5 목적지28 |  445스텝 | 배송 28/28 | 재적재  4 | 중계율 0.09 | alpha 3.401 | complete
Ep 1344 | 드론4 목적지48 |  709스텝 | 배송 48/48 | 재적재  8 | 중계율 0.05 | alpha 3.389 | complete
Ep 1345 | 드론3 목적지61 | 1000스텝 | 배송 56/61 | 재적재 10 | 중계율 0.08 | alpha 3.394 | step_limit
Ep 1346 | 드론4 목적지54 |  860스텝 | 배송 54/54 | 재적재  9 | 중계율 0.06 | alpha 3.386 | complete
Ep 1347 | 드론4 목적지68 | 1000스텝 | 배송 61/68 | 재적재 10 | 중계율 0.05 | alpha 3.396 | step_limit
Ep 1348 | 드론4 목적지25 |  660스텝 | 배송 25/25 | 재적재  3 | 중계율 0.06 | alpha 3.397 | complete
Ep 1349 | 드론6 목적지33 |  401스텝 | 배송 33/33 | 재적재  4 | 중계율 0.07 | alpha 3.406 | complete
Ep 1350 | 드론4 목적지70 | 1000스텝 | 배송 64/70 | 재적재 11 | 중계율 0.05 | alpha 3.404 | step_limit
  [홀드아웃] 배송 50.0±0.0 완주 1.00 스텝 1383 점수 105.4 재적재 8.6 2홉+ 0.64 | 최고 106.3@ep950 정체 8/15
Ep 1351 | 드론4 목적지42 |  769스텝 | 배송 42/42 | 재적재  6 | 중계율 0.06 | alpha 3.378 | complete
Ep 1352 | 드론3 목적지30 | 1000스텝 | 배송 28/30 | 재적재  5 | 중계율 0.09 | alpha 3.363 | step_limit
Ep 1353 | 드론3 목적지55 | 1000스텝 | 배송 41/55 | 재적재  8 | 중계율 0.13 | alpha 3.337 | step_limit
Ep 1354 | 드론4 목적지25 |  813스텝 | 배송 25/25 | 재적재  3 | 중계율 0.11 | alpha 3.354 | complete
Ep 1355 | 드론4 목적지54 |  765스텝 | 배송 54/54 | 재적재  8 | 중계율 0.04 | alpha 3.368 | complete
Ep 1356 | 드론6 목적지76 |  860스텝 | 배송 76/76 | 재적재 13 | 중계율 0.05 | alpha 3.381 | complete
Ep 1357 | 드론4 목적지61 | 1000스텝 | 배송 52/61 | 재적재  9 | 중계율 0.11 | alpha 3.387 | step_limit
Ep 1358 | 드론5 목적지36 |  673스텝 | 배송 36/36 | 재적재  5 | 중계율 0.08 | alpha 3.395 | complete
Ep 1359 | 드론3 목적지38 | 1000스텝 | 배송 34/38 | 재적재  6 | 중계율 0.10 | alpha 3.369 | step_limit
Ep 1360 | 드론4 목적지22 |  785스텝 | 배송 22/22 | 재적재  3 | 중계율 0.10 | alpha 3.351 | complete
Ep 1361 | 드론3 목적지53 | 1000스텝 | 배송 48/53 | 재적재  8 | 중계율 0.13 | alpha 3.380 | step_limit
Ep 1362 | 드론3 목적지69 | 1000스텝 | 배송 57/69 | 재적재 10 | 중계율 0.10 | alpha 3.374 | step_limit
Ep 1363 | 드론6 목적지80 |  763스텝 | 배송 80/80 | 재적재 13 | 중계율 0.04 | alpha 3.380 | complete
Ep 1364 | 드론4 목적지73 | 1000스텝 | 배송 64/73 | 재적재 11 | 중계율 0.10 | alpha 3.371 | step_limit
Ep 1365 | 드론6 목적지36 |  335스텝 | 배송 36/36 | 재적재  5 | 중계율 0.02 | alpha 3.387 | complete
Ep 1366 | 드론4 목적지76 | 1000스텝 | 배송 62/76 | 재적재 11 | 중계율 0.09 | alpha 3.402 | step_limit
Ep 1367 | 드론5 목적지75 |  877스텝 | 배송 75/75 | 재적재 13 | 중계율 0.05 | alpha 3.373 | complete
Ep 1368 | 드론6 목적지47 |  558스텝 | 배송 47/47 | 재적재  8 | 중계율 0.05 | alpha 3.380 | complete
Ep 1369 | 드론5 목적지68 |  754스텝 | 배송 68/68 | 재적재 12 | 중계율 0.05 | alpha 3.367 | complete
Ep 1370 | 드론5 목적지48 |  607스텝 | 배송 48/48 | 재적재  7 | 중계율 0.05 | alpha 3.356 | complete
Ep 1371 | 드론6 목적지24 |  261스텝 | 배송 24/24 | 재적재  3 | 중계율 0.06 | alpha 3.377 | complete
Ep 1372 | 드론6 목적지55 |  597스텝 | 배송 55/55 | 재적재 10 | 중계율 0.07 | alpha 3.393 | complete
Ep 1373 | 드론4 목적지23 |  682스텝 | 배송 23/23 | 재적재  3 | 중계율 0.10 | alpha 3.388 | complete
Ep 1374 | 드론3 목적지27 |  890스텝 | 배송 27/27 | 재적재  4 | 중계율 0.09 | alpha 3.377 | complete
Ep 1375 | 드론4 목적지63 | 1000스텝 | 배송 51/63 | 재적재  8 | 중계율 0.10 | alpha 3.376 | step_limit
Ep 1376 | 드론6 목적지56 |  715스텝 | 배송 56/56 | 재적재  8 | 중계율 0.06 | alpha 3.387 | complete
Ep 1377 | 드론4 목적지60 | 1000스텝 | 배송 51/60 | 재적재  9 | 중계율 0.08 | alpha 3.340 | step_limit
Ep 1378 | 드론3 목적지73 | 1000스텝 | 배송 59/73 | 재적재 10 | 중계율 0.09 | alpha 3.310 | step_limit
Ep 1379 | 드론4 목적지49 |  984스텝 | 배송 49/49 | 재적재  8 | 중계율 0.08 | alpha 3.332 | complete
Ep 1380 | 드론4 목적지67 | 1000스텝 | 배송 60/67 | 재적재 11 | 중계율 0.06 | alpha 3.331 | step_limit
Ep 1381 | 드론4 목적지63 | 1000스텝 | 배송 60/63 | 재적재 11 | 중계율 0.05 | alpha 3.405 | step_limit
Ep 1382 | 드론4 목적지74 | 1000스텝 | 배송 57/74 | 재적재 11 | 중계율 0.08 | alpha 3.397 | step_limit
Ep 1383 | 드론4 목적지48 | 1000스텝 | 배송 44/48 | 재적재  7 | 중계율 0.07 | alpha 3.362 | step_limit
Ep 1384 | 드론6 목적지26 |  333스텝 | 배송 26/26 | 재적재  2 | 중계율 0.04 | alpha 3.356 | complete
Ep 1385 | 드론4 목적지38 |  718스텝 | 배송 38/38 | 재적재  6 | 중계율 0.07 | alpha 3.357 | complete
Ep 1386 | 드론3 목적지20 |  655스텝 | 배송 20/20 | 재적재  2 | 중계율 0.12 | alpha 3.359 | complete
Ep 1387 | 드론5 목적지36 |  561스텝 | 배송 36/36 | 재적재  5 | 중계율 0.07 | alpha 3.358 | complete
Ep 1388 | 드론3 목적지50 | 1000스텝 | 배송 44/50 | 재적재  8 | 중계율 0.08 | alpha 3.361 | step_limit
Ep 1389 | 드론4 목적지77 | 1000스텝 | 배송 72/77 | 재적재 12 | 중계율 0.05 | alpha 3.327 | step_limit
Ep 1390 | 드론6 목적지20 |  303스텝 | 배송 20/20 | 재적재  0 | 중계율 0.05 | alpha 3.347 | complete
Ep 1391 | 드론6 목적지64 |  667스텝 | 배송 64/64 | 재적재  9 | 중계율 0.03 | alpha 3.364 | complete
Ep 1392 | 드론4 목적지63 | 1000스텝 | 배송 59/63 | 재적재 11 | 중계율 0.08 | alpha 3.372 | step_limit
Ep 1393 | 드론6 목적지76 | 1000스텝 | 배송 74/76 | 재적재 13 | 중계율 0.10 | alpha 3.372 | step_limit
Ep 1394 | 드론5 목적지23 |  567스텝 | 배송 23/23 | 재적재  3 | 중계율 0.08 | alpha 3.377 | complete
Ep 1395 | 드론4 목적지25 |  778스텝 | 배송 25/25 | 재적재  3 | 중계율 0.08 | alpha 3.390 | complete
Ep 1396 | 드론4 목적지59 | 1000스텝 | 배송 54/59 | 재적재 10 | 중계율 0.12 | alpha 3.396 | step_limit
Ep 1397 | 드론6 목적지49 |  519스텝 | 배송 49/49 | 재적재  8 | 중계율 0.04 | alpha 3.404 | complete
Ep 1398 | 드론5 목적지66 |  883스텝 | 배송 66/66 | 재적재 12 | 중계율 0.05 | alpha 3.422 | complete
Ep 1399 | 드론3 목적지69 | 1000스텝 | 배송 49/69 | 재적재  8 | 중계율 0.09 | alpha 3.423 | step_limit
Ep 1400 | 드론3 목적지50 | 1000스텝 | 배송 46/50 | 재적재  8 | 중계율 0.08 | alpha 3.424 | step_limit
  [홀드아웃] 배송 50.0±0.0 완주 1.00 스텝 1317 점수 105.6 재적재 8.3 2홉+ 0.64 | 최고 106.3@ep950 정체 9/15
Ep 1401 | 드론6 목적지71 |  715스텝 | 배송 71/71 | 재적재 13 | 중계율 0.04 | alpha 3.394 | complete
Ep 1402 | 드론4 목적지44 |  797스텝 | 배송 44/44 | 재적재  8 | 중계율 0.10 | alpha 3.380 | complete
Ep 1403 | 드론4 목적지67 | 1000스텝 | 배송 52/67 | 재적재 10 | 중계율 0.10 | alpha 3.375 | step_limit
Ep 1404 | 드론5 목적지45 |  659스텝 | 배송 45/45 | 재적재  7 | 중계율 0.04 | alpha 3.403 | complete
Ep 1405 | 드론4 목적지39 | 1000스텝 | 배송 36/39 | 재적재  7 | 중계율 0.08 | alpha 3.406 | step_limit
Ep 1406 | 드론4 목적지67 | 1000스텝 | 배송 58/67 | 재적재 11 | 중계율 0.07 | alpha 3.418 | step_limit
Ep 1407 | 드론6 목적지73 |  975스텝 | 배송 73/73 | 재적재 12 | 중계율 0.06 | alpha 3.420 | complete
Ep 1408 | 드론6 목적지61 |  627스텝 | 배송 61/61 | 재적재 10 | 중계율 0.05 | alpha 3.410 | complete
Ep 1409 | 드론6 목적지73 |  682스텝 | 배송 73/73 | 재적재 11 | 중계율 0.04 | alpha 3.382 | complete
Ep 1410 | 드론5 목적지74 |  992스텝 | 배송 74/74 | 재적재 14 | 중계율 0.06 | alpha 3.369 | complete
Ep 1411 | 드론4 목적지29 | 1000스텝 | 배송 27/29 | 재적재  3 | 중계율 0.06 | alpha 3.369 | step_limit
Ep 1412 | 드론6 목적지25 |  287스텝 | 배송 25/25 | 재적재  2 | 중계율 0.02 | alpha 3.363 | complete
Ep 1413 | 드론3 목적지67 | 1000스텝 | 배송 54/67 | 재적재  9 | 중계율 0.11 | alpha 3.368 | step_limit
Ep 1414 | 드론4 목적지55 | 1000스텝 | 배송 52/55 | 재적재  8 | 중계율 0.07 | alpha 3.359 | step_limit
Ep 1415 | 드론3 목적지54 | 1000스텝 | 배송 37/54 | 재적재  7 | 중계율 0.05 | alpha 3.356 | step_limit
Ep 1416 | 드론6 목적지23 |  254스텝 | 배송 23/23 | 재적재  2 | 중계율 0.06 | alpha 3.366 | complete
Ep 1417 | 드론6 목적지70 |  778스텝 | 배송 70/70 | 재적재 11 | 중계율 0.04 | alpha 3.375 | complete
Ep 1418 | 드론5 목적지37 |  559스텝 | 배송 37/37 | 재적재  6 | 중계율 0.05 | alpha 3.390 | complete
Ep 1419 | 드론3 목적지42 | 1000스텝 | 배송 37/42 | 재적재  6 | 중계율 0.09 | alpha 3.401 | step_limit
Ep 1420 | 드론6 목적지49 |  542스텝 | 배송 49/49 | 재적재  7 | 중계율 0.06 | alpha 3.407 | complete
Ep 1421 | 드론5 목적지31 |  375스텝 | 배송 31/31 | 재적재  4 | 중계율 0.07 | alpha 3.402 | complete
Ep 1422 | 드론4 목적지45 | 1000스텝 | 배송 42/45 | 재적재  7 | 중계율 0.09 | alpha 3.424 | step_limit
Ep 1423 | 드론6 목적지34 |  391스텝 | 배송 34/34 | 재적재  4 | 중계율 0.04 | alpha 3.410 | complete
Ep 1424 | 드론4 목적지23 |  381스텝 | 배송 23/23 | 재적재  3 | 중계율 0.09 | alpha 3.387 | complete
Ep 1425 | 드론4 목적지56 | 1000스텝 | 배송 50/56 | 재적재  8 | 중계율 0.11 | alpha 3.374 | step_limit
Ep 1426 | 드론6 목적지80 |  801스텝 | 배송 80/80 | 재적재 14 | 중계율 0.05 | alpha 3.404 | complete
Ep 1427 | 드론6 목적지76 |  680스텝 | 배송 76/76 | 재적재 11 | 중계율 0.04 | alpha 3.400 | complete
Ep 1428 | 드론6 목적지31 |  332스텝 | 배송 31/31 | 재적재  4 | 중계율 0.03 | alpha 3.399 | complete
Ep 1429 | 드론3 목적지48 | 1000스텝 | 배송 39/48 | 재적재  7 | 중계율 0.10 | alpha 3.424 | step_limit
Ep 1430 | 드론3 목적지37 | 1000스텝 | 배송 33/37 | 재적재  6 | 중계율 0.09 | alpha 3.427 | step_limit
Ep 1431 | 드론5 목적지26 |  876스텝 | 배송 26/26 | 재적재  3 | 중계율 0.06 | alpha 3.422 | complete
Ep 1432 | 드론6 목적지72 |  785스텝 | 배송 72/72 | 재적재 12 | 중계율 0.07 | alpha 3.397 | complete
Ep 1433 | 드론3 목적지67 | 1000스텝 | 배송 54/67 | 재적재 10 | 중계율 0.11 | alpha 3.364 | step_limit
Ep 1434 | 드론5 목적지69 | 1000스텝 | 배송 66/69 | 재적재 12 | 중계율 0.04 | alpha 3.377 | step_limit
Ep 1435 | 드론6 목적지40 |  485스텝 | 배송 40/40 | 재적재  6 | 중계율 0.04 | alpha 3.378 | complete
Ep 1436 | 드론3 목적지52 | 1000스텝 | 배송 42/52 | 재적재  7 | 중계율 0.07 | alpha 3.406 | step_limit
Ep 1437 | 드론3 목적지25 |  747스텝 | 배송 25/25 | 재적재  3 | 중계율 0.12 | alpha 3.425 | complete
Ep 1438 | 드론6 목적지45 |  456스텝 | 배송 45/45 | 재적재  7 | 중계율 0.04 | alpha 3.411 | complete
Ep 1439 | 드론6 목적지68 |  699스텝 | 배송 68/68 | 재적재 11 | 중계율 0.05 | alpha 3.399 | complete
Ep 1440 | 드론4 목적지31 |  851스텝 | 배송 31/31 | 재적재  5 | 중계율 0.08 | alpha 3.395 | complete
Ep 1441 | 드론3 목적지60 | 1000스텝 | 배송 43/60 | 재적재  8 | 중계율 0.12 | alpha 3.406 | step_limit
Ep 1442 | 드론5 목적지23 |  511스텝 | 배송 23/23 | 재적재  2 | 중계율 0.08 | alpha 3.412 | complete
Ep 1443 | 드론3 목적지58 | 1000스텝 | 배송 41/58 | 재적재  7 | 중계율 0.08 | alpha 3.433 | step_limit
Ep 1444 | 드론4 목적지65 | 1000스텝 | 배송 62/65 | 재적재 11 | 중계율 0.05 | alpha 3.421 | step_limit
Ep 1445 | 드론3 목적지45 | 1000스텝 | 배송 41/45 | 재적재  7 | 중계율 0.05 | alpha 3.433 | step_limit
Ep 1446 | 드론3 목적지50 | 1000스텝 | 배송 44/50 | 재적재  8 | 중계율 0.09 | alpha 3.416 | step_limit
Ep 1447 | 드론6 목적지30 |  381스텝 | 배송 30/30 | 재적재  3 | 중계율 0.03 | alpha 3.405 | complete
Ep 1448 | 드론3 목적지28 | 1000스텝 | 배송 27/28 | 재적재  5 | 중계율 0.10 | alpha 3.451 | step_limit
Ep 1449 | 드론6 목적지33 |  751스텝 | 배송 33/33 | 재적재  5 | 중계율 0.05 | alpha 3.448 | complete
Ep 1450 | 드론3 목적지34 |  915스텝 | 배송 34/34 | 재적재  6 | 중계율 0.12 | alpha 3.466 | complete
  [홀드아웃] 배송 50.0±0.0 완주 1.00 스텝 1252 점수 105.8 재적재 8.7 2홉+ 0.64 | 최고 106.3@ep950 정체 10/15
Ep 1451 | 드론3 목적지36 | 1000스텝 | 배송 28/36 | 재적재  5 | 중계율 0.13 | alpha 3.447 | step_limit
Ep 1452 | 드론5 목적지58 |  956스텝 | 배송 58/58 | 재적재 10 | 중계율 0.06 | alpha 3.460 | complete
Ep 1453 | 드론4 목적지55 |  882스텝 | 배송 55/55 | 재적재  9 | 중계율 0.03 | alpha 3.440 | complete
Ep 1454 | 드론3 목적지74 | 1000스텝 | 배송 61/74 | 재적재 10 | 중계율 0.10 | alpha 3.399 | step_limit
Ep 1455 | 드론3 목적지42 | 1000스텝 | 배송 38/42 | 재적재  6 | 중계율 0.09 | alpha 3.400 | step_limit
Ep 1456 | 드론4 목적지36 |  880스텝 | 배송 36/36 | 재적재  6 | 중계율 0.06 | alpha 3.413 | complete
Ep 1457 | 드론5 목적지39 |  703스텝 | 배송 39/39 | 재적재  6 | 중계율 0.02 | alpha 3.401 | complete
Ep 1458 | 드론6 목적지46 |  672스텝 | 배송 46/46 | 재적재  7 | 중계율 0.04 | alpha 3.408 | complete
Ep 1459 | 드론5 목적지79 | 1000스텝 | 배송 78/79 | 재적재 15 | 중계율 0.05 | alpha 3.404 | step_limit
Ep 1460 | 드론6 목적지73 |  900스텝 | 배송 73/73 | 재적재 13 | 중계율 0.06 | alpha 3.383 | complete
Ep 1461 | 드론3 목적지79 | 1000스텝 | 배송 53/79 | 재적재  9 | 중계율 0.12 | alpha 3.383 | step_limit
Ep 1462 | 드론4 목적지42 | 1000스텝 | 배송 37/42 | 재적재  7 | 중계율 0.12 | alpha 3.378 | step_limit
Ep 1463 | 드론4 목적지46 |  911스텝 | 배송 46/46 | 재적재  6 | 중계율 0.06 | alpha 3.436 | complete
Ep 1464 | 드론5 목적지22 |  694스텝 | 배송 22/22 | 재적재  2 | 중계율 0.10 | alpha 3.468 | complete
Ep 1465 | 드론5 목적지27 | 1000스텝 | 배송 25/27 | 재적재  2 | 중계율 0.07 | alpha 3.464 | step_limit
Ep 1466 | 드론4 목적지49 |  886스텝 | 배송 49/49 | 재적재  8 | 중계율 0.06 | alpha 3.425 | complete
Ep 1467 | 드론3 목적지45 | 1000스텝 | 배송 31/45 | 재적재  5 | 중계율 0.10 | alpha 3.455 | step_limit
Ep 1468 | 드론5 목적지68 |  845스텝 | 배송 68/68 | 재적재 12 | 중계율 0.05 | alpha 3.469 | complete
Ep 1469 | 드론3 목적지36 | 1000스텝 | 배송 32/36 | 재적재  6 | 중계율 0.10 | alpha 3.426 | step_limit
Ep 1470 | 드론4 목적지31 |  598스텝 | 배송 31/31 | 재적재  5 | 중계율 0.06 | alpha 3.429 | complete
Ep 1471 | 드론5 목적지62 |  749스텝 | 배송 62/62 | 재적재 11 | 중계율 0.06 | alpha 3.377 | complete
Ep 1472 | 드론5 목적지31 |  547스텝 | 배송 31/31 | 재적재  4 | 중계율 0.07 | alpha 3.375 | complete
Ep 1473 | 드론4 목적지75 | 1000스텝 | 배송 70/75 | 재적재 13 | 중계율 0.04 | alpha 3.397 | step_limit
Ep 1474 | 드론6 목적지78 |  836스텝 | 배송 78/78 | 재적재 14 | 중계율 0.07 | alpha 3.425 | complete
Ep 1475 | 드론5 목적지46 |  853스텝 | 배송 46/46 | 재적재  7 | 중계율 0.09 | alpha 3.456 | complete
Ep 1476 | 드론4 목적지54 |  893스텝 | 배송 54/54 | 재적재  9 | 중계율 0.05 | alpha 3.452 | complete
Ep 1477 | 드론4 목적지61 | 1000스텝 | 배송 54/61 | 재적재  9 | 중계율 0.10 | alpha 3.467 | step_limit
Ep 1478 | 드론5 목적지45 |  725스텝 | 배송 45/45 | 재적재  7 | 중계율 0.08 | alpha 3.456 | complete
Ep 1479 | 드론3 목적지80 | 1000스텝 | 배송 58/80 | 재적재 11 | 중계율 0.11 | alpha 3.443 | step_limit
Ep 1480 | 드론5 목적지39 |  453스텝 | 배송 39/39 | 재적재  5 | 중계율 0.04 | alpha 3.462 | complete
Ep 1481 | 드론3 목적지70 | 1000스텝 | 배송 55/70 | 재적재  9 | 중계율 0.11 | alpha 3.486 | step_limit
Ep 1482 | 드론3 목적지62 | 1000스텝 | 배송 57/62 | 재적재 10 | 중계율 0.05 | alpha 3.468 | step_limit
Ep 1483 | 드론4 목적지39 |  986스텝 | 배송 39/39 | 재적재  6 | 중계율 0.10 | alpha 3.443 | complete
Ep 1484 | 드론6 목적지69 |  832스텝 | 배송 69/69 | 재적재 11 | 중계율 0.04 | alpha 3.488 | complete
Ep 1485 | 드론4 목적지51 |  803스텝 | 배송 51/51 | 재적재  8 | 중계율 0.08 | alpha 3.479 | complete
Ep 1486 | 드론5 목적지66 | 1000스텝 | 배송 59/66 | 재적재 10 | 중계율 0.07 | alpha 3.455 | step_limit
Ep 1487 | 드론3 목적지37 | 1000스텝 | 배송 30/37 | 재적재  5 | 중계율 0.10 | alpha 3.492 | step_limit
Ep 1488 | 드론4 목적지62 | 1000스텝 | 배송 47/62 | 재적재  8 | 중계율 0.09 | alpha 3.484 | step_limit
Ep 1489 | 드론3 목적지24 |  843스텝 | 배송 24/24 | 재적재  3 | 중계율 0.10 | alpha 3.501 | complete
Ep 1490 | 드론4 목적지77 | 1000스텝 | 배송 58/77 | 재적재 10 | 중계율 0.09 | alpha 3.498 | step_limit
Ep 1491 | 드론6 목적지59 |  638스텝 | 배송 59/59 | 재적재 10 | 중계율 0.04 | alpha 3.460 | complete
Ep 1492 | 드론5 목적지60 |  752스텝 | 배송 60/60 | 재적재 10 | 중계율 0.08 | alpha 3.472 | complete
Ep 1493 | 드론3 목적지29 | 1000스텝 | 배송 26/29 | 재적재  4 | 중계율 0.10 | alpha 3.486 | step_limit
Ep 1494 | 드론3 목적지78 | 1000스텝 | 배송 57/78 | 재적재 11 | 중계율 0.08 | alpha 3.478 | step_limit
Ep 1495 | 드론4 목적지34 |  613스텝 | 배송 34/34 | 재적재  6 | 중계율 0.04 | alpha 3.482 | complete
Ep 1496 | 드론6 목적지31 |  872스텝 | 배송 31/31 | 재적재  5 | 중계율 0.11 | alpha 3.478 | complete
Ep 1497 | 드론6 목적지57 |  556스텝 | 배송 57/57 | 재적재  9 | 중계율 0.04 | alpha 3.470 | complete
Ep 1498 | 드론4 목적지27 |  596스텝 | 배송 27/27 | 재적재  4 | 중계율 0.06 | alpha 3.493 | complete
Ep 1499 | 드론5 목적지31 |  875스텝 | 배송 31/31 | 재적재  4 | 중계율 0.07 | alpha 3.516 | complete
Ep 1500 | 드론3 목적지50 | 1000스텝 | 배송 42/50 | 재적재  8 | 중계율 0.09 | alpha 3.539 | step_limit
  [홀드아웃] 배송 50.0±0.0 완주 1.00 스텝 1329 점수 105.6 재적재 8.5 2홉+ 0.64 | 최고 106.3@ep950 정체 11/15
Training finished. best=106.3 @ ep950
