/home/kopt/enter/envs/wsl_neuroMCTS/lib/python3.10/site-packages/pygame/pkgdata.py:25: UserWarning: pkg_resources is deprecated as an API. See https://setuptools.pypa.io/en/latest/pkg_resources.html. The pkg_resources package is slated for removal as early as 2025-11-30. Refrain from using this package or pin to Setuptools<81.
  from pkg_resources import resource_stream, resource_exists
pygame 2.6.1 (SDL 2.28.4, Python 3.10.19)
Hello from the pygame community. https://www.pygame.org/contribute.html
집합 상위 학습 | 반경 300 상한 1000 무배송 500 gamma 0.997 구성=무작위 드론[3, 4] 목적지[20, 80] CC무작위 인스턴스=무작위 목표유지=off 완주보상=0.0 잔여페널티=0.1 규칙관측=False 규칙정규화=2.0/중계가중치=1.0 막힘페널티=0.0 중계크레딧=6.0/드론별보상=True 도달권shaping=0.0 정체전환보상=0.0 엔트로피비=0.6->0.25@400 자기회귀=True 홀드아웃상한=3000 선택=makespan/속도가중치=40.0
/home/kopt/drone/proposed_src/pipeline/train_v5_26_09_15_23.py:404: UserWarning: Converting a tensor with requires_grad=True to a scalar may lead to unexpected behavior.
Consider using tensor.detach() first. (Triggered internally at /pytorch/torch/csrc/autograd/generated/python_variable_methods.cpp:836.)
  writer.add_scalar("train/alpha", float(log_alpha.exp()), ep)
Ep 1 | 드론4 목적지43 | 1000스텝 | 배송 38/43 | 재적재  5 | 중계율 0.08 | alpha 0.100 | step_limit
Ep 2 | 드론3 목적지74 | 1000스텝 | 배송 63/74 | 재적재 12 | 중계율 0.08 | alpha 0.100 | step_limit
Ep 3 | 드론4 목적지43 | 1000스텝 | 배송 41/43 | 재적재  7 | 중계율 0.09 | alpha 0.100 | step_limit
Ep 4 | 드론3 목적지23 | 1000스텝 | 배송 20/23 | 재적재  2 | 중계율 0.06 | alpha 0.100 | step_limit
Ep 5 | 드론3 목적지31 | 1000스텝 | 배송 30/31 | 재적재  5 | 중계율 0.17 | alpha 0.099 | step_limit
Ep 6 | 드론3 목적지68 | 1000스텝 | 배송 66/68 | 재적재 12 | 중계율 0.27 | alpha 0.109 | step_limit
Ep 7 | 드론4 목적지44 |  593스텝 | 배송 44/44 | 재적재  7 | 중계율 0.32 | alpha 0.116 | complete
Ep 8 | 드론4 목적지30 |  372스텝 | 배송 30/30 | 재적재  4 | 중계율 0.31 | alpha 0.119 | complete
Ep 9 | 드론4 목적지42 |  915스텝 | 배송 42/42 | 재적재  7 | 중계율 0.36 | alpha 0.129 | complete
Ep 10 | 드론4 목적지47 |  626스텝 | 배송 47/47 | 재적재  7 | 중계율 0.31 | alpha 0.136 | complete
Ep 11 | 드론4 목적지21 |  554스텝 | 배송 21/21 | 재적재  3 | 중계율 0.24 | alpha 0.142 | complete
Ep 12 | 드론3 목적지37 |  668스텝 | 배송 37/37 | 재적재  5 | 중계율 0.22 | alpha 0.150 | complete
Ep 13 | 드론4 목적지28 |  364스텝 | 배송 28/28 | 재적재  3 | 중계율 0.21 | alpha 0.155 | complete
Ep 14 | 드론3 목적지41 |  664스텝 | 배송 41/41 | 재적재  6 | 중계율 0.31 | alpha 0.163 | complete
Ep 15 | 드론3 목적지66 | 1000스텝 | 배송 60/66 | 재적재 11 | 중계율 0.33 | alpha 0.176 | step_limit
Ep 16 | 드론3 목적지71 | 1000스텝 | 배송 65/71 | 재적재 10 | 중계율 0.32 | alpha 0.190 | step_limit
Ep 17 | 드론3 목적지24 |  562스텝 | 배송 24/24 | 재적재  2 | 중계율 0.35 | alpha 0.198 | complete
Ep 18 | 드론4 목적지49 | 1000스텝 | 배송 37/49 | 재적재  5 | 중계율 0.29 | alpha 0.213 | step_limit
Ep 19 | 드론4 목적지34 |  658스텝 | 배송 34/34 | 재적재  6 | 중계율 0.38 | alpha 0.223 | complete
Ep 20 | 드론3 목적지48 |  993스텝 | 배송 48/48 | 재적재  7 | 중계율 0.34 | alpha 0.239 | complete
Ep 21 | 드론3 목적지63 | 1000스텝 | 배송 51/63 | 재적재  9 | 중계율 0.27 | alpha 0.257 | step_limit
Ep 22 | 드론4 목적지46 |  741스텝 | 배송 46/46 | 재적재  6 | 중계율 0.34 | alpha 0.271 | complete
Ep 23 | 드론3 목적지44 |  957스텝 | 배송 44/44 | 재적재  6 | 중계율 0.36 | alpha 0.289 | complete
Ep 24 | 드론4 목적지41 |  580스텝 | 배송 41/41 | 재적재  5 | 중계율 0.30 | alpha 0.301 | complete
Ep 25 | 드론4 목적지38 |  542스텝 | 배송 38/38 | 재적재  5 | 중계율 0.34 | alpha 0.313 | complete
Ep 26 | 드론4 목적지77 | 1000스텝 | 배송 56/77 | 재적재 10 | 중계율 0.33 | alpha 0.336 | step_limit
Ep 27 | 드론3 목적지41 | 1000스텝 | 배송 38/41 | 재적재  6 | 중계율 0.41 | alpha 0.360 | step_limit
Ep 28 | 드론4 목적지52 | 1000스텝 | 배송 50/52 | 재적재  7 | 중계율 0.44 | alpha 0.387 | step_limit
Ep 29 | 드론4 목적지72 | 1000스텝 | 배송 59/72 | 재적재 10 | 중계율 0.41 | alpha 0.416 | step_limit
Ep 30 | 드론4 목적지61 | 1000스텝 | 배송 46/61 | 재적재  6 | 중계율 0.41 | alpha 0.447 | step_limit
Ep 31 | 드론4 목적지45 |  857스텝 | 배송 45/45 | 재적재  6 | 중계율 0.33 | alpha 0.475 | complete
Ep 32 | 드론3 목적지68 | 1000스텝 | 배송 55/68 | 재적재  9 | 중계율 0.33 | alpha 0.510 | step_limit
Ep 33 | 드론3 목적지35 |  972스텝 | 배송 35/35 | 재적재  6 | 중계율 0.32 | alpha 0.547 | complete
Ep 34 | 드론3 목적지24 |  468스텝 | 배송 24/24 | 재적재  3 | 중계율 0.24 | alpha 0.565 | complete
Ep 35 | 드론3 목적지58 | 1000스텝 | 배송 56/58 | 재적재  9 | 중계율 0.31 | alpha 0.605 | step_limit
Ep 36 | 드론3 목적지64 | 1000스텝 | 배송 55/64 | 재적재  8 | 중계율 0.34 | alpha 0.647 | step_limit
Ep 37 | 드론4 목적지58 | 1000스텝 | 배송 55/58 | 재적재  7 | 중계율 0.47 | alpha 0.691 | step_limit
Ep 38 | 드론3 목적지77 | 1000스텝 | 배송 50/77 | 재적재  9 | 중계율 0.33 | alpha 0.735 | step_limit
Ep 39 | 드론3 목적지28 |  748스텝 | 배송 28/28 | 재적재  3 | 중계율 0.42 | alpha 0.768 | complete
Ep 40 | 드론3 목적지37 |  723스텝 | 배송 37/37 | 재적재  5 | 중계율 0.33 | alpha 0.801 | complete
Ep 41 | 드론4 목적지59 |  794스텝 | 배송 59/59 | 재적재 10 | 중계율 0.23 | alpha 0.839 | complete
Ep 42 | 드론4 목적지58 |  971스텝 | 배송 58/58 | 재적재  9 | 중계율 0.39 | alpha 0.889 | complete
Ep 43 | 드론4 목적지20 |  436스텝 | 배송 20/20 | 재적재  3 | 중계율 0.36 | alpha 0.912 | complete
Ep 44 | 드론4 목적지30 |  639스텝 | 배송 30/30 | 재적재  4 | 중계율 0.21 | alpha 0.944 | complete
Ep 45 | 드론4 목적지39 |  882스텝 | 배송 39/39 | 재적재  5 | 중계율 0.38 | alpha 0.989 | complete
Ep 46 | 드론4 목적지32 |  584스텝 | 배송 32/32 | 재적재  4 | 중계율 0.37 | alpha 1.018 | complete
Ep 47 | 드론4 목적지35 |  831스텝 | 배송 35/35 | 재적재  5 | 중계율 0.40 | alpha 1.056 | complete
Ep 48 | 드론4 목적지39 | 1000스텝 | 배송 38/39 | 재적재  4 | 중계율 0.46 | alpha 1.103 | step_limit
Ep 49 | 드론4 목적지47 |  744스텝 | 배송 47/47 | 재적재  8 | 중계율 0.33 | alpha 1.136 | complete
Ep 50 | 드론3 목적지72 | 1000스텝 | 배송 52/72 | 재적재  9 | 중계율 0.27 | alpha 1.180 | step_limit
  [홀드아웃] 배송 49.8±1.2 완주 0.97 스텝 1151 점수 122.2 재적재 7.1 2홉+ 0.62 | 최고 122.2@ep50 정체 0/15  ← 갱신
Ep 51 | 드론3 목적지71 | 1000스텝 | 배송 56/71 | 재적재  9 | 중계율 0.27 | alpha 1.224 | step_limit
Ep 52 | 드론3 목적지45 |  875스텝 | 배송 45/45 | 재적재  8 | 중계율 0.29 | alpha 1.261 | complete
Ep 53 | 드론4 목적지64 |  777스텝 | 배송 64/64 | 재적재 11 | 중계율 0.19 | alpha 1.289 | complete
Ep 54 | 드론4 목적지24 |  746스텝 | 배송 24/24 | 재적재  2 | 중계율 0.47 | alpha 1.313 | complete
Ep 55 | 드론4 목적지60 | 1000스텝 | 배송 52/60 | 재적재  8 | 중계율 0.41 | alpha 1.345 | step_limit
Ep 56 | 드론4 목적지20 |  475스텝 | 배송 20/20 | 재적재  2 | 중계율 0.34 | alpha 1.356 | complete
Ep 57 | 드론4 목적지61 | 1000스텝 | 배송 54/61 | 재적재  9 | 중계율 0.32 | alpha 1.376 | step_limit
Ep 58 | 드론4 목적지77 | 1000스텝 | 배송 62/77 | 재적재 10 | 중계율 0.25 | alpha 1.385 | step_limit
Ep 59 | 드론4 목적지40 | 1000스텝 | 배송 37/40 | 재적재  4 | 중계율 0.43 | alpha 1.391 | step_limit
Ep 60 | 드론3 목적지76 | 1000스텝 | 배송 48/76 | 재적재  8 | 중계율 0.25 | alpha 1.394 | step_limit
Ep 61 | 드론4 목적지66 | 1000스텝 | 배송 60/66 | 재적재  9 | 중계율 0.32 | alpha 1.391 | step_limit
Ep 62 | 드론4 목적지43 |  837스텝 | 배송 43/43 | 재적재  6 | 중계율 0.34 | alpha 1.382 | complete
Ep 63 | 드론4 목적지57 | 1000스텝 | 배송 51/57 | 재적재  8 | 중계율 0.32 | alpha 1.366 | step_limit
Ep 64 | 드론3 목적지52 | 1000스텝 | 배송 50/52 | 재적재  7 | 중계율 0.36 | alpha 1.340 | step_limit
Ep 65 | 드론4 목적지42 |  685스텝 | 배송 42/42 | 재적재  5 | 중계율 0.30 | alpha 1.331 | complete
Ep 66 | 드론3 목적지41 |  789스텝 | 배송 41/41 | 재적재  6 | 중계율 0.33 | alpha 1.331 | complete
Ep 67 | 드론4 목적지23 |  894스텝 | 배송 23/23 | 재적재  3 | 중계율 0.31 | alpha 1.332 | complete
Ep 68 | 드론4 목적지77 | 1000스텝 | 배송 68/77 | 재적재 13 | 중계율 0.23 | alpha 1.320 | step_limit
Ep 69 | 드론3 목적지48 | 1000스텝 | 배송 45/48 | 재적재  8 | 중계율 0.23 | alpha 1.299 | step_limit
Ep 70 | 드론3 목적지69 | 1000스텝 | 배송 43/69 | 재적재  7 | 중계율 0.30 | alpha 1.291 | step_limit
Ep 71 | 드론4 목적지34 |  669스텝 | 배송 34/34 | 재적재  6 | 중계율 0.26 | alpha 1.298 | complete
Ep 72 | 드론4 목적지61 | 1000스텝 | 배송 43/61 | 재적재  7 | 중계율 0.39 | alpha 1.309 | step_limit
Ep 73 | 드론4 목적지50 | 1000스텝 | 배송 35/50 | 재적재  4 | 중계율 0.45 | alpha 1.291 | step_limit
Ep 74 | 드론3 목적지70 | 1000스텝 | 배송 56/70 | 재적재 10 | 중계율 0.26 | alpha 1.256 | step_limit
Ep 75 | 드론4 목적지21 |  466스텝 | 배송 21/21 | 재적재  3 | 중계율 0.32 | alpha 1.250 | complete
Ep 76 | 드론3 목적지49 | 1000스텝 | 배송 43/49 | 재적재  7 | 중계율 0.36 | alpha 1.252 | step_limit
Ep 77 | 드론3 목적지67 | 1000스텝 | 배송 48/67 | 재적재  9 | 중계율 0.35 | alpha 1.232 | step_limit
Ep 78 | 드론3 목적지34 |  746스텝 | 배송 34/34 | 재적재  6 | 중계율 0.30 | alpha 1.231 | complete
Ep 79 | 드론4 목적지31 |  723스텝 | 배송 31/31 | 재적재  5 | 중계율 0.36 | alpha 1.217 | complete
Ep 80 | 드론3 목적지44 |  939스텝 | 배송 44/44 | 재적재  7 | 중계율 0.33 | alpha 1.216 | complete
Ep 81 | 드론4 목적지71 | 1000스텝 | 배송 52/71 | 재적재  8 | 중계율 0.37 | alpha 1.203 | step_limit
Ep 82 | 드론3 목적지59 | 1000스텝 | 배송 51/59 | 재적재  9 | 중계율 0.26 | alpha 1.179 | step_limit
Ep 83 | 드론4 목적지21 |  356스텝 | 배송 21/21 | 재적재  3 | 중계율 0.20 | alpha 1.176 | complete
Ep 84 | 드론3 목적지41 |  832스텝 | 배송 41/41 | 재적재  6 | 중계율 0.30 | alpha 1.190 | complete
Ep 85 | 드론4 목적지38 | 1000스텝 | 배송 37/38 | 재적재  6 | 중계율 0.44 | alpha 1.193 | step_limit
Ep 86 | 드론4 목적지64 | 1000스텝 | 배송 56/64 | 재적재 10 | 중계율 0.30 | alpha 1.198 | step_limit
Ep 87 | 드론4 목적지24 |  603스텝 | 배송 24/24 | 재적재  1 | 중계율 0.43 | alpha 1.177 | complete
Ep 88 | 드론4 목적지66 | 1000스텝 | 배송 65/66 | 재적재 12 | 중계율 0.32 | alpha 1.194 | step_limit
Ep 89 | 드론4 목적지20 |  570스텝 | 배송 20/20 | 재적재  2 | 중계율 0.36 | alpha 1.198 | complete
Ep 90 | 드론4 목적지37 |  547스텝 | 배송 37/37 | 재적재  5 | 중계율 0.22 | alpha 1.187 | complete
Ep 91 | 드론3 목적지60 | 1000스텝 | 배송 49/60 | 재적재  8 | 중계율 0.33 | alpha 1.181 | step_limit
Ep 92 | 드론3 목적지37 | 1000스텝 | 배송 34/37 | 재적재  4 | 중계율 0.44 | alpha 1.186 | step_limit
Ep 93 | 드론3 목적지27 |  851스텝 | 배송 27/27 | 재적재  4 | 중계율 0.36 | alpha 1.194 | complete
Ep 94 | 드론3 목적지76 | 1000스텝 | 배송 58/76 | 재적재  9 | 중계율 0.29 | alpha 1.181 | step_limit
Ep 95 | 드론4 목적지30 |  716스텝 | 배송 30/30 | 재적재  4 | 중계율 0.30 | alpha 1.180 | complete
Ep 96 | 드론4 목적지34 |  893스텝 | 배송 34/34 | 재적재  6 | 중계율 0.44 | alpha 1.183 | complete
Ep 97 | 드론4 목적지35 |  995스텝 | 배송 35/35 | 재적재  5 | 중계율 0.39 | alpha 1.153 | complete
Ep 98 | 드론4 목적지39 |  751스텝 | 배송 39/39 | 재적재  6 | 중계율 0.30 | alpha 1.157 | complete
Ep 99 | 드론4 목적지69 | 1000스텝 | 배송 43/69 | 재적재  7 | 중계율 0.38 | alpha 1.147 | step_limit
Ep 100 | 드론4 목적지80 | 1000스텝 | 배송 73/80 | 재적재 12 | 중계율 0.27 | alpha 1.154 | step_limit
  [홀드아웃] 배송 49.9±0.9 완주 0.99 스텝 1349 점수 120.8 재적재 7.5 2홉+ 0.60 | 최고 122.2@ep50 정체 1/15
Ep 101 | 드론3 목적지62 | 1000스텝 | 배송 56/62 | 재적재 10 | 중계율 0.31 | alpha 1.152 | step_limit
Ep 102 | 드론3 목적지30 |  717스텝 | 배송 30/30 | 재적재  5 | 중계율 0.28 | alpha 1.152 | complete
Ep 103 | 드론4 목적지75 | 1000스텝 | 배송 65/75 | 재적재 11 | 중계율 0.30 | alpha 1.142 | step_limit
Ep 104 | 드론3 목적지39 |  914스텝 | 배송 39/39 | 재적재  6 | 중계율 0.35 | alpha 1.144 | complete
Ep 105 | 드론4 목적지24 |  592스텝 | 배송 24/24 | 재적재  4 | 중계율 0.36 | alpha 1.141 | complete
Ep 106 | 드론4 목적지73 | 1000스텝 | 배송 52/73 | 재적재  8 | 중계율 0.32 | alpha 1.163 | step_limit
Ep 107 | 드론4 목적지25 |  444스텝 | 배송 25/25 | 재적재  3 | 중계율 0.31 | alpha 1.139 | complete
Ep 108 | 드론3 목적지69 | 1000스텝 | 배송 53/69 | 재적재  8 | 중계율 0.34 | alpha 1.162 | step_limit
Ep 109 | 드론3 목적지25 |  728스텝 | 배송 25/25 | 재적재  4 | 중계율 0.32 | alpha 1.146 | complete
Ep 110 | 드론3 목적지26 |  972스텝 | 배송 26/26 | 재적재  4 | 중계율 0.38 | alpha 1.146 | complete
Ep 111 | 드론3 목적지21 |  465스텝 | 배송 21/21 | 재적재  2 | 중계율 0.37 | alpha 1.133 | complete
Ep 112 | 드론4 목적지31 |  418스텝 | 배송 31/31 | 재적재  5 | 중계율 0.25 | alpha 1.134 | complete
Ep 113 | 드론3 목적지57 | 1000스텝 | 배송 45/57 | 재적재  7 | 중계율 0.31 | alpha 1.126 | step_limit
Ep 114 | 드론4 목적지64 | 1000스텝 | 배송 46/64 | 재적재  8 | 중계율 0.35 | alpha 1.118 | step_limit
Ep 115 | 드론4 목적지57 | 1000스텝 | 배송 55/57 | 재적재 10 | 중계율 0.33 | alpha 1.117 | step_limit
Ep 116 | 드론3 목적지78 | 1000스텝 | 배송 57/78 | 재적재  9 | 중계율 0.29 | alpha 1.103 | step_limit
Ep 117 | 드론4 목적지76 | 1000스텝 | 배송 55/76 | 재적재  7 | 중계율 0.37 | alpha 1.101 | step_limit
Ep 118 | 드론3 목적지59 | 1000스텝 | 배송 53/59 | 재적재  9 | 중계율 0.25 | alpha 1.093 | step_limit
Ep 119 | 드론3 목적지73 | 1000스텝 | 배송 56/73 | 재적재 10 | 중계율 0.28 | alpha 1.096 | step_limit
Ep 120 | 드론3 목적지68 | 1000스텝 | 배송 51/68 | 재적재  9 | 중계율 0.32 | alpha 1.111 | step_limit
Ep 121 | 드론4 목적지59 | 1000스텝 | 배송 48/59 | 재적재  7 | 중계율 0.39 | alpha 1.095 | step_limit
Ep 122 | 드론4 목적지55 | 1000스텝 | 배송 54/55 | 재적재  9 | 중계율 0.33 | alpha 1.087 | step_limit
Ep 123 | 드론3 목적지22 |  584스텝 | 배송 22/22 | 재적재  3 | 중계율 0.30 | alpha 1.082 | complete
Ep 124 | 드론3 목적지57 | 1000스텝 | 배송 55/57 | 재적재  9 | 중계율 0.25 | alpha 1.099 | step_limit
Ep 125 | 드론3 목적지29 |  788스텝 | 배송 29/29 | 재적재  5 | 중계율 0.33 | alpha 1.102 | complete
Ep 126 | 드론4 목적지80 | 1000스텝 | 배송 68/80 | 재적재 11 | 중계율 0.31 | alpha 1.091 | step_limit
Ep 127 | 드론4 목적지23 |  590스텝 | 배송 23/23 | 재적재  3 | 중계율 0.34 | alpha 1.090 | complete
Ep 128 | 드론3 목적지75 | 1000스텝 | 배송 55/75 | 재적재  8 | 중계율 0.31 | alpha 1.082 | step_limit
Ep 129 | 드론4 목적지31 | 1000스텝 | 배송 30/31 | 재적재  2 | 중계율 0.50 | alpha 1.079 | step_limit
Ep 130 | 드론4 목적지26 |  384스텝 | 배송 26/26 | 재적재  3 | 중계율 0.24 | alpha 1.080 | complete
Ep 131 | 드론4 목적지57 |  841스텝 | 배송 57/57 | 재적재  8 | 중계율 0.29 | alpha 1.083 | complete
Ep 132 | 드론3 목적지51 | 1000스텝 | 배송 48/51 | 재적재  8 | 중계율 0.39 | alpha 1.068 | step_limit
Ep 133 | 드론4 목적지36 | 1000스텝 | 배송 33/36 | 재적재  6 | 중계율 0.40 | alpha 1.067 | step_limit
Ep 134 | 드론4 목적지49 |  945스텝 | 배송 49/49 | 재적재  7 | 중계율 0.37 | alpha 1.082 | complete
Ep 135 | 드론3 목적지56 | 1000스텝 | 배송 48/56 | 재적재  9 | 중계율 0.36 | alpha 1.092 | step_limit
Ep 136 | 드론3 목적지38 |  915스텝 | 배송 38/38 | 재적재  5 | 중계율 0.36 | alpha 1.092 | complete
Ep 137 | 드론4 목적지37 |  705스텝 | 배송 37/37 | 재적재  6 | 중계율 0.30 | alpha 1.095 | complete
Ep 138 | 드론4 목적지68 | 1000스텝 | 배송 49/68 | 재적재  7 | 중계율 0.35 | alpha 1.092 | step_limit
Ep 139 | 드론3 목적지63 | 1000스텝 | 배송 48/63 | 재적재  8 | 중계율 0.26 | alpha 1.070 | step_limit
Ep 140 | 드론4 목적지64 |  915스텝 | 배송 64/64 | 재적재 11 | 중계율 0.33 | alpha 1.074 | complete
Ep 141 | 드론3 목적지48 | 1000스텝 | 배송 44/48 | 재적재  8 | 중계율 0.34 | alpha 1.086 | step_limit
Ep 142 | 드론4 목적지69 | 1000스텝 | 배송 63/69 | 재적재 12 | 중계율 0.33 | alpha 1.054 | step_limit
Ep 143 | 드론3 목적지58 | 1000스텝 | 배송 56/58 | 재적재  9 | 중계율 0.30 | alpha 1.068 | step_limit
Ep 144 | 드론4 목적지55 | 1000스텝 | 배송 52/55 | 재적재  9 | 중계율 0.38 | alpha 1.067 | step_limit
Ep 145 | 드론3 목적지39 | 1000스텝 | 배송 33/39 | 재적재  4 | 중계율 0.38 | alpha 1.073 | step_limit
Ep 146 | 드론3 목적지60 |  912스텝 | 배송 60/60 | 재적재 11 | 중계율 0.23 | alpha 1.046 | complete
Ep 147 | 드론3 목적지44 | 1000스텝 | 배송 43/44 | 재적재  7 | 중계율 0.33 | alpha 1.039 | step_limit
Ep 148 | 드론4 목적지50 | 1000스텝 | 배송 48/50 | 재적재  7 | 중계율 0.37 | alpha 1.041 | step_limit
Ep 149 | 드론3 목적지36 |  647스텝 | 배송 36/36 | 재적재  6 | 중계율 0.29 | alpha 1.025 | complete
Ep 150 | 드론4 목적지78 | 1000스텝 | 배송 64/78 | 재적재 10 | 중계율 0.32 | alpha 1.045 | step_limit
  [홀드아웃] 배송 50.0±0.1 완주 0.99 스텝 1259 점수 122.0 재적재 7.4 2홉+ 0.60 | 최고 122.2@ep50 정체 2/15
Ep 151 | 드론3 목적지64 | 1000스텝 | 배송 62/64 | 재적재 12 | 중계율 0.24 | alpha 1.033 | step_limit
Ep 152 | 드론4 목적지21 |  242스텝 | 배송 21/21 | 재적재  2 | 중계율 0.21 | alpha 1.042 | complete
Ep 153 | 드론4 목적지76 | 1000스텝 | 배송 60/76 | 재적재 10 | 중계율 0.30 | alpha 1.038 | step_limit
Ep 154 | 드론3 목적지40 |  808스텝 | 배송 40/40 | 재적재  5 | 중계율 0.36 | alpha 1.043 | complete
Ep 155 | 드론3 목적지64 | 1000스텝 | 배송 56/64 | 재적재  9 | 중계율 0.28 | alpha 1.026 | step_limit
Ep 156 | 드론4 목적지50 |  885스텝 | 배송 50/50 | 재적재  7 | 중계율 0.38 | alpha 1.025 | complete
Ep 157 | 드론3 목적지56 | 1000스텝 | 배송 55/56 | 재적재 10 | 중계율 0.30 | alpha 1.029 | step_limit
Ep 158 | 드론4 목적지67 | 1000스텝 | 배송 64/67 | 재적재 10 | 중계율 0.34 | alpha 1.012 | step_limit
Ep 159 | 드론4 목적지78 | 1000스텝 | 배송 74/78 | 재적재 14 | 중계율 0.28 | alpha 1.006 | step_limit
Ep 160 | 드론4 목적지23 |  950스텝 | 배송 23/23 | 재적재  3 | 중계율 0.41 | alpha 0.996 | complete
Ep 161 | 드론4 목적지73 | 1000스텝 | 배송 46/73 | 재적재  7 | 중계율 0.34 | alpha 1.010 | step_limit
Ep 162 | 드론3 목적지49 |  850스텝 | 배송 49/49 | 재적재  8 | 중계율 0.25 | alpha 1.012 | complete
Ep 163 | 드론4 목적지36 |  595스텝 | 배송 36/36 | 재적재  4 | 중계율 0.30 | alpha 0.991 | complete
Ep 164 | 드론4 목적지54 |  863스텝 | 배송 54/54 | 재적재  9 | 중계율 0.27 | alpha 0.996 | complete
Ep 165 | 드론4 목적지47 |  865스텝 | 배송 47/47 | 재적재  6 | 중계율 0.38 | alpha 0.988 | complete
Ep 166 | 드론4 목적지63 | 1000스텝 | 배송 62/63 | 재적재 11 | 중계율 0.34 | alpha 1.004 | step_limit
Ep 167 | 드론4 목적지38 |  767스텝 | 배송 38/38 | 재적재  5 | 중계율 0.40 | alpha 0.994 | complete
Ep 168 | 드론4 목적지44 | 1000스텝 | 배송 42/44 | 재적재  5 | 중계율 0.41 | alpha 0.987 | step_limit
Ep 169 | 드론4 목적지45 | 1000스텝 | 배송 42/45 | 재적재  6 | 중계율 0.39 | alpha 0.982 | step_limit
Ep 170 | 드론3 목적지78 | 1000스텝 | 배송 63/78 | 재적재 11 | 중계율 0.27 | alpha 0.975 | step_limit
Ep 171 | 드론4 목적지34 |  731스텝 | 배송 34/34 | 재적재  5 | 중계율 0.40 | alpha 0.977 | complete
Ep 172 | 드론3 목적지48 | 1000스텝 | 배송 44/48 | 재적재  8 | 중계율 0.32 | alpha 0.974 | step_limit
Ep 173 | 드론3 목적지64 | 1000스텝 | 배송 50/64 | 재적재  9 | 중계율 0.35 | alpha 0.956 | step_limit
Ep 174 | 드론4 목적지38 |  626스텝 | 배송 38/38 | 재적재  6 | 중계율 0.30 | alpha 0.964 | complete
Ep 175 | 드론3 목적지56 | 1000스텝 | 배송 50/56 | 재적재  8 | 중계율 0.34 | alpha 0.948 | step_limit
Ep 176 | 드론3 목적지68 | 1000스텝 | 배송 52/68 | 재적재 10 | 중계율 0.37 | alpha 0.949 | step_limit
Ep 177 | 드론4 목적지74 | 1000스텝 | 배송 69/74 | 재적재 12 | 중계율 0.33 | alpha 0.947 | step_limit
Ep 178 | 드론4 목적지37 |  572스텝 | 배송 37/37 | 재적재  5 | 중계율 0.32 | alpha 0.946 | complete
Ep 179 | 드론4 목적지48 |  896스텝 | 배송 48/48 | 재적재  7 | 중계율 0.37 | alpha 0.956 | complete
Ep 180 | 드론3 목적지61 | 1000스텝 | 배송 42/61 | 재적재  7 | 중계율 0.33 | alpha 0.946 | step_limit
Ep 181 | 드론3 목적지80 | 1000스텝 | 배송 46/80 | 재적재  7 | 중계율 0.35 | alpha 0.943 | step_limit
Ep 182 | 드론4 목적지31 |  803스텝 | 배송 31/31 | 재적재  4 | 중계율 0.40 | alpha 0.961 | complete
Ep 183 | 드론3 목적지53 | 1000스텝 | 배송 45/53 | 재적재  8 | 중계율 0.33 | alpha 0.957 | step_limit
Ep 184 | 드론3 목적지64 | 1000스텝 | 배송 44/64 | 재적재  8 | 중계율 0.35 | alpha 0.956 | step_limit
Ep 185 | 드론3 목적지49 | 1000스텝 | 배송 45/49 | 재적재  8 | 중계율 0.26 | alpha 0.948 | step_limit
Ep 186 | 드론4 목적지47 |  879스텝 | 배송 47/47 | 재적재  8 | 중계율 0.37 | alpha 0.928 | complete
Ep 187 | 드론4 목적지59 | 1000스텝 | 배송 50/59 | 재적재  7 | 중계율 0.40 | alpha 0.947 | step_limit
Ep 188 | 드론3 목적지33 |  935스텝 | 배송 33/33 | 재적재  6 | 중계율 0.34 | alpha 0.931 | complete
Ep 189 | 드론4 목적지35 |  582스텝 | 배송 35/35 | 재적재  5 | 중계율 0.26 | alpha 0.906 | complete
Ep 190 | 드론3 목적지30 |  594스텝 | 배송 30/30 | 재적재  3 | 중계율 0.35 | alpha 0.922 | complete
Ep 191 | 드론3 목적지70 | 1000스텝 | 배송 58/70 | 재적재  9 | 중계율 0.30 | alpha 0.926 | step_limit
Ep 192 | 드론4 목적지36 |  700스텝 | 배송 36/36 | 재적재  6 | 중계율 0.30 | alpha 0.905 | complete
Ep 193 | 드론3 목적지54 | 1000스텝 | 배송 48/54 | 재적재  7 | 중계율 0.40 | alpha 0.893 | step_limit
Ep 194 | 드론3 목적지76 | 1000스텝 | 배송 56/76 | 재적재 10 | 중계율 0.35 | alpha 0.901 | step_limit
Ep 195 | 드론4 목적지74 | 1000스텝 | 배송 51/74 | 재적재  8 | 중계율 0.40 | alpha 0.928 | step_limit
Ep 196 | 드론4 목적지70 | 1000스텝 | 배송 54/70 | 재적재  9 | 중계율 0.37 | alpha 0.916 | step_limit
Ep 197 | 드론3 목적지34 |  950스텝 | 배송 34/34 | 재적재  5 | 중계율 0.35 | alpha 0.913 | complete
Ep 198 | 드론3 목적지33 |  736스텝 | 배송 33/33 | 재적재  5 | 중계율 0.41 | alpha 0.910 | complete
Ep 199 | 드론4 목적지46 |  653스텝 | 배송 46/46 | 재적재  7 | 중계율 0.31 | alpha 0.882 | complete
Ep 200 | 드론4 목적지42 |  778스텝 | 배송 42/42 | 재적재  6 | 중계율 0.28 | alpha 0.887 | complete
  [홀드아웃] 배송 50.0±0.0 완주 1.00 스텝 1190 점수 124.1 재적재 7.5 2홉+ 0.61 | 최고 124.1@ep200 정체 0/15  ← 갱신
Ep 201 | 드론4 목적지51 |  871스텝 | 배송 51/51 | 재적재  8 | 중계율 0.34 | alpha 0.902 | complete
Ep 202 | 드론4 목적지32 |  956스텝 | 배송 32/32 | 재적재  3 | 중계율 0.48 | alpha 0.905 | complete
Ep 203 | 드론4 목적지30 | 1000스텝 | 배송 27/30 | 재적재  2 | 중계율 0.47 | alpha 0.912 | step_limit
Ep 204 | 드론4 목적지73 | 1000스텝 | 배송 56/73 | 재적재  9 | 중계율 0.32 | alpha 0.907 | step_limit
Ep 205 | 드론3 목적지44 |  830스텝 | 배송 44/44 | 재적재  7 | 중계율 0.34 | alpha 0.885 | complete
Ep 206 | 드론3 목적지26 |  643스텝 | 배송 26/26 | 재적재  3 | 중계율 0.33 | alpha 0.886 | complete
Ep 207 | 드론4 목적지40 |  670스텝 | 배송 40/40 | 재적재  6 | 중계율 0.32 | alpha 0.893 | complete
Ep 208 | 드론4 목적지35 |  934스텝 | 배송 35/35 | 재적재  6 | 중계율 0.41 | alpha 0.901 | complete
Ep 209 | 드론4 목적지75 | 1000스텝 | 배송 71/75 | 재적재 13 | 중계율 0.23 | alpha 0.883 | step_limit
Ep 210 | 드론4 목적지56 | 1000스텝 | 배송 49/56 | 재적재  8 | 중계율 0.37 | alpha 0.892 | step_limit
Ep 211 | 드론3 목적지26 |  623스텝 | 배송 26/26 | 재적재  4 | 중계율 0.34 | alpha 0.881 | complete
Ep 212 | 드론3 목적지58 | 1000스텝 | 배송 50/58 | 재적재  9 | 중계율 0.29 | alpha 0.862 | step_limit
Ep 213 | 드론3 목적지44 |  996스텝 | 배송 44/44 | 재적재  6 | 중계율 0.37 | alpha 0.859 | complete
Ep 214 | 드론3 목적지56 |  968스텝 | 배송 56/56 | 재적재 11 | 중계율 0.29 | alpha 0.855 | complete
Ep 215 | 드론3 목적지64 | 1000스텝 | 배송 59/64 | 재적재 10 | 중계율 0.33 | alpha 0.855 | step_limit
Ep 216 | 드론4 목적지40 |  841스텝 | 배송 40/40 | 재적재  6 | 중계율 0.40 | alpha 0.845 | complete
Ep 217 | 드론4 목적지41 |  484스텝 | 배송 41/41 | 재적재  6 | 중계율 0.23 | alpha 0.858 | complete
Ep 218 | 드론3 목적지31 |  753스텝 | 배송 31/31 | 재적재  5 | 중계율 0.38 | alpha 0.866 | complete
Ep 219 | 드론3 목적지80 | 1000스텝 | 배송 64/80 | 재적재 10 | 중계율 0.29 | alpha 0.871 | step_limit
Ep 220 | 드론3 목적지53 | 1000스텝 | 배송 40/53 | 재적재  5 | 중계율 0.36 | alpha 0.857 | step_limit
Ep 221 | 드론4 목적지72 |  945스텝 | 배송 72/72 | 재적재 12 | 중계율 0.29 | alpha 0.849 | complete
Ep 222 | 드론3 목적지27 |  834스텝 | 배송 27/27 | 재적재  4 | 중계율 0.41 | alpha 0.850 | complete
Ep 223 | 드론4 목적지22 |  345스텝 | 배송 22/22 | 재적재  1 | 중계율 0.32 | alpha 0.854 | complete
Ep 224 | 드론3 목적지62 | 1000스텝 | 배송 50/62 | 재적재 10 | 중계율 0.34 | alpha 0.849 | step_limit
Ep 225 | 드론4 목적지58 |  940스텝 | 배송 58/58 | 재적재  9 | 중계율 0.30 | alpha 0.851 | complete
Ep 226 | 드론4 목적지37 | 1000스텝 | 배송 33/37 | 재적재  5 | 중계율 0.42 | alpha 0.832 | step_limit
Ep 227 | 드론3 목적지49 | 1000스텝 | 배송 46/49 | 재적재  8 | 중계율 0.38 | alpha 0.854 | step_limit
Ep 228 | 드론4 목적지72 | 1000스텝 | 배송 68/72 | 재적재 11 | 중계율 0.25 | alpha 0.834 | step_limit
Ep 229 | 드론3 목적지77 | 1000스텝 | 배송 56/77 | 재적재 10 | 중계율 0.33 | alpha 0.827 | step_limit
Ep 230 | 드론4 목적지53 |  850스텝 | 배송 53/53 | 재적재  9 | 중계율 0.28 | alpha 0.839 | complete
Ep 231 | 드론4 목적지56 | 1000스텝 | 배송 45/56 | 재적재  8 | 중계율 0.44 | alpha 0.836 | step_limit
Ep 232 | 드론3 목적지28 |  662스텝 | 배송 28/28 | 재적재  3 | 중계율 0.40 | alpha 0.835 | complete
Ep 233 | 드론4 목적지40 | 1000스텝 | 배송 34/40 | 재적재  3 | 중계율 0.41 | alpha 0.838 | step_limit
Ep 234 | 드론4 목적지29 |  922스텝 | 배송 29/29 | 재적재  4 | 중계율 0.35 | alpha 0.842 | complete
Ep 235 | 드론4 목적지69 | 1000스텝 | 배송 59/69 | 재적재 10 | 중계율 0.34 | alpha 0.831 | step_limit
Ep 236 | 드론3 목적지30 |  806스텝 | 배송 20/30 | 재적재  3 | 중계율 0.35 | alpha 0.839 | no_progress
Ep 237 | 드론4 목적지24 |  660스텝 | 배송 24/24 | 재적재  3 | 중계율 0.36 | alpha 0.824 | complete
Ep 238 | 드론4 목적지21 |  761스텝 | 배송 21/21 | 재적재  3 | 중계율 0.42 | alpha 0.825 | complete
Ep 239 | 드론4 목적지60 | 1000스텝 | 배송 38/60 | 재적재  6 | 중계율 0.36 | alpha 0.827 | step_limit
Ep 240 | 드론4 목적지58 | 1000스텝 | 배송 55/58 | 재적재  9 | 중계율 0.38 | alpha 0.822 | step_limit
Ep 241 | 드론3 목적지26 |  371스텝 | 배송 26/26 | 재적재  3 | 중계율 0.19 | alpha 0.821 | complete
Ep 242 | 드론3 목적지43 | 1000스텝 | 배송 41/43 | 재적재  6 | 중계율 0.35 | alpha 0.824 | step_limit
Ep 243 | 드론4 목적지55 | 1000스텝 | 배송 51/55 | 재적재  8 | 중계율 0.34 | alpha 0.830 | step_limit
Ep 244 | 드론4 목적지48 |  628스텝 | 배송 48/48 | 재적재  7 | 중계율 0.31 | alpha 0.814 | complete
Ep 245 | 드론4 목적지67 | 1000스텝 | 배송 59/67 | 재적재 10 | 중계율 0.36 | alpha 0.800 | step_limit
Ep 246 | 드론3 목적지65 | 1000스텝 | 배송 55/65 | 재적재 11 | 중계율 0.34 | alpha 0.800 | step_limit
Ep 247 | 드론4 목적지49 | 1000스텝 | 배송 45/49 | 재적재  7 | 중계율 0.39 | alpha 0.795 | step_limit
Ep 248 | 드론3 목적지41 | 1000스텝 | 배송 39/41 | 재적재  5 | 중계율 0.36 | alpha 0.798 | step_limit
Ep 249 | 드론4 목적지26 |  361스텝 | 배송 26/26 | 재적재  4 | 중계율 0.21 | alpha 0.786 | complete
Ep 250 | 드론4 목적지43 | 1000스텝 | 배송 40/43 | 재적재  5 | 중계율 0.35 | alpha 0.790 | step_limit
  [홀드아웃] 배송 50.0±0.0 완주 1.00 스텝 1162 점수 124.5 재적재 7.5 2홉+ 0.61 | 최고 124.5@ep250 정체 0/15  ← 갱신
Ep 251 | 드론4 목적지71 | 1000스텝 | 배송 68/71 | 재적재 10 | 중계율 0.35 | alpha 0.795 | step_limit
Ep 252 | 드론3 목적지48 | 1000스텝 | 배송 42/48 | 재적재  6 | 중계율 0.40 | alpha 0.789 | step_limit
Ep 253 | 드론3 목적지30 |  736스텝 | 배송 30/30 | 재적재  4 | 중계율 0.39 | alpha 0.789 | complete
Ep 254 | 드론4 목적지26 |  938스텝 | 배송 26/26 | 재적재  2 | 중계율 0.43 | alpha 0.794 | complete
Ep 255 | 드론4 목적지69 | 1000스텝 | 배송 51/69 | 재적재  8 | 중계율 0.29 | alpha 0.792 | step_limit
Ep 256 | 드론4 목적지33 | 1000스텝 | 배송 30/33 | 재적재  6 | 중계율 0.45 | alpha 0.791 | step_limit
Ep 257 | 드론3 목적지55 | 1000스텝 | 배송 47/55 | 재적재  7 | 중계율 0.40 | alpha 0.798 | step_limit
Ep 258 | 드론4 목적지36 |  930스텝 | 배송 36/36 | 재적재  5 | 중계율 0.47 | alpha 0.794 | complete
Ep 259 | 드론3 목적지79 | 1000스텝 | 배송 61/79 | 재적재 11 | 중계율 0.28 | alpha 0.768 | step_limit
Ep 260 | 드론3 목적지41 |  780스텝 | 배송 41/41 | 재적재  6 | 중계율 0.31 | alpha 0.763 | complete
Ep 261 | 드론4 목적지21 |  591스텝 | 배송 21/21 | 재적재  2 | 중계율 0.47 | alpha 0.781 | complete
Ep 262 | 드론3 목적지43 |  900스텝 | 배송 43/43 | 재적재  7 | 중계율 0.36 | alpha 0.777 | complete
Ep 263 | 드론4 목적지21 |  668스텝 | 배송 21/21 | 재적재  1 | 중계율 0.37 | alpha 0.764 | complete
Ep 264 | 드론4 목적지50 | 1000스텝 | 배송 49/50 | 재적재  8 | 중계율 0.45 | alpha 0.773 | step_limit
Ep 265 | 드론3 목적지35 |  884스텝 | 배송 35/35 | 재적재  5 | 중계율 0.45 | alpha 0.748 | complete
Ep 266 | 드론3 목적지54 | 1000스텝 | 배송 53/54 | 재적재  8 | 중계율 0.37 | alpha 0.750 | step_limit
Ep 267 | 드론4 목적지46 |  648스텝 | 배송 46/46 | 재적재  7 | 중계율 0.27 | alpha 0.753 | complete
Ep 268 | 드론3 목적지33 |  814스텝 | 배송 33/33 | 재적재  4 | 중계율 0.39 | alpha 0.764 | complete
Ep 269 | 드론3 목적지42 |  913스텝 | 배송 42/42 | 재적재  7 | 중계율 0.35 | alpha 0.763 | complete
Ep 270 | 드론3 목적지45 | 1000스텝 | 배송 44/45 | 재적재  6 | 중계율 0.36 | alpha 0.755 | step_limit
Ep 271 | 드론4 목적지37 |  578스텝 | 배송 37/37 | 재적재  5 | 중계율 0.34 | alpha 0.755 | complete
Ep 272 | 드론3 목적지47 | 1000스텝 | 배송 46/47 | 재적재  7 | 중계율 0.36 | alpha 0.744 | step_limit
Ep 273 | 드론4 목적지76 | 1000스텝 | 배송 66/76 | 재적재 11 | 중계율 0.29 | alpha 0.741 | step_limit
Ep 274 | 드론4 목적지29 |  827스텝 | 배송 29/29 | 재적재  2 | 중계율 0.47 | alpha 0.748 | complete
Ep 275 | 드론3 목적지78 | 1000스텝 | 배송 53/78 | 재적재  9 | 중계율 0.36 | alpha 0.748 | step_limit
Ep 276 | 드론4 목적지49 |  829스텝 | 배송 49/49 | 재적재  8 | 중계율 0.30 | alpha 0.741 | complete
Ep 277 | 드론3 목적지67 | 1000스텝 | 배송 54/67 | 재적재  9 | 중계율 0.34 | alpha 0.743 | step_limit
Ep 278 | 드론3 목적지30 |  764스텝 | 배송 30/30 | 재적재  4 | 중계율 0.47 | alpha 0.748 | complete
Ep 279 | 드론4 목적지44 |  810스텝 | 배송 44/44 | 재적재  7 | 중계율 0.35 | alpha 0.738 | complete
Ep 280 | 드론3 목적지32 |  699스텝 | 배송 32/32 | 재적재  5 | 중계율 0.35 | alpha 0.736 | complete
Ep 281 | 드론3 목적지36 | 1000스텝 | 배송 34/36 | 재적재  5 | 중계율 0.36 | alpha 0.744 | step_limit
Ep 282 | 드론3 목적지56 | 1000스텝 | 배송 53/56 | 재적재  9 | 중계율 0.30 | alpha 0.727 | step_limit
Ep 283 | 드론3 목적지75 | 1000스텝 | 배송 70/75 | 재적재 12 | 중계율 0.29 | alpha 0.721 | step_limit
Ep 284 | 드론4 목적지21 |  415스텝 | 배송 21/21 | 재적재  2 | 중계율 0.26 | alpha 0.726 | complete
Ep 285 | 드론4 목적지72 | 1000스텝 | 배송 65/72 | 재적재 11 | 중계율 0.31 | alpha 0.721 | step_limit
Ep 286 | 드론4 목적지78 | 1000스텝 | 배송 71/78 | 재적재 12 | 중계율 0.30 | alpha 0.710 | step_limit
Ep 287 | 드론3 목적지39 |  801스텝 | 배송 39/39 | 재적재  6 | 중계율 0.28 | alpha 0.718 | complete
Ep 288 | 드론3 목적지39 |  787스텝 | 배송 39/39 | 재적재  6 | 중계율 0.34 | alpha 0.706 | complete
Ep 289 | 드론3 목적지49 |  944스텝 | 배송 49/49 | 재적재  7 | 중계율 0.36 | alpha 0.717 | complete
Ep 290 | 드론3 목적지29 |  636스텝 | 배송 29/29 | 재적재  4 | 중계율 0.34 | alpha 0.721 | complete
Ep 291 | 드론4 목적지68 | 1000스텝 | 배송 64/68 | 재적재 11 | 중계율 0.33 | alpha 0.708 | step_limit
Ep 292 | 드론3 목적지69 | 1000스텝 | 배송 64/69 | 재적재 10 | 중계율 0.32 | alpha 0.706 | step_limit
Ep 293 | 드론3 목적지38 |  952스텝 | 배송 38/38 | 재적재  7 | 중계율 0.35 | alpha 0.727 | complete
Ep 294 | 드론4 목적지41 |  954스텝 | 배송 41/41 | 재적재  6 | 중계율 0.40 | alpha 0.743 | complete
Ep 295 | 드론3 목적지35 |  651스텝 | 배송 35/35 | 재적재  5 | 중계율 0.33 | alpha 0.725 | complete
Ep 296 | 드론4 목적지49 |  869스텝 | 배송 49/49 | 재적재  7 | 중계율 0.31 | alpha 0.717 | complete
Ep 297 | 드론3 목적지78 | 1000스텝 | 배송 56/78 | 재적재  9 | 중계율 0.28 | alpha 0.702 | step_limit
Ep 298 | 드론3 목적지73 | 1000스텝 | 배송 66/73 | 재적재 12 | 중계율 0.32 | alpha 0.701 | step_limit
Ep 299 | 드론4 목적지75 | 1000스텝 | 배송 72/75 | 재적재 13 | 중계율 0.30 | alpha 0.706 | step_limit
Ep 300 | 드론3 목적지39 |  636스텝 | 배송 39/39 | 재적재  5 | 중계율 0.34 | alpha 0.713 | complete
  [홀드아웃] 배송 50.0±0.0 완주 1.00 스텝 1078 점수 125.6 재적재 7.1 2홉+ 0.61 | 최고 125.6@ep300 정체 0/15  ← 갱신
Ep 301 | 드론3 목적지69 | 1000스텝 | 배송 60/69 | 재적재 10 | 중계율 0.33 | alpha 0.692 | step_limit
Ep 302 | 드론4 목적지60 | 1000스텝 | 배송 52/60 | 재적재  9 | 중계율 0.38 | alpha 0.675 | step_limit
Ep 303 | 드론3 목적지74 | 1000스텝 | 배송 64/74 | 재적재 11 | 중계율 0.30 | alpha 0.686 | step_limit
Ep 304 | 드론3 목적지25 |  417스텝 | 배송 25/25 | 재적재  4 | 중계율 0.25 | alpha 0.685 | complete
Ep 305 | 드론3 목적지75 | 1000스텝 | 배송 55/75 | 재적재 10 | 중계율 0.32 | alpha 0.686 | step_limit
Ep 306 | 드론3 목적지29 |  745스텝 | 배송 29/29 | 재적재  5 | 중계율 0.35 | alpha 0.687 | complete
Ep 307 | 드론4 목적지29 |  540스텝 | 배송 29/29 | 재적재  4 | 중계율 0.27 | alpha 0.696 | complete
Ep 308 | 드론4 목적지35 |  500스텝 | 배송 35/35 | 재적재  5 | 중계율 0.23 | alpha 0.696 | complete
Ep 309 | 드론4 목적지37 |  763스텝 | 배송 37/37 | 재적재  6 | 중계율 0.43 | alpha 0.686 | complete
Ep 310 | 드론3 목적지74 | 1000스텝 | 배송 60/74 | 재적재 11 | 중계율 0.32 | alpha 0.669 | step_limit
Ep 311 | 드론4 목적지42 |  958스텝 | 배송 42/42 | 재적재  5 | 중계율 0.43 | alpha 0.684 | complete
Ep 312 | 드론4 목적지73 | 1000스텝 | 배송 49/73 | 재적재  7 | 중계율 0.37 | alpha 0.667 | step_limit
Ep 313 | 드론3 목적지34 |  883스텝 | 배송 34/34 | 재적재  6 | 중계율 0.43 | alpha 0.666 | complete
Ep 314 | 드론3 목적지26 |  781스텝 | 배송 26/26 | 재적재  3 | 중계율 0.38 | alpha 0.672 | complete
Ep 315 | 드론4 목적지20 |  590스텝 | 배송 20/20 | 재적재  2 | 중계율 0.44 | alpha 0.676 | complete
Ep 316 | 드론4 목적지24 |  354스텝 | 배송 24/24 | 재적재  3 | 중계율 0.26 | alpha 0.685 | complete
Ep 317 | 드론4 목적지23 |  588스텝 | 배송 23/23 | 재적재  3 | 중계율 0.45 | alpha 0.686 | complete
Ep 318 | 드론3 목적지45 | 1000스텝 | 배송 40/45 | 재적재  6 | 중계율 0.36 | alpha 0.681 | step_limit
Ep 319 | 드론4 목적지52 | 1000스텝 | 배송 49/52 | 재적재  7 | 중계율 0.38 | alpha 0.664 | step_limit
Ep 320 | 드론3 목적지25 |  512스텝 | 배송 25/25 | 재적재  3 | 중계율 0.36 | alpha 0.666 | complete
Ep 321 | 드론3 목적지34 |  859스텝 | 배송 34/34 | 재적재  4 | 중계율 0.37 | alpha 0.669 | complete
Ep 322 | 드론3 목적지33 |  640스텝 | 배송 33/33 | 재적재  5 | 중계율 0.34 | alpha 0.663 | complete
Ep 323 | 드론3 목적지35 |  810스텝 | 배송 35/35 | 재적재  5 | 중계율 0.43 | alpha 0.656 | complete
Ep 324 | 드론4 목적지70 | 1000스텝 | 배송 62/70 | 재적재 10 | 중계율 0.32 | alpha 0.655 | step_limit
Ep 325 | 드론3 목적지43 |  731스텝 | 배송 43/43 | 재적재  7 | 중계율 0.32 | alpha 0.652 | complete
Ep 326 | 드론4 목적지42 | 1000스텝 | 배송 34/42 | 재적재  4 | 중계율 0.46 | alpha 0.645 | step_limit
Ep 327 | 드론4 목적지62 | 1000스텝 | 배송 51/62 | 재적재  8 | 중계율 0.31 | alpha 0.641 | step_limit
Ep 328 | 드론3 목적지53 |  953스텝 | 배송 53/53 | 재적재  9 | 중계율 0.34 | alpha 0.661 | complete
Ep 329 | 드론4 목적지31 |  706스텝 | 배송 31/31 | 재적재  4 | 중계율 0.37 | alpha 0.664 | complete
Ep 330 | 드론3 목적지65 | 1000스텝 | 배송 55/65 | 재적재 10 | 중계율 0.35 | alpha 0.648 | step_limit
Ep 331 | 드론3 목적지25 |  924스텝 | 배송 24/25 | 재적재  4 | 중계율 0.37 | alpha 0.656 | no_progress
Ep 332 | 드론3 목적지79 | 1000스텝 | 배송 58/79 | 재적재 10 | 중계율 0.35 | alpha 0.637 | step_limit
Ep 333 | 드론3 목적지37 |  980스텝 | 배송 37/37 | 재적재  7 | 중계율 0.42 | alpha 0.645 | complete
Ep 334 | 드론3 목적지72 | 1000스텝 | 배송 62/72 | 재적재 11 | 중계율 0.25 | alpha 0.630 | step_limit
Ep 335 | 드론3 목적지23 |  525스텝 | 배송 23/23 | 재적재  4 | 중계율 0.42 | alpha 0.628 | complete
Ep 336 | 드론3 목적지57 | 1000스텝 | 배송 46/57 | 재적재  7 | 중계율 0.38 | alpha 0.647 | step_limit
Ep 337 | 드론3 목적지76 | 1000스텝 | 배송 62/76 | 재적재 10 | 중계율 0.36 | alpha 0.638 | step_limit
Ep 338 | 드론3 목적지30 |  805스텝 | 배송 30/30 | 재적재  4 | 중계율 0.42 | alpha 0.644 | complete
Ep 339 | 드론4 목적지73 |  885스텝 | 배송 73/73 | 재적재 12 | 중계율 0.27 | alpha 0.642 | complete
Ep 340 | 드론4 목적지34 |  704스텝 | 배송 34/34 | 재적재  4 | 중계율 0.36 | alpha 0.641 | complete
Ep 341 | 드론4 목적지26 |  785스텝 | 배송 26/26 | 재적재  3 | 중계율 0.50 | alpha 0.632 | complete
Ep 342 | 드론3 목적지46 |  909스텝 | 배송 46/46 | 재적재  8 | 중계율 0.33 | alpha 0.621 | complete
Ep 343 | 드론3 목적지50 | 1000스텝 | 배송 49/50 | 재적재  8 | 중계율 0.40 | alpha 0.625 | step_limit
Ep 344 | 드론4 목적지28 |  474스텝 | 배송 28/28 | 재적재  3 | 중계율 0.29 | alpha 0.628 | complete
Ep 345 | 드론4 목적지61 | 1000스텝 | 배송 52/61 | 재적재  7 | 중계율 0.41 | alpha 0.623 | step_limit
Ep 346 | 드론3 목적지29 | 1000스텝 | 배송 28/29 | 재적재  5 | 중계율 0.47 | alpha 0.625 | step_limit
Ep 347 | 드론3 목적지42 | 1000스텝 | 배송 40/42 | 재적재  6 | 중계율 0.43 | alpha 0.636 | step_limit
Ep 348 | 드론4 목적지53 |  744스텝 | 배송 53/53 | 재적재  9 | 중계율 0.28 | alpha 0.650 | complete
Ep 349 | 드론3 목적지62 | 1000스텝 | 배송 49/62 | 재적재  9 | 중계율 0.36 | alpha 0.636 | step_limit
Ep 350 | 드론3 목적지79 | 1000스텝 | 배송 62/79 | 재적재 11 | 중계율 0.29 | alpha 0.630 | step_limit
  [홀드아웃] 배송 50.0±0.0 완주 1.00 스텝 1048 점수 126.0 재적재 7.0 2홉+ 0.61 | 최고 126.0@ep350 정체 0/15  ← 갱신
Ep 351 | 드론4 목적지65 | 1000스텝 | 배송 61/65 | 재적재 11 | 중계율 0.36 | alpha 0.627 | step_limit
Ep 352 | 드론4 목적지36 |  911스텝 | 배송 36/36 | 재적재  5 | 중계율 0.39 | alpha 0.615 | complete
Ep 353 | 드론3 목적지62 | 1000스텝 | 배송 61/62 | 재적재 11 | 중계율 0.27 | alpha 0.600 | step_limit
Ep 354 | 드론4 목적지35 |  527스텝 | 배송 35/35 | 재적재  5 | 중계율 0.21 | alpha 0.602 | complete
Ep 355 | 드론3 목적지24 |  515스텝 | 배송 24/24 | 재적재  3 | 중계율 0.28 | alpha 0.604 | complete
Ep 356 | 드론4 목적지62 | 1000스텝 | 배송 51/62 | 재적재  8 | 중계율 0.41 | alpha 0.608 | step_limit
Ep 357 | 드론3 목적지21 |  556스텝 | 배송 21/21 | 재적재  4 | 중계율 0.38 | alpha 0.607 | complete
Ep 358 | 드론4 목적지26 |  366스텝 | 배송 26/26 | 재적재  3 | 중계율 0.32 | alpha 0.616 | complete
Ep 359 | 드론3 목적지52 | 1000스텝 | 배송 50/52 | 재적재  8 | 중계율 0.38 | alpha 0.606 | step_limit
Ep 360 | 드론4 목적지52 |  945스텝 | 배송 52/52 | 재적재  9 | 중계율 0.41 | alpha 0.604 | complete
Ep 361 | 드론3 목적지40 |  800스텝 | 배송 40/40 | 재적재  5 | 중계율 0.37 | alpha 0.597 | complete
Ep 362 | 드론4 목적지52 | 1000스텝 | 배송 45/52 | 재적재  5 | 중계율 0.47 | alpha 0.610 | step_limit
Ep 363 | 드론4 목적지64 | 1000스텝 | 배송 49/64 | 재적재  7 | 중계율 0.39 | alpha 0.595 | step_limit
Ep 364 | 드론3 목적지64 | 1000스텝 | 배송 56/64 | 재적재 10 | 중계율 0.38 | alpha 0.608 | step_limit
Ep 365 | 드론4 목적지69 | 1000스텝 | 배송 65/69 | 재적재  9 | 중계율 0.37 | alpha 0.601 | step_limit
Ep 366 | 드론4 목적지61 |  838스텝 | 배송 61/61 | 재적재 10 | 중계율 0.29 | alpha 0.613 | complete
Ep 367 | 드론3 목적지53 |  893스텝 | 배송 53/53 | 재적재 10 | 중계율 0.26 | alpha 0.596 | complete
Ep 368 | 드론4 목적지73 | 1000스텝 | 배송 70/73 | 재적재 13 | 중계율 0.25 | alpha 0.594 | step_limit
Ep 369 | 드론4 목적지30 |  492스텝 | 배송 30/30 | 재적재  4 | 중계율 0.31 | alpha 0.588 | complete
Ep 370 | 드론3 목적지71 | 1000스텝 | 배송 65/71 | 재적재 11 | 중계율 0.26 | alpha 0.571 | step_limit
Ep 371 | 드론3 목적지54 | 1000스텝 | 배송 40/54 | 재적재  6 | 중계율 0.37 | alpha 0.557 | step_limit
Ep 372 | 드론4 목적지80 | 1000스텝 | 배송 76/80 | 재적재 13 | 중계율 0.34 | alpha 0.572 | step_limit
Ep 373 | 드론3 목적지41 |  793스텝 | 배송 41/41 | 재적재  6 | 중계율 0.35 | alpha 0.576 | complete
Ep 374 | 드론3 목적지67 | 1000스텝 | 배송 62/67 | 재적재 11 | 중계율 0.30 | alpha 0.580 | step_limit
Ep 375 | 드론3 목적지62 | 1000스텝 | 배송 50/62 | 재적재  8 | 중계율 0.37 | alpha 0.577 | step_limit
Ep 376 | 드론4 목적지72 | 1000스텝 | 배송 71/72 | 재적재 12 | 중계율 0.34 | alpha 0.567 | step_limit
Ep 377 | 드론4 목적지63 | 1000스텝 | 배송 53/63 | 재적재  9 | 중계율 0.36 | alpha 0.573 | step_limit
Ep 378 | 드론4 목적지74 |  836스텝 | 배송 74/74 | 재적재 13 | 중계율 0.27 | alpha 0.561 | complete
Ep 379 | 드론3 목적지77 | 1000스텝 | 배송 60/77 | 재적재 10 | 중계율 0.30 | alpha 0.562 | step_limit
Ep 380 | 드론3 목적지73 | 1000스텝 | 배송 67/73 | 재적재 11 | 중계율 0.27 | alpha 0.568 | step_limit
Ep 381 | 드론4 목적지20 |  355스텝 | 배송 20/20 | 재적재  3 | 중계율 0.31 | alpha 0.570 | complete
Ep 382 | 드론3 목적지75 | 1000스텝 | 배송 60/75 | 재적재  9 | 중계율 0.32 | alpha 0.556 | step_limit
Ep 383 | 드론3 목적지52 | 1000스텝 | 배송 50/52 | 재적재  9 | 중계율 0.36 | alpha 0.566 | step_limit
Ep 384 | 드론3 목적지77 | 1000스텝 | 배송 65/77 | 재적재 11 | 중계율 0.25 | alpha 0.561 | step_limit
Ep 385 | 드론3 목적지62 | 1000스텝 | 배송 50/62 | 재적재  8 | 중계율 0.37 | alpha 0.561 | step_limit
Ep 386 | 드론3 목적지80 | 1000스텝 | 배송 58/80 | 재적재 10 | 중계율 0.36 | alpha 0.554 | step_limit
Ep 387 | 드론3 목적지31 |  559스텝 | 배송 31/31 | 재적재  5 | 중계율 0.29 | alpha 0.558 | complete
Ep 388 | 드론3 목적지33 |  789스텝 | 배송 33/33 | 재적재  6 | 중계율 0.41 | alpha 0.550 | complete
Ep 389 | 드론4 목적지72 | 1000스텝 | 배송 65/72 | 재적재 11 | 중계율 0.38 | alpha 0.551 | step_limit
Ep 390 | 드론4 목적지71 |  829스텝 | 배송 71/71 | 재적재 13 | 중계율 0.27 | alpha 0.542 | complete
Ep 391 | 드론4 목적지50 |  678스텝 | 배송 50/50 | 재적재  7 | 중계율 0.30 | alpha 0.542 | complete
Ep 392 | 드론4 목적지71 |  964스텝 | 배송 71/71 | 재적재 11 | 중계율 0.28 | alpha 0.540 | complete
Ep 393 | 드론4 목적지21 |  500스텝 | 배송 21/21 | 재적재  1 | 중계율 0.43 | alpha 0.543 | complete
Ep 394 | 드론4 목적지60 | 1000스텝 | 배송 54/60 | 재적재  8 | 중계율 0.38 | alpha 0.557 | step_limit
Ep 395 | 드론4 목적지55 |  940스텝 | 배송 55/55 | 재적재 10 | 중계율 0.26 | alpha 0.540 | complete
Ep 396 | 드론4 목적지71 |  791스텝 | 배송 71/71 | 재적재 13 | 중계율 0.24 | alpha 0.522 | complete
Ep 397 | 드론3 목적지36 |  820스텝 | 배송 36/36 | 재적재  5 | 중계율 0.38 | alpha 0.535 | complete
Ep 398 | 드론3 목적지52 | 1000스텝 | 배송 50/52 | 재적재  8 | 중계율 0.29 | alpha 0.534 | step_limit
Ep 399 | 드론3 목적지46 |  865스텝 | 배송 46/46 | 재적재  7 | 중계율 0.32 | alpha 0.528 | complete
Ep 400 | 드론3 목적지34 |  872스텝 | 배송 34/34 | 재적재  4 | 중계율 0.46 | alpha 0.525 | complete
  [홀드아웃] 배송 50.0±0.0 완주 1.00 스텝 1021 점수 126.4 재적재 7.2 2홉+ 0.61 | 최고 126.4@ep400 정체 0/15  ← 갱신
Ep 401 | 드론3 목적지38 |  874스텝 | 배송 38/38 | 재적재  7 | 중계율 0.42 | alpha 0.536 | complete
Ep 402 | 드론4 목적지36 |  860스텝 | 배송 36/36 | 재적재  5 | 중계율 0.41 | alpha 0.533 | complete
Ep 403 | 드론3 목적지73 | 1000스텝 | 배송 65/73 | 재적재 12 | 중계율 0.31 | alpha 0.525 | step_limit
Ep 404 | 드론4 목적지70 | 1000스텝 | 배송 63/70 | 재적재 10 | 중계율 0.38 | alpha 0.534 | step_limit
Ep 405 | 드론3 목적지25 |  484스텝 | 배송 25/25 | 재적재  2 | 중계율 0.36 | alpha 0.533 | complete
Ep 406 | 드론4 목적지58 | 1000스텝 | 배송 55/58 | 재적재  8 | 중계율 0.41 | alpha 0.531 | step_limit
Ep 407 | 드론4 목적지70 | 1000스텝 | 배송 55/70 | 재적재  9 | 중계율 0.29 | alpha 0.539 | step_limit
Ep 408 | 드론3 목적지40 |  794스텝 | 배송 40/40 | 재적재  7 | 중계율 0.27 | alpha 0.552 | complete
Ep 409 | 드론3 목적지30 |  981스텝 | 배송 28/30 | 재적재  4 | 중계율 0.41 | alpha 0.542 | no_progress
Ep 410 | 드론3 목적지63 |  991스텝 | 배송 63/63 | 재적재 10 | 중계율 0.32 | alpha 0.536 | complete
Ep 411 | 드론3 목적지48 | 1000스텝 | 배송 45/48 | 재적재  7 | 중계율 0.35 | alpha 0.532 | step_limit
Ep 412 | 드론4 목적지34 |  861스텝 | 배송 34/34 | 재적재  4 | 중계율 0.36 | alpha 0.544 | complete
Ep 413 | 드론3 목적지22 |  637스텝 | 배송 22/22 | 재적재  3 | 중계율 0.42 | alpha 0.541 | complete
Ep 414 | 드론3 목적지51 | 1000스텝 | 배송 47/51 | 재적재  7 | 중계율 0.41 | alpha 0.527 | step_limit
Ep 415 | 드론4 목적지45 |  767스텝 | 배송 45/45 | 재적재  6 | 중계율 0.43 | alpha 0.522 | complete
Ep 416 | 드론3 목적지60 | 1000스텝 | 배송 50/60 | 재적재  8 | 중계율 0.35 | alpha 0.533 | step_limit
Ep 417 | 드론3 목적지43 |  976스텝 | 배송 43/43 | 재적재  6 | 중계율 0.38 | alpha 0.537 | complete
Ep 418 | 드론4 목적지75 | 1000스텝 | 배송 62/75 | 재적재 11 | 중계율 0.35 | alpha 0.537 | step_limit
Ep 419 | 드론4 목적지60 | 1000스텝 | 배송 46/60 | 재적재  7 | 중계율 0.37 | alpha 0.540 | step_limit
Ep 420 | 드론3 목적지22 |  492스텝 | 배송 22/22 | 재적재  2 | 중계율 0.42 | alpha 0.536 | complete
Ep 421 | 드론4 목적지40 |  843스텝 | 배송 40/40 | 재적재  6 | 중계율 0.45 | alpha 0.540 | complete
Ep 422 | 드론4 목적지52 |  884스텝 | 배송 52/52 | 재적재  9 | 중계율 0.34 | alpha 0.551 | complete
Ep 423 | 드론3 목적지29 |  717스텝 | 배송 29/29 | 재적재  5 | 중계율 0.36 | alpha 0.547 | complete
Ep 424 | 드론3 목적지29 |  553스텝 | 배송 29/29 | 재적재  4 | 중계율 0.34 | alpha 0.537 | complete
Ep 425 | 드론3 목적지80 | 1000스텝 | 배송 64/80 | 재적재 11 | 중계율 0.33 | alpha 0.540 | step_limit
Ep 426 | 드론4 목적지78 | 1000스텝 | 배송 75/78 | 재적재 12 | 중계율 0.26 | alpha 0.542 | step_limit
Ep 427 | 드론3 목적지46 |  991스텝 | 배송 46/46 | 재적재  8 | 중계율 0.40 | alpha 0.550 | complete
Ep 428 | 드론4 목적지72 | 1000스텝 | 배송 67/72 | 재적재 12 | 중계율 0.30 | alpha 0.549 | step_limit
Ep 429 | 드론3 목적지72 | 1000스텝 | 배송 60/72 | 재적재 11 | 중계율 0.36 | alpha 0.534 | step_limit
Ep 430 | 드론3 목적지78 | 1000스텝 | 배송 65/78 | 재적재 13 | 중계율 0.32 | alpha 0.546 | step_limit
Ep 431 | 드론3 목적지23 |  501스텝 | 배송 23/23 | 재적재  2 | 중계율 0.43 | alpha 0.542 | complete
Ep 432 | 드론4 목적지41 |  679스텝 | 배송 41/41 | 재적재  6 | 중계율 0.24 | alpha 0.546 | complete
Ep 433 | 드론3 목적지66 | 1000스텝 | 배송 62/66 | 재적재 10 | 중계율 0.33 | alpha 0.554 | step_limit
Ep 434 | 드론4 목적지62 | 1000스텝 | 배송 59/62 | 재적재 10 | 중계율 0.38 | alpha 0.550 | step_limit
Ep 435 | 드론3 목적지32 |  713스텝 | 배송 32/32 | 재적재  6 | 중계율 0.40 | alpha 0.541 | complete
Ep 436 | 드론4 목적지65 |  779스텝 | 배송 65/65 | 재적재 11 | 중계율 0.30 | alpha 0.539 | complete
Ep 437 | 드론4 목적지61 |  774스텝 | 배송 61/61 | 재적재 11 | 중계율 0.26 | alpha 0.541 | complete
Ep 438 | 드론3 목적지37 |  890스텝 | 배송 37/37 | 재적재  6 | 중계율 0.35 | alpha 0.545 | complete
Ep 439 | 드론4 목적지49 |  885스텝 | 배송 49/49 | 재적재  8 | 중계율 0.43 | alpha 0.551 | complete
Ep 440 | 드론3 목적지42 |  800스텝 | 배송 42/42 | 재적재  7 | 중계율 0.34 | alpha 0.547 | complete
Ep 441 | 드론3 목적지54 | 1000스텝 | 배송 51/54 | 재적재  9 | 중계율 0.37 | alpha 0.554 | step_limit
Ep 442 | 드론4 목적지41 |  580스텝 | 배송 41/41 | 재적재  6 | 중계율 0.29 | alpha 0.549 | complete
Ep 443 | 드론3 목적지61 | 1000스텝 | 배송 56/61 | 재적재  9 | 중계율 0.37 | alpha 0.528 | step_limit
Ep 444 | 드론3 목적지55 |  908스텝 | 배송 55/55 | 재적재  9 | 중계율 0.32 | alpha 0.536 | complete
Ep 445 | 드론3 목적지49 |  948스텝 | 배송 49/49 | 재적재  7 | 중계율 0.40 | alpha 0.531 | complete
Ep 446 | 드론4 목적지72 | 1000스텝 | 배송 70/72 | 재적재 12 | 중계율 0.36 | alpha 0.544 | step_limit
Ep 447 | 드론4 목적지40 |  719스텝 | 배송 40/40 | 재적재  6 | 중계율 0.41 | alpha 0.546 | complete
Ep 448 | 드론3 목적지71 | 1000스텝 | 배송 55/71 | 재적재 11 | 중계율 0.37 | alpha 0.553 | step_limit
Ep 449 | 드론4 목적지26 |  476스텝 | 배송 26/26 | 재적재  3 | 중계율 0.37 | alpha 0.548 | complete
Ep 450 | 드론3 목적지56 | 1000스텝 | 배송 50/56 | 재적재  8 | 중계율 0.38 | alpha 0.542 | step_limit
  [홀드아웃] 배송 50.0±0.0 완주 1.00 스텝 1099 점수 125.3 재적재 7.2 2홉+ 0.60 | 최고 126.4@ep400 정체 1/15
Ep 451 | 드론4 목적지51 | 1000스텝 | 배송 50/51 | 재적재  7 | 중계율 0.40 | alpha 0.546 | step_limit
Ep 452 | 드론3 목적지34 |  592스텝 | 배송 34/34 | 재적재  5 | 중계율 0.27 | alpha 0.541 | complete
Ep 453 | 드론4 목적지47 | 1000스텝 | 배송 44/47 | 재적재  6 | 중계율 0.36 | alpha 0.549 | step_limit
Ep 454 | 드론4 목적지70 | 1000스텝 | 배송 52/70 | 재적재  9 | 중계율 0.37 | alpha 0.542 | step_limit
Ep 455 | 드론4 목적지44 |  672스텝 | 배송 44/44 | 재적재  6 | 중계율 0.40 | alpha 0.535 | complete
Ep 456 | 드론4 목적지49 |  707스텝 | 배송 49/49 | 재적재  8 | 중계율 0.29 | alpha 0.539 | complete
Ep 457 | 드론4 목적지56 |  758스텝 | 배송 56/56 | 재적재  9 | 중계율 0.31 | alpha 0.539 | complete
Ep 458 | 드론4 목적지42 |  896스텝 | 배송 42/42 | 재적재  6 | 중계율 0.43 | alpha 0.548 | complete
Ep 459 | 드론3 목적지45 |  751스텝 | 배송 45/45 | 재적재  8 | 중계율 0.25 | alpha 0.549 | complete
Ep 460 | 드론4 목적지73 |  869스텝 | 배송 73/73 | 재적재 11 | 중계율 0.30 | alpha 0.548 | complete
Ep 461 | 드론3 목적지30 |  804스텝 | 배송 30/30 | 재적재  3 | 중계율 0.45 | alpha 0.548 | complete
Ep 462 | 드론3 목적지64 | 1000스텝 | 배송 59/64 | 재적재 10 | 중계율 0.33 | alpha 0.540 | step_limit
Ep 463 | 드론3 목적지63 | 1000스텝 | 배송 50/63 | 재적재  8 | 중계율 0.39 | alpha 0.540 | step_limit
Ep 464 | 드론3 목적지68 | 1000스텝 | 배송 65/68 | 재적재 11 | 중계율 0.32 | alpha 0.542 | step_limit
Ep 465 | 드론4 목적지63 | 1000스텝 | 배송 60/63 | 재적재  9 | 중계율 0.39 | alpha 0.551 | step_limit
Ep 466 | 드론4 목적지65 | 1000스텝 | 배송 64/65 | 재적재 10 | 중계율 0.35 | alpha 0.560 | step_limit
Ep 467 | 드론4 목적지57 |  872스텝 | 배송 57/57 | 재적재  8 | 중계율 0.34 | alpha 0.560 | complete
Ep 468 | 드론3 목적지35 |  680스텝 | 배송 35/35 | 재적재  4 | 중계율 0.39 | alpha 0.558 | complete
Ep 469 | 드론3 목적지46 | 1000스텝 | 배송 41/46 | 재적재  8 | 중계율 0.43 | alpha 0.548 | step_limit
Ep 470 | 드론4 목적지53 |  907스텝 | 배송 53/53 | 재적재  8 | 중계율 0.40 | alpha 0.554 | complete
Ep 471 | 드론4 목적지45 |  701스텝 | 배송 45/45 | 재적재  6 | 중계율 0.37 | alpha 0.559 | complete
Ep 472 | 드론3 목적지53 | 1000스텝 | 배송 50/53 | 재적재  7 | 중계율 0.43 | alpha 0.547 | step_limit
Ep 473 | 드론4 목적지71 | 1000스텝 | 배송 70/71 | 재적재 12 | 중계율 0.33 | alpha 0.546 | step_limit
Ep 474 | 드론4 목적지25 |  877스텝 | 배송 25/25 | 재적재  3 | 중계율 0.42 | alpha 0.548 | complete
Ep 475 | 드론4 목적지40 |  789스텝 | 배송 40/40 | 재적재  5 | 중계율 0.33 | alpha 0.545 | complete
Ep 476 | 드론3 목적지33 |  681스텝 | 배송 33/33 | 재적재  4 | 중계율 0.37 | alpha 0.555 | complete
Ep 477 | 드론3 목적지21 |  631스텝 | 배송 21/21 | 재적재  2 | 중계율 0.33 | alpha 0.562 | complete
Ep 478 | 드론4 목적지22 |  671스텝 | 배송 22/22 | 재적재  3 | 중계율 0.37 | alpha 0.557 | complete
Ep 479 | 드론4 목적지41 |  890스텝 | 배송 41/41 | 재적재  8 | 중계율 0.47 | alpha 0.558 | complete
Ep 480 | 드론3 목적지57 | 1000스텝 | 배송 51/57 | 재적재  9 | 중계율 0.31 | alpha 0.549 | step_limit
Ep 481 | 드론3 목적지66 | 1000스텝 | 배송 52/66 | 재적재  8 | 중계율 0.35 | alpha 0.554 | step_limit
Ep 482 | 드론4 목적지76 |  977스텝 | 배송 76/76 | 재적재 13 | 중계율 0.33 | alpha 0.552 | complete
Ep 483 | 드론3 목적지28 |  572스텝 | 배송 28/28 | 재적재  4 | 중계율 0.38 | alpha 0.559 | complete
Ep 484 | 드론4 목적지35 |  439스텝 | 배송 35/35 | 재적재  5 | 중계율 0.30 | alpha 0.545 | complete
Ep 485 | 드론4 목적지44 |  781스텝 | 배송 44/44 | 재적재  6 | 중계율 0.41 | alpha 0.545 | complete
Ep 486 | 드론4 목적지75 |  844스텝 | 배송 75/75 | 재적재 13 | 중계율 0.26 | alpha 0.547 | complete
Ep 487 | 드론3 목적지75 | 1000스텝 | 배송 66/75 | 재적재 12 | 중계율 0.30 | alpha 0.553 | step_limit
Ep 488 | 드론4 목적지60 | 1000스텝 | 배송 56/60 | 재적재  8 | 중계율 0.40 | alpha 0.546 | step_limit
Ep 489 | 드론3 목적지80 | 1000스텝 | 배송 71/80 | 재적재 12 | 중계율 0.26 | alpha 0.541 | step_limit
Ep 490 | 드론3 목적지30 |  682스텝 | 배송 30/30 | 재적재  4 | 중계율 0.29 | alpha 0.544 | complete
Ep 491 | 드론3 목적지59 | 1000스텝 | 배송 53/59 | 재적재 10 | 중계율 0.35 | alpha 0.540 | step_limit
Ep 492 | 드론3 목적지74 | 1000스텝 | 배송 57/74 | 재적재 10 | 중계율 0.35 | alpha 0.547 | step_limit
Ep 493 | 드론3 목적지47 | 1000스텝 | 배송 41/47 | 재적재  7 | 중계율 0.43 | alpha 0.548 | step_limit
Ep 494 | 드론3 목적지52 |  931스텝 | 배송 52/52 | 재적재  9 | 중계율 0.36 | alpha 0.554 | complete
Ep 495 | 드론3 목적지54 | 1000스텝 | 배송 50/54 | 재적재  9 | 중계율 0.36 | alpha 0.543 | step_limit
Ep 496 | 드론4 목적지56 | 1000스텝 | 배송 51/56 | 재적재  8 | 중계율 0.34 | alpha 0.533 | step_limit
Ep 497 | 드론4 목적지73 | 1000스텝 | 배송 60/73 | 재적재 10 | 중계율 0.39 | alpha 0.540 | step_limit
Ep 498 | 드론3 목적지22 |  448스텝 | 배송 22/22 | 재적재  2 | 중계율 0.34 | alpha 0.546 | complete
Ep 499 | 드론4 목적지55 | 1000스텝 | 배송 52/55 | 재적재  8 | 중계율 0.38 | alpha 0.545 | step_limit
Ep 500 | 드론3 목적지55 | 1000스텝 | 배송 53/55 | 재적재  9 | 중계율 0.37 | alpha 0.560 | step_limit
  [홀드아웃] 배송 49.5±2.6 완주 0.96 스텝 1052 점수 122.2 재적재 7.1 2홉+ 0.61 | 최고 126.4@ep400 정체 2/15
Ep 501 | 드론4 목적지25 |  329스텝 | 배송 25/25 | 재적재  3 | 중계율 0.23 | alpha 0.559 | complete
Ep 502 | 드론3 목적지53 | 1000스텝 | 배송 40/53 | 재적재  7 | 중계율 0.41 | alpha 0.548 | step_limit
Ep 503 | 드론4 목적지73 | 1000스텝 | 배송 71/73 | 재적재 12 | 중계율 0.35 | alpha 0.556 | step_limit
Ep 504 | 드론3 목적지60 | 1000스텝 | 배송 58/60 | 재적재  9 | 중계율 0.33 | alpha 0.544 | step_limit
Ep 505 | 드론3 목적지72 | 1000스텝 | 배송 65/72 | 재적재 10 | 중계율 0.33 | alpha 0.550 | step_limit
Ep 506 | 드론3 목적지76 | 1000스텝 | 배송 65/76 | 재적재 10 | 중계율 0.36 | alpha 0.553 | step_limit
Ep 507 | 드론4 목적지79 | 1000스텝 | 배송 61/79 | 재적재 11 | 중계율 0.26 | alpha 0.552 | step_limit
Ep 508 | 드론4 목적지38 |  844스텝 | 배송 38/38 | 재적재  4 | 중계율 0.40 | alpha 0.547 | complete
Ep 509 | 드론3 목적지52 |  959스텝 | 배송 52/52 | 재적재  8 | 중계율 0.34 | alpha 0.546 | complete
Ep 510 | 드론3 목적지42 |  829스텝 | 배송 42/42 | 재적재  7 | 중계율 0.35 | alpha 0.563 | complete
Ep 511 | 드론3 목적지21 |  556스텝 | 배송 21/21 | 재적재  2 | 중계율 0.37 | alpha 0.565 | complete
Ep 512 | 드론3 목적지23 |  590스텝 | 배송 23/23 | 재적재  3 | 중계율 0.40 | alpha 0.559 | complete
Ep 513 | 드론3 목적지66 | 1000스텝 | 배송 58/66 | 재적재 10 | 중계율 0.28 | alpha 0.562 | step_limit
Ep 514 | 드론3 목적지38 |  937스텝 | 배송 38/38 | 재적재  5 | 중계율 0.39 | alpha 0.565 | complete
Ep 515 | 드론4 목적지23 |  543스텝 | 배송 23/23 | 재적재  2 | 중계율 0.46 | alpha 0.564 | complete
Ep 516 | 드론4 목적지34 |  578스텝 | 배송 34/34 | 재적재  4 | 중계율 0.40 | alpha 0.564 | complete
Ep 517 | 드론3 목적지73 | 1000스텝 | 배송 55/73 | 재적재  8 | 중계율 0.34 | alpha 0.554 | step_limit
Ep 518 | 드론4 목적지43 |  674스텝 | 배송 43/43 | 재적재  6 | 중계율 0.32 | alpha 0.544 | complete
Ep 519 | 드론3 목적지65 | 1000스텝 | 배송 54/65 | 재적재  8 | 중계율 0.38 | alpha 0.559 | step_limit
Ep 520 | 드론4 목적지55 | 1000스텝 | 배송 49/55 | 재적재  8 | 중계율 0.39 | alpha 0.553 | step_limit
Ep 521 | 드론3 목적지62 | 1000스텝 | 배송 55/62 | 재적재 10 | 중계율 0.35 | alpha 0.541 | step_limit
Ep 522 | 드론4 목적지37 |  960스텝 | 배송 37/37 | 재적재  5 | 중계율 0.38 | alpha 0.554 | complete
Ep 523 | 드론4 목적지66 | 1000스텝 | 배송 59/66 | 재적재 10 | 중계율 0.32 | alpha 0.554 | step_limit
Ep 524 | 드론3 목적지57 |  823스텝 | 배송 57/57 | 재적재  9 | 중계율 0.29 | alpha 0.559 | complete
Ep 525 | 드론3 목적지39 |  773스텝 | 배송 39/39 | 재적재  7 | 중계율 0.28 | alpha 0.563 | complete
Ep 526 | 드론4 목적지73 | 1000스텝 | 배송 69/73 | 재적재 12 | 중계율 0.34 | alpha 0.566 | step_limit
Ep 527 | 드론4 목적지58 |  914스텝 | 배송 58/58 | 재적재 10 | 중계율 0.34 | alpha 0.563 | complete
Ep 528 | 드론4 목적지46 |  620스텝 | 배송 46/46 | 재적재  8 | 중계율 0.33 | alpha 0.556 | complete
Ep 529 | 드론4 목적지20 |  324스텝 | 배송 20/20 | 재적재  2 | 중계율 0.27 | alpha 0.557 | complete
Ep 530 | 드론4 목적지72 | 1000스텝 | 배송 66/72 | 재적재 10 | 중계율 0.38 | alpha 0.551 | step_limit
Ep 531 | 드론3 목적지21 |  625스텝 | 배송 21/21 | 재적재  2 | 중계율 0.43 | alpha 0.560 | complete
Ep 532 | 드론4 목적지32 |  778스텝 | 배송 32/32 | 재적재  4 | 중계율 0.41 | alpha 0.546 | complete
Ep 533 | 드론3 목적지79 | 1000스텝 | 배송 59/79 | 재적재 10 | 중계율 0.33 | alpha 0.550 | step_limit
Ep 534 | 드론4 목적지56 | 1000스텝 | 배송 51/56 | 재적재  8 | 중계율 0.36 | alpha 0.554 | step_limit
Ep 535 | 드론3 목적지68 | 1000스텝 | 배송 60/68 | 재적재  9 | 중계율 0.37 | alpha 0.558 | step_limit
Ep 536 | 드론4 목적지57 | 1000스텝 | 배송 52/57 | 재적재  7 | 중계율 0.42 | alpha 0.571 | step_limit
Ep 537 | 드론3 목적지49 | 1000스텝 | 배송 44/49 | 재적재  7 | 중계율 0.40 | alpha 0.564 | step_limit
Ep 538 | 드론3 목적지38 |  978스텝 | 배송 38/38 | 재적재  6 | 중계율 0.42 | alpha 0.564 | complete
Ep 539 | 드론4 목적지79 | 1000스텝 | 배송 71/79 | 재적재 13 | 중계율 0.32 | alpha 0.566 | step_limit
Ep 540 | 드론4 목적지70 |  919스텝 | 배송 70/70 | 재적재 12 | 중계율 0.28 | alpha 0.562 | complete
Ep 541 | 드론4 목적지77 | 1000스텝 | 배송 66/77 | 재적재 11 | 중계율 0.27 | alpha 0.555 | step_limit
Ep 542 | 드론4 목적지53 | 1000스텝 | 배송 51/53 | 재적재  7 | 중계율 0.39 | alpha 0.542 | step_limit
Ep 543 | 드론3 목적지49 | 1000스텝 | 배송 45/49 | 재적재  8 | 중계율 0.36 | alpha 0.559 | step_limit
Ep 544 | 드론4 목적지68 | 1000스텝 | 배송 65/68 | 재적재 10 | 중계율 0.38 | alpha 0.565 | step_limit
Ep 545 | 드론4 목적지56 | 1000스텝 | 배송 43/56 | 재적재  6 | 중계율 0.41 | alpha 0.567 | step_limit
Ep 546 | 드론4 목적지75 | 1000스텝 | 배송 67/75 | 재적재 10 | 중계율 0.24 | alpha 0.576 | step_limit
Ep 547 | 드론3 목적지71 | 1000스텝 | 배송 59/71 | 재적재 10 | 중계율 0.37 | alpha 0.564 | step_limit
Ep 548 | 드론3 목적지80 | 1000스텝 | 배송 72/80 | 재적재 13 | 중계율 0.29 | alpha 0.574 | step_limit
Ep 549 | 드론4 목적지38 |  563스텝 | 배송 38/38 | 재적재  6 | 중계율 0.34 | alpha 0.560 | complete
Ep 550 | 드론4 목적지49 |  635스텝 | 배송 49/49 | 재적재  8 | 중계율 0.28 | alpha 0.553 | complete
  [홀드아웃] 배송 50.0±0.1 완주 0.99 스텝 1045 점수 124.8 재적재 7.0 2홉+ 0.61 | 최고 126.4@ep400 정체 3/15
Ep 551 | 드론3 목적지56 | 1000스텝 | 배송 52/56 | 재적재  9 | 중계율 0.31 | alpha 0.570 | step_limit
Ep 552 | 드론4 목적지27 |  563스텝 | 배송 27/27 | 재적재  3 | 중계율 0.42 | alpha 0.566 | complete
Ep 553 | 드론3 목적지46 |  966스텝 | 배송 46/46 | 재적재  8 | 중계율 0.32 | alpha 0.566 | complete
Ep 554 | 드론4 목적지72 |  770스텝 | 배송 72/72 | 재적재 12 | 중계율 0.26 | alpha 0.566 | complete
Ep 555 | 드론3 목적지68 | 1000스텝 | 배송 55/68 | 재적재 10 | 중계율 0.35 | alpha 0.562 | step_limit
Ep 556 | 드론3 목적지30 |  696스텝 | 배송 30/30 | 재적재  3 | 중계율 0.38 | alpha 0.560 | complete
Ep 557 | 드론3 목적지46 |  724스텝 | 배송 46/46 | 재적재  7 | 중계율 0.29 | alpha 0.551 | complete
Ep 558 | 드론4 목적지66 | 1000스텝 | 배송 53/66 | 재적재  8 | 중계율 0.44 | alpha 0.567 | step_limit
Ep 559 | 드론4 목적지78 | 1000스텝 | 배송 63/78 | 재적재 10 | 중계율 0.34 | alpha 0.564 | step_limit
Ep 560 | 드론3 목적지22 |  405스텝 | 배송 22/22 | 재적재  2 | 중계율 0.33 | alpha 0.572 | complete
Ep 561 | 드론3 목적지29 |  359스텝 | 배송 29/29 | 재적재  4 | 중계율 0.22 | alpha 0.572 | complete
Ep 562 | 드론4 목적지71 | 1000스텝 | 배송 67/71 | 재적재 12 | 중계율 0.24 | alpha 0.564 | step_limit
Ep 563 | 드론4 목적지61 | 1000스텝 | 배송 57/61 | 재적재 10 | 중계율 0.42 | alpha 0.561 | step_limit
Ep 564 | 드론4 목적지44 |  659스텝 | 배송 44/44 | 재적재  7 | 중계율 0.29 | alpha 0.562 | complete
Ep 565 | 드론4 목적지21 |  445스텝 | 배송 21/21 | 재적재  2 | 중계율 0.42 | alpha 0.548 | complete
Ep 566 | 드론4 목적지23 |  604스텝 | 배송 23/23 | 재적재  4 | 중계율 0.26 | alpha 0.561 | complete
Ep 567 | 드론4 목적지57 |  750스텝 | 배송 57/57 | 재적재  9 | 중계율 0.24 | alpha 0.567 | complete
Ep 568 | 드론4 목적지23 |  489스텝 | 배송 23/23 | 재적재  1 | 중계율 0.45 | alpha 0.570 | complete
Ep 569 | 드론4 목적지79 | 1000스텝 | 배송 61/79 | 재적재 10 | 중계율 0.39 | alpha 0.564 | step_limit
Ep 570 | 드론4 목적지70 | 1000스텝 | 배송 64/70 | 재적재 12 | 중계율 0.31 | alpha 0.551 | step_limit
Ep 571 | 드론4 목적지78 | 1000스텝 | 배송 64/78 | 재적재 11 | 중계율 0.21 | alpha 0.564 | step_limit
Ep 572 | 드론4 목적지70 | 1000스텝 | 배송 70/70 | 재적재 12 | 중계율 0.34 | alpha 0.564 | complete
Ep 573 | 드론3 목적지77 | 1000스텝 | 배송 60/77 | 재적재 12 | 중계율 0.31 | alpha 0.559 | step_limit
Ep 574 | 드론4 목적지34 |  630스텝 | 배송 34/34 | 재적재  4 | 중계율 0.43 | alpha 0.570 | complete
Ep 575 | 드론3 목적지21 |  385스텝 | 배송 21/21 | 재적재  3 | 중계율 0.28 | alpha 0.568 | complete
Ep 576 | 드론3 목적지39 |  709스텝 | 배송 39/39 | 재적재  6 | 중계율 0.28 | alpha 0.565 | complete
Ep 577 | 드론4 목적지53 | 1000스텝 | 배송 52/53 | 재적재  9 | 중계율 0.37 | alpha 0.564 | step_limit
Ep 578 | 드론4 목적지29 |  518스텝 | 배송 29/29 | 재적재  5 | 중계율 0.32 | alpha 0.563 | complete
Ep 579 | 드론3 목적지67 | 1000스텝 | 배송 65/67 | 재적재 11 | 중계율 0.33 | alpha 0.568 | step_limit
Ep 580 | 드론4 목적지39 |  991스텝 | 배송 29/39 | 재적재  4 | 중계율 0.38 | alpha 0.561 | no_progress
Ep 581 | 드론3 목적지25 |  529스텝 | 배송 25/25 | 재적재  3 | 중계율 0.43 | alpha 0.566 | complete
Ep 582 | 드론3 목적지27 |  456스텝 | 배송 27/27 | 재적재  3 | 중계율 0.31 | alpha 0.562 | complete
Ep 583 | 드론3 목적지67 | 1000스텝 | 배송 60/67 | 재적재 10 | 중계율 0.35 | alpha 0.568 | step_limit
Ep 584 | 드론4 목적지70 | 1000스텝 | 배송 61/70 | 재적재 10 | 중계율 0.32 | alpha 0.562 | step_limit
Ep 585 | 드론3 목적지50 | 1000스텝 | 배송 48/50 | 재적재  8 | 중계율 0.36 | alpha 0.554 | step_limit
Ep 586 | 드론3 목적지55 | 1000스텝 | 배송 49/55 | 재적재  7 | 중계율 0.42 | alpha 0.557 | step_limit
Ep 587 | 드론4 목적지46 |  795스텝 | 배송 46/46 | 재적재  7 | 중계율 0.35 | alpha 0.559 | complete
Ep 588 | 드론3 목적지39 |  736스텝 | 배송 39/39 | 재적재  5 | 중계율 0.39 | alpha 0.573 | complete
Ep 589 | 드론4 목적지48 |  902스텝 | 배송 48/48 | 재적재  7 | 중계율 0.39 | alpha 0.569 | complete
Ep 590 | 드론3 목적지55 | 1000스텝 | 배송 53/55 | 재적재 10 | 중계율 0.34 | alpha 0.566 | step_limit
Ep 591 | 드론3 목적지70 | 1000스텝 | 배송 63/70 | 재적재 11 | 중계율 0.35 | alpha 0.578 | step_limit
Ep 592 | 드론3 목적지45 |  814스텝 | 배송 45/45 | 재적재  6 | 중계율 0.40 | alpha 0.573 | complete
Ep 593 | 드론3 목적지27 |  475스텝 | 배송 27/27 | 재적재  4 | 중계율 0.29 | alpha 0.569 | complete
Ep 594 | 드론3 목적지77 | 1000스텝 | 배송 55/77 | 재적재  9 | 중계율 0.38 | alpha 0.574 | step_limit
Ep 595 | 드론4 목적지64 |  990스텝 | 배송 64/64 | 재적재  9 | 중계율 0.40 | alpha 0.568 | complete
Ep 596 | 드론3 목적지66 | 1000스텝 | 배송 59/66 | 재적재 10 | 중계율 0.37 | alpha 0.566 | step_limit
Ep 597 | 드론4 목적지31 |  891스텝 | 배송 31/31 | 재적재  6 | 중계율 0.45 | alpha 0.563 | complete
Ep 598 | 드론4 목적지64 | 1000스텝 | 배송 57/64 | 재적재  8 | 중계율 0.36 | alpha 0.567 | step_limit
Ep 599 | 드론3 목적지39 |  936스텝 | 배송 39/39 | 재적재  5 | 중계율 0.46 | alpha 0.577 | complete
Ep 600 | 드론4 목적지80 | 1000스텝 | 배송 70/80 | 재적재 12 | 중계율 0.32 | alpha 0.576 | step_limit
  [홀드아웃] 배송 50.0±0.0 완주 1.00 스텝 1012 점수 126.5 재적재 7.0 2홉+ 0.61 | 최고 126.5@ep600 정체 0/15  ← 갱신
Ep 601 | 드론3 목적지28 |  751스텝 | 배송 28/28 | 재적재  5 | 중계율 0.40 | alpha 0.586 | complete
Ep 602 | 드론3 목적지78 | 1000스텝 | 배송 67/78 | 재적재 12 | 중계율 0.28 | alpha 0.582 | step_limit
Ep 603 | 드론3 목적지64 | 1000스텝 | 배송 55/64 | 재적재  8 | 중계율 0.37 | alpha 0.577 | step_limit
Ep 604 | 드론4 목적지68 |  951스텝 | 배송 68/68 | 재적재 12 | 중계율 0.30 | alpha 0.568 | complete
Ep 605 | 드론4 목적지55 | 1000스텝 | 배송 53/55 | 재적재  8 | 중계율 0.43 | alpha 0.569 | step_limit
Ep 606 | 드론4 목적지69 |  836스텝 | 배송 69/69 | 재적재 13 | 중계율 0.27 | alpha 0.572 | complete
Ep 607 | 드론3 목적지31 |  738스텝 | 배송 31/31 | 재적재  6 | 중계율 0.37 | alpha 0.562 | complete
Ep 608 | 드론3 목적지59 | 1000스텝 | 배송 51/59 | 재적재  8 | 중계율 0.38 | alpha 0.575 | step_limit
Ep 609 | 드론4 목적지56 | 1000스텝 | 배송 52/56 | 재적재  8 | 중계율 0.43 | alpha 0.557 | step_limit
Ep 610 | 드론3 목적지59 | 1000스텝 | 배송 40/59 | 재적재  6 | 중계율 0.37 | alpha 0.565 | step_limit
Ep 611 | 드론3 목적지21 |  437스텝 | 배송 21/21 | 재적재  2 | 중계율 0.34 | alpha 0.561 | complete
Ep 612 | 드론3 목적지27 |  569스텝 | 배송 27/27 | 재적재  4 | 중계율 0.36 | alpha 0.569 | complete
Ep 613 | 드론3 목적지80 | 1000스텝 | 배송 59/80 | 재적재  9 | 중계율 0.30 | alpha 0.588 | step_limit
Ep 614 | 드론3 목적지54 | 1000스텝 | 배송 51/54 | 재적재 10 | 중계율 0.36 | alpha 0.576 | step_limit
Ep 615 | 드론3 목적지56 | 1000스텝 | 배송 55/56 | 재적재 10 | 중계율 0.30 | alpha 0.573 | step_limit
Ep 616 | 드론4 목적지71 | 1000스텝 | 배송 46/71 | 재적재  7 | 중계율 0.41 | alpha 0.583 | step_limit
Ep 617 | 드론3 목적지67 | 1000스텝 | 배송 60/67 | 재적재  9 | 중계율 0.29 | alpha 0.589 | step_limit
Ep 618 | 드론3 목적지52 |  952스텝 | 배송 52/52 | 재적재  8 | 중계율 0.40 | alpha 0.578 | complete
Ep 619 | 드론4 목적지54 |  725스텝 | 배송 54/54 | 재적재  9 | 중계율 0.25 | alpha 0.577 | complete
Ep 620 | 드론4 목적지66 | 1000스텝 | 배송 65/66 | 재적재 12 | 중계율 0.37 | alpha 0.582 | step_limit
Ep 621 | 드론3 목적지46 |  717스텝 | 배송 46/46 | 재적재  7 | 중계율 0.31 | alpha 0.577 | complete
Ep 622 | 드론3 목적지28 |  754스텝 | 배송 28/28 | 재적재  3 | 중계율 0.45 | alpha 0.576 | complete
Ep 623 | 드론4 목적지44 |  559스텝 | 배송 44/44 | 재적재  6 | 중계율 0.26 | alpha 0.586 | complete
Ep 624 | 드론3 목적지42 |  665스텝 | 배송 42/42 | 재적재  7 | 중계율 0.28 | alpha 0.574 | complete
Ep 625 | 드론3 목적지37 |  908스텝 | 배송 37/37 | 재적재  5 | 중계율 0.35 | alpha 0.576 | complete
Ep 626 | 드론3 목적지68 | 1000스텝 | 배송 53/68 | 재적재  9 | 중계율 0.29 | alpha 0.566 | step_limit
Ep 627 | 드론4 목적지27 |  374스텝 | 배송 27/27 | 재적재  3 | 중계율 0.33 | alpha 0.560 | complete
Ep 628 | 드론4 목적지38 |  584스텝 | 배송 38/38 | 재적재  6 | 중계율 0.20 | alpha 0.562 | complete
Ep 629 | 드론4 목적지57 | 1000스텝 | 배송 52/57 | 재적재  8 | 중계율 0.31 | alpha 0.585 | step_limit
Ep 630 | 드론3 목적지73 | 1000스텝 | 배송 62/73 | 재적재 10 | 중계율 0.33 | alpha 0.572 | step_limit
Ep 631 | 드론3 목적지58 | 1000스텝 | 배송 50/58 | 재적재  9 | 중계율 0.36 | alpha 0.586 | step_limit
Ep 632 | 드론4 목적지36 |  534스텝 | 배송 36/36 | 재적재  6 | 중계율 0.24 | alpha 0.575 | complete
Ep 633 | 드론3 목적지46 |  994스텝 | 배송 46/46 | 재적재  8 | 중계율 0.40 | alpha 0.578 | complete
Ep 634 | 드론3 목적지25 |  407스텝 | 배송 25/25 | 재적재  3 | 중계율 0.23 | alpha 0.582 | complete
Ep 635 | 드론3 목적지39 |  738스텝 | 배송 39/39 | 재적재  7 | 중계율 0.38 | alpha 0.587 | complete
Ep 636 | 드론4 목적지28 |  514스텝 | 배송 28/28 | 재적재  3 | 중계율 0.27 | alpha 0.585 | complete
Ep 637 | 드론4 목적지39 |  634스텝 | 배송 39/39 | 재적재  7 | 중계율 0.32 | alpha 0.591 | complete
Ep 638 | 드론3 목적지46 | 1000스텝 | 배송 45/46 | 재적재  7 | 중계율 0.43 | alpha 0.579 | step_limit
Ep 639 | 드론4 목적지21 |  705스텝 | 배송 21/21 | 재적재  2 | 중계율 0.50 | alpha 0.574 | complete
Ep 640 | 드론3 목적지55 | 1000스텝 | 배송 49/55 | 재적재  8 | 중계율 0.42 | alpha 0.579 | step_limit
Ep 641 | 드론3 목적지74 | 1000스텝 | 배송 60/74 | 재적재 10 | 중계율 0.36 | alpha 0.580 | step_limit
Ep 642 | 드론3 목적지24 |  387스텝 | 배송 24/24 | 재적재  2 | 중계율 0.29 | alpha 0.576 | complete
Ep 643 | 드론4 목적지57 | 1000스텝 | 배송 56/57 | 재적재  9 | 중계율 0.39 | alpha 0.556 | step_limit
Ep 644 | 드론3 목적지45 | 1000스텝 | 배송 42/45 | 재적재  8 | 중계율 0.45 | alpha 0.568 | step_limit
Ep 645 | 드론3 목적지48 |  854스텝 | 배송 48/48 | 재적재  8 | 중계율 0.35 | alpha 0.572 | complete
Ep 646 | 드론3 목적지25 |  829스텝 | 배송 25/25 | 재적재  3 | 중계율 0.53 | alpha 0.580 | complete
Ep 647 | 드론3 목적지26 |  637스텝 | 배송 26/26 | 재적재  4 | 중계율 0.37 | alpha 0.580 | complete
Ep 648 | 드론3 목적지48 |  801스텝 | 배송 48/48 | 재적재  7 | 중계율 0.33 | alpha 0.577 | complete
Ep 649 | 드론4 목적지69 | 1000스텝 | 배송 67/69 | 재적재 10 | 중계율 0.34 | alpha 0.577 | step_limit
Ep 650 | 드론3 목적지64 | 1000스텝 | 배송 61/64 | 재적재 10 | 중계율 0.34 | alpha 0.584 | step_limit
  [홀드아웃] 배송 50.0±0.0 완주 1.00 스텝 1047 점수 126.0 재적재 7.2 2홉+ 0.61 | 최고 126.5@ep600 정체 1/15
Ep 651 | 드론4 목적지77 | 1000스텝 | 배송 61/77 | 재적재 10 | 중계율 0.39 | alpha 0.588 | step_limit
Ep 652 | 드론3 목적지32 |  730스텝 | 배송 32/32 | 재적재  6 | 중계율 0.40 | alpha 0.569 | complete
Ep 653 | 드론3 목적지77 | 1000스텝 | 배송 60/77 | 재적재 10 | 중계율 0.29 | alpha 0.570 | step_limit
Ep 654 | 드론4 목적지21 |  655스텝 | 배송 21/21 | 재적재  2 | 중계율 0.41 | alpha 0.583 | complete
Ep 655 | 드론3 목적지28 |  525스텝 | 배송 28/28 | 재적재  3 | 중계율 0.36 | alpha 0.582 | complete
Ep 656 | 드론3 목적지50 |  921스텝 | 배송 50/50 | 재적재  7 | 중계율 0.38 | alpha 0.574 | complete
Ep 657 | 드론4 목적지62 |  959스텝 | 배송 62/62 | 재적재 11 | 중계율 0.28 | alpha 0.581 | complete
Ep 658 | 드론3 목적지50 | 1000스텝 | 배송 45/50 | 재적재  8 | 중계율 0.37 | alpha 0.575 | step_limit
Ep 659 | 드론4 목적지39 |  558스텝 | 배송 39/39 | 재적재  5 | 중계율 0.25 | alpha 0.591 | complete
Ep 660 | 드론4 목적지65 |  973스텝 | 배송 65/65 | 재적재 12 | 중계율 0.30 | alpha 0.590 | complete
Ep 661 | 드론4 목적지20 |  351스텝 | 배송 20/20 | 재적재  1 | 중계율 0.23 | alpha 0.588 | complete
Ep 662 | 드론4 목적지46 |  674스텝 | 배송 46/46 | 재적재  6 | 중계율 0.36 | alpha 0.574 | complete
Ep 663 | 드론3 목적지78 | 1000스텝 | 배송 70/78 | 재적재 12 | 중계율 0.31 | alpha 0.584 | step_limit
Ep 664 | 드론3 목적지28 |  622스텝 | 배송 28/28 | 재적재  4 | 중계율 0.41 | alpha 0.587 | complete
Ep 665 | 드론3 목적지25 |  698스텝 | 배송 25/25 | 재적재  3 | 중계율 0.48 | alpha 0.565 | complete
Ep 666 | 드론4 목적지74 | 1000스텝 | 배송 71/74 | 재적재 12 | 중계율 0.34 | alpha 0.574 | step_limit
Ep 667 | 드론3 목적지50 | 1000스텝 | 배송 49/50 | 재적재  8 | 중계율 0.35 | alpha 0.569 | step_limit
Ep 668 | 드론4 목적지80 | 1000스텝 | 배송 71/80 | 재적재 12 | 중계율 0.30 | alpha 0.586 | step_limit
Ep 669 | 드론4 목적지53 |  713스텝 | 배송 53/53 | 재적재  9 | 중계율 0.30 | alpha 0.585 | complete
Ep 670 | 드론3 목적지68 | 1000스텝 | 배송 60/68 | 재적재 10 | 중계율 0.36 | alpha 0.561 | step_limit
Ep 671 | 드론3 목적지60 | 1000스텝 | 배송 45/60 | 재적재  8 | 중계율 0.36 | alpha 0.566 | step_limit
Ep 672 | 드론3 목적지50 |  890스텝 | 배송 50/50 | 재적재  8 | 중계율 0.32 | alpha 0.565 | complete
Ep 673 | 드론4 목적지54 | 1000스텝 | 배송 53/54 | 재적재  8 | 중계율 0.40 | alpha 0.571 | step_limit
Ep 674 | 드론4 목적지73 | 1000스텝 | 배송 65/73 | 재적재 11 | 중계율 0.33 | alpha 0.579 | step_limit
Ep 675 | 드론3 목적지74 | 1000스텝 | 배송 70/74 | 재적재 13 | 중계율 0.27 | alpha 0.582 | step_limit
Ep 676 | 드론3 목적지46 | 1000스텝 | 배송 44/46 | 재적재  8 | 중계율 0.39 | alpha 0.570 | step_limit
Ep 677 | 드론3 목적지79 | 1000스텝 | 배송 70/79 | 재적재 11 | 중계율 0.33 | alpha 0.583 | step_limit
Ep 678 | 드론4 목적지41 |  685스텝 | 배송 41/41 | 재적재  5 | 중계율 0.42 | alpha 0.580 | complete
Ep 679 | 드론4 목적지58 | 1000스텝 | 배송 54/58 | 재적재  8 | 중계율 0.40 | alpha 0.579 | step_limit
Ep 680 | 드론3 목적지31 |  705스텝 | 배송 31/31 | 재적재  5 | 중계율 0.29 | alpha 0.593 | complete
Ep 681 | 드론4 목적지65 | 1000스텝 | 배송 62/65 | 재적재 10 | 중계율 0.39 | alpha 0.573 | step_limit
Ep 682 | 드론3 목적지72 | 1000스텝 | 배송 60/72 | 재적재  9 | 중계율 0.36 | alpha 0.575 | step_limit
Ep 683 | 드론4 목적지52 |  822스텝 | 배송 52/52 | 재적재  7 | 중계율 0.43 | alpha 0.569 | complete
Ep 684 | 드론3 목적지40 |  958스텝 | 배송 40/40 | 재적재  5 | 중계율 0.45 | alpha 0.578 | complete
Ep 685 | 드론3 목적지74 | 1000스텝 | 배송 60/74 | 재적재  9 | 중계율 0.34 | alpha 0.572 | step_limit
Ep 686 | 드론4 목적지58 |  963스텝 | 배송 58/58 | 재적재 11 | 중계율 0.32 | alpha 0.556 | complete
Ep 687 | 드론3 목적지46 | 1000스텝 | 배송 45/46 | 재적재  6 | 중계율 0.42 | alpha 0.582 | step_limit
Ep 688 | 드론4 목적지33 |  521스텝 | 배송 33/33 | 재적재  5 | 중계율 0.31 | alpha 0.576 | complete
Ep 689 | 드론4 목적지80 | 1000스텝 | 배송 70/80 | 재적재 11 | 중계율 0.34 | alpha 0.560 | step_limit
Ep 690 | 드론3 목적지26 |  531스텝 | 배송 26/26 | 재적재  4 | 중계율 0.29 | alpha 0.557 | complete
Ep 691 | 드론3 목적지40 |  975스텝 | 배송 40/40 | 재적재  6 | 중계율 0.32 | alpha 0.573 | complete
Ep 692 | 드론3 목적지49 |  975스텝 | 배송 49/49 | 재적재  7 | 중계율 0.34 | alpha 0.573 | complete
Ep 693 | 드론4 목적지56 |  817스텝 | 배송 56/56 | 재적재  9 | 중계율 0.38 | alpha 0.568 | complete
Ep 694 | 드론3 목적지69 | 1000스텝 | 배송 62/69 | 재적재 11 | 중계율 0.32 | alpha 0.556 | step_limit
Ep 695 | 드론4 목적지32 |  530스텝 | 배송 32/32 | 재적재  4 | 중계율 0.34 | alpha 0.559 | complete
Ep 696 | 드론3 목적지48 | 1000스텝 | 배송 47/48 | 재적재  9 | 중계율 0.39 | alpha 0.550 | step_limit
Ep 697 | 드론3 목적지58 | 1000스텝 | 배송 57/58 | 재적재 10 | 중계율 0.36 | alpha 0.558 | step_limit
Ep 698 | 드론4 목적지65 | 1000스텝 | 배송 58/65 | 재적재 10 | 중계율 0.40 | alpha 0.571 | step_limit
Ep 699 | 드론4 목적지44 | 1000스텝 | 배송 41/44 | 재적재  8 | 중계율 0.45 | alpha 0.558 | step_limit
Ep 700 | 드론4 목적지40 |  919스텝 | 배송 40/40 | 재적재  4 | 중계율 0.49 | alpha 0.560 | complete
  [홀드아웃] 배송 50.0±0.2 완주 0.99 스텝 1083 점수 124.3 재적재 7.2 2홉+ 0.60 | 최고 126.5@ep600 정체 2/15
Ep 701 | 드론4 목적지26 |  731스텝 | 배송 26/26 | 재적재  2 | 중계율 0.49 | alpha 0.587 | complete
Ep 702 | 드론3 목적지66 | 1000스텝 | 배송 63/66 | 재적재 11 | 중계율 0.30 | alpha 0.585 | step_limit
Ep 703 | 드론3 목적지25 |  621스텝 | 배송 25/25 | 재적재  4 | 중계율 0.43 | alpha 0.582 | complete
Ep 704 | 드론4 목적지35 |  768스텝 | 배송 35/35 | 재적재  6 | 중계율 0.38 | alpha 0.566 | complete
Ep 705 | 드론3 목적지24 |  436스텝 | 배송 24/24 | 재적재  3 | 중계율 0.30 | alpha 0.562 | complete
Ep 706 | 드론3 목적지64 | 1000스텝 | 배송 62/64 | 재적재 11 | 중계율 0.31 | alpha 0.570 | step_limit
Ep 707 | 드론3 목적지24 |  632스텝 | 배송 24/24 | 재적재  4 | 중계율 0.31 | alpha 0.576 | complete
Ep 708 | 드론4 목적지68 |  867스텝 | 배송 68/68 | 재적재 11 | 중계율 0.27 | alpha 0.566 | complete
Ep 709 | 드론3 목적지57 | 1000스텝 | 배송 51/57 | 재적재  9 | 중계율 0.39 | alpha 0.568 | step_limit
Ep 710 | 드론4 목적지78 | 1000스텝 | 배송 77/78 | 재적재 13 | 중계율 0.33 | alpha 0.565 | step_limit
Ep 711 | 드론4 목적지34 |  667스텝 | 배송 34/34 | 재적재  5 | 중계율 0.39 | alpha 0.555 | complete
Ep 712 | 드론3 목적지21 |  654스텝 | 배송 21/21 | 재적재  3 | 중계율 0.30 | alpha 0.545 | complete
Ep 713 | 드론3 목적지63 | 1000스텝 | 배송 55/63 | 재적재  9 | 중계율 0.39 | alpha 0.549 | step_limit
Ep 714 | 드론3 목적지64 |  975스텝 | 배송 64/64 | 재적재 11 | 중계율 0.31 | alpha 0.557 | complete
Ep 715 | 드론4 목적지43 |  513스텝 | 배송 43/43 | 재적재  7 | 중계율 0.24 | alpha 0.560 | complete
Ep 716 | 드론3 목적지39 |  717스텝 | 배송 39/39 | 재적재  5 | 중계율 0.42 | alpha 0.566 | complete
Ep 717 | 드론3 목적지67 | 1000스텝 | 배송 61/67 | 재적재 10 | 중계율 0.30 | alpha 0.573 | step_limit
Ep 718 | 드론4 목적지68 | 1000스텝 | 배송 66/68 | 재적재 11 | 중계율 0.36 | alpha 0.574 | step_limit
Ep 719 | 드론4 목적지67 | 1000스텝 | 배송 63/67 | 재적재 10 | 중계율 0.38 | alpha 0.553 | step_limit
Ep 720 | 드론3 목적지49 |  700스텝 | 배송 49/49 | 재적재  8 | 중계율 0.20 | alpha 0.567 | complete
Ep 721 | 드론3 목적지29 |  602스텝 | 배송 29/29 | 재적재  4 | 중계율 0.36 | alpha 0.561 | complete
Ep 722 | 드론4 목적지59 |  856스텝 | 배송 59/59 | 재적재 10 | 중계율 0.29 | alpha 0.558 | complete
Ep 723 | 드론4 목적지70 |  862스텝 | 배송 70/70 | 재적재 12 | 중계율 0.24 | alpha 0.571 | complete
Ep 724 | 드론3 목적지69 | 1000스텝 | 배송 65/69 | 재적재 10 | 중계율 0.32 | alpha 0.571 | step_limit
Ep 725 | 드론3 목적지62 | 1000스텝 | 배송 51/62 | 재적재  9 | 중계율 0.42 | alpha 0.566 | step_limit
Ep 726 | 드론4 목적지56 |  788스텝 | 배송 56/56 | 재적재 10 | 중계율 0.33 | alpha 0.570 | complete
Ep 727 | 드론3 목적지57 |  919스텝 | 배송 57/57 | 재적재 10 | 중계율 0.25 | alpha 0.577 | complete
Ep 728 | 드론4 목적지43 | 1000스텝 | 배송 41/43 | 재적재  6 | 중계율 0.50 | alpha 0.566 | step_limit
Ep 729 | 드론4 목적지77 |  946스텝 | 배송 77/77 | 재적재 13 | 중계율 0.31 | alpha 0.548 | complete
Ep 730 | 드론3 목적지27 |  645스텝 | 배송 27/27 | 재적재  4 | 중계율 0.32 | alpha 0.558 | complete
Ep 731 | 드론3 목적지80 | 1000스텝 | 배송 66/80 | 재적재 13 | 중계율 0.30 | alpha 0.558 | step_limit
Ep 732 | 드론3 목적지80 | 1000스텝 | 배송 70/80 | 재적재 12 | 중계율 0.30 | alpha 0.566 | step_limit
Ep 733 | 드론4 목적지64 |  929스텝 | 배송 64/64 | 재적재 11 | 중계율 0.34 | alpha 0.576 | complete
Ep 734 | 드론3 목적지38 |  590스텝 | 배송 38/38 | 재적재  6 | 중계율 0.23 | alpha 0.583 | complete
Ep 735 | 드론4 목적지63 | 1000스텝 | 배송 62/63 | 재적재 10 | 중계율 0.34 | alpha 0.574 | step_limit
Ep 736 | 드론3 목적지52 | 1000스텝 | 배송 50/52 | 재적재  8 | 중계율 0.38 | alpha 0.565 | step_limit
Ep 737 | 드론3 목적지41 |  804스텝 | 배송 41/41 | 재적재  6 | 중계율 0.34 | alpha 0.551 | complete
Ep 738 | 드론4 목적지49 |  679스텝 | 배송 49/49 | 재적재  8 | 중계율 0.31 | alpha 0.555 | complete
Ep 739 | 드론3 목적지27 |  608스텝 | 배송 27/27 | 재적재  3 | 중계율 0.40 | alpha 0.572 | complete
Ep 740 | 드론3 목적지32 |  623스텝 | 배송 32/32 | 재적재  5 | 중계율 0.43 | alpha 0.575 | complete
Ep 741 | 드론3 목적지25 |  561스텝 | 배송 25/25 | 재적재  4 | 중계율 0.39 | alpha 0.566 | complete
Ep 742 | 드론3 목적지48 |  875스텝 | 배송 48/48 | 재적재  8 | 중계율 0.35 | alpha 0.552 | complete
Ep 743 | 드론4 목적지54 |  905스텝 | 배송 54/54 | 재적재 10 | 중계율 0.25 | alpha 0.553 | complete
Ep 744 | 드론4 목적지24 |  432스텝 | 배송 24/24 | 재적재  4 | 중계율 0.34 | alpha 0.556 | complete
Ep 745 | 드론4 목적지37 |  580스텝 | 배송 37/37 | 재적재  5 | 중계율 0.33 | alpha 0.567 | complete
Ep 746 | 드론3 목적지50 | 1000스텝 | 배송 45/50 | 재적재  6 | 중계율 0.44 | alpha 0.565 | step_limit
Ep 747 | 드론3 목적지78 | 1000스텝 | 배송 56/78 | 재적재 10 | 중계율 0.38 | alpha 0.563 | step_limit
Ep 748 | 드론3 목적지33 |  693스텝 | 배송 33/33 | 재적재  4 | 중계율 0.37 | alpha 0.555 | complete
Ep 749 | 드론3 목적지20 |  498스텝 | 배송 20/20 | 재적재  3 | 중계율 0.39 | alpha 0.561 | complete
Ep 750 | 드론4 목적지80 | 1000스텝 | 배송 75/80 | 재적재 13 | 중계율 0.28 | alpha 0.570 | step_limit
  [홀드아웃] 배송 50.0±0.0 완주 1.00 스텝 1045 점수 126.1 재적재 7.0 2홉+ 0.60 | 최고 126.5@ep600 정체 3/15
Ep 751 | 드론4 목적지29 |  560스텝 | 배송 29/29 | 재적재  3 | 중계율 0.33 | alpha 0.569 | complete
Ep 752 | 드론4 목적지21 |  568스텝 | 배송 21/21 | 재적재  3 | 중계율 0.44 | alpha 0.564 | complete
Ep 753 | 드론4 목적지21 |  533스텝 | 배송 21/21 | 재적재  3 | 중계율 0.31 | alpha 0.569 | complete
Ep 754 | 드론4 목적지39 |  618스텝 | 배송 39/39 | 재적재  6 | 중계율 0.37 | alpha 0.566 | complete
Ep 755 | 드론3 목적지68 | 1000스텝 | 배송 60/68 | 재적재  9 | 중계율 0.38 | alpha 0.555 | step_limit
Ep 756 | 드론3 목적지80 | 1000스텝 | 배송 73/80 | 재적재 13 | 중계율 0.31 | alpha 0.556 | step_limit
Ep 757 | 드론4 목적지62 |  799스텝 | 배송 62/62 | 재적재 11 | 중계율 0.22 | alpha 0.550 | complete
Ep 758 | 드론4 목적지36 |  775스텝 | 배송 36/36 | 재적재  4 | 중계율 0.48 | alpha 0.568 | complete
Ep 759 | 드론4 목적지46 |  929스텝 | 배송 46/46 | 재적재  6 | 중계율 0.49 | alpha 0.557 | complete
Ep 760 | 드론3 목적지23 |  536스텝 | 배송 23/23 | 재적재  3 | 중계율 0.41 | alpha 0.562 | complete
Ep 761 | 드론4 목적지36 |  360스텝 | 배송 36/36 | 재적재  5 | 중계율 0.20 | alpha 0.556 | complete
Ep 762 | 드론3 목적지66 | 1000스텝 | 배송 63/66 | 재적재 11 | 중계율 0.31 | alpha 0.566 | step_limit
Ep 763 | 드론3 목적지24 |  429스텝 | 배송 24/24 | 재적재  3 | 중계율 0.32 | alpha 0.556 | complete
Ep 764 | 드론3 목적지27 |  573스텝 | 배송 27/27 | 재적재  4 | 중계율 0.22 | alpha 0.562 | complete
Ep 765 | 드론4 목적지43 |  889스텝 | 배송 43/43 | 재적재  6 | 중계율 0.30 | alpha 0.554 | complete
Ep 766 | 드론3 목적지25 |  546스텝 | 배송 25/25 | 재적재  2 | 중계율 0.40 | alpha 0.555 | complete
Ep 767 | 드론3 목적지65 | 1000스텝 | 배송 58/65 | 재적재 11 | 중계율 0.36 | alpha 0.558 | step_limit
Ep 768 | 드론3 목적지50 |  869스텝 | 배송 50/50 | 재적재  8 | 중계율 0.27 | alpha 0.571 | complete
Ep 769 | 드론4 목적지40 |  667스텝 | 배송 40/40 | 재적재  6 | 중계율 0.37 | alpha 0.573 | complete
Ep 770 | 드론4 목적지58 | 1000스텝 | 배송 53/58 | 재적재  8 | 중계율 0.40 | alpha 0.571 | step_limit
Ep 771 | 드론3 목적지28 |  684스텝 | 배송 28/28 | 재적재  4 | 중계율 0.47 | alpha 0.574 | complete
Ep 772 | 드론4 목적지53 |  996스텝 | 배송 53/53 | 재적재  9 | 중계율 0.31 | alpha 0.548 | complete
Ep 773 | 드론3 목적지60 | 1000스텝 | 배송 50/60 | 재적재  8 | 중계율 0.36 | alpha 0.556 | step_limit
Ep 774 | 드론3 목적지60 | 1000스텝 | 배송 51/60 | 재적재  9 | 중계율 0.44 | alpha 0.574 | step_limit
Ep 775 | 드론3 목적지62 | 1000스텝 | 배송 58/62 | 재적재  9 | 중계율 0.34 | alpha 0.580 | step_limit
Ep 776 | 드론3 목적지47 |  992스텝 | 배송 47/47 | 재적재  8 | 중계율 0.37 | alpha 0.580 | complete
Ep 777 | 드론3 목적지77 | 1000스텝 | 배송 73/77 | 재적재 13 | 중계율 0.25 | alpha 0.566 | step_limit
Ep 778 | 드론3 목적지29 |  833스텝 | 배송 29/29 | 재적재  3 | 중계율 0.42 | alpha 0.551 | complete
Ep 779 | 드론3 목적지79 | 1000스텝 | 배송 56/79 | 재적재 10 | 중계율 0.37 | alpha 0.549 | step_limit
Ep 780 | 드론4 목적지50 |  982스텝 | 배송 50/50 | 재적재  8 | 중계율 0.43 | alpha 0.560 | complete
Ep 781 | 드론3 목적지53 | 1000스텝 | 배송 45/53 | 재적재  8 | 중계율 0.42 | alpha 0.559 | step_limit
Ep 782 | 드론3 목적지35 |  704스텝 | 배송 35/35 | 재적재  4 | 중계율 0.45 | alpha 0.553 | complete
Ep 783 | 드론4 목적지55 |  752스텝 | 배송 55/55 | 재적재  9 | 중계율 0.31 | alpha 0.564 | complete
Ep 784 | 드론3 목적지53 | 1000스텝 | 배송 46/53 | 재적재  8 | 중계율 0.34 | alpha 0.559 | step_limit
Ep 785 | 드론4 목적지56 | 1000스텝 | 배송 50/56 | 재적재  7 | 중계율 0.45 | alpha 0.572 | step_limit
Ep 786 | 드론3 목적지73 | 1000스텝 | 배송 60/73 | 재적재 11 | 중계율 0.36 | alpha 0.571 | step_limit
Ep 787 | 드론4 목적지70 | 1000스텝 | 배송 65/70 | 재적재 11 | 중계율 0.34 | alpha 0.553 | step_limit
Ep 788 | 드론3 목적지31 |  560스텝 | 배송 31/31 | 재적재  5 | 중계율 0.30 | alpha 0.544 | complete
Ep 789 | 드론3 목적지40 |  728스텝 | 배송 40/40 | 재적재  5 | 중계율 0.36 | alpha 0.554 | complete
Ep 790 | 드론4 목적지29 |  631스텝 | 배송 29/29 | 재적재  4 | 중계율 0.45 | alpha 0.563 | complete
Ep 791 | 드론4 목적지38 |  527스텝 | 배송 38/38 | 재적재  6 | 중계율 0.30 | alpha 0.559 | complete
Ep 792 | 드론4 목적지77 |  985스텝 | 배송 77/77 | 재적재 13 | 중계율 0.33 | alpha 0.566 | complete
Ep 793 | 드론3 목적지71 | 1000스텝 | 배송 62/71 | 재적재 10 | 중계율 0.31 | alpha 0.565 | step_limit
Ep 794 | 드론3 목적지33 |  689스텝 | 배송 33/33 | 재적재  5 | 중계율 0.38 | alpha 0.560 | complete
Ep 795 | 드론3 목적지76 | 1000스텝 | 배송 59/76 | 재적재 10 | 중계율 0.40 | alpha 0.562 | step_limit
Ep 796 | 드론3 목적지65 | 1000스텝 | 배송 55/65 | 재적재  9 | 중계율 0.33 | alpha 0.566 | step_limit
Ep 797 | 드론4 목적지72 |  891스텝 | 배송 72/72 | 재적재 11 | 중계율 0.31 | alpha 0.578 | complete
Ep 798 | 드론4 목적지54 |  999스텝 | 배송 54/54 | 재적재  8 | 중계율 0.41 | alpha 0.564 | complete
Ep 799 | 드론3 목적지35 |  725스텝 | 배송 35/35 | 재적재  4 | 중계율 0.38 | alpha 0.563 | complete
Ep 800 | 드론3 목적지78 | 1000스텝 | 배송 60/78 | 재적재 11 | 중계율 0.35 | alpha 0.587 | step_limit
  [홀드아웃] 배송 50.0±0.1 완주 0.99 스텝 1110 점수 123.9 재적재 7.1 2홉+ 0.60 | 최고 126.5@ep600 정체 4/15
Ep 801 | 드론3 목적지21 |  501스텝 | 배송 21/21 | 재적재  2 | 중계율 0.35 | alpha 0.596 | complete
Ep 802 | 드론4 목적지22 |  379스텝 | 배송 22/22 | 재적재  2 | 중계율 0.32 | alpha 0.596 | complete
Ep 803 | 드론4 목적지57 |  912스텝 | 배송 57/57 | 재적재 10 | 중계율 0.33 | alpha 0.579 | complete
Ep 804 | 드론3 목적지60 | 1000스텝 | 배송 59/60 | 재적재 10 | 중계율 0.30 | alpha 0.585 | step_limit
Ep 805 | 드론4 목적지34 |  510스텝 | 배송 34/34 | 재적재  5 | 중계율 0.27 | alpha 0.595 | complete
Ep 806 | 드론3 목적지59 | 1000스텝 | 배송 53/59 | 재적재  9 | 중계율 0.37 | alpha 0.594 | step_limit
Ep 807 | 드론4 목적지22 |  429스텝 | 배송 22/22 | 재적재  3 | 중계율 0.27 | alpha 0.591 | complete
Ep 808 | 드론3 목적지35 |  883스텝 | 배송 35/35 | 재적재  4 | 중계율 0.47 | alpha 0.594 | complete
Ep 809 | 드론3 목적지38 | 1000스텝 | 배송 35/38 | 재적재  4 | 중계율 0.44 | alpha 0.596 | step_limit
Ep 810 | 드론4 목적지47 | 1000스텝 | 배송 45/47 | 재적재  7 | 중계율 0.47 | alpha 0.585 | step_limit
Ep 811 | 드론3 목적지70 | 1000스텝 | 배송 50/70 | 재적재  8 | 중계율 0.42 | alpha 0.581 | step_limit
Ep 812 | 드론3 목적지40 |  843스텝 | 배송 40/40 | 재적재  6 | 중계율 0.41 | alpha 0.576 | complete
Ep 813 | 드론3 목적지55 | 1000스텝 | 배송 50/55 | 재적재  8 | 중계율 0.40 | alpha 0.592 | step_limit
Ep 814 | 드론3 목적지38 |  871스텝 | 배송 38/38 | 재적재  5 | 중계율 0.34 | alpha 0.574 | complete
Ep 815 | 드론3 목적지75 | 1000스텝 | 배송 53/75 | 재적재  8 | 중계율 0.34 | alpha 0.580 | step_limit
Ep 816 | 드론4 목적지57 |  779스텝 | 배송 57/57 | 재적재  9 | 중계율 0.37 | alpha 0.580 | complete
Ep 817 | 드론3 목적지58 | 1000스텝 | 배송 53/58 | 재적재  9 | 중계율 0.40 | alpha 0.585 | step_limit
Ep 818 | 드론4 목적지21 |  544스텝 | 배송 21/21 | 재적재  1 | 중계율 0.52 | alpha 0.576 | complete
Ep 819 | 드론3 목적지70 | 1000스텝 | 배송 65/70 | 재적재 12 | 중계율 0.31 | alpha 0.574 | step_limit
Ep 820 | 드론4 목적지26 |  653스텝 | 배송 26/26 | 재적재  2 | 중계율 0.43 | alpha 0.576 | complete
Ep 821 | 드론4 목적지27 |  624스텝 | 배송 27/27 | 재적재  3 | 중계율 0.37 | alpha 0.572 | complete
Ep 822 | 드론4 목적지61 | 1000스텝 | 배송 56/61 | 재적재  9 | 중계율 0.38 | alpha 0.573 | step_limit
Ep 823 | 드론4 목적지77 | 1000스텝 | 배송 56/77 | 재적재 10 | 중계율 0.34 | alpha 0.573 | step_limit
Ep 824 | 드론3 목적지38 |  786스텝 | 배송 38/38 | 재적재  7 | 중계율 0.32 | alpha 0.569 | complete
Ep 825 | 드론3 목적지63 |  907스텝 | 배송 63/63 | 재적재 12 | 중계율 0.25 | alpha 0.578 | complete
Ep 826 | 드론4 목적지44 |  824스텝 | 배송 44/44 | 재적재  6 | 중계율 0.38 | alpha 0.568 | complete
Ep 827 | 드론4 목적지51 | 1000스텝 | 배송 49/51 | 재적재  8 | 중계율 0.43 | alpha 0.580 | step_limit
Ep 828 | 드론3 목적지41 |  920스텝 | 배송 41/41 | 재적재  6 | 중계율 0.40 | alpha 0.576 | complete
Ep 829 | 드론3 목적지22 |  553스텝 | 배송 22/22 | 재적재  3 | 중계율 0.38 | alpha 0.582 | complete
Ep 830 | 드론3 목적지48 |  906스텝 | 배송 48/48 | 재적재  8 | 중계율 0.37 | alpha 0.592 | complete
Ep 831 | 드론3 목적지61 | 1000스텝 | 배송 55/61 | 재적재  8 | 중계율 0.41 | alpha 0.575 | step_limit
Ep 832 | 드론3 목적지66 | 1000스텝 | 배송 61/66 | 재적재 11 | 중계율 0.26 | alpha 0.567 | step_limit
Ep 833 | 드론3 목적지26 |  538스텝 | 배송 26/26 | 재적재  4 | 중계율 0.20 | alpha 0.573 | complete
Ep 834 | 드론4 목적지25 |  473스텝 | 배송 25/25 | 재적재  3 | 중계율 0.38 | alpha 0.579 | complete
Ep 835 | 드론3 목적지78 | 1000스텝 | 배송 62/78 | 재적재 11 | 중계율 0.36 | alpha 0.567 | step_limit
Ep 836 | 드론4 목적지22 |  631스텝 | 배송 22/22 | 재적재  3 | 중계율 0.46 | alpha 0.565 | complete
Ep 837 | 드론3 목적지74 | 1000스텝 | 배송 50/74 | 재적재  7 | 중계율 0.39 | alpha 0.571 | step_limit
Ep 838 | 드론4 목적지46 |  803스텝 | 배송 46/46 | 재적재  7 | 중계율 0.43 | alpha 0.577 | complete
Ep 839 | 드론3 목적지47 |  983스텝 | 배송 47/47 | 재적재  7 | 중계율 0.45 | alpha 0.590 | complete
Ep 840 | 드론4 목적지31 |  484스텝 | 배송 31/31 | 재적재  4 | 중계율 0.33 | alpha 0.583 | complete
Ep 841 | 드론3 목적지52 | 1000스텝 | 배송 49/52 | 재적재  9 | 중계율 0.40 | alpha 0.563 | step_limit
Ep 842 | 드론3 목적지30 |  526스텝 | 배송 30/30 | 재적재  5 | 중계율 0.25 | alpha 0.554 | complete
Ep 843 | 드론4 목적지75 | 1000스텝 | 배송 62/75 | 재적재 10 | 중계율 0.37 | alpha 0.560 | step_limit
Ep 844 | 드론4 목적지28 |  554스텝 | 배송 28/28 | 재적재  3 | 중계율 0.44 | alpha 0.568 | complete
Ep 845 | 드론3 목적지44 |  777스텝 | 배송 44/44 | 재적재  6 | 중계율 0.33 | alpha 0.562 | complete
Ep 846 | 드론3 목적지31 |  522스텝 | 배송 31/31 | 재적재  4 | 중계율 0.27 | alpha 0.563 | complete
Ep 847 | 드론4 목적지45 |  995스텝 | 배송 45/45 | 재적재  7 | 중계율 0.41 | alpha 0.566 | complete
Ep 848 | 드론3 목적지44 |  850스텝 | 배송 44/44 | 재적재  6 | 중계율 0.44 | alpha 0.569 | complete
Ep 849 | 드론3 목적지49 | 1000스텝 | 배송 46/49 | 재적재  7 | 중계율 0.42 | alpha 0.561 | step_limit
Ep 850 | 드론3 목적지47 | 1000스텝 | 배송 45/47 | 재적재  8 | 중계율 0.45 | alpha 0.581 | step_limit
  [홀드아웃] 배송 50.0±0.0 완주 1.00 스텝 1093 점수 125.4 재적재 7.1 2홉+ 0.59 | 최고 126.5@ep600 정체 5/15
Ep 851 | 드론4 목적지30 |  712스텝 | 배송 30/30 | 재적재  5 | 중계율 0.39 | alpha 0.572 | complete
Ep 852 | 드론4 목적지65 |  962스텝 | 배송 65/65 | 재적재 11 | 중계율 0.37 | alpha 0.580 | complete
Ep 853 | 드론3 목적지45 | 1000스텝 | 배송 42/45 | 재적재  7 | 중계율 0.39 | alpha 0.575 | step_limit
Ep 854 | 드론4 목적지23 |  389스텝 | 배송 23/23 | 재적재  2 | 중계율 0.36 | alpha 0.576 | complete
Ep 855 | 드론4 목적지49 |  799스텝 | 배송 49/49 | 재적재  7 | 중계율 0.36 | alpha 0.587 | complete
Ep 856 | 드론3 목적지28 |  766스텝 | 배송 28/28 | 재적재  5 | 중계율 0.48 | alpha 0.580 | complete
Ep 857 | 드론3 목적지38 |  612스텝 | 배송 38/38 | 재적재  6 | 중계율 0.30 | alpha 0.583 | complete
Ep 858 | 드론4 목적지70 | 1000스텝 | 배송 68/70 | 재적재 12 | 중계율 0.33 | alpha 0.579 | step_limit
Ep 859 | 드론4 목적지27 |  482스텝 | 배송 27/27 | 재적재  4 | 중계율 0.35 | alpha 0.584 | complete
Ep 860 | 드론4 목적지30 |  560스텝 | 배송 30/30 | 재적재  3 | 중계율 0.47 | alpha 0.586 | complete
Ep 861 | 드론3 목적지39 |  950스텝 | 배송 39/39 | 재적재  5 | 중계율 0.39 | alpha 0.565 | complete
Ep 862 | 드론4 목적지50 |  607스텝 | 배송 50/50 | 재적재  9 | 중계율 0.22 | alpha 0.577 | complete
Ep 863 | 드론4 목적지30 |  741스텝 | 배송 30/30 | 재적재  3 | 중계율 0.47 | alpha 0.578 | complete
Ep 864 | 드론4 목적지38 |  616스텝 | 배송 38/38 | 재적재  6 | 중계율 0.37 | alpha 0.578 | complete
Ep 865 | 드론4 목적지56 | 1000스텝 | 배송 55/56 | 재적재 10 | 중계율 0.31 | alpha 0.575 | step_limit
Ep 866 | 드론3 목적지70 | 1000스텝 | 배송 51/70 | 재적재  9 | 중계율 0.32 | alpha 0.585 | step_limit
Ep 867 | 드론3 목적지48 | 1000스텝 | 배송 41/48 | 재적재  8 | 중계율 0.35 | alpha 0.588 | step_limit
Ep 868 | 드론4 목적지37 |  807스텝 | 배송 37/37 | 재적재  6 | 중계율 0.32 | alpha 0.576 | complete
Ep 869 | 드론4 목적지46 | 1000스텝 | 배송 44/46 | 재적재  8 | 중계율 0.36 | alpha 0.579 | step_limit
Ep 870 | 드론3 목적지47 |  827스텝 | 배송 47/47 | 재적재  8 | 중계율 0.30 | alpha 0.565 | complete
Ep 871 | 드론3 목적지44 |  980스텝 | 배송 44/44 | 재적재  6 | 중계율 0.41 | alpha 0.571 | complete
Ep 872 | 드론3 목적지57 | 1000스텝 | 배송 54/57 | 재적재 10 | 중계율 0.39 | alpha 0.561 | step_limit
Ep 873 | 드론4 목적지30 |  637스텝 | 배송 30/30 | 재적재  3 | 중계율 0.45 | alpha 0.567 | complete
Ep 874 | 드론3 목적지20 |  506스텝 | 배송 20/20 | 재적재  3 | 중계율 0.35 | alpha 0.581 | complete
Ep 875 | 드론4 목적지43 |  787스텝 | 배송 43/43 | 재적재  8 | 중계율 0.28 | alpha 0.564 | complete
Ep 876 | 드론4 목적지23 |  508스텝 | 배송 23/23 | 재적재  2 | 중계율 0.41 | alpha 0.572 | complete
Ep 877 | 드론3 목적지65 | 1000스텝 | 배송 59/65 | 재적재  9 | 중계율 0.39 | alpha 0.583 | step_limit
Ep 878 | 드론3 목적지65 | 1000스텝 | 배송 55/65 | 재적재  8 | 중계율 0.35 | alpha 0.575 | step_limit
Ep 879 | 드론4 목적지28 |  535스텝 | 배송 28/28 | 재적재  4 | 중계율 0.33 | alpha 0.573 | complete
Ep 880 | 드론4 목적지41 |  697스텝 | 배송 41/41 | 재적재  7 | 중계율 0.27 | alpha 0.564 | complete
Ep 881 | 드론3 목적지59 | 1000스텝 | 배송 58/59 | 재적재  9 | 중계율 0.27 | alpha 0.574 | step_limit
Ep 882 | 드론3 목적지46 | 1000스텝 | 배송 45/46 | 재적재  8 | 중계율 0.41 | alpha 0.586 | step_limit
Ep 883 | 드론4 목적지67 | 1000스텝 | 배송 63/67 | 재적재 11 | 중계율 0.38 | alpha 0.589 | step_limit
Ep 884 | 드론3 목적지49 |  961스텝 | 배송 49/49 | 재적재  9 | 중계율 0.38 | alpha 0.577 | complete
Ep 885 | 드론3 목적지51 | 1000스텝 | 배송 49/51 | 재적재  7 | 중계율 0.46 | alpha 0.580 | step_limit
Ep 886 | 드론3 목적지36 |  857스텝 | 배송 36/36 | 재적재  5 | 중계율 0.43 | alpha 0.597 | complete
Ep 887 | 드론4 목적지36 |  575스텝 | 배송 36/36 | 재적재  5 | 중계율 0.31 | alpha 0.586 | complete
Ep 888 | 드론3 목적지48 |  950스텝 | 배송 48/48 | 재적재  8 | 중계율 0.41 | alpha 0.573 | complete
Ep 889 | 드론4 목적지22 |  501스텝 | 배송 22/22 | 재적재  2 | 중계율 0.45 | alpha 0.587 | complete
Ep 890 | 드론3 목적지60 | 1000스텝 | 배송 48/60 | 재적재  8 | 중계율 0.44 | alpha 0.582 | step_limit
Ep 891 | 드론4 목적지80 | 1000스텝 | 배송 72/80 | 재적재 11 | 중계율 0.33 | alpha 0.594 | step_limit
Ep 892 | 드론3 목적지73 | 1000스텝 | 배송 65/73 | 재적재 10 | 중계율 0.34 | alpha 0.581 | step_limit
Ep 893 | 드론3 목적지30 |  778스텝 | 배송 30/30 | 재적재  4 | 중계율 0.42 | alpha 0.584 | complete
Ep 894 | 드론3 목적지63 | 1000스텝 | 배송 55/63 | 재적재 11 | 중계율 0.35 | alpha 0.595 | step_limit
Ep 895 | 드론4 목적지28 |  476스텝 | 배송 28/28 | 재적재  4 | 중계율 0.26 | alpha 0.592 | complete
Ep 896 | 드론3 목적지39 |  808스텝 | 배송 39/39 | 재적재  5 | 중계율 0.43 | alpha 0.594 | complete
Ep 897 | 드론4 목적지53 | 1000스텝 | 배송 47/53 | 재적재  7 | 중계율 0.43 | alpha 0.604 | step_limit
Ep 898 | 드론3 목적지66 | 1000스텝 | 배송 54/66 | 재적재  9 | 중계율 0.44 | alpha 0.586 | step_limit
Ep 899 | 드론3 목적지33 |  829스텝 | 배송 33/33 | 재적재  6 | 중계율 0.40 | alpha 0.586 | complete
Ep 900 | 드론4 목적지43 |  670스텝 | 배송 43/43 | 재적재  6 | 중계율 0.31 | alpha 0.582 | complete
  [홀드아웃] 배송 49.6±2.2 완주 0.95 스텝 991 점수 121.8 재적재 7.1 2홉+ 0.61 | 최고 126.5@ep600 정체 6/15
Ep 901 | 드론4 목적지59 |  927스텝 | 배송 59/59 | 재적재  9 | 중계율 0.38 | alpha 0.591 | complete
Ep 902 | 드론3 목적지29 |  851스텝 | 배송 29/29 | 재적재  4 | 중계율 0.45 | alpha 0.585 | complete
Ep 903 | 드론3 목적지75 | 1000스텝 | 배송 62/75 | 재적재 11 | 중계율 0.29 | alpha 0.589 | step_limit
Ep 904 | 드론3 목적지71 | 1000스텝 | 배송 62/71 | 재적재 11 | 중계율 0.34 | alpha 0.577 | step_limit
Ep 905 | 드론4 목적지77 | 1000스텝 | 배송 73/77 | 재적재 11 | 중계율 0.30 | alpha 0.589 | step_limit
Ep 906 | 드론4 목적지73 | 1000스텝 | 배송 70/73 | 재적재 12 | 중계율 0.26 | alpha 0.590 | step_limit
Ep 907 | 드론3 목적지79 | 1000스텝 | 배송 68/79 | 재적재 11 | 중계율 0.34 | alpha 0.592 | step_limit
Ep 908 | 드론4 목적지33 |  612스텝 | 배송 33/33 | 재적재  5 | 중계율 0.42 | alpha 0.590 | complete
Ep 909 | 드론4 목적지29 |  747스텝 | 배송 29/29 | 재적재  5 | 중계율 0.32 | alpha 0.597 | complete
Ep 910 | 드론4 목적지41 |  961스텝 | 배송 41/41 | 재적재  5 | 중계율 0.51 | alpha 0.571 | complete
Ep 911 | 드론4 목적지34 |  676스텝 | 배송 34/34 | 재적재  6 | 중계율 0.32 | alpha 0.580 | complete
Ep 912 | 드론4 목적지42 |  753스텝 | 배송 42/42 | 재적재  6 | 중계율 0.41 | alpha 0.578 | complete
Ep 913 | 드론4 목적지34 |  785스텝 | 배송 34/34 | 재적재  5 | 중계율 0.44 | alpha 0.585 | complete
Ep 914 | 드론3 목적지44 |  764스텝 | 배송 44/44 | 재적재  7 | 중계율 0.36 | alpha 0.591 | complete
Ep 915 | 드론3 목적지67 | 1000스텝 | 배송 55/67 | 재적재  8 | 중계율 0.35 | alpha 0.575 | step_limit
Ep 916 | 드론4 목적지34 |  791스텝 | 배송 34/34 | 재적재  4 | 중계율 0.48 | alpha 0.564 | complete
Ep 917 | 드론4 목적지52 |  617스텝 | 배송 52/52 | 재적재  9 | 중계율 0.21 | alpha 0.567 | complete
Ep 918 | 드론3 목적지45 |  824스텝 | 배송 45/45 | 재적재  7 | 중계율 0.30 | alpha 0.565 | complete
Ep 919 | 드론4 목적지39 |  868스텝 | 배송 39/39 | 재적재  7 | 중계율 0.45 | alpha 0.573 | complete
Ep 920 | 드론4 목적지58 |  787스텝 | 배송 58/58 | 재적재 10 | 중계율 0.29 | alpha 0.559 | complete
Ep 921 | 드론3 목적지40 |  716스텝 | 배송 40/40 | 재적재  6 | 중계율 0.40 | alpha 0.571 | complete
Ep 922 | 드론4 목적지77 |  940스텝 | 배송 77/77 | 재적재 13 | 중계율 0.28 | alpha 0.575 | complete
Ep 923 | 드론4 목적지76 | 1000스텝 | 배송 65/76 | 재적재 10 | 중계율 0.39 | alpha 0.578 | step_limit
Ep 924 | 드론4 목적지72 |  922스텝 | 배송 72/72 | 재적재 12 | 중계율 0.35 | alpha 0.584 | complete
Ep 925 | 드론4 목적지36 |  655스텝 | 배송 36/36 | 재적재  5 | 중계율 0.33 | alpha 0.586 | complete
Ep 926 | 드론4 목적지56 | 1000스텝 | 배송 53/56 | 재적재  8 | 중계율 0.40 | alpha 0.603 | step_limit
Ep 927 | 드론4 목적지21 |  266스텝 | 배송 21/21 | 재적재  2 | 중계율 0.28 | alpha 0.610 | complete
Ep 928 | 드론3 목적지59 | 1000스텝 | 배송 50/59 | 재적재  8 | 중계율 0.31 | alpha 0.585 | step_limit
Ep 929 | 드론4 목적지25 |  606스텝 | 배송 25/25 | 재적재  3 | 중계율 0.45 | alpha 0.580 | complete
Ep 930 | 드론3 목적지28 |  618스텝 | 배송 28/28 | 재적재  4 | 중계율 0.36 | alpha 0.569 | complete
Ep 931 | 드론4 목적지70 |  979스텝 | 배송 70/70 | 재적재 11 | 중계율 0.36 | alpha 0.573 | complete
Ep 932 | 드론3 목적지75 | 1000스텝 | 배송 50/75 | 재적재  8 | 중계율 0.29 | alpha 0.584 | step_limit
Ep 933 | 드론3 목적지31 |  640스텝 | 배송 31/31 | 재적재  5 | 중계율 0.32 | alpha 0.596 | complete
Ep 934 | 드론3 목적지28 |  516스텝 | 배송 28/28 | 재적재  4 | 중계율 0.29 | alpha 0.587 | complete
Ep 935 | 드론3 목적지36 |  620스텝 | 배송 36/36 | 재적재  6 | 중계율 0.28 | alpha 0.581 | complete
Ep 936 | 드론3 목적지20 |  491스텝 | 배송 20/20 | 재적재  2 | 중계율 0.32 | alpha 0.565 | complete
Ep 937 | 드론3 목적지28 |  596스텝 | 배송 28/28 | 재적재  3 | 중계율 0.35 | alpha 0.571 | complete
Ep 938 | 드론4 목적지73 | 1000스텝 | 배송 58/73 | 재적재  9 | 중계율 0.42 | alpha 0.572 | step_limit
Ep 939 | 드론3 목적지75 | 1000스텝 | 배송 54/75 | 재적재 10 | 중계율 0.34 | alpha 0.570 | step_limit
Ep 940 | 드론4 목적지64 |  791스텝 | 배송 64/64 | 재적재 10 | 중계율 0.26 | alpha 0.560 | complete
Ep 941 | 드론3 목적지37 |  664스텝 | 배송 37/37 | 재적재  6 | 중계율 0.28 | alpha 0.564 | complete
Ep 942 | 드론4 목적지57 | 1000스텝 | 배송 48/57 | 재적재  6 | 중계율 0.33 | alpha 0.557 | step_limit
Ep 943 | 드론3 목적지69 | 1000스텝 | 배송 57/69 | 재적재 10 | 중계율 0.31 | alpha 0.571 | step_limit
Ep 944 | 드론4 목적지73 | 1000스텝 | 배송 59/73 | 재적재 11 | 중계율 0.40 | alpha 0.569 | step_limit
Ep 945 | 드론4 목적지49 |  823스텝 | 배송 49/49 | 재적재  8 | 중계율 0.36 | alpha 0.581 | complete
Ep 946 | 드론3 목적지29 |  412스텝 | 배송 29/29 | 재적재  3 | 중계율 0.27 | alpha 0.582 | complete
Ep 947 | 드론3 목적지73 | 1000스텝 | 배송 60/73 | 재적재 11 | 중계율 0.37 | alpha 0.567 | step_limit
Ep 948 | 드론4 목적지57 | 1000스텝 | 배송 49/57 | 재적재  6 | 중계율 0.49 | alpha 0.576 | step_limit
Ep 949 | 드론3 목적지24 |  487스텝 | 배송 24/24 | 재적재  3 | 중계율 0.35 | alpha 0.576 | complete
Ep 950 | 드론3 목적지26 |  496스텝 | 배송 26/26 | 재적재  4 | 중계율 0.35 | alpha 0.572 | complete
  [홀드아웃] 배송 49.9±0.8 완주 0.97 스텝 1033 점수 123.7 재적재 7.1 2홉+ 0.60 | 최고 126.5@ep600 정체 7/15
Ep 951 | 드론4 목적지20 |  256스텝 | 배송 20/20 | 재적재  1 | 중계율 0.24 | alpha 0.584 | complete
Ep 952 | 드론4 목적지28 |  567스텝 | 배송 28/28 | 재적재  3 | 중계율 0.37 | alpha 0.592 | complete
Ep 953 | 드론3 목적지42 | 1000스텝 | 배송 40/42 | 재적재  8 | 중계율 0.44 | alpha 0.606 | step_limit
Ep 954 | 드론3 목적지30 |  576스텝 | 배송 30/30 | 재적재  4 | 중계율 0.39 | alpha 0.599 | complete
Ep 955 | 드론4 목적지38 |  551스텝 | 배송 38/38 | 재적재  5 | 중계율 0.25 | alpha 0.604 | complete
Ep 956 | 드론3 목적지33 |  638스텝 | 배송 33/33 | 재적재  5 | 중계율 0.33 | alpha 0.589 | complete
Ep 957 | 드론3 목적지42 | 1000스텝 | 배송 39/42 | 재적재  6 | 중계율 0.46 | alpha 0.580 | step_limit
Ep 958 | 드론4 목적지34 |  512스텝 | 배송 34/34 | 재적재  5 | 중계율 0.29 | alpha 0.590 | complete
Ep 959 | 드론3 목적지80 | 1000스텝 | 배송 61/80 | 재적재 12 | 중계율 0.33 | alpha 0.591 | step_limit
Ep 960 | 드론4 목적지66 | 1000스텝 | 배송 61/66 | 재적재 11 | 중계율 0.29 | alpha 0.592 | step_limit
Ep 961 | 드론3 목적지70 | 1000스텝 | 배송 56/70 | 재적재  9 | 중계율 0.39 | alpha 0.595 | step_limit
Ep 962 | 드론3 목적지47 | 1000스텝 | 배송 46/47 | 재적재  7 | 중계율 0.40 | alpha 0.587 | step_limit
Ep 963 | 드론4 목적지27 |  656스텝 | 배송 27/27 | 재적재  3 | 중계율 0.43 | alpha 0.591 | complete
Ep 964 | 드론4 목적지65 |  840스텝 | 배송 65/65 | 재적재 12 | 중계율 0.30 | alpha 0.610 | complete
Ep 965 | 드론3 목적지22 |  542스텝 | 배송 22/22 | 재적재  4 | 중계율 0.41 | alpha 0.600 | complete
Ep 966 | 드론3 목적지28 |  591스텝 | 배송 28/28 | 재적재  4 | 중계율 0.42 | alpha 0.599 | complete
Ep 967 | 드론4 목적지73 |  967스텝 | 배송 73/73 | 재적재 13 | 중계율 0.33 | alpha 0.591 | complete
Ep 968 | 드론4 목적지62 | 1000스텝 | 배송 60/62 | 재적재 10 | 중계율 0.32 | alpha 0.578 | step_limit
Ep 969 | 드론4 목적지55 |  805스텝 | 배송 55/55 | 재적재 10 | 중계율 0.30 | alpha 0.593 | complete
Ep 970 | 드론4 목적지46 |  572스텝 | 배송 46/46 | 재적재  8 | 중계율 0.30 | alpha 0.591 | complete
Ep 971 | 드론4 목적지34 |  957스텝 | 배송 34/34 | 재적재  4 | 중계율 0.46 | alpha 0.579 | complete
Ep 972 | 드론3 목적지78 | 1000스텝 | 배송 64/78 | 재적재 10 | 중계율 0.33 | alpha 0.596 | step_limit
Ep 973 | 드론3 목적지78 | 1000스텝 | 배송 77/78 | 재적재 13 | 중계율 0.30 | alpha 0.603 | step_limit
Ep 974 | 드론3 목적지60 | 1000스텝 | 배송 49/60 | 재적재  8 | 중계율 0.42 | alpha 0.597 | step_limit
Ep 975 | 드론4 목적지52 |  791스텝 | 배송 52/52 | 재적재  8 | 중계율 0.32 | alpha 0.597 | complete
Ep 976 | 드론4 목적지53 |  947스텝 | 배송 53/53 | 재적재  9 | 중계율 0.36 | alpha 0.597 | complete
Ep 977 | 드론4 목적지30 |  450스텝 | 배송 30/30 | 재적재  4 | 중계율 0.24 | alpha 0.595 | complete
Ep 978 | 드론4 목적지45 |  799스텝 | 배송 45/45 | 재적재  8 | 중계율 0.35 | alpha 0.589 | complete
Ep 979 | 드론4 목적지34 |  685스텝 | 배송 34/34 | 재적재  5 | 중계율 0.43 | alpha 0.577 | complete
Ep 980 | 드론3 목적지55 | 1000스텝 | 배송 50/55 | 재적재  9 | 중계율 0.40 | alpha 0.573 | step_limit
Ep 981 | 드론4 목적지49 | 1000스텝 | 배송 40/49 | 재적재  5 | 중계율 0.46 | alpha 0.572 | step_limit
Ep 982 | 드론3 목적지26 |  546스텝 | 배송 26/26 | 재적재  4 | 중계율 0.29 | alpha 0.577 | complete
Ep 983 | 드론4 목적지39 |  925스텝 | 배송 39/39 | 재적재  5 | 중계율 0.45 | alpha 0.586 | complete
Ep 984 | 드론4 목적지20 |  465스텝 | 배송 20/20 | 재적재  2 | 중계율 0.30 | alpha 0.591 | complete
Ep 985 | 드론4 목적지29 |  567스텝 | 배송 29/29 | 재적재  3 | 중계율 0.39 | alpha 0.595 | complete
Ep 986 | 드론4 목적지59 | 1000스텝 | 배송 55/59 | 재적재  8 | 중계율 0.39 | alpha 0.587 | step_limit
Ep 987 | 드론3 목적지74 | 1000스텝 | 배송 67/74 | 재적재 11 | 중계율 0.32 | alpha 0.579 | step_limit
Ep 988 | 드론4 목적지70 | 1000스텝 | 배송 65/70 | 재적재 10 | 중계율 0.35 | alpha 0.591 | step_limit
Ep 989 | 드론4 목적지34 |  505스텝 | 배송 34/34 | 재적재  6 | 중계율 0.30 | alpha 0.598 | complete
Ep 990 | 드론4 목적지28 |  570스텝 | 배송 28/28 | 재적재  3 | 중계율 0.36 | alpha 0.610 | complete
Ep 991 | 드론4 목적지76 | 1000스텝 | 배송 71/76 | 재적재 12 | 중계율 0.33 | alpha 0.598 | step_limit
Ep 992 | 드론3 목적지40 |  806스텝 | 배송 40/40 | 재적재  5 | 중계율 0.40 | alpha 0.591 | complete
Ep 993 | 드론4 목적지61 | 1000스텝 | 배송 59/61 | 재적재 10 | 중계율 0.30 | alpha 0.586 | step_limit
Ep 994 | 드론3 목적지49 | 1000스텝 | 배송 45/49 | 재적재  7 | 중계율 0.45 | alpha 0.580 | step_limit
Ep 995 | 드론4 목적지33 |  648스텝 | 배송 33/33 | 재적재  6 | 중계율 0.36 | alpha 0.580 | complete
Ep 996 | 드론3 목적지23 |  575스텝 | 배송 23/23 | 재적재  3 | 중계율 0.44 | alpha 0.594 | complete
Ep 997 | 드론4 목적지46 |  940스텝 | 배송 46/46 | 재적재  7 | 중계율 0.40 | alpha 0.602 | complete
Ep 998 | 드론4 목적지53 | 1000스텝 | 배송 51/53 | 재적재  8 | 중계율 0.41 | alpha 0.610 | step_limit
Ep 999 | 드론3 목적지52 | 1000스텝 | 배송 45/52 | 재적재  8 | 중계율 0.34 | alpha 0.603 | step_limit
Ep 1000 | 드론3 목적지78 | 1000스텝 | 배송 58/78 | 재적재  9 | 중계율 0.35 | alpha 0.595 | step_limit
  [홀드아웃] 배송 50.0±0.0 완주 1.00 스텝 1057 점수 125.9 재적재 7.4 2홉+ 0.60 | 최고 126.5@ep600 정체 8/15
Ep 1001 | 드론3 목적지65 | 1000스텝 | 배송 51/65 | 재적재  9 | 중계율 0.37 | alpha 0.593 | step_limit
Ep 1002 | 드론3 목적지51 |  936스텝 | 배송 51/51 | 재적재  8 | 중계율 0.29 | alpha 0.602 | complete
Ep 1003 | 드론4 목적지23 |  431스텝 | 배송 23/23 | 재적재  2 | 중계율 0.27 | alpha 0.610 | complete
Ep 1004 | 드론3 목적지73 | 1000스텝 | 배송 68/73 | 재적재 11 | 중계율 0.33 | alpha 0.594 | step_limit
Ep 1005 | 드론3 목적지31 |  750스텝 | 배송 31/31 | 재적재  4 | 중계율 0.41 | alpha 0.583 | complete
Ep 1006 | 드론3 목적지54 |  985스텝 | 배송 54/54 | 재적재  8 | 중계율 0.39 | alpha 0.593 | complete
Ep 1007 | 드론3 목적지61 | 1000스텝 | 배송 50/61 | 재적재  7 | 중계율 0.28 | alpha 0.597 | step_limit
Ep 1008 | 드론3 목적지56 | 1000스텝 | 배송 49/56 | 재적재  8 | 중계율 0.44 | alpha 0.596 | step_limit
Ep 1009 | 드론3 목적지65 | 1000스텝 | 배송 52/65 | 재적재  8 | 중계율 0.37 | alpha 0.586 | step_limit
Ep 1010 | 드론3 목적지64 | 1000스텝 | 배송 48/64 | 재적재  8 | 중계율 0.40 | alpha 0.591 | step_limit
Ep 1011 | 드론3 목적지48 |  833스텝 | 배송 48/48 | 재적재  7 | 중계율 0.33 | alpha 0.597 | complete
Ep 1012 | 드론4 목적지77 |  862스텝 | 배송 77/77 | 재적재 14 | 중계율 0.29 | alpha 0.591 | complete
Ep 1013 | 드론4 목적지30 |  985스텝 | 배송 30/30 | 재적재  3 | 중계율 0.45 | alpha 0.593 | complete
Ep 1014 | 드론4 목적지73 |  867스텝 | 배송 73/73 | 재적재 13 | 중계율 0.25 | alpha 0.576 | complete
Ep 1015 | 드론4 목적지80 |  956스텝 | 배송 80/80 | 재적재 14 | 중계율 0.27 | alpha 0.576 | complete
Ep 1016 | 드론3 목적지35 |  705스텝 | 배송 35/35 | 재적재  5 | 중계율 0.42 | alpha 0.591 | complete
Ep 1017 | 드론3 목적지52 | 1000스텝 | 배송 48/52 | 재적재  8 | 중계율 0.41 | alpha 0.582 | step_limit
Ep 1018 | 드론4 목적지25 |  543스텝 | 배송 25/25 | 재적재  3 | 중계율 0.43 | alpha 0.592 | complete
Ep 1019 | 드론4 목적지59 |  852스텝 | 배송 59/59 | 재적재 10 | 중계율 0.23 | alpha 0.584 | complete
Ep 1020 | 드론3 목적지57 |  968스텝 | 배송 57/57 | 재적재 10 | 중계율 0.32 | alpha 0.586 | complete
Ep 1021 | 드론3 목적지78 | 1000스텝 | 배송 65/78 | 재적재 13 | 중계율 0.32 | alpha 0.611 | step_limit
Ep 1022 | 드론3 목적지68 | 1000스텝 | 배송 64/68 | 재적재 10 | 중계율 0.32 | alpha 0.584 | step_limit
Ep 1023 | 드론3 목적지33 |  658스텝 | 배송 33/33 | 재적재  5 | 중계율 0.40 | alpha 0.591 | complete
Ep 1024 | 드론3 목적지77 | 1000스텝 | 배송 60/77 | 재적재 12 | 중계율 0.36 | alpha 0.596 | step_limit
Ep 1025 | 드론4 목적지23 |  454스텝 | 배송 23/23 | 재적재  3 | 중계율 0.29 | alpha 0.609 | complete
Ep 1026 | 드론4 목적지21 |  278스텝 | 배송 21/21 | 재적재  3 | 중계율 0.23 | alpha 0.614 | complete
Ep 1027 | 드론3 목적지35 |  762스텝 | 배송 35/35 | 재적재  6 | 중계율 0.40 | alpha 0.599 | complete
Ep 1028 | 드론4 목적지41 |  675스텝 | 배송 41/41 | 재적재  6 | 중계율 0.36 | alpha 0.608 | complete
Ep 1029 | 드론4 목적지21 |  378스텝 | 배송 21/21 | 재적재  3 | 중계율 0.29 | alpha 0.612 | complete
Ep 1030 | 드론3 목적지54 | 1000스텝 | 배송 50/54 | 재적재  7 | 중계율 0.35 | alpha 0.612 | step_limit
Ep 1031 | 드론3 목적지72 | 1000스텝 | 배송 60/72 | 재적재  9 | 중계율 0.35 | alpha 0.603 | step_limit
Ep 1032 | 드론4 목적지48 |  961스텝 | 배송 48/48 | 재적재  7 | 중계율 0.42 | alpha 0.594 | complete
Ep 1033 | 드론3 목적지32 |  549스텝 | 배송 32/32 | 재적재  4 | 중계율 0.31 | alpha 0.595 | complete
Ep 1034 | 드론3 목적지21 |  477스텝 | 배송 21/21 | 재적재  2 | 중계율 0.40 | alpha 0.587 | complete
Ep 1035 | 드론3 목적지57 | 1000스텝 | 배송 52/57 | 재적재  9 | 중계율 0.39 | alpha 0.610 | step_limit
Ep 1036 | 드론3 목적지56 | 1000스텝 | 배송 55/56 | 재적재  8 | 중계율 0.36 | alpha 0.601 | step_limit
Ep 1037 | 드론3 목적지53 | 1000스텝 | 배송 49/53 | 재적재  7 | 중계율 0.42 | alpha 0.610 | step_limit
Ep 1038 | 드론4 목적지29 |  389스텝 | 배송 29/29 | 재적재  4 | 중계율 0.31 | alpha 0.607 | complete
Ep 1039 | 드론3 목적지45 |  881스텝 | 배송 45/45 | 재적재  7 | 중계율 0.40 | alpha 0.593 | complete
Ep 1040 | 드론3 목적지23 |  398스텝 | 배송 23/23 | 재적재  3 | 중계율 0.33 | alpha 0.594 | complete
Ep 1041 | 드론4 목적지20 |  373스텝 | 배송 20/20 | 재적재  2 | 중계율 0.30 | alpha 0.606 | complete
Ep 1042 | 드론3 목적지71 | 1000스텝 | 배송 55/71 | 재적재  8 | 중계율 0.38 | alpha 0.611 | step_limit
Ep 1043 | 드론3 목적지36 |  837스텝 | 배송 36/36 | 재적재  6 | 중계율 0.39 | alpha 0.598 | complete
Ep 1044 | 드론3 목적지46 |  814스텝 | 배송 46/46 | 재적재  7 | 중계율 0.31 | alpha 0.591 | complete
Ep 1045 | 드론3 목적지65 | 1000스텝 | 배송 54/65 | 재적재  9 | 중계율 0.38 | alpha 0.619 | step_limit
Ep 1046 | 드론4 목적지53 |  894스텝 | 배송 53/53 | 재적재  8 | 중계율 0.39 | alpha 0.628 | complete
Ep 1047 | 드론4 목적지77 | 1000스텝 | 배송 65/77 | 재적재 10 | 중계율 0.27 | alpha 0.631 | step_limit
Ep 1048 | 드론4 목적지54 |  945스텝 | 배송 54/54 | 재적재  9 | 중계율 0.34 | alpha 0.616 | complete
Ep 1049 | 드론3 목적지75 | 1000스텝 | 배송 65/75 | 재적재 10 | 중계율 0.34 | alpha 0.605 | step_limit
Ep 1050 | 드론4 목적지66 |  854스텝 | 배송 66/66 | 재적재 12 | 중계율 0.29 | alpha 0.601 | complete
  [홀드아웃] 배송 50.0±0.1 완주 0.99 스텝 990 점수 125.5 재적재 7.2 2홉+ 0.60 | 최고 126.5@ep600 정체 9/15
Ep 1051 | 드론3 목적지46 |  983스텝 | 배송 46/46 | 재적재  8 | 중계율 0.42 | alpha 0.602 | complete
Ep 1052 | 드론4 목적지64 | 1000스텝 | 배송 56/64 | 재적재  9 | 중계율 0.38 | alpha 0.597 | step_limit
Ep 1053 | 드론4 목적지77 | 1000스텝 | 배송 60/77 | 재적재 10 | 중계율 0.38 | alpha 0.591 | step_limit
Ep 1054 | 드론3 목적지50 |  934스텝 | 배송 50/50 | 재적재  8 | 중계율 0.39 | alpha 0.604 | complete
Ep 1055 | 드론3 목적지33 |  740스텝 | 배송 33/33 | 재적재  5 | 중계율 0.33 | alpha 0.609 | complete
Ep 1056 | 드론4 목적지55 |  829스텝 | 배송 55/55 | 재적재  9 | 중계율 0.23 | alpha 0.595 | complete
Ep 1057 | 드론4 목적지78 | 1000스텝 | 배송 45/78 | 재적재  7 | 중계율 0.35 | alpha 0.590 | step_limit
Ep 1058 | 드론3 목적지74 | 1000스텝 | 배송 70/74 | 재적재 13 | 중계율 0.27 | alpha 0.593 | step_limit
Ep 1059 | 드론4 목적지76 |  972스텝 | 배송 76/76 | 재적재 13 | 중계율 0.34 | alpha 0.602 | complete
Ep 1060 | 드론3 목적지56 | 1000스텝 | 배송 47/56 | 재적재  8 | 중계율 0.38 | alpha 0.590 | step_limit
Ep 1061 | 드론4 목적지46 |  873스텝 | 배송 46/46 | 재적재  8 | 중계율 0.36 | alpha 0.590 | complete
Ep 1062 | 드론4 목적지55 | 1000스텝 | 배송 52/55 | 재적재  9 | 중계율 0.33 | alpha 0.606 | step_limit
Ep 1063 | 드론4 목적지54 |  902스텝 | 배송 54/54 | 재적재  8 | 중계율 0.39 | alpha 0.616 | complete
Ep 1064 | 드론3 목적지76 | 1000스텝 | 배송 60/76 | 재적재 11 | 중계율 0.32 | alpha 0.614 | step_limit
Ep 1065 | 드론3 목적지23 |  453스텝 | 배송 23/23 | 재적재  2 | 중계율 0.37 | alpha 0.603 | complete
Ep 1066 | 드론3 목적지37 |  776스텝 | 배송 37/37 | 재적재  7 | 중계율 0.39 | alpha 0.604 | complete
Ep 1067 | 드론3 목적지76 | 1000스텝 | 배송 62/76 | 재적재 11 | 중계율 0.33 | alpha 0.590 | step_limit
Ep 1068 | 드론4 목적지77 | 1000스텝 | 배송 70/77 | 재적재 12 | 중계율 0.34 | alpha 0.611 | step_limit
Ep 1069 | 드론4 목적지56 | 1000스텝 | 배송 52/56 | 재적재  8 | 중계율 0.38 | alpha 0.588 | step_limit
Ep 1070 | 드론4 목적지39 |  448스텝 | 배송 39/39 | 재적재  6 | 중계율 0.25 | alpha 0.576 | complete
Ep 1071 | 드론4 목적지26 |  628스텝 | 배송 26/26 | 재적재  3 | 중계율 0.46 | alpha 0.563 | complete
Ep 1072 | 드론4 목적지62 |  972스텝 | 배송 62/62 | 재적재 10 | 중계율 0.39 | alpha 0.580 | complete
Ep 1073 | 드론3 목적지44 |  982스텝 | 배송 44/44 | 재적재  7 | 중계율 0.43 | alpha 0.593 | complete
Ep 1074 | 드론3 목적지71 | 1000스텝 | 배송 65/71 | 재적재 11 | 중계율 0.28 | alpha 0.597 | step_limit
Ep 1075 | 드론4 목적지36 |  761스텝 | 배송 36/36 | 재적재  4 | 중계율 0.45 | alpha 0.581 | complete
Ep 1076 | 드론3 목적지53 |  841스텝 | 배송 53/53 | 재적재  9 | 중계율 0.25 | alpha 0.585 | complete
Ep 1077 | 드론3 목적지47 |  803스텝 | 배송 47/47 | 재적재  7 | 중계율 0.35 | alpha 0.573 | complete
Ep 1078 | 드론4 목적지54 |  687스텝 | 배송 54/54 | 재적재  9 | 중계율 0.25 | alpha 0.565 | complete
Ep 1079 | 드론4 목적지48 |  788스텝 | 배송 48/48 | 재적재  8 | 중계율 0.36 | alpha 0.573 | complete
Ep 1080 | 드론4 목적지54 |  616스텝 | 배송 54/54 | 재적재  9 | 중계율 0.26 | alpha 0.588 | complete
Ep 1081 | 드론4 목적지28 |  711스텝 | 배송 28/28 | 재적재  3 | 중계율 0.41 | alpha 0.588 | complete
Ep 1082 | 드론3 목적지37 |  694스텝 | 배송 37/37 | 재적재  5 | 중계율 0.31 | alpha 0.591 | complete
Ep 1083 | 드론3 목적지25 |  422스텝 | 배송 25/25 | 재적재  4 | 중계율 0.28 | alpha 0.590 | complete
Ep 1084 | 드론4 목적지31 |  619스텝 | 배송 31/31 | 재적재  5 | 중계율 0.27 | alpha 0.597 | complete
Ep 1085 | 드론4 목적지46 | 1000스텝 | 배송 45/46 | 재적재  6 | 중계율 0.43 | alpha 0.572 | step_limit
Ep 1086 | 드론3 목적지30 |  580스텝 | 배송 30/30 | 재적재  4 | 중계율 0.39 | alpha 0.569 | complete
Ep 1087 | 드론4 목적지20 |  484스텝 | 배송 20/20 | 재적재  1 | 중계율 0.38 | alpha 0.573 | complete
Ep 1088 | 드론3 목적지55 | 1000스텝 | 배송 48/55 | 재적재  7 | 중계율 0.40 | alpha 0.565 | step_limit
Ep 1089 | 드론4 목적지45 |  744스텝 | 배송 45/45 | 재적재  6 | 중계율 0.32 | alpha 0.583 | complete
Ep 1090 | 드론4 목적지23 |  358스텝 | 배송 23/23 | 재적재  3 | 중계율 0.28 | alpha 0.575 | complete
Ep 1091 | 드론3 목적지25 |  491스텝 | 배송 25/25 | 재적재  3 | 중계율 0.27 | alpha 0.570 | complete
Ep 1092 | 드론3 목적지46 |  818스텝 | 배송 46/46 | 재적재  8 | 중계율 0.34 | alpha 0.573 | complete
Ep 1093 | 드론4 목적지61 | 1000스텝 | 배송 58/61 | 재적재  9 | 중계율 0.37 | alpha 0.573 | step_limit
Ep 1094 | 드론4 목적지63 |  995스텝 | 배송 63/63 | 재적재  9 | 중계율 0.34 | alpha 0.579 | complete
Ep 1095 | 드론3 목적지27 |  611스텝 | 배송 27/27 | 재적재  3 | 중계율 0.42 | alpha 0.587 | complete
Ep 1096 | 드론3 목적지72 | 1000스텝 | 배송 55/72 | 재적재  9 | 중계율 0.42 | alpha 0.582 | step_limit
Ep 1097 | 드론4 목적지45 |  887스텝 | 배송 45/45 | 재적재  7 | 중계율 0.43 | alpha 0.579 | complete
Ep 1098 | 드론4 목적지30 |  686스텝 | 배송 30/30 | 재적재  3 | 중계율 0.48 | alpha 0.575 | complete
Ep 1099 | 드론4 목적지74 | 1000스텝 | 배송 66/74 | 재적재 10 | 중계율 0.40 | alpha 0.575 | step_limit
Ep 1100 | 드론3 목적지37 |  706스텝 | 배송 37/37 | 재적재  6 | 중계율 0.34 | alpha 0.574 | complete
  [홀드아웃] 배송 49.4±3.3 완주 0.96 스텝 1046 점수 122.3 재적재 7.0 2홉+ 0.60 | 최고 126.5@ep600 정체 10/15
Ep 1101 | 드론4 목적지34 |  839스텝 | 배송 34/34 | 재적재  3 | 중계율 0.47 | alpha 0.559 | complete
Ep 1102 | 드론3 목적지40 |  748스텝 | 배송 40/40 | 재적재  7 | 중계율 0.38 | alpha 0.555 | complete
Ep 1103 | 드론4 목적지64 | 1000스텝 | 배송 62/64 | 재적재 11 | 중계율 0.36 | alpha 0.560 | step_limit
Ep 1104 | 드론4 목적지35 |  760스텝 | 배송 35/35 | 재적재  6 | 중계율 0.42 | alpha 0.552 | complete
Ep 1105 | 드론3 목적지57 | 1000스텝 | 배송 55/57 | 재적재  9 | 중계율 0.40 | alpha 0.566 | step_limit
Ep 1106 | 드론4 목적지71 | 1000스텝 | 배송 69/71 | 재적재 12 | 중계율 0.25 | alpha 0.549 | step_limit
Ep 1107 | 드론4 목적지71 | 1000스텝 | 배송 66/71 | 재적재 11 | 중계율 0.37 | alpha 0.563 | step_limit
Ep 1108 | 드론4 목적지48 |  612스텝 | 배송 48/48 | 재적재  8 | 중계율 0.29 | alpha 0.585 | complete
Ep 1109 | 드론3 목적지55 |  832스텝 | 배송 55/55 | 재적재  9 | 중계율 0.31 | alpha 0.585 | complete
Ep 1110 | 드론3 목적지34 |  946스텝 | 배송 34/34 | 재적재  6 | 중계율 0.43 | alpha 0.583 | complete
Ep 1111 | 드론4 목적지61 |  927스텝 | 배송 61/61 | 재적재 10 | 중계율 0.35 | alpha 0.570 | complete
Ep 1112 | 드론4 목적지34 |  876스텝 | 배송 34/34 | 재적재  6 | 중계율 0.46 | alpha 0.565 | complete
Ep 1113 | 드론4 목적지45 |  655스텝 | 배송 45/45 | 재적재  7 | 중계율 0.29 | alpha 0.570 | complete
Ep 1114 | 드론3 목적지76 | 1000스텝 | 배송 59/76 | 재적재  9 | 중계율 0.33 | alpha 0.565 | step_limit
Ep 1115 | 드론3 목적지29 |  554스텝 | 배송 29/29 | 재적재  3 | 중계율 0.33 | alpha 0.559 | complete
Ep 1116 | 드론3 목적지80 | 1000스텝 | 배송 65/80 | 재적재 11 | 중계율 0.33 | alpha 0.550 | step_limit
Ep 1117 | 드론3 목적지48 |  814스텝 | 배송 48/48 | 재적재  9 | 중계율 0.34 | alpha 0.568 | complete
Ep 1118 | 드론4 목적지80 | 1000스텝 | 배송 80/80 | 재적재 13 | 중계율 0.29 | alpha 0.568 | complete
Ep 1119 | 드론4 목적지54 |  970스텝 | 배송 54/54 | 재적재  8 | 중계율 0.39 | alpha 0.558 | complete
Ep 1120 | 드론3 목적지57 | 1000스텝 | 배송 56/57 | 재적재 11 | 중계율 0.39 | alpha 0.573 | step_limit
Ep 1121 | 드론4 목적지43 |  729스텝 | 배송 43/43 | 재적재  7 | 중계율 0.38 | alpha 0.577 | complete
Ep 1122 | 드론3 목적지56 |  858스텝 | 배송 56/56 | 재적재  9 | 중계율 0.31 | alpha 0.567 | complete
Ep 1123 | 드론4 목적지57 |  862스텝 | 배송 57/57 | 재적재  8 | 중계율 0.38 | alpha 0.565 | complete
Ep 1124 | 드론4 목적지77 |  983스텝 | 배송 77/77 | 재적재 13 | 중계율 0.29 | alpha 0.555 | complete
Ep 1125 | 드론3 목적지30 |  889스텝 | 배송 30/30 | 재적재  3 | 중계율 0.38 | alpha 0.562 | complete
Ep 1126 | 드론3 목적지48 | 1000스텝 | 배송 46/48 | 재적재  8 | 중계율 0.32 | alpha 0.561 | step_limit
Ep 1127 | 드론4 목적지45 |  701스텝 | 배송 45/45 | 재적재  8 | 중계율 0.32 | alpha 0.563 | complete
Ep 1128 | 드론3 목적지54 | 1000스텝 | 배송 48/54 | 재적재  7 | 중계율 0.43 | alpha 0.550 | step_limit
Ep 1129 | 드론3 목적지52 |  877스텝 | 배송 52/52 | 재적재  9 | 중계율 0.32 | alpha 0.560 | complete
Ep 1130 | 드론3 목적지42 | 1000스텝 | 배송 40/42 | 재적재  6 | 중계율 0.39 | alpha 0.566 | step_limit
Ep 1131 | 드론4 목적지68 | 1000스텝 | 배송 67/68 | 재적재 11 | 중계율 0.38 | alpha 0.561 | step_limit
Ep 1132 | 드론3 목적지65 | 1000스텝 | 배송 55/65 | 재적재  8 | 중계율 0.37 | alpha 0.551 | step_limit
Ep 1133 | 드론3 목적지32 |  624스텝 | 배송 32/32 | 재적재  5 | 중계율 0.28 | alpha 0.549 | complete
Ep 1134 | 드론4 목적지76 | 1000스텝 | 배송 59/76 | 재적재  9 | 중계율 0.42 | alpha 0.554 | step_limit
Ep 1135 | 드론4 목적지79 |  991스텝 | 배송 79/79 | 재적재 15 | 중계율 0.22 | alpha 0.563 | complete
Ep 1136 | 드론4 목적지22 |  395스텝 | 배송 22/22 | 재적재  3 | 중계율 0.30 | alpha 0.570 | complete
Ep 1137 | 드론4 목적지74 | 1000스텝 | 배송 69/74 | 재적재 11 | 중계율 0.40 | alpha 0.574 | step_limit
Ep 1138 | 드론3 목적지38 |  901스텝 | 배송 38/38 | 재적재  5 | 중계율 0.51 | alpha 0.571 | complete
Ep 1139 | 드론4 목적지31 |  478스텝 | 배송 31/31 | 재적재  4 | 중계율 0.35 | alpha 0.568 | complete
Ep 1140 | 드론3 목적지47 |  876스텝 | 배송 47/47 | 재적재  8 | 중계율 0.32 | alpha 0.557 | complete
Ep 1141 | 드론3 목적지37 |  923스텝 | 배송 37/37 | 재적재  5 | 중계율 0.34 | alpha 0.574 | complete
Ep 1142 | 드론3 목적지53 |  973스텝 | 배송 53/53 | 재적재  8 | 중계율 0.39 | alpha 0.575 | complete
Ep 1143 | 드론3 목적지48 | 1000스텝 | 배송 44/48 | 재적재  8 | 중계율 0.39 | alpha 0.572 | step_limit
Ep 1144 | 드론3 목적지70 | 1000스텝 | 배송 56/70 | 재적재 10 | 중계율 0.30 | alpha 0.562 | step_limit
Ep 1145 | 드론4 목적지48 |  720스텝 | 배송 48/48 | 재적재  8 | 중계율 0.21 | alpha 0.572 | complete
Ep 1146 | 드론3 목적지45 | 1000스텝 | 배송 42/45 | 재적재  7 | 중계율 0.46 | alpha 0.582 | step_limit
Ep 1147 | 드론4 목적지49 |  612스텝 | 배송 49/49 | 재적재  8 | 중계율 0.26 | alpha 0.575 | complete
Ep 1148 | 드론4 목적지22 |  375스텝 | 배송 22/22 | 재적재  2 | 중계율 0.36 | alpha 0.571 | complete
Ep 1149 | 드론3 목적지44 |  901스텝 | 배송 44/44 | 재적재  8 | 중계율 0.26 | alpha 0.570 | complete
Ep 1150 | 드론4 목적지51 | 1000스텝 | 배송 50/51 | 재적재  8 | 중계율 0.40 | alpha 0.572 | step_limit
  [홀드아웃] 배송 50.0±0.0 완주 1.00 스텝 1029 점수 126.3 재적재 7.2 2홉+ 0.60 | 최고 126.5@ep600 정체 11/15
Ep 1151 | 드론3 목적지63 | 1000스텝 | 배송 56/63 | 재적재 10 | 중계율 0.34 | alpha 0.577 | step_limit
Ep 1152 | 드론3 목적지47 |  867스텝 | 배송 47/47 | 재적재  7 | 중계율 0.38 | alpha 0.590 | complete
Ep 1153 | 드론3 목적지44 | 1000스텝 | 배송 43/44 | 재적재  7 | 중계율 0.41 | alpha 0.592 | step_limit
Ep 1154 | 드론4 목적지39 |  630스텝 | 배송 39/39 | 재적재  5 | 중계율 0.34 | alpha 0.588 | complete
Ep 1155 | 드론3 목적지52 | 1000스텝 | 배송 50/52 | 재적재  9 | 중계율 0.39 | alpha 0.586 | step_limit
Ep 1156 | 드론4 목적지59 |  957스텝 | 배송 59/59 | 재적재 10 | 중계율 0.31 | alpha 0.590 | complete
Ep 1157 | 드론3 목적지33 |  757스텝 | 배송 33/33 | 재적재  6 | 중계율 0.43 | alpha 0.574 | complete
Ep 1158 | 드론4 목적지55 | 1000스텝 | 배송 51/55 | 재적재  7 | 중계율 0.40 | alpha 0.594 | step_limit
Ep 1159 | 드론4 목적지33 |  558스텝 | 배송 33/33 | 재적재  5 | 중계율 0.30 | alpha 0.595 | complete
Ep 1160 | 드론4 목적지71 | 1000스텝 | 배송 55/71 | 재적재 10 | 중계율 0.42 | alpha 0.590 | step_limit
Ep 1161 | 드론4 목적지78 | 1000스텝 | 배송 76/78 | 재적재 13 | 중계율 0.33 | alpha 0.586 | step_limit
Ep 1162 | 드론3 목적지27 |  646스텝 | 배송 27/27 | 재적재  4 | 중계율 0.34 | alpha 0.586 | complete
Ep 1163 | 드론3 목적지71 | 1000스텝 | 배송 53/71 | 재적재 10 | 중계율 0.36 | alpha 0.590 | step_limit
Ep 1164 | 드론4 목적지24 |  439스텝 | 배송 24/24 | 재적재  3 | 중계율 0.39 | alpha 0.577 | complete
Ep 1165 | 드론3 목적지47 |  956스텝 | 배송 47/47 | 재적재  9 | 중계율 0.34 | alpha 0.591 | complete
Ep 1166 | 드론4 목적지79 | 1000스텝 | 배송 74/79 | 재적재 14 | 중계율 0.35 | alpha 0.578 | step_limit
Ep 1167 | 드론3 목적지74 | 1000스텝 | 배송 62/74 | 재적재 10 | 중계율 0.31 | alpha 0.592 | step_limit
Ep 1168 | 드론3 목적지68 | 1000스텝 | 배송 66/68 | 재적재 12 | 중계율 0.25 | alpha 0.581 | step_limit
Ep 1169 | 드론3 목적지79 | 1000스텝 | 배송 67/79 | 재적재 12 | 중계율 0.27 | alpha 0.584 | step_limit
Ep 1170 | 드론3 목적지39 |  815스텝 | 배송 39/39 | 재적재  7 | 중계율 0.31 | alpha 0.581 | complete
Ep 1171 | 드론4 목적지25 |  402스텝 | 배송 25/25 | 재적재  4 | 중계율 0.25 | alpha 0.588 | complete
Ep 1172 | 드론3 목적지21 |  566스텝 | 배송 21/21 | 재적재  2 | 중계율 0.24 | alpha 0.576 | complete
Ep 1173 | 드론4 목적지53 |  810스텝 | 배송 53/53 | 재적재  8 | 중계율 0.29 | alpha 0.575 | complete
Ep 1174 | 드론3 목적지51 | 1000스텝 | 배송 49/51 | 재적재  8 | 중계율 0.34 | alpha 0.577 | step_limit
Ep 1175 | 드론3 목적지74 | 1000스텝 | 배송 64/74 | 재적재 11 | 중계율 0.34 | alpha 0.574 | step_limit
Ep 1176 | 드론3 목적지66 | 1000스텝 | 배송 58/66 | 재적재  9 | 중계율 0.44 | alpha 0.577 | step_limit
Ep 1177 | 드론3 목적지66 | 1000스텝 | 배송 59/66 | 재적재 10 | 중계율 0.30 | alpha 0.578 | step_limit
Ep 1178 | 드론4 목적지39 |  968스텝 | 배송 39/39 | 재적재  6 | 중계율 0.47 | alpha 0.572 | complete
Ep 1179 | 드론3 목적지21 |  529스텝 | 배송 21/21 | 재적재  3 | 중계율 0.43 | alpha 0.581 | complete
Ep 1180 | 드론3 목적지33 |  716스텝 | 배송 33/33 | 재적재  4 | 중계율 0.37 | alpha 0.584 | complete
Ep 1181 | 드론3 목적지41 |  881스텝 | 배송 41/41 | 재적재  8 | 중계율 0.43 | alpha 0.580 | complete
Ep 1182 | 드론4 목적지48 |  806스텝 | 배송 48/48 | 재적재  7 | 중계율 0.35 | alpha 0.569 | complete
Ep 1183 | 드론4 목적지22 |  407스텝 | 배송 22/22 | 재적재  2 | 중계율 0.35 | alpha 0.573 | complete
Ep 1184 | 드론4 목적지24 |  321스텝 | 배송 24/24 | 재적재  4 | 중계율 0.23 | alpha 0.574 | complete
Ep 1185 | 드론3 목적지79 | 1000스텝 | 배송 69/79 | 재적재 13 | 중계율 0.34 | alpha 0.584 | step_limit
Ep 1186 | 드론3 목적지43 |  834스텝 | 배송 43/43 | 재적재  6 | 중계율 0.37 | alpha 0.578 | complete
Ep 1187 | 드론4 목적지80 | 1000스텝 | 배송 76/80 | 재적재 14 | 중계율 0.31 | alpha 0.569 | step_limit
Ep 1188 | 드론3 목적지67 | 1000스텝 | 배송 60/67 | 재적재 11 | 중계율 0.28 | alpha 0.560 | step_limit
Ep 1189 | 드론4 목적지67 | 1000스텝 | 배송 59/67 | 재적재  9 | 중계율 0.40 | alpha 0.571 | step_limit
Ep 1190 | 드론3 목적지28 |  642스텝 | 배송 28/28 | 재적재  4 | 중계율 0.40 | alpha 0.584 | complete
Ep 1191 | 드론3 목적지67 | 1000스텝 | 배송 59/67 | 재적재  9 | 중계율 0.36 | alpha 0.582 | step_limit
Ep 1192 | 드론3 목적지44 |  948스텝 | 배송 44/44 | 재적재  7 | 중계율 0.38 | alpha 0.581 | complete
Ep 1193 | 드론4 목적지53 |  606스텝 | 배송 53/53 | 재적재  8 | 중계율 0.23 | alpha 0.595 | complete
Ep 1194 | 드론4 목적지27 |  390스텝 | 배송 27/27 | 재적재  4 | 중계율 0.25 | alpha 0.594 | complete
Ep 1195 | 드론4 목적지57 |  734스텝 | 배송 57/57 | 재적재 10 | 중계율 0.24 | alpha 0.573 | complete
Ep 1196 | 드론3 목적지74 | 1000스텝 | 배송 69/74 | 재적재 11 | 중계율 0.29 | alpha 0.579 | step_limit
Ep 1197 | 드론4 목적지25 |  422스텝 | 배송 25/25 | 재적재  2 | 중계율 0.31 | alpha 0.584 | complete
Ep 1198 | 드론4 목적지35 |  660스텝 | 배송 35/35 | 재적재  6 | 중계율 0.38 | alpha 0.572 | complete
Ep 1199 | 드론4 목적지29 |  576스텝 | 배송 29/29 | 재적재  2 | 중계율 0.47 | alpha 0.571 | complete
Ep 1200 | 드론3 목적지40 |  776스텝 | 배송 40/40 | 재적재  6 | 중계율 0.28 | alpha 0.573 | complete
  [홀드아웃] 배송 49.8±1.2 완주 0.97 스텝 1039 점수 123.6 재적재 7.0 2홉+ 0.60 | 최고 126.5@ep600 정체 12/15
Ep 1201 | 드론3 목적지43 | 1000스텝 | 배송 39/43 | 재적재  6 | 중계율 0.36 | alpha 0.583 | step_limit
Ep 1202 | 드론3 목적지25 |  542스텝 | 배송 25/25 | 재적재  4 | 중계율 0.19 | alpha 0.583 | complete
Ep 1203 | 드론3 목적지48 |  928스텝 | 배송 48/48 | 재적재  9 | 중계율 0.32 | alpha 0.582 | complete
Ep 1204 | 드론3 목적지59 | 1000스텝 | 배송 55/59 | 재적재  9 | 중계율 0.39 | alpha 0.575 | step_limit
Ep 1205 | 드론4 목적지53 |  649스텝 | 배송 53/53 | 재적재  8 | 중계율 0.30 | alpha 0.582 | complete
Ep 1206 | 드론3 목적지45 |  880스텝 | 배송 45/45 | 재적재  7 | 중계율 0.36 | alpha 0.575 | complete
Ep 1207 | 드론3 목적지72 | 1000스텝 | 배송 57/72 | 재적재 10 | 중계율 0.36 | alpha 0.576 | step_limit
Ep 1208 | 드론3 목적지68 | 1000스텝 | 배송 59/68 | 재적재  9 | 중계율 0.38 | alpha 0.584 | step_limit
Ep 1209 | 드론4 목적지37 |  708스텝 | 배송 37/37 | 재적재  5 | 중계율 0.37 | alpha 0.589 | complete
Ep 1210 | 드론3 목적지40 |  891스텝 | 배송 40/40 | 재적재  6 | 중계율 0.40 | alpha 0.586 | complete
Ep 1211 | 드론4 목적지40 |  754스텝 | 배송 40/40 | 재적재  6 | 중계율 0.33 | alpha 0.589 | complete
Ep 1212 | 드론4 목적지47 |  741스텝 | 배송 47/47 | 재적재  6 | 중계율 0.36 | alpha 0.593 | complete
Ep 1213 | 드론4 목적지44 |  793스텝 | 배송 44/44 | 재적재  6 | 중계율 0.37 | alpha 0.583 | complete
Ep 1214 | 드론3 목적지54 | 1000스텝 | 배송 49/54 | 재적재  8 | 중계율 0.34 | alpha 0.585 | step_limit
Ep 1215 | 드론3 목적지71 | 1000스텝 | 배송 61/71 | 재적재 10 | 중계율 0.36 | alpha 0.580 | step_limit
Ep 1216 | 드론4 목적지68 | 1000스텝 | 배송 55/68 | 재적재  9 | 중계율 0.40 | alpha 0.588 | step_limit
Ep 1217 | 드론3 목적지48 |  894스텝 | 배송 48/48 | 재적재  8 | 중계율 0.37 | alpha 0.605 | complete
Ep 1218 | 드론4 목적지37 |  613스텝 | 배송 37/37 | 재적재  6 | 중계율 0.31 | alpha 0.597 | complete
Ep 1219 | 드론3 목적지80 | 1000스텝 | 배송 65/80 | 재적재 12 | 중계율 0.31 | alpha 0.574 | step_limit
Ep 1220 | 드론3 목적지63 | 1000스텝 | 배송 56/63 | 재적재 10 | 중계율 0.34 | alpha 0.570 | step_limit
Ep 1221 | 드론3 목적지21 |  461스텝 | 배송 21/21 | 재적재  2 | 중계율 0.38 | alpha 0.578 | complete
Ep 1222 | 드론3 목적지59 |  844스텝 | 배송 59/59 | 재적재  9 | 중계율 0.28 | alpha 0.590 | complete
Ep 1223 | 드론3 목적지25 |  454스텝 | 배송 25/25 | 재적재  3 | 중계율 0.40 | alpha 0.592 | complete
Ep 1224 | 드론3 목적지53 | 1000스텝 | 배송 52/53 | 재적재  8 | 중계율 0.36 | alpha 0.607 | step_limit
Ep 1225 | 드론3 목적지66 | 1000스텝 | 배송 56/66 | 재적재 11 | 중계율 0.32 | alpha 0.588 | step_limit
Ep 1226 | 드론4 목적지39 |  454스텝 | 배송 39/39 | 재적재  5 | 중계율 0.20 | alpha 0.587 | complete
Ep 1227 | 드론4 목적지70 | 1000스텝 | 배송 65/70 | 재적재 11 | 중계율 0.27 | alpha 0.580 | step_limit
Ep 1228 | 드론3 목적지52 | 1000스텝 | 배송 52/52 | 재적재  9 | 중계율 0.39 | alpha 0.582 | complete
Ep 1229 | 드론3 목적지43 |  792스텝 | 배송 43/43 | 재적재  7 | 중계율 0.38 | alpha 0.588 | complete
Ep 1230 | 드론3 목적지79 | 1000스텝 | 배송 55/79 | 재적재 10 | 중계율 0.37 | alpha 0.593 | step_limit
Ep 1231 | 드론3 목적지30 |  529스텝 | 배송 30/30 | 재적재  5 | 중계율 0.28 | alpha 0.589 | complete
Ep 1232 | 드론3 목적지67 | 1000스텝 | 배송 63/67 | 재적재 12 | 중계율 0.26 | alpha 0.571 | step_limit
Ep 1233 | 드론4 목적지36 |  611스텝 | 배송 36/36 | 재적재  5 | 중계율 0.36 | alpha 0.590 | complete
Ep 1234 | 드론3 목적지71 | 1000스텝 | 배송 63/71 | 재적재 10 | 중계율 0.35 | alpha 0.579 | step_limit
Ep 1235 | 드론4 목적지57 | 1000스텝 | 배송 56/57 | 재적재 10 | 중계율 0.37 | alpha 0.567 | step_limit
Ep 1236 | 드론4 목적지53 | 1000스텝 | 배송 49/53 | 재적재  8 | 중계율 0.35 | alpha 0.570 | step_limit
Ep 1237 | 드론4 목적지71 | 1000스텝 | 배송 56/71 | 재적재  8 | 중계율 0.41 | alpha 0.588 | step_limit
Ep 1238 | 드론4 목적지65 | 1000스텝 | 배송 55/65 | 재적재  8 | 중계율 0.45 | alpha 0.593 | step_limit
Ep 1239 | 드론3 목적지60 | 1000스텝 | 배송 55/60 | 재적재  8 | 중계율 0.38 | alpha 0.593 | step_limit
Ep 1240 | 드론3 목적지53 | 1000스텝 | 배송 46/53 | 재적재  7 | 중계율 0.40 | alpha 0.595 | step_limit
Ep 1241 | 드론3 목적지80 | 1000스텝 | 배송 60/80 | 재적재 10 | 중계율 0.35 | alpha 0.608 | step_limit
Ep 1242 | 드론4 목적지25 |  483스텝 | 배송 25/25 | 재적재  3 | 중계율 0.36 | alpha 0.596 | complete
Ep 1243 | 드론3 목적지63 | 1000스텝 | 배송 57/63 | 재적재  9 | 중계율 0.38 | alpha 0.578 | step_limit
Ep 1244 | 드론4 목적지36 |  996스텝 | 배송 36/36 | 재적재  6 | 중계율 0.44 | alpha 0.582 | complete
Ep 1245 | 드론4 목적지42 |  822스텝 | 배송 42/42 | 재적재  6 | 중계율 0.39 | alpha 0.581 | complete
Ep 1246 | 드론3 목적지34 |  622스텝 | 배송 34/34 | 재적재  6 | 중계율 0.23 | alpha 0.591 | complete
Ep 1247 | 드론4 목적지41 |  763스텝 | 배송 41/41 | 재적재  6 | 중계율 0.31 | alpha 0.601 | complete
Ep 1248 | 드론4 목적지56 |  875스텝 | 배송 56/56 | 재적재  9 | 중계율 0.31 | alpha 0.589 | complete
Ep 1249 | 드론3 목적지52 |  915스텝 | 배송 52/52 | 재적재  9 | 중계율 0.31 | alpha 0.595 | complete
Ep 1250 | 드론3 목적지29 |  731스텝 | 배송 29/29 | 재적재  4 | 중계율 0.45 | alpha 0.589 | complete
  [홀드아웃] 배송 49.5±4.1 완주 0.99 스텝 1083 점수 124.3 재적재 7.2 2홉+ 0.60 | 최고 126.5@ep600 정체 13/15
Ep 1251 | 드론3 목적지71 | 1000스텝 | 배송 60/71 | 재적재 11 | 중계율 0.36 | alpha 0.585 | step_limit
Ep 1252 | 드론4 목적지79 | 1000스텝 | 배송 64/79 | 재적재 11 | 중계율 0.34 | alpha 0.563 | step_limit
Ep 1253 | 드론4 목적지71 | 1000스텝 | 배송 60/71 | 재적재 10 | 중계율 0.40 | alpha 0.577 | step_limit
Ep 1254 | 드론4 목적지47 |  874스텝 | 배송 47/47 | 재적재  7 | 중계율 0.36 | alpha 0.580 | complete
Ep 1255 | 드론4 목적지70 | 1000스텝 | 배송 66/70 | 재적재 12 | 중계율 0.33 | alpha 0.585 | step_limit
Ep 1256 | 드론3 목적지67 | 1000스텝 | 배송 56/67 | 재적재 10 | 중계율 0.38 | alpha 0.578 | step_limit
Ep 1257 | 드론3 목적지41 |  893스텝 | 배송 41/41 | 재적재  8 | 중계율 0.39 | alpha 0.579 | complete
Ep 1258 | 드론4 목적지41 |  630스텝 | 배송 41/41 | 재적재  6 | 중계율 0.32 | alpha 0.565 | complete
Ep 1259 | 드론3 목적지67 | 1000스텝 | 배송 60/67 | 재적재 10 | 중계율 0.36 | alpha 0.584 | step_limit
Ep 1260 | 드론3 목적지20 |  485스텝 | 배송 20/20 | 재적재  2 | 중계율 0.35 | alpha 0.571 | complete
Ep 1261 | 드론3 목적지45 |  888스텝 | 배송 45/45 | 재적재  8 | 중계율 0.33 | alpha 0.569 | complete
Ep 1262 | 드론3 목적지61 | 1000스텝 | 배송 60/61 | 재적재 11 | 중계율 0.36 | alpha 0.582 | step_limit
Ep 1263 | 드론4 목적지34 |  628스텝 | 배송 34/34 | 재적재  5 | 중계율 0.30 | alpha 0.577 | complete
Ep 1264 | 드론4 목적지31 |  484스텝 | 배송 31/31 | 재적재  4 | 중계율 0.25 | alpha 0.574 | complete
Ep 1265 | 드론3 목적지56 | 1000스텝 | 배송 47/56 | 재적재  9 | 중계율 0.39 | alpha 0.592 | step_limit
Ep 1266 | 드론3 목적지23 |  526스텝 | 배송 23/23 | 재적재  3 | 중계율 0.23 | alpha 0.587 | complete
Ep 1267 | 드론3 목적지63 | 1000스텝 | 배송 49/63 | 재적재  8 | 중계율 0.33 | alpha 0.581 | step_limit
Ep 1268 | 드론3 목적지39 |  590스텝 | 배송 39/39 | 재적재  7 | 중계율 0.30 | alpha 0.576 | complete
Ep 1269 | 드론4 목적지70 |  917스텝 | 배송 70/70 | 재적재 12 | 중계율 0.31 | alpha 0.574 | complete
Ep 1270 | 드론4 목적지39 |  584스텝 | 배송 39/39 | 재적재  6 | 중계율 0.36 | alpha 0.579 | complete
Ep 1271 | 드론3 목적지74 | 1000스텝 | 배송 66/74 | 재적재 11 | 중계율 0.28 | alpha 0.587 | step_limit
Ep 1272 | 드론4 목적지20 |  556스텝 | 배송 20/20 | 재적재  1 | 중계율 0.41 | alpha 0.580 | complete
Ep 1273 | 드론3 목적지27 |  792스텝 | 배송 27/27 | 재적재  5 | 중계율 0.43 | alpha 0.578 | complete
Ep 1274 | 드론3 목적지34 |  786스텝 | 배송 34/34 | 재적재  4 | 중계율 0.45 | alpha 0.579 | complete
Ep 1275 | 드론3 목적지29 |  520스텝 | 배송 29/29 | 재적재  3 | 중계율 0.39 | alpha 0.563 | complete
Ep 1276 | 드론4 목적지62 | 1000스텝 | 배송 57/62 | 재적재  9 | 중계율 0.39 | alpha 0.575 | step_limit
Ep 1277 | 드론3 목적지77 | 1000스텝 | 배송 65/77 | 재적재 13 | 중계율 0.32 | alpha 0.569 | step_limit
Ep 1278 | 드론3 목적지59 | 1000스텝 | 배송 52/59 | 재적재  8 | 중계율 0.44 | alpha 0.568 | step_limit
Ep 1279 | 드론4 목적지39 |  755스텝 | 배송 39/39 | 재적재  5 | 중계율 0.40 | alpha 0.577 | complete
Ep 1280 | 드론3 목적지31 |  665스텝 | 배송 31/31 | 재적재  5 | 중계율 0.36 | alpha 0.575 | complete
Ep 1281 | 드론3 목적지36 | 1000스텝 | 배송 35/36 | 재적재  7 | 중계율 0.44 | alpha 0.576 | step_limit
Ep 1282 | 드론3 목적지39 |  918스텝 | 배송 39/39 | 재적재  6 | 중계율 0.34 | alpha 0.574 | complete
Ep 1283 | 드론3 목적지43 |  832스텝 | 배송 43/43 | 재적재  7 | 중계율 0.34 | alpha 0.568 | complete
Ep 1284 | 드론4 목적지25 |  772스텝 | 배송 25/25 | 재적재  4 | 중계율 0.45 | alpha 0.564 | complete
Ep 1285 | 드론4 목적지74 |  953스텝 | 배송 74/74 | 재적재 13 | 중계율 0.26 | alpha 0.561 | complete
Ep 1286 | 드론3 목적지76 | 1000스텝 | 배송 56/76 | 재적재  9 | 중계율 0.36 | alpha 0.559 | step_limit
Ep 1287 | 드론4 목적지59 |  974스텝 | 배송 59/59 | 재적재  9 | 중계율 0.38 | alpha 0.563 | complete
Ep 1288 | 드론4 목적지77 |  797스텝 | 배송 77/77 | 재적재 13 | 중계율 0.25 | alpha 0.553 | complete
Ep 1289 | 드론3 목적지24 |  520스텝 | 배송 24/24 | 재적재  3 | 중계율 0.25 | alpha 0.560 | complete
Ep 1290 | 드론4 목적지52 | 1000스텝 | 배송 51/52 | 재적재  8 | 중계율 0.38 | alpha 0.572 | step_limit
Ep 1291 | 드론3 목적지42 |  898스텝 | 배송 42/42 | 재적재  7 | 중계율 0.32 | alpha 0.562 | complete
Ep 1292 | 드론3 목적지77 | 1000스텝 | 배송 54/77 | 재적재  8 | 중계율 0.34 | alpha 0.569 | step_limit
Ep 1293 | 드론4 목적지76 | 1000스텝 | 배송 71/76 | 재적재 11 | 중계율 0.35 | alpha 0.570 | step_limit
Ep 1294 | 드론4 목적지31 |  535스텝 | 배송 31/31 | 재적재  4 | 중계율 0.37 | alpha 0.554 | complete
Ep 1295 | 드론4 목적지61 | 1000스텝 | 배송 45/61 | 재적재  6 | 중계율 0.43 | alpha 0.561 | step_limit
Ep 1296 | 드론3 목적지50 | 1000스텝 | 배송 48/50 | 재적재  9 | 중계율 0.31 | alpha 0.551 | step_limit
Ep 1297 | 드론4 목적지76 | 1000스텝 | 배송 58/76 | 재적재 11 | 중계율 0.36 | alpha 0.564 | step_limit
Ep 1298 | 드론4 목적지36 |  564스텝 | 배송 36/36 | 재적재  6 | 중계율 0.32 | alpha 0.565 | complete
Ep 1299 | 드론4 목적지66 | 1000스텝 | 배송 62/66 | 재적재 10 | 중계율 0.31 | alpha 0.575 | step_limit
Ep 1300 | 드론3 목적지21 |  830스텝 | 배송 18/21 | 재적재  2 | 중계율 0.42 | alpha 0.573 | no_progress
  [홀드아웃] 배송 49.3±4.5 완주 0.97 스텝 1054 점수 123.4 재적재 7.2 2홉+ 0.59 | 최고 126.5@ep600 정체 14/15
Ep 1301 | 드론3 목적지47 |  865스텝 | 배송 47/47 | 재적재  8 | 중계율 0.33 | alpha 0.594 | complete
Ep 1302 | 드론3 목적지58 | 1000스텝 | 배송 55/58 | 재적재 10 | 중계율 0.34 | alpha 0.569 | step_limit
Ep 1303 | 드론4 목적지61 | 1000스텝 | 배송 56/61 | 재적재 11 | 중계율 0.39 | alpha 0.569 | step_limit
Ep 1304 | 드론3 목적지67 | 1000스텝 | 배송 64/67 | 재적재 11 | 중계율 0.30 | alpha 0.592 | step_limit
Ep 1305 | 드론4 목적지61 |  832스텝 | 배송 61/61 | 재적재 11 | 중계율 0.29 | alpha 0.585 | complete
Ep 1306 | 드론3 목적지79 | 1000스텝 | 배송 70/79 | 재적재 12 | 중계율 0.31 | alpha 0.580 | step_limit
Ep 1307 | 드론4 목적지73 |  900스텝 | 배송 73/73 | 재적재 13 | 중계율 0.28 | alpha 0.565 | complete
Ep 1308 | 드론4 목적지60 | 1000스텝 | 배송 55/60 | 재적재  8 | 중계율 0.42 | alpha 0.562 | step_limit
Ep 1309 | 드론4 목적지77 |  988스텝 | 배송 77/77 | 재적재 13 | 중계율 0.32 | alpha 0.579 | complete
Ep 1310 | 드론4 목적지72 | 1000스텝 | 배송 63/72 | 재적재 11 | 중계율 0.31 | alpha 0.586 | step_limit
Ep 1311 | 드론3 목적지60 | 1000스텝 | 배송 50/60 | 재적재  9 | 중계율 0.34 | alpha 0.591 | step_limit
Ep 1312 | 드론4 목적지59 |  962스텝 | 배송 59/59 | 재적재  9 | 중계율 0.41 | alpha 0.591 | complete
Ep 1313 | 드론3 목적지72 | 1000스텝 | 배송 55/72 | 재적재 10 | 중계율 0.35 | alpha 0.565 | step_limit
Ep 1314 | 드론3 목적지67 | 1000스텝 | 배송 55/67 | 재적재  9 | 중계율 0.40 | alpha 0.569 | step_limit
Ep 1315 | 드론4 목적지58 |  882스텝 | 배송 58/58 | 재적재 10 | 중계율 0.28 | alpha 0.579 | complete
Ep 1316 | 드론3 목적지66 | 1000스텝 | 배송 50/66 | 재적재  8 | 중계율 0.40 | alpha 0.586 | step_limit
Ep 1317 | 드론4 목적지67 | 1000스텝 | 배송 66/67 | 재적재 11 | 중계율 0.33 | alpha 0.594 | step_limit
Ep 1318 | 드론3 목적지28 |  684스텝 | 배송 28/28 | 재적재  4 | 중계율 0.43 | alpha 0.578 | complete
Ep 1319 | 드론3 목적지34 |  622스텝 | 배송 34/34 | 재적재  5 | 중계율 0.38 | alpha 0.570 | complete
Ep 1320 | 드론3 목적지57 |  942스텝 | 배송 57/57 | 재적재  9 | 중계율 0.39 | alpha 0.573 | complete
Ep 1321 | 드론4 목적지59 |  879스텝 | 배송 59/59 | 재적재 10 | 중계율 0.26 | alpha 0.572 | complete
Ep 1322 | 드론3 목적지39 |  844스텝 | 배송 39/39 | 재적재  6 | 중계율 0.37 | alpha 0.581 | complete
Ep 1323 | 드론4 목적지48 |  788스텝 | 배송 48/48 | 재적재  7 | 중계율 0.39 | alpha 0.583 | complete
Ep 1324 | 드론4 목적지52 |  711스텝 | 배송 52/52 | 재적재  8 | 중계율 0.24 | alpha 0.582 | complete
Ep 1325 | 드론4 목적지40 |  668스텝 | 배송 40/40 | 재적재  6 | 중계율 0.30 | alpha 0.573 | complete
Ep 1326 | 드론3 목적지40 |  845스텝 | 배송 40/40 | 재적재  6 | 중계율 0.42 | alpha 0.570 | complete
Ep 1327 | 드론3 목적지23 |  626스텝 | 배송 23/23 | 재적재  2 | 중계율 0.38 | alpha 0.585 | complete
Ep 1328 | 드론4 목적지25 | 1000스텝 | 배송 22/25 | 재적재  3 | 중계율 0.39 | alpha 0.560 | step_limit
Ep 1329 | 드론3 목적지51 | 1000스텝 | 배송 50/51 | 재적재  7 | 중계율 0.39 | alpha 0.558 | step_limit
Ep 1330 | 드론4 목적지42 |  937스텝 | 배송 42/42 | 재적재  5 | 중계율 0.47 | alpha 0.556 | complete
Ep 1331 | 드론4 목적지48 |  847스텝 | 배송 48/48 | 재적재  6 | 중계율 0.42 | alpha 0.563 | complete
Ep 1332 | 드론4 목적지21 |  460스텝 | 배송 21/21 | 재적재  2 | 중계율 0.41 | alpha 0.571 | complete
Ep 1333 | 드론4 목적지42 | 1000스텝 | 배송 36/42 | 재적재  5 | 중계율 0.37 | alpha 0.563 | step_limit
Ep 1334 | 드론4 목적지30 |  740스텝 | 배송 30/30 | 재적재  4 | 중계율 0.43 | alpha 0.559 | complete
Ep 1335 | 드론4 목적지52 |  688스텝 | 배송 52/52 | 재적재  9 | 중계율 0.24 | alpha 0.560 | complete
Ep 1336 | 드론3 목적지31 |  734스텝 | 배송 31/31 | 재적재  5 | 중계율 0.37 | alpha 0.560 | complete
Ep 1337 | 드론4 목적지70 |  883스텝 | 배송 70/70 | 재적재 12 | 중계율 0.27 | alpha 0.562 | complete
Ep 1338 | 드론3 목적지80 | 1000스텝 | 배송 66/80 | 재적재 12 | 중계율 0.29 | alpha 0.578 | step_limit
Ep 1339 | 드론4 목적지74 | 1000스텝 | 배송 71/74 | 재적재 14 | 중계율 0.31 | alpha 0.566 | step_limit
Ep 1340 | 드론4 목적지77 | 1000스텝 | 배송 66/77 | 재적재 10 | 중계율 0.37 | alpha 0.567 | step_limit
Ep 1341 | 드론4 목적지30 |  668스텝 | 배송 30/30 | 재적재  4 | 중계율 0.23 | alpha 0.565 | complete
Ep 1342 | 드론4 목적지59 | 1000스텝 | 배송 52/59 | 재적재  8 | 중계율 0.43 | alpha 0.559 | step_limit
Ep 1343 | 드론4 목적지28 |  608스텝 | 배송 28/28 | 재적재  4 | 중계율 0.36 | alpha 0.572 | complete
Ep 1344 | 드론3 목적지48 |  784스텝 | 배송 48/48 | 재적재  7 | 중계율 0.29 | alpha 0.575 | complete
Ep 1345 | 드론3 목적지61 | 1000스텝 | 배송 57/61 | 재적재 10 | 중계율 0.31 | alpha 0.555 | step_limit
Ep 1346 | 드론3 목적지54 |  933스텝 | 배송 54/54 | 재적재  9 | 중계율 0.36 | alpha 0.554 | complete
Ep 1347 | 드론3 목적지68 | 1000스텝 | 배송 59/68 | 재적재 10 | 중계율 0.37 | alpha 0.545 | step_limit
Ep 1348 | 드론3 목적지25 |  596스텝 | 배송 25/25 | 재적재  3 | 중계율 0.33 | alpha 0.549 | complete
Ep 1349 | 드론4 목적지33 |  621스텝 | 배송 33/33 | 재적재  4 | 중계율 0.37 | alpha 0.553 | complete
Ep 1350 | 드론3 목적지70 | 1000스텝 | 배송 66/70 | 재적재 13 | 중계율 0.30 | alpha 0.563 | step_limit
  [홀드아웃] 배송 50.0±0.0 완주 1.00 스텝 1118 점수 125.1 재적재 7.3 2홉+ 0.60 | 최고 126.5@ep600 정체 15/15

조기 종료. 최고 126.5@ep600
Training finished. best=126.5 @ ep600
