/home/kopt/enter/envs/wsl_neuroMCTS/lib/python3.10/site-packages/pygame/pkgdata.py:25: UserWarning: pkg_resources is deprecated as an API. See https://setuptools.pypa.io/en/latest/pkg_resources.html. The pkg_resources package is slated for removal as early as 2025-11-30. Refrain from using this package or pin to Setuptools<81.
  from pkg_resources import resource_stream, resource_exists
pygame 2.6.1 (SDL 2.28.4, Python 3.10.19)
Hello from the pygame community. https://www.pygame.org/contribute.html
집합 상위 학습 | 반경 300 상한 1000 무배송 500 gamma 0.997 구성=무작위 드론[3, 4] 목적지[20, 80] CC무작위 인스턴스=무작위 목표유지=off 완주보상=0.0 잔여페널티=0.1 규칙관측=False 규칙정규화=4.0/중계가중치=1.0 막힘페널티=0.0 도달권shaping=0.0 정체전환보상=0.0 엔트로피비=0.6->0.25@400 자기회귀=True 홀드아웃상한=3000 선택=makespan/속도가중치=40.0
/home/kopt/drone/proposed_src/pipeline/train_v5_26_09_15_23.py:360: UserWarning: Converting a tensor with requires_grad=True to a scalar may lead to unexpected behavior.
Consider using tensor.detach() first. (Triggered internally at /pytorch/torch/csrc/autograd/generated/python_variable_methods.cpp:836.)
  writer.add_scalar("train/alpha", float(log_alpha.exp()), ep)
Ep 1 | 드론4 목적지43 | 1000스텝 | 배송 41/43 | 재적재  8 | 중계율 0.10 | alpha 0.100 | step_limit
Ep 2 | 드론3 목적지74 | 1000스텝 | 배송 58/74 | 재적재 11 | 중계율 0.08 | alpha 0.100 | step_limit
Ep 3 | 드론4 목적지43 | 1000스텝 | 배송 40/43 | 재적재  6 | 중계율 0.07 | alpha 0.100 | step_limit
Ep 4 | 드론3 목적지23 |  979스텝 | 배송 23/23 | 재적재  4 | 중계율 0.14 | alpha 0.100 | complete
Ep 5 | 드론3 목적지31 |  927스텝 | 배송 31/31 | 재적재  4 | 중계율 0.23 | alpha 0.100 | complete
Ep 6 | 드론3 목적지68 | 1000스텝 | 배송 61/68 | 재적재 10 | 중계율 0.26 | alpha 0.111 | step_limit
Ep 7 | 드론4 목적지44 |  523스텝 | 배송 44/44 | 재적재  6 | 중계율 0.32 | alpha 0.116 | complete
Ep 8 | 드론4 목적지30 |  374스텝 | 배송 30/30 | 재적재  4 | 중계율 0.32 | alpha 0.120 | complete
Ep 9 | 드론4 목적지42 |  646스텝 | 배송 42/42 | 재적재  6 | 중계율 0.34 | alpha 0.127 | complete
Ep 10 | 드론4 목적지47 |  566스텝 | 배송 47/47 | 재적재  8 | 중계율 0.31 | alpha 0.133 | complete
Ep 11 | 드론4 목적지21 |  349스텝 | 배송 21/21 | 재적재  2 | 중계율 0.22 | alpha 0.137 | complete
Ep 12 | 드론3 목적지37 |  594스텝 | 배송 37/37 | 재적재  5 | 중계율 0.23 | alpha 0.144 | complete
Ep 13 | 드론4 목적지28 |  385스텝 | 배송 28/28 | 재적재  4 | 중계율 0.22 | alpha 0.148 | complete
Ep 14 | 드론3 목적지41 |  766스텝 | 배송 41/41 | 재적재  7 | 중계율 0.31 | alpha 0.157 | complete
Ep 15 | 드론3 목적지66 | 1000스텝 | 배송 48/66 | 재적재  7 | 중계율 0.25 | alpha 0.170 | step_limit
Ep 16 | 드론3 목적지71 | 1000스텝 | 배송 66/71 | 재적재 13 | 중계율 0.30 | alpha 0.183 | step_limit
Ep 17 | 드론3 목적지24 |  489스텝 | 배송 24/24 | 재적재  3 | 중계율 0.39 | alpha 0.190 | complete
Ep 18 | 드론4 목적지49 |  592스텝 | 배송 49/49 | 재적재  7 | 중계율 0.23 | alpha 0.198 | complete
Ep 19 | 드론4 목적지34 |  542스텝 | 배송 34/34 | 재적재  5 | 중계율 0.35 | alpha 0.206 | complete
Ep 20 | 드론3 목적지48 | 1000스텝 | 배송 45/48 | 재적재  8 | 중계율 0.27 | alpha 0.222 | step_limit
Ep 21 | 드론3 목적지63 | 1000스텝 | 배송 60/63 | 재적재  9 | 중계율 0.28 | alpha 0.239 | step_limit
Ep 22 | 드론4 목적지46 |  714스텝 | 배송 46/46 | 재적재  8 | 중계율 0.31 | alpha 0.251 | complete
Ep 23 | 드론3 목적지44 |  874스텝 | 배송 44/44 | 재적재  7 | 중계율 0.27 | alpha 0.267 | complete
Ep 24 | 드론4 목적지41 |  690스텝 | 배송 41/41 | 재적재  6 | 중계율 0.33 | alpha 0.281 | complete
Ep 25 | 드론4 목적지38 |  808스텝 | 배송 38/38 | 재적재  6 | 중계율 0.32 | alpha 0.298 | complete
Ep 26 | 드론4 목적지77 | 1000스텝 | 배송 41/77 | 재적재  6 | 중계율 0.25 | alpha 0.320 | step_limit
Ep 27 | 드론3 목적지41 |  781스텝 | 배송 41/41 | 재적재  7 | 중계율 0.34 | alpha 0.339 | complete
Ep 28 | 드론4 목적지52 |  948스텝 | 배송 52/52 | 재적재  8 | 중계율 0.38 | alpha 0.363 | complete
Ep 29 | 드론4 목적지72 | 1000스텝 | 배송 44/72 | 재적재  6 | 중계율 0.33 | alpha 0.390 | step_limit
Ep 30 | 드론4 목적지61 | 1000스텝 | 배송 60/61 | 재적재  9 | 중계율 0.41 | alpha 0.420 | step_limit
Ep 31 | 드론4 목적지45 |  591스텝 | 배송 45/45 | 재적재  7 | 중계율 0.26 | alpha 0.438 | complete
Ep 32 | 드론3 목적지68 | 1000스텝 | 배송 62/68 | 재적재 10 | 중계율 0.30 | alpha 0.470 | step_limit
Ep 33 | 드론3 목적지35 |  690스텝 | 배송 35/35 | 재적재  6 | 중계율 0.25 | alpha 0.494 | complete
Ep 34 | 드론3 목적지24 |  360스텝 | 배송 24/24 | 재적재  3 | 중계율 0.18 | alpha 0.507 | complete
Ep 35 | 드론3 목적지58 |  945스텝 | 배송 58/58 | 재적재 10 | 중계율 0.24 | alpha 0.542 | complete
Ep 36 | 드론3 목적지64 | 1000스텝 | 배송 56/64 | 재적재  9 | 중계율 0.29 | alpha 0.582 | step_limit
Ep 37 | 드론4 목적지58 | 1000스텝 | 배송 50/58 | 재적재  9 | 중계율 0.41 | alpha 0.626 | step_limit
Ep 38 | 드론3 목적지77 | 1000스텝 | 배송 45/77 | 재적재  9 | 중계율 0.25 | alpha 0.672 | step_limit
Ep 39 | 드론3 목적지28 |  807스텝 | 배송 20/28 | 재적재  3 | 중계율 0.42 | alpha 0.712 | no_progress
Ep 40 | 드론3 목적지37 |  736스텝 | 배송 37/37 | 재적재  7 | 중계율 0.28 | alpha 0.751 | complete
Ep 41 | 드론4 목적지59 |  886스텝 | 배송 59/59 | 재적재  9 | 중계율 0.21 | alpha 0.800 | complete
Ep 42 | 드론4 목적지58 | 1000스텝 | 배송 57/58 | 재적재 11 | 중계율 0.37 | alpha 0.858 | step_limit
Ep 43 | 드론4 목적지20 |  384스텝 | 배송 20/20 | 재적재  3 | 중계율 0.28 | alpha 0.881 | complete
Ep 44 | 드론4 목적지30 |  557스텝 | 배송 30/30 | 재적재  5 | 중계율 0.24 | alpha 0.916 | complete
Ep 45 | 드론4 목적지39 |  513스텝 | 배송 39/39 | 재적재  7 | 중계율 0.29 | alpha 0.949 | complete
Ep 46 | 드론4 목적지32 |  392스텝 | 배송 32/32 | 재적재  4 | 중계율 0.30 | alpha 0.975 | complete
Ep 47 | 드론4 목적지35 |  758스텝 | 배송 35/35 | 재적재  6 | 중계율 0.35 | alpha 1.027 | complete
Ep 48 | 드론4 목적지39 |  650스텝 | 배송 39/39 | 재적재  5 | 중계율 0.41 | alpha 1.073 | complete
Ep 49 | 드론4 목적지47 |  597스텝 | 배송 47/47 | 재적재  7 | 중계율 0.31 | alpha 1.118 | complete
Ep 50 | 드론3 목적지72 | 1000스텝 | 배송 63/72 | 재적재 12 | 중계율 0.25 | alpha 1.198 | step_limit
  [홀드아웃] 배송 48.9±3.8 완주 0.90 스텝 930 점수 117.6 재적재 7.5 2홉+ 0.62 | 최고 117.6@ep50 정체 0/15  ← 갱신
Ep 51 | 드론3 목적지71 | 1000스텝 | 배송 55/71 | 재적재 10 | 중계율 0.24 | alpha 1.285 | step_limit
Ep 52 | 드론3 목적지45 |  728스텝 | 배송 45/45 | 재적재  8 | 중계율 0.28 | alpha 1.350 | complete
Ep 53 | 드론4 목적지64 |  690스텝 | 배송 64/64 | 재적재 11 | 중계율 0.18 | alpha 1.416 | complete
Ep 54 | 드론4 목적지24 |  577스텝 | 배송 24/24 | 재적재  1 | 중계율 0.44 | alpha 1.474 | complete
Ep 55 | 드론4 목적지60 | 1000스텝 | 배송 55/60 | 재적재  8 | 중계율 0.40 | alpha 1.578 | step_limit
Ep 56 | 드론4 목적지20 |  305스텝 | 배송 20/20 | 재적재  3 | 중계율 0.27 | alpha 1.611 | complete
Ep 57 | 드론4 목적지61 |  795스텝 | 배송 61/61 | 재적재 11 | 중계율 0.29 | alpha 1.699 | complete
Ep 58 | 드론4 목적지77 | 1000스텝 | 배송 71/77 | 재적재 12 | 중계율 0.24 | alpha 1.814 | step_limit
Ep 59 | 드론4 목적지40 |  668스텝 | 배송 40/40 | 재적재  5 | 중계율 0.40 | alpha 1.893 | complete
Ep 60 | 드론3 목적지76 | 1000스텝 | 배송 60/76 | 재적재 10 | 중계율 0.27 | alpha 2.016 | step_limit
Ep 61 | 드론4 목적지66 | 1000스텝 | 배송 60/66 | 재적재 10 | 중계율 0.29 | alpha 2.140 | step_limit
Ep 62 | 드론4 목적지43 |  544스텝 | 배송 43/43 | 재적재  7 | 중계율 0.22 | alpha 2.206 | complete
Ep 63 | 드론4 목적지57 |  672스텝 | 배송 57/57 | 재적재  9 | 중계율 0.26 | alpha 2.286 | complete
Ep 64 | 드론3 목적지52 | 1000스텝 | 배송 50/52 | 재적재 10 | 중계율 0.28 | alpha 2.404 | step_limit
Ep 65 | 드론4 목적지42 |  544스텝 | 배송 42/42 | 재적재  7 | 중계율 0.19 | alpha 2.467 | complete
Ep 66 | 드론3 목적지41 |  996스텝 | 배송 41/41 | 재적재  7 | 중계율 0.30 | alpha 2.582 | complete
Ep 67 | 드론4 목적지23 |  351스텝 | 배송 23/23 | 재적재  1 | 중계율 0.18 | alpha 2.621 | complete
Ep 68 | 드론4 목적지77 |  772스텝 | 배송 77/77 | 재적재 14 | 중계율 0.18 | alpha 2.708 | complete
Ep 69 | 드론3 목적지48 |  958스텝 | 배송 48/48 | 재적재  8 | 중계율 0.19 | alpha 2.805 | complete
Ep 70 | 드론3 목적지69 | 1000스텝 | 배송 62/69 | 재적재 11 | 중계율 0.29 | alpha 2.903 | step_limit
Ep 71 | 드론4 목적지34 |  470스텝 | 배송 34/34 | 재적재  5 | 중계율 0.17 | alpha 2.947 | complete
Ep 72 | 드론4 목적지61 | 1000스텝 | 배송 54/61 | 재적재  9 | 중계율 0.35 | alpha 3.027 | step_limit
Ep 73 | 드론4 목적지50 | 1000스텝 | 배송 46/50 | 재적재  6 | 중계율 0.38 | alpha 3.097 | step_limit
Ep 74 | 드론3 목적지70 | 1000스텝 | 배송 61/70 | 재적재 10 | 중계율 0.23 | alpha 3.155 | step_limit
Ep 75 | 드론4 목적지21 |  395스텝 | 배송 21/21 | 재적재  2 | 중계율 0.21 | alpha 3.171 | complete
Ep 76 | 드론3 목적지49 | 1000스텝 | 배송 46/49 | 재적재  7 | 중계율 0.31 | alpha 3.206 | step_limit
Ep 77 | 드론3 목적지67 | 1000스텝 | 배송 56/67 | 재적재 10 | 중계율 0.30 | alpha 3.243 | step_limit
Ep 78 | 드론3 목적지34 |  884스텝 | 배송 34/34 | 재적재  5 | 중계율 0.25 | alpha 3.261 | complete
Ep 79 | 드론4 목적지31 |  740스텝 | 배송 31/31 | 재적재  4 | 중계율 0.26 | alpha 3.263 | complete
Ep 80 | 드론3 목적지44 |  793스텝 | 배송 44/44 | 재적재  7 | 중계율 0.27 | alpha 3.276 | complete
Ep 81 | 드론4 목적지71 | 1000스텝 | 배송 65/71 | 재적재 10 | 중계율 0.29 | alpha 3.274 | step_limit
Ep 82 | 드론3 목적지59 | 1000스텝 | 배송 58/59 | 재적재 10 | 중계율 0.20 | alpha 3.270 | step_limit
Ep 83 | 드론4 목적지21 |  279스텝 | 배송 21/21 | 재적재  2 | 중계율 0.14 | alpha 3.270 | complete
Ep 84 | 드론3 목적지41 |  975스텝 | 배송 41/41 | 재적재  7 | 중계율 0.29 | alpha 3.256 | complete
Ep 85 | 드론4 목적지38 | 1000스텝 | 배송 37/38 | 재적재  6 | 중계율 0.37 | alpha 3.220 | step_limit
Ep 86 | 드론4 목적지64 | 1000스텝 | 배송 63/64 | 재적재 11 | 중계율 0.24 | alpha 3.218 | step_limit
Ep 87 | 드론4 목적지24 |  444스텝 | 배송 24/24 | 재적재  3 | 중계율 0.25 | alpha 3.222 | complete
Ep 88 | 드론4 목적지66 |  867스텝 | 배송 66/66 | 재적재 11 | 중계율 0.22 | alpha 3.204 | complete
Ep 89 | 드론4 목적지20 |  374스텝 | 배송 20/20 | 재적재  2 | 중계율 0.31 | alpha 3.198 | complete
Ep 90 | 드론4 목적지37 |  376스텝 | 배송 37/37 | 재적재  6 | 중계율 0.13 | alpha 3.198 | complete
Ep 91 | 드론3 목적지60 | 1000스텝 | 배송 51/60 | 재적재  8 | 중계율 0.22 | alpha 3.245 | step_limit
Ep 92 | 드론3 목적지37 |  847스텝 | 배송 37/37 | 재적재  7 | 중계율 0.33 | alpha 3.274 | complete
Ep 93 | 드론3 목적지27 |  797스텝 | 배송 27/27 | 재적재  4 | 중계율 0.30 | alpha 3.299 | complete
Ep 94 | 드론3 목적지76 | 1000스텝 | 배송 67/76 | 재적재 11 | 중계율 0.21 | alpha 3.301 | step_limit
Ep 95 | 드론4 목적지30 |  382스텝 | 배송 30/30 | 재적재  3 | 중계율 0.25 | alpha 3.312 | complete
Ep 96 | 드론4 목적지34 |  974스텝 | 배송 34/34 | 재적재  4 | 중계율 0.35 | alpha 3.327 | complete
Ep 97 | 드론4 목적지35 |  615스텝 | 배송 35/35 | 재적재  4 | 중계율 0.30 | alpha 3.348 | complete
Ep 98 | 드론4 목적지39 |  453스텝 | 배송 39/39 | 재적재  4 | 중계율 0.16 | alpha 3.332 | complete
Ep 99 | 드론4 목적지69 | 1000스텝 | 배송 59/69 | 재적재  9 | 중계율 0.35 | alpha 3.256 | step_limit
Ep 100 | 드론4 목적지80 |  957스텝 | 배송 80/80 | 재적재 14 | 중계율 0.22 | alpha 3.204 | complete
  [홀드아웃] 배송 50.0±0.0 완주 1.00 스텝 1020 점수 126.4 재적재 7.9 2홉+ 0.62 | 최고 126.4@ep100 정체 0/15  ← 갱신
Ep 101 | 드론3 목적지62 | 1000스텝 | 배송 54/62 | 재적재 10 | 중계율 0.23 | alpha 3.163 | step_limit
Ep 102 | 드론3 목적지30 |  687스텝 | 배송 30/30 | 재적재  5 | 중계율 0.24 | alpha 3.155 | complete
Ep 103 | 드론4 목적지75 |  940스텝 | 배송 75/75 | 재적재 14 | 중계율 0.27 | alpha 3.167 | complete
Ep 104 | 드론3 목적지39 |  910스텝 | 배송 39/39 | 재적재  6 | 중계율 0.23 | alpha 3.138 | complete
Ep 105 | 드론4 목적지24 |  423스텝 | 배송 24/24 | 재적재  4 | 중계율 0.21 | alpha 3.134 | complete
Ep 106 | 드론4 목적지73 | 1000스텝 | 배송 69/73 | 재적재 12 | 중계율 0.28 | alpha 3.163 | step_limit
Ep 107 | 드론4 목적지25 |  568스텝 | 배송 25/25 | 재적재  4 | 중계율 0.25 | alpha 3.160 | complete
Ep 108 | 드론3 목적지69 | 1000스텝 | 배송 53/69 | 재적재  9 | 중계율 0.24 | alpha 3.174 | step_limit
Ep 109 | 드론3 목적지25 |  522스텝 | 배송 25/25 | 재적재  3 | 중계율 0.17 | alpha 3.180 | complete
Ep 110 | 드론3 목적지26 |  884스텝 | 배송 26/26 | 재적재  5 | 중계율 0.31 | alpha 3.162 | complete
Ep 111 | 드론3 목적지21 |  601스텝 | 배송 21/21 | 재적재  3 | 중계율 0.27 | alpha 3.155 | complete
Ep 112 | 드론4 목적지31 |  463스텝 | 배송 31/31 | 재적재  5 | 중계율 0.18 | alpha 3.144 | complete
Ep 113 | 드론3 목적지57 | 1000스텝 | 배송 55/57 | 재적재  9 | 중계율 0.32 | alpha 3.142 | step_limit
Ep 114 | 드론4 목적지64 | 1000스텝 | 배송 59/64 | 재적재 10 | 중계율 0.31 | alpha 3.127 | step_limit
Ep 115 | 드론4 목적지57 |  847스텝 | 배송 57/57 | 재적재  9 | 중계율 0.24 | alpha 3.101 | complete
Ep 116 | 드론3 목적지78 | 1000스텝 | 배송 60/78 | 재적재 11 | 중계율 0.26 | alpha 3.038 | step_limit
Ep 117 | 드론4 목적지76 | 1000스텝 | 배송 60/76 | 재적재  8 | 중계율 0.35 | alpha 3.007 | step_limit
Ep 118 | 드론3 목적지59 | 1000스텝 | 배송 56/59 | 재적재 10 | 중계율 0.24 | alpha 3.027 | step_limit
Ep 119 | 드론3 목적지73 | 1000스텝 | 배송 69/73 | 재적재 12 | 중계율 0.21 | alpha 3.046 | step_limit
Ep 120 | 드론3 목적지68 | 1000스텝 | 배송 60/68 | 재적재 11 | 중계율 0.24 | alpha 3.018 | step_limit
Ep 121 | 드론4 목적지59 | 1000스텝 | 배송 52/59 | 재적재  9 | 중계율 0.30 | alpha 3.002 | step_limit
Ep 122 | 드론4 목적지55 |  935스텝 | 배송 55/55 | 재적재 10 | 중계율 0.27 | alpha 3.019 | complete
Ep 123 | 드론3 목적지22 |  495스텝 | 배송 22/22 | 재적재  4 | 중계율 0.22 | alpha 3.013 | complete
Ep 124 | 드론3 목적지57 | 1000스텝 | 배송 54/57 | 재적재 10 | 중계율 0.24 | alpha 2.981 | step_limit
Ep 125 | 드론3 목적지29 | 1000스텝 | 배송 28/29 | 재적재  5 | 중계율 0.28 | alpha 2.954 | step_limit
Ep 126 | 드론4 목적지80 | 1000스텝 | 배송 74/80 | 재적재 12 | 중계율 0.28 | alpha 2.955 | step_limit
Ep 127 | 드론4 목적지23 |  399스텝 | 배송 23/23 | 재적재  2 | 중계율 0.25 | alpha 2.969 | complete
Ep 128 | 드론3 목적지75 | 1000스텝 | 배송 55/75 | 재적재  9 | 중계율 0.26 | alpha 2.992 | step_limit
Ep 129 | 드론4 목적지31 |  662스텝 | 배송 31/31 | 재적재  5 | 중계율 0.40 | alpha 3.017 | complete
Ep 130 | 드론4 목적지26 |  355스텝 | 배송 26/26 | 재적재  3 | 중계율 0.14 | alpha 3.014 | complete
Ep 131 | 드론4 목적지57 |  786스텝 | 배송 57/57 | 재적재  9 | 중계율 0.24 | alpha 2.983 | complete
Ep 132 | 드론3 목적지51 | 1000스텝 | 배송 43/51 | 재적재  7 | 중계율 0.29 | alpha 2.965 | step_limit
Ep 133 | 드론4 목적지36 |  604스텝 | 배송 36/36 | 재적재  5 | 중계율 0.24 | alpha 2.948 | complete
Ep 134 | 드론4 목적지49 |  626스텝 | 배송 49/49 | 재적재  7 | 중계율 0.28 | alpha 2.929 | complete
Ep 135 | 드론3 목적지56 | 1000스텝 | 배송 49/56 | 재적재  8 | 중계율 0.27 | alpha 2.940 | step_limit
Ep 136 | 드론3 목적지38 |  904스텝 | 배송 38/38 | 재적재  7 | 중계율 0.22 | alpha 2.968 | complete
Ep 137 | 드론4 목적지37 |  447스텝 | 배송 37/37 | 재적재  5 | 중계율 0.19 | alpha 2.959 | complete
Ep 138 | 드론4 목적지68 |  990스텝 | 배송 68/68 | 재적재 11 | 중계율 0.29 | alpha 2.995 | complete
Ep 139 | 드론3 목적지63 | 1000스텝 | 배송 62/63 | 재적재 11 | 중계율 0.20 | alpha 2.984 | step_limit
Ep 140 | 드론4 목적지64 |  854스텝 | 배송 64/64 | 재적재 12 | 중계율 0.24 | alpha 2.969 | complete
Ep 141 | 드론3 목적지48 |  853스텝 | 배송 48/48 | 재적재  8 | 중계율 0.27 | alpha 2.984 | complete
Ep 142 | 드론4 목적지69 | 1000스텝 | 배송 68/69 | 재적재 13 | 중계율 0.23 | alpha 2.956 | step_limit
Ep 143 | 드론3 목적지58 |  954스텝 | 배송 58/58 | 재적재 10 | 중계율 0.27 | alpha 2.941 | complete
Ep 144 | 드론4 목적지55 |  843스텝 | 배송 55/55 | 재적재  9 | 중계율 0.32 | alpha 2.934 | complete
Ep 145 | 드론3 목적지39 |  819스텝 | 배송 39/39 | 재적재  6 | 중계율 0.29 | alpha 2.917 | complete
Ep 146 | 드론3 목적지60 |  855스텝 | 배송 60/60 | 재적재 11 | 중계율 0.16 | alpha 2.904 | complete
Ep 147 | 드론3 목적지44 |  989스텝 | 배송 44/44 | 재적재  8 | 중계율 0.24 | alpha 2.904 | complete
Ep 148 | 드론4 목적지50 | 1000스텝 | 배송 47/50 | 재적재  8 | 중계율 0.30 | alpha 2.897 | step_limit
Ep 149 | 드론3 목적지36 |  781스텝 | 배송 36/36 | 재적재  6 | 중계율 0.25 | alpha 2.931 | complete
Ep 150 | 드론4 목적지78 | 1000스텝 | 배송 71/78 | 재적재 13 | 중계율 0.29 | alpha 2.926 | step_limit
  [홀드아웃] 배송 49.9±0.9 완주 0.99 스텝 1018 점수 125.2 재적재 8.0 2홉+ 0.63 | 최고 126.4@ep100 정체 1/15
Ep 151 | 드론3 목적지64 | 1000스텝 | 배송 61/64 | 재적재 11 | 중계율 0.14 | alpha 2.952 | step_limit
Ep 152 | 드론4 목적지21 |  252스텝 | 배송 21/21 | 재적재  3 | 중계율 0.13 | alpha 2.946 | complete
Ep 153 | 드론4 목적지76 | 1000스텝 | 배송 60/76 | 재적재 11 | 중계율 0.24 | alpha 2.941 | step_limit
Ep 154 | 드론3 목적지40 |  843스텝 | 배송 40/40 | 재적재  6 | 중계율 0.26 | alpha 2.938 | complete
Ep 155 | 드론3 목적지64 | 1000스텝 | 배송 61/64 | 재적재 11 | 중계율 0.23 | alpha 2.905 | step_limit
Ep 156 | 드론4 목적지50 |  918스텝 | 배송 50/50 | 재적재  9 | 중계율 0.30 | alpha 2.896 | complete
Ep 157 | 드론3 목적지56 | 1000스텝 | 배송 54/56 | 재적재 10 | 중계율 0.23 | alpha 2.897 | step_limit
Ep 158 | 드론4 목적지67 | 1000스텝 | 배송 58/67 | 재적재  9 | 중계율 0.25 | alpha 2.917 | step_limit
Ep 159 | 드론4 목적지78 |  952스텝 | 배송 78/78 | 재적재 15 | 중계율 0.17 | alpha 2.931 | complete
Ep 160 | 드론4 목적지23 |  690스텝 | 배송 23/23 | 재적재  4 | 중계율 0.36 | alpha 2.925 | complete
Ep 161 | 드론4 목적지73 | 1000스텝 | 배송 62/73 | 재적재 10 | 중계율 0.28 | alpha 2.912 | step_limit
Ep 162 | 드론3 목적지49 | 1000스텝 | 배송 46/49 | 재적재  8 | 중계율 0.17 | alpha 2.890 | step_limit
Ep 163 | 드론4 목적지36 |  430스텝 | 배송 36/36 | 재적재  4 | 중계율 0.21 | alpha 2.885 | complete
Ep 164 | 드론4 목적지54 |  607스텝 | 배송 54/54 | 재적재  9 | 중계율 0.18 | alpha 2.863 | complete
Ep 165 | 드론4 목적지47 |  801스텝 | 배송 47/47 | 재적재  8 | 중계율 0.28 | alpha 2.859 | complete
Ep 166 | 드론4 목적지63 |  736스텝 | 배송 63/63 | 재적재 11 | 중계율 0.25 | alpha 2.844 | complete
Ep 167 | 드론4 목적지38 |  565스텝 | 배송 38/38 | 재적재  5 | 중계율 0.30 | alpha 2.828 | complete
Ep 168 | 드론4 목적지44 |  606스텝 | 배송 44/44 | 재적재  7 | 중계율 0.24 | alpha 2.831 | complete
Ep 169 | 드론4 목적지45 |  855스텝 | 배송 45/45 | 재적재  8 | 중계율 0.29 | alpha 2.804 | complete
Ep 170 | 드론3 목적지78 | 1000스텝 | 배송 70/78 | 재적재 12 | 중계율 0.20 | alpha 2.802 | step_limit
Ep 171 | 드론4 목적지34 |  970스텝 | 배송 34/34 | 재적재  6 | 중계율 0.33 | alpha 2.781 | complete
Ep 172 | 드론3 목적지48 | 1000스텝 | 배송 47/48 | 재적재  9 | 중계율 0.24 | alpha 2.767 | step_limit
Ep 173 | 드론3 목적지64 | 1000스텝 | 배송 53/64 | 재적재  9 | 중계율 0.31 | alpha 2.784 | step_limit
Ep 174 | 드론4 목적지38 |  564스텝 | 배송 38/38 | 재적재  6 | 중계율 0.21 | alpha 2.753 | complete
Ep 175 | 드론3 목적지56 | 1000스텝 | 배송 55/56 | 재적재  9 | 중계율 0.25 | alpha 2.737 | step_limit
Ep 176 | 드론3 목적지68 | 1000스텝 | 배송 52/68 | 재적재  9 | 중계율 0.31 | alpha 2.732 | step_limit
Ep 177 | 드론4 목적지74 |  921스텝 | 배송 74/74 | 재적재 14 | 중계율 0.27 | alpha 2.723 | complete
Ep 178 | 드론4 목적지37 |  584스텝 | 배송 37/37 | 재적재  6 | 중계율 0.28 | alpha 2.730 | complete
Ep 179 | 드론4 목적지48 |  726스텝 | 배송 48/48 | 재적재  8 | 중계율 0.28 | alpha 2.720 | complete
Ep 180 | 드론3 목적지61 | 1000스텝 | 배송 56/61 | 재적재  9 | 중계율 0.30 | alpha 2.682 | step_limit
Ep 181 | 드론3 목적지80 | 1000스텝 | 배송 55/80 | 재적재  8 | 중계율 0.25 | alpha 2.639 | step_limit
Ep 182 | 드론4 목적지31 |  600스텝 | 배송 31/31 | 재적재  4 | 중계율 0.34 | alpha 2.641 | complete
Ep 183 | 드론3 목적지53 | 1000스텝 | 배송 50/53 | 재적재  8 | 중계율 0.27 | alpha 2.652 | step_limit
Ep 184 | 드론3 목적지64 | 1000스텝 | 배송 55/64 | 재적재 10 | 중계율 0.30 | alpha 2.661 | step_limit
Ep 185 | 드론3 목적지49 |  933스텝 | 배송 49/49 | 재적재  8 | 중계율 0.17 | alpha 2.664 | complete
Ep 186 | 드론4 목적지47 |  823스텝 | 배송 47/47 | 재적재  7 | 중계율 0.32 | alpha 2.647 | complete
Ep 187 | 드론4 목적지59 | 1000스텝 | 배송 55/59 | 재적재 10 | 중계율 0.34 | alpha 2.621 | step_limit
Ep 188 | 드론3 목적지33 |  895스텝 | 배송 33/33 | 재적재  5 | 중계율 0.24 | alpha 2.614 | complete
Ep 189 | 드론4 목적지35 |  427스텝 | 배송 35/35 | 재적재  4 | 중계율 0.18 | alpha 2.610 | complete
Ep 190 | 드론3 목적지30 |  660스텝 | 배송 30/30 | 재적재  5 | 중계율 0.27 | alpha 2.592 | complete
Ep 191 | 드론3 목적지70 | 1000스텝 | 배송 61/70 | 재적재 11 | 중계율 0.23 | alpha 2.601 | step_limit
Ep 192 | 드론4 목적지36 |  461스텝 | 배송 36/36 | 재적재  5 | 중계율 0.22 | alpha 2.587 | complete
Ep 193 | 드론3 목적지54 | 1000스텝 | 배송 53/54 | 재적재  8 | 중계율 0.30 | alpha 2.550 | step_limit
Ep 194 | 드론3 목적지76 | 1000스텝 | 배송 54/76 | 재적재  9 | 중계율 0.24 | alpha 2.516 | step_limit
Ep 195 | 드론4 목적지74 | 1000스텝 | 배송 59/74 | 재적재 10 | 중계율 0.32 | alpha 2.548 | step_limit
Ep 196 | 드론4 목적지70 | 1000스텝 | 배송 59/70 | 재적재 10 | 중계율 0.30 | alpha 2.546 | step_limit
Ep 197 | 드론3 목적지34 |  853스텝 | 배송 34/34 | 재적재  6 | 중계율 0.25 | alpha 2.540 | complete
Ep 198 | 드론3 목적지33 | 1000스텝 | 배송 32/33 | 재적재  5 | 중계율 0.34 | alpha 2.523 | step_limit
Ep 199 | 드론4 목적지46 |  685스텝 | 배송 46/46 | 재적재  8 | 중계율 0.24 | alpha 2.515 | complete
Ep 200 | 드론4 목적지42 |  526스텝 | 배송 42/42 | 재적재  6 | 중계율 0.18 | alpha 2.504 | complete
  [홀드아웃] 배송 49.9±0.8 완주 0.97 스텝 1024 점수 123.8 재적재 8.2 2홉+ 0.62 | 최고 126.4@ep100 정체 2/15
Ep 201 | 드론4 목적지51 |  577스텝 | 배송 51/51 | 재적재  8 | 중계율 0.18 | alpha 2.486 | complete
Ep 202 | 드론4 목적지32 |  760스텝 | 배송 32/32 | 재적재  4 | 중계율 0.42 | alpha 2.474 | complete
Ep 203 | 드론4 목적지30 |  585스텝 | 배송 30/30 | 재적재  3 | 중계율 0.34 | alpha 2.467 | complete
Ep 204 | 드론4 목적지73 | 1000스텝 | 배송 62/73 | 재적재 12 | 중계율 0.27 | alpha 2.452 | step_limit
Ep 205 | 드론3 목적지44 |  889스텝 | 배송 44/44 | 재적재  7 | 중계율 0.29 | alpha 2.429 | complete
Ep 206 | 드론3 목적지26 |  733스텝 | 배송 26/26 | 재적재  4 | 중계율 0.30 | alpha 2.415 | complete
Ep 207 | 드론4 목적지40 |  816스텝 | 배송 40/40 | 재적재  7 | 중계율 0.28 | alpha 2.423 | complete
Ep 208 | 드론4 목적지35 |  589스텝 | 배송 35/35 | 재적재  6 | 중계율 0.30 | alpha 2.410 | complete
Ep 209 | 드론4 목적지75 | 1000스텝 | 배송 74/75 | 재적재 13 | 중계율 0.17 | alpha 2.415 | step_limit
Ep 210 | 드론4 목적지56 | 1000스텝 | 배송 49/56 | 재적재  8 | 중계율 0.28 | alpha 2.413 | step_limit
Ep 211 | 드론3 목적지26 |  678스텝 | 배송 26/26 | 재적재  3 | 중계율 0.25 | alpha 2.407 | complete
Ep 212 | 드론3 목적지58 |  996스텝 | 배송 58/58 | 재적재 10 | 중계율 0.22 | alpha 2.401 | complete
Ep 213 | 드론3 목적지44 |  927스텝 | 배송 44/44 | 재적재  8 | 중계율 0.30 | alpha 2.402 | complete
Ep 214 | 드론3 목적지56 |  994스텝 | 배송 56/56 | 재적재 11 | 중계율 0.25 | alpha 2.377 | complete
Ep 215 | 드론3 목적지64 | 1000스텝 | 배송 57/64 | 재적재 10 | 중계율 0.24 | alpha 2.330 | step_limit
Ep 216 | 드론4 목적지40 |  696스텝 | 배송 40/40 | 재적재  6 | 중계율 0.31 | alpha 2.313 | complete
Ep 217 | 드론4 목적지41 |  554스텝 | 배송 41/41 | 재적재  7 | 중계율 0.14 | alpha 2.322 | complete
Ep 218 | 드론3 목적지31 |  552스텝 | 배송 31/31 | 재적재  4 | 중계율 0.21 | alpha 2.312 | complete
Ep 219 | 드론3 목적지80 | 1000스텝 | 배송 66/80 | 재적재 12 | 중계율 0.22 | alpha 2.291 | step_limit
Ep 220 | 드론3 목적지53 |  973스텝 | 배송 53/53 | 재적재 10 | 중계율 0.30 | alpha 2.286 | complete
Ep 221 | 드론4 목적지72 | 1000스텝 | 배송 70/72 | 재적재 12 | 중계율 0.24 | alpha 2.316 | step_limit
Ep 222 | 드론3 목적지27 |  654스텝 | 배송 27/27 | 재적재  5 | 중계율 0.27 | alpha 2.309 | complete
Ep 223 | 드론4 목적지22 |  453스텝 | 배송 22/22 | 재적재  3 | 중계율 0.26 | alpha 2.306 | complete
Ep 224 | 드론3 목적지62 | 1000스텝 | 배송 50/62 | 재적재 10 | 중계율 0.26 | alpha 2.293 | step_limit
Ep 225 | 드론4 목적지58 | 1000스텝 | 배송 50/58 | 재적재  9 | 중계율 0.22 | alpha 2.309 | step_limit
Ep 226 | 드론4 목적지37 |  705스텝 | 배송 37/37 | 재적재  5 | 중계율 0.30 | alpha 2.321 | complete
Ep 227 | 드론3 목적지49 |  830스텝 | 배송 49/49 | 재적재  7 | 중계율 0.27 | alpha 2.349 | complete
Ep 228 | 드론4 목적지72 |  847스텝 | 배송 72/72 | 재적재 12 | 중계율 0.18 | alpha 2.345 | complete
Ep 229 | 드론3 목적지77 | 1000스텝 | 배송 61/77 | 재적재 10 | 중계율 0.28 | alpha 2.342 | step_limit
Ep 230 | 드론4 목적지53 | 1000스텝 | 배송 50/53 | 재적재  8 | 중계율 0.16 | alpha 2.339 | step_limit
Ep 231 | 드론4 목적지56 | 1000스텝 | 배송 46/56 | 재적재  8 | 중계율 0.37 | alpha 2.325 | step_limit
Ep 232 | 드론3 목적지28 |  647스텝 | 배송 28/28 | 재적재  4 | 중계율 0.32 | alpha 2.330 | complete
Ep 233 | 드론4 목적지40 |  991스텝 | 배송 40/40 | 재적재  7 | 중계율 0.38 | alpha 2.336 | complete
Ep 234 | 드론4 목적지29 |  658스텝 | 배송 29/29 | 재적재  4 | 중계율 0.26 | alpha 2.323 | complete
Ep 235 | 드론4 목적지69 | 1000스텝 | 배송 67/69 | 재적재 12 | 중계율 0.29 | alpha 2.300 | step_limit
Ep 236 | 드론3 목적지30 |  563스텝 | 배송 30/30 | 재적재  4 | 중계율 0.19 | alpha 2.310 | complete
Ep 237 | 드론4 목적지24 |  665스텝 | 배송 24/24 | 재적재  3 | 중계율 0.34 | alpha 2.278 | complete
Ep 238 | 드론4 목적지21 |  385스텝 | 배송 21/21 | 재적재  3 | 중계율 0.32 | alpha 2.275 | complete
Ep 239 | 드론4 목적지60 | 1000스텝 | 배송 57/60 | 재적재  8 | 중계율 0.35 | alpha 2.261 | step_limit
Ep 240 | 드론4 목적지58 |  779스텝 | 배송 58/58 | 재적재  9 | 중계율 0.27 | alpha 2.248 | complete
Ep 241 | 드론3 목적지26 |  429스텝 | 배송 26/26 | 재적재  4 | 중계율 0.17 | alpha 2.259 | complete
Ep 242 | 드론3 목적지43 |  980스텝 | 배송 43/43 | 재적재  6 | 중계율 0.29 | alpha 2.289 | complete
Ep 243 | 드론4 목적지55 |  960스텝 | 배송 55/55 | 재적재  8 | 중계율 0.28 | alpha 2.285 | complete
Ep 244 | 드론4 목적지48 |  523스텝 | 배송 48/48 | 재적재  7 | 중계율 0.22 | alpha 2.286 | complete
Ep 245 | 드론4 목적지67 |  949스텝 | 배송 67/67 | 재적재 13 | 중계율 0.28 | alpha 2.282 | complete
Ep 246 | 드론3 목적지65 | 1000스텝 | 배송 60/65 | 재적재  9 | 중계율 0.30 | alpha 2.266 | step_limit
Ep 247 | 드론4 목적지49 |  852스텝 | 배송 49/49 | 재적재  8 | 중계율 0.33 | alpha 2.250 | complete
Ep 248 | 드론3 목적지41 |  924스텝 | 배송 41/41 | 재적재  6 | 중계율 0.30 | alpha 2.230 | complete
Ep 249 | 드론4 목적지26 |  258스텝 | 배송 26/26 | 재적재  2 | 중계율 0.12 | alpha 2.220 | complete
Ep 250 | 드론4 목적지43 |  746스텝 | 배송 43/43 | 재적재  7 | 중계율 0.28 | alpha 2.184 | complete
  [홀드아웃] 배송 49.9±1.2 완주 0.99 스텝 968 점수 125.8 재적재 8.0 2홉+ 0.62 | 최고 126.4@ep100 정체 3/15
Ep 251 | 드론4 목적지71 |  903스텝 | 배송 71/71 | 재적재 12 | 중계율 0.27 | alpha 2.169 | complete
Ep 252 | 드론3 목적지48 | 1000스텝 | 배송 45/48 | 재적재  7 | 중계율 0.32 | alpha 2.168 | step_limit
Ep 253 | 드론3 목적지30 |  566스텝 | 배송 30/30 | 재적재  5 | 중계율 0.25 | alpha 2.155 | complete
Ep 254 | 드론4 목적지26 |  808스텝 | 배송 26/26 | 재적재  3 | 중계율 0.35 | alpha 2.159 | complete
Ep 255 | 드론4 목적지69 | 1000스텝 | 배송 61/69 | 재적재 11 | 중계율 0.25 | alpha 2.167 | step_limit
Ep 256 | 드론4 목적지33 |  839스텝 | 배송 33/33 | 재적재  6 | 중계율 0.41 | alpha 2.201 | complete
Ep 257 | 드론3 목적지55 | 1000스텝 | 배송 52/55 | 재적재 10 | 중계율 0.34 | alpha 2.225 | step_limit
Ep 258 | 드론4 목적지36 |  827스텝 | 배송 36/36 | 재적재  4 | 중계율 0.40 | alpha 2.213 | complete
Ep 259 | 드론3 목적지79 | 1000스텝 | 배송 65/79 | 재적재 11 | 중계율 0.25 | alpha 2.173 | step_limit
Ep 260 | 드론3 목적지41 |  782스텝 | 배송 41/41 | 재적재  7 | 중계율 0.26 | alpha 2.169 | complete
Ep 261 | 드론4 목적지21 |  532스텝 | 배송 21/21 | 재적재  2 | 중계율 0.37 | alpha 2.166 | complete
Ep 262 | 드론3 목적지43 | 1000스텝 | 배송 40/43 | 재적재  7 | 중계율 0.30 | alpha 2.158 | step_limit
Ep 263 | 드론4 목적지21 |  658스텝 | 배송 21/21 | 재적재  4 | 중계율 0.27 | alpha 2.154 | complete
Ep 264 | 드론4 목적지50 |  817스텝 | 배송 50/50 | 재적재  6 | 중계율 0.37 | alpha 2.125 | complete
Ep 265 | 드론3 목적지35 |  863스텝 | 배송 35/35 | 재적재  5 | 중계율 0.35 | alpha 2.111 | complete
Ep 266 | 드론3 목적지54 | 1000스텝 | 배송 50/54 | 재적재  8 | 중계율 0.25 | alpha 2.117 | step_limit
Ep 267 | 드론4 목적지46 |  521스텝 | 배송 46/46 | 재적재  8 | 중계율 0.14 | alpha 2.112 | complete
Ep 268 | 드론3 목적지33 |  539스텝 | 배송 33/33 | 재적재  4 | 중계율 0.22 | alpha 2.096 | complete
Ep 269 | 드론3 목적지42 |  819스텝 | 배송 42/42 | 재적재  8 | 중계율 0.24 | alpha 2.072 | complete
Ep 270 | 드론3 목적지45 |  771스텝 | 배송 45/45 | 재적재  8 | 중계율 0.25 | alpha 2.086 | complete
Ep 271 | 드론4 목적지37 |  663스텝 | 배송 37/37 | 재적재  5 | 중계율 0.28 | alpha 2.079 | complete
Ep 272 | 드론3 목적지47 |  842스텝 | 배송 47/47 | 재적재  7 | 중계율 0.24 | alpha 2.082 | complete
Ep 273 | 드론4 목적지76 | 1000스텝 | 배송 66/76 | 재적재 12 | 중계율 0.21 | alpha 2.085 | step_limit
Ep 274 | 드론4 목적지29 |  701스텝 | 배송 29/29 | 재적재  4 | 중계율 0.38 | alpha 2.092 | complete
Ep 275 | 드론3 목적지78 | 1000스텝 | 배송 65/78 | 재적재 11 | 중계율 0.31 | alpha 2.083 | step_limit
Ep 276 | 드론4 목적지49 |  897스텝 | 배송 49/49 | 재적재  8 | 중계율 0.24 | alpha 2.084 | complete
Ep 277 | 드론3 목적지67 | 1000스텝 | 배송 52/67 | 재적재 10 | 중계율 0.22 | alpha 2.071 | step_limit
Ep 278 | 드론3 목적지30 |  625스텝 | 배송 30/30 | 재적재  5 | 중계율 0.28 | alpha 2.056 | complete
Ep 279 | 드론4 목적지44 |  727스텝 | 배송 44/44 | 재적재  6 | 중계율 0.22 | alpha 2.033 | complete
Ep 280 | 드론3 목적지32 |  655스텝 | 배송 32/32 | 재적재  5 | 중계율 0.22 | alpha 2.031 | complete
Ep 281 | 드론3 목적지36 |  864스텝 | 배송 36/36 | 재적재  6 | 중계율 0.29 | alpha 2.028 | complete
Ep 282 | 드론3 목적지56 |  901스텝 | 배송 56/56 | 재적재 10 | 중계율 0.24 | alpha 2.002 | complete
Ep 283 | 드론3 목적지75 |  969스텝 | 배송 75/75 | 재적재 14 | 중계율 0.21 | alpha 1.988 | complete
Ep 284 | 드론4 목적지21 |  296스텝 | 배송 21/21 | 재적재  3 | 중계율 0.12 | alpha 1.979 | complete
Ep 285 | 드론4 목적지72 |  830스텝 | 배송 72/72 | 재적재 13 | 중계율 0.21 | alpha 1.974 | complete
Ep 286 | 드론4 목적지78 |  942스텝 | 배송 78/78 | 재적재 15 | 중계율 0.21 | alpha 2.003 | complete
Ep 287 | 드론3 목적지39 |  957스텝 | 배송 39/39 | 재적재  5 | 중계율 0.24 | alpha 2.030 | complete
Ep 288 | 드론3 목적지39 |  844스텝 | 배송 39/39 | 재적재  7 | 중계율 0.24 | alpha 2.021 | complete
Ep 289 | 드론3 목적지49 |  946스텝 | 배송 49/49 | 재적재  9 | 중계율 0.26 | alpha 2.001 | complete
Ep 290 | 드론3 목적지29 |  568스텝 | 배송 29/29 | 재적재  3 | 중계율 0.20 | alpha 1.991 | complete
Ep 291 | 드론4 목적지68 |  794스텝 | 배송 68/68 | 재적재 12 | 중계율 0.26 | alpha 1.996 | complete
Ep 292 | 드론3 목적지69 | 1000스텝 | 배송 58/69 | 재적재 11 | 중계율 0.18 | alpha 2.011 | step_limit
Ep 293 | 드론3 목적지38 |  792스텝 | 배송 38/38 | 재적재  5 | 중계율 0.27 | alpha 1.994 | complete
Ep 294 | 드론4 목적지41 |  871스텝 | 배송 41/41 | 재적재  6 | 중계율 0.32 | alpha 1.978 | complete
Ep 295 | 드론3 목적지35 |  764스텝 | 배송 35/35 | 재적재  6 | 중계율 0.27 | alpha 1.973 | complete
Ep 296 | 드론4 목적지49 |  593스텝 | 배송 49/49 | 재적재  8 | 중계율 0.18 | alpha 1.955 | complete
Ep 297 | 드론3 목적지78 | 1000스텝 | 배송 65/78 | 재적재 11 | 중계율 0.26 | alpha 1.958 | step_limit
Ep 298 | 드론3 목적지73 | 1000스텝 | 배송 69/73 | 재적재 12 | 중계율 0.25 | alpha 1.962 | step_limit
Ep 299 | 드론4 목적지75 |  801스텝 | 배송 75/75 | 재적재 13 | 중계율 0.23 | alpha 1.941 | complete
Ep 300 | 드론3 목적지39 |  784스텝 | 배송 39/39 | 재적재  6 | 중계율 0.26 | alpha 1.920 | complete
  [홀드아웃] 배송 49.9±0.7 완주 0.99 스텝 978 점수 125.7 재적재 8.0 2홉+ 0.62 | 최고 126.4@ep100 정체 4/15
Ep 301 | 드론3 목적지69 | 1000스텝 | 배송 65/69 | 재적재 11 | 중계율 0.26 | alpha 1.918 | step_limit
Ep 302 | 드론4 목적지60 |  983스텝 | 배송 60/60 | 재적재 10 | 중계율 0.32 | alpha 1.906 | complete
Ep 303 | 드론3 목적지74 | 1000스텝 | 배송 72/74 | 재적재 13 | 중계율 0.22 | alpha 1.908 | step_limit
Ep 304 | 드론3 목적지25 |  447스텝 | 배송 25/25 | 재적재  3 | 중계율 0.20 | alpha 1.904 | complete
Ep 305 | 드론3 목적지75 | 1000스텝 | 배송 65/75 | 재적재 11 | 중계율 0.29 | alpha 1.885 | step_limit
Ep 306 | 드론3 목적지29 |  588스텝 | 배송 29/29 | 재적재  5 | 중계율 0.22 | alpha 1.862 | complete
Ep 307 | 드론4 목적지29 |  433스텝 | 배송 29/29 | 재적재  4 | 중계율 0.20 | alpha 1.842 | complete
Ep 308 | 드론4 목적지35 |  570스텝 | 배송 35/35 | 재적재  5 | 중계율 0.15 | alpha 1.845 | complete
Ep 309 | 드론4 목적지37 |  906스텝 | 배송 37/37 | 재적재  5 | 중계율 0.39 | alpha 1.836 | complete
Ep 310 | 드론3 목적지74 | 1000스텝 | 배송 60/74 | 재적재 10 | 중계율 0.26 | alpha 1.839 | step_limit
Ep 311 | 드론4 목적지42 |  967스텝 | 배송 34/42 | 재적재  5 | 중계율 0.40 | alpha 1.825 | no_progress
Ep 312 | 드론4 목적지73 | 1000스텝 | 배송 60/73 | 재적재  8 | 중계율 0.35 | alpha 1.829 | step_limit
Ep 313 | 드론3 목적지34 |  830스텝 | 배송 34/34 | 재적재  6 | 중계율 0.33 | alpha 1.821 | complete
Ep 314 | 드론3 목적지26 |  666스텝 | 배송 26/26 | 재적재  4 | 중계율 0.28 | alpha 1.835 | complete
Ep 315 | 드론4 목적지20 |  391스텝 | 배송 20/20 | 재적재  3 | 중계율 0.31 | alpha 1.831 | complete
Ep 316 | 드론4 목적지24 |  549스텝 | 배송 24/24 | 재적재  3 | 중계율 0.18 | alpha 1.829 | complete
Ep 317 | 드론4 목적지23 |  519스텝 | 배송 23/23 | 재적재  3 | 중계율 0.30 | alpha 1.835 | complete
Ep 318 | 드론3 목적지45 |  905스텝 | 배송 45/45 | 재적재  7 | 중계율 0.31 | alpha 1.844 | complete
Ep 319 | 드론4 목적지52 |  947스텝 | 배송 52/52 | 재적재  7 | 중계율 0.30 | alpha 1.832 | complete
Ep 320 | 드론3 목적지25 |  466스텝 | 배송 25/25 | 재적재  3 | 중계율 0.18 | alpha 1.816 | complete
Ep 321 | 드론3 목적지34 |  686스텝 | 배송 34/34 | 재적재  5 | 중계율 0.29 | alpha 1.786 | complete
Ep 322 | 드론3 목적지33 |  721스텝 | 배송 33/33 | 재적재  4 | 중계율 0.24 | alpha 1.784 | complete
Ep 323 | 드론3 목적지35 |  861스텝 | 배송 35/35 | 재적재  5 | 중계율 0.34 | alpha 1.786 | complete
Ep 324 | 드론4 목적지70 |  896스텝 | 배송 70/70 | 재적재 13 | 중계율 0.23 | alpha 1.777 | complete
Ep 325 | 드론3 목적지43 |  626스텝 | 배송 43/43 | 재적재  7 | 중계율 0.19 | alpha 1.791 | complete
Ep 326 | 드론4 목적지42 |  787스텝 | 배송 42/42 | 재적재  6 | 중계율 0.39 | alpha 1.793 | complete
Ep 327 | 드론4 목적지62 |  850스텝 | 배송 62/62 | 재적재 11 | 중계율 0.23 | alpha 1.794 | complete
Ep 328 | 드론3 목적지53 |  914스텝 | 배송 53/53 | 재적재  9 | 중계율 0.26 | alpha 1.772 | complete
Ep 329 | 드론4 목적지31 |  571스텝 | 배송 31/31 | 재적재  5 | 중계율 0.35 | alpha 1.763 | complete
Ep 330 | 드론3 목적지65 | 1000스텝 | 배송 60/65 | 재적재 11 | 중계율 0.25 | alpha 1.745 | step_limit
Ep 331 | 드론3 목적지25 |  449스텝 | 배송 25/25 | 재적재  4 | 중계율 0.21 | alpha 1.723 | complete
Ep 332 | 드론3 목적지79 | 1000스텝 | 배송 57/79 | 재적재 11 | 중계율 0.23 | alpha 1.702 | step_limit
Ep 333 | 드론3 목적지37 |  925스텝 | 배송 37/37 | 재적재  6 | 중계율 0.36 | alpha 1.677 | complete
Ep 334 | 드론3 목적지72 | 1000스텝 | 배송 67/72 | 재적재 12 | 중계율 0.15 | alpha 1.696 | step_limit
Ep 335 | 드론3 목적지23 |  525스텝 | 배송 23/23 | 재적재  4 | 중계율 0.35 | alpha 1.679 | complete
Ep 336 | 드론3 목적지57 | 1000스텝 | 배송 55/57 | 재적재  9 | 중계율 0.32 | alpha 1.678 | step_limit
Ep 337 | 드론3 목적지76 | 1000스텝 | 배송 62/76 | 재적재 12 | 중계율 0.29 | alpha 1.659 | step_limit
Ep 338 | 드론3 목적지30 |  572스텝 | 배송 30/30 | 재적재  3 | 중계율 0.28 | alpha 1.667 | complete
Ep 339 | 드론4 목적지73 |  814스텝 | 배송 73/73 | 재적재 12 | 중계율 0.19 | alpha 1.668 | complete
Ep 340 | 드론4 목적지34 |  405스텝 | 배송 34/34 | 재적재  4 | 중계율 0.24 | alpha 1.656 | complete
Ep 341 | 드론4 목적지26 |  651스텝 | 배송 26/26 | 재적재  4 | 중계율 0.40 | alpha 1.644 | complete
Ep 342 | 드론3 목적지46 |  748스텝 | 배송 46/46 | 재적재  8 | 중계율 0.23 | alpha 1.632 | complete
Ep 343 | 드론3 목적지50 | 1000스텝 | 배송 46/50 | 재적재  8 | 중계율 0.30 | alpha 1.615 | step_limit
Ep 344 | 드론4 목적지28 |  419스텝 | 배송 28/28 | 재적재  4 | 중계율 0.23 | alpha 1.601 | complete
Ep 345 | 드론4 목적지61 | 1000스텝 | 배송 60/61 | 재적재  9 | 중계율 0.35 | alpha 1.588 | step_limit
Ep 346 | 드론3 목적지29 |  672스텝 | 배송 29/29 | 재적재  4 | 중계율 0.39 | alpha 1.598 | complete
Ep 347 | 드론3 목적지42 | 1000스텝 | 배송 33/42 | 재적재  5 | 중계율 0.31 | alpha 1.601 | step_limit
Ep 348 | 드론4 목적지53 |  689스텝 | 배송 53/53 | 재적재 10 | 중계율 0.19 | alpha 1.585 | complete
Ep 349 | 드론3 목적지62 | 1000스텝 | 배송 59/62 | 재적재  9 | 중계율 0.37 | alpha 1.569 | step_limit
Ep 350 | 드론3 목적지79 | 1000스텝 | 배송 65/79 | 재적재 10 | 중계율 0.24 | alpha 1.537 | step_limit
  [홀드아웃] 배송 49.8±1.8 완주 0.97 스텝 928 점수 125.1 재적재 7.8 2홉+ 0.62 | 최고 126.4@ep100 정체 5/15
Ep 351 | 드론4 목적지65 | 1000스텝 | 배송 62/65 | 재적재 12 | 중계율 0.30 | alpha 1.532 | step_limit
Ep 352 | 드론4 목적지36 |  580스텝 | 배송 36/36 | 재적재  6 | 중계율 0.26 | alpha 1.525 | complete
Ep 353 | 드론3 목적지62 |  949스텝 | 배송 62/62 | 재적재 10 | 중계율 0.21 | alpha 1.510 | complete
Ep 354 | 드론4 목적지35 |  370스텝 | 배송 35/35 | 재적재  5 | 중계율 0.17 | alpha 1.515 | complete
Ep 355 | 드론3 목적지24 |  601스텝 | 배송 24/24 | 재적재  3 | 중계율 0.27 | alpha 1.518 | complete
Ep 356 | 드론4 목적지62 | 1000스텝 | 배송 60/62 | 재적재  8 | 중계율 0.40 | alpha 1.486 | step_limit
Ep 357 | 드론3 목적지21 |  504스텝 | 배송 21/21 | 재적재  3 | 중계율 0.23 | alpha 1.480 | complete
Ep 358 | 드론4 목적지26 |  350스텝 | 배송 26/26 | 재적재  3 | 중계율 0.24 | alpha 1.485 | complete
Ep 359 | 드론3 목적지52 | 1000스텝 | 배송 50/52 | 재적재  9 | 중계율 0.30 | alpha 1.490 | step_limit
Ep 360 | 드론4 목적지52 |  666스텝 | 배송 52/52 | 재적재  8 | 중계율 0.30 | alpha 1.482 | complete
Ep 361 | 드론3 목적지40 | 1000스텝 | 배송 37/40 | 재적재  6 | 중계율 0.31 | alpha 1.481 | step_limit
Ep 362 | 드론4 목적지52 |  981스텝 | 배송 52/52 | 재적재 10 | 중계율 0.41 | alpha 1.501 | complete
Ep 363 | 드론4 목적지64 | 1000스텝 | 배송 54/64 | 재적재  9 | 중계율 0.37 | alpha 1.492 | step_limit
Ep 364 | 드론3 목적지64 | 1000스텝 | 배송 55/64 | 재적재  9 | 중계율 0.27 | alpha 1.473 | step_limit
Ep 365 | 드론4 목적지69 |  885스텝 | 배송 69/69 | 재적재 11 | 중계율 0.27 | alpha 1.440 | complete
Ep 366 | 드론4 목적지61 |  709스텝 | 배송 61/61 | 재적재 10 | 중계율 0.19 | alpha 1.436 | complete
Ep 367 | 드론3 목적지53 |  874스텝 | 배송 53/53 | 재적재  9 | 중계율 0.16 | alpha 1.433 | complete
Ep 368 | 드론4 목적지73 |  768스텝 | 배송 73/73 | 재적재 13 | 중계율 0.16 | alpha 1.421 | complete
Ep 369 | 드론4 목적지30 |  498스텝 | 배송 30/30 | 재적재  4 | 중계율 0.24 | alpha 1.419 | complete
Ep 370 | 드론3 목적지71 | 1000스텝 | 배송 65/71 | 재적재 11 | 중계율 0.21 | alpha 1.433 | step_limit
Ep 371 | 드론3 목적지54 | 1000스텝 | 배송 49/54 | 재적재  7 | 중계율 0.31 | alpha 1.423 | step_limit
Ep 372 | 드론4 목적지80 |  888스텝 | 배송 80/80 | 재적재 14 | 중계율 0.25 | alpha 1.416 | complete
Ep 373 | 드론3 목적지41 |  694스텝 | 배송 41/41 | 재적재  7 | 중계율 0.29 | alpha 1.411 | complete
Ep 374 | 드론3 목적지67 | 1000스텝 | 배송 64/67 | 재적재 12 | 중계율 0.25 | alpha 1.403 | step_limit
Ep 375 | 드론3 목적지62 | 1000스텝 | 배송 53/62 | 재적재  9 | 중계율 0.34 | alpha 1.401 | step_limit
Ep 376 | 드론4 목적지72 | 1000스텝 | 배송 62/72 | 재적재 11 | 중계율 0.27 | alpha 1.408 | step_limit
Ep 377 | 드론4 목적지63 | 1000스텝 | 배송 60/63 | 재적재 11 | 중계율 0.36 | alpha 1.405 | step_limit
Ep 378 | 드론4 목적지74 |  969스텝 | 배송 74/74 | 재적재 13 | 중계율 0.20 | alpha 1.399 | complete
Ep 379 | 드론3 목적지77 | 1000스텝 | 배송 65/77 | 재적재 12 | 중계율 0.25 | alpha 1.398 | step_limit
Ep 380 | 드론3 목적지73 | 1000스텝 | 배송 61/73 | 재적재 12 | 중계율 0.20 | alpha 1.390 | step_limit
Ep 381 | 드론4 목적지20 |  329스텝 | 배송 20/20 | 재적재  3 | 중계율 0.20 | alpha 1.392 | complete
Ep 382 | 드론3 목적지75 | 1000스텝 | 배송 64/75 | 재적재 12 | 중계율 0.28 | alpha 1.395 | step_limit
Ep 383 | 드론3 목적지52 |  994스텝 | 배송 52/52 | 재적재  8 | 중계율 0.30 | alpha 1.412 | complete
Ep 384 | 드론3 목적지77 | 1000스텝 | 배송 72/77 | 재적재 12 | 중계율 0.24 | alpha 1.387 | step_limit
Ep 385 | 드론3 목적지62 | 1000스텝 | 배송 53/62 | 재적재  9 | 중계율 0.36 | alpha 1.363 | step_limit
Ep 386 | 드론3 목적지80 | 1000스텝 | 배송 60/80 | 재적재 10 | 중계율 0.30 | alpha 1.362 | step_limit
Ep 387 | 드론3 목적지31 |  415스텝 | 배송 31/31 | 재적재  5 | 중계율 0.19 | alpha 1.359 | complete
Ep 388 | 드론3 목적지33 |  977스텝 | 배송 26/33 | 재적재  5 | 중계율 0.38 | alpha 1.357 | no_progress
Ep 389 | 드론4 목적지72 | 1000스텝 | 배송 66/72 | 재적재 11 | 중계율 0.31 | alpha 1.352 | step_limit
Ep 390 | 드론4 목적지71 |  928스텝 | 배송 71/71 | 재적재 13 | 중계율 0.23 | alpha 1.335 | complete
Ep 391 | 드론4 목적지50 |  777스텝 | 배송 50/50 | 재적재  8 | 중계율 0.20 | alpha 1.324 | complete
Ep 392 | 드론4 목적지71 |  666스텝 | 배송 71/71 | 재적재 13 | 중계율 0.18 | alpha 1.320 | complete
Ep 393 | 드론4 목적지21 |  484스텝 | 배송 21/21 | 재적재  2 | 중계율 0.39 | alpha 1.310 | complete
Ep 394 | 드론4 목적지60 | 1000스텝 | 배송 52/60 | 재적재  8 | 중계율 0.28 | alpha 1.312 | step_limit
Ep 395 | 드론4 목적지55 |  717스텝 | 배송 55/55 | 재적재  8 | 중계율 0.18 | alpha 1.311 | complete
Ep 396 | 드론4 목적지71 |  622스텝 | 배송 71/71 | 재적재 12 | 중계율 0.13 | alpha 1.295 | complete
Ep 397 | 드론3 목적지36 |  639스텝 | 배송 36/36 | 재적재  6 | 중계율 0.24 | alpha 1.285 | complete
Ep 398 | 드론3 목적지52 |  964스텝 | 배송 52/52 | 재적재  9 | 중계율 0.24 | alpha 1.267 | complete
Ep 399 | 드론3 목적지46 |  786스텝 | 배송 46/46 | 재적재  8 | 중계율 0.23 | alpha 1.245 | complete
Ep 400 | 드론3 목적지34 |  650스텝 | 배송 34/34 | 재적재  4 | 중계율 0.32 | alpha 1.233 | complete
  [홀드아웃] 배송 50.0±0.2 완주 0.97 스텝 878 점수 125.8 재적재 7.9 2홉+ 0.61 | 최고 126.4@ep100 정체 6/15
Ep 401 | 드론3 목적지38 |  798스텝 | 배송 38/38 | 재적재  5 | 중계율 0.36 | alpha 1.233 | complete
Ep 402 | 드론4 목적지36 |  659스텝 | 배송 36/36 | 재적재  6 | 중계율 0.28 | alpha 1.221 | complete
Ep 403 | 드론3 목적지73 | 1000스텝 | 배송 70/73 | 재적재 12 | 중계율 0.27 | alpha 1.227 | step_limit
Ep 404 | 드론4 목적지70 | 1000스텝 | 배송 68/70 | 재적재 13 | 중계율 0.32 | alpha 1.254 | step_limit
Ep 405 | 드론3 목적지25 |  446스텝 | 배송 25/25 | 재적재  4 | 중계율 0.33 | alpha 1.266 | complete
Ep 406 | 드론4 목적지58 | 1000스텝 | 배송 56/58 | 재적재  9 | 중계율 0.33 | alpha 1.286 | step_limit
Ep 407 | 드론4 목적지70 |  857스텝 | 배송 70/70 | 재적재 12 | 중계율 0.25 | alpha 1.288 | complete
Ep 408 | 드론3 목적지40 |  681스텝 | 배송 40/40 | 재적재  7 | 중계율 0.20 | alpha 1.291 | complete
Ep 409 | 드론3 목적지30 |  607스텝 | 배송 30/30 | 재적재  3 | 중계율 0.22 | alpha 1.292 | complete
Ep 410 | 드론3 목적지63 | 1000스텝 | 배송 58/63 | 재적재 11 | 중계율 0.24 | alpha 1.291 | step_limit
Ep 411 | 드론3 목적지48 | 1000스텝 | 배송 45/48 | 재적재  9 | 중계율 0.27 | alpha 1.277 | step_limit
Ep 412 | 드론4 목적지34 |  528스텝 | 배송 34/34 | 재적재  5 | 중계율 0.30 | alpha 1.269 | complete
Ep 413 | 드론3 목적지22 |  879스텝 | 배송 20/22 | 재적재  2 | 중계율 0.38 | alpha 1.269 | no_progress
Ep 414 | 드론3 목적지51 |  941스텝 | 배송 51/51 | 재적재 10 | 중계율 0.33 | alpha 1.268 | complete
Ep 415 | 드론4 목적지45 | 1000스텝 | 배송 38/45 | 재적재  7 | 중계율 0.33 | alpha 1.276 | step_limit
Ep 416 | 드론3 목적지60 | 1000스텝 | 배송 55/60 | 재적재  9 | 중계율 0.33 | alpha 1.269 | step_limit
Ep 417 | 드론3 목적지43 |  933스텝 | 배송 43/43 | 재적재  7 | 중계율 0.30 | alpha 1.270 | complete
Ep 418 | 드론4 목적지75 | 1000스텝 | 배송 70/75 | 재적재 12 | 중계율 0.31 | alpha 1.291 | step_limit
Ep 419 | 드론4 목적지60 | 1000스텝 | 배송 56/60 | 재적재  9 | 중계율 0.34 | alpha 1.298 | step_limit
Ep 420 | 드론3 목적지22 |  556스텝 | 배송 22/22 | 재적재  3 | 중계율 0.36 | alpha 1.299 | complete
Ep 421 | 드론4 목적지40 |  997스텝 | 배송 40/40 | 재적재  6 | 중계율 0.39 | alpha 1.301 | complete
Ep 422 | 드론4 목적지52 |  733스텝 | 배송 52/52 | 재적재  8 | 중계율 0.25 | alpha 1.293 | complete
Ep 423 | 드론3 목적지29 |  625스텝 | 배송 29/29 | 재적재  5 | 중계율 0.25 | alpha 1.290 | complete
Ep 424 | 드론3 목적지29 |  506스텝 | 배송 29/29 | 재적재  5 | 중계율 0.16 | alpha 1.295 | complete
Ep 425 | 드론3 목적지80 | 1000스텝 | 배송 65/80 | 재적재 10 | 중계율 0.29 | alpha 1.300 | step_limit
Ep 426 | 드론4 목적지78 |  842스텝 | 배송 78/78 | 재적재 15 | 중계율 0.19 | alpha 1.311 | complete
Ep 427 | 드론3 목적지46 |  870스텝 | 배송 46/46 | 재적재  8 | 중계율 0.28 | alpha 1.311 | complete
Ep 428 | 드론4 목적지72 |  799스텝 | 배송 72/72 | 재적재 13 | 중계율 0.24 | alpha 1.315 | complete
Ep 429 | 드론3 목적지72 | 1000스텝 | 배송 62/72 | 재적재 10 | 중계율 0.32 | alpha 1.311 | step_limit
Ep 430 | 드론3 목적지78 | 1000스텝 | 배송 71/78 | 재적재 12 | 중계율 0.26 | alpha 1.303 | step_limit
Ep 431 | 드론3 목적지23 |  571스텝 | 배송 23/23 | 재적재  3 | 중계율 0.33 | alpha 1.303 | complete
Ep 432 | 드론4 목적지41 |  453스텝 | 배송 41/41 | 재적재  6 | 중계율 0.17 | alpha 1.311 | complete
Ep 433 | 드론3 목적지66 | 1000스텝 | 배송 60/66 | 재적재 11 | 중계율 0.25 | alpha 1.319 | step_limit
Ep 434 | 드론4 목적지62 |  769스텝 | 배송 62/62 | 재적재 10 | 중계율 0.29 | alpha 1.327 | complete
Ep 435 | 드론3 목적지32 |  773스텝 | 배송 32/32 | 재적재  6 | 중계율 0.33 | alpha 1.330 | complete
Ep 436 | 드론4 목적지65 |  656스텝 | 배송 65/65 | 재적재 11 | 중계율 0.19 | alpha 1.328 | complete
Ep 437 | 드론4 목적지61 |  858스텝 | 배송 61/61 | 재적재 11 | 중계율 0.18 | alpha 1.336 | complete
Ep 438 | 드론3 목적지37 |  809스텝 | 배송 37/37 | 재적재  6 | 중계율 0.28 | alpha 1.349 | complete
Ep 439 | 드론4 목적지49 |  878스텝 | 배송 49/49 | 재적재  9 | 중계율 0.31 | alpha 1.351 | complete
Ep 440 | 드론3 목적지42 |  762스텝 | 배송 42/42 | 재적재  8 | 중계율 0.25 | alpha 1.366 | complete
Ep 441 | 드론3 목적지54 | 1000스텝 | 배송 49/54 | 재적재  8 | 중계율 0.30 | alpha 1.362 | step_limit
Ep 442 | 드론4 목적지41 |  601스텝 | 배송 41/41 | 재적재  7 | 중계율 0.23 | alpha 1.369 | complete
Ep 443 | 드론3 목적지61 | 1000스텝 | 배송 55/61 | 재적재 10 | 중계율 0.33 | alpha 1.371 | step_limit
Ep 444 | 드론3 목적지55 |  885스텝 | 배송 55/55 | 재적재 10 | 중계율 0.26 | alpha 1.361 | complete
Ep 445 | 드론3 목적지49 |  800스텝 | 배송 49/49 | 재적재  9 | 중계율 0.27 | alpha 1.332 | complete
Ep 446 | 드론4 목적지72 |  899스텝 | 배송 72/72 | 재적재 14 | 중계율 0.28 | alpha 1.317 | complete
Ep 447 | 드론4 목적지40 |  772스텝 | 배송 40/40 | 재적재  7 | 중계율 0.34 | alpha 1.305 | complete
Ep 448 | 드론3 목적지71 | 1000스텝 | 배송 58/71 | 재적재 10 | 중계율 0.32 | alpha 1.300 | step_limit
Ep 449 | 드론4 목적지26 |  539스텝 | 배송 26/26 | 재적재  4 | 중계율 0.32 | alpha 1.299 | complete
Ep 450 | 드론3 목적지56 | 1000스텝 | 배송 53/56 | 재적재 10 | 중계율 0.32 | alpha 1.311 | step_limit
  [홀드아웃] 배송 49.6±2.5 완주 0.95 스텝 901 점수 123.0 재적재 7.5 2홉+ 0.62 | 최고 126.4@ep100 정체 7/15
Ep 451 | 드론4 목적지51 |  840스텝 | 배송 51/51 | 재적재 10 | 중계율 0.34 | alpha 1.310 | complete
Ep 452 | 드론3 목적지34 |  795스텝 | 배송 27/34 | 재적재  3 | 중계율 0.30 | alpha 1.312 | no_progress
Ep 453 | 드론4 목적지47 |  720스텝 | 배송 47/47 | 재적재  9 | 중계율 0.26 | alpha 1.313 | complete
Ep 454 | 드론4 목적지70 |  954스텝 | 배송 70/70 | 재적재 11 | 중계율 0.35 | alpha 1.329 | complete
Ep 455 | 드론4 목적지44 |  794스텝 | 배송 44/44 | 재적재  7 | 중계율 0.37 | alpha 1.331 | complete
Ep 456 | 드론4 목적지49 |  620스텝 | 배송 49/49 | 재적재  9 | 중계율 0.19 | alpha 1.345 | complete
Ep 457 | 드론4 목적지56 | 1000스텝 | 배송 54/56 | 재적재 10 | 중계율 0.25 | alpha 1.342 | step_limit
Ep 458 | 드론4 목적지42 |  832스텝 | 배송 42/42 | 재적재  7 | 중계율 0.32 | alpha 1.341 | complete
Ep 459 | 드론3 목적지45 |  734스텝 | 배송 45/45 | 재적재  8 | 중계율 0.18 | alpha 1.343 | complete
Ep 460 | 드론4 목적지73 | 1000스텝 | 배송 72/73 | 재적재 13 | 중계율 0.25 | alpha 1.352 | step_limit
Ep 461 | 드론3 목적지30 |  576스텝 | 배송 30/30 | 재적재  5 | 중계율 0.30 | alpha 1.351 | complete
Ep 462 | 드론3 목적지64 | 1000스텝 | 배송 51/64 | 재적재 10 | 중계율 0.22 | alpha 1.366 | step_limit
Ep 463 | 드론3 목적지63 | 1000스텝 | 배송 55/63 | 재적재  8 | 중계율 0.35 | alpha 1.371 | step_limit
Ep 464 | 드론3 목적지68 | 1000스텝 | 배송 66/68 | 재적재 11 | 중계율 0.24 | alpha 1.365 | step_limit
Ep 465 | 드론4 목적지63 |  912스텝 | 배송 63/63 | 재적재 10 | 중계율 0.31 | alpha 1.385 | complete
Ep 466 | 드론4 목적지65 |  963스텝 | 배송 65/65 | 재적재 12 | 중계율 0.28 | alpha 1.379 | complete
Ep 467 | 드론4 목적지57 |  998스텝 | 배송 57/57 | 재적재 10 | 중계율 0.25 | alpha 1.379 | complete
Ep 468 | 드론3 목적지35 |  556스텝 | 배송 35/35 | 재적재  6 | 중계율 0.24 | alpha 1.374 | complete
Ep 469 | 드론3 목적지46 |  962스텝 | 배송 46/46 | 재적재  7 | 중계율 0.39 | alpha 1.371 | complete
Ep 470 | 드론4 목적지53 |  750스텝 | 배송 53/53 | 재적재  9 | 중계율 0.26 | alpha 1.365 | complete
Ep 471 | 드론4 목적지45 |  674스텝 | 배송 45/45 | 재적재  8 | 중계율 0.25 | alpha 1.358 | complete
Ep 472 | 드론3 목적지53 | 1000스텝 | 배송 50/53 | 재적재 10 | 중계율 0.32 | alpha 1.340 | step_limit
Ep 473 | 드론4 목적지71 |  892스텝 | 배송 71/71 | 재적재 12 | 중계율 0.26 | alpha 1.344 | complete
Ep 474 | 드론4 목적지25 |  493스텝 | 배송 25/25 | 재적재  3 | 중계율 0.36 | alpha 1.356 | complete
Ep 475 | 드론4 목적지40 |  750스텝 | 배송 40/40 | 재적재  5 | 중계율 0.30 | alpha 1.365 | complete
Ep 476 | 드론3 목적지33 |  823스텝 | 배송 33/33 | 재적재  5 | 중계율 0.29 | alpha 1.366 | complete
Ep 477 | 드론3 목적지21 |  491스텝 | 배송 21/21 | 재적재  2 | 중계율 0.20 | alpha 1.368 | complete
Ep 478 | 드론4 목적지22 |  439스텝 | 배송 22/22 | 재적재  3 | 중계율 0.30 | alpha 1.363 | complete
Ep 479 | 드론4 목적지41 |  923스텝 | 배송 41/41 | 재적재  6 | 중계율 0.40 | alpha 1.375 | complete
Ep 480 | 드론3 목적지57 | 1000스텝 | 배송 54/57 | 재적재  9 | 중계율 0.27 | alpha 1.396 | step_limit
Ep 481 | 드론3 목적지66 | 1000스텝 | 배송 60/66 | 재적재 10 | 중계율 0.25 | alpha 1.398 | step_limit
Ep 482 | 드론4 목적지76 |  986스텝 | 배송 76/76 | 재적재 14 | 중계율 0.28 | alpha 1.401 | complete
Ep 483 | 드론3 목적지28 |  415스텝 | 배송 28/28 | 재적재  3 | 중계율 0.24 | alpha 1.404 | complete
Ep 484 | 드론4 목적지35 |  392스텝 | 배송 35/35 | 재적재  5 | 중계율 0.19 | alpha 1.398 | complete
Ep 485 | 드론4 목적지44 |  725스텝 | 배송 44/44 | 재적재  6 | 중계율 0.35 | alpha 1.402 | complete
Ep 486 | 드론4 목적지75 |  706스텝 | 배송 75/75 | 재적재 13 | 중계율 0.16 | alpha 1.401 | complete
Ep 487 | 드론3 목적지75 | 1000스텝 | 배송 63/75 | 재적재 11 | 중계율 0.23 | alpha 1.406 | step_limit
Ep 488 | 드론4 목적지60 |  944스텝 | 배송 60/60 | 재적재 11 | 중계율 0.32 | alpha 1.397 | complete
Ep 489 | 드론3 목적지80 | 1000스텝 | 배송 66/80 | 재적재 12 | 중계율 0.22 | alpha 1.396 | step_limit
Ep 490 | 드론3 목적지30 |  603스텝 | 배송 30/30 | 재적재  4 | 중계율 0.23 | alpha 1.397 | complete
Ep 491 | 드론3 목적지59 | 1000스텝 | 배송 56/59 | 재적재 10 | 중계율 0.32 | alpha 1.392 | step_limit
Ep 492 | 드론3 목적지74 | 1000스텝 | 배송 55/74 | 재적재  9 | 중계율 0.30 | alpha 1.395 | step_limit
Ep 493 | 드론3 목적지47 |  846스텝 | 배송 47/47 | 재적재  8 | 중계율 0.30 | alpha 1.395 | complete
Ep 494 | 드론3 목적지52 |  981스텝 | 배송 52/52 | 재적재  9 | 중계율 0.29 | alpha 1.378 | complete
Ep 495 | 드론3 목적지54 | 1000스텝 | 배송 42/54 | 재적재  8 | 중계율 0.34 | alpha 1.368 | step_limit
Ep 496 | 드론4 목적지56 |  929스텝 | 배송 56/56 | 재적재 10 | 중계율 0.33 | alpha 1.370 | complete
Ep 497 | 드론4 목적지73 | 1000스텝 | 배송 64/73 | 재적재 10 | 중계율 0.34 | alpha 1.377 | step_limit
Ep 498 | 드론3 목적지22 |  368스텝 | 배송 22/22 | 재적재  2 | 중계율 0.19 | alpha 1.393 | complete
Ep 499 | 드론4 목적지55 |  974스텝 | 배송 55/55 | 재적재  9 | 중계율 0.34 | alpha 1.401 | complete
Ep 500 | 드론3 목적지55 |  969스텝 | 배송 55/55 | 재적재  9 | 중계율 0.32 | alpha 1.410 | complete
  [홀드아웃] 배송 49.1±3.5 완주 0.93 스텝 895 점수 120.6 재적재 7.6 2홉+ 0.62 | 최고 126.4@ep100 정체 8/15
Ep 501 | 드론4 목적지25 |  327스텝 | 배송 25/25 | 재적재  3 | 중계율 0.17 | alpha 1.401 | complete
Ep 502 | 드론3 목적지53 | 1000스텝 | 배송 50/53 | 재적재  9 | 중계율 0.36 | alpha 1.394 | step_limit
Ep 503 | 드론4 목적지73 |  866스텝 | 배송 73/73 | 재적재 12 | 중계율 0.30 | alpha 1.391 | complete
Ep 504 | 드론3 목적지60 |  946스텝 | 배송 39/60 | 재적재  7 | 중계율 0.27 | alpha 1.405 | no_progress
Ep 505 | 드론3 목적지72 | 1000스텝 | 배송 65/72 | 재적재 10 | 중계율 0.29 | alpha 1.394 | step_limit
Ep 506 | 드론3 목적지76 | 1000스텝 | 배송 69/76 | 재적재 11 | 중계율 0.29 | alpha 1.385 | step_limit
Ep 507 | 드론4 목적지79 | 1000스텝 | 배송 78/79 | 재적재 15 | 중계율 0.24 | alpha 1.389 | step_limit
Ep 508 | 드론4 목적지38 |  606스텝 | 배송 38/38 | 재적재  5 | 중계율 0.35 | alpha 1.379 | complete
Ep 509 | 드론3 목적지52 |  790스텝 | 배송 52/52 | 재적재  9 | 중계율 0.25 | alpha 1.375 | complete
Ep 510 | 드론3 목적지42 |  829스텝 | 배송 42/42 | 재적재  7 | 중계율 0.27 | alpha 1.366 | complete
Ep 511 | 드론3 목적지21 |  407스텝 | 배송 21/21 | 재적재  3 | 중계율 0.30 | alpha 1.373 | complete
Ep 512 | 드론3 목적지23 |  722스텝 | 배송 23/23 | 재적재  4 | 중계율 0.30 | alpha 1.383 | complete
Ep 513 | 드론3 목적지66 | 1000스텝 | 배송 59/66 | 재적재 11 | 중계율 0.26 | alpha 1.390 | step_limit
Ep 514 | 드론3 목적지38 |  742스텝 | 배송 38/38 | 재적재  5 | 중계율 0.29 | alpha 1.382 | complete
Ep 515 | 드론4 목적지23 |  417스텝 | 배송 23/23 | 재적재  2 | 중계율 0.40 | alpha 1.394 | complete
Ep 516 | 드론4 목적지34 |  491스텝 | 배송 34/34 | 재적재  5 | 중계율 0.32 | alpha 1.405 | complete
Ep 517 | 드론3 목적지73 | 1000스텝 | 배송 60/73 | 재적재 12 | 중계율 0.29 | alpha 1.411 | step_limit
Ep 518 | 드론4 목적지43 |  660스텝 | 배송 43/43 | 재적재  6 | 중계율 0.24 | alpha 1.407 | complete
Ep 519 | 드론3 목적지65 | 1000스텝 | 배송 58/65 | 재적재 11 | 중계율 0.29 | alpha 1.423 | step_limit
Ep 520 | 드론4 목적지55 |  806스텝 | 배송 55/55 | 재적재  9 | 중계율 0.32 | alpha 1.421 | complete
Ep 521 | 드론3 목적지62 | 1000스텝 | 배송 56/62 | 재적재  9 | 중계율 0.30 | alpha 1.420 | step_limit
Ep 522 | 드론4 목적지37 |  591스텝 | 배송 37/37 | 재적재  5 | 중계율 0.31 | alpha 1.433 | complete
Ep 523 | 드론4 목적지66 |  755스텝 | 배송 66/66 | 재적재 11 | 중계율 0.23 | alpha 1.424 | complete
Ep 524 | 드론3 목적지57 |  945스텝 | 배송 57/57 | 재적재 10 | 중계율 0.23 | alpha 1.395 | complete
Ep 525 | 드론3 목적지39 |  669스텝 | 배송 39/39 | 재적재  6 | 중계율 0.21 | alpha 1.380 | complete
Ep 526 | 드론4 목적지73 | 1000스텝 | 배송 68/73 | 재적재 12 | 중계율 0.26 | alpha 1.378 | step_limit
Ep 527 | 드론4 목적지58 |  773스텝 | 배송 58/58 | 재적재  9 | 중계율 0.26 | alpha 1.367 | complete
Ep 528 | 드론4 목적지46 |  584스텝 | 배송 46/46 | 재적재  7 | 중계율 0.21 | alpha 1.372 | complete
Ep 529 | 드론4 목적지20 |  253스텝 | 배송 20/20 | 재적재  2 | 중계율 0.22 | alpha 1.371 | complete
Ep 530 | 드론4 목적지72 | 1000스텝 | 배송 69/72 | 재적재 11 | 중계율 0.31 | alpha 1.397 | step_limit
Ep 531 | 드론3 목적지21 |  419스텝 | 배송 21/21 | 재적재  3 | 중계율 0.27 | alpha 1.401 | complete
Ep 532 | 드론4 목적지32 |  504스텝 | 배송 32/32 | 재적재  3 | 중계율 0.37 | alpha 1.405 | complete
Ep 533 | 드론3 목적지79 | 1000스텝 | 배송 58/79 | 재적재  9 | 중계율 0.27 | alpha 1.407 | step_limit
Ep 534 | 드론4 목적지56 |  963스텝 | 배송 56/56 | 재적재  9 | 중계율 0.34 | alpha 1.387 | complete
Ep 535 | 드론3 목적지68 | 1000스텝 | 배송 59/68 | 재적재  9 | 중계율 0.30 | alpha 1.376 | step_limit
Ep 536 | 드론4 목적지57 | 1000스텝 | 배송 54/57 | 재적재 10 | 중계율 0.33 | alpha 1.370 | step_limit
Ep 537 | 드론3 목적지49 |  969스텝 | 배송 49/49 | 재적재  9 | 중계율 0.34 | alpha 1.396 | complete
Ep 538 | 드론3 목적지38 |  871스텝 | 배송 38/38 | 재적재  6 | 중계율 0.33 | alpha 1.403 | complete
Ep 539 | 드론4 목적지79 | 1000스텝 | 배송 76/79 | 재적재 12 | 중계율 0.27 | alpha 1.398 | step_limit
Ep 540 | 드론4 목적지70 |  924스텝 | 배송 70/70 | 재적재 12 | 중계율 0.22 | alpha 1.396 | complete
Ep 541 | 드론4 목적지77 | 1000스텝 | 배송 73/77 | 재적재 13 | 중계율 0.21 | alpha 1.406 | step_limit
Ep 542 | 드론4 목적지53 |  743스텝 | 배송 53/53 | 재적재  9 | 중계율 0.28 | alpha 1.404 | complete
Ep 543 | 드론3 목적지49 |  957스텝 | 배송 49/49 | 재적재  9 | 중계율 0.30 | alpha 1.410 | complete
Ep 544 | 드론4 목적지68 |  926스텝 | 배송 68/68 | 재적재 12 | 중계율 0.29 | alpha 1.408 | complete
Ep 545 | 드론4 목적지56 | 1000스텝 | 배송 54/56 | 재적재  9 | 중계율 0.34 | alpha 1.404 | step_limit
Ep 546 | 드론4 목적지75 | 1000스텝 | 배송 70/75 | 재적재 13 | 중계율 0.21 | alpha 1.390 | step_limit
Ep 547 | 드론3 목적지71 | 1000스텝 | 배송 58/71 | 재적재 11 | 중계율 0.34 | alpha 1.379 | step_limit
Ep 548 | 드론3 목적지80 | 1000스텝 | 배송 75/80 | 재적재 13 | 중계율 0.22 | alpha 1.403 | step_limit
Ep 549 | 드론4 목적지38 |  501스텝 | 배송 38/38 | 재적재  6 | 중계율 0.23 | alpha 1.422 | complete
Ep 550 | 드론4 목적지49 |  576스텝 | 배송 49/49 | 재적재  7 | 중계율 0.22 | alpha 1.426 | complete
  [홀드아웃] 배송 50.0±0.1 완주 0.99 스텝 890 점수 126.9 재적재 7.8 2홉+ 0.61 | 최고 126.9@ep550 정체 0/15  ← 갱신
Ep 551 | 드론3 목적지56 | 1000스텝 | 배송 54/56 | 재적재  9 | 중계율 0.28 | alpha 1.445 | step_limit
Ep 552 | 드론4 목적지27 |  540스텝 | 배송 27/27 | 재적재  4 | 중계율 0.35 | alpha 1.447 | complete
Ep 553 | 드론3 목적지46 |  696스텝 | 배송 46/46 | 재적재  7 | 중계율 0.22 | alpha 1.437 | complete
Ep 554 | 드론4 목적지72 |  958스텝 | 배송 72/72 | 재적재 14 | 중계율 0.21 | alpha 1.445 | complete
Ep 555 | 드론3 목적지68 | 1000스텝 | 배송 60/68 | 재적재 10 | 중계율 0.34 | alpha 1.409 | step_limit
Ep 556 | 드론3 목적지30 |  655스텝 | 배송 30/30 | 재적재  4 | 중계율 0.32 | alpha 1.417 | complete
Ep 557 | 드론3 목적지46 |  757스텝 | 배송 46/46 | 재적재  8 | 중계율 0.23 | alpha 1.406 | complete
Ep 558 | 드론4 목적지66 | 1000스텝 | 배송 63/66 | 재적재  9 | 중계율 0.41 | alpha 1.400 | step_limit
Ep 559 | 드론4 목적지78 | 1000스텝 | 배송 72/78 | 재적재 13 | 중계율 0.32 | alpha 1.404 | step_limit
Ep 560 | 드론3 목적지22 |  414스텝 | 배송 22/22 | 재적재  2 | 중계율 0.26 | alpha 1.408 | complete
Ep 561 | 드론3 목적지29 |  473스텝 | 배송 29/29 | 재적재  4 | 중계율 0.16 | alpha 1.420 | complete
Ep 562 | 드론4 목적지71 |  849스텝 | 배송 71/71 | 재적재 13 | 중계율 0.17 | alpha 1.415 | complete
Ep 563 | 드론4 목적지61 | 1000스텝 | 배송 59/61 | 재적재 10 | 중계율 0.33 | alpha 1.428 | step_limit
Ep 564 | 드론4 목적지44 |  553스텝 | 배송 44/44 | 재적재  7 | 중계율 0.20 | alpha 1.448 | complete
Ep 565 | 드론4 목적지21 |  502스텝 | 배송 21/21 | 재적재  3 | 중계율 0.33 | alpha 1.462 | complete
Ep 566 | 드론4 목적지23 |  369스텝 | 배송 23/23 | 재적재  4 | 중계율 0.18 | alpha 1.472 | complete
Ep 567 | 드론4 목적지57 |  866스텝 | 배송 57/57 | 재적재 11 | 중계율 0.20 | alpha 1.476 | complete
Ep 568 | 드론4 목적지23 |  417스텝 | 배송 23/23 | 재적재  2 | 중계율 0.33 | alpha 1.466 | complete
Ep 569 | 드론4 목적지79 | 1000스텝 | 배송 51/79 | 재적재  8 | 중계율 0.33 | alpha 1.477 | step_limit
Ep 570 | 드론4 목적지70 | 1000스텝 | 배송 67/70 | 재적재 11 | 중계율 0.26 | alpha 1.471 | step_limit
Ep 571 | 드론4 목적지78 |  941스텝 | 배송 78/78 | 재적재 14 | 중계율 0.16 | alpha 1.492 | complete
Ep 572 | 드론4 목적지70 |  768스텝 | 배송 70/70 | 재적재 11 | 중계율 0.26 | alpha 1.470 | complete
Ep 573 | 드론3 목적지77 | 1000스텝 | 배송 64/77 | 재적재 12 | 중계율 0.25 | alpha 1.453 | step_limit
Ep 574 | 드론4 목적지34 |  509스텝 | 배송 34/34 | 재적재  4 | 중계율 0.28 | alpha 1.437 | complete
Ep 575 | 드론3 목적지21 |  442스텝 | 배송 21/21 | 재적재  3 | 중계율 0.26 | alpha 1.436 | complete
Ep 576 | 드론3 목적지39 |  696스텝 | 배송 39/39 | 재적재  6 | 중계율 0.23 | alpha 1.423 | complete
Ep 577 | 드론4 목적지53 |  857스텝 | 배송 53/53 | 재적재  9 | 중계율 0.30 | alpha 1.425 | complete
Ep 578 | 드론4 목적지29 |  569스텝 | 배송 29/29 | 재적재  5 | 중계율 0.26 | alpha 1.404 | complete
Ep 579 | 드론3 목적지67 | 1000스텝 | 배송 67/67 | 재적재 13 | 중계율 0.26 | alpha 1.414 | complete
Ep 580 | 드론4 목적지39 |  821스텝 | 배송 39/39 | 재적재  7 | 중계율 0.32 | alpha 1.422 | complete
Ep 581 | 드론3 목적지25 |  798스텝 | 배송 13/25 | 재적재  1 | 중계율 0.42 | alpha 1.415 | no_progress
Ep 582 | 드론3 목적지27 |  527스텝 | 배송 27/27 | 재적재  4 | 중계율 0.28 | alpha 1.421 | complete
Ep 583 | 드론3 목적지67 | 1000스텝 | 배송 53/67 | 재적재  9 | 중계율 0.27 | alpha 1.416 | step_limit
Ep 584 | 드론4 목적지70 | 1000스텝 | 배송 66/70 | 재적재 12 | 중계율 0.24 | alpha 1.400 | step_limit
Ep 585 | 드론3 목적지50 |  933스텝 | 배송 50/50 | 재적재  9 | 중계율 0.30 | alpha 1.392 | complete
Ep 586 | 드론3 목적지55 | 1000스텝 | 배송 54/55 | 재적재 10 | 중계율 0.35 | alpha 1.417 | step_limit
Ep 587 | 드론4 목적지46 |  758스텝 | 배송 46/46 | 재적재  8 | 중계율 0.30 | alpha 1.427 | complete
Ep 588 | 드론3 목적지39 |  782스텝 | 배송 39/39 | 재적재  6 | 중계율 0.35 | alpha 1.429 | complete
Ep 589 | 드론4 목적지48 |  777스텝 | 배송 48/48 | 재적재  9 | 중계율 0.32 | alpha 1.410 | complete
Ep 590 | 드론3 목적지55 |  883스텝 | 배송 55/55 | 재적재 10 | 중계율 0.29 | alpha 1.410 | complete
Ep 591 | 드론3 목적지70 | 1000스텝 | 배송 61/70 | 재적재 12 | 중계율 0.28 | alpha 1.408 | step_limit
Ep 592 | 드론3 목적지45 |  885스텝 | 배송 27/45 | 재적재  5 | 중계율 0.31 | alpha 1.425 | no_progress
Ep 593 | 드론3 목적지27 |  547스텝 | 배송 27/27 | 재적재  4 | 중계율 0.22 | alpha 1.425 | complete
Ep 594 | 드론3 목적지77 | 1000스텝 | 배송 60/77 | 재적재  9 | 중계율 0.31 | alpha 1.435 | step_limit
Ep 595 | 드론4 목적지64 | 1000스텝 | 배송 62/64 | 재적재 11 | 중계율 0.33 | alpha 1.427 | step_limit
Ep 596 | 드론3 목적지66 | 1000스텝 | 배송 55/66 | 재적재 10 | 중계율 0.28 | alpha 1.455 | step_limit
Ep 597 | 드론4 목적지31 |  653스텝 | 배송 31/31 | 재적재  3 | 중계율 0.41 | alpha 1.460 | complete
Ep 598 | 드론4 목적지64 | 1000스텝 | 배송 60/64 | 재적재 11 | 중계율 0.36 | alpha 1.461 | step_limit
Ep 599 | 드론3 목적지39 | 1000스텝 | 배송 38/39 | 재적재  6 | 중계율 0.37 | alpha 1.448 | step_limit
Ep 600 | 드론4 목적지80 | 1000스텝 | 배송 79/80 | 재적재 14 | 중계율 0.28 | alpha 1.433 | step_limit
  [홀드아웃] 배송 49.9±0.6 완주 0.97 스텝 903 점수 125.5 재적재 7.9 2홉+ 0.61 | 최고 126.9@ep550 정체 1/15
Ep 601 | 드론3 목적지28 |  676스텝 | 배송 28/28 | 재적재  5 | 중계율 0.32 | alpha 1.443 | complete
Ep 602 | 드론3 목적지78 | 1000스텝 | 배송 70/78 | 재적재 12 | 중계율 0.23 | alpha 1.445 | step_limit
Ep 603 | 드론3 목적지64 | 1000스텝 | 배송 58/64 | 재적재 10 | 중계율 0.33 | alpha 1.454 | step_limit
Ep 604 | 드론4 목적지68 |  830스텝 | 배송 68/68 | 재적재 12 | 중계율 0.23 | alpha 1.464 | complete
Ep 605 | 드론4 목적지55 |  929스텝 | 배송 55/55 | 재적재  9 | 중계율 0.34 | alpha 1.450 | complete
Ep 606 | 드론4 목적지69 |  751스텝 | 배송 69/69 | 재적재 11 | 중계율 0.18 | alpha 1.454 | complete
Ep 607 | 드론3 목적지31 | 1000스텝 | 배송 30/31 | 재적재  5 | 중계율 0.34 | alpha 1.455 | step_limit
Ep 608 | 드론3 목적지59 | 1000스텝 | 배송 56/59 | 재적재 11 | 중계율 0.31 | alpha 1.432 | step_limit
Ep 609 | 드론4 목적지56 | 1000스텝 | 배송 50/56 | 재적재  9 | 중계율 0.34 | alpha 1.424 | step_limit
Ep 610 | 드론3 목적지59 | 1000스텝 | 배송 51/59 | 재적재  9 | 중계율 0.33 | alpha 1.450 | step_limit
Ep 611 | 드론3 목적지21 |  364스텝 | 배송 21/21 | 재적재  3 | 중계율 0.19 | alpha 1.454 | complete
Ep 612 | 드론3 목적지27 |  584스텝 | 배송 27/27 | 재적재  5 | 중계율 0.27 | alpha 1.465 | complete
Ep 613 | 드론3 목적지80 | 1000스텝 | 배송 70/80 | 재적재 14 | 중계율 0.22 | alpha 1.448 | step_limit
Ep 614 | 드론3 목적지54 | 1000스텝 | 배송 44/54 | 재적재  8 | 중계율 0.31 | alpha 1.438 | step_limit
Ep 615 | 드론3 목적지56 | 1000스텝 | 배송 51/56 | 재적재 10 | 중계율 0.23 | alpha 1.432 | step_limit
Ep 616 | 드론4 목적지71 | 1000스텝 | 배송 59/71 | 재적재  9 | 중계율 0.39 | alpha 1.425 | step_limit
Ep 617 | 드론3 목적지67 | 1000스텝 | 배송 55/67 | 재적재  9 | 중계율 0.27 | alpha 1.415 | step_limit
Ep 618 | 드론3 목적지52 | 1000스텝 | 배송 50/52 | 재적재  8 | 중계율 0.32 | alpha 1.407 | step_limit
Ep 619 | 드론4 목적지54 |  721스텝 | 배송 54/54 | 재적재 10 | 중계율 0.16 | alpha 1.431 | complete
Ep 620 | 드론4 목적지66 |  817스텝 | 배송 66/66 | 재적재 10 | 중계율 0.26 | alpha 1.426 | complete
Ep 621 | 드론3 목적지46 |  772스텝 | 배송 46/46 | 재적재  8 | 중계율 0.22 | alpha 1.424 | complete
Ep 622 | 드론3 목적지28 |  593스텝 | 배송 28/28 | 재적재  4 | 중계율 0.34 | alpha 1.429 | complete
Ep 623 | 드론4 목적지44 |  652스텝 | 배송 44/44 | 재적재  8 | 중계율 0.23 | alpha 1.432 | complete
Ep 624 | 드론3 목적지42 |  651스텝 | 배송 42/42 | 재적재  8 | 중계율 0.18 | alpha 1.444 | complete
Ep 625 | 드론3 목적지37 |  868스텝 | 배송 37/37 | 재적재  7 | 중계율 0.24 | alpha 1.457 | complete
Ep 626 | 드론3 목적지68 | 1000스텝 | 배송 62/68 | 재적재 11 | 중계율 0.29 | alpha 1.449 | step_limit
Ep 627 | 드론4 목적지27 |  285스텝 | 배송 27/27 | 재적재  3 | 중계율 0.18 | alpha 1.443 | complete
Ep 628 | 드론4 목적지38 |  517스텝 | 배송 38/38 | 재적재  6 | 중계율 0.18 | alpha 1.449 | complete
Ep 629 | 드론4 목적지57 |  662스텝 | 배송 57/57 | 재적재 10 | 중계율 0.21 | alpha 1.454 | complete
Ep 630 | 드론3 목적지73 | 1000스텝 | 배송 64/73 | 재적재 12 | 중계율 0.27 | alpha 1.453 | step_limit
Ep 631 | 드론3 목적지58 | 1000스텝 | 배송 55/58 | 재적재 11 | 중계율 0.32 | alpha 1.435 | step_limit
Ep 632 | 드론4 목적지36 |  507스텝 | 배송 36/36 | 재적재  5 | 중계율 0.15 | alpha 1.431 | complete
Ep 633 | 드론3 목적지46 |  820스텝 | 배송 46/46 | 재적재  7 | 중계율 0.34 | alpha 1.457 | complete
Ep 634 | 드론3 목적지25 |  462스텝 | 배송 25/25 | 재적재  3 | 중계율 0.19 | alpha 1.452 | complete
Ep 635 | 드론3 목적지39 |  769스텝 | 배송 39/39 | 재적재  7 | 중계율 0.30 | alpha 1.468 | complete
Ep 636 | 드론4 목적지28 |  476스텝 | 배송 28/28 | 재적재  4 | 중계율 0.16 | alpha 1.459 | complete
Ep 637 | 드론4 목적지39 |  733스텝 | 배송 39/39 | 재적재  7 | 중계율 0.24 | alpha 1.481 | complete
Ep 638 | 드론3 목적지46 | 1000스텝 | 배송 44/46 | 재적재  8 | 중계율 0.39 | alpha 1.482 | step_limit
Ep 639 | 드론4 목적지21 |  358스텝 | 배송 21/21 | 재적재  2 | 중계율 0.36 | alpha 1.470 | complete
Ep 640 | 드론3 목적지55 | 1000스텝 | 배송 51/55 | 재적재  9 | 중계율 0.37 | alpha 1.477 | step_limit
Ep 641 | 드론3 목적지74 | 1000스텝 | 배송 61/74 | 재적재 12 | 중계율 0.31 | alpha 1.462 | step_limit
Ep 642 | 드론3 목적지24 |  429스텝 | 배송 24/24 | 재적재  3 | 중계율 0.19 | alpha 1.455 | complete
Ep 643 | 드론4 목적지57 |  882스텝 | 배송 57/57 | 재적재 11 | 중계율 0.31 | alpha 1.447 | complete
Ep 644 | 드론3 목적지45 | 1000스텝 | 배송 42/45 | 재적재  8 | 중계율 0.34 | alpha 1.469 | step_limit
Ep 645 | 드론3 목적지48 |  731스텝 | 배송 48/48 | 재적재  8 | 중계율 0.24 | alpha 1.464 | complete
Ep 646 | 드론3 목적지25 |  545스텝 | 배송 25/25 | 재적재  3 | 중계율 0.42 | alpha 1.460 | complete
Ep 647 | 드론3 목적지26 |  669스텝 | 배송 26/26 | 재적재  4 | 중계율 0.33 | alpha 1.447 | complete
Ep 648 | 드론3 목적지48 |  814스텝 | 배송 48/48 | 재적재  8 | 중계율 0.26 | alpha 1.443 | complete
Ep 649 | 드론4 목적지69 |  963스텝 | 배송 69/69 | 재적재 13 | 중계율 0.28 | alpha 1.460 | complete
Ep 650 | 드론3 목적지64 | 1000스텝 | 배송 57/64 | 재적재 11 | 중계율 0.25 | alpha 1.461 | step_limit
  [홀드아웃] 배송 49.6±2.0 완주 0.96 스텝 901 점수 124.2 재적재 7.6 2홉+ 0.61 | 최고 126.9@ep550 정체 2/15
Ep 651 | 드론4 목적지77 | 1000스텝 | 배송 66/77 | 재적재 12 | 중계율 0.34 | alpha 1.456 | step_limit
Ep 652 | 드론3 목적지32 |  769스텝 | 배송 32/32 | 재적재  4 | 중계율 0.33 | alpha 1.465 | complete
Ep 653 | 드론3 목적지77 | 1000스텝 | 배송 65/77 | 재적재 10 | 중계율 0.25 | alpha 1.474 | step_limit
Ep 654 | 드론4 목적지21 |  459스텝 | 배송 21/21 | 재적재  3 | 중계율 0.31 | alpha 1.483 | complete
Ep 655 | 드론3 목적지28 |  554스텝 | 배송 28/28 | 재적재  5 | 중계율 0.27 | alpha 1.490 | complete
Ep 656 | 드론3 목적지50 |  887스텝 | 배송 50/50 | 재적재  8 | 중계율 0.30 | alpha 1.483 | complete
Ep 657 | 드론4 목적지62 |  609스텝 | 배송 62/62 | 재적재 11 | 중계율 0.18 | alpha 1.478 | complete
Ep 658 | 드론3 목적지50 |  917스텝 | 배송 50/50 | 재적재  8 | 중계율 0.33 | alpha 1.471 | complete
Ep 659 | 드론4 목적지39 |  473스텝 | 배송 39/39 | 재적재  6 | 중계율 0.20 | alpha 1.475 | complete
Ep 660 | 드론4 목적지65 |  844스텝 | 배송 65/65 | 재적재 12 | 중계율 0.23 | alpha 1.468 | complete
Ep 661 | 드론4 목적지20 |  303스텝 | 배송 20/20 | 재적재  2 | 중계율 0.21 | alpha 1.464 | complete
Ep 662 | 드론4 목적지46 |  683스텝 | 배송 46/46 | 재적재  8 | 중계율 0.28 | alpha 1.490 | complete
Ep 663 | 드론3 목적지78 | 1000스텝 | 배송 56/78 | 재적재 10 | 중계율 0.24 | alpha 1.484 | step_limit
Ep 664 | 드론3 목적지28 |  480스텝 | 배송 28/28 | 재적재  3 | 중계율 0.30 | alpha 1.482 | complete
Ep 665 | 드론3 목적지25 |  530스텝 | 배송 25/25 | 재적재  3 | 중계율 0.37 | alpha 1.484 | complete
Ep 666 | 드론4 목적지74 | 1000스텝 | 배송 73/74 | 재적재 13 | 중계율 0.27 | alpha 1.490 | step_limit
Ep 667 | 드론3 목적지50 |  725스텝 | 배송 50/50 | 재적재  8 | 중계율 0.25 | alpha 1.478 | complete
Ep 668 | 드론4 목적지80 | 1000스텝 | 배송 77/80 | 재적재 14 | 중계율 0.26 | alpha 1.476 | step_limit
Ep 669 | 드론4 목적지53 |  613스텝 | 배송 53/53 | 재적재 10 | 중계율 0.22 | alpha 1.474 | complete
Ep 670 | 드론3 목적지68 | 1000스텝 | 배송 59/68 | 재적재  9 | 중계율 0.31 | alpha 1.470 | step_limit
Ep 671 | 드론3 목적지60 | 1000스텝 | 배송 52/60 | 재적재 10 | 중계율 0.32 | alpha 1.480 | step_limit
Ep 672 | 드론3 목적지50 |  975스텝 | 배송 50/50 | 재적재  9 | 중계율 0.26 | alpha 1.482 | complete
Ep 673 | 드론4 목적지54 |  824스텝 | 배송 54/54 | 재적재  8 | 중계율 0.33 | alpha 1.506 | complete
Ep 674 | 드론4 목적지73 |  962스텝 | 배송 73/73 | 재적재 13 | 중계율 0.26 | alpha 1.506 | complete
Ep 675 | 드론3 목적지74 |  984스텝 | 배송 74/74 | 재적재 13 | 중계율 0.18 | alpha 1.507 | complete
Ep 676 | 드론3 목적지46 |  895스텝 | 배송 46/46 | 재적재  8 | 중계율 0.35 | alpha 1.517 | complete
Ep 677 | 드론3 목적지79 | 1000스텝 | 배송 70/79 | 재적재 12 | 중계율 0.29 | alpha 1.522 | step_limit
Ep 678 | 드론4 목적지41 | 1000스텝 | 배송 38/41 | 재적재  7 | 중계율 0.37 | alpha 1.508 | step_limit
Ep 679 | 드론4 목적지58 |  809스텝 | 배송 58/58 | 재적재  9 | 중계율 0.31 | alpha 1.520 | complete
Ep 680 | 드론3 목적지31 |  519스텝 | 배송 31/31 | 재적재  5 | 중계율 0.21 | alpha 1.528 | complete
Ep 681 | 드론4 목적지65 |  929스텝 | 배송 65/65 | 재적재 10 | 중계율 0.34 | alpha 1.516 | complete
Ep 682 | 드론3 목적지72 | 1000스텝 | 배송 65/72 | 재적재 11 | 중계율 0.29 | alpha 1.524 | step_limit
Ep 683 | 드론4 목적지52 |  903스텝 | 배송 52/52 | 재적재 10 | 중계율 0.35 | alpha 1.515 | complete
Ep 684 | 드론3 목적지40 |  898스텝 | 배송 40/40 | 재적재  7 | 중계율 0.30 | alpha 1.501 | complete
Ep 685 | 드론3 목적지74 | 1000스텝 | 배송 61/74 | 재적재 11 | 중계율 0.29 | alpha 1.467 | step_limit
Ep 686 | 드론4 목적지58 |  719스텝 | 배송 58/58 | 재적재  9 | 중계율 0.22 | alpha 1.460 | complete
Ep 687 | 드론3 목적지46 |  906스텝 | 배송 46/46 | 재적재  9 | 중계율 0.33 | alpha 1.463 | complete
Ep 688 | 드론4 목적지33 |  453스텝 | 배송 33/33 | 재적재  5 | 중계율 0.24 | alpha 1.460 | complete
Ep 689 | 드론4 목적지80 | 1000스텝 | 배송 73/80 | 재적재 13 | 중계율 0.31 | alpha 1.458 | step_limit
Ep 690 | 드론3 목적지26 |  538스텝 | 배송 26/26 | 재적재  4 | 중계율 0.24 | alpha 1.464 | complete
Ep 691 | 드론3 목적지40 |  916스텝 | 배송 40/40 | 재적재  5 | 중계율 0.30 | alpha 1.443 | complete
Ep 692 | 드론3 목적지49 |  884스텝 | 배송 49/49 | 재적재  8 | 중계율 0.25 | alpha 1.452 | complete
Ep 693 | 드론4 목적지56 |  814스텝 | 배송 56/56 | 재적재  9 | 중계율 0.31 | alpha 1.455 | complete
Ep 694 | 드론3 목적지69 |  998스텝 | 배송 69/69 | 재적재 11 | 중계율 0.23 | alpha 1.447 | complete
Ep 695 | 드론4 목적지32 |  407스텝 | 배송 32/32 | 재적재  4 | 중계율 0.25 | alpha 1.461 | complete
Ep 696 | 드론3 목적지48 |  982스텝 | 배송 48/48 | 재적재  9 | 중계율 0.33 | alpha 1.447 | complete
Ep 697 | 드론3 목적지58 | 1000스텝 | 배송 56/58 | 재적재 10 | 중계율 0.28 | alpha 1.468 | step_limit
Ep 698 | 드론4 목적지65 |  957스텝 | 배송 65/65 | 재적재 11 | 중계율 0.33 | alpha 1.456 | complete
Ep 699 | 드론4 목적지44 |  852스텝 | 배송 44/44 | 재적재  7 | 중계율 0.42 | alpha 1.454 | complete
Ep 700 | 드론4 목적지40 |  917스텝 | 배송 40/40 | 재적재  6 | 중계율 0.37 | alpha 1.465 | complete
  [홀드아웃] 배송 49.7±1.6 완주 0.96 스텝 911 점수 124.1 재적재 7.8 2홉+ 0.61 | 최고 126.9@ep550 정체 3/15
Ep 701 | 드론4 목적지26 |  763스텝 | 배송 26/26 | 재적재  4 | 중계율 0.33 | alpha 1.478 | complete
Ep 702 | 드론3 목적지66 | 1000스텝 | 배송 56/66 | 재적재 10 | 중계율 0.21 | alpha 1.462 | step_limit
Ep 703 | 드론3 목적지25 |  640스텝 | 배송 25/25 | 재적재  3 | 중계율 0.36 | alpha 1.461 | complete
Ep 704 | 드론4 목적지35 |  450스텝 | 배송 35/35 | 재적재  4 | 중계율 0.24 | alpha 1.449 | complete
Ep 705 | 드론3 목적지24 |  429스텝 | 배송 24/24 | 재적재  4 | 중계율 0.25 | alpha 1.451 | complete
Ep 706 | 드론3 목적지64 |  867스텝 | 배송 64/64 | 재적재 12 | 중계율 0.23 | alpha 1.443 | complete
Ep 707 | 드론3 목적지24 |  444스텝 | 배송 24/24 | 재적재  4 | 중계율 0.18 | alpha 1.443 | complete
Ep 708 | 드론4 목적지68 | 1000스텝 | 배송 64/68 | 재적재 11 | 중계율 0.22 | alpha 1.434 | step_limit
Ep 709 | 드론3 목적지57 | 1000스텝 | 배송 55/57 | 재적재  9 | 중계율 0.35 | alpha 1.437 | step_limit
Ep 710 | 드론4 목적지78 | 1000스텝 | 배송 74/78 | 재적재 13 | 중계율 0.23 | alpha 1.443 | step_limit
Ep 711 | 드론4 목적지34 |  545스텝 | 배송 34/34 | 재적재  4 | 중계율 0.28 | alpha 1.455 | complete
Ep 712 | 드론3 목적지21 |  342스텝 | 배송 21/21 | 재적재  3 | 중계율 0.20 | alpha 1.469 | complete
Ep 713 | 드론3 목적지63 | 1000스텝 | 배송 59/63 | 재적재 10 | 중계율 0.38 | alpha 1.460 | step_limit
Ep 714 | 드론3 목적지64 |  917스텝 | 배송 64/64 | 재적재 12 | 중계율 0.22 | alpha 1.462 | complete
Ep 715 | 드론4 목적지43 |  441스텝 | 배송 43/43 | 재적재  6 | 중계율 0.17 | alpha 1.466 | complete
Ep 716 | 드론3 목적지39 |  662스텝 | 배송 39/39 | 재적재  5 | 중계율 0.29 | alpha 1.469 | complete
Ep 717 | 드론3 목적지67 | 1000스텝 | 배송 64/67 | 재적재 12 | 중계율 0.22 | alpha 1.492 | step_limit
Ep 718 | 드론4 목적지68 | 1000스텝 | 배송 64/68 | 재적재 11 | 중계율 0.28 | alpha 1.530 | step_limit
Ep 719 | 드론4 목적지67 | 1000스텝 | 배송 58/67 | 재적재 10 | 중계율 0.32 | alpha 1.522 | step_limit
Ep 720 | 드론3 목적지49 |  616스텝 | 배송 49/49 | 재적재  9 | 중계율 0.14 | alpha 1.546 | complete
Ep 721 | 드론3 목적지29 |  465스텝 | 배송 29/29 | 재적재  3 | 중계율 0.24 | alpha 1.544 | complete
Ep 722 | 드론4 목적지59 |  857스텝 | 배송 59/59 | 재적재 10 | 중계율 0.28 | alpha 1.522 | complete
Ep 723 | 드론4 목적지70 |  873스텝 | 배송 70/70 | 재적재 12 | 중계율 0.17 | alpha 1.527 | complete
Ep 724 | 드론3 목적지69 | 1000스텝 | 배송 53/69 | 재적재 10 | 중계율 0.25 | alpha 1.528 | step_limit
Ep 725 | 드론3 목적지62 | 1000스텝 | 배송 54/62 | 재적재  8 | 중계율 0.38 | alpha 1.518 | step_limit
Ep 726 | 드론4 목적지56 |  781스텝 | 배송 56/56 | 재적재 10 | 중계율 0.26 | alpha 1.539 | complete
Ep 727 | 드론3 목적지57 |  880스텝 | 배송 57/57 | 재적재 10 | 중계율 0.20 | alpha 1.527 | complete
Ep 728 | 드론4 목적지43 | 1000스텝 | 배송 42/43 | 재적재  7 | 중계율 0.42 | alpha 1.533 | step_limit
Ep 729 | 드론4 목적지77 |  953스텝 | 배송 77/77 | 재적재 13 | 중계율 0.21 | alpha 1.515 | complete
Ep 730 | 드론3 목적지27 |  461스텝 | 배송 27/27 | 재적재  4 | 중계율 0.22 | alpha 1.522 | complete
Ep 731 | 드론3 목적지80 | 1000스텝 | 배송 70/80 | 재적재 12 | 중계율 0.25 | alpha 1.539 | step_limit
Ep 732 | 드론3 목적지80 | 1000스텝 | 배송 62/80 | 재적재 10 | 중계율 0.22 | alpha 1.532 | step_limit
Ep 733 | 드론4 목적지64 | 1000스텝 | 배송 63/64 | 재적재 10 | 중계율 0.25 | alpha 1.528 | step_limit
Ep 734 | 드론3 목적지38 |  490스텝 | 배송 38/38 | 재적재  6 | 중계율 0.15 | alpha 1.523 | complete
Ep 735 | 드론4 목적지63 |  917스텝 | 배송 63/63 | 재적재 12 | 중계율 0.25 | alpha 1.535 | complete
Ep 736 | 드론3 목적지52 |  993스텝 | 배송 52/52 | 재적재  9 | 중계율 0.31 | alpha 1.500 | complete
Ep 737 | 드론3 목적지41 |  817스텝 | 배송 41/41 | 재적재  7 | 중계율 0.28 | alpha 1.488 | complete
Ep 738 | 드론4 목적지49 |  661스텝 | 배송 49/49 | 재적재  9 | 중계율 0.23 | alpha 1.503 | complete
Ep 739 | 드론3 목적지27 |  615스텝 | 배송 27/27 | 재적재  4 | 중계율 0.30 | alpha 1.530 | complete
Ep 740 | 드론3 목적지32 |  651스텝 | 배송 32/32 | 재적재  5 | 중계율 0.34 | alpha 1.552 | complete
Ep 741 | 드론3 목적지25 |  503스텝 | 배송 25/25 | 재적재  2 | 중계율 0.25 | alpha 1.558 | complete
Ep 742 | 드론3 목적지48 |  882스텝 | 배송 48/48 | 재적재  8 | 중계율 0.28 | alpha 1.555 | complete
Ep 743 | 드론4 목적지54 |  666스텝 | 배송 54/54 | 재적재  9 | 중계율 0.19 | alpha 1.532 | complete
Ep 744 | 드론4 목적지24 |  379스텝 | 배송 24/24 | 재적재  3 | 중계율 0.30 | alpha 1.540 | complete
Ep 745 | 드론4 목적지37 |  486스텝 | 배송 37/37 | 재적재  6 | 중계율 0.22 | alpha 1.538 | complete
Ep 746 | 드론3 목적지50 | 1000스텝 | 배송 48/50 | 재적재  8 | 중계율 0.37 | alpha 1.546 | step_limit
Ep 747 | 드론3 목적지78 | 1000스텝 | 배송 61/78 | 재적재 11 | 중계율 0.31 | alpha 1.548 | step_limit
Ep 748 | 드론3 목적지33 |  637스텝 | 배송 33/33 | 재적재  5 | 중계율 0.27 | alpha 1.535 | complete
Ep 749 | 드론3 목적지20 |  439스텝 | 배송 20/20 | 재적재  3 | 중계율 0.32 | alpha 1.541 | complete
Ep 750 | 드론4 목적지80 | 1000스텝 | 배송 75/80 | 재적재 14 | 중계율 0.21 | alpha 1.519 | step_limit
  [홀드아웃] 배송 49.6±2.0 완주 0.94 스텝 917 점수 121.5 재적재 7.9 2홉+ 0.62 | 최고 126.9@ep550 정체 4/15
Ep 751 | 드론4 목적지29 |  405스텝 | 배송 29/29 | 재적재  5 | 중계율 0.26 | alpha 1.509 | complete
Ep 752 | 드론4 목적지21 |  382스텝 | 배송 21/21 | 재적재  1 | 중계율 0.34 | alpha 1.506 | complete
Ep 753 | 드론4 목적지21 |  351스텝 | 배송 21/21 | 재적재  3 | 중계율 0.22 | alpha 1.513 | complete
Ep 754 | 드론4 목적지39 |  572스텝 | 배송 39/39 | 재적재  6 | 중계율 0.26 | alpha 1.515 | complete
Ep 755 | 드론3 목적지68 | 1000스텝 | 배송 59/68 | 재적재 11 | 중계율 0.30 | alpha 1.481 | step_limit
Ep 756 | 드론3 목적지80 | 1000스텝 | 배송 58/80 | 재적재 11 | 중계율 0.21 | alpha 1.472 | step_limit
Ep 757 | 드론4 목적지62 |  860스텝 | 배송 62/62 | 재적재 11 | 중계율 0.18 | alpha 1.478 | complete
Ep 758 | 드론4 목적지36 |  742스텝 | 배송 36/36 | 재적재  6 | 중계율 0.39 | alpha 1.478 | complete
Ep 759 | 드론4 목적지46 | 1000스텝 | 배송 40/46 | 재적재  7 | 중계율 0.38 | alpha 1.504 | step_limit
Ep 760 | 드론3 목적지23 |  504스텝 | 배송 23/23 | 재적재  3 | 중계율 0.30 | alpha 1.519 | complete
Ep 761 | 드론4 목적지36 |  388스텝 | 배송 36/36 | 재적재  6 | 중계율 0.14 | alpha 1.534 | complete
Ep 762 | 드론3 목적지66 | 1000스텝 | 배송 65/66 | 재적재 12 | 중계율 0.22 | alpha 1.549 | step_limit
Ep 763 | 드론3 목적지24 |  482스텝 | 배송 24/24 | 재적재  3 | 중계율 0.24 | alpha 1.530 | complete
Ep 764 | 드론3 목적지27 |  473스텝 | 배송 27/27 | 재적재  3 | 중계율 0.17 | alpha 1.526 | complete
Ep 765 | 드론4 목적지43 |  610스텝 | 배송 43/43 | 재적재  7 | 중계율 0.21 | alpha 1.530 | complete
Ep 766 | 드론3 목적지25 |  486스텝 | 배송 25/25 | 재적재  3 | 중계율 0.34 | alpha 1.533 | complete
Ep 767 | 드론3 목적지65 | 1000스텝 | 배송 56/65 | 재적재  9 | 중계율 0.30 | alpha 1.538 | step_limit
Ep 768 | 드론3 목적지50 | 1000스텝 | 배송 47/50 | 재적재  7 | 중계율 0.22 | alpha 1.537 | step_limit
Ep 769 | 드론4 목적지40 |  491스텝 | 배송 40/40 | 재적재  6 | 중계율 0.27 | alpha 1.528 | complete
Ep 770 | 드론4 목적지58 |  996스텝 | 배송 58/58 | 재적재 10 | 중계율 0.36 | alpha 1.540 | complete
Ep 771 | 드론3 목적지28 |  667스텝 | 배송 28/28 | 재적재  5 | 중계율 0.34 | alpha 1.574 | complete
Ep 772 | 드론4 목적지53 |  580스텝 | 배송 53/53 | 재적재  9 | 중계율 0.20 | alpha 1.587 | complete
Ep 773 | 드론3 목적지60 | 1000스텝 | 배송 55/60 | 재적재  9 | 중계율 0.29 | alpha 1.595 | step_limit
Ep 774 | 드론3 목적지60 | 1000스텝 | 배송 45/60 | 재적재  7 | 중계율 0.38 | alpha 1.607 | step_limit
Ep 775 | 드론3 목적지62 | 1000스텝 | 배송 56/62 | 재적재 11 | 중계율 0.25 | alpha 1.600 | step_limit
Ep 776 | 드론3 목적지47 |  847스텝 | 배송 47/47 | 재적재  8 | 중계율 0.31 | alpha 1.605 | complete
Ep 777 | 드론3 목적지77 | 1000스텝 | 배송 76/77 | 재적재 13 | 중계율 0.22 | alpha 1.597 | step_limit
Ep 778 | 드론3 목적지29 |  811스텝 | 배송 29/29 | 재적재  5 | 중계율 0.33 | alpha 1.603 | complete
Ep 779 | 드론3 목적지79 | 1000스텝 | 배송 60/79 | 재적재 12 | 중계율 0.29 | alpha 1.592 | step_limit
Ep 780 | 드론4 목적지50 |  882스텝 | 배송 50/50 | 재적재  8 | 중계율 0.34 | alpha 1.580 | complete
Ep 781 | 드론3 목적지53 | 1000스텝 | 배송 50/53 | 재적재  7 | 중계율 0.37 | alpha 1.581 | step_limit
Ep 782 | 드론3 목적지35 |  677스텝 | 배송 35/35 | 재적재  4 | 중계율 0.36 | alpha 1.597 | complete
Ep 783 | 드론4 목적지55 |  648스텝 | 배송 55/55 | 재적재  9 | 중계율 0.22 | alpha 1.601 | complete
Ep 784 | 드론3 목적지53 |  995스텝 | 배송 53/53 | 재적재  9 | 중계율 0.26 | alpha 1.592 | complete
Ep 785 | 드론4 목적지56 |  869스텝 | 배송 56/56 | 재적재  8 | 중계율 0.39 | alpha 1.599 | complete
Ep 786 | 드론3 목적지73 | 1000스텝 | 배송 65/73 | 재적재 11 | 중계율 0.32 | alpha 1.601 | step_limit
Ep 787 | 드론4 목적지70 | 1000스텝 | 배송 65/70 | 재적재 11 | 중계율 0.25 | alpha 1.608 | step_limit
Ep 788 | 드론3 목적지31 |  504스텝 | 배송 31/31 | 재적재  5 | 중계율 0.26 | alpha 1.619 | complete
Ep 789 | 드론3 목적지40 |  738스텝 | 배송 40/40 | 재적재  6 | 중계율 0.29 | alpha 1.620 | complete
Ep 790 | 드론4 목적지29 |  609스텝 | 배송 29/29 | 재적재  5 | 중계율 0.39 | alpha 1.620 | complete
Ep 791 | 드론4 목적지38 |  605스텝 | 배송 38/38 | 재적재  6 | 중계율 0.25 | alpha 1.614 | complete
Ep 792 | 드론4 목적지77 |  993스텝 | 배송 77/77 | 재적재 14 | 중계율 0.26 | alpha 1.610 | complete
Ep 793 | 드론3 목적지71 | 1000스텝 | 배송 65/71 | 재적재 11 | 중계율 0.27 | alpha 1.586 | step_limit
Ep 794 | 드론3 목적지33 |  559스텝 | 배송 33/33 | 재적재  5 | 중계율 0.25 | alpha 1.584 | complete
Ep 795 | 드론3 목적지76 | 1000스텝 | 배송 60/76 | 재적재 11 | 중계율 0.33 | alpha 1.596 | step_limit
Ep 796 | 드론3 목적지65 | 1000스텝 | 배송 55/65 | 재적재 10 | 중계율 0.30 | alpha 1.625 | step_limit
Ep 797 | 드론4 목적지72 |  929스텝 | 배송 72/72 | 재적재 13 | 중계율 0.27 | alpha 1.603 | complete
Ep 798 | 드론4 목적지54 |  896스텝 | 배송 54/54 | 재적재  7 | 중계율 0.35 | alpha 1.587 | complete
Ep 799 | 드론3 목적지35 |  700스텝 | 배송 35/35 | 재적재  5 | 중계율 0.32 | alpha 1.580 | complete
Ep 800 | 드론3 목적지78 | 1000스텝 | 배송 64/78 | 재적재 11 | 중계율 0.31 | alpha 1.545 | step_limit
  [홀드아웃] 배송 49.9±1.1 완주 0.99 스텝 888 점수 126.9 재적재 8.0 2홉+ 0.61 | 최고 126.9@ep800 정체 0/15  ← 갱신
Ep 801 | 드론3 목적지21 |  898스텝 | 배송 20/21 | 재적재  3 | 중계율 0.37 | alpha 1.532 | no_progress
Ep 802 | 드론4 목적지22 |  361스텝 | 배송 22/22 | 재적재  4 | 중계율 0.26 | alpha 1.525 | complete
Ep 803 | 드론4 목적지57 |  785스텝 | 배송 57/57 | 재적재  9 | 중계율 0.22 | alpha 1.531 | complete
Ep 804 | 드론3 목적지60 | 1000스텝 | 배송 58/60 | 재적재 10 | 중계율 0.25 | alpha 1.518 | step_limit
Ep 805 | 드론4 목적지34 |  477스텝 | 배송 34/34 | 재적재  5 | 중계율 0.19 | alpha 1.505 | complete
Ep 806 | 드론3 목적지59 |  917스텝 | 배송 59/59 | 재적재  9 | 중계율 0.31 | alpha 1.510 | complete
Ep 807 | 드론4 목적지22 |  306스텝 | 배송 22/22 | 재적재  2 | 중계율 0.20 | alpha 1.522 | complete
Ep 808 | 드론3 목적지35 |  864스텝 | 배송 35/35 | 재적재  6 | 중계율 0.36 | alpha 1.528 | complete
Ep 809 | 드론3 목적지38 |  833스텝 | 배송 38/38 | 재적재  7 | 중계율 0.38 | alpha 1.550 | complete
Ep 810 | 드론4 목적지47 | 1000스텝 | 배송 46/47 | 재적재  9 | 중계율 0.41 | alpha 1.558 | step_limit
Ep 811 | 드론3 목적지70 | 1000스텝 | 배송 55/70 | 재적재  9 | 중계율 0.39 | alpha 1.540 | step_limit
Ep 812 | 드론3 목적지40 |  767스텝 | 배송 40/40 | 재적재  5 | 중계율 0.34 | alpha 1.551 | complete
Ep 813 | 드론3 목적지55 | 1000스텝 | 배송 40/55 | 재적재  8 | 중계율 0.30 | alpha 1.549 | step_limit
Ep 814 | 드론3 목적지38 |  654스텝 | 배송 38/38 | 재적재  7 | 중계율 0.24 | alpha 1.543 | complete
Ep 815 | 드론3 목적지75 | 1000스텝 | 배송 58/75 | 재적재 11 | 중계율 0.27 | alpha 1.570 | step_limit
Ep 816 | 드론4 목적지57 |  870스텝 | 배송 57/57 | 재적재 11 | 중계율 0.30 | alpha 1.556 | complete
Ep 817 | 드론3 목적지58 | 1000스텝 | 배송 53/58 | 재적재  9 | 중계율 0.32 | alpha 1.548 | step_limit
Ep 818 | 드론4 목적지21 |  544스텝 | 배송 21/21 | 재적재  3 | 중계율 0.41 | alpha 1.538 | complete
Ep 819 | 드론3 목적지70 | 1000스텝 | 배송 61/70 | 재적재 10 | 중계율 0.19 | alpha 1.523 | step_limit
Ep 820 | 드론4 목적지26 |  463스텝 | 배송 26/26 | 재적재  2 | 중계율 0.37 | alpha 1.535 | complete
Ep 821 | 드론4 목적지27 |  497스텝 | 배송 27/27 | 재적재  4 | 중계율 0.29 | alpha 1.555 | complete
Ep 822 | 드론4 목적지61 | 1000스텝 | 배송 59/61 | 재적재  9 | 중계율 0.31 | alpha 1.554 | step_limit
Ep 823 | 드론4 목적지77 | 1000스텝 | 배송 58/77 | 재적재 10 | 중계율 0.29 | alpha 1.559 | step_limit
Ep 824 | 드론3 목적지38 |  769스텝 | 배송 38/38 | 재적재  7 | 중계율 0.17 | alpha 1.564 | complete
Ep 825 | 드론3 목적지63 |  910스텝 | 배송 63/63 | 재적재 12 | 중계율 0.16 | alpha 1.578 | complete
Ep 826 | 드론4 목적지44 |  730스텝 | 배송 44/44 | 재적재  6 | 중계율 0.29 | alpha 1.589 | complete
Ep 827 | 드론4 목적지51 | 1000스텝 | 배송 49/51 | 재적재  9 | 중계율 0.33 | alpha 1.571 | step_limit
Ep 828 | 드론3 목적지41 |  807스텝 | 배송 41/41 | 재적재  7 | 중계율 0.31 | alpha 1.557 | complete
Ep 829 | 드론3 목적지22 |  568스텝 | 배송 22/22 | 재적재  3 | 중계율 0.26 | alpha 1.557 | complete
Ep 830 | 드론3 목적지48 | 1000스텝 | 배송 47/48 | 재적재  9 | 중계율 0.31 | alpha 1.549 | step_limit
Ep 831 | 드론3 목적지61 | 1000스텝 | 배송 58/61 | 재적재 10 | 중계율 0.38 | alpha 1.543 | step_limit
Ep 832 | 드론3 목적지66 | 1000스텝 | 배송 61/66 | 재적재 11 | 중계율 0.18 | alpha 1.583 | step_limit
Ep 833 | 드론3 목적지26 |  424스텝 | 배송 26/26 | 재적재  4 | 중계율 0.13 | alpha 1.580 | complete
Ep 834 | 드론4 목적지25 |  519스텝 | 배송 25/25 | 재적재  3 | 중계율 0.33 | alpha 1.571 | complete
Ep 835 | 드론3 목적지78 | 1000스텝 | 배송 65/78 | 재적재 13 | 중계율 0.29 | alpha 1.572 | step_limit
Ep 836 | 드론4 목적지22 |  508스텝 | 배송 22/22 | 재적재  2 | 중계율 0.36 | alpha 1.546 | complete
Ep 837 | 드론3 목적지74 | 1000스텝 | 배송 57/74 | 재적재 10 | 중계율 0.34 | alpha 1.554 | step_limit
Ep 838 | 드론4 목적지46 |  965스텝 | 배송 46/46 | 재적재  7 | 중계율 0.41 | alpha 1.560 | complete
Ep 839 | 드론3 목적지47 |  981스텝 | 배송 47/47 | 재적재  7 | 중계율 0.35 | alpha 1.581 | complete
Ep 840 | 드론4 목적지31 |  777스텝 | 배송 31/31 | 재적재  5 | 중계율 0.30 | alpha 1.607 | complete
Ep 841 | 드론3 목적지52 |  990스텝 | 배송 52/52 | 재적재  9 | 중계율 0.36 | alpha 1.631 | complete
Ep 842 | 드론3 목적지30 |  496스텝 | 배송 30/30 | 재적재  5 | 중계율 0.19 | alpha 1.633 | complete
Ep 843 | 드론4 목적지75 | 1000스텝 | 배송 74/75 | 재적재 12 | 중계율 0.34 | alpha 1.634 | step_limit
Ep 844 | 드론4 목적지28 |  530스텝 | 배송 28/28 | 재적재  5 | 중계율 0.35 | alpha 1.637 | complete
Ep 845 | 드론3 목적지44 |  838스텝 | 배송 44/44 | 재적재  8 | 중계율 0.24 | alpha 1.628 | complete
Ep 846 | 드론3 목적지31 |  478스텝 | 배송 31/31 | 재적재  4 | 중계율 0.24 | alpha 1.618 | complete
Ep 847 | 드론4 목적지45 |  760스텝 | 배송 45/45 | 재적재  7 | 중계율 0.33 | alpha 1.605 | complete
Ep 848 | 드론3 목적지44 |  832스텝 | 배송 44/44 | 재적재  8 | 중계율 0.33 | alpha 1.598 | complete
Ep 849 | 드론3 목적지49 | 1000스텝 | 배송 48/49 | 재적재  8 | 중계율 0.36 | alpha 1.615 | step_limit
Ep 850 | 드론3 목적지47 |  860스텝 | 배송 47/47 | 재적재  9 | 중계율 0.34 | alpha 1.627 | complete
  [홀드아웃] 배송 49.9±0.7 완주 0.96 스텝 891 점수 124.4 재적재 7.7 2홉+ 0.62 | 최고 126.9@ep800 정체 1/15
Ep 851 | 드론4 목적지30 |  536스텝 | 배송 30/30 | 재적재  3 | 중계율 0.31 | alpha 1.627 | complete
Ep 852 | 드론4 목적지65 | 1000스텝 | 배송 56/65 | 재적재 10 | 중계율 0.30 | alpha 1.644 | step_limit
Ep 853 | 드론3 목적지45 |  933스텝 | 배송 45/45 | 재적재  8 | 중계율 0.35 | alpha 1.653 | complete
Ep 854 | 드론4 목적지23 |  432스텝 | 배송 23/23 | 재적재  4 | 중계율 0.36 | alpha 1.660 | complete
Ep 855 | 드론4 목적지49 |  664스텝 | 배송 49/49 | 재적재  8 | 중계율 0.30 | alpha 1.672 | complete
Ep 856 | 드론3 목적지28 |  622스텝 | 배송 28/28 | 재적재  5 | 중계율 0.40 | alpha 1.677 | complete
Ep 857 | 드론3 목적지38 |  639스텝 | 배송 38/38 | 재적재  7 | 중계율 0.20 | alpha 1.683 | complete
Ep 858 | 드론4 목적지70 |  873스텝 | 배송 70/70 | 재적재 12 | 중계율 0.20 | alpha 1.713 | complete
Ep 859 | 드론4 목적지27 |  389스텝 | 배송 27/27 | 재적재  2 | 중계율 0.22 | alpha 1.723 | complete
Ep 860 | 드론4 목적지30 |  550스텝 | 배송 30/30 | 재적재  4 | 중계율 0.34 | alpha 1.701 | complete
Ep 861 | 드론3 목적지39 |  859스텝 | 배송 39/39 | 재적재  7 | 중계율 0.28 | alpha 1.673 | complete
Ep 862 | 드론4 목적지50 |  522스텝 | 배송 50/50 | 재적재  8 | 중계율 0.18 | alpha 1.677 | complete
Ep 863 | 드론4 목적지30 |  606스텝 | 배송 30/30 | 재적재  5 | 중계율 0.39 | alpha 1.670 | complete
Ep 864 | 드론4 목적지38 |  600스텝 | 배송 38/38 | 재적재  6 | 중계율 0.31 | alpha 1.673 | complete
Ep 865 | 드론4 목적지56 |  815스텝 | 배송 56/56 | 재적재  9 | 중계율 0.25 | alpha 1.685 | complete
Ep 866 | 드론3 목적지70 | 1000스텝 | 배송 51/70 | 재적재  8 | 중계율 0.26 | alpha 1.682 | step_limit
Ep 867 | 드론3 목적지48 |  852스텝 | 배송 48/48 | 재적재  9 | 중계율 0.28 | alpha 1.666 | complete
Ep 868 | 드론4 목적지37 |  645스텝 | 배송 37/37 | 재적재  6 | 중계율 0.27 | alpha 1.658 | complete
Ep 869 | 드론4 목적지46 |  635스텝 | 배송 46/46 | 재적재  7 | 중계율 0.25 | alpha 1.670 | complete
Ep 870 | 드론3 목적지47 |  734스텝 | 배송 47/47 | 재적재  8 | 중계율 0.25 | alpha 1.674 | complete
Ep 871 | 드론3 목적지44 |  828스텝 | 배송 44/44 | 재적재  7 | 중계율 0.33 | alpha 1.675 | complete
Ep 872 | 드론3 목적지57 | 1000스텝 | 배송 55/57 | 재적재 10 | 중계율 0.27 | alpha 1.652 | step_limit
Ep 873 | 드론4 목적지30 |  657스텝 | 배송 30/30 | 재적재  5 | 중계율 0.34 | alpha 1.654 | complete
Ep 874 | 드론3 목적지20 |  359스텝 | 배송 20/20 | 재적재  2 | 중계율 0.20 | alpha 1.652 | complete
Ep 875 | 드론4 목적지43 |  545스텝 | 배송 43/43 | 재적재  7 | 중계율 0.18 | alpha 1.641 | complete
Ep 876 | 드론4 목적지23 |  658스텝 | 배송 23/23 | 재적재  3 | 중계율 0.38 | alpha 1.629 | complete
Ep 877 | 드론3 목적지65 | 1000스텝 | 배송 59/65 | 재적재 10 | 중계율 0.32 | alpha 1.610 | step_limit
Ep 878 | 드론3 목적지65 | 1000스텝 | 배송 60/65 | 재적재 10 | 중계율 0.30 | alpha 1.614 | step_limit
Ep 879 | 드론4 목적지28 |  403스텝 | 배송 28/28 | 재적재  4 | 중계율 0.19 | alpha 1.620 | complete
Ep 880 | 드론4 목적지41 |  659스텝 | 배송 41/41 | 재적재  6 | 중계율 0.22 | alpha 1.624 | complete
Ep 881 | 드론3 목적지59 |  854스텝 | 배송 59/59 | 재적재 10 | 중계율 0.19 | alpha 1.646 | complete
Ep 882 | 드론3 목적지46 |  739스텝 | 배송 46/46 | 재적재  8 | 중계율 0.23 | alpha 1.670 | complete
Ep 883 | 드론4 목적지67 |  998스텝 | 배송 67/67 | 재적재 13 | 중계율 0.34 | alpha 1.680 | complete
Ep 884 | 드론3 목적지49 |  940스텝 | 배송 49/49 | 재적재  8 | 중계율 0.34 | alpha 1.677 | complete
Ep 885 | 드론3 목적지51 | 1000스텝 | 배송 34/51 | 재적재  6 | 중계율 0.33 | alpha 1.667 | step_limit
Ep 886 | 드론3 목적지36 |  861스텝 | 배송 36/36 | 재적재  7 | 중계율 0.36 | alpha 1.671 | complete
Ep 887 | 드론4 목적지36 |  690스텝 | 배송 36/36 | 재적재  6 | 중계율 0.26 | alpha 1.669 | complete
Ep 888 | 드론3 목적지48 | 1000스텝 | 배송 47/48 | 재적재  8 | 중계율 0.31 | alpha 1.674 | step_limit
Ep 889 | 드론4 목적지22 |  432스텝 | 배송 22/22 | 재적재  2 | 중계율 0.37 | alpha 1.676 | complete
Ep 890 | 드론3 목적지60 | 1000스텝 | 배송 55/60 | 재적재  9 | 중계율 0.39 | alpha 1.675 | step_limit
Ep 891 | 드론4 목적지80 | 1000스텝 | 배송 73/80 | 재적재 13 | 중계율 0.26 | alpha 1.660 | step_limit
Ep 892 | 드론3 목적지73 | 1000스텝 | 배송 61/73 | 재적재 11 | 중계율 0.27 | alpha 1.671 | step_limit
Ep 893 | 드론3 목적지30 |  530스텝 | 배송 30/30 | 재적재  3 | 중계율 0.31 | alpha 1.676 | complete
Ep 894 | 드론3 목적지63 | 1000스텝 | 배송 58/63 | 재적재  9 | 중계율 0.31 | alpha 1.676 | step_limit
Ep 895 | 드론4 목적지28 |  452스텝 | 배송 28/28 | 재적재  4 | 중계율 0.25 | alpha 1.683 | complete
Ep 896 | 드론3 목적지39 |  690스텝 | 배송 39/39 | 재적재  5 | 중계율 0.30 | alpha 1.661 | complete
Ep 897 | 드론4 목적지53 | 1000스텝 | 배송 51/53 | 재적재  8 | 중계율 0.33 | alpha 1.667 | step_limit
Ep 898 | 드론3 목적지66 | 1000스텝 | 배송 55/66 | 재적재 11 | 중계율 0.34 | alpha 1.619 | step_limit
Ep 899 | 드론3 목적지33 |  760스텝 | 배송 33/33 | 재적재  6 | 중계율 0.29 | alpha 1.588 | complete
Ep 900 | 드론4 목적지43 |  842스텝 | 배송 43/43 | 재적재  7 | 중계율 0.28 | alpha 1.589 | complete
  [홀드아웃] 배송 49.5±2.9 완주 0.97 스텝 872 점수 125.9 재적재 7.7 2홉+ 0.61 | 최고 126.9@ep800 정체 2/15
Ep 901 | 드론4 목적지59 |  821스텝 | 배송 59/59 | 재적재 10 | 중계율 0.31 | alpha 1.603 | complete
Ep 902 | 드론3 목적지29 |  588스텝 | 배송 29/29 | 재적재  5 | 중계율 0.41 | alpha 1.597 | complete
Ep 903 | 드론3 목적지75 | 1000스텝 | 배송 70/75 | 재적재 13 | 중계율 0.25 | alpha 1.591 | step_limit
Ep 904 | 드론3 목적지71 | 1000스텝 | 배송 65/71 | 재적재 11 | 중계율 0.27 | alpha 1.592 | step_limit
Ep 905 | 드론4 목적지77 | 1000스텝 | 배송 70/77 | 재적재 11 | 중계율 0.21 | alpha 1.615 | step_limit
Ep 906 | 드론4 목적지73 |  901스텝 | 배송 73/73 | 재적재 12 | 중계율 0.20 | alpha 1.615 | complete
Ep 907 | 드론3 목적지79 | 1000스텝 | 배송 70/79 | 재적재 12 | 중계율 0.28 | alpha 1.613 | step_limit
Ep 908 | 드론4 목적지33 |  605스텝 | 배송 33/33 | 재적재  6 | 중계율 0.36 | alpha 1.622 | complete
Ep 909 | 드론4 목적지29 |  499스텝 | 배송 29/29 | 재적재  4 | 중계율 0.19 | alpha 1.627 | complete
Ep 910 | 드론4 목적지41 | 1000스텝 | 배송 40/41 | 재적재  8 | 중계율 0.43 | alpha 1.619 | step_limit
Ep 911 | 드론4 목적지34 |  490스텝 | 배송 34/34 | 재적재  5 | 중계율 0.25 | alpha 1.612 | complete
Ep 912 | 드론4 목적지42 |  657스텝 | 배송 42/42 | 재적재  7 | 중계율 0.30 | alpha 1.614 | complete
Ep 913 | 드론4 목적지34 |  613스텝 | 배송 34/34 | 재적재  4 | 중계율 0.40 | alpha 1.618 | complete
Ep 914 | 드론3 목적지44 |  814스텝 | 배송 44/44 | 재적재  7 | 중계율 0.28 | alpha 1.618 | complete
Ep 915 | 드론3 목적지67 | 1000스텝 | 배송 61/67 | 재적재 10 | 중계율 0.30 | alpha 1.616 | step_limit
Ep 916 | 드론4 목적지34 |  635스텝 | 배송 34/34 | 재적재  4 | 중계율 0.39 | alpha 1.633 | complete
Ep 917 | 드론4 목적지52 |  743스텝 | 배송 52/52 | 재적재  9 | 중계율 0.16 | alpha 1.626 | complete
Ep 918 | 드론3 목적지45 |  889스텝 | 배송 45/45 | 재적재  8 | 중계율 0.23 | alpha 1.635 | complete
Ep 919 | 드론4 목적지39 |  732스텝 | 배송 39/39 | 재적재  7 | 중계율 0.36 | alpha 1.644 | complete
Ep 920 | 드론4 목적지58 |  715스텝 | 배송 58/58 | 재적재  9 | 중계율 0.21 | alpha 1.656 | complete
Ep 921 | 드론3 목적지40 |  785스텝 | 배송 40/40 | 재적재  6 | 중계율 0.33 | alpha 1.660 | complete
Ep 922 | 드론4 목적지77 |  844스텝 | 배송 77/77 | 재적재 13 | 중계율 0.19 | alpha 1.641 | complete
Ep 923 | 드론4 목적지76 | 1000스텝 | 배송 68/76 | 재적재 12 | 중계율 0.32 | alpha 1.657 | step_limit
Ep 924 | 드론4 목적지72 | 1000스텝 | 배송 71/72 | 재적재 13 | 중계율 0.28 | alpha 1.648 | step_limit
Ep 925 | 드론4 목적지36 |  619스텝 | 배송 36/36 | 재적재  6 | 중계율 0.28 | alpha 1.672 | complete
Ep 926 | 드론4 목적지56 |  749스텝 | 배송 56/56 | 재적재  9 | 중계율 0.32 | alpha 1.697 | complete
Ep 927 | 드론4 목적지21 |  254스텝 | 배송 21/21 | 재적재  3 | 중계율 0.18 | alpha 1.691 | complete
Ep 928 | 드론3 목적지59 |  983스텝 | 배송 59/59 | 재적재 11 | 중계율 0.27 | alpha 1.668 | complete
Ep 929 | 드론4 목적지25 |  620스텝 | 배송 25/25 | 재적재  4 | 중계율 0.36 | alpha 1.665 | complete
Ep 930 | 드론3 목적지28 |  589스텝 | 배송 28/28 | 재적재  5 | 중계율 0.27 | alpha 1.675 | complete
Ep 931 | 드론4 목적지70 |  751스텝 | 배송 70/70 | 재적재 11 | 중계율 0.25 | alpha 1.693 | complete
Ep 932 | 드론3 목적지75 | 1000스텝 | 배송 65/75 | 재적재 11 | 중계율 0.30 | alpha 1.705 | step_limit
Ep 933 | 드론3 목적지31 |  555스텝 | 배송 31/31 | 재적재  6 | 중계율 0.27 | alpha 1.713 | complete
Ep 934 | 드론3 목적지28 |  570스텝 | 배송 28/28 | 재적재  4 | 중계율 0.18 | alpha 1.700 | complete
Ep 935 | 드론3 목적지36 |  628스텝 | 배송 36/36 | 재적재  6 | 중계율 0.19 | alpha 1.717 | complete
Ep 936 | 드론3 목적지20 |  518스텝 | 배송 20/20 | 재적재  3 | 중계율 0.27 | alpha 1.718 | complete
Ep 937 | 드론3 목적지28 |  623스텝 | 배송 28/28 | 재적재  4 | 중계율 0.27 | alpha 1.712 | complete
Ep 938 | 드론4 목적지73 | 1000스텝 | 배송 55/73 | 재적재  8 | 중계율 0.36 | alpha 1.707 | step_limit
Ep 939 | 드론3 목적지75 | 1000스텝 | 배송 60/75 | 재적재 11 | 중계율 0.29 | alpha 1.709 | step_limit
Ep 940 | 드론4 목적지64 |  861스텝 | 배송 64/64 | 재적재 12 | 중계율 0.20 | alpha 1.703 | complete
Ep 941 | 드론3 목적지37 |  648스텝 | 배송 37/37 | 재적재  5 | 중계율 0.20 | alpha 1.716 | complete
Ep 942 | 드론4 목적지57 | 1000스텝 | 배송 51/57 | 재적재  9 | 중계율 0.25 | alpha 1.700 | step_limit
Ep 943 | 드론3 목적지69 | 1000스텝 | 배송 60/69 | 재적재 10 | 중계율 0.28 | alpha 1.701 | step_limit
Ep 944 | 드론4 목적지73 | 1000스텝 | 배송 70/73 | 재적재 12 | 중계율 0.36 | alpha 1.721 | step_limit
Ep 945 | 드론4 목적지49 |  688스텝 | 배송 49/49 | 재적재  9 | 중계율 0.27 | alpha 1.692 | complete
Ep 946 | 드론3 목적지29 |  335스텝 | 배송 29/29 | 재적재  3 | 중계율 0.22 | alpha 1.678 | complete
Ep 947 | 드론3 목적지73 | 1000스텝 | 배송 62/73 | 재적재 10 | 중계율 0.32 | alpha 1.691 | step_limit
Ep 948 | 드론4 목적지57 | 1000스텝 | 배송 50/57 | 재적재  9 | 중계율 0.42 | alpha 1.688 | step_limit
Ep 949 | 드론3 목적지24 |  570스텝 | 배송 24/24 | 재적재  4 | 중계율 0.26 | alpha 1.696 | complete
Ep 950 | 드론3 목적지26 |  490스텝 | 배송 26/26 | 재적재  3 | 중계율 0.19 | alpha 1.695 | complete
  [홀드아웃] 배송 50.0±0.2 완주 0.97 스텝 907 점수 125.4 재적재 7.5 2홉+ 0.62 | 최고 126.9@ep800 정체 3/15
Ep 951 | 드론4 목적지20 |  253스텝 | 배송 20/20 | 재적재  3 | 중계율 0.22 | alpha 1.704 | complete
Ep 952 | 드론4 목적지28 |  397스텝 | 배송 28/28 | 재적재  3 | 중계율 0.25 | alpha 1.708 | complete
Ep 953 | 드론3 목적지42 |  916스텝 | 배송 42/42 | 재적재  8 | 중계율 0.30 | alpha 1.717 | complete
Ep 954 | 드론3 목적지30 |  808스텝 | 배송 30/30 | 재적재  4 | 중계율 0.32 | alpha 1.705 | complete
Ep 955 | 드론4 목적지38 |  678스텝 | 배송 38/38 | 재적재  6 | 중계율 0.19 | alpha 1.700 | complete
Ep 956 | 드론3 목적지33 |  677스텝 | 배송 33/33 | 재적재  6 | 중계율 0.29 | alpha 1.702 | complete
Ep 957 | 드론3 목적지42 |  879스텝 | 배송 42/42 | 재적재  7 | 중계율 0.40 | alpha 1.677 | complete
Ep 958 | 드론4 목적지34 |  509스텝 | 배송 34/34 | 재적재  4 | 중계율 0.23 | alpha 1.669 | complete
Ep 959 | 드론3 목적지80 | 1000스텝 | 배송 68/80 | 재적재 12 | 중계율 0.29 | alpha 1.664 | step_limit
Ep 960 | 드론4 목적지66 |  838스텝 | 배송 66/66 | 재적재 12 | 중계율 0.22 | alpha 1.658 | complete
Ep 961 | 드론3 목적지70 | 1000스텝 | 배송 62/70 | 재적재 10 | 중계율 0.33 | alpha 1.643 | step_limit
Ep 962 | 드론3 목적지47 | 1000스텝 | 배송 46/47 | 재적재  8 | 중계율 0.29 | alpha 1.626 | step_limit
Ep 963 | 드론4 목적지27 |  569스텝 | 배송 27/27 | 재적재  5 | 중계율 0.29 | alpha 1.639 | complete
Ep 964 | 드론4 목적지65 |  723스텝 | 배송 65/65 | 재적재 12 | 중계율 0.22 | alpha 1.652 | complete
Ep 965 | 드론3 목적지22 |  523스텝 | 배송 22/22 | 재적재  3 | 중계율 0.29 | alpha 1.635 | complete
Ep 966 | 드론3 목적지28 |  756스텝 | 배송 28/28 | 재적재  4 | 중계율 0.37 | alpha 1.623 | complete
Ep 967 | 드론4 목적지73 |  890스텝 | 배송 73/73 | 재적재 13 | 중계율 0.22 | alpha 1.623 | complete
Ep 968 | 드론4 목적지62 |  994스텝 | 배송 62/62 | 재적재 12 | 중계율 0.27 | alpha 1.645 | complete
Ep 969 | 드론4 목적지55 |  882스텝 | 배송 33/55 | 재적재  5 | 중계율 0.22 | alpha 1.622 | no_progress
Ep 970 | 드론4 목적지46 |  570스텝 | 배송 46/46 | 재적재  8 | 중계율 0.23 | alpha 1.618 | complete
Ep 971 | 드론4 목적지34 |  597스텝 | 배송 34/34 | 재적재  4 | 중계율 0.34 | alpha 1.616 | complete
Ep 972 | 드론3 목적지78 | 1000스텝 | 배송 64/78 | 재적재 11 | 중계율 0.29 | alpha 1.618 | step_limit
Ep 973 | 드론3 목적지78 | 1000스텝 | 배송 67/78 | 재적재 12 | 중계율 0.15 | alpha 1.626 | step_limit
Ep 974 | 드론3 목적지60 | 1000스텝 | 배송 58/60 | 재적재  9 | 중계율 0.37 | alpha 1.627 | step_limit
Ep 975 | 드론4 목적지52 |  814스텝 | 배송 52/52 | 재적재  9 | 중계율 0.26 | alpha 1.643 | complete
Ep 976 | 드론4 목적지53 |  656스텝 | 배송 53/53 | 재적재 10 | 중계율 0.20 | alpha 1.622 | complete
Ep 977 | 드론4 목적지30 |  401스텝 | 배송 30/30 | 재적재  4 | 중계율 0.16 | alpha 1.617 | complete
Ep 978 | 드론4 목적지45 |  628스텝 | 배송 45/45 | 재적재  7 | 중계율 0.23 | alpha 1.608 | complete
Ep 979 | 드론4 목적지34 |  671스텝 | 배송 34/34 | 재적재  5 | 중계율 0.37 | alpha 1.639 | complete
Ep 980 | 드론3 목적지55 | 1000스텝 | 배송 53/55 | 재적재  9 | 중계율 0.31 | alpha 1.644 | step_limit
Ep 981 | 드론4 목적지49 | 1000스텝 | 배송 45/49 | 재적재  8 | 중계율 0.43 | alpha 1.640 | step_limit
Ep 982 | 드론3 목적지26 |  591스텝 | 배송 26/26 | 재적재  4 | 중계율 0.24 | alpha 1.641 | complete
Ep 983 | 드론4 목적지39 | 1000스텝 | 배송 38/39 | 재적재  7 | 중계율 0.33 | alpha 1.628 | step_limit
Ep 984 | 드론4 목적지20 |  321스텝 | 배송 20/20 | 재적재  2 | 중계율 0.21 | alpha 1.622 | complete
Ep 985 | 드론4 목적지29 |  430스텝 | 배송 29/29 | 재적재  3 | 중계율 0.33 | alpha 1.608 | complete
Ep 986 | 드론4 목적지59 | 1000스텝 | 배송 48/59 | 재적재  7 | 중계율 0.35 | alpha 1.615 | step_limit
Ep 987 | 드론3 목적지74 | 1000스텝 | 배송 63/74 | 재적재 12 | 중계율 0.24 | alpha 1.612 | step_limit
Ep 988 | 드론4 목적지70 | 1000스텝 | 배송 68/70 | 재적재 13 | 중계율 0.24 | alpha 1.613 | step_limit
Ep 989 | 드론4 목적지34 |  491스텝 | 배송 34/34 | 재적재  5 | 중계율 0.27 | alpha 1.607 | complete
Ep 990 | 드론4 목적지28 |  470스텝 | 배송 28/28 | 재적재  4 | 중계율 0.24 | alpha 1.602 | complete
Ep 991 | 드론4 목적지76 | 1000스텝 | 배송 74/76 | 재적재 14 | 중계율 0.28 | alpha 1.600 | step_limit
Ep 992 | 드론3 목적지40 |  816스텝 | 배송 40/40 | 재적재  6 | 중계율 0.29 | alpha 1.593 | complete
Ep 993 | 드론4 목적지61 | 1000스텝 | 배송 57/61 | 재적재  9 | 중계율 0.21 | alpha 1.625 | step_limit
Ep 994 | 드론3 목적지49 | 1000스텝 | 배송 45/49 | 재적재  8 | 중계율 0.39 | alpha 1.639 | step_limit
Ep 995 | 드론4 목적지33 |  406스텝 | 배송 33/33 | 재적재  5 | 중계율 0.25 | alpha 1.639 | complete
Ep 996 | 드론3 목적지23 |  920스텝 | 배송 23/23 | 재적재  3 | 중계율 0.38 | alpha 1.624 | complete
Ep 997 | 드론4 목적지46 |  787스텝 | 배송 46/46 | 재적재  7 | 중계율 0.30 | alpha 1.634 | complete
Ep 998 | 드론4 목적지53 |  759스텝 | 배송 53/53 | 재적재  9 | 중계율 0.27 | alpha 1.654 | complete
Ep 999 | 드론3 목적지52 |  857스텝 | 배송 52/52 | 재적재  9 | 중계율 0.24 | alpha 1.661 | complete
Ep 1000 | 드론3 목적지78 | 1000스텝 | 배송 59/78 | 재적재 10 | 중계율 0.27 | alpha 1.638 | step_limit
  [홀드아웃] 배송 49.5±3.2 완주 0.96 스텝 861 점수 124.8 재적재 7.5 2홉+ 0.61 | 최고 126.9@ep800 정체 4/15
Ep 1001 | 드론3 목적지65 | 1000스텝 | 배송 60/65 | 재적재 11 | 중계율 0.32 | alpha 1.629 | step_limit
Ep 1002 | 드론3 목적지51 |  892스텝 | 배송 51/51 | 재적재  9 | 중계율 0.19 | alpha 1.637 | complete
Ep 1003 | 드론4 목적지23 |  495스텝 | 배송 23/23 | 재적재  3 | 중계율 0.22 | alpha 1.639 | complete
Ep 1004 | 드론3 목적지73 | 1000스텝 | 배송 66/73 | 재적재 12 | 중계율 0.24 | alpha 1.646 | step_limit
Ep 1005 | 드론3 목적지31 |  957스텝 | 배송 31/31 | 재적재  5 | 중계율 0.35 | alpha 1.619 | complete
Ep 1006 | 드론3 목적지54 |  859스텝 | 배송 54/54 | 재적재  9 | 중계율 0.28 | alpha 1.598 | complete
Ep 1007 | 드론3 목적지61 | 1000스텝 | 배송 60/61 | 재적재 11 | 중계율 0.23 | alpha 1.589 | step_limit
Ep 1008 | 드론3 목적지56 | 1000스텝 | 배송 55/56 | 재적재  9 | 중계율 0.41 | alpha 1.597 | step_limit
Ep 1009 | 드론3 목적지65 | 1000스텝 | 배송 59/65 | 재적재 10 | 중계율 0.33 | alpha 1.612 | step_limit
Ep 1010 | 드론3 목적지64 | 1000스텝 | 배송 58/64 | 재적재 10 | 중계율 0.34 | alpha 1.615 | step_limit
Ep 1011 | 드론3 목적지48 |  771스텝 | 배송 48/48 | 재적재  8 | 중계율 0.28 | alpha 1.629 | complete
Ep 1012 | 드론4 목적지77 |  885스텝 | 배송 77/77 | 재적재 13 | 중계율 0.22 | alpha 1.619 | complete
Ep 1013 | 드론4 목적지30 |  450스텝 | 배송 30/30 | 재적재  3 | 중계율 0.31 | alpha 1.610 | complete
Ep 1014 | 드론4 목적지73 |  884스텝 | 배송 73/73 | 재적재 13 | 중계율 0.16 | alpha 1.617 | complete
Ep 1015 | 드론4 목적지80 | 1000스텝 | 배송 79/80 | 재적재 15 | 중계율 0.19 | alpha 1.617 | step_limit
Ep 1016 | 드론3 목적지35 |  729스텝 | 배송 35/35 | 재적재  5 | 중계율 0.32 | alpha 1.616 | complete
Ep 1017 | 드론3 목적지52 |  992스텝 | 배송 52/52 | 재적재  8 | 중계율 0.35 | alpha 1.619 | complete
Ep 1018 | 드론4 목적지25 |  718스텝 | 배송 25/25 | 재적재  4 | 중계율 0.40 | alpha 1.616 | complete
Ep 1019 | 드론4 목적지59 |  765스텝 | 배송 59/59 | 재적재 11 | 중계율 0.16 | alpha 1.625 | complete
Ep 1020 | 드론3 목적지57 |  916스텝 | 배송 57/57 | 재적재 11 | 중계율 0.22 | alpha 1.625 | complete
Ep 1021 | 드론3 목적지78 | 1000스텝 | 배송 72/78 | 재적재 14 | 중계율 0.22 | alpha 1.612 | step_limit
Ep 1022 | 드론3 목적지68 | 1000스텝 | 배송 64/68 | 재적재 12 | 중계율 0.22 | alpha 1.624 | step_limit
Ep 1023 | 드론3 목적지33 |  707스텝 | 배송 33/33 | 재적재  5 | 중계율 0.29 | alpha 1.639 | complete
Ep 1024 | 드론3 목적지77 | 1000스텝 | 배송 60/77 | 재적재 11 | 중계율 0.25 | alpha 1.654 | step_limit
Ep 1025 | 드론4 목적지23 |  292스텝 | 배송 23/23 | 재적재  4 | 중계율 0.18 | alpha 1.659 | complete
Ep 1026 | 드론4 목적지21 |  294스텝 | 배송 21/21 | 재적재  3 | 중계율 0.18 | alpha 1.653 | complete
Ep 1027 | 드론3 목적지35 |  612스텝 | 배송 35/35 | 재적재  5 | 중계율 0.19 | alpha 1.664 | complete
Ep 1028 | 드론4 목적지41 |  566스텝 | 배송 41/41 | 재적재  6 | 중계율 0.31 | alpha 1.646 | complete
Ep 1029 | 드론4 목적지21 |  314스텝 | 배송 21/21 | 재적재  3 | 중계율 0.24 | alpha 1.651 | complete
Ep 1030 | 드론3 목적지54 |  911스텝 | 배송 54/54 | 재적재  9 | 중계율 0.29 | alpha 1.670 | complete
Ep 1031 | 드론3 목적지72 | 1000스텝 | 배송 60/72 | 재적재  9 | 중계율 0.29 | alpha 1.690 | step_limit
Ep 1032 | 드론4 목적지48 |  763스텝 | 배송 48/48 | 재적재  9 | 중계율 0.32 | alpha 1.686 | complete
Ep 1033 | 드론3 목적지32 |  559스텝 | 배송 32/32 | 재적재  6 | 중계율 0.22 | alpha 1.661 | complete
Ep 1034 | 드론3 목적지21 |  453스텝 | 배송 21/21 | 재적재  3 | 중계율 0.31 | alpha 1.661 | complete
Ep 1035 | 드론3 목적지57 | 1000스텝 | 배송 55/57 | 재적재  9 | 중계율 0.27 | alpha 1.623 | step_limit
Ep 1036 | 드론3 목적지56 |  993스텝 | 배송 56/56 | 재적재 10 | 중계율 0.25 | alpha 1.596 | complete
Ep 1037 | 드론3 목적지53 | 1000스텝 | 배송 52/53 | 재적재  9 | 중계율 0.38 | alpha 1.589 | step_limit
Ep 1038 | 드론4 목적지29 |  366스텝 | 배송 29/29 | 재적재  3 | 중계율 0.22 | alpha 1.591 | complete
Ep 1039 | 드론3 목적지45 |  787스텝 | 배송 45/45 | 재적재  8 | 중계율 0.31 | alpha 1.575 | complete
Ep 1040 | 드론3 목적지23 |  501스텝 | 배송 23/23 | 재적재  3 | 중계율 0.31 | alpha 1.566 | complete
Ep 1041 | 드론4 목적지20 |  313스텝 | 배송 20/20 | 재적재  2 | 중계율 0.23 | alpha 1.574 | complete
Ep 1042 | 드론3 목적지71 | 1000스텝 | 배송 59/71 | 재적재 11 | 중계율 0.30 | alpha 1.586 | step_limit
Ep 1043 | 드론3 목적지36 |  570스텝 | 배송 36/36 | 재적재  5 | 중계율 0.27 | alpha 1.604 | complete
Ep 1044 | 드론3 목적지46 |  809스텝 | 배송 46/46 | 재적재  8 | 중계율 0.22 | alpha 1.601 | complete
Ep 1045 | 드론3 목적지65 | 1000스텝 | 배송 55/65 | 재적재 11 | 중계율 0.34 | alpha 1.579 | step_limit
Ep 1046 | 드론4 목적지53 |  849스텝 | 배송 53/53 | 재적재  9 | 중계율 0.32 | alpha 1.581 | complete
Ep 1047 | 드론4 목적지77 |  926스텝 | 배송 77/77 | 재적재 13 | 중계율 0.22 | alpha 1.595 | complete
Ep 1048 | 드론4 목적지54 |  741스텝 | 배송 54/54 | 재적재  9 | 중계율 0.23 | alpha 1.592 | complete
Ep 1049 | 드론3 목적지75 | 1000스텝 | 배송 64/75 | 재적재 11 | 중계율 0.21 | alpha 1.611 | step_limit
Ep 1050 | 드론4 목적지66 |  698스텝 | 배송 66/66 | 재적재 12 | 중계율 0.20 | alpha 1.615 | complete
  [홀드아웃] 배송 49.8±1.0 완주 0.97 스텝 892 점수 125.6 재적재 7.7 2홉+ 0.62 | 최고 126.9@ep800 정체 5/15
Ep 1051 | 드론3 목적지46 |  900스텝 | 배송 46/46 | 재적재  9 | 중계율 0.35 | alpha 1.617 | complete
Ep 1052 | 드론4 목적지64 | 1000스텝 | 배송 61/64 | 재적재 10 | 중계율 0.32 | alpha 1.639 | step_limit
Ep 1053 | 드론4 목적지77 | 1000스텝 | 배송 70/77 | 재적재 11 | 중계율 0.28 | alpha 1.641 | step_limit
Ep 1054 | 드론3 목적지50 |  915스텝 | 배송 50/50 | 재적재  9 | 중계율 0.31 | alpha 1.662 | complete
Ep 1055 | 드론3 목적지33 |  589스텝 | 배송 33/33 | 재적재  5 | 중계율 0.24 | alpha 1.679 | complete
Ep 1056 | 드론4 목적지55 |  524스텝 | 배송 55/55 | 재적재  9 | 중계율 0.13 | alpha 1.673 | complete
Ep 1057 | 드론4 목적지78 | 1000스텝 | 배송 59/78 | 재적재 10 | 중계율 0.32 | alpha 1.695 | step_limit
Ep 1058 | 드론3 목적지74 | 1000스텝 | 배송 71/74 | 재적재 14 | 중계율 0.19 | alpha 1.691 | step_limit
Ep 1059 | 드론4 목적지76 |  861스텝 | 배송 76/76 | 재적재 13 | 중계율 0.23 | alpha 1.708 | complete
Ep 1060 | 드론3 목적지56 | 1000스텝 | 배송 43/56 | 재적재  8 | 중계율 0.31 | alpha 1.713 | step_limit
Ep 1061 | 드론4 목적지46 |  788스텝 | 배송 46/46 | 재적재  8 | 중계율 0.29 | alpha 1.720 | complete
Ep 1062 | 드론4 목적지55 |  718스텝 | 배송 55/55 | 재적재  9 | 중계율 0.22 | alpha 1.738 | complete
Ep 1063 | 드론4 목적지54 |  789스텝 | 배송 54/54 | 재적재  9 | 중계율 0.27 | alpha 1.731 | complete
Ep 1064 | 드론3 목적지76 | 1000스텝 | 배송 63/76 | 재적재 12 | 중계율 0.23 | alpha 1.738 | step_limit
Ep 1065 | 드론3 목적지23 |  519스텝 | 배송 23/23 | 재적재  3 | 중계율 0.30 | alpha 1.748 | complete
Ep 1066 | 드론3 목적지37 |  680스텝 | 배송 37/37 | 재적재  6 | 중계율 0.34 | alpha 1.744 | complete
Ep 1067 | 드론3 목적지76 | 1000스텝 | 배송 65/76 | 재적재 10 | 중계율 0.28 | alpha 1.734 | step_limit
Ep 1068 | 드론4 목적지77 |  961스텝 | 배송 77/77 | 재적재 14 | 중계율 0.27 | alpha 1.725 | complete
Ep 1069 | 드론4 목적지56 |  787스텝 | 배송 56/56 | 재적재  9 | 중계율 0.33 | alpha 1.735 | complete
Ep 1070 | 드론4 목적지39 |  425스텝 | 배송 39/39 | 재적재  5 | 중계율 0.15 | alpha 1.737 | complete
Ep 1071 | 드론4 목적지26 |  509스텝 | 배송 26/26 | 재적재  3 | 중계율 0.40 | alpha 1.746 | complete
Ep 1072 | 드론4 목적지62 |  925스텝 | 배송 62/62 | 재적재 10 | 중계율 0.30 | alpha 1.753 | complete
Ep 1073 | 드론3 목적지44 |  988스텝 | 배송 44/44 | 재적재  8 | 중계율 0.35 | alpha 1.740 | complete
Ep 1074 | 드론3 목적지71 | 1000스텝 | 배송 67/71 | 재적재 12 | 중계율 0.21 | alpha 1.729 | step_limit
Ep 1075 | 드론4 목적지36 |  879스텝 | 배송 36/36 | 재적재  6 | 중계율 0.37 | alpha 1.756 | complete
Ep 1076 | 드론3 목적지53 |  731스텝 | 배송 53/53 | 재적재  9 | 중계율 0.16 | alpha 1.774 | complete
Ep 1077 | 드론3 목적지47 |  844스텝 | 배송 47/47 | 재적재  7 | 중계율 0.23 | alpha 1.765 | complete
Ep 1078 | 드론4 목적지54 |  650스텝 | 배송 54/54 | 재적재 10 | 중계율 0.19 | alpha 1.784 | complete
Ep 1079 | 드론4 목적지48 |  648스텝 | 배송 48/48 | 재적재  8 | 중계율 0.25 | alpha 1.749 | complete
Ep 1080 | 드론4 목적지54 |  629스텝 | 배송 54/54 | 재적재 10 | 중계율 0.22 | alpha 1.714 | complete
Ep 1081 | 드론4 목적지28 |  577스텝 | 배송 28/28 | 재적재  3 | 중계율 0.39 | alpha 1.701 | complete
Ep 1082 | 드론3 목적지37 |  730스텝 | 배송 37/37 | 재적재  7 | 중계율 0.25 | alpha 1.695 | complete
Ep 1083 | 드론3 목적지25 |  524스텝 | 배송 25/25 | 재적재  4 | 중계율 0.15 | alpha 1.699 | complete
Ep 1084 | 드론4 목적지31 |  372스텝 | 배송 31/31 | 재적재  3 | 중계율 0.19 | alpha 1.700 | complete
Ep 1085 | 드론4 목적지46 | 1000스텝 | 배송 40/46 | 재적재  6 | 중계율 0.33 | alpha 1.690 | step_limit
Ep 1086 | 드론3 목적지30 |  573스텝 | 배송 30/30 | 재적재  5 | 중계율 0.27 | alpha 1.694 | complete
Ep 1087 | 드론4 목적지20 |  405스텝 | 배송 20/20 | 재적재  2 | 중계율 0.35 | alpha 1.692 | complete
Ep 1088 | 드론3 목적지55 | 1000스텝 | 배송 54/55 | 재적재  8 | 중계율 0.36 | alpha 1.709 | step_limit
Ep 1089 | 드론4 목적지45 |  737스텝 | 배송 45/45 | 재적재  7 | 중계율 0.26 | alpha 1.712 | complete
Ep 1090 | 드론4 목적지23 |  318스텝 | 배송 23/23 | 재적재  4 | 중계율 0.21 | alpha 1.714 | complete
Ep 1091 | 드론3 목적지25 |  412스텝 | 배송 25/25 | 재적재  4 | 중계율 0.17 | alpha 1.716 | complete
Ep 1092 | 드론3 목적지46 |  814스텝 | 배송 46/46 | 재적재  9 | 중계율 0.24 | alpha 1.712 | complete
Ep 1093 | 드론4 목적지61 |  842스텝 | 배송 61/61 | 재적재 10 | 중계율 0.27 | alpha 1.703 | complete
Ep 1094 | 드론4 목적지63 |  808스텝 | 배송 63/63 | 재적재 11 | 중계율 0.26 | alpha 1.701 | complete
Ep 1095 | 드론3 목적지27 |  558스텝 | 배송 27/27 | 재적재  3 | 중계율 0.32 | alpha 1.688 | complete
Ep 1096 | 드론3 목적지72 | 1000스텝 | 배송 60/72 | 재적재 10 | 중계율 0.35 | alpha 1.671 | step_limit
Ep 1097 | 드론4 목적지45 |  814스텝 | 배송 45/45 | 재적재  6 | 중계율 0.28 | alpha 1.679 | complete
Ep 1098 | 드론4 목적지30 |  619스텝 | 배송 30/30 | 재적재  4 | 중계율 0.40 | alpha 1.654 | complete
Ep 1099 | 드론4 목적지74 | 1000스텝 | 배송 64/74 | 재적재 11 | 중계율 0.30 | alpha 1.643 | step_limit
Ep 1100 | 드론3 목적지37 |  624스텝 | 배송 37/37 | 재적재  6 | 중계율 0.18 | alpha 1.662 | complete
  [홀드아웃] 배송 49.9±1.1 완주 0.99 스텝 890 점수 126.9 재적재 7.8 2홉+ 0.61 | 최고 126.9@ep800 정체 6/15
Ep 1101 | 드론4 목적지34 | 1000스텝 | 배송 33/34 | 재적재  6 | 중계율 0.43 | alpha 1.653 | step_limit
Ep 1102 | 드론3 목적지40 |  873스텝 | 배송 40/40 | 재적재  7 | 중계율 0.29 | alpha 1.662 | complete
Ep 1103 | 드론4 목적지64 |  880스텝 | 배송 64/64 | 재적재 11 | 중계율 0.26 | alpha 1.684 | complete
Ep 1104 | 드론4 목적지35 |  612스텝 | 배송 35/35 | 재적재  6 | 중계율 0.32 | alpha 1.668 | complete
Ep 1105 | 드론3 목적지57 | 1000스텝 | 배송 49/57 | 재적재  8 | 중계율 0.27 | alpha 1.654 | step_limit
Ep 1106 | 드론4 목적지71 |  740스텝 | 배송 71/71 | 재적재 13 | 중계율 0.17 | alpha 1.657 | complete
Ep 1107 | 드론4 목적지71 | 1000스텝 | 배송 70/71 | 재적재 11 | 중계율 0.33 | alpha 1.651 | step_limit
Ep 1108 | 드론4 목적지48 |  721스텝 | 배송 48/48 | 재적재  8 | 중계율 0.22 | alpha 1.640 | complete
Ep 1109 | 드론3 목적지55 |  830스텝 | 배송 55/55 | 재적재  9 | 중계율 0.22 | alpha 1.649 | complete
Ep 1110 | 드론3 목적지34 |  865스텝 | 배송 34/34 | 재적재  6 | 중계율 0.33 | alpha 1.644 | complete
Ep 1111 | 드론4 목적지61 |  915스텝 | 배송 61/61 | 재적재 11 | 중계율 0.27 | alpha 1.636 | complete
Ep 1112 | 드론4 목적지34 |  585스텝 | 배송 34/34 | 재적재  5 | 중계율 0.34 | alpha 1.635 | complete
Ep 1113 | 드론4 목적지45 |  515스텝 | 배송 45/45 | 재적재  7 | 중계율 0.21 | alpha 1.644 | complete
Ep 1114 | 드론3 목적지76 | 1000스텝 | 배송 60/76 | 재적재 11 | 중계율 0.30 | alpha 1.631 | step_limit
Ep 1115 | 드론3 목적지29 |  566스텝 | 배송 29/29 | 재적재  4 | 중계율 0.27 | alpha 1.629 | complete
Ep 1116 | 드론3 목적지80 | 1000스텝 | 배송 63/80 | 재적재 12 | 중계율 0.26 | alpha 1.675 | step_limit
Ep 1117 | 드론3 목적지48 | 1000스텝 | 배송 46/48 | 재적재  8 | 중계율 0.26 | alpha 1.697 | step_limit
Ep 1118 | 드론4 목적지80 |  931스텝 | 배송 80/80 | 재적재 13 | 중계율 0.23 | alpha 1.713 | complete
Ep 1119 | 드론4 목적지54 |  875스텝 | 배송 54/54 | 재적재 10 | 중계율 0.30 | alpha 1.689 | complete
Ep 1120 | 드론3 목적지57 | 1000스텝 | 배송 56/57 | 재적재 11 | 중계율 0.30 | alpha 1.663 | step_limit
Ep 1121 | 드론4 목적지43 |  627스텝 | 배송 43/43 | 재적재  5 | 중계율 0.33 | alpha 1.677 | complete
Ep 1122 | 드론3 목적지56 |  946스텝 | 배송 56/56 | 재적재  9 | 중계율 0.24 | alpha 1.673 | complete
Ep 1123 | 드론4 목적지57 | 1000스텝 | 배송 56/57 | 재적재 10 | 중계율 0.32 | alpha 1.701 | step_limit
Ep 1124 | 드론4 목적지77 | 1000스텝 | 배송 74/77 | 재적재 13 | 중계율 0.20 | alpha 1.712 | step_limit
Ep 1125 | 드론3 목적지30 |  609스텝 | 배송 30/30 | 재적재  5 | 중계율 0.29 | alpha 1.731 | complete
Ep 1126 | 드론3 목적지48 |  809스텝 | 배송 48/48 | 재적재  8 | 중계율 0.22 | alpha 1.712 | complete
Ep 1127 | 드론4 목적지45 |  598스텝 | 배송 45/45 | 재적재  7 | 중계율 0.21 | alpha 1.701 | complete
Ep 1128 | 드론3 목적지54 | 1000스텝 | 배송 53/54 | 재적재 10 | 중계율 0.39 | alpha 1.711 | step_limit
Ep 1129 | 드론3 목적지52 |  941스텝 | 배송 52/52 | 재적재  9 | 중계율 0.22 | alpha 1.698 | complete
Ep 1130 | 드론3 목적지42 |  928스텝 | 배송 42/42 | 재적재  7 | 중계율 0.30 | alpha 1.693 | complete
Ep 1131 | 드론4 목적지68 |  972스텝 | 배송 68/68 | 재적재 13 | 중계율 0.28 | alpha 1.666 | complete
Ep 1132 | 드론3 목적지65 | 1000스텝 | 배송 57/65 | 재적재 10 | 중계율 0.31 | alpha 1.666 | step_limit
Ep 1133 | 드론3 목적지32 |  736스텝 | 배송 32/32 | 재적재  5 | 중계율 0.20 | alpha 1.660 | complete
Ep 1134 | 드론4 목적지76 | 1000스텝 | 배송 60/76 | 재적재 10 | 중계율 0.39 | alpha 1.665 | step_limit
Ep 1135 | 드론4 목적지79 |  819스텝 | 배송 79/79 | 재적재 15 | 중계율 0.15 | alpha 1.646 | complete
Ep 1136 | 드론4 목적지22 |  428스텝 | 배송 22/22 | 재적재  3 | 중계율 0.27 | alpha 1.655 | complete
Ep 1137 | 드론4 목적지74 | 1000스텝 | 배송 70/74 | 재적재 11 | 중계율 0.33 | alpha 1.654 | step_limit
Ep 1138 | 드론3 목적지38 |  849스텝 | 배송 38/38 | 재적재  7 | 중계율 0.41 | alpha 1.666 | complete
Ep 1139 | 드론4 목적지31 |  428스텝 | 배송 31/31 | 재적재  5 | 중계율 0.20 | alpha 1.661 | complete
Ep 1140 | 드론3 목적지47 |  720스텝 | 배송 47/47 | 재적재  8 | 중계율 0.27 | alpha 1.661 | complete
Ep 1141 | 드론3 목적지37 |  575스텝 | 배송 37/37 | 재적재  6 | 중계율 0.26 | alpha 1.636 | complete
Ep 1142 | 드론3 목적지53 |  857스텝 | 배송 53/53 | 재적재 10 | 중계율 0.28 | alpha 1.643 | complete
Ep 1143 | 드론3 목적지48 |  849스텝 | 배송 48/48 | 재적재  9 | 중계율 0.31 | alpha 1.642 | complete
Ep 1144 | 드론3 목적지70 | 1000스텝 | 배송 60/70 | 재적재 11 | 중계율 0.27 | alpha 1.629 | step_limit
Ep 1145 | 드론4 목적지48 |  492스텝 | 배송 48/48 | 재적재  7 | 중계율 0.15 | alpha 1.632 | complete
Ep 1146 | 드론3 목적지45 | 1000스텝 | 배송 43/45 | 재적재  8 | 중계율 0.41 | alpha 1.637 | step_limit
Ep 1147 | 드론4 목적지49 |  543스텝 | 배송 49/49 | 재적재  8 | 중계율 0.19 | alpha 1.627 | complete
Ep 1148 | 드론4 목적지22 |  373스텝 | 배송 22/22 | 재적재  3 | 중계율 0.29 | alpha 1.628 | complete
Ep 1149 | 드론3 목적지44 |  625스텝 | 배송 44/44 | 재적재  6 | 중계율 0.18 | alpha 1.638 | complete
Ep 1150 | 드론4 목적지51 |  746스텝 | 배송 51/51 | 재적재  9 | 중계율 0.31 | alpha 1.642 | complete
  [홀드아웃] 배송 49.9±0.4 완주 0.96 스텝 897 점수 124.3 재적재 7.7 2홉+ 0.62 | 최고 126.9@ep800 정체 7/15
Ep 1151 | 드론3 목적지63 | 1000스텝 | 배송 53/63 | 재적재 10 | 중계율 0.25 | alpha 1.667 | step_limit
Ep 1152 | 드론3 목적지47 |  858스텝 | 배송 47/47 | 재적재  7 | 중계율 0.27 | alpha 1.696 | complete
Ep 1153 | 드론3 목적지44 |  879스텝 | 배송 44/44 | 재적재  7 | 중계율 0.30 | alpha 1.699 | complete
Ep 1154 | 드론4 목적지39 |  535스텝 | 배송 39/39 | 재적재  7 | 중계율 0.25 | alpha 1.702 | complete
Ep 1155 | 드론3 목적지52 | 1000스텝 | 배송 51/52 | 재적재  9 | 중계율 0.32 | alpha 1.682 | step_limit
Ep 1156 | 드론4 목적지59 |  956스텝 | 배송 59/59 | 재적재 11 | 중계율 0.25 | alpha 1.682 | complete
Ep 1157 | 드론3 목적지33 |  623스텝 | 배송 33/33 | 재적재  4 | 중계율 0.41 | alpha 1.697 | complete
Ep 1158 | 드론4 목적지55 | 1000스텝 | 배송 54/55 | 재적재  9 | 중계율 0.35 | alpha 1.702 | step_limit
Ep 1159 | 드론4 목적지33 |  404스텝 | 배송 33/33 | 재적재  5 | 중계율 0.25 | alpha 1.700 | complete
Ep 1160 | 드론4 목적지71 | 1000스텝 | 배송 55/71 | 재적재 10 | 중계율 0.31 | alpha 1.728 | step_limit
Ep 1161 | 드론4 목적지78 |  969스텝 | 배송 78/78 | 재적재 13 | 중계율 0.26 | alpha 1.746 | complete
Ep 1162 | 드론3 목적지27 |  447스텝 | 배송 27/27 | 재적재  4 | 중계율 0.21 | alpha 1.740 | complete
Ep 1163 | 드론3 목적지71 | 1000스텝 | 배송 56/71 | 재적재 10 | 중계율 0.29 | alpha 1.729 | step_limit
Ep 1164 | 드론4 목적지24 |  468스텝 | 배송 24/24 | 재적재  3 | 중계율 0.39 | alpha 1.721 | complete
Ep 1165 | 드론3 목적지47 |  888스텝 | 배송 47/47 | 재적재  8 | 중계율 0.25 | alpha 1.721 | complete
Ep 1166 | 드론4 목적지79 | 1000스텝 | 배송 73/79 | 재적재 13 | 중계율 0.28 | alpha 1.694 | step_limit
Ep 1167 | 드론3 목적지74 | 1000스텝 | 배송 61/74 | 재적재 11 | 중계율 0.25 | alpha 1.686 | step_limit
Ep 1168 | 드론3 목적지68 |  942스텝 | 배송 68/68 | 재적재 12 | 중계율 0.18 | alpha 1.674 | complete
Ep 1169 | 드론3 목적지79 | 1000스텝 | 배송 70/79 | 재적재 12 | 중계율 0.24 | alpha 1.669 | step_limit
Ep 1170 | 드론3 목적지39 |  639스텝 | 배송 39/39 | 재적재  7 | 중계율 0.23 | alpha 1.693 | complete
Ep 1171 | 드론4 목적지25 |  449스텝 | 배송 25/25 | 재적재  3 | 중계율 0.20 | alpha 1.707 | complete
Ep 1172 | 드론3 목적지21 |  383스텝 | 배송 21/21 | 재적재  2 | 중계율 0.18 | alpha 1.717 | complete
Ep 1173 | 드론4 목적지53 |  521스텝 | 배송 53/53 | 재적재  9 | 중계율 0.19 | alpha 1.730 | complete
Ep 1174 | 드론3 목적지51 | 1000스텝 | 배송 47/51 | 재적재  8 | 중계율 0.28 | alpha 1.761 | step_limit
Ep 1175 | 드론3 목적지74 | 1000스텝 | 배송 65/74 | 재적재 13 | 중계율 0.29 | alpha 1.759 | step_limit
Ep 1176 | 드론3 목적지66 | 1000스텝 | 배송 60/66 | 재적재 10 | 중계율 0.36 | alpha 1.748 | step_limit
Ep 1177 | 드론3 목적지66 |  981스텝 | 배송 66/66 | 재적재 13 | 중계율 0.23 | alpha 1.758 | complete
Ep 1178 | 드론4 목적지39 |  857스텝 | 배송 39/39 | 재적재  7 | 중계율 0.42 | alpha 1.744 | complete
Ep 1179 | 드론3 목적지21 |  457스텝 | 배송 21/21 | 재적재  2 | 중계율 0.36 | alpha 1.751 | complete
Ep 1180 | 드론3 목적지33 |  665스텝 | 배송 33/33 | 재적재  5 | 중계율 0.27 | alpha 1.755 | complete
Ep 1181 | 드론3 목적지41 |  795스텝 | 배송 41/41 | 재적재  8 | 중계율 0.33 | alpha 1.759 | complete
Ep 1182 | 드론4 목적지48 |  771스텝 | 배송 48/48 | 재적재  9 | 중계율 0.31 | alpha 1.770 | complete
Ep 1183 | 드론4 목적지22 |  602스텝 | 배송 22/22 | 재적재  3 | 중계율 0.32 | alpha 1.766 | complete
Ep 1184 | 드론4 목적지24 |  282스텝 | 배송 24/24 | 재적재  3 | 중계율 0.17 | alpha 1.767 | complete
Ep 1185 | 드론3 목적지79 | 1000스텝 | 배송 71/79 | 재적재 13 | 중계율 0.27 | alpha 1.750 | step_limit
Ep 1186 | 드론3 목적지43 |  720스텝 | 배송 43/43 | 재적재  7 | 중계율 0.26 | alpha 1.753 | complete
Ep 1187 | 드론4 목적지80 |  905스텝 | 배송 80/80 | 재적재 15 | 중계율 0.23 | alpha 1.753 | complete
Ep 1188 | 드론3 목적지67 | 1000스텝 | 배송 63/67 | 재적재 11 | 중계율 0.23 | alpha 1.750 | step_limit
Ep 1189 | 드론4 목적지67 | 1000스텝 | 배송 64/67 | 재적재 10 | 중계율 0.31 | alpha 1.768 | step_limit
Ep 1190 | 드론3 목적지28 |  648스텝 | 배송 28/28 | 재적재  5 | 중계율 0.32 | alpha 1.754 | complete
Ep 1191 | 드론3 목적지67 | 1000스텝 | 배송 63/67 | 재적재 11 | 중계율 0.25 | alpha 1.723 | step_limit
Ep 1192 | 드론3 목적지44 |  885스텝 | 배송 44/44 | 재적재  8 | 중계율 0.34 | alpha 1.704 | complete
Ep 1193 | 드론4 목적지53 |  591스텝 | 배송 53/53 | 재적재  9 | 중계율 0.15 | alpha 1.694 | complete
Ep 1194 | 드론4 목적지27 |  428스텝 | 배송 27/27 | 재적재  4 | 중계율 0.23 | alpha 1.680 | complete
Ep 1195 | 드론4 목적지57 |  731스텝 | 배송 57/57 | 재적재 10 | 중계율 0.17 | alpha 1.680 | complete
Ep 1196 | 드론3 목적지74 | 1000스텝 | 배송 60/74 | 재적재 10 | 중계율 0.17 | alpha 1.680 | step_limit
Ep 1197 | 드론4 목적지25 |  329스텝 | 배송 25/25 | 재적재  4 | 중계율 0.27 | alpha 1.672 | complete
Ep 1198 | 드론4 목적지35 |  634스텝 | 배송 35/35 | 재적재  6 | 중계율 0.28 | alpha 1.678 | complete
Ep 1199 | 드론4 목적지29 |  877스텝 | 배송 29/29 | 재적재  4 | 중계율 0.39 | alpha 1.687 | complete
Ep 1200 | 드론3 목적지40 |  709스텝 | 배송 40/40 | 재적재  6 | 중계율 0.21 | alpha 1.665 | complete
  [홀드아웃] 배송 49.9±0.7 완주 0.99 스텝 883 점수 127.0 재적재 7.7 2홉+ 0.62 | 최고 127.0@ep1200 정체 0/15  ← 갱신
Ep 1201 | 드론3 목적지43 |  809스텝 | 배송 43/43 | 재적재  8 | 중계율 0.26 | alpha 1.669 | complete
Ep 1202 | 드론3 목적지25 |  339스텝 | 배송 25/25 | 재적재  3 | 중계율 0.11 | alpha 1.686 | complete
Ep 1203 | 드론3 목적지48 |  823스텝 | 배송 48/48 | 재적재  8 | 중계율 0.20 | alpha 1.696 | complete
Ep 1204 | 드론3 목적지59 | 1000스텝 | 배송 53/59 | 재적재  8 | 중계율 0.32 | alpha 1.671 | step_limit
Ep 1205 | 드론4 목적지53 |  564스텝 | 배송 53/53 | 재적재  9 | 중계율 0.20 | alpha 1.682 | complete
Ep 1206 | 드론3 목적지45 |  814스텝 | 배송 45/45 | 재적재  8 | 중계율 0.30 | alpha 1.679 | complete
Ep 1207 | 드론3 목적지72 | 1000스텝 | 배송 56/72 | 재적재  9 | 중계율 0.33 | alpha 1.706 | step_limit
Ep 1208 | 드론3 목적지68 | 1000스텝 | 배송 60/68 | 재적재 12 | 중계율 0.30 | alpha 1.744 | step_limit
Ep 1209 | 드론4 목적지37 |  635스텝 | 배송 37/37 | 재적재  6 | 중계율 0.27 | alpha 1.774 | complete
Ep 1210 | 드론3 목적지40 |  687스텝 | 배송 40/40 | 재적재  6 | 중계율 0.30 | alpha 1.766 | complete
Ep 1211 | 드론4 목적지40 |  490스텝 | 배송 40/40 | 재적재  7 | 중계율 0.21 | alpha 1.758 | complete
Ep 1212 | 드론4 목적지47 |  685스텝 | 배송 47/47 | 재적재  8 | 중계율 0.28 | alpha 1.753 | complete
Ep 1213 | 드론4 목적지44 |  641스텝 | 배송 44/44 | 재적재  6 | 중계율 0.31 | alpha 1.739 | complete
Ep 1214 | 드론3 목적지54 |  952스텝 | 배송 54/54 | 재적재  9 | 중계율 0.32 | alpha 1.739 | complete
Ep 1215 | 드론3 목적지71 | 1000스텝 | 배송 65/71 | 재적재 12 | 중계율 0.28 | alpha 1.791 | step_limit
Ep 1216 | 드론4 목적지68 | 1000스텝 | 배송 64/68 | 재적재 11 | 중계율 0.30 | alpha 1.784 | step_limit
Ep 1217 | 드론3 목적지48 | 1000스텝 | 배송 44/48 | 재적재  7 | 중계율 0.26 | alpha 1.812 | step_limit
Ep 1218 | 드론4 목적지37 |  414스텝 | 배송 37/37 | 재적재  4 | 중계율 0.24 | alpha 1.810 | complete
Ep 1219 | 드론3 목적지80 | 1000스텝 | 배송 67/80 | 재적재 12 | 중계율 0.26 | alpha 1.800 | step_limit
Ep 1220 | 드론3 목적지63 | 1000스텝 | 배송 61/63 | 재적재 12 | 중계율 0.25 | alpha 1.800 | step_limit
Ep 1221 | 드론3 목적지21 |  493스텝 | 배송 21/21 | 재적재  3 | 중계율 0.27 | alpha 1.794 | complete
Ep 1222 | 드론3 목적지59 |  939스텝 | 배송 59/59 | 재적재 11 | 중계율 0.22 | alpha 1.792 | complete
Ep 1223 | 드론3 목적지25 |  541스텝 | 배송 25/25 | 재적재  3 | 중계율 0.31 | alpha 1.787 | complete
Ep 1224 | 드론3 목적지53 |  898스텝 | 배송 53/53 | 재적재  8 | 중계율 0.28 | alpha 1.782 | complete
Ep 1225 | 드론3 목적지66 | 1000스텝 | 배송 64/66 | 재적재 11 | 중계율 0.30 | alpha 1.809 | step_limit
Ep 1226 | 드론4 목적지39 |  464스텝 | 배송 39/39 | 재적재  6 | 중계율 0.13 | alpha 1.818 | complete
Ep 1227 | 드론4 목적지70 |  876스텝 | 배송 70/70 | 재적재 11 | 중계율 0.21 | alpha 1.828 | complete
Ep 1228 | 드론3 목적지52 | 1000스텝 | 배송 51/52 | 재적재 10 | 중계율 0.27 | alpha 1.825 | step_limit
Ep 1229 | 드론3 목적지43 |  726스텝 | 배송 43/43 | 재적재  8 | 중계율 0.24 | alpha 1.839 | complete
Ep 1230 | 드론3 목적지79 | 1000스텝 | 배송 62/79 | 재적재 11 | 중계율 0.29 | alpha 1.855 | step_limit
Ep 1231 | 드론3 목적지30 |  425스텝 | 배송 30/30 | 재적재  5 | 중계율 0.16 | alpha 1.852 | complete
Ep 1232 | 드론3 목적지67 |  838스텝 | 배송 67/67 | 재적재 11 | 중계율 0.19 | alpha 1.847 | complete
Ep 1233 | 드론4 목적지36 |  631스텝 | 배송 36/36 | 재적재  5 | 중계율 0.32 | alpha 1.852 | complete
Ep 1234 | 드론3 목적지71 | 1000스텝 | 배송 64/71 | 재적재 11 | 중계율 0.27 | alpha 1.851 | step_limit
Ep 1235 | 드론4 목적지57 |  901스텝 | 배송 57/57 | 재적재 11 | 중계율 0.30 | alpha 1.834 | complete
Ep 1236 | 드론4 목적지53 |  818스텝 | 배송 53/53 | 재적재  9 | 중계율 0.33 | alpha 1.833 | complete
Ep 1237 | 드론4 목적지71 | 1000스텝 | 배송 57/71 | 재적재 10 | 중계율 0.35 | alpha 1.831 | step_limit
Ep 1238 | 드론4 목적지65 | 1000스텝 | 배송 59/65 | 재적재  9 | 중계율 0.38 | alpha 1.793 | step_limit
Ep 1239 | 드론3 목적지60 | 1000스텝 | 배송 57/60 | 재적재 10 | 중계율 0.33 | alpha 1.803 | step_limit
Ep 1240 | 드론3 목적지53 |  993스텝 | 배송 53/53 | 재적재  8 | 중계율 0.34 | alpha 1.834 | complete
Ep 1241 | 드론3 목적지80 | 1000스텝 | 배송 66/80 | 재적재 12 | 중계율 0.30 | alpha 1.871 | step_limit
Ep 1242 | 드론4 목적지25 |  336스텝 | 배송 25/25 | 재적재  4 | 중계율 0.26 | alpha 1.878 | complete
Ep 1243 | 드론3 목적지63 | 1000스텝 | 배송 57/63 | 재적재 10 | 중계율 0.29 | alpha 1.853 | step_limit
Ep 1244 | 드론4 목적지36 |  619스텝 | 배송 36/36 | 재적재  6 | 중계율 0.36 | alpha 1.854 | complete
Ep 1245 | 드론4 목적지42 |  919스텝 | 배송 42/42 | 재적재  8 | 중계율 0.34 | alpha 1.840 | complete
Ep 1246 | 드론3 목적지34 |  543스텝 | 배송 34/34 | 재적재  6 | 중계율 0.17 | alpha 1.849 | complete
Ep 1247 | 드론4 목적지41 |  504스텝 | 배송 41/41 | 재적재  6 | 중계율 0.22 | alpha 1.835 | complete
Ep 1248 | 드론4 목적지56 |  782스텝 | 배송 56/56 | 재적재 10 | 중계율 0.21 | alpha 1.792 | complete
Ep 1249 | 드론3 목적지52 | 1000스텝 | 배송 40/52 | 재적재  7 | 중계율 0.20 | alpha 1.782 | step_limit
Ep 1250 | 드론3 목적지29 |  987스텝 | 배송 25/29 | 재적재  5 | 중계율 0.38 | alpha 1.784 | no_progress
  [홀드아웃] 배송 49.9±0.5 완주 0.97 스텝 891 점수 125.6 재적재 7.8 2홉+ 0.62 | 최고 127.0@ep1200 정체 1/15
Ep 1251 | 드론3 목적지71 | 1000스텝 | 배송 60/71 | 재적재 12 | 중계율 0.30 | alpha 1.784 | step_limit
Ep 1252 | 드론4 목적지79 | 1000스텝 | 배송 70/79 | 재적재 12 | 중계율 0.28 | alpha 1.786 | step_limit
Ep 1253 | 드론4 목적지71 | 1000스텝 | 배송 65/71 | 재적재 10 | 중계율 0.35 | alpha 1.776 | step_limit
Ep 1254 | 드론4 목적지47 |  749스텝 | 배송 47/47 | 재적재  7 | 중계율 0.30 | alpha 1.777 | complete
Ep 1255 | 드론4 목적지70 |  863스텝 | 배송 70/70 | 재적재 12 | 중계율 0.28 | alpha 1.785 | complete
Ep 1256 | 드론3 목적지67 | 1000스텝 | 배송 62/67 | 재적재 11 | 중계율 0.30 | alpha 1.782 | step_limit
Ep 1257 | 드론3 목적지41 |  741스텝 | 배송 41/41 | 재적재  6 | 중계율 0.31 | alpha 1.800 | complete
Ep 1258 | 드론4 목적지41 |  615스텝 | 배송 41/41 | 재적재  7 | 중계율 0.26 | alpha 1.816 | complete
Ep 1259 | 드론3 목적지67 | 1000스텝 | 배송 58/67 | 재적재 10 | 중계율 0.27 | alpha 1.842 | step_limit
Ep 1260 | 드론3 목적지20 |  422스텝 | 배송 20/20 | 재적재  2 | 중계율 0.31 | alpha 1.836 | complete
Ep 1261 | 드론3 목적지45 |  829스텝 | 배송 45/45 | 재적재  8 | 중계율 0.27 | alpha 1.845 | complete
Ep 1262 | 드론3 목적지61 | 1000스텝 | 배송 60/61 | 재적재 10 | 중계율 0.30 | alpha 1.857 | step_limit
Ep 1263 | 드론4 목적지34 |  598스텝 | 배송 34/34 | 재적재  6 | 중계율 0.28 | alpha 1.873 | complete
Ep 1264 | 드론4 목적지31 |  384스텝 | 배송 31/31 | 재적재  5 | 중계율 0.18 | alpha 1.878 | complete
Ep 1265 | 드론3 목적지56 | 1000스텝 | 배송 55/56 | 재적재  8 | 중계율 0.30 | alpha 1.861 | step_limit
Ep 1266 | 드론3 목적지23 |  396스텝 | 배송 23/23 | 재적재  4 | 중계율 0.16 | alpha 1.857 | complete
Ep 1267 | 드론3 목적지63 | 1000스텝 | 배송 55/63 | 재적재 11 | 중계율 0.27 | alpha 1.865 | step_limit
Ep 1268 | 드론3 목적지39 |  558스텝 | 배송 39/39 | 재적재  7 | 중계율 0.20 | alpha 1.877 | complete
Ep 1269 | 드론4 목적지70 |  984스텝 | 배송 70/70 | 재적재 12 | 중계율 0.23 | alpha 1.918 | complete
Ep 1270 | 드론4 목적지39 |  654스텝 | 배송 39/39 | 재적재  5 | 중계율 0.27 | alpha 1.933 | complete
Ep 1271 | 드론3 목적지74 | 1000스텝 | 배송 71/74 | 재적재 14 | 중계율 0.20 | alpha 1.930 | step_limit
Ep 1272 | 드론4 목적지20 |  344스텝 | 배송 20/20 | 재적재  1 | 중계율 0.38 | alpha 1.934 | complete
Ep 1273 | 드론3 목적지27 |  571스텝 | 배송 27/27 | 재적재  4 | 중계율 0.30 | alpha 1.930 | complete
Ep 1274 | 드론3 목적지34 |  783스텝 | 배송 34/34 | 재적재  4 | 중계율 0.35 | alpha 1.912 | complete
Ep 1275 | 드론3 목적지29 |  650스텝 | 배송 29/29 | 재적재  3 | 중계율 0.29 | alpha 1.902 | complete
Ep 1276 | 드론4 목적지62 |  942스텝 | 배송 62/62 | 재적재 11 | 중계율 0.33 | alpha 1.881 | complete
Ep 1277 | 드론3 목적지77 | 1000스텝 | 배송 72/77 | 재적재 13 | 중계율 0.22 | alpha 1.819 | step_limit
Ep 1278 | 드론3 목적지59 | 1000스텝 | 배송 54/59 | 재적재  9 | 중계율 0.35 | alpha 1.800 | step_limit
Ep 1279 | 드론4 목적지39 |  730스텝 | 배송 39/39 | 재적재  6 | 중계율 0.34 | alpha 1.775 | complete
Ep 1280 | 드론3 목적지31 |  714스텝 | 배송 31/31 | 재적재  5 | 중계율 0.28 | alpha 1.770 | complete
Ep 1281 | 드론3 목적지36 |  771스텝 | 배송 36/36 | 재적재  6 | 중계율 0.35 | alpha 1.786 | complete
Ep 1282 | 드론3 목적지39 |  838스텝 | 배송 39/39 | 재적재  7 | 중계율 0.30 | alpha 1.804 | complete
Ep 1283 | 드론3 목적지43 |  747스텝 | 배송 43/43 | 재적재  8 | 중계율 0.28 | alpha 1.812 | complete
Ep 1284 | 드론4 목적지25 |  585스텝 | 배송 25/25 | 재적재  4 | 중계율 0.41 | alpha 1.811 | complete
Ep 1285 | 드론4 목적지74 |  805스텝 | 배송 74/74 | 재적재 12 | 중계율 0.21 | alpha 1.799 | complete
Ep 1286 | 드론3 목적지76 | 1000스텝 | 배송 60/76 | 재적재 11 | 중계율 0.29 | alpha 1.803 | step_limit
Ep 1287 | 드론4 목적지59 |  902스텝 | 배송 59/59 | 재적재 10 | 중계율 0.29 | alpha 1.796 | complete
Ep 1288 | 드론4 목적지77 |  965스텝 | 배송 77/77 | 재적재 14 | 중계율 0.18 | alpha 1.799 | complete
Ep 1289 | 드론3 목적지24 |  386스텝 | 배송 24/24 | 재적재  3 | 중계율 0.18 | alpha 1.807 | complete
Ep 1290 | 드론4 목적지52 |  729스텝 | 배송 52/52 | 재적재  8 | 중계율 0.28 | alpha 1.803 | complete
Ep 1291 | 드론3 목적지42 |  670스텝 | 배송 42/42 | 재적재  7 | 중계율 0.19 | alpha 1.798 | complete
Ep 1292 | 드론3 목적지77 | 1000스텝 | 배송 64/77 | 재적재 11 | 중계율 0.30 | alpha 1.791 | step_limit
Ep 1293 | 드론4 목적지76 | 1000스텝 | 배송 75/76 | 재적재 15 | 중계율 0.30 | alpha 1.810 | step_limit
Ep 1294 | 드론4 목적지31 |  427스텝 | 배송 31/31 | 재적재  4 | 중계율 0.27 | alpha 1.800 | complete
Ep 1295 | 드론4 목적지61 | 1000스텝 | 배송 58/61 | 재적재  8 | 중계율 0.41 | alpha 1.811 | step_limit
Ep 1296 | 드론3 목적지50 |  964스텝 | 배송 50/50 | 재적재  9 | 중계율 0.26 | alpha 1.816 | complete
Ep 1297 | 드론4 목적지76 | 1000스텝 | 배송 73/76 | 재적재 13 | 중계율 0.31 | alpha 1.825 | step_limit
Ep 1298 | 드론4 목적지36 |  426스텝 | 배송 36/36 | 재적재  4 | 중계율 0.20 | alpha 1.830 | complete
Ep 1299 | 드론4 목적지66 |  738스텝 | 배송 66/66 | 재적재 11 | 중계율 0.20 | alpha 1.828 | complete
Ep 1300 | 드론3 목적지21 |  393스텝 | 배송 21/21 | 재적재  3 | 중계율 0.25 | alpha 1.840 | complete
  [홀드아웃] 배송 49.9±0.7 완주 0.99 스텝 899 점수 126.8 재적재 7.7 2홉+ 0.62 | 최고 127.0@ep1200 정체 2/15
Ep 1301 | 드론3 목적지47 |  908스텝 | 배송 47/47 | 재적재  8 | 중계율 0.30 | alpha 1.826 | complete
Ep 1302 | 드론3 목적지58 |  851스텝 | 배송 58/58 | 재적재  9 | 중계율 0.24 | alpha 1.824 | complete
Ep 1303 | 드론4 목적지61 |  905스텝 | 배송 61/61 | 재적재 10 | 중계율 0.32 | alpha 1.821 | complete
Ep 1304 | 드론3 목적지67 | 1000스텝 | 배송 64/67 | 재적재 12 | 중계율 0.26 | alpha 1.845 | step_limit
Ep 1305 | 드론4 목적지61 |  714스텝 | 배송 61/61 | 재적재 11 | 중계율 0.20 | alpha 1.837 | complete
Ep 1306 | 드론3 목적지79 | 1000스텝 | 배송 68/79 | 재적재 12 | 중계율 0.22 | alpha 1.827 | step_limit
Ep 1307 | 드론4 목적지73 | 1000스텝 | 배송 72/73 | 재적재 13 | 중계율 0.23 | alpha 1.825 | step_limit
Ep 1308 | 드론4 목적지60 |  948스텝 | 배송 60/60 | 재적재 10 | 중계율 0.37 | alpha 1.838 | complete
Ep 1309 | 드론4 목적지77 | 1000스텝 | 배송 71/77 | 재적재 13 | 중계율 0.23 | alpha 1.824 | step_limit
Ep 1310 | 드론4 목적지72 |  950스텝 | 배송 72/72 | 재적재 13 | 중계율 0.28 | alpha 1.806 | complete
Ep 1311 | 드론3 목적지60 | 1000스텝 | 배송 59/60 | 재적재 10 | 중계율 0.29 | alpha 1.828 | step_limit
Ep 1312 | 드론4 목적지59 | 1000스텝 | 배송 58/59 | 재적재 10 | 중계율 0.34 | alpha 1.848 | step_limit
Ep 1313 | 드론3 목적지72 | 1000스텝 | 배송 60/72 | 재적재 10 | 중계율 0.29 | alpha 1.841 | step_limit
Ep 1314 | 드론3 목적지67 | 1000스텝 | 배송 55/67 | 재적재  9 | 중계율 0.32 | alpha 1.841 | step_limit
Ep 1315 | 드론4 목적지58 |  737스텝 | 배송 58/58 | 재적재 10 | 중계율 0.22 | alpha 1.815 | complete
Ep 1316 | 드론3 목적지66 | 1000스텝 | 배송 59/66 | 재적재 11 | 중계율 0.36 | alpha 1.805 | step_limit
Ep 1317 | 드론4 목적지67 | 1000스텝 | 배송 65/67 | 재적재 11 | 중계율 0.24 | alpha 1.772 | step_limit
Ep 1318 | 드론3 목적지28 |  690스텝 | 배송 28/28 | 재적재  5 | 중계율 0.32 | alpha 1.775 | complete
Ep 1319 | 드론3 목적지34 |  659스텝 | 배송 34/34 | 재적재  6 | 중계율 0.29 | alpha 1.776 | complete
Ep 1320 | 드론3 목적지57 |  850스텝 | 배송 57/57 | 재적재 10 | 중계율 0.25 | alpha 1.766 | complete
Ep 1321 | 드론4 목적지59 |  855스텝 | 배송 59/59 | 재적재 11 | 중계율 0.19 | alpha 1.760 | complete
Ep 1322 | 드론3 목적지39 |  756스텝 | 배송 39/39 | 재적재  6 | 중계율 0.30 | alpha 1.756 | complete
Ep 1323 | 드론4 목적지48 |  812스텝 | 배송 48/48 | 재적재  9 | 중계율 0.32 | alpha 1.755 | complete
Ep 1324 | 드론4 목적지52 |  532스텝 | 배송 52/52 | 재적재  9 | 중계율 0.16 | alpha 1.754 | complete
Ep 1325 | 드론4 목적지40 |  434스텝 | 배송 40/40 | 재적재  7 | 중계율 0.20 | alpha 1.747 | complete
Ep 1326 | 드론3 목적지40 |  870스텝 | 배송 40/40 | 재적재  7 | 중계율 0.36 | alpha 1.768 | complete
Ep 1327 | 드론3 목적지23 |  506스텝 | 배송 23/23 | 재적재  4 | 중계율 0.29 | alpha 1.770 | complete
Ep 1328 | 드론4 목적지25 |  582스텝 | 배송 25/25 | 재적재  3 | 중계율 0.33 | alpha 1.765 | complete
Ep 1329 | 드론3 목적지51 |  851스텝 | 배송 51/51 | 재적재  9 | 중계율 0.31 | alpha 1.745 | complete
Ep 1330 | 드론4 목적지42 | 1000스텝 | 배송 41/42 | 재적재  6 | 중계율 0.42 | alpha 1.763 | step_limit
Ep 1331 | 드론4 목적지48 |  803스텝 | 배송 48/48 | 재적재  7 | 중계율 0.36 | alpha 1.782 | complete
Ep 1332 | 드론4 목적지21 |  354스텝 | 배송 21/21 | 재적재  2 | 중계율 0.32 | alpha 1.789 | complete
Ep 1333 | 드론4 목적지42 |  668스텝 | 배송 42/42 | 재적재  7 | 중계율 0.30 | alpha 1.789 | complete
Ep 1334 | 드론4 목적지30 |  512스텝 | 배송 30/30 | 재적재  4 | 중계율 0.38 | alpha 1.800 | complete
Ep 1335 | 드론4 목적지52 |  600스텝 | 배송 52/52 | 재적재  8 | 중계율 0.21 | alpha 1.820 | complete
Ep 1336 | 드론3 목적지31 |  627스텝 | 배송 31/31 | 재적재  5 | 중계율 0.26 | alpha 1.819 | complete
Ep 1337 | 드론4 목적지70 |  796스텝 | 배송 70/70 | 재적재 13 | 중계율 0.18 | alpha 1.817 | complete
Ep 1338 | 드론3 목적지80 | 1000스텝 | 배송 66/80 | 재적재 13 | 중계율 0.28 | alpha 1.811 | step_limit
Ep 1339 | 드론4 목적지74 |  769스텝 | 배송 74/74 | 재적재 13 | 중계율 0.21 | alpha 1.818 | complete
Ep 1340 | 드론4 목적지77 | 1000스텝 | 배송 70/77 | 재적재 11 | 중계율 0.32 | alpha 1.814 | step_limit
Ep 1341 | 드론4 목적지30 |  495스텝 | 배송 30/30 | 재적재  4 | 중계율 0.18 | alpha 1.820 | complete
Ep 1342 | 드론4 목적지59 | 1000스텝 | 배송 49/59 | 재적재  6 | 중계율 0.35 | alpha 1.825 | step_limit
Ep 1343 | 드론4 목적지28 |  549스텝 | 배송 28/28 | 재적재  4 | 중계율 0.32 | alpha 1.812 | complete
Ep 1344 | 드론3 목적지48 |  886스텝 | 배송 48/48 | 재적재  9 | 중계율 0.26 | alpha 1.822 | complete
Ep 1345 | 드론3 목적지61 | 1000스텝 | 배송 55/61 | 재적재 10 | 중계율 0.22 | alpha 1.825 | step_limit
Ep 1346 | 드론3 목적지54 |  968스텝 | 배송 54/54 | 재적재  9 | 중계율 0.28 | alpha 1.830 | complete
Ep 1347 | 드론3 목적지68 | 1000스텝 | 배송 59/68 | 재적재 11 | 중계율 0.30 | alpha 1.811 | step_limit
Ep 1348 | 드론3 목적지25 |  398스텝 | 배송 25/25 | 재적재  3 | 중계율 0.24 | alpha 1.803 | complete
Ep 1349 | 드론4 목적지33 |  710스텝 | 배송 33/33 | 재적재  5 | 중계율 0.31 | alpha 1.787 | complete
Ep 1350 | 드론3 목적지70 |  866스텝 | 배송 70/70 | 재적재 11 | 중계율 0.22 | alpha 1.798 | complete
  [홀드아웃] 배송 49.8±1.0 완주 0.95 스텝 920 점수 122.7 재적재 7.7 2홉+ 0.62 | 최고 127.0@ep1200 정체 3/15
Ep 1351 | 드론3 목적지42 |  790스텝 | 배송 42/42 | 재적재  7 | 중계율 0.29 | alpha 1.812 | complete
Ep 1352 | 드론3 목적지30 |  595스텝 | 배송 30/30 | 재적재  4 | 중계율 0.38 | alpha 1.816 | complete
Ep 1353 | 드론3 목적지55 |  964스텝 | 배송 55/55 | 재적재 10 | 중계율 0.30 | alpha 1.804 | complete
Ep 1354 | 드론3 목적지25 |  470스텝 | 배송 25/25 | 재적재  2 | 중계율 0.32 | alpha 1.786 | complete
Ep 1355 | 드론3 목적지54 |  858스텝 | 배송 54/54 | 재적재  9 | 중계율 0.15 | alpha 1.765 | complete
Ep 1356 | 드론4 목적지76 | 1000스텝 | 배송 66/76 | 재적재 12 | 중계율 0.34 | alpha 1.746 | step_limit
Ep 1357 | 드론3 목적지61 | 1000스텝 | 배송 54/61 | 재적재  8 | 중계율 0.39 | alpha 1.758 | step_limit
Ep 1358 | 드론4 목적지36 |  557스텝 | 배송 36/36 | 재적재  6 | 중계율 0.24 | alpha 1.759 | complete
Ep 1359 | 드론3 목적지38 |  822스텝 | 배송 38/38 | 재적재  7 | 중계율 0.34 | alpha 1.774 | complete
Ep 1360 | 드론3 목적지22 |  476스텝 | 배송 22/22 | 재적재  2 | 중계율 0.28 | alpha 1.776 | complete
Ep 1361 | 드론3 목적지53 | 1000스텝 | 배송 49/53 | 재적재  8 | 중계율 0.33 | alpha 1.765 | step_limit
Ep 1362 | 드론3 목적지69 | 1000스텝 | 배송 59/69 | 재적재 10 | 중계율 0.27 | alpha 1.746 | step_limit
Ep 1363 | 드론4 목적지80 | 1000스텝 | 배송 77/80 | 재적재 14 | 중계율 0.28 | alpha 1.734 | step_limit
Ep 1364 | 드론3 목적지73 | 1000스텝 | 배송 56/73 | 재적재 11 | 중계율 0.27 | alpha 1.724 | step_limit
Ep 1365 | 드론4 목적지36 |  670스텝 | 배송 36/36 | 재적재  5 | 중계율 0.32 | alpha 1.734 | complete
Ep 1366 | 드론3 목적지76 | 1000스텝 | 배송 70/76 | 재적재 11 | 중계율 0.29 | alpha 1.735 | step_limit
Ep 1367 | 드론4 목적지75 |  943스텝 | 배송 75/75 | 재적재 14 | 중계율 0.18 | alpha 1.748 | complete
Ep 1368 | 드론4 목적지47 |  695스텝 | 배송 47/47 | 재적재  7 | 중계율 0.27 | alpha 1.743 | complete
Ep 1369 | 드론4 목적지68 |  919스텝 | 배송 68/68 | 재적재 12 | 중계율 0.29 | alpha 1.754 | complete
Ep 1370 | 드론4 목적지48 |  724스텝 | 배송 48/48 | 재적재  7 | 중계율 0.33 | alpha 1.764 | complete
Ep 1371 | 드론4 목적지24 |  354스텝 | 배송 24/24 | 재적재  3 | 중계율 0.18 | alpha 1.772 | complete
Ep 1372 | 드론4 목적지55 | 1000스텝 | 배송 53/55 | 재적재  9 | 중계율 0.34 | alpha 1.764 | step_limit
Ep 1373 | 드론3 목적지23 |  422스텝 | 배송 23/23 | 재적재  2 | 중계율 0.33 | alpha 1.756 | complete
Ep 1374 | 드론3 목적지27 |  723스텝 | 배송 27/27 | 재적재  4 | 중계율 0.31 | alpha 1.778 | complete
Ep 1375 | 드론3 목적지63 | 1000스텝 | 배송 55/63 | 재적재 10 | 중계율 0.32 | alpha 1.779 | step_limit
Ep 1376 | 드론4 목적지56 |  922스텝 | 배송 56/56 | 재적재  9 | 중계율 0.35 | alpha 1.797 | complete
Ep 1377 | 드론3 목적지60 | 1000스텝 | 배송 55/60 | 재적재 11 | 중계율 0.30 | alpha 1.802 | step_limit
Ep 1378 | 드론3 목적지73 | 1000스텝 | 배송 69/73 | 재적재 12 | 중계율 0.28 | alpha 1.833 | step_limit
Ep 1379 | 드론3 목적지49 |  909스텝 | 배송 49/49 | 재적재  9 | 중계율 0.29 | alpha 1.826 | complete
Ep 1380 | 드론3 목적지67 | 1000스텝 | 배송 60/67 | 재적재 10 | 중계율 0.21 | alpha 1.808 | step_limit
Ep 1381 | 드론3 목적지63 |  989스텝 | 배송 63/63 | 재적재 10 | 중계율 0.24 | alpha 1.789 | complete
Ep 1382 | 드론3 목적지74 | 1000스텝 | 배송 56/74 | 재적재  9 | 중계율 0.33 | alpha 1.777 | step_limit
Ep 1383 | 드론3 목적지48 |  990스텝 | 배송 48/48 | 재적재  8 | 중계율 0.36 | alpha 1.765 | complete
Ep 1384 | 드론4 목적지26 |  489스텝 | 배송 26/26 | 재적재  3 | 중계율 0.36 | alpha 1.765 | complete
Ep 1385 | 드론3 목적지38 |  731스텝 | 배송 38/38 | 재적재  6 | 중계율 0.25 | alpha 1.791 | complete
Ep 1386 | 드론3 목적지20 |  452스텝 | 배송 20/20 | 재적재  2 | 중계율 0.25 | alpha 1.803 | complete
Ep 1387 | 드론4 목적지36 |  726스텝 | 배송 36/36 | 재적재  6 | 중계율 0.32 | alpha 1.807 | complete
Ep 1388 | 드론3 목적지50 |  901스텝 | 배송 50/50 | 재적재  7 | 중계율 0.30 | alpha 1.791 | complete
Ep 1389 | 드론3 목적지77 | 1000스텝 | 배송 57/77 | 재적재 10 | 중계율 0.18 | alpha 1.781 | step_limit
Ep 1390 | 드론4 목적지20 |  383스텝 | 배송 20/20 | 재적재  3 | 중계율 0.20 | alpha 1.768 | complete
Ep 1391 | 드론4 목적지64 |  831스텝 | 배송 64/64 | 재적재 11 | 중계율 0.22 | alpha 1.759 | complete
Ep 1392 | 드론3 목적지63 | 1000스텝 | 배송 60/63 | 재적재 11 | 중계율 0.29 | alpha 1.749 | step_limit
Ep 1393 | 드론4 목적지76 | 1000스텝 | 배송 72/76 | 재적재 12 | 중계율 0.30 | alpha 1.768 | step_limit
Ep 1394 | 드론4 목적지23 |  463스텝 | 배송 23/23 | 재적재  2 | 중계율 0.42 | alpha 1.773 | complete
Ep 1395 | 드론3 목적지25 |  711스텝 | 배송 25/25 | 재적재  4 | 중계율 0.28 | alpha 1.767 | complete
Ep 1396 | 드론3 목적지59 | 1000스텝 | 배송 55/59 | 재적재  8 | 중계율 0.39 | alpha 1.757 | step_limit
Ep 1397 | 드론4 목적지49 |  646스텝 | 배송 49/49 | 재적재  8 | 중계율 0.25 | alpha 1.747 | complete
Ep 1398 | 드론4 목적지66 |  823스텝 | 배송 66/66 | 재적재 11 | 중계율 0.21 | alpha 1.742 | complete
Ep 1399 | 드론3 목적지69 | 1000스텝 | 배송 59/69 | 재적재  9 | 중계율 0.32 | alpha 1.727 | step_limit
Ep 1400 | 드론3 목적지50 |  882스텝 | 배송 50/50 | 재적재  9 | 중계율 0.28 | alpha 1.732 | complete
  [홀드아웃] 배송 50.0±0.0 완주 1.00 스텝 885 점수 128.2 재적재 7.6 2홉+ 0.62 | 최고 128.2@ep1400 정체 0/15  ← 갱신
Ep 1401 | 드론4 목적지71 |  931스텝 | 배송 71/71 | 재적재 13 | 중계율 0.19 | alpha 1.727 | complete
Ep 1402 | 드론3 목적지44 |  782스텝 | 배송 44/44 | 재적재  7 | 중계율 0.29 | alpha 1.742 | complete
Ep 1403 | 드론3 목적지67 | 1000스텝 | 배송 57/67 | 재적재 10 | 중계율 0.33 | alpha 1.720 | step_limit
Ep 1404 | 드론4 목적지45 |  508스텝 | 배송 45/45 | 재적재  7 | 중계율 0.26 | alpha 1.710 | complete
Ep 1405 | 드론3 목적지39 |  820스텝 | 배송 39/39 | 재적재  6 | 중계율 0.38 | alpha 1.718 | complete
Ep 1406 | 드론3 목적지67 | 1000스텝 | 배송 64/67 | 재적재 10 | 중계율 0.27 | alpha 1.744 | step_limit
Ep 1407 | 드론4 목적지73 | 1000스텝 | 배송 55/73 | 재적재  9 | 중계율 0.35 | alpha 1.769 | step_limit
Ep 1408 | 드론4 목적지61 |  748스텝 | 배송 61/61 | 재적재 10 | 중계율 0.29 | alpha 1.795 | complete
Ep 1409 | 드론4 목적지73 |  924스텝 | 배송 73/73 | 재적재 14 | 중계율 0.27 | alpha 1.796 | complete
Ep 1410 | 드론4 목적지74 | 1000스텝 | 배송 68/74 | 재적재 13 | 중계율 0.33 | alpha 1.794 | step_limit
Ep 1411 | 드론3 목적지29 |  551스텝 | 배송 29/29 | 재적재  4 | 중계율 0.27 | alpha 1.809 | complete
Ep 1412 | 드론4 목적지25 |  456스텝 | 배송 25/25 | 재적재  3 | 중계율 0.30 | alpha 1.799 | complete
Ep 1413 | 드론3 목적지67 | 1000스텝 | 배송 58/67 | 재적재 10 | 중계율 0.27 | alpha 1.794 | step_limit
Ep 1414 | 드론3 목적지55 | 1000스텝 | 배송 53/55 | 재적재  9 | 중계율 0.40 | alpha 1.796 | step_limit
Ep 1415 | 드론3 목적지54 | 1000스텝 | 배송 47/54 | 재적재  9 | 중계율 0.36 | alpha 1.794 | step_limit
Ep 1416 | 드론4 목적지23 |  372스텝 | 배송 23/23 | 재적재  3 | 중계율 0.26 | alpha 1.792 | complete
Ep 1417 | 드론4 목적지70 |  958스텝 | 배송 70/70 | 재적재 12 | 중계율 0.21 | alpha 1.773 | complete
Ep 1418 | 드론4 목적지37 | 1000스텝 | 배송 33/37 | 재적재  4 | 중계율 0.41 | alpha 1.743 | step_limit
Ep 1419 | 드론3 목적지42 |  787스텝 | 배송 42/42 | 재적재  8 | 중계율 0.29 | alpha 1.736 | complete
Ep 1420 | 드론4 목적지49 |  628스텝 | 배송 49/49 | 재적재  8 | 중계율 0.21 | alpha 1.731 | complete
Ep 1421 | 드론4 목적지31 |  472스텝 | 배송 31/31 | 재적재  5 | 중계율 0.16 | alpha 1.707 | complete
Ep 1422 | 드론3 목적지45 |  958스텝 | 배송 45/45 | 재적재  8 | 중계율 0.33 | alpha 1.705 | complete
Ep 1423 | 드론4 목적지34 |  576스텝 | 배송 34/34 | 재적재  5 | 중계율 0.22 | alpha 1.693 | complete
Ep 1424 | 드론3 목적지23 |  457스텝 | 배송 23/23 | 재적재  3 | 중계율 0.33 | alpha 1.685 | complete
Ep 1425 | 드론3 목적지56 | 1000스텝 | 배송 50/56 | 재적재  8 | 중계율 0.38 | alpha 1.706 | step_limit
Ep 1426 | 드론4 목적지80 | 1000스텝 | 배송 79/80 | 재적재 12 | 중계율 0.28 | alpha 1.714 | step_limit
Ep 1427 | 드론4 목적지76 |  850스텝 | 배송 76/76 | 재적재 14 | 중계율 0.21 | alpha 1.739 | complete
Ep 1428 | 드론4 목적지31 |  654스텝 | 배송 31/31 | 재적재  4 | 중계율 0.40 | alpha 1.759 | complete
Ep 1429 | 드론3 목적지48 |  931스텝 | 배송 48/48 | 재적재  7 | 중계율 0.31 | alpha 1.769 | complete
Ep 1430 | 드론3 목적지37 |  678스텝 | 배송 37/37 | 재적재  5 | 중계율 0.25 | alpha 1.783 | complete
Ep 1431 | 드론4 목적지26 |  680스텝 | 배송 26/26 | 재적재  4 | 중계율 0.41 | alpha 1.782 | complete
Ep 1432 | 드론4 목적지72 | 1000스텝 | 배송 62/72 | 재적재 11 | 중계율 0.30 | alpha 1.791 | step_limit
Ep 1433 | 드론3 목적지67 | 1000스텝 | 배송 60/67 | 재적재  9 | 중계율 0.35 | alpha 1.788 | step_limit
Ep 1434 | 드론4 목적지69 |  696스텝 | 배송 69/69 | 재적재 12 | 중계율 0.17 | alpha 1.801 | complete
Ep 1435 | 드론4 목적지40 |  697스텝 | 배송 40/40 | 재적재  7 | 중계율 0.27 | alpha 1.797 | complete
Ep 1436 | 드론3 목적지52 | 1000스텝 | 배송 49/52 | 재적재  9 | 중계율 0.26 | alpha 1.801 | step_limit
Ep 1437 | 드론3 목적지25 |  418스텝 | 배송 25/25 | 재적재  3 | 중계율 0.25 | alpha 1.792 | complete
Ep 1438 | 드론4 목적지45 |  739스텝 | 배송 45/45 | 재적재  8 | 중계율 0.17 | alpha 1.789 | complete
Ep 1439 | 드론4 목적지68 |  781스텝 | 배송 68/68 | 재적재 11 | 중계율 0.26 | alpha 1.782 | complete
Ep 1440 | 드론3 목적지31 |  643스텝 | 배송 31/31 | 재적재  5 | 중계율 0.31 | alpha 1.767 | complete
Ep 1441 | 드론3 목적지60 | 1000스텝 | 배송 51/60 | 재적재 10 | 중계율 0.34 | alpha 1.767 | step_limit
Ep 1442 | 드론4 목적지23 |  379스텝 | 배송 23/23 | 재적재  4 | 중계율 0.26 | alpha 1.775 | complete
Ep 1443 | 드론3 목적지58 | 1000스텝 | 배송 54/58 | 재적재 10 | 중계율 0.34 | alpha 1.806 | step_limit
Ep 1444 | 드론3 목적지65 | 1000스텝 | 배송 60/65 | 재적재 12 | 중계율 0.29 | alpha 1.804 | step_limit
Ep 1445 | 드론3 목적지45 |  666스텝 | 배송 45/45 | 재적재  8 | 중계율 0.15 | alpha 1.831 | complete
Ep 1446 | 드론3 목적지50 |  908스텝 | 배송 50/50 | 재적재  9 | 중계율 0.33 | alpha 1.815 | complete
Ep 1447 | 드론4 목적지30 |  383스텝 | 배송 30/30 | 재적재  4 | 중계율 0.17 | alpha 1.824 | complete
Ep 1448 | 드론3 목적지28 |  551스텝 | 배송 28/28 | 재적재  3 | 중계율 0.33 | alpha 1.837 | complete
Ep 1449 | 드론4 목적지33 |  967스텝 | 배송 33/33 | 재적재  5 | 중계율 0.41 | alpha 1.875 | complete
Ep 1450 | 드론3 목적지34 |  640스텝 | 배송 34/34 | 재적재  5 | 중계율 0.28 | alpha 1.892 | complete
  [홀드아웃] 배송 49.9±1.2 완주 0.97 스텝 883 점수 125.7 재적재 7.7 2홉+ 0.62 | 최고 128.2@ep1400 정체 1/15
Ep 1451 | 드론3 목적지36 |  823스텝 | 배송 36/36 | 재적재  5 | 중계율 0.34 | alpha 1.880 | complete
Ep 1452 | 드론4 목적지58 |  885스텝 | 배송 58/58 | 재적재 10 | 중계율 0.28 | alpha 1.851 | complete
Ep 1453 | 드론3 목적지55 | 1000스텝 | 배송 54/55 | 재적재 10 | 중계율 0.20 | alpha 1.839 | step_limit
Ep 1454 | 드론3 목적지74 | 1000스텝 | 배송 66/74 | 재적재 11 | 중계율 0.24 | alpha 1.834 | step_limit
Ep 1455 | 드론3 목적지42 |  680스텝 | 배송 42/42 | 재적재  7 | 중계율 0.24 | alpha 1.824 | complete
Ep 1456 | 드론3 목적지36 |  647스텝 | 배송 36/36 | 재적재  6 | 중계율 0.35 | alpha 1.833 | complete
Ep 1457 | 드론4 목적지39 |  676스텝 | 배송 39/39 | 재적재  6 | 중계율 0.33 | alpha 1.823 | complete
Ep 1458 | 드론4 목적지46 |  786스텝 | 배송 46/46 | 재적재  8 | 중계율 0.27 | alpha 1.807 | complete
Ep 1459 | 드론4 목적지79 | 1000스텝 | 배송 75/79 | 재적재 14 | 중계율 0.33 | alpha 1.800 | step_limit
Ep 1460 | 드론4 목적지73 | 1000스텝 | 배송 65/73 | 재적재 11 | 중계율 0.31 | alpha 1.826 | step_limit
Ep 1461 | 드론3 목적지79 | 1000스텝 | 배송 60/79 | 재적재 10 | 중계율 0.36 | alpha 1.842 | step_limit
Ep 1462 | 드론3 목적지42 |  852스텝 | 배송 42/42 | 재적재  7 | 중계율 0.38 | alpha 1.858 | complete
Ep 1463 | 드론3 목적지46 |  851스텝 | 배송 46/46 | 재적재  9 | 중계율 0.26 | alpha 1.859 | complete
Ep 1464 | 드론4 목적지22 |  684스텝 | 배송 22/22 | 재적재  3 | 중계율 0.33 | alpha 1.848 | complete
Ep 1465 | 드론4 목적지27 | 1000스텝 | 배송 26/27 | 재적재  4 | 중계율 0.49 | alpha 1.846 | step_limit
Ep 1466 | 드론3 목적지49 |  874스텝 | 배송 49/49 | 재적재  9 | 중계율 0.32 | alpha 1.843 | complete
Ep 1467 | 드론3 목적지45 | 1000스텝 | 배송 44/45 | 재적재  7 | 중계율 0.31 | alpha 1.874 | step_limit
Ep 1468 | 드론4 목적지68 |  721스텝 | 배송 68/68 | 재적재 13 | 중계율 0.18 | alpha 1.864 | complete
Ep 1469 | 드론3 목적지36 |  708스텝 | 배송 36/36 | 재적재  7 | 중계율 0.29 | alpha 1.858 | complete
Ep 1470 | 드론3 목적지31 |  644스텝 | 배송 31/31 | 재적재  5 | 중계율 0.37 | alpha 1.856 | complete
Ep 1471 | 드론4 목적지62 | 1000스텝 | 배송 58/62 | 재적재  9 | 중계율 0.33 | alpha 1.834 | step_limit
Ep 1472 | 드론4 목적지31 |  398스텝 | 배송 31/31 | 재적재  4 | 중계율 0.29 | alpha 1.834 | complete
Ep 1473 | 드론3 목적지75 | 1000스텝 | 배송 68/75 | 재적재 12 | 중계율 0.28 | alpha 1.826 | step_limit
Ep 1474 | 드론4 목적지78 | 1000스텝 | 배송 76/78 | 재적재 14 | 중계율 0.28 | alpha 1.822 | step_limit
Ep 1475 | 드론4 목적지46 | 1000스텝 | 배송 44/46 | 재적재  7 | 중계율 0.40 | alpha 1.804 | step_limit
Ep 1476 | 드론3 목적지54 |  961스텝 | 배송 54/54 | 재적재  9 | 중계율 0.32 | alpha 1.800 | complete
Ep 1477 | 드론3 목적지61 | 1000스텝 | 배송 55/61 | 재적재 11 | 중계율 0.34 | alpha 1.784 | step_limit
Ep 1478 | 드론4 목적지45 |  861스텝 | 배송 45/45 | 재적재  7 | 중계율 0.29 | alpha 1.792 | complete
Ep 1479 | 드론3 목적지80 | 1000스텝 | 배송 65/80 | 재적재 11 | 중계율 0.29 | alpha 1.819 | step_limit
Ep 1480 | 드론4 목적지39 |  723스텝 | 배송 39/39 | 재적재  4 | 중계율 0.37 | alpha 1.815 | complete
Ep 1481 | 드론3 목적지70 | 1000스텝 | 배송 60/70 | 재적재  9 | 중계율 0.31 | alpha 1.788 | step_limit
Ep 1482 | 드론3 목적지62 |  995스텝 | 배송 62/62 | 재적재 10 | 중계율 0.23 | alpha 1.793 | complete
Ep 1483 | 드론3 목적지39 |  756스텝 | 배송 39/39 | 재적재  7 | 중계율 0.35 | alpha 1.785 | complete
Ep 1484 | 드론4 목적지69 | 1000스텝 | 배송 67/69 | 재적재 13 | 중계율 0.29 | alpha 1.762 | step_limit
Ep 1485 | 드론3 목적지51 |  948스텝 | 배송 51/51 | 재적재  9 | 중계율 0.35 | alpha 1.753 | complete
Ep 1486 | 드론4 목적지66 | 1000스텝 | 배송 59/66 | 재적재 10 | 중계율 0.38 | alpha 1.756 | step_limit
Ep 1487 | 드론3 목적지37 |  828스텝 | 배송 37/37 | 재적재  6 | 중계율 0.27 | alpha 1.740 | complete
Ep 1488 | 드론3 목적지62 | 1000스텝 | 배송 57/62 | 재적재 10 | 중계율 0.32 | alpha 1.741 | step_limit
Ep 1489 | 드론3 목적지24 |  553스텝 | 배송 24/24 | 재적재  4 | 중계율 0.30 | alpha 1.741 | complete
Ep 1490 | 드론3 목적지77 | 1000스텝 | 배송 63/77 | 재적재 10 | 중계율 0.34 | alpha 1.755 | step_limit
Ep 1491 | 드론4 목적지59 | 1000스텝 | 배송 58/59 | 재적재 10 | 중계율 0.30 | alpha 1.751 | step_limit
Ep 1492 | 드론4 목적지60 | 1000스텝 | 배송 58/60 | 재적재 11 | 중계율 0.33 | alpha 1.772 | step_limit
Ep 1493 | 드론3 목적지29 |  806스텝 | 배송 29/29 | 재적재  5 | 중계율 0.25 | alpha 1.778 | complete
Ep 1494 | 드론3 목적지78 | 1000스텝 | 배송 72/78 | 재적재 13 | 중계율 0.20 | alpha 1.770 | step_limit
Ep 1495 | 드론3 목적지34 |  752스텝 | 배송 34/34 | 재적재  6 | 중계율 0.27 | alpha 1.758 | complete
Ep 1496 | 드론4 목적지31 |  604스텝 | 배송 31/31 | 재적재  4 | 중계율 0.30 | alpha 1.762 | complete
Ep 1497 | 드론4 목적지57 |  981스텝 | 배송 57/57 | 재적재  9 | 중계율 0.34 | alpha 1.781 | complete
Ep 1498 | 드론3 목적지27 |  648스텝 | 배송 27/27 | 재적재  4 | 중계율 0.31 | alpha 1.782 | complete
Ep 1499 | 드론4 목적지31 |  631스텝 | 배송 31/31 | 재적재  4 | 중계율 0.40 | alpha 1.779 | complete
Ep 1500 | 드론3 목적지50 |  972스텝 | 배송 50/50 | 재적재  8 | 중계율 0.32 | alpha 1.778 | complete
  [홀드아웃] 배송 49.7±1.8 완주 0.96 스텝 878 점수 124.5 재적재 7.8 2홉+ 0.61 | 최고 128.2@ep1400 정체 2/15
Training finished. best=128.2 @ ep1400
