/home/kopt/enter/envs/wsl_neuroMCTS/lib/python3.10/site-packages/pygame/pkgdata.py:25: UserWarning: pkg_resources is deprecated as an API. See https://setuptools.pypa.io/en/latest/pkg_resources.html. The pkg_resources package is slated for removal as early as 2025-11-30. Refrain from using this package or pin to Setuptools<81.
  from pkg_resources import resource_stream, resource_exists
pygame 2.6.1 (SDL 2.28.4, Python 3.10.19)
Hello from the pygame community. https://www.pygame.org/contribute.html
집합 상위 학습 | 반경 300 상한 1000 무배송 500 gamma 0.997 구성=무작위 드론[3, 6] 목적지[20, 80] CC무작위 인스턴스=무작위 목표유지=off 완주보상=0.0 잔여페널티=0.1 규칙관측=False 규칙정규화=2.0 홀드아웃상한=3000 선택=makespan
/home/kopt/drone/proposed_src/pipeline/train_v5_26_09_15_23.py:329: UserWarning: Converting a tensor with requires_grad=True to a scalar may lead to unexpected behavior.
Consider using tensor.detach() first. (Triggered internally at /pytorch/torch/csrc/autograd/generated/python_variable_methods.cpp:836.)
  writer.add_scalar("train/alpha", float(log_alpha.exp()), ep)
Ep 1 | 드론6 목적지57 | 1000스텝 | 배송 52/57 | 재적재  8 | 중계율 0.14 | alpha 0.100 | step_limit
Ep 2 | 드론3 목적지50 | 1000스텝 | 배송 30/50 | 재적재  4 | 중계율 0.15 | alpha 0.100 | step_limit
Ep 3 | 드론6 목적지72 | 1000스텝 | 배송 70/72 | 재적재 12 | 중계율 0.16 | alpha 0.100 | step_limit
Ep 4 | 드론3 목적지46 | 1000스텝 | 배송 40/46 | 재적재  6 | 중계율 0.17 | alpha 0.099 | step_limit
Ep 5 | 드론4 목적지58 | 1000스텝 | 배송 39/58 | 재적재  6 | 중계율 0.36 | alpha 0.106 | step_limit
Ep 6 | 드론3 목적지61 | 1000스텝 | 배송 57/61 | 재적재  9 | 중계율 0.33 | alpha 0.117 | step_limit
Ep 7 | 드론3 목적지30 |  496스텝 | 배송 30/30 | 재적재  4 | 중계율 0.32 | alpha 0.122 | complete
Ep 8 | 드론3 목적지69 | 1000스텝 | 배송 55/69 | 재적재  9 | 중계율 0.21 | alpha 0.134 | step_limit
Ep 9 | 드론4 목적지66 | 1000스텝 | 배송 65/66 | 재적재 10 | 중계율 0.38 | alpha 0.145 | step_limit
Ep 10 | 드론4 목적지26 |  355스텝 | 배송 26/26 | 재적재  4 | 중계율 0.24 | alpha 0.149 | complete
Ep 11 | 드론6 목적지32 |  231스텝 | 배송 32/32 | 재적재  3 | 중계율 0.20 | alpha 0.152 | complete
Ep 12 | 드론4 목적지35 |  396스텝 | 배송 35/35 | 재적재  5 | 중계율 0.17 | alpha 0.157 | complete
Ep 13 | 드론4 목적지23 |  390스텝 | 배송 23/23 | 재적재  3 | 중계율 0.26 | alpha 0.162 | complete
Ep 14 | 드론3 목적지61 | 1000스텝 | 배송 55/61 | 재적재  9 | 중계율 0.30 | alpha 0.174 | step_limit
Ep 15 | 드론5 목적지78 |  761스텝 | 배송 78/78 | 재적재 14 | 중계율 0.19 | alpha 0.185 | complete
Ep 16 | 드론6 목적지46 |  494스텝 | 배송 46/46 | 재적재  7 | 중계율 0.20 | alpha 0.192 | complete
Ep 17 | 드론5 목적지74 |  809스텝 | 배송 74/74 | 재적재 12 | 중계율 0.21 | alpha 0.204 | complete
Ep 18 | 드론4 목적지24 |  344스텝 | 배송 24/24 | 재적재  4 | 중계율 0.26 | alpha 0.209 | complete
Ep 19 | 드론5 목적지24 |  250스텝 | 배송 24/24 | 재적재  2 | 중계율 0.23 | alpha 0.213 | complete
Ep 20 | 드론4 목적지66 |  559스텝 | 배송 66/66 | 재적재 11 | 중계율 0.19 | alpha 0.222 | complete
Ep 21 | 드론4 목적지43 |  614스텝 | 배송 43/43 | 재적재  7 | 중계율 0.17 | alpha 0.232 | complete
Ep 22 | 드론4 목적지43 |  523스텝 | 배송 43/43 | 재적재  7 | 중계율 0.20 | alpha 0.241 | complete
Ep 23 | 드론3 목적지22 |  688스텝 | 배송 14/22 | 재적재  0 | 중계율 0.47 | alpha 0.254 | no_progress
Ep 24 | 드론4 목적지35 |  478스텝 | 배송 35/35 | 재적재  6 | 중계율 0.23 | alpha 0.263 | complete
Ep 25 | 드론5 목적지25 |  300스텝 | 배송 25/25 | 재적재  4 | 중계율 0.29 | alpha 0.268 | complete
Ep 26 | 드론4 목적지79 |  989스텝 | 배송 79/79 | 재적재 14 | 중계율 0.25 | alpha 0.287 | complete
Ep 27 | 드론6 목적지63 |  595스텝 | 배송 63/63 | 재적재  9 | 중계율 0.29 | alpha 0.299 | complete
Ep 28 | 드론3 목적지77 | 1000스텝 | 배송 67/77 | 재적재 12 | 중계율 0.28 | alpha 0.320 | step_limit
Ep 29 | 드론4 목적지34 |  660스텝 | 배송 34/34 | 재적재  5 | 중계율 0.25 | alpha 0.334 | complete
Ep 30 | 드론4 목적지25 |  602스텝 | 배송 25/25 | 재적재  4 | 중계율 0.39 | alpha 0.348 | complete
Ep 31 | 드론6 목적지68 |  573스텝 | 배송 68/68 | 재적재 11 | 중계율 0.26 | alpha 0.362 | complete
Ep 32 | 드론4 목적지79 | 1000스텝 | 배송 71/79 | 재적재 12 | 중계율 0.33 | alpha 0.387 | step_limit
Ep 33 | 드론4 목적지62 |  960스텝 | 배송 62/62 | 재적재 11 | 중계율 0.31 | alpha 0.413 | complete
Ep 34 | 드론4 목적지33 |  374스텝 | 배송 33/33 | 재적재  4 | 중계율 0.18 | alpha 0.424 | complete
Ep 35 | 드론4 목적지26 |  486스텝 | 배송 26/26 | 재적재  3 | 중계율 0.15 | alpha 0.438 | complete
Ep 36 | 드론4 목적지57 | 1000스텝 | 배송 56/57 | 재적재  8 | 중계율 0.32 | alpha 0.471 | step_limit
Ep 37 | 드론4 목적지29 |  479스텝 | 배송 29/29 | 재적재  3 | 중계율 0.31 | alpha 0.487 | complete
Ep 38 | 드론5 목적지63 | 1000스텝 | 배송 59/63 | 재적재  9 | 중계율 0.30 | alpha 0.523 | step_limit
Ep 39 | 드론5 목적지44 |  918스텝 | 배송 44/44 | 재적재  5 | 중계율 0.29 | alpha 0.558 | complete
Ep 40 | 드론6 목적지56 |  449스텝 | 배송 56/56 | 재적재  8 | 중계율 0.24 | alpha 0.576 | complete
Ep 41 | 드론6 목적지21 |  217스텝 | 배송 21/21 | 재적재  0 | 중계율 0.26 | alpha 0.585 | complete
Ep 42 | 드론3 목적지24 |  575스텝 | 배송 24/24 | 재적재  3 | 중계율 0.28 | alpha 0.608 | complete
Ep 43 | 드론4 목적지52 |  851스텝 | 배송 52/52 | 재적재  7 | 중계율 0.26 | alpha 0.644 | complete
Ep 44 | 드론4 목적지72 |  893스텝 | 배송 72/72 | 재적재 14 | 중계율 0.17 | alpha 0.683 | complete
Ep 45 | 드론4 목적지52 | 1000스텝 | 배송 48/52 | 재적재  6 | 중계율 0.34 | alpha 0.729 | step_limit
Ep 46 | 드론6 목적지72 |  482스텝 | 배송 72/72 | 재적재 11 | 중계율 0.14 | alpha 0.752 | complete
Ep 47 | 드론4 목적지69 |  714스텝 | 배송 69/69 | 재적재 12 | 중계율 0.18 | alpha 0.788 | complete
Ep 48 | 드론4 목적지56 |  993스텝 | 배송 56/56 | 재적재 10 | 중계율 0.20 | alpha 0.841 | complete
Ep 49 | 드론6 목적지78 |  739스텝 | 배송 78/78 | 재적재 14 | 중계율 0.23 | alpha 0.882 | complete
Ep 50 | 드론5 목적지40 | 1000스텝 | 배송 34/40 | 재적재  4 | 중계율 0.32 | alpha 0.941 | step_limit
  [홀드아웃] 배송 49.1±3.0 완주 0.85 스텝 1264 점수 90.8 재적재 7.7 2홉+ 0.65 | 최고 90.8@ep50 정체 0/15  ← 갱신
Ep 51 | 드론6 목적지51 |  430스텝 | 배송 51/51 | 재적재  7 | 중계율 0.14 | alpha 0.966 | complete
Ep 52 | 드론3 목적지42 |  882스텝 | 배송 42/42 | 재적재  7 | 중계율 0.26 | alpha 1.022 | complete
Ep 53 | 드론6 목적지60 |  618스텝 | 배송 60/60 | 재적재 10 | 중계율 0.14 | alpha 1.063 | complete
Ep 54 | 드론4 목적지49 | 1000스텝 | 배송 47/49 | 재적재  8 | 중계율 0.21 | alpha 1.131 | step_limit
Ep 55 | 드론4 목적지40 |  602스텝 | 배송 40/40 | 재적재  7 | 중계율 0.16 | alpha 1.173 | complete
Ep 56 | 드론5 목적지61 |  577스텝 | 배송 61/61 | 재적재 10 | 중계율 0.20 | alpha 1.215 | complete
Ep 57 | 드론3 목적지53 | 1000스텝 | 배송 45/53 | 재적재  7 | 중계율 0.30 | alpha 1.291 | step_limit
Ep 58 | 드론6 목적지57 |  488스텝 | 배송 57/57 | 재적재  8 | 중계율 0.21 | alpha 1.330 | complete
Ep 59 | 드론3 목적지50 |  932스텝 | 배송 50/50 | 재적재  8 | 중계율 0.21 | alpha 1.410 | complete
Ep 60 | 드론4 목적지21 |  586스텝 | 배송 21/21 | 재적재  3 | 중계율 0.26 | alpha 1.463 | complete
Ep 61 | 드론5 목적지26 |  379스텝 | 배송 26/26 | 재적재  3 | 중계율 0.16 | alpha 1.498 | complete
Ep 62 | 드론5 목적지55 |  669스텝 | 배송 55/55 | 재적재  8 | 중계율 0.26 | alpha 1.560 | complete
Ep 63 | 드론6 목적지68 |  699스텝 | 배송 68/68 | 재적재 11 | 중계율 0.20 | alpha 1.627 | complete
Ep 64 | 드론3 목적지41 |  974스텝 | 배송 41/41 | 재적재  7 | 중계율 0.24 | alpha 1.723 | complete
Ep 65 | 드론5 목적지68 |  678스텝 | 배송 68/68 | 재적재 11 | 중계율 0.12 | alpha 1.792 | complete
Ep 66 | 드론3 목적지61 | 1000스텝 | 배송 60/61 | 재적재 10 | 중계율 0.16 | alpha 1.898 | step_limit
Ep 67 | 드론3 목적지53 | 1000스텝 | 배송 46/53 | 재적재  8 | 중계율 0.28 | alpha 2.005 | step_limit
Ep 68 | 드론3 목적지44 |  897스텝 | 배송 44/44 | 재적재  7 | 중계율 0.21 | alpha 2.101 | complete
Ep 69 | 드론4 목적지34 |  705스텝 | 배송 34/34 | 재적재  5 | 중계율 0.23 | alpha 2.174 | complete
Ep 70 | 드론4 목적지31 | 1000스텝 | 배송 21/31 | 재적재  1 | 중계율 0.34 | alpha 2.272 | step_limit
Ep 71 | 드론5 목적지71 |  592스텝 | 배송 71/71 | 재적재 11 | 중계율 0.13 | alpha 2.329 | complete
Ep 72 | 드론3 목적지53 | 1000스텝 | 배송 51/53 | 재적재  9 | 중계율 0.31 | alpha 2.416 | step_limit
Ep 73 | 드론4 목적지21 |  614스텝 | 배송 21/21 | 재적재  2 | 중계율 0.27 | alpha 2.460 | complete
Ep 74 | 드론5 목적지45 |  667스텝 | 배송 45/45 | 재적재  7 | 중계율 0.20 | alpha 2.501 | complete
Ep 75 | 드론5 목적지40 |  664스텝 | 배송 40/40 | 재적재  7 | 중계율 0.20 | alpha 2.534 | complete
Ep 76 | 드론4 목적지75 | 1000스텝 | 배송 62/75 | 재적재  9 | 중계율 0.24 | alpha 2.580 | step_limit
Ep 77 | 드론5 목적지24 |  449스텝 | 배송 24/24 | 재적재  1 | 중계율 0.17 | alpha 2.598 | complete
Ep 78 | 드론4 목적지64 | 1000스텝 | 배송 58/64 | 재적재 10 | 중계율 0.17 | alpha 2.626 | step_limit
Ep 79 | 드론3 목적지41 |  864스텝 | 배송 41/41 | 재적재  7 | 중계율 0.24 | alpha 2.660 | complete
Ep 80 | 드론3 목적지69 | 1000스텝 | 배송 56/69 | 재적재 10 | 중계율 0.18 | alpha 2.688 | step_limit
Ep 81 | 드론6 목적지47 |  553스텝 | 배송 47/47 | 재적재  6 | 중계율 0.14 | alpha 2.702 | complete
Ep 82 | 드론6 목적지69 |  757스텝 | 배송 69/69 | 재적재 13 | 중계율 0.19 | alpha 2.717 | complete
Ep 83 | 드론5 목적지31 |  492스텝 | 배송 31/31 | 재적재  5 | 중계율 0.21 | alpha 2.718 | complete
Ep 84 | 드론3 목적지33 |  862스텝 | 배송 33/33 | 재적재  6 | 중계율 0.19 | alpha 2.725 | complete
Ep 85 | 드론4 목적지38 |  437스텝 | 배송 38/38 | 재적재  6 | 중계율 0.16 | alpha 2.723 | complete
Ep 86 | 드론6 목적지24 |  383스텝 | 배송 24/24 | 재적재  1 | 중계율 0.20 | alpha 2.729 | complete
Ep 87 | 드론3 목적지30 |  809스텝 | 배송 30/30 | 재적재  5 | 중계율 0.21 | alpha 2.739 | complete
Ep 88 | 드론4 목적지38 | 1000스텝 | 배송 33/38 | 재적재  4 | 중계율 0.23 | alpha 2.751 | step_limit
Ep 89 | 드론3 목적지57 | 1000스텝 | 배송 41/57 | 재적재  6 | 중계율 0.24 | alpha 2.770 | step_limit
Ep 90 | 드론6 목적지21 |  304스텝 | 배송 21/21 | 재적재  1 | 중계율 0.17 | alpha 2.778 | complete
Ep 91 | 드론6 목적지77 |  633스텝 | 배송 77/77 | 재적재 12 | 중계율 0.18 | alpha 2.781 | complete
Ep 92 | 드론4 목적지69 | 1000스텝 | 배송 59/69 | 재적재  8 | 중계율 0.22 | alpha 2.782 | step_limit
Ep 93 | 드론6 목적지60 |  451스텝 | 배송 60/60 | 재적재 10 | 중계율 0.14 | alpha 2.776 | complete
Ep 94 | 드론6 목적지45 |  342스텝 | 배송 45/45 | 재적재  6 | 중계율 0.16 | alpha 2.774 | complete
Ep 95 | 드론4 목적지71 | 1000스텝 | 배송 69/71 | 재적재 12 | 중계율 0.18 | alpha 2.764 | step_limit
Ep 96 | 드론3 목적지74 | 1000스텝 | 배송 56/74 | 재적재 10 | 중계율 0.23 | alpha 2.762 | step_limit
Ep 97 | 드론6 목적지47 |  458스텝 | 배송 47/47 | 재적재  7 | 중계율 0.11 | alpha 2.758 | complete
Ep 98 | 드론6 목적지50 |  675스텝 | 배송 50/50 | 재적재  8 | 중계율 0.20 | alpha 2.764 | complete
Ep 99 | 드론6 목적지35 |  420스텝 | 배송 35/35 | 재적재  6 | 중계율 0.19 | alpha 2.767 | complete
Ep 100 | 드론3 목적지40 |  815스텝 | 배송 40/40 | 재적재  6 | 중계율 0.26 | alpha 2.767 | complete
  [홀드아웃] 배송 50.0±0.2 완주 0.97 스텝 1197 점수 103.5 재적재 8.1 2홉+ 0.65 | 최고 103.5@ep100 정체 0/15  ← 갱신
Ep 101 | 드론3 목적지23 |  824스텝 | 배송 23/23 | 재적재  4 | 중계율 0.26 | alpha 2.809 | complete
Ep 102 | 드론3 목적지21 |  522스텝 | 배송 21/21 | 재적재  3 | 중계율 0.30 | alpha 2.821 | complete
Ep 103 | 드론6 목적지72 |  826스텝 | 배송 72/72 | 재적재 13 | 중계율 0.17 | alpha 2.825 | complete
Ep 104 | 드론3 목적지27 |  724스텝 | 배송 27/27 | 재적재  4 | 중계율 0.22 | alpha 2.839 | complete
Ep 105 | 드론4 목적지63 | 1000스텝 | 배송 62/63 | 재적재 11 | 중계율 0.17 | alpha 2.847 | step_limit
Ep 106 | 드론5 목적지58 |  416스텝 | 배송 58/58 | 재적재  9 | 중계율 0.16 | alpha 2.827 | complete
Ep 107 | 드론6 목적지75 |  764스텝 | 배송 75/75 | 재적재 12 | 중계율 0.22 | alpha 2.819 | complete
Ep 108 | 드론4 목적지55 | 1000스텝 | 배송 52/55 | 재적재  8 | 중계율 0.27 | alpha 2.757 | step_limit
Ep 109 | 드론5 목적지64 | 1000스텝 | 배송 60/64 | 재적재 11 | 중계율 0.19 | alpha 2.724 | step_limit
Ep 110 | 드론4 목적지55 |  793스텝 | 배송 55/55 | 재적재 10 | 중계율 0.22 | alpha 2.671 | complete
Ep 111 | 드론5 목적지67 |  919스텝 | 배송 67/67 | 재적재 12 | 중계율 0.22 | alpha 2.625 | complete
Ep 112 | 드론4 목적지46 | 1000스텝 | 배송 44/46 | 재적재  8 | 중계율 0.26 | alpha 2.624 | step_limit
Ep 113 | 드론5 목적지43 |  408스텝 | 배송 43/43 | 재적재  5 | 중계율 0.12 | alpha 2.645 | complete
Ep 114 | 드론3 목적지80 | 1000스텝 | 배송 61/80 | 재적재 10 | 중계율 0.19 | alpha 2.630 | step_limit
Ep 115 | 드론6 목적지78 |  761스텝 | 배송 78/78 | 재적재 13 | 중계율 0.17 | alpha 2.589 | complete
Ep 116 | 드론5 목적지72 |  698스텝 | 배송 72/72 | 재적재 12 | 중계율 0.16 | alpha 2.582 | complete
Ep 117 | 드론4 목적지54 |  673스텝 | 배송 54/54 | 재적재 10 | 중계율 0.19 | alpha 2.600 | complete
Ep 118 | 드론3 목적지63 | 1000스텝 | 배송 50/63 | 재적재  9 | 중계율 0.22 | alpha 2.554 | step_limit
Ep 119 | 드론6 목적지66 |  564스텝 | 배송 66/66 | 재적재 10 | 중계율 0.13 | alpha 2.560 | complete
Ep 120 | 드론5 목적지70 | 1000스텝 | 배송 69/70 | 재적재 12 | 중계율 0.17 | alpha 2.494 | step_limit
Ep 121 | 드론5 목적지45 |  524스텝 | 배송 45/45 | 재적재  6 | 중계율 0.19 | alpha 2.480 | complete
Ep 122 | 드론5 목적지26 |  485스텝 | 배송 26/26 | 재적재  4 | 중계율 0.25 | alpha 2.467 | complete
Ep 123 | 드론6 목적지30 |  411스텝 | 배송 30/30 | 재적재  5 | 중계율 0.17 | alpha 2.443 | complete
Ep 124 | 드론3 목적지80 | 1000스텝 | 배송 60/80 | 재적재 10 | 중계율 0.21 | alpha 2.411 | step_limit
Ep 125 | 드론6 목적지41 |  327스텝 | 배송 41/41 | 재적재  6 | 중계율 0.10 | alpha 2.404 | complete
Ep 126 | 드론4 목적지50 | 1000스텝 | 배송 47/50 | 재적재  7 | 중계율 0.32 | alpha 2.397 | step_limit
Ep 127 | 드론4 목적지37 | 1000스텝 | 배송 35/37 | 재적재  5 | 중계율 0.26 | alpha 2.364 | step_limit
Ep 128 | 드론3 목적지42 | 1000스텝 | 배송 39/42 | 재적재  5 | 중계율 0.28 | alpha 2.345 | step_limit
Ep 129 | 드론5 목적지52 |  714스텝 | 배송 52/52 | 재적재  9 | 중계율 0.18 | alpha 2.346 | complete
Ep 130 | 드론3 목적지40 | 1000스텝 | 배송 30/40 | 재적재  4 | 중계율 0.27 | alpha 2.375 | step_limit
Ep 131 | 드론4 목적지39 |  447스텝 | 배송 39/39 | 재적재  6 | 중계율 0.13 | alpha 2.385 | complete
Ep 132 | 드론6 목적지63 |  494스텝 | 배송 63/63 | 재적재 10 | 중계율 0.11 | alpha 2.400 | complete
Ep 133 | 드론4 목적지61 | 1000스텝 | 배송 59/61 | 재적재 11 | 중계율 0.17 | alpha 2.391 | step_limit
Ep 134 | 드론5 목적지22 |  236스텝 | 배송 22/22 | 재적재  1 | 중계율 0.18 | alpha 2.394 | complete
Ep 135 | 드론3 목적지20 |  578스텝 | 배송 20/20 | 재적재  2 | 중계율 0.23 | alpha 2.403 | complete
Ep 136 | 드론6 목적지57 |  484스텝 | 배송 57/57 | 재적재 10 | 중계율 0.16 | alpha 2.410 | complete
Ep 137 | 드론4 목적지24 |  465스텝 | 배송 24/24 | 재적재  3 | 중계율 0.20 | alpha 2.418 | complete
Ep 138 | 드론5 목적지35 |  474스텝 | 배송 35/35 | 재적재  5 | 중계율 0.14 | alpha 2.418 | complete
Ep 139 | 드론4 목적지29 |  446스텝 | 배송 29/29 | 재적재  4 | 중계율 0.22 | alpha 2.406 | complete
Ep 140 | 드론3 목적지32 | 1000스텝 | 배송 26/32 | 재적재  5 | 중계율 0.25 | alpha 2.412 | step_limit
Ep 141 | 드론4 목적지54 |  957스텝 | 배송 54/54 | 재적재  9 | 중계율 0.15 | alpha 2.385 | complete
Ep 142 | 드론3 목적지42 |  932스텝 | 배송 42/42 | 재적재  8 | 중계율 0.23 | alpha 2.369 | complete
Ep 143 | 드론3 목적지23 |  717스텝 | 배송 23/23 | 재적재  3 | 중계율 0.20 | alpha 2.346 | complete
Ep 144 | 드론4 목적지61 | 1000스텝 | 배송 58/61 | 재적재  9 | 중계율 0.22 | alpha 2.312 | step_limit
Ep 145 | 드론4 목적지64 |  997스텝 | 배송 64/64 | 재적재 11 | 중계율 0.15 | alpha 2.317 | complete
Ep 146 | 드론3 목적지71 | 1000스텝 | 배송 56/71 | 재적재 10 | 중계율 0.17 | alpha 2.294 | step_limit
Ep 147 | 드론3 목적지48 |  883스텝 | 배송 48/48 | 재적재  8 | 중계율 0.19 | alpha 2.292 | complete
Ep 148 | 드론5 목적지36 |  601스텝 | 배송 36/36 | 재적재  4 | 중계율 0.26 | alpha 2.290 | complete
Ep 149 | 드론5 목적지40 |  487스텝 | 배송 40/40 | 재적재  6 | 중계율 0.16 | alpha 2.262 | complete
Ep 150 | 드론4 목적지26 |  723스텝 | 배송 26/26 | 재적재  4 | 중계율 0.24 | alpha 2.274 | complete
  [홀드아웃] 배송 50.0±0.0 완주 1.00 스텝 1117 점수 106.3 재적재 8.4 2홉+ 0.64 | 최고 106.3@ep150 정체 0/15  ← 갱신
Ep 151 | 드론5 목적지70 |  770스텝 | 배송 70/70 | 재적재 11 | 중계율 0.19 | alpha 2.269 | complete
Ep 152 | 드론6 목적지48 |  516스텝 | 배송 48/48 | 재적재  9 | 중계율 0.17 | alpha 2.252 | complete
Ep 153 | 드론6 목적지57 |  554스텝 | 배송 57/57 | 재적재  9 | 중계율 0.17 | alpha 2.232 | complete
Ep 154 | 드론6 목적지34 |  271스텝 | 배송 34/34 | 재적재  6 | 중계율 0.15 | alpha 2.231 | complete
Ep 155 | 드론6 목적지80 |  821스텝 | 배송 80/80 | 재적재 12 | 중계율 0.20 | alpha 2.177 | complete
Ep 156 | 드론6 목적지59 |  637스텝 | 배송 59/59 | 재적재 10 | 중계율 0.17 | alpha 2.156 | complete
Ep 157 | 드론3 목적지42 | 1000스텝 | 배송 41/42 | 재적재  7 | 중계율 0.25 | alpha 2.142 | step_limit
Ep 158 | 드론5 목적지76 |  941스텝 | 배송 76/76 | 재적재 13 | 중계율 0.13 | alpha 2.093 | complete
Ep 159 | 드론6 목적지47 |  435스텝 | 배송 47/47 | 재적재  6 | 중계율 0.13 | alpha 2.105 | complete
Ep 160 | 드론3 목적지62 | 1000스텝 | 배송 50/62 | 재적재  8 | 중계율 0.24 | alpha 2.130 | step_limit
Ep 161 | 드론4 목적지31 |  489스텝 | 배송 31/31 | 재적재  5 | 중계율 0.18 | alpha 2.150 | complete
Ep 162 | 드론4 목적지26 |  701스텝 | 배송 26/26 | 재적재  4 | 중계율 0.22 | alpha 2.151 | complete
Ep 163 | 드론5 목적지21 |  554스텝 | 배송 21/21 | 재적재  0 | 중계율 0.34 | alpha 2.151 | complete
Ep 164 | 드론6 목적지79 |  804스텝 | 배송 79/79 | 재적재 14 | 중계율 0.18 | alpha 2.180 | complete
Ep 165 | 드론6 목적지47 |  353스텝 | 배송 47/47 | 재적재  5 | 중계율 0.12 | alpha 2.183 | complete
Ep 166 | 드론4 목적지77 |  895스텝 | 배송 77/77 | 재적재 13 | 중계율 0.17 | alpha 2.190 | complete
Ep 167 | 드론5 목적지77 |  942스텝 | 배송 77/77 | 재적재 12 | 중계율 0.30 | alpha 2.200 | complete
Ep 168 | 드론6 목적지29 |  362스텝 | 배송 29/29 | 재적재  3 | 중계율 0.21 | alpha 2.186 | complete
Ep 169 | 드론6 목적지59 |  516스텝 | 배송 59/59 | 재적재  9 | 중계율 0.16 | alpha 2.178 | complete
Ep 170 | 드론4 목적지74 | 1000스텝 | 배송 68/74 | 재적재 12 | 중계율 0.26 | alpha 2.182 | step_limit
Ep 171 | 드론5 목적지34 |  393스텝 | 배송 34/34 | 재적재  6 | 중계율 0.14 | alpha 2.190 | complete
Ep 172 | 드론3 목적지43 | 1000스텝 | 배송 35/43 | 재적재  6 | 중계율 0.27 | alpha 2.223 | step_limit
Ep 173 | 드론4 목적지35 |  799스텝 | 배송 35/35 | 재적재  4 | 중계율 0.28 | alpha 2.244 | complete
Ep 174 | 드론6 목적지43 |  451스텝 | 배송 43/43 | 재적재  6 | 중계율 0.12 | alpha 2.228 | complete
Ep 175 | 드론6 목적지30 |  505스텝 | 배송 30/30 | 재적재  3 | 중계율 0.20 | alpha 2.255 | complete
Ep 176 | 드론6 목적지29 |  371스텝 | 배송 29/29 | 재적재  3 | 중계율 0.15 | alpha 2.267 | complete
Ep 177 | 드론3 목적지45 |  946스텝 | 배송 45/45 | 재적재  8 | 중계율 0.27 | alpha 2.254 | complete
Ep 178 | 드론3 목적지20 |  543스텝 | 배송 20/20 | 재적재  3 | 중계율 0.27 | alpha 2.233 | complete
Ep 179 | 드론6 목적지66 |  717스텝 | 배송 66/66 | 재적재 10 | 중계율 0.20 | alpha 2.262 | complete
Ep 180 | 드론6 목적지22 |  218스텝 | 배송 22/22 | 재적재  1 | 중계율 0.15 | alpha 2.253 | complete
Ep 181 | 드론6 목적지77 |  744스텝 | 배송 77/77 | 재적재 14 | 중계율 0.26 | alpha 2.247 | complete
Ep 182 | 드론4 목적지74 |  912스텝 | 배송 74/74 | 재적재 12 | 중계율 0.18 | alpha 2.202 | complete
Ep 183 | 드론6 목적지40 |  332스텝 | 배송 40/40 | 재적재  5 | 중계율 0.11 | alpha 2.190 | complete
Ep 184 | 드론4 목적지77 |  966스텝 | 배송 77/77 | 재적재 13 | 중계율 0.17 | alpha 2.184 | complete
Ep 185 | 드론5 목적지72 |  732스텝 | 배송 72/72 | 재적재 11 | 중계율 0.18 | alpha 2.182 | complete
Ep 186 | 드론5 목적지74 |  745스텝 | 배송 74/74 | 재적재 13 | 중계율 0.16 | alpha 2.195 | complete
Ep 187 | 드론3 목적지65 | 1000스텝 | 배송 57/65 | 재적재 11 | 중계율 0.20 | alpha 2.204 | step_limit
Ep 188 | 드론3 목적지80 | 1000스텝 | 배송 44/80 | 재적재  6 | 중계율 0.31 | alpha 2.189 | step_limit
Ep 189 | 드론5 목적지55 |  766스텝 | 배송 55/55 | 재적재 10 | 중계율 0.21 | alpha 2.178 | complete
Ep 190 | 드론4 목적지36 | 1000스텝 | 배송 34/36 | 재적재  6 | 중계율 0.29 | alpha 2.149 | step_limit
Ep 191 | 드론3 목적지28 |  841스텝 | 배송 28/28 | 재적재  4 | 중계율 0.25 | alpha 2.172 | complete
Ep 192 | 드론6 목적지74 |  577스텝 | 배송 74/74 | 재적재 12 | 중계율 0.13 | alpha 2.194 | complete
Ep 193 | 드론4 목적지61 | 1000스텝 | 배송 48/61 | 재적재  7 | 중계율 0.25 | alpha 2.218 | step_limit
Ep 194 | 드론6 목적지73 |  691스텝 | 배송 73/73 | 재적재 13 | 중계율 0.12 | alpha 2.210 | complete
Ep 195 | 드론5 목적지69 | 1000스텝 | 배송 65/69 | 재적재 11 | 중계율 0.22 | alpha 2.189 | step_limit
Ep 196 | 드론4 목적지47 |  742스텝 | 배송 47/47 | 재적재  8 | 중계율 0.13 | alpha 2.201 | complete
Ep 197 | 드론5 목적지27 |  533스텝 | 배송 27/27 | 재적재  4 | 중계율 0.17 | alpha 2.197 | complete
Ep 198 | 드론4 목적지56 |  771스텝 | 배송 56/56 | 재적재  9 | 중계율 0.11 | alpha 2.172 | complete
Ep 199 | 드론3 목적지57 | 1000스텝 | 배송 48/57 | 재적재  7 | 중계율 0.22 | alpha 2.165 | step_limit
Ep 200 | 드론6 목적지64 |  641스텝 | 배송 64/64 | 재적재 11 | 중계율 0.17 | alpha 2.151 | complete
  [홀드아웃] 배송 49.4±3.1 완주 0.93 스텝 1172 점수 98.6 재적재 8.1 2홉+ 0.65 | 최고 106.3@ep150 정체 1/15
Ep 201 | 드론6 목적지38 |  517스텝 | 배송 38/38 | 재적재  4 | 중계율 0.21 | alpha 2.140 | complete
Ep 202 | 드론3 목적지32 |  782스텝 | 배송 32/32 | 재적재  4 | 중계율 0.32 | alpha 2.120 | complete
Ep 203 | 드론4 목적지23 |  402스텝 | 배송 23/23 | 재적재  4 | 중계율 0.13 | alpha 2.133 | complete
Ep 204 | 드론4 목적지38 |  663스텝 | 배송 38/38 | 재적재  6 | 중계율 0.13 | alpha 2.134 | complete
Ep 205 | 드론4 목적지27 |  643스텝 | 배송 27/27 | 재적재  3 | 중계율 0.18 | alpha 2.139 | complete
Ep 206 | 드론3 목적지58 | 1000스텝 | 배송 55/58 | 재적재  9 | 중계율 0.28 | alpha 2.141 | step_limit
Ep 207 | 드론4 목적지52 | 1000스텝 | 배송 45/52 | 재적재  7 | 중계율 0.21 | alpha 2.141 | step_limit
Ep 208 | 드론4 목적지60 | 1000스텝 | 배송 53/60 | 재적재 10 | 중계율 0.27 | alpha 2.113 | step_limit
Ep 209 | 드론3 목적지72 | 1000스텝 | 배송 48/72 | 재적재  8 | 중계율 0.24 | alpha 2.081 | step_limit
Ep 210 | 드론6 목적지39 |  377스텝 | 배송 39/39 | 재적재  5 | 중계율 0.13 | alpha 2.075 | complete
Ep 211 | 드론3 목적지55 | 1000스텝 | 배송 45/55 | 재적재  8 | 중계율 0.22 | alpha 2.098 | step_limit
Ep 212 | 드론4 목적지62 |  842스텝 | 배송 62/62 | 재적재 10 | 중계율 0.17 | alpha 2.121 | complete
Ep 213 | 드론5 목적지77 |  726스텝 | 배송 77/77 | 재적재 15 | 중계율 0.13 | alpha 2.096 | complete
Ep 214 | 드론4 목적지44 |  895스텝 | 배송 44/44 | 재적재  7 | 중계율 0.17 | alpha 2.116 | complete
Ep 215 | 드론3 목적지49 | 1000스텝 | 배송 47/49 | 재적재  8 | 중계율 0.24 | alpha 2.096 | step_limit
Ep 216 | 드론6 목적지29 |  333스텝 | 배송 29/29 | 재적재  4 | 중계율 0.16 | alpha 2.112 | complete
Ep 217 | 드론5 목적지36 |  347스텝 | 배송 36/36 | 재적재  4 | 중계율 0.10 | alpha 2.122 | complete
Ep 218 | 드론5 목적지55 |  421스텝 | 배송 55/55 | 재적재  8 | 중계율 0.09 | alpha 2.123 | complete
Ep 219 | 드론3 목적지35 |  992스텝 | 배송 35/35 | 재적재  5 | 중계율 0.23 | alpha 2.162 | complete
Ep 220 | 드론6 목적지73 |  754스텝 | 배송 73/73 | 재적재 14 | 중계율 0.16 | alpha 2.135 | complete
Ep 221 | 드론6 목적지25 |  312스텝 | 배송 25/25 | 재적재  3 | 중계율 0.15 | alpha 2.128 | complete
Ep 222 | 드론4 목적지30 |  416스텝 | 배송 30/30 | 재적재  4 | 중계율 0.18 | alpha 2.127 | complete
Ep 223 | 드론4 목적지45 | 1000스텝 | 배송 43/45 | 재적재  7 | 중계율 0.21 | alpha 2.110 | step_limit
Ep 224 | 드론5 목적지76 | 1000스텝 | 배송 60/76 | 재적재  9 | 중계율 0.23 | alpha 2.121 | step_limit
Ep 225 | 드론5 목적지70 |  691스텝 | 배송 70/70 | 재적재 13 | 중계율 0.17 | alpha 2.116 | complete
Ep 226 | 드론6 목적지73 |  608스텝 | 배송 73/73 | 재적재 13 | 중계율 0.13 | alpha 2.144 | complete
Ep 227 | 드론6 목적지56 |  437스텝 | 배송 56/56 | 재적재  8 | 중계율 0.10 | alpha 2.148 | complete
Ep 228 | 드론5 목적지24 |  369스텝 | 배송 24/24 | 재적재  2 | 중계율 0.15 | alpha 2.140 | complete
Ep 229 | 드론3 목적지32 |  975스텝 | 배송 32/32 | 재적재  5 | 중계율 0.28 | alpha 2.180 | complete
Ep 230 | 드론3 목적지62 | 1000스텝 | 배송 54/62 | 재적재  9 | 중계율 0.14 | alpha 2.171 | step_limit
Ep 231 | 드론3 목적지27 |  729스텝 | 배송 27/27 | 재적재  4 | 중계율 0.19 | alpha 2.159 | complete
Ep 232 | 드론6 목적지27 |  393스텝 | 배송 27/27 | 재적재  3 | 중계율 0.15 | alpha 2.169 | complete
Ep 233 | 드론5 목적지58 |  703스텝 | 배송 58/58 | 재적재  8 | 중계율 0.19 | alpha 2.192 | complete
Ep 234 | 드론4 목적지56 |  881스텝 | 배송 56/56 | 재적재  9 | 중계율 0.12 | alpha 2.173 | complete
Ep 235 | 드론4 목적지49 |  748스텝 | 배송 49/49 | 재적재  8 | 중계율 0.20 | alpha 2.166 | complete
Ep 236 | 드론6 목적지71 |  595스텝 | 배송 71/71 | 재적재 12 | 중계율 0.15 | alpha 2.152 | complete
Ep 237 | 드론5 목적지77 |  712스텝 | 배송 77/77 | 재적재 13 | 중계율 0.13 | alpha 2.140 | complete
Ep 238 | 드론6 목적지27 |  247스텝 | 배송 27/27 | 재적재  2 | 중계율 0.08 | alpha 2.131 | complete
Ep 239 | 드론5 목적지37 |  502스텝 | 배송 37/37 | 재적재  6 | 중계율 0.16 | alpha 2.122 | complete
Ep 240 | 드론6 목적지70 |  597스텝 | 배송 70/70 | 재적재 11 | 중계율 0.10 | alpha 2.098 | complete
Ep 241 | 드론3 목적지46 | 1000스텝 | 배송 34/46 | 재적재  5 | 중계율 0.24 | alpha 2.078 | step_limit
Ep 242 | 드론6 목적지65 |  574스텝 | 배송 65/65 | 재적재 10 | 중계율 0.11 | alpha 2.091 | complete
Ep 243 | 드론5 목적지39 |  463스텝 | 배송 39/39 | 재적재  6 | 중계율 0.16 | alpha 2.074 | complete
Ep 244 | 드론4 목적지51 | 1000스텝 | 배송 50/51 | 재적재  9 | 중계율 0.21 | alpha 2.060 | step_limit
Ep 245 | 드론3 목적지52 | 1000스텝 | 배송 36/52 | 재적재  6 | 중계율 0.30 | alpha 2.090 | step_limit
Ep 246 | 드론5 목적지54 |  641스텝 | 배송 54/54 | 재적재  8 | 중계율 0.15 | alpha 2.090 | complete
Ep 247 | 드론6 목적지69 |  680스텝 | 배송 69/69 | 재적재 12 | 중계율 0.15 | alpha 2.083 | complete
Ep 248 | 드론3 목적지77 | 1000스텝 | 배송 55/77 | 재적재  9 | 중계율 0.19 | alpha 2.105 | step_limit
Ep 249 | 드론5 목적지70 |  669스텝 | 배송 70/70 | 재적재 13 | 중계율 0.11 | alpha 2.121 | complete
Ep 250 | 드론3 목적지51 | 1000스텝 | 배송 46/51 | 재적재  8 | 중계율 0.20 | alpha 2.126 | step_limit
  [홀드아웃] 배송 49.9±0.8 완주 0.97 스텝 1187 점수 103.5 재적재 8.3 2홉+ 0.65 | 최고 106.3@ep150 정체 2/15
Ep 251 | 드론6 목적지33 |  312스텝 | 배송 33/33 | 재적재  4 | 중계율 0.10 | alpha 2.123 | complete
Ep 252 | 드론3 목적지25 |  713스텝 | 배송 25/25 | 재적재  4 | 중계율 0.23 | alpha 2.118 | complete
Ep 253 | 드론5 목적지49 |  807스텝 | 배송 49/49 | 재적재  9 | 중계율 0.23 | alpha 2.112 | complete
Ep 254 | 드론5 목적지26 |  390스텝 | 배송 26/26 | 재적재  3 | 중계율 0.10 | alpha 2.115 | complete
Ep 255 | 드론4 목적지38 | 1000스텝 | 배송 36/38 | 재적재  6 | 중계율 0.26 | alpha 2.074 | step_limit
Ep 256 | 드론4 목적지27 |  584스텝 | 배송 27/27 | 재적재  3 | 중계율 0.23 | alpha 2.077 | complete
Ep 257 | 드론3 목적지44 | 1000스텝 | 배송 41/44 | 재적재  7 | 중계율 0.26 | alpha 2.109 | step_limit
Ep 258 | 드론5 목적지73 |  812스텝 | 배송 73/73 | 재적재 13 | 중계율 0.17 | alpha 2.130 | complete
Ep 259 | 드론5 목적지65 |  932스텝 | 배송 65/65 | 재적재 11 | 중계율 0.15 | alpha 2.132 | complete
Ep 260 | 드론6 목적지49 |  517스텝 | 배송 49/49 | 재적재  8 | 중계율 0.17 | alpha 2.116 | complete
Ep 261 | 드론6 목적지21 |  288스텝 | 배송 21/21 | 재적재  1 | 중계율 0.15 | alpha 2.097 | complete
Ep 262 | 드론3 목적지69 | 1000스텝 | 배송 67/69 | 재적재 11 | 중계율 0.20 | alpha 2.093 | step_limit
Ep 263 | 드론4 목적지40 | 1000스텝 | 배송 37/40 | 재적재  6 | 중계율 0.33 | alpha 2.111 | step_limit
Ep 264 | 드론5 목적지35 |  431스텝 | 배송 35/35 | 재적재  4 | 중계율 0.14 | alpha 2.119 | complete
Ep 265 | 드론6 목적지52 |  389스텝 | 배송 52/52 | 재적재  8 | 중계율 0.10 | alpha 2.104 | complete
Ep 266 | 드론4 목적지33 |  541스텝 | 배송 33/33 | 재적재  5 | 중계율 0.14 | alpha 2.150 | complete
Ep 267 | 드론6 목적지32 |  334스텝 | 배송 32/32 | 재적재  5 | 중계율 0.14 | alpha 2.162 | complete
Ep 268 | 드론4 목적지39 | 1000스텝 | 배송 37/39 | 재적재  7 | 중계율 0.17 | alpha 2.155 | step_limit
Ep 269 | 드론5 목적지71 |  712스텝 | 배송 71/71 | 재적재 11 | 중계율 0.13 | alpha 2.175 | complete
Ep 270 | 드론3 목적지56 | 1000스텝 | 배송 49/56 | 재적재  8 | 중계율 0.31 | alpha 2.143 | step_limit
Ep 271 | 드론5 목적지66 |  860스텝 | 배송 66/66 | 재적재 11 | 중계율 0.16 | alpha 2.121 | complete
Ep 272 | 드론4 목적지33 |  472스텝 | 배송 33/33 | 재적재  4 | 중계율 0.14 | alpha 2.109 | complete
Ep 273 | 드론5 목적지75 | 1000스텝 | 배송 73/75 | 재적재 11 | 중계율 0.20 | alpha 2.082 | step_limit
Ep 274 | 드론4 목적지63 |  772스텝 | 배송 63/63 | 재적재 12 | 중계율 0.12 | alpha 2.064 | complete
Ep 275 | 드론3 목적지46 | 1000스텝 | 배송 40/46 | 재적재  6 | 중계율 0.26 | alpha 2.065 | step_limit
Ep 276 | 드론5 목적지62 |  910스텝 | 배송 62/62 | 재적재 10 | 중계율 0.18 | alpha 2.093 | complete
Ep 277 | 드론6 목적지35 |  401스텝 | 배송 35/35 | 재적재  6 | 중계율 0.14 | alpha 2.087 | complete
Ep 278 | 드론4 목적지79 |  940스텝 | 배송 79/79 | 재적재 14 | 중계율 0.15 | alpha 2.099 | complete
Ep 279 | 드론3 목적지50 | 1000스텝 | 배송 45/50 | 재적재  7 | 중계율 0.25 | alpha 2.140 | step_limit
Ep 280 | 드론3 목적지71 | 1000스텝 | 배송 51/71 | 재적재  9 | 중계율 0.23 | alpha 2.161 | step_limit
Ep 281 | 드론5 목적지52 |  662스텝 | 배송 52/52 | 재적재  7 | 중계율 0.14 | alpha 2.184 | complete
Ep 282 | 드론4 목적지55 |  820스텝 | 배송 55/55 | 재적재  9 | 중계율 0.16 | alpha 2.170 | complete
Ep 283 | 드론4 목적지44 |  652스텝 | 배송 44/44 | 재적재  7 | 중계율 0.15 | alpha 2.150 | complete
Ep 284 | 드론6 목적지61 |  608스텝 | 배송 61/61 | 재적재 10 | 중계율 0.13 | alpha 2.164 | complete
Ep 285 | 드론6 목적지61 |  615스텝 | 배송 61/61 | 재적재  9 | 중계율 0.16 | alpha 2.149 | complete
Ep 286 | 드론6 목적지35 |  383스텝 | 배송 35/35 | 재적재  4 | 중계율 0.10 | alpha 2.145 | complete
Ep 287 | 드론5 목적지42 |  534스텝 | 배송 42/42 | 재적재  6 | 중계율 0.17 | alpha 2.160 | complete
Ep 288 | 드론4 목적지26 |  514스텝 | 배송 26/26 | 재적재  3 | 중계율 0.19 | alpha 2.171 | complete
Ep 289 | 드론5 목적지71 |  568스텝 | 배송 71/71 | 재적재 11 | 중계율 0.11 | alpha 2.175 | complete
Ep 290 | 드론3 목적지34 |  943스텝 | 배송 34/34 | 재적재  6 | 중계율 0.18 | alpha 2.174 | complete
Ep 291 | 드론6 목적지70 |  609스텝 | 배송 70/70 | 재적재 12 | 중계율 0.11 | alpha 2.187 | complete
Ep 292 | 드론6 목적지25 |  243스텝 | 배송 25/25 | 재적재  3 | 중계율 0.12 | alpha 2.203 | complete
Ep 293 | 드론5 목적지78 | 1000스텝 | 배송 72/78 | 재적재 13 | 중계율 0.18 | alpha 2.221 | step_limit
Ep 294 | 드론4 목적지63 | 1000스텝 | 배송 45/63 | 재적재  8 | 중계율 0.14 | alpha 2.211 | step_limit
Ep 295 | 드론3 목적지40 |  965스텝 | 배송 40/40 | 재적재  6 | 중계율 0.21 | alpha 2.180 | complete
Ep 296 | 드론3 목적지78 | 1000스텝 | 배송 57/78 | 재적재 10 | 중계율 0.23 | alpha 2.177 | step_limit
Ep 297 | 드론3 목적지76 | 1000스텝 | 배송 61/76 | 재적재 12 | 중계율 0.17 | alpha 2.206 | step_limit
Ep 298 | 드론5 목적지42 |  645스텝 | 배송 42/42 | 재적재  6 | 중계율 0.15 | alpha 2.205 | complete
Ep 299 | 드론5 목적지34 |  826스텝 | 배송 34/34 | 재적재  4 | 중계율 0.26 | alpha 2.167 | complete
Ep 300 | 드론6 목적지73 |  915스텝 | 배송 73/73 | 재적재 14 | 중계율 0.18 | alpha 2.157 | complete
  [홀드아웃] 배송 50.0±0.0 완주 1.00 스텝 1146 점수 106.2 재적재 8.5 2홉+ 0.65 | 최고 106.3@ep150 정체 3/15
Ep 301 | 드론5 목적지74 |  834스텝 | 배송 74/74 | 재적재 14 | 중계율 0.10 | alpha 2.167 | complete
Ep 302 | 드론3 목적지56 | 1000스텝 | 배송 51/56 | 재적재  8 | 중계율 0.19 | alpha 2.156 | step_limit
Ep 303 | 드론6 목적지24 |  366스텝 | 배송 24/24 | 재적재  3 | 중계율 0.18 | alpha 2.155 | complete
Ep 304 | 드론5 목적지67 |  937스텝 | 배송 67/67 | 재적재 12 | 중계율 0.18 | alpha 2.139 | complete
Ep 305 | 드론4 목적지69 | 1000스텝 | 배송 66/69 | 재적재 11 | 중계율 0.20 | alpha 2.161 | step_limit
Ep 306 | 드론4 목적지30 |  522스텝 | 배송 30/30 | 재적재  5 | 중계율 0.18 | alpha 2.161 | complete
Ep 307 | 드론6 목적지46 |  346스텝 | 배송 46/46 | 재적재  6 | 중계율 0.07 | alpha 2.159 | complete
Ep 308 | 드론3 목적지45 | 1000스텝 | 배송 43/45 | 재적재  7 | 중계율 0.19 | alpha 2.129 | step_limit
Ep 309 | 드론6 목적지80 |  957스텝 | 배송 80/80 | 재적재 14 | 중계율 0.14 | alpha 2.137 | complete
Ep 310 | 드론4 목적지26 |  373스텝 | 배송 26/26 | 재적재  4 | 중계율 0.11 | alpha 2.149 | complete
Ep 311 | 드론3 목적지52 |  859스텝 | 배송 52/52 | 재적재  9 | 중계율 0.13 | alpha 2.158 | complete
Ep 312 | 드론3 목적지42 |  904스텝 | 배송 42/42 | 재적재  7 | 중계율 0.21 | alpha 2.164 | complete
Ep 313 | 드론3 목적지60 | 1000스텝 | 배송 50/60 | 재적재  8 | 중계율 0.20 | alpha 2.122 | step_limit
Ep 314 | 드론3 목적지78 | 1000스텝 | 배송 54/78 | 재적재  9 | 중계율 0.18 | alpha 2.119 | step_limit
Ep 315 | 드론5 목적지51 |  838스텝 | 배송 51/51 | 재적재  8 | 중계율 0.22 | alpha 2.119 | complete
Ep 316 | 드론5 목적지58 |  596스텝 | 배송 58/58 | 재적재  9 | 중계율 0.13 | alpha 2.129 | complete
Ep 317 | 드론5 목적지75 |  855스텝 | 배송 75/75 | 재적재 14 | 중계율 0.15 | alpha 2.118 | complete
Ep 318 | 드론6 목적지56 |  638스텝 | 배송 56/56 | 재적재  9 | 중계율 0.18 | alpha 2.133 | complete
Ep 319 | 드론4 목적지69 | 1000스텝 | 배송 60/69 | 재적재 11 | 중계율 0.19 | alpha 2.154 | step_limit
Ep 320 | 드론5 목적지45 |  579스텝 | 배송 45/45 | 재적재  7 | 중계율 0.17 | alpha 2.142 | complete
Ep 321 | 드론5 목적지28 |  393스텝 | 배송 28/28 | 재적재  5 | 중계율 0.15 | alpha 2.118 | complete
Ep 322 | 드론5 목적지59 |  574스텝 | 배송 59/59 | 재적재  9 | 중계율 0.11 | alpha 2.123 | complete
Ep 323 | 드론3 목적지44 | 1000스텝 | 배송 38/44 | 재적재  6 | 중계율 0.22 | alpha 2.099 | step_limit
Ep 324 | 드론3 목적지25 | 1000스텝 | 배송 21/25 | 재적재  2 | 중계율 0.10 | alpha 2.081 | step_limit
Ep 325 | 드론6 목적지65 |  691스텝 | 배송 65/65 | 재적재 11 | 중계율 0.13 | alpha 2.071 | complete
Ep 326 | 드론4 목적지31 |  735스텝 | 배송 31/31 | 재적재  4 | 중계율 0.25 | alpha 2.060 | complete
Ep 327 | 드론6 목적지67 |  725스텝 | 배송 67/67 | 재적재 11 | 중계율 0.15 | alpha 2.090 | complete
Ep 328 | 드론4 목적지65 | 1000스텝 | 배송 60/65 | 재적재 11 | 중계율 0.16 | alpha 2.090 | step_limit
Ep 329 | 드론6 목적지33 |  337스텝 | 배송 33/33 | 재적재  5 | 중계율 0.11 | alpha 2.101 | complete
Ep 330 | 드론5 목적지76 | 1000스텝 | 배송 75/76 | 재적재 13 | 중계율 0.17 | alpha 2.085 | step_limit
Ep 331 | 드론4 목적지76 | 1000스텝 | 배송 59/76 | 재적재 11 | 중계율 0.17 | alpha 2.091 | step_limit
Ep 332 | 드론6 목적지75 |  643스텝 | 배송 75/75 | 재적재 13 | 중계율 0.11 | alpha 2.091 | complete
Ep 333 | 드론4 목적지26 |  520스텝 | 배송 26/26 | 재적재  4 | 중계율 0.13 | alpha 2.087 | complete
Ep 334 | 드론3 목적지63 | 1000스텝 | 배송 55/63 | 재적재 10 | 중계율 0.17 | alpha 2.097 | step_limit
Ep 335 | 드론5 목적지28 |  456스텝 | 배송 28/28 | 재적재  4 | 중계율 0.14 | alpha 2.084 | complete
Ep 336 | 드론3 목적지54 | 1000스텝 | 배송 47/54 | 재적재  8 | 중계율 0.24 | alpha 2.077 | step_limit
Ep 337 | 드론4 목적지65 | 1000스텝 | 배송 55/65 | 재적재  9 | 중계율 0.27 | alpha 2.061 | step_limit
Ep 338 | 드론4 목적지68 | 1000스텝 | 배송 65/68 | 재적재 11 | 중계율 0.17 | alpha 2.074 | step_limit
Ep 339 | 드론5 목적지47 |  545스텝 | 배송 47/47 | 재적재  8 | 중계율 0.11 | alpha 2.054 | complete
Ep 340 | 드론4 목적지73 | 1000스텝 | 배송 65/73 | 재적재 11 | 중계율 0.28 | alpha 2.036 | step_limit
Ep 341 | 드론4 목적지64 | 1000스텝 | 배송 56/64 | 재적재 10 | 중계율 0.27 | alpha 2.009 | step_limit
Ep 342 | 드론4 목적지26 |  365스텝 | 배송 26/26 | 재적재  3 | 중계율 0.09 | alpha 2.009 | complete
Ep 343 | 드론6 목적지58 |  496스텝 | 배송 58/58 | 재적재 10 | 중계율 0.13 | alpha 2.008 | complete
Ep 344 | 드론5 목적지23 |  234스텝 | 배송 23/23 | 재적재  2 | 중계율 0.08 | alpha 2.026 | complete
Ep 345 | 드론5 목적지53 |  999스텝 | 배송 53/53 | 재적재  9 | 중계율 0.18 | alpha 2.039 | complete
Ep 346 | 드론4 목적지21 |  407스텝 | 배송 21/21 | 재적재  2 | 중계율 0.15 | alpha 2.058 | complete
Ep 347 | 드론6 목적지39 |  359스텝 | 배송 39/39 | 재적재  5 | 중계율 0.11 | alpha 2.057 | complete
Ep 348 | 드론6 목적지46 |  357스텝 | 배송 46/46 | 재적재  6 | 중계율 0.10 | alpha 2.045 | complete
Ep 349 | 드론5 목적지37 |  473스텝 | 배송 37/37 | 재적재  7 | 중계율 0.13 | alpha 2.043 | complete
Ep 350 | 드론3 목적지42 | 1000스텝 | 배송 40/42 | 재적재  7 | 중계율 0.22 | alpha 2.035 | step_limit
  [홀드아웃] 배송 50.0±0.0 완주 1.00 스텝 1079 점수 106.4 재적재 8.3 2홉+ 0.64 | 최고 106.4@ep350 정체 0/15  ← 갱신
Ep 351 | 드론6 목적지54 |  408스텝 | 배송 54/54 | 재적재  8 | 중계율 0.13 | alpha 2.058 | complete
Ep 352 | 드론5 목적지69 |  855스텝 | 배송 69/69 | 재적재 12 | 중계율 0.20 | alpha 2.045 | complete
Ep 353 | 드론3 목적지44 | 1000스텝 | 배송 41/44 | 재적재  7 | 중계율 0.20 | alpha 2.048 | step_limit
Ep 354 | 드론4 목적지49 |  877스텝 | 배송 49/49 | 재적재  8 | 중계율 0.23 | alpha 2.031 | complete
Ep 355 | 드론3 목적지28 |  456스텝 | 배송 28/28 | 재적재  3 | 중계율 0.20 | alpha 2.042 | complete
Ep 356 | 드론3 목적지79 | 1000스텝 | 배송 69/79 | 재적재 13 | 중계율 0.14 | alpha 2.058 | step_limit
Ep 357 | 드론5 목적지71 |  850스텝 | 배송 71/71 | 재적재 12 | 중계율 0.10 | alpha 2.088 | complete
Ep 358 | 드론3 목적지30 |  747스텝 | 배송 30/30 | 재적재  4 | 중계율 0.18 | alpha 2.091 | complete
Ep 359 | 드론4 목적지74 |  809스텝 | 배송 74/74 | 재적재 13 | 중계율 0.14 | alpha 2.133 | complete
Ep 360 | 드론5 목적지47 |  496스텝 | 배송 47/47 | 재적재  6 | 중계율 0.15 | alpha 2.117 | complete
Ep 361 | 드론4 목적지43 | 1000스텝 | 배송 42/43 | 재적재  7 | 중계율 0.22 | alpha 2.130 | step_limit
Ep 362 | 드론6 목적지78 |  583스텝 | 배송 78/78 | 재적재 13 | 중계율 0.12 | alpha 2.140 | complete
Ep 363 | 드론5 목적지70 |  684스텝 | 배송 70/70 | 재적재 12 | 중계율 0.10 | alpha 2.178 | complete
Ep 364 | 드론3 목적지64 | 1000스텝 | 배송 52/64 | 재적재  9 | 중계율 0.22 | alpha 2.207 | step_limit
Ep 365 | 드론3 목적지63 | 1000스텝 | 배송 51/63 | 재적재  9 | 중계율 0.26 | alpha 2.256 | step_limit
Ep 366 | 드론4 목적지44 |  789스텝 | 배송 44/44 | 재적재  8 | 중계율 0.24 | alpha 2.257 | complete
Ep 367 | 드론5 목적지38 |  453스텝 | 배송 38/38 | 재적재  6 | 중계율 0.15 | alpha 2.247 | complete
Ep 368 | 드론3 목적지37 |  870스텝 | 배송 37/37 | 재적재  7 | 중계율 0.12 | alpha 2.243 | complete
Ep 369 | 드론3 목적지42 |  773스텝 | 배송 42/42 | 재적재  7 | 중계율 0.18 | alpha 2.273 | complete
Ep 370 | 드론4 목적지70 | 1000스텝 | 배송 66/70 | 재적재 12 | 중계율 0.24 | alpha 2.262 | step_limit
Ep 371 | 드론4 목적지40 |  771스텝 | 배송 40/40 | 재적재  6 | 중계율 0.18 | alpha 2.241 | complete
Ep 372 | 드론5 목적지29 |  342스텝 | 배송 29/29 | 재적재  2 | 중계율 0.14 | alpha 2.251 | complete
Ep 373 | 드론3 목적지79 | 1000스텝 | 배송 66/79 | 재적재 11 | 중계율 0.16 | alpha 2.207 | step_limit
Ep 374 | 드론4 목적지40 |  700스텝 | 배송 40/40 | 재적재  6 | 중계율 0.18 | alpha 2.201 | complete
Ep 375 | 드론3 목적지28 |  803스텝 | 배송 28/28 | 재적재  5 | 중계율 0.21 | alpha 2.213 | complete
Ep 376 | 드론4 목적지40 |  886스텝 | 배송 40/40 | 재적재  7 | 중계율 0.22 | alpha 2.226 | complete
Ep 377 | 드론3 목적지72 | 1000스텝 | 배송 48/72 | 재적재  7 | 중계율 0.23 | alpha 2.241 | step_limit
Ep 378 | 드론6 목적지61 |  535스텝 | 배송 61/61 | 재적재  9 | 중계율 0.10 | alpha 2.240 | complete
Ep 379 | 드론5 목적지68 |  765스텝 | 배송 68/68 | 재적재 13 | 중계율 0.18 | alpha 2.267 | complete
Ep 380 | 드론3 목적지24 |  594스텝 | 배송 24/24 | 재적재  4 | 중계율 0.20 | alpha 2.261 | complete
Ep 381 | 드론4 목적지52 | 1000스텝 | 배송 45/52 | 재적재  7 | 중계율 0.23 | alpha 2.238 | step_limit
Ep 382 | 드론5 목적지35 |  473스텝 | 배송 35/35 | 재적재  5 | 중계율 0.12 | alpha 2.236 | complete
Ep 383 | 드론3 목적지47 | 1000스텝 | 배송 41/47 | 재적재  6 | 중계율 0.24 | alpha 2.237 | step_limit
Ep 384 | 드론4 목적지28 |  388스텝 | 배송 28/28 | 재적재  5 | 중계율 0.16 | alpha 2.235 | complete
Ep 385 | 드론5 목적지70 |  732스텝 | 배송 70/70 | 재적재 11 | 중계율 0.16 | alpha 2.232 | complete
Ep 386 | 드론5 목적지71 |  805스텝 | 배송 71/71 | 재적재 13 | 중계율 0.10 | alpha 2.231 | complete
Ep 387 | 드론4 목적지49 |  627스텝 | 배송 49/49 | 재적재  8 | 중계율 0.10 | alpha 2.235 | complete
Ep 388 | 드론4 목적지21 |  667스텝 | 배송 21/21 | 재적재  3 | 중계율 0.28 | alpha 2.229 | complete
Ep 389 | 드론5 목적지60 |  796스텝 | 배송 60/60 | 재적재  9 | 중계율 0.13 | alpha 2.230 | complete
Ep 390 | 드론5 목적지30 |  499스텝 | 배송 30/30 | 재적재  4 | 중계율 0.12 | alpha 2.243 | complete
Ep 391 | 드론3 목적지51 | 1000스텝 | 배송 50/51 | 재적재  9 | 중계율 0.13 | alpha 2.289 | step_limit
Ep 392 | 드론4 목적지39 |  987스텝 | 배송 39/39 | 재적재  7 | 중계율 0.18 | alpha 2.298 | complete
Ep 393 | 드론6 목적지73 |  559스텝 | 배송 73/73 | 재적재 13 | 중계율 0.08 | alpha 2.287 | complete
Ep 394 | 드론3 목적지32 |  886스텝 | 배송 32/32 | 재적재  5 | 중계율 0.25 | alpha 2.306 | complete
Ep 395 | 드론6 목적지70 |  468스텝 | 배송 70/70 | 재적재 11 | 중계율 0.09 | alpha 2.306 | complete
Ep 396 | 드론6 목적지28 |  293스텝 | 배송 28/28 | 재적재  1 | 중계율 0.07 | alpha 2.290 | complete
Ep 397 | 드론3 목적지39 |  688스텝 | 배송 39/39 | 재적재  6 | 중계율 0.19 | alpha 2.281 | complete
Ep 398 | 드론4 목적지40 |  782스텝 | 배송 40/40 | 재적재  7 | 중계율 0.17 | alpha 2.277 | complete
Ep 399 | 드론3 목적지51 | 1000스텝 | 배송 50/51 | 재적재  8 | 중계율 0.23 | alpha 2.259 | step_limit
Ep 400 | 드론3 목적지79 | 1000스텝 | 배송 56/79 | 재적재  9 | 중계율 0.25 | alpha 2.262 | step_limit
  [홀드아웃] 배송 49.9±0.6 완주 0.97 스텝 1074 점수 103.9 재적재 8.4 2홉+ 0.63 | 최고 106.4@ep350 정체 1/15
Ep 401 | 드론3 목적지63 | 1000스텝 | 배송 60/63 | 재적재 11 | 중계율 0.24 | alpha 2.300 | step_limit
Ep 402 | 드론3 목적지32 |  966스텝 | 배송 32/32 | 재적재  5 | 중계율 0.24 | alpha 2.309 | complete
Ep 403 | 드론4 목적지76 |  865스텝 | 배송 76/76 | 재적재 14 | 중계율 0.15 | alpha 2.321 | complete
Ep 404 | 드론5 목적지23 |  291스텝 | 배송 23/23 | 재적재  3 | 중계율 0.12 | alpha 2.325 | complete
Ep 405 | 드론4 목적지67 | 1000스텝 | 배송 59/67 | 재적재  9 | 중계율 0.21 | alpha 2.353 | step_limit
Ep 406 | 드론4 목적지48 |  766스텝 | 배송 48/48 | 재적재  8 | 중계율 0.17 | alpha 2.340 | complete
Ep 407 | 드론3 목적지72 | 1000스텝 | 배송 60/72 | 재적재 11 | 중계율 0.18 | alpha 2.336 | step_limit
Ep 408 | 드론6 목적지79 |  950스텝 | 배송 79/79 | 재적재 14 | 중계율 0.18 | alpha 2.370 | complete
Ep 409 | 드론6 목적지28 |  236스텝 | 배송 28/28 | 재적재  2 | 중계율 0.11 | alpha 2.363 | complete
Ep 410 | 드론6 목적지46 |  544스텝 | 배송 46/46 | 재적재  7 | 중계율 0.12 | alpha 2.322 | complete
Ep 411 | 드론6 목적지69 |  849스텝 | 배송 69/69 | 재적재 12 | 중계율 0.17 | alpha 2.296 | complete
Ep 412 | 드론3 목적지47 | 1000스텝 | 배송 44/47 | 재적재  8 | 중계율 0.18 | alpha 2.274 | step_limit
Ep 413 | 드론5 목적지45 |  599스텝 | 배송 45/45 | 재적재  7 | 중계율 0.14 | alpha 2.271 | complete
Ep 414 | 드론3 목적지76 | 1000스텝 | 배송 58/76 | 재적재 10 | 중계율 0.19 | alpha 2.246 | step_limit
Ep 415 | 드론4 목적지79 | 1000스텝 | 배송 74/79 | 재적재 14 | 중계율 0.19 | alpha 2.233 | step_limit
Ep 416 | 드론3 목적지20 |  668스텝 | 배송 20/20 | 재적재  3 | 중계율 0.23 | alpha 2.244 | complete
Ep 417 | 드론3 목적지45 | 1000스텝 | 배송 43/45 | 재적재  7 | 중계율 0.19 | alpha 2.255 | step_limit
Ep 418 | 드론4 목적지75 | 1000스텝 | 배송 73/75 | 재적재 14 | 중계율 0.15 | alpha 2.263 | step_limit
Ep 419 | 드론6 목적지78 |  707스텝 | 배송 78/78 | 재적재 13 | 중계율 0.14 | alpha 2.231 | complete
Ep 420 | 드론6 목적지33 |  329스텝 | 배송 33/33 | 재적재  5 | 중계율 0.10 | alpha 2.223 | complete
Ep 421 | 드론4 목적지62 | 1000스텝 | 배송 58/62 | 재적재 10 | 중계율 0.25 | alpha 2.263 | step_limit
Ep 422 | 드론6 목적지51 |  552스텝 | 배송 51/51 | 재적재  7 | 중계율 0.17 | alpha 2.268 | complete
Ep 423 | 드론4 목적지44 |  840스텝 | 배송 44/44 | 재적재  7 | 중계율 0.20 | alpha 2.235 | complete
Ep 424 | 드론4 목적지33 |  971스텝 | 배송 33/33 | 재적재  5 | 중계율 0.28 | alpha 2.194 | complete
Ep 425 | 드론3 목적지33 |  733스텝 | 배송 33/33 | 재적재  5 | 중계율 0.12 | alpha 2.230 | complete
Ep 426 | 드론5 목적지24 |  354스텝 | 배송 24/24 | 재적재  2 | 중계율 0.12 | alpha 2.220 | complete
Ep 427 | 드론4 목적지64 | 1000스텝 | 배송 62/64 | 재적재 11 | 중계율 0.23 | alpha 2.179 | step_limit
Ep 428 | 드론6 목적지53 |  842스텝 | 배송 53/53 | 재적재 10 | 중계율 0.22 | alpha 2.174 | complete
Ep 429 | 드론4 목적지36 |  531스텝 | 배송 36/36 | 재적재  5 | 중계율 0.11 | alpha 2.176 | complete
Ep 430 | 드론6 목적지48 |  496스텝 | 배송 48/48 | 재적재  7 | 중계율 0.12 | alpha 2.177 | complete
Ep 431 | 드론3 목적지56 | 1000스텝 | 배송 49/56 | 재적재  9 | 중계율 0.25 | alpha 2.148 | step_limit
Ep 432 | 드론4 목적지45 |  646스텝 | 배송 45/45 | 재적재  7 | 중계율 0.14 | alpha 2.161 | complete
Ep 433 | 드론5 목적지25 |  422스텝 | 배송 25/25 | 재적재  4 | 중계율 0.17 | alpha 2.157 | complete
Ep 434 | 드론4 목적지58 |  867스텝 | 배송 58/58 | 재적재  9 | 중계율 0.22 | alpha 2.191 | complete
Ep 435 | 드론4 목적지72 | 1000스텝 | 배송 53/72 | 재적재  9 | 중계율 0.27 | alpha 2.242 | step_limit
Ep 436 | 드론3 목적지71 | 1000스텝 | 배송 62/71 | 재적재 11 | 중계율 0.17 | alpha 2.193 | step_limit
Ep 437 | 드론3 목적지53 |  959스텝 | 배송 35/53 | 재적재  6 | 중계율 0.22 | alpha 2.191 | no_progress
Ep 438 | 드론6 목적지31 |  396스텝 | 배송 31/31 | 재적재  4 | 중계율 0.15 | alpha 2.165 | complete
Ep 439 | 드론6 목적지77 |  708스텝 | 배송 77/77 | 재적재 14 | 중계율 0.13 | alpha 2.170 | complete
Ep 440 | 드론4 목적지73 | 1000스텝 | 배송 69/73 | 재적재 13 | 중계율 0.18 | alpha 2.174 | step_limit
Ep 441 | 드론5 목적지27 |  252스텝 | 배송 27/27 | 재적재  4 | 중계율 0.06 | alpha 2.165 | complete
Ep 442 | 드론4 목적지20 |  464스텝 | 배송 20/20 | 재적재  2 | 중계율 0.11 | alpha 2.175 | complete
Ep 443 | 드론5 목적지73 |  791스텝 | 배송 73/73 | 재적재 13 | 중계율 0.10 | alpha 2.177 | complete
Ep 444 | 드론3 목적지56 |  915스텝 | 배송 56/56 | 재적재 10 | 중계율 0.15 | alpha 2.225 | complete
Ep 445 | 드론5 목적지20 |  275스텝 | 배송 20/20 | 재적재  1 | 중계율 0.14 | alpha 2.230 | complete
Ep 446 | 드론3 목적지26 |  647스텝 | 배송 26/26 | 재적재  3 | 중계율 0.20 | alpha 2.221 | complete
Ep 447 | 드론4 목적지41 |  649스텝 | 배송 41/41 | 재적재  7 | 중계율 0.14 | alpha 2.214 | complete
Ep 448 | 드론6 목적지73 |  533스텝 | 배송 73/73 | 재적재 13 | 중계율 0.10 | alpha 2.211 | complete
Ep 449 | 드론4 목적지56 |  952스텝 | 배송 56/56 | 재적재  9 | 중계율 0.17 | alpha 2.200 | complete
Ep 450 | 드론4 목적지35 |  650스텝 | 배송 35/35 | 재적재  5 | 중계율 0.19 | alpha 2.169 | complete
  [홀드아웃] 배송 49.9±0.5 완주 0.97 스텝 1101 점수 103.8 재적재 8.3 2홉+ 0.62 | 최고 106.4@ep350 정체 2/15
Ep 451 | 드론5 목적지77 |  737스텝 | 배송 77/77 | 재적재 13 | 중계율 0.09 | alpha 2.203 | complete
Ep 452 | 드론3 목적지22 |  695스텝 | 배송 22/22 | 재적재  3 | 중계율 0.17 | alpha 2.216 | complete
Ep 453 | 드론6 목적지47 |  398스텝 | 배송 47/47 | 재적재  7 | 중계율 0.10 | alpha 2.212 | complete
Ep 454 | 드론5 목적지72 |  922스텝 | 배송 72/72 | 재적재 13 | 중계율 0.17 | alpha 2.194 | complete
Ep 455 | 드론6 목적지63 |  614스텝 | 배송 63/63 | 재적재 10 | 중계율 0.14 | alpha 2.176 | complete
Ep 456 | 드론4 목적지73 |  898스텝 | 배송 73/73 | 재적재 13 | 중계율 0.20 | alpha 2.128 | complete
Ep 457 | 드론5 목적지36 |  807스텝 | 배송 36/36 | 재적재  6 | 중계율 0.20 | alpha 2.125 | complete
Ep 458 | 드론5 목적지78 |  650스텝 | 배송 78/78 | 재적재 13 | 중계율 0.12 | alpha 2.109 | complete
Ep 459 | 드론5 목적지45 |  551스텝 | 배송 45/45 | 재적재  6 | 중계율 0.20 | alpha 2.102 | complete
Ep 460 | 드론4 목적지70 | 1000스텝 | 배송 56/70 | 재적재 10 | 중계율 0.20 | alpha 2.075 | step_limit
Ep 461 | 드론3 목적지39 |  888스텝 | 배송 39/39 | 재적재  6 | 중계율 0.17 | alpha 2.120 | complete
Ep 462 | 드론5 목적지62 |  942스텝 | 배송 62/62 | 재적재 10 | 중계율 0.15 | alpha 2.127 | complete
Ep 463 | 드론4 목적지67 | 1000스텝 | 배송 64/67 | 재적재 12 | 중계율 0.20 | alpha 2.104 | step_limit
Ep 464 | 드론4 목적지33 |  520스텝 | 배송 33/33 | 재적재  6 | 중계율 0.12 | alpha 2.117 | complete
Ep 465 | 드론5 목적지80 | 1000스텝 | 배송 75/80 | 재적재 13 | 중계율 0.23 | alpha 2.106 | step_limit
Ep 466 | 드론6 목적지42 |  366스텝 | 배송 42/42 | 재적재  6 | 중계율 0.08 | alpha 2.122 | complete
Ep 467 | 드론4 목적지63 |  719스텝 | 배송 63/63 | 재적재 10 | 중계율 0.14 | alpha 2.078 | complete
Ep 468 | 드론3 목적지78 | 1000스텝 | 배송 62/78 | 재적재 12 | 중계율 0.16 | alpha 2.098 | step_limit
Ep 469 | 드론5 목적지48 |  376스텝 | 배송 48/48 | 재적재  6 | 중계율 0.09 | alpha 2.078 | complete
Ep 470 | 드론5 목적지70 |  826스텝 | 배송 70/70 | 재적재 13 | 중계율 0.16 | alpha 2.061 | complete
Ep 471 | 드론4 목적지24 |  301스텝 | 배송 24/24 | 재적재  4 | 중계율 0.09 | alpha 2.068 | complete
Ep 472 | 드론6 목적지62 |  670스텝 | 배송 62/62 | 재적재  9 | 중계율 0.11 | alpha 2.049 | complete
Ep 473 | 드론4 목적지30 |  612스텝 | 배송 30/30 | 재적재  5 | 중계율 0.25 | alpha 2.043 | complete
Ep 474 | 드론4 목적지37 |  753스텝 | 배송 37/37 | 재적재  6 | 중계율 0.18 | alpha 2.008 | complete
Ep 475 | 드론3 목적지71 | 1000스텝 | 배송 54/71 | 재적재 10 | 중계율 0.19 | alpha 2.002 | step_limit
Ep 476 | 드론3 목적지29 |  670스텝 | 배송 29/29 | 재적재  4 | 중계율 0.15 | alpha 1.999 | complete
Ep 477 | 드론4 목적지36 |  533스텝 | 배송 36/36 | 재적재  6 | 중계율 0.10 | alpha 2.022 | complete
Ep 478 | 드론3 목적지52 | 1000스텝 | 배송 40/52 | 재적재  7 | 중계율 0.22 | alpha 2.023 | step_limit
Ep 479 | 드론5 목적지75 |  875스텝 | 배송 75/75 | 재적재 14 | 중계율 0.20 | alpha 2.053 | complete
Ep 480 | 드론6 목적지64 |  470스텝 | 배송 64/64 | 재적재 10 | 중계율 0.10 | alpha 2.071 | complete
Ep 481 | 드론4 목적지70 | 1000스텝 | 배송 63/70 | 재적재 11 | 중계율 0.24 | alpha 2.117 | step_limit
Ep 482 | 드론6 목적지39 |  325스텝 | 배송 39/39 | 재적재  5 | 중계율 0.12 | alpha 2.129 | complete
Ep 483 | 드론5 목적지51 |  517스텝 | 배송 51/51 | 재적재  8 | 중계율 0.12 | alpha 2.133 | complete
Ep 484 | 드론5 목적지43 |  463스텝 | 배송 43/43 | 재적재  7 | 중계율 0.10 | alpha 2.124 | complete
Ep 485 | 드론4 목적지36 |  809스텝 | 배송 36/36 | 재적재  6 | 중계율 0.20 | alpha 2.123 | complete
Ep 486 | 드론4 목적지53 |  958스텝 | 배송 53/53 | 재적재  9 | 중계율 0.15 | alpha 2.087 | complete
Ep 487 | 드론6 목적지34 |  311스텝 | 배송 34/34 | 재적재  5 | 중계율 0.12 | alpha 2.092 | complete
Ep 488 | 드론3 목적지73 | 1000스텝 | 배송 54/73 | 재적재  9 | 중계율 0.21 | alpha 2.112 | step_limit
Ep 489 | 드론5 목적지52 |  576스텝 | 배송 52/52 | 재적재  9 | 중계율 0.12 | alpha 2.098 | complete
Ep 490 | 드론6 목적지40 |  369스텝 | 배송 40/40 | 재적재  6 | 중계율 0.08 | alpha 2.096 | complete
Ep 491 | 드론3 목적지47 | 1000스텝 | 배송 44/47 | 재적재  7 | 중계율 0.15 | alpha 2.085 | step_limit
Ep 492 | 드론3 목적지71 | 1000스텝 | 배송 55/71 | 재적재 10 | 중계율 0.18 | alpha 2.052 | step_limit
Ep 493 | 드론4 목적지46 |  622스텝 | 배송 46/46 | 재적재  7 | 중계율 0.15 | alpha 2.070 | complete
Ep 494 | 드론3 목적지47 | 1000스텝 | 배송 37/47 | 재적재  5 | 중계율 0.22 | alpha 2.092 | step_limit
Ep 495 | 드론4 목적지45 | 1000스텝 | 배송 42/45 | 재적재  7 | 중계율 0.21 | alpha 2.091 | step_limit
Ep 496 | 드론5 목적지65 |  732스텝 | 배송 65/65 | 재적재 10 | 중계율 0.10 | alpha 2.052 | complete
Ep 497 | 드론3 목적지35 |  736스텝 | 배송 35/35 | 재적재  5 | 중계율 0.16 | alpha 2.053 | complete
Ep 498 | 드론5 목적지39 |  913스텝 | 배송 39/39 | 재적재  6 | 중계율 0.22 | alpha 2.073 | complete
Ep 499 | 드론5 목적지28 |  427스텝 | 배송 28/28 | 재적재  3 | 중계율 0.13 | alpha 2.088 | complete
Ep 500 | 드론4 목적지49 |  954스텝 | 배송 49/49 | 재적재  9 | 중계율 0.22 | alpha 2.061 | complete
  [홀드아웃] 배송 50.0±0.0 완주 1.00 스텝 1037 점수 106.5 재적재 8.4 2홉+ 0.62 | 최고 106.5@ep500 정체 0/15  ← 갱신
Ep 501 | 드론5 목적지26 |  368스텝 | 배송 26/26 | 재적재  3 | 중계율 0.14 | alpha 2.086 | complete
Ep 502 | 드론6 목적지69 |  721스텝 | 배송 69/69 | 재적재 12 | 중계율 0.09 | alpha 2.095 | complete
Ep 503 | 드론6 목적지44 |  434스텝 | 배송 44/44 | 재적재  6 | 중계율 0.09 | alpha 2.105 | complete
Ep 504 | 드론6 목적지34 |  356스텝 | 배송 34/34 | 재적재  4 | 중계율 0.16 | alpha 2.096 | complete
Ep 505 | 드론6 목적지77 | 1000스텝 | 배송 73/77 | 재적재 13 | 중계율 0.25 | alpha 2.083 | step_limit
Ep 506 | 드론6 목적지55 |  512스텝 | 배송 55/55 | 재적재  8 | 중계율 0.07 | alpha 2.081 | complete
Ep 507 | 드론3 목적지61 |  819스텝 | 배송 61/61 | 재적재 10 | 중계율 0.11 | alpha 2.060 | complete
Ep 508 | 드론4 목적지24 |  458스텝 | 배송 24/24 | 재적재  4 | 중계율 0.13 | alpha 2.072 | complete
Ep 509 | 드론3 목적지48 | 1000스텝 | 배송 45/48 | 재적재  8 | 중계율 0.20 | alpha 2.076 | step_limit
Ep 510 | 드론5 목적지71 |  907스텝 | 배송 71/71 | 재적재 12 | 중계율 0.18 | alpha 2.056 | complete
Ep 511 | 드론6 목적지39 |  385스텝 | 배송 39/39 | 재적재  4 | 중계율 0.18 | alpha 2.063 | complete
Ep 512 | 드론5 목적지29 |  419스텝 | 배송 29/29 | 재적재  5 | 중계율 0.15 | alpha 2.027 | complete
Ep 513 | 드론6 목적지46 |  382스텝 | 배송 46/46 | 재적재  6 | 중계율 0.12 | alpha 1.999 | complete
Ep 514 | 드론3 목적지49 | 1000스텝 | 배송 44/49 | 재적재  7 | 중계율 0.23 | alpha 2.022 | step_limit
Ep 515 | 드론3 목적지70 | 1000스텝 | 배송 61/70 | 재적재 10 | 중계율 0.15 | alpha 1.997 | step_limit
Ep 516 | 드론5 목적지63 | 1000스텝 | 배송 51/63 | 재적재  9 | 중계율 0.22 | alpha 2.031 | step_limit
Ep 517 | 드론5 목적지44 |  667스텝 | 배송 44/44 | 재적재  8 | 중계율 0.16 | alpha 2.037 | complete
Ep 518 | 드론3 목적지57 | 1000스텝 | 배송 41/57 | 재적재  7 | 중계율 0.22 | alpha 2.002 | step_limit
Ep 519 | 드론6 목적지34 |  295스텝 | 배송 34/34 | 재적재  4 | 중계율 0.11 | alpha 1.998 | complete
Ep 520 | 드론4 목적지68 |  963스텝 | 배송 68/68 | 재적재 12 | 중계율 0.15 | alpha 2.010 | complete
Ep 521 | 드론5 목적지71 |  896스텝 | 배송 71/71 | 재적재 11 | 중계율 0.19 | alpha 2.052 | complete
Ep 522 | 드론4 목적지72 | 1000스텝 | 배송 67/72 | 재적재 11 | 중계율 0.20 | alpha 2.052 | step_limit
Ep 523 | 드론4 목적지27 |  548스텝 | 배송 27/27 | 재적재  3 | 중계율 0.20 | alpha 2.056 | complete
Ep 524 | 드론3 목적지37 | 1000스텝 | 배송 32/37 | 재적재  5 | 중계율 0.21 | alpha 2.035 | step_limit
Ep 525 | 드론3 목적지79 | 1000스텝 | 배송 61/79 | 재적재 12 | 중계율 0.22 | alpha 1.995 | step_limit
Ep 526 | 드론4 목적지39 | 1000스텝 | 배송 37/39 | 재적재  4 | 중계율 0.29 | alpha 1.961 | step_limit
Ep 527 | 드론4 목적지42 |  697스텝 | 배송 42/42 | 재적재  7 | 중계율 0.16 | alpha 1.958 | complete
Ep 528 | 드론4 목적지51 |  717스텝 | 배송 51/51 | 재적재  8 | 중계율 0.14 | alpha 1.976 | complete
Ep 529 | 드론4 목적지21 |  547스텝 | 배송 21/21 | 재적재  2 | 중계율 0.18 | alpha 1.955 | complete
Ep 530 | 드론5 목적지34 |  375스텝 | 배송 34/34 | 재적재  5 | 중계율 0.10 | alpha 1.964 | complete
Ep 531 | 드론6 목적지64 |  643스텝 | 배송 64/64 | 재적재 11 | 중계율 0.15 | alpha 1.998 | complete
Ep 532 | 드론6 목적지78 |  735스텝 | 배송 78/78 | 재적재 14 | 중계율 0.10 | alpha 2.011 | complete
Ep 533 | 드론5 목적지68 |  857스텝 | 배송 68/68 | 재적재 11 | 중계율 0.17 | alpha 1.993 | complete
Ep 534 | 드론4 목적지25 |  845스텝 | 배송 25/25 | 재적재  4 | 중계율 0.29 | alpha 1.993 | complete
Ep 535 | 드론4 목적지25 |  653스텝 | 배송 25/25 | 재적재  3 | 중계율 0.18 | alpha 2.002 | complete
Ep 536 | 드론6 목적지71 |  530스텝 | 배송 71/71 | 재적재 11 | 중계율 0.09 | alpha 2.007 | complete
Ep 537 | 드론6 목적지31 |  316스텝 | 배송 31/31 | 재적재  3 | 중계율 0.11 | alpha 2.008 | complete
Ep 538 | 드론5 목적지55 |  749스텝 | 배송 55/55 | 재적재  9 | 중계율 0.16 | alpha 2.009 | complete
Ep 539 | 드론3 목적지46 | 1000스텝 | 배송 40/46 | 재적재  7 | 중계율 0.21 | alpha 2.026 | step_limit
Ep 540 | 드론5 목적지50 |  737스텝 | 배송 50/50 | 재적재  8 | 중계율 0.09 | alpha 2.059 | complete
Ep 541 | 드론5 목적지25 |  309스텝 | 배송 25/25 | 재적재  3 | 중계율 0.12 | alpha 2.079 | complete
Ep 542 | 드론5 목적지65 |  638스텝 | 배송 65/65 | 재적재 11 | 중계율 0.12 | alpha 2.099 | complete
Ep 543 | 드론4 목적지32 |  616스텝 | 배송 32/32 | 재적재  5 | 중계율 0.10 | alpha 2.083 | complete
Ep 544 | 드론5 목적지60 |  690스텝 | 배송 60/60 | 재적재 10 | 중계율 0.15 | alpha 2.073 | complete
Ep 545 | 드론4 목적지74 | 1000스텝 | 배송 63/74 | 재적재 12 | 중계율 0.17 | alpha 2.047 | step_limit
Ep 546 | 드론4 목적지45 |  865스텝 | 배송 45/45 | 재적재  7 | 중계율 0.20 | alpha 2.046 | complete
Ep 547 | 드론4 목적지37 |  543스텝 | 배송 37/37 | 재적재  5 | 중계율 0.14 | alpha 2.083 | complete
Ep 548 | 드론4 목적지63 |  924스텝 | 배송 63/63 | 재적재 11 | 중계율 0.14 | alpha 2.074 | complete
Ep 549 | 드론6 목적지55 |  451스텝 | 배송 55/55 | 재적재  8 | 중계율 0.10 | alpha 2.067 | complete
Ep 550 | 드론5 목적지30 |  425스텝 | 배송 30/30 | 재적재  4 | 중계율 0.19 | alpha 2.075 | complete
  [홀드아웃] 배송 50.0±0.0 완주 1.00 스텝 1140 점수 106.2 재적재 8.4 2홉+ 0.63 | 최고 106.5@ep500 정체 1/15
Ep 551 | 드론6 목적지33 |  224스텝 | 배송 33/33 | 재적재  3 | 중계율 0.06 | alpha 2.055 | complete
Ep 552 | 드론6 목적지71 |  648스텝 | 배송 71/71 | 재적재 12 | 중계율 0.09 | alpha 2.064 | complete
Ep 553 | 드론6 목적지68 |  545스텝 | 배송 68/68 | 재적재 11 | 중계율 0.14 | alpha 2.041 | complete
Ep 554 | 드론4 목적지74 | 1000스텝 | 배송 66/74 | 재적재 12 | 중계율 0.17 | alpha 2.050 | step_limit
Ep 555 | 드론5 목적지59 | 1000스텝 | 배송 56/59 | 재적재  9 | 중계율 0.20 | alpha 2.005 | step_limit
Ep 556 | 드론5 목적지41 |  853스텝 | 배송 41/41 | 재적재  7 | 중계율 0.20 | alpha 2.010 | complete
Ep 557 | 드론4 목적지71 |  782스텝 | 배송 71/71 | 재적재 12 | 중계율 0.09 | alpha 2.015 | complete
Ep 558 | 드론5 목적지50 |  495스텝 | 배송 50/50 | 재적재  7 | 중계율 0.09 | alpha 2.028 | complete
Ep 559 | 드론5 목적지57 |  704스텝 | 배송 57/57 | 재적재 11 | 중계율 0.14 | alpha 2.011 | complete
Ep 560 | 드론5 목적지42 |  410스텝 | 배송 42/42 | 재적재  6 | 중계율 0.08 | alpha 2.028 | complete
Ep 561 | 드론5 목적지27 |  763스텝 | 배송 27/27 | 재적재  4 | 중계율 0.17 | alpha 2.055 | complete
Ep 562 | 드론6 목적지47 |  516스텝 | 배송 47/47 | 재적재  5 | 중계율 0.12 | alpha 2.056 | complete
Ep 563 | 드론4 목적지78 | 1000스텝 | 배송 75/78 | 재적재 13 | 중계율 0.15 | alpha 2.036 | step_limit
Ep 564 | 드론5 목적지30 |  400스텝 | 배송 30/30 | 재적재  4 | 중계율 0.11 | alpha 2.053 | complete
Ep 565 | 드론6 목적지22 |  176스텝 | 배송 22/22 | 재적재  0 | 중계율 0.09 | alpha 2.051 | complete
Ep 566 | 드론4 목적지49 |  677스텝 | 배송 49/49 | 재적재  8 | 중계율 0.15 | alpha 2.024 | complete
Ep 567 | 드론4 목적지78 | 1000스텝 | 배송 65/78 | 재적재 12 | 중계율 0.18 | alpha 1.999 | step_limit
Ep 568 | 드론5 목적지67 | 1000스텝 | 배송 54/67 | 재적재 10 | 중계율 0.24 | alpha 1.997 | step_limit
Ep 569 | 드론6 목적지70 |  590스텝 | 배송 70/70 | 재적재 11 | 중계율 0.09 | alpha 2.008 | complete
Ep 570 | 드론4 목적지72 |  813스텝 | 배송 72/72 | 재적재 13 | 중계율 0.14 | alpha 2.033 | complete
Ep 571 | 드론6 목적지49 |  375스텝 | 배송 49/49 | 재적재  6 | 중계율 0.08 | alpha 2.022 | complete
Ep 572 | 드론6 목적지75 |  601스텝 | 배송 75/75 | 재적재 13 | 중계율 0.14 | alpha 2.007 | complete
Ep 573 | 드론5 목적지66 |  618스텝 | 배송 66/66 | 재적재 11 | 중계율 0.12 | alpha 2.046 | complete
Ep 574 | 드론5 목적지44 |  730스텝 | 배송 44/44 | 재적재  7 | 중계율 0.14 | alpha 2.037 | complete
Ep 575 | 드론6 목적지78 |  779스텝 | 배송 78/78 | 재적재 12 | 중계율 0.11 | alpha 2.018 | complete
Ep 576 | 드론3 목적지69 | 1000스텝 | 배송 55/69 | 재적재 10 | 중계율 0.20 | alpha 1.975 | step_limit
Ep 577 | 드론5 목적지24 |  300스텝 | 배송 24/24 | 재적재  1 | 중계율 0.12 | alpha 1.980 | complete
Ep 578 | 드론5 목적지32 |  460스텝 | 배송 32/32 | 재적재  4 | 중계율 0.11 | alpha 1.982 | complete
Ep 579 | 드론6 목적지26 |  195스텝 | 배송 26/26 | 재적재  1 | 중계율 0.12 | alpha 1.993 | complete
Ep 580 | 드론5 목적지60 |  654스텝 | 배송 60/60 | 재적재 10 | 중계율 0.12 | alpha 1.988 | complete
Ep 581 | 드론4 목적지47 |  882스텝 | 배송 47/47 | 재적재  7 | 중계율 0.23 | alpha 2.013 | complete
Ep 582 | 드론3 목적지36 |  787스텝 | 배송 36/36 | 재적재  7 | 중계율 0.15 | alpha 1.986 | complete
Ep 583 | 드론6 목적지65 |  757스텝 | 배송 65/65 | 재적재 11 | 중계율 0.10 | alpha 1.989 | complete
Ep 584 | 드론4 목적지54 |  945스텝 | 배송 54/54 | 재적재 10 | 중계율 0.18 | alpha 2.004 | complete
Ep 585 | 드론6 목적지72 |  677스텝 | 배송 72/72 | 재적재 10 | 중계율 0.13 | alpha 1.999 | complete
Ep 586 | 드론6 목적지37 |  388스텝 | 배송 37/37 | 재적재  5 | 중계율 0.10 | alpha 2.021 | complete
Ep 587 | 드론3 목적지49 | 1000스텝 | 배송 47/49 | 재적재  8 | 중계율 0.19 | alpha 2.024 | step_limit
Ep 588 | 드론4 목적지57 |  998스텝 | 배송 57/57 | 재적재 10 | 중계율 0.21 | alpha 1.969 | complete
Ep 589 | 드론3 목적지50 |  950스텝 | 배송 50/50 | 재적재  9 | 중계율 0.23 | alpha 1.958 | complete
Ep 590 | 드론4 목적지47 |  731스텝 | 배송 47/47 | 재적재  8 | 중계율 0.15 | alpha 1.951 | complete
Ep 591 | 드론6 목적지64 | 1000스텝 | 배송 56/64 | 재적재  9 | 중계율 0.21 | alpha 1.973 | step_limit
Ep 592 | 드론5 목적지22 |  333스텝 | 배송 22/22 | 재적재  2 | 중계율 0.08 | alpha 1.982 | complete
Ep 593 | 드론5 목적지51 |  594스텝 | 배송 51/51 | 재적재  7 | 중계율 0.13 | alpha 2.002 | complete
Ep 594 | 드론3 목적지40 | 1000스텝 | 배송 38/40 | 재적재  7 | 중계율 0.21 | alpha 2.015 | step_limit
Ep 595 | 드론5 목적지26 |  357스텝 | 배송 26/26 | 재적재  3 | 중계율 0.14 | alpha 2.009 | complete
Ep 596 | 드론6 목적지26 |  180스텝 | 배송 26/26 | 재적재  1 | 중계율 0.06 | alpha 1.995 | complete
Ep 597 | 드론4 목적지21 |  587스텝 | 배송 21/21 | 재적재  2 | 중계율 0.23 | alpha 2.009 | complete
Ep 598 | 드론4 목적지23 |  312스텝 | 배송 23/23 | 재적재  2 | 중계율 0.10 | alpha 2.023 | complete
Ep 599 | 드론4 목적지77 | 1000스텝 | 배송 67/77 | 재적재 12 | 중계율 0.21 | alpha 2.057 | step_limit
Ep 600 | 드론5 목적지68 | 1000스텝 | 배송 66/68 | 재적재 10 | 중계율 0.25 | alpha 2.013 | step_limit
  [홀드아웃] 배송 50.0±0.0 완주 1.00 스텝 1149 점수 106.2 재적재 8.4 2홉+ 0.61 | 최고 106.5@ep500 정체 2/15
Ep 601 | 드론4 목적지20 |  359스텝 | 배송 20/20 | 재적재  2 | 중계율 0.12 | alpha 2.000 | complete
Ep 602 | 드론5 목적지72 |  948스텝 | 배송 72/72 | 재적재 12 | 중계율 0.12 | alpha 1.956 | complete
Ep 603 | 드론6 목적지60 |  500스텝 | 배송 60/60 | 재적재 10 | 중계율 0.10 | alpha 1.995 | complete
Ep 604 | 드론5 목적지68 |  648스텝 | 배송 68/68 | 재적재 11 | 중계율 0.07 | alpha 2.013 | complete
Ep 605 | 드론4 목적지73 | 1000스텝 | 배송 65/73 | 재적재 11 | 중계율 0.23 | alpha 2.027 | step_limit
Ep 606 | 드론5 목적지51 |  719스텝 | 배송 51/51 | 재적재  8 | 중계율 0.16 | alpha 2.031 | complete
Ep 607 | 드론3 목적지48 | 1000스텝 | 배송 46/48 | 재적재  8 | 중계율 0.22 | alpha 2.028 | step_limit
Ep 608 | 드론5 목적지67 |  505스텝 | 배송 67/67 | 재적재 10 | 중계율 0.07 | alpha 2.032 | complete
Ep 609 | 드론4 목적지51 |  912스텝 | 배송 51/51 | 재적재 10 | 중계율 0.22 | alpha 2.017 | complete
Ep 610 | 드론4 목적지72 |  968스텝 | 배송 72/72 | 재적재 12 | 중계율 0.11 | alpha 2.013 | complete
Ep 611 | 드론4 목적지77 | 1000스텝 | 배송 69/77 | 재적재 12 | 중계율 0.23 | alpha 1.999 | step_limit
Ep 612 | 드론3 목적지42 | 1000스텝 | 배송 36/42 | 재적재  6 | 중계율 0.25 | alpha 2.052 | step_limit
Ep 613 | 드론4 목적지40 |  664스텝 | 배송 40/40 | 재적재  6 | 중계율 0.12 | alpha 2.066 | complete
Ep 614 | 드론4 목적지42 |  720스텝 | 배송 42/42 | 재적재  7 | 중계율 0.18 | alpha 2.073 | complete
Ep 615 | 드론4 목적지80 |  958스텝 | 배송 80/80 | 재적재 15 | 중계율 0.17 | alpha 2.020 | complete
Ep 616 | 드론5 목적지26 |  326스텝 | 배송 26/26 | 재적재  3 | 중계율 0.12 | alpha 2.024 | complete
Ep 617 | 드론6 목적지75 |  736스텝 | 배송 75/75 | 재적재 13 | 중계율 0.12 | alpha 2.011 | complete
Ep 618 | 드론4 목적지50 | 1000스텝 | 배송 46/50 | 재적재  9 | 중계율 0.19 | alpha 2.031 | step_limit
Ep 619 | 드론5 목적지71 |  810스텝 | 배송 71/71 | 재적재 12 | 중계율 0.16 | alpha 2.028 | complete
Ep 620 | 드론6 목적지55 |  561스텝 | 배송 55/55 | 재적재  8 | 중계율 0.11 | alpha 2.005 | complete
Ep 621 | 드론4 목적지79 | 1000스텝 | 배송 70/79 | 재적재 12 | 중계율 0.19 | alpha 1.992 | step_limit
Ep 622 | 드론6 목적지56 |  610스텝 | 배송 56/56 | 재적재  8 | 중계율 0.16 | alpha 1.993 | complete
Ep 623 | 드론3 목적지33 | 1000스텝 | 배송 30/33 | 재적재  6 | 중계율 0.21 | alpha 1.984 | step_limit
Ep 624 | 드론4 목적지72 | 1000스텝 | 배송 68/72 | 재적재 12 | 중계율 0.21 | alpha 1.949 | step_limit
Ep 625 | 드론6 목적지47 |  513스텝 | 배송 47/47 | 재적재  7 | 중계율 0.16 | alpha 1.954 | complete
Ep 626 | 드론3 목적지52 | 1000스텝 | 배송 47/52 | 재적재  8 | 중계율 0.19 | alpha 1.968 | step_limit
Ep 627 | 드론5 목적지66 | 1000스텝 | 배송 63/66 | 재적재 10 | 중계율 0.13 | alpha 2.014 | step_limit
Ep 628 | 드론4 목적지42 |  688스텝 | 배송 42/42 | 재적재  7 | 중계율 0.16 | alpha 2.043 | complete
Ep 629 | 드론3 목적지31 |  887스텝 | 배송 31/31 | 재적재  5 | 중계율 0.25 | alpha 2.015 | complete
Ep 630 | 드론4 목적지65 | 1000스텝 | 배송 55/65 | 재적재  9 | 중계율 0.22 | alpha 1.969 | step_limit
Ep 631 | 드론3 목적지20 |  609스텝 | 배송 20/20 | 재적재  3 | 중계율 0.16 | alpha 1.978 | complete
Ep 632 | 드론4 목적지38 |  693스텝 | 배송 38/38 | 재적재  6 | 중계율 0.19 | alpha 1.993 | complete
Ep 633 | 드론6 목적지67 |  485스텝 | 배송 67/67 | 재적재 11 | 중계율 0.08 | alpha 1.979 | complete
Ep 634 | 드론6 목적지47 |  334스텝 | 배송 47/47 | 재적재  6 | 중계율 0.08 | alpha 1.982 | complete
Ep 635 | 드론6 목적지30 |  229스텝 | 배송 30/30 | 재적재  4 | 중계율 0.04 | alpha 1.985 | complete
Ep 636 | 드론4 목적지29 |  587스텝 | 배송 29/29 | 재적재  4 | 중계율 0.19 | alpha 1.997 | complete
Ep 637 | 드론4 목적지71 | 1000스텝 | 배송 63/71 | 재적재 11 | 중계율 0.20 | alpha 2.026 | step_limit
Ep 638 | 드론6 목적지73 |  548스텝 | 배송 73/73 | 재적재 12 | 중계율 0.09 | alpha 2.029 | complete
Ep 639 | 드론5 목적지79 | 1000스텝 | 배송 67/79 | 재적재 11 | 중계율 0.22 | alpha 2.044 | step_limit
Ep 640 | 드론3 목적지22 |  726스텝 | 배송 22/22 | 재적재  3 | 중계율 0.23 | alpha 2.035 | complete
Ep 641 | 드론5 목적지77 |  952스텝 | 배송 77/77 | 재적재 14 | 중계율 0.15 | alpha 1.992 | complete
Ep 642 | 드론5 목적지26 |  221스텝 | 배송 26/26 | 재적재  4 | 중계율 0.04 | alpha 2.003 | complete
Ep 643 | 드론6 목적지30 |  235스텝 | 배송 30/30 | 재적재  3 | 중계율 0.04 | alpha 2.020 | complete
Ep 644 | 드론4 목적지77 | 1000스텝 | 배송 70/77 | 재적재 13 | 중계율 0.15 | alpha 2.000 | step_limit
Ep 645 | 드론4 목적지34 |  523스텝 | 배송 34/34 | 재적재  4 | 중계율 0.09 | alpha 1.987 | complete
Ep 646 | 드론5 목적지34 |  351스텝 | 배송 34/34 | 재적재  5 | 중계율 0.09 | alpha 1.982 | complete
Ep 647 | 드론3 목적지37 | 1000스텝 | 배송 36/37 | 재적재  6 | 중계율 0.18 | alpha 1.985 | step_limit
Ep 648 | 드론4 목적지55 |  740스텝 | 배송 55/55 | 재적재  9 | 중계율 0.13 | alpha 1.978 | complete
Ep 649 | 드론3 목적지20 |  727스텝 | 배송 20/20 | 재적재  3 | 중계율 0.25 | alpha 1.995 | complete
Ep 650 | 드론5 목적지37 |  394스텝 | 배송 37/37 | 재적재  4 | 중계율 0.09 | alpha 1.978 | complete
  [홀드아웃] 배송 50.0±0.0 완주 1.00 스텝 1105 점수 106.3 재적재 8.4 2홉+ 0.61 | 최고 106.5@ep500 정체 3/15
Ep 651 | 드론3 목적지77 | 1000스텝 | 배송 60/77 | 재적재 10 | 중계율 0.18 | alpha 1.962 | step_limit
Ep 652 | 드론6 목적지57 |  520스텝 | 배송 57/57 | 재적재  8 | 중계율 0.11 | alpha 1.963 | complete
Ep 653 | 드론5 목적지38 |  456스텝 | 배송 38/38 | 재적재  6 | 중계율 0.11 | alpha 2.002 | complete
Ep 654 | 드론6 목적지45 |  418스텝 | 배송 45/45 | 재적재  5 | 중계율 0.09 | alpha 2.008 | complete
Ep 655 | 드론3 목적지40 | 1000스텝 | 배송 36/40 | 재적재  6 | 중계율 0.23 | alpha 2.010 | step_limit
Ep 656 | 드론5 목적지31 |  402스텝 | 배송 31/31 | 재적재  5 | 중계율 0.12 | alpha 2.040 | complete
Ep 657 | 드론5 목적지26 |  445스텝 | 배송 26/26 | 재적재  3 | 중계율 0.16 | alpha 2.041 | complete
Ep 658 | 드론4 목적지39 |  876스텝 | 배송 39/39 | 재적재  6 | 중계율 0.20 | alpha 2.056 | complete
Ep 659 | 드론4 목적지51 |  800스텝 | 배송 51/51 | 재적재  9 | 중계율 0.16 | alpha 2.079 | complete
Ep 660 | 드론4 목적지51 |  785스텝 | 배송 51/51 | 재적재  9 | 중계율 0.16 | alpha 2.076 | complete
Ep 661 | 드론3 목적지38 |  894스텝 | 배송 38/38 | 재적재  7 | 중계율 0.21 | alpha 2.066 | complete
Ep 662 | 드론5 목적지43 |  419스텝 | 배송 43/43 | 재적재  8 | 중계율 0.07 | alpha 2.050 | complete
Ep 663 | 드론5 목적지57 |  963스텝 | 배송 57/57 | 재적재 10 | 중계율 0.16 | alpha 2.027 | complete
Ep 664 | 드론4 목적지27 |  463스텝 | 배송 27/27 | 재적재  4 | 중계율 0.11 | alpha 1.995 | complete
Ep 665 | 드론6 목적지59 |  517스텝 | 배송 59/59 | 재적재 10 | 중계율 0.09 | alpha 2.006 | complete
Ep 666 | 드론4 목적지72 | 1000스텝 | 배송 67/72 | 재적재 12 | 중계율 0.18 | alpha 2.025 | step_limit
Ep 667 | 드론5 목적지45 |  547스텝 | 배송 45/45 | 재적재  7 | 중계율 0.15 | alpha 2.053 | complete
Ep 668 | 드론3 목적지65 | 1000스텝 | 배송 49/65 | 재적재  8 | 중계율 0.24 | alpha 2.064 | step_limit
Ep 669 | 드론4 목적지66 |  802스텝 | 배송 66/66 | 재적재 12 | 중계율 0.12 | alpha 2.065 | complete
Ep 670 | 드론6 목적지77 | 1000스텝 | 배송 76/77 | 재적재 13 | 중계율 0.19 | alpha 2.075 | step_limit
Ep 671 | 드론5 목적지58 |  855스텝 | 배송 58/58 | 재적재 10 | 중계율 0.17 | alpha 2.082 | complete
Ep 672 | 드론3 목적지43 |  740스텝 | 배송 43/43 | 재적재  6 | 중계율 0.11 | alpha 2.057 | complete
Ep 673 | 드론6 목적지68 |  619스텝 | 배송 68/68 | 재적재 11 | 중계율 0.13 | alpha 2.033 | complete
Ep 674 | 드론3 목적지52 | 1000스텝 | 배송 49/52 | 재적재  9 | 중계율 0.21 | alpha 2.033 | step_limit
Ep 675 | 드론4 목적지42 | 1000스텝 | 배송 40/42 | 재적재  8 | 중계율 0.29 | alpha 2.034 | step_limit
Ep 676 | 드론3 목적지45 |  986스텝 | 배송 45/45 | 재적재  7 | 중계율 0.17 | alpha 2.015 | complete
Ep 677 | 드론3 목적지41 |  893스텝 | 배송 41/41 | 재적재  7 | 중계율 0.18 | alpha 2.068 | complete
Ep 678 | 드론6 목적지79 |  751스텝 | 배송 79/79 | 재적재 13 | 중계율 0.15 | alpha 2.064 | complete
Ep 679 | 드론4 목적지24 |  591스텝 | 배송 24/24 | 재적재  3 | 중계율 0.22 | alpha 2.034 | complete
Ep 680 | 드론4 목적지52 | 1000스텝 | 배송 45/52 | 재적재  7 | 중계율 0.24 | alpha 2.027 | step_limit
Ep 681 | 드론5 목적지77 |  700스텝 | 배송 77/77 | 재적재 12 | 중계율 0.12 | alpha 2.008 | complete
Ep 682 | 드론4 목적지49 |  546스텝 | 배송 49/49 | 재적재  8 | 중계율 0.09 | alpha 2.006 | complete
Ep 683 | 드론5 목적지63 |  896스텝 | 배송 63/63 | 재적재 10 | 중계율 0.20 | alpha 2.010 | complete
Ep 684 | 드론4 목적지37 |  526스텝 | 배송 37/37 | 재적재  6 | 중계율 0.19 | alpha 2.025 | complete
Ep 685 | 드론6 목적지56 |  508스텝 | 배송 56/56 | 재적재  8 | 중계율 0.10 | alpha 2.052 | complete
Ep 686 | 드론3 목적지28 |  792스텝 | 배송 28/28 | 재적재  5 | 중계율 0.18 | alpha 2.041 | complete
Ep 687 | 드론6 목적지77 |  554스텝 | 배송 77/77 | 재적재 12 | 중계율 0.07 | alpha 2.079 | complete
Ep 688 | 드론4 목적지45 | 1000스텝 | 배송 44/45 | 재적재  8 | 중계율 0.20 | alpha 2.069 | step_limit
Ep 689 | 드론5 목적지70 |  665스텝 | 배송 70/70 | 재적재 12 | 중계율 0.13 | alpha 2.063 | complete
Ep 690 | 드론6 목적지62 |  661스텝 | 배송 62/62 | 재적재 10 | 중계율 0.14 | alpha 2.065 | complete
Ep 691 | 드론3 목적지31 |  748스텝 | 배송 31/31 | 재적재  5 | 중계율 0.18 | alpha 2.065 | complete
Ep 692 | 드론6 목적지61 |  534스텝 | 배송 61/61 | 재적재  9 | 중계율 0.13 | alpha 2.095 | complete
Ep 693 | 드론6 목적지60 |  489스텝 | 배송 60/60 | 재적재  9 | 중계율 0.13 | alpha 2.083 | complete
Ep 694 | 드론4 목적지33 |  816스텝 | 배송 33/33 | 재적재  5 | 중계율 0.18 | alpha 2.085 | complete
Ep 695 | 드론4 목적지29 |  849스텝 | 배송 29/29 | 재적재  5 | 중계율 0.23 | alpha 2.061 | complete
Ep 696 | 드론6 목적지28 |  350스텝 | 배송 28/28 | 재적재  3 | 중계율 0.11 | alpha 2.058 | complete
Ep 697 | 드론6 목적지35 |  290스텝 | 배송 35/35 | 재적재  4 | 중계율 0.07 | alpha 2.052 | complete
Ep 698 | 드론4 목적지32 | 1000스텝 | 배송 31/32 | 재적재  4 | 중계율 0.22 | alpha 2.071 | step_limit
Ep 699 | 드론3 목적지62 | 1000스텝 | 배송 55/62 | 재적재  9 | 중계율 0.16 | alpha 2.100 | step_limit
Ep 700 | 드론4 목적지61 | 1000스텝 | 배송 54/61 | 재적재  9 | 중계율 0.14 | alpha 2.072 | step_limit
  [홀드아웃] 배송 49.9±0.5 완주 0.97 스텝 1113 점수 103.8 재적재 8.3 2홉+ 0.62 | 최고 106.5@ep500 정체 4/15
Ep 701 | 드론6 목적지72 |  923스텝 | 배송 72/72 | 재적재 12 | 중계율 0.16 | alpha 2.068 | complete
Ep 702 | 드론6 목적지34 |  405스텝 | 배송 34/34 | 재적재  3 | 중계율 0.16 | alpha 2.051 | complete
Ep 703 | 드론6 목적지32 |  377스텝 | 배송 32/32 | 재적재  4 | 중계율 0.12 | alpha 2.070 | complete
Ep 704 | 드론5 목적지74 |  705스텝 | 배송 74/74 | 재적재 12 | 중계율 0.11 | alpha 2.096 | complete
Ep 705 | 드론3 목적지38 |  963스텝 | 배송 38/38 | 재적재  6 | 중계율 0.16 | alpha 2.079 | complete
Ep 706 | 드론6 목적지30 |  280스텝 | 배송 30/30 | 재적재  3 | 중계율 0.11 | alpha 2.077 | complete
Ep 707 | 드론5 목적지31 |  350스텝 | 배송 31/31 | 재적재  4 | 중계율 0.12 | alpha 2.075 | complete
Ep 708 | 드론4 목적지63 | 1000스텝 | 배송 61/63 | 재적재 11 | 중계율 0.13 | alpha 2.085 | step_limit
Ep 709 | 드론4 목적지20 |  520스텝 | 배송 20/20 | 재적재  2 | 중계율 0.19 | alpha 2.056 | complete
Ep 710 | 드론5 목적지78 |  963스텝 | 배송 78/78 | 재적재 14 | 중계율 0.14 | alpha 2.032 | complete
Ep 711 | 드론6 목적지58 |  819스텝 | 배송 58/58 | 재적재  9 | 중계율 0.19 | alpha 2.030 | complete
Ep 712 | 드론3 목적지75 | 1000스텝 | 배송 60/75 | 재적재 10 | 중계율 0.21 | alpha 2.039 | step_limit
Ep 713 | 드론3 목적지69 | 1000스텝 | 배송 65/69 | 재적재 12 | 중계율 0.10 | alpha 2.073 | step_limit
Ep 714 | 드론3 목적지36 |  927스텝 | 배송 36/36 | 재적재  6 | 중계율 0.23 | alpha 2.085 | complete
Ep 715 | 드론3 목적지65 | 1000스텝 | 배송 52/65 | 재적재  9 | 중계율 0.22 | alpha 2.072 | step_limit
Ep 716 | 드론6 목적지36 |  326스텝 | 배송 36/36 | 재적재  4 | 중계율 0.09 | alpha 2.079 | complete
Ep 717 | 드론6 목적지56 |  635스텝 | 배송 56/56 | 재적재  9 | 중계율 0.17 | alpha 2.083 | complete
Ep 718 | 드론4 목적지69 | 1000스텝 | 배송 61/69 | 재적재 11 | 중계율 0.18 | alpha 2.043 | step_limit
Ep 719 | 드론4 목적지21 |  307스텝 | 배송 21/21 | 재적재  2 | 중계율 0.13 | alpha 2.043 | complete
Ep 720 | 드론6 목적지45 |  409스텝 | 배송 45/45 | 재적재  6 | 중계율 0.13 | alpha 2.052 | complete
Ep 721 | 드론3 목적지30 |  529스텝 | 배송 30/30 | 재적재  5 | 중계율 0.12 | alpha 2.079 | complete
Ep 722 | 드론6 목적지47 |  374스텝 | 배송 47/47 | 재적재  6 | 중계율 0.06 | alpha 2.074 | complete
Ep 723 | 드론3 목적지51 |  997스텝 | 배송 51/51 | 재적재  9 | 중계율 0.17 | alpha 2.045 | complete
Ep 724 | 드론5 목적지57 |  862스텝 | 배송 57/57 | 재적재 10 | 중계율 0.19 | alpha 2.077 | complete
Ep 725 | 드론5 목적지29 |  440스텝 | 배송 29/29 | 재적재  3 | 중계율 0.15 | alpha 2.073 | complete
Ep 726 | 드론6 목적지69 |  617스텝 | 배송 69/69 | 재적재 11 | 중계율 0.15 | alpha 2.050 | complete
Ep 727 | 드론5 목적지36 | 1000스텝 | 배송 31/36 | 재적재  5 | 중계율 0.21 | alpha 2.064 | step_limit
Ep 728 | 드론4 목적지74 | 1000스텝 | 배송 57/74 | 재적재 10 | 중계율 0.24 | alpha 2.091 | step_limit
Ep 729 | 드론6 목적지64 |  657스텝 | 배송 64/64 | 재적재 10 | 중계율 0.11 | alpha 2.077 | complete
Ep 730 | 드론4 목적지70 | 1000스텝 | 배송 69/70 | 재적재 11 | 중계율 0.17 | alpha 2.048 | step_limit
Ep 731 | 드론3 목적지48 | 1000스텝 | 배송 45/48 | 재적재  8 | 중계율 0.15 | alpha 2.021 | step_limit
Ep 732 | 드론5 목적지37 |  546스텝 | 배송 37/37 | 재적재  5 | 중계율 0.17 | alpha 2.049 | complete
Ep 733 | 드론5 목적지67 |  857스텝 | 배송 67/67 | 재적재 12 | 중계율 0.14 | alpha 2.040 | complete
Ep 734 | 드론6 목적지54 | 1000스텝 | 배송 53/54 | 재적재  9 | 중계율 0.23 | alpha 2.019 | step_limit
Ep 735 | 드론5 목적지57 |  874스텝 | 배송 57/57 | 재적재  9 | 중계율 0.17 | alpha 2.050 | complete
Ep 736 | 드론6 목적지39 |  378스텝 | 배송 39/39 | 재적재  6 | 중계율 0.08 | alpha 2.042 | complete
Ep 737 | 드론4 목적지29 |  633스텝 | 배송 29/29 | 재적재  4 | 중계율 0.17 | alpha 2.029 | complete
Ep 738 | 드론6 목적지68 |  536스텝 | 배송 68/68 | 재적재 11 | 중계율 0.08 | alpha 2.011 | complete
Ep 739 | 드론4 목적지20 |  623스텝 | 배송 20/20 | 재적재  2 | 중계율 0.22 | alpha 2.046 | complete
Ep 740 | 드론3 목적지69 | 1000스텝 | 배송 50/69 | 재적재 10 | 중계율 0.26 | alpha 2.043 | step_limit
Ep 741 | 드론6 목적지41 |  449스텝 | 배송 41/41 | 재적재  6 | 중계율 0.10 | alpha 2.051 | complete
Ep 742 | 드론4 목적지78 | 1000스텝 | 배송 69/78 | 재적재 11 | 중계율 0.16 | alpha 1.995 | step_limit
Ep 743 | 드론3 목적지39 |  869스텝 | 배송 39/39 | 재적재  6 | 중계율 0.19 | alpha 1.989 | complete
Ep 744 | 드론4 목적지57 | 1000스텝 | 배송 54/57 | 재적재 10 | 중계율 0.16 | alpha 2.022 | step_limit
Ep 745 | 드론3 목적지76 | 1000스텝 | 배송 61/76 | 재적재 11 | 중계율 0.16 | alpha 1.991 | step_limit
Ep 746 | 드론4 목적지69 | 1000스텝 | 배송 55/69 | 재적재 10 | 중계율 0.21 | alpha 1.972 | step_limit
Ep 747 | 드론4 목적지33 |  560스텝 | 배송 33/33 | 재적재  6 | 중계율 0.13 | alpha 1.990 | complete
Ep 748 | 드론3 목적지30 |  875스텝 | 배송 30/30 | 재적재  4 | 중계율 0.19 | alpha 1.952 | complete
Ep 749 | 드론5 목적지32 |  443스텝 | 배송 32/32 | 재적재  4 | 중계율 0.15 | alpha 1.953 | complete
Ep 750 | 드론5 목적지61 |  520스텝 | 배송 61/61 | 재적재 10 | 중계율 0.09 | alpha 1.948 | complete
  [홀드아웃] 배송 50.0±0.0 완주 1.00 스텝 1110 점수 106.3 재적재 8.5 2홉+ 0.60 | 최고 106.5@ep500 정체 5/15
Ep 751 | 드론5 목적지34 |  580스텝 | 배송 34/34 | 재적재  4 | 중계율 0.14 | alpha 1.964 | complete
Ep 752 | 드론6 목적지69 |  537스텝 | 배송 69/69 | 재적재 10 | 중계율 0.12 | alpha 2.006 | complete
Ep 753 | 드론4 목적지80 | 1000스텝 | 배송 68/80 | 재적재 12 | 중계율 0.17 | alpha 1.995 | step_limit
Ep 754 | 드론4 목적지29 |  407스텝 | 배송 29/29 | 재적재  4 | 중계율 0.07 | alpha 1.972 | complete
Ep 755 | 드론3 목적지43 | 1000스텝 | 배송 42/43 | 재적재  8 | 중계율 0.16 | alpha 1.965 | step_limit
Ep 756 | 드론6 목적지30 |  336스텝 | 배송 30/30 | 재적재  4 | 중계율 0.07 | alpha 1.950 | complete
Ep 757 | 드론6 목적지37 |  457스텝 | 배송 37/37 | 재적재  6 | 중계율 0.12 | alpha 1.962 | complete
Ep 758 | 드론4 목적지51 | 1000스텝 | 배송 48/51 | 재적재  8 | 중계율 0.17 | alpha 1.973 | step_limit
Ep 759 | 드론5 목적지23 |  393스텝 | 배송 23/23 | 재적재  3 | 중계율 0.11 | alpha 1.971 | complete
Ep 760 | 드론5 목적지60 | 1000스텝 | 배송 59/60 | 재적재 11 | 중계율 0.19 | alpha 1.985 | step_limit
Ep 761 | 드론3 목적지77 | 1000스텝 | 배송 54/77 | 재적재 10 | 중계율 0.20 | alpha 1.972 | step_limit
Ep 762 | 드론5 목적지26 |  436스텝 | 배송 26/26 | 재적재  4 | 중계율 0.17 | alpha 1.981 | complete
Ep 763 | 드론5 목적지70 |  688스텝 | 배송 70/70 | 재적재 11 | 중계율 0.11 | alpha 1.990 | complete
Ep 764 | 드론6 목적지32 |  837스텝 | 배송 32/32 | 재적재  3 | 중계율 0.22 | alpha 1.973 | complete
Ep 765 | 드론5 목적지23 |  328스텝 | 배송 23/23 | 재적재  4 | 중계율 0.13 | alpha 1.955 | complete
Ep 766 | 드론6 목적지51 |  419스텝 | 배송 51/51 | 재적재  9 | 중계율 0.10 | alpha 1.942 | complete
Ep 767 | 드론4 목적지49 | 1000스텝 | 배송 48/49 | 재적재  8 | 중계율 0.20 | alpha 1.930 | step_limit
Ep 768 | 드론3 목적지72 | 1000스텝 | 배송 60/72 | 재적재 11 | 중계율 0.14 | alpha 1.957 | step_limit
Ep 769 | 드론6 목적지22 |  188스텝 | 배송 22/22 | 재적재  1 | 중계율 0.07 | alpha 1.931 | complete
Ep 770 | 드론6 목적지53 |  450스텝 | 배송 53/53 | 재적재  9 | 중계율 0.08 | alpha 1.918 | complete
Ep 771 | 드론5 목적지38 |  398스텝 | 배송 38/38 | 재적재  6 | 중계율 0.08 | alpha 1.940 | complete
Ep 772 | 드론4 목적지36 |  682스텝 | 배송 36/36 | 재적재  6 | 중계율 0.15 | alpha 1.972 | complete
Ep 773 | 드론6 목적지21 |  196스텝 | 배송 21/21 | 재적재  0 | 중계율 0.15 | alpha 1.958 | complete
Ep 774 | 드론6 목적지46 |  382스텝 | 배송 46/46 | 재적재  6 | 중계율 0.11 | alpha 1.938 | complete
Ep 775 | 드론6 목적지41 |  470스텝 | 배송 41/41 | 재적재  6 | 중계율 0.11 | alpha 1.936 | complete
Ep 776 | 드론5 목적지48 |  734스텝 | 배송 48/48 | 재적재  7 | 중계율 0.14 | alpha 1.925 | complete
Ep 777 | 드론4 목적지20 |  438스텝 | 배송 20/20 | 재적재  2 | 중계율 0.17 | alpha 1.941 | complete
Ep 778 | 드론5 목적지57 |  978스텝 | 배송 57/57 | 재적재 10 | 중계율 0.21 | alpha 1.917 | complete
Ep 779 | 드론6 목적지79 |  962스텝 | 배송 79/79 | 재적재 14 | 중계율 0.20 | alpha 1.943 | complete
Ep 780 | 드론3 목적지68 | 1000스텝 | 배송 58/68 | 재적재 10 | 중계율 0.19 | alpha 1.948 | step_limit
Ep 781 | 드론5 목적지50 |  407스텝 | 배송 50/50 | 재적재  8 | 중계율 0.13 | alpha 1.939 | complete
Ep 782 | 드론5 목적지45 |  720스텝 | 배송 45/45 | 재적재  7 | 중계율 0.22 | alpha 1.922 | complete
Ep 783 | 드론3 목적지28 |  611스텝 | 배송 28/28 | 재적재  5 | 중계율 0.17 | alpha 1.894 | complete
Ep 784 | 드론6 목적지58 |  555스텝 | 배송 58/58 | 재적재 10 | 중계율 0.11 | alpha 1.873 | complete
Ep 785 | 드론4 목적지49 |  969스텝 | 배송 49/49 | 재적재  8 | 중계율 0.20 | alpha 1.889 | complete
Ep 786 | 드론4 목적지53 | 1000스텝 | 배송 48/53 | 재적재  8 | 중계율 0.22 | alpha 1.879 | step_limit
Ep 787 | 드론4 목적지47 |  854스텝 | 배송 47/47 | 재적재  8 | 중계율 0.23 | alpha 1.951 | complete
Ep 788 | 드론6 목적지75 |  948스텝 | 배송 75/75 | 재적재 13 | 중계율 0.16 | alpha 1.975 | complete
Ep 789 | 드론3 목적지79 | 1000스텝 | 배송 62/79 | 재적재 11 | 중계율 0.15 | alpha 1.984 | step_limit
Ep 790 | 드론3 목적지65 | 1000스텝 | 배송 58/65 | 재적재 10 | 중계율 0.14 | alpha 1.988 | step_limit
Ep 791 | 드론3 목적지21 |  683스텝 | 배송 21/21 | 재적재  3 | 중계율 0.14 | alpha 1.997 | complete
Ep 792 | 드론4 목적지50 |  710스텝 | 배송 50/50 | 재적재  8 | 중계율 0.09 | alpha 1.988 | complete
Ep 793 | 드론6 목적지27 |  326스텝 | 배송 27/27 | 재적재  3 | 중계율 0.11 | alpha 1.975 | complete
Ep 794 | 드론3 목적지74 | 1000스텝 | 배송 60/74 | 재적재 10 | 중계율 0.18 | alpha 1.973 | step_limit
Ep 795 | 드론3 목적지58 | 1000스텝 | 배송 52/58 | 재적재 10 | 중계율 0.13 | alpha 1.926 | step_limit
Ep 796 | 드론4 목적지23 |  723스텝 | 배송 23/23 | 재적재  3 | 중계율 0.27 | alpha 1.920 | complete
Ep 797 | 드론5 목적지34 |  347스텝 | 배송 34/34 | 재적재  5 | 중계율 0.07 | alpha 1.925 | complete
Ep 798 | 드론4 목적지60 |  935스텝 | 배송 60/60 | 재적재 11 | 중계율 0.12 | alpha 1.876 | complete
Ep 799 | 드론3 목적지33 |  673스텝 | 배송 33/33 | 재적재  5 | 중계율 0.12 | alpha 1.905 | complete
Ep 800 | 드론5 목적지50 |  482스텝 | 배송 50/50 | 재적재  8 | 중계율 0.08 | alpha 1.931 | complete
  [홀드아웃] 배송 49.9±0.5 완주 0.95 스텝 1130 점수 101.2 재적재 8.5 2홉+ 0.62 | 최고 106.5@ep500 정체 6/15
Ep 801 | 드론5 목적지57 |  880스텝 | 배송 57/57 | 재적재  9 | 중계율 0.15 | alpha 1.930 | complete
Ep 802 | 드론4 목적지68 |  971스텝 | 배송 68/68 | 재적재 12 | 중계율 0.13 | alpha 1.941 | complete
Ep 803 | 드론4 목적지80 | 1000스텝 | 배송 70/80 | 재적재 11 | 중계율 0.16 | alpha 1.917 | step_limit
Ep 804 | 드론6 목적지65 |  683스텝 | 배송 65/65 | 재적재  9 | 중계율 0.13 | alpha 1.938 | complete
Ep 805 | 드론6 목적지78 |  659스텝 | 배송 78/78 | 재적재 13 | 중계율 0.13 | alpha 1.912 | complete
Ep 806 | 드론6 목적지73 |  608스텝 | 배송 73/73 | 재적재 13 | 중계율 0.09 | alpha 1.894 | complete
Ep 807 | 드론6 목적지69 |  545스텝 | 배송 69/69 | 재적재 11 | 중계율 0.09 | alpha 1.924 | complete
Ep 808 | 드론4 목적지26 |  845스텝 | 배송 26/26 | 재적재  4 | 중계율 0.27 | alpha 1.902 | complete
Ep 809 | 드론4 목적지70 |  995스텝 | 배송 70/70 | 재적재 13 | 중계율 0.12 | alpha 1.920 | complete
Ep 810 | 드론4 목적지68 |  806스텝 | 배송 68/68 | 재적재 12 | 중계율 0.10 | alpha 1.920 | complete
Ep 811 | 드론3 목적지58 | 1000스텝 | 배송 54/58 | 재적재 10 | 중계율 0.17 | alpha 1.933 | step_limit
Ep 812 | 드론4 목적지33 |  632스텝 | 배송 33/33 | 재적재  5 | 중계율 0.12 | alpha 1.952 | complete
Ep 813 | 드론4 목적지41 |  572스텝 | 배송 41/41 | 재적재  6 | 중계율 0.15 | alpha 1.959 | complete
Ep 814 | 드론4 목적지24 |  851스텝 | 배송 24/24 | 재적재  4 | 중계율 0.28 | alpha 1.926 | complete
Ep 815 | 드론3 목적지38 | 1000스텝 | 배송 31/38 | 재적재  4 | 중계율 0.18 | alpha 1.933 | step_limit
Ep 816 | 드론3 목적지25 |  770스텝 | 배송 25/25 | 재적재  4 | 중계율 0.17 | alpha 1.929 | complete
Ep 817 | 드론4 목적지53 |  662스텝 | 배송 53/53 | 재적재  9 | 중계율 0.08 | alpha 1.959 | complete
Ep 818 | 드론5 목적지28 |  299스텝 | 배송 28/28 | 재적재  2 | 중계율 0.11 | alpha 1.955 | complete
Ep 819 | 드론6 목적지23 |  276스텝 | 배송 23/23 | 재적재  2 | 중계율 0.12 | alpha 1.963 | complete
Ep 820 | 드론4 목적지74 | 1000스텝 | 배송 63/74 | 재적재 12 | 중계율 0.20 | alpha 1.983 | step_limit
Ep 821 | 드론4 목적지79 | 1000스텝 | 배송 64/79 | 재적재 12 | 중계율 0.17 | alpha 1.987 | step_limit
Ep 822 | 드론4 목적지20 |  525스텝 | 배송 20/20 | 재적재  3 | 중계율 0.18 | alpha 1.992 | complete
Ep 823 | 드론5 목적지61 | 1000스텝 | 배송 55/61 | 재적재  9 | 중계율 0.20 | alpha 1.913 | step_limit
Ep 824 | 드론3 목적지25 |  722스텝 | 배송 25/25 | 재적재  4 | 중계율 0.24 | alpha 1.940 | complete
Ep 825 | 드론3 목적지41 |  813스텝 | 배송 41/41 | 재적재  7 | 중계율 0.16 | alpha 1.925 | complete
Ep 826 | 드론3 목적지53 | 1000스텝 | 배송 45/53 | 재적재  8 | 중계율 0.28 | alpha 1.911 | step_limit
Ep 827 | 드론4 목적지44 |  951스텝 | 배송 44/44 | 재적재  8 | 중계율 0.20 | alpha 1.938 | complete
Ep 828 | 드론4 목적지24 |  495스텝 | 배송 24/24 | 재적재  3 | 중계율 0.21 | alpha 1.937 | complete
Ep 829 | 드론6 목적지53 |  534스텝 | 배송 53/53 | 재적재  9 | 중계율 0.12 | alpha 1.932 | complete
Ep 830 | 드론6 목적지66 |  664스텝 | 배송 66/66 | 재적재 11 | 중계율 0.11 | alpha 1.916 | complete
Ep 831 | 드론5 목적지69 |  966스텝 | 배송 69/69 | 재적재 12 | 중계율 0.12 | alpha 1.906 | complete
Ep 832 | 드론5 목적지69 | 1000스텝 | 배송 65/69 | 재적재 11 | 중계율 0.14 | alpha 1.936 | step_limit
Ep 833 | 드론6 목적지72 |  867스텝 | 배송 72/72 | 재적재 13 | 중계율 0.17 | alpha 1.945 | complete
Ep 834 | 드론4 목적지71 | 1000스텝 | 배송 57/71 | 재적재  9 | 중계율 0.23 | alpha 2.000 | step_limit
Ep 835 | 드론3 목적지56 |  986스텝 | 배송 56/56 | 재적재 11 | 중계율 0.19 | alpha 2.019 | complete
Ep 836 | 드론6 목적지30 |  436스텝 | 배송 30/30 | 재적재  4 | 중계율 0.13 | alpha 1.990 | complete
Ep 837 | 드론3 목적지73 | 1000스텝 | 배송 54/73 | 재적재 10 | 중계율 0.18 | alpha 1.974 | step_limit
Ep 838 | 드론5 목적지56 |  572스텝 | 배송 56/56 | 재적재  9 | 중계율 0.09 | alpha 1.955 | complete
Ep 839 | 드론4 목적지20 |  498스텝 | 배송 20/20 | 재적재  3 | 중계율 0.18 | alpha 1.958 | complete
Ep 840 | 드론3 목적지33 |  648스텝 | 배송 33/33 | 재적재  5 | 중계율 0.13 | alpha 1.977 | complete
Ep 841 | 드론4 목적지31 |  658스텝 | 배송 31/31 | 재적재  4 | 중계율 0.17 | alpha 1.993 | complete
Ep 842 | 드론3 목적지68 | 1000스텝 | 배송 53/68 | 재적재  9 | 중계율 0.17 | alpha 1.979 | step_limit
Ep 843 | 드론6 목적지51 |  923스텝 | 배송 51/51 | 재적재  7 | 중계율 0.19 | alpha 1.963 | complete
Ep 844 | 드론4 목적지37 |  659스텝 | 배송 37/37 | 재적재  5 | 중계율 0.19 | alpha 1.943 | complete
Ep 845 | 드론6 목적지74 |  786스텝 | 배송 74/74 | 재적재 11 | 중계율 0.06 | alpha 1.964 | complete
Ep 846 | 드론3 목적지32 |  691스텝 | 배송 32/32 | 재적재  5 | 중계율 0.16 | alpha 1.963 | complete
Ep 847 | 드론5 목적지25 |  298스텝 | 배송 25/25 | 재적재  3 | 중계율 0.10 | alpha 1.952 | complete
Ep 848 | 드론3 목적지44 |  942스텝 | 배송 44/44 | 재적재  8 | 중계율 0.13 | alpha 1.953 | complete
Ep 849 | 드론5 목적지28 |  496스텝 | 배송 28/28 | 재적재  3 | 중계율 0.21 | alpha 1.965 | complete
Ep 850 | 드론3 목적지47 | 1000스텝 | 배송 38/47 | 재적재  6 | 중계율 0.16 | alpha 1.958 | step_limit
  [홀드아웃] 배송 49.9±0.6 완주 0.97 스텝 1105 점수 103.8 재적재 8.4 2홉+ 0.62 | 최고 106.5@ep500 정체 7/15
Ep 851 | 드론3 목적지39 |  745스텝 | 배송 39/39 | 재적재  6 | 중계율 0.12 | alpha 1.964 | complete
Ep 852 | 드론4 목적지68 | 1000스텝 | 배송 54/68 | 재적재  9 | 중계율 0.23 | alpha 1.924 | step_limit
Ep 853 | 드론4 목적지65 | 1000스텝 | 배송 53/65 | 재적재  8 | 중계율 0.23 | alpha 1.922 | step_limit
Ep 854 | 드론5 목적지61 |  887스텝 | 배송 61/61 | 재적재 11 | 중계율 0.14 | alpha 1.953 | complete
Ep 855 | 드론5 목적지22 |  276스텝 | 배송 22/22 | 재적재  2 | 중계율 0.11 | alpha 1.937 | complete
Ep 856 | 드론5 목적지59 |  726스텝 | 배송 59/59 | 재적재 11 | 중계율 0.12 | alpha 1.958 | complete
Ep 857 | 드론3 목적지69 | 1000스텝 | 배송 56/69 | 재적재 10 | 중계율 0.18 | alpha 1.947 | step_limit
Ep 858 | 드론6 목적지35 |  398스텝 | 배송 35/35 | 재적재  5 | 중계율 0.11 | alpha 1.959 | complete
Ep 859 | 드론3 목적지20 |  737스텝 | 배송 20/20 | 재적재  3 | 중계율 0.27 | alpha 1.935 | complete
Ep 860 | 드론5 목적지42 |  508스텝 | 배송 42/42 | 재적재  7 | 중계율 0.11 | alpha 1.946 | complete
Ep 861 | 드론4 목적지58 |  755스텝 | 배송 58/58 | 재적재 10 | 중계율 0.13 | alpha 1.956 | complete
Ep 862 | 드론3 목적지39 |  946스텝 | 배송 39/39 | 재적재  7 | 중계율 0.17 | alpha 1.961 | complete
Ep 863 | 드론5 목적지77 | 1000스텝 | 배송 74/77 | 재적재 14 | 중계율 0.12 | alpha 1.995 | step_limit
Ep 864 | 드론6 목적지37 |  603스텝 | 배송 37/37 | 재적재  4 | 중계율 0.19 | alpha 1.979 | complete
Ep 865 | 드론4 목적지33 |  786스텝 | 배송 33/33 | 재적재  5 | 중계율 0.15 | alpha 1.981 | complete
Ep 866 | 드론5 목적지40 |  446스텝 | 배송 40/40 | 재적재  5 | 중계율 0.09 | alpha 1.973 | complete
Ep 867 | 드론6 목적지34 |  341스텝 | 배송 34/34 | 재적재  4 | 중계율 0.08 | alpha 1.985 | complete
Ep 868 | 드론3 목적지34 |  797스텝 | 배송 34/34 | 재적재  6 | 중계율 0.13 | alpha 1.974 | complete
Ep 869 | 드론3 목적지76 | 1000스텝 | 배송 66/76 | 재적재 12 | 중계율 0.09 | alpha 1.995 | step_limit
Ep 870 | 드론4 목적지42 |  933스텝 | 배송 42/42 | 재적재  7 | 중계율 0.20 | alpha 1.960 | complete
Ep 871 | 드론3 목적지47 | 1000스텝 | 배송 44/47 | 재적재  7 | 중계율 0.20 | alpha 1.974 | step_limit
Ep 872 | 드론5 목적지22 |  198스텝 | 배송 22/22 | 재적재  1 | 중계율 0.09 | alpha 1.982 | complete
Ep 873 | 드론5 목적지60 |  961스텝 | 배송 60/60 | 재적재 11 | 중계율 0.18 | alpha 1.996 | complete
Ep 874 | 드론6 목적지45 |  634스텝 | 배송 45/45 | 재적재  7 | 중계율 0.14 | alpha 1.981 | complete
Ep 875 | 드론6 목적지32 |  588스텝 | 배송 32/32 | 재적재  4 | 중계율 0.11 | alpha 2.013 | complete
Ep 876 | 드론3 목적지49 |  794스텝 | 배송 49/49 | 재적재  8 | 중계율 0.11 | alpha 2.024 | complete
Ep 877 | 드론6 목적지77 |  780스텝 | 배송 77/77 | 재적재 14 | 중계율 0.16 | alpha 1.998 | complete
Ep 878 | 드론5 목적지44 | 1000스텝 | 배송 43/44 | 재적재  8 | 중계율 0.25 | alpha 1.982 | step_limit
Ep 879 | 드론3 목적지79 | 1000스텝 | 배송 65/79 | 재적재 11 | 중계율 0.18 | alpha 1.937 | step_limit
Ep 880 | 드론5 목적지32 |  430스텝 | 배송 32/32 | 재적재  5 | 중계율 0.12 | alpha 1.962 | complete
Ep 881 | 드론6 목적지74 | 1000스텝 | 배송 69/74 | 재적재 13 | 중계율 0.22 | alpha 1.978 | step_limit
Ep 882 | 드론4 목적지76 | 1000스텝 | 배송 72/76 | 재적재 13 | 중계율 0.17 | alpha 1.997 | step_limit
Ep 883 | 드론6 목적지50 |  599스텝 | 배송 50/50 | 재적재  8 | 중계율 0.15 | alpha 1.974 | complete
Ep 884 | 드론6 목적지56 |  680스텝 | 배송 56/56 | 재적재  9 | 중계율 0.10 | alpha 1.980 | complete
Ep 885 | 드론3 목적지44 |  996스텝 | 배송 44/44 | 재적재  7 | 중계율 0.18 | alpha 2.000 | complete
Ep 886 | 드론6 목적지76 |  484스텝 | 배송 76/76 | 재적재 12 | 중계율 0.09 | alpha 1.996 | complete
Ep 887 | 드론4 목적지67 | 1000스텝 | 배송 62/67 | 재적재 11 | 중계율 0.15 | alpha 1.948 | step_limit
Ep 888 | 드론3 목적지71 | 1000스텝 | 배송 58/71 | 재적재 10 | 중계율 0.18 | alpha 1.964 | step_limit
Ep 889 | 드론3 목적지32 |  724스텝 | 배송 32/32 | 재적재  6 | 중계율 0.20 | alpha 1.986 | complete
Ep 890 | 드론5 목적지62 |  834스텝 | 배송 62/62 | 재적재 10 | 중계율 0.13 | alpha 1.993 | complete
Ep 891 | 드론3 목적지78 | 1000스텝 | 배송 61/78 | 재적재 11 | 중계율 0.12 | alpha 2.012 | step_limit
Ep 892 | 드론4 목적지39 |  460스텝 | 배송 39/39 | 재적재  6 | 중계율 0.10 | alpha 2.017 | complete
Ep 893 | 드론4 목적지65 |  888스텝 | 배송 65/65 | 재적재 11 | 중계율 0.14 | alpha 2.019 | complete
Ep 894 | 드론6 목적지47 |  413스텝 | 배송 47/47 | 재적재  7 | 중계율 0.09 | alpha 2.014 | complete
Ep 895 | 드론6 목적지64 |  575스텝 | 배송 64/64 | 재적재 10 | 중계율 0.10 | alpha 2.011 | complete
Ep 896 | 드론5 목적지41 |  713스텝 | 배송 41/41 | 재적재  6 | 중계율 0.20 | alpha 2.008 | complete
Ep 897 | 드론6 목적지77 |  674스텝 | 배송 77/77 | 재적재 13 | 중계율 0.09 | alpha 2.014 | complete
Ep 898 | 드론4 목적지29 |  649스텝 | 배송 29/29 | 재적재  4 | 중계율 0.18 | alpha 2.015 | complete
Ep 899 | 드론3 목적지31 |  925스텝 | 배송 31/31 | 재적재  5 | 중계율 0.20 | alpha 1.976 | complete
Ep 900 | 드론3 목적지69 | 1000스텝 | 배송 66/69 | 재적재 12 | 중계율 0.13 | alpha 2.025 | step_limit
  [홀드아웃] 배송 50.0±0.2 완주 0.97 스텝 1081 점수 103.9 재적재 8.6 2홉+ 0.62 | 최고 106.5@ep500 정체 8/15
Ep 901 | 드론6 목적지26 |  312스텝 | 배송 26/26 | 재적재  3 | 중계율 0.13 | alpha 2.034 | complete
Ep 902 | 드론6 목적지58 |  655스텝 | 배송 58/58 | 재적재  9 | 중계율 0.11 | alpha 2.032 | complete
Ep 903 | 드론3 목적지41 | 1000스텝 | 배송 35/41 | 재적재  7 | 중계율 0.24 | alpha 2.027 | step_limit
Ep 904 | 드론6 목적지47 |  368스텝 | 배송 47/47 | 재적재  6 | 중계율 0.05 | alpha 2.025 | complete
Ep 905 | 드론3 목적지63 | 1000스텝 | 배송 54/63 | 재적재 10 | 중계율 0.19 | alpha 2.028 | step_limit
Ep 906 | 드론5 목적지64 |  920스텝 | 배송 64/64 | 재적재 12 | 중계율 0.18 | alpha 2.049 | complete
Ep 907 | 드론3 목적지80 | 1000스텝 | 배송 58/80 | 재적재  9 | 중계율 0.12 | alpha 2.057 | step_limit
Ep 908 | 드론6 목적지49 |  513스텝 | 배송 49/49 | 재적재  7 | 중계율 0.10 | alpha 2.035 | complete
Ep 909 | 드론3 목적지68 | 1000스텝 | 배송 49/68 | 재적재  9 | 중계율 0.17 | alpha 2.025 | step_limit
Ep 910 | 드론6 목적지69 |  857스텝 | 배송 69/69 | 재적재 11 | 중계율 0.14 | alpha 2.039 | complete
Ep 911 | 드론3 목적지22 |  393스텝 | 배송 22/22 | 재적재  3 | 중계율 0.13 | alpha 2.033 | complete
Ep 912 | 드론4 목적지71 | 1000스텝 | 배송 54/71 | 재적재 10 | 중계율 0.22 | alpha 2.057 | step_limit
Ep 913 | 드론3 목적지48 | 1000스텝 | 배송 40/48 | 재적재  6 | 중계율 0.15 | alpha 2.095 | step_limit
Ep 914 | 드론3 목적지64 | 1000스텝 | 배송 55/64 | 재적재 10 | 중계율 0.16 | alpha 2.071 | step_limit
Ep 915 | 드론6 목적지58 |  452스텝 | 배송 58/58 | 재적재  7 | 중계율 0.14 | alpha 2.056 | complete
Ep 916 | 드론4 목적지21 |  451스텝 | 배송 21/21 | 재적재  3 | 중계율 0.14 | alpha 2.049 | complete
Ep 917 | 드론5 목적지75 | 1000스텝 | 배송 72/75 | 재적재 13 | 중계율 0.20 | alpha 2.028 | step_limit
Ep 918 | 드론6 목적지22 |  259스텝 | 배송 22/22 | 재적재  0 | 중계율 0.14 | alpha 2.036 | complete
Ep 919 | 드론5 목적지73 | 1000스텝 | 배송 72/73 | 재적재 13 | 중계율 0.12 | alpha 2.020 | step_limit
Ep 920 | 드론3 목적지79 | 1000스텝 | 배송 47/79 | 재적재  9 | 중계율 0.17 | alpha 2.082 | step_limit
Ep 921 | 드론4 목적지27 |  647스텝 | 배송 27/27 | 재적재  4 | 중계율 0.13 | alpha 2.070 | complete
Ep 922 | 드론4 목적지20 |  491스텝 | 배송 20/20 | 재적재  3 | 중계율 0.12 | alpha 2.033 | complete
Ep 923 | 드론5 목적지51 |  682스텝 | 배송 51/51 | 재적재  9 | 중계율 0.16 | alpha 2.035 | complete
Ep 924 | 드론6 목적지68 |  521스텝 | 배송 68/68 | 재적재 12 | 중계율 0.08 | alpha 2.017 | complete
Ep 925 | 드론6 목적지30 |  365스텝 | 배송 30/30 | 재적재  3 | 중계율 0.12 | alpha 2.029 | complete
Ep 926 | 드론6 목적지31 |  304스텝 | 배송 31/31 | 재적재  3 | 중계율 0.12 | alpha 2.036 | complete
Ep 927 | 드론3 목적지62 | 1000스텝 | 배송 57/62 | 재적재  9 | 중계율 0.20 | alpha 2.018 | step_limit
Ep 928 | 드론3 목적지51 | 1000스텝 | 배송 46/51 | 재적재  8 | 중계율 0.18 | alpha 2.063 | step_limit
Ep 929 | 드론6 목적지34 |  392스텝 | 배송 34/34 | 재적재  6 | 중계율 0.10 | alpha 2.065 | complete
Ep 930 | 드론4 목적지57 |  846스텝 | 배송 57/57 | 재적재 10 | 중계율 0.08 | alpha 2.041 | complete
Ep 931 | 드론4 목적지52 |  751스텝 | 배송 52/52 | 재적재  8 | 중계율 0.12 | alpha 2.045 | complete
Ep 932 | 드론6 목적지27 |  301스텝 | 배송 27/27 | 재적재  2 | 중계율 0.13 | alpha 2.047 | complete
Ep 933 | 드론6 목적지71 |  748스텝 | 배송 71/71 | 재적재 12 | 중계율 0.12 | alpha 2.056 | complete
Ep 934 | 드론6 목적지65 |  764스텝 | 배송 65/65 | 재적재 11 | 중계율 0.17 | alpha 2.038 | complete
Ep 935 | 드론4 목적지29 |  344스텝 | 배송 29/29 | 재적재  4 | 중계율 0.13 | alpha 2.067 | complete
Ep 936 | 드론3 목적지44 |  910스텝 | 배송 44/44 | 재적재  7 | 중계율 0.18 | alpha 2.079 | complete
Ep 937 | 드론3 목적지22 |  783스텝 | 배송 22/22 | 재적재  3 | 중계율 0.21 | alpha 2.073 | complete
Ep 938 | 드론4 목적지44 |  937스텝 | 배송 44/44 | 재적재  7 | 중계율 0.23 | alpha 2.066 | complete
Ep 939 | 드론5 목적지68 |  960스텝 | 배송 68/68 | 재적재 11 | 중계율 0.25 | alpha 2.011 | complete
Ep 940 | 드론5 목적지43 |  735스텝 | 배송 43/43 | 재적재  8 | 중계율 0.18 | alpha 2.004 | complete
Ep 941 | 드론5 목적지73 | 1000스텝 | 배송 66/73 | 재적재 12 | 중계율 0.18 | alpha 2.027 | step_limit
Ep 942 | 드론6 목적지26 |  297스텝 | 배송 26/26 | 재적재  4 | 중계율 0.12 | alpha 2.017 | complete
Ep 943 | 드론5 목적지28 |  549스텝 | 배송 28/28 | 재적재  4 | 중계율 0.19 | alpha 2.017 | complete
Ep 944 | 드론3 목적지79 | 1000스텝 | 배송 71/79 | 재적재 13 | 중계율 0.10 | alpha 1.989 | step_limit
Ep 945 | 드론3 목적지61 | 1000스텝 | 배송 50/61 | 재적재  9 | 중계율 0.20 | alpha 2.023 | step_limit
Ep 946 | 드론4 목적지50 |  898스텝 | 배송 50/50 | 재적재  8 | 중계율 0.18 | alpha 2.040 | complete
Ep 947 | 드론6 목적지25 |  271스텝 | 배송 25/25 | 재적재  1 | 중계율 0.14 | alpha 2.045 | complete
Ep 948 | 드론6 목적지58 |  579스텝 | 배송 58/58 | 재적재 10 | 중계율 0.13 | alpha 2.042 | complete
Ep 949 | 드론6 목적지52 |  476스텝 | 배송 52/52 | 재적재  7 | 중계율 0.11 | alpha 2.044 | complete
Ep 950 | 드론6 목적지43 |  322스텝 | 배송 43/43 | 재적재  5 | 중계율 0.06 | alpha 2.042 | complete
  [홀드아웃] 배송 50.0±0.0 완주 1.00 스텝 1101 점수 106.3 재적재 8.5 2홉+ 0.62 | 최고 106.5@ep500 정체 9/15
Ep 951 | 드론5 목적지30 |  451스텝 | 배송 30/30 | 재적재  5 | 중계율 0.13 | alpha 2.007 | complete
Ep 952 | 드론3 목적지51 | 1000스텝 | 배송 45/51 | 재적재  8 | 중계율 0.23 | alpha 1.991 | step_limit
Ep 953 | 드론6 목적지43 |  633스텝 | 배송 43/43 | 재적재  6 | 중계율 0.14 | alpha 2.003 | complete
Ep 954 | 드론6 목적지80 |  876스텝 | 배송 80/80 | 재적재 14 | 중계율 0.18 | alpha 1.997 | complete
Ep 955 | 드론6 목적지46 |  419스텝 | 배송 46/46 | 재적재  7 | 중계율 0.10 | alpha 2.013 | complete
Ep 956 | 드론5 목적지37 |  475스텝 | 배송 37/37 | 재적재  5 | 중계율 0.14 | alpha 2.006 | complete
Ep 957 | 드론3 목적지52 | 1000스텝 | 배송 51/52 | 재적재  9 | 중계율 0.12 | alpha 2.015 | step_limit
Ep 958 | 드론6 목적지46 |  694스텝 | 배송 46/46 | 재적재  8 | 중계율 0.25 | alpha 1.992 | complete
Ep 959 | 드론4 목적지46 | 1000스텝 | 배송 45/46 | 재적재  7 | 중계율 0.19 | alpha 1.990 | step_limit
Ep 960 | 드론6 목적지66 |  587스텝 | 배송 66/66 | 재적재 10 | 중계율 0.07 | alpha 1.999 | complete
Ep 961 | 드론4 목적지76 | 1000스텝 | 배송 62/76 | 재적재 10 | 중계율 0.20 | alpha 1.986 | step_limit
Ep 962 | 드론4 목적지52 | 1000스텝 | 배송 50/52 | 재적재  8 | 중계율 0.22 | alpha 2.041 | step_limit
Ep 963 | 드론3 목적지56 | 1000스텝 | 배송 45/56 | 재적재  8 | 중계율 0.20 | alpha 2.066 | step_limit
Ep 964 | 드론3 목적지54 |  861스텝 | 배송 54/54 | 재적재 10 | 중계율 0.13 | alpha 2.089 | complete
Ep 965 | 드론4 목적지34 |  609스텝 | 배송 34/34 | 재적재  5 | 중계율 0.19 | alpha 2.067 | complete
Ep 966 | 드론5 목적지77 |  699스텝 | 배송 77/77 | 재적재 14 | 중계율 0.09 | alpha 2.037 | complete
Ep 967 | 드론6 목적지38 |  341스텝 | 배송 38/38 | 재적재  5 | 중계율 0.07 | alpha 2.051 | complete
Ep 968 | 드론6 목적지37 |  656스텝 | 배송 37/37 | 재적재  5 | 중계율 0.18 | alpha 2.044 | complete
Ep 969 | 드론4 목적지54 |  952스텝 | 배송 54/54 | 재적재  9 | 중계율 0.17 | alpha 2.075 | complete
Ep 970 | 드론5 목적지80 |  899스텝 | 배송 80/80 | 재적재 14 | 중계율 0.14 | alpha 2.059 | complete
Ep 971 | 드론5 목적지26 |  426스텝 | 배송 26/26 | 재적재  3 | 중계율 0.11 | alpha 2.051 | complete
Ep 972 | 드론6 목적지27 |  265스텝 | 배송 27/27 | 재적재  3 | 중계율 0.09 | alpha 2.067 | complete
Ep 973 | 드론4 목적지36 |  651스텝 | 배송 36/36 | 재적재  6 | 중계율 0.16 | alpha 2.099 | complete
Ep 974 | 드론3 목적지80 | 1000스텝 | 배송 61/80 | 재적재 11 | 중계율 0.16 | alpha 2.105 | step_limit
Ep 975 | 드론6 목적지80 |  677스텝 | 배송 80/80 | 재적재 14 | 중계율 0.11 | alpha 2.087 | complete
Ep 976 | 드론4 목적지48 |  930스텝 | 배송 48/48 | 재적재  8 | 중계율 0.24 | alpha 2.090 | complete
Ep 977 | 드론5 목적지48 |  612스텝 | 배송 48/48 | 재적재  8 | 중계율 0.10 | alpha 2.068 | complete
Ep 978 | 드론5 목적지69 |  979스텝 | 배송 69/69 | 재적재 12 | 중계율 0.16 | alpha 2.091 | complete
Ep 979 | 드론6 목적지58 |  497스텝 | 배송 58/58 | 재적재  9 | 중계율 0.08 | alpha 2.077 | complete
Ep 980 | 드론6 목적지73 |  758스텝 | 배송 73/73 | 재적재 12 | 중계율 0.17 | alpha 2.095 | complete
Ep 981 | 드론4 목적지62 |  741스텝 | 배송 62/62 | 재적재 11 | 중계율 0.09 | alpha 2.090 | complete
Ep 982 | 드론6 목적지66 |  633스텝 | 배송 66/66 | 재적재 10 | 중계율 0.15 | alpha 2.098 | complete
Ep 983 | 드론4 목적지22 |  391스텝 | 배송 22/22 | 재적재  2 | 중계율 0.04 | alpha 2.093 | complete
Ep 984 | 드론3 목적지53 | 1000스텝 | 배송 44/53 | 재적재  7 | 중계율 0.26 | alpha 2.089 | step_limit
Ep 985 | 드론5 목적지65 |  748스텝 | 배송 65/65 | 재적재 11 | 중계율 0.09 | alpha 2.089 | complete
Ep 986 | 드론6 목적지35 |  356스텝 | 배송 35/35 | 재적재  3 | 중계율 0.13 | alpha 2.060 | complete
Ep 987 | 드론5 목적지47 |  590스텝 | 배송 47/47 | 재적재  8 | 중계율 0.10 | alpha 2.031 | complete
Ep 988 | 드론4 목적지24 |  553스텝 | 배송 24/24 | 재적재  3 | 중계율 0.16 | alpha 2.082 | complete
Ep 989 | 드론3 목적지64 |  963스텝 | 배송 64/64 | 재적재 12 | 중계율 0.17 | alpha 2.122 | complete
Ep 990 | 드론4 목적지26 |  521스텝 | 배송 26/26 | 재적재  4 | 중계율 0.14 | alpha 2.119 | complete
Ep 991 | 드론3 목적지30 |  731스텝 | 배송 30/30 | 재적재  4 | 중계율 0.19 | alpha 2.156 | complete
Ep 992 | 드론4 목적지59 |  927스텝 | 배송 59/59 | 재적재 10 | 중계율 0.14 | alpha 2.120 | complete
Ep 993 | 드론3 목적지46 | 1000스텝 | 배송 42/46 | 재적재  8 | 중계율 0.19 | alpha 2.130 | step_limit
Ep 994 | 드론5 목적지71 |  703스텝 | 배송 71/71 | 재적재 13 | 중계율 0.09 | alpha 2.147 | complete
Ep 995 | 드론3 목적지61 | 1000스텝 | 배송 35/61 | 재적재  6 | 중계율 0.14 | alpha 2.112 | step_limit
Ep 996 | 드론3 목적지61 | 1000스텝 | 배송 56/61 | 재적재  9 | 중계율 0.15 | alpha 2.094 | step_limit
Ep 997 | 드론3 목적지59 | 1000스텝 | 배송 51/59 | 재적재  9 | 중계율 0.19 | alpha 2.099 | step_limit
Ep 998 | 드론6 목적지70 |  792스텝 | 배송 70/70 | 재적재 11 | 중계율 0.15 | alpha 2.124 | complete
Ep 999 | 드론4 목적지49 |  693스텝 | 배송 49/49 | 재적재  8 | 중계율 0.12 | alpha 2.109 | complete
Ep 1000 | 드론5 목적지63 |  969스텝 | 배송 63/63 | 재적재 12 | 중계율 0.16 | alpha 2.089 | complete
  [홀드아웃] 배송 49.9±0.5 완주 0.97 스텝 1083 점수 103.9 재적재 8.6 2홉+ 0.63 | 최고 106.5@ep500 정체 10/15
Ep 1001 | 드론6 목적지43 |  471스텝 | 배송 43/43 | 재적재  6 | 중계율 0.08 | alpha 2.080 | complete
Ep 1002 | 드론4 목적지78 | 1000스텝 | 배송 65/78 | 재적재 12 | 중계율 0.17 | alpha 2.104 | step_limit
Ep 1003 | 드론4 목적지74 | 1000스텝 | 배송 65/74 | 재적재 11 | 중계율 0.19 | alpha 2.088 | step_limit
Ep 1004 | 드론6 목적지61 |  639스텝 | 배송 61/61 | 재적재 10 | 중계율 0.08 | alpha 2.084 | complete
Ep 1005 | 드론5 목적지62 |  799스텝 | 배송 62/62 | 재적재 11 | 중계율 0.15 | alpha 2.102 | complete
Ep 1006 | 드론3 목적지22 |  738스텝 | 배송 22/22 | 재적재  3 | 중계율 0.22 | alpha 2.140 | complete
Ep 1007 | 드론5 목적지79 | 1000스텝 | 배송 77/79 | 재적재 14 | 중계율 0.14 | alpha 2.168 | step_limit
Ep 1008 | 드론4 목적지28 |  654스텝 | 배송 28/28 | 재적재  5 | 중계율 0.15 | alpha 2.161 | complete
Ep 1009 | 드론4 목적지65 | 1000스텝 | 배송 58/65 | 재적재 10 | 중계율 0.19 | alpha 2.184 | step_limit
Ep 1010 | 드론5 목적지22 |  392스텝 | 배송 22/22 | 재적재  2 | 중계율 0.10 | alpha 2.206 | complete
Ep 1011 | 드론5 목적지52 |  576스텝 | 배송 52/52 | 재적재  8 | 중계율 0.07 | alpha 2.229 | complete
Ep 1012 | 드론6 목적지47 |  479스텝 | 배송 47/47 | 재적재  7 | 중계율 0.10 | alpha 2.257 | complete
Ep 1013 | 드론6 목적지66 |  488스텝 | 배송 66/66 | 재적재 11 | 중계율 0.07 | alpha 2.236 | complete
Ep 1014 | 드론4 목적지69 | 1000스텝 | 배송 66/69 | 재적재 12 | 중계율 0.15 | alpha 2.211 | step_limit
Ep 1015 | 드론4 목적지77 | 1000스텝 | 배송 76/77 | 재적재 14 | 중계율 0.12 | alpha 2.203 | step_limit
Ep 1016 | 드론4 목적지80 | 1000스텝 | 배송 62/80 | 재적재  9 | 중계율 0.21 | alpha 2.220 | step_limit
Ep 1017 | 드론5 목적지51 |  497스텝 | 배송 51/51 | 재적재  7 | 중계율 0.08 | alpha 2.231 | complete
Ep 1018 | 드론6 목적지21 |  218스텝 | 배송 21/21 | 재적재  0 | 중계율 0.13 | alpha 2.224 | complete
Ep 1019 | 드론4 목적지58 |  972스텝 | 배송 58/58 | 재적재  8 | 중계율 0.15 | alpha 2.230 | complete
Ep 1020 | 드론4 목적지74 | 1000스텝 | 배송 62/74 | 재적재 11 | 중계율 0.17 | alpha 2.242 | step_limit
Ep 1021 | 드론3 목적지48 | 1000스텝 | 배송 44/48 | 재적재  8 | 중계율 0.19 | alpha 2.282 | step_limit
Ep 1022 | 드론6 목적지27 |  249스텝 | 배송 27/27 | 재적재  4 | 중계율 0.08 | alpha 2.286 | complete
Ep 1023 | 드론6 목적지46 |  467스텝 | 배송 46/46 | 재적재  7 | 중계율 0.09 | alpha 2.295 | complete
Ep 1024 | 드론3 목적지70 | 1000스텝 | 배송 46/70 | 재적재  8 | 중계율 0.24 | alpha 2.257 | step_limit
Ep 1025 | 드론5 목적지41 |  905스텝 | 배송 41/41 | 재적재  7 | 중계율 0.23 | alpha 2.252 | complete
Ep 1026 | 드론6 목적지76 |  673스텝 | 배송 76/76 | 재적재 12 | 중계율 0.11 | alpha 2.222 | complete
Ep 1027 | 드론4 목적지51 |  807스텝 | 배송 51/51 | 재적재  8 | 중계율 0.13 | alpha 2.216 | complete
Ep 1028 | 드론3 목적지27 |  683스텝 | 배송 27/27 | 재적재  4 | 중계율 0.12 | alpha 2.232 | complete
Ep 1029 | 드론4 목적지37 |  441스텝 | 배송 37/37 | 재적재  5 | 중계율 0.09 | alpha 2.226 | complete
Ep 1030 | 드론4 목적지46 | 1000스텝 | 배송 36/46 | 재적재  5 | 중계율 0.21 | alpha 2.204 | step_limit
Ep 1031 | 드론6 목적지20 |  251스텝 | 배송 20/20 | 재적재  1 | 중계율 0.07 | alpha 2.195 | complete
Ep 1032 | 드론3 목적지27 |  484스텝 | 배송 27/27 | 재적재  4 | 중계율 0.12 | alpha 2.191 | complete
Ep 1033 | 드론5 목적지38 |  391스텝 | 배송 38/38 | 재적재  6 | 중계율 0.09 | alpha 2.188 | complete
Ep 1034 | 드론4 목적지66 | 1000스텝 | 배송 61/66 | 재적재 11 | 중계율 0.18 | alpha 2.206 | step_limit
Ep 1035 | 드론6 목적지64 |  588스텝 | 배송 64/64 | 재적재 10 | 중계율 0.14 | alpha 2.200 | complete
Ep 1036 | 드론4 목적지59 |  852스텝 | 배송 59/59 | 재적재 10 | 중계율 0.15 | alpha 2.241 | complete
Ep 1037 | 드론3 목적지49 | 1000스텝 | 배송 47/49 | 재적재  8 | 중계율 0.15 | alpha 2.244 | step_limit
Ep 1038 | 드론6 목적지57 |  647스텝 | 배송 57/57 | 재적재 10 | 중계율 0.16 | alpha 2.247 | complete
Ep 1039 | 드론4 목적지73 | 1000스텝 | 배송 62/73 | 재적재 11 | 중계율 0.14 | alpha 2.215 | step_limit
Ep 1040 | 드론3 목적지44 | 1000스텝 | 배송 43/44 | 재적재  7 | 중계율 0.19 | alpha 2.244 | step_limit
Ep 1041 | 드론5 목적지65 | 1000스텝 | 배송 64/65 | 재적재 12 | 중계율 0.16 | alpha 2.250 | step_limit
Ep 1042 | 드론3 목적지37 | 1000스텝 | 배송 34/37 | 재적재  6 | 중계율 0.23 | alpha 2.227 | step_limit
Ep 1043 | 드론5 목적지52 |  614스텝 | 배송 52/52 | 재적재  7 | 중계율 0.11 | alpha 2.269 | complete
Ep 1044 | 드론4 목적지36 |  930스텝 | 배송 36/36 | 재적재  6 | 중계율 0.24 | alpha 2.258 | complete
Ep 1045 | 드론4 목적지52 | 1000스텝 | 배송 48/52 | 재적재  9 | 중계율 0.12 | alpha 2.256 | step_limit
Ep 1046 | 드론5 목적지43 |  610스텝 | 배송 43/43 | 재적재  8 | 중계율 0.11 | alpha 2.243 | complete
Ep 1047 | 드론3 목적지52 | 1000스텝 | 배송 45/52 | 재적재  7 | 중계율 0.20 | alpha 2.249 | step_limit
Ep 1048 | 드론3 목적지51 | 1000스텝 | 배송 46/51 | 재적재  8 | 중계율 0.19 | alpha 2.265 | step_limit
Ep 1049 | 드론4 목적지72 | 1000스텝 | 배송 60/72 | 재적재 10 | 중계율 0.25 | alpha 2.274 | step_limit
Ep 1050 | 드론5 목적지76 | 1000스텝 | 배송 74/76 | 재적재 13 | 중계율 0.18 | alpha 2.260 | step_limit
  [홀드아웃] 배송 49.8±0.9 완주 0.95 스텝 1113 점수 101.3 재적재 8.4 2홉+ 0.62 | 최고 106.5@ep500 정체 11/15
Ep 1051 | 드론4 목적지79 | 1000스텝 | 배송 67/79 | 재적재 11 | 중계율 0.21 | alpha 2.288 | step_limit
Ep 1052 | 드론5 목적지45 |  656스텝 | 배송 45/45 | 재적재  7 | 중계율 0.10 | alpha 2.311 | complete
Ep 1053 | 드론6 목적지49 |  500스텝 | 배송 49/49 | 재적재  7 | 중계율 0.14 | alpha 2.332 | complete
Ep 1054 | 드론6 목적지61 |  515스텝 | 배송 61/61 | 재적재  8 | 중계율 0.07 | alpha 2.369 | complete
Ep 1055 | 드론5 목적지41 |  519스텝 | 배송 41/41 | 재적재  7 | 중계율 0.09 | alpha 2.368 | complete
Ep 1056 | 드론5 목적지54 |  936스텝 | 배송 54/54 | 재적재  9 | 중계율 0.18 | alpha 2.339 | complete
Ep 1057 | 드론5 목적지64 |  707스텝 | 배송 64/64 | 재적재 11 | 중계율 0.12 | alpha 2.332 | complete
Ep 1058 | 드론5 목적지66 | 1000스텝 | 배송 62/66 | 재적재 12 | 중계율 0.17 | alpha 2.317 | step_limit
Ep 1059 | 드론3 목적지51 | 1000스텝 | 배송 48/51 | 재적재  7 | 중계율 0.12 | alpha 2.279 | step_limit
Ep 1060 | 드론6 목적지52 |  542스텝 | 배송 52/52 | 재적재  9 | 중계율 0.12 | alpha 2.289 | complete
Ep 1061 | 드론5 목적지37 |  432스텝 | 배송 37/37 | 재적재  5 | 중계율 0.11 | alpha 2.267 | complete
Ep 1062 | 드론5 목적지24 |  411스텝 | 배송 24/24 | 재적재  2 | 중계율 0.14 | alpha 2.290 | complete
Ep 1063 | 드론5 목적지73 |  836스텝 | 배송 73/73 | 재적재 12 | 중계율 0.16 | alpha 2.274 | complete
Ep 1064 | 드론5 목적지39 |  712스텝 | 배송 39/39 | 재적재  6 | 중계율 0.21 | alpha 2.261 | complete
Ep 1065 | 드론4 목적지24 |  842스텝 | 배송 24/24 | 재적재  4 | 중계율 0.27 | alpha 2.261 | complete
Ep 1066 | 드론3 목적지75 | 1000스텝 | 배송 63/75 | 재적재 12 | 중계율 0.10 | alpha 2.295 | step_limit
Ep 1067 | 드론6 목적지50 |  443스텝 | 배송 50/50 | 재적재  6 | 중계율 0.09 | alpha 2.328 | complete
Ep 1068 | 드론4 목적지45 |  561스텝 | 배송 45/45 | 재적재  8 | 중계율 0.07 | alpha 2.334 | complete
Ep 1069 | 드론5 목적지20 |  270스텝 | 배송 20/20 | 재적재  2 | 중계율 0.09 | alpha 2.346 | complete
Ep 1070 | 드론3 목적지79 | 1000스텝 | 배송 69/79 | 재적재 12 | 중계율 0.15 | alpha 2.341 | step_limit
Ep 1071 | 드론4 목적지32 |  610스텝 | 배송 32/32 | 재적재  4 | 중계율 0.10 | alpha 2.351 | complete
Ep 1072 | 드론3 목적지56 | 1000스텝 | 배송 49/56 | 재적재  8 | 중계율 0.17 | alpha 2.371 | step_limit
Ep 1073 | 드론6 목적지25 |  210스텝 | 배송 25/25 | 재적재  1 | 중계율 0.12 | alpha 2.348 | complete
Ep 1074 | 드론3 목적지34 |  845스텝 | 배송 34/34 | 재적재  6 | 중계율 0.18 | alpha 2.336 | complete
Ep 1075 | 드론6 목적지40 |  365스텝 | 배송 40/40 | 재적재  5 | 중계율 0.08 | alpha 2.338 | complete
Ep 1076 | 드론3 목적지73 | 1000스텝 | 배송 57/73 | 재적재  9 | 중계율 0.17 | alpha 2.345 | step_limit
Ep 1077 | 드론5 목적지50 |  754스텝 | 배송 50/50 | 재적재  8 | 중계율 0.15 | alpha 2.303 | complete
Ep 1078 | 드론5 목적지62 |  694스텝 | 배송 62/62 | 재적재 11 | 중계율 0.14 | alpha 2.249 | complete
Ep 1079 | 드론4 목적지25 |  403스텝 | 배송 25/25 | 재적재  3 | 중계율 0.09 | alpha 2.230 | complete
Ep 1080 | 드론3 목적지51 | 1000스텝 | 배송 46/51 | 재적재  9 | 중계율 0.13 | alpha 2.269 | step_limit
Ep 1081 | 드론5 목적지46 |  761스텝 | 배송 46/46 | 재적재  7 | 중계율 0.18 | alpha 2.269 | complete
Ep 1082 | 드론6 목적지51 |  797스텝 | 배송 51/51 | 재적재  8 | 중계율 0.12 | alpha 2.257 | complete
Ep 1083 | 드론4 목적지64 | 1000스텝 | 배송 56/64 | 재적재 11 | 중계율 0.21 | alpha 2.295 | step_limit
Ep 1084 | 드론4 목적지48 |  666스텝 | 배송 48/48 | 재적재  7 | 중계율 0.13 | alpha 2.291 | complete
Ep 1085 | 드론4 목적지60 | 1000스텝 | 배송 54/60 | 재적재 10 | 중계율 0.21 | alpha 2.285 | step_limit
Ep 1086 | 드론5 목적지27 |  385스텝 | 배송 27/27 | 재적재  4 | 중계율 0.12 | alpha 2.277 | complete
Ep 1087 | 드론5 목적지66 | 1000스텝 | 배송 62/66 | 재적재  9 | 중계율 0.21 | alpha 2.260 | step_limit
Ep 1088 | 드론5 목적지48 |  715스텝 | 배송 48/48 | 재적재  8 | 중계율 0.12 | alpha 2.257 | complete
Ep 1089 | 드론4 목적지63 |  841스텝 | 배송 63/63 | 재적재 11 | 중계율 0.12 | alpha 2.282 | complete
Ep 1090 | 드론5 목적지78 | 1000스텝 | 배송 72/78 | 재적재 12 | 중계율 0.23 | alpha 2.301 | step_limit
Ep 1091 | 드론4 목적지66 | 1000스텝 | 배송 62/66 | 재적재 11 | 중계율 0.20 | alpha 2.315 | step_limit
Ep 1092 | 드론3 목적지77 | 1000스텝 | 배송 56/77 | 재적재 10 | 중계율 0.16 | alpha 2.263 | step_limit
Ep 1093 | 드론3 목적지72 | 1000스텝 | 배송 63/72 | 재적재 11 | 중계율 0.17 | alpha 2.256 | step_limit
Ep 1094 | 드론6 목적지45 |  563스텝 | 배송 45/45 | 재적재  7 | 중계율 0.08 | alpha 2.288 | complete
Ep 1095 | 드론5 목적지21 |  256스텝 | 배송 21/21 | 재적재  1 | 중계율 0.12 | alpha 2.301 | complete
Ep 1096 | 드론6 목적지77 |  658스텝 | 배송 77/77 | 재적재 13 | 중계율 0.11 | alpha 2.312 | complete
Ep 1097 | 드론3 목적지44 | 1000스텝 | 배송 41/44 | 재적재  7 | 중계율 0.16 | alpha 2.272 | step_limit
Ep 1098 | 드론3 목적지59 | 1000스텝 | 배송 48/59 | 재적재  9 | 중계율 0.20 | alpha 2.283 | step_limit
Ep 1099 | 드론4 목적지75 | 1000스텝 | 배송 70/75 | 재적재 13 | 중계율 0.18 | alpha 2.295 | step_limit
Ep 1100 | 드론3 목적지54 | 1000스텝 | 배송 50/54 | 재적재  8 | 중계율 0.19 | alpha 2.322 | step_limit
  [홀드아웃] 배송 50.0±0.0 완주 1.00 스텝 1158 점수 106.1 재적재 8.5 2홉+ 0.61 | 최고 106.5@ep500 정체 12/15
Ep 1101 | 드론4 목적지78 |  939스텝 | 배송 78/78 | 재적재 14 | 중계율 0.13 | alpha 2.303 | complete
Ep 1102 | 드론6 목적지36 |  402스텝 | 배송 36/36 | 재적재  5 | 중계율 0.10 | alpha 2.307 | complete
Ep 1103 | 드론4 목적지32 |  664스텝 | 배송 32/32 | 재적재  4 | 중계율 0.15 | alpha 2.312 | complete
Ep 1104 | 드론6 목적지37 |  452스텝 | 배송 37/37 | 재적재  5 | 중계율 0.16 | alpha 2.283 | complete
Ep 1105 | 드론6 목적지63 |  516스텝 | 배송 63/63 | 재적재  9 | 중계율 0.07 | alpha 2.271 | complete
Ep 1106 | 드론5 목적지46 |  541스텝 | 배송 46/46 | 재적재  7 | 중계율 0.13 | alpha 2.273 | complete
Ep 1107 | 드론5 목적지21 |  337스텝 | 배송 21/21 | 재적재  3 | 중계율 0.17 | alpha 2.285 | complete
Ep 1108 | 드론3 목적지41 | 1000스텝 | 배송 34/41 | 재적재  6 | 중계율 0.24 | alpha 2.297 | step_limit
Ep 1109 | 드론5 목적지21 |  226스텝 | 배송 21/21 | 재적재  2 | 중계율 0.09 | alpha 2.303 | complete
Ep 1110 | 드론3 목적지55 | 1000스텝 | 배송 41/55 | 재적재  8 | 중계율 0.23 | alpha 2.310 | step_limit
Ep 1111 | 드론6 목적지49 |  439스텝 | 배송 49/49 | 재적재  7 | 중계율 0.07 | alpha 2.284 | complete
Ep 1112 | 드론4 목적지27 |  590스텝 | 배송 27/27 | 재적재  4 | 중계율 0.16 | alpha 2.318 | complete
Ep 1113 | 드론6 목적지70 |  722스텝 | 배송 70/70 | 재적재 12 | 중계율 0.08 | alpha 2.319 | complete
Ep 1114 | 드론6 목적지50 |  689스텝 | 배송 50/50 | 재적재  7 | 중계율 0.13 | alpha 2.328 | complete
Ep 1115 | 드론6 목적지73 |  870스텝 | 배송 73/73 | 재적재 12 | 중계율 0.18 | alpha 2.328 | complete
Ep 1116 | 드론4 목적지54 | 1000스텝 | 배송 48/54 | 재적재  7 | 중계율 0.25 | alpha 2.280 | step_limit
Ep 1117 | 드론5 목적지74 |  830스텝 | 배송 74/74 | 재적재 13 | 중계율 0.12 | alpha 2.269 | complete
Ep 1118 | 드론6 목적지52 |  610스텝 | 배송 52/52 | 재적재  9 | 중계율 0.16 | alpha 2.263 | complete
Ep 1119 | 드론6 목적지22 |  220스텝 | 배송 22/22 | 재적재  1 | 중계율 0.11 | alpha 2.273 | complete
Ep 1120 | 드론5 목적지40 |  544스텝 | 배송 40/40 | 재적재  6 | 중계율 0.13 | alpha 2.288 | complete
Ep 1121 | 드론5 목적지26 |  659스텝 | 배송 26/26 | 재적재  4 | 중계율 0.20 | alpha 2.279 | complete
Ep 1122 | 드론6 목적지55 |  685스텝 | 배송 55/55 | 재적재  9 | 중계율 0.05 | alpha 2.276 | complete
Ep 1123 | 드론6 목적지54 |  541스텝 | 배송 54/54 | 재적재  8 | 중계율 0.11 | alpha 2.281 | complete
Ep 1124 | 드론5 목적지79 |  807스텝 | 배송 79/79 | 재적재 15 | 중계율 0.12 | alpha 2.282 | complete
Ep 1125 | 드론6 목적지53 |  581스텝 | 배송 53/53 | 재적재  9 | 중계율 0.12 | alpha 2.297 | complete
Ep 1126 | 드론5 목적지21 |  297스텝 | 배송 21/21 | 재적재  2 | 중계율 0.11 | alpha 2.290 | complete
Ep 1127 | 드론4 목적지66 | 1000스텝 | 배송 56/66 | 재적재 10 | 중계율 0.20 | alpha 2.291 | step_limit
Ep 1128 | 드론5 목적지70 |  940스텝 | 배송 70/70 | 재적재 12 | 중계율 0.16 | alpha 2.334 | complete
Ep 1129 | 드론6 목적지28 |  358스텝 | 배송 28/28 | 재적재  3 | 중계율 0.15 | alpha 2.351 | complete
Ep 1130 | 드론5 목적지45 |  710스텝 | 배송 45/45 | 재적재  7 | 중계율 0.16 | alpha 2.322 | complete
Ep 1131 | 드론4 목적지55 | 1000스텝 | 배송 53/55 | 재적재  9 | 중계율 0.20 | alpha 2.337 | step_limit
Ep 1132 | 드론6 목적지59 |  659스텝 | 배송 59/59 | 재적재  8 | 중계율 0.14 | alpha 2.285 | complete
Ep 1133 | 드론5 목적지69 |  729스텝 | 배송 69/69 | 재적재 11 | 중계율 0.10 | alpha 2.224 | complete
Ep 1134 | 드론6 목적지28 |  223스텝 | 배송 28/28 | 재적재  1 | 중계율 0.11 | alpha 2.216 | complete
Ep 1135 | 드론4 목적지68 | 1000스텝 | 배송 52/68 | 재적재  9 | 중계율 0.24 | alpha 2.218 | step_limit
Ep 1136 | 드론6 목적지76 |  844스텝 | 배송 76/76 | 재적재 13 | 중계율 0.20 | alpha 2.232 | complete
Ep 1137 | 드론5 목적지30 |  287스텝 | 배송 30/30 | 재적재  3 | 중계율 0.09 | alpha 2.251 | complete
Ep 1138 | 드론4 목적지48 |  620스텝 | 배송 48/48 | 재적재  9 | 중계율 0.10 | alpha 2.292 | complete
Ep 1139 | 드론6 목적지39 |  388스텝 | 배송 39/39 | 재적재  5 | 중계율 0.10 | alpha 2.277 | complete
Ep 1140 | 드론4 목적지80 | 1000스텝 | 배송 74/80 | 재적재 13 | 중계율 0.14 | alpha 2.252 | step_limit
Ep 1141 | 드론4 목적지28 |  494스텝 | 배송 28/28 | 재적재  4 | 중계율 0.10 | alpha 2.257 | complete
Ep 1142 | 드론6 목적지47 |  442스텝 | 배송 47/47 | 재적재  7 | 중계율 0.08 | alpha 2.259 | complete
Ep 1143 | 드론4 목적지44 |  974스텝 | 배송 44/44 | 재적재  8 | 중계율 0.19 | alpha 2.237 | complete
Ep 1144 | 드론4 목적지28 |  836스텝 | 배송 28/28 | 재적재  3 | 중계율 0.22 | alpha 2.211 | complete
Ep 1145 | 드론5 목적지21 |  234스텝 | 배송 21/21 | 재적재  0 | 중계율 0.14 | alpha 2.216 | complete
Ep 1146 | 드론3 목적지72 | 1000스텝 | 배송 59/72 | 재적재 10 | 중계율 0.13 | alpha 2.246 | step_limit
Ep 1147 | 드론4 목적지77 |  975스텝 | 배송 77/77 | 재적재 14 | 중계율 0.14 | alpha 2.274 | complete
Ep 1148 | 드론6 목적지45 |  408스텝 | 배송 45/45 | 재적재  6 | 중계율 0.08 | alpha 2.263 | complete
Ep 1149 | 드론4 목적지80 | 1000스텝 | 배송 78/80 | 재적재 14 | 중계율 0.15 | alpha 2.283 | step_limit
Ep 1150 | 드론4 목적지73 | 1000스텝 | 배송 67/73 | 재적재 12 | 중계율 0.17 | alpha 2.358 | step_limit
  [홀드아웃] 배송 49.4±1.9 완주 0.88 스텝 1115 점수 93.8 재적재 8.3 2홉+ 0.62 | 최고 106.5@ep500 정체 13/15
Ep 1151 | 드론3 목적지40 | 1000스텝 | 배송 38/40 | 재적재  6 | 중계율 0.19 | alpha 2.333 | step_limit
Ep 1152 | 드론4 목적지61 |  882스텝 | 배송 61/61 | 재적재 11 | 중계율 0.14 | alpha 2.294 | complete
Ep 1153 | 드론6 목적지24 |  297스텝 | 배송 24/24 | 재적재  0 | 중계율 0.12 | alpha 2.283 | complete
Ep 1154 | 드론4 목적지24 | 1000스텝 | 배송 21/24 | 재적재  4 | 중계율 0.22 | alpha 2.280 | step_limit
Ep 1155 | 드론3 목적지31 |  961스텝 | 배송 31/31 | 재적재  5 | 중계율 0.23 | alpha 2.259 | complete
Ep 1156 | 드론4 목적지20 |  361스텝 | 배송 20/20 | 재적재  3 | 중계율 0.08 | alpha 2.224 | complete
Ep 1157 | 드론6 목적지23 |  224스텝 | 배송 23/23 | 재적재  2 | 중계율 0.10 | alpha 2.228 | complete
Ep 1158 | 드론5 목적지41 |  761스텝 | 배송 41/41 | 재적재  6 | 중계율 0.15 | alpha 2.217 | complete
Ep 1159 | 드론5 목적지64 |  735스텝 | 배송 64/64 | 재적재 11 | 중계율 0.12 | alpha 2.181 | complete
Ep 1160 | 드론4 목적지47 |  881스텝 | 배송 47/47 | 재적재  9 | 중계율 0.19 | alpha 2.189 | complete
Ep 1161 | 드론5 목적지70 |  805스텝 | 배송 70/70 | 재적재 12 | 중계율 0.11 | alpha 2.204 | complete
Ep 1162 | 드론5 목적지77 |  788스텝 | 배송 77/77 | 재적재 14 | 중계율 0.10 | alpha 2.218 | complete
Ep 1163 | 드론4 목적지43 | 1000스텝 | 배송 37/43 | 재적재  6 | 중계율 0.26 | alpha 2.256 | step_limit
Ep 1164 | 드론3 목적지40 |  942스텝 | 배송 40/40 | 재적재  6 | 중계율 0.19 | alpha 2.226 | complete
Ep 1165 | 드론6 목적지67 |  602스텝 | 배송 67/67 | 재적재 12 | 중계율 0.09 | alpha 2.180 | complete
Ep 1166 | 드론5 목적지65 |  655스텝 | 배송 65/65 | 재적재 10 | 중계율 0.10 | alpha 2.201 | complete
Ep 1167 | 드론3 목적지24 |  870스텝 | 배송 24/24 | 재적재  3 | 중계율 0.17 | alpha 2.227 | complete
Ep 1168 | 드론6 목적지67 |  919스텝 | 배송 67/67 | 재적재 11 | 중계율 0.15 | alpha 2.237 | complete
Ep 1169 | 드론4 목적지37 |  542스텝 | 배송 37/37 | 재적재  5 | 중계율 0.14 | alpha 2.252 | complete
Ep 1170 | 드론3 목적지35 |  833스텝 | 배송 35/35 | 재적재  6 | 중계율 0.15 | alpha 2.237 | complete
Ep 1171 | 드론5 목적지70 | 1000스텝 | 배송 69/70 | 재적재 12 | 중계율 0.15 | alpha 2.296 | step_limit
Ep 1172 | 드론5 목적지56 |  892스텝 | 배송 56/56 | 재적재 10 | 중계율 0.21 | alpha 2.273 | complete
Ep 1173 | 드론3 목적지39 | 1000스텝 | 배송 35/39 | 재적재  6 | 중계율 0.18 | alpha 2.313 | step_limit
Ep 1174 | 드론6 목적지53 |  634스텝 | 배송 53/53 | 재적재  9 | 중계율 0.16 | alpha 2.316 | complete
Ep 1175 | 드론6 목적지44 |  518스텝 | 배송 44/44 | 재적재  7 | 중계율 0.16 | alpha 2.284 | complete
Ep 1176 | 드론6 목적지44 |  675스텝 | 배송 44/44 | 재적재  6 | 중계율 0.15 | alpha 2.309 | complete
Ep 1177 | 드론6 목적지33 |  432스텝 | 배송 33/33 | 재적재  4 | 중계율 0.13 | alpha 2.332 | complete
Ep 1178 | 드론3 목적지61 | 1000스텝 | 배송 50/61 | 재적재  9 | 중계율 0.20 | alpha 2.324 | step_limit
Ep 1179 | 드론5 목적지71 |  699스텝 | 배송 71/71 | 재적재 12 | 중계율 0.08 | alpha 2.319 | complete
Ep 1180 | 드론5 목적지62 | 1000스텝 | 배송 61/62 | 재적재 11 | 중계율 0.21 | alpha 2.320 | step_limit
Ep 1181 | 드론5 목적지50 |  835스텝 | 배송 50/50 | 재적재  9 | 중계율 0.15 | alpha 2.296 | complete
Ep 1182 | 드론3 목적지79 | 1000스텝 | 배송 67/79 | 재적재 12 | 중계율 0.14 | alpha 2.304 | step_limit
Ep 1183 | 드론5 목적지51 |  579스텝 | 배송 51/51 | 재적재  9 | 중계율 0.07 | alpha 2.301 | complete
Ep 1184 | 드론5 목적지30 |  461스텝 | 배송 30/30 | 재적재  5 | 중계율 0.15 | alpha 2.300 | complete
Ep 1185 | 드론3 목적지77 | 1000스텝 | 배송 66/77 | 재적재 13 | 중계율 0.14 | alpha 2.309 | step_limit
Ep 1186 | 드론6 목적지42 |  552스텝 | 배송 42/42 | 재적재  7 | 중계율 0.12 | alpha 2.308 | complete
Ep 1187 | 드론6 목적지20 |  213스텝 | 배송 20/20 | 재적재  0 | 중계율 0.06 | alpha 2.291 | complete
Ep 1188 | 드론4 목적지74 | 1000스텝 | 배송 60/74 | 재적재 10 | 중계율 0.18 | alpha 2.265 | step_limit
Ep 1189 | 드론5 목적지60 |  515스텝 | 배송 60/60 | 재적재  9 | 중계율 0.08 | alpha 2.277 | complete
Ep 1190 | 드론3 목적지26 |  758스텝 | 배송 26/26 | 재적재  4 | 중계율 0.16 | alpha 2.295 | complete
Ep 1191 | 드론5 목적지27 |  446스텝 | 배송 27/27 | 재적재  4 | 중계율 0.14 | alpha 2.301 | complete
Ep 1192 | 드론5 목적지78 |  743스텝 | 배송 78/78 | 재적재 13 | 중계율 0.13 | alpha 2.339 | complete
Ep 1193 | 드론3 목적지42 | 1000스텝 | 배송 41/42 | 재적재  7 | 중계율 0.18 | alpha 2.391 | step_limit
Ep 1194 | 드론4 목적지75 | 1000스텝 | 배송 74/75 | 재적재 14 | 중계율 0.17 | alpha 2.389 | step_limit
Ep 1195 | 드론5 목적지56 |  506스텝 | 배송 56/56 | 재적재  9 | 중계율 0.09 | alpha 2.386 | complete
Ep 1196 | 드론6 목적지66 |  941스텝 | 배송 66/66 | 재적재 11 | 중계율 0.19 | alpha 2.294 | complete
Ep 1197 | 드론5 목적지59 |  750스텝 | 배송 59/59 | 재적재 10 | 중계율 0.12 | alpha 2.270 | complete
Ep 1198 | 드론4 목적지47 |  740스텝 | 배송 47/47 | 재적재  8 | 중계율 0.14 | alpha 2.241 | complete
Ep 1199 | 드론4 목적지65 |  851스텝 | 배송 65/65 | 재적재 11 | 중계율 0.11 | alpha 2.251 | complete
Ep 1200 | 드론6 목적지48 |  441스텝 | 배송 48/48 | 재적재  9 | 중계율 0.10 | alpha 2.283 | complete
  [홀드아웃] 배송 50.0±0.0 완주 1.00 스텝 1069 점수 106.4 재적재 8.5 2홉+ 0.63 | 최고 106.5@ep500 정체 14/15
Ep 1201 | 드론5 목적지22 |  292스텝 | 배송 22/22 | 재적재  3 | 중계율 0.16 | alpha 2.289 | complete
Ep 1202 | 드론4 목적지68 |  752스텝 | 배송 68/68 | 재적재 12 | 중계율 0.09 | alpha 2.278 | complete
Ep 1203 | 드론3 목적지36 |  939스텝 | 배송 36/36 | 재적재  6 | 중계율 0.19 | alpha 2.272 | complete
Ep 1204 | 드론4 목적지23 |  394스텝 | 배송 23/23 | 재적재  3 | 중계율 0.16 | alpha 2.292 | complete
Ep 1205 | 드론4 목적지32 |  521스텝 | 배송 32/32 | 재적재  4 | 중계율 0.11 | alpha 2.266 | complete
Ep 1206 | 드론3 목적지76 | 1000스텝 | 배송 55/76 | 재적재 10 | 중계율 0.17 | alpha 2.291 | step_limit
Ep 1207 | 드론6 목적지45 |  349스텝 | 배송 45/45 | 재적재  7 | 중계율 0.07 | alpha 2.307 | complete
Ep 1208 | 드론5 목적지40 |  407스텝 | 배송 40/40 | 재적재  5 | 중계율 0.07 | alpha 2.304 | complete
Ep 1209 | 드론3 목적지49 |  930스텝 | 배송 49/49 | 재적재  9 | 중계율 0.15 | alpha 2.297 | complete
Ep 1210 | 드론4 목적지60 | 1000스텝 | 배송 56/60 | 재적재 10 | 중계율 0.26 | alpha 2.242 | step_limit
Ep 1211 | 드론4 목적지66 | 1000스텝 | 배송 61/66 | 재적재 11 | 중계율 0.16 | alpha 2.282 | step_limit
Ep 1212 | 드론5 목적지66 |  802스텝 | 배송 66/66 | 재적재 11 | 중계율 0.10 | alpha 2.288 | complete
Ep 1213 | 드론6 목적지56 |  601스텝 | 배송 56/56 | 재적재 10 | 중계율 0.10 | alpha 2.287 | complete
Ep 1214 | 드론3 목적지49 | 1000스텝 | 배송 46/49 | 재적재  8 | 중계율 0.19 | alpha 2.290 | step_limit
Ep 1215 | 드론3 목적지21 |  432스텝 | 배송 21/21 | 재적재  3 | 중계율 0.08 | alpha 2.279 | complete
Ep 1216 | 드론4 목적지38 |  814스텝 | 배송 38/38 | 재적재  6 | 중계율 0.18 | alpha 2.296 | complete
Ep 1217 | 드론4 목적지22 |  606스텝 | 배송 22/22 | 재적재  3 | 중계율 0.19 | alpha 2.275 | complete
Ep 1218 | 드론4 목적지61 | 1000스텝 | 배송 58/61 | 재적재  9 | 중계율 0.16 | alpha 2.289 | step_limit
Ep 1219 | 드론5 목적지66 |  949스텝 | 배송 66/66 | 재적재 12 | 중계율 0.20 | alpha 2.330 | complete
Ep 1220 | 드론3 목적지38 | 1000스텝 | 배송 35/38 | 재적재  6 | 중계율 0.24 | alpha 2.284 | step_limit
Ep 1221 | 드론3 목적지62 | 1000스텝 | 배송 54/62 | 재적재 10 | 중계율 0.16 | alpha 2.268 | step_limit
Ep 1222 | 드론6 목적지34 |  449스텝 | 배송 34/34 | 재적재  6 | 중계율 0.13 | alpha 2.287 | complete
Ep 1223 | 드론5 목적지35 |  424스텝 | 배송 35/35 | 재적재  4 | 중계율 0.13 | alpha 2.313 | complete
Ep 1224 | 드론6 목적지33 |  321스텝 | 배송 33/33 | 재적재  4 | 중계율 0.09 | alpha 2.333 | complete
Ep 1225 | 드론4 목적지70 |  930스텝 | 배송 70/70 | 재적재 12 | 중계율 0.11 | alpha 2.343 | complete
Ep 1226 | 드론6 목적지32 |  254스텝 | 배송 32/32 | 재적재  4 | 중계율 0.09 | alpha 2.342 | complete
Ep 1227 | 드론3 목적지77 | 1000스텝 | 배송 46/77 | 재적재  9 | 중계율 0.17 | alpha 2.328 | step_limit
Ep 1228 | 드론3 목적지35 |  893스텝 | 배송 35/35 | 재적재  6 | 중계율 0.21 | alpha 2.295 | complete
Ep 1229 | 드론5 목적지25 |  295스텝 | 배송 25/25 | 재적재  3 | 중계율 0.10 | alpha 2.294 | complete
Ep 1230 | 드론3 목적지50 | 1000스텝 | 배송 45/50 | 재적재  8 | 중계율 0.22 | alpha 2.303 | step_limit
Ep 1231 | 드론6 목적지65 |  519스텝 | 배송 65/65 | 재적재 11 | 중계율 0.09 | alpha 2.337 | complete
Ep 1232 | 드론3 목적지79 | 1000스텝 | 배송 59/79 | 재적재 11 | 중계율 0.19 | alpha 2.347 | step_limit
Ep 1233 | 드론3 목적지30 |  662스텝 | 배송 30/30 | 재적재  5 | 중계율 0.16 | alpha 2.325 | complete
Ep 1234 | 드론6 목적지57 |  720스텝 | 배송 57/57 | 재적재 10 | 중계율 0.13 | alpha 2.335 | complete
Ep 1235 | 드론3 목적지49 | 1000스텝 | 배송 37/49 | 재적재  7 | 중계율 0.23 | alpha 2.379 | step_limit
Ep 1236 | 드론4 목적지72 |  956스텝 | 배송 72/72 | 재적재 13 | 중계율 0.16 | alpha 2.314 | complete
Ep 1237 | 드론4 목적지57 | 1000스텝 | 배송 49/57 | 재적재  9 | 중계율 0.24 | alpha 2.331 | step_limit
Ep 1238 | 드론6 목적지73 |  816스텝 | 배송 73/73 | 재적재 11 | 중계율 0.16 | alpha 2.350 | complete
Ep 1239 | 드론4 목적지40 |  731스텝 | 배송 40/40 | 재적재  6 | 중계율 0.17 | alpha 2.365 | complete
Ep 1240 | 드론5 목적지21 |  477스텝 | 배송 21/21 | 재적재  3 | 중계율 0.16 | alpha 2.353 | complete
Ep 1241 | 드론6 목적지58 |  455스텝 | 배송 58/58 | 재적재  8 | 중계율 0.08 | alpha 2.344 | complete
Ep 1242 | 드론5 목적지71 |  780스텝 | 배송 71/71 | 재적재 11 | 중계율 0.10 | alpha 2.299 | complete
Ep 1243 | 드론6 목적지54 |  415스텝 | 배송 54/54 | 재적재  7 | 중계율 0.08 | alpha 2.315 | complete
Ep 1244 | 드론5 목적지23 |  286스텝 | 배송 23/23 | 재적재  3 | 중계율 0.11 | alpha 2.317 | complete
Ep 1245 | 드론3 목적지31 |  989스텝 | 배송 31/31 | 재적재  5 | 중계율 0.23 | alpha 2.297 | complete
Ep 1246 | 드론5 목적지37 |  605스텝 | 배송 37/37 | 재적재  5 | 중계율 0.15 | alpha 2.328 | complete
Ep 1247 | 드론3 목적지20 |  610스텝 | 배송 20/20 | 재적재  3 | 중계율 0.18 | alpha 2.360 | complete
Ep 1248 | 드론6 목적지79 |  693스텝 | 배송 79/79 | 재적재 13 | 중계율 0.09 | alpha 2.309 | complete
Ep 1249 | 드론4 목적지22 |  273스텝 | 배송 22/22 | 재적재  3 | 중계율 0.09 | alpha 2.290 | complete
Ep 1250 | 드론3 목적지27 |  774스텝 | 배송 27/27 | 재적재  4 | 중계율 0.19 | alpha 2.312 | complete
  [홀드아웃] 배송 50.0±0.3 완주 0.97 스텝 1071 점수 103.9 재적재 8.6 2홉+ 0.63 | 최고 106.5@ep500 정체 15/15

조기 종료. 최고 106.5@ep500
Training finished. best=106.5 @ ep500
