/home/kopt/enter/envs/wsl_neuroMCTS/lib/python3.10/site-packages/pygame/pkgdata.py:25: UserWarning: pkg_resources is deprecated as an API. See https://setuptools.pypa.io/en/latest/pkg_resources.html. The pkg_resources package is slated for removal as early as 2025-11-30. Refrain from using this package or pin to Setuptools<81.
  from pkg_resources import resource_stream, resource_exists
pygame 2.6.1 (SDL 2.28.4, Python 3.10.19)
Hello from the pygame community. https://www.pygame.org/contribute.html
집합 상위 학습 | 반경 300 상한 1000 무배송 500 gamma 0.997 구성=무작위 드론[3, 6] 목적지[20, 80] CC무작위 인스턴스=무작위 목표유지=off 완주보상=0.0 잔여페널티=0.1 규칙관측=False 규칙정규화=2.0 홀드아웃상한=3000 선택=makespan
/home/kopt/drone/proposed_src/pipeline/train_v5_26_09_15_23.py:329: UserWarning: Converting a tensor with requires_grad=True to a scalar may lead to unexpected behavior.
Consider using tensor.detach() first. (Triggered internally at /pytorch/torch/csrc/autograd/generated/python_variable_methods.cpp:836.)
  writer.add_scalar("train/alpha", float(log_alpha.exp()), ep)
Ep 1 | 드론5 목적지43 | 1000스텝 | 배송 39/43 | 재적재  6 | 중계율 0.08 | alpha 0.100 | step_limit
Ep 2 | 드론4 목적지74 | 1000스텝 | 배송 67/74 | 재적재 11 | 중계율 0.06 | alpha 0.100 | step_limit
Ep 3 | 드론5 목적지43 | 1000스텝 | 배송 40/43 | 재적재  5 | 중계율 0.06 | alpha 0.100 | step_limit
Ep 4 | 드론4 목적지23 | 1000스텝 | 배송 21/23 | 재적재  3 | 중계율 0.08 | alpha 0.100 | step_limit
Ep 5 | 드론4 목적지31 | 1000스텝 | 배송 25/31 | 재적재  3 | 중계율 0.10 | alpha 0.099 | step_limit
Ep 6 | 드론3 목적지68 | 1000스텝 | 배송 64/68 | 재적재 11 | 중계율 0.20 | alpha 0.109 | step_limit
Ep 7 | 드론6 목적지44 |  441스텝 | 배송 44/44 | 재적재  6 | 중계율 0.29 | alpha 0.114 | complete
Ep 8 | 드론6 목적지30 |  259스텝 | 배송 30/30 | 재적재  2 | 중계율 0.25 | alpha 0.116 | complete
Ep 9 | 드론6 목적지42 |  403스텝 | 배송 42/42 | 재적재  6 | 중계율 0.22 | alpha 0.121 | complete
Ep 10 | 드론6 목적지47 |  485스텝 | 배송 47/47 | 재적재  5 | 중계율 0.21 | alpha 0.126 | complete
Ep 11 | 드론5 목적지21 |  357스텝 | 배송 21/21 | 재적재  2 | 중계율 0.20 | alpha 0.130 | complete
Ep 12 | 드론3 목적지37 |  817스텝 | 배송 37/37 | 재적재  6 | 중계율 0.21 | alpha 0.139 | complete
Ep 13 | 드론6 목적지28 |  306스텝 | 배송 28/28 | 재적재  2 | 중계율 0.12 | alpha 0.143 | complete
Ep 14 | 드론3 목적지41 |  910스텝 | 배송 41/41 | 재적재  7 | 중계율 0.29 | alpha 0.154 | complete
Ep 15 | 드론3 목적지66 | 1000스텝 | 배송 55/66 | 재적재  9 | 중계율 0.24 | alpha 0.166 | step_limit
Ep 16 | 드론4 목적지71 |  845스텝 | 배송 71/71 | 재적재 12 | 중계율 0.25 | alpha 0.177 | complete
Ep 17 | 드론4 목적지24 |  487스텝 | 배송 24/24 | 재적재  4 | 중계율 0.34 | alpha 0.184 | complete
Ep 18 | 드론5 목적지49 |  469스텝 | 배송 49/49 | 재적재  6 | 중계율 0.18 | alpha 0.190 | complete
Ep 19 | 드론6 목적지34 |  324스텝 | 배송 34/34 | 재적재  6 | 중계율 0.20 | alpha 0.195 | complete
Ep 20 | 드론3 목적지48 |  840스텝 | 배송 48/48 | 재적재  8 | 중계율 0.23 | alpha 0.207 | complete
Ep 21 | 드론4 목적지63 | 1000스텝 | 배송 55/63 | 재적재  9 | 중계율 0.24 | alpha 0.223 | step_limit
Ep 22 | 드론6 목적지46 |  489스텝 | 배송 46/46 | 재적재  8 | 중계율 0.18 | alpha 0.231 | complete
Ep 23 | 드론3 목적지44 |  809스텝 | 배송 44/44 | 재적재  8 | 중계율 0.19 | alpha 0.245 | complete
Ep 24 | 드론5 목적지41 |  475스텝 | 배송 41/41 | 재적재  6 | 중계율 0.20 | alpha 0.253 | complete
Ep 25 | 드론5 목적지38 |  391스텝 | 배송 38/38 | 재적재  5 | 중계율 0.20 | alpha 0.260 | complete
Ep 26 | 드론5 목적지77 |  735스텝 | 배송 77/77 | 재적재 14 | 중계율 0.21 | alpha 0.274 | complete
Ep 27 | 드론3 목적지41 |  939스텝 | 배송 41/41 | 재적재  7 | 중계율 0.23 | alpha 0.293 | complete
Ep 28 | 드론5 목적지52 |  678스텝 | 배송 52/52 | 재적재  8 | 중계율 0.31 | alpha 0.308 | complete
Ep 29 | 드론5 목적지72 |  848스텝 | 배송 72/72 | 재적재 11 | 중계율 0.27 | alpha 0.327 | complete
Ep 30 | 드론5 목적지61 |  914스텝 | 배송 61/61 | 재적재 11 | 중계율 0.32 | alpha 0.349 | complete
Ep 31 | 드론5 목적지45 |  502스텝 | 배송 45/45 | 재적재  6 | 중계율 0.19 | alpha 0.362 | complete
Ep 32 | 드론3 목적지68 | 1000스텝 | 배송 58/68 | 재적재 11 | 중계율 0.23 | alpha 0.388 | step_limit
Ep 33 | 드론3 목적지35 |  789스텝 | 배송 35/35 | 재적재  6 | 중계율 0.13 | alpha 0.410 | complete
Ep 34 | 드론3 목적지24 |  323스텝 | 배송 24/24 | 재적재  3 | 중계율 0.07 | alpha 0.420 | complete
Ep 35 | 드론3 목적지58 | 1000스텝 | 배송 56/58 | 재적재 11 | 중계율 0.24 | alpha 0.450 | step_limit
Ep 36 | 드론4 목적지64 | 1000스텝 | 배송 60/64 | 재적재  9 | 중계율 0.26 | alpha 0.483 | step_limit
Ep 37 | 드론6 목적지58 |  823스텝 | 배송 58/58 | 재적재 10 | 중계율 0.31 | alpha 0.511 | complete
Ep 38 | 드론3 목적지77 | 1000스텝 | 배송 50/77 | 재적재 10 | 중계율 0.26 | alpha 0.548 | step_limit
Ep 39 | 드론3 목적지28 |  620스텝 | 배송 28/28 | 재적재  5 | 중계율 0.27 | alpha 0.572 | complete
Ep 40 | 드론3 목적지37 |  782스텝 | 배송 37/37 | 재적재  6 | 중계율 0.24 | alpha 0.602 | complete
Ep 41 | 드론5 목적지59 |  475스텝 | 배송 59/59 | 재적재  8 | 중계율 0.11 | alpha 0.622 | complete
Ep 42 | 드론6 목적지58 |  590스텝 | 배송 58/58 | 재적재  7 | 중계율 0.26 | alpha 0.646 | complete
Ep 43 | 드론6 목적지20 |  434스텝 | 배송 20/20 | 재적재  0 | 중계율 0.20 | alpha 0.665 | complete
Ep 44 | 드론6 목적지30 |  321스텝 | 배송 30/30 | 재적재  2 | 중계율 0.13 | alpha 0.679 | complete
Ep 45 | 드론6 목적지39 |  318스텝 | 배송 39/39 | 재적재  4 | 중계율 0.17 | alpha 0.693 | complete
Ep 46 | 드론6 목적지32 |  286스텝 | 배송 32/32 | 재적재  5 | 중계율 0.27 | alpha 0.706 | complete
Ep 47 | 드론5 목적지35 |  520스텝 | 배송 35/35 | 재적재  4 | 중계율 0.27 | alpha 0.731 | complete
Ep 48 | 드론5 목적지39 |  501스텝 | 배송 39/39 | 재적재  5 | 중계율 0.29 | alpha 0.756 | complete
Ep 49 | 드론5 목적지47 |  428스텝 | 배송 47/47 | 재적재  7 | 중계율 0.20 | alpha 0.778 | complete
Ep 50 | 드론4 목적지72 |  889스텝 | 배송 72/72 | 재적재 12 | 중계율 0.19 | alpha 0.827 | complete
  [홀드아웃] 배송 50.0±0.0 완주 1.00 스텝 1040 점수 106.5 재적재 7.9 2홉+ 0.64 | 최고 106.5@ep50 정체 0/15  ← 갱신
Ep 51 | 드론4 목적지71 | 1000스텝 | 배송 57/71 | 재적재 10 | 중계율 0.17 | alpha 0.885 | step_limit
Ep 52 | 드론4 목적지45 |  829스텝 | 배송 45/45 | 재적재  8 | 중계율 0.21 | alpha 0.936 | complete
Ep 53 | 드론6 목적지64 |  443스텝 | 배송 64/64 | 재적재 10 | 중계율 0.13 | alpha 0.964 | complete
Ep 54 | 드론5 목적지24 |  913스텝 | 배송 24/24 | 재적재  3 | 중계율 0.41 | alpha 1.025 | complete
Ep 55 | 드론6 목적지60 |  565스텝 | 배송 60/60 | 재적재  8 | 중계율 0.21 | alpha 1.064 | complete
Ep 56 | 드론6 목적지20 |  292스텝 | 배송 20/20 | 재적재  2 | 중계율 0.21 | alpha 1.084 | complete
Ep 57 | 드론5 목적지61 |  642스텝 | 배송 61/61 | 재적재 11 | 중계율 0.19 | alpha 1.132 | complete
Ep 58 | 드론5 목적지77 |  772스텝 | 배송 77/77 | 재적재 12 | 중계율 0.16 | alpha 1.189 | complete
Ep 59 | 드론5 목적지40 |  665스텝 | 배송 40/40 | 재적재  5 | 중계율 0.32 | alpha 1.241 | complete
Ep 60 | 드론3 목적지76 | 1000스텝 | 배송 55/76 | 재적재 10 | 중계율 0.17 | alpha 1.322 | step_limit
Ep 61 | 드론5 목적지66 |  794스텝 | 배송 66/66 | 재적재 11 | 중계율 0.19 | alpha 1.389 | complete
Ep 62 | 드론5 목적지43 |  397스텝 | 배송 43/43 | 재적재  6 | 중계율 0.17 | alpha 1.423 | complete
Ep 63 | 드론5 목적지57 |  505스텝 | 배송 57/57 | 재적재  9 | 중계율 0.15 | alpha 1.467 | complete
Ep 64 | 드론3 목적지52 |  962스텝 | 배송 52/52 | 재적재  8 | 중계율 0.24 | alpha 1.551 | complete
Ep 65 | 드론5 목적지42 |  365스텝 | 배송 42/42 | 재적재  5 | 중계율 0.12 | alpha 1.582 | complete
Ep 66 | 드론4 목적지41 |  658스텝 | 배송 41/41 | 재적재  6 | 중계율 0.19 | alpha 1.638 | complete
Ep 67 | 드론5 목적지23 |  228스텝 | 배송 23/23 | 재적재  2 | 중계율 0.09 | alpha 1.657 | complete
Ep 68 | 드론5 목적지77 |  694스텝 | 배송 77/77 | 재적재 14 | 중계율 0.14 | alpha 1.713 | complete
Ep 69 | 드론4 목적지48 |  599스텝 | 배송 48/48 | 재적재  7 | 중계율 0.16 | alpha 1.760 | complete
Ep 70 | 드론3 목적지69 | 1000스텝 | 배송 50/69 | 재적재  8 | 중계율 0.23 | alpha 1.844 | step_limit
Ep 71 | 드론5 목적지34 |  419스텝 | 배송 34/34 | 재적재  5 | 중계율 0.15 | alpha 1.876 | complete
Ep 72 | 드론5 목적지61 | 1000스텝 | 배송 57/61 | 재적재  9 | 중계율 0.31 | alpha 1.961 | step_limit
Ep 73 | 드론6 목적지50 |  588스텝 | 배송 50/50 | 재적재  9 | 중계율 0.23 | alpha 2.013 | complete
Ep 74 | 드론4 목적지70 |  937스텝 | 배송 70/70 | 재적재 12 | 중계율 0.16 | alpha 2.091 | complete
Ep 75 | 드론6 목적지21 |  213스텝 | 배송 21/21 | 재적재  0 | 중계율 0.13 | alpha 2.109 | complete
Ep 76 | 드론3 목적지49 | 1000스텝 | 배송 46/49 | 재적재  7 | 중계율 0.23 | alpha 2.196 | step_limit
Ep 77 | 드론4 목적지67 | 1000스텝 | 배송 61/67 | 재적재 11 | 중계율 0.24 | alpha 2.273 | step_limit
Ep 78 | 드론3 목적지34 | 1000스텝 | 배송 30/34 | 재적재  5 | 중계율 0.22 | alpha 2.339 | step_limit
Ep 79 | 드론5 목적지31 |  390스텝 | 배송 31/31 | 재적재  5 | 중계율 0.17 | alpha 2.363 | complete
Ep 80 | 드론3 목적지44 | 1000스텝 | 배송 43/44 | 재적재  8 | 중계율 0.25 | alpha 2.430 | step_limit
Ep 81 | 드론6 목적지71 |  679스텝 | 배송 71/71 | 재적재 11 | 중계율 0.23 | alpha 2.465 | complete
Ep 82 | 드론4 목적지59 | 1000스텝 | 배송 58/59 | 재적재 11 | 중계율 0.17 | alpha 2.508 | step_limit
Ep 83 | 드론6 목적지21 |  156스텝 | 배송 21/21 | 재적재  1 | 중계율 0.10 | alpha 2.514 | complete
Ep 84 | 드론4 목적지41 |  564스텝 | 배송 41/41 | 재적재  7 | 중계율 0.19 | alpha 2.528 | complete
Ep 85 | 드론5 목적지38 |  475스텝 | 배송 38/38 | 재적재  4 | 중계율 0.19 | alpha 2.534 | complete
Ep 86 | 드론5 목적지64 |  673스텝 | 배송 64/64 | 재적재 11 | 중계율 0.17 | alpha 2.538 | complete
Ep 87 | 드론5 목적지24 |  372스텝 | 배송 24/24 | 재적재  3 | 중계율 0.22 | alpha 2.542 | complete
Ep 88 | 드론5 목적지66 |  610스텝 | 배송 66/66 | 재적재 11 | 중계율 0.14 | alpha 2.541 | complete
Ep 89 | 드론6 목적지20 |  204스텝 | 배송 20/20 | 재적재  0 | 중계율 0.15 | alpha 2.541 | complete
Ep 90 | 드론6 목적지37 |  354스텝 | 배송 37/37 | 재적재  6 | 중계율 0.14 | alpha 2.549 | complete
Ep 91 | 드론4 목적지60 | 1000스텝 | 배송 54/60 | 재적재 10 | 중계율 0.20 | alpha 2.559 | step_limit
Ep 92 | 드론3 목적지37 | 1000스텝 | 배송 34/37 | 재적재  5 | 중계율 0.26 | alpha 2.594 | step_limit
Ep 93 | 드론4 목적지27 |  702스텝 | 배송 27/27 | 재적재  4 | 중계율 0.21 | alpha 2.610 | complete
Ep 94 | 드론4 목적지76 | 1000스텝 | 배송 71/76 | 재적재 13 | 중계율 0.20 | alpha 2.647 | step_limit
Ep 95 | 드론5 목적지30 |  327스텝 | 배송 30/30 | 재적재  4 | 중계율 0.09 | alpha 2.660 | complete
Ep 96 | 드론6 목적지34 |  338스텝 | 배송 34/34 | 재적재  5 | 중계율 0.18 | alpha 2.668 | complete
Ep 97 | 드론5 목적지35 |  634스텝 | 배송 35/35 | 재적재  5 | 중계율 0.21 | alpha 2.673 | complete
Ep 98 | 드론5 목적지39 |  375스텝 | 배송 39/39 | 재적재  5 | 중계율 0.11 | alpha 2.686 | complete
Ep 99 | 드론5 목적지69 | 1000스텝 | 배송 59/69 | 재적재  9 | 중계율 0.24 | alpha 2.670 | step_limit
Ep 100 | 드론6 목적지80 |  766스텝 | 배송 80/80 | 재적재 15 | 중계율 0.13 | alpha 2.664 | complete
  [홀드아웃] 배송 50.0±0.0 완주 1.00 스텝 1114 점수 106.3 재적재 8.1 2홉+ 0.66 | 최고 106.5@ep50 정체 1/15
Ep 101 | 드론3 목적지62 | 1000스텝 | 배송 53/62 | 재적재  8 | 중계율 0.20 | alpha 2.660 | step_limit
Ep 102 | 드론4 목적지30 |  531스텝 | 배송 30/30 | 재적재  5 | 중계율 0.15 | alpha 2.666 | complete
Ep 103 | 드론5 목적지75 |  620스텝 | 배송 75/75 | 재적재 13 | 중계율 0.16 | alpha 2.655 | complete
Ep 104 | 드론4 목적지39 |  585스텝 | 배송 39/39 | 재적재  6 | 중계율 0.17 | alpha 2.662 | complete
Ep 105 | 드론5 목적지24 |  304스텝 | 배송 24/24 | 재적재  2 | 중계율 0.12 | alpha 2.670 | complete
Ep 106 | 드론5 목적지73 |  838스텝 | 배송 73/73 | 재적재 11 | 중계율 0.20 | alpha 2.689 | complete
Ep 107 | 드론5 목적지25 |  245스텝 | 배송 25/25 | 재적재  3 | 중계율 0.12 | alpha 2.686 | complete
Ep 108 | 드론3 목적지69 | 1000스텝 | 배송 54/69 | 재적재 10 | 중계율 0.24 | alpha 2.670 | step_limit
Ep 109 | 드론4 목적지25 |  344스텝 | 배송 25/25 | 재적재  3 | 중계율 0.16 | alpha 2.676 | complete
Ep 110 | 드론3 목적지26 | 1000스텝 | 배송 24/26 | 재적재  3 | 중계율 0.29 | alpha 2.670 | step_limit
Ep 111 | 드론3 목적지21 |  503스텝 | 배송 21/21 | 재적재  2 | 중계율 0.16 | alpha 2.663 | complete
Ep 112 | 드론6 목적지31 |  312스텝 | 배송 31/31 | 재적재  4 | 중계율 0.09 | alpha 2.665 | complete
Ep 113 | 드론4 목적지57 | 1000스텝 | 배송 55/57 | 재적재  9 | 중계율 0.26 | alpha 2.644 | step_limit
Ep 114 | 드론6 목적지64 |  707스텝 | 배송 64/64 | 재적재 11 | 중계율 0.24 | alpha 2.687 | complete
Ep 115 | 드론5 목적지57 |  706스텝 | 배송 57/57 | 재적재 10 | 중계율 0.17 | alpha 2.678 | complete
Ep 116 | 드론3 목적지78 | 1000스텝 | 배송 55/78 | 재적재 10 | 중계율 0.17 | alpha 2.649 | step_limit
Ep 117 | 드론6 목적지76 | 1000스텝 | 배송 68/76 | 재적재 10 | 중계율 0.25 | alpha 2.634 | step_limit
Ep 118 | 드론3 목적지59 | 1000스텝 | 배송 54/59 | 재적재  9 | 중계율 0.20 | alpha 2.620 | step_limit
Ep 119 | 드론4 목적지73 | 1000스텝 | 배송 66/73 | 재적재 11 | 중계율 0.21 | alpha 2.572 | step_limit
Ep 120 | 드론4 목적지68 |  929스텝 | 배송 68/68 | 재적재 11 | 중계율 0.18 | alpha 2.560 | complete
Ep 121 | 드론6 목적지59 |  516스텝 | 배송 59/59 | 재적재 10 | 중계율 0.19 | alpha 2.573 | complete
Ep 122 | 드론6 목적지55 |  673스텝 | 배송 55/55 | 재적재  9 | 중계율 0.16 | alpha 2.585 | complete
Ep 123 | 드론4 목적지22 |  294스텝 | 배송 22/22 | 재적재  2 | 중계율 0.18 | alpha 2.575 | complete
Ep 124 | 드론3 목적지57 |  911스텝 | 배송 57/57 | 재적재 10 | 중계율 0.15 | alpha 2.527 | complete
Ep 125 | 드론3 목적지29 | 1000스텝 | 배송 26/29 | 재적재  4 | 중계율 0.19 | alpha 2.526 | step_limit
Ep 126 | 드론6 목적지80 |  639스텝 | 배송 80/80 | 재적재 13 | 중계율 0.16 | alpha 2.556 | complete
Ep 127 | 드론6 목적지23 |  330스텝 | 배송 23/23 | 재적재  2 | 중계율 0.18 | alpha 2.573 | complete
Ep 128 | 드론4 목적지75 | 1000스텝 | 배송 61/75 | 재적재 11 | 중계율 0.24 | alpha 2.601 | step_limit
Ep 129 | 드론5 목적지31 |  461스텝 | 배송 31/31 | 재적재  3 | 중계율 0.26 | alpha 2.582 | complete
Ep 130 | 드론5 목적지26 |  266스텝 | 배송 26/26 | 재적재  4 | 중계율 0.07 | alpha 2.574 | complete
Ep 131 | 드론6 목적지57 |  734스텝 | 배송 57/57 | 재적재  9 | 중계율 0.13 | alpha 2.555 | complete
Ep 132 | 드론4 목적지51 | 1000스텝 | 배송 47/51 | 재적재  7 | 중계율 0.30 | alpha 2.515 | step_limit
Ep 133 | 드론6 목적지36 |  508스텝 | 배송 36/36 | 재적재  5 | 중계율 0.17 | alpha 2.507 | complete
Ep 134 | 드론5 목적지49 |  520스텝 | 배송 49/49 | 재적재  7 | 중계율 0.17 | alpha 2.526 | complete
Ep 135 | 드론4 목적지56 | 1000스텝 | 배송 54/56 | 재적재 10 | 중계율 0.25 | alpha 2.536 | step_limit
Ep 136 | 드론3 목적지38 | 1000스텝 | 배송 34/38 | 재적재  5 | 중계율 0.22 | alpha 2.541 | step_limit
Ep 137 | 드론6 목적지37 |  349스텝 | 배송 37/37 | 재적재  5 | 중계율 0.11 | alpha 2.537 | complete
Ep 138 | 드론5 목적지68 |  785스텝 | 배송 68/68 | 재적재 12 | 중계율 0.21 | alpha 2.526 | complete
Ep 139 | 드론3 목적지63 | 1000스텝 | 배송 62/63 | 재적재 11 | 중계율 0.18 | alpha 2.519 | step_limit
Ep 140 | 드론6 목적지64 |  567스텝 | 배송 64/64 | 재적재 12 | 중계율 0.16 | alpha 2.514 | complete
Ep 141 | 드론4 목적지48 |  794스텝 | 배송 48/48 | 재적재  8 | 중계율 0.17 | alpha 2.513 | complete
Ep 142 | 드론5 목적지69 |  736스텝 | 배송 69/69 | 재적재 12 | 중계율 0.18 | alpha 2.555 | complete
Ep 143 | 드론3 목적지58 | 1000스텝 | 배송 48/58 | 재적재  9 | 중계율 0.15 | alpha 2.525 | step_limit
Ep 144 | 드론6 목적지55 |  613스텝 | 배송 55/55 | 재적재  9 | 중계율 0.17 | alpha 2.526 | complete
Ep 145 | 드론3 목적지39 |  928스텝 | 배송 39/39 | 재적재  6 | 중계율 0.18 | alpha 2.546 | complete
Ep 146 | 드론3 목적지60 |  914스텝 | 배송 60/60 | 재적재 10 | 중계율 0.12 | alpha 2.557 | complete
Ep 147 | 드론4 목적지44 |  686스텝 | 배송 44/44 | 재적재  7 | 중계율 0.11 | alpha 2.575 | complete
Ep 148 | 드론6 목적지50 |  524스텝 | 배송 50/50 | 재적재  7 | 중계율 0.16 | alpha 2.555 | complete
Ep 149 | 드론3 목적지36 | 1000스텝 | 배송 34/36 | 재적재  5 | 중계율 0.18 | alpha 2.530 | step_limit
Ep 150 | 드론5 목적지78 |  854스텝 | 배송 78/78 | 재적재 15 | 중계율 0.20 | alpha 2.508 | complete
  [홀드아웃] 배송 50.0±0.0 완주 1.00 스텝 1173 점수 106.1 재적재 8.4 2홉+ 0.65 | 최고 106.5@ep50 정체 2/15
Ep 151 | 드론4 목적지64 |  874스텝 | 배송 64/64 | 재적재 11 | 중계율 0.12 | alpha 2.515 | complete
Ep 152 | 드론6 목적지21 |  209스텝 | 배송 21/21 | 재적재  0 | 중계율 0.09 | alpha 2.525 | complete
Ep 153 | 드론5 목적지76 | 1000스텝 | 배송 67/76 | 재적재 11 | 중계율 0.16 | alpha 2.517 | step_limit
Ep 154 | 드론3 목적지40 | 1000스텝 | 배송 32/40 | 재적재  6 | 중계율 0.24 | alpha 2.464 | step_limit
Ep 155 | 드론4 목적지64 |  776스텝 | 배송 64/64 | 재적재  9 | 중계율 0.12 | alpha 2.427 | complete
Ep 156 | 드론5 목적지50 |  683스텝 | 배송 50/50 | 재적재  8 | 중계율 0.16 | alpha 2.456 | complete
Ep 157 | 드론3 목적지56 | 1000스텝 | 배송 51/56 | 재적재  9 | 중계율 0.15 | alpha 2.503 | step_limit
Ep 158 | 드론6 목적지67 |  778스텝 | 배송 67/67 | 재적재 13 | 중계율 0.17 | alpha 2.495 | complete
Ep 159 | 드론5 목적지78 |  730스텝 | 배송 78/78 | 재적재 12 | 중계율 0.09 | alpha 2.518 | complete
Ep 160 | 드론5 목적지23 |  521스텝 | 배송 23/23 | 재적재  2 | 중계율 0.22 | alpha 2.507 | complete
Ep 161 | 드론6 목적지73 |  820스텝 | 배송 73/73 | 재적재 11 | 중계율 0.22 | alpha 2.469 | complete
Ep 162 | 드론4 목적지49 |  650스텝 | 배송 49/49 | 재적재  8 | 중계율 0.12 | alpha 2.472 | complete
Ep 163 | 드론5 목적지36 |  320스텝 | 배송 36/36 | 재적재  4 | 중계율 0.11 | alpha 2.473 | complete
Ep 164 | 드론5 목적지54 |  705스텝 | 배송 54/54 | 재적재 10 | 중계율 0.10 | alpha 2.509 | complete
Ep 165 | 드론6 목적지47 |  502스텝 | 배송 47/47 | 재적재  8 | 중계율 0.22 | alpha 2.538 | complete
Ep 166 | 드론5 목적지63 |  714스텝 | 배송 63/63 | 재적재 10 | 중계율 0.19 | alpha 2.562 | complete
Ep 167 | 드론5 목적지38 |  622스텝 | 배송 38/38 | 재적재  5 | 중계율 0.17 | alpha 2.580 | complete
Ep 168 | 드론5 목적지44 |  517스텝 | 배송 44/44 | 재적재  7 | 중계율 0.17 | alpha 2.585 | complete
Ep 169 | 드론5 목적지45 |  732스텝 | 배송 45/45 | 재적재  8 | 중계율 0.18 | alpha 2.566 | complete
Ep 170 | 드론4 목적지78 |  986스텝 | 배송 78/78 | 재적재 13 | 중계율 0.14 | alpha 2.498 | complete
Ep 171 | 드론5 목적지34 |  498스텝 | 배송 34/34 | 재적재  4 | 중계율 0.13 | alpha 2.510 | complete
Ep 172 | 드론4 목적지48 |  766스텝 | 배송 48/48 | 재적재  8 | 중계율 0.13 | alpha 2.542 | complete
Ep 173 | 드론4 목적지64 | 1000스텝 | 배송 47/64 | 재적재  8 | 중계율 0.24 | alpha 2.563 | step_limit
Ep 174 | 드론5 목적지38 |  399스텝 | 배송 38/38 | 재적재  5 | 중계율 0.09 | alpha 2.572 | complete
Ep 175 | 드론4 목적지56 |  852스텝 | 배송 56/56 | 재적재  9 | 중계율 0.21 | alpha 2.578 | complete
Ep 176 | 드론3 목적지68 | 1000스텝 | 배송 52/68 | 재적재 10 | 중계율 0.25 | alpha 2.569 | step_limit
Ep 177 | 드론5 목적지74 |  678스텝 | 배송 74/74 | 재적재 13 | 중계율 0.15 | alpha 2.564 | complete
Ep 178 | 드론5 목적지37 |  457스텝 | 배송 37/37 | 재적재  4 | 중계율 0.16 | alpha 2.564 | complete
Ep 179 | 드론6 목적지48 |  515스텝 | 배송 48/48 | 재적재  7 | 중계율 0.18 | alpha 2.551 | complete
Ep 180 | 드론4 목적지61 | 1000스텝 | 배송 50/61 | 재적재  8 | 중계율 0.20 | alpha 2.520 | step_limit
Ep 181 | 드론3 목적지80 | 1000스텝 | 배송 60/80 | 재적재 10 | 중계율 0.27 | alpha 2.501 | step_limit
Ep 182 | 드론5 목적지31 |  389스텝 | 배송 31/31 | 재적재  4 | 중계율 0.17 | alpha 2.496 | complete
Ep 183 | 드론4 목적지53 | 1000스텝 | 배송 50/53 | 재적재  9 | 중계율 0.17 | alpha 2.485 | step_limit
Ep 184 | 드론4 목적지64 | 1000스텝 | 배송 50/64 | 재적재  8 | 중계율 0.20 | alpha 2.477 | step_limit
Ep 185 | 드론3 목적지49 |  904스텝 | 배송 49/49 | 재적재  9 | 중계율 0.13 | alpha 2.484 | complete
Ep 186 | 드론5 목적지47 |  612스텝 | 배송 47/47 | 재적재  8 | 중계율 0.16 | alpha 2.472 | complete
Ep 187 | 드론5 목적지59 |  688스텝 | 배송 59/59 | 재적재 10 | 중계율 0.18 | alpha 2.482 | complete
Ep 188 | 드론3 목적지33 |  876스텝 | 배송 33/33 | 재적재  5 | 중계율 0.22 | alpha 2.504 | complete
Ep 189 | 드론6 목적지35 |  339스텝 | 배송 35/35 | 재적재  6 | 중계율 0.11 | alpha 2.499 | complete
Ep 190 | 드론3 목적지30 |  636스텝 | 배송 30/30 | 재적재  5 | 중계율 0.19 | alpha 2.462 | complete
Ep 191 | 드론4 목적지70 |  963스텝 | 배송 70/70 | 재적재 11 | 중계율 0.18 | alpha 2.479 | complete
Ep 192 | 드론5 목적지36 |  354스텝 | 배송 36/36 | 재적재  5 | 중계율 0.09 | alpha 2.485 | complete
Ep 193 | 드론3 목적지54 | 1000스텝 | 배송 52/54 | 재적재 10 | 중계율 0.25 | alpha 2.458 | step_limit
Ep 194 | 드론4 목적지76 | 1000스텝 | 배송 67/76 | 재적재 11 | 중계율 0.21 | alpha 2.485 | step_limit
Ep 195 | 드론5 목적지74 | 1000스텝 | 배송 60/74 | 재적재  8 | 중계율 0.27 | alpha 2.498 | step_limit
Ep 196 | 드론6 목적지70 |  945스텝 | 배송 70/70 | 재적재 13 | 중계율 0.17 | alpha 2.486 | complete
Ep 197 | 드론4 목적지34 |  831스텝 | 배송 34/34 | 재적재  5 | 중계율 0.20 | alpha 2.497 | complete
Ep 198 | 드론3 목적지33 |  954스텝 | 배송 33/33 | 재적재  6 | 중계율 0.24 | alpha 2.542 | complete
Ep 199 | 드론6 목적지46 |  346스텝 | 배송 46/46 | 재적재  6 | 중계율 0.11 | alpha 2.541 | complete
Ep 200 | 드론6 목적지42 |  334스텝 | 배송 42/42 | 재적재  5 | 중계율 0.10 | alpha 2.542 | complete
  [홀드아웃] 배송 50.0±0.3 완주 0.97 스텝 1207 점수 103.5 재적재 8.4 2홉+ 0.65 | 최고 106.5@ep50 정체 3/15
Ep 201 | 드론6 목적지51 |  486스텝 | 배송 51/51 | 재적재  9 | 중계율 0.13 | alpha 2.547 | complete
Ep 202 | 드론5 목적지32 |  373스텝 | 배송 32/32 | 재적재  4 | 중계율 0.19 | alpha 2.534 | complete
Ep 203 | 드론5 목적지30 |  583스텝 | 배송 30/30 | 재적재  4 | 중계율 0.25 | alpha 2.491 | complete
Ep 204 | 드론6 목적지73 |  622스텝 | 배송 73/73 | 재적재 12 | 중계율 0.16 | alpha 2.481 | complete
Ep 205 | 드론3 목적지44 |  880스텝 | 배송 44/44 | 재적재  8 | 중계율 0.17 | alpha 2.458 | complete
Ep 206 | 드론3 목적지26 |  605스텝 | 배송 26/26 | 재적재  4 | 중계율 0.17 | alpha 2.445 | complete
Ep 207 | 드론5 목적지40 |  661스텝 | 배송 40/40 | 재적재  7 | 중계율 0.13 | alpha 2.408 | complete
Ep 208 | 드론6 목적지35 |  430스텝 | 배송 35/35 | 재적재  5 | 중계율 0.15 | alpha 2.398 | complete
Ep 209 | 드론6 목적지75 |  553스텝 | 배송 75/75 | 재적재 12 | 중계율 0.08 | alpha 2.371 | complete
Ep 210 | 드론6 목적지56 |  494스텝 | 배송 56/56 | 재적재  7 | 중계율 0.16 | alpha 2.377 | complete
Ep 211 | 드론3 목적지26 |  505스텝 | 배송 26/26 | 재적재  4 | 중계율 0.15 | alpha 2.354 | complete
Ep 212 | 드론3 목적지58 |  955스텝 | 배송 58/58 | 재적재 11 | 중계율 0.17 | alpha 2.320 | complete
Ep 213 | 드론3 목적지44 |  935스텝 | 배송 44/44 | 재적재  7 | 중계율 0.21 | alpha 2.314 | complete
Ep 214 | 드론3 목적지56 | 1000스텝 | 배송 55/56 | 재적재 10 | 중계율 0.16 | alpha 2.307 | step_limit
Ep 215 | 드론4 목적지64 |  922스텝 | 배송 64/64 | 재적재 11 | 중계율 0.16 | alpha 2.314 | complete
Ep 216 | 드론5 목적지40 |  359스텝 | 배송 40/40 | 재적재  5 | 중계율 0.13 | alpha 2.320 | complete
Ep 217 | 드론6 목적지41 |  331스텝 | 배송 41/41 | 재적재  6 | 중계율 0.11 | alpha 2.321 | complete
Ep 218 | 드론3 목적지31 |  721스텝 | 배송 31/31 | 재적재  5 | 중계율 0.20 | alpha 2.318 | complete
Ep 219 | 드론4 목적지80 | 1000스텝 | 배송 74/80 | 재적재 14 | 중계율 0.18 | alpha 2.304 | step_limit
Ep 220 | 드론4 목적지53 |  719스텝 | 배송 53/53 | 재적재  9 | 중계율 0.17 | alpha 2.304 | complete
Ep 221 | 드론6 목적지72 |  514스텝 | 배송 72/72 | 재적재 13 | 중계율 0.11 | alpha 2.341 | complete
Ep 222 | 드론3 목적지27 | 1000스텝 | 배송 26/27 | 재적재  3 | 중계율 0.27 | alpha 2.360 | step_limit
Ep 223 | 드론6 목적지22 |  221스텝 | 배송 22/22 | 재적재  0 | 중계율 0.14 | alpha 2.366 | complete
Ep 224 | 드론4 목적지62 |  997스텝 | 배송 62/62 | 재적재 11 | 중계율 0.20 | alpha 2.392 | complete
Ep 225 | 드론5 목적지58 |  660스텝 | 배송 58/58 | 재적재  9 | 중계율 0.10 | alpha 2.416 | complete
Ep 226 | 드론6 목적지37 |  391스텝 | 배송 37/37 | 재적재  5 | 중계율 0.16 | alpha 2.412 | complete
Ep 227 | 드론3 목적지49 |  952스텝 | 배송 49/49 | 재적재  8 | 중계율 0.19 | alpha 2.406 | complete
Ep 228 | 드론5 목적지72 |  779스텝 | 배송 72/72 | 재적재 13 | 중계율 0.14 | alpha 2.368 | complete
Ep 229 | 드론3 목적지77 | 1000스텝 | 배송 60/77 | 재적재  9 | 중계율 0.23 | alpha 2.364 | step_limit
Ep 230 | 드론6 목적지53 |  503스텝 | 배송 53/53 | 재적재 10 | 중계율 0.13 | alpha 2.361 | complete
Ep 231 | 드론5 목적지56 |  972스텝 | 배송 56/56 | 재적재  8 | 중계율 0.24 | alpha 2.352 | complete
Ep 232 | 드론3 목적지28 |  660스텝 | 배송 28/28 | 재적재  5 | 중계율 0.22 | alpha 2.375 | complete
Ep 233 | 드론5 목적지40 |  739스텝 | 배송 40/40 | 재적재  6 | 중계율 0.25 | alpha 2.396 | complete
Ep 234 | 드론5 목적지29 |  513스텝 | 배송 29/29 | 재적재  3 | 중계율 0.14 | alpha 2.401 | complete
Ep 235 | 드론6 목적지69 |  595스텝 | 배송 69/69 | 재적재 11 | 중계율 0.12 | alpha 2.404 | complete
Ep 236 | 드론4 목적지30 |  968스텝 | 배송 30/30 | 재적재  4 | 중계율 0.28 | alpha 2.389 | complete
Ep 237 | 드론5 목적지24 |  333스텝 | 배송 24/24 | 재적재  2 | 중계율 0.19 | alpha 2.376 | complete
Ep 238 | 드론5 목적지21 |  234스텝 | 배송 21/21 | 재적재  1 | 중계율 0.13 | alpha 2.379 | complete
Ep 239 | 드론5 목적지60 | 1000스텝 | 배송 57/60 | 재적재 10 | 중계율 0.21 | alpha 2.377 | step_limit
Ep 240 | 드론6 목적지58 |  472스텝 | 배송 58/58 | 재적재 10 | 중계율 0.13 | alpha 2.384 | complete
Ep 241 | 드론3 목적지26 |  450스텝 | 배송 26/26 | 재적재  4 | 중계율 0.12 | alpha 2.397 | complete
Ep 242 | 드론4 목적지43 |  753스텝 | 배송 43/43 | 재적재  8 | 중계율 0.18 | alpha 2.362 | complete
Ep 243 | 드론5 목적지55 |  862스텝 | 배송 55/55 | 재적재  8 | 중계율 0.17 | alpha 2.337 | complete
Ep 244 | 드론6 목적지48 |  382스텝 | 배송 48/48 | 재적재  7 | 중계율 0.10 | alpha 2.326 | complete
Ep 245 | 드론6 목적지67 |  638스텝 | 배송 67/67 | 재적재 11 | 중계율 0.14 | alpha 2.324 | complete
Ep 246 | 드론4 목적지65 | 1000스텝 | 배송 60/65 | 재적재 10 | 중계율 0.18 | alpha 2.344 | step_limit
Ep 247 | 드론6 목적지49 |  566스텝 | 배송 49/49 | 재적재  9 | 중계율 0.16 | alpha 2.351 | complete
Ep 248 | 드론3 목적지41 | 1000스텝 | 배송 35/41 | 재적재  5 | 중계율 0.21 | alpha 2.336 | step_limit
Ep 249 | 드론5 목적지26 |  273스텝 | 배송 26/26 | 재적재  2 | 중계율 0.06 | alpha 2.328 | complete
Ep 250 | 드론5 목적지43 |  464스텝 | 배송 43/43 | 재적재  6 | 중계율 0.15 | alpha 2.338 | complete
  [홀드아웃] 배송 49.8±1.6 완주 0.97 스텝 1132 점수 103.7 재적재 8.5 2홉+ 0.64 | 최고 106.5@ep50 정체 4/15
Ep 251 | 드론5 목적지71 |  695스텝 | 배송 71/71 | 재적재 12 | 중계율 0.16 | alpha 2.340 | complete
Ep 252 | 드론3 목적지48 | 1000스텝 | 배송 36/48 | 재적재  6 | 중계율 0.24 | alpha 2.348 | step_limit
Ep 253 | 드론4 목적지30 |  544스텝 | 배송 30/30 | 재적재  5 | 중계율 0.14 | alpha 2.357 | complete
Ep 254 | 드론5 목적지26 |  515스텝 | 배송 26/26 | 재적재  4 | 중계율 0.19 | alpha 2.324 | complete
Ep 255 | 드론6 목적지69 |  996스텝 | 배송 69/69 | 재적재 12 | 중계율 0.16 | alpha 2.280 | complete
Ep 256 | 드론6 목적지33 |  408스텝 | 배송 33/33 | 재적재  4 | 중계율 0.17 | alpha 2.278 | complete
Ep 257 | 드론4 목적지55 | 1000스텝 | 배송 45/55 | 재적재  5 | 중계율 0.28 | alpha 2.307 | step_limit
Ep 258 | 드론5 목적지36 |  575스텝 | 배송 36/36 | 재적재  6 | 중계율 0.23 | alpha 2.317 | complete
Ep 259 | 드론4 목적지79 | 1000스텝 | 배송 78/79 | 재적재 14 | 중계율 0.15 | alpha 2.296 | step_limit
Ep 260 | 드론3 목적지41 |  850스텝 | 배송 41/41 | 재적재  7 | 중계율 0.21 | alpha 2.276 | complete
Ep 261 | 드론6 목적지21 |  203스텝 | 배송 21/21 | 재적재  0 | 중계율 0.15 | alpha 2.271 | complete
Ep 262 | 드론3 목적지43 | 1000스텝 | 배송 42/43 | 재적재  6 | 중계율 0.23 | alpha 2.261 | step_limit
Ep 263 | 드론5 목적지21 |  276스텝 | 배송 21/21 | 재적재  1 | 중계율 0.21 | alpha 2.257 | complete
Ep 264 | 드론6 목적지50 |  725스텝 | 배송 50/50 | 재적재  7 | 중계율 0.18 | alpha 2.252 | complete
Ep 265 | 드론3 목적지35 |  850스텝 | 배송 35/35 | 재적재  5 | 중계율 0.26 | alpha 2.226 | complete
Ep 266 | 드론4 목적지54 |  896스텝 | 배송 54/54 | 재적재 10 | 중계율 0.19 | alpha 2.210 | complete
Ep 267 | 드론5 목적지46 |  457스텝 | 배송 46/46 | 재적재  7 | 중계율 0.12 | alpha 2.215 | complete
Ep 268 | 드론3 목적지33 |  713스텝 | 배송 33/33 | 재적재  5 | 중계율 0.22 | alpha 2.255 | complete
Ep 269 | 드론3 목적지42 |  959스텝 | 배송 42/42 | 재적재  7 | 중계율 0.24 | alpha 2.279 | complete
Ep 270 | 드론4 목적지45 | 1000스텝 | 배송 42/45 | 재적재  7 | 중계율 0.21 | alpha 2.278 | step_limit
Ep 271 | 드론5 목적지37 |  638스텝 | 배송 37/37 | 재적재  6 | 중계율 0.13 | alpha 2.293 | complete
Ep 272 | 드론3 목적지47 | 1000스텝 | 배송 46/47 | 재적재  8 | 중계율 0.17 | alpha 2.289 | step_limit
Ep 273 | 드론6 목적지76 |  704스텝 | 배송 76/76 | 재적재 14 | 중계율 0.13 | alpha 2.257 | complete
Ep 274 | 드론6 목적지29 |  511스텝 | 배송 29/29 | 재적재  4 | 중계율 0.21 | alpha 2.251 | complete
Ep 275 | 드론4 목적지78 | 1000스텝 | 배송 74/78 | 재적재 12 | 중계율 0.23 | alpha 2.276 | step_limit
Ep 276 | 드론5 목적지49 |  619스텝 | 배송 49/49 | 재적재  7 | 중계율 0.15 | alpha 2.275 | complete
Ep 277 | 드론3 목적지67 | 1000스텝 | 배송 58/67 | 재적재 11 | 중계율 0.18 | alpha 2.305 | step_limit
Ep 278 | 드론4 목적지30 |  670스텝 | 배송 30/30 | 재적재  5 | 중계율 0.19 | alpha 2.297 | complete
Ep 279 | 드론6 목적지44 |  350스텝 | 배송 44/44 | 재적재  5 | 중계율 0.09 | alpha 2.288 | complete
Ep 280 | 드론4 목적지32 |  573스텝 | 배송 32/32 | 재적재  4 | 중계율 0.15 | alpha 2.285 | complete
Ep 281 | 드론4 목적지36 |  689스텝 | 배송 36/36 | 재적재  6 | 중계율 0.17 | alpha 2.277 | complete
Ep 282 | 드론4 목적지56 |  923스텝 | 배송 56/56 | 재적재  9 | 중계율 0.19 | alpha 2.256 | complete
Ep 283 | 드론4 목적지75 |  875스텝 | 배송 75/75 | 재적재 13 | 중계율 0.13 | alpha 2.272 | complete
Ep 284 | 드론5 목적지21 |  172스텝 | 배송 21/21 | 재적재  1 | 중계율 0.11 | alpha 2.269 | complete
Ep 285 | 드론6 목적지72 |  582스텝 | 배송 72/72 | 재적재 12 | 중계율 0.15 | alpha 2.284 | complete
Ep 286 | 드론6 목적지78 |  618스텝 | 배송 78/78 | 재적재 14 | 중계율 0.11 | alpha 2.280 | complete
Ep 287 | 드론3 목적지39 |  777스텝 | 배송 39/39 | 재적재  6 | 중계율 0.13 | alpha 2.246 | complete
Ep 288 | 드론4 목적지39 |  655스텝 | 배송 39/39 | 재적재  6 | 중계율 0.14 | alpha 2.250 | complete
Ep 289 | 드론3 목적지49 | 1000스텝 | 배송 47/49 | 재적재  8 | 중계율 0.17 | alpha 2.227 | step_limit
Ep 290 | 드론4 목적지29 |  492스텝 | 배송 29/29 | 재적재  3 | 중계율 0.13 | alpha 2.239 | complete
Ep 291 | 드론5 목적지68 |  684스텝 | 배송 68/68 | 재적재 11 | 중계율 0.12 | alpha 2.244 | complete
Ep 292 | 드론3 목적지69 | 1000스텝 | 배송 61/69 | 재적재 11 | 중계율 0.14 | alpha 2.261 | step_limit
Ep 293 | 드론3 목적지38 | 1000스텝 | 배송 36/38 | 재적재  6 | 중계율 0.20 | alpha 2.262 | step_limit
Ep 294 | 드론5 목적지41 |  633스텝 | 배송 41/41 | 재적재  6 | 중계율 0.17 | alpha 2.269 | complete
Ep 295 | 드론4 목적지35 |  735스텝 | 배송 35/35 | 재적재  6 | 중계율 0.23 | alpha 2.252 | complete
Ep 296 | 드론6 목적지49 |  382스텝 | 배송 49/49 | 재적재  6 | 중계율 0.09 | alpha 2.252 | complete
Ep 297 | 드론4 목적지78 | 1000스텝 | 배송 78/78 | 재적재 14 | 중계율 0.17 | alpha 2.266 | complete
Ep 298 | 드론4 목적지73 |  990스텝 | 배송 73/73 | 재적재 13 | 중계율 0.18 | alpha 2.251 | complete
Ep 299 | 드론6 목적지75 |  642스텝 | 배송 75/75 | 재적재 13 | 중계율 0.12 | alpha 2.243 | complete
Ep 300 | 드론4 목적지39 |  675스텝 | 배송 39/39 | 재적재  7 | 중계율 0.17 | alpha 2.240 | complete
  [홀드아웃] 배송 50.0±0.0 완주 1.00 스텝 1188 점수 106.0 재적재 8.5 2홉+ 0.65 | 최고 106.5@ep50 정체 5/15
Ep 301 | 드론3 목적지69 | 1000스텝 | 배송 48/69 | 재적재  8 | 중계율 0.17 | alpha 2.270 | step_limit
Ep 302 | 드론6 목적지60 |  731스텝 | 배송 60/60 | 재적재  9 | 중계율 0.16 | alpha 2.256 | complete
Ep 303 | 드론4 목적지74 | 1000스텝 | 배송 69/74 | 재적재 13 | 중계율 0.18 | alpha 2.260 | step_limit
Ep 304 | 드론4 목적지25 |  407스텝 | 배송 25/25 | 재적재  4 | 중계율 0.09 | alpha 2.284 | complete
Ep 305 | 드론3 목적지75 | 1000스텝 | 배송 54/75 | 재적재  9 | 중계율 0.21 | alpha 2.316 | step_limit
Ep 306 | 드론4 목적지29 |  444스텝 | 배송 29/29 | 재적재  4 | 중계율 0.19 | alpha 2.316 | complete
Ep 307 | 드론6 목적지29 |  256스텝 | 배송 29/29 | 재적재  4 | 중계율 0.11 | alpha 2.325 | complete
Ep 308 | 드론6 목적지35 |  322스텝 | 배송 35/35 | 재적재  5 | 중계율 0.06 | alpha 2.314 | complete
Ep 309 | 드론5 목적지37 |  526스텝 | 배송 37/37 | 재적재  5 | 중계율 0.22 | alpha 2.344 | complete
Ep 310 | 드론3 목적지74 | 1000스텝 | 배송 59/74 | 재적재 11 | 중계율 0.15 | alpha 2.311 | step_limit
Ep 311 | 드론6 목적지42 |  452스텝 | 배송 42/42 | 재적재  5 | 중계율 0.15 | alpha 2.297 | complete
Ep 312 | 드론6 목적지73 |  895스텝 | 배송 73/73 | 재적재 12 | 중계율 0.19 | alpha 2.269 | complete
Ep 313 | 드론4 목적지34 | 1000스텝 | 배송 30/34 | 재적재  5 | 중계율 0.29 | alpha 2.297 | step_limit
Ep 314 | 드론3 목적지26 |  831스텝 | 배송 26/26 | 재적재  4 | 중계율 0.23 | alpha 2.334 | complete
Ep 315 | 드론6 목적지20 |  471스텝 | 배송 20/20 | 재적재  1 | 중계율 0.16 | alpha 2.335 | complete
Ep 316 | 드론5 목적지24 |  385스텝 | 배송 24/24 | 재적재  2 | 중계율 0.10 | alpha 2.344 | complete
Ep 317 | 드론6 목적지23 |  350스텝 | 배송 23/23 | 재적재  2 | 중계율 0.18 | alpha 2.326 | complete
Ep 318 | 드론3 목적지45 | 1000스텝 | 배송 40/45 | 재적재  6 | 중계율 0.23 | alpha 2.335 | step_limit
Ep 319 | 드론6 목적지52 |  755스텝 | 배송 52/52 | 재적재  7 | 중계율 0.14 | alpha 2.321 | complete
Ep 320 | 드론4 목적지25 |  419스텝 | 배송 25/25 | 재적재  4 | 중계율 0.16 | alpha 2.308 | complete
Ep 321 | 드론3 목적지34 |  917스텝 | 배송 34/34 | 재적재  5 | 중계율 0.20 | alpha 2.323 | complete
Ep 322 | 드론3 목적지33 |  733스텝 | 배송 33/33 | 재적재  4 | 중계율 0.15 | alpha 2.292 | complete
Ep 323 | 드론3 목적지35 |  763스텝 | 배송 35/35 | 재적재  6 | 중계율 0.20 | alpha 2.274 | complete
Ep 324 | 드론5 목적지70 |  763스텝 | 배송 70/70 | 재적재 11 | 중계율 0.15 | alpha 2.268 | complete
Ep 325 | 드론3 목적지43 | 1000스텝 | 배송 38/43 | 재적재  7 | 중계율 0.15 | alpha 2.267 | step_limit
Ep 326 | 드론5 목적지42 |  756스텝 | 배송 42/42 | 재적재  6 | 중계율 0.19 | alpha 2.266 | complete
Ep 327 | 드론6 목적지62 |  498스텝 | 배송 62/62 | 재적재 11 | 중계율 0.13 | alpha 2.244 | complete
Ep 328 | 드론3 목적지53 | 1000스텝 | 배송 44/53 | 재적재  8 | 중계율 0.17 | alpha 2.243 | step_limit
Ep 329 | 드론5 목적지31 |  347스텝 | 배송 31/31 | 재적재  4 | 중계율 0.14 | alpha 2.249 | complete
Ep 330 | 드론4 목적지65 |  871스텝 | 배송 65/65 | 재적재 11 | 중계율 0.19 | alpha 2.271 | complete
Ep 331 | 드론3 목적지25 |  925스텝 | 배송 25/25 | 재적재  4 | 중계율 0.18 | alpha 2.256 | complete
Ep 332 | 드론3 목적지79 | 1000스텝 | 배송 64/79 | 재적재 10 | 중계율 0.23 | alpha 2.270 | step_limit
Ep 333 | 드론4 목적지37 |  897스텝 | 배송 37/37 | 재적재  6 | 중계율 0.21 | alpha 2.275 | complete
Ep 334 | 드론3 목적지72 | 1000스텝 | 배송 63/72 | 재적재 12 | 중계율 0.17 | alpha 2.271 | step_limit
Ep 335 | 드론4 목적지23 |  331스텝 | 배송 23/23 | 재적재  3 | 중계율 0.17 | alpha 2.282 | complete
Ep 336 | 드론4 목적지57 | 1000스텝 | 배송 53/57 | 재적재  9 | 중계율 0.24 | alpha 2.271 | step_limit
Ep 337 | 드론4 목적지76 | 1000스텝 | 배송 67/76 | 재적재 11 | 중계율 0.23 | alpha 2.277 | step_limit
Ep 338 | 드론3 목적지30 |  888스텝 | 배송 30/30 | 재적재  5 | 중계율 0.23 | alpha 2.276 | complete
Ep 339 | 드론5 목적지73 |  719스텝 | 배송 73/73 | 재적재 13 | 중계율 0.08 | alpha 2.271 | complete
Ep 340 | 드론6 목적지34 |  336스텝 | 배송 34/34 | 재적재  4 | 중계율 0.09 | alpha 2.266 | complete
Ep 341 | 드론5 목적지26 |  523스텝 | 배송 26/26 | 재적재  3 | 중계율 0.22 | alpha 2.248 | complete
Ep 342 | 드론3 목적지46 |  822스텝 | 배송 46/46 | 재적재  8 | 중계율 0.18 | alpha 2.279 | complete
Ep 343 | 드론3 목적지50 | 1000스텝 | 배송 46/50 | 재적재  9 | 중계율 0.25 | alpha 2.307 | step_limit
Ep 344 | 드론5 목적지28 |  273스텝 | 배송 28/28 | 재적재  4 | 중계율 0.10 | alpha 2.299 | complete
Ep 345 | 드론5 목적지61 |  842스텝 | 배송 61/61 | 재적재  9 | 중계율 0.25 | alpha 2.298 | complete
Ep 346 | 드론3 목적지29 |  723스텝 | 배송 29/29 | 재적재  4 | 중계율 0.28 | alpha 2.298 | complete
Ep 347 | 드론3 목적지42 |  978스텝 | 배송 26/42 | 재적재  4 | 중계율 0.25 | alpha 2.327 | no_progress
Ep 348 | 드론5 목적지53 |  505스텝 | 배송 53/53 | 재적재  9 | 중계율 0.09 | alpha 2.312 | complete
Ep 349 | 드론4 목적지62 | 1000스텝 | 배송 56/62 | 재적재  8 | 중계율 0.21 | alpha 2.282 | step_limit
Ep 350 | 드론4 목적지79 | 1000스텝 | 배송 77/79 | 재적재 14 | 중계율 0.19 | alpha 2.279 | step_limit
  [홀드아웃] 배송 50.0±0.0 완주 1.00 스텝 1042 점수 106.5 재적재 8.4 2홉+ 0.63 | 최고 106.5@ep50 정체 6/15
Ep 351 | 드론5 목적지65 |  897스텝 | 배송 65/65 | 재적재 11 | 중계율 0.17 | alpha 2.254 | complete
Ep 352 | 드론5 목적지36 |  516스텝 | 배송 36/36 | 재적재  4 | 중계율 0.14 | alpha 2.246 | complete
Ep 353 | 드론4 목적지62 |  863스텝 | 배송 62/62 | 재적재 11 | 중계율 0.14 | alpha 2.218 | complete
Ep 354 | 드론5 목적지35 |  363스텝 | 배송 35/35 | 재적재  5 | 중계율 0.10 | alpha 2.203 | complete
Ep 355 | 드론4 목적지24 |  417스텝 | 배송 24/24 | 재적재  3 | 중계율 0.13 | alpha 2.194 | complete
Ep 356 | 드론5 목적지62 |  942스텝 | 배송 62/62 | 재적재 10 | 중계율 0.23 | alpha 2.189 | complete
Ep 357 | 드론3 목적지21 |  546스텝 | 배송 21/21 | 재적재  3 | 중계율 0.24 | alpha 2.196 | complete
Ep 358 | 드론5 목적지26 |  480스텝 | 배송 26/26 | 재적재  3 | 중계율 0.12 | alpha 2.234 | complete
Ep 359 | 드론3 목적지52 | 1000스텝 | 배송 48/52 | 재적재  9 | 중계율 0.24 | alpha 2.245 | step_limit
Ep 360 | 드론6 목적지52 |  734스텝 | 배송 52/52 | 재적재  8 | 중계율 0.19 | alpha 2.252 | complete
Ep 361 | 드론4 목적지40 |  674스텝 | 배송 40/40 | 재적재  7 | 중계율 0.17 | alpha 2.248 | complete
Ep 362 | 드론6 목적지52 |  602스텝 | 배송 52/52 | 재적재  9 | 중계율 0.19 | alpha 2.259 | complete
Ep 363 | 드론6 목적지64 |  768스텝 | 배송 64/64 | 재적재  9 | 중계율 0.19 | alpha 2.250 | complete
Ep 364 | 드론3 목적지64 | 1000스텝 | 배송 55/64 | 재적재  9 | 중계율 0.20 | alpha 2.223 | step_limit
Ep 365 | 드론5 목적지69 |  808스텝 | 배송 69/69 | 재적재 12 | 중계율 0.17 | alpha 2.210 | complete
Ep 366 | 드론6 목적지61 |  447스텝 | 배송 61/61 | 재적재 11 | 중계율 0.08 | alpha 2.229 | complete
Ep 367 | 드론4 목적지53 |  593스텝 | 배송 53/53 | 재적재  9 | 중계율 0.06 | alpha 2.219 | complete
Ep 368 | 드론6 목적지73 |  529스텝 | 배송 73/73 | 재적재 12 | 중계율 0.06 | alpha 2.234 | complete
Ep 369 | 드론5 목적지30 |  380스텝 | 배송 30/30 | 재적재  4 | 중계율 0.11 | alpha 2.239 | complete
Ep 370 | 드론3 목적지71 | 1000스텝 | 배송 69/71 | 재적재 13 | 중계율 0.17 | alpha 2.250 | step_limit
Ep 371 | 드론4 목적지54 |  804스텝 | 배송 54/54 | 재적재 10 | 중계율 0.15 | alpha 2.272 | complete
Ep 372 | 드론6 목적지80 |  680스텝 | 배송 80/80 | 재적재 12 | 중계율 0.12 | alpha 2.268 | complete
Ep 373 | 드론3 목적지41 |  954스텝 | 배송 41/41 | 재적재  6 | 중계율 0.23 | alpha 2.237 | complete
Ep 374 | 드론3 목적지67 | 1000스텝 | 배송 50/67 | 재적재  8 | 중계율 0.16 | alpha 2.222 | step_limit
Ep 375 | 드론4 목적지62 | 1000스텝 | 배송 50/62 | 재적재  8 | 중계율 0.20 | alpha 2.231 | step_limit
Ep 376 | 드론5 목적지72 |  834스텝 | 배송 72/72 | 재적재 13 | 중계율 0.18 | alpha 2.214 | complete
Ep 377 | 드론6 목적지63 |  589스텝 | 배송 63/63 | 재적재  9 | 중계율 0.17 | alpha 2.223 | complete
Ep 378 | 드론5 목적지74 |  676스텝 | 배송 74/74 | 재적재 13 | 중계율 0.12 | alpha 2.228 | complete
Ep 379 | 드론4 목적지77 |  855스텝 | 배송 77/77 | 재적재 14 | 중계율 0.19 | alpha 2.227 | complete
Ep 380 | 드론4 목적지73 |  936스텝 | 배송 73/73 | 재적재 13 | 중계율 0.13 | alpha 2.230 | complete
Ep 381 | 드론5 목적지20 |  243스텝 | 배송 20/20 | 재적재  2 | 중계율 0.14 | alpha 2.237 | complete
Ep 382 | 드론3 목적지75 | 1000스텝 | 배송 56/75 | 재적재 11 | 중계율 0.21 | alpha 2.248 | step_limit
Ep 383 | 드론4 목적지52 |  882스텝 | 배송 52/52 | 재적재  9 | 중계율 0.17 | alpha 2.246 | complete
Ep 384 | 드론3 목적지77 | 1000스텝 | 배송 67/77 | 재적재 12 | 중계율 0.15 | alpha 2.256 | step_limit
Ep 385 | 드론3 목적지62 | 1000스텝 | 배송 54/62 | 재적재 10 | 중계율 0.20 | alpha 2.281 | step_limit
Ep 386 | 드론4 목적지80 | 1000스텝 | 배송 67/80 | 재적재 12 | 중계율 0.21 | alpha 2.280 | step_limit
Ep 387 | 드론4 목적지31 |  460스텝 | 배송 31/31 | 재적재  4 | 중계율 0.14 | alpha 2.266 | complete
Ep 388 | 드론4 목적지33 |  626스텝 | 배송 33/33 | 재적재  6 | 중계율 0.20 | alpha 2.272 | complete
Ep 389 | 드론5 목적지72 | 1000스텝 | 배송 67/72 | 재적재 12 | 중계율 0.21 | alpha 2.258 | step_limit
Ep 390 | 드론5 목적지71 |  762스텝 | 배송 71/71 | 재적재 13 | 중계율 0.12 | alpha 2.280 | complete
Ep 391 | 드론5 목적지50 |  487스텝 | 배송 50/50 | 재적재  8 | 중계율 0.10 | alpha 2.260 | complete
Ep 392 | 드론6 목적지71 |  498스텝 | 배송 71/71 | 재적재 12 | 중계율 0.08 | alpha 2.267 | complete
Ep 393 | 드론6 목적지21 |  205스텝 | 배송 21/21 | 재적재  0 | 중계율 0.16 | alpha 2.265 | complete
Ep 394 | 드론6 목적지60 |  857스텝 | 배송 60/60 | 재적재 10 | 중계율 0.17 | alpha 2.250 | complete
Ep 395 | 드론5 목적지55 |  590스텝 | 배송 55/55 | 재적재  9 | 중계율 0.08 | alpha 2.248 | complete
Ep 396 | 드론5 목적지71 |  734스텝 | 배송 71/71 | 재적재 12 | 중계율 0.08 | alpha 2.272 | complete
Ep 397 | 드론4 목적지36 |  455스텝 | 배송 36/36 | 재적재  5 | 중계율 0.15 | alpha 2.272 | complete
Ep 398 | 드론4 목적지52 |  699스텝 | 배송 52/52 | 재적재  9 | 중계율 0.15 | alpha 2.266 | complete
Ep 399 | 드론3 목적지46 |  865스텝 | 배송 46/46 | 재적재  8 | 중계율 0.12 | alpha 2.250 | complete
Ep 400 | 드론4 목적지34 |  516스텝 | 배송 34/34 | 재적재  5 | 중계율 0.20 | alpha 2.254 | complete
  [홀드아웃] 배송 50.0±0.0 완주 1.00 스텝 1067 점수 106.4 재적재 8.4 2홉+ 0.63 | 최고 106.5@ep50 정체 7/15
Ep 401 | 드론3 목적지38 | 1000스텝 | 배송 34/38 | 재적재  6 | 중계율 0.25 | alpha 2.244 | step_limit
Ep 402 | 드론5 목적지36 |  774스텝 | 배송 36/36 | 재적재  4 | 중계율 0.15 | alpha 2.225 | complete
Ep 403 | 드론4 목적지73 |  946스텝 | 배송 50/73 | 재적재  9 | 중계율 0.12 | alpha 2.241 | no_progress
Ep 404 | 드론5 목적지70 |  796스텝 | 배송 70/70 | 재적재 12 | 중계율 0.18 | alpha 2.257 | complete
Ep 405 | 드론3 목적지25 |  578스텝 | 배송 25/25 | 재적재  4 | 중계율 0.17 | alpha 2.231 | complete
Ep 406 | 드론6 목적지58 |  729스텝 | 배송 58/58 | 재적재  9 | 중계율 0.19 | alpha 2.233 | complete
Ep 407 | 드론5 목적지70 |  740스텝 | 배송 70/70 | 재적재 13 | 중계율 0.16 | alpha 2.241 | complete
Ep 408 | 드론4 목적지40 |  540스텝 | 배송 40/40 | 재적재  6 | 중계율 0.12 | alpha 2.259 | complete
Ep 409 | 드론3 목적지30 |  538스텝 | 배송 30/30 | 재적재  5 | 중계율 0.20 | alpha 2.263 | complete
Ep 410 | 드론3 목적지63 | 1000스텝 | 배송 53/63 | 재적재 10 | 중계율 0.19 | alpha 2.263 | step_limit
Ep 411 | 드론3 목적지48 | 1000스텝 | 배송 44/48 | 재적재  8 | 중계율 0.18 | alpha 2.270 | step_limit
Ep 412 | 드론5 목적지34 |  605스텝 | 배송 34/34 | 재적재  6 | 중계율 0.13 | alpha 2.274 | complete
Ep 413 | 드론4 목적지22 |  481스텝 | 배송 22/22 | 재적재  2 | 중계율 0.23 | alpha 2.297 | complete
Ep 414 | 드론3 목적지51 | 1000스텝 | 배송 50/51 | 재적재  9 | 중계율 0.26 | alpha 2.316 | step_limit
Ep 415 | 드론6 목적지45 |  560스텝 | 배송 45/45 | 재적재  6 | 중계율 0.18 | alpha 2.333 | complete
Ep 416 | 드론4 목적지60 | 1000스텝 | 배송 56/60 | 재적재 10 | 중계율 0.19 | alpha 2.350 | step_limit
Ep 417 | 드론3 목적지43 |  978스텝 | 배송 43/43 | 재적재  8 | 중계율 0.22 | alpha 2.336 | complete
Ep 418 | 드론5 목적지75 |  998스텝 | 배송 75/75 | 재적재 13 | 중계율 0.19 | alpha 2.358 | complete
Ep 419 | 드론6 목적지60 |  516스텝 | 배송 60/60 | 재적재 10 | 중계율 0.16 | alpha 2.355 | complete
Ep 420 | 드론3 목적지22 |  672스텝 | 배송 22/22 | 재적재  3 | 중계율 0.26 | alpha 2.321 | complete
Ep 421 | 드론5 목적지40 | 1000스텝 | 배송 37/40 | 재적재  6 | 중계율 0.22 | alpha 2.339 | step_limit
Ep 422 | 드론6 목적지52 |  555스텝 | 배송 52/52 | 재적재  7 | 중계율 0.10 | alpha 2.351 | complete
Ep 423 | 드론4 목적지29 |  429스텝 | 배송 29/29 | 재적재  5 | 중계율 0.13 | alpha 2.340 | complete
Ep 424 | 드론4 목적지29 |  535스텝 | 배송 29/29 | 재적재  4 | 중계율 0.12 | alpha 2.336 | complete
Ep 425 | 드론3 목적지80 | 1000스텝 | 배송 65/80 | 재적재 11 | 중계율 0.20 | alpha 2.316 | step_limit
Ep 426 | 드론5 목적지78 |  822스텝 | 배송 78/78 | 재적재 14 | 중계율 0.12 | alpha 2.326 | complete
Ep 427 | 드론4 목적지46 |  874스텝 | 배송 46/46 | 재적재  8 | 중계율 0.25 | alpha 2.351 | complete
Ep 428 | 드론5 목적지72 |  690스텝 | 배송 72/72 | 재적재 12 | 중계율 0.13 | alpha 2.352 | complete
Ep 429 | 드론4 목적지72 | 1000스텝 | 배송 64/72 | 재적재 11 | 중계율 0.21 | alpha 2.343 | step_limit
Ep 430 | 드론3 목적지78 | 1000스텝 | 배송 59/78 | 재적재 10 | 중계율 0.17 | alpha 2.386 | step_limit
Ep 431 | 드론4 목적지23 |  343스텝 | 배송 23/23 | 재적재  3 | 중계율 0.24 | alpha 2.381 | complete
Ep 432 | 드론6 목적지41 |  324스텝 | 배송 41/41 | 재적재  5 | 중계율 0.07 | alpha 2.385 | complete
Ep 433 | 드론3 목적지66 | 1000스텝 | 배송 58/66 | 재적재 10 | 중계율 0.18 | alpha 2.342 | step_limit
Ep 434 | 드론5 목적지62 |  839스텝 | 배송 62/62 | 재적재 11 | 중계율 0.18 | alpha 2.322 | complete
Ep 435 | 드론3 목적지32 | 1000스텝 | 배송 29/32 | 재적재  4 | 중계율 0.29 | alpha 2.314 | step_limit
Ep 436 | 드론6 목적지65 |  569스텝 | 배송 65/65 | 재적재 11 | 중계율 0.11 | alpha 2.308 | complete
Ep 437 | 드론5 목적지61 |  687스텝 | 배송 61/61 | 재적재 10 | 중계율 0.11 | alpha 2.293 | complete
Ep 438 | 드론3 목적지37 |  880스텝 | 배송 37/37 | 재적재  6 | 중계율 0.16 | alpha 2.297 | complete
Ep 439 | 드론5 목적지49 |  526스텝 | 배송 49/49 | 재적재  8 | 중계율 0.17 | alpha 2.303 | complete
Ep 440 | 드론4 목적지42 |  657스텝 | 배송 42/42 | 재적재  7 | 중계율 0.17 | alpha 2.323 | complete
Ep 441 | 드론3 목적지54 | 1000스텝 | 배송 49/54 | 재적재  8 | 중계율 0.20 | alpha 2.310 | step_limit
Ep 442 | 드론6 목적지41 |  447스텝 | 배송 41/41 | 재적재  5 | 중계율 0.11 | alpha 2.325 | complete
Ep 443 | 드론4 목적지61 | 1000스텝 | 배송 58/61 | 재적재 10 | 중계율 0.25 | alpha 2.350 | step_limit
Ep 444 | 드론4 목적지55 |  591스텝 | 배송 55/55 | 재적재  8 | 중계율 0.14 | alpha 2.334 | complete
Ep 445 | 드론3 목적지49 |  879스텝 | 배송 49/49 | 재적재  9 | 중계율 0.26 | alpha 2.329 | complete
Ep 446 | 드론6 목적지72 |  520스텝 | 배송 72/72 | 재적재 11 | 중계율 0.13 | alpha 2.338 | complete
Ep 447 | 드론6 목적지40 |  676스텝 | 배송 40/40 | 재적재  5 | 중계율 0.22 | alpha 2.319 | complete
Ep 448 | 드론4 목적지71 | 1000스텝 | 배송 61/71 | 재적재 11 | 중계율 0.25 | alpha 2.339 | step_limit
Ep 449 | 드론5 목적지26 |  484스텝 | 배송 26/26 | 재적재  4 | 중계율 0.21 | alpha 2.328 | complete
Ep 450 | 드론3 목적지56 | 1000스텝 | 배송 47/56 | 재적재  9 | 중계율 0.19 | alpha 2.356 | step_limit
  [홀드아웃] 배송 50.0±0.0 완주 1.00 스텝 1094 점수 106.4 재적재 8.3 2홉+ 0.63 | 최고 106.5@ep50 정체 8/15
Ep 451 | 드론6 목적지51 |  609스텝 | 배송 51/51 | 재적재  7 | 중계율 0.16 | alpha 2.334 | complete
Ep 452 | 드론3 목적지34 |  604스텝 | 배송 34/34 | 재적재  6 | 중계율 0.12 | alpha 2.326 | complete
Ep 453 | 드론5 목적지47 |  677스텝 | 배송 47/47 | 재적재  8 | 중계율 0.14 | alpha 2.315 | complete
Ep 454 | 드론6 목적지70 |  616스텝 | 배송 70/70 | 재적재 11 | 중계율 0.17 | alpha 2.281 | complete
Ep 455 | 드론5 목적지44 |  595스텝 | 배송 44/44 | 재적재  7 | 중계율 0.22 | alpha 2.288 | complete
Ep 456 | 드론6 목적지49 |  469스텝 | 배송 49/49 | 재적재  8 | 중계율 0.09 | alpha 2.262 | complete
Ep 457 | 드론6 목적지56 |  462스텝 | 배송 56/56 | 재적재  9 | 중계율 0.12 | alpha 2.294 | complete
Ep 458 | 드론6 목적지42 |  608스텝 | 배송 42/42 | 재적재  5 | 중계율 0.18 | alpha 2.307 | complete
Ep 459 | 드론3 목적지45 |  744스텝 | 배송 45/45 | 재적재  7 | 중계율 0.13 | alpha 2.320 | complete
Ep 460 | 드론5 목적지73 |  612스텝 | 배송 73/73 | 재적재 14 | 중계율 0.12 | alpha 2.329 | complete
Ep 461 | 드론3 목적지30 |  607스텝 | 배송 30/30 | 재적재  4 | 중계율 0.19 | alpha 2.316 | complete
Ep 462 | 드론4 목적지64 |  976스텝 | 배송 64/64 | 재적재 12 | 중계율 0.19 | alpha 2.299 | complete
Ep 463 | 드론4 목적지63 | 1000스텝 | 배송 61/63 | 재적재 11 | 중계율 0.23 | alpha 2.279 | step_limit
Ep 464 | 드론3 목적지68 | 1000스텝 | 배송 59/68 | 재적재 10 | 중계율 0.19 | alpha 2.298 | step_limit
Ep 465 | 드론6 목적지63 |  712스텝 | 배송 63/63 | 재적재 11 | 중계율 0.17 | alpha 2.294 | complete
Ep 466 | 드론5 목적지65 |  750스텝 | 배송 65/65 | 재적재 10 | 중계율 0.18 | alpha 2.290 | complete
Ep 467 | 드론5 목적지57 |  713스텝 | 배송 57/57 | 재적재  9 | 중계율 0.17 | alpha 2.320 | complete
Ep 468 | 드론3 목적지35 |  621스텝 | 배송 35/35 | 재적재  5 | 중계율 0.20 | alpha 2.334 | complete
Ep 469 | 드론4 목적지46 | 1000스텝 | 배송 39/46 | 재적재  6 | 중계율 0.30 | alpha 2.345 | step_limit
Ep 470 | 드론6 목적지53 |  518스텝 | 배송 53/53 | 재적재  7 | 중계율 0.16 | alpha 2.321 | complete
Ep 471 | 드론6 목적지45 |  573스텝 | 배송 45/45 | 재적재  7 | 중계율 0.17 | alpha 2.325 | complete
Ep 472 | 드론4 목적지53 |  859스텝 | 배송 53/53 | 재적재  9 | 중계율 0.21 | alpha 2.319 | complete
Ep 473 | 드론5 목적지71 |  781스텝 | 배송 71/71 | 재적재 13 | 중계율 0.17 | alpha 2.307 | complete
Ep 474 | 드론5 목적지25 |  436스텝 | 배송 25/25 | 재적재  3 | 중계율 0.17 | alpha 2.336 | complete
Ep 475 | 드론5 목적지40 |  563스텝 | 배송 40/40 | 재적재  5 | 중계율 0.19 | alpha 2.344 | complete
Ep 476 | 드론3 목적지33 |  754스텝 | 배송 33/33 | 재적재  4 | 중계율 0.18 | alpha 2.322 | complete
Ep 477 | 드론3 목적지21 |  515스텝 | 배송 21/21 | 재적재  3 | 중계율 0.17 | alpha 2.334 | complete
Ep 478 | 드론5 목적지22 |  380스텝 | 배송 22/22 | 재적재  1 | 중계율 0.16 | alpha 2.343 | complete
Ep 479 | 드론6 목적지41 |  531스텝 | 배송 41/41 | 재적재  6 | 중계율 0.22 | alpha 2.350 | complete
Ep 480 | 드론4 목적지57 |  847스텝 | 배송 57/57 | 재적재 10 | 중계율 0.17 | alpha 2.346 | complete
Ep 481 | 드론3 목적지66 | 1000스텝 | 배송 55/66 | 재적재 10 | 중계율 0.18 | alpha 2.349 | step_limit
Ep 482 | 드론5 목적지76 |  877스텝 | 배송 76/76 | 재적재 13 | 중계율 0.14 | alpha 2.352 | complete
Ep 483 | 드론4 목적지28 |  429스텝 | 배송 28/28 | 재적재  3 | 중계율 0.15 | alpha 2.361 | complete
Ep 484 | 드론6 목적지35 |  320스텝 | 배송 35/35 | 재적재  4 | 중계율 0.07 | alpha 2.368 | complete
Ep 485 | 드론6 목적지44 |  426스텝 | 배송 44/44 | 재적재  6 | 중계율 0.12 | alpha 2.402 | complete
Ep 486 | 드론6 목적지75 |  576스텝 | 배송 75/75 | 재적재 12 | 중계율 0.08 | alpha 2.401 | complete
Ep 487 | 드론4 목적지75 | 1000스텝 | 배송 71/75 | 재적재 13 | 중계율 0.17 | alpha 2.420 | step_limit
Ep 488 | 드론5 목적지60 |  849스텝 | 배송 60/60 | 재적재 10 | 중계율 0.20 | alpha 2.388 | complete
Ep 489 | 드론4 목적지80 | 1000스텝 | 배송 76/80 | 재적재 13 | 중계율 0.14 | alpha 2.381 | step_limit
Ep 490 | 드론3 목적지30 |  915스텝 | 배송 30/30 | 재적재  4 | 중계율 0.18 | alpha 2.362 | complete
Ep 491 | 드론4 목적지59 | 1000스텝 | 배송 53/59 | 재적재  9 | 중계율 0.20 | alpha 2.364 | step_limit
Ep 492 | 드론3 목적지74 | 1000스텝 | 배송 56/74 | 재적재 11 | 중계율 0.18 | alpha 2.367 | step_limit
Ep 493 | 드론3 목적지47 | 1000스텝 | 배송 33/47 | 재적재  4 | 중계율 0.23 | alpha 2.370 | step_limit
Ep 494 | 드론4 목적지52 |  822스텝 | 배송 52/52 | 재적재 10 | 중계율 0.19 | alpha 2.402 | complete
Ep 495 | 드론4 목적지54 | 1000스텝 | 배송 51/54 | 재적재  9 | 중계율 0.26 | alpha 2.381 | step_limit
Ep 496 | 드론6 목적지56 |  467스텝 | 배송 56/56 | 재적재  9 | 중계율 0.15 | alpha 2.377 | complete
Ep 497 | 드론6 목적지73 |  812스텝 | 배송 73/73 | 재적재 13 | 중계율 0.18 | alpha 2.373 | complete
Ep 498 | 드론4 목적지22 |  289스텝 | 배송 22/22 | 재적재  3 | 중계율 0.15 | alpha 2.364 | complete
Ep 499 | 드론6 목적지55 |  623스텝 | 배송 55/55 | 재적재  9 | 중계율 0.16 | alpha 2.383 | complete
Ep 500 | 드론3 목적지55 | 1000스텝 | 배송 48/55 | 재적재  8 | 중계율 0.20 | alpha 2.379 | step_limit
  [홀드아웃] 배송 50.0±0.0 완주 1.00 스텝 1026 점수 106.6 재적재 8.1 2홉+ 0.62 | 최고 106.6@ep500 정체 0/15  ← 갱신
Ep 501 | 드론6 목적지25 |  274스텝 | 배송 25/25 | 재적재  2 | 중계율 0.12 | alpha 2.379 | complete
Ep 502 | 드론3 목적지53 | 1000스텝 | 배송 48/53 | 재적재  8 | 중계율 0.25 | alpha 2.371 | step_limit
Ep 503 | 드론5 목적지73 |  841스텝 | 배송 73/73 | 재적재 13 | 중계율 0.17 | alpha 2.341 | complete
Ep 504 | 드론3 목적지60 | 1000스텝 | 배송 47/60 | 재적재  9 | 중계율 0.21 | alpha 2.356 | step_limit
Ep 505 | 드론4 목적지72 | 1000스텝 | 배송 62/72 | 재적재 12 | 중계율 0.19 | alpha 2.391 | step_limit
Ep 506 | 드론4 목적지76 | 1000스텝 | 배송 73/76 | 재적재 12 | 중계율 0.20 | alpha 2.396 | step_limit
Ep 507 | 드론6 목적지79 |  790스텝 | 배송 79/79 | 재적재 13 | 중계율 0.13 | alpha 2.381 | complete
Ep 508 | 드론6 목적지38 |  703스텝 | 배송 38/38 | 재적재  6 | 중계율 0.19 | alpha 2.394 | complete
Ep 509 | 드론4 목적지52 |  580스텝 | 배송 52/52 | 재적재  8 | 중계율 0.12 | alpha 2.387 | complete
Ep 510 | 드론4 목적지42 |  749스텝 | 배송 42/42 | 재적재  7 | 중계율 0.18 | alpha 2.373 | complete
Ep 511 | 드론4 목적지21 |  402스텝 | 배송 21/21 | 재적재  1 | 중계율 0.21 | alpha 2.374 | complete
Ep 512 | 드론4 목적지23 |  818스텝 | 배송 23/23 | 재적재  2 | 중계율 0.30 | alpha 2.382 | complete
Ep 513 | 드론3 목적지66 | 1000스텝 | 배송 60/66 | 재적재 10 | 중계율 0.17 | alpha 2.393 | step_limit
Ep 514 | 드론4 목적지38 |  743스텝 | 배송 38/38 | 재적재  6 | 중계율 0.19 | alpha 2.394 | complete
Ep 515 | 드론5 목적지23 |  283스텝 | 배송 23/23 | 재적재  3 | 중계율 0.18 | alpha 2.399 | complete
Ep 516 | 드론5 목적지34 |  421스텝 | 배송 34/34 | 재적재  5 | 중계율 0.21 | alpha 2.402 | complete
Ep 517 | 드론4 목적지73 | 1000스텝 | 배송 67/73 | 재적재 13 | 중계율 0.27 | alpha 2.377 | step_limit
Ep 518 | 드론5 목적지43 |  466스텝 | 배송 43/43 | 재적재  6 | 중계율 0.11 | alpha 2.385 | complete
Ep 519 | 드론4 목적지65 | 1000스텝 | 배송 58/65 | 재적재  9 | 중계율 0.19 | alpha 2.390 | step_limit
Ep 520 | 드론5 목적지55 |  770스텝 | 배송 55/55 | 재적재 10 | 중계율 0.18 | alpha 2.363 | complete
Ep 521 | 드론4 목적지62 | 1000스텝 | 배송 61/62 | 재적재 11 | 중계율 0.18 | alpha 2.345 | step_limit
Ep 522 | 드론6 목적지37 |  353스텝 | 배송 37/37 | 재적재  5 | 중계율 0.12 | alpha 2.334 | complete
Ep 523 | 드론6 목적지66 |  563스텝 | 배송 66/66 | 재적재 11 | 중계율 0.11 | alpha 2.342 | complete
Ep 524 | 드론4 목적지57 |  603스텝 | 배송 57/57 | 재적재  9 | 중계율 0.15 | alpha 2.338 | complete
Ep 525 | 드론4 목적지39 |  703스텝 | 배송 39/39 | 재적재  6 | 중계율 0.11 | alpha 2.321 | complete
Ep 526 | 드론5 목적지73 |  788스텝 | 배송 73/73 | 재적재 13 | 중계율 0.18 | alpha 2.323 | complete
Ep 527 | 드론6 목적지58 |  399스텝 | 배송 58/58 | 재적재 10 | 중계율 0.10 | alpha 2.333 | complete
Ep 528 | 드론5 목적지46 |  433스텝 | 배송 46/46 | 재적재  7 | 중계율 0.14 | alpha 2.327 | complete
Ep 529 | 드론6 목적지20 |  204스텝 | 배송 20/20 | 재적재  0 | 중계율 0.14 | alpha 2.333 | complete
Ep 530 | 드론6 목적지72 |  693스텝 | 배송 72/72 | 재적재 12 | 중계율 0.18 | alpha 2.373 | complete
Ep 531 | 드론3 목적지21 | 1000스텝 | 배송 20/21 | 재적재  3 | 중계율 0.26 | alpha 2.331 | step_limit
Ep 532 | 드론5 목적지32 |  589스텝 | 배송 32/32 | 재적재  4 | 중계율 0.20 | alpha 2.352 | complete
Ep 533 | 드론4 목적지79 | 1000스텝 | 배송 76/79 | 재적재 13 | 중계율 0.20 | alpha 2.365 | step_limit
Ep 534 | 드론6 목적지56 |  575스텝 | 배송 56/56 | 재적재 10 | 중계율 0.16 | alpha 2.376 | complete
Ep 535 | 드론3 목적지68 | 1000스텝 | 배송 53/68 | 재적재  8 | 중계율 0.23 | alpha 2.347 | step_limit
Ep 536 | 드론5 목적지57 |  929스텝 | 배송 57/57 | 재적재  8 | 중계율 0.22 | alpha 2.333 | complete
Ep 537 | 드론4 목적지49 | 1000스텝 | 배송 47/49 | 재적재  9 | 중계율 0.19 | alpha 2.336 | step_limit
Ep 538 | 드론4 목적지38 | 1000스텝 | 배송 37/38 | 재적재  6 | 중계율 0.24 | alpha 2.346 | step_limit
Ep 539 | 드론5 목적지79 |  934스텝 | 배송 79/79 | 재적재 14 | 중계율 0.17 | alpha 2.306 | complete
Ep 540 | 드론6 목적지70 |  527스텝 | 배송 70/70 | 재적재 11 | 중계율 0.11 | alpha 2.321 | complete
Ep 541 | 드론5 목적지77 |  761스텝 | 배송 77/77 | 재적재 13 | 중계율 0.12 | alpha 2.291 | complete
Ep 542 | 드론5 목적지53 |  575스텝 | 배송 53/53 | 재적재  8 | 중계율 0.12 | alpha 2.296 | complete
Ep 543 | 드론3 목적지49 | 1000스텝 | 배송 37/49 | 재적재  6 | 중계율 0.19 | alpha 2.298 | step_limit
Ep 544 | 드론6 목적지68 |  609스텝 | 배송 68/68 | 재적재 12 | 중계율 0.15 | alpha 2.295 | complete
Ep 545 | 드론6 목적지56 |  555스텝 | 배송 56/56 | 재적재  9 | 중계율 0.17 | alpha 2.307 | complete
Ep 546 | 드론6 목적지75 |  651스텝 | 배송 75/75 | 재적재 12 | 중계율 0.09 | alpha 2.284 | complete
Ep 547 | 드론4 목적지71 | 1000스텝 | 배송 67/71 | 재적재 10 | 중계율 0.25 | alpha 2.304 | step_limit
Ep 548 | 드론4 목적지80 | 1000스텝 | 배송 76/80 | 재적재 13 | 중계율 0.14 | alpha 2.331 | step_limit
Ep 549 | 드론5 목적지38 |  404스텝 | 배송 38/38 | 재적재  4 | 중계율 0.09 | alpha 2.350 | complete
Ep 550 | 드론5 목적지49 |  488스텝 | 배송 49/49 | 재적재  7 | 중계율 0.14 | alpha 2.354 | complete
  [홀드아웃] 배송 50.0±0.2 완주 0.97 스텝 1032 점수 104.1 재적재 8.2 2홉+ 0.63 | 최고 106.6@ep500 정체 1/15
Ep 551 | 드론3 목적지56 | 1000스텝 | 배송 55/56 | 재적재 10 | 중계율 0.21 | alpha 2.349 | step_limit
Ep 552 | 드론6 목적지27 |  549스텝 | 배송 27/27 | 재적재  2 | 중계율 0.19 | alpha 2.342 | complete
Ep 553 | 드론3 목적지46 | 1000스텝 | 배송 40/46 | 재적재  7 | 중계율 0.19 | alpha 2.350 | step_limit
Ep 554 | 드론5 목적지72 |  684스텝 | 배송 72/72 | 재적재 13 | 중계율 0.08 | alpha 2.340 | complete
Ep 555 | 드론3 목적지68 | 1000스텝 | 배송 50/68 | 재적재  9 | 중계율 0.23 | alpha 2.309 | step_limit
Ep 556 | 드론4 목적지30 |  782스텝 | 배송 30/30 | 재적재  4 | 중계율 0.20 | alpha 2.325 | complete
Ep 557 | 드론4 목적지46 |  557스텝 | 배송 46/46 | 재적재  7 | 중계율 0.14 | alpha 2.330 | complete
Ep 558 | 드론5 목적지66 | 1000스텝 | 배송 56/66 | 재적재  9 | 중계율 0.20 | alpha 2.325 | step_limit
Ep 559 | 드론6 목적지78 |  892스텝 | 배송 78/78 | 재적재 13 | 중계율 0.18 | alpha 2.330 | complete
Ep 560 | 드론3 목적지22 |  536스텝 | 배송 22/22 | 재적재  3 | 중계율 0.18 | alpha 2.305 | complete
Ep 561 | 드론4 목적지29 |  443스텝 | 배송 29/29 | 재적재  5 | 중계율 0.08 | alpha 2.294 | complete
Ep 562 | 드론5 목적지71 |  618스텝 | 배송 71/71 | 재적재 11 | 중계율 0.11 | alpha 2.308 | complete
Ep 563 | 드론6 목적지61 |  634스텝 | 배송 61/61 | 재적재 11 | 중계율 0.17 | alpha 2.350 | complete
Ep 564 | 드론6 목적지44 |  415스텝 | 배송 44/44 | 재적재  7 | 중계율 0.08 | alpha 2.318 | complete
Ep 565 | 드론6 목적지21 |  214스텝 | 배송 21/21 | 재적재  1 | 중계율 0.17 | alpha 2.309 | complete
Ep 566 | 드론5 목적지23 |  314스텝 | 배송 23/23 | 재적재  2 | 중계율 0.10 | alpha 2.308 | complete
Ep 567 | 드론6 목적지57 |  455스텝 | 배송 57/57 | 재적재  9 | 중계율 0.08 | alpha 2.320 | complete
Ep 568 | 드론6 목적지23 |  269스텝 | 배송 23/23 | 재적재  2 | 중계율 0.19 | alpha 2.319 | complete
Ep 569 | 드론5 목적지79 | 1000스텝 | 배송 73/79 | 재적재 12 | 중계율 0.20 | alpha 2.330 | step_limit
Ep 570 | 드론5 목적지70 |  878스텝 | 배송 70/70 | 재적재 12 | 중계율 0.18 | alpha 2.315 | complete
Ep 571 | 드론6 목적지78 |  550스텝 | 배송 78/78 | 재적재 13 | 중계율 0.08 | alpha 2.325 | complete
Ep 572 | 드론5 목적지70 |  744스텝 | 배송 70/70 | 재적재 12 | 중계율 0.14 | alpha 2.370 | complete
Ep 573 | 드론3 목적지77 | 1000스텝 | 배송 58/77 | 재적재 10 | 중계율 0.21 | alpha 2.371 | step_limit
Ep 574 | 드론5 목적지34 |  352스텝 | 배송 34/34 | 재적재  5 | 중계율 0.13 | alpha 2.367 | complete
Ep 575 | 드론3 목적지21 |  534스텝 | 배송 21/21 | 재적재  4 | 중계율 0.18 | alpha 2.349 | complete
Ep 576 | 드론4 목적지39 |  514스텝 | 배송 39/39 | 재적재  5 | 중계율 0.12 | alpha 2.344 | complete
Ep 577 | 드론6 목적지53 |  613스텝 | 배송 53/53 | 재적재  9 | 중계율 0.15 | alpha 2.322 | complete
Ep 578 | 드론5 목적지29 |  536스텝 | 배송 29/29 | 재적재  2 | 중계율 0.14 | alpha 2.293 | complete
Ep 579 | 드론4 목적지67 | 1000스텝 | 배송 63/67 | 재적재 12 | 중계율 0.23 | alpha 2.295 | step_limit
Ep 580 | 드론5 목적지39 |  788스텝 | 배송 39/39 | 재적재  6 | 중계율 0.16 | alpha 2.311 | complete
Ep 581 | 드론4 목적지25 |  692스텝 | 배송 25/25 | 재적재  3 | 중계율 0.23 | alpha 2.321 | complete
Ep 582 | 드론3 목적지27 |  657스텝 | 배송 27/27 | 재적재  5 | 중계율 0.15 | alpha 2.342 | complete
Ep 583 | 드론3 목적지67 | 1000스텝 | 배송 56/67 | 재적재 10 | 중계율 0.15 | alpha 2.335 | step_limit
Ep 584 | 드론5 목적지70 |  797스텝 | 배송 70/70 | 재적재 12 | 중계율 0.13 | alpha 2.325 | complete
Ep 585 | 드론3 목적지50 | 1000스텝 | 배송 46/50 | 재적재  8 | 중계율 0.21 | alpha 2.316 | step_limit
Ep 586 | 드론3 목적지55 | 1000스텝 | 배송 45/55 | 재적재  7 | 중계율 0.23 | alpha 2.353 | step_limit
Ep 587 | 드론6 목적지46 |  541스텝 | 배송 46/46 | 재적재  7 | 중계율 0.13 | alpha 2.355 | complete
Ep 588 | 드론3 목적지39 |  767스텝 | 배송 39/39 | 재적재  6 | 중계율 0.19 | alpha 2.339 | complete
Ep 589 | 드론6 목적지48 |  630스텝 | 배송 48/48 | 재적재  6 | 중계율 0.14 | alpha 2.323 | complete
Ep 590 | 드론4 목적지55 |  621스텝 | 배송 55/55 | 재적재  8 | 중계율 0.14 | alpha 2.338 | complete
Ep 591 | 드론3 목적지70 | 1000스텝 | 배송 50/70 | 재적재  8 | 중계율 0.20 | alpha 2.299 | step_limit
Ep 592 | 드론3 목적지45 |  785스텝 | 배송 45/45 | 재적재  7 | 중계율 0.18 | alpha 2.342 | complete
Ep 593 | 드론4 목적지27 |  359스텝 | 배송 27/27 | 재적재  5 | 중계율 0.12 | alpha 2.336 | complete
Ep 594 | 드론4 목적지77 | 1000스텝 | 배송 51/77 | 재적재  8 | 중계율 0.24 | alpha 2.366 | step_limit
Ep 595 | 드론5 목적지64 |  806스텝 | 배송 64/64 | 재적재 10 | 중계율 0.18 | alpha 2.317 | complete
Ep 596 | 드론3 목적지66 | 1000스텝 | 배송 58/66 | 재적재 10 | 중계율 0.24 | alpha 2.292 | step_limit
Ep 597 | 드론5 목적지31 |  471스텝 | 배송 31/31 | 재적재  3 | 중계율 0.20 | alpha 2.314 | complete
Ep 598 | 드론5 목적지64 |  880스텝 | 배송 64/64 | 재적재 11 | 중계율 0.17 | alpha 2.351 | complete
Ep 599 | 드론3 목적지39 | 1000스텝 | 배송 33/39 | 재적재  5 | 중계율 0.26 | alpha 2.365 | step_limit
Ep 600 | 드론6 목적지80 |  573스텝 | 배송 80/80 | 재적재 13 | 중계율 0.12 | alpha 2.359 | complete
  [홀드아웃] 배송 50.0±0.3 완주 0.97 스텝 999 점수 104.2 재적재 8.4 2홉+ 0.63 | 최고 106.6@ep500 정체 2/15
Ep 601 | 드론4 목적지28 |  666스텝 | 배송 28/28 | 재적재  3 | 중계율 0.21 | alpha 2.337 | complete
Ep 602 | 드론4 목적지78 | 1000스텝 | 배송 72/78 | 재적재 12 | 중계율 0.16 | alpha 2.311 | step_limit
Ep 603 | 드론4 목적지64 | 1000스텝 | 배송 59/64 | 재적재 10 | 중계율 0.23 | alpha 2.358 | step_limit
Ep 604 | 드론5 목적지68 |  757스텝 | 배송 68/68 | 재적재 12 | 중계율 0.14 | alpha 2.363 | complete
Ep 605 | 드론5 목적지55 |  572스텝 | 배송 55/55 | 재적재  8 | 중계율 0.15 | alpha 2.337 | complete
Ep 606 | 드론6 목적지69 |  542스텝 | 배송 69/69 | 재적재 12 | 중계율 0.10 | alpha 2.330 | complete
Ep 607 | 드론3 목적지31 |  872스텝 | 배송 31/31 | 재적재  5 | 중계율 0.24 | alpha 2.337 | complete
Ep 608 | 드론4 목적지59 |  942스텝 | 배송 59/59 | 재적재 10 | 중계율 0.18 | alpha 2.297 | complete
Ep 609 | 드론5 목적지56 |  783스텝 | 배송 56/56 | 재적재  9 | 중계율 0.19 | alpha 2.270 | complete
Ep 610 | 드론4 목적지59 | 1000스텝 | 배송 54/59 | 재적재  9 | 중계율 0.21 | alpha 2.290 | step_limit
Ep 611 | 드론3 목적지21 |  416스텝 | 배송 21/21 | 재적재  3 | 중계율 0.17 | alpha 2.308 | complete
Ep 612 | 드론4 목적지27 |  475스텝 | 배송 27/27 | 재적재  4 | 중계율 0.14 | alpha 2.278 | complete
Ep 613 | 드론4 목적지80 | 1000스텝 | 배송 78/80 | 재적재 15 | 중계율 0.15 | alpha 2.311 | step_limit
Ep 614 | 드론4 목적지54 |  869스텝 | 배송 54/54 | 재적재 10 | 중계율 0.18 | alpha 2.283 | complete
Ep 615 | 드론3 목적지56 |  946스텝 | 배송 56/56 | 재적재 10 | 중계율 0.14 | alpha 2.295 | complete
Ep 616 | 드론6 목적지71 |  849스텝 | 배송 71/71 | 재적재 12 | 중계율 0.24 | alpha 2.317 | complete
Ep 617 | 드론4 목적지67 | 1000스텝 | 배송 60/67 | 재적재 10 | 중계율 0.20 | alpha 2.278 | step_limit
Ep 618 | 드론4 목적지52 |  849스텝 | 배송 52/52 | 재적재  8 | 중계율 0.20 | alpha 2.265 | complete
Ep 619 | 드론5 목적지54 |  660스텝 | 배송 54/54 | 재적재  9 | 중계율 0.11 | alpha 2.287 | complete
Ep 620 | 드론5 목적지66 |  636스텝 | 배송 66/66 | 재적재 12 | 중계율 0.12 | alpha 2.253 | complete
Ep 621 | 드론3 목적지46 |  915스텝 | 배송 46/46 | 재적재  7 | 중계율 0.19 | alpha 2.306 | complete
Ep 622 | 드론4 목적지28 |  596스텝 | 배송 28/28 | 재적재  3 | 중계율 0.22 | alpha 2.294 | complete
Ep 623 | 드론6 목적지44 |  478스텝 | 배송 44/44 | 재적재  7 | 중계율 0.11 | alpha 2.307 | complete
Ep 624 | 드론3 목적지42 |  798스텝 | 배송 42/42 | 재적재  8 | 중계율 0.11 | alpha 2.308 | complete
Ep 625 | 드론4 목적지37 |  618스텝 | 배송 37/37 | 재적재  5 | 중계율 0.16 | alpha 2.269 | complete
Ep 626 | 드론4 목적지68 | 1000스텝 | 배송 55/68 | 재적재  9 | 중계율 0.13 | alpha 2.246 | step_limit
Ep 627 | 드론6 목적지27 |  365스텝 | 배송 27/27 | 재적재  3 | 중계율 0.13 | alpha 2.260 | complete
Ep 628 | 드론6 목적지38 |  313스텝 | 배송 38/38 | 재적재  5 | 중계율 0.08 | alpha 2.289 | complete
Ep 629 | 드론5 목적지57 |  607스텝 | 배송 57/57 | 재적재 10 | 중계율 0.09 | alpha 2.245 | complete
Ep 630 | 드론3 목적지73 | 1000스텝 | 배송 48/73 | 재적재  9 | 중계율 0.16 | alpha 2.291 | step_limit
Ep 631 | 드론4 목적지58 | 1000스텝 | 배송 52/58 | 재적재  8 | 중계율 0.22 | alpha 2.301 | step_limit
Ep 632 | 드론6 목적지36 |  384스텝 | 배송 36/36 | 재적재  5 | 중계율 0.10 | alpha 2.314 | complete
Ep 633 | 드론3 목적지46 | 1000스텝 | 배송 43/46 | 재적재  7 | 중계율 0.25 | alpha 2.353 | step_limit
Ep 634 | 드론4 목적지25 |  467스텝 | 배송 25/25 | 재적재  2 | 중계율 0.09 | alpha 2.373 | complete
Ep 635 | 드론4 목적지39 |  555스텝 | 배송 39/39 | 재적재  6 | 중계율 0.15 | alpha 2.341 | complete
Ep 636 | 드론6 목적지28 |  330스텝 | 배송 28/28 | 재적재  2 | 중계율 0.10 | alpha 2.359 | complete
Ep 637 | 드론6 목적지39 |  330스텝 | 배송 39/39 | 재적재  6 | 중계율 0.11 | alpha 2.355 | complete
Ep 638 | 드론4 목적지46 |  916스텝 | 배송 46/46 | 재적재  7 | 중계율 0.25 | alpha 2.384 | complete
Ep 639 | 드론6 목적지21 |  192스텝 | 배송 21/21 | 재적재  0 | 중계율 0.16 | alpha 2.367 | complete
Ep 640 | 드론3 목적지55 | 1000스텝 | 배송 51/55 | 재적재  9 | 중계율 0.26 | alpha 2.347 | step_limit
Ep 641 | 드론4 목적지74 | 1000스텝 | 배송 67/74 | 재적재 11 | 중계율 0.22 | alpha 2.321 | step_limit
Ep 642 | 드론4 목적지24 |  601스텝 | 배송 24/24 | 재적재  3 | 중계율 0.20 | alpha 2.340 | complete
Ep 643 | 드론5 목적지57 |  659스텝 | 배송 57/57 | 재적재  9 | 중계율 0.17 | alpha 2.369 | complete
Ep 644 | 드론4 목적지45 |  956스텝 | 배송 45/45 | 재적재  8 | 중계율 0.21 | alpha 2.340 | complete
Ep 645 | 드론3 목적지48 |  869스텝 | 배송 48/48 | 재적재  8 | 중계율 0.23 | alpha 2.361 | complete
Ep 646 | 드론4 목적지25 |  696스텝 | 배송 25/25 | 재적재  4 | 중계율 0.26 | alpha 2.322 | complete
Ep 647 | 드론4 목적지26 |  432스텝 | 배송 26/26 | 재적재  3 | 중계율 0.16 | alpha 2.319 | complete
Ep 648 | 드론4 목적지48 |  598스텝 | 배송 48/48 | 재적재  8 | 중계율 0.13 | alpha 2.331 | complete
Ep 649 | 드론6 목적지69 |  657스텝 | 배송 69/69 | 재적재 12 | 중계율 0.14 | alpha 2.330 | complete
Ep 650 | 드론4 목적지64 | 1000스텝 | 배송 63/64 | 재적재 11 | 중계율 0.19 | alpha 2.308 | step_limit
  [홀드아웃] 배송 50.0±0.0 완주 1.00 스텝 1011 점수 106.6 재적재 8.2 2홉+ 0.62 | 최고 106.6@ep650 정체 0/15  ← 갱신
Ep 651 | 드론5 목적지77 | 1000스텝 | 배송 76/77 | 재적재 14 | 중계율 0.22 | alpha 2.275 | step_limit
Ep 652 | 드론4 목적지32 |  654스텝 | 배송 32/32 | 재적재  6 | 중계율 0.17 | alpha 2.277 | complete
Ep 653 | 드론4 목적지77 | 1000스텝 | 배송 76/77 | 재적재 14 | 중계율 0.16 | alpha 2.251 | step_limit
Ep 654 | 드론6 목적지21 |  231스텝 | 배송 21/21 | 재적재  0 | 중계율 0.20 | alpha 2.240 | complete
Ep 655 | 드론4 목적지28 |  487스텝 | 배송 28/28 | 재적재  5 | 중계율 0.16 | alpha 2.214 | complete
Ep 656 | 드론4 목적지50 |  901스텝 | 배송 50/50 | 재적재  9 | 중계율 0.22 | alpha 2.205 | complete
Ep 657 | 드론5 목적지62 |  650스텝 | 배송 62/62 | 재적재 11 | 중계율 0.10 | alpha 2.226 | complete
Ep 658 | 드론3 목적지50 | 1000스텝 | 배송 47/50 | 재적재  8 | 중계율 0.22 | alpha 2.255 | step_limit
Ep 659 | 드론5 목적지39 |  355스텝 | 배송 39/39 | 재적재  5 | 중계율 0.06 | alpha 2.244 | complete
Ep 660 | 드론5 목적지65 |  605스텝 | 배송 65/65 | 재적재 10 | 중계율 0.11 | alpha 2.218 | complete
Ep 661 | 드론6 목적지20 |  196스텝 | 배송 20/20 | 재적재  0 | 중계율 0.09 | alpha 2.221 | complete
Ep 662 | 드론6 목적지46 |  410스텝 | 배송 46/46 | 재적재  6 | 중계율 0.12 | alpha 2.216 | complete
Ep 663 | 드론4 목적지78 | 1000스텝 | 배송 73/78 | 재적재 13 | 중계율 0.16 | alpha 2.207 | step_limit
Ep 664 | 드론4 목적지28 |  626스텝 | 배송 28/28 | 재적재  4 | 중계율 0.19 | alpha 2.231 | complete
Ep 665 | 드론3 목적지25 |  748스텝 | 배송 25/25 | 재적재  4 | 중계율 0.27 | alpha 2.254 | complete
Ep 666 | 드론5 목적지74 |  814스텝 | 배송 74/74 | 재적재 13 | 중계율 0.14 | alpha 2.206 | complete
Ep 667 | 드론4 목적지50 |  960스텝 | 배송 50/50 | 재적재  8 | 중계율 0.25 | alpha 2.242 | complete
Ep 668 | 드론6 목적지80 |  723스텝 | 배송 80/80 | 재적재 14 | 중계율 0.13 | alpha 2.226 | complete
Ep 669 | 드론5 목적지53 |  534스텝 | 배송 53/53 | 재적재  8 | 중계율 0.14 | alpha 2.234 | complete
Ep 670 | 드론3 목적지68 | 1000스텝 | 배송 55/68 | 재적재  9 | 중계율 0.22 | alpha 2.226 | step_limit
Ep 671 | 드론3 목적지60 | 1000스텝 | 배송 48/60 | 재적재  8 | 중계율 0.22 | alpha 2.258 | step_limit
Ep 672 | 드론3 목적지50 | 1000스텝 | 배송 47/50 | 재적재  8 | 중계율 0.17 | alpha 2.248 | step_limit
Ep 673 | 드론6 목적지54 |  650스텝 | 배송 54/54 | 재적재  8 | 중계율 0.19 | alpha 2.219 | complete
Ep 674 | 드론6 목적지73 |  632스텝 | 배송 73/73 | 재적재 11 | 중계율 0.11 | alpha 2.205 | complete
Ep 675 | 드론4 목적지74 |  735스텝 | 배송 74/74 | 재적재 14 | 중계율 0.09 | alpha 2.208 | complete
Ep 676 | 드론4 목적지46 |  732스텝 | 배송 46/46 | 재적재  8 | 중계율 0.20 | alpha 2.226 | complete
Ep 677 | 드론3 목적지79 | 1000스텝 | 배송 66/79 | 재적재 12 | 중계율 0.15 | alpha 2.250 | step_limit
Ep 678 | 드론5 목적지41 |  497스텝 | 배송 41/41 | 재적재  7 | 중계율 0.17 | alpha 2.215 | complete
Ep 679 | 드론5 목적지58 |  899스텝 | 배송 58/58 | 재적재  9 | 중계율 0.18 | alpha 2.224 | complete
Ep 680 | 드론3 목적지31 |  750스텝 | 배송 31/31 | 재적재  4 | 중계율 0.16 | alpha 2.203 | complete
Ep 681 | 드론6 목적지65 |  646스텝 | 배송 65/65 | 재적재 11 | 중계율 0.15 | alpha 2.196 | complete
Ep 682 | 드론4 목적지72 | 1000스텝 | 배송 66/72 | 재적재 12 | 중계율 0.21 | alpha 2.190 | step_limit
Ep 683 | 드론6 목적지52 |  564스텝 | 배송 52/52 | 재적재  9 | 중계율 0.15 | alpha 2.203 | complete
Ep 684 | 드론3 목적지40 | 1000스텝 | 배송 36/40 | 재적재  6 | 중계율 0.26 | alpha 2.184 | step_limit
Ep 685 | 드론4 목적지74 | 1000스텝 | 배송 68/74 | 재적재 11 | 중계율 0.19 | alpha 2.224 | step_limit
Ep 686 | 드론6 목적지58 |  435스텝 | 배송 58/58 | 재적재  9 | 중계율 0.08 | alpha 2.197 | complete
Ep 687 | 드론4 목적지46 |  878스텝 | 배송 46/46 | 재적재  7 | 중계율 0.25 | alpha 2.184 | complete
Ep 688 | 드론6 목적지33 |  270스텝 | 배송 33/33 | 재적재  3 | 중계율 0.10 | alpha 2.204 | complete
Ep 689 | 드론5 목적지80 |  830스텝 | 배송 80/80 | 재적재 14 | 중계율 0.19 | alpha 2.209 | complete
Ep 690 | 드론3 목적지26 |  836스텝 | 배송 26/26 | 재적재  4 | 중계율 0.19 | alpha 2.195 | complete
Ep 691 | 드론4 목적지40 |  586스텝 | 배송 40/40 | 재적재  7 | 중계율 0.13 | alpha 2.191 | complete
Ep 692 | 드론3 목적지49 |  798스텝 | 배송 49/49 | 재적재  8 | 중계율 0.18 | alpha 2.177 | complete
Ep 693 | 드론5 목적지56 |  574스텝 | 배송 56/56 | 재적재  9 | 중계율 0.14 | alpha 2.163 | complete
Ep 694 | 드론4 목적지69 |  808스텝 | 배송 69/69 | 재적재 12 | 중계율 0.09 | alpha 2.165 | complete
Ep 695 | 드론5 목적지32 |  382스텝 | 배송 32/32 | 재적재  3 | 중계율 0.09 | alpha 2.163 | complete
Ep 696 | 드론4 목적지48 |  726스텝 | 배송 48/48 | 재적재  8 | 중계율 0.20 | alpha 2.140 | complete
Ep 697 | 드론3 목적지58 | 1000스텝 | 배송 54/58 | 재적재 10 | 중계율 0.20 | alpha 2.119 | step_limit
Ep 698 | 드론5 목적지65 |  912스텝 | 배송 65/65 | 재적재 12 | 중계율 0.17 | alpha 2.142 | complete
Ep 699 | 드론5 목적지44 |  710스텝 | 배송 44/44 | 재적재  6 | 중계율 0.19 | alpha 2.145 | complete
Ep 700 | 드론6 목적지40 |  523스텝 | 배송 40/40 | 재적재  7 | 중계율 0.20 | alpha 2.147 | complete
  [홀드아웃] 배송 50.0±0.0 완주 1.00 스텝 1002 점수 106.7 재적재 8.3 2홉+ 0.62 | 최고 106.7@ep700 정체 0/15  ← 갱신
Ep 701 | 드론6 목적지26 |  350스텝 | 배송 26/26 | 재적재  4 | 중계율 0.16 | alpha 2.144 | complete
Ep 702 | 드론3 목적지66 | 1000스텝 | 배송 61/66 | 재적재 11 | 중계율 0.17 | alpha 2.133 | step_limit
Ep 703 | 드론4 목적지25 |  516스텝 | 배송 25/25 | 재적재  4 | 중계율 0.18 | alpha 2.142 | complete
Ep 704 | 드론6 목적지35 |  343스텝 | 배송 35/35 | 재적재  4 | 중계율 0.14 | alpha 2.142 | complete
Ep 705 | 드론4 목적지24 |  342스텝 | 배송 24/24 | 재적재  2 | 중계율 0.14 | alpha 2.133 | complete
Ep 706 | 드론3 목적지64 |  981스텝 | 배송 64/64 | 재적재 11 | 중계율 0.20 | alpha 2.112 | complete
Ep 707 | 드론4 목적지24 |  511스텝 | 배송 24/24 | 재적재  3 | 중계율 0.14 | alpha 2.156 | complete
Ep 708 | 드론6 목적지68 |  594스텝 | 배송 68/68 | 재적재 11 | 중계율 0.10 | alpha 2.158 | complete
Ep 709 | 드론4 목적지57 | 1000스텝 | 배송 52/57 | 재적재  9 | 중계율 0.22 | alpha 2.193 | step_limit
Ep 710 | 드론6 목적지78 |  622스텝 | 배송 78/78 | 재적재 13 | 중계율 0.13 | alpha 2.150 | complete
Ep 711 | 드론6 목적지34 |  493스텝 | 배송 34/34 | 재적재  3 | 중계율 0.19 | alpha 2.162 | complete
Ep 712 | 드론4 목적지21 |  345스텝 | 배송 21/21 | 재적재  3 | 중계율 0.09 | alpha 2.167 | complete
Ep 713 | 드론3 목적지63 | 1000스텝 | 배송 56/63 | 재적재  9 | 중계율 0.25 | alpha 2.174 | step_limit
Ep 714 | 드론3 목적지64 | 1000스텝 | 배송 55/64 | 재적재  9 | 중계율 0.17 | alpha 2.152 | step_limit
Ep 715 | 드론5 목적지43 |  512스텝 | 배송 43/43 | 재적재  7 | 중계율 0.08 | alpha 2.139 | complete
Ep 716 | 드론3 목적지39 | 1000스텝 | 배송 36/39 | 재적재  7 | 중계율 0.25 | alpha 2.168 | step_limit
Ep 717 | 드론4 목적지67 | 1000스텝 | 배송 61/67 | 재적재 12 | 중계율 0.16 | alpha 2.139 | step_limit
Ep 718 | 드론5 목적지68 |  697스텝 | 배송 68/68 | 재적재 12 | 중계율 0.15 | alpha 2.143 | complete
Ep 719 | 드론5 목적지67 |  783스텝 | 배송 67/67 | 재적재 12 | 중계율 0.19 | alpha 2.137 | complete
Ep 720 | 드론3 목적지49 |  799스텝 | 배송 49/49 | 재적재  8 | 중계율 0.11 | alpha 2.099 | complete
Ep 721 | 드론4 목적지29 |  426스텝 | 배송 29/29 | 재적재  4 | 중계율 0.10 | alpha 2.105 | complete
Ep 722 | 드론6 목적지59 |  404스텝 | 배송 59/59 | 재적재 10 | 중계율 0.11 | alpha 2.106 | complete
Ep 723 | 드론5 목적지70 |  739스텝 | 배송 70/70 | 재적재 11 | 중계율 0.11 | alpha 2.152 | complete
Ep 724 | 드론4 목적지69 |  871스텝 | 배송 69/69 | 재적재 12 | 중계율 0.15 | alpha 2.161 | complete
Ep 725 | 드론4 목적지62 | 1000스텝 | 배송 55/62 | 재적재  9 | 중계율 0.20 | alpha 2.176 | step_limit
Ep 726 | 드론6 목적지56 |  574스텝 | 배송 56/56 | 재적재  9 | 중계율 0.11 | alpha 2.170 | complete
Ep 727 | 드론3 목적지57 | 1000스텝 | 배송 53/57 | 재적재  9 | 중계율 0.12 | alpha 2.207 | step_limit
Ep 728 | 드론6 목적지43 |  570스텝 | 배송 43/43 | 재적재  4 | 중계율 0.21 | alpha 2.192 | complete
Ep 729 | 드론5 목적지77 |  791스텝 | 배송 77/77 | 재적재 13 | 중계율 0.11 | alpha 2.178 | complete
Ep 730 | 드론4 목적지27 |  508스텝 | 배송 27/27 | 재적재  2 | 중계율 0.15 | alpha 2.186 | complete
Ep 731 | 드론4 목적지80 | 1000스텝 | 배송 75/80 | 재적재 14 | 중계율 0.18 | alpha 2.157 | step_limit
Ep 732 | 드론3 목적지80 | 1000스텝 | 배송 58/80 | 재적재  9 | 중계율 0.18 | alpha 2.140 | step_limit
Ep 733 | 드론5 목적지64 |  683스텝 | 배송 64/64 | 재적재 10 | 중계율 0.16 | alpha 2.122 | complete
Ep 734 | 드론3 목적지38 |  734스텝 | 배송 38/38 | 재적재  6 | 중계율 0.12 | alpha 2.128 | complete
Ep 735 | 드론5 목적지63 |  916스텝 | 배송 63/63 | 재적재 11 | 중계율 0.19 | alpha 2.158 | complete
Ep 736 | 드론4 목적지52 | 1000스텝 | 배송 48/52 | 재적재  8 | 중계율 0.19 | alpha 2.149 | step_limit
Ep 737 | 드론3 목적지41 | 1000스텝 | 배송 40/41 | 재적재  6 | 중계율 0.21 | alpha 2.124 | step_limit
Ep 738 | 드론5 목적지49 |  528스텝 | 배송 49/49 | 재적재  7 | 중계율 0.11 | alpha 2.129 | complete
Ep 739 | 드론4 목적지27 |  930스텝 | 배송 27/27 | 재적재  5 | 중계율 0.23 | alpha 2.123 | complete
Ep 740 | 드론3 목적지32 |  769스텝 | 배송 32/32 | 재적재  4 | 중계율 0.28 | alpha 2.159 | complete
Ep 741 | 드론4 목적지25 |  496스텝 | 배송 25/25 | 재적재  4 | 중계율 0.13 | alpha 2.151 | complete
Ep 742 | 드론3 목적지48 |  839스텝 | 배송 48/48 | 재적재  8 | 중계율 0.18 | alpha 2.170 | complete
Ep 743 | 드론5 목적지54 |  550스텝 | 배송 54/54 | 재적재  8 | 중계율 0.09 | alpha 2.149 | complete
Ep 744 | 드론5 목적지24 |  426스텝 | 배송 24/24 | 재적재  2 | 중계율 0.14 | alpha 2.145 | complete
Ep 745 | 드론6 목적지37 |  303스텝 | 배송 37/37 | 재적재  5 | 중계율 0.11 | alpha 2.154 | complete
Ep 746 | 드론4 목적지50 |  958스텝 | 배송 50/50 | 재적재  8 | 중계율 0.24 | alpha 2.164 | complete
Ep 747 | 드론3 목적지78 | 1000스텝 | 배송 56/78 | 재적재  9 | 중계율 0.26 | alpha 2.139 | step_limit
Ep 748 | 드론4 목적지33 |  722스텝 | 배송 33/33 | 재적재  5 | 중계율 0.16 | alpha 2.152 | complete
Ep 749 | 드론4 목적지20 |  618스텝 | 배송 20/20 | 재적재  2 | 중계율 0.24 | alpha 2.118 | complete
Ep 750 | 드론5 목적지80 |  634스텝 | 배송 80/80 | 재적재 13 | 중계율 0.12 | alpha 2.154 | complete
  [홀드아웃] 배송 50.0±0.0 완주 1.00 스텝 1059 점수 106.5 재적재 8.3 2홉+ 0.62 | 최고 106.7@ep700 정체 1/15
Ep 751 | 드론6 목적지29 |  358스텝 | 배송 29/29 | 재적재  3 | 중계율 0.11 | alpha 2.150 | complete
Ep 752 | 드론5 목적지21 |  331스텝 | 배송 21/21 | 재적재  3 | 중계율 0.14 | alpha 2.148 | complete
Ep 753 | 드론6 목적지21 |  392스텝 | 배송 21/21 | 재적재  2 | 중계율 0.10 | alpha 2.150 | complete
Ep 754 | 드론5 목적지39 |  480스텝 | 배송 39/39 | 재적재  7 | 중계율 0.16 | alpha 2.176 | complete
Ep 755 | 드론3 목적지68 | 1000스텝 | 배송 56/68 | 재적재 10 | 중계율 0.22 | alpha 2.192 | step_limit
Ep 756 | 드론3 목적지80 | 1000스텝 | 배송 67/80 | 재적재 13 | 중계율 0.18 | alpha 2.229 | step_limit
Ep 757 | 드론5 목적지62 |  606스텝 | 배송 62/62 | 재적재 12 | 중계율 0.06 | alpha 2.230 | complete
Ep 758 | 드론5 목적지36 |  586스텝 | 배송 36/36 | 재적재  5 | 중계율 0.24 | alpha 2.198 | complete
Ep 759 | 드론6 목적지46 |  833스텝 | 배송 46/46 | 재적재  7 | 중계율 0.22 | alpha 2.192 | complete
Ep 760 | 드론3 목적지23 |  744스텝 | 배송 23/23 | 재적재  3 | 중계율 0.21 | alpha 2.174 | complete
Ep 761 | 드론6 목적지36 |  313스텝 | 배송 36/36 | 재적재  6 | 중계율 0.08 | alpha 2.167 | complete
Ep 762 | 드론3 목적지66 | 1000스텝 | 배송 61/66 | 재적재 12 | 중계율 0.17 | alpha 2.165 | step_limit
Ep 763 | 드론3 목적지24 |  378스텝 | 배송 24/24 | 재적재  3 | 중계율 0.13 | alpha 2.173 | complete
Ep 764 | 드론3 목적지27 |  377스텝 | 배송 27/27 | 재적재  4 | 중계율 0.09 | alpha 2.182 | complete
Ep 765 | 드론5 목적지43 |  513스텝 | 배송 43/43 | 재적재  7 | 중계율 0.15 | alpha 2.162 | complete
Ep 766 | 드론3 목적지25 |  587스텝 | 배송 25/25 | 재적재  4 | 중계율 0.17 | alpha 2.156 | complete
Ep 767 | 드론3 목적지65 | 1000스텝 | 배송 59/65 | 재적재  9 | 중계율 0.22 | alpha 2.175 | step_limit
Ep 768 | 드론3 목적지50 | 1000스텝 | 배송 49/50 | 재적재  9 | 중계율 0.18 | alpha 2.169 | step_limit
Ep 769 | 드론5 목적지40 |  436스텝 | 배송 40/40 | 재적재  5 | 중계율 0.13 | alpha 2.183 | complete
Ep 770 | 드론6 목적지58 |  758스텝 | 배송 58/58 | 재적재  9 | 중계율 0.13 | alpha 2.196 | complete
Ep 771 | 드론3 목적지28 |  834스텝 | 배송 28/28 | 재적재  4 | 중계율 0.28 | alpha 2.201 | complete
Ep 772 | 드론5 목적지53 |  483스텝 | 배송 53/53 | 재적재  9 | 중계율 0.07 | alpha 2.205 | complete
Ep 773 | 드론3 목적지60 | 1000스텝 | 배송 53/60 | 재적재  9 | 중계율 0.21 | alpha 2.176 | step_limit
Ep 774 | 드론4 목적지60 | 1000스텝 | 배송 51/60 | 재적재  8 | 중계율 0.26 | alpha 2.146 | step_limit
Ep 775 | 드론3 목적지62 | 1000스텝 | 배송 49/62 | 재적재  9 | 중계율 0.18 | alpha 2.160 | step_limit
Ep 776 | 드론3 목적지47 | 1000스텝 | 배송 44/47 | 재적재  8 | 중계율 0.21 | alpha 2.170 | step_limit
Ep 777 | 드론3 목적지77 | 1000스텝 | 배송 64/77 | 재적재 11 | 중계율 0.14 | alpha 2.209 | step_limit
Ep 778 | 드론3 목적지29 |  697스텝 | 배송 29/29 | 재적재  4 | 중계율 0.22 | alpha 2.200 | complete
Ep 779 | 드론4 목적지79 | 1000스텝 | 배송 62/79 | 재적재 12 | 중계율 0.24 | alpha 2.227 | step_limit
Ep 780 | 드론6 목적지50 |  605스텝 | 배송 50/50 | 재적재  8 | 중계율 0.15 | alpha 2.216 | complete
Ep 781 | 드론3 목적지53 | 1000스텝 | 배송 46/53 | 재적재  7 | 중계율 0.27 | alpha 2.234 | step_limit
Ep 782 | 드론3 목적지35 | 1000스텝 | 배송 31/35 | 재적재  6 | 중계율 0.20 | alpha 2.228 | step_limit
Ep 783 | 드론6 목적지55 |  421스텝 | 배송 55/55 | 재적재  8 | 중계율 0.10 | alpha 2.226 | complete
Ep 784 | 드론3 목적지53 | 1000스텝 | 배송 45/53 | 재적재  7 | 중계율 0.22 | alpha 2.208 | step_limit
Ep 785 | 드론6 목적지56 |  540스텝 | 배송 56/56 | 재적재  9 | 중계율 0.17 | alpha 2.240 | complete
Ep 786 | 드론4 목적지73 | 1000스텝 | 배송 63/73 | 재적재 10 | 중계율 0.22 | alpha 2.280 | step_limit
Ep 787 | 드론5 목적지70 |  774스텝 | 배송 70/70 | 재적재 11 | 중계율 0.16 | alpha 2.262 | complete
Ep 788 | 드론4 목적지31 |  395스텝 | 배송 31/31 | 재적재  5 | 중계율 0.07 | alpha 2.248 | complete
Ep 789 | 드론4 목적지40 |  805스텝 | 배송 40/40 | 재적재  6 | 중계율 0.19 | alpha 2.231 | complete
Ep 790 | 드론6 목적지29 |  319스텝 | 배송 29/29 | 재적재  4 | 중계율 0.11 | alpha 2.220 | complete
Ep 791 | 드론6 목적지38 |  324스텝 | 배송 38/38 | 재적재  5 | 중계율 0.10 | alpha 2.197 | complete
Ep 792 | 드론6 목적지77 |  577스텝 | 배송 77/77 | 재적재 11 | 중계율 0.10 | alpha 2.208 | complete
Ep 793 | 드론3 목적지71 | 1000스텝 | 배송 52/71 | 재적재  9 | 중계율 0.16 | alpha 2.165 | step_limit
Ep 794 | 드론3 목적지33 |  642스텝 | 배송 33/33 | 재적재  6 | 중계율 0.17 | alpha 2.145 | complete
Ep 795 | 드론4 목적지76 | 1000스텝 | 배송 63/76 | 재적재 11 | 중계율 0.25 | alpha 2.150 | step_limit
Ep 796 | 드론4 목적지65 |  992스텝 | 배송 65/65 | 재적재 12 | 중계율 0.19 | alpha 2.192 | complete
Ep 797 | 드론5 목적지72 |  887스텝 | 배송 72/72 | 재적재 13 | 중계율 0.13 | alpha 2.204 | complete
Ep 798 | 드론5 목적지54 |  761스텝 | 배송 54/54 | 재적재  8 | 중계율 0.20 | alpha 2.203 | complete
Ep 799 | 드론3 목적지35 |  843스텝 | 배송 35/35 | 재적재  6 | 중계율 0.21 | alpha 2.163 | complete
Ep 800 | 드론4 목적지78 | 1000스텝 | 배송 72/78 | 재적재 13 | 중계율 0.19 | alpha 2.223 | step_limit
  [홀드아웃] 배송 50.0±0.0 완주 1.00 스텝 973 점수 106.8 재적재 8.1 2홉+ 0.63 | 최고 106.8@ep800 정체 0/15  ← 갱신
Ep 801 | 드론4 목적지21 |  400스텝 | 배송 21/21 | 재적재  3 | 중계율 0.18 | alpha 2.231 | complete
Ep 802 | 드론6 목적지22 |  222스텝 | 배송 22/22 | 재적재  0 | 중계율 0.09 | alpha 2.232 | complete
Ep 803 | 드론6 목적지57 |  391스텝 | 배송 57/57 | 재적재  9 | 중계율 0.11 | alpha 2.236 | complete
Ep 804 | 드론3 목적지60 | 1000스텝 | 배송 56/60 | 재적재 10 | 중계율 0.17 | alpha 2.225 | step_limit
Ep 805 | 드론6 목적지34 |  298스텝 | 배송 34/34 | 재적재  5 | 중계율 0.09 | alpha 2.221 | complete
Ep 806 | 드론4 목적지59 |  980스텝 | 배송 59/59 | 재적재 10 | 중계율 0.19 | alpha 2.209 | complete
Ep 807 | 드론5 목적지22 |  322스텝 | 배송 22/22 | 재적재  2 | 중계율 0.11 | alpha 2.198 | complete
Ep 808 | 드론3 목적지35 | 1000스텝 | 배송 31/35 | 재적재  5 | 중계율 0.27 | alpha 2.181 | step_limit
Ep 809 | 드론4 목적지38 |  710스텝 | 배송 38/38 | 재적재  5 | 중계율 0.23 | alpha 2.196 | complete
Ep 810 | 드론5 목적지47 |  986스텝 | 배송 47/47 | 재적재  8 | 중계율 0.25 | alpha 2.261 | complete
Ep 811 | 드론4 목적지70 | 1000스텝 | 배송 54/70 | 재적재  9 | 중계율 0.28 | alpha 2.246 | step_limit
Ep 812 | 드론4 목적지40 |  605스텝 | 배송 40/40 | 재적재  7 | 중계율 0.13 | alpha 2.236 | complete
Ep 813 | 드론3 목적지55 | 1000스텝 | 배송 50/55 | 재적재  8 | 중계율 0.22 | alpha 2.241 | step_limit
Ep 814 | 드론3 목적지38 |  754스텝 | 배송 38/38 | 재적재  6 | 중계율 0.17 | alpha 2.245 | complete
Ep 815 | 드론3 목적지75 | 1000스텝 | 배송 54/75 | 재적재 10 | 중계율 0.19 | alpha 2.252 | step_limit
Ep 816 | 드론5 목적지57 |  731스텝 | 배송 57/57 | 재적재 10 | 중계율 0.15 | alpha 2.212 | complete
Ep 817 | 드론4 목적지58 | 1000스텝 | 배송 56/58 | 재적재 11 | 중계율 0.26 | alpha 2.216 | step_limit
Ep 818 | 드론5 목적지21 |  630스텝 | 배송 21/21 | 재적재  3 | 중계율 0.24 | alpha 2.190 | complete
Ep 819 | 드론3 목적지70 | 1000스텝 | 배송 61/70 | 재적재 11 | 중계율 0.15 | alpha 2.199 | step_limit
Ep 820 | 드론6 목적지26 |  346스텝 | 배송 26/26 | 재적재  3 | 중계율 0.17 | alpha 2.220 | complete
Ep 821 | 드론5 목적지27 |  391스텝 | 배송 27/27 | 재적재  3 | 중계율 0.14 | alpha 2.232 | complete
Ep 822 | 드론5 목적지61 |  615스텝 | 배송 61/61 | 재적재  9 | 중계율 0.16 | alpha 2.227 | complete
Ep 823 | 드론5 목적지77 |  953스텝 | 배송 77/77 | 재적재 13 | 중계율 0.18 | alpha 2.222 | complete
Ep 824 | 드론3 목적지38 |  954스텝 | 배송 38/38 | 재적재  6 | 중계율 0.16 | alpha 2.207 | complete
Ep 825 | 드론4 목적지63 |  827스텝 | 배송 63/63 | 재적재 11 | 중계율 0.12 | alpha 2.195 | complete
Ep 826 | 드론5 목적지44 |  571스텝 | 배송 44/44 | 재적재  7 | 중계율 0.14 | alpha 2.163 | complete
Ep 827 | 드론5 목적지51 |  661스텝 | 배송 51/51 | 재적재  8 | 중계율 0.20 | alpha 2.191 | complete
Ep 828 | 드론3 목적지41 | 1000스텝 | 배송 40/41 | 재적재  7 | 중계율 0.25 | alpha 2.250 | step_limit
Ep 829 | 드론3 목적지22 |  611스텝 | 배송 22/22 | 재적재  4 | 중계율 0.22 | alpha 2.250 | complete
Ep 830 | 드론4 목적지48 |  724스텝 | 배송 48/48 | 재적재  8 | 중계율 0.13 | alpha 2.254 | complete
Ep 831 | 드론3 목적지61 | 1000스텝 | 배송 57/61 | 재적재 10 | 중계율 0.27 | alpha 2.229 | step_limit
Ep 832 | 드론4 목적지66 | 1000스텝 | 배송 65/66 | 재적재 11 | 중계율 0.12 | alpha 2.209 | step_limit
Ep 833 | 드론4 목적지26 |  278스텝 | 배송 26/26 | 재적재  4 | 중계율 0.08 | alpha 2.205 | complete
Ep 834 | 드론6 목적지25 |  275스텝 | 배송 25/25 | 재적재  1 | 중계율 0.15 | alpha 2.195 | complete
Ep 835 | 드론3 목적지78 | 1000스텝 | 배송 60/78 | 재적재 10 | 중계율 0.24 | alpha 2.211 | step_limit
Ep 836 | 드론6 목적지22 |  265스텝 | 배송 22/22 | 재적재  1 | 중계율 0.13 | alpha 2.218 | complete
Ep 837 | 드론4 목적지74 | 1000스텝 | 배송 66/74 | 재적재 11 | 중계율 0.24 | alpha 2.219 | step_limit
Ep 838 | 드론6 목적지46 |  610스텝 | 배송 46/46 | 재적재  8 | 중계율 0.20 | alpha 2.242 | complete
Ep 839 | 드론4 목적지47 | 1000스텝 | 배송 45/47 | 재적재  7 | 중계율 0.26 | alpha 2.224 | step_limit
Ep 840 | 드론5 목적지31 |  294스텝 | 배송 31/31 | 재적재  5 | 중계율 0.10 | alpha 2.235 | complete
Ep 841 | 드론3 목적지52 | 1000스텝 | 배송 42/52 | 재적재  7 | 중계율 0.25 | alpha 2.265 | step_limit
Ep 842 | 드론4 목적지30 |  419스텝 | 배송 30/30 | 재적재  4 | 중계율 0.07 | alpha 2.269 | complete
Ep 843 | 드론5 목적지75 |  900스텝 | 배송 75/75 | 재적재 13 | 중계율 0.21 | alpha 2.299 | complete
Ep 844 | 드론5 목적지28 |  453스텝 | 배송 28/28 | 재적재  3 | 중계율 0.16 | alpha 2.315 | complete
Ep 845 | 드론4 목적지44 |  617스텝 | 배송 44/44 | 재적재  7 | 중계율 0.15 | alpha 2.324 | complete
Ep 846 | 드론4 목적지31 |  375스텝 | 배송 31/31 | 재적재  5 | 중계율 0.13 | alpha 2.315 | complete
Ep 847 | 드론6 목적지45 |  476스텝 | 배송 45/45 | 재적재  6 | 중계율 0.13 | alpha 2.318 | complete
Ep 848 | 드론3 목적지44 | 1000스텝 | 배송 40/44 | 재적재  8 | 중계율 0.26 | alpha 2.294 | step_limit
Ep 849 | 드론3 목적지49 | 1000스텝 | 배송 45/49 | 재적재  7 | 중계율 0.26 | alpha 2.293 | step_limit
Ep 850 | 드론3 목적지47 | 1000스텝 | 배송 40/47 | 재적재  6 | 중계율 0.28 | alpha 2.315 | step_limit
  [홀드아웃] 배송 50.0±0.3 완주 0.97 스텝 1010 점수 104.1 재적재 8.3 2홉+ 0.62 | 최고 106.8@ep800 정체 1/15
Ep 851 | 드론6 목적지30 |  303스텝 | 배송 30/30 | 재적재  4 | 중계율 0.13 | alpha 2.308 | complete
Ep 852 | 드론6 목적지65 |  581스텝 | 배송 65/65 | 재적재 10 | 중계율 0.12 | alpha 2.282 | complete
Ep 853 | 드론4 목적지45 | 1000스텝 | 배송 40/45 | 재적재  7 | 중계율 0.23 | alpha 2.292 | step_limit
Ep 854 | 드론6 목적지23 |  274스텝 | 배송 23/23 | 재적재  1 | 중계율 0.15 | alpha 2.284 | complete
Ep 855 | 드론6 목적지49 |  368스텝 | 배송 49/49 | 재적재  5 | 중계율 0.12 | alpha 2.292 | complete
Ep 856 | 드론3 목적지28 |  613스텝 | 배송 28/28 | 재적재  4 | 중계율 0.23 | alpha 2.326 | complete
Ep 857 | 드론3 목적지38 |  769스텝 | 배송 38/38 | 재적재  6 | 중계율 0.19 | alpha 2.316 | complete
Ep 858 | 드론6 목적지70 |  539스텝 | 배송 70/70 | 재적재 11 | 중계율 0.09 | alpha 2.301 | complete
Ep 859 | 드론6 목적지27 |  349스텝 | 배송 27/27 | 재적재  4 | 중계율 0.13 | alpha 2.305 | complete
Ep 860 | 드론6 목적지30 |  498스텝 | 배송 30/30 | 재적재  4 | 중계율 0.19 | alpha 2.305 | complete
Ep 861 | 드론3 목적지39 | 1000스텝 | 배송 37/39 | 재적재  6 | 중계율 0.18 | alpha 2.289 | step_limit
Ep 862 | 드론6 목적지50 |  441스텝 | 배송 50/50 | 재적재  9 | 중계율 0.06 | alpha 2.269 | complete
Ep 863 | 드론6 목적지30 |  374스텝 | 배송 30/30 | 재적재  5 | 중계율 0.17 | alpha 2.277 | complete
Ep 864 | 드론5 목적지38 |  532스텝 | 배송 38/38 | 재적재  5 | 중계율 0.15 | alpha 2.258 | complete
Ep 865 | 드론5 목적지56 |  779스텝 | 배송 56/56 | 재적재  9 | 중계율 0.18 | alpha 2.231 | complete
Ep 866 | 드론3 목적지70 | 1000스텝 | 배송 60/70 | 재적재 11 | 중계율 0.24 | alpha 2.255 | step_limit
Ep 867 | 드론3 목적지48 | 1000스텝 | 배송 41/48 | 재적재  7 | 중계율 0.16 | alpha 2.294 | step_limit
Ep 868 | 드론5 목적지37 |  338스텝 | 배송 37/37 | 재적재  5 | 중계율 0.08 | alpha 2.291 | complete
Ep 869 | 드론5 목적지46 |  585스텝 | 배송 46/46 | 재적재  8 | 중계율 0.11 | alpha 2.309 | complete
Ep 870 | 드론3 목적지47 |  992스텝 | 배송 47/47 | 재적재  9 | 중계율 0.20 | alpha 2.304 | complete
Ep 871 | 드론3 목적지44 | 1000스텝 | 배송 41/44 | 재적재  7 | 중계율 0.24 | alpha 2.305 | step_limit
Ep 872 | 드론4 목적지57 |  746스텝 | 배송 57/57 | 재적재  8 | 중계율 0.16 | alpha 2.319 | complete
Ep 873 | 드론6 목적지30 |  411스텝 | 배송 30/30 | 재적재  3 | 중계율 0.16 | alpha 2.326 | complete
Ep 874 | 드론3 목적지20 |  353스텝 | 배송 20/20 | 재적재  2 | 중계율 0.13 | alpha 2.324 | complete
Ep 875 | 드론6 목적지43 |  414스텝 | 배송 43/43 | 재적재  6 | 중계율 0.07 | alpha 2.314 | complete
Ep 876 | 드론5 목적지23 |  350스텝 | 배송 23/23 | 재적재  2 | 중계율 0.14 | alpha 2.333 | complete
Ep 877 | 드론3 목적지65 | 1000스텝 | 배송 55/65 | 재적재 10 | 중계율 0.21 | alpha 2.328 | step_limit
Ep 878 | 드론3 목적지65 | 1000스텝 | 배송 57/65 | 재적재 10 | 중계율 0.19 | alpha 2.337 | step_limit
Ep 879 | 드론5 목적지28 |  272스텝 | 배송 28/28 | 재적재  3 | 중계율 0.14 | alpha 2.361 | complete
Ep 880 | 드론6 목적지41 |  337스텝 | 배송 41/41 | 재적재  5 | 중계율 0.07 | alpha 2.352 | complete
Ep 881 | 드론4 목적지59 |  777스텝 | 배송 59/59 | 재적재 11 | 중계율 0.11 | alpha 2.363 | complete
Ep 882 | 드론3 목적지46 |  939스텝 | 배송 46/46 | 재적재  7 | 중계율 0.27 | alpha 2.376 | complete
Ep 883 | 드론5 목적지67 | 1000스텝 | 배송 65/67 | 재적재 10 | 중계율 0.21 | alpha 2.366 | step_limit
Ep 884 | 드론4 목적지49 |  667스텝 | 배송 49/49 | 재적재  9 | 중계율 0.14 | alpha 2.375 | complete
Ep 885 | 드론3 목적지51 | 1000스텝 | 배송 40/51 | 재적재  7 | 중계율 0.25 | alpha 2.393 | step_limit
Ep 886 | 드론4 목적지36 | 1000스텝 | 배송 33/36 | 재적재  5 | 중계율 0.31 | alpha 2.370 | step_limit
Ep 887 | 드론6 목적지36 |  446스텝 | 배송 36/36 | 재적재  6 | 중계율 0.14 | alpha 2.389 | complete
Ep 888 | 드론3 목적지48 |  995스텝 | 배송 48/48 | 재적재  8 | 중계율 0.24 | alpha 2.362 | complete
Ep 889 | 드론6 목적지22 |  297스텝 | 배송 22/22 | 재적재  0 | 중계율 0.17 | alpha 2.351 | complete
Ep 890 | 드론3 목적지60 | 1000스텝 | 배송 47/60 | 재적재  7 | 중계율 0.27 | alpha 2.325 | step_limit
Ep 891 | 드론6 목적지80 |  621스텝 | 배송 80/80 | 재적재 13 | 중계율 0.12 | alpha 2.374 | complete
Ep 892 | 드론3 목적지73 | 1000스텝 | 배송 56/73 | 재적재 10 | 중계율 0.21 | alpha 2.373 | step_limit
Ep 893 | 드론4 목적지30 |  486스텝 | 배송 30/30 | 재적재  4 | 중계율 0.14 | alpha 2.359 | complete
Ep 894 | 드론3 목적지63 | 1000스텝 | 배송 50/63 | 재적재  8 | 중계율 0.21 | alpha 2.377 | step_limit
Ep 895 | 드론6 목적지28 |  274스텝 | 배송 28/28 | 재적재  2 | 중계율 0.12 | alpha 2.391 | complete
Ep 896 | 드론3 목적지39 |  882스텝 | 배송 39/39 | 재적재  6 | 중계율 0.24 | alpha 2.396 | complete
Ep 897 | 드론6 목적지53 |  648스텝 | 배송 53/53 | 재적재  7 | 중계율 0.17 | alpha 2.380 | complete
Ep 898 | 드론4 목적지66 | 1000스텝 | 배송 59/66 | 재적재 10 | 중계율 0.25 | alpha 2.348 | step_limit
Ep 899 | 드론4 목적지33 |  560스텝 | 배송 33/33 | 재적재  4 | 중계율 0.15 | alpha 2.331 | complete
Ep 900 | 드론5 목적지43 |  515스텝 | 배송 43/43 | 재적재  6 | 중계율 0.12 | alpha 2.362 | complete
  [홀드아웃] 배송 49.9±0.8 완주 0.97 스텝 1020 점수 104.1 재적재 8.3 2홉+ 0.63 | 최고 106.8@ep800 정체 2/15
Ep 901 | 드론6 목적지59 |  561스텝 | 배송 59/59 | 재적재  9 | 중계율 0.12 | alpha 2.345 | complete
Ep 902 | 드론3 목적지29 |  871스텝 | 배송 29/29 | 재적재  4 | 중계율 0.29 | alpha 2.361 | complete
Ep 903 | 드론4 목적지75 | 1000스텝 | 배송 72/75 | 재적재 12 | 중계율 0.20 | alpha 2.372 | step_limit
Ep 904 | 드론3 목적지71 | 1000스텝 | 배송 60/71 | 재적재 11 | 중계율 0.22 | alpha 2.382 | step_limit
Ep 905 | 드론6 목적지77 |  527스텝 | 배송 77/77 | 재적재 12 | 중계율 0.08 | alpha 2.371 | complete
Ep 906 | 드론6 목적지73 |  616스텝 | 배송 73/73 | 재적재 12 | 중계율 0.08 | alpha 2.391 | complete
Ep 907 | 드론3 목적지79 | 1000스텝 | 배송 62/79 | 재적재 11 | 중계율 0.21 | alpha 2.378 | step_limit
Ep 908 | 드론6 목적지33 |  662스텝 | 배송 33/33 | 재적재  5 | 중계율 0.20 | alpha 2.381 | complete
Ep 909 | 드론5 목적지29 |  483스텝 | 배송 29/29 | 재적재  3 | 중계율 0.11 | alpha 2.359 | complete
Ep 910 | 드론6 목적지41 |  522스텝 | 배송 41/41 | 재적재  6 | 중계율 0.23 | alpha 2.333 | complete
Ep 911 | 드론6 목적지34 |  433스텝 | 배송 34/34 | 재적재  4 | 중계율 0.11 | alpha 2.340 | complete
Ep 912 | 드론6 목적지42 |  398스텝 | 배송 42/42 | 재적재  5 | 중계율 0.15 | alpha 2.353 | complete
Ep 913 | 드론5 목적지34 |  495스텝 | 배송 34/34 | 재적재  5 | 중계율 0.18 | alpha 2.367 | complete
Ep 914 | 드론4 목적지44 |  734스텝 | 배송 44/44 | 재적재  7 | 중계율 0.15 | alpha 2.356 | complete
Ep 915 | 드론3 목적지67 | 1000스텝 | 배송 51/67 | 재적재  8 | 중계율 0.21 | alpha 2.325 | step_limit
Ep 916 | 드론6 목적지34 |  393스텝 | 배송 34/34 | 재적재  3 | 중계율 0.18 | alpha 2.332 | complete
Ep 917 | 드론6 목적지52 |  444스텝 | 배송 52/52 | 재적재  8 | 중계율 0.07 | alpha 2.329 | complete
Ep 918 | 드론4 목적지45 |  691스텝 | 배송 45/45 | 재적재  7 | 중계율 0.16 | alpha 2.343 | complete
Ep 919 | 드론6 목적지39 |  564스텝 | 배송 39/39 | 재적재  5 | 중계율 0.17 | alpha 2.313 | complete
Ep 920 | 드론6 목적지58 |  450스텝 | 배송 58/58 | 재적재  8 | 중계율 0.13 | alpha 2.296 | complete
Ep 921 | 드론4 목적지40 |  677스텝 | 배송 40/40 | 재적재  6 | 중계율 0.19 | alpha 2.319 | complete
Ep 922 | 드론6 목적지77 |  592스텝 | 배송 77/77 | 재적재 12 | 중계율 0.12 | alpha 2.310 | complete
Ep 923 | 드론5 목적지76 |  931스텝 | 배송 76/76 | 재적재 14 | 중계율 0.19 | alpha 2.305 | complete
Ep 924 | 드론5 목적지72 |  670스텝 | 배송 72/72 | 재적재 13 | 중계율 0.13 | alpha 2.301 | complete
Ep 925 | 드론6 목적지36 |  313스텝 | 배송 36/36 | 재적재  6 | 중계율 0.11 | alpha 2.291 | complete
Ep 926 | 드론6 목적지56 |  534스텝 | 배송 56/56 | 재적재  9 | 중계율 0.13 | alpha 2.281 | complete
Ep 927 | 드론5 목적지21 |  206스텝 | 배송 21/21 | 재적재  2 | 중계율 0.11 | alpha 2.294 | complete
Ep 928 | 드론4 목적지59 |  843스텝 | 배송 59/59 | 재적재 11 | 중계율 0.14 | alpha 2.296 | complete
Ep 929 | 드론5 목적지25 |  518스텝 | 배송 25/25 | 재적재  3 | 중계율 0.17 | alpha 2.327 | complete
Ep 930 | 드론4 목적지28 |  431스텝 | 배송 28/28 | 재적재  3 | 중계율 0.12 | alpha 2.369 | complete
Ep 931 | 드론5 목적지70 |  917스텝 | 배송 70/70 | 재적재 12 | 중계율 0.19 | alpha 2.343 | complete
Ep 932 | 드론4 목적지75 | 1000스텝 | 배송 66/75 | 재적재 11 | 중계율 0.20 | alpha 2.339 | step_limit
Ep 933 | 드론3 목적지31 |  567스텝 | 배송 31/31 | 재적재  5 | 중계율 0.18 | alpha 2.307 | complete
Ep 934 | 드론4 목적지28 |  473스텝 | 배송 28/28 | 재적재  4 | 중계율 0.16 | alpha 2.322 | complete
Ep 935 | 드론3 목적지36 | 1000스텝 | 배송 31/36 | 재적재  5 | 중계율 0.21 | alpha 2.332 | step_limit
Ep 936 | 드론4 목적지20 |  381스텝 | 배송 20/20 | 재적재  3 | 중계율 0.14 | alpha 2.334 | complete
Ep 937 | 드론3 목적지28 |  817스텝 | 배송 28/28 | 재적재  5 | 중계율 0.21 | alpha 2.330 | complete
Ep 938 | 드론6 목적지73 |  981스텝 | 배송 73/73 | 재적재 11 | 중계율 0.23 | alpha 2.284 | complete
Ep 939 | 드론4 목적지75 | 1000스텝 | 배송 67/75 | 재적재 11 | 중계율 0.20 | alpha 2.335 | step_limit
Ep 940 | 드론6 목적지64 |  528스텝 | 배송 64/64 | 재적재 10 | 중계율 0.09 | alpha 2.318 | complete
Ep 941 | 드론3 목적지37 |  695스텝 | 배송 37/37 | 재적재  7 | 중계율 0.14 | alpha 2.319 | complete
Ep 942 | 드론6 목적지57 |  488스텝 | 배송 57/57 | 재적재 10 | 중계율 0.11 | alpha 2.306 | complete
Ep 943 | 드론3 목적지69 | 1000스텝 | 배송 62/69 | 재적재 11 | 중계율 0.18 | alpha 2.294 | step_limit
Ep 944 | 드론6 목적지73 |  777스텝 | 배송 73/73 | 재적재 11 | 중계율 0.20 | alpha 2.269 | complete
Ep 945 | 드론5 목적지49 |  504스텝 | 배송 49/49 | 재적재  7 | 중계율 0.17 | alpha 2.260 | complete
Ep 946 | 드론3 목적지29 |  439스텝 | 배송 29/29 | 재적재  5 | 중계율 0.12 | alpha 2.272 | complete
Ep 947 | 드론4 목적지73 | 1000스텝 | 배송 60/73 | 재적재 11 | 중계율 0.24 | alpha 2.333 | step_limit
Ep 948 | 드론6 목적지57 |  864스텝 | 배송 57/57 | 재적재  8 | 중계율 0.27 | alpha 2.317 | complete
Ep 949 | 드론3 목적지24 |  632스텝 | 배송 24/24 | 재적재  4 | 중계율 0.19 | alpha 2.335 | complete
Ep 950 | 드론4 목적지26 |  558스텝 | 배송 26/26 | 재적재  4 | 중계율 0.12 | alpha 2.332 | complete
  [홀드아웃] 배송 50.0±0.0 완주 1.00 스텝 968 점수 106.8 재적재 8.3 2홉+ 0.62 | 최고 106.8@ep950 정체 0/15  ← 갱신
Ep 951 | 드론6 목적지20 |  193스텝 | 배송 20/20 | 재적재  0 | 중계율 0.10 | alpha 2.331 | complete
Ep 952 | 드론6 목적지28 |  301스텝 | 배송 28/28 | 재적재  4 | 중계율 0.12 | alpha 2.319 | complete
Ep 953 | 드론3 목적지42 |  905스텝 | 배송 42/42 | 재적재  8 | 중계율 0.23 | alpha 2.276 | complete
Ep 954 | 드론3 목적지30 |  633스텝 | 배송 30/30 | 재적재  5 | 중계율 0.23 | alpha 2.274 | complete
Ep 955 | 드론5 목적지38 |  453스텝 | 배송 38/38 | 재적재  6 | 중계율 0.08 | alpha 2.295 | complete
Ep 956 | 드론4 목적지33 |  463스텝 | 배송 33/33 | 재적재  6 | 중계율 0.16 | alpha 2.292 | complete
Ep 957 | 드론3 목적지42 | 1000스텝 | 배송 36/42 | 재적재  6 | 중계율 0.28 | alpha 2.283 | step_limit
Ep 958 | 드론6 목적지34 |  289스텝 | 배송 34/34 | 재적재  6 | 중계율 0.10 | alpha 2.296 | complete
Ep 959 | 드론3 목적지80 | 1000스텝 | 배송 64/80 | 재적재 10 | 중계율 0.23 | alpha 2.315 | step_limit
Ep 960 | 드론6 목적지66 |  566스텝 | 배송 66/66 | 재적재 12 | 중계율 0.10 | alpha 2.328 | complete
Ep 961 | 드론3 목적지70 | 1000스텝 | 배송 55/70 | 재적재  9 | 중계율 0.26 | alpha 2.319 | step_limit
Ep 962 | 드론4 목적지47 | 1000스텝 | 배송 46/47 | 재적재  7 | 중계율 0.22 | alpha 2.312 | step_limit
Ep 963 | 드론6 목적지27 |  479스텝 | 배송 27/27 | 재적재  3 | 중계율 0.16 | alpha 2.286 | complete
Ep 964 | 드론6 목적지65 |  585스텝 | 배송 65/65 | 재적재 10 | 중계율 0.11 | alpha 2.313 | complete
Ep 965 | 드론3 목적지22 |  532스텝 | 배송 22/22 | 재적재  3 | 중계율 0.26 | alpha 2.326 | complete
Ep 966 | 드론4 목적지28 |  412스텝 | 배송 28/28 | 재적재  3 | 중계율 0.21 | alpha 2.314 | complete
Ep 967 | 드론5 목적지73 |  914스텝 | 배송 73/73 | 재적재 12 | 중계율 0.15 | alpha 2.312 | complete
Ep 968 | 드론5 목적지62 |  829스텝 | 배송 62/62 | 재적재 11 | 중계율 0.15 | alpha 2.353 | complete
Ep 969 | 드론6 목적지55 |  571스텝 | 배송 55/55 | 재적재  9 | 중계율 0.10 | alpha 2.360 | complete
Ep 970 | 드론5 목적지46 |  588스텝 | 배송 46/46 | 재적재  7 | 중계율 0.09 | alpha 2.377 | complete
Ep 971 | 드론5 목적지34 |  844스텝 | 배송 34/34 | 재적재  4 | 중계율 0.19 | alpha 2.362 | complete
Ep 972 | 드론3 목적지78 | 1000스텝 | 배송 62/78 | 재적재 11 | 중계율 0.19 | alpha 2.324 | step_limit
Ep 973 | 드론4 목적지78 | 1000스텝 | 배송 74/78 | 재적재 14 | 중계율 0.15 | alpha 2.315 | step_limit
Ep 974 | 드론4 목적지60 | 1000스텝 | 배송 59/60 | 재적재 10 | 중계율 0.27 | alpha 2.295 | step_limit
Ep 975 | 드론6 목적지52 |  579스텝 | 배송 52/52 | 재적재  9 | 중계율 0.11 | alpha 2.319 | complete
Ep 976 | 드론5 목적지53 |  582스텝 | 배송 53/53 | 재적재  8 | 중계율 0.14 | alpha 2.299 | complete
Ep 977 | 드론6 목적지30 |  223스텝 | 배송 30/30 | 재적재  2 | 중계율 0.10 | alpha 2.308 | complete
Ep 978 | 드론6 목적지45 |  358스텝 | 배송 45/45 | 재적재  6 | 중계율 0.07 | alpha 2.309 | complete
Ep 979 | 드론6 목적지34 |  393스텝 | 배송 34/34 | 재적재  3 | 중계율 0.16 | alpha 2.318 | complete
Ep 980 | 드론3 목적지55 | 1000스텝 | 배송 47/55 | 재적재  8 | 중계율 0.24 | alpha 2.357 | step_limit
Ep 981 | 드론5 목적지49 | 1000스텝 | 배송 47/49 | 재적재  8 | 중계율 0.23 | alpha 2.354 | step_limit
Ep 982 | 드론3 목적지26 |  734스텝 | 배송 26/26 | 재적재  4 | 중계율 0.19 | alpha 2.369 | complete
Ep 983 | 드론6 목적지39 |  542스텝 | 배송 39/39 | 재적재  5 | 중계율 0.16 | alpha 2.335 | complete
Ep 984 | 드론6 목적지20 |  236스텝 | 배송 20/20 | 재적재  0 | 중계율 0.10 | alpha 2.350 | complete
Ep 985 | 드론6 목적지29 |  351스텝 | 배송 29/29 | 재적재  4 | 중계율 0.11 | alpha 2.348 | complete
Ep 986 | 드론5 목적지59 |  890스텝 | 배송 59/59 | 재적재 11 | 중계율 0.19 | alpha 2.334 | complete
Ep 987 | 드론3 목적지74 | 1000스텝 | 배송 56/74 | 재적재 11 | 중계율 0.20 | alpha 2.305 | step_limit
Ep 988 | 드론5 목적지70 |  693스텝 | 배송 70/70 | 재적재 11 | 중계율 0.17 | alpha 2.285 | complete
Ep 989 | 드론6 목적지34 |  384스텝 | 배송 34/34 | 재적재  5 | 중계율 0.09 | alpha 2.270 | complete
Ep 990 | 드론5 목적지28 |  398스텝 | 배송 28/28 | 재적재  4 | 중계율 0.14 | alpha 2.268 | complete
Ep 991 | 드론5 목적지76 | 1000스텝 | 배송 75/76 | 재적재 14 | 중계율 0.16 | alpha 2.251 | step_limit
Ep 992 | 드론4 목적지40 |  932스텝 | 배송 40/40 | 재적재  6 | 중계율 0.23 | alpha 2.203 | complete
Ep 993 | 드론6 목적지61 |  621스텝 | 배송 61/61 | 재적재 10 | 중계율 0.08 | alpha 2.206 | complete
Ep 994 | 드론4 목적지49 | 1000스텝 | 배송 40/49 | 재적재  7 | 중계율 0.29 | alpha 2.228 | step_limit
Ep 995 | 드론6 목적지33 |  366스텝 | 배송 33/33 | 재적재  4 | 중계율 0.14 | alpha 2.244 | complete
Ep 996 | 드론3 목적지23 |  635스텝 | 배송 23/23 | 재적재  3 | 중계율 0.23 | alpha 2.298 | complete
Ep 997 | 드론6 목적지46 |  464스텝 | 배송 46/46 | 재적재  6 | 중계율 0.12 | alpha 2.309 | complete
Ep 998 | 드론6 목적지53 |  417스텝 | 배송 53/53 | 재적재  6 | 중계율 0.13 | alpha 2.304 | complete
Ep 999 | 드론4 목적지52 |  952스텝 | 배송 52/52 | 재적재  9 | 중계율 0.17 | alpha 2.311 | complete
Ep 1000 | 드론4 목적지78 | 1000스텝 | 배송 73/78 | 재적재 11 | 중계율 0.19 | alpha 2.344 | step_limit
  [홀드아웃] 배송 50.0±0.0 완주 1.00 스텝 1046 점수 106.5 재적재 8.2 2홉+ 0.63 | 최고 106.8@ep950 정체 1/15
Ep 1001 | 드론4 목적지65 | 1000스텝 | 배송 56/65 | 재적재  9 | 중계율 0.20 | alpha 2.317 | step_limit
Ep 1002 | 드론3 목적지51 |  852스텝 | 배송 51/51 | 재적재  9 | 중계율 0.18 | alpha 2.279 | complete
Ep 1003 | 드론5 목적지23 |  471스텝 | 배송 23/23 | 재적재  2 | 중계율 0.11 | alpha 2.270 | complete
Ep 1004 | 드론3 목적지73 | 1000스텝 | 배송 66/73 | 재적재 12 | 중계율 0.20 | alpha 2.301 | step_limit
Ep 1005 | 드론3 목적지31 |  914스텝 | 배송 31/31 | 재적재  5 | 중계율 0.25 | alpha 2.298 | complete
Ep 1006 | 드론3 목적지54 | 1000스텝 | 배송 42/54 | 재적재  8 | 중계율 0.19 | alpha 2.295 | step_limit
Ep 1007 | 드론3 목적지61 | 1000스텝 | 배송 52/61 | 재적재  9 | 중계율 0.14 | alpha 2.315 | step_limit
Ep 1008 | 드론4 목적지56 | 1000스텝 | 배송 47/56 | 재적재  7 | 중계율 0.23 | alpha 2.329 | step_limit
Ep 1009 | 드론4 목적지65 | 1000스텝 | 배송 56/65 | 재적재  9 | 중계율 0.21 | alpha 2.342 | step_limit
Ep 1010 | 드론4 목적지64 | 1000스텝 | 배송 60/64 | 재적재 11 | 중계율 0.20 | alpha 2.317 | step_limit
Ep 1011 | 드론4 목적지48 |  722스텝 | 배송 48/48 | 재적재  8 | 중계율 0.14 | alpha 2.313 | complete
Ep 1012 | 드론5 목적지77 |  671스텝 | 배송 77/77 | 재적재 14 | 중계율 0.07 | alpha 2.294 | complete
Ep 1013 | 드론6 목적지30 |  397스텝 | 배송 30/30 | 재적재  3 | 중계율 0.13 | alpha 2.300 | complete
Ep 1014 | 드론6 목적지73 |  489스텝 | 배송 73/73 | 재적재 12 | 중계율 0.08 | alpha 2.340 | complete
Ep 1015 | 드론6 목적지80 |  581스텝 | 배송 80/80 | 재적재 14 | 중계율 0.08 | alpha 2.361 | complete
Ep 1016 | 드론4 목적지35 |  792스텝 | 배송 35/35 | 재적재  6 | 중계율 0.21 | alpha 2.390 | complete
Ep 1017 | 드론4 목적지52 | 1000스텝 | 배송 48/52 | 재적재  9 | 중계율 0.20 | alpha 2.345 | step_limit
Ep 1018 | 드론6 목적지25 |  609스텝 | 배송 25/25 | 재적재  1 | 중계율 0.14 | alpha 2.335 | complete
Ep 1019 | 드론5 목적지59 |  569스텝 | 배송 59/59 | 재적재  9 | 중계율 0.07 | alpha 2.325 | complete
Ep 1020 | 드론3 목적지57 |  952스텝 | 배송 57/57 | 재적재 11 | 중계율 0.12 | alpha 2.343 | complete
Ep 1021 | 드론3 목적지78 | 1000스텝 | 배송 64/78 | 재적재 11 | 중계율 0.20 | alpha 2.365 | step_limit
Ep 1022 | 드론3 목적지68 | 1000스텝 | 배송 55/68 | 재적재 10 | 중계율 0.15 | alpha 2.338 | step_limit
Ep 1023 | 드론3 목적지33 |  780스텝 | 배송 33/33 | 재적재  5 | 중계율 0.23 | alpha 2.354 | complete
Ep 1024 | 드론3 목적지77 | 1000스텝 | 배송 61/77 | 재적재 11 | 중계율 0.20 | alpha 2.324 | step_limit
Ep 1025 | 드론6 목적지23 |  314스텝 | 배송 23/23 | 재적재  1 | 중계율 0.10 | alpha 2.330 | complete
Ep 1026 | 드론5 목적지21 |  245스텝 | 배송 21/21 | 재적재  2 | 중계율 0.09 | alpha 2.325 | complete
Ep 1027 | 드론3 목적지35 |  932스텝 | 배송 35/35 | 재적재  6 | 중계율 0.22 | alpha 2.341 | complete
Ep 1028 | 드론5 목적지41 |  691스텝 | 배송 41/41 | 재적재  6 | 중계율 0.15 | alpha 2.313 | complete
Ep 1029 | 드론5 목적지21 |  253스텝 | 배송 21/21 | 재적재  3 | 중계율 0.07 | alpha 2.286 | complete
Ep 1030 | 드론4 목적지54 |  790스텝 | 배송 54/54 | 재적재  8 | 중계율 0.15 | alpha 2.324 | complete
Ep 1031 | 드론4 목적지72 |  909스텝 | 배송 72/72 | 재적재 12 | 중계율 0.19 | alpha 2.353 | complete
Ep 1032 | 드론5 목적지48 |  582스텝 | 배송 48/48 | 재적재  7 | 중계율 0.15 | alpha 2.322 | complete
Ep 1033 | 드론3 목적지32 |  676스텝 | 배송 32/32 | 재적재  5 | 중계율 0.11 | alpha 2.301 | complete
Ep 1034 | 드론4 목적지21 |  383스텝 | 배송 21/21 | 재적재  2 | 중계율 0.11 | alpha 2.309 | complete
Ep 1035 | 드론3 목적지57 | 1000스텝 | 배송 48/57 | 재적재  8 | 중계율 0.20 | alpha 2.333 | step_limit
Ep 1036 | 드론4 목적지56 |  751스텝 | 배송 56/56 | 재적재  9 | 중계율 0.17 | alpha 2.325 | complete
Ep 1037 | 드론4 목적지53 | 1000스텝 | 배송 41/53 | 재적재  7 | 중계율 0.27 | alpha 2.298 | step_limit
Ep 1038 | 드론5 목적지29 |  300스텝 | 배송 29/29 | 재적재  4 | 중계율 0.08 | alpha 2.308 | complete
Ep 1039 | 드론3 목적지45 | 1000스텝 | 배송 43/45 | 재적재  7 | 중계율 0.18 | alpha 2.328 | step_limit
Ep 1040 | 드론3 목적지23 |  459스텝 | 배송 23/23 | 재적재  3 | 중계율 0.19 | alpha 2.315 | complete
Ep 1041 | 드론6 목적지20 |  196스텝 | 배송 20/20 | 재적재  0 | 중계율 0.12 | alpha 2.315 | complete
Ep 1042 | 드론4 목적지71 | 1000스텝 | 배송 68/71 | 재적재 13 | 중계율 0.20 | alpha 2.338 | step_limit
Ep 1043 | 드론4 목적지36 |  792스텝 | 배송 36/36 | 재적재  5 | 중계율 0.18 | alpha 2.360 | complete
Ep 1044 | 드론4 목적지46 |  646스텝 | 배송 46/46 | 재적재  8 | 중계율 0.15 | alpha 2.360 | complete
Ep 1045 | 드론3 목적지65 | 1000스텝 | 배송 53/65 | 재적재  9 | 중계율 0.23 | alpha 2.340 | step_limit
Ep 1046 | 드론5 목적지53 |  615스텝 | 배송 53/53 | 재적재  9 | 중계율 0.16 | alpha 2.373 | complete
Ep 1047 | 드론5 목적지77 |  770스텝 | 배송 77/77 | 재적재 13 | 중계율 0.14 | alpha 2.366 | complete
Ep 1048 | 드론6 목적지54 |  453스텝 | 배송 54/54 | 재적재  8 | 중계율 0.10 | alpha 2.380 | complete
Ep 1049 | 드론3 목적지75 | 1000스텝 | 배송 63/75 | 재적재 11 | 중계율 0.15 | alpha 2.410 | step_limit
Ep 1050 | 드론5 목적지66 |  763스텝 | 배송 66/66 | 재적재 10 | 중계율 0.13 | alpha 2.402 | complete
  [홀드아웃] 배송 50.0±0.0 완주 1.00 스텝 1052 점수 106.5 재적재 8.0 2홉+ 0.63 | 최고 106.8@ep950 정체 2/15
Ep 1051 | 드론4 목적지46 | 1000스텝 | 배송 44/46 | 재적재  7 | 중계율 0.21 | alpha 2.385 | step_limit
Ep 1052 | 드론6 목적지64 |  575스텝 | 배송 64/64 | 재적재 11 | 중계율 0.15 | alpha 2.376 | complete
Ep 1053 | 드론6 목적지77 |  766스텝 | 배송 77/77 | 재적재 13 | 중계율 0.20 | alpha 2.373 | complete
Ep 1054 | 드론4 목적지50 |  961스텝 | 배송 50/50 | 재적재  8 | 중계율 0.17 | alpha 2.340 | complete
Ep 1055 | 드론3 목적지33 |  979스텝 | 배송 33/33 | 재적재  5 | 중계율 0.19 | alpha 2.334 | complete
Ep 1056 | 드론5 목적지55 |  664스텝 | 배송 55/55 | 재적재  9 | 중계율 0.12 | alpha 2.319 | complete
Ep 1057 | 드론6 목적지78 |  938스텝 | 배송 78/78 | 재적재 14 | 중계율 0.19 | alpha 2.289 | complete
Ep 1058 | 드론3 목적지74 | 1000스텝 | 배송 62/74 | 재적재 11 | 중계율 0.15 | alpha 2.292 | step_limit
Ep 1059 | 드론5 목적지76 |  856스텝 | 배송 76/76 | 재적재 13 | 중계율 0.19 | alpha 2.288 | complete
Ep 1060 | 드론4 목적지56 | 1000스텝 | 배송 54/56 | 재적재  9 | 중계율 0.24 | alpha 2.366 | step_limit
Ep 1061 | 드론6 목적지46 |  607스텝 | 배송 46/46 | 재적재  7 | 중계율 0.10 | alpha 2.351 | complete
Ep 1062 | 드론6 목적지55 |  493스텝 | 배송 55/55 | 재적재  8 | 중계율 0.11 | alpha 2.363 | complete
Ep 1063 | 드론5 목적지54 |  715스텝 | 배송 54/54 | 재적재  9 | 중계율 0.15 | alpha 2.390 | complete
Ep 1064 | 드론3 목적지76 | 1000스텝 | 배송 65/76 | 재적재 11 | 중계율 0.20 | alpha 2.402 | step_limit
Ep 1065 | 드론4 목적지23 |  417스텝 | 배송 23/23 | 재적재  2 | 중계율 0.15 | alpha 2.380 | complete
Ep 1066 | 드론3 목적지37 |  730스텝 | 배송 37/37 | 재적재  6 | 중계율 0.17 | alpha 2.370 | complete
Ep 1067 | 드론3 목적지76 | 1000스텝 | 배송 62/76 | 재적재 11 | 중계율 0.20 | alpha 2.279 | step_limit
Ep 1068 | 드론6 목적지77 |  661스텝 | 배송 77/77 | 재적재 13 | 중계율 0.13 | alpha 2.278 | complete
Ep 1069 | 드론5 목적지56 |  866스텝 | 배송 56/56 | 재적재 10 | 중계율 0.18 | alpha 2.283 | complete
Ep 1070 | 드론6 목적지39 |  384스텝 | 배송 39/39 | 재적재  5 | 중계율 0.07 | alpha 2.287 | complete
Ep 1071 | 드론5 목적지26 |  515스텝 | 배송 26/26 | 재적재  3 | 중계율 0.18 | alpha 2.318 | complete
Ep 1072 | 드론6 목적지62 |  553스텝 | 배송 62/62 | 재적재 11 | 중계율 0.12 | alpha 2.322 | complete
Ep 1073 | 드론3 목적지44 |  918스텝 | 배송 44/44 | 재적재  7 | 중계율 0.22 | alpha 2.319 | complete
Ep 1074 | 드론4 목적지71 | 1000스텝 | 배송 69/71 | 재적재 13 | 중계율 0.14 | alpha 2.357 | step_limit
Ep 1075 | 드론5 목적지36 |  785스텝 | 배송 36/36 | 재적재  4 | 중계율 0.20 | alpha 2.342 | complete
Ep 1076 | 드론3 목적지53 |  784스텝 | 배송 53/53 | 재적재  9 | 중계율 0.11 | alpha 2.334 | complete
Ep 1077 | 드론3 목적지47 |  992스텝 | 배송 47/47 | 재적재  9 | 중계율 0.18 | alpha 2.363 | complete
Ep 1078 | 드론5 목적지54 |  455스텝 | 배송 54/54 | 재적재  8 | 중계율 0.08 | alpha 2.366 | complete
Ep 1079 | 드론6 목적지48 |  674스텝 | 배송 48/48 | 재적재  7 | 중계율 0.13 | alpha 2.322 | complete
Ep 1080 | 드론6 목적지54 |  461스텝 | 배송 54/54 | 재적재  8 | 중계율 0.07 | alpha 2.332 | complete
Ep 1081 | 드론5 목적지28 |  505스텝 | 배송 28/28 | 재적재  2 | 중계율 0.16 | alpha 2.318 | complete
Ep 1082 | 드론4 목적지37 |  510스텝 | 배송 37/37 | 재적재  6 | 중계율 0.10 | alpha 2.332 | complete
Ep 1083 | 드론3 목적지25 |  812스텝 | 배송 25/25 | 재적재  3 | 중계율 0.14 | alpha 2.330 | complete
Ep 1084 | 드론6 목적지31 |  312스텝 | 배송 31/31 | 재적재  3 | 중계율 0.07 | alpha 2.314 | complete
Ep 1085 | 드론6 목적지46 |  660스텝 | 배송 46/46 | 재적재  7 | 중계율 0.16 | alpha 2.300 | complete
Ep 1086 | 드론4 목적지30 | 1000스텝 | 배송 29/30 | 재적재  4 | 중계율 0.21 | alpha 2.330 | step_limit
Ep 1087 | 드론6 목적지20 |  200스텝 | 배송 20/20 | 재적재  0 | 중계율 0.09 | alpha 2.326 | complete
Ep 1088 | 드론3 목적지55 | 1000스텝 | 배송 52/55 | 재적재  9 | 중계율 0.24 | alpha 2.350 | step_limit
Ep 1089 | 드론5 목적지45 |  413스텝 | 배송 45/45 | 재적재  7 | 중계율 0.07 | alpha 2.368 | complete
Ep 1090 | 드론5 목적지23 |  341스텝 | 배송 23/23 | 재적재  2 | 중계율 0.14 | alpha 2.360 | complete
Ep 1091 | 드론3 목적지25 |  470스텝 | 배송 25/25 | 재적재  3 | 중계율 0.09 | alpha 2.368 | complete
Ep 1092 | 드론4 목적지46 |  694스텝 | 배송 46/46 | 재적재  7 | 중계율 0.10 | alpha 2.337 | complete
Ep 1093 | 드론5 목적지61 |  742스텝 | 배송 61/61 | 재적재 11 | 중계율 0.14 | alpha 2.336 | complete
Ep 1094 | 드론5 목적지63 |  784스텝 | 배송 63/63 | 재적재 10 | 중계율 0.17 | alpha 2.314 | complete
Ep 1095 | 드론3 목적지27 |  755스텝 | 배송 27/27 | 재적재  4 | 중계율 0.22 | alpha 2.317 | complete
Ep 1096 | 드론3 목적지72 | 1000스텝 | 배송 56/72 | 재적재 11 | 중계율 0.25 | alpha 2.360 | step_limit
Ep 1097 | 드론5 목적지45 |  676스텝 | 배송 45/45 | 재적재  5 | 중계율 0.15 | alpha 2.352 | complete
Ep 1098 | 드론6 목적지30 |  337스텝 | 배송 30/30 | 재적재  3 | 중계율 0.16 | alpha 2.334 | complete
Ep 1099 | 드론5 목적지74 | 1000스텝 | 배송 73/74 | 재적재 13 | 중계율 0.23 | alpha 2.337 | step_limit
Ep 1100 | 드론4 목적지37 |  472스텝 | 배송 37/37 | 재적재  6 | 중계율 0.12 | alpha 2.325 | complete
  [홀드아웃] 배송 50.0±0.0 완주 1.00 스텝 1061 점수 106.5 재적재 8.3 2홉+ 0.62 | 최고 106.8@ep950 정체 3/15
Ep 1101 | 드론5 목적지34 |  608스텝 | 배송 34/34 | 재적재  4 | 중계율 0.18 | alpha 2.293 | complete
Ep 1102 | 드론4 목적지40 |  759스텝 | 배송 40/40 | 재적재  7 | 중계율 0.18 | alpha 2.282 | complete
Ep 1103 | 드론6 목적지64 |  500스텝 | 배송 64/64 | 재적재 11 | 중계율 0.09 | alpha 2.274 | complete
Ep 1104 | 드론6 목적지35 |  369스텝 | 배송 35/35 | 재적재  4 | 중계율 0.15 | alpha 2.303 | complete
Ep 1105 | 드론3 목적지57 | 1000스텝 | 배송 53/57 | 재적재  9 | 중계율 0.19 | alpha 2.350 | step_limit
Ep 1106 | 드론5 목적지71 |  701스텝 | 배송 71/71 | 재적재 12 | 중계율 0.11 | alpha 2.346 | complete
Ep 1107 | 드론6 목적지71 |  840스텝 | 배송 71/71 | 재적재 12 | 중계율 0.18 | alpha 2.350 | complete
Ep 1108 | 드론5 목적지48 |  538스텝 | 배송 48/48 | 재적재  8 | 중계율 0.12 | alpha 2.348 | complete
Ep 1109 | 드론4 목적지55 |  755스텝 | 배송 55/55 | 재적재  8 | 중계율 0.12 | alpha 2.317 | complete
Ep 1110 | 드론4 목적지34 |  705스텝 | 배송 34/34 | 재적재  5 | 중계율 0.14 | alpha 2.355 | complete
Ep 1111 | 드론6 목적지61 |  507스텝 | 배송 61/61 | 재적재 10 | 중계율 0.10 | alpha 2.380 | complete
Ep 1112 | 드론5 목적지34 |  647스텝 | 배송 34/34 | 재적재  5 | 중계율 0.20 | alpha 2.394 | complete
Ep 1113 | 드론5 목적지45 |  477스텝 | 배송 45/45 | 재적재  7 | 중계율 0.10 | alpha 2.393 | complete
Ep 1114 | 드론3 목적지76 | 1000스텝 | 배송 59/76 | 재적재 10 | 중계율 0.19 | alpha 2.354 | step_limit
Ep 1115 | 드론3 목적지29 |  707스텝 | 배송 29/29 | 재적재  4 | 중계율 0.20 | alpha 2.336 | complete
Ep 1116 | 드론3 목적지80 | 1000스텝 | 배송 59/80 | 재적재 11 | 중계율 0.18 | alpha 2.331 | step_limit
Ep 1117 | 드론3 목적지48 |  850스텝 | 배송 48/48 | 재적재  8 | 중계율 0.20 | alpha 2.335 | complete
Ep 1118 | 드론5 목적지80 |  750스텝 | 배송 80/80 | 재적재 13 | 중계율 0.11 | alpha 2.379 | complete
Ep 1119 | 드론6 목적지54 |  610스텝 | 배송 54/54 | 재적재  9 | 중계율 0.17 | alpha 2.378 | complete
Ep 1120 | 드론4 목적지57 | 1000스텝 | 배송 55/57 | 재적재 10 | 중계율 0.24 | alpha 2.365 | step_limit
Ep 1121 | 드론5 목적지43 |  521스텝 | 배송 43/43 | 재적재  6 | 중계율 0.16 | alpha 2.369 | complete
Ep 1122 | 드론3 목적지56 | 1000스텝 | 배송 55/56 | 재적재 10 | 중계율 0.19 | alpha 2.360 | step_limit
Ep 1123 | 드론6 목적지57 |  490스텝 | 배송 57/57 | 재적재  9 | 중계율 0.11 | alpha 2.376 | complete
Ep 1124 | 드론5 목적지77 |  724스텝 | 배송 77/77 | 재적재 14 | 중계율 0.10 | alpha 2.361 | complete
Ep 1125 | 드론3 목적지30 |  700스텝 | 배송 30/30 | 재적재  5 | 중계율 0.20 | alpha 2.340 | complete
Ep 1126 | 드론4 목적지48 |  682스텝 | 배송 48/48 | 재적재  7 | 중계율 0.15 | alpha 2.331 | complete
Ep 1127 | 드론5 목적지45 |  529스텝 | 배송 45/45 | 재적재  7 | 중계율 0.10 | alpha 2.322 | complete
Ep 1128 | 드론4 목적지54 | 1000스텝 | 배송 51/54 | 재적재  9 | 중계율 0.25 | alpha 2.325 | step_limit
Ep 1129 | 드론4 목적지52 |  729스텝 | 배송 52/52 | 재적재  9 | 중계율 0.12 | alpha 2.309 | complete
Ep 1130 | 드론4 목적지42 |  844스텝 | 배송 42/42 | 재적재  7 | 중계율 0.18 | alpha 2.339 | complete
Ep 1131 | 드론5 목적지68 |  982스텝 | 배송 68/68 | 재적재 12 | 중계율 0.18 | alpha 2.348 | complete
Ep 1132 | 드론4 목적지65 |  928스텝 | 배송 65/65 | 재적재 11 | 중계율 0.18 | alpha 2.414 | complete
Ep 1133 | 드론4 목적지32 |  403스텝 | 배송 32/32 | 재적재  4 | 중계율 0.08 | alpha 2.420 | complete
Ep 1134 | 드론6 목적지76 |  940스텝 | 배송 76/76 | 재적재 13 | 중계율 0.19 | alpha 2.442 | complete
Ep 1135 | 드론6 목적지79 |  549스텝 | 배송 79/79 | 재적재 15 | 중계율 0.07 | alpha 2.402 | complete
Ep 1136 | 드론5 목적지22 |  346스텝 | 배송 22/22 | 재적재  2 | 중계율 0.14 | alpha 2.409 | complete
Ep 1137 | 드론6 목적지74 |  735스텝 | 배송 74/74 | 재적재 13 | 중계율 0.13 | alpha 2.441 | complete
Ep 1138 | 드론3 목적지38 |  991스텝 | 배송 38/38 | 재적재  6 | 중계율 0.30 | alpha 2.425 | complete
Ep 1139 | 드론5 목적지31 |  394스텝 | 배송 31/31 | 재적재  4 | 중계율 0.12 | alpha 2.426 | complete
Ep 1140 | 드론4 목적지47 |  627스텝 | 배송 47/47 | 재적재  8 | 중계율 0.14 | alpha 2.420 | complete
Ep 1141 | 드론4 목적지37 |  537스텝 | 배송 37/37 | 재적재  6 | 중계율 0.11 | alpha 2.422 | complete
Ep 1142 | 드론4 목적지53 | 1000스텝 | 배송 50/53 | 재적재  9 | 중계율 0.21 | alpha 2.395 | step_limit
Ep 1143 | 드론3 목적지48 | 1000스텝 | 배송 44/48 | 재적재  6 | 중계율 0.26 | alpha 2.449 | step_limit
Ep 1144 | 드론4 목적지70 |  978스텝 | 배송 70/70 | 재적재 13 | 중계율 0.20 | alpha 2.444 | complete
Ep 1145 | 드론6 목적지48 |  454스텝 | 배송 48/48 | 재적재  8 | 중계율 0.08 | alpha 2.459 | complete
Ep 1146 | 드론4 목적지45 | 1000스텝 | 배송 39/45 | 재적재  6 | 중계율 0.28 | alpha 2.464 | step_limit
Ep 1147 | 드론6 목적지49 |  366스텝 | 배송 49/49 | 재적재  6 | 중계율 0.08 | alpha 2.455 | complete
Ep 1148 | 드론5 목적지22 |  393스텝 | 배송 22/22 | 재적재  2 | 중계율 0.11 | alpha 2.457 | complete
Ep 1149 | 드론4 목적지44 |  743스텝 | 배송 44/44 | 재적재  7 | 중계율 0.09 | alpha 2.465 | complete
Ep 1150 | 드론5 목적지51 |  626스텝 | 배송 51/51 | 재적재  8 | 중계율 0.16 | alpha 2.447 | complete
  [홀드아웃] 배송 50.0±0.0 완주 1.00 스텝 1026 점수 106.6 재적재 8.3 2홉+ 0.63 | 최고 106.8@ep950 정체 4/15
Ep 1151 | 드론3 목적지63 | 1000스텝 | 배송 56/63 | 재적재 10 | 중계율 0.20 | alpha 2.471 | step_limit
Ep 1152 | 드론3 목적지47 | 1000스텝 | 배송 43/47 | 재적재  7 | 중계율 0.24 | alpha 2.448 | step_limit
Ep 1153 | 드론4 목적지44 |  945스텝 | 배송 44/44 | 재적재  7 | 중계율 0.24 | alpha 2.476 | complete
Ep 1154 | 드론5 목적지39 |  373스텝 | 배송 39/39 | 재적재  5 | 중계율 0.12 | alpha 2.453 | complete
Ep 1155 | 드론3 목적지52 | 1000스텝 | 배송 51/52 | 재적재  9 | 중계율 0.28 | alpha 2.475 | step_limit
Ep 1156 | 드론6 목적지59 |  513스텝 | 배송 59/59 | 재적재 10 | 중계율 0.10 | alpha 2.468 | complete
Ep 1157 | 드론3 목적지33 |  914스텝 | 배송 33/33 | 재적재  6 | 중계율 0.26 | alpha 2.435 | complete
Ep 1158 | 드론5 목적지55 |  742스텝 | 배송 55/55 | 재적재  9 | 중계율 0.17 | alpha 2.422 | complete
Ep 1159 | 드론6 목적지33 |  420스텝 | 배송 33/33 | 재적재  5 | 중계율 0.12 | alpha 2.412 | complete
Ep 1160 | 드론5 목적지71 |  828스텝 | 배송 71/71 | 재적재 12 | 중계율 0.20 | alpha 2.421 | complete
Ep 1161 | 드론5 목적지78 |  749스텝 | 배송 78/78 | 재적재 13 | 중계율 0.13 | alpha 2.456 | complete
Ep 1162 | 드론4 목적지27 |  371스텝 | 배송 27/27 | 재적재  4 | 중계율 0.13 | alpha 2.455 | complete
Ep 1163 | 드론3 목적지71 | 1000스텝 | 배송 55/71 | 재적재 10 | 중계율 0.21 | alpha 2.506 | step_limit
Ep 1164 | 드론5 목적지24 |  371스텝 | 배송 24/24 | 재적재  3 | 중계율 0.19 | alpha 2.516 | complete
Ep 1165 | 드론4 목적지47 |  555스텝 | 배송 47/47 | 재적재  7 | 중계율 0.10 | alpha 2.483 | complete
Ep 1166 | 드론5 목적지79 | 1000스텝 | 배송 77/79 | 재적재 14 | 중계율 0.16 | alpha 2.455 | step_limit
Ep 1167 | 드론4 목적지74 |  904스텝 | 배송 74/74 | 재적재 13 | 중계율 0.14 | alpha 2.466 | complete
Ep 1168 | 드론4 목적지68 | 1000스텝 | 배송 64/68 | 재적재 12 | 중계율 0.11 | alpha 2.434 | step_limit
Ep 1169 | 드론3 목적지79 | 1000스텝 | 배송 62/79 | 재적재 11 | 중계율 0.18 | alpha 2.410 | step_limit
Ep 1170 | 드론4 목적지39 |  882스텝 | 배송 39/39 | 재적재  7 | 중계율 0.15 | alpha 2.393 | complete
Ep 1171 | 드론5 목적지25 |  260스텝 | 배송 25/25 | 재적재  3 | 중계율 0.06 | alpha 2.401 | complete
Ep 1172 | 드론3 목적지21 |  521스텝 | 배송 21/21 | 재적재  3 | 중계율 0.13 | alpha 2.431 | complete
Ep 1173 | 드론6 목적지53 |  385스텝 | 배송 53/53 | 재적재  8 | 중계율 0.09 | alpha 2.442 | complete
Ep 1174 | 드론4 목적지51 |  776스텝 | 배송 51/51 | 재적재  8 | 중계율 0.14 | alpha 2.480 | complete
Ep 1175 | 드론3 목적지74 | 1000스텝 | 배송 55/74 | 재적재 10 | 중계율 0.15 | alpha 2.469 | step_limit
Ep 1176 | 드론4 목적지66 | 1000스텝 | 배송 55/66 | 재적재  9 | 중계율 0.27 | alpha 2.456 | step_limit
Ep 1177 | 드론4 목적지66 | 1000스텝 | 배송 65/66 | 재적재 12 | 중계율 0.17 | alpha 2.506 | step_limit
Ep 1178 | 드론5 목적지39 |  821스텝 | 배송 39/39 | 재적재  7 | 중계율 0.30 | alpha 2.468 | complete
Ep 1179 | 드론4 목적지21 |  484스텝 | 배송 21/21 | 재적재  3 | 중계율 0.23 | alpha 2.451 | complete
Ep 1180 | 드론4 목적지33 |  663스텝 | 배송 33/33 | 재적재  5 | 중계율 0.16 | alpha 2.463 | complete
Ep 1181 | 드론3 목적지41 |  906스텝 | 배송 41/41 | 재적재  7 | 중계율 0.25 | alpha 2.442 | complete
Ep 1182 | 드론6 목적지48 |  505스텝 | 배송 48/48 | 재적재  8 | 중계율 0.11 | alpha 2.420 | complete
Ep 1183 | 드론5 목적지22 |  332스텝 | 배송 22/22 | 재적재  2 | 중계율 0.12 | alpha 2.432 | complete
Ep 1184 | 드론6 목적지24 |  214스텝 | 배송 24/24 | 재적재  2 | 중계율 0.05 | alpha 2.429 | complete
Ep 1185 | 드론4 목적지79 | 1000스텝 | 배송 70/79 | 재적재 13 | 중계율 0.19 | alpha 2.407 | step_limit
Ep 1186 | 드론3 목적지43 | 1000스텝 | 배송 42/43 | 재적재  8 | 중계율 0.24 | alpha 2.395 | step_limit
Ep 1187 | 드론5 목적지80 |  738스텝 | 배송 80/80 | 재적재 15 | 중계율 0.11 | alpha 2.397 | complete
Ep 1188 | 드론4 목적지67 |  924스텝 | 배송 67/67 | 재적재 12 | 중계율 0.13 | alpha 2.426 | complete
Ep 1189 | 드론5 목적지67 | 1000스텝 | 배송 65/67 | 재적재 12 | 중계율 0.19 | alpha 2.470 | step_limit
Ep 1190 | 드론4 목적지28 |  374스텝 | 배송 28/28 | 재적재  3 | 중계율 0.14 | alpha 2.501 | complete
Ep 1191 | 드론4 목적지67 | 1000스텝 | 배송 62/67 | 재적재 11 | 중계율 0.20 | alpha 2.501 | step_limit
Ep 1192 | 드론4 목적지44 |  666스텝 | 배송 44/44 | 재적재  8 | 중계율 0.14 | alpha 2.493 | complete
Ep 1193 | 드론5 목적지53 |  508스텝 | 배송 53/53 | 재적재  9 | 중계율 0.10 | alpha 2.482 | complete
Ep 1194 | 드론5 목적지27 |  409스텝 | 배송 27/27 | 재적재  4 | 중계율 0.09 | alpha 2.486 | complete
Ep 1195 | 드론6 목적지57 |  379스텝 | 배송 57/57 | 재적재  8 | 중계율 0.07 | alpha 2.509 | complete
Ep 1196 | 드론4 목적지74 | 1000스텝 | 배송 68/74 | 재적재 12 | 중계율 0.13 | alpha 2.516 | step_limit
Ep 1197 | 드론6 목적지25 |  297스텝 | 배송 25/25 | 재적재  2 | 중계율 0.06 | alpha 2.509 | complete
Ep 1198 | 드론6 목적지35 |  634스텝 | 배송 35/35 | 재적재  5 | 중계율 0.17 | alpha 2.532 | complete
Ep 1199 | 드론6 목적지29 |  693스텝 | 배송 29/29 | 재적재  3 | 중계율 0.17 | alpha 2.509 | complete
Ep 1200 | 드론3 목적지40 |  739스텝 | 배송 40/40 | 재적재  6 | 중계율 0.12 | alpha 2.514 | complete
  [홀드아웃] 배송 50.0±0.3 완주 0.97 스텝 1031 점수 104.1 재적재 8.5 2홉+ 0.63 | 최고 106.8@ep950 정체 5/15
Ep 1201 | 드론3 목적지43 | 1000스텝 | 배송 40/43 | 재적재  7 | 중계율 0.23 | alpha 2.537 | step_limit
Ep 1202 | 드론4 목적지25 |  334스텝 | 배송 25/25 | 재적재  3 | 중계율 0.08 | alpha 2.533 | complete
Ep 1203 | 드론3 목적지48 |  923스텝 | 배송 48/48 | 재적재  9 | 중계율 0.20 | alpha 2.524 | complete
Ep 1204 | 드론4 목적지59 | 1000스텝 | 배송 57/59 | 재적재 10 | 중계율 0.22 | alpha 2.533 | step_limit
Ep 1205 | 드론6 목적지53 |  404스텝 | 배송 53/53 | 재적재  9 | 중계율 0.10 | alpha 2.520 | complete
Ep 1206 | 드론3 목적지45 | 1000스텝 | 배송 43/45 | 재적재  7 | 중계율 0.24 | alpha 2.519 | step_limit
Ep 1207 | 드론3 목적지72 | 1000스텝 | 배송 49/72 | 재적재  8 | 중계율 0.17 | alpha 2.513 | step_limit
Ep 1208 | 드론3 목적지68 | 1000스텝 | 배송 54/68 | 재적재  8 | 중계율 0.21 | alpha 2.509 | step_limit
Ep 1209 | 드론5 목적지37 |  504스텝 | 배송 37/37 | 재적재  6 | 중계율 0.13 | alpha 2.547 | complete
Ep 1210 | 드론4 목적지40 |  620스텝 | 배송 40/40 | 재적재  6 | 중계율 0.17 | alpha 2.550 | complete
Ep 1211 | 드론5 목적지40 |  449스텝 | 배송 40/40 | 재적재  6 | 중계율 0.09 | alpha 2.561 | complete
Ep 1212 | 드론6 목적지47 |  701스텝 | 배송 47/47 | 재적재  7 | 중계율 0.12 | alpha 2.583 | complete
Ep 1213 | 드론6 목적지44 |  469스텝 | 배송 44/44 | 재적재  7 | 중계율 0.12 | alpha 2.554 | complete
Ep 1214 | 드론4 목적지54 |  842스텝 | 배송 54/54 | 재적재 10 | 중계율 0.13 | alpha 2.498 | complete
Ep 1215 | 드론3 목적지71 | 1000스텝 | 배송 59/71 | 재적재 11 | 중계율 0.21 | alpha 2.509 | step_limit
Ep 1216 | 드론6 목적지68 |  885스텝 | 배송 68/68 | 재적재 11 | 중계율 0.16 | alpha 2.531 | complete
Ep 1217 | 드론3 목적지48 | 1000스텝 | 배송 47/48 | 재적재  8 | 중계율 0.24 | alpha 2.516 | step_limit
Ep 1218 | 드론5 목적지37 |  500스텝 | 배송 37/37 | 재적재  7 | 중계율 0.14 | alpha 2.528 | complete
Ep 1219 | 드론4 목적지80 | 1000스텝 | 배송 78/80 | 재적재 14 | 중계율 0.16 | alpha 2.552 | step_limit
Ep 1220 | 드론4 목적지63 |  777스텝 | 배송 63/63 | 재적재 12 | 중계율 0.17 | alpha 2.559 | complete
Ep 1221 | 드론3 목적지21 |  525스텝 | 배송 21/21 | 재적재  3 | 중계율 0.21 | alpha 2.521 | complete
Ep 1222 | 드론3 목적지59 | 1000스텝 | 배송 50/59 | 재적재  9 | 중계율 0.16 | alpha 2.525 | step_limit
Ep 1223 | 드론4 목적지25 |  494스텝 | 배송 25/25 | 재적재  3 | 중계율 0.20 | alpha 2.517 | complete
Ep 1224 | 드론4 목적지53 | 1000스텝 | 배송 51/53 | 재적재  9 | 중계율 0.16 | alpha 2.541 | step_limit
Ep 1225 | 드론3 목적지66 | 1000스텝 | 배송 56/66 | 재적재 10 | 중계율 0.17 | alpha 2.525 | step_limit
Ep 1226 | 드론5 목적지39 |  322스텝 | 배송 39/39 | 재적재  5 | 중계율 0.08 | alpha 2.512 | complete
Ep 1227 | 드론6 목적지70 |  492스텝 | 배송 70/70 | 재적재 12 | 중계율 0.07 | alpha 2.513 | complete
Ep 1228 | 드론3 목적지52 |  966스텝 | 배송 52/52 | 재적재  9 | 중계율 0.20 | alpha 2.523 | complete
Ep 1229 | 드론3 목적지43 |  977스텝 | 배송 43/43 | 재적재  8 | 중계율 0.23 | alpha 2.501 | complete
Ep 1230 | 드론3 목적지79 | 1000스텝 | 배송 59/79 | 재적재 11 | 중계율 0.21 | alpha 2.527 | step_limit
Ep 1231 | 드론4 목적지30 |  585스텝 | 배송 30/30 | 재적재  4 | 중계율 0.13 | alpha 2.507 | complete
Ep 1232 | 드론4 목적지67 |  737스텝 | 배송 67/67 | 재적재 12 | 중계율 0.10 | alpha 2.538 | complete
Ep 1233 | 드론5 목적지36 |  401스텝 | 배송 36/36 | 재적재  5 | 중계율 0.13 | alpha 2.534 | complete
Ep 1234 | 드론4 목적지71 |  781스텝 | 배송 71/71 | 재적재 13 | 중계율 0.15 | alpha 2.498 | complete
Ep 1235 | 드론5 목적지57 |  770스텝 | 배송 57/57 | 재적재 10 | 중계율 0.17 | alpha 2.534 | complete
Ep 1236 | 드론6 목적지53 |  418스텝 | 배송 53/53 | 재적재  8 | 중계율 0.11 | alpha 2.526 | complete
Ep 1237 | 드론5 목적지71 | 1000스텝 | 배송 66/71 | 재적재 12 | 중계율 0.22 | alpha 2.503 | step_limit
Ep 1238 | 드론6 목적지65 |  746스텝 | 배송 65/65 | 재적재 11 | 중계율 0.19 | alpha 2.570 | complete
Ep 1239 | 드론4 목적지60 | 1000스텝 | 배송 56/60 | 재적재 11 | 중계율 0.24 | alpha 2.546 | step_limit
Ep 1240 | 드론4 목적지53 | 1000스텝 | 배송 39/53 | 재적재  5 | 중계율 0.27 | alpha 2.504 | step_limit
Ep 1241 | 드론3 목적지80 | 1000스텝 | 배송 61/80 | 재적재 11 | 중계율 0.24 | alpha 2.519 | step_limit
Ep 1242 | 드론5 목적지25 |  344스텝 | 배송 25/25 | 재적재  3 | 중계율 0.13 | alpha 2.511 | complete
Ep 1243 | 드론4 목적지63 | 1000스텝 | 배송 55/63 | 재적재 10 | 중계율 0.21 | alpha 2.526 | step_limit
Ep 1244 | 드론6 목적지36 |  460스텝 | 배송 36/36 | 재적재  6 | 중계율 0.12 | alpha 2.543 | complete
Ep 1245 | 드론6 목적지42 |  523스텝 | 배송 42/42 | 재적재  5 | 중계율 0.14 | alpha 2.556 | complete
Ep 1246 | 드론4 목적지34 |  542스텝 | 배송 34/34 | 재적재  5 | 중계율 0.08 | alpha 2.555 | complete
Ep 1247 | 드론5 목적지41 |  526스텝 | 배송 41/41 | 재적재  6 | 중계율 0.12 | alpha 2.591 | complete
Ep 1248 | 드론5 목적지56 |  578스텝 | 배송 56/56 | 재적재 10 | 중계율 0.10 | alpha 2.559 | complete
Ep 1249 | 드론4 목적지52 |  647스텝 | 배송 52/52 | 재적재  8 | 중계율 0.11 | alpha 2.572 | complete
Ep 1250 | 드론3 목적지29 |  977스텝 | 배송 29/29 | 재적재  5 | 중계율 0.18 | alpha 2.591 | complete
  [홀드아웃] 배송 50.0±0.0 완주 1.00 스텝 1043 점수 106.5 재적재 8.2 2홉+ 0.63 | 최고 106.8@ep950 정체 6/15
Ep 1251 | 드론4 목적지71 | 1000스텝 | 배송 66/71 | 재적재 11 | 중계율 0.21 | alpha 2.576 | step_limit
Ep 1252 | 드론5 목적지79 | 1000스텝 | 배송 76/79 | 재적재 13 | 중계율 0.16 | alpha 2.563 | step_limit
Ep 1253 | 드론6 목적지71 |  771스텝 | 배송 71/71 | 재적재 11 | 중계율 0.14 | alpha 2.556 | complete
Ep 1254 | 드론6 목적지47 |  591스텝 | 배송 47/47 | 재적재  7 | 중계율 0.13 | alpha 2.536 | complete
Ep 1255 | 드론5 목적지70 |  739스텝 | 배송 70/70 | 재적재 12 | 중계율 0.15 | alpha 2.556 | complete
Ep 1256 | 드론3 목적지67 | 1000스텝 | 배송 58/67 | 재적재 10 | 중계율 0.22 | alpha 2.578 | step_limit
Ep 1257 | 드론4 목적지41 |  704스텝 | 배송 41/41 | 재적재  7 | 중계율 0.16 | alpha 2.550 | complete
Ep 1258 | 드론5 목적지41 |  444스텝 | 배송 41/41 | 재적재  5 | 중계율 0.11 | alpha 2.529 | complete
Ep 1259 | 드론4 목적지67 | 1000스텝 | 배송 65/67 | 재적재 11 | 중계율 0.19 | alpha 2.547 | step_limit
Ep 1260 | 드론3 목적지20 |  385스텝 | 배송 20/20 | 재적재  3 | 중계율 0.14 | alpha 2.556 | complete
Ep 1261 | 드론4 목적지45 |  606스텝 | 배송 45/45 | 재적재  7 | 중계율 0.11 | alpha 2.575 | complete
Ep 1262 | 드론3 목적지61 | 1000스텝 | 배송 56/61 | 재적재 10 | 중계율 0.18 | alpha 2.557 | step_limit
Ep 1263 | 드론6 목적지34 |  347스텝 | 배송 34/34 | 재적재  4 | 중계율 0.12 | alpha 2.526 | complete
Ep 1264 | 드론6 목적지31 |  282스텝 | 배송 31/31 | 재적재  4 | 중계율 0.06 | alpha 2.513 | complete
Ep 1265 | 드론4 목적지56 | 1000스텝 | 배송 55/56 | 재적재  9 | 중계율 0.19 | alpha 2.493 | step_limit
Ep 1266 | 드론4 목적지23 |  301스텝 | 배송 23/23 | 재적재  3 | 중계율 0.05 | alpha 2.489 | complete
Ep 1267 | 드론3 목적지63 | 1000스텝 | 배송 56/63 | 재적재 10 | 중계율 0.20 | alpha 2.504 | step_limit
Ep 1268 | 드론3 목적지39 |  630스텝 | 배송 39/39 | 재적재  7 | 중계율 0.10 | alpha 2.520 | complete
Ep 1269 | 드론5 목적지70 |  608스텝 | 배송 70/70 | 재적재 11 | 중계율 0.12 | alpha 2.505 | complete
Ep 1270 | 드론5 목적지39 |  380스텝 | 배송 39/39 | 재적재  5 | 중계율 0.10 | alpha 2.524 | complete
Ep 1271 | 드론3 목적지74 | 1000스텝 | 배송 67/74 | 재적재 12 | 중계율 0.14 | alpha 2.474 | step_limit
Ep 1272 | 드론5 목적지20 |  230스텝 | 배송 20/20 | 재적재  0 | 중계율 0.14 | alpha 2.479 | complete
Ep 1273 | 드론3 목적지27 |  778스텝 | 배송 27/27 | 재적재  5 | 중계율 0.23 | alpha 2.470 | complete
Ep 1274 | 드론3 목적지34 |  849스텝 | 배송 34/34 | 재적재  5 | 중계율 0.20 | alpha 2.483 | complete
Ep 1275 | 드론3 목적지29 |  737스텝 | 배송 29/29 | 재적재  4 | 중계율 0.18 | alpha 2.485 | complete
Ep 1276 | 드론6 목적지62 |  594스텝 | 배송 62/62 | 재적재 10 | 중계율 0.10 | alpha 2.491 | complete
Ep 1277 | 드론3 목적지77 | 1000스텝 | 배송 70/77 | 재적재 13 | 중계율 0.17 | alpha 2.479 | step_limit
Ep 1278 | 드론3 목적지59 | 1000스텝 | 배송 54/59 | 재적재 10 | 중계율 0.24 | alpha 2.541 | step_limit
Ep 1279 | 드론6 목적지39 |  529스텝 | 배송 39/39 | 재적재  5 | 중계율 0.13 | alpha 2.542 | complete
Ep 1280 | 드론4 목적지31 |  576스텝 | 배송 31/31 | 재적재  5 | 중계율 0.14 | alpha 2.576 | complete
Ep 1281 | 드론3 목적지36 |  901스텝 | 배송 36/36 | 재적재  6 | 중계율 0.26 | alpha 2.552 | complete
Ep 1282 | 드론4 목적지39 |  457스텝 | 배송 39/39 | 재적재  6 | 중계율 0.09 | alpha 2.536 | complete
Ep 1283 | 드론3 목적지43 | 1000스텝 | 배송 40/43 | 재적재  7 | 중계율 0.16 | alpha 2.542 | step_limit
Ep 1284 | 드론5 목적지25 |  427스텝 | 배송 25/25 | 재적재  4 | 중계율 0.15 | alpha 2.510 | complete
Ep 1285 | 드론6 목적지74 |  647스텝 | 배송 74/74 | 재적재 12 | 중계율 0.08 | alpha 2.522 | complete
Ep 1286 | 드론3 목적지76 | 1000스텝 | 배송 60/76 | 재적재 10 | 중계율 0.20 | alpha 2.537 | step_limit
Ep 1287 | 드론6 목적지59 |  740스텝 | 배송 59/59 | 재적재 10 | 중계율 0.12 | alpha 2.502 | complete
Ep 1288 | 드론5 목적지77 |  815스텝 | 배송 77/77 | 재적재 13 | 중계율 0.11 | alpha 2.496 | complete
Ep 1289 | 드론3 목적지24 |  408스텝 | 배송 24/24 | 재적재  4 | 중계율 0.09 | alpha 2.518 | complete
Ep 1290 | 드론5 목적지52 |  703스텝 | 배송 52/52 | 재적재  9 | 중계율 0.15 | alpha 2.514 | complete
Ep 1291 | 드론3 목적지42 | 1000스텝 | 배송 40/42 | 재적재  6 | 중계율 0.17 | alpha 2.503 | step_limit
Ep 1292 | 드론3 목적지77 | 1000스텝 | 배송 62/77 | 재적재 12 | 중계율 0.20 | alpha 2.525 | step_limit
Ep 1293 | 드론5 목적지76 | 1000스텝 | 배송 72/76 | 재적재 13 | 중계율 0.16 | alpha 2.504 | step_limit
Ep 1294 | 드론6 목적지31 |  327스텝 | 배송 31/31 | 재적재  4 | 중계율 0.10 | alpha 2.511 | complete
Ep 1295 | 드론5 목적지61 | 1000스텝 | 배송 59/61 | 재적재 11 | 중계율 0.24 | alpha 2.509 | step_limit
Ep 1296 | 드론4 목적지50 |  646스텝 | 배송 50/50 | 재적재  8 | 중계율 0.15 | alpha 2.524 | complete
Ep 1297 | 드론5 목적지76 | 1000스텝 | 배송 73/76 | 재적재 13 | 중계율 0.18 | alpha 2.541 | step_limit
Ep 1298 | 드론5 목적지36 |  492스텝 | 배송 36/36 | 재적재  5 | 중계율 0.12 | alpha 2.528 | complete
Ep 1299 | 드론5 목적지66 |  667스텝 | 배송 66/66 | 재적재 11 | 중계율 0.11 | alpha 2.556 | complete
Ep 1300 | 드론3 목적지21 |  516스텝 | 배송 21/21 | 재적재  3 | 중계율 0.17 | alpha 2.582 | complete
  [홀드아웃] 배송 50.0±0.0 완주 1.00 스텝 1020 점수 106.6 재적재 8.3 2홉+ 0.64 | 최고 106.8@ep950 정체 7/15
Ep 1301 | 드론3 목적지47 | 1000스텝 | 배송 43/47 | 재적재  8 | 중계율 0.19 | alpha 2.570 | step_limit
Ep 1302 | 드론3 목적지58 | 1000스텝 | 배송 57/58 | 재적재 10 | 중계율 0.18 | alpha 2.544 | step_limit
Ep 1303 | 드론5 목적지61 |  842스텝 | 배송 61/61 | 재적재 10 | 중계율 0.16 | alpha 2.565 | complete
Ep 1304 | 드론3 목적지67 | 1000스텝 | 배송 57/67 | 재적재 11 | 중계율 0.14 | alpha 2.543 | step_limit
Ep 1305 | 드론6 목적지61 |  467스텝 | 배송 61/61 | 재적재 11 | 중계율 0.07 | alpha 2.528 | complete
Ep 1306 | 드론3 목적지79 | 1000스텝 | 배송 67/79 | 재적재 13 | 중계율 0.17 | alpha 2.546 | step_limit
Ep 1307 | 드론5 목적지73 |  687스텝 | 배송 73/73 | 재적재 13 | 중계율 0.10 | alpha 2.577 | complete
Ep 1308 | 드론5 목적지60 | 1000스텝 | 배송 59/60 | 재적재  9 | 중계율 0.19 | alpha 2.626 | step_limit
Ep 1309 | 드론6 목적지77 |  567스텝 | 배송 77/77 | 재적재 14 | 중계율 0.09 | alpha 2.635 | complete
Ep 1310 | 드론5 목적지72 |  913스텝 | 배송 72/72 | 재적재 13 | 중계율 0.19 | alpha 2.598 | complete
Ep 1311 | 드론3 목적지60 | 1000스텝 | 배송 54/60 | 재적재 10 | 중계율 0.23 | alpha 2.625 | step_limit
Ep 1312 | 드론5 목적지59 |  689스텝 | 배송 59/59 | 재적재 10 | 중계율 0.17 | alpha 2.602 | complete
Ep 1313 | 드론3 목적지72 | 1000스텝 | 배송 63/72 | 재적재 11 | 중계율 0.21 | alpha 2.595 | step_limit
Ep 1314 | 드론4 목적지67 | 1000스텝 | 배송 63/67 | 재적재 11 | 중계율 0.23 | alpha 2.555 | step_limit
Ep 1315 | 드론6 목적지58 |  523스텝 | 배송 58/58 | 재적재  9 | 중계율 0.10 | alpha 2.556 | complete
Ep 1316 | 드론3 목적지66 | 1000스텝 | 배송 47/66 | 재적재  9 | 중계율 0.23 | alpha 2.548 | step_limit
Ep 1317 | 드론5 목적지67 |  754스텝 | 배송 67/67 | 재적재 11 | 중계율 0.13 | alpha 2.561 | complete
Ep 1318 | 드론4 목적지28 |  578스텝 | 배송 28/28 | 재적재  5 | 중계율 0.16 | alpha 2.573 | complete
Ep 1319 | 드론4 목적지34 | 1000스텝 | 배송 32/34 | 재적재  5 | 중계율 0.19 | alpha 2.575 | step_limit
Ep 1320 | 드론4 목적지57 |  880스텝 | 배송 57/57 | 재적재 10 | 중계율 0.18 | alpha 2.620 | complete
Ep 1321 | 드론6 목적지59 |  516스텝 | 배송 59/59 | 재적재  9 | 중계율 0.07 | alpha 2.602 | complete
Ep 1322 | 드론4 목적지39 |  808스텝 | 배송 39/39 | 재적재  7 | 중계율 0.22 | alpha 2.587 | complete
Ep 1323 | 드론6 목적지48 |  572스텝 | 배송 48/48 | 재적재  8 | 중계율 0.13 | alpha 2.597 | complete
Ep 1324 | 드론5 목적지52 |  441스텝 | 배송 52/52 | 재적재  8 | 중계율 0.08 | alpha 2.600 | complete
Ep 1325 | 드론5 목적지40 |  427스텝 | 배송 40/40 | 재적재  4 | 중계율 0.10 | alpha 2.629 | complete
Ep 1326 | 드론3 목적지40 | 1000스텝 | 배송 35/40 | 재적재  6 | 중계율 0.20 | alpha 2.659 | step_limit
Ep 1327 | 드론3 목적지23 |  522스텝 | 배송 23/23 | 재적재  3 | 중계율 0.18 | alpha 2.661 | complete
Ep 1328 | 드론6 목적지25 |  309스텝 | 배송 25/25 | 재적재  3 | 중계율 0.07 | alpha 2.655 | complete
Ep 1329 | 드론3 목적지51 | 1000스텝 | 배송 50/51 | 재적재  8 | 중계율 0.23 | alpha 2.636 | step_limit
Ep 1330 | 드론6 목적지42 |  697스텝 | 배송 42/42 | 재적재  6 | 중계율 0.21 | alpha 2.638 | complete
Ep 1331 | 드론6 목적지48 |  555스텝 | 배송 48/48 | 재적재  7 | 중계율 0.17 | alpha 2.610 | complete
Ep 1332 | 드론5 목적지21 |  328스텝 | 배송 21/21 | 재적재  3 | 중계율 0.16 | alpha 2.636 | complete
Ep 1333 | 드론6 목적지42 |  551스텝 | 배송 42/42 | 재적재  6 | 중계율 0.14 | alpha 2.667 | complete
Ep 1334 | 드론6 목적지30 |  407스텝 | 배송 30/30 | 재적재  3 | 중계율 0.13 | alpha 2.669 | complete
Ep 1335 | 드론5 목적지52 |  608스텝 | 배송 52/52 | 재적재  9 | 중계율 0.11 | alpha 2.637 | complete
Ep 1336 | 드론4 목적지31 |  730스텝 | 배송 31/31 | 재적재  5 | 중계율 0.14 | alpha 2.621 | complete
Ep 1337 | 드론5 목적지70 |  657스텝 | 배송 70/70 | 재적재 12 | 중계율 0.08 | alpha 2.632 | complete
Ep 1338 | 드론3 목적지80 | 1000스텝 | 배송 66/80 | 재적재 12 | 중계율 0.13 | alpha 2.645 | step_limit
Ep 1339 | 드론5 목적지74 |  611스텝 | 배송 74/74 | 재적재 13 | 중계율 0.12 | alpha 2.674 | complete
Ep 1340 | 드론5 목적지77 | 1000스텝 | 배송 75/77 | 재적재 13 | 중계율 0.21 | alpha 2.668 | step_limit
Ep 1341 | 드론5 목적지30 |  314스텝 | 배송 30/30 | 재적재  5 | 중계율 0.08 | alpha 2.639 | complete
Ep 1342 | 드론6 목적지59 |  721스텝 | 배송 59/59 | 재적재 10 | 중계율 0.18 | alpha 2.615 | complete
Ep 1343 | 드론5 목적지28 |  357스텝 | 배송 28/28 | 재적재  4 | 중계율 0.14 | alpha 2.641 | complete
Ep 1344 | 드론4 목적지48 |  717스텝 | 배송 48/48 | 재적재  8 | 중계율 0.12 | alpha 2.640 | complete
Ep 1345 | 드론3 목적지61 | 1000스텝 | 배송 52/61 | 재적재  8 | 중계율 0.16 | alpha 2.620 | step_limit
Ep 1346 | 드론4 목적지54 |  834스텝 | 배송 54/54 | 재적재 10 | 중계율 0.16 | alpha 2.621 | complete
Ep 1347 | 드론4 목적지68 | 1000스텝 | 배송 63/68 | 재적재 12 | 중계율 0.22 | alpha 2.594 | step_limit
Ep 1348 | 드론4 목적지25 |  398스텝 | 배송 25/25 | 재적재  4 | 중계율 0.11 | alpha 2.590 | complete
Ep 1349 | 드론6 목적지33 |  380스텝 | 배송 33/33 | 재적재  6 | 중계율 0.08 | alpha 2.592 | complete
Ep 1350 | 드론4 목적지70 |  945스텝 | 배송 70/70 | 재적재 13 | 중계율 0.14 | alpha 2.588 | complete
  [홀드아웃] 배송 50.0±0.0 완주 1.00 스텝 1048 점수 106.5 재적재 8.4 2홉+ 0.64 | 최고 106.8@ep950 정체 8/15
Ep 1351 | 드론4 목적지42 |  834스텝 | 배송 42/42 | 재적재  6 | 중계율 0.15 | alpha 2.648 | complete
Ep 1352 | 드론3 목적지30 |  790스텝 | 배송 30/30 | 재적재  4 | 중계율 0.23 | alpha 2.669 | complete
Ep 1353 | 드론3 목적지55 | 1000스텝 | 배송 46/55 | 재적재  8 | 중계율 0.20 | alpha 2.637 | step_limit
Ep 1354 | 드론4 목적지25 |  545스텝 | 배송 25/25 | 재적재  3 | 중계율 0.24 | alpha 2.646 | complete
Ep 1355 | 드론4 목적지54 |  738스텝 | 배송 54/54 | 재적재  9 | 중계율 0.11 | alpha 2.655 | complete
Ep 1356 | 드론6 목적지76 |  807스텝 | 배송 76/76 | 재적재 14 | 중계율 0.19 | alpha 2.689 | complete
Ep 1357 | 드론4 목적지61 | 1000스텝 | 배송 50/61 | 재적재  8 | 중계율 0.25 | alpha 2.667 | step_limit
Ep 1358 | 드론5 목적지36 |  434스텝 | 배송 36/36 | 재적재  6 | 중계율 0.11 | alpha 2.677 | complete
Ep 1359 | 드론3 목적지38 | 1000스텝 | 배송 31/38 | 재적재  6 | 중계율 0.26 | alpha 2.672 | step_limit
Ep 1360 | 드론4 목적지22 |  528스텝 | 배송 22/22 | 재적재  2 | 중계율 0.16 | alpha 2.668 | complete
Ep 1361 | 드론3 목적지53 | 1000스텝 | 배송 52/53 | 재적재 10 | 중계율 0.22 | alpha 2.683 | step_limit
Ep 1362 | 드론3 목적지69 | 1000스텝 | 배송 51/69 | 재적재 10 | 중계율 0.13 | alpha 2.651 | step_limit
Ep 1363 | 드론6 목적지80 |  761스텝 | 배송 80/80 | 재적재 13 | 중계율 0.15 | alpha 2.628 | complete
Ep 1364 | 드론4 목적지73 | 1000스텝 | 배송 68/73 | 재적재 11 | 중계율 0.22 | alpha 2.651 | step_limit
Ep 1365 | 드론6 목적지36 |  433스텝 | 배송 36/36 | 재적재  4 | 중계율 0.14 | alpha 2.647 | complete
Ep 1366 | 드론4 목적지76 | 1000스텝 | 배송 55/76 | 재적재 10 | 중계율 0.17 | alpha 2.657 | step_limit
Ep 1367 | 드론5 목적지75 |  715스텝 | 배송 75/75 | 재적재 12 | 중계율 0.11 | alpha 2.618 | complete
Ep 1368 | 드론6 목적지47 |  548스텝 | 배송 47/47 | 재적재  7 | 중계율 0.12 | alpha 2.591 | complete
Ep 1369 | 드론5 목적지68 |  660스텝 | 배송 68/68 | 재적재 11 | 중계율 0.14 | alpha 2.596 | complete
Ep 1370 | 드론5 목적지48 |  644스텝 | 배송 48/48 | 재적재  7 | 중계율 0.21 | alpha 2.602 | complete
Ep 1371 | 드론6 목적지24 |  279스텝 | 배송 24/24 | 재적재  3 | 중계율 0.11 | alpha 2.599 | complete
Ep 1372 | 드론6 목적지55 |  673스텝 | 배송 55/55 | 재적재  8 | 중계율 0.16 | alpha 2.617 | complete
Ep 1373 | 드론4 목적지23 |  392스텝 | 배송 23/23 | 재적재  4 | 중계율 0.15 | alpha 2.644 | complete
Ep 1374 | 드론3 목적지27 |  603스텝 | 배송 27/27 | 재적재  5 | 중계율 0.16 | alpha 2.646 | complete
Ep 1375 | 드론4 목적지63 | 1000스텝 | 배송 55/63 | 재적재  9 | 중계율 0.25 | alpha 2.597 | step_limit
Ep 1376 | 드론6 목적지56 |  717스텝 | 배송 56/56 | 재적재  9 | 중계율 0.16 | alpha 2.604 | complete
Ep 1377 | 드론4 목적지60 | 1000스텝 | 배송 56/60 | 재적재 10 | 중계율 0.21 | alpha 2.599 | step_limit
Ep 1378 | 드론3 목적지73 | 1000스텝 | 배송 63/73 | 재적재 12 | 중계율 0.17 | alpha 2.588 | step_limit
Ep 1379 | 드론4 목적지49 |  633스텝 | 배송 49/49 | 재적재  8 | 중계율 0.10 | alpha 2.570 | complete
Ep 1380 | 드론4 목적지67 | 1000스텝 | 배송 63/67 | 재적재 10 | 중계율 0.12 | alpha 2.560 | step_limit
Ep 1381 | 드론4 목적지63 |  722스텝 | 배송 63/63 | 재적재 11 | 중계율 0.12 | alpha 2.575 | complete
Ep 1382 | 드론4 목적지74 | 1000스텝 | 배송 60/74 | 재적재 10 | 중계율 0.26 | alpha 2.593 | step_limit
Ep 1383 | 드론4 목적지48 |  798스텝 | 배송 48/48 | 재적재  8 | 중계율 0.21 | alpha 2.568 | complete
Ep 1384 | 드론6 목적지26 |  322스텝 | 배송 26/26 | 재적재  4 | 중계율 0.16 | alpha 2.543 | complete
Ep 1385 | 드론4 목적지38 |  687스텝 | 배송 38/38 | 재적재  6 | 중계율 0.16 | alpha 2.560 | complete
Ep 1386 | 드론3 목적지20 |  562스텝 | 배송 20/20 | 재적재  3 | 중계율 0.16 | alpha 2.602 | complete
Ep 1387 | 드론5 목적지36 |  600스텝 | 배송 36/36 | 재적재  5 | 중계율 0.18 | alpha 2.617 | complete
Ep 1388 | 드론3 목적지50 | 1000스텝 | 배송 47/50 | 재적재  8 | 중계율 0.23 | alpha 2.614 | step_limit
Ep 1389 | 드론4 목적지77 | 1000스텝 | 배송 76/77 | 재적재 15 | 중계율 0.13 | alpha 2.613 | step_limit
Ep 1390 | 드론6 목적지20 |  222스텝 | 배송 20/20 | 재적재  1 | 중계율 0.07 | alpha 2.606 | complete
Ep 1391 | 드론6 목적지64 |  581스텝 | 배송 64/64 | 재적재  9 | 중계율 0.11 | alpha 2.605 | complete
Ep 1392 | 드론4 목적지63 |  997스텝 | 배송 63/63 | 재적재 11 | 중계율 0.22 | alpha 2.585 | complete
Ep 1393 | 드론6 목적지76 |  751스텝 | 배송 76/76 | 재적재 12 | 중계율 0.13 | alpha 2.568 | complete
Ep 1394 | 드론5 목적지23 |  567스텝 | 배송 23/23 | 재적재  3 | 중계율 0.18 | alpha 2.545 | complete
Ep 1395 | 드론4 목적지25 |  349스텝 | 배송 25/25 | 재적재  3 | 중계율 0.12 | alpha 2.547 | complete
Ep 1396 | 드론4 목적지59 | 1000스텝 | 배송 56/59 | 재적재 10 | 중계율 0.19 | alpha 2.609 | step_limit
Ep 1397 | 드론6 목적지49 |  486스텝 | 배송 49/49 | 재적재  7 | 중계율 0.12 | alpha 2.609 | complete
Ep 1398 | 드론5 목적지66 |  646스텝 | 배송 66/66 | 재적재 11 | 중계율 0.10 | alpha 2.624 | complete
Ep 1399 | 드론3 목적지69 | 1000스텝 | 배송 55/69 | 재적재  9 | 중계율 0.24 | alpha 2.622 | step_limit
Ep 1400 | 드론3 목적지50 | 1000스텝 | 배송 47/50 | 재적재  9 | 중계율 0.20 | alpha 2.651 | step_limit
  [홀드아웃] 배송 49.9±0.8 완주 0.97 스텝 1076 점수 103.9 재적재 8.5 2홉+ 0.64 | 최고 106.8@ep950 정체 9/15
Ep 1401 | 드론6 목적지71 |  583스텝 | 배송 71/71 | 재적재 12 | 중계율 0.08 | alpha 2.636 | complete
Ep 1402 | 드론4 목적지44 |  748스텝 | 배송 44/44 | 재적재  7 | 중계율 0.17 | alpha 2.614 | complete
Ep 1403 | 드론4 목적지67 | 1000스텝 | 배송 59/67 | 재적재  9 | 중계율 0.21 | alpha 2.585 | step_limit
Ep 1404 | 드론5 목적지45 |  492스텝 | 배송 45/45 | 재적재  7 | 중계율 0.09 | alpha 2.593 | complete
Ep 1405 | 드론4 목적지39 |  758스텝 | 배송 39/39 | 재적재  7 | 중계율 0.23 | alpha 2.552 | complete
Ep 1406 | 드론4 목적지67 |  952스텝 | 배송 67/67 | 재적재 12 | 중계율 0.14 | alpha 2.548 | complete
Ep 1407 | 드론6 목적지73 | 1000스텝 | 배송 70/73 | 재적재 13 | 중계율 0.22 | alpha 2.548 | step_limit
Ep 1408 | 드론6 목적지61 |  536스텝 | 배송 61/61 | 재적재 10 | 중계율 0.12 | alpha 2.564 | complete
Ep 1409 | 드론6 목적지73 |  639스텝 | 배송 73/73 | 재적재 13 | 중계율 0.10 | alpha 2.576 | complete
Ep 1410 | 드론5 목적지74 |  867스텝 | 배송 74/74 | 재적재 13 | 중계율 0.18 | alpha 2.539 | complete
Ep 1411 | 드론4 목적지29 |  645스텝 | 배송 29/29 | 재적재  4 | 중계율 0.19 | alpha 2.541 | complete
Ep 1412 | 드론6 목적지25 |  250스텝 | 배송 25/25 | 재적재  0 | 중계율 0.08 | alpha 2.547 | complete
Ep 1413 | 드론3 목적지67 | 1000스텝 | 배송 51/67 | 재적재 10 | 중계율 0.20 | alpha 2.556 | step_limit
Ep 1414 | 드론4 목적지55 | 1000스텝 | 배송 49/55 | 재적재  9 | 중계율 0.24 | alpha 2.597 | step_limit
Ep 1415 | 드론3 목적지54 |  951스텝 | 배송 54/54 | 재적재  9 | 중계율 0.22 | alpha 2.625 | complete
Ep 1416 | 드론6 목적지23 |  182스텝 | 배송 23/23 | 재적재  0 | 중계율 0.12 | alpha 2.609 | complete
Ep 1417 | 드론6 목적지70 |  575스텝 | 배송 70/70 | 재적재 12 | 중계율 0.09 | alpha 2.618 | complete
Ep 1418 | 드론5 목적지37 |  940스텝 | 배송 37/37 | 재적재  6 | 중계율 0.30 | alpha 2.598 | complete
Ep 1419 | 드론3 목적지42 | 1000스텝 | 배송 38/42 | 재적재  6 | 중계율 0.20 | alpha 2.612 | step_limit
Ep 1420 | 드론6 목적지49 |  464스텝 | 배송 49/49 | 재적재  6 | 중계율 0.11 | alpha 2.619 | complete
Ep 1421 | 드론5 목적지31 |  406스텝 | 배송 31/31 | 재적재  5 | 중계율 0.12 | alpha 2.613 | complete
Ep 1422 | 드론4 목적지45 |  606스텝 | 배송 45/45 | 재적재  7 | 중계율 0.17 | alpha 2.597 | complete
Ep 1423 | 드론6 목적지34 |  334스텝 | 배송 34/34 | 재적재  5 | 중계율 0.08 | alpha 2.587 | complete
Ep 1424 | 드론4 목적지23 |  429스텝 | 배송 23/23 | 재적재  3 | 중계율 0.23 | alpha 2.589 | complete
Ep 1425 | 드론4 목적지56 | 1000스텝 | 배송 50/56 | 재적재  8 | 중계율 0.27 | alpha 2.599 | step_limit
Ep 1426 | 드론6 목적지80 |  602스텝 | 배송 80/80 | 재적재 13 | 중계율 0.11 | alpha 2.584 | complete
Ep 1427 | 드론6 목적지76 |  460스텝 | 배송 76/76 | 재적재 12 | 중계율 0.06 | alpha 2.612 | complete
Ep 1428 | 드론6 목적지31 |  395스텝 | 배송 31/31 | 재적재  5 | 중계율 0.19 | alpha 2.616 | complete
Ep 1429 | 드론3 목적지48 | 1000스텝 | 배송 46/48 | 재적재  8 | 중계율 0.26 | alpha 2.622 | step_limit
Ep 1430 | 드론3 목적지37 |  753스텝 | 배송 37/37 | 재적재  6 | 중계율 0.22 | alpha 2.640 | complete
Ep 1431 | 드론5 목적지26 |  504스텝 | 배송 26/26 | 재적재  2 | 중계율 0.21 | alpha 2.606 | complete
Ep 1432 | 드론6 목적지72 |  879스텝 | 배송 72/72 | 재적재 13 | 중계율 0.19 | alpha 2.587 | complete
Ep 1433 | 드론3 목적지67 | 1000스텝 | 배송 55/67 | 재적재  9 | 중계율 0.21 | alpha 2.562 | step_limit
Ep 1434 | 드론5 목적지69 |  904스텝 | 배송 69/69 | 재적재 12 | 중계율 0.11 | alpha 2.535 | complete
Ep 1435 | 드론6 목적지40 |  435스텝 | 배송 40/40 | 재적재  6 | 중계율 0.09 | alpha 2.555 | complete
Ep 1436 | 드론3 목적지52 |  934스텝 | 배송 52/52 | 재적재  8 | 중계율 0.16 | alpha 2.582 | complete
Ep 1437 | 드론3 목적지25 |  618스텝 | 배송 25/25 | 재적재  4 | 중계율 0.14 | alpha 2.560 | complete
Ep 1438 | 드론6 목적지45 |  467스텝 | 배송 45/45 | 재적재  7 | 중계율 0.07 | alpha 2.542 | complete
Ep 1439 | 드론6 목적지68 |  665스텝 | 배송 68/68 | 재적재 10 | 중계율 0.12 | alpha 2.539 | complete
Ep 1440 | 드론4 목적지31 |  603스텝 | 배송 31/31 | 재적재  5 | 중계율 0.19 | alpha 2.541 | complete
Ep 1441 | 드론3 목적지60 | 1000스텝 | 배송 51/60 | 재적재  9 | 중계율 0.22 | alpha 2.575 | step_limit
Ep 1442 | 드론5 목적지23 |  425스텝 | 배송 23/23 | 재적재  2 | 중계율 0.16 | alpha 2.594 | complete
Ep 1443 | 드론3 목적지58 | 1000스텝 | 배송 53/58 | 재적재  9 | 중계율 0.22 | alpha 2.615 | step_limit
Ep 1444 | 드론4 목적지65 |  903스텝 | 배송 65/65 | 재적재 11 | 중계율 0.20 | alpha 2.593 | complete
Ep 1445 | 드론3 목적지45 |  736스텝 | 배송 45/45 | 재적재  7 | 중계율 0.10 | alpha 2.603 | complete
Ep 1446 | 드론3 목적지50 | 1000스텝 | 배송 42/50 | 재적재  8 | 중계율 0.20 | alpha 2.624 | step_limit
Ep 1447 | 드론6 목적지30 |  274스텝 | 배송 30/30 | 재적재  3 | 중계율 0.13 | alpha 2.639 | complete
Ep 1448 | 드론3 목적지28 | 1000스텝 | 배송 26/28 | 재적재  4 | 중계율 0.24 | alpha 2.590 | step_limit
Ep 1449 | 드론6 목적지33 |  555스텝 | 배송 33/33 | 재적재  4 | 중계율 0.22 | alpha 2.634 | complete
Ep 1450 | 드론3 목적지34 |  647스텝 | 배송 34/34 | 재적재  5 | 중계율 0.23 | alpha 2.637 | complete
  [홀드아웃] 배송 49.9±0.5 완주 0.97 스텝 1053 점수 104.0 재적재 8.2 2홉+ 0.64 | 최고 106.8@ep950 정체 10/15
Ep 1451 | 드론3 목적지36 |  814스텝 | 배송 36/36 | 재적재  6 | 중계율 0.26 | alpha 2.621 | complete
Ep 1452 | 드론5 목적지58 |  746스텝 | 배송 58/58 | 재적재 10 | 중계율 0.17 | alpha 2.629 | complete
Ep 1453 | 드론4 목적지55 |  913스텝 | 배송 55/55 | 재적재 10 | 중계율 0.13 | alpha 2.643 | complete
Ep 1454 | 드론3 목적지74 | 1000스텝 | 배송 45/74 | 재적재  8 | 중계율 0.13 | alpha 2.614 | step_limit
Ep 1455 | 드론3 목적지42 |  788스텝 | 배송 42/42 | 재적재  7 | 중계율 0.16 | alpha 2.606 | complete
Ep 1456 | 드론4 목적지36 |  784스텝 | 배송 36/36 | 재적재  5 | 중계율 0.22 | alpha 2.626 | complete
Ep 1457 | 드론5 목적지39 |  468스텝 | 배송 39/39 | 재적재  6 | 중계율 0.13 | alpha 2.603 | complete
Ep 1458 | 드론6 목적지46 |  422스텝 | 배송 46/46 | 재적재  7 | 중계율 0.11 | alpha 2.598 | complete
Ep 1459 | 드론5 목적지79 |  846스텝 | 배송 79/79 | 재적재 13 | 중계율 0.15 | alpha 2.595 | complete
Ep 1460 | 드론6 목적지73 |  627스텝 | 배송 73/73 | 재적재 13 | 중계율 0.14 | alpha 2.593 | complete
Ep 1461 | 드론3 목적지79 | 1000스텝 | 배송 60/79 | 재적재 10 | 중계율 0.21 | alpha 2.629 | step_limit
Ep 1462 | 드론4 목적지42 |  982스텝 | 배송 42/42 | 재적재  7 | 중계율 0.27 | alpha 2.614 | complete
Ep 1463 | 드론4 목적지46 |  654스텝 | 배송 46/46 | 재적재  8 | 중계율 0.12 | alpha 2.640 | complete
Ep 1464 | 드론5 목적지22 |  351스텝 | 배송 22/22 | 재적재  3 | 중계율 0.08 | alpha 2.621 | complete
Ep 1465 | 드론5 목적지27 |  710스텝 | 배송 27/27 | 재적재  4 | 중계율 0.22 | alpha 2.606 | complete
Ep 1466 | 드론4 목적지49 |  902스텝 | 배송 49/49 | 재적재  8 | 중계율 0.21 | alpha 2.596 | complete
Ep 1467 | 드론3 목적지45 | 1000스텝 | 배송 42/45 | 재적재  7 | 중계율 0.23 | alpha 2.598 | step_limit
Ep 1468 | 드론5 목적지68 |  738스텝 | 배송 68/68 | 재적재 12 | 중계율 0.12 | alpha 2.622 | complete
Ep 1469 | 드론3 목적지36 |  827스텝 | 배송 36/36 | 재적재  6 | 중계율 0.20 | alpha 2.618 | complete
Ep 1470 | 드론4 목적지31 |  634스텝 | 배송 31/31 | 재적재  4 | 중계율 0.21 | alpha 2.599 | complete
Ep 1471 | 드론5 목적지62 |  948스텝 | 배송 62/62 | 재적재 11 | 중계율 0.20 | alpha 2.623 | complete
Ep 1472 | 드론5 목적지31 |  488스텝 | 배송 31/31 | 재적재  4 | 중계율 0.15 | alpha 2.616 | complete
Ep 1473 | 드론4 목적지75 |  895스텝 | 배송 75/75 | 재적재 14 | 중계율 0.16 | alpha 2.628 | complete
Ep 1474 | 드론6 목적지78 |  662스텝 | 배송 78/78 | 재적재 14 | 중계율 0.12 | alpha 2.630 | complete
Ep 1475 | 드론5 목적지46 |  910스텝 | 배송 46/46 | 재적재  7 | 중계율 0.20 | alpha 2.622 | complete
Ep 1476 | 드론4 목적지54 |  999스텝 | 배송 54/54 | 재적재  8 | 중계율 0.20 | alpha 2.618 | complete
Ep 1477 | 드론4 목적지61 | 1000스텝 | 배송 55/61 | 재적재  8 | 중계율 0.28 | alpha 2.670 | step_limit
Ep 1478 | 드론5 목적지45 |  764스텝 | 배송 45/45 | 재적재  8 | 중계율 0.19 | alpha 2.667 | complete
Ep 1479 | 드론3 목적지80 | 1000스텝 | 배송 58/80 | 재적재 10 | 중계율 0.19 | alpha 2.672 | step_limit
Ep 1480 | 드론5 목적지39 |  733스텝 | 배송 39/39 | 재적재  5 | 중계율 0.20 | alpha 2.634 | complete
Ep 1481 | 드론3 목적지70 | 1000스텝 | 배송 54/70 | 재적재 10 | 중계율 0.23 | alpha 2.631 | step_limit
Ep 1482 | 드론3 목적지62 | 1000스텝 | 배송 59/62 | 재적재 11 | 중계율 0.15 | alpha 2.594 | step_limit
Ep 1483 | 드론4 목적지39 |  978스텝 | 배송 39/39 | 재적재  7 | 중계율 0.27 | alpha 2.590 | complete
Ep 1484 | 드론6 목적지69 |  819스텝 | 배송 69/69 | 재적재 12 | 중계율 0.14 | alpha 2.575 | complete
Ep 1485 | 드론4 목적지51 |  678스텝 | 배송 51/51 | 재적재  8 | 중계율 0.17 | alpha 2.582 | complete
Ep 1486 | 드론5 목적지66 |  832스텝 | 배송 66/66 | 재적재 10 | 중계율 0.25 | alpha 2.577 | complete
Ep 1487 | 드론3 목적지37 |  648스텝 | 배송 37/37 | 재적재  6 | 중계율 0.16 | alpha 2.556 | complete
Ep 1488 | 드론4 목적지62 | 1000스텝 | 배송 50/62 | 재적재  9 | 중계율 0.20 | alpha 2.570 | step_limit
Ep 1489 | 드론3 목적지24 |  588스텝 | 배송 24/24 | 재적재  3 | 중계율 0.21 | alpha 2.591 | complete
Ep 1490 | 드론4 목적지77 | 1000스텝 | 배송 70/77 | 재적재 14 | 중계율 0.22 | alpha 2.587 | step_limit
Ep 1491 | 드론6 목적지59 |  686스텝 | 배송 59/59 | 재적재 10 | 중계율 0.12 | alpha 2.594 | complete
Ep 1492 | 드론5 목적지60 |  819스텝 | 배송 60/60 | 재적재 10 | 중계율 0.19 | alpha 2.593 | complete
Ep 1493 | 드론3 목적지29 |  719스텝 | 배송 29/29 | 재적재  5 | 중계율 0.15 | alpha 2.567 | complete
Ep 1494 | 드론3 목적지78 | 1000스텝 | 배송 66/78 | 재적재 11 | 중계율 0.13 | alpha 2.539 | step_limit
Ep 1495 | 드론4 목적지34 |  560스텝 | 배송 34/34 | 재적재  5 | 중계율 0.17 | alpha 2.552 | complete
Ep 1496 | 드론6 목적지31 |  502스텝 | 배송 31/31 | 재적재  4 | 중계율 0.13 | alpha 2.557 | complete
Ep 1497 | 드론6 목적지57 |  655스텝 | 배송 57/57 | 재적재 10 | 중계율 0.15 | alpha 2.578 | complete
Ep 1498 | 드론4 목적지27 |  457스텝 | 배송 27/27 | 재적재  4 | 중계율 0.16 | alpha 2.572 | complete
Ep 1499 | 드론5 목적지31 |  622스텝 | 배송 31/31 | 재적재  5 | 중계율 0.20 | alpha 2.591 | complete
Ep 1500 | 드론3 목적지50 |  926스텝 | 배송 50/50 | 재적재  8 | 중계율 0.19 | alpha 2.578 | complete
  [홀드아웃] 배송 50.0±0.0 완주 1.00 스텝 1128 점수 106.2 재적재 8.5 2홉+ 0.63 | 최고 106.8@ep950 정체 11/15
Training finished. best=106.8 @ ep950
