/home/kopt/enter/envs/wsl_neuroMCTS/lib/python3.10/site-packages/pygame/pkgdata.py:25: UserWarning: pkg_resources is deprecated as an API. See https://setuptools.pypa.io/en/latest/pkg_resources.html. The pkg_resources package is slated for removal as early as 2025-11-30. Refrain from using this package or pin to Setuptools<81.
  from pkg_resources import resource_stream, resource_exists
pygame 2.6.1 (SDL 2.28.4, Python 3.10.19)
Hello from the pygame community. https://www.pygame.org/contribute.html
집합 상위 학습 | 반경 300 상한 1000 무배송 500 gamma 0.997 구성=무작위 드론[3, 4][3.0, 1.0] 목적지[20, 80] CC무작위 인스턴스=무작위 목표유지=off 완주보상=0.0 잔여페널티=0.1 규칙관측=False 규칙정규화=2.0 막힘페널티=0.0 도달권shaping=0.0 정체전환보상=0.0 엔트로피비=0.6->0.25@400 자기회귀=True 홀드아웃상한=3000 선택=makespan/속도가중치=40.0
/home/kopt/drone/proposed_src/pipeline/train_v5_26_09_15_23.py:354: UserWarning: Converting a tensor with requires_grad=True to a scalar may lead to unexpected behavior.
Consider using tensor.detach() first. (Triggered internally at /pytorch/torch/csrc/autograd/generated/python_variable_methods.cpp:836.)
  writer.add_scalar("train/alpha", float(log_alpha.exp()), ep)
Ep 1 | 드론3 목적지67 | 1000스텝 | 배송 45/67 | 재적재  7 | 중계율 0.08 | alpha 0.100 | step_limit
Ep 2 | 드론3 목적지57 | 1000스텝 | 배송 39/57 | 재적재  7 | 중계율 0.08 | alpha 0.100 | step_limit
Ep 3 | 드론3 목적지23 | 1000스텝 | 배송 20/23 | 재적재  3 | 중계율 0.08 | alpha 0.100 | step_limit
Ep 4 | 드론3 목적지71 | 1000스텝 | 배송 55/71 | 재적재  9 | 중계율 0.10 | alpha 0.100 | step_limit
Ep 5 | 드론4 목적지75 | 1000스텝 | 배송 67/75 | 재적재 12 | 중계율 0.21 | alpha 0.103 | step_limit
Ep 6 | 드론4 목적지30 |  408스텝 | 배송 30/30 | 재적재  4 | 중계율 0.30 | alpha 0.107 | complete
Ep 7 | 드론3 목적지54 | 1000스텝 | 배송 50/54 | 재적재  8 | 중계율 0.36 | alpha 0.118 | step_limit
Ep 8 | 드론3 목적지61 |  785스텝 | 배송 61/61 | 재적재 10 | 중계율 0.22 | alpha 0.126 | complete
Ep 9 | 드론3 목적지37 |  698스텝 | 배송 37/37 | 재적재  7 | 중계율 0.29 | alpha 0.133 | complete
Ep 10 | 드론3 목적지58 | 1000스텝 | 배송 51/58 | 재적재  9 | 중계율 0.26 | alpha 0.144 | step_limit
Ep 11 | 드론3 목적지27 |  653스텝 | 배송 27/27 | 재적재  5 | 중계율 0.27 | alpha 0.151 | complete
Ep 12 | 드론3 목적지71 | 1000스텝 | 배송 49/71 | 재적재  8 | 중계율 0.26 | alpha 0.163 | step_limit
Ep 13 | 드론3 목적지40 |  621스텝 | 배송 40/40 | 재적재  7 | 중계율 0.27 | alpha 0.171 | complete
Ep 14 | 드론3 목적지72 | 1000스텝 | 배송 61/72 | 재적재 11 | 중계율 0.30 | alpha 0.184 | step_limit
Ep 15 | 드론3 목적지48 |  838스텝 | 배송 48/48 | 재적재  9 | 중계율 0.32 | alpha 0.195 | complete
Ep 16 | 드론3 목적지71 | 1000스텝 | 배송 62/71 | 재적재 11 | 중계율 0.30 | alpha 0.210 | step_limit
Ep 17 | 드론3 목적지32 |  719스텝 | 배송 32/32 | 재적재  5 | 중계율 0.43 | alpha 0.222 | complete
Ep 18 | 드론3 목적지41 | 1000스텝 | 배송 37/41 | 재적재  6 | 중계율 0.35 | alpha 0.239 | step_limit
Ep 19 | 드론3 목적지76 | 1000스텝 | 배송 64/76 | 재적재 11 | 중계율 0.28 | alpha 0.257 | step_limit
Ep 20 | 드론3 목적지25 |  346스텝 | 배송 25/25 | 재적재  3 | 중계율 0.31 | alpha 0.263 | complete
Ep 21 | 드론3 목적지52 | 1000스텝 | 배송 50/52 | 재적재  9 | 중계율 0.44 | alpha 0.283 | step_limit
Ep 22 | 드론4 목적지51 |  564스텝 | 배송 51/51 | 재적재  8 | 중계율 0.25 | alpha 0.295 | complete
Ep 23 | 드론3 목적지59 | 1000스텝 | 배송 55/59 | 재적재  9 | 중계율 0.31 | alpha 0.317 | step_limit
Ep 24 | 드론3 목적지68 | 1000스텝 | 배송 60/68 | 재적재  9 | 중계율 0.31 | alpha 0.341 | step_limit
Ep 25 | 드론3 목적지43 |  762스텝 | 배송 43/43 | 재적재  7 | 중계율 0.21 | alpha 0.360 | complete
Ep 26 | 드론3 목적지21 |  558스텝 | 배송 21/21 | 재적재  3 | 중계율 0.38 | alpha 0.375 | complete
Ep 27 | 드론3 목적지64 | 1000스텝 | 배송 58/64 | 재적재 10 | 중계율 0.32 | alpha 0.404 | step_limit
Ep 28 | 드론3 목적지36 |  642스텝 | 배송 36/36 | 재적재  5 | 중계율 0.30 | alpha 0.423 | complete
Ep 29 | 드론3 목적지34 |  672스텝 | 배송 34/34 | 재적재  5 | 중계율 0.31 | alpha 0.444 | complete
Ep 30 | 드론3 목적지37 |  627스텝 | 배송 37/37 | 재적재  6 | 중계율 0.27 | alpha 0.464 | complete
Ep 31 | 드론3 목적지21 |  396스텝 | 배송 21/21 | 재적재  3 | 중계율 0.33 | alpha 0.477 | complete
Ep 32 | 드론4 목적지68 |  796스텝 | 배송 68/68 | 재적재 13 | 중계율 0.21 | alpha 0.505 | complete
Ep 33 | 드론4 목적지30 |  523스텝 | 배송 30/30 | 재적재  4 | 중계율 0.19 | alpha 0.524 | complete
Ep 34 | 드론3 목적지30 |  492스텝 | 배송 30/30 | 재적재  3 | 중계율 0.28 | alpha 0.542 | complete
Ep 35 | 드론3 목적지63 | 1000스텝 | 배송 60/63 | 재적재 10 | 중계율 0.34 | alpha 0.581 | step_limit
Ep 36 | 드론3 목적지39 |  744스텝 | 배송 39/39 | 재적재  6 | 중계율 0.36 | alpha 0.612 | complete
Ep 37 | 드론3 목적지25 |  531스텝 | 배송 25/25 | 재적재  3 | 중계율 0.39 | alpha 0.635 | complete
Ep 38 | 드론3 목적지35 |  559스텝 | 배송 35/35 | 재적재  5 | 중계율 0.20 | alpha 0.660 | complete
Ep 39 | 드론3 목적지45 |  713스텝 | 배송 45/45 | 재적재  8 | 중계율 0.22 | alpha 0.693 | complete
Ep 40 | 드론3 목적지63 | 1000스텝 | 배송 47/63 | 재적재  8 | 중계율 0.29 | alpha 0.744 | step_limit
Ep 41 | 드론4 목적지69 | 1000스텝 | 배송 59/69 | 재적재 10 | 중계율 0.38 | alpha 0.799 | step_limit
Ep 42 | 드론4 목적지20 |  266스텝 | 배송 20/20 | 재적재  1 | 중계율 0.26 | alpha 0.814 | complete
Ep 43 | 드론3 목적지56 |  901스텝 | 배송 56/56 | 재적재  9 | 중계율 0.26 | alpha 0.866 | complete
Ep 44 | 드론3 목적지60 |  790스텝 | 배송 60/60 | 재적재 11 | 중계율 0.18 | alpha 0.914 | complete
Ep 45 | 드론3 목적지76 | 1000스텝 | 배송 65/76 | 재적재 11 | 중계율 0.27 | alpha 0.978 | step_limit
Ep 46 | 드론4 목적지44 |  500스텝 | 배송 44/44 | 재적재  5 | 중계율 0.26 | alpha 1.011 | complete
Ep 47 | 드론3 목적지51 |  962스텝 | 배송 51/51 | 재적재  8 | 중계율 0.31 | alpha 1.080 | complete
Ep 48 | 드론3 목적지52 |  865스텝 | 배송 52/52 | 재적재  8 | 중계율 0.34 | alpha 1.146 | complete
Ep 49 | 드론3 목적지45 |  773스텝 | 배송 45/45 | 재적재  7 | 중계율 0.29 | alpha 1.209 | complete
Ep 50 | 드론3 목적지64 | 1000스텝 | 배송 58/64 | 재적재  9 | 중계율 0.27 | alpha 1.296 | step_limit
  [홀드아웃] 배송 50.0±0.0 완주 1.00 스텝 968 점수 127.1 재적재 7.6 2홉+ 0.62 | 최고 127.1@ep50 정체 0/15  ← 갱신
Ep 51 | 드론3 목적지77 | 1000스텝 | 배송 58/77 | 재적재 11 | 중계율 0.18 | alpha 1.388 | step_limit
Ep 52 | 드론3 목적지75 | 1000스텝 | 배송 71/75 | 재적재 13 | 중계율 0.24 | alpha 1.485 | step_limit
Ep 53 | 드론4 목적지59 |  985스텝 | 배송 59/59 | 재적재 10 | 중계율 0.36 | alpha 1.584 | complete
Ep 54 | 드론3 목적지61 | 1000스텝 | 배송 51/61 | 재적재  9 | 중계율 0.33 | alpha 1.688 | step_limit
Ep 55 | 드론3 목적지56 | 1000스텝 | 배송 54/56 | 재적재 10 | 중계율 0.27 | alpha 1.795 | step_limit
Ep 56 | 드론3 목적지70 | 1000스텝 | 배송 54/70 | 재적재  8 | 중계율 0.31 | alpha 1.905 | step_limit
Ep 57 | 드론3 목적지49 | 1000스텝 | 배송 47/49 | 재적재  9 | 중계율 0.31 | alpha 2.018 | step_limit
Ep 58 | 드론4 목적지55 |  911스텝 | 배송 55/55 | 재적재  9 | 중계율 0.26 | alpha 2.123 | complete
Ep 59 | 드론4 목적지53 |  623스텝 | 배송 53/53 | 재적재  8 | 중계율 0.27 | alpha 2.193 | complete
Ep 60 | 드론3 목적지44 |  866스텝 | 배송 44/44 | 재적재  7 | 중계율 0.33 | alpha 2.290 | complete
Ep 61 | 드론4 목적지36 |  680스텝 | 배송 36/36 | 재적재  4 | 중계율 0.35 | alpha 2.367 | complete
Ep 62 | 드론3 목적지70 | 1000스텝 | 배송 60/70 | 재적재  9 | 중계율 0.27 | alpha 2.478 | step_limit
Ep 63 | 드론3 목적지41 |  930스텝 | 배송 41/41 | 재적재  6 | 중계율 0.32 | alpha 2.576 | complete
Ep 64 | 드론3 목적지51 |  944스텝 | 배송 51/51 | 재적재  9 | 중계율 0.28 | alpha 2.676 | complete
Ep 65 | 드론3 목적지62 | 1000스텝 | 배송 60/62 | 재적재 10 | 중계율 0.26 | alpha 2.778 | step_limit
Ep 66 | 드론3 목적지66 | 1000스텝 | 배송 53/66 | 재적재  9 | 중계율 0.20 | alpha 2.875 | step_limit
Ep 67 | 드론3 목적지78 | 1000스텝 | 배송 65/78 | 재적재 10 | 중계율 0.25 | alpha 2.962 | step_limit
Ep 68 | 드론4 목적지42 |  612스텝 | 배송 42/42 | 재적재  6 | 중계율 0.24 | alpha 3.004 | complete
Ep 69 | 드론3 목적지37 |  985스텝 | 배송 37/37 | 재적재  7 | 중계율 0.35 | alpha 3.068 | complete
Ep 70 | 드론3 목적지40 |  846스텝 | 배송 40/40 | 재적재  7 | 중계율 0.25 | alpha 3.118 | complete
Ep 71 | 드론3 목적지54 | 1000스텝 | 배송 47/54 | 재적재  8 | 중계율 0.25 | alpha 3.153 | step_limit
Ep 72 | 드론4 목적지34 |  872스텝 | 배송 34/34 | 재적재  6 | 중계율 0.31 | alpha 3.189 | complete
Ep 73 | 드론3 목적지36 | 1000스텝 | 배송 34/36 | 재적재  5 | 중계율 0.32 | alpha 3.234 | step_limit
Ep 74 | 드론3 목적지51 | 1000스텝 | 배송 49/51 | 재적재  9 | 중계율 0.25 | alpha 3.257 | step_limit
Ep 75 | 드론4 목적지80 | 1000스텝 | 배송 73/80 | 재적재 12 | 중계율 0.16 | alpha 3.289 | step_limit
Ep 76 | 드론3 목적지74 | 1000스텝 | 배송 52/74 | 재적재  9 | 중계율 0.25 | alpha 3.325 | step_limit
Ep 77 | 드론3 목적지53 | 1000스텝 | 배송 49/53 | 재적재  9 | 중계율 0.32 | alpha 3.345 | step_limit
Ep 78 | 드론3 목적지39 |  964스텝 | 배송 39/39 | 재적재  7 | 중계율 0.23 | alpha 3.345 | complete
Ep 79 | 드론3 목적지70 | 1000스텝 | 배송 65/70 | 재적재 12 | 중계율 0.17 | alpha 3.335 | step_limit
Ep 80 | 드론4 목적지52 |  928스텝 | 배송 52/52 | 재적재  8 | 중계율 0.29 | alpha 3.342 | complete
Ep 81 | 드론3 목적지69 | 1000스텝 | 배송 60/69 | 재적재 11 | 중계율 0.26 | alpha 3.317 | step_limit
Ep 82 | 드론3 목적지43 | 1000스텝 | 배송 30/43 | 재적재  4 | 중계율 0.33 | alpha 3.293 | step_limit
Ep 83 | 드론3 목적지33 | 1000스텝 | 배송 31/33 | 재적재  6 | 중계율 0.33 | alpha 3.256 | step_limit
Ep 84 | 드론4 목적지31 |  505스텝 | 배송 31/31 | 재적재  5 | 중계율 0.14 | alpha 3.247 | complete
Ep 85 | 드론3 목적지60 | 1000스텝 | 배송 50/60 | 재적재  9 | 중계율 0.24 | alpha 3.191 | step_limit
Ep 86 | 드론4 목적지59 | 1000스텝 | 배송 58/59 | 재적재 10 | 중계율 0.26 | alpha 3.151 | step_limit
Ep 87 | 드론3 목적지78 | 1000스텝 | 배송 68/78 | 재적재 12 | 중계율 0.25 | alpha 3.109 | step_limit
Ep 88 | 드론4 목적지66 | 1000스텝 | 배송 61/66 | 재적재 10 | 중계율 0.31 | alpha 3.035 | step_limit
Ep 89 | 드론3 목적지43 |  883스텝 | 배송 43/43 | 재적재  7 | 중계율 0.26 | alpha 2.995 | complete
Ep 90 | 드론3 목적지68 | 1000스텝 | 배송 57/68 | 재적재  9 | 중계율 0.24 | alpha 2.935 | step_limit
Ep 91 | 드론3 목적지31 |  775스텝 | 배송 31/31 | 재적재  5 | 중계율 0.26 | alpha 2.910 | complete
Ep 92 | 드론3 목적지36 |  655스텝 | 배송 36/36 | 재적재  7 | 중계율 0.23 | alpha 2.903 | complete
Ep 93 | 드론3 목적지57 | 1000스텝 | 배송 56/57 | 재적재 10 | 중계율 0.19 | alpha 2.886 | step_limit
Ep 94 | 드론3 목적지39 |  641스텝 | 배송 39/39 | 재적재  6 | 중계율 0.22 | alpha 2.882 | complete
Ep 95 | 드론4 목적지67 | 1000스텝 | 배송 62/67 | 재적재  9 | 중계율 0.26 | alpha 2.851 | step_limit
Ep 96 | 드론3 목적지75 | 1000스텝 | 배송 60/75 | 재적재 11 | 중계율 0.27 | alpha 2.776 | step_limit
Ep 97 | 드론3 목적지28 |  605스텝 | 배송 28/28 | 재적재  5 | 중계율 0.26 | alpha 2.738 | complete
Ep 98 | 드론3 목적지70 | 1000스텝 | 배송 60/70 | 재적재 11 | 중계율 0.18 | alpha 2.658 | step_limit
Ep 99 | 드론3 목적지51 | 1000스텝 | 배송 50/51 | 재적재  8 | 중계율 0.30 | alpha 2.621 | step_limit
Ep 100 | 드론3 목적지60 |  982스텝 | 배송 60/60 | 재적재 11 | 중계율 0.21 | alpha 2.636 | complete
  [홀드아웃] 배송 50.0±0.2 완주 0.97 스텝 1078 점수 123.1 재적재 8.1 2홉+ 0.61 | 최고 127.1@ep50 정체 1/15
Ep 101 | 드론3 목적지45 | 1000스텝 | 배송 44/45 | 재적재  7 | 중계율 0.34 | alpha 2.636 | step_limit
Ep 102 | 드론3 목적지38 |  916스텝 | 배송 38/38 | 재적재  6 | 중계율 0.25 | alpha 2.608 | complete
Ep 103 | 드론3 목적지45 | 1000스텝 | 배송 44/45 | 재적재  7 | 중계율 0.25 | alpha 2.613 | step_limit
Ep 104 | 드론3 목적지24 |  547스텝 | 배송 24/24 | 재적재  4 | 중계율 0.27 | alpha 2.617 | complete
Ep 105 | 드론4 목적지64 | 1000스텝 | 배송 56/64 | 재적재  9 | 중계율 0.24 | alpha 2.581 | step_limit
Ep 106 | 드론3 목적지56 | 1000스텝 | 배송 48/56 | 재적재  8 | 중계율 0.19 | alpha 2.546 | step_limit
Ep 107 | 드론4 목적지26 |  322스텝 | 배송 26/26 | 재적재  3 | 중계율 0.14 | alpha 2.531 | complete
Ep 108 | 드론4 목적지55 |  873스텝 | 배송 55/55 | 재적재 10 | 중계율 0.24 | alpha 2.493 | complete
Ep 109 | 드론3 목적지25 |  668스텝 | 배송 25/25 | 재적재  4 | 중계율 0.33 | alpha 2.483 | complete
Ep 110 | 드론4 목적지39 |  517스텝 | 배송 39/39 | 재적재  6 | 중계율 0.21 | alpha 2.469 | complete
Ep 111 | 드론4 목적지50 |  838스텝 | 배송 50/50 | 재적재  8 | 중계율 0.26 | alpha 2.437 | complete
Ep 112 | 드론3 목적지79 | 1000스텝 | 배송 55/79 | 재적재  9 | 중계율 0.22 | alpha 2.413 | step_limit
Ep 113 | 드론4 목적지38 |  721스텝 | 배송 38/38 | 재적재  5 | 중계율 0.29 | alpha 2.434 | complete
Ep 114 | 드론4 목적지21 |  264스텝 | 배송 21/21 | 재적재  3 | 중계율 0.13 | alpha 2.434 | complete
Ep 115 | 드론4 목적지31 |  511스텝 | 배송 31/31 | 재적재  5 | 중계율 0.29 | alpha 2.430 | complete
Ep 116 | 드론4 목적지42 |  490스텝 | 배송 42/42 | 재적재  7 | 중계율 0.17 | alpha 2.432 | complete
Ep 117 | 드론3 목적지50 |  994스텝 | 배송 50/50 | 재적재  8 | 중계율 0.32 | alpha 2.432 | complete
Ep 118 | 드론3 목적지56 | 1000스텝 | 배송 55/56 | 재적재 10 | 중계율 0.24 | alpha 2.452 | step_limit
Ep 119 | 드론3 목적지60 | 1000스텝 | 배송 58/60 | 재적재 11 | 중계율 0.21 | alpha 2.490 | step_limit
Ep 120 | 드론3 목적지23 |  711스텝 | 배송 23/23 | 재적재  3 | 중계율 0.35 | alpha 2.476 | complete
Ep 121 | 드론4 목적지70 | 1000스텝 | 배송 63/70 | 재적재 10 | 중계율 0.24 | alpha 2.396 | step_limit
Ep 122 | 드론4 목적지63 | 1000스텝 | 배송 51/63 | 재적재  9 | 중계율 0.27 | alpha 2.330 | step_limit
Ep 123 | 드론3 목적지54 |  862스텝 | 배송 54/54 | 재적재 10 | 중계율 0.20 | alpha 2.294 | complete
Ep 124 | 드론3 목적지45 |  854스텝 | 배송 45/45 | 재적재  8 | 중계율 0.28 | alpha 2.259 | complete
Ep 125 | 드론3 목적지58 | 1000스텝 | 배송 49/58 | 재적재  8 | 중계율 0.19 | alpha 2.218 | step_limit
Ep 126 | 드론3 목적지44 |  860스텝 | 배송 44/44 | 재적재  7 | 중계율 0.23 | alpha 2.187 | complete
Ep 127 | 드론3 목적지77 | 1000스텝 | 배송 69/77 | 재적재 13 | 중계율 0.19 | alpha 2.171 | step_limit
Ep 128 | 드론3 목적지63 | 1000스텝 | 배송 55/63 | 재적재 10 | 중계율 0.25 | alpha 2.166 | step_limit
Ep 129 | 드론3 목적지48 | 1000스텝 | 배송 47/48 | 재적재  8 | 중계율 0.26 | alpha 2.149 | step_limit
Ep 130 | 드론3 목적지71 | 1000스텝 | 배송 56/71 | 재적재 10 | 중계율 0.30 | alpha 2.111 | step_limit
Ep 131 | 드론4 목적지36 |  632스텝 | 배송 36/36 | 재적재  5 | 중계율 0.26 | alpha 2.065 | complete
Ep 132 | 드론3 목적지68 | 1000스텝 | 배송 50/68 | 재적재 10 | 중계율 0.25 | alpha 2.031 | step_limit
Ep 133 | 드론4 목적지63 | 1000스텝 | 배송 58/63 | 재적재 11 | 중계율 0.28 | alpha 2.031 | step_limit
Ep 134 | 드론3 목적지68 | 1000스텝 | 배송 59/68 | 재적재 10 | 중계율 0.23 | alpha 2.027 | step_limit
Ep 135 | 드론3 목적지61 | 1000스텝 | 배송 58/61 | 재적재 10 | 중계율 0.20 | alpha 2.014 | step_limit
Ep 136 | 드론4 목적지71 | 1000스텝 | 배송 64/71 | 재적재 10 | 중계율 0.32 | alpha 2.000 | step_limit
Ep 137 | 드론3 목적지41 |  851스텝 | 배송 41/41 | 재적재  7 | 중계율 0.30 | alpha 1.961 | complete
Ep 138 | 드론3 목적지64 | 1000스텝 | 배송 55/64 | 재적재 11 | 중계율 0.24 | alpha 1.939 | step_limit
Ep 139 | 드론3 목적지22 |  636스텝 | 배송 22/22 | 재적재  3 | 중계율 0.22 | alpha 1.925 | complete
Ep 140 | 드론4 목적지56 | 1000스텝 | 배송 52/56 | 재적재  9 | 중계율 0.26 | alpha 1.954 | step_limit
Ep 141 | 드론3 목적지33 |  944스텝 | 배송 33/33 | 재적재  6 | 중계율 0.28 | alpha 1.968 | complete
Ep 142 | 드론3 목적지74 | 1000스텝 | 배송 54/74 | 재적재  9 | 중계율 0.19 | alpha 1.976 | step_limit
Ep 143 | 드론3 목적지39 |  852스텝 | 배송 39/39 | 재적재  7 | 중계율 0.25 | alpha 1.975 | complete
Ep 144 | 드론3 목적지36 |  672스텝 | 배송 36/36 | 재적재  6 | 중계율 0.17 | alpha 1.989 | complete
Ep 145 | 드론3 목적지49 | 1000스텝 | 배송 44/49 | 재적재  8 | 중계율 0.17 | alpha 1.965 | step_limit
Ep 146 | 드론4 목적지61 |  753스텝 | 배송 61/61 | 재적재  9 | 중계율 0.19 | alpha 1.938 | complete
Ep 147 | 드론4 목적지70 | 1000스텝 | 배송 67/70 | 재적재 12 | 중계율 0.29 | alpha 1.956 | step_limit
Ep 148 | 드론3 목적지49 |  940스텝 | 배송 49/49 | 재적재  9 | 중계율 0.24 | alpha 1.952 | complete
Ep 149 | 드론4 목적지71 | 1000스텝 | 배송 69/71 | 재적재 11 | 중계율 0.27 | alpha 1.928 | step_limit
Ep 150 | 드론4 목적지42 |  539스텝 | 배송 42/42 | 재적재  7 | 중계율 0.15 | alpha 1.926 | complete
  [홀드아웃] 배송 49.8±1.4 완주 0.96 스텝 1067 점수 122.0 재적재 7.8 2홉+ 0.62 | 최고 127.1@ep50 정체 2/15
Ep 151 | 드론3 목적지59 | 1000스텝 | 배송 49/59 | 재적재  9 | 중계율 0.22 | alpha 1.903 | step_limit
Ep 152 | 드론3 목적지62 | 1000스텝 | 배송 54/62 | 재적재 10 | 중계율 0.25 | alpha 1.893 | step_limit
Ep 153 | 드론4 목적지73 | 1000스텝 | 배송 69/73 | 재적재 12 | 중계율 0.26 | alpha 1.904 | step_limit
Ep 154 | 드론3 목적지52 |  956스텝 | 배송 52/52 | 재적재 10 | 중계율 0.18 | alpha 1.906 | complete
Ep 155 | 드론4 목적지64 | 1000스텝 | 배송 44/64 | 재적재  7 | 중계율 0.28 | alpha 1.880 | step_limit
Ep 156 | 드론4 목적지35 |  594스텝 | 배송 35/35 | 재적재  4 | 중계율 0.21 | alpha 1.883 | complete
Ep 157 | 드론4 목적지66 | 1000스텝 | 배송 62/66 | 재적재 10 | 중계율 0.21 | alpha 1.904 | step_limit
Ep 158 | 드론4 목적지20 |  439스텝 | 배송 20/20 | 재적재  2 | 중계율 0.23 | alpha 1.919 | complete
Ep 159 | 드론3 목적지58 | 1000스텝 | 배송 54/58 | 재적재 10 | 중계율 0.19 | alpha 1.900 | step_limit
Ep 160 | 드론3 목적지32 |  557스텝 | 배송 32/32 | 재적재  5 | 중계율 0.16 | alpha 1.904 | complete
Ep 161 | 드론3 목적지48 |  918스텝 | 배송 48/48 | 재적재  7 | 중계율 0.32 | alpha 1.927 | complete
Ep 162 | 드론3 목적지40 |  901스텝 | 배송 40/40 | 재적재  6 | 중계율 0.29 | alpha 1.921 | complete
Ep 163 | 드론3 목적지68 | 1000스텝 | 배송 56/68 | 재적재 10 | 중계율 0.20 | alpha 1.880 | step_limit
Ep 164 | 드론4 목적지48 |  521스텝 | 배송 48/48 | 재적재  8 | 중계율 0.16 | alpha 1.877 | complete
Ep 165 | 드론3 목적지53 |  980스텝 | 배송 53/53 | 재적재  9 | 중계율 0.31 | alpha 1.860 | complete
Ep 166 | 드론4 목적지62 | 1000스텝 | 배송 49/62 | 재적재  7 | 중계율 0.27 | alpha 1.858 | step_limit
Ep 167 | 드론3 목적지69 | 1000스텝 | 배송 57/69 | 재적재 10 | 중계율 0.23 | alpha 1.866 | step_limit
Ep 168 | 드론3 목적지62 | 1000스텝 | 배송 47/62 | 재적재  9 | 중계율 0.25 | alpha 1.845 | step_limit
Ep 169 | 드론3 목적지33 |  857스텝 | 배송 33/33 | 재적재  5 | 중계율 0.26 | alpha 1.859 | complete
Ep 170 | 드론4 목적지20 |  331스텝 | 배송 20/20 | 재적재  1 | 중계율 0.30 | alpha 1.859 | complete
Ep 171 | 드론3 목적지72 | 1000스텝 | 배송 65/72 | 재적재 13 | 중계율 0.21 | alpha 1.840 | step_limit
Ep 172 | 드론4 목적지70 |  814스텝 | 배송 70/70 | 재적재 12 | 중계율 0.23 | alpha 1.850 | complete
Ep 173 | 드론3 목적지56 | 1000스텝 | 배송 54/56 | 재적재  9 | 중계율 0.27 | alpha 1.860 | step_limit
Ep 174 | 드론3 목적지28 |  793스텝 | 배송 28/28 | 재적재  4 | 중계율 0.26 | alpha 1.848 | complete
Ep 175 | 드론3 목적지22 |  469스텝 | 배송 22/22 | 재적재  2 | 중계율 0.24 | alpha 1.855 | complete
Ep 176 | 드론4 목적지75 | 1000스텝 | 배송 62/75 | 재적재 10 | 중계율 0.35 | alpha 1.863 | step_limit
Ep 177 | 드론3 목적지30 |  628스텝 | 배송 30/30 | 재적재  5 | 중계율 0.23 | alpha 1.897 | complete
Ep 178 | 드론3 목적지20 |  539스텝 | 배송 20/20 | 재적재  3 | 중계율 0.29 | alpha 1.903 | complete
Ep 179 | 드론4 목적지56 |  988스텝 | 배송 56/56 | 재적재  9 | 중계율 0.27 | alpha 1.903 | complete
Ep 180 | 드론4 목적지58 |  937스텝 | 배송 58/58 | 재적재 11 | 중계율 0.28 | alpha 1.876 | complete
Ep 181 | 드론3 목적지26 |  579스텝 | 배송 26/26 | 재적재  4 | 중계율 0.18 | alpha 1.869 | complete
Ep 182 | 드론3 목적지59 | 1000스텝 | 배송 51/59 | 재적재 10 | 중계율 0.24 | alpha 1.872 | step_limit
Ep 183 | 드론4 목적지48 |  551스텝 | 배송 48/48 | 재적재  7 | 중계율 0.20 | alpha 1.864 | complete
Ep 184 | 드론4 목적지36 |  998스텝 | 배송 36/36 | 재적재  6 | 중계율 0.28 | alpha 1.838 | complete
Ep 185 | 드론3 목적지74 | 1000스텝 | 배송 65/74 | 재적재 10 | 중계율 0.26 | alpha 1.845 | step_limit
Ep 186 | 드론3 목적지41 |  828스텝 | 배송 41/41 | 재적재  8 | 중계율 0.29 | alpha 1.845 | complete
Ep 187 | 드론3 목적지50 | 1000스텝 | 배송 48/50 | 재적재  8 | 중계율 0.30 | alpha 1.816 | step_limit
Ep 188 | 드론3 목적지59 | 1000스텝 | 배송 53/59 | 재적재  9 | 중계율 0.27 | alpha 1.819 | step_limit
Ep 189 | 드론3 목적지48 | 1000스텝 | 배송 41/48 | 재적재  6 | 중계율 0.26 | alpha 1.808 | step_limit
Ep 190 | 드론3 목적지73 | 1000스텝 | 배송 59/73 | 재적재 11 | 중계율 0.19 | alpha 1.806 | step_limit
Ep 191 | 드론3 목적지78 | 1000스텝 | 배송 59/78 | 재적재 10 | 중계율 0.26 | alpha 1.800 | step_limit
Ep 192 | 드론4 목적지33 |  749스텝 | 배송 33/33 | 재적재  6 | 중계율 0.39 | alpha 1.802 | complete
Ep 193 | 드론3 목적지60 | 1000스텝 | 배송 55/60 | 재적재 10 | 중계율 0.26 | alpha 1.788 | step_limit
Ep 194 | 드론4 목적지45 |  827스텝 | 배송 45/45 | 재적재  8 | 중계율 0.32 | alpha 1.804 | complete
Ep 195 | 드론3 목적지41 |  920스텝 | 배송 41/41 | 재적재  8 | 중계율 0.17 | alpha 1.833 | complete
Ep 196 | 드론3 목적지77 | 1000스텝 | 배송 56/77 | 재적재  9 | 중계율 0.29 | alpha 1.844 | step_limit
Ep 197 | 드론3 목적지54 |  858스텝 | 배송 54/54 | 재적재 10 | 중계율 0.20 | alpha 1.850 | complete
Ep 198 | 드론4 목적지50 | 1000스텝 | 배송 32/50 | 재적재  4 | 중계율 0.31 | alpha 1.851 | step_limit
Ep 199 | 드론3 목적지52 |  793스텝 | 배송 52/52 | 재적재  9 | 중계율 0.25 | alpha 1.841 | complete
Ep 200 | 드론3 목적지53 | 1000스텝 | 배송 51/53 | 재적재  9 | 중계율 0.27 | alpha 1.837 | step_limit
  [홀드아웃] 배송 50.0±0.4 완주 0.99 스텝 967 점수 125.9 재적재 7.7 2홉+ 0.61 | 최고 127.1@ep50 정체 3/15
Ep 201 | 드론3 목적지33 |  693스텝 | 배송 33/33 | 재적재  5 | 중계율 0.30 | alpha 1.841 | complete
Ep 202 | 드론3 목적지63 | 1000스텝 | 배송 52/63 | 재적재 10 | 중계율 0.22 | alpha 1.862 | step_limit
Ep 203 | 드론3 목적지51 | 1000스텝 | 배송 49/51 | 재적재  8 | 중계율 0.33 | alpha 1.842 | step_limit
Ep 204 | 드론3 목적지47 | 1000스텝 | 배송 45/47 | 재적재  8 | 중계율 0.23 | alpha 1.817 | step_limit
Ep 205 | 드론4 목적지50 |  643스텝 | 배송 50/50 | 재적재  7 | 중계율 0.23 | alpha 1.796 | complete
Ep 206 | 드론3 목적지36 |  723스텝 | 배송 36/36 | 재적재  6 | 중계율 0.20 | alpha 1.802 | complete
Ep 207 | 드론3 목적지49 | 1000스텝 | 배송 45/49 | 재적재  8 | 중계율 0.28 | alpha 1.787 | step_limit
Ep 208 | 드론4 목적지57 | 1000스텝 | 배송 50/57 | 재적재  8 | 중계율 0.28 | alpha 1.766 | step_limit
Ep 209 | 드론3 목적지78 | 1000스텝 | 배송 65/78 | 재적재 13 | 중계율 0.24 | alpha 1.773 | step_limit
Ep 210 | 드론3 목적지32 |  740스텝 | 배송 32/32 | 재적재  6 | 중계율 0.27 | alpha 1.779 | complete
Ep 211 | 드론3 목적지78 | 1000스텝 | 배송 64/78 | 재적재 12 | 중계율 0.19 | alpha 1.742 | step_limit
Ep 212 | 드론3 목적지38 |  639스텝 | 배송 38/38 | 재적재  7 | 중계율 0.23 | alpha 1.718 | complete
Ep 213 | 드론3 목적지21 |  540스텝 | 배송 21/21 | 재적재  3 | 중계율 0.22 | alpha 1.711 | complete
Ep 214 | 드론4 목적지48 |  592스텝 | 배송 48/48 | 재적재  8 | 중계율 0.16 | alpha 1.714 | complete
Ep 215 | 드론3 목적지29 |  700스텝 | 배송 29/29 | 재적재  5 | 중계율 0.30 | alpha 1.735 | complete
Ep 216 | 드론3 목적지39 |  709스텝 | 배송 39/39 | 재적재  7 | 중계율 0.19 | alpha 1.708 | complete
Ep 217 | 드론3 목적지62 | 1000스텝 | 배송 61/62 | 재적재 11 | 중계율 0.23 | alpha 1.697 | step_limit
Ep 218 | 드론3 목적지59 | 1000스텝 | 배송 52/59 | 재적재  8 | 중계율 0.28 | alpha 1.672 | step_limit
Ep 219 | 드론3 목적지69 | 1000스텝 | 배송 63/69 | 재적재 12 | 중계율 0.21 | alpha 1.661 | step_limit
Ep 220 | 드론3 목적지38 |  692스텝 | 배송 38/38 | 재적재  5 | 중계율 0.29 | alpha 1.668 | complete
Ep 221 | 드론3 목적지40 |  651스텝 | 배송 40/40 | 재적재  7 | 중계율 0.23 | alpha 1.679 | complete
Ep 222 | 드론4 목적지49 |  771스텝 | 배송 49/49 | 재적재  9 | 중계율 0.19 | alpha 1.666 | complete
Ep 223 | 드론4 목적지67 |  825스텝 | 배송 67/67 | 재적재 12 | 중계율 0.17 | alpha 1.649 | complete
Ep 224 | 드론3 목적지75 | 1000스텝 | 배송 66/75 | 재적재 12 | 중계율 0.25 | alpha 1.634 | step_limit
Ep 225 | 드론3 목적지39 |  794스텝 | 배송 39/39 | 재적재  6 | 중계율 0.30 | alpha 1.638 | complete
Ep 226 | 드론4 목적지34 |  573스텝 | 배송 34/34 | 재적재  4 | 중계율 0.34 | alpha 1.645 | complete
Ep 227 | 드론3 목적지48 |  849스텝 | 배송 48/48 | 재적재  8 | 중계율 0.25 | alpha 1.631 | complete
Ep 228 | 드론3 목적지25 |  547스텝 | 배송 25/25 | 재적재  3 | 중계율 0.21 | alpha 1.617 | complete
Ep 229 | 드론4 목적지72 | 1000스텝 | 배송 64/72 | 재적재 11 | 중계율 0.28 | alpha 1.619 | step_limit
Ep 230 | 드론3 목적지78 | 1000스텝 | 배송 65/78 | 재적재 12 | 중계율 0.24 | alpha 1.572 | step_limit
Ep 231 | 드론4 목적지35 |  434스텝 | 배송 35/35 | 재적재  5 | 중계율 0.19 | alpha 1.553 | complete
Ep 232 | 드론3 목적지52 |  800스텝 | 배송 52/52 | 재적재  9 | 중계율 0.24 | alpha 1.531 | complete
Ep 233 | 드론3 목적지67 | 1000스텝 | 배송 45/67 | 재적재  8 | 중계율 0.29 | alpha 1.518 | step_limit
Ep 234 | 드론4 목적지73 | 1000스텝 | 배송 63/73 | 재적재 11 | 중계율 0.29 | alpha 1.484 | step_limit
Ep 235 | 드론3 목적지75 | 1000스텝 | 배송 64/75 | 재적재 11 | 중계율 0.24 | alpha 1.469 | step_limit
Ep 236 | 드론3 목적지76 | 1000스텝 | 배송 60/76 | 재적재 12 | 중계율 0.25 | alpha 1.470 | step_limit
Ep 237 | 드론3 목적지24 |  419스텝 | 배송 24/24 | 재적재  3 | 중계율 0.21 | alpha 1.465 | complete
Ep 238 | 드론3 목적지22 |  761스텝 | 배송 15/22 | 재적재  2 | 중계율 0.26 | alpha 1.451 | no_progress
Ep 239 | 드론3 목적지68 | 1000스텝 | 배송 60/68 | 재적재 12 | 중계율 0.29 | alpha 1.432 | step_limit
Ep 240 | 드론3 목적지25 |  496스텝 | 배송 25/25 | 재적재  4 | 중계율 0.21 | alpha 1.407 | complete
Ep 241 | 드론3 목적지21 |  533스텝 | 배송 21/21 | 재적재  3 | 중계율 0.21 | alpha 1.399 | complete
Ep 242 | 드론3 목적지33 |  794스텝 | 배송 33/33 | 재적재  6 | 중계율 0.26 | alpha 1.401 | complete
Ep 243 | 드론3 목적지70 | 1000스텝 | 배송 62/70 | 재적재 12 | 중계율 0.20 | alpha 1.395 | step_limit
Ep 244 | 드론3 목적지38 |  712스텝 | 배송 38/38 | 재적재  6 | 중계율 0.21 | alpha 1.383 | complete
Ep 245 | 드론3 목적지78 | 1000스텝 | 배송 67/78 | 재적재 13 | 중계율 0.24 | alpha 1.381 | step_limit
Ep 246 | 드론3 목적지53 | 1000스텝 | 배송 51/53 | 재적재  9 | 중계율 0.25 | alpha 1.388 | step_limit
Ep 247 | 드론3 목적지65 | 1000스텝 | 배송 59/65 | 재적재 11 | 중계율 0.25 | alpha 1.429 | step_limit
Ep 248 | 드론4 목적지30 |  512스텝 | 배송 30/30 | 재적재  5 | 중계율 0.27 | alpha 1.437 | complete
Ep 249 | 드론3 목적지79 | 1000스텝 | 배송 61/79 | 재적재 10 | 중계율 0.25 | alpha 1.441 | step_limit
Ep 250 | 드론3 목적지63 | 1000스텝 | 배송 61/63 | 재적재 12 | 중계율 0.18 | alpha 1.405 | step_limit
  [홀드아웃] 배송 49.6±2.1 완주 0.96 스텝 968 점수 123.3 재적재 7.8 2홉+ 0.61 | 최고 127.1@ep50 정체 4/15
Ep 251 | 드론4 목적지36 |  760스텝 | 배송 36/36 | 재적재  6 | 중계율 0.23 | alpha 1.405 | complete
Ep 252 | 드론3 목적지57 | 1000스텝 | 배송 48/57 | 재적재  9 | 중계율 0.29 | alpha 1.410 | step_limit
Ep 253 | 드론4 목적지44 |  682스텝 | 배송 44/44 | 재적재  8 | 중계율 0.23 | alpha 1.404 | complete
Ep 254 | 드론3 목적지58 | 1000스텝 | 배송 55/58 | 재적재 10 | 중계율 0.23 | alpha 1.413 | step_limit
Ep 255 | 드론4 목적지34 |  380스텝 | 배송 34/34 | 재적재  4 | 중계율 0.23 | alpha 1.400 | complete
Ep 256 | 드론3 목적지30 |  661스텝 | 배송 30/30 | 재적재  5 | 중계율 0.22 | alpha 1.413 | complete
Ep 257 | 드론4 목적지30 |  577스텝 | 배송 30/30 | 재적재  2 | 중계율 0.38 | alpha 1.382 | complete
Ep 258 | 드론3 목적지28 |  657스텝 | 배송 28/28 | 재적재  5 | 중계율 0.23 | alpha 1.364 | complete
Ep 259 | 드론3 목적지66 | 1000스텝 | 배송 55/66 | 재적재 10 | 중계율 0.29 | alpha 1.331 | step_limit
Ep 260 | 드론3 목적지24 |  590스텝 | 배송 24/24 | 재적재  4 | 중계율 0.29 | alpha 1.327 | complete
Ep 261 | 드론3 목적지53 |  910스텝 | 배송 53/53 | 재적재 10 | 중계율 0.20 | alpha 1.315 | complete
Ep 262 | 드론3 목적지25 |  716스텝 | 배송 25/25 | 재적재  3 | 중계율 0.31 | alpha 1.321 | complete
Ep 263 | 드론3 목적지57 | 1000스텝 | 배송 52/57 | 재적재  9 | 중계율 0.24 | alpha 1.342 | step_limit
Ep 264 | 드론3 목적지36 |  778스텝 | 배송 36/36 | 재적재  7 | 중계율 0.28 | alpha 1.330 | complete
Ep 265 | 드론3 목적지38 |  545스텝 | 배송 38/38 | 재적재  6 | 중계율 0.18 | alpha 1.327 | complete
Ep 266 | 드론3 목적지48 | 1000스텝 | 배송 43/48 | 재적재  6 | 중계율 0.33 | alpha 1.317 | step_limit
Ep 267 | 드론3 목적지62 | 1000스텝 | 배송 53/62 | 재적재  8 | 중계율 0.30 | alpha 1.289 | step_limit
Ep 268 | 드론3 목적지48 |  972스텝 | 배송 48/48 | 재적재  9 | 중계율 0.29 | alpha 1.266 | complete
Ep 269 | 드론3 목적지31 |  750스텝 | 배송 31/31 | 재적재  5 | 중계율 0.30 | alpha 1.259 | complete
Ep 270 | 드론4 목적지52 |  856스텝 | 배송 52/52 | 재적재  8 | 중계율 0.32 | alpha 1.256 | complete
Ep 271 | 드론3 목적지41 |  872스텝 | 배송 41/41 | 재적재  7 | 중계율 0.28 | alpha 1.251 | complete
Ep 272 | 드론3 목적지75 | 1000스텝 | 배송 52/75 | 재적재  9 | 중계율 0.30 | alpha 1.256 | step_limit
Ep 273 | 드론3 목적지64 | 1000스텝 | 배송 60/64 | 재적재 10 | 중계율 0.30 | alpha 1.249 | step_limit
Ep 274 | 드론4 목적지38 |  626스텝 | 배송 38/38 | 재적재  6 | 중계율 0.24 | alpha 1.257 | complete
Ep 275 | 드론3 목적지37 |  781스텝 | 배송 37/37 | 재적재  7 | 중계율 0.29 | alpha 1.271 | complete
Ep 276 | 드론4 목적지73 |  957스텝 | 배송 73/73 | 재적재 13 | 중계율 0.21 | alpha 1.279 | complete
Ep 277 | 드론3 목적지46 |  944스텝 | 배송 46/46 | 재적재  8 | 중계율 0.33 | alpha 1.295 | complete
Ep 278 | 드론3 목적지46 |  865스텝 | 배송 46/46 | 재적재  7 | 중계율 0.30 | alpha 1.274 | complete
Ep 279 | 드론4 목적지80 |  967스텝 | 배송 80/80 | 재적재 15 | 중계율 0.26 | alpha 1.248 | complete
Ep 280 | 드론3 목적지42 | 1000스텝 | 배송 40/42 | 재적재  7 | 중계율 0.23 | alpha 1.227 | step_limit
Ep 281 | 드론3 목적지50 |  963스텝 | 배송 50/50 | 재적재  8 | 중계율 0.34 | alpha 1.243 | complete
Ep 282 | 드론3 목적지72 | 1000스텝 | 배송 62/72 | 재적재 11 | 중계율 0.30 | alpha 1.234 | step_limit
Ep 283 | 드론3 목적지28 |  620스텝 | 배송 28/28 | 재적재  4 | 중계율 0.37 | alpha 1.237 | complete
Ep 284 | 드론4 목적지39 |  481스텝 | 배송 39/39 | 재적재  5 | 중계율 0.25 | alpha 1.231 | complete
Ep 285 | 드론3 목적지73 | 1000스텝 | 배송 66/73 | 재적재 11 | 중계율 0.17 | alpha 1.212 | step_limit
Ep 286 | 드론3 목적지23 |  449스텝 | 배송 23/23 | 재적재  3 | 중계율 0.29 | alpha 1.201 | complete
Ep 287 | 드론3 목적지44 |  723스텝 | 배송 44/44 | 재적재  7 | 중계율 0.22 | alpha 1.205 | complete
Ep 288 | 드론3 목적지77 | 1000스텝 | 배송 70/77 | 재적재 13 | 중계율 0.20 | alpha 1.191 | step_limit
Ep 289 | 드론3 목적지56 | 1000스텝 | 배송 50/56 | 재적재  7 | 중계율 0.35 | alpha 1.160 | step_limit
Ep 290 | 드론3 목적지46 |  676스텝 | 배송 46/46 | 재적재  8 | 중계율 0.24 | alpha 1.165 | complete
Ep 291 | 드론3 목적지33 |  785스텝 | 배송 33/33 | 재적재  6 | 중계율 0.33 | alpha 1.165 | complete
Ep 292 | 드론4 목적지67 |  786스텝 | 배송 67/67 | 재적재 10 | 중계율 0.21 | alpha 1.159 | complete
Ep 293 | 드론3 목적지61 | 1000스텝 | 배송 54/61 | 재적재 10 | 중계율 0.28 | alpha 1.130 | step_limit
Ep 294 | 드론4 목적지71 |  802스텝 | 배송 71/71 | 재적재 12 | 중계율 0.18 | alpha 1.127 | complete
Ep 295 | 드론3 목적지51 | 1000스텝 | 배송 45/51 | 재적재  8 | 중계율 0.32 | alpha 1.136 | step_limit
Ep 296 | 드론3 목적지60 | 1000스텝 | 배송 58/60 | 재적재 10 | 중계율 0.33 | alpha 1.140 | step_limit
Ep 297 | 드론3 목적지71 |  932스텝 | 배송 71/71 | 재적재 13 | 중계율 0.16 | alpha 1.145 | complete
Ep 298 | 드론3 목적지49 | 1000스텝 | 배송 47/49 | 재적재  9 | 중계율 0.33 | alpha 1.136 | step_limit
Ep 299 | 드론3 목적지21 |  466스텝 | 배송 21/21 | 재적재  3 | 중계율 0.28 | alpha 1.133 | complete
Ep 300 | 드론3 목적지34 |  911스텝 | 배송 34/34 | 재적재  6 | 중계율 0.33 | alpha 1.129 | complete
  [홀드아웃] 배송 49.8±1.2 완주 0.97 스텝 909 점수 125.4 재적재 7.8 2홉+ 0.60 | 최고 127.1@ep50 정체 5/15
Ep 301 | 드론3 목적지24 |  543스텝 | 배송 24/24 | 재적재  3 | 중계율 0.29 | alpha 1.130 | complete
Ep 302 | 드론4 목적지50 |  643스텝 | 배송 50/50 | 재적재  7 | 중계율 0.28 | alpha 1.127 | complete
Ep 303 | 드론3 목적지70 | 1000스텝 | 배송 56/70 | 재적재  9 | 중계율 0.29 | alpha 1.110 | step_limit
Ep 304 | 드론3 목적지27 |  492스텝 | 배송 27/27 | 재적재  5 | 중계율 0.23 | alpha 1.096 | complete
Ep 305 | 드론4 목적지62 |  889스텝 | 배송 62/62 | 재적재 12 | 중계율 0.33 | alpha 1.076 | complete
Ep 306 | 드론3 목적지40 |  690스텝 | 배송 40/40 | 재적재  7 | 중계율 0.22 | alpha 1.060 | complete
Ep 307 | 드론3 목적지75 | 1000스텝 | 배송 65/75 | 재적재 12 | 중계율 0.29 | alpha 1.051 | step_limit
Ep 308 | 드론3 목적지32 |  725스텝 | 배송 32/32 | 재적재  5 | 중계율 0.36 | alpha 1.050 | complete
Ep 309 | 드론3 목적지34 |  818스텝 | 배송 34/34 | 재적재  6 | 중계율 0.30 | alpha 1.047 | complete
Ep 310 | 드론3 목적지67 | 1000스텝 | 배송 59/67 | 재적재 11 | 중계율 0.27 | alpha 1.058 | step_limit
Ep 311 | 드론3 목적지75 | 1000스텝 | 배송 61/75 | 재적재 11 | 중계율 0.29 | alpha 1.054 | step_limit
Ep 312 | 드론3 목적지60 | 1000스텝 | 배송 56/60 | 재적재  9 | 중계율 0.29 | alpha 1.049 | step_limit
Ep 313 | 드론3 목적지42 |  869스텝 | 배송 42/42 | 재적재  7 | 중계율 0.30 | alpha 1.063 | complete
Ep 314 | 드론3 목적지78 | 1000스텝 | 배송 65/78 | 재적재 11 | 중계율 0.25 | alpha 1.059 | step_limit
Ep 315 | 드론3 목적지22 |  423스텝 | 배송 22/22 | 재적재  2 | 중계율 0.35 | alpha 1.059 | complete
Ep 316 | 드론3 목적지71 | 1000스텝 | 배송 51/71 | 재적재  9 | 중계율 0.26 | alpha 1.076 | step_limit
Ep 317 | 드론3 목적지48 |  943스텝 | 배송 48/48 | 재적재  8 | 중계율 0.33 | alpha 1.074 | complete
Ep 318 | 드론3 목적지29 |  472스텝 | 배송 29/29 | 재적재  3 | 중계율 0.24 | alpha 1.073 | complete
Ep 319 | 드론4 목적지22 |  259스텝 | 배송 22/22 | 재적재  3 | 중계율 0.11 | alpha 1.065 | complete
Ep 320 | 드론3 목적지36 |  922스텝 | 배송 36/36 | 재적재  6 | 중계율 0.21 | alpha 1.045 | complete
Ep 321 | 드론3 목적지72 | 1000스텝 | 배송 65/72 | 재적재 12 | 중계율 0.27 | alpha 1.037 | step_limit
Ep 322 | 드론4 목적지35 |  566스텝 | 배송 35/35 | 재적재  6 | 중계율 0.24 | alpha 1.022 | complete
Ep 323 | 드론3 목적지41 |  776스텝 | 배송 41/41 | 재적재  7 | 중계율 0.29 | alpha 1.009 | complete
Ep 324 | 드론4 목적지41 |  469스텝 | 배송 41/41 | 재적재  6 | 중계율 0.18 | alpha 0.992 | complete
Ep 325 | 드론4 목적지34 |  614스텝 | 배송 34/34 | 재적재  5 | 중계율 0.27 | alpha 0.984 | complete
Ep 326 | 드론3 목적지30 |  607스텝 | 배송 30/30 | 재적재  4 | 중계율 0.26 | alpha 0.972 | complete
Ep 327 | 드론4 목적지65 |  697스텝 | 배송 65/65 | 재적재 11 | 중계율 0.18 | alpha 0.965 | complete
Ep 328 | 드론3 목적지25 |  717스텝 | 배송 25/25 | 재적재  4 | 중계율 0.33 | alpha 0.958 | complete
Ep 329 | 드론3 목적지56 | 1000스텝 | 배송 44/56 | 재적재  8 | 중계율 0.30 | alpha 0.937 | step_limit
Ep 330 | 드론3 목적지42 |  947스텝 | 배송 42/42 | 재적재  8 | 중계율 0.31 | alpha 0.929 | complete
Ep 331 | 드론3 목적지46 |  911스텝 | 배송 46/46 | 재적재  8 | 중계율 0.31 | alpha 0.926 | complete
Ep 332 | 드론3 목적지45 |  578스텝 | 배송 45/45 | 재적재  6 | 중계율 0.21 | alpha 0.918 | complete
Ep 333 | 드론3 목적지55 | 1000스텝 | 배송 54/55 | 재적재 10 | 중계율 0.24 | alpha 0.915 | step_limit
Ep 334 | 드론3 목적지49 | 1000스텝 | 배송 46/49 | 재적재  9 | 중계율 0.33 | alpha 0.905 | step_limit
Ep 335 | 드론4 목적지68 | 1000스텝 | 배송 56/68 | 재적재 10 | 중계율 0.33 | alpha 0.917 | step_limit
Ep 336 | 드론3 목적지71 | 1000스텝 | 배송 60/71 | 재적재 11 | 중계율 0.24 | alpha 0.926 | step_limit
Ep 337 | 드론3 목적지65 | 1000스텝 | 배송 61/65 | 재적재 11 | 중계율 0.23 | alpha 0.920 | step_limit
Ep 338 | 드론4 목적지70 |  870스텝 | 배송 70/70 | 재적재 11 | 중계율 0.20 | alpha 0.908 | complete
Ep 339 | 드론3 목적지34 |  488스텝 | 배송 34/34 | 재적재  5 | 중계율 0.19 | alpha 0.903 | complete
Ep 340 | 드론3 목적지74 | 1000스텝 | 배송 51/74 | 재적재  9 | 중계율 0.27 | alpha 0.881 | step_limit
Ep 341 | 드론3 목적지59 | 1000스텝 | 배송 58/59 | 재적재 10 | 중계율 0.25 | alpha 0.871 | step_limit
Ep 342 | 드론4 목적지49 |  607스텝 | 배송 49/49 | 재적재  8 | 중계율 0.24 | alpha 0.861 | complete
Ep 343 | 드론3 목적지31 |  544스텝 | 배송 31/31 | 재적재  5 | 중계율 0.21 | alpha 0.861 | complete
Ep 344 | 드론3 목적지34 |  789스텝 | 배송 34/34 | 재적재  4 | 중계율 0.41 | alpha 0.852 | complete
Ep 345 | 드론3 목적지73 | 1000스텝 | 배송 68/73 | 재적재 13 | 중계율 0.24 | alpha 0.832 | step_limit
Ep 346 | 드론3 목적지55 |  894스텝 | 배송 55/55 | 재적재  9 | 중계율 0.18 | alpha 0.821 | complete
Ep 347 | 드론3 목적지49 |  890스텝 | 배송 49/49 | 재적재  8 | 중계율 0.30 | alpha 0.811 | complete
Ep 348 | 드론3 목적지68 | 1000스텝 | 배송 60/68 | 재적재 10 | 중계율 0.26 | alpha 0.814 | step_limit
Ep 349 | 드론3 목적지61 | 1000스텝 | 배송 51/61 | 재적재  9 | 중계율 0.33 | alpha 0.803 | step_limit
Ep 350 | 드론3 목적지53 | 1000스텝 | 배송 52/53 | 재적재 10 | 중계율 0.36 | alpha 0.789 | step_limit
  [홀드아웃] 배송 49.9±0.9 완주 0.97 스텝 904 점수 125.5 재적재 7.9 2홉+ 0.61 | 최고 127.1@ep50 정체 6/15
Ep 351 | 드론3 목적지35 |  697스텝 | 배송 35/35 | 재적재  6 | 중계율 0.27 | alpha 0.789 | complete
Ep 352 | 드론3 목적지42 |  746스텝 | 배송 42/42 | 재적재  7 | 중계율 0.26 | alpha 0.789 | complete
Ep 353 | 드론3 목적지76 | 1000스텝 | 배송 60/76 | 재적재 10 | 중계율 0.30 | alpha 0.785 | step_limit
Ep 354 | 드론3 목적지53 |  976스텝 | 배송 53/53 | 재적재  9 | 중계율 0.33 | alpha 0.778 | complete
Ep 355 | 드론4 목적지49 |  809스텝 | 배송 49/49 | 재적재  9 | 중계율 0.32 | alpha 0.782 | complete
Ep 356 | 드론3 목적지63 | 1000스텝 | 배송 56/63 | 재적재  9 | 중계율 0.26 | alpha 0.776 | step_limit
Ep 357 | 드론3 목적지33 |  670스텝 | 배송 33/33 | 재적재  6 | 중계율 0.31 | alpha 0.771 | complete
Ep 358 | 드론3 목적지79 | 1000스텝 | 배송 60/79 | 재적재 11 | 중계율 0.23 | alpha 0.763 | step_limit
Ep 359 | 드론3 목적지75 | 1000스텝 | 배송 66/75 | 재적재 11 | 중계율 0.24 | alpha 0.768 | step_limit
Ep 360 | 드론3 목적지57 |  991스텝 | 배송 57/57 | 재적재 10 | 중계율 0.27 | alpha 0.765 | complete
Ep 361 | 드론4 목적지57 |  930스텝 | 배송 57/57 | 재적재 11 | 중계율 0.37 | alpha 0.763 | complete
Ep 362 | 드론3 목적지49 |  858스텝 | 배송 49/49 | 재적재  9 | 중계율 0.21 | alpha 0.763 | complete
Ep 363 | 드론4 목적지35 |  443스텝 | 배송 35/35 | 재적재  5 | 중계율 0.19 | alpha 0.765 | complete
Ep 364 | 드론3 목적지67 | 1000스텝 | 배송 59/67 | 재적재 10 | 중계율 0.29 | alpha 0.752 | step_limit
Ep 365 | 드론3 목적지43 |  763스텝 | 배송 43/43 | 재적재  7 | 중계율 0.24 | alpha 0.751 | complete
Ep 366 | 드론3 목적지60 | 1000스텝 | 배송 59/60 | 재적재  9 | 중계율 0.35 | alpha 0.755 | step_limit
Ep 367 | 드론4 목적지68 |  735스텝 | 배송 68/68 | 재적재 13 | 중계율 0.18 | alpha 0.747 | complete
Ep 368 | 드론4 목적지48 |  460스텝 | 배송 48/48 | 재적재  8 | 중계율 0.12 | alpha 0.746 | complete
Ep 369 | 드론3 목적지74 | 1000스텝 | 배송 60/74 | 재적재 10 | 중계율 0.29 | alpha 0.725 | step_limit
Ep 370 | 드론3 목적지60 | 1000스텝 | 배송 58/60 | 재적재 11 | 중계율 0.28 | alpha 0.710 | step_limit
Ep 371 | 드론3 목적지37 |  801스텝 | 배송 37/37 | 재적재  6 | 중계율 0.24 | alpha 0.700 | complete
Ep 372 | 드론4 목적지56 |  747스텝 | 배송 56/56 | 재적재  9 | 중계율 0.31 | alpha 0.694 | complete
Ep 373 | 드론4 목적지28 |  383스텝 | 배송 28/28 | 재적재  4 | 중계율 0.15 | alpha 0.688 | complete
Ep 374 | 드론3 목적지66 | 1000스텝 | 배송 60/66 | 재적재  9 | 중계율 0.23 | alpha 0.672 | step_limit
Ep 375 | 드론3 목적지55 |  993스텝 | 배송 55/55 | 재적재  9 | 중계율 0.35 | alpha 0.665 | complete
Ep 376 | 드론3 목적지71 | 1000스텝 | 배송 59/71 | 재적재  9 | 중계율 0.26 | alpha 0.660 | step_limit
Ep 377 | 드론3 목적지53 |  924스텝 | 배송 53/53 | 재적재 10 | 중계율 0.30 | alpha 0.651 | complete
Ep 378 | 드론3 목적지60 |  966스텝 | 배송 60/60 | 재적재 11 | 중계율 0.28 | alpha 0.641 | complete
Ep 379 | 드론4 목적지49 |  745스텝 | 배송 49/49 | 재적재  8 | 중계율 0.30 | alpha 0.629 | complete
Ep 380 | 드론3 목적지76 | 1000스텝 | 배송 56/76 | 재적재 10 | 중계율 0.29 | alpha 0.621 | step_limit
Ep 381 | 드론4 목적지38 |  809스텝 | 배송 38/38 | 재적재  6 | 중계율 0.36 | alpha 0.621 | complete
Ep 382 | 드론3 목적지44 |  928스텝 | 배송 44/44 | 재적재  7 | 중계율 0.33 | alpha 0.617 | complete
Ep 383 | 드론3 목적지50 | 1000스텝 | 배송 45/50 | 재적재  8 | 중계율 0.33 | alpha 0.616 | step_limit
Ep 384 | 드론3 목적지23 |  572스텝 | 배송 23/23 | 재적재  3 | 중계율 0.33 | alpha 0.618 | complete
Ep 385 | 드론4 목적지41 |  844스텝 | 배송 41/41 | 재적재  6 | 중계율 0.43 | alpha 0.621 | complete
Ep 386 | 드론3 목적지61 | 1000스텝 | 배송 60/61 | 재적재 11 | 중계율 0.21 | alpha 0.620 | step_limit
Ep 387 | 드론3 목적지34 |  727스텝 | 배송 34/34 | 재적재  6 | 중계율 0.31 | alpha 0.619 | complete
Ep 388 | 드론4 목적지33 |  679스텝 | 배송 33/33 | 재적재  5 | 중계율 0.30 | alpha 0.610 | complete
Ep 389 | 드론4 목적지37 |  564스텝 | 배송 37/37 | 재적재  5 | 중계율 0.32 | alpha 0.610 | complete
Ep 390 | 드론3 목적지55 |  943스텝 | 배송 55/55 | 재적재 10 | 중계율 0.28 | alpha 0.594 | complete
Ep 391 | 드론3 목적지78 | 1000스텝 | 배송 46/78 | 재적재  9 | 중계율 0.31 | alpha 0.579 | step_limit
Ep 392 | 드론3 목적지79 | 1000스텝 | 배송 72/79 | 재적재 14 | 중계율 0.20 | alpha 0.568 | step_limit
Ep 393 | 드론3 목적지57 |  996스텝 | 배송 57/57 | 재적재 11 | 중계율 0.24 | alpha 0.556 | complete
Ep 394 | 드론3 목적지68 | 1000스텝 | 배송 51/68 | 재적재  9 | 중계율 0.24 | alpha 0.545 | step_limit
Ep 395 | 드론4 목적지77 | 1000스텝 | 배송 73/77 | 재적재 13 | 중계율 0.26 | alpha 0.540 | step_limit
Ep 396 | 드론3 목적지46 |  785스텝 | 배송 46/46 | 재적재  8 | 중계율 0.29 | alpha 0.534 | complete
Ep 397 | 드론3 목적지41 |  868스텝 | 배송 41/41 | 재적재  7 | 중계율 0.36 | alpha 0.531 | complete
Ep 398 | 드론3 목적지31 | 1000스텝 | 배송 26/31 | 재적재  5 | 중계율 0.43 | alpha 0.521 | step_limit
Ep 399 | 드론3 목적지32 |  602스텝 | 배송 32/32 | 재적재  5 | 중계율 0.29 | alpha 0.517 | complete
Ep 400 | 드론4 목적지45 |  730스텝 | 배송 45/45 | 재적재  7 | 중계율 0.27 | alpha 0.515 | complete
  [홀드아웃] 배송 50.0±0.0 완주 1.00 스텝 870 점수 128.4 재적재 7.7 2홉+ 0.61 | 최고 128.4@ep400 정체 0/15  ← 갱신
Ep 401 | 드론3 목적지21 |  512스텝 | 배송 21/21 | 재적재  3 | 중계율 0.24 | alpha 0.508 | complete
Ep 402 | 드론3 목적지57 | 1000스텝 | 배송 48/57 | 재적재  8 | 중계율 0.35 | alpha 0.511 | step_limit
Ep 403 | 드론3 목적지27 |  713스텝 | 배송 27/27 | 재적재  4 | 중계율 0.31 | alpha 0.515 | complete
Ep 404 | 드론3 목적지56 | 1000스텝 | 배송 55/56 | 재적재 10 | 중계율 0.30 | alpha 0.521 | step_limit
Ep 405 | 드론4 목적지70 |  822스텝 | 배송 70/70 | 재적재 12 | 중계율 0.21 | alpha 0.526 | complete
Ep 406 | 드론4 목적지34 |  311스텝 | 배송 34/34 | 재적재  4 | 중계율 0.16 | alpha 0.529 | complete
Ep 407 | 드론3 목적지30 |  558스텝 | 배송 30/30 | 재적재  5 | 중계율 0.23 | alpha 0.534 | complete
Ep 408 | 드론4 목적지68 |  980스텝 | 배송 68/68 | 재적재 13 | 중계율 0.29 | alpha 0.527 | complete
Ep 409 | 드론3 목적지53 | 1000스텝 | 배송 50/53 | 재적재  9 | 중계율 0.28 | alpha 0.529 | step_limit
Ep 410 | 드론4 목적지43 |  562스텝 | 배송 43/43 | 재적재  7 | 중계율 0.23 | alpha 0.534 | complete
Ep 411 | 드론3 목적지80 | 1000스텝 | 배송 72/80 | 재적재 13 | 중계율 0.20 | alpha 0.534 | step_limit
Ep 412 | 드론3 목적지69 | 1000스텝 | 배송 63/69 | 재적재 11 | 중계율 0.30 | alpha 0.543 | step_limit
Ep 413 | 드론3 목적지22 |  449스텝 | 배송 22/22 | 재적재  3 | 중계율 0.25 | alpha 0.542 | complete
Ep 414 | 드론4 목적지27 |  686스텝 | 배송 27/27 | 재적재  4 | 중계율 0.39 | alpha 0.543 | complete
Ep 415 | 드론3 목적지37 |  733스텝 | 배송 37/37 | 재적재  7 | 중계율 0.23 | alpha 0.547 | complete
Ep 416 | 드론3 목적지33 |  728스텝 | 배송 33/33 | 재적재  5 | 중계율 0.30 | alpha 0.548 | complete
Ep 417 | 드론3 목적지30 |  601스텝 | 배송 30/30 | 재적재  5 | 중계율 0.35 | alpha 0.551 | complete
Ep 418 | 드론3 목적지64 | 1000스텝 | 배송 60/64 | 재적재 10 | 중계율 0.32 | alpha 0.551 | step_limit
Ep 419 | 드론3 목적지68 | 1000스텝 | 배송 56/68 | 재적재 10 | 중계율 0.31 | alpha 0.544 | step_limit
Ep 420 | 드론3 목적지22 |  541스텝 | 배송 22/22 | 재적재  3 | 중계율 0.27 | alpha 0.538 | complete
Ep 421 | 드론3 목적지60 |  832스텝 | 배송 60/60 | 재적재 11 | 중계율 0.25 | alpha 0.538 | complete
Ep 422 | 드론3 목적지78 | 1000스텝 | 배송 65/78 | 재적재 11 | 중계율 0.20 | alpha 0.536 | step_limit
Ep 423 | 드론4 목적지44 |  556스텝 | 배송 44/44 | 재적재  7 | 중계율 0.22 | alpha 0.539 | complete
Ep 424 | 드론3 목적지76 | 1000스텝 | 배송 61/76 | 재적재 11 | 중계율 0.27 | alpha 0.536 | step_limit
Ep 425 | 드론4 목적지67 |  998스텝 | 배송 67/67 | 재적재 13 | 중계율 0.30 | alpha 0.536 | complete
Ep 426 | 드론4 목적지23 |  442스텝 | 배송 23/23 | 재적재  3 | 중계율 0.29 | alpha 0.539 | complete
Ep 427 | 드론4 목적지22 |  310스텝 | 배송 22/22 | 재적재  1 | 중계율 0.27 | alpha 0.537 | complete
Ep 428 | 드론3 목적지68 | 1000스텝 | 배송 62/68 | 재적재 12 | 중계율 0.31 | alpha 0.538 | step_limit
Ep 429 | 드론3 목적지70 | 1000스텝 | 배송 61/70 | 재적재 10 | 중계율 0.23 | alpha 0.543 | step_limit
Ep 430 | 드론4 목적지36 |  914스텝 | 배송 36/36 | 재적재  6 | 중계율 0.42 | alpha 0.548 | complete
Ep 431 | 드론4 목적지21 |  442스텝 | 배송 21/21 | 재적재  3 | 중계율 0.40 | alpha 0.551 | complete
Ep 432 | 드론3 목적지39 |  571스텝 | 배송 39/39 | 재적재  6 | 중계율 0.19 | alpha 0.555 | complete
Ep 433 | 드론3 목적지20 |  397스텝 | 배송 20/20 | 재적재  2 | 중계율 0.22 | alpha 0.562 | complete
Ep 434 | 드론3 목적지35 |  921스텝 | 배송 35/35 | 재적재  5 | 중계율 0.27 | alpha 0.569 | complete
Ep 435 | 드론3 목적지39 |  846스텝 | 배송 39/39 | 재적재  7 | 중계율 0.33 | alpha 0.571 | complete
Ep 436 | 드론3 목적지28 |  610스텝 | 배송 28/28 | 재적재  4 | 중계율 0.34 | alpha 0.574 | complete
Ep 437 | 드론3 목적지30 |  787스텝 | 배송 30/30 | 재적재  5 | 중계율 0.20 | alpha 0.585 | complete
Ep 438 | 드론3 목적지70 | 1000스텝 | 배송 60/70 | 재적재 11 | 중계율 0.28 | alpha 0.598 | step_limit
Ep 439 | 드론3 목적지29 |  639스텝 | 배송 29/29 | 재적재  5 | 중계율 0.27 | alpha 0.608 | complete
Ep 440 | 드론4 목적지74 | 1000스텝 | 배송 71/74 | 재적재 11 | 중계율 0.30 | alpha 0.618 | step_limit
Ep 441 | 드론3 목적지39 |  698스텝 | 배송 39/39 | 재적재  6 | 중계율 0.29 | alpha 0.628 | complete
Ep 442 | 드론3 목적지58 |  911스텝 | 배송 58/58 | 재적재 10 | 중계율 0.27 | alpha 0.645 | complete
Ep 443 | 드론3 목적지20 |  349스텝 | 배송 20/20 | 재적재  3 | 중계율 0.27 | alpha 0.650 | complete
Ep 444 | 드론3 목적지45 |  776스텝 | 배송 45/45 | 재적재  8 | 중계율 0.33 | alpha 0.649 | complete
Ep 445 | 드론3 목적지53 |  959스텝 | 배송 53/53 | 재적재 10 | 중계율 0.30 | alpha 0.648 | complete
Ep 446 | 드론3 목적지52 |  969스텝 | 배송 52/52 | 재적재 10 | 중계율 0.21 | alpha 0.665 | complete
Ep 447 | 드론3 목적지66 | 1000스텝 | 배송 65/66 | 재적재 10 | 중계율 0.31 | alpha 0.681 | step_limit
Ep 448 | 드론3 목적지53 |  843스텝 | 배송 53/53 | 재적재  9 | 중계율 0.28 | alpha 0.691 | complete
Ep 449 | 드론3 목적지28 |  667스텝 | 배송 28/28 | 재적재  4 | 중계율 0.36 | alpha 0.699 | complete
Ep 450 | 드론4 목적지80 |  970스텝 | 배송 80/80 | 재적재 13 | 중계율 0.26 | alpha 0.709 | complete
  [홀드아웃] 배송 49.8±2.0 완주 0.99 스텝 910 점수 126.6 재적재 7.9 2홉+ 0.60 | 최고 128.4@ep400 정체 1/15
Ep 451 | 드론3 목적지38 |  694스텝 | 배송 38/38 | 재적재  5 | 중계율 0.29 | alpha 0.710 | complete
Ep 452 | 드론3 목적지39 |  673스텝 | 배송 39/39 | 재적재  6 | 중계율 0.25 | alpha 0.712 | complete
Ep 453 | 드론3 목적지68 | 1000스텝 | 배송 55/68 | 재적재 11 | 중계율 0.26 | alpha 0.711 | step_limit
Ep 454 | 드론3 목적지43 |  982스텝 | 배송 43/43 | 재적재  8 | 중계율 0.36 | alpha 0.718 | complete
Ep 455 | 드론3 목적지31 |  641스텝 | 배송 31/31 | 재적재  5 | 중계율 0.32 | alpha 0.717 | complete
Ep 456 | 드론3 목적지59 |  985스텝 | 배송 59/59 | 재적재 10 | 중계율 0.33 | alpha 0.722 | complete
Ep 457 | 드론3 목적지40 | 1000스텝 | 배송 37/40 | 재적재  7 | 중계율 0.33 | alpha 0.725 | step_limit
Ep 458 | 드론3 목적지31 |  601스텝 | 배송 31/31 | 재적재  5 | 중계율 0.30 | alpha 0.730 | complete
Ep 459 | 드론3 목적지27 |  630스텝 | 배송 27/27 | 재적재  4 | 중계율 0.30 | alpha 0.729 | complete
Ep 460 | 드론4 목적지21 |  582스텝 | 배송 21/21 | 재적재  4 | 중계율 0.40 | alpha 0.730 | complete
Ep 461 | 드론4 목적지22 |  361스텝 | 배송 22/22 | 재적재  2 | 중계율 0.23 | alpha 0.734 | complete
Ep 462 | 드론4 목적지71 | 1000스텝 | 배송 60/71 | 재적재 10 | 중계율 0.40 | alpha 0.735 | step_limit
Ep 463 | 드론4 목적지21 |  365스텝 | 배송 21/21 | 재적재  3 | 중계율 0.28 | alpha 0.735 | complete
Ep 464 | 드론4 목적지62 |  722스텝 | 배송 62/62 | 재적재 11 | 중계율 0.17 | alpha 0.736 | complete
Ep 465 | 드론3 목적지66 | 1000스텝 | 배송 62/66 | 재적재 11 | 중계율 0.31 | alpha 0.735 | step_limit
Ep 466 | 드론3 목적지66 | 1000스텝 | 배송 60/66 | 재적재 10 | 중계율 0.26 | alpha 0.738 | step_limit
Ep 467 | 드론3 목적지71 | 1000스텝 | 배송 56/71 | 재적재 10 | 중계율 0.28 | alpha 0.730 | step_limit
Ep 468 | 드론3 목적지42 |  594스텝 | 배송 42/42 | 재적재  7 | 중계율 0.22 | alpha 0.727 | complete
Ep 469 | 드론3 목적지52 |  906스텝 | 배송 52/52 | 재적재  9 | 중계율 0.32 | alpha 0.730 | complete
Ep 470 | 드론3 목적지80 | 1000스텝 | 배송 63/80 | 재적재 10 | 중계율 0.19 | alpha 0.721 | step_limit
Ep 471 | 드론4 목적지38 |  467스텝 | 배송 38/38 | 재적재  6 | 중계율 0.18 | alpha 0.716 | complete
Ep 472 | 드론3 목적지75 | 1000스텝 | 배송 50/75 | 재적재  9 | 중계율 0.33 | alpha 0.706 | step_limit
Ep 473 | 드론3 목적지39 |  733스텝 | 배송 39/39 | 재적재  7 | 중계율 0.19 | alpha 0.698 | complete
Ep 474 | 드론4 목적지36 |  590스텝 | 배송 36/36 | 재적재  5 | 중계율 0.20 | alpha 0.697 | complete
Ep 475 | 드론3 목적지73 | 1000스텝 | 배송 63/73 | 재적재 11 | 중계율 0.28 | alpha 0.699 | step_limit
Ep 476 | 드론4 목적지37 |  884스텝 | 배송 37/37 | 재적재  6 | 중계율 0.33 | alpha 0.699 | complete
Ep 477 | 드론4 목적지28 |  444스텝 | 배송 28/28 | 재적재  4 | 중계율 0.19 | alpha 0.696 | complete
Ep 478 | 드론3 목적지30 |  631스텝 | 배송 30/30 | 재적재  5 | 중계율 0.32 | alpha 0.688 | complete
Ep 479 | 드론3 목적지72 | 1000스텝 | 배송 61/72 | 재적재 12 | 중계율 0.25 | alpha 0.677 | step_limit
Ep 480 | 드론3 목적지55 | 1000스텝 | 배송 48/55 | 재적재  9 | 중계율 0.33 | alpha 0.671 | step_limit
Ep 481 | 드론4 목적지31 |  421스텝 | 배송 31/31 | 재적재  4 | 중계율 0.25 | alpha 0.675 | complete
Ep 482 | 드론3 목적지58 | 1000스텝 | 배송 55/58 | 재적재 10 | 중계율 0.28 | alpha 0.678 | step_limit
Ep 483 | 드론3 목적지45 |  922스텝 | 배송 45/45 | 재적재  8 | 중계율 0.33 | alpha 0.683 | complete
Ep 484 | 드론3 목적지51 | 1000스텝 | 배송 50/51 | 재적재 10 | 중계율 0.34 | alpha 0.687 | step_limit
Ep 485 | 드론3 목적지36 |  676스텝 | 배송 36/36 | 재적재  6 | 중계율 0.24 | alpha 0.699 | complete
Ep 486 | 드론3 목적지48 |  749스텝 | 배송 48/48 | 재적재  8 | 중계율 0.27 | alpha 0.709 | complete
Ep 487 | 드론4 목적지34 |  496스텝 | 배송 34/34 | 재적재  3 | 중계율 0.27 | alpha 0.711 | complete
Ep 488 | 드론3 목적지62 | 1000스텝 | 배송 61/62 | 재적재 12 | 중계율 0.27 | alpha 0.707 | step_limit
Ep 489 | 드론3 목적지32 |  582스텝 | 배송 32/32 | 재적재  5 | 중계율 0.28 | alpha 0.706 | complete
Ep 490 | 드론4 목적지59 |  559스텝 | 배송 59/59 | 재적재  9 | 중계율 0.13 | alpha 0.706 | complete
Ep 491 | 드론3 목적지37 |  767스텝 | 배송 37/37 | 재적재  6 | 중계율 0.33 | alpha 0.709 | complete
Ep 492 | 드론3 목적지50 |  858스텝 | 배송 50/50 | 재적재  9 | 중계율 0.29 | alpha 0.705 | complete
Ep 493 | 드론3 목적지61 | 1000스텝 | 배송 58/61 | 재적재 10 | 중계율 0.29 | alpha 0.707 | step_limit
Ep 494 | 드론3 목적지65 | 1000스텝 | 배송 56/65 | 재적재 11 | 중계율 0.25 | alpha 0.707 | step_limit
Ep 495 | 드론3 목적지65 | 1000스텝 | 배송 55/65 | 재적재  9 | 중계율 0.24 | alpha 0.703 | step_limit
Ep 496 | 드론3 목적지40 |  651스텝 | 배송 40/40 | 재적재  7 | 중계율 0.20 | alpha 0.704 | complete
Ep 497 | 드론3 목적지38 |  706스텝 | 배송 38/38 | 재적재  6 | 중계율 0.29 | alpha 0.701 | complete
Ep 498 | 드론3 목적지28 |  578스텝 | 배송 28/28 | 재적재  5 | 중계율 0.25 | alpha 0.699 | complete
Ep 499 | 드론3 목적지38 |  808스텝 | 배송 38/38 | 재적재  6 | 중계율 0.26 | alpha 0.689 | complete
Ep 500 | 드론3 목적지41 |  708스텝 | 배송 41/41 | 재적재  8 | 중계율 0.27 | alpha 0.689 | complete
  [홀드아웃] 배송 49.0±5.0 완주 0.94 스텝 896 점수 121.8 재적재 7.7 2홉+ 0.61 | 최고 128.4@ep400 정체 2/15
Ep 501 | 드론4 목적지80 | 1000스텝 | 배송 77/80 | 재적재 15 | 중계율 0.25 | alpha 0.691 | step_limit
Ep 502 | 드론3 목적지50 |  871스텝 | 배송 50/50 | 재적재  8 | 중계율 0.31 | alpha 0.692 | complete
Ep 503 | 드론3 목적지29 |  508스텝 | 배송 29/29 | 재적재  5 | 중계율 0.26 | alpha 0.692 | complete
Ep 504 | 드론3 목적지50 |  769스텝 | 배송 50/50 | 재적재  9 | 중계율 0.24 | alpha 0.687 | complete
Ep 505 | 드론3 목적지30 |  644스텝 | 배송 30/30 | 재적재  5 | 중계율 0.19 | alpha 0.683 | complete
Ep 506 | 드론4 목적지40 |  622스텝 | 배송 40/40 | 재적재  7 | 중계율 0.29 | alpha 0.685 | complete
Ep 507 | 드론3 목적지46 |  874스텝 | 배송 46/46 | 재적재  8 | 중계율 0.29 | alpha 0.691 | complete
Ep 508 | 드론4 목적지33 |  610스텝 | 배송 33/33 | 재적재  4 | 중계율 0.29 | alpha 0.692 | complete
Ep 509 | 드론3 목적지61 |  862스텝 | 배송 61/61 | 재적재 11 | 중계율 0.20 | alpha 0.689 | complete
Ep 510 | 드론3 목적지31 |  546스텝 | 배송 31/31 | 재적재  5 | 중계율 0.19 | alpha 0.686 | complete
Ep 511 | 드론3 목적지22 |  566스텝 | 배송 22/22 | 재적재  3 | 중계율 0.26 | alpha 0.690 | complete
Ep 512 | 드론4 목적지69 |  809스텝 | 배송 69/69 | 재적재 11 | 중계율 0.31 | alpha 0.695 | complete
Ep 513 | 드론3 목적지40 |  819스텝 | 배송 40/40 | 재적재  6 | 중계율 0.34 | alpha 0.703 | complete
Ep 514 | 드론4 목적지68 |  801스텝 | 배송 68/68 | 재적재 12 | 중계율 0.16 | alpha 0.709 | complete
Ep 515 | 드론3 목적지50 |  936스텝 | 배송 50/50 | 재적재  9 | 중계율 0.32 | alpha 0.714 | complete
Ep 516 | 드론4 목적지33 |  451스텝 | 배송 33/33 | 재적재  6 | 중계율 0.19 | alpha 0.715 | complete
Ep 517 | 드론4 목적지35 |  426스텝 | 배송 35/35 | 재적재  5 | 중계율 0.23 | alpha 0.718 | complete
Ep 518 | 드론4 목적지48 |  825스텝 | 배송 48/48 | 재적재  8 | 중계율 0.31 | alpha 0.728 | complete
Ep 519 | 드론3 목적지49 |  801스텝 | 배송 49/49 | 재적재  8 | 중계율 0.23 | alpha 0.718 | complete
Ep 520 | 드론3 목적지28 |  454스텝 | 배송 28/28 | 재적재  4 | 중계율 0.20 | alpha 0.720 | complete
Ep 521 | 드론3 목적지58 | 1000스텝 | 배송 57/58 | 재적재 10 | 중계율 0.30 | alpha 0.719 | step_limit
Ep 522 | 드론3 목적지48 |  983스텝 | 배송 48/48 | 재적재  8 | 중계율 0.31 | alpha 0.732 | complete
Ep 523 | 드론3 목적지52 | 1000스텝 | 배송 50/52 | 재적재  9 | 중계율 0.35 | alpha 0.746 | step_limit
Ep 524 | 드론3 목적지55 | 1000스텝 | 배송 54/55 | 재적재  9 | 중계율 0.33 | alpha 0.767 | step_limit
Ep 525 | 드론4 목적지40 | 1000스텝 | 배송 35/40 | 재적재  5 | 중계율 0.36 | alpha 0.774 | step_limit
Ep 526 | 드론3 목적지28 |  432스텝 | 배송 28/28 | 재적재  3 | 중계율 0.27 | alpha 0.770 | complete
Ep 527 | 드론4 목적지37 |  656스텝 | 배송 37/37 | 재적재  5 | 중계율 0.17 | alpha 0.774 | complete
Ep 528 | 드론4 목적지35 |  449스텝 | 배송 35/35 | 재적재  6 | 중계율 0.22 | alpha 0.773 | complete
Ep 529 | 드론3 목적지71 | 1000스텝 | 배송 51/71 | 재적재 10 | 중계율 0.26 | alpha 0.782 | step_limit
Ep 530 | 드론4 목적지43 |  507스텝 | 배송 43/43 | 재적재  7 | 중계율 0.23 | alpha 0.787 | complete
Ep 531 | 드론4 목적지68 |  850스텝 | 배송 68/68 | 재적재 13 | 중계율 0.20 | alpha 0.796 | complete
Ep 532 | 드론3 목적지60 | 1000스텝 | 배송 55/60 | 재적재  8 | 중계율 0.28 | alpha 0.796 | step_limit
Ep 533 | 드론3 목적지79 | 1000스텝 | 배송 77/79 | 재적재 14 | 중계율 0.19 | alpha 0.794 | step_limit
Ep 534 | 드론3 목적지21 |  438스텝 | 배송 21/21 | 재적재  3 | 중계율 0.24 | alpha 0.793 | complete
Ep 535 | 드론3 목적지35 |  728스텝 | 배송 35/35 | 재적재  5 | 중계율 0.37 | alpha 0.797 | complete
Ep 536 | 드론4 목적지63 |  616스텝 | 배송 63/63 | 재적재 11 | 중계율 0.20 | alpha 0.807 | complete
Ep 537 | 드론3 목적지39 |  721스텝 | 배송 39/39 | 재적재  7 | 중계율 0.34 | alpha 0.818 | complete
Ep 538 | 드론4 목적지45 |  714스텝 | 배송 45/45 | 재적재  7 | 중계율 0.31 | alpha 0.826 | complete
Ep 539 | 드론3 목적지52 | 1000스텝 | 배송 49/52 | 재적재  9 | 중계율 0.32 | alpha 0.810 | step_limit
Ep 540 | 드론3 목적지49 |  794스텝 | 배송 49/49 | 재적재  8 | 중계율 0.14 | alpha 0.813 | complete
Ep 541 | 드론3 목적지71 | 1000스텝 | 배송 58/71 | 재적재 10 | 중계율 0.25 | alpha 0.819 | step_limit
Ep 542 | 드론3 목적지58 | 1000스텝 | 배송 54/58 | 재적재  9 | 중계율 0.37 | alpha 0.806 | step_limit
Ep 543 | 드론3 목적지69 | 1000스텝 | 배송 60/69 | 재적재 11 | 중계율 0.25 | alpha 0.806 | step_limit
Ep 544 | 드론3 목적지45 | 1000스텝 | 배송 42/45 | 재적재  7 | 중계율 0.28 | alpha 0.786 | step_limit
Ep 545 | 드론3 목적지34 |  896스텝 | 배송 34/34 | 재적재  6 | 중계율 0.37 | alpha 0.781 | complete
Ep 546 | 드론4 목적지43 | 1000스텝 | 배송 40/43 | 재적재  8 | 중계율 0.38 | alpha 0.765 | step_limit
Ep 547 | 드론4 목적지37 |  424스텝 | 배송 37/37 | 재적재  6 | 중계율 0.17 | alpha 0.757 | complete
Ep 548 | 드론3 목적지49 |  986스텝 | 배송 49/49 | 재적재  8 | 중계율 0.39 | alpha 0.756 | complete
Ep 549 | 드론3 목적지80 | 1000스텝 | 배송 60/80 | 재적재 11 | 중계율 0.28 | alpha 0.747 | step_limit
Ep 550 | 드론3 목적지53 | 1000스텝 | 배송 51/53 | 재적재 10 | 중계율 0.36 | alpha 0.746 | step_limit
  [홀드아웃] 배송 49.9±1.0 완주 0.96 스텝 879 점수 124.5 재적재 7.9 2홉+ 0.61 | 최고 128.4@ep400 정체 3/15
Ep 551 | 드론4 목적지52 |  555스텝 | 배송 52/52 | 재적재  9 | 중계율 0.17 | alpha 0.748 | complete
Ep 552 | 드론3 목적지52 | 1000스텝 | 배송 52/52 | 재적재  8 | 중계율 0.33 | alpha 0.745 | complete
Ep 553 | 드론3 목적지34 |  808스텝 | 배송 34/34 | 재적재  6 | 중계율 0.29 | alpha 0.740 | complete
Ep 554 | 드론4 목적지47 | 1000스텝 | 배송 46/47 | 재적재  8 | 중계율 0.38 | alpha 0.752 | step_limit
Ep 555 | 드론3 목적지32 |  706스텝 | 배송 32/32 | 재적재  5 | 중계율 0.34 | alpha 0.755 | complete
Ep 556 | 드론3 목적지55 | 1000스텝 | 배송 53/55 | 재적재  9 | 중계율 0.30 | alpha 0.759 | step_limit
Ep 557 | 드론3 목적지53 |  814스텝 | 배송 53/53 | 재적재  9 | 중계율 0.16 | alpha 0.763 | complete
Ep 558 | 드론3 목적지24 |  441스텝 | 배송 24/24 | 재적재  3 | 중계율 0.21 | alpha 0.772 | complete
Ep 559 | 드론3 목적지23 |  364스텝 | 배송 23/23 | 재적재  4 | 중계율 0.27 | alpha 0.774 | complete
Ep 560 | 드론3 목적지27 |  478스텝 | 배송 27/27 | 재적재  4 | 중계율 0.27 | alpha 0.776 | complete
Ep 561 | 드론3 목적지33 |  698스텝 | 배송 33/33 | 재적재  6 | 중계율 0.24 | alpha 0.778 | complete
Ep 562 | 드론3 목적지52 | 1000스텝 | 배송 48/52 | 재적재  9 | 중계율 0.29 | alpha 0.786 | step_limit
Ep 563 | 드론3 목적지71 | 1000스텝 | 배송 63/71 | 재적재 12 | 중계율 0.28 | alpha 0.793 | step_limit
Ep 564 | 드론3 목적지21 |  458스텝 | 배송 21/21 | 재적재  4 | 중계율 0.31 | alpha 0.802 | complete
Ep 565 | 드론3 목적지44 |  818스텝 | 배송 44/44 | 재적재  8 | 중계율 0.39 | alpha 0.810 | complete
Ep 566 | 드론4 목적지25 |  296스텝 | 배송 25/25 | 재적재  2 | 중계율 0.19 | alpha 0.813 | complete
Ep 567 | 드론3 목적지80 | 1000스텝 | 배송 67/80 | 재적재 12 | 중계율 0.23 | alpha 0.829 | step_limit
Ep 568 | 드론3 목적지34 |  738스텝 | 배송 34/34 | 재적재  4 | 중계율 0.32 | alpha 0.829 | complete
Ep 569 | 드론3 목적지70 | 1000스텝 | 배송 61/70 | 재적재 10 | 중계율 0.28 | alpha 0.841 | step_limit
Ep 570 | 드론3 목적지23 |  508스텝 | 배송 23/23 | 재적재  3 | 중계율 0.35 | alpha 0.851 | complete
Ep 571 | 드론3 목적지28 |  521스텝 | 배송 28/28 | 재적재  4 | 중계율 0.27 | alpha 0.857 | complete
Ep 572 | 드론3 목적지26 | 1000스텝 | 배송 25/26 | 재적재  3 | 중계율 0.33 | alpha 0.865 | step_limit
Ep 573 | 드론3 목적지27 |  464스텝 | 배송 27/27 | 재적재  4 | 중계율 0.18 | alpha 0.864 | complete
Ep 574 | 드론3 목적지45 | 1000스텝 | 배송 41/45 | 재적재  8 | 중계율 0.34 | alpha 0.858 | step_limit
Ep 575 | 드론3 목적지28 |  507스텝 | 배송 28/28 | 재적재  5 | 중계율 0.27 | alpha 0.863 | complete
Ep 576 | 드론3 목적지50 |  662스텝 | 배송 50/50 | 재적재  8 | 중계율 0.19 | alpha 0.865 | complete
Ep 577 | 드론3 목적지46 |  876스텝 | 배송 46/46 | 재적재  7 | 중계율 0.33 | alpha 0.867 | complete
Ep 578 | 드론3 목적지25 |  689스텝 | 배송 25/25 | 재적재  4 | 중계율 0.37 | alpha 0.872 | complete
Ep 579 | 드론3 목적지53 |  762스텝 | 배송 53/53 | 재적재 10 | 중계율 0.20 | alpha 0.871 | complete
Ep 580 | 드론3 목적지72 | 1000스텝 | 배송 53/72 | 재적재 10 | 중계율 0.27 | alpha 0.851 | step_limit
Ep 581 | 드론3 목적지20 |  460스텝 | 배송 20/20 | 재적재  2 | 중계율 0.31 | alpha 0.855 | complete
Ep 582 | 드론3 목적지47 |  973스텝 | 배송 47/47 | 재적재  9 | 중계율 0.27 | alpha 0.851 | complete
Ep 583 | 드론4 목적지44 |  835스텝 | 배송 44/44 | 재적재  8 | 중계율 0.20 | alpha 0.850 | complete
Ep 584 | 드론3 목적지40 |  722스텝 | 배송 40/40 | 재적재  5 | 중계율 0.25 | alpha 0.845 | complete
Ep 585 | 드론4 목적지50 | 1000스텝 | 배송 49/50 | 재적재  8 | 중계율 0.30 | alpha 0.845 | step_limit
Ep 586 | 드론3 목적지29 |  477스텝 | 배송 29/29 | 재적재  5 | 중계율 0.18 | alpha 0.847 | complete
Ep 587 | 드론3 목적지71 | 1000스텝 | 배송 60/71 | 재적재 12 | 중계율 0.28 | alpha 0.859 | step_limit
Ep 588 | 드론3 목적지53 | 1000스텝 | 배송 52/53 | 재적재  9 | 중계율 0.27 | alpha 0.859 | step_limit
Ep 589 | 드론3 목적지33 |  851스텝 | 배송 33/33 | 재적재  4 | 중계율 0.33 | alpha 0.862 | complete
Ep 590 | 드론3 목적지60 | 1000스텝 | 배송 59/60 | 재적재 11 | 중계율 0.32 | alpha 0.849 | step_limit
Ep 591 | 드론3 목적지31 |  544스텝 | 배송 31/31 | 재적재  6 | 중계율 0.26 | alpha 0.849 | complete
Ep 592 | 드론3 목적지37 |  766스텝 | 배송 37/37 | 재적재  6 | 중계율 0.37 | alpha 0.856 | complete
Ep 593 | 드론3 목적지74 | 1000스텝 | 배송 68/74 | 재적재 12 | 중계율 0.27 | alpha 0.854 | step_limit
Ep 594 | 드론4 목적지77 |  937스텝 | 배송 77/77 | 재적재 14 | 중계율 0.26 | alpha 0.860 | complete
Ep 595 | 드론4 목적지38 | 1000스텝 | 배송 27/38 | 재적재  5 | 중계율 0.32 | alpha 0.852 | step_limit
Ep 596 | 드론3 목적지42 |  886스텝 | 배송 42/42 | 재적재  8 | 중계율 0.32 | alpha 0.838 | complete
Ep 597 | 드론3 목적지65 | 1000스텝 | 배송 61/65 | 재적재 11 | 중계율 0.26 | alpha 0.832 | step_limit
Ep 598 | 드론4 목적지34 |  504스텝 | 배송 34/34 | 재적재  5 | 중계율 0.15 | alpha 0.832 | complete
Ep 599 | 드론3 목적지28 |  573스텝 | 배송 28/28 | 재적재  4 | 중계율 0.27 | alpha 0.836 | complete
Ep 600 | 드론3 목적지78 | 1000스텝 | 배송 62/78 | 재적재 11 | 중계율 0.28 | alpha 0.832 | step_limit
  [홀드아웃] 배송 49.9±0.9 완주 0.97 스텝 911 점수 125.3 재적재 8.1 2홉+ 0.60 | 최고 128.4@ep400 정체 4/15
Ep 601 | 드론3 목적지35 |  690스텝 | 배송 35/35 | 재적재  5 | 중계율 0.32 | alpha 0.833 | complete
Ep 602 | 드론3 목적지77 | 1000스텝 | 배송 66/77 | 재적재 13 | 중계율 0.27 | alpha 0.838 | step_limit
Ep 603 | 드론3 목적지60 |  980스텝 | 배송 60/60 | 재적재  9 | 중계율 0.24 | alpha 0.837 | complete
Ep 604 | 드론3 목적지50 | 1000스텝 | 배송 43/50 | 재적재  8 | 중계율 0.28 | alpha 0.828 | step_limit
Ep 605 | 드론4 목적지51 |  770스텝 | 배송 51/51 | 재적재  9 | 중계율 0.18 | alpha 0.827 | complete
Ep 606 | 드론3 목적지35 |  956스텝 | 배송 35/35 | 재적재  6 | 중계율 0.41 | alpha 0.838 | complete
Ep 607 | 드론3 목적지44 |  913스텝 | 배송 44/44 | 재적재  7 | 중계율 0.35 | alpha 0.844 | complete
Ep 608 | 드론3 목적지47 |  931스텝 | 배송 47/47 | 재적재  9 | 중계율 0.29 | alpha 0.844 | complete
Ep 609 | 드론3 목적지40 |  687스텝 | 배송 40/40 | 재적재  6 | 중계율 0.28 | alpha 0.837 | complete
Ep 610 | 드론3 목적지37 |  776스텝 | 배송 37/37 | 재적재  6 | 중계율 0.17 | alpha 0.830 | complete
Ep 611 | 드론3 목적지22 |  554스텝 | 배송 22/22 | 재적재  4 | 중계율 0.27 | alpha 0.834 | complete
Ep 612 | 드론3 목적지57 |  990스텝 | 배송 57/57 | 재적재 10 | 중계율 0.31 | alpha 0.846 | complete
Ep 613 | 드론3 목적지71 | 1000스텝 | 배송 65/71 | 재적재 12 | 중계율 0.27 | alpha 0.846 | step_limit
Ep 614 | 드론3 목적지24 |  687스텝 | 배송 24/24 | 재적재  4 | 중계율 0.34 | alpha 0.837 | complete
Ep 615 | 드론4 목적지26 |  457스텝 | 배송 26/26 | 재적재  3 | 중계율 0.34 | alpha 0.833 | complete
Ep 616 | 드론3 목적지59 | 1000스텝 | 배송 57/59 | 재적재  9 | 중계율 0.29 | alpha 0.831 | step_limit
Ep 617 | 드론3 목적지51 |  954스텝 | 배송 51/51 | 재적재 10 | 중계율 0.32 | alpha 0.822 | complete
Ep 618 | 드론3 목적지38 |  637스텝 | 배송 38/38 | 재적재  6 | 중계율 0.18 | alpha 0.820 | complete
Ep 619 | 드론3 목적지31 |  683스텝 | 배송 31/31 | 재적재  4 | 중계율 0.26 | alpha 0.816 | complete
Ep 620 | 드론3 목적지53 | 1000스텝 | 배송 52/53 | 재적재  9 | 중계율 0.25 | alpha 0.816 | step_limit
Ep 621 | 드론3 목적지41 | 1000스텝 | 배송 40/41 | 재적재  6 | 중계율 0.33 | alpha 0.822 | step_limit
Ep 622 | 드론3 목적지26 |  503스텝 | 배송 26/26 | 재적재  5 | 중계율 0.34 | alpha 0.824 | complete
Ep 623 | 드론3 목적지27 |  690스텝 | 배송 27/27 | 재적재  5 | 중계율 0.30 | alpha 0.825 | complete
Ep 624 | 드론3 목적지66 | 1000스텝 | 배송 60/66 | 재적재 10 | 중계율 0.17 | alpha 0.837 | step_limit
Ep 625 | 드론3 목적지39 |  611스텝 | 배송 39/39 | 재적재  7 | 중계율 0.21 | alpha 0.836 | complete
Ep 626 | 드론4 목적지22 |  275스텝 | 배송 22/22 | 재적재  2 | 중계율 0.22 | alpha 0.832 | complete
Ep 627 | 드론4 목적지22 |  465스텝 | 배송 22/22 | 재적재  2 | 중계율 0.35 | alpha 0.837 | complete
Ep 628 | 드론4 목적지33 |  352스텝 | 배송 33/33 | 재적재  4 | 중계율 0.25 | alpha 0.834 | complete
Ep 629 | 드론4 목적지46 |  678스텝 | 배송 46/46 | 재적재  7 | 중계율 0.32 | alpha 0.835 | complete
Ep 630 | 드론3 목적지31 |  536스텝 | 배송 31/31 | 재적재  5 | 중계율 0.27 | alpha 0.839 | complete
Ep 631 | 드론3 목적지63 | 1000스텝 | 배송 59/63 | 재적재 11 | 중계율 0.30 | alpha 0.844 | step_limit
Ep 632 | 드론3 목적지50 |  903스텝 | 배송 50/50 | 재적재  9 | 중계율 0.18 | alpha 0.849 | complete
Ep 633 | 드론3 목적지28 |  618스텝 | 배송 28/28 | 재적재  4 | 중계율 0.31 | alpha 0.840 | complete
Ep 634 | 드론3 목적지46 |  778스텝 | 배송 46/46 | 재적재  7 | 중계율 0.19 | alpha 0.840 | complete
Ep 635 | 드론3 목적지80 | 1000스텝 | 배송 66/80 | 재적재 11 | 중계율 0.23 | alpha 0.852 | step_limit
Ep 636 | 드론3 목적지44 | 1000스텝 | 배송 40/44 | 재적재  7 | 중계율 0.34 | alpha 0.858 | step_limit
Ep 637 | 드론3 목적지78 | 1000스텝 | 배송 66/78 | 재적재 11 | 중계율 0.27 | alpha 0.864 | step_limit
Ep 638 | 드론3 목적지71 | 1000스텝 | 배송 68/71 | 재적재 12 | 중계율 0.29 | alpha 0.854 | step_limit
Ep 639 | 드론4 목적지65 |  833스텝 | 배송 65/65 | 재적재 11 | 중계율 0.28 | alpha 0.859 | complete
Ep 640 | 드론3 목적지53 |  969스텝 | 배송 53/53 | 재적재  9 | 중계율 0.32 | alpha 0.858 | complete
Ep 641 | 드론4 목적지69 |  800스텝 | 배송 69/69 | 재적재 12 | 중계율 0.29 | alpha 0.852 | complete
Ep 642 | 드론3 목적지28 |  859스텝 | 배송 28/28 | 재적재  3 | 중계율 0.41 | alpha 0.844 | complete
Ep 643 | 드론3 목적지28 |  957스텝 | 배송 24/28 | 재적재  4 | 중계율 0.43 | alpha 0.822 | no_progress
Ep 644 | 드론4 목적지74 | 1000스텝 | 배송 66/74 | 재적재 13 | 중계율 0.33 | alpha 0.808 | step_limit
Ep 645 | 드론4 목적지30 |  632스텝 | 배송 30/30 | 재적재  4 | 중계율 0.36 | alpha 0.805 | complete
Ep 646 | 드론3 목적지61 |  850스텝 | 배송 61/61 | 재적재 11 | 중계율 0.22 | alpha 0.797 | complete
Ep 647 | 드론3 목적지75 | 1000스텝 | 배송 60/75 | 재적재 12 | 중계율 0.26 | alpha 0.800 | step_limit
Ep 648 | 드론3 목적지38 |  970스텝 | 배송 38/38 | 재적재  7 | 중계율 0.35 | alpha 0.799 | complete
Ep 649 | 드론3 목적지41 |  959스텝 | 배송 41/41 | 재적재  8 | 중계율 0.33 | alpha 0.811 | complete
Ep 650 | 드론3 목적지23 |  534스텝 | 배송 23/23 | 재적재  3 | 중계율 0.42 | alpha 0.807 | complete
  [홀드아웃] 배송 49.5±2.0 완주 0.94 스텝 895 점수 121.8 재적재 7.8 2홉+ 0.61 | 최고 128.4@ep400 정체 5/15
Ep 651 | 드론3 목적지37 |  860스텝 | 배송 37/37 | 재적재  7 | 중계율 0.29 | alpha 0.806 | complete
Ep 652 | 드론3 목적지76 | 1000스텝 | 배송 65/76 | 재적재 11 | 중계율 0.28 | alpha 0.816 | step_limit
Ep 653 | 드론3 목적지28 |  561스텝 | 배송 28/28 | 재적재  5 | 중계율 0.28 | alpha 0.815 | complete
Ep 654 | 드론3 목적지57 |  982스텝 | 배송 57/57 | 재적재 10 | 중계율 0.27 | alpha 0.810 | complete
Ep 655 | 드론3 목적지75 | 1000스텝 | 배송 74/75 | 재적재 14 | 중계율 0.22 | alpha 0.796 | step_limit
Ep 656 | 드론4 목적지66 |  703스텝 | 배송 66/66 | 재적재 11 | 중계율 0.20 | alpha 0.793 | complete
Ep 657 | 드론3 목적지23 |  641스텝 | 배송 23/23 | 재적재  4 | 중계율 0.34 | alpha 0.781 | complete
Ep 658 | 드론3 목적지58 | 1000스텝 | 배송 51/58 | 재적재  9 | 중계율 0.31 | alpha 0.789 | step_limit
Ep 659 | 드론4 목적지63 | 1000스텝 | 배송 56/63 | 재적재  8 | 중계율 0.38 | alpha 0.798 | step_limit
Ep 660 | 드론4 목적지41 |  417스텝 | 배송 41/41 | 재적재  7 | 중계율 0.18 | alpha 0.803 | complete
Ep 661 | 드론3 목적지46 |  840스텝 | 배송 46/46 | 재적재  9 | 중계율 0.30 | alpha 0.811 | complete
Ep 662 | 드론3 목적지50 |  947스텝 | 배송 50/50 | 재적재  9 | 중계율 0.35 | alpha 0.821 | complete
Ep 663 | 드론3 목적지49 |  917스텝 | 배송 49/49 | 재적재  9 | 중계율 0.34 | alpha 0.833 | complete
Ep 664 | 드론3 목적지72 | 1000스텝 | 배송 61/72 | 재적재 12 | 중계율 0.30 | alpha 0.829 | step_limit
Ep 665 | 드론3 목적지74 | 1000스텝 | 배송 65/74 | 재적재 11 | 중계율 0.27 | alpha 0.824 | step_limit
Ep 666 | 드론3 목적지48 |  878스텝 | 배송 48/48 | 재적재  9 | 중계율 0.30 | alpha 0.828 | complete
Ep 667 | 드론3 목적지36 |  701스텝 | 배송 36/36 | 재적재  7 | 중계율 0.33 | alpha 0.833 | complete
Ep 668 | 드론4 목적지67 | 1000스텝 | 배송 65/67 | 재적재 11 | 중계율 0.28 | alpha 0.829 | step_limit
Ep 669 | 드론3 목적지73 | 1000스텝 | 배송 65/73 | 재적재 11 | 중계율 0.28 | alpha 0.831 | step_limit
Ep 670 | 드론3 목적지80 | 1000스텝 | 배송 65/80 | 재적재 12 | 중계율 0.27 | alpha 0.819 | step_limit
Ep 671 | 드론4 목적지79 | 1000스텝 | 배송 77/79 | 재적재 13 | 중계율 0.24 | alpha 0.817 | step_limit
Ep 672 | 드론3 목적지39 |  668스텝 | 배송 39/39 | 재적재  7 | 중계율 0.30 | alpha 0.813 | complete
Ep 673 | 드론3 목적지66 |  946스텝 | 배송 66/66 | 재적재 12 | 중계율 0.18 | alpha 0.821 | complete
Ep 674 | 드론3 목적지42 |  848스텝 | 배송 42/42 | 재적재  7 | 중계율 0.27 | alpha 0.823 | complete
Ep 675 | 드론3 목적지43 |  897스텝 | 배송 43/43 | 재적재  8 | 중계율 0.29 | alpha 0.828 | complete
Ep 676 | 드론3 목적지71 |  950스텝 | 배송 71/71 | 재적재 14 | 중계율 0.24 | alpha 0.830 | complete
Ep 677 | 드론3 목적지45 |  952스텝 | 배송 45/45 | 재적재  8 | 중계율 0.26 | alpha 0.828 | complete
Ep 678 | 드론3 목적지71 | 1000스텝 | 배송 68/71 | 재적재 12 | 중계율 0.27 | alpha 0.826 | step_limit
Ep 679 | 드론4 목적지24 |  452스텝 | 배송 24/24 | 재적재  4 | 중계율 0.27 | alpha 0.819 | complete
Ep 680 | 드론3 목적지32 |  579스텝 | 배송 32/32 | 재적재  5 | 중계율 0.27 | alpha 0.816 | complete
Ep 681 | 드론4 목적지33 |  747스텝 | 배송 33/33 | 재적재  6 | 중계율 0.35 | alpha 0.808 | complete
Ep 682 | 드론3 목적지73 | 1000스텝 | 배송 61/73 | 재적재 12 | 중계율 0.29 | alpha 0.804 | step_limit
Ep 683 | 드론4 목적지70 |  975스텝 | 배송 70/70 | 재적재 12 | 중계율 0.30 | alpha 0.800 | complete
Ep 684 | 드론4 목적지42 |  655스텝 | 배송 42/42 | 재적재  7 | 중계율 0.31 | alpha 0.793 | complete
Ep 685 | 드론3 목적지21 |  548스텝 | 배송 21/21 | 재적재  3 | 중계율 0.29 | alpha 0.792 | complete
Ep 686 | 드론4 목적지24 |  353스텝 | 배송 24/24 | 재적재  2 | 중계율 0.30 | alpha 0.787 | complete
Ep 687 | 드론4 목적지34 |  913스텝 | 배송 34/34 | 재적재  6 | 중계율 0.38 | alpha 0.779 | complete
Ep 688 | 드론3 목적지46 |  840스텝 | 배송 46/46 | 재적재  8 | 중계율 0.32 | alpha 0.773 | complete
Ep 689 | 드론3 목적지80 | 1000스텝 | 배송 77/80 | 재적재 14 | 중계율 0.17 | alpha 0.782 | step_limit
Ep 690 | 드론4 목적지58 |  752스텝 | 배송 58/58 | 재적재 10 | 중계율 0.23 | alpha 0.788 | complete
Ep 691 | 드론3 목적지46 |  850스텝 | 배송 46/46 | 재적재  8 | 중계율 0.31 | alpha 0.789 | complete
Ep 692 | 드론3 목적지62 |  978스텝 | 배송 62/62 | 재적재 11 | 중계율 0.29 | alpha 0.797 | complete
Ep 693 | 드론3 목적지72 | 1000스텝 | 배송 65/72 | 재적재 11 | 중계율 0.33 | alpha 0.801 | step_limit
Ep 694 | 드론3 목적지59 |  938스텝 | 배송 59/59 | 재적재 10 | 중계율 0.20 | alpha 0.794 | complete
Ep 695 | 드론3 목적지51 | 1000스텝 | 배송 50/51 | 재적재  8 | 중계율 0.34 | alpha 0.787 | step_limit
Ep 696 | 드론3 목적지59 | 1000스텝 | 배송 58/59 | 재적재 10 | 중계율 0.27 | alpha 0.798 | step_limit
Ep 697 | 드론3 목적지69 | 1000스텝 | 배송 60/69 | 재적재  9 | 중계율 0.27 | alpha 0.800 | step_limit
Ep 698 | 드론4 목적지51 |  821스텝 | 배송 51/51 | 재적재  9 | 중계율 0.29 | alpha 0.805 | complete
Ep 699 | 드론3 목적지75 | 1000스텝 | 배송 61/75 | 재적재 11 | 중계율 0.26 | alpha 0.799 | step_limit
Ep 700 | 드론3 목적지55 |  878스텝 | 배송 55/55 | 재적재  9 | 중계율 0.30 | alpha 0.800 | complete
  [홀드아웃] 배송 49.8±1.6 완주 0.99 스텝 892 점수 126.9 재적재 8.1 2홉+ 0.60 | 최고 128.4@ep400 정체 6/15
Ep 701 | 드론3 목적지26 |  513스텝 | 배송 26/26 | 재적재  3 | 중계율 0.30 | alpha 0.804 | complete
Ep 702 | 드론3 목적지20 |  329스텝 | 배송 20/20 | 재적재  2 | 중계율 0.27 | alpha 0.809 | complete
Ep 703 | 드론3 목적지23 |  428스텝 | 배송 23/23 | 재적재  4 | 중계율 0.27 | alpha 0.816 | complete
Ep 704 | 드론3 목적지36 |  705스텝 | 배송 36/36 | 재적재  5 | 중계율 0.34 | alpha 0.820 | complete
Ep 705 | 드론4 목적지64 |  752스텝 | 배송 64/64 | 재적재 12 | 중계율 0.17 | alpha 0.812 | complete
Ep 706 | 드론3 목적지27 |  602스텝 | 배송 27/27 | 재적재  4 | 중계율 0.35 | alpha 0.820 | complete
Ep 707 | 드론3 목적지33 |  560스텝 | 배송 33/33 | 재적재  5 | 중계율 0.21 | alpha 0.814 | complete
Ep 708 | 드론4 목적지73 | 1000스텝 | 배송 70/73 | 재적재 12 | 중계율 0.33 | alpha 0.808 | step_limit
Ep 709 | 드론3 목적지61 | 1000스텝 | 배송 49/61 | 재적재  9 | 중계율 0.29 | alpha 0.811 | step_limit
Ep 710 | 드론4 목적지49 |  975스텝 | 배송 49/49 | 재적재  9 | 중계율 0.27 | alpha 0.801 | complete
Ep 711 | 드론4 목적지57 | 1000스텝 | 배송 47/57 | 재적재  7 | 중계율 0.42 | alpha 0.813 | step_limit
Ep 712 | 드론3 목적지46 |  647스텝 | 배송 46/46 | 재적재  7 | 중계율 0.17 | alpha 0.815 | complete
Ep 713 | 드론4 목적지78 | 1000스텝 | 배송 66/78 | 재적재 12 | 중계율 0.34 | alpha 0.822 | step_limit
Ep 714 | 드론4 목적지28 |  441스텝 | 배송 28/28 | 재적재  4 | 중계율 0.27 | alpha 0.823 | complete
Ep 715 | 드론3 목적지51 |  843스텝 | 배송 51/51 | 재적재  8 | 중계율 0.34 | alpha 0.834 | complete
Ep 716 | 드론3 목적지60 |  954스텝 | 배송 60/60 | 재적재 10 | 중계율 0.26 | alpha 0.845 | complete
Ep 717 | 드론3 목적지33 |  659스텝 | 배송 33/33 | 재적재  5 | 중계율 0.18 | alpha 0.850 | complete
Ep 718 | 드론3 목적지44 |  949스텝 | 배송 44/44 | 재적재  8 | 중계율 0.39 | alpha 0.856 | complete
Ep 719 | 드론3 목적지31 |  694스텝 | 배송 31/31 | 재적재  5 | 중계율 0.33 | alpha 0.856 | complete
Ep 720 | 드론4 목적지66 |  891스텝 | 배송 66/66 | 재적재 12 | 중계율 0.21 | alpha 0.861 | complete
Ep 721 | 드론4 목적지72 | 1000스텝 | 배송 71/72 | 재적재 12 | 중계율 0.30 | alpha 0.868 | step_limit
Ep 722 | 드론3 목적지76 | 1000스텝 | 배송 61/76 | 재적재 11 | 중계율 0.26 | alpha 0.867 | step_limit
Ep 723 | 드론4 목적지65 | 1000스텝 | 배송 64/65 | 재적재 12 | 중계율 0.26 | alpha 0.871 | step_limit
Ep 724 | 드론3 목적지54 |  984스텝 | 배송 54/54 | 재적재  9 | 중계율 0.27 | alpha 0.856 | complete
Ep 725 | 드론3 목적지60 | 1000스텝 | 배송 59/60 | 재적재 11 | 중계율 0.28 | alpha 0.857 | step_limit
Ep 726 | 드론3 목적지62 | 1000스텝 | 배송 59/62 | 재적재 11 | 중계율 0.26 | alpha 0.845 | step_limit
Ep 727 | 드론3 목적지75 | 1000스텝 | 배송 66/75 | 재적재 13 | 중계율 0.23 | alpha 0.837 | step_limit
Ep 728 | 드론4 목적지56 |  804스텝 | 배송 56/56 | 재적재 10 | 중계율 0.26 | alpha 0.834 | complete
Ep 729 | 드론3 목적지78 | 1000스텝 | 배송 60/78 | 재적재 12 | 중계율 0.21 | alpha 0.840 | step_limit
Ep 730 | 드론4 목적지54 | 1000스텝 | 배송 50/54 | 재적재  8 | 중계율 0.42 | alpha 0.846 | step_limit
Ep 731 | 드론3 목적지79 | 1000스텝 | 배송 61/79 | 재적재 12 | 중계율 0.28 | alpha 0.843 | step_limit
Ep 732 | 드론3 목적지53 |  740스텝 | 배송 53/53 | 재적재  9 | 중계율 0.25 | alpha 0.852 | complete
Ep 733 | 드론3 목적지53 | 1000스텝 | 배송 47/53 | 재적재  9 | 중계율 0.25 | alpha 0.853 | step_limit
Ep 734 | 드론3 목적지70 | 1000스텝 | 배송 65/70 | 재적재 12 | 중계율 0.27 | alpha 0.858 | step_limit
Ep 735 | 드론3 목적지55 |  958스텝 | 배송 55/55 | 재적재 10 | 중계율 0.31 | alpha 0.860 | complete
Ep 736 | 드론3 목적지75 | 1000스텝 | 배송 74/75 | 재적재 13 | 중계율 0.17 | alpha 0.860 | step_limit
Ep 737 | 드론3 목적지78 | 1000스텝 | 배송 61/78 | 재적재 12 | 중계율 0.24 | alpha 0.867 | step_limit
Ep 738 | 드론4 목적지20 |  481스텝 | 배송 20/20 | 재적재  2 | 중계율 0.21 | alpha 0.868 | complete
Ep 739 | 드론3 목적지35 |  622스텝 | 배송 35/35 | 재적재  6 | 중계율 0.14 | alpha 0.860 | complete
Ep 740 | 드론3 목적지29 |  790스텝 | 배송 29/29 | 재적재  5 | 중계율 0.32 | alpha 0.852 | complete
Ep 741 | 드론3 목적지70 | 1000스텝 | 배송 50/70 | 재적재  8 | 중계율 0.24 | alpha 0.838 | step_limit
Ep 742 | 드론3 목적지44 |  874스텝 | 배송 44/44 | 재적재  8 | 중계율 0.31 | alpha 0.845 | complete
Ep 743 | 드론3 목적지51 | 1000스텝 | 배송 45/51 | 재적재  8 | 중계율 0.38 | alpha 0.850 | step_limit
Ep 744 | 드론3 목적지40 |  894스텝 | 배송 40/40 | 재적재  6 | 중계율 0.25 | alpha 0.852 | complete
Ep 745 | 드론3 목적지45 |  814스텝 | 배송 45/45 | 재적재  8 | 중계율 0.28 | alpha 0.846 | complete
Ep 746 | 드론3 목적지75 | 1000스텝 | 배송 65/75 | 재적재 10 | 중계율 0.28 | alpha 0.832 | step_limit
Ep 747 | 드론3 목적지23 |  512스텝 | 배송 23/23 | 재적재  4 | 중계율 0.27 | alpha 0.824 | complete
Ep 748 | 드론3 목적지31 |  577스텝 | 배송 31/31 | 재적재  6 | 중계율 0.26 | alpha 0.816 | complete
Ep 749 | 드론4 목적지39 |  731스텝 | 배송 39/39 | 재적재  6 | 중계율 0.31 | alpha 0.810 | complete
Ep 750 | 드론3 목적지78 | 1000스텝 | 배송 65/78 | 재적재 11 | 중계율 0.27 | alpha 0.795 | step_limit
  [홀드아웃] 배송 49.8±1.5 완주 0.97 스텝 843 점수 126.3 재적재 7.8 2홉+ 0.61 | 최고 128.4@ep400 정체 7/15
Ep 751 | 드론3 목적지23 |  649스텝 | 배송 23/23 | 재적재  4 | 중계율 0.31 | alpha 0.780 | complete
Ep 752 | 드론3 목적지64 |  878스텝 | 배송 64/64 | 재적재 12 | 중계율 0.15 | alpha 0.780 | complete
Ep 753 | 드론3 목적지73 | 1000스텝 | 배송 68/73 | 재적재 12 | 중계율 0.25 | alpha 0.767 | step_limit
Ep 754 | 드론3 목적지27 |  466스텝 | 배송 27/27 | 재적재  5 | 중계율 0.24 | alpha 0.762 | complete
Ep 755 | 드론3 목적지33 |  764스텝 | 배송 33/33 | 재적재  5 | 중계율 0.37 | alpha 0.761 | complete
Ep 756 | 드론3 목적지56 | 1000스텝 | 배송 50/56 | 재적재  8 | 중계율 0.36 | alpha 0.761 | step_limit
Ep 757 | 드론3 목적지32 |  595스텝 | 배송 32/32 | 재적재  6 | 중계율 0.26 | alpha 0.775 | complete
Ep 758 | 드론3 목적지37 |  550스텝 | 배송 37/37 | 재적재  5 | 중계율 0.23 | alpha 0.772 | complete
Ep 759 | 드론3 목적지77 | 1000스텝 | 배송 75/77 | 재적재 14 | 중계율 0.23 | alpha 0.781 | step_limit
Ep 760 | 드론3 목적지56 | 1000스텝 | 배송 55/56 | 재적재 11 | 중계율 0.24 | alpha 0.775 | step_limit
Ep 761 | 드론3 목적지79 | 1000스텝 | 배송 62/79 | 재적재 12 | 중계율 0.28 | alpha 0.778 | step_limit
Ep 762 | 드론3 목적지35 |  705스텝 | 배송 35/35 | 재적재  6 | 중계율 0.32 | alpha 0.774 | complete
Ep 763 | 드론3 목적지32 |  757스텝 | 배송 32/32 | 재적재  5 | 중계율 0.32 | alpha 0.775 | complete
Ep 764 | 드론3 목적지54 |  860스텝 | 배송 54/54 | 재적재 10 | 중계율 0.22 | alpha 0.783 | complete
Ep 765 | 드론3 목적지57 |  944스텝 | 배송 57/57 | 재적재 10 | 중계율 0.21 | alpha 0.795 | complete
Ep 766 | 드론4 목적지63 |  790스텝 | 배송 63/63 | 재적재 11 | 중계율 0.18 | alpha 0.806 | complete
Ep 767 | 드론3 목적지31 |  667스텝 | 배송 31/31 | 재적재  5 | 중계율 0.29 | alpha 0.809 | complete
Ep 768 | 드론3 목적지77 | 1000스텝 | 배송 67/77 | 재적재 12 | 중계율 0.28 | alpha 0.828 | step_limit
Ep 769 | 드론3 목적지23 |  533스텝 | 배송 23/23 | 재적재  3 | 중계율 0.23 | alpha 0.832 | complete
Ep 770 | 드론3 목적지25 |  531스텝 | 배송 25/25 | 재적재  4 | 중계율 0.32 | alpha 0.827 | complete
Ep 771 | 드론3 목적지41 |  730스텝 | 배송 41/41 | 재적재  7 | 중계율 0.26 | alpha 0.822 | complete
Ep 772 | 드론3 목적지39 |  748스텝 | 배송 39/39 | 재적재  6 | 중계율 0.37 | alpha 0.823 | complete
Ep 773 | 드론4 목적지37 |  371스텝 | 배송 37/37 | 재적재  5 | 중계율 0.19 | alpha 0.824 | complete
Ep 774 | 드론3 목적지48 |  816스텝 | 배송 48/48 | 재적재  8 | 중계율 0.26 | alpha 0.819 | complete
Ep 775 | 드론3 목적지57 |  850스텝 | 배송 57/57 | 재적재 10 | 중계율 0.26 | alpha 0.819 | complete
Ep 776 | 드론3 목적지24 |  341스텝 | 배송 24/24 | 재적재  3 | 중계율 0.18 | alpha 0.822 | complete
Ep 777 | 드론3 목적지56 | 1000스텝 | 배송 55/56 | 재적재 10 | 중계율 0.27 | alpha 0.818 | step_limit
Ep 778 | 드론3 목적지66 | 1000스텝 | 배송 65/66 | 재적재 11 | 중계율 0.23 | alpha 0.817 | step_limit
Ep 779 | 드론4 목적지32 |  579스텝 | 배송 32/32 | 재적재  5 | 중계율 0.33 | alpha 0.815 | complete
Ep 780 | 드론3 목적지23 |  372스텝 | 배송 23/23 | 재적재  2 | 중계율 0.26 | alpha 0.814 | complete
Ep 781 | 드론3 목적지50 | 1000스텝 | 배송 48/50 | 재적재  9 | 중계율 0.25 | alpha 0.811 | step_limit
Ep 782 | 드론4 목적지41 |  591스텝 | 배송 41/41 | 재적재  6 | 중계율 0.22 | alpha 0.813 | complete
Ep 783 | 드론3 목적지46 |  753스텝 | 배송 46/46 | 재적재  8 | 중계율 0.22 | alpha 0.814 | complete
Ep 784 | 드론3 목적지43 |  963스텝 | 배송 43/43 | 재적재  7 | 중계율 0.28 | alpha 0.811 | complete
Ep 785 | 드론3 목적지58 |  947스텝 | 배송 58/58 | 재적재 11 | 중계율 0.21 | alpha 0.820 | complete
Ep 786 | 드론4 목적지54 |  571스텝 | 배송 54/54 | 재적재  7 | 중계율 0.21 | alpha 0.818 | complete
Ep 787 | 드론4 목적지76 |  843스텝 | 배송 76/76 | 재적재 14 | 중계율 0.18 | alpha 0.837 | complete
Ep 788 | 드론3 목적지39 |  607스텝 | 배송 39/39 | 재적재  7 | 중계율 0.24 | alpha 0.844 | complete
Ep 789 | 드론4 목적지64 | 1000스텝 | 배송 62/64 | 재적재 11 | 중계율 0.32 | alpha 0.844 | step_limit
Ep 790 | 드론4 목적지46 |  915스텝 | 배송 46/46 | 재적재  7 | 중계율 0.43 | alpha 0.843 | complete
Ep 791 | 드론3 목적지34 |  741스텝 | 배송 34/34 | 재적재  6 | 중계율 0.35 | alpha 0.846 | complete
Ep 792 | 드론3 목적지55 |  661스텝 | 배송 55/55 | 재적재  9 | 중계율 0.14 | alpha 0.850 | complete
Ep 793 | 드론4 목적지45 |  738스텝 | 배송 45/45 | 재적재  7 | 중계율 0.34 | alpha 0.848 | complete
Ep 794 | 드론3 목적지54 | 1000스텝 | 배송 50/54 | 재적재  8 | 중계율 0.31 | alpha 0.839 | step_limit
Ep 795 | 드론3 목적지56 | 1000스텝 | 배송 55/56 | 재적재 10 | 중계율 0.34 | alpha 0.824 | step_limit
Ep 796 | 드론3 목적지52 |  762스텝 | 배송 52/52 | 재적재  9 | 중계율 0.16 | alpha 0.820 | complete
Ep 797 | 드론4 목적지51 | 1000스텝 | 배송 44/51 | 재적재  6 | 중계율 0.34 | alpha 0.820 | step_limit
Ep 798 | 드론3 목적지76 | 1000스텝 | 배송 48/76 | 재적재  8 | 중계율 0.16 | alpha 0.810 | step_limit
Ep 799 | 드론3 목적지22 |  284스텝 | 배송 22/22 | 재적재  3 | 중계율 0.14 | alpha 0.806 | complete
Ep 800 | 드론4 목적지20 |  419스텝 | 배송 20/20 | 재적재  3 | 중계율 0.31 | alpha 0.796 | complete
  [홀드아웃] 배송 49.3±3.4 완주 0.94 스텝 864 점수 122.2 재적재 7.9 2홉+ 0.61 | 최고 128.4@ep400 정체 8/15
Ep 801 | 드론4 목적지77 |  993스텝 | 배송 77/77 | 재적재 15 | 중계율 0.29 | alpha 0.787 | complete
Ep 802 | 드론3 목적지49 |  862스텝 | 배송 49/49 | 재적재  9 | 중계율 0.24 | alpha 0.789 | complete
Ep 803 | 드론3 목적지61 |  940스텝 | 배송 61/61 | 재적재 10 | 중계율 0.27 | alpha 0.788 | complete
Ep 804 | 드론4 목적지62 |  799스텝 | 배송 62/62 | 재적재 10 | 중계율 0.29 | alpha 0.793 | complete
Ep 805 | 드론3 목적지51 |  996스텝 | 배송 51/51 | 재적재  9 | 중계율 0.26 | alpha 0.786 | complete
Ep 806 | 드론4 목적지61 |  885스텝 | 배송 61/61 | 재적재 11 | 중계율 0.29 | alpha 0.783 | complete
Ep 807 | 드론3 목적지53 |  669스텝 | 배송 53/53 | 재적재  9 | 중계율 0.15 | alpha 0.787 | complete
Ep 808 | 드론3 목적지39 |  642스텝 | 배송 39/39 | 재적재  7 | 중계율 0.25 | alpha 0.790 | complete
Ep 809 | 드론3 목적지65 | 1000스텝 | 배송 62/65 | 재적재 10 | 중계율 0.30 | alpha 0.800 | step_limit
Ep 810 | 드론4 목적지54 |  572스텝 | 배송 54/54 | 재적재  9 | 중계율 0.18 | alpha 0.802 | complete
Ep 811 | 드론3 목적지58 |  918스텝 | 배송 58/58 | 재적재 10 | 중계율 0.20 | alpha 0.813 | complete
Ep 812 | 드론4 목적지21 |  429스텝 | 배송 21/21 | 재적재  2 | 중계율 0.33 | alpha 0.809 | complete
Ep 813 | 드론4 목적지31 |  568스텝 | 배송 31/31 | 재적재  4 | 중계율 0.17 | alpha 0.808 | complete
Ep 814 | 드론3 목적지28 |  538스텝 | 배송 28/28 | 재적재  5 | 중계율 0.29 | alpha 0.806 | complete
Ep 815 | 드론3 목적지75 | 1000스텝 | 배송 60/75 | 재적재 10 | 중계율 0.28 | alpha 0.812 | step_limit
Ep 816 | 드론3 목적지55 | 1000스텝 | 배송 54/55 | 재적재  9 | 중계율 0.36 | alpha 0.809 | step_limit
Ep 817 | 드론3 목적지70 | 1000스텝 | 배송 61/70 | 재적재 11 | 중계율 0.24 | alpha 0.802 | step_limit
Ep 818 | 드론4 목적지33 |  479스텝 | 배송 33/33 | 재적재  4 | 중계율 0.32 | alpha 0.802 | complete
Ep 819 | 드론3 목적지46 |  790스텝 | 배송 46/46 | 재적재  8 | 중계율 0.23 | alpha 0.787 | complete
Ep 820 | 드론3 목적지52 | 1000스텝 | 배송 50/52 | 재적재  7 | 중계율 0.33 | alpha 0.778 | step_limit
Ep 821 | 드론4 목적지24 |  474스텝 | 배송 24/24 | 재적재  3 | 중계율 0.29 | alpha 0.773 | complete
Ep 822 | 드론3 목적지72 | 1000스텝 | 배송 55/72 | 재적재  9 | 중계율 0.35 | alpha 0.758 | step_limit
Ep 823 | 드론3 목적지26 |  585스텝 | 배송 26/26 | 재적재  4 | 중계율 0.29 | alpha 0.754 | complete
Ep 824 | 드론3 목적지54 |  905스텝 | 배송 54/54 | 재적재 10 | 중계율 0.22 | alpha 0.754 | complete
Ep 825 | 드론3 목적지37 |  704스텝 | 배송 37/37 | 재적재  7 | 중계율 0.22 | alpha 0.752 | complete
Ep 826 | 드론3 목적지78 | 1000스텝 | 배송 65/78 | 재적재 13 | 중계율 0.28 | alpha 0.760 | step_limit
Ep 827 | 드론3 목적지74 | 1000스텝 | 배송 64/74 | 재적재 11 | 중계율 0.27 | alpha 0.771 | step_limit
Ep 828 | 드론4 목적지35 |  708스텝 | 배송 35/35 | 재적재  6 | 중계율 0.28 | alpha 0.758 | complete
Ep 829 | 드론3 목적지26 |  521스텝 | 배송 26/26 | 재적재  4 | 중계율 0.27 | alpha 0.751 | complete
Ep 830 | 드론4 목적지78 |  946스텝 | 배송 78/78 | 재적재 14 | 중계율 0.26 | alpha 0.743 | complete
Ep 831 | 드론3 목적지48 |  992스텝 | 배송 48/48 | 재적재  9 | 중계율 0.24 | alpha 0.742 | complete
Ep 832 | 드론3 목적지25 |  529스텝 | 배송 25/25 | 재적재  3 | 중계율 0.14 | alpha 0.746 | complete
Ep 833 | 드론3 목적지78 | 1000스텝 | 배송 69/78 | 재적재 12 | 중계율 0.27 | alpha 0.739 | step_limit
Ep 834 | 드론3 목적지34 |  768스텝 | 배송 34/34 | 재적재  6 | 중계율 0.36 | alpha 0.738 | complete
Ep 835 | 드론3 목적지72 | 1000스텝 | 배송 56/72 | 재적재 11 | 중계율 0.29 | alpha 0.728 | step_limit
Ep 836 | 드론4 목적지26 |  320스텝 | 배송 26/26 | 재적재  4 | 중계율 0.14 | alpha 0.728 | complete
Ep 837 | 드론3 목적지80 | 1000스텝 | 배송 66/80 | 재적재 13 | 중계율 0.22 | alpha 0.722 | step_limit
Ep 838 | 드론3 목적지48 |  745스텝 | 배송 48/48 | 재적재  8 | 중계율 0.28 | alpha 0.727 | complete
Ep 839 | 드론3 목적지72 | 1000스텝 | 배송 60/72 | 재적재 10 | 중계율 0.30 | alpha 0.736 | step_limit
Ep 840 | 드론3 목적지57 | 1000스텝 | 배송 55/57 | 재적재  9 | 중계율 0.27 | alpha 0.747 | step_limit
Ep 841 | 드론3 목적지40 |  694스텝 | 배송 40/40 | 재적재  7 | 중계율 0.23 | alpha 0.756 | complete
Ep 842 | 드론3 목적지66 |  870스텝 | 배송 66/66 | 재적재 12 | 중계율 0.20 | alpha 0.757 | complete
Ep 843 | 드론3 목적지77 | 1000스텝 | 배송 60/77 | 재적재 11 | 중계율 0.23 | alpha 0.756 | step_limit
Ep 844 | 드론3 목적지70 | 1000스텝 | 배송 60/70 | 재적재 11 | 중계율 0.25 | alpha 0.753 | step_limit
Ep 845 | 드론4 목적지53 |  487스텝 | 배송 53/53 | 재적재  7 | 중계율 0.14 | alpha 0.750 | complete
Ep 846 | 드론3 목적지54 | 1000스텝 | 배송 47/54 | 재적재  8 | 중계율 0.34 | alpha 0.756 | step_limit
Ep 847 | 드론3 목적지43 |  830스텝 | 배송 43/43 | 재적재  7 | 중계율 0.28 | alpha 0.757 | complete
Ep 848 | 드론3 목적지63 | 1000스텝 | 배송 60/63 | 재적재 10 | 중계율 0.30 | alpha 0.773 | step_limit
Ep 849 | 드론3 목적지65 | 1000스텝 | 배송 61/65 | 재적재 11 | 중계율 0.29 | alpha 0.789 | step_limit
Ep 850 | 드론3 목적지32 |  588스텝 | 배송 32/32 | 재적재  5 | 중계율 0.21 | alpha 0.795 | complete
  [홀드아웃] 배송 50.0±0.0 완주 1.00 스텝 871 점수 128.4 재적재 8.2 2홉+ 0.60 | 최고 128.4@ep400 정체 9/15
Ep 851 | 드론4 목적지66 | 1000스텝 | 배송 60/66 | 재적재 10 | 중계율 0.32 | alpha 0.799 | step_limit
Ep 852 | 드론3 목적지22 |  493스텝 | 배송 22/22 | 재적재  3 | 중계율 0.27 | alpha 0.801 | complete
Ep 853 | 드론4 목적지58 |  667스텝 | 배송 58/58 | 재적재 11 | 중계율 0.15 | alpha 0.800 | complete
Ep 854 | 드론4 목적지57 |  921스텝 | 배송 57/57 | 재적재 11 | 중계율 0.31 | alpha 0.800 | complete
Ep 855 | 드론3 목적지47 |  773스텝 | 배송 47/47 | 재적재  9 | 중계율 0.27 | alpha 0.794 | complete
Ep 856 | 드론3 목적지64 |  942스텝 | 배송 64/64 | 재적재 12 | 중계율 0.22 | alpha 0.801 | complete
Ep 857 | 드론3 목적지26 |  737스텝 | 배송 26/26 | 재적재  4 | 중계율 0.27 | alpha 0.809 | complete
Ep 858 | 드론3 목적지70 | 1000스텝 | 배송 55/70 | 재적재  9 | 중계율 0.25 | alpha 0.815 | step_limit
Ep 859 | 드론3 목적지60 |  986스텝 | 배송 60/60 | 재적재  9 | 중계율 0.24 | alpha 0.819 | complete
Ep 860 | 드론3 목적지71 | 1000스텝 | 배송 63/71 | 재적재 11 | 중계율 0.20 | alpha 0.822 | step_limit
Ep 861 | 드론3 목적지22 |  546스텝 | 배송 22/22 | 재적재  3 | 중계율 0.32 | alpha 0.820 | complete
Ep 862 | 드론3 목적지55 |  901스텝 | 배송 55/55 | 재적재  9 | 중계율 0.16 | alpha 0.830 | complete
Ep 863 | 드론3 목적지34 |  480스텝 | 배송 34/34 | 재적재  6 | 중계율 0.19 | alpha 0.835 | complete
Ep 864 | 드론3 목적지47 |  771스텝 | 배송 47/47 | 재적재  8 | 중계율 0.26 | alpha 0.841 | complete
Ep 865 | 드론3 목적지44 |  945스텝 | 배송 44/44 | 재적재  7 | 중계율 0.36 | alpha 0.849 | complete
Ep 866 | 드론4 목적지31 |  358스텝 | 배송 31/31 | 재적재  4 | 중계율 0.12 | alpha 0.850 | complete
Ep 867 | 드론4 목적지59 |  800스텝 | 배송 59/59 | 재적재 10 | 중계율 0.20 | alpha 0.842 | complete
Ep 868 | 드론3 목적지33 |  673스텝 | 배송 33/33 | 재적재  5 | 중계율 0.32 | alpha 0.852 | complete
Ep 869 | 드론3 목적지66 | 1000스텝 | 배송 60/66 | 재적재 12 | 중계율 0.24 | alpha 0.849 | step_limit
Ep 870 | 드론3 목적지71 | 1000스텝 | 배송 60/71 | 재적재 10 | 중계율 0.33 | alpha 0.853 | step_limit
Ep 871 | 드론4 목적지80 |  930스텝 | 배송 80/80 | 재적재 14 | 중계율 0.24 | alpha 0.859 | complete
Ep 872 | 드론4 목적지21 |  448스텝 | 배송 21/21 | 재적재  2 | 중계율 0.41 | alpha 0.857 | complete
Ep 873 | 드론3 목적지24 |  536스텝 | 배송 24/24 | 재적재  4 | 중계율 0.33 | alpha 0.854 | complete
Ep 874 | 드론3 목적지46 |  912스텝 | 배송 46/46 | 재적재  8 | 중계율 0.31 | alpha 0.839 | complete
Ep 875 | 드론3 목적지46 |  901스텝 | 배송 46/46 | 재적재  8 | 중계율 0.32 | alpha 0.824 | complete
Ep 876 | 드론3 목적지68 | 1000스텝 | 배송 67/68 | 재적재 13 | 중계율 0.17 | alpha 0.820 | step_limit
Ep 877 | 드론4 목적지65 |  736스텝 | 배송 65/65 | 재적재 12 | 중계율 0.22 | alpha 0.816 | complete
Ep 878 | 드론3 목적지53 | 1000스텝 | 배송 45/53 | 재적재  9 | 중계율 0.30 | alpha 0.812 | step_limit
Ep 879 | 드론3 목적지21 |  314스텝 | 배송 21/21 | 재적재  2 | 중계율 0.16 | alpha 0.810 | complete
Ep 880 | 드론3 목적지61 |  865스텝 | 배송 61/61 | 재적재 12 | 중계율 0.20 | alpha 0.800 | complete
Ep 881 | 드론3 목적지22 |  483스텝 | 배송 22/22 | 재적재  3 | 중계율 0.28 | alpha 0.801 | complete
Ep 882 | 드론3 목적지66 | 1000스텝 | 배송 57/66 | 재적재 11 | 중계율 0.37 | alpha 0.792 | step_limit
Ep 883 | 드론4 목적지45 |  805스텝 | 배송 45/45 | 재적재  8 | 중계율 0.34 | alpha 0.779 | complete
Ep 884 | 드론4 목적지45 |  801스텝 | 배송 45/45 | 재적재  6 | 중계율 0.33 | alpha 0.768 | complete
Ep 885 | 드론3 목적지33 | 1000스텝 | 배송 30/33 | 재적재  5 | 중계율 0.26 | alpha 0.759 | step_limit
Ep 886 | 드론3 목적지42 |  694스텝 | 배송 42/42 | 재적재  6 | 중계율 0.22 | alpha 0.744 | complete
Ep 887 | 드론3 목적지61 | 1000스텝 | 배송 60/61 | 재적재 11 | 중계율 0.28 | alpha 0.740 | step_limit
Ep 888 | 드론4 목적지24 |  307스텝 | 배송 24/24 | 재적재  4 | 중계율 0.22 | alpha 0.735 | complete
Ep 889 | 드론4 목적지50 |  641스텝 | 배송 50/50 | 재적재  9 | 중계율 0.20 | alpha 0.740 | complete
Ep 890 | 드론3 목적지55 |  999스텝 | 배송 55/55 | 재적재 10 | 중계율 0.22 | alpha 0.738 | complete
Ep 891 | 드론3 목적지67 | 1000스텝 | 배송 63/67 | 재적재 12 | 중계율 0.18 | alpha 0.729 | step_limit
Ep 892 | 드론4 목적지57 | 1000스텝 | 배송 56/57 | 재적재  9 | 중계율 0.33 | alpha 0.724 | step_limit
Ep 893 | 드론3 목적지38 | 1000스텝 | 배송 37/38 | 재적재  7 | 중계율 0.33 | alpha 0.724 | step_limit
Ep 894 | 드론3 목적지44 |  909스텝 | 배송 44/44 | 재적재  8 | 중계율 0.29 | alpha 0.722 | complete
Ep 895 | 드론3 목적지79 | 1000스텝 | 배송 64/79 | 재적재 12 | 중계율 0.30 | alpha 0.711 | step_limit
Ep 896 | 드론3 목적지80 | 1000스텝 | 배송 51/80 | 재적재  9 | 중계율 0.20 | alpha 0.708 | step_limit
Ep 897 | 드론3 목적지74 | 1000스텝 | 배송 70/74 | 재적재 12 | 중계율 0.21 | alpha 0.697 | step_limit
Ep 898 | 드론3 목적지20 |  325스텝 | 배송 20/20 | 재적재  2 | 중계율 0.31 | alpha 0.695 | complete
Ep 899 | 드론3 목적지73 | 1000스텝 | 배송 70/73 | 재적재 12 | 중계율 0.24 | alpha 0.689 | step_limit
Ep 900 | 드론3 목적지40 |  616스텝 | 배송 40/40 | 재적재  6 | 중계율 0.17 | alpha 0.691 | complete
  [홀드아웃] 배송 49.9±0.5 완주 0.97 스텝 900 점수 125.5 재적재 7.9 2홉+ 0.61 | 최고 128.4@ep400 정체 10/15
Ep 901 | 드론3 목적지29 |  867스텝 | 배송 25/29 | 재적재  4 | 중계율 0.22 | alpha 0.687 | no_progress
Ep 902 | 드론3 목적지27 |  431스텝 | 배송 27/27 | 재적재  5 | 중계율 0.19 | alpha 0.690 | complete
Ep 903 | 드론3 목적지59 | 1000스텝 | 배송 56/59 | 재적재 10 | 중계율 0.30 | alpha 0.701 | step_limit
Ep 904 | 드론3 목적지74 | 1000스텝 | 배송 64/74 | 재적재 12 | 중계율 0.19 | alpha 0.707 | step_limit
Ep 905 | 드론4 목적지21 |  325스텝 | 배송 21/21 | 재적재  2 | 중계율 0.28 | alpha 0.709 | complete
Ep 906 | 드론3 목적지68 | 1000스텝 | 배송 61/68 | 재적재 12 | 중계율 0.28 | alpha 0.707 | step_limit
Ep 907 | 드론3 목적지60 |  940스텝 | 배송 60/60 | 재적재 11 | 중계율 0.27 | alpha 0.719 | complete
Ep 908 | 드론3 목적지57 |  947스텝 | 배송 57/57 | 재적재 10 | 중계율 0.32 | alpha 0.728 | complete
Ep 909 | 드론4 목적지47 |  836스텝 | 배송 47/47 | 재적재  8 | 중계율 0.30 | alpha 0.736 | complete
Ep 910 | 드론3 목적지69 | 1000스텝 | 배송 59/69 | 재적재 10 | 중계율 0.36 | alpha 0.749 | step_limit
Ep 911 | 드론3 목적지33 |  587스텝 | 배송 33/33 | 재적재  5 | 중계율 0.22 | alpha 0.763 | complete
Ep 912 | 드론4 목적지68 | 1000스텝 | 배송 62/68 | 재적재 10 | 중계율 0.28 | alpha 0.779 | step_limit
Ep 913 | 드론3 목적지65 | 1000스텝 | 배송 56/65 | 재적재 10 | 중계율 0.27 | alpha 0.797 | step_limit
Ep 914 | 드론3 목적지50 |  932스텝 | 배송 50/50 | 재적재  9 | 중계율 0.28 | alpha 0.811 | complete
Ep 915 | 드론3 목적지63 | 1000스텝 | 배송 61/63 | 재적재 11 | 중계율 0.23 | alpha 0.838 | step_limit
Ep 916 | 드론3 목적지46 |  737스텝 | 배송 46/46 | 재적재  8 | 중계율 0.24 | alpha 0.839 | complete
Ep 917 | 드론4 목적지40 |  588스텝 | 배송 40/40 | 재적재  6 | 중계율 0.29 | alpha 0.850 | complete
Ep 918 | 드론3 목적지53 |  775스텝 | 배송 53/53 | 재적재  9 | 중계율 0.25 | alpha 0.852 | complete
Ep 919 | 드론4 목적지46 |  556스텝 | 배송 46/46 | 재적재  7 | 중계율 0.16 | alpha 0.856 | complete
Ep 920 | 드론3 목적지75 | 1000스텝 | 배송 62/75 | 재적재 11 | 중계율 0.19 | alpha 0.879 | step_limit
Ep 921 | 드론3 목적지52 | 1000스텝 | 배송 51/52 | 재적재 10 | 중계율 0.28 | alpha 0.892 | step_limit
Ep 922 | 드론3 목적지36 |  672스텝 | 배송 36/36 | 재적재  7 | 중계율 0.26 | alpha 0.897 | complete
Ep 923 | 드론3 목적지49 |  716스텝 | 배송 49/49 | 재적재  8 | 중계율 0.23 | alpha 0.901 | complete
Ep 924 | 드론3 목적지67 |  966스텝 | 배송 67/67 | 재적재 12 | 중계율 0.20 | alpha 0.919 | complete
Ep 925 | 드론3 목적지38 |  902스텝 | 배송 38/38 | 재적재  7 | 중계율 0.33 | alpha 0.925 | complete
Ep 926 | 드론3 목적지65 | 1000스텝 | 배송 59/65 | 재적재 11 | 중계율 0.28 | alpha 0.928 | step_limit
Ep 927 | 드론4 목적지53 |  961스텝 | 배송 53/53 | 재적재  8 | 중계율 0.32 | alpha 0.931 | complete
Ep 928 | 드론4 목적지70 | 1000스텝 | 배송 69/70 | 재적재 12 | 중계율 0.29 | alpha 0.923 | step_limit
Ep 929 | 드론3 목적지40 |  945스텝 | 배송 40/40 | 재적재  7 | 중계율 0.38 | alpha 0.928 | complete
Ep 930 | 드론3 목적지53 | 1000스텝 | 배송 48/53 | 재적재  9 | 중계율 0.30 | alpha 0.909 | step_limit
Ep 931 | 드론4 목적지33 |  513스텝 | 배송 33/33 | 재적재  5 | 중계율 0.23 | alpha 0.899 | complete
Ep 932 | 드론4 목적지39 |  536스텝 | 배송 39/39 | 재적재  7 | 중계율 0.22 | alpha 0.898 | complete
Ep 933 | 드론4 목적지36 |  644스텝 | 배송 36/36 | 재적재  6 | 중계율 0.32 | alpha 0.892 | complete
Ep 934 | 드론3 목적지29 |  455스텝 | 배송 29/29 | 재적재  5 | 중계율 0.18 | alpha 0.895 | complete
Ep 935 | 드론3 목적지50 |  941스텝 | 배송 50/50 | 재적재  9 | 중계율 0.31 | alpha 0.884 | complete
Ep 936 | 드론3 목적지56 | 1000스텝 | 배송 53/56 | 재적재 10 | 중계율 0.22 | alpha 0.870 | step_limit
Ep 937 | 드론3 목적지40 |  732스텝 | 배송 40/40 | 재적재  7 | 중계율 0.22 | alpha 0.859 | complete
Ep 938 | 드론3 목적지41 |  742스텝 | 배송 41/41 | 재적재  7 | 중계율 0.28 | alpha 0.866 | complete
Ep 939 | 드론3 목적지79 | 1000스텝 | 배송 66/79 | 재적재 13 | 중계율 0.25 | alpha 0.881 | step_limit
Ep 940 | 드론4 목적지61 |  895스텝 | 배송 61/61 | 재적재 11 | 중계율 0.29 | alpha 0.877 | complete
Ep 941 | 드론3 목적지60 |  821스텝 | 배송 60/60 | 재적재 11 | 중계율 0.16 | alpha 0.881 | complete
Ep 942 | 드론3 목적지67 | 1000스텝 | 배송 61/67 | 재적재 10 | 중계율 0.26 | alpha 0.888 | step_limit
Ep 943 | 드론3 목적지34 |  971스텝 | 배송 34/34 | 재적재  6 | 중계율 0.35 | alpha 0.884 | complete
Ep 944 | 드론3 목적지39 |  880스텝 | 배송 39/39 | 재적재  7 | 중계율 0.34 | alpha 0.875 | complete
Ep 945 | 드론3 목적지20 |  431스텝 | 배송 20/20 | 재적재  3 | 중계율 0.30 | alpha 0.869 | complete
Ep 946 | 드론3 목적지74 | 1000스텝 | 배송 66/74 | 재적재 12 | 중계율 0.25 | alpha 0.850 | step_limit
Ep 947 | 드론3 목적지79 | 1000스텝 | 배송 70/79 | 재적재 11 | 중계율 0.23 | alpha 0.843 | step_limit
Ep 948 | 드론4 목적지31 |  371스텝 | 배송 31/31 | 재적재  4 | 중계율 0.13 | alpha 0.836 | complete
Ep 949 | 드론3 목적지80 | 1000스텝 | 배송 70/80 | 재적재 13 | 중계율 0.20 | alpha 0.845 | step_limit
Ep 950 | 드론3 목적지28 |  669스텝 | 배송 28/28 | 재적재  4 | 중계율 0.40 | alpha 0.836 | complete
  [홀드아웃] 배송 50.0±0.1 완주 0.99 스텝 874 점수 127.1 재적재 7.9 2홉+ 0.61 | 최고 128.4@ep400 정체 11/15
Ep 951 | 드론3 목적지39 |  646스텝 | 배송 39/39 | 재적재  6 | 중계율 0.22 | alpha 0.840 | complete
Ep 952 | 드론4 목적지28 |  457스텝 | 배송 28/28 | 재적재  4 | 중계율 0.33 | alpha 0.846 | complete
Ep 953 | 드론3 목적지30 |  732스텝 | 배송 30/30 | 재적재  4 | 중계율 0.26 | alpha 0.847 | complete
Ep 954 | 드론3 목적지20 |  407스텝 | 배송 20/20 | 재적재  2 | 중계율 0.33 | alpha 0.848 | complete
Ep 955 | 드론3 목적지56 |  974스텝 | 배송 56/56 | 재적재  9 | 중계율 0.27 | alpha 0.848 | complete
Ep 956 | 드론3 목적지32 | 1000스텝 | 배송 31/32 | 재적재  5 | 중계율 0.33 | alpha 0.861 | step_limit
Ep 957 | 드론4 목적지62 |  990스텝 | 배송 62/62 | 재적재 10 | 중계율 0.30 | alpha 0.867 | complete
Ep 958 | 드론4 목적지56 |  638스텝 | 배송 56/56 | 재적재 10 | 중계율 0.13 | alpha 0.861 | complete
Ep 959 | 드론3 목적지70 | 1000스텝 | 배송 55/70 | 재적재 10 | 중계율 0.16 | alpha 0.875 | step_limit
Ep 960 | 드론3 목적지31 |  734스텝 | 배송 31/31 | 재적재  5 | 중계율 0.25 | alpha 0.885 | complete
Ep 961 | 드론3 목적지75 | 1000스텝 | 배송 68/75 | 재적재 13 | 중계율 0.25 | alpha 0.903 | step_limit
Ep 962 | 드론3 목적지23 |  418스텝 | 배송 23/23 | 재적재  3 | 중계율 0.19 | alpha 0.907 | complete
Ep 963 | 드론3 목적지25 |  913스텝 | 배송 25/25 | 재적재  4 | 중계율 0.42 | alpha 0.906 | complete
Ep 964 | 드론4 목적지49 |  768스텝 | 배송 49/49 | 재적재  8 | 중계율 0.29 | alpha 0.915 | complete
Ep 965 | 드론3 목적지78 | 1000스텝 | 배송 50/78 | 재적재  9 | 중계율 0.33 | alpha 0.927 | step_limit
Ep 966 | 드론3 목적지77 | 1000스텝 | 배송 52/77 | 재적재  9 | 중계율 0.17 | alpha 0.928 | step_limit
Ep 967 | 드론3 목적지36 | 1000스텝 | 배송 35/36 | 재적재  6 | 중계율 0.36 | alpha 0.930 | step_limit
Ep 968 | 드론4 목적지34 |  543스텝 | 배송 34/34 | 재적재  5 | 중계율 0.26 | alpha 0.922 | complete
Ep 969 | 드론3 목적지77 | 1000스텝 | 배송 64/77 | 재적재 10 | 중계율 0.27 | alpha 0.908 | step_limit
Ep 970 | 드론4 목적지79 | 1000스텝 | 배송 68/79 | 재적재 13 | 중계율 0.24 | alpha 0.914 | step_limit
Ep 971 | 드론3 목적지60 | 1000스텝 | 배송 57/60 | 재적재 10 | 중계율 0.28 | alpha 0.899 | step_limit
Ep 972 | 드론3 목적지50 |  860스텝 | 배송 50/50 | 재적재  8 | 중계율 0.23 | alpha 0.906 | complete
Ep 973 | 드론4 목적지75 |  809스텝 | 배송 75/75 | 재적재 14 | 중계율 0.19 | alpha 0.919 | complete
Ep 974 | 드론3 목적지62 |  924스텝 | 배송 62/62 | 재적재 11 | 중계율 0.28 | alpha 0.935 | complete
Ep 975 | 드론3 목적지21 |  472스텝 | 배송 21/21 | 재적재  3 | 중계율 0.19 | alpha 0.936 | complete
Ep 976 | 드론3 목적지43 |  749스텝 | 배송 43/43 | 재적재  7 | 중계율 0.18 | alpha 0.939 | complete
Ep 977 | 드론4 목적지61 |  959스텝 | 배송 61/61 | 재적재 12 | 중계율 0.31 | alpha 0.933 | complete
Ep 978 | 드론3 목적지67 | 1000스텝 | 배송 65/67 | 재적재 10 | 중계율 0.23 | alpha 0.955 | step_limit
Ep 979 | 드론3 목적지69 | 1000스텝 | 배송 56/69 | 재적재  9 | 중계율 0.32 | alpha 0.962 | step_limit
Ep 980 | 드론4 목적지52 |  929스텝 | 배송 52/52 | 재적재 10 | 중계율 0.28 | alpha 0.967 | complete
Ep 981 | 드론3 목적지60 | 1000스텝 | 배송 54/60 | 재적재 10 | 중계율 0.30 | alpha 0.978 | step_limit
Ep 982 | 드론4 목적지75 |  775스텝 | 배송 75/75 | 재적재 13 | 중계율 0.19 | alpha 0.988 | complete
Ep 983 | 드론4 목적지20 |  406스텝 | 배송 20/20 | 재적재  2 | 중계율 0.28 | alpha 0.990 | complete
Ep 984 | 드론3 목적지59 | 1000스텝 | 배송 57/59 | 재적재 11 | 중계율 0.29 | alpha 0.986 | step_limit
Ep 985 | 드론4 목적지69 |  775스텝 | 배송 69/69 | 재적재 13 | 중계율 0.20 | alpha 0.983 | complete
Ep 986 | 드론4 목적지71 | 1000스텝 | 배송 70/71 | 재적재 11 | 중계율 0.31 | alpha 0.975 | step_limit
Ep 987 | 드론3 목적지66 | 1000스텝 | 배송 55/66 | 재적재  9 | 중계율 0.34 | alpha 0.961 | step_limit
Ep 988 | 드론4 목적지39 |  754스텝 | 배송 39/39 | 재적재  7 | 중계율 0.29 | alpha 0.964 | complete
Ep 989 | 드론3 목적지44 | 1000스텝 | 배송 43/44 | 재적재  7 | 중계율 0.29 | alpha 0.949 | step_limit
Ep 990 | 드론3 목적지57 | 1000스텝 | 배송 54/57 | 재적재  9 | 중계율 0.25 | alpha 0.945 | step_limit
Ep 991 | 드론3 목적지78 | 1000스텝 | 배송 63/78 | 재적재 12 | 중계율 0.22 | alpha 0.941 | step_limit
Ep 992 | 드론3 목적지78 | 1000스텝 | 배송 74/78 | 재적재 12 | 중계율 0.20 | alpha 0.926 | step_limit
Ep 993 | 드론3 목적지52 |  871스텝 | 배송 52/52 | 재적재  9 | 중계율 0.20 | alpha 0.919 | complete
Ep 994 | 드론3 목적지47 |  710스텝 | 배송 47/47 | 재적재  8 | 중계율 0.27 | alpha 0.906 | complete
Ep 995 | 드론3 목적지21 |  518스텝 | 배송 21/21 | 재적재  3 | 중계율 0.27 | alpha 0.902 | complete
Ep 996 | 드론4 목적지25 |  425스텝 | 배송 25/25 | 재적재  4 | 중계율 0.34 | alpha 0.893 | complete
Ep 997 | 드론3 목적지65 | 1000스텝 | 배송 59/65 | 재적재  9 | 중계율 0.33 | alpha 0.885 | step_limit
Ep 998 | 드론3 목적지77 | 1000스텝 | 배송 64/77 | 재적재 12 | 중계율 0.26 | alpha 0.881 | step_limit
Ep 999 | 드론3 목적지21 |  546스텝 | 배송 21/21 | 재적재  3 | 중계율 0.36 | alpha 0.877 | complete
Ep 1000 | 드론3 목적지34 |  626스텝 | 배송 34/34 | 재적재  6 | 중계율 0.40 | alpha 0.879 | complete
  [홀드아웃] 배송 49.5±2.2 완주 0.95 스텝 895 점수 123.1 재적재 7.8 2홉+ 0.61 | 최고 128.4@ep400 정체 12/15
Ep 1001 | 드론4 목적지62 |  694스텝 | 배송 62/62 | 재적재 11 | 중계율 0.22 | alpha 0.879 | complete
Ep 1002 | 드론3 목적지31 |  608스텝 | 배송 31/31 | 재적재  5 | 중계율 0.25 | alpha 0.882 | complete
Ep 1003 | 드론4 목적지37 |  662스텝 | 배송 37/37 | 재적재  6 | 중계율 0.34 | alpha 0.895 | complete
Ep 1004 | 드론3 목적지63 |  938스텝 | 배송 63/63 | 재적재 11 | 중계율 0.24 | alpha 0.910 | complete
Ep 1005 | 드론3 목적지77 | 1000스텝 | 배송 65/77 | 재적재 11 | 중계율 0.27 | alpha 0.918 | step_limit
Ep 1006 | 드론3 목적지35 |  523스텝 | 배송 35/35 | 재적재  5 | 중계율 0.19 | alpha 0.919 | complete
Ep 1007 | 드론3 목적지63 | 1000스텝 | 배송 58/63 | 재적재 10 | 중계율 0.32 | alpha 0.927 | step_limit
Ep 1008 | 드론3 목적지48 |  888스텝 | 배송 48/48 | 재적재  9 | 중계율 0.24 | alpha 0.939 | complete
Ep 1009 | 드론3 목적지44 |  980스텝 | 배송 44/44 | 재적재  7 | 중계율 0.33 | alpha 0.958 | complete
Ep 1010 | 드론3 목적지49 |  855스텝 | 배송 49/49 | 재적재  8 | 중계율 0.20 | alpha 0.970 | complete
Ep 1011 | 드론3 목적지25 |  470스텝 | 배송 25/25 | 재적재  3 | 중계율 0.21 | alpha 0.969 | complete
Ep 1012 | 드론3 목적지78 | 1000스텝 | 배송 66/78 | 재적재 12 | 중계율 0.22 | alpha 0.981 | step_limit
Ep 1013 | 드론4 목적지47 |  555스텝 | 배송 47/47 | 재적재  8 | 중계율 0.19 | alpha 0.975 | complete
Ep 1014 | 드론3 목적지30 |  732스텝 | 배송 30/30 | 재적재  5 | 중계율 0.29 | alpha 0.966 | complete
Ep 1015 | 드론3 목적지33 |  651스텝 | 배송 33/33 | 재적재  5 | 중계율 0.29 | alpha 0.960 | complete
Ep 1016 | 드론3 목적지42 |  754스텝 | 배송 42/42 | 재적재  7 | 중계율 0.20 | alpha 0.961 | complete
Ep 1017 | 드론4 목적지76 | 1000스텝 | 배송 66/76 | 재적재 12 | 중계율 0.30 | alpha 0.957 | step_limit
Ep 1018 | 드론3 목적지58 |  956스텝 | 배송 58/58 | 재적재 10 | 중계율 0.28 | alpha 0.964 | complete
Ep 1019 | 드론3 목적지27 |  566스텝 | 배송 27/27 | 재적재  4 | 중계율 0.28 | alpha 0.961 | complete
Ep 1020 | 드론3 목적지22 |  541스텝 | 배송 22/22 | 재적재  3 | 중계율 0.27 | alpha 0.969 | complete
Ep 1021 | 드론3 목적지58 |  853스텝 | 배송 58/58 | 재적재 10 | 중계율 0.17 | alpha 0.962 | complete
Ep 1022 | 드론3 목적지67 | 1000스텝 | 배송 59/67 | 재적재 11 | 중계율 0.30 | alpha 0.943 | step_limit
Ep 1023 | 드론3 목적지73 | 1000스텝 | 배송 63/73 | 재적재 11 | 중계율 0.31 | alpha 0.931 | step_limit
Ep 1024 | 드론3 목적지39 |  768스텝 | 배송 39/39 | 재적재  7 | 중계율 0.29 | alpha 0.918 | complete
Ep 1025 | 드론3 목적지52 |  888스텝 | 배송 52/52 | 재적재  9 | 중계율 0.20 | alpha 0.912 | complete
Ep 1026 | 드론4 목적지47 |  684스텝 | 배송 47/47 | 재적재  9 | 중계율 0.27 | alpha 0.913 | complete
Ep 1027 | 드론4 목적지42 |  506스텝 | 배송 42/42 | 재적재  7 | 중계율 0.17 | alpha 0.907 | complete
Ep 1028 | 드론3 목적지80 | 1000스텝 | 배송 60/80 | 재적재 11 | 중계율 0.33 | alpha 0.910 | step_limit
Ep 1029 | 드론4 목적지55 |  929스텝 | 배송 55/55 | 재적재  9 | 중계율 0.32 | alpha 0.915 | complete
Ep 1030 | 드론3 목적지78 | 1000스텝 | 배송 68/78 | 재적재 13 | 중계율 0.23 | alpha 0.920 | step_limit
Ep 1031 | 드론3 목적지45 |  911스텝 | 배송 45/45 | 재적재  7 | 중계율 0.34 | alpha 0.918 | complete
Ep 1032 | 드론4 목적지56 |  880스텝 | 배송 56/56 | 재적재  9 | 중계율 0.31 | alpha 0.917 | complete
Ep 1033 | 드론3 목적지33 |  752스텝 | 배송 33/33 | 재적재  6 | 중계율 0.27 | alpha 0.916 | complete
Ep 1034 | 드론3 목적지35 |  649스텝 | 배송 35/35 | 재적재  5 | 중계율 0.26 | alpha 0.911 | complete
Ep 1035 | 드론3 목적지67 |  936스텝 | 배송 67/67 | 재적재 11 | 중계율 0.20 | alpha 0.920 | complete
Ep 1036 | 드론3 목적지28 |  605스텝 | 배송 28/28 | 재적재  5 | 중계율 0.21 | alpha 0.926 | complete
Ep 1037 | 드론4 목적지35 |  627스텝 | 배송 35/35 | 재적재  4 | 중계율 0.32 | alpha 0.923 | complete
Ep 1038 | 드론4 목적지26 |  576스텝 | 배송 26/26 | 재적재  4 | 중계율 0.35 | alpha 0.922 | complete
Ep 1039 | 드론3 목적지30 |  706스텝 | 배송 30/30 | 재적재  4 | 중계율 0.22 | alpha 0.928 | complete
Ep 1040 | 드론3 목적지57 | 1000스텝 | 배송 55/57 | 재적재 10 | 중계율 0.39 | alpha 0.934 | step_limit
Ep 1041 | 드론3 목적지50 |  881스텝 | 배송 50/50 | 재적재  9 | 중계율 0.25 | alpha 0.926 | complete
Ep 1042 | 드론4 목적지71 |  976스텝 | 배송 71/71 | 재적재 13 | 중계율 0.18 | alpha 0.918 | complete
Ep 1043 | 드론4 목적지75 | 1000스텝 | 배송 60/75 | 재적재 10 | 중계율 0.32 | alpha 0.913 | step_limit
Ep 1044 | 드론3 목적지63 | 1000스텝 | 배송 60/63 | 재적재 11 | 중계율 0.29 | alpha 0.926 | step_limit
Ep 1045 | 드론4 목적지58 |  940스텝 | 배송 58/58 | 재적재 10 | 중계율 0.32 | alpha 0.926 | complete
Ep 1046 | 드론3 목적지46 |  916스텝 | 배송 46/46 | 재적재  8 | 중계율 0.28 | alpha 0.928 | complete
Ep 1047 | 드론3 목적지59 | 1000스텝 | 배송 50/59 | 재적재  7 | 중계율 0.32 | alpha 0.950 | step_limit
Ep 1048 | 드론3 목적지50 |  989스텝 | 배송 50/50 | 재적재  9 | 중계율 0.19 | alpha 0.955 | complete
Ep 1049 | 드론3 목적지25 |  464스텝 | 배송 25/25 | 재적재  4 | 중계율 0.23 | alpha 0.958 | complete
Ep 1050 | 드론3 목적지50 |  898스텝 | 배송 50/50 | 재적재  9 | 중계율 0.27 | alpha 0.971 | complete
  [홀드아웃] 배송 49.9±0.8 완주 0.95 스텝 902 점수 123.0 재적재 7.9 2홉+ 0.61 | 최고 128.4@ep400 정체 13/15
Ep 1051 | 드론4 목적지61 |  857스텝 | 배송 61/61 | 재적재 10 | 중계율 0.23 | alpha 0.968 | complete
Ep 1052 | 드론3 목적지42 |  869스텝 | 배송 42/42 | 재적재  7 | 중계율 0.29 | alpha 0.966 | complete
Ep 1053 | 드론3 목적지45 | 1000스텝 | 배송 43/45 | 재적재  7 | 중계율 0.25 | alpha 0.970 | step_limit
Ep 1054 | 드론3 목적지42 |  661스텝 | 배송 42/42 | 재적재  7 | 중계율 0.23 | alpha 0.979 | complete
Ep 1055 | 드론4 목적지80 | 1000스텝 | 배송 67/80 | 재적재 12 | 중계율 0.29 | alpha 1.002 | step_limit
Ep 1056 | 드론4 목적지61 | 1000스텝 | 배송 57/61 | 재적재  9 | 중계율 0.29 | alpha 1.007 | step_limit
Ep 1057 | 드론4 목적지38 |  904스텝 | 배송 38/38 | 재적재  6 | 중계율 0.39 | alpha 1.031 | complete
Ep 1058 | 드론4 목적지39 |  574스텝 | 배송 39/39 | 재적재  7 | 중계율 0.25 | alpha 1.033 | complete
Ep 1059 | 드론4 목적지25 |  461스텝 | 배송 25/25 | 재적재  3 | 중계율 0.32 | alpha 1.036 | complete
Ep 1060 | 드론4 목적지70 |  940스텝 | 배송 70/70 | 재적재 13 | 중계율 0.23 | alpha 1.044 | complete
Ep 1061 | 드론3 목적지21 |  430스텝 | 배송 21/21 | 재적재  4 | 중계율 0.32 | alpha 1.050 | complete
Ep 1062 | 드론4 목적지23 |  342스텝 | 배송 23/23 | 재적재  3 | 중계율 0.26 | alpha 1.051 | complete
Ep 1063 | 드론4 목적지58 |  754스텝 | 배송 58/58 | 재적재 10 | 중계율 0.24 | alpha 1.060 | complete
Ep 1064 | 드론4 목적지32 |  484스텝 | 배송 32/32 | 재적재  6 | 중계율 0.22 | alpha 1.056 | complete
Ep 1065 | 드론4 목적지49 |  618스텝 | 배송 49/49 | 재적재  8 | 중계율 0.22 | alpha 1.051 | complete
Ep 1066 | 드론3 목적지23 |  660스텝 | 배송 23/23 | 재적재  3 | 중계율 0.31 | alpha 1.055 | complete
Ep 1067 | 드론3 목적지74 | 1000스텝 | 배송 59/74 | 재적재 10 | 중계율 0.27 | alpha 1.066 | step_limit
Ep 1068 | 드론3 목적지23 |  497스텝 | 배송 23/23 | 재적재  2 | 중계율 0.38 | alpha 1.060 | complete
Ep 1069 | 드론3 목적지63 | 1000스텝 | 배송 60/63 | 재적재 10 | 중계율 0.26 | alpha 1.050 | step_limit
Ep 1070 | 드론3 목적지68 | 1000스텝 | 배송 65/68 | 재적재 11 | 중계율 0.25 | alpha 1.046 | step_limit
Ep 1071 | 드론4 목적지31 |  655스텝 | 배송 31/31 | 재적재  5 | 중계율 0.41 | alpha 1.056 | complete
Ep 1072 | 드론3 목적지48 |  919스텝 | 배송 48/48 | 재적재  9 | 중계율 0.34 | alpha 1.055 | complete
Ep 1073 | 드론4 목적지54 |  893스텝 | 배송 54/54 | 재적재  9 | 중계율 0.24 | alpha 1.054 | complete
Ep 1074 | 드론4 목적지72 | 1000스텝 | 배송 64/72 | 재적재 11 | 중계율 0.29 | alpha 1.056 | step_limit
Ep 1075 | 드론4 목적지42 |  787스텝 | 배송 42/42 | 재적재  7 | 중계율 0.24 | alpha 1.056 | complete
Ep 1076 | 드론3 목적지77 | 1000스텝 | 배송 62/77 | 재적재 12 | 중계율 0.27 | alpha 1.063 | step_limit
Ep 1077 | 드론3 목적지52 |  891스텝 | 배송 52/52 | 재적재  9 | 중계율 0.27 | alpha 1.060 | complete
Ep 1078 | 드론3 목적지73 | 1000스텝 | 배송 70/73 | 재적재 12 | 중계율 0.21 | alpha 1.060 | step_limit
Ep 1079 | 드론3 목적지72 | 1000스텝 | 배송 70/72 | 재적재 11 | 중계율 0.25 | alpha 1.061 | step_limit
Ep 1080 | 드론3 목적지31 |  580스텝 | 배송 31/31 | 재적재  5 | 중계율 0.25 | alpha 1.048 | complete
Ep 1081 | 드론3 목적지27 |  522스텝 | 배송 27/27 | 재적재  4 | 중계율 0.33 | alpha 1.020 | complete
Ep 1082 | 드론3 목적지21 |  486스텝 | 배송 21/21 | 재적재  2 | 중계율 0.19 | alpha 1.007 | complete
Ep 1083 | 드론3 목적지65 | 1000스텝 | 배송 56/65 | 재적재 10 | 중계율 0.27 | alpha 0.994 | step_limit
Ep 1084 | 드론3 목적지44 |  836스텝 | 배송 44/44 | 재적재  7 | 중계율 0.27 | alpha 0.987 | complete
Ep 1085 | 드론3 목적지75 | 1000스텝 | 배송 64/75 | 재적재 12 | 중계율 0.30 | alpha 0.965 | step_limit
Ep 1086 | 드론3 목적지28 |  469스텝 | 배송 28/28 | 재적재  3 | 중계율 0.22 | alpha 0.960 | complete
Ep 1087 | 드론3 목적지44 | 1000스텝 | 배송 42/44 | 재적재  7 | 중계율 0.34 | alpha 0.953 | step_limit
Ep 1088 | 드론3 목적지26 |  659스텝 | 배송 26/26 | 재적재  5 | 중계율 0.31 | alpha 0.958 | complete
Ep 1089 | 드론3 목적지58 | 1000스텝 | 배송 48/58 | 재적재  8 | 중계율 0.28 | alpha 0.950 | step_limit
Ep 1090 | 드론3 목적지28 |  466스텝 | 배송 28/28 | 재적재  3 | 중계율 0.18 | alpha 0.946 | complete
Ep 1091 | 드론3 목적지26 |  454스텝 | 배송 26/26 | 재적재  3 | 중계율 0.26 | alpha 0.940 | complete
Ep 1092 | 드론3 목적지36 |  739스텝 | 배송 36/36 | 재적재  6 | 중계율 0.28 | alpha 0.939 | complete
Ep 1093 | 드론3 목적지23 |  437스텝 | 배송 23/23 | 재적재  3 | 중계율 0.34 | alpha 0.935 | complete
Ep 1094 | 드론3 목적지65 | 1000스텝 | 배송 63/65 | 재적재 12 | 중계율 0.27 | alpha 0.939 | step_limit
Ep 1095 | 드론4 목적지73 | 1000스텝 | 배송 69/73 | 재적재 12 | 중계율 0.32 | alpha 0.946 | step_limit
Ep 1096 | 드론4 목적지44 |  726스텝 | 배송 44/44 | 재적재  7 | 중계율 0.34 | alpha 0.951 | complete
Ep 1097 | 드론3 목적지40 |  634스텝 | 배송 40/40 | 재적재  6 | 중계율 0.27 | alpha 0.953 | complete
Ep 1098 | 드론3 목적지22 |  558스텝 | 배송 22/22 | 재적재  4 | 중계율 0.28 | alpha 0.951 | complete
Ep 1099 | 드론3 목적지78 | 1000스텝 | 배송 68/78 | 재적재 11 | 중계율 0.24 | alpha 0.959 | step_limit
Ep 1100 | 드론4 목적지29 |  533스텝 | 배송 29/29 | 재적재  5 | 중계율 0.27 | alpha 0.962 | complete
  [홀드아웃] 배송 49.8±1.3 완주 0.97 스텝 919 점수 125.3 재적재 7.9 2홉+ 0.61 | 최고 128.4@ep400 정체 14/15
Ep 1101 | 드론3 목적지68 | 1000스텝 | 배송 65/68 | 재적재 11 | 중계율 0.20 | alpha 0.962 | step_limit
Ep 1102 | 드론3 목적지55 |  786스텝 | 배송 55/55 | 재적재  9 | 중계율 0.20 | alpha 0.966 | complete
Ep 1103 | 드론3 목적지56 | 1000스텝 | 배송 55/56 | 재적재 10 | 중계율 0.22 | alpha 0.973 | step_limit
Ep 1104 | 드론3 목적지31 |  655스텝 | 배송 31/31 | 재적재  5 | 중계율 0.32 | alpha 0.985 | complete
Ep 1105 | 드론4 목적지30 |  415스텝 | 배송 30/30 | 재적재  4 | 중계율 0.20 | alpha 0.987 | complete
Ep 1106 | 드론4 목적지57 |  883스텝 | 배송 57/57 | 재적재  9 | 중계율 0.31 | alpha 0.998 | complete
Ep 1107 | 드론3 목적지54 | 1000스텝 | 배송 53/54 | 재적재 10 | 중계율 0.30 | alpha 1.023 | step_limit
Ep 1108 | 드론3 목적지56 | 1000스텝 | 배송 53/56 | 재적재  9 | 중계율 0.16 | alpha 1.030 | step_limit
Ep 1109 | 드론3 목적지24 |  617스텝 | 배송 24/24 | 재적재  3 | 중계율 0.30 | alpha 1.033 | complete
Ep 1110 | 드론3 목적지39 |  978스텝 | 배송 39/39 | 재적재  6 | 중계율 0.35 | alpha 1.040 | complete
Ep 1111 | 드론4 목적지74 | 1000스텝 | 배송 71/74 | 재적재 13 | 중계율 0.28 | alpha 1.057 | step_limit
Ep 1112 | 드론3 목적지43 |  822스텝 | 배송 43/43 | 재적재  7 | 중계율 0.29 | alpha 1.059 | complete
Ep 1113 | 드론4 목적지69 |  946스텝 | 배송 69/69 | 재적재 12 | 중계율 0.29 | alpha 1.066 | complete
Ep 1114 | 드론3 목적지51 |  861스텝 | 배송 51/51 | 재적재  9 | 중계율 0.16 | alpha 1.068 | complete
Ep 1115 | 드론4 목적지25 |  385스텝 | 배송 25/25 | 재적재  4 | 중계율 0.31 | alpha 1.067 | complete
Ep 1116 | 드론3 목적지62 | 1000스텝 | 배송 55/62 | 재적재 10 | 중계율 0.30 | alpha 1.067 | step_limit
Ep 1117 | 드론3 목적지36 |  950스텝 | 배송 36/36 | 재적재  6 | 중계율 0.28 | alpha 1.048 | complete
Ep 1118 | 드론3 목적지74 |  993스텝 | 배송 74/74 | 재적재 14 | 중계율 0.25 | alpha 1.042 | complete
Ep 1119 | 드론3 목적지60 | 1000스텝 | 배송 54/60 | 재적재 10 | 중계율 0.35 | alpha 1.032 | step_limit
Ep 1120 | 드론3 목적지29 |  627스텝 | 배송 29/29 | 재적재  5 | 중계율 0.33 | alpha 1.034 | complete
Ep 1121 | 드론3 목적지39 |  774스텝 | 배송 39/39 | 재적재  6 | 중계율 0.32 | alpha 1.032 | complete
Ep 1122 | 드론4 목적지31 |  611스텝 | 배송 31/31 | 재적재  5 | 중계율 0.26 | alpha 1.023 | complete
Ep 1123 | 드론3 목적지63 | 1000스텝 | 배송 57/63 | 재적재 10 | 중계율 0.23 | alpha 1.016 | step_limit
Ep 1124 | 드론4 목적지57 | 1000스텝 | 배송 52/57 | 재적재  9 | 중계율 0.34 | alpha 0.997 | step_limit
Ep 1125 | 드론3 목적지50 |  956스텝 | 배송 50/50 | 재적재  9 | 중계율 0.31 | alpha 0.978 | complete
Ep 1126 | 드론4 목적지35 |  584스텝 | 배송 35/35 | 재적재  4 | 중계율 0.38 | alpha 0.973 | complete
Ep 1127 | 드론3 목적지23 |  604스텝 | 배송 23/23 | 재적재  4 | 중계율 0.27 | alpha 0.972 | complete
Ep 1128 | 드론3 목적지80 | 1000스텝 | 배송 62/80 | 재적재 12 | 중계율 0.30 | alpha 0.964 | step_limit
Ep 1129 | 드론3 목적지34 |  568스텝 | 배송 34/34 | 재적재  5 | 중계율 0.27 | alpha 0.957 | complete
Ep 1130 | 드론3 목적지41 |  830스텝 | 배송 41/41 | 재적재  6 | 중계율 0.28 | alpha 0.943 | complete
Ep 1131 | 드론3 목적지37 |  890스텝 | 배송 37/37 | 재적재  6 | 중계율 0.38 | alpha 0.944 | complete
Ep 1132 | 드론3 목적지21 |  387스텝 | 배송 21/21 | 재적재  3 | 중계율 0.19 | alpha 0.931 | complete
Ep 1133 | 드론3 목적지29 |  488스텝 | 배송 29/29 | 재적재  4 | 중계율 0.24 | alpha 0.926 | complete
Ep 1134 | 드론4 목적지54 | 1000스텝 | 배송 49/54 | 재적재  9 | 중계율 0.34 | alpha 0.926 | step_limit
Ep 1135 | 드론3 목적지39 |  744스텝 | 배송 39/39 | 재적재  6 | 중계율 0.18 | alpha 0.935 | complete
Ep 1136 | 드론4 목적지79 |  837스텝 | 배송 79/79 | 재적재 15 | 중계율 0.19 | alpha 0.944 | complete
Ep 1137 | 드론3 목적지76 | 1000스텝 | 배송 65/76 | 재적재 11 | 중계율 0.31 | alpha 0.940 | step_limit
Ep 1138 | 드론3 목적지26 |  592스텝 | 배송 26/26 | 재적재  4 | 중계율 0.38 | alpha 0.941 | complete
Ep 1139 | 드론3 목적지76 | 1000스텝 | 배송 60/76 | 재적재 12 | 중계율 0.23 | alpha 0.937 | step_limit
Ep 1140 | 드론3 목적지77 | 1000스텝 | 배송 65/77 | 재적재 12 | 중계율 0.27 | alpha 0.941 | step_limit
Ep 1141 | 드론4 목적지70 | 1000스텝 | 배송 65/70 | 재적재 11 | 중계율 0.26 | alpha 0.941 | step_limit
Ep 1142 | 드론4 목적지27 |  397스텝 | 배송 27/27 | 재적재  4 | 중계율 0.33 | alpha 0.935 | complete
Ep 1143 | 드론3 목적지48 | 1000스텝 | 배송 46/48 | 재적재  9 | 중계율 0.28 | alpha 0.951 | step_limit
Ep 1144 | 드론4 목적지78 | 1000스텝 | 배송 74/78 | 재적재 13 | 중계율 0.21 | alpha 0.966 | step_limit
Ep 1145 | 드론4 목적지75 | 1000스텝 | 배송 71/75 | 재적재 13 | 중계율 0.31 | alpha 0.969 | step_limit
Ep 1146 | 드론3 목적지40 |  561스텝 | 배송 40/40 | 재적재  7 | 중계율 0.21 | alpha 0.960 | complete
Ep 1147 | 드론3 목적지44 |  811스텝 | 배송 44/44 | 재적재  7 | 중계율 0.28 | alpha 0.961 | complete
Ep 1148 | 드론3 목적지52 |  990스텝 | 배송 52/52 | 재적재 10 | 중계율 0.24 | alpha 0.960 | complete
Ep 1149 | 드론3 목적지21 |  390스텝 | 배송 21/21 | 재적재  2 | 중계율 0.30 | alpha 0.973 | complete
Ep 1150 | 드론3 목적지37 |  637스텝 | 배송 37/37 | 재적재  6 | 중계율 0.25 | alpha 0.981 | complete
  [홀드아웃] 배송 49.8±0.9 완주 0.96 스텝 886 점수 124.4 재적재 8.0 2홉+ 0.61 | 최고 128.4@ep400 정체 15/15

조기 종료. 최고 128.4@ep400
Training finished. best=128.4 @ ep400
