/home/kopt/enter/envs/wsl_neuroMCTS/lib/python3.10/site-packages/pygame/pkgdata.py:25: UserWarning: pkg_resources is deprecated as an API. See https://setuptools.pypa.io/en/latest/pkg_resources.html. The pkg_resources package is slated for removal as early as 2025-11-30. Refrain from using this package or pin to Setuptools<81.
  from pkg_resources import resource_stream, resource_exists
pygame 2.6.1 (SDL 2.28.4, Python 3.10.19)
Hello from the pygame community. https://www.pygame.org/contribute.html
집합 상위 학습 | 반경 300 상한 1000 무배송 500 gamma 0.997 구성=무작위 드론[3, 4][3.0, 1.0] 목적지[20, 80] CC무작위 인스턴스=무작위 목표유지=off 완주보상=0.0 잔여페널티=0.1 규칙관측=False 규칙정규화=2.0 막힘페널티=0.0 도달권shaping=0.0 정체전환보상=0.0 엔트로피비=0.6->0.25@400 자기회귀=True 홀드아웃상한=3000 선택=makespan/속도가중치=40.0
/home/kopt/drone/proposed_src/pipeline/train_v5_26_09_15_23.py:354: UserWarning: Converting a tensor with requires_grad=True to a scalar may lead to unexpected behavior.
Consider using tensor.detach() first. (Triggered internally at /pytorch/torch/csrc/autograd/generated/python_variable_methods.cpp:836.)
  writer.add_scalar("train/alpha", float(log_alpha.exp()), ep)
Ep 1 | 드론3 목적지70 | 1000스텝 | 배송 48/70 | 재적재  8 | 중계율 0.17 | alpha 0.100 | step_limit
Ep 2 | 드론3 목적지66 | 1000스텝 | 배송 49/66 | 재적재  8 | 중계율 0.18 | alpha 0.100 | step_limit
Ep 3 | 드론3 목적지46 | 1000스텝 | 배송 36/46 | 재적재  6 | 중계율 0.13 | alpha 0.100 | step_limit
Ep 4 | 드론3 목적지25 | 1000스텝 | 배송 23/25 | 재적재  4 | 중계율 0.17 | alpha 0.100 | step_limit
Ep 5 | 드론3 목적지26 |  975스텝 | 배송 26/26 | 재적재  4 | 중계율 0.34 | alpha 0.102 | complete
Ep 6 | 드론3 목적지69 | 1000스텝 | 배송 63/69 | 재적재 10 | 중계율 0.31 | alpha 0.112 | step_limit
Ep 7 | 드론4 목적지44 |  702스텝 | 배송 44/44 | 재적재  6 | 중계율 0.28 | alpha 0.119 | complete
Ep 8 | 드론3 목적지79 | 1000스텝 | 배송 65/79 | 재적재 11 | 중계율 0.31 | alpha 0.129 | step_limit
Ep 9 | 드론3 목적지35 |  619스텝 | 배송 35/35 | 재적재  6 | 중계율 0.23 | alpha 0.135 | complete
Ep 10 | 드론3 목적지59 | 1000스텝 | 배송 50/59 | 재적재  8 | 중계율 0.25 | alpha 0.146 | step_limit
Ep 11 | 드론3 목적지63 |  944스텝 | 배송 63/63 | 재적재 10 | 중계율 0.22 | alpha 0.158 | complete
Ep 12 | 드론4 목적지46 | 1000스텝 | 배송 43/46 | 재적재  7 | 중계율 0.30 | alpha 0.170 | step_limit
Ep 13 | 드론4 목적지25 |  855스텝 | 배송 25/25 | 재적재  2 | 중계율 0.45 | alpha 0.182 | complete
Ep 14 | 드론3 목적지54 | 1000스텝 | 배송 49/54 | 재적재  8 | 중계율 0.34 | alpha 0.195 | step_limit
Ep 15 | 드론3 목적지66 | 1000스텝 | 배송 55/66 | 재적재  9 | 중계율 0.19 | alpha 0.210 | step_limit
Ep 16 | 드론3 목적지42 |  830스텝 | 배송 23/42 | 재적재  3 | 중계율 0.21 | alpha 0.224 | no_progress
Ep 17 | 드론3 목적지28 |  467스텝 | 배송 28/28 | 재적재  3 | 중계율 0.28 | alpha 0.232 | complete
Ep 18 | 드론3 목적지35 |  527스텝 | 배송 35/35 | 재적재  5 | 중계율 0.30 | alpha 0.241 | complete
Ep 19 | 드론3 목적지22 | 1000스텝 | 배송 20/22 | 재적재  3 | 중계율 0.35 | alpha 0.259 | step_limit
Ep 20 | 드론3 목적지68 | 1000스텝 | 배송 60/68 | 재적재 10 | 중계율 0.30 | alpha 0.279 | step_limit
Ep 21 | 드론3 목적지77 | 1000스텝 | 배송 69/77 | 재적재 12 | 중계율 0.25 | alpha 0.299 | step_limit
Ep 22 | 드론3 목적지78 | 1000스텝 | 배송 69/78 | 재적재 12 | 중계율 0.28 | alpha 0.321 | step_limit
Ep 23 | 드론3 목적지69 | 1000스텝 | 배송 61/69 | 재적재 11 | 중계율 0.30 | alpha 0.344 | step_limit
Ep 24 | 드론3 목적지79 | 1000스텝 | 배송 65/79 | 재적재 10 | 중계율 0.28 | alpha 0.369 | step_limit
Ep 25 | 드론3 목적지41 |  944스텝 | 배송 41/41 | 재적재  6 | 중계율 0.34 | alpha 0.395 | complete
Ep 26 | 드론3 목적지47 |  810스텝 | 배송 47/47 | 재적재  8 | 중계율 0.28 | alpha 0.418 | complete
Ep 27 | 드론3 목적지57 | 1000스텝 | 배송 52/57 | 재적재  8 | 중계율 0.26 | alpha 0.449 | step_limit
Ep 28 | 드론3 목적지64 | 1000스텝 | 배송 50/64 | 재적재  8 | 중계율 0.34 | alpha 0.481 | step_limit
Ep 29 | 드론3 목적지54 | 1000스텝 | 배송 49/54 | 재적재  7 | 중계율 0.25 | alpha 0.517 | step_limit
Ep 30 | 드론4 목적지56 |  831스텝 | 배송 56/56 | 재적재 10 | 중계율 0.25 | alpha 0.548 | complete
Ep 31 | 드론3 목적지55 | 1000스텝 | 배송 51/55 | 재적재  8 | 중계율 0.29 | alpha 0.589 | step_limit
Ep 32 | 드론3 목적지48 |  994스텝 | 배송 48/48 | 재적재  8 | 중계율 0.31 | alpha 0.632 | complete
Ep 33 | 드론3 목적지72 | 1000스텝 | 배송 65/72 | 재적재 10 | 중계율 0.20 | alpha 0.679 | step_limit
Ep 34 | 드론3 목적지55 |  983스텝 | 배송 55/55 | 재적재 10 | 중계율 0.29 | alpha 0.727 | complete
Ep 35 | 드론3 목적지44 |  682스텝 | 배송 44/44 | 재적재  7 | 중계율 0.23 | alpha 0.762 | complete
Ep 36 | 드론3 목적지56 | 1000스텝 | 배송 53/56 | 재적재  9 | 중계율 0.25 | alpha 0.817 | step_limit
Ep 37 | 드론4 목적지32 |  434스텝 | 배송 32/32 | 재적재  5 | 중계율 0.22 | alpha 0.841 | complete
Ep 38 | 드론3 목적지74 | 1000스텝 | 배송 48/74 | 재적재  8 | 중계율 0.23 | alpha 0.898 | step_limit
Ep 39 | 드론3 목적지42 |  818스텝 | 배송 42/42 | 재적재  7 | 중계율 0.26 | alpha 0.948 | complete
Ep 40 | 드론3 목적지67 | 1000스텝 | 배송 60/67 | 재적재 10 | 중계율 0.33 | alpha 1.013 | step_limit
Ep 41 | 드론3 목적지46 |  866스텝 | 배송 46/46 | 재적재  8 | 중계율 0.30 | alpha 1.073 | complete
Ep 42 | 드론3 목적지61 | 1000스텝 | 배송 60/61 | 재적재 12 | 중계율 0.29 | alpha 1.148 | step_limit
Ep 43 | 드론3 목적지68 | 1000스텝 | 배송 60/68 | 재적재 10 | 중계율 0.26 | alpha 1.228 | step_limit
Ep 44 | 드론4 목적지26 |  403스텝 | 배송 26/26 | 재적재  4 | 중계율 0.20 | alpha 1.262 | complete
Ep 45 | 드론3 목적지21 |  770스텝 | 배송 21/21 | 재적재  3 | 중계율 0.33 | alpha 1.329 | complete
Ep 46 | 드론3 목적지70 | 1000스텝 | 배송 65/70 | 재적재 10 | 중계율 0.29 | alpha 1.420 | step_limit
Ep 47 | 드론3 목적지68 | 1000스텝 | 배송 64/68 | 재적재 11 | 중계율 0.24 | alpha 1.512 | step_limit
Ep 48 | 드론3 목적지41 |  696스텝 | 배송 41/41 | 재적재  6 | 중계율 0.31 | alpha 1.575 | complete
Ep 49 | 드론4 목적지50 |  721스텝 | 배송 50/50 | 재적재  9 | 중계율 0.20 | alpha 1.639 | complete
Ep 50 | 드론3 목적지28 |  712스텝 | 배송 28/28 | 재적재  4 | 중계율 0.31 | alpha 1.703 | complete
  [홀드아웃] 배송 49.5±3.1 완주 0.97 스텝 984 점수 124.4 재적재 7.7 2홉+ 0.62 | 최고 124.4@ep50 정체 0/15  ← 갱신
Ep 51 | 드론3 목적지44 |  913스텝 | 배송 44/44 | 재적재  8 | 중계율 0.23 | alpha 1.786 | complete
Ep 52 | 드론3 목적지40 |  755스텝 | 배송 40/40 | 재적재  7 | 중계율 0.25 | alpha 1.860 | complete
Ep 53 | 드론3 목적지62 | 1000스텝 | 배송 54/62 | 재적재  9 | 중계율 0.23 | alpha 1.960 | step_limit
Ep 54 | 드론3 목적지53 | 1000스텝 | 배송 52/53 | 재적재  9 | 중계율 0.30 | alpha 2.063 | step_limit
Ep 55 | 드론3 목적지30 |  865스텝 | 배송 30/30 | 재적재  4 | 중계율 0.31 | alpha 2.147 | complete
Ep 56 | 드론3 목적지59 | 1000스텝 | 배송 53/59 | 재적재  8 | 중계율 0.27 | alpha 2.240 | step_limit
Ep 57 | 드론3 목적지75 | 1000스텝 | 배송 50/75 | 재적재  9 | 중계율 0.26 | alpha 2.326 | step_limit
Ep 58 | 드론3 목적지77 | 1000스텝 | 배송 66/77 | 재적재 12 | 중계율 0.20 | alpha 2.402 | step_limit
Ep 59 | 드론3 목적지20 |  493스텝 | 배송 20/20 | 재적재  3 | 중계율 0.20 | alpha 2.440 | complete
Ep 60 | 드론3 목적지69 | 1000스텝 | 배송 54/69 | 재적재 10 | 중계율 0.19 | alpha 2.519 | step_limit
Ep 61 | 드론3 목적지59 | 1000스텝 | 배송 45/59 | 재적재  8 | 중계율 0.18 | alpha 2.588 | step_limit
Ep 62 | 드론3 목적지50 | 1000스텝 | 배송 48/50 | 재적재  8 | 중계율 0.30 | alpha 2.629 | step_limit
Ep 63 | 드론3 목적지33 |  841스텝 | 배송 33/33 | 재적재  5 | 중계율 0.27 | alpha 2.653 | complete
Ep 64 | 드론3 목적지52 | 1000스텝 | 배송 38/52 | 재적재  6 | 중계율 0.15 | alpha 2.672 | step_limit
Ep 65 | 드론3 목적지21 |  418스텝 | 배송 21/21 | 재적재  2 | 중계율 0.14 | alpha 2.681 | complete
Ep 66 | 드론3 목적지38 | 1000스텝 | 배송 36/38 | 재적재  5 | 중계율 0.21 | alpha 2.691 | step_limit
Ep 67 | 드론3 목적지41 |  873스텝 | 배송 41/41 | 재적재  6 | 중계율 0.18 | alpha 2.690 | complete
Ep 68 | 드론3 목적지79 | 1000스텝 | 배송 60/79 | 재적재  9 | 중계율 0.27 | alpha 2.681 | step_limit
Ep 69 | 드론3 목적지69 | 1000스텝 | 배송 54/69 | 재적재 10 | 중계율 0.23 | alpha 2.676 | step_limit
Ep 70 | 드론3 목적지39 |  703스텝 | 배송 39/39 | 재적재  6 | 중계율 0.20 | alpha 2.667 | complete
Ep 71 | 드론3 목적지44 |  876스텝 | 배송 44/44 | 재적재  7 | 중계율 0.27 | alpha 2.659 | complete
Ep 72 | 드론3 목적지74 | 1000스텝 | 배송 62/74 | 재적재 10 | 중계율 0.23 | alpha 2.657 | step_limit
Ep 73 | 드론3 목적지72 | 1000스텝 | 배송 63/72 | 재적재 10 | 중계율 0.23 | alpha 2.640 | step_limit
Ep 74 | 드론3 목적지70 | 1000스텝 | 배송 41/70 | 재적재  6 | 중계율 0.21 | alpha 2.616 | step_limit
Ep 75 | 드론3 목적지40 |  895스텝 | 배송 40/40 | 재적재  6 | 중계율 0.26 | alpha 2.620 | complete
Ep 76 | 드론3 목적지77 | 1000스텝 | 배송 60/77 | 재적재 10 | 중계율 0.28 | alpha 2.616 | step_limit
Ep 77 | 드론3 목적지77 | 1000스텝 | 배송 57/77 | 재적재 10 | 중계율 0.17 | alpha 2.628 | step_limit
Ep 78 | 드론3 목적지27 |  985스텝 | 배송 27/27 | 재적재  3 | 중계율 0.35 | alpha 2.615 | complete
Ep 79 | 드론3 목적지52 | 1000스텝 | 배송 50/52 | 재적재  8 | 중계율 0.23 | alpha 2.611 | step_limit
Ep 80 | 드론3 목적지70 | 1000스텝 | 배송 57/70 | 재적재 10 | 중계율 0.26 | alpha 2.608 | step_limit
Ep 81 | 드론3 목적지55 | 1000스텝 | 배송 50/55 | 재적재  8 | 중계율 0.22 | alpha 2.639 | step_limit
Ep 82 | 드론3 목적지27 |  925스텝 | 배송 27/27 | 재적재  5 | 중계율 0.25 | alpha 2.644 | complete
Ep 83 | 드론3 목적지55 | 1000스텝 | 배송 47/55 | 재적재  7 | 중계율 0.29 | alpha 2.668 | step_limit
Ep 84 | 드론3 목적지46 | 1000스텝 | 배송 45/46 | 재적재  8 | 중계율 0.23 | alpha 2.668 | step_limit
Ep 85 | 드론3 목적지45 | 1000스텝 | 배송 44/45 | 재적재  7 | 중계율 0.20 | alpha 2.653 | step_limit
Ep 86 | 드론3 목적지70 | 1000스텝 | 배송 60/70 | 재적재 10 | 중계율 0.29 | alpha 2.682 | step_limit
Ep 87 | 드론3 목적지72 | 1000스텝 | 배송 55/72 | 재적재  9 | 중계율 0.21 | alpha 2.712 | step_limit
Ep 88 | 드론3 목적지23 |  650스텝 | 배송 23/23 | 재적재  3 | 중계율 0.29 | alpha 2.720 | complete
Ep 89 | 드론3 목적지69 | 1000스텝 | 배송 60/69 | 재적재 10 | 중계율 0.22 | alpha 2.698 | step_limit
Ep 90 | 드론3 목적지70 | 1000스텝 | 배송 63/70 | 재적재 11 | 중계율 0.26 | alpha 2.669 | step_limit
Ep 91 | 드론3 목적지28 |  804스텝 | 배송 28/28 | 재적재  5 | 중계율 0.26 | alpha 2.603 | complete
Ep 92 | 드론3 목적지77 | 1000스텝 | 배송 63/77 | 재적재 10 | 중계율 0.23 | alpha 2.567 | step_limit
Ep 93 | 드론3 목적지80 | 1000스텝 | 배송 45/80 | 재적재  7 | 중계율 0.20 | alpha 2.573 | step_limit
Ep 94 | 드론3 목적지54 | 1000스텝 | 배송 52/54 | 재적재 10 | 중계율 0.25 | alpha 2.586 | step_limit
Ep 95 | 드론3 목적지47 | 1000스텝 | 배송 45/47 | 재적재  8 | 중계율 0.30 | alpha 2.604 | step_limit
Ep 96 | 드론3 목적지42 | 1000스텝 | 배송 41/42 | 재적재  6 | 중계율 0.30 | alpha 2.607 | step_limit
Ep 97 | 드론3 목적지59 | 1000스텝 | 배송 40/59 | 재적재  8 | 중계율 0.30 | alpha 2.607 | step_limit
Ep 98 | 드론3 목적지50 | 1000스텝 | 배송 47/50 | 재적재  8 | 중계율 0.28 | alpha 2.604 | step_limit
Ep 99 | 드론4 목적지63 |  838스텝 | 배송 63/63 | 재적재 11 | 중계율 0.18 | alpha 2.586 | complete
Ep 100 | 드론3 목적지49 | 1000스텝 | 배송 47/49 | 재적재  9 | 중계율 0.23 | alpha 2.539 | step_limit
  [홀드아웃] 배송 49.6±2.4 완주 0.95 스텝 1114 점수 120.1 재적재 8.0 2홉+ 0.63 | 최고 124.4@ep50 정체 1/15
Ep 101 | 드론4 목적지25 | 1000스텝 | 배송 24/25 | 재적재  4 | 중계율 0.43 | alpha 2.510 | step_limit
Ep 102 | 드론4 목적지57 |  869스텝 | 배송 57/57 | 재적재 10 | 중계율 0.24 | alpha 2.513 | complete
Ep 103 | 드론3 목적지38 |  881스텝 | 배송 38/38 | 재적재  6 | 중계율 0.21 | alpha 2.514 | complete
Ep 104 | 드론3 목적지43 | 1000스텝 | 배송 41/43 | 재적재  7 | 중계율 0.24 | alpha 2.529 | step_limit
Ep 105 | 드론3 목적지32 |  979스텝 | 배송 32/32 | 재적재  5 | 중계율 0.33 | alpha 2.510 | complete
Ep 106 | 드론3 목적지66 | 1000스텝 | 배송 48/66 | 재적재  8 | 중계율 0.30 | alpha 2.485 | step_limit
Ep 107 | 드론3 목적지30 |  744스텝 | 배송 30/30 | 재적재  5 | 중계율 0.18 | alpha 2.507 | complete
Ep 108 | 드론3 목적지61 | 1000스텝 | 배송 58/61 | 재적재 11 | 중계율 0.27 | alpha 2.509 | step_limit
Ep 109 | 드론3 목적지36 | 1000스텝 | 배송 32/36 | 재적재  6 | 중계율 0.25 | alpha 2.459 | step_limit
Ep 110 | 드론3 목적지34 |  735스텝 | 배송 34/34 | 재적재  5 | 중계율 0.23 | alpha 2.454 | complete
Ep 111 | 드론3 목적지36 |  915스텝 | 배송 36/36 | 재적재  6 | 중계율 0.27 | alpha 2.443 | complete
Ep 112 | 드론3 목적지49 |  916스텝 | 배송 49/49 | 재적재  8 | 중계율 0.20 | alpha 2.444 | complete
Ep 113 | 드론3 목적지54 | 1000스텝 | 배송 51/54 | 재적재  9 | 중계율 0.18 | alpha 2.438 | step_limit
Ep 114 | 드론4 목적지48 |  719스텝 | 배송 48/48 | 재적재  7 | 중계율 0.25 | alpha 2.455 | complete
Ep 115 | 드론3 목적지78 | 1000스텝 | 배송 70/78 | 재적재 13 | 중계율 0.19 | alpha 2.435 | step_limit
Ep 116 | 드론4 목적지72 | 1000스텝 | 배송 60/72 | 재적재  9 | 중계율 0.29 | alpha 2.436 | step_limit
Ep 117 | 드론4 목적지59 | 1000스텝 | 배송 52/59 | 재적재  8 | 중계율 0.26 | alpha 2.442 | step_limit
Ep 118 | 드론3 목적지51 | 1000스텝 | 배송 47/51 | 재적재  8 | 중계율 0.25 | alpha 2.396 | step_limit
Ep 119 | 드론3 목적지77 | 1000스텝 | 배송 68/77 | 재적재 12 | 중계율 0.18 | alpha 2.393 | step_limit
Ep 120 | 드론3 목적지62 | 1000스텝 | 배송 55/62 | 재적재 10 | 중계율 0.24 | alpha 2.371 | step_limit
Ep 121 | 드론3 목적지74 | 1000스텝 | 배송 65/74 | 재적재 11 | 중계율 0.21 | alpha 2.320 | step_limit
Ep 122 | 드론3 목적지61 | 1000스텝 | 배송 55/61 | 재적재  8 | 중계율 0.29 | alpha 2.300 | step_limit
Ep 123 | 드론4 목적지79 | 1000스텝 | 배송 73/79 | 재적재 14 | 중계율 0.28 | alpha 2.283 | step_limit
Ep 124 | 드론3 목적지34 |  637스텝 | 배송 34/34 | 재적재  5 | 중계율 0.22 | alpha 2.262 | complete
Ep 125 | 드론3 목적지51 | 1000스텝 | 배송 45/51 | 재적재  7 | 중계율 0.26 | alpha 2.283 | step_limit
Ep 126 | 드론4 목적지29 |  549스텝 | 배송 29/29 | 재적재  4 | 중계율 0.34 | alpha 2.294 | complete
Ep 127 | 드론3 목적지38 | 1000스텝 | 배송 36/38 | 재적재  6 | 중계율 0.31 | alpha 2.316 | step_limit
Ep 128 | 드론3 목적지60 | 1000스텝 | 배송 53/60 | 재적재  9 | 중계율 0.33 | alpha 2.341 | step_limit
Ep 129 | 드론3 목적지43 | 1000스텝 | 배송 40/43 | 재적재  6 | 중계율 0.23 | alpha 2.359 | step_limit
Ep 130 | 드론3 목적지53 | 1000스텝 | 배송 50/53 | 재적재  9 | 중계율 0.20 | alpha 2.368 | step_limit
Ep 131 | 드론3 목적지76 | 1000스텝 | 배송 64/76 | 재적재 11 | 중계율 0.24 | alpha 2.349 | step_limit
Ep 132 | 드론4 목적지29 | 1000스텝 | 배송 27/29 | 재적재  3 | 중계율 0.33 | alpha 2.358 | step_limit
Ep 133 | 드론3 목적지40 | 1000스텝 | 배송 39/40 | 재적재  6 | 중계율 0.23 | alpha 2.302 | step_limit
Ep 134 | 드론3 목적지79 | 1000스텝 | 배송 59/79 | 재적재 11 | 중계율 0.24 | alpha 2.277 | step_limit
Ep 135 | 드론4 목적지22 |  353스텝 | 배송 22/22 | 재적재  3 | 중계율 0.21 | alpha 2.273 | complete
Ep 136 | 드론4 목적지59 | 1000스텝 | 배송 51/59 | 재적재  8 | 중계율 0.34 | alpha 2.223 | step_limit
Ep 137 | 드론3 목적지67 | 1000스텝 | 배송 59/67 | 재적재 10 | 중계율 0.18 | alpha 2.219 | step_limit
Ep 138 | 드론3 목적지77 | 1000스텝 | 배송 65/77 | 재적재 11 | 중계율 0.25 | alpha 2.199 | step_limit
Ep 139 | 드론4 목적지28 |  388스텝 | 배송 28/28 | 재적재  3 | 중계율 0.17 | alpha 2.202 | complete
Ep 140 | 드론3 목적지25 |  640스텝 | 배송 25/25 | 재적재  4 | 중계율 0.14 | alpha 2.208 | complete
Ep 141 | 드론3 목적지80 |  932스텝 | 배송 34/80 | 재적재  5 | 중계율 0.33 | alpha 2.206 | no_progress
Ep 142 | 드론3 목적지46 |  933스텝 | 배송 46/46 | 재적재  8 | 중계율 0.27 | alpha 2.196 | complete
Ep 143 | 드론3 목적지22 |  377스텝 | 배송 22/22 | 재적재  3 | 중계율 0.19 | alpha 2.192 | complete
Ep 144 | 드론4 목적지74 | 1000스텝 | 배송 72/74 | 재적재 12 | 중계율 0.23 | alpha 2.183 | step_limit
Ep 145 | 드론3 목적지39 |  776스텝 | 배송 39/39 | 재적재  6 | 중계율 0.29 | alpha 2.166 | complete
Ep 146 | 드론4 목적지60 |  942스텝 | 배송 60/60 | 재적재 10 | 중계율 0.19 | alpha 2.149 | complete
Ep 147 | 드론3 목적지47 |  890스텝 | 배송 47/47 | 재적재  8 | 중계율 0.20 | alpha 2.119 | complete
Ep 148 | 드론3 목적지79 | 1000스텝 | 배송 60/79 | 재적재 11 | 중계율 0.25 | alpha 2.120 | step_limit
Ep 149 | 드론3 목적지32 |  759스텝 | 배송 32/32 | 재적재  6 | 중계율 0.28 | alpha 2.108 | complete
Ep 150 | 드론4 목적지64 | 1000스텝 | 배송 61/64 | 재적재 11 | 중계율 0.27 | alpha 2.112 | step_limit
  [홀드아웃] 배송 49.8±1.7 완주 0.95 스텝 1149 점수 119.7 재적재 7.9 2홉+ 0.61 | 최고 124.4@ep50 정체 2/15
Ep 151 | 드론3 목적지54 |  886스텝 | 배송 54/54 | 재적재  9 | 중계율 0.16 | alpha 2.090 | complete
Ep 152 | 드론4 목적지43 | 1000스텝 | 배송 40/43 | 재적재  8 | 중계율 0.29 | alpha 2.076 | step_limit
Ep 153 | 드론3 목적지38 |  838스텝 | 배송 38/38 | 재적재  7 | 중계율 0.19 | alpha 2.067 | complete
Ep 154 | 드론3 목적지57 |  980스텝 | 배송 57/57 | 재적재 11 | 중계율 0.27 | alpha 2.051 | complete
Ep 155 | 드론4 목적지44 |  819스텝 | 배송 44/44 | 재적재  7 | 중계율 0.31 | alpha 2.064 | complete
Ep 156 | 드론3 목적지60 | 1000스텝 | 배송 53/60 | 재적재  9 | 중계율 0.29 | alpha 2.067 | step_limit
Ep 157 | 드론4 목적지59 |  982스텝 | 배송 59/59 | 재적재 11 | 중계율 0.23 | alpha 2.074 | complete
Ep 158 | 드론4 목적지33 |  493스텝 | 배송 33/33 | 재적재  5 | 중계율 0.19 | alpha 2.075 | complete
Ep 159 | 드론3 목적지62 | 1000스텝 | 배송 60/62 | 재적재 11 | 중계율 0.22 | alpha 2.066 | step_limit
Ep 160 | 드론4 목적지49 |  837스텝 | 배송 49/49 | 재적재  8 | 중계율 0.30 | alpha 2.062 | complete
Ep 161 | 드론3 목적지28 |  767스텝 | 배송 28/28 | 재적재  5 | 중계율 0.27 | alpha 2.052 | complete
Ep 162 | 드론4 목적지29 |  695스텝 | 배송 29/29 | 재적재  5 | 중계율 0.34 | alpha 2.022 | complete
Ep 163 | 드론3 목적지27 |  720스텝 | 배송 27/27 | 재적재  4 | 중계율 0.23 | alpha 1.997 | complete
Ep 164 | 드론3 목적지32 |  564스텝 | 배송 32/32 | 재적재  5 | 중계율 0.24 | alpha 2.000 | complete
Ep 165 | 드론4 목적지73 |  989스텝 | 배송 73/73 | 재적재 13 | 중계율 0.22 | alpha 2.007 | complete
Ep 166 | 드론3 목적지58 | 1000스텝 | 배송 53/58 | 재적재  9 | 중계율 0.22 | alpha 1.965 | step_limit
Ep 167 | 드론4 목적지38 |  823스텝 | 배송 38/38 | 재적재  5 | 중계율 0.28 | alpha 1.945 | complete
Ep 168 | 드론3 목적지76 | 1000스텝 | 배송 52/76 | 재적재  9 | 중계율 0.29 | alpha 1.949 | step_limit
Ep 169 | 드론4 목적지41 | 1000스텝 | 배송 39/41 | 재적재  5 | 중계율 0.40 | alpha 1.926 | step_limit
Ep 170 | 드론3 목적지76 | 1000스텝 | 배송 63/76 | 재적재 11 | 중계율 0.18 | alpha 1.904 | step_limit
Ep 171 | 드론3 목적지24 |  452스텝 | 배송 24/24 | 재적재  4 | 중계율 0.19 | alpha 1.891 | complete
Ep 172 | 드론3 목적지68 | 1000스텝 | 배송 63/68 | 재적재 11 | 중계율 0.24 | alpha 1.881 | step_limit
Ep 173 | 드론3 목적지30 |  771스텝 | 배송 30/30 | 재적재  4 | 중계율 0.22 | alpha 1.870 | complete
Ep 174 | 드론4 목적지27 |  785스텝 | 배송 27/27 | 재적재  4 | 중계율 0.45 | alpha 1.845 | complete
Ep 175 | 드론3 목적지73 | 1000스텝 | 배송 63/73 | 재적재 10 | 중계율 0.27 | alpha 1.821 | step_limit
Ep 176 | 드론4 목적지41 |  622스텝 | 배송 41/41 | 재적재  7 | 중계율 0.19 | alpha 1.801 | complete
Ep 177 | 드론4 목적지71 |  925스텝 | 배송 71/71 | 재적재 12 | 중계율 0.21 | alpha 1.774 | complete
Ep 178 | 드론4 목적지52 |  944스텝 | 배송 52/52 | 재적재  8 | 중계율 0.25 | alpha 1.739 | complete
Ep 179 | 드론3 목적지54 | 1000스텝 | 배송 50/54 | 재적재  9 | 중계율 0.28 | alpha 1.707 | step_limit
Ep 180 | 드론4 목적지70 |  783스텝 | 배송 70/70 | 재적재 13 | 중계율 0.22 | alpha 1.719 | complete
Ep 181 | 드론3 목적지29 |  576스텝 | 배송 29/29 | 재적재  4 | 중계율 0.27 | alpha 1.708 | complete
Ep 182 | 드론3 목적지52 | 1000스텝 | 배송 48/52 | 재적재  7 | 중계율 0.37 | alpha 1.708 | step_limit
Ep 183 | 드론3 목적지51 |  861스텝 | 배송 51/51 | 재적재  8 | 중계율 0.28 | alpha 1.706 | complete
Ep 184 | 드론3 목적지31 | 1000스텝 | 배송 30/31 | 재적재  5 | 중계율 0.33 | alpha 1.708 | step_limit
Ep 185 | 드론4 목적지76 | 1000스텝 | 배송 72/76 | 재적재 14 | 중계율 0.26 | alpha 1.712 | step_limit
Ep 186 | 드론3 목적지77 | 1000스텝 | 배송 65/77 | 재적재 12 | 중계율 0.24 | alpha 1.710 | step_limit
Ep 187 | 드론4 목적지25 |  505스텝 | 배송 25/25 | 재적재  3 | 중계율 0.25 | alpha 1.702 | complete
Ep 188 | 드론3 목적지78 | 1000스텝 | 배송 70/78 | 재적재 12 | 중계율 0.21 | alpha 1.676 | step_limit
Ep 189 | 드론3 목적지25 |  763스텝 | 배송 25/25 | 재적재  3 | 중계율 0.32 | alpha 1.653 | complete
Ep 190 | 드론3 목적지47 |  869스텝 | 배송 47/47 | 재적재  8 | 중계율 0.26 | alpha 1.662 | complete
Ep 191 | 드론4 목적지45 |  798스텝 | 배송 45/45 | 재적재  8 | 중계율 0.20 | alpha 1.698 | complete
Ep 192 | 드론3 목적지27 |  587스텝 | 배송 27/27 | 재적재  4 | 중계율 0.26 | alpha 1.699 | complete
Ep 193 | 드론3 목적지72 | 1000스텝 | 배송 65/72 | 재적재 12 | 중계율 0.22 | alpha 1.726 | step_limit
Ep 194 | 드론3 목적지63 |  996스텝 | 배송 63/63 | 재적재 11 | 중계율 0.19 | alpha 1.727 | complete
Ep 195 | 드론4 목적지49 |  896스텝 | 배송 49/49 | 재적재  8 | 중계율 0.30 | alpha 1.714 | complete
Ep 196 | 드론3 목적지34 |  841스텝 | 배송 34/34 | 재적재  5 | 중계율 0.30 | alpha 1.701 | complete
Ep 197 | 드론3 목적지44 | 1000스텝 | 배송 42/44 | 재적재  7 | 중계율 0.31 | alpha 1.680 | step_limit
Ep 198 | 드론3 목적지35 |  893스텝 | 배송 35/35 | 재적재  5 | 중계율 0.23 | alpha 1.680 | complete
Ep 199 | 드론3 목적지71 | 1000스텝 | 배송 68/71 | 재적재 13 | 중계율 0.25 | alpha 1.672 | step_limit
Ep 200 | 드론3 목적지80 | 1000스텝 | 배송 57/80 | 재적재 10 | 중계율 0.22 | alpha 1.667 | step_limit
  [홀드아웃] 배송 49.9±0.5 완주 0.95 스텝 1039 점수 121.2 재적재 7.8 2홉+ 0.62 | 최고 124.4@ep50 정체 3/15
Ep 201 | 드론3 목적지39 |  782스텝 | 배송 39/39 | 재적재  6 | 중계율 0.27 | alpha 1.674 | complete
Ep 202 | 드론4 목적지24 |  547스텝 | 배송 24/24 | 재적재  4 | 중계율 0.29 | alpha 1.654 | complete
Ep 203 | 드론3 목적지54 | 1000스텝 | 배송 50/54 | 재적재  9 | 중계율 0.31 | alpha 1.641 | step_limit
Ep 204 | 드론3 목적지33 |  484스텝 | 배송 33/33 | 재적재  6 | 중계율 0.16 | alpha 1.622 | complete
Ep 205 | 드론4 목적지74 | 1000스텝 | 배송 63/74 | 재적재 11 | 중계율 0.27 | alpha 1.634 | step_limit
Ep 206 | 드론3 목적지26 |  792스텝 | 배송 26/26 | 재적재  4 | 중계율 0.16 | alpha 1.644 | complete
Ep 207 | 드론3 목적지62 | 1000스텝 | 배송 50/62 | 재적재  7 | 중계율 0.28 | alpha 1.637 | step_limit
Ep 208 | 드론3 목적지30 |  669스텝 | 배송 30/30 | 재적재  5 | 중계율 0.22 | alpha 1.639 | complete
Ep 209 | 드론3 목적지23 |  434스텝 | 배송 23/23 | 재적재  3 | 중계율 0.22 | alpha 1.646 | complete
Ep 210 | 드론3 목적지71 | 1000스텝 | 배송 51/71 | 재적재  9 | 중계율 0.21 | alpha 1.654 | step_limit
Ep 211 | 드론3 목적지62 | 1000스텝 | 배송 61/62 | 재적재 11 | 중계율 0.23 | alpha 1.646 | step_limit
Ep 212 | 드론3 목적지48 |  949스텝 | 배송 48/48 | 재적재  7 | 중계율 0.25 | alpha 1.639 | complete
Ep 213 | 드론4 목적지61 | 1000스텝 | 배송 58/61 | 재적재 10 | 중계율 0.20 | alpha 1.634 | step_limit
Ep 214 | 드론3 목적지34 |  796스텝 | 배송 34/34 | 재적재  5 | 중계율 0.33 | alpha 1.646 | complete
Ep 215 | 드론3 목적지62 | 1000스텝 | 배송 55/62 | 재적재  9 | 중계율 0.23 | alpha 1.625 | step_limit
Ep 216 | 드론3 목적지26 |  716스텝 | 배송 26/26 | 재적재  5 | 중계율 0.19 | alpha 1.594 | complete
Ep 217 | 드론4 목적지61 | 1000스텝 | 배송 55/61 | 재적재  8 | 중계율 0.30 | alpha 1.571 | step_limit
Ep 218 | 드론4 목적지68 | 1000스텝 | 배송 63/68 | 재적재 11 | 중계율 0.26 | alpha 1.552 | step_limit
Ep 219 | 드론4 목적지25 |  396스텝 | 배송 25/25 | 재적재  4 | 중계율 0.20 | alpha 1.550 | complete
Ep 220 | 드론4 목적지67 | 1000스텝 | 배송 65/67 | 재적재 12 | 중계율 0.26 | alpha 1.536 | step_limit
Ep 221 | 드론3 목적지24 |  597스텝 | 배송 24/24 | 재적재  2 | 중계율 0.23 | alpha 1.535 | complete
Ep 222 | 드론3 목적지78 | 1000스텝 | 배송 62/78 | 재적재 10 | 중계율 0.27 | alpha 1.520 | step_limit
Ep 223 | 드론4 목적지20 |  339스텝 | 배송 20/20 | 재적재  2 | 중계율 0.28 | alpha 1.521 | complete
Ep 224 | 드론3 목적지64 | 1000스텝 | 배송 61/64 | 재적재 12 | 중계율 0.23 | alpha 1.505 | step_limit
Ep 225 | 드론4 목적지73 | 1000스텝 | 배송 66/73 | 재적재 12 | 중계율 0.31 | alpha 1.498 | step_limit
Ep 226 | 드론4 목적지80 | 1000스텝 | 배송 79/80 | 재적재 15 | 중계율 0.20 | alpha 1.504 | step_limit
Ep 227 | 드론4 목적지67 |  987스텝 | 배송 67/67 | 재적재 12 | 중계율 0.27 | alpha 1.517 | complete
Ep 228 | 드론3 목적지67 | 1000스텝 | 배송 59/67 | 재적재 11 | 중계율 0.22 | alpha 1.522 | step_limit
Ep 229 | 드론4 목적지55 | 1000스텝 | 배송 40/55 | 재적재  6 | 중계율 0.26 | alpha 1.526 | step_limit
Ep 230 | 드론3 목적지77 | 1000스텝 | 배송 65/77 | 재적재 12 | 중계율 0.20 | alpha 1.495 | step_limit
Ep 231 | 드론3 목적지45 | 1000스텝 | 배송 43/45 | 재적재  7 | 중계율 0.23 | alpha 1.478 | step_limit
Ep 232 | 드론4 목적지56 |  785스텝 | 배송 56/56 | 재적재  9 | 중계율 0.19 | alpha 1.480 | complete
Ep 233 | 드론3 목적지21 |  730스텝 | 배송 21/21 | 재적재  3 | 중계율 0.26 | alpha 1.467 | complete
Ep 234 | 드론3 목적지42 |  979스텝 | 배송 42/42 | 재적재  6 | 중계율 0.34 | alpha 1.455 | complete
Ep 235 | 드론3 목적지22 |  552스텝 | 배송 22/22 | 재적재  3 | 중계율 0.26 | alpha 1.453 | complete
Ep 236 | 드론3 목적지62 | 1000스텝 | 배송 58/62 | 재적재 10 | 중계율 0.19 | alpha 1.455 | step_limit
Ep 237 | 드론3 목적지58 |  833스텝 | 배송 58/58 | 재적재  9 | 중계율 0.21 | alpha 1.458 | complete
Ep 238 | 드론4 목적지39 |  494스텝 | 배송 39/39 | 재적재  7 | 중계율 0.18 | alpha 1.452 | complete
Ep 239 | 드론4 목적지42 |  703스텝 | 배송 42/42 | 재적재  6 | 중계율 0.24 | alpha 1.454 | complete
Ep 240 | 드론3 목적지45 | 1000스텝 | 배송 40/45 | 재적재  6 | 중계율 0.33 | alpha 1.449 | step_limit
Ep 241 | 드론3 목적지78 | 1000스텝 | 배송 69/78 | 재적재 13 | 중계율 0.20 | alpha 1.451 | step_limit
Ep 242 | 드론4 목적지31 |  432스텝 | 배송 31/31 | 재적재  4 | 중계율 0.24 | alpha 1.440 | complete
Ep 243 | 드론3 목적지25 |  435스텝 | 배송 25/25 | 재적재  4 | 중계율 0.19 | alpha 1.445 | complete
Ep 244 | 드론3 목적지51 | 1000스텝 | 배송 48/51 | 재적재  9 | 중계율 0.29 | alpha 1.428 | step_limit
Ep 245 | 드론3 목적지70 | 1000스텝 | 배송 50/70 | 재적재  8 | 중계율 0.25 | alpha 1.412 | step_limit
Ep 246 | 드론3 목적지65 | 1000스텝 | 배송 51/65 | 재적재  9 | 중계율 0.19 | alpha 1.396 | step_limit
Ep 247 | 드론3 목적지50 | 1000스텝 | 배송 47/50 | 재적재  9 | 중계율 0.25 | alpha 1.379 | step_limit
Ep 248 | 드론3 목적지45 |  897스텝 | 배송 45/45 | 재적재  8 | 중계율 0.28 | alpha 1.364 | complete
Ep 249 | 드론4 목적지75 |  937스텝 | 배송 75/75 | 재적재 14 | 중계율 0.22 | alpha 1.351 | complete
Ep 250 | 드론3 목적지44 | 1000스텝 | 배송 43/44 | 재적재  8 | 중계율 0.30 | alpha 1.336 | step_limit
  [홀드아웃] 배송 49.6±2.3 완주 0.96 스텝 946 점수 123.6 재적재 7.8 2홉+ 0.63 | 최고 124.4@ep50 정체 4/15
Ep 251 | 드론3 목적지53 |  982스텝 | 배송 53/53 | 재적재  9 | 중계율 0.32 | alpha 1.326 | complete
Ep 252 | 드론3 목적지54 | 1000스텝 | 배송 50/54 | 재적재  8 | 중계율 0.29 | alpha 1.306 | step_limit
Ep 253 | 드론3 목적지43 |  683스텝 | 배송 43/43 | 재적재  8 | 중계율 0.14 | alpha 1.312 | complete
Ep 254 | 드론3 목적지63 | 1000스텝 | 배송 55/63 | 재적재 10 | 중계율 0.25 | alpha 1.312 | step_limit
Ep 255 | 드론3 목적지73 | 1000스텝 | 배송 63/73 | 재적재 11 | 중계율 0.26 | alpha 1.317 | step_limit
Ep 256 | 드론3 목적지75 | 1000스텝 | 배송 70/75 | 재적재 13 | 중계율 0.21 | alpha 1.305 | step_limit
Ep 257 | 드론3 목적지72 | 1000스텝 | 배송 60/72 | 재적재 10 | 중계율 0.24 | alpha 1.305 | step_limit
Ep 258 | 드론3 목적지23 |  539스텝 | 배송 23/23 | 재적재  3 | 중계율 0.17 | alpha 1.311 | complete
Ep 259 | 드론3 목적지57 | 1000스텝 | 배송 55/57 | 재적재 10 | 중계율 0.27 | alpha 1.317 | step_limit
Ep 260 | 드론3 목적지67 | 1000스텝 | 배송 60/67 | 재적재 11 | 중계율 0.27 | alpha 1.315 | step_limit
Ep 261 | 드론4 목적지46 |  651스텝 | 배송 46/46 | 재적재  6 | 중계율 0.21 | alpha 1.303 | complete
Ep 262 | 드론3 목적지52 | 1000스텝 | 배송 50/52 | 재적재  8 | 중계율 0.30 | alpha 1.280 | step_limit
Ep 263 | 드론3 목적지66 |  915스텝 | 배송 66/66 | 재적재 12 | 중계율 0.17 | alpha 1.263 | complete
Ep 264 | 드론3 목적지69 | 1000스텝 | 배송 60/69 | 재적재 10 | 중계율 0.27 | alpha 1.262 | step_limit
Ep 265 | 드론3 목적지31 |  738스텝 | 배송 31/31 | 재적재  4 | 중계율 0.25 | alpha 1.270 | complete
Ep 266 | 드론3 목적지28 |  657스텝 | 배송 28/28 | 재적재  4 | 중계율 0.33 | alpha 1.271 | complete
Ep 267 | 드론3 목적지79 | 1000스텝 | 배송 75/79 | 재적재 13 | 중계율 0.20 | alpha 1.240 | step_limit
Ep 268 | 드론4 목적지34 |  517스텝 | 배송 34/34 | 재적재  5 | 중계율 0.20 | alpha 1.219 | complete
Ep 269 | 드론3 목적지48 |  818스텝 | 배송 48/48 | 재적재  9 | 중계율 0.23 | alpha 1.194 | complete
Ep 270 | 드론3 목적지47 |  857스텝 | 배송 47/47 | 재적재  7 | 중계율 0.25 | alpha 1.171 | complete
Ep 271 | 드론3 목적지55 | 1000스텝 | 배송 53/55 | 재적재 10 | 중계율 0.28 | alpha 1.155 | step_limit
Ep 272 | 드론3 목적지51 | 1000스텝 | 배송 47/51 | 재적재  8 | 중계율 0.30 | alpha 1.144 | step_limit
Ep 273 | 드론3 목적지64 | 1000스텝 | 배송 49/64 | 재적재  8 | 중계율 0.26 | alpha 1.136 | step_limit
Ep 274 | 드론3 목적지80 | 1000스텝 | 배송 60/80 | 재적재 10 | 중계율 0.27 | alpha 1.122 | step_limit
Ep 275 | 드론3 목적지51 | 1000스텝 | 배송 48/51 | 재적재  8 | 중계율 0.36 | alpha 1.095 | step_limit
Ep 276 | 드론3 목적지37 |  857스텝 | 배송 37/37 | 재적재  7 | 중계율 0.19 | alpha 1.074 | complete
Ep 277 | 드론3 목적지36 |  637스텝 | 배송 36/36 | 재적재  7 | 중계율 0.22 | alpha 1.065 | complete
Ep 278 | 드론3 목적지41 |  747스텝 | 배송 41/41 | 재적재  7 | 중계율 0.20 | alpha 1.049 | complete
Ep 279 | 드론3 목적지29 |  726스텝 | 배송 29/29 | 재적재  4 | 중계율 0.21 | alpha 1.041 | complete
Ep 280 | 드론4 목적지42 |  606스텝 | 배송 42/42 | 재적재  7 | 중계율 0.30 | alpha 1.035 | complete
Ep 281 | 드론3 목적지33 |  728스텝 | 배송 33/33 | 재적재  6 | 중계율 0.35 | alpha 1.023 | complete
Ep 282 | 드론3 목적지40 | 1000스텝 | 배송 35/40 | 재적재  6 | 중계율 0.32 | alpha 1.014 | step_limit
Ep 283 | 드론4 목적지20 |  380스텝 | 배송 20/20 | 재적재  2 | 중계율 0.18 | alpha 1.010 | complete
Ep 284 | 드론3 목적지51 | 1000스텝 | 배송 50/51 | 재적재  7 | 중계율 0.37 | alpha 0.999 | step_limit
Ep 285 | 드론3 목적지24 |  544스텝 | 배송 24/24 | 재적재  3 | 중계율 0.29 | alpha 0.985 | complete
Ep 286 | 드론3 목적지67 | 1000스텝 | 배송 60/67 | 재적재 11 | 중계율 0.24 | alpha 0.973 | step_limit
Ep 287 | 드론4 목적지23 |  355스텝 | 배송 23/23 | 재적재  4 | 중계율 0.20 | alpha 0.967 | complete
Ep 288 | 드론3 목적지28 |  724스텝 | 배송 28/28 | 재적재  4 | 중계율 0.30 | alpha 0.959 | complete
Ep 289 | 드론4 목적지51 |  968스텝 | 배송 51/51 | 재적재  8 | 중계율 0.32 | alpha 0.941 | complete
Ep 290 | 드론3 목적지38 |  829스텝 | 배송 38/38 | 재적재  5 | 중계율 0.27 | alpha 0.938 | complete
Ep 291 | 드론3 목적지21 |  452스텝 | 배송 21/21 | 재적재  2 | 중계율 0.24 | alpha 0.924 | complete
Ep 292 | 드론3 목적지44 |  771스텝 | 배송 44/44 | 재적재  7 | 중계율 0.25 | alpha 0.908 | complete
Ep 293 | 드론3 목적지21 |  785스텝 | 배송 19/21 | 재적재  2 | 중계율 0.41 | alpha 0.886 | no_progress
Ep 294 | 드론3 목적지39 |  797스텝 | 배송 39/39 | 재적재  7 | 중계율 0.25 | alpha 0.874 | complete
Ep 295 | 드론4 목적지28 |  485스텝 | 배송 28/28 | 재적재  4 | 중계율 0.21 | alpha 0.870 | complete
Ep 296 | 드론4 목적지70 |  847스텝 | 배송 70/70 | 재적재 13 | 중계율 0.21 | alpha 0.881 | complete
Ep 297 | 드론4 목적지28 |  372스텝 | 배송 28/28 | 재적재  4 | 중계율 0.18 | alpha 0.882 | complete
Ep 298 | 드론3 목적지46 | 1000스텝 | 배송 44/46 | 재적재  8 | 중계율 0.25 | alpha 0.877 | step_limit
Ep 299 | 드론3 목적지23 |  456스텝 | 배송 23/23 | 재적재  3 | 중계율 0.28 | alpha 0.869 | complete
Ep 300 | 드론3 목적지79 | 1000스텝 | 배송 61/79 | 재적재 10 | 중계율 0.28 | alpha 0.859 | step_limit
  [홀드아웃] 배송 49.3±3.2 완주 0.95 스텝 945 점수 122.4 재적재 7.9 2홉+ 0.62 | 최고 124.4@ep50 정체 5/15
Ep 301 | 드론3 목적지36 |  793스텝 | 배송 36/36 | 재적재  5 | 중계율 0.31 | alpha 0.849 | complete
Ep 302 | 드론4 목적지50 |  575스텝 | 배송 50/50 | 재적재  8 | 중계율 0.17 | alpha 0.839 | complete
Ep 303 | 드론3 목적지23 |  445스텝 | 배송 23/23 | 재적재  3 | 중계율 0.28 | alpha 0.844 | complete
Ep 304 | 드론4 목적지32 |  550스텝 | 배송 32/32 | 재적재  4 | 중계율 0.20 | alpha 0.845 | complete
Ep 305 | 드론3 목적지35 |  694스텝 | 배송 35/35 | 재적재  5 | 중계율 0.27 | alpha 0.845 | complete
Ep 306 | 드론4 목적지79 | 1000스텝 | 배송 75/79 | 재적재 13 | 중계율 0.27 | alpha 0.845 | step_limit
Ep 307 | 드론3 목적지24 |  442스텝 | 배송 24/24 | 재적재  3 | 중계율 0.28 | alpha 0.839 | complete
Ep 308 | 드론4 목적지79 | 1000스텝 | 배송 73/79 | 재적재 13 | 중계율 0.28 | alpha 0.839 | step_limit
Ep 309 | 드론3 목적지47 |  815스텝 | 배송 47/47 | 재적재  8 | 중계율 0.26 | alpha 0.836 | complete
Ep 310 | 드론3 목적지28 |  631스텝 | 배송 28/28 | 재적재  5 | 중계율 0.24 | alpha 0.835 | complete
Ep 311 | 드론3 목적지50 |  902스텝 | 배송 50/50 | 재적재  7 | 중계율 0.29 | alpha 0.832 | complete
Ep 312 | 드론3 목적지20 |  499스텝 | 배송 20/20 | 재적재  3 | 중계율 0.26 | alpha 0.825 | complete
Ep 313 | 드론3 목적지68 | 1000스텝 | 배송 65/68 | 재적재 11 | 중계율 0.26 | alpha 0.825 | step_limit
Ep 314 | 드론3 목적지75 | 1000스텝 | 배송 70/75 | 재적재 11 | 중계율 0.26 | alpha 0.822 | step_limit
Ep 315 | 드론4 목적지33 |  453스텝 | 배송 33/33 | 재적재  6 | 중계율 0.19 | alpha 0.822 | complete
Ep 316 | 드론3 목적지54 |  938스텝 | 배송 54/54 | 재적재  9 | 중계율 0.30 | alpha 0.816 | complete
Ep 317 | 드론3 목적지48 |  935스텝 | 배송 48/48 | 재적재  8 | 중계율 0.31 | alpha 0.812 | complete
Ep 318 | 드론3 목적지33 |  720스텝 | 배송 33/33 | 재적재  5 | 중계율 0.28 | alpha 0.813 | complete
Ep 319 | 드론3 목적지61 |  964스텝 | 배송 61/61 | 재적재 11 | 중계율 0.23 | alpha 0.810 | complete
Ep 320 | 드론3 목적지45 | 1000스텝 | 배송 41/45 | 재적재  8 | 중계율 0.35 | alpha 0.813 | step_limit
Ep 321 | 드론4 목적지53 | 1000스텝 | 배송 50/53 | 재적재  9 | 중계율 0.31 | alpha 0.811 | step_limit
Ep 322 | 드론3 목적지20 |  521스텝 | 배송 20/20 | 재적재  2 | 중계율 0.27 | alpha 0.811 | complete
Ep 323 | 드론3 목적지25 |  487스텝 | 배송 25/25 | 재적재  3 | 중계율 0.25 | alpha 0.812 | complete
Ep 324 | 드론3 목적지45 |  651스텝 | 배송 45/45 | 재적재  6 | 중계율 0.24 | alpha 0.808 | complete
Ep 325 | 드론3 목적지31 |  648스텝 | 배송 31/31 | 재적재  5 | 중계율 0.23 | alpha 0.807 | complete
Ep 326 | 드론3 목적지42 |  914스텝 | 배송 42/42 | 재적재  7 | 중계율 0.30 | alpha 0.792 | complete
Ep 327 | 드론3 목적지71 | 1000스텝 | 배송 69/71 | 재적재 12 | 중계율 0.24 | alpha 0.786 | step_limit
Ep 328 | 드론3 목적지39 |  695스텝 | 배송 39/39 | 재적재  6 | 중계율 0.29 | alpha 0.789 | complete
Ep 329 | 드론3 목적지76 | 1000스텝 | 배송 70/76 | 재적재 12 | 중계율 0.23 | alpha 0.790 | step_limit
Ep 330 | 드론3 목적지73 | 1000스텝 | 배송 62/73 | 재적재 11 | 중계율 0.30 | alpha 0.797 | step_limit
Ep 331 | 드론3 목적지72 | 1000스텝 | 배송 64/72 | 재적재 11 | 중계율 0.26 | alpha 0.789 | step_limit
Ep 332 | 드론3 목적지56 | 1000스텝 | 배송 52/56 | 재적재  9 | 중계율 0.34 | alpha 0.778 | step_limit
Ep 333 | 드론3 목적지56 |  851스텝 | 배송 56/56 | 재적재 10 | 중계율 0.21 | alpha 0.777 | complete
Ep 334 | 드론3 목적지23 |  460스텝 | 배송 23/23 | 재적재  3 | 중계율 0.18 | alpha 0.774 | complete
Ep 335 | 드론3 목적지40 |  779스텝 | 배송 40/40 | 재적재  6 | 중계율 0.33 | alpha 0.771 | complete
Ep 336 | 드론4 목적지73 | 1000스텝 | 배송 69/73 | 재적재 12 | 중계율 0.23 | alpha 0.769 | step_limit
Ep 337 | 드론3 목적지77 | 1000스텝 | 배송 59/77 | 재적재 11 | 중계율 0.21 | alpha 0.767 | step_limit
Ep 338 | 드론3 목적지56 | 1000스텝 | 배송 50/56 | 재적재  8 | 중계율 0.23 | alpha 0.760 | step_limit
Ep 339 | 드론3 목적지22 |  626스텝 | 배송 22/22 | 재적재  4 | 중계율 0.31 | alpha 0.757 | complete
Ep 340 | 드론3 목적지36 |  654스텝 | 배송 36/36 | 재적재  6 | 중계율 0.24 | alpha 0.753 | complete
Ep 341 | 드론3 목적지66 | 1000스텝 | 배송 59/66 | 재적재 10 | 중계율 0.30 | alpha 0.749 | step_limit
Ep 342 | 드론3 목적지73 | 1000스텝 | 배송 69/73 | 재적재 12 | 중계율 0.21 | alpha 0.744 | step_limit
Ep 343 | 드론3 목적지42 |  766스텝 | 배송 42/42 | 재적재  8 | 중계율 0.26 | alpha 0.738 | complete
Ep 344 | 드론3 목적지62 |  907스텝 | 배송 62/62 | 재적재 10 | 중계율 0.19 | alpha 0.725 | complete
Ep 345 | 드론3 목적지70 | 1000스텝 | 배송 60/70 | 재적재  9 | 중계율 0.34 | alpha 0.713 | step_limit
Ep 346 | 드론3 목적지60 |  891스텝 | 배송 60/60 | 재적재 11 | 중계율 0.24 | alpha 0.703 | complete
Ep 347 | 드론4 목적지40 |  712스텝 | 배송 40/40 | 재적재  5 | 중계율 0.26 | alpha 0.690 | complete
Ep 348 | 드론3 목적지33 |  587스텝 | 배송 33/33 | 재적재  5 | 중계율 0.19 | alpha 0.681 | complete
Ep 349 | 드론4 목적지39 |  538스텝 | 배송 39/39 | 재적재  5 | 중계율 0.23 | alpha 0.680 | complete
Ep 350 | 드론4 목적지38 |  437스텝 | 배송 38/38 | 재적재  6 | 중계율 0.23 | alpha 0.675 | complete
  [홀드아웃] 배송 49.6±2.2 완주 0.94 스텝 956 점수 121.0 재적재 7.5 2홉+ 0.62 | 최고 124.4@ep50 정체 6/15
Ep 351 | 드론3 목적지78 | 1000스텝 | 배송 64/78 | 재적재 10 | 중계율 0.27 | alpha 0.666 | step_limit
Ep 352 | 드론3 목적지46 |  801스텝 | 배송 46/46 | 재적재  9 | 중계율 0.26 | alpha 0.672 | complete
Ep 353 | 드론3 목적지38 |  958스텝 | 배송 38/38 | 재적재  7 | 중계율 0.30 | alpha 0.677 | complete
Ep 354 | 드론4 목적지62 |  765스텝 | 배송 62/62 | 재적재 11 | 중계율 0.24 | alpha 0.679 | complete
Ep 355 | 드론3 목적지24 |  661스텝 | 배송 24/24 | 재적재  3 | 중계율 0.37 | alpha 0.679 | complete
Ep 356 | 드론3 목적지21 |  993스텝 | 배송 20/21 | 재적재  3 | 중계율 0.37 | alpha 0.676 | no_progress
Ep 357 | 드론3 목적지29 |  576스텝 | 배송 29/29 | 재적재  5 | 중계율 0.20 | alpha 0.675 | complete
Ep 358 | 드론3 목적지68 | 1000스텝 | 배송 62/68 | 재적재 11 | 중계율 0.24 | alpha 0.675 | step_limit
Ep 359 | 드론3 목적지55 |  866스텝 | 배송 55/55 | 재적재  8 | 중계율 0.28 | alpha 0.678 | complete
Ep 360 | 드론4 목적지64 |  817스텝 | 배송 64/64 | 재적재 11 | 중계율 0.23 | alpha 0.669 | complete
Ep 361 | 드론4 목적지48 |  853스텝 | 배송 48/48 | 재적재  8 | 중계율 0.15 | alpha 0.660 | complete
Ep 362 | 드론3 목적지57 |  972스텝 | 배송 57/57 | 재적재 11 | 중계율 0.28 | alpha 0.644 | complete
Ep 363 | 드론3 목적지43 |  754스텝 | 배송 43/43 | 재적재  7 | 중계율 0.23 | alpha 0.628 | complete
Ep 364 | 드론3 목적지78 | 1000스텝 | 배송 69/78 | 재적재 11 | 중계율 0.22 | alpha 0.609 | step_limit
Ep 365 | 드론4 목적지74 | 1000스텝 | 배송 71/74 | 재적재 12 | 중계율 0.29 | alpha 0.598 | step_limit
Ep 366 | 드론3 목적지73 | 1000스텝 | 배송 61/73 | 재적재 11 | 중계율 0.28 | alpha 0.587 | step_limit
Ep 367 | 드론3 목적지48 |  967스텝 | 배송 48/48 | 재적재  7 | 중계율 0.33 | alpha 0.571 | complete
Ep 368 | 드론3 목적지24 |  707스텝 | 배송 24/24 | 재적재  2 | 중계율 0.38 | alpha 0.561 | complete
Ep 369 | 드론3 목적지71 | 1000스텝 | 배송 61/71 | 재적재 12 | 중계율 0.24 | alpha 0.554 | step_limit
Ep 370 | 드론3 목적지47 | 1000스텝 | 배송 45/47 | 재적재  9 | 중계율 0.35 | alpha 0.552 | step_limit
Ep 371 | 드론3 목적지45 |  780스텝 | 배송 45/45 | 재적재  8 | 중계율 0.22 | alpha 0.544 | complete
Ep 372 | 드론3 목적지65 | 1000스텝 | 배송 51/65 | 재적재  9 | 중계율 0.21 | alpha 0.542 | step_limit
Ep 373 | 드론3 목적지75 | 1000스텝 | 배송 63/75 | 재적재 12 | 중계율 0.23 | alpha 0.530 | step_limit
Ep 374 | 드론3 목적지59 |  991스텝 | 배송 59/59 | 재적재 11 | 중계율 0.26 | alpha 0.516 | complete
Ep 375 | 드론3 목적지49 |  921스텝 | 배송 49/49 | 재적재  7 | 중계율 0.33 | alpha 0.507 | complete
Ep 376 | 드론3 목적지41 |  804스텝 | 배송 41/41 | 재적재  6 | 중계율 0.32 | alpha 0.499 | complete
Ep 377 | 드론4 목적지71 |  833스텝 | 배송 71/71 | 재적재 13 | 중계율 0.27 | alpha 0.493 | complete
Ep 378 | 드론4 목적지34 |  662스텝 | 배송 34/34 | 재적재  5 | 중계율 0.32 | alpha 0.489 | complete
Ep 379 | 드론4 목적지77 |  986스텝 | 배송 77/77 | 재적재 14 | 중계율 0.22 | alpha 0.480 | complete
Ep 380 | 드론3 목적지23 |  552스텝 | 배송 23/23 | 재적재  2 | 중계율 0.33 | alpha 0.475 | complete
Ep 381 | 드론3 목적지24 |  464스텝 | 배송 24/24 | 재적재  4 | 중계율 0.20 | alpha 0.469 | complete
Ep 382 | 드론3 목적지20 |  533스텝 | 배송 20/20 | 재적재  3 | 중계율 0.28 | alpha 0.460 | complete
Ep 383 | 드론3 목적지67 | 1000스텝 | 배송 55/67 | 재적재  8 | 중계율 0.30 | alpha 0.453 | step_limit
Ep 384 | 드론3 목적지29 |  585스텝 | 배송 29/29 | 재적재  5 | 중계율 0.25 | alpha 0.447 | complete
Ep 385 | 드론3 목적지49 |  879스텝 | 배송 49/49 | 재적재  8 | 중계율 0.31 | alpha 0.440 | complete
Ep 386 | 드론3 목적지22 |  478스텝 | 배송 22/22 | 재적재  3 | 중계율 0.24 | alpha 0.430 | complete
Ep 387 | 드론3 목적지63 | 1000스텝 | 배송 55/63 | 재적재  8 | 중계율 0.33 | alpha 0.417 | step_limit
Ep 388 | 드론3 목적지61 | 1000스텝 | 배송 53/61 | 재적재 10 | 중계율 0.26 | alpha 0.409 | step_limit
Ep 389 | 드론3 목적지71 | 1000스텝 | 배송 65/71 | 재적재 10 | 중계율 0.25 | alpha 0.408 | step_limit
Ep 390 | 드론3 목적지68 | 1000스텝 | 배송 60/68 | 재적재 11 | 중계율 0.20 | alpha 0.402 | step_limit
Ep 391 | 드론4 목적지31 |  646스텝 | 배송 31/31 | 재적재  5 | 중계율 0.35 | alpha 0.398 | complete
Ep 392 | 드론3 목적지41 |  732스텝 | 배송 41/41 | 재적재  8 | 중계율 0.30 | alpha 0.389 | complete
Ep 393 | 드론3 목적지37 |  989스텝 | 배송 37/37 | 재적재  7 | 중계율 0.39 | alpha 0.382 | complete
Ep 394 | 드론4 목적지50 |  766스텝 | 배송 50/50 | 재적재  7 | 중계율 0.31 | alpha 0.378 | complete
Ep 395 | 드론4 목적지46 |  568스텝 | 배송 46/46 | 재적재  8 | 중계율 0.16 | alpha 0.374 | complete
Ep 396 | 드론3 목적지51 | 1000스텝 | 배송 46/51 | 재적재  9 | 중계율 0.26 | alpha 0.368 | step_limit
Ep 397 | 드론3 목적지41 |  895스텝 | 배송 41/41 | 재적재  6 | 중계율 0.32 | alpha 0.363 | complete
Ep 398 | 드론3 목적지75 | 1000스텝 | 배송 55/75 | 재적재 11 | 중계율 0.25 | alpha 0.352 | step_limit
Ep 399 | 드론4 목적지78 | 1000스텝 | 배송 74/78 | 재적재 13 | 중계율 0.19 | alpha 0.345 | step_limit
Ep 400 | 드론4 목적지77 |  945스텝 | 배송 77/77 | 재적재 14 | 중계율 0.27 | alpha 0.335 | complete
  [홀드아웃] 배송 49.4±2.5 완주 0.91 스텝 892 점수 119.4 재적재 7.5 2홉+ 0.61 | 최고 124.4@ep50 정체 7/15
Ep 401 | 드론4 목적지38 |  551스텝 | 배송 38/38 | 재적재  5 | 중계율 0.28 | alpha 0.332 | complete
Ep 402 | 드론4 목적지71 |  801스텝 | 배송 71/71 | 재적재 11 | 중계율 0.27 | alpha 0.324 | complete
Ep 403 | 드론3 목적지68 | 1000스텝 | 배송 60/68 | 재적재 10 | 중계율 0.32 | alpha 0.321 | step_limit
Ep 404 | 드론4 목적지34 |  694스텝 | 배송 34/34 | 재적재  4 | 중계율 0.32 | alpha 0.320 | complete
Ep 405 | 드론3 목적지50 |  748스텝 | 배송 50/50 | 재적재  9 | 중계율 0.21 | alpha 0.314 | complete
Ep 406 | 드론3 목적지67 | 1000스텝 | 배송 56/67 | 재적재 11 | 중계율 0.26 | alpha 0.317 | step_limit
Ep 407 | 드론3 목적지39 |  723스텝 | 배송 39/39 | 재적재  6 | 중계율 0.31 | alpha 0.315 | complete
Ep 408 | 드론3 목적지60 |  996스텝 | 배송 60/60 | 재적재 10 | 중계율 0.27 | alpha 0.314 | complete
Ep 409 | 드론4 목적지76 | 1000스텝 | 배송 72/76 | 재적재 12 | 중계율 0.25 | alpha 0.315 | step_limit
Ep 410 | 드론4 목적지42 |  708스텝 | 배송 42/42 | 재적재  6 | 중계율 0.30 | alpha 0.313 | complete
Ep 411 | 드론3 목적지63 |  889스텝 | 배송 63/63 | 재적재 11 | 중계율 0.24 | alpha 0.313 | complete
Ep 412 | 드론3 목적지79 | 1000스텝 | 배송 72/79 | 재적재 13 | 중계율 0.23 | alpha 0.314 | step_limit
Ep 413 | 드론3 목적지68 | 1000스텝 | 배송 57/68 | 재적재 10 | 중계율 0.22 | alpha 0.317 | step_limit
Ep 414 | 드론4 목적지71 |  661스텝 | 배송 71/71 | 재적재 12 | 중계율 0.18 | alpha 0.323 | complete
Ep 415 | 드론4 목적지31 |  538스텝 | 배송 31/31 | 재적재  4 | 중계율 0.32 | alpha 0.325 | complete
Ep 416 | 드론3 목적지55 | 1000스텝 | 배송 50/55 | 재적재  8 | 중계율 0.34 | alpha 0.329 | step_limit
Ep 417 | 드론3 목적지41 |  656스텝 | 배송 41/41 | 재적재  7 | 중계율 0.27 | alpha 0.333 | complete
Ep 418 | 드론4 목적지28 |  416스텝 | 배송 28/28 | 재적재  4 | 중계율 0.17 | alpha 0.335 | complete
Ep 419 | 드론3 목적지53 |  994스텝 | 배송 53/53 | 재적재  9 | 중계율 0.34 | alpha 0.338 | complete
Ep 420 | 드론3 목적지42 |  891스텝 | 배송 42/42 | 재적재  7 | 중계율 0.24 | alpha 0.341 | complete
Ep 421 | 드론3 목적지80 | 1000스텝 | 배송 73/80 | 재적재 13 | 중계율 0.18 | alpha 0.346 | step_limit
Ep 422 | 드론4 목적지37 |  973스텝 | 배송 37/37 | 재적재  6 | 중계율 0.38 | alpha 0.346 | complete
Ep 423 | 드론3 목적지30 |  570스텝 | 배송 30/30 | 재적재  4 | 중계율 0.24 | alpha 0.347 | complete
Ep 424 | 드론3 목적지74 | 1000스텝 | 배송 66/74 | 재적재 11 | 중계율 0.26 | alpha 0.349 | step_limit
Ep 425 | 드론3 목적지48 |  858스텝 | 배송 48/48 | 재적재  8 | 중계율 0.23 | alpha 0.353 | complete
Ep 426 | 드론3 목적지67 | 1000스텝 | 배송 56/67 | 재적재 11 | 중계율 0.34 | alpha 0.356 | step_limit
Ep 427 | 드론4 목적지29 |  488스텝 | 배송 29/29 | 재적재  4 | 중계율 0.25 | alpha 0.358 | complete
Ep 428 | 드론3 목적지75 | 1000스텝 | 배송 58/75 | 재적재 11 | 중계율 0.28 | alpha 0.360 | step_limit
Ep 429 | 드론4 목적지75 |  890스텝 | 배송 75/75 | 재적재 11 | 중계율 0.27 | alpha 0.365 | complete
Ep 430 | 드론4 목적지40 |  746스텝 | 배송 40/40 | 재적재  5 | 중계율 0.42 | alpha 0.367 | complete
Ep 431 | 드론4 목적지74 |  874스텝 | 배송 74/74 | 재적재 13 | 중계율 0.15 | alpha 0.369 | complete
Ep 432 | 드론3 목적지69 | 1000스텝 | 배송 60/69 | 재적재 11 | 중계율 0.32 | alpha 0.373 | step_limit
Ep 433 | 드론3 목적지76 | 1000스텝 | 배송 61/76 | 재적재 12 | 중계율 0.30 | alpha 0.372 | step_limit
Ep 434 | 드론3 목적지77 | 1000스텝 | 배송 64/77 | 재적재 10 | 중계율 0.28 | alpha 0.374 | step_limit
Ep 435 | 드론3 목적지60 |  995스텝 | 배송 60/60 | 재적재 10 | 중계율 0.23 | alpha 0.375 | complete
Ep 436 | 드론3 목적지68 | 1000스텝 | 배송 60/68 | 재적재 12 | 중계율 0.30 | alpha 0.379 | step_limit
Ep 437 | 드론3 목적지76 | 1000스텝 | 배송 64/76 | 재적재 11 | 중계율 0.30 | alpha 0.381 | step_limit
Ep 438 | 드론3 목적지54 | 1000스텝 | 배송 50/54 | 재적재  9 | 중계율 0.27 | alpha 0.383 | step_limit
Ep 439 | 드론4 목적지47 |  820스텝 | 배송 47/47 | 재적재  7 | 중계율 0.21 | alpha 0.387 | complete
Ep 440 | 드론3 목적지25 |  519스텝 | 배송 25/25 | 재적재  3 | 중계율 0.31 | alpha 0.387 | complete
Ep 441 | 드론3 목적지57 | 1000스텝 | 배송 55/57 | 재적재  9 | 중계율 0.29 | alpha 0.391 | step_limit
Ep 442 | 드론3 목적지30 |  465스텝 | 배송 30/30 | 재적재  4 | 중계율 0.22 | alpha 0.395 | complete
Ep 443 | 드론3 목적지73 | 1000스텝 | 배송 69/73 | 재적재 12 | 중계율 0.20 | alpha 0.401 | step_limit
Ep 444 | 드론3 목적지22 |  388스텝 | 배송 22/22 | 재적재  3 | 중계율 0.16 | alpha 0.405 | complete
Ep 445 | 드론3 목적지78 | 1000스텝 | 배송 70/78 | 재적재 12 | 중계율 0.23 | alpha 0.411 | step_limit
Ep 446 | 드론3 목적지55 |  996스텝 | 배송 55/55 | 재적재 10 | 중계율 0.33 | alpha 0.415 | complete
Ep 447 | 드론4 목적지26 |  271스텝 | 배송 26/26 | 재적재  3 | 중계율 0.13 | alpha 0.417 | complete
Ep 448 | 드론3 목적지28 |  860스텝 | 배송 28/28 | 재적재  4 | 중계율 0.27 | alpha 0.418 | complete
Ep 449 | 드론3 목적지44 |  815스텝 | 배송 44/44 | 재적재  7 | 중계율 0.31 | alpha 0.420 | complete
Ep 450 | 드론3 목적지68 | 1000스텝 | 배송 55/68 | 재적재 10 | 중계율 0.30 | alpha 0.427 | step_limit
  [홀드아웃] 배송 49.4±2.8 완주 0.89 스텝 954 점수 116.0 재적재 7.5 2홉+ 0.62 | 최고 124.4@ep50 정체 8/15
Ep 451 | 드론3 목적지49 | 1000스텝 | 배송 44/49 | 재적재  7 | 중계율 0.34 | alpha 0.432 | step_limit
Ep 452 | 드론3 목적지72 | 1000스텝 | 배송 60/72 | 재적재 10 | 중계율 0.30 | alpha 0.440 | step_limit
Ep 453 | 드론3 목적지68 |  847스텝 | 배송 68/68 | 재적재 12 | 중계율 0.17 | alpha 0.446 | complete
Ep 454 | 드론4 목적지74 | 1000스텝 | 배송 72/74 | 재적재 12 | 중계율 0.32 | alpha 0.453 | step_limit
Ep 455 | 드론4 목적지21 |  816스텝 | 배송 21/21 | 재적재  1 | 중계율 0.36 | alpha 0.461 | complete
Ep 456 | 드론3 목적지67 |  878스텝 | 배송 67/67 | 재적재 12 | 중계율 0.19 | alpha 0.470 | complete
Ep 457 | 드론3 목적지24 |  549스텝 | 배송 24/24 | 재적재  3 | 중계율 0.33 | alpha 0.470 | complete
Ep 458 | 드론3 목적지41 |  752스텝 | 배송 41/41 | 재적재  6 | 중계율 0.31 | alpha 0.473 | complete
Ep 459 | 드론3 목적지42 |  934스텝 | 배송 42/42 | 재적재  8 | 중계율 0.30 | alpha 0.466 | complete
Ep 460 | 드론3 목적지32 |  747스텝 | 배송 32/32 | 재적재  6 | 중계율 0.28 | alpha 0.470 | complete
Ep 461 | 드론3 목적지46 |  959스텝 | 배송 46/46 | 재적재  8 | 중계율 0.30 | alpha 0.477 | complete
Ep 462 | 드론3 목적지26 |  604스텝 | 배송 26/26 | 재적재  5 | 중계율 0.30 | alpha 0.479 | complete
Ep 463 | 드론4 목적지34 |  570스텝 | 배송 34/34 | 재적재  5 | 중계율 0.15 | alpha 0.480 | complete
Ep 464 | 드론4 목적지52 |  748스텝 | 배송 52/52 | 재적재 10 | 중계율 0.27 | alpha 0.480 | complete
Ep 465 | 드론4 목적지55 |  766스텝 | 배송 55/55 | 재적재 10 | 중계율 0.29 | alpha 0.481 | complete
Ep 466 | 드론4 목적지33 |  686스텝 | 배송 33/33 | 재적재  4 | 중계율 0.29 | alpha 0.482 | complete
Ep 467 | 드론4 목적지20 |  378스텝 | 배송 20/20 | 재적재  2 | 중계율 0.29 | alpha 0.481 | complete
Ep 468 | 드론3 목적지72 | 1000스텝 | 배송 60/72 | 재적재 11 | 중계율 0.30 | alpha 0.476 | step_limit
Ep 469 | 드론3 목적지31 |  638스텝 | 배송 31/31 | 재적재  5 | 중계율 0.31 | alpha 0.479 | complete
Ep 470 | 드론3 목적지55 | 1000스텝 | 배송 50/55 | 재적재  8 | 중계율 0.35 | alpha 0.483 | step_limit
Ep 471 | 드론3 목적지42 |  887스텝 | 배송 42/42 | 재적재  8 | 중계율 0.20 | alpha 0.482 | complete
Ep 472 | 드론3 목적지21 |  407스텝 | 배송 21/21 | 재적재  3 | 중계율 0.21 | alpha 0.482 | complete
Ep 473 | 드론4 목적지20 |  239스텝 | 배송 20/20 | 재적재  3 | 중계율 0.20 | alpha 0.483 | complete
Ep 474 | 드론3 목적지38 |  953스텝 | 배송 38/38 | 재적재  6 | 중계율 0.35 | alpha 0.491 | complete
Ep 475 | 드론4 목적지78 |  760스텝 | 배송 78/78 | 재적재 13 | 중계율 0.17 | alpha 0.495 | complete
Ep 476 | 드론3 목적지66 | 1000스텝 | 배송 61/66 | 재적재 11 | 중계율 0.21 | alpha 0.494 | step_limit
Ep 477 | 드론3 목적지29 |  662스텝 | 배송 29/29 | 재적재  5 | 중계율 0.31 | alpha 0.493 | complete
Ep 478 | 드론4 목적지55 |  629스텝 | 배송 55/55 | 재적재 10 | 중계율 0.22 | alpha 0.496 | complete
Ep 479 | 드론4 목적지63 |  892스텝 | 배송 63/63 | 재적재 11 | 중계율 0.22 | alpha 0.499 | complete
Ep 480 | 드론3 목적지22 |  569스텝 | 배송 22/22 | 재적재  2 | 중계율 0.30 | alpha 0.498 | complete
Ep 481 | 드론4 목적지61 | 1000스텝 | 배송 57/61 | 재적재  8 | 중계율 0.40 | alpha 0.495 | step_limit
Ep 482 | 드론4 목적지77 |  849스텝 | 배송 77/77 | 재적재 14 | 중계율 0.22 | alpha 0.492 | complete
Ep 483 | 드론3 목적지77 | 1000스텝 | 배송 73/77 | 재적재 13 | 중계율 0.24 | alpha 0.493 | step_limit
Ep 484 | 드론3 목적지21 |  373스텝 | 배송 21/21 | 재적재  2 | 중계율 0.23 | alpha 0.495 | complete
Ep 485 | 드론3 목적지32 |  615스텝 | 배송 32/32 | 재적재  4 | 중계율 0.32 | alpha 0.496 | complete
Ep 486 | 드론3 목적지55 |  959스텝 | 배송 55/55 | 재적재  9 | 중계율 0.26 | alpha 0.500 | complete
Ep 487 | 드론3 목적지29 |  629스텝 | 배송 29/29 | 재적재  4 | 중계율 0.31 | alpha 0.500 | complete
Ep 488 | 드론4 목적지28 |  492스텝 | 배송 28/28 | 재적재  4 | 중계율 0.29 | alpha 0.498 | complete
Ep 489 | 드론4 목적지57 |  843스텝 | 배송 57/57 | 재적재 10 | 중계율 0.23 | alpha 0.493 | complete
Ep 490 | 드론3 목적지57 | 1000스텝 | 배송 52/57 | 재적재 10 | 중계율 0.21 | alpha 0.491 | step_limit
Ep 491 | 드론3 목적지26 |  540스텝 | 배송 26/26 | 재적재  4 | 중계율 0.32 | alpha 0.490 | complete
Ep 492 | 드론3 목적지31 |  690스텝 | 배송 31/31 | 재적재  5 | 중계율 0.24 | alpha 0.488 | complete
Ep 493 | 드론3 목적지56 |  822스텝 | 배송 56/56 | 재적재 10 | 중계율 0.15 | alpha 0.483 | complete
Ep 494 | 드론3 목적지38 |  742스텝 | 배송 38/38 | 재적재  6 | 중계율 0.32 | alpha 0.486 | complete
Ep 495 | 드론3 목적지51 |  971스텝 | 배송 51/51 | 재적재  9 | 중계율 0.35 | alpha 0.481 | complete
Ep 496 | 드론3 목적지69 | 1000스텝 | 배송 60/69 | 재적재 10 | 중계율 0.28 | alpha 0.482 | step_limit
Ep 497 | 드론3 목적지65 | 1000스텝 | 배송 63/65 | 재적재 11 | 중계율 0.24 | alpha 0.485 | step_limit
Ep 498 | 드론3 목적지27 |  679스텝 | 배송 27/27 | 재적재  4 | 중계율 0.26 | alpha 0.495 | complete
Ep 499 | 드론3 목적지72 | 1000스텝 | 배송 62/72 | 재적재 11 | 중계율 0.27 | alpha 0.496 | step_limit
Ep 500 | 드론3 목적지55 |  908스텝 | 배송 55/55 | 재적재  9 | 중계율 0.30 | alpha 0.491 | complete
  [홀드아웃] 배송 50.0±0.2 완주 0.99 스텝 900 점수 126.8 재적재 7.7 2홉+ 0.62 | 최고 126.8@ep500 정체 0/15  ← 갱신
Ep 501 | 드론3 목적지65 | 1000스텝 | 배송 57/65 | 재적재 11 | 중계율 0.25 | alpha 0.489 | step_limit
Ep 502 | 드론4 목적지46 |  573스텝 | 배송 46/46 | 재적재  7 | 중계율 0.25 | alpha 0.494 | complete
Ep 503 | 드론3 목적지57 |  998스텝 | 배송 57/57 | 재적재 10 | 중계율 0.30 | alpha 0.491 | complete
Ep 504 | 드론3 목적지43 |  645스텝 | 배송 43/43 | 재적재  6 | 중계율 0.17 | alpha 0.490 | complete
Ep 505 | 드론4 목적지60 |  804스텝 | 배송 60/60 | 재적재 11 | 중계율 0.19 | alpha 0.495 | complete
Ep 506 | 드론3 목적지49 |  898스텝 | 배송 49/49 | 재적재  8 | 중계율 0.26 | alpha 0.494 | complete
Ep 507 | 드론3 목적지45 |  853스텝 | 배송 45/45 | 재적재  8 | 중계율 0.24 | alpha 0.495 | complete
Ep 508 | 드론3 목적지23 |  560스텝 | 배송 23/23 | 재적재  4 | 중계율 0.27 | alpha 0.493 | complete
Ep 509 | 드론4 목적지39 |  531스텝 | 배송 39/39 | 재적재  5 | 중계율 0.24 | alpha 0.496 | complete
Ep 510 | 드론3 목적지52 |  926스텝 | 배송 52/52 | 재적재  8 | 중계율 0.31 | alpha 0.496 | complete
Ep 511 | 드론4 목적지61 |  976스텝 | 배송 61/61 | 재적재 10 | 중계율 0.31 | alpha 0.494 | complete
Ep 512 | 드론4 목적지58 |  838스텝 | 배송 58/58 | 재적재  9 | 중계율 0.26 | alpha 0.490 | complete
Ep 513 | 드론3 목적지37 |  660스텝 | 배송 37/37 | 재적재  6 | 중계율 0.26 | alpha 0.487 | complete
Ep 514 | 드론3 목적지40 |  762스텝 | 배송 23/40 | 재적재  3 | 중계율 0.36 | alpha 0.485 | no_progress
Ep 515 | 드론4 목적지70 | 1000스텝 | 배송 69/70 | 재적재 11 | 중계율 0.29 | alpha 0.485 | step_limit
Ep 516 | 드론3 목적지45 | 1000스텝 | 배송 43/45 | 재적재  8 | 중계율 0.30 | alpha 0.483 | step_limit
Ep 517 | 드론4 목적지49 |  536스텝 | 배송 49/49 | 재적재  8 | 중계율 0.13 | alpha 0.480 | complete
Ep 518 | 드론3 목적지21 |  494스텝 | 배송 21/21 | 재적재  3 | 중계율 0.23 | alpha 0.481 | complete
Ep 519 | 드론4 목적지61 | 1000스텝 | 배송 56/61 | 재적재 10 | 중계율 0.26 | alpha 0.484 | step_limit
Ep 520 | 드론3 목적지25 |  530스텝 | 배송 25/25 | 재적재  4 | 중계율 0.19 | alpha 0.485 | complete
Ep 521 | 드론4 목적지44 |  547스텝 | 배송 44/44 | 재적재  7 | 중계율 0.23 | alpha 0.484 | complete
Ep 522 | 드론4 목적지28 |  398스텝 | 배송 28/28 | 재적재  4 | 중계율 0.22 | alpha 0.485 | complete
Ep 523 | 드론3 목적지52 |  930스텝 | 배송 52/52 | 재적재  9 | 중계율 0.25 | alpha 0.490 | complete
Ep 524 | 드론3 목적지26 |  506스텝 | 배송 26/26 | 재적재  4 | 중계율 0.24 | alpha 0.490 | complete
Ep 525 | 드론3 목적지61 | 1000스텝 | 배송 55/61 | 재적재  9 | 중계율 0.25 | alpha 0.486 | step_limit
Ep 526 | 드론4 목적지67 |  982스텝 | 배송 67/67 | 재적재 11 | 중계율 0.21 | alpha 0.491 | complete
Ep 527 | 드론3 목적지70 | 1000스텝 | 배송 65/70 | 재적재 11 | 중계율 0.31 | alpha 0.489 | step_limit
Ep 528 | 드론3 목적지74 | 1000스텝 | 배송 71/74 | 재적재 13 | 중계율 0.25 | alpha 0.489 | step_limit
Ep 529 | 드론3 목적지35 |  757스텝 | 배송 35/35 | 재적재  5 | 중계율 0.25 | alpha 0.488 | complete
Ep 530 | 드론4 목적지60 |  617스텝 | 배송 60/60 | 재적재  9 | 중계율 0.16 | alpha 0.483 | complete
Ep 531 | 드론3 목적지63 | 1000스텝 | 배송 60/63 | 재적재 12 | 중계율 0.27 | alpha 0.485 | step_limit
Ep 532 | 드론3 목적지65 | 1000스텝 | 배송 61/65 | 재적재 12 | 중계율 0.23 | alpha 0.481 | step_limit
Ep 533 | 드론4 목적지72 | 1000스텝 | 배송 68/72 | 재적재 12 | 중계율 0.34 | alpha 0.481 | step_limit
Ep 534 | 드론3 목적지75 | 1000스텝 | 배송 60/75 | 재적재 10 | 중계율 0.22 | alpha 0.480 | step_limit
Ep 535 | 드론4 목적지45 |  553스텝 | 배송 45/45 | 재적재  7 | 중계율 0.17 | alpha 0.477 | complete
Ep 536 | 드론3 목적지24 |  576스텝 | 배송 24/24 | 재적재  3 | 중계율 0.21 | alpha 0.474 | complete
Ep 537 | 드론4 목적지36 |  487스텝 | 배송 36/36 | 재적재  6 | 중계율 0.17 | alpha 0.470 | complete
Ep 538 | 드론3 목적지68 | 1000스텝 | 배송 67/68 | 재적재 11 | 중계율 0.26 | alpha 0.468 | step_limit
Ep 539 | 드론3 목적지38 |  588스텝 | 배송 38/38 | 재적재  7 | 중계율 0.17 | alpha 0.470 | complete
Ep 540 | 드론4 목적지45 |  606스텝 | 배송 45/45 | 재적재  7 | 중계율 0.23 | alpha 0.473 | complete
Ep 541 | 드론3 목적지44 |  928스텝 | 배송 44/44 | 재적재  8 | 중계율 0.24 | alpha 0.479 | complete
Ep 542 | 드론3 목적지31 |  650스텝 | 배송 31/31 | 재적재  5 | 중계율 0.21 | alpha 0.483 | complete
Ep 543 | 드론3 목적지57 | 1000스텝 | 배송 55/57 | 재적재  9 | 중계율 0.34 | alpha 0.483 | step_limit
Ep 544 | 드론3 목적지34 |  660스텝 | 배송 34/34 | 재적재  5 | 중계율 0.30 | alpha 0.478 | complete
Ep 545 | 드론3 목적지59 | 1000스텝 | 배송 58/59 | 재적재 11 | 중계율 0.29 | alpha 0.476 | step_limit
Ep 546 | 드론3 목적지74 | 1000스텝 | 배송 62/74 | 재적재 12 | 중계율 0.26 | alpha 0.476 | step_limit
Ep 547 | 드론3 목적지59 | 1000스텝 | 배송 49/59 | 재적재  7 | 중계율 0.31 | alpha 0.473 | step_limit
Ep 548 | 드론4 목적지30 |  665스텝 | 배송 30/30 | 재적재  5 | 중계율 0.33 | alpha 0.475 | complete
Ep 549 | 드론3 목적지37 |  715스텝 | 배송 37/37 | 재적재  6 | 중계율 0.32 | alpha 0.476 | complete
Ep 550 | 드론4 목적지78 | 1000스텝 | 배송 66/78 | 재적재 12 | 중계율 0.22 | alpha 0.472 | step_limit
  [홀드아웃] 배송 49.6±1.6 완주 0.93 스텝 941 점수 120.0 재적재 7.6 2홉+ 0.62 | 최고 126.8@ep500 정체 1/15
Ep 551 | 드론3 목적지62 | 1000스텝 | 배송 60/62 | 재적재 11 | 중계율 0.30 | alpha 0.471 | step_limit
Ep 552 | 드론4 목적지39 |  506스텝 | 배송 39/39 | 재적재  5 | 중계율 0.19 | alpha 0.471 | complete
Ep 553 | 드론3 목적지22 |  550스텝 | 배송 22/22 | 재적재  4 | 중계율 0.33 | alpha 0.470 | complete
Ep 554 | 드론3 목적지45 |  887스텝 | 배송 45/45 | 재적재  7 | 중계율 0.34 | alpha 0.471 | complete
Ep 555 | 드론3 목적지69 | 1000스텝 | 배송 50/69 | 재적재  8 | 중계율 0.35 | alpha 0.475 | step_limit
Ep 556 | 드론3 목적지25 |  645스텝 | 배송 25/25 | 재적재  4 | 중계율 0.24 | alpha 0.475 | complete
Ep 557 | 드론4 목적지34 |  429스텝 | 배송 34/34 | 재적재  5 | 중계율 0.22 | alpha 0.476 | complete
Ep 558 | 드론3 목적지57 |  966스텝 | 배송 57/57 | 재적재 10 | 중계율 0.31 | alpha 0.476 | complete
Ep 559 | 드론4 목적지79 |  999스텝 | 배송 79/79 | 재적재 13 | 중계율 0.26 | alpha 0.480 | complete
Ep 560 | 드론3 목적지38 |  661스텝 | 배송 38/38 | 재적재  6 | 중계율 0.26 | alpha 0.478 | complete
Ep 561 | 드론3 목적지30 |  686스텝 | 배송 30/30 | 재적재  4 | 중계율 0.27 | alpha 0.482 | complete
Ep 562 | 드론3 목적지65 | 1000스텝 | 배송 62/65 | 재적재 11 | 중계율 0.23 | alpha 0.489 | step_limit
Ep 563 | 드론4 목적지55 |  896스텝 | 배송 55/55 | 재적재  9 | 중계율 0.31 | alpha 0.498 | complete
Ep 564 | 드론4 목적지69 |  894스텝 | 배송 69/69 | 재적재 10 | 중계율 0.31 | alpha 0.505 | complete
Ep 565 | 드론4 목적지26 |  404스텝 | 배송 26/26 | 재적재  4 | 중계율 0.31 | alpha 0.510 | complete
Ep 566 | 드론3 목적지26 |  501스텝 | 배송 26/26 | 재적재  3 | 중계율 0.32 | alpha 0.514 | complete
Ep 567 | 드론4 목적지30 |  398스텝 | 배송 30/30 | 재적재  4 | 중계율 0.20 | alpha 0.514 | complete
Ep 568 | 드론3 목적지80 | 1000스텝 | 배송 76/80 | 재적재 13 | 중계율 0.20 | alpha 0.524 | step_limit
Ep 569 | 드론3 목적지52 |  779스텝 | 배송 52/52 | 재적재  9 | 중계율 0.22 | alpha 0.529 | complete
Ep 570 | 드론3 목적지60 | 1000스텝 | 배송 52/60 | 재적재 10 | 중계율 0.33 | alpha 0.534 | step_limit
Ep 571 | 드론4 목적지49 |  663스텝 | 배송 49/49 | 재적재  8 | 중계율 0.23 | alpha 0.537 | complete
Ep 572 | 드론3 목적지59 | 1000스텝 | 배송 55/59 | 재적재  9 | 중계율 0.29 | alpha 0.540 | step_limit
Ep 573 | 드론4 목적지32 |  643스텝 | 배송 32/32 | 재적재  4 | 중계율 0.38 | alpha 0.541 | complete
Ep 574 | 드론3 목적지59 | 1000스텝 | 배송 57/59 | 재적재 10 | 중계율 0.31 | alpha 0.539 | step_limit
Ep 575 | 드론3 목적지37 |  652스텝 | 배송 37/37 | 재적재  7 | 중계율 0.16 | alpha 0.539 | complete
Ep 576 | 드론3 목적지72 | 1000스텝 | 배송 65/72 | 재적재 13 | 중계율 0.27 | alpha 0.541 | step_limit
Ep 577 | 드론3 목적지35 |  534스텝 | 배송 35/35 | 재적재  6 | 중계율 0.24 | alpha 0.540 | complete
Ep 578 | 드론3 목적지61 |  866스텝 | 배송 61/61 | 재적재 10 | 중계율 0.20 | alpha 0.546 | complete
Ep 579 | 드론3 목적지36 |  632스텝 | 배송 36/36 | 재적재  5 | 중계율 0.26 | alpha 0.543 | complete
Ep 580 | 드론3 목적지38 |  706스텝 | 배송 38/38 | 재적재  7 | 중계율 0.23 | alpha 0.548 | complete
Ep 581 | 드론3 목적지72 | 1000스텝 | 배송 66/72 | 재적재 11 | 중계율 0.19 | alpha 0.546 | step_limit
Ep 582 | 드론3 목적지48 |  989스텝 | 배송 48/48 | 재적재  9 | 중계율 0.26 | alpha 0.542 | complete
Ep 583 | 드론3 목적지55 |  998스텝 | 배송 55/55 | 재적재 10 | 중계율 0.36 | alpha 0.546 | complete
Ep 584 | 드론3 목적지69 | 1000스텝 | 배송 64/69 | 재적재 12 | 중계율 0.26 | alpha 0.549 | step_limit
Ep 585 | 드론3 목적지68 | 1000스텝 | 배송 60/68 | 재적재 10 | 중계율 0.25 | alpha 0.547 | step_limit
Ep 586 | 드론3 목적지31 |  613스텝 | 배송 31/31 | 재적재  5 | 중계율 0.24 | alpha 0.552 | complete
Ep 587 | 드론4 목적지22 |  763스텝 | 배송 22/22 | 재적재  1 | 중계율 0.40 | alpha 0.553 | complete
Ep 588 | 드론4 목적지58 |  883스텝 | 배송 58/58 | 재적재  9 | 중계율 0.28 | alpha 0.556 | complete
Ep 589 | 드론3 목적지42 |  979스텝 | 배송 42/42 | 재적재  7 | 중계율 0.32 | alpha 0.555 | complete
Ep 590 | 드론3 목적지37 |  730스텝 | 배송 37/37 | 재적재  6 | 중계율 0.34 | alpha 0.559 | complete
Ep 591 | 드론4 목적지75 | 1000스텝 | 배송 63/75 | 재적재 12 | 중계율 0.29 | alpha 0.555 | step_limit
Ep 592 | 드론4 목적지32 |  635스텝 | 배송 32/32 | 재적재  4 | 중계율 0.35 | alpha 0.563 | complete
Ep 593 | 드론3 목적지33 |  603스텝 | 배송 33/33 | 재적재  6 | 중계율 0.29 | alpha 0.564 | complete
Ep 594 | 드론3 목적지50 |  645스텝 | 배송 50/50 | 재적재  8 | 중계율 0.19 | alpha 0.566 | complete
Ep 595 | 드론3 목적지27 |  633스텝 | 배송 27/27 | 재적재  5 | 중계율 0.29 | alpha 0.565 | complete
Ep 596 | 드론3 목적지25 |  381스텝 | 배송 25/25 | 재적재  4 | 중계율 0.12 | alpha 0.563 | complete
Ep 597 | 드론3 목적지23 |  557스텝 | 배송 23/23 | 재적재  4 | 중계율 0.36 | alpha 0.564 | complete
Ep 598 | 드론3 목적지59 | 1000스텝 | 배송 57/59 | 재적재 10 | 중계율 0.23 | alpha 0.560 | step_limit
Ep 599 | 드론3 목적지24 |  596스텝 | 배송 24/24 | 재적재  4 | 중계율 0.39 | alpha 0.557 | complete
Ep 600 | 드론3 목적지50 |  951스텝 | 배송 50/50 | 재적재  8 | 중계율 0.26 | alpha 0.558 | complete
  [홀드아웃] 배송 49.5±1.8 완주 0.90 스텝 936 점수 117.5 재적재 7.4 2홉+ 0.62 | 최고 126.8@ep500 정체 2/15
Ep 601 | 드론3 목적지52 |  882스텝 | 배송 52/52 | 재적재  9 | 중계율 0.25 | alpha 0.555 | complete
Ep 602 | 드론3 목적지48 |  793스텝 | 배송 48/48 | 재적재  8 | 중계율 0.32 | alpha 0.552 | complete
Ep 603 | 드론4 목적지65 |  793스텝 | 배송 65/65 | 재적재 11 | 중계율 0.27 | alpha 0.546 | complete
Ep 604 | 드론4 목적지64 |  816스텝 | 배송 64/64 | 재적재 10 | 중계율 0.22 | alpha 0.542 | complete
Ep 605 | 드론3 목적지77 | 1000스텝 | 배송 63/77 | 재적재 11 | 중계율 0.28 | alpha 0.543 | step_limit
Ep 606 | 드론3 목적지26 |  554스텝 | 배송 26/26 | 재적재  5 | 중계율 0.33 | alpha 0.541 | complete
Ep 607 | 드론4 목적지20 |  238스텝 | 배송 20/20 | 재적재  2 | 중계율 0.23 | alpha 0.544 | complete
Ep 608 | 드론3 목적지26 |  676스텝 | 배송 26/26 | 재적재  3 | 중계율 0.22 | alpha 0.547 | complete
Ep 609 | 드론3 목적지33 |  681스텝 | 배송 33/33 | 재적재  5 | 중계율 0.29 | alpha 0.548 | complete
Ep 610 | 드론3 목적지26 |  682스텝 | 배송 26/26 | 재적재  3 | 중계율 0.35 | alpha 0.552 | complete
Ep 611 | 드론3 목적지35 |  641스텝 | 배송 35/35 | 재적재  5 | 중계율 0.28 | alpha 0.562 | complete
Ep 612 | 드론3 목적지25 |  438스텝 | 배송 25/25 | 재적재  3 | 중계율 0.25 | alpha 0.563 | complete
Ep 613 | 드론3 목적지42 | 1000스텝 | 배송 41/42 | 재적재  6 | 중계율 0.30 | alpha 0.568 | step_limit
Ep 614 | 드론4 목적지76 | 1000스텝 | 배송 74/76 | 재적재 13 | 중계율 0.24 | alpha 0.570 | step_limit
Ep 615 | 드론3 목적지74 | 1000스텝 | 배송 65/74 | 재적재 10 | 중계율 0.31 | alpha 0.572 | step_limit
Ep 616 | 드론4 목적지78 | 1000스텝 | 배송 66/78 | 재적재 12 | 중계율 0.32 | alpha 0.578 | step_limit
Ep 617 | 드론3 목적지57 | 1000스텝 | 배송 50/57 | 재적재  8 | 중계율 0.25 | alpha 0.585 | step_limit
Ep 618 | 드론3 목적지25 |  444스텝 | 배송 25/25 | 재적재  2 | 중계율 0.29 | alpha 0.590 | complete
Ep 619 | 드론3 목적지35 |  958스텝 | 배송 35/35 | 재적재  5 | 중계율 0.36 | alpha 0.601 | complete
Ep 620 | 드론3 목적지47 |  861스텝 | 배송 47/47 | 재적재  8 | 중계율 0.19 | alpha 0.605 | complete
Ep 621 | 드론3 목적지24 |  441스텝 | 배송 24/24 | 재적재  3 | 중계율 0.22 | alpha 0.607 | complete
Ep 622 | 드론3 목적지42 |  764스텝 | 배송 42/42 | 재적재  7 | 중계율 0.29 | alpha 0.610 | complete
Ep 623 | 드론3 목적지57 | 1000스텝 | 배송 51/57 | 재적재  9 | 중계율 0.35 | alpha 0.615 | step_limit
Ep 624 | 드론3 목적지69 | 1000스텝 | 배송 66/69 | 재적재 12 | 중계율 0.27 | alpha 0.614 | step_limit
Ep 625 | 드론4 목적지79 |  725스텝 | 배송 79/79 | 재적재 13 | 중계율 0.14 | alpha 0.616 | complete
Ep 626 | 드론3 목적지26 |  612스텝 | 배송 26/26 | 재적재  3 | 중계율 0.36 | alpha 0.613 | complete
Ep 627 | 드론4 목적지30 |  473스텝 | 배송 30/30 | 재적재  3 | 중계율 0.24 | alpha 0.612 | complete
Ep 628 | 드론4 목적지53 |  835스텝 | 배송 53/53 | 재적재  8 | 중계율 0.27 | alpha 0.613 | complete
Ep 629 | 드론3 목적지40 |  753스텝 | 배송 40/40 | 재적재  6 | 중계율 0.35 | alpha 0.609 | complete
Ep 630 | 드론3 목적지33 |  515스텝 | 배송 33/33 | 재적재  5 | 중계율 0.18 | alpha 0.607 | complete
Ep 631 | 드론3 목적지58 | 1000스텝 | 배송 51/58 | 재적재 10 | 중계율 0.34 | alpha 0.612 | step_limit
Ep 632 | 드론3 목적지70 | 1000스텝 | 배송 60/70 | 재적재 11 | 중계율 0.27 | alpha 0.618 | step_limit
Ep 633 | 드론3 목적지37 |  677스텝 | 배송 37/37 | 재적재  6 | 중계율 0.25 | alpha 0.614 | complete
Ep 634 | 드론4 목적지41 |  559스텝 | 배송 41/41 | 재적재  7 | 중계율 0.30 | alpha 0.613 | complete
Ep 635 | 드론3 목적지64 | 1000스텝 | 배송 56/64 | 재적재  9 | 중계율 0.30 | alpha 0.616 | step_limit
Ep 636 | 드론3 목적지44 |  805스텝 | 배송 44/44 | 재적재  7 | 중계율 0.29 | alpha 0.608 | complete
Ep 637 | 드론3 목적지44 |  779스텝 | 배송 44/44 | 재적재  8 | 중계율 0.22 | alpha 0.610 | complete
Ep 638 | 드론3 목적지26 |  542스텝 | 배송 26/26 | 재적재  5 | 중계율 0.28 | alpha 0.621 | complete
Ep 639 | 드론3 목적지68 | 1000스텝 | 배송 57/68 | 재적재  9 | 중계율 0.33 | alpha 0.620 | step_limit
Ep 640 | 드론4 목적지20 |  262스텝 | 배송 20/20 | 재적재  3 | 중계율 0.15 | alpha 0.621 | complete
Ep 641 | 드론3 목적지57 | 1000스텝 | 배송 55/57 | 재적재  9 | 중계율 0.34 | alpha 0.623 | step_limit
Ep 642 | 드론3 목적지59 | 1000스텝 | 배송 58/59 | 재적재 10 | 중계율 0.28 | alpha 0.626 | step_limit
Ep 643 | 드론4 목적지76 | 1000스텝 | 배송 73/76 | 재적재 13 | 중계율 0.19 | alpha 0.632 | step_limit
Ep 644 | 드론3 목적지28 |  734스텝 | 배송 28/28 | 재적재  4 | 중계율 0.34 | alpha 0.630 | complete
Ep 645 | 드론3 목적지42 |  952스텝 | 배송 42/42 | 재적재  7 | 중계율 0.37 | alpha 0.633 | complete
Ep 646 | 드론3 목적지22 |  446스텝 | 배송 22/22 | 재적재  3 | 중계율 0.27 | alpha 0.634 | complete
Ep 647 | 드론3 목적지52 | 1000스텝 | 배송 50/52 | 재적재 10 | 중계율 0.34 | alpha 0.625 | step_limit
Ep 648 | 드론4 목적지37 |  803스텝 | 배송 37/37 | 재적재  5 | 중계율 0.38 | alpha 0.628 | complete
Ep 649 | 드론3 목적지24 |  457스텝 | 배송 24/24 | 재적재  4 | 중계율 0.19 | alpha 0.630 | complete
Ep 650 | 드론3 목적지80 | 1000스텝 | 배송 60/80 | 재적재 10 | 중계율 0.26 | alpha 0.644 | step_limit
  [홀드아웃] 배송 49.3±2.7 완주 0.88 스텝 914 점수 115.3 재적재 7.5 2홉+ 0.62 | 최고 126.8@ep500 정체 3/15
Ep 651 | 드론3 목적지34 |  685스텝 | 배송 34/34 | 재적재  6 | 중계율 0.29 | alpha 0.640 | complete
Ep 652 | 드론4 목적지51 |  926스텝 | 배송 51/51 | 재적재  9 | 중계율 0.30 | alpha 0.633 | complete
Ep 653 | 드론4 목적지23 |  370스텝 | 배송 23/23 | 재적재  3 | 중계율 0.31 | alpha 0.630 | complete
Ep 654 | 드론3 목적지22 |  411스텝 | 배송 22/22 | 재적재  2 | 중계율 0.22 | alpha 0.629 | complete
Ep 655 | 드론3 목적지45 |  938스텝 | 배송 45/45 | 재적재  7 | 중계율 0.33 | alpha 0.629 | complete
Ep 656 | 드론3 목적지67 | 1000스텝 | 배송 58/67 | 재적재 11 | 중계율 0.32 | alpha 0.623 | step_limit
Ep 657 | 드론3 목적지49 |  918스텝 | 배송 49/49 | 재적재  9 | 중계율 0.20 | alpha 0.619 | complete
Ep 658 | 드론4 목적지26 |  529스텝 | 배송 26/26 | 재적재  3 | 중계율 0.24 | alpha 0.617 | complete
Ep 659 | 드론4 목적지28 |  629스텝 | 배송 28/28 | 재적재  3 | 중계율 0.27 | alpha 0.615 | complete
Ep 660 | 드론3 목적지32 |  522스텝 | 배송 32/32 | 재적재  5 | 중계율 0.28 | alpha 0.614 | complete
Ep 661 | 드론4 목적지32 |  573스텝 | 배송 32/32 | 재적재  4 | 중계율 0.33 | alpha 0.608 | complete
Ep 662 | 드론3 목적지78 | 1000스텝 | 배송 65/78 | 재적재 11 | 중계율 0.33 | alpha 0.601 | step_limit
Ep 663 | 드론4 목적지56 |  545스텝 | 배송 56/56 | 재적재  8 | 중계율 0.24 | alpha 0.602 | complete
Ep 664 | 드론3 목적지50 |  862스텝 | 배송 50/50 | 재적재  9 | 중계율 0.24 | alpha 0.600 | complete
Ep 665 | 드론3 목적지43 |  966스텝 | 배송 43/43 | 재적재  8 | 중계율 0.26 | alpha 0.601 | complete
Ep 666 | 드론3 목적지71 | 1000스텝 | 배송 59/71 | 재적재 11 | 중계율 0.27 | alpha 0.598 | step_limit
Ep 667 | 드론3 목적지65 | 1000스텝 | 배송 57/65 | 재적재 10 | 중계율 0.32 | alpha 0.599 | step_limit
Ep 668 | 드론3 목적지32 |  563스텝 | 배송 32/32 | 재적재  5 | 중계율 0.20 | alpha 0.601 | complete
Ep 669 | 드론3 목적지39 |  555스텝 | 배송 39/39 | 재적재  6 | 중계율 0.23 | alpha 0.599 | complete
Ep 670 | 드론3 목적지29 |  669스텝 | 배송 29/29 | 재적재  4 | 중계율 0.24 | alpha 0.605 | complete
Ep 671 | 드론3 목적지80 | 1000스텝 | 배송 68/80 | 재적재 11 | 중계율 0.22 | alpha 0.618 | step_limit
Ep 672 | 드론3 목적지41 |  833스텝 | 배송 41/41 | 재적재  8 | 중계율 0.32 | alpha 0.617 | complete
Ep 673 | 드론4 목적지45 |  573스텝 | 배송 45/45 | 재적재  8 | 중계율 0.26 | alpha 0.615 | complete
Ep 674 | 드론3 목적지32 |  685스텝 | 배송 32/32 | 재적재  5 | 중계율 0.39 | alpha 0.622 | complete
Ep 675 | 드론3 목적지69 | 1000스텝 | 배송 67/69 | 재적재 12 | 중계율 0.20 | alpha 0.626 | step_limit
Ep 676 | 드론3 목적지60 | 1000스텝 | 배송 55/60 | 재적재 10 | 중계율 0.33 | alpha 0.636 | step_limit
Ep 677 | 드론3 목적지22 |  374스텝 | 배송 22/22 | 재적재  3 | 중계율 0.22 | alpha 0.636 | complete
Ep 678 | 드론4 목적지47 |  450스텝 | 배송 47/47 | 재적재  8 | 중계율 0.14 | alpha 0.635 | complete
Ep 679 | 드론3 목적지20 |  519스텝 | 배송 20/20 | 재적재  3 | 중계율 0.35 | alpha 0.631 | complete
Ep 680 | 드론3 목적지22 |  391스텝 | 배송 22/22 | 재적재  4 | 중계율 0.24 | alpha 0.631 | complete
Ep 681 | 드론4 목적지49 |  620스텝 | 배송 49/49 | 재적재  8 | 중계율 0.27 | alpha 0.629 | complete
Ep 682 | 드론4 목적지45 |  628스텝 | 배송 45/45 | 재적재  6 | 중계율 0.35 | alpha 0.627 | complete
Ep 683 | 드론4 목적지28 |  414스텝 | 배송 28/28 | 재적재  3 | 중계율 0.27 | alpha 0.633 | complete
Ep 684 | 드론3 목적지71 | 1000스텝 | 배송 60/71 | 재적재 10 | 중계율 0.36 | alpha 0.634 | step_limit
Ep 685 | 드론3 목적지60 | 1000스텝 | 배송 57/60 | 재적재 11 | 중계율 0.30 | alpha 0.634 | step_limit
Ep 686 | 드론3 목적지79 | 1000스텝 | 배송 70/79 | 재적재 11 | 중계율 0.26 | alpha 0.630 | step_limit
Ep 687 | 드론3 목적지21 |  402스텝 | 배송 21/21 | 재적재  2 | 중계율 0.25 | alpha 0.633 | complete
Ep 688 | 드론4 목적지75 | 1000스텝 | 배송 69/75 | 재적재 12 | 중계율 0.30 | alpha 0.642 | step_limit
Ep 689 | 드론3 목적지54 | 1000스텝 | 배송 50/54 | 재적재  9 | 중계율 0.29 | alpha 0.651 | step_limit
Ep 690 | 드론3 목적지79 | 1000스텝 | 배송 53/79 | 재적재 10 | 중계율 0.29 | alpha 0.654 | step_limit
Ep 691 | 드론3 목적지77 | 1000스텝 | 배송 64/77 | 재적재 11 | 중계율 0.27 | alpha 0.651 | step_limit
Ep 692 | 드론3 목적지50 |  831스텝 | 배송 50/50 | 재적재  8 | 중계율 0.30 | alpha 0.646 | complete
Ep 693 | 드론4 목적지68 |  915스텝 | 배송 68/68 | 재적재 12 | 중계율 0.21 | alpha 0.646 | complete
Ep 694 | 드론3 목적지74 | 1000스텝 | 배송 64/74 | 재적재 11 | 중계율 0.23 | alpha 0.650 | step_limit
Ep 695 | 드론3 목적지24 |  495스텝 | 배송 24/24 | 재적재  4 | 중계율 0.25 | alpha 0.653 | complete
Ep 696 | 드론3 목적지51 |  904스텝 | 배송 51/51 | 재적재  8 | 중계율 0.26 | alpha 0.652 | complete
Ep 697 | 드론3 목적지69 | 1000스텝 | 배송 60/69 | 재적재 11 | 중계율 0.34 | alpha 0.660 | step_limit
Ep 698 | 드론4 목적지42 |  881스텝 | 배송 42/42 | 재적재  7 | 중계율 0.21 | alpha 0.668 | complete
Ep 699 | 드론4 목적지27 |  492스텝 | 배송 27/27 | 재적재  4 | 중계율 0.28 | alpha 0.671 | complete
Ep 700 | 드론4 목적지60 |  888스텝 | 배송 60/60 | 재적재 11 | 중계율 0.24 | alpha 0.668 | complete
  [홀드아웃] 배송 49.9±0.5 완주 0.97 스텝 939 점수 125.0 재적재 7.6 2홉+ 0.62 | 최고 126.8@ep500 정체 4/15
Ep 701 | 드론3 목적지43 |  791스텝 | 배송 43/43 | 재적재  7 | 중계율 0.30 | alpha 0.667 | complete
Ep 702 | 드론3 목적지44 |  810스텝 | 배송 44/44 | 재적재  6 | 중계율 0.30 | alpha 0.674 | complete
Ep 703 | 드론3 목적지64 | 1000스텝 | 배송 60/64 | 재적재 12 | 중계율 0.25 | alpha 0.669 | step_limit
Ep 704 | 드론3 목적지59 | 1000스텝 | 배송 50/59 | 재적재  8 | 중계율 0.24 | alpha 0.671 | step_limit
Ep 705 | 드론3 목적지43 |  739스텝 | 배송 43/43 | 재적재  7 | 중계율 0.31 | alpha 0.677 | complete
Ep 706 | 드론4 목적지25 |  259스텝 | 배송 25/25 | 재적재  3 | 중계율 0.14 | alpha 0.677 | complete
Ep 707 | 드론3 목적지56 | 1000스텝 | 배송 54/56 | 재적재  8 | 중계율 0.33 | alpha 0.675 | step_limit
Ep 708 | 드론3 목적지79 | 1000스텝 | 배송 69/79 | 재적재 12 | 중계율 0.19 | alpha 0.670 | step_limit
Ep 709 | 드론3 목적지55 |  878스텝 | 배송 55/55 | 재적재  9 | 중계율 0.29 | alpha 0.659 | complete
Ep 710 | 드론4 목적지76 | 1000스텝 | 배송 58/76 | 재적재 10 | 중계율 0.25 | alpha 0.662 | step_limit
Ep 711 | 드론4 목적지58 | 1000스텝 | 배송 53/58 | 재적재  9 | 중계율 0.27 | alpha 0.667 | step_limit
Ep 712 | 드론3 목적지25 |  367스텝 | 배송 25/25 | 재적재  2 | 중계율 0.29 | alpha 0.672 | complete
Ep 713 | 드론3 목적지50 |  697스텝 | 배송 50/50 | 재적재  8 | 중계율 0.16 | alpha 0.672 | complete
Ep 714 | 드론3 목적지51 | 1000스텝 | 배송 48/51 | 재적재  9 | 중계율 0.28 | alpha 0.674 | step_limit
Ep 715 | 드론3 목적지68 | 1000스텝 | 배송 55/68 | 재적재  9 | 중계율 0.29 | alpha 0.687 | step_limit
Ep 716 | 드론3 목적지74 | 1000스텝 | 배송 65/74 | 재적재 11 | 중계율 0.28 | alpha 0.690 | step_limit
Ep 717 | 드론3 목적지37 |  685스텝 | 배송 37/37 | 재적재  7 | 중계율 0.29 | alpha 0.694 | complete
Ep 718 | 드론3 목적지66 |  927스텝 | 배송 66/66 | 재적재 12 | 중계율 0.19 | alpha 0.694 | complete
Ep 719 | 드론3 목적지42 |  592스텝 | 배송 42/42 | 재적재  7 | 중계율 0.20 | alpha 0.693 | complete
Ep 720 | 드론4 목적지66 |  706스텝 | 배송 66/66 | 재적재 12 | 중계율 0.20 | alpha 0.698 | complete
Ep 721 | 드론4 목적지55 |  592스텝 | 배송 55/55 | 재적재  9 | 중계율 0.23 | alpha 0.705 | complete
Ep 722 | 드론4 목적지20 |  448스텝 | 배송 20/20 | 재적재  1 | 중계율 0.30 | alpha 0.701 | complete
Ep 723 | 드론3 목적지54 |  744스텝 | 배송 54/54 | 재적재  9 | 중계율 0.21 | alpha 0.700 | complete
Ep 724 | 드론3 목적지53 |  924스텝 | 배송 53/53 | 재적재 10 | 중계율 0.26 | alpha 0.705 | complete
Ep 725 | 드론3 목적지72 | 1000스텝 | 배송 64/72 | 재적재 12 | 중계율 0.28 | alpha 0.706 | step_limit
Ep 726 | 드론4 목적지37 |  882스텝 | 배송 37/37 | 재적재  6 | 중계율 0.35 | alpha 0.707 | complete
Ep 727 | 드론3 목적지26 | 1000스텝 | 배송 25/26 | 재적재  4 | 중계율 0.33 | alpha 0.714 | step_limit
Ep 728 | 드론3 목적지58 |  955스텝 | 배송 58/58 | 재적재 10 | 중계율 0.27 | alpha 0.708 | complete
Ep 729 | 드론4 목적지27 |  600스텝 | 배송 27/27 | 재적재  3 | 중계율 0.28 | alpha 0.709 | complete
Ep 730 | 드론3 목적지67 | 1000스텝 | 배송 48/67 | 재적재  8 | 중계율 0.36 | alpha 0.710 | step_limit
Ep 731 | 드론3 목적지66 | 1000스텝 | 배송 65/66 | 재적재 12 | 중계율 0.24 | alpha 0.708 | step_limit
Ep 732 | 드론3 목적지48 |  912스텝 | 배송 48/48 | 재적재  8 | 중계율 0.36 | alpha 0.701 | complete
Ep 733 | 드론3 목적지39 |  694스텝 | 배송 39/39 | 재적재  5 | 중계율 0.31 | alpha 0.711 | complete
Ep 734 | 드론3 목적지73 | 1000스텝 | 배송 63/73 | 재적재 11 | 중계율 0.28 | alpha 0.722 | step_limit
Ep 735 | 드론4 목적지73 | 1000스텝 | 배송 64/73 | 재적재 11 | 중계율 0.32 | alpha 0.728 | step_limit
Ep 736 | 드론3 목적지30 |  570스텝 | 배송 30/30 | 재적재  4 | 중계율 0.31 | alpha 0.735 | complete
Ep 737 | 드론4 목적지47 |  847스텝 | 배송 47/47 | 재적재  7 | 중계율 0.23 | alpha 0.744 | complete
Ep 738 | 드론3 목적지53 |  973스텝 | 배송 53/53 | 재적재  9 | 중계율 0.38 | alpha 0.741 | complete
Ep 739 | 드론3 목적지36 |  546스텝 | 배송 36/36 | 재적재  6 | 중계율 0.14 | alpha 0.745 | complete
Ep 740 | 드론4 목적지55 |  658스텝 | 배송 55/55 | 재적재  9 | 중계율 0.23 | alpha 0.740 | complete
Ep 741 | 드론3 목적지24 |  466스텝 | 배송 24/24 | 재적재  4 | 중계율 0.16 | alpha 0.739 | complete
Ep 742 | 드론3 목적지38 |  803스텝 | 배송 38/38 | 재적재  5 | 중계율 0.36 | alpha 0.747 | complete
Ep 743 | 드론3 목적지28 |  687스텝 | 배송 28/28 | 재적재  4 | 중계율 0.26 | alpha 0.746 | complete
Ep 744 | 드론3 목적지59 | 1000스텝 | 배송 53/59 | 재적재  9 | 중계율 0.28 | alpha 0.740 | step_limit
Ep 745 | 드론3 목적지58 |  977스텝 | 배송 58/58 | 재적재 10 | 중계율 0.30 | alpha 0.732 | complete
Ep 746 | 드론3 목적지21 |  474스텝 | 배송 21/21 | 재적재  3 | 중계율 0.34 | alpha 0.732 | complete
Ep 747 | 드론3 목적지61 | 1000스텝 | 배송 49/61 | 재적재  8 | 중계율 0.20 | alpha 0.725 | step_limit
Ep 748 | 드론3 목적지34 |  543스텝 | 배송 34/34 | 재적재  5 | 중계율 0.19 | alpha 0.723 | complete
Ep 749 | 드론4 목적지39 |  617스텝 | 배송 39/39 | 재적재  5 | 중계율 0.30 | alpha 0.729 | complete
Ep 750 | 드론3 목적지63 | 1000스텝 | 배송 61/63 | 재적재 10 | 중계율 0.27 | alpha 0.722 | step_limit
  [홀드아웃] 배송 49.5±2.1 완주 0.94 스텝 935 점수 121.3 재적재 7.7 2홉+ 0.62 | 최고 126.8@ep500 정체 5/15
Ep 751 | 드론3 목적지68 | 1000스텝 | 배송 65/68 | 재적재 12 | 중계율 0.21 | alpha 0.715 | step_limit
Ep 752 | 드론3 목적지49 |  909스텝 | 배송 49/49 | 재적재  9 | 중계율 0.31 | alpha 0.725 | complete
Ep 753 | 드론4 목적지61 |  828스텝 | 배송 61/61 | 재적재 10 | 중계율 0.26 | alpha 0.724 | complete
Ep 754 | 드론3 목적지37 |  757스텝 | 배송 37/37 | 재적재  5 | 중계율 0.28 | alpha 0.724 | complete
Ep 755 | 드론3 목적지62 | 1000스텝 | 배송 59/62 | 재적재 10 | 중계율 0.23 | alpha 0.725 | step_limit
Ep 756 | 드론3 목적지28 |  665스텝 | 배송 28/28 | 재적재  5 | 중계율 0.23 | alpha 0.727 | complete
Ep 757 | 드론4 목적지54 |  980스텝 | 배송 54/54 | 재적재  9 | 중계율 0.40 | alpha 0.726 | complete
Ep 758 | 드론3 목적지59 | 1000스텝 | 배송 50/59 | 재적재  7 | 중계율 0.30 | alpha 0.724 | step_limit
Ep 759 | 드론4 목적지47 |  633스텝 | 배송 47/47 | 재적재  8 | 중계율 0.25 | alpha 0.717 | complete
Ep 760 | 드론4 목적지51 |  940스텝 | 배송 51/51 | 재적재  8 | 중계율 0.34 | alpha 0.714 | complete
Ep 761 | 드론3 목적지48 |  843스텝 | 배송 48/48 | 재적재  8 | 중계율 0.30 | alpha 0.708 | complete
Ep 762 | 드론3 목적지80 | 1000스텝 | 배송 69/80 | 재적재 13 | 중계율 0.30 | alpha 0.699 | step_limit
Ep 763 | 드론3 목적지34 |  429스텝 | 배송 34/34 | 재적재  5 | 중계율 0.11 | alpha 0.692 | complete
Ep 764 | 드론3 목적지46 |  875스텝 | 배송 46/46 | 재적재  7 | 중계율 0.22 | alpha 0.687 | complete
Ep 765 | 드론3 목적지74 | 1000스텝 | 배송 56/74 | 재적재 11 | 중계율 0.29 | alpha 0.680 | step_limit
Ep 766 | 드론3 목적지74 | 1000스텝 | 배송 65/74 | 재적재 12 | 중계율 0.24 | alpha 0.673 | step_limit
Ep 767 | 드론4 목적지67 | 1000스텝 | 배송 65/67 | 재적재 10 | 중계율 0.32 | alpha 0.665 | step_limit
Ep 768 | 드론3 목적지70 | 1000스텝 | 배송 41/70 | 재적재  6 | 중계율 0.31 | alpha 0.657 | step_limit
Ep 769 | 드론3 목적지54 |  981스텝 | 배송 54/54 | 재적재  9 | 중계율 0.36 | alpha 0.655 | complete
Ep 770 | 드론3 목적지45 |  884스텝 | 배송 45/45 | 재적재  8 | 중계율 0.32 | alpha 0.648 | complete
Ep 771 | 드론3 목적지27 |  579스텝 | 배송 27/27 | 재적재  5 | 중계율 0.20 | alpha 0.652 | complete
Ep 772 | 드론3 목적지26 |  493스텝 | 배송 26/26 | 재적재  4 | 중계율 0.19 | alpha 0.646 | complete
Ep 773 | 드론3 목적지77 | 1000스텝 | 배송 56/77 | 재적재 10 | 중계율 0.29 | alpha 0.645 | step_limit
Ep 774 | 드론3 목적지27 |  390스텝 | 배송 27/27 | 재적재  4 | 중계율 0.16 | alpha 0.646 | complete
Ep 775 | 드론3 목적지30 |  514스텝 | 배송 30/30 | 재적재  4 | 중계율 0.26 | alpha 0.646 | complete
Ep 776 | 드론3 목적지80 | 1000스텝 | 배송 66/80 | 재적재 13 | 중계율 0.17 | alpha 0.643 | step_limit
Ep 777 | 드론3 목적지59 |  972스텝 | 배송 59/59 | 재적재 10 | 중계율 0.28 | alpha 0.644 | complete
Ep 778 | 드론3 목적지77 | 1000스텝 | 배송 68/77 | 재적재 11 | 중계율 0.27 | alpha 0.644 | step_limit
Ep 779 | 드론3 목적지35 |  801스텝 | 배송 35/35 | 재적재  6 | 중계율 0.39 | alpha 0.653 | complete
Ep 780 | 드론3 목적지44 |  892스텝 | 배송 44/44 | 재적재  8 | 중계율 0.35 | alpha 0.661 | complete
Ep 781 | 드론3 목적지49 |  934스텝 | 배송 49/49 | 재적재  8 | 중계율 0.33 | alpha 0.666 | complete
Ep 782 | 드론3 목적지50 |  772스텝 | 배송 50/50 | 재적재  9 | 중계율 0.28 | alpha 0.673 | complete
Ep 783 | 드론3 목적지36 |  737스텝 | 배송 36/36 | 재적재  6 | 중계율 0.27 | alpha 0.677 | complete
Ep 784 | 드론3 목적지65 |  927스텝 | 배송 65/65 | 재적재 11 | 중계율 0.19 | alpha 0.683 | complete
Ep 785 | 드론3 목적지29 |  633스텝 | 배송 29/29 | 재적재  5 | 중계율 0.24 | alpha 0.686 | complete
Ep 786 | 드론3 목적지51 |  974스텝 | 배송 51/51 | 재적재  9 | 중계율 0.31 | alpha 0.683 | complete
Ep 787 | 드론4 목적지58 |  644스텝 | 배송 58/58 | 재적재 10 | 중계율 0.16 | alpha 0.683 | complete
Ep 788 | 드론3 목적지48 |  896스텝 | 배송 48/48 | 재적재  8 | 중계율 0.31 | alpha 0.683 | complete
Ep 789 | 드론3 목적지45 |  959스텝 | 배송 45/45 | 재적재  8 | 중계율 0.29 | alpha 0.688 | complete
Ep 790 | 드론3 목적지66 | 1000스텝 | 배송 60/66 | 재적재 10 | 중계율 0.29 | alpha 0.687 | step_limit
Ep 791 | 드론4 목적지59 | 1000스텝 | 배송 56/59 | 재적재 10 | 중계율 0.34 | alpha 0.690 | step_limit
Ep 792 | 드론3 목적지54 | 1000스텝 | 배송 53/54 | 재적재 10 | 중계율 0.31 | alpha 0.680 | step_limit
Ep 793 | 드론3 목적지28 |  576스텝 | 배송 28/28 | 재적재  4 | 중계율 0.26 | alpha 0.670 | complete
Ep 794 | 드론3 목적지32 |  573스텝 | 배송 32/32 | 재적재  5 | 중계율 0.20 | alpha 0.667 | complete
Ep 795 | 드론4 목적지52 |  878스텝 | 배송 52/52 | 재적재  9 | 중계율 0.37 | alpha 0.663 | complete
Ep 796 | 드론3 목적지52 | 1000스텝 | 배송 50/52 | 재적재  8 | 중계율 0.32 | alpha 0.660 | step_limit
Ep 797 | 드론3 목적지53 |  980스텝 | 배송 53/53 | 재적재  9 | 중계율 0.21 | alpha 0.663 | complete
Ep 798 | 드론3 목적지39 |  806스텝 | 배송 39/39 | 재적재  7 | 중계율 0.38 | alpha 0.667 | complete
Ep 799 | 드론3 목적지22 |  472스텝 | 배송 22/22 | 재적재  4 | 중계율 0.27 | alpha 0.665 | complete
Ep 800 | 드론3 목적지68 | 1000스텝 | 배송 56/68 | 재적재 10 | 중계율 0.27 | alpha 0.657 | step_limit
  [홀드아웃] 배송 49.6±2.2 완주 0.94 스텝 921 점수 121.5 재적재 7.7 2홉+ 0.61 | 최고 126.8@ep500 정체 6/15
Ep 801 | 드론3 목적지45 |  701스텝 | 배송 45/45 | 재적재  7 | 중계율 0.20 | alpha 0.659 | complete
Ep 802 | 드론3 목적지66 | 1000스텝 | 배송 65/66 | 재적재 13 | 중계율 0.27 | alpha 0.651 | step_limit
Ep 803 | 드론3 목적지48 | 1000스텝 | 배송 47/48 | 재적재  8 | 중계율 0.34 | alpha 0.644 | step_limit
Ep 804 | 드론3 목적지56 |  991스텝 | 배송 56/56 | 재적재 10 | 중계율 0.31 | alpha 0.638 | complete
Ep 805 | 드론3 목적지31 |  629스텝 | 배송 31/31 | 재적재  5 | 중계율 0.31 | alpha 0.641 | complete
Ep 806 | 드론4 목적지80 | 1000스텝 | 배송 70/80 | 재적재 12 | 중계율 0.31 | alpha 0.644 | step_limit
Ep 807 | 드론3 목적지73 | 1000스텝 | 배송 67/73 | 재적재 11 | 중계율 0.31 | alpha 0.648 | step_limit
Ep 808 | 드론3 목적지27 |  652스텝 | 배송 27/27 | 재적재  3 | 중계율 0.26 | alpha 0.646 | complete
Ep 809 | 드론3 목적지38 |  887스텝 | 배송 38/38 | 재적재  7 | 중계율 0.40 | alpha 0.645 | complete
Ep 810 | 드론3 목적지51 | 1000스텝 | 배송 47/51 | 재적재  7 | 중계율 0.30 | alpha 0.642 | step_limit
Ep 811 | 드론3 목적지37 |  643스텝 | 배송 37/37 | 재적재  6 | 중계율 0.23 | alpha 0.636 | complete
Ep 812 | 드론3 목적지35 |  574스텝 | 배송 35/35 | 재적재  5 | 중계율 0.30 | alpha 0.638 | complete
Ep 813 | 드론3 목적지48 |  986스텝 | 배송 48/48 | 재적재  8 | 중계율 0.33 | alpha 0.630 | complete
Ep 814 | 드론3 목적지70 | 1000스텝 | 배송 65/70 | 재적재 12 | 중계율 0.29 | alpha 0.637 | step_limit
Ep 815 | 드론3 목적지65 | 1000스텝 | 배송 60/65 | 재적재 10 | 중계율 0.22 | alpha 0.642 | step_limit
Ep 816 | 드론3 목적지48 |  885스텝 | 배송 48/48 | 재적재  9 | 중계율 0.29 | alpha 0.648 | complete
Ep 817 | 드론3 목적지52 | 1000스텝 | 배송 51/52 | 재적재  9 | 중계율 0.30 | alpha 0.658 | step_limit
Ep 818 | 드론3 목적지45 |  734스텝 | 배송 45/45 | 재적재  8 | 중계율 0.28 | alpha 0.663 | complete
Ep 819 | 드론3 목적지77 | 1000스텝 | 배송 60/77 | 재적재 10 | 중계율 0.33 | alpha 0.674 | step_limit
Ep 820 | 드론4 목적지30 |  497스텝 | 배송 30/30 | 재적재  3 | 중계율 0.30 | alpha 0.678 | complete
Ep 821 | 드론3 목적지52 |  990스텝 | 배송 52/52 | 재적재  9 | 중계율 0.30 | alpha 0.686 | complete
Ep 822 | 드론4 목적지77 |  833스텝 | 배송 77/77 | 재적재 13 | 중계율 0.22 | alpha 0.684 | complete
Ep 823 | 드론3 목적지42 |  781스텝 | 배송 42/42 | 재적재  8 | 중계율 0.29 | alpha 0.689 | complete
Ep 824 | 드론3 목적지41 |  814스텝 | 배송 41/41 | 재적재  8 | 중계율 0.33 | alpha 0.704 | complete
Ep 825 | 드론3 목적지54 | 1000스텝 | 배송 53/54 | 재적재  8 | 중계율 0.30 | alpha 0.710 | step_limit
Ep 826 | 드론4 목적지43 |  653스텝 | 배송 43/43 | 재적재  7 | 중계율 0.26 | alpha 0.717 | complete
Ep 827 | 드론3 목적지45 |  975스텝 | 배송 45/45 | 재적재  8 | 중계율 0.29 | alpha 0.720 | complete
Ep 828 | 드론4 목적지37 |  600스텝 | 배송 37/37 | 재적재  5 | 중계율 0.28 | alpha 0.722 | complete
Ep 829 | 드론3 목적지52 |  948스텝 | 배송 52/52 | 재적재  8 | 중계율 0.36 | alpha 0.713 | complete
Ep 830 | 드론4 목적지65 |  873스텝 | 배송 65/65 | 재적재 10 | 중계율 0.21 | alpha 0.710 | complete
Ep 831 | 드론3 목적지41 | 1000스텝 | 배송 31/41 | 재적재  5 | 중계율 0.34 | alpha 0.707 | step_limit
Ep 832 | 드론3 목적지27 |  545스텝 | 배송 27/27 | 재적재  5 | 중계율 0.28 | alpha 0.699 | complete
Ep 833 | 드론3 목적지70 | 1000스텝 | 배송 60/70 | 재적재 11 | 중계율 0.34 | alpha 0.684 | step_limit
Ep 834 | 드론3 목적지27 |  580스텝 | 배송 27/27 | 재적재  4 | 중계율 0.27 | alpha 0.685 | complete
Ep 835 | 드론4 목적지78 | 1000스텝 | 배송 64/78 | 재적재 11 | 중계율 0.29 | alpha 0.692 | step_limit
Ep 836 | 드론3 목적지71 | 1000스텝 | 배송 66/71 | 재적재 13 | 중계율 0.16 | alpha 0.698 | step_limit
Ep 837 | 드론3 목적지54 | 1000스텝 | 배송 50/54 | 재적재 10 | 중계율 0.32 | alpha 0.700 | step_limit
Ep 838 | 드론4 목적지76 |  906스텝 | 배송 76/76 | 재적재 13 | 중계율 0.20 | alpha 0.700 | complete
Ep 839 | 드론3 목적지78 | 1000스텝 | 배송 73/78 | 재적재 13 | 중계율 0.19 | alpha 0.700 | step_limit
Ep 840 | 드론3 목적지40 |  805스텝 | 배송 40/40 | 재적재  7 | 중계율 0.28 | alpha 0.694 | complete
Ep 841 | 드론3 목적지41 |  658스텝 | 배송 41/41 | 재적재  7 | 중계율 0.25 | alpha 0.695 | complete
Ep 842 | 드론3 목적지73 | 1000스텝 | 배송 65/73 | 재적재 11 | 중계율 0.27 | alpha 0.699 | step_limit
Ep 843 | 드론3 목적지79 | 1000스텝 | 배송 70/79 | 재적재 11 | 중계율 0.21 | alpha 0.699 | step_limit
Ep 844 | 드론3 목적지24 |  490스텝 | 배송 24/24 | 재적재  3 | 중계율 0.23 | alpha 0.698 | complete
Ep 845 | 드론3 목적지46 |  850스텝 | 배송 46/46 | 재적재  8 | 중계율 0.34 | alpha 0.692 | complete
Ep 846 | 드론3 목적지70 | 1000스텝 | 배송 62/70 | 재적재 12 | 중계율 0.30 | alpha 0.691 | step_limit
Ep 847 | 드론3 목적지69 | 1000스텝 | 배송 50/69 | 재적재  8 | 중계율 0.25 | alpha 0.694 | step_limit
Ep 848 | 드론4 목적지40 |  707스텝 | 배송 40/40 | 재적재  6 | 중계율 0.19 | alpha 0.699 | complete
Ep 849 | 드론4 목적지59 |  815스텝 | 배송 59/59 | 재적재  9 | 중계율 0.27 | alpha 0.707 | complete
Ep 850 | 드론4 목적지53 |  905스텝 | 배송 53/53 | 재적재  9 | 중계율 0.35 | alpha 0.708 | complete
  [홀드아웃] 배송 49.8±1.1 완주 0.94 스텝 971 점수 120.8 재적재 7.9 2홉+ 0.62 | 최고 126.8@ep500 정체 7/15
Ep 851 | 드론4 목적지35 |  365스텝 | 배송 35/35 | 재적재  5 | 중계율 0.15 | alpha 0.711 | complete
Ep 852 | 드론4 목적지76 | 1000스텝 | 배송 55/76 | 재적재  8 | 중계율 0.35 | alpha 0.717 | step_limit
Ep 853 | 드론3 목적지22 |  402스텝 | 배송 22/22 | 재적재  3 | 중계율 0.24 | alpha 0.714 | complete
Ep 854 | 드론3 목적지78 | 1000스텝 | 배송 71/78 | 재적재 13 | 중계율 0.19 | alpha 0.706 | step_limit
Ep 855 | 드론3 목적지80 | 1000스텝 | 배송 72/80 | 재적재 13 | 중계율 0.19 | alpha 0.697 | step_limit
Ep 856 | 드론3 목적지31 |  806스텝 | 배송 31/31 | 재적재  6 | 중계율 0.38 | alpha 0.687 | complete
Ep 857 | 드론3 목적지43 |  931스텝 | 배송 43/43 | 재적재  8 | 중계율 0.33 | alpha 0.683 | complete
Ep 858 | 드론3 목적지28 |  692스텝 | 배송 28/28 | 재적재  4 | 중계율 0.35 | alpha 0.685 | complete
Ep 859 | 드론3 목적지67 | 1000스텝 | 배송 66/67 | 재적재 12 | 중계율 0.24 | alpha 0.690 | step_limit
Ep 860 | 드론3 목적지38 |  584스텝 | 배송 38/38 | 재적재  6 | 중계율 0.19 | alpha 0.689 | complete
Ep 861 | 드론4 목적지45 | 1000스텝 | 배송 43/45 | 재적재  6 | 중계율 0.38 | alpha 0.686 | step_limit
Ep 862 | 드론4 목적지67 |  785스텝 | 배송 67/67 | 재적재 12 | 중계율 0.24 | alpha 0.682 | complete
Ep 863 | 드론3 목적지32 |  716스텝 | 배송 32/32 | 재적재  5 | 중계율 0.35 | alpha 0.685 | complete
Ep 864 | 드론3 목적지61 | 1000스텝 | 배송 60/61 | 재적재 11 | 중계율 0.28 | alpha 0.688 | step_limit
Ep 865 | 드론3 목적지57 |  998스텝 | 배송 57/57 | 재적재 10 | 중계율 0.30 | alpha 0.690 | complete
Ep 866 | 드론3 목적지32 |  724스텝 | 배송 32/32 | 재적재  6 | 중계율 0.38 | alpha 0.693 | complete
Ep 867 | 드론3 목적지20 |  375스텝 | 배송 20/20 | 재적재  3 | 중계율 0.26 | alpha 0.697 | complete
Ep 868 | 드론3 목적지22 |  740스텝 | 배송 22/22 | 재적재  4 | 중계율 0.30 | alpha 0.700 | complete
Ep 869 | 드론3 목적지57 | 1000스텝 | 배송 40/57 | 재적재  6 | 중계율 0.28 | alpha 0.708 | step_limit
Ep 870 | 드론3 목적지47 |  894스텝 | 배송 47/47 | 재적재  8 | 중계율 0.33 | alpha 0.696 | complete
Ep 871 | 드론4 목적지56 |  905스텝 | 배송 56/56 | 재적재 11 | 중계율 0.29 | alpha 0.693 | complete
Ep 872 | 드론3 목적지44 |  658스텝 | 배송 44/44 | 재적재  7 | 중계율 0.21 | alpha 0.688 | complete
Ep 873 | 드론3 목적지40 |  669스텝 | 배송 40/40 | 재적재  5 | 중계율 0.29 | alpha 0.684 | complete
Ep 874 | 드론4 목적지59 |  901스텝 | 배송 59/59 | 재적재  9 | 중계율 0.23 | alpha 0.679 | complete
Ep 875 | 드론3 목적지27 |  364스텝 | 배송 27/27 | 재적재  3 | 중계율 0.13 | alpha 0.676 | complete
Ep 876 | 드론4 목적지67 | 1000스텝 | 배송 60/67 | 재적재  9 | 중계율 0.29 | alpha 0.680 | step_limit
Ep 877 | 드론3 목적지35 |  583스텝 | 배송 35/35 | 재적재  4 | 중계율 0.26 | alpha 0.675 | complete
Ep 878 | 드론3 목적지62 | 1000스텝 | 배송 60/62 | 재적재 11 | 중계율 0.27 | alpha 0.672 | step_limit
Ep 879 | 드론3 목적지56 | 1000스텝 | 배송 50/56 | 재적재  8 | 중계율 0.38 | alpha 0.682 | step_limit
Ep 880 | 드론3 목적지49 |  833스텝 | 배송 49/49 | 재적재  9 | 중계율 0.25 | alpha 0.682 | complete
Ep 881 | 드론3 목적지75 |  975스텝 | 배송 75/75 | 재적재 14 | 중계율 0.16 | alpha 0.685 | complete
Ep 882 | 드론4 목적지44 |  607스텝 | 배송 44/44 | 재적재  6 | 중계율 0.28 | alpha 0.693 | complete
Ep 883 | 드론3 목적지63 | 1000스텝 | 배송 59/63 | 재적재 10 | 중계율 0.31 | alpha 0.709 | step_limit
Ep 884 | 드론3 목적지58 | 1000스텝 | 배송 55/58 | 재적재 10 | 중계율 0.26 | alpha 0.717 | step_limit
Ep 885 | 드론3 목적지62 | 1000스텝 | 배송 59/62 | 재적재 11 | 중계율 0.31 | alpha 0.726 | step_limit
Ep 886 | 드론3 목적지52 |  949스텝 | 배송 52/52 | 재적재 10 | 중계율 0.27 | alpha 0.746 | complete
Ep 887 | 드론3 목적지53 |  886스텝 | 배송 53/53 | 재적재  9 | 중계율 0.31 | alpha 0.755 | complete
Ep 888 | 드론3 목적지30 |  528스텝 | 배송 30/30 | 재적재  5 | 중계율 0.27 | alpha 0.756 | complete
Ep 889 | 드론4 목적지34 |  427스텝 | 배송 34/34 | 재적재  5 | 중계율 0.17 | alpha 0.756 | complete
Ep 890 | 드론3 목적지66 | 1000스텝 | 배송 60/66 | 재적재 10 | 중계율 0.29 | alpha 0.759 | step_limit
Ep 891 | 드론3 목적지74 | 1000스텝 | 배송 60/74 | 재적재 11 | 중계율 0.29 | alpha 0.754 | step_limit
Ep 892 | 드론3 목적지33 |  605스텝 | 배송 33/33 | 재적재  6 | 중계율 0.30 | alpha 0.746 | complete
Ep 893 | 드론4 목적지62 | 1000스텝 | 배송 59/62 | 재적재  9 | 중계율 0.33 | alpha 0.734 | step_limit
Ep 894 | 드론3 목적지78 | 1000스텝 | 배송 67/78 | 재적재 11 | 중계율 0.23 | alpha 0.731 | step_limit
Ep 895 | 드론3 목적지77 | 1000스텝 | 배송 65/77 | 재적재 10 | 중계율 0.31 | alpha 0.720 | step_limit
Ep 896 | 드론4 목적지63 | 1000스텝 | 배송 54/63 | 재적재  8 | 중계율 0.36 | alpha 0.719 | step_limit
Ep 897 | 드론4 목적지66 | 1000스텝 | 배송 54/66 | 재적재  8 | 중계율 0.34 | alpha 0.713 | step_limit
Ep 898 | 드론3 목적지70 | 1000스텝 | 배송 55/70 | 재적재  9 | 중계율 0.26 | alpha 0.717 | step_limit
Ep 899 | 드론3 목적지50 |  984스텝 | 배송 50/50 | 재적재  9 | 중계율 0.25 | alpha 0.713 | complete
Ep 900 | 드론4 목적지48 |  589스텝 | 배송 48/48 | 재적재  7 | 중계율 0.25 | alpha 0.710 | complete
  [홀드아웃] 배송 49.5±2.1 완주 0.95 스텝 933 점수 122.6 재적재 7.8 2홉+ 0.62 | 최고 126.8@ep500 정체 8/15
Ep 901 | 드론3 목적지78 | 1000스텝 | 배송 60/78 | 재적재 11 | 중계율 0.29 | alpha 0.713 | step_limit
Ep 902 | 드론3 목적지25 |  632스텝 | 배송 25/25 | 재적재  4 | 중계율 0.23 | alpha 0.718 | complete
Ep 903 | 드론3 목적지23 |  348스텝 | 배송 23/23 | 재적재  3 | 중계율 0.24 | alpha 0.717 | complete
Ep 904 | 드론3 목적지73 | 1000스텝 | 배송 69/73 | 재적재 11 | 중계율 0.22 | alpha 0.724 | step_limit
Ep 905 | 드론3 목적지80 | 1000스텝 | 배송 65/80 | 재적재 12 | 중계율 0.29 | alpha 0.740 | step_limit
Ep 906 | 드론3 목적지40 |  533스텝 | 배송 40/40 | 재적재  6 | 중계율 0.19 | alpha 0.740 | complete
Ep 907 | 드론3 목적지45 |  648스텝 | 배송 45/45 | 재적재  7 | 중계율 0.29 | alpha 0.747 | complete
Ep 908 | 드론3 목적지37 |  552스텝 | 배송 37/37 | 재적재  6 | 중계율 0.12 | alpha 0.751 | complete
Ep 909 | 드론3 목적지66 | 1000스텝 | 배송 60/66 | 재적재 11 | 중계율 0.27 | alpha 0.748 | step_limit
Ep 910 | 드론3 목적지62 | 1000스텝 | 배송 56/62 | 재적재 10 | 중계율 0.25 | alpha 0.755 | step_limit
Ep 911 | 드론3 목적지20 |  305스텝 | 배송 20/20 | 재적재  2 | 중계율 0.32 | alpha 0.759 | complete
Ep 912 | 드론3 목적지38 |  881스텝 | 배송 38/38 | 재적재  5 | 중계율 0.38 | alpha 0.760 | complete
Ep 913 | 드론3 목적지58 | 1000스텝 | 배송 55/58 | 재적재  9 | 중계율 0.24 | alpha 0.761 | step_limit
Ep 914 | 드론3 목적지64 | 1000스텝 | 배송 60/64 | 재적재 11 | 중계율 0.28 | alpha 0.752 | step_limit
Ep 915 | 드론3 목적지38 |  775스텝 | 배송 38/38 | 재적재  6 | 중계율 0.33 | alpha 0.758 | complete
Ep 916 | 드론3 목적지75 | 1000스텝 | 배송 63/75 | 재적재 12 | 중계율 0.19 | alpha 0.756 | step_limit
Ep 917 | 드론3 목적지53 |  773스텝 | 배송 53/53 | 재적재  9 | 중계율 0.18 | alpha 0.766 | complete
Ep 918 | 드론4 목적지33 |  535스텝 | 배송 33/33 | 재적재  5 | 중계율 0.31 | alpha 0.769 | complete
Ep 919 | 드론4 목적지77 |  866스텝 | 배송 77/77 | 재적재 13 | 중계율 0.26 | alpha 0.775 | complete
Ep 920 | 드론3 목적지21 |  403스텝 | 배송 21/21 | 재적재  3 | 중계율 0.33 | alpha 0.775 | complete
Ep 921 | 드론3 목적지35 |  726스텝 | 배송 35/35 | 재적재  5 | 중계율 0.32 | alpha 0.777 | complete
Ep 922 | 드론3 목적지41 |  895스텝 | 배송 41/41 | 재적재  7 | 중계율 0.41 | alpha 0.765 | complete
Ep 923 | 드론3 목적지79 | 1000스텝 | 배송 74/79 | 재적재 13 | 중계율 0.21 | alpha 0.751 | step_limit
Ep 924 | 드론3 목적지79 | 1000스텝 | 배송 67/79 | 재적재 12 | 중계율 0.31 | alpha 0.758 | step_limit
Ep 925 | 드론3 목적지65 | 1000스텝 | 배송 59/65 | 재적재 10 | 중계율 0.32 | alpha 0.757 | step_limit
Ep 926 | 드론3 목적지26 |  593스텝 | 배송 26/26 | 재적재  5 | 중계율 0.24 | alpha 0.758 | complete
Ep 927 | 드론3 목적지72 | 1000스텝 | 배송 67/72 | 재적재 12 | 중계율 0.27 | alpha 0.751 | step_limit
Ep 928 | 드론3 목적지50 |  806스텝 | 배송 50/50 | 재적재  9 | 중계율 0.22 | alpha 0.747 | complete
Ep 929 | 드론4 목적지48 |  780스텝 | 배송 48/48 | 재적재  8 | 중계율 0.28 | alpha 0.748 | complete
Ep 930 | 드론3 목적지21 |  577스텝 | 배송 21/21 | 재적재  3 | 중계율 0.31 | alpha 0.750 | complete
Ep 931 | 드론3 목적지71 |  935스텝 | 배송 71/71 | 재적재 13 | 중계율 0.16 | alpha 0.750 | complete
Ep 932 | 드론3 목적지70 | 1000스텝 | 배송 69/70 | 재적재 13 | 중계율 0.21 | alpha 0.747 | step_limit
Ep 933 | 드론3 목적지23 |  686스텝 | 배송 23/23 | 재적재  3 | 중계율 0.38 | alpha 0.745 | complete
Ep 934 | 드론3 목적지37 |  580스텝 | 배송 37/37 | 재적재  6 | 중계율 0.25 | alpha 0.735 | complete
Ep 935 | 드론3 목적지27 |  631스텝 | 배송 27/27 | 재적재  4 | 중계율 0.19 | alpha 0.728 | complete
Ep 936 | 드론4 목적지79 | 1000스텝 | 배송 76/79 | 재적재 15 | 중계율 0.30 | alpha 0.727 | step_limit
Ep 937 | 드론3 목적지33 |  693스텝 | 배송 33/33 | 재적재  5 | 중계율 0.26 | alpha 0.725 | complete
Ep 938 | 드론3 목적지41 |  770스텝 | 배송 41/41 | 재적재  7 | 중계율 0.37 | alpha 0.722 | complete
Ep 939 | 드론3 목적지48 | 1000스텝 | 배송 47/48 | 재적재  8 | 중계율 0.34 | alpha 0.716 | step_limit
Ep 940 | 드론3 목적지53 | 1000스텝 | 배송 49/53 | 재적재  8 | 중계율 0.33 | alpha 0.708 | step_limit
Ep 941 | 드론4 목적지67 | 1000스텝 | 배송 61/67 | 재적재 10 | 중계율 0.36 | alpha 0.707 | step_limit
Ep 942 | 드론3 목적지32 |  562스텝 | 배송 32/32 | 재적재  5 | 중계율 0.29 | alpha 0.705 | complete
Ep 943 | 드론4 목적지64 | 1000스텝 | 배송 60/64 | 재적재  9 | 중계율 0.34 | alpha 0.706 | step_limit
Ep 944 | 드론3 목적지41 |  725스텝 | 배송 41/41 | 재적재  6 | 중계율 0.24 | alpha 0.706 | complete
Ep 945 | 드론4 목적지60 | 1000스텝 | 배송 56/60 | 재적재  8 | 중계율 0.34 | alpha 0.693 | step_limit
Ep 946 | 드론3 목적지26 |  422스텝 | 배송 26/26 | 재적재  3 | 중계율 0.24 | alpha 0.690 | complete
Ep 947 | 드론3 목적지55 |  747스텝 | 배송 55/55 | 재적재 10 | 중계율 0.21 | alpha 0.685 | complete
Ep 948 | 드론3 목적지55 | 1000스텝 | 배송 50/55 | 재적재  8 | 중계율 0.29 | alpha 0.677 | step_limit
Ep 949 | 드론4 목적지56 |  843스텝 | 배송 56/56 | 재적재 10 | 중계율 0.30 | alpha 0.679 | complete
Ep 950 | 드론3 목적지21 |  481스텝 | 배송 21/21 | 재적재  3 | 중계율 0.22 | alpha 0.681 | complete
  [홀드아웃] 배송 49.1±3.6 완주 0.94 스텝 945 점수 121.1 재적재 7.8 2홉+ 0.62 | 최고 126.8@ep500 정체 9/15
Ep 951 | 드론3 목적지58 | 1000스텝 | 배송 53/58 | 재적재  8 | 중계율 0.30 | alpha 0.695 | step_limit
Ep 952 | 드론4 목적지74 | 1000스텝 | 배송 65/74 | 재적재 10 | 중계율 0.35 | alpha 0.701 | step_limit
Ep 953 | 드론4 목적지41 |  477스텝 | 배송 41/41 | 재적재  7 | 중계율 0.18 | alpha 0.699 | complete
Ep 954 | 드론3 목적지22 |  505스텝 | 배송 22/22 | 재적재  3 | 중계율 0.34 | alpha 0.697 | complete
Ep 955 | 드론3 목적지52 |  945스텝 | 배송 52/52 | 재적재 10 | 중계율 0.29 | alpha 0.690 | complete
Ep 956 | 드론4 목적지71 | 1000스텝 | 배송 67/71 | 재적재 12 | 중계율 0.32 | alpha 0.690 | step_limit
Ep 957 | 드론3 목적지47 |  803스텝 | 배송 47/47 | 재적재  9 | 중계율 0.26 | alpha 0.689 | complete
Ep 958 | 드론3 목적지59 |  995스텝 | 배송 59/59 | 재적재  9 | 중계율 0.35 | alpha 0.688 | complete
Ep 959 | 드론3 목적지35 |  592스텝 | 배송 35/35 | 재적재  6 | 중계율 0.21 | alpha 0.691 | complete
Ep 960 | 드론3 목적지47 |  815스텝 | 배송 47/47 | 재적재  7 | 중계율 0.19 | alpha 0.686 | complete
Ep 961 | 드론4 목적지41 |  546스텝 | 배송 41/41 | 재적재  6 | 중계율 0.30 | alpha 0.689 | complete
Ep 962 | 드론3 목적지32 |  668스텝 | 배송 32/32 | 재적재  5 | 중계율 0.19 | alpha 0.686 | complete
Ep 963 | 드론4 목적지57 |  727스텝 | 배송 57/57 | 재적재  9 | 중계율 0.26 | alpha 0.680 | complete
Ep 964 | 드론3 목적지79 | 1000스텝 | 배송 70/79 | 재적재 12 | 중계율 0.23 | alpha 0.665 | step_limit
Ep 965 | 드론3 목적지62 |  907스텝 | 배송 62/62 | 재적재 11 | 중계율 0.20 | alpha 0.663 | complete
Ep 966 | 드론3 목적지32 |  746스텝 | 배송 32/32 | 재적재  6 | 중계율 0.32 | alpha 0.671 | complete
Ep 967 | 드론3 목적지58 | 1000스텝 | 배송 53/58 | 재적재  9 | 중계율 0.24 | alpha 0.680 | step_limit
Ep 968 | 드론3 목적지25 |  558스텝 | 배송 25/25 | 재적재  3 | 중계율 0.34 | alpha 0.682 | complete
Ep 969 | 드론3 목적지48 | 1000스텝 | 배송 47/48 | 재적재  9 | 중계율 0.31 | alpha 0.684 | step_limit
Ep 970 | 드론3 목적지24 |  571스텝 | 배송 24/24 | 재적재  3 | 중계율 0.18 | alpha 0.686 | complete
Ep 971 | 드론3 목적지50 |  920스텝 | 배송 50/50 | 재적재  8 | 중계율 0.32 | alpha 0.688 | complete
Ep 972 | 드론3 목적지47 |  918스텝 | 배송 47/47 | 재적재  9 | 중계율 0.28 | alpha 0.696 | complete
Ep 973 | 드론3 목적지78 | 1000스텝 | 배송 73/78 | 재적재 14 | 중계율 0.18 | alpha 0.700 | step_limit
Ep 974 | 드론3 목적지68 | 1000스텝 | 배송 60/68 | 재적재 11 | 중계율 0.23 | alpha 0.698 | step_limit
Ep 975 | 드론3 목적지49 | 1000스텝 | 배송 46/49 | 재적재  9 | 중계율 0.36 | alpha 0.696 | step_limit
Ep 976 | 드론3 목적지78 | 1000스텝 | 배송 71/78 | 재적재 12 | 중계율 0.19 | alpha 0.701 | step_limit
Ep 977 | 드론3 목적지60 | 1000스텝 | 배송 58/60 | 재적재 11 | 중계율 0.29 | alpha 0.699 | step_limit
Ep 978 | 드론4 목적지41 |  472스텝 | 배송 41/41 | 재적재  7 | 중계율 0.16 | alpha 0.709 | complete
Ep 979 | 드론3 목적지43 |  667스텝 | 배송 43/43 | 재적재  7 | 중계율 0.20 | alpha 0.711 | complete
Ep 980 | 드론3 목적지23 |  445스텝 | 배송 23/23 | 재적재  3 | 중계율 0.28 | alpha 0.718 | complete
Ep 981 | 드론3 목적지44 |  770스텝 | 배송 44/44 | 재적재  8 | 중계율 0.27 | alpha 0.720 | complete
Ep 982 | 드론4 목적지50 |  720스텝 | 배송 50/50 | 재적재  8 | 중계율 0.29 | alpha 0.720 | complete
Ep 983 | 드론3 목적지74 | 1000스텝 | 배송 59/74 | 재적재 11 | 중계율 0.22 | alpha 0.719 | step_limit
Ep 984 | 드론3 목적지38 |  787스텝 | 배송 38/38 | 재적재  7 | 중계율 0.30 | alpha 0.727 | complete
Ep 985 | 드론3 목적지77 | 1000스텝 | 배송 61/77 | 재적재 11 | 중계율 0.23 | alpha 0.737 | step_limit
Ep 986 | 드론3 목적지65 | 1000스텝 | 배송 64/65 | 재적재 11 | 중계율 0.21 | alpha 0.747 | step_limit
Ep 987 | 드론4 목적지67 |  769스텝 | 배송 67/67 | 재적재 11 | 중계율 0.20 | alpha 0.750 | complete
Ep 988 | 드론4 목적지73 | 1000스텝 | 배송 70/73 | 재적재 13 | 중계율 0.24 | alpha 0.753 | step_limit
Ep 989 | 드론3 목적지42 |  874스텝 | 배송 42/42 | 재적재  6 | 중계율 0.38 | alpha 0.751 | complete
Ep 990 | 드론4 목적지47 |  679스텝 | 배송 47/47 | 재적재  7 | 중계율 0.20 | alpha 0.752 | complete
Ep 991 | 드론4 목적지54 |  635스텝 | 배송 54/54 | 재적재 10 | 중계율 0.18 | alpha 0.752 | complete
Ep 992 | 드론3 목적지60 | 1000스텝 | 배송 59/60 | 재적재 10 | 중계율 0.34 | alpha 0.745 | step_limit
Ep 993 | 드론3 목적지46 | 1000스텝 | 배송 45/46 | 재적재  7 | 중계율 0.29 | alpha 0.748 | step_limit
Ep 994 | 드론3 목적지75 | 1000스텝 | 배송 57/75 | 재적재 10 | 중계율 0.37 | alpha 0.738 | step_limit
Ep 995 | 드론3 목적지54 |  957스텝 | 배송 54/54 | 재적재  9 | 중계율 0.31 | alpha 0.729 | complete
Ep 996 | 드론4 목적지45 |  633스텝 | 배송 45/45 | 재적재  8 | 중계율 0.23 | alpha 0.728 | complete
Ep 997 | 드론3 목적지55 | 1000스텝 | 배송 53/55 | 재적재  9 | 중계율 0.34 | alpha 0.722 | step_limit
Ep 998 | 드론4 목적지80 | 1000스텝 | 배송 70/80 | 재적재 11 | 중계율 0.29 | alpha 0.715 | step_limit
Ep 999 | 드론3 목적지35 |  652스텝 | 배송 35/35 | 재적재  6 | 중계율 0.26 | alpha 0.704 | complete
Ep 1000 | 드론4 목적지70 | 1000스텝 | 배송 69/70 | 재적재 12 | 중계율 0.28 | alpha 0.700 | step_limit
  [홀드아웃] 배송 49.6±2.0 완주 0.95 스텝 943 점수 122.4 재적재 8.1 2홉+ 0.61 | 최고 126.8@ep500 정체 10/15
Ep 1001 | 드론3 목적지69 | 1000스텝 | 배송 60/69 | 재적재 11 | 중계율 0.25 | alpha 0.692 | step_limit
Ep 1002 | 드론3 목적지56 | 1000스텝 | 배송 55/56 | 재적재  9 | 중계율 0.31 | alpha 0.685 | step_limit
Ep 1003 | 드론3 목적지22 |  441스텝 | 배송 22/22 | 재적재  3 | 중계율 0.36 | alpha 0.680 | complete
Ep 1004 | 드론3 목적지45 |  925스텝 | 배송 45/45 | 재적재  7 | 중계율 0.35 | alpha 0.680 | complete
Ep 1005 | 드론3 목적지72 | 1000스텝 | 배송 60/72 | 재적재 12 | 중계율 0.26 | alpha 0.680 | step_limit
Ep 1006 | 드론3 목적지30 |  609스텝 | 배송 30/30 | 재적재  5 | 중계율 0.20 | alpha 0.676 | complete
Ep 1007 | 드론3 목적지24 |  458스텝 | 배송 24/24 | 재적재  3 | 중계율 0.25 | alpha 0.671 | complete
Ep 1008 | 드론3 목적지34 |  630스텝 | 배송 34/34 | 재적재  6 | 중계율 0.30 | alpha 0.665 | complete
Ep 1009 | 드론3 목적지33 |  566스텝 | 배송 33/33 | 재적재  5 | 중계율 0.28 | alpha 0.667 | complete
Ep 1010 | 드론4 목적지23 |  439스텝 | 배송 23/23 | 재적재  3 | 중계율 0.32 | alpha 0.670 | complete
Ep 1011 | 드론3 목적지65 | 1000스텝 | 배송 64/65 | 재적재 11 | 중계율 0.25 | alpha 0.666 | step_limit
Ep 1012 | 드론3 목적지28 |  514스텝 | 배송 28/28 | 재적재  5 | 중계율 0.26 | alpha 0.668 | complete
Ep 1013 | 드론3 목적지68 | 1000스텝 | 배송 59/68 | 재적재 11 | 중계율 0.25 | alpha 0.676 | step_limit
Ep 1014 | 드론3 목적지20 |  481스텝 | 배송 20/20 | 재적재  3 | 중계율 0.20 | alpha 0.682 | complete
Ep 1015 | 드론3 목적지70 | 1000스텝 | 배송 60/70 | 재적재 12 | 중계율 0.26 | alpha 0.684 | step_limit
Ep 1016 | 드론3 목적지79 | 1000스텝 | 배송 70/79 | 재적재 13 | 중계율 0.19 | alpha 0.684 | step_limit
Ep 1017 | 드론4 목적지38 |  858스텝 | 배송 38/38 | 재적재  6 | 중계율 0.38 | alpha 0.676 | complete
Ep 1018 | 드론3 목적지70 | 1000스텝 | 배송 60/70 | 재적재  9 | 중계율 0.30 | alpha 0.665 | step_limit
Ep 1019 | 드론3 목적지65 | 1000스텝 | 배송 54/65 | 재적재  9 | 중계율 0.31 | alpha 0.670 | step_limit
Ep 1020 | 드론4 목적지43 |  523스텝 | 배송 43/43 | 재적재  7 | 중계율 0.27 | alpha 0.671 | complete
Ep 1021 | 드론3 목적지45 |  862스텝 | 배송 45/45 | 재적재  8 | 중계율 0.26 | alpha 0.674 | complete
Ep 1022 | 드론3 목적지63 | 1000스텝 | 배송 50/63 | 재적재 10 | 중계율 0.36 | alpha 0.685 | step_limit
Ep 1023 | 드론3 목적지38 |  797스텝 | 배송 38/38 | 재적재  6 | 중계율 0.27 | alpha 0.681 | complete
Ep 1024 | 드론4 목적지80 | 1000스텝 | 배송 70/80 | 재적재 11 | 중계율 0.33 | alpha 0.685 | step_limit
Ep 1025 | 드론3 목적지45 | 1000스텝 | 배송 44/45 | 재적재  8 | 중계율 0.31 | alpha 0.698 | step_limit
Ep 1026 | 드론3 목적지30 |  676스텝 | 배송 30/30 | 재적재  5 | 중계율 0.25 | alpha 0.703 | complete
Ep 1027 | 드론3 목적지24 |  453스텝 | 배송 24/24 | 재적재  4 | 중계율 0.24 | alpha 0.706 | complete
Ep 1028 | 드론3 목적지24 |  557스텝 | 배송 24/24 | 재적재  2 | 중계율 0.35 | alpha 0.713 | complete
Ep 1029 | 드론4 목적지58 | 1000스텝 | 배송 56/58 | 재적재  9 | 중계율 0.36 | alpha 0.720 | step_limit
Ep 1030 | 드론3 목적지62 | 1000스텝 | 배송 60/62 | 재적재  9 | 중계율 0.30 | alpha 0.721 | step_limit
Ep 1031 | 드론3 목적지26 |  601스텝 | 배송 26/26 | 재적재  4 | 중계율 0.28 | alpha 0.718 | complete
Ep 1032 | 드론3 목적지61 | 1000스텝 | 배송 60/61 | 재적재 10 | 중계율 0.29 | alpha 0.720 | step_limit
Ep 1033 | 드론3 목적지54 | 1000스텝 | 배송 50/54 | 재적재  8 | 중계율 0.31 | alpha 0.727 | step_limit
Ep 1034 | 드론3 목적지73 | 1000스텝 | 배송 60/73 | 재적재 11 | 중계율 0.35 | alpha 0.732 | step_limit
Ep 1035 | 드론3 목적지22 |  436스텝 | 배송 22/22 | 재적재  3 | 중계율 0.32 | alpha 0.732 | complete
Ep 1036 | 드론3 목적지56 | 1000스텝 | 배송 55/56 | 재적재  9 | 중계율 0.28 | alpha 0.743 | step_limit
Ep 1037 | 드론3 목적지56 | 1000스텝 | 배송 55/56 | 재적재  9 | 중계율 0.35 | alpha 0.758 | step_limit
Ep 1038 | 드론3 목적지66 | 1000스텝 | 배송 62/66 | 재적재 11 | 중계율 0.23 | alpha 0.754 | step_limit
Ep 1039 | 드론4 목적지75 |  871스텝 | 배송 75/75 | 재적재 14 | 중계율 0.24 | alpha 0.753 | complete
Ep 1040 | 드론4 목적지47 |  593스텝 | 배송 47/47 | 재적재  7 | 중계율 0.23 | alpha 0.754 | complete
Ep 1041 | 드론4 목적지21 |  350스텝 | 배송 21/21 | 재적재  2 | 중계율 0.26 | alpha 0.760 | complete
Ep 1042 | 드론3 목적지64 | 1000스텝 | 배송 54/64 | 재적재  8 | 중계율 0.22 | alpha 0.760 | step_limit
Ep 1043 | 드론3 목적지31 |  594스텝 | 배송 31/31 | 재적재  5 | 중계율 0.28 | alpha 0.758 | complete
Ep 1044 | 드론3 목적지49 |  805스텝 | 배송 49/49 | 재적재  8 | 중계율 0.31 | alpha 0.756 | complete
Ep 1045 | 드론4 목적지65 | 1000스텝 | 배송 61/65 | 재적재 12 | 중계율 0.31 | alpha 0.763 | step_limit
Ep 1046 | 드론3 목적지49 | 1000스텝 | 배송 47/49 | 재적재  7 | 중계율 0.37 | alpha 0.762 | step_limit
Ep 1047 | 드론4 목적지43 |  678스텝 | 배송 43/43 | 재적재  8 | 중계율 0.32 | alpha 0.753 | complete
Ep 1048 | 드론4 목적지66 | 1000스텝 | 배송 50/66 | 재적재  7 | 중계율 0.29 | alpha 0.744 | step_limit
Ep 1049 | 드론3 목적지77 | 1000스텝 | 배송 68/77 | 재적재 12 | 중계율 0.21 | alpha 0.740 | step_limit
Ep 1050 | 드론4 목적지23 |  489스텝 | 배송 23/23 | 재적재  2 | 중계율 0.30 | alpha 0.737 | complete
  [홀드아웃] 배송 49.7±1.6 완주 0.95 스텝 1035 점수 121.2 재적재 8.0 2홉+ 0.62 | 최고 126.8@ep500 정체 11/15
Ep 1051 | 드론3 목적지60 | 1000스텝 | 배송 50/60 | 재적재  9 | 중계율 0.29 | alpha 0.737 | step_limit
Ep 1052 | 드론3 목적지55 |  807스텝 | 배송 55/55 | 재적재  8 | 중계율 0.24 | alpha 0.736 | complete
Ep 1053 | 드론3 목적지29 |  509스텝 | 배송 29/29 | 재적재  5 | 중계율 0.25 | alpha 0.736 | complete
Ep 1054 | 드론3 목적지31 |  781스텝 | 배송 31/31 | 재적재  5 | 중계율 0.29 | alpha 0.743 | complete
Ep 1055 | 드론3 목적지64 | 1000스텝 | 배송 58/64 | 재적재 11 | 중계율 0.29 | alpha 0.745 | step_limit
Ep 1056 | 드론3 목적지68 |  939스텝 | 배송 68/68 | 재적재 12 | 중계율 0.19 | alpha 0.746 | complete
Ep 1057 | 드론3 목적지22 |  621스텝 | 배송 22/22 | 재적재  3 | 중계율 0.29 | alpha 0.742 | complete
Ep 1058 | 드론4 목적지49 | 1000스텝 | 배송 47/49 | 재적재  7 | 중계율 0.34 | alpha 0.739 | step_limit
Ep 1059 | 드론3 목적지20 |  269스텝 | 배송 20/20 | 재적재  3 | 중계율 0.09 | alpha 0.741 | complete
Ep 1060 | 드론3 목적지22 |  564스텝 | 배송 22/22 | 재적재  4 | 중계율 0.33 | alpha 0.743 | complete
Ep 1061 | 드론3 목적지46 |  694스텝 | 배송 46/46 | 재적재  8 | 중계율 0.26 | alpha 0.743 | complete
Ep 1062 | 드론3 목적지40 |  796스텝 | 배송 40/40 | 재적재  7 | 중계율 0.36 | alpha 0.742 | complete
Ep 1063 | 드론3 목적지62 | 1000스텝 | 배송 61/62 | 재적재 11 | 중계율 0.30 | alpha 0.733 | step_limit
Ep 1064 | 드론3 목적지23 |  381스텝 | 배송 23/23 | 재적재  3 | 중계율 0.21 | alpha 0.732 | complete
Ep 1065 | 드론3 목적지56 |  912스텝 | 배송 56/56 | 재적재 10 | 중계율 0.24 | alpha 0.733 | complete
Ep 1066 | 드론3 목적지52 |  930스텝 | 배송 52/52 | 재적재  9 | 중계율 0.30 | alpha 0.732 | complete
Ep 1067 | 드론3 목적지27 |  706스텝 | 배송 27/27 | 재적재  5 | 중계율 0.24 | alpha 0.726 | complete
Ep 1068 | 드론3 목적지22 |  550스텝 | 배송 22/22 | 재적재  2 | 중계율 0.24 | alpha 0.725 | complete
Ep 1069 | 드론3 목적지77 | 1000스텝 | 배송 55/77 | 재적재 11 | 중계율 0.29 | alpha 0.724 | step_limit
Ep 1070 | 드론3 목적지30 |  509스텝 | 배송 30/30 | 재적재  3 | 중계율 0.25 | alpha 0.725 | complete
Ep 1071 | 드론3 목적지77 | 1000스텝 | 배송 64/77 | 재적재 11 | 중계율 0.27 | alpha 0.721 | step_limit
Ep 1072 | 드론3 목적지53 | 1000스텝 | 배송 51/53 | 재적재  9 | 중계율 0.26 | alpha 0.715 | step_limit
Ep 1073 | 드론3 목적지42 |  946스텝 | 배송 42/42 | 재적재  8 | 중계율 0.32 | alpha 0.711 | complete
Ep 1074 | 드론4 목적지57 |  789스텝 | 배송 57/57 | 재적재  9 | 중계율 0.23 | alpha 0.700 | complete
Ep 1075 | 드론4 목적지65 | 1000스텝 | 배송 63/65 | 재적재 11 | 중계율 0.30 | alpha 0.699 | step_limit
Ep 1076 | 드론3 목적지49 |  948스텝 | 배송 49/49 | 재적재  8 | 중계율 0.35 | alpha 0.700 | complete
Ep 1077 | 드론4 목적지30 |  506스텝 | 배송 30/30 | 재적재  4 | 중계율 0.23 | alpha 0.703 | complete
Ep 1078 | 드론3 목적지52 | 1000스텝 | 배송 50/52 | 재적재  9 | 중계율 0.26 | alpha 0.710 | step_limit
Ep 1079 | 드론3 목적지30 |  604스텝 | 배송 30/30 | 재적재  5 | 중계율 0.22 | alpha 0.717 | complete
Ep 1080 | 드론3 목적지33 |  954스텝 | 배송 33/33 | 재적재  6 | 중계율 0.37 | alpha 0.727 | complete
Ep 1081 | 드론4 목적지73 |  928스텝 | 배송 73/73 | 재적재 12 | 중계율 0.24 | alpha 0.739 | complete
Ep 1082 | 드론4 목적지75 |  830스텝 | 배송 75/75 | 재적재 12 | 중계율 0.23 | alpha 0.745 | complete
Ep 1083 | 드론3 목적지56 |  887스텝 | 배송 56/56 | 재적재 10 | 중계율 0.30 | alpha 0.748 | complete
Ep 1084 | 드론4 목적지65 |  772스텝 | 배송 65/65 | 재적재 10 | 중계율 0.25 | alpha 0.761 | complete
Ep 1085 | 드론3 목적지58 | 1000스텝 | 배송 56/58 | 재적재 11 | 중계율 0.25 | alpha 0.774 | step_limit
Ep 1086 | 드론3 목적지39 |  841스텝 | 배송 39/39 | 재적재  5 | 중계율 0.33 | alpha 0.777 | complete
Ep 1087 | 드론3 목적지35 |  654스텝 | 배송 35/35 | 재적재  6 | 중계율 0.23 | alpha 0.776 | complete
Ep 1088 | 드론3 목적지30 |  490스텝 | 배송 30/30 | 재적재  5 | 중계율 0.16 | alpha 0.779 | complete
Ep 1089 | 드론3 목적지30 |  966스텝 | 배송 25/30 | 재적재  4 | 중계율 0.39 | alpha 0.790 | no_progress
Ep 1090 | 드론3 목적지33 |  602스텝 | 배송 33/33 | 재적재  6 | 중계율 0.37 | alpha 0.802 | complete
Ep 1091 | 드론3 목적지51 | 1000스텝 | 배송 50/51 | 재적재 10 | 중계율 0.38 | alpha 0.797 | step_limit
Ep 1092 | 드론4 목적지50 |  762스텝 | 배송 50/50 | 재적재  8 | 중계율 0.37 | alpha 0.799 | complete
Ep 1093 | 드론3 목적지61 | 1000스텝 | 배송 59/61 | 재적재  9 | 중계율 0.24 | alpha 0.785 | step_limit
Ep 1094 | 드론3 목적지78 | 1000스텝 | 배송 61/78 | 재적재 12 | 중계율 0.20 | alpha 0.783 | step_limit
Ep 1095 | 드론3 목적지80 | 1000스텝 | 배송 69/80 | 재적재 12 | 중계율 0.22 | alpha 0.776 | step_limit
Ep 1096 | 드론3 목적지42 |  854스텝 | 배송 42/42 | 재적재  7 | 중계율 0.39 | alpha 0.771 | complete
Ep 1097 | 드론3 목적지58 | 1000스텝 | 배송 54/58 | 재적재 10 | 중계율 0.29 | alpha 0.765 | step_limit
Ep 1098 | 드론4 목적지58 |  564스텝 | 배송 58/58 | 재적재 10 | 중계율 0.19 | alpha 0.764 | complete
Ep 1099 | 드론3 목적지73 | 1000스텝 | 배송 65/73 | 재적재 12 | 중계율 0.24 | alpha 0.763 | step_limit
Ep 1100 | 드론3 목적지59 |  976스텝 | 배송 59/59 | 재적재 11 | 중계율 0.20 | alpha 0.759 | complete
  [홀드아웃] 배송 49.3±3.6 완주 0.95 스텝 952 점수 122.3 재적재 8.0 2홉+ 0.62 | 최고 126.8@ep500 정체 12/15
Ep 1101 | 드론3 목적지45 |  751스텝 | 배송 45/45 | 재적재  7 | 중계율 0.30 | alpha 0.758 | complete
Ep 1102 | 드론3 목적지32 |  993스텝 | 배송 32/32 | 재적재  5 | 중계율 0.35 | alpha 0.749 | complete
Ep 1103 | 드론4 목적지27 |  576스텝 | 배송 27/27 | 재적재  3 | 중계율 0.31 | alpha 0.751 | complete
Ep 1104 | 드론4 목적지80 |  919스텝 | 배송 80/80 | 재적재 15 | 중계율 0.24 | alpha 0.751 | complete
Ep 1105 | 드론3 목적지61 | 1000스텝 | 배송 56/61 | 재적재  9 | 중계율 0.30 | alpha 0.752 | step_limit
Ep 1106 | 드론4 목적지28 |  330스텝 | 배송 28/28 | 재적재  4 | 중계율 0.14 | alpha 0.749 | complete
Ep 1107 | 드론3 목적지31 |  593스텝 | 배송 31/31 | 재적재  5 | 중계율 0.33 | alpha 0.744 | complete
Ep 1108 | 드론3 목적지25 |  482스텝 | 배송 25/25 | 재적재  3 | 중계율 0.30 | alpha 0.745 | complete
Ep 1109 | 드론3 목적지63 | 1000스텝 | 배송 59/63 | 재적재 11 | 중계율 0.28 | alpha 0.736 | step_limit
Ep 1110 | 드론3 목적지41 |  866스텝 | 배송 41/41 | 재적재  7 | 중계율 0.29 | alpha 0.739 | complete
Ep 1111 | 드론3 목적지68 | 1000스텝 | 배송 57/68 | 재적재 11 | 중계율 0.27 | alpha 0.748 | step_limit
Ep 1112 | 드론3 목적지63 |  994스텝 | 배송 63/63 | 재적재 12 | 중계율 0.28 | alpha 0.755 | complete
Ep 1113 | 드론4 목적지39 |  691스텝 | 배송 39/39 | 재적재  7 | 중계율 0.28 | alpha 0.762 | complete
Ep 1114 | 드론4 목적지75 |  994스텝 | 배송 75/75 | 재적재 13 | 중계율 0.29 | alpha 0.779 | complete
Ep 1115 | 드론3 목적지52 |  889스텝 | 배송 52/52 | 재적재  9 | 중계율 0.27 | alpha 0.785 | complete
Ep 1116 | 드론4 목적지72 | 1000스텝 | 배송 70/72 | 재적재 11 | 중계율 0.31 | alpha 0.786 | step_limit
Ep 1117 | 드론3 목적지29 |  651스텝 | 배송 29/29 | 재적재  5 | 중계율 0.29 | alpha 0.787 | complete
Ep 1118 | 드론3 목적지23 |  446스텝 | 배송 23/23 | 재적재  3 | 중계율 0.35 | alpha 0.786 | complete
Ep 1119 | 드론4 목적지75 | 1000스텝 | 배송 74/75 | 재적재 12 | 중계율 0.20 | alpha 0.794 | step_limit
Ep 1120 | 드론3 목적지45 |  861스텝 | 배송 45/45 | 재적재  7 | 중계율 0.35 | alpha 0.800 | complete
Ep 1121 | 드론3 목적지65 | 1000스텝 | 배송 60/65 | 재적재 10 | 중계율 0.30 | alpha 0.798 | step_limit
Ep 1122 | 드론3 목적지62 | 1000스텝 | 배송 58/62 | 재적재 10 | 중계율 0.26 | alpha 0.799 | step_limit
Ep 1123 | 드론4 목적지27 |  514스텝 | 배송 27/27 | 재적재  4 | 중계율 0.28 | alpha 0.798 | complete
Ep 1124 | 드론3 목적지36 |  595스텝 | 배송 36/36 | 재적재  5 | 중계율 0.28 | alpha 0.792 | complete
Ep 1125 | 드론3 목적지24 |  564스텝 | 배송 24/24 | 재적재  4 | 중계율 0.30 | alpha 0.788 | complete
Ep 1126 | 드론3 목적지37 |  722스텝 | 배송 37/37 | 재적재  6 | 중계율 0.31 | alpha 0.784 | complete
Ep 1127 | 드론3 목적지25 |  593스텝 | 배송 25/25 | 재적재  3 | 중계율 0.35 | alpha 0.779 | complete
Ep 1128 | 드론3 목적지38 |  853스텝 | 배송 38/38 | 재적재  6 | 중계율 0.32 | alpha 0.769 | complete
Ep 1129 | 드론3 목적지42 |  687스텝 | 배송 42/42 | 재적재  7 | 중계율 0.18 | alpha 0.769 | complete
Ep 1130 | 드론3 목적지80 | 1000스텝 | 배송 65/80 | 재적재 11 | 중계율 0.34 | alpha 0.753 | step_limit
Ep 1131 | 드론3 목적지41 |  845스텝 | 배송 41/41 | 재적재  7 | 중계율 0.26 | alpha 0.751 | complete
Ep 1132 | 드론3 목적지79 | 1000스텝 | 배송 60/79 | 재적재  9 | 중계율 0.36 | alpha 0.750 | step_limit
Ep 1133 | 드론3 목적지62 | 1000스텝 | 배송 58/62 | 재적재 10 | 중계율 0.23 | alpha 0.754 | step_limit
Ep 1134 | 드론3 목적지33 |  824스텝 | 배송 33/33 | 재적재  5 | 중계율 0.31 | alpha 0.764 | complete
Ep 1135 | 드론3 목적지61 | 1000스텝 | 배송 56/61 | 재적재 10 | 중계율 0.26 | alpha 0.772 | step_limit
Ep 1136 | 드론3 목적지53 |  849스텝 | 배송 53/53 | 재적재  9 | 중계율 0.29 | alpha 0.774 | complete
Ep 1137 | 드론3 목적지47 |  809스텝 | 배송 47/47 | 재적재  9 | 중계율 0.31 | alpha 0.781 | complete
Ep 1138 | 드론3 목적지24 |  423스텝 | 배송 24/24 | 재적재  3 | 중계율 0.20 | alpha 0.780 | complete
Ep 1139 | 드론3 목적지74 | 1000스텝 | 배송 67/74 | 재적재 12 | 중계율 0.27 | alpha 0.775 | step_limit
Ep 1140 | 드론3 목적지58 | 1000스텝 | 배송 56/58 | 재적재 11 | 중계율 0.26 | alpha 0.777 | step_limit
Ep 1141 | 드론3 목적지29 |  640스텝 | 배송 29/29 | 재적재  5 | 중계율 0.24 | alpha 0.777 | complete
Ep 1142 | 드론3 목적지53 | 1000스텝 | 배송 50/53 | 재적재 10 | 중계율 0.34 | alpha 0.790 | step_limit
Ep 1143 | 드론3 목적지67 | 1000스텝 | 배송 59/67 | 재적재 11 | 중계율 0.27 | alpha 0.791 | step_limit
Ep 1144 | 드론3 목적지68 | 1000스텝 | 배송 60/68 | 재적재 12 | 중계율 0.25 | alpha 0.798 | step_limit
Ep 1145 | 드론3 목적지51 |  912스텝 | 배송 51/51 | 재적재  9 | 중계율 0.22 | alpha 0.804 | complete
Ep 1146 | 드론4 목적지50 |  817스텝 | 배송 50/50 | 재적재  9 | 중계율 0.32 | alpha 0.808 | complete
Ep 1147 | 드론3 목적지80 | 1000스텝 | 배송 70/80 | 재적재 12 | 중계율 0.22 | alpha 0.816 | step_limit
Ep 1148 | 드론4 목적지42 |  745스텝 | 배송 42/42 | 재적재  7 | 중계율 0.30 | alpha 0.829 | complete
Ep 1149 | 드론3 목적지30 |  653스텝 | 배송 30/30 | 재적재  5 | 중계율 0.27 | alpha 0.831 | complete
Ep 1150 | 드론3 목적지32 |  903스텝 | 배송 32/32 | 재적재  6 | 중계율 0.23 | alpha 0.839 | complete
  [홀드아웃] 배송 49.6±1.5 완주 0.94 스텝 945 점수 121.2 재적재 7.9 2홉+ 0.61 | 최고 126.8@ep500 정체 13/15
Ep 1151 | 드론3 목적지43 |  950스텝 | 배송 43/43 | 재적재  7 | 중계율 0.28 | alpha 0.844 | complete
Ep 1152 | 드론4 목적지64 | 1000스텝 | 배송 61/64 | 재적재 11 | 중계율 0.27 | alpha 0.840 | step_limit
Ep 1153 | 드론3 목적지44 |  817스텝 | 배송 44/44 | 재적재  7 | 중계율 0.33 | alpha 0.857 | complete
Ep 1154 | 드론3 목적지78 | 1000스텝 | 배송 50/78 | 재적재  9 | 중계율 0.23 | alpha 0.859 | step_limit
Ep 1155 | 드론3 목적지65 | 1000스텝 | 배송 62/65 | 재적재 11 | 중계율 0.21 | alpha 0.873 | step_limit
Ep 1156 | 드론3 목적지37 |  632스텝 | 배송 37/37 | 재적재  6 | 중계율 0.23 | alpha 0.874 | complete
Ep 1157 | 드론3 목적지70 | 1000스텝 | 배송 60/70 | 재적재 10 | 중계율 0.29 | alpha 0.889 | step_limit
Ep 1158 | 드론4 목적지67 |  990스텝 | 배송 67/67 | 재적재 13 | 중계율 0.35 | alpha 0.893 | complete
Ep 1159 | 드론3 목적지68 | 1000스텝 | 배송 60/68 | 재적재 10 | 중계율 0.37 | alpha 0.907 | step_limit
Ep 1160 | 드론3 목적지35 |  711스텝 | 배송 35/35 | 재적재  6 | 중계율 0.20 | alpha 0.912 | complete
Ep 1161 | 드론3 목적지41 |  912스텝 | 배송 41/41 | 재적재  7 | 중계율 0.29 | alpha 0.908 | complete
Ep 1162 | 드론3 목적지50 |  850스텝 | 배송 50/50 | 재적재  8 | 중계율 0.37 | alpha 0.918 | complete
Ep 1163 | 드론3 목적지42 |  803스텝 | 배송 42/42 | 재적재  7 | 중계율 0.29 | alpha 0.921 | complete
Ep 1164 | 드론3 목적지50 |  964스텝 | 배송 50/50 | 재적재  9 | 중계율 0.28 | alpha 0.911 | complete
Ep 1165 | 드론3 목적지69 | 1000스텝 | 배송 60/69 | 재적재 12 | 중계율 0.24 | alpha 0.917 | step_limit
Ep 1166 | 드론4 목적지22 |  432스텝 | 배송 22/22 | 재적재  3 | 중계율 0.18 | alpha 0.910 | complete
Ep 1167 | 드론3 목적지39 |  748스텝 | 배송 39/39 | 재적재  7 | 중계율 0.34 | alpha 0.918 | complete
Ep 1168 | 드론3 목적지24 |  411스텝 | 배송 24/24 | 재적재  4 | 중계율 0.19 | alpha 0.922 | complete
Ep 1169 | 드론4 목적지64 |  728스텝 | 배송 64/64 | 재적재 12 | 중계율 0.19 | alpha 0.919 | complete
Ep 1170 | 드론3 목적지56 | 1000스텝 | 배송 55/56 | 재적재  9 | 중계율 0.31 | alpha 0.916 | step_limit
Ep 1171 | 드론3 목적지79 | 1000스텝 | 배송 70/79 | 재적재 12 | 중계율 0.26 | alpha 0.910 | step_limit
Ep 1172 | 드론3 목적지53 |  887스텝 | 배송 53/53 | 재적재  9 | 중계율 0.27 | alpha 0.918 | complete
Ep 1173 | 드론3 목적지20 |  436스텝 | 배송 20/20 | 재적재  3 | 중계율 0.29 | alpha 0.922 | complete
Ep 1174 | 드론3 목적지32 |  495스텝 | 배송 32/32 | 재적재  4 | 중계율 0.28 | alpha 0.926 | complete
Ep 1175 | 드론3 목적지61 |  994스텝 | 배송 61/61 | 재적재 12 | 중계율 0.29 | alpha 0.925 | complete
Ep 1176 | 드론4 목적지40 |  708스텝 | 배송 40/40 | 재적재  7 | 중계율 0.23 | alpha 0.923 | complete
Ep 1177 | 드론4 목적지49 |  649스텝 | 배송 49/49 | 재적재  9 | 중계율 0.19 | alpha 0.922 | complete
Ep 1178 | 드론4 목적지43 |  471스텝 | 배송 43/43 | 재적재  7 | 중계율 0.15 | alpha 0.927 | complete
Ep 1179 | 드론3 목적지40 |  698스텝 | 배송 40/40 | 재적재  7 | 중계율 0.25 | alpha 0.930 | complete
Ep 1180 | 드론3 목적지77 | 1000스텝 | 배송 74/77 | 재적재 13 | 중계율 0.22 | alpha 0.940 | step_limit
Ep 1181 | 드론3 목적지28 |  554스텝 | 배송 28/28 | 재적재  5 | 중계율 0.27 | alpha 0.943 | complete
Ep 1182 | 드론3 목적지78 | 1000스텝 | 배송 60/78 | 재적재 10 | 중계율 0.31 | alpha 0.954 | step_limit
Ep 1183 | 드론3 목적지40 |  820스텝 | 배송 40/40 | 재적재  6 | 중계율 0.37 | alpha 0.962 | complete
Ep 1184 | 드론3 목적지26 |  697스텝 | 배송 26/26 | 재적재  4 | 중계율 0.23 | alpha 0.963 | complete
Ep 1185 | 드론4 목적지20 |  326스텝 | 배송 20/20 | 재적재  2 | 중계율 0.15 | alpha 0.962 | complete
Ep 1186 | 드론3 목적지43 |  849스텝 | 배송 43/43 | 재적재  7 | 중계율 0.33 | alpha 0.965 | complete
Ep 1187 | 드론3 목적지43 |  873스텝 | 배송 43/43 | 재적재  8 | 중계율 0.24 | alpha 0.970 | complete
Ep 1188 | 드론3 목적지57 |  875스텝 | 배송 57/57 | 재적재 11 | 중계율 0.22 | alpha 0.970 | complete
Ep 1189 | 드론3 목적지76 | 1000스텝 | 배송 65/76 | 재적재 12 | 중계율 0.26 | alpha 0.966 | step_limit
Ep 1190 | 드론4 목적지27 |  939스텝 | 배송 23/27 | 재적재  4 | 중계율 0.36 | alpha 0.970 | no_progress
Ep 1191 | 드론3 목적지51 |  691스텝 | 배송 51/51 | 재적재  8 | 중계율 0.19 | alpha 0.965 | complete
Ep 1192 | 드론3 목적지39 |  780스텝 | 배송 39/39 | 재적재  6 | 중계율 0.26 | alpha 0.967 | complete
Ep 1193 | 드론4 목적지49 |  540스텝 | 배송 49/49 | 재적재  8 | 중계율 0.18 | alpha 0.967 | complete
Ep 1194 | 드론4 목적지65 | 1000스텝 | 배송 63/65 | 재적재 12 | 중계율 0.28 | alpha 0.961 | step_limit
Ep 1195 | 드론3 목적지32 |  643스텝 | 배송 32/32 | 재적재  5 | 중계율 0.31 | alpha 0.960 | complete
Ep 1196 | 드론3 목적지73 | 1000스텝 | 배송 72/73 | 재적재 14 | 중계율 0.23 | alpha 0.950 | step_limit
Ep 1197 | 드론4 목적지21 |  502스텝 | 배송 21/21 | 재적재  2 | 중계율 0.19 | alpha 0.954 | complete
Ep 1198 | 드론3 목적지40 |  710스텝 | 배송 40/40 | 재적재  6 | 중계율 0.28 | alpha 0.940 | complete
Ep 1199 | 드론3 목적지35 |  877스텝 | 배송 35/35 | 재적재  6 | 중계율 0.30 | alpha 0.938 | complete
Ep 1200 | 드론3 목적지24 |  610스텝 | 배송 24/24 | 재적재  4 | 중계율 0.37 | alpha 0.939 | complete
  [홀드아웃] 배송 49.8±1.1 완주 0.96 스텝 960 점수 123.4 재적재 8.1 2홉+ 0.61 | 최고 126.8@ep500 정체 14/15
Ep 1201 | 드론3 목적지33 |  664스텝 | 배송 33/33 | 재적재  5 | 중계율 0.27 | alpha 0.925 | complete
Ep 1202 | 드론4 목적지31 |  426스텝 | 배송 31/31 | 재적재  5 | 중계율 0.22 | alpha 0.927 | complete
Ep 1203 | 드론3 목적지55 |  873스텝 | 배송 55/55 | 재적재 10 | 중계율 0.22 | alpha 0.926 | complete
Ep 1204 | 드론4 목적지24 |  405스텝 | 배송 24/24 | 재적재  3 | 중계율 0.26 | alpha 0.931 | complete
Ep 1205 | 드론3 목적지50 |  927스텝 | 배송 50/50 | 재적재  8 | 중계율 0.35 | alpha 0.944 | complete
Ep 1206 | 드론3 목적지66 | 1000스텝 | 배송 65/66 | 재적재 13 | 중계율 0.30 | alpha 0.946 | step_limit
Ep 1207 | 드론4 목적지80 | 1000스텝 | 배송 62/80 | 재적재 12 | 중계율 0.32 | alpha 0.947 | step_limit
Ep 1208 | 드론3 목적지66 | 1000스텝 | 배송 61/66 | 재적재 10 | 중계율 0.27 | alpha 0.962 | step_limit
Ep 1209 | 드론4 목적지43 |  524스텝 | 배송 43/43 | 재적재  7 | 중계율 0.23 | alpha 0.968 | complete
Ep 1210 | 드론3 목적지63 | 1000스텝 | 배송 57/63 | 재적재  9 | 중계율 0.21 | alpha 0.967 | step_limit
Ep 1211 | 드론3 목적지62 | 1000스텝 | 배송 52/62 | 재적재  9 | 중계율 0.36 | alpha 0.965 | step_limit
Ep 1212 | 드론3 목적지65 | 1000스텝 | 배송 64/65 | 재적재 12 | 중계율 0.25 | alpha 0.964 | step_limit
Ep 1213 | 드론4 목적지33 |  569스텝 | 배송 33/33 | 재적재  4 | 중계율 0.31 | alpha 0.969 | complete
Ep 1214 | 드론3 목적지73 | 1000스텝 | 배송 56/73 | 재적재 11 | 중계율 0.33 | alpha 0.970 | step_limit
Ep 1215 | 드론3 목적지37 |  901스텝 | 배송 37/37 | 재적재  7 | 중계율 0.32 | alpha 0.974 | complete
Ep 1216 | 드론4 목적지22 |  361스텝 | 배송 22/22 | 재적재  4 | 중계율 0.28 | alpha 0.979 | complete
Ep 1217 | 드론3 목적지76 | 1000스텝 | 배송 65/76 | 재적재 12 | 중계율 0.26 | alpha 0.990 | step_limit
Ep 1218 | 드론3 목적지43 |  797스텝 | 배송 43/43 | 재적재  8 | 중계율 0.21 | alpha 0.994 | complete
Ep 1219 | 드론3 목적지76 | 1000스텝 | 배송 59/76 | 재적재 11 | 중계율 0.24 | alpha 0.997 | step_limit
Ep 1220 | 드론3 목적지56 |  846스텝 | 배송 56/56 | 재적재 10 | 중계율 0.17 | alpha 0.999 | complete
Ep 1221 | 드론4 목적지71 | 1000스텝 | 배송 67/71 | 재적재 13 | 중계율 0.31 | alpha 0.994 | step_limit
Ep 1222 | 드론4 목적지76 | 1000스텝 | 배송 64/76 | 재적재 11 | 중계율 0.31 | alpha 0.986 | step_limit
Ep 1223 | 드론3 목적지22 |  659스텝 | 배송 22/22 | 재적재  3 | 중계율 0.31 | alpha 0.991 | complete
Ep 1224 | 드론3 목적지40 |  695스텝 | 배송 40/40 | 재적재  7 | 중계율 0.24 | alpha 0.988 | complete
Ep 1225 | 드론4 목적지54 |  642스텝 | 배송 54/54 | 재적재 10 | 중계율 0.23 | alpha 0.979 | complete
Ep 1226 | 드론4 목적지76 | 1000스텝 | 배송 75/76 | 재적재 14 | 중계율 0.29 | alpha 0.972 | step_limit
Ep 1227 | 드론3 목적지32 |  557스텝 | 배송 32/32 | 재적재  5 | 중계율 0.25 | alpha 0.973 | complete
Ep 1228 | 드론3 목적지44 |  844스텝 | 배송 44/44 | 재적재  8 | 중계율 0.32 | alpha 0.979 | complete
Ep 1229 | 드론4 목적지75 |  918스텝 | 배송 75/75 | 재적재 13 | 중계율 0.25 | alpha 0.978 | complete
Ep 1230 | 드론3 목적지75 | 1000스텝 | 배송 60/75 | 재적재 11 | 중계율 0.35 | alpha 0.970 | step_limit
Ep 1231 | 드론4 목적지25 |  537스텝 | 배송 25/25 | 재적재  4 | 중계율 0.34 | alpha 0.970 | complete
Ep 1232 | 드론3 목적지40 |  790스텝 | 배송 40/40 | 재적재  7 | 중계율 0.31 | alpha 0.972 | complete
Ep 1233 | 드론4 목적지66 |  699스텝 | 배송 66/66 | 재적재 11 | 중계율 0.25 | alpha 0.970 | complete
Ep 1234 | 드론4 목적지68 | 1000스텝 | 배송 60/68 | 재적재 12 | 중계율 0.33 | alpha 0.965 | step_limit
Ep 1235 | 드론3 목적지43 |  638스텝 | 배송 43/43 | 재적재  6 | 중계율 0.29 | alpha 0.958 | complete
Ep 1236 | 드론3 목적지37 |  620스텝 | 배송 37/37 | 재적재  6 | 중계율 0.25 | alpha 0.958 | complete
Ep 1237 | 드론4 목적지76 | 1000스텝 | 배송 74/76 | 재적재 13 | 중계율 0.26 | alpha 0.951 | step_limit
Ep 1238 | 드론3 목적지80 | 1000스텝 | 배송 60/80 | 재적재 11 | 중계율 0.24 | alpha 0.929 | step_limit
Ep 1239 | 드론3 목적지44 | 1000스텝 | 배송 40/44 | 재적재  7 | 중계율 0.42 | alpha 0.919 | step_limit
Ep 1240 | 드론3 목적지36 |  855스텝 | 배송 36/36 | 재적재  6 | 중계율 0.28 | alpha 0.913 | complete
Ep 1241 | 드론3 목적지49 |  702스텝 | 배송 49/49 | 재적재  8 | 중계율 0.20 | alpha 0.921 | complete
Ep 1242 | 드론4 목적지32 |  480스텝 | 배송 32/32 | 재적재  4 | 중계율 0.34 | alpha 0.918 | complete
Ep 1243 | 드론3 목적지62 | 1000스텝 | 배송 55/62 | 재적재  9 | 중계율 0.34 | alpha 0.910 | step_limit
Ep 1244 | 드론3 목적지79 | 1000스텝 | 배송 70/79 | 재적재 13 | 중계율 0.18 | alpha 0.918 | step_limit
Ep 1245 | 드론3 목적지35 |  691스텝 | 배송 35/35 | 재적재  5 | 중계율 0.30 | alpha 0.910 | complete
Ep 1246 | 드론3 목적지22 |  419스텝 | 배송 22/22 | 재적재  3 | 중계율 0.28 | alpha 0.906 | complete
Ep 1247 | 드론3 목적지65 | 1000스텝 | 배송 64/65 | 재적재 12 | 중계율 0.22 | alpha 0.920 | step_limit
Ep 1248 | 드론3 목적지50 |  890스텝 | 배송 50/50 | 재적재  9 | 중계율 0.23 | alpha 0.927 | complete
Ep 1249 | 드론4 목적지63 |  794스텝 | 배송 63/63 | 재적재 11 | 중계율 0.21 | alpha 0.934 | complete
Ep 1250 | 드론4 목적지39 |  668스텝 | 배송 39/39 | 재적재  7 | 중계율 0.31 | alpha 0.936 | complete
  [홀드아웃] 배송 49.8±1.6 완주 0.99 스텝 900 점수 126.7 재적재 8.1 2홉+ 0.61 | 최고 126.8@ep500 정체 15/15

조기 종료. 최고 126.8@ep500
Training finished. best=126.8 @ ep500
