/home/kopt/enter/envs/wsl_neuroMCTS/lib/python3.10/site-packages/pygame/pkgdata.py:25: UserWarning: pkg_resources is deprecated as an API. See https://setuptools.pypa.io/en/latest/pkg_resources.html. The pkg_resources package is slated for removal as early as 2025-11-30. Refrain from using this package or pin to Setuptools<81.
  from pkg_resources import resource_stream, resource_exists
pygame 2.6.1 (SDL 2.28.4, Python 3.10.19)
Hello from the pygame community. https://www.pygame.org/contribute.html
집합 상위 학습 | 반경 300 상한 1000 무배송 500 gamma 0.997 구성=무작위 드론[3, 4] 목적지[20, 80] CC무작위 인스턴스=무작위 목표유지=off 완주보상=0.0 잔여페널티=0.1 규칙관측=False 규칙정규화=2.0 막힘페널티=0.0 도달권shaping=0.0 정체전환보상=0.0 엔트로피비=0.6->0.25@400 자기회귀=True 홀드아웃상한=3000 선택=makespan/속도가중치=40.0
/home/kopt/drone/proposed_src/pipeline/train_v5_26_09_15_23.py:354: UserWarning: Converting a tensor with requires_grad=True to a scalar may lead to unexpected behavior.
Consider using tensor.detach() first. (Triggered internally at /pytorch/torch/csrc/autograd/generated/python_variable_methods.cpp:836.)
  writer.add_scalar("train/alpha", float(log_alpha.exp()), ep)
Ep 1 | 드론4 목적지57 | 1000스텝 | 배송 49/57 | 재적재  7 | 중계율 0.14 | alpha 0.100 | step_limit
Ep 2 | 드론3 목적지50 | 1000스텝 | 배송 40/50 | 재적재  7 | 중계율 0.17 | alpha 0.100 | step_limit
Ep 3 | 드론4 목적지72 | 1000스텝 | 배송 55/72 | 재적재 10 | 중계율 0.13 | alpha 0.100 | step_limit
Ep 4 | 드론3 목적지46 | 1000스텝 | 배송 37/46 | 재적재  7 | 중계율 0.14 | alpha 0.100 | step_limit
Ep 5 | 드론3 목적지58 | 1000스텝 | 배송 44/58 | 재적재  6 | 중계율 0.32 | alpha 0.106 | step_limit
Ep 6 | 드론3 목적지61 | 1000스텝 | 배송 51/61 | 재적재  8 | 중계율 0.36 | alpha 0.117 | step_limit
Ep 7 | 드론3 목적지30 |  550스텝 | 배송 30/30 | 재적재  5 | 중계율 0.31 | alpha 0.123 | complete
Ep 8 | 드론3 목적지69 | 1000스텝 | 배송 55/69 | 재적재  8 | 중계율 0.31 | alpha 0.134 | step_limit
Ep 9 | 드론3 목적지66 | 1000스텝 | 배송 62/66 | 재적재 10 | 중계율 0.34 | alpha 0.144 | step_limit
Ep 10 | 드론3 목적지26 | 1000스텝 | 배송 21/26 | 재적재  2 | 중계율 0.25 | alpha 0.156 | step_limit
Ep 11 | 드론4 목적지32 |  424스텝 | 배송 32/32 | 재적재  5 | 중계율 0.22 | alpha 0.160 | complete
Ep 12 | 드론3 목적지35 |  459스텝 | 배송 35/35 | 재적재  4 | 중계율 0.19 | alpha 0.166 | complete
Ep 13 | 드론3 목적지23 |  479스텝 | 배송 23/23 | 재적재  4 | 중계율 0.30 | alpha 0.172 | complete
Ep 14 | 드론3 목적지61 | 1000스텝 | 배송 50/61 | 재적재  9 | 중계율 0.25 | alpha 0.184 | step_limit
Ep 15 | 드론4 목적지78 |  933스텝 | 배송 78/78 | 재적재 13 | 중계율 0.19 | alpha 0.197 | complete
Ep 16 | 드론4 목적지46 |  812스텝 | 배송 46/46 | 재적재  7 | 중계율 0.24 | alpha 0.209 | complete
Ep 17 | 드론4 목적지74 |  770스텝 | 배송 74/74 | 재적재 13 | 중계율 0.15 | alpha 0.220 | complete
Ep 18 | 드론3 목적지24 |  661스텝 | 배송 24/24 | 재적재  3 | 중계율 0.33 | alpha 0.231 | complete
Ep 19 | 드론4 목적지24 |  492스텝 | 배송 24/24 | 재적재  3 | 중계율 0.26 | alpha 0.240 | complete
Ep 20 | 드론3 목적지66 | 1000스텝 | 배송 53/66 | 재적재  9 | 중계율 0.19 | alpha 0.258 | step_limit
Ep 21 | 드론3 목적지43 |  610스텝 | 배송 43/43 | 재적재  7 | 중계율 0.22 | alpha 0.270 | complete
Ep 22 | 드론3 목적지43 |  752스텝 | 배송 43/43 | 재적재  6 | 중계율 0.14 | alpha 0.285 | complete
Ep 23 | 드론3 목적지22 | 1000스텝 | 배송 21/22 | 재적재  4 | 중계율 0.36 | alpha 0.306 | step_limit
Ep 24 | 드론3 목적지35 |  719스텝 | 배송 35/35 | 재적재  6 | 중계율 0.21 | alpha 0.322 | complete
Ep 25 | 드론4 목적지25 |  501스텝 | 배송 25/25 | 재적재  3 | 중계율 0.38 | alpha 0.334 | complete
Ep 26 | 드론3 목적지79 | 1000스텝 | 배송 70/79 | 재적재 12 | 중계율 0.20 | alpha 0.359 | step_limit
Ep 27 | 드론4 목적지63 | 1000스텝 | 배송 40/63 | 재적재  5 | 중계율 0.30 | alpha 0.386 | step_limit
Ep 28 | 드론3 목적지77 | 1000스텝 | 배송 65/77 | 재적재 11 | 중계율 0.24 | alpha 0.414 | step_limit
Ep 29 | 드론3 목적지34 |  756스텝 | 배송 34/34 | 재적재  5 | 중계율 0.29 | alpha 0.438 | complete
Ep 30 | 드론3 목적지25 |  654스텝 | 배송 25/25 | 재적재  4 | 중계율 0.28 | alpha 0.458 | complete
Ep 31 | 드론4 목적지68 |  847스텝 | 배송 68/68 | 재적재 12 | 중계율 0.22 | alpha 0.486 | complete
Ep 32 | 드론3 목적지79 | 1000스텝 | 배송 55/79 | 재적재 10 | 중계율 0.25 | alpha 0.521 | step_limit
Ep 33 | 드론3 목적지62 | 1000스텝 | 배송 50/62 | 재적재  7 | 중계율 0.29 | alpha 0.559 | step_limit
Ep 34 | 드론3 목적지33 |  714스텝 | 배송 33/33 | 재적재  5 | 중계율 0.18 | alpha 0.587 | complete
Ep 35 | 드론3 목적지26 |  845스텝 | 배송 26/26 | 재적재  4 | 중계율 0.24 | alpha 0.623 | complete
Ep 36 | 드론3 목적지57 | 1000스텝 | 배송 55/57 | 재적재  9 | 중계율 0.21 | alpha 0.668 | step_limit
Ep 37 | 드론3 목적지29 | 1000스텝 | 배송 26/29 | 재적재  4 | 중계율 0.30 | alpha 0.718 | step_limit
Ep 38 | 드론4 목적지63 |  933스텝 | 배송 63/63 | 재적재 11 | 중계율 0.27 | alpha 0.767 | complete
Ep 39 | 드론4 목적지44 |  824스텝 | 배송 44/44 | 재적재  7 | 중계율 0.29 | alpha 0.813 | complete
Ep 40 | 드론4 목적지56 |  871스텝 | 배송 56/56 | 재적재 10 | 중계율 0.28 | alpha 0.865 | complete
Ep 41 | 드론4 목적지21 |  393스텝 | 배송 21/21 | 재적재  2 | 중계율 0.28 | alpha 0.889 | complete
Ep 42 | 드론3 목적지24 | 1000스텝 | 배송 23/24 | 재적재  4 | 중계율 0.29 | alpha 0.953 | step_limit
Ep 43 | 드론3 목적지52 | 1000스텝 | 배송 35/52 | 재적재  5 | 중계율 0.26 | alpha 1.020 | step_limit
Ep 44 | 드론3 목적지72 | 1000스텝 | 배송 63/72 | 재적재 12 | 중계율 0.17 | alpha 1.090 | step_limit
Ep 45 | 드론3 목적지52 | 1000스텝 | 배송 45/52 | 재적재  7 | 중계율 0.24 | alpha 1.163 | step_limit
Ep 46 | 드론4 목적지72 |  718스텝 | 배송 72/72 | 재적재 12 | 중계율 0.17 | alpha 1.217 | complete
Ep 47 | 드론3 목적지69 | 1000스텝 | 배송 55/69 | 재적재  9 | 중계율 0.17 | alpha 1.293 | step_limit
Ep 48 | 드론3 목적지56 | 1000스텝 | 배송 54/56 | 재적재  9 | 중계율 0.19 | alpha 1.372 | step_limit
Ep 49 | 드론4 목적지78 | 1000스텝 | 배송 75/78 | 재적재 12 | 중계율 0.25 | alpha 1.456 | step_limit
Ep 50 | 드론4 목적지40 | 1000스텝 | 배송 27/40 | 재적재  5 | 중계율 0.33 | alpha 1.546 | step_limit
  [홀드아웃] 배송 49.7±1.8 완주 0.96 스텝 1038 점수 122.4 재적재 7.7 2홉+ 0.62 | 최고 122.4@ep50 정체 0/15  ← 갱신
Ep 51 | 드론4 목적지51 |  703스텝 | 배송 51/51 | 재적재 10 | 중계율 0.18 | alpha 1.614 | complete
Ep 52 | 드론3 목적지42 |  899스텝 | 배송 42/42 | 재적재  8 | 중계율 0.25 | alpha 1.704 | complete
Ep 53 | 드론4 목적지60 |  703스텝 | 배송 60/60 | 재적재 11 | 중계율 0.17 | alpha 1.777 | complete
Ep 54 | 드론3 목적지49 |  731스텝 | 배송 49/49 | 재적재  9 | 중계율 0.19 | alpha 1.854 | complete
Ep 55 | 드론3 목적지40 |  825스텝 | 배송 40/40 | 재적재  7 | 중계율 0.16 | alpha 1.942 | complete
Ep 56 | 드론4 목적지61 |  989스텝 | 배송 61/61 | 재적재 10 | 중계율 0.19 | alpha 2.047 | complete
Ep 57 | 드론3 목적지53 |  951스텝 | 배송 53/53 | 재적재 10 | 중계율 0.22 | alpha 2.143 | complete
Ep 58 | 드론4 목적지57 | 1000스텝 | 배송 55/57 | 재적재 10 | 중계율 0.28 | alpha 2.239 | step_limit
Ep 59 | 드론3 목적지50 | 1000스텝 | 배송 49/50 | 재적재  8 | 중계율 0.22 | alpha 2.328 | step_limit
Ep 60 | 드론3 목적지21 |  705스텝 | 배송 21/21 | 재적재  3 | 중계율 0.25 | alpha 2.393 | complete
Ep 61 | 드론4 목적지26 |  395스텝 | 배송 26/26 | 재적재  3 | 중계율 0.16 | alpha 2.428 | complete
Ep 62 | 드론4 목적지55 | 1000스텝 | 배송 47/55 | 재적재  8 | 중계율 0.30 | alpha 2.512 | step_limit
Ep 63 | 드론4 목적지68 | 1000스텝 | 배송 59/68 | 재적재 11 | 중계율 0.22 | alpha 2.600 | step_limit
Ep 64 | 드론3 목적지41 | 1000스텝 | 배송 38/41 | 재적재  6 | 중계율 0.21 | alpha 2.695 | step_limit
Ep 65 | 드론4 목적지68 |  684스텝 | 배송 68/68 | 재적재 12 | 중계율 0.10 | alpha 2.757 | complete
Ep 66 | 드론3 목적지61 | 1000스텝 | 배송 57/61 | 재적재 11 | 중계율 0.14 | alpha 2.835 | step_limit
Ep 67 | 드론3 목적지53 | 1000스텝 | 배송 50/53 | 재적재  9 | 중계율 0.24 | alpha 2.891 | step_limit
Ep 68 | 드론3 목적지44 |  682스텝 | 배송 44/44 | 재적재  7 | 중계율 0.13 | alpha 2.928 | complete
Ep 69 | 드론3 목적지34 |  929스텝 | 배송 34/34 | 재적재  5 | 중계율 0.17 | alpha 2.965 | complete
Ep 70 | 드론3 목적지31 | 1000스텝 | 배송 18/31 | 재적재  1 | 중계율 0.15 | alpha 2.996 | step_limit
Ep 71 | 드론4 목적지71 | 1000스텝 | 배송 70/71 | 재적재 12 | 중계율 0.16 | alpha 3.023 | step_limit
Ep 72 | 드론3 목적지53 | 1000스텝 | 배송 37/53 | 재적재  6 | 중계율 0.20 | alpha 3.039 | step_limit
Ep 73 | 드론3 목적지21 |  506스텝 | 배송 21/21 | 재적재  2 | 중계율 0.24 | alpha 3.034 | complete
Ep 74 | 드론4 목적지45 |  879스텝 | 배송 45/45 | 재적재  8 | 중계율 0.18 | alpha 3.020 | complete
Ep 75 | 드론4 목적지40 |  952스텝 | 배송 40/40 | 재적재  7 | 중계율 0.21 | alpha 2.974 | complete
Ep 76 | 드론3 목적지75 | 1000스텝 | 배송 57/75 | 재적재 10 | 중계율 0.20 | alpha 2.925 | step_limit
Ep 77 | 드론4 목적지24 |  362스텝 | 배송 24/24 | 재적재  3 | 중계율 0.23 | alpha 2.913 | complete
Ep 78 | 드론3 목적지64 | 1000스텝 | 배송 55/64 | 재적재  9 | 중계율 0.18 | alpha 2.830 | step_limit
Ep 79 | 드론3 목적지41 | 1000스텝 | 배송 40/41 | 재적재  7 | 중계율 0.24 | alpha 2.797 | step_limit
Ep 80 | 드론3 목적지69 | 1000스텝 | 배송 48/69 | 재적재  8 | 중계율 0.18 | alpha 2.794 | step_limit
Ep 81 | 드론4 목적지47 |  860스텝 | 배송 47/47 | 재적재  8 | 중계율 0.15 | alpha 2.835 | complete
Ep 82 | 드론4 목적지69 | 1000스텝 | 배송 63/69 | 재적재 11 | 중계율 0.23 | alpha 2.858 | step_limit
Ep 83 | 드론4 목적지31 | 1000스텝 | 배송 29/31 | 재적재  4 | 중계율 0.35 | alpha 2.884 | step_limit
Ep 84 | 드론3 목적지33 |  740스텝 | 배송 33/33 | 재적재  5 | 중계율 0.17 | alpha 2.913 | complete
Ep 85 | 드론3 목적지38 |  565스텝 | 배송 38/38 | 재적재  6 | 중계율 0.12 | alpha 2.919 | complete
Ep 86 | 드론4 목적지24 |  712스텝 | 배송 24/24 | 재적재  3 | 중계율 0.25 | alpha 2.912 | complete
Ep 87 | 드론3 목적지30 |  762스텝 | 배송 30/30 | 재적재  4 | 중계율 0.21 | alpha 2.891 | complete
Ep 88 | 드론3 목적지38 |  713스텝 | 배송 38/38 | 재적재  6 | 중계율 0.20 | alpha 2.877 | complete
Ep 89 | 드론3 목적지57 | 1000스텝 | 배송 45/57 | 재적재  7 | 중계율 0.19 | alpha 2.830 | step_limit
Ep 90 | 드론4 목적지21 |  631스텝 | 배송 21/21 | 재적재  2 | 중계율 0.27 | alpha 2.786 | complete
Ep 91 | 드론4 목적지77 | 1000스텝 | 배송 73/77 | 재적재 12 | 중계율 0.20 | alpha 2.778 | step_limit
Ep 92 | 드론3 목적지69 | 1000스텝 | 배송 51/69 | 재적재  9 | 중계율 0.15 | alpha 2.742 | step_limit
Ep 93 | 드론4 목적지60 |  763스텝 | 배송 60/60 | 재적재 11 | 중계율 0.13 | alpha 2.700 | complete
Ep 94 | 드론4 목적지45 |  660스텝 | 배송 45/45 | 재적재  7 | 중계율 0.18 | alpha 2.681 | complete
Ep 95 | 드론3 목적지71 | 1000스텝 | 배송 64/71 | 재적재 11 | 중계율 0.17 | alpha 2.630 | step_limit
Ep 96 | 드론3 목적지74 | 1000스텝 | 배송 57/74 | 재적재 10 | 중계율 0.18 | alpha 2.593 | step_limit
Ep 97 | 드론4 목적지47 | 1000스텝 | 배송 46/47 | 재적재  7 | 중계율 0.20 | alpha 2.570 | step_limit
Ep 98 | 드론4 목적지50 |  886스텝 | 배송 50/50 | 재적재  8 | 중계율 0.22 | alpha 2.560 | complete
Ep 99 | 드론4 목적지35 |  770스텝 | 배송 35/35 | 재적재  6 | 중계율 0.22 | alpha 2.568 | complete
Ep 100 | 드론3 목적지40 |  748스텝 | 배송 40/40 | 재적재  7 | 중계율 0.17 | alpha 2.576 | complete
  [홀드아웃] 배송 50.0±0.0 완주 1.00 스텝 1266 점수 123.1 재적재 8.0 2홉+ 0.63 | 최고 123.1@ep100 정체 0/15  ← 갱신
Ep 101 | 드론3 목적지23 |  706스텝 | 배송 23/23 | 재적재  4 | 중계율 0.20 | alpha 2.563 | complete
Ep 102 | 드론3 목적지21 |  426스텝 | 배송 21/21 | 재적재  2 | 중계율 0.21 | alpha 2.538 | complete
Ep 103 | 드론4 목적지72 |  972스텝 | 배송 72/72 | 재적재 13 | 중계율 0.16 | alpha 2.562 | complete
Ep 104 | 드론3 목적지27 |  716스텝 | 배송 27/27 | 재적재  3 | 중계율 0.32 | alpha 2.555 | complete
Ep 105 | 드론3 목적지63 | 1000스텝 | 배송 57/63 | 재적재 10 | 중계율 0.16 | alpha 2.532 | step_limit
Ep 106 | 드론4 목적지58 |  725스텝 | 배송 58/58 | 재적재 10 | 중계율 0.16 | alpha 2.480 | complete
Ep 107 | 드론4 목적지75 | 1000스텝 | 배송 60/75 | 재적재 11 | 중계율 0.28 | alpha 2.410 | step_limit
Ep 108 | 드론3 목적지55 | 1000스텝 | 배송 39/55 | 재적재  7 | 중계율 0.20 | alpha 2.336 | step_limit
Ep 109 | 드론4 목적지64 | 1000스텝 | 배송 52/64 | 재적재  8 | 중계율 0.21 | alpha 2.334 | step_limit
Ep 110 | 드론3 목적지55 |  843스텝 | 배송 55/55 | 재적재 10 | 중계율 0.18 | alpha 2.323 | complete
Ep 111 | 드론4 목적지67 | 1000스텝 | 배송 57/67 | 재적재  9 | 중계율 0.21 | alpha 2.349 | step_limit
Ep 112 | 드론3 목적지46 |  968스텝 | 배송 46/46 | 재적재  7 | 중계율 0.20 | alpha 2.353 | complete
Ep 113 | 드론4 목적지43 |  671스텝 | 배송 43/43 | 재적재  7 | 중계율 0.16 | alpha 2.338 | complete
Ep 114 | 드론3 목적지80 | 1000스텝 | 배송 64/80 | 재적재 11 | 중계율 0.16 | alpha 2.309 | step_limit
Ep 115 | 드론4 목적지78 | 1000스텝 | 배송 77/78 | 재적재 14 | 중계율 0.16 | alpha 2.280 | step_limit
Ep 116 | 드론4 목적지72 | 1000스텝 | 배송 70/72 | 재적재 12 | 중계율 0.16 | alpha 2.241 | step_limit
Ep 117 | 드론3 목적지54 | 1000스텝 | 배송 48/54 | 재적재  8 | 중계율 0.19 | alpha 2.216 | step_limit
Ep 118 | 드론3 목적지63 | 1000스텝 | 배송 51/63 | 재적재  9 | 중계율 0.23 | alpha 2.190 | step_limit
Ep 119 | 드론4 목적지66 | 1000스텝 | 배송 60/66 | 재적재 10 | 중계율 0.21 | alpha 2.208 | step_limit
Ep 120 | 드론4 목적지70 |  832스텝 | 배송 70/70 | 재적재 12 | 중계율 0.20 | alpha 2.189 | complete
Ep 121 | 드론4 목적지45 |  612스텝 | 배송 45/45 | 재적재  7 | 중계율 0.21 | alpha 2.182 | complete
Ep 122 | 드론4 목적지26 |  503스텝 | 배송 26/26 | 재적재  3 | 중계율 0.23 | alpha 2.180 | complete
Ep 123 | 드론4 목적지30 |  899스텝 | 배송 30/30 | 재적재  4 | 중계율 0.24 | alpha 2.141 | complete
Ep 124 | 드론3 목적지80 | 1000스텝 | 배송 58/80 | 재적재 10 | 중계율 0.19 | alpha 2.112 | step_limit
Ep 125 | 드론4 목적지41 |  899스텝 | 배송 41/41 | 재적재  6 | 중계율 0.20 | alpha 2.086 | complete
Ep 126 | 드론3 목적지50 | 1000스텝 | 배송 45/50 | 재적재  7 | 중계율 0.28 | alpha 2.040 | step_limit
Ep 127 | 드론3 목적지37 |  795스텝 | 배송 37/37 | 재적재  5 | 중계율 0.22 | alpha 2.039 | complete
Ep 128 | 드론3 목적지42 |  792스텝 | 배송 42/42 | 재적재  7 | 중계율 0.22 | alpha 2.034 | complete
Ep 129 | 드론4 목적지52 |  636스텝 | 배송 52/52 | 재적재  9 | 중계율 0.22 | alpha 2.034 | complete
Ep 130 | 드론3 목적지40 |  983스텝 | 배송 40/40 | 재적재  6 | 중계율 0.25 | alpha 1.988 | complete
Ep 131 | 드론3 목적지39 |  825스텝 | 배송 39/39 | 재적재  6 | 중계율 0.16 | alpha 1.962 | complete
Ep 132 | 드론4 목적지63 |  927스텝 | 배송 63/63 | 재적재 12 | 중계율 0.15 | alpha 1.932 | complete
Ep 133 | 드론3 목적지61 | 1000스텝 | 배송 56/61 | 재적재 11 | 중계율 0.19 | alpha 1.893 | step_limit
Ep 134 | 드론4 목적지22 |  305스텝 | 배송 22/22 | 재적재  3 | 중계율 0.14 | alpha 1.896 | complete
Ep 135 | 드론3 목적지20 |  551스텝 | 배송 20/20 | 재적재  3 | 중계율 0.22 | alpha 1.882 | complete
Ep 136 | 드론4 목적지57 |  973스텝 | 배송 57/57 | 재적재 10 | 중계율 0.27 | alpha 1.894 | complete
Ep 137 | 드론3 목적지24 |  352스텝 | 배송 24/24 | 재적재  3 | 중계율 0.15 | alpha 1.890 | complete
Ep 138 | 드론4 목적지35 |  409스텝 | 배송 35/35 | 재적재  5 | 중계율 0.14 | alpha 1.881 | complete
Ep 139 | 드론3 목적지29 |  881스텝 | 배송 29/29 | 재적재  5 | 중계율 0.27 | alpha 1.863 | complete
Ep 140 | 드론3 목적지32 |  932스텝 | 배송 32/32 | 재적재  6 | 중계율 0.23 | alpha 1.887 | complete
Ep 141 | 드론3 목적지54 | 1000스텝 | 배송 44/54 | 재적재  8 | 중계율 0.19 | alpha 1.928 | step_limit
Ep 142 | 드론3 목적지42 |  937스텝 | 배송 42/42 | 재적재  7 | 중계율 0.22 | alpha 1.944 | complete
Ep 143 | 드론3 목적지23 |  839스텝 | 배송 23/23 | 재적재  4 | 중계율 0.20 | alpha 1.958 | complete
Ep 144 | 드론3 목적지61 | 1000스텝 | 배송 44/61 | 재적재  7 | 중계율 0.19 | alpha 1.956 | step_limit
Ep 145 | 드론3 목적지64 | 1000스텝 | 배송 54/64 | 재적재 10 | 중계율 0.15 | alpha 1.954 | step_limit
Ep 146 | 드론3 목적지71 | 1000스텝 | 배송 63/71 | 재적재 11 | 중계율 0.19 | alpha 1.912 | step_limit
Ep 147 | 드론3 목적지48 | 1000스텝 | 배송 46/48 | 재적재  8 | 중계율 0.19 | alpha 1.889 | step_limit
Ep 148 | 드론4 목적지36 |  993스텝 | 배송 36/36 | 재적재  5 | 중계율 0.28 | alpha 1.883 | complete
Ep 149 | 드론4 목적지40 |  604스텝 | 배송 40/40 | 재적재  6 | 중계율 0.14 | alpha 1.872 | complete
Ep 150 | 드론3 목적지26 |  672스텝 | 배송 26/26 | 재적재  4 | 중계율 0.20 | alpha 1.868 | complete
  [홀드아웃] 배송 49.8±0.9 완주 0.94 스텝 1220 점수 117.5 재적재 8.3 2홉+ 0.63 | 최고 123.1@ep100 정체 1/15
Ep 151 | 드론4 목적지70 | 1000스텝 | 배송 67/70 | 재적재 12 | 중계율 0.20 | alpha 1.861 | step_limit
Ep 152 | 드론4 목적지48 |  854스텝 | 배송 48/48 | 재적재  8 | 중계율 0.22 | alpha 1.839 | complete
Ep 153 | 드론4 목적지57 | 1000스텝 | 배송 50/57 | 재적재  8 | 중계율 0.20 | alpha 1.798 | step_limit
Ep 154 | 드론4 목적지34 |  552스텝 | 배송 34/34 | 재적재  6 | 중계율 0.12 | alpha 1.793 | complete
Ep 155 | 드론4 목적지80 | 1000스텝 | 배송 61/80 | 재적재 10 | 중계율 0.21 | alpha 1.758 | step_limit
Ep 156 | 드론4 목적지59 | 1000스텝 | 배송 57/59 | 재적재  9 | 중계율 0.24 | alpha 1.743 | step_limit
Ep 157 | 드론3 목적지42 |  900스텝 | 배송 42/42 | 재적재  7 | 중계율 0.22 | alpha 1.701 | complete
Ep 158 | 드론4 목적지76 |  776스텝 | 배송 76/76 | 재적재 14 | 중계율 0.13 | alpha 1.712 | complete
Ep 159 | 드론4 목적지47 |  954스텝 | 배송 47/47 | 재적재  8 | 중계율 0.19 | alpha 1.701 | complete
Ep 160 | 드론3 목적지62 | 1000스텝 | 배송 55/62 | 재적재  9 | 중계율 0.18 | alpha 1.707 | step_limit
Ep 161 | 드론3 목적지31 |  732스텝 | 배송 31/31 | 재적재  5 | 중계율 0.19 | alpha 1.682 | complete
Ep 162 | 드론3 목적지26 |  899스텝 | 배송 26/26 | 재적재  4 | 중계율 0.23 | alpha 1.667 | complete
Ep 163 | 드론4 목적지21 |  668스텝 | 배송 21/21 | 재적재  3 | 중계율 0.29 | alpha 1.675 | complete
Ep 164 | 드론4 목적지79 | 1000스텝 | 배송 67/79 | 재적재 12 | 중계율 0.25 | alpha 1.698 | step_limit
Ep 165 | 드론4 목적지47 |  533스텝 | 배송 47/47 | 재적재  8 | 중계율 0.16 | alpha 1.724 | complete
Ep 166 | 드론3 목적지77 | 1000스텝 | 배송 70/77 | 재적재 13 | 중계율 0.20 | alpha 1.769 | step_limit
Ep 167 | 드론4 목적지77 | 1000스텝 | 배송 63/77 | 재적재 10 | 중계율 0.31 | alpha 1.748 | step_limit
Ep 168 | 드론4 목적지29 |  766스텝 | 배송 29/29 | 재적재  4 | 중계율 0.29 | alpha 1.737 | complete
Ep 169 | 드론4 목적지59 | 1000스텝 | 배송 57/59 | 재적재  9 | 중계율 0.24 | alpha 1.751 | step_limit
Ep 170 | 드론3 목적지74 | 1000스텝 | 배송 59/74 | 재적재  9 | 중계율 0.19 | alpha 1.730 | step_limit
Ep 171 | 드론4 목적지34 |  573스텝 | 배송 34/34 | 재적재  5 | 중계율 0.12 | alpha 1.722 | complete
Ep 172 | 드론3 목적지43 | 1000스텝 | 배송 41/43 | 재적재  6 | 중계율 0.26 | alpha 1.702 | step_limit
Ep 173 | 드론3 목적지35 |  862스텝 | 배송 35/35 | 재적재  6 | 중계율 0.29 | alpha 1.681 | complete
Ep 174 | 드론4 목적지43 |  837스텝 | 배송 43/43 | 재적재  6 | 중계율 0.17 | alpha 1.681 | complete
Ep 175 | 드론4 목적지30 |  862스텝 | 배송 30/30 | 재적재  4 | 중계율 0.31 | alpha 1.679 | complete
Ep 176 | 드론4 목적지29 |  759스텝 | 배송 29/29 | 재적재  5 | 중계율 0.33 | alpha 1.665 | complete
Ep 177 | 드론3 목적지45 | 1000스텝 | 배송 43/45 | 재적재  8 | 중계율 0.31 | alpha 1.645 | step_limit
Ep 178 | 드론3 목적지20 |  526스텝 | 배송 20/20 | 재적재  3 | 중계율 0.31 | alpha 1.637 | complete
Ep 179 | 드론4 목적지66 | 1000스텝 | 배송 57/66 | 재적재 10 | 중계율 0.29 | alpha 1.644 | step_limit
Ep 180 | 드론4 목적지22 |  297스텝 | 배송 22/22 | 재적재  2 | 중계율 0.16 | alpha 1.637 | complete
Ep 181 | 드론4 목적지77 | 1000스텝 | 배송 71/77 | 재적재 12 | 중계율 0.28 | alpha 1.632 | step_limit
Ep 182 | 드론3 목적지74 | 1000스텝 | 배송 58/74 | 재적재 11 | 중계율 0.21 | alpha 1.623 | step_limit
Ep 183 | 드론4 목적지40 |  544스텝 | 배송 40/40 | 재적재  5 | 중계율 0.21 | alpha 1.617 | complete
Ep 184 | 드론3 목적지77 | 1000스텝 | 배송 66/77 | 재적재 13 | 중계율 0.17 | alpha 1.593 | step_limit
Ep 185 | 드론4 목적지72 | 1000스텝 | 배송 70/72 | 재적재 12 | 중계율 0.23 | alpha 1.557 | step_limit
Ep 186 | 드론4 목적지74 |  865스텝 | 배송 74/74 | 재적재 13 | 중계율 0.21 | alpha 1.552 | complete
Ep 187 | 드론3 목적지65 | 1000스텝 | 배송 42/65 | 재적재  7 | 중계율 0.18 | alpha 1.539 | step_limit
Ep 188 | 드론3 목적지80 | 1000스텝 | 배송 52/80 | 재적재  9 | 중계율 0.25 | alpha 1.545 | step_limit
Ep 189 | 드론4 목적지55 |  784스텝 | 배송 55/55 | 재적재 10 | 중계율 0.25 | alpha 1.543 | complete
Ep 190 | 드론3 목적지36 |  870스텝 | 배송 36/36 | 재적재  6 | 중계율 0.25 | alpha 1.515 | complete
Ep 191 | 드론3 목적지28 |  890스텝 | 배송 28/28 | 재적재  5 | 중계율 0.23 | alpha 1.520 | complete
Ep 192 | 드론4 목적지74 | 1000스텝 | 배송 73/74 | 재적재 13 | 중계율 0.19 | alpha 1.505 | step_limit
Ep 193 | 드론3 목적지61 | 1000스텝 | 배송 52/61 | 재적재  9 | 중계율 0.24 | alpha 1.535 | step_limit
Ep 194 | 드론4 목적지73 |  966스텝 | 배송 73/73 | 재적재 13 | 중계율 0.15 | alpha 1.536 | complete
Ep 195 | 드론4 목적지69 | 1000스텝 | 배송 61/69 | 재적재 11 | 중계율 0.29 | alpha 1.528 | step_limit
Ep 196 | 드론3 목적지47 |  779스텝 | 배송 47/47 | 재적재  8 | 중계율 0.15 | alpha 1.505 | complete
Ep 197 | 드론4 목적지27 |  735스텝 | 배송 27/27 | 재적재  4 | 중계율 0.27 | alpha 1.490 | complete
Ep 198 | 드론3 목적지56 | 1000스텝 | 배송 52/56 | 재적재 10 | 중계율 0.16 | alpha 1.472 | step_limit
Ep 199 | 드론3 목적지57 | 1000스텝 | 배송 45/57 | 재적재  7 | 중계율 0.22 | alpha 1.446 | step_limit
Ep 200 | 드론4 목적지64 | 1000스텝 | 배송 59/64 | 재적재  9 | 중계율 0.26 | alpha 1.445 | step_limit
  [홀드아웃] 배송 50.0±0.1 완주 0.99 스텝 1057 점수 124.7 재적재 8.3 2홉+ 0.62 | 최고 124.7@ep200 정체 0/15  ← 갱신
Ep 201 | 드론4 목적지38 | 1000스텝 | 배송 27/38 | 재적재  4 | 중계율 0.33 | alpha 1.450 | step_limit
Ep 202 | 드론3 목적지32 | 1000스텝 | 배송 31/32 | 재적재  6 | 중계율 0.34 | alpha 1.420 | step_limit
Ep 203 | 드론3 목적지23 |  503스텝 | 배송 23/23 | 재적재  3 | 중계율 0.17 | alpha 1.429 | complete
Ep 204 | 드론3 목적지38 |  712스텝 | 배송 38/38 | 재적재  5 | 중계율 0.19 | alpha 1.431 | complete
Ep 205 | 드론3 목적지27 |  619스텝 | 배송 27/27 | 재적재  4 | 중계율 0.19 | alpha 1.424 | complete
Ep 206 | 드론3 목적지58 | 1000스텝 | 배송 49/58 | 재적재  8 | 중계율 0.20 | alpha 1.426 | step_limit
Ep 207 | 드론3 목적지52 | 1000스텝 | 배송 44/52 | 재적재  8 | 중계율 0.27 | alpha 1.432 | step_limit
Ep 208 | 드론3 목적지60 | 1000스텝 | 배송 48/60 | 재적재  7 | 중계율 0.26 | alpha 1.434 | step_limit
Ep 209 | 드론3 목적지72 | 1000스텝 | 배송 51/72 | 재적재  9 | 중계율 0.21 | alpha 1.424 | step_limit
Ep 210 | 드론4 목적지39 |  571스텝 | 배송 39/39 | 재적재  6 | 중계율 0.17 | alpha 1.420 | complete
Ep 211 | 드론3 목적지55 |  871스텝 | 배송 55/55 | 재적재  9 | 중계율 0.21 | alpha 1.385 | complete
Ep 212 | 드론3 목적지62 | 1000스텝 | 배송 58/62 | 재적재 10 | 중계율 0.20 | alpha 1.349 | step_limit
Ep 213 | 드론4 목적지77 |  815스텝 | 배송 77/77 | 재적재 13 | 중계율 0.12 | alpha 1.369 | complete
Ep 214 | 드론3 목적지44 |  943스텝 | 배송 44/44 | 재적재  7 | 중계율 0.22 | alpha 1.367 | complete
Ep 215 | 드론3 목적지49 |  961스텝 | 배송 49/49 | 재적재  8 | 중계율 0.24 | alpha 1.351 | complete
Ep 216 | 드론4 목적지29 |  821스텝 | 배송 29/29 | 재적재  4 | 중계율 0.36 | alpha 1.346 | complete
Ep 217 | 드론4 목적지36 |  466스텝 | 배송 36/36 | 재적재  6 | 중계율 0.16 | alpha 1.338 | complete
Ep 218 | 드론4 목적지55 |  790스텝 | 배송 55/55 | 재적재  9 | 중계율 0.17 | alpha 1.344 | complete
Ep 219 | 드론3 목적지35 |  759스텝 | 배송 35/35 | 재적재  5 | 중계율 0.24 | alpha 1.327 | complete
Ep 220 | 드론4 목적지73 | 1000스텝 | 배송 71/73 | 재적재 13 | 중계율 0.21 | alpha 1.296 | step_limit
Ep 221 | 드론4 목적지25 |  344스텝 | 배송 25/25 | 재적재  2 | 중계율 0.24 | alpha 1.293 | complete
Ep 222 | 드론3 목적지30 |  810스텝 | 배송 30/30 | 재적재  4 | 중계율 0.20 | alpha 1.262 | complete
Ep 223 | 드론3 목적지45 | 1000스텝 | 배송 44/45 | 재적재  8 | 중계율 0.29 | alpha 1.240 | step_limit
Ep 224 | 드론4 목적지76 | 1000스텝 | 배송 60/76 | 재적재 11 | 중계율 0.29 | alpha 1.220 | step_limit
Ep 225 | 드론4 목적지70 | 1000스텝 | 배송 66/70 | 재적재 12 | 중계율 0.22 | alpha 1.187 | step_limit
Ep 226 | 드론4 목적지73 | 1000스텝 | 배송 70/73 | 재적재 13 | 중계율 0.19 | alpha 1.180 | step_limit
Ep 227 | 드론4 목적지56 |  705스텝 | 배송 56/56 | 재적재  8 | 중계율 0.19 | alpha 1.162 | complete
Ep 228 | 드론4 목적지24 |  403스텝 | 배송 24/24 | 재적재  3 | 중계율 0.28 | alpha 1.157 | complete
Ep 229 | 드론3 목적지32 | 1000스텝 | 배송 30/32 | 재적재  5 | 중계율 0.33 | alpha 1.130 | step_limit
Ep 230 | 드론3 목적지62 | 1000스텝 | 배송 56/62 | 재적재 10 | 중계율 0.15 | alpha 1.125 | step_limit
Ep 231 | 드론3 목적지27 |  643스텝 | 배송 27/27 | 재적재  4 | 중계율 0.24 | alpha 1.122 | complete
Ep 232 | 드론4 목적지27 |  748스텝 | 배송 27/27 | 재적재  3 | 중계율 0.40 | alpha 1.118 | complete
Ep 233 | 드론4 목적지58 | 1000스텝 | 배송 57/58 | 재적재 10 | 중계율 0.28 | alpha 1.108 | step_limit
Ep 234 | 드론3 목적지56 | 1000스텝 | 배송 55/56 | 재적재 10 | 중계율 0.19 | alpha 1.129 | step_limit
Ep 235 | 드론3 목적지49 |  982스텝 | 배송 49/49 | 재적재  9 | 중계율 0.23 | alpha 1.128 | complete
Ep 236 | 드론4 목적지71 | 1000스텝 | 배송 69/71 | 재적재 13 | 중계율 0.23 | alpha 1.136 | step_limit
Ep 237 | 드론4 목적지77 |  888스텝 | 배송 77/77 | 재적재 14 | 중계율 0.17 | alpha 1.134 | complete
Ep 238 | 드론4 목적지27 |  498스텝 | 배송 27/27 | 재적재  3 | 중계율 0.19 | alpha 1.136 | complete
Ep 239 | 드론4 목적지37 |  894스텝 | 배송 37/37 | 재적재  6 | 중계율 0.31 | alpha 1.147 | complete
Ep 240 | 드론4 목적지70 |  957스텝 | 배송 70/70 | 재적재 12 | 중계율 0.18 | alpha 1.161 | complete
Ep 241 | 드론3 목적지46 |  892스텝 | 배송 46/46 | 재적재  8 | 중계율 0.27 | alpha 1.170 | complete
Ep 242 | 드론4 목적지65 | 1000스텝 | 배송 64/65 | 재적재 11 | 중계율 0.18 | alpha 1.167 | step_limit
Ep 243 | 드론4 목적지39 |  702스텝 | 배송 39/39 | 재적재  6 | 중계율 0.26 | alpha 1.164 | complete
Ep 244 | 드론3 목적지51 | 1000스텝 | 배송 46/51 | 재적재  8 | 중계율 0.24 | alpha 1.150 | step_limit
Ep 245 | 드론3 목적지52 | 1000스텝 | 배송 41/52 | 재적재  8 | 중계율 0.31 | alpha 1.171 | step_limit
Ep 246 | 드론4 목적지54 |  590스텝 | 배송 54/54 | 재적재  9 | 중계율 0.17 | alpha 1.172 | complete
Ep 247 | 드론4 목적지69 | 1000스텝 | 배송 65/69 | 재적재 12 | 중계율 0.27 | alpha 1.175 | step_limit
Ep 248 | 드론3 목적지77 | 1000스텝 | 배송 60/77 | 재적재 11 | 중계율 0.20 | alpha 1.169 | step_limit
Ep 249 | 드론4 목적지70 | 1000스텝 | 배송 69/70 | 재적재 13 | 중계율 0.17 | alpha 1.149 | step_limit
Ep 250 | 드론3 목적지51 | 1000스텝 | 배송 45/51 | 재적재  8 | 중계율 0.27 | alpha 1.146 | step_limit
  [홀드아웃] 배송 50.0±0.2 완주 0.97 스텝 1040 점수 123.6 재적재 8.1 2홉+ 0.63 | 최고 124.7@ep200 정체 1/15
Ep 251 | 드론4 목적지33 |  521스텝 | 배송 33/33 | 재적재  4 | 중계율 0.20 | alpha 1.140 | complete
Ep 252 | 드론3 목적지25 |  575스텝 | 배송 25/25 | 재적재  3 | 중계율 0.24 | alpha 1.131 | complete
Ep 253 | 드론4 목적지49 | 1000스텝 | 배송 46/49 | 재적재  7 | 중계율 0.26 | alpha 1.096 | step_limit
Ep 254 | 드론4 목적지26 |  337스텝 | 배송 26/26 | 재적재  3 | 중계율 0.17 | alpha 1.093 | complete
Ep 255 | 드론3 목적지38 |  745스텝 | 배송 38/38 | 재적재  6 | 중계율 0.24 | alpha 1.080 | complete
Ep 256 | 드론3 목적지27 |  783스텝 | 배송 27/27 | 재적재  4 | 중계율 0.23 | alpha 1.071 | complete
Ep 257 | 드론3 목적지44 |  978스텝 | 배송 44/44 | 재적재  7 | 중계율 0.27 | alpha 1.068 | complete
Ep 258 | 드론4 목적지73 | 1000스텝 | 배송 67/73 | 재적재 12 | 중계율 0.21 | alpha 1.070 | step_limit
Ep 259 | 드론4 목적지65 | 1000스텝 | 배송 60/65 | 재적재  9 | 중계율 0.24 | alpha 1.058 | step_limit
Ep 260 | 드론4 목적지49 |  818스텝 | 배송 49/49 | 재적재  8 | 중계율 0.23 | alpha 1.055 | complete
Ep 261 | 드론4 목적지21 |  479스텝 | 배송 21/21 | 재적재  2 | 중계율 0.28 | alpha 1.063 | complete
Ep 262 | 드론3 목적지69 | 1000스텝 | 배송 68/69 | 재적재 12 | 중계율 0.20 | alpha 1.058 | step_limit
Ep 263 | 드론3 목적지40 |  915스텝 | 배송 40/40 | 재적재  6 | 중계율 0.32 | alpha 1.047 | complete
Ep 264 | 드론4 목적지35 |  516스텝 | 배송 35/35 | 재적재  6 | 중계율 0.20 | alpha 1.054 | complete
Ep 265 | 드론4 목적지52 |  613스텝 | 배송 52/52 | 재적재  8 | 중계율 0.13 | alpha 1.055 | complete
Ep 266 | 드론3 목적지33 |  697스텝 | 배송 33/33 | 재적재  6 | 중계율 0.16 | alpha 1.057 | complete
Ep 267 | 드론4 목적지32 |  523스텝 | 배송 32/32 | 재적재  4 | 중계율 0.26 | alpha 1.070 | complete
Ep 268 | 드론3 목적지39 |  865스텝 | 배송 39/39 | 재적재  7 | 중계율 0.24 | alpha 1.073 | complete
Ep 269 | 드론4 목적지71 |  836스텝 | 배송 71/71 | 재적재 12 | 중계율 0.23 | alpha 1.073 | complete
Ep 270 | 드론3 목적지56 | 1000스텝 | 배송 45/56 | 재적재  8 | 중계율 0.31 | alpha 1.081 | step_limit
Ep 271 | 드론4 목적지66 |  845스텝 | 배송 66/66 | 재적재 11 | 중계율 0.22 | alpha 1.081 | complete
Ep 272 | 드론3 목적지33 |  491스텝 | 배송 33/33 | 재적재  4 | 중계율 0.19 | alpha 1.084 | complete
Ep 273 | 드론4 목적지75 | 1000스텝 | 배송 71/75 | 재적재 12 | 중계율 0.21 | alpha 1.086 | step_limit
Ep 274 | 드론3 목적지63 | 1000스텝 | 배송 62/63 | 재적재 12 | 중계율 0.18 | alpha 1.078 | step_limit
Ep 275 | 드론3 목적지46 |  911스텝 | 배송 46/46 | 재적재  8 | 중계율 0.29 | alpha 1.083 | complete
Ep 276 | 드론4 목적지62 | 1000스텝 | 배송 60/62 | 재적재  9 | 중계율 0.31 | alpha 1.094 | step_limit
Ep 277 | 드론4 목적지35 |  513스텝 | 배송 35/35 | 재적재  4 | 중계율 0.23 | alpha 1.087 | complete
Ep 278 | 드론3 목적지79 | 1000스텝 | 배송 62/79 | 재적재 12 | 중계율 0.14 | alpha 1.073 | step_limit
Ep 279 | 드론3 목적지50 | 1000스텝 | 배송 47/50 | 재적재  9 | 중계율 0.21 | alpha 1.069 | step_limit
Ep 280 | 드론3 목적지71 | 1000스텝 | 배송 55/71 | 재적재  8 | 중계율 0.21 | alpha 1.063 | step_limit
Ep 281 | 드론4 목적지52 |  916스텝 | 배송 52/52 | 재적재  9 | 중계율 0.29 | alpha 1.064 | complete
Ep 282 | 드론3 목적지55 |  992스텝 | 배송 55/55 | 재적재 10 | 중계율 0.21 | alpha 1.053 | complete
Ep 283 | 드론3 목적지44 |  730스텝 | 배송 44/44 | 재적재  7 | 중계율 0.13 | alpha 1.042 | complete
Ep 284 | 드론4 목적지61 |  798스텝 | 배송 61/61 | 재적재 12 | 중계율 0.19 | alpha 1.027 | complete
Ep 285 | 드론4 목적지61 |  802스텝 | 배송 61/61 | 재적재 11 | 중계율 0.23 | alpha 1.031 | complete
Ep 286 | 드론4 목적지35 |  642스텝 | 배송 35/35 | 재적재  5 | 중계율 0.19 | alpha 1.026 | complete
Ep 287 | 드론4 목적지42 |  695스텝 | 배송 42/42 | 재적재  6 | 중계율 0.27 | alpha 1.029 | complete
Ep 288 | 드론3 목적지26 |  524스텝 | 배송 26/26 | 재적재  4 | 중계율 0.20 | alpha 1.025 | complete
Ep 289 | 드론4 목적지71 |  941스텝 | 배송 71/71 | 재적재 13 | 중계율 0.19 | alpha 1.025 | complete
Ep 290 | 드론3 목적지34 |  837스텝 | 배송 34/34 | 재적재  5 | 중계율 0.27 | alpha 1.033 | complete
Ep 291 | 드론4 목적지70 |  878스텝 | 배송 70/70 | 재적재 13 | 중계율 0.24 | alpha 1.023 | complete
Ep 292 | 드론4 목적지25 |  497스텝 | 배송 25/25 | 재적재  4 | 중계율 0.20 | alpha 1.025 | complete
Ep 293 | 드론4 목적지78 | 1000스텝 | 배송 71/78 | 재적재 12 | 중계율 0.25 | alpha 0.995 | step_limit
Ep 294 | 드론3 목적지63 | 1000스텝 | 배송 55/63 | 재적재  9 | 중계율 0.22 | alpha 0.972 | step_limit
Ep 295 | 드론3 목적지40 |  700스텝 | 배송 40/40 | 재적재  7 | 중계율 0.23 | alpha 0.948 | complete
Ep 296 | 드론3 목적지78 | 1000스텝 | 배송 60/78 | 재적재  9 | 중계율 0.27 | alpha 0.947 | step_limit
Ep 297 | 드론3 목적지76 | 1000스텝 | 배송 70/76 | 재적재 13 | 중계율 0.15 | alpha 0.956 | step_limit
Ep 298 | 드론4 목적지42 |  461스텝 | 배송 42/42 | 재적재  6 | 중계율 0.19 | alpha 0.966 | complete
Ep 299 | 드론4 목적지34 | 1000스텝 | 배송 29/34 | 재적재  4 | 중계율 0.32 | alpha 0.959 | step_limit
Ep 300 | 드론4 목적지73 | 1000스텝 | 배송 64/73 | 재적재 12 | 중계율 0.27 | alpha 0.966 | step_limit
  [홀드아웃] 배송 49.6±2.3 완주 0.94 스텝 993 점수 120.5 재적재 8.1 2홉+ 0.62 | 최고 124.7@ep200 정체 2/15
Ep 301 | 드론4 목적지74 |  846스텝 | 배송 74/74 | 재적재 13 | 중계율 0.17 | alpha 0.976 | complete
Ep 302 | 드론3 목적지56 |  949스텝 | 배송 56/56 | 재적재 10 | 중계율 0.21 | alpha 0.982 | complete
Ep 303 | 드론4 목적지24 |  489스텝 | 배송 24/24 | 재적재  3 | 중계율 0.24 | alpha 0.984 | complete
Ep 304 | 드론4 목적지67 | 1000스텝 | 배송 65/67 | 재적재 12 | 중계율 0.28 | alpha 0.969 | step_limit
Ep 305 | 드론3 목적지69 | 1000스텝 | 배송 59/69 | 재적재 10 | 중계율 0.17 | alpha 0.958 | step_limit
Ep 306 | 드론3 목적지30 |  542스텝 | 배송 30/30 | 재적재  4 | 중계율 0.19 | alpha 0.952 | complete
Ep 307 | 드론4 목적지46 |  522스텝 | 배송 46/46 | 재적재  7 | 중계율 0.15 | alpha 0.937 | complete
Ep 308 | 드론3 목적지45 |  807스텝 | 배송 45/45 | 재적재  8 | 중계율 0.22 | alpha 0.940 | complete
Ep 309 | 드론4 목적지80 | 1000스텝 | 배송 69/80 | 재적재 13 | 중계율 0.26 | alpha 0.927 | step_limit
Ep 310 | 드론3 목적지26 |  852스텝 | 배송 26/26 | 재적재  4 | 중계율 0.24 | alpha 0.916 | complete
Ep 311 | 드론3 목적지52 |  798스텝 | 배송 52/52 | 재적재  9 | 중계율 0.16 | alpha 0.917 | complete
Ep 312 | 드론3 목적지42 | 1000스텝 | 배송 40/42 | 재적재  6 | 중계율 0.29 | alpha 0.907 | step_limit
Ep 313 | 드론3 목적지60 | 1000스텝 | 배송 57/60 | 재적재 10 | 중계율 0.27 | alpha 0.908 | step_limit
Ep 314 | 드론3 목적지78 | 1000스텝 | 배송 55/78 | 재적재  8 | 중계율 0.21 | alpha 0.889 | step_limit
Ep 315 | 드론4 목적지51 | 1000스텝 | 배송 46/51 | 재적재  8 | 중계율 0.31 | alpha 0.873 | step_limit
Ep 316 | 드론4 목적지58 | 1000스텝 | 배송 56/58 | 재적재  9 | 중계율 0.21 | alpha 0.873 | step_limit
Ep 317 | 드론4 목적지75 | 1000스텝 | 배송 70/75 | 재적재 12 | 중계율 0.23 | alpha 0.862 | step_limit
Ep 318 | 드론4 목적지56 |  918스텝 | 배송 56/56 | 재적재 10 | 중계율 0.31 | alpha 0.850 | complete
Ep 319 | 드론3 목적지69 | 1000스텝 | 배송 51/69 | 재적재  8 | 중계율 0.26 | alpha 0.843 | step_limit
Ep 320 | 드론4 목적지45 |  733스텝 | 배송 45/45 | 재적재  7 | 중계율 0.30 | alpha 0.840 | complete
Ep 321 | 드론4 목적지28 |  389스텝 | 배송 28/28 | 재적재  4 | 중계율 0.26 | alpha 0.839 | complete
Ep 322 | 드론4 목적지59 |  684스텝 | 배송 59/59 | 재적재 10 | 중계율 0.17 | alpha 0.845 | complete
Ep 323 | 드론3 목적지44 | 1000스텝 | 배송 42/44 | 재적재  7 | 중계율 0.30 | alpha 0.843 | step_limit
Ep 324 | 드론3 목적지25 |  481스텝 | 배송 25/25 | 재적재  3 | 중계율 0.20 | alpha 0.833 | complete
Ep 325 | 드론4 목적지65 |  830스텝 | 배송 65/65 | 재적재 10 | 중계율 0.18 | alpha 0.834 | complete
Ep 326 | 드론3 목적지31 |  571스텝 | 배송 31/31 | 재적재  6 | 중계율 0.24 | alpha 0.829 | complete
Ep 327 | 드론4 목적지67 | 1000스텝 | 배송 65/67 | 재적재 12 | 중계율 0.24 | alpha 0.824 | step_limit
Ep 328 | 드론3 목적지65 | 1000스텝 | 배송 61/65 | 재적재 11 | 중계율 0.21 | alpha 0.824 | step_limit
Ep 329 | 드론4 목적지33 |  631스텝 | 배송 33/33 | 재적재  4 | 중계율 0.29 | alpha 0.819 | complete
Ep 330 | 드론4 목적지76 | 1000스텝 | 배송 67/76 | 재적재 11 | 중계율 0.23 | alpha 0.805 | step_limit
Ep 331 | 드론3 목적지76 | 1000스텝 | 배송 64/76 | 재적재 12 | 중계율 0.26 | alpha 0.789 | step_limit
Ep 332 | 드론4 목적지75 |  927스텝 | 배송 75/75 | 재적재 13 | 중계율 0.18 | alpha 0.776 | complete
Ep 333 | 드론3 목적지26 |  607스텝 | 배송 26/26 | 재적재  4 | 중계율 0.20 | alpha 0.764 | complete
Ep 334 | 드론3 목적지63 | 1000스텝 | 배송 59/63 | 재적재 10 | 중계율 0.21 | alpha 0.753 | step_limit
Ep 335 | 드론4 목적지28 |  422스텝 | 배송 28/28 | 재적재  4 | 중계율 0.25 | alpha 0.744 | complete
Ep 336 | 드론3 목적지54 |  925스텝 | 배송 54/54 | 재적재  8 | 중계율 0.24 | alpha 0.724 | complete
Ep 337 | 드론3 목적지65 | 1000스텝 | 배송 56/65 | 재적재 10 | 중계율 0.26 | alpha 0.704 | step_limit
Ep 338 | 드론3 목적지68 | 1000스텝 | 배송 57/68 | 재적재  9 | 중계율 0.23 | alpha 0.700 | step_limit
Ep 339 | 드론4 목적지47 |  558스텝 | 배송 47/47 | 재적재  8 | 중계율 0.12 | alpha 0.688 | complete
Ep 340 | 드론3 목적지73 | 1000스텝 | 배송 60/73 | 재적재 11 | 중계율 0.26 | alpha 0.670 | step_limit
Ep 341 | 드론3 목적지64 | 1000스텝 | 배송 55/64 | 재적재 10 | 중계율 0.32 | alpha 0.653 | step_limit
Ep 342 | 드론3 목적지26 |  485스텝 | 배송 26/26 | 재적재  3 | 중계율 0.17 | alpha 0.646 | complete
Ep 343 | 드론4 목적지58 | 1000스텝 | 배송 57/58 | 재적재 10 | 중계율 0.27 | alpha 0.627 | step_limit
Ep 344 | 드론4 목적지23 |  272스텝 | 배송 23/23 | 재적재  3 | 중계율 0.18 | alpha 0.622 | complete
Ep 345 | 드론4 목적지53 |  905스텝 | 배송 53/53 | 재적재  8 | 중계율 0.28 | alpha 0.609 | complete
Ep 346 | 드론3 목적지21 |  435스텝 | 배송 21/21 | 재적재  3 | 중계율 0.22 | alpha 0.600 | complete
Ep 347 | 드론4 목적지39 |  721스텝 | 배송 39/39 | 재적재  7 | 중계율 0.22 | alpha 0.586 | complete
Ep 348 | 드론4 목적지46 |  647스텝 | 배송 46/46 | 재적재  8 | 중계율 0.16 | alpha 0.568 | complete
Ep 349 | 드론4 목적지37 |  484스텝 | 배송 37/37 | 재적재  5 | 중계율 0.26 | alpha 0.559 | complete
Ep 350 | 드론3 목적지42 |  935스텝 | 배송 42/42 | 재적재  7 | 중계율 0.26 | alpha 0.543 | complete
  [홀드아웃] 배송 50.0±0.0 완주 1.00 스텝 1021 점수 126.4 재적재 8.2 2홉+ 0.61 | 최고 126.4@ep350 정체 0/15  ← 갱신
Ep 351 | 드론4 목적지54 |  712스텝 | 배송 54/54 | 재적재 10 | 중계율 0.21 | alpha 0.535 | complete
Ep 352 | 드론4 목적지69 |  960스텝 | 배송 69/69 | 재적재 11 | 중계율 0.26 | alpha 0.522 | complete
Ep 353 | 드론3 목적지44 |  649스텝 | 배송 44/44 | 재적재  7 | 중계율 0.19 | alpha 0.517 | complete
Ep 354 | 드론3 목적지49 |  868스텝 | 배송 49/49 | 재적재  9 | 중계율 0.25 | alpha 0.509 | complete
Ep 355 | 드론3 목적지28 |  546스텝 | 배송 28/28 | 재적재  5 | 중계율 0.21 | alpha 0.508 | complete
Ep 356 | 드론3 목적지79 | 1000스텝 | 배송 74/79 | 재적재 13 | 중계율 0.14 | alpha 0.500 | step_limit
Ep 357 | 드론4 목적지71 | 1000스텝 | 배송 70/71 | 재적재 11 | 중계율 0.14 | alpha 0.497 | step_limit
Ep 358 | 드론3 목적지30 |  655스텝 | 배송 30/30 | 재적재  4 | 중계율 0.30 | alpha 0.500 | complete
Ep 359 | 드론3 목적지74 | 1000스텝 | 배송 56/74 | 재적재 10 | 중계율 0.19 | alpha 0.504 | step_limit
Ep 360 | 드론4 목적지47 |  623스텝 | 배송 47/47 | 재적재  7 | 중계율 0.23 | alpha 0.505 | complete
Ep 361 | 드론3 목적지43 |  868스텝 | 배송 43/43 | 재적재  7 | 중계율 0.22 | alpha 0.504 | complete
Ep 362 | 드론4 목적지78 |  927스텝 | 배송 78/78 | 재적재 14 | 중계율 0.22 | alpha 0.507 | complete
Ep 363 | 드론4 목적지70 |  778스텝 | 배송 70/70 | 재적재 12 | 중계율 0.17 | alpha 0.506 | complete
Ep 364 | 드론3 목적지64 | 1000스텝 | 배송 56/64 | 재적재 11 | 중계율 0.29 | alpha 0.500 | step_limit
Ep 365 | 드론3 목적지63 | 1000스텝 | 배송 47/63 | 재적재  8 | 중계율 0.27 | alpha 0.500 | step_limit
Ep 366 | 드론3 목적지44 |  828스텝 | 배송 44/44 | 재적재  8 | 중계율 0.25 | alpha 0.498 | complete
Ep 367 | 드론4 목적지38 |  757스텝 | 배송 38/38 | 재적재  7 | 중계율 0.25 | alpha 0.495 | complete
Ep 368 | 드론3 목적지37 |  831스텝 | 배송 37/37 | 재적재  6 | 중계율 0.15 | alpha 0.488 | complete
Ep 369 | 드론3 목적지42 |  650스텝 | 배송 42/42 | 재적재  8 | 중계율 0.21 | alpha 0.480 | complete
Ep 370 | 드론3 목적지70 | 1000스텝 | 배송 63/70 | 재적재 11 | 중계율 0.26 | alpha 0.474 | step_limit
Ep 371 | 드론3 목적지40 |  815스텝 | 배송 40/40 | 재적재  6 | 중계율 0.25 | alpha 0.467 | complete
Ep 372 | 드론4 목적지29 |  377스텝 | 배송 29/29 | 재적재  4 | 중계율 0.14 | alpha 0.462 | complete
Ep 373 | 드론3 목적지79 | 1000스텝 | 배송 65/79 | 재적재 13 | 중계율 0.20 | alpha 0.453 | step_limit
Ep 374 | 드론3 목적지40 |  900스텝 | 배송 40/40 | 재적재  7 | 중계율 0.26 | alpha 0.446 | complete
Ep 375 | 드론3 목적지28 |  489스텝 | 배송 28/28 | 재적재  4 | 중계율 0.18 | alpha 0.442 | complete
Ep 376 | 드론3 목적지40 |  962스텝 | 배송 40/40 | 재적재  6 | 중계율 0.36 | alpha 0.439 | complete
Ep 377 | 드론3 목적지72 | 1000스텝 | 배송 64/72 | 재적재 11 | 중계율 0.25 | alpha 0.432 | step_limit
Ep 378 | 드론4 목적지61 |  888스텝 | 배송 61/61 | 재적재 10 | 중계율 0.23 | alpha 0.423 | complete
Ep 379 | 드론4 목적지68 | 1000스텝 | 배송 64/68 | 재적재 11 | 중계율 0.24 | alpha 0.414 | step_limit
Ep 380 | 드론3 목적지24 |  570스텝 | 배송 24/24 | 재적재  3 | 중계율 0.24 | alpha 0.408 | complete
Ep 381 | 드론3 목적지52 |  976스텝 | 배송 52/52 | 재적재  9 | 중계율 0.28 | alpha 0.398 | complete
Ep 382 | 드론4 목적지35 |  483스텝 | 배송 35/35 | 재적재  4 | 중계율 0.22 | alpha 0.393 | complete
Ep 383 | 드론3 목적지47 | 1000스텝 | 배송 46/47 | 재적재  7 | 중계율 0.29 | alpha 0.387 | step_limit
Ep 384 | 드론3 목적지28 |  507스텝 | 배송 28/28 | 재적재  3 | 중계율 0.27 | alpha 0.379 | complete
Ep 385 | 드론4 목적지70 |  924스텝 | 배송 70/70 | 재적재 13 | 중계율 0.25 | alpha 0.368 | complete
Ep 386 | 드론4 목적지71 |  934스텝 | 배송 71/71 | 재적재 13 | 중계율 0.20 | alpha 0.361 | complete
Ep 387 | 드론3 목적지49 |  834스텝 | 배송 49/49 | 재적재  8 | 중계율 0.15 | alpha 0.355 | complete
Ep 388 | 드론3 목적지21 |  588스텝 | 배송 21/21 | 재적재  3 | 중계율 0.33 | alpha 0.349 | complete
Ep 389 | 드론4 목적지60 |  589스텝 | 배송 60/60 | 재적재 10 | 중계율 0.15 | alpha 0.345 | complete
Ep 390 | 드론4 목적지30 |  401스텝 | 배송 30/30 | 재적재  3 | 중계율 0.28 | alpha 0.341 | complete
Ep 391 | 드론3 목적지51 |  935스텝 | 배송 51/51 | 재적재  9 | 중계율 0.16 | alpha 0.328 | complete
Ep 392 | 드론3 목적지39 | 1000스텝 | 배송 37/39 | 재적재  6 | 중계율 0.32 | alpha 0.316 | step_limit
Ep 393 | 드론4 목적지73 |  770스텝 | 배송 73/73 | 재적재 13 | 중계율 0.16 | alpha 0.304 | complete
Ep 394 | 드론3 목적지32 |  881스텝 | 배송 32/32 | 재적재  5 | 중계율 0.36 | alpha 0.292 | complete
Ep 395 | 드론4 목적지70 |  757스텝 | 배송 70/70 | 재적재 12 | 중계율 0.18 | alpha 0.285 | complete
Ep 396 | 드론4 목적지28 |  418스텝 | 배송 28/28 | 재적재  4 | 중계율 0.20 | alpha 0.280 | complete
Ep 397 | 드론3 목적지39 |  766스텝 | 배송 39/39 | 재적재  6 | 중계율 0.28 | alpha 0.272 | complete
Ep 398 | 드론3 목적지40 | 1000스텝 | 배송 37/40 | 재적재  6 | 중계율 0.23 | alpha 0.265 | step_limit
Ep 399 | 드론3 목적지51 |  834스텝 | 배송 51/51 | 재적재  9 | 중계율 0.20 | alpha 0.258 | complete
Ep 400 | 드론3 목적지79 | 1000스텝 | 배송 60/79 | 재적재 11 | 중계율 0.24 | alpha 0.248 | step_limit
  [홀드아웃] 배송 50.0±0.2 완주 0.99 스텝 935 점수 126.3 재적재 7.9 2홉+ 0.61 | 최고 126.4@ep350 정체 1/15
Ep 401 | 드론3 목적지63 | 1000스텝 | 배송 60/63 | 재적재 10 | 중계율 0.23 | alpha 0.239 | step_limit
Ep 402 | 드론3 목적지32 |  861스텝 | 배송 32/32 | 재적재  5 | 중계율 0.27 | alpha 0.234 | complete
Ep 403 | 드론3 목적지76 | 1000스텝 | 배송 68/76 | 재적재 13 | 중계율 0.19 | alpha 0.228 | step_limit
Ep 404 | 드론4 목적지23 |  600스텝 | 배송 23/23 | 재적재  3 | 중계율 0.24 | alpha 0.225 | complete
Ep 405 | 드론3 목적지67 | 1000스텝 | 배송 55/67 | 재적재  9 | 중계율 0.26 | alpha 0.222 | step_limit
Ep 406 | 드론3 목적지48 |  903스텝 | 배송 48/48 | 재적재  8 | 중계율 0.30 | alpha 0.219 | complete
Ep 407 | 드론3 목적지72 | 1000스텝 | 배송 59/72 | 재적재 10 | 중계율 0.24 | alpha 0.218 | step_limit
Ep 408 | 드론4 목적지79 | 1000스텝 | 배송 77/79 | 재적재 13 | 중계율 0.24 | alpha 0.215 | step_limit
Ep 409 | 드론4 목적지28 |  350스텝 | 배송 28/28 | 재적재  4 | 중계율 0.14 | alpha 0.214 | complete
Ep 410 | 드론4 목적지46 |  809스텝 | 배송 46/46 | 재적재  8 | 중계율 0.31 | alpha 0.213 | complete
Ep 411 | 드론4 목적지69 | 1000스텝 | 배송 63/69 | 재적재 10 | 중계율 0.31 | alpha 0.212 | step_limit
Ep 412 | 드론3 목적지47 |  874스텝 | 배송 47/47 | 재적재  8 | 중계율 0.27 | alpha 0.213 | complete
Ep 413 | 드론4 목적지45 |  633스텝 | 배송 45/45 | 재적재  7 | 중계율 0.19 | alpha 0.213 | complete
Ep 414 | 드론3 목적지76 | 1000스텝 | 배송 65/76 | 재적재 11 | 중계율 0.22 | alpha 0.213 | step_limit
Ep 415 | 드론3 목적지79 | 1000스텝 | 배송 65/79 | 재적재 12 | 중계율 0.23 | alpha 0.214 | step_limit
Ep 416 | 드론3 목적지20 |  494스텝 | 배송 20/20 | 재적재  3 | 중계율 0.19 | alpha 0.212 | complete
Ep 417 | 드론3 목적지45 |  710스텝 | 배송 45/45 | 재적재  8 | 중계율 0.20 | alpha 0.214 | complete
Ep 418 | 드론3 목적지75 | 1000스텝 | 배송 65/75 | 재적재 11 | 중계율 0.21 | alpha 0.213 | step_limit
Ep 419 | 드론4 목적지78 | 1000스텝 | 배송 75/78 | 재적재 12 | 중계율 0.28 | alpha 0.212 | step_limit
Ep 420 | 드론4 목적지33 |  449스텝 | 배송 33/33 | 재적재  5 | 중계율 0.17 | alpha 0.214 | complete
Ep 421 | 드론3 목적지62 | 1000스텝 | 배송 59/62 | 재적재 10 | 중계율 0.30 | alpha 0.216 | step_limit
Ep 422 | 드론4 목적지51 |  872스텝 | 배송 51/51 | 재적재  8 | 중계율 0.32 | alpha 0.221 | complete
Ep 423 | 드론3 목적지44 |  984스텝 | 배송 44/44 | 재적재  7 | 중계율 0.25 | alpha 0.223 | complete
Ep 424 | 드론3 목적지33 |  804스텝 | 배송 33/33 | 재적재  4 | 중계율 0.29 | alpha 0.227 | complete
Ep 425 | 드론3 목적지33 |  482스텝 | 배송 33/33 | 재적재  5 | 중계율 0.12 | alpha 0.228 | complete
Ep 426 | 드론4 목적지24 |  418스텝 | 배송 24/24 | 재적재  4 | 중계율 0.16 | alpha 0.229 | complete
Ep 427 | 드론3 목적지64 | 1000스텝 | 배송 55/64 | 재적재 10 | 중계율 0.28 | alpha 0.234 | step_limit
Ep 428 | 드론4 목적지53 |  967스텝 | 배송 53/53 | 재적재  9 | 중계율 0.35 | alpha 0.239 | complete
Ep 429 | 드론3 목적지36 |  823스텝 | 배송 36/36 | 재적재  6 | 중계율 0.22 | alpha 0.242 | complete
Ep 430 | 드론4 목적지48 | 1000스텝 | 배송 46/48 | 재적재  8 | 중계율 0.25 | alpha 0.249 | step_limit
Ep 431 | 드론3 목적지56 | 1000스텝 | 배송 53/56 | 재적재  9 | 중계율 0.30 | alpha 0.255 | step_limit
Ep 432 | 드론3 목적지45 |  958스텝 | 배송 45/45 | 재적재  8 | 중계율 0.22 | alpha 0.262 | complete
Ep 433 | 드론4 목적지25 |  701스텝 | 배송 25/25 | 재적재  4 | 중계율 0.34 | alpha 0.269 | complete
Ep 434 | 드론3 목적지58 | 1000스텝 | 배송 56/58 | 재적재 11 | 중계율 0.26 | alpha 0.275 | step_limit
Ep 435 | 드론3 목적지72 | 1000스텝 | 배송 53/72 | 재적재  9 | 중계율 0.32 | alpha 0.281 | step_limit
Ep 436 | 드론3 목적지71 | 1000스텝 | 배송 65/71 | 재적재 12 | 중계율 0.19 | alpha 0.289 | step_limit
Ep 437 | 드론3 목적지53 | 1000스텝 | 배송 51/53 | 재적재  9 | 중계율 0.29 | alpha 0.296 | step_limit
Ep 438 | 드론4 목적지31 |  549스텝 | 배송 31/31 | 재적재  4 | 중계율 0.27 | alpha 0.301 | complete
Ep 439 | 드론4 목적지77 |  928스텝 | 배송 77/77 | 재적재 15 | 중계율 0.21 | alpha 0.309 | complete
Ep 440 | 드론3 목적지73 | 1000스텝 | 배송 61/73 | 재적재 10 | 중계율 0.27 | alpha 0.319 | step_limit
Ep 441 | 드론4 목적지27 |  398스텝 | 배송 27/27 | 재적재  4 | 중계율 0.18 | alpha 0.323 | complete
Ep 442 | 드론3 목적지20 |  432스텝 | 배송 20/20 | 재적재  3 | 중계율 0.23 | alpha 0.328 | complete
Ep 443 | 드론4 목적지73 |  753스텝 | 배송 73/73 | 재적재 13 | 중계율 0.17 | alpha 0.335 | complete
Ep 444 | 드론3 목적지56 |  765스텝 | 배송 56/56 | 재적재 10 | 중계율 0.16 | alpha 0.347 | complete
Ep 445 | 드론4 목적지20 |  387스텝 | 배송 20/20 | 재적재  3 | 중계율 0.38 | alpha 0.350 | complete
Ep 446 | 드론3 목적지26 |  533스텝 | 배송 26/26 | 재적재  3 | 중계율 0.18 | alpha 0.357 | complete
Ep 447 | 드론3 목적지41 |  589스텝 | 배송 41/41 | 재적재  6 | 중계율 0.14 | alpha 0.365 | complete
Ep 448 | 드론4 목적지73 |  982스텝 | 배송 73/73 | 재적재 12 | 중계율 0.23 | alpha 0.372 | complete
Ep 449 | 드론3 목적지56 |  992스텝 | 배송 56/56 | 재적재 10 | 중계율 0.20 | alpha 0.378 | complete
Ep 450 | 드론3 목적지35 |  794스텝 | 배송 35/35 | 재적재  5 | 중계율 0.29 | alpha 0.379 | complete
  [홀드아웃] 배송 49.9±0.6 완주 0.99 스텝 986 점수 125.6 재적재 8.2 2홉+ 0.62 | 최고 126.4@ep350 정체 2/15
Ep 451 | 드론4 목적지77 |  866스텝 | 배송 77/77 | 재적재 14 | 중계율 0.14 | alpha 0.386 | complete
Ep 452 | 드론3 목적지22 |  516스텝 | 배송 22/22 | 재적재  3 | 중계율 0.28 | alpha 0.391 | complete
Ep 453 | 드론4 목적지47 |  561스텝 | 배송 47/47 | 재적재  9 | 중계율 0.21 | alpha 0.395 | complete
Ep 454 | 드론4 목적지72 | 1000스텝 | 배송 68/72 | 재적재 12 | 중계율 0.27 | alpha 0.401 | step_limit
Ep 455 | 드론4 목적지63 | 1000스텝 | 배송 52/63 | 재적재  8 | 중계율 0.28 | alpha 0.405 | step_limit
Ep 456 | 드론3 목적지73 | 1000스텝 | 배송 64/73 | 재적재 11 | 중계율 0.20 | alpha 0.406 | step_limit
Ep 457 | 드론4 목적지36 |  791스텝 | 배송 36/36 | 재적재  6 | 중계율 0.35 | alpha 0.411 | complete
Ep 458 | 드론4 목적지78 |  897스텝 | 배송 78/78 | 재적재 15 | 중계율 0.21 | alpha 0.414 | complete
Ep 459 | 드론4 목적지45 |  759스텝 | 배송 45/45 | 재적재  7 | 중계율 0.32 | alpha 0.413 | complete
Ep 460 | 드론3 목적지70 | 1000스텝 | 배송 60/70 | 재적재  9 | 중계율 0.28 | alpha 0.411 | step_limit
Ep 461 | 드론3 목적지39 |  599스텝 | 배송 39/39 | 재적재  6 | 중계율 0.21 | alpha 0.408 | complete
Ep 462 | 드론4 목적지62 |  887스텝 | 배송 62/62 | 재적재 12 | 중계율 0.23 | alpha 0.407 | complete
Ep 463 | 드론3 목적지67 | 1000스텝 | 배송 63/67 | 재적재 10 | 중계율 0.26 | alpha 0.405 | step_limit
Ep 464 | 드론3 목적지33 |  589스텝 | 배송 33/33 | 재적재  6 | 중계율 0.18 | alpha 0.403 | complete
Ep 465 | 드론4 목적지80 | 1000스텝 | 배송 70/80 | 재적재 12 | 중계율 0.29 | alpha 0.401 | step_limit
Ep 466 | 드론4 목적지42 |  496스텝 | 배송 42/42 | 재적재  8 | 중계율 0.18 | alpha 0.400 | complete
Ep 467 | 드론3 목적지63 | 1000스텝 | 배송 59/63 | 재적재 10 | 중계율 0.20 | alpha 0.398 | step_limit
Ep 468 | 드론3 목적지78 | 1000스텝 | 배송 66/78 | 재적재 12 | 중계율 0.22 | alpha 0.401 | step_limit
Ep 469 | 드론4 목적지48 |  605스텝 | 배송 48/48 | 재적재  7 | 중계율 0.16 | alpha 0.401 | complete
Ep 470 | 드론4 목적지70 | 1000스텝 | 배송 66/70 | 재적재 12 | 중계율 0.21 | alpha 0.398 | step_limit
Ep 471 | 드론3 목적지24 |  466스텝 | 배송 24/24 | 재적재  3 | 중계율 0.23 | alpha 0.397 | complete
Ep 472 | 드론4 목적지62 | 1000스텝 | 배송 60/62 | 재적재 10 | 중계율 0.25 | alpha 0.390 | step_limit
Ep 473 | 드론3 목적지30 |  646스텝 | 배송 30/30 | 재적재  5 | 중계율 0.24 | alpha 0.387 | complete
Ep 474 | 드론3 목적지37 |  760스텝 | 배송 37/37 | 재적재  6 | 중계율 0.26 | alpha 0.383 | complete
Ep 475 | 드론3 목적지71 | 1000스텝 | 배송 65/71 | 재적재 12 | 중계율 0.27 | alpha 0.382 | step_limit
Ep 476 | 드론3 목적지29 |  797스텝 | 배송 29/29 | 재적재  5 | 중계율 0.20 | alpha 0.379 | complete
Ep 477 | 드론3 목적지36 |  681스텝 | 배송 36/36 | 재적재  5 | 중계율 0.21 | alpha 0.377 | complete
Ep 478 | 드론3 목적지52 |  867스텝 | 배송 52/52 | 재적재  8 | 중계율 0.26 | alpha 0.377 | complete
Ep 479 | 드론4 목적지75 | 1000스텝 | 배송 65/75 | 재적재 12 | 중계율 0.27 | alpha 0.374 | step_limit
Ep 480 | 드론4 목적지64 |  648스텝 | 배송 64/64 | 재적재 11 | 중계율 0.21 | alpha 0.378 | complete
Ep 481 | 드론3 목적지70 | 1000스텝 | 배송 58/70 | 재적재 11 | 중계율 0.24 | alpha 0.387 | step_limit
Ep 482 | 드론4 목적지39 |  491스텝 | 배송 39/39 | 재적재  6 | 중계율 0.23 | alpha 0.389 | complete
Ep 483 | 드론4 목적지51 |  722스텝 | 배송 51/51 | 재적재  9 | 중계율 0.29 | alpha 0.395 | complete
Ep 484 | 드론4 목적지43 |  794스텝 | 배송 43/43 | 재적재  8 | 중계율 0.25 | alpha 0.395 | complete
Ep 485 | 드론3 목적지36 |  722스텝 | 배송 36/36 | 재적재  5 | 중계율 0.26 | alpha 0.399 | complete
Ep 486 | 드론3 목적지53 | 1000스텝 | 배송 49/53 | 재적재  9 | 중계율 0.24 | alpha 0.406 | step_limit
Ep 487 | 드론4 목적지34 |  375스텝 | 배송 34/34 | 재적재  4 | 중계율 0.21 | alpha 0.407 | complete
Ep 488 | 드론3 목적지73 | 1000스텝 | 배송 59/73 | 재적재 10 | 중계율 0.28 | alpha 0.412 | step_limit
Ep 489 | 드론4 목적지52 |  748스텝 | 배송 52/52 | 재적재  9 | 중계율 0.20 | alpha 0.409 | complete
Ep 490 | 드론4 목적지40 |  837스텝 | 배송 40/40 | 재적재  6 | 중계율 0.23 | alpha 0.410 | complete
Ep 491 | 드론3 목적지47 | 1000스텝 | 배송 46/47 | 재적재  7 | 중계율 0.20 | alpha 0.410 | step_limit
Ep 492 | 드론3 목적지71 | 1000스텝 | 배송 61/71 | 재적재 10 | 중계율 0.24 | alpha 0.414 | step_limit
Ep 493 | 드론3 목적지46 |  782스텝 | 배송 46/46 | 재적재  8 | 중계율 0.19 | alpha 0.416 | complete
Ep 494 | 드론3 목적지47 |  971스텝 | 배송 47/47 | 재적재  8 | 중계율 0.31 | alpha 0.423 | complete
Ep 495 | 드론3 목적지45 |  993스텝 | 배송 45/45 | 재적재  8 | 중계율 0.28 | alpha 0.429 | complete
Ep 496 | 드론4 목적지65 |  967스텝 | 배송 65/65 | 재적재 11 | 중계율 0.17 | alpha 0.437 | complete
Ep 497 | 드론3 목적지35 | 1000스텝 | 배송 34/35 | 재적재  4 | 중계율 0.24 | alpha 0.444 | step_limit
Ep 498 | 드론4 목적지39 | 1000스텝 | 배송 38/39 | 재적재  7 | 중계율 0.35 | alpha 0.447 | step_limit
Ep 499 | 드론4 목적지28 |  444스텝 | 배송 28/28 | 재적재  4 | 중계율 0.27 | alpha 0.450 | complete
Ep 500 | 드론3 목적지49 | 1000스텝 | 배송 48/49 | 재적재  9 | 중계율 0.31 | alpha 0.454 | step_limit
  [홀드아웃] 배송 50.0±0.0 완주 1.00 스텝 933 점수 127.6 재적재 8.1 2홉+ 0.61 | 최고 127.6@ep500 정체 0/15  ← 갱신
Ep 501 | 드론4 목적지26 |  407스텝 | 배송 26/26 | 재적재  3 | 중계율 0.30 | alpha 0.456 | complete
Ep 502 | 드론4 목적지69 | 1000스텝 | 배송 68/69 | 재적재 13 | 중계율 0.19 | alpha 0.462 | step_limit
Ep 503 | 드론4 목적지44 |  532스텝 | 배송 44/44 | 재적재  6 | 중계율 0.19 | alpha 0.463 | complete
Ep 504 | 드론4 목적지34 |  693스텝 | 배송 34/34 | 재적재  5 | 중계율 0.32 | alpha 0.467 | complete
Ep 505 | 드론4 목적지77 | 1000스텝 | 배송 55/77 | 재적재 10 | 중계율 0.30 | alpha 0.464 | step_limit
Ep 506 | 드론4 목적지55 |  723스텝 | 배송 55/55 | 재적재  8 | 중계율 0.16 | alpha 0.462 | complete
Ep 507 | 드론3 목적지61 | 1000스텝 | 배송 57/61 | 재적재 11 | 중계율 0.17 | alpha 0.460 | step_limit
Ep 508 | 드론3 목적지24 |  547스텝 | 배송 24/24 | 재적재  3 | 중계율 0.18 | alpha 0.461 | complete
Ep 509 | 드론3 목적지48 | 1000스텝 | 배송 45/48 | 재적재  7 | 중계율 0.28 | alpha 0.457 | step_limit
Ep 510 | 드론4 목적지71 | 1000스텝 | 배송 70/71 | 재적재 12 | 중계율 0.27 | alpha 0.452 | step_limit
Ep 511 | 드론4 목적지39 |  932스텝 | 배송 39/39 | 재적재  7 | 중계율 0.31 | alpha 0.443 | complete
Ep 512 | 드론4 목적지29 |  451스텝 | 배송 29/29 | 재적재  4 | 중계율 0.19 | alpha 0.441 | complete
Ep 513 | 드론4 목적지46 |  627스텝 | 배송 46/46 | 재적재  8 | 중계율 0.26 | alpha 0.443 | complete
Ep 514 | 드론3 목적지49 |  857스텝 | 배송 49/49 | 재적재  8 | 중계율 0.28 | alpha 0.438 | complete
Ep 515 | 드론3 목적지70 | 1000스텝 | 배송 54/70 | 재적재  9 | 중계율 0.27 | alpha 0.437 | step_limit
Ep 516 | 드론4 목적지63 | 1000스텝 | 배송 61/63 | 재적재 11 | 중계율 0.30 | alpha 0.433 | step_limit
Ep 517 | 드론4 목적지44 |  638스텝 | 배송 44/44 | 재적재  7 | 중계율 0.28 | alpha 0.434 | complete
Ep 518 | 드론3 목적지57 | 1000스텝 | 배송 51/57 | 재적재  9 | 중계율 0.31 | alpha 0.438 | step_limit
Ep 519 | 드론4 목적지34 |  390스텝 | 배송 34/34 | 재적재  4 | 중계율 0.16 | alpha 0.440 | complete
Ep 520 | 드론3 목적지68 | 1000스텝 | 배송 66/68 | 재적재 12 | 중계율 0.18 | alpha 0.449 | step_limit
Ep 521 | 드론4 목적지71 | 1000스텝 | 배송 62/71 | 재적재 11 | 중계율 0.33 | alpha 0.449 | step_limit
Ep 522 | 드론3 목적지72 | 1000스텝 | 배송 56/72 | 재적재  9 | 중계율 0.20 | alpha 0.440 | step_limit
Ep 523 | 드론3 목적지27 |  443스텝 | 배송 27/27 | 재적재  4 | 중계율 0.23 | alpha 0.440 | complete
Ep 524 | 드론3 목적지37 |  799스텝 | 배송 37/37 | 재적재  6 | 중계율 0.27 | alpha 0.440 | complete
Ep 525 | 드론3 목적지79 | 1000스텝 | 배송 68/79 | 재적재 12 | 중계율 0.21 | alpha 0.444 | step_limit
Ep 526 | 드론3 목적지39 |  890스텝 | 배송 39/39 | 재적재  6 | 중계율 0.27 | alpha 0.449 | complete
Ep 527 | 드론3 목적지42 |  999스텝 | 배송 42/42 | 재적재  8 | 중계율 0.26 | alpha 0.452 | complete
Ep 528 | 드론3 목적지51 | 1000스텝 | 배송 50/51 | 재적재  8 | 중계율 0.24 | alpha 0.456 | step_limit
Ep 529 | 드론3 목적지21 |  364스텝 | 배송 21/21 | 재적재  3 | 중계율 0.17 | alpha 0.456 | complete
Ep 530 | 드론4 목적지34 |  451스텝 | 배송 34/34 | 재적재  4 | 중계율 0.27 | alpha 0.458 | complete
Ep 531 | 드론4 목적지64 |  961스텝 | 배송 64/64 | 재적재 10 | 중계율 0.24 | alpha 0.457 | complete
Ep 532 | 드론4 목적지78 |  952스텝 | 배송 78/78 | 재적재 13 | 중계율 0.12 | alpha 0.458 | complete
Ep 533 | 드론4 목적지68 | 1000스텝 | 배송 60/68 | 재적재 11 | 중계율 0.27 | alpha 0.457 | step_limit
Ep 534 | 드론3 목적지25 |  499스텝 | 배송 25/25 | 재적재  4 | 중계율 0.20 | alpha 0.458 | complete
Ep 535 | 드론3 목적지25 |  728스텝 | 배송 25/25 | 재적재  3 | 중계율 0.29 | alpha 0.460 | complete
Ep 536 | 드론4 목적지71 |  881스텝 | 배송 71/71 | 재적재 13 | 중계율 0.21 | alpha 0.463 | complete
Ep 537 | 드론4 목적지31 |  571스텝 | 배송 31/31 | 재적재  4 | 중계율 0.32 | alpha 0.460 | complete
Ep 538 | 드론4 목적지55 |  816스텝 | 배송 55/55 | 재적재 10 | 중계율 0.26 | alpha 0.462 | complete
Ep 539 | 드론3 목적지46 |  755스텝 | 배송 46/46 | 재적재  8 | 중계율 0.22 | alpha 0.456 | complete
Ep 540 | 드론4 목적지50 |  515스텝 | 배송 50/50 | 재적재  8 | 중계율 0.12 | alpha 0.452 | complete
Ep 541 | 드론4 목적지25 |  387스텝 | 배송 25/25 | 재적재  2 | 중계율 0.21 | alpha 0.447 | complete
Ep 542 | 드론4 목적지65 |  829스텝 | 배송 65/65 | 재적재 10 | 중계율 0.22 | alpha 0.440 | complete
Ep 543 | 드론3 목적지32 |  581스텝 | 배송 32/32 | 재적재  5 | 중계율 0.17 | alpha 0.433 | complete
Ep 544 | 드론4 목적지60 |  767스텝 | 배송 60/60 | 재적재 11 | 중계율 0.25 | alpha 0.430 | complete
Ep 545 | 드론3 목적지74 | 1000스텝 | 배송 60/74 | 재적재  9 | 중계율 0.29 | alpha 0.424 | step_limit
Ep 546 | 드론3 목적지45 |  774스텝 | 배송 45/45 | 재적재  7 | 중계율 0.29 | alpha 0.421 | complete
Ep 547 | 드론3 목적지37 |  724스텝 | 배송 37/37 | 재적재  6 | 중계율 0.19 | alpha 0.417 | complete
Ep 548 | 드론3 목적지63 |  941스텝 | 배송 63/63 | 재적재 11 | 중계율 0.19 | alpha 0.415 | complete
Ep 549 | 드론4 목적지55 |  583스텝 | 배송 55/55 | 재적재  9 | 중계율 0.20 | alpha 0.412 | complete
Ep 550 | 드론4 목적지30 |  521스텝 | 배송 30/30 | 재적재  4 | 중계율 0.30 | alpha 0.411 | complete
  [홀드아웃] 배송 49.8±1.7 완주 0.97 스텝 926 점수 125.2 재적재 8.1 2홉+ 0.61 | 최고 127.6@ep500 정체 1/15
Ep 551 | 드론4 목적지33 |  349스텝 | 배송 33/33 | 재적재  4 | 중계율 0.12 | alpha 0.410 | complete
Ep 552 | 드론4 목적지71 |  775스텝 | 배송 71/71 | 재적재 13 | 중계율 0.17 | alpha 0.410 | complete
Ep 553 | 드론4 목적지68 | 1000스텝 | 배송 66/68 | 재적재 11 | 중계율 0.23 | alpha 0.409 | step_limit
Ep 554 | 드론3 목적지74 | 1000스텝 | 배송 66/74 | 재적재 12 | 중계율 0.21 | alpha 0.404 | step_limit
Ep 555 | 드론4 목적지59 | 1000스텝 | 배송 58/59 | 재적재 10 | 중계율 0.37 | alpha 0.399 | step_limit
Ep 556 | 드론4 목적지41 |  789스텝 | 배송 41/41 | 재적재  7 | 중계율 0.28 | alpha 0.396 | complete
Ep 557 | 드론3 목적지71 | 1000스텝 | 배송 70/71 | 재적재 12 | 중계율 0.20 | alpha 0.396 | step_limit
Ep 558 | 드론4 목적지50 |  666스텝 | 배송 50/50 | 재적재  8 | 중계율 0.15 | alpha 0.396 | complete
Ep 559 | 드론4 목적지57 |  846스텝 | 배송 57/57 | 재적재  9 | 중계율 0.23 | alpha 0.395 | complete
Ep 560 | 드론4 목적지42 |  570스텝 | 배송 42/42 | 재적재  6 | 중계율 0.18 | alpha 0.393 | complete
Ep 561 | 드론4 목적지27 |  496스텝 | 배송 27/27 | 재적재  3 | 중계율 0.30 | alpha 0.395 | complete
Ep 562 | 드론4 목적지47 |  880스텝 | 배송 47/47 | 재적재  8 | 중계율 0.32 | alpha 0.392 | complete
Ep 563 | 드론3 목적지78 | 1000스텝 | 배송 67/78 | 재적재 12 | 중계율 0.22 | alpha 0.388 | step_limit
Ep 564 | 드론4 목적지30 |  410스텝 | 배송 30/30 | 재적재  4 | 중계율 0.21 | alpha 0.385 | complete
Ep 565 | 드론4 목적지22 |  282스텝 | 배송 22/22 | 재적재  2 | 중계율 0.21 | alpha 0.383 | complete
Ep 566 | 드론3 목적지49 | 1000스텝 | 배송 48/49 | 재적재  9 | 중계율 0.25 | alpha 0.381 | step_limit
Ep 567 | 드론3 목적지78 | 1000스텝 | 배송 60/78 | 재적재 12 | 중계율 0.26 | alpha 0.382 | step_limit
Ep 568 | 드론4 목적지67 | 1000스텝 | 배송 59/67 | 재적재 10 | 중계율 0.35 | alpha 0.377 | step_limit
Ep 569 | 드론4 목적지70 |  956스텝 | 배송 70/70 | 재적재 12 | 중계율 0.23 | alpha 0.378 | complete
Ep 570 | 드론3 목적지72 | 1000스텝 | 배송 70/72 | 재적재 11 | 중계율 0.20 | alpha 0.377 | step_limit
Ep 571 | 드론4 목적지49 |  616스텝 | 배송 49/49 | 재적재  8 | 중계율 0.18 | alpha 0.379 | complete
Ep 572 | 드론4 목적지75 |  989스텝 | 배송 75/75 | 재적재 12 | 중계율 0.26 | alpha 0.376 | complete
Ep 573 | 드론4 목적지66 |  706스텝 | 배송 66/66 | 재적재 11 | 중계율 0.17 | alpha 0.377 | complete
Ep 574 | 드론4 목적지44 |  857스텝 | 배송 44/44 | 재적재  7 | 중계율 0.27 | alpha 0.373 | complete
Ep 575 | 드론4 목적지78 |  922스텝 | 배송 78/78 | 재적재 14 | 중계율 0.19 | alpha 0.377 | complete
Ep 576 | 드론3 목적지69 | 1000스텝 | 배송 60/69 | 재적재 10 | 중계율 0.30 | alpha 0.377 | step_limit
Ep 577 | 드론4 목적지24 |  367스텝 | 배송 24/24 | 재적재  2 | 중계율 0.22 | alpha 0.377 | complete
Ep 578 | 드론4 목적지32 |  467스텝 | 배송 32/32 | 재적재  5 | 중계율 0.18 | alpha 0.378 | complete
Ep 579 | 드론4 목적지26 |  498스텝 | 배송 26/26 | 재적재  3 | 중계율 0.24 | alpha 0.381 | complete
Ep 580 | 드론4 목적지60 |  729스텝 | 배송 60/60 | 재적재 11 | 중계율 0.20 | alpha 0.379 | complete
Ep 581 | 드론3 목적지47 |  941스텝 | 배송 47/47 | 재적재  8 | 중계율 0.29 | alpha 0.378 | complete
Ep 582 | 드론3 목적지36 |  692스텝 | 배송 36/36 | 재적재  5 | 중계율 0.24 | alpha 0.386 | complete
Ep 583 | 드론4 목적지65 |  771스텝 | 배송 65/65 | 재적재 11 | 중계율 0.21 | alpha 0.389 | complete
Ep 584 | 드론3 목적지54 |  999스텝 | 배송 54/54 | 재적재  9 | 중계율 0.31 | alpha 0.388 | complete
Ep 585 | 드론4 목적지72 | 1000스텝 | 배송 61/72 | 재적재 11 | 중계율 0.28 | alpha 0.385 | step_limit
Ep 586 | 드론4 목적지37 |  578스텝 | 배송 37/37 | 재적재  7 | 중계율 0.25 | alpha 0.386 | complete
Ep 587 | 드론3 목적지49 |  930스텝 | 배송 49/49 | 재적재  9 | 중계율 0.25 | alpha 0.384 | complete
Ep 588 | 드론3 목적지57 | 1000스텝 | 배송 50/57 | 재적재  8 | 중계율 0.24 | alpha 0.382 | step_limit
Ep 589 | 드론3 목적지50 |  771스텝 | 배송 50/50 | 재적재  9 | 중계율 0.22 | alpha 0.382 | complete
Ep 590 | 드론3 목적지47 |  901스텝 | 배송 47/47 | 재적재  8 | 중계율 0.25 | alpha 0.380 | complete
Ep 591 | 드론4 목적지64 | 1000스텝 | 배송 58/64 | 재적재 10 | 중계율 0.34 | alpha 0.376 | step_limit
Ep 592 | 드론4 목적지22 |  459스텝 | 배송 22/22 | 재적재  2 | 중계율 0.20 | alpha 0.374 | complete
Ep 593 | 드론4 목적지51 |  765스텝 | 배송 51/51 | 재적재  9 | 중계율 0.25 | alpha 0.367 | complete
Ep 594 | 드론3 목적지40 |  701스텝 | 배송 40/40 | 재적재  7 | 중계율 0.21 | alpha 0.366 | complete
Ep 595 | 드론4 목적지26 |  469스텝 | 배송 26/26 | 재적재  4 | 중계율 0.26 | alpha 0.370 | complete
Ep 596 | 드론4 목적지26 |  320스텝 | 배송 26/26 | 재적재  4 | 중계율 0.15 | alpha 0.370 | complete
Ep 597 | 드론3 목적지21 |  728스텝 | 배송 21/21 | 재적재  4 | 중계율 0.31 | alpha 0.373 | complete
Ep 598 | 드론3 목적지23 |  381스텝 | 배송 23/23 | 재적재  3 | 중계율 0.17 | alpha 0.377 | complete
Ep 599 | 드론3 목적지77 | 1000스텝 | 배송 62/77 | 재적재 11 | 중계율 0.24 | alpha 0.379 | step_limit
Ep 600 | 드론4 목적지68 | 1000스텝 | 배송 59/68 | 재적재 10 | 중계율 0.32 | alpha 0.385 | step_limit
  [홀드아웃] 배송 49.9±1.1 완주 0.99 스텝 964 점수 125.9 재적재 8.0 2홉+ 0.62 | 최고 127.6@ep500 정체 2/15
Ep 601 | 드론3 목적지20 |  524스텝 | 배송 20/20 | 재적재  3 | 중계율 0.26 | alpha 0.390 | complete
Ep 602 | 드론4 목적지72 |  894스텝 | 배송 72/72 | 재적재 12 | 중계율 0.22 | alpha 0.394 | complete
Ep 603 | 드론4 목적지60 |  777스텝 | 배송 60/60 | 재적재 11 | 중계율 0.21 | alpha 0.395 | complete
Ep 604 | 드론4 목적지68 | 1000스텝 | 배송 67/68 | 재적재 11 | 중계율 0.14 | alpha 0.390 | step_limit
Ep 605 | 드론3 목적지73 | 1000스텝 | 배송 62/73 | 재적재 11 | 중계율 0.29 | alpha 0.391 | step_limit
Ep 606 | 드론4 목적지51 |  879스텝 | 배송 51/51 | 재적재  9 | 중계율 0.26 | alpha 0.394 | complete
Ep 607 | 드론3 목적지48 |  992스텝 | 배송 48/48 | 재적재  9 | 중계율 0.23 | alpha 0.397 | complete
Ep 608 | 드론4 목적지67 |  626스텝 | 배송 67/67 | 재적재 11 | 중계율 0.11 | alpha 0.398 | complete
Ep 609 | 드론3 목적지51 | 1000스텝 | 배송 50/51 | 재적재 10 | 중계율 0.26 | alpha 0.407 | step_limit
Ep 610 | 드론3 목적지72 | 1000스텝 | 배송 66/72 | 재적재 12 | 중계율 0.17 | alpha 0.413 | step_limit
Ep 611 | 드론3 목적지77 | 1000스텝 | 배송 65/77 | 재적재 11 | 중계율 0.20 | alpha 0.411 | step_limit
Ep 612 | 드론3 목적지42 | 1000스텝 | 배송 40/42 | 재적재  6 | 중계율 0.27 | alpha 0.414 | step_limit
Ep 613 | 드론3 목적지40 |  729스텝 | 배송 40/40 | 재적재  7 | 중계율 0.18 | alpha 0.418 | complete
Ep 614 | 드론3 목적지42 |  815스텝 | 배송 42/42 | 재적재  7 | 중계율 0.26 | alpha 0.420 | complete
Ep 615 | 드론3 목적지80 | 1000스텝 | 배송 68/80 | 재적재 12 | 중계율 0.18 | alpha 0.428 | step_limit
Ep 616 | 드론4 목적지26 |  388스텝 | 배송 26/26 | 재적재  4 | 중계율 0.25 | alpha 0.433 | complete
Ep 617 | 드론4 목적지75 | 1000스텝 | 배송 73/75 | 재적재 12 | 중계율 0.27 | alpha 0.431 | step_limit
Ep 618 | 드론3 목적지50 |  972스텝 | 배송 50/50 | 재적재  9 | 중계율 0.33 | alpha 0.435 | complete
Ep 619 | 드론4 목적지71 |  952스텝 | 배송 71/71 | 재적재 13 | 중계율 0.21 | alpha 0.439 | complete
Ep 620 | 드론4 목적지55 |  692스텝 | 배송 55/55 | 재적재  9 | 중계율 0.23 | alpha 0.444 | complete
Ep 621 | 드론3 목적지79 | 1000스텝 | 배송 65/79 | 재적재 12 | 중계율 0.24 | alpha 0.452 | step_limit
Ep 622 | 드론4 목적지56 | 1000스텝 | 배송 51/56 | 재적재  8 | 중계율 0.31 | alpha 0.457 | step_limit
Ep 623 | 드론3 목적지33 |  810스텝 | 배송 33/33 | 재적재  6 | 중계율 0.24 | alpha 0.452 | complete
Ep 624 | 드론3 목적지72 | 1000스텝 | 배송 60/72 | 재적재 11 | 중계율 0.26 | alpha 0.449 | step_limit
Ep 625 | 드론4 목적지47 | 1000스텝 | 배송 36/47 | 재적재  7 | 중계율 0.32 | alpha 0.444 | step_limit
Ep 626 | 드론3 목적지52 |  895스텝 | 배송 52/52 | 재적재  9 | 중계율 0.23 | alpha 0.442 | complete
Ep 627 | 드론4 목적지66 | 1000스텝 | 배송 60/66 | 재적재  9 | 중계율 0.30 | alpha 0.440 | step_limit
Ep 628 | 드론3 목적지42 |  781스텝 | 배송 42/42 | 재적재  7 | 중계율 0.19 | alpha 0.449 | complete
Ep 629 | 드론3 목적지31 |  671스텝 | 배송 31/31 | 재적재  5 | 중계율 0.28 | alpha 0.459 | complete
Ep 630 | 드론3 목적지65 | 1000스텝 | 배송 62/65 | 재적재 10 | 중계율 0.25 | alpha 0.467 | step_limit
Ep 631 | 드론3 목적지20 |  567스텝 | 배송 20/20 | 재적재  3 | 중계율 0.23 | alpha 0.470 | complete
Ep 632 | 드론3 목적지38 |  867스텝 | 배송 38/38 | 재적재  7 | 중계율 0.28 | alpha 0.474 | complete
Ep 633 | 드론4 목적지67 |  704스텝 | 배송 67/67 | 재적재 12 | 중계율 0.15 | alpha 0.475 | complete
Ep 634 | 드론4 목적지47 |  559스텝 | 배송 47/47 | 재적재  9 | 중계율 0.18 | alpha 0.471 | complete
Ep 635 | 드론4 목적지30 |  490스텝 | 배송 30/30 | 재적재  4 | 중계율 0.11 | alpha 0.470 | complete
Ep 636 | 드론3 목적지29 |  586스텝 | 배송 29/29 | 재적재  5 | 중계율 0.25 | alpha 0.471 | complete
Ep 637 | 드론3 목적지71 | 1000스텝 | 배송 60/71 | 재적재  9 | 중계율 0.27 | alpha 0.467 | step_limit
Ep 638 | 드론4 목적지73 |  755스텝 | 배송 73/73 | 재적재 13 | 중계율 0.17 | alpha 0.474 | complete
Ep 639 | 드론4 목적지79 | 1000스텝 | 배송 66/79 | 재적재 12 | 중계율 0.28 | alpha 0.471 | step_limit
Ep 640 | 드론3 목적지22 |  496스텝 | 배송 22/22 | 재적재  2 | 중계율 0.24 | alpha 0.470 | complete
Ep 641 | 드론4 목적지77 | 1000스텝 | 배송 74/77 | 재적재 14 | 중계율 0.24 | alpha 0.462 | step_limit
Ep 642 | 드론4 목적지26 |  332스텝 | 배송 26/26 | 재적재  4 | 중계율 0.20 | alpha 0.460 | complete
Ep 643 | 드론4 목적지30 |  362스텝 | 배송 30/30 | 재적재  4 | 중계율 0.16 | alpha 0.457 | complete
Ep 644 | 드론3 목적지77 | 1000스텝 | 배송 71/77 | 재적재 13 | 중계율 0.17 | alpha 0.456 | step_limit
Ep 645 | 드론3 목적지34 |  743스텝 | 배송 34/34 | 재적재  5 | 중계율 0.18 | alpha 0.455 | complete
Ep 646 | 드론4 목적지34 |  579스텝 | 배송 34/34 | 재적재  4 | 중계율 0.14 | alpha 0.450 | complete
Ep 647 | 드론3 목적지37 |  729스텝 | 배송 37/37 | 재적재  7 | 중계율 0.24 | alpha 0.451 | complete
Ep 648 | 드론3 목적지55 | 1000스텝 | 배송 53/55 | 재적재  9 | 중계율 0.18 | alpha 0.449 | step_limit
Ep 649 | 드론3 목적지20 |  504스텝 | 배송 20/20 | 재적재  3 | 중계율 0.38 | alpha 0.450 | complete
Ep 650 | 드론4 목적지37 |  513스텝 | 배송 37/37 | 재적재  6 | 중계율 0.17 | alpha 0.447 | complete
  [홀드아웃] 배송 50.0±0.0 완주 1.00 스텝 923 점수 127.7 재적재 8.0 2홉+ 0.62 | 최고 127.7@ep650 정체 0/15  ← 갱신
Ep 651 | 드론3 목적지77 | 1000스텝 | 배송 64/77 | 재적재 11 | 중계율 0.29 | alpha 0.450 | step_limit
Ep 652 | 드론4 목적지57 |  691스텝 | 배송 57/57 | 재적재 10 | 중계율 0.22 | alpha 0.449 | complete
Ep 653 | 드론4 목적지38 |  539스텝 | 배송 38/38 | 재적재  5 | 중계율 0.16 | alpha 0.456 | complete
Ep 654 | 드론4 목적지45 |  542스텝 | 배송 45/45 | 재적재  7 | 중계율 0.19 | alpha 0.460 | complete
Ep 655 | 드론3 목적지40 | 1000스텝 | 배송 39/40 | 재적재  7 | 중계율 0.27 | alpha 0.464 | step_limit
Ep 656 | 드론4 목적지31 |  461스텝 | 배송 31/31 | 재적재  5 | 중계율 0.19 | alpha 0.463 | complete
Ep 657 | 드론4 목적지26 |  913스텝 | 배송 21/26 | 재적재  3 | 중계율 0.32 | alpha 0.462 | no_progress
Ep 658 | 드론3 목적지39 |  640스텝 | 배송 39/39 | 재적재  7 | 중계율 0.20 | alpha 0.461 | complete
Ep 659 | 드론3 목적지51 |  940스텝 | 배송 51/51 | 재적재  9 | 중계율 0.23 | alpha 0.461 | complete
Ep 660 | 드론3 목적지51 | 1000스텝 | 배송 50/51 | 재적재  9 | 중계율 0.30 | alpha 0.464 | step_limit
Ep 661 | 드론3 목적지38 |  735스텝 | 배송 38/38 | 재적재  6 | 중계율 0.28 | alpha 0.463 | complete
Ep 662 | 드론4 목적지43 |  487스텝 | 배송 43/43 | 재적재  5 | 중계율 0.18 | alpha 0.461 | complete
Ep 663 | 드론4 목적지57 |  818스텝 | 배송 57/57 | 재적재  9 | 중계율 0.23 | alpha 0.462 | complete
Ep 664 | 드론3 목적지27 |  584스텝 | 배송 27/27 | 재적재  4 | 중계율 0.27 | alpha 0.463 | complete
Ep 665 | 드론4 목적지59 |  562스텝 | 배송 59/59 | 재적재 11 | 중계율 0.15 | alpha 0.468 | complete
Ep 666 | 드론3 목적지72 | 1000스텝 | 배송 65/72 | 재적재 11 | 중계율 0.24 | alpha 0.472 | step_limit
Ep 667 | 드론4 목적지45 |  697스텝 | 배송 45/45 | 재적재  8 | 중계율 0.23 | alpha 0.474 | complete
Ep 668 | 드론3 목적지65 | 1000스텝 | 배송 56/65 | 재적재 11 | 중계율 0.22 | alpha 0.469 | step_limit
Ep 669 | 드론3 목적지66 | 1000스텝 | 배송 63/66 | 재적재 11 | 중계율 0.23 | alpha 0.471 | step_limit
Ep 670 | 드론4 목적지77 | 1000스텝 | 배송 70/77 | 재적재 12 | 중계율 0.27 | alpha 0.472 | step_limit
Ep 671 | 드론4 목적지58 |  953스텝 | 배송 58/58 | 재적재 10 | 중계율 0.28 | alpha 0.468 | complete
Ep 672 | 드론3 목적지43 |  686스텝 | 배송 43/43 | 재적재  7 | 중계율 0.17 | alpha 0.470 | complete
Ep 673 | 드론4 목적지68 | 1000스텝 | 배송 62/68 | 재적재 10 | 중계율 0.25 | alpha 0.465 | step_limit
Ep 674 | 드론3 목적지52 | 1000스텝 | 배송 51/52 | 재적재  9 | 중계율 0.21 | alpha 0.463 | step_limit
Ep 675 | 드론3 목적지42 | 1000스텝 | 배송 40/42 | 재적재  6 | 중계율 0.32 | alpha 0.459 | step_limit
Ep 676 | 드론3 목적지45 |  784스텝 | 배송 45/45 | 재적재  8 | 중계율 0.17 | alpha 0.460 | complete
Ep 677 | 드론3 목적지41 |  755스텝 | 배송 41/41 | 재적재  7 | 중계율 0.25 | alpha 0.465 | complete
Ep 678 | 드론4 목적지79 | 1000스텝 | 배송 74/79 | 재적재 13 | 중계율 0.27 | alpha 0.468 | step_limit
Ep 679 | 드론3 목적지24 |  485스텝 | 배송 24/24 | 재적재  3 | 중계율 0.26 | alpha 0.468 | complete
Ep 680 | 드론3 목적지52 |  914스텝 | 배송 52/52 | 재적재  8 | 중계율 0.29 | alpha 0.474 | complete
Ep 681 | 드론4 목적지77 | 1000스텝 | 배송 76/77 | 재적재 14 | 중계율 0.24 | alpha 0.472 | step_limit
Ep 682 | 드론3 목적지49 |  865스텝 | 배송 49/49 | 재적재  9 | 중계율 0.21 | alpha 0.472 | complete
Ep 683 | 드론4 목적지63 |  993스텝 | 배송 63/63 | 재적재 11 | 중계율 0.30 | alpha 0.467 | complete
Ep 684 | 드론3 목적지37 |  732스텝 | 배송 37/37 | 재적재  6 | 중계율 0.30 | alpha 0.466 | complete
Ep 685 | 드론4 목적지56 |  735스텝 | 배송 56/56 | 재적재  9 | 중계율 0.24 | alpha 0.469 | complete
Ep 686 | 드론3 목적지28 |  798스텝 | 배송 28/28 | 재적재  5 | 중계율 0.25 | alpha 0.469 | complete
Ep 687 | 드론4 목적지77 |  803스텝 | 배송 77/77 | 재적재 14 | 중계율 0.15 | alpha 0.472 | complete
Ep 688 | 드론3 목적지45 |  966스텝 | 배송 45/45 | 재적재  8 | 중계율 0.29 | alpha 0.475 | complete
Ep 689 | 드론4 목적지70 |  934스텝 | 배송 70/70 | 재적재 13 | 중계율 0.27 | alpha 0.488 | complete
Ep 690 | 드론4 목적지62 |  932스텝 | 배송 62/62 | 재적재 11 | 중계율 0.21 | alpha 0.488 | complete
Ep 691 | 드론3 목적지31 |  647스텝 | 배송 31/31 | 재적재  4 | 중계율 0.24 | alpha 0.488 | complete
Ep 692 | 드론4 목적지61 |  922스텝 | 배송 61/61 | 재적재 11 | 중계율 0.25 | alpha 0.493 | complete
Ep 693 | 드론4 목적지60 |  792스텝 | 배송 60/60 | 재적재 10 | 중계율 0.24 | alpha 0.489 | complete
Ep 694 | 드론3 목적지33 |  675스텝 | 배송 33/33 | 재적재  6 | 중계율 0.28 | alpha 0.492 | complete
Ep 695 | 드론3 목적지29 |  748스텝 | 배송 29/29 | 재적재  4 | 중계율 0.27 | alpha 0.501 | complete
Ep 696 | 드론4 목적지28 |  492스텝 | 배송 28/28 | 재적재  4 | 중계율 0.20 | alpha 0.502 | complete
Ep 697 | 드론4 목적지35 |  562스텝 | 배송 35/35 | 재적재  5 | 중계율 0.27 | alpha 0.501 | complete
Ep 698 | 드론3 목적지32 |  676스텝 | 배송 32/32 | 재적재  5 | 중계율 0.34 | alpha 0.503 | complete
Ep 699 | 드론3 목적지62 | 1000스텝 | 배송 60/62 | 재적재 11 | 중계율 0.22 | alpha 0.509 | step_limit
Ep 700 | 드론3 목적지61 | 1000스텝 | 배송 57/61 | 재적재 11 | 중계율 0.22 | alpha 0.512 | step_limit
  [홀드아웃] 배송 49.5±3.5 완주 0.96 스텝 937 점수 123.8 재적재 8.0 2홉+ 0.61 | 최고 127.7@ep650 정체 1/15
Ep 701 | 드론4 목적지72 |  992스텝 | 배송 72/72 | 재적재 12 | 중계율 0.22 | alpha 0.520 | complete
Ep 702 | 드론4 목적지34 |  827스텝 | 배송 34/34 | 재적재  5 | 중계율 0.34 | alpha 0.520 | complete
Ep 703 | 드론4 목적지32 |  475스텝 | 배송 32/32 | 재적재  3 | 중계율 0.27 | alpha 0.525 | complete
Ep 704 | 드론4 목적지74 |  872스텝 | 배송 74/74 | 재적재 13 | 중계율 0.23 | alpha 0.517 | complete
Ep 705 | 드론3 목적지38 |  615스텝 | 배송 38/38 | 재적재  5 | 중계율 0.26 | alpha 0.522 | complete
Ep 706 | 드론4 목적지30 |  382스텝 | 배송 30/30 | 재적재  2 | 중계율 0.20 | alpha 0.523 | complete
Ep 707 | 드론4 목적지31 |  524스텝 | 배송 31/31 | 재적재  5 | 중계율 0.26 | alpha 0.521 | complete
Ep 708 | 드론3 목적지63 | 1000스텝 | 배송 57/63 | 재적재 10 | 중계율 0.26 | alpha 0.527 | step_limit
Ep 709 | 드론3 목적지20 |  474스텝 | 배송 20/20 | 재적재  3 | 중계율 0.27 | alpha 0.532 | complete
Ep 710 | 드론4 목적지78 |  823스텝 | 배송 78/78 | 재적재 14 | 중계율 0.17 | alpha 0.533 | complete
Ep 711 | 드론4 목적지58 |  868스텝 | 배송 58/58 | 재적재  9 | 중계율 0.31 | alpha 0.537 | complete
Ep 712 | 드론3 목적지75 | 1000스텝 | 배송 70/75 | 재적재 12 | 중계율 0.25 | alpha 0.537 | step_limit
Ep 713 | 드론3 목적지69 |  983스텝 | 배송 69/69 | 재적재 13 | 중계율 0.15 | alpha 0.532 | complete
Ep 714 | 드론3 목적지36 |  761스텝 | 배송 36/36 | 재적재  5 | 중계율 0.28 | alpha 0.524 | complete
Ep 715 | 드론3 목적지65 | 1000스텝 | 배송 59/65 | 재적재 11 | 중계율 0.21 | alpha 0.522 | step_limit
Ep 716 | 드론4 목적지36 |  656스텝 | 배송 36/36 | 재적재  6 | 중계율 0.17 | alpha 0.523 | complete
Ep 717 | 드론4 목적지56 | 1000스텝 | 배송 54/56 | 재적재  9 | 중계율 0.34 | alpha 0.518 | step_limit
Ep 718 | 드론3 목적지69 | 1000스텝 | 배송 68/69 | 재적재 12 | 중계율 0.24 | alpha 0.513 | step_limit
Ep 719 | 드론3 목적지21 |  351스텝 | 배송 21/21 | 재적재  2 | 중계율 0.17 | alpha 0.512 | complete
Ep 720 | 드론4 목적지45 |  595스텝 | 배송 45/45 | 재적재  8 | 중계율 0.17 | alpha 0.516 | complete
Ep 721 | 드론3 목적지30 |  487스텝 | 배송 30/30 | 재적재  5 | 중계율 0.18 | alpha 0.510 | complete
Ep 722 | 드론4 목적지47 |  606스텝 | 배송 47/47 | 재적재  8 | 중계율 0.19 | alpha 0.505 | complete
Ep 723 | 드론3 목적지51 |  910스텝 | 배송 51/51 | 재적재  9 | 중계율 0.25 | alpha 0.491 | complete
Ep 724 | 드론4 목적지57 |  927스텝 | 배송 57/57 | 재적재  9 | 중계율 0.32 | alpha 0.483 | complete
Ep 725 | 드론4 목적지29 |  436스텝 | 배송 29/29 | 재적재  4 | 중계율 0.28 | alpha 0.486 | complete
Ep 726 | 드론4 목적지69 |  944스텝 | 배송 69/69 | 재적재 12 | 중계율 0.21 | alpha 0.486 | complete
Ep 727 | 드론4 목적지36 |  831스텝 | 배송 36/36 | 재적재  6 | 중계율 0.34 | alpha 0.484 | complete
Ep 728 | 드론3 목적지74 | 1000스텝 | 배송 63/74 | 재적재 11 | 중계율 0.30 | alpha 0.483 | step_limit
Ep 729 | 드론4 목적지64 |  988스텝 | 배송 64/64 | 재적재 11 | 중계율 0.30 | alpha 0.485 | complete
Ep 730 | 드론3 목적지70 | 1000스텝 | 배송 64/70 | 재적재 12 | 중계율 0.22 | alpha 0.479 | step_limit
Ep 731 | 드론3 목적지48 | 1000스텝 | 배송 45/48 | 재적재  8 | 중계율 0.20 | alpha 0.478 | step_limit
Ep 732 | 드론4 목적지37 |  767스텝 | 배송 37/37 | 재적재  6 | 중계율 0.32 | alpha 0.473 | complete
Ep 733 | 드론4 목적지67 |  859스텝 | 배송 67/67 | 재적재 11 | 중계율 0.20 | alpha 0.470 | complete
Ep 734 | 드론4 목적지54 | 1000스텝 | 배송 47/54 | 재적재  8 | 중계율 0.35 | alpha 0.471 | step_limit
Ep 735 | 드론4 목적지57 | 1000스텝 | 배송 53/57 | 재적재  8 | 중계율 0.32 | alpha 0.476 | step_limit
Ep 736 | 드론4 목적지39 |  516스텝 | 배송 39/39 | 재적재  6 | 중계율 0.17 | alpha 0.481 | complete
Ep 737 | 드론3 목적지29 |  568스텝 | 배송 29/29 | 재적재  3 | 중계율 0.27 | alpha 0.484 | complete
Ep 738 | 드론4 목적지68 |  907스텝 | 배송 68/68 | 재적재 13 | 중계율 0.22 | alpha 0.485 | complete
Ep 739 | 드론3 목적지20 |  429스텝 | 배송 20/20 | 재적재  2 | 중계율 0.28 | alpha 0.482 | complete
Ep 740 | 드론3 목적지69 | 1000스텝 | 배송 55/69 | 재적재  8 | 중계율 0.32 | alpha 0.485 | step_limit
Ep 741 | 드론4 목적지41 |  681스텝 | 배송 41/41 | 재적재  6 | 중계율 0.22 | alpha 0.488 | complete
Ep 742 | 드론3 목적지78 | 1000스텝 | 배송 66/78 | 재적재 12 | 중계율 0.22 | alpha 0.483 | step_limit
Ep 743 | 드론3 목적지39 |  843스텝 | 배송 39/39 | 재적재  7 | 중계율 0.34 | alpha 0.479 | complete
Ep 744 | 드론3 목적지57 | 1000스텝 | 배송 48/57 | 재적재  9 | 중계율 0.23 | alpha 0.477 | step_limit
Ep 745 | 드론3 목적지76 | 1000스텝 | 배송 69/76 | 재적재 12 | 중계율 0.17 | alpha 0.476 | step_limit
Ep 746 | 드론3 목적지69 | 1000스텝 | 배송 59/69 | 재적재 11 | 중계율 0.25 | alpha 0.466 | step_limit
Ep 747 | 드론3 목적지33 |  590스텝 | 배송 33/33 | 재적재  6 | 중계율 0.27 | alpha 0.463 | complete
Ep 748 | 드론3 목적지30 |  672스텝 | 배송 30/30 | 재적재  5 | 중계율 0.24 | alpha 0.461 | complete
Ep 749 | 드론4 목적지32 |  599스텝 | 배송 32/32 | 재적재  5 | 중계율 0.30 | alpha 0.458 | complete
Ep 750 | 드론4 목적지61 |  683스텝 | 배송 61/61 | 재적재 11 | 중계율 0.19 | alpha 0.451 | complete
  [홀드아웃] 배송 50.0±0.2 완주 0.99 스텝 908 점수 126.6 재적재 7.9 2홉+ 0.62 | 최고 127.7@ep650 정체 2/15
Ep 751 | 드론4 목적지34 |  466스텝 | 배송 34/34 | 재적재  4 | 중계율 0.20 | alpha 0.450 | complete
Ep 752 | 드론4 목적지69 | 1000스텝 | 배송 66/69 | 재적재 10 | 중계율 0.24 | alpha 0.447 | step_limit
Ep 753 | 드론3 목적지80 | 1000스텝 | 배송 68/80 | 재적재 13 | 중계율 0.19 | alpha 0.445 | step_limit
Ep 754 | 드론3 목적지29 |  636스텝 | 배송 29/29 | 재적재  4 | 중계율 0.18 | alpha 0.446 | complete
Ep 755 | 드론3 목적지43 |  888스텝 | 배송 43/43 | 재적재  8 | 중계율 0.20 | alpha 0.447 | complete
Ep 756 | 드론4 목적지30 |  536스텝 | 배송 30/30 | 재적재  5 | 중계율 0.29 | alpha 0.448 | complete
Ep 757 | 드론4 목적지37 |  668스텝 | 배송 37/37 | 재적재  6 | 중계율 0.25 | alpha 0.453 | complete
Ep 758 | 드론3 목적지51 |  782스텝 | 배송 51/51 | 재적재  9 | 중계율 0.21 | alpha 0.455 | complete
Ep 759 | 드론4 목적지23 |  400스텝 | 배송 23/23 | 재적재  2 | 중계율 0.28 | alpha 0.455 | complete
Ep 760 | 드론4 목적지60 | 1000스텝 | 배송 58/60 | 재적재 11 | 중계율 0.30 | alpha 0.460 | step_limit
Ep 761 | 드론3 목적지77 | 1000스텝 | 배송 62/77 | 재적재 10 | 중계율 0.28 | alpha 0.460 | step_limit
Ep 762 | 드론4 목적지26 |  574스텝 | 배송 26/26 | 재적재  4 | 중계율 0.33 | alpha 0.463 | complete
Ep 763 | 드론4 목적지70 |  887스텝 | 배송 70/70 | 재적재 12 | 중계율 0.17 | alpha 0.473 | complete
Ep 764 | 드론4 목적지32 |  666스텝 | 배송 32/32 | 재적재  5 | 중계율 0.30 | alpha 0.476 | complete
Ep 765 | 드론4 목적지23 |  372스텝 | 배송 23/23 | 재적재  3 | 중계율 0.24 | alpha 0.474 | complete
Ep 766 | 드론4 목적지51 |  838스텝 | 배송 51/51 | 재적재  9 | 중계율 0.25 | alpha 0.478 | complete
Ep 767 | 드론3 목적지49 |  854스텝 | 배송 49/49 | 재적재  8 | 중계율 0.26 | alpha 0.482 | complete
Ep 768 | 드론3 목적지72 | 1000스텝 | 배송 60/72 | 재적재 10 | 중계율 0.23 | alpha 0.495 | step_limit
Ep 769 | 드론4 목적지22 |  401스텝 | 배송 22/22 | 재적재  2 | 중계율 0.23 | alpha 0.494 | complete
Ep 770 | 드론4 목적지53 |  456스텝 | 배송 53/53 | 재적재  8 | 중계율 0.13 | alpha 0.499 | complete
Ep 771 | 드론4 목적지38 |  535스텝 | 배송 38/38 | 재적재  6 | 중계율 0.26 | alpha 0.499 | complete
Ep 772 | 드론3 목적지36 |  697스텝 | 배송 36/36 | 재적재  6 | 중계율 0.25 | alpha 0.499 | complete
Ep 773 | 드론4 목적지21 |  482스텝 | 배송 21/21 | 재적재  2 | 중계율 0.36 | alpha 0.498 | complete
Ep 774 | 드론4 목적지46 |  666스텝 | 배송 46/46 | 재적재  7 | 중계율 0.21 | alpha 0.496 | complete
Ep 775 | 드론4 목적지41 |  582스텝 | 배송 41/41 | 재적재  6 | 중계율 0.29 | alpha 0.497 | complete
Ep 776 | 드론4 목적지48 |  562스텝 | 배송 48/48 | 재적재  7 | 중계율 0.20 | alpha 0.502 | complete
Ep 777 | 드론3 목적지20 |  449스텝 | 배송 20/20 | 재적재  2 | 중계율 0.26 | alpha 0.503 | complete
Ep 778 | 드론4 목적지57 | 1000스텝 | 배송 50/57 | 재적재  9 | 중계율 0.32 | alpha 0.500 | step_limit
Ep 779 | 드론4 목적지79 | 1000스텝 | 배송 72/79 | 재적재 12 | 중계율 0.27 | alpha 0.505 | step_limit
Ep 780 | 드론3 목적지68 | 1000스텝 | 배송 59/68 | 재적재  9 | 중계율 0.24 | alpha 0.504 | step_limit
Ep 781 | 드론4 목적지50 |  610스텝 | 배송 50/50 | 재적재  8 | 중계율 0.16 | alpha 0.504 | complete
Ep 782 | 드론4 목적지45 | 1000스텝 | 배송 41/45 | 재적재  7 | 중계율 0.41 | alpha 0.497 | step_limit
Ep 783 | 드론3 목적지28 |  512스텝 | 배송 28/28 | 재적재  5 | 중계율 0.23 | alpha 0.493 | complete
Ep 784 | 드론4 목적지58 |  793스텝 | 배송 58/58 | 재적재 11 | 중계율 0.26 | alpha 0.493 | complete
Ep 785 | 드론3 목적지49 |  843스텝 | 배송 49/49 | 재적재  9 | 중계율 0.24 | alpha 0.489 | complete
Ep 786 | 드론3 목적지53 | 1000스텝 | 배송 52/53 | 재적재 10 | 중계율 0.30 | alpha 0.492 | step_limit
Ep 787 | 드론3 목적지47 | 1000스텝 | 배송 46/47 | 재적재  8 | 중계율 0.34 | alpha 0.495 | step_limit
Ep 788 | 드론4 목적지75 | 1000스텝 | 배송 71/75 | 재적재 12 | 중계율 0.27 | alpha 0.503 | step_limit
Ep 789 | 드론3 목적지79 | 1000스텝 | 배송 71/79 | 재적재 13 | 중계율 0.22 | alpha 0.501 | step_limit
Ep 790 | 드론3 목적지65 | 1000스텝 | 배송 61/65 | 재적재 11 | 중계율 0.24 | alpha 0.501 | step_limit
Ep 791 | 드론3 목적지21 |  343스텝 | 배송 21/21 | 재적재  3 | 중계율 0.24 | alpha 0.503 | complete
Ep 792 | 드론3 목적지50 |  779스텝 | 배송 50/50 | 재적재  8 | 중계율 0.18 | alpha 0.504 | complete
Ep 793 | 드론4 목적지27 |  378스텝 | 배송 27/27 | 재적재  3 | 중계율 0.24 | alpha 0.504 | complete
Ep 794 | 드론3 목적지74 | 1000스텝 | 배송 64/74 | 재적재 11 | 중계율 0.21 | alpha 0.515 | step_limit
Ep 795 | 드론3 목적지58 | 1000스텝 | 배송 56/58 | 재적재 10 | 중계율 0.20 | alpha 0.519 | step_limit
Ep 796 | 드론3 목적지23 |  521스텝 | 배송 23/23 | 재적재  4 | 중계율 0.29 | alpha 0.522 | complete
Ep 797 | 드론4 목적지34 |  398스텝 | 배송 34/34 | 재적재  4 | 중계율 0.09 | alpha 0.526 | complete
Ep 798 | 드론3 목적지60 |  816스텝 | 배송 60/60 | 재적재 10 | 중계율 0.22 | alpha 0.528 | complete
Ep 799 | 드론3 목적지33 |  684스텝 | 배송 33/33 | 재적재  5 | 중계율 0.21 | alpha 0.522 | complete
Ep 800 | 드론4 목적지50 |  794스텝 | 배송 50/50 | 재적재  9 | 중계율 0.21 | alpha 0.521 | complete
  [홀드아웃] 배송 50.0±0.0 완주 1.00 스텝 905 점수 127.9 재적재 7.9 2홉+ 0.62 | 최고 127.9@ep800 정체 0/15  ← 갱신
Ep 801 | 드론4 목적지57 |  811스텝 | 배송 57/57 | 재적재 10 | 중계율 0.23 | alpha 0.518 | complete
Ep 802 | 드론3 목적지68 | 1000스텝 | 배송 66/68 | 재적재 12 | 중계율 0.24 | alpha 0.520 | step_limit
Ep 803 | 드론3 목적지80 | 1000스텝 | 배송 70/80 | 재적재 11 | 중계율 0.21 | alpha 0.514 | step_limit
Ep 804 | 드론4 목적지65 |  758스텝 | 배송 65/65 | 재적재 11 | 중계율 0.23 | alpha 0.516 | complete
Ep 805 | 드론4 목적지78 |  865스텝 | 배송 78/78 | 재적재 14 | 중계율 0.21 | alpha 0.517 | complete
Ep 806 | 드론4 목적지73 |  809스텝 | 배송 73/73 | 재적재 14 | 중계율 0.17 | alpha 0.518 | complete
Ep 807 | 드론4 목적지69 |  939스텝 | 배송 69/69 | 재적재 13 | 중계율 0.23 | alpha 0.524 | complete
Ep 808 | 드론3 목적지26 |  591스텝 | 배송 26/26 | 재적재  4 | 중계율 0.27 | alpha 0.524 | complete
Ep 809 | 드론3 목적지70 | 1000스텝 | 배송 64/70 | 재적재 10 | 중계율 0.22 | alpha 0.532 | step_limit
Ep 810 | 드론3 목적지68 | 1000스텝 | 배송 67/68 | 재적재 13 | 중계율 0.21 | alpha 0.527 | step_limit
Ep 811 | 드론3 목적지58 |  782스텝 | 배송 58/58 | 재적재 11 | 중계율 0.18 | alpha 0.532 | complete
Ep 812 | 드론3 목적지33 |  579스텝 | 배송 33/33 | 재적재  4 | 중계율 0.21 | alpha 0.535 | complete
Ep 813 | 드론3 목적지41 |  803스텝 | 배송 41/41 | 재적재  8 | 중계율 0.28 | alpha 0.541 | complete
Ep 814 | 드론3 목적지24 |  482스텝 | 배송 24/24 | 재적재  3 | 중계율 0.27 | alpha 0.541 | complete
Ep 815 | 드론3 목적지38 |  743스텝 | 배송 38/38 | 재적재  7 | 중계율 0.25 | alpha 0.540 | complete
Ep 816 | 드론3 목적지25 |  741스텝 | 배송 25/25 | 재적재  3 | 중계율 0.31 | alpha 0.548 | complete
Ep 817 | 드론3 목적지53 |  925스텝 | 배송 53/53 | 재적재  9 | 중계율 0.17 | alpha 0.552 | complete
Ep 818 | 드론4 목적지28 |  362스텝 | 배송 28/28 | 재적재  3 | 중계율 0.24 | alpha 0.552 | complete
Ep 819 | 드론4 목적지23 |  482스텝 | 배송 23/23 | 재적재  3 | 중계율 0.26 | alpha 0.558 | complete
Ep 820 | 드론3 목적지74 | 1000스텝 | 배송 59/74 | 재적재 10 | 중계율 0.22 | alpha 0.563 | step_limit
Ep 821 | 드론3 목적지79 | 1000스텝 | 배송 64/79 | 재적재 12 | 중계율 0.22 | alpha 0.563 | step_limit
Ep 822 | 드론3 목적지20 |  483스텝 | 배송 20/20 | 재적재  2 | 중계율 0.26 | alpha 0.565 | complete
Ep 823 | 드론4 목적지61 |  990스텝 | 배송 61/61 | 재적재 11 | 중계율 0.31 | alpha 0.574 | complete
Ep 824 | 드론3 목적지25 |  499스텝 | 배송 25/25 | 재적재  4 | 중계율 0.28 | alpha 0.575 | complete
Ep 825 | 드론3 목적지41 | 1000스텝 | 배송 40/41 | 재적재  7 | 중계율 0.30 | alpha 0.582 | step_limit
Ep 826 | 드론3 목적지53 | 1000스텝 | 배송 49/53 | 재적재  8 | 중계율 0.27 | alpha 0.586 | step_limit
Ep 827 | 드론3 목적지44 |  960스텝 | 배송 44/44 | 재적재  8 | 중계율 0.29 | alpha 0.591 | complete
Ep 828 | 드론3 목적지24 |  514스텝 | 배송 24/24 | 재적재  4 | 중계율 0.26 | alpha 0.591 | complete
Ep 829 | 드론4 목적지53 |  772스텝 | 배송 53/53 | 재적재  9 | 중계율 0.28 | alpha 0.590 | complete
Ep 830 | 드론4 목적지66 | 1000스텝 | 배송 65/66 | 재적재 12 | 중계율 0.29 | alpha 0.591 | step_limit
Ep 831 | 드론4 목적지69 | 1000스텝 | 배송 61/69 | 재적재 12 | 중계율 0.19 | alpha 0.593 | step_limit
Ep 832 | 드론4 목적지69 | 1000스텝 | 배송 66/69 | 재적재 12 | 중계율 0.25 | alpha 0.595 | step_limit
Ep 833 | 드론4 목적지72 | 1000스텝 | 배송 64/72 | 재적재 11 | 중계율 0.29 | alpha 0.596 | step_limit
Ep 834 | 드론3 목적지71 | 1000스텝 | 배송 55/71 | 재적재 10 | 중계율 0.32 | alpha 0.592 | step_limit
Ep 835 | 드론3 목적지56 |  806스텝 | 배송 56/56 | 재적재  9 | 중계율 0.17 | alpha 0.595 | complete
Ep 836 | 드론4 목적지30 |  572스텝 | 배송 30/30 | 재적재  4 | 중계율 0.27 | alpha 0.597 | complete
Ep 837 | 드론3 목적지73 | 1000스텝 | 배송 61/73 | 재적재 12 | 중계율 0.26 | alpha 0.596 | step_limit
Ep 838 | 드론4 목적지56 |  691스텝 | 배송 56/56 | 재적재 10 | 중계율 0.15 | alpha 0.597 | complete
Ep 839 | 드론3 목적지20 |  523스텝 | 배송 20/20 | 재적재  2 | 중계율 0.36 | alpha 0.597 | complete
Ep 840 | 드론3 목적지33 |  826스텝 | 배송 33/33 | 재적재  5 | 중계율 0.19 | alpha 0.596 | complete
Ep 841 | 드론3 목적지31 |  619스텝 | 배송 31/31 | 재적재  5 | 중계율 0.25 | alpha 0.591 | complete
Ep 842 | 드론3 목적지68 | 1000스텝 | 배송 62/68 | 재적재 12 | 중계율 0.22 | alpha 0.589 | step_limit
Ep 843 | 드론4 목적지51 | 1000스텝 | 배송 48/51 | 재적재  8 | 중계율 0.34 | alpha 0.585 | step_limit
Ep 844 | 드론3 목적지37 |  719스텝 | 배송 37/37 | 재적재  5 | 중계율 0.20 | alpha 0.587 | complete
Ep 845 | 드론4 목적지74 |  802스텝 | 배송 74/74 | 재적재 13 | 중계율 0.14 | alpha 0.588 | complete
Ep 846 | 드론3 목적지32 |  756스텝 | 배송 32/32 | 재적재  5 | 중계율 0.21 | alpha 0.588 | complete
Ep 847 | 드론4 목적지25 |  500스텝 | 배송 25/25 | 재적재  3 | 중계율 0.21 | alpha 0.588 | complete
Ep 848 | 드론3 목적지44 |  869스텝 | 배송 44/44 | 재적재  7 | 중계율 0.27 | alpha 0.590 | complete
Ep 849 | 드론4 목적지28 |  449스텝 | 배송 28/28 | 재적재  3 | 중계율 0.30 | alpha 0.587 | complete
Ep 850 | 드론3 목적지47 |  759스텝 | 배송 47/47 | 재적재  7 | 중계율 0.14 | alpha 0.589 | complete
  [홀드아웃] 배송 50.0±0.0 완주 1.00 스텝 891 점수 128.1 재적재 8.1 2홉+ 0.61 | 최고 128.1@ep850 정체 0/15  ← 갱신
Ep 851 | 드론3 목적지39 |  722스텝 | 배송 39/39 | 재적재  7 | 중계율 0.24 | alpha 0.588 | complete
Ep 852 | 드론3 목적지68 | 1000스텝 | 배송 56/68 | 재적재  9 | 중계율 0.31 | alpha 0.597 | step_limit
Ep 853 | 드론3 목적지65 | 1000스텝 | 배송 60/65 | 재적재 11 | 중계율 0.27 | alpha 0.599 | step_limit
Ep 854 | 드론4 목적지61 | 1000스텝 | 배송 59/61 | 재적재 10 | 중계율 0.30 | alpha 0.598 | step_limit
Ep 855 | 드론4 목적지22 |  403스텝 | 배송 22/22 | 재적재  2 | 중계율 0.19 | alpha 0.597 | complete
Ep 856 | 드론4 목적지59 |  910스텝 | 배송 59/59 | 재적재 10 | 중계율 0.24 | alpha 0.589 | complete
Ep 857 | 드론3 목적지69 | 1000스텝 | 배송 59/69 | 재적재 11 | 중계율 0.28 | alpha 0.581 | step_limit
Ep 858 | 드론4 목적지35 |  360스텝 | 배송 35/35 | 재적재  5 | 중계율 0.17 | alpha 0.583 | complete
Ep 859 | 드론3 목적지20 |  571스텝 | 배송 20/20 | 재적재  2 | 중계율 0.33 | alpha 0.582 | complete
Ep 860 | 드론4 목적지42 |  739스텝 | 배송 42/42 | 재적재  7 | 중계율 0.31 | alpha 0.581 | complete
Ep 861 | 드론3 목적지58 | 1000스텝 | 배송 56/58 | 재적재 11 | 중계율 0.24 | alpha 0.574 | step_limit
Ep 862 | 드론3 목적지39 |  665스텝 | 배송 39/39 | 재적재  6 | 중계율 0.29 | alpha 0.572 | complete
Ep 863 | 드론4 목적지77 | 1000스텝 | 배송 73/77 | 재적재 12 | 중계율 0.27 | alpha 0.578 | step_limit
Ep 864 | 드론4 목적지37 |  674스텝 | 배송 37/37 | 재적재  5 | 중계율 0.35 | alpha 0.575 | complete
Ep 865 | 드론3 목적지33 | 1000스텝 | 배송 29/33 | 재적재  5 | 중계율 0.30 | alpha 0.586 | step_limit
Ep 866 | 드론4 목적지40 |  489스텝 | 배송 40/40 | 재적재  7 | 중계율 0.18 | alpha 0.588 | complete
Ep 867 | 드론4 목적지34 |  434스텝 | 배송 34/34 | 재적재  4 | 중계율 0.17 | alpha 0.586 | complete
Ep 868 | 드론3 목적지34 |  871스텝 | 배송 34/34 | 재적재  5 | 중계율 0.28 | alpha 0.578 | complete
Ep 869 | 드론3 목적지76 | 1000스텝 | 배송 72/76 | 재적재 14 | 중계율 0.15 | alpha 0.576 | step_limit
Ep 870 | 드론3 목적지42 |  988스텝 | 배송 42/42 | 재적재  8 | 중계율 0.26 | alpha 0.576 | complete
Ep 871 | 드론3 목적지47 |  757스텝 | 배송 47/47 | 재적재  8 | 중계율 0.23 | alpha 0.578 | complete
Ep 872 | 드론4 목적지22 |  256스텝 | 배송 22/22 | 재적재  3 | 중계율 0.16 | alpha 0.576 | complete
Ep 873 | 드론4 목적지60 | 1000스텝 | 배송 57/60 | 재적재 10 | 중계율 0.30 | alpha 0.581 | step_limit
Ep 874 | 드론4 목적지45 | 1000스텝 | 배송 43/45 | 재적재  7 | 중계율 0.28 | alpha 0.574 | step_limit
Ep 875 | 드론4 목적지32 |  528스텝 | 배송 32/32 | 재적재  5 | 중계율 0.27 | alpha 0.569 | complete
Ep 876 | 드론3 목적지49 |  839스텝 | 배송 49/49 | 재적재  8 | 중계율 0.20 | alpha 0.565 | complete
Ep 877 | 드론4 목적지77 | 1000스텝 | 배송 73/77 | 재적재 13 | 중계율 0.23 | alpha 0.558 | step_limit
Ep 878 | 드론4 목적지44 | 1000스텝 | 배송 42/44 | 재적재  8 | 중계율 0.39 | alpha 0.560 | step_limit
Ep 879 | 드론3 목적지79 | 1000스텝 | 배송 61/79 | 재적재 12 | 중계율 0.22 | alpha 0.564 | step_limit
Ep 880 | 드론4 목적지32 |  433스텝 | 배송 32/32 | 재적재  4 | 중계율 0.22 | alpha 0.562 | complete
Ep 881 | 드론4 목적지74 | 1000스텝 | 배송 61/74 | 재적재 10 | 중계율 0.31 | alpha 0.561 | step_limit
Ep 882 | 드론3 목적지76 | 1000스텝 | 배송 66/76 | 재적재 13 | 중계율 0.26 | alpha 0.573 | step_limit
Ep 883 | 드론4 목적지50 |  655스텝 | 배송 50/50 | 재적재  7 | 중계율 0.29 | alpha 0.573 | complete
Ep 884 | 드론4 목적지56 |  686스텝 | 배송 56/56 | 재적재 10 | 중계율 0.23 | alpha 0.569 | complete
Ep 885 | 드론3 목적지44 |  751스텝 | 배송 44/44 | 재적재  6 | 중계율 0.20 | alpha 0.568 | complete
Ep 886 | 드론4 목적지76 |  795스텝 | 배송 76/76 | 재적재 13 | 중계율 0.22 | alpha 0.564 | complete
Ep 887 | 드론3 목적지67 | 1000스텝 | 배송 63/67 | 재적재 11 | 중계율 0.23 | alpha 0.554 | step_limit
Ep 888 | 드론3 목적지71 | 1000스텝 | 배송 58/71 | 재적재  9 | 중계율 0.25 | alpha 0.557 | step_limit
Ep 889 | 드론3 목적지32 |  637스텝 | 배송 32/32 | 재적재  5 | 중계율 0.24 | alpha 0.558 | complete
Ep 890 | 드론4 목적지62 | 1000스텝 | 배송 61/62 | 재적재 11 | 중계율 0.24 | alpha 0.558 | step_limit
Ep 891 | 드론3 목적지78 | 1000스텝 | 배송 71/78 | 재적재 13 | 중계율 0.22 | alpha 0.555 | step_limit
Ep 892 | 드론3 목적지39 |  866스텝 | 배송 39/39 | 재적재  6 | 중계율 0.21 | alpha 0.555 | complete
Ep 893 | 드론3 목적지65 | 1000스텝 | 배송 55/65 | 재적재 11 | 중계율 0.24 | alpha 0.555 | step_limit
Ep 894 | 드론4 목적지47 |  605스텝 | 배송 47/47 | 재적재  9 | 중계율 0.21 | alpha 0.556 | complete
Ep 895 | 드론4 목적지64 |  856스텝 | 배송 64/64 | 재적재 12 | 중계율 0.25 | alpha 0.555 | complete
Ep 896 | 드론4 목적지41 |  658스텝 | 배송 41/41 | 재적재  7 | 중계율 0.31 | alpha 0.558 | complete
Ep 897 | 드론4 목적지77 |  876스텝 | 배송 77/77 | 재적재 14 | 중계율 0.14 | alpha 0.557 | complete
Ep 898 | 드론3 목적지29 |  584스텝 | 배송 29/29 | 재적재  5 | 중계율 0.23 | alpha 0.560 | complete
Ep 899 | 드론3 목적지31 |  693스텝 | 배송 31/31 | 재적재  5 | 중계율 0.22 | alpha 0.557 | complete
Ep 900 | 드론3 목적지69 |  937스텝 | 배송 69/69 | 재적재 12 | 중계율 0.18 | alpha 0.558 | complete
  [홀드아웃] 배송 50.0±0.0 완주 1.00 스텝 861 점수 128.5 재적재 7.8 2홉+ 0.62 | 최고 128.5@ep900 정체 0/15  ← 갱신
Ep 901 | 드론4 목적지26 |  611스텝 | 배송 26/26 | 재적재  4 | 중계율 0.33 | alpha 0.555 | complete
Ep 902 | 드론4 목적지58 |  989스텝 | 배송 58/58 | 재적재 10 | 중계율 0.27 | alpha 0.552 | complete
Ep 903 | 드론3 목적지41 | 1000스텝 | 배송 40/41 | 재적재  6 | 중계율 0.34 | alpha 0.552 | step_limit
Ep 904 | 드론4 목적지47 |  562스텝 | 배송 47/47 | 재적재  7 | 중계율 0.17 | alpha 0.548 | complete
Ep 905 | 드론3 목적지63 | 1000스텝 | 배송 53/63 | 재적재  9 | 중계율 0.24 | alpha 0.548 | step_limit
Ep 906 | 드론4 목적지64 |  926스텝 | 배송 64/64 | 재적재  9 | 중계율 0.30 | alpha 0.553 | complete
Ep 907 | 드론3 목적지80 | 1000스텝 | 배송 65/80 | 재적재 12 | 중계율 0.17 | alpha 0.550 | step_limit
Ep 908 | 드론4 목적지49 |  681스텝 | 배송 49/49 | 재적재  9 | 중계율 0.24 | alpha 0.543 | complete
Ep 909 | 드론3 목적지68 | 1000스텝 | 배송 60/68 | 재적재 10 | 중계율 0.28 | alpha 0.542 | step_limit
Ep 910 | 드론4 목적지69 |  871스텝 | 배송 69/69 | 재적재 12 | 중계율 0.29 | alpha 0.537 | complete
Ep 911 | 드론3 목적지22 |  465스텝 | 배송 22/22 | 재적재  4 | 중계율 0.18 | alpha 0.532 | complete
Ep 912 | 드론3 목적지71 | 1000스텝 | 배송 60/71 | 재적재 11 | 중계율 0.29 | alpha 0.529 | step_limit
Ep 913 | 드론3 목적지48 |  682스텝 | 배송 48/48 | 재적재  9 | 중계율 0.17 | alpha 0.531 | complete
Ep 914 | 드론3 목적지64 | 1000스텝 | 배송 60/64 | 재적재 11 | 중계율 0.25 | alpha 0.534 | step_limit
Ep 915 | 드론4 목적지58 | 1000스텝 | 배송 55/58 | 재적재 11 | 중계율 0.33 | alpha 0.543 | step_limit
Ep 916 | 드론3 목적지21 |  510스텝 | 배송 21/21 | 재적재  3 | 중계율 0.25 | alpha 0.547 | complete
Ep 917 | 드론4 목적지75 | 1000스텝 | 배송 59/75 | 재적재 11 | 중계율 0.34 | alpha 0.550 | step_limit
Ep 918 | 드론4 목적지22 |  423스텝 | 배송 22/22 | 재적재  2 | 중계율 0.31 | alpha 0.552 | complete
Ep 919 | 드론4 목적지73 |  863스텝 | 배송 73/73 | 재적재 12 | 중계율 0.24 | alpha 0.558 | complete
Ep 920 | 드론3 목적지79 | 1000스텝 | 배송 53/79 | 재적재 10 | 중계율 0.27 | alpha 0.558 | step_limit
Ep 921 | 드론3 목적지27 |  471스텝 | 배송 27/27 | 재적재  5 | 중계율 0.15 | alpha 0.559 | complete
Ep 922 | 드론3 목적지20 |  379스텝 | 배송 20/20 | 재적재  3 | 중계율 0.15 | alpha 0.558 | complete
Ep 923 | 드론4 목적지51 | 1000스텝 | 배송 47/51 | 재적재  8 | 중계율 0.27 | alpha 0.567 | step_limit
Ep 924 | 드론4 목적지68 | 1000스텝 | 배송 66/68 | 재적재 12 | 중계율 0.26 | alpha 0.570 | step_limit
Ep 925 | 드론4 목적지30 |  592스텝 | 배송 30/30 | 재적재  5 | 중계율 0.31 | alpha 0.577 | complete
Ep 926 | 드론4 목적지31 |  394스텝 | 배송 31/31 | 재적재  4 | 중계율 0.24 | alpha 0.573 | complete
Ep 927 | 드론3 목적지62 | 1000스텝 | 배송 59/62 | 재적재 10 | 중계율 0.26 | alpha 0.567 | step_limit
Ep 928 | 드론3 목적지51 | 1000스텝 | 배송 50/51 | 재적재  9 | 중계율 0.30 | alpha 0.569 | step_limit
Ep 929 | 드론4 목적지34 |  396스텝 | 배송 34/34 | 재적재  5 | 중계율 0.13 | alpha 0.570 | complete
Ep 930 | 드론3 목적지57 | 1000스텝 | 배송 56/57 | 재적재 10 | 중계율 0.16 | alpha 0.568 | step_limit
Ep 931 | 드론3 목적지52 | 1000스텝 | 배송 51/52 | 재적재  9 | 중계율 0.23 | alpha 0.566 | step_limit
Ep 932 | 드론4 목적지27 |  499스텝 | 배송 27/27 | 재적재  4 | 중계율 0.33 | alpha 0.564 | complete
Ep 933 | 드론4 목적지71 | 1000스텝 | 배송 70/71 | 재적재 12 | 중계율 0.29 | alpha 0.562 | step_limit
Ep 934 | 드론4 목적지65 | 1000스텝 | 배송 58/65 | 재적재 10 | 중계율 0.27 | alpha 0.561 | step_limit
Ep 935 | 드론3 목적지29 |  498스텝 | 배송 29/29 | 재적재  4 | 중계율 0.26 | alpha 0.560 | complete
Ep 936 | 드론3 목적지44 |  718스텝 | 배송 44/44 | 재적재  8 | 중계율 0.21 | alpha 0.562 | complete
Ep 937 | 드론3 목적지22 |  373스텝 | 배송 22/22 | 재적재  2 | 중계율 0.27 | alpha 0.562 | complete
Ep 938 | 드론3 목적지44 |  926스텝 | 배송 44/44 | 재적재  7 | 중계율 0.29 | alpha 0.571 | complete
Ep 939 | 드론4 목적지68 | 1000스텝 | 배송 61/68 | 재적재 10 | 중계율 0.35 | alpha 0.583 | step_limit
Ep 940 | 드론4 목적지43 |  917스텝 | 배송 43/43 | 재적재  6 | 중계율 0.41 | alpha 0.591 | complete
Ep 941 | 드론4 목적지73 | 1000스텝 | 배송 65/73 | 재적재 12 | 중계율 0.28 | alpha 0.594 | step_limit
Ep 942 | 드론4 목적지26 |  448스텝 | 배송 26/26 | 재적재  3 | 중계율 0.24 | alpha 0.592 | complete
Ep 943 | 드론4 목적지28 |  508스텝 | 배송 28/28 | 재적재  3 | 중계율 0.30 | alpha 0.588 | complete
Ep 944 | 드론3 목적지79 | 1000스텝 | 배송 73/79 | 재적재 13 | 중계율 0.18 | alpha 0.591 | step_limit
Ep 945 | 드론3 목적지61 | 1000스텝 | 배송 60/61 | 재적재 10 | 중계율 0.30 | alpha 0.590 | step_limit
Ep 946 | 드론3 목적지50 | 1000스텝 | 배송 49/50 | 재적재  8 | 중계율 0.30 | alpha 0.586 | step_limit
Ep 947 | 드론4 목적지25 |  339스텝 | 배송 25/25 | 재적재  3 | 중계율 0.23 | alpha 0.586 | complete
Ep 948 | 드론4 목적지58 |  956스텝 | 배송 58/58 | 재적재 10 | 중계율 0.28 | alpha 0.598 | complete
Ep 949 | 드론4 목적지52 |  665스텝 | 배송 52/52 | 재적재  7 | 중계율 0.22 | alpha 0.603 | complete
Ep 950 | 드론4 목적지43 |  540스텝 | 배송 43/43 | 재적재  6 | 중계율 0.16 | alpha 0.604 | complete
  [홀드아웃] 배송 50.0±0.0 완주 1.00 스텝 880 점수 128.3 재적재 7.8 2홉+ 0.61 | 최고 128.5@ep900 정체 1/15
Ep 951 | 드론4 목적지30 |  510스텝 | 배송 30/30 | 재적재  3 | 중계율 0.30 | alpha 0.604 | complete
Ep 952 | 드론3 목적지51 | 1000스텝 | 배송 50/51 | 재적재  9 | 중계율 0.31 | alpha 0.614 | step_limit
Ep 953 | 드론4 목적지43 |  692스텝 | 배송 43/43 | 재적재  7 | 중계율 0.28 | alpha 0.623 | complete
Ep 954 | 드론4 목적지80 | 1000스텝 | 배송 70/80 | 재적재 11 | 중계율 0.26 | alpha 0.637 | step_limit
Ep 955 | 드론4 목적지46 |  783스텝 | 배송 46/46 | 재적재  7 | 중계율 0.21 | alpha 0.639 | complete
Ep 956 | 드론4 목적지37 |  652스텝 | 배송 37/37 | 재적재  7 | 중계율 0.27 | alpha 0.644 | complete
Ep 957 | 드론3 목적지52 |  863스텝 | 배송 52/52 | 재적재  9 | 중계율 0.17 | alpha 0.660 | complete
Ep 958 | 드론4 목적지46 | 1000스텝 | 배송 35/46 | 재적재  7 | 중계율 0.36 | alpha 0.661 | step_limit
Ep 959 | 드론3 목적지46 |  896스텝 | 배송 46/46 | 재적재  9 | 중계율 0.25 | alpha 0.663 | complete
Ep 960 | 드론4 목적지66 |  789스텝 | 배송 66/66 | 재적재 12 | 중계율 0.17 | alpha 0.664 | complete
Ep 961 | 드론3 목적지76 | 1000스텝 | 배송 51/76 | 재적재  8 | 중계율 0.24 | alpha 0.662 | step_limit
Ep 962 | 드론3 목적지52 |  979스텝 | 배송 52/52 | 재적재  9 | 중계율 0.31 | alpha 0.658 | complete
Ep 963 | 드론3 목적지56 | 1000스텝 | 배송 50/56 | 재적재  8 | 중계율 0.34 | alpha 0.662 | step_limit
Ep 964 | 드론3 목적지54 |  915스텝 | 배송 54/54 | 재적재 10 | 중계율 0.22 | alpha 0.661 | complete
Ep 965 | 드론3 목적지34 |  642스텝 | 배송 34/34 | 재적재  6 | 중계율 0.29 | alpha 0.652 | complete
Ep 966 | 드론4 목적지77 |  723스텝 | 배송 77/77 | 재적재 13 | 중계율 0.15 | alpha 0.649 | complete
Ep 967 | 드론4 목적지38 |  513스텝 | 배송 38/38 | 재적재  6 | 중계율 0.19 | alpha 0.646 | complete
Ep 968 | 드론4 목적지37 | 1000스텝 | 배송 35/37 | 재적재  6 | 중계율 0.30 | alpha 0.647 | step_limit
Ep 969 | 드론3 목적지54 | 1000스텝 | 배송 52/54 | 재적재 10 | 중계율 0.24 | alpha 0.648 | step_limit
Ep 970 | 드론4 목적지80 | 1000스텝 | 배송 78/80 | 재적재 13 | 중계율 0.24 | alpha 0.652 | step_limit
Ep 971 | 드론4 목적지26 |  360스텝 | 배송 26/26 | 재적재  3 | 중계율 0.21 | alpha 0.656 | complete
Ep 972 | 드론4 목적지27 |  528스텝 | 배송 27/27 | 재적재  4 | 중계율 0.31 | alpha 0.654 | complete
Ep 973 | 드론3 목적지36 |  870스텝 | 배송 36/36 | 재적재  7 | 중계율 0.33 | alpha 0.664 | complete
Ep 974 | 드론3 목적지80 | 1000스텝 | 배송 68/80 | 재적재 12 | 중계율 0.26 | alpha 0.659 | step_limit
Ep 975 | 드론4 목적지80 | 1000스텝 | 배송 78/80 | 재적재 14 | 중계율 0.31 | alpha 0.669 | step_limit
Ep 976 | 드론3 목적지48 |  968스텝 | 배송 48/48 | 재적재  8 | 중계율 0.31 | alpha 0.666 | complete
Ep 977 | 드론4 목적지48 |  738스텝 | 배송 48/48 | 재적재  7 | 중계율 0.18 | alpha 0.667 | complete
Ep 978 | 드론4 목적지69 | 1000스텝 | 배송 67/69 | 재적재 12 | 중계율 0.27 | alpha 0.674 | step_limit
Ep 979 | 드론4 목적지58 |  612스텝 | 배송 58/58 | 재적재  9 | 중계율 0.17 | alpha 0.678 | complete
Ep 980 | 드론4 목적지73 | 1000스텝 | 배송 64/73 | 재적재 12 | 중계율 0.27 | alpha 0.681 | step_limit
Ep 981 | 드론3 목적지62 | 1000스텝 | 배송 55/62 | 재적재 10 | 중계율 0.26 | alpha 0.684 | step_limit
Ep 982 | 드론4 목적지66 | 1000스텝 | 배송 62/66 | 재적재 11 | 중계율 0.31 | alpha 0.690 | step_limit
Ep 983 | 드론3 목적지22 |  330스텝 | 배송 22/22 | 재적재  3 | 중계율 0.12 | alpha 0.685 | complete
Ep 984 | 드론3 목적지53 | 1000스텝 | 배송 50/53 | 재적재  9 | 중계율 0.32 | alpha 0.674 | step_limit
Ep 985 | 드론4 목적지65 |  741스텝 | 배송 65/65 | 재적재 11 | 중계율 0.20 | alpha 0.672 | complete
Ep 986 | 드론4 목적지35 |  905스텝 | 배송 35/35 | 재적재  6 | 중계율 0.30 | alpha 0.673 | complete
Ep 987 | 드론4 목적지47 |  589스텝 | 배송 47/47 | 재적재  7 | 중계율 0.25 | alpha 0.673 | complete
Ep 988 | 드론3 목적지24 |  582스텝 | 배송 24/24 | 재적재  2 | 중계율 0.27 | alpha 0.674 | complete
Ep 989 | 드론3 목적지64 | 1000스텝 | 배송 62/64 | 재적재 10 | 중계율 0.23 | alpha 0.662 | step_limit
Ep 990 | 드론3 목적지26 |  563스텝 | 배송 26/26 | 재적재  3 | 중계율 0.29 | alpha 0.655 | complete
Ep 991 | 드론3 목적지30 |  741스텝 | 배송 30/30 | 재적재  5 | 중계율 0.29 | alpha 0.653 | complete
Ep 992 | 드론3 목적지59 | 1000스텝 | 배송 56/59 | 재적재 11 | 중계율 0.26 | alpha 0.645 | step_limit
Ep 993 | 드론3 목적지46 |  897스텝 | 배송 46/46 | 재적재  9 | 중계율 0.26 | alpha 0.641 | complete
Ep 994 | 드론4 목적지71 |  698스텝 | 배송 71/71 | 재적재 12 | 중계율 0.18 | alpha 0.640 | complete
Ep 995 | 드론3 목적지61 | 1000스텝 | 배송 56/61 | 재적재 10 | 중계율 0.24 | alpha 0.637 | step_limit
Ep 996 | 드론3 목적지61 |  887스텝 | 배송 61/61 | 재적재 11 | 중계율 0.16 | alpha 0.635 | complete
Ep 997 | 드론3 목적지59 | 1000스텝 | 배송 56/59 | 재적재 10 | 중계율 0.27 | alpha 0.637 | step_limit
Ep 998 | 드론4 목적지70 | 1000스텝 | 배송 61/70 | 재적재 10 | 중계율 0.31 | alpha 0.635 | step_limit
Ep 999 | 드론3 목적지49 | 1000스텝 | 배송 48/49 | 재적재  8 | 중계율 0.25 | alpha 0.635 | step_limit
Ep 1000 | 드론4 목적지63 |  982스텝 | 배송 63/63 | 재적재 11 | 중계율 0.26 | alpha 0.638 | complete
  [홀드아웃] 배송 49.9±1.1 완주 0.99 스텝 888 점수 126.9 재적재 8.0 2홉+ 0.61 | 최고 128.5@ep900 정체 2/15
Ep 1001 | 드론4 목적지43 |  506스텝 | 배송 43/43 | 재적재  7 | 중계율 0.16 | alpha 0.635 | complete
Ep 1002 | 드론3 목적지78 | 1000스텝 | 배송 66/78 | 재적재 13 | 중계율 0.21 | alpha 0.628 | step_limit
Ep 1003 | 드론3 목적지74 | 1000스텝 | 배송 60/74 | 재적재 10 | 중계율 0.32 | alpha 0.623 | step_limit
Ep 1004 | 드론4 목적지61 | 1000스텝 | 배송 59/61 | 재적재 11 | 중계율 0.28 | alpha 0.625 | step_limit
Ep 1005 | 드론4 목적지62 |  789스텝 | 배송 62/62 | 재적재 10 | 중계율 0.22 | alpha 0.628 | complete
Ep 1006 | 드론3 목적지22 |  807스텝 | 배송 22/22 | 재적재  3 | 중계율 0.21 | alpha 0.638 | complete
Ep 1007 | 드론4 목적지79 | 1000스텝 | 배송 76/79 | 재적재 13 | 중계율 0.28 | alpha 0.645 | step_limit
Ep 1008 | 드론3 목적지28 |  614스텝 | 배송 28/28 | 재적재  4 | 중계율 0.28 | alpha 0.646 | complete
Ep 1009 | 드론3 목적지65 | 1000스텝 | 배송 55/65 | 재적재 11 | 중계율 0.19 | alpha 0.644 | step_limit
Ep 1010 | 드론4 목적지22 |  515스텝 | 배송 22/22 | 재적재  3 | 중계율 0.27 | alpha 0.644 | complete
Ep 1011 | 드론4 목적지52 |  733스텝 | 배송 52/52 | 재적재  9 | 중계율 0.16 | alpha 0.635 | complete
Ep 1012 | 드론4 목적지47 |  537스텝 | 배송 47/47 | 재적재  8 | 중계율 0.23 | alpha 0.631 | complete
Ep 1013 | 드론4 목적지66 |  990스텝 | 배송 66/66 | 재적재 12 | 중계율 0.16 | alpha 0.620 | complete
Ep 1014 | 드론3 목적지69 | 1000스텝 | 배송 64/69 | 재적재 11 | 중계율 0.23 | alpha 0.609 | step_limit
Ep 1015 | 드론3 목적지77 | 1000스텝 | 배송 69/77 | 재적재 13 | 중계율 0.21 | alpha 0.606 | step_limit
Ep 1016 | 드론3 목적지80 | 1000스텝 | 배송 66/80 | 재적재 11 | 중계율 0.26 | alpha 0.603 | step_limit
Ep 1017 | 드론4 목적지51 |  746스텝 | 배송 51/51 | 재적재  8 | 중계율 0.23 | alpha 0.606 | complete
Ep 1018 | 드론4 목적지21 |  303스텝 | 배송 21/21 | 재적재  3 | 중계율 0.21 | alpha 0.604 | complete
Ep 1019 | 드론3 목적지58 | 1000스텝 | 배송 53/58 | 재적재 10 | 중계율 0.21 | alpha 0.600 | step_limit
Ep 1020 | 드론3 목적지74 | 1000스텝 | 배송 62/74 | 재적재 11 | 중계율 0.30 | alpha 0.598 | step_limit
Ep 1021 | 드론3 목적지48 |  964스텝 | 배송 48/48 | 재적재  8 | 중계율 0.24 | alpha 0.594 | complete
Ep 1022 | 드론4 목적지27 |  349스텝 | 배송 27/27 | 재적재  4 | 중계율 0.14 | alpha 0.591 | complete
Ep 1023 | 드론4 목적지46 |  590스텝 | 배송 46/46 | 재적재  7 | 중계율 0.19 | alpha 0.590 | complete
Ep 1024 | 드론3 목적지70 | 1000스텝 | 배송 54/70 | 재적재  9 | 중계율 0.33 | alpha 0.592 | step_limit
Ep 1025 | 드론4 목적지41 |  989스텝 | 배송 41/41 | 재적재  8 | 중계율 0.35 | alpha 0.587 | complete
Ep 1026 | 드론4 목적지76 | 1000스텝 | 배송 73/76 | 재적재 14 | 중계율 0.26 | alpha 0.584 | step_limit
Ep 1027 | 드론3 목적지51 | 1000스텝 | 배송 49/51 | 재적재  9 | 중계율 0.25 | alpha 0.577 | step_limit
Ep 1028 | 드론3 목적지27 |  468스텝 | 배송 27/27 | 재적재  5 | 중계율 0.16 | alpha 0.581 | complete
Ep 1029 | 드론3 목적지37 |  669스텝 | 배송 37/37 | 재적재  6 | 중계율 0.20 | alpha 0.587 | complete
Ep 1030 | 드론3 목적지46 | 1000스텝 | 배송 44/46 | 재적재  6 | 중계율 0.35 | alpha 0.602 | step_limit
Ep 1031 | 드론4 목적지20 |  465스텝 | 배송 20/20 | 재적재  3 | 중계율 0.24 | alpha 0.603 | complete
Ep 1032 | 드론3 목적지27 |  367스텝 | 배송 27/27 | 재적재  4 | 중계율 0.12 | alpha 0.608 | complete
Ep 1033 | 드론4 목적지38 |  471스텝 | 배송 38/38 | 재적재  7 | 중계율 0.16 | alpha 0.611 | complete
Ep 1034 | 드론3 목적지66 | 1000스텝 | 배송 55/66 | 재적재  9 | 중계율 0.28 | alpha 0.617 | step_limit
Ep 1035 | 드론4 목적지64 |  965스텝 | 배송 64/64 | 재적재 11 | 중계율 0.29 | alpha 0.607 | complete
Ep 1036 | 드론3 목적지59 |  928스텝 | 배송 59/59 | 재적재 11 | 중계율 0.23 | alpha 0.605 | complete
Ep 1037 | 드론3 목적지49 |  720스텝 | 배송 49/49 | 재적재  8 | 중계율 0.20 | alpha 0.605 | complete
Ep 1038 | 드론4 목적지57 | 1000스텝 | 배송 55/57 | 재적재 10 | 중계율 0.33 | alpha 0.608 | step_limit
Ep 1039 | 드론3 목적지73 | 1000스텝 | 배송 65/73 | 재적재 12 | 중계율 0.24 | alpha 0.610 | step_limit
Ep 1040 | 드론3 목적지44 | 1000스텝 | 배송 39/44 | 재적재  5 | 중계율 0.29 | alpha 0.603 | step_limit
Ep 1041 | 드론4 목적지65 |  968스텝 | 배송 65/65 | 재적재 11 | 중계율 0.31 | alpha 0.599 | complete
Ep 1042 | 드론3 목적지37 |  814스텝 | 배송 37/37 | 재적재  7 | 중계율 0.33 | alpha 0.587 | complete
Ep 1043 | 드론4 목적지52 |  535스텝 | 배송 52/52 | 재적재  8 | 중계율 0.18 | alpha 0.586 | complete
Ep 1044 | 드론3 목적지36 |  652스텝 | 배송 36/36 | 재적재  6 | 중계율 0.29 | alpha 0.582 | complete
Ep 1045 | 드론3 목적지52 |  977스텝 | 배송 52/52 | 재적재  8 | 중계율 0.24 | alpha 0.579 | complete
Ep 1046 | 드론4 목적지43 |  611스텝 | 배송 43/43 | 재적재  8 | 중계율 0.24 | alpha 0.579 | complete
Ep 1047 | 드론3 목적지52 | 1000스텝 | 배송 45/52 | 재적재  8 | 중계율 0.32 | alpha 0.581 | step_limit
Ep 1048 | 드론3 목적지51 | 1000스텝 | 배송 46/51 | 재적재  8 | 중계율 0.22 | alpha 0.578 | step_limit
Ep 1049 | 드론3 목적지72 | 1000스텝 | 배송 35/72 | 재적재  5 | 중계율 0.31 | alpha 0.575 | step_limit
Ep 1050 | 드론4 목적지76 | 1000스텝 | 배송 66/76 | 재적재 11 | 중계율 0.25 | alpha 0.574 | step_limit
  [홀드아웃] 배송 49.8±1.1 완주 0.95 스텝 904 점수 122.9 재적재 7.9 2홉+ 0.62 | 최고 128.5@ep900 정체 3/15
Ep 1051 | 드론3 목적지79 | 1000스텝 | 배송 55/79 | 재적재 11 | 중계율 0.33 | alpha 0.575 | step_limit
Ep 1052 | 드론4 목적지45 |  980스텝 | 배송 45/45 | 재적재  7 | 중계율 0.31 | alpha 0.576 | complete
Ep 1053 | 드론4 목적지49 |  734스텝 | 배송 49/49 | 재적재  7 | 중계율 0.24 | alpha 0.577 | complete
Ep 1054 | 드론4 목적지61 |  782스텝 | 배송 61/61 | 재적재 11 | 중계율 0.17 | alpha 0.581 | complete
Ep 1055 | 드론4 목적지41 |  653스텝 | 배송 41/41 | 재적재  6 | 중계율 0.30 | alpha 0.587 | complete
Ep 1056 | 드론4 목적지54 |  732스텝 | 배송 54/54 | 재적재  8 | 중계율 0.25 | alpha 0.583 | complete
Ep 1057 | 드론4 목적지64 |  866스텝 | 배송 64/64 | 재적재 12 | 중계율 0.25 | alpha 0.585 | complete
Ep 1058 | 드론4 목적지66 | 1000스텝 | 배송 63/66 | 재적재 12 | 중계율 0.32 | alpha 0.588 | step_limit
Ep 1059 | 드론3 목적지51 |  819스텝 | 배송 51/51 | 재적재  8 | 중계율 0.16 | alpha 0.587 | complete
Ep 1060 | 드론4 목적지52 |  905스텝 | 배송 52/52 | 재적재 10 | 중계율 0.31 | alpha 0.591 | complete
Ep 1061 | 드론4 목적지37 |  565스텝 | 배송 37/37 | 재적재  6 | 중계율 0.20 | alpha 0.594 | complete
Ep 1062 | 드론4 목적지24 |  365스텝 | 배송 24/24 | 재적재  3 | 중계율 0.26 | alpha 0.591 | complete
Ep 1063 | 드론4 목적지73 |  920스텝 | 배송 73/73 | 재적재 13 | 중계율 0.24 | alpha 0.592 | complete
Ep 1064 | 드론4 목적지39 |  704스텝 | 배송 39/39 | 재적재  6 | 중계율 0.32 | alpha 0.596 | complete
Ep 1065 | 드론3 목적지24 |  472스텝 | 배송 24/24 | 재적재  4 | 중계율 0.23 | alpha 0.594 | complete
Ep 1066 | 드론3 목적지75 | 1000스텝 | 배송 70/75 | 재적재 13 | 중계율 0.23 | alpha 0.591 | step_limit
Ep 1067 | 드론4 목적지50 |  831스텝 | 배송 50/50 | 재적재  8 | 중계율 0.26 | alpha 0.588 | complete
Ep 1068 | 드론3 목적지45 |  769스텝 | 배송 45/45 | 재적재  7 | 중계율 0.17 | alpha 0.590 | complete
Ep 1069 | 드론4 목적지20 |  348스텝 | 배송 20/20 | 재적재  2 | 중계율 0.31 | alpha 0.590 | complete
Ep 1070 | 드론3 목적지79 | 1000스텝 | 배송 73/79 | 재적재 12 | 중계율 0.24 | alpha 0.588 | step_limit
Ep 1071 | 드론3 목적지32 |  836스텝 | 배송 32/32 | 재적재  6 | 중계율 0.23 | alpha 0.592 | complete
Ep 1072 | 드론3 목적지56 | 1000스텝 | 배송 54/56 | 재적재  9 | 중계율 0.28 | alpha 0.587 | step_limit
Ep 1073 | 드론4 목적지25 |  384스텝 | 배송 25/25 | 재적재  4 | 중계율 0.27 | alpha 0.591 | complete
Ep 1074 | 드론3 목적지34 |  757스텝 | 배송 34/34 | 재적재  5 | 중계율 0.30 | alpha 0.600 | complete
Ep 1075 | 드론4 목적지40 |  610스텝 | 배송 40/40 | 재적재  7 | 중계율 0.26 | alpha 0.598 | complete
Ep 1076 | 드론3 목적지73 | 1000스텝 | 배송 65/73 | 재적재 13 | 중계율 0.25 | alpha 0.599 | step_limit
Ep 1077 | 드론4 목적지50 |  862스텝 | 배송 50/50 | 재적재  7 | 중계율 0.27 | alpha 0.603 | complete
Ep 1078 | 드론4 목적지62 | 1000스텝 | 배송 56/62 | 재적재 10 | 중계율 0.30 | alpha 0.611 | step_limit
Ep 1079 | 드론3 목적지25 |  535스텝 | 배송 25/25 | 재적재  4 | 중계율 0.21 | alpha 0.611 | complete
Ep 1080 | 드론3 목적지51 | 1000스텝 | 배송 50/51 | 재적재  9 | 중계율 0.27 | alpha 0.617 | step_limit
Ep 1081 | 드론4 목적지46 |  831스텝 | 배송 46/46 | 재적재  7 | 중계율 0.35 | alpha 0.627 | complete
Ep 1082 | 드론4 목적지51 |  670스텝 | 배송 51/51 | 재적재 10 | 중계율 0.21 | alpha 0.628 | complete
Ep 1083 | 드론3 목적지64 | 1000스텝 | 배송 56/64 | 재적재 10 | 중계율 0.27 | alpha 0.635 | step_limit
Ep 1084 | 드론3 목적지48 |  830스텝 | 배송 48/48 | 재적재  8 | 중계율 0.30 | alpha 0.637 | complete
Ep 1085 | 드론3 목적지60 | 1000스텝 | 배송 55/60 | 재적재  9 | 중계율 0.30 | alpha 0.640 | step_limit
Ep 1086 | 드론4 목적지27 |  390스텝 | 배송 27/27 | 재적재  3 | 중계율 0.27 | alpha 0.643 | complete
Ep 1087 | 드론4 목적지66 | 1000스텝 | 배송 56/66 | 재적재 10 | 중계율 0.34 | alpha 0.650 | step_limit
Ep 1088 | 드론4 목적지48 |  647스텝 | 배송 48/48 | 재적재  7 | 중계율 0.21 | alpha 0.652 | complete
Ep 1089 | 드론3 목적지63 |  927스텝 | 배송 63/63 | 재적재 11 | 중계율 0.25 | alpha 0.653 | complete
Ep 1090 | 드론4 목적지78 | 1000스텝 | 배송 64/78 | 재적재 10 | 중계율 0.28 | alpha 0.652 | step_limit
Ep 1091 | 드론3 목적지66 | 1000스텝 | 배송 60/66 | 재적재 10 | 중계율 0.33 | alpha 0.656 | step_limit
Ep 1092 | 드론3 목적지77 | 1000스텝 | 배송 60/77 | 재적재 11 | 중계율 0.29 | alpha 0.656 | step_limit
Ep 1093 | 드론3 목적지72 | 1000스텝 | 배송 68/72 | 재적재 12 | 중계율 0.23 | alpha 0.653 | step_limit
Ep 1094 | 드론4 목적지45 |  621스텝 | 배송 45/45 | 재적재  7 | 중계율 0.24 | alpha 0.656 | complete
Ep 1095 | 드론4 목적지21 |  320스텝 | 배송 21/21 | 재적재  3 | 중계율 0.18 | alpha 0.654 | complete
Ep 1096 | 드론4 목적지77 |  821스텝 | 배송 77/77 | 재적재 13 | 중계율 0.21 | alpha 0.646 | complete
Ep 1097 | 드론3 목적지44 |  867스텝 | 배송 44/44 | 재적재  7 | 중계율 0.24 | alpha 0.646 | complete
Ep 1098 | 드론3 목적지59 | 1000스텝 | 배송 54/59 | 재적재 10 | 중계율 0.32 | alpha 0.643 | step_limit
Ep 1099 | 드론3 목적지75 | 1000스텝 | 배송 65/75 | 재적재 13 | 중계율 0.24 | alpha 0.643 | step_limit
Ep 1100 | 드론3 목적지54 | 1000스텝 | 배송 52/54 | 재적재 10 | 중계율 0.26 | alpha 0.645 | step_limit
  [홀드아웃] 배송 50.0±0.4 완주 0.99 스텝 927 점수 126.4 재적재 8.2 2홉+ 0.62 | 최고 128.5@ep900 정체 4/15
Ep 1101 | 드론3 목적지78 | 1000스텝 | 배송 69/78 | 재적재 13 | 중계율 0.18 | alpha 0.641 | step_limit
Ep 1102 | 드론4 목적지36 |  513스텝 | 배송 36/36 | 재적재  6 | 중계율 0.21 | alpha 0.641 | complete
Ep 1103 | 드론3 목적지32 |  794스텝 | 배송 32/32 | 재적재  5 | 중계율 0.33 | alpha 0.640 | complete
Ep 1104 | 드론4 목적지37 |  698스텝 | 배송 37/37 | 재적재  6 | 중계율 0.31 | alpha 0.637 | complete
Ep 1105 | 드론4 목적지63 |  681스텝 | 배송 63/63 | 재적재 11 | 중계율 0.19 | alpha 0.633 | complete
Ep 1106 | 드론4 목적지46 |  628스텝 | 배송 46/46 | 재적재  7 | 중계율 0.28 | alpha 0.629 | complete
Ep 1107 | 드론4 목적지21 |  378스텝 | 배송 21/21 | 재적재  3 | 중계율 0.30 | alpha 0.634 | complete
Ep 1108 | 드론3 목적지41 | 1000스텝 | 배송 40/41 | 재적재  8 | 중계율 0.30 | alpha 0.647 | step_limit
Ep 1109 | 드론4 목적지21 |  312스텝 | 배송 21/21 | 재적재  3 | 중계율 0.14 | alpha 0.648 | complete
Ep 1110 | 드론3 목적지55 | 1000스텝 | 배송 51/55 | 재적재 10 | 중계율 0.31 | alpha 0.665 | step_limit
Ep 1111 | 드론4 목적지49 |  582스텝 | 배송 49/49 | 재적재  8 | 중계율 0.16 | alpha 0.668 | complete
Ep 1112 | 드론3 목적지27 | 1000스텝 | 배송 23/27 | 재적재  3 | 중계율 0.31 | alpha 0.679 | step_limit
Ep 1113 | 드론4 목적지70 |  706스텝 | 배송 70/70 | 재적재 12 | 중계율 0.18 | alpha 0.668 | complete
Ep 1114 | 드론4 목적지50 |  733스텝 | 배송 50/50 | 재적재  8 | 중계율 0.25 | alpha 0.665 | complete
Ep 1115 | 드론4 목적지73 | 1000스텝 | 배송 61/73 | 재적재 11 | 중계율 0.33 | alpha 0.670 | step_limit
Ep 1116 | 드론3 목적지54 | 1000스텝 | 배송 53/54 | 재적재  9 | 중계율 0.34 | alpha 0.678 | step_limit
Ep 1117 | 드론4 목적지74 |  767스텝 | 배송 74/74 | 재적재 12 | 중계율 0.22 | alpha 0.682 | complete
Ep 1118 | 드론4 목적지52 | 1000스텝 | 배송 50/52 | 재적재  9 | 중계율 0.36 | alpha 0.675 | step_limit
Ep 1119 | 드론4 목적지22 |  536스텝 | 배송 22/22 | 재적재  2 | 중계율 0.34 | alpha 0.682 | complete
Ep 1120 | 드론4 목적지40 |  689스텝 | 배송 40/40 | 재적재  6 | 중계율 0.21 | alpha 0.680 | complete
Ep 1121 | 드론4 목적지26 |  732스텝 | 배송 26/26 | 재적재  4 | 중계율 0.40 | alpha 0.691 | complete
Ep 1122 | 드론4 목적지55 |  543스텝 | 배송 55/55 | 재적재 10 | 중계율 0.18 | alpha 0.697 | complete
Ep 1123 | 드론4 목적지54 |  646스텝 | 배송 54/54 | 재적재  8 | 중계율 0.21 | alpha 0.701 | complete
Ep 1124 | 드론4 목적지79 |  914스텝 | 배송 79/79 | 재적재 15 | 중계율 0.18 | alpha 0.705 | complete
Ep 1125 | 드론4 목적지53 |  825스텝 | 배송 53/53 | 재적재  9 | 중계율 0.30 | alpha 0.715 | complete
Ep 1126 | 드론4 목적지21 |  322스텝 | 배송 21/21 | 재적재  3 | 중계율 0.21 | alpha 0.721 | complete
Ep 1127 | 드론3 목적지66 | 1000스텝 | 배송 58/66 | 재적재 11 | 중계율 0.29 | alpha 0.734 | step_limit
Ep 1128 | 드론4 목적지70 |  928스텝 | 배송 70/70 | 재적재 13 | 중계율 0.25 | alpha 0.744 | complete
Ep 1129 | 드론4 목적지28 |  559스텝 | 배송 28/28 | 재적재  5 | 중계율 0.31 | alpha 0.749 | complete
Ep 1130 | 드론4 목적지45 |  577스텝 | 배송 45/45 | 재적재  7 | 중계율 0.24 | alpha 0.748 | complete
Ep 1131 | 드론3 목적지55 | 1000스텝 | 배송 52/55 | 재적재  9 | 중계율 0.35 | alpha 0.749 | step_limit
Ep 1132 | 드론4 목적지59 |  978스텝 | 배송 59/59 | 재적재 11 | 중계율 0.28 | alpha 0.758 | complete
Ep 1133 | 드론4 목적지69 |  732스텝 | 배송 69/69 | 재적재 13 | 중계율 0.16 | alpha 0.759 | complete
Ep 1134 | 드론4 목적지28 |  450스텝 | 배송 28/28 | 재적재  3 | 중계율 0.27 | alpha 0.764 | complete
Ep 1135 | 드론3 목적지68 | 1000스텝 | 배송 62/68 | 재적재 11 | 중계율 0.29 | alpha 0.772 | step_limit
Ep 1136 | 드론4 목적지76 | 1000스텝 | 배송 57/76 | 재적재 10 | 중계율 0.31 | alpha 0.786 | step_limit
Ep 1137 | 드론4 목적지30 |  358스텝 | 배송 30/30 | 재적재  4 | 중계율 0.13 | alpha 0.791 | complete
Ep 1138 | 드론3 목적지48 |  810스텝 | 배송 48/48 | 재적재  8 | 중계율 0.26 | alpha 0.788 | complete
Ep 1139 | 드론4 목적지39 |  626스텝 | 배송 39/39 | 재적재  6 | 중계율 0.24 | alpha 0.787 | complete
Ep 1140 | 드론3 목적지80 | 1000스텝 | 배송 67/80 | 재적재 12 | 중계율 0.19 | alpha 0.772 | step_limit
Ep 1141 | 드론3 목적지28 |  563스텝 | 배송 28/28 | 재적재  4 | 중계율 0.22 | alpha 0.766 | complete
Ep 1142 | 드론4 목적지47 |  589스텝 | 배송 47/47 | 재적재  8 | 중계율 0.19 | alpha 0.766 | complete
Ep 1143 | 드론3 목적지44 |  811스텝 | 배송 44/44 | 재적재  8 | 중계율 0.27 | alpha 0.757 | complete
Ep 1144 | 드론3 목적지28 |  695스텝 | 배송 28/28 | 재적재  4 | 중계율 0.33 | alpha 0.756 | complete
Ep 1145 | 드론4 목적지21 |  472스텝 | 배송 21/21 | 재적재  2 | 중계율 0.29 | alpha 0.749 | complete
Ep 1146 | 드론3 목적지72 | 1000스텝 | 배송 62/72 | 재적재 12 | 중계율 0.22 | alpha 0.739 | step_limit
Ep 1147 | 드론3 목적지77 | 1000스텝 | 배송 68/77 | 재적재 11 | 중계율 0.19 | alpha 0.736 | step_limit
Ep 1148 | 드론4 목적지45 |  687스텝 | 배송 45/45 | 재적재  6 | 중계율 0.28 | alpha 0.727 | complete
Ep 1149 | 드론3 목적지80 | 1000스텝 | 배송 75/80 | 재적재 12 | 중계율 0.19 | alpha 0.717 | step_limit
Ep 1150 | 드론3 목적지73 | 1000스텝 | 배송 70/73 | 재적재 12 | 중계율 0.20 | alpha 0.709 | step_limit
  [홀드아웃] 배송 50.0±0.0 완주 1.00 스텝 918 점수 127.8 재적재 7.8 2홉+ 0.62 | 최고 128.5@ep900 정체 5/15
Ep 1151 | 드론3 목적지40 |  998스텝 | 배송 40/40 | 재적재  7 | 중계율 0.37 | alpha 0.700 | complete
Ep 1152 | 드론3 목적지61 |  872스텝 | 배송 61/61 | 재적재 11 | 중계율 0.20 | alpha 0.690 | complete
Ep 1153 | 드론4 목적지24 |  479스텝 | 배송 24/24 | 재적재  3 | 중계율 0.31 | alpha 0.691 | complete
Ep 1154 | 드론3 목적지24 |  624스텝 | 배송 24/24 | 재적재  3 | 중계율 0.30 | alpha 0.694 | complete
Ep 1155 | 드론3 목적지31 |  791스텝 | 배송 31/31 | 재적재  5 | 중계율 0.27 | alpha 0.694 | complete
Ep 1156 | 드론3 목적지20 |  440스텝 | 배송 20/20 | 재적재  2 | 중계율 0.17 | alpha 0.700 | complete
Ep 1157 | 드론4 목적지23 |  424스텝 | 배송 23/23 | 재적재  4 | 중계율 0.22 | alpha 0.702 | complete
Ep 1158 | 드론4 목적지41 |  862스텝 | 배송 41/41 | 재적재  7 | 중계율 0.35 | alpha 0.701 | complete
Ep 1159 | 드론4 목적지64 |  856스텝 | 배송 64/64 | 재적재 11 | 중계율 0.21 | alpha 0.701 | complete
Ep 1160 | 드론3 목적지47 |  989스텝 | 배송 47/47 | 재적재  9 | 중계율 0.26 | alpha 0.702 | complete
Ep 1161 | 드론4 목적지70 |  704스텝 | 배송 70/70 | 재적재 11 | 중계율 0.15 | alpha 0.706 | complete
Ep 1162 | 드론4 목적지77 |  961스텝 | 배송 77/77 | 재적재 15 | 중계율 0.21 | alpha 0.714 | complete
Ep 1163 | 드론3 목적지43 |  848스텝 | 배송 43/43 | 재적재  7 | 중계율 0.34 | alpha 0.717 | complete
Ep 1164 | 드론3 목적지40 |  706스텝 | 배송 40/40 | 재적재  6 | 중계율 0.26 | alpha 0.718 | complete
Ep 1165 | 드론4 목적지67 |  880스텝 | 배송 67/67 | 재적재 12 | 중계율 0.24 | alpha 0.721 | complete
Ep 1166 | 드론4 목적지65 |  847스텝 | 배송 65/65 | 재적재 11 | 중계율 0.20 | alpha 0.734 | complete
Ep 1167 | 드론3 목적지24 |  472스텝 | 배송 24/24 | 재적재  2 | 중계율 0.28 | alpha 0.735 | complete
Ep 1168 | 드론4 목적지67 | 1000스텝 | 배송 65/67 | 재적재  9 | 중계율 0.31 | alpha 0.737 | step_limit
Ep 1169 | 드론3 목적지37 |  700스텝 | 배송 37/37 | 재적재  5 | 중계율 0.20 | alpha 0.741 | complete
Ep 1170 | 드론3 목적지35 |  632스텝 | 배송 35/35 | 재적재  5 | 중계율 0.23 | alpha 0.741 | complete
Ep 1171 | 드론4 목적지70 | 1000스텝 | 배송 59/70 | 재적재  9 | 중계율 0.28 | alpha 0.748 | step_limit
Ep 1172 | 드론4 목적지56 |  965스텝 | 배송 56/56 | 재적재  9 | 중계율 0.34 | alpha 0.749 | complete
Ep 1173 | 드론3 목적지39 |  639스텝 | 배송 39/39 | 재적재  6 | 중계율 0.22 | alpha 0.751 | complete
Ep 1174 | 드론4 목적지53 |  883스텝 | 배송 53/53 | 재적재  8 | 중계율 0.27 | alpha 0.751 | complete
Ep 1175 | 드론4 목적지44 |  952스텝 | 배송 44/44 | 재적재  7 | 중계율 0.33 | alpha 0.749 | complete
Ep 1176 | 드론4 목적지44 |  773스텝 | 배송 44/44 | 재적재  8 | 중계율 0.29 | alpha 0.752 | complete
Ep 1177 | 드론4 목적지33 |  552스텝 | 배송 33/33 | 재적재  5 | 중계율 0.28 | alpha 0.753 | complete
Ep 1178 | 드론3 목적지61 | 1000스텝 | 배송 55/61 | 재적재 11 | 중계율 0.33 | alpha 0.763 | step_limit
Ep 1179 | 드론4 목적지71 |  719스텝 | 배송 71/71 | 재적재 12 | 중계율 0.17 | alpha 0.758 | complete
Ep 1180 | 드론4 목적지62 |  880스텝 | 배송 62/62 | 재적재 11 | 중계율 0.31 | alpha 0.761 | complete
Ep 1181 | 드론4 목적지50 |  792스텝 | 배송 50/50 | 재적재  9 | 중계율 0.34 | alpha 0.764 | complete
Ep 1182 | 드론3 목적지79 | 1000스텝 | 배송 64/79 | 재적재 11 | 중계율 0.21 | alpha 0.759 | step_limit
Ep 1183 | 드론4 목적지51 |  621스텝 | 배송 51/51 | 재적재  9 | 중계율 0.20 | alpha 0.753 | complete
Ep 1184 | 드론4 목적지30 |  414스텝 | 배송 30/30 | 재적재  4 | 중계율 0.26 | alpha 0.745 | complete
Ep 1185 | 드론3 목적지77 | 1000스텝 | 배송 65/77 | 재적재 12 | 중계율 0.22 | alpha 0.736 | step_limit
Ep 1186 | 드론4 목적지42 |  617스텝 | 배송 42/42 | 재적재  7 | 중계율 0.20 | alpha 0.733 | complete
Ep 1187 | 드론4 목적지20 |  248스텝 | 배송 20/20 | 재적재  3 | 중계율 0.20 | alpha 0.733 | complete
Ep 1188 | 드론3 목적지74 | 1000스텝 | 배송 56/74 | 재적재 11 | 중계율 0.23 | alpha 0.730 | step_limit
Ep 1189 | 드론4 목적지60 |  646스텝 | 배송 60/60 | 재적재 11 | 중계율 0.19 | alpha 0.727 | complete
Ep 1190 | 드론3 목적지26 |  526스텝 | 배송 26/26 | 재적재  4 | 중계율 0.21 | alpha 0.729 | complete
Ep 1191 | 드론4 목적지27 |  509스텝 | 배송 27/27 | 재적재  3 | 중계율 0.29 | alpha 0.726 | complete
Ep 1192 | 드론4 목적지78 | 1000스텝 | 배송 60/78 | 재적재 10 | 중계율 0.25 | alpha 0.720 | step_limit
Ep 1193 | 드론3 목적지42 |  780스텝 | 배송 42/42 | 재적재  7 | 중계율 0.24 | alpha 0.728 | complete
Ep 1194 | 드론3 목적지75 | 1000스텝 | 배송 67/75 | 재적재 13 | 중계율 0.21 | alpha 0.726 | step_limit
Ep 1195 | 드론4 목적지56 |  650스텝 | 배송 56/56 | 재적재 10 | 중계율 0.14 | alpha 0.729 | complete
Ep 1196 | 드론4 목적지66 | 1000스텝 | 배송 62/66 | 재적재 10 | 중계율 0.31 | alpha 0.724 | step_limit
Ep 1197 | 드론4 목적지59 |  759스텝 | 배송 59/59 | 재적재 10 | 중계율 0.27 | alpha 0.722 | complete
Ep 1198 | 드론3 목적지47 | 1000스텝 | 배송 41/47 | 재적재  8 | 중계율 0.26 | alpha 0.727 | step_limit
Ep 1199 | 드론3 목적지65 | 1000스텝 | 배송 64/65 | 재적재 11 | 중계율 0.17 | alpha 0.727 | step_limit
Ep 1200 | 드론4 목적지48 |  712스텝 | 배송 48/48 | 재적재  7 | 중계율 0.24 | alpha 0.731 | complete
  [홀드아웃] 배송 50.0±0.1 완주 0.99 스텝 954 점수 126.0 재적재 8.0 2홉+ 0.62 | 최고 128.5@ep900 정체 6/15
Ep 1201 | 드론4 목적지22 |  651스텝 | 배송 22/22 | 재적재  3 | 중계율 0.36 | alpha 0.737 | complete
Ep 1202 | 드론3 목적지68 | 1000스텝 | 배송 67/68 | 재적재 11 | 중계율 0.20 | alpha 0.734 | step_limit
Ep 1203 | 드론3 목적지36 |  811스텝 | 배송 36/36 | 재적재  7 | 중계율 0.29 | alpha 0.731 | complete
Ep 1204 | 드론3 목적지23 |  470스텝 | 배송 23/23 | 재적재  3 | 중계율 0.24 | alpha 0.733 | complete
Ep 1205 | 드론3 목적지32 |  727스텝 | 배송 32/32 | 재적재  4 | 중계율 0.29 | alpha 0.729 | complete
Ep 1206 | 드론3 목적지76 | 1000스텝 | 배송 61/76 | 재적재 11 | 중계율 0.25 | alpha 0.720 | step_limit
Ep 1207 | 드론4 목적지45 |  590스텝 | 배송 45/45 | 재적재  8 | 중계율 0.19 | alpha 0.717 | complete
Ep 1208 | 드론4 목적지40 |  484스텝 | 배송 40/40 | 재적재  6 | 중계율 0.14 | alpha 0.711 | complete
Ep 1209 | 드론3 목적지49 |  903스텝 | 배송 49/49 | 재적재  8 | 중계율 0.22 | alpha 0.707 | complete
Ep 1210 | 드론3 목적지60 | 1000스텝 | 배송 52/60 | 재적재  8 | 중계율 0.34 | alpha 0.708 | step_limit
Ep 1211 | 드론3 목적지66 | 1000스텝 | 배송 63/66 | 재적재 10 | 중계율 0.22 | alpha 0.703 | step_limit
Ep 1212 | 드론4 목적지66 |  878스텝 | 배송 66/66 | 재적재 11 | 중계율 0.25 | alpha 0.701 | complete
Ep 1213 | 드론4 목적지56 |  852스텝 | 배송 56/56 | 재적재  9 | 중계율 0.24 | alpha 0.695 | complete
Ep 1214 | 드론3 목적지49 | 1000스텝 | 배송 48/49 | 재적재  8 | 중계율 0.31 | alpha 0.678 | step_limit
Ep 1215 | 드론3 목적지21 |  333스텝 | 배송 21/21 | 재적재  3 | 중계율 0.20 | alpha 0.678 | complete
Ep 1216 | 드론3 목적지38 |  923스텝 | 배송 38/38 | 재적재  7 | 중계율 0.31 | alpha 0.676 | complete
Ep 1217 | 드론3 목적지22 |  422스텝 | 배송 22/22 | 재적재  3 | 중계율 0.24 | alpha 0.675 | complete
Ep 1218 | 드론3 목적지61 | 1000스텝 | 배송 60/61 | 재적재 11 | 중계율 0.22 | alpha 0.675 | step_limit
Ep 1219 | 드론4 목적지66 | 1000스텝 | 배송 59/66 | 재적재 11 | 중계율 0.32 | alpha 0.670 | step_limit
Ep 1220 | 드론3 목적지38 |  795스텝 | 배송 38/38 | 재적재  6 | 중계율 0.29 | alpha 0.673 | complete
Ep 1221 | 드론3 목적지62 | 1000스텝 | 배송 59/62 | 재적재 10 | 중계율 0.27 | alpha 0.673 | step_limit
Ep 1222 | 드론4 목적지34 |  776스텝 | 배송 34/34 | 재적재  6 | 중계율 0.36 | alpha 0.672 | complete
Ep 1223 | 드론4 목적지35 |  597스텝 | 배송 35/35 | 재적재  6 | 중계율 0.28 | alpha 0.672 | complete
Ep 1224 | 드론4 목적지33 |  674스텝 | 배송 33/33 | 재적재  6 | 중계율 0.31 | alpha 0.682 | complete
Ep 1225 | 드론3 목적지70 | 1000스텝 | 배송 67/70 | 재적재 13 | 중계율 0.17 | alpha 0.681 | step_limit
Ep 1226 | 드론4 목적지32 |  365스텝 | 배송 32/32 | 재적재  4 | 중계율 0.15 | alpha 0.681 | complete
Ep 1227 | 드론3 목적지77 | 1000스텝 | 배송 60/77 | 재적재  9 | 중계율 0.27 | alpha 0.680 | step_limit
Ep 1228 | 드론3 목적지35 | 1000스텝 | 배송 31/35 | 재적재  4 | 중계율 0.29 | alpha 0.672 | step_limit
Ep 1229 | 드론4 목적지25 |  411스텝 | 배송 25/25 | 재적재  4 | 중계율 0.20 | alpha 0.667 | complete
Ep 1230 | 드론3 목적지50 | 1000스텝 | 배송 49/50 | 재적재  9 | 중계율 0.31 | alpha 0.661 | step_limit
Ep 1231 | 드론4 목적지65 |  685스텝 | 배송 65/65 | 재적재 11 | 중계율 0.17 | alpha 0.659 | complete
Ep 1232 | 드론3 목적지79 | 1000스텝 | 배송 62/79 | 재적재 11 | 중계율 0.26 | alpha 0.654 | step_limit
Ep 1233 | 드론3 목적지30 |  571스텝 | 배송 30/30 | 재적재  5 | 중계율 0.25 | alpha 0.649 | complete
Ep 1234 | 드론4 목적지57 |  857스텝 | 배송 57/57 | 재적재 10 | 중계율 0.27 | alpha 0.645 | complete
Ep 1235 | 드론3 목적지49 |  965스텝 | 배송 49/49 | 재적재  8 | 중계율 0.32 | alpha 0.645 | complete
Ep 1236 | 드론3 목적지72 | 1000스텝 | 배송 69/72 | 재적재 12 | 중계율 0.24 | alpha 0.641 | step_limit
Ep 1237 | 드론3 목적지57 |  962스텝 | 배송 57/57 | 재적재 10 | 중계율 0.24 | alpha 0.646 | complete
Ep 1238 | 드론4 목적지73 | 1000스텝 | 배송 64/73 | 재적재 11 | 중계율 0.30 | alpha 0.653 | step_limit
Ep 1239 | 드론3 목적지40 | 1000스텝 | 배송 35/40 | 재적재  6 | 중계율 0.27 | alpha 0.656 | step_limit
Ep 1240 | 드론4 목적지21 |  325스텝 | 배송 21/21 | 재적재  1 | 중계율 0.32 | alpha 0.656 | complete
Ep 1241 | 드론4 목적지58 |  850스텝 | 배송 58/58 | 재적재 11 | 중계율 0.21 | alpha 0.661 | complete
Ep 1242 | 드론4 목적지71 |  776스텝 | 배송 71/71 | 재적재 13 | 중계율 0.21 | alpha 0.668 | complete
Ep 1243 | 드론4 목적지54 | 1000스텝 | 배송 50/54 | 재적재 10 | 중계율 0.27 | alpha 0.670 | step_limit
Ep 1244 | 드론4 목적지23 |  384스텝 | 배송 23/23 | 재적재  3 | 중계율 0.28 | alpha 0.672 | complete
Ep 1245 | 드론3 목적지31 |  643스텝 | 배송 31/31 | 재적재  5 | 중계율 0.29 | alpha 0.682 | complete
Ep 1246 | 드론4 목적지37 |  599스텝 | 배송 37/37 | 재적재  7 | 중계율 0.28 | alpha 0.684 | complete
Ep 1247 | 드론3 목적지20 |  644스텝 | 배송 20/20 | 재적재  2 | 중계율 0.25 | alpha 0.687 | complete
Ep 1248 | 드론4 목적지79 | 1000스텝 | 배송 77/79 | 재적재 14 | 중계율 0.26 | alpha 0.702 | step_limit
Ep 1249 | 드론3 목적지22 |  583스텝 | 배송 22/22 | 재적재  3 | 중계율 0.24 | alpha 0.701 | complete
Ep 1250 | 드론3 목적지27 |  716스텝 | 배송 27/27 | 재적재  5 | 중계율 0.26 | alpha 0.707 | complete
  [홀드아웃] 배송 50.0±0.0 완주 1.00 스텝 928 점수 127.6 재적재 8.0 2홉+ 0.61 | 최고 128.5@ep900 정체 7/15
Ep 1251 | 드론3 목적지20 |  586스텝 | 배송 20/20 | 재적재  3 | 중계율 0.26 | alpha 0.710 | complete
Ep 1252 | 드론4 목적지48 |  837스텝 | 배송 48/48 | 재적재  8 | 중계율 0.32 | alpha 0.713 | complete
Ep 1253 | 드론3 목적지64 |  988스텝 | 배송 64/64 | 재적재 11 | 중계율 0.29 | alpha 0.713 | complete
Ep 1254 | 드론4 목적지44 |  785스텝 | 배송 44/44 | 재적재  8 | 중계율 0.29 | alpha 0.725 | complete
Ep 1255 | 드론4 목적지39 |  595스텝 | 배송 39/39 | 재적재  7 | 중계율 0.18 | alpha 0.728 | complete
Ep 1256 | 드론3 목적지32 |  643스텝 | 배송 32/32 | 재적재  5 | 중계율 0.24 | alpha 0.726 | complete
Ep 1257 | 드론3 목적지71 |  909스텝 | 배송 71/71 | 재적재 12 | 중계율 0.13 | alpha 0.740 | complete
Ep 1258 | 드론3 목적지40 | 1000스텝 | 배송 35/40 | 재적재  6 | 중계율 0.32 | alpha 0.743 | step_limit
Ep 1259 | 드론3 목적지80 | 1000스텝 | 배송 74/80 | 재적재 13 | 중계율 0.21 | alpha 0.758 | step_limit
Ep 1260 | 드론4 목적지60 | 1000스텝 | 배송 51/60 | 재적재 10 | 중계율 0.27 | alpha 0.774 | step_limit
Ep 1261 | 드론4 목적지26 |  527스텝 | 배송 26/26 | 재적재  3 | 중계율 0.29 | alpha 0.787 | complete
Ep 1262 | 드론4 목적지68 |  947스텝 | 배송 68/68 | 재적재 11 | 중계율 0.24 | alpha 0.794 | complete
Ep 1263 | 드론4 목적지61 |  632스텝 | 배송 61/61 | 재적재 11 | 중계율 0.16 | alpha 0.797 | complete
Ep 1264 | 드론3 목적지55 | 1000스텝 | 배송 54/55 | 재적재 10 | 중계율 0.27 | alpha 0.801 | step_limit
Ep 1265 | 드론4 목적지73 | 1000스텝 | 배송 66/73 | 재적재 11 | 중계율 0.31 | alpha 0.796 | step_limit
Ep 1266 | 드론4 목적지72 |  977스텝 | 배송 72/72 | 재적재 13 | 중계율 0.23 | alpha 0.786 | complete
Ep 1267 | 드론3 목적지46 | 1000스텝 | 배송 41/46 | 재적재  7 | 중계율 0.36 | alpha 0.782 | step_limit
Ep 1268 | 드론3 목적지58 | 1000스텝 | 배송 56/58 | 재적재  9 | 중계율 0.32 | alpha 0.774 | step_limit
Ep 1269 | 드론4 목적지74 | 1000스텝 | 배송 64/74 | 재적재 11 | 중계율 0.28 | alpha 0.782 | step_limit
Ep 1270 | 드론3 목적지30 |  563스텝 | 배송 30/30 | 재적재  5 | 중계율 0.24 | alpha 0.784 | complete
Ep 1271 | 드론3 목적지37 |  541스텝 | 배송 37/37 | 재적재  7 | 중계율 0.20 | alpha 0.790 | complete
Ep 1272 | 드론3 목적지22 |  586스텝 | 배송 22/22 | 재적재  4 | 중계율 0.32 | alpha 0.794 | complete
Ep 1273 | 드론3 목적지43 |  971스텝 | 배송 43/43 | 재적재  8 | 중계율 0.29 | alpha 0.801 | complete
Ep 1274 | 드론3 목적지66 | 1000스텝 | 배송 60/66 | 재적재 11 | 중계율 0.22 | alpha 0.800 | step_limit
Ep 1275 | 드론4 목적지63 |  945스텝 | 배송 63/63 | 재적재 11 | 중계율 0.27 | alpha 0.813 | complete
Ep 1276 | 드론3 목적지47 |  984스텝 | 배송 47/47 | 재적재  9 | 중계율 0.26 | alpha 0.816 | complete
Ep 1277 | 드론4 목적지30 |  386스텝 | 배송 30/30 | 재적재  4 | 중계율 0.22 | alpha 0.816 | complete
Ep 1278 | 드론4 목적지62 |  771스텝 | 배송 62/62 | 재적재 12 | 중계율 0.16 | alpha 0.824 | complete
Ep 1279 | 드론3 목적지28 |  543스텝 | 배송 28/28 | 재적재  5 | 중계율 0.19 | alpha 0.825 | complete
Ep 1280 | 드론4 목적지47 |  581스텝 | 배송 47/47 | 재적재  8 | 중계율 0.18 | alpha 0.830 | complete
Ep 1281 | 드론3 목적지66 | 1000스텝 | 배송 60/66 | 재적재 11 | 중계율 0.21 | alpha 0.844 | step_limit
Ep 1282 | 드론3 목적지74 | 1000스텝 | 배송 59/74 | 재적재 10 | 중계율 0.23 | alpha 0.848 | step_limit
Ep 1283 | 드론3 목적지80 | 1000스텝 | 배송 74/80 | 재적재 14 | 중계율 0.26 | alpha 0.852 | step_limit
Ep 1284 | 드론4 목적지57 |  752스텝 | 배송 57/57 | 재적재 11 | 중계율 0.24 | alpha 0.859 | complete
Ep 1285 | 드론3 목적지40 |  782스텝 | 배송 40/40 | 재적재  7 | 중계율 0.28 | alpha 0.863 | complete
Ep 1286 | 드론4 목적지50 |  758스텝 | 배송 50/50 | 재적재  9 | 중계율 0.32 | alpha 0.854 | complete
Ep 1287 | 드론4 목적지36 |  474스텝 | 배송 36/36 | 재적재  6 | 중계율 0.16 | alpha 0.852 | complete
Ep 1288 | 드론3 목적지32 |  713스텝 | 배송 32/32 | 재적재  6 | 중계율 0.30 | alpha 0.851 | complete
Ep 1289 | 드론3 목적지51 |  910스텝 | 배송 51/51 | 재적재  9 | 중계율 0.27 | alpha 0.858 | complete
Ep 1290 | 드론3 목적지56 | 1000스텝 | 배송 55/56 | 재적재 10 | 중계율 0.30 | alpha 0.850 | step_limit
Ep 1291 | 드론3 목적지33 |  624스텝 | 배송 33/33 | 재적재  5 | 중계율 0.28 | alpha 0.842 | complete
Ep 1292 | 드론3 목적지48 |  983스텝 | 배송 48/48 | 재적재  9 | 중계율 0.30 | alpha 0.835 | complete
Ep 1293 | 드론3 목적지27 |  573스텝 | 배송 27/27 | 재적재  5 | 중계율 0.25 | alpha 0.834 | complete
Ep 1294 | 드론4 목적지72 |  939스텝 | 배송 72/72 | 재적재 12 | 중계율 0.25 | alpha 0.834 | complete
Ep 1295 | 드론4 목적지38 |  589스텝 | 배송 38/38 | 재적재  6 | 중계율 0.27 | alpha 0.833 | complete
Ep 1296 | 드론3 목적지47 |  809스텝 | 배송 47/47 | 재적재  9 | 중계율 0.25 | alpha 0.835 | complete
Ep 1297 | 드론3 목적지44 |  813스텝 | 배송 44/44 | 재적재  7 | 중계율 0.19 | alpha 0.838 | complete
Ep 1298 | 드론3 목적지29 |  574스텝 | 배송 29/29 | 재적재  5 | 중계율 0.17 | alpha 0.836 | complete
Ep 1299 | 드론4 목적지55 |  920스텝 | 배송 55/55 | 재적재  9 | 중계율 0.28 | alpha 0.846 | complete
Ep 1300 | 드론4 목적지49 |  825스텝 | 배송 49/49 | 재적재  7 | 중계율 0.34 | alpha 0.849 | complete
  [홀드아웃] 배송 49.9±0.7 완주 0.99 스텝 902 점수 126.7 재적재 8.2 2홉+ 0.61 | 최고 128.5@ep900 정체 8/15
Ep 1301 | 드론4 목적지22 |  454스텝 | 배송 22/22 | 재적재  3 | 중계율 0.19 | alpha 0.848 | complete
Ep 1302 | 드론4 목적지46 |  540스텝 | 배송 46/46 | 재적재  7 | 중계율 0.15 | alpha 0.855 | complete
Ep 1303 | 드론4 목적지51 |  532스텝 | 배송 51/51 | 재적재  9 | 중계율 0.10 | alpha 0.861 | complete
Ep 1304 | 드론4 목적지41 |  701스텝 | 배송 41/41 | 재적재  6 | 중계율 0.15 | alpha 0.862 | complete
Ep 1305 | 드론4 목적지56 |  676스텝 | 배송 56/56 | 재적재  9 | 중계율 0.25 | alpha 0.864 | complete
Ep 1306 | 드론4 목적지51 | 1000스텝 | 배송 50/51 | 재적재  8 | 중계율 0.21 | alpha 0.868 | step_limit
Ep 1307 | 드론3 목적지52 | 1000스텝 | 배송 49/52 | 재적재  8 | 중계율 0.37 | alpha 0.866 | step_limit
Ep 1308 | 드론4 목적지44 |  602스텝 | 배송 44/44 | 재적재  7 | 중계율 0.21 | alpha 0.858 | complete
Ep 1309 | 드론4 목적지65 |  867스텝 | 배송 65/65 | 재적재 11 | 중계율 0.19 | alpha 0.857 | complete
Ep 1310 | 드론3 목적지20 |  473스텝 | 배송 20/20 | 재적재  3 | 중계율 0.31 | alpha 0.851 | complete
Ep 1311 | 드론4 목적지70 | 1000스텝 | 배송 68/70 | 재적재 11 | 중계율 0.35 | alpha 0.850 | step_limit
Ep 1312 | 드론3 목적지38 |  610스텝 | 배송 38/38 | 재적재  6 | 중계율 0.25 | alpha 0.850 | complete
Ep 1313 | 드론3 목적지39 |  733스텝 | 배송 39/39 | 재적재  7 | 중계율 0.19 | alpha 0.846 | complete
Ep 1314 | 드론3 목적지59 | 1000스텝 | 배송 57/59 | 재적재 10 | 중계율 0.21 | alpha 0.849 | step_limit
Ep 1315 | 드론4 목적지65 |  874스텝 | 배송 65/65 | 재적재 12 | 중계율 0.29 | alpha 0.857 | complete
Ep 1316 | 드론4 목적지67 |  816스텝 | 배송 67/67 | 재적재 12 | 중계율 0.21 | alpha 0.860 | complete
Ep 1317 | 드론3 목적지73 | 1000스텝 | 배송 67/73 | 재적재 12 | 중계율 0.27 | alpha 0.877 | step_limit
Ep 1318 | 드론3 목적지24 |  477스텝 | 배송 24/24 | 재적재  4 | 중계율 0.25 | alpha 0.882 | complete
Ep 1319 | 드론3 목적지31 |  763스텝 | 배송 23/31 | 재적재  3 | 중계율 0.22 | alpha 0.883 | no_progress
Ep 1320 | 드론4 목적지47 |  728스텝 | 배송 47/47 | 재적재  7 | 중계율 0.21 | alpha 0.874 | complete
Ep 1321 | 드론3 목적지75 | 1000스텝 | 배송 67/75 | 재적재 13 | 중계율 0.20 | alpha 0.877 | step_limit
Ep 1322 | 드론3 목적지49 |  802스텝 | 배송 49/49 | 재적재  7 | 중계율 0.22 | alpha 0.877 | complete
Ep 1323 | 드론4 목적지75 | 1000스텝 | 배송 73/75 | 재적재 13 | 중계율 0.25 | alpha 0.881 | step_limit
Ep 1324 | 드론3 목적지46 |  930스텝 | 배송 46/46 | 재적재  8 | 중계율 0.29 | alpha 0.873 | complete
Ep 1325 | 드론3 목적지59 | 1000스텝 | 배송 55/59 | 재적재 10 | 중계율 0.27 | alpha 0.866 | step_limit
Ep 1326 | 드론3 목적지44 |  861스텝 | 배송 44/44 | 재적재  7 | 중계율 0.27 | alpha 0.870 | complete
Ep 1327 | 드론4 목적지32 |  412스텝 | 배송 32/32 | 재적재  4 | 중계율 0.14 | alpha 0.876 | complete
Ep 1328 | 드론4 목적지45 | 1000스텝 | 배송 44/45 | 재적재  7 | 중계율 0.31 | alpha 0.883 | step_limit
Ep 1329 | 드론3 목적지41 |  890스텝 | 배송 41/41 | 재적재  7 | 중계율 0.30 | alpha 0.882 | complete
Ep 1330 | 드론4 목적지65 | 1000스텝 | 배송 59/65 | 재적재  9 | 중계율 0.35 | alpha 0.877 | step_limit
Ep 1331 | 드론4 목적지74 | 1000스텝 | 배송 74/74 | 재적재 12 | 중계율 0.34 | alpha 0.867 | complete
Ep 1332 | 드론3 목적지35 |  599스텝 | 배송 35/35 | 재적재  6 | 중계율 0.22 | alpha 0.868 | complete
Ep 1333 | 드론3 목적지77 | 1000스텝 | 배송 56/77 | 재적재  9 | 중계율 0.25 | alpha 0.862 | step_limit
Ep 1334 | 드론3 목적지64 | 1000스텝 | 배송 59/64 | 재적재 10 | 중계율 0.29 | alpha 0.858 | step_limit
Ep 1335 | 드론4 목적지58 | 1000스텝 | 배송 57/58 | 재적재 10 | 중계율 0.29 | alpha 0.857 | step_limit
Ep 1336 | 드론3 목적지56 | 1000스텝 | 배송 53/56 | 재적재 10 | 중계율 0.29 | alpha 0.860 | step_limit
Ep 1337 | 드론4 목적지58 | 1000스텝 | 배송 49/58 | 재적재  8 | 중계율 0.33 | alpha 0.866 | step_limit
Ep 1338 | 드론4 목적지52 |  604스텝 | 배송 52/52 | 재적재  8 | 중계율 0.22 | alpha 0.872 | complete
Ep 1339 | 드론3 목적지66 |  996스텝 | 배송 66/66 | 재적재 12 | 중계율 0.22 | alpha 0.877 | complete
Ep 1340 | 드론4 목적지72 |  840스텝 | 배송 72/72 | 재적재 13 | 중계율 0.17 | alpha 0.884 | complete
Ep 1341 | 드론4 목적지37 |  745스텝 | 배송 37/37 | 재적재  5 | 중계율 0.32 | alpha 0.881 | complete
Ep 1342 | 드론4 목적지72 |  736스텝 | 배송 72/72 | 재적재 13 | 중계율 0.14 | alpha 0.892 | complete
Ep 1343 | 드론3 목적지73 | 1000스텝 | 배송 59/73 | 재적재 10 | 중계율 0.24 | alpha 0.909 | step_limit
Ep 1344 | 드론4 목적지34 |  775스텝 | 배송 34/34 | 재적재  6 | 중계율 0.34 | alpha 0.923 | complete
Ep 1345 | 드론4 목적지41 |  462스텝 | 배송 41/41 | 재적재  6 | 중계율 0.16 | alpha 0.917 | complete
Ep 1346 | 드론4 목적지33 |  451스텝 | 배송 33/33 | 재적재  4 | 중계율 0.21 | alpha 0.911 | complete
Ep 1347 | 드론3 목적지42 |  767스텝 | 배송 42/42 | 재적재  7 | 중계율 0.18 | alpha 0.905 | complete
Ep 1348 | 드론3 목적지65 | 1000스텝 | 배송 63/65 | 재적재 12 | 중계율 0.19 | alpha 0.901 | step_limit
Ep 1349 | 드론3 목적지21 |  379스텝 | 배송 21/21 | 재적재  3 | 중계율 0.22 | alpha 0.900 | complete
Ep 1350 | 드론4 목적지56 |  717스텝 | 배송 56/56 | 재적재 10 | 중계율 0.20 | alpha 0.905 | complete
  [홀드아웃] 배송 50.0±0.1 완주 0.99 스텝 938 점수 126.2 재적재 8.0 2홉+ 0.61 | 최고 128.5@ep900 정체 9/15
Ep 1351 | 드론4 목적지56 |  575스텝 | 배송 56/56 | 재적재 10 | 중계율 0.13 | alpha 0.901 | complete
Ep 1352 | 드론4 목적지20 |  386스텝 | 배송 20/20 | 재적재  3 | 중계율 0.24 | alpha 0.900 | complete
Ep 1353 | 드론3 목적지25 |  439스텝 | 배송 25/25 | 재적재  4 | 중계율 0.21 | alpha 0.898 | complete
Ep 1354 | 드론3 목적지58 |  874스텝 | 배송 58/58 | 재적재 10 | 중계율 0.20 | alpha 0.894 | complete
Ep 1355 | 드론4 목적지79 | 1000스텝 | 배송 76/79 | 재적재 14 | 중계율 0.23 | alpha 0.891 | step_limit
Ep 1356 | 드론4 목적지38 |  784스텝 | 배송 38/38 | 재적재  7 | 중계율 0.31 | alpha 0.887 | complete
Ep 1357 | 드론4 목적지63 |  933스텝 | 배송 63/63 | 재적재 11 | 중계율 0.29 | alpha 0.874 | complete
Ep 1358 | 드론4 목적지28 |  884스텝 | 배송 28/28 | 재적재  5 | 중계율 0.40 | alpha 0.866 | complete
Ep 1359 | 드론4 목적지39 |  449스텝 | 배송 39/39 | 재적재  5 | 중계율 0.16 | alpha 0.864 | complete
Ep 1360 | 드론4 목적지43 |  596스텝 | 배송 43/43 | 재적재  7 | 중계율 0.23 | alpha 0.862 | complete
Ep 1361 | 드론3 목적지44 |  855스텝 | 배송 44/44 | 재적재  8 | 중계율 0.27 | alpha 0.856 | complete
Ep 1362 | 드론3 목적지35 |  624스텝 | 배송 35/35 | 재적재  4 | 중계율 0.27 | alpha 0.864 | complete
Ep 1363 | 드론4 목적지40 |  537스텝 | 배송 40/40 | 재적재  5 | 중계율 0.28 | alpha 0.860 | complete
Ep 1364 | 드론4 목적지38 |  760스텝 | 배송 38/38 | 재적재  7 | 중계율 0.32 | alpha 0.859 | complete
Ep 1365 | 드론4 목적지73 |  900스텝 | 배송 73/73 | 재적재 14 | 중계율 0.25 | alpha 0.862 | complete
Ep 1366 | 드론3 목적지38 |  819스텝 | 배송 38/38 | 재적재  6 | 중계율 0.33 | alpha 0.873 | complete
Ep 1367 | 드론3 목적지73 | 1000스텝 | 배송 67/73 | 재적재 12 | 중계율 0.28 | alpha 0.878 | step_limit
Ep 1368 | 드론4 목적지30 |  387스텝 | 배송 30/30 | 재적재  4 | 중계율 0.20 | alpha 0.876 | complete
Ep 1369 | 드론3 목적지47 |  792스텝 | 배송 47/47 | 재적재  8 | 중계율 0.25 | alpha 0.870 | complete
Ep 1370 | 드론4 목적지24 |  394스텝 | 배송 24/24 | 재적재  4 | 중계율 0.22 | alpha 0.869 | complete
Ep 1371 | 드론3 목적지27 |  549스텝 | 배송 27/27 | 재적재  4 | 중계율 0.17 | alpha 0.868 | complete
Ep 1372 | 드론4 목적지58 | 1000스텝 | 배송 55/58 | 재적재  9 | 중계율 0.33 | alpha 0.867 | step_limit
Ep 1373 | 드론4 목적지62 | 1000스텝 | 배송 61/62 | 재적재 11 | 중계율 0.32 | alpha 0.855 | step_limit
Ep 1374 | 드론3 목적지38 |  770스텝 | 배송 38/38 | 재적재  6 | 중계율 0.25 | alpha 0.851 | complete
Ep 1375 | 드론3 목적지21 |  401스텝 | 배송 21/21 | 재적재  2 | 중계율 0.25 | alpha 0.851 | complete
Ep 1376 | 드론4 목적지61 |  916스텝 | 배송 61/61 | 재적재 11 | 중계율 0.35 | alpha 0.857 | complete
Ep 1377 | 드론4 목적지41 |  720스텝 | 배송 41/41 | 재적재  7 | 중계율 0.30 | alpha 0.862 | complete
Ep 1378 | 드론4 목적지55 |  763스텝 | 배송 55/55 | 재적재  8 | 중계율 0.26 | alpha 0.863 | complete
Ep 1379 | 드론4 목적지27 |  465스텝 | 배송 27/27 | 재적재  4 | 중계율 0.22 | alpha 0.867 | complete
Ep 1380 | 드론4 목적지22 |  526스텝 | 배송 22/22 | 재적재  2 | 중계율 0.32 | alpha 0.869 | complete
Ep 1381 | 드론4 목적지42 |  681스텝 | 배송 42/42 | 재적재  8 | 중계율 0.28 | alpha 0.876 | complete
Ep 1382 | 드론3 목적지57 |  852스텝 | 배송 57/57 | 재적재 10 | 중계율 0.24 | alpha 0.889 | complete
Ep 1383 | 드론4 목적지22 |  351스텝 | 배송 22/22 | 재적재  3 | 중계율 0.31 | alpha 0.888 | complete
Ep 1384 | 드론4 목적지66 |  765스텝 | 배송 66/66 | 재적재 11 | 중계율 0.18 | alpha 0.894 | complete
Ep 1385 | 드론3 목적지70 | 1000스텝 | 배송 67/70 | 재적재 12 | 중계율 0.26 | alpha 0.891 | step_limit
Ep 1386 | 드론4 목적지25 |  392스텝 | 배송 25/25 | 재적재  2 | 중계율 0.21 | alpha 0.890 | complete
Ep 1387 | 드론3 목적지74 | 1000스텝 | 배송 61/74 | 재적재 10 | 중계율 0.21 | alpha 0.886 | step_limit
Ep 1388 | 드론4 목적지21 |  304스텝 | 배송 21/21 | 재적재  2 | 중계율 0.30 | alpha 0.886 | complete
Ep 1389 | 드론4 목적지63 |  818스텝 | 배송 63/63 | 재적재 10 | 중계율 0.23 | alpha 0.892 | complete
Ep 1390 | 드론4 목적지26 |  452스텝 | 배송 26/26 | 재적재  4 | 중계율 0.34 | alpha 0.891 | complete
Ep 1391 | 드론3 목적지78 | 1000스텝 | 배송 75/78 | 재적재 14 | 중계율 0.21 | alpha 0.887 | step_limit
Ep 1392 | 드론3 목적지49 |  834스텝 | 배송 49/49 | 재적재  8 | 중계율 0.28 | alpha 0.896 | complete
Ep 1393 | 드론4 목적지68 | 1000스텝 | 배송 48/68 | 재적재  7 | 중계율 0.31 | alpha 0.894 | step_limit
Ep 1394 | 드론4 목적지22 |  439스텝 | 배송 22/22 | 재적재  2 | 중계율 0.29 | alpha 0.903 | complete
Ep 1395 | 드론3 목적지61 | 1000스텝 | 배송 59/61 | 재적재 11 | 중계율 0.21 | alpha 0.911 | step_limit
Ep 1396 | 드론4 목적지43 |  683스텝 | 배송 43/43 | 재적재  6 | 중계율 0.28 | alpha 0.911 | complete
Ep 1397 | 드론4 목적지71 | 1000스텝 | 배송 67/71 | 재적재 13 | 중계율 0.24 | alpha 0.916 | step_limit
Ep 1398 | 드론3 목적지47 | 1000스텝 | 배송 45/47 | 재적재  8 | 중계율 0.24 | alpha 0.909 | step_limit
Ep 1399 | 드론4 목적지40 |  537스텝 | 배송 40/40 | 재적재  6 | 중계율 0.20 | alpha 0.906 | complete
Ep 1400 | 드론4 목적지23 |  763스텝 | 배송 23/23 | 재적재  3 | 중계율 0.37 | alpha 0.900 | complete
  [홀드아웃] 배송 50.0±0.2 완주 0.99 스텝 905 점수 126.7 재적재 8.3 2홉+ 0.60 | 최고 128.5@ep900 정체 10/15
Ep 1401 | 드론4 목적지27 |  484스텝 | 배송 27/27 | 재적재  4 | 중계율 0.30 | alpha 0.901 | complete
Ep 1402 | 드론4 목적지78 | 1000스텝 | 배송 75/78 | 재적재 14 | 중계율 0.21 | alpha 0.882 | step_limit
Ep 1403 | 드론4 목적지51 |  976스텝 | 배송 51/51 | 재적재  8 | 중계율 0.27 | alpha 0.875 | complete
Ep 1404 | 드론3 목적지29 |  741스텝 | 배송 29/29 | 재적재  4 | 중계율 0.23 | alpha 0.868 | complete
Ep 1405 | 드론4 목적지28 |  613스텝 | 배송 28/28 | 재적재  2 | 중계율 0.40 | alpha 0.868 | complete
Ep 1406 | 드론3 목적지57 | 1000스텝 | 배송 55/57 | 재적재 10 | 중계율 0.27 | alpha 0.876 | step_limit
Ep 1407 | 드론4 목적지34 |  543스텝 | 배송 34/34 | 재적재  4 | 중계율 0.24 | alpha 0.879 | complete
Ep 1408 | 드론3 목적지68 |  993스텝 | 배송 68/68 | 재적재 12 | 중계율 0.20 | alpha 0.860 | complete
Ep 1409 | 드론4 목적지23 |  318스텝 | 배송 23/23 | 재적재  4 | 중계율 0.20 | alpha 0.858 | complete
Ep 1410 | 드론4 목적지62 | 1000스텝 | 배송 56/62 | 재적재 10 | 중계율 0.32 | alpha 0.846 | step_limit
Ep 1411 | 드론3 목적지48 |  974스텝 | 배송 48/48 | 재적재  8 | 중계율 0.28 | alpha 0.834 | complete
Ep 1412 | 드론4 목적지20 |  275스텝 | 배송 20/20 | 재적재  3 | 중계율 0.12 | alpha 0.837 | complete
Ep 1413 | 드론3 목적지60 | 1000스텝 | 배송 53/60 | 재적재  9 | 중계율 0.31 | alpha 0.825 | step_limit
Ep 1414 | 드론4 목적지53 |  633스텝 | 배송 53/53 | 재적재  8 | 중계율 0.21 | alpha 0.823 | complete
Ep 1415 | 드론3 목적지56 | 1000스텝 | 배송 50/56 | 재적재  9 | 중계율 0.30 | alpha 0.809 | step_limit
Ep 1416 | 드론3 목적지40 |  703스텝 | 배송 40/40 | 재적재  7 | 중계율 0.27 | alpha 0.809 | complete
Ep 1417 | 드론4 목적지48 |  573스텝 | 배송 48/48 | 재적재  9 | 중계율 0.21 | alpha 0.801 | complete
Ep 1418 | 드론3 목적지54 |  814스텝 | 배송 54/54 | 재적재  9 | 중계율 0.24 | alpha 0.799 | complete
Ep 1419 | 드론3 목적지45 | 1000스텝 | 배송 40/45 | 재적재  6 | 중계율 0.30 | alpha 0.800 | step_limit
Ep 1420 | 드론3 목적지56 |  934스텝 | 배송 56/56 | 재적재 10 | 중계율 0.26 | alpha 0.802 | complete
Ep 1421 | 드론3 목적지28 |  442스텝 | 배송 28/28 | 재적재  3 | 중계율 0.15 | alpha 0.800 | complete
Ep 1422 | 드론4 목적지56 |  903스텝 | 배송 56/56 | 재적재  9 | 중계율 0.31 | alpha 0.794 | complete
Ep 1423 | 드론3 목적지42 |  778스텝 | 배송 42/42 | 재적재  7 | 중계율 0.22 | alpha 0.793 | complete
Ep 1424 | 드론4 목적지22 |  389스텝 | 배송 22/22 | 재적재  2 | 중계율 0.22 | alpha 0.789 | complete
Ep 1425 | 드론3 목적지29 |  567스텝 | 배송 29/29 | 재적재  5 | 중계율 0.24 | alpha 0.788 | complete
Ep 1426 | 드론3 목적지41 |  808스텝 | 배송 41/41 | 재적재  7 | 중계율 0.28 | alpha 0.780 | complete
Ep 1427 | 드론3 목적지20 |  339스텝 | 배송 20/20 | 재적재  3 | 중계율 0.12 | alpha 0.782 | complete
Ep 1428 | 드론4 목적지77 | 1000스텝 | 배송 71/77 | 재적재 12 | 중계율 0.27 | alpha 0.775 | step_limit
Ep 1429 | 드론3 목적지27 |  650스텝 | 배송 27/27 | 재적재  4 | 중계율 0.31 | alpha 0.768 | complete
Ep 1430 | 드론4 목적지79 |  930스텝 | 배송 79/79 | 재적재 15 | 중계율 0.22 | alpha 0.753 | complete
Ep 1431 | 드론3 목적지49 |  878스텝 | 배송 49/49 | 재적재  8 | 중계율 0.26 | alpha 0.750 | complete
Ep 1432 | 드론4 목적지57 | 1000스텝 | 배송 56/57 | 재적재  9 | 중계율 0.28 | alpha 0.751 | step_limit
Ep 1433 | 드론3 목적지68 | 1000스텝 | 배송 64/68 | 재적재 11 | 중계율 0.24 | alpha 0.752 | step_limit
Ep 1434 | 드론4 목적지45 |  749스텝 | 배송 45/45 | 재적재  8 | 중계율 0.24 | alpha 0.761 | complete
Ep 1435 | 드론3 목적지73 | 1000스텝 | 배송 61/73 | 재적재 10 | 중계율 0.29 | alpha 0.765 | step_limit
Ep 1436 | 드론4 목적지30 |  410스텝 | 배송 30/30 | 재적재  5 | 중계율 0.21 | alpha 0.771 | complete
Ep 1437 | 드론4 목적지64 | 1000스텝 | 배송 62/64 | 재적재 10 | 중계율 0.20 | alpha 0.788 | step_limit
Ep 1438 | 드론3 목적지36 |  811스텝 | 배송 36/36 | 재적재  6 | 중계율 0.38 | alpha 0.792 | complete
Ep 1439 | 드론3 목적지50 |  961스텝 | 배송 40/50 | 재적재  7 | 중계율 0.22 | alpha 0.799 | no_progress
Ep 1440 | 드론4 목적지33 |  689스텝 | 배송 33/33 | 재적재  4 | 중계율 0.32 | alpha 0.804 | complete
Ep 1441 | 드론4 목적지72 | 1000스텝 | 배송 64/72 | 재적재 10 | 중계율 0.31 | alpha 0.814 | step_limit
Ep 1442 | 드론3 목적지54 |  920스텝 | 배송 54/54 | 재적재 10 | 중계율 0.24 | alpha 0.827 | complete
Ep 1443 | 드론4 목적지38 |  509스텝 | 배송 38/38 | 재적재  6 | 중계율 0.17 | alpha 0.830 | complete
Ep 1444 | 드론3 목적지56 | 1000스텝 | 배송 50/56 | 재적재  8 | 중계율 0.31 | alpha 0.838 | step_limit
Ep 1445 | 드론4 목적지70 |  801스텝 | 배송 70/70 | 재적재 12 | 중계율 0.16 | alpha 0.835 | complete
Ep 1446 | 드론4 목적지62 |  762스텝 | 배송 62/62 | 재적재 11 | 중계율 0.22 | alpha 0.837 | complete
Ep 1447 | 드론4 목적지41 |  574스텝 | 배송 41/41 | 재적재  7 | 중계율 0.21 | alpha 0.838 | complete
Ep 1448 | 드론4 목적지39 |  617스텝 | 배송 39/39 | 재적재  6 | 중계율 0.29 | alpha 0.834 | complete
Ep 1449 | 드론3 목적지27 |  671스텝 | 배송 27/27 | 재적재  4 | 중계율 0.26 | alpha 0.832 | complete
Ep 1450 | 드론3 목적지77 | 1000스텝 | 배송 57/77 | 재적재 11 | 중계율 0.22 | alpha 0.840 | step_limit
  [홀드아웃] 배송 50.0±0.1 완주 0.99 스텝 951 점수 126.1 재적재 8.3 2홉+ 0.61 | 최고 128.5@ep900 정체 11/15
Ep 1451 | 드론3 목적지40 | 1000스텝 | 배송 39/40 | 재적재  7 | 중계율 0.26 | alpha 0.842 | step_limit
Ep 1452 | 드론4 목적지30 |  527스텝 | 배송 30/30 | 재적재  3 | 중계율 0.37 | alpha 0.840 | complete
Ep 1453 | 드론4 목적지49 |  879스텝 | 배송 49/49 | 재적재  7 | 중계율 0.33 | alpha 0.845 | complete
Ep 1454 | 드론4 목적지33 |  504스텝 | 배송 33/33 | 재적재  5 | 중계율 0.27 | alpha 0.845 | complete
Ep 1455 | 드론4 목적지25 |  382스텝 | 배송 25/25 | 재적재  4 | 중계율 0.19 | alpha 0.842 | complete
Ep 1456 | 드론4 목적지50 | 1000스텝 | 배송 43/50 | 재적재  7 | 중계율 0.31 | alpha 0.849 | step_limit
Ep 1457 | 드론4 목적지29 |  349스텝 | 배송 29/29 | 재적재  4 | 중계율 0.18 | alpha 0.853 | complete
Ep 1458 | 드론4 목적지38 |  424스텝 | 배송 38/38 | 재적재  6 | 중계율 0.16 | alpha 0.848 | complete
Ep 1459 | 드론4 목적지32 |  337스텝 | 배송 32/32 | 재적재  4 | 중계율 0.17 | alpha 0.847 | complete
Ep 1460 | 드론4 목적지80 | 1000스텝 | 배송 78/80 | 재적재 14 | 중계율 0.23 | alpha 0.842 | step_limit
Ep 1461 | 드론4 목적지27 |  303스텝 | 배송 27/27 | 재적재  4 | 중계율 0.09 | alpha 0.839 | complete
Ep 1462 | 드론4 목적지36 |  934스텝 | 배송 36/36 | 재적재  7 | 중계율 0.28 | alpha 0.836 | complete
Ep 1463 | 드론4 목적지60 |  775스텝 | 배송 60/60 | 재적재 11 | 중계율 0.22 | alpha 0.826 | complete
Ep 1464 | 드론4 목적지58 |  674스텝 | 배송 58/58 | 재적재  9 | 중계율 0.16 | alpha 0.813 | complete
Ep 1465 | 드론4 목적지37 |  794스텝 | 배송 37/37 | 재적재  7 | 중계율 0.33 | alpha 0.794 | complete
Ep 1466 | 드론4 목적지47 |  635스텝 | 배송 47/47 | 재적재  8 | 중계율 0.20 | alpha 0.786 | complete
Ep 1467 | 드론4 목적지71 |  875스텝 | 배송 71/71 | 재적재 13 | 중계율 0.17 | alpha 0.779 | complete
Ep 1468 | 드론3 목적지45 |  992스텝 | 배송 45/45 | 재적재  8 | 중계율 0.30 | alpha 0.784 | complete
Ep 1469 | 드론3 목적지41 |  697스텝 | 배송 41/41 | 재적재  6 | 중계율 0.21 | alpha 0.779 | complete
Ep 1470 | 드론3 목적지56 | 1000스텝 | 배송 52/56 | 재적재 10 | 중계율 0.31 | alpha 0.777 | step_limit
Ep 1471 | 드론3 목적지22 |  561스텝 | 배송 22/22 | 재적재  3 | 중계율 0.19 | alpha 0.777 | complete
Ep 1472 | 드론4 목적지80 |  925스텝 | 배송 80/80 | 재적재 13 | 중계율 0.21 | alpha 0.781 | complete
Ep 1473 | 드론3 목적지28 |  488스텝 | 배송 28/28 | 재적재  4 | 중계율 0.24 | alpha 0.775 | complete
Ep 1474 | 드론3 목적지61 | 1000스텝 | 배송 57/61 | 재적재 11 | 중계율 0.29 | alpha 0.773 | step_limit
Ep 1475 | 드론3 목적지45 |  851스텝 | 배송 45/45 | 재적재  8 | 중계율 0.21 | alpha 0.773 | complete
Ep 1476 | 드론3 목적지31 |  581스텝 | 배송 31/31 | 재적재  5 | 중계율 0.24 | alpha 0.772 | complete
Ep 1477 | 드론4 목적지26 |  545스텝 | 배송 26/26 | 재적재  4 | 중계율 0.32 | alpha 0.776 | complete
Ep 1478 | 드론4 목적지23 |  488스텝 | 배송 23/23 | 재적재  4 | 중계율 0.30 | alpha 0.790 | complete
Ep 1479 | 드론4 목적지70 | 1000스텝 | 배송 49/70 | 재적재  9 | 중계율 0.32 | alpha 0.785 | step_limit
Ep 1480 | 드론4 목적지41 |  588스텝 | 배송 41/41 | 재적재  7 | 중계율 0.25 | alpha 0.786 | complete
Ep 1481 | 드론4 목적지28 |  293스텝 | 배송 28/28 | 재적재  4 | 중계율 0.14 | alpha 0.783 | complete
Ep 1482 | 드론4 목적지47 |  526스텝 | 배송 47/47 | 재적재  8 | 중계율 0.12 | alpha 0.784 | complete
Ep 1483 | 드론4 목적지26 |  407스텝 | 배송 26/26 | 재적재  3 | 중계율 0.31 | alpha 0.785 | complete
Ep 1484 | 드론4 목적지39 |  625스텝 | 배송 39/39 | 재적재  6 | 중계율 0.28 | alpha 0.789 | complete
Ep 1485 | 드론4 목적지75 |  814스텝 | 배송 75/75 | 재적재 13 | 중계율 0.14 | alpha 0.790 | complete
Ep 1486 | 드론4 목적지80 |  846스텝 | 배송 80/80 | 재적재 13 | 중계율 0.21 | alpha 0.793 | complete
Ep 1487 | 드론4 목적지54 |  967스텝 | 배송 54/54 | 재적재 10 | 중계율 0.34 | alpha 0.786 | complete
Ep 1488 | 드론4 목적지72 | 1000스텝 | 배송 62/72 | 재적재 11 | 중계율 0.28 | alpha 0.777 | step_limit
Ep 1489 | 드론3 목적지64 | 1000스텝 | 배송 55/64 | 재적재 10 | 중계율 0.28 | alpha 0.779 | step_limit
Ep 1490 | 드론3 목적지49 |  786스텝 | 배송 49/49 | 재적재  8 | 중계율 0.19 | alpha 0.774 | complete
Ep 1491 | 드론3 목적지68 | 1000스텝 | 배송 58/68 | 재적재 11 | 중계율 0.27 | alpha 0.774 | step_limit
Ep 1492 | 드론4 목적지75 |  969스텝 | 배송 75/75 | 재적재 14 | 중계율 0.19 | alpha 0.785 | complete
Ep 1493 | 드론3 목적지28 |  553스텝 | 배송 28/28 | 재적재  4 | 중계율 0.27 | alpha 0.793 | complete
Ep 1494 | 드론4 목적지60 |  804스텝 | 배송 60/60 | 재적재 10 | 중계율 0.22 | alpha 0.792 | complete
Ep 1495 | 드론4 목적지56 |  669스텝 | 배송 56/56 | 재적재 10 | 중계율 0.16 | alpha 0.797 | complete
Ep 1496 | 드론4 목적지62 |  971스텝 | 배송 62/62 | 재적재 11 | 중계율 0.24 | alpha 0.806 | complete
Ep 1497 | 드론3 목적지76 | 1000스텝 | 배송 65/76 | 재적재 12 | 중계율 0.25 | alpha 0.809 | step_limit
Ep 1498 | 드론3 목적지55 |  820스텝 | 배송 55/55 | 재적재  9 | 중계율 0.18 | alpha 0.815 | complete
Ep 1499 | 드론3 목적지28 |  579스텝 | 배송 28/28 | 재적재  4 | 중계율 0.22 | alpha 0.816 | complete
Ep 1500 | 드론4 목적지24 |  412스텝 | 배송 24/24 | 재적재  3 | 중계율 0.24 | alpha 0.813 | complete
  [홀드아웃] 배송 50.0±0.0 완주 1.00 스텝 951 점수 127.3 재적재 8.2 2홉+ 0.61 | 최고 128.5@ep900 정체 12/15
Training finished. best=128.5 @ ep900
