episode,n_drones,n_dests,steps,team_reward,delivered,makespan,reloads,hop2plus,max_reach,stall_ratio,max_stall_run,term_reason,relay_frac,wall_sec
1,4,57,1000,624.344,53,,9,0.4002,797.4,0.1812,13,step_limit,0.1429,3.9
2,3,50,1000,369.57,39,,5,0.5123,757.4,0.3063,49,step_limit,0.1884,7.3
3,4,72,1000,593.189,53,,10,0.4395,647.4,0.216,13,step_limit,0.15,12.5
4,3,46,1000,395.124,38,,6,0.3693,586.8,0.2644,39,step_limit,0.1434,18.9
5,3,58,1000,590.476,50,,9,0.523,801.3,0.233,84,step_limit,0.3243,82.3
6,3,61,1000,753.526,60,,10,0.5003,762.1,0.1671,38,step_limit,0.3519,154.8
7,3,30,945,281.48,30,945,5,0.5386,773.9,0.5413,362,complete,0.3831,218.4
8,3,69,1000,778.63,61,,11,0.4993,772.2,0.3043,73,step_limit,0.2715,288.1
9,3,66,1000,498.809,47,,8,0.4563,628.7,0.5597,238,step_limit,0.19,357.1
10,3,26,673,303.214,26,673,4,0.4601,730.1,0.2654,95,complete,0.3235,401.0
11,4,32,418,383.555,32,418,5,0.3589,685.6,0.1682,14,complete,0.25,431.2
12,3,35,783,426.941,35,783,6,0.4402,708.2,0.4086,210,complete,0.2333,484.7
13,3,23,424,262.397,23,424,3,0.4112,669.7,0.2882,42,complete,0.2733,514.5
14,3,61,1000,689.082,55,,10,0.4537,768.5,0.2231,67,step_limit,0.291,581.9
15,4,78,891,1032.75,78,891,14,0.4299,762.9,0.1646,28,complete,0.25,647.4
16,4,46,742,560.868,46,742,8,0.5243,879.3,0.2278,29,complete,0.2793,697.6
17,4,74,1000,918.578,72,,13,0.3795,772.5,0.3279,18,step_limit,0.219,770.1
18,3,24,667,263.777,24,667,4,0.4883,761.1,0.2869,38,complete,0.3122,814.9
19,4,24,1000,191.417,23,,3,0.493,774.1,0.3657,25,step_limit,0.3659,881.3
20,3,66,1000,868.627,65,,12,0.3397,632.5,0.2288,123,step_limit,0.2026,950.1
21,3,43,630,574.907,43,630,8,0.3704,622.0,0.1622,21,complete,0.2289,992.0
22,3,43,726,533.78,43,726,7,0.2764,483.7,0.2338,33,complete,0.1379,1036.2
23,3,22,536,267.193,22,536,4,0.5261,781.4,0.2554,49,complete,0.3918,1068.9
24,3,35,679,410.57,35,679,5,0.486,769.4,0.2444,46,complete,0.2807,1108.5
25,4,25,664,228.48,25,664,3,0.5934,887.5,0.3141,15,complete,0.3864,1150.1
26,3,79,1000,653.742,54,,10,0.3383,532.8,0.4624,76,step_limit,0.1768,1214.1
27,4,63,1000,621.175,56,,9,0.5543,938.1,0.2124,56,step_limit,0.3496,1282.7
28,3,77,1000,856.052,69,,11,0.476,780.8,0.2659,37,step_limit,0.2308,1352.1
29,3,34,780,326.421,34,780,4,0.4526,770.2,0.283,33,complete,0.3169,1404.6
30,3,25,625,259.738,25,625,3,0.4949,793.5,0.2492,25,complete,0.348,1448.1
31,4,68,924,898.958,68,924,13,0.5035,790.3,0.2344,33,complete,0.278,1514.2
32,3,79,1000,730.867,62,,10,0.474,764.8,0.2892,57,step_limit,0.2764,1583.5
33,3,62,1000,647.587,55,,9,0.4617,775.4,0.1986,29,step_limit,0.3217,1651.4
34,3,33,717,398.054,33,717,5,0.3873,649.5,0.2006,46,complete,0.2035,1700.1
35,3,26,648,287.291,26,648,4,0.4408,682.0,0.2222,24,complete,0.224,1743.5
36,3,57,1000,669.095,55,,9,0.518,789.7,0.1976,31,step_limit,0.3003,1813.0
37,3,29,879,309.499,29,879,5,0.5461,756.0,0.2757,53,complete,0.3775,1870.9
38,4,63,890,800.584,63,890,11,0.5784,863.4,0.204,22,complete,0.3396,1934.4
39,4,44,982,479.838,44,982,7,0.5303,883.3,0.2292,24,complete,0.3471,2003.0
40,4,56,853,663.673,56,853,9,0.4815,852.1,0.3173,19,complete,0.2973,2063.1
41,4,21,379,237.088,21,379,3,0.5752,938.5,0.0636,7,complete,0.4267,2090.3
42,3,24,480,266.187,24,480,3,0.5528,790.1,0.2003,52,complete,0.3636,2123.4
43,3,52,1000,585.948,49,,8,0.4583,789.9,0.3262,41,step_limit,0.2647,2192.9
44,3,72,1000,920.138,68,,13,0.3163,633.6,0.1626,66,step_limit,0.2016,2262.2
45,3,52,1000,638.146,51,,9,0.4797,795.9,0.219,45,step_limit,0.296,2331.4
46,4,72,1000,897.75,68,,13,0.4587,646.5,0.3286,18,step_limit,0.1865,2391.8
47,3,69,1000,812.852,61,,12,0.4503,719.1,0.3029,58,step_limit,0.1978,2453.7
48,3,56,1000,397.359,37,,7,0.3083,572.1,0.5792,138,step_limit,0.1753,2512.7
49,4,78,1000,1042.015,77,,15,0.5345,877.0,0.1539,10,step_limit,0.286,2573.6
50,4,40,1000,172.02,26,,5,0.6445,1007.7,0.4146,67,step_limit,0.4412,2631.8
51,4,51,681,662.572,51,681,9,0.4971,732.4,0.2261,18,complete,0.2424,3215.8
52,3,42,713,526.867,42,713,7,0.4792,725.9,0.1841,43,complete,0.2897,3255.1
53,4,60,907,763.587,60,907,11,0.3864,619.7,0.3085,23,complete,0.2252,3306.0
54,3,49,761,646.343,49,761,9,0.3841,629.0,0.187,34,complete,0.1852,3346.7
55,3,40,1000,473.437,39,,7,0.3733,694.8,0.2684,53,step_limit,0.2442,3403.9
56,4,61,911,785.324,61,911,11,0.5077,835.8,0.185,17,complete,0.2636,3459.4
57,3,53,1000,627.2,50,,9,0.5173,783.9,0.2555,75,step_limit,0.2956,3525.6
58,4,57,921,740.044,57,921,11,0.5554,938.5,0.217,19,complete,0.313,3590.4
59,3,50,1000,627.88,49,,9,0.4417,768.1,0.3069,37,step_limit,0.239,3658.9
60,3,21,573,208.824,21,573,3,0.5393,753.4,0.2369,19,complete,0.3099,3698.0
61,4,26,421,272.037,26,421,3,0.4762,856.4,0.191,10,complete,0.2163,3727.2
62,4,55,1000,609.905,52,,9,0.6,891.1,0.2437,18,step_limit,0.3286,3795.9
63,4,68,1000,803.1,65,,11,0.567,954.1,0.3334,54,step_limit,0.2521,3864.1
64,3,41,1000,365.761,35,,6,0.4647,749.3,0.4445,131,step_limit,0.2536,3934.0
65,4,68,837,848.402,68,837,11,0.3659,652.7,0.1913,11,complete,0.1686,3994.1
66,3,61,1000,775.311,59,,11,0.344,599.9,0.2429,49,step_limit,0.1925,4063.6
67,3,53,1000,442.583,43,,6,0.4977,765.3,0.3757,78,step_limit,0.2739,4132.8
68,3,44,1000,547.598,44,1000,8,0.455,668.5,0.3784,57,complete,0.1928,4200.4
69,3,34,667,390.993,34,667,5,0.4328,728.8,0.2344,62,complete,0.216,4245.7
70,3,31,768,356.734,31,768,5,0.5577,790.8,0.2947,26,complete,0.3049,4298.5
71,4,71,847,942.813,71,847,13,0.3914,591.6,0.2411,13,complete,0.1462,4358.1
72,3,53,1000,640.721,51,,9,0.5347,776.7,0.2027,34,step_limit,0.2562,4426.4
73,3,21,548,219.474,21,548,3,0.5128,756.2,0.2814,59,complete,0.3091,4463.1
74,4,45,726,569.751,45,726,8,0.468,858.6,0.2117,19,complete,0.2005,4513.8
75,4,40,787,456.04,40,787,7,0.4222,795.5,0.2233,18,complete,0.2618,4566.9
76,3,75,1000,734.284,61,,10,0.5217,773.9,0.2064,38,step_limit,0.2373,4636.2
77,4,24,449,279.623,24,449,4,0.5713,919.2,0.1802,10,complete,0.23,4666.3
78,3,64,1000,427.305,40,,7,0.5473,678.0,0.6027,267,step_limit,0.2415,4727.1
79,3,41,1000,365.905,36,,6,0.471,671.2,0.3504,76,step_limit,0.1905,4786.8
80,3,69,1000,787.165,62,,11,0.3823,625.5,0.309,77,step_limit,0.1444,4848.5
81,4,47,936,561.513,47,936,8,0.4728,827.7,0.2759,22,complete,0.2325,4913.2
82,4,69,1000,704.73,62,,10,0.5375,856.0,0.2992,20,step_limit,0.2372,4982.7
83,4,31,928,268.583,31,928,4,0.611,908.5,0.361,23,complete,0.3276,5045.2
84,3,33,833,383.319,33,833,5,0.5162,780.2,0.2871,36,complete,0.2194,5102.1
85,3,38,726,493.386,38,726,7,0.3848,555.8,0.2916,47,complete,0.155,5153.2
86,4,24,536,230.527,24,536,3,0.6609,820.0,0.248,38,complete,0.2456,5190.4
87,3,30,822,294.23,30,822,4,0.4489,735.4,0.291,39,complete,0.1958,5245.6
88,3,38,882,434.903,38,882,6,0.4293,715.8,0.2638,37,complete,0.2103,5304.0
89,3,57,1000,514.395,45,,8,0.5283,756.0,0.4707,63,step_limit,0.202,5372.4
90,4,21,464,229.116,21,464,3,0.6061,987.4,0.2155,10,complete,0.3466,5403.8
91,4,77,1000,657.662,60,,10,0.4818,691.8,0.3957,23,step_limit,0.1969,5471.6
92,3,69,1000,710.857,60,,10,0.4537,712.3,0.2413,63,step_limit,0.2153,5539.3
93,4,60,743,768.26,60,743,10,0.4297,745.5,0.1885,11,complete,0.1574,5591.6
94,4,45,1000,463.6,42,,7,0.4537,756.6,0.3452,36,step_limit,0.1869,5659.5
95,3,71,1000,721.124,57,,11,0.424,640.8,0.3098,31,step_limit,0.178,5731.2
96,3,74,1000,699.254,58,,10,0.432,791.9,0.2139,43,step_limit,0.1682,5798.7
97,4,47,1000,549.634,46,,8,0.5008,798.1,0.2761,19,step_limit,0.2357,5868.6
98,4,50,1000,498.416,46,,8,0.6125,863.1,0.3849,31,step_limit,0.2959,5937.5
99,4,35,770,384.857,35,770,6,0.5516,805.0,0.33,29,complete,0.2716,5987.0
100,3,40,787,500.328,40,787,7,0.4735,727.3,0.2225,41,complete,0.2857,6032.8
101,3,23,494,254.102,23,494,3,0.4312,709.2,0.1675,19,complete,0.2564,6678.5
102,3,21,628,216.589,21,628,3,0.5345,778.6,0.3686,140,complete,0.2874,6712.4
103,4,72,787,968.17,72,787,13,0.4473,725.6,0.1185,12,complete,0.1774,6754.6
104,3,27,887,261.89,27,887,4,0.5381,794.5,0.2912,36,complete,0.2933,6800.6
105,3,63,1000,789.262,60,,11,0.417,738.8,0.2388,45,step_limit,0.1567,6853.1
106,4,58,763,714.018,58,763,9,0.4332,725.1,0.1265,16,complete,0.1743,6894.9
107,4,75,1000,617.248,59,,9,0.6268,867.8,0.3277,29,step_limit,0.2861,6941.6
108,3,55,1000,572.576,49,,8,0.4363,727.7,0.3206,32,step_limit,0.1759,6995.8
109,4,64,1000,671.656,58,,10,0.5585,926.5,0.3107,20,step_limit,0.2417,7049.4
110,3,55,1000,687.618,52,,10,0.534,779.6,0.2917,67,step_limit,0.2336,7114.7
111,4,67,1000,630.478,56,,10,0.5323,917.4,0.2403,36,step_limit,0.2215,7184.3
112,3,46,1000,541.413,44,,8,0.4717,757.8,0.3281,40,step_limit,0.2436,7252.3
113,4,43,810,515.535,43,810,7,0.4466,654.8,0.3031,42,complete,0.201,7312.1
114,3,80,1000,661.984,54,,10,0.4803,749.8,0.4378,179,step_limit,0.1636,7381.3
115,4,78,919,1025.153,78,919,14,0.4347,720.4,0.1731,29,complete,0.1979,7449.4
116,4,72,942,870.337,72,942,11,0.5138,870.0,0.2752,19,complete,0.2786,7517.8
117,3,54,1000,599.822,49,,9,0.4463,716.4,0.3814,42,step_limit,0.2035,7587.6
118,3,63,1000,646.424,54,,9,0.4603,791.0,0.2758,47,step_limit,0.2767,7654.8
119,4,66,1000,812.121,64,,12,0.4965,789.9,0.27,20,step_limit,0.2231,7725.2
120,4,70,1000,889.514,68,,13,0.5647,887.0,0.1971,18,step_limit,0.2535,7796.5
121,4,45,882,502.4,45,882,7,0.6006,800.8,0.2924,28,complete,0.2572,7859.7
122,4,26,1000,186.646,25,,3,0.678,1017.3,0.3587,50,step_limit,0.3844,7928.8
123,4,30,725,254.293,30,725,4,0.6217,830.8,0.3597,54,complete,0.2736,7978.2
124,3,80,1000,775.742,64,,11,0.444,691.6,0.2467,38,step_limit,0.2083,8047.9
125,4,41,879,448.606,41,879,7,0.5395,744.4,0.3924,57,complete,0.2422,8106.8
126,3,50,1000,491.376,42,,8,0.5457,759.8,0.3413,114,step_limit,0.2577,8170.3
127,3,37,807,439.179,37,807,6,0.5167,782.5,0.225,36,complete,0.257,8219.1
128,3,42,1000,507.786,40,,8,0.4793,785.3,0.2868,60,step_limit,0.3105,8278.6
129,4,52,864,614.932,52,864,8,0.4878,847.2,0.2199,16,complete,0.2209,8331.2
130,3,40,810,423.895,40,810,5,0.5588,787.7,0.2382,25,complete,0.284,8387.3
131,3,39,712,496.463,39,712,7,0.3801,630.1,0.1684,37,complete,0.2,8436.9
132,4,63,1000,739.352,60,,11,0.4475,712.4,0.2748,20,step_limit,0.1777,8507.3
133,3,61,907,786.475,61,907,10,0.4528,769.3,0.1481,23,complete,0.247,8569.2
134,4,22,307,258.756,22,307,3,0.4064,693.8,0.0843,5,complete,0.2303,8590.8
135,3,20,548,181.4,20,548,2,0.5322,720.2,0.2718,38,complete,0.26,8628.8
136,4,57,1000,689.958,56,,10,0.5923,837.1,0.2699,18,step_limit,0.3272,8698.3
137,3,24,568,276.472,24,568,4,0.4008,722.2,0.1561,20,complete,0.2604,8738.2
138,4,35,681,407.789,35,681,6,0.3994,595.1,0.206,13,complete,0.1579,8784.4
139,3,29,684,353.097,29,684,5,0.4873,783.4,0.1383,23,complete,0.2367,8830.5
140,3,32,928,341.444,32,928,5,0.5366,780.4,0.2723,56,complete,0.2375,8891.8
141,3,54,986,653.964,54,986,9,0.3533,619.9,0.2218,21,complete,0.1927,8958.9
142,3,42,1000,457.879,40,,6,0.3787,665.0,0.2386,56,step_limit,0.1978,9027.2
143,3,23,895,229.707,23,895,4,0.4875,738.9,0.2828,38,complete,0.3208,9086.4
144,3,61,1000,657.203,55,,9,0.4233,763.5,0.2658,44,step_limit,0.2243,9154.2
145,3,64,1000,680.733,54,,10,0.4323,694.4,0.2489,36,step_limit,0.2213,9224.3
146,3,71,1000,754.823,59,,11,0.4077,589.7,0.269,65,step_limit,0.1765,9293.5
147,3,48,1000,576.856,47,,8,0.3807,704.0,0.232,35,step_limit,0.2173,9358.2
148,4,36,964,350.184,36,964,6,0.6089,1024.0,0.2728,19,complete,0.336,9414.1
149,4,40,651,501.32,40,651,7,0.4063,846.9,0.2184,13,complete,0.2,9448.5
150,3,26,993,252.087,26,993,4,0.4851,754.2,0.3259,51,complete,0.2262,9501.6
151,4,70,1000,851.429,68,,12,0.5302,858.7,0.2423,11,step_limit,0.2131,10192.1
152,4,48,1000,588.817,47,,9,0.5845,816.6,0.3414,75,step_limit,0.2642,10244.8
153,4,57,1000,593.867,51,,9,0.5797,931.4,0.4152,104,step_limit,0.2629,10298.2
154,4,34,570,418.329,34,570,6,0.5171,727.1,0.2613,26,complete,0.2183,10329.3
155,4,80,1000,819.21,68,,12,0.5978,857.3,0.3153,40,step_limit,0.2539,10381.7
156,4,59,852,694.279,59,852,9,0.5663,911.4,0.1688,10,complete,0.2679,10420.7
157,3,42,1000,435.393,37,,7,0.4213,776.0,0.3267,52,step_limit,0.266,10466.4
158,4,76,1000,883.642,70,,12,0.3505,586.3,0.2256,19,step_limit,0.1348,10514.0
159,4,47,861,574.649,47,861,8,0.4649,856.5,0.2398,13,complete,0.2282,10566.6
160,3,62,1000,655.644,52,,10,0.4657,764.7,0.3241,53,step_limit,0.2749,10638.5
161,3,31,962,382.608,31,962,6,0.4258,711.0,0.3043,54,complete,0.2364,10705.0
162,3,26,798,279.537,26,798,4,0.5209,752.8,0.3754,93,complete,0.2736,10758.3
163,4,21,505,153.438,21,505,2,0.6406,1032.5,0.207,10,complete,0.3654,10792.4
164,4,79,1000,730.228,63,,11,0.5823,739.4,0.3686,54,step_limit,0.2097,10860.8
165,4,47,854,536.342,47,854,7,0.3855,789.9,0.2149,23,complete,0.1742,10918.3
166,3,77,1000,854.926,66,,12,0.3563,664.6,0.2307,28,step_limit,0.1488,10992.1
167,4,77,1000,613.262,56,,10,0.584,873.6,0.2948,31,step_limit,0.2586,11061.7
168,4,29,565,311.883,29,565,4,0.5743,801.6,0.2393,12,complete,0.25,11101.1
169,4,59,1000,678.597,55,,10,0.5377,836.3,0.2879,22,step_limit,0.2641,11169.9
170,3,74,1000,685.309,60,,9,0.487,696.0,0.2709,28,step_limit,0.2091,11238.8
171,4,34,611,378.795,34,611,5,0.4906,600.9,0.2646,22,complete,0.1776,11282.6
172,3,43,1000,414.06,38,,7,0.4633,677.7,0.3164,60,step_limit,0.2464,11351.3
173,3,35,1000,358.437,34,,5,0.568,768.6,0.3774,116,step_limit,0.2695,11418.2
174,4,43,793,496.131,43,793,7,0.5073,774.4,0.2369,11,complete,0.2474,11475.1
175,4,30,774,252.76,30,774,3,0.6702,1059.0,0.2206,16,complete,0.4125,11529.5
176,4,29,1000,227.917,28,,4,0.5853,962.8,0.273,22,step_limit,0.362,11596.4
177,3,45,924,568.073,45,924,8,0.5509,787.5,0.2147,30,complete,0.2695,11656.5
178,3,20,589,193.1,20,589,3,0.5569,771.0,0.3379,38,complete,0.3333,11691.7
179,4,66,1000,648.394,60,,9,0.5833,1003.2,0.1952,13,step_limit,0.3103,11754.3
180,4,22,470,225.073,22,470,3,0.4378,666.5,0.232,10,complete,0.185,11783.6
181,4,77,1000,871.382,72,,12,0.605,929.6,0.2445,19,step_limit,0.2447,11851.4
182,3,74,1000,762.072,61,,11,0.435,751.0,0.2059,49,step_limit,0.1977,11922.7
183,4,40,433,498.33,40,433,6,0.4457,638.3,0.0422,9,complete,0.1562,11953.4
184,3,77,1000,871.584,70,,11,0.433,752.7,0.2135,26,step_limit,0.2027,12022.6
185,4,72,1000,779.339,67,,11,0.5625,819.8,0.3043,16,step_limit,0.238,12092.3
186,4,74,1000,825.73,67,,12,0.4175,766.5,0.2364,38,step_limit,0.1543,12162.5
187,3,65,1000,503.4,45,,8,0.3497,630.2,0.4131,140,step_limit,0.1603,12230.7
188,3,80,1000,481.738,50,,7,0.5333,766.1,0.3383,68,step_limit,0.2557,12298.4
189,4,55,944,663.738,55,944,9,0.6176,879.6,0.3114,21,complete,0.281,12367.4
190,3,36,1000,388.325,34,,6,0.525,790.7,0.2784,52,step_limit,0.2857,12437.1
191,3,28,862,294.083,28,862,4,0.5305,785.2,0.4107,158,complete,0.2292,12495.2
192,4,74,1000,976.865,73,,14,0.518,821.9,0.2227,24,step_limit,0.2176,12564.0
193,3,61,1000,501.502,48,,7,0.5217,768.0,0.3031,50,step_limit,0.2692,12628.3
194,4,73,879,989.859,73,879,14,0.4886,767.5,0.1669,16,complete,0.1746,12685.2
195,4,69,1000,753.281,65,,10,0.6,932.1,0.2353,22,step_limit,0.2325,12745.9
196,3,47,761,604.396,47,761,8,0.3776,705.6,0.1363,20,complete,0.1879,12792.1
197,4,27,802,225.505,27,802,4,0.5742,865.5,0.2589,17,complete,0.3014,12839.9
198,3,56,1000,693.254,53,,10,0.3697,618.0,0.3388,48,step_limit,0.1964,12891.5
199,3,57,1000,615.511,50,,9,0.506,784.3,0.276,45,step_limit,0.2758,12944.4
200,4,64,1000,684.875,58,,10,0.5665,974.8,0.3389,79,step_limit,0.2628,12996.9
201,4,38,1000,306.821,33,,6,0.6125,896.5,0.3356,28,step_limit,0.3182,13754.4
202,3,32,989,330.614,32,989,5,0.573,790.6,0.3228,95,complete,0.303,13805.7
203,3,23,464,258.667,23,464,3,0.4483,646.8,0.1034,13,complete,0.1806,13829.3
204,3,38,1000,418.658,36,,6,0.3233,637.2,0.1995,27,step_limit,0.1864,13873.5
205,3,27,716,306.776,27,716,4,0.4078,693.2,0.2148,23,complete,0.2254,13905.3
206,3,58,1000,578.947,50,,8,0.484,794.2,0.2826,46,step_limit,0.2586,13950.5
207,3,52,1000,584.177,49,,8,0.5017,801.4,0.2376,43,step_limit,0.2492,14001.3
208,3,60,1000,609.105,51,,9,0.505,755.4,0.2411,29,step_limit,0.2679,14055.6
209,3,72,1000,712.333,58,,10,0.5507,727.2,0.3338,123,step_limit,0.2553,14121.5
210,4,39,784,473.932,39,784,7,0.4885,708.8,0.2997,55,complete,0.2667,14175.2
211,3,55,1000,648.149,52,,9,0.492,756.6,0.2846,40,step_limit,0.2368,14244.9
212,3,62,1000,702.797,55,,10,0.4663,703.6,0.3429,79,step_limit,0.1754,14318.8
213,4,77,882,1015.078,77,882,14,0.3793,624.6,0.2362,27,complete,0.155,14382.1
214,3,44,967,507.604,44,967,7,0.4302,670.8,0.1843,23,complete,0.2654,14448.6
215,3,49,935,585.923,49,935,8,0.5176,777.9,0.2278,44,complete,0.303,14514.9
216,4,29,968,283.625,29,968,5,0.6467,975.8,0.3483,17,complete,0.3693,14579.4
217,4,36,486,418.838,36,486,5,0.4234,662.3,0.1089,9,complete,0.1791,14614.9
218,4,55,729,719.393,55,729,10,0.4743,707.3,0.1749,14,complete,0.2129,14666.8
219,3,35,1000,402.049,34,,6,0.5257,787.2,0.3636,58,step_limit,0.2815,14733.5
220,4,73,1000,806.614,66,,12,0.5182,831.1,0.2856,29,step_limit,0.2106,14803.5
221,4,25,680,249.296,25,680,4,0.5739,839.6,0.2128,35,complete,0.2971,14849.2
222,3,30,718,343.21,30,718,5,0.5409,787.0,0.3328,35,complete,0.2368,14897.8
223,3,45,1000,460.047,40,,7,0.5413,773.2,0.376,40,step_limit,0.27,14965.8
224,4,76,1000,648.389,60,,10,0.6245,857.0,0.3616,36,step_limit,0.2909,15028.9
225,4,70,1000,801.2,67,,11,0.5215,765.7,0.2448,40,step_limit,0.2165,15091.8
226,4,73,957,952.252,73,957,13,0.4707,709.3,0.2412,22,complete,0.188,15149.2
227,4,56,1000,684.829,55,,10,0.4452,820.8,0.261,13,step_limit,0.1975,15217.7
228,4,24,608,216.78,24,608,3,0.5711,859.7,0.3424,10,complete,0.225,15258.4
229,3,32,1000,258.609,27,,5,0.555,776.6,0.4562,90,step_limit,0.3148,15325.6
230,3,62,1000,731.324,59,,10,0.449,725.8,0.2612,42,step_limit,0.1695,15394.4
231,3,27,600,334.4,27,600,5,0.5094,762.7,0.2466,37,complete,0.235,15434.7
232,4,27,784,185.884,27,784,3,0.6668,965.8,0.3179,19,complete,0.3451,15486.1
233,4,58,1000,680.793,56,,10,0.5777,894.1,0.2623,17,step_limit,0.2655,15555.6
234,3,56,1000,575.671,49,,8,0.4017,628.0,0.2668,31,step_limit,0.1957,15622.9
235,3,49,1000,544.373,46,,8,0.5203,779.4,0.2965,36,step_limit,0.2567,15691.4
236,4,71,1000,778.732,66,,11,0.5185,817.7,0.2934,19,step_limit,0.25,15762.0
237,4,77,842,1061.13,77,842,15,0.4837,665.6,0.2104,22,complete,0.1687,15821.9
238,4,27,637,308.342,27,637,5,0.5165,758.3,0.2613,57,complete,0.2424,15864.6
239,4,37,1000,331.362,35,,6,0.669,856.0,0.3575,35,step_limit,0.3098,15923.1
240,4,70,719,914.423,70,719,12,0.5017,679.1,0.142,11,complete,0.1329,15968.4
241,3,46,1000,505.909,44,,7,0.4937,778.3,0.2758,70,step_limit,0.25,16030.3
242,4,65,1000,788.646,63,,11,0.4245,675.6,0.2055,24,step_limit,0.1552,16092.8
243,4,39,789,424.317,39,789,6,0.5656,900.3,0.2476,28,complete,0.325,16141.9
244,3,51,1000,574.547,46,,9,0.4747,761.0,0.2823,61,step_limit,0.2233,16201.8
245,3,52,1000,484.033,42,,8,0.557,786.8,0.1996,27,step_limit,0.3196,16259.5
246,4,54,793,662.436,54,793,9,0.4701,695.9,0.2029,16,complete,0.195,16301.2
247,4,69,1000,864.186,68,,12,0.5883,974.0,0.2555,12,step_limit,0.2602,16356.0
248,3,77,1000,791.509,63,,11,0.429,759.8,0.349,42,step_limit,0.1942,16407.4
249,4,70,796,939.52,70,796,13,0.4526,736.4,0.1648,18,complete,0.1927,16456.8
250,3,51,1000,533.182,45,,8,0.491,758.0,0.2967,84,step_limit,0.2444,16516.0
251,4,33,897,347.72,33,897,5,0.5833,763.4,0.3595,16,complete,0.2416,17258.9
252,3,25,475,267.67,25,475,3,0.5425,774.8,0.2118,15,complete,0.2242,17284.9
253,4,49,1000,500.376,45,,8,0.6092,910.0,0.3211,47,step_limit,0.3154,17334.5
254,4,26,407,264.166,26,407,3,0.4423,721.7,0.226,16,complete,0.2136,17356.1
255,3,38,799,450.001,38,799,6,0.5161,790.0,0.2906,26,complete,0.2183,17392.7
256,3,27,675,295.561,27,675,4,0.5541,750.2,0.2193,34,complete,0.3088,17423.3
257,3,44,1000,473.539,41,,7,0.51,781.2,0.2052,65,step_limit,0.2941,17474.9
258,4,73,985,923.608,73,985,13,0.55,790.0,0.2231,13,complete,0.241,17533.6
259,4,65,982,802.111,65,982,11,0.5568,823.7,0.233,12,complete,0.2264,17602.1
260,4,49,815,598.714,49,815,9,0.5758,891.4,0.2962,35,complete,0.2424,17662.6
261,4,21,369,190.535,21,369,2,0.5556,815.1,0.2344,8,complete,0.2616,17688.9
262,3,69,1000,817.826,61,,12,0.376,692.6,0.2754,47,step_limit,0.2056,17758.7
263,3,40,821,459.94,40,821,6,0.5384,773.6,0.2256,31,complete,0.272,17813.6
264,4,35,848,395.086,35,848,6,0.6008,817.3,0.2974,16,complete,0.2625,17870.4
265,4,52,594,669.694,52,594,9,0.4061,564.5,0.1244,11,complete,0.1609,17912.0
266,3,33,526,443.056,33,526,6,0.3599,641.8,0.122,15,complete,0.1857,17948.3
267,4,32,495,381.263,32,495,5,0.5439,887.7,0.1454,10,complete,0.2852,17983.9
268,3,39,1000,422.277,36,,7,0.5427,767.1,0.2502,40,step_limit,0.244,18053.4
269,4,71,904,896.308,71,904,12,0.5296,784.0,0.2239,11,complete,0.2051,18117.4
270,3,56,1000,513.139,45,,8,0.528,800.7,0.2837,55,step_limit,0.2647,18185.4
271,4,66,1000,824.376,64,,12,0.5467,874.2,0.2317,19,step_limit,0.2647,18255.9
272,3,33,812,359.24,33,812,5,0.33,601.6,0.2482,62,complete,0.1899,18310.6
273,4,75,1000,774.379,65,,11,0.5697,865.8,0.3478,37,step_limit,0.216,18380.1
274,3,63,1000,674.167,54,,10,0.4207,702.0,0.2786,34,step_limit,0.1682,18449.3
275,3,46,1000,472.043,42,,7,0.5027,758.8,0.3002,38,step_limit,0.2767,18510.3
276,4,62,1000,606.29,55,,9,0.6275,1009.6,0.3262,91,step_limit,0.2672,18570.6
277,4,35,869,388.394,35,869,6,0.6574,839.6,0.3522,35,complete,0.2717,18623.9
278,3,79,1000,909.114,69,,13,0.3947,652.4,0.1953,20,step_limit,0.2027,18692.0
279,3,50,1000,608.704,49,,9,0.4987,772.9,0.2769,19,step_limit,0.2462,18760.6
280,3,71,1000,554.993,47,,9,0.5327,656.7,0.4951,117,step_limit,0.1683,18829.0
281,4,52,869,669.671,52,869,10,0.5322,831.4,0.2242,15,complete,0.283,18892.0
282,3,55,1000,669.567,51,,10,0.4833,747.4,0.2556,101,step_limit,0.2202,18961.3
283,3,44,927,518.185,44,927,7,0.3758,646.2,0.2617,45,complete,0.1531,19025.0
284,4,61,1000,758.675,60,,11,0.5665,802.3,0.2912,57,step_limit,0.2248,19090.4
285,4,61,828,769.372,61,828,11,0.4692,799.3,0.1599,11,complete,0.2235,19141.5
286,4,35,728,409.92,35,728,6,0.4196,711.9,0.2776,47,complete,0.1688,19186.4
287,4,42,673,541.909,42,673,8,0.5572,926.0,0.2328,19,complete,0.2372,19228.7
288,3,26,982,262.802,26,982,4,0.5424,785.0,0.4475,94,complete,0.2583,19286.9
289,4,71,1000,747.538,64,,10,0.5052,787.3,0.3475,67,step_limit,0.1923,19347.8
290,3,34,922,401.996,34,922,6,0.4801,690.8,0.2972,52,complete,0.2184,19401.9
291,4,70,1000,895.731,68,,13,0.567,802.9,0.2968,21,step_limit,0.2179,19465.4
292,4,25,377,304.632,25,377,4,0.5,700.6,0.2097,11,complete,0.2398,19488.8
293,4,78,1000,871.851,68,,13,0.5343,912.7,0.252,57,step_limit,0.2409,19551.4
294,3,63,1000,625.014,55,,8,0.5323,752.1,0.334,107,step_limit,0.2477,19611.3
295,3,40,745,463.308,40,745,6,0.5034,801.9,0.2158,31,complete,0.2579,19654.6
296,3,78,1000,619.958,52,,10,0.4763,689.2,0.287,31,step_limit,0.2092,19707.6
297,3,76,1000,971.624,71,,14,0.396,661.5,0.2266,35,step_limit,0.1478,19761.9
298,4,42,506,502.312,42,506,6,0.4545,752.5,0.1984,12,complete,0.1719,19793.2
299,4,34,946,311.384,34,946,5,0.6601,1065.0,0.3358,33,complete,0.3889,19856.2
300,4,73,1000,774.888,66,,11,0.5613,860.1,0.2777,24,step_limit,0.25,19926.7
301,4,74,855,1009.443,74,855,14,0.455,732.5,0.1768,22,complete,0.1508,20648.3
302,3,56,1000,689.734,53,,10,0.5027,761.1,0.3376,41,step_limit,0.1541,20697.5
303,4,24,614,206.757,24,614,3,0.5342,804.8,0.3186,18,complete,0.2617,20725.1
304,4,67,1000,558.072,51,,9,0.6058,828.9,0.3889,37,step_limit,0.2295,20769.4
305,3,69,1000,645.67,55,,9,0.4617,735.5,0.2891,49,step_limit,0.2,20815.2
306,3,30,691,328.27,30,691,4,0.4655,747.4,0.3163,35,complete,0.2135,20847.6
307,4,46,1000,515.07,44,,8,0.352,643.1,0.2482,21,step_limit,0.1932,20894.6
308,3,45,908,566.173,45,908,8,0.4783,780.4,0.3315,79,complete,0.2313,20941.9
309,4,80,1000,820.835,68,,12,0.5545,786.7,0.2422,19,step_limit,0.244,20998.0
310,3,26,750,283.573,26,750,5,0.3907,768.5,0.2902,46,complete,0.199,21038.6
311,3,52,1000,616.41,49,,9,0.399,761.8,0.2494,50,step_limit,0.1944,21093.7
312,3,42,1000,496.157,41,,7,0.5263,774.8,0.2598,40,step_limit,0.2724,21150.5
313,3,60,1000,624.7,55,,8,0.5037,755.9,0.2441,35,step_limit,0.2625,21205.0
314,3,78,1000,757.881,61,,11,0.4953,724.1,0.2321,30,step_limit,0.2297,21260.9
315,4,51,1000,447.059,44,,7,0.6315,927.2,0.351,19,step_limit,0.2936,21317.0
316,4,58,709,782.185,58,709,11,0.5056,834.5,0.1614,11,complete,0.2015,21358.6
317,4,75,1000,836.725,68,,12,0.5265,841.4,0.2681,18,step_limit,0.2049,21417.6
318,4,56,1000,609.3,53,,9,0.5847,956.6,0.3166,37,step_limit,0.2566,21474.3
319,3,69,1000,417.817,42,,7,0.457,664.3,0.361,75,step_limit,0.2267,21531.4
320,4,45,820,496.16,45,820,7,0.6543,873.7,0.3472,39,complete,0.2778,21577.4
321,4,28,390,297.029,28,390,3,0.5987,913.5,0.1557,10,complete,0.2245,21598.5
322,4,59,990,710.176,59,990,10,0.352,607.3,0.2634,18,complete,0.1709,21652.5
323,3,44,1000,471.593,42,,7,0.521,787.6,0.2649,50,step_limit,0.3194,21706.9
324,3,25,646,251.356,25,646,3,0.4329,573.3,0.2006,33,complete,0.2022,21742.9
325,4,65,926,851.095,65,926,12,0.5113,770.5,0.2577,29,complete,0.22,21795.7
326,3,31,697,356.522,31,697,5,0.4878,768.0,0.2194,35,complete,0.219,21834.5
327,4,67,932,871.46,67,932,12,0.5821,863.9,0.2131,10,complete,0.2328,21887.9
328,3,65,1000,754.415,58,,11,0.419,731.1,0.2678,38,step_limit,0.1722,21945.0
329,4,33,594,374.192,33,594,5,0.5644,849.7,0.2931,11,complete,0.2782,21977.6
330,4,76,1000,810.321,65,,12,0.5142,802.3,0.2319,13,step_limit,0.2168,22028.3
331,3,76,1000,798.27,64,,11,0.4827,752.0,0.2511,35,step_limit,0.2318,22078.2
332,4,75,1000,917.061,72,,13,0.4485,807.3,0.3252,17,step_limit,0.1855,22126.1
333,3,26,436,287.87,26,436,3,0.4633,780.4,0.1634,12,complete,0.1986,22147.9
334,3,63,1000,766.652,61,,10,0.4403,762.4,0.2096,21,step_limit,0.1882,22196.4
335,4,28,784,296.64,28,784,5,0.6062,842.6,0.3308,40,complete,0.3148,22234.1
336,3,54,993,669.943,54,993,9,0.5005,756.3,0.2533,27,complete,0.2183,22283.6
337,3,65,1000,695.863,59,,9,0.522,793.0,0.2454,46,step_limit,0.2679,22331.4
338,3,68,1000,675.946,56,,10,0.4957,736.5,0.2477,63,step_limit,0.2393,22379.9
339,4,47,619,598.968,47,619,8,0.4144,662.3,0.1459,11,complete,0.1773,22410.9
340,3,73,1000,746.733,60,,11,0.491,775.7,0.2431,26,step_limit,0.2222,22459.4
341,3,64,1000,616.281,52,,9,0.5303,766.3,0.166,24,step_limit,0.3172,22505.5
342,3,26,774,281.976,26,774,4,0.4126,707.6,0.24,33,complete,0.201,22543.2
343,4,58,1000,591.552,52,,9,0.5645,816.7,0.2998,28,step_limit,0.2477,22595.2
344,4,23,294,235.092,23,294,2,0.3588,655.3,0.2909,28,complete,0.0855,22612.6
345,4,53,990,671.698,53,990,10,0.5997,1013.4,0.2963,35,complete,0.2362,22668.3
346,3,21,830,191.629,21,830,3,0.5454,703.9,0.3653,80,complete,0.2886,22714.6
347,4,39,830,416.708,39,830,6,0.5614,774.3,0.1994,12,complete,0.2471,22759.4
348,4,46,499,599.031,46,499,8,0.4439,615.2,0.0918,9,complete,0.1824,22789.2
349,4,37,617,413.093,37,617,5,0.5207,869.4,0.2408,21,complete,0.2183,22825.9
350,3,42,924,510.28,42,924,7,0.5209,792.8,0.288,67,complete,0.2518,22879.3
351,4,54,958,690.724,54,958,10,0.5264,924.7,0.2139,27,complete,0.2479,23438.8
352,4,69,1000,773.072,62,,12,0.5272,838.1,0.2958,25,step_limit,0.2256,23480.1
353,3,44,854,520.539,44,854,7,0.436,705.7,0.1553,18,complete,0.2175,23516.7
354,3,49,1000,523.614,44,,8,0.399,753.7,0.2402,49,step_limit,0.1924,23563.4
355,3,28,450,326.682,28,450,4,0.5311,692.0,0.0885,8,complete,0.2037,23585.5
356,3,79,1000,956.746,72,,13,0.4293,691.5,0.2404,35,step_limit,0.1781,23634.0
357,4,71,822,923.092,71,822,12,0.4425,592.8,0.2373,25,complete,0.1282,23674.0
358,3,30,690,348.0,30,690,5,0.5444,767.4,0.1896,31,complete,0.2864,23712.2
359,3,74,1000,883.653,67,,13,0.4297,653.8,0.2207,27,step_limit,0.1953,23769.0
360,4,47,609,559.129,47,609,7,0.5369,862.0,0.1899,12,complete,0.1981,23803.2
361,3,43,1000,427.765,39,,6,0.4817,774.6,0.3196,76,step_limit,0.234,23859.6
362,4,78,1000,930.928,73,,13,0.524,760.7,0.2692,68,step_limit,0.1898,23916.1
363,4,70,935,918.503,70,935,13,0.4548,707.8,0.2521,20,complete,0.1686,23970.4
364,3,64,1000,636.473,51,,10,0.488,762.2,0.2775,48,step_limit,0.1982,24026.5
365,3,63,1000,501.967,46,,8,0.4757,753.7,0.2858,71,step_limit,0.227,24080.5
366,3,44,919,504.537,44,919,7,0.4781,784.0,0.2354,35,complete,0.2509,24132.1
367,4,38,603,455.048,38,603,6,0.5626,922.6,0.2413,9,complete,0.2055,24165.1
368,3,37,836,444.463,37,836,6,0.3752,533.2,0.19,20,complete,0.1865,24211.3
369,3,42,821,525.584,42,821,7,0.4629,674.7,0.2962,39,complete,0.1822,24257.5
370,3,70,1000,769.157,60,,11,0.4853,790.2,0.3257,64,step_limit,0.1972,24313.1
371,3,40,897,491.38,40,897,7,0.4623,747.0,0.1809,18,complete,0.233,24363.0
372,4,29,486,352.201,29,486,5,0.4542,564.7,0.1659,16,complete,0.2056,24390.4
373,3,79,1000,862.353,67,,12,0.4013,714.7,0.183,51,step_limit,0.2087,24446.5
374,3,40,957,453.557,40,957,6,0.5559,766.8,0.3186,35,complete,0.25,24499.3
375,3,28,519,318.344,28,519,4,0.3905,681.7,0.1982,20,complete,0.1786,24528.1
376,3,40,1000,375.545,35,,6,0.5497,790.4,0.3283,119,step_limit,0.279,24581.1
377,3,72,1000,690.858,60,,9,0.517,761.6,0.2555,34,step_limit,0.2759,24629.0
378,4,61,728,803.116,61,728,11,0.4681,856.5,0.1636,19,complete,0.1658,24663.4
379,4,68,1000,743.2,61,,11,0.5777,811.4,0.2472,22,step_limit,0.2623,24711.7
380,3,24,479,260.23,24,479,3,0.5407,744.1,0.1648,25,complete,0.1844,24734.4
381,3,52,1000,530.908,45,,8,0.531,785.0,0.2903,44,step_limit,0.2323,24780.5
382,4,35,439,380.154,35,439,4,0.4903,838.0,0.1616,13,complete,0.1855,24802.2
383,3,47,1000,489.947,44,,7,0.5047,784.3,0.2311,40,step_limit,0.2547,24849.6
384,3,28,521,361.806,28,521,5,0.4235,742.6,0.2045,22,complete,0.2011,24875.8
385,4,70,986,876.194,70,986,12,0.5139,814.2,0.2275,17,complete,0.2365,24925.6
386,4,71,1000,857.617,68,,12,0.469,747.7,0.3467,31,step_limit,0.1653,24976.0
387,3,49,811,622.043,49,811,8,0.3185,640.8,0.0988,16,complete,0.1648,25014.1
388,3,21,582,221.926,21,582,3,0.5538,764.3,0.336,40,complete,0.2614,25042.3
389,4,60,839,745.053,60,839,10,0.4225,601.5,0.2332,25,complete,0.1574,25084.2
390,4,30,419,342.507,30,419,4,0.5662,830.5,0.1549,15,complete,0.2356,25104.6
391,3,51,1000,621.494,48,,9,0.323,589.1,0.3045,58,step_limit,0.1584,25151.0
392,3,39,859,447.315,39,859,6,0.5328,746.3,0.2875,37,complete,0.25,25200.7
393,4,73,1000,903.912,69,,13,0.3342,553.1,0.275,27,step_limit,0.1448,25261.0
394,3,32,984,371.021,32,984,6,0.5498,791.3,0.2667,46,complete,0.3061,25315.9
395,4,70,1000,909.166,69,,13,0.5075,730.7,0.2739,19,step_limit,0.2,25373.9
396,4,28,474,276.369,28,474,3,0.4177,671.5,0.1886,16,complete,0.1875,25400.3
397,3,39,960,429.777,39,960,6,0.5,786.1,0.4002,53,complete,0.2674,25451.5
398,3,40,903,493.022,40,903,7,0.5308,676.8,0.2122,20,complete,0.25,25501.2
399,3,51,875,656.085,51,875,9,0.4876,792.4,0.2275,23,complete,0.1821,25549.8
400,3,79,1000,668.015,56,,10,0.474,685.0,0.2272,34,step_limit,0.2389,25606.8
401,3,63,1000,722.09,56,,11,0.4087,728.3,0.2933,44,step_limit,0.2232,26134.6
402,3,32,708,375.044,32,708,5,0.5005,763.6,0.1731,19,complete,0.1784,26166.5
403,3,76,1000,839.418,65,,12,0.374,713.5,0.251,39,step_limit,0.1923,26213.1
404,4,23,331,259.195,23,331,3,0.5619,714.4,0.0819,8,complete,0.1688,26229.3
405,3,67,1000,575.882,50,,9,0.4987,740.9,0.2852,39,step_limit,0.2722,26278.1
406,3,48,1000,541.55,44,,8,0.471,744.6,0.3344,150,step_limit,0.2244,26327.7
407,3,72,1000,728.833,60,,10,0.4933,788.0,0.2759,34,step_limit,0.2045,26377.4
408,4,79,1000,899.949,72,,13,0.5942,821.7,0.2589,41,step_limit,0.2519,26432.5
409,4,28,512,314.163,28,512,4,0.4028,513.4,0.1489,9,complete,0.1447,26461.2
410,4,46,936,515.012,46,936,7,0.5256,836.1,0.1803,11,complete,0.2476,26512.2
411,4,69,1000,728.626,62,,11,0.574,1023.0,0.1996,15,step_limit,0.2958,26570.0
412,3,47,1000,341.866,36,,5,0.4303,712.1,0.4419,109,step_limit,0.2015,26624.4
413,4,45,749,554.476,45,749,8,0.5073,807.9,0.2505,12,complete,0.2331,26665.3
414,3,76,1000,748.654,60,,11,0.397,696.2,0.2615,53,step_limit,0.2087,26720.1
415,3,79,1000,708.437,60,,10,0.3707,784.0,0.2647,72,step_limit,0.2232,26776.6
416,3,20,537,213.53,20,537,3,0.4705,759.8,0.1872,26,complete,0.2244,26806.9
417,3,45,1000,517.687,41,,8,0.438,748.5,0.3012,61,step_limit,0.2121,26861.7
418,3,75,1000,835.896,67,,11,0.4637,727.6,0.1931,26,step_limit,0.2057,26918.3
419,4,78,1000,894.318,73,,12,0.5585,910.2,0.2252,19,step_limit,0.2252,26975.1
420,4,33,567,374.253,33,567,5,0.5093,866.9,0.1229,12,complete,0.1884,27006.6
421,3,62,1000,485.435,44,,8,0.48,682.1,0.4678,111,step_limit,0.202,27060.1
422,4,51,1000,589.247,49,,9,0.6272,962.4,0.2988,25,step_limit,0.2807,27115.8
423,3,44,890,532.066,44,890,7,0.4865,792.0,0.3461,64,complete,0.2997,27166.5
424,3,33,887,344.708,33,887,5,0.5107,790.2,0.2908,40,complete,0.2817,27212.3
425,3,33,646,398.884,33,646,5,0.3003,506.6,0.1343,24,complete,0.1315,27244.2
426,4,24,407,256.32,24,407,3,0.4877,790.3,0.2896,14,complete,0.201,27265.2
427,3,64,1000,598.181,51,,9,0.4477,693.8,0.2689,47,step_limit,0.2576,27314.4
428,4,53,1000,469.63,46,,7,0.6365,1027.6,0.3856,71,step_limit,0.3024,27363.7
429,3,36,682,442.615,36,682,6,0.4682,725.8,0.1272,20,complete,0.2162,27396.1
430,4,48,1000,462.975,44,,8,0.5927,859.3,0.302,61,step_limit,0.2269,27443.5
431,3,56,1000,511.264,45,,8,0.4737,784.6,0.2746,38,step_limit,0.2255,27491.0
432,3,45,1000,560.407,44,,8,0.4517,736.2,0.1722,25,step_limit,0.2586,27538.4
433,4,25,505,232.952,25,505,3,0.5728,871.6,0.1556,7,complete,0.2546,27563.2
434,3,58,1000,656.26,54,,9,0.4797,709.2,0.2525,40,step_limit,0.2113,27611.9
435,3,72,1000,493.783,46,,8,0.537,764.0,0.4144,59,step_limit,0.2256,27660.6
436,3,71,1000,742.351,61,,10,0.3717,691.6,0.241,56,step_limit,0.1971,27708.7
437,3,53,1000,621.24,50,,9,0.4963,800.7,0.2328,31,step_limit,0.2706,27763.8
438,4,31,1000,293.058,30,,5,0.6218,922.4,0.3578,20,step_limit,0.288,27818.3
439,4,77,954,1013.071,77,954,14,0.5388,844.5,0.2304,14,complete,0.209,27873.2
440,3,73,1000,701.278,58,,10,0.4443,756.3,0.1798,21,step_limit,0.2203,27930.0
441,4,27,321,323.486,27,321,4,0.4338,586.8,0.0854,10,complete,0.1141,27949.4
442,3,20,585,209.15,20,585,3,0.4741,788.0,0.2979,35,complete,0.2284,27981.6
443,4,73,861,952.174,73,861,13,0.4164,647.6,0.1709,18,complete,0.1673,28030.7
444,3,56,994,763.682,56,994,11,0.4054,764.3,0.26,39,complete,0.177,28084.2
445,4,20,505,168.66,20,505,2,0.6421,914.8,0.2238,10,complete,0.2634,28112.6
446,3,26,564,288.876,26,564,4,0.4072,726.1,0.2455,42,complete,0.1552,28145.1
447,3,41,661,529.487,41,661,7,0.3863,656.6,0.2621,27,complete,0.1472,28183.0
448,4,73,864,956.525,73,864,13,0.5162,835.4,0.1788,17,complete,0.1841,28234.5
449,3,56,1000,548.759,48,,8,0.3813,679.9,0.2807,79,step_limit,0.216,28294.2
450,3,35,708,431.78,35,708,6,0.4845,804.6,0.1923,33,complete,0.25,28336.3
451,4,77,720,1050.021,77,720,14,0.3885,618.4,0.1617,9,complete,0.1299,28871.3
452,3,22,531,231.765,22,531,3,0.4758,713.0,0.2049,30,complete,0.2075,28899.7
453,4,47,586,605.564,47,586,8,0.439,768.9,0.1296,9,complete,0.1964,28929.5
454,4,72,1000,883.639,69,,13,0.5645,850.5,0.2588,20,step_limit,0.2381,28977.8
455,4,63,1000,660.584,57,,10,0.6032,965.8,0.3016,17,step_limit,0.25,29030.9
456,3,73,1000,729.893,61,,10,0.4407,703.2,0.3093,40,step_limit,0.209,29079.7
457,4,36,953,384.158,36,953,6,0.6322,911.9,0.3362,46,complete,0.293,29131.1
458,4,78,1000,978.036,74,,14,0.492,734.5,0.3156,37,step_limit,0.1442,29187.4
459,4,45,901,500.369,45,901,7,0.6349,1014.9,0.2887,35,complete,0.2778,29238.8
460,3,70,1000,694.971,57,,10,0.4927,778.5,0.2898,43,step_limit,0.1821,29294.4
461,3,39,748,503.591,39,748,7,0.4848,778.5,0.2895,52,complete,0.1523,29336.7
462,4,62,1000,740.594,61,,11,0.5343,813.0,0.1855,12,step_limit,0.25,29394.0
463,3,67,1000,741.47,57,,11,0.469,765.3,0.2703,19,step_limit,0.1884,29449.6
464,3,33,818,366.796,33,818,5,0.4287,597.7,0.3438,72,complete,0.2088,29496.2
465,4,80,1000,874.515,70,,13,0.6035,860.7,0.3175,37,step_limit,0.2402,29551.5
466,4,42,612,509.587,42,612,7,0.4056,753.0,0.2452,13,complete,0.1707,29587.4
467,3,63,1000,707.576,56,,10,0.4433,776.9,0.2327,26,step_limit,0.1966,29644.7
468,3,78,1000,762.742,62,,11,0.4517,687.0,0.3035,72,step_limit,0.1833,29704.6
469,4,48,742,588.728,48,742,8,0.4144,683.2,0.2607,37,complete,0.1641,29742.8
470,4,70,1000,806.08,65,,12,0.5102,845.0,0.2726,16,step_limit,0.1949,29793.3
471,3,24,614,244.443,24,614,3,0.4777,765.8,0.2875,47,complete,0.2203,29823.4
472,4,62,956,808.754,62,956,12,0.5092,766.2,0.2306,15,complete,0.2004,29870.3
473,3,30,1000,241.24,27,,4,0.5007,781.3,0.3638,47,step_limit,0.177,29915.5
474,3,37,1000,326.149,33,,5,0.5,735.2,0.4727,90,step_limit,0.2299,29962.3
475,3,71,1000,649.628,53,,10,0.4563,730.3,0.3145,64,step_limit,0.1914,30010.1
476,3,29,692,340.733,29,692,5,0.4273,710.8,0.2299,59,complete,0.2192,30042.4
477,3,36,721,404.162,36,721,5,0.4734,793.6,0.2344,44,complete,0.2105,30077.3
478,3,52,1000,579.44,49,,8,0.4767,791.0,0.2957,40,step_limit,0.2254,30123.9
479,4,75,1000,531.264,54,,8,0.4908,799.1,0.3287,40,step_limit,0.2304,30171.2
480,4,64,1000,780.294,62,,11,0.5162,781.6,0.268,32,step_limit,0.1865,30219.5
481,3,70,1000,722.126,60,,10,0.4907,746.4,0.3177,43,step_limit,0.2153,30269.1
482,4,39,859,418.419,39,859,6,0.4886,810.4,0.3086,14,complete,0.236,30315.2
483,4,51,725,592.82,51,725,7,0.6097,850.8,0.2699,25,complete,0.2097,30357.0
484,4,43,600,494.465,43,600,6,0.5792,919.2,0.1718,10,complete,0.2308,30390.2
485,3,36,886,408.82,36,886,6,0.5117,773.5,0.2893,26,complete,0.2296,30439.1
486,3,53,1000,572.983,45,,9,0.368,621.9,0.295,70,step_limit,0.1881,30496.7
487,4,34,449,371.487,34,449,4,0.5301,804.8,0.2125,15,complete,0.2069,30522.0
488,3,73,1000,494.236,48,,8,0.302,760.8,0.4208,91,step_limit,0.2046,30576.7
489,4,52,849,615.594,52,849,9,0.4199,825.1,0.2448,11,complete,0.1618,30627.7
490,4,40,994,415.59,40,994,6,0.5307,841.5,0.3558,25,complete,0.2247,30682.9
491,3,47,815,595.41,47,815,8,0.393,588.6,0.2305,24,complete,0.165,30732.5
492,3,71,1000,761.066,60,,11,0.4743,770.7,0.2029,35,step_limit,0.1989,30791.1
493,3,46,858,575.58,46,858,8,0.4406,767.5,0.2407,36,complete,0.229,30844.5
494,3,47,1000,507.715,42,,8,0.508,777.8,0.3369,54,step_limit,0.2013,30904.6
495,3,45,861,574.23,45,861,8,0.4851,781.2,0.2004,22,complete,0.2,30953.9
496,4,65,839,818.422,65,839,11,0.4553,654.7,0.1972,13,complete,0.1739,31002.7
497,3,35,600,414.954,35,600,5,0.3728,714.3,0.1314,16,complete,0.1714,31035.6
498,4,39,1000,413.282,37,,7,0.6395,952.6,0.341,23,step_limit,0.328,31086.9
499,4,28,430,317.514,28,430,4,0.5663,885.1,0.2092,20,complete,0.2059,31109.6
500,3,49,1000,524.137,45,,8,0.5063,749.7,0.3418,56,step_limit,0.2586,31156.0
501,4,26,671,274.452,26,671,4,0.6114,884.1,0.2858,57,complete,0.2765,31665.4
502,4,69,866,920.085,69,866,13,0.4902,704.9,0.2158,18,complete,0.1667,31711.7
503,4,44,668,521.28,44,668,7,0.4847,849.5,0.1741,15,complete,0.1807,31744.4
504,4,34,839,344.699,34,839,5,0.6347,906.9,0.3034,15,complete,0.3141,31785.2
505,4,77,1000,317.044,43,,6,0.6448,871.2,0.33,25,step_limit,0.2833,31834.0
506,4,55,732,676.065,55,732,9,0.4187,676.1,0.19,14,complete,0.1484,31876.9
507,3,61,1000,743.113,59,,10,0.3563,597.3,0.2161,34,step_limit,0.1667,31934.0
508,3,24,749,276.617,24,749,4,0.3792,726.1,0.184,19,complete,0.2292,31975.0
509,3,48,1000,475.219,43,,7,0.4997,796.3,0.2567,49,step_limit,0.2433,32029.8
510,4,71,1000,606.969,56,,9,0.547,840.2,0.3652,18,step_limit,0.2522,32083.9
511,4,39,1000,379.538,37,,6,0.6058,856.9,0.4182,152,step_limit,0.2526,32138.2
512,4,29,415,337.152,29,415,4,0.3645,627.9,0.2225,14,complete,0.1318,32161.4
513,4,46,804,584.77,46,804,9,0.4748,828.2,0.2169,18,complete,0.243,32207.3
514,3,49,970,617.757,49,970,9,0.5186,766.8,0.2265,28,complete,0.2593,32254.3
515,3,70,1000,774.214,60,,11,0.4723,725.9,0.3428,91,step_limit,0.1861,32303.3
516,4,63,1000,611.397,55,,9,0.6198,948.7,0.2738,29,step_limit,0.2714,32351.9
517,4,44,897,497.511,44,897,7,0.6123,881.8,0.2319,21,complete,0.2475,32397.5
518,3,57,1000,506.205,45,,8,0.56,760.0,0.2949,35,step_limit,0.2794,32445.5
519,4,34,727,367.814,34,727,5,0.597,846.6,0.3154,13,complete,0.1933,32480.7
520,3,68,1000,758.24,58,,11,0.4097,665.7,0.3283,51,step_limit,0.1667,32526.9
521,4,71,1000,532.208,51,,9,0.572,801.4,0.3335,20,step_limit,0.2248,32577.0
522,3,72,1000,855.858,65,,12,0.438,773.8,0.2362,36,step_limit,0.1885,32624.9
523,3,27,480,273.478,27,480,3,0.4778,736.0,0.324,25,complete,0.1509,32647.3
524,3,37,1000,282.749,31,,5,0.5313,775.7,0.3199,34,step_limit,0.2472,32695.0
525,3,79,1000,877.318,66,,13,0.4617,673.6,0.2119,31,step_limit,0.2109,32743.2
526,3,39,1000,413.085,38,,6,0.509,762.5,0.273,27,step_limit,0.2381,32791.9
527,3,42,869,550.259,42,869,8,0.5006,779.0,0.3006,28,complete,0.25,32839.3
528,3,51,1000,562.824,46,,8,0.491,612.6,0.3474,65,step_limit,0.1914,32892.5
529,3,21,450,238.871,21,450,3,0.5163,782.7,0.2091,22,complete,0.1915,32917.2
530,4,34,656,390.619,34,656,5,0.6109,818.5,0.2876,88,complete,0.2714,32953.3
531,4,64,1000,808.5,63,,12,0.5517,853.9,0.2295,17,step_limit,0.2308,33009.6
532,4,78,1000,943.862,76,,13,0.428,573.0,0.2707,37,step_limit,0.1452,33066.7
533,4,68,1000,722.665,59,,11,0.6118,812.9,0.3781,73,step_limit,0.228,33122.3
534,3,25,661,274.858,25,661,4,0.5068,789.1,0.3235,29,complete,0.2667,33158.9
535,3,25,825,259.954,25,825,4,0.4683,728.4,0.2472,59,complete,0.2521,33204.6
536,4,71,994,959.733,71,994,14,0.5083,834.2,0.1871,29,complete,0.2273,33262.2
537,4,31,763,343.003,31,763,5,0.6445,867.4,0.3403,35,complete,0.2746,33305.9
538,4,55,1000,615.295,54,,9,0.5823,962.8,0.3207,52,step_limit,0.2455,33362.1
539,3,46,800,619.45,46,800,9,0.4708,723.4,0.1966,31,complete,0.1979,33405.9
540,4,50,600,658.784,50,600,9,0.3933,613.2,0.0694,8,complete,0.1412,33439.5
541,4,25,446,290.8,25,446,4,0.4933,689.3,0.2057,15,complete,0.1934,33464.1
542,4,65,1000,795.04,64,,11,0.5425,810.8,0.3543,88,step_limit,0.2097,33519.2
543,3,32,655,385.55,32,655,5,0.3761,597.7,0.1844,19,complete,0.1542,33554.5
544,4,60,838,741.18,60,838,10,0.5543,911.2,0.2821,16,complete,0.1875,33602.3
545,3,74,1000,722.572,59,,10,0.492,725.1,0.2383,51,step_limit,0.2191,33654.0
546,3,45,1000,515.267,41,,8,0.521,799.0,0.4026,76,step_limit,0.202,33703.1
547,3,37,1000,339.505,34,,5,0.3037,565.7,0.2537,22,step_limit,0.2268,33750.6
548,3,63,1000,792.067,60,,11,0.4077,709.7,0.2041,41,step_limit,0.1884,33800.6
549,4,55,904,667.753,55,904,9,0.5301,786.4,0.2811,18,complete,0.2018,33846.6
550,4,30,536,319.333,30,536,4,0.6124,923.5,0.2275,14,complete,0.2131,33872.7
551,4,33,527,384.641,33,527,5,0.3458,536.3,0.2854,18,complete,0.1418,34396.6
552,4,71,835,920.887,71,835,12,0.4769,732.6,0.181,12,complete,0.1453,34440.3
553,4,68,1000,802.453,66,,11,0.5433,915.3,0.3126,60,step_limit,0.209,34490.8
554,3,74,1000,781.055,62,,11,0.414,737.9,0.2139,45,step_limit,0.1791,34542.1
555,4,59,1000,494.908,49,,8,0.5785,876.5,0.3439,35,step_limit,0.2905,34591.1
556,4,41,1000,411.005,38,,7,0.6315,946.6,0.3984,80,step_limit,0.3211,34643.7
557,3,71,1000,916.008,67,,13,0.4277,627.2,0.2328,95,step_limit,0.1693,34700.3
558,4,50,789,627.776,50,789,9,0.5013,716.7,0.2798,21,complete,0.1849,34744.6
559,4,57,1000,713.242,56,,10,0.5707,1016.2,0.2688,24,step_limit,0.2354,34791.9
560,4,42,640,484.086,42,640,6,0.3695,616.4,0.2593,14,complete,0.1526,34821.4
561,4,27,648,274.747,27,648,4,0.6192,960.6,0.3211,19,complete,0.3,34854.2
562,4,47,1000,405.532,43,,6,0.6105,973.5,0.3769,101,step_limit,0.2757,34901.3
563,3,78,1000,624.342,53,,10,0.4363,594.4,0.384,65,step_limit,0.1593,34947.8
564,4,30,396,380.92,30,396,5,0.4855,849.2,0.1048,9,complete,0.1745,34968.1
565,4,22,334,246.022,22,334,3,0.4963,705.0,0.0539,4,complete,0.1974,34984.2
566,3,49,771,620.219,49,771,8,0.5244,795.6,0.2808,37,complete,0.1667,35021.1
567,3,78,1000,715.596,60,,10,0.486,753.7,0.2986,34,step_limit,0.1875,35071.7
568,4,67,1000,566.066,54,,9,0.6155,1014.8,0.3311,28,step_limit,0.2778,35118.7
569,4,70,911,884.52,70,911,12,0.4816,807.5,0.1662,14,complete,0.2218,35165.6
570,3,72,1000,711.896,58,,10,0.4253,674.8,0.3028,92,step_limit,0.1625,35213.5
571,4,49,1000,506.963,48,,7,0.6002,833.5,0.3466,60,step_limit,0.1976,35260.8
572,4,75,1000,770.448,62,,12,0.5493,783.3,0.3909,75,step_limit,0.1897,35312.5
573,4,66,814,869.355,66,814,12,0.5676,880.7,0.1824,14,complete,0.2018,35358.6
574,4,44,834,521.676,44,834,7,0.5641,892.7,0.2444,30,complete,0.1995,35405.2
575,4,78,914,1069.948,78,914,15,0.4951,842.3,0.2284,19,complete,0.1562,35456.6
576,3,69,1000,687.774,56,,10,0.5083,742.2,0.3088,44,step_limit,0.2424,35511.8
577,4,24,301,235.86,24,301,2,0.4186,744.8,0.1462,17,complete,0.2024,35528.4
578,4,32,558,357.793,32,558,5,0.5103,679.5,0.2905,37,complete,0.1758,35558.3
579,4,26,610,250.4,26,610,3,0.409,676.4,0.1844,19,complete,0.2,35591.9
580,4,60,1000,718.0,58,,10,0.549,824.6,0.2995,36,step_limit,0.2158,35648.0
581,3,47,1000,434.04,40,,7,0.4677,772.9,0.2716,62,step_limit,0.2626,35705.0
582,3,36,945,394.025,36,945,5,0.4236,736.0,0.3058,42,complete,0.2186,35756.6
583,4,65,1000,842.689,64,,12,0.57,845.3,0.2598,18,step_limit,0.1957,35812.9
584,3,54,928,681.493,54,928,9,0.509,794.4,0.1919,28,complete,0.213,35866.3
585,4,72,1000,793.211,67,,11,0.5847,971.6,0.2328,10,step_limit,0.2708,35921.3
586,4,37,668,372.448,37,668,5,0.5404,822.7,0.2189,21,complete,0.2204,35958.1
587,3,49,1000,574.261,45,,9,0.4887,756.3,0.2719,37,step_limit,0.2386,36016.5
588,3,57,1000,665.0,53,,10,0.4663,681.0,0.2455,33,step_limit,0.2013,36073.0
589,3,50,1000,619.438,49,,9,0.4393,700.7,0.2813,62,step_limit,0.239,36127.5
590,3,47,1000,568.13,45,,8,0.519,792.1,0.3127,44,step_limit,0.1961,36184.0
591,4,64,1000,648.087,57,,10,0.587,916.8,0.231,54,step_limit,0.2564,36238.6
592,4,22,415,236.982,22,415,3,0.5795,850.5,0.146,7,complete,0.2092,36258.6
593,4,51,791,653.654,51,791,10,0.5376,818.1,0.168,11,complete,0.2277,36296.7
594,3,40,663,483.64,40,663,6,0.4671,762.5,0.2022,18,complete,0.2208,36328.4
595,4,26,701,218.575,26,701,3,0.5068,866.8,0.2481,13,complete,0.2346,36361.8
596,4,26,294,332.332,26,294,4,0.3827,691.8,0.0802,5,complete,0.1187,36375.9
597,3,21,588,184.746,21,588,2,0.5085,734.3,0.2892,61,complete,0.2642,36403.1
598,3,23,479,247.156,23,479,3,0.4544,791.2,0.2005,25,complete,0.2,36425.5
599,3,77,1000,664.487,58,,9,0.4503,731.6,0.2258,37,step_limit,0.2165,36474.3
600,4,68,1000,612.282,55,,10,0.6338,1001.9,0.3049,50,step_limit,0.2992,36522.7
601,3,20,518,213.725,20,518,3,0.4807,789.2,0.1605,18,complete,0.2778,37081.7
602,4,72,854,959.146,72,854,13,0.4865,822.0,0.1909,10,complete,0.198,37124.7
603,4,60,846,737.047,60,846,10,0.4415,765.1,0.2089,19,complete,0.1659,37164.8
604,4,68,1000,812.959,66,,11,0.3575,603.6,0.3094,35,step_limit,0.1523,37216.6
605,3,73,1000,611.925,53,,9,0.5087,734.7,0.2928,41,step_limit,0.2547,37265.4
606,4,51,831,633.207,51,831,9,0.5848,931.0,0.2621,33,complete,0.2475,37307.3
607,3,48,1000,514.05,45,,7,0.4947,759.4,0.275,35,step_limit,0.2201,37349.2
608,4,67,953,840.161,67,953,11,0.4045,625.9,0.2111,13,complete,0.1552,37390.4
609,3,51,1000,545.718,47,,8,0.4653,783.7,0.2221,29,step_limit,0.2679,37438.9
610,3,72,1000,914.2,68,,13,0.319,667.2,0.2453,35,step_limit,0.1765,37488.4
611,3,77,1000,717.631,60,,10,0.4837,765.6,0.2694,35,step_limit,0.2051,37538.7
612,3,42,1000,376.029,38,,6,0.4753,798.5,0.2856,51,step_limit,0.2828,37588.3
613,3,40,783,511.105,40,783,7,0.4376,661.3,0.2579,40,complete,0.1481,37625.0
614,3,42,785,520.2,42,785,7,0.4913,763.4,0.2493,24,complete,0.2261,37663.2
615,3,80,1000,948.185,71,,13,0.4013,740.0,0.3006,36,step_limit,0.2026,37711.4
616,4,26,648,271.603,26,648,4,0.6238,807.7,0.3119,24,complete,0.2615,37741.5
617,4,75,1000,841.717,68,,12,0.5537,833.5,0.3282,27,step_limit,0.2244,37789.3
618,3,50,1000,516.602,44,,8,0.5323,757.1,0.3574,60,step_limit,0.2508,37837.1
619,4,71,1000,877.532,68,,13,0.55,722.0,0.2765,42,step_limit,0.2042,37890.9
620,4,55,914,696.145,55,914,10,0.5692,908.3,0.2947,36,complete,0.211,37942.8
621,3,79,1000,755.944,61,,11,0.463,662.8,0.3537,63,step_limit,0.2165,37998.2
622,4,56,997,678.02,56,997,10,0.6291,990.2,0.3028,19,complete,0.2812,38055.2
623,3,33,924,337.953,33,924,5,0.4852,699.5,0.3642,77,complete,0.2169,38105.5
624,3,72,1000,636.438,53,,10,0.45,748.1,0.3772,70,step_limit,0.2094,38160.0
625,4,47,729,545.002,47,729,7,0.5672,985.7,0.2116,11,complete,0.2806,38205.7
626,3,52,900,694.069,52,900,10,0.4433,701.9,0.2186,36,complete,0.1909,38257.4
627,4,66,1000,686.624,60,,10,0.5453,926.9,0.2417,28,step_limit,0.2585,38315.1
628,3,42,812,513.533,42,812,7,0.4347,689.2,0.1482,20,complete,0.1993,38360.0
629,3,31,1000,256.381,26,,5,0.4813,788.0,0.3751,113,step_limit,0.2538,38414.7
630,3,65,1000,662.226,56,,9,0.492,790.0,0.2359,25,step_limit,0.1884,38469.9
631,3,20,687,199.34,20,687,3,0.395,704.3,0.1638,22,complete,0.193,38506.9
632,3,38,1000,397.45,37,,6,0.526,799.7,0.2704,31,step_limit,0.2791,38560.4
633,4,67,865,897.513,67,865,13,0.402,693.9,0.2864,22,complete,0.1604,38611.5
634,4,47,507,611.737,47,507,8,0.4393,693.6,0.1467,16,complete,0.1389,38641.4
635,4,30,454,331.88,30,454,4,0.3893,551.0,0.2066,23,complete,0.0909,38666.1
636,3,29,548,359.939,29,548,5,0.5158,763.3,0.1865,23,complete,0.2111,38697.3
637,3,71,1000,652.214,56,,9,0.465,758.5,0.2347,49,step_limit,0.1821,38752.4
638,4,73,991,940.009,73,991,13,0.4463,741.9,0.3185,81,complete,0.182,38808.5
639,4,79,1000,712.147,61,,11,0.613,1065.2,0.2928,37,step_limit,0.2748,38860.0
640,3,22,574,221.339,22,574,3,0.5587,767.4,0.3623,68,complete,0.2628,38886.8
641,4,77,1000,812.878,69,,11,0.5317,850.6,0.3068,19,step_limit,0.2207,38935.3
642,4,26,453,265.542,26,453,3,0.5326,739.7,0.2577,19,complete,0.2037,38957.8
643,4,30,531,355.507,30,531,5,0.4077,667.0,0.2044,12,complete,0.1692,38986.4
644,3,77,1000,938.07,71,,13,0.3823,691.9,0.1861,21,step_limit,0.1391,39034.7
645,3,34,606,397.146,34,606,5,0.4263,583.8,0.2032,18,complete,0.2009,39064.5
646,4,34,985,281.612,34,985,5,0.4459,633.0,0.3401,22,complete,0.2397,39110.5
647,3,37,798,443.414,37,798,6,0.4883,758.5,0.2904,70,complete,0.2321,39147.4
648,3,55,913,723.757,55,913,10,0.3768,695.7,0.1747,22,complete,0.1756,39193.4
649,3,20,582,189.035,20,582,3,0.5389,758.7,0.2835,54,complete,0.3046,39219.7
650,4,37,512,427.844,37,512,5,0.4736,745.8,0.0845,4,complete,0.1567,39245.0
651,3,77,1000,746.19,60,,11,0.451,765.9,0.2641,63,step_limit,0.1681,39837.5
652,4,57,806,695.648,57,806,9,0.5791,859.1,0.194,15,complete,0.2121,39880.4
653,4,38,621,465.823,38,621,7,0.4513,757.5,0.2203,18,complete,0.1775,39911.1
654,4,45,548,532.853,45,548,6,0.4658,774.4,0.1372,10,complete,0.1479,39939.1
655,3,40,778,503.215,40,778,7,0.47,794.5,0.2276,30,complete,0.2341,39979.4
656,4,31,714,337.763,31,714,5,0.5238,750.1,0.2136,21,complete,0.2436,40008.1
657,4,26,675,231.062,26,675,3,0.6181,996.5,0.2244,31,complete,0.2917,40038.0
658,3,39,772,472.671,39,772,6,0.4672,786.5,0.2843,44,complete,0.1992,40069.3
659,3,51,1000,564.653,48,,8,0.4767,788.7,0.2858,57,step_limit,0.2059,40110.9
660,3,51,1000,588.012,50,,8,0.527,780.8,0.2581,45,step_limit,0.3143,40150.6
661,3,38,1000,388.303,36,,6,0.4817,775.2,0.3234,74,step_limit,0.2564,40197.1
662,4,43,765,511.019,43,765,7,0.449,801.1,0.3274,23,complete,0.1925,40232.1
663,4,57,782,690.313,57,782,9,0.578,845.3,0.2375,22,complete,0.25,40269.9
664,3,27,689,292.341,27,689,4,0.5568,776.2,0.369,43,complete,0.2292,40302.5
665,4,59,824,739.908,59,824,10,0.4305,689.4,0.251,20,complete,0.1535,40345.5
666,3,72,1000,874.746,67,,12,0.439,716.0,0.1521,18,step_limit,0.1488,40395.1
667,4,45,593,536.316,45,593,7,0.5202,771.1,0.2307,14,complete,0.1916,40425.3
668,3,65,1000,630.997,54,,9,0.4443,752.2,0.2794,33,step_limit,0.2271,40478.9
669,3,66,1000,816.386,64,,11,0.3903,602.8,0.1965,42,step_limit,0.1823,40533.7
670,4,77,1000,894.488,71,,13,0.5767,893.5,0.244,21,step_limit,0.2093,40592.2
671,4,58,1000,667.641,56,,10,0.5887,948.6,0.2554,39,step_limit,0.2286,40648.7
672,3,43,678,540.439,43,678,7,0.4036,609.9,0.2018,19,complete,0.1583,40684.9
673,4,68,1000,781.618,64,,11,0.5737,823.7,0.2814,21,step_limit,0.2229,40740.1
674,3,52,897,665.763,52,897,9,0.4731,793.7,0.2675,30,complete,0.2296,40790.4
675,3,42,1000,367.514,36,,6,0.5223,774.9,0.2595,40,step_limit,0.2755,40845.1
676,3,45,820,577.893,45,820,8,0.3411,676.7,0.2257,45,complete,0.1412,40890.7
677,3,41,743,510.593,41,743,7,0.4738,720.7,0.2387,36,complete,0.2008,40932.3
678,4,79,1000,787.99,67,,12,0.5228,827.8,0.2469,40,step_limit,0.2332,40989.4
679,3,24,787,247.977,24,787,4,0.5676,786.1,0.3427,47,complete,0.216,41032.3
680,3,52,1000,578.898,49,,8,0.512,791.5,0.3148,66,step_limit,0.2415,41087.9
681,4,77,1000,963.299,75,,13,0.5493,963.2,0.29,18,step_limit,0.2278,41143.9
682,3,49,1000,445.755,41,,7,0.2997,563.7,0.3419,96,step_limit,0.1521,41198.5
683,4,63,1000,591.987,54,,9,0.5917,901.0,0.3907,30,step_limit,0.2161,41254.2
684,3,37,790,468.278,37,790,7,0.5532,776.3,0.2597,32,complete,0.2811,41298.8
685,4,56,929,684.84,56,929,10,0.5425,856.6,0.2989,30,complete,0.25,41351.6
686,3,28,655,309.486,28,655,4,0.4514,697.5,0.2189,20,complete,0.2464,41386.2
687,4,77,731,1046.516,77,731,14,0.4097,697.6,0.1087,11,complete,0.1261,41435.2
688,3,45,1000,400.967,39,,6,0.4953,763.7,0.3096,42,step_limit,0.2361,41490.3
689,4,70,1000,864.206,69,,12,0.5942,874.4,0.3151,28,step_limit,0.2137,41542.2
690,4,62,1000,758.548,61,,11,0.5847,880.4,0.3175,23,step_limit,0.2298,41590.1
691,3,31,825,318.927,31,825,4,0.4444,776.1,0.2648,37,complete,0.1905,41630.5
692,4,61,936,771.911,61,936,11,0.5625,908.5,0.1989,10,complete,0.2009,41678.2
693,4,60,1000,602.48,53,,9,0.6025,874.9,0.3194,19,step_limit,0.2477,41730.1
694,3,33,757,408.417,33,757,6,0.5214,799.0,0.2312,65,complete,0.24,41765.0
695,3,29,772,342.657,29,772,5,0.5699,791.1,0.2888,35,complete,0.2267,41801.3
696,4,28,500,315.6,28,500,4,0.529,849.7,0.2695,46,complete,0.1767,41824.9
697,4,35,749,413.389,35,749,6,0.5734,824.0,0.1795,23,complete,0.2104,41860.2
698,3,32,733,363.466,32,733,5,0.5593,781.8,0.3079,38,complete,0.2968,41893.9
699,3,62,1000,742.966,56,,11,0.4093,653.5,0.2582,38,step_limit,0.1961,41942.9
700,3,61,1000,715.928,57,,10,0.491,735.6,0.26,55,step_limit,0.1739,41993.2
701,4,72,888,948.708,72,888,13,0.5115,802.1,0.2475,17,complete,0.1673,42573.8
702,4,34,966,343.278,34,966,6,0.6144,1053.5,0.3206,40,complete,0.2781,42613.0
703,4,32,536,326.46,32,536,4,0.5821,920.1,0.2804,16,complete,0.2103,42634.3
704,4,74,824,947.31,74,824,12,0.541,930.5,0.2013,14,complete,0.1804,42668.6
705,3,38,1000,458.65,37,,7,0.4607,760.0,0.2656,94,step_limit,0.221,42711.0
706,4,30,391,309.893,30,391,3,0.438,696.2,0.1923,19,complete,0.1927,42726.8
707,4,31,558,323.396,31,558,4,0.5565,847.2,0.2086,10,complete,0.2331,42749.7
708,3,63,1000,684.738,55,,10,0.3927,781.2,0.2354,51,step_limit,0.1976,42794.6
709,3,20,489,195.335,20,489,2,0.5433,782.2,0.254,39,complete,0.2609,42818.1
710,4,78,1000,1012.61,77,,14,0.4572,687.8,0.2929,34,step_limit,0.1617,42867.9
711,4,58,1000,611.503,54,,9,0.6258,978.7,0.3057,23,step_limit,0.2977,42914.5
712,3,75,1000,614.484,53,,9,0.4253,762.5,0.3522,45,step_limit,0.1712,42960.7
713,3,69,1000,844.513,64,,12,0.2633,561.7,0.3077,50,step_limit,0.1204,43016.1
714,3,36,858,416.927,36,858,6,0.5272,786.6,0.3355,66,complete,0.2178,43065.6
715,3,65,1000,716.869,58,,10,0.476,780.8,0.3072,41,step_limit,0.1901,43121.7
716,4,36,574,394.173,36,574,5,0.4399,721.8,0.2414,24,complete,0.1367,43153.1
717,4,56,1000,633.929,55,,9,0.6432,1019.6,0.3221,30,step_limit,0.2456,43208.5
718,3,69,1000,795.8,60,,12,0.4453,685.5,0.201,28,step_limit,0.1901,43263.3
719,3,21,802,160.954,21,802,2,0.4156,620.1,0.3142,99,complete,0.1875,43309.9
720,4,45,786,561.893,45,786,8,0.5038,838.8,0.242,25,complete,0.2048,43355.5
721,3,30,687,351.93,30,687,5,0.411,613.3,0.332,58,complete,0.2048,43393.5
722,4,47,729,535.836,47,729,7,0.4043,738.2,0.3053,25,complete,0.1737,43436.9
723,3,51,1000,566.188,47,,8,0.4563,709.0,0.3811,109,step_limit,0.1923,43491.4
724,4,57,1000,598.589,55,,8,0.5945,859.7,0.2576,50,step_limit,0.2842,43549.7
725,4,29,608,290.411,29,608,4,0.6205,1002.0,0.3114,37,complete,0.25,43585.4
726,4,69,1000,729.658,63,,10,0.542,834.2,0.2961,34,step_limit,0.2152,43642.6
727,4,36,1000,343.189,35,,6,0.601,973.6,0.3494,45,step_limit,0.3207,43698.1
728,3,74,1000,701.357,56,,11,0.4853,799.0,0.269,38,step_limit,0.1909,43753.6
729,4,64,1000,720.412,61,,10,0.525,919.3,0.2566,21,step_limit,0.2397,43811.6
730,3,70,1000,908.191,67,,13,0.4237,768.1,0.1956,34,step_limit,0.1679,43867.1
731,3,48,851,639.614,48,851,9,0.4536,728.4,0.2974,42,complete,0.1886,43915.2
732,4,37,835,350.827,37,835,5,0.6473,1018.4,0.2429,15,complete,0.3466,43960.1
733,4,67,962,849.616,67,962,12,0.4592,738.1,0.2315,16,complete,0.1768,44016.4
734,4,54,1000,493.807,50,,7,0.6252,981.2,0.2589,21,step_limit,0.3005,44071.0
735,4,57,1000,681.832,55,,10,0.6095,1014.2,0.4013,32,step_limit,0.2455,44127.1
736,4,39,675,451.862,39,675,6,0.4893,737.9,0.3048,15,complete,0.1728,44163.4
737,3,29,648,346.026,29,648,5,0.4439,767.9,0.2205,33,complete,0.2126,44194.1
738,4,68,872,834.191,68,872,11,0.4126,716.4,0.2559,34,complete,0.1667,44236.2
739,3,20,747,181.265,20,747,3,0.602,785.3,0.3138,56,complete,0.2487,44270.6
740,3,69,1000,556.491,49,,9,0.5097,764.0,0.2366,43,step_limit,0.2783,44318.5
741,4,41,622,490.135,41,622,7,0.5936,847.2,0.2349,15,complete,0.236,44351.3
742,3,78,1000,796.662,61,,12,0.4707,774.4,0.2459,58,step_limit,0.1864,44401.4
743,3,39,846,483.235,39,846,7,0.5477,750.3,0.361,44,complete,0.2529,44445.3
744,3,57,1000,651.147,54,,9,0.4587,792.7,0.2266,28,step_limit,0.236,44493.4
745,3,76,1000,837.403,66,,12,0.4047,610.6,0.2675,43,step_limit,0.1839,44539.5
746,3,69,1000,768.983,60,,11,0.472,800.8,0.3045,48,step_limit,0.1821,44587.5
747,3,33,986,358.665,33,986,5,0.5379,773.3,0.3132,61,complete,0.2612,44633.0
748,3,30,532,375.36,30,532,5,0.448,795.7,0.2261,23,complete,0.1913,44658.5
749,4,32,680,345.225,32,680,5,0.6085,882.6,0.3111,53,complete,0.2308,44692.6
750,4,61,921,751.973,61,921,10,0.5537,837.3,0.3923,44,complete,0.1615,44744.5
751,4,34,727,398.367,34,727,6,0.5719,862.7,0.1905,23,complete,0.2798,45270.4
752,4,69,1000,775.71,65,,11,0.5803,1054.8,0.3039,30,step_limit,0.2148,45313.7
753,3,80,1000,815.036,66,,11,0.4533,777.4,0.2632,31,step_limit,0.1625,45355.7
754,3,29,620,353.052,29,620,5,0.3339,579.3,0.1203,12,complete,0.1988,45380.6
755,3,43,878,541.248,43,878,8,0.3933,642.6,0.2209,39,complete,0.1798,45420.3
756,4,30,505,324.027,30,505,4,0.4955,859.0,0.1486,13,complete,0.225,45448.3
757,4,37,695,446.351,37,695,7,0.5532,798.8,0.2354,19,complete,0.2382,45489.3
758,3,51,1000,639.065,50,,9,0.4613,772.0,0.2754,37,step_limit,0.1947,45545.9
759,4,23,380,251.304,23,380,3,0.5072,811.8,0.0961,5,complete,0.2035,45566.4
760,4,60,1000,683.767,57,,10,0.629,896.6,0.3104,20,step_limit,0.2196,45622.3
761,3,77,1000,701.826,56,,11,0.4827,769.4,0.2228,30,step_limit,0.2104,45677.7
762,4,26,570,276.538,26,570,4,0.5623,924.3,0.246,23,complete,0.2675,45709.7
763,4,70,1000,848.423,68,,12,0.4377,705.6,0.3162,38,step_limit,0.1411,45768.5
764,4,32,851,311.685,32,851,5,0.6345,997.3,0.3332,38,complete,0.3179,45816.2
765,4,23,619,202.666,23,619,3,0.6341,828.4,0.2178,16,complete,0.2881,45850.7
766,4,51,774,650.969,51,774,9,0.5207,879.5,0.204,19,complete,0.1869,45894.1
767,3,49,840,636.914,49,840,9,0.4571,754.4,0.1797,35,complete,0.1738,45941.1
768,3,72,1000,708.45,59,,10,0.438,767.4,0.2697,37,step_limit,0.1855,45996.9
769,4,22,361,212.433,22,361,2,0.5651,672.9,0.1507,12,complete,0.2616,46017.0
770,4,53,660,675.547,53,660,9,0.3909,590.9,0.1661,10,complete,0.1129,46055.1
771,4,38,806,414.244,38,806,6,0.581,883.7,0.3019,38,complete,0.233,46099.7
772,3,36,780,426.183,36,780,6,0.4863,773.8,0.1824,22,complete,0.1728,46143.2
773,4,21,401,198.036,21,401,2,0.6284,948.6,0.2176,30,complete,0.2784,46165.6
774,4,46,786,544.221,46,786,8,0.5439,863.5,0.24,21,complete,0.2062,46209.2
775,4,41,587,472.491,41,587,6,0.5877,866.3,0.1808,10,complete,0.2432,46241.9
776,4,48,764,579.373,48,764,8,0.5039,933.0,0.2408,24,complete,0.1742,46285.8
777,3,20,519,221.24,20,519,3,0.5427,781.8,0.3104,59,complete,0.2041,46312.8
778,4,57,1000,510.688,49,,8,0.6068,928.8,0.339,32,step_limit,0.26,46368.2
779,4,79,1000,700.638,64,,10,0.5575,886.6,0.2528,18,step_limit,0.2314,46423.5
780,3,68,1000,656.512,53,,10,0.413,702.3,0.3027,39,step_limit,0.1824,46477.7
781,4,50,669,622.432,50,669,8,0.5179,814.5,0.2464,15,complete,0.2031,46517.2
782,4,45,969,491.916,45,969,7,0.6406,1035.0,0.3348,33,complete,0.2973,46571.0
783,3,28,570,320.061,28,570,4,0.5368,783.3,0.2926,51,complete,0.2424,46598.8
784,4,58,1000,618.103,54,,9,0.561,836.3,0.3688,99,step_limit,0.2292,46649.8
785,3,49,910,633.884,49,910,9,0.4795,796.3,0.2121,32,complete,0.2079,46693.6
786,3,53,1000,648.779,52,,9,0.4947,804.7,0.2391,22,step_limit,0.2162,46741.1
787,3,47,1000,500.732,45,,7,0.525,788.9,0.2725,45,step_limit,0.2418,46792.1
788,4,75,1000,830.629,68,,12,0.539,829.1,0.2363,27,step_limit,0.2016,46844.9
789,3,79,1000,929.208,70,,13,0.4067,659.5,0.2234,37,step_limit,0.1759,46898.1
790,3,65,1000,786.654,61,,11,0.4863,761.1,0.2445,26,step_limit,0.1725,46946.4
791,3,21,427,233.019,21,427,3,0.4411,700.0,0.224,30,complete,0.1957,46965.9
792,3,50,1000,599.314,49,,8,0.4277,662.8,0.3508,97,step_limit,0.1797,47013.3
793,4,27,436,234.441,27,436,2,0.5505,768.6,0.2715,19,complete,0.2194,47035.1
794,3,74,1000,629.031,51,,10,0.444,747.7,0.4862,132,step_limit,0.1526,47082.1
795,3,58,1000,678.759,53,,10,0.35,755.6,0.2122,40,step_limit,0.1774,47137.0
796,3,23,517,240.825,23,517,3,0.5493,785.6,0.3051,27,complete,0.239,47165.8
797,4,34,576,379.325,34,576,5,0.3385,629.9,0.2585,10,complete,0.153,47197.4
798,3,60,1000,747.885,57,,11,0.419,664.9,0.2459,54,step_limit,0.1845,47252.9
799,3,33,981,357.715,33,981,5,0.5467,720.5,0.297,59,complete,0.2296,47307.5
800,4,50,631,657.104,50,631,9,0.4901,788.9,0.2218,35,complete,0.1777,47343.7
801,4,57,1000,687.116,56,,10,0.6008,946.5,0.3055,24,step_limit,0.2137,47857.9
802,3,68,1000,655.824,56,,9,0.43,620.8,0.3776,91,step_limit,0.1681,47897.7
803,3,80,1000,860.525,65,,13,0.3797,666.8,0.1892,57,step_limit,0.1573,47937.6
804,4,65,1000,797.477,62,,12,0.5733,792.1,0.3599,138,step_limit,0.2302,47984.8
805,4,78,1000,927.256,73,,13,0.572,825.4,0.287,67,step_limit,0.2299,48036.1
806,4,73,980,983.868,73,980,14,0.4344,780.0,0.2814,50,complete,0.1704,48086.1
807,4,69,989,875.101,69,989,12,0.4866,841.1,0.269,23,complete,0.15,48141.8
808,3,26,569,266.295,26,569,3,0.5278,777.4,0.2996,46,complete,0.2202,48172.8
809,3,70,1000,751.833,59,,11,0.398,675.1,0.299,33,step_limit,0.1667,48230.2
810,3,68,1000,800.224,63,,11,0.4183,704.2,0.2581,51,step_limit,0.2116,48288.2
811,3,58,1000,678.036,54,,9,0.4343,612.4,0.4335,251,step_limit,0.1859,48342.6
812,3,33,711,370.388,33,711,5,0.5218,676.9,0.2425,38,complete,0.2178,48382.8
813,3,41,1000,463.002,39,,7,0.5033,743.1,0.3287,53,step_limit,0.2257,48436.8
814,3,24,508,258.76,24,508,3,0.5072,784.3,0.2644,35,complete,0.2756,48465.1
815,3,38,1000,337.387,34,,5,0.4217,697.5,0.3575,64,step_limit,0.2159,48520.3
816,3,25,583,252.79,25,583,3,0.5083,736.4,0.2686,36,complete,0.2373,48552.5
817,3,53,852,713.829,53,852,10,0.4081,590.7,0.1798,54,complete,0.1467,48600.3
818,4,28,465,301.243,28,465,4,0.5855,771.7,0.2279,10,complete,0.2149,48626.8
819,4,23,516,259.447,23,516,4,0.5528,913.1,0.254,14,complete,0.2315,48656.1
820,3,74,1000,605.495,53,,9,0.484,707.2,0.2854,57,step_limit,0.2115,48712.6
821,3,79,1000,794.672,62,,12,0.435,681.4,0.3126,41,step_limit,0.1681,48768.5
822,3,20,790,177.095,20,790,3,0.5789,720.3,0.4753,73,complete,0.2116,48811.6
823,4,61,913,743.565,61,913,10,0.5928,929.1,0.2569,17,complete,0.2435,48864.3
824,3,25,634,257.356,25,634,3,0.5436,785.0,0.4547,77,complete,0.2105,48898.0
825,3,41,876,530.325,41,876,8,0.5145,795.6,0.2912,50,complete,0.2535,48947.1
826,3,53,1000,555.243,45,,9,0.5087,776.5,0.2087,30,step_limit,0.2642,49003.2
827,3,44,1000,463.423,40,,7,0.5113,792.8,0.281,52,step_limit,0.2428,49058.2
828,3,24,487,260.628,24,487,3,0.4497,750.1,0.2053,28,complete,0.2222,49085.1
829,4,53,981,673.454,53,981,10,0.6081,990.5,0.3677,77,complete,0.2523,49141.7
830,4,66,1000,709.958,59,,10,0.576,801.4,0.4006,61,step_limit,0.2149,49198.0
831,4,69,909,882.37,69,909,12,0.4565,753.2,0.1842,21,complete,0.1534,49248.4
832,4,69,1000,813.501,67,,11,0.5653,791.1,0.3193,38,step_limit,0.1845,49296.5
833,4,72,1000,716.817,61,,11,0.5637,849.7,0.1761,14,step_limit,0.2345,49345.7
834,3,71,1000,694.103,60,,9,0.493,790.1,0.276,49,step_limit,0.2714,49395.1
835,3,56,1000,678.1,55,,9,0.458,709.1,0.3039,46,step_limit,0.1784,49443.5
836,4,30,653,304.36,30,653,4,0.5926,839.5,0.3124,46,complete,0.2464,49475.4
837,3,73,1000,811.47,65,,11,0.4847,785.4,0.2253,53,step_limit,0.1928,49522.6
838,4,56,682,687.07,56,682,9,0.4457,665.5,0.2212,18,complete,0.1444,49556.4
839,3,20,672,156.275,20,672,2,0.5789,790.8,0.3104,33,complete,0.3107,49588.2
840,3,33,523,407.755,33,523,5,0.3639,707.8,0.1799,16,complete,0.1294,49615.0
841,3,31,571,375.544,31,571,5,0.4729,761.2,0.1571,15,complete,0.1863,49642.5
842,3,68,1000,737.828,57,,11,0.4957,689.3,0.365,81,step_limit,0.1879,49690.3
843,4,51,1000,413.443,41,,7,0.6535,797.3,0.4313,77,step_limit,0.2551,49744.5
844,3,37,956,416.215,37,956,6,0.3926,733.6,0.3058,120,complete,0.1815,49795.8
845,4,74,921,997.814,74,921,14,0.3404,599.2,0.2044,21,complete,0.1345,49848.1
846,3,32,588,416.566,32,588,6,0.3005,595.3,0.2091,32,complete,0.181,49880.1
847,4,25,486,252.592,25,486,3,0.57,732.8,0.1523,9,complete,0.2037,49906.9
848,3,44,926,523.275,44,926,7,0.4921,789.2,0.2165,34,complete,0.2234,49957.5
849,4,28,809,291.383,28,809,5,0.6094,913.7,0.2734,57,complete,0.3,50001.5
850,3,47,926,583.737,47,926,8,0.3657,592.7,0.3204,88,complete,0.1584,50054.9
851,3,39,777,462.367,39,777,6,0.5268,788.7,0.2667,40,complete,0.2008,50556.2
852,3,68,1000,648.188,55,,9,0.485,781.9,0.2701,27,step_limit,0.1863,50603.1
853,3,65,1000,611.269,52,,9,0.468,718.9,0.2727,55,step_limit,0.1923,50651.0
854,4,61,1000,616.42,56,,9,0.5497,824.0,0.3073,23,step_limit,0.2479,50700.8
855,4,22,319,217.822,22,319,2,0.4882,768.6,0.1119,7,complete,0.1689,50719.4
856,4,59,1000,715.675,58,,11,0.4482,727.8,0.3164,24,step_limit,0.1918,50773.9
857,3,69,1000,428.713,42,,7,0.3983,623.8,0.4165,53,step_limit,0.2212,50832.9
858,4,35,518,439.086,35,518,6,0.3243,587.5,0.1626,12,complete,0.1321,50863.2
859,3,20,626,157.445,20,626,2,0.5314,749.0,0.2903,38,complete,0.2109,50897.6
860,4,42,1000,430.81,40,,7,0.6202,934.8,0.3304,26,step_limit,0.2525,50954.2
861,3,58,1000,640.433,51,,10,0.3783,642.9,0.337,58,step_limit,0.1804,51010.0
862,3,39,944,481.557,39,944,7,0.4513,691.4,0.2848,54,complete,0.193,51062.1
863,4,77,1000,749.823,63,,11,0.5625,940.9,0.3786,49,step_limit,0.2128,51123.8
864,4,37,734,366.716,37,734,5,0.6226,1019.5,0.2712,18,complete,0.284,51166.7
865,3,33,795,361.832,33,795,5,0.5061,783.2,0.2609,30,complete,0.2099,51211.4
866,4,40,522,515.24,40,522,7,0.4847,706.2,0.0789,14,complete,0.1757,51241.4
867,4,34,606,325.96,34,606,4,0.4431,716.6,0.216,22,complete,0.1801,51275.3
868,3,34,707,417.155,34,707,6,0.4295,732.9,0.1716,29,complete,0.2,51314.1
869,3,76,981,1035.342,76,981,14,0.4298,606.9,0.1595,37,complete,0.1387,51372.0
870,3,42,1000,395.586,37,,6,0.4977,755.9,0.3638,59,step_limit,0.2051,51426.9
871,3,47,906,590.509,47,906,8,0.5155,770.2,0.2184,33,complete,0.1875,51477.4
872,4,22,333,273.407,22,333,4,0.5263,782.1,0.0872,6,complete,0.1989,51496.6
873,4,60,1000,685.907,57,,10,0.5847,968.5,0.3009,24,step_limit,0.2143,51552.7
874,4,45,1000,518.302,43,,8,0.6058,854.7,0.3124,53,step_limit,0.2624,51609.2
875,4,32,650,355.812,32,650,5,0.5588,915.6,0.2563,18,complete,0.25,51645.3
876,3,49,1000,570.304,47,,8,0.331,569.8,0.2033,71,step_limit,0.1373,51701.4
877,4,77,1000,797.787,65,,12,0.534,807.2,0.2922,49,step_limit,0.2053,51757.0
878,4,44,1000,421.091,42,,7,0.6025,1005.0,0.2814,22,step_limit,0.274,51812.3
879,3,79,1000,622.061,52,,10,0.4167,619.2,0.3015,32,step_limit,0.19,51861.8
880,4,32,491,382.148,32,491,5,0.5031,745.6,0.2294,9,complete,0.1992,51885.9
881,4,74,1000,655.946,59,,10,0.5717,895.7,0.3271,59,step_limit,0.2056,51935.0
882,3,76,1000,755.649,60,,11,0.394,783.4,0.2031,44,step_limit,0.1653,51982.0
883,4,50,1000,518.912,46,,8,0.616,1020.1,0.2787,21,step_limit,0.2727,52030.0
884,4,56,839,734.204,56,839,11,0.5259,870.0,0.2597,31,complete,0.1704,52072.2
885,3,44,1000,521.602,43,,8,0.3563,716.6,0.1887,26,step_limit,0.1759,52118.9
886,4,76,1000,900.663,70,,13,0.453,747.6,0.3083,40,step_limit,0.1587,52167.5
887,3,67,1000,656.384,55,,9,0.516,721.8,0.3731,129,step_limit,0.1852,52215.5
888,3,71,1000,489.386,44,,8,0.48,631.1,0.5117,292,step_limit,0.2415,52261.8
889,3,32,712,326.231,32,712,4,0.4733,770.7,0.2224,40,complete,0.2629,52295.5
890,4,62,984,818.698,62,984,12,0.4451,806.4,0.2069,18,complete,0.2012,52343.3
891,3,78,1000,805.265,62,,12,0.36,778.6,0.2501,32,step_limit,0.1498,52395.4
892,3,39,929,453.976,39,929,6,0.4313,665.0,0.2822,40,complete,0.1809,52446.4
893,3,65,1000,700.011,57,,10,0.4803,768.8,0.3081,33,step_limit,0.2083,52500.9
894,4,47,624,582.036,47,624,8,0.4888,701.6,0.2252,16,complete,0.1235,52538.2
895,4,64,880,833.931,64,880,12,0.5466,794.3,0.1667,16,complete,0.2174,52587.5
896,4,41,888,439.221,41,888,6,0.6481,966.5,0.3169,24,complete,0.2899,52637.3
897,4,77,1000,973.325,75,,13,0.412,612.2,0.2103,14,step_limit,0.1434,52687.5
898,3,29,732,345.006,29,732,5,0.4549,762.0,0.3952,72,complete,0.1863,52721.3
899,3,31,772,343.443,31,772,5,0.4564,768.7,0.1944,20,complete,0.2532,52760.7
900,3,69,1000,840.861,66,,11,0.4377,722.2,0.2906,56,step_limit,0.1864,52808.5
901,4,26,910,204.785,26,910,3,0.6451,885.7,0.3895,57,complete,0.3019,53312.9
902,4,58,881,723.25,58,881,10,0.5715,929.4,0.1915,10,complete,0.2041,53355.5
903,3,41,1000,392.217,36,,6,0.512,783.4,0.3131,54,step_limit,0.2472,53405.9
904,4,47,783,582.586,47,783,8,0.3257,689.1,0.1485,19,complete,0.1401,53450.5
905,3,63,1000,647.286,54,,9,0.498,794.0,0.3094,37,step_limit,0.2115,53504.4
906,4,64,1000,707.206,60,,10,0.567,958.7,0.2742,19,step_limit,0.25,53560.7
907,3,80,1000,768.197,61,,11,0.4413,627.4,0.3619,51,step_limit,0.1457,53617.6
908,4,49,849,567.232,49,849,8,0.5562,785.6,0.2832,19,complete,0.2071,53665.1
909,3,68,1000,646.146,55,,9,0.497,723.5,0.3718,88,step_limit,0.2006,53725.2
910,4,69,1000,867.965,68,,12,0.597,912.8,0.3471,82,step_limit,0.208,53783.4
911,3,22,481,232.352,22,481,3,0.4082,648.7,0.2175,34,complete,0.1926,53808.6
912,3,71,1000,650.592,56,,9,0.555,745.1,0.3514,39,step_limit,0.2164,53866.0
913,3,48,855,630.819,48,855,9,0.4596,580.5,0.1517,20,complete,0.1597,53912.9
914,3,64,1000,746.452,60,,10,0.4977,769.6,0.2173,34,step_limit,0.2471,53970.4
915,4,58,1000,614.179,54,,9,0.608,953.2,0.2838,36,step_limit,0.2284,54026.1
916,3,21,1000,91.1,16,,3,0.4237,630.1,0.3807,82,step_limit,0.24,54078.7
917,4,75,1000,589.211,54,,10,0.5733,872.3,0.2178,17,step_limit,0.2839,54135.4
918,4,22,607,226.829,22,607,4,0.6252,980.1,0.2132,31,complete,0.3208,54168.7
919,4,73,1000,867.819,69,,12,0.5298,840.7,0.2604,33,step_limit,0.2067,54227.4
920,3,79,1000,566.039,51,,9,0.5003,716.9,0.2427,36,step_limit,0.2346,54284.2
921,3,27,491,350.326,27,491,5,0.4128,643.5,0.1838,14,complete,0.1515,54310.2
922,3,20,485,231.395,20,485,3,0.4825,634.7,0.3155,43,complete,0.2222,54336.9
923,4,51,843,628.649,51,843,9,0.5492,973.6,0.1983,12,complete,0.2075,54385.0
924,4,68,952,861.196,68,952,12,0.4811,708.2,0.293,27,complete,0.1557,54437.2
925,4,30,673,334.36,30,673,5,0.6126,948.8,0.2316,10,complete,0.2808,54473.4
926,4,31,465,334.948,31,465,4,0.5839,775.7,0.1964,15,complete,0.2371,54496.3
927,3,62,1000,572.356,51,,8,0.463,739.4,0.3515,105,step_limit,0.2181,54543.8
928,3,51,886,655.908,51,886,9,0.4605,794.7,0.1636,20,complete,0.198,54588.9
929,4,34,522,385.449,34,522,5,0.4013,666.9,0.2928,15,complete,0.175,54614.4
930,3,57,1000,633.832,51,,9,0.34,656.5,0.304,83,step_limit,0.1728,54662.7
931,3,52,937,663.473,52,937,9,0.4746,789.5,0.1805,23,complete,0.2115,54706.8
932,4,27,506,255.212,27,506,3,0.5351,791.6,0.191,34,complete,0.2115,54731.6
933,4,71,1000,833.031,66,,12,0.568,878.0,0.2753,33,step_limit,0.1988,54787.1
934,4,65,1000,664.209,58,,10,0.5547,928.3,0.2134,16,step_limit,0.225,54835.5
935,3,29,883,292.248,29,883,4,0.5164,800.2,0.3527,57,complete,0.2375,54876.5
936,3,44,1000,501.702,42,,7,0.5017,765.6,0.3832,69,step_limit,0.2267,54925.3
937,3,22,517,233.835,22,517,3,0.5661,798.7,0.2576,18,complete,0.2424,54948.8
938,3,44,1000,422.405,40,,6,0.5027,795.9,0.2925,54,step_limit,0.227,55002.1
939,4,68,1000,724.324,63,,10,0.643,988.9,0.2874,28,step_limit,0.2458,55059.6
940,4,43,1000,312.623,38,,5,0.646,999.0,0.3193,79,step_limit,0.3065,55113.7
941,4,73,1000,786.537,66,,11,0.5843,910.9,0.2437,39,step_limit,0.224,55171.1
942,4,26,378,303.403,26,378,4,0.5628,755.1,0.2504,17,complete,0.23,55193.1
943,4,28,818,242.78,28,818,4,0.6131,939.7,0.3418,28,complete,0.2534,55237.7
944,3,79,1000,943.849,72,,13,0.3647,641.7,0.2432,24,step_limit,0.1554,55295.2
945,3,61,1000,696.721,56,,10,0.4733,761.3,0.2092,20,step_limit,0.2213,55348.8
946,3,50,1000,521.168,44,,8,0.4737,764.5,0.3105,50,step_limit,0.2431,55396.3
947,4,25,737,170.136,25,737,3,0.4339,738.7,0.3048,80,complete,0.2196,55431.3
948,4,58,904,701.854,58,904,10,0.5423,872.9,0.2865,34,complete,0.2237,55475.9
949,4,52,928,655.611,52,928,10,0.5889,895.3,0.2442,15,complete,0.2143,55521.3
950,4,43,590,500.735,43,590,6,0.478,724.3,0.2074,20,complete,0.2,55550.5
951,4,30,607,336.2,30,607,5,0.5853,904.8,0.2175,16,complete,0.25,56046.2
952,3,51,1000,500.829,46,,7,0.4817,726.4,0.3249,37,step_limit,0.25,56096.2
953,4,43,1000,409.051,40,,6,0.6288,833.7,0.4019,55,step_limit,0.2323,56148.2
954,4,80,1000,856.685,69,,13,0.5677,984.0,0.2184,15,step_limit,0.248,56205.7
955,4,46,600,554.487,46,600,7,0.5517,866.9,0.2182,13,complete,0.1474,56240.0
956,4,37,762,414.406,37,762,6,0.6181,925.1,0.3659,35,complete,0.2651,56282.5
957,3,52,832,702.455,52,832,10,0.3734,544.9,0.1592,21,complete,0.1465,56330.3
958,4,46,1000,455.47,42,,8,0.6335,1016.5,0.2631,39,step_limit,0.3047,56387.4
959,3,46,913,572.188,46,913,8,0.4754,780.3,0.2161,57,complete,0.1944,56437.8
960,4,66,853,844.565,66,853,11,0.4915,683.8,0.1198,12,complete,0.1478,56486.0
961,3,76,1000,695.958,58,,10,0.5117,775.1,0.2934,99,step_limit,0.258,56542.3
962,3,52,1000,594.16,50,,8,0.506,787.3,0.2776,38,step_limit,0.1918,56597.1
963,3,56,1000,559.739,49,,8,0.5487,791.9,0.2127,32,step_limit,0.2861,56653.5
964,3,54,1000,687.894,53,,10,0.457,622.9,0.2981,50,step_limit,0.1725,56709.7
965,3,34,639,394.145,34,639,5,0.4893,793.5,0.2173,20,complete,0.1768,56745.7
966,4,77,1000,982.868,74,,14,0.4045,658.0,0.3398,21,step_limit,0.1154,56801.8
967,4,38,711,449.613,38,711,7,0.4079,678.0,0.262,13,complete,0.1731,56842.9
968,4,37,956,380.722,37,956,6,0.6166,955.9,0.2756,18,complete,0.285,56896.0
969,3,54,1000,620.011,50,,9,0.5147,785.7,0.302,34,step_limit,0.2132,56952.4
970,4,80,1000,730.645,63,,11,0.4778,741.0,0.3295,26,step_limit,0.2305,57009.6
971,4,26,640,248.969,26,640,4,0.4191,656.6,0.2862,31,complete,0.178,57044.6
972,4,27,630,284.696,27,630,4,0.5837,835.9,0.3269,26,complete,0.2383,57079.9
973,3,36,1000,325.8,31,,6,0.5,797.0,0.296,52,step_limit,0.2258,57134.0
974,3,80,1000,803.833,62,,12,0.3643,651.5,0.2422,35,step_limit,0.1839,57181.3
975,4,80,1000,872.13,70,,13,0.5633,860.1,0.2754,27,step_limit,0.2143,57230.6
976,3,48,1000,516.425,45,,7,0.543,785.6,0.4036,157,step_limit,0.1939,57277.8
977,4,48,718,607.863,48,718,9,0.3914,654.6,0.1186,13,complete,0.1843,57314.5
978,4,69,863,915.747,69,863,13,0.5043,808.2,0.158,21,complete,0.1803,57356.7
979,4,58,777,770.479,58,777,11,0.436,723.1,0.1787,13,complete,0.1432,57395.1
980,4,73,1000,633.271,60,,9,0.6208,922.9,0.2831,43,step_limit,0.2384,57445.2
981,3,62,1000,781.869,59,,11,0.4903,790.9,0.2493,54,step_limit,0.204,57492.7
982,4,66,1000,779.885,65,,11,0.5685,888.3,0.2526,38,step_limit,0.25,57542.6
983,3,22,482,241.963,22,482,3,0.4156,667.4,0.1704,16,complete,0.2115,57565.1
984,3,53,1000,443.521,41,,7,0.5253,771.9,0.2805,50,step_limit,0.2959,57613.3
985,4,65,833,823.948,65,833,11,0.4406,687.4,0.1414,11,complete,0.1297,57654.6
986,4,35,882,362.137,35,882,5,0.5833,859.1,0.3614,85,complete,0.2584,57702.5
987,4,47,666,549.99,47,666,7,0.5188,766.5,0.1962,6,complete,0.218,57741.4
988,3,24,686,221.82,24,686,3,0.5019,688.5,0.2396,26,complete,0.2552,57780.1
989,3,64,948,832.163,64,948,11,0.4568,793.3,0.2205,44,complete,0.1653,57833.1
990,3,26,584,302.699,26,584,4,0.5268,787.5,0.2572,30,complete,0.2203,57866.3
991,3,30,613,364.68,30,613,5,0.4127,767.6,0.1696,16,complete,0.1719,57899.6
992,3,59,1000,618.178,51,,9,0.4797,772.2,0.3078,89,step_limit,0.2071,57955.2
993,3,46,1000,502.167,42,,8,0.4657,796.8,0.3001,53,step_limit,0.2041,58001.9
994,4,71,742,926.269,71,742,12,0.4195,748.1,0.1482,12,complete,0.1603,58040.4
995,3,61,1000,620.241,53,,9,0.3887,714.2,0.2879,53,step_limit,0.2152,58088.7
996,3,61,1000,720.757,57,,10,0.393,653.5,0.292,39,step_limit,0.1534,58135.5
997,3,59,1000,669.227,55,,9,0.5073,792.4,0.2793,55,step_limit,0.2402,58184.9
998,4,70,1000,629.806,57,,10,0.478,954.6,0.2702,14,step_limit,0.222,58232.9
999,3,49,958,629.389,49,958,9,0.4739,788.3,0.2563,33,complete,0.1587,58278.4
1000,4,63,944,806.564,63,944,11,0.5697,891.2,0.2586,25,complete,0.2016,58323.0
1001,4,43,679,515.426,43,679,7,0.5136,750.9,0.2314,18,complete,0.1546,58848.9
1002,3,78,1000,706.131,59,,10,0.472,784.6,0.3427,100,step_limit,0.2018,58906.8
1003,3,74,1000,639.881,56,,9,0.539,718.8,0.3306,89,step_limit,0.2365,58963.8
1004,4,61,1000,713.908,60,,10,0.5723,904.8,0.2521,19,step_limit,0.2373,59020.7
1005,4,62,1000,726.381,60,,10,0.5198,854.0,0.2771,26,step_limit,0.2026,59077.2
1006,3,22,621,208.12,22,621,3,0.4187,682.9,0.2411,40,complete,0.2241,59110.4
1007,4,79,1000,913.296,73,,13,0.546,959.3,0.2664,14,step_limit,0.219,59165.2
1008,3,28,657,336.426,28,657,5,0.4515,757.5,0.1435,20,complete,0.2514,59201.7
1009,3,65,1000,643.351,55,,9,0.499,747.2,0.2013,24,step_limit,0.2606,59257.0
1010,4,22,439,225.113,22,439,3,0.5569,795.5,0.291,26,complete,0.2092,59282.4
1011,4,52,696,684.637,52,696,10,0.4199,579.9,0.1919,11,complete,0.1292,59321.4
1012,4,47,864,542.836,47,864,7,0.5975,797.0,0.2763,35,complete,0.2041,59369.6
1013,4,66,682,855.126,66,682,11,0.408,680.2,0.1364,10,complete,0.1299,59408.3
1014,3,69,1000,780.035,61,,11,0.4697,692.9,0.1775,22,step_limit,0.2022,59465.0
1015,3,77,1000,851.305,67,,12,0.2993,709.3,0.2891,30,step_limit,0.1693,59522.9
1016,3,80,1000,727.374,59,,11,0.457,675.2,0.2969,31,step_limit,0.2222,59579.0
1017,4,51,785,611.502,51,785,8,0.5232,741.2,0.2387,24,complete,0.1849,59623.0
1018,4,21,318,207.28,21,318,2,0.5142,792.7,0.1363,11,complete,0.1875,59640.1
1019,3,58,1000,602.791,53,,8,0.4517,763.6,0.2657,36,step_limit,0.2327,59695.9
1020,3,74,1000,761.938,61,,11,0.446,771.6,0.1147,17,step_limit,0.2599,59754.8
1021,3,48,863,601.723,48,863,8,0.4693,781.0,0.2946,35,complete,0.1782,59801.3
1022,4,27,323,323.361,27,323,4,0.3901,548.4,0.0798,6,complete,0.1277,59816.6
1023,4,46,681,582.63,46,681,8,0.4985,734.0,0.2308,26,complete,0.1739,59851.3
1024,3,70,1000,430.126,44,,7,0.5317,731.2,0.3647,191,step_limit,0.2913,59899.6
1025,4,41,865,449.293,41,865,7,0.5945,925.9,0.2309,20,complete,0.2734,59940.2
1026,4,76,1000,818.784,67,,12,0.539,841.1,0.2093,20,step_limit,0.2216,59988.2
1027,3,51,1000,662.376,50,,10,0.4533,777.2,0.2166,37,step_limit,0.2098,60039.2
1028,3,27,656,294.531,27,656,4,0.3852,740.0,0.1068,13,complete,0.1719,60070.7
1029,3,37,784,446.404,37,784,6,0.4315,734.6,0.1916,16,complete,0.214,60108.1
1030,3,46,1000,396.68,40,,6,0.572,744.7,0.29,63,step_limit,0.299,60155.2
1031,4,20,298,198.08,20,298,2,0.5159,658.8,0.1328,10,complete,0.2095,60170.0
1032,3,27,400,330.756,27,400,4,0.33,524.6,0.1344,10,complete,0.0889,60188.7
1033,4,38,458,467.901,38,458,6,0.4367,729.6,0.1909,10,complete,0.1208,60211.4
1034,3,66,1000,722.036,56,,11,0.4423,728.2,0.1784,34,step_limit,0.203,60257.8
1035,4,64,1000,673.594,60,,9,0.542,1023.5,0.2194,17,step_limit,0.2579,60305.5
1036,3,59,1000,608.285,50,,9,0.45,693.4,0.3292,46,step_limit,0.1918,60357.4
1037,3,49,1000,549.792,46,,8,0.3953,637.0,0.2826,26,step_limit,0.1587,60412.5
1038,4,57,1000,533.446,50,,8,0.6498,908.9,0.3447,28,step_limit,0.2703,60468.5
1039,3,73,1000,645.233,53,,10,0.449,720.4,0.2649,103,step_limit,0.2,60524.5
1040,3,44,1000,496.205,43,,7,0.4413,796.4,0.225,37,step_limit,0.2222,60574.3
1041,4,65,1000,677.705,58,,10,0.5855,969.4,0.282,29,step_limit,0.222,60622.7
1042,3,37,1000,367.57,35,,6,0.5397,779.2,0.3863,59,step_limit,0.2857,60675.8
1043,4,52,744,662.509,52,744,9,0.4543,715.4,0.1615,14,complete,0.1701,60716.5
1044,3,36,1000,398.417,35,,6,0.5307,796.0,0.3186,36,step_limit,0.2418,60764.6
1045,3,52,920,664.248,52,920,9,0.4264,628.2,0.1802,33,complete,0.1518,60808.4
1046,4,43,832,490.915,43,832,7,0.5865,784.4,0.2765,26,complete,0.1948,60849.8
1047,3,52,1000,547.858,48,,8,0.4547,754.2,0.2026,39,step_limit,0.2889,60900.3
1048,3,51,1000,556.312,47,,8,0.5133,790.7,0.3687,47,step_limit,0.2159,60945.9
1049,3,72,1000,531.388,49,,8,0.4773,761.8,0.3689,117,step_limit,0.2593,60993.7
1050,4,76,1000,620.311,55,,10,0.585,824.8,0.4197,61,step_limit,0.2433,61038.0
1051,3,79,1000,659.706,59,,9,0.5133,753.4,0.252,53,step_limit,0.2615,61596.4
1052,4,45,902,508.382,45,902,7,0.5917,908.8,0.2528,54,complete,0.2079,61646.7
1053,4,49,1000,470.09,46,,7,0.5717,948.2,0.2527,27,step_limit,0.2428,61702.3
1054,4,61,724,766.594,61,724,10,0.4026,638.1,0.2126,15,complete,0.149,61743.8
1055,4,41,624,511.44,41,624,7,0.601,980.2,0.2313,14,complete,0.2565,61778.1
1056,4,54,1000,633.481,52,,10,0.5727,814.5,0.2785,31,step_limit,0.2263,61832.9
1057,4,64,1000,796.006,63,,11,0.5843,800.3,0.2302,12,step_limit,0.2349,61888.6
1058,4,66,1000,698.824,60,,10,0.565,900.9,0.2683,27,step_limit,0.2542,61944.1
1059,3,51,1000,565.924,47,,8,0.4393,664.5,0.3231,60,step_limit,0.1887,61997.3
1060,4,52,1000,594.231,51,,9,0.6195,899.3,0.2454,18,step_limit,0.2664,62054.3
1061,4,37,536,485.933,37,536,7,0.5065,852.6,0.2051,11,complete,0.1986,62086.8
1062,4,24,388,278.897,24,388,4,0.4955,654.1,0.1848,28,complete,0.2245,62110.0
1063,4,73,1000,883.901,69,,13,0.496,812.0,0.296,26,step_limit,0.178,62167.9
1064,4,39,890,432.144,39,890,7,0.6219,970.5,0.2876,28,complete,0.2833,62218.8
1065,3,24,693,262.91,24,693,4,0.5065,786.0,0.2146,20,complete,0.2389,62255.7
1066,3,75,1000,791.172,64,,11,0.3707,767.3,0.303,80,step_limit,0.1751,62313.1
1067,4,50,711,609.184,50,711,8,0.5074,824.9,0.2721,15,complete,0.2074,62352.8
1068,3,45,901,575.93,45,901,8,0.3637,715.8,0.1489,28,complete,0.13,62405.0
1069,4,20,485,185.88,20,485,2,0.5428,881.8,0.172,17,complete,0.2451,62431.0
1070,3,79,1000,821.076,65,,11,0.3787,713.0,0.378,184,step_limit,0.1682,62483.1
1071,3,32,717,373.115,32,717,5,0.4286,669.6,0.2381,31,complete,0.2009,62519.1
1072,3,56,1000,613.652,50,,9,0.4947,779.0,0.2387,28,step_limit,0.1807,62565.8
1073,4,25,626,236.4,25,626,3,0.5663,834.0,0.3047,19,complete,0.2579,62595.8
1074,3,34,918,409.378,34,918,6,0.5312,773.6,0.3883,226,complete,0.1961,62639.4
1075,4,40,825,471.64,40,825,7,0.4891,742.6,0.2844,18,complete,0.2005,62677.4
1076,3,73,1000,804.918,61,,12,0.4813,725.6,0.242,20,step_limit,0.2213,62726.7
1077,4,50,850,615.44,50,850,9,0.5971,893.7,0.3365,35,complete,0.2551,62766.8
1078,4,62,1000,721.484,58,,11,0.5825,900.1,0.2534,33,step_limit,0.2417,62815.8
1079,3,25,520,298.024,25,520,4,0.4391,732.0,0.2457,32,complete,0.1879,62841.1
1080,3,51,1000,576.329,47,,9,0.381,712.3,0.2554,30,step_limit,0.2358,62888.2
1081,4,46,1000,466.852,44,,7,0.6222,1003.7,0.3911,18,step_limit,0.285,62935.7
1082,4,51,970,606.447,51,970,9,0.4657,796.4,0.2685,28,complete,0.1881,62984.8
1083,3,64,1000,609.02,52,,9,0.48,751.5,0.25,44,step_limit,0.2555,63031.2
1084,3,48,1000,570.425,46,,8,0.533,756.7,0.3974,160,step_limit,0.231,63080.2
1085,3,60,1000,593.135,49,,9,0.527,745.9,0.3776,129,step_limit,0.2756,63128.5
1086,4,27,675,273.03,27,675,4,0.6541,805.9,0.2388,18,complete,0.2574,63160.1
1087,4,66,1000,515.727,50,,9,0.6182,856.6,0.2801,31,step_limit,0.3097,63211.1
1088,4,48,532,577.095,48,532,7,0.4873,712.6,0.1446,11,complete,0.1267,63237.2
1089,3,63,1000,766.1,61,,10,0.4513,702.1,0.2391,38,step_limit,0.1681,63287.2
1090,4,78,1000,704.692,61,,11,0.61,985.6,0.3126,23,step_limit,0.2311,63336.0
1091,3,66,1000,705.777,57,,10,0.529,777.0,0.2489,36,step_limit,0.2251,63385.0
1092,3,77,1000,666.578,56,,10,0.5013,775.4,0.3495,70,step_limit,0.2419,63433.7
1093,3,72,1000,761.737,60,,11,0.4377,742.1,0.3689,54,step_limit,0.1536,63484.3
1094,4,45,741,514.991,45,741,7,0.5405,762.4,0.1643,13,complete,0.2237,63522.3
1095,4,21,353,264.49,21,353,4,0.551,756.2,0.0823,5,complete,0.2151,63541.4
1096,4,77,914,1026.287,77,914,14,0.5175,771.3,0.1538,15,complete,0.175,63593.1
1097,3,44,967,549.433,44,967,8,0.4392,781.5,0.3036,37,complete,0.1753,63645.1
1098,3,59,1000,637.593,50,,10,0.48,782.0,0.2789,32,step_limit,0.266,63698.6
1099,3,75,1000,813.004,65,,11,0.4433,754.4,0.2774,58,step_limit,0.188,63746.4
1100,3,54,1000,472.6,42,,8,0.4583,676.3,0.3295,57,step_limit,0.2136,63794.7
1101,3,78,1000,819.35,64,,12,0.3447,629.0,0.2213,38,step_limit,0.155,64368.3
1102,4,36,980,341.067,36,980,5,0.4513,764.6,0.274,34,complete,0.2242,64421.6
1103,3,32,832,348.299,32,832,5,0.5136,779.3,0.2362,27,complete,0.2044,64466.6
1104,4,37,741,429.03,37,741,6,0.6316,981.1,0.2924,20,complete,0.2586,64506.8
1105,4,63,911,788.531,63,911,11,0.5187,843.0,0.2508,48,complete,0.1779,64558.0
1106,4,46,750,541.374,46,750,7,0.5717,937.1,0.1936,23,complete,0.2174,64598.9
1107,4,21,479,206.173,21,479,3,0.6441,960.7,0.3072,23,complete,0.2731,64625.5
1108,3,41,999,474.018,41,999,7,0.5579,789.6,0.3401,43,complete,0.266,64681.4
1109,4,21,245,282.638,21,245,4,0.3755,782.8,0.0447,6,complete,0.1538,64695.2
1110,3,55,1000,545.518,47,,8,0.5387,796.0,0.3267,37,step_limit,0.268,64751.4
1111,4,49,546,652.168,49,546,9,0.4171,606.0,0.2047,10,complete,0.1346,64783.5
1112,3,27,668,336.593,27,668,5,0.506,770.9,0.1803,18,complete,0.2828,64819.9
1113,4,70,1000,816.274,65,,12,0.4057,564.4,0.2523,19,step_limit,0.1926,64876.6
1114,4,50,832,597.808,50,832,8,0.5445,820.6,0.2916,33,complete,0.2015,64924.4
1115,4,73,1000,672.153,60,,10,0.6035,942.2,0.2654,24,step_limit,0.2759,64979.2
1116,3,54,1000,627.144,50,,9,0.528,790.0,0.3122,52,step_limit,0.243,65033.4
1117,4,74,1000,703.189,60,,11,0.4745,703.0,0.4954,99,step_limit,0.1833,65083.4
1118,4,52,1000,482.292,45,,8,0.622,912.5,0.4104,103,step_limit,0.3149,65130.7
1119,4,22,526,173.378,22,526,2,0.616,928.7,0.2814,19,complete,0.2713,65155.7
1120,4,40,570,459.53,40,570,6,0.5329,933.3,0.2057,20,complete,0.1908,65184.3
1121,4,26,703,262.68,26,703,4,0.6302,1065.7,0.2553,17,complete,0.3246,65218.4
1122,4,55,825,696.404,55,825,10,0.3558,652.9,0.2619,24,complete,0.1188,65258.5
1123,4,54,975,637.993,54,975,9,0.5097,757.9,0.3194,31,complete,0.2005,65307.8
1124,4,79,964,1032.311,79,964,14,0.3646,685.5,0.2023,20,complete,0.1567,65358.7
1125,4,53,1000,568.174,49,,9,0.5905,995.3,0.3013,39,step_limit,0.2569,65405.9
1126,4,21,391,196.817,21,391,2,0.5499,896.8,0.2901,21,complete,0.2159,65427.2
1127,3,66,1000,691.336,56,,10,0.5043,785.9,0.2391,36,step_limit,0.2385,65474.0
1128,4,70,934,923.423,70,934,13,0.5634,919.3,0.2034,13,complete,0.25,65522.8
1129,4,28,830,274.543,28,830,4,0.6148,932.4,0.3044,44,complete,0.3031,65563.1
1130,4,45,684,521.876,45,684,7,0.5526,801.1,0.1602,16,complete,0.1948,65598.4
1131,3,55,1000,626.275,51,,9,0.4973,738.7,0.2131,35,step_limit,0.2276,65650.3
1132,4,59,918,670.08,59,918,9,0.527,887.0,0.2606,38,complete,0.2284,65696.7
1133,4,69,862,896.708,69,862,12,0.473,785.7,0.2727,37,complete,0.1483,65740.3
1134,4,28,728,247.037,28,728,3,0.6061,934.3,0.3573,38,complete,0.2882,65775.0
1135,3,68,1000,676.956,56,,10,0.4893,770.9,0.2115,47,step_limit,0.2303,65823.5
1136,4,76,1000,658.895,60,,10,0.5885,1007.1,0.271,26,step_limit,0.244,65877.4
1137,4,30,412,331.547,30,412,4,0.4345,696.9,0.2027,13,complete,0.145,65900.3
1138,3,48,958,634.829,48,958,9,0.4415,781.6,0.2099,27,complete,0.1795,65950.5
1139,4,39,711,465.498,39,711,7,0.5369,818.8,0.2442,24,complete,0.25,65986.1
1140,3,80,1000,898.225,70,,12,0.4053,699.0,0.242,77,step_limit,0.153,66034.5
1141,3,28,588,322.392,28,588,4,0.4518,747.6,0.1824,27,complete,0.1897,66062.5
1142,4,47,1000,463.711,44,,7,0.4635,604.1,0.3221,43,step_limit,0.1667,66117.9
1143,3,44,887,537.133,44,887,7,0.5133,770.6,0.2711,39,complete,0.2246,66166.9
1144,3,28,790,283.932,28,790,4,0.5565,787.2,0.2579,40,complete,0.2488,66210.1
1145,4,21,439,158.859,21,439,1,0.6424,880.4,0.274,11,complete,0.2766,66234.0
1146,3,72,1000,805.087,64,,11,0.4373,719.1,0.2399,22,step_limit,0.1765,66290.8
1147,3,77,1000,907.195,70,,12,0.393,699.5,0.1973,28,step_limit,0.1754,66345.2
1148,4,45,726,519.004,45,726,7,0.5399,908.5,0.1706,11,complete,0.2472,66380.2
1149,3,80,1000,869.531,69,,12,0.3707,645.6,0.2214,58,step_limit,0.1765,66428.7
1150,3,73,1000,702.264,58,,10,0.4097,623.9,0.287,49,step_limit,0.1808,66475.9
1151,3,40,1000,409.295,38,,6,0.529,758.5,0.3117,36,step_limit,0.2326,67063.2
1152,3,61,1000,711.711,56,,10,0.42,720.4,0.2866,30,step_limit,0.159,67117.1
1153,4,24,642,187.737,24,642,2,0.6604,993.0,0.3159,55,complete,0.25,67151.5
1154,3,24,501,260.595,24,501,3,0.5855,772.3,0.3336,57,complete,0.2222,67179.4
1155,3,31,704,329.341,31,704,4,0.4796,766.3,0.2767,36,complete,0.199,67216.8
1156,3,20,631,208.955,20,631,3,0.4321,756.0,0.2219,33,complete,0.1845,67251.2
1157,4,23,380,278.939,23,380,4,0.4408,673.6,0.1434,10,complete,0.1576,67272.6
1158,4,41,1000,445.249,40,,7,0.6265,998.5,0.2638,27,step_limit,0.2708,67327.8
1159,4,64,1000,755.881,62,,10,0.443,815.2,0.2794,16,step_limit,0.1707,67382.2
1160,3,47,1000,491.33,42,,8,0.492,780.0,0.2406,47,step_limit,0.2727,67437.2
1161,4,70,973,920.88,70,973,13,0.4034,675.0,0.249,16,complete,0.1543,67494.7
1162,4,77,924,1020.65,77,924,14,0.5244,771.6,0.1926,10,complete,0.1406,67550.7
1163,3,43,963,536.026,43,963,8,0.5317,763.0,0.2559,33,complete,0.2646,67604.9
1164,3,40,800,460.082,40,800,6,0.5238,770.2,0.2549,32,complete,0.2039,67643.8
1165,4,67,1000,833.272,65,,12,0.5075,811.8,0.3184,27,step_limit,0.2114,67696.7
1166,4,65,875,829.431,65,875,11,0.4443,706.0,0.2573,19,complete,0.1462,67741.4
1167,3,24,655,268.35,24,655,4,0.5008,782.1,0.2493,29,complete,0.2634,67772.7
1168,4,67,1000,725.296,61,,11,0.6115,958.8,0.2482,11,step_limit,0.2418,67820.9
1169,3,37,821,467.113,37,821,7,0.3532,646.5,0.2409,27,complete,0.1571,67860.8
1170,3,35,842,417.98,35,842,6,0.4735,723.3,0.1968,39,complete,0.2,67899.9
1171,4,70,1000,890.686,68,,13,0.5575,895.2,0.2187,15,step_limit,0.2299,67947.5
1172,4,56,1000,605.3,54,,9,0.5735,960.8,0.2584,26,step_limit,0.3023,67995.0
1173,3,39,894,455.518,39,894,6,0.5574,776.2,0.3421,105,complete,0.263,68035.5
1174,4,53,924,640.021,53,924,9,0.6069,907.8,0.3067,21,complete,0.2406,68077.1
1175,4,44,1000,428.518,40,,7,0.6215,928.0,0.2997,29,step_limit,0.2803,68118.3
1176,4,44,708,510.244,44,708,7,0.5893,868.4,0.2305,16,complete,0.1912,68152.2
1177,4,33,511,371.718,33,511,5,0.5514,835.9,0.2038,12,complete,0.1706,68178.1
1178,3,61,1000,573.492,48,,9,0.4753,786.8,0.2868,41,step_limit,0.254,68230.2
1179,4,71,847,917.883,71,847,12,0.3468,648.5,0.1547,20,complete,0.1042,68272.6
1180,4,62,1000,706.245,56,,11,0.6165,856.4,0.2679,18,step_limit,0.2648,68319.4
1181,4,50,1000,497.84,45,,8,0.6178,878.3,0.3096,28,step_limit,0.2613,68370.0
1182,3,79,1000,853.758,66,,12,0.3363,589.3,0.2722,67,step_limit,0.1351,68418.1
1183,4,51,761,619.333,51,761,8,0.4767,700.9,0.1888,10,complete,0.1828,68455.1
1184,4,30,377,342.72,30,377,4,0.555,850.0,0.1324,4,complete,0.1531,68473.4
1185,3,77,1000,882.387,68,,12,0.4367,720.5,0.2342,28,step_limit,0.1843,68522.1
1186,4,42,737,504.158,42,737,7,0.4579,619.7,0.294,22,complete,0.1696,68562.6
1187,4,20,302,204.32,20,302,2,0.303,553.8,0.0928,16,complete,0.0921,68578.3
1188,3,74,1000,616.754,55,,9,0.4277,687.2,0.2195,62,step_limit,0.2126,68636.1
1189,4,60,1000,642.44,55,,9,0.3475,597.1,0.4573,65,step_limit,0.1826,68691.4
1190,3,26,520,298.135,26,520,4,0.4872,765.1,0.2024,29,complete,0.2242,68721.2
1191,4,27,533,282.132,27,533,4,0.5474,923.4,0.2038,18,complete,0.1864,68750.9
1192,4,78,1000,809.092,67,,12,0.4088,761.8,0.2287,18,step_limit,0.1809,68807.8
1193,3,42,1000,409.7,37,,6,0.4637,674.3,0.2887,40,step_limit,0.1771,68860.4
1194,3,75,1000,858.544,66,,12,0.459,787.2,0.2352,61,step_limit,0.1983,68915.0
1195,4,56,963,668.273,56,963,9,0.4452,600.0,0.2961,72,complete,0.1509,68968.3
1196,4,66,1000,746.158,62,,11,0.6048,989.7,0.2743,20,step_limit,0.2375,69018.8
1197,4,59,768,743.199,59,768,10,0.5322,807.7,0.1561,10,complete,0.2066,69056.8
1198,3,47,1000,525.209,43,,8,0.5017,674.6,0.3024,133,step_limit,0.2059,69105.5
1199,3,65,1000,700.714,56,,10,0.345,593.1,0.2744,63,step_limit,0.1212,69153.5
1200,4,48,636,600.635,48,636,8,0.5142,842.8,0.1473,12,complete,0.186,69185.0
1201,4,22,480,224.0,22,480,3,0.5464,900.5,0.1754,8,complete,0.2315,69745.0
1202,3,68,1000,784.929,62,,11,0.3953,651.8,0.2627,29,step_limit,0.1625,69803.0
1203,3,36,979,389.93,36,979,6,0.4801,740.1,0.292,83,complete,0.2337,69854.7
1204,3,23,489,256.13,23,489,3,0.5106,767.7,0.3607,51,complete,0.1973,69885.6
1205,3,32,812,379.293,32,812,6,0.4938,781.8,0.2581,32,complete,0.1917,69932.1
1206,3,76,1000,756.53,61,,11,0.487,690.3,0.2909,32,step_limit,0.2058,69989.0
1207,4,45,589,558.404,45,589,7,0.5263,719.5,0.2092,13,complete,0.1456,70022.5
1208,4,40,425,499.47,40,425,6,0.4247,635.1,0.065,9,complete,0.1434,70047.9
1209,3,49,1000,574.847,47,,8,0.453,702.5,0.346,70,step_limit,0.1633,70104.0
1210,3,60,1000,609.935,52,,9,0.508,739.9,0.2895,38,step_limit,0.2673,70160.2
1211,3,66,1000,769.491,59,,11,0.4847,744.8,0.2463,52,step_limit,0.1871,70211.3
1212,4,66,975,857.188,66,975,12,0.5574,780.3,0.1999,13,complete,0.1911,70257.5
1213,4,56,1000,594.521,53,,8,0.6115,766.1,0.4136,102,step_limit,0.1776,70305.7
1214,3,49,1000,514.047,45,,7,0.5263,788.8,0.2744,44,step_limit,0.2626,70352.9
1215,3,21,425,232.393,21,425,3,0.5129,779.8,0.2435,34,complete,0.2381,70374.1
1216,3,38,1000,412.158,37,,6,0.5613,762.1,0.2699,40,step_limit,0.2589,70425.2
1217,3,22,537,262.949,22,537,4,0.4655,705.4,0.1714,15,complete,0.2424,70453.3
1218,3,61,1000,787.552,59,,11,0.4757,695.8,0.3081,46,step_limit,0.1778,70506.8
1219,4,66,1000,751.079,62,,11,0.5985,1018.3,0.3049,66,step_limit,0.2479,70555.1
1220,3,38,978,412.326,38,978,6,0.4928,755.8,0.2533,37,complete,0.2841,70603.3
1221,3,62,1000,716.487,57,,10,0.4933,793.6,0.3319,35,step_limit,0.1848,70650.3
1222,4,34,661,394.631,34,661,6,0.5851,976.1,0.1667,16,complete,0.2254,70678.5
1223,4,35,870,359.84,35,870,5,0.5851,942.5,0.2883,21,complete,0.2444,70711.4
1224,4,33,774,337.307,33,774,5,0.6363,973.2,0.2893,19,complete,0.2594,70735.9
1225,3,70,1000,866.079,66,,12,0.362,614.9,0.2054,31,step_limit,0.1609,70769.9
1226,4,32,541,369.273,32,541,5,0.3715,610.7,0.3041,21,complete,0.1562,70789.0
1227,3,77,1000,712.862,60,,10,0.4637,769.0,0.1946,39,step_limit,0.2336,70821.8
1228,3,35,1000,374.997,34,,6,0.4757,778.2,0.2773,46,step_limit,0.2593,70854.3
1229,4,25,507,284.152,25,507,4,0.4862,727.4,0.2334,12,complete,0.1713,70871.1
1230,3,50,1000,603.042,48,,9,0.5067,773.9,0.2258,20,step_limit,0.2342,70903.9
1231,4,65,951,773.634,65,951,10,0.4769,802.3,0.3343,32,complete,0.1942,70936.4
1232,3,79,1000,738.167,60,,11,0.4917,701.6,0.2761,55,step_limit,0.2098,70971.0
1233,3,30,568,371.56,30,568,5,0.4994,802.5,0.2004,18,complete,0.2222,70991.9
1234,4,57,822,675.892,57,822,9,0.5502,888.9,0.246,38,complete,0.2043,71023.5
1235,3,49,1000,518.812,46,,7,0.5387,780.4,0.3174,33,step_limit,0.2484,71063.9
1236,3,72,1000,840.846,64,,12,0.483,740.8,0.2379,30,step_limit,0.1884,71104.8
1237,3,57,1000,509.921,45,,8,0.476,767.0,0.3605,85,step_limit,0.2181,71147.4
1238,4,73,1000,675.227,61,,10,0.528,884.1,0.277,19,step_limit,0.24,71187.5
1239,3,40,898,439.863,40,898,6,0.5015,798.1,0.2154,37,complete,0.2273,71223.6
1240,4,21,438,221.661,21,438,3,0.5542,877.9,0.1805,13,complete,0.212,71242.3
1241,4,58,856,728.815,58,856,10,0.5161,721.8,0.2487,38,complete,0.1682,71278.2
1242,4,71,1000,925.408,70,,13,0.542,880.4,0.2254,30,step_limit,0.2093,71319.3
1243,4,54,823,654.45,54,823,9,0.5553,972.0,0.2268,20,complete,0.1913,71354.1
1244,4,23,395,239.852,23,395,3,0.5538,810.7,0.188,9,complete,0.1989,71369.3
1245,3,31,900,341.674,31,900,5,0.4948,780.0,0.285,38,complete,0.1975,71404.6
1246,4,37,669,382.235,37,669,5,0.5934,848.4,0.2097,34,complete,0.2368,71426.6
1247,3,20,574,175.505,20,574,2,0.4187,756.7,0.1887,29,complete,0.2099,71445.0
1248,4,79,1000,762.461,62,,12,0.5397,827.5,0.3421,31,step_limit,0.1996,71477.3
1249,3,22,660,227.268,22,660,3,0.4949,658.8,0.3278,35,complete,0.2083,71497.9
1250,3,27,615,296.683,27,615,4,0.4775,770.3,0.228,31,complete,0.1921,71518.5
1251,3,20,524,175.025,20,524,2,0.4975,770.5,0.2364,32,complete,0.2029,71899.8
1252,4,48,1000,487.567,47,,7,0.5835,957.2,0.3073,39,step_limit,0.2524,71940.8
1253,3,64,1000,739.714,56,,11,0.473,715.0,0.2822,47,step_limit,0.2404,71982.4
1254,4,44,1000,346.555,37,,7,0.5765,853.0,0.4474,54,step_limit,0.2337,72023.1
1255,4,39,469,519.117,39,469,7,0.3891,687.9,0.0485,5,complete,0.1349,72042.5
1256,3,32,637,383.493,32,637,5,0.4851,763.4,0.2598,25,complete,0.1882,72071.5
1257,3,71,1000,795.779,62,,11,0.4043,584.4,0.2351,28,step_limit,0.1449,72114.2
1258,3,40,1000,351.955,34,,6,0.4947,762.6,0.2943,34,step_limit,0.2483,72154.2
1259,3,80,1000,933.62,71,,13,0.3767,644.9,0.2744,53,step_limit,0.155,72195.4
1260,4,60,1000,636.873,56,,9,0.5992,987.2,0.3104,14,step_limit,0.2303,72235.6
1261,4,26,474,281.332,26,474,4,0.5079,827.5,0.2545,25,complete,0.1716,72254.9
1262,4,68,1000,830.859,65,,12,0.4825,672.3,0.2777,14,step_limit,0.1688,72293.9
1263,4,61,672,780.556,61,672,10,0.5097,736.2,0.2068,27,complete,0.1344,72323.5
1264,3,55,1000,650.92,52,,9,0.5023,784.3,0.2373,41,step_limit,0.2049,72365.1
1265,4,73,1000,697.014,61,,10,0.6092,884.0,0.2748,18,step_limit,0.2719,72406.2
1266,4,72,1000,915.261,71,,13,0.5305,828.4,0.3125,37,step_limit,0.187,72448.5
1267,3,46,1000,520.528,43,,8,0.522,774.7,0.2315,50,step_limit,0.2254,72488.4
1268,3,58,1000,620.503,51,,9,0.5253,777.2,0.2899,53,step_limit,0.2212,72530.6
1269,4,74,1000,673.195,60,,10,0.6155,771.5,0.3186,28,step_limit,0.262,72566.8
1270,3,30,654,363.01,30,654,5,0.3741,642.1,0.2522,27,complete,0.1354,72588.1
1271,3,37,667,461.995,37,667,6,0.3623,666.6,0.1267,32,complete,0.1759,72610.2
1272,3,22,671,212.429,22,671,3,0.4918,795.1,0.2222,26,complete,0.2473,72634.1
1273,3,43,1000,414.421,37,,6,0.542,757.2,0.4721,115,step_limit,0.2653,72668.6
1274,3,66,1000,710.445,57,,10,0.3867,778.3,0.3255,57,step_limit,0.1563,72701.4
1275,4,63,1000,750.59,60,,11,0.5893,871.8,0.2507,38,step_limit,0.2261,72734.2
1276,3,47,877,621.973,47,877,9,0.4409,789.8,0.2549,35,complete,0.1717,72762.0
1277,4,30,497,361.107,30,497,5,0.4965,821.4,0.2128,15,complete,0.1627,72781.0
1278,4,62,1000,707.342,60,,10,0.4425,602.1,0.2937,34,step_limit,0.1681,72816.5
1279,3,28,738,344.806,28,738,5,0.4097,727.8,0.2113,18,complete,0.1836,72842.8
1280,4,47,627,591.873,47,627,8,0.4561,722.6,0.2106,14,complete,0.1506,72862.9
1281,3,66,1000,711.836,55,,11,0.4087,761.4,0.2472,27,step_limit,0.1751,72896.8
1282,3,74,1000,921.02,69,,13,0.4243,698.0,0.1751,18,step_limit,0.1602,72931.1
1283,3,80,1000,773.66,62,,11,0.348,778.1,0.2424,69,step_limit,0.161,72966.2
1284,4,57,1000,666.105,55,,10,0.5347,835.1,0.256,33,step_limit,0.2161,73008.6
1285,3,40,896,482.388,40,896,7,0.5636,762.3,0.325,63,complete,0.2296,73044.2
1286,4,50,854,560.176,50,854,7,0.6446,1048.7,0.3079,31,complete,0.2401,73078.3
1287,4,36,462,452.198,36,462,6,0.5168,738.7,0.1792,12,complete,0.1389,73096.8
1288,3,32,690,375.697,32,690,5,0.543,786.8,0.2135,34,complete,0.2286,73124.7
1289,3,51,792,675.14,51,792,9,0.46,746.2,0.2735,32,complete,0.1738,73156.3
1290,3,56,1000,537.488,48,,8,0.4897,739.5,0.2533,35,step_limit,0.2642,73196.1
1291,3,33,687,345.435,33,687,4,0.5303,721.6,0.236,20,complete,0.25,73223.8
1292,3,48,987,579.334,48,987,8,0.4448,774.1,0.2223,21,complete,0.2294,73262.9
1293,3,27,796,280.564,27,796,4,0.5197,747.7,0.3591,66,complete,0.2176,73295.2
1294,4,72,1000,791.233,66,,12,0.5355,842.5,0.2671,33,step_limit,0.2154,73333.2
1295,4,38,684,441.472,38,684,6,0.561,820.7,0.2869,24,complete,0.1656,73356.7
1296,3,47,1000,543.738,46,,7,0.4947,773.8,0.2661,71,step_limit,0.2092,73389.9
1297,3,44,957,567.004,44,957,8,0.396,651.6,0.1756,30,complete,0.1551,73422.2
1298,3,29,513,365.086,29,513,5,0.4198,592.6,0.1566,17,complete,0.1609,73439.8
1299,4,55,1000,597.28,51,,9,0.5515,817.7,0.2496,17,step_limit,0.2321,73473.8
1300,4,49,1000,551.298,48,,8,0.626,1020.9,0.3377,74,step_limit,0.2217,73506.8
1301,4,22,405,176.218,22,405,1,0.4519,701.0,0.2502,18,complete,0.1726,73918.7
1302,4,46,609,553.449,46,609,7,0.3637,604.1,0.209,13,complete,0.1098,73944.7
1303,4,51,792,619.936,51,792,8,0.3646,574.4,0.2552,18,complete,0.1458,73976.6
1304,4,41,563,435.9,41,563,5,0.3992,597.3,0.3194,20,complete,0.1303,73999.0
1305,4,56,839,697.454,56,839,10,0.534,831.7,0.1743,22,complete,0.2037,74034.5
1306,4,51,911,594.031,51,911,9,0.5192,782.7,0.305,30,complete,0.2205,74072.4
1307,3,52,1000,588.552,47,,9,0.5207,773.8,0.2584,36,step_limit,0.2416,74115.1
1308,4,44,555,548.173,44,555,7,0.5437,810.7,0.2076,18,complete,0.2007,74138.0
1309,4,65,1000,790.689,63,,11,0.4795,763.0,0.2909,27,step_limit,0.164,74180.9
1310,3,20,628,196.13,20,628,3,0.534,792.8,0.3083,35,complete,0.2407,74205.8
1311,4,70,1000,476.16,49,,8,0.6577,805.9,0.3859,18,step_limit,0.2706,74248.9
1312,3,38,942,469.679,38,942,7,0.4689,699.9,0.2727,40,complete,0.1795,74286.5
1313,3,39,957,453.098,39,957,6,0.3389,571.1,0.2859,72,complete,0.1518,74323.8
1314,3,59,1000,754.719,57,,11,0.3917,675.7,0.2347,34,step_limit,0.1512,74356.8
1315,4,65,1000,765.828,62,,11,0.557,951.9,0.2116,20,step_limit,0.2107,74390.8
1316,4,67,1000,762.567,64,,11,0.432,756.8,0.2385,28,step_limit,0.1715,74423.7
1317,3,73,1000,767.093,61,,11,0.4733,743.9,0.2677,38,step_limit,0.1784,74456.2
1318,3,24,653,273.01,24,653,4,0.5232,743.5,0.3434,72,complete,0.2011,74477.2
1319,3,31,636,365.523,31,636,5,0.4434,631.3,0.2506,63,complete,0.1376,74498.9
1320,4,47,913,579.429,47,913,8,0.5334,761.1,0.4075,78,complete,0.1651,74528.9
1321,3,75,1000,809.232,63,,12,0.3783,658.7,0.2471,34,step_limit,0.1557,74561.5
1322,3,49,1000,621.098,48,,9,0.4687,734.9,0.2278,28,step_limit,0.2127,74595.1
1323,4,75,1000,810.811,67,,12,0.4542,852.2,0.2931,33,step_limit,0.1806,74628.9
1324,3,46,1000,512.139,42,,8,0.4513,754.6,0.3283,159,step_limit,0.2121,74662.0
1325,3,59,1000,527.393,46,,8,0.3807,705.2,0.2362,27,step_limit,0.2243,74696.0
1326,3,44,1000,525.205,42,,8,0.509,774.8,0.2567,32,step_limit,0.2449,74728.8
1327,4,32,386,394.335,32,386,5,0.3769,622.8,0.157,14,complete,0.1122,74741.6
1328,4,45,826,524.578,45,826,7,0.6235,999.7,0.2799,16,complete,0.2337,74775.7
1329,3,41,1000,452.493,40,,7,0.5023,780.3,0.2604,58,step_limit,0.3158,74817.1
1330,4,65,1000,644.018,55,,10,0.5657,895.8,0.33,50,step_limit,0.2393,74858.3
1331,4,74,1000,742.222,64,,11,0.5537,877.6,0.3458,39,step_limit,0.241,74899.2
1332,3,35,825,416.999,35,825,6,0.4012,623.4,0.2131,36,complete,0.2099,74932.5
1333,3,77,1000,776.256,60,,12,0.4367,701.1,0.254,50,step_limit,0.2203,74971.8
1334,3,64,1000,630.136,54,,9,0.4737,749.9,0.2808,63,step_limit,0.2118,75013.2
1335,4,58,940,708.593,58,940,10,0.583,931.3,0.2284,12,complete,0.2065,75052.9
1336,3,56,1000,628.393,51,,9,0.5017,781.7,0.3368,65,step_limit,0.2141,75094.4
1337,4,58,1000,646.083,55,,10,0.6242,1039.9,0.3062,23,step_limit,0.2413,75135.6
1338,4,52,792,618.066,52,792,8,0.5284,799.5,0.2378,29,complete,0.1641,75168.9
1339,3,66,1000,767.186,59,,11,0.3753,655.6,0.2359,38,step_limit,0.1694,75210.5
1340,4,72,1000,889.378,71,,12,0.482,804.3,0.232,24,step_limit,0.1806,75252.5
1341,4,37,798,436.339,37,798,7,0.6576,981.7,0.2983,26,complete,0.3,75276.4
1342,4,72,875,917.456,72,875,12,0.4346,598.8,0.2043,13,complete,0.1341,75308.5
1343,3,73,1000,763.245,60,,11,0.486,784.7,0.2654,38,step_limit,0.2164,75341.2
1344,4,34,881,337.313,34,881,5,0.6544,1020.3,0.3261,42,complete,0.2887,75372.5
1345,4,41,552,530.866,41,552,8,0.4429,657.6,0.2393,16,complete,0.1554,75391.0
1346,4,33,643,364.074,33,643,5,0.5661,776.2,0.2327,23,complete,0.2329,75412.7
1347,3,42,1000,471.243,41,,7,0.4877,757.5,0.2883,78,step_limit,0.2211,75449.1
1348,3,65,1000,825.903,61,,12,0.3793,707.2,0.2301,22,step_limit,0.1667,75486.7
1349,3,21,560,220.5,21,560,3,0.3494,613.4,0.1486,31,complete,0.1786,75507.6
1350,4,56,715,741.25,56,715,10,0.3948,757.4,0.1559,11,complete,0.1465,75533.6
1351,4,56,616,713.067,56,616,9,0.4972,673.0,0.1528,10,complete,0.1425,75971.6
1352,4,20,316,200.96,20,316,2,0.4739,784.2,0.0732,7,complete,0.1923,75984.0
1353,3,25,455,310.726,25,455,4,0.3963,688.8,0.1172,20,complete,0.1667,76003.9
1354,3,58,910,752.386,58,910,10,0.4297,647.3,0.1545,28,complete,0.1607,76041.8
1355,4,79,1000,929.175,73,,14,0.4475,751.2,0.3193,97,step_limit,0.1708,76083.1
1356,4,38,834,442.387,38,834,7,0.601,1047.5,0.1912,23,complete,0.2765,76116.9
1357,4,63,1000,746.013,61,,11,0.5172,928.8,0.2494,15,step_limit,0.256,76159.3
1358,4,28,874,251.94,28,874,4,0.6427,944.9,0.3103,27,complete,0.3048,76193.7
1359,4,39,902,415.725,39,902,6,0.462,686.6,0.3104,42,complete,0.2285,76226.5
1360,4,43,609,489.166,43,609,6,0.5731,890.6,0.3057,20,complete,0.1994,76246.7
1361,3,44,941,526.977,44,941,7,0.5508,776.5,0.3411,71,complete,0.2366,76276.6
1362,3,35,904,421.76,35,904,6,0.4605,775.5,0.2926,40,complete,0.1954,76306.0
1363,4,40,558,502.02,40,558,7,0.5618,798.2,0.1841,12,complete,0.2321,76323.6
1364,4,38,831,414.539,38,831,6,0.6468,956.2,0.3421,29,complete,0.2471,76351.1
1365,4,73,1000,829.699,68,,12,0.55,830.2,0.2581,19,step_limit,0.2052,76384.9
1366,3,38,1000,379.082,36,,6,0.5187,782.2,0.3033,37,step_limit,0.2596,76416.4
1367,3,73,1000,630.766,55,,9,0.4263,759.1,0.3258,51,step_limit,0.2182,76451.2
1368,4,30,529,326.347,30,529,4,0.5425,879.9,0.201,18,complete,0.209,76470.7
1369,3,47,1000,483.155,41,,7,0.5397,737.1,0.3839,137,step_limit,0.1754,76504.3
1370,4,24,489,229.073,24,489,3,0.4893,704.4,0.1937,9,complete,0.1955,76519.6
1371,3,27,618,288.938,27,618,4,0.4525,589.5,0.2376,37,complete,0.1889,76540.0
1372,4,58,1000,473.972,49,,7,0.5655,880.5,0.3239,27,step_limit,0.287,76573.6
1373,4,62,1000,668.432,56,,10,0.6118,916.7,0.2898,17,step_limit,0.2765,76606.1
1374,3,38,809,449.141,38,809,6,0.4631,791.2,0.256,77,complete,0.2222,76632.6
1375,3,21,731,209.899,21,731,3,0.4492,762.2,0.2808,41,complete,0.2069,76659.2
1376,4,61,1000,692.4,55,,11,0.608,1011.0,0.2463,20,step_limit,0.2725,76701.1
1377,4,41,748,488.441,41,748,7,0.6257,866.6,0.3632,50,complete,0.25,76732.3
1378,4,55,887,653.378,55,887,9,0.5251,924.4,0.2464,18,complete,0.1818,76768.7
1379,4,27,564,282.803,27,564,4,0.4366,699.8,0.2349,18,complete,0.1914,76791.0
1380,4,22,989,205.822,22,989,4,0.6742,867.4,0.4667,190,complete,0.263,76832.0
1381,4,42,1000,453.924,41,,7,0.5743,940.4,0.2676,16,step_limit,0.1953,76872.7
1382,3,57,975,734.155,57,975,10,0.4769,772.7,0.2681,26,complete,0.1576,76912.3
1383,4,22,690,160.0,22,690,2,0.6703,826.3,0.3319,27,complete,0.2897,76940.7
1384,4,66,1000,835.679,65,,12,0.4238,771.5,0.3218,18,step_limit,0.1715,76981.9
1385,3,70,1000,711.194,58,,10,0.4373,713.9,0.3146,46,step_limit,0.2111,77022.3
1386,4,25,439,287.08,25,439,4,0.4784,694.4,0.1133,8,complete,0.2031,77042.2
1387,3,74,1000,792.912,60,,12,0.428,751.6,0.2759,70,step_limit,0.236,77084.6
1388,4,21,399,194.345,21,399,2,0.5006,857.7,0.138,26,complete,0.2551,77101.3
1389,4,63,796,820.579,63,796,11,0.5019,847.0,0.2386,26,complete,0.1952,77135.4
1390,4,26,762,226.72,26,762,4,0.607,864.0,0.3387,16,complete,0.2817,77167.6
1391,3,78,1000,888.858,70,,12,0.406,669.0,0.2618,23,step_limit,0.1534,77209.9
1392,3,49,1000,625.286,48,,9,0.5087,788.6,0.2952,71,step_limit,0.1923,77245.9
1393,4,68,1000,704.918,59,,11,0.6162,1051.2,0.239,23,step_limit,0.2988,77279.4
1394,4,22,774,186.931,22,774,3,0.6618,944.8,0.3241,34,complete,0.2536,77303.9
1395,3,61,1000,784.102,60,,11,0.4533,651.2,0.2329,32,step_limit,0.1608,77338.0
1396,4,43,1000,426.642,42,,6,0.5763,907.6,0.2369,21,step_limit,0.2623,77370.4
1397,4,71,1000,855.194,67,,12,0.5627,826.6,0.2569,21,step_limit,0.2077,77405.8
1398,3,47,964,573.303,47,964,8,0.4665,785.6,0.1886,25,complete,0.2127,77437.7
1399,4,40,760,446.55,40,760,6,0.4313,764.4,0.3003,66,complete,0.1707,77464.1
1400,4,23,502,232.494,23,502,3,0.6096,912.1,0.2002,10,complete,0.2917,77482.8
1401,4,27,596,289.419,27,596,4,0.4987,987.1,0.144,10,complete,0.2298,77930.2
1402,4,78,1000,985.851,75,,14,0.4647,679.2,0.2335,44,step_limit,0.1826,77976.4
1403,4,51,872,609.724,51,872,9,0.4776,715.3,0.27,22,complete,0.1959,78007.5
1404,3,29,955,260.016,29,955,4,0.5211,758.3,0.3078,95,complete,0.275,78038.5
1405,4,28,1000,202.414,27,,4,0.6725,1059.9,0.3455,56,step_limit,0.325,78072.9
1406,3,57,1000,581.147,51,,8,0.4627,781.9,0.2273,29,step_limit,0.2654,78109.7
1407,4,34,631,408.948,34,631,6,0.4826,771.4,0.213,10,complete,0.2365,78133.0
1408,3,68,1000,756.185,60,,11,0.3843,557.0,0.3084,45,step_limit,0.1534,78171.3
1409,4,23,397,237.842,23,397,3,0.4761,789.8,0.1794,17,complete,0.1686,78185.5
1410,4,62,1000,566.277,52,,9,0.5855,912.4,0.2931,36,step_limit,0.2741,78219.2
1411,3,48,1000,557.919,46,,8,0.5323,786.1,0.3484,41,step_limit,0.2233,78251.8
1412,4,20,217,242.34,20,217,3,0.4585,552.0,0.0795,7,complete,0.1328,78259.4
1413,3,60,1000,625.62,52,,9,0.5257,719.0,0.2414,34,step_limit,0.2147,78294.7
1414,4,53,654,684.859,53,654,9,0.5004,738.8,0.1671,14,complete,0.1536,78317.8
1415,3,56,1000,626.416,51,,9,0.5233,752.9,0.2778,40,step_limit,0.2263,78350.9
1416,3,40,1000,433.33,37,,7,0.512,720.2,0.405,67,step_limit,0.2308,78383.0
1417,4,48,691,559.418,48,691,7,0.4758,723.9,0.149,10,complete,0.1713,78407.1
1418,3,54,1000,593.161,49,,8,0.5117,768.1,0.3331,110,step_limit,0.2067,78433.2
1419,3,45,1000,501.06,44,,7,0.5247,783.0,0.1691,21,step_limit,0.2751,78460.4
1420,3,56,963,727.374,56,963,10,0.4884,747.1,0.2697,28,complete,0.2018,78486.9
1421,3,28,437,333.961,28,437,4,0.3974,634.8,0.0871,21,complete,0.1111,78498.5
1422,4,56,991,654.446,56,991,9,0.6168,965.0,0.285,37,complete,0.2729,78525.4
1423,3,42,1000,438.314,37,,7,0.5353,802.9,0.4277,158,step_limit,0.2247,78552.1
1424,4,22,394,211.149,22,394,2,0.4879,613.5,0.2103,12,complete,0.189,78562.1
1425,3,29,996,318.217,29,996,5,0.5639,795.0,0.3577,83,complete,0.2346,78588.4
1426,3,41,858,507.889,41,858,7,0.5159,783.6,0.2324,34,complete,0.2364,78612.0
1427,3,20,407,235.4,20,407,3,0.3448,605.0,0.194,18,complete,0.122,78622.2
1428,4,77,1000,739.153,66,,10,0.5807,971.3,0.2541,29,step_limit,0.2446,78649.5
1429,3,27,1000,261.422,26,,4,0.5427,784.5,0.4472,178,step_limit,0.248,78676.5
1430,4,79,1000,1035.565,76,,15,0.504,756.6,0.1886,23,step_limit,0.1916,78704.3
1431,3,49,1000,475.876,43,,7,0.5173,784.2,0.3136,53,step_limit,0.2685,78732.1
1432,4,57,854,708.935,57,854,10,0.5913,869.3,0.303,28,complete,0.2075,78755.4
1433,3,68,1000,782.491,61,,11,0.447,757.8,0.2014,49,step_limit,0.1871,78781.8
1434,4,45,1000,478.862,44,,8,0.4958,782.2,0.2087,18,step_limit,0.2114,78809.4
1435,3,73,1000,717.468,60,,10,0.457,770.4,0.2504,34,step_limit,0.2185,78836.6
1436,4,30,407,344.213,30,407,4,0.5221,785.4,0.1358,8,complete,0.1863,78847.6
1437,4,64,1000,781.419,62,,11,0.4115,643.0,0.2145,24,step_limit,0.1587,78875.0
1438,3,36,1000,343.8,34,,5,0.574,793.4,0.4352,76,step_limit,0.2452,78901.7
1439,3,50,793,650.528,50,793,9,0.3649,573.0,0.2027,20,complete,0.1579,78921.3
1440,4,33,949,317.555,33,949,5,0.6673,948.7,0.3181,18,complete,0.2796,78939.7
1441,4,72,1000,712.711,61,,11,0.5877,1012.1,0.2768,19,step_limit,0.2729,78960.2
1442,3,54,1000,633.494,52,,9,0.3967,732.0,0.2093,32,step_limit,0.158,78979.3
1443,4,38,395,453.168,38,395,5,0.3652,690.5,0.102,8,complete,0.127,78988.1
1444,3,56,1000,665.068,51,,10,0.4997,715.2,0.2464,47,step_limit,0.2234,79006.9
1445,4,70,1000,820.617,66,,11,0.3678,586.3,0.2968,26,step_limit,0.1385,79027.5
1446,4,62,819,796.898,62,819,11,0.5308,733.6,0.2647,20,complete,0.169,79043.4
1447,4,41,754,476.26,41,754,7,0.5073,796.4,0.177,10,complete,0.2104,79058.9
1448,4,39,897,392.223,39,897,6,0.5978,974.3,0.2735,24,complete,0.2395,79075.9
1449,3,27,647,337.59,27,647,5,0.5131,784.8,0.2601,22,complete,0.2527,79089.3
1450,3,77,1000,564.457,50,,9,0.44,719.2,0.4344,40,step_limit,0.1994,79108.8
1451,3,40,1000,447.922,39,,7,0.533,796.9,0.3131,58,step_limit,0.2458,79405.0
1452,4,30,523,315.0,30,523,4,0.6099,1047.9,0.2459,11,complete,0.254,79419.9
1453,4,49,1000,582.669,48,,9,0.6072,971.8,0.229,21,step_limit,0.3103,79446.1
1454,4,33,449,363.725,33,449,4,0.5095,949.2,0.1588,10,complete,0.1741,79459.5
1455,4,25,286,255.376,25,286,2,0.4327,676.5,0.1427,8,complete,0.1382,79466.7
1456,4,50,1000,485.168,45,,8,0.6445,927.5,0.2696,50,step_limit,0.3107,79494.2
1457,4,29,374,297.04,29,374,3,0.4726,647.4,0.0566,5,complete,0.1863,79504.2
1458,4,38,485,471.484,38,485,6,0.3536,735.4,0.1074,7,complete,0.1542,79516.9
1459,4,32,483,382.73,32,483,5,0.3711,626.6,0.2489,15,complete,0.1798,79530.8
1460,4,80,1000,918.97,72,,13,0.5647,783.4,0.2852,21,step_limit,0.2339,79558.6
1461,4,27,374,324.003,27,374,4,0.2888,624.9,0.094,4,complete,0.1225,79568.5
1462,4,36,769,415.34,36,769,6,0.62,1007.4,0.3044,23,complete,0.2651,79589.8
1463,4,60,786,788.553,60,786,11,0.5277,786.2,0.1555,21,complete,0.2024,79610.7
1464,4,58,943,713.17,58,943,10,0.4517,794.8,0.2553,14,complete,0.1696,79636.5
1465,4,37,859,444.959,37,859,7,0.6342,1022.4,0.2961,31,complete,0.3042,79660.3
1466,4,47,728,614.88,47,728,9,0.544,909.2,0.3081,18,complete,0.215,79679.8
1467,4,71,895,946.2,71,895,13,0.4464,710.9,0.2484,28,complete,0.157,79704.8
1468,3,45,1000,495.233,43,,7,0.5357,792.6,0.321,66,step_limit,0.2458,79732.1
1469,3,41,986,502.088,41,986,7,0.4317,690.6,0.3388,69,complete,0.1993,79758.7
1470,3,56,1000,571.37,46,,9,0.5137,775.3,0.318,72,step_limit,0.2547,79784.3
1471,3,22,398,248.669,22,398,3,0.3702,549.9,0.1007,13,complete,0.1453,79796.0
1472,4,80,935,1077.485,80,935,15,0.4965,744.4,0.1505,10,complete,0.1738,79822.4
1473,3,28,626,337.013,28,626,5,0.533,742.9,0.2254,21,complete,0.2116,79838.9
1474,3,61,1000,626.639,53,,9,0.4897,744.9,0.2754,39,step_limit,0.2143,79866.2
1475,3,45,1000,542.347,44,,8,0.4623,753.0,0.2607,77,step_limit,0.2418,79893.2
1476,3,31,995,343.392,31,995,5,0.5524,789.7,0.4282,193,complete,0.2605,79919.2
1477,4,26,603,272.342,26,603,4,0.5742,834.5,0.2205,12,complete,0.2803,79936.2
1478,4,23,401,238.117,23,401,3,0.4769,720.8,0.0681,9,complete,0.224,79946.9
1479,4,70,1000,814.32,66,,12,0.5815,985.6,0.2454,30,step_limit,0.2359,79974.3
1480,4,41,653,507.119,41,653,7,0.5605,830.0,0.1935,24,complete,0.2031,79992.7
1481,4,28,517,315.634,28,517,4,0.4149,642.6,0.2109,24,complete,0.1638,80006.3
1482,4,47,553,612.808,47,553,8,0.3969,666.0,0.1395,10,complete,0.1167,80022.2
1483,4,26,778,213.403,26,778,3,0.6054,907.5,0.3352,47,complete,0.2993,80042.2
1484,4,39,818,430.695,39,818,6,0.5281,902.0,0.1948,19,complete,0.2412,80064.4
1485,4,75,969,951.043,75,969,13,0.3759,607.5,0.2566,25,complete,0.1411,80091.8
1486,4,80,1000,887.145,72,,13,0.4733,784.4,0.2632,19,step_limit,0.187,80118.7
1487,4,54,1000,568.874,50,,9,0.6192,944.4,0.3077,19,step_limit,0.284,80145.9
1488,4,72,1000,796.467,66,,11,0.5875,892.2,0.2498,18,step_limit,0.2149,80173.4
1489,3,64,1000,566.422,50,,8,0.4897,714.7,0.3175,82,step_limit,0.2424,80200.5
1490,3,49,1000,541.849,45,,8,0.3453,590.4,0.2755,69,step_limit,0.1321,80228.0
1491,3,68,1000,449.025,45,,7,0.4517,760.5,0.3032,57,step_limit,0.2444,80248.4
1492,4,75,1000,933.856,72,,13,0.417,669.4,0.2661,19,step_limit,0.1512,80269.5
1493,3,28,650,334.407,28,650,5,0.4836,779.6,0.2366,35,complete,0.2256,80282.1
1494,4,60,819,789.853,60,819,11,0.5739,808.0,0.1896,34,complete,0.2136,80299.0
1495,4,56,486,740.024,56,486,9,0.376,581.9,0.1435,13,complete,0.1173,80308.4
1496,4,62,1000,771.303,60,,12,0.4803,882.4,0.2641,18,step_limit,0.2202,80328.1
1497,3,76,1000,708.379,60,,10,0.458,752.7,0.2385,34,step_limit,0.2306,80349.5
1498,3,55,1000,646.711,53,,9,0.358,592.5,0.3108,85,step_limit,0.1712,80368.6
1499,3,28,607,342.211,28,607,5,0.4843,734.8,0.2742,24,complete,0.1771,80381.6
1500,4,24,550,212.417,24,550,2,0.4814,752.5,0.3003,33,complete,0.1806,80391.9
