episode,steps,team_reward,worker_reward,delivered,makespan,t_last_deliv,idle_drones,reloads,arrivals,blocked,hop2plus,max_reach,stall_ratio,max_stall_run,term_reason,comm_loss,env_steps,wall_sec
1,1000,480.0,27.376,37,,973,0,5,33,1553,0.5968,817.6,0.4141,96,step_limit,0,1000,1.8
2,1000,420.0,6.602,34,,972,0,4,26,1979,0.646,805.4,0.5141,67,step_limit,0,2000,3.3
3,1000,600.0,37.492,43,,997,0,7,32,1380,0.603,962.0,0.3566,18,step_limit,0,3000,4.8
4,1000,360.0,10.373,31,,986,0,3,42,1930,0.5965,763.8,0.5059,58,step_limit,0,4000,8.1
5,1000,640.0,53.847,44,,965,0,8,38,1119,0.5915,914.4,0.2885,20,step_limit,0,5000,9.5
6,1000,460.0,41.622,35,,816,0,5,76,1499,0.5633,891.4,0.3866,53,step_limit,0,6000,12.6
7,1000,250.0,-25.764,23,,438,0,2,94,2832,0.6597,789.8,0.7467,498,step_limit,0,7000,27.0
8,1000,280.0,-45.018,23,,377,0,3,47,2965,0.647,732.1,0.7872,557,step_limit,0,8000,46.7
9,1000,210.0,9.662,19,,414,0,2,265,2933,0.6025,603.7,0.7681,404,step_limit,0,9000,63.7
10,1000,210.0,70.602,19,,587,0,2,485,2706,0.4612,593.2,0.7113,428,step_limit,0,10000,82.5
11,1000,150.0,-14.67,16,,352,0,1,179,2996,0.5925,575.5,0.7755,642,step_limit,0,11000,99.6
12,1000,100.0,-61.02,14,,237,0,0,52,3318,0.681,748.5,0.857,659,step_limit,0,12000,117.8
13,1000,420.0,-21.934,31,,567,0,5,39,2491,0.6155,706.6,0.672,427,step_limit,0,13000,136.0
14,1000,380.0,229.416,30,,993,0,4,943,1725,0.3685,705.9,0.4544,10,step_limit,0,14000,154.3
15,1000,370.0,-1.898,29,,563,0,4,106,2441,0.6385,778.8,0.6477,344,step_limit,0,15000,171.7
16,1000,530.0,3.499,39,,870,0,6,43,2013,0.6715,888.1,0.55,237,step_limit,0,16000,190.5
17,1000,550.0,5.71,41,,932,0,6,43,1932,0.6322,889.2,0.5333,223,step_limit,0,17000,208.9
18,1000,390.0,-15.694,31,,557,0,4,30,2367,0.6485,769.1,0.6339,109,step_limit,0,18000,227.0
19,1000,460.0,30.19,35,,893,0,5,84,1761,0.6022,789.0,0.4758,46,step_limit,0,19000,246.2
20,1000,460.0,29.783,35,,959,0,5,103,1904,0.5847,838.8,0.4917,79,step_limit,0,20000,264.1
21,1000,520.0,0.309,38,,949,0,6,29,2037,0.6168,829.2,0.5521,115,step_limit,0,21000,283.3
22,1000,450.0,-10.235,34,,943,0,5,38,2245,0.6368,878.6,0.6057,166,step_limit,0,22000,302.4
23,1000,390.0,-13.218,31,,923,0,4,45,2408,0.6035,784.7,0.6402,123,step_limit,0,23000,319.3
24,1000,440.0,1.136,33,,966,0,5,40,2061,0.5185,803.8,0.5569,303,step_limit,0,24000,338.3
25,1000,520.0,33.336,38,,999,0,6,138,1916,0.584,901.9,0.5123,33,step_limit,0,25000,355.7
26,1000,460.0,24.974,35,,928,0,5,102,1981,0.6148,883.6,0.5144,58,step_limit,0,26000,373.2
27,1000,440.0,-12.842,33,,811,0,5,31,2284,0.6415,750.9,0.6143,179,step_limit,0,27000,393.1
28,1000,570.0,28.049,43,,977,0,6,43,1630,0.6285,889.9,0.4373,62,step_limit,0,28000,409.5
29,1000,530.0,2.353,39,,971,0,6,37,2022,0.6597,860.7,0.5441,140,step_limit,0,29000,428.2
30,1000,400.0,-10.893,32,,667,0,4,36,2296,0.6355,890.1,0.6132,256,step_limit,0,30000,444.9
31,1000,600.0,42.813,43,,893,0,7,49,1388,0.6205,918.1,0.3729,35,step_limit,0,31000,463.4
32,1000,610.0,40.893,44,,986,0,7,44,1383,0.6593,905.0,0.3722,26,step_limit,0,32000,480.5
33,1000,440.0,-8.251,33,,966,0,5,31,2219,0.6737,852.8,0.591,238,step_limit,0,33000,499.0
34,1000,450.0,-4.619,34,,874,0,5,47,2193,0.6542,844.6,0.5881,94,step_limit,0,34000,516.8
35,1000,580.0,18.815,44,,924,0,6,37,1730,0.664,907.9,0.4717,80,step_limit,0,35000,535.7
36,1000,470.0,0.39,36,,991,0,5,34,2028,0.629,876.8,0.5497,112,step_limit,0,36000,552.7
37,1000,460.0,-3.936,35,,967,0,5,43,2220,0.6597,885.2,0.5935,159,step_limit,0,37000,571.6
38,1000,490.0,-8.193,38,,976,0,5,34,2233,0.6328,859.8,0.5919,78,step_limit,0,38000,588.5
39,1000,570.0,8.413,40,,911,0,7,36,1931,0.6415,880.5,0.5143,52,step_limit,0,39000,606.6
40,1000,460.0,-6.442,35,,848,0,5,52,2281,0.5793,821.1,0.6103,217,step_limit,0,40000,623.3
41,1000,630.0,17.489,46,,998,0,7,47,1794,0.6577,962.0,0.4931,198,step_limit,0,41000,641.1
42,1000,470.0,10.009,36,,729,0,5,34,1888,0.654,890.1,0.4955,60,step_limit,0,42000,657.6
43,1000,430.0,-13.611,32,,993,0,5,28,2321,0.6178,814.7,0.6129,81,step_limit,0,43000,676.0
44,1000,540.0,6.1,40,,938,0,6,44,2008,0.6637,870.5,0.5407,134,step_limit,0,44000,693.8
45,1000,420.0,-15.883,31,,945,0,5,46,2427,0.6562,739.7,0.6477,186,step_limit,0,45000,710.6
46,1000,510.0,16.671,40,,855,0,5,55,1863,0.5683,878.7,0.5059,61,step_limit,0,46000,729.5
47,1000,490.0,1.848,38,,826,0,5,35,2019,0.6565,878.2,0.5478,115,step_limit,0,47000,746.7
48,1000,560.0,27.541,42,,834,0,6,55,1651,0.644,958.7,0.4418,39,step_limit,0,48000,765.3
49,1000,580.0,34.531,41,,900,0,7,45,1472,0.589,879.2,0.4009,52,step_limit,0,49000,782.5
50,1000,570.0,18.665,40,,811,0,7,42,1758,0.6105,885.4,0.4778,41,step_limit,0,50000,800.9
51,1000,490.0,3.62,35,,859,0,6,31,1989,0.5905,850.7,0.5319,56,step_limit,0,51000,825.7
52,1000,580.0,50.352,41,,905,0,7,39,1223,0.6088,870.4,0.3167,38,step_limit,0,52000,843.1
53,1000,230.0,-48.56,21,,328,0,2,18,2898,0.5212,788.1,0.7538,372,step_limit,0,53000,861.8
54,1000,490.0,8.83,38,,978,0,5,47,1985,0.6232,851.2,0.5357,46,step_limit,0,54000,879.2
55,1000,460.0,-10.548,35,,758,0,5,34,2259,0.6715,810.6,0.6118,108,step_limit,0,55000,898.0
56,1000,540.0,43.546,40,,988,0,6,81,1489,0.6038,909.7,0.4007,35,step_limit,0,56000,914.7
57,1000,410.0,-2.85,33,,997,0,4,33,2152,0.656,848.8,0.5732,99,step_limit,0,57000,933.4
58,1000,510.0,45.549,40,,930,0,5,85,1515,0.5835,893.8,0.4031,63,step_limit,0,58000,950.5
59,1000,550.0,29.965,41,,914,0,6,39,1510,0.6315,887.6,0.4018,30,step_limit,0,59000,969.5
60,1000,630.0,35.411,43,,900,0,8,47,1472,0.6395,976.4,0.3853,35,step_limit,0,60000,986.2
61,1000,340.0,-29.821,29,,745,0,3,28,2602,0.6683,795.4,0.695,131,step_limit,0,61000,1005.7
62,1000,640.0,44.671,44,,883,0,8,53,1341,0.639,931.9,0.3517,32,step_limit,0,62000,1023.2
63,1000,550.0,14.682,41,,984,0,6,40,1827,0.658,890.6,0.4991,79,step_limit,0,63000,1041.2
64,1000,490.0,4.342,35,,988,0,6,28,2025,0.6332,822.2,0.5366,58,step_limit,0,64000,1058.5
65,1000,600.0,22.402,43,,723,0,7,45,1724,0.661,952.1,0.471,36,step_limit,0,65000,1077.1
66,1000,550.0,27.997,41,,884,0,6,39,1603,0.6172,873.4,0.4325,56,step_limit,0,66000,1093.7
67,1000,560.0,48.447,42,,905,0,6,76,1331,0.607,860.0,0.3563,67,step_limit,0,67000,1112.3
68,1000,510.0,15.104,40,,949,0,5,40,1815,0.6332,916.0,0.4886,54,step_limit,0,68000,1131.1
69,1000,530.0,16.477,39,,963,0,6,44,1834,0.631,960.6,0.4858,95,step_limit,0,69000,1147.7
70,1000,470.0,10.489,36,,988,0,5,40,1953,0.6292,885.3,0.5223,59,step_limit,0,70000,1168.9
71,1000,460.0,-3.29,35,,927,0,5,30,2139,0.666,919.8,0.5684,39,step_limit,0,71000,1189.5
72,1000,340.0,-11.323,29,,744,0,3,31,2305,0.658,752.5,0.6065,72,step_limit,0,72000,1208.8
73,1000,430.0,16.185,35,,969,0,4,30,1774,0.6348,875.5,0.4778,43,step_limit,0,73000,1226.4
74,1000,560.0,20.607,42,,980,0,6,34,1621,0.6265,891.0,0.4471,55,step_limit,0,74000,1244.8
75,1000,580.0,23.226,44,,978,0,6,39,1646,0.6252,948.6,0.444,52,step_limit,0,75000,1261.3
76,1000,580.0,29.896,41,,883,0,7,39,1555,0.63,874.3,0.4073,36,step_limit,0,76000,1279.4
77,1000,280.0,-44.587,23,,345,0,3,25,2885,0.6585,669.4,0.7582,617,step_limit,0,77000,1297.2
78,1000,510.0,10.902,37,,988,0,6,39,1924,0.6345,911.3,0.5133,51,step_limit,0,78000,1316.8
79,1000,570.0,23.748,40,,943,0,7,48,1700,0.595,874.4,0.4524,57,step_limit,0,79000,1334.6
80,1000,540.0,14.703,40,,979,0,6,38,1840,0.6165,879.0,0.4943,81,step_limit,0,80000,1351.2
81,1000,520.0,3.857,38,,971,0,6,42,2033,0.6145,886.0,0.5451,98,step_limit,0,81000,1369.6
82,1000,590.0,46.501,42,,838,0,7,70,1364,0.6068,906.0,0.3668,25,step_limit,0,82000,1387.6
83,1000,550.0,22.207,41,,953,0,6,37,1641,0.6485,895.5,0.4395,36,step_limit,0,83000,1405.1
84,1000,500.0,18.393,39,,978,0,5,46,1807,0.6298,884.4,0.4778,32,step_limit,0,84000,1422.8
85,1000,580.0,30.759,44,,857,0,6,37,1536,0.6375,927.9,0.412,31,step_limit,0,85000,1441.4
86,1000,580.0,34.538,44,,990,0,6,50,1493,0.6372,930.7,0.3961,31,step_limit,0,86000,1459.2
87,1000,480.0,20.943,34,,997,0,6,39,1786,0.5962,841.5,0.4669,35,step_limit,0,87000,1477.3
88,1000,480.0,21.227,37,,994,0,5,32,1726,0.626,875.0,0.4525,78,step_limit,0,88000,1494.5
89,1000,450.0,5.013,34,,800,0,5,40,2039,0.6555,836.4,0.5412,40,step_limit,0,89000,1513.8
90,1000,430.0,11.129,35,,994,0,4,30,1902,0.6605,904.7,0.4976,75,step_limit,0,90000,1530.6
91,1000,470.0,-8.949,36,,931,0,5,28,2208,0.6158,849.7,0.5967,118,step_limit,0,91000,1548.9
92,1000,610.0,33.45,41,,997,0,8,40,1463,0.6082,879.0,0.3946,87,step_limit,0,92000,1565.8
93,1000,520.0,13.343,38,,811,0,6,36,1853,0.6475,897.5,0.4865,118,step_limit,0,93000,1584.5
94,1000,530.0,28.031,39,,899,0,6,36,1593,0.6518,886.5,0.4178,43,step_limit,0,94000,1604.0
95,1000,560.0,30.554,39,,980,0,7,50,1581,0.5942,874.5,0.4159,58,step_limit,0,95000,1622.6
96,1000,440.0,-9.853,36,,988,0,4,34,2231,0.6412,911.8,0.6031,101,step_limit,0,96000,1643.9
97,1000,560.0,37.652,39,,900,0,7,43,1447,0.6272,868.8,0.3851,113,step_limit,0,97000,1661.6
98,1000,460.0,12.809,35,,911,0,5,43,1934,0.6432,881.5,0.5046,62,step_limit,0,98000,1680.4
99,1000,600.0,24.578,43,,839,0,7,51,1692,0.6312,910.6,0.4511,48,step_limit,0,99000,1700.3
100,1000,500.0,13.38,39,,814,0,5,34,1835,0.6002,875.1,0.4935,54,step_limit,0,100000,1716.8
101,1000,530.0,34.991,39,,794,0,6,43,1480,0.6208,870.0,0.3932,99,step_limit,0,101000,1741.0
102,1000,640.0,44.157,47,,980,0,7,79,1410,0.6162,904.6,0.3884,42,step_limit,0,102000,1757.2
103,1000,510.0,27.857,37,,958,0,6,56,1684,0.6028,912.5,0.4415,48,step_limit,0,103000,1776.5
104,1000,340.0,-2.949,29,,889,0,3,62,2270,0.627,737.5,0.5866,124,step_limit,0,104000,1793.8
105,1000,590.0,30.402,42,,950,0,7,49,1582,0.6072,946.9,0.4242,46,step_limit,0,105000,1812.4
106,1000,300.0,-10.945,25,,711,0,3,73,2472,0.6232,709.1,0.6571,174,step_limit,0,106000,1829.6
107,1000,450.0,-3.088,34,,625,0,5,29,2092,0.6402,810.4,0.5622,93,step_limit,0,107000,1848.4
108,1000,510.0,28.073,40,,994,0,5,50,1662,0.6525,815.4,0.4474,131,step_limit,0,108000,1866.1
109,1000,370.0,-9.662,29,,697,0,4,29,2244,0.6128,705.4,0.5949,118,step_limit,0,109000,1884.5
110,1000,540.0,30.617,40,,981,0,6,37,1520,0.6248,877.7,0.4065,64,step_limit,0,110000,1901.9
111,1000,590.0,40.604,45,,987,0,6,46,1388,0.6465,965.7,0.366,36,step_limit,0,111000,1920.1
112,1000,420.0,0.135,31,,889,0,5,28,2113,0.6305,917.1,0.5506,54,step_limit,0,112000,1940.2
113,1000,550.0,39.624,41,,946,0,6,65,1487,0.621,876.4,0.3977,21,step_limit,0,113000,1958.3
114,1000,390.0,-11.431,31,,522,0,4,41,2344,0.6625,720.9,0.6237,114,step_limit,0,114000,1976.5
115,1000,540.0,27.459,40,,985,0,6,37,1636,0.6355,879.6,0.4161,27,step_limit,0,115000,1993.7
116,1000,610.0,32.381,44,,992,0,7,44,1539,0.636,962.7,0.4143,58,step_limit,0,116000,2012.4
117,1000,440.0,14.276,33,,924,0,5,55,1965,0.6138,875.8,0.5082,38,step_limit,0,117000,2030.1
118,1000,600.0,41.438,43,,928,0,7,43,1379,0.6298,903.5,0.3688,45,step_limit,0,118000,2049.5
119,1000,440.0,5.326,33,,708,0,5,65,2105,0.5975,796.0,0.5693,132,step_limit,0,119000,2067.9
120,1000,540.0,25.22,40,,980,0,6,39,1623,0.626,891.3,0.4268,33,step_limit,0,120000,2085.2
121,1000,570.0,17.443,43,,963,0,6,34,1732,0.61,905.4,0.4622,72,step_limit,0,121000,2104.7
122,1000,490.0,-0.762,38,,998,0,5,34,2071,0.688,887.1,0.5526,83,step_limit,0,122000,2122.2
123,1000,520.0,53.401,41,,864,0,5,156,1598,0.5975,893.8,0.4339,75,step_limit,0,123000,2139.8
124,1000,560.0,37.831,42,,995,0,6,43,1408,0.6055,868.3,0.3812,36,step_limit,0,124000,2159.5
125,1000,530.0,36.874,36,,994,0,7,51,1493,0.568,884.6,0.392,33,step_limit,0,125000,2177.5
126,1000,410.0,10.083,30,,906,0,5,52,2013,0.544,800.5,0.5304,45,step_limit,0,126000,2195.3
127,1000,520.0,28.565,41,,944,0,5,34,1534,0.6148,868.6,0.414,59,step_limit,0,127000,2212.3
128,1000,450.0,32.202,37,,960,0,4,54,1597,0.597,876.9,0.4162,33,step_limit,0,128000,2230.6
129,1000,490.0,15.646,38,,956,0,5,53,1887,0.617,887.4,0.5108,40,step_limit,0,129000,2247.8
130,1000,490.0,16.41,38,,735,0,5,32,1732,0.631,947.5,0.4593,74,step_limit,0,130000,2265.7
131,1000,530.0,26.575,39,,948,0,6,46,1659,0.6092,879.1,0.4401,32,step_limit,0,131000,2283.0
132,1000,550.0,35.628,38,,993,0,7,67,1636,0.5843,885.4,0.4287,74,step_limit,0,132000,2300.8
133,1000,520.0,38.266,41,,921,0,5,84,1606,0.6392,911.6,0.4286,76,step_limit,0,133000,2319.1
134,1000,490.0,20.561,38,,957,0,5,32,1765,0.642,966.3,0.4537,37,step_limit,0,134000,2337.3
135,1000,420.0,8.795,31,,904,0,5,47,2017,0.6488,866.1,0.522,96,step_limit,0,135000,2355.7
136,1000,530.0,27.903,39,,990,0,6,53,1652,0.6352,880.1,0.4382,53,step_limit,0,136000,2372.5
137,1000,570.0,45.74,40,,964,0,7,48,1311,0.5982,879.5,0.3411,36,step_limit,0,137000,2390.5
138,1000,470.0,39.107,36,,877,0,5,33,1412,0.6218,885.6,0.3561,98,step_limit,0,138000,2408.3
139,1000,570.0,48.789,40,,988,0,7,64,1323,0.5978,867.2,0.3498,31,step_limit,0,139000,2427.0
140,1000,540.0,41.29,40,,961,0,6,39,1392,0.639,891.2,0.3673,38,step_limit,0,140000,2444.9
141,1000,510.0,23.047,37,,879,0,6,33,1644,0.6532,905.2,0.4343,36,step_limit,0,141000,2462.9
142,1000,420.0,8.517,34,,919,0,4,34,1953,0.5817,852.0,0.5224,67,step_limit,0,142000,2480.5
143,1000,580.0,55.413,44,,1000,0,6,39,1078,0.6052,912.2,0.2866,45,step_limit,0,143000,2499.2
144,1000,490.0,22.147,35,,966,0,6,47,1784,0.628,814.4,0.4675,96,step_limit,0,144000,2515.9
145,1000,570.0,37.215,43,,999,0,6,62,1493,0.6322,881.7,0.3913,36,step_limit,0,145000,2533.6
146,1000,600.0,52.137,43,,837,0,7,58,1222,0.623,891.3,0.3267,26,step_limit,0,146000,2552.4
147,1000,590.0,40.634,42,,827,0,7,60,1428,0.6282,861.7,0.3822,83,step_limit,0,147000,2569.6
148,1000,440.0,33.316,33,,994,0,5,36,1510,0.5962,898.0,0.4004,45,step_limit,0,148000,2587.5
149,1000,520.0,21.697,41,,980,0,5,51,1742,0.6518,873.5,0.4743,97,step_limit,0,149000,2604.5
150,1000,410.0,52.317,33,,991,0,4,100,1443,0.5345,862.3,0.365,34,step_limit,0,150000,2621.2
151,1000,550.0,55.021,41,,995,0,6,49,1166,0.6068,939.7,0.2973,39,step_limit,0,151000,2647.4
152,1000,380.0,4.29,30,,988,0,4,25,2002,0.585,722.0,0.522,45,step_limit,0,152000,2662.5
153,1000,540.0,33.645,40,,955,0,6,37,1468,0.6803,915.1,0.3943,46,step_limit,0,153000,2679.1
154,1000,560.0,35.984,42,,870,0,6,40,1450,0.622,892.6,0.3874,29,step_limit,0,154000,2697.4
155,1000,520.0,14.219,35,,740,0,7,43,1862,0.576,872.5,0.4996,107,step_limit,0,155000,2716.0
156,1000,440.0,22.092,33,,980,0,5,39,1702,0.6282,834.4,0.4505,36,step_limit,0,156000,2734.4
157,1000,450.0,11.019,34,,996,0,5,36,1976,0.6573,807.9,0.5172,184,step_limit,0,157000,2752.5
158,1000,440.0,40.045,33,,892,0,5,83,1611,0.557,842.7,0.4145,29,step_limit,0,158000,2768.9
159,1000,540.0,31.277,40,,979,0,6,37,1497,0.632,874.5,0.4009,115,step_limit,0,159000,2787.5
160,1000,410.0,7.125,33,,994,0,4,38,1950,0.6485,883.3,0.5125,56,step_limit,0,160000,2803.9
161,1000,450.0,22.006,37,,830,0,4,48,1737,0.6142,874.5,0.4579,47,step_limit,0,161000,2821.3
162,1000,550.0,33.478,41,,999,0,6,36,1494,0.6408,888.6,0.3738,28,step_limit,0,162000,2842.0
163,1000,560.0,14.947,42,,916,0,6,39,1815,0.672,927.8,0.4862,82,step_limit,0,163000,2860.0
164,1000,530.0,14.195,39,,996,0,6,36,1826,0.639,905.4,0.49,83,step_limit,0,164000,2877.0
165,1000,620.0,44.027,45,,954,0,7,58,1354,0.6188,896.2,0.3611,48,step_limit,0,165000,2894.8
166,1000,580.0,35.928,44,,952,0,6,44,1453,0.6575,964.8,0.3959,74,step_limit,0,166000,2912.8
167,1000,580.0,50.209,41,,995,0,7,90,1421,0.5915,972.3,0.3771,29,step_limit,0,167000,2930.2
168,1000,450.0,21.854,34,,913,0,5,84,1924,0.621,832.4,0.5128,93,step_limit,0,168000,2949.3
169,1000,560.0,32.067,39,,807,0,7,38,1509,0.6105,883.7,0.3898,33,step_limit,0,169000,2967.1
170,1000,470.0,21.198,36,,892,0,5,35,1743,0.6212,915.2,0.4447,51,step_limit,0,170000,2985.0
171,1000,450.0,-2.985,34,,933,0,5,29,2124,0.6342,802.4,0.565,89,step_limit,0,171000,3002.8
172,1000,530.0,30.502,36,,864,0,7,46,1611,0.617,848.8,0.4142,36,step_limit,0,172000,3019.6
173,1000,470.0,15.869,36,,985,0,5,38,1785,0.5795,883.5,0.4717,39,step_limit,0,173000,3037.6
174,1000,490.0,46.118,38,,944,0,5,37,1315,0.6402,885.2,0.334,33,step_limit,0,174000,3054.5
175,1000,460.0,18.258,38,,982,0,4,32,1719,0.6252,865.1,0.451,55,step_limit,0,175000,3073.1
176,1000,510.0,41.361,40,,934,0,5,54,1388,0.631,864.2,0.3693,26,step_limit,0,176000,3090.7
177,1000,570.0,28.072,43,,978,0,6,38,1612,0.655,912.3,0.4326,30,step_limit,0,177000,3108.4
178,1000,520.0,36.391,38,,1000,0,6,63,1532,0.6122,815.5,0.4002,55,step_limit,0,178000,3125.2
179,1000,470.0,21.432,36,,795,0,5,44,1716,0.6663,855.3,0.4492,58,step_limit,0,179000,3143.2
180,1000,400.0,-3.138,29,,540,0,5,32,2146,0.6292,720.3,0.57,281,step_limit,0,180000,3160.3
181,1000,410.0,8.628,33,,988,0,4,29,1921,0.6713,800.4,0.5093,57,step_limit,0,181000,3178.6
182,1000,460.0,6.968,35,,959,0,5,32,1931,0.6382,826.9,0.5154,37,step_limit,0,182000,3196.1
183,1000,490.0,41.258,38,,993,0,5,45,1336,0.5853,858.1,0.3559,20,step_limit,0,183000,3214.7
184,1000,540.0,33.667,40,,953,0,6,40,1487,0.6108,895.0,0.3924,27,step_limit,0,184000,3232.9
185,1000,420.0,22.107,34,,933,0,4,31,1726,0.6462,815.7,0.4446,56,step_limit,0,185000,3250.3
186,1000,490.0,16.406,38,,890,0,5,36,1767,0.617,838.1,0.4708,94,step_limit,0,186000,3269.5
187,1000,500.0,24.366,39,,977,0,5,53,1730,0.6428,879.3,0.4619,59,step_limit,0,187000,3287.6
188,1000,540.0,30.97,40,,976,0,6,37,1527,0.6245,843.9,0.4147,28,step_limit,0,188000,3306.0
189,1000,570.0,48.65,43,,920,0,6,40,1229,0.6345,914.9,0.3228,14,step_limit,0,189000,3323.0
190,1000,480.0,35.523,37,,974,0,5,37,1477,0.596,895.2,0.3945,36,step_limit,0,190000,3340.8
191,1000,400.0,5.615,32,,999,0,4,29,1980,0.6098,825.6,0.5174,106,step_limit,0,191000,3358.6
192,1000,510.0,37.201,40,,997,0,5,41,1445,0.6415,919.5,0.3843,37,step_limit,0,192000,3376.0
193,1000,460.0,31.555,35,,977,0,5,37,1543,0.627,865.3,0.3957,40,step_limit,0,193000,3393.2
194,1000,440.0,26.254,33,,920,0,5,55,1712,0.587,885.1,0.4492,79,step_limit,0,194000,3411.7
195,1000,550.0,38.276,41,,989,0,6,41,1402,0.6245,891.1,0.3773,99,step_limit,0,195000,3429.0
196,1000,550.0,36.361,38,,976,0,7,44,1494,0.623,880.5,0.3988,70,step_limit,0,196000,3447.6
197,1000,470.0,37.556,36,,956,0,5,37,1446,0.6717,863.5,0.3679,38,step_limit,0,197000,3465.7
198,1000,480.0,18.958,37,,916,0,5,39,1743,0.623,920.7,0.4658,64,step_limit,0,198000,3483.5
199,1000,460.0,24.243,35,,941,0,5,55,1785,0.6422,880.1,0.4609,74,step_limit,0,199000,3502.5
200,1000,490.0,17.046,38,,866,0,5,28,1726,0.6657,891.9,0.4402,58,step_limit,0,200000,3520.2
201,1000,410.0,7.481,33,,948,0,4,30,1958,0.6675,838.6,0.5137,58,step_limit,0,201000,3548.6
202,1000,550.0,40.222,41,,961,0,6,38,1321,0.6025,897.4,0.3375,18,step_limit,0,202000,3566.6
203,1000,410.0,6.777,33,,924,0,4,28,1943,0.672,820.9,0.5142,99,step_limit,0,203000,3580.5
204,1000,410.0,23.744,33,,968,0,4,46,1739,0.5915,901.9,0.4527,39,step_limit,0,204000,3598.5
205,1000,530.0,6.811,39,,997,0,6,38,1968,0.6458,871.4,0.5323,64,step_limit,0,205000,3615.8
206,1000,480.0,27.211,37,,972,0,5,40,1692,0.6118,867.9,0.4326,33,step_limit,0,206000,3634.5
207,1000,420.0,12.953,34,,980,0,4,33,1846,0.5737,862.4,0.4931,78,step_limit,0,207000,3651.9
208,1000,460.0,26.583,38,,948,0,4,54,1711,0.6225,866.5,0.4513,88,step_limit,0,208000,3670.8
209,1000,570.0,35.92,43,,986,0,6,40,1429,0.6325,902.5,0.38,42,step_limit,0,209000,3688.6
210,1000,560.0,30.137,42,,897,0,6,39,1567,0.6512,883.8,0.4101,38,step_limit,0,210000,3706.8
211,1000,470.0,26.31,36,,956,0,5,35,1664,0.6315,893.7,0.424,95,step_limit,0,211000,3724.0
212,1000,610.0,47.969,44,,920,0,7,43,1236,0.6298,964.3,0.3129,21,step_limit,0,212000,3742.3
213,1000,430.0,29.306,35,,968,0,4,50,1667,0.6282,905.2,0.4335,34,step_limit,0,213000,3759.7
214,1000,390.0,-0.152,31,,929,0,4,43,2153,0.5985,763.0,0.5712,122,step_limit,0,214000,3777.9
215,1000,570.0,20.355,40,,944,0,7,41,1728,0.6583,883.1,0.4631,40,step_limit,0,215000,3795.9
216,1000,370.0,-12.009,29,,997,0,4,34,2301,0.5727,762.0,0.6194,180,step_limit,0,216000,3814.2
217,1000,410.0,-0.502,33,,998,0,4,33,2101,0.6532,914.1,0.5623,102,step_limit,0,217000,3833.0
218,1000,480.0,31.901,37,,850,0,5,69,1698,0.629,904.2,0.4359,68,step_limit,0,218000,3850.0
219,1000,500.0,26.884,39,,970,0,5,39,1603,0.629,893.9,0.4248,47,step_limit,0,219000,3869.4
220,1000,460.0,23.504,35,,846,0,5,33,1592,0.5925,804.4,0.4163,28,step_limit,0,220000,3887.8
221,1000,570.0,39.893,43,,953,0,6,40,1381,0.6392,886.8,0.3599,26,step_limit,0,221000,3906.1
222,1000,460.0,25.159,35,,950,0,5,49,1668,0.6322,816.1,0.4376,71,step_limit,0,222000,3925.4
223,1000,600.0,36.239,40,,799,0,8,55,1486,0.6102,892.3,0.3965,51,step_limit,0,223000,3943.6
224,1000,470.0,3.713,36,,1000,0,5,29,1966,0.6385,865.5,0.5305,136,step_limit,0,224000,3960.6
225,1000,380.0,-4.8,30,,763,0,4,22,2125,0.672,778.2,0.5657,183,step_limit,0,225000,3979.3
226,1000,600.0,26.022,43,,917,0,7,40,1567,0.6428,914.0,0.425,56,step_limit,0,226000,3995.7
227,1000,480.0,24.47,37,,886,0,5,42,1645,0.6328,885.6,0.4355,48,step_limit,0,227000,4014.9
228,1000,370.0,10.754,32,,939,0,3,44,1969,0.6235,877.1,0.521,115,step_limit,0,228000,4033.8
229,1000,450.0,10.452,34,,979,0,5,43,1934,0.5613,768.6,0.5119,95,step_limit,0,229000,4050.7
230,1000,500.0,30.643,39,,899,0,5,39,1532,0.6348,961.2,0.4057,40,step_limit,0,230000,4069.5
231,1000,470.0,19.685,36,,1000,0,5,35,1732,0.6342,830.2,0.4502,40,step_limit,0,231000,4086.8
232,1000,540.0,29.53,40,,883,0,6,37,1528,0.6202,791.5,0.4077,35,step_limit,0,232000,4106.9
233,1000,560.0,58.327,42,,984,0,6,51,1074,0.6098,886.5,0.2732,14,step_limit,0,233000,4124.6
234,1000,610.0,40.584,41,,737,0,8,67,1450,0.6225,891.6,0.3808,42,step_limit,0,234000,4143.6
235,1000,480.0,7.191,37,,967,0,5,33,1941,0.602,869.2,0.5224,176,step_limit,0,235000,4160.8
236,1000,520.0,5.486,38,,985,0,6,37,1978,0.644,882.3,0.5284,290,step_limit,0,236000,4179.8
237,1000,470.0,21.75,36,,980,0,5,34,1681,0.6165,913.4,0.4448,40,step_limit,0,237000,4196.9
238,1000,500.0,11.831,36,,982,0,6,41,1909,0.533,864.0,0.5017,160,step_limit,0,238000,4216.5
239,1000,570.0,36.665,43,,960,0,6,50,1465,0.6435,897.7,0.3905,27,step_limit,0,239000,4236.2
240,1000,540.0,36.609,43,,946,0,5,39,1368,0.6727,885.1,0.364,20,step_limit,0,240000,4254.0
241,1000,600.0,44.594,43,,943,0,7,46,1335,0.6255,974.0,0.3538,25,step_limit,0,241000,4272.3
242,1000,480.0,4.661,34,,888,0,6,36,2042,0.5955,903.2,0.5408,73,step_limit,0,242000,4289.3
243,1000,450.0,21.859,37,,935,0,4,32,1648,0.6355,892.9,0.4304,50,step_limit,0,243000,4307.1
244,1000,570.0,37.719,43,,995,0,6,38,1381,0.682,894.4,0.3641,20,step_limit,0,244000,4324.9
245,1000,530.0,32.721,39,,822,0,6,42,1516,0.6115,887.3,0.4018,78,step_limit,0,245000,4343.9
246,1000,570.0,25.912,40,,871,0,7,43,1656,0.654,910.0,0.4425,43,step_limit,0,246000,4361.5
247,1000,440.0,27.811,36,,973,0,4,45,1578,0.6272,866.2,0.4206,113,step_limit,0,247000,4380.3
248,1000,640.0,43.911,47,,999,0,7,45,1278,0.6452,960.5,0.3364,22,step_limit,0,248000,4398.1
249,1000,510.0,18.154,37,,917,0,6,39,1803,0.64,828.3,0.4648,107,step_limit,0,249000,4418.7
250,1000,650.0,34.085,45,,983,0,8,37,1460,0.6082,911.1,0.3692,21,step_limit,0,250000,4439.6
251,1000,500.0,15.653,36,,988,0,6,38,1797,0.6365,810.3,0.4835,68,step_limit,0,251000,4466.4
252,1000,510.0,14.769,37,,847,0,6,38,1854,0.6392,875.3,0.4843,38,step_limit,0,252000,4484.5
253,1000,520.0,23.537,38,,973,0,6,37,1666,0.6262,819.4,0.4462,40,step_limit,0,253000,4498.5
254,1000,500.0,37.172,36,,1000,0,6,47,1502,0.6065,811.9,0.3898,36,step_limit,0,254000,4517.2
255,1000,540.0,32.173,40,,882,0,6,40,1482,0.6248,860.5,0.3973,53,step_limit,0,255000,4534.1
256,1000,540.0,27.419,40,,998,0,6,36,1535,0.6358,861.7,0.3962,36,step_limit,0,256000,4552.7
257,1000,550.0,27.719,38,,842,0,7,46,1657,0.65,934.2,0.4423,33,step_limit,0,257000,4569.5
258,1000,550.0,19.412,41,,982,0,6,35,1696,0.6302,920.1,0.4512,35,step_limit,0,258000,4587.6
259,1000,530.0,35.276,42,,998,0,5,41,1438,0.63,876.4,0.3797,33,step_limit,0,259000,4605.9
260,1000,510.0,10.931,40,,955,0,5,38,1868,0.6583,863.8,0.4989,146,step_limit,0,260000,4624.1
261,1000,530.0,32.441,39,,940,0,6,37,1480,0.6282,968.4,0.3908,51,step_limit,0,261000,4642.5
262,1000,610.0,51.721,44,,935,0,7,51,1193,0.6202,894.2,0.3158,40,step_limit,0,262000,4659.8
263,1000,440.0,1.004,33,,972,0,5,33,2077,0.6342,847.3,0.5519,142,step_limit,0,263000,4678.4
264,1000,590.0,53.877,42,,919,0,7,41,1074,0.6342,909.4,0.2708,18,step_limit,0,264000,4695.5
265,1000,570.0,32.679,40,,922,0,7,37,1451,0.649,879.2,0.3912,39,step_limit,0,265000,4713.1
266,1000,590.0,40.941,42,,953,0,7,49,1374,0.6215,887.3,0.3611,36,step_limit,0,266000,4730.3
267,1000,520.0,22.571,38,,970,0,6,36,1713,0.6452,824.0,0.453,62,step_limit,0,267000,4749.0
268,1000,600.0,63.444,43,,951,0,7,55,1051,0.5875,891.5,0.2644,15,step_limit,0,268000,4768.6
269,1000,490.0,18.722,38,,744,0,5,38,1699,0.638,960.5,0.4544,39,step_limit,0,269000,4787.6
270,1000,570.0,33.497,43,,987,0,6,51,1547,0.6482,898.4,0.4142,36,step_limit,0,270000,4806.8
271,1000,420.0,-7.106,31,,598,0,5,26,2165,0.6228,916.1,0.5783,172,step_limit,0,271000,4824.7
272,1000,600.0,65.377,43,,927,0,7,71,1020,0.57,906.4,0.2663,21,step_limit,0,272000,4843.0
273,1000,510.0,46.632,40,,1000,0,5,47,1293,0.6715,903.1,0.3397,19,step_limit,0,273000,4860.4
274,1000,530.0,22.701,39,,959,0,6,37,1626,0.6705,860.5,0.4335,96,step_limit,0,274000,4879.5
275,1000,540.0,46.52,40,,969,0,6,40,1255,0.648,946.2,0.3223,39,step_limit,0,275000,4896.9
276,1000,500.0,1.833,36,,799,0,6,29,1987,0.6045,789.7,0.5398,69,step_limit,0,276000,4916.4
277,1000,450.0,15.022,34,,947,0,5,32,1807,0.6548,877.4,0.4732,43,step_limit,0,277000,4936.1
278,1000,600.0,50.983,43,,967,0,7,48,1252,0.636,898.9,0.3198,23,step_limit,0,278000,4953.7
279,1000,500.0,38.785,39,,975,0,5,41,1335,0.62,871.6,0.3593,167,step_limit,0,279000,4971.6
280,1000,500.0,10.355,36,,993,0,6,36,1935,0.6432,795.5,0.5089,48,step_limit,0,280000,4989.7
281,1000,510.0,38.109,37,,979,0,6,34,1454,0.5865,871.8,0.3691,52,step_limit,0,281000,5006.7
282,1000,530.0,43.514,39,,900,0,6,45,1338,0.6198,914.3,0.3461,22,step_limit,0,282000,5024.3
283,1000,560.0,52.166,42,,984,0,6,53,1180,0.6388,880.2,0.311,33,step_limit,0,283000,5042.1
284,1000,520.0,10.603,38,,974,0,6,36,1886,0.637,813.4,0.5053,156,step_limit,0,284000,5060.6
285,1000,570.0,50.384,40,,887,0,7,52,1193,0.6352,853.5,0.3165,28,step_limit,0,285000,5078.9
286,1000,440.0,11.182,33,,958,0,5,44,1925,0.5735,873.1,0.5062,34,step_limit,0,286000,5096.8
287,1000,580.0,48.649,44,,952,0,6,45,1233,0.6538,888.4,0.3192,24,step_limit,0,287000,5115.6
288,1000,500.0,9.478,36,,945,0,6,38,1935,0.6438,872.7,0.5157,175,step_limit,0,288000,5132.8
289,1000,530.0,33.162,39,,958,0,6,38,1421,0.5968,903.3,0.3818,37,step_limit,0,289000,5151.7
290,1000,470.0,28.696,36,,918,0,5,32,1542,0.6298,920.4,0.3963,39,step_limit,0,290000,5169.7
291,1000,590.0,39.984,42,,904,0,7,49,1401,0.6312,877.8,0.3723,71,step_limit,0,291000,5188.0
292,1000,460.0,11.201,35,,948,0,5,37,1869,0.6058,861.4,0.4978,38,step_limit,0,292000,5205.2
293,1000,600.0,32.372,43,,834,0,7,44,1522,0.6472,887.9,0.408,46,step_limit,0,293000,5224.2
294,1000,540.0,37.706,43,,938,0,5,41,1405,0.6428,970.6,0.3727,60,step_limit,0,294000,5243.1
295,1000,560.0,35.546,42,,990,0,6,41,1444,0.6617,919.1,0.3738,36,step_limit,0,295000,5259.6
296,1000,450.0,27.398,34,,974,0,5,62,1686,0.5555,813.4,0.4468,71,step_limit,0,296000,5278.2
297,1000,500.0,30.129,36,,941,0,6,34,1500,0.6532,836.3,0.3951,50,step_limit,0,297000,5295.6
298,1000,490.0,33.119,38,,997,0,5,35,1480,0.63,866.1,0.3864,39,step_limit,0,298000,5314.2
299,1000,580.0,36.785,41,,989,0,7,40,1416,0.6322,911.5,0.3657,78,step_limit,0,299000,5332.3
300,1000,520.0,7.396,38,,871,0,6,28,1857,0.6392,872.0,0.4986,59,step_limit,0,300000,5348.9
301,1000,480.0,8.121,37,,1000,0,5,41,1992,0.6365,930.0,0.5219,111,step_limit,0,301000,5377.8
302,1000,620.0,40.79,45,,990,0,7,42,1291,0.6455,913.6,0.3542,56,step_limit,0,302000,5395.7
303,1000,510.0,35.06,37,,968,0,6,38,1429,0.634,846.4,0.3782,50,step_limit,0,303000,5411.6
304,1000,500.0,21.923,39,,899,0,5,35,1648,0.6515,906.5,0.442,70,step_limit,0,304000,5430.0
305,1000,460.0,10.269,35,,977,0,5,35,1942,0.6318,803.8,0.512,59,step_limit,0,305000,5448.7
306,1000,570.0,36.606,43,,936,0,6,43,1474,0.6575,873.7,0.386,34,step_limit,0,306000,5466.0
307,1000,490.0,31.615,38,,983,0,5,39,1489,0.6318,871.3,0.3993,33,step_limit,0,307000,5483.3
308,1000,400.0,8.39,32,,677,0,4,29,1912,0.6637,882.4,0.5047,75,step_limit,0,308000,5499.8
309,1000,630.0,31.987,43,,821,0,8,42,1508,0.6482,911.2,0.3963,21,step_limit,0,309000,5517.3
310,1000,500.0,11.26,36,,897,0,6,39,1929,0.6693,871.0,0.5099,79,step_limit,0,310000,5534.2
311,1000,390.0,1.54,31,,999,0,4,32,2100,0.666,745.9,0.5453,79,step_limit,0,311000,5552.9
312,1000,610.0,45.996,44,,964,0,7,42,1255,0.6455,912.2,0.3261,17,step_limit,0,312000,5570.0
313,1000,530.0,31.097,39,,824,0,6,39,1543,0.6278,880.9,0.4016,37,step_limit,0,313000,5587.7
314,1000,470.0,6.281,36,,998,0,5,32,1920,0.6455,889.0,0.51,76,step_limit,0,314000,5604.6
315,1000,510.0,23.499,37,,854,0,6,39,1632,0.6345,901.9,0.4401,58,step_limit,0,315000,5622.3
316,1000,540.0,56.342,40,,992,0,6,43,1054,0.6298,878.5,0.275,17,step_limit,0,316000,5640.0
317,1000,380.0,-25.278,27,,997,0,5,26,2510,0.5715,765.8,0.6639,80,step_limit,0,317000,5658.0
318,1000,570.0,40.897,43,,976,0,6,41,1332,0.6505,968.1,0.3491,33,step_limit,0,318000,5676.6
319,1000,550.0,29.053,38,,991,0,7,39,1577,0.5803,884.0,0.412,59,step_limit,0,319000,5694.6
320,1000,550.0,44.259,41,,897,0,6,39,1277,0.639,932.5,0.335,32,step_limit,0,320000,5713.0
321,1000,540.0,35.014,40,,955,0,6,41,1479,0.656,871.2,0.386,24,step_limit,0,321000,5730.5
322,1000,540.0,35.048,40,,989,0,6,35,1447,0.641,881.5,0.3676,39,step_limit,0,322000,5749.0
323,1000,580.0,32.037,41,,982,0,7,42,1481,0.6368,882.1,0.3946,26,step_limit,0,323000,5767.4
324,1000,480.0,35.442,37,,991,0,5,45,1526,0.621,860.9,0.3938,42,step_limit,0,324000,5786.0
325,1000,530.0,38.183,39,,916,0,6,38,1385,0.6438,890.8,0.3614,18,step_limit,0,325000,5803.8
326,1000,550.0,25.118,41,,980,0,6,49,1625,0.6222,877.7,0.4468,120,step_limit,0,326000,5821.9
327,1000,570.0,41.908,40,,980,0,7,41,1319,0.6235,913.7,0.3395,30,step_limit,0,327000,5840.6
328,1000,570.0,19.376,40,,1000,0,7,42,1724,0.6425,877.0,0.4618,35,step_limit,0,328000,5858.9
329,1000,530.0,16.239,39,,993,0,6,38,1781,0.6502,884.1,0.4732,75,step_limit,0,329000,5877.4
330,1000,450.0,23.9,34,,965,0,5,36,1675,0.6395,787.5,0.4415,108,step_limit,0,330000,5894.4
331,1000,600.0,40.769,43,,879,0,7,49,1402,0.6352,881.4,0.3708,23,step_limit,0,331000,5913.6
332,1000,510.0,7.023,37,,988,0,6,37,1939,0.6228,824.3,0.5218,37,step_limit,0,332000,5932.2
333,1000,590.0,58.438,42,,982,0,7,54,1039,0.612,886.3,0.2643,17,step_limit,0,333000,5950.1
334,1000,560.0,44.204,39,,999,0,7,64,1342,0.5978,874.5,0.3536,26,step_limit,0,334000,5966.7
335,1000,560.0,35.424,42,,954,0,6,43,1483,0.6458,893.0,0.4015,35,step_limit,0,335000,5985.1
336,1000,550.0,33.65,41,,1000,0,6,38,1502,0.6532,894.9,0.3897,93,step_limit,0,336000,6002.1
337,1000,480.0,35.408,37,,934,0,5,40,1438,0.6585,914.0,0.3776,34,step_limit,0,337000,6019.4
338,1000,500.0,25.798,39,,908,0,5,49,1658,0.629,882.1,0.4438,44,step_limit,0,338000,6037.6
339,1000,500.0,21.102,39,,911,0,5,39,1699,0.6625,916.8,0.4489,37,step_limit,0,339000,6055.7
340,1000,590.0,46.999,42,,919,0,7,38,1223,0.6202,915.4,0.3175,22,step_limit,0,340000,6074.5
341,1000,540.0,33.259,40,,987,0,6,34,1378,0.6205,969.5,0.3665,40,step_limit,0,341000,6092.3
342,1000,540.0,45.679,40,,996,0,6,44,1282,0.6415,904.6,0.3387,38,step_limit,0,342000,6110.4
343,1000,610.0,44.746,44,,885,0,7,43,1227,0.6495,909.4,0.3351,40,step_limit,0,343000,6128.4
344,1000,430.0,6.182,35,,903,0,4,34,2012,0.6408,887.8,0.5304,51,step_limit,0,344000,6146.9
345,1000,490.0,15.167,35,,911,0,6,33,1831,0.642,861.4,0.4749,83,step_limit,0,345000,6163.9
346,1000,470.0,19.729,36,,1000,0,5,32,1689,0.6338,805.2,0.4479,27,step_limit,0,346000,6182.0
347,1000,620.0,43.351,45,,984,0,7,48,1263,0.634,888.3,0.3413,22,step_limit,0,347000,6199.7
348,1000,620.0,38.606,45,,976,0,7,43,1349,0.6518,901.3,0.3646,28,step_limit,0,348000,6218.0
349,1000,520.0,31.833,38,,987,0,6,45,1499,0.5823,860.0,0.3892,41,step_limit,0,349000,6236.3
350,1000,520.0,24.208,38,,737,0,6,39,1642,0.5767,875.6,0.4327,97,step_limit,0,350000,6253.5
351,1000,450.0,3.27,34,,815,0,5,27,1924,0.6342,787.1,0.5175,58,step_limit,0,351000,6281.8
352,1000,530.0,24.399,39,,996,0,6,43,1697,0.654,903.7,0.4439,71,step_limit,0,352000,6299.2
353,1000,310.0,-12.684,26,,904,0,3,37,2314,0.6635,715.2,0.608,164,step_limit,0,353000,6316.6
354,1000,580.0,43.132,41,,894,0,7,41,1240,0.6125,875.1,0.32,22,step_limit,0,354000,6331.2
355,1000,640.0,37.026,44,,917,0,8,44,1432,0.6218,890.7,0.389,21,step_limit,0,355000,6350.0
356,1000,500.0,19.141,39,,975,0,5,41,1730,0.6028,887.4,0.4661,65,step_limit,0,356000,6367.5
357,1000,580.0,15.607,41,,968,0,7,39,1758,0.633,895.1,0.4692,129,step_limit,0,357000,6386.6
358,1000,610.0,21.337,44,,984,0,7,36,1619,0.6558,884.0,0.4403,94,step_limit,0,358000,6403.7
359,1000,560.0,39.076,39,,849,0,7,41,1382,0.599,911.6,0.3658,34,step_limit,0,359000,6422.5
360,1000,510.0,50.125,40,,992,0,5,39,1217,0.635,969.8,0.3125,22,step_limit,0,360000,6441.6
361,1000,620.0,45.739,45,,932,0,7,46,1196,0.6398,973.4,0.322,39,step_limit,0,361000,6459.3
362,1000,470.0,25.021,36,,969,0,5,35,1616,0.625,918.8,0.4207,37,step_limit,0,362000,6478.0
363,1000,550.0,48.854,41,,898,0,6,47,1199,0.6345,966.4,0.317,28,step_limit,0,363000,6495.6
364,1000,590.0,52.348,42,,815,0,7,44,1094,0.6455,869.7,0.2917,27,step_limit,0,364000,6514.7
365,1000,520.0,32.877,38,,998,0,6,39,1556,0.6032,817.4,0.4029,29,step_limit,0,365000,6532.4
366,1000,550.0,21.376,41,,959,0,6,41,1737,0.5955,910.2,0.462,55,step_limit,0,366000,6551.2
367,1000,550.0,29.746,41,,980,0,6,42,1531,0.6108,864.4,0.4028,33,step_limit,0,367000,6568.7
368,1000,550.0,43.42,41,,998,0,6,44,1310,0.6465,874.7,0.3435,21,step_limit,0,368000,6587.5
369,1000,550.0,31.223,41,,999,0,6,41,1431,0.6225,878.3,0.3868,56,step_limit,0,369000,6605.3
370,1000,510.0,32.495,37,,764,0,6,41,1525,0.6172,876.5,0.4041,52,step_limit,0,370000,6626.7
371,1000,460.0,17.794,35,,970,0,5,88,1929,0.6362,834.2,0.5139,118,step_limit,0,371000,6645.6
372,1000,570.0,42.83,43,,987,0,6,39,1297,0.6132,907.0,0.3461,29,step_limit,0,372000,6662.6
373,1000,540.0,39.58,40,,943,0,6,42,1352,0.6152,884.4,0.3538,68,step_limit,0,373000,6680.5
374,1000,520.0,36.509,41,,899,0,5,40,1423,0.6532,892.2,0.3792,33,step_limit,0,374000,6697.9
375,1000,510.0,13.26,40,,985,0,5,33,1819,0.6767,905.4,0.4872,134,step_limit,0,375000,6716.3
376,1000,430.0,33.682,32,,899,0,5,70,1645,0.6085,803.8,0.4328,38,step_limit,0,376000,6734.7
377,1000,540.0,19.837,40,,958,0,6,47,1728,0.626,873.8,0.4731,79,step_limit,0,377000,6753.2
378,1000,560.0,32.901,42,,974,0,6,43,1509,0.6653,924.6,0.3878,19,step_limit,0,378000,6773.7
379,1000,450.0,44.667,34,,993,0,5,60,1372,0.6032,879.5,0.3537,96,step_limit,0,379000,6791.0
380,1000,560.0,44.442,42,,998,0,6,41,1283,0.6482,861.8,0.3339,30,step_limit,0,380000,6809.7
381,1000,460.0,13.028,35,,979,0,5,38,1880,0.5933,763.5,0.4946,37,step_limit,0,381000,6827.3
382,1000,500.0,40.265,39,,955,0,5,37,1381,0.6282,895.3,0.354,17,step_limit,0,382000,6847.2
383,1000,610.0,41.515,44,,949,0,7,46,1314,0.6278,888.1,0.3426,33,step_limit,0,383000,6864.1
384,1000,470.0,10.683,36,,954,0,5,40,1891,0.615,886.8,0.51,50,step_limit,0,384000,6883.2
385,1000,400.0,44.749,32,,987,0,4,80,1475,0.5837,867.1,0.3802,20,step_limit,0,385000,6900.8
386,1000,550.0,46.597,41,,954,0,6,40,1244,0.6198,915.3,0.3225,27,step_limit,0,386000,6917.9
387,1000,490.0,21.431,35,,887,0,6,38,1632,0.6168,799.5,0.4399,43,step_limit,0,387000,6936.6
388,1000,520.0,27.282,38,,892,0,6,48,1611,0.608,869.5,0.428,33,step_limit,0,388000,6953.3
389,1000,580.0,35.548,41,,865,0,7,39,1396,0.606,908.8,0.3716,38,step_limit,0,389000,6972.2
390,1000,440.0,20.275,33,,933,0,5,50,1734,0.6422,893.9,0.4479,52,step_limit,0,390000,6991.4
391,1000,520.0,32.084,41,,956,0,5,37,1484,0.658,872.4,0.3917,84,step_limit,0,391000,7009.5
392,1000,530.0,35.743,39,,751,0,6,36,1404,0.6355,900.8,0.3748,59,step_limit,0,392000,7027.8
393,1000,480.0,31.584,37,,769,0,5,39,1556,0.6188,911.1,0.4072,37,step_limit,0,393000,7044.9
394,1000,490.0,55.764,38,,942,0,5,69,1200,0.6262,876.9,0.3071,23,step_limit,0,394000,7062.4
395,1000,570.0,42.074,40,,857,0,7,39,1268,0.6345,896.5,0.3362,29,step_limit,0,395000,7079.1
396,1000,560.0,30.685,42,,828,0,6,43,1441,0.655,912.9,0.385,61,step_limit,0,396000,7097.0
397,1000,470.0,22.807,36,,980,0,5,44,1709,0.6538,898.4,0.4451,77,step_limit,0,397000,7113.7
398,1000,580.0,50.985,41,,908,0,7,40,1095,0.6478,880.8,0.2878,49,step_limit,0,398000,7132.4
399,1000,590.0,44.777,42,,944,0,7,44,1277,0.6035,909.9,0.3416,30,step_limit,0,399000,7149.5
400,1000,560.0,39.818,42,,997,0,6,38,1354,0.6258,883.0,0.3539,23,step_limit,0,400000,7168.1
401,1000,510.0,25.814,37,,971,0,6,37,1658,0.636,823.3,0.4407,38,step_limit,0,401000,7196.6
402,1000,570.0,43.651,43,,988,0,6,38,1238,0.6518,890.3,0.3242,17,step_limit,0,402000,7213.1
403,1000,510.0,34.493,37,,956,0,6,41,1506,0.5965,916.7,0.3969,44,step_limit,0,403000,7229.2
404,1000,580.0,65.083,41,,837,0,7,44,852,0.619,910.7,0.2189,14,step_limit,0,404000,7243.3
405,1000,540.0,64.232,40,,906,0,6,91,1156,0.5645,908.5,0.2943,17,step_limit,0,405000,7261.9
406,1000,560.0,36.098,42,,949,0,6,54,1439,0.636,912.6,0.389,48,step_limit,0,406000,7278.2
407,1000,500.0,64.141,36,,967,0,6,101,1203,0.5978,793.5,0.3056,17,step_limit,0,407000,7297.2
408,1000,430.0,18.86,32,,995,0,5,39,1772,0.6295,792.4,0.4717,49,step_limit,0,408000,7314.3
409,1000,490.0,32.038,38,,958,0,5,34,1478,0.6262,867.5,0.3846,44,step_limit,0,409000,7336.4
410,1000,490.0,42.562,38,,980,0,5,31,1272,0.6212,903.8,0.3358,25,step_limit,0,410000,7353.3
411,1000,420.0,24.074,34,,880,0,4,103,1874,0.6198,860.5,0.4972,57,step_limit,0,411000,7372.8
412,1000,590.0,39.595,42,,958,0,7,41,1345,0.6142,906.8,0.3477,17,step_limit,0,412000,7390.2
413,1000,630.0,43.088,43,,977,0,8,41,1269,0.6175,916.3,0.3368,52,step_limit,0,413000,7408.6
414,1000,520.0,39.304,41,,938,0,5,47,1376,0.602,886.5,0.3659,36,step_limit,0,414000,7427.0
415,1000,520.0,53.437,38,,965,0,6,69,1315,0.6205,904.3,0.3304,29,step_limit,0,415000,7444.2
416,1000,510.0,33.777,37,,929,0,6,36,1465,0.6285,807.2,0.3779,59,step_limit,0,416000,7463.8
417,1000,480.0,20.327,37,,994,0,5,36,1688,0.6382,860.1,0.4532,58,step_limit,0,417000,7481.4
418,1000,450.0,7.325,34,,908,0,5,31,1944,0.6552,865.0,0.5147,56,step_limit,0,418000,7502.4
419,1000,480.0,8.614,37,,984,0,5,36,1953,0.639,848.0,0.5155,53,step_limit,0,419000,7519.6
420,1000,590.0,42.9,42,,960,0,7,43,1316,0.6378,968.8,0.3518,46,step_limit,0,420000,7537.7
421,1000,550.0,46.344,38,,865,0,7,41,1253,0.5995,863.2,0.324,18,step_limit,0,421000,7554.6
422,1000,570.0,43.435,43,,916,0,6,51,1332,0.6375,865.5,0.3462,15,step_limit,0,422000,7573.4
423,1000,580.0,36.895,44,,928,0,6,43,1403,0.6345,886.2,0.3741,41,step_limit,0,423000,7590.6
424,1000,550.0,21.481,41,,999,0,6,40,1692,0.6345,910.2,0.4539,57,step_limit,0,424000,7608.9
425,1000,480.0,47.732,37,,957,0,5,56,1309,0.6085,860.9,0.3412,14,step_limit,0,425000,7626.4
426,1000,400.0,14.571,32,,969,0,4,42,1892,0.6242,886.3,0.4924,97,step_limit,0,426000,7645.1
427,1000,460.0,36.703,35,,939,0,5,33,1372,0.6492,857.8,0.3602,46,step_limit,0,427000,7662.9
428,1000,510.0,42.222,37,,859,0,6,35,1281,0.6172,842.9,0.3256,37,step_limit,0,428000,7680.1
429,1000,560.0,53.384,39,,992,0,7,81,1330,0.5915,842.8,0.3461,40,step_limit,0,429000,7698.4
430,1000,530.0,55.96,39,,935,0,6,37,1055,0.6548,865.3,0.2755,41,step_limit,0,430000,7716.3
431,1000,570.0,50.448,43,,996,0,6,51,1194,0.6412,915.3,0.3141,29,step_limit,0,431000,7734.7
432,1000,610.0,51.362,44,,895,0,7,42,1119,0.636,906.6,0.2846,24,step_limit,0,432000,7751.7
433,1000,520.0,34.483,38,,892,0,6,37,1505,0.6633,874.6,0.3873,110,step_limit,0,433000,7769.9
434,1000,550.0,34.241,41,,835,0,6,44,1452,0.6482,917.3,0.3848,18,step_limit,0,434000,7787.2
435,1000,560.0,43.082,42,,995,0,6,48,1308,0.6268,971.5,0.3406,56,step_limit,0,435000,7807.1
436,1000,550.0,42.908,41,,938,0,6,47,1373,0.6232,914.7,0.3679,20,step_limit,0,436000,7824.6
437,1000,530.0,52.458,39,,951,0,6,88,1336,0.6302,899.7,0.35,24,step_limit,0,437000,7842.3
438,1000,430.0,36.676,32,,951,0,5,67,1539,0.585,803.4,0.4023,44,step_limit,0,438000,7858.9
439,1000,490.0,48.543,38,,990,0,5,50,1192,0.6102,888.0,0.306,20,step_limit,0,439000,7876.9
440,1000,590.0,55.247,45,,869,0,6,39,1094,0.6587,961.4,0.2803,18,step_limit,0,440000,7893.5
441,1000,470.0,35.856,36,,976,0,5,54,1550,0.6158,886.2,0.3927,55,step_limit,0,441000,7911.9
442,1000,550.0,49.614,41,,978,0,6,57,1271,0.6025,900.0,0.3272,28,step_limit,0,442000,7928.5
443,1000,520.0,41.912,38,,931,0,6,40,1319,0.628,909.9,0.341,62,step_limit,0,443000,7947.0
444,1000,540.0,32.538,40,,957,0,6,38,1491,0.6232,894.5,0.393,29,step_limit,0,444000,7965.6
445,1000,570.0,31.265,40,,837,0,7,41,1508,0.6593,887.0,0.3971,161,step_limit,0,445000,7982.4
446,1000,500.0,28.498,36,,973,0,6,42,1610,0.5962,860.1,0.4189,50,step_limit,0,446000,8000.9
447,1000,530.0,45.64,39,,974,0,6,36,1246,0.5933,856.8,0.3254,15,step_limit,0,447000,8018.3
448,1000,570.0,35.729,40,,792,0,7,37,1423,0.625,860.7,0.3779,30,step_limit,0,448000,8036.6
449,1000,490.0,40.581,38,,944,0,5,47,1400,0.623,861.8,0.3637,23,step_limit,0,449000,8053.5
450,1000,560.0,53.265,39,,992,0,7,48,1157,0.6172,893.8,0.3006,29,step_limit,0,450000,8072.6
451,1000,510.0,34.67,40,,968,0,5,42,1502,0.6345,870.4,0.4005,43,step_limit,0,451000,8100.5
452,1000,450.0,25.679,34,,922,0,5,62,1745,0.6415,761.4,0.4649,66,step_limit,0,452000,8117.8
453,1000,430.0,35.106,35,,883,0,4,30,1444,0.607,804.6,0.3704,14,step_limit,0,453000,8136.6
454,1000,470.0,13.136,36,,983,0,5,38,1851,0.662,844.9,0.4961,57,step_limit,0,454000,8154.8
455,1000,630.0,61.618,46,,865,0,7,45,900,0.6298,908.9,0.2426,16,step_limit,0,455000,8175.6
456,1000,510.0,45.553,37,,872,0,6,58,1365,0.6452,883.3,0.353,54,step_limit,0,456000,8194.2
457,1000,590.0,57.921,42,,997,0,7,38,978,0.6,902.9,0.2512,17,step_limit,0,457000,8212.7
458,1000,590.0,56.092,42,,979,0,7,43,1104,0.6342,906.8,0.2824,36,step_limit,0,458000,8232.6
459,1000,480.0,35.832,37,,982,0,5,40,1465,0.634,793.8,0.3888,74,step_limit,0,459000,8250.7
460,1000,520.0,22.727,38,,863,0,6,33,1610,0.6673,851.8,0.4379,42,step_limit,0,460000,8268.1
461,1000,540.0,49.907,40,,995,0,6,42,1192,0.6262,855.3,0.3141,22,step_limit,0,461000,8286.3
462,1000,560.0,24.489,39,,884,0,7,39,1626,0.6322,886.8,0.4352,57,step_limit,0,462000,8303.4
463,1000,510.0,39.037,37,,959,0,6,39,1433,0.6025,894.3,0.3632,49,step_limit,0,463000,8322.1
464,1000,450.0,51.107,34,,947,0,5,42,1223,0.5535,808.5,0.3153,37,step_limit,0,464000,8339.2
465,1000,450.0,7.759,34,,943,0,5,34,1921,0.6385,804.8,0.5113,63,step_limit,0,465000,8358.3
466,1000,570.0,29.087,43,,853,0,6,43,1550,0.6597,900.9,0.4185,75,step_limit,0,466000,8376.7
467,1000,570.0,59.628,40,,969,0,7,40,931,0.6018,912.4,0.2404,13,step_limit,0,467000,8395.2
468,1000,580.0,47.757,41,,884,0,7,39,1162,0.66,915.1,0.306,22,step_limit,0,468000,8413.1
469,1000,460.0,38.5,38,,904,0,4,37,1313,0.6332,951.5,0.3405,44,step_limit,0,469000,8431.7
470,1000,530.0,65.291,39,,892,0,6,59,1001,0.616,874.7,0.253,27,step_limit,0,470000,8451.3
471,1000,560.0,46.095,39,,959,0,7,44,1187,0.6258,973.3,0.3136,37,step_limit,0,471000,8469.5
472,1000,520.0,40.668,38,,910,0,6,45,1372,0.6525,853.2,0.366,66,step_limit,0,472000,8488.1
473,1000,490.0,31.427,38,,945,0,5,37,1514,0.637,829.3,0.3939,69,step_limit,0,473000,8506.4
474,1000,570.0,55.599,43,,972,0,6,65,1159,0.609,909.5,0.3028,38,step_limit,0,474000,8524.4
475,1000,570.0,47.565,43,,973,0,6,32,1181,0.635,874.1,0.3167,35,step_limit,0,475000,8541.8
476,1000,390.0,-7.495,31,,410,0,4,51,2259,0.648,792.3,0.6038,336,step_limit,0,476000,8559.9
477,1000,560.0,62.713,42,,954,0,6,52,959,0.621,847.5,0.2508,45,step_limit,0,477000,8578.2
478,1000,480.0,23.812,34,,940,0,6,30,1655,0.6445,886.8,0.4239,53,step_limit,0,478000,8596.2
479,1000,550.0,58.167,41,,927,0,6,72,1169,0.6042,911.6,0.3084,11,step_limit,0,479000,8614.7
480,1000,490.0,43.383,35,,986,0,6,42,1281,0.6042,879.2,0.3313,46,step_limit,0,480000,8632.2
481,1000,530.0,28.665,36,,992,0,7,39,1578,0.631,852.1,0.4215,128,step_limit,0,481000,8651.3
482,1000,390.0,35.189,31,,885,0,4,61,1597,0.6295,772.2,0.4054,39,step_limit,0,482000,8668.3
483,1000,550.0,48.356,38,,972,0,7,41,1186,0.5767,852.6,0.3084,17,step_limit,0,483000,8685.7
484,1000,560.0,39.208,39,,984,0,7,39,1362,0.6235,863.0,0.3665,68,step_limit,0,484000,8702.7
485,1000,500.0,33.363,39,,895,0,5,34,1452,0.603,912.1,0.379,26,step_limit,0,485000,8721.9
486,1000,600.0,42.573,43,,920,0,7,46,1261,0.619,884.3,0.3349,50,step_limit,0,486000,8740.5
487,1000,470.0,43.847,36,,884,0,5,37,1224,0.621,834.6,0.3223,22,step_limit,0,487000,8759.7
488,1000,490.0,33.458,38,,838,0,5,39,1442,0.656,811.8,0.3737,54,step_limit,0,488000,8777.4
489,1000,600.0,51.702,43,,996,0,7,45,1122,0.618,894.1,0.2971,16,step_limit,0,489000,8796.2
490,1000,490.0,39.344,35,,858,0,6,74,1516,0.609,899.3,0.4024,77,step_limit,0,490000,8814.9
491,1000,530.0,59.631,39,,999,0,6,42,1030,0.6155,885.0,0.2615,18,step_limit,0,491000,8832.8
492,1000,580.0,46.217,41,,980,0,7,47,1214,0.616,905.4,0.318,27,step_limit,0,492000,8850.8
493,1000,570.0,59.772,40,,828,0,7,54,963,0.607,883.9,0.2449,15,step_limit,0,493000,8867.5
494,1000,530.0,26.391,42,,989,0,5,43,1604,0.6252,884.4,0.4193,39,step_limit,0,494000,8885.9
495,1000,490.0,36.121,35,,812,0,6,38,1465,0.6192,909.0,0.3788,39,step_limit,0,495000,8902.8
496,1000,470.0,47.145,36,,1000,0,5,39,1208,0.635,890.6,0.3194,25,step_limit,0,496000,8921.1
497,1000,590.0,45.3,42,,910,0,7,40,1230,0.6585,894.4,0.3297,30,step_limit,0,497000,8937.4
498,1000,530.0,54.49,39,,974,0,6,60,1217,0.6378,817.6,0.3098,20,step_limit,0,498000,8956.5
499,1000,500.0,52.268,36,,957,0,6,100,1408,0.6312,832.3,0.3708,37,step_limit,0,499000,8971.7
500,1000,540.0,46.301,40,,961,0,6,41,1187,0.6405,906.3,0.3146,22,step_limit,0,500000,8989.8
501,1000,620.0,47.046,42,,892,0,8,39,1209,0.6252,863.2,0.3203,69,step_limit,0,501000,9017.5
502,1000,580.0,68.235,41,,993,0,7,45,881,0.5972,881.8,0.2175,39,step_limit,0,502000,9034.7
503,1000,560.0,68.97,39,,926,0,7,103,1112,0.5613,818.2,0.2896,15,step_limit,0,503000,9054.1
504,1000,570.0,46.883,43,,992,0,6,51,1266,0.644,887.9,0.3254,34,step_limit,0,504000,9069.4
505,1000,560.0,49.491,42,,956,0,6,37,1127,0.6425,870.5,0.2958,30,step_limit,0,505000,9087.5
506,1000,550.0,54.452,41,,980,0,6,63,1172,0.6245,898.8,0.3052,21,step_limit,0,506000,9107.1
507,1000,580.0,64.242,44,,895,0,6,40,844,0.6245,970.6,0.2219,18,step_limit,0,507000,9127.3
508,1000,540.0,43.017,40,,939,0,6,45,1331,0.6075,885.8,0.3467,22,step_limit,0,508000,9145.4
509,1000,510.0,28.134,37,,951,0,6,43,1592,0.6603,881.1,0.4185,77,step_limit,0,509000,9165.4
510,1000,490.0,34.841,35,,962,0,6,42,1431,0.606,783.2,0.3705,54,step_limit,0,510000,9183.0
511,1000,610.0,48.617,44,,920,0,7,40,1122,0.6522,889.8,0.3019,24,step_limit,0,511000,9199.4
512,1000,590.0,49.824,42,,913,0,7,43,1178,0.5985,893.6,0.305,32,step_limit,0,512000,9218.1
513,1000,590.0,41.914,42,,976,0,7,41,1318,0.6198,911.9,0.3419,25,step_limit,0,513000,9235.6
514,1000,470.0,23.091,36,,947,0,5,36,1698,0.6452,878.5,0.4388,36,step_limit,0,514000,9253.6
515,1000,520.0,62.092,38,,839,0,6,87,1158,0.5657,863.4,0.2944,19,step_limit,0,515000,9273.9
516,1000,570.0,42.064,43,,887,0,6,41,1187,0.604,973.3,0.317,37,step_limit,0,516000,9293.1
517,1000,480.0,20.194,37,,993,0,5,43,1747,0.6218,885.8,0.467,48,step_limit,0,517000,9312.9
518,1000,510.0,78.696,40,,995,0,5,133,1044,0.6132,805.5,0.2724,30,step_limit,0,518000,9330.8
519,1000,530.0,30.153,39,,996,0,6,37,1398,0.6088,877.4,0.3701,37,step_limit,0,519000,9347.8
520,1000,530.0,30.593,39,,933,0,6,37,1503,0.6172,880.8,0.4007,72,step_limit,0,520000,9365.5
521,1000,580.0,59.752,44,,970,0,6,44,948,0.6508,895.2,0.2484,22,step_limit,0,521000,9382.2
522,1000,570.0,48.945,40,,931,0,7,60,1246,0.6292,892.7,0.3223,21,step_limit,0,522000,9400.5
523,1000,460.0,38.537,32,,887,0,6,44,1394,0.5685,862.4,0.3599,31,step_limit,0,523000,9420.2
524,1000,530.0,37.136,39,,987,0,6,36,1399,0.646,893.3,0.3637,15,step_limit,0,524000,9438.8
525,1000,560.0,62.563,42,,898,0,6,60,986,0.607,875.5,0.2491,17,step_limit,0,525000,9457.6
526,1000,520.0,39.222,38,,990,0,6,52,1416,0.6165,848.1,0.3744,33,step_limit,0,526000,9474.8
527,1000,530.0,49.807,39,,981,0,6,38,1148,0.619,800.0,0.3019,59,step_limit,0,527000,9493.9
528,1000,550.0,65.968,41,,984,0,6,60,995,0.6452,873.3,0.2576,15,step_limit,0,528000,9511.0
529,1000,480.0,49.453,34,,933,0,6,57,1319,0.6168,804.4,0.3453,29,step_limit,0,529000,9529.8
530,1000,460.0,56.465,35,,974,0,5,64,1190,0.596,748.9,0.3031,52,step_limit,0,530000,9547.5
531,1000,580.0,61.608,41,,949,0,7,68,1106,0.5633,890.1,0.2822,48,step_limit,0,531000,9565.9
532,1000,490.0,43.242,35,,871,0,6,72,1464,0.6,817.8,0.3811,27,step_limit,0,532000,9584.9
533,1000,520.0,56.831,38,,953,0,6,71,1209,0.6222,856.0,0.3163,14,step_limit,0,533000,9601.9
534,1000,570.0,54.087,40,,890,0,7,42,1055,0.635,900.1,0.2721,33,step_limit,0,534000,9620.4
535,1000,460.0,36.684,35,,822,0,5,34,1380,0.6272,831.6,0.3582,43,step_limit,0,535000,9637.7
536,1000,580.0,48.441,41,,974,0,7,44,1197,0.6168,886.1,0.3001,19,step_limit,0,536000,9656.5
537,1000,550.0,55.262,41,,955,0,6,78,1258,0.624,848.0,0.3277,18,step_limit,0,537000,9673.8
538,1000,630.0,53.764,43,,991,0,8,47,1112,0.5893,879.4,0.3011,14,step_limit,0,538000,9692.3
539,1000,540.0,45.014,40,,921,0,6,36,1166,0.634,887.0,0.3024,17,step_limit,0,539000,9709.8
540,1000,540.0,68.384,40,,997,0,6,86,1039,0.6148,909.2,0.2573,14,step_limit,0,540000,9728.2
541,1000,610.0,64.934,44,,902,0,7,44,930,0.635,872.1,0.2363,16,step_limit,0,541000,9745.2
542,1000,500.0,47.533,39,,997,0,5,49,1240,0.6258,888.3,0.3202,22,step_limit,0,542000,9763.7
543,1000,500.0,39.204,39,,997,0,5,35,1380,0.6365,892.7,0.353,52,step_limit,0,543000,9780.3
544,1000,550.0,39.155,41,,948,0,6,39,1344,0.6603,873.5,0.3498,32,step_limit,0,544000,9798.9
545,1000,470.0,29.851,36,,982,0,5,29,1548,0.6388,873.6,0.3983,75,step_limit,0,545000,9816.6
546,1000,510.0,56.289,40,,995,0,5,55,1102,0.5833,822.2,0.2924,25,step_limit,0,546000,9835.8
547,1000,550.0,58.378,41,,912,0,6,57,1094,0.6125,870.4,0.2886,19,step_limit,0,547000,9854.4
548,1000,560.0,57.421,39,,767,0,7,40,1072,0.6268,837.0,0.2754,28,step_limit,0,548000,9871.6
549,1000,490.0,52.917,35,,978,0,6,106,1370,0.5887,795.7,0.3593,17,step_limit,0,549000,9889.7
550,1000,500.0,81.074,39,,995,0,5,63,718,0.6128,860.4,0.1752,9,step_limit,0,550000,9906.5
551,1000,460.0,48.459,35,,880,0,5,34,1213,0.627,749.2,0.3162,19,step_limit,0,551000,9934.1
552,1000,380.0,3.867,30,,906,0,4,28,2072,0.6245,738.7,0.5309,100,step_limit,0,552000,9951.5
553,1000,480.0,33.586,37,,991,0,5,37,1453,0.6495,904.1,0.3764,23,step_limit,0,553000,9967.7
554,1000,430.0,36.959,32,,787,0,5,43,1502,0.623,869.2,0.3829,52,step_limit,0,554000,9984.5
555,1000,460.0,33.156,35,,953,0,5,41,1526,0.634,861.1,0.4032,72,step_limit,0,555000,10003.2
556,1000,520.0,48.827,38,,914,0,6,64,1285,0.5735,805.5,0.3446,38,step_limit,0,556000,10020.7
557,1000,460.0,22.897,38,,971,0,4,46,1697,0.63,963.2,0.4526,35,step_limit,0,557000,10040.5
558,1000,510.0,34.102,37,,922,0,6,39,1488,0.6312,827.4,0.383,20,step_limit,0,558000,10060.0
559,1000,570.0,44.871,40,,972,0,7,40,1217,0.5978,866.8,0.3258,36,step_limit,0,559000,10077.8
560,1000,500.0,35.01,36,,988,0,6,31,1435,0.6102,887.9,0.3774,58,step_limit,0,560000,10096.6
561,1000,490.0,60.824,38,,927,0,5,49,1023,0.6252,862.2,0.2633,18,step_limit,0,561000,10113.2
562,1000,530.0,58.895,39,,994,0,6,60,1145,0.608,972.7,0.2948,28,step_limit,0,562000,10132.0
563,1000,540.0,41.08,40,,975,0,6,43,1351,0.6665,915.9,0.3532,79,step_limit,0,563000,10148.8
564,1000,520.0,66.04,38,,902,0,6,41,907,0.614,818.3,0.2297,15,step_limit,0,564000,10168.0
565,1000,510.0,61.357,40,,958,0,5,150,1424,0.6182,872.3,0.3715,35,step_limit,0,565000,10185.0
566,1000,530.0,58.638,39,,932,0,6,71,1098,0.6475,872.1,0.2904,22,step_limit,0,566000,10204.0
567,1000,510.0,29.442,37,,980,0,6,39,1513,0.611,889.1,0.406,51,step_limit,0,567000,10221.0
568,1000,530.0,56.405,39,,891,0,6,38,1055,0.6482,864.9,0.2711,15,step_limit,0,568000,10239.4
569,1000,540.0,47.221,40,,983,0,6,40,1193,0.6385,948.1,0.315,48,step_limit,0,569000,10256.8
570,1000,530.0,58.307,39,,930,0,6,66,1108,0.6235,858.6,0.2828,25,step_limit,0,570000,10275.2
571,1000,550.0,45.943,41,,884,0,6,41,1196,0.6128,920.8,0.3136,30,step_limit,0,571000,10294.2
572,1000,470.0,69.296,36,,971,0,5,115,1184,0.566,785.0,0.2997,35,step_limit,0,572000,10311.7
573,1000,570.0,63.853,43,,978,0,6,54,978,0.6215,900.0,0.2542,18,step_limit,0,573000,10330.9
574,1000,520.0,41.648,38,,992,0,6,34,1345,0.633,915.8,0.3554,18,step_limit,0,574000,10349.0
575,1000,450.0,33.683,34,,997,0,5,34,1515,0.6508,861.1,0.3927,113,step_limit,0,575000,10367.1
576,1000,550.0,67.323,41,,935,0,6,58,969,0.6118,912.5,0.2417,19,step_limit,0,576000,10384.2
577,1000,590.0,47.927,42,,1000,0,7,62,1300,0.6288,886.8,0.3425,18,step_limit,0,577000,10401.8
578,1000,540.0,80.737,40,,904,0,6,117,957,0.6162,815.4,0.2407,19,step_limit,0,578000,10419.8
579,1000,470.0,80.143,36,,982,0,5,104,918,0.5935,801.5,0.2296,36,step_limit,0,579000,10438.1
580,1000,450.0,43.713,37,,994,0,4,60,1439,0.6075,887.5,0.3743,28,step_limit,0,580000,10454.6
581,1000,570.0,55.857,43,,889,0,6,43,1073,0.6552,920.1,0.2797,42,step_limit,0,581000,10473.3
582,1000,530.0,55.095,39,,959,0,6,66,1198,0.5753,812.4,0.2955,40,step_limit,0,582000,10489.8
583,1000,560.0,41.969,42,,971,0,6,44,1340,0.6415,896.0,0.3555,44,step_limit,0,583000,10508.1
584,1000,410.0,29.733,33,,951,0,4,45,1613,0.6205,843.9,0.4229,35,step_limit,0,584000,10525.9
585,1000,530.0,54.021,39,,968,0,6,47,1117,0.6035,907.3,0.2911,39,step_limit,0,585000,10544.3
586,1000,410.0,21.388,30,,982,0,5,62,1845,0.64,796.8,0.4827,52,step_limit,0,586000,10562.9
587,1000,560.0,48.159,42,,838,0,6,56,1246,0.626,945.2,0.3319,52,step_limit,0,587000,10579.6
588,1000,510.0,82.745,37,,990,0,6,97,832,0.5595,874.3,0.209,12,step_limit,0,588000,10598.6
589,1000,410.0,38.992,33,,931,0,4,35,1398,0.6175,798.7,0.3518,18,step_limit,0,589000,10615.8
590,1000,450.0,49.515,34,,964,0,5,74,1339,0.6245,807.4,0.3518,24,step_limit,0,590000,10633.9
591,1000,540.0,39.851,40,,976,0,6,39,1373,0.6362,884.8,0.3586,21,step_limit,0,591000,10651.0
592,1000,530.0,70.75,39,,980,0,6,148,1273,0.6088,932.0,0.3393,26,step_limit,0,592000,10668.2
593,1000,440.0,33.148,33,,982,0,5,33,1524,0.627,784.0,0.3952,69,step_limit,0,593000,10685.3
594,1000,540.0,49.726,40,,954,0,6,40,1223,0.6605,890.0,0.3163,18,step_limit,0,594000,10705.1
595,1000,450.0,59.617,34,,947,0,5,83,1173,0.606,809.1,0.3093,42,step_limit,0,595000,10723.9
596,1000,530.0,40.884,39,,967,0,6,39,1328,0.6412,814.2,0.3512,51,step_limit,0,596000,10743.2
597,1000,400.0,50.04,29,,892,0,5,142,1641,0.5485,792.1,0.4302,45,step_limit,0,597000,10760.5
598,1000,520.0,64.496,38,,832,0,6,90,1073,0.6092,851.3,0.2763,28,step_limit,0,598000,10777.8
599,1000,460.0,55.422,35,,998,0,5,83,1267,0.5437,885.4,0.3323,35,step_limit,0,599000,10794.6
600,1000,570.0,59.954,43,,974,0,6,55,1010,0.618,895.9,0.2632,24,step_limit,0,600000,10813.1
601,1000,480.0,63.974,37,,989,0,5,46,976,0.61,826.1,0.2401,28,step_limit,0,601000,10840.9
602,1000,420.0,40.463,34,,989,0,4,45,1415,0.652,885.2,0.3625,40,step_limit,0,602000,10859.2
603,1000,490.0,55.716,38,,888,0,5,66,1190,0.586,868.5,0.3093,18,step_limit,0,603000,10876.1
604,1000,580.0,61.395,41,,990,0,7,44,980,0.5863,881.4,0.2634,21,step_limit,0,604000,10892.9
605,1000,500.0,71.185,39,,888,0,5,79,938,0.5703,867.0,0.2394,19,step_limit,0,605000,10910.6
606,1000,480.0,80.765,37,,990,0,5,166,1236,0.5777,908.4,0.3189,43,step_limit,0,606000,10928.0
607,1000,540.0,53.572,40,,987,0,6,58,1174,0.6332,850.3,0.3096,43,step_limit,0,607000,10947.5
608,1000,510.0,62.313,37,,940,0,6,56,1036,0.608,896.7,0.2619,18,step_limit,0,608000,10964.5
609,1000,500.0,32.032,39,,979,0,5,39,1537,0.6462,873.7,0.4028,55,step_limit,0,609000,10984.4
610,1000,400.0,3.941,32,,997,0,4,47,2077,0.6502,830.3,0.5547,272,step_limit,0,610000,11001.2
611,1000,540.0,54.593,40,,984,0,6,44,1119,0.6265,857.4,0.2925,18,step_limit,0,611000,11019.2
612,1000,570.0,68.783,40,,899,0,7,55,837,0.5965,891.0,0.2181,20,step_limit,0,612000,11036.3
613,1000,460.0,49.048,35,,962,0,5,78,1357,0.57,886.9,0.3545,26,step_limit,0,613000,11055.4
614,1000,450.0,42.12,34,,959,0,5,58,1399,0.5753,784.7,0.3676,46,step_limit,0,614000,11074.2
615,1000,600.0,46.765,43,,965,0,7,36,1164,0.6312,891.5,0.305,20,step_limit,0,615000,11091.8
616,1000,450.0,59.998,34,,888,0,5,90,1224,0.5905,846.8,0.3064,37,step_limit,0,616000,11111.0
617,1000,450.0,17.884,34,,957,0,5,46,1758,0.5952,734.1,0.4757,120,step_limit,0,617000,11129.0
618,1000,500.0,53.3,39,,969,0,5,63,1228,0.6225,871.6,0.3178,49,step_limit,0,618000,11147.0
619,1000,530.0,42.197,39,,990,0,6,35,1330,0.6312,870.0,0.3528,49,step_limit,0,619000,11164.0
620,1000,550.0,71.116,38,,919,0,7,61,885,0.5915,885.9,0.2234,20,step_limit,0,620000,11183.5
621,1000,430.0,17.443,32,,900,0,5,36,1808,0.6128,739.7,0.4736,124,step_limit,0,621000,11200.0
622,1000,540.0,53.507,40,,998,0,6,59,1205,0.6255,872.0,0.3172,64,step_limit,0,622000,11217.2
623,1000,470.0,62.389,36,,973,0,5,63,1077,0.578,788.3,0.2794,21,step_limit,0,623000,11233.7
624,1000,560.0,57.104,42,,940,0,6,75,1216,0.5855,910.3,0.3179,20,step_limit,0,624000,11254.4
625,1000,510.0,37.804,37,,984,0,6,49,1387,0.551,796.0,0.3741,28,step_limit,0,625000,11271.9
626,1000,540.0,59.215,40,,946,0,6,59,1039,0.592,863.2,0.2714,37,step_limit,0,626000,11291.4
627,1000,600.0,41.11,43,,948,0,7,39,1330,0.646,916.9,0.3527,49,step_limit,0,627000,11311.0
628,1000,410.0,32.461,30,,766,0,5,27,1499,0.5797,736.2,0.3862,32,step_limit,0,628000,11328.6
629,1000,470.0,38.46,36,,963,0,5,72,1541,0.5988,853.4,0.3993,56,step_limit,0,629000,11347.0
630,1000,480.0,55.627,37,,972,0,5,40,1098,0.6068,873.6,0.2834,22,step_limit,0,630000,11364.5
631,1000,510.0,61.681,37,,962,0,6,66,1144,0.6162,901.8,0.2871,21,step_limit,0,631000,11383.6
632,1000,510.0,65.056,37,,994,0,6,79,1054,0.596,888.3,0.2759,32,step_limit,0,632000,11400.6
633,1000,510.0,41.932,37,,898,0,6,38,1355,0.6525,914.8,0.3537,71,step_limit,0,633000,11418.5
634,1000,520.0,46.234,38,,926,0,6,37,1162,0.659,895.7,0.3061,13,step_limit,0,634000,11436.8
635,1000,490.0,82.766,35,,996,0,6,111,921,0.5527,904.2,0.2291,29,step_limit,0,635000,11454.7
636,1000,530.0,67.715,39,,964,0,6,60,917,0.597,910.2,0.2358,15,step_limit,0,636000,11471.0
637,1000,520.0,59.151,38,,919,0,6,81,1150,0.6075,913.0,0.3062,16,step_limit,0,637000,11489.3
638,1000,550.0,75.323,41,,991,0,6,64,863,0.623,858.7,0.214,15,step_limit,0,638000,11506.6
639,1000,490.0,73.783,38,,998,0,5,64,878,0.614,893.7,0.2215,23,step_limit,0,639000,11525.0
640,1000,480.0,68.739,37,,932,0,5,63,971,0.6402,869.6,0.2477,34,step_limit,0,640000,11542.4
641,1000,540.0,68.921,40,,906,0,6,85,1000,0.6012,858.3,0.2651,27,step_limit,0,641000,11561.3
642,1000,510.0,38.98,37,,920,0,6,55,1465,0.6485,891.1,0.3806,36,step_limit,0,642000,11579.9
643,1000,530.0,53.006,39,,831,0,6,79,1249,0.6235,855.1,0.3276,22,step_limit,0,643000,11598.0
644,1000,590.0,60.19,42,,998,0,7,56,1022,0.6252,962.4,0.263,28,step_limit,0,644000,11616.4
645,1000,500.0,48.546,36,,978,0,6,34,1241,0.616,890.8,0.3131,18,step_limit,0,645000,11633.1
646,1000,470.0,40.01,36,,953,0,5,47,1455,0.6165,901.8,0.3757,28,step_limit,0,646000,11652.1
647,1000,490.0,78.508,38,,930,0,5,65,786,0.6062,857.7,0.2033,15,step_limit,0,647000,11669.8
648,1000,480.0,59.736,37,,868,0,5,64,1105,0.6168,896.2,0.2869,37,step_limit,0,648000,11687.0
649,1000,400.0,51.663,32,,966,0,4,81,1346,0.5843,877.8,0.3554,30,step_limit,0,649000,11704.0
650,1000,480.0,63.517,37,,986,0,5,60,1097,0.6262,838.3,0.2748,43,step_limit,0,650000,11723.2
651,1000,560.0,71.324,39,,885,0,7,64,814,0.5935,867.7,0.2085,18,step_limit,0,651000,11751.5
652,1000,450.0,91.642,34,,953,0,5,161,973,0.5433,815.6,0.2509,19,step_limit,0,652000,11768.0
653,1000,500.0,55.426,39,,980,0,5,51,1098,0.6162,912.8,0.2708,18,step_limit,0,653000,11786.2
654,1000,510.0,53.917,37,,977,0,6,70,1192,0.6,875.3,0.3035,19,step_limit,0,654000,11802.9
655,1000,440.0,65.006,36,,863,0,4,96,1201,0.5955,861.4,0.3064,24,step_limit,0,655000,11821.4
656,1000,540.0,32.848,40,,979,0,6,40,1406,0.6225,908.4,0.3777,34,step_limit,0,656000,11837.0
657,1000,490.0,47.337,35,,823,0,6,41,1219,0.6108,967.6,0.3147,41,step_limit,0,657000,11855.0
658,1000,540.0,55.539,40,,929,0,6,42,1045,0.6378,873.2,0.2737,16,step_limit,0,658000,11871.7
659,1000,460.0,24.782,35,,919,0,5,31,1620,0.6215,968.5,0.4222,74,step_limit,0,659000,11889.8
660,1000,490.0,53.547,35,,871,0,6,75,1300,0.5793,807.3,0.3445,27,step_limit,0,660000,11906.9
661,1000,470.0,55.976,36,,954,0,5,35,1018,0.6205,928.1,0.2566,25,step_limit,0,661000,11926.3
662,1000,450.0,60.463,34,,882,0,5,67,1120,0.6005,803.2,0.2814,18,step_limit,0,662000,11943.2
663,1000,550.0,48.96,38,,957,0,7,40,1210,0.624,904.8,0.3152,36,step_limit,0,663000,11961.9
664,1000,450.0,56.691,34,,929,0,5,51,1113,0.5787,807.3,0.2798,32,step_limit,0,664000,11979.5
665,1000,450.0,75.308,34,,970,0,5,215,1490,0.579,803.1,0.3909,92,step_limit,0,665000,11998.6
666,1000,570.0,59.907,43,,956,0,6,102,1161,0.6062,889.8,0.3111,37,step_limit,0,666000,12017.5
667,1000,520.0,47.868,38,,978,0,6,38,1170,0.6178,917.7,0.3057,43,step_limit,0,667000,12035.5
668,1000,380.0,40.269,30,,958,0,4,36,1387,0.539,784.5,0.365,53,step_limit,0,668000,12054.8
669,1000,510.0,46.491,37,,983,0,6,43,1236,0.647,923.6,0.3292,37,step_limit,0,669000,12072.8
670,1000,480.0,64.47,34,,996,0,6,49,977,0.604,853.0,0.2483,16,step_limit,0,670000,12092.2
671,1000,560.0,59.75,42,,936,0,6,48,1036,0.624,912.5,0.264,20,step_limit,0,671000,12110.1
672,1000,520.0,39.828,38,,853,0,6,49,1415,0.6035,861.8,0.3743,63,step_limit,0,672000,12129.6
673,1000,500.0,53.034,39,,897,0,5,78,1238,0.6085,868.5,0.3274,26,step_limit,0,673000,12146.5
674,1000,460.0,76.792,35,,966,0,5,142,1111,0.5653,786.5,0.2846,22,step_limit,0,674000,12165.4
675,1000,500.0,45.673,36,,941,0,6,80,1395,0.6235,808.7,0.3685,30,step_limit,0,675000,12181.9
676,1000,570.0,57.035,40,,928,0,7,44,1023,0.6362,884.2,0.2658,54,step_limit,0,676000,12199.8
677,1000,550.0,59.336,41,,974,0,6,62,1088,0.5985,865.0,0.2876,34,step_limit,0,677000,12218.1
678,1000,500.0,65.436,39,,950,0,5,46,979,0.5903,863.0,0.2525,22,step_limit,0,678000,12234.9
679,1000,490.0,27.784,38,,975,0,5,35,1571,0.623,894.2,0.4104,59,step_limit,0,679000,12253.6
680,1000,500.0,55.026,36,,756,0,6,68,1173,0.604,830.7,0.3032,15,step_limit,0,680000,12271.1
681,1000,490.0,77.891,38,,930,0,5,90,871,0.6178,874.9,0.2191,19,step_limit,0,681000,12290.1
682,1000,410.0,63.8,33,,952,0,4,147,1369,0.562,807.0,0.3571,16,step_limit,0,682000,12306.7
683,1000,540.0,55.164,40,,972,0,6,47,1171,0.6753,883.9,0.3014,50,step_limit,0,683000,12325.6
684,1000,460.0,45.552,35,,899,0,5,35,1254,0.6222,895.0,0.325,27,step_limit,0,684000,12343.3
685,1000,500.0,43.632,36,,947,0,6,34,1213,0.5805,877.4,0.3252,31,step_limit,0,685000,12361.2
686,1000,550.0,59.2,38,,893,0,7,57,1049,0.6028,849.8,0.2681,17,step_limit,0,686000,12378.4
687,1000,580.0,65.721,41,,968,0,7,71,1047,0.5985,901.1,0.2662,35,step_limit,0,687000,12396.7
688,1000,600.0,39.616,43,,997,0,7,42,1335,0.6192,885.6,0.3605,130,step_limit,0,688000,12414.1
689,1000,480.0,36.412,37,,992,0,5,35,1439,0.6198,849.2,0.3676,31,step_limit,0,689000,12432.9
690,1000,550.0,63.195,41,,927,0,6,40,953,0.6015,857.3,0.2511,25,step_limit,0,690000,12452.5
691,1000,510.0,56.121,40,,991,0,5,38,1016,0.616,868.0,0.2709,18,step_limit,0,691000,12470.0
692,1000,440.0,53.863,33,,906,0,5,99,1375,0.5775,763.7,0.3618,19,step_limit,0,692000,12488.4
693,1000,530.0,69.078,42,,999,0,5,47,857,0.6192,914.7,0.2091,20,step_limit,0,693000,12506.9
694,1000,470.0,64.393,36,,990,0,5,64,1010,0.5853,906.0,0.2626,20,step_limit,0,694000,12526.3
695,1000,480.0,37.156,34,,975,0,6,37,1421,0.6248,839.7,0.3669,39,step_limit,0,695000,12543.2
696,1000,500.0,33.816,39,,864,0,5,30,1353,0.6545,906.8,0.3566,21,step_limit,0,696000,12563.5
697,1000,610.0,47.014,44,,978,0,7,44,1176,0.6673,895.5,0.3102,18,step_limit,0,697000,12580.3
698,1000,550.0,65.481,41,,986,0,6,58,931,0.6312,870.2,0.2451,16,step_limit,0,698000,12598.2
699,1000,520.0,37.828,38,,987,0,6,35,1345,0.6055,886.0,0.3502,61,step_limit,0,699000,12615.9
700,1000,560.0,58.339,39,,785,0,7,77,1209,0.592,891.0,0.3164,31,step_limit,0,700000,12634.3
701,1000,470.0,54.183,36,,949,0,5,73,1252,0.6362,886.0,0.3195,18,step_limit,0,701000,12662.3
702,1000,490.0,63.543,38,,979,0,5,89,1144,0.607,866.4,0.2901,24,step_limit,0,702000,12680.0
703,1000,590.0,64.53,42,,982,0,7,61,939,0.5975,902.5,0.2488,19,step_limit,0,703000,12697.1
704,1000,380.0,38.91,30,,986,0,4,86,1573,0.5453,799.4,0.4098,73,step_limit,0,704000,12713.2
705,1000,610.0,54.391,44,,952,0,7,44,1028,0.6733,919.6,0.2679,18,step_limit,0,705000,12732.0
706,1000,470.0,50.215,36,,878,0,5,33,1080,0.649,887.5,0.2812,19,step_limit,0,706000,12746.4
707,1000,520.0,61.202,41,,998,0,5,33,966,0.6318,883.4,0.2393,17,step_limit,0,707000,12764.6
708,1000,460.0,49.463,35,,965,0,5,58,1270,0.5845,780.6,0.3219,30,step_limit,0,708000,12782.1
709,1000,470.0,43.569,36,,992,0,5,69,1429,0.629,910.0,0.3695,60,step_limit,0,709000,12803.3
710,1000,570.0,70.496,40,,893,0,7,82,918,0.556,886.2,0.2381,45,step_limit,0,710000,12820.8
711,1000,460.0,36.911,35,,949,0,5,58,1488,0.6098,878.8,0.3964,51,step_limit,0,711000,12838.9
712,1000,530.0,34.432,39,,981,0,6,40,1427,0.6425,912.2,0.3792,48,step_limit,0,712000,12857.1
713,1000,580.0,84.337,41,,963,0,7,102,816,0.5845,882.3,0.2108,29,step_limit,0,713000,12873.7
714,1000,580.0,60.97,41,,991,0,7,46,964,0.6338,888.5,0.2426,19,step_limit,0,714000,12894.1
715,1000,540.0,62.697,40,,996,0,6,49,953,0.5952,874.9,0.2412,17,step_limit,0,715000,12911.3
716,1000,440.0,50.418,36,,956,0,4,53,1305,0.5785,880.7,0.3301,68,step_limit,0,716000,12930.1
717,1000,500.0,29.485,39,,980,0,5,37,1515,0.6675,902.4,0.3982,35,step_limit,0,717000,12947.3
718,1000,510.0,51.378,37,,890,0,6,36,1148,0.6525,912.4,0.2922,26,step_limit,0,718000,12965.5
719,1000,510.0,57.444,37,,929,0,6,42,1081,0.594,804.6,0.2822,58,step_limit,0,719000,12982.7
720,1000,490.0,53.426,38,,898,0,5,82,1273,0.5995,948.8,0.3343,67,step_limit,0,720000,13001.8
721,1000,500.0,40.927,39,,994,0,5,56,1365,0.622,881.9,0.3659,47,step_limit,0,721000,13018.4
722,1000,450.0,58.7,34,,767,0,5,88,1250,0.6152,884.6,0.3152,16,step_limit,0,722000,13036.2
723,1000,550.0,46.749,41,,954,0,6,50,1236,0.6308,875.1,0.3261,27,step_limit,0,723000,13054.2
724,1000,550.0,46.507,41,,998,0,6,37,1222,0.6382,878.5,0.3204,16,step_limit,0,724000,13072.6
725,1000,550.0,45.156,38,,981,0,7,36,1245,0.6115,854.9,0.319,19,step_limit,0,725000,13091.6
726,1000,520.0,47.381,38,,981,0,6,43,1200,0.6085,886.1,0.3138,12,step_limit,0,726000,13108.4
727,1000,540.0,48.394,37,,910,0,7,38,1222,0.625,925.4,0.3253,47,step_limit,0,727000,13126.7
728,1000,470.0,26.895,36,,984,0,5,33,1550,0.617,878.1,0.4088,74,step_limit,0,728000,13144.2
729,1000,510.0,36.028,40,,924,0,5,77,1589,0.6078,890.6,0.4268,39,step_limit,0,729000,13162.9
730,1000,670.0,61.54,47,,1000,0,8,39,937,0.6412,964.4,0.2467,16,step_limit,0,730000,13181.3
731,1000,500.0,39.58,39,,981,0,5,37,1300,0.6248,863.2,0.3426,53,step_limit,0,731000,13200.2
732,1000,530.0,67.546,39,,934,0,6,40,838,0.6368,863.8,0.2133,16,step_limit,0,732000,13217.4
733,1000,570.0,44.978,40,,934,0,7,48,1342,0.621,895.9,0.3465,55,step_limit,0,733000,13235.0
734,1000,390.0,56.44,31,,899,0,4,50,1145,0.5783,744.8,0.29,39,step_limit,0,734000,13252.4
735,1000,540.0,46.199,40,,974,0,6,40,1214,0.657,882.3,0.3203,36,step_limit,0,735000,13270.4
736,1000,540.0,58.53,40,,931,0,6,47,1016,0.6162,894.6,0.2553,22,step_limit,0,736000,13287.9
737,1000,600.0,61.172,43,,983,0,7,57,971,0.5665,908.9,0.2538,24,step_limit,0,737000,13306.1
738,1000,420.0,40.291,31,,991,0,5,83,1592,0.5723,868.9,0.4159,51,step_limit,0,738000,13323.4
739,1000,470.0,50.918,36,,778,0,5,73,1371,0.6138,809.4,0.3511,64,step_limit,0,739000,13342.0
740,1000,530.0,39.1,39,,931,0,6,49,1427,0.6012,885.2,0.379,34,step_limit,0,740000,13359.3
741,1000,490.0,35.349,35,,781,0,6,53,1554,0.6028,810.5,0.3985,38,step_limit,0,741000,13377.8
742,1000,570.0,49.437,40,,952,0,7,49,1190,0.61,916.3,0.3141,38,step_limit,0,742000,13396.5
743,1000,530.0,67.569,39,,956,0,6,61,947,0.6318,874.3,0.2467,17,step_limit,0,743000,13414.0
744,1000,460.0,42.1,38,,972,0,4,29,1265,0.6065,916.2,0.325,15,step_limit,0,744000,13432.9
745,1000,510.0,66.021,37,,983,0,6,89,1116,0.587,882.1,0.2917,34,step_limit,0,745000,13450.2
746,1000,520.0,34.791,38,,919,0,6,34,1481,0.6595,889.8,0.375,37,step_limit,0,746000,13469.1
747,1000,470.0,42.141,36,,958,0,5,34,1384,0.6122,834.8,0.3472,18,step_limit,0,747000,13486.1
748,1000,520.0,55.46,38,,956,0,6,53,1115,0.616,812.3,0.2871,31,step_limit,0,748000,13504.0
749,1000,520.0,46.383,38,,982,0,6,64,1422,0.631,856.6,0.3681,22,step_limit,0,749000,13519.7
750,1000,450.0,45.492,34,,997,0,5,34,1314,0.618,861.3,0.3271,20,step_limit,0,750000,13538.4
751,1000,560.0,49.287,39,,998,0,7,36,1136,0.5975,904.9,0.2983,12,step_limit,0,751000,13565.5
752,1000,600.0,81.147,43,,982,0,7,109,888,0.5745,910.2,0.222,19,step_limit,0,752000,13584.2
753,1000,490.0,47.73,38,,986,0,5,43,1223,0.628,886.3,0.3171,86,step_limit,0,753000,13602.7
754,1000,510.0,44.51,37,,950,0,6,59,1380,0.6172,857.6,0.357,44,step_limit,0,754000,13619.7
755,1000,490.0,78.133,38,,907,0,5,202,1327,0.601,862.6,0.3427,31,step_limit,0,755000,13638.5
756,1000,470.0,47.485,36,,971,0,5,68,1399,0.6072,879.0,0.3491,37,step_limit,0,756000,13654.5
757,1000,460.0,63.373,35,,975,0,5,51,945,0.5815,890.5,0.2392,16,step_limit,0,757000,13671.4
758,1000,540.0,67.746,40,,931,0,6,58,889,0.5933,907.9,0.2321,24,step_limit,0,758000,13688.1
759,1000,450.0,42.87,34,,909,0,5,36,1355,0.625,763.2,0.3432,31,step_limit,0,759000,13706.8
760,1000,480.0,42.424,37,,995,0,5,39,1303,0.5945,906.2,0.3367,17,step_limit,0,760000,13723.8
761,1000,560.0,45.097,39,,961,0,7,38,1184,0.6168,922.4,0.3165,28,step_limit,0,761000,13742.1
762,1000,520.0,54.722,41,,963,0,5,67,1173,0.6088,914.1,0.3048,19,step_limit,0,762000,13760.3
763,1000,470.0,54.382,36,,996,0,5,60,1190,0.59,864.7,0.3101,21,step_limit,0,763000,13779.1
764,1000,550.0,68.869,41,,935,0,6,109,1151,0.5603,908.4,0.2935,16,step_limit,0,764000,13798.1
765,1000,550.0,69.225,41,,996,0,6,52,850,0.6112,846.6,0.2223,19,step_limit,0,765000,13814.6
766,1000,490.0,27.709,35,,965,0,6,35,1525,0.5857,908.2,0.3984,37,step_limit,0,766000,13833.5
767,1000,560.0,49.171,42,,875,0,6,51,1289,0.6388,884.5,0.3372,49,step_limit,0,767000,13850.9
768,1000,460.0,81.258,35,,916,0,5,135,1045,0.5525,851.5,0.27,35,step_limit,0,768000,13869.6
769,1000,560.0,59.961,39,,993,0,7,58,1087,0.601,863.2,0.2788,14,step_limit,0,769000,13886.2
770,1000,540.0,34.529,37,,904,0,7,36,1501,0.6065,909.4,0.3925,31,step_limit,0,770000,13904.7
771,1000,560.0,47.482,42,,989,0,6,35,1162,0.6248,975.3,0.2925,20,step_limit,0,771000,13921.9
772,1000,540.0,65.463,40,,920,0,6,44,907,0.6108,898.5,0.2334,19,step_limit,0,772000,13940.2
773,1000,520.0,57.731,38,,977,0,6,108,1310,0.5587,805.0,0.3321,20,step_limit,0,773000,13957.5
774,1000,510.0,58.234,37,,920,0,6,94,1314,0.581,884.5,0.3327,20,step_limit,0,774000,13975.9
775,1000,500.0,70.804,39,,972,0,5,106,1057,0.6138,907.2,0.2665,34,step_limit,0,775000,13993.3
776,1000,510.0,68.066,37,,790,0,6,85,1071,0.6045,886.5,0.2731,21,step_limit,0,776000,14011.6
777,1000,610.0,67.678,44,,966,0,7,62,921,0.6172,877.2,0.2421,22,step_limit,0,777000,14028.1
778,1000,490.0,53.467,38,,924,0,5,46,1133,0.6208,844.0,0.2959,32,step_limit,0,778000,14047.6
779,1000,550.0,65.952,41,,920,0,6,42,897,0.635,910.5,0.2301,21,step_limit,0,779000,14064.7
780,1000,430.0,57.707,32,,924,0,5,102,1351,0.5553,891.9,0.3498,33,step_limit,0,780000,14084.0
781,1000,610.0,60.357,44,,940,0,7,38,920,0.643,968.1,0.2368,20,step_limit,0,781000,14102.8
782,1000,490.0,54.46,38,,995,0,5,83,1278,0.6032,889.1,0.3337,18,step_limit,0,782000,14120.3
783,1000,510.0,60.847,37,,970,0,6,76,1137,0.5955,801.1,0.2918,35,step_limit,0,783000,14139.0
784,1000,460.0,32.55,35,,958,0,5,35,1514,0.611,898.6,0.3948,23,step_limit,0,784000,14156.5
785,1000,510.0,57.475,40,,927,0,5,39,1004,0.6452,960.7,0.2637,17,step_limit,0,785000,14174.6
786,1000,560.0,86.882,39,,841,0,7,161,1015,0.6158,868.6,0.2644,26,step_limit,0,786000,14195.0
787,1000,460.0,72.644,35,,969,0,5,67,942,0.5773,764.3,0.2379,27,step_limit,0,787000,14215.1
788,1000,490.0,52.942,35,,919,0,6,85,1359,0.6008,863.6,0.3464,39,step_limit,0,788000,14232.2
789,1000,540.0,59.178,40,,927,0,6,37,940,0.6402,935.3,0.2289,23,step_limit,0,789000,14254.1
790,1000,550.0,69.404,41,,957,0,6,48,847,0.6065,891.9,0.2129,28,step_limit,0,790000,14272.3
791,1000,490.0,46.692,38,,815,0,5,36,1225,0.6448,892.5,0.3228,27,step_limit,0,791000,14289.5
792,1000,520.0,41.729,38,,863,0,6,59,1413,0.6158,811.6,0.3775,45,step_limit,0,792000,14308.7
793,1000,580.0,59.298,44,,937,0,6,37,952,0.616,968.8,0.2413,13,step_limit,0,793000,14326.8
794,1000,610.0,62.418,44,,975,0,7,52,963,0.6368,901.1,0.2441,28,step_limit,0,794000,14345.2
795,1000,510.0,49.469,37,,997,0,6,63,1264,0.594,795.5,0.3355,62,step_limit,0,795000,14362.5
796,1000,470.0,71.077,36,,978,0,5,79,1017,0.568,861.7,0.2499,14,step_limit,0,796000,14381.0
797,1000,470.0,29.517,36,,971,0,5,40,1526,0.5938,824.0,0.4075,43,step_limit,0,797000,14398.3
798,1000,580.0,69.728,44,,969,0,6,56,865,0.6178,885.3,0.217,16,step_limit,0,798000,14416.3
799,1000,490.0,61.102,38,,999,0,5,71,1044,0.5833,884.7,0.2708,16,step_limit,0,799000,14431.5
800,1000,550.0,52.77,41,,987,0,6,64,1249,0.6108,914.3,0.3249,52,step_limit,0,800000,14450.6
801,1000,530.0,76.359,39,,920,0,6,76,838,0.5733,916.0,0.2116,17,step_limit,0,801000,14479.4
802,1000,540.0,52.311,40,,969,0,6,86,1313,0.6005,888.6,0.3487,68,step_limit,0,802000,14496.1
803,1000,490.0,64.493,38,,958,0,5,95,1168,0.6152,872.0,0.2944,28,step_limit,0,803000,14514.1
804,1000,460.0,47.061,35,,950,0,5,33,1264,0.6405,871.3,0.3212,16,step_limit,0,804000,14531.3
805,1000,540.0,42.119,40,,965,0,6,39,1277,0.6348,921.7,0.3291,12,step_limit,0,805000,14549.9
806,1000,600.0,57.981,43,,918,0,7,60,1018,0.6188,885.5,0.2713,17,step_limit,0,806000,14566.4
807,1000,520.0,58.574,38,,908,0,6,69,1179,0.603,847.7,0.2935,38,step_limit,0,807000,14584.3
808,1000,470.0,57.267,36,,966,0,5,81,1242,0.603,801.9,0.3219,33,step_limit,0,808000,14601.0
809,1000,540.0,41.268,40,,788,0,6,41,1306,0.6225,868.7,0.3403,35,step_limit,0,809000,14620.0
810,1000,480.0,78.57,37,,996,0,5,77,785,0.584,909.9,0.2015,11,step_limit,0,810000,14637.4
811,1000,540.0,41.509,40,,983,0,6,43,1327,0.633,861.8,0.3556,21,step_limit,0,811000,14656.1
812,1000,510.0,56.282,40,,945,0,5,34,1032,0.6365,960.9,0.2644,21,step_limit,0,812000,14674.8
813,1000,500.0,62.866,36,,917,0,6,52,1056,0.6235,877.9,0.2587,47,step_limit,0,813000,14692.3
814,1000,500.0,56.704,39,,980,0,5,40,1045,0.604,899.6,0.2731,19,step_limit,0,814000,14711.2
815,1000,530.0,56.217,39,,905,0,6,52,1080,0.613,835.2,0.2705,17,step_limit,0,815000,14728.2
816,1000,480.0,20.584,34,,834,0,6,34,1653,0.6002,854.2,0.442,46,step_limit,0,816000,14748.2
817,1000,530.0,53.092,39,,983,0,6,54,1144,0.5875,971.0,0.3059,33,step_limit,0,817000,14766.4
818,1000,540.0,52.369,40,,840,0,6,42,1167,0.6182,970.3,0.3001,23,step_limit,0,818000,14785.4
819,1000,410.0,38.137,33,,870,0,4,119,1767,0.5895,824.0,0.4613,49,step_limit,0,819000,14802.3
820,1000,500.0,63.731,39,,905,0,5,45,889,0.5927,892.6,0.2301,22,step_limit,0,820000,14820.3
821,1000,460.0,32.168,35,,980,0,5,46,1563,0.6092,881.2,0.4162,41,step_limit,0,821000,14837.3
822,1000,470.0,50.799,36,,947,0,5,57,1254,0.6062,838.6,0.3316,23,step_limit,0,822000,14856.7
823,1000,580.0,61.32,44,,997,0,6,66,1023,0.621,890.5,0.2616,15,step_limit,0,823000,14873.8
824,1000,480.0,73.312,37,,840,0,5,125,1039,0.5268,801.4,0.2731,18,step_limit,0,824000,14892.9
825,1000,470.0,44.945,36,,993,0,5,51,1350,0.6122,878.6,0.3548,18,step_limit,0,825000,14911.6
826,1000,580.0,55.87,41,,969,0,7,41,1043,0.6222,969.0,0.272,28,step_limit,0,826000,14929.5
827,1000,570.0,52.61,43,,962,0,6,50,1092,0.6362,962.7,0.287,16,step_limit,0,827000,14948.8
828,1000,460.0,57.652,35,,983,0,5,63,1116,0.6012,972.4,0.2892,26,step_limit,0,828000,14966.3
829,1000,430.0,16.958,35,,995,0,4,33,1755,0.5813,853.4,0.4586,71,step_limit,0,829000,14985.6
830,1000,490.0,56.93,38,,801,0,5,97,1301,0.6472,832.2,0.3439,54,step_limit,0,830000,15002.7
831,1000,570.0,51.357,40,,993,0,7,49,1169,0.5865,894.3,0.3004,34,step_limit,0,831000,15021.3
832,1000,520.0,36.909,38,,815,0,6,43,1325,0.607,857.3,0.3463,28,step_limit,0,832000,15038.2
833,1000,510.0,39.654,40,,970,0,5,36,1370,0.6168,964.4,0.3642,36,step_limit,0,833000,15056.8
834,1000,530.0,62.661,39,,950,0,6,76,1056,0.6275,801.6,0.2746,19,step_limit,0,834000,15074.6
835,1000,540.0,59.754,40,,1000,0,6,41,945,0.624,850.8,0.2417,11,step_limit,0,835000,15093.2
836,1000,530.0,59.904,39,,953,0,6,56,1053,0.6275,843.2,0.2787,15,step_limit,0,836000,15109.8
837,1000,530.0,61.057,39,,917,0,6,58,1002,0.6145,847.6,0.2591,20,step_limit,0,837000,15129.1
838,1000,580.0,63.771,41,,861,0,7,47,936,0.591,865.0,0.2452,16,step_limit,0,838000,15147.7
839,1000,540.0,59.386,40,,960,0,6,50,1019,0.5655,801.8,0.257,18,step_limit,0,839000,15164.7
840,1000,520.0,38.452,41,,974,0,5,32,1272,0.6528,860.3,0.3332,30,step_limit,0,840000,15183.0
841,1000,430.0,35.279,32,,914,0,5,72,1568,0.569,838.8,0.4139,28,step_limit,0,841000,15199.9
842,1000,480.0,38.633,37,,986,0,5,32,1348,0.6045,862.9,0.3525,20,step_limit,0,842000,15218.6
843,1000,560.0,42.802,42,,976,0,6,42,1295,0.6215,959.8,0.3429,29,step_limit,0,843000,15235.4
844,1000,490.0,66.082,38,,997,0,5,57,967,0.6028,899.6,0.2464,34,step_limit,0,844000,15254.2
845,1000,530.0,70.747,39,,850,0,6,75,932,0.6128,966.0,0.2407,20,step_limit,0,845000,15271.2
846,1000,510.0,40.817,37,,929,0,6,69,1495,0.6222,859.6,0.3965,85,step_limit,0,846000,15289.3
847,1000,510.0,38.854,37,,980,0,6,42,1427,0.6018,806.2,0.3713,39,step_limit,0,847000,15305.3
848,1000,610.0,57.576,44,,992,0,7,45,1039,0.6495,967.7,0.2581,17,step_limit,0,848000,15322.6
849,1000,460.0,41.761,35,,836,0,5,35,1371,0.609,893.1,0.3484,61,step_limit,0,849000,15338.8
850,1000,510.0,72.139,37,,803,0,6,63,904,0.5907,866.8,0.2204,17,step_limit,0,850000,15357.7
851,1000,520.0,57.614,38,,900,0,6,63,1155,0.5733,909.3,0.298,34,step_limit,0,851000,15386.4
852,1000,510.0,46.838,40,,964,0,5,40,1276,0.6332,860.6,0.3314,53,step_limit,0,852000,15403.5
853,1000,530.0,49.925,39,,911,0,6,54,1190,0.6225,817.7,0.3115,20,step_limit,0,853000,15420.5
854,1000,490.0,28.725,38,,969,0,5,41,1550,0.6715,856.6,0.4049,42,step_limit,0,854000,15436.5
855,1000,590.0,36.388,42,,971,0,7,41,1414,0.663,907.3,0.3756,64,step_limit,0,855000,15455.0
856,1000,460.0,44.189,35,,990,0,5,39,1335,0.6085,823.0,0.3443,17,step_limit,0,856000,15473.9
857,1000,530.0,58.405,39,,821,0,6,44,975,0.6532,874.3,0.2561,14,step_limit,0,857000,15491.2
858,1000,470.0,36.786,36,,894,0,5,40,1424,0.625,873.8,0.3725,23,step_limit,0,858000,15507.8
859,1000,470.0,32.932,33,,841,0,6,32,1520,0.6325,820.7,0.3881,51,step_limit,0,859000,15526.6
860,1000,560.0,51.895,42,,914,0,6,44,1103,0.6335,904.2,0.2882,16,step_limit,0,860000,15543.6
861,1000,460.0,36.509,35,,836,0,5,37,1446,0.6448,888.8,0.3769,46,step_limit,0,861000,15562.8
862,1000,540.0,50.103,40,,987,0,6,49,1221,0.6372,909.2,0.317,35,step_limit,0,862000,15580.6
863,1000,600.0,56.275,43,,949,0,7,54,1101,0.6162,910.9,0.2834,30,step_limit,0,863000,15598.8
864,1000,560.0,53.393,42,,945,0,6,85,1283,0.62,888.4,0.337,34,step_limit,0,864000,15618.5
865,1000,420.0,23.351,34,,996,0,4,51,1704,0.5605,907.4,0.4491,102,step_limit,0,865000,15638.9
866,1000,480.0,38.801,37,,976,0,5,44,1380,0.6272,884.2,0.362,38,step_limit,0,866000,15658.3
867,1000,630.0,52.704,46,,991,0,7,40,1097,0.6105,915.4,0.2914,19,step_limit,0,867000,15676.1
868,1000,510.0,53.588,37,,900,0,6,39,1123,0.6045,872.3,0.2917,20,step_limit,0,868000,15695.4
869,1000,430.0,24.565,32,,975,0,5,35,1628,0.6505,839.1,0.4287,62,step_limit,0,869000,15712.7
870,1000,500.0,64.235,36,,798,0,6,103,1202,0.568,872.2,0.3073,23,step_limit,0,870000,15731.0
871,1000,510.0,23.798,40,,903,0,5,36,1573,0.6005,825.0,0.4226,30,step_limit,0,871000,15748.2
872,1000,540.0,38.559,40,,993,0,6,41,1363,0.6205,868.2,0.352,38,step_limit,0,872000,15766.7
873,1000,430.0,50.512,32,,905,0,5,65,1325,0.5202,790.0,0.3488,70,step_limit,0,873000,15783.5
874,1000,560.0,54.862,39,,920,0,7,42,1067,0.6332,945.7,0.2798,37,step_limit,0,874000,15801.7
875,1000,590.0,49.509,42,,971,0,7,59,1299,0.6368,860.5,0.3339,27,step_limit,0,875000,15820.5
876,1000,520.0,34.073,38,,768,0,6,36,1393,0.5765,908.8,0.3701,36,step_limit,0,876000,15838.0
877,1000,520.0,38.72,38,,930,0,6,42,1405,0.619,863.7,0.365,21,step_limit,0,877000,15857.5
878,1000,610.0,29.523,44,,993,0,7,46,1512,0.6295,963.5,0.4077,33,step_limit,0,878000,15875.1
879,1000,510.0,41.737,37,,990,0,6,51,1333,0.617,808.7,0.3608,63,step_limit,0,879000,15893.8
880,1000,440.0,45.76,33,,964,0,5,72,1450,0.577,884.3,0.3792,39,step_limit,0,880000,15910.5
881,1000,450.0,45.075,34,,995,0,5,64,1388,0.5497,878.2,0.3647,77,step_limit,0,881000,15928.6
882,1000,530.0,62.463,39,,916,0,6,53,996,0.629,912.1,0.2557,19,step_limit,0,882000,15945.7
883,1000,530.0,46.387,39,,918,0,6,54,1305,0.6375,871.1,0.3488,15,step_limit,0,883000,15964.6
884,1000,560.0,62.421,42,,959,0,6,40,915,0.6385,870.8,0.2434,15,step_limit,0,884000,15981.6
885,1000,520.0,55.214,38,,929,0,6,85,1217,0.5923,807.9,0.3191,32,step_limit,0,885000,15999.5
886,1000,490.0,55.632,38,,902,0,5,41,1106,0.627,913.1,0.2826,28,step_limit,0,886000,16016.7
887,1000,560.0,67.568,42,,991,0,6,68,915,0.606,865.2,0.2404,19,step_limit,0,887000,16035.1
888,1000,510.0,56.911,40,,976,0,5,78,1196,0.5925,876.3,0.3194,37,step_limit,0,888000,16053.1
889,1000,500.0,59.599,36,,910,0,6,74,1127,0.6142,843.8,0.2876,16,step_limit,0,889000,16071.7
890,1000,510.0,63.982,40,,944,0,5,40,900,0.6142,888.3,0.2335,18,step_limit,0,890000,16092.4
891,1000,450.0,38.826,34,,959,0,5,51,1458,0.6342,839.0,0.3801,28,step_limit,0,891000,16110.3
892,1000,550.0,47.519,38,,857,0,7,42,1178,0.6282,863.5,0.3037,33,step_limit,0,892000,16128.7
893,1000,520.0,48.135,38,,976,0,6,59,1288,0.5988,831.0,0.333,33,step_limit,0,893000,16146.1
894,1000,440.0,58.885,33,,971,0,5,72,1221,0.5845,854.6,0.3076,31,step_limit,0,894000,16164.5
895,1000,470.0,41.505,36,,935,0,5,34,1275,0.6335,810.4,0.3352,49,step_limit,0,895000,16182.4
896,1000,460.0,50.118,35,,921,0,5,48,1189,0.61,795.7,0.3101,28,step_limit,0,896000,16200.1
897,1000,470.0,24.392,36,,957,0,5,39,1647,0.6305,853.7,0.4387,80,step_limit,0,897000,16218.6
898,1000,500.0,58.422,36,,932,0,6,93,1247,0.6122,853.6,0.3249,49,step_limit,0,898000,16235.7
899,1000,540.0,37.365,37,,862,0,7,33,1397,0.6045,863.2,0.3611,17,step_limit,0,899000,16253.4
900,1000,550.0,65.273,41,,968,0,6,59,928,0.6062,963.3,0.2487,14,step_limit,0,900000,16270.5
901,1000,510.0,40.09,40,,988,0,5,51,1339,0.6188,912.7,0.3491,32,step_limit,0,901000,16297.0
902,1000,600.0,49.12,43,,955,0,7,40,1157,0.6208,865.1,0.3041,19,step_limit,0,902000,16314.8
903,1000,520.0,58.382,38,,917,0,6,68,1095,0.5927,803.3,0.2853,28,step_limit,0,903000,16332.2
904,1000,540.0,64.487,40,,954,0,6,75,1015,0.5805,891.3,0.276,16,step_limit,0,904000,16351.1
905,1000,520.0,57.638,38,,770,0,6,49,1143,0.5988,865.3,0.2876,58,step_limit,0,905000,16368.2
906,1000,560.0,40.921,42,,996,0,6,38,1285,0.5893,931.0,0.3347,47,step_limit,0,906000,16385.8
907,1000,550.0,53.117,41,,988,0,6,46,1087,0.6135,965.8,0.2852,33,step_limit,0,907000,16405.3
908,1000,500.0,76.284,39,,999,0,5,149,1223,0.5995,891.9,0.3185,24,step_limit,0,908000,16421.4
909,1000,500.0,48.836,39,,938,0,5,63,1311,0.606,864.1,0.3386,21,step_limit,0,909000,16437.9
910,1000,490.0,47.86,35,,787,0,6,41,1229,0.6018,796.8,0.3085,19,step_limit,0,910000,16456.2
911,1000,550.0,48.676,38,,920,0,7,38,1198,0.6078,892.9,0.2953,13,step_limit,0,911000,16473.5
912,1000,470.0,43.442,36,,968,0,5,33,1272,0.6175,850.0,0.3277,18,step_limit,0,912000,16491.0
913,1000,560.0,51.373,39,,826,0,7,42,1136,0.586,840.6,0.2994,36,step_limit,0,913000,16508.5
914,1000,490.0,42.887,35,,990,0,6,70,1461,0.611,758.9,0.3755,38,step_limit,0,914000,16527.2
915,1000,610.0,64.104,47,,970,0,6,57,941,0.637,880.8,0.2385,13,step_limit,0,915000,16544.3
916,1000,510.0,39.111,37,,976,0,6,49,1440,0.5995,800.4,0.372,36,step_limit,0,916000,16562.1
917,1000,580.0,49.411,41,,990,0,7,40,1185,0.639,877.3,0.3129,28,step_limit,0,917000,16579.1
918,1000,630.0,59.433,43,,910,0,8,46,975,0.6468,877.1,0.2547,32,step_limit,0,918000,16597.3
919,1000,560.0,48.588,42,,959,0,6,39,1118,0.613,867.5,0.2925,15,step_limit,0,919000,16614.9
920,1000,490.0,48.699,38,,994,0,5,87,1376,0.601,838.1,0.3597,29,step_limit,0,920000,16632.1
921,1000,480.0,61.102,34,,936,0,6,105,1232,0.5085,757.4,0.3166,38,step_limit,0,921000,16651.6
922,1000,510.0,56.967,37,,970,0,6,58,1072,0.6135,877.1,0.2775,20,step_limit,0,922000,16669.0
923,1000,480.0,23.001,37,,868,0,5,33,1606,0.654,869.6,0.4273,48,step_limit,0,923000,16687.8
924,1000,530.0,52.374,39,,940,0,6,86,1265,0.6198,886.2,0.3315,19,step_limit,0,924000,16705.1
925,1000,540.0,34.087,37,,912,0,7,53,1528,0.5783,907.1,0.4062,47,step_limit,0,925000,16723.5
926,1000,490.0,45.453,38,,959,0,5,37,1211,0.6172,903.9,0.3126,33,step_limit,0,926000,16741.3
927,1000,520.0,57.092,38,,858,0,6,56,1093,0.5865,913.8,0.2869,20,step_limit,0,927000,16759.6
928,1000,540.0,54.175,40,,878,0,6,67,1173,0.5995,861.8,0.313,23,step_limit,0,928000,16776.8
929,1000,540.0,60.091,43,,996,0,5,47,967,0.6285,906.2,0.2524,37,step_limit,0,929000,16794.6
930,1000,490.0,56.388,38,,970,0,5,71,1207,0.6118,866.8,0.3113,37,step_limit,0,930000,16813.7
931,1000,540.0,61.336,40,,918,0,6,78,1082,0.5675,920.8,0.292,16,step_limit,0,931000,16832.1
932,1000,420.0,55.854,31,,961,0,5,76,1328,0.5673,736.6,0.3337,34,step_limit,0,932000,16851.3
933,1000,420.0,64.009,34,,970,0,4,77,1018,0.5843,764.0,0.2611,28,step_limit,0,933000,16868.5
934,1000,540.0,48.945,40,,913,0,6,37,1192,0.667,878.8,0.3066,18,step_limit,0,934000,16887.4
935,1000,480.0,51.074,34,,922,0,6,40,1211,0.6218,889.5,0.3088,30,step_limit,0,935000,16904.3
936,1000,560.0,33.495,42,,988,0,6,40,1420,0.6335,865.5,0.3878,63,step_limit,0,936000,16922.5
937,1000,400.0,63.575,32,,964,0,4,66,1124,0.6042,881.3,0.2857,16,step_limit,0,937000,16940.4
938,1000,540.0,54.317,40,,995,0,6,44,1104,0.5968,886.0,0.2912,32,step_limit,0,938000,16960.5
939,1000,500.0,64.294,39,,981,0,5,90,1061,0.5985,879.1,0.2774,57,step_limit,0,939000,16979.0
940,1000,520.0,59.169,38,,878,0,6,41,1059,0.6388,877.1,0.2614,39,step_limit,0,940000,16997.7
941,1000,610.0,46.759,44,,934,0,7,45,1212,0.6402,968.7,0.325,22,step_limit,0,941000,17017.9
942,1000,500.0,62.61,39,,997,0,5,67,1083,0.5803,878.5,0.2759,25,step_limit,0,942000,17035.3
943,1000,450.0,40.13,37,,999,0,4,37,1330,0.618,911.7,0.3507,37,step_limit,0,943000,17054.0
944,1000,510.0,48.412,40,,821,0,5,43,1296,0.6178,902.1,0.3225,22,step_limit,0,944000,17071.4
945,1000,470.0,63.196,36,,906,0,5,63,1022,0.5737,853.3,0.2701,21,step_limit,0,945000,17090.1
946,1000,510.0,60.048,40,,936,0,5,34,959,0.638,844.0,0.2408,14,step_limit,0,946000,17109.3
947,1000,550.0,56.183,41,,996,0,6,50,1068,0.6015,867.3,0.2785,44,step_limit,0,947000,17126.5
948,1000,480.0,51.492,37,,960,0,5,60,1233,0.591,809.9,0.322,22,step_limit,0,948000,17144.2
949,1000,530.0,56.718,42,,995,0,5,35,976,0.6525,911.2,0.2448,31,step_limit,0,949000,17162.4
950,1000,480.0,74.438,37,,915,0,5,115,1089,0.596,892.0,0.2805,31,step_limit,0,950000,17179.2
951,1000,540.0,44.411,40,,908,0,6,35,1202,0.6152,865.8,0.3045,22,step_limit,0,951000,17206.6
952,1000,550.0,40.88,41,,980,0,6,49,1351,0.6228,882.3,0.3615,58,step_limit,0,952000,17224.4
953,1000,450.0,73.27,37,,958,0,4,111,1063,0.5942,886.6,0.2774,15,step_limit,0,953000,17242.0
954,1000,480.0,72.388,37,,997,0,5,65,911,0.564,913.0,0.2299,17,step_limit,0,954000,17259.0
955,1000,520.0,51.399,38,,968,0,6,37,1130,0.6408,875.8,0.2896,29,step_limit,0,955000,17277.7
956,1000,460.0,60.207,35,,987,0,5,88,1230,0.614,859.9,0.3093,15,step_limit,0,956000,17295.3
957,1000,400.0,65.784,32,,979,0,4,112,1212,0.5507,709.9,0.3113,19,step_limit,0,957000,17312.9
958,1000,550.0,73.223,41,,973,0,6,58,862,0.6332,969.1,0.2158,11,step_limit,0,958000,17328.5
959,1000,490.0,54.98,38,,964,0,5,89,1275,0.594,801.5,0.3315,19,step_limit,0,959000,17345.7
960,1000,420.0,30.866,34,,940,0,4,94,1671,0.5982,815.2,0.4431,88,step_limit,0,960000,17364.7
961,1000,560.0,72.243,42,,979,0,6,87,945,0.5803,970.7,0.2418,9,step_limit,0,961000,17381.8
962,1000,460.0,54.392,35,,937,0,5,78,1253,0.6142,897.6,0.3216,49,step_limit,0,962000,17399.4
963,1000,600.0,63.758,43,,954,0,7,65,985,0.6118,875.2,0.2625,14,step_limit,0,963000,17416.2
964,1000,570.0,54.913,43,,997,0,6,78,1273,0.6178,887.8,0.3324,26,step_limit,0,964000,17434.7
965,1000,450.0,29.551,34,,812,0,5,45,1519,0.5962,792.9,0.4029,92,step_limit,0,965000,17452.9
966,1000,470.0,69.731,39,,987,0,4,58,880,0.5962,856.0,0.2258,29,step_limit,0,966000,17471.0
967,1000,500.0,58.257,39,,863,0,5,85,1164,0.6372,931.8,0.3115,33,step_limit,0,967000,17488.5
968,1000,400.0,83.59,32,,974,0,4,95,883,0.5687,806.0,0.2111,33,step_limit,0,968000,17506.4
969,1000,500.0,52.025,39,,994,0,5,46,1170,0.6442,922.4,0.3076,33,step_limit,0,969000,17524.2
970,1000,550.0,33.837,41,,971,0,6,42,1469,0.6125,910.1,0.3822,27,step_limit,0,970000,17543.2
971,1000,530.0,68.393,42,,915,0,5,42,821,0.638,913.4,0.2196,17,step_limit,0,971000,17561.2
972,1000,530.0,76.333,39,,999,0,6,119,1004,0.5767,863.7,0.265,15,step_limit,0,972000,17577.6
973,1000,480.0,46.239,37,,978,0,5,41,1228,0.6108,907.7,0.3183,45,step_limit,0,973000,17595.8
974,1000,510.0,53.443,37,,951,0,6,56,1211,0.591,877.0,0.3059,22,step_limit,0,974000,17611.8
975,1000,490.0,76.73,38,,874,0,5,82,809,0.6138,859.4,0.2055,18,step_limit,0,975000,17630.1
976,1000,450.0,38.489,34,,932,0,5,49,1427,0.6322,825.1,0.3645,64,step_limit,0,976000,17646.9
977,1000,440.0,30.816,33,,934,0,5,41,1575,0.6095,886.6,0.4103,45,step_limit,0,977000,17664.9
978,1000,480.0,75.178,37,,986,0,5,101,991,0.5787,788.6,0.2618,22,step_limit,0,978000,17681.5
979,1000,510.0,62.034,37,,946,0,6,40,954,0.559,762.9,0.2484,15,step_limit,0,979000,17700.2
980,1000,500.0,67.16,39,,990,0,5,47,937,0.6332,862.1,0.2358,19,step_limit,0,980000,17717.7
981,1000,490.0,46.422,38,,987,0,5,60,1371,0.597,881.0,0.3476,30,step_limit,0,981000,17735.9
982,1000,510.0,54.645,37,,888,0,6,39,1072,0.6008,858.4,0.2755,13,step_limit,0,982000,17753.4
983,1000,530.0,50.481,39,,970,0,6,61,1228,0.63,928.8,0.3188,38,step_limit,0,983000,17772.9
984,1000,570.0,45.342,40,,971,0,7,42,1269,0.6072,884.1,0.3372,40,step_limit,0,984000,17791.1
985,1000,500.0,45.505,39,,953,0,5,37,1199,0.609,943.1,0.3127,22,step_limit,0,985000,17809.9
986,1000,460.0,49.063,35,,956,0,5,46,1204,0.6265,879.2,0.3104,24,step_limit,0,986000,17826.8
987,1000,580.0,51.757,44,,958,0,6,38,1073,0.6402,914.6,0.2863,18,step_limit,0,987000,17844.6
988,1000,520.0,53.815,38,,1000,0,6,54,1178,0.6092,887.9,0.3057,23,step_limit,0,988000,17861.1
989,1000,510.0,58.764,37,,826,0,6,39,1002,0.626,870.4,0.2553,20,step_limit,0,989000,17879.8
990,1000,520.0,34.774,38,,882,0,6,58,1539,0.5755,876.6,0.4086,37,step_limit,0,990000,17897.8
991,1000,460.0,40.88,35,,998,0,5,63,1424,0.6282,772.2,0.367,55,step_limit,0,991000,17915.0
992,1000,480.0,57.265,34,,833,0,6,58,1141,0.5323,844.8,0.2889,17,step_limit,0,992000,17932.9
993,1000,530.0,47.748,39,,941,0,6,35,1117,0.6078,919.7,0.2922,11,step_limit,0,993000,17950.7
994,1000,520.0,55.288,41,,978,0,5,38,1018,0.6468,887.9,0.2695,18,step_limit,0,994000,17969.5
995,1000,550.0,48.648,41,,993,0,6,44,1219,0.6115,883.1,0.313,16,step_limit,0,995000,17986.7
996,1000,540.0,74.554,40,,989,0,6,45,630,0.6215,963.6,0.1609,15,step_limit,0,996000,18004.8
997,1000,460.0,47.988,35,,940,0,5,45,1301,0.6235,765.1,0.3369,57,step_limit,0,997000,18021.8
998,1000,510.0,52.557,40,,855,0,5,48,1200,0.6265,896.3,0.3028,19,step_limit,0,998000,18038.8
999,1000,440.0,40.166,33,,965,0,5,35,1327,0.614,756.4,0.3409,41,step_limit,0,999000,18056.7
1000,1000,520.0,32.277,38,,903,0,6,41,1528,0.63,860.1,0.4002,75,step_limit,0,1000000,18074.4
1001,1000,550.0,55.617,41,,976,0,6,45,1071,0.614,901.4,0.2641,17,step_limit,0,1001000,18101.2
1002,1000,480.0,47.249,37,,952,0,5,69,1322,0.6182,879.5,0.3464,19,step_limit,0,1002000,18118.4
1003,1000,530.0,40.806,39,,914,0,6,40,1279,0.636,844.3,0.3417,45,step_limit,0,1003000,18137.0
1004,1000,410.0,55.172,33,,970,0,4,38,1063,0.555,783.8,0.2738,37,step_limit,0,1004000,18154.3
1005,1000,560.0,70.758,42,,864,0,6,129,1082,0.6018,885.0,0.2929,39,step_limit,0,1005000,18171.6
1006,1000,530.0,55.121,39,,989,0,6,45,1095,0.6155,869.1,0.2809,18,step_limit,0,1006000,18190.0
1007,1000,510.0,80.299,40,,848,0,5,99,864,0.5655,894.6,0.2244,31,step_limit,0,1007000,18208.4
1008,1000,460.0,71.035,35,,955,0,5,109,1076,0.5162,790.7,0.2809,19,step_limit,0,1008000,18225.3
1009,1000,420.0,5.06,34,,941,0,4,29,1978,0.6725,826.6,0.5285,81,step_limit,0,1009000,18243.7
1010,1000,520.0,41.373,38,,937,0,6,32,1265,0.6305,912.0,0.328,31,step_limit,0,1010000,18260.5
1011,1000,470.0,46.596,36,,999,0,5,65,1391,0.5965,803.5,0.3603,31,step_limit,0,1011000,18278.4
1012,1000,580.0,52.355,41,,988,0,7,42,1121,0.6132,895.6,0.2929,13,step_limit,0,1012000,18295.9
1013,1000,550.0,40.899,41,,894,0,6,51,1348,0.6255,912.5,0.3576,53,step_limit,0,1013000,18315.1
1014,1000,560.0,75.035,42,,921,0,6,46,728,0.6168,855.4,0.1778,16,step_limit,0,1014000,18332.4
1015,1000,550.0,49.738,41,,990,0,6,40,1181,0.6352,910.9,0.3032,20,step_limit,0,1015000,18351.4
1016,1000,500.0,74.223,39,,994,0,5,116,1095,0.5833,961.6,0.2689,22,step_limit,0,1016000,18368.3
1017,1000,470.0,31.778,36,,986,0,5,36,1525,0.63,807.8,0.4032,58,step_limit,0,1017000,18388.0
1018,1000,530.0,66.508,39,,892,0,6,63,1005,0.5923,860.3,0.2451,20,step_limit,0,1018000,18404.8
1019,1000,560.0,62.62,42,,995,0,6,113,1191,0.5595,900.8,0.3236,72,step_limit,0,1019000,18424.6
1020,1000,530.0,49.85,39,,929,0,6,47,1185,0.629,879.1,0.2993,32,step_limit,0,1020000,18441.6
1021,1000,400.0,26.772,32,,907,0,4,47,1650,0.5793,825.4,0.43,99,step_limit,0,1021000,18460.7
1022,1000,520.0,74.603,41,,977,0,5,114,1022,0.6485,867.5,0.2601,10,step_limit,0,1022000,18477.1
1023,1000,490.0,86.61,38,,954,0,5,115,881,0.5962,886.8,0.2135,14,step_limit,0,1023000,18495.5
1024,1000,540.0,55.199,40,,968,0,6,66,1153,0.5867,902.5,0.307,15,step_limit,0,1024000,18512.6
1025,1000,480.0,59.813,37,,995,0,5,135,1337,0.61,854.6,0.3584,83,step_limit,0,1025000,18532.0
1026,1000,460.0,25.615,35,,970,0,5,35,1671,0.6088,878.9,0.4392,80,step_limit,0,1026000,18550.9
1027,1000,540.0,60.841,40,,878,0,6,50,982,0.6042,916.5,0.2613,24,step_limit,0,1027000,18566.8
1028,1000,520.0,44.138,38,,956,0,6,55,1316,0.605,879.3,0.3475,81,step_limit,0,1028000,18584.5
1029,1000,510.0,94.642,37,,980,0,6,189,941,0.569,785.1,0.2407,24,step_limit,0,1029000,18601.2
1030,1000,420.0,40.65,34,,999,0,4,71,1492,0.604,858.8,0.3924,53,step_limit,0,1030000,18619.2
1031,1000,450.0,58.883,34,,973,0,5,55,1147,0.5935,782.4,0.2947,22,step_limit,0,1031000,18635.6
1032,1000,420.0,80.14,34,,955,0,4,146,1137,0.5162,867.9,0.2842,18,step_limit,0,1032000,18654.3
1033,1000,580.0,60.091,41,,987,0,7,45,1011,0.62,914.1,0.2531,19,step_limit,0,1033000,18671.9
1034,1000,520.0,64.417,41,,940,0,5,92,1123,0.6202,895.2,0.3012,22,step_limit,0,1034000,18691.0
1035,1000,590.0,62.191,42,,977,0,7,58,967,0.6108,877.3,0.2551,19,step_limit,0,1035000,18709.7
1036,1000,510.0,56.362,37,,885,0,6,95,1275,0.5942,791.6,0.335,51,step_limit,0,1036000,18728.0
1037,1000,460.0,60.728,35,,744,0,5,89,1243,0.544,855.7,0.3152,21,step_limit,0,1037000,18746.5
1038,1000,500.0,19.79,36,,743,0,6,35,1699,0.6345,843.2,0.4518,35,step_limit,0,1038000,18765.8
1039,1000,460.0,59.573,35,,973,0,5,81,1204,0.6282,817.8,0.3139,26,step_limit,0,1039000,18785.2
1040,1000,430.0,51.932,32,,944,0,5,69,1270,0.5523,858.6,0.328,39,step_limit,0,1040000,18803.3
1041,1000,540.0,65.602,40,,983,0,6,120,1242,0.5707,892.1,0.3297,14,step_limit,0,1041000,18821.3
1042,1000,520.0,61.757,38,,912,0,6,59,1016,0.5695,814.4,0.2635,42,step_limit,0,1042000,18837.5
1043,1000,520.0,77.239,38,,992,0,6,60,738,0.5733,877.0,0.1943,23,step_limit,0,1043000,18857.4
1044,1000,510.0,76.525,37,,935,0,6,102,927,0.5607,872.7,0.2482,19,step_limit,0,1044000,18875.3
1045,1000,530.0,43.018,39,,990,0,6,37,1309,0.6032,814.2,0.3439,40,step_limit,0,1045000,18894.1
1046,1000,560.0,68.678,39,,969,0,7,84,984,0.5733,870.0,0.253,20,step_limit,0,1046000,18911.6
1047,1000,570.0,58.592,40,,980,0,7,63,1072,0.5885,886.3,0.2763,34,step_limit,0,1047000,18929.4
1048,1000,510.0,64.233,40,,1000,0,5,48,910,0.6062,853.1,0.2346,19,step_limit,0,1048000,18946.1
1049,1000,540.0,77.634,40,,992,0,6,99,977,0.6395,900.1,0.2455,44,step_limit,0,1049000,18964.2
1050,1000,550.0,88.5,41,,976,0,6,95,710,0.596,852.5,0.1779,18,step_limit,0,1050000,18981.6
1051,1000,440.0,44.329,36,,863,0,4,37,1266,0.641,858.2,0.3115,37,step_limit,0,1051000,19008.9
1052,1000,550.0,64.602,41,,989,0,6,72,1005,0.6202,875.3,0.2682,23,step_limit,0,1052000,19028.4
1053,1000,450.0,50.252,34,,957,0,5,96,1373,0.583,826.1,0.3552,37,step_limit,0,1053000,19045.9
1054,1000,480.0,62.688,37,,907,0,5,64,1032,0.5395,858.3,0.2697,11,step_limit,0,1054000,19064.4
1055,1000,490.0,66.946,38,,992,0,5,54,976,0.5827,879.4,0.2575,17,step_limit,0,1055000,19081.3
1056,1000,540.0,61.385,40,,989,0,6,78,1028,0.5873,912.4,0.2744,22,step_limit,0,1056000,19100.6
1057,1000,550.0,55.992,41,,1000,0,6,71,1161,0.599,963.4,0.3017,17,step_limit,0,1057000,19117.8
1058,1000,560.0,48.193,39,,838,0,7,50,1229,0.5645,912.3,0.3219,19,step_limit,0,1058000,19135.4
1059,1000,520.0,43.878,41,,973,0,5,59,1271,0.594,891.6,0.3454,38,step_limit,0,1059000,19151.9
1060,1000,450.0,58.572,34,,782,0,5,62,1151,0.5885,861.3,0.2938,52,step_limit,0,1060000,19169.6
1061,1000,510.0,42.433,40,,993,0,5,34,1298,0.6452,876.7,0.3361,44,step_limit,0,1061000,19184.3
1062,1000,590.0,45.329,42,,892,0,7,59,1275,0.6212,878.2,0.335,21,step_limit,0,1062000,19202.3
1063,1000,460.0,33.655,35,,955,0,5,77,1651,0.5775,858.5,0.4362,79,step_limit,0,1063000,19221.7
1064,1000,520.0,70.346,38,,916,0,6,76,941,0.5915,820.2,0.244,21,step_limit,0,1064000,19238.8
1065,1000,500.0,56.488,36,,987,0,6,47,1139,0.6178,859.9,0.2833,36,step_limit,0,1065000,19258.0
1066,1000,370.0,88.899,32,,931,0,3,126,825,0.5335,751.9,0.2118,16,step_limit,0,1066000,19274.2
1067,1000,510.0,66.953,37,,994,0,6,67,1028,0.5925,884.4,0.2574,20,step_limit,0,1067000,19292.2
1068,1000,460.0,55.196,35,,854,0,5,35,1052,0.6635,855.6,0.2704,37,step_limit,0,1068000,19308.8
1069,1000,570.0,67.653,43,,977,0,6,66,965,0.6268,914.1,0.2479,24,step_limit,0,1069000,19327.7
1070,1000,490.0,64.811,38,,922,0,5,41,938,0.6352,844.8,0.2327,16,step_limit,0,1070000,19345.8
1071,1000,470.0,68.175,36,,966,0,5,65,931,0.6012,761.7,0.2366,43,step_limit,0,1071000,19365.1
1072,1000,460.0,61.186,35,,929,0,5,71,1173,0.6225,772.3,0.2999,26,step_limit,0,1072000,19382.8
1073,1000,490.0,55.772,35,,994,0,6,110,1409,0.5693,758.2,0.3706,77,step_limit,0,1073000,19401.7
1074,1000,450.0,50.215,34,,977,0,5,32,1148,0.6018,793.5,0.2982,17,step_limit,0,1074000,19418.4
1075,1000,490.0,48.352,35,,996,0,6,71,1334,0.5915,782.2,0.3458,33,step_limit,0,1075000,19437.0
1076,1000,510.0,74.948,40,,935,0,5,68,819,0.6055,887.7,0.2073,34,step_limit,0,1076000,19454.9
1077,1000,560.0,36.161,42,,893,0,6,41,1367,0.652,962.0,0.3653,12,step_limit,0,1077000,19473.4
1078,1000,570.0,44.529,40,,927,0,7,37,1202,0.6495,884.5,0.3223,55,step_limit,0,1078000,19492.0
1079,1000,490.0,78.33,38,,989,0,5,84,887,0.6008,862.2,0.2165,21,step_limit,0,1079000,19508.9
1080,1000,530.0,61.757,39,,911,0,6,75,1102,0.5835,878.0,0.283,19,step_limit,0,1080000,19527.2
1081,1000,540.0,64.899,40,,978,0,6,43,954,0.6238,891.9,0.2363,19,step_limit,0,1081000,19546.6
1082,1000,510.0,58.494,40,,909,0,5,69,1136,0.5833,910.6,0.2887,16,step_limit,0,1082000,19565.3
1083,1000,530.0,59.226,39,,740,0,6,46,999,0.62,910.6,0.2649,38,step_limit,0,1083000,19581.6
1084,1000,380.0,20.955,30,,894,0,4,35,1724,0.588,853.7,0.447,54,step_limit,0,1084000,19599.9
1085,1000,530.0,50.208,42,,983,0,5,45,1176,0.6118,958.5,0.306,25,step_limit,0,1085000,19618.2
1086,1000,530.0,63.331,39,,889,0,6,81,1074,0.603,773.7,0.2733,24,step_limit,0,1086000,19635.1
1087,1000,580.0,71.657,41,,914,0,7,48,770,0.6102,868.8,0.1986,15,step_limit,0,1087000,19654.0
1088,1000,480.0,56.04,37,,996,0,5,94,1250,0.584,910.4,0.3208,29,step_limit,0,1088000,19672.3
1089,1000,490.0,40.581,38,,869,0,5,47,1300,0.623,889.7,0.343,24,step_limit,0,1089000,19689.3
1090,1000,560.0,62.813,39,,889,0,7,38,934,0.5982,861.5,0.2321,13,step_limit,0,1090000,19707.1
1091,1000,450.0,48.111,34,,995,0,5,66,1315,0.5853,810.1,0.3384,29,step_limit,0,1091000,19726.1
1092,1000,500.0,53.754,36,,994,0,6,48,1167,0.605,868.7,0.3008,34,step_limit,0,1092000,19744.9
1093,1000,520.0,50.537,38,,993,0,6,40,1179,0.6352,804.2,0.3113,50,step_limit,0,1093000,19762.4
1094,1000,500.0,58.422,36,,959,0,6,105,1268,0.562,864.5,0.3308,26,step_limit,0,1094000,19780.8
1095,1000,520.0,40.81,38,,973,0,6,38,1295,0.5867,878.5,0.3444,39,step_limit,0,1095000,19797.6
1096,1000,450.0,46.792,34,,940,0,5,60,1335,0.5895,836.4,0.34,31,step_limit,0,1096000,19816.8
1097,1000,530.0,41.653,39,,968,0,6,45,1336,0.6015,888.1,0.3487,49,step_limit,0,1097000,19832.9
1098,1000,490.0,42.166,38,,968,0,5,37,1316,0.618,906.0,0.3357,23,step_limit,0,1098000,19850.9
1099,1000,560.0,40.043,42,,979,0,6,38,1295,0.6238,913.8,0.3469,37,step_limit,0,1099000,19867.8
1100,1000,520.0,44.308,38,,937,0,6,64,1383,0.65,892.2,0.3629,15,step_limit,0,1100000,19886.4
1101,1000,470.0,55.954,36,,992,0,5,89,1296,0.585,757.5,0.3453,55,step_limit,0,1101000,19916.5
1102,1000,580.0,64.254,41,,992,0,7,50,960,0.586,861.9,0.2446,18,step_limit,0,1102000,19933.7
1103,1000,450.0,35.058,34,,828,0,5,48,1503,0.611,849.1,0.3876,79,step_limit,0,1103000,19953.6
1104,1000,550.0,41.076,38,,622,0,7,47,1377,0.6088,854.6,0.3621,104,step_limit,0,1104000,19971.9
1105,1000,480.0,44.511,34,,960,0,6,90,1577,0.568,781.9,0.403,95,step_limit,0,1105000,19988.6
1106,1000,430.0,39.249,32,,887,0,5,87,1612,0.546,846.3,0.4277,35,step_limit,0,1106000,20005.8
1107,1000,500.0,61.56,39,,915,0,5,105,1149,0.5715,961.6,0.3086,16,step_limit,0,1107000,20022.6
1108,1000,490.0,64.123,38,,933,0,5,53,1036,0.642,864.0,0.2501,31,step_limit,0,1108000,20041.7
1109,1000,520.0,54.108,38,,990,0,6,40,1121,0.6335,963.3,0.2927,26,step_limit,0,1109000,20058.7
1110,1000,490.0,86.074,38,,945,0,5,89,770,0.5617,865.8,0.1829,10,step_limit,0,1110000,20076.5
1111,1000,590.0,56.486,42,,996,0,7,45,1042,0.6255,914.7,0.2665,24,step_limit,0,1111000,20093.2
1112,1000,490.0,62.997,35,,923,0,6,76,1127,0.5555,802.8,0.2837,30,step_limit,0,1112000,20109.6
1113,1000,460.0,39.76,35,,893,0,5,55,1452,0.6258,894.8,0.3763,39,step_limit,0,1113000,20126.5
1114,1000,480.0,60.979,37,,997,0,5,98,1258,0.5747,876.3,0.3335,73,step_limit,0,1114000,20145.3
1115,1000,530.0,70.84,39,,987,0,6,43,834,0.6212,873.0,0.2088,23,step_limit,0,1115000,20163.4
1116,1000,510.0,51.66,37,,999,0,6,98,1415,0.5837,917.8,0.3742,69,step_limit,0,1116000,20182.0
1117,1000,400.0,68.378,32,,821,0,4,114,1174,0.575,766.6,0.2925,19,step_limit,0,1117000,20199.0
1118,1000,550.0,56.23,38,,977,0,7,42,1075,0.6058,884.4,0.2778,44,step_limit,0,1118000,20218.3
1119,1000,540.0,48.883,40,,943,0,6,48,1220,0.638,817.2,0.3194,39,step_limit,0,1119000,20234.7
1120,1000,520.0,89.418,38,,994,0,6,115,756,0.5075,865.5,0.1945,14,step_limit,0,1120000,20253.3
1121,1000,450.0,54.532,37,,971,0,4,60,1228,0.6225,857.4,0.3069,35,step_limit,0,1121000,20270.4
1122,1000,520.0,72.76,38,,918,0,6,56,869,0.6138,903.4,0.219,17,step_limit,0,1122000,20290.1
1123,1000,460.0,27.47,35,,906,0,5,31,1556,0.5955,911.7,0.4079,24,step_limit,0,1123000,20307.1
1124,1000,470.0,64.254,36,,990,0,5,65,1066,0.6112,904.5,0.2752,20,step_limit,0,1124000,20326.4
1125,1000,520.0,60.082,38,,836,0,6,104,1171,0.5667,818.5,0.3093,41,step_limit,0,1125000,20344.8
1126,1000,520.0,58.955,38,,978,0,6,53,1044,0.6135,876.0,0.2707,18,step_limit,0,1126000,20363.6
1127,1000,490.0,48.198,35,,770,0,6,32,1187,0.5985,885.7,0.2982,13,step_limit,0,1127000,20380.7
1128,1000,480.0,54.867,37,,953,0,5,65,1232,0.6272,818.4,0.3081,15,step_limit,0,1128000,20398.8
1129,1000,500.0,59.063,36,,855,0,6,68,1123,0.5923,837.8,0.288,84,step_limit,0,1129000,20416.1
1130,1000,410.0,28.065,33,,992,0,4,62,1649,0.5965,884.7,0.4352,46,step_limit,0,1130000,20434.7
1131,1000,500.0,52.647,39,,998,0,5,83,1278,0.5893,925.1,0.3335,19,step_limit,0,1131000,20453.4
1132,1000,450.0,63.984,34,,938,0,5,89,1053,0.538,750.3,0.2806,39,step_limit,0,1132000,20470.2
1133,1000,410.0,29.822,33,,868,0,4,35,1540,0.6318,810.3,0.394,43,step_limit,0,1133000,20488.1
1134,1000,540.0,56.154,37,,921,0,7,53,1155,0.557,856.5,0.2864,29,step_limit,0,1134000,20505.5
1135,1000,580.0,49.933,41,,981,0,7,53,1206,0.588,973.9,0.3146,14,step_limit,0,1135000,20523.3
1136,1000,530.0,61.985,39,,917,0,6,146,1380,0.58,877.2,0.36,34,step_limit,0,1136000,20539.5
1137,1000,510.0,78.756,40,,991,0,5,69,662,0.5433,935.0,0.1689,14,step_limit,0,1137000,20557.1
1138,1000,530.0,59.959,39,,980,0,6,59,1103,0.622,870.9,0.2888,26,step_limit,0,1138000,20574.2
1139,1000,530.0,73.719,39,,986,0,6,74,814,0.5603,959.7,0.2159,20,step_limit,0,1139000,20593.8
1140,1000,520.0,66.385,38,,851,0,6,55,891,0.6082,801.2,0.2232,26,step_limit,0,1140000,20611.1
1141,1000,470.0,78.381,36,,1000,0,5,88,827,0.5605,850.9,0.2163,12,step_limit,0,1141000,20629.6
1142,1000,530.0,61.048,39,,952,0,6,87,1081,0.6022,872.2,0.2894,35,step_limit,0,1142000,20647.2
1143,1000,410.0,70.821,33,,910,0,4,54,949,0.5715,878.6,0.23,18,step_limit,0,1143000,20666.7
1144,1000,520.0,56.422,38,,982,0,6,63,1137,0.61,875.7,0.3022,35,step_limit,0,1144000,20685.3
1145,1000,510.0,41.072,37,,943,0,6,40,1317,0.6012,847.0,0.3405,49,step_limit,0,1145000,20702.4
1146,1000,510.0,47.743,37,,994,0,6,53,1265,0.6238,892.6,0.3403,39,step_limit,0,1146000,20720.4
1147,1000,510.0,53.285,37,,989,0,6,71,1279,0.5775,796.0,0.3341,34,step_limit,0,1147000,20735.7
1148,1000,450.0,15.438,34,,834,0,5,35,1799,0.6295,863.1,0.4741,137,step_limit,0,1148000,20753.8
1149,1000,480.0,57.02,34,,942,0,6,72,1158,0.5687,850.8,0.3083,32,step_limit,0,1149000,20771.4
1150,1000,440.0,32.315,33,,810,0,5,37,1471,0.6385,938.3,0.3753,39,step_limit,0,1150000,20789.3
