episode,steps,reward,delivered,completion_rate,makespan,idle_drones,deliv_min,deliv_max,deliv_std,reloads,blocked,hop2plus,max_reach,t_last_deliv,comm_loss,alpha,loss_critic,loss_actor,env_steps,wall_sec
1,1000,-43.568,0,0.0,,4,0,0,0.0,0,114,0.3872,502.5,0,0,0.1,nan,nan,1000,2.0
2,1000,-40.081,0,0.0,,4,0,0,0.0,0,178,0.4218,502.5,0,0,0.1,nan,nan,2000,3.8
3,1000,-29.2892,0,0.0,,4,0,0,0.0,0,257,0.3573,502.5,0,0,0.1,nan,nan,3000,5.5
4,1000,-49.4221,0,0.0,,4,0,0,0.0,0,228,0.378,502.5,0,0,0.1,nan,nan,4000,7.3
5,1000,-33.9741,0,0.0,,4,0,0,0.0,0,234,0.34,502.5,0,0,0.1,nan,nan,5000,9.1
6,1000,112.9627,15,0.3,,0,3,5,0.8292,0,1311,0.6785,1059.5,731,0,0.085969,1.342842,-1.139632,6000,19.0
7,1000,71.7518,12,0.24,,1,0,5,1.8708,0,1820,0.5965,840.6,630,0,0.076313,0.575851,-1.330694,7000,29.5
8,1000,65.3455,11,0.22,,1,0,5,1.7854,0,2150,0.669,752.1,679,0,0.069799,0.919663,-1.976003,8000,41.2
9,1000,113.4908,16,0.32,,0,3,5,0.7071,0,1976,0.5142,595.0,994,0,0.06486,0.180571,-2.779171,9000,53.2
10,1000,69.066,11,0.22,,0,1,5,1.479,0,1652,0.6265,867.2,446,0,0.06146,0.608509,-3.431797,10000,64.9
11,1000,114.8342,14,0.28,,0,2,6,1.6583,1,2411,0.659,898.0,751,0,0.059448,1.818627,-4.840153,11000,76.7
12,1000,99.176,11,0.22,,0,1,5,1.479,1,1988,0.461,606.0,430,0,0.057878,1.29151,-6.52934,12000,89.0
13,1000,225.1892,20,0.4,,0,1,8,2.7386,2,1310,0.5877,695.7,970,0,0.058319,2.817271,-6.463199,13000,100.2
14,1000,105.3863,14,0.28,,0,2,5,1.5,0,1489,0.6915,602.6,476,0,0.058898,1.821537,-7.305216,14000,112.1
15,1000,9.6268,6,0.12,,2,0,5,2.0616,0,1375,0.6675,512.4,786,0,0.062204,1.306346,-7.546669,15000,123.7
16,1000,7.9555,6,0.12,,2,0,4,1.6583,0,1618,0.679,613.6,862,0,0.06517,1.897636,-8.153137,16000,136.0
17,1000,6.9089,9,0.18,,0,1,3,0.8292,0,2916,0.5002,829.5,988,0,0.066538,2.898489,-10.167343,17000,147.9
18,1000,50.1421,11,0.22,,1,0,5,2.2776,0,2641,0.486,796.6,783,0,0.07266,1.304564,-9.655122,18000,160.3
19,1000,169.6828,17,0.34,,0,1,6,1.9203,1,1448,0.5262,670.8,559,0,0.076253,0.973611,-10.099896,19000,171.9
20,1000,181.018,18,0.36,,0,3,5,0.866,1,1581,0.6695,754.9,928,0,0.068348,1.582143,-10.25543,20000,184.5
21,1000,2.0781,7,0.14,,2,0,4,1.7854,0,2737,0.6835,916.7,910,0,0.066748,1.903668,-11.948931,21000,196.6
22,1000,-11.3453,6,0.12,,2,0,3,1.5,0,2937,0.474,767.4,262,0,0.068365,1.584835,-12.266882,22000,208.3
23,1000,75.8254,14,0.28,,0,2,5,1.118,0,2325,0.6947,1028.8,534,0,0.067259,3.937833,-13.055584,23000,220.0
24,1000,132.8256,18,0.36,,0,3,5,0.866,0,1963,0.7188,959.1,627,0,0.064865,1.658422,-12.598094,24000,231.8
25,1000,66.3177,12,0.24,,0,2,5,1.2247,0,2643,0.7255,1002.3,681,0,0.059563,3.294588,-14.02725,25000,244.1
26,1000,21.3302,9,0.18,,1,0,5,1.9203,0,2696,0.722,805.1,614,0,0.053981,1.912522,-15.198778,26000,256.4
27,1000,76.922,13,0.26,,0,1,5,1.479,0,2201,0.6945,997.3,586,0,0.05305,1.44567,-15.474868,27000,268.6
28,1000,10.1114,9,0.18,,0,1,3,0.8292,0,3081,0.7225,896.3,922,0,0.05863,2.117272,-15.591038,28000,280.5
29,1000,63.6318,12,0.24,,0,2,5,1.2247,0,2165,0.7202,951.2,707,0,0.05963,2.629035,-16.873785,29000,292.3
30,1000,30.6718,9,0.18,,1,0,5,1.7854,0,2421,0.7097,964.8,398,0,0.057936,1.447366,-18.595924,30000,304.7
31,1000,86.2412,15,0.3,,0,3,5,0.8292,0,2069,0.7087,942.9,978,0,0.059855,2.185909,-18.949879,31000,316.6
32,1000,150.6922,18,0.36,,0,3,5,0.866,0,1010,0.6697,1000.2,690,0,0.065512,1.606475,-17.72126,32000,328.0
33,1000,80.817,13,0.26,,0,2,5,1.299,0,1896,0.694,1052.4,430,0,0.064402,2.464878,-20.933496,33000,339.3
34,1000,112.7575,16,0.32,,0,3,5,0.7071,0,1766,0.6827,848.7,915,0,0.063998,1.578227,-20.380976,34000,350.7
35,1000,109.4866,12,0.24,,1,0,6,2.2361,1,1396,0.6132,775.5,581,0,0.060336,2.740199,-19.607201,35000,362.0
36,1000,105.8042,15,0.3,,0,2,5,1.299,0,1946,0.697,831.9,800,0,0.059387,2.407488,-20.730379,36000,374.2
37,1000,12.2424,8,0.16,,1,0,4,1.5811,0,2620,0.6735,858.3,577,0,0.059148,1.704913,-21.31411,37000,386.3
38,1000,-23.5294,5,0.1,,2,0,3,1.299,0,2495,0.483,713.4,185,0,0.05824,2.337622,-21.299706,38000,398.5
39,1000,90.9853,15,0.3,,0,3,4,0.433,0,2003,0.7015,963.0,546,0,0.055612,1.493035,-20.468781,39000,410.3
40,1000,22.7371,8,0.16,,0,1,3,0.7071,0,1895,0.4828,803.9,871,0,0.054695,0.930839,-21.442467,40000,422.0
41,1000,94.2423,14,0.28,,0,1,5,1.6583,0,1453,0.7157,956.7,404,0,0.052208,0.942766,-21.184612,41000,433.4
42,1000,131.3574,19,0.38,,0,4,5,0.433,0,2398,0.705,911.2,918,0,0.051378,1.338656,-21.97817,42000,444.8
43,1000,147.479,16,0.32,,0,1,5,1.7321,1,1876,0.7085,887.5,734,0,0.049638,2.625206,-23.028896,43000,456.5
44,1000,174.7827,17,0.34,,0,3,5,0.8292,1,1361,0.7155,899.4,880,0,0.049636,1.501631,-20.102169,44000,468.3
45,1000,98.6049,15,0.3,,0,2,5,1.299,0,2180,0.7205,966.8,456,0,0.04786,1.687724,-22.448135,45000,480.4
46,1000,139.9853,15,0.3,,0,2,5,1.299,1,2029,0.7117,885.1,411,0,0.047386,1.256965,-21.252787,46000,491.8
47,1000,167.5599,17,0.34,,0,2,5,1.299,1,1816,0.6987,848.5,746,0,0.047645,1.887048,-22.376701,47000,503.0
48,1000,157.786,20,0.4,,0,5,5,0.0,0,2223,0.6715,891.9,782,0,0.047731,2.129994,-22.942133,48000,513.5
49,1000,48.2679,11,0.22,,1,0,5,1.9203,0,2635,0.7278,754.0,374,0,0.046346,1.60398,-22.356527,49000,525.2
50,1000,76.7647,13,0.26,,0,2,5,1.299,0,2178,0.689,844.5,978,0,0.044983,2.501943,-22.038424,50000,536.8
51,1000,74.6141,14,0.28,,0,2,5,1.5,0,2404,0.722,1032.1,986,0,0.045043,1.024137,-22.939089,51000,565.5
52,1000,78.0924,13,0.26,,0,2,5,1.0897,0,2305,0.7265,1000.2,983,0,0.043362,1.260285,-23.380926,52000,575.7
53,1000,70.3963,14,0.28,,0,1,5,1.6583,0,2784,0.726,870.0,965,0,0.042065,3.233435,-22.497952,53000,587.3
54,1000,194.9841,20,0.4,,0,5,5,0.0,1,1820,0.6817,899.9,467,0,0.041458,0.896018,-24.0418,54000,598.8
55,1000,48.4505,11,0.22,,0,1,5,1.479,0,2231,0.7312,1028.6,702,0,0.039728,1.7008,-23.507103,55000,610.4
56,1000,52.5118,12,0.24,,0,1,5,2.0,0,2827,0.7278,957.9,808,0,0.039216,1.568077,-23.577551,56000,622.2
57,1000,87.9424,14,0.28,,0,2,4,0.866,0,1955,0.7215,1033.8,341,0,0.038825,0.684337,-24.226406,57000,633.6
58,1000,80.3708,14,0.28,,0,3,4,0.5,0,2137,0.7278,937.7,934,0,0.039232,1.665565,-24.523834,58000,645.3
59,1000,80.7982,13,0.26,,1,0,5,2.0463,0,2205,0.72,930.8,859,0,0.038668,2.268019,-24.171499,59000,656.9
60,1000,69.3045,14,0.28,,0,1,5,1.6583,0,2785,0.7292,986.4,550,0,0.037441,0.887197,-24.731194,60000,668.5
61,1000,97.3447,13,0.26,,1,0,5,2.0463,0,1786,0.703,892.9,937,0,0.03506,1.690117,-25.029102,61000,680.0
62,1000,91.9104,14,0.28,,0,2,5,1.118,0,1562,0.7325,1002.3,981,0,0.033423,1.743712,-25.94013,62000,691.9
63,1000,78.035,13,0.26,,0,1,5,1.479,0,2154,0.7328,1010.1,843,0,0.032503,0.691865,-25.107828,63000,703.6
64,1000,68.9377,14,0.28,,0,2,5,1.118,0,2730,0.732,917.4,899,0,0.032929,2.501443,-26.078007,64000,715.7
65,1000,26.3252,9,0.18,,0,1,3,0.8292,0,2473,0.7278,961.8,828,0,0.0331,0.99597,-26.127346,65000,727.3
66,1000,90.8744,16,0.32,,0,2,5,1.2247,0,2547,0.7295,809.8,919,0,0.032063,1.499341,-26.139851,66000,739.4
67,1000,43.898,11,0.22,,0,2,4,0.8292,0,2735,0.7325,981.8,634,0,0.031557,2.455507,-26.01877,67000,750.8
68,1000,117.0984,17,0.34,,0,4,5,0.433,0,2270,0.7328,980.0,973,0,0.030705,0.974624,-24.25663,68000,762.2
69,1000,80.9583,15,0.3,,0,3,5,0.8292,0,2865,0.7295,978.1,940,0,0.030455,1.233728,-26.530151,69000,773.8
70,1000,101.1273,17,0.34,,0,3,5,0.8292,0,2958,0.729,922.1,423,0,0.03014,1.220492,-26.201317,70000,784.9
71,1000,82.2015,13,0.26,,0,2,5,1.299,0,1720,0.7318,1017.3,589,0,0.028781,1.772755,-25.976925,71000,797.0
72,1000,96.706,17,0.34,,0,4,5,0.433,0,2968,0.7322,853.1,877,0,0.028006,1.466032,-27.842083,72000,809.1
73,1000,18.9879,9,0.18,,0,1,4,1.0897,0,2855,0.7302,950.4,456,0,0.028636,1.551515,-28.196463,73000,821.1
74,1000,80.3756,14,0.28,,0,1,5,1.6583,0,2236,0.7295,733.3,644,0,0.027839,1.413799,-26.070717,74000,832.9
75,1000,47.3391,11,0.22,,0,2,4,0.8292,0,2618,0.7292,1026.7,959,0,0.027801,2.276857,-26.92067,75000,845.2
76,1000,76.3444,13,0.26,,0,1,5,1.7854,0,2416,0.7268,890.4,838,0,0.027529,1.566202,-26.613348,76000,857.2
77,1000,99.2706,15,0.3,,0,2,5,1.299,0,2205,0.7325,777.0,701,0,0.026829,0.746945,-25.924051,77000,869.1
78,1000,56.712,12,0.24,,0,1,5,1.5811,0,2485,0.6987,822.9,727,0,0.027218,1.350712,-26.688946,78000,881.0
79,1000,25.8817,11,0.22,,0,1,4,1.299,0,3264,0.7305,1016.9,222,0,0.027999,1.834662,-26.784849,79000,892.8
80,1000,84.5905,15,0.3,,0,1,5,1.6394,0,2564,0.7245,785.4,547,0,0.027956,0.522256,-27.353455,80000,905.0
81,1000,92.0463,17,0.34,,0,4,5,0.433,0,3037,0.7255,1073.5,929,0,0.027886,0.96327,-26.677189,81000,916.9
82,1000,64.7844,13,0.26,,0,3,4,0.433,0,2580,0.7238,959.7,896,0,0.027719,1.440299,-26.435879,82000,928.6
83,1000,136.0798,18,0.36,,0,3,5,0.866,0,2120,0.5835,714.6,850,0,0.028079,0.901561,-26.544937,83000,940.5
84,1000,128.6392,19,0.38,,0,4,5,0.433,0,2530,0.7185,954.9,513,0,0.02922,1.604534,-26.641514,84000,952.1
85,1000,173.7604,18,0.36,,0,3,5,0.866,1,2193,0.698,952.8,982,0,0.029297,1.478064,-27.590303,85000,964.0
86,1000,131.1107,18,0.36,,0,4,5,0.5,0,1981,0.5673,686.8,774,0,0.028789,1.335373,-25.652042,86000,975.8
87,1000,119.8982,18,0.36,,0,3,5,0.866,0,2257,0.724,1035.4,707,0,0.028697,2.647162,-26.631424,87000,988.0
88,1000,134.2102,16,0.32,,1,0,7,2.5495,1,2339,0.606,856.3,910,0,0.028236,1.893187,-25.707109,88000,1000.2
89,1000,96.2288,16,0.32,,0,1,5,1.7321,0,2430,0.7095,1005.6,815,0,0.02801,1.019818,-27.255775,89000,1012.2
90,1000,187.191,18,0.36,,0,2,6,1.5,1,1486,0.6907,1021.5,990,0,0.027863,0.826362,-26.066093,90000,1023.9
91,1000,86.2167,15,0.3,,1,0,5,2.1651,0,2341,0.7252,980.3,450,0,0.027451,0.693904,-26.261906,91000,1035.6
92,1000,79.565,14,0.28,,1,0,5,2.0616,0,2596,0.485,896.7,652,0,0.026647,1.016269,-25.970724,92000,1047.2
93,1000,73.5136,14,0.28,,0,1,5,1.5,0,2782,0.7268,1073.5,252,0,0.026269,0.970775,-25.445982,93000,1058.6
94,1000,61.8443,14,0.28,,0,1,5,1.6583,0,2627,0.721,967.1,966,0,0.026801,1.301987,-25.678268,94000,1070.6
95,1000,106.8497,16,0.32,,0,2,5,1.2247,0,2005,0.7238,1039.3,921,0,0.026348,1.034474,-26.075981,95000,1081.9
96,1000,156.3938,20,0.4,,0,5,5,0.0,0,1559,0.6675,1008.2,881,0,0.025777,0.623254,-25.220901,96000,1093.2
97,1000,89.7286,16,0.32,,0,1,5,1.7321,0,2564,0.7212,979.2,319,0,0.025212,0.681482,-25.755974,97000,1104.0
98,1000,86.4244,15,0.3,,0,1,5,1.6394,0,2246,0.7262,1016.5,229,0,0.025647,0.445446,-26.636608,98000,1114.0
99,1000,117.5677,18,0.36,,0,3,5,0.866,0,2065,0.7255,912.0,864,0,0.024797,0.860441,-26.913044,99000,1125.4
100,1000,136.5547,18,0.36,,0,3,5,0.866,0,1978,0.594,758.6,281,0,0.025218,0.717734,-26.144661,100000,1137.6
101,1000,56.409,13,0.26,,0,1,5,1.479,0,2975,0.7123,773.8,471,0,0.025027,0.713092,-25.930382,101000,1167.2
102,1000,250.2295,22,0.44,,0,5,6,0.5,2,1513,0.59,780.6,976,0,0.024727,1.253978,-25.417862,102000,1177.8
103,1000,206.9999,21,0.42,,0,5,6,0.433,1,1265,0.678,980.2,946,0,0.024656,1.626521,-27.414682,103000,1188.5
104,1000,209.0033,20,0.4,,0,5,5,0.0,1,1517,0.6897,1054.1,802,0,0.024297,1.834072,-24.012609,104000,1200.5
105,1000,48.3801,13,0.26,,0,2,5,1.0897,0,3106,0.727,1020.7,421,0,0.023959,1.039211,-24.430626,105000,1212.3
106,1000,207.6056,21,0.42,,0,5,6,0.433,1,1610,0.6125,833.1,997,0,0.023456,1.013542,-24.836035,106000,1223.8
107,1000,89.6247,15,0.3,,0,3,5,0.8292,0,2293,0.7272,1073.5,917,0,0.02284,1.685073,-25.265102,107000,1235.7
108,1000,146.7817,16,0.32,,0,2,5,1.2247,1,2069,0.6565,971.0,613,0,0.022828,1.067218,-24.448551,108000,1247.3
109,1000,133.4027,15,0.3,,0,2,5,1.299,1,1998,0.5148,679.0,545,0,0.02257,0.962352,-23.827175,109000,1258.8
110,1000,106.0174,17,0.34,,0,3,5,0.8292,0,2522,0.7143,691.5,892,0,0.023142,0.703642,-23.783028,110000,1270.6
111,1000,202.1376,21,0.42,,0,5,6,0.433,1,2177,0.6125,754.7,633,0,0.023355,0.866284,-24.180115,111000,1282.1
112,1000,232.2018,24,0.48,,0,5,9,1.7321,1,1518,0.672,780.8,820,0,0.023311,1.028248,-25.029425,112000,1293.5
113,1000,240.5002,21,0.42,,0,5,6,0.433,2,1720,0.664,796.8,979,0,0.022959,2.758829,-23.433945,113000,1306.3
114,1000,146.3002,18,0.36,,0,4,5,0.5,0,1436,0.5685,782.7,940,0,0.022731,1.838901,-22.167282,114000,1319.0
115,1000,190.5254,20,0.4,,0,4,6,0.7071,1,1578,0.72,773.0,670,0,0.022569,1.726913,-24.076002,115000,1330.6
116,1000,217.6789,22,0.44,,0,5,7,0.866,1,1472,0.6102,787.1,820,0,0.022316,1.017754,-23.542446,116000,1342.2
117,1000,209.5898,20,0.4,,0,4,6,0.7071,1,1222,0.69,852.7,801,0,0.021516,1.490917,-24.250223,117000,1353.4
118,1000,223.5119,22,0.44,,0,4,8,1.5,1,999,0.632,911.6,958,0,0.02113,0.613849,-24.321552,118000,1365.3
119,1000,129.0839,18,0.36,,0,3,5,0.866,0,2387,0.7023,854.9,929,0,0.020813,1.612494,-22.873869,119000,1377.4
120,1000,161.9265,18,0.36,,0,3,5,0.866,1,1208,0.5387,772.5,336,0,0.021068,1.154387,-22.915022,120000,1388.9
121,1000,151.3912,18,0.36,,0,3,5,0.866,0,798,0.6128,844.4,466,0,0.021074,0.958231,-23.774349,121000,1400.7
122,1000,209.3643,21,0.42,,0,4,7,1.0897,1,1665,0.6255,903.9,970,0,0.02085,1.158062,-23.018764,122000,1412.4
123,1000,225.9051,21,0.42,,0,4,7,1.0897,1,1120,0.6593,783.3,672,0,0.020137,0.815683,-22.808596,123000,1423.7
124,1000,230.0775,18,0.36,,0,3,5,0.866,2,840,0.5302,899.6,391,0,0.019298,1.500499,-22.814098,124000,1435.5
125,1000,243.985,21,0.42,,0,5,6,0.433,2,1783,0.6567,867.6,578,0,0.019131,0.675952,-21.398624,125000,1446.9
126,1000,243.9154,21,0.42,,0,5,6,0.433,2,1808,0.669,826.0,968,0,0.018732,1.30548,-22.435242,126000,1458.2
127,1000,40.4673,12,0.24,,0,1,4,1.2247,0,3100,0.722,985.2,980,0,0.018464,1.414452,-23.395067,127000,1470.7
128,1000,275.0256,24,0.48,,0,5,7,1.0,2,1969,0.6382,918.1,934,0,0.018202,0.831153,-21.845583,128000,1481.6
129,1000,79.1097,13,0.26,,0,2,5,1.299,0,1776,0.7262,1040.2,371,0,0.01806,2.051713,-22.145458,129000,1492.9
130,1000,68.8623,13,0.26,,0,2,4,0.8292,0,2305,0.7285,1073.2,144,0,0.018554,0.617074,-22.427711,130000,1505.6
131,1000,330.7768,23,0.46,,0,5,7,0.8292,4,1735,0.4868,941.3,701,0,0.018492,0.759193,-21.862526,131000,1516.8
132,1000,157.8771,19,0.38,,0,4,7,1.299,1,1966,0.5162,717.1,364,0,0.018326,0.492852,-22.917496,132000,1528.7
133,1000,286.3685,24,0.48,,0,5,9,1.7321,2,928,0.4923,748.8,991,0,0.018182,0.945334,-21.498243,133000,1539.8
134,1000,88.1968,15,0.3,,0,1,5,1.6394,0,2640,0.7268,1073.5,850,0,0.018465,0.541414,-22.434553,134000,1551.5
135,1000,326.459,25,0.5,,0,5,8,1.299,3,1234,0.5132,779.1,740,0,0.018463,0.57895,-21.473003,135000,1563.6
136,1000,262.4948,25,0.5,,0,5,10,2.1651,1,1541,0.6585,773.9,896,0,0.018607,0.958423,-21.640995,136000,1575.1
137,1000,64.8105,13,0.26,,0,2,5,1.0897,0,2639,0.7185,970.4,612,0,0.0191,1.049079,-21.463634,137000,1586.6
138,1000,324.505,26,0.52,,0,4,10,2.2913,3,1434,0.5745,998.7,918,0,0.018798,1.017242,-21.792454,138000,1598.9
139,1000,24.289,11,0.22,,0,1,4,1.0897,0,3379,0.7218,948.6,436,0,0.018981,0.488693,-21.705059,139000,1610.3
140,1000,337.832,27,0.54,,0,3,10,2.8614,3,1413,0.5905,887.4,912,0,0.018899,0.959953,-20.793255,140000,1621.9
141,1000,104.6338,17,0.34,,0,3,5,0.8292,0,2778,0.7248,1067.5,443,0,0.018717,1.316052,-21.872982,141000,1634.2
142,1000,359.2673,28,0.56,,0,5,8,1.2247,3,1109,0.6188,784.3,955,0,0.018996,1.44444,-21.04673,142000,1645.6
143,1000,148.7223,19,0.38,,0,4,5,0.433,0,1938,0.5218,709.1,956,0,0.018883,1.225464,-21.614342,143000,1657.0
144,1000,306.1153,25,0.5,,0,5,8,1.299,3,2121,0.647,782.2,814,0,0.018817,0.837285,-22.271624,144000,1669.2
145,1000,54.8206,14,0.28,,0,1,5,1.5,0,3248,0.7275,989.0,276,0,0.019014,0.883467,-22.102057,145000,1680.6
146,1000,234.2797,21,0.42,,0,5,6,0.433,2,2039,0.6185,977.7,994,0,0.019106,1.011064,-21.229086,146000,1692.7
147,1000,14.2067,10,0.2,,2,0,5,2.5,0,3377,0.7198,938.8,366,0,0.019021,0.794245,-19.899555,147000,1704.3
148,1000,95.0614,16,0.32,,0,3,5,0.7071,0,2567,0.7252,1004.3,598,0,0.018819,1.194972,-21.19397,148000,1714.7
149,1000,32.7516,11,0.22,,0,1,5,1.479,0,2971,0.724,957.8,789,0,0.018678,1.675812,-21.548763,149000,1726.8
150,1000,360.4846,29,0.58,,0,5,10,1.9203,3,1469,0.636,1034.6,977,0,0.018672,1.184067,-22.745396,150000,1738.0
151,1000,367.0884,25,0.5,,0,5,10,2.1651,4,1511,0.5827,928.5,677,0,0.01844,0.521215,-20.88307,151000,1767.3
152,1000,374.2218,26,0.52,,0,5,9,1.6583,4,1202,0.5958,830.7,823,0,0.018652,0.839009,-21.889675,152000,1779.4
153,1000,340.9441,26,0.52,,0,3,10,2.5,3,1238,0.5757,869.2,922,0,0.018587,0.656519,-21.52169,153000,1791.3
154,1000,153.16,16,0.32,,0,1,5,1.7321,1,1771,0.5575,927.3,418,0,0.018887,1.25505,-21.655281,154000,1803.2
155,1000,221.316,21,0.42,,0,4,7,1.0897,1,852,0.5148,722.8,921,0,0.019138,0.640879,-22.758455,155000,1814.9
156,1000,40.9174,12,0.24,,0,2,5,1.2247,0,2690,0.7252,1007.6,676,0,0.018821,0.695096,-21.093906,156000,1827.3
157,1000,65.0669,14,0.28,,0,3,5,0.866,0,2846,0.7228,653.6,416,0,0.018751,0.53171,-21.853043,157000,1839.7
158,1000,94.7745,17,0.34,,0,2,5,1.299,0,3101,0.7242,777.0,163,0,0.018632,0.763997,-20.614107,158000,1851.8
159,1000,79.2482,16,0.32,,0,2,5,1.2247,0,3127,0.7167,1006.4,944,0,0.018533,1.40282,-20.258198,159000,1864.3
160,1000,151.5543,17,0.34,,0,3,5,0.8292,1,2215,0.646,935.5,896,0,0.018635,1.103787,-21.465126,160000,1875.5
161,1000,304.8237,24,0.48,,0,4,10,2.3452,3,1447,0.4948,906.0,517,0,0.018504,0.303959,-21.088737,161000,1886.5
162,1000,198.1369,18,0.36,,0,4,5,0.5,2,1926,0.5135,790.8,716,0,0.018661,0.55112,-20.289827,162000,1899.0
163,1000,266.8071,21,0.42,,0,5,6,0.433,3,1810,0.6418,937.6,990,0,0.01843,0.503719,-20.170998,163000,1910.7
164,1000,95.0551,15,0.3,,0,1,5,1.6394,0,2369,0.729,1037.8,860,0,0.018624,1.247561,-21.025827,164000,1922.2
165,1000,242.9255,22,0.44,,0,5,7,0.866,2,1883,0.614,770.2,998,0,0.019074,0.72351,-21.88657,165000,1934.0
166,1000,117.7693,17,0.34,,0,3,5,0.8292,0,2433,0.6993,964.9,926,0,0.018889,1.410462,-20.661865,166000,1945.7
167,1000,98.7807,16,0.32,,0,3,5,1.0,0,2620,0.6595,816.4,985,0,0.019171,0.462676,-21.210764,167000,1957.9
168,1000,416.4222,26,0.52,,0,5,11,2.5981,5,797,0.5295,878.4,946,0,0.019192,0.350324,-21.277081,168000,1969.2
169,1000,353.3701,25,0.5,,0,5,7,0.8292,4,1870,0.5435,880.0,933,0,0.01909,0.58605,-21.244432,169000,1980.8
170,1000,27.1158,10,0.2,,1,0,5,1.8028,0,2775,0.728,1073.5,516,0,0.019325,1.252873,-21.181261,170000,1993.1
171,1000,320.52,24,0.48,,0,1,10,4.062,3,876,0.614,930.3,961,0,0.019068,0.568689,-20.479698,171000,2004.4
172,1000,163.3713,17,0.34,,0,1,6,1.9203,1,1767,0.5687,817.7,930,0,0.019126,0.721263,-21.609436,172000,2015.9
173,1000,220.2101,19,0.38,,0,3,6,1.299,2,1684,0.5965,900.4,959,0,0.018749,1.223986,-19.439402,173000,2027.8
174,1000,254.7033,22,0.44,,0,4,8,1.5,2,1729,0.6048,1008.0,979,0,0.018759,0.345154,-20.638123,174000,2039.1
175,1000,79.247,15,0.3,,0,3,5,0.8292,0,2822,0.7262,963.9,468,0,0.018516,0.6726,-20.576462,175000,2050.8
176,1000,98.848,15,0.3,,0,2,5,1.0897,0,2092,0.6607,934.4,817,0,0.018218,1.223799,-18.529995,176000,2063.1
177,1000,156.6952,18,0.36,,0,4,5,0.5,1,2101,0.4138,759.7,837,0,0.018032,0.84807,-19.964979,177000,2074.5
178,1000,110.0641,16,0.32,,0,3,5,1.0,0,1980,0.6903,902.5,788,0,0.018239,1.050288,-20.581747,178000,2086.6
179,1000,201.0721,19,0.38,,0,4,5,0.433,2,2580,0.626,959.3,736,0,0.018462,0.671056,-21.310173,179000,2098.9
180,1000,133.349,18,0.36,,0,4,5,0.5,0,2049,0.708,1062.0,876,0,0.018422,1.242684,-19.950562,180000,2110.7
181,1000,255.9013,21,0.42,,0,5,6,0.433,2,1039,0.6285,856.9,796,0,0.018495,0.759512,-20.177074,181000,2122.7
182,1000,182.9016,19,0.38,,0,4,5,0.433,1,2157,0.6897,985.3,897,0,0.018593,0.903139,-20.826405,182000,2134.6
183,1000,261.1786,19,0.38,,0,4,5,0.433,3,756,0.4642,917.3,302,0,0.018879,0.575946,-20.632568,183000,2145.7
184,1000,250.6629,19,0.38,,0,4,5,0.433,3,1608,0.5543,907.8,475,0,0.018844,0.673449,-20.73531,184000,2157.5
185,1000,383.2266,28,0.56,,0,5,9,1.4142,4,1840,0.6508,931.5,981,0,0.018893,1.164209,-20.366447,185000,2168.9
186,1000,281.1329,22,0.44,,0,5,6,0.5,3,1896,0.593,893.3,898,0,0.018975,1.569403,-20.574907,186000,2180.5
187,1000,139.3806,20,0.4,,0,5,5,0.0,0,2717,0.6945,894.6,454,0,0.018921,0.692573,-20.372955,187000,2193.1
188,1000,158.3921,18,0.36,,0,3,6,1.118,1,2284,0.646,713.4,676,0,0.018912,0.617173,-20.01338,188000,2205.4
189,1000,269.9487,21,0.42,,0,5,6,0.433,3,1821,0.5457,838.3,956,0,0.018782,0.649881,-19.652454,189000,2216.7
190,1000,328.2787,24,0.48,,0,5,7,0.7071,3,1092,0.4965,896.1,892,0,0.018842,0.909629,-19.956564,190000,2229.1
191,1000,278.6561,25,0.5,,0,5,8,1.299,2,2012,0.575,821.0,994,0,0.01897,0.583446,-19.226265,191000,2240.7
192,1000,192.6726,19,0.38,,0,3,9,2.4875,1,1201,0.406,693.8,887,0,0.018881,1.35032,-19.505327,192000,2252.1
193,1000,232.2938,19,0.38,,0,4,5,0.433,2,966,0.5022,1062.3,910,0,0.019097,0.690159,-19.028427,193000,2264.0
194,1000,282.3017,22,0.44,,0,5,6,0.5,3,1771,0.5423,873.2,991,0,0.019306,0.437038,-20.884033,194000,2275.6
195,1000,313.1193,23,0.46,,0,4,9,1.9203,3,1007,0.4878,895.4,963,0,0.019604,0.830439,-19.41917,195000,2287.7
196,1000,226.0145,19,0.38,,0,4,5,0.433,2,1410,0.5028,738.9,678,0,0.01944,0.671597,-20.020885,196000,2299.1
197,1000,422.5951,27,0.54,,0,5,10,1.9203,5,1029,0.5535,915.4,873,0,0.019576,0.786723,-19.502853,197000,2310.2
198,1000,236.5656,19,0.38,,0,4,6,0.8292,2,768,0.513,658.6,797,0,0.01937,0.53028,-19.75679,198000,2320.3
199,1000,225.9156,20,0.4,,0,3,7,1.4142,2,1673,0.521,839.5,751,0,0.019213,1.250767,-19.890934,199000,2330.8
200,1000,276.7764,20,0.4,,0,3,6,1.2247,3,1250,0.4968,906.0,887,0,0.018982,0.603405,-18.645493,200000,2342.2
201,1000,254.9144,19,0.38,,0,3,6,1.0897,3,1820,0.5455,877.8,952,0,0.019032,0.845369,-18.921881,201000,2372.0
202,1000,184.8071,17,0.34,,0,3,5,0.8292,2,1998,0.6245,975.4,944,0,0.018899,0.46127,-19.773123,202000,2384.7
203,1000,320.6103,21,0.42,,0,5,6,0.433,4,913,0.4427,1012.9,856,0,0.01902,1.035946,-19.219393,203000,2395.6
204,1000,122.553,17,0.34,,0,3,5,0.8292,0,1787,0.51,717.5,468,0,0.018336,0.550687,-19.824753,204000,2407.3
205,1000,241.7088,22,0.44,,0,4,9,2.0616,2,1929,0.6188,968.4,976,0,0.01805,0.762886,-18.859688,205000,2419.9
206,1000,186.7615,19,0.38,,0,4,7,1.299,1,1075,0.4878,668.8,635,0,0.017441,0.969279,-19.001476,206000,2431.4
207,1000,236.8838,21,0.42,,0,4,8,1.6394,2,1700,0.3655,728.9,490,0,0.017672,0.910131,-19.977356,207000,2443.4
208,1000,20.3003,10,0.2,,0,2,3,0.5,0,3057,0.7272,1073.5,428,0,0.017546,0.455599,-19.202477,208000,2455.8
209,1000,285.5501,23,0.46,,0,4,9,1.9203,3,1870,0.5713,754.8,817,0,0.017757,0.558195,-19.232882,209000,2467.1
210,1000,329.9791,27,0.54,,0,2,10,3.1125,3,1630,0.5913,879.3,794,0,0.017871,1.259007,-19.04895,210000,2478.7
211,1000,263.4207,23,0.46,,0,3,9,2.1651,2,1879,0.669,972.3,940,0,0.018259,0.717376,-19.086546,211000,2490.3
212,1000,314.515,24,0.48,,0,5,7,0.7071,3,1391,0.6105,874.0,989,0,0.018258,0.75139,-18.563526,212000,2501.1
213,1000,182.4935,21,0.42,,0,3,8,1.7854,1,2444,0.6893,846.1,681,0,0.018479,0.810651,-18.381643,213000,2512.3
214,1000,351.0737,28,0.56,,0,4,9,1.8708,3,1248,0.6365,780.4,999,0,0.018456,1.590051,-18.858715,214000,2524.0
215,1000,309.5266,21,0.42,,0,5,6,0.433,4,1542,0.5055,741.2,981,0,0.01768,0.545406,-19.364157,215000,2535.2
216,1000,329.4477,26,0.52,,0,5,9,1.5,3,1204,0.5653,843.6,932,0,0.017563,0.688994,-17.246304,216000,2547.6
217,1000,375.0313,27,0.54,,0,5,10,1.9203,4,1646,0.5363,979.5,899,0,0.01767,1.378682,-18.415903,217000,2560.5
218,1000,253.6501,22,0.44,,0,3,9,2.2913,2,1010,0.509,860.0,960,0,0.017973,0.58422,-19.144827,218000,2572.1
219,1000,363.1958,26,0.52,,0,5,9,1.5,4,1170,0.5927,787.7,929,0,0.017878,1.117181,-19.181746,219000,2584.0
220,1000,144.0118,16,0.32,,0,2,5,1.2247,1,1961,0.5048,680.5,206,0,0.017698,0.564309,-18.13913,220000,2595.7
221,1000,396.385,29,0.58,,0,5,10,1.7854,4,1355,0.6242,1073.5,970,0,0.017395,0.731893,-18.044712,221000,2606.6
222,1000,386.5594,28,0.56,,0,5,8,1.2247,4,1403,0.6278,881.7,858,0,0.017479,0.852566,-17.970274,222000,2618.6
223,1000,326.0811,24,0.48,,0,5,8,1.2247,4,1891,0.642,859.0,565,0,0.017405,1.15074,-18.264744,223000,2630.2
224,1000,239.5372,20,0.4,,0,4,7,1.2247,2,1148,0.5185,730.2,337,0,0.017369,0.914323,-18.022524,224000,2641.6
225,1000,380.6042,28,0.56,,0,5,9,1.5811,4,1609,0.5907,807.1,988,0,0.01709,1.031916,-16.610266,225000,2653.7
226,1000,303.8863,24,0.48,,0,3,8,1.8708,3,1574,0.644,863.2,997,0,0.01703,0.597894,-17.435219,226000,2665.1
227,1000,254.7509,22,0.44,,0,4,8,1.5,2,1457,0.6092,643.8,920,0,0.017593,0.964204,-17.461243,227000,2676.7
228,1000,261.1156,20,0.4,,0,4,6,0.7071,3,1566,0.442,882.2,718,0,0.016709,0.758651,-17.280807,228000,2688.5
229,1000,200.3232,21,0.42,,0,4,7,1.0897,1,1430,0.6222,747.5,958,0,0.016162,0.72075,-16.523136,229000,2700.0
230,1000,227.1982,20,0.4,,0,4,6,0.7071,2,1842,0.6863,963.9,518,0,0.015754,1.218696,-17.943604,230000,2711.5
231,1000,240.2108,21,0.42,,0,4,7,1.0897,2,1654,0.5837,784.8,934,0,0.015962,0.352448,-17.842451,231000,2724.9
232,1000,169.2517,18,0.36,,0,4,5,0.5,1,1760,0.5072,692.7,514,0,0.015855,0.92533,-17.263962,232000,2737.8
233,1000,217.214,19,0.38,,0,4,5,0.433,2,1712,0.491,677.7,541,0,0.015733,0.743451,-17.163486,233000,2750.7
234,1000,283.8149,23,0.46,,0,4,7,1.299,3,1600,0.588,791.0,669,0,0.015569,0.957169,-16.412918,234000,2762.4
235,1000,375.7873,28,0.56,,0,5,9,2.0,4,1419,0.5112,660.6,906,0,0.015515,0.787107,-16.999378,235000,2774.1
236,1000,327.6331,23,0.46,,0,5,7,0.8292,4,1527,0.5022,875.1,925,0,0.014931,0.765899,-15.564517,236000,2786.2
237,1000,267.1142,24,0.48,,0,5,7,1.0,2,1788,0.539,796.5,690,0,0.01481,1.914614,-17.1007,237000,2797.5
238,1000,246.654,21,0.42,,0,3,8,2.2776,2,1231,0.6102,814.8,868,0,0.014503,0.611477,-15.947405,238000,2808.9
239,1000,368.6662,29,0.58,,0,5,9,1.479,3,802,0.5657,708.7,993,0,0.014332,0.770816,-16.916542,239000,2820.9
240,1000,243.0763,19,0.38,,0,4,5,0.433,3,1505,0.4715,728.9,986,0,0.014285,1.279118,-16.770588,240000,2832.3
241,1000,415.398,30,0.6,,0,5,10,2.0616,4,1190,0.5615,807.3,922,0,0.014368,0.654734,-16.323669,241000,2843.9
242,1000,187.4586,20,0.4,,0,5,5,0.0,1,1593,0.6458,914.0,983,0,0.014325,0.556979,-15.768977,242000,2856.1
243,1000,140.084,15,0.3,,0,2,5,1.0897,1,1802,0.553,586.4,917,0,0.014362,0.638993,-16.258022,243000,2867.6
244,1000,165.4932,17,0.34,,0,2,6,1.479,1,1437,0.5673,816.8,841,0,0.01447,0.874541,-16.969667,244000,2879.0
245,1000,348.77,25,0.5,,0,5,8,1.0897,4,1395,0.6165,734.6,858,0,0.014307,1.111437,-16.903845,245000,2892.2
246,1000,209.8597,20,0.4,,0,2,10,3.0,1,965,0.47,611.1,960,0,0.013777,1.242463,-15.952598,246000,2903.9
247,1000,186.4698,19,0.38,,0,3,7,1.479,1,1595,0.463,669.8,582,0,0.013921,0.572598,-15.74575,247000,2915.5
248,1000,176.8222,19,0.38,,0,4,5,0.433,1,2205,0.5975,820.4,891,0,0.014007,0.907138,-15.186198,248000,2926.8
249,1000,102.9319,15,0.3,,0,3,4,0.433,0,1795,0.5128,647.6,924,0,0.013832,0.827561,-16.325102,249000,2938.8
250,1000,306.0782,24,0.48,,0,5,9,1.7321,3,1290,0.5503,722.7,806,0,0.013561,0.395324,-15.758868,250000,2950.9
251,1000,263.8829,24,0.48,,0,5,8,1.2247,2,2009,0.6693,752.8,964,0,0.01286,0.95628,-16.496632,251000,2979.0
252,1000,356.6752,26,0.52,,0,5,8,1.118,4,1504,0.658,966.5,959,0,0.013131,1.114219,-16.746555,252000,2990.2
253,1000,18.7534,9,0.18,,1,0,4,1.479,0,2574,0.7268,546.6,110,0,0.01314,1.045938,-17.462692,253000,3001.6
254,1000,339.7952,27,0.54,,0,5,10,2.0463,3,1295,0.5242,870.0,898,0,0.013279,0.618614,-15.753351,254000,3013.1
255,1000,243.5411,22,0.44,,0,4,7,1.118,2,1886,0.5082,918.6,502,0,0.013182,0.402337,-16.022404,255000,3024.6
256,1000,237.2558,20,0.4,,0,2,8,2.1213,2,1390,0.5843,818.6,732,0,0.0135,0.571035,-15.709674,256000,3035.9
257,1000,207.6745,20,0.4,,0,3,7,1.5811,2,2355,0.6593,864.2,460,0,0.013348,0.458605,-16.691154,257000,3048.4
258,1000,166.3265,17,0.34,,0,3,5,0.8292,1,1630,0.6352,734.0,679,0,0.01307,0.695659,-15.320434,258000,3059.5
259,1000,56.9728,13,0.26,,0,1,5,1.7854,0,2834,0.7262,1073.5,208,0,0.01328,1.478354,-15.600441,259000,3071.6
260,1000,286.2586,22,0.44,,0,4,7,1.118,3,1642,0.4955,778.9,994,0,0.012926,0.795347,-15.992268,260000,3083.3
261,1000,284.8156,21,0.42,,0,4,7,1.0897,3,884,0.4823,668.7,683,0,0.012806,0.545642,-16.705359,261000,3094.6
262,1000,217.5708,20,0.4,,0,4,6,0.7071,2,2317,0.646,755.0,851,0,0.013005,0.396342,-15.470891,262000,3106.2
263,1000,256.0023,23,0.46,,0,4,9,1.9203,2,1904,0.505,734.2,999,0,0.012767,0.726449,-15.269524,263000,3118.5
264,1000,310.4225,26,0.52,,0,4,9,2.0616,3,2041,0.684,752.4,909,0,0.012593,0.914231,-16.204773,264000,3130.0
265,1000,292.3156,23,0.46,,0,4,7,1.0897,3,1556,0.491,818.5,796,0,0.012717,0.682799,-15.23144,265000,3142.0
266,1000,307.0298,25,0.5,,0,4,9,1.9203,3,1969,0.683,850.4,964,0,0.012938,0.488443,-14.898951,266000,3153.9
267,1000,256.5333,23,0.46,,0,4,7,1.299,2,1784,0.6035,789.5,998,0,0.012546,0.482594,-14.988416,267000,3165.4
268,1000,342.7434,28,0.56,,0,4,10,2.2361,3,1821,0.6395,710.4,945,0,0.012457,0.881589,-15.651006,268000,3177.0
269,1000,193.7523,21,0.42,,0,4,8,1.6394,1,2209,0.6505,799.7,963,0,0.012488,1.032716,-15.283794,269000,3189.2
270,1000,284.6121,21,0.42,,0,4,7,1.0897,3,840,0.5992,806.2,624,0,0.012061,0.76734,-15.267781,270000,3200.3
271,1000,217.648,18,0.36,,0,3,5,0.866,2,1226,0.4532,698.3,444,0,0.012425,0.258641,-14.666147,271000,3212.9
272,1000,208.0323,20,0.4,,0,5,5,0.0,1,1556,0.5148,730.0,334,0,0.012263,0.623655,-14.868053,272000,3224.7
273,1000,265.0892,22,0.44,,0,4,7,1.118,3,2252,0.6843,1073.5,447,0,0.012504,1.236549,-15.895241,273000,3236.3
274,1000,199.5585,19,0.38,,0,3,6,1.0897,2,2370,0.557,792.4,894,0,0.012404,0.384699,-15.24369,274000,3248.4
275,1000,219.4732,21,0.42,,0,4,7,1.299,2,2475,0.6505,955.4,698,0,0.012129,0.698369,-14.973067,275000,3259.9
276,1000,301.0315,24,0.48,,0,4,8,1.5811,3,1781,0.6548,976.7,797,0,0.012378,0.866284,-15.137153,276000,3271.3
277,1000,324.1977,27,0.54,,0,5,10,2.0463,3,1962,0.6208,1033.2,903,0,0.01249,0.557947,-16.959042,277000,3283.2
278,1000,372.5275,30,0.6,,0,5,10,2.5,3,1646,0.643,818.1,905,0,0.012419,1.021846,-16.132248,278000,3294.7
279,1000,119.8773,17,0.34,,0,3,5,0.8292,0,1894,0.6735,818.8,816,0,0.012157,0.655928,-14.695273,279000,3306.6
280,1000,320.0317,24,0.48,,0,4,8,1.5811,3,1166,0.559,782.4,899,0,0.012296,0.801094,-16.258675,280000,3319.4
281,1000,270.7445,24,0.48,,0,4,8,1.5811,2,1308,0.4542,735.9,920,0,0.012313,0.872191,-15.531363,281000,3330.7
282,1000,219.5574,20,0.4,,0,2,8,2.2361,2,1907,0.6815,993.5,934,0,0.012159,0.827367,-15.277451,282000,3342.1
283,1000,353.4544,25,0.5,,0,5,10,2.1651,4,1272,0.5972,943.6,989,0,0.012208,0.759007,-15.424103,283000,3353.7
284,1000,213.1954,21,0.42,,0,2,7,2.0463,2,2409,0.6208,705.7,785,0,0.012019,1.425213,-15.50333,284000,3365.1
285,1000,263.2924,21,0.42,,0,5,6,0.433,3,1883,0.538,716.1,829,0,0.012352,0.540897,-14.774889,285000,3377.8
286,1000,172.3093,18,0.36,,0,3,7,1.6583,1,1515,0.4472,596.4,922,0,0.012358,0.560682,-14.15152,286000,3389.6
287,1000,281.9117,22,0.44,,0,4,7,1.118,3,1652,0.5873,922.6,834,0,0.012046,1.098334,-15.100386,287000,3401.5
288,1000,176.3266,19,0.38,,0,3,7,1.479,1,1902,0.6395,666.0,708,0,0.011953,0.617701,-13.348158,288000,3414.2
289,1000,173.5598,20,0.4,,0,4,6,0.7071,1,2547,0.6757,823.6,806,0,0.01194,0.731059,-15.396101,289000,3426.1
290,1000,244.8566,22,0.44,,0,1,10,3.2016,2,1890,0.6372,932.0,985,0,0.012206,0.540229,-13.471216,290000,3437.2
291,1000,274.8719,25,0.5,,0,4,9,1.9203,2,1498,0.6528,690.7,972,0,0.012108,0.580192,-14.039946,291000,3449.5
292,1000,354.3191,27,0.54,,0,5,9,1.479,3,1066,0.6468,843.2,790,0,0.011753,0.46097,-14.264019,292000,3461.1
293,1000,194.3666,19,0.38,,0,3,8,1.9203,1,1126,0.4047,610.4,945,0,0.011757,0.346021,-14.444902,293000,3472.5
294,1000,239.9007,21,0.42,,0,3,9,2.4875,2,1417,0.5857,830.7,671,0,0.011951,0.732598,-14.844509,294000,3485.0
295,1000,200.8709,19,0.38,,0,4,6,0.8292,2,2271,0.4943,851.0,480,0,0.011962,0.719776,-13.939052,295000,3496.8
296,1000,195.1504,20,0.4,,0,3,9,2.3452,1,1219,0.4238,680.0,962,0,0.011895,0.48653,-13.802918,296000,3508.0
297,1000,192.8954,17,0.34,,0,1,7,2.1651,2,1791,0.3977,703.1,763,0,0.012103,0.791192,-14.111999,297000,3519.2
298,1000,169.8822,18,0.36,,0,3,5,0.866,1,2005,0.5893,889.5,774,0,0.012118,1.423545,-14.923986,298000,3529.9
299,1000,375.7695,25,0.5,,0,5,10,2.1651,5,2095,0.643,975.7,760,0,0.012134,0.54052,-13.998241,299000,3542.4
300,1000,334.3673,25,0.5,,0,5,9,1.6394,3,1065,0.557,822.0,795,0,0.011969,0.431656,-13.77993,300000,3554.2
301,1000,147.4559,17,0.34,,0,1,6,1.9203,1,2439,0.581,799.3,843,0,0.011897,0.357746,-13.211518,301000,3582.7
302,1000,214.7784,20,0.4,,0,2,7,1.8708,2,2512,0.6335,803.3,989,0,0.011943,1.271262,-15.244825,302000,3593.9
303,1000,334.2982,26,0.52,,0,2,10,2.958,3,1365,0.6462,795.1,928,0,0.011688,0.42088,-13.759289,303000,3605.1
304,1000,337.8578,26,0.52,,0,4,11,2.8723,3,1198,0.6058,719.5,993,0,0.0119,0.53154,-14.201814,304000,3617.5
305,1000,240.9276,19,0.38,,0,1,7,2.2776,3,2229,0.5773,750.6,997,0,0.011734,0.445953,-13.517593,305000,3628.9
306,1000,258.3469,22,0.44,,0,4,8,1.5,2,1182,0.622,819.6,608,0,0.011762,0.654508,-14.354457,306000,3640.3
307,1000,233.8167,20,0.4,,0,3,9,2.4495,2,1082,0.501,849.9,899,0,0.012023,0.524293,-14.394846,307000,3652.1
308,1000,214.6385,17,0.34,,0,3,5,0.8292,2,527,0.4328,738.6,677,0,0.012132,0.416921,-14.630566,308000,3663.4
309,1000,70.9705,15,0.3,,0,2,5,1.299,0,3055,0.7165,784.7,988,0,0.012,0.652573,-13.650171,309000,3675.8
310,1000,334.8752,25,0.5,,0,4,11,2.7726,3,655,0.3743,748.5,908,0,0.012004,0.561806,-13.252071,310000,3687.1
311,1000,104.527,16,0.32,,0,3,5,0.7071,0,2104,0.5515,979.2,452,0,0.011649,0.456329,-15.157324,311000,3698.9
312,1000,376.2832,28,0.56,,0,5,8,1.2247,4,1499,0.6647,866.4,998,0,0.011697,0.742944,-14.658149,312000,3710.6
313,1000,304.4966,22,0.44,,0,5,6,0.5,4,2366,0.5733,730.3,949,0,0.011859,0.600661,-13.781114,313000,3722.4
314,1000,256.9033,20,0.4,,0,4,6,0.7071,3,1892,0.546,944.2,692,0,0.012119,1.002501,-14.584831,314000,3734.1
315,1000,281.4694,25,0.5,,0,5,8,1.299,2,1267,0.638,840.1,843,0,0.012247,0.666864,-14.096247,315000,3746.4
316,1000,302.5023,23,0.46,,0,1,10,3.1918,3,1531,0.5095,793.9,948,0,0.01242,0.885563,-13.709408,316000,3757.8
317,1000,228.4651,21,0.42,,0,3,9,2.2776,2,2116,0.616,892.2,957,0,0.01247,0.760923,-13.909019,317000,3769.6
318,1000,183.592,21,0.42,,0,4,7,1.0897,1,2622,0.59,927.7,619,0,0.012599,0.354169,-14.106697,318000,3782.3
319,1000,381.5069,28,0.56,,0,4,10,2.2361,4,1563,0.6202,847.2,933,0,0.012596,0.486971,-15.271903,319000,3793.3
320,1000,150.9169,16,0.32,,0,3,5,0.7071,1,1480,0.4405,850.8,749,0,0.012799,0.869862,-15.326332,320000,3804.8
321,1000,306.877,24,0.48,,0,4,8,1.5811,3,1268,0.58,850.1,957,0,0.012864,0.634305,-14.156546,321000,3816.9
322,1000,263.0284,23,0.46,,0,4,7,1.299,2,1485,0.5085,808.3,943,0,0.012384,0.596451,-14.801528,322000,3828.5
323,1000,226.4118,20,0.4,,0,4,7,1.2247,2,1812,0.5513,788.3,580,0,0.012236,0.727557,-14.150875,323000,3840.9
324,1000,353.9113,24,0.48,,0,5,7,0.7071,4,1066,0.4128,780.7,710,0,0.012577,0.654718,-14.140117,324000,3853.0
325,1000,287.0133,26,0.52,,0,4,9,2.5,2,1593,0.4405,726.2,913,0,0.012512,0.590069,-13.567967,325000,3864.7
326,1000,284.3637,22,0.44,,0,3,10,2.6926,3,1542,0.501,721.4,843,0,0.012786,0.619746,-14.395769,326000,3877.1
327,1000,326.2237,26,0.52,,0,3,10,2.5,3,1363,0.5667,939.8,868,0,0.012485,0.896633,-14.250669,327000,3888.4
328,1000,418.0039,27,0.54,,0,5,10,2.0463,5,991,0.5965,757.2,883,0,0.012531,0.39004,-14.005927,328000,3899.7
329,1000,284.3257,24,0.48,,0,4,8,1.5811,2,1146,0.5565,788.7,819,0,0.012613,0.924801,-14.663065,329000,3911.8
330,1000,237.718,18,0.36,,0,3,5,0.866,3,1339,0.606,718.3,534,0,0.01281,0.826868,-14.631223,330000,3923.2
331,1000,310.5268,25,0.5,,0,4,7,1.299,3,1717,0.652,722.0,940,0,0.012707,0.399696,-14.379602,331000,3935.0
332,1000,248.8116,22,0.44,,0,4,8,1.5,2,1396,0.497,698.5,974,0,0.012839,0.873222,-14.077999,332000,3947.1
333,1000,262.4,24,0.48,,0,4,9,1.8708,2,1837,0.6492,907.5,972,0,0.012983,0.711485,-14.644037,333000,3959.0
334,1000,299.8979,21,0.42,,0,5,6,0.433,4,1987,0.6208,874.8,874,0,0.013271,0.723132,-13.568092,334000,3970.8
335,1000,174.7878,18,0.36,,0,4,5,0.5,1,1608,0.4417,694.3,644,0,0.013092,0.979134,-13.969709,335000,3982.7
336,1000,221.338,19,0.38,,0,4,5,0.433,2,1513,0.4328,741.6,201,0,0.013017,0.541102,-14.039946,336000,3994.3
337,1000,300.0336,27,0.54,,0,4,10,2.3848,2,1643,0.623,710.0,971,0,0.012873,0.466651,-14.213997,337000,4006.7
338,1000,297.5598,23,0.46,,0,4,8,1.479,3,1185,0.4672,730.9,622,0,0.012569,0.610703,-14.026434,338000,4017.7
339,1000,286.2094,25,0.5,,0,5,9,1.6394,2,1758,0.622,826.1,913,0,0.012721,0.367937,-14.044084,339000,4029.0
340,1000,210.2533,19,0.38,,0,4,6,0.8292,2,1994,0.5543,690.1,397,0,0.012521,0.620396,-14.517975,340000,4041.3
341,1000,360.2023,29,0.58,,0,4,9,2.0463,3,1301,0.567,829.8,822,0,0.012502,0.456726,-14.114267,341000,4052.6
342,1000,201.5295,20,0.4,,0,4,8,1.7321,1,1094,0.472,710.7,814,0,0.012753,0.484726,-13.414888,342000,4064.0
343,1000,295.4347,23,0.46,,0,4,7,1.0897,3,1512,0.5185,800.2,897,0,0.012609,0.824434,-14.789204,343000,4075.8
344,1000,182.7118,17,0.34,,0,3,5,0.8292,1,757,0.3977,730.8,394,0,0.012779,0.331788,-14.183319,344000,4086.7
345,1000,254.1265,22,0.44,,0,3,9,2.2913,2,1183,0.4785,762.6,977,0,0.012537,0.656977,-14.787451,345000,4097.9
346,1000,105.1825,14,0.28,,0,2,5,1.5,1,2666,0.565,675.8,274,0,0.012791,0.325742,-13.58574,346000,4109.6
347,1000,234.2448,21,0.42,,0,2,8,2.1651,2,1821,0.5637,762.0,882,0,0.012742,0.394952,-14.343891,347000,4120.6
348,1000,309.6978,26,0.52,,0,5,8,1.5,3,1963,0.643,763.8,984,0,0.01304,0.423946,-13.780909,348000,4132.1
349,1000,169.5765,17,0.34,,0,3,6,1.0897,1,409,0.3693,619.2,997,0,0.013045,0.832133,-15.14561,349000,4143.6
350,1000,176.195,20,0.4,,0,3,9,2.4495,1,2263,0.68,925.5,872,0,0.0132,0.912236,-13.669464,350000,4155.0
351,1000,199.2009,19,0.38,,0,4,6,0.8292,2,2022,0.5863,739.4,396,0,0.013149,0.642038,-14.084476,351000,4185.1
352,1000,154.6715,16,0.32,,0,2,6,1.4142,1,1503,0.3735,597.1,816,0,0.013026,0.503368,-14.877322,352000,4195.7
353,1000,202.2814,18,0.36,,0,4,5,0.5,2,1511,0.482,728.5,796,0,0.013325,0.271874,-13.962278,353000,4208.2
354,1000,274.499,24,0.48,,0,4,8,1.5811,2,1514,0.5873,827.4,961,0,0.013151,0.52495,-14.511522,354000,4219.7
355,1000,167.9719,16,0.32,,0,2,5,1.2247,2,2374,0.59,696.6,438,0,0.013157,0.428506,-14.32972,355000,4232.2
356,1000,178.8972,19,0.38,,0,3,7,1.479,1,1568,0.4895,678.4,998,0,0.01335,0.554984,-14.179945,356000,4244.7
357,1000,215.806,19,0.38,,0,4,6,0.8292,2,1589,0.4118,717.3,323,0,0.013115,0.601395,-14.122533,357000,4256.0
358,1000,194.6857,21,0.42,,0,4,7,1.0897,1,2196,0.5455,694.8,477,0,0.01331,0.723919,-14.155451,358000,4267.5
359,1000,293.0317,24,0.48,,0,4,8,1.4142,3,1864,0.629,829.4,821,0,0.013437,0.312246,-14.108644,359000,4279.7
360,1000,293.5933,25,0.5,,0,3,9,2.7726,2,1149,0.492,884.6,720,0,0.013894,0.641995,-13.817307,360000,4291.4
361,1000,270.3543,21,0.42,,0,4,6,0.8292,3,1641,0.607,943.4,934,0,0.013682,0.409565,-14.317784,361000,4303.5
362,1000,284.1673,23,0.46,,0,3,8,1.9203,3,1964,0.5773,863.8,996,0,0.013587,0.738943,-14.542109,362000,4315.3
363,1000,271.4704,24,0.48,,0,4,8,1.5811,2,1583,0.6548,825.2,897,0,0.013391,0.375163,-14.108814,363000,4326.5
364,1000,235.5999,22,0.44,,0,4,8,1.5,1,849,0.3995,835.8,674,0,0.01342,0.522225,-14.257231,364000,4338.2
365,1000,283.0076,23,0.46,,0,5,8,1.299,3,2205,0.609,766.0,985,0,0.013388,0.778855,-14.262879,365000,4350.0
366,1000,357.7486,29,0.58,,0,4,9,1.9203,3,1328,0.5935,787.4,992,0,0.013231,0.548668,-14.549038,366000,4361.2
367,1000,266.9533,22,0.44,,0,4,7,1.118,3,1965,0.6388,859.9,992,0,0.012996,0.524505,-13.958572,367000,4373.6
368,1000,232.8995,21,0.42,,0,4,7,1.0897,2,1889,0.488,768.0,697,0,0.013432,0.437009,-13.812441,368000,4385.5
369,1000,323.5565,24,0.48,,0,3,9,2.1213,3,779,0.6583,700.6,775,0,0.013348,0.433347,-13.306742,369000,4397.2
370,1000,233.5658,22,0.44,,0,4,8,1.5,2,2187,0.6833,786.5,870,0,0.013428,0.532888,-13.746555,370000,4409.3
371,1000,215.9358,19,0.38,,0,3,7,1.479,2,1401,0.469,772.3,910,0,0.013331,0.492767,-14.010189,371000,4420.4
372,1000,171.2039,19,0.38,,0,4,6,0.8292,1,1856,0.512,698.9,694,0,0.013192,0.585893,-13.906171,372000,4432.3
373,1000,234.789,21,0.42,,0,3,8,1.7854,2,1577,0.5015,739.1,821,0,0.012993,0.510308,-14.576649,373000,4445.1
374,1000,139.5452,16,0.32,,0,3,5,1.0,1,2402,0.694,830.2,965,0,0.01298,0.519181,-14.671967,374000,4456.7
375,1000,240.8274,21,0.42,,0,4,7,1.0897,2,1485,0.4885,862.2,879,0,0.01305,0.347286,-13.119869,375000,4468.9
376,1000,392.4434,28,0.56,,0,5,10,2.1213,4,809,0.6737,867.3,921,0,0.013122,0.360088,-13.976066,376000,4480.4
377,1000,275.795,22,0.44,,0,4,7,1.118,3,1858,0.579,679.9,595,0,0.013054,0.456009,-14.272672,377000,4491.9
378,1000,372.8054,27,0.54,,0,5,9,1.7854,4,1433,0.655,804.6,732,0,0.012736,0.546703,-13.496953,378000,4504.1
379,1000,313.141,26,0.52,,0,5,9,1.6583,3,2073,0.6815,806.0,845,0,0.012259,0.860154,-13.543365,379000,4515.5
380,1000,315.7539,25,0.5,,0,4,8,1.479,3,1436,0.6362,843.9,925,0,0.012145,0.311286,-13.835475,380000,4526.7
381,1000,276.1668,22,0.44,,0,4,7,1.118,3,1796,0.4705,774.8,633,0,0.012345,0.469892,-14.144646,381000,4538.6
382,1000,242.7322,22,0.44,,0,4,9,2.0616,2,1759,0.4682,709.9,805,0,0.012237,0.449839,-13.62772,382000,4550.4
383,1000,197.4667,21,0.42,,0,4,9,2.1651,1,1772,0.5295,743.2,752,0,0.011995,0.732979,-12.653333,383000,4561.6
384,1000,264.3541,24,0.48,,0,4,8,1.5811,2,1758,0.6873,781.4,996,0,0.011856,0.214732,-12.368738,384000,4573.6
385,1000,215.8193,19,0.38,,0,3,7,1.479,2,1576,0.615,738.1,873,0,0.011952,0.620669,-14.042799,385000,4585.5
386,1000,314.6725,25,0.5,,0,5,7,0.8292,3,1564,0.5188,754.0,828,0,0.011916,1.334341,-13.822306,386000,4596.8
387,1000,156.8035,16,0.32,,0,3,5,0.7071,1,1062,0.328,693.0,959,0,0.011916,0.407534,-14.748329,387000,4609.1
388,1000,180.2967,19,0.38,,0,4,6,0.8292,1,1752,0.5088,581.5,449,0,0.011642,0.211736,-13.896072,388000,4620.8
389,1000,100.3514,15,0.3,,0,2,5,1.299,1,3208,0.7195,887.7,182,0,0.011703,0.433051,-13.915751,389000,4633.5
390,1000,154.9105,17,0.34,,0,4,5,0.433,1,1722,0.459,701.5,898,0,0.011661,0.869057,-14.640434,390000,4646.6
391,1000,312.1648,25,0.5,,0,5,7,0.8292,3,1570,0.5825,848.3,910,0,0.011679,0.7349,-14.785702,391000,4659.7
392,1000,153.542,18,0.36,,0,4,5,0.5,1,2538,0.6398,822.2,615,0,0.011565,0.308205,-12.995216,392000,4673.3
393,1000,174.0358,18,0.36,,0,4,5,0.5,1,1483,0.4758,812.7,228,0,0.011534,0.403831,-14.204686,393000,4685.7
394,1000,323.6223,23,0.46,,0,5,7,0.8292,4,1942,0.613,818.4,875,0,0.011783,0.773154,-15.175694,394000,4698.9
395,1000,122.2568,16,0.32,,0,2,5,1.2247,1,2895,0.701,822.1,949,0,0.011633,0.600191,-14.32226,395000,4710.5
396,1000,209.2696,18,0.36,,0,4,5,0.5,2,1451,0.5102,807.0,881,0,0.011756,0.258114,-14.33172,396000,4721.7
397,1000,130.7254,16,0.32,,0,3,5,0.7071,0,289,0.4095,736.3,699,0,0.011745,0.375462,-15.467735,397000,4733.6
398,1000,352.8524,27,0.54,,0,4,9,1.7854,3,660,0.567,744.7,734,0,0.011774,0.468812,-15.81045,398000,4745.3
399,1000,250.0046,22,0.44,,0,4,8,1.5,2,1613,0.5905,1073.5,903,0,0.011487,0.269984,-14.459755,399000,4757.4
400,1000,278.5193,25,0.5,,0,3,9,2.3848,2,1443,0.585,697.6,990,0,0.011843,0.571978,-14.715475,400000,4769.8
401,1000,290.2355,25,0.5,,0,3,9,2.7726,2,1107,0.5288,786.8,985,0,0.011944,0.348008,-14.5238,401000,4798.4
402,1000,272.2271,23,0.46,,0,4,8,1.479,2,1209,0.523,691.4,763,0,0.011868,0.660194,-14.044166,402000,4811.1
403,1000,191.3648,18,0.36,,0,4,5,0.5,1,484,0.3807,669.3,352,0,0.011799,0.390181,-14.417681,403000,4822.3
404,1000,183.7432,19,0.38,,0,4,7,1.299,1,1441,0.5052,793.0,788,0,0.011979,0.991944,-14.380052,404000,4835.4
405,1000,398.3096,28,0.56,,0,5,9,1.4142,4,1268,0.6225,798.5,904,0,0.012147,0.182996,-14.464466,405000,4847.9
406,1000,130.2387,16,0.32,,0,3,5,0.7071,1,2459,0.5415,848.5,201,0,0.011992,0.415601,-14.221365,406000,4860.0
407,1000,262.6608,23,0.46,,0,3,8,2.2776,2,1230,0.5573,819.3,994,0,0.01215,0.455869,-13.604527,407000,4872.3
408,1000,176.9298,19,0.38,,0,2,7,1.7854,1,2196,0.5637,646.0,750,0,0.012015,0.493399,-13.51834,408000,4883.7
409,1000,294.0831,26,0.52,,0,4,9,2.5,2,1542,0.6402,854.3,705,0,0.012328,0.594522,-13.871387,409000,4895.9
410,1000,177.182,20,0.4,,0,3,8,1.8708,1,2024,0.6777,771.5,972,0,0.012035,0.56522,-14.140557,410000,4907.7
411,1000,186.9485,19,0.38,,0,4,5,0.433,1,1162,0.4208,928.0,675,0,0.012059,1.31733,-13.934072,411000,4918.8
412,1000,210.6317,18,0.36,,0,3,5,0.866,2,1549,0.5225,843.3,292,0,0.012152,0.416938,-14.042457,412000,4930.3
413,1000,223.5035,22,0.44,,0,4,8,1.5,1,1299,0.5025,886.8,839,0,0.01198,0.899572,-13.743439,413000,4941.8
414,1000,142.3947,16,0.32,,0,3,5,0.7071,1,1880,0.398,753.0,258,0,0.011907,0.308661,-14.312197,414000,4954.8
415,1000,113.5529,14,0.28,,0,2,5,1.118,1,2380,0.4587,714.6,137,0,0.012167,0.961432,-14.244841,415000,4966.3
416,1000,102.3699,15,0.3,,0,2,7,2.0463,1,2944,0.6122,917.6,994,0,0.011694,0.4024,-14.608997,416000,4978.9
417,1000,306.9694,24,0.48,,0,4,8,1.4142,3,1108,0.5292,826.0,982,0,0.011703,0.721649,-13.727633,417000,4990.3
418,1000,296.5939,26,0.52,,0,4,9,2.0616,2,1737,0.575,877.5,1000,0,0.011716,0.594505,-13.768723,418000,5002.3
419,1000,281.6763,22,0.44,,0,4,7,1.118,3,1686,0.5042,835.9,841,0,0.01157,0.581055,-14.322472,419000,5013.7
420,1000,191.4968,18,0.36,,0,3,7,1.6583,2,2320,0.673,820.6,612,0,0.011413,0.393952,-14.821955,420000,5025.7
421,1000,235.8239,23,0.46,,0,4,9,1.9203,1,1134,0.455,847.0,985,0,0.011481,0.389782,-14.787727,421000,5037.1
422,1000,222.0192,22,0.44,,0,5,7,0.866,1,1785,0.6955,783.6,937,0,0.01128,0.423018,-13.187723,422000,5049.4
423,1000,352.7213,27,0.54,,0,5,10,2.0463,3,1202,0.5397,854.8,864,0,0.010962,0.632438,-14.093895,423000,5061.2
424,1000,288.8338,23,0.46,,0,4,8,1.479,3,1623,0.4415,789.7,689,0,0.01118,0.403175,-14.228394,424000,5072.5
425,1000,160.8554,19,0.38,,0,4,5,0.433,0,1607,0.528,834.5,768,0,0.011424,0.564593,-13.794065,425000,5085.2
426,1000,155.6329,17,0.34,,0,3,6,1.299,1,2073,0.6535,911.9,761,0,0.011213,0.329682,-13.797398,426000,5097.8
427,1000,162.0763,18,0.36,,0,3,7,1.6583,1,2327,0.6242,929.0,880,0,0.011232,0.459703,-13.641222,427000,5109.7
428,1000,240.0993,21,0.42,,0,3,7,1.479,2,1494,0.5545,877.9,923,0,0.010842,0.374382,-13.224549,428000,5122.2
429,1000,226.4662,20,0.4,,0,4,7,1.2247,2,1585,0.5158,837.8,819,0,0.010577,0.539817,-14.323619,429000,5133.9
430,1000,204.0799,22,0.44,,0,4,9,2.0616,1,2133,0.6212,776.5,884,0,0.010819,0.662671,-14.43446,430000,5146.1
431,1000,231.8894,22,0.44,,0,5,6,0.5,2,2481,0.671,914.4,671,0,0.010925,0.35813,-13.484162,431000,5158.2
432,1000,304.8104,25,0.5,,0,4,8,1.479,3,2009,0.5523,845.9,956,0,0.01111,0.567277,-13.799212,432000,5170.1
433,1000,153.1709,17,0.34,,0,2,5,1.299,1,2301,0.5108,869.6,417,0,0.010805,0.270266,-13.564877,433000,5182.2
434,1000,90.7343,14,0.28,,0,3,4,0.5,0,1808,0.6,663.9,900,0,0.010985,0.517403,-14.834338,434000,5193.9
435,1000,183.9605,19,0.38,,0,3,7,1.479,1,1536,0.4745,662.9,953,0,0.010705,0.279887,-13.628901,435000,5205.9
436,1000,277.4661,24,0.48,,0,4,10,2.3452,2,1497,0.659,991.0,718,0,0.010834,0.615239,-13.937687,436000,5217.5
437,1000,194.0308,20,0.4,,0,3,7,1.4142,1,1685,0.591,711.8,833,0,0.010802,0.766095,-13.436237,437000,5229.6
438,1000,283.8148,25,0.5,,0,4,10,2.2776,2,1466,0.546,850.9,768,0,0.010707,0.467607,-14.69607,438000,5241.2
439,1000,331.489,27,0.54,,0,4,9,2.2776,3,1705,0.5625,777.6,886,0,0.010742,0.759062,-14.686804,439000,5252.7
440,1000,261.5301,24,0.48,,0,5,9,1.7321,2,1772,0.5887,787.5,879,0,0.010868,0.415383,-14.249706,440000,5264.2
441,1000,222.8917,21,0.42,,0,4,7,1.299,2,1853,0.6372,955.7,926,0,0.010994,0.946803,-13.919839,441000,5275.6
442,1000,190.6512,20,0.4,,0,3,8,1.8708,1,1864,0.5867,734.2,784,0,0.010811,0.62425,-14.150433,442000,5287.3
443,1000,208.4308,18,0.36,,0,2,6,1.5,2,1606,0.357,698.8,993,0,0.010807,0.54735,-13.657539,443000,5298.3
444,1000,337.0806,26,0.52,,0,5,9,1.6583,3,1313,0.534,816.9,866,0,0.011007,0.645495,-13.620951,444000,5308.4
445,1000,115.4197,16,0.32,,0,2,5,1.2247,0,1864,0.5315,582.5,167,0,0.010956,0.250362,-13.480258,445000,5319.7
446,1000,129.6314,17,0.34,,0,4,5,0.433,0,978,0.431,681.0,442,0,0.010951,0.385565,-14.058781,446000,5331.0
447,1000,178.0096,18,0.36,,0,4,5,0.5,1,1059,0.4295,742.0,738,0,0.010898,0.351111,-14.171471,447000,5343.1
448,1000,334.2668,27,0.54,,0,5,9,1.7854,3,1513,0.6148,806.1,986,0,0.010834,0.268504,-14.071495,448000,5355.3
449,1000,204.6321,18,0.36,,0,4,5,0.5,2,1402,0.4467,751.5,292,0,0.010904,0.443599,-13.714734,449000,5366.9
450,1000,176.4642,18,0.36,,0,3,6,1.118,2,2681,0.6412,674.3,984,0,0.010979,0.301577,-13.739197,450000,5378.7
451,1000,302.9796,24,0.48,,0,5,8,1.2247,3,1436,0.5825,1027.0,987,0,0.01101,0.640661,-13.019139,451000,5405.9
452,1000,282.9772,24,0.48,,0,4,10,2.3452,2,1188,0.4883,963.3,779,0,0.010991,0.624471,-13.915869,452000,5417.4
453,1000,256.244,22,0.44,,0,4,7,1.118,2,1426,0.5853,793.6,770,0,0.010858,0.585563,-14.325764,453000,5428.8
454,1000,283.4673,22,0.44,,0,4,8,1.5,3,1607,0.6328,937.8,886,0,0.010846,0.354075,-13.704067,454000,5440.8
455,1000,249.8066,22,0.44,,0,5,7,0.866,2,1535,0.62,754.2,937,0,0.010939,0.689409,-13.691675,455000,5452.5
456,1000,218.2465,20,0.4,,0,4,6,0.7071,2,1991,0.5783,699.0,542,0,0.011349,0.354897,-14.238836,456000,5464.4
457,1000,214.647,21,0.42,,0,4,7,1.299,2,2358,0.6935,931.0,559,0,0.011201,0.660617,-14.037544,457000,5476.1
458,1000,209.4712,19,0.38,,0,4,6,0.8292,2,1847,0.645,865.3,822,0,0.01149,0.385265,-13.651601,458000,5487.9
459,1000,192.3886,18,0.36,,0,4,5,0.5,2,2337,0.6478,893.0,610,0,0.011581,0.347234,-13.584527,459000,5500.2
460,1000,165.9257,18,0.36,,0,3,5,0.866,1,2184,0.673,1073.5,995,0,0.011612,0.871219,-13.488895,460000,5511.7
461,1000,327.9013,24,0.48,,0,5,7,1.0,4,1916,0.5777,926.1,977,0,0.011595,0.213865,-13.141076,461000,5522.7
462,1000,195.2842,20,0.4,,0,4,8,1.7321,1,1053,0.5042,689.3,959,0,0.011637,0.441573,-13.702722,462000,5534.5
463,1000,401.7322,29,0.58,,0,3,10,2.681,4,890,0.5675,914.5,944,0,0.011719,0.51027,-13.176069,463000,5545.6
464,1000,197.5407,21,0.42,,0,4,7,1.0897,1,2171,0.5715,949.9,849,0,0.011801,0.424461,-14.102932,464000,5557.4
465,1000,243.3743,21,0.42,,0,4,6,0.8292,2,1465,0.497,775.1,876,0,0.011806,0.770454,-14.024508,465000,5569.7
466,1000,199.4907,21,0.42,,0,4,8,1.6394,1,1470,0.656,767.5,810,0,0.01195,0.462941,-13.025969,466000,5581.4
467,1000,171.9418,18,0.36,,0,3,7,1.6583,1,1660,0.528,869.4,896,0,0.011805,0.695741,-14.040628,467000,5592.6
468,1000,245.2956,20,0.4,,0,3,7,1.4142,2,1165,0.3703,694.7,986,0,0.011679,0.539658,-13.576322,468000,5604.0
469,1000,257.386,23,0.46,,0,5,7,0.8292,2,1619,0.5687,911.4,999,0,0.011688,0.753657,-13.266086,469000,5616.3
470,1000,325.6219,25,0.5,,0,5,9,1.6394,3,1496,0.5347,877.1,981,0,0.011537,0.359022,-12.731891,470000,5628.7
471,1000,317.2552,24,0.48,,0,5,7,1.0,3,1162,0.5647,850.2,966,0,0.01151,0.592222,-13.021099,471000,5640.0
472,1000,254.08,23,0.46,,0,3,11,3.1125,2,1649,0.6422,855.6,960,0,0.011611,0.451484,-13.554766,472000,5651.2
473,1000,184.6006,19,0.38,,0,4,5,0.433,1,1672,0.525,890.6,311,0,0.011589,0.39191,-14.205707,473000,5662.8
474,1000,350.9336,26,0.52,,0,6,7,0.5,4,2017,0.6018,804.7,798,0,0.011772,0.347948,-13.028141,474000,5674.5
475,1000,333.9509,26,0.52,,0,4,10,2.2913,3,1048,0.6462,841.7,803,0,0.011489,0.275033,-12.611221,475000,5686.0
476,1000,211.7904,21,0.42,,0,3,9,2.2776,1,885,0.4915,691.7,594,0,0.011917,0.313226,-12.656761,476000,5697.7
477,1000,270.0862,22,0.44,,0,3,7,1.5,3,2238,0.651,856.5,867,0,0.011934,0.773064,-12.533873,477000,5709.7
478,1000,257.5556,24,0.48,,0,5,7,1.0,2,1986,0.5992,951.8,989,0,0.012101,0.42833,-12.859588,478000,5721.6
479,1000,344.4717,27,0.54,,0,5,9,1.7854,3,1053,0.622,834.1,932,0,0.012158,0.238406,-12.431606,479000,5734.1
480,1000,365.0337,29,0.58,,0,5,9,1.479,3,745,0.4763,875.1,999,0,0.012036,0.41201,-12.916431,480000,5745.7
481,1000,171.1889,17,0.34,,0,4,5,0.433,1,924,0.4133,821.8,918,0,0.012088,0.876421,-12.618576,481000,5757.1
482,1000,292.5646,22,0.44,,0,4,8,1.5,3,1063,0.6615,816.0,627,0,0.012314,0.468311,-12.545502,482000,5769.0
483,1000,240.793,19,0.38,,0,4,6,0.8292,2,521,0.4113,623.5,863,0,0.011841,0.381403,-12.4797,483000,5779.9
484,1000,251.3021,22,0.44,,0,4,8,1.5,2,1368,0.5747,851.2,867,0,0.011876,0.760082,-12.155696,484000,5791.4
485,1000,255.5678,22,0.44,,0,5,7,0.866,2,1419,0.4642,732.1,921,0,0.012102,0.647522,-12.615801,485000,5803.6
486,1000,234.0023,22,0.44,,0,4,7,1.118,2,2185,0.597,971.3,389,0,0.012141,0.408778,-13.242254,486000,5815.2
487,1000,240.1616,23,0.46,,0,3,10,2.586,1,719,0.4313,707.2,868,0,0.011976,0.345249,-13.151321,487000,5826.9
488,1000,325.0051,26,0.52,,0,5,9,1.6583,3,1925,0.6195,793.5,958,0,0.011957,0.293441,-12.624819,488000,5838.8
489,1000,337.7214,27,0.54,,0,5,10,2.0463,3,1480,0.5497,824.1,943,0,0.011884,0.324057,-12.387916,489000,5850.0
490,1000,254.8533,21,0.42,,0,4,7,1.299,2,617,0.5238,736.0,660,0,0.011853,0.307604,-13.00832,490000,5861.7
491,1000,233.395,22,0.44,,0,4,7,1.118,2,2182,0.675,950.6,945,0,0.012189,0.63817,-13.316149,491000,5873.0
492,1000,241.2646,21,0.42,,0,4,7,1.0897,2,1974,0.654,976.5,988,0,0.012137,0.679335,-13.198787,492000,5884.6
493,1000,316.619,26,0.52,,0,5,10,2.0616,3,1821,0.614,930.4,978,0,0.012185,0.531107,-12.452681,493000,5896.7
494,1000,254.5375,22,0.44,,0,5,7,0.866,2,1584,0.5135,706.9,620,0,0.012573,0.279033,-11.842953,494000,5907.4
495,1000,327.722,25,0.5,,0,4,10,2.2776,3,1150,0.593,836.6,962,0,0.012884,0.614704,-12.275328,495000,5918.3
496,1000,184.5256,19,0.38,,0,4,5,0.433,1,1635,0.5345,888.9,789,0,0.012838,0.710836,-12.204315,496000,5930.1
497,1000,243.9952,22,0.44,,0,3,9,2.1794,2,1954,0.6695,940.3,967,0,0.013163,0.447445,-11.856575,497000,5941.6
498,1000,406.0758,30,0.6,,0,6,8,0.866,4,1228,0.6062,1006.9,783,0,0.013347,0.515634,-12.578317,498000,5952.9
499,1000,323.1911,25,0.5,,0,4,9,1.7854,3,1158,0.6072,996.4,882,0,0.013201,0.411972,-11.415712,499000,5964.7
500,1000,258.1282,21,0.42,,0,5,6,0.433,3,2484,0.6538,916.1,741,0,0.012982,0.665529,-13.047731,500000,5976.2
501,1000,154.2597,16,0.32,,0,2,7,1.8708,1,1557,0.4963,876.0,655,0,0.013244,0.50634,-11.828423,501000,6003.8
502,1000,358.6844,28,0.56,,0,3,10,2.5495,3,1249,0.6082,1005.9,956,0,0.013138,0.303217,-12.466387,502000,6015.6
503,1000,224.0046,20,0.4,,0,1,9,2.9155,2,1550,0.527,703.8,980,0,0.013005,0.468465,-11.753523,503000,6027.6
504,1000,177.6312,19,0.38,,0,2,7,1.7854,1,1981,0.6078,695.2,723,0,0.013014,0.448278,-12.363377,504000,6039.0
505,1000,248.6449,24,0.48,,0,3,10,2.5495,2,2394,0.6957,856.8,802,0,0.013051,0.398996,-12.131922,505000,6050.7
506,1000,266.0189,23,0.46,,0,3,8,1.9203,2,1359,0.4575,871.2,905,0,0.013037,0.602513,-12.976224,506000,6062.3
507,1000,326.3544,26,0.52,,0,5,8,1.118,3,1793,0.6452,944.3,822,0,0.012973,0.409741,-12.392895,507000,6073.5
508,1000,341.3129,26,0.52,,0,5,9,1.6583,3,877,0.4155,736.2,991,0,0.012996,0.960928,-11.923586,508000,6085.0
509,1000,322.1032,23,0.46,,0,5,7,0.8292,4,1772,0.6105,836.5,959,0,0.012946,0.25562,-11.849686,509000,6097.1
510,1000,261.2319,21,0.42,,0,5,6,0.433,3,2322,0.5903,938.4,464,0,0.013287,0.461267,-10.859783,510000,6108.7
511,1000,379.6364,27,0.54,,0,5,8,1.0897,4,1265,0.6225,916.3,918,0,0.01329,0.408827,-11.354328,511000,6119.8
512,1000,121.312,14,0.28,,0,1,6,1.8028,1,2082,0.4993,826.7,980,0,0.01311,0.716985,-11.701921,512000,6131.9
513,1000,192.9403,18,0.36,,0,4,5,0.5,1,757,0.5295,709.2,976,0,0.013123,0.567979,-11.650885,513000,6143.2
514,1000,183.5553,20,0.4,,0,4,7,1.2247,1,1853,0.5955,924.8,649,0,0.013464,0.591367,-12.122124,514000,6154.4
515,1000,120.2836,15,0.3,,0,2,5,1.299,1,2746,0.562,896.8,210,0,0.013119,0.759511,-12.422977,515000,6166.5
516,1000,218.1993,20,0.4,,0,3,7,1.4142,2,2096,0.577,901.7,877,0,0.013228,0.388809,-12.122997,516000,6178.3
517,1000,176.9102,18,0.36,,0,3,7,1.5,1,928,0.4138,815.7,991,0,0.013446,0.430186,-12.283783,517000,6189.9
518,1000,86.6644,16,0.32,,0,2,5,1.2247,0,2880,0.7202,971.2,508,0,0.013325,0.437031,-12.320901,518000,6202.0
519,1000,232.0859,22,0.44,,0,4,7,1.118,2,2214,0.651,872.3,911,0,0.0133,0.404013,-11.344494,519000,6213.6
520,1000,177.3906,19,0.38,,0,4,5,0.433,1,1792,0.4412,806.6,973,0,0.013357,0.431963,-11.835348,520000,6225.6
521,1000,406.1668,31,0.62,,0,5,10,1.7854,4,1791,0.5507,908.4,990,0,0.013446,0.761473,-12.113436,521000,6237.5
522,1000,110.4118,16,0.32,,0,2,5,1.2247,0,2239,0.4768,736.5,999,0,0.013859,0.490648,-12.822475,522000,6249.6
523,1000,252.1699,23,0.46,,0,4,8,1.7854,2,1583,0.6548,1073.5,502,0,0.01382,0.336292,-11.922134,523000,6261.9
524,1000,222.0921,20,0.4,,0,4,7,1.2247,2,1564,0.6178,679.5,477,0,0.013536,0.36591,-12.364227,524000,6274.1
525,1000,201.6822,20,0.4,,0,4,6,1.0,2,2635,0.679,888.7,505,0,0.013426,0.355676,-11.565196,525000,6286.3
526,1000,274.5607,23,0.46,,0,4,8,1.7854,2,942,0.431,870.4,978,0,0.01354,0.676596,-12.350965,526000,6298.1
527,1000,270.1967,22,0.44,,0,3,9,2.1794,3,2054,0.644,697.0,470,0,0.013786,0.463377,-12.156743,527000,6309.7
528,1000,289.6954,25,0.5,,0,4,10,2.2776,2,1483,0.587,909.3,768,0,0.01365,0.360678,-12.479586,528000,6321.3
529,1000,162.1044,17,0.34,,0,3,6,1.0897,1,1557,0.4303,757.9,937,0,0.013312,0.991092,-12.250069,529000,6332.8
530,1000,250.6034,20,0.4,,0,4,6,0.7071,3,2260,0.6325,885.2,388,0,0.013643,0.700455,-12.075628,530000,6344.4
531,1000,268.2212,22,0.44,,0,5,7,0.866,3,2222,0.6793,1046.5,563,0,0.013608,0.417805,-12.425083,531000,6356.5
532,1000,235.9057,22,0.44,,0,4,8,1.6583,2,2025,0.637,869.3,689,0,0.013485,0.39798,-11.981073,532000,6368.3
533,1000,184.7909,21,0.42,,0,3,9,2.2776,1,2227,0.6532,735.6,994,0,0.013317,0.259068,-12.134471,533000,6380.1
534,1000,245.4536,22,0.44,,0,4,7,1.118,2,1645,0.4698,793.1,513,0,0.013068,0.413926,-11.734546,534000,6391.9
535,1000,244.1965,24,0.48,,0,4,10,2.3452,2,2542,0.6825,886.4,992,0,0.01321,1.179546,-12.111766,535000,6403.9
536,1000,216.2047,20,0.4,,0,3,8,1.8708,2,2115,0.5985,984.9,843,0,0.013196,0.577895,-11.465683,536000,6415.4
537,1000,172.2928,18,0.36,,0,2,7,1.8028,2,2773,0.677,693.6,379,0,0.013181,0.247138,-12.826728,537000,6427.9
538,1000,317.3439,25,0.5,,0,3,9,2.3848,3,1631,0.6275,762.4,967,0,0.013245,0.45216,-12.064921,538000,6439.8
539,1000,293.1874,23,0.46,,0,4,8,1.479,3,1619,0.5763,741.6,996,0,0.013346,0.225741,-11.793711,539000,6452.0
540,1000,233.7468,22,0.44,,0,4,7,1.118,2,2225,0.6817,798.6,784,0,0.013473,0.577173,-11.575299,540000,6464.3
541,1000,102.0844,14,0.28,,0,1,5,1.5,0,1450,0.403,659.9,415,0,0.013315,0.306296,-12.24529,541000,6476.6
542,1000,179.5576,18,0.36,,0,4,5,0.5,1,1207,0.45,728.1,800,0,0.01351,0.601766,-11.932085,542000,6488.5
543,1000,263.9392,21,0.42,,0,5,6,0.433,3,1949,0.6052,708.9,876,0,0.013421,0.588841,-11.682505,543000,6500.4
544,1000,184.6006,20,0.4,,0,4,8,1.7321,1,1866,0.6002,790.9,905,0,0.013674,0.462537,-12.071408,544000,6510.7
545,1000,254.9061,22,0.44,,0,4,7,1.118,2,1574,0.507,732.2,906,0,0.013714,0.436819,-11.42637,545000,6522.2
546,1000,261.7751,24,0.48,,0,5,8,1.2247,2,1723,0.621,821.4,845,0,0.013464,0.429454,-12.621888,546000,6533.8
547,1000,349.8403,28,0.56,,0,4,10,2.1213,3,1511,0.6142,799.2,920,0,0.013621,0.393617,-12.108267,547000,6545.7
548,1000,233.0968,22,0.44,,0,5,6,0.5,2,1968,0.5883,695.9,738,0,0.013536,0.334239,-12.472467,548000,6558.0
549,1000,262.9116,21,0.42,,0,3,8,1.7854,3,1799,0.5507,735.5,999,0,0.013488,0.497316,-11.961952,549000,6569.2
550,1000,214.7293,18,0.36,,0,3,5,0.866,2,1466,0.614,856.7,889,0,0.013572,0.538226,-12.085464,550000,6580.9
551,1000,238.7517,21,0.42,,0,4,7,1.0897,2,1297,0.4713,796.6,833,0,0.01321,0.951061,-11.706477,551000,6607.7
552,1000,258.5486,24,0.48,,0,4,9,1.8708,2,1822,0.4708,945.5,926,0,0.013212,0.273616,-11.536992,552000,6619.8
553,1000,290.1958,26,0.52,,0,4,9,2.0616,2,1532,0.641,753.8,956,0,0.013415,0.552698,-11.978068,553000,6631.0
554,1000,260.9317,21,0.42,,0,3,7,1.479,3,1927,0.5178,852.4,822,0,0.013089,0.482873,-11.556512,554000,6642.4
555,1000,193.6546,20,0.4,,0,4,6,0.7071,1,1999,0.6763,720.7,661,0,0.013343,0.497707,-11.742603,555000,6654.4
556,1000,195.5279,19,0.38,,0,2,6,1.6394,2,2445,0.6205,925.4,746,0,0.013332,0.59615,-12.581612,556000,6665.8
557,1000,218.802,20,0.4,,0,4,6,0.7071,2,1854,0.6235,914.3,544,0,0.013131,0.283301,-11.846938,557000,6677.3
558,1000,260.3191,21,0.42,,0,4,7,1.0897,3,2160,0.6292,800.6,799,0,0.012961,0.564431,-11.706842,558000,6690.1
559,1000,323.6448,29,0.58,,0,4,10,2.7726,2,1471,0.5643,929.0,985,0,0.012922,0.631234,-12.637913,559000,6701.5
560,1000,170.1087,19,0.38,,0,4,6,0.8292,1,1811,0.5873,866.5,640,0,0.012846,0.698485,-11.791265,560000,6712.9
561,1000,189.3187,20,0.4,,0,5,5,0.0,1,2149,0.6873,975.1,593,0,0.012882,0.55503,-11.417465,561000,6725.8
562,1000,240.7618,21,0.42,,0,5,6,0.433,2,1817,0.5643,754.3,764,0,0.013009,0.796221,-11.870117,562000,6737.6
563,1000,232.7964,20,0.4,,0,4,7,1.2247,2,1166,0.422,898.9,954,0,0.012806,0.312971,-12.148194,563000,6749.5
564,1000,208.5645,20,0.4,,0,3,7,1.4142,1,1458,0.5337,863.2,790,0,0.012935,0.285759,-11.923702,564000,6761.0
565,1000,77.2379,13,0.26,,0,1,5,1.7854,0,2190,0.6673,864.7,473,0,0.012956,0.420083,-11.737011,565000,6773.3
566,1000,289.4075,22,0.44,,0,4,7,1.118,3,1599,0.5633,965.8,996,0,0.012776,0.602605,-10.759283,566000,6784.6
567,1000,243.9392,22,0.44,,0,3,9,2.2913,2,1568,0.6895,703.5,915,0,0.012872,0.272885,-11.739634,567000,6795.7
568,1000,289.3173,25,0.5,,0,4,10,2.2776,2,1373,0.5222,802.0,468,0,0.012817,0.547849,-11.801775,568000,6807.5
569,1000,227.9383,22,0.44,,0,3,9,2.1794,1,1236,0.5055,859.1,622,0,0.012856,0.556845,-12.737361,569000,6819.6
570,1000,258.7989,23,0.46,,0,4,9,1.9203,2,1468,0.5777,756.5,780,0,0.012889,0.844716,-10.845971,570000,6832.0
571,1000,179.6822,18,0.36,,0,4,5,0.5,1,709,0.506,667.9,556,0,0.0127,0.365581,-11.188702,571000,6843.5
572,1000,287.4539,25,0.5,,0,4,10,2.2776,2,1761,0.5843,921.0,870,0,0.012506,0.492023,-10.919146,572000,6855.7
573,1000,228.7268,22,0.44,,0,3,8,1.8028,2,2343,0.5637,777.8,902,0,0.012604,0.370916,-11.631727,573000,6867.9
574,1000,254.7726,22,0.44,,0,5,7,0.866,2,1545,0.4705,897.5,691,0,0.012012,0.29257,-11.628571,574000,6879.7
575,1000,177.3205,18,0.36,,0,4,5,0.5,1,1390,0.4815,758.5,656,0,0.012044,0.349689,-11.75498,575000,6891.0
576,1000,376.0157,28,0.56,,0,5,9,1.5811,4,1837,0.6218,778.3,962,0,0.012016,0.275149,-11.737122,576000,6902.9
577,1000,238.2482,21,0.42,,0,2,8,2.7726,2,1592,0.6655,900.3,993,0,0.01151,0.255863,-12.021263,577000,6914.6
578,1000,353.8366,28,0.56,,0,5,9,1.4142,3,963,0.3588,886.3,984,0,0.011793,0.411307,-12.744972,578000,6925.4
579,1000,305.2628,22,0.44,,0,4,7,1.118,3,894,0.4915,812.3,984,0,0.011749,0.591046,-12.271749,579000,6937.3
580,1000,279.9153,22,0.44,,0,3,7,1.5,3,1821,0.5235,895.9,929,0,0.011957,0.360693,-11.364818,580000,6948.8
581,1000,251.3433,20,0.4,,0,3,6,1.2247,3,1875,0.6125,942.8,831,0,0.0118,0.288026,-11.935801,581000,6961.0
582,1000,200.668,19,0.38,,0,2,7,1.7854,2,2216,0.6675,1048.0,577,0,0.01172,0.639716,-11.260275,582000,6973.0
583,1000,72.4431,12,0.24,,0,2,5,1.2247,0,1771,0.7228,1073.5,161,0,0.011553,0.455902,-11.268692,583000,6984.4
584,1000,58.9051,14,0.28,,0,3,5,0.866,0,3246,0.7232,1067.5,547,0,0.011741,0.441119,-12.073608,584000,6997.0
585,1000,281.5586,23,0.46,,0,5,7,0.8292,3,1971,0.5292,780.0,706,0,0.011572,0.420442,-11.193287,585000,7008.6
586,1000,302.4744,22,0.44,,0,5,7,0.866,4,2177,0.6535,882.9,987,0,0.011635,0.600965,-11.884787,586000,7020.4
587,1000,229.3266,21,0.42,,0,4,6,0.8292,2,2089,0.545,654.7,993,0,0.011516,0.277582,-12.369698,587000,7033.1
588,1000,299.4316,24,0.48,,0,4,8,1.4142,3,1700,0.5713,954.2,874,0,0.011808,0.40922,-11.67403,588000,7045.2
589,1000,296.6666,22,0.44,,0,3,8,1.8028,3,668,0.3765,626.9,852,0,0.01146,0.333057,-11.25066,589000,7056.7
590,1000,203.2573,19,0.38,,0,4,5,0.433,2,1918,0.665,784.6,914,0,0.011577,0.370143,-11.933664,590000,7069.3
591,1000,176.9377,17,0.34,,0,4,5,0.433,1,698,0.384,623.4,468,0,0.01153,0.406512,-12.212992,591000,7081.1
592,1000,250.6461,23,0.46,,0,3,9,2.1651,2,2242,0.608,747.7,839,0,0.011188,0.526085,-12.607463,592000,7092.7
593,1000,267.554,20,0.4,,0,4,6,0.7071,3,1350,0.4733,617.8,827,0,0.011277,0.497038,-11.796892,593000,7104.0
594,1000,103.2123,16,0.32,,0,3,5,1.0,0,2515,0.5755,679.7,286,0,0.011227,0.451897,-11.12402,594000,7114.5
595,1000,307.5976,25,0.5,,0,5,9,1.6394,3,2041,0.6775,1073.5,559,0,0.011362,0.691955,-11.779745,595000,7125.9
596,1000,227.5026,21,0.42,,0,4,6,0.8292,2,1970,0.6518,726.3,872,0,0.011322,0.608086,-11.960115,596000,7138.0
597,1000,297.749,26,0.52,,0,4,10,2.2913,2,965,0.4923,704.1,812,0,0.011355,0.274006,-11.738813,597000,7150.1
598,1000,284.4388,21,0.42,,0,4,7,1.0897,3,1454,0.5585,935.8,881,0,0.011219,0.727543,-11.601115,598000,7162.5
599,1000,285.9969,24,0.48,,0,3,10,2.5495,2,1495,0.6328,969.5,919,0,0.011203,0.603273,-11.882675,599000,7174.3
600,1000,196.4551,19,0.38,,0,2,7,1.7854,2,2470,0.6472,597.9,986,0,0.011396,0.596655,-11.518285,600000,7185.5
601,1000,22.7181,10,0.2,,1,0,4,1.5,0,2958,0.7107,771.6,462,0,0.011378,0.565976,-12.339814,601000,7214.0
602,1000,362.7952,26,0.52,,0,5,8,1.118,4,1550,0.6345,775.5,921,0,0.011183,0.361247,-12.06269,602000,7225.1
603,1000,163.8565,17,0.34,,0,2,5,1.299,1,1410,0.5948,779.9,974,0,0.011334,0.434538,-12.148166,603000,7237.0
604,1000,343.3911,28,0.56,,0,4,9,1.8708,3,1526,0.6382,830.7,994,0,0.011058,0.428738,-10.873772,604000,7248.5
605,1000,400.8495,29,0.58,,0,5,9,1.479,4,995,0.5437,809.4,831,0,0.011355,0.468872,-11.869485,605000,7260.7
606,1000,265.8321,21,0.42,,0,3,7,1.479,3,2095,0.6278,870.5,901,0,0.01139,0.261875,-11.408758,606000,7272.3
607,1000,23.7162,11,0.22,,0,2,5,1.299,0,3324,0.7238,1073.5,136,0,0.011399,0.657155,-11.711586,607000,7284.0
608,1000,232.03,21,0.42,,0,4,6,0.8292,2,1440,0.6105,643.1,944,0,0.011448,0.278721,-11.691813,608000,7296.5
609,1000,45.4072,12,0.24,,0,1,5,1.5811,0,3134,0.7252,895.4,627,0,0.011031,0.200832,-12.356422,609000,7308.7
610,1000,318.2973,26,0.52,,0,5,10,2.0616,3,2013,0.6915,789.6,773,0,0.011122,0.509229,-12.461956,610000,7320.2
611,1000,222.1962,19,0.38,,0,4,5,0.433,2,1747,0.499,952.1,382,0,0.011029,0.283134,-10.648287,611000,7332.2
612,1000,35.5901,11,0.22,,0,2,4,0.8292,0,2853,0.7133,981.3,542,0,0.01082,0.324571,-12.799468,612000,7343.8
613,1000,185.0482,21,0.42,,0,4,8,1.6394,1,2440,0.665,819.3,475,0,0.010748,0.347054,-12.814463,613000,7355.1
614,1000,242.5768,22,0.44,,0,2,9,2.5,2,1618,0.5723,807.5,840,0,0.010833,0.379806,-12.681628,614000,7367.0
615,1000,276.9797,21,0.42,,0,4,6,0.8292,3,1355,0.412,662.0,944,0,0.010716,0.263825,-11.987953,615000,7378.3
616,1000,164.8795,17,0.34,,0,3,5,0.8292,1,1654,0.4213,601.1,191,0,0.010687,0.480762,-12.783871,616000,7389.5
617,1000,184.6419,20,0.4,,0,5,5,0.0,1,2477,0.6737,860.6,924,0,0.010631,0.444438,-12.079626,617000,7402.0
618,1000,367.416,30,0.6,,0,4,10,2.2913,3,1670,0.6025,981.9,992,0,0.010812,0.335636,-12.666094,618000,7414.1
619,1000,62.4186,13,0.26,,0,2,5,1.299,0,2545,0.7218,1073.5,936,0,0.011052,0.314271,-11.98116,619000,7427.0
620,1000,328.7283,26,0.52,,0,4,9,2.0616,3,1350,0.588,764.4,684,0,0.011062,0.393325,-12.978895,620000,7438.9
621,1000,297.4658,23,0.46,,0,4,7,1.0897,3,1210,0.5827,862.6,970,0,0.010975,0.602048,-12.217246,621000,7450.7
622,1000,333.6539,24,0.48,,0,5,8,1.2247,4,1842,0.6505,739.4,997,0,0.010999,0.473451,-12.493068,622000,7462.7
623,1000,290.4908,23,0.46,,0,4,8,1.479,3,1746,0.496,745.0,984,0,0.010987,0.2257,-11.663671,623000,7474.3
624,1000,313.4847,24,0.48,,0,5,7,1.0,3,1587,0.5783,885.7,1000,0,0.010749,0.266624,-12.135246,624000,7486.0
625,1000,361.0589,29,0.58,,0,4,10,2.7726,3,1878,0.626,924.7,839,0,0.010977,0.472952,-12.442074,625000,7498.2
626,1000,39.4654,11,0.22,,0,2,4,0.8292,0,2938,0.722,1073.5,87,0,0.010943,0.447713,-12.45232,626000,7510.4
627,1000,310.4558,25,0.5,,0,3,10,2.586,3,1609,0.598,759.9,886,0,0.011,0.378342,-11.730459,627000,7521.9
628,1000,363.5936,27,0.54,,0,5,10,1.9203,4,1268,0.568,723.3,920,0,0.010946,0.390257,-12.186778,628000,7533.7
629,1000,189.7828,19,0.38,,0,4,6,0.8292,1,1612,0.5202,815.1,924,0,0.010836,0.247957,-11.845788,629000,7545.1
630,1000,279.071,25,0.5,,0,4,9,1.9203,2,1525,0.5897,816.7,844,0,0.010939,0.419299,-12.251086,630000,7556.9
631,1000,133.2549,17,0.34,,0,2,5,1.299,1,3038,0.7095,880.3,276,0,0.010859,0.372775,-12.637564,631000,7570.0
632,1000,335.181,26,0.52,,0,4,10,2.2913,3,1252,0.6152,794.9,780,0,0.011088,0.311989,-12.179861,632000,7581.5
633,1000,215.8603,22,0.44,,0,4,8,1.5,1,1406,0.469,794.1,665,0,0.011196,0.262083,-12.723809,633000,7593.4
634,1000,334.4844,26,0.52,,0,4,9,1.8028,3,1251,0.6288,863.8,963,0,0.011044,0.452894,-12.912435,634000,7605.1
635,1000,379.9055,28,0.56,,0,5,9,1.5811,4,1614,0.6002,872.8,942,0,0.01115,0.536947,-11.874857,635000,7616.6
636,1000,179.2477,20,0.4,,0,4,7,1.2247,1,2158,0.687,862.0,997,0,0.011132,0.310611,-11.99806,636000,7629.0
637,1000,216.1683,21,0.42,,0,4,7,1.0897,2,2242,0.6683,1073.5,998,0,0.011048,0.454781,-12.09462,637000,7640.4
638,1000,312.8578,23,0.46,,0,4,9,1.9203,3,923,0.5255,845.9,587,0,0.011338,0.297304,-12.188653,638000,7652.0
639,1000,178.8615,18,0.36,,0,4,5,0.5,1,1087,0.4622,729.0,779,0,0.011127,0.290565,-12.437562,639000,7664.3
640,1000,245.9943,21,0.42,,0,3,9,2.2776,2,1366,0.5145,828.2,893,0,0.01107,0.252703,-11.697929,640000,7676.1
641,1000,349.9122,24,0.48,,0,5,7,1.0,4,1256,0.5805,735.4,992,0,0.01129,0.89611,-12.38949,641000,7688.6
642,1000,246.7892,22,0.44,,0,4,7,1.118,2,1574,0.6145,788.7,942,0,0.011418,0.69398,-12.122181,642000,7700.9
643,1000,308.0725,24,0.48,,0,4,8,1.5811,3,1541,0.5753,1016.0,927,0,0.011127,0.439726,-12.286831,643000,7711.4
644,1000,315.8329,24,0.48,,0,5,8,1.2247,3,1537,0.5547,805.7,961,0,0.011034,0.389467,-12.126597,644000,7722.6
645,1000,91.2886,17,0.34,,0,3,5,0.8292,0,3066,0.6512,739.7,726,0,0.011309,0.377433,-11.505033,645000,7735.0
646,1000,340.0392,27,0.54,,0,5,8,1.299,3,1636,0.6165,852.8,965,0,0.011321,0.431006,-11.880898,646000,7746.3
647,1000,138.2403,16,0.32,,0,2,5,1.2247,1,2206,0.5783,863.7,871,0,0.011125,0.322193,-11.540935,647000,7758.8
648,1000,215.1046,18,0.36,,0,4,5,0.5,2,1186,0.5635,664.8,492,0,0.011222,0.422137,-12.261904,648000,7770.2
649,1000,197.9367,21,0.42,,0,4,8,1.6394,1,1691,0.5753,659.2,986,0,0.010992,0.484329,-11.867022,649000,7781.2
650,1000,328.5231,26,0.52,,0,4,9,2.0616,3,1154,0.5132,734.9,916,0,0.011205,0.415684,-12.18683,650000,7792.4
651,1000,124.6353,16,0.32,,0,4,4,0.0,0,932,0.4903,614.9,210,0,0.010841,0.411081,-11.50557,651000,7819.9
652,1000,61.3611,16,0.32,,0,2,5,1.2247,0,3473,0.7242,1038.3,166,0,0.01105,0.521626,-12.738758,652000,7832.5
653,1000,252.2578,22,0.44,,0,4,8,1.5,2,1614,0.593,764.6,741,0,0.010827,0.332263,-11.233171,653000,7843.8
654,1000,224.6175,22,0.44,,0,4,8,1.5,1,1411,0.4665,877.5,862,0,0.010845,0.31902,-12.239851,654000,7854.8
655,1000,187.3671,21,0.42,,0,4,7,1.0897,1,2470,0.6953,887.6,980,0,0.010761,0.390116,-11.921015,655000,7866.7
656,1000,275.2082,22,0.44,,0,3,7,1.6583,3,1791,0.6593,879.1,735,0,0.010629,0.442344,-12.388594,656000,7878.5
657,1000,241.3315,21,0.42,,0,4,6,0.8292,2,1141,0.4095,714.8,532,0,0.010971,0.294319,-11.988337,657000,7890.7
658,1000,284.3525,23,0.46,,0,4,7,1.0897,3,1618,0.4615,811.1,963,0,0.010843,0.372546,-12.85172,658000,7902.3
659,1000,263.5512,20,0.4,,0,4,6,0.7071,3,1336,0.5913,893.6,930,0,0.010737,0.600283,-12.666767,659000,7913.8
660,1000,86.7745,15,0.3,,0,2,5,1.299,0,2661,0.7033,1023.5,906,0,0.010688,0.339236,-11.599373,660000,7926.0
661,1000,227.6348,20,0.4,,0,3,10,2.9155,2,1642,0.589,749.2,755,0,0.010753,1.110096,-12.33624,661000,7937.9
662,1000,227.5603,21,0.42,,0,3,7,1.479,2,1905,0.686,919.8,608,0,0.010814,0.38799,-11.824251,662000,7949.4
663,1000,168.4231,18,0.36,,0,3,5,0.866,1,1461,0.4945,616.0,967,0,0.011024,0.254545,-12.047503,663000,7961.2
664,1000,195.4333,21,0.42,,0,4,8,1.6394,1,1999,0.505,792.5,553,0,0.011066,0.318733,-12.461765,664000,7972.8
665,1000,225.7824,21,0.42,,0,4,8,1.6394,1,627,0.4118,731.1,847,0,0.010887,0.453441,-11.565516,665000,7983.9
666,1000,205.7785,18,0.36,,0,3,5,0.866,2,1720,0.5015,847.5,954,0,0.010984,0.855076,-12.830132,666000,7996.1
667,1000,242.3477,21,0.42,,0,3,8,1.9203,2,1238,0.5998,720.4,872,0,0.010922,0.457446,-12.049796,667000,8007.3
668,1000,259.8963,20,0.4,,0,4,6,0.7071,3,2136,0.6613,1007.8,987,0,0.010937,0.21155,-11.422512,668000,8018.7
669,1000,365.2453,26,0.52,,0,3,10,2.6926,4,1405,0.5423,770.0,945,0,0.011606,0.705466,-12.892589,669000,8030.8
670,1000,214.4196,19,0.38,,0,4,6,0.8292,2,1583,0.5365,725.8,572,0,0.011647,0.752099,-12.313075,670000,8042.1
671,1000,264.2591,24,0.48,,0,4,10,2.3452,2,1812,0.6195,907.2,579,0,0.011547,0.515953,-12.394462,671000,8053.4
672,1000,283.1576,22,0.44,,0,3,8,1.8028,3,1903,0.5697,766.4,908,0,0.011648,0.31569,-11.81863,672000,8065.7
673,1000,293.3636,23,0.46,,0,5,7,0.8292,3,1607,0.6515,922.6,940,0,0.011629,0.358765,-13.775574,673000,8077.6
674,1000,313.9379,25,0.5,,0,4,8,1.479,3,1285,0.6182,856.4,787,0,0.011444,0.636182,-13.129777,674000,8090.6
675,1000,218.8546,20,0.4,,0,4,6,0.7071,2,2322,0.642,973.7,654,0,0.011385,0.428732,-12.728543,675000,8102.4
676,1000,309.6984,27,0.54,,0,4,9,2.2776,2,1110,0.3955,803.7,524,0,0.011384,0.460164,-12.909094,676000,8113.8
677,1000,202.2569,21,0.42,,0,4,9,2.1651,1,1401,0.412,691.8,738,0,0.011887,0.238228,-12.076612,677000,8125.8
678,1000,253.3137,22,0.44,,0,4,7,1.118,2,1552,0.589,726.4,906,0,0.011551,0.272198,-12.193104,678000,8137.6
679,1000,284.9285,23,0.46,,0,4,8,1.479,3,1868,0.638,751.1,962,0,0.011559,0.442332,-11.575437,679000,8149.3
680,1000,280.52,22,0.44,,0,5,7,0.866,3,1728,0.5105,702.8,911,0,0.011395,0.415062,-11.872284,680000,8162.0
681,1000,230.7693,20,0.4,,0,4,6,1.0,2,1367,0.6605,929.5,546,0,0.011459,0.510954,-13.0501,681000,8173.8
682,1000,303.7479,25,0.5,,0,4,8,1.479,3,1949,0.5477,809.5,641,0,0.011561,0.414541,-11.820832,682000,8185.2
683,1000,228.8832,19,0.38,,0,3,6,1.0897,3,2685,0.6787,806.5,446,0,0.011779,0.477776,-11.961395,683000,8197.7
684,1000,270.2218,23,0.46,,0,5,7,0.8292,2,1584,0.5873,786.8,779,0,0.01187,0.28216,-12.105421,684000,8209.4
685,1000,295.8311,23,0.46,,0,4,7,1.299,3,1661,0.6108,682.5,988,0,0.011835,0.34416,-12.063636,685000,8221.6
686,1000,189.3469,21,0.42,,0,4,7,1.0897,1,1899,0.5785,781.0,907,0,0.012331,0.322013,-12.974586,686000,8233.7
687,1000,185.3786,20,0.4,,0,4,6,0.7071,1,2224,0.6085,726.9,488,0,0.012133,0.289918,-12.571798,687000,8246.4
688,1000,260.5632,24,0.48,,0,4,9,2.1213,2,1741,0.6145,688.4,942,0,0.012053,0.829543,-12.695966,688000,8258.8
689,1000,240.9341,20,0.4,,0,3,6,1.2247,3,2474,0.623,780.5,498,0,0.012298,0.309175,-12.397945,689000,8270.8
690,1000,169.6283,18,0.36,,0,4,6,0.866,1,1435,0.4328,672.9,875,0,0.011979,0.357714,-11.763723,690000,8282.2
691,1000,230.7612,21,0.42,,0,4,7,1.0897,2,2204,0.6995,827.3,800,0,0.011992,0.376379,-13.521268,691000,8295.0
692,1000,228.9028,20,0.4,,0,3,8,1.8708,2,1731,0.6365,831.2,588,0,0.012023,0.353314,-12.211787,692000,8307.6
693,1000,295.5223,23,0.46,,0,5,8,1.299,3,1848,0.5885,791.6,740,0,0.011936,0.349844,-12.402781,693000,8317.9
694,1000,158.1926,18,0.36,,0,4,5,0.5,1,1939,0.5467,653.6,754,0,0.011828,0.377833,-11.718188,694000,8329.5
695,1000,282.7151,20,0.4,,0,4,6,0.7071,3,662,0.619,695.5,622,0,0.011607,0.712133,-12.290077,695000,8341.1
696,1000,85.4938,15,0.3,,0,2,5,1.0897,0,2427,0.6162,662.2,272,0,0.011343,0.50951,-11.634236,696000,8353.4
697,1000,173.7001,19,0.38,,0,4,5,0.433,1,2105,0.674,701.1,807,0,0.011401,0.602807,-12.584206,697000,8364.9
698,1000,249.5564,21,0.42,,0,4,7,1.0897,2,1072,0.5723,787.7,952,0,0.011201,0.391396,-12.497906,698000,8376.4
699,1000,116.8416,15,0.3,,0,2,5,1.0897,0,999,0.4365,551.1,366,0,0.011232,0.362712,-12.350033,699000,8387.4
700,1000,205.2416,21,0.42,,0,3,9,2.2776,1,1262,0.5302,606.6,711,0,0.011009,0.611882,-12.143387,700000,8399.2
701,1000,229.5833,19,0.38,,0,4,6,0.8292,2,802,0.3028,585.3,795,0,0.0113,0.3801,-11.805826,701000,8428.1
702,1000,286.0661,25,0.5,,0,4,9,1.9203,2,1267,0.5275,789.8,898,0,0.011168,0.341955,-12.613591,702000,8439.5
703,1000,175.9942,18,0.36,,0,3,5,0.866,1,1664,0.4788,977.1,427,0,0.01125,0.597181,-12.722087,703000,8451.4
704,1000,272.966,24,0.48,,0,4,8,1.5811,2,1799,0.5132,840.8,918,0,0.011414,0.508962,-12.943876,704000,8463.6
705,1000,260.0221,21,0.42,,0,4,6,0.8292,3,2133,0.6002,783.9,437,0,0.01128,0.236812,-12.444983,705000,8475.4
706,1000,245.5459,21,0.42,,0,3,8,1.9203,2,891,0.4607,807.9,970,0,0.011107,0.444451,-11.997894,706000,8488.4
707,1000,357.4474,25,0.5,,0,5,8,1.299,4,1399,0.5853,836.0,908,0,0.011014,0.295976,-12.043455,707000,8499.8
708,1000,221.0087,19,0.38,,0,4,5,0.433,2,1285,0.5148,723.4,646,0,0.011295,0.503052,-11.78506,708000,8511.3
709,1000,245.571,23,0.46,,0,4,8,1.479,2,2135,0.6727,691.3,921,0,0.01165,0.454377,-12.143038,709000,8523.4
710,1000,238.2095,20,0.4,,0,4,6,0.7071,2,1050,0.434,645.1,936,0,0.011385,0.42349,-12.520388,710000,8534.6
711,1000,208.1446,19,0.38,,0,4,6,0.8292,2,1838,0.5978,955.3,466,0,0.011588,0.232375,-11.355631,711000,8545.6
712,1000,152.4139,17,0.34,,0,2,6,1.479,1,2143,0.6252,706.1,556,0,0.011355,0.273272,-12.343263,712000,8558.1
713,1000,188.4545,21,0.42,,0,5,6,0.433,1,2246,0.531,728.8,535,0,0.011234,0.281352,-12.218946,713000,8570.1
714,1000,289.8884,25,0.5,,0,5,8,1.299,2,1280,0.6065,819.6,939,0,0.01104,0.282048,-12.608047,714000,8581.9
715,1000,276.4056,24,0.48,,0,4,9,1.8708,2,1230,0.587,710.6,917,0,0.011026,1.095294,-12.07098,715000,8593.9
716,1000,47.9083,13,0.26,,0,2,5,1.299,0,3036,0.7232,985.2,779,0,0.011369,0.562502,-12.995527,716000,8606.0
717,1000,245.1413,22,0.44,,0,4,8,1.5,2,1922,0.5935,787.5,916,0,0.011135,0.33961,-13.139315,717000,8617.9
718,1000,165.6053,17,0.34,,0,4,5,0.433,1,1303,0.4335,646.6,652,0,0.011231,0.385779,-12.192554,718000,8629.1
719,1000,226.4576,20,0.4,,0,5,5,0.0,2,2039,0.5585,735.3,521,0,0.011024,0.367886,-12.303303,719000,8640.9
720,1000,202.9014,20,0.4,,0,4,6,0.7071,2,2604,0.594,711.8,837,0,0.010941,0.227519,-12.286439,720000,8653.6
721,1000,155.7411,18,0.36,,0,3,5,0.866,0,1115,0.361,667.8,303,0,0.010902,0.337355,-12.717012,721000,8665.1
722,1000,315.9247,25,0.5,,0,5,9,1.6394,3,1805,0.6015,826.4,854,0,0.010996,0.230043,-12.444058,722000,8676.5
723,1000,269.2258,21,0.42,,0,5,6,0.433,3,1843,0.6198,795.9,380,0,0.010826,0.47225,-12.977655,723000,8688.8
724,1000,180.4549,18,0.36,,0,4,5,0.5,1,1101,0.3897,635.7,878,0,0.010623,0.313987,-12.407766,724000,8700.4
725,1000,199.3366,19,0.38,,0,4,5,0.433,1,1112,0.4865,759.9,847,0,0.01064,0.558692,-12.66473,725000,8712.3
726,1000,275.3013,22,0.44,,0,2,8,2.2913,3,1946,0.6873,952.7,608,0,0.010756,0.61798,-12.517094,726000,8725.0
727,1000,49.2816,12,0.24,,0,1,5,1.5811,0,2924,0.723,1073.5,290,0,0.01068,0.371419,-11.940146,727000,8737.2
728,1000,203.7742,19,0.38,,0,4,6,0.8292,2,1951,0.475,663.2,730,0,0.010589,0.648511,-12.136228,728000,8749.2
729,1000,163.1838,18,0.36,,0,3,6,1.118,1,1843,0.5447,887.6,887,0,0.010729,0.303189,-12.349955,729000,8760.8
730,1000,320.1134,27,0.54,,0,4,9,2.2776,2,523,0.4735,649.1,801,0,0.010523,0.207461,-12.436525,730000,8772.2
731,1000,211.0062,18,0.36,,0,3,6,1.118,2,1438,0.5142,692.5,849,0,0.010726,0.453529,-12.679119,731000,8784.3
732,1000,353.8535,28,0.56,,0,4,10,2.2361,3,1258,0.6697,814.5,979,0,0.010557,0.329725,-11.784797,732000,8795.9
733,1000,170.0978,19,0.38,,0,4,5,0.433,0,573,0.3352,743.1,390,0,0.010621,0.41646,-11.946155,733000,8807.1
734,1000,205.6558,18,0.36,,0,3,5,0.866,2,1757,0.5988,822.5,789,0,0.010725,0.247292,-12.69243,734000,8819.2
735,1000,301.238,22,0.44,,0,4,8,1.5,3,1013,0.451,729.1,937,0,0.010722,0.18163,-12.197361,735000,8830.8
736,1000,203.3752,18,0.36,,0,2,7,1.8028,2,1796,0.6125,709.9,988,0,0.010931,0.442497,-12.675558,736000,8842.1
737,1000,215.1618,21,0.42,,0,2,7,2.0463,2,2568,0.683,837.9,984,0,0.010878,0.220211,-12.214382,737000,8855.3
738,1000,112.3903,16,0.32,,0,2,5,1.2247,0,2389,0.5477,861.8,334,0,0.011034,0.279916,-12.095818,738000,8867.0
739,1000,35.5519,10,0.2,,0,1,4,1.118,0,2273,0.7225,999.5,345,0,0.011101,0.240889,-12.419542,739000,8878.5
740,1000,252.303,23,0.46,,0,4,8,1.479,2,1624,0.619,732.6,981,0,0.010734,0.515852,-12.7222,740000,8890.2
741,1000,153.0173,18,0.36,,0,3,6,1.118,1,2057,0.6933,806.4,615,0,0.010891,0.416457,-12.114092,741000,8901.2
742,1000,185.174,20,0.4,,0,4,6,0.7071,1,1851,0.5995,699.4,880,0,0.011233,0.296706,-13.375191,742000,8911.0
743,1000,180.1402,18,0.36,,0,3,5,0.866,2,2662,0.5817,747.5,567,0,0.011147,0.471618,-12.828147,743000,8923.3
744,1000,290.5445,24,0.48,,0,5,8,1.2247,3,2128,0.6218,746.8,562,0,0.011044,0.315283,-13.195665,744000,8935.9
745,1000,171.5894,19,0.38,,0,4,6,0.8292,1,2229,0.68,802.4,956,0,0.010881,0.336346,-12.701109,745000,8949.0
746,1000,205.9534,17,0.34,,0,2,5,1.299,2,756,0.4233,579.8,911,0,0.0106,0.456291,-11.920842,746000,8960.6
747,1000,269.6534,24,0.48,,0,4,8,1.5811,2,1416,0.5035,847.3,802,0,0.010753,0.271952,-12.338216,747000,8972.2
748,1000,160.4698,16,0.32,,0,3,5,0.7071,1,1228,0.6238,812.6,545,0,0.010827,0.556507,-12.870722,748000,8983.7
749,1000,377.3001,26,0.52,,0,5,9,1.6583,4,973,0.55,726.1,790,0,0.010778,0.45049,-12.508686,749000,8995.1
750,1000,287.5619,23,0.46,,0,3,9,2.1651,3,1747,0.588,882.8,965,0,0.010804,1.132937,-12.789816,750000,9006.6
751,1000,294.408,26,0.52,,0,3,10,2.6926,2,1366,0.533,950.8,946,0,0.010956,0.501937,-12.452864,751000,9034.4
752,1000,60.473,12,0.24,,0,2,5,1.2247,0,2247,0.6903,874.7,422,0,0.010843,0.264555,-12.481504,752000,9047.1
753,1000,353.3081,28,0.56,,0,4,10,2.5495,3,1136,0.5978,763.9,920,0,0.010687,0.303307,-11.919801,753000,9058.5
754,1000,202.067,20,0.4,,0,4,6,0.7071,1,1484,0.394,724.5,770,0,0.010851,0.39677,-13.265635,754000,9069.9
755,1000,254.7527,20,0.4,,0,4,6,0.7071,3,1717,0.623,695.2,991,0,0.010688,0.576795,-12.648582,755000,9082.0
756,1000,192.618,20,0.4,,0,4,7,1.2247,1,1635,0.4075,596.5,406,0,0.010836,0.279411,-12.182663,756000,9093.5
757,1000,265.085,24,0.48,,0,4,9,2.1213,2,1692,0.5385,763.8,972,0,0.011222,0.286152,-12.877974,757000,9104.7
758,1000,63.8968,14,0.28,,0,2,5,1.5,0,2853,0.718,734.1,577,0,0.011257,0.424903,-12.680002,758000,9117.4
759,1000,291.1449,23,0.46,,0,5,7,0.8292,3,1587,0.6292,795.4,744,0,0.01124,0.220279,-12.546646,759000,9129.2
760,1000,368.4899,29,0.58,,0,4,9,1.9203,3,1021,0.5132,908.7,804,0,0.011298,0.249035,-13.554511,760000,9140.9
761,1000,351.082,24,0.48,,0,5,9,1.7321,4,1168,0.5188,871.9,930,0,0.011306,0.664881,-12.311262,761000,9153.4
762,1000,266.6627,21,0.42,,0,5,6,0.433,3,1740,0.5697,875.1,900,0,0.010916,0.367571,-11.887215,762000,9165.4
763,1000,261.917,23,0.46,,0,4,10,2.4875,2,985,0.4057,614.8,514,0,0.010918,0.411689,-11.575884,763000,9177.0
764,1000,322.6407,25,0.5,,0,5,8,1.299,3,1371,0.5655,803.4,986,0,0.010996,0.316379,-12.819143,764000,9189.5
765,1000,170.4099,18,0.36,,0,4,5,0.5,1,1781,0.5447,693.8,288,0,0.011068,0.397709,-13.07006,765000,9200.9
766,1000,353.2784,28,0.56,,0,3,11,3.5355,3,1168,0.62,803.6,933,0,0.011238,0.477231,-11.70669,766000,9212.6
767,1000,258.3191,19,0.38,,0,4,5,0.433,3,1255,0.6145,754.6,594,0,0.011467,0.292383,-12.229803,767000,9223.6
768,1000,192.1489,20,0.4,,0,3,9,2.3452,1,1637,0.549,816.1,727,0,0.011315,0.320781,-11.425533,768000,9235.1
769,1000,343.3653,27,0.54,,0,4,10,2.3848,3,1199,0.5347,762.6,876,0,0.011249,0.453681,-11.048053,769000,9247.5
770,1000,292.0479,22,0.44,,0,5,7,0.866,3,1438,0.4567,702.8,536,0,0.01103,0.777985,-11.889796,770000,9259.0
771,1000,321.1252,25,0.5,,0,5,10,2.1651,3,1585,0.5212,779.2,921,0,0.011362,0.426961,-12.150114,771000,9270.2
772,1000,255.4669,23,0.46,,0,4,7,1.299,2,1655,0.6945,765.8,976,0,0.01126,0.369505,-11.959202,772000,9282.1
773,1000,184.799,20,0.4,,0,5,5,0.0,1,2290,0.5665,693.8,474,0,0.011471,0.342153,-12.165579,773000,9293.7
774,1000,301.7482,22,0.44,,0,5,6,0.5,4,2387,0.635,935.7,963,0,0.011398,0.368346,-11.611689,774000,9305.1
775,1000,237.3763,20,0.4,,0,4,6,0.7071,2,1435,0.473,720.7,489,0,0.011247,0.629071,-11.849562,775000,9316.9
776,1000,307.1142,25,0.5,,0,5,9,1.6394,3,1896,0.606,692.6,862,0,0.011085,0.432163,-11.998735,776000,9328.6
777,1000,337.7059,27,0.54,,0,5,8,1.299,3,1547,0.6262,689.9,856,0,0.011145,0.364146,-12.358263,777000,9339.8
778,1000,224.3073,20,0.4,,0,5,5,0.0,2,1885,0.61,803.1,515,0,0.011031,0.326914,-12.154781,778000,9351.9
779,1000,248.6265,23,0.46,,0,4,7,1.299,2,1924,0.647,900.9,816,0,0.010999,0.364112,-12.756807,779000,9363.1
780,1000,333.8298,26,0.52,,0,5,10,2.0616,3,1354,0.65,880.6,926,0,0.011248,0.276785,-12.43115,780000,9374.4
781,1000,264.4901,23,0.46,,0,5,7,0.8292,2,1534,0.662,825.6,666,0,0.011249,0.35824,-12.079538,781000,9386.8
782,1000,298.1472,24,0.48,,0,4,8,1.5811,3,1847,0.584,798.8,949,0,0.011334,0.272303,-12.32165,782000,9398.6
783,1000,318.16,25,0.5,,0,3,9,2.3848,3,1441,0.6717,801.3,890,0,0.011265,0.359947,-11.790858,783000,9411.0
784,1000,245.1211,22,0.44,,0,4,8,1.6583,2,1745,0.574,659.5,982,0,0.010932,0.520826,-12.955925,784000,9423.2
785,1000,262.2311,22,0.44,,0,4,7,1.118,2,1124,0.5497,603.5,925,0,0.010834,0.212966,-11.696959,785000,9434.9
786,1000,123.7023,18,0.36,,0,4,5,0.5,0,2348,0.6763,873.1,948,0,0.010597,0.259652,-12.339766,786000,9447.5
787,1000,280.5824,23,0.46,,0,3,8,1.9203,3,2118,0.674,908.0,918,0,0.010895,0.541841,-12.42984,787000,9459.1
788,1000,315.5388,25,0.5,,0,3,9,2.1651,3,1477,0.6395,710.4,929,0,0.011003,0.464083,-12.471171,788000,9471.7
789,1000,324.9057,27,0.54,,0,5,9,1.7854,3,1931,0.6542,911.6,869,0,0.010817,0.508118,-11.885866,789000,9483.7
790,1000,253.5853,24,0.48,,0,4,8,2.0,2,2312,0.6615,730.9,996,0,0.01096,0.290364,-11.937038,790000,9494.9
791,1000,182.3333,20,0.4,,0,4,6,0.7071,1,2211,0.5877,813.9,994,0,0.011072,0.598289,-12.107784,791000,9505.5
792,1000,296.6466,24,0.48,,0,4,8,1.4142,3,1977,0.663,1073.5,712,0,0.010812,0.21048,-12.540142,792000,9516.4
793,1000,258.6604,24,0.48,,0,5,9,1.7321,2,2175,0.6082,657.1,974,0,0.010835,0.48896,-11.824857,793000,9527.8
794,1000,327.187,26,0.52,,0,4,10,2.2913,3,1707,0.4843,723.8,869,0,0.011105,0.597065,-12.36421,794000,9539.5
795,1000,202.0591,20,0.4,,0,2,8,2.1213,1,1069,0.475,593.3,683,0,0.010826,0.347247,-12.148728,795000,9551.1
796,1000,158.1762,17,0.34,,0,4,5,0.433,1,1827,0.651,689.4,336,0,0.010765,0.411595,-12.092381,796000,9562.6
797,1000,254.6806,21,0.42,,0,5,6,0.433,3,2148,0.6685,717.3,997,0,0.011224,0.294997,-12.233362,797000,9573.5
798,1000,213.9888,20,0.4,,0,4,7,1.2247,2,2357,0.6773,880.1,993,0,0.011156,0.222618,-12.297886,798000,9584.2
799,1000,261.515,24,0.48,,0,4,10,2.3452,2,2250,0.6743,934.8,925,0,0.011291,0.557388,-11.495031,799000,9595.0
800,1000,321.6687,26,0.52,,0,3,9,2.5981,3,1446,0.65,821.8,834,0,0.011374,0.570381,-12.222291,800000,9606.0
801,1000,249.7616,21,0.42,,0,5,6,0.433,3,2150,0.5737,920.1,997,0,0.011238,0.553746,-11.425469,801000,9633.6
802,1000,226.2956,21,0.42,,0,4,7,1.0897,2,2056,0.4898,738.0,579,0,0.011363,0.378641,-11.790319,802000,9645.8
803,1000,284.9192,25,0.5,,0,5,9,1.6394,2,1613,0.6562,879.8,971,0,0.011235,0.342915,-11.946115,803000,9657.4
804,1000,254.8792,23,0.46,,0,4,8,1.479,2,1653,0.5162,811.5,981,0,0.011166,0.349184,-11.224263,804000,9668.5
805,1000,249.561,23,0.46,,0,4,8,1.7854,2,1771,0.683,743.1,767,0,0.011243,0.507034,-12.014935,805000,9681.4
806,1000,288.4173,23,0.46,,0,4,9,1.9203,3,1567,0.5647,711.4,783,0,0.011208,0.227947,-12.150287,806000,9692.8
807,1000,294.8837,23,0.46,,0,5,8,1.299,3,1591,0.503,724.8,836,0,0.011355,0.468113,-11.78141,807000,9704.2
808,1000,256.6185,21,0.42,,0,4,7,1.0897,2,1027,0.4973,589.5,980,0,0.011416,0.351671,-12.925077,808000,9716.9
809,1000,204.7069,20,0.4,,0,2,8,2.1213,2,2458,0.6603,861.6,440,0,0.011221,0.487485,-11.292059,809000,9728.8
810,1000,355.1443,25,0.5,,0,5,10,2.1651,4,1409,0.6035,1037.3,867,0,0.011355,0.286735,-10.435061,810000,9740.7
811,1000,349.6443,28,0.56,,0,3,10,2.7386,3,1413,0.5337,851.0,905,0,0.011235,0.463386,-10.722641,811000,9752.3
812,1000,331.4879,26,0.52,,0,4,9,2.0616,3,1312,0.6242,866.6,931,0,0.011368,0.470904,-11.478201,812000,9763.7
813,1000,319.5456,25,0.5,,0,5,8,1.0897,3,1486,0.6605,732.4,957,0,0.011409,0.481851,-11.077259,813000,9776.2
814,1000,332.4679,23,0.46,,0,5,7,0.8292,4,1431,0.466,649.1,982,0,0.011346,0.338867,-10.911346,814000,9787.6
815,1000,317.0577,28,0.56,,0,4,10,2.5495,2,1447,0.6045,959.0,975,0,0.011104,0.426606,-11.341177,815000,9799.1
816,1000,277.2556,24,0.48,,0,4,8,1.5811,2,1258,0.5927,917.7,904,0,0.011327,0.557309,-11.782064,816000,9810.9
817,1000,308.2518,24,0.48,,0,4,9,1.8708,3,1420,0.5315,776.9,828,0,0.011269,0.224821,-11.235046,817000,9822.7
818,1000,152.8587,18,0.36,,0,4,5,0.5,1,2152,0.6305,818.0,568,0,0.011547,0.336446,-11.233891,818000,9834.1
819,1000,29.6689,11,0.22,,0,2,4,0.8292,0,3220,0.7192,669.0,674,0,0.011359,0.684219,-11.354072,819000,9846.9
820,1000,318.6655,25,0.5,,0,5,9,1.6394,3,1454,0.6035,828.7,578,0,0.01142,0.244372,-10.487493,820000,9858.1
821,1000,187.3115,20,0.4,,0,4,6,0.7071,1,1810,0.5198,712.1,791,0,0.01147,0.333004,-11.907221,821000,9869.7
822,1000,243.2045,20,0.4,,0,4,7,1.2247,2,666,0.5122,693.5,980,0,0.01136,0.620171,-11.130217,822000,9881.4
823,1000,237.4603,21,0.42,,0,5,6,0.433,2,1800,0.6512,837.4,905,0,0.01138,0.262382,-11.35578,823000,9892.8
824,1000,156.3741,17,0.34,,0,2,6,1.479,1,2007,0.502,749.2,402,0,0.011322,0.346188,-10.555212,824000,9904.6
825,1000,118.5133,16,0.32,,0,3,5,0.7071,0,1112,0.4778,568.3,702,0,0.01129,0.341913,-11.362574,825000,9916.3
826,1000,256.5004,23,0.46,,0,2,9,2.586,2,1710,0.6082,935.5,971,0,0.011371,0.564721,-11.355869,826000,9927.9
827,1000,232.7543,20,0.4,,0,4,6,0.7071,2,1337,0.522,647.6,839,0,0.011494,0.444871,-10.357168,827000,9939.7
828,1000,255.411,22,0.44,,0,4,8,1.5,2,1099,0.369,677.5,730,0,0.011375,0.621308,-10.725204,828000,9951.0
829,1000,299.1099,26,0.52,,0,4,9,2.5,2,1057,0.505,739.4,606,0,0.011529,0.238249,-11.226485,829000,9962.3
830,1000,278.5006,24,0.48,,0,3,9,2.2361,2,1169,0.5323,851.5,1000,0,0.011657,0.240615,-11.163005,830000,9974.0
831,1000,215.8503,20,0.4,,0,4,6,0.7071,2,2136,0.664,898.5,836,0,0.011414,0.501131,-11.495438,831000,9985.9
832,1000,311.161,26,0.52,,0,4,8,1.5,3,1977,0.612,893.5,997,0,0.01165,0.375035,-11.672184,832000,9997.4
833,1000,267.2953,24,0.48,,0,4,10,2.4495,2,1954,0.559,678.8,753,0,0.011595,0.382697,-10.865464,833000,10009.2
834,1000,126.2412,17,0.34,,0,2,5,1.299,0,2195,0.714,939.9,959,0,0.011816,0.433806,-11.251337,834000,10020.9
835,1000,174.8792,19,0.38,,0,2,8,2.1651,1,2203,0.664,891.5,955,0,0.011697,0.609718,-11.545848,835000,10033.7
836,1000,208.0785,20,0.4,,0,4,8,1.7321,1,638,0.558,750.6,921,0,0.011875,0.42506,-11.421672,836000,10047.1
837,1000,241.7746,21,0.42,,0,5,6,0.433,2,1837,0.642,985.5,897,0,0.01182,0.404861,-10.838675,837000,10059.4
838,1000,173.8324,19,0.38,,0,4,6,0.8292,1,1999,0.5357,858.0,939,0,0.011746,0.475097,-11.168641,838000,10071.9
839,1000,265.5483,24,0.48,,0,5,8,1.2247,2,1822,0.5513,777.6,579,0,0.011776,0.481948,-11.103364,839000,10083.4
840,1000,267.0613,20,0.4,,0,4,6,0.7071,3,1401,0.525,672.6,537,0,0.011985,0.59725,-10.437223,840000,10095.3
841,1000,207.1195,20,0.4,,0,3,6,1.2247,2,2446,0.6707,693.4,989,0,0.01208,0.507508,-11.111411,841000,10108.0
842,1000,238.78,21,0.42,,0,4,8,1.6394,2,1385,0.5893,831.5,802,0,0.011707,0.277995,-10.865623,842000,10119.7
843,1000,161.0967,19,0.38,,0,2,8,2.1651,1,2669,0.7093,760.5,979,0,0.01177,0.379656,-10.484697,843000,10132.3
844,1000,159.1644,19,0.38,,0,4,6,0.8292,1,2346,0.684,809.7,755,0,0.011623,0.413679,-10.255739,844000,10145.1
845,1000,200.8767,19,0.38,,0,3,7,1.479,2,2201,0.6332,927.2,991,0,0.01158,0.48869,-10.825516,845000,10157.1
846,1000,149.7607,17,0.34,,0,3,5,0.8292,1,1992,0.5138,701.4,605,0,0.011911,0.374693,-10.605277,846000,10169.5
847,1000,258.2506,20,0.4,,0,5,5,0.0,3,1769,0.4768,640.4,769,0,0.011848,0.576327,-10.880836,847000,10180.7
848,1000,200.1969,19,0.38,,0,4,5,0.433,1,1418,0.4382,794.1,932,0,0.011706,0.381664,-10.869528,848000,10192.3
849,1000,149.0238,17,0.34,,0,3,5,0.8292,0,1067,0.5115,841.2,331,0,0.011379,0.631146,-11.090611,849000,10204.7
850,1000,194.5825,19,0.38,,0,2,6,1.6394,2,2546,0.6508,693.5,993,0,0.01148,0.272458,-10.90163,850000,10216.7
851,1000,222.5814,20,0.4,,0,4,6,1.0,2,1600,0.5138,753.7,833,0,0.01132,0.296284,-11.017849,851000,10245.8
852,1000,169.445,19,0.38,,0,4,7,1.299,1,1840,0.4798,731.1,981,0,0.011429,0.422938,-10.94373,852000,10258.1
853,1000,277.1846,25,0.5,,0,4,8,1.7854,2,1918,0.6713,871.4,978,0,0.011484,0.557447,-11.240888,853000,10270.2
854,1000,279.1568,24,0.48,,0,3,9,2.5495,2,966,0.4208,818.4,956,0,0.011481,0.87809,-11.61742,854000,10281.6
855,1000,173.1147,19,0.38,,0,4,5,0.433,1,2214,0.6015,749.1,604,0,0.011638,0.242428,-10.63746,855000,10293.1
856,1000,184.9546,18,0.36,,0,3,5,0.866,1,1678,0.5275,852.8,927,0,0.011905,0.536304,-11.267328,856000,10305.2
857,1000,340.9235,26,0.52,,0,2,10,3.2016,3,1162,0.6552,748.0,872,0,0.011706,0.297108,-10.834592,857000,10316.6
858,1000,310.7945,25,0.5,,0,4,9,1.9203,3,1621,0.5783,854.1,838,0,0.011988,0.485288,-11.470809,858000,10328.1
859,1000,148.3897,17,0.34,,0,2,6,1.479,1,2349,0.7103,754.1,994,0,0.011716,0.394836,-10.699272,859000,10340.8
860,1000,256.0839,23,0.46,,0,3,9,2.3848,2,1113,0.5617,727.4,887,0,0.011673,0.643757,-10.955812,860000,10353.2
861,1000,232.368,21,0.42,,0,2,9,2.4875,2,2186,0.5948,817.3,715,0,0.01162,0.404236,-10.955219,861000,10364.8
862,1000,270.9778,21,0.42,,0,4,7,1.0897,3,1789,0.5978,708.3,675,0,0.011404,0.299688,-11.015162,862000,10377.1
863,1000,284.3864,26,0.52,,0,3,10,2.6926,2,1856,0.6963,973.3,882,0,0.011273,0.597953,-12.322674,863000,10388.6
864,1000,242.3398,21,0.42,,0,3,9,2.2776,2,1210,0.5663,695.7,605,0,0.011232,0.379087,-11.459685,864000,10400.2
865,1000,192.277,21,0.42,,0,4,8,1.6394,1,1866,0.6707,902.4,904,0,0.011471,0.312677,-11.047897,865000,10412.2
866,1000,223.1382,20,0.4,,0,4,6,0.7071,2,1349,0.445,567.6,947,0,0.011483,0.858547,-11.731847,866000,10423.5
867,1000,188.1025,20,0.4,,0,4,7,1.2247,1,1533,0.6098,607.0,836,0,0.011496,0.392079,-10.790462,867000,10435.8
868,1000,287.8844,25,0.5,,0,4,9,1.9203,2,1033,0.616,959.2,781,0,0.011335,0.452643,-10.490747,868000,10447.4
869,1000,261.555,22,0.44,,0,3,9,2.1794,2,1088,0.4233,616.5,925,0,0.011437,0.23542,-11.21604,869000,10459.4
870,1000,249.1157,23,0.46,,0,4,9,1.9203,2,1666,0.5717,644.8,956,0,0.011249,0.347715,-10.828184,870000,10471.7
871,1000,252.8946,23,0.46,,0,3,9,2.1651,2,1715,0.6135,729.9,908,0,0.011426,0.383186,-11.09767,871000,10483.2
872,1000,304.6358,25,0.5,,0,5,9,1.6394,3,1831,0.636,835.0,720,0,0.011579,0.252967,-11.038869,872000,10494.3
873,1000,281.7618,22,0.44,,0,5,6,0.5,3,1704,0.3842,696.0,845,0,0.011604,0.371186,-11.639022,873000,10506.6
874,1000,259.5503,22,0.44,,0,4,9,2.0616,2,534,0.4948,699.9,972,0,0.01148,0.316815,-10.897083,874000,10517.5
875,1000,209.3477,20,0.4,,0,4,6,1.0,2,2345,0.6855,822.3,982,0,0.011362,0.507037,-11.412199,875000,10528.7
876,1000,304.7242,25,0.5,,0,4,9,1.7854,3,1850,0.6185,703.7,932,0,0.011257,0.496806,-11.684635,876000,10540.8
877,1000,210.753,19,0.38,,0,4,5,0.433,2,1866,0.5042,754.8,237,0,0.011405,0.761533,-11.431922,877000,10552.4
878,1000,256.1266,23,0.46,,0,5,7,0.8292,2,1769,0.7033,1049.5,897,0,0.011372,0.335518,-11.91897,878000,10564.0
879,1000,267.1081,23,0.46,,0,5,7,0.8292,2,1356,0.5637,696.1,884,0,0.011519,0.565532,-11.886522,879000,10576.3
880,1000,306.24,27,0.54,,0,5,10,2.0463,2,1477,0.664,971.3,1000,0,0.01142,0.439132,-11.167677,880000,10588.0
881,1000,227.0424,19,0.38,,0,4,6,0.8292,2,794,0.4657,640.0,858,0,0.011749,0.542026,-11.865326,881000,10599.4
882,1000,347.3225,28,0.56,,0,4,10,2.5495,3,1510,0.6112,847.3,844,0,0.011755,0.2859,-11.430643,882000,10611.8
883,1000,391.5924,30,0.6,,0,5,11,2.5981,4,1796,0.657,905.2,987,0,0.011593,0.516286,-11.400052,883000,10623.6
884,1000,307.9295,25,0.5,,0,5,8,1.299,3,1923,0.646,847.4,636,0,0.011677,0.25375,-10.575126,884000,10636.3
885,1000,296.1612,27,0.54,,0,5,9,1.7854,2,1430,0.6667,843.9,949,0,0.011684,0.306619,-11.516992,885000,10647.7
886,1000,292.4489,23,0.46,,0,5,7,0.8292,3,1591,0.5467,759.1,882,0,0.011983,0.316175,-11.716383,886000,10659.4
887,1000,235.4332,22,0.44,,0,4,7,1.118,2,2181,0.622,900.8,837,0,0.011746,0.389714,-11.343451,887000,10671.9
888,1000,274.8934,26,0.52,,0,4,9,2.0616,2,1981,0.6683,910.9,510,0,0.01181,0.474391,-12.024084,888000,10683.7
889,1000,232.8563,19,0.38,,0,2,7,1.7854,3,2072,0.5845,757.9,743,0,0.012026,0.258784,-11.506533,889000,10695.1
890,1000,156.7989,19,0.38,,0,4,5,0.433,0,1013,0.614,620.2,463,0,0.012136,0.392183,-11.20146,890000,10705.6
891,1000,259.3242,21,0.42,,0,4,7,1.0897,3,2221,0.501,855.0,998,0,0.012399,0.313969,-11.117508,891000,10717.1
892,1000,296.1823,26,0.52,,0,4,9,2.5,2,1123,0.5208,764.9,808,0,0.012181,0.457338,-11.329053,892000,10728.9
893,1000,235.9854,21,0.42,,0,3,7,1.7854,2,1493,0.6603,888.3,929,0,0.012062,0.267441,-10.951263,893000,10741.0
894,1000,91.2591,16,0.32,,0,3,5,1.0,0,2722,0.7165,977.1,575,0,0.012162,0.813907,-11.852663,894000,10752.5
895,1000,343.0369,27,0.54,,0,4,10,2.3848,3,1027,0.5547,872.1,893,0,0.011967,0.487774,-11.629545,895000,10764.2
896,1000,283.8714,23,0.46,,0,3,7,1.6394,3,1981,0.5723,665.3,903,0,0.012126,0.610425,-11.359142,896000,10775.3
897,1000,227.707,23,0.46,,0,4,9,1.9203,1,1512,0.67,927.0,794,0,0.01204,0.621611,-11.454516,897000,10785.7
898,1000,225.3892,23,0.46,,0,4,9,1.9203,1,1490,0.6278,755.2,854,0,0.012107,0.353642,-10.892594,898000,10797.1
899,1000,187.7203,19,0.38,,0,4,7,1.299,1,1224,0.56,866.2,950,0,0.012125,0.243357,-12.264716,899000,10809.1
900,1000,236.662,21,0.42,,0,5,6,0.433,2,1834,0.5545,947.3,839,0,0.01192,0.31946,-10.679932,900000,10820.8
901,1000,333.7999,27,0.54,,0,4,9,1.9203,3,1141,0.5887,631.2,922,0,0.012034,0.561452,-11.433909,901000,10849.0
902,1000,287.595,23,0.46,,0,4,8,1.479,3,1470,0.4853,705.3,738,0,0.011823,0.407441,-11.825632,902000,10860.2
903,1000,253.5487,23,0.46,,0,5,7,0.8292,2,1791,0.576,790.3,823,0,0.011601,0.356026,-12.136572,903000,10872.4
904,1000,261.6362,23,0.46,,0,4,10,2.4875,2,1077,0.5,638.1,823,0,0.012015,0.408438,-12.238546,904000,10883.6
905,1000,275.2702,24,0.48,,0,5,7,1.0,2,1060,0.6255,866.1,999,0,0.012221,0.31299,-12.078342,905000,10894.9
906,1000,236.8269,20,0.4,,0,4,6,0.7071,2,1182,0.6305,801.1,869,0,0.012162,0.552718,-11.875179,906000,10907.1
907,1000,228.4153,21,0.42,,0,4,7,1.299,2,2060,0.4953,713.0,992,0,0.011946,0.4597,-11.520346,907000,10919.2
908,1000,229.6568,21,0.42,,0,4,6,0.8292,2,2231,0.678,812.1,952,0,0.012359,0.458111,-12.027481,908000,10931.9
909,1000,213.8818,22,0.44,,0,4,9,2.0616,1,1475,0.6528,856.0,794,0,0.012426,0.31065,-12.315954,909000,10943.6
910,1000,309.9087,25,0.5,,0,5,9,1.6394,3,1642,0.6152,740.5,942,0,0.01252,0.262267,-11.828708,910000,10955.8
911,1000,275.799,25,0.5,,0,5,9,1.6394,2,1677,0.5515,837.1,991,0,0.012511,0.326348,-11.933983,911000,10968.0
912,1000,225.3602,20,0.4,,0,4,6,0.7071,2,1419,0.5917,639.3,741,0,0.012399,0.618961,-11.590772,912000,10980.0
913,1000,268.642,23,0.46,,0,4,7,1.299,2,1162,0.4725,725.2,887,0,0.012414,0.638424,-11.917459,913000,10991.2
914,1000,242.4352,22,0.44,,0,3,9,2.2913,2,1670,0.5697,736.5,873,0,0.012441,0.320952,-11.430025,914000,11003.2
915,1000,160.244,18,0.36,,0,2,6,1.5,1,2150,0.631,858.4,927,0,0.012347,0.308605,-11.637042,915000,11014.6
916,1000,174.8986,18,0.36,,0,4,5,0.5,1,950,0.5078,851.4,275,0,0.01251,0.460819,-12.288341,916000,11026.0
917,1000,385.7629,28,0.56,,0,5,9,1.5811,4,1323,0.6075,717.0,936,0,0.012502,0.518416,-11.625307,917000,11037.8
918,1000,350.8899,25,0.5,,0,4,10,2.2776,4,1296,0.6418,801.8,883,0,0.012589,0.277193,-12.225031,918000,11048.9
919,1000,321.0181,26,0.52,,0,4,10,2.2913,3,1671,0.563,709.2,997,0,0.012727,0.450751,-12.155815,919000,11060.5
920,1000,401.5487,29,0.58,,0,4,10,2.3848,4,1337,0.5495,740.0,950,0,0.012318,0.891109,-12.372308,920000,11072.5
921,1000,200.6485,20,0.4,,0,4,8,1.7321,1,1078,0.6212,683.9,772,0,0.012222,0.373996,-12.115618,921000,11084.0
922,1000,252.743,22,0.44,,0,4,7,1.118,2,1343,0.573,813.7,921,0,0.012116,0.492441,-12.379435,922000,11096.3
923,1000,466.6843,35,0.7,,0,5,10,2.1651,4,1259,0.6262,931.4,980,0,0.012056,0.281143,-12.296509,923000,11108.4
924,1000,321.7348,28,0.56,,0,4,10,2.5495,2,1020,0.5633,858.2,947,0,0.012196,0.416313,-12.010962,924000,11119.9
925,1000,261.9879,23,0.46,,0,2,9,2.586,2,1603,0.5018,932.1,576,0,0.012052,0.230722,-12.230604,925000,11132.3
926,1000,317.5352,24,0.48,,0,2,9,2.7386,3,1026,0.5647,736.7,887,0,0.011918,0.530448,-12.215522,926000,11143.5
927,1000,222.6903,20,0.4,,0,2,8,2.1213,2,1780,0.5105,760.8,770,0,0.011914,0.275094,-12.29974,927000,11155.4
928,1000,285.1431,22,0.44,,0,3,10,2.6926,3,1726,0.5985,689.0,414,0,0.012006,0.282331,-11.304076,928000,11167.1
929,1000,261.1177,22,0.44,,0,5,7,0.866,2,808,0.405,707.3,742,0,0.011841,0.319224,-12.176812,929000,11178.5
930,1000,299.5651,24,0.48,,0,5,8,1.2247,3,1682,0.634,721.6,728,0,0.012038,0.621885,-11.367645,930000,11189.8
931,1000,380.8122,27,0.54,,0,5,10,1.9203,4,1399,0.6565,821.7,973,0,0.012372,0.188758,-11.759386,931000,11201.5
932,1000,156.8265,17,0.34,,0,4,5,0.433,1,1230,0.4703,772.6,483,0,0.01235,0.356733,-11.913554,932000,11212.5
933,1000,260.1081,23,0.46,,0,3,9,2.1651,2,1555,0.6623,835.6,945,0,0.012334,0.395916,-11.856693,933000,11223.6
934,1000,253.3685,22,0.44,,0,5,7,0.866,2,1079,0.6733,769.2,448,0,0.01247,0.271398,-12.050587,934000,11235.5
935,1000,198.6369,23,0.46,,0,5,8,1.299,1,2346,0.6937,1023.0,880,0,0.012528,0.84839,-12.079067,935000,11247.1
936,1000,240.9538,23,0.46,,0,3,8,1.9203,2,1952,0.5695,803.4,901,0,0.012313,0.514296,-10.98495,936000,11258.3
937,1000,244.4479,22,0.44,,0,3,8,1.8028,2,1670,0.6305,838.3,898,0,0.012082,0.399448,-11.562672,937000,11270.4
938,1000,410.5013,30,0.6,,0,5,10,2.0616,4,1390,0.5807,880.4,705,0,0.012159,0.485981,-11.460018,938000,11281.8
939,1000,98.7954,16,0.32,,0,3,5,0.7071,0,2059,0.7087,625.8,549,0,0.012339,0.245023,-11.765606,939000,11292.8
940,1000,361.3522,28,0.56,,0,5,10,2.1213,3,1112,0.5747,710.1,958,0,0.012206,0.537188,-11.977036,940000,11303.4
941,1000,321.2107,24,0.48,,0,2,10,2.9155,3,1042,0.5567,705.8,770,0,0.012354,0.290878,-11.274288,941000,11314.2
942,1000,244.637,22,0.44,,0,4,7,1.118,2,1701,0.5172,730.3,794,0,0.012329,0.465795,-11.291792,942000,11325.6
943,1000,352.889,28,0.56,,0,4,10,2.5495,3,1007,0.6048,777.5,824,0,0.01226,0.413392,-11.07892,943000,11337.8
944,1000,208.365,18,0.36,,0,4,5,0.5,2,1470,0.608,677.0,776,0,0.012171,0.297926,-11.996094,944000,11349.3
945,1000,261.6145,24,0.48,,0,5,7,1.0,2,1958,0.6803,751.8,819,0,0.012082,0.541714,-12.306364,945000,11361.8
946,1000,241.9074,22,0.44,,0,3,9,2.1794,2,1814,0.696,812.7,893,0,0.012,0.421991,-11.39288,946000,11372.5
947,1000,217.972,19,0.38,,0,2,6,1.6394,2,1937,0.6035,729.8,898,0,0.012172,0.314874,-11.889107,947000,11383.2
948,1000,349.7605,28,0.56,,0,4,10,2.5495,3,1265,0.5815,755.8,658,0,0.012092,0.416562,-11.531147,948000,11395.0
949,1000,354.8349,29,0.58,,0,5,10,2.2776,3,1709,0.7087,864.6,1000,0,0.01221,0.603574,-11.066234,949000,11406.5
950,1000,141.6963,17,0.34,,0,2,7,1.7854,1,1983,0.6542,775.6,624,0,0.012108,0.343978,-11.673988,950000,11417.9
951,1000,315.1623,28,0.56,,0,4,10,2.5495,2,1214,0.56,739.7,997,0,0.012092,0.337279,-10.822661,951000,11446.3
952,1000,253.2653,23,0.46,,0,4,7,1.299,2,1887,0.6245,875.4,992,0,0.012322,0.745881,-10.753614,952000,11458.1
953,1000,255.6989,22,0.44,,0,4,8,1.5,2,1247,0.4477,675.3,913,0,0.01211,0.488457,-10.407438,953000,11470.1
954,1000,225.9248,21,0.42,,0,5,6,0.433,2,2080,0.683,720.8,721,0,0.01215,0.738762,-11.979994,954000,11482.2
955,1000,267.0054,24,0.48,,0,4,9,1.8708,2,1627,0.6465,690.4,846,0,0.012282,0.310451,-11.383619,955000,11494.6
956,1000,293.4137,27,0.54,,0,4,10,2.3848,2,1831,0.67,822.1,998,0,0.012439,0.313951,-11.271156,956000,11506.4
957,1000,315.5009,25,0.5,,0,4,9,1.9203,3,1378,0.5805,698.5,870,0,0.01222,0.349346,-11.28909,957000,11518.2
958,1000,378.2301,27,0.54,,0,3,10,2.8614,4,1452,0.5593,804.5,962,0,0.012415,0.718949,-11.871872,958000,11530.2
959,1000,223.1323,20,0.4,,0,4,6,0.7071,2,1876,0.564,767.0,958,0,0.012447,0.846926,-11.454172,959000,11541.7
960,1000,158.7502,18,0.36,,0,4,5,0.5,1,2003,0.5667,734.6,706,0,0.012197,0.648767,-11.517461,960000,11553.0
961,1000,176.4656,19,0.38,,0,4,5,0.433,1,2073,0.4968,954.2,993,0,0.012243,0.42628,-10.951929,961000,11565.0
962,1000,164.7654,18,0.36,,0,3,6,1.118,1,1958,0.4885,799.8,664,0,0.012502,0.456834,-11.638308,962000,11576.7
963,1000,233.6027,23,0.46,,0,4,9,1.9203,1,1238,0.546,803.3,687,0,0.012155,0.525347,-9.923954,963000,11588.0
964,1000,378.0642,26,0.52,,0,5,8,1.118,4,596,0.48,979.0,916,0,0.012386,0.315756,-11.893394,964000,11600.3
965,1000,140.5035,17,0.34,,0,3,5,0.8292,1,2622,0.505,727.4,206,0,0.012018,0.288836,-11.293777,965000,11612.3
966,1000,243.7283,21,0.42,,0,4,6,0.8292,2,1653,0.5982,732.5,793,0,0.012314,0.4895,-11.697006,966000,11623.9
967,1000,259.1774,23,0.46,,0,4,8,1.7854,2,1557,0.595,762.7,923,0,0.012299,0.32752,-11.443107,967000,11636.0
968,1000,49.7161,13,0.26,,0,2,4,0.8292,0,2756,0.7208,828.8,573,0,0.012259,0.28242,-11.246472,968000,11648.4
969,1000,245.2408,21,0.42,,0,4,8,1.6394,2,1160,0.6885,799.7,788,0,0.012665,0.300752,-10.54121,969000,11660.3
970,1000,269.2861,23,0.46,,0,2,10,3.0311,2,1073,0.5675,742.2,684,0,0.012464,0.582519,-11.583015,970000,11672.1
971,1000,243.7716,20,0.4,,0,4,7,1.2247,2,887,0.4835,678.9,603,0,0.01253,0.232943,-11.373743,971000,11683.6
972,1000,306.9699,25,0.5,,0,4,8,1.7854,3,1652,0.6665,815.8,956,0,0.012526,0.542801,-10.706223,972000,11695.5
973,1000,210.1245,23,0.46,,0,4,9,1.9203,1,2064,0.674,770.8,972,0,0.012501,0.377013,-11.234608,973000,11707.1
974,1000,220.1752,20,0.4,,0,4,6,0.7071,2,1856,0.6552,722.0,887,0,0.012569,0.350946,-10.865883,974000,11718.6
975,1000,316.7277,25,0.5,,0,3,10,2.586,3,1587,0.624,781.6,993,0,0.013005,0.810982,-11.624347,975000,11730.7
976,1000,255.4466,20,0.4,,0,4,6,0.7071,3,1790,0.6362,712.4,817,0,0.012452,0.400339,-11.600637,976000,11741.9
977,1000,187.8219,19,0.38,,0,4,7,1.299,1,900,0.5985,663.7,271,0,0.012566,0.403394,-10.921406,977000,11753.2
978,1000,343.9789,25,0.5,,0,5,7,0.8292,4,1780,0.5673,956.0,971,0,0.012637,0.791753,-11.362152,978000,11765.8
979,1000,200.7088,22,0.44,,0,4,9,2.0616,1,1997,0.5447,708.0,570,0,0.012571,0.52407,-10.28344,979000,11777.3
980,1000,235.7478,23,0.46,,0,4,8,1.479,2,2565,0.667,981.5,709,0,0.012483,0.356065,-11.100512,980000,11789.7
981,1000,214.0443,20,0.4,,0,4,6,0.7071,1,728,0.3463,703.1,361,0,0.01256,0.495444,-11.199162,981000,11801.8
982,1000,283.3557,23,0.46,,0,5,7,0.8292,3,1957,0.5205,837.0,549,0,0.012669,0.623879,-11.508131,982000,11813.9
983,1000,123.8529,17,0.34,,0,2,6,1.479,1,3252,0.7087,661.0,234,0,0.012667,0.577325,-11.483744,983000,11826.2
984,1000,298.9732,25,0.5,,0,4,8,1.7854,3,1941,0.509,686.3,1000,0,0.012496,0.32783,-11.345098,984000,11837.7
985,1000,228.527,22,0.44,,0,5,6,0.5,2,2579,0.6827,851.5,965,0,0.01308,0.383743,-11.528906,985000,11849.7
986,1000,301.9073,23,0.46,,0,4,9,1.9203,3,1401,0.523,748.9,723,0,0.013155,0.452962,-11.176797,986000,11861.8
987,1000,227.6082,19,0.38,,0,4,6,0.8292,2,725,0.3508,621.2,742,0,0.012974,0.431045,-11.322993,987000,11873.1
988,1000,243.8536,22,0.44,,0,4,8,1.6583,2,1949,0.6833,754.2,977,0,0.013259,0.421393,-11.245534,988000,11885.2
989,1000,237.2436,22,0.44,,0,4,7,1.118,2,2014,0.5138,856.2,994,0,0.013014,0.257889,-10.604202,989000,11896.6
990,1000,261.3586,20,0.4,,0,5,5,0.0,3,1691,0.5258,721.8,843,0,0.012808,0.436045,-11.9794,990000,11906.5
991,1000,227.7403,22,0.44,,0,5,6,0.5,2,2512,0.6727,734.3,409,0,0.012995,0.357439,-10.025105,991000,11915.9
992,1000,212.8157,19,0.38,,0,3,6,1.0897,2,2069,0.5545,839.3,496,0,0.012946,0.24282,-10.165377,992000,11925.6
993,1000,214.4526,18,0.36,,0,4,5,0.5,2,1117,0.476,738.7,988,0,0.012979,0.309086,-10.188963,993000,11934.4
994,1000,408.0061,30,0.6,,0,4,10,2.1794,4,1163,0.633,800.6,955,0,0.013542,0.322615,-10.448284,994000,11942.8
995,1000,259.3282,24,0.48,,0,4,9,1.8708,2,1838,0.6282,739.0,754,0,0.013596,0.374035,-11.020748,995000,11951.2
996,1000,246.0413,21,0.42,,0,2,8,2.1651,3,2623,0.6627,718.6,991,0,0.013213,0.512939,-9.922683,996000,11959.7
997,1000,146.6076,17,0.34,,0,3,6,1.299,1,1923,0.4953,697.7,889,0,0.013791,0.267602,-10.773586,997000,11968.1
998,1000,160.1552,17,0.34,,0,3,5,0.8292,1,1569,0.5727,870.5,794,0,0.013454,0.817927,-10.699493,998000,11977.0
999,1000,250.0174,20,0.4,,0,5,5,0.0,3,1998,0.6508,810.2,812,0,0.013566,0.296946,-10.359383,999000,11986.2
1000,1000,163.9127,19,0.38,,0,4,5,0.433,1,1964,0.6372,1021.4,694,0,0.01356,0.216113,-11.281812,1000000,11996.0
1001,1000,262.7648,24,0.48,,0,4,10,2.3452,2,1751,0.556,806.0,906,0,0.013371,0.403614,-10.631585,1001000,12019.0
1002,1000,179.8026,20,0.4,,0,3,7,1.4142,1,2143,0.6485,980.3,885,0,0.013766,0.406558,-11.274405,1002000,12028.5
1003,1000,239.8293,22,0.44,,0,3,9,2.2913,2,2032,0.6338,827.6,942,0,0.013375,0.264834,-10.43466,1003000,12037.8
1004,1000,57.3584,13,0.26,,0,2,5,1.299,0,3018,0.726,983.8,209,0,0.013377,0.356393,-10.315948,1004000,12047.2
1005,1000,204.5446,20,0.4,,0,3,8,1.8708,1,970,0.4022,585.8,1000,0,0.013513,0.195235,-10.670021,1005000,12055.9
1006,1000,272.576,25,0.5,,0,3,10,2.8614,2,1606,0.6923,943.4,861,0,0.013417,0.332446,-10.719981,1006000,12063.9
1007,1000,325.3583,26,0.52,,0,4,9,2.0616,3,1252,0.573,752.5,963,0,0.013081,0.310571,-10.89102,1007000,12072.0
1008,1000,201.3659,18,0.36,,0,3,6,1.118,2,1944,0.4565,813.6,994,0,0.013136,0.302507,-11.234493,1008000,12080.2
1009,1000,231.349,20,0.4,,0,3,6,1.2247,2,1730,0.425,739.6,780,0,0.013191,0.406718,-9.778785,1009000,12089.0
1010,1000,265.655,24,0.48,,0,3,13,4.062,2,1598,0.6465,749.9,857,0,0.013038,0.20108,-11.056623,1010000,12097.2
1011,1000,113.6901,16,0.32,,0,3,5,1.0,0,2186,0.7115,1013.6,949,0,0.012799,0.682307,-10.723127,1011000,12105.5
1012,1000,163.5347,17,0.34,,0,2,5,1.299,1,1958,0.6422,825.5,593,0,0.01307,0.324505,-10.897596,1012000,12113.8
1013,1000,208.2038,21,0.42,,0,5,6,0.433,1,1598,0.6967,900.3,977,0,0.013125,0.437673,-11.0643,1013000,12122.7
1014,1000,349.252,28,0.56,,0,4,10,2.2361,3,1345,0.6112,907.6,968,0,0.012849,0.281561,-10.320937,1014000,12131.1
1015,1000,180.9719,20,0.4,,0,3,8,1.8708,1,1991,0.6847,985.4,870,0,0.012927,0.265231,-11.277184,1015000,12139.6
1016,1000,174.0653,18,0.36,,0,3,6,1.118,1,1072,0.4325,762.8,969,0,0.012968,0.416728,-10.098423,1016000,12148.2
1017,1000,274.3909,23,0.46,,0,4,9,1.9203,2,840,0.4845,737.7,502,0,0.013028,0.5414,-10.8382,1017000,12157.4
1018,1000,129.3538,17,0.34,,0,2,5,1.299,1,3060,0.6382,880.5,243,0,0.012892,0.963273,-10.534307,1018000,12166.1
1019,1000,332.3912,27,0.54,,0,4,10,2.3848,3,1585,0.5803,851.2,977,0,0.01298,0.308675,-10.960285,1019000,12174.4
1020,1000,281.4742,25,0.5,,0,4,9,1.9203,2,1540,0.6577,959.8,986,0,0.012745,0.207248,-10.676331,1020000,12182.6
1021,1000,334.7066,27,0.54,,0,3,10,3.2692,3,1859,0.6242,809.1,875,0,0.012978,0.391988,-10.792819,1021000,12191.7
1022,1000,263.6132,23,0.46,,0,4,10,2.4875,2,1392,0.5907,824.8,915,0,0.012998,0.283623,-10.864071,1022000,12200.2
1023,1000,156.5694,18,0.36,,0,3,6,1.118,1,1995,0.6238,838.4,869,0,0.012927,0.395483,-11.288751,1023000,12209.0
1024,1000,172.6208,18,0.36,,0,3,5,0.866,1,1952,0.6807,980.5,744,0,0.013312,0.290064,-10.878376,1024000,12217.7
1025,1000,261.6561,22,0.44,,0,3,9,2.1794,2,756,0.551,710.8,669,0,0.013206,0.274188,-11.152925,1025000,12226.4
1026,1000,295.812,25,0.5,,0,5,7,0.8292,3,2161,0.657,757.1,847,0,0.013156,0.574609,-11.213594,1026000,12234.8
1027,1000,347.951,25,0.5,,0,5,8,1.299,4,1369,0.6155,701.3,774,0,0.013421,0.298036,-10.855852,1027000,12242.8
1028,1000,296.8404,26,0.52,,0,5,10,2.0616,2,1905,0.5255,886.6,937,0,0.013396,0.408967,-11.198947,1028000,12251.0
1029,1000,164.6378,19,0.38,,0,3,6,1.0897,1,2235,0.6225,757.3,521,0,0.013677,0.324324,-10.827524,1029000,12259.8
1030,1000,419.069,31,0.62,,0,4,12,3.3448,4,1534,0.6092,878.0,891,0,0.013404,0.357191,-11.406226,1030000,12267.9
1031,1000,217.061,21,0.42,,0,4,8,1.6394,1,484,0.5513,737.8,588,0,0.013512,0.300333,-11.75618,1031000,12276.0
1032,1000,306.7733,26,0.52,,0,4,10,2.1794,3,2215,0.6398,918.3,995,0,0.013673,0.29438,-11.834486,1032000,12284.6
1033,1000,257.0309,23,0.46,,0,2,10,2.8614,2,2140,0.6468,1023.9,896,0,0.013242,0.3098,-10.670841,1033000,12293.6
1034,1000,331.6365,26,0.52,,0,4,10,2.2913,3,1462,0.6777,966.4,767,0,0.013432,0.820885,-10.253706,1034000,12302.0
1035,1000,205.0266,21,0.42,,0,5,6,0.433,1,1507,0.5102,868.6,574,0,0.013173,0.342135,-11.112394,1035000,12310.1
1036,1000,332.2192,26,0.52,,0,4,9,2.0616,3,1248,0.5048,705.9,872,0,0.013361,0.258514,-10.514996,1036000,12318.1
1037,1000,246.5287,22,0.44,,0,4,8,1.6583,2,1664,0.485,626.4,776,0,0.013141,0.453537,-12.196188,1037000,12326.8
1038,1000,143.6167,17,0.34,,0,3,5,0.8292,1,1861,0.4667,633.0,466,0,0.013401,0.264096,-10.970754,1038000,12335.3
1039,1000,238.9213,22,0.44,,0,4,7,1.118,2,2104,0.6112,776.6,861,0,0.013275,0.33592,-10.565295,1039000,12343.5
1040,1000,227.6822,23,0.46,,0,4,9,1.9203,1,1775,0.603,891.6,919,0,0.013367,0.260718,-11.710056,1040000,12352.6
1041,1000,51.5446,14,0.28,,0,2,5,1.5,0,3322,0.7198,996.6,241,0,0.013087,0.417303,-10.746361,1041000,12361.7
1042,1000,230.226,19,0.38,,0,3,6,1.0897,2,614,0.4582,745.2,857,0,0.013068,0.296372,-10.717478,1042000,12370.8
1043,1000,14.6298,10,0.2,,0,1,4,1.118,0,3104,0.7205,1073.5,866,0,0.013307,0.486461,-11.908766,1043000,12380.3
1044,1000,185.6381,17,0.34,,0,2,5,1.299,2,2243,0.5305,936.4,553,0,0.013128,0.266746,-12.296156,1044000,12389.7
1045,1000,202.2157,18,0.36,,0,2,7,1.8028,2,1927,0.555,796.5,498,0,0.012923,0.32164,-11.174675,1045000,12397.6
1046,1000,185.8752,20,0.4,,0,4,7,1.2247,1,2106,0.576,782.3,702,0,0.013286,0.33839,-12.12858,1046000,12405.8
1047,1000,263.233,23,0.46,,0,4,8,1.479,2,1675,0.566,991.5,961,0,0.01291,0.439116,-11.187012,1047000,12414.1
1048,1000,261.1382,24,0.48,,0,4,9,1.8708,2,1733,0.503,757.1,788,0,0.012681,0.184036,-11.152054,1048000,12423.1
1049,1000,250.315,21,0.42,,0,4,8,1.6394,2,941,0.5895,680.0,938,0,0.012627,0.507983,-11.116626,1049000,12431.3
1050,1000,237.827,22,0.44,,0,4,7,1.118,2,2467,0.6512,1073.5,979,0,0.012243,0.311749,-12.171043,1050000,12439.8
1051,1000,352.4751,28,0.56,,0,4,10,2.2361,3,1502,0.627,964.2,783,0,0.012002,0.36899,-11.83931,1051000,12461.8
1052,1000,210.552,19,0.38,,0,2,7,1.7854,2,2048,0.677,767.3,429,0,0.012027,0.259884,-11.448527,1052000,12470.4
1053,1000,246.5261,23,0.46,,0,4,9,1.9203,2,2034,0.7043,848.2,994,0,0.012404,0.249998,-11.185283,1053000,12479.3
1054,1000,390.357,26,0.52,,0,5,10,2.0616,5,2018,0.5198,778.5,851,0,0.012252,0.575739,-12.056808,1054000,12488.1
1055,1000,340.2131,28,0.56,,0,4,10,2.5495,3,1830,0.6757,1001.5,893,0,0.012107,0.300007,-11.478271,1055000,12496.3
1056,1000,313.7292,25,0.5,,0,4,10,2.2776,3,1804,0.5955,778.1,962,0,0.012183,0.236146,-12.401539,1056000,12504.3
1057,1000,209.4657,21,0.42,,0,4,8,1.6394,1,1024,0.6072,699.5,922,0,0.011928,0.273066,-11.502667,1057000,12512.3
1058,1000,251.6915,23,0.46,,0,4,9,2.0463,2,1402,0.5617,804.5,620,0,0.011875,0.347428,-11.22832,1058000,12521.2
1059,1000,291.5082,22,0.44,,0,4,7,1.118,3,1134,0.5637,906.8,903,0,0.011946,0.30078,-10.701258,1059000,12529.4
1060,1000,250.0304,20,0.4,,0,4,6,0.7071,3,2270,0.6847,978.4,881,0,0.012098,0.281183,-11.777302,1060000,12537.8
1061,1000,108.5705,16,0.32,,0,3,5,0.7071,0,1926,0.7215,816.1,924,0,0.012088,0.2982,-11.891644,1061000,12546.2
1062,1000,204.8307,18,0.36,,0,3,5,0.866,2,1955,0.5142,771.3,715,0,0.01215,0.265324,-11.401862,1062000,12555.6
1063,1000,166.6304,19,0.38,,0,4,5,0.433,0,1297,0.393,723.6,206,0,0.01237,0.475006,-11.626061,1063000,12564.5
1064,1000,57.1447,13,0.26,,0,2,5,1.299,0,2694,0.7205,969.6,934,0,0.01233,0.401622,-12.378762,1064000,12573.8
1065,1000,337.2235,27,0.54,,0,4,9,1.7854,3,1387,0.528,746.6,980,0,0.012322,0.601873,-12.071648,1065000,12581.8
1066,1000,214.6743,20,0.4,,0,4,6,0.7071,2,2195,0.5012,820.3,479,0,0.012405,0.312828,-11.486522,1066000,12590.8
1067,1000,254.0527,20,0.4,,0,3,6,1.2247,3,2150,0.593,861.9,766,0,0.012361,0.467889,-11.627422,1067000,12599.3
1068,1000,59.1154,13,0.26,,0,2,5,1.299,0,2841,0.726,969.7,399,0,0.012511,0.455424,-11.305654,1068000,12607.7
1069,1000,286.4229,23,0.46,,0,3,9,2.1651,3,1935,0.6155,723.3,900,0,0.012319,0.356416,-11.933104,1069000,12616.8
1070,1000,114.1229,15,0.3,,0,2,5,1.299,0,1595,0.6725,879.9,978,0,0.012464,0.259227,-11.859972,1070000,12625.2
1071,1000,74.9415,14,0.28,,0,2,5,1.118,0,2399,0.725,745.7,818,0,0.012398,0.337569,-11.803442,1071000,12633.5
1072,1000,319.9489,25,0.5,,0,4,9,1.9203,3,1474,0.64,947.0,1000,0,0.012698,0.263294,-12.223186,1072000,12641.6
1073,1000,28.0939,10,0.2,,0,1,5,1.5,0,2664,0.722,890.2,926,0,0.012683,0.718641,-12.226916,1073000,12650.7
1074,1000,153.5659,18,0.36,,0,4,6,0.866,1,2334,0.6318,762.2,542,0,0.012431,0.475993,-12.189247,1074000,12659.0
1075,1000,218.4024,20,0.4,,0,2,7,1.8708,2,2078,0.523,840.5,887,0,0.012302,0.714598,-13.061031,1075000,12667.6
1076,1000,253.4345,20,0.4,,0,5,5,0.0,3,1956,0.5248,736.1,662,0,0.012324,0.216879,-11.632747,1076000,12676.8
1077,1000,332.7983,26,0.52,,0,5,9,1.6583,3,1261,0.5667,713.5,977,0,0.012645,0.622962,-11.878742,1077000,12686.5
1078,1000,222.7369,20,0.4,,0,4,7,1.2247,2,1630,0.6605,799.6,458,0,0.012185,0.401981,-12.46627,1078000,12695.3
1079,1000,288.3901,23,0.46,,0,5,7,0.8292,3,1818,0.663,758.2,873,0,0.012381,0.311218,-11.893878,1079000,12704.6
1080,1000,258.7619,23,0.46,,0,5,8,1.299,2,1856,0.6438,702.7,715,0,0.012349,0.267676,-13.105555,1080000,12713.4
1081,1000,307.8798,25,0.5,,0,4,8,1.479,3,1799,0.566,812.7,988,0,0.01215,0.428028,-11.428667,1081000,12722.1
1082,1000,206.2115,20,0.4,,0,3,7,1.4142,2,2463,0.6288,730.6,944,0,0.012137,0.266811,-11.883129,1082000,12730.5
1083,1000,163.9605,19,0.38,,0,4,7,1.299,1,2268,0.5643,809.5,961,0,0.012256,0.386055,-11.382168,1083000,12739.1
1084,1000,200.2509,18,0.36,,0,3,6,1.118,2,1995,0.6122,942.1,967,0,0.012439,0.301308,-12.358294,1084000,12748.1
1085,1000,227.1568,20,0.4,,0,3,7,1.5811,2,1609,0.5975,713.4,588,0,0.012193,0.915624,-12.82773,1085000,12756.9
1086,1000,291.9863,24,0.48,,0,4,9,1.8708,3,1760,0.653,767.2,715,0,0.012229,0.297945,-11.523532,1086000,12765.6
1087,1000,259.3303,23,0.46,,0,3,9,2.1651,2,1770,0.6422,825.5,547,0,0.012631,0.375403,-11.907549,1087000,12774.2
1088,1000,284.0063,26,0.52,,0,5,8,1.5,2,1556,0.4845,861.5,984,0,0.012491,0.373002,-12.511684,1088000,12783.2
1089,1000,327.2192,27,0.54,,0,4,10,2.3848,2,767,0.5085,732.7,858,0,0.012303,0.593589,-11.252533,1089000,12791.2
1090,1000,225.4298,21,0.42,,0,4,8,1.6394,2,1965,0.696,716.9,998,0,0.01222,0.265018,-11.847376,1090000,12799.7
1091,1000,268.675,23,0.46,,0,4,8,1.479,2,1295,0.4923,738.5,993,0,0.012098,0.66312,-11.892768,1091000,12808.5
1092,1000,364.2797,28,0.56,,0,4,10,2.5495,3,1157,0.5705,897.7,813,0,0.01223,0.39227,-11.822515,1092000,12817.2
1093,1000,244.8186,22,0.44,,0,4,8,1.5,2,1905,0.578,734.2,971,0,0.011988,0.490045,-11.865891,1093000,12824.5
1094,1000,206.1132,18,0.36,,0,4,5,0.5,2,1517,0.3493,676.0,319,0,0.011986,0.632488,-11.869555,1094000,12832.2
1095,1000,202.3277,19,0.38,,0,2,8,2.1651,2,2289,0.5805,864.3,783,0,0.011742,0.35589,-11.92283,1095000,12840.6
1096,1000,227.8843,23,0.46,,0,4,9,1.9203,1,1266,0.5505,821.3,882,0,0.012017,0.509046,-12.209061,1096000,12849.1
1097,1000,217.2096,21,0.42,,0,2,7,2.0463,2,2654,0.6448,860.6,928,0,0.011663,0.355562,-11.678526,1097000,12857.2
1098,1000,63.8308,14,0.28,,0,2,5,1.5,0,2916,0.7173,849.7,846,0,0.0117,0.220128,-12.284342,1098000,12865.7
1099,1000,135.1167,19,0.38,,0,4,5,0.433,0,2051,0.5095,638.9,845,0,0.011764,0.423157,-11.874735,1099000,12874.4
1100,1000,313.9678,27,0.54,,0,3,10,2.8614,2,1568,0.6135,787.3,931,0,0.01199,0.398002,-12.099959,1100000,12883.2
1101,1000,278.0258,25,0.5,,0,3,10,2.586,2,1800,0.6655,1060.8,985,0,0.0119,0.231621,-11.976843,1101000,12904.7
1102,1000,254.7065,23,0.46,,0,5,8,1.299,2,1624,0.6145,748.5,544,0,0.0119,0.541713,-11.137844,1102000,12913.1
1103,1000,200.9693,21,0.42,,0,5,6,0.433,1,2275,0.506,889.4,881,0,0.011908,0.372533,-12.16228,1103000,12922.4
1104,1000,242.3017,22,0.44,,0,5,6,0.5,2,1804,0.562,952.8,927,0,0.01182,0.28745,-12.16396,1104000,12930.6
1105,1000,283.1502,26,0.52,,0,3,10,2.6926,2,1684,0.4728,731.1,972,0,0.01154,0.59683,-11.810119,1105000,12938.6
1106,1000,273.8143,24,0.48,,0,4,9,1.8708,2,1328,0.492,773.1,669,0,0.011675,0.240948,-11.717919,1106000,12947.5
1107,1000,357.7411,25,0.5,,0,5,10,2.1651,4,1480,0.6082,930.6,664,0,0.011605,0.259426,-11.426587,1107000,12955.8
1108,1000,297.2542,24,0.48,,0,5,9,1.7321,3,2119,0.686,1010.1,834,0,0.011568,0.361103,-11.672169,1108000,12964.1
1109,1000,229.7,21,0.42,,0,5,6,0.433,2,2258,0.6645,738.6,698,0,0.011683,0.208384,-11.66239,1109000,12972.3
1110,1000,338.4038,27,0.54,,0,5,9,1.479,3,1685,0.6112,800.7,994,0,0.011951,0.488079,-11.702745,1110000,12981.5
1111,1000,254.7566,22,0.44,,0,4,7,1.118,2,1402,0.5945,875.4,709,0,0.011698,0.448291,-11.279164,1111000,12989.8
1112,1000,241.0567,22,0.44,,0,4,7,1.118,2,1912,0.5615,770.4,882,0,0.011624,0.254066,-11.29125,1112000,12998.4
1113,1000,263.5012,24,0.48,,0,4,8,1.5811,2,1451,0.5803,724.5,763,0,0.011566,0.273011,-11.093104,1113000,13007.3
1114,1000,315.7164,24,0.48,,0,4,10,2.3452,3,1408,0.4425,824.4,588,0,0.011749,0.751048,-11.492487,1114000,13016.2
1115,1000,123.8118,18,0.36,,0,4,5,0.5,0,2105,0.5777,716.8,613,0,0.011519,0.376327,-11.394941,1115000,13024.8
1116,1000,143.1794,17,0.34,,0,3,6,1.0897,1,2530,0.7083,893.9,506,0,0.01162,0.274105,-11.004873,1116000,13033.3
1117,1000,112.2151,19,0.38,,0,4,5,0.433,0,2962,0.7133,954.2,718,0,0.011668,0.301651,-11.466362,1117000,13041.7
1118,1000,211.6668,18,0.36,,0,3,5,0.866,2,1426,0.5182,799.7,751,0,0.01197,0.321317,-11.550261,1118000,13050.4
1119,1000,211.6892,19,0.38,,0,4,5,0.433,2,1806,0.5655,886.2,645,0,0.011773,0.71022,-11.609787,1119000,13058.8
1120,1000,161.5109,18,0.36,,0,3,6,1.118,1,1533,0.6378,706.4,939,0,0.011545,0.273398,-11.257768,1120000,13066.9
1121,1000,229.9921,21,0.42,,0,4,8,1.6394,2,1811,0.609,777.7,597,0,0.011666,0.291998,-11.80954,1121000,13075.3
1122,1000,229.3933,20,0.4,,0,5,5,0.0,2,1633,0.5727,714.7,646,0,0.011474,0.411585,-11.027874,1122000,13084.3
1123,1000,290.4726,26,0.52,,0,4,9,2.0616,2,1490,0.6693,871.9,974,0,0.011717,0.370648,-10.453762,1123000,13092.4
1124,1000,407.8908,30,0.6,,0,5,10,2.0616,4,1610,0.5577,862.3,809,0,0.01158,0.438693,-10.625858,1124000,13101.0
1125,1000,333.7493,27,0.54,,0,4,9,2.2776,3,1239,0.6032,738.4,862,0,0.011557,0.37306,-10.93783,1125000,13109.1
1126,1000,242.8615,22,0.44,,0,4,8,1.5,2,2033,0.4788,740.0,687,0,0.011384,0.422251,-11.67262,1126000,13118.0
1127,1000,207.2481,21,0.42,,0,4,8,1.6394,1,700,0.6108,633.1,996,0,0.011197,0.395735,-11.379716,1127000,13126.0
1128,1000,153.2944,17,0.34,,0,3,5,0.8292,1,2243,0.4748,670.1,278,0,0.011196,0.910085,-11.436773,1128000,13134.8
1129,1000,116.0645,17,0.34,,0,3,5,0.8292,0,2453,0.573,644.0,247,0,0.011332,0.604975,-12.230923,1129000,13143.4
1130,1000,245.076,22,0.44,,0,3,8,1.8028,2,1725,0.5255,789.7,856,0,0.011328,0.58929,-10.834642,1130000,13152.1
1131,1000,183.9203,20,0.4,,0,3,8,1.8708,1,2083,0.6677,787.7,925,0,0.011443,0.368353,-11.152612,1131000,13160.5
1132,1000,225.6924,20,0.4,,0,4,7,1.2247,2,1175,0.5865,800.1,958,0,0.011409,0.323666,-10.894696,1132000,13169.1
1133,1000,252.1016,23,0.46,,0,4,9,2.0463,2,1735,0.6315,989.5,595,0,0.011705,0.296241,-11.06159,1133000,13177.4
1134,1000,314.2199,25,0.5,,0,3,10,2.586,3,1600,0.6355,756.7,718,0,0.011666,0.34953,-11.440934,1134000,13186.5
1135,1000,179.1519,19,0.38,,0,4,6,0.8292,1,1737,0.6315,803.1,970,0,0.011388,0.293473,-10.859838,1135000,13195.0
1136,1000,310.7798,26,0.52,,0,4,10,2.2913,2,922,0.4803,887.1,846,0,0.011488,0.336347,-10.905046,1136000,13203.3
1137,1000,222.0885,21,0.42,,0,4,8,1.6394,2,2278,0.6155,807.0,930,0,0.011345,0.359277,-11.088467,1137000,13212.6
1138,1000,316.1199,26,0.52,,0,5,8,1.5,3,1695,0.6593,875.7,726,0,0.011524,0.399561,-11.406947,1138000,13220.8
1139,1000,215.0623,20,0.4,,0,3,7,1.4142,2,1896,0.621,755.3,518,0,0.011763,0.670201,-10.325345,1139000,13229.0
1140,1000,271.0674,24,0.48,,0,5,7,1.0,2,1849,0.5325,715.4,859,0,0.011591,0.278681,-10.483092,1140000,13237.9
1141,1000,122.8104,18,0.36,,0,3,5,0.866,0,1580,0.6428,716.9,969,0,0.011814,1.078496,-10.945147,1141000,13247.3
1142,1000,103.1429,17,0.34,,0,3,5,0.8292,0,2769,0.69,873.9,985,0,0.01199,0.755387,-11.145017,1142000,13255.4
1143,1000,434.1258,33,0.66,,0,7,9,0.8292,4,1447,0.6208,964.5,911,0,0.012043,0.32667,-10.751417,1143000,13263.8
1144,1000,268.1349,24,0.48,,0,4,9,1.8708,2,1477,0.4547,778.2,702,0,0.012183,0.272329,-10.148975,1144000,13272.3
1145,1000,230.5934,21,0.42,,0,3,8,1.7854,2,2018,0.4983,920.2,948,0,0.012025,0.318215,-10.426014,1145000,13281.3
1146,1000,299.2039,27,0.54,,0,4,10,2.3848,2,1853,0.5148,821.0,960,0,0.011896,0.313571,-10.070215,1146000,13290.3
1147,1000,359.2383,28,0.56,,0,4,10,2.5495,3,1038,0.5527,855.0,963,0,0.011958,0.439788,-10.523777,1147000,13299.0
1148,1000,323.4173,26,0.52,,0,3,10,2.5,3,1791,0.6425,697.0,552,0,0.012058,0.32524,-10.269749,1148000,13307.9
1149,1000,116.8824,18,0.36,,0,4,5,0.5,0,2311,0.514,578.7,236,0,0.012361,0.499532,-10.173736,1149000,13317.8
1150,1000,297.3947,24,0.48,,0,4,8,1.5811,3,1743,0.6442,913.1,765,0,0.012144,0.55056,-10.830119,1150000,13326.2
1151,1000,183.3536,19,0.38,,0,4,6,0.8292,1,1516,0.3655,693.7,625,0,0.012384,0.690311,-10.965436,1151000,13347.9
1152,1000,251.8447,24,0.48,,0,4,9,1.8708,2,2327,0.5965,801.2,686,0,0.012256,0.405834,-10.736172,1152000,13356.5
1153,1000,229.5039,22,0.44,,0,5,7,0.866,2,2310,0.673,948.6,830,0,0.012149,0.346848,-10.648224,1153000,13364.9
1154,1000,261.3214,21,0.42,,0,5,6,0.433,3,2273,0.637,725.9,495,0,0.012122,0.222205,-10.70986,1154000,13373.5
1155,1000,222.8712,20,0.4,,0,4,7,1.2247,2,1788,0.5635,821.1,824,0,0.012337,0.334469,-10.277361,1155000,13382.7
1156,1000,143.4323,18,0.36,,0,3,5,0.866,0,1936,0.5128,780.4,888,0,0.012504,0.349489,-11.037265,1156000,13390.9
1157,1000,321.0927,23,0.46,,0,5,7,0.8292,4,1982,0.6528,950.3,796,0,0.012608,0.633016,-10.271906,1157000,13399.3
1158,1000,114.7918,17,0.34,,0,3,5,0.8292,0,2238,0.721,1042.2,928,0,0.012704,0.357484,-11.011602,1158000,13407.9
1159,1000,255.3171,24,0.48,,0,4,10,2.3452,1,1023,0.5,787.9,685,0,0.012448,0.295943,-10.831173,1159000,13416.9
1160,1000,238.804,21,0.42,,0,3,8,1.7854,2,1929,0.5008,950.8,937,0,0.012557,0.560625,-10.727898,1160000,13425.5
1161,1000,262.796,23,0.46,,0,4,8,1.479,2,1641,0.547,794.2,847,0,0.012541,0.368978,-10.462073,1161000,13433.9
1162,1000,317.8531,27,0.54,,0,5,9,1.7854,2,1062,0.6365,900.2,951,0,0.012424,0.382829,-10.629899,1162000,13442.1
1163,1000,327.8124,23,0.46,,0,5,8,1.299,4,1814,0.624,804.2,962,0,0.012464,0.320035,-10.263139,1163000,13451.1
1164,1000,288.1431,25,0.5,,0,5,9,1.6394,2,1361,0.526,789.5,799,0,0.012625,0.358,-10.436467,1164000,13459.2
1165,1000,203.8578,18,0.36,,0,3,6,1.118,2,1634,0.4278,727.2,987,0,0.01244,0.293951,-10.932816,1165000,13467.6
1166,1000,304.7034,25,0.5,,0,4,9,1.7854,3,2123,0.6082,970.7,896,0,0.012647,0.240762,-10.487322,1166000,13476.9
1167,1000,249.1884,22,0.44,,0,5,7,0.866,2,1790,0.6285,785.5,860,0,0.01236,0.288728,-10.852705,1167000,13485.0
1168,1000,272.5215,25,0.5,,0,4,9,1.9203,2,2026,0.684,835.5,819,0,0.012438,0.454949,-10.396589,1168000,13493.1
1169,1000,255.5034,22,0.44,,0,4,9,2.0616,2,1433,0.6045,766.9,828,0,0.012434,0.567652,-10.865964,1169000,13501.1
1170,1000,272.6303,25,0.5,,0,4,9,1.9203,2,2199,0.6505,814.6,881,0,0.012316,0.227487,-10.30068,1170000,13509.9
1171,1000,236.0792,23,0.46,,0,4,9,1.9203,1,1360,0.639,742.2,935,0,0.012276,0.289036,-11.261117,1171000,13518.1
1172,1000,299.1461,24,0.48,,0,5,8,1.2247,3,1840,0.6763,828.9,969,0,0.012352,0.48072,-9.800063,1172000,13526.6
1173,1000,193.8675,18,0.36,,0,2,6,1.6583,2,1933,0.6182,855.2,962,0,0.012194,0.726951,-11.269066,1173000,13534.7
1174,1000,418.3718,33,0.66,,0,5,10,2.0463,3,1036,0.5505,879.3,954,0,0.012282,0.250622,-10.143116,1174000,13543.2
1175,1000,293.2816,23,0.46,,0,3,7,1.6394,3,1746,0.6697,897.6,759,0,0.012148,0.439308,-10.81798,1175000,13551.2
1176,1000,220.6145,20,0.4,,0,5,5,0.0,2,2045,0.5158,834.2,558,0,0.012215,0.51912,-10.033104,1176000,13559.2
1177,1000,238.3484,22,0.44,,0,5,6,0.5,2,2288,0.6235,738.5,952,0,0.011914,0.249547,-11.122337,1177000,13567.6
1178,1000,336.8794,23,0.46,,0,5,7,0.8292,4,1305,0.5603,786.1,952,0,0.011924,0.451445,-10.981895,1178000,13576.2
1179,1000,269.2431,23,0.46,,0,3,8,1.9203,2,1401,0.5992,854.8,986,0,0.012037,0.325958,-10.049793,1179000,13584.5
1180,1000,182.5622,20,0.4,,0,2,8,2.1213,1,2072,0.695,824.2,957,0,0.012123,0.336473,-11.170328,1180000,13593.0
1181,1000,237.4889,21,0.42,,0,4,7,1.0897,2,1956,0.4582,963.1,992,0,0.011729,0.479985,-10.669747,1181000,13601.1
1182,1000,313.015,25,0.5,,0,4,10,2.2776,3,1470,0.4825,760.4,983,0,0.011886,0.513992,-11.068491,1182000,13610.1
1183,1000,397.1088,28,0.56,,0,5,10,2.1213,4,1013,0.5903,900.7,884,0,0.012125,0.276323,-11.139712,1183000,13618.1
1184,1000,337.3913,28,0.56,,0,2,10,3.3166,3,1883,0.6448,858.9,941,0,0.011961,0.760602,-10.256591,1184000,13626.3
1185,1000,363.718,26,0.52,,0,6,8,0.866,4,1510,0.6625,903.6,724,0,0.011862,0.453612,-10.897455,1185000,13634.9
1186,1000,219.6971,23,0.46,,0,4,9,1.9203,1,1985,0.6707,739.0,948,0,0.011841,0.40763,-10.978292,1186000,13644.5
1187,1000,299.6517,24,0.48,,0,4,8,1.5811,3,1693,0.6338,966.6,975,0,0.011791,0.792058,-11.402805,1187000,13652.7
1188,1000,183.7582,19,0.38,,0,4,6,0.8292,1,1374,0.482,691.1,667,0,0.011676,0.336162,-10.447936,1188000,13660.8
1189,1000,284.6964,25,0.5,,0,5,10,2.1651,2,1640,0.4965,813.2,830,0,0.011777,0.59061,-10.949406,1189000,13669.0
1190,1000,249.6742,22,0.44,,0,5,6,0.5,2,1760,0.6235,832.2,511,0,0.011808,0.301939,-10.605007,1190000,13677.5
1191,1000,294.6497,23,0.46,,0,4,8,1.479,3,1573,0.653,930.4,929,0,0.011743,0.496141,-10.904629,1191000,13684.7
1192,1000,241.1928,22,0.44,,0,3,8,2.0616,2,2109,0.681,871.1,854,0,0.012045,0.383339,-10.981342,1192000,13692.9
1193,1000,312.4673,25,0.5,,0,5,9,1.6394,3,2006,0.641,879.9,940,0,0.01213,0.462203,-11.457268,1193000,13700.9
1194,1000,232.81,22,0.44,,0,4,9,2.0616,1,428,0.5507,657.6,880,0,0.011802,0.28196,-10.448965,1194000,13709.4
1195,1000,229.9518,21,0.42,,0,4,8,1.6394,2,1921,0.574,758.5,735,0,0.012167,0.324029,-10.1857,1195000,13717.6
1196,1000,357.0168,25,0.5,,0,5,7,0.8292,4,1403,0.5845,922.3,951,0,0.012274,0.490584,-11.138395,1196000,13725.8
1197,1000,220.7887,23,0.46,,0,4,9,1.9203,1,1212,0.6005,749.9,823,0,0.012155,1.316656,-11.325613,1197000,13733.8
1198,1000,186.3337,20,0.4,,0,5,5,0.0,1,2019,0.361,731.4,395,0,0.012174,0.400867,-11.369283,1198000,13742.7
1199,1000,258.6558,23,0.46,,0,5,8,1.299,2,1320,0.585,813.9,675,0,0.011989,0.437746,-11.173095,1199000,13750.9
1200,1000,359.338,27,0.54,,0,5,9,1.479,4,2218,0.6623,884.8,845,0,0.0116,0.400863,-11.42903,1200000,13759.2
1201,1000,296.1368,23,0.46,,0,5,8,1.299,3,1900,0.646,835.1,492,0,0.011969,0.364629,-10.184045,1201000,13781.2
1202,1000,113.5654,16,0.32,,0,3,5,0.7071,0,891,0.5102,741.8,276,0,0.011809,0.460599,-11.024218,1202000,13789.5
1203,1000,154.7539,18,0.36,,0,4,5,0.5,0,170,0.4945,650.0,280,0,0.011816,0.224598,-11.055971,1203000,13797.5
1204,1000,88.0656,14,0.28,,0,2,5,1.5,0,2301,0.7202,1026.5,139,0,0.011757,0.237883,-11.332157,1204000,13805.7
1205,1000,251.6937,23,0.46,,0,4,8,1.479,2,1896,0.5627,726.2,951,0,0.011485,0.311137,-11.813226,1205000,13814.5
1206,1000,353.3446,26,0.52,,0,5,10,2.0616,4,1881,0.641,920.9,873,0,0.011601,0.252708,-11.690488,1206000,13823.1
1207,1000,306.1709,24,0.48,,0,5,8,1.2247,3,1649,0.5088,889.0,953,0,0.011689,0.34798,-12.203522,1207000,13831.4
1208,1000,288.4407,26,0.52,,0,4,9,2.0616,2,1395,0.488,703.3,918,0,0.012021,0.277159,-11.014573,1208000,13839.4
1209,1000,328.1581,26,0.52,,0,5,10,2.0616,3,2046,0.642,938.7,820,0,0.011941,0.565053,-11.148653,1209000,13849.0
1210,1000,298.454,22,0.44,,0,4,8,1.5,3,1044,0.5317,902.7,995,0,0.011972,0.430678,-11.543401,1210000,13857.7
1211,1000,261.3531,22,0.44,,0,5,7,0.866,2,1223,0.605,815.0,967,0,0.01208,0.47323,-11.935726,1211000,13865.9
1212,1000,253.1278,22,0.44,,0,4,7,1.118,2,1760,0.5667,733.7,950,0,0.012007,0.311619,-12.197568,1212000,13874.7
1213,1000,215.2829,21,0.42,,0,4,9,2.1651,1,808,0.5965,759.8,846,0,0.012067,0.24053,-11.532474,1213000,13883.4
1214,1000,246.802,22,0.44,,0,4,8,1.6583,2,1564,0.6048,739.0,937,0,0.012084,0.265376,-11.267378,1214000,13892.0
1215,1000,235.5911,22,0.44,,0,5,6,0.5,2,2230,0.6855,1073.5,319,0,0.011815,0.424486,-12.072455,1215000,13900.4
1216,1000,247.7977,23,0.46,,0,4,8,1.479,2,2023,0.5235,862.4,755,0,0.011598,0.304014,-12.139019,1216000,13909.3
1217,1000,165.1656,18,0.36,,0,4,5,0.5,1,1722,0.5885,865.1,413,0,0.011683,0.388003,-11.416302,1217000,13917.8
1218,1000,294.7824,24,0.48,,0,4,9,1.8708,3,1724,0.629,819.4,604,0,0.01145,0.391702,-11.528294,1218000,13926.0
1219,1000,320.7673,25,0.5,,0,3,10,2.586,3,1101,0.5703,808.5,989,0,0.011704,0.551908,-11.473526,1219000,13934.2
1220,1000,109.4419,16,0.32,,0,4,4,0.0,0,536,0.6178,646.3,234,0,0.011586,0.23577,-11.632233,1220000,13943.4
1221,1000,218.5456,21,0.42,,0,4,8,1.6394,1,1086,0.3967,682.9,726,0,0.011658,0.486383,-11.106808,1221000,13951.7
1222,1000,362.8489,30,0.6,,0,5,10,2.5,3,1623,0.611,755.8,988,0,0.011827,0.480564,-11.382032,1222000,13960.0
1223,1000,121.812,15,0.3,,0,2,5,1.0897,0,578,0.3412,756.0,161,0,0.011597,0.276809,-11.818995,1223000,13967.9
1224,1000,230.8156,20,0.4,,0,5,5,0.0,2,1851,0.5115,901.2,982,0,0.011377,0.402359,-12.391193,1224000,13977.1
1225,1000,208.1197,19,0.38,,0,2,7,1.7854,2,2429,0.5337,1021.2,986,0,0.011592,0.282742,-12.66193,1225000,13985.6
1226,1000,257.838,21,0.42,,0,4,7,1.0897,3,2484,0.6723,903.3,324,0,0.011321,0.452923,-12.007759,1226000,13994.2
1227,1000,249.8368,23,0.46,,0,3,10,2.681,2,1858,0.676,764.1,621,0,0.011161,0.473243,-11.820456,1227000,14002.4
1228,1000,346.494,28,0.56,,0,4,10,2.5495,3,1746,0.6255,957.6,917,0,0.011154,0.399039,-11.73278,1228000,14011.1
1229,1000,202.8224,19,0.38,,0,2,7,1.7854,2,1971,0.6265,812.3,897,0,0.011193,0.216203,-11.936783,1229000,14019.3
1230,1000,235.4279,21,0.42,,0,5,6,0.433,2,1646,0.5537,879.4,951,0,0.011091,0.23847,-13.041014,1230000,14027.6
1231,1000,349.0978,24,0.48,,0,4,10,2.3452,4,971,0.53,734.9,862,0,0.01169,0.38102,-11.785946,1231000,14035.8
1232,1000,198.5368,21,0.42,,0,4,7,1.0897,1,2103,0.6743,927.5,697,0,0.011431,0.347974,-12.162357,1232000,14044.7
1233,1000,255.2992,22,0.44,,0,2,9,2.5,2,1744,0.4432,845.6,993,0,0.011387,0.474788,-11.582223,1233000,14052.9
1234,1000,237.655,22,0.44,,0,3,7,1.6583,2,1987,0.629,823.5,931,0,0.011232,0.197905,-11.861952,1234000,14061.3
1235,1000,326.8779,26,0.52,,0,5,9,1.6583,3,1563,0.6492,956.6,849,0,0.011324,0.288714,-11.73883,1235000,14069.7
1236,1000,279.5682,25,0.5,,0,3,9,2.7726,2,1021,0.6342,864.6,910,0,0.011248,0.41152,-11.922421,1236000,14078.5
1237,1000,196.5676,20,0.4,,0,3,7,1.4142,1,1798,0.5232,766.2,939,0,0.011011,0.221601,-12.108299,1237000,14087.0
1238,1000,238.3479,22,0.44,,0,3,8,1.8028,2,2183,0.6372,875.5,594,0,0.011099,0.58298,-12.040622,1238000,14095.4
1239,1000,301.3694,26,0.52,,0,5,9,1.6583,2,1165,0.6903,830.4,901,0,0.011025,0.655694,-12.817627,1239000,14103.7
1240,1000,237.3558,23,0.46,,0,3,10,2.681,2,2598,0.5022,772.2,696,0,0.011335,0.421195,-12.418617,1240000,14111.8
1241,1000,260.666,23,0.46,,0,2,9,2.8614,2,1180,0.4115,843.8,820,0,0.011357,0.205316,-11.834221,1241000,14119.4
1242,1000,285.4667,23,0.46,,0,2,10,2.8614,3,1887,0.6135,958.4,497,0,0.011448,0.694705,-12.192979,1242000,14127.6
1243,1000,248.9366,22,0.44,,0,4,7,1.118,2,1685,0.6615,991.7,903,0,0.011383,0.306111,-11.819272,1243000,14136.3
1244,1000,262.997,23,0.46,,0,3,8,1.9203,2,1195,0.5108,815.8,682,0,0.011535,0.321248,-11.767173,1244000,14145.0
1245,1000,194.6617,20,0.4,,0,4,8,1.7321,1,1493,0.5295,713.2,896,0,0.011578,0.39323,-11.57225,1245000,14153.2
1246,1000,266.0611,23,0.46,,0,3,10,2.586,2,1398,0.6238,808.3,494,0,0.011439,0.346889,-12.633926,1246000,14161.5
1247,1000,270.1002,24,0.48,,0,4,8,1.5811,2,1970,0.5035,792.0,957,0,0.011367,0.418604,-11.356114,1247000,14169.5
1248,1000,277.3832,24,0.48,,0,5,8,1.2247,2,1553,0.5797,711.4,824,0,0.011784,0.341591,-11.949528,1248000,14178.5
1249,1000,180.13,20,0.4,,0,4,7,1.2247,1,1975,0.5837,771.2,812,0,0.011498,0.451594,-11.831343,1249000,14187.2
1250,1000,209.0505,21,0.42,,0,2,10,2.9475,1,1166,0.548,786.1,962,0,0.01162,0.404602,-11.68755,1250000,14195.6
1251,1000,324.8475,26,0.52,,0,5,10,2.0616,3,1617,0.594,941.6,882,0,0.011555,0.523983,-11.802117,1251000,14217.5
1252,1000,198.5064,17,0.34,,0,2,5,1.299,2,1465,0.4605,858.2,587,0,0.011525,0.192735,-11.477264,1252000,14225.5
1253,1000,286.9517,26,0.52,,0,4,10,2.2913,2,1935,0.648,837.6,981,0,0.011555,0.291894,-12.024296,1253000,14233.6
1254,1000,198.6515,19,0.38,,0,4,5,0.433,1,1197,0.4055,678.2,399,0,0.011559,0.29926,-12.537827,1254000,14242.1
1255,1000,216.5257,18,0.36,,0,3,7,1.6583,2,606,0.4442,718.1,963,0,0.011584,0.204851,-12.700091,1255000,14250.0
1256,1000,311.4777,24,0.48,,0,5,8,1.2247,3,1614,0.6468,878.4,824,0,0.011571,0.864613,-12.354324,1256000,14258.8
1257,1000,208.1886,22,0.44,,0,4,8,1.5,1,1949,0.608,794.0,955,0,0.01155,0.271974,-12.486348,1257000,14267.4
1258,1000,215.9407,19,0.38,,0,4,6,0.8292,2,1635,0.596,882.7,798,0,0.011332,0.185044,-12.020928,1258000,14276.4
1259,1000,203.3101,19,0.38,,0,4,5,0.433,1,1036,0.4642,692.0,189,0,0.011345,0.303995,-13.085857,1259000,14284.4
1260,1000,134.604,17,0.34,,0,3,6,1.299,1,2557,0.65,1003.2,527,0,0.011371,0.38118,-11.725677,1260000,14293.1
1261,1000,191.7581,18,0.36,,0,4,5,0.5,2,2119,0.4467,847.3,620,0,0.011412,0.401119,-12.039078,1261000,14301.3
1262,1000,166.5555,19,0.38,,0,4,5,0.433,1,2439,0.6705,851.1,806,0,0.011614,0.236863,-12.191239,1262000,14310.1
1263,1000,182.4757,19,0.38,,0,4,6,0.8292,1,1748,0.514,829.3,984,0,0.011913,0.38203,-11.602425,1263000,14318.2
1264,1000,287.486,23,0.46,,0,4,8,1.479,3,1766,0.6102,999.8,818,0,0.011665,0.306165,-12.145447,1264000,14326.3
1265,1000,272.3997,24,0.48,,0,3,10,2.5495,2,1988,0.6593,730.8,975,0,0.011231,0.461872,-12.016955,1265000,14334.8
1266,1000,197.5304,21,0.42,,0,3,10,2.7726,1,1389,0.586,797.8,877,0,0.011502,0.26385,-12.191435,1266000,14343.5
1267,1000,294.2091,26,0.52,,0,4,9,2.0616,2,1180,0.562,755.5,804,0,0.011244,0.554146,-11.969427,1267000,14351.7
1268,1000,261.3578,21,0.42,,0,4,7,1.0897,3,2014,0.583,871.5,863,0,0.010951,0.522627,-12.138887,1268000,14359.8
1269,1000,255.6507,23,0.46,,0,4,8,1.479,2,2129,0.4715,738.5,990,0,0.011208,0.298514,-12.471097,1269000,14368.4
1270,1000,274.9471,22,0.44,,0,5,6,0.5,3,1692,0.539,914.2,731,0,0.010886,0.277983,-11.873784,1270000,14377.7
1271,1000,186.0211,19,0.38,,0,4,7,1.299,1,1583,0.4825,724.3,995,0,0.011011,0.314141,-12.443888,1271000,14386.2
1272,1000,277.5782,24,0.48,,0,4,8,1.5811,2,1307,0.5367,778.3,962,0,0.011094,0.319272,-12.115747,1272000,14394.3
1273,1000,156.4747,19,0.38,,0,4,5,0.433,0,1514,0.4338,901.3,745,0,0.011301,0.343057,-12.063911,1273000,14402.3
1274,1000,414.6691,31,0.62,,0,5,10,2.2776,4,1703,0.6358,943.3,978,0,0.011044,0.387477,-11.703726,1274000,14411.2
1275,1000,286.7904,26,0.52,,0,4,9,2.0616,2,1606,0.6055,812.7,901,0,0.01107,0.368458,-12.703767,1275000,14419.9
1276,1000,108.9466,16,0.32,,0,2,5,1.2247,0,2111,0.5907,855.0,748,0,0.011131,0.194071,-12.432951,1276000,14428.6
1277,1000,257.7986,21,0.42,,0,3,8,1.7854,3,2347,0.6528,829.8,884,0,0.011148,0.183897,-12.285676,1277000,14437.9
1278,1000,228.5961,23,0.46,,0,4,10,2.4875,1,1389,0.5505,740.6,926,0,0.011107,0.295747,-12.223885,1278000,14446.8
1279,1000,97.8398,15,0.3,,0,2,5,1.299,0,2070,0.6292,813.2,915,0,0.011177,0.304813,-12.582252,1279000,14455.7
1280,1000,177.6538,18,0.36,,0,4,5,0.5,1,1339,0.4525,804.1,368,0,0.011131,0.370426,-12.745678,1280000,14464.4
1281,1000,194.9038,18,0.36,,0,2,6,1.5,2,2037,0.5417,707.9,657,0,0.010968,0.343948,-12.66894,1281000,14473.6
1282,1000,159.7562,18,0.36,,0,3,5,0.866,1,2596,0.714,892.7,966,0,0.010865,0.310131,-12.380902,1282000,14482.0
1283,1000,219.6548,21,0.42,,0,4,8,1.6394,1,1001,0.5938,875.3,858,0,0.011059,0.48541,-12.00304,1283000,14490.1
1284,1000,401.7394,29,0.58,,0,5,10,2.2776,4,1402,0.6458,882.7,983,0,0.011103,0.269886,-11.47669,1284000,14498.0
1285,1000,234.0136,21,0.42,,0,3,9,2.2776,2,1834,0.4825,783.1,962,0,0.01085,0.354838,-11.960049,1285000,14506.9
1286,1000,81.1542,16,0.32,,0,3,5,1.0,0,3045,0.5295,664.7,611,0,0.0109,0.320026,-13.507671,1286000,14515.6
1287,1000,178.143,19,0.38,,0,4,5,0.433,1,2304,0.5078,793.8,841,0,0.01093,0.487975,-11.614412,1287000,14524.1
1288,1000,333.0567,26,0.52,,0,5,9,1.6583,3,1447,0.5397,893.3,921,0,0.011177,0.405673,-12.185893,1288000,14532.4
1289,1000,230.2524,23,0.46,,0,4,10,2.4875,1,1453,0.4688,619.7,994,0,0.010818,0.302424,-12.938301,1289000,14540.6
1290,1000,128.2997,17,0.34,,0,4,5,0.433,0,1646,0.4145,645.1,604,0,0.011074,0.344397,-12.092508,1290000,14548.7
1291,1000,204.9539,21,0.42,,0,5,6,0.433,1,1838,0.6128,854.3,811,0,0.010989,0.414488,-12.691888,1291000,14557.2
1292,1000,231.4591,20,0.4,,0,4,6,0.7071,2,1621,0.4407,808.9,804,0,0.011068,0.197227,-12.665362,1292000,14565.9
1293,1000,176.8776,20,0.4,,0,3,7,1.4142,1,2092,0.595,880.3,925,0,0.011594,0.449408,-12.450953,1293000,14575.2
1294,1000,209.3097,20,0.4,,0,3,6,1.2247,2,2491,0.672,831.9,671,0,0.01144,0.346056,-11.906422,1294000,14584.0
1295,1000,98.6415,16,0.32,,0,2,5,1.2247,0,2372,0.6562,714.3,142,0,0.011247,0.617886,-12.029261,1295000,14592.6
1296,1000,196.1104,20,0.4,,0,3,7,1.4142,1,1591,0.5098,691.5,802,0,0.011189,0.20996,-12.363222,1296000,14601.7
1297,1000,314.6793,24,0.48,,0,4,8,1.5811,3,1380,0.5138,845.4,789,0,0.011335,0.382927,-12.38621,1297000,14610.6
1298,1000,183.0611,20,0.4,,0,3,7,1.4142,1,2172,0.5038,667.6,435,0,0.01135,0.193037,-12.428286,1298000,14619.9
1299,1000,115.9429,16,0.32,,0,1,6,1.8708,1,3142,0.6985,965.7,266,0,0.011089,0.394969,-12.56349,1299000,14629.0
1300,1000,167.9981,18,0.36,,0,3,5,0.866,1,2200,0.5255,909.8,764,0,0.011164,0.263484,-11.746012,1300000,14638.8
1301,1000,188.91,18,0.36,,0,3,5,0.866,2,2279,0.5513,717.0,904,0,0.011151,0.771774,-12.637762,1301000,14660.9
1302,1000,351.7709,28,0.56,,0,5,10,2.1213,3,1579,0.5952,808.2,942,0,0.011169,0.324578,-12.417754,1302000,14670.6
1303,1000,167.8136,20,0.4,,0,4,6,0.7071,1,2602,0.656,746.5,860,0,0.011321,0.308081,-12.45881,1303000,14679.6
1304,1000,173.6094,20,0.4,,0,4,6,0.7071,1,2622,0.6145,876.2,631,0,0.011168,0.220168,-12.644098,1304000,14688.6
1305,1000,299.2959,23,0.46,,0,5,8,1.299,3,1592,0.5433,750.5,570,0,0.011172,0.366635,-12.506969,1305000,14697.8
1306,1000,263.3258,23,0.46,,0,4,9,1.9203,2,1400,0.4785,762.4,932,0,0.011068,0.393666,-11.992156,1306000,14707.0
1307,1000,229.1458,21,0.42,,0,5,6,0.433,2,2166,0.7023,1030.7,515,0,0.011093,0.303252,-12.816506,1307000,14715.9
1308,1000,233.5372,20,0.4,,0,5,5,0.0,2,1560,0.4965,652.6,612,0,0.01109,0.438643,-11.934383,1308000,14724.2
1309,1000,192.3372,19,0.38,,0,2,7,1.7854,1,1646,0.4557,799.3,689,0,0.010942,0.531823,-11.862822,1309000,14732.6
1310,1000,112.6704,17,0.34,,0,2,5,1.299,0,2363,0.7198,957.4,607,0,0.011198,0.278246,-11.988996,1310000,14741.9
1311,1000,327.4499,26,0.52,,0,5,9,1.6583,3,1887,0.656,865.1,735,0,0.010968,0.197931,-11.873957,1311000,14750.1
1312,1000,216.7114,21,0.42,,0,4,8,1.6394,1,975,0.3852,711.3,464,0,0.010886,0.355783,-12.500834,1312000,14758.2
1313,1000,230.2814,19,0.38,,0,4,5,0.433,3,2493,0.6663,794.0,805,0,0.01095,0.266098,-12.850927,1313000,14766.4
1314,1000,299.9104,22,0.44,,0,5,7,0.866,3,1157,0.514,817.1,861,0,0.011085,0.343793,-12.595896,1314000,14774.9
1315,1000,333.8071,29,0.58,,0,5,10,2.2776,2,1513,0.6847,987.8,994,0,0.01106,0.322231,-12.958881,1315000,14782.7
1316,1000,148.6607,16,0.32,,0,2,5,1.2247,1,2032,0.484,726.3,133,0,0.011082,0.353625,-11.960806,1316000,14790.7
1317,1000,257.0523,23,0.46,,0,3,9,2.3848,2,1415,0.619,843.4,901,0,0.011004,0.323112,-12.242531,1317000,14799.0
1318,1000,202.7679,18,0.36,,0,3,6,1.118,2,1707,0.6767,749.3,507,0,0.011001,0.318776,-11.903002,1318000,14807.8
1319,1000,98.2841,17,0.34,,0,4,5,0.433,0,2866,0.7185,723.7,786,0,0.011108,0.414249,-11.81327,1319000,14816.2
1320,1000,272.2373,24,0.48,,0,2,10,3.1623,2,1402,0.4913,803.5,962,0,0.011008,0.286096,-12.473366,1320000,14824.5
1321,1000,241.9114,22,0.44,,0,5,7,0.866,2,2141,0.6048,828.1,940,0,0.011185,0.230764,-12.681747,1321000,14833.5
1322,1000,331.9495,26,0.52,,0,5,8,1.5,3,1303,0.5617,893.1,970,0,0.010956,0.80833,-12.112431,1322000,14841.6
1323,1000,273.349,26,0.52,,0,4,10,2.2913,2,2186,0.5875,850.1,875,0,0.010739,0.653178,-12.200779,1323000,14850.1
1324,1000,301.7328,25,0.5,,0,5,8,1.299,3,2228,0.6683,844.8,540,0,0.01095,0.327593,-12.666937,1324000,14858.4
1325,1000,73.7668,14,0.28,,0,2,5,1.118,0,2681,0.621,807.9,316,0,0.010975,0.230307,-12.506143,1325000,14867.7
1326,1000,142.6402,17,0.34,,0,3,5,0.8292,1,2343,0.6068,855.4,987,0,0.011148,0.249432,-12.232038,1326000,14876.1
1327,1000,30.1256,14,0.28,,0,2,5,1.5,0,3511,0.721,756.6,132,0,0.011188,0.227264,-12.218555,1327000,14884.6
1328,1000,132.4793,16,0.32,,0,2,6,1.5811,1,2635,0.6923,883.6,921,0,0.011037,0.258229,-12.662004,1328000,14893.2
1329,1000,198.0513,19,0.38,,0,4,5,0.433,1,971,0.4188,623.4,880,0,0.010933,0.358019,-13.172565,1329000,14901.9
1330,1000,240.9548,20,0.4,,0,5,5,0.0,2,1410,0.5327,1014.7,906,0,0.010957,0.424033,-12.691751,1330000,14909.9
1331,1000,306.9956,25,0.5,,0,4,8,1.7854,3,1822,0.6787,958.7,666,0,0.011262,0.279701,-12.392019,1331000,14918.0
1332,1000,243.243,22,0.44,,0,4,7,1.118,2,1852,0.4938,899.3,705,0,0.01164,0.524582,-12.981756,1332000,14926.9
1333,1000,273.6631,25,0.5,,0,4,9,1.9203,2,1603,0.6605,939.1,954,0,0.011185,0.321005,-12.576229,1333000,14936.0
1334,1000,-5.6156,9,0.18,,0,1,4,1.299,0,3512,0.7248,866.5,91,0,0.011211,0.204084,-12.272478,1334000,14944.8
1335,1000,232.8568,22,0.44,,0,4,7,1.118,2,2273,0.688,893.6,906,0,0.011232,0.466986,-12.273005,1335000,14953.2
1336,1000,261.5624,23,0.46,,0,5,8,1.299,2,1745,0.5395,683.8,488,0,0.011221,0.367313,-13.143314,1336000,14961.7
1337,1000,245.3804,22,0.44,,0,5,6,0.5,2,1711,0.6448,901.8,784,0,0.011051,0.196107,-12.296074,1337000,14970.1
1338,1000,160.4652,18,0.36,,0,3,6,1.118,1,1936,0.5365,724.2,669,0,0.011088,0.459012,-12.932617,1338000,14978.3
1339,1000,71.5629,13,0.26,,0,2,5,1.0897,0,2039,0.6312,723.8,345,0,0.011075,0.289877,-11.693934,1339000,14987.1
1340,1000,162.792,19,0.38,,0,4,6,0.8292,1,2363,0.518,642.4,837,0,0.010818,0.312725,-12.55831,1340000,14996.1
1341,1000,73.6315,14,0.28,,0,1,5,1.6583,0,2670,0.7,697.2,289,0,0.01079,0.221812,-12.906351,1341000,15005.3
1342,1000,191.6514,18,0.36,,0,4,5,0.5,2,2163,0.6175,894.4,488,0,0.011087,0.445169,-12.462692,1342000,15014.1
1343,1000,149.9295,18,0.36,,0,4,5,0.5,1,2569,0.5797,808.1,887,0,0.010921,0.572845,-12.623398,1343000,15022.4
1344,1000,296.137,23,0.46,,0,4,9,1.9203,3,1047,0.5515,707.8,536,0,0.011003,0.438437,-12.942245,1344000,15030.7
1345,1000,324.1582,26,0.52,,0,5,9,1.6583,3,1491,0.584,842.7,964,0,0.011319,0.250403,-12.700269,1345000,15039.5
1346,1000,162.288,17,0.34,,0,1,6,1.9203,1,1879,0.5793,856.9,955,0,0.011009,0.230098,-12.381779,1346000,15047.5
1347,1000,235.2976,20,0.4,,0,2,7,2.1213,2,1035,0.6857,778.8,931,0,0.01101,0.223672,-11.929932,1347000,15056.2
1348,1000,174.2569,18,0.36,,0,3,5,0.866,2,2833,0.6833,729.1,251,0,0.011063,0.230625,-11.867557,1348000,15065.5
1349,1000,336.7055,27,0.54,,0,5,9,1.7854,3,1312,0.6108,796.3,969,0,0.011237,0.48641,-12.876949,1349000,15073.9
1350,1000,302.5649,24,0.48,,0,4,7,1.2247,3,1620,0.6302,764.5,752,0,0.011024,0.289713,-12.25723,1350000,15082.1
1351,1000,223.8867,21,0.42,,0,4,7,1.299,2,1791,0.4895,742.9,830,0,0.011158,0.256014,-12.760174,1351000,15103.7
1352,1000,166.411,18,0.36,,0,3,6,1.118,1,1652,0.5585,792.6,893,0,0.011341,0.350254,-11.429756,1352000,15112.2
1353,1000,271.9443,22,0.44,,0,5,6,0.5,3,1708,0.5995,858.5,561,0,0.011147,0.208569,-12.323866,1353000,15120.9
1354,1000,192.8774,20,0.4,,0,4,6,0.7071,1,1412,0.479,897.3,984,0,0.011416,0.70222,-12.420242,1354000,15130.0
1355,1000,176.8299,18,0.36,,0,4,5,0.5,1,1438,0.541,869.5,364,0,0.011223,0.259284,-12.219498,1355000,15139.6
1356,1000,283.9222,22,0.44,,0,5,6,0.5,3,1489,0.4667,843.6,957,0,0.011377,0.355468,-11.969627,1356000,15148.7
1357,1000,162.943,18,0.36,,0,3,6,1.118,1,2034,0.7067,925.0,979,0,0.011361,0.694975,-11.751997,1357000,15157.8
1358,1000,400.4911,28,0.56,,0,5,9,2.0,4,656,0.5903,737.5,896,0,0.010917,0.436012,-12.651768,1358000,15166.6
1359,1000,310.4515,24,0.48,,0,5,8,1.2247,3,1484,0.522,798.9,846,0,0.011217,0.281021,-12.204548,1359000,15175.5
1360,1000,260.5183,23,0.46,,0,4,9,1.9203,2,1427,0.619,832.5,993,0,0.011363,0.346132,-11.794221,1360000,15184.5
1361,1000,255.0386,21,0.42,,0,4,7,1.0897,2,1041,0.5725,920.5,702,0,0.011316,0.231197,-11.883121,1361000,15192.7
1362,1000,326.7212,28,0.56,,0,4,10,2.5495,2,1330,0.5813,796.6,775,0,0.011408,0.28819,-11.717197,1362000,15202.0
1363,1000,315.145,25,0.5,,0,3,9,2.1651,3,1490,0.4763,878.2,1000,0,0.011483,0.663727,-11.444818,1363000,15210.8
1364,1000,222.9381,19,0.38,,0,4,5,0.433,2,1575,0.5387,881.1,806,0,0.011788,1.038869,-11.488525,1364000,15219.5
1365,1000,236.9226,20,0.4,,0,5,5,0.0,2,1465,0.5135,701.7,764,0,0.011381,0.184664,-11.412457,1365000,15227.9
1366,1000,325.3716,26,0.52,,0,4,8,1.5,3,1472,0.5968,866.6,959,0,0.011346,0.428312,-11.603562,1366000,15236.9
1367,1000,240.5677,20,0.4,,0,4,7,1.2247,2,998,0.4908,741.9,355,0,0.011419,0.320791,-11.779737,1367000,15245.0
1368,1000,209.7917,21,0.42,,0,4,7,1.0897,1,1567,0.5162,775.9,719,0,0.011437,0.64963,-11.344254,1368000,15253.6
1369,1000,235.8764,21,0.42,,0,5,6,0.433,2,1531,0.5238,665.3,974,0,0.011362,0.481666,-11.788054,1369000,15262.4
1370,1000,92.1872,13,0.26,,0,1,5,1.479,1,2657,0.518,845.9,815,0,0.011635,0.573756,-11.521862,1370000,15271.5
1371,1000,295.4722,23,0.46,,0,5,7,0.8292,3,1433,0.5837,812.0,966,0,0.011843,0.264575,-11.466516,1371000,15279.5
1372,1000,153.2734,18,0.36,,0,3,5,0.866,1,2065,0.674,1023.8,937,0,0.011813,0.339876,-10.939539,1372000,15287.8
1373,1000,192.9014,21,0.42,,0,4,7,1.0897,1,2161,0.5942,753.2,535,0,0.011893,0.513146,-12.030195,1373000,15297.2
1374,1000,195.095,20,0.4,,0,4,6,0.7071,1,1564,0.6348,715.0,802,0,0.011533,0.497041,-11.561687,1374000,15305.7
1375,1000,285.9517,23,0.46,,0,5,6,0.433,3,1967,0.5465,944.0,926,0,0.01161,0.280679,-11.689072,1375000,15314.2
1376,1000,165.1863,19,0.38,,0,4,5,0.433,1,2329,0.7057,794.3,928,0,0.01165,0.410136,-11.119846,1376000,15322.9
1377,1000,226.7696,21,0.42,,0,4,7,1.299,2,2087,0.5198,887.2,534,0,0.011585,0.452263,-11.050713,1377000,15332.3
1378,1000,360.7277,29,0.58,,0,4,10,2.1651,3,1359,0.479,827.3,990,0,0.011699,0.409743,-11.024454,1378000,15340.8
1379,1000,188.9771,19,0.38,,0,4,5,0.433,1,1936,0.5022,884.7,647,0,0.011886,0.692601,-11.23653,1379000,15349.0
1380,1000,380.2376,29,0.58,,0,5,10,2.2776,3,890,0.5695,825.0,758,0,0.011815,1.015062,-11.674314,1380000,15357.2
1381,1000,237.331,24,0.48,,0,5,9,1.7321,1,1319,0.471,643.8,684,0,0.011811,0.268784,-11.670513,1381000,15366.2
1382,1000,169.1673,18,0.36,,0,2,7,1.8028,1,1824,0.5857,794.9,727,0,0.01196,0.246462,-10.70802,1382000,15375.1
1383,1000,266.2878,20,0.4,,0,4,6,0.7071,3,1387,0.4452,730.5,655,0,0.011626,0.242076,-11.150898,1383000,15383.2
1384,1000,150.7875,20,0.4,,0,5,5,0.0,0,2375,0.6308,767.0,986,0,0.011343,0.577539,-11.470243,1384000,15391.1
1385,1000,266.7333,21,0.42,,0,4,7,1.0897,3,1895,0.5575,727.4,933,0,0.011577,0.461728,-11.360403,1385000,15399.1
1386,1000,262.8719,20,0.4,,0,4,6,0.7071,3,1682,0.5952,772.0,647,0,0.01134,0.503948,-10.479689,1386000,15407.3
1387,1000,254.155,22,0.44,,0,4,8,1.6583,2,1276,0.6625,694.4,778,0,0.011521,0.24459,-11.884375,1387000,15415.7
1388,1000,129.3062,16,0.32,,0,2,5,1.2247,1,2425,0.6092,642.6,292,0,0.011805,0.445152,-10.6889,1388000,15424.7
1389,1000,224.4448,19,0.38,,0,3,6,1.0897,2,1737,0.64,979.5,587,0,0.011709,0.354473,-10.965585,1389000,15434.2
1390,1000,284.7649,25,0.5,,0,5,8,1.299,2,1445,0.6765,962.8,972,0,0.01163,0.407747,-11.290406,1390000,15442.6
1391,1000,256.2101,20,0.4,,0,5,5,0.0,3,1820,0.577,610.7,634,0,0.011539,0.425671,-11.524519,1391000,15451.1
1392,1000,150.1136,17,0.34,,0,4,5,0.433,1,2190,0.5835,630.3,345,0,0.011849,0.343763,-11.164858,1392000,15459.4
1393,1000,256.3827,22,0.44,,0,4,7,1.118,2,1201,0.6052,862.0,661,0,0.011568,0.769436,-11.094174,1393000,15468.1
1394,1000,296.3471,22,0.44,,0,5,6,0.5,3,656,0.4813,894.5,962,0,0.011667,0.308547,-11.462772,1394000,15476.5
1395,1000,263.4871,23,0.46,,0,5,8,1.299,2,1573,0.6068,850.7,887,0,0.01175,0.590752,-10.884766,1395000,15484.9
1396,1000,273.3564,24,0.48,,0,4,8,1.5811,2,1530,0.5703,784.1,889,0,0.011638,0.19289,-10.607574,1396000,15493.3
1397,1000,200.2152,19,0.38,,0,4,6,0.8292,1,539,0.4755,774.2,978,0,0.011697,0.26505,-10.218804,1397000,15502.0
1398,1000,105.9283,17,0.34,,0,3,5,0.8292,0,2513,0.721,735.1,389,0,0.011705,0.336478,-10.682166,1398000,15510.5
1399,1000,135.6333,19,0.38,,0,4,5,0.433,0,2431,0.6765,746.2,1000,0,0.011507,0.638444,-11.528674,1399000,15518.7
1400,1000,306.9983,23,0.46,,0,5,8,1.299,3,1100,0.5723,746.4,846,0,0.011552,0.636843,-10.535559,1400000,15527.0
1401,1000,273.2168,20,0.4,,0,4,6,0.7071,3,1389,0.5635,768.7,672,0,0.011719,0.261878,-10.823745,1401000,15548.4
1402,1000,245.0849,21,0.42,,0,5,6,0.433,2,1540,0.5577,767.4,748,0,0.011526,0.305353,-10.300425,1402000,15556.6
1403,1000,310.6145,25,0.5,,0,4,9,1.9203,3,1860,0.6853,867.5,855,0,0.011569,0.508106,-10.554585,1403000,15565.2
1404,1000,259.7367,22,0.44,,0,4,7,1.118,2,1057,0.627,797.7,967,0,0.011699,0.258207,-10.992539,1404000,15573.0
1405,1000,262.1829,22,0.44,,0,4,8,1.5,2,1204,0.555,757.4,818,0,0.011701,0.448827,-10.537895,1405000,15580.9
1406,1000,171.3965,17,0.34,,0,3,5,0.8292,1,1293,0.515,734.2,470,0,0.011591,0.351519,-10.847227,1406000,15589.3
1407,1000,222.0475,20,0.4,,0,3,7,1.4142,2,1967,0.5777,847.4,858,0,0.011559,0.278426,-10.950634,1407000,15598.4
1408,1000,270.3825,23,0.46,,0,4,10,2.4875,2,1319,0.5545,845.3,793,0,0.011789,0.371796,-11.69696,1408000,15606.3
1409,1000,273.7385,23,0.46,,0,4,8,1.479,3,2092,0.677,869.3,956,0,0.01168,0.365978,-11.134117,1409000,15614.5
1410,1000,166.287,18,0.36,,0,3,5,0.866,1,1975,0.52,668.8,918,0,0.011859,0.341498,-11.130262,1410000,15623.1
1411,1000,254.4216,23,0.46,,0,4,9,2.0463,2,1629,0.698,1073.5,993,0,0.011792,0.428579,-10.675871,1411000,15632.5
1412,1000,257.4037,23,0.46,,0,3,8,1.9203,2,1599,0.5245,782.3,892,0,0.011785,0.291112,-10.277585,1412000,15641.2
1413,1000,351.9739,29,0.58,,0,3,10,2.586,3,1432,0.6627,1032.0,799,0,0.011658,0.569681,-11.111193,1413000,15650.1
1414,1000,227.3776,21,0.42,,0,4,7,1.299,2,2217,0.647,888.8,654,0,0.011583,0.444073,-10.738771,1414000,15659.3
1415,1000,346.4883,24,0.48,,0,5,7,1.0,4,1366,0.551,820.9,992,0,0.011711,0.470525,-10.663755,1415000,15669.0
1416,1000,133.4196,17,0.34,,0,3,5,0.8292,0,1136,0.372,685.1,235,0,0.011945,0.210478,-10.295323,1416000,15677.0
1417,1000,70.7998,15,0.3,,0,2,5,1.299,0,3256,0.7095,829.2,118,0,0.012118,0.235537,-10.690663,1417000,15685.8
1418,1000,257.6347,21,0.42,,0,5,6,0.433,2,847,0.4477,774.0,979,0,0.011586,0.670631,-10.992304,1418000,15694.7
1419,1000,192.5955,19,0.38,,0,4,6,0.8292,1,1428,0.4778,678.6,971,0,0.011793,0.327661,-10.775162,1419000,15703.4
1420,1000,313.8853,25,0.5,,0,3,10,2.4875,3,1662,0.684,804.3,854,0,0.011651,0.360846,-10.935507,1420000,15711.6
1421,1000,256.8496,22,0.44,,0,5,6,0.5,2,1124,0.4133,836.7,436,0,0.0119,0.282049,-10.898138,1421000,15719.8
1422,1000,239.5875,21,0.42,,0,4,7,1.0897,2,1677,0.6432,812.9,765,0,0.011755,0.269082,-10.956108,1422000,15728.7
1423,1000,289.7169,22,0.44,,0,5,7,0.866,3,1246,0.5397,702.6,573,0,0.011701,0.59237,-10.986048,1423000,15737.1
1424,1000,222.8844,22,0.44,,0,4,8,1.5,1,986,0.5793,749.6,727,0,0.011821,0.322175,-10.958085,1424000,15745.0
1425,1000,276.2565,24,0.48,,0,5,8,1.2247,2,1522,0.5228,884.4,920,0,0.011737,0.303703,-10.580541,1425000,15753.4
1426,1000,316.9753,22,0.44,,0,5,6,0.5,4,1714,0.4805,792.9,971,0,0.011685,0.418019,-11.402408,1426000,15762.7
1427,1000,430.7447,29,0.58,,0,3,11,3.3448,5,1375,0.5733,958.8,807,0,0.011648,0.274305,-10.501728,1427000,15770.9
1428,1000,273.8341,21,0.42,,0,5,6,0.433,3,1484,0.4893,734.6,536,0,0.011371,0.40448,-11.17999,1428000,15779.2
1429,1000,56.2284,13,0.26,,0,1,4,1.299,0,2816,0.72,687.5,440,0,0.011229,0.314236,-11.218143,1429000,15788.0
1430,1000,242.3711,22,0.44,,0,4,9,2.0616,2,1752,0.6272,976.9,505,0,0.011267,0.314339,-10.275882,1430000,15796.9
1431,1000,126.2668,16,0.32,,0,2,5,1.2247,1,2700,0.5172,642.0,190,0,0.011297,0.233147,-11.35277,1431000,15805.5
1432,1000,213.0954,20,0.4,,0,2,7,1.8708,2,2218,0.6265,790.3,963,0,0.011477,0.197979,-10.63769,1432000,15814.1
1433,1000,295.6417,25,0.5,,0,4,9,1.9203,2,635,0.496,734.2,725,0,0.011221,0.31846,-10.595974,1433000,15821.8
1434,1000,275.609,22,0.44,,0,2,8,2.2913,3,1970,0.6295,838.3,723,0,0.011188,0.251076,-10.755977,1434000,15830.4
1435,1000,139.7455,16,0.32,,0,2,5,1.2247,1,2173,0.6325,685.3,756,0,0.011021,0.37247,-10.248543,1435000,15839.0
1436,1000,215.1615,19,0.38,,0,4,5,0.433,2,1907,0.7033,756.3,747,0,0.011242,0.272024,-10.580401,1436000,15847.4
1437,1000,210.3612,21,0.42,,0,4,7,1.0897,2,2637,0.6715,951.2,582,0,0.011247,0.366038,-10.544045,1437000,15856.3
1438,1000,315.9335,25,0.5,,0,3,10,2.586,3,1851,0.6365,936.4,859,0,0.01126,0.49543,-10.943384,1438000,15865.2
1439,1000,228.0673,20,0.4,,0,4,6,0.7071,2,1169,0.34,694.5,801,0,0.010944,0.426172,-11.131689,1439000,15873.1
1440,1000,285.5904,23,0.46,,0,5,7,0.8292,3,2202,0.6198,766.2,862,0,0.011071,0.402019,-10.669983,1440000,15881.6
1441,1000,88.0251,16,0.32,,0,3,5,1.0,0,2940,0.7205,697.6,488,0,0.010709,0.40925,-11.253378,1441000,15890.2
1442,1000,343.4715,26,0.52,,0,5,8,1.5,3,990,0.6122,715.3,990,0,0.010603,0.232677,-11.281101,1442000,15898.9
1443,1000,286.2863,22,0.44,,0,2,10,2.8723,3,1970,0.58,834.4,733,0,0.010709,0.223407,-10.587311,1443000,15907.1
1444,1000,228.9251,21,0.42,,0,4,7,1.0897,2,2135,0.6697,769.4,578,0,0.01074,0.257781,-10.92899,1444000,15915.5
1445,1000,269.1457,23,0.46,,0,4,10,2.4875,2,1032,0.5513,711.6,808,0,0.010718,0.352027,-11.118133,1445000,15923.9
1446,1000,309.5115,24,0.48,,0,3,10,2.5495,3,1404,0.5433,659.3,967,0,0.010991,0.807494,-10.560679,1446000,15932.6
1447,1000,285.9297,22,0.44,,0,3,9,2.1794,3,1504,0.5665,771.5,929,0,0.010742,0.434844,-10.908318,1447000,15940.6
1448,1000,168.7812,18,0.36,,0,4,5,0.5,1,1670,0.5002,779.6,944,0,0.010788,0.854079,-10.948417,1448000,15948.7
1449,1000,239.5689,19,0.38,,0,2,7,1.7854,3,2328,0.6867,946.8,890,0,0.010754,0.231426,-11.330322,1449000,15957.0
1450,1000,122.0668,17,0.34,,0,3,5,0.8292,0,1632,0.5022,686.4,912,0,0.010812,0.378256,-11.10288,1450000,15966.2
1451,1000,222.039,20,0.4,,0,5,5,0.0,1,815,0.3535,711.3,412,0,0.010936,0.686293,-11.16732,1451000,15987.3
1452,1000,236.0542,19,0.38,,0,2,7,1.7854,3,1947,0.6475,1021.7,464,0,0.011011,0.385807,-10.721902,1452000,15996.3
1453,1000,88.9433,13,0.26,,0,1,5,1.479,0,1274,0.4505,806.1,469,0,0.010882,0.37079,-10.539581,1453000,16004.8
1454,1000,249.2798,23,0.46,,0,5,8,1.299,2,2205,0.648,946.5,745,0,0.011037,0.248488,-12.17796,1454000,16013.1
1455,1000,169.6654,18,0.36,,0,3,6,1.118,1,1914,0.5015,786.4,598,0,0.011007,0.239491,-11.53526,1455000,16021.5
1456,1000,170.8406,18,0.36,,0,3,5,0.866,1,1389,0.48,678.8,795,0,0.010922,0.608768,-11.849779,1456000,16030.5
1457,1000,261.3654,21,0.42,,0,5,6,0.433,3,1898,0.513,984.9,835,0,0.010966,0.236955,-11.175165,1457000,16038.8
1458,1000,199.5673,20,0.4,,0,4,6,0.7071,2,2636,0.6943,755.3,890,0,0.011017,0.24213,-10.954849,1458000,16047.2
1459,1000,145.4304,19,0.38,,0,4,5,0.433,0,1601,0.6315,840.3,452,0,0.010863,0.228453,-11.261618,1459000,16055.5
1460,1000,194.0815,19,0.38,,0,4,5,0.433,2,2792,0.5192,785.7,988,0,0.01084,0.229845,-10.970747,1460000,16064.6
1461,1000,93.7384,16,0.32,,0,2,5,1.2247,0,2893,0.7045,945.2,955,0,0.010811,0.466805,-10.911766,1461000,16073.5
1462,1000,333.9224,26,0.52,,0,5,10,2.0616,3,1605,0.5647,886.1,677,0,0.011137,0.444231,-10.937675,1462000,16082.0
1463,1000,250.8264,23,0.46,,0,4,9,1.9203,2,1871,0.7,878.4,985,0,0.010896,0.568331,-11.786345,1463000,16091.6
1464,1000,189.4699,19,0.38,,0,3,6,1.0897,2,2673,0.677,954.5,882,0,0.011042,0.459603,-10.933503,1464000,16100.4
1465,1000,129.8168,18,0.36,,0,4,5,0.5,0,1586,0.4657,725.1,217,0,0.011041,0.295106,-11.903307,1465000,16108.6
1466,1000,307.1809,25,0.5,,0,5,8,1.299,3,2100,0.6268,728.0,995,0,0.010817,0.36839,-10.708117,1466000,16117.2
1467,1000,125.5773,17,0.34,,0,4,5,0.433,0,1750,0.686,810.5,944,0,0.01091,0.484786,-11.256726,1467000,16126.3
1468,1000,116.6134,17,0.34,,0,3,5,0.8292,0,2206,0.6785,996.5,894,0,0.011215,0.220647,-11.076733,1468000,16134.6
1469,1000,61.3794,15,0.3,,0,2,5,1.0897,0,3368,0.7208,951.3,518,0,0.010964,0.244417,-11.256227,1469000,16143.4
1470,1000,108.6993,16,0.32,,0,2,5,1.2247,0,2277,0.7135,872.1,655,0,0.010794,0.374371,-11.083527,1470000,16151.7
1471,1000,128.5352,17,0.34,,0,2,5,1.299,0,2006,0.6975,974.7,945,0,0.010845,0.296602,-11.394948,1471000,16160.8
1472,1000,326.2713,26,0.52,,0,5,10,2.0616,3,1596,0.5563,858.8,963,0,0.01074,0.283548,-12.004331,1472000,16169.0
1473,1000,371.4377,29,0.58,,0,5,10,1.7854,3,1388,0.6302,941.4,993,0,0.01098,0.296444,-11.786072,1473000,16177.2
1474,1000,23.7989,12,0.24,,0,1,4,1.2247,0,3555,0.73,1003.2,262,0,0.010908,0.40525,-11.603558,1474000,16186.1
1475,1000,293.0057,23,0.46,,0,4,9,1.9203,3,1552,0.5975,881.4,836,0,0.011149,0.261048,-12.069094,1475000,16195.0
1476,1000,259.1173,23,0.46,,0,4,9,1.9203,2,1694,0.646,845.9,862,0,0.011128,0.747859,-11.518636,1476000,16203.6
1477,1000,193.3882,19,0.38,,0,2,7,1.7854,2,2663,0.6793,931.7,834,0,0.010847,0.237419,-11.235106,1477000,16212.3
1478,1000,282.9613,23,0.46,,0,3,9,2.1651,3,2136,0.617,865.1,605,0,0.011171,0.254166,-11.777974,1478000,16220.6
1479,1000,202.9708,22,0.44,,0,4,9,2.0616,1,2159,0.5938,874.8,987,0,0.011046,0.483154,-12.221199,1479000,16229.5
1480,1000,141.1649,18,0.36,,0,4,5,0.5,0,935,0.3995,832.3,401,0,0.010955,0.226059,-11.331281,1480000,16237.4
1481,1000,205.1712,18,0.36,,0,4,5,0.5,2,1306,0.5192,712.9,263,0,0.010912,0.395986,-11.75798,1481000,16245.5
1482,1000,113.6028,17,0.34,,0,3,5,0.8292,0,2355,0.698,670.0,796,0,0.010909,0.497171,-12.059569,1482000,16253.0
1483,1000,268.4182,24,0.48,,0,4,9,1.8708,2,1875,0.5773,735.7,988,0,0.010991,0.323981,-11.557121,1483000,16260.7
1484,1000,375.7692,27,0.54,,0,4,10,2.3848,4,1430,0.538,962.3,885,0,0.011109,0.263288,-11.982905,1484000,16267.0
1485,1000,286.4585,24,0.48,,0,3,10,2.5495,2,1186,0.6102,879.7,899,0,0.010791,0.305575,-12.165617,1485000,16273.3
1486,1000,378.2221,27,0.54,,0,3,10,2.8614,4,1282,0.6145,782.0,697,0,0.010734,0.217376,-11.164412,1486000,16279.7
1487,1000,297.1545,23,0.46,,0,5,7,0.8292,3,1641,0.57,898.4,985,0,0.010901,0.280163,-11.509359,1487000,16286.2
1488,1000,256.2109,21,0.42,,0,4,7,1.0897,3,2330,0.6653,894.2,506,0,0.01113,0.278386,-11.696867,1488000,16293.8
1489,1000,284.6674,22,0.44,,0,4,8,1.5,3,1608,0.5025,729.0,480,0,0.011058,0.420443,-10.971711,1489000,16301.2
1490,1000,277.8535,20,0.4,,0,4,6,0.7071,3,878,0.5827,754.6,743,0,0.010824,0.223836,-10.951759,1490000,16308.5
1491,1000,305.2294,25,0.5,,0,4,10,2.2776,3,1861,0.5715,699.0,652,0,0.01094,0.242327,-11.066813,1491000,16316.3
1492,1000,27.7212,11,0.22,,0,2,5,1.299,0,3208,0.7212,1045.7,100,0,0.010952,0.293182,-10.955513,1492000,16324.7
1493,1000,261.5459,23,0.46,,0,3,9,2.1651,2,1227,0.5863,653.1,962,0,0.010753,0.499672,-10.66573,1493000,16331.3
1494,1000,182.2492,19,0.38,,0,4,6,0.8292,1,1415,0.438,832.4,919,0,0.010872,0.326179,-10.99267,1494000,16337.9
1495,1000,292.4792,23,0.46,,0,5,7,0.8292,3,1665,0.6008,796.5,710,0,0.010928,0.550513,-12.128784,1495000,16344.8
1496,1000,346.9025,27,0.54,,0,5,9,1.7854,3,882,0.6245,764.8,984,0,0.010997,0.41182,-11.428463,1496000,16351.4
1497,1000,229.3333,20,0.4,,0,3,7,1.4142,2,1905,0.401,1014.7,998,0,0.011087,0.217336,-10.770584,1497000,16358.8
1498,1000,218.7842,20,0.4,,0,5,5,0.0,2,2129,0.5138,742.6,965,0,0.011296,0.267266,-10.897091,1498000,16365.4
1499,1000,275.2074,24,0.48,,0,2,10,2.9155,2,1621,0.5268,784.8,666,0,0.01101,0.565913,-10.657343,1499000,16372.3
1500,1000,434.0798,31,0.62,,0,3,10,2.8614,4,1053,0.5195,821.4,654,0,0.011179,0.245198,-11.450931,1500000,16379.6
1501,1000,185.9033,21,0.42,,0,4,8,1.6394,1,2409,0.5188,703.4,825,0,0.011097,0.161245,-11.03281,1501000,16401.2
1502,1000,110.406,17,0.34,,0,3,5,0.8292,0,2429,0.7107,931.7,926,0,0.010798,0.346198,-11.127729,1502000,16409.6
1503,1000,290.3625,24,0.48,,0,5,9,1.7321,3,2462,0.6847,1064.0,666,0,0.011013,0.524526,-11.145975,1503000,16417.9
1504,1000,344.6025,28,0.56,,0,5,8,1.2247,3,1778,0.6715,905.8,991,0,0.011011,0.284896,-11.281814,1504000,16427.0
1505,1000,165.9718,19,0.38,,0,3,7,1.479,1,2334,0.6735,736.9,285,0,0.011084,0.237943,-11.80431,1505000,16435.8
1506,1000,205.5811,18,0.36,,0,3,5,0.866,2,2011,0.5467,1073.5,517,0,0.011355,0.709649,-10.926291,1506000,16444.4
1507,1000,186.6182,21,0.42,,0,3,8,1.7854,1,2148,0.618,970.8,715,0,0.011141,0.469053,-11.009565,1507000,16453.3
1508,1000,219.3889,21,0.42,,0,4,7,1.0897,2,2302,0.655,938.7,930,0,0.01139,0.438905,-11.254421,1508000,16462.2
1509,1000,338.0374,24,0.48,,0,5,9,1.7321,4,1678,0.644,823.1,890,0,0.011318,0.299601,-10.435889,1509000,16470.7
1510,1000,231.5103,21,0.42,,0,5,6,0.433,2,2176,0.5098,763.7,535,0,0.011291,0.25566,-11.303852,1510000,16479.3
1511,1000,177.787,19,0.38,,0,4,6,0.8292,1,1665,0.5248,704.6,904,0,0.011273,0.217261,-10.947618,1511000,16487.7
1512,1000,268.1754,22,0.44,,0,4,8,1.5,3,2220,0.653,735.0,996,0,0.011127,0.255065,-11.317095,1512000,16496.8
1513,1000,211.2713,19,0.38,,0,3,6,1.0897,2,2127,0.5547,699.0,909,0,0.010852,0.183125,-10.144335,1513000,16505.8
1514,1000,305.9396,26,0.52,,0,4,10,2.2913,3,2235,0.58,864.4,964,0,0.011253,0.268532,-11.426697,1514000,16514.6
1515,1000,255.4685,23,0.46,,0,4,9,2.0463,2,1713,0.6332,817.3,975,0,0.011262,0.423165,-11.095325,1515000,16524.2
1516,1000,208.4077,19,0.38,,0,3,6,1.0897,2,2332,0.5523,739.2,859,0,0.011054,0.450667,-10.852089,1516000,16533.1
1517,1000,226.3412,20,0.4,,0,3,7,1.4142,2,1975,0.6847,986.0,737,0,0.01115,0.267578,-11.739251,1517000,16541.3
1518,1000,139.2829,19,0.38,,0,4,5,0.433,0,2658,0.6953,869.2,958,0,0.011199,0.274524,-10.257938,1518000,16550.1
1519,1000,140.3793,17,0.34,,0,4,5,0.433,1,2429,0.577,810.6,240,0,0.011231,0.384615,-11.287629,1519000,16559.8
1520,1000,253.0208,20,0.4,,0,5,5,0.0,3,1932,0.5952,900.9,954,0,0.011437,0.355906,-10.582071,1520000,16568.5
1521,1000,255.5827,20,0.4,,0,2,7,1.8708,3,1984,0.5102,891.2,688,0,0.011475,0.378422,-11.714307,1521000,16576.9
1522,1000,175.6545,18,0.36,,0,4,5,0.5,1,1533,0.403,540.2,399,0,0.011759,0.414755,-11.463017,1522000,16585.1
1523,1000,321.4242,26,0.52,,0,4,9,2.0616,3,1543,0.5393,806.6,966,0,0.011479,0.315575,-11.040562,1523000,16594.4
1524,1000,314.875,25,0.5,,0,5,10,2.1651,3,1564,0.526,848.3,976,0,0.011384,0.198948,-10.864749,1524000,16602.8
1525,1000,220.9169,24,0.48,,0,4,10,2.3452,1,2027,0.5823,772.8,842,0,0.011605,0.251847,-10.642555,1525000,16611.5
1526,1000,295.1123,26,0.52,,0,4,10,2.2913,2,1601,0.5823,884.8,904,0,0.01179,0.393214,-10.831571,1526000,16620.1
1527,1000,213.3648,21,0.42,,0,4,7,1.0897,1,1244,0.5115,792.2,601,0,0.011727,0.476369,-11.31444,1527000,16629.1
1528,1000,154.1793,17,0.34,,0,2,5,1.299,1,2439,0.5275,826.2,744,0,0.011736,0.464809,-11.352803,1528000,16637.9
1529,1000,230.9862,21,0.42,,0,5,6,0.433,2,2030,0.4975,750.9,898,0,0.011776,0.849863,-11.149122,1529000,16646.6
1530,1000,277.0629,23,0.46,,0,5,6,0.433,3,2417,0.6955,840.3,996,0,0.01168,0.298121,-11.095877,1530000,16656.0
1531,1000,143.1865,18,0.36,,0,4,5,0.5,0,1476,0.4273,601.4,445,0,0.012006,0.429639,-11.128471,1531000,16664.9
1532,1000,258.5107,24,0.48,,0,4,8,2.0,2,1996,0.5933,904.2,681,0,0.011473,0.340502,-10.711157,1532000,16673.8
1533,1000,300.9106,24,0.48,,0,5,9,1.7321,3,2057,0.679,983.1,928,0,0.011934,0.410709,-11.496279,1533000,16682.3
1534,1000,371.0253,27,0.54,,0,4,12,3.1125,4,1622,0.5998,804.5,929,0,0.012024,0.686589,-11.395164,1534000,16691.3
1535,1000,286.206,25,0.5,,0,5,8,1.299,2,1441,0.6205,914.0,994,0,0.01146,0.356149,-11.695827,1535000,16699.7
1536,1000,234.2472,20,0.4,,0,5,5,0.0,2,1561,0.6595,1073.5,641,0,0.011538,0.265788,-10.757193,1536000,16708.0
1537,1000,59.4324,14,0.28,,0,2,5,1.118,0,3300,0.7202,878.2,981,0,0.011517,0.585892,-11.215777,1537000,16716.9
1538,1000,284.409,23,0.46,,0,3,8,1.7854,3,2129,0.6402,937.1,891,0,0.011344,0.378502,-12.02734,1538000,16726.0
1539,1000,217.9379,20,0.4,,0,2,9,2.5495,2,1588,0.6677,837.5,531,0,0.01149,0.482069,-11.568605,1539000,16734.6
1540,1000,262.3259,22,0.44,,0,4,8,1.5,2,1015,0.4815,660.9,677,0,0.011565,0.331978,-10.988317,1540000,16743.0
1541,1000,250.8999,20,0.4,,0,4,6,0.7071,2,488,0.3945,602.1,804,0,0.011797,0.352786,-11.692678,1541000,16751.0
1542,1000,42.1828,13,0.26,,0,2,5,1.299,0,3205,0.7192,932.4,533,0,0.011619,0.469335,-11.415987,1542000,16760.4
1543,1000,171.8178,19,0.38,,0,4,5,0.433,0,931,0.5757,763.4,665,0,0.011674,0.483698,-11.652333,1543000,16768.9
1544,1000,264.7801,20,0.4,,0,4,6,0.7071,3,1491,0.5505,753.8,985,0,0.011522,0.359892,-12.099154,1544000,16777.5
1545,1000,277.3508,21,0.42,,0,3,7,1.479,3,1404,0.5855,692.9,992,0,0.011573,0.386653,-11.250069,1545000,16786.9
1546,1000,256.3237,23,0.46,,0,5,8,1.299,2,1913,0.6475,778.9,1000,0,0.011774,0.401594,-10.779658,1546000,16795.6
1547,1000,199.0476,19,0.38,,0,4,5,0.433,2,2379,0.6195,909.0,702,0,0.011453,0.455845,-11.691224,1547000,16804.2
1548,1000,205.4686,18,0.36,,0,4,5,0.5,2,1370,0.548,739.5,672,0,0.011636,0.234379,-11.57689,1548000,16812.4
1549,1000,42.0316,13,0.26,,0,2,5,1.299,0,3344,0.7195,890.8,923,0,0.011623,0.302937,-12.311266,1549000,16821.7
1550,1000,175.8052,20,0.4,,0,4,6,0.7071,1,2588,0.651,816.4,854,0,0.011719,0.301642,-11.268312,1550000,16830.4
