/home/kopt/enter/envs/wsl_neuroMCTS/lib/python3.10/site-packages/pygame/pkgdata.py:25: UserWarning: pkg_resources is deprecated as an API. See https://setuptools.pypa.io/en/latest/pkg_resources.html. The pkg_resources package is slated for removal as early as 2025-11-30. Refrain from using this package or pin to Setuptools<81.
  from pkg_resources import resource_stream, resource_exists
pygame 2.6.1 (SDL 2.28.4, Python 3.10.19)
Hello from the pygame community. https://www.pygame.org/contribute.html
지도를 성공적으로 로드했습니다: /home/kopt/drone/proposed_src/util/disaster_map.npy
지도를 성공적으로 로드했습니다: /home/kopt/drone/proposed_src/util/disaster_map.npy
Using device: cuda  tag=v2_26_08_25_14_c300s_vec_relay
설정: relay_w=0.0 alpha_min=0.0 relay_credit=True n_peers=2 comm_range=300.0 action_mode=vector projection=scale
obs_dim=19, state_dim=66, total_act_dim=8
조기 종료: 50ep마다 홀드아웃 6개 평가, patience=15회
Ep 1 | Step 1000 | R   -43.57 | 배송  0/50 | 미활동 4 | 2홉+ 0.39 | 도달  502 | 차단  114
Ep 2 | Step 1000 | R   -40.08 | 배송  0/50 | 미활동 4 | 2홉+ 0.42 | 도달  502 | 차단  178
Ep 3 | Step 1000 | R   -29.29 | 배송  0/50 | 미활동 4 | 2홉+ 0.36 | 도달  502 | 차단  257
Ep 4 | Step 1000 | R   -49.42 | 배송  0/50 | 미활동 4 | 2홉+ 0.38 | 도달  502 | 차단  228
Ep 5 | Step 1000 | R   -33.97 | 배송  0/50 | 미활동 4 | 2홉+ 0.34 | 도달  502 | 차단  234
Ep 6 | Step 1000 | R   112.96 | 배송 15/50 | 미활동 0 | 2홉+ 0.68 | 도달 1060 | 차단 1311
Ep 7 | Step 1000 | R    71.75 | 배송 12/50 | 미활동 1 | 2홉+ 0.60 | 도달  841 | 차단 1820
Ep 8 | Step 1000 | R    65.35 | 배송 11/50 | 미활동 1 | 2홉+ 0.67 | 도달  752 | 차단 2150
Ep 9 | Step 1000 | R   113.49 | 배송 16/50 | 미활동 0 | 2홉+ 0.51 | 도달  595 | 차단 1976
Ep 10 | Step 1000 | R    69.07 | 배송 11/50 | 미활동 0 | 2홉+ 0.63 | 도달  867 | 차단 1652
Ep 11 | Step 1000 | R   114.83 | 배송 14/50 | 미활동 0 | 2홉+ 0.66 | 도달  898 | 차단 2411
Ep 12 | Step 1000 | R    99.18 | 배송 11/50 | 미활동 0 | 2홉+ 0.46 | 도달  606 | 차단 1988
Ep 13 | Step 1000 | R   225.19 | 배송 20/50 | 미활동 0 | 2홉+ 0.59 | 도달  696 | 차단 1310
Ep 14 | Step 1000 | R   105.39 | 배송 14/50 | 미활동 0 | 2홉+ 0.69 | 도달  603 | 차단 1489
Ep 15 | Step 1000 | R     9.63 | 배송  6/50 | 미활동 2 | 2홉+ 0.67 | 도달  512 | 차단 1375
Ep 16 | Step 1000 | R     7.96 | 배송  6/50 | 미활동 2 | 2홉+ 0.68 | 도달  614 | 차단 1618
Ep 17 | Step 1000 | R     6.91 | 배송  9/50 | 미활동 0 | 2홉+ 0.50 | 도달  829 | 차단 2916
Ep 18 | Step 1000 | R    50.14 | 배송 11/50 | 미활동 1 | 2홉+ 0.49 | 도달  797 | 차단 2641
Ep 19 | Step 1000 | R   169.68 | 배송 17/50 | 미활동 0 | 2홉+ 0.53 | 도달  671 | 차단 1448
Ep 20 | Step 1000 | R   181.02 | 배송 18/50 | 미활동 0 | 2홉+ 0.67 | 도달  755 | 차단 1581
Ep 21 | Step 1000 | R     2.08 | 배송  7/50 | 미활동 2 | 2홉+ 0.68 | 도달  917 | 차단 2737
Ep 22 | Step 1000 | R   -11.35 | 배송  6/50 | 미활동 2 | 2홉+ 0.47 | 도달  767 | 차단 2937
Ep 23 | Step 1000 | R    75.83 | 배송 14/50 | 미활동 0 | 2홉+ 0.69 | 도달 1029 | 차단 2325
Ep 24 | Step 1000 | R   132.83 | 배송 18/50 | 미활동 0 | 2홉+ 0.72 | 도달  959 | 차단 1963
Ep 25 | Step 1000 | R    66.32 | 배송 12/50 | 미활동 0 | 2홉+ 0.73 | 도달 1002 | 차단 2643
Ep 26 | Step 1000 | R    21.33 | 배송  9/50 | 미활동 1 | 2홉+ 0.72 | 도달  805 | 차단 2696
Ep 27 | Step 1000 | R    76.92 | 배송 13/50 | 미활동 0 | 2홉+ 0.69 | 도달  997 | 차단 2201
Ep 28 | Step 1000 | R    10.11 | 배송  9/50 | 미활동 0 | 2홉+ 0.72 | 도달  896 | 차단 3081
Ep 29 | Step 1000 | R    63.63 | 배송 12/50 | 미활동 0 | 2홉+ 0.72 | 도달  951 | 차단 2165
Ep 30 | Step 1000 | R    30.67 | 배송  9/50 | 미활동 1 | 2홉+ 0.71 | 도달  965 | 차단 2421
Ep 31 | Step 1000 | R    86.24 | 배송 15/50 | 미활동 0 | 2홉+ 0.71 | 도달  943 | 차단 2069
Ep 32 | Step 1000 | R   150.69 | 배송 18/50 | 미활동 0 | 2홉+ 0.67 | 도달 1000 | 차단 1010
Ep 33 | Step 1000 | R    80.82 | 배송 13/50 | 미활동 0 | 2홉+ 0.69 | 도달 1052 | 차단 1896
Ep 34 | Step 1000 | R   112.76 | 배송 16/50 | 미활동 0 | 2홉+ 0.68 | 도달  849 | 차단 1766
Ep 35 | Step 1000 | R   109.49 | 배송 12/50 | 미활동 1 | 2홉+ 0.61 | 도달  776 | 차단 1396
Ep 36 | Step 1000 | R   105.80 | 배송 15/50 | 미활동 0 | 2홉+ 0.70 | 도달  832 | 차단 1946
Ep 37 | Step 1000 | R    12.24 | 배송  8/50 | 미활동 1 | 2홉+ 0.67 | 도달  858 | 차단 2620
Ep 38 | Step 1000 | R   -23.53 | 배송  5/50 | 미활동 2 | 2홉+ 0.48 | 도달  713 | 차단 2495
Ep 39 | Step 1000 | R    90.99 | 배송 15/50 | 미활동 0 | 2홉+ 0.70 | 도달  963 | 차단 2003
Ep 40 | Step 1000 | R    22.74 | 배송  8/50 | 미활동 0 | 2홉+ 0.48 | 도달  804 | 차단 1895
Ep 41 | Step 1000 | R    94.24 | 배송 14/50 | 미활동 0 | 2홉+ 0.72 | 도달  957 | 차단 1453
Ep 42 | Step 1000 | R   131.36 | 배송 19/50 | 미활동 0 | 2홉+ 0.70 | 도달  911 | 차단 2398
Ep 43 | Step 1000 | R   147.48 | 배송 16/50 | 미활동 0 | 2홉+ 0.71 | 도달  888 | 차단 1876
Ep 44 | Step 1000 | R   174.78 | 배송 17/50 | 미활동 0 | 2홉+ 0.72 | 도달  899 | 차단 1361
Ep 45 | Step 1000 | R    98.60 | 배송 15/50 | 미활동 0 | 2홉+ 0.72 | 도달  967 | 차단 2180
Ep 46 | Step 1000 | R   139.99 | 배송 15/50 | 미활동 0 | 2홉+ 0.71 | 도달  885 | 차단 2029
Ep 47 | Step 1000 | R   167.56 | 배송 17/50 | 미활동 0 | 2홉+ 0.70 | 도달  849 | 차단 1816
Ep 48 | Step 1000 | R   157.79 | 배송 20/50 | 미활동 0 | 2홉+ 0.67 | 도달  892 | 차단 2223
Ep 49 | Step 1000 | R    48.27 | 배송 11/50 | 미활동 1 | 2홉+ 0.73 | 도달  754 | 차단 2635
Ep 50 | Step 1000 | R    76.76 | 배송 13/50 | 미활동 0 | 2홉+ 0.69 | 도달  845 | 차단 2178
  [홀드아웃] 배송 7.7±2.2 미활동 0.67 2홉+ 0.69 도달 840 | 최고 7.7@ep50 | 정체 0/15  ← 최고 갱신
Ep 51 | Step 1000 | R    74.61 | 배송 14/50 | 미활동 0 | 2홉+ 0.72 | 도달 1032 | 차단 2404
Ep 52 | Step 1000 | R    78.09 | 배송 13/50 | 미활동 0 | 2홉+ 0.73 | 도달 1000 | 차단 2305
Ep 53 | Step 1000 | R    70.40 | 배송 14/50 | 미활동 0 | 2홉+ 0.73 | 도달  870 | 차단 2784
Ep 54 | Step 1000 | R   194.98 | 배송 20/50 | 미활동 0 | 2홉+ 0.68 | 도달  900 | 차단 1820
Ep 55 | Step 1000 | R    48.45 | 배송 11/50 | 미활동 0 | 2홉+ 0.73 | 도달 1029 | 차단 2231
Ep 56 | Step 1000 | R    52.51 | 배송 12/50 | 미활동 0 | 2홉+ 0.73 | 도달  958 | 차단 2827
Ep 57 | Step 1000 | R    87.94 | 배송 14/50 | 미활동 0 | 2홉+ 0.72 | 도달 1034 | 차단 1955
Ep 58 | Step 1000 | R    80.37 | 배송 14/50 | 미활동 0 | 2홉+ 0.73 | 도달  938 | 차단 2137
Ep 59 | Step 1000 | R    80.80 | 배송 13/50 | 미활동 1 | 2홉+ 0.72 | 도달  931 | 차단 2205
Ep 60 | Step 1000 | R    69.30 | 배송 14/50 | 미활동 0 | 2홉+ 0.73 | 도달  986 | 차단 2785
Ep 61 | Step 1000 | R    97.34 | 배송 13/50 | 미활동 1 | 2홉+ 0.70 | 도달  893 | 차단 1786
Ep 62 | Step 1000 | R    91.91 | 배송 14/50 | 미활동 0 | 2홉+ 0.73 | 도달 1002 | 차단 1562
Ep 63 | Step 1000 | R    78.03 | 배송 13/50 | 미활동 0 | 2홉+ 0.73 | 도달 1010 | 차단 2154
Ep 64 | Step 1000 | R    68.94 | 배송 14/50 | 미활동 0 | 2홉+ 0.73 | 도달  917 | 차단 2730
Ep 65 | Step 1000 | R    26.33 | 배송  9/50 | 미활동 0 | 2홉+ 0.73 | 도달  962 | 차단 2473
Ep 66 | Step 1000 | R    90.87 | 배송 16/50 | 미활동 0 | 2홉+ 0.73 | 도달  810 | 차단 2547
Ep 67 | Step 1000 | R    43.90 | 배송 11/50 | 미활동 0 | 2홉+ 0.73 | 도달  982 | 차단 2735
Ep 68 | Step 1000 | R   117.10 | 배송 17/50 | 미활동 0 | 2홉+ 0.73 | 도달  980 | 차단 2270
Ep 69 | Step 1000 | R    80.96 | 배송 15/50 | 미활동 0 | 2홉+ 0.73 | 도달  978 | 차단 2865
Ep 70 | Step 1000 | R   101.13 | 배송 17/50 | 미활동 0 | 2홉+ 0.73 | 도달  922 | 차단 2958
Ep 71 | Step 1000 | R    82.20 | 배송 13/50 | 미활동 0 | 2홉+ 0.73 | 도달 1017 | 차단 1720
Ep 72 | Step 1000 | R    96.71 | 배송 17/50 | 미활동 0 | 2홉+ 0.73 | 도달  853 | 차단 2968
Ep 73 | Step 1000 | R    18.99 | 배송  9/50 | 미활동 0 | 2홉+ 0.73 | 도달  950 | 차단 2855
Ep 74 | Step 1000 | R    80.38 | 배송 14/50 | 미활동 0 | 2홉+ 0.73 | 도달  733 | 차단 2236
Ep 75 | Step 1000 | R    47.34 | 배송 11/50 | 미활동 0 | 2홉+ 0.73 | 도달 1027 | 차단 2618
Ep 76 | Step 1000 | R    76.34 | 배송 13/50 | 미활동 0 | 2홉+ 0.73 | 도달  890 | 차단 2416
Ep 77 | Step 1000 | R    99.27 | 배송 15/50 | 미활동 0 | 2홉+ 0.73 | 도달  777 | 차단 2205
Ep 78 | Step 1000 | R    56.71 | 배송 12/50 | 미활동 0 | 2홉+ 0.70 | 도달  823 | 차단 2485
Ep 79 | Step 1000 | R    25.88 | 배송 11/50 | 미활동 0 | 2홉+ 0.73 | 도달 1017 | 차단 3264
Ep 80 | Step 1000 | R    84.59 | 배송 15/50 | 미활동 0 | 2홉+ 0.72 | 도달  785 | 차단 2564
Ep 81 | Step 1000 | R    92.05 | 배송 17/50 | 미활동 0 | 2홉+ 0.73 | 도달 1074 | 차단 3037
Ep 82 | Step 1000 | R    64.78 | 배송 13/50 | 미활동 0 | 2홉+ 0.72 | 도달  960 | 차단 2580
Ep 83 | Step 1000 | R   136.08 | 배송 18/50 | 미활동 0 | 2홉+ 0.58 | 도달  715 | 차단 2120
Ep 84 | Step 1000 | R   128.64 | 배송 19/50 | 미활동 0 | 2홉+ 0.72 | 도달  955 | 차단 2530
Ep 85 | Step 1000 | R   173.76 | 배송 18/50 | 미활동 0 | 2홉+ 0.70 | 도달  953 | 차단 2193
Ep 86 | Step 1000 | R   131.11 | 배송 18/50 | 미활동 0 | 2홉+ 0.57 | 도달  687 | 차단 1981
Ep 87 | Step 1000 | R   119.90 | 배송 18/50 | 미활동 0 | 2홉+ 0.72 | 도달 1035 | 차단 2257
Ep 88 | Step 1000 | R   134.21 | 배송 16/50 | 미활동 1 | 2홉+ 0.61 | 도달  856 | 차단 2339
Ep 89 | Step 1000 | R    96.23 | 배송 16/50 | 미활동 0 | 2홉+ 0.71 | 도달 1006 | 차단 2430
Ep 90 | Step 1000 | R   187.19 | 배송 18/50 | 미활동 0 | 2홉+ 0.69 | 도달 1022 | 차단 1486
Ep 91 | Step 1000 | R    86.22 | 배송 15/50 | 미활동 1 | 2홉+ 0.73 | 도달  980 | 차단 2341
Ep 92 | Step 1000 | R    79.56 | 배송 14/50 | 미활동 1 | 2홉+ 0.48 | 도달  897 | 차단 2596
Ep 93 | Step 1000 | R    73.51 | 배송 14/50 | 미활동 0 | 2홉+ 0.73 | 도달 1074 | 차단 2782
Ep 94 | Step 1000 | R    61.84 | 배송 14/50 | 미활동 0 | 2홉+ 0.72 | 도달  967 | 차단 2627
Ep 95 | Step 1000 | R   106.85 | 배송 16/50 | 미활동 0 | 2홉+ 0.72 | 도달 1039 | 차단 2005
Ep 96 | Step 1000 | R   156.39 | 배송 20/50 | 미활동 0 | 2홉+ 0.67 | 도달 1008 | 차단 1559
Ep 97 | Step 1000 | R    89.73 | 배송 16/50 | 미활동 0 | 2홉+ 0.72 | 도달  979 | 차단 2564
Ep 98 | Step 1000 | R    86.42 | 배송 15/50 | 미활동 0 | 2홉+ 0.73 | 도달 1016 | 차단 2246
Ep 99 | Step 1000 | R   117.57 | 배송 18/50 | 미활동 0 | 2홉+ 0.73 | 도달  912 | 차단 2065
Ep 100 | Step 1000 | R   136.55 | 배송 18/50 | 미활동 0 | 2홉+ 0.59 | 도달  759 | 차단 1978
  [홀드아웃] 배송 8.7±3.4 미활동 0.33 2홉+ 0.69 도달 663 | 최고 8.7@ep100 | 정체 0/15  ← 최고 갱신
Ep 101 | Step 1000 | R    56.41 | 배송 13/50 | 미활동 0 | 2홉+ 0.71 | 도달  774 | 차단 2975
Ep 102 | Step 1000 | R   250.23 | 배송 22/50 | 미활동 0 | 2홉+ 0.59 | 도달  781 | 차단 1513
Ep 103 | Step 1000 | R   207.00 | 배송 21/50 | 미활동 0 | 2홉+ 0.68 | 도달  980 | 차단 1265
Ep 104 | Step 1000 | R   209.00 | 배송 20/50 | 미활동 0 | 2홉+ 0.69 | 도달 1054 | 차단 1517
Ep 105 | Step 1000 | R    48.38 | 배송 13/50 | 미활동 0 | 2홉+ 0.73 | 도달 1021 | 차단 3106
Ep 106 | Step 1000 | R   207.61 | 배송 21/50 | 미활동 0 | 2홉+ 0.61 | 도달  833 | 차단 1610
Ep 107 | Step 1000 | R    89.62 | 배송 15/50 | 미활동 0 | 2홉+ 0.73 | 도달 1074 | 차단 2293
Ep 108 | Step 1000 | R   146.78 | 배송 16/50 | 미활동 0 | 2홉+ 0.66 | 도달  971 | 차단 2069
Ep 109 | Step 1000 | R   133.40 | 배송 15/50 | 미활동 0 | 2홉+ 0.51 | 도달  679 | 차단 1998
Ep 110 | Step 1000 | R   106.02 | 배송 17/50 | 미활동 0 | 2홉+ 0.71 | 도달  691 | 차단 2522
Ep 111 | Step 1000 | R   202.14 | 배송 21/50 | 미활동 0 | 2홉+ 0.61 | 도달  755 | 차단 2177
Ep 112 | Step 1000 | R   232.20 | 배송 24/50 | 미활동 0 | 2홉+ 0.67 | 도달  781 | 차단 1518
Ep 113 | Step 1000 | R   240.50 | 배송 21/50 | 미활동 0 | 2홉+ 0.66 | 도달  797 | 차단 1720
Ep 114 | Step 1000 | R   146.30 | 배송 18/50 | 미활동 0 | 2홉+ 0.57 | 도달  783 | 차단 1436
Ep 115 | Step 1000 | R   190.53 | 배송 20/50 | 미활동 0 | 2홉+ 0.72 | 도달  773 | 차단 1578
Ep 116 | Step 1000 | R   217.68 | 배송 22/50 | 미활동 0 | 2홉+ 0.61 | 도달  787 | 차단 1472
Ep 117 | Step 1000 | R   209.59 | 배송 20/50 | 미활동 0 | 2홉+ 0.69 | 도달  853 | 차단 1222
Ep 118 | Step 1000 | R   223.51 | 배송 22/50 | 미활동 0 | 2홉+ 0.63 | 도달  912 | 차단  999
Ep 119 | Step 1000 | R   129.08 | 배송 18/50 | 미활동 0 | 2홉+ 0.70 | 도달  855 | 차단 2387
Ep 120 | Step 1000 | R   161.93 | 배송 18/50 | 미활동 0 | 2홉+ 0.54 | 도달  772 | 차단 1208
Ep 121 | Step 1000 | R   151.39 | 배송 18/50 | 미활동 0 | 2홉+ 0.61 | 도달  844 | 차단  798
Ep 122 | Step 1000 | R   209.36 | 배송 21/50 | 미활동 0 | 2홉+ 0.63 | 도달  904 | 차단 1665
Ep 123 | Step 1000 | R   225.91 | 배송 21/50 | 미활동 0 | 2홉+ 0.66 | 도달  783 | 차단 1120
Ep 124 | Step 1000 | R   230.08 | 배송 18/50 | 미활동 0 | 2홉+ 0.53 | 도달  900 | 차단  840
Ep 125 | Step 1000 | R   243.99 | 배송 21/50 | 미활동 0 | 2홉+ 0.66 | 도달  868 | 차단 1783
Ep 126 | Step 1000 | R   243.92 | 배송 21/50 | 미활동 0 | 2홉+ 0.67 | 도달  826 | 차단 1808
Ep 127 | Step 1000 | R    40.47 | 배송 12/50 | 미활동 0 | 2홉+ 0.72 | 도달  985 | 차단 3100
Ep 128 | Step 1000 | R   275.03 | 배송 24/50 | 미활동 0 | 2홉+ 0.64 | 도달  918 | 차단 1969
Ep 129 | Step 1000 | R    79.11 | 배송 13/50 | 미활동 0 | 2홉+ 0.73 | 도달 1040 | 차단 1776
Ep 130 | Step 1000 | R    68.86 | 배송 13/50 | 미활동 0 | 2홉+ 0.73 | 도달 1073 | 차단 2305
Ep 131 | Step 1000 | R   330.78 | 배송 23/50 | 미활동 0 | 2홉+ 0.49 | 도달  941 | 차단 1735
Ep 132 | Step 1000 | R   157.88 | 배송 19/50 | 미활동 0 | 2홉+ 0.52 | 도달  717 | 차단 1966
Ep 133 | Step 1000 | R   286.37 | 배송 24/50 | 미활동 0 | 2홉+ 0.49 | 도달  749 | 차단  928
Ep 134 | Step 1000 | R    88.20 | 배송 15/50 | 미활동 0 | 2홉+ 0.73 | 도달 1074 | 차단 2640
Ep 135 | Step 1000 | R   326.46 | 배송 25/50 | 미활동 0 | 2홉+ 0.51 | 도달  779 | 차단 1234
Ep 136 | Step 1000 | R   262.49 | 배송 25/50 | 미활동 0 | 2홉+ 0.66 | 도달  774 | 차단 1541
Ep 137 | Step 1000 | R    64.81 | 배송 13/50 | 미활동 0 | 2홉+ 0.72 | 도달  970 | 차단 2639
Ep 138 | Step 1000 | R   324.51 | 배송 26/50 | 미활동 0 | 2홉+ 0.57 | 도달  999 | 차단 1434
Ep 139 | Step 1000 | R    24.29 | 배송 11/50 | 미활동 0 | 2홉+ 0.72 | 도달  949 | 차단 3379
Ep 140 | Step 1000 | R   337.83 | 배송 27/50 | 미활동 0 | 2홉+ 0.59 | 도달  887 | 차단 1413
Ep 141 | Step 1000 | R   104.63 | 배송 17/50 | 미활동 0 | 2홉+ 0.72 | 도달 1067 | 차단 2778
Ep 142 | Step 1000 | R   359.27 | 배송 28/50 | 미활동 0 | 2홉+ 0.62 | 도달  784 | 차단 1109
Ep 143 | Step 1000 | R   148.72 | 배송 19/50 | 미활동 0 | 2홉+ 0.52 | 도달  709 | 차단 1938
Ep 144 | Step 1000 | R   306.12 | 배송 25/50 | 미활동 0 | 2홉+ 0.65 | 도달  782 | 차단 2121
Ep 145 | Step 1000 | R    54.82 | 배송 14/50 | 미활동 0 | 2홉+ 0.73 | 도달  989 | 차단 3248
Ep 146 | Step 1000 | R   234.28 | 배송 21/50 | 미활동 0 | 2홉+ 0.62 | 도달  978 | 차단 2039
Ep 147 | Step 1000 | R    14.21 | 배송 10/50 | 미활동 2 | 2홉+ 0.72 | 도달  939 | 차단 3377
Ep 148 | Step 1000 | R    95.06 | 배송 16/50 | 미활동 0 | 2홉+ 0.73 | 도달 1004 | 차단 2567
Ep 149 | Step 1000 | R    32.75 | 배송 11/50 | 미활동 0 | 2홉+ 0.72 | 도달  958 | 차단 2971
Ep 150 | Step 1000 | R   360.48 | 배송 29/50 | 미활동 0 | 2홉+ 0.64 | 도달 1035 | 차단 1469
  [홀드아웃] 배송 6.7±2.5 미활동 1.00 2홉+ 0.69 도달 831 | 최고 8.7@ep100 | 정체 1/15
Ep 151 | Step 1000 | R   367.09 | 배송 25/50 | 미활동 0 | 2홉+ 0.58 | 도달  929 | 차단 1511
Ep 152 | Step 1000 | R   374.22 | 배송 26/50 | 미활동 0 | 2홉+ 0.60 | 도달  831 | 차단 1202
Ep 153 | Step 1000 | R   340.94 | 배송 26/50 | 미활동 0 | 2홉+ 0.58 | 도달  869 | 차단 1238
Ep 154 | Step 1000 | R   153.16 | 배송 16/50 | 미활동 0 | 2홉+ 0.56 | 도달  927 | 차단 1771
Ep 155 | Step 1000 | R   221.32 | 배송 21/50 | 미활동 0 | 2홉+ 0.51 | 도달  723 | 차단  852
Ep 156 | Step 1000 | R    40.92 | 배송 12/50 | 미활동 0 | 2홉+ 0.73 | 도달 1008 | 차단 2690
Ep 157 | Step 1000 | R    65.07 | 배송 14/50 | 미활동 0 | 2홉+ 0.72 | 도달  654 | 차단 2846
Ep 158 | Step 1000 | R    94.77 | 배송 17/50 | 미활동 0 | 2홉+ 0.72 | 도달  777 | 차단 3101
Ep 159 | Step 1000 | R    79.25 | 배송 16/50 | 미활동 0 | 2홉+ 0.72 | 도달 1006 | 차단 3127
Ep 160 | Step 1000 | R   151.55 | 배송 17/50 | 미활동 0 | 2홉+ 0.65 | 도달  935 | 차단 2215
Ep 161 | Step 1000 | R   304.82 | 배송 24/50 | 미활동 0 | 2홉+ 0.49 | 도달  906 | 차단 1447
Ep 162 | Step 1000 | R   198.14 | 배송 18/50 | 미활동 0 | 2홉+ 0.51 | 도달  791 | 차단 1926
Ep 163 | Step 1000 | R   266.81 | 배송 21/50 | 미활동 0 | 2홉+ 0.64 | 도달  938 | 차단 1810
Ep 164 | Step 1000 | R    95.06 | 배송 15/50 | 미활동 0 | 2홉+ 0.73 | 도달 1038 | 차단 2369
Ep 165 | Step 1000 | R   242.93 | 배송 22/50 | 미활동 0 | 2홉+ 0.61 | 도달  770 | 차단 1883
Ep 166 | Step 1000 | R   117.77 | 배송 17/50 | 미활동 0 | 2홉+ 0.70 | 도달  965 | 차단 2433
Ep 167 | Step 1000 | R    98.78 | 배송 16/50 | 미활동 0 | 2홉+ 0.66 | 도달  816 | 차단 2620
Ep 168 | Step 1000 | R   416.42 | 배송 26/50 | 미활동 0 | 2홉+ 0.53 | 도달  878 | 차단  797
Ep 169 | Step 1000 | R   353.37 | 배송 25/50 | 미활동 0 | 2홉+ 0.54 | 도달  880 | 차단 1870
Ep 170 | Step 1000 | R    27.12 | 배송 10/50 | 미활동 1 | 2홉+ 0.73 | 도달 1074 | 차단 2775
Ep 171 | Step 1000 | R   320.52 | 배송 24/50 | 미활동 0 | 2홉+ 0.61 | 도달  930 | 차단  876
Ep 172 | Step 1000 | R   163.37 | 배송 17/50 | 미활동 0 | 2홉+ 0.57 | 도달  818 | 차단 1767
Ep 173 | Step 1000 | R   220.21 | 배송 19/50 | 미활동 0 | 2홉+ 0.60 | 도달  900 | 차단 1684
Ep 174 | Step 1000 | R   254.70 | 배송 22/50 | 미활동 0 | 2홉+ 0.60 | 도달 1008 | 차단 1729
Ep 175 | Step 1000 | R    79.25 | 배송 15/50 | 미활동 0 | 2홉+ 0.73 | 도달  964 | 차단 2822
Ep 176 | Step 1000 | R    98.85 | 배송 15/50 | 미활동 0 | 2홉+ 0.66 | 도달  934 | 차단 2092
Ep 177 | Step 1000 | R   156.70 | 배송 18/50 | 미활동 0 | 2홉+ 0.41 | 도달  760 | 차단 2101
Ep 178 | Step 1000 | R   110.06 | 배송 16/50 | 미활동 0 | 2홉+ 0.69 | 도달  902 | 차단 1980
Ep 179 | Step 1000 | R   201.07 | 배송 19/50 | 미활동 0 | 2홉+ 0.63 | 도달  959 | 차단 2580
Ep 180 | Step 1000 | R   133.35 | 배송 18/50 | 미활동 0 | 2홉+ 0.71 | 도달 1062 | 차단 2049
Ep 181 | Step 1000 | R   255.90 | 배송 21/50 | 미활동 0 | 2홉+ 0.63 | 도달  857 | 차단 1039
Ep 182 | Step 1000 | R   182.90 | 배송 19/50 | 미활동 0 | 2홉+ 0.69 | 도달  985 | 차단 2157
Ep 183 | Step 1000 | R   261.18 | 배송 19/50 | 미활동 0 | 2홉+ 0.46 | 도달  917 | 차단  756
Ep 184 | Step 1000 | R   250.66 | 배송 19/50 | 미활동 0 | 2홉+ 0.55 | 도달  908 | 차단 1608
Ep 185 | Step 1000 | R   383.23 | 배송 28/50 | 미활동 0 | 2홉+ 0.65 | 도달  931 | 차단 1840
Ep 186 | Step 1000 | R   281.13 | 배송 22/50 | 미활동 0 | 2홉+ 0.59 | 도달  893 | 차단 1896
Ep 187 | Step 1000 | R   139.38 | 배송 20/50 | 미활동 0 | 2홉+ 0.69 | 도달  895 | 차단 2717
Ep 188 | Step 1000 | R   158.39 | 배송 18/50 | 미활동 0 | 2홉+ 0.65 | 도달  713 | 차단 2284
Ep 189 | Step 1000 | R   269.95 | 배송 21/50 | 미활동 0 | 2홉+ 0.55 | 도달  838 | 차단 1821
Ep 190 | Step 1000 | R   328.28 | 배송 24/50 | 미활동 0 | 2홉+ 0.50 | 도달  896 | 차단 1092
Ep 191 | Step 1000 | R   278.66 | 배송 25/50 | 미활동 0 | 2홉+ 0.57 | 도달  821 | 차단 2012
Ep 192 | Step 1000 | R   192.67 | 배송 19/50 | 미활동 0 | 2홉+ 0.41 | 도달  694 | 차단 1201
Ep 193 | Step 1000 | R   232.29 | 배송 19/50 | 미활동 0 | 2홉+ 0.50 | 도달 1062 | 차단  966
Ep 194 | Step 1000 | R   282.30 | 배송 22/50 | 미활동 0 | 2홉+ 0.54 | 도달  873 | 차단 1771
Ep 195 | Step 1000 | R   313.12 | 배송 23/50 | 미활동 0 | 2홉+ 0.49 | 도달  895 | 차단 1007
Ep 196 | Step 1000 | R   226.01 | 배송 19/50 | 미활동 0 | 2홉+ 0.50 | 도달  739 | 차단 1410
Ep 197 | Step 1000 | R   422.60 | 배송 27/50 | 미활동 0 | 2홉+ 0.55 | 도달  915 | 차단 1029
Ep 198 | Step 1000 | R   236.57 | 배송 19/50 | 미활동 0 | 2홉+ 0.51 | 도달  659 | 차단  768
Ep 199 | Step 1000 | R   225.92 | 배송 20/50 | 미활동 0 | 2홉+ 0.52 | 도달  839 | 차단 1673
Ep 200 | Step 1000 | R   276.78 | 배송 20/50 | 미활동 0 | 2홉+ 0.50 | 도달  906 | 차단 1250
  [홀드아웃] 배송 10.0±2.3 미활동 0.33 2홉+ 0.69 도달 701 | 최고 10.0@ep200 | 정체 0/15  ← 최고 갱신
Ep 201 | Step 1000 | R   254.91 | 배송 19/50 | 미활동 0 | 2홉+ 0.55 | 도달  878 | 차단 1820
Ep 202 | Step 1000 | R   184.81 | 배송 17/50 | 미활동 0 | 2홉+ 0.62 | 도달  975 | 차단 1998
Ep 203 | Step 1000 | R   320.61 | 배송 21/50 | 미활동 0 | 2홉+ 0.44 | 도달 1013 | 차단  913
Ep 204 | Step 1000 | R   122.55 | 배송 17/50 | 미활동 0 | 2홉+ 0.51 | 도달  718 | 차단 1787
Ep 205 | Step 1000 | R   241.71 | 배송 22/50 | 미활동 0 | 2홉+ 0.62 | 도달  968 | 차단 1929
Ep 206 | Step 1000 | R   186.76 | 배송 19/50 | 미활동 0 | 2홉+ 0.49 | 도달  669 | 차단 1075
Ep 207 | Step 1000 | R   236.88 | 배송 21/50 | 미활동 0 | 2홉+ 0.37 | 도달  729 | 차단 1700
Ep 208 | Step 1000 | R    20.30 | 배송 10/50 | 미활동 0 | 2홉+ 0.73 | 도달 1074 | 차단 3057
Ep 209 | Step 1000 | R   285.55 | 배송 23/50 | 미활동 0 | 2홉+ 0.57 | 도달  755 | 차단 1870
Ep 210 | Step 1000 | R   329.98 | 배송 27/50 | 미활동 0 | 2홉+ 0.59 | 도달  879 | 차단 1630
Ep 211 | Step 1000 | R   263.42 | 배송 23/50 | 미활동 0 | 2홉+ 0.67 | 도달  972 | 차단 1879
Ep 212 | Step 1000 | R   314.52 | 배송 24/50 | 미활동 0 | 2홉+ 0.61 | 도달  874 | 차단 1391
Ep 213 | Step 1000 | R   182.49 | 배송 21/50 | 미활동 0 | 2홉+ 0.69 | 도달  846 | 차단 2444
Ep 214 | Step 1000 | R   351.07 | 배송 28/50 | 미활동 0 | 2홉+ 0.64 | 도달  780 | 차단 1248
Ep 215 | Step 1000 | R   309.53 | 배송 21/50 | 미활동 0 | 2홉+ 0.51 | 도달  741 | 차단 1542
Ep 216 | Step 1000 | R   329.45 | 배송 26/50 | 미활동 0 | 2홉+ 0.57 | 도달  844 | 차단 1204
Ep 217 | Step 1000 | R   375.03 | 배송 27/50 | 미활동 0 | 2홉+ 0.54 | 도달  980 | 차단 1646
Ep 218 | Step 1000 | R   253.65 | 배송 22/50 | 미활동 0 | 2홉+ 0.51 | 도달  860 | 차단 1010
Ep 219 | Step 1000 | R   363.20 | 배송 26/50 | 미활동 0 | 2홉+ 0.59 | 도달  788 | 차단 1170
Ep 220 | Step 1000 | R   144.01 | 배송 16/50 | 미활동 0 | 2홉+ 0.50 | 도달  680 | 차단 1961
Ep 221 | Step 1000 | R   396.39 | 배송 29/50 | 미활동 0 | 2홉+ 0.62 | 도달 1074 | 차단 1355
Ep 222 | Step 1000 | R   386.56 | 배송 28/50 | 미활동 0 | 2홉+ 0.63 | 도달  882 | 차단 1403
Ep 223 | Step 1000 | R   326.08 | 배송 24/50 | 미활동 0 | 2홉+ 0.64 | 도달  859 | 차단 1891
Ep 224 | Step 1000 | R   239.54 | 배송 20/50 | 미활동 0 | 2홉+ 0.52 | 도달  730 | 차단 1148
Ep 225 | Step 1000 | R   380.60 | 배송 28/50 | 미활동 0 | 2홉+ 0.59 | 도달  807 | 차단 1609
Ep 226 | Step 1000 | R   303.89 | 배송 24/50 | 미활동 0 | 2홉+ 0.64 | 도달  863 | 차단 1574
Ep 227 | Step 1000 | R   254.75 | 배송 22/50 | 미활동 0 | 2홉+ 0.61 | 도달  644 | 차단 1457
Ep 228 | Step 1000 | R   261.12 | 배송 20/50 | 미활동 0 | 2홉+ 0.44 | 도달  882 | 차단 1566
Ep 229 | Step 1000 | R   200.32 | 배송 21/50 | 미활동 0 | 2홉+ 0.62 | 도달  748 | 차단 1430
Ep 230 | Step 1000 | R   227.20 | 배송 20/50 | 미활동 0 | 2홉+ 0.69 | 도달  964 | 차단 1842
Ep 231 | Step 1000 | R   240.21 | 배송 21/50 | 미활동 0 | 2홉+ 0.58 | 도달  785 | 차단 1654
Ep 232 | Step 1000 | R   169.25 | 배송 18/50 | 미활동 0 | 2홉+ 0.51 | 도달  693 | 차단 1760
Ep 233 | Step 1000 | R   217.21 | 배송 19/50 | 미활동 0 | 2홉+ 0.49 | 도달  678 | 차단 1712
Ep 234 | Step 1000 | R   283.81 | 배송 23/50 | 미활동 0 | 2홉+ 0.59 | 도달  791 | 차단 1600
Ep 235 | Step 1000 | R   375.79 | 배송 28/50 | 미활동 0 | 2홉+ 0.51 | 도달  661 | 차단 1419
Ep 236 | Step 1000 | R   327.63 | 배송 23/50 | 미활동 0 | 2홉+ 0.50 | 도달  875 | 차단 1527
Ep 237 | Step 1000 | R   267.11 | 배송 24/50 | 미활동 0 | 2홉+ 0.54 | 도달  796 | 차단 1788
Ep 238 | Step 1000 | R   246.65 | 배송 21/50 | 미활동 0 | 2홉+ 0.61 | 도달  815 | 차단 1231
Ep 239 | Step 1000 | R   368.67 | 배송 29/50 | 미활동 0 | 2홉+ 0.57 | 도달  709 | 차단  802
Ep 240 | Step 1000 | R   243.08 | 배송 19/50 | 미활동 0 | 2홉+ 0.47 | 도달  729 | 차단 1505
Ep 241 | Step 1000 | R   415.40 | 배송 30/50 | 미활동 0 | 2홉+ 0.56 | 도달  807 | 차단 1190
Ep 242 | Step 1000 | R   187.46 | 배송 20/50 | 미활동 0 | 2홉+ 0.65 | 도달  914 | 차단 1593
Ep 243 | Step 1000 | R   140.08 | 배송 15/50 | 미활동 0 | 2홉+ 0.55 | 도달  586 | 차단 1802
Ep 244 | Step 1000 | R   165.49 | 배송 17/50 | 미활동 0 | 2홉+ 0.57 | 도달  817 | 차단 1437
Ep 245 | Step 1000 | R   348.77 | 배송 25/50 | 미활동 0 | 2홉+ 0.62 | 도달  735 | 차단 1395
Ep 246 | Step 1000 | R   209.86 | 배송 20/50 | 미활동 0 | 2홉+ 0.47 | 도달  611 | 차단  965
Ep 247 | Step 1000 | R   186.47 | 배송 19/50 | 미활동 0 | 2홉+ 0.46 | 도달  670 | 차단 1595
Ep 248 | Step 1000 | R   176.82 | 배송 19/50 | 미활동 0 | 2홉+ 0.60 | 도달  820 | 차단 2205
Ep 249 | Step 1000 | R   102.93 | 배송 15/50 | 미활동 0 | 2홉+ 0.51 | 도달  648 | 차단 1795
Ep 250 | Step 1000 | R   306.08 | 배송 24/50 | 미활동 0 | 2홉+ 0.55 | 도달  723 | 차단 1290
  [홀드아웃] 배송 7.5±3.4 미활동 0.83 2홉+ 0.73 도달 734 | 최고 10.0@ep200 | 정체 1/15
Ep 251 | Step 1000 | R   263.88 | 배송 24/50 | 미활동 0 | 2홉+ 0.67 | 도달  753 | 차단 2009
Ep 252 | Step 1000 | R   356.68 | 배송 26/50 | 미활동 0 | 2홉+ 0.66 | 도달  967 | 차단 1504
Ep 253 | Step 1000 | R    18.75 | 배송  9/50 | 미활동 1 | 2홉+ 0.73 | 도달  547 | 차단 2574
Ep 254 | Step 1000 | R   339.80 | 배송 27/50 | 미활동 0 | 2홉+ 0.52 | 도달  870 | 차단 1295
Ep 255 | Step 1000 | R   243.54 | 배송 22/50 | 미활동 0 | 2홉+ 0.51 | 도달  919 | 차단 1886
Ep 256 | Step 1000 | R   237.26 | 배송 20/50 | 미활동 0 | 2홉+ 0.58 | 도달  819 | 차단 1390
Ep 257 | Step 1000 | R   207.67 | 배송 20/50 | 미활동 0 | 2홉+ 0.66 | 도달  864 | 차단 2355
Ep 258 | Step 1000 | R   166.33 | 배송 17/50 | 미활동 0 | 2홉+ 0.64 | 도달  734 | 차단 1630
Ep 259 | Step 1000 | R    56.97 | 배송 13/50 | 미활동 0 | 2홉+ 0.73 | 도달 1074 | 차단 2834
Ep 260 | Step 1000 | R   286.26 | 배송 22/50 | 미활동 0 | 2홉+ 0.50 | 도달  779 | 차단 1642
Ep 261 | Step 1000 | R   284.82 | 배송 21/50 | 미활동 0 | 2홉+ 0.48 | 도달  669 | 차단  884
Ep 262 | Step 1000 | R   217.57 | 배송 20/50 | 미활동 0 | 2홉+ 0.65 | 도달  755 | 차단 2317
Ep 263 | Step 1000 | R   256.00 | 배송 23/50 | 미활동 0 | 2홉+ 0.51 | 도달  734 | 차단 1904
Ep 264 | Step 1000 | R   310.42 | 배송 26/50 | 미활동 0 | 2홉+ 0.68 | 도달  752 | 차단 2041
Ep 265 | Step 1000 | R   292.32 | 배송 23/50 | 미활동 0 | 2홉+ 0.49 | 도달  818 | 차단 1556
Ep 266 | Step 1000 | R   307.03 | 배송 25/50 | 미활동 0 | 2홉+ 0.68 | 도달  850 | 차단 1969
Ep 267 | Step 1000 | R   256.53 | 배송 23/50 | 미활동 0 | 2홉+ 0.60 | 도달  790 | 차단 1784
Ep 268 | Step 1000 | R   342.74 | 배송 28/50 | 미활동 0 | 2홉+ 0.64 | 도달  710 | 차단 1821
Ep 269 | Step 1000 | R   193.75 | 배송 21/50 | 미활동 0 | 2홉+ 0.65 | 도달  800 | 차단 2209
Ep 270 | Step 1000 | R   284.61 | 배송 21/50 | 미활동 0 | 2홉+ 0.60 | 도달  806 | 차단  840
Ep 271 | Step 1000 | R   217.65 | 배송 18/50 | 미활동 0 | 2홉+ 0.45 | 도달  698 | 차단 1226
Ep 272 | Step 1000 | R   208.03 | 배송 20/50 | 미활동 0 | 2홉+ 0.51 | 도달  730 | 차단 1556
Ep 273 | Step 1000 | R   265.09 | 배송 22/50 | 미활동 0 | 2홉+ 0.68 | 도달 1074 | 차단 2252
Ep 274 | Step 1000 | R   199.56 | 배송 19/50 | 미활동 0 | 2홉+ 0.56 | 도달  792 | 차단 2370
Ep 275 | Step 1000 | R   219.47 | 배송 21/50 | 미활동 0 | 2홉+ 0.65 | 도달  955 | 차단 2475
Ep 276 | Step 1000 | R   301.03 | 배송 24/50 | 미활동 0 | 2홉+ 0.65 | 도달  977 | 차단 1781
Ep 277 | Step 1000 | R   324.20 | 배송 27/50 | 미활동 0 | 2홉+ 0.62 | 도달 1033 | 차단 1962
Ep 278 | Step 1000 | R   372.53 | 배송 30/50 | 미활동 0 | 2홉+ 0.64 | 도달  818 | 차단 1646
Ep 279 | Step 1000 | R   119.88 | 배송 17/50 | 미활동 0 | 2홉+ 0.67 | 도달  819 | 차단 1894
Ep 280 | Step 1000 | R   320.03 | 배송 24/50 | 미활동 0 | 2홉+ 0.56 | 도달  782 | 차단 1166
Ep 281 | Step 1000 | R   270.74 | 배송 24/50 | 미활동 0 | 2홉+ 0.45 | 도달  736 | 차단 1308
Ep 282 | Step 1000 | R   219.56 | 배송 20/50 | 미활동 0 | 2홉+ 0.68 | 도달  994 | 차단 1907
Ep 283 | Step 1000 | R   353.45 | 배송 25/50 | 미활동 0 | 2홉+ 0.60 | 도달  944 | 차단 1272
Ep 284 | Step 1000 | R   213.20 | 배송 21/50 | 미활동 0 | 2홉+ 0.62 | 도달  706 | 차단 2409
Ep 285 | Step 1000 | R   263.29 | 배송 21/50 | 미활동 0 | 2홉+ 0.54 | 도달  716 | 차단 1883
Ep 286 | Step 1000 | R   172.31 | 배송 18/50 | 미활동 0 | 2홉+ 0.45 | 도달  596 | 차단 1515
Ep 287 | Step 1000 | R   281.91 | 배송 22/50 | 미활동 0 | 2홉+ 0.59 | 도달  923 | 차단 1652
Ep 288 | Step 1000 | R   176.33 | 배송 19/50 | 미활동 0 | 2홉+ 0.64 | 도달  666 | 차단 1902
Ep 289 | Step 1000 | R   173.56 | 배송 20/50 | 미활동 0 | 2홉+ 0.68 | 도달  824 | 차단 2547
Ep 290 | Step 1000 | R   244.86 | 배송 22/50 | 미활동 0 | 2홉+ 0.64 | 도달  932 | 차단 1890
Ep 291 | Step 1000 | R   274.87 | 배송 25/50 | 미활동 0 | 2홉+ 0.65 | 도달  691 | 차단 1498
Ep 292 | Step 1000 | R   354.32 | 배송 27/50 | 미활동 0 | 2홉+ 0.65 | 도달  843 | 차단 1066
Ep 293 | Step 1000 | R   194.37 | 배송 19/50 | 미활동 0 | 2홉+ 0.40 | 도달  610 | 차단 1126
Ep 294 | Step 1000 | R   239.90 | 배송 21/50 | 미활동 0 | 2홉+ 0.59 | 도달  831 | 차단 1417
Ep 295 | Step 1000 | R   200.87 | 배송 19/50 | 미활동 0 | 2홉+ 0.49 | 도달  851 | 차단 2271
Ep 296 | Step 1000 | R   195.15 | 배송 20/50 | 미활동 0 | 2홉+ 0.42 | 도달  680 | 차단 1219
Ep 297 | Step 1000 | R   192.90 | 배송 17/50 | 미활동 0 | 2홉+ 0.40 | 도달  703 | 차단 1791
Ep 298 | Step 1000 | R   169.88 | 배송 18/50 | 미활동 0 | 2홉+ 0.59 | 도달  890 | 차단 2005
Ep 299 | Step 1000 | R   375.77 | 배송 25/50 | 미활동 0 | 2홉+ 0.64 | 도달  976 | 차단 2095
Ep 300 | Step 1000 | R   334.37 | 배송 25/50 | 미활동 0 | 2홉+ 0.56 | 도달  822 | 차단 1065
  [홀드아웃] 배송 10.5±3.5 미활동 0.00 2홉+ 0.66 도달 769 | 최고 10.5@ep300 | 정체 0/15  ← 최고 갱신
Ep 301 | Step 1000 | R   147.46 | 배송 17/50 | 미활동 0 | 2홉+ 0.58 | 도달  799 | 차단 2439
Ep 302 | Step 1000 | R   214.78 | 배송 20/50 | 미활동 0 | 2홉+ 0.63 | 도달  803 | 차단 2512
Ep 303 | Step 1000 | R   334.30 | 배송 26/50 | 미활동 0 | 2홉+ 0.65 | 도달  795 | 차단 1365
Ep 304 | Step 1000 | R   337.86 | 배송 26/50 | 미활동 0 | 2홉+ 0.61 | 도달  720 | 차단 1198
Ep 305 | Step 1000 | R   240.93 | 배송 19/50 | 미활동 0 | 2홉+ 0.58 | 도달  751 | 차단 2229
Ep 306 | Step 1000 | R   258.35 | 배송 22/50 | 미활동 0 | 2홉+ 0.62 | 도달  820 | 차단 1182
Ep 307 | Step 1000 | R   233.82 | 배송 20/50 | 미활동 0 | 2홉+ 0.50 | 도달  850 | 차단 1082
Ep 308 | Step 1000 | R   214.64 | 배송 17/50 | 미활동 0 | 2홉+ 0.43 | 도달  739 | 차단  527
Ep 309 | Step 1000 | R    70.97 | 배송 15/50 | 미활동 0 | 2홉+ 0.72 | 도달  785 | 차단 3055
Ep 310 | Step 1000 | R   334.88 | 배송 25/50 | 미활동 0 | 2홉+ 0.37 | 도달  748 | 차단  655
Ep 311 | Step 1000 | R   104.53 | 배송 16/50 | 미활동 0 | 2홉+ 0.55 | 도달  979 | 차단 2104
Ep 312 | Step 1000 | R   376.28 | 배송 28/50 | 미활동 0 | 2홉+ 0.66 | 도달  866 | 차단 1499
Ep 313 | Step 1000 | R   304.50 | 배송 22/50 | 미활동 0 | 2홉+ 0.57 | 도달  730 | 차단 2366
Ep 314 | Step 1000 | R   256.90 | 배송 20/50 | 미활동 0 | 2홉+ 0.55 | 도달  944 | 차단 1892
Ep 315 | Step 1000 | R   281.47 | 배송 25/50 | 미활동 0 | 2홉+ 0.64 | 도달  840 | 차단 1267
Ep 316 | Step 1000 | R   302.50 | 배송 23/50 | 미활동 0 | 2홉+ 0.51 | 도달  794 | 차단 1531
Ep 317 | Step 1000 | R   228.47 | 배송 21/50 | 미활동 0 | 2홉+ 0.62 | 도달  892 | 차단 2116
Ep 318 | Step 1000 | R   183.59 | 배송 21/50 | 미활동 0 | 2홉+ 0.59 | 도달  928 | 차단 2622
Ep 319 | Step 1000 | R   381.51 | 배송 28/50 | 미활동 0 | 2홉+ 0.62 | 도달  847 | 차단 1563
Ep 320 | Step 1000 | R   150.92 | 배송 16/50 | 미활동 0 | 2홉+ 0.44 | 도달  851 | 차단 1480
Ep 321 | Step 1000 | R   306.88 | 배송 24/50 | 미활동 0 | 2홉+ 0.58 | 도달  850 | 차단 1268
Ep 322 | Step 1000 | R   263.03 | 배송 23/50 | 미활동 0 | 2홉+ 0.51 | 도달  808 | 차단 1485
Ep 323 | Step 1000 | R   226.41 | 배송 20/50 | 미활동 0 | 2홉+ 0.55 | 도달  788 | 차단 1812
Ep 324 | Step 1000 | R   353.91 | 배송 24/50 | 미활동 0 | 2홉+ 0.41 | 도달  781 | 차단 1066
Ep 325 | Step 1000 | R   287.01 | 배송 26/50 | 미활동 0 | 2홉+ 0.44 | 도달  726 | 차단 1593
Ep 326 | Step 1000 | R   284.36 | 배송 22/50 | 미활동 0 | 2홉+ 0.50 | 도달  721 | 차단 1542
Ep 327 | Step 1000 | R   326.22 | 배송 26/50 | 미활동 0 | 2홉+ 0.57 | 도달  940 | 차단 1363
Ep 328 | Step 1000 | R   418.00 | 배송 27/50 | 미활동 0 | 2홉+ 0.60 | 도달  757 | 차단  991
Ep 329 | Step 1000 | R   284.33 | 배송 24/50 | 미활동 0 | 2홉+ 0.56 | 도달  789 | 차단 1146
Ep 330 | Step 1000 | R   237.72 | 배송 18/50 | 미활동 0 | 2홉+ 0.61 | 도달  718 | 차단 1339
Ep 331 | Step 1000 | R   310.53 | 배송 25/50 | 미활동 0 | 2홉+ 0.65 | 도달  722 | 차단 1717
Ep 332 | Step 1000 | R   248.81 | 배송 22/50 | 미활동 0 | 2홉+ 0.50 | 도달  699 | 차단 1396
Ep 333 | Step 1000 | R   262.40 | 배송 24/50 | 미활동 0 | 2홉+ 0.65 | 도달  908 | 차단 1837
Ep 334 | Step 1000 | R   299.90 | 배송 21/50 | 미활동 0 | 2홉+ 0.62 | 도달  875 | 차단 1987
Ep 335 | Step 1000 | R   174.79 | 배송 18/50 | 미활동 0 | 2홉+ 0.44 | 도달  694 | 차단 1608
Ep 336 | Step 1000 | R   221.34 | 배송 19/50 | 미활동 0 | 2홉+ 0.43 | 도달  742 | 차단 1513
Ep 337 | Step 1000 | R   300.03 | 배송 27/50 | 미활동 0 | 2홉+ 0.62 | 도달  710 | 차단 1643
Ep 338 | Step 1000 | R   297.56 | 배송 23/50 | 미활동 0 | 2홉+ 0.47 | 도달  731 | 차단 1185
Ep 339 | Step 1000 | R   286.21 | 배송 25/50 | 미활동 0 | 2홉+ 0.62 | 도달  826 | 차단 1758
Ep 340 | Step 1000 | R   210.25 | 배송 19/50 | 미활동 0 | 2홉+ 0.55 | 도달  690 | 차단 1994
Ep 341 | Step 1000 | R   360.20 | 배송 29/50 | 미활동 0 | 2홉+ 0.57 | 도달  830 | 차단 1301
Ep 342 | Step 1000 | R   201.53 | 배송 20/50 | 미활동 0 | 2홉+ 0.47 | 도달  711 | 차단 1094
Ep 343 | Step 1000 | R   295.43 | 배송 23/50 | 미활동 0 | 2홉+ 0.52 | 도달  800 | 차단 1512
Ep 344 | Step 1000 | R   182.71 | 배송 17/50 | 미활동 0 | 2홉+ 0.40 | 도달  731 | 차단  757
Ep 345 | Step 1000 | R   254.13 | 배송 22/50 | 미활동 0 | 2홉+ 0.48 | 도달  763 | 차단 1183
Ep 346 | Step 1000 | R   105.18 | 배송 14/50 | 미활동 0 | 2홉+ 0.56 | 도달  676 | 차단 2666
Ep 347 | Step 1000 | R   234.24 | 배송 21/50 | 미활동 0 | 2홉+ 0.56 | 도달  762 | 차단 1821
Ep 348 | Step 1000 | R   309.70 | 배송 26/50 | 미활동 0 | 2홉+ 0.64 | 도달  764 | 차단 1963
Ep 349 | Step 1000 | R   169.58 | 배송 17/50 | 미활동 0 | 2홉+ 0.37 | 도달  619 | 차단  409
Ep 350 | Step 1000 | R   176.20 | 배송 20/50 | 미활동 0 | 2홉+ 0.68 | 도달  926 | 차단 2263
  [홀드아웃] 배송 9.7±1.5 미활동 0.00 2홉+ 0.72 도달 615 | 최고 10.5@ep300 | 정체 1/15
Ep 351 | Step 1000 | R   199.20 | 배송 19/50 | 미활동 0 | 2홉+ 0.59 | 도달  739 | 차단 2022
Ep 352 | Step 1000 | R   154.67 | 배송 16/50 | 미활동 0 | 2홉+ 0.37 | 도달  597 | 차단 1503
Ep 353 | Step 1000 | R   202.28 | 배송 18/50 | 미활동 0 | 2홉+ 0.48 | 도달  728 | 차단 1511
Ep 354 | Step 1000 | R   274.50 | 배송 24/50 | 미활동 0 | 2홉+ 0.59 | 도달  827 | 차단 1514
Ep 355 | Step 1000 | R   167.97 | 배송 16/50 | 미활동 0 | 2홉+ 0.59 | 도달  697 | 차단 2374
Ep 356 | Step 1000 | R   178.90 | 배송 19/50 | 미활동 0 | 2홉+ 0.49 | 도달  678 | 차단 1568
Ep 357 | Step 1000 | R   215.81 | 배송 19/50 | 미활동 0 | 2홉+ 0.41 | 도달  717 | 차단 1589
Ep 358 | Step 1000 | R   194.69 | 배송 21/50 | 미활동 0 | 2홉+ 0.55 | 도달  695 | 차단 2196
Ep 359 | Step 1000 | R   293.03 | 배송 24/50 | 미활동 0 | 2홉+ 0.63 | 도달  829 | 차단 1864
Ep 360 | Step 1000 | R   293.59 | 배송 25/50 | 미활동 0 | 2홉+ 0.49 | 도달  885 | 차단 1149
Ep 361 | Step 1000 | R   270.35 | 배송 21/50 | 미활동 0 | 2홉+ 0.61 | 도달  943 | 차단 1641
Ep 362 | Step 1000 | R   284.17 | 배송 23/50 | 미활동 0 | 2홉+ 0.58 | 도달  864 | 차단 1964
Ep 363 | Step 1000 | R   271.47 | 배송 24/50 | 미활동 0 | 2홉+ 0.65 | 도달  825 | 차단 1583
Ep 364 | Step 1000 | R   235.60 | 배송 22/50 | 미활동 0 | 2홉+ 0.40 | 도달  836 | 차단  849
Ep 365 | Step 1000 | R   283.01 | 배송 23/50 | 미활동 0 | 2홉+ 0.61 | 도달  766 | 차단 2205
Ep 366 | Step 1000 | R   357.75 | 배송 29/50 | 미활동 0 | 2홉+ 0.59 | 도달  787 | 차단 1328
Ep 367 | Step 1000 | R   266.95 | 배송 22/50 | 미활동 0 | 2홉+ 0.64 | 도달  860 | 차단 1965
Ep 368 | Step 1000 | R   232.90 | 배송 21/50 | 미활동 0 | 2홉+ 0.49 | 도달  768 | 차단 1889
Ep 369 | Step 1000 | R   323.56 | 배송 24/50 | 미활동 0 | 2홉+ 0.66 | 도달  701 | 차단  779
Ep 370 | Step 1000 | R   233.57 | 배송 22/50 | 미활동 0 | 2홉+ 0.68 | 도달  786 | 차단 2187
Ep 371 | Step 1000 | R   215.94 | 배송 19/50 | 미활동 0 | 2홉+ 0.47 | 도달  772 | 차단 1401
Ep 372 | Step 1000 | R   171.20 | 배송 19/50 | 미활동 0 | 2홉+ 0.51 | 도달  699 | 차단 1856
Ep 373 | Step 1000 | R   234.79 | 배송 21/50 | 미활동 0 | 2홉+ 0.50 | 도달  739 | 차단 1577
Ep 374 | Step 1000 | R   139.55 | 배송 16/50 | 미활동 0 | 2홉+ 0.69 | 도달  830 | 차단 2402
Ep 375 | Step 1000 | R   240.83 | 배송 21/50 | 미활동 0 | 2홉+ 0.49 | 도달  862 | 차단 1485
Ep 376 | Step 1000 | R   392.44 | 배송 28/50 | 미활동 0 | 2홉+ 0.67 | 도달  867 | 차단  809
Ep 377 | Step 1000 | R   275.79 | 배송 22/50 | 미활동 0 | 2홉+ 0.58 | 도달  680 | 차단 1858
Ep 378 | Step 1000 | R   372.81 | 배송 27/50 | 미활동 0 | 2홉+ 0.66 | 도달  805 | 차단 1433
Ep 379 | Step 1000 | R   313.14 | 배송 26/50 | 미활동 0 | 2홉+ 0.68 | 도달  806 | 차단 2073
Ep 380 | Step 1000 | R   315.75 | 배송 25/50 | 미활동 0 | 2홉+ 0.64 | 도달  844 | 차단 1436
Ep 381 | Step 1000 | R   276.17 | 배송 22/50 | 미활동 0 | 2홉+ 0.47 | 도달  775 | 차단 1796
Ep 382 | Step 1000 | R   242.73 | 배송 22/50 | 미활동 0 | 2홉+ 0.47 | 도달  710 | 차단 1759
Ep 383 | Step 1000 | R   197.47 | 배송 21/50 | 미활동 0 | 2홉+ 0.53 | 도달  743 | 차단 1772
Ep 384 | Step 1000 | R   264.35 | 배송 24/50 | 미활동 0 | 2홉+ 0.69 | 도달  781 | 차단 1758
Ep 385 | Step 1000 | R   215.82 | 배송 19/50 | 미활동 0 | 2홉+ 0.61 | 도달  738 | 차단 1576
Ep 386 | Step 1000 | R   314.67 | 배송 25/50 | 미활동 0 | 2홉+ 0.52 | 도달  754 | 차단 1564
Ep 387 | Step 1000 | R   156.80 | 배송 16/50 | 미활동 0 | 2홉+ 0.33 | 도달  693 | 차단 1062
Ep 388 | Step 1000 | R   180.30 | 배송 19/50 | 미활동 0 | 2홉+ 0.51 | 도달  581 | 차단 1752
Ep 389 | Step 1000 | R   100.35 | 배송 15/50 | 미활동 0 | 2홉+ 0.72 | 도달  888 | 차단 3208
Ep 390 | Step 1000 | R   154.91 | 배송 17/50 | 미활동 0 | 2홉+ 0.46 | 도달  702 | 차단 1722
Ep 391 | Step 1000 | R   312.16 | 배송 25/50 | 미활동 0 | 2홉+ 0.58 | 도달  848 | 차단 1570
Ep 392 | Step 1000 | R   153.54 | 배송 18/50 | 미활동 0 | 2홉+ 0.64 | 도달  822 | 차단 2538
Ep 393 | Step 1000 | R   174.04 | 배송 18/50 | 미활동 0 | 2홉+ 0.48 | 도달  813 | 차단 1483
Ep 394 | Step 1000 | R   323.62 | 배송 23/50 | 미활동 0 | 2홉+ 0.61 | 도달  818 | 차단 1942
Ep 395 | Step 1000 | R   122.26 | 배송 16/50 | 미활동 0 | 2홉+ 0.70 | 도달  822 | 차단 2895
Ep 396 | Step 1000 | R   209.27 | 배송 18/50 | 미활동 0 | 2홉+ 0.51 | 도달  807 | 차단 1451
Ep 397 | Step 1000 | R   130.73 | 배송 16/50 | 미활동 0 | 2홉+ 0.41 | 도달  736 | 차단  289
Ep 398 | Step 1000 | R   352.85 | 배송 27/50 | 미활동 0 | 2홉+ 0.57 | 도달  745 | 차단  660
Ep 399 | Step 1000 | R   250.00 | 배송 22/50 | 미활동 0 | 2홉+ 0.59 | 도달 1074 | 차단 1613
Ep 400 | Step 1000 | R   278.52 | 배송 25/50 | 미활동 0 | 2홉+ 0.58 | 도달  698 | 차단 1443
  [홀드아웃] 배송 10.0±3.8 미활동 0.00 2홉+ 0.72 도달 634 | 최고 10.5@ep300 | 정체 2/15
Ep 401 | Step 1000 | R   290.24 | 배송 25/50 | 미활동 0 | 2홉+ 0.53 | 도달  787 | 차단 1107
Ep 402 | Step 1000 | R   272.23 | 배송 23/50 | 미활동 0 | 2홉+ 0.52 | 도달  691 | 차단 1209
Ep 403 | Step 1000 | R   191.36 | 배송 18/50 | 미활동 0 | 2홉+ 0.38 | 도달  669 | 차단  484
Ep 404 | Step 1000 | R   183.74 | 배송 19/50 | 미활동 0 | 2홉+ 0.51 | 도달  793 | 차단 1441
Ep 405 | Step 1000 | R   398.31 | 배송 28/50 | 미활동 0 | 2홉+ 0.62 | 도달  798 | 차단 1268
Ep 406 | Step 1000 | R   130.24 | 배송 16/50 | 미활동 0 | 2홉+ 0.54 | 도달  849 | 차단 2459
Ep 407 | Step 1000 | R   262.66 | 배송 23/50 | 미활동 0 | 2홉+ 0.56 | 도달  819 | 차단 1230
Ep 408 | Step 1000 | R   176.93 | 배송 19/50 | 미활동 0 | 2홉+ 0.56 | 도달  646 | 차단 2196
Ep 409 | Step 1000 | R   294.08 | 배송 26/50 | 미활동 0 | 2홉+ 0.64 | 도달  854 | 차단 1542
Ep 410 | Step 1000 | R   177.18 | 배송 20/50 | 미활동 0 | 2홉+ 0.68 | 도달  772 | 차단 2024
Ep 411 | Step 1000 | R   186.95 | 배송 19/50 | 미활동 0 | 2홉+ 0.42 | 도달  928 | 차단 1162
Ep 412 | Step 1000 | R   210.63 | 배송 18/50 | 미활동 0 | 2홉+ 0.52 | 도달  843 | 차단 1549
Ep 413 | Step 1000 | R   223.50 | 배송 22/50 | 미활동 0 | 2홉+ 0.50 | 도달  887 | 차단 1299
Ep 414 | Step 1000 | R   142.39 | 배송 16/50 | 미활동 0 | 2홉+ 0.40 | 도달  753 | 차단 1880
Ep 415 | Step 1000 | R   113.55 | 배송 14/50 | 미활동 0 | 2홉+ 0.46 | 도달  715 | 차단 2380
Ep 416 | Step 1000 | R   102.37 | 배송 15/50 | 미활동 0 | 2홉+ 0.61 | 도달  918 | 차단 2944
Ep 417 | Step 1000 | R   306.97 | 배송 24/50 | 미활동 0 | 2홉+ 0.53 | 도달  826 | 차단 1108
Ep 418 | Step 1000 | R   296.59 | 배송 26/50 | 미활동 0 | 2홉+ 0.57 | 도달  877 | 차단 1737
Ep 419 | Step 1000 | R   281.68 | 배송 22/50 | 미활동 0 | 2홉+ 0.50 | 도달  836 | 차단 1686
Ep 420 | Step 1000 | R   191.50 | 배송 18/50 | 미활동 0 | 2홉+ 0.67 | 도달  821 | 차단 2320
Ep 421 | Step 1000 | R   235.82 | 배송 23/50 | 미활동 0 | 2홉+ 0.46 | 도달  847 | 차단 1134
Ep 422 | Step 1000 | R   222.02 | 배송 22/50 | 미활동 0 | 2홉+ 0.70 | 도달  784 | 차단 1785
Ep 423 | Step 1000 | R   352.72 | 배송 27/50 | 미활동 0 | 2홉+ 0.54 | 도달  855 | 차단 1202
Ep 424 | Step 1000 | R   288.83 | 배송 23/50 | 미활동 0 | 2홉+ 0.44 | 도달  790 | 차단 1623
Ep 425 | Step 1000 | R   160.86 | 배송 19/50 | 미활동 0 | 2홉+ 0.53 | 도달  834 | 차단 1607
Ep 426 | Step 1000 | R   155.63 | 배송 17/50 | 미활동 0 | 2홉+ 0.65 | 도달  912 | 차단 2073
Ep 427 | Step 1000 | R   162.08 | 배송 18/50 | 미활동 0 | 2홉+ 0.62 | 도달  929 | 차단 2327
Ep 428 | Step 1000 | R   240.10 | 배송 21/50 | 미활동 0 | 2홉+ 0.55 | 도달  878 | 차단 1494
Ep 429 | Step 1000 | R   226.47 | 배송 20/50 | 미활동 0 | 2홉+ 0.52 | 도달  838 | 차단 1585
Ep 430 | Step 1000 | R   204.08 | 배송 22/50 | 미활동 0 | 2홉+ 0.62 | 도달  777 | 차단 2133
Ep 431 | Step 1000 | R   231.89 | 배송 22/50 | 미활동 0 | 2홉+ 0.67 | 도달  914 | 차단 2481
Ep 432 | Step 1000 | R   304.81 | 배송 25/50 | 미활동 0 | 2홉+ 0.55 | 도달  846 | 차단 2009
Ep 433 | Step 1000 | R   153.17 | 배송 17/50 | 미활동 0 | 2홉+ 0.51 | 도달  870 | 차단 2301
Ep 434 | Step 1000 | R    90.73 | 배송 14/50 | 미활동 0 | 2홉+ 0.60 | 도달  664 | 차단 1808
Ep 435 | Step 1000 | R   183.96 | 배송 19/50 | 미활동 0 | 2홉+ 0.47 | 도달  663 | 차단 1536
Ep 436 | Step 1000 | R   277.47 | 배송 24/50 | 미활동 0 | 2홉+ 0.66 | 도달  991 | 차단 1497
Ep 437 | Step 1000 | R   194.03 | 배송 20/50 | 미활동 0 | 2홉+ 0.59 | 도달  712 | 차단 1685
Ep 438 | Step 1000 | R   283.81 | 배송 25/50 | 미활동 0 | 2홉+ 0.55 | 도달  851 | 차단 1466
Ep 439 | Step 1000 | R   331.49 | 배송 27/50 | 미활동 0 | 2홉+ 0.56 | 도달  778 | 차단 1705
Ep 440 | Step 1000 | R   261.53 | 배송 24/50 | 미활동 0 | 2홉+ 0.59 | 도달  788 | 차단 1772
Ep 441 | Step 1000 | R   222.89 | 배송 21/50 | 미활동 0 | 2홉+ 0.64 | 도달  956 | 차단 1853
Ep 442 | Step 1000 | R   190.65 | 배송 20/50 | 미활동 0 | 2홉+ 0.59 | 도달  734 | 차단 1864
Ep 443 | Step 1000 | R   208.43 | 배송 18/50 | 미활동 0 | 2홉+ 0.36 | 도달  699 | 차단 1606
Ep 444 | Step 1000 | R   337.08 | 배송 26/50 | 미활동 0 | 2홉+ 0.53 | 도달  817 | 차단 1313
Ep 445 | Step 1000 | R   115.42 | 배송 16/50 | 미활동 0 | 2홉+ 0.53 | 도달  583 | 차단 1864
Ep 446 | Step 1000 | R   129.63 | 배송 17/50 | 미활동 0 | 2홉+ 0.43 | 도달  681 | 차단  978
Ep 447 | Step 1000 | R   178.01 | 배송 18/50 | 미활동 0 | 2홉+ 0.43 | 도달  742 | 차단 1059
Ep 448 | Step 1000 | R   334.27 | 배송 27/50 | 미활동 0 | 2홉+ 0.61 | 도달  806 | 차단 1513
Ep 449 | Step 1000 | R   204.63 | 배송 18/50 | 미활동 0 | 2홉+ 0.45 | 도달  752 | 차단 1402
Ep 450 | Step 1000 | R   176.46 | 배송 18/50 | 미활동 0 | 2홉+ 0.64 | 도달  674 | 차단 2681
  [홀드아웃] 배송 7.5±3.2 미활동 0.50 2홉+ 0.69 도달 890 | 최고 10.5@ep300 | 정체 3/15
Ep 451 | Step 1000 | R   302.98 | 배송 24/50 | 미활동 0 | 2홉+ 0.58 | 도달 1027 | 차단 1436
Ep 452 | Step 1000 | R   282.98 | 배송 24/50 | 미활동 0 | 2홉+ 0.49 | 도달  963 | 차단 1188
Ep 453 | Step 1000 | R   256.24 | 배송 22/50 | 미활동 0 | 2홉+ 0.59 | 도달  794 | 차단 1426
Ep 454 | Step 1000 | R   283.47 | 배송 22/50 | 미활동 0 | 2홉+ 0.63 | 도달  938 | 차단 1607
Ep 455 | Step 1000 | R   249.81 | 배송 22/50 | 미활동 0 | 2홉+ 0.62 | 도달  754 | 차단 1535
Ep 456 | Step 1000 | R   218.25 | 배송 20/50 | 미활동 0 | 2홉+ 0.58 | 도달  699 | 차단 1991
Ep 457 | Step 1000 | R   214.65 | 배송 21/50 | 미활동 0 | 2홉+ 0.69 | 도달  931 | 차단 2358
Ep 458 | Step 1000 | R   209.47 | 배송 19/50 | 미활동 0 | 2홉+ 0.65 | 도달  865 | 차단 1847
Ep 459 | Step 1000 | R   192.39 | 배송 18/50 | 미활동 0 | 2홉+ 0.65 | 도달  893 | 차단 2337
Ep 460 | Step 1000 | R   165.93 | 배송 18/50 | 미활동 0 | 2홉+ 0.67 | 도달 1074 | 차단 2184
Ep 461 | Step 1000 | R   327.90 | 배송 24/50 | 미활동 0 | 2홉+ 0.58 | 도달  926 | 차단 1916
Ep 462 | Step 1000 | R   195.28 | 배송 20/50 | 미활동 0 | 2홉+ 0.50 | 도달  689 | 차단 1053
Ep 463 | Step 1000 | R   401.73 | 배송 29/50 | 미활동 0 | 2홉+ 0.57 | 도달  914 | 차단  890
Ep 464 | Step 1000 | R   197.54 | 배송 21/50 | 미활동 0 | 2홉+ 0.57 | 도달  950 | 차단 2171
Ep 465 | Step 1000 | R   243.37 | 배송 21/50 | 미활동 0 | 2홉+ 0.50 | 도달  775 | 차단 1465
Ep 466 | Step 1000 | R   199.49 | 배송 21/50 | 미활동 0 | 2홉+ 0.66 | 도달  767 | 차단 1470
Ep 467 | Step 1000 | R   171.94 | 배송 18/50 | 미활동 0 | 2홉+ 0.53 | 도달  869 | 차단 1660
Ep 468 | Step 1000 | R   245.30 | 배송 20/50 | 미활동 0 | 2홉+ 0.37 | 도달  695 | 차단 1165
Ep 469 | Step 1000 | R   257.39 | 배송 23/50 | 미활동 0 | 2홉+ 0.57 | 도달  911 | 차단 1619
Ep 470 | Step 1000 | R   325.62 | 배송 25/50 | 미활동 0 | 2홉+ 0.53 | 도달  877 | 차단 1496
Ep 471 | Step 1000 | R   317.26 | 배송 24/50 | 미활동 0 | 2홉+ 0.56 | 도달  850 | 차단 1162
Ep 472 | Step 1000 | R   254.08 | 배송 23/50 | 미활동 0 | 2홉+ 0.64 | 도달  856 | 차단 1649
Ep 473 | Step 1000 | R   184.60 | 배송 19/50 | 미활동 0 | 2홉+ 0.53 | 도달  891 | 차단 1672
Ep 474 | Step 1000 | R   350.93 | 배송 26/50 | 미활동 0 | 2홉+ 0.60 | 도달  805 | 차단 2017
Ep 475 | Step 1000 | R   333.95 | 배송 26/50 | 미활동 0 | 2홉+ 0.65 | 도달  842 | 차단 1048
Ep 476 | Step 1000 | R   211.79 | 배송 21/50 | 미활동 0 | 2홉+ 0.49 | 도달  692 | 차단  885
Ep 477 | Step 1000 | R   270.09 | 배송 22/50 | 미활동 0 | 2홉+ 0.65 | 도달  857 | 차단 2238
Ep 478 | Step 1000 | R   257.56 | 배송 24/50 | 미활동 0 | 2홉+ 0.60 | 도달  952 | 차단 1986
Ep 479 | Step 1000 | R   344.47 | 배송 27/50 | 미활동 0 | 2홉+ 0.62 | 도달  834 | 차단 1053
Ep 480 | Step 1000 | R   365.03 | 배송 29/50 | 미활동 0 | 2홉+ 0.48 | 도달  875 | 차단  745
Ep 481 | Step 1000 | R   171.19 | 배송 17/50 | 미활동 0 | 2홉+ 0.41 | 도달  822 | 차단  924
Ep 482 | Step 1000 | R   292.56 | 배송 22/50 | 미활동 0 | 2홉+ 0.66 | 도달  816 | 차단 1063
Ep 483 | Step 1000 | R   240.79 | 배송 19/50 | 미활동 0 | 2홉+ 0.41 | 도달  623 | 차단  521
Ep 484 | Step 1000 | R   251.30 | 배송 22/50 | 미활동 0 | 2홉+ 0.57 | 도달  851 | 차단 1368
Ep 485 | Step 1000 | R   255.57 | 배송 22/50 | 미활동 0 | 2홉+ 0.46 | 도달  732 | 차단 1419
Ep 486 | Step 1000 | R   234.00 | 배송 22/50 | 미활동 0 | 2홉+ 0.60 | 도달  971 | 차단 2185
Ep 487 | Step 1000 | R   240.16 | 배송 23/50 | 미활동 0 | 2홉+ 0.43 | 도달  707 | 차단  719
Ep 488 | Step 1000 | R   325.01 | 배송 26/50 | 미활동 0 | 2홉+ 0.62 | 도달  793 | 차단 1925
Ep 489 | Step 1000 | R   337.72 | 배송 27/50 | 미활동 0 | 2홉+ 0.55 | 도달  824 | 차단 1480
Ep 490 | Step 1000 | R   254.85 | 배송 21/50 | 미활동 0 | 2홉+ 0.52 | 도달  736 | 차단  617
Ep 491 | Step 1000 | R   233.40 | 배송 22/50 | 미활동 0 | 2홉+ 0.68 | 도달  951 | 차단 2182
Ep 492 | Step 1000 | R   241.26 | 배송 21/50 | 미활동 0 | 2홉+ 0.65 | 도달  977 | 차단 1974
Ep 493 | Step 1000 | R   316.62 | 배송 26/50 | 미활동 0 | 2홉+ 0.61 | 도달  930 | 차단 1821
Ep 494 | Step 1000 | R   254.54 | 배송 22/50 | 미활동 0 | 2홉+ 0.51 | 도달  707 | 차단 1584
Ep 495 | Step 1000 | R   327.72 | 배송 25/50 | 미활동 0 | 2홉+ 0.59 | 도달  837 | 차단 1150
Ep 496 | Step 1000 | R   184.53 | 배송 19/50 | 미활동 0 | 2홉+ 0.53 | 도달  889 | 차단 1635
Ep 497 | Step 1000 | R   244.00 | 배송 22/50 | 미활동 0 | 2홉+ 0.67 | 도달  940 | 차단 1954
Ep 498 | Step 1000 | R   406.08 | 배송 30/50 | 미활동 0 | 2홉+ 0.61 | 도달 1007 | 차단 1228
Ep 499 | Step 1000 | R   323.19 | 배송 25/50 | 미활동 0 | 2홉+ 0.61 | 도달  996 | 차단 1158
Ep 500 | Step 1000 | R   258.13 | 배송 21/50 | 미활동 0 | 2홉+ 0.65 | 도달  916 | 차단 2484
  [홀드아웃] 배송 8.5±2.4 미활동 0.17 2홉+ 0.68 도달 784 | 최고 10.5@ep300 | 정체 4/15
Ep 501 | Step 1000 | R   154.26 | 배송 16/50 | 미활동 0 | 2홉+ 0.50 | 도달  876 | 차단 1557
Ep 502 | Step 1000 | R   358.68 | 배송 28/50 | 미활동 0 | 2홉+ 0.61 | 도달 1006 | 차단 1249
Ep 503 | Step 1000 | R   224.00 | 배송 20/50 | 미활동 0 | 2홉+ 0.53 | 도달  704 | 차단 1550
Ep 504 | Step 1000 | R   177.63 | 배송 19/50 | 미활동 0 | 2홉+ 0.61 | 도달  695 | 차단 1981
Ep 505 | Step 1000 | R   248.64 | 배송 24/50 | 미활동 0 | 2홉+ 0.70 | 도달  857 | 차단 2394
Ep 506 | Step 1000 | R   266.02 | 배송 23/50 | 미활동 0 | 2홉+ 0.46 | 도달  871 | 차단 1359
Ep 507 | Step 1000 | R   326.35 | 배송 26/50 | 미활동 0 | 2홉+ 0.65 | 도달  944 | 차단 1793
Ep 508 | Step 1000 | R   341.31 | 배송 26/50 | 미활동 0 | 2홉+ 0.42 | 도달  736 | 차단  877
Ep 509 | Step 1000 | R   322.10 | 배송 23/50 | 미활동 0 | 2홉+ 0.61 | 도달  836 | 차단 1772
Ep 510 | Step 1000 | R   261.23 | 배송 21/50 | 미활동 0 | 2홉+ 0.59 | 도달  938 | 차단 2322
Ep 511 | Step 1000 | R   379.64 | 배송 27/50 | 미활동 0 | 2홉+ 0.62 | 도달  916 | 차단 1265
Ep 512 | Step 1000 | R   121.31 | 배송 14/50 | 미활동 0 | 2홉+ 0.50 | 도달  827 | 차단 2082
Ep 513 | Step 1000 | R   192.94 | 배송 18/50 | 미활동 0 | 2홉+ 0.53 | 도달  709 | 차단  757
Ep 514 | Step 1000 | R   183.56 | 배송 20/50 | 미활동 0 | 2홉+ 0.60 | 도달  925 | 차단 1853
Ep 515 | Step 1000 | R   120.28 | 배송 15/50 | 미활동 0 | 2홉+ 0.56 | 도달  897 | 차단 2746
Ep 516 | Step 1000 | R   218.20 | 배송 20/50 | 미활동 0 | 2홉+ 0.58 | 도달  902 | 차단 2096
Ep 517 | Step 1000 | R   176.91 | 배송 18/50 | 미활동 0 | 2홉+ 0.41 | 도달  816 | 차단  928
Ep 518 | Step 1000 | R    86.66 | 배송 16/50 | 미활동 0 | 2홉+ 0.72 | 도달  971 | 차단 2880
Ep 519 | Step 1000 | R   232.09 | 배송 22/50 | 미활동 0 | 2홉+ 0.65 | 도달  872 | 차단 2214
Ep 520 | Step 1000 | R   177.39 | 배송 19/50 | 미활동 0 | 2홉+ 0.44 | 도달  807 | 차단 1792
Ep 521 | Step 1000 | R   406.17 | 배송 31/50 | 미활동 0 | 2홉+ 0.55 | 도달  908 | 차단 1791
Ep 522 | Step 1000 | R   110.41 | 배송 16/50 | 미활동 0 | 2홉+ 0.48 | 도달  736 | 차단 2239
Ep 523 | Step 1000 | R   252.17 | 배송 23/50 | 미활동 0 | 2홉+ 0.65 | 도달 1074 | 차단 1583
Ep 524 | Step 1000 | R   222.09 | 배송 20/50 | 미활동 0 | 2홉+ 0.62 | 도달  680 | 차단 1564
Ep 525 | Step 1000 | R   201.68 | 배송 20/50 | 미활동 0 | 2홉+ 0.68 | 도달  889 | 차단 2635
Ep 526 | Step 1000 | R   274.56 | 배송 23/50 | 미활동 0 | 2홉+ 0.43 | 도달  870 | 차단  942
Ep 527 | Step 1000 | R   270.20 | 배송 22/50 | 미활동 0 | 2홉+ 0.64 | 도달  697 | 차단 2054
Ep 528 | Step 1000 | R   289.70 | 배송 25/50 | 미활동 0 | 2홉+ 0.59 | 도달  909 | 차단 1483
Ep 529 | Step 1000 | R   162.10 | 배송 17/50 | 미활동 0 | 2홉+ 0.43 | 도달  758 | 차단 1557
Ep 530 | Step 1000 | R   250.60 | 배송 20/50 | 미활동 0 | 2홉+ 0.63 | 도달  885 | 차단 2260
Ep 531 | Step 1000 | R   268.22 | 배송 22/50 | 미활동 0 | 2홉+ 0.68 | 도달 1047 | 차단 2222
Ep 532 | Step 1000 | R   235.91 | 배송 22/50 | 미활동 0 | 2홉+ 0.64 | 도달  869 | 차단 2025
Ep 533 | Step 1000 | R   184.79 | 배송 21/50 | 미활동 0 | 2홉+ 0.65 | 도달  736 | 차단 2227
Ep 534 | Step 1000 | R   245.45 | 배송 22/50 | 미활동 0 | 2홉+ 0.47 | 도달  793 | 차단 1645
Ep 535 | Step 1000 | R   244.20 | 배송 24/50 | 미활동 0 | 2홉+ 0.68 | 도달  886 | 차단 2542
Ep 536 | Step 1000 | R   216.20 | 배송 20/50 | 미활동 0 | 2홉+ 0.60 | 도달  985 | 차단 2115
Ep 537 | Step 1000 | R   172.29 | 배송 18/50 | 미활동 0 | 2홉+ 0.68 | 도달  694 | 차단 2773
Ep 538 | Step 1000 | R   317.34 | 배송 25/50 | 미활동 0 | 2홉+ 0.63 | 도달  762 | 차단 1631
Ep 539 | Step 1000 | R   293.19 | 배송 23/50 | 미활동 0 | 2홉+ 0.58 | 도달  742 | 차단 1619
Ep 540 | Step 1000 | R   233.75 | 배송 22/50 | 미활동 0 | 2홉+ 0.68 | 도달  799 | 차단 2225
Ep 541 | Step 1000 | R   102.08 | 배송 14/50 | 미활동 0 | 2홉+ 0.40 | 도달  660 | 차단 1450
Ep 542 | Step 1000 | R   179.56 | 배송 18/50 | 미활동 0 | 2홉+ 0.45 | 도달  728 | 차단 1207
Ep 543 | Step 1000 | R   263.94 | 배송 21/50 | 미활동 0 | 2홉+ 0.61 | 도달  709 | 차단 1949
Ep 544 | Step 1000 | R   184.60 | 배송 20/50 | 미활동 0 | 2홉+ 0.60 | 도달  791 | 차단 1866
Ep 545 | Step 1000 | R   254.91 | 배송 22/50 | 미활동 0 | 2홉+ 0.51 | 도달  732 | 차단 1574
Ep 546 | Step 1000 | R   261.78 | 배송 24/50 | 미활동 0 | 2홉+ 0.62 | 도달  821 | 차단 1723
Ep 547 | Step 1000 | R   349.84 | 배송 28/50 | 미활동 0 | 2홉+ 0.61 | 도달  799 | 차단 1511
Ep 548 | Step 1000 | R   233.10 | 배송 22/50 | 미활동 0 | 2홉+ 0.59 | 도달  696 | 차단 1968
Ep 549 | Step 1000 | R   262.91 | 배송 21/50 | 미활동 0 | 2홉+ 0.55 | 도달  735 | 차단 1799
Ep 550 | Step 1000 | R   214.73 | 배송 18/50 | 미활동 0 | 2홉+ 0.61 | 도달  857 | 차단 1466
  [홀드아웃] 배송 9.0±4.0 미활동 0.50 2홉+ 0.72 도달 777 | 최고 10.5@ep300 | 정체 5/15
Ep 551 | Step 1000 | R   238.75 | 배송 21/50 | 미활동 0 | 2홉+ 0.47 | 도달  797 | 차단 1297
Ep 552 | Step 1000 | R   258.55 | 배송 24/50 | 미활동 0 | 2홉+ 0.47 | 도달  946 | 차단 1822
Ep 553 | Step 1000 | R   290.20 | 배송 26/50 | 미활동 0 | 2홉+ 0.64 | 도달  754 | 차단 1532
Ep 554 | Step 1000 | R   260.93 | 배송 21/50 | 미활동 0 | 2홉+ 0.52 | 도달  852 | 차단 1927
Ep 555 | Step 1000 | R   193.65 | 배송 20/50 | 미활동 0 | 2홉+ 0.68 | 도달  721 | 차단 1999
Ep 556 | Step 1000 | R   195.53 | 배송 19/50 | 미활동 0 | 2홉+ 0.62 | 도달  925 | 차단 2445
Ep 557 | Step 1000 | R   218.80 | 배송 20/50 | 미활동 0 | 2홉+ 0.62 | 도달  914 | 차단 1854
Ep 558 | Step 1000 | R   260.32 | 배송 21/50 | 미활동 0 | 2홉+ 0.63 | 도달  801 | 차단 2160
Ep 559 | Step 1000 | R   323.64 | 배송 29/50 | 미활동 0 | 2홉+ 0.56 | 도달  929 | 차단 1471
Ep 560 | Step 1000 | R   170.11 | 배송 19/50 | 미활동 0 | 2홉+ 0.59 | 도달  867 | 차단 1811
Ep 561 | Step 1000 | R   189.32 | 배송 20/50 | 미활동 0 | 2홉+ 0.69 | 도달  975 | 차단 2149
Ep 562 | Step 1000 | R   240.76 | 배송 21/50 | 미활동 0 | 2홉+ 0.56 | 도달  754 | 차단 1817
Ep 563 | Step 1000 | R   232.80 | 배송 20/50 | 미활동 0 | 2홉+ 0.42 | 도달  899 | 차단 1166
Ep 564 | Step 1000 | R   208.56 | 배송 20/50 | 미활동 0 | 2홉+ 0.53 | 도달  863 | 차단 1458
Ep 565 | Step 1000 | R    77.24 | 배송 13/50 | 미활동 0 | 2홉+ 0.67 | 도달  865 | 차단 2190
Ep 566 | Step 1000 | R   289.41 | 배송 22/50 | 미활동 0 | 2홉+ 0.56 | 도달  966 | 차단 1599
Ep 567 | Step 1000 | R   243.94 | 배송 22/50 | 미활동 0 | 2홉+ 0.69 | 도달  703 | 차단 1568
Ep 568 | Step 1000 | R   289.32 | 배송 25/50 | 미활동 0 | 2홉+ 0.52 | 도달  802 | 차단 1373
Ep 569 | Step 1000 | R   227.94 | 배송 22/50 | 미활동 0 | 2홉+ 0.51 | 도달  859 | 차단 1236
Ep 570 | Step 1000 | R   258.80 | 배송 23/50 | 미활동 0 | 2홉+ 0.58 | 도달  756 | 차단 1468
Ep 571 | Step 1000 | R   179.68 | 배송 18/50 | 미활동 0 | 2홉+ 0.51 | 도달  668 | 차단  709
Ep 572 | Step 1000 | R   287.45 | 배송 25/50 | 미활동 0 | 2홉+ 0.58 | 도달  921 | 차단 1761
Ep 573 | Step 1000 | R   228.73 | 배송 22/50 | 미활동 0 | 2홉+ 0.56 | 도달  778 | 차단 2343
Ep 574 | Step 1000 | R   254.77 | 배송 22/50 | 미활동 0 | 2홉+ 0.47 | 도달  898 | 차단 1545
Ep 575 | Step 1000 | R   177.32 | 배송 18/50 | 미활동 0 | 2홉+ 0.48 | 도달  758 | 차단 1390
Ep 576 | Step 1000 | R   376.02 | 배송 28/50 | 미활동 0 | 2홉+ 0.62 | 도달  778 | 차단 1837
Ep 577 | Step 1000 | R   238.25 | 배송 21/50 | 미활동 0 | 2홉+ 0.67 | 도달  900 | 차단 1592
Ep 578 | Step 1000 | R   353.84 | 배송 28/50 | 미활동 0 | 2홉+ 0.36 | 도달  886 | 차단  963
Ep 579 | Step 1000 | R   305.26 | 배송 22/50 | 미활동 0 | 2홉+ 0.49 | 도달  812 | 차단  894
Ep 580 | Step 1000 | R   279.92 | 배송 22/50 | 미활동 0 | 2홉+ 0.52 | 도달  896 | 차단 1821
Ep 581 | Step 1000 | R   251.34 | 배송 20/50 | 미활동 0 | 2홉+ 0.61 | 도달  943 | 차단 1875
Ep 582 | Step 1000 | R   200.67 | 배송 19/50 | 미활동 0 | 2홉+ 0.67 | 도달 1048 | 차단 2216
Ep 583 | Step 1000 | R    72.44 | 배송 12/50 | 미활동 0 | 2홉+ 0.72 | 도달 1074 | 차단 1771
Ep 584 | Step 1000 | R    58.91 | 배송 14/50 | 미활동 0 | 2홉+ 0.72 | 도달 1068 | 차단 3246
Ep 585 | Step 1000 | R   281.56 | 배송 23/50 | 미활동 0 | 2홉+ 0.53 | 도달  780 | 차단 1971
Ep 586 | Step 1000 | R   302.47 | 배송 22/50 | 미활동 0 | 2홉+ 0.65 | 도달  883 | 차단 2177
Ep 587 | Step 1000 | R   229.33 | 배송 21/50 | 미활동 0 | 2홉+ 0.55 | 도달  655 | 차단 2089
Ep 588 | Step 1000 | R   299.43 | 배송 24/50 | 미활동 0 | 2홉+ 0.57 | 도달  954 | 차단 1700
Ep 589 | Step 1000 | R   296.67 | 배송 22/50 | 미활동 0 | 2홉+ 0.38 | 도달  627 | 차단  668
Ep 590 | Step 1000 | R   203.26 | 배송 19/50 | 미활동 0 | 2홉+ 0.67 | 도달  785 | 차단 1918
Ep 591 | Step 1000 | R   176.94 | 배송 17/50 | 미활동 0 | 2홉+ 0.38 | 도달  623 | 차단  698
Ep 592 | Step 1000 | R   250.65 | 배송 23/50 | 미활동 0 | 2홉+ 0.61 | 도달  748 | 차단 2242
Ep 593 | Step 1000 | R   267.55 | 배송 20/50 | 미활동 0 | 2홉+ 0.47 | 도달  618 | 차단 1350
Ep 594 | Step 1000 | R   103.21 | 배송 16/50 | 미활동 0 | 2홉+ 0.58 | 도달  680 | 차단 2515
Ep 595 | Step 1000 | R   307.60 | 배송 25/50 | 미활동 0 | 2홉+ 0.68 | 도달 1074 | 차단 2041
Ep 596 | Step 1000 | R   227.50 | 배송 21/50 | 미활동 0 | 2홉+ 0.65 | 도달  726 | 차단 1970
Ep 597 | Step 1000 | R   297.75 | 배송 26/50 | 미활동 0 | 2홉+ 0.49 | 도달  704 | 차단  965
Ep 598 | Step 1000 | R   284.44 | 배송 21/50 | 미활동 0 | 2홉+ 0.56 | 도달  936 | 차단 1454
Ep 599 | Step 1000 | R   286.00 | 배송 24/50 | 미활동 0 | 2홉+ 0.63 | 도달  970 | 차단 1495
Ep 600 | Step 1000 | R   196.46 | 배송 19/50 | 미활동 0 | 2홉+ 0.65 | 도달  598 | 차단 2470
  [홀드아웃] 배송 10.2±2.5 미활동 0.33 2홉+ 0.60 도달 638 | 최고 10.5@ep300 | 정체 6/15
Ep 601 | Step 1000 | R    22.72 | 배송 10/50 | 미활동 1 | 2홉+ 0.71 | 도달  772 | 차단 2958
Ep 602 | Step 1000 | R   362.80 | 배송 26/50 | 미활동 0 | 2홉+ 0.63 | 도달  776 | 차단 1550
Ep 603 | Step 1000 | R   163.86 | 배송 17/50 | 미활동 0 | 2홉+ 0.59 | 도달  780 | 차단 1410
Ep 604 | Step 1000 | R   343.39 | 배송 28/50 | 미활동 0 | 2홉+ 0.64 | 도달  831 | 차단 1526
Ep 605 | Step 1000 | R   400.85 | 배송 29/50 | 미활동 0 | 2홉+ 0.54 | 도달  809 | 차단  995
Ep 606 | Step 1000 | R   265.83 | 배송 21/50 | 미활동 0 | 2홉+ 0.63 | 도달  871 | 차단 2095
Ep 607 | Step 1000 | R    23.72 | 배송 11/50 | 미활동 0 | 2홉+ 0.72 | 도달 1074 | 차단 3324
Ep 608 | Step 1000 | R   232.03 | 배송 21/50 | 미활동 0 | 2홉+ 0.61 | 도달  643 | 차단 1440
Ep 609 | Step 1000 | R    45.41 | 배송 12/50 | 미활동 0 | 2홉+ 0.73 | 도달  895 | 차단 3134
Ep 610 | Step 1000 | R   318.30 | 배송 26/50 | 미활동 0 | 2홉+ 0.69 | 도달  790 | 차단 2013
Ep 611 | Step 1000 | R   222.20 | 배송 19/50 | 미활동 0 | 2홉+ 0.50 | 도달  952 | 차단 1747
Ep 612 | Step 1000 | R    35.59 | 배송 11/50 | 미활동 0 | 2홉+ 0.71 | 도달  981 | 차단 2853
Ep 613 | Step 1000 | R   185.05 | 배송 21/50 | 미활동 0 | 2홉+ 0.67 | 도달  819 | 차단 2440
Ep 614 | Step 1000 | R   242.58 | 배송 22/50 | 미활동 0 | 2홉+ 0.57 | 도달  808 | 차단 1618
Ep 615 | Step 1000 | R   276.98 | 배송 21/50 | 미활동 0 | 2홉+ 0.41 | 도달  662 | 차단 1355
Ep 616 | Step 1000 | R   164.88 | 배송 17/50 | 미활동 0 | 2홉+ 0.42 | 도달  601 | 차단 1654
Ep 617 | Step 1000 | R   184.64 | 배송 20/50 | 미활동 0 | 2홉+ 0.67 | 도달  861 | 차단 2477
Ep 618 | Step 1000 | R   367.42 | 배송 30/50 | 미활동 0 | 2홉+ 0.60 | 도달  982 | 차단 1670
Ep 619 | Step 1000 | R    62.42 | 배송 13/50 | 미활동 0 | 2홉+ 0.72 | 도달 1074 | 차단 2545
Ep 620 | Step 1000 | R   328.73 | 배송 26/50 | 미활동 0 | 2홉+ 0.59 | 도달  764 | 차단 1350
Ep 621 | Step 1000 | R   297.47 | 배송 23/50 | 미활동 0 | 2홉+ 0.58 | 도달  863 | 차단 1210
Ep 622 | Step 1000 | R   333.65 | 배송 24/50 | 미활동 0 | 2홉+ 0.65 | 도달  739 | 차단 1842
Ep 623 | Step 1000 | R   290.49 | 배송 23/50 | 미활동 0 | 2홉+ 0.50 | 도달  745 | 차단 1746
Ep 624 | Step 1000 | R   313.48 | 배송 24/50 | 미활동 0 | 2홉+ 0.58 | 도달  886 | 차단 1587
Ep 625 | Step 1000 | R   361.06 | 배송 29/50 | 미활동 0 | 2홉+ 0.63 | 도달  925 | 차단 1878
Ep 626 | Step 1000 | R    39.47 | 배송 11/50 | 미활동 0 | 2홉+ 0.72 | 도달 1074 | 차단 2938
Ep 627 | Step 1000 | R   310.46 | 배송 25/50 | 미활동 0 | 2홉+ 0.60 | 도달  760 | 차단 1609
Ep 628 | Step 1000 | R   363.59 | 배송 27/50 | 미활동 0 | 2홉+ 0.57 | 도달  723 | 차단 1268
Ep 629 | Step 1000 | R   189.78 | 배송 19/50 | 미활동 0 | 2홉+ 0.52 | 도달  815 | 차단 1612
Ep 630 | Step 1000 | R   279.07 | 배송 25/50 | 미활동 0 | 2홉+ 0.59 | 도달  817 | 차단 1525
Ep 631 | Step 1000 | R   133.25 | 배송 17/50 | 미활동 0 | 2홉+ 0.71 | 도달  880 | 차단 3038
Ep 632 | Step 1000 | R   335.18 | 배송 26/50 | 미활동 0 | 2홉+ 0.62 | 도달  795 | 차단 1252
Ep 633 | Step 1000 | R   215.86 | 배송 22/50 | 미활동 0 | 2홉+ 0.47 | 도달  794 | 차단 1406
Ep 634 | Step 1000 | R   334.48 | 배송 26/50 | 미활동 0 | 2홉+ 0.63 | 도달  864 | 차단 1251
Ep 635 | Step 1000 | R   379.91 | 배송 28/50 | 미활동 0 | 2홉+ 0.60 | 도달  873 | 차단 1614
Ep 636 | Step 1000 | R   179.25 | 배송 20/50 | 미활동 0 | 2홉+ 0.69 | 도달  862 | 차단 2158
Ep 637 | Step 1000 | R   216.17 | 배송 21/50 | 미활동 0 | 2홉+ 0.67 | 도달 1074 | 차단 2242
Ep 638 | Step 1000 | R   312.86 | 배송 23/50 | 미활동 0 | 2홉+ 0.53 | 도달  846 | 차단  923
Ep 639 | Step 1000 | R   178.86 | 배송 18/50 | 미활동 0 | 2홉+ 0.46 | 도달  729 | 차단 1087
Ep 640 | Step 1000 | R   245.99 | 배송 21/50 | 미활동 0 | 2홉+ 0.51 | 도달  828 | 차단 1366
Ep 641 | Step 1000 | R   349.91 | 배송 24/50 | 미활동 0 | 2홉+ 0.58 | 도달  735 | 차단 1256
Ep 642 | Step 1000 | R   246.79 | 배송 22/50 | 미활동 0 | 2홉+ 0.61 | 도달  789 | 차단 1574
Ep 643 | Step 1000 | R   308.07 | 배송 24/50 | 미활동 0 | 2홉+ 0.58 | 도달 1016 | 차단 1541
Ep 644 | Step 1000 | R   315.83 | 배송 24/50 | 미활동 0 | 2홉+ 0.55 | 도달  806 | 차단 1537
Ep 645 | Step 1000 | R    91.29 | 배송 17/50 | 미활동 0 | 2홉+ 0.65 | 도달  740 | 차단 3066
Ep 646 | Step 1000 | R   340.04 | 배송 27/50 | 미활동 0 | 2홉+ 0.62 | 도달  853 | 차단 1636
Ep 647 | Step 1000 | R   138.24 | 배송 16/50 | 미활동 0 | 2홉+ 0.58 | 도달  864 | 차단 2206
Ep 648 | Step 1000 | R   215.10 | 배송 18/50 | 미활동 0 | 2홉+ 0.56 | 도달  665 | 차단 1186
Ep 649 | Step 1000 | R   197.94 | 배송 21/50 | 미활동 0 | 2홉+ 0.58 | 도달  659 | 차단 1691
Ep 650 | Step 1000 | R   328.52 | 배송 26/50 | 미활동 0 | 2홉+ 0.51 | 도달  735 | 차단 1154
  [홀드아웃] 배송 10.2±4.6 미활동 0.00 2홉+ 0.58 도달 775 | 최고 10.5@ep300 | 정체 7/15
Ep 651 | Step 1000 | R   124.64 | 배송 16/50 | 미활동 0 | 2홉+ 0.49 | 도달  615 | 차단  932
Ep 652 | Step 1000 | R    61.36 | 배송 16/50 | 미활동 0 | 2홉+ 0.72 | 도달 1038 | 차단 3473
Ep 653 | Step 1000 | R   252.26 | 배송 22/50 | 미활동 0 | 2홉+ 0.59 | 도달  765 | 차단 1614
Ep 654 | Step 1000 | R   224.62 | 배송 22/50 | 미활동 0 | 2홉+ 0.47 | 도달  877 | 차단 1411
Ep 655 | Step 1000 | R   187.37 | 배송 21/50 | 미활동 0 | 2홉+ 0.70 | 도달  888 | 차단 2470
Ep 656 | Step 1000 | R   275.21 | 배송 22/50 | 미활동 0 | 2홉+ 0.66 | 도달  879 | 차단 1791
Ep 657 | Step 1000 | R   241.33 | 배송 21/50 | 미활동 0 | 2홉+ 0.41 | 도달  715 | 차단 1141
Ep 658 | Step 1000 | R   284.35 | 배송 23/50 | 미활동 0 | 2홉+ 0.46 | 도달  811 | 차단 1618
Ep 659 | Step 1000 | R   263.55 | 배송 20/50 | 미활동 0 | 2홉+ 0.59 | 도달  894 | 차단 1336
Ep 660 | Step 1000 | R    86.77 | 배송 15/50 | 미활동 0 | 2홉+ 0.70 | 도달 1024 | 차단 2661
Ep 661 | Step 1000 | R   227.63 | 배송 20/50 | 미활동 0 | 2홉+ 0.59 | 도달  749 | 차단 1642
Ep 662 | Step 1000 | R   227.56 | 배송 21/50 | 미활동 0 | 2홉+ 0.69 | 도달  920 | 차단 1905
Ep 663 | Step 1000 | R   168.42 | 배송 18/50 | 미활동 0 | 2홉+ 0.49 | 도달  616 | 차단 1461
Ep 664 | Step 1000 | R   195.43 | 배송 21/50 | 미활동 0 | 2홉+ 0.51 | 도달  793 | 차단 1999
Ep 665 | Step 1000 | R   225.78 | 배송 21/50 | 미활동 0 | 2홉+ 0.41 | 도달  731 | 차단  627
Ep 666 | Step 1000 | R   205.78 | 배송 18/50 | 미활동 0 | 2홉+ 0.50 | 도달  848 | 차단 1720
Ep 667 | Step 1000 | R   242.35 | 배송 21/50 | 미활동 0 | 2홉+ 0.60 | 도달  720 | 차단 1238
Ep 668 | Step 1000 | R   259.90 | 배송 20/50 | 미활동 0 | 2홉+ 0.66 | 도달 1008 | 차단 2136
Ep 669 | Step 1000 | R   365.25 | 배송 26/50 | 미활동 0 | 2홉+ 0.54 | 도달  770 | 차단 1405
Ep 670 | Step 1000 | R   214.42 | 배송 19/50 | 미활동 0 | 2홉+ 0.54 | 도달  726 | 차단 1583
Ep 671 | Step 1000 | R   264.26 | 배송 24/50 | 미활동 0 | 2홉+ 0.62 | 도달  907 | 차단 1812
Ep 672 | Step 1000 | R   283.16 | 배송 22/50 | 미활동 0 | 2홉+ 0.57 | 도달  766 | 차단 1903
Ep 673 | Step 1000 | R   293.36 | 배송 23/50 | 미활동 0 | 2홉+ 0.65 | 도달  923 | 차단 1607
Ep 674 | Step 1000 | R   313.94 | 배송 25/50 | 미활동 0 | 2홉+ 0.62 | 도달  856 | 차단 1285
Ep 675 | Step 1000 | R   218.85 | 배송 20/50 | 미활동 0 | 2홉+ 0.64 | 도달  974 | 차단 2322
Ep 676 | Step 1000 | R   309.70 | 배송 27/50 | 미활동 0 | 2홉+ 0.40 | 도달  804 | 차단 1110
Ep 677 | Step 1000 | R   202.26 | 배송 21/50 | 미활동 0 | 2홉+ 0.41 | 도달  692 | 차단 1401
Ep 678 | Step 1000 | R   253.31 | 배송 22/50 | 미활동 0 | 2홉+ 0.59 | 도달  726 | 차단 1552
Ep 679 | Step 1000 | R   284.93 | 배송 23/50 | 미활동 0 | 2홉+ 0.64 | 도달  751 | 차단 1868
Ep 680 | Step 1000 | R   280.52 | 배송 22/50 | 미활동 0 | 2홉+ 0.51 | 도달  703 | 차단 1728
Ep 681 | Step 1000 | R   230.77 | 배송 20/50 | 미활동 0 | 2홉+ 0.66 | 도달  930 | 차단 1367
Ep 682 | Step 1000 | R   303.75 | 배송 25/50 | 미활동 0 | 2홉+ 0.55 | 도달  809 | 차단 1949
Ep 683 | Step 1000 | R   228.88 | 배송 19/50 | 미활동 0 | 2홉+ 0.68 | 도달  807 | 차단 2685
Ep 684 | Step 1000 | R   270.22 | 배송 23/50 | 미활동 0 | 2홉+ 0.59 | 도달  787 | 차단 1584
Ep 685 | Step 1000 | R   295.83 | 배송 23/50 | 미활동 0 | 2홉+ 0.61 | 도달  683 | 차단 1661
Ep 686 | Step 1000 | R   189.35 | 배송 21/50 | 미활동 0 | 2홉+ 0.58 | 도달  781 | 차단 1899
Ep 687 | Step 1000 | R   185.38 | 배송 20/50 | 미활동 0 | 2홉+ 0.61 | 도달  727 | 차단 2224
Ep 688 | Step 1000 | R   260.56 | 배송 24/50 | 미활동 0 | 2홉+ 0.61 | 도달  688 | 차단 1741
Ep 689 | Step 1000 | R   240.93 | 배송 20/50 | 미활동 0 | 2홉+ 0.62 | 도달  781 | 차단 2474
Ep 690 | Step 1000 | R   169.63 | 배송 18/50 | 미활동 0 | 2홉+ 0.43 | 도달  673 | 차단 1435
Ep 691 | Step 1000 | R   230.76 | 배송 21/50 | 미활동 0 | 2홉+ 0.70 | 도달  827 | 차단 2204
Ep 692 | Step 1000 | R   228.90 | 배송 20/50 | 미활동 0 | 2홉+ 0.64 | 도달  831 | 차단 1731
Ep 693 | Step 1000 | R   295.52 | 배송 23/50 | 미활동 0 | 2홉+ 0.59 | 도달  792 | 차단 1848
Ep 694 | Step 1000 | R   158.19 | 배송 18/50 | 미활동 0 | 2홉+ 0.55 | 도달  654 | 차단 1939
Ep 695 | Step 1000 | R   282.72 | 배송 20/50 | 미활동 0 | 2홉+ 0.62 | 도달  696 | 차단  662
Ep 696 | Step 1000 | R    85.49 | 배송 15/50 | 미활동 0 | 2홉+ 0.62 | 도달  662 | 차단 2427
Ep 697 | Step 1000 | R   173.70 | 배송 19/50 | 미활동 0 | 2홉+ 0.67 | 도달  701 | 차단 2105
Ep 698 | Step 1000 | R   249.56 | 배송 21/50 | 미활동 0 | 2홉+ 0.57 | 도달  788 | 차단 1072
Ep 699 | Step 1000 | R   116.84 | 배송 15/50 | 미활동 0 | 2홉+ 0.44 | 도달  551 | 차단  999
Ep 700 | Step 1000 | R   205.24 | 배송 21/50 | 미활동 0 | 2홉+ 0.53 | 도달  607 | 차단 1262
  [홀드아웃] 배송 13.3±4.8 미활동 0.00 2홉+ 0.69 도달 773 | 최고 13.3@ep700 | 정체 0/15  ← 최고 갱신
Ep 701 | Step 1000 | R   229.58 | 배송 19/50 | 미활동 0 | 2홉+ 0.30 | 도달  585 | 차단  802
Ep 702 | Step 1000 | R   286.07 | 배송 25/50 | 미활동 0 | 2홉+ 0.53 | 도달  790 | 차단 1267
Ep 703 | Step 1000 | R   175.99 | 배송 18/50 | 미활동 0 | 2홉+ 0.48 | 도달  977 | 차단 1664
Ep 704 | Step 1000 | R   272.97 | 배송 24/50 | 미활동 0 | 2홉+ 0.51 | 도달  841 | 차단 1799
Ep 705 | Step 1000 | R   260.02 | 배송 21/50 | 미활동 0 | 2홉+ 0.60 | 도달  784 | 차단 2133
Ep 706 | Step 1000 | R   245.55 | 배송 21/50 | 미활동 0 | 2홉+ 0.46 | 도달  808 | 차단  891
Ep 707 | Step 1000 | R   357.45 | 배송 25/50 | 미활동 0 | 2홉+ 0.59 | 도달  836 | 차단 1399
Ep 708 | Step 1000 | R   221.01 | 배송 19/50 | 미활동 0 | 2홉+ 0.51 | 도달  723 | 차단 1285
Ep 709 | Step 1000 | R   245.57 | 배송 23/50 | 미활동 0 | 2홉+ 0.67 | 도달  691 | 차단 2135
Ep 710 | Step 1000 | R   238.21 | 배송 20/50 | 미활동 0 | 2홉+ 0.43 | 도달  645 | 차단 1050
Ep 711 | Step 1000 | R   208.14 | 배송 19/50 | 미활동 0 | 2홉+ 0.60 | 도달  955 | 차단 1838
Ep 712 | Step 1000 | R   152.41 | 배송 17/50 | 미활동 0 | 2홉+ 0.63 | 도달  706 | 차단 2143
Ep 713 | Step 1000 | R   188.45 | 배송 21/50 | 미활동 0 | 2홉+ 0.53 | 도달  729 | 차단 2246
Ep 714 | Step 1000 | R   289.89 | 배송 25/50 | 미활동 0 | 2홉+ 0.61 | 도달  820 | 차단 1280
Ep 715 | Step 1000 | R   276.41 | 배송 24/50 | 미활동 0 | 2홉+ 0.59 | 도달  711 | 차단 1230
Ep 716 | Step 1000 | R    47.91 | 배송 13/50 | 미활동 0 | 2홉+ 0.72 | 도달  985 | 차단 3036
Ep 717 | Step 1000 | R   245.14 | 배송 22/50 | 미활동 0 | 2홉+ 0.59 | 도달  788 | 차단 1922
Ep 718 | Step 1000 | R   165.61 | 배송 17/50 | 미활동 0 | 2홉+ 0.43 | 도달  647 | 차단 1303
Ep 719 | Step 1000 | R   226.46 | 배송 20/50 | 미활동 0 | 2홉+ 0.56 | 도달  735 | 차단 2039
Ep 720 | Step 1000 | R   202.90 | 배송 20/50 | 미활동 0 | 2홉+ 0.59 | 도달  712 | 차단 2604
Ep 721 | Step 1000 | R   155.74 | 배송 18/50 | 미활동 0 | 2홉+ 0.36 | 도달  668 | 차단 1115
Ep 722 | Step 1000 | R   315.92 | 배송 25/50 | 미활동 0 | 2홉+ 0.60 | 도달  826 | 차단 1805
Ep 723 | Step 1000 | R   269.23 | 배송 21/50 | 미활동 0 | 2홉+ 0.62 | 도달  796 | 차단 1843
Ep 724 | Step 1000 | R   180.45 | 배송 18/50 | 미활동 0 | 2홉+ 0.39 | 도달  636 | 차단 1101
Ep 725 | Step 1000 | R   199.34 | 배송 19/50 | 미활동 0 | 2홉+ 0.49 | 도달  760 | 차단 1112
Ep 726 | Step 1000 | R   275.30 | 배송 22/50 | 미활동 0 | 2홉+ 0.69 | 도달  953 | 차단 1946
Ep 727 | Step 1000 | R    49.28 | 배송 12/50 | 미활동 0 | 2홉+ 0.72 | 도달 1074 | 차단 2924
Ep 728 | Step 1000 | R   203.77 | 배송 19/50 | 미활동 0 | 2홉+ 0.47 | 도달  663 | 차단 1951
Ep 729 | Step 1000 | R   163.18 | 배송 18/50 | 미활동 0 | 2홉+ 0.54 | 도달  888 | 차단 1843
Ep 730 | Step 1000 | R   320.11 | 배송 27/50 | 미활동 0 | 2홉+ 0.47 | 도달  649 | 차단  523
Ep 731 | Step 1000 | R   211.01 | 배송 18/50 | 미활동 0 | 2홉+ 0.51 | 도달  692 | 차단 1438
Ep 732 | Step 1000 | R   353.85 | 배송 28/50 | 미활동 0 | 2홉+ 0.67 | 도달  814 | 차단 1258
Ep 733 | Step 1000 | R   170.10 | 배송 19/50 | 미활동 0 | 2홉+ 0.34 | 도달  743 | 차단  573
Ep 734 | Step 1000 | R   205.66 | 배송 18/50 | 미활동 0 | 2홉+ 0.60 | 도달  823 | 차단 1757
Ep 735 | Step 1000 | R   301.24 | 배송 22/50 | 미활동 0 | 2홉+ 0.45 | 도달  729 | 차단 1013
Ep 736 | Step 1000 | R   203.38 | 배송 18/50 | 미활동 0 | 2홉+ 0.61 | 도달  710 | 차단 1796
Ep 737 | Step 1000 | R   215.16 | 배송 21/50 | 미활동 0 | 2홉+ 0.68 | 도달  838 | 차단 2568
Ep 738 | Step 1000 | R   112.39 | 배송 16/50 | 미활동 0 | 2홉+ 0.55 | 도달  862 | 차단 2389
Ep 739 | Step 1000 | R    35.55 | 배송 10/50 | 미활동 0 | 2홉+ 0.72 | 도달 1000 | 차단 2273
Ep 740 | Step 1000 | R   252.30 | 배송 23/50 | 미활동 0 | 2홉+ 0.62 | 도달  733 | 차단 1624
Ep 741 | Step 1000 | R   153.02 | 배송 18/50 | 미활동 0 | 2홉+ 0.69 | 도달  806 | 차단 2057
Ep 742 | Step 1000 | R   185.17 | 배송 20/50 | 미활동 0 | 2홉+ 0.60 | 도달  699 | 차단 1851
Ep 743 | Step 1000 | R   180.14 | 배송 18/50 | 미활동 0 | 2홉+ 0.58 | 도달  748 | 차단 2662
Ep 744 | Step 1000 | R   290.54 | 배송 24/50 | 미활동 0 | 2홉+ 0.62 | 도달  747 | 차단 2128
Ep 745 | Step 1000 | R   171.59 | 배송 19/50 | 미활동 0 | 2홉+ 0.68 | 도달  802 | 차단 2229
Ep 746 | Step 1000 | R   205.95 | 배송 17/50 | 미활동 0 | 2홉+ 0.42 | 도달  580 | 차단  756
Ep 747 | Step 1000 | R   269.65 | 배송 24/50 | 미활동 0 | 2홉+ 0.50 | 도달  847 | 차단 1416
Ep 748 | Step 1000 | R   160.47 | 배송 16/50 | 미활동 0 | 2홉+ 0.62 | 도달  813 | 차단 1228
Ep 749 | Step 1000 | R   377.30 | 배송 26/50 | 미활동 0 | 2홉+ 0.55 | 도달  726 | 차단  973
Ep 750 | Step 1000 | R   287.56 | 배송 23/50 | 미활동 0 | 2홉+ 0.59 | 도달  883 | 차단 1747
  [홀드아웃] 배송 10.7±3.9 미활동 0.17 2홉+ 0.66 도달 672 | 최고 13.3@ep700 | 정체 1/15
Ep 751 | Step 1000 | R   294.41 | 배송 26/50 | 미활동 0 | 2홉+ 0.53 | 도달  951 | 차단 1366
Ep 752 | Step 1000 | R    60.47 | 배송 12/50 | 미활동 0 | 2홉+ 0.69 | 도달  875 | 차단 2247
Ep 753 | Step 1000 | R   353.31 | 배송 28/50 | 미활동 0 | 2홉+ 0.60 | 도달  764 | 차단 1136
Ep 754 | Step 1000 | R   202.07 | 배송 20/50 | 미활동 0 | 2홉+ 0.39 | 도달  725 | 차단 1484
Ep 755 | Step 1000 | R   254.75 | 배송 20/50 | 미활동 0 | 2홉+ 0.62 | 도달  695 | 차단 1717
Ep 756 | Step 1000 | R   192.62 | 배송 20/50 | 미활동 0 | 2홉+ 0.41 | 도달  596 | 차단 1635
Ep 757 | Step 1000 | R   265.08 | 배송 24/50 | 미활동 0 | 2홉+ 0.54 | 도달  764 | 차단 1692
Ep 758 | Step 1000 | R    63.90 | 배송 14/50 | 미활동 0 | 2홉+ 0.72 | 도달  734 | 차단 2853
Ep 759 | Step 1000 | R   291.14 | 배송 23/50 | 미활동 0 | 2홉+ 0.63 | 도달  795 | 차단 1587
Ep 760 | Step 1000 | R   368.49 | 배송 29/50 | 미활동 0 | 2홉+ 0.51 | 도달  909 | 차단 1021
Ep 761 | Step 1000 | R   351.08 | 배송 24/50 | 미활동 0 | 2홉+ 0.52 | 도달  872 | 차단 1168
Ep 762 | Step 1000 | R   266.66 | 배송 21/50 | 미활동 0 | 2홉+ 0.57 | 도달  875 | 차단 1740
Ep 763 | Step 1000 | R   261.92 | 배송 23/50 | 미활동 0 | 2홉+ 0.41 | 도달  615 | 차단  985
Ep 764 | Step 1000 | R   322.64 | 배송 25/50 | 미활동 0 | 2홉+ 0.57 | 도달  803 | 차단 1371
Ep 765 | Step 1000 | R   170.41 | 배송 18/50 | 미활동 0 | 2홉+ 0.54 | 도달  694 | 차단 1781
Ep 766 | Step 1000 | R   353.28 | 배송 28/50 | 미활동 0 | 2홉+ 0.62 | 도달  804 | 차단 1168
Ep 767 | Step 1000 | R   258.32 | 배송 19/50 | 미활동 0 | 2홉+ 0.61 | 도달  755 | 차단 1255
Ep 768 | Step 1000 | R   192.15 | 배송 20/50 | 미활동 0 | 2홉+ 0.55 | 도달  816 | 차단 1637
Ep 769 | Step 1000 | R   343.37 | 배송 27/50 | 미활동 0 | 2홉+ 0.53 | 도달  763 | 차단 1199
Ep 770 | Step 1000 | R   292.05 | 배송 22/50 | 미활동 0 | 2홉+ 0.46 | 도달  703 | 차단 1438
Ep 771 | Step 1000 | R   321.13 | 배송 25/50 | 미활동 0 | 2홉+ 0.52 | 도달  779 | 차단 1585
Ep 772 | Step 1000 | R   255.47 | 배송 23/50 | 미활동 0 | 2홉+ 0.69 | 도달  766 | 차단 1655
Ep 773 | Step 1000 | R   184.80 | 배송 20/50 | 미활동 0 | 2홉+ 0.57 | 도달  694 | 차단 2290
Ep 774 | Step 1000 | R   301.75 | 배송 22/50 | 미활동 0 | 2홉+ 0.64 | 도달  936 | 차단 2387
Ep 775 | Step 1000 | R   237.38 | 배송 20/50 | 미활동 0 | 2홉+ 0.47 | 도달  721 | 차단 1435
Ep 776 | Step 1000 | R   307.11 | 배송 25/50 | 미활동 0 | 2홉+ 0.61 | 도달  693 | 차단 1896
Ep 777 | Step 1000 | R   337.71 | 배송 27/50 | 미활동 0 | 2홉+ 0.63 | 도달  690 | 차단 1547
Ep 778 | Step 1000 | R   224.31 | 배송 20/50 | 미활동 0 | 2홉+ 0.61 | 도달  803 | 차단 1885
Ep 779 | Step 1000 | R   248.63 | 배송 23/50 | 미활동 0 | 2홉+ 0.65 | 도달  901 | 차단 1924
Ep 780 | Step 1000 | R   333.83 | 배송 26/50 | 미활동 0 | 2홉+ 0.65 | 도달  881 | 차단 1354
Ep 781 | Step 1000 | R   264.49 | 배송 23/50 | 미활동 0 | 2홉+ 0.66 | 도달  826 | 차단 1534
Ep 782 | Step 1000 | R   298.15 | 배송 24/50 | 미활동 0 | 2홉+ 0.58 | 도달  799 | 차단 1847
Ep 783 | Step 1000 | R   318.16 | 배송 25/50 | 미활동 0 | 2홉+ 0.67 | 도달  801 | 차단 1441
Ep 784 | Step 1000 | R   245.12 | 배송 22/50 | 미활동 0 | 2홉+ 0.57 | 도달  660 | 차단 1745
Ep 785 | Step 1000 | R   262.23 | 배송 22/50 | 미활동 0 | 2홉+ 0.55 | 도달  603 | 차단 1124
Ep 786 | Step 1000 | R   123.70 | 배송 18/50 | 미활동 0 | 2홉+ 0.68 | 도달  873 | 차단 2348
Ep 787 | Step 1000 | R   280.58 | 배송 23/50 | 미활동 0 | 2홉+ 0.67 | 도달  908 | 차단 2118
Ep 788 | Step 1000 | R   315.54 | 배송 25/50 | 미활동 0 | 2홉+ 0.64 | 도달  710 | 차단 1477
Ep 789 | Step 1000 | R   324.91 | 배송 27/50 | 미활동 0 | 2홉+ 0.65 | 도달  912 | 차단 1931
Ep 790 | Step 1000 | R   253.59 | 배송 24/50 | 미활동 0 | 2홉+ 0.66 | 도달  731 | 차단 2312
Ep 791 | Step 1000 | R   182.33 | 배송 20/50 | 미활동 0 | 2홉+ 0.59 | 도달  814 | 차단 2211
Ep 792 | Step 1000 | R   296.65 | 배송 24/50 | 미활동 0 | 2홉+ 0.66 | 도달 1074 | 차단 1977
Ep 793 | Step 1000 | R   258.66 | 배송 24/50 | 미활동 0 | 2홉+ 0.61 | 도달  657 | 차단 2175
Ep 794 | Step 1000 | R   327.19 | 배송 26/50 | 미활동 0 | 2홉+ 0.48 | 도달  724 | 차단 1707
Ep 795 | Step 1000 | R   202.06 | 배송 20/50 | 미활동 0 | 2홉+ 0.47 | 도달  593 | 차단 1069
Ep 796 | Step 1000 | R   158.18 | 배송 17/50 | 미활동 0 | 2홉+ 0.65 | 도달  689 | 차단 1827
Ep 797 | Step 1000 | R   254.68 | 배송 21/50 | 미활동 0 | 2홉+ 0.67 | 도달  717 | 차단 2148
Ep 798 | Step 1000 | R   213.99 | 배송 20/50 | 미활동 0 | 2홉+ 0.68 | 도달  880 | 차단 2357
Ep 799 | Step 1000 | R   261.51 | 배송 24/50 | 미활동 0 | 2홉+ 0.67 | 도달  935 | 차단 2250
Ep 800 | Step 1000 | R   321.67 | 배송 26/50 | 미활동 0 | 2홉+ 0.65 | 도달  822 | 차단 1446
  [홀드아웃] 배송 15.3±3.5 미활동 0.00 2홉+ 0.62 도달 745 | 최고 15.3@ep800 | 정체 0/15  ← 최고 갱신
Ep 801 | Step 1000 | R   249.76 | 배송 21/50 | 미활동 0 | 2홉+ 0.57 | 도달  920 | 차단 2150
Ep 802 | Step 1000 | R   226.30 | 배송 21/50 | 미활동 0 | 2홉+ 0.49 | 도달  738 | 차단 2056
Ep 803 | Step 1000 | R   284.92 | 배송 25/50 | 미활동 0 | 2홉+ 0.66 | 도달  880 | 차단 1613
Ep 804 | Step 1000 | R   254.88 | 배송 23/50 | 미활동 0 | 2홉+ 0.52 | 도달  811 | 차단 1653
Ep 805 | Step 1000 | R   249.56 | 배송 23/50 | 미활동 0 | 2홉+ 0.68 | 도달  743 | 차단 1771
Ep 806 | Step 1000 | R   288.42 | 배송 23/50 | 미활동 0 | 2홉+ 0.56 | 도달  711 | 차단 1567
Ep 807 | Step 1000 | R   294.88 | 배송 23/50 | 미활동 0 | 2홉+ 0.50 | 도달  725 | 차단 1591
Ep 808 | Step 1000 | R   256.62 | 배송 21/50 | 미활동 0 | 2홉+ 0.50 | 도달  590 | 차단 1027
Ep 809 | Step 1000 | R   204.71 | 배송 20/50 | 미활동 0 | 2홉+ 0.66 | 도달  862 | 차단 2458
Ep 810 | Step 1000 | R   355.14 | 배송 25/50 | 미활동 0 | 2홉+ 0.60 | 도달 1037 | 차단 1409
Ep 811 | Step 1000 | R   349.64 | 배송 28/50 | 미활동 0 | 2홉+ 0.53 | 도달  851 | 차단 1413
Ep 812 | Step 1000 | R   331.49 | 배송 26/50 | 미활동 0 | 2홉+ 0.62 | 도달  867 | 차단 1312
Ep 813 | Step 1000 | R   319.55 | 배송 25/50 | 미활동 0 | 2홉+ 0.66 | 도달  732 | 차단 1486
Ep 814 | Step 1000 | R   332.47 | 배송 23/50 | 미활동 0 | 2홉+ 0.47 | 도달  649 | 차단 1431
Ep 815 | Step 1000 | R   317.06 | 배송 28/50 | 미활동 0 | 2홉+ 0.60 | 도달  959 | 차단 1447
Ep 816 | Step 1000 | R   277.26 | 배송 24/50 | 미활동 0 | 2홉+ 0.59 | 도달  918 | 차단 1258
Ep 817 | Step 1000 | R   308.25 | 배송 24/50 | 미활동 0 | 2홉+ 0.53 | 도달  777 | 차단 1420
Ep 818 | Step 1000 | R   152.86 | 배송 18/50 | 미활동 0 | 2홉+ 0.63 | 도달  818 | 차단 2152
Ep 819 | Step 1000 | R    29.67 | 배송 11/50 | 미활동 0 | 2홉+ 0.72 | 도달  669 | 차단 3220
Ep 820 | Step 1000 | R   318.67 | 배송 25/50 | 미활동 0 | 2홉+ 0.60 | 도달  829 | 차단 1454
Ep 821 | Step 1000 | R   187.31 | 배송 20/50 | 미활동 0 | 2홉+ 0.52 | 도달  712 | 차단 1810
Ep 822 | Step 1000 | R   243.20 | 배송 20/50 | 미활동 0 | 2홉+ 0.51 | 도달  693 | 차단  666
Ep 823 | Step 1000 | R   237.46 | 배송 21/50 | 미활동 0 | 2홉+ 0.65 | 도달  837 | 차단 1800
Ep 824 | Step 1000 | R   156.37 | 배송 17/50 | 미활동 0 | 2홉+ 0.50 | 도달  749 | 차단 2007
Ep 825 | Step 1000 | R   118.51 | 배송 16/50 | 미활동 0 | 2홉+ 0.48 | 도달  568 | 차단 1112
Ep 826 | Step 1000 | R   256.50 | 배송 23/50 | 미활동 0 | 2홉+ 0.61 | 도달  936 | 차단 1710
Ep 827 | Step 1000 | R   232.75 | 배송 20/50 | 미활동 0 | 2홉+ 0.52 | 도달  648 | 차단 1337
Ep 828 | Step 1000 | R   255.41 | 배송 22/50 | 미활동 0 | 2홉+ 0.37 | 도달  677 | 차단 1099
Ep 829 | Step 1000 | R   299.11 | 배송 26/50 | 미활동 0 | 2홉+ 0.51 | 도달  739 | 차단 1057
Ep 830 | Step 1000 | R   278.50 | 배송 24/50 | 미활동 0 | 2홉+ 0.53 | 도달  852 | 차단 1169
Ep 831 | Step 1000 | R   215.85 | 배송 20/50 | 미활동 0 | 2홉+ 0.66 | 도달  899 | 차단 2136
Ep 832 | Step 1000 | R   311.16 | 배송 26/50 | 미활동 0 | 2홉+ 0.61 | 도달  894 | 차단 1977
Ep 833 | Step 1000 | R   267.30 | 배송 24/50 | 미활동 0 | 2홉+ 0.56 | 도달  679 | 차단 1954
Ep 834 | Step 1000 | R   126.24 | 배송 17/50 | 미활동 0 | 2홉+ 0.71 | 도달  940 | 차단 2195
Ep 835 | Step 1000 | R   174.88 | 배송 19/50 | 미활동 0 | 2홉+ 0.66 | 도달  891 | 차단 2203
Ep 836 | Step 1000 | R   208.08 | 배송 20/50 | 미활동 0 | 2홉+ 0.56 | 도달  751 | 차단  638
Ep 837 | Step 1000 | R   241.77 | 배송 21/50 | 미활동 0 | 2홉+ 0.64 | 도달  985 | 차단 1837
Ep 838 | Step 1000 | R   173.83 | 배송 19/50 | 미활동 0 | 2홉+ 0.54 | 도달  858 | 차단 1999
Ep 839 | Step 1000 | R   265.55 | 배송 24/50 | 미활동 0 | 2홉+ 0.55 | 도달  778 | 차단 1822
Ep 840 | Step 1000 | R   267.06 | 배송 20/50 | 미활동 0 | 2홉+ 0.53 | 도달  673 | 차단 1401
Ep 841 | Step 1000 | R   207.12 | 배송 20/50 | 미활동 0 | 2홉+ 0.67 | 도달  693 | 차단 2446
Ep 842 | Step 1000 | R   238.78 | 배송 21/50 | 미활동 0 | 2홉+ 0.59 | 도달  832 | 차단 1385
Ep 843 | Step 1000 | R   161.10 | 배송 19/50 | 미활동 0 | 2홉+ 0.71 | 도달  761 | 차단 2669
Ep 844 | Step 1000 | R   159.16 | 배송 19/50 | 미활동 0 | 2홉+ 0.68 | 도달  810 | 차단 2346
Ep 845 | Step 1000 | R   200.88 | 배송 19/50 | 미활동 0 | 2홉+ 0.63 | 도달  927 | 차단 2201
Ep 846 | Step 1000 | R   149.76 | 배송 17/50 | 미활동 0 | 2홉+ 0.51 | 도달  701 | 차단 1992
Ep 847 | Step 1000 | R   258.25 | 배송 20/50 | 미활동 0 | 2홉+ 0.48 | 도달  640 | 차단 1769
Ep 848 | Step 1000 | R   200.20 | 배송 19/50 | 미활동 0 | 2홉+ 0.44 | 도달  794 | 차단 1418
Ep 849 | Step 1000 | R   149.02 | 배송 17/50 | 미활동 0 | 2홉+ 0.51 | 도달  841 | 차단 1067
Ep 850 | Step 1000 | R   194.58 | 배송 19/50 | 미활동 0 | 2홉+ 0.65 | 도달  694 | 차단 2546
  [홀드아웃] 배송 6.7±2.7 미활동 0.67 2홉+ 0.73 도달 764 | 최고 15.3@ep800 | 정체 1/15
Ep 851 | Step 1000 | R   222.58 | 배송 20/50 | 미활동 0 | 2홉+ 0.51 | 도달  754 | 차단 1600
Ep 852 | Step 1000 | R   169.45 | 배송 19/50 | 미활동 0 | 2홉+ 0.48 | 도달  731 | 차단 1840
Ep 853 | Step 1000 | R   277.18 | 배송 25/50 | 미활동 0 | 2홉+ 0.67 | 도달  871 | 차단 1918
Ep 854 | Step 1000 | R   279.16 | 배송 24/50 | 미활동 0 | 2홉+ 0.42 | 도달  818 | 차단  966
Ep 855 | Step 1000 | R   173.11 | 배송 19/50 | 미활동 0 | 2홉+ 0.60 | 도달  749 | 차단 2214
Ep 856 | Step 1000 | R   184.95 | 배송 18/50 | 미활동 0 | 2홉+ 0.53 | 도달  853 | 차단 1678
Ep 857 | Step 1000 | R   340.92 | 배송 26/50 | 미활동 0 | 2홉+ 0.66 | 도달  748 | 차단 1162
Ep 858 | Step 1000 | R   310.79 | 배송 25/50 | 미활동 0 | 2홉+ 0.58 | 도달  854 | 차단 1621
Ep 859 | Step 1000 | R   148.39 | 배송 17/50 | 미활동 0 | 2홉+ 0.71 | 도달  754 | 차단 2349
Ep 860 | Step 1000 | R   256.08 | 배송 23/50 | 미활동 0 | 2홉+ 0.56 | 도달  727 | 차단 1113
Ep 861 | Step 1000 | R   232.37 | 배송 21/50 | 미활동 0 | 2홉+ 0.59 | 도달  817 | 차단 2186
Ep 862 | Step 1000 | R   270.98 | 배송 21/50 | 미활동 0 | 2홉+ 0.60 | 도달  708 | 차단 1789
Ep 863 | Step 1000 | R   284.39 | 배송 26/50 | 미활동 0 | 2홉+ 0.70 | 도달  973 | 차단 1856
Ep 864 | Step 1000 | R   242.34 | 배송 21/50 | 미활동 0 | 2홉+ 0.57 | 도달  696 | 차단 1210
Ep 865 | Step 1000 | R   192.28 | 배송 21/50 | 미활동 0 | 2홉+ 0.67 | 도달  902 | 차단 1866
Ep 866 | Step 1000 | R   223.14 | 배송 20/50 | 미활동 0 | 2홉+ 0.45 | 도달  568 | 차단 1349
Ep 867 | Step 1000 | R   188.10 | 배송 20/50 | 미활동 0 | 2홉+ 0.61 | 도달  607 | 차단 1533
Ep 868 | Step 1000 | R   287.88 | 배송 25/50 | 미활동 0 | 2홉+ 0.62 | 도달  959 | 차단 1033
Ep 869 | Step 1000 | R   261.55 | 배송 22/50 | 미활동 0 | 2홉+ 0.42 | 도달  617 | 차단 1088
Ep 870 | Step 1000 | R   249.12 | 배송 23/50 | 미활동 0 | 2홉+ 0.57 | 도달  645 | 차단 1666
Ep 871 | Step 1000 | R   252.89 | 배송 23/50 | 미활동 0 | 2홉+ 0.61 | 도달  730 | 차단 1715
Ep 872 | Step 1000 | R   304.64 | 배송 25/50 | 미활동 0 | 2홉+ 0.64 | 도달  835 | 차단 1831
Ep 873 | Step 1000 | R   281.76 | 배송 22/50 | 미활동 0 | 2홉+ 0.38 | 도달  696 | 차단 1704
Ep 874 | Step 1000 | R   259.55 | 배송 22/50 | 미활동 0 | 2홉+ 0.49 | 도달  700 | 차단  534
Ep 875 | Step 1000 | R   209.35 | 배송 20/50 | 미활동 0 | 2홉+ 0.69 | 도달  822 | 차단 2345
Ep 876 | Step 1000 | R   304.72 | 배송 25/50 | 미활동 0 | 2홉+ 0.62 | 도달  704 | 차단 1850
Ep 877 | Step 1000 | R   210.75 | 배송 19/50 | 미활동 0 | 2홉+ 0.50 | 도달  755 | 차단 1866
Ep 878 | Step 1000 | R   256.13 | 배송 23/50 | 미활동 0 | 2홉+ 0.70 | 도달 1050 | 차단 1769
Ep 879 | Step 1000 | R   267.11 | 배송 23/50 | 미활동 0 | 2홉+ 0.56 | 도달  696 | 차단 1356
Ep 880 | Step 1000 | R   306.24 | 배송 27/50 | 미활동 0 | 2홉+ 0.66 | 도달  971 | 차단 1477
Ep 881 | Step 1000 | R   227.04 | 배송 19/50 | 미활동 0 | 2홉+ 0.47 | 도달  640 | 차단  794
Ep 882 | Step 1000 | R   347.32 | 배송 28/50 | 미활동 0 | 2홉+ 0.61 | 도달  847 | 차단 1510
Ep 883 | Step 1000 | R   391.59 | 배송 30/50 | 미활동 0 | 2홉+ 0.66 | 도달  905 | 차단 1796
Ep 884 | Step 1000 | R   307.93 | 배송 25/50 | 미활동 0 | 2홉+ 0.65 | 도달  847 | 차단 1923
Ep 885 | Step 1000 | R   296.16 | 배송 27/50 | 미활동 0 | 2홉+ 0.67 | 도달  844 | 차단 1430
Ep 886 | Step 1000 | R   292.45 | 배송 23/50 | 미활동 0 | 2홉+ 0.55 | 도달  759 | 차단 1591
Ep 887 | Step 1000 | R   235.43 | 배송 22/50 | 미활동 0 | 2홉+ 0.62 | 도달  901 | 차단 2181
Ep 888 | Step 1000 | R   274.89 | 배송 26/50 | 미활동 0 | 2홉+ 0.67 | 도달  911 | 차단 1981
Ep 889 | Step 1000 | R   232.86 | 배송 19/50 | 미활동 0 | 2홉+ 0.58 | 도달  758 | 차단 2072
Ep 890 | Step 1000 | R   156.80 | 배송 19/50 | 미활동 0 | 2홉+ 0.61 | 도달  620 | 차단 1013
Ep 891 | Step 1000 | R   259.32 | 배송 21/50 | 미활동 0 | 2홉+ 0.50 | 도달  855 | 차단 2221
Ep 892 | Step 1000 | R   296.18 | 배송 26/50 | 미활동 0 | 2홉+ 0.52 | 도달  765 | 차단 1123
Ep 893 | Step 1000 | R   235.99 | 배송 21/50 | 미활동 0 | 2홉+ 0.66 | 도달  888 | 차단 1493
Ep 894 | Step 1000 | R    91.26 | 배송 16/50 | 미활동 0 | 2홉+ 0.72 | 도달  977 | 차단 2722
Ep 895 | Step 1000 | R   343.04 | 배송 27/50 | 미활동 0 | 2홉+ 0.55 | 도달  872 | 차단 1027
Ep 896 | Step 1000 | R   283.87 | 배송 23/50 | 미활동 0 | 2홉+ 0.57 | 도달  665 | 차단 1981
Ep 897 | Step 1000 | R   227.71 | 배송 23/50 | 미활동 0 | 2홉+ 0.67 | 도달  927 | 차단 1512
Ep 898 | Step 1000 | R   225.39 | 배송 23/50 | 미활동 0 | 2홉+ 0.63 | 도달  755 | 차단 1490
Ep 899 | Step 1000 | R   187.72 | 배송 19/50 | 미활동 0 | 2홉+ 0.56 | 도달  866 | 차단 1224
Ep 900 | Step 1000 | R   236.66 | 배송 21/50 | 미활동 0 | 2홉+ 0.55 | 도달  947 | 차단 1834
  [홀드아웃] 배송 10.5±3.0 미활동 0.17 2홉+ 0.69 도달 761 | 최고 15.3@ep800 | 정체 2/15
Ep 901 | Step 1000 | R   333.80 | 배송 27/50 | 미활동 0 | 2홉+ 0.59 | 도달  631 | 차단 1141
Ep 902 | Step 1000 | R   287.59 | 배송 23/50 | 미활동 0 | 2홉+ 0.49 | 도달  705 | 차단 1470
Ep 903 | Step 1000 | R   253.55 | 배송 23/50 | 미활동 0 | 2홉+ 0.58 | 도달  790 | 차단 1791
Ep 904 | Step 1000 | R   261.64 | 배송 23/50 | 미활동 0 | 2홉+ 0.50 | 도달  638 | 차단 1077
Ep 905 | Step 1000 | R   275.27 | 배송 24/50 | 미활동 0 | 2홉+ 0.63 | 도달  866 | 차단 1060
Ep 906 | Step 1000 | R   236.83 | 배송 20/50 | 미활동 0 | 2홉+ 0.63 | 도달  801 | 차단 1182
Ep 907 | Step 1000 | R   228.42 | 배송 21/50 | 미활동 0 | 2홉+ 0.50 | 도달  713 | 차단 2060
Ep 908 | Step 1000 | R   229.66 | 배송 21/50 | 미활동 0 | 2홉+ 0.68 | 도달  812 | 차단 2231
Ep 909 | Step 1000 | R   213.88 | 배송 22/50 | 미활동 0 | 2홉+ 0.65 | 도달  856 | 차단 1475
Ep 910 | Step 1000 | R   309.91 | 배송 25/50 | 미활동 0 | 2홉+ 0.62 | 도달  740 | 차단 1642
Ep 911 | Step 1000 | R   275.80 | 배송 25/50 | 미활동 0 | 2홉+ 0.55 | 도달  837 | 차단 1677
Ep 912 | Step 1000 | R   225.36 | 배송 20/50 | 미활동 0 | 2홉+ 0.59 | 도달  639 | 차단 1419
Ep 913 | Step 1000 | R   268.64 | 배송 23/50 | 미활동 0 | 2홉+ 0.47 | 도달  725 | 차단 1162
Ep 914 | Step 1000 | R   242.44 | 배송 22/50 | 미활동 0 | 2홉+ 0.57 | 도달  737 | 차단 1670
Ep 915 | Step 1000 | R   160.24 | 배송 18/50 | 미활동 0 | 2홉+ 0.63 | 도달  858 | 차단 2150
Ep 916 | Step 1000 | R   174.90 | 배송 18/50 | 미활동 0 | 2홉+ 0.51 | 도달  851 | 차단  950
Ep 917 | Step 1000 | R   385.76 | 배송 28/50 | 미활동 0 | 2홉+ 0.61 | 도달  717 | 차단 1323
Ep 918 | Step 1000 | R   350.89 | 배송 25/50 | 미활동 0 | 2홉+ 0.64 | 도달  802 | 차단 1296
Ep 919 | Step 1000 | R   321.02 | 배송 26/50 | 미활동 0 | 2홉+ 0.56 | 도달  709 | 차단 1671
Ep 920 | Step 1000 | R   401.55 | 배송 29/50 | 미활동 0 | 2홉+ 0.55 | 도달  740 | 차단 1337
Ep 921 | Step 1000 | R   200.65 | 배송 20/50 | 미활동 0 | 2홉+ 0.62 | 도달  684 | 차단 1078
Ep 922 | Step 1000 | R   252.74 | 배송 22/50 | 미활동 0 | 2홉+ 0.57 | 도달  814 | 차단 1343
Ep 923 | Step 1000 | R   466.68 | 배송 35/50 | 미활동 0 | 2홉+ 0.63 | 도달  931 | 차단 1259
Ep 924 | Step 1000 | R   321.73 | 배송 28/50 | 미활동 0 | 2홉+ 0.56 | 도달  858 | 차단 1020
Ep 925 | Step 1000 | R   261.99 | 배송 23/50 | 미활동 0 | 2홉+ 0.50 | 도달  932 | 차단 1603
Ep 926 | Step 1000 | R   317.54 | 배송 24/50 | 미활동 0 | 2홉+ 0.56 | 도달  737 | 차단 1026
Ep 927 | Step 1000 | R   222.69 | 배송 20/50 | 미활동 0 | 2홉+ 0.51 | 도달  761 | 차단 1780
Ep 928 | Step 1000 | R   285.14 | 배송 22/50 | 미활동 0 | 2홉+ 0.60 | 도달  689 | 차단 1726
Ep 929 | Step 1000 | R   261.12 | 배송 22/50 | 미활동 0 | 2홉+ 0.41 | 도달  707 | 차단  808
Ep 930 | Step 1000 | R   299.57 | 배송 24/50 | 미활동 0 | 2홉+ 0.63 | 도달  722 | 차단 1682
Ep 931 | Step 1000 | R   380.81 | 배송 27/50 | 미활동 0 | 2홉+ 0.66 | 도달  822 | 차단 1399
Ep 932 | Step 1000 | R   156.83 | 배송 17/50 | 미활동 0 | 2홉+ 0.47 | 도달  773 | 차단 1230
Ep 933 | Step 1000 | R   260.11 | 배송 23/50 | 미활동 0 | 2홉+ 0.66 | 도달  836 | 차단 1555
Ep 934 | Step 1000 | R   253.37 | 배송 22/50 | 미활동 0 | 2홉+ 0.67 | 도달  769 | 차단 1079
Ep 935 | Step 1000 | R   198.64 | 배송 23/50 | 미활동 0 | 2홉+ 0.69 | 도달 1023 | 차단 2346
Ep 936 | Step 1000 | R   240.95 | 배송 23/50 | 미활동 0 | 2홉+ 0.57 | 도달  803 | 차단 1952
Ep 937 | Step 1000 | R   244.45 | 배송 22/50 | 미활동 0 | 2홉+ 0.63 | 도달  838 | 차단 1670
Ep 938 | Step 1000 | R   410.50 | 배송 30/50 | 미활동 0 | 2홉+ 0.58 | 도달  880 | 차단 1390
Ep 939 | Step 1000 | R    98.80 | 배송 16/50 | 미활동 0 | 2홉+ 0.71 | 도달  626 | 차단 2059
Ep 940 | Step 1000 | R   361.35 | 배송 28/50 | 미활동 0 | 2홉+ 0.57 | 도달  710 | 차단 1112
Ep 941 | Step 1000 | R   321.21 | 배송 24/50 | 미활동 0 | 2홉+ 0.56 | 도달  706 | 차단 1042
Ep 942 | Step 1000 | R   244.64 | 배송 22/50 | 미활동 0 | 2홉+ 0.52 | 도달  730 | 차단 1701
Ep 943 | Step 1000 | R   352.89 | 배송 28/50 | 미활동 0 | 2홉+ 0.60 | 도달  777 | 차단 1007
Ep 944 | Step 1000 | R   208.36 | 배송 18/50 | 미활동 0 | 2홉+ 0.61 | 도달  677 | 차단 1470
Ep 945 | Step 1000 | R   261.61 | 배송 24/50 | 미활동 0 | 2홉+ 0.68 | 도달  752 | 차단 1958
Ep 946 | Step 1000 | R   241.91 | 배송 22/50 | 미활동 0 | 2홉+ 0.70 | 도달  813 | 차단 1814
Ep 947 | Step 1000 | R   217.97 | 배송 19/50 | 미활동 0 | 2홉+ 0.60 | 도달  730 | 차단 1937
Ep 948 | Step 1000 | R   349.76 | 배송 28/50 | 미활동 0 | 2홉+ 0.58 | 도달  756 | 차단 1265
Ep 949 | Step 1000 | R   354.83 | 배송 29/50 | 미활동 0 | 2홉+ 0.71 | 도달  865 | 차단 1709
Ep 950 | Step 1000 | R   141.70 | 배송 17/50 | 미활동 0 | 2홉+ 0.65 | 도달  776 | 차단 1983
  [홀드아웃] 배송 10.2±2.3 미활동 0.33 2홉+ 0.72 도달 687 | 최고 15.3@ep800 | 정체 3/15
Ep 951 | Step 1000 | R   315.16 | 배송 28/50 | 미활동 0 | 2홉+ 0.56 | 도달  740 | 차단 1214
Ep 952 | Step 1000 | R   253.27 | 배송 23/50 | 미활동 0 | 2홉+ 0.62 | 도달  875 | 차단 1887
Ep 953 | Step 1000 | R   255.70 | 배송 22/50 | 미활동 0 | 2홉+ 0.45 | 도달  675 | 차단 1247
Ep 954 | Step 1000 | R   225.92 | 배송 21/50 | 미활동 0 | 2홉+ 0.68 | 도달  721 | 차단 2080
Ep 955 | Step 1000 | R   267.01 | 배송 24/50 | 미활동 0 | 2홉+ 0.65 | 도달  690 | 차단 1627
Ep 956 | Step 1000 | R   293.41 | 배송 27/50 | 미활동 0 | 2홉+ 0.67 | 도달  822 | 차단 1831
Ep 957 | Step 1000 | R   315.50 | 배송 25/50 | 미활동 0 | 2홉+ 0.58 | 도달  698 | 차단 1378
Ep 958 | Step 1000 | R   378.23 | 배송 27/50 | 미활동 0 | 2홉+ 0.56 | 도달  805 | 차단 1452
Ep 959 | Step 1000 | R   223.13 | 배송 20/50 | 미활동 0 | 2홉+ 0.56 | 도달  767 | 차단 1876
Ep 960 | Step 1000 | R   158.75 | 배송 18/50 | 미활동 0 | 2홉+ 0.57 | 도달  735 | 차단 2003
Ep 961 | Step 1000 | R   176.47 | 배송 19/50 | 미활동 0 | 2홉+ 0.50 | 도달  954 | 차단 2073
Ep 962 | Step 1000 | R   164.77 | 배송 18/50 | 미활동 0 | 2홉+ 0.49 | 도달  800 | 차단 1958
Ep 963 | Step 1000 | R   233.60 | 배송 23/50 | 미활동 0 | 2홉+ 0.55 | 도달  803 | 차단 1238
Ep 964 | Step 1000 | R   378.06 | 배송 26/50 | 미활동 0 | 2홉+ 0.48 | 도달  979 | 차단  596
Ep 965 | Step 1000 | R   140.50 | 배송 17/50 | 미활동 0 | 2홉+ 0.51 | 도달  727 | 차단 2622
Ep 966 | Step 1000 | R   243.73 | 배송 21/50 | 미활동 0 | 2홉+ 0.60 | 도달  732 | 차단 1653
Ep 967 | Step 1000 | R   259.18 | 배송 23/50 | 미활동 0 | 2홉+ 0.59 | 도달  763 | 차단 1557
Ep 968 | Step 1000 | R    49.72 | 배송 13/50 | 미활동 0 | 2홉+ 0.72 | 도달  829 | 차단 2756
Ep 969 | Step 1000 | R   245.24 | 배송 21/50 | 미활동 0 | 2홉+ 0.69 | 도달  800 | 차단 1160
Ep 970 | Step 1000 | R   269.29 | 배송 23/50 | 미활동 0 | 2홉+ 0.57 | 도달  742 | 차단 1073
Ep 971 | Step 1000 | R   243.77 | 배송 20/50 | 미활동 0 | 2홉+ 0.48 | 도달  679 | 차단  887
Ep 972 | Step 1000 | R   306.97 | 배송 25/50 | 미활동 0 | 2홉+ 0.67 | 도달  816 | 차단 1652
Ep 973 | Step 1000 | R   210.12 | 배송 23/50 | 미활동 0 | 2홉+ 0.67 | 도달  771 | 차단 2064
Ep 974 | Step 1000 | R   220.18 | 배송 20/50 | 미활동 0 | 2홉+ 0.66 | 도달  722 | 차단 1856
Ep 975 | Step 1000 | R   316.73 | 배송 25/50 | 미활동 0 | 2홉+ 0.62 | 도달  782 | 차단 1587
Ep 976 | Step 1000 | R   255.45 | 배송 20/50 | 미활동 0 | 2홉+ 0.64 | 도달  712 | 차단 1790
Ep 977 | Step 1000 | R   187.82 | 배송 19/50 | 미활동 0 | 2홉+ 0.60 | 도달  664 | 차단  900
Ep 978 | Step 1000 | R   343.98 | 배송 25/50 | 미활동 0 | 2홉+ 0.57 | 도달  956 | 차단 1780
Ep 979 | Step 1000 | R   200.71 | 배송 22/50 | 미활동 0 | 2홉+ 0.54 | 도달  708 | 차단 1997
Ep 980 | Step 1000 | R   235.75 | 배송 23/50 | 미활동 0 | 2홉+ 0.67 | 도달  982 | 차단 2565
Ep 981 | Step 1000 | R   214.04 | 배송 20/50 | 미활동 0 | 2홉+ 0.35 | 도달  703 | 차단  728
Ep 982 | Step 1000 | R   283.36 | 배송 23/50 | 미활동 0 | 2홉+ 0.52 | 도달  837 | 차단 1957
Ep 983 | Step 1000 | R   123.85 | 배송 17/50 | 미활동 0 | 2홉+ 0.71 | 도달  661 | 차단 3252
Ep 984 | Step 1000 | R   298.97 | 배송 25/50 | 미활동 0 | 2홉+ 0.51 | 도달  686 | 차단 1941
Ep 985 | Step 1000 | R   228.53 | 배송 22/50 | 미활동 0 | 2홉+ 0.68 | 도달  851 | 차단 2579
Ep 986 | Step 1000 | R   301.91 | 배송 23/50 | 미활동 0 | 2홉+ 0.52 | 도달  749 | 차단 1401
Ep 987 | Step 1000 | R   227.61 | 배송 19/50 | 미활동 0 | 2홉+ 0.35 | 도달  621 | 차단  725
Ep 988 | Step 1000 | R   243.85 | 배송 22/50 | 미활동 0 | 2홉+ 0.68 | 도달  754 | 차단 1949
Ep 989 | Step 1000 | R   237.24 | 배송 22/50 | 미활동 0 | 2홉+ 0.51 | 도달  856 | 차단 2014
Ep 990 | Step 1000 | R   261.36 | 배송 20/50 | 미활동 0 | 2홉+ 0.53 | 도달  722 | 차단 1691
Ep 991 | Step 1000 | R   227.74 | 배송 22/50 | 미활동 0 | 2홉+ 0.67 | 도달  734 | 차단 2512
Ep 992 | Step 1000 | R   212.82 | 배송 19/50 | 미활동 0 | 2홉+ 0.55 | 도달  839 | 차단 2069
Ep 993 | Step 1000 | R   214.45 | 배송 18/50 | 미활동 0 | 2홉+ 0.48 | 도달  739 | 차단 1117
Ep 994 | Step 1000 | R   408.01 | 배송 30/50 | 미활동 0 | 2홉+ 0.63 | 도달  801 | 차단 1163
Ep 995 | Step 1000 | R   259.33 | 배송 24/50 | 미활동 0 | 2홉+ 0.63 | 도달  739 | 차단 1838
Ep 996 | Step 1000 | R   246.04 | 배송 21/50 | 미활동 0 | 2홉+ 0.66 | 도달  719 | 차단 2623
Ep 997 | Step 1000 | R   146.61 | 배송 17/50 | 미활동 0 | 2홉+ 0.50 | 도달  698 | 차단 1923
Ep 998 | Step 1000 | R   160.16 | 배송 17/50 | 미활동 0 | 2홉+ 0.57 | 도달  870 | 차단 1569
Ep 999 | Step 1000 | R   250.02 | 배송 20/50 | 미활동 0 | 2홉+ 0.65 | 도달  810 | 차단 1998
Ep 1000 | Step 1000 | R   163.91 | 배송 19/50 | 미활동 0 | 2홉+ 0.64 | 도달 1021 | 차단 1964
  [홀드아웃] 배송 9.5±2.8 미활동 0.00 2홉+ 0.73 도달 720 | 최고 15.3@ep800 | 정체 4/15
Ep 1001 | Step 1000 | R   262.76 | 배송 24/50 | 미활동 0 | 2홉+ 0.56 | 도달  806 | 차단 1751
Ep 1002 | Step 1000 | R   179.80 | 배송 20/50 | 미활동 0 | 2홉+ 0.65 | 도달  980 | 차단 2143
Ep 1003 | Step 1000 | R   239.83 | 배송 22/50 | 미활동 0 | 2홉+ 0.63 | 도달  828 | 차단 2032
Ep 1004 | Step 1000 | R    57.36 | 배송 13/50 | 미활동 0 | 2홉+ 0.73 | 도달  984 | 차단 3018
Ep 1005 | Step 1000 | R   204.54 | 배송 20/50 | 미활동 0 | 2홉+ 0.40 | 도달  586 | 차단  970
Ep 1006 | Step 1000 | R   272.58 | 배송 25/50 | 미활동 0 | 2홉+ 0.69 | 도달  943 | 차단 1606
Ep 1007 | Step 1000 | R   325.36 | 배송 26/50 | 미활동 0 | 2홉+ 0.57 | 도달  753 | 차단 1252
Ep 1008 | Step 1000 | R   201.37 | 배송 18/50 | 미활동 0 | 2홉+ 0.46 | 도달  814 | 차단 1944
Ep 1009 | Step 1000 | R   231.35 | 배송 20/50 | 미활동 0 | 2홉+ 0.42 | 도달  740 | 차단 1730
Ep 1010 | Step 1000 | R   265.66 | 배송 24/50 | 미활동 0 | 2홉+ 0.65 | 도달  750 | 차단 1598
Ep 1011 | Step 1000 | R   113.69 | 배송 16/50 | 미활동 0 | 2홉+ 0.71 | 도달 1014 | 차단 2186
Ep 1012 | Step 1000 | R   163.53 | 배송 17/50 | 미활동 0 | 2홉+ 0.64 | 도달  825 | 차단 1958
Ep 1013 | Step 1000 | R   208.20 | 배송 21/50 | 미활동 0 | 2홉+ 0.70 | 도달  900 | 차단 1598
Ep 1014 | Step 1000 | R   349.25 | 배송 28/50 | 미활동 0 | 2홉+ 0.61 | 도달  908 | 차단 1345
Ep 1015 | Step 1000 | R   180.97 | 배송 20/50 | 미활동 0 | 2홉+ 0.68 | 도달  985 | 차단 1991
Ep 1016 | Step 1000 | R   174.07 | 배송 18/50 | 미활동 0 | 2홉+ 0.43 | 도달  763 | 차단 1072
Ep 1017 | Step 1000 | R   274.39 | 배송 23/50 | 미활동 0 | 2홉+ 0.48 | 도달  738 | 차단  840
Ep 1018 | Step 1000 | R   129.35 | 배송 17/50 | 미활동 0 | 2홉+ 0.64 | 도달  881 | 차단 3060
Ep 1019 | Step 1000 | R   332.39 | 배송 27/50 | 미활동 0 | 2홉+ 0.58 | 도달  851 | 차단 1585
Ep 1020 | Step 1000 | R   281.47 | 배송 25/50 | 미활동 0 | 2홉+ 0.66 | 도달  960 | 차단 1540
Ep 1021 | Step 1000 | R   334.71 | 배송 27/50 | 미활동 0 | 2홉+ 0.62 | 도달  809 | 차단 1859
Ep 1022 | Step 1000 | R   263.61 | 배송 23/50 | 미활동 0 | 2홉+ 0.59 | 도달  825 | 차단 1392
Ep 1023 | Step 1000 | R   156.57 | 배송 18/50 | 미활동 0 | 2홉+ 0.62 | 도달  838 | 차단 1995
Ep 1024 | Step 1000 | R   172.62 | 배송 18/50 | 미활동 0 | 2홉+ 0.68 | 도달  980 | 차단 1952
Ep 1025 | Step 1000 | R   261.66 | 배송 22/50 | 미활동 0 | 2홉+ 0.55 | 도달  711 | 차단  756
Ep 1026 | Step 1000 | R   295.81 | 배송 25/50 | 미활동 0 | 2홉+ 0.66 | 도달  757 | 차단 2161
Ep 1027 | Step 1000 | R   347.95 | 배송 25/50 | 미활동 0 | 2홉+ 0.62 | 도달  701 | 차단 1369
Ep 1028 | Step 1000 | R   296.84 | 배송 26/50 | 미활동 0 | 2홉+ 0.53 | 도달  887 | 차단 1905
Ep 1029 | Step 1000 | R   164.64 | 배송 19/50 | 미활동 0 | 2홉+ 0.62 | 도달  757 | 차단 2235
Ep 1030 | Step 1000 | R   419.07 | 배송 31/50 | 미활동 0 | 2홉+ 0.61 | 도달  878 | 차단 1534
Ep 1031 | Step 1000 | R   217.06 | 배송 21/50 | 미활동 0 | 2홉+ 0.55 | 도달  738 | 차단  484
Ep 1032 | Step 1000 | R   306.77 | 배송 26/50 | 미활동 0 | 2홉+ 0.64 | 도달  918 | 차단 2215
Ep 1033 | Step 1000 | R   257.03 | 배송 23/50 | 미활동 0 | 2홉+ 0.65 | 도달 1024 | 차단 2140
Ep 1034 | Step 1000 | R   331.64 | 배송 26/50 | 미활동 0 | 2홉+ 0.68 | 도달  966 | 차단 1462
Ep 1035 | Step 1000 | R   205.03 | 배송 21/50 | 미활동 0 | 2홉+ 0.51 | 도달  869 | 차단 1507
Ep 1036 | Step 1000 | R   332.22 | 배송 26/50 | 미활동 0 | 2홉+ 0.50 | 도달  706 | 차단 1248
Ep 1037 | Step 1000 | R   246.53 | 배송 22/50 | 미활동 0 | 2홉+ 0.48 | 도달  626 | 차단 1664
Ep 1038 | Step 1000 | R   143.62 | 배송 17/50 | 미활동 0 | 2홉+ 0.47 | 도달  633 | 차단 1861
Ep 1039 | Step 1000 | R   238.92 | 배송 22/50 | 미활동 0 | 2홉+ 0.61 | 도달  777 | 차단 2104
Ep 1040 | Step 1000 | R   227.68 | 배송 23/50 | 미활동 0 | 2홉+ 0.60 | 도달  892 | 차단 1775
Ep 1041 | Step 1000 | R    51.54 | 배송 14/50 | 미활동 0 | 2홉+ 0.72 | 도달  997 | 차단 3322
Ep 1042 | Step 1000 | R   230.23 | 배송 19/50 | 미활동 0 | 2홉+ 0.46 | 도달  745 | 차단  614
Ep 1043 | Step 1000 | R    14.63 | 배송 10/50 | 미활동 0 | 2홉+ 0.72 | 도달 1074 | 차단 3104
Ep 1044 | Step 1000 | R   185.64 | 배송 17/50 | 미활동 0 | 2홉+ 0.53 | 도달  936 | 차단 2243
Ep 1045 | Step 1000 | R   202.22 | 배송 18/50 | 미활동 0 | 2홉+ 0.56 | 도달  796 | 차단 1927
Ep 1046 | Step 1000 | R   185.88 | 배송 20/50 | 미활동 0 | 2홉+ 0.58 | 도달  782 | 차단 2106
Ep 1047 | Step 1000 | R   263.23 | 배송 23/50 | 미활동 0 | 2홉+ 0.57 | 도달  992 | 차단 1675
Ep 1048 | Step 1000 | R   261.14 | 배송 24/50 | 미활동 0 | 2홉+ 0.50 | 도달  757 | 차단 1733
Ep 1049 | Step 1000 | R   250.31 | 배송 21/50 | 미활동 0 | 2홉+ 0.59 | 도달  680 | 차단  941
Ep 1050 | Step 1000 | R   237.83 | 배송 22/50 | 미활동 0 | 2홉+ 0.65 | 도달 1074 | 차단 2467
  [홀드아웃] 배송 9.7±1.8 미활동 0.17 2홉+ 0.73 도달 838 | 최고 15.3@ep800 | 정체 5/15
Ep 1051 | Step 1000 | R   352.48 | 배송 28/50 | 미활동 0 | 2홉+ 0.63 | 도달  964 | 차단 1502
Ep 1052 | Step 1000 | R   210.55 | 배송 19/50 | 미활동 0 | 2홉+ 0.68 | 도달  767 | 차단 2048
Ep 1053 | Step 1000 | R   246.53 | 배송 23/50 | 미활동 0 | 2홉+ 0.70 | 도달  848 | 차단 2034
Ep 1054 | Step 1000 | R   390.36 | 배송 26/50 | 미활동 0 | 2홉+ 0.52 | 도달  779 | 차단 2018
Ep 1055 | Step 1000 | R   340.21 | 배송 28/50 | 미활동 0 | 2홉+ 0.68 | 도달 1001 | 차단 1830
Ep 1056 | Step 1000 | R   313.73 | 배송 25/50 | 미활동 0 | 2홉+ 0.60 | 도달  778 | 차단 1804
Ep 1057 | Step 1000 | R   209.47 | 배송 21/50 | 미활동 0 | 2홉+ 0.61 | 도달  700 | 차단 1024
Ep 1058 | Step 1000 | R   251.69 | 배송 23/50 | 미활동 0 | 2홉+ 0.56 | 도달  805 | 차단 1402
Ep 1059 | Step 1000 | R   291.51 | 배송 22/50 | 미활동 0 | 2홉+ 0.56 | 도달  907 | 차단 1134
Ep 1060 | Step 1000 | R   250.03 | 배송 20/50 | 미활동 0 | 2홉+ 0.68 | 도달  978 | 차단 2270
Ep 1061 | Step 1000 | R   108.57 | 배송 16/50 | 미활동 0 | 2홉+ 0.72 | 도달  816 | 차단 1926
Ep 1062 | Step 1000 | R   204.83 | 배송 18/50 | 미활동 0 | 2홉+ 0.51 | 도달  771 | 차단 1955
Ep 1063 | Step 1000 | R   166.63 | 배송 19/50 | 미활동 0 | 2홉+ 0.39 | 도달  724 | 차단 1297
Ep 1064 | Step 1000 | R    57.14 | 배송 13/50 | 미활동 0 | 2홉+ 0.72 | 도달  970 | 차단 2694
Ep 1065 | Step 1000 | R   337.22 | 배송 27/50 | 미활동 0 | 2홉+ 0.53 | 도달  747 | 차단 1387
Ep 1066 | Step 1000 | R   214.67 | 배송 20/50 | 미활동 0 | 2홉+ 0.50 | 도달  820 | 차단 2195
Ep 1067 | Step 1000 | R   254.05 | 배송 20/50 | 미활동 0 | 2홉+ 0.59 | 도달  862 | 차단 2150
Ep 1068 | Step 1000 | R    59.12 | 배송 13/50 | 미활동 0 | 2홉+ 0.73 | 도달  970 | 차단 2841
Ep 1069 | Step 1000 | R   286.42 | 배송 23/50 | 미활동 0 | 2홉+ 0.62 | 도달  723 | 차단 1935
Ep 1070 | Step 1000 | R   114.12 | 배송 15/50 | 미활동 0 | 2홉+ 0.67 | 도달  880 | 차단 1595
Ep 1071 | Step 1000 | R    74.94 | 배송 14/50 | 미활동 0 | 2홉+ 0.72 | 도달  746 | 차단 2399
Ep 1072 | Step 1000 | R   319.95 | 배송 25/50 | 미활동 0 | 2홉+ 0.64 | 도달  947 | 차단 1474
Ep 1073 | Step 1000 | R    28.09 | 배송 10/50 | 미활동 0 | 2홉+ 0.72 | 도달  890 | 차단 2664
Ep 1074 | Step 1000 | R   153.57 | 배송 18/50 | 미활동 0 | 2홉+ 0.63 | 도달  762 | 차단 2334
Ep 1075 | Step 1000 | R   218.40 | 배송 20/50 | 미활동 0 | 2홉+ 0.52 | 도달  841 | 차단 2078
Ep 1076 | Step 1000 | R   253.43 | 배송 20/50 | 미활동 0 | 2홉+ 0.52 | 도달  736 | 차단 1956
Ep 1077 | Step 1000 | R   332.80 | 배송 26/50 | 미활동 0 | 2홉+ 0.57 | 도달  714 | 차단 1261
Ep 1078 | Step 1000 | R   222.74 | 배송 20/50 | 미활동 0 | 2홉+ 0.66 | 도달  800 | 차단 1630
Ep 1079 | Step 1000 | R   288.39 | 배송 23/50 | 미활동 0 | 2홉+ 0.66 | 도달  758 | 차단 1818
Ep 1080 | Step 1000 | R   258.76 | 배송 23/50 | 미활동 0 | 2홉+ 0.64 | 도달  703 | 차단 1856
Ep 1081 | Step 1000 | R   307.88 | 배송 25/50 | 미활동 0 | 2홉+ 0.57 | 도달  813 | 차단 1799
Ep 1082 | Step 1000 | R   206.21 | 배송 20/50 | 미활동 0 | 2홉+ 0.63 | 도달  731 | 차단 2463
Ep 1083 | Step 1000 | R   163.96 | 배송 19/50 | 미활동 0 | 2홉+ 0.56 | 도달  809 | 차단 2268
Ep 1084 | Step 1000 | R   200.25 | 배송 18/50 | 미활동 0 | 2홉+ 0.61 | 도달  942 | 차단 1995
Ep 1085 | Step 1000 | R   227.16 | 배송 20/50 | 미활동 0 | 2홉+ 0.60 | 도달  713 | 차단 1609
Ep 1086 | Step 1000 | R   291.99 | 배송 24/50 | 미활동 0 | 2홉+ 0.65 | 도달  767 | 차단 1760
Ep 1087 | Step 1000 | R   259.33 | 배송 23/50 | 미활동 0 | 2홉+ 0.64 | 도달  826 | 차단 1770
Ep 1088 | Step 1000 | R   284.01 | 배송 26/50 | 미활동 0 | 2홉+ 0.48 | 도달  861 | 차단 1556
Ep 1089 | Step 1000 | R   327.22 | 배송 27/50 | 미활동 0 | 2홉+ 0.51 | 도달  733 | 차단  767
Ep 1090 | Step 1000 | R   225.43 | 배송 21/50 | 미활동 0 | 2홉+ 0.70 | 도달  717 | 차단 1965
Ep 1091 | Step 1000 | R   268.68 | 배송 23/50 | 미활동 0 | 2홉+ 0.49 | 도달  739 | 차단 1295
Ep 1092 | Step 1000 | R   364.28 | 배송 28/50 | 미활동 0 | 2홉+ 0.57 | 도달  898 | 차단 1157
Ep 1093 | Step 1000 | R   244.82 | 배송 22/50 | 미활동 0 | 2홉+ 0.58 | 도달  734 | 차단 1905
Ep 1094 | Step 1000 | R   206.11 | 배송 18/50 | 미활동 0 | 2홉+ 0.35 | 도달  676 | 차단 1517
Ep 1095 | Step 1000 | R   202.33 | 배송 19/50 | 미활동 0 | 2홉+ 0.58 | 도달  864 | 차단 2289
Ep 1096 | Step 1000 | R   227.88 | 배송 23/50 | 미활동 0 | 2홉+ 0.55 | 도달  821 | 차단 1266
Ep 1097 | Step 1000 | R   217.21 | 배송 21/50 | 미활동 0 | 2홉+ 0.64 | 도달  861 | 차단 2654
Ep 1098 | Step 1000 | R    63.83 | 배송 14/50 | 미활동 0 | 2홉+ 0.72 | 도달  850 | 차단 2916
Ep 1099 | Step 1000 | R   135.12 | 배송 19/50 | 미활동 0 | 2홉+ 0.51 | 도달  639 | 차단 2051
Ep 1100 | Step 1000 | R   313.97 | 배송 27/50 | 미활동 0 | 2홉+ 0.61 | 도달  787 | 차단 1568
  [홀드아웃] 배송 9.2±5.0 미활동 0.50 2홉+ 0.63 도달 656 | 최고 15.3@ep800 | 정체 6/15
Ep 1101 | Step 1000 | R   278.03 | 배송 25/50 | 미활동 0 | 2홉+ 0.67 | 도달 1061 | 차단 1800
Ep 1102 | Step 1000 | R   254.71 | 배송 23/50 | 미활동 0 | 2홉+ 0.61 | 도달  749 | 차단 1624
Ep 1103 | Step 1000 | R   200.97 | 배송 21/50 | 미활동 0 | 2홉+ 0.51 | 도달  889 | 차단 2275
Ep 1104 | Step 1000 | R   242.30 | 배송 22/50 | 미활동 0 | 2홉+ 0.56 | 도달  953 | 차단 1804
Ep 1105 | Step 1000 | R   283.15 | 배송 26/50 | 미활동 0 | 2홉+ 0.47 | 도달  731 | 차단 1684
Ep 1106 | Step 1000 | R   273.81 | 배송 24/50 | 미활동 0 | 2홉+ 0.49 | 도달  773 | 차단 1328
Ep 1107 | Step 1000 | R   357.74 | 배송 25/50 | 미활동 0 | 2홉+ 0.61 | 도달  931 | 차단 1480
Ep 1108 | Step 1000 | R   297.25 | 배송 24/50 | 미활동 0 | 2홉+ 0.69 | 도달 1010 | 차단 2119
Ep 1109 | Step 1000 | R   229.70 | 배송 21/50 | 미활동 0 | 2홉+ 0.66 | 도달  739 | 차단 2258
Ep 1110 | Step 1000 | R   338.40 | 배송 27/50 | 미활동 0 | 2홉+ 0.61 | 도달  801 | 차단 1685
Ep 1111 | Step 1000 | R   254.76 | 배송 22/50 | 미활동 0 | 2홉+ 0.59 | 도달  875 | 차단 1402
Ep 1112 | Step 1000 | R   241.06 | 배송 22/50 | 미활동 0 | 2홉+ 0.56 | 도달  770 | 차단 1912
Ep 1113 | Step 1000 | R   263.50 | 배송 24/50 | 미활동 0 | 2홉+ 0.58 | 도달  724 | 차단 1451
Ep 1114 | Step 1000 | R   315.72 | 배송 24/50 | 미활동 0 | 2홉+ 0.44 | 도달  824 | 차단 1408
Ep 1115 | Step 1000 | R   123.81 | 배송 18/50 | 미활동 0 | 2홉+ 0.58 | 도달  717 | 차단 2105
Ep 1116 | Step 1000 | R   143.18 | 배송 17/50 | 미활동 0 | 2홉+ 0.71 | 도달  894 | 차단 2530
Ep 1117 | Step 1000 | R   112.22 | 배송 19/50 | 미활동 0 | 2홉+ 0.71 | 도달  954 | 차단 2962
Ep 1118 | Step 1000 | R   211.67 | 배송 18/50 | 미활동 0 | 2홉+ 0.52 | 도달  800 | 차단 1426
Ep 1119 | Step 1000 | R   211.69 | 배송 19/50 | 미활동 0 | 2홉+ 0.57 | 도달  886 | 차단 1806
Ep 1120 | Step 1000 | R   161.51 | 배송 18/50 | 미활동 0 | 2홉+ 0.64 | 도달  706 | 차단 1533
Ep 1121 | Step 1000 | R   229.99 | 배송 21/50 | 미활동 0 | 2홉+ 0.61 | 도달  778 | 차단 1811
Ep 1122 | Step 1000 | R   229.39 | 배송 20/50 | 미활동 0 | 2홉+ 0.57 | 도달  715 | 차단 1633
Ep 1123 | Step 1000 | R   290.47 | 배송 26/50 | 미활동 0 | 2홉+ 0.67 | 도달  872 | 차단 1490
Ep 1124 | Step 1000 | R   407.89 | 배송 30/50 | 미활동 0 | 2홉+ 0.56 | 도달  862 | 차단 1610
Ep 1125 | Step 1000 | R   333.75 | 배송 27/50 | 미활동 0 | 2홉+ 0.60 | 도달  738 | 차단 1239
Ep 1126 | Step 1000 | R   242.86 | 배송 22/50 | 미활동 0 | 2홉+ 0.48 | 도달  740 | 차단 2033
Ep 1127 | Step 1000 | R   207.25 | 배송 21/50 | 미활동 0 | 2홉+ 0.61 | 도달  633 | 차단  700
Ep 1128 | Step 1000 | R   153.29 | 배송 17/50 | 미활동 0 | 2홉+ 0.47 | 도달  670 | 차단 2243
Ep 1129 | Step 1000 | R   116.06 | 배송 17/50 | 미활동 0 | 2홉+ 0.57 | 도달  644 | 차단 2453
Ep 1130 | Step 1000 | R   245.08 | 배송 22/50 | 미활동 0 | 2홉+ 0.53 | 도달  790 | 차단 1725
Ep 1131 | Step 1000 | R   183.92 | 배송 20/50 | 미활동 0 | 2홉+ 0.67 | 도달  788 | 차단 2083
Ep 1132 | Step 1000 | R   225.69 | 배송 20/50 | 미활동 0 | 2홉+ 0.59 | 도달  800 | 차단 1175
Ep 1133 | Step 1000 | R   252.10 | 배송 23/50 | 미활동 0 | 2홉+ 0.63 | 도달  989 | 차단 1735
Ep 1134 | Step 1000 | R   314.22 | 배송 25/50 | 미활동 0 | 2홉+ 0.64 | 도달  757 | 차단 1600
Ep 1135 | Step 1000 | R   179.15 | 배송 19/50 | 미활동 0 | 2홉+ 0.63 | 도달  803 | 차단 1737
Ep 1136 | Step 1000 | R   310.78 | 배송 26/50 | 미활동 0 | 2홉+ 0.48 | 도달  887 | 차단  922
Ep 1137 | Step 1000 | R   222.09 | 배송 21/50 | 미활동 0 | 2홉+ 0.62 | 도달  807 | 차단 2278
Ep 1138 | Step 1000 | R   316.12 | 배송 26/50 | 미활동 0 | 2홉+ 0.66 | 도달  876 | 차단 1695
Ep 1139 | Step 1000 | R   215.06 | 배송 20/50 | 미활동 0 | 2홉+ 0.62 | 도달  755 | 차단 1896
Ep 1140 | Step 1000 | R   271.07 | 배송 24/50 | 미활동 0 | 2홉+ 0.53 | 도달  715 | 차단 1849
Ep 1141 | Step 1000 | R   122.81 | 배송 18/50 | 미활동 0 | 2홉+ 0.64 | 도달  717 | 차단 1580
Ep 1142 | Step 1000 | R   103.14 | 배송 17/50 | 미활동 0 | 2홉+ 0.69 | 도달  874 | 차단 2769
Ep 1143 | Step 1000 | R   434.13 | 배송 33/50 | 미활동 0 | 2홉+ 0.62 | 도달  965 | 차단 1447
Ep 1144 | Step 1000 | R   268.13 | 배송 24/50 | 미활동 0 | 2홉+ 0.45 | 도달  778 | 차단 1477
Ep 1145 | Step 1000 | R   230.59 | 배송 21/50 | 미활동 0 | 2홉+ 0.50 | 도달  920 | 차단 2018
Ep 1146 | Step 1000 | R   299.20 | 배송 27/50 | 미활동 0 | 2홉+ 0.51 | 도달  821 | 차단 1853
Ep 1147 | Step 1000 | R   359.24 | 배송 28/50 | 미활동 0 | 2홉+ 0.55 | 도달  855 | 차단 1038
Ep 1148 | Step 1000 | R   323.42 | 배송 26/50 | 미활동 0 | 2홉+ 0.64 | 도달  697 | 차단 1791
Ep 1149 | Step 1000 | R   116.88 | 배송 18/50 | 미활동 0 | 2홉+ 0.51 | 도달  579 | 차단 2311
Ep 1150 | Step 1000 | R   297.39 | 배송 24/50 | 미활동 0 | 2홉+ 0.64 | 도달  913 | 차단 1743
  [홀드아웃] 배송 9.7±4.1 미활동 0.17 2홉+ 0.59 도달 653 | 최고 15.3@ep800 | 정체 7/15
Ep 1151 | Step 1000 | R   183.35 | 배송 19/50 | 미활동 0 | 2홉+ 0.37 | 도달  694 | 차단 1516
Ep 1152 | Step 1000 | R   251.84 | 배송 24/50 | 미활동 0 | 2홉+ 0.60 | 도달  801 | 차단 2327
Ep 1153 | Step 1000 | R   229.50 | 배송 22/50 | 미활동 0 | 2홉+ 0.67 | 도달  949 | 차단 2310
Ep 1154 | Step 1000 | R   261.32 | 배송 21/50 | 미활동 0 | 2홉+ 0.64 | 도달  726 | 차단 2273
Ep 1155 | Step 1000 | R   222.87 | 배송 20/50 | 미활동 0 | 2홉+ 0.56 | 도달  821 | 차단 1788
Ep 1156 | Step 1000 | R   143.43 | 배송 18/50 | 미활동 0 | 2홉+ 0.51 | 도달  780 | 차단 1936
Ep 1157 | Step 1000 | R   321.09 | 배송 23/50 | 미활동 0 | 2홉+ 0.65 | 도달  950 | 차단 1982
Ep 1158 | Step 1000 | R   114.79 | 배송 17/50 | 미활동 0 | 2홉+ 0.72 | 도달 1042 | 차단 2238
Ep 1159 | Step 1000 | R   255.32 | 배송 24/50 | 미활동 0 | 2홉+ 0.50 | 도달  788 | 차단 1023
Ep 1160 | Step 1000 | R   238.80 | 배송 21/50 | 미활동 0 | 2홉+ 0.50 | 도달  951 | 차단 1929
Ep 1161 | Step 1000 | R   262.80 | 배송 23/50 | 미활동 0 | 2홉+ 0.55 | 도달  794 | 차단 1641
Ep 1162 | Step 1000 | R   317.85 | 배송 27/50 | 미활동 0 | 2홉+ 0.64 | 도달  900 | 차단 1062
Ep 1163 | Step 1000 | R   327.81 | 배송 23/50 | 미활동 0 | 2홉+ 0.62 | 도달  804 | 차단 1814
Ep 1164 | Step 1000 | R   288.14 | 배송 25/50 | 미활동 0 | 2홉+ 0.53 | 도달  790 | 차단 1361
Ep 1165 | Step 1000 | R   203.86 | 배송 18/50 | 미활동 0 | 2홉+ 0.43 | 도달  727 | 차단 1634
Ep 1166 | Step 1000 | R   304.70 | 배송 25/50 | 미활동 0 | 2홉+ 0.61 | 도달  971 | 차단 2123
Ep 1167 | Step 1000 | R   249.19 | 배송 22/50 | 미활동 0 | 2홉+ 0.63 | 도달  785 | 차단 1790
Ep 1168 | Step 1000 | R   272.52 | 배송 25/50 | 미활동 0 | 2홉+ 0.68 | 도달  835 | 차단 2026
Ep 1169 | Step 1000 | R   255.50 | 배송 22/50 | 미활동 0 | 2홉+ 0.60 | 도달  767 | 차단 1433
Ep 1170 | Step 1000 | R   272.63 | 배송 25/50 | 미활동 0 | 2홉+ 0.65 | 도달  815 | 차단 2199
Ep 1171 | Step 1000 | R   236.08 | 배송 23/50 | 미활동 0 | 2홉+ 0.64 | 도달  742 | 차단 1360
Ep 1172 | Step 1000 | R   299.15 | 배송 24/50 | 미활동 0 | 2홉+ 0.68 | 도달  829 | 차단 1840
Ep 1173 | Step 1000 | R   193.87 | 배송 18/50 | 미활동 0 | 2홉+ 0.62 | 도달  855 | 차단 1933
Ep 1174 | Step 1000 | R   418.37 | 배송 33/50 | 미활동 0 | 2홉+ 0.55 | 도달  879 | 차단 1036
Ep 1175 | Step 1000 | R   293.28 | 배송 23/50 | 미활동 0 | 2홉+ 0.67 | 도달  898 | 차단 1746
Ep 1176 | Step 1000 | R   220.61 | 배송 20/50 | 미활동 0 | 2홉+ 0.52 | 도달  834 | 차단 2045
Ep 1177 | Step 1000 | R   238.35 | 배송 22/50 | 미활동 0 | 2홉+ 0.62 | 도달  738 | 차단 2288
Ep 1178 | Step 1000 | R   336.88 | 배송 23/50 | 미활동 0 | 2홉+ 0.56 | 도달  786 | 차단 1305
Ep 1179 | Step 1000 | R   269.24 | 배송 23/50 | 미활동 0 | 2홉+ 0.60 | 도달  855 | 차단 1401
Ep 1180 | Step 1000 | R   182.56 | 배송 20/50 | 미활동 0 | 2홉+ 0.69 | 도달  824 | 차단 2072
Ep 1181 | Step 1000 | R   237.49 | 배송 21/50 | 미활동 0 | 2홉+ 0.46 | 도달  963 | 차단 1956
Ep 1182 | Step 1000 | R   313.01 | 배송 25/50 | 미활동 0 | 2홉+ 0.48 | 도달  760 | 차단 1470
Ep 1183 | Step 1000 | R   397.11 | 배송 28/50 | 미활동 0 | 2홉+ 0.59 | 도달  901 | 차단 1013
Ep 1184 | Step 1000 | R   337.39 | 배송 28/50 | 미활동 0 | 2홉+ 0.64 | 도달  859 | 차단 1883
Ep 1185 | Step 1000 | R   363.72 | 배송 26/50 | 미활동 0 | 2홉+ 0.66 | 도달  904 | 차단 1510
Ep 1186 | Step 1000 | R   219.70 | 배송 23/50 | 미활동 0 | 2홉+ 0.67 | 도달  739 | 차단 1985
Ep 1187 | Step 1000 | R   299.65 | 배송 24/50 | 미활동 0 | 2홉+ 0.63 | 도달  967 | 차단 1693
Ep 1188 | Step 1000 | R   183.76 | 배송 19/50 | 미활동 0 | 2홉+ 0.48 | 도달  691 | 차단 1374
Ep 1189 | Step 1000 | R   284.70 | 배송 25/50 | 미활동 0 | 2홉+ 0.50 | 도달  813 | 차단 1640
Ep 1190 | Step 1000 | R   249.67 | 배송 22/50 | 미활동 0 | 2홉+ 0.62 | 도달  832 | 차단 1760
Ep 1191 | Step 1000 | R   294.65 | 배송 23/50 | 미활동 0 | 2홉+ 0.65 | 도달  930 | 차단 1573
Ep 1192 | Step 1000 | R   241.19 | 배송 22/50 | 미활동 0 | 2홉+ 0.68 | 도달  871 | 차단 2109
Ep 1193 | Step 1000 | R   312.47 | 배송 25/50 | 미활동 0 | 2홉+ 0.64 | 도달  880 | 차단 2006
Ep 1194 | Step 1000 | R   232.81 | 배송 22/50 | 미활동 0 | 2홉+ 0.55 | 도달  658 | 차단  428
Ep 1195 | Step 1000 | R   229.95 | 배송 21/50 | 미활동 0 | 2홉+ 0.57 | 도달  758 | 차단 1921
Ep 1196 | Step 1000 | R   357.02 | 배송 25/50 | 미활동 0 | 2홉+ 0.58 | 도달  922 | 차단 1403
Ep 1197 | Step 1000 | R   220.79 | 배송 23/50 | 미활동 0 | 2홉+ 0.60 | 도달  750 | 차단 1212
Ep 1198 | Step 1000 | R   186.33 | 배송 20/50 | 미활동 0 | 2홉+ 0.36 | 도달  731 | 차단 2019
Ep 1199 | Step 1000 | R   258.66 | 배송 23/50 | 미활동 0 | 2홉+ 0.58 | 도달  814 | 차단 1320
Ep 1200 | Step 1000 | R   359.34 | 배송 27/50 | 미활동 0 | 2홉+ 0.66 | 도달  885 | 차단 2218
  [홀드아웃] 배송 7.7±2.1 미활동 0.50 2홉+ 0.73 도달 841 | 최고 15.3@ep800 | 정체 8/15
Ep 1201 | Step 1000 | R   296.14 | 배송 23/50 | 미활동 0 | 2홉+ 0.65 | 도달  835 | 차단 1900
Ep 1202 | Step 1000 | R   113.57 | 배송 16/50 | 미활동 0 | 2홉+ 0.51 | 도달  742 | 차단  891
Ep 1203 | Step 1000 | R   154.75 | 배송 18/50 | 미활동 0 | 2홉+ 0.49 | 도달  650 | 차단  170
Ep 1204 | Step 1000 | R    88.07 | 배송 14/50 | 미활동 0 | 2홉+ 0.72 | 도달 1027 | 차단 2301
Ep 1205 | Step 1000 | R   251.69 | 배송 23/50 | 미활동 0 | 2홉+ 0.56 | 도달  726 | 차단 1896
Ep 1206 | Step 1000 | R   353.34 | 배송 26/50 | 미활동 0 | 2홉+ 0.64 | 도달  921 | 차단 1881
Ep 1207 | Step 1000 | R   306.17 | 배송 24/50 | 미활동 0 | 2홉+ 0.51 | 도달  889 | 차단 1649
Ep 1208 | Step 1000 | R   288.44 | 배송 26/50 | 미활동 0 | 2홉+ 0.49 | 도달  703 | 차단 1395
Ep 1209 | Step 1000 | R   328.16 | 배송 26/50 | 미활동 0 | 2홉+ 0.64 | 도달  939 | 차단 2046
Ep 1210 | Step 1000 | R   298.45 | 배송 22/50 | 미활동 0 | 2홉+ 0.53 | 도달  903 | 차단 1044
Ep 1211 | Step 1000 | R   261.35 | 배송 22/50 | 미활동 0 | 2홉+ 0.60 | 도달  815 | 차단 1223
Ep 1212 | Step 1000 | R   253.13 | 배송 22/50 | 미활동 0 | 2홉+ 0.57 | 도달  734 | 차단 1760
Ep 1213 | Step 1000 | R   215.28 | 배송 21/50 | 미활동 0 | 2홉+ 0.60 | 도달  760 | 차단  808
Ep 1214 | Step 1000 | R   246.80 | 배송 22/50 | 미활동 0 | 2홉+ 0.60 | 도달  739 | 차단 1564
Ep 1215 | Step 1000 | R   235.59 | 배송 22/50 | 미활동 0 | 2홉+ 0.69 | 도달 1074 | 차단 2230
Ep 1216 | Step 1000 | R   247.80 | 배송 23/50 | 미활동 0 | 2홉+ 0.52 | 도달  862 | 차단 2023
Ep 1217 | Step 1000 | R   165.17 | 배송 18/50 | 미활동 0 | 2홉+ 0.59 | 도달  865 | 차단 1722
Ep 1218 | Step 1000 | R   294.78 | 배송 24/50 | 미활동 0 | 2홉+ 0.63 | 도달  819 | 차단 1724
Ep 1219 | Step 1000 | R   320.77 | 배송 25/50 | 미활동 0 | 2홉+ 0.57 | 도달  809 | 차단 1101
Ep 1220 | Step 1000 | R   109.44 | 배송 16/50 | 미활동 0 | 2홉+ 0.62 | 도달  646 | 차단  536
Ep 1221 | Step 1000 | R   218.55 | 배송 21/50 | 미활동 0 | 2홉+ 0.40 | 도달  683 | 차단 1086
Ep 1222 | Step 1000 | R   362.85 | 배송 30/50 | 미활동 0 | 2홉+ 0.61 | 도달  756 | 차단 1623
Ep 1223 | Step 1000 | R   121.81 | 배송 15/50 | 미활동 0 | 2홉+ 0.34 | 도달  756 | 차단  578
Ep 1224 | Step 1000 | R   230.82 | 배송 20/50 | 미활동 0 | 2홉+ 0.51 | 도달  901 | 차단 1851
Ep 1225 | Step 1000 | R   208.12 | 배송 19/50 | 미활동 0 | 2홉+ 0.53 | 도달 1021 | 차단 2429
Ep 1226 | Step 1000 | R   257.84 | 배송 21/50 | 미활동 0 | 2홉+ 0.67 | 도달  903 | 차단 2484
Ep 1227 | Step 1000 | R   249.84 | 배송 23/50 | 미활동 0 | 2홉+ 0.68 | 도달  764 | 차단 1858
Ep 1228 | Step 1000 | R   346.49 | 배송 28/50 | 미활동 0 | 2홉+ 0.63 | 도달  958 | 차단 1746
Ep 1229 | Step 1000 | R   202.82 | 배송 19/50 | 미활동 0 | 2홉+ 0.63 | 도달  812 | 차단 1971
Ep 1230 | Step 1000 | R   235.43 | 배송 21/50 | 미활동 0 | 2홉+ 0.55 | 도달  879 | 차단 1646
Ep 1231 | Step 1000 | R   349.10 | 배송 24/50 | 미활동 0 | 2홉+ 0.53 | 도달  735 | 차단  971
Ep 1232 | Step 1000 | R   198.54 | 배송 21/50 | 미활동 0 | 2홉+ 0.67 | 도달  927 | 차단 2103
Ep 1233 | Step 1000 | R   255.30 | 배송 22/50 | 미활동 0 | 2홉+ 0.44 | 도달  846 | 차단 1744
Ep 1234 | Step 1000 | R   237.65 | 배송 22/50 | 미활동 0 | 2홉+ 0.63 | 도달  823 | 차단 1987
Ep 1235 | Step 1000 | R   326.88 | 배송 26/50 | 미활동 0 | 2홉+ 0.65 | 도달  957 | 차단 1563
Ep 1236 | Step 1000 | R   279.57 | 배송 25/50 | 미활동 0 | 2홉+ 0.63 | 도달  865 | 차단 1021
Ep 1237 | Step 1000 | R   196.57 | 배송 20/50 | 미활동 0 | 2홉+ 0.52 | 도달  766 | 차단 1798
Ep 1238 | Step 1000 | R   238.35 | 배송 22/50 | 미활동 0 | 2홉+ 0.64 | 도달  876 | 차단 2183
Ep 1239 | Step 1000 | R   301.37 | 배송 26/50 | 미활동 0 | 2홉+ 0.69 | 도달  830 | 차단 1165
Ep 1240 | Step 1000 | R   237.36 | 배송 23/50 | 미활동 0 | 2홉+ 0.50 | 도달  772 | 차단 2598
Ep 1241 | Step 1000 | R   260.67 | 배송 23/50 | 미활동 0 | 2홉+ 0.41 | 도달  844 | 차단 1180
Ep 1242 | Step 1000 | R   285.47 | 배송 23/50 | 미활동 0 | 2홉+ 0.61 | 도달  958 | 차단 1887
Ep 1243 | Step 1000 | R   248.94 | 배송 22/50 | 미활동 0 | 2홉+ 0.66 | 도달  992 | 차단 1685
Ep 1244 | Step 1000 | R   263.00 | 배송 23/50 | 미활동 0 | 2홉+ 0.51 | 도달  816 | 차단 1195
Ep 1245 | Step 1000 | R   194.66 | 배송 20/50 | 미활동 0 | 2홉+ 0.53 | 도달  713 | 차단 1493
Ep 1246 | Step 1000 | R   266.06 | 배송 23/50 | 미활동 0 | 2홉+ 0.62 | 도달  808 | 차단 1398
Ep 1247 | Step 1000 | R   270.10 | 배송 24/50 | 미활동 0 | 2홉+ 0.50 | 도달  792 | 차단 1970
Ep 1248 | Step 1000 | R   277.38 | 배송 24/50 | 미활동 0 | 2홉+ 0.58 | 도달  711 | 차단 1553
Ep 1249 | Step 1000 | R   180.13 | 배송 20/50 | 미활동 0 | 2홉+ 0.58 | 도달  771 | 차단 1975
Ep 1250 | Step 1000 | R   209.05 | 배송 21/50 | 미활동 0 | 2홉+ 0.55 | 도달  786 | 차단 1166
  [홀드아웃] 배송 9.7±4.6 미활동 0.33 2홉+ 0.65 도달 711 | 최고 15.3@ep800 | 정체 9/15
Ep 1251 | Step 1000 | R   324.85 | 배송 26/50 | 미활동 0 | 2홉+ 0.59 | 도달  942 | 차단 1617
Ep 1252 | Step 1000 | R   198.51 | 배송 17/50 | 미활동 0 | 2홉+ 0.46 | 도달  858 | 차단 1465
Ep 1253 | Step 1000 | R   286.95 | 배송 26/50 | 미활동 0 | 2홉+ 0.65 | 도달  838 | 차단 1935
Ep 1254 | Step 1000 | R   198.65 | 배송 19/50 | 미활동 0 | 2홉+ 0.41 | 도달  678 | 차단 1197
Ep 1255 | Step 1000 | R   216.53 | 배송 18/50 | 미활동 0 | 2홉+ 0.44 | 도달  718 | 차단  606
Ep 1256 | Step 1000 | R   311.48 | 배송 24/50 | 미활동 0 | 2홉+ 0.65 | 도달  878 | 차단 1614
Ep 1257 | Step 1000 | R   208.19 | 배송 22/50 | 미활동 0 | 2홉+ 0.61 | 도달  794 | 차단 1949
Ep 1258 | Step 1000 | R   215.94 | 배송 19/50 | 미활동 0 | 2홉+ 0.60 | 도달  883 | 차단 1635
Ep 1259 | Step 1000 | R   203.31 | 배송 19/50 | 미활동 0 | 2홉+ 0.46 | 도달  692 | 차단 1036
Ep 1260 | Step 1000 | R   134.60 | 배송 17/50 | 미활동 0 | 2홉+ 0.65 | 도달 1003 | 차단 2557
Ep 1261 | Step 1000 | R   191.76 | 배송 18/50 | 미활동 0 | 2홉+ 0.45 | 도달  847 | 차단 2119
Ep 1262 | Step 1000 | R   166.56 | 배송 19/50 | 미활동 0 | 2홉+ 0.67 | 도달  851 | 차단 2439
Ep 1263 | Step 1000 | R   182.48 | 배송 19/50 | 미활동 0 | 2홉+ 0.51 | 도달  829 | 차단 1748
Ep 1264 | Step 1000 | R   287.49 | 배송 23/50 | 미활동 0 | 2홉+ 0.61 | 도달 1000 | 차단 1766
Ep 1265 | Step 1000 | R   272.40 | 배송 24/50 | 미활동 0 | 2홉+ 0.66 | 도달  731 | 차단 1988
Ep 1266 | Step 1000 | R   197.53 | 배송 21/50 | 미활동 0 | 2홉+ 0.59 | 도달  798 | 차단 1389
Ep 1267 | Step 1000 | R   294.21 | 배송 26/50 | 미활동 0 | 2홉+ 0.56 | 도달  755 | 차단 1180
Ep 1268 | Step 1000 | R   261.36 | 배송 21/50 | 미활동 0 | 2홉+ 0.58 | 도달  871 | 차단 2014
Ep 1269 | Step 1000 | R   255.65 | 배송 23/50 | 미활동 0 | 2홉+ 0.47 | 도달  739 | 차단 2129
Ep 1270 | Step 1000 | R   274.95 | 배송 22/50 | 미활동 0 | 2홉+ 0.54 | 도달  914 | 차단 1692
Ep 1271 | Step 1000 | R   186.02 | 배송 19/50 | 미활동 0 | 2홉+ 0.48 | 도달  724 | 차단 1583
Ep 1272 | Step 1000 | R   277.58 | 배송 24/50 | 미활동 0 | 2홉+ 0.54 | 도달  778 | 차단 1307
Ep 1273 | Step 1000 | R   156.47 | 배송 19/50 | 미활동 0 | 2홉+ 0.43 | 도달  901 | 차단 1514
Ep 1274 | Step 1000 | R   414.67 | 배송 31/50 | 미활동 0 | 2홉+ 0.64 | 도달  943 | 차단 1703
Ep 1275 | Step 1000 | R   286.79 | 배송 26/50 | 미활동 0 | 2홉+ 0.61 | 도달  813 | 차단 1606
Ep 1276 | Step 1000 | R   108.95 | 배송 16/50 | 미활동 0 | 2홉+ 0.59 | 도달  855 | 차단 2111
Ep 1277 | Step 1000 | R   257.80 | 배송 21/50 | 미활동 0 | 2홉+ 0.65 | 도달  830 | 차단 2347
Ep 1278 | Step 1000 | R   228.60 | 배송 23/50 | 미활동 0 | 2홉+ 0.55 | 도달  741 | 차단 1389
Ep 1279 | Step 1000 | R    97.84 | 배송 15/50 | 미활동 0 | 2홉+ 0.63 | 도달  813 | 차단 2070
Ep 1280 | Step 1000 | R   177.65 | 배송 18/50 | 미활동 0 | 2홉+ 0.45 | 도달  804 | 차단 1339
Ep 1281 | Step 1000 | R   194.90 | 배송 18/50 | 미활동 0 | 2홉+ 0.54 | 도달  708 | 차단 2037
Ep 1282 | Step 1000 | R   159.76 | 배송 18/50 | 미활동 0 | 2홉+ 0.71 | 도달  893 | 차단 2596
Ep 1283 | Step 1000 | R   219.65 | 배송 21/50 | 미활동 0 | 2홉+ 0.59 | 도달  875 | 차단 1001
Ep 1284 | Step 1000 | R   401.74 | 배송 29/50 | 미활동 0 | 2홉+ 0.65 | 도달  883 | 차단 1402
Ep 1285 | Step 1000 | R   234.01 | 배송 21/50 | 미활동 0 | 2홉+ 0.48 | 도달  783 | 차단 1834
Ep 1286 | Step 1000 | R    81.15 | 배송 16/50 | 미활동 0 | 2홉+ 0.53 | 도달  665 | 차단 3045
Ep 1287 | Step 1000 | R   178.14 | 배송 19/50 | 미활동 0 | 2홉+ 0.51 | 도달  794 | 차단 2304
Ep 1288 | Step 1000 | R   333.06 | 배송 26/50 | 미활동 0 | 2홉+ 0.54 | 도달  893 | 차단 1447
Ep 1289 | Step 1000 | R   230.25 | 배송 23/50 | 미활동 0 | 2홉+ 0.47 | 도달  620 | 차단 1453
Ep 1290 | Step 1000 | R   128.30 | 배송 17/50 | 미활동 0 | 2홉+ 0.41 | 도달  645 | 차단 1646
Ep 1291 | Step 1000 | R   204.95 | 배송 21/50 | 미활동 0 | 2홉+ 0.61 | 도달  854 | 차단 1838
Ep 1292 | Step 1000 | R   231.46 | 배송 20/50 | 미활동 0 | 2홉+ 0.44 | 도달  809 | 차단 1621
Ep 1293 | Step 1000 | R   176.88 | 배송 20/50 | 미활동 0 | 2홉+ 0.59 | 도달  880 | 차단 2092
Ep 1294 | Step 1000 | R   209.31 | 배송 20/50 | 미활동 0 | 2홉+ 0.67 | 도달  832 | 차단 2491
Ep 1295 | Step 1000 | R    98.64 | 배송 16/50 | 미활동 0 | 2홉+ 0.66 | 도달  714 | 차단 2372
Ep 1296 | Step 1000 | R   196.11 | 배송 20/50 | 미활동 0 | 2홉+ 0.51 | 도달  691 | 차단 1591
Ep 1297 | Step 1000 | R   314.68 | 배송 24/50 | 미활동 0 | 2홉+ 0.51 | 도달  845 | 차단 1380
Ep 1298 | Step 1000 | R   183.06 | 배송 20/50 | 미활동 0 | 2홉+ 0.50 | 도달  668 | 차단 2172
Ep 1299 | Step 1000 | R   115.94 | 배송 16/50 | 미활동 0 | 2홉+ 0.70 | 도달  966 | 차단 3142
Ep 1300 | Step 1000 | R   168.00 | 배송 18/50 | 미활동 0 | 2홉+ 0.53 | 도달  910 | 차단 2200
  [홀드아웃] 배송 11.8±6.2 미활동 0.17 2홉+ 0.66 도달 825 | 최고 15.3@ep800 | 정체 10/15
Ep 1301 | Step 1000 | R   188.91 | 배송 18/50 | 미활동 0 | 2홉+ 0.55 | 도달  717 | 차단 2279
Ep 1302 | Step 1000 | R   351.77 | 배송 28/50 | 미활동 0 | 2홉+ 0.60 | 도달  808 | 차단 1579
Ep 1303 | Step 1000 | R   167.81 | 배송 20/50 | 미활동 0 | 2홉+ 0.66 | 도달  747 | 차단 2602
Ep 1304 | Step 1000 | R   173.61 | 배송 20/50 | 미활동 0 | 2홉+ 0.61 | 도달  876 | 차단 2622
Ep 1305 | Step 1000 | R   299.30 | 배송 23/50 | 미활동 0 | 2홉+ 0.54 | 도달  751 | 차단 1592
Ep 1306 | Step 1000 | R   263.33 | 배송 23/50 | 미활동 0 | 2홉+ 0.48 | 도달  762 | 차단 1400
Ep 1307 | Step 1000 | R   229.15 | 배송 21/50 | 미활동 0 | 2홉+ 0.70 | 도달 1031 | 차단 2166
Ep 1308 | Step 1000 | R   233.54 | 배송 20/50 | 미활동 0 | 2홉+ 0.50 | 도달  653 | 차단 1560
Ep 1309 | Step 1000 | R   192.34 | 배송 19/50 | 미활동 0 | 2홉+ 0.46 | 도달  799 | 차단 1646
Ep 1310 | Step 1000 | R   112.67 | 배송 17/50 | 미활동 0 | 2홉+ 0.72 | 도달  957 | 차단 2363
Ep 1311 | Step 1000 | R   327.45 | 배송 26/50 | 미활동 0 | 2홉+ 0.66 | 도달  865 | 차단 1887
Ep 1312 | Step 1000 | R   216.71 | 배송 21/50 | 미활동 0 | 2홉+ 0.39 | 도달  711 | 차단  975
Ep 1313 | Step 1000 | R   230.28 | 배송 19/50 | 미활동 0 | 2홉+ 0.67 | 도달  794 | 차단 2493
Ep 1314 | Step 1000 | R   299.91 | 배송 22/50 | 미활동 0 | 2홉+ 0.51 | 도달  817 | 차단 1157
Ep 1315 | Step 1000 | R   333.81 | 배송 29/50 | 미활동 0 | 2홉+ 0.68 | 도달  988 | 차단 1513
Ep 1316 | Step 1000 | R   148.66 | 배송 16/50 | 미활동 0 | 2홉+ 0.48 | 도달  726 | 차단 2032
Ep 1317 | Step 1000 | R   257.05 | 배송 23/50 | 미활동 0 | 2홉+ 0.62 | 도달  843 | 차단 1415
Ep 1318 | Step 1000 | R   202.77 | 배송 18/50 | 미활동 0 | 2홉+ 0.68 | 도달  749 | 차단 1707
Ep 1319 | Step 1000 | R    98.28 | 배송 17/50 | 미활동 0 | 2홉+ 0.72 | 도달  724 | 차단 2866
Ep 1320 | Step 1000 | R   272.24 | 배송 24/50 | 미활동 0 | 2홉+ 0.49 | 도달  804 | 차단 1402
Ep 1321 | Step 1000 | R   241.91 | 배송 22/50 | 미활동 0 | 2홉+ 0.60 | 도달  828 | 차단 2141
Ep 1322 | Step 1000 | R   331.95 | 배송 26/50 | 미활동 0 | 2홉+ 0.56 | 도달  893 | 차단 1303
Ep 1323 | Step 1000 | R   273.35 | 배송 26/50 | 미활동 0 | 2홉+ 0.59 | 도달  850 | 차단 2186
Ep 1324 | Step 1000 | R   301.73 | 배송 25/50 | 미활동 0 | 2홉+ 0.67 | 도달  845 | 차단 2228
Ep 1325 | Step 1000 | R    73.77 | 배송 14/50 | 미활동 0 | 2홉+ 0.62 | 도달  808 | 차단 2681
Ep 1326 | Step 1000 | R   142.64 | 배송 17/50 | 미활동 0 | 2홉+ 0.61 | 도달  855 | 차단 2343
Ep 1327 | Step 1000 | R    30.13 | 배송 14/50 | 미활동 0 | 2홉+ 0.72 | 도달  757 | 차단 3511
Ep 1328 | Step 1000 | R   132.48 | 배송 16/50 | 미활동 0 | 2홉+ 0.69 | 도달  884 | 차단 2635
Ep 1329 | Step 1000 | R   198.05 | 배송 19/50 | 미활동 0 | 2홉+ 0.42 | 도달  623 | 차단  971
Ep 1330 | Step 1000 | R   240.95 | 배송 20/50 | 미활동 0 | 2홉+ 0.53 | 도달 1015 | 차단 1410
Ep 1331 | Step 1000 | R   307.00 | 배송 25/50 | 미활동 0 | 2홉+ 0.68 | 도달  959 | 차단 1822
Ep 1332 | Step 1000 | R   243.24 | 배송 22/50 | 미활동 0 | 2홉+ 0.49 | 도달  899 | 차단 1852
Ep 1333 | Step 1000 | R   273.66 | 배송 25/50 | 미활동 0 | 2홉+ 0.66 | 도달  939 | 차단 1603
Ep 1334 | Step 1000 | R    -5.62 | 배송  9/50 | 미활동 0 | 2홉+ 0.72 | 도달  867 | 차단 3512
Ep 1335 | Step 1000 | R   232.86 | 배송 22/50 | 미활동 0 | 2홉+ 0.69 | 도달  894 | 차단 2273
Ep 1336 | Step 1000 | R   261.56 | 배송 23/50 | 미활동 0 | 2홉+ 0.54 | 도달  684 | 차단 1745
Ep 1337 | Step 1000 | R   245.38 | 배송 22/50 | 미활동 0 | 2홉+ 0.64 | 도달  902 | 차단 1711
Ep 1338 | Step 1000 | R   160.47 | 배송 18/50 | 미활동 0 | 2홉+ 0.54 | 도달  724 | 차단 1936
Ep 1339 | Step 1000 | R    71.56 | 배송 13/50 | 미활동 0 | 2홉+ 0.63 | 도달  724 | 차단 2039
Ep 1340 | Step 1000 | R   162.79 | 배송 19/50 | 미활동 0 | 2홉+ 0.52 | 도달  642 | 차단 2363
Ep 1341 | Step 1000 | R    73.63 | 배송 14/50 | 미활동 0 | 2홉+ 0.70 | 도달  697 | 차단 2670
Ep 1342 | Step 1000 | R   191.65 | 배송 18/50 | 미활동 0 | 2홉+ 0.62 | 도달  894 | 차단 2163
Ep 1343 | Step 1000 | R   149.93 | 배송 18/50 | 미활동 0 | 2홉+ 0.58 | 도달  808 | 차단 2569
Ep 1344 | Step 1000 | R   296.14 | 배송 23/50 | 미활동 0 | 2홉+ 0.55 | 도달  708 | 차단 1047
Ep 1345 | Step 1000 | R   324.16 | 배송 26/50 | 미활동 0 | 2홉+ 0.58 | 도달  843 | 차단 1491
Ep 1346 | Step 1000 | R   162.29 | 배송 17/50 | 미활동 0 | 2홉+ 0.58 | 도달  857 | 차단 1879
Ep 1347 | Step 1000 | R   235.30 | 배송 20/50 | 미활동 0 | 2홉+ 0.69 | 도달  779 | 차단 1035
Ep 1348 | Step 1000 | R   174.26 | 배송 18/50 | 미활동 0 | 2홉+ 0.68 | 도달  729 | 차단 2833
Ep 1349 | Step 1000 | R   336.71 | 배송 27/50 | 미활동 0 | 2홉+ 0.61 | 도달  796 | 차단 1312
Ep 1350 | Step 1000 | R   302.56 | 배송 24/50 | 미활동 0 | 2홉+ 0.63 | 도달  764 | 차단 1620
  [홀드아웃] 배송 8.7±3.2 미활동 0.50 2홉+ 0.69 도달 760 | 최고 15.3@ep800 | 정체 11/15
Ep 1351 | Step 1000 | R   223.89 | 배송 21/50 | 미활동 0 | 2홉+ 0.49 | 도달  743 | 차단 1791
Ep 1352 | Step 1000 | R   166.41 | 배송 18/50 | 미활동 0 | 2홉+ 0.56 | 도달  793 | 차단 1652
Ep 1353 | Step 1000 | R   271.94 | 배송 22/50 | 미활동 0 | 2홉+ 0.60 | 도달  859 | 차단 1708
Ep 1354 | Step 1000 | R   192.88 | 배송 20/50 | 미활동 0 | 2홉+ 0.48 | 도달  897 | 차단 1412
Ep 1355 | Step 1000 | R   176.83 | 배송 18/50 | 미활동 0 | 2홉+ 0.54 | 도달  870 | 차단 1438
Ep 1356 | Step 1000 | R   283.92 | 배송 22/50 | 미활동 0 | 2홉+ 0.47 | 도달  844 | 차단 1489
Ep 1357 | Step 1000 | R   162.94 | 배송 18/50 | 미활동 0 | 2홉+ 0.71 | 도달  925 | 차단 2034
Ep 1358 | Step 1000 | R   400.49 | 배송 28/50 | 미활동 0 | 2홉+ 0.59 | 도달  738 | 차단  656
Ep 1359 | Step 1000 | R   310.45 | 배송 24/50 | 미활동 0 | 2홉+ 0.52 | 도달  799 | 차단 1484
Ep 1360 | Step 1000 | R   260.52 | 배송 23/50 | 미활동 0 | 2홉+ 0.62 | 도달  833 | 차단 1427
Ep 1361 | Step 1000 | R   255.04 | 배송 21/50 | 미활동 0 | 2홉+ 0.57 | 도달  920 | 차단 1041
Ep 1362 | Step 1000 | R   326.72 | 배송 28/50 | 미활동 0 | 2홉+ 0.58 | 도달  797 | 차단 1330
Ep 1363 | Step 1000 | R   315.14 | 배송 25/50 | 미활동 0 | 2홉+ 0.48 | 도달  878 | 차단 1490
Ep 1364 | Step 1000 | R   222.94 | 배송 19/50 | 미활동 0 | 2홉+ 0.54 | 도달  881 | 차단 1575
Ep 1365 | Step 1000 | R   236.92 | 배송 20/50 | 미활동 0 | 2홉+ 0.51 | 도달  702 | 차단 1465
Ep 1366 | Step 1000 | R   325.37 | 배송 26/50 | 미활동 0 | 2홉+ 0.60 | 도달  867 | 차단 1472
Ep 1367 | Step 1000 | R   240.57 | 배송 20/50 | 미활동 0 | 2홉+ 0.49 | 도달  742 | 차단  998
Ep 1368 | Step 1000 | R   209.79 | 배송 21/50 | 미활동 0 | 2홉+ 0.52 | 도달  776 | 차단 1567
Ep 1369 | Step 1000 | R   235.88 | 배송 21/50 | 미활동 0 | 2홉+ 0.52 | 도달  665 | 차단 1531
Ep 1370 | Step 1000 | R    92.19 | 배송 13/50 | 미활동 0 | 2홉+ 0.52 | 도달  846 | 차단 2657
Ep 1371 | Step 1000 | R   295.47 | 배송 23/50 | 미활동 0 | 2홉+ 0.58 | 도달  812 | 차단 1433
Ep 1372 | Step 1000 | R   153.27 | 배송 18/50 | 미활동 0 | 2홉+ 0.67 | 도달 1024 | 차단 2065
Ep 1373 | Step 1000 | R   192.90 | 배송 21/50 | 미활동 0 | 2홉+ 0.59 | 도달  753 | 차단 2161
Ep 1374 | Step 1000 | R   195.09 | 배송 20/50 | 미활동 0 | 2홉+ 0.63 | 도달  715 | 차단 1564
Ep 1375 | Step 1000 | R   285.95 | 배송 23/50 | 미활동 0 | 2홉+ 0.55 | 도달  944 | 차단 1967
Ep 1376 | Step 1000 | R   165.19 | 배송 19/50 | 미활동 0 | 2홉+ 0.71 | 도달  794 | 차단 2329
Ep 1377 | Step 1000 | R   226.77 | 배송 21/50 | 미활동 0 | 2홉+ 0.52 | 도달  887 | 차단 2087
Ep 1378 | Step 1000 | R   360.73 | 배송 29/50 | 미활동 0 | 2홉+ 0.48 | 도달  827 | 차단 1359
Ep 1379 | Step 1000 | R   188.98 | 배송 19/50 | 미활동 0 | 2홉+ 0.50 | 도달  885 | 차단 1936
Ep 1380 | Step 1000 | R   380.24 | 배송 29/50 | 미활동 0 | 2홉+ 0.57 | 도달  825 | 차단  890
Ep 1381 | Step 1000 | R   237.33 | 배송 24/50 | 미활동 0 | 2홉+ 0.47 | 도달  644 | 차단 1319
Ep 1382 | Step 1000 | R   169.17 | 배송 18/50 | 미활동 0 | 2홉+ 0.59 | 도달  795 | 차단 1824
Ep 1383 | Step 1000 | R   266.29 | 배송 20/50 | 미활동 0 | 2홉+ 0.45 | 도달  730 | 차단 1387
Ep 1384 | Step 1000 | R   150.79 | 배송 20/50 | 미활동 0 | 2홉+ 0.63 | 도달  767 | 차단 2375
Ep 1385 | Step 1000 | R   266.73 | 배송 21/50 | 미활동 0 | 2홉+ 0.56 | 도달  727 | 차단 1895
Ep 1386 | Step 1000 | R   262.87 | 배송 20/50 | 미활동 0 | 2홉+ 0.60 | 도달  772 | 차단 1682
Ep 1387 | Step 1000 | R   254.15 | 배송 22/50 | 미활동 0 | 2홉+ 0.66 | 도달  694 | 차단 1276
Ep 1388 | Step 1000 | R   129.31 | 배송 16/50 | 미활동 0 | 2홉+ 0.61 | 도달  643 | 차단 2425
Ep 1389 | Step 1000 | R   224.44 | 배송 19/50 | 미활동 0 | 2홉+ 0.64 | 도달  980 | 차단 1737
Ep 1390 | Step 1000 | R   284.76 | 배송 25/50 | 미활동 0 | 2홉+ 0.68 | 도달  963 | 차단 1445
Ep 1391 | Step 1000 | R   256.21 | 배송 20/50 | 미활동 0 | 2홉+ 0.58 | 도달  611 | 차단 1820
Ep 1392 | Step 1000 | R   150.11 | 배송 17/50 | 미활동 0 | 2홉+ 0.58 | 도달  630 | 차단 2190
Ep 1393 | Step 1000 | R   256.38 | 배송 22/50 | 미활동 0 | 2홉+ 0.61 | 도달  862 | 차단 1201
Ep 1394 | Step 1000 | R   296.35 | 배송 22/50 | 미활동 0 | 2홉+ 0.48 | 도달  895 | 차단  656
Ep 1395 | Step 1000 | R   263.49 | 배송 23/50 | 미활동 0 | 2홉+ 0.61 | 도달  851 | 차단 1573
Ep 1396 | Step 1000 | R   273.36 | 배송 24/50 | 미활동 0 | 2홉+ 0.57 | 도달  784 | 차단 1530
Ep 1397 | Step 1000 | R   200.22 | 배송 19/50 | 미활동 0 | 2홉+ 0.48 | 도달  774 | 차단  539
Ep 1398 | Step 1000 | R   105.93 | 배송 17/50 | 미활동 0 | 2홉+ 0.72 | 도달  735 | 차단 2513
Ep 1399 | Step 1000 | R   135.63 | 배송 19/50 | 미활동 0 | 2홉+ 0.68 | 도달  746 | 차단 2431
Ep 1400 | Step 1000 | R   307.00 | 배송 23/50 | 미활동 0 | 2홉+ 0.57 | 도달  746 | 차단 1100
  [홀드아웃] 배송 10.2±3.4 미활동 0.50 2홉+ 0.66 도달 767 | 최고 15.3@ep800 | 정체 12/15
Ep 1401 | Step 1000 | R   273.22 | 배송 20/50 | 미활동 0 | 2홉+ 0.56 | 도달  769 | 차단 1389
Ep 1402 | Step 1000 | R   245.08 | 배송 21/50 | 미활동 0 | 2홉+ 0.56 | 도달  767 | 차단 1540
Ep 1403 | Step 1000 | R   310.61 | 배송 25/50 | 미활동 0 | 2홉+ 0.69 | 도달  867 | 차단 1860
Ep 1404 | Step 1000 | R   259.74 | 배송 22/50 | 미활동 0 | 2홉+ 0.63 | 도달  798 | 차단 1057
Ep 1405 | Step 1000 | R   262.18 | 배송 22/50 | 미활동 0 | 2홉+ 0.56 | 도달  757 | 차단 1204
Ep 1406 | Step 1000 | R   171.40 | 배송 17/50 | 미활동 0 | 2홉+ 0.52 | 도달  734 | 차단 1293
Ep 1407 | Step 1000 | R   222.05 | 배송 20/50 | 미활동 0 | 2홉+ 0.58 | 도달  847 | 차단 1967
Ep 1408 | Step 1000 | R   270.38 | 배송 23/50 | 미활동 0 | 2홉+ 0.55 | 도달  845 | 차단 1319
Ep 1409 | Step 1000 | R   273.74 | 배송 23/50 | 미활동 0 | 2홉+ 0.68 | 도달  869 | 차단 2092
Ep 1410 | Step 1000 | R   166.29 | 배송 18/50 | 미활동 0 | 2홉+ 0.52 | 도달  669 | 차단 1975
Ep 1411 | Step 1000 | R   254.42 | 배송 23/50 | 미활동 0 | 2홉+ 0.70 | 도달 1074 | 차단 1629
Ep 1412 | Step 1000 | R   257.40 | 배송 23/50 | 미활동 0 | 2홉+ 0.52 | 도달  782 | 차단 1599
Ep 1413 | Step 1000 | R   351.97 | 배송 29/50 | 미활동 0 | 2홉+ 0.66 | 도달 1032 | 차단 1432
Ep 1414 | Step 1000 | R   227.38 | 배송 21/50 | 미활동 0 | 2홉+ 0.65 | 도달  889 | 차단 2217
Ep 1415 | Step 1000 | R   346.49 | 배송 24/50 | 미활동 0 | 2홉+ 0.55 | 도달  821 | 차단 1366
Ep 1416 | Step 1000 | R   133.42 | 배송 17/50 | 미활동 0 | 2홉+ 0.37 | 도달  685 | 차단 1136
Ep 1417 | Step 1000 | R    70.80 | 배송 15/50 | 미활동 0 | 2홉+ 0.71 | 도달  829 | 차단 3256
Ep 1418 | Step 1000 | R   257.63 | 배송 21/50 | 미활동 0 | 2홉+ 0.45 | 도달  774 | 차단  847
Ep 1419 | Step 1000 | R   192.60 | 배송 19/50 | 미활동 0 | 2홉+ 0.48 | 도달  679 | 차단 1428
Ep 1420 | Step 1000 | R   313.89 | 배송 25/50 | 미활동 0 | 2홉+ 0.68 | 도달  804 | 차단 1662
Ep 1421 | Step 1000 | R   256.85 | 배송 22/50 | 미활동 0 | 2홉+ 0.41 | 도달  837 | 차단 1124
Ep 1422 | Step 1000 | R   239.59 | 배송 21/50 | 미활동 0 | 2홉+ 0.64 | 도달  813 | 차단 1677
Ep 1423 | Step 1000 | R   289.72 | 배송 22/50 | 미활동 0 | 2홉+ 0.54 | 도달  703 | 차단 1246
Ep 1424 | Step 1000 | R   222.88 | 배송 22/50 | 미활동 0 | 2홉+ 0.58 | 도달  750 | 차단  986
Ep 1425 | Step 1000 | R   276.26 | 배송 24/50 | 미활동 0 | 2홉+ 0.52 | 도달  884 | 차단 1522
Ep 1426 | Step 1000 | R   316.98 | 배송 22/50 | 미활동 0 | 2홉+ 0.48 | 도달  793 | 차단 1714
Ep 1427 | Step 1000 | R   430.74 | 배송 29/50 | 미활동 0 | 2홉+ 0.57 | 도달  959 | 차단 1375
Ep 1428 | Step 1000 | R   273.83 | 배송 21/50 | 미활동 0 | 2홉+ 0.49 | 도달  735 | 차단 1484
Ep 1429 | Step 1000 | R    56.23 | 배송 13/50 | 미활동 0 | 2홉+ 0.72 | 도달  687 | 차단 2816
Ep 1430 | Step 1000 | R   242.37 | 배송 22/50 | 미활동 0 | 2홉+ 0.63 | 도달  977 | 차단 1752
Ep 1431 | Step 1000 | R   126.27 | 배송 16/50 | 미활동 0 | 2홉+ 0.52 | 도달  642 | 차단 2700
Ep 1432 | Step 1000 | R   213.10 | 배송 20/50 | 미활동 0 | 2홉+ 0.63 | 도달  790 | 차단 2218
Ep 1433 | Step 1000 | R   295.64 | 배송 25/50 | 미활동 0 | 2홉+ 0.50 | 도달  734 | 차단  635
Ep 1434 | Step 1000 | R   275.61 | 배송 22/50 | 미활동 0 | 2홉+ 0.63 | 도달  838 | 차단 1970
Ep 1435 | Step 1000 | R   139.75 | 배송 16/50 | 미활동 0 | 2홉+ 0.63 | 도달  685 | 차단 2173
Ep 1436 | Step 1000 | R   215.16 | 배송 19/50 | 미활동 0 | 2홉+ 0.70 | 도달  756 | 차단 1907
Ep 1437 | Step 1000 | R   210.36 | 배송 21/50 | 미활동 0 | 2홉+ 0.67 | 도달  951 | 차단 2637
Ep 1438 | Step 1000 | R   315.93 | 배송 25/50 | 미활동 0 | 2홉+ 0.64 | 도달  936 | 차단 1851
Ep 1439 | Step 1000 | R   228.07 | 배송 20/50 | 미활동 0 | 2홉+ 0.34 | 도달  695 | 차단 1169
Ep 1440 | Step 1000 | R   285.59 | 배송 23/50 | 미활동 0 | 2홉+ 0.62 | 도달  766 | 차단 2202
Ep 1441 | Step 1000 | R    88.03 | 배송 16/50 | 미활동 0 | 2홉+ 0.72 | 도달  698 | 차단 2940
Ep 1442 | Step 1000 | R   343.47 | 배송 26/50 | 미활동 0 | 2홉+ 0.61 | 도달  715 | 차단  990
Ep 1443 | Step 1000 | R   286.29 | 배송 22/50 | 미활동 0 | 2홉+ 0.58 | 도달  834 | 차단 1970
Ep 1444 | Step 1000 | R   228.93 | 배송 21/50 | 미활동 0 | 2홉+ 0.67 | 도달  769 | 차단 2135
Ep 1445 | Step 1000 | R   269.15 | 배송 23/50 | 미활동 0 | 2홉+ 0.55 | 도달  712 | 차단 1032
Ep 1446 | Step 1000 | R   309.51 | 배송 24/50 | 미활동 0 | 2홉+ 0.54 | 도달  659 | 차단 1404
Ep 1447 | Step 1000 | R   285.93 | 배송 22/50 | 미활동 0 | 2홉+ 0.57 | 도달  771 | 차단 1504
Ep 1448 | Step 1000 | R   168.78 | 배송 18/50 | 미활동 0 | 2홉+ 0.50 | 도달  780 | 차단 1670
Ep 1449 | Step 1000 | R   239.57 | 배송 19/50 | 미활동 0 | 2홉+ 0.69 | 도달  947 | 차단 2328
Ep 1450 | Step 1000 | R   122.07 | 배송 17/50 | 미활동 0 | 2홉+ 0.50 | 도달  686 | 차단 1632
  [홀드아웃] 배송 9.7±2.1 미활동 0.00 2홉+ 0.65 도달 695 | 최고 15.3@ep800 | 정체 13/15
Ep 1451 | Step 1000 | R   222.04 | 배송 20/50 | 미활동 0 | 2홉+ 0.35 | 도달  711 | 차단  815
Ep 1452 | Step 1000 | R   236.05 | 배송 19/50 | 미활동 0 | 2홉+ 0.65 | 도달 1022 | 차단 1947
Ep 1453 | Step 1000 | R    88.94 | 배송 13/50 | 미활동 0 | 2홉+ 0.45 | 도달  806 | 차단 1274
Ep 1454 | Step 1000 | R   249.28 | 배송 23/50 | 미활동 0 | 2홉+ 0.65 | 도달  947 | 차단 2205
Ep 1455 | Step 1000 | R   169.67 | 배송 18/50 | 미활동 0 | 2홉+ 0.50 | 도달  786 | 차단 1914
Ep 1456 | Step 1000 | R   170.84 | 배송 18/50 | 미활동 0 | 2홉+ 0.48 | 도달  679 | 차단 1389
Ep 1457 | Step 1000 | R   261.37 | 배송 21/50 | 미활동 0 | 2홉+ 0.51 | 도달  985 | 차단 1898
Ep 1458 | Step 1000 | R   199.57 | 배송 20/50 | 미활동 0 | 2홉+ 0.69 | 도달  755 | 차단 2636
Ep 1459 | Step 1000 | R   145.43 | 배송 19/50 | 미활동 0 | 2홉+ 0.63 | 도달  840 | 차단 1601
Ep 1460 | Step 1000 | R   194.08 | 배송 19/50 | 미활동 0 | 2홉+ 0.52 | 도달  786 | 차단 2792
Ep 1461 | Step 1000 | R    93.74 | 배송 16/50 | 미활동 0 | 2홉+ 0.70 | 도달  945 | 차단 2893
Ep 1462 | Step 1000 | R   333.92 | 배송 26/50 | 미활동 0 | 2홉+ 0.56 | 도달  886 | 차단 1605
Ep 1463 | Step 1000 | R   250.83 | 배송 23/50 | 미활동 0 | 2홉+ 0.70 | 도달  878 | 차단 1871
Ep 1464 | Step 1000 | R   189.47 | 배송 19/50 | 미활동 0 | 2홉+ 0.68 | 도달  955 | 차단 2673
Ep 1465 | Step 1000 | R   129.82 | 배송 18/50 | 미활동 0 | 2홉+ 0.47 | 도달  725 | 차단 1586
Ep 1466 | Step 1000 | R   307.18 | 배송 25/50 | 미활동 0 | 2홉+ 0.63 | 도달  728 | 차단 2100
Ep 1467 | Step 1000 | R   125.58 | 배송 17/50 | 미활동 0 | 2홉+ 0.69 | 도달  810 | 차단 1750
Ep 1468 | Step 1000 | R   116.61 | 배송 17/50 | 미활동 0 | 2홉+ 0.68 | 도달  997 | 차단 2206
Ep 1469 | Step 1000 | R    61.38 | 배송 15/50 | 미활동 0 | 2홉+ 0.72 | 도달  951 | 차단 3368
Ep 1470 | Step 1000 | R   108.70 | 배송 16/50 | 미활동 0 | 2홉+ 0.71 | 도달  872 | 차단 2277
Ep 1471 | Step 1000 | R   128.54 | 배송 17/50 | 미활동 0 | 2홉+ 0.70 | 도달  975 | 차단 2006
Ep 1472 | Step 1000 | R   326.27 | 배송 26/50 | 미활동 0 | 2홉+ 0.56 | 도달  859 | 차단 1596
Ep 1473 | Step 1000 | R   371.44 | 배송 29/50 | 미활동 0 | 2홉+ 0.63 | 도달  941 | 차단 1388
Ep 1474 | Step 1000 | R    23.80 | 배송 12/50 | 미활동 0 | 2홉+ 0.73 | 도달 1003 | 차단 3555
Ep 1475 | Step 1000 | R   293.01 | 배송 23/50 | 미활동 0 | 2홉+ 0.60 | 도달  881 | 차단 1552
Ep 1476 | Step 1000 | R   259.12 | 배송 23/50 | 미활동 0 | 2홉+ 0.65 | 도달  846 | 차단 1694
Ep 1477 | Step 1000 | R   193.39 | 배송 19/50 | 미활동 0 | 2홉+ 0.68 | 도달  932 | 차단 2663
Ep 1478 | Step 1000 | R   282.96 | 배송 23/50 | 미활동 0 | 2홉+ 0.62 | 도달  865 | 차단 2136
Ep 1479 | Step 1000 | R   202.97 | 배송 22/50 | 미활동 0 | 2홉+ 0.59 | 도달  875 | 차단 2159
Ep 1480 | Step 1000 | R   141.16 | 배송 18/50 | 미활동 0 | 2홉+ 0.40 | 도달  832 | 차단  935
Ep 1481 | Step 1000 | R   205.17 | 배송 18/50 | 미활동 0 | 2홉+ 0.52 | 도달  713 | 차단 1306
Ep 1482 | Step 1000 | R   113.60 | 배송 17/50 | 미활동 0 | 2홉+ 0.70 | 도달  670 | 차단 2355
Ep 1483 | Step 1000 | R   268.42 | 배송 24/50 | 미활동 0 | 2홉+ 0.58 | 도달  736 | 차단 1875
Ep 1484 | Step 1000 | R   375.77 | 배송 27/50 | 미활동 0 | 2홉+ 0.54 | 도달  962 | 차단 1430
Ep 1485 | Step 1000 | R   286.46 | 배송 24/50 | 미활동 0 | 2홉+ 0.61 | 도달  880 | 차단 1186
Ep 1486 | Step 1000 | R   378.22 | 배송 27/50 | 미활동 0 | 2홉+ 0.61 | 도달  782 | 차단 1282
Ep 1487 | Step 1000 | R   297.15 | 배송 23/50 | 미활동 0 | 2홉+ 0.57 | 도달  898 | 차단 1641
Ep 1488 | Step 1000 | R   256.21 | 배송 21/50 | 미활동 0 | 2홉+ 0.67 | 도달  894 | 차단 2330
Ep 1489 | Step 1000 | R   284.67 | 배송 22/50 | 미활동 0 | 2홉+ 0.50 | 도달  729 | 차단 1608
Ep 1490 | Step 1000 | R   277.85 | 배송 20/50 | 미활동 0 | 2홉+ 0.58 | 도달  755 | 차단  878
Ep 1491 | Step 1000 | R   305.23 | 배송 25/50 | 미활동 0 | 2홉+ 0.57 | 도달  699 | 차단 1861
Ep 1492 | Step 1000 | R    27.72 | 배송 11/50 | 미활동 0 | 2홉+ 0.72 | 도달 1046 | 차단 3208
Ep 1493 | Step 1000 | R   261.55 | 배송 23/50 | 미활동 0 | 2홉+ 0.59 | 도달  653 | 차단 1227
Ep 1494 | Step 1000 | R   182.25 | 배송 19/50 | 미활동 0 | 2홉+ 0.44 | 도달  832 | 차단 1415
Ep 1495 | Step 1000 | R   292.48 | 배송 23/50 | 미활동 0 | 2홉+ 0.60 | 도달  797 | 차단 1665
Ep 1496 | Step 1000 | R   346.90 | 배송 27/50 | 미활동 0 | 2홉+ 0.62 | 도달  765 | 차단  882
Ep 1497 | Step 1000 | R   229.33 | 배송 20/50 | 미활동 0 | 2홉+ 0.40 | 도달 1015 | 차단 1905
Ep 1498 | Step 1000 | R   218.78 | 배송 20/50 | 미활동 0 | 2홉+ 0.51 | 도달  743 | 차단 2129
Ep 1499 | Step 1000 | R   275.21 | 배송 24/50 | 미활동 0 | 2홉+ 0.53 | 도달  785 | 차단 1621
Ep 1500 | Step 1000 | R   434.08 | 배송 31/50 | 미활동 0 | 2홉+ 0.52 | 도달  821 | 차단 1053
  [홀드아웃] 배송 11.2±3.3 미활동 0.17 2홉+ 0.68 도달 763 | 최고 15.3@ep800 | 정체 14/15
Ep 1501 | Step 1000 | R   185.90 | 배송 21/50 | 미활동 0 | 2홉+ 0.52 | 도달  703 | 차단 2409
Ep 1502 | Step 1000 | R   110.41 | 배송 17/50 | 미활동 0 | 2홉+ 0.71 | 도달  932 | 차단 2429
Ep 1503 | Step 1000 | R   290.36 | 배송 24/50 | 미활동 0 | 2홉+ 0.68 | 도달 1064 | 차단 2462
Ep 1504 | Step 1000 | R   344.60 | 배송 28/50 | 미활동 0 | 2홉+ 0.67 | 도달  906 | 차단 1778
Ep 1505 | Step 1000 | R   165.97 | 배송 19/50 | 미활동 0 | 2홉+ 0.67 | 도달  737 | 차단 2334
Ep 1506 | Step 1000 | R   205.58 | 배송 18/50 | 미활동 0 | 2홉+ 0.55 | 도달 1074 | 차단 2011
Ep 1507 | Step 1000 | R   186.62 | 배송 21/50 | 미활동 0 | 2홉+ 0.62 | 도달  971 | 차단 2148
Ep 1508 | Step 1000 | R   219.39 | 배송 21/50 | 미활동 0 | 2홉+ 0.66 | 도달  939 | 차단 2302
Ep 1509 | Step 1000 | R   338.04 | 배송 24/50 | 미활동 0 | 2홉+ 0.64 | 도달  823 | 차단 1678
Ep 1510 | Step 1000 | R   231.51 | 배송 21/50 | 미활동 0 | 2홉+ 0.51 | 도달  764 | 차단 2176
Ep 1511 | Step 1000 | R   177.79 | 배송 19/50 | 미활동 0 | 2홉+ 0.52 | 도달  705 | 차단 1665
Ep 1512 | Step 1000 | R   268.18 | 배송 22/50 | 미활동 0 | 2홉+ 0.65 | 도달  735 | 차단 2220
Ep 1513 | Step 1000 | R   211.27 | 배송 19/50 | 미활동 0 | 2홉+ 0.55 | 도달  699 | 차단 2127
Ep 1514 | Step 1000 | R   305.94 | 배송 26/50 | 미활동 0 | 2홉+ 0.58 | 도달  864 | 차단 2235
Ep 1515 | Step 1000 | R   255.47 | 배송 23/50 | 미활동 0 | 2홉+ 0.63 | 도달  817 | 차단 1713
Ep 1516 | Step 1000 | R   208.41 | 배송 19/50 | 미활동 0 | 2홉+ 0.55 | 도달  739 | 차단 2332
Ep 1517 | Step 1000 | R   226.34 | 배송 20/50 | 미활동 0 | 2홉+ 0.68 | 도달  986 | 차단 1975
Ep 1518 | Step 1000 | R   139.28 | 배송 19/50 | 미활동 0 | 2홉+ 0.70 | 도달  869 | 차단 2658
Ep 1519 | Step 1000 | R   140.38 | 배송 17/50 | 미활동 0 | 2홉+ 0.58 | 도달  811 | 차단 2429
Ep 1520 | Step 1000 | R   253.02 | 배송 20/50 | 미활동 0 | 2홉+ 0.60 | 도달  901 | 차단 1932
Ep 1521 | Step 1000 | R   255.58 | 배송 20/50 | 미활동 0 | 2홉+ 0.51 | 도달  891 | 차단 1984
Ep 1522 | Step 1000 | R   175.65 | 배송 18/50 | 미활동 0 | 2홉+ 0.40 | 도달  540 | 차단 1533
Ep 1523 | Step 1000 | R   321.42 | 배송 26/50 | 미활동 0 | 2홉+ 0.54 | 도달  807 | 차단 1543
Ep 1524 | Step 1000 | R   314.88 | 배송 25/50 | 미활동 0 | 2홉+ 0.53 | 도달  848 | 차단 1564
Ep 1525 | Step 1000 | R   220.92 | 배송 24/50 | 미활동 0 | 2홉+ 0.58 | 도달  773 | 차단 2027
Ep 1526 | Step 1000 | R   295.11 | 배송 26/50 | 미활동 0 | 2홉+ 0.58 | 도달  885 | 차단 1601
Ep 1527 | Step 1000 | R   213.36 | 배송 21/50 | 미활동 0 | 2홉+ 0.51 | 도달  792 | 차단 1244
Ep 1528 | Step 1000 | R   154.18 | 배송 17/50 | 미활동 0 | 2홉+ 0.53 | 도달  826 | 차단 2439
Ep 1529 | Step 1000 | R   230.99 | 배송 21/50 | 미활동 0 | 2홉+ 0.50 | 도달  751 | 차단 2030
Ep 1530 | Step 1000 | R   277.06 | 배송 23/50 | 미활동 0 | 2홉+ 0.70 | 도달  840 | 차단 2417
Ep 1531 | Step 1000 | R   143.19 | 배송 18/50 | 미활동 0 | 2홉+ 0.43 | 도달  601 | 차단 1476
Ep 1532 | Step 1000 | R   258.51 | 배송 24/50 | 미활동 0 | 2홉+ 0.59 | 도달  904 | 차단 1996
Ep 1533 | Step 1000 | R   300.91 | 배송 24/50 | 미활동 0 | 2홉+ 0.68 | 도달  983 | 차단 2057
Ep 1534 | Step 1000 | R   371.03 | 배송 27/50 | 미활동 0 | 2홉+ 0.60 | 도달  805 | 차단 1622
Ep 1535 | Step 1000 | R   286.21 | 배송 25/50 | 미활동 0 | 2홉+ 0.62 | 도달  914 | 차단 1441
Ep 1536 | Step 1000 | R   234.25 | 배송 20/50 | 미활동 0 | 2홉+ 0.66 | 도달 1074 | 차단 1561
Ep 1537 | Step 1000 | R    59.43 | 배송 14/50 | 미활동 0 | 2홉+ 0.72 | 도달  878 | 차단 3300
Ep 1538 | Step 1000 | R   284.41 | 배송 23/50 | 미활동 0 | 2홉+ 0.64 | 도달  937 | 차단 2129
Ep 1539 | Step 1000 | R   217.94 | 배송 20/50 | 미활동 0 | 2홉+ 0.67 | 도달  837 | 차단 1588
Ep 1540 | Step 1000 | R   262.33 | 배송 22/50 | 미활동 0 | 2홉+ 0.48 | 도달  661 | 차단 1015
Ep 1541 | Step 1000 | R   250.90 | 배송 20/50 | 미활동 0 | 2홉+ 0.39 | 도달  602 | 차단  488
Ep 1542 | Step 1000 | R    42.18 | 배송 13/50 | 미활동 0 | 2홉+ 0.72 | 도달  932 | 차단 3205
Ep 1543 | Step 1000 | R   171.82 | 배송 19/50 | 미활동 0 | 2홉+ 0.58 | 도달  763 | 차단  931
Ep 1544 | Step 1000 | R   264.78 | 배송 20/50 | 미활동 0 | 2홉+ 0.55 | 도달  754 | 차단 1491
Ep 1545 | Step 1000 | R   277.35 | 배송 21/50 | 미활동 0 | 2홉+ 0.59 | 도달  693 | 차단 1404
Ep 1546 | Step 1000 | R   256.32 | 배송 23/50 | 미활동 0 | 2홉+ 0.65 | 도달  779 | 차단 1913
Ep 1547 | Step 1000 | R   199.05 | 배송 19/50 | 미활동 0 | 2홉+ 0.62 | 도달  909 | 차단 2379
Ep 1548 | Step 1000 | R   205.47 | 배송 18/50 | 미활동 0 | 2홉+ 0.55 | 도달  739 | 차단 1370
Ep 1549 | Step 1000 | R    42.03 | 배송 13/50 | 미활동 0 | 2홉+ 0.72 | 도달  891 | 차단 3344
Ep 1550 | Step 1000 | R   175.81 | 배송 20/50 | 미활동 0 | 2홉+ 0.65 | 도달  816 | 차단 2588
  [홀드아웃] 배송 9.8±4.0 미활동 0.33 2홉+ 0.65 도달 718 | 최고 15.3@ep800 | 정체 15/15

조기 종료: 15회 연속 개선 없음. 최고 정책은 ep800 (홀드아웃 배송 15.3/50), /home/kopt/drone/weights/v2_26_08_25_14_c300s_vec_relay/best_actor.pth
Training finished. best=15.3 @ ep800
