episode,steps,team_reward,worker_reward,delivered,makespan,t_last_deliv,idle_drones,reloads,arrivals,blocked,hop2plus,max_reach,stall_ratio,max_stall_run,term_reason,comm_loss,env_steps,wall_sec
1,2619,505.24,-26.365,40,,1620,0,7,22,2379,0.6815,1034.4,0.205,20,no_progress,0,2619,9.7
2,3991,520.36,-72.008,44,,2992,0,8,23,4205,0.6783,948.7,0.247,71,no_progress,0,6610,50.9
3,3371,525.16,-80.941,45,,2372,0,7,43,4764,0.6527,992.3,0.3365,16,no_progress,0,9981,117.2
4,4449,422.04,-74.372,42,,3450,0,6,68,4097,0.6846,965.5,0.2085,40,no_progress,0,14430,205.3
5,3642,504.32,-51.181,44,,2643,0,7,34,3525,0.7052,1053.6,0.2148,18,no_progress,0,18072,276.8
6,4286,458.56,-76.981,42,,3287,0,7,39,4512,0.7119,1016.8,0.2394,14,no_progress,0,22358,363.8
7,2459,461.64,-5.159,38,,1460,0,6,28,1206,0.6855,906.6,0.1071,4,no_progress,0,24817,412.9
8,3904,423.84,-80.062,40,,2905,0,6,26,3519,0.7034,984.6,0.2086,15,no_progress,0,28721,491.9
9,2874,485.04,-54.525,39,,1875,0,7,24,3134,0.67,935.1,0.2493,21,no_progress,0,31595,549.2
10,2478,460.88,-22.601,38,,1479,0,6,23,1935,0.6547,953.5,0.1629,18,no_progress,0,34073,599.2
11,3305,447.8,-60.45,40,,2306,0,6,25,3480,0.6868,1032.3,0.242,55,no_progress,0,37378,666.7
12,4486,450.56,-102.481,42,,3487,0,7,25,4652,0.7065,1015.7,0.2393,25,no_progress,0,41864,755.6
13,3673,443.08,-66.388,41,,2674,0,6,33,3611,0.6855,1030.9,0.2146,28,no_progress,0,45537,829.8
14,3720,431.2,-74.239,40,,2721,0,6,27,3847,0.7044,933.2,0.2403,28,no_progress,0,49257,901.9
15,3329,466.84,-43.6,42,,2330,0,6,25,2838,0.7022,1056.1,0.1878,21,no_progress,0,52586,964.8
16,3147,434.12,-40.34,38,,2148,0,6,29,2841,0.6874,1060.6,0.2041,12,no_progress,0,55733,1028.1
17,2916,453.36,-30.117,39,,1917,0,6,31,2433,0.6796,936.3,0.1868,13,no_progress,0,58649,1086.0
18,3918,473.28,-76.024,42,,2919,0,7,33,4255,0.6861,993.5,0.2484,36,no_progress,0,62567,1165.3
19,4898,414.08,-88.963,40,,3899,0,7,25,4628,0.6934,955.4,0.2108,24,no_progress,0,67465,1264.5
20,3979,510.84,-65.204,46,,2980,0,7,29,3908,0.6931,1021.3,0.2172,26,no_progress,0,71444,1346.4
21,2788,328.48,-47.063,32,,1789,0,4,25,2571,0.6977,908.3,0.201,12,no_progress,0,74232,1402.2
22,4259,449.64,-87.892,41,,3260,0,7,27,4832,0.702,1036.4,0.256,16,no_progress,0,78491,1487.7
23,2697,392.12,-38.294,35,,1698,0,5,28,2482,0.6878,935.8,0.216,12,no_progress,0,81188,1541.9
24,3693,492.28,-51.058,43,,2694,0,7,35,3381,0.6766,944.1,0.2076,19,no_progress,0,84881,1617.2
25,3711,471.56,-61.105,41,,2712,0,7,34,3755,0.6847,922.5,0.221,18,no_progress,0,88592,1691.6
26,3885,484.6,-80.539,43,,2886,0,7,35,4581,0.6974,1041.0,0.2753,20,no_progress,0,92477,1769.8
27,4338,506.48,-106.419,44,,3339,0,8,29,5359,0.6871,993.5,0.2853,53,no_progress,0,96815,1859.5
28,5336,486.56,-125.177,46,,4337,0,8,28,6440,0.7092,1053.3,0.2751,96,no_progress,0,102151,1964.5
29,3969,531.24,-90.278,45,,2970,0,8,34,5027,0.6939,986.5,0.2839,23,no_progress,0,106120,2043.0
30,5365,475.4,-107.22,45,,4366,0,8,33,5621,0.7073,993.7,0.2332,27,no_progress,0,111485,2151.8
31,5641,454.36,-176.096,44,,4642,0,8,30,8314,0.6931,1000.1,0.3384,81,no_progress,0,117126,2266.1
32,3103,385.88,-49.406,36,,2104,0,5,22,3162,0.6765,945.5,0.2278,16,no_progress,0,120229,2328.4
33,2890,474.4,-43.693,38,,1891,0,7,25,2883,0.6834,926.7,0.2248,31,no_progress,0,123119,2385.1
34,3465,471.4,-81.725,40,,2466,0,7,18,4609,0.6944,1004.8,0.3028,31,no_progress,0,126584,2455.9
35,3549,498.04,-54.182,43,,2550,0,7,25,3303,0.691,972.8,0.219,19,no_progress,0,130133,2524.6
36,3263,489.48,-69.377,41,,2264,0,7,20,3628,0.7039,1018.2,0.2584,31,no_progress,0,133396,2589.3
37,3584,456.64,-62.084,42,,2585,0,6,20,3340,0.7005,977.6,0.2093,16,no_progress,0,136980,2658.4
38,4289,408.44,-71.298,40,,3290,0,6,19,3672,0.6981,1034.9,0.1858,46,no_progress,0,141269,2740.4
39,4754,459.84,-120.341,44,,3755,0,7,26,6390,0.6619,1050.9,0.2991,47,no_progress,0,146023,2833.8
40,4148,524.08,-104.896,45,,3149,0,8,49,5742,0.6969,1003.5,0.3291,62,no_progress,0,150171,2916.7
41,3038,518.48,-37.741,43,,2039,0,7,25,2700,0.6619,1058.1,0.197,18,no_progress,0,153209,2978.7
42,2911,483.56,-60.56,39,,1912,0,7,22,3509,0.6902,973.3,0.2762,26,no_progress,0,156120,3033.1
43,4518,439.28,-142.996,41,,3519,0,7,23,6467,0.693,1031.6,0.3293,81,no_progress,0,160638,3122.0
44,4928,452.88,-128.496,44,,3929,0,7,23,6179,0.7013,1017.8,0.2813,30,no_progress,0,165566,3217.8
45,2349,346.04,-53.358,32,,1350,0,4,14,2388,0.7196,1047.5,0.2418,19,no_progress,0,167915,3264.9
46,3163,433.48,-64.632,38,,2164,0,6,20,3575,0.7033,951.4,0.255,60,no_progress,0,171078,3331.7
47,5639,444.44,-125.32,46,,4640,0,7,26,6683,0.7203,1054.3,0.2659,16,no_progress,0,176717,3447.3
48,4046,348.16,-80.131,36,,3047,0,5,20,4254,0.7231,953.4,0.2306,16,no_progress,0,180763,3528.3
49,3831,496.76,-81.659,44,,2832,0,7,30,4038,0.6725,968.3,0.2419,57,no_progress,0,184594,3603.4
50,4490,430.4,-88.302,40,,3491,0,7,26,4574,0.7063,996.8,0.2248,31,no_progress,0,189084,3691.7
51,3394,404.24,-44.337,36,,2395,0,6,31,2698,0.6485,882.5,0.1741,28,no_progress,0,192478,3803.6
52,3230,510.8,-73.716,43,,2231,0,7,18,3993,0.6893,1008.9,0.2902,33,no_progress,0,195708,3870.0
53,3454,481.84,-83.4,41,,2455,0,7,26,4295,0.6804,975.5,0.2945,21,no_progress,0,199162,3936.2
54,5099,406.04,-150.612,40,,4100,0,7,21,7190,0.699,1020.7,0.3139,37,no_progress,0,204261,4036.9
55,2944,442.24,-30.286,38,,1945,0,6,20,2264,0.6706,902.3,0.1655,13,no_progress,0,207205,4092.7
56,2739,450.44,-38.871,38,,1906,0,6,20,2743,0.6678,970.0,0.2332,100,deadlock,0,209944,4145.9
57,3489,500.44,-51.066,43,,2490,0,7,35,3631,0.6887,985.9,0.2337,30,no_progress,0,213433,4213.4
58,3375,475.0,-65.767,40,,2376,0,7,25,3459,0.6776,1029.3,0.2322,11,no_progress,0,216808,4277.7
59,4215,431.4,-57.744,42,,3216,0,6,18,3440,0.7084,952.2,0.1781,21,no_progress,0,221023,4357.7
60,3297,438.12,-81.713,39,,2298,0,6,16,3892,0.6922,969.9,0.2796,39,no_progress,0,224320,4421.0
61,3817,427.32,-89.571,40,,2818,0,6,24,4671,0.6868,993.5,0.2744,25,no_progress,0,228137,4496.7
62,2237,340.52,-8.077,31,,1238,0,4,20,1151,0.6872,947.7,0.1029,12,no_progress,0,230374,4541.5
63,3335,456.6,-74.658,41,,2336,0,6,26,3982,0.691,973.5,0.2789,45,no_progress,0,233709,4606.7
64,3087,496.52,-57.919,41,,2088,0,7,20,3480,0.6915,1053.9,0.2607,39,no_progress,0,236796,4669.3
65,4038,478.48,-54.249,43,,3039,0,7,27,3544,0.6667,984.2,0.1936,19,no_progress,0,240834,4750.6
66,2635,384.6,-34.304,34,,1636,0,5,29,2161,0.7038,944.3,0.1855,17,no_progress,0,243469,4801.1
67,5280,418.8,-144.567,42,,4281,0,7,33,7149,0.7064,983.5,0.3114,41,no_progress,0,248749,4903.8
68,4110,435.6,-99.729,42,,3111,0,6,35,4999,0.6914,1073.5,0.2775,16,no_progress,0,252859,4984.8
69,2624,435.04,-38.598,36,,1625,0,6,24,2102,0.6657,967.4,0.1737,15,no_progress,0,255483,5036.3
70,3175,383.0,-57.322,36,,2176,0,5,21,2943,0.699,1010.2,0.2018,17,no_progress,0,258658,5093.0
71,4042,478.32,-64.708,43,,3043,0,7,28,4216,0.6818,1052.0,0.222,17,no_progress,0,262700,5174.9
72,4076,456.96,-70.133,41,,3077,0,7,19,3968,0.6942,1073.5,0.2199,19,no_progress,0,266776,5261.2
73,3206,431.76,-46.152,38,,2207,0,6,24,2552,0.6801,964.6,0.1797,15,no_progress,0,269982,5324.1
74,3680,452.8,-56.375,42,,2681,0,6,22,3050,0.6965,1070.4,0.1803,21,no_progress,0,273662,5395.7
75,3758,519.68,-61.685,43,,2759,0,8,21,3633,0.6873,982.6,0.2183,32,no_progress,0,277420,5469.3
76,3162,433.52,-47.09,38,,2163,0,6,12,2573,0.669,935.1,0.1774,31,no_progress,0,280582,5531.4
77,2365,355.4,-29.289,33,,1366,0,4,13,1897,0.7122,951.5,0.1763,20,no_progress,0,282947,5577.4
78,3629,454.84,-68.345,39,,2630,0,7,14,3687,0.6985,971.1,0.2197,23,no_progress,0,286576,5648.8
79,3783,478.68,-89.613,42,,2784,0,7,30,4546,0.6859,987.0,0.2744,35,no_progress,0,290359,5721.6
80,2905,443.8,-17.346,38,,1906,0,6,20,1902,0.6614,991.3,0.1411,12,no_progress,0,293264,5780.5
81,2693,382.28,-34.178,34,,1694,0,5,16,2131,0.7026,1004.0,0.1815,10,no_progress,0,295957,5832.7
82,3613,505.48,-60.957,44,,2614,0,7,28,3450,0.6919,995.5,0.2084,18,no_progress,0,299570,5905.9
83,3123,455.08,-35.432,40,,2124,0,6,30,2251,0.6968,976.9,0.1686,20,no_progress,0,302693,5968.9
84,4358,465.68,-49.878,43,,3359,0,7,26,3540,0.6794,953.4,0.1698,14,no_progress,0,307051,6054.3
85,4430,402.8,-86.99,40,,3431,0,6,26,4363,0.6796,970.6,0.2181,20,no_progress,0,311481,6135.9
86,5395,434.2,-134.924,44,,4396,0,7,38,6615,0.7126,1041.9,0.2817,37,no_progress,0,316876,6242.8
87,3014,479.44,-32.949,42,,2015,0,6,28,2557,0.6834,971.5,0.194,12,no_progress,0,319890,6302.4
88,3135,454.6,-43.544,40,,2136,0,6,23,2621,0.6874,958.8,0.1893,16,no_progress,0,323025,6365.4
89,4057,507.72,-82.373,43,,3058,0,8,22,4292,0.6685,898.6,0.243,18,no_progress,0,327082,6447.7
90,3542,478.32,-61.286,41,,2543,0,7,25,3634,0.7062,1042.6,0.237,17,no_progress,0,330624,6517.6
91,4230,460.8,-107.237,42,,3231,0,7,25,5394,0.7078,1000.2,0.2853,24,no_progress,0,334854,6600.6
92,3830,446.8,-49.496,39,,2831,0,7,20,3143,0.6858,1018.0,0.1824,30,no_progress,0,338684,6676.4
93,3985,430.6,-67.478,41,,2986,0,6,28,4368,0.7012,1035.8,0.246,21,no_progress,0,342669,6754.6
94,3526,418.96,-56.995,38,,2527,0,6,25,3626,0.697,997.3,0.2336,52,no_progress,0,346195,6823.1
95,3646,434.16,-18.545,40,,2647,0,6,54,2427,0.6567,957.1,0.1478,14,no_progress,0,349841,6894.8
96,6014,429.44,-173.831,43,,5015,0,8,53,8045,0.6766,1017.1,0.3069,58,no_progress,0,355855,7012.5
97,5599,426.04,-96.366,44,,4600,0,7,42,5471,0.6991,982.1,0.2265,33,no_progress,0,361454,7120.1
98,2692,502.32,-31.401,40,,1693,0,7,32,2633,0.6647,1061.7,0.2261,30,no_progress,0,364146,7169.2
99,3774,469.04,-85.364,41,,2775,0,7,19,4315,0.6789,1040.6,0.2581,21,no_progress,0,367920,7243.7
100,3477,530.92,-67.689,43,,2478,0,8,30,3836,0.6793,1003.1,0.2494,40,no_progress,0,371397,7314.3
101,6128,464.88,-148.996,47,,5129,0,8,30,7197,0.7139,1038.1,0.2713,26,no_progress,0,377525,7469.1
102,3863,485.48,-49.22,43,,3494,0,7,31,3407,0.6629,965.5,0.1956,100,deadlock,0,381388,7547.2
103,4164,453.44,-75.936,41,,3165,0,7,27,4565,0.6946,1014.6,0.2473,19,no_progress,0,385552,7631.1
104,2848,336.08,-40.569,33,,1849,0,4,19,2415,0.7051,913.6,0.187,71,no_progress,0,388400,7688.4
105,3205,491.8,-64.411,41,,2206,0,7,23,3346,0.6863,1022.1,0.2364,18,no_progress,0,391605,7752.1
106,3429,462.84,-29.302,42,,2430,0,6,22,2663,0.6917,1044.8,0.1778,20,no_progress,0,395034,7819.6
107,5188,382.48,-111.687,41,,4189,0,6,23,4948,0.7013,970.7,0.2097,20,no_progress,0,400222,7921.2
108,4289,398.44,-85.959,39,,3290,0,6,25,4112,0.7054,948.1,0.2201,30,no_progress,0,404511,8006.1
109,4220,451.2,-74.09,41,,3221,0,7,24,4229,0.6797,985.5,0.226,19,no_progress,0,408731,8089.5
110,3520,399.2,-89.335,36,,2521,0,6,18,4409,0.684,1020.5,0.29,56,no_progress,0,412251,8162.5
111,4205,421.8,-68.375,41,,3206,0,6,26,4132,0.6946,967.8,0.2154,10,no_progress,0,416456,8242.4
112,3087,496.52,-46.063,44,,2088,0,6,22,2896,0.6906,1036.4,0.2191,10,no_progress,0,419543,8302.7
113,3859,535.64,-73.693,45,,2860,0,8,32,4317,0.6818,989.5,0.2551,30,no_progress,0,423402,8380.9
114,3620,485.2,-75.32,42,,2621,0,7,29,3844,0.6795,1073.5,0.2386,20,no_progress,0,427022,8453.3
115,3369,515.24,-52.078,41,,2370,0,8,35,3442,0.6733,929.6,0.2213,32,no_progress,0,430391,8521.6
116,3356,445.76,-57.728,40,,2357,0,6,22,3002,0.6946,993.4,0.2056,18,no_progress,0,433747,8585.9
117,3522,479.12,-43.619,41,,2523,0,7,34,3071,0.6826,894.3,0.1915,10,no_progress,0,437269,8658.9
118,4778,448.88,-95.759,43,,3779,0,7,24,4718,0.7076,972.2,0.2208,32,no_progress,0,442047,8753.3
119,3199,462.04,-43.85,41,,2200,0,6,25,3228,0.6987,895.0,0.2285,15,no_progress,0,445246,8816.4
120,4640,434.4,-112.999,44,,3641,0,6,35,6040,0.7126,965.4,0.293,33,no_progress,0,449886,8909.1
121,3100,516.0,-53.835,40,,2101,0,8,20,3089,0.6519,969.2,0.2224,44,no_progress,0,452986,8970.3
122,4518,429.28,-72.848,40,,3519,0,7,20,4357,0.7088,1015.6,0.2093,24,no_progress,0,457504,9056.5
123,3453,471.88,-54.275,40,,2454,0,7,18,3023,0.6897,961.6,0.1949,16,no_progress,0,460957,9122.9
124,3596,476.16,-75.05,44,,2597,0,6,26,4508,0.6897,1042.5,0.2906,19,no_progress,0,464553,9194.6
125,3121,445.16,-48.195,39,,2122,0,6,26,3146,0.7027,966.6,0.233,17,no_progress,0,467674,9253.3
126,3666,403.36,-47.606,37,,2667,0,6,16,3391,0.7101,1004.7,0.2003,10,no_progress,0,471340,9327.3
127,3230,430.8,-45.509,38,,2231,0,6,23,2887,0.6766,950.4,0.1975,10,no_progress,0,474570,9391.7
128,3314,487.44,-34.613,41,,2315,0,7,20,2396,0.6635,986.0,0.1587,21,no_progress,0,477884,9459.3
129,4426,472.96,-107.157,44,,3427,0,7,22,5576,0.7017,963.8,0.2968,35,no_progress,0,482310,9545.9
130,3961,411.56,-93.857,39,,2962,0,6,22,4449,0.7059,1044.2,0.257,37,no_progress,0,486271,9624.6
131,2123,345.08,15.994,31,,1124,0,4,41,674,0.6526,922.4,0.0651,5,no_progress,0,488394,9667.0
132,4585,416.6,-94.449,42,,3586,0,6,25,5038,0.7077,1009.5,0.2403,15,no_progress,0,492979,9760.4
133,2747,480.12,-40.182,41,,1748,0,6,22,2351,0.6912,994.2,0.1984,16,no_progress,0,495726,9814.3
134,2377,414.92,-28.197,36,,1378,0,5,15,1522,0.6892,977.6,0.144,6,no_progress,0,498103,9861.5
135,3245,430.2,-48.973,38,,2246,0,6,21,2978,0.6964,1011.1,0.1982,12,no_progress,0,501348,9924.0
136,5678,452.88,-124.086,44,,4679,0,8,21,5694,0.6952,1018.8,0.2209,19,no_progress,0,507026,10035.0
137,3758,429.68,-61.889,40,,2759,0,6,18,3424,0.6966,949.7,0.2048,31,no_progress,0,510784,10110.5
138,3598,456.08,-50.017,42,,2599,0,6,36,3148,0.6652,972.1,0.1943,23,no_progress,0,514382,10182.7
139,3001,479.96,-36.755,39,,2002,0,7,21,2338,0.6863,924.7,0.1701,10,no_progress,0,517383,10242.7
140,2904,453.84,-36.571,39,,1905,0,6,20,2706,0.6606,1035.4,0.209,25,no_progress,0,520287,10300.5
141,3780,448.8,-64.812,42,,2781,0,6,21,3701,0.6921,1073.5,0.2185,50,no_progress,0,524067,10377.8
142,3904,503.84,-40.835,45,,2905,0,7,19,3115,0.6451,952.9,0.1779,11,no_progress,0,527971,10456.5
143,3654,363.84,-66.403,36,,2655,0,5,15,3995,0.7072,992.2,0.2487,22,no_progress,0,531625,10532.6
144,5065,487.4,-83.193,45,,4066,0,8,18,4912,0.7048,992.3,0.2182,40,no_progress,0,536690,10636.4
145,2933,472.68,-46.467,41,,1934,0,6,29,2787,0.7029,965.1,0.2151,23,no_progress,0,539623,10693.5
146,3925,423.0,-97.549,40,,2926,0,6,24,4433,0.6921,1052.8,0.2561,25,no_progress,0,543548,10770.0
147,3998,440.08,-70.682,39,,2999,0,7,37,4000,0.6937,942.4,0.226,29,no_progress,0,547546,10848.3
148,4102,385.92,-65.803,40,,3103,0,5,29,3496,0.6859,981.6,0.1929,14,no_progress,0,551648,10929.2
149,2995,360.2,-49.066,33,,1996,0,5,21,3042,0.7043,928.9,0.2293,18,no_progress,0,554643,10988.3
150,6173,413.08,-109.202,45,,5174,0,7,30,5997,0.7138,1073.5,0.2218,20,no_progress,0,560816,11107.5
151,3843,446.28,-50.594,39,,2844,0,7,23,3431,0.6514,935.4,0.1979,14,no_progress,0,564659,11223.2
152,4136,464.56,-109.973,42,,3137,0,7,21,5542,0.7146,1045.8,0.3111,41,no_progress,0,568795,11305.7
153,4087,416.52,-58.294,40,,3088,0,6,25,3496,0.7006,917.5,0.1973,19,no_progress,0,572882,11382.5
154,3182,542.72,-63.005,43,,2831,0,8,23,3615,0.6725,1015.5,0.2631,100,deadlock,0,576064,11446.8
155,4396,464.16,-94.911,43,,3397,0,7,26,5629,0.6919,1073.5,0.2877,37,no_progress,0,580460,11531.5
156,3530,468.8,-41.594,43,,2531,0,6,25,2713,0.7042,971.1,0.1761,10,no_progress,0,583990,11600.7
157,3080,466.8,-51.654,41,,2081,0,6,25,2671,0.6963,1060.7,0.2054,21,no_progress,0,587070,11661.4
158,3416,443.36,-62.211,37,,2417,0,7,21,3578,0.665,990.1,0.2284,86,no_progress,0,590486,11732.0
159,2936,492.56,-29.363,40,,1937,0,7,22,2705,0.6871,898.4,0.2054,16,no_progress,0,593422,11790.6
160,2606,395.76,-37.9,35,,1607,0,5,21,2155,0.6554,927.6,0.1822,35,no_progress,0,596028,11842.6
161,3461,431.56,-65.46,39,,2462,0,6,26,3723,0.6827,930.4,0.2253,11,no_progress,0,599489,11911.4
162,5259,479.64,-116.087,45,,4989,0,8,25,5520,0.6933,977.5,0.232,100,deadlock,0,604748,12016.6
163,3400,484.0,-63.98,41,,2401,0,7,27,3703,0.6869,964.3,0.2431,31,no_progress,0,608148,12084.9
164,3274,419.04,-43.7,40,,2275,0,5,21,2537,0.6783,978.1,0.1674,14,no_progress,0,611422,12151.5
165,4420,363.2,-52.38,39,,3421,0,5,39,3215,0.7022,943.9,0.1546,26,no_progress,0,615842,12237.2
166,3635,484.6,-44.761,42,,2636,0,7,25,2567,0.6687,939.2,0.1604,14,no_progress,0,619477,12307.3
167,3366,455.36,-64.008,41,,2367,0,6,22,4030,0.7023,991.2,0.2733,16,no_progress,0,622843,12369.7
168,4888,414.48,-78.993,43,,3889,0,6,35,4160,0.7018,980.7,0.1911,15,no_progress,0,627731,12464.1
169,3946,422.16,-93.071,40,,2947,0,6,25,4309,0.6958,1020.3,0.2499,25,no_progress,0,631677,12541.9
170,4018,469.28,-73.046,42,,3019,0,7,27,3907,0.6816,1003.4,0.2217,49,no_progress,0,635695,12622.7
171,4833,406.68,-101.119,42,,3834,0,6,24,5314,0.6966,1023.9,0.2533,41,no_progress,0,640528,12718.4
172,2900,414.0,-35.861,35,,1901,0,6,16,2506,0.6765,916.0,0.1885,28,no_progress,0,643428,12773.9
173,3443,402.28,-53.858,36,,2444,0,6,18,2877,0.6767,920.8,0.1785,17,no_progress,0,646871,12842.9
174,1609,215.64,-22.912,25,,610,0,1,10,1192,0.7029,716.8,0.203,23,no_progress,0,648480,12877.9
175,3040,448.4,-27.607,39,,2041,0,6,20,2298,0.6779,978.4,0.1591,10,no_progress,0,651520,12937.3
176,3391,484.36,-54.77,41,,2392,0,7,18,2974,0.6941,1038.2,0.1934,17,no_progress,0,654911,13005.2
177,3295,508.2,-29.267,43,,2296,0,7,26,2327,0.6932,910.6,0.1552,10,no_progress,0,658206,13069.2
178,4826,406.96,-103.765,42,,3827,0,6,17,5293,0.6986,1035.4,0.2458,47,no_progress,0,663032,13167.4
179,4248,440.08,-114.291,40,,3249,0,7,23,5685,0.692,1038.7,0.3076,63,no_progress,0,667280,13250.5
180,4141,414.36,-59.088,40,,3142,0,6,23,3838,0.7044,939.7,0.2122,16,no_progress,0,671421,13332.7
181,3468,441.28,-62.818,40,,2469,0,6,24,3657,0.704,1026.8,0.2325,21,no_progress,0,674889,13400.8
182,1557,137.72,-21.663,20,,558,0,0,14,929,0.6533,745.0,0.1537,15,no_progress,0,676446,13432.3
183,3955,421.8,-62.053,40,,2956,0,6,19,3106,0.6921,1024.3,0.1758,10,no_progress,0,680401,13511.1
184,3490,420.4,-30.522,38,,2491,0,6,26,2386,0.6812,902.7,0.1518,13,no_progress,0,683891,13580.4
185,3271,439.16,-39.123,39,,2272,0,6,29,3174,0.6938,1008.6,0.2217,14,no_progress,0,687162,13644.9
186,3543,438.28,-59.13,40,,2544,0,6,21,3047,0.7192,1022.9,0.1976,18,no_progress,0,690705,13714.6
187,3880,394.8,-32.728,40,,2881,0,5,37,2480,0.6861,969.1,0.1325,7,no_progress,0,694585,13789.8
188,4481,410.76,-102.859,41,,3482,0,6,29,5164,0.6992,991.0,0.2675,36,no_progress,0,699066,13874.9
189,4082,526.72,-104.574,45,,3083,0,8,27,5440,0.7064,1014.8,0.3093,73,no_progress,0,703148,13957.0
190,3061,447.56,-41.685,39,,2062,0,6,21,2735,0.7014,1000.1,0.1986,11,no_progress,0,706209,14017.7
191,4498,450.08,-64.391,42,,3499,0,7,19,3857,0.7039,1030.7,0.183,38,no_progress,0,710707,14106.7
192,2983,410.68,-24.679,38,,1984,0,5,25,2114,0.6989,962.9,0.1558,7,no_progress,0,713690,14166.3
193,4275,429.0,-110.768,39,,3276,0,7,18,5313,0.7056,1008.5,0.2789,28,no_progress,0,717965,14252.5
194,7708,381.68,-172.553,45,,6709,0,8,26,9092,0.688,1014.5,0.2644,22,no_progress,0,725673,14400.8
195,3305,387.8,-21.655,37,,2306,0,5,15,2349,0.6741,970.3,0.1516,9,no_progress,0,728978,14468.1
196,2742,440.32,-32.16,37,,1743,0,6,20,2077,0.7074,981.8,0.1707,10,no_progress,0,731720,14525.7
197,5374,445.04,-120.001,45,,4375,0,7,20,6025,0.6964,994.4,0.2592,65,no_progress,0,737094,14631.8
198,3852,395.92,-105.826,40,,2853,0,5,18,5053,0.7156,943.5,0.3099,27,no_progress,0,740946,14706.3
199,2532,378.72,-36.428,33,,1533,0,5,14,2258,0.7071,906.9,0.2059,15,no_progress,0,743478,14757.3
200,4050,458.0,-88.149,41,,3051,0,7,27,5359,0.7068,1031.3,0.3011,27,no_progress,0,747528,14837.8
201,2414,453.44,-18.026,37,,1415,0,6,19,1579,0.6783,994.5,0.1487,14,no_progress,0,749942,14926.7
202,2830,456.8,-39.787,39,,1831,0,6,20,2487,0.7033,921.6,0.2015,13,no_progress,0,752772,14983.9
203,2684,492.64,-45.035,39,,1685,0,7,20,2976,0.6851,942.3,0.2517,18,no_progress,0,755456,15037.5
204,5420,363.2,-128.53,40,,4462,0,6,19,6775,0.7165,1072.7,0.2944,100,deadlock,0,760876,15145.4
205,4421,423.16,-76.345,42,,3422,0,6,21,3880,0.6858,1073.5,0.1968,14,no_progress,0,765297,15232.4
206,4129,454.84,-70.878,41,,3130,0,7,22,3952,0.6932,951.3,0.2118,12,no_progress,0,769426,15313.9
207,3317,387.32,-52.15,37,,2318,0,5,13,2905,0.6873,971.6,0.1901,19,no_progress,0,772743,15381.5
208,4828,496.88,-135.011,45,,3829,0,8,28,6793,0.6775,1070.7,0.3252,93,no_progress,0,777571,15475.0
209,3530,508.8,-46.707,44,,2531,0,7,50,3284,0.6827,997.7,0.2167,41,no_progress,0,781101,15543.8
210,4579,406.84,-76.083,41,,3580,0,6,56,4260,0.6932,992.6,0.2077,38,no_progress,0,785680,15633.5
211,5504,449.84,-150.018,43,,4505,0,8,18,7003,0.6794,1073.5,0.2902,45,no_progress,0,791184,15723.2
212,2472,401.12,-59.841,35,,1473,0,5,18,3338,0.6903,873.9,0.3157,34,no_progress,0,793656,15762.2
213,2583,456.68,-5.067,38,,1584,0,6,22,1664,0.6813,973.9,0.1431,10,no_progress,0,796239,15802.2
214,4135,464.6,-75.497,42,,3136,0,7,26,4331,0.6914,1030.9,0.2378,93,no_progress,0,800374,15868.1
215,3654,483.84,-57.695,42,,2655,0,7,23,3385,0.6918,1070.3,0.2101,13,no_progress,0,804028,15925.6
216,3801,477.96,-63.059,42,,2802,0,7,19,3565,0.7032,983.4,0.2069,33,no_progress,0,807829,15984.2
217,4731,440.76,-70.511,42,,3732,0,7,18,4337,0.7076,1068.8,0.2052,29,no_progress,0,812560,16058.2
218,3207,501.72,-33.426,42,,2208,0,7,23,2907,0.6898,1066.3,0.2094,23,no_progress,0,815767,16108.0
219,2865,505.4,-45.083,41,,1866,0,7,17,3111,0.6817,993.3,0.2476,25,no_progress,0,818632,16153.0
220,2400,414.0,-49.952,36,,1401,0,5,11,2562,0.659,1014.0,0.246,21,no_progress,0,821032,16191.2
221,4268,379.28,-51.927,40,,3269,0,5,28,3105,0.6763,1047.9,0.1666,14,no_progress,0,825300,16257.6
222,2939,502.44,-41.299,41,,1940,0,7,19,2536,0.6765,950.8,0.2002,7,no_progress,0,828239,16303.3
223,4863,315.48,-98.681,36,,3864,0,5,20,4549,0.7032,1025.5,0.207,22,no_progress,0,833102,16363.6
224,3527,438.92,-89.688,40,,2528,0,6,12,4587,0.6907,998.4,0.3118,74,no_progress,0,836629,16407.5
225,2691,462.36,-28.436,39,,1692,0,6,21,2424,0.6995,973.6,0.206,16,no_progress,0,839320,16440.1
226,4513,449.48,-69.999,42,,3514,0,7,22,4275,0.6898,893.8,0.2099,38,no_progress,0,843833,16494.6
227,3110,525.6,-53.678,44,,2111,0,7,25,2867,0.6789,1008.6,0.222,45,no_progress,0,846943,16531.3
228,5337,466.52,-107.873,44,,4338,0,8,26,6040,0.6942,1017.5,0.2502,34,no_progress,0,852280,16594.8
229,4649,454.04,-129.479,43,,3650,0,7,22,6033,0.7118,964.6,0.3019,51,no_progress,0,856929,16651.4
230,3255,439.8,-21.038,39,,2256,0,6,21,1822,0.6866,883.1,0.1241,11,no_progress,0,860184,16690.5
231,4055,467.8,-62.204,42,,3056,0,7,24,3916,0.71,997.1,0.2203,21,no_progress,0,864239,16739.2
232,3353,405.88,-70.607,36,,2354,0,6,20,3926,0.703,987.1,0.2734,21,no_progress,0,867592,16781.6
233,3200,412.0,-38.968,39,,2201,0,5,18,2258,0.6688,1016.6,0.1524,13,no_progress,0,870792,16819.5
234,5414,463.44,-149.595,44,,4415,0,8,26,7005,0.6946,1070.7,0.2959,47,no_progress,0,876206,16885.5
235,3027,518.92,-47.404,43,,2028,0,7,23,2997,0.6792,1032.1,0.2284,19,no_progress,0,879233,16924.8
236,2901,443.96,-41.757,38,,1902,0,6,17,2395,0.6857,948.3,0.1928,16,no_progress,0,882134,16959.9
237,2544,458.24,-20.424,38,,1545,0,6,41,2266,0.6922,1014.5,0.2044,36,no_progress,0,884678,16990.5
238,4223,441.08,-79.166,40,,3224,0,7,17,3747,0.6891,1023.3,0.2003,14,no_progress,0,888901,17041.7
239,4600,496.0,-36.284,44,,3601,0,8,136,4116,0.6713,975.7,0.203,38,no_progress,0,893501,17097.4
240,5325,447.0,-87.75,45,,4326,0,7,36,5036,0.7123,984.6,0.2151,66,no_progress,0,898826,17163.2
241,3543,398.28,-72.898,36,,2544,0,6,21,3740,0.6952,1031.4,0.2334,18,no_progress,0,902369,17208.0
242,3685,362.6,-44.489,36,,2686,0,5,20,2605,0.7039,940.8,0.1607,10,no_progress,0,906054,17254.0
243,4360,415.6,-72.688,38,,3361,0,7,19,3542,0.6959,936.6,0.1765,26,no_progress,0,910414,17306.0
244,5343,376.28,-117.675,41,,4344,0,6,18,5475,0.7041,1036.0,0.224,28,no_progress,0,915757,17370.5
245,5704,411.84,-145.626,43,,4705,0,7,25,6592,0.7221,1041.7,0.2569,37,no_progress,0,921461,17441.8
246,2339,466.44,-28.009,41,,1340,0,5,31,2002,0.6857,983.7,0.2044,21,no_progress,0,923800,17470.0
247,2809,477.64,-61.58,41,,1810,0,6,23,2854,0.6901,894.8,0.243,16,no_progress,0,926609,17503.8
248,3178,452.88,-63.292,40,,2179,0,6,21,3724,0.7076,1034.7,0.2711,47,no_progress,0,929787,17542.5
249,4017,409.32,-78.427,39,,3018,0,6,20,3721,0.6969,956.2,0.2067,37,no_progress,0,933804,17590.8
250,2543,498.28,-31.828,39,,1544,0,7,24,2159,0.6741,921.6,0.1925,16,no_progress,0,936347,17623.1
251,4290,458.4,-80.846,42,,3291,0,7,27,4012,0.7058,1027.6,0.2125,18,no_progress,0,940637,17696.8
252,4861,475.56,-151.899,43,,3929,0,8,25,6926,0.7082,1056.4,0.3321,100,deadlock,0,945498,17755.5
253,4396,424.16,-75.794,42,,3397,0,6,17,3786,0.7071,964.3,0.188,8,no_progress,0,949894,17809.4
254,5378,464.88,-196.417,44,,4379,0,8,20,8791,0.6969,1026.3,0.381,68,no_progress,0,955272,17875.7
255,3172,393.12,-59.394,37,,2173,0,5,17,2962,0.7044,916.9,0.2175,14,no_progress,0,958444,17915.8
256,2265,409.4,-42.218,35,,1266,0,5,13,2403,0.6934,910.5,0.2436,7,no_progress,0,960709,17944.4
257,4252,439.92,-50.367,43,,3253,0,6,26,3388,0.7017,1067.6,0.1691,11,no_progress,0,964961,17997.5
258,3534,468.64,-66.308,40,,2535,0,7,37,3847,0.6922,1052.7,0.2487,19,no_progress,0,968495,18040.5
259,4297,438.12,-71.719,40,,3298,0,7,17,3847,0.7069,993.9,0.2,18,no_progress,0,972792,18092.9
260,3870,365.2,-74.402,37,,2871,0,5,20,4054,0.6862,947.0,0.2366,14,no_progress,0,976662,18142.2
261,4190,402.4,-69.366,39,,3191,0,6,23,3958,0.7137,967.3,0.2055,17,no_progress,0,980852,18194.2
262,3496,470.16,-100.864,40,,2497,0,7,19,4956,0.681,1032.7,0.3204,46,no_progress,0,984348,18237.2
263,3332,506.72,-49.471,43,,2333,0,7,26,2990,0.6821,1007.7,0.2099,11,no_progress,0,987680,18279.3
264,3586,416.56,-52.664,41,,2587,0,5,29,3009,0.6894,1073.5,0.19,20,no_progress,0,991266,18320.4
265,4661,393.56,-102.117,40,,3662,0,6,40,5397,0.7073,965.5,0.2607,25,no_progress,0,995927,18379.6
266,4512,509.52,-77.757,45,,3513,0,8,23,4546,0.6764,1069.6,0.2231,22,no_progress,0,1000439,18436.6
267,3864,365.44,-53.057,37,,2865,0,5,26,2848,0.6974,970.8,0.1685,10,no_progress,0,1004303,18484.7
268,3604,425.84,-67.205,39,,2605,0,6,29,3864,0.6817,950.2,0.2386,18,no_progress,0,1007907,18530.0
269,5226,380.96,-33.019,41,,4227,0,6,94,3600,0.6782,980.0,0.1593,9,no_progress,0,1013133,18594.0
270,3340,416.4,-39.378,40,,2341,0,5,28,2350,0.6857,881.2,0.1595,13,no_progress,0,1016473,18633.5
271,5733,430.68,-156.286,42,,4734,0,8,23,6882,0.7042,1011.6,0.269,56,no_progress,0,1022206,18704.0
272,3838,456.48,-63.993,43,,2839,0,6,17,3302,0.6898,1023.0,0.1945,13,no_progress,0,1026044,18756.5
273,3983,430.68,-56.405,41,,2984,0,6,28,3817,0.6939,964.1,0.2168,20,no_progress,0,1030027,18805.4
274,4238,400.48,-108.735,39,,3239,0,6,19,4864,0.6545,970.5,0.2622,51,no_progress,0,1034265,18856.6
275,3980,370.8,-33.308,38,,2981,0,5,23,2509,0.7077,898.1,0.1423,11,no_progress,0,1038245,18903.6
276,2921,413.16,-58.246,38,,1922,0,5,15,3001,0.6958,1015.9,0.2246,9,no_progress,0,1041166,18940.5
277,3055,527.8,-36.509,41,,2056,0,8,27,2759,0.6559,946.2,0.1945,16,no_progress,0,1044221,18974.0
278,5204,381.84,-85.871,41,,4205,0,6,19,4565,0.7103,941.3,0.1928,18,no_progress,0,1049425,19039.0
279,2844,286.24,241.592,31,,1845,0,3,1064,1589,0.4525,887.2,0.1272,11,no_progress,0,1052269,19072.5
280,2882,514.72,-31.725,42,,1883,0,7,25,2700,0.6832,1018.3,0.213,12,no_progress,0,1055151,19107.4
281,3674,423.04,-51.613,39,,2675,0,6,18,3251,0.6907,926.4,0.2003,19,no_progress,0,1058825,19152.1
282,2946,452.16,-47.053,39,,1947,0,6,21,3182,0.6937,924.6,0.247,45,no_progress,0,1061771,19187.9
283,3015,459.4,-44.19,40,,2016,0,6,27,2780,0.6978,1055.3,0.214,19,no_progress,0,1064786,19223.5
284,3704,411.84,-71.903,38,,2705,0,6,18,3738,0.6797,957.6,0.2204,18,no_progress,0,1068490,19267.4
285,3336,456.56,-38.592,38,,2337,0,7,21,2683,0.6239,923.4,0.1747,13,no_progress,0,1071826,19307.8
286,2473,391.08,-40.362,34,,1474,0,5,13,2592,0.7086,968.5,0.2369,18,no_progress,0,1074299,19337.8
287,5312,447.52,-73.228,45,,4313,0,7,127,5403,0.6908,1023.0,0.2338,21,no_progress,0,1079611,19402.7
288,3909,433.64,-40.028,41,,2910,0,6,25,3012,0.6983,1034.8,0.1728,17,no_progress,0,1083520,19451.6
289,3056,427.76,-39.939,37,,2057,0,6,17,2494,0.6959,979.0,0.1874,12,no_progress,0,1086576,19488.6
290,4393,414.28,-84.872,41,,3394,0,6,25,3773,0.7161,956.2,0.1892,18,no_progress,0,1090969,19541.9
291,4672,413.12,-46.248,42,,3673,0,6,21,3565,0.6793,978.6,0.1638,33,no_progress,0,1095641,19598.3
292,4387,444.52,-75.07,41,,3388,0,7,21,4467,0.6957,945.7,0.226,16,no_progress,0,1100028,19650.1
293,3820,467.2,-71.526,41,,3291,0,7,21,4104,0.6779,1002.8,0.2459,100,deadlock,0,1103848,19697.4
294,3897,424.12,-51.88,40,,2898,0,6,22,2883,0.6919,1004.8,0.1638,9,no_progress,0,1107745,19744.8
295,3499,410.04,-62.893,40,,2500,0,5,24,3262,0.6915,960.5,0.2132,10,no_progress,0,1111244,19788.6
296,5507,389.72,-121.659,43,,4508,0,6,23,6461,0.7003,1024.8,0.258,41,no_progress,0,1116751,19856.2
297,4061,367.56,-59.301,38,,3062,0,5,20,3067,0.7156,952.9,0.1594,18,no_progress,0,1120812,19910.1
298,4537,448.52,-90.904,42,,3538,0,7,22,4872,0.6929,1001.6,0.2419,37,no_progress,0,1125349,19968.1
299,2573,437.08,-17.899,39,,1574,0,5,12,1543,0.6619,954.0,0.1317,14,no_progress,0,1127922,20000.1
300,5084,376.64,-102.228,40,,4085,0,6,23,4879,0.7108,964.1,0.2195,25,no_progress,0,1133006,20060.7
301,1085,346.6,1.753,30,,886,0,3,11,505,0.621,857.8,0.1067,9,no_progress,0,1134091,20094.4
302,1079,346.84,-2.068,30,,880,0,3,14,815,0.6323,858.3,0.1719,12,no_progress,0,1135170,20107.8
303,1032,318.72,6.923,27,,833,0,3,13,313,0.6124,817.4,0.0622,8,no_progress,0,1136202,20120.5
304,916,303.36,-7.946,25,,717,0,3,12,716,0.6225,869.3,0.1868,20,no_progress,0,1137118,20131.6
305,887,254.52,-4.425,23,,688,0,2,8,451,0.6609,790.0,0.1093,6,no_progress,0,1138005,20142.6
306,1930,502.8,-11.899,40,,1731,0,6,24,1717,0.6698,886.0,0.2014,20,no_progress,0,1139935,20165.2
307,1385,464.6,10.053,34,,1186,0,6,21,547,0.6217,744.5,0.0815,9,no_progress,0,1141320,20181.7
308,532,238.72,2.908,20,,333,0,2,11,247,0.5898,745.3,0.1184,6,no_progress,0,1141852,20188.2
309,1061,327.56,-6.705,28,,862,0,3,18,702,0.6395,956.5,0.1421,10,no_progress,0,1142913,20201.3
310,1534,428.64,-13.502,34,,1335,0,5,15,1232,0.6571,984.5,0.1869,15,no_progress,0,1144447,20219.9
311,1375,385.0,-3.174,32,,1176,0,4,17,966,0.626,825.2,0.1609,11,no_progress,0,1145822,20236.5
312,1332,386.72,-2.45,32,,1133,0,4,17,830,0.6051,1042.4,0.1427,11,no_progress,0,1147154,20252.3
313,793,158.28,-5.796,19,,594,0,0,8,413,0.6907,665.7,0.1177,10,no_progress,0,1147947,20261.5
314,862,345.52,2.493,26,,663,0,4,19,434,0.5908,747.1,0.1064,9,no_progress,0,1148809,20271.0
315,1172,273.12,5.605,26,,973,0,2,9,401,0.644,754.3,0.0717,7,no_progress,0,1149981,20283.8
316,1287,368.52,-3.871,30,,1088,0,4,12,760,0.6251,862.6,0.1337,9,no_progress,0,1151268,20299.9
317,925,353.0,-1.559,30,,726,0,3,17,654,0.6343,826.7,0.1632,7,no_progress,0,1152193,20311.8
318,677,252.92,6.774,22,,478,0,2,14,245,0.62,683.3,0.0741,4,no_progress,0,1152870,20319.6
319,1698,452.08,-2.174,37,,1499,0,5,15,836,0.6593,822.4,0.1031,5,no_progress,0,1154568,20340.9
320,810,227.6,-0.074,23,,611,0,1,6,304,0.5778,705.7,0.0907,4,no_progress,0,1155378,20351.0
321,1223,341.08,4.538,30,,1024,0,3,14,761,0.6372,737.7,0.1438,18,no_progress,0,1156601,20365.9
322,1449,512.04,2.507,36,,1250,0,7,21,860,0.6033,844.6,0.1331,9,no_progress,0,1158050,20383.1
323,702,271.92,10.141,24,,503,0,2,7,177,0.5798,739.9,0.0518,3,no_progress,0,1158752,20391.3
324,677,282.92,5.427,22,,478,0,3,9,233,0.6403,746.1,0.0753,5,no_progress,0,1159429,20399.2
325,768,159.28,-18.015,19,,569,0,0,11,797,0.695,838.8,0.2471,10,no_progress,0,1160197,20408.7
326,715,291.4,12.56,23,,516,0,3,13,163,0.6318,688.9,0.0396,4,no_progress,0,1160912,20417.6
327,740,330.4,2.831,27,,541,0,3,15,390,0.6287,754.4,0.1105,10,no_progress,0,1161652,20426.8
328,936,442.56,9.411,30,,737,0,6,14,451,0.6159,770.9,0.115,5,no_progress,0,1162588,20437.6
329,964,361.44,7.152,28,,765,0,4,20,364,0.6188,757.6,0.093,5,no_progress,0,1163552,20449.0
330,1130,314.8,-1.695,27,,931,0,3,14,522,0.6595,875.3,0.0983,10,no_progress,0,1164682,20463.1
331,1335,366.6,16.735,30,,1136,0,4,19,508,0.6378,745.1,0.0788,13,no_progress,0,1166017,20480.1
332,1032,268.72,-0.527,22,,833,0,3,18,497,0.6182,850.5,0.1101,5,no_progress,0,1167049,20493.5
333,1171,383.16,4.735,31,,972,0,4,19,641,0.6599,740.8,0.1246,6,no_progress,0,1168220,20507.4
334,663,243.48,-2.044,18,,464,0,3,6,377,0.5588,670.1,0.1363,9,no_progress,0,1168883,20515.1
335,1829,376.84,-13.029,33,,1630,0,4,13,1205,0.6456,957.1,0.1467,42,no_progress,0,1170712,20536.9
336,526,148.96,0.228,17,,327,0,0,8,206,0.6345,721.0,0.0776,5,no_progress,0,1171238,20543.4
337,1646,464.16,3.177,38,,1447,0,5,22,1059,0.6484,923.5,0.1313,8,no_progress,0,1172884,20563.7
338,825,277.0,2.934,25,,626,0,2,12,342,0.6361,749.6,0.0917,4,no_progress,0,1173709,20573.4
339,1202,351.92,11.319,28,,1003,0,4,18,461,0.6256,765.7,0.0804,6,no_progress,0,1174911,20588.0
340,1958,461.68,-14.507,39,,1759,0,5,22,1375,0.6758,924.7,0.1596,11,no_progress,0,1176869,20612.5
341,966,391.36,7.124,28,,767,0,5,18,407,0.6079,765.8,0.0954,8,no_progress,0,1177835,20624.1
342,1494,380.24,-7.239,32,,1295,0,4,15,815,0.6228,934.1,0.123,6,no_progress,0,1179329,20642.6
343,973,341.08,9.268,26,,774,0,4,20,404,0.6249,863.9,0.0916,4,no_progress,0,1180302,20654.1
344,1329,426.84,-9.796,36,,1130,0,4,17,1194,0.667,863.3,0.2087,22,no_progress,0,1181631,20670.5
345,1927,452.92,-18.292,38,,1728,0,5,15,1522,0.6666,856.1,0.1792,10,no_progress,0,1183558,20694.2
346,735,260.6,3.975,23,,536,0,2,7,230,0.5946,674.3,0.074,5,no_progress,0,1184293,20703.1
347,794,338.24,6.196,25,,595,0,4,13,368,0.5973,803.2,0.1029,6,no_progress,0,1185087,20713.1
348,339,116.44,-5.651,13,,140,0,0,3,423,0.5878,619.1,0.3083,20,no_progress,0,1185426,20717.3
349,866,275.36,-0.468,25,,667,0,2,11,599,0.6455,812.2,0.16,15,no_progress,0,1186292,20728.4
350,672,213.12,8.596,18,,473,0,2,12,102,0.5257,665.5,0.0314,8,no_progress,0,1186964,20736.8
351,918,313.28,2.142,26,,719,0,3,10,529,0.6057,778.5,0.1378,9,no_progress,0,1187882,20772.5
352,475,171.0,2.989,16,,276,0,1,8,139,0.5511,686.3,0.0682,3,no_progress,0,1188357,20778.8
353,1398,444.08,3.089,32,,1199,0,6,27,682,0.5719,837.8,0.1044,10,no_progress,0,1189755,20796.7
354,1186,342.56,-8.637,27,,987,0,4,16,895,0.6008,901.7,0.1719,11,no_progress,0,1190941,20811.6
355,934,342.64,-0.257,26,,735,0,4,14,424,0.6421,793.3,0.1042,6,no_progress,0,1191875,20822.7
356,1435,472.6,5.461,35,,1236,0,6,15,721,0.6591,821.6,0.1129,4,no_progress,0,1193310,20839.7
357,1444,422.24,7.418,33,,1245,0,5,21,656,0.6276,862.9,0.0991,6,no_progress,0,1194754,20857.0
358,1091,436.36,7.721,30,,892,0,6,12,514,0.5777,804.0,0.0984,6,no_progress,0,1195845,20870.0
359,494,200.24,8.55,16,,295,0,2,11,77,0.5987,790.0,0.0323,6,no_progress,0,1196339,20875.8
360,1163,353.48,7.115,28,,964,0,4,15,373,0.6199,817.4,0.0674,6,no_progress,0,1197502,20890.8
361,977,420.92,11.669,31,,778,0,5,23,495,0.6395,860.1,0.1195,17,no_progress,0,1198479,20902.6
362,863,405.48,7.332,29,,664,0,5,11,331,0.5594,957.4,0.0903,9,no_progress,0,1199342,20912.8
363,1209,411.64,0.419,31,,1010,0,5,16,732,0.6187,881.2,0.137,9,no_progress,0,1200551,20926.5
364,1472,451.12,0.99,36,,1273,0,5,17,797,0.6539,853.8,0.1216,6,no_progress,0,1202023,20944.0
365,1129,364.84,-4.83,32,,930,0,3,11,587,0.5961,807.1,0.1217,10,no_progress,0,1203152,20957.6
366,1636,464.56,-12.739,38,,1437,0,5,15,1242,0.6536,979.0,0.1788,17,no_progress,0,1204788,20977.8
367,812,307.52,1.994,22,,613,0,4,11,243,0.6219,700.6,0.0646,6,no_progress,0,1205600,20987.6
368,635,194.6,4.683,19,,436,0,1,8,148,0.6409,737.5,0.0496,3,no_progress,0,1206235,20995.3
369,1409,403.64,7.692,34,,1210,0,4,11,574,0.6451,754.1,0.089,13,no_progress,0,1207644,21012.1
370,1155,403.8,8.566,30,,956,0,5,21,514,0.6195,799.9,0.0984,7,no_progress,0,1208799,21025.8
371,1245,410.2,13.797,34,,1046,0,4,15,365,0.6076,794.7,0.0648,6,no_progress,0,1210044,21041.6
372,939,372.44,-0.198,29,,740,0,4,13,530,0.6241,809.4,0.1261,8,no_progress,0,1210983,21052.9
373,1623,515.08,-1.713,37,,1424,0,7,13,1014,0.6514,841.1,0.1428,10,no_progress,0,1212606,21072.8
374,1618,495.28,8.031,38,,1419,0,6,24,859,0.6437,920.4,0.1137,10,no_progress,0,1214224,21093.2
375,1180,542.8,13.488,38,,981,0,7,24,534,0.6411,890.4,0.1049,8,no_progress,0,1215404,21107.9
376,647,264.12,-6.888,23,,448,0,2,9,528,0.6167,747.7,0.2057,3,no_progress,0,1216051,21115.9
377,539,248.44,2.619,18,,340,0,3,11,335,0.583,655.2,0.1429,5,no_progress,0,1216590,21122.5
378,1059,387.64,7.949,28,,860,0,5,15,522,0.6296,770.5,0.1103,8,no_progress,0,1217649,21135.4
379,960,271.6,1.227,25,,761,0,2,10,566,0.663,883.1,0.1294,12,no_progress,0,1218609,21146.8
380,638,344.48,3.213,25,,439,0,4,15,363,0.5611,739.2,0.1437,12,no_progress,0,1219247,21155.1
381,1752,499.92,9.498,36,,1553,0,7,25,837,0.6297,918.8,0.1025,8,no_progress,0,1220999,21176.5
382,771,299.16,1.284,24,,572,0,3,13,409,0.5921,759.3,0.1208,3,no_progress,0,1221770,21185.8
383,1368,385.28,3.134,32,,1169,0,4,18,568,0.6473,886.7,0.0886,6,no_progress,0,1223138,21202.9
384,1075,337.0,1.707,29,,876,0,3,12,457,0.6479,824.7,0.0952,5,no_progress,0,1224213,21215.9
385,1459,401.64,-5.115,34,,1260,0,4,16,882,0.6845,968.2,0.1384,9,no_progress,0,1225672,21233.0
386,1453,451.88,8.36,36,,1254,0,5,21,778,0.6215,817.5,0.1144,13,no_progress,0,1227125,21249.9
387,1286,438.56,-1.364,31,,1087,0,6,15,734,0.5894,953.3,0.123,15,no_progress,0,1228411,21265.1
388,979,260.84,-0.06,24,,780,0,2,10,469,0.6427,825.3,0.1045,5,no_progress,0,1229390,21276.8
389,1250,320.0,0.894,28,,1051,0,3,13,450,0.6192,845.6,0.0827,10,no_progress,0,1230640,21291.4
390,1035,398.6,-2.809,32,,836,0,4,13,804,0.6425,870.1,0.1802,17,no_progress,0,1231675,21304.3
391,1369,475.24,3.414,35,,1170,0,6,19,889,0.6399,778.1,0.1538,15,no_progress,0,1233044,21320.1
392,1081,406.76,12.992,30,,882,0,5,21,459,0.6189,830.3,0.0976,7,no_progress,0,1234125,21332.8
393,1970,411.2,1.234,37,,1771,0,4,17,869,0.6264,852.7,0.0937,10,no_progress,0,1236095,21356.4
394,1027,428.92,11.155,32,,828,0,5,14,422,0.6485,813.4,0.0891,13,no_progress,0,1237122,21368.5
395,967,301.32,2.979,28,,768,0,2,14,333,0.5657,736.7,0.0748,10,no_progress,0,1238089,21380.5
396,1796,458.16,-2.235,38,,1597,0,5,23,1074,0.6771,895.8,0.1315,14,no_progress,0,1239885,21401.9
397,1626,494.96,0.962,35,,1427,0,7,28,976,0.6327,881.6,0.1381,7,no_progress,0,1241511,21421.5
398,1306,427.76,15.211,33,,1107,0,5,19,398,0.6663,885.5,0.0654,4,no_progress,0,1242817,21437.1
399,733,260.68,-6.699,23,,534,0,2,7,659,0.5699,763.5,0.2099,17,no_progress,0,1243550,21446.2
400,1356,315.76,-6.39,28,,1157,0,3,10,896,0.6641,898.4,0.1543,8,no_progress,0,1244906,21462.2
401,853,295.88,4.023,24,,654,0,3,13,472,0.6017,718.7,0.1267,21,no_progress,0,1245759,21498.0
402,1350,396.0,8.153,33,,1151,0,4,37,604,0.6448,891.3,0.0899,9,no_progress,0,1247109,21513.6
403,1383,394.68,1.448,33,,1184,0,4,19,594,0.6372,866.6,0.094,10,no_progress,0,1248492,21529.5
404,675,263.0,5.957,23,,476,0,2,16,399,0.6107,748.1,0.1437,6,no_progress,0,1249167,21537.5
405,1643,484.28,-7.243,37,,1444,0,6,22,1211,0.6372,847.5,0.1662,10,no_progress,0,1250810,21555.1
406,1788,418.48,-0.543,34,,1589,0,5,20,872,0.6482,912.9,0.1063,10,no_progress,0,1252598,21575.3
407,997,350.12,14.909,27,,798,0,4,43,493,0.6311,854.5,0.1036,7,no_progress,0,1253595,21588.0
408,1438,502.48,6.729,38,,1239,0,6,26,899,0.6502,842.5,0.1431,9,no_progress,0,1255033,21606.9
409,1213,371.48,-5.308,30,,1014,0,4,15,861,0.6731,836.9,0.1651,15,no_progress,0,1256246,21622.7
410,1163,353.48,4.32,28,,964,0,4,16,532,0.6479,924.7,0.1071,14,no_progress,0,1257409,21636.8
411,1307,367.72,-3.126,33,,1108,0,3,19,1119,0.6572,897.8,0.206,37,no_progress,0,1258716,21652.8
412,1028,348.88,4.631,27,,829,0,4,17,534,0.6138,772.1,0.1134,8,no_progress,0,1259744,21665.8
413,1216,351.36,-3.588,28,,1017,0,4,11,740,0.6797,806.7,0.1384,10,no_progress,0,1260960,21680.5
414,1384,444.64,1.965,35,,1185,0,5,19,747,0.6581,1035.1,0.1232,16,no_progress,0,1262344,21697.4
415,1083,386.68,5.115,31,,884,0,4,24,636,0.6399,867.4,0.1283,5,no_progress,0,1263427,21711.6
416,1045,348.2,6.883,27,,846,0,4,16,180,0.5902,732.9,0.0331,3,no_progress,0,1264472,21724.9
417,1502,399.92,2.768,34,,1303,0,4,18,1007,0.6739,1003.1,0.1585,15,no_progress,0,1265974,21743.9
418,1211,471.56,11.525,34,,1012,0,6,19,464,0.5716,827.5,0.081,8,no_progress,0,1267185,21758.8
419,1590,436.4,-4.045,35,,1391,0,5,27,1177,0.6385,898.7,0.1681,16,no_progress,0,1268775,21778.1
420,1028,348.88,7.44,27,,829,0,4,13,466,0.6299,838.9,0.1086,6,no_progress,0,1269803,21790.1
421,912,343.52,9.236,26,,713,0,4,15,358,0.5987,748.8,0.0881,7,no_progress,0,1270715,21800.8
422,948,342.08,0.293,29,,749,0,3,13,598,0.649,987.9,0.138,10,no_progress,0,1271663,21812.2
423,1514,439.44,-3.105,35,,1315,0,5,19,984,0.6214,784.5,0.1436,25,no_progress,0,1273177,21830.4
424,975,321.0,2.627,24,,776,0,4,15,348,0.6051,788.9,0.0815,10,no_progress,0,1274152,21842.2
425,829,316.84,7.822,23,,630,0,4,14,219,0.604,682.7,0.0548,8,no_progress,0,1274981,21851.9
426,1231,390.76,-4.677,32,,1032,0,4,12,795,0.6481,843.7,0.1518,9,no_progress,0,1276212,21866.5
427,1115,395.4,1.389,29,,916,0,5,24,752,0.6092,838.8,0.1544,22,no_progress,0,1277327,21880.0
428,979,320.84,3.751,27,,780,0,3,12,437,0.6216,765.2,0.0982,5,no_progress,0,1278306,21892.7
429,950,342.0,11.298,29,,751,0,3,18,312,0.6261,803.5,0.0664,7,no_progress,0,1279256,21904.5
430,1311,467.56,8.197,34,,1112,0,6,21,715,0.6148,919.0,0.1278,44,no_progress,0,1280567,21920.3
431,1006,379.76,9.472,27,,807,0,5,18,394,0.5957,835.5,0.081,6,no_progress,0,1281573,21932.5
432,873,325.08,5.453,27,,674,0,3,15,477,0.6741,858.8,0.1313,10,no_progress,0,1282446,21943.1
433,813,267.48,5.338,24,,614,0,2,12,386,0.5987,703.6,0.1073,7,no_progress,0,1283259,21953.0
434,1533,428.68,-11.933,37,,1334,0,4,24,1199,0.683,913.4,0.1816,12,no_progress,0,1284792,21971.5
435,1145,374.2,3.224,30,,946,0,4,18,659,0.631,864.1,0.1333,7,no_progress,0,1285937,21985.8
436,1321,487.16,6.652,36,,1122,0,6,23,637,0.6315,939.7,0.1083,6,no_progress,0,1287258,22002.8
437,1299,338.04,-0.668,27,,1100,0,4,20,850,0.6003,837.1,0.1459,17,no_progress,0,1288557,22018.3
438,1390,344.4,4.505,31,,1191,0,3,21,832,0.6432,835.7,0.1295,4,no_progress,0,1289947,22035.7
439,1469,401.24,1.919,31,,1270,0,5,19,802,0.6424,933.5,0.118,7,no_progress,0,1291416,22053.1
440,462,161.52,2.379,15,,263,0,1,7,140,0.6196,719.3,0.0723,3,no_progress,0,1291878,22058.6
441,1809,457.64,-6.169,38,,1610,0,5,21,939,0.6669,896.8,0.1125,8,no_progress,0,1293687,22080.9
442,690,232.4,5.308,20,,491,0,2,10,208,0.5373,703.9,0.0677,6,no_progress,0,1294377,22089.4
443,1010,309.6,2.977,26,,811,0,3,13,402,0.5743,721.7,0.0824,2,no_progress,0,1295387,22101.9
444,1156,353.76,-2.093,28,,957,0,4,12,716,0.6295,755.5,0.1406,5,no_progress,0,1296543,22116.2
445,1491,390.36,-2.166,33,,1292,0,4,20,955,0.6603,923.6,0.1364,12,no_progress,0,1298034,22134.5
446,1381,444.76,11.55,35,,1182,0,5,24,621,0.6367,1002.5,0.0968,7,no_progress,0,1299415,22150.7
447,660,283.6,8.402,22,,461,0,3,14,246,0.5996,773.4,0.0732,4,no_progress,0,1300075,22158.2
448,1224,431.04,8.168,33,,1025,0,5,17,529,0.6083,768.9,0.0961,5,no_progress,0,1301299,22172.8
449,846,356.16,3.853,27,,647,0,4,15,474,0.6226,824.6,0.122,7,no_progress,0,1302145,22183.0
450,926,312.96,3.313,26,,727,0,3,17,490,0.5975,872.1,0.1122,5,no_progress,0,1303071,22193.8
451,1040,328.4,-4.587,28,,841,0,3,13,683,0.6291,950.5,0.1475,14,no_progress,0,1304111,22236.6
452,746,290.16,8.243,23,,547,0,3,23,327,0.6367,722.0,0.098,4,no_progress,0,1304857,22245.4
453,931,362.76,11.008,28,,732,0,4,18,262,0.5889,825.5,0.0646,1,no_progress,0,1305788,22256.1
454,1250,390.0,4.303,32,,1051,0,4,22,619,0.647,806.3,0.1155,10,no_progress,0,1307038,22271.0
455,783,258.68,7.22,23,,584,0,2,11,143,0.605,729.9,0.0396,2,no_progress,0,1307821,22280.1
456,639,214.44,1.696,18,,440,0,2,10,340,0.6119,769.1,0.121,5,no_progress,0,1308460,22287.9
457,1375,415.0,-0.101,32,,1176,0,5,14,630,0.596,791.8,0.0963,10,no_progress,0,1309835,22304.4
458,990,340.4,4.619,29,,791,0,3,18,522,0.6553,827.4,0.122,7,no_progress,0,1310825,22316.0
459,792,278.32,1.961,22,,593,0,3,13,467,0.6351,752.3,0.1292,5,no_progress,0,1311617,22325.6
460,842,266.32,-1.904,24,,643,0,2,9,427,0.6369,943.1,0.1158,7,no_progress,0,1312459,22335.5
461,687,272.52,4.144,21,,488,0,3,21,334,0.6023,717.8,0.1085,8,no_progress,0,1313146,22343.7
462,1252,419.92,7.248,32,,1053,0,5,25,607,0.6472,944.3,0.1028,10,no_progress,0,1314398,22358.2
463,2026,508.96,-2.097,41,,1827,0,6,26,1364,0.6545,929.3,0.1555,9,no_progress,0,1316424,22383.1
464,924,333.04,7.846,28,,725,0,3,17,446,0.6293,848.2,0.1152,4,no_progress,0,1317348,22394.5
465,934,312.64,0.555,26,,735,0,3,16,410,0.6469,790.2,0.0961,6,no_progress,0,1318282,22405.9
466,1313,397.48,2.393,33,,1114,0,4,18,705,0.646,868.4,0.1249,14,no_progress,0,1319595,22421.4
467,1431,482.76,5.829,39,,1232,0,5,28,820,0.6625,843.4,0.1327,6,no_progress,0,1321026,22438.4
468,542,158.32,-1.595,15,,343,0,1,4,230,0.5706,731.7,0.0946,10,no_progress,0,1321568,22445.4
469,2072,517.12,-13.06,39,,1873,0,7,30,1489,0.6515,874.0,0.1571,11,no_progress,0,1323640,22470.9
470,1099,386.04,4.699,31,,900,0,4,18,774,0.6442,765.3,0.1649,9,no_progress,0,1324739,22484.7
471,1221,371.16,5.656,30,,1022,0,4,20,672,0.6114,913.3,0.1243,9,no_progress,0,1325960,22500.6
472,798,308.08,5.903,25,,599,0,3,15,489,0.5883,715.5,0.1456,10,no_progress,0,1326758,22510.3
473,1034,298.64,2.807,25,,835,0,3,14,493,0.6376,821.5,0.1076,7,no_progress,0,1327792,22522.6
474,1135,394.6,2.35,32,,936,0,4,19,546,0.6075,804.6,0.1062,5,no_progress,0,1328927,22536.0
475,2252,469.92,-28.469,38,,2053,0,6,16,1851,0.6535,919.3,0.1842,22,no_progress,0,1331179,22564.0
476,1623,415.08,-6.231,33,,1424,0,5,19,1124,0.6657,840.3,0.1491,27,no_progress,0,1332802,22583.6
477,1154,473.84,16.11,34,,955,0,6,24,531,0.5496,769.5,0.1013,7,no_progress,0,1333956,22596.8
478,964,271.44,1.693,25,,765,0,2,11,533,0.5996,803.2,0.1263,6,no_progress,0,1334920,22608.2
479,2239,500.44,-16.935,41,,2040,0,6,23,1741,0.6746,927.2,0.1719,8,no_progress,0,1337159,22635.1
480,1598,466.08,4.424,38,,1399,0,5,22,1012,0.6561,917.4,0.1417,7,no_progress,0,1338757,22654.8
481,1060,387.6,2.222,31,,861,0,4,16,582,0.6509,847.6,0.1319,7,no_progress,0,1339817,22667.7
482,1151,303.96,-0.722,26,,952,0,3,16,651,0.629,805.3,0.1187,7,no_progress,0,1340968,22681.6
483,704,341.84,11.168,25,,505,0,4,11,207,0.5778,731.0,0.0661,12,no_progress,0,1341672,22690.0
484,854,315.84,3.194,26,,655,0,3,24,516,0.5667,728.3,0.1344,5,no_progress,0,1342526,22700.6
485,1196,342.16,11.843,30,,997,0,3,16,364,0.6574,844.2,0.0638,4,no_progress,0,1343722,22715.3
486,1201,391.96,8.338,32,,1002,0,4,17,658,0.6563,775.7,0.1118,5,no_progress,0,1344923,22729.6
487,694,202.24,-1.541,20,,495,0,1,7,378,0.6556,798.2,0.1267,8,no_progress,0,1345617,22738.6
488,1446,402.16,-2.53,34,,1247,0,4,21,828,0.6459,857.6,0.1286,6,no_progress,0,1347063,22756.9
489,1314,407.44,2.413,31,,1115,0,5,18,794,0.6404,910.6,0.1386,19,no_progress,0,1348377,22773.3
490,990,340.4,3.165,29,,791,0,3,14,635,0.6396,767.7,0.1516,13,no_progress,0,1349367,22785.2
491,1295,338.2,2.579,30,,1096,0,3,14,495,0.684,840.7,0.0779,7,no_progress,0,1350662,22801.4
492,1436,482.56,13.56,39,,1237,0,5,42,776,0.6335,868.8,0.1195,11,no_progress,0,1352098,22818.6
493,1136,394.56,6.176,32,,937,0,4,16,561,0.6422,808.4,0.1109,6,no_progress,0,1353234,22832.3
494,987,350.52,3.507,27,,788,0,4,13,336,0.6246,805.7,0.0715,4,no_progress,0,1354221,22844.0
495,1253,339.88,-3.907,30,,1054,0,3,17,900,0.6828,838.5,0.1698,10,no_progress,0,1355474,22857.4
496,1446,422.16,2.025,33,,1247,0,5,21,882,0.6293,935.8,0.1334,10,no_progress,0,1356920,22873.8
497,1509,419.64,4.53,36,,1310,0,4,22,789,0.6687,964.1,0.1143,7,no_progress,0,1358429,22891.6
498,1492,310.32,-11.297,28,,1293,0,3,18,1221,0.599,801.2,0.1789,10,no_progress,0,1359921,22909.5
499,1262,399.52,-18.013,33,,1063,0,4,20,1442,0.6452,844.0,0.2807,28,no_progress,0,1361183,22924.4
500,1099,356.04,-0.619,28,,900,0,4,17,592,0.644,823.1,0.1187,5,no_progress,0,1362282,22937.5
501,2059,437.64,-8.537,37,,1860,0,5,24,1482,0.6672,867.5,0.1575,13,no_progress,0,1364341,22992.6
502,1810,427.6,-5.209,35,,1611,0,5,23,1058,0.6673,843.7,0.1294,8,no_progress,0,1366151,23015.1
503,1635,384.6,-12.444,33,,1436,0,4,16,1084,0.6488,787.6,0.1483,22,no_progress,0,1367786,23034.7
504,950,252.0,2.949,23,,751,0,2,12,302,0.6413,722.1,0.0699,8,no_progress,0,1368736,23046.2
505,1201,361.96,1.856,29,,1002,0,4,15,686,0.6397,872.3,0.1252,5,no_progress,0,1369937,23061.0
506,1605,365.8,-12.157,31,,1406,0,4,22,1340,0.6662,959.0,0.1883,11,no_progress,0,1371542,23080.8
507,1418,333.28,-4.927,30,,1219,0,3,20,864,0.6365,910.8,0.14,15,no_progress,0,1372960,23097.9
508,1361,395.56,9.887,33,,1162,0,4,18,600,0.6706,787.0,0.0976,5,no_progress,0,1374321,23113.8
509,1913,533.48,-3.417,40,,1714,0,7,26,1223,0.6279,902.9,0.1371,11,no_progress,0,1376234,23137.1
510,865,295.4,1.067,24,,666,0,3,12,482,0.6168,767.9,0.1292,8,no_progress,0,1377099,23147.8
511,1456,411.76,13.585,32,,1257,0,5,18,463,0.6307,823.5,0.0656,6,no_progress,0,1378555,23165.1
512,1306,387.76,3.386,32,,1107,0,4,12,622,0.6307,846.3,0.1014,8,no_progress,0,1379861,23180.6
513,442,242.32,6.675,17,,243,0,3,14,71,0.4536,586.0,0.0357,2,no_progress,0,1380303,23186.0
514,910,343.6,3.712,26,,711,0,4,15,420,0.5989,760.8,0.0979,8,no_progress,0,1381213,23197.0
515,1509,419.64,-1.657,36,,1310,0,4,17,833,0.6574,949.9,0.1253,10,no_progress,0,1382722,23214.7
516,1380,384.8,-1.873,29,,1181,0,5,17,806,0.6418,908.3,0.129,5,no_progress,0,1384102,23233.1
517,791,298.36,3.358,24,,592,0,3,13,470,0.5683,747.6,0.1375,9,no_progress,0,1384893,23243.0
518,1384,464.64,12.873,34,,1185,0,6,17,452,0.5661,829.8,0.066,4,no_progress,0,1386277,23259.6
519,1139,414.44,5.157,34,,940,0,4,21,603,0.6477,955.0,0.1161,10,no_progress,0,1387416,23273.1
520,1263,409.48,8.569,34,,1064,0,4,25,505,0.6253,821.2,0.089,8,no_progress,0,1388679,23288.2
521,652,213.92,1.526,18,,453,0,2,12,328,0.5916,745.4,0.1184,6,no_progress,0,1389331,23296.1
522,1244,400.24,6.022,33,,1045,0,4,22,567,0.6099,794.5,0.1033,8,no_progress,0,1390575,23311.2
523,1142,394.32,8.563,29,,943,0,5,19,601,0.6237,806.2,0.1194,9,no_progress,0,1391717,23324.8
524,1277,508.92,13.28,35,,1078,0,7,22,502,0.5901,837.3,0.0909,10,no_progress,0,1392994,23340.4
525,1006,249.76,1.079,23,,807,0,2,6,414,0.6481,730.7,0.089,7,no_progress,0,1394000,23352.5
526,1333,326.68,-0.982,29,,1134,0,3,14,799,0.6152,761.8,0.1267,6,no_progress,0,1395333,23368.6
527,382,94.72,4.949,11,,183,0,0,6,80,0.6257,690.2,0.0381,1,no_progress,0,1395715,23373.4
528,933,242.68,5.88,22,,734,0,2,13,359,0.6584,781.3,0.0785,5,no_progress,0,1396648,23384.4
529,875,345.0,0.12,29,,676,0,3,14,628,0.6374,862.5,0.1714,8,no_progress,0,1397523,23395.3
530,1556,397.76,-4.54,31,,1357,0,5,22,877,0.6305,808.4,0.1231,10,no_progress,0,1399079,23415.1
531,1199,342.04,11.93,30,,1000,0,3,19,572,0.6337,855.6,0.1061,5,no_progress,0,1400278,23429.6
532,829,306.84,7.281,28,,630,0,2,12,180,0.6487,855.3,0.0471,4,no_progress,0,1401107,23439.6
533,856,305.76,-2.501,25,,657,0,3,6,534,0.6075,846.2,0.1358,8,no_progress,0,1401963,23449.9
534,1907,393.72,-0.504,35,,1708,0,4,46,1348,0.6249,872.6,0.159,9,no_progress,0,1403870,23472.3
535,1500,410.0,4.434,35,,1301,0,4,19,717,0.6527,941.6,0.0996,6,no_progress,0,1405370,23490.3
536,936,322.56,2.679,27,,737,0,3,14,430,0.6506,803.0,0.0993,8,no_progress,0,1406306,23500.9
537,670,313.2,7.651,25,,471,0,3,11,322,0.6037,787.1,0.1163,5,no_progress,0,1406976,23508.4
538,1467,351.32,-3.258,32,,1268,0,3,18,863,0.6454,780.5,0.1323,7,no_progress,0,1408443,23524.1
539,1372,355.12,-3.803,32,,1173,0,3,15,666,0.6653,881.3,0.1117,7,no_progress,0,1409815,23536.5
540,1638,494.48,-3.113,38,,1439,0,6,18,912,0.6555,816.6,0.1221,10,no_progress,0,1411453,23551.3
541,881,274.76,3.726,22,,682,0,3,13,307,0.6606,745.1,0.0725,6,no_progress,0,1412334,23559.2
542,1091,346.36,4.873,30,,892,0,3,15,458,0.6155,781.8,0.0997,9,no_progress,0,1413425,23568.9
543,1281,318.76,-9.316,28,,1082,0,3,10,849,0.6397,906.0,0.1425,13,no_progress,0,1414706,23580.6
544,1034,348.64,-1.035,27,,835,0,4,14,660,0.5902,771.2,0.1498,13,no_progress,0,1415740,23589.9
545,1220,411.2,8.179,31,,1021,0,5,20,493,0.6121,827.4,0.09,5,no_progress,0,1416960,23600.9
546,439,162.44,3.266,15,,240,0,1,10,95,0.6054,624.3,0.0461,4,no_progress,0,1417399,23604.9
547,720,281.2,7.478,22,,521,0,3,13,272,0.6184,766.6,0.0772,7,no_progress,0,1418119,23611.3
548,849,336.04,7.555,28,,650,0,3,17,375,0.6393,798.3,0.1008,5,no_progress,0,1418968,23618.9
549,747,270.12,1.686,21,,548,0,3,12,316,0.6446,732.0,0.0964,4,no_progress,0,1419715,23625.6
550,1877,454.92,-12.965,38,,1678,0,5,23,1481,0.6704,912.3,0.1797,22,no_progress,0,1421592,23642.5
551,892,194.32,-5.896,20,,693,0,1,5,403,0.6508,845.8,0.0962,3,no_progress,0,1422484,23665.7
552,1104,335.84,6.838,29,,905,0,3,20,393,0.6318,858.0,0.0776,4,no_progress,0,1423588,23675.9
553,1102,375.92,-2.888,30,,903,0,4,15,780,0.6574,980.5,0.1512,9,no_progress,0,1424690,23686.1
554,1405,393.8,2.045,33,,1206,0,4,15,721,0.6409,847.0,0.1131,10,no_progress,0,1426095,23698.8
555,1546,418.16,-5.333,33,,1347,0,5,15,951,0.6033,938.3,0.1311,12,no_progress,0,1427641,23713.1
556,1022,379.12,2.548,30,,823,0,4,12,426,0.6348,794.4,0.0878,5,no_progress,0,1428663,23722.5
557,1471,381.16,7.051,32,,1272,0,4,18,658,0.6205,809.1,0.0981,9,no_progress,0,1430134,23735.7
558,1522,409.12,-11.29,35,,1323,0,4,17,1069,0.6707,954.5,0.1594,10,no_progress,0,1431656,23749.5
559,855,295.8,7.769,24,,656,0,3,17,361,0.6254,779.1,0.0962,10,no_progress,0,1432511,23757.1
560,996,380.16,3.199,30,,797,0,4,18,613,0.6064,873.1,0.1367,12,no_progress,0,1433507,23766.1
561,398,174.08,4.222,16,,199,0,1,8,96,0.5195,652.3,0.0609,4,no_progress,0,1433905,23769.7
562,1555,377.8,-1.516,32,,1356,0,4,16,786,0.6635,820.3,0.1094,8,no_progress,0,1435460,23783.9
563,1429,482.84,5.69,36,,1230,0,6,21,701,0.6436,869.0,0.1039,10,no_progress,0,1436889,23796.6
564,1450,432.0,6.551,34,,1251,0,5,25,702,0.6541,884.1,0.1037,6,no_progress,0,1438339,23809.8
565,557,177.72,-0.561,17,,358,0,1,7,137,0.5763,678.5,0.0518,2,no_progress,0,1438896,23814.7
566,1142,264.32,4.264,25,,943,0,2,12,439,0.6721,758.2,0.0879,4,no_progress,0,1440038,23825.2
567,1072,287.12,-1.581,24,,873,0,3,16,604,0.6395,843.4,0.1257,7,no_progress,0,1441110,23834.9
568,1233,320.68,-2.874,28,,1034,0,3,15,823,0.6539,888.5,0.1469,10,no_progress,0,1442343,23846.1
569,1215,331.4,0.299,26,,1016,0,4,13,592,0.6481,914.0,0.1015,8,no_progress,0,1443558,23856.9
570,1094,346.24,-1.083,30,,895,0,3,16,643,0.6602,821.0,0.1396,25,no_progress,0,1444652,23866.5
571,1114,325.44,3.218,28,,915,0,3,14,520,0.6416,759.8,0.0936,7,no_progress,0,1445766,23876.7
572,1137,354.52,4.914,31,,938,0,3,15,393,0.6102,790.2,0.0711,7,no_progress,0,1446903,23886.9
573,1724,481.04,-3.592,37,,1525,0,6,20,1116,0.6663,916.6,0.1466,29,no_progress,0,1448627,23902.1
574,582,216.72,1.099,18,,383,0,2,14,354,0.607,689.7,0.1494,7,no_progress,0,1449209,23907.4
575,1034,358.64,4.838,28,,835,0,4,15,389,0.5977,762.6,0.082,10,no_progress,0,1450243,23916.8
576,1081,316.76,9.273,24,,882,0,4,20,188,0.5342,683.6,0.0356,4,no_progress,0,1451324,23926.6
577,925,293.0,13.897,24,,726,0,3,11,222,0.6086,730.0,0.0507,8,no_progress,0,1452249,23934.7
578,1455,351.8,-1.646,32,,1256,0,3,15,694,0.6675,918.1,0.1079,11,no_progress,0,1453704,23947.4
579,980,210.8,-8.73,22,,781,0,1,7,656,0.6401,740.3,0.1542,23,no_progress,0,1454684,23956.4
580,828,366.88,8.783,28,,629,0,4,13,440,0.5954,776.2,0.1116,10,no_progress,0,1455512,23963.8
581,1222,321.12,2.975,28,,1023,0,3,20,625,0.6397,827.2,0.1097,7,no_progress,0,1456734,23974.9
582,1287,408.52,-0.045,34,,1088,0,4,21,812,0.5969,890.4,0.1416,10,no_progress,0,1458021,23986.6
583,1196,462.16,12.165,33,,997,0,6,28,539,0.6275,838.0,0.0983,4,no_progress,0,1459217,23997.3
584,400,144.0,3.809,16,,201,0,0,6,141,0.6456,670.2,0.0736,3,no_progress,0,1459617,24000.9
585,799,348.04,9.854,26,,600,0,4,11,226,0.6189,754.7,0.0604,2,no_progress,0,1460416,24008.0
586,852,255.92,5.681,23,,653,0,2,9,316,0.6467,711.2,0.0858,5,no_progress,0,1461268,24015.6
587,1553,337.88,-15.886,28,,1354,0,4,18,1306,0.6898,846.6,0.1923,15,no_progress,0,1462821,24029.6
588,1250,410.0,-0.944,34,,1051,0,4,14,750,0.6518,962.6,0.1268,10,no_progress,0,1464071,24041.2
589,918,293.28,3.944,27,,719,0,2,11,284,0.5869,793.3,0.0559,2,no_progress,0,1464989,24049.7
590,916,343.36,0.217,26,,717,0,4,12,460,0.6138,776.4,0.1026,6,no_progress,0,1465905,24058.3
591,1063,347.48,-1.27,30,,864,0,3,16,567,0.6216,825.6,0.1142,10,no_progress,0,1466968,24068.0
592,794,238.24,3.82,21,,595,0,2,10,425,0.6357,816.2,0.1263,11,no_progress,0,1467762,24075.1
593,1021,379.16,-2.121,30,,822,0,4,20,585,0.6516,953.9,0.1234,8,no_progress,0,1468783,24084.3
594,1367,495.32,2.986,37,,1168,0,6,22,1026,0.6439,809.8,0.1735,29,no_progress,0,1470150,24096.7
595,1011,359.56,8.536,31,,812,0,3,19,473,0.6172,976.7,0.1023,10,no_progress,0,1471161,24105.8
596,1429,382.84,1.602,32,,1230,0,4,17,635,0.6043,841.5,0.0935,6,no_progress,0,1472590,24118.7
597,1371,385.16,1.764,32,,1172,0,4,15,805,0.6561,942.6,0.1317,6,no_progress,0,1473961,24130.9
598,1550,388.0,-10.547,30,,1351,0,5,15,943,0.5985,836.1,0.1376,10,no_progress,0,1475511,24144.8
599,764,289.44,10.844,20,,565,0,4,17,145,0.448,665.1,0.038,7,no_progress,0,1476275,24151.9
600,716,411.36,8.8,29,,517,0,5,25,439,0.5981,965.3,0.1509,8,no_progress,0,1476991,24158.4
601,1568,417.28,-16.654,33,,1369,0,5,21,1466,0.6658,904.8,0.2183,27,no_progress,0,1478559,24190.5
602,1278,408.88,6.345,31,,1079,0,5,20,525,0.6326,834.8,0.0882,4,no_progress,0,1479837,24201.8
603,891,274.36,1.07,25,,692,0,2,11,439,0.6145,827.9,0.1029,10,no_progress,0,1480728,24209.9
604,1174,343.04,-0.823,30,,975,0,3,14,535,0.625,849.0,0.0985,4,no_progress,0,1481902,24220.6
605,923,403.08,10.936,29,,724,0,5,19,243,0.5867,810.9,0.0522,3,no_progress,0,1482825,24228.9
606,1194,342.24,8.305,30,,995,0,3,14,459,0.6552,798.0,0.0794,6,no_progress,0,1484019,24239.3
607,1033,378.68,4.588,30,,834,0,4,19,566,0.599,779.1,0.1203,6,no_progress,0,1485052,24248.7
608,1026,358.96,0.408,28,,827,0,4,18,701,0.6386,902.5,0.1522,6,no_progress,0,1486078,24258.0
609,1029,328.84,5.509,28,,830,0,3,16,413,0.5974,768.8,0.0885,4,no_progress,0,1487107,24267.2
610,1033,428.68,13.745,32,,834,0,5,22,464,0.6244,816.3,0.101,6,no_progress,0,1488140,24276.4
611,394,134.24,-4.096,15,,195,0,0,7,381,0.6288,700.4,0.2132,6,no_progress,0,1488534,24280.2
612,787,388.52,3.383,27,,588,0,5,18,397,0.5956,722.7,0.1238,10,no_progress,0,1489321,24287.3
613,986,340.56,1.727,29,,787,0,3,12,546,0.6367,919.8,0.1195,12,no_progress,0,1490307,24296.3
614,1273,479.08,4.599,38,,1074,0,5,18,822,0.6502,979.9,0.1468,9,no_progress,0,1491580,24307.8
615,608,205.68,2.521,17,,409,0,2,8,209,0.5872,689.3,0.0785,7,no_progress,0,1492188,24313.3
616,871,325.16,0.009,24,,672,0,4,16,427,0.6174,790.0,0.1089,7,no_progress,0,1493059,24321.0
617,910,293.6,6.217,24,,711,0,3,11,300,0.6258,723.6,0.0653,4,no_progress,0,1493969,24329.1
618,1826,416.96,-1.256,37,,1627,0,4,23,961,0.6958,954.6,0.111,7,no_progress,0,1495795,24345.8
619,749,230.04,6.15,20,,550,0,2,13,435,0.6412,777.7,0.1272,4,no_progress,0,1496544,24352.6
620,916,353.36,2.523,27,,717,0,4,17,585,0.628,814.4,0.1461,8,no_progress,0,1497460,24360.8
621,768,309.28,8.441,25,,569,0,3,16,324,0.6146,756.2,0.0953,11,no_progress,0,1498228,24367.7
622,981,330.76,-4.908,28,,782,0,3,13,696,0.6239,882.2,0.168,10,no_progress,0,1499209,24376.8
623,1592,456.32,4.196,34,,1393,0,6,25,711,0.6366,886.2,0.0958,9,no_progress,0,1500801,24390.9
624,918,323.28,7.689,27,,719,0,3,18,436,0.5904,746.7,0.1171,13,no_progress,0,1501719,24399.0
625,1734,420.64,-4.466,34,,1535,0,5,18,1030,0.6215,872.4,0.1314,11,no_progress,0,1503453,24414.7
626,489,140.44,4.728,16,,290,0,0,6,100,0.6452,711.6,0.0395,1,no_progress,0,1503942,24419.1
627,851,335.96,7.624,28,,652,0,3,18,391,0.6325,777.5,0.0957,8,no_progress,0,1504793,24426.8
628,1040,358.4,4.25,28,,841,0,4,22,473,0.6438,760.1,0.1003,9,no_progress,0,1505833,24436.0
629,1305,357.8,-12.423,32,,1106,0,3,21,1083,0.6577,871.9,0.1986,32,no_progress,0,1507138,24448.0
630,1015,259.4,-3.434,24,,816,0,2,9,566,0.6392,729.0,0.1189,6,no_progress,0,1508153,24457.2
631,967,351.32,0.901,30,,768,0,3,19,533,0.6163,889.2,0.1261,14,no_progress,0,1509120,24466.0
632,1953,501.88,4.883,40,,1754,0,6,30,1245,0.6619,1006.5,0.137,9,no_progress,0,1511073,24483.4
633,951,311.96,8.629,26,,752,0,3,16,244,0.5723,769.9,0.0544,2,no_progress,0,1512024,24491.7
634,1339,436.44,-8.559,34,,1140,0,5,17,1016,0.6619,900.8,0.1832,16,no_progress,0,1513363,24503.6
635,1273,469.08,5.743,34,,1074,0,6,13,562,0.6447,746.3,0.0938,4,no_progress,0,1514636,24515.1
636,771,309.16,7.26,25,,572,0,3,20,338,0.5875,765.9,0.1066,8,no_progress,0,1515407,24521.9
637,1392,384.32,11.545,32,,1193,0,4,13,554,0.6509,877.8,0.0833,3,no_progress,0,1516799,24534.1
638,1250,350.0,0.126,31,,1051,0,3,19,746,0.6284,898.9,0.1358,5,no_progress,0,1518049,24545.2
639,1082,356.72,0.388,31,,883,0,3,15,659,0.5982,801.0,0.1352,11,no_progress,0,1519131,24554.7
640,834,226.64,-8.742,20,,635,0,2,11,688,0.5881,678.5,0.2031,11,no_progress,0,1519965,24562.1
641,858,325.68,6.633,27,,659,0,3,11,264,0.5938,792.8,0.0642,4,no_progress,0,1520823,24569.5
642,1358,415.68,3.704,32,,1159,0,5,27,710,0.6259,859.9,0.109,10,no_progress,0,1522181,24581.7
643,977,320.92,0.453,27,,778,0,3,14,444,0.5998,907.6,0.0901,2,no_progress,0,1523158,24590.7
644,1049,368.04,6.579,29,,850,0,4,19,467,0.5956,781.7,0.1027,10,no_progress,0,1524207,24600.4
645,1292,378.32,-6.869,31,,1093,0,4,22,982,0.6631,825.7,0.1837,24,no_progress,0,1525499,24612.1
646,1998,440.08,-15.005,37,,1799,0,5,19,1536,0.6533,872.1,0.1756,18,no_progress,0,1527497,24629.9
647,721,311.16,5.826,25,,522,0,3,17,253,0.5947,831.1,0.0799,5,no_progress,0,1528218,24636.2
648,1012,329.52,-0.184,25,,813,0,4,12,491,0.605,908.1,0.1096,9,no_progress,0,1529230,24645.2
649,781,258.76,-2.999,23,,582,0,2,12,653,0.581,746.2,0.1848,6,no_progress,0,1530011,24652.2
650,907,273.72,5.557,25,,708,0,2,16,359,0.6397,776.2,0.0813,10,no_progress,0,1530918,24660.1
651,1001,269.96,3.337,25,,802,0,2,10,397,0.6416,760.8,0.0868,3,no_progress,0,1531919,24687.7
652,1138,364.48,10.46,29,,939,0,4,22,461,0.5764,764.5,0.0842,5,no_progress,0,1533057,24697.8
653,1823,457.08,0.353,35,,1624,0,6,26,1130,0.63,814.1,0.1382,9,no_progress,0,1534880,24714.0
654,971,301.16,-7.174,25,,772,0,3,15,777,0.612,678.9,0.1842,12,no_progress,0,1535851,24723.0
655,1164,323.44,0.114,28,,965,0,3,18,786,0.6213,1010.3,0.1558,8,no_progress,0,1537015,24733.2
656,1564,407.44,-0.554,35,,1365,0,4,22,812,0.6351,803.4,0.1176,14,no_progress,0,1538579,24747.1
657,1063,357.48,6.175,28,,864,0,4,16,426,0.6,745.3,0.0875,7,no_progress,0,1539642,24756.5
658,346,246.16,9.322,17,,147,0,3,10,63,0.4306,642.1,0.0405,6,no_progress,0,1539988,24759.5
659,710,181.6,2.571,18,,511,0,1,7,174,0.6637,783.2,0.0513,5,no_progress,0,1540698,24765.8
660,1075,387.0,11.828,31,,876,0,4,13,369,0.6333,846.2,0.0727,5,no_progress,0,1541773,24775.5
661,930,362.8,9.128,28,,731,0,4,14,340,0.5898,713.3,0.0809,5,no_progress,0,1542703,24783.8
662,1204,431.84,2.487,33,,1005,0,5,16,544,0.6426,892.1,0.0994,9,no_progress,0,1543907,24794.4
663,1310,377.6,4.024,31,,1111,0,4,17,814,0.6571,899.5,0.1382,7,no_progress,0,1545217,24806.0
664,975,351.0,3.739,27,,776,0,4,12,514,0.6267,794.3,0.1173,12,no_progress,0,1546192,24814.7
665,1051,407.96,7.897,30,,852,0,5,16,393,0.6218,802.1,0.0786,3,no_progress,0,1547243,24823.9
666,1704,431.84,4.844,35,,1505,0,5,18,699,0.6551,819.3,0.0877,10,no_progress,0,1548947,24839.0
667,1370,335.2,1.785,30,,1171,0,3,17,658,0.6704,790.8,0.107,10,no_progress,0,1550317,24851.3
668,1255,379.8,-4.535,31,,1056,0,4,17,810,0.6556,919.4,0.155,7,no_progress,0,1551572,24862.5
669,774,259.04,7.652,23,,575,0,2,13,197,0.6382,727.9,0.0541,3,no_progress,0,1552346,24869.3
670,879,394.84,10.529,28,,680,0,5,17,296,0.5654,799.9,0.0741,10,no_progress,0,1553225,24877.1
671,1276,378.96,-2.476,31,,1077,0,4,19,593,0.5817,988.8,0.101,9,no_progress,0,1554501,24888.7
672,1393,334.28,-5.485,30,,1194,0,3,21,971,0.6147,846.2,0.1528,10,no_progress,0,1555894,24901.3
673,1691,432.36,-7.94,35,,1492,0,5,20,1059,0.6538,962.3,0.1435,13,no_progress,0,1557585,24916.2
674,718,271.28,1.484,24,,519,0,2,13,333,0.6194,725.9,0.103,7,no_progress,0,1558303,24922.5
675,904,403.84,1.408,32,,705,0,4,17,632,0.5871,899.2,0.1711,6,no_progress,0,1559207,24930.7
676,833,306.68,11.933,25,,634,0,3,18,265,0.5717,780.2,0.0652,4,no_progress,0,1560040,24938.2
677,1912,433.52,-1.331,36,,1713,0,5,16,1237,0.6757,890.1,0.1422,6,no_progress,0,1561952,24955.2
678,772,269.12,5.602,24,,573,0,2,15,312,0.5929,801.0,0.0951,6,no_progress,0,1562724,24962.0
679,405,143.8,1.836,16,,206,0,0,4,127,0.5395,637.2,0.0651,3,no_progress,0,1563129,24965.8
680,736,350.56,11.724,26,,537,0,4,14,180,0.5068,749.0,0.053,3,no_progress,0,1563865,24972.3
681,777,258.92,0.678,20,,578,0,3,11,325,0.6023,726.5,0.0841,4,no_progress,0,1564642,24979.2
682,1265,399.4,1.474,30,,1066,0,5,22,789,0.6202,953.3,0.1459,5,no_progress,0,1565907,24990.3
683,1152,423.92,9.044,35,,953,0,4,23,573,0.6293,771.5,0.1166,9,no_progress,0,1567059,25000.4
684,490,240.4,8.423,17,,291,0,3,11,91,0.5526,653.5,0.0443,7,no_progress,0,1567549,25004.8
685,1112,305.52,1.065,26,,913,0,3,15,691,0.6187,871.2,0.1397,5,no_progress,0,1568661,25014.5
686,898,274.08,0.959,22,,699,0,3,11,500,0.6336,733.7,0.1257,14,no_progress,0,1569559,25022.8
687,877,294.92,0.688,24,,678,0,3,16,646,0.6183,891.7,0.1717,11,no_progress,0,1570436,25030.6
688,1489,480.44,6.586,36,,1290,0,6,20,744,0.619,816.4,0.1111,9,no_progress,0,1571925,25043.6
689,1075,397.0,11.508,29,,876,0,5,19,304,0.6188,834.6,0.0654,2,no_progress,0,1573000,25053.0
690,1118,455.28,6.049,35,,919,0,5,24,759,0.6362,911.6,0.1609,10,no_progress,0,1574118,25062.9
691,1515,319.4,-1.287,29,,1316,0,3,16,732,0.6386,813.6,0.1066,6,no_progress,0,1575633,25076.3
692,813,217.48,-0.616,22,,614,0,1,10,477,0.674,747.4,0.1287,7,no_progress,0,1576446,25083.8
693,1072,427.12,11.164,32,,873,0,5,24,374,0.6271,794.7,0.0794,5,no_progress,0,1577518,25093.3
694,1150,404.0,4.296,33,,951,0,4,19,393,0.5993,956.2,0.0761,5,no_progress,0,1578668,25103.3
695,920,283.2,0.554,26,,721,0,2,9,537,0.6375,799.8,0.1329,8,no_progress,0,1579588,25111.4
696,977,370.92,-6.167,29,,778,0,4,20,873,0.6044,851.5,0.2169,9,no_progress,0,1580565,25120.2
697,538,198.48,6.661,16,,339,0,2,13,68,0.5395,617.3,0.0228,2,no_progress,0,1581103,25125.1
698,829,316.84,7.342,26,,630,0,3,19,340,0.623,792.4,0.0955,9,no_progress,0,1581932,25132.3
699,1109,375.64,2.458,30,,910,0,4,18,635,0.6204,951.0,0.1265,7,no_progress,0,1583041,25142.3
700,1320,407.2,4.725,31,,1121,0,5,23,685,0.6462,830.7,0.1169,9,no_progress,0,1584361,25154.1
701,1784,438.64,-10.78,36,,1585,0,5,19,1279,0.6403,820.5,0.1503,7,no_progress,0,1586145,25193.4
702,619,205.24,-1.209,20,,420,0,1,9,396,0.5909,741.0,0.147,9,no_progress,0,1586764,25199.0
703,1337,426.52,7.651,33,,1138,0,5,25,646,0.6096,857.8,0.1059,7,no_progress,0,1588101,25210.6
704,600,266.0,6.818,23,,401,0,2,9,190,0.5521,641.6,0.0702,4,no_progress,0,1588701,25215.9
705,1008,269.68,-2.86,25,,809,0,2,14,673,0.5955,805.5,0.1558,11,no_progress,0,1589709,25224.9
706,1336,406.56,5.52,34,,1137,0,4,17,667,0.6538,861.2,0.1102,9,no_progress,0,1591045,25236.8
707,1169,373.24,-0.043,30,,970,0,4,12,673,0.6292,914.7,0.1285,13,no_progress,0,1592214,25247.2
708,1272,459.12,13.391,33,,1073,0,6,29,554,0.6018,815.9,0.0943,13,no_progress,0,1593486,25258.2
709,1545,518.2,-3.125,40,,1346,0,6,25,1109,0.661,957.1,0.1558,9,no_progress,0,1595031,25271.9
710,1082,336.72,7.954,29,,883,0,3,22,425,0.658,779.0,0.0778,4,no_progress,0,1596113,25281.2
711,1165,333.4,9.462,29,,966,0,3,16,434,0.6706,752.0,0.0756,6,no_progress,0,1597278,25291.7
712,1007,269.72,7.181,25,,808,0,2,15,463,0.608,817.3,0.0953,5,no_progress,0,1598285,25300.7
713,1135,324.6,7.307,28,,936,0,3,16,635,0.6328,749.6,0.1225,10,no_progress,0,1599420,25310.8
714,1684,392.64,1.573,34,,1485,0,4,21,919,0.6875,890.8,0.1125,8,no_progress,0,1601104,25326.1
715,1362,455.52,2.961,33,,1163,0,6,18,904,0.641,975.5,0.1578,40,no_progress,0,1602466,25338.3
716,1034,368.64,0.009,29,,835,0,4,21,763,0.6161,852.8,0.1713,12,no_progress,0,1603500,25347.4
717,939,382.44,9.761,30,,740,0,4,13,496,0.6124,810.1,0.1148,9,no_progress,0,1604439,25355.8
718,1884,434.64,-4.758,36,,1685,0,5,25,1351,0.6806,900.5,0.1553,11,no_progress,0,1606323,25372.8
719,731,270.76,6.312,24,,532,0,2,15,326,0.5923,728.9,0.1059,7,no_progress,0,1607054,25379.3
720,1552,387.92,5.07,33,,1353,0,4,29,853,0.625,894.0,0.1247,13,no_progress,0,1608606,25393.0
721,938,302.48,5.998,25,,739,0,3,16,345,0.6127,750.1,0.0838,8,no_progress,0,1609544,25401.2
722,1239,310.44,-11.689,27,,1040,0,3,15,987,0.6719,942.1,0.1851,7,no_progress,0,1610783,25412.7
723,1269,389.24,-3.522,29,,1070,0,5,10,818,0.6529,853.0,0.1442,11,no_progress,0,1612052,25424.1
724,630,294.8,7.606,20,,431,0,4,13,42,0.4131,677.2,0.0118,0,no_progress,0,1612682,25429.8
725,1228,360.88,1.916,32,,1029,0,3,16,565,0.6,813.5,0.1058,27,no_progress,0,1613910,25440.8
726,676,262.96,7.175,23,,477,0,2,10,95,0.628,753.9,0.0281,7,no_progress,0,1614586,25446.7
727,1145,354.2,3.065,31,,946,0,3,16,569,0.6618,937.7,0.1085,5,no_progress,0,1615731,25457.2
728,1276,308.96,-3.255,27,,1077,0,3,20,707,0.642,803.1,0.1228,7,no_progress,0,1617007,25468.7
729,1064,277.44,-1.585,26,,865,0,2,12,584,0.6353,769.5,0.122,5,no_progress,0,1618071,25478.1
730,930,312.8,4.588,26,,731,0,3,10,309,0.646,878.9,0.07,3,no_progress,0,1619001,25486.3
731,1165,403.4,3.039,30,,966,0,5,17,562,0.6504,821.3,0.1088,5,no_progress,0,1620166,25496.7
732,1623,465.08,1.899,38,,1424,0,5,21,894,0.6185,892.5,0.1212,8,no_progress,0,1621789,25511.3
733,1695,392.2,2.178,31,,1496,0,5,25,878,0.6398,840.1,0.114,5,no_progress,0,1623484,25526.4
734,1140,414.4,5.487,31,,941,0,5,15,626,0.5917,873.5,0.1262,10,no_progress,0,1624624,25536.3
735,1194,302.24,-5.01,26,,995,0,3,14,933,0.6214,866.1,0.1819,20,no_progress,0,1625818,25547.0
736,1504,389.84,-2.863,30,,1305,0,5,21,1053,0.6516,887.9,0.1523,14,no_progress,0,1627322,25560.6
737,637,254.52,6.912,19,,438,0,3,13,157,0.5604,685.4,0.0524,8,no_progress,0,1627959,25566.3
738,1691,432.36,-14.249,35,,1492,0,5,19,1470,0.6566,842.1,0.2003,16,no_progress,0,1629650,25581.4
739,814,227.44,1.394,20,,615,0,2,11,311,0.5931,705.1,0.0774,6,no_progress,0,1630464,25588.6
740,1242,370.32,1.266,30,,1043,0,4,18,677,0.622,791.1,0.1307,6,no_progress,0,1631706,25599.5
741,1237,390.52,0.007,32,,1038,0,4,24,808,0.6629,904.6,0.1428,17,no_progress,0,1632943,25610.6
742,612,265.52,5.968,23,,413,0,2,15,340,0.5931,713.7,0.1278,4,no_progress,0,1633555,25616.1
743,1628,484.88,-10.099,37,,1429,0,6,23,1324,0.617,902.2,0.1929,16,no_progress,0,1635183,25630.9
744,1321,467.16,-0.95,37,,1122,0,5,18,801,0.6412,925.1,0.1353,10,no_progress,0,1636504,25642.9
745,1688,482.48,2.304,37,,1489,0,6,31,1014,0.6355,1050.7,0.1237,8,no_progress,0,1638192,25658.2
746,1346,436.16,2.671,34,,1147,0,5,15,645,0.6144,906.5,0.1063,11,no_progress,0,1639538,25670.4
747,526,178.96,2.966,17,,327,0,1,10,248,0.5993,670.1,0.1055,5,no_progress,0,1640064,25675.0
748,1095,316.2,1.144,27,,896,0,3,21,528,0.6457,910.4,0.1078,9,no_progress,0,1641159,25684.9
749,1236,450.56,-0.216,32,,1037,0,6,21,931,0.6286,870.1,0.1801,15,no_progress,0,1642395,25696.2
750,2324,477.04,-2.228,39,,2125,0,6,19,1478,0.6664,953.0,0.1455,11,no_progress,0,1644719,25716.7
751,1434,462.64,-5.058,37,,1235,0,5,24,1205,0.6756,881.4,0.2045,25,no_progress,0,1646153,25749.1
752,1461,451.56,2.733,36,,1262,0,5,21,949,0.6413,808.6,0.1469,18,no_progress,0,1647614,25762.0
753,588,126.48,-2.992,15,,389,0,0,6,386,0.5642,673.9,0.1476,7,no_progress,0,1648202,25767.2
754,1840,446.4,-16.932,37,,1641,0,5,19,1341,0.6156,910.8,0.1667,12,no_progress,0,1650042,25783.5
755,1333,336.68,5.239,30,,1134,0,3,17,545,0.6536,885.8,0.0904,9,no_progress,0,1651375,25795.2
756,1036,318.56,0.446,27,,837,0,3,16,667,0.6706,760.1,0.1433,9,no_progress,0,1652411,25804.4
757,969,441.24,13.115,33,,770,0,5,19,386,0.6086,792.5,0.093,16,no_progress,0,1653380,25812.9
758,1416,403.36,-0.311,31,,1217,0,5,18,658,0.66,805.6,0.1033,3,no_progress,0,1654796,25825.6
759,1663,463.48,5.249,35,,1464,0,6,15,908,0.6739,861.5,0.118,7,no_progress,0,1656459,25840.5
760,1248,320.08,-7.404,28,,1049,0,3,12,963,0.6573,881.7,0.1771,14,no_progress,0,1657707,25851.9
761,1137,344.52,-1.406,30,,938,0,3,18,819,0.6262,815.6,0.1617,12,no_progress,0,1658844,25861.9
762,1858,385.68,-9.77,34,,1659,0,4,23,1154,0.6752,878.2,0.1388,10,no_progress,0,1660702,25878.4
763,1006,329.76,8.06,28,,807,0,3,15,493,0.62,806.8,0.1042,6,no_progress,0,1661708,25887.0
764,1082,346.72,8.506,27,,883,0,4,20,318,0.5894,773.0,0.0627,6,no_progress,0,1662790,25896.4
765,974,331.04,10.053,28,,775,0,3,34,503,0.6373,857.8,0.1115,7,no_progress,0,1663764,25905.2
766,1062,357.52,8.558,31,,863,0,3,16,486,0.6363,865.3,0.1047,3,no_progress,0,1664826,25914.5
767,1360,425.6,3.423,36,,1161,0,4,19,885,0.6529,805.1,0.1478,8,no_progress,0,1666186,25926.4
768,944,372.24,5.873,29,,745,0,4,20,542,0.6324,756.0,0.1378,10,no_progress,0,1667130,25934.7
769,524,259.04,6.562,19,,325,0,3,14,242,0.5186,646.4,0.1002,7,no_progress,0,1667654,25939.3
770,1381,424.76,9.075,33,,1182,0,5,17,446,0.6419,812.8,0.0618,4,no_progress,0,1669035,25951.5
771,1322,427.12,9.51,33,,1123,0,5,18,553,0.6365,774.0,0.0931,10,no_progress,0,1670357,25963.2
772,790,308.4,7.469,25,,591,0,3,18,335,0.606,726.1,0.0979,14,no_progress,0,1671147,25970.2
773,1458,451.68,1.731,36,,1259,0,5,19,890,0.6651,960.0,0.1433,7,no_progress,0,1672605,25983.2
774,1453,401.88,7.538,34,,1254,0,4,16,700,0.6368,815.2,0.1175,9,no_progress,0,1674058,25995.7
775,647,234.12,9.233,20,,448,0,2,10,265,0.5939,713.0,0.0866,5,no_progress,0,1674705,26001.4
776,1142,394.32,6.876,29,,943,0,5,10,370,0.6445,746.2,0.0744,5,no_progress,0,1675847,26011.4
777,735,280.6,9.387,25,,536,0,2,15,265,0.6337,773.1,0.0831,5,no_progress,0,1676582,26017.9
778,1026,378.96,11.727,30,,827,0,4,16,382,0.6401,823.8,0.0813,6,no_progress,0,1677608,26026.9
779,745,260.2,8.43,20,,546,0,3,10,228,0.5819,720.8,0.0724,4,no_progress,0,1678353,26033.4
780,1188,312.48,5.66,27,,989,0,3,19,451,0.6305,774.5,0.0883,8,no_progress,0,1679541,26043.8
781,2126,484.96,-7.443,39,,1927,0,6,24,1491,0.6685,917.4,0.1595,15,no_progress,0,1681667,26062.7
782,1632,504.72,2.493,39,,1433,0,6,21,1010,0.6538,939.9,0.1357,14,no_progress,0,1683299,26077.2
783,1117,325.32,0.767,28,,918,0,3,14,690,0.6459,909.8,0.138,6,no_progress,0,1684416,26087.1
784,428,132.88,-0.83,15,,229,0,0,4,224,0.6408,642.9,0.1248,4,no_progress,0,1684844,26090.9
785,1126,324.96,0.095,28,,927,0,3,13,585,0.639,832.9,0.1154,5,no_progress,0,1685970,26101.0
786,1097,396.12,0.198,32,,898,0,4,22,748,0.6326,897.9,0.1519,8,no_progress,0,1687067,26110.7
787,1015,369.4,9.022,29,,816,0,4,13,319,0.5714,847.8,0.0625,7,no_progress,0,1688082,26119.6
788,443,152.28,4.648,17,,244,0,0,8,108,0.6258,700.7,0.0506,2,no_progress,0,1688525,26123.6
789,626,314.96,7.414,22,,427,0,4,12,253,0.5743,721.4,0.0918,3,no_progress,0,1689151,26128.9
790,864,265.44,0.014,24,,665,0,2,9,450,0.5943,976.5,0.1192,7,no_progress,0,1690015,26136.5
791,1310,427.6,4.173,33,,1111,0,5,24,780,0.6292,783.8,0.1418,10,no_progress,0,1691325,26148.0
792,1584,476.64,4.041,39,,1385,0,5,20,785,0.5825,907.8,0.1031,6,no_progress,0,1692909,26162.3
793,982,430.72,15.045,32,,783,0,5,17,295,0.6291,806.7,0.0652,6,no_progress,0,1693891,26170.9
794,1385,414.6,-15.005,32,,1186,0,5,15,1168,0.6287,889.4,0.1948,23,no_progress,0,1695276,26183.3
795,1219,411.24,-0.594,34,,1020,0,4,14,657,0.6249,950.5,0.1212,14,no_progress,0,1696495,26194.5
796,1326,506.96,-1.763,35,,1127,0,7,17,803,0.5221,873.6,0.1425,13,no_progress,0,1697821,26206.4
797,710,271.6,-6.812,21,,511,0,3,9,556,0.5486,690.7,0.1981,10,no_progress,0,1698531,26212.7
798,1039,408.44,11.492,30,,840,0,5,13,361,0.5958,733.8,0.0744,4,no_progress,0,1699570,26221.9
799,975,211.0,1.585,22,,776,0,1,12,461,0.659,757.7,0.0981,9,no_progress,0,1700545,26230.7
800,1383,414.68,12.922,35,,1184,0,4,21,543,0.6115,885.7,0.0848,10,no_progress,0,1701928,26242.8
801,1047,288.12,1.483,27,,848,0,2,16,621,0.6588,930.3,0.1378,6,no_progress,0,1702975,26269.6
802,708,261.68,8.76,23,,509,0,2,18,161,0.5847,658.9,0.0507,10,no_progress,0,1703683,26275.9
803,1009,359.64,7.234,31,,810,0,3,22,428,0.6313,832.4,0.0887,10,no_progress,0,1704692,26285.1
804,731,260.76,6.44,23,,532,0,2,15,273,0.6053,738.2,0.086,5,no_progress,0,1705423,26291.6
805,1258,329.68,-5.031,29,,1059,0,3,14,697,0.6387,916.6,0.1295,66,no_progress,0,1706681,26302.8
806,1086,356.56,4.526,31,,887,0,3,13,398,0.6423,896.3,0.0742,3,no_progress,0,1707767,26312.6
807,1666,383.36,2.337,33,,1467,0,4,18,821,0.6441,866.3,0.102,16,no_progress,0,1709433,26327.6
808,2160,403.6,-15.617,37,,1961,0,4,14,1553,0.6686,855.4,0.1537,9,no_progress,0,1711593,26347.9
809,774,229.04,8.578,23,,575,0,1,24,236,0.6276,752.3,0.0669,5,no_progress,0,1712367,26354.7
810,981,310.76,-2.264,23,,782,0,4,22,619,0.619,740.2,0.1459,9,no_progress,0,1713348,26363.7
811,1075,347.0,11.443,27,,876,0,4,22,256,0.6228,804.1,0.0474,6,no_progress,0,1714423,26373.3
812,1239,280.44,-0.849,27,,1040,0,2,13,651,0.6536,853.9,0.1063,8,no_progress,0,1715662,26384.7
813,979,380.84,3.583,30,,780,0,4,18,613,0.6251,841.0,0.1446,15,no_progress,0,1716641,26393.4
814,861,315.56,6.505,26,,662,0,3,17,378,0.5758,754.8,0.1002,6,no_progress,0,1717502,26401.1
815,1000,330.0,0.1,25,,801,0,4,12,589,0.6085,942.0,0.1252,4,no_progress,0,1718502,26410.0
816,632,254.72,8.452,22,,433,0,2,12,199,0.6199,801.5,0.0717,3,no_progress,0,1719134,26415.6
817,1212,291.52,11.702,25,,1013,0,3,24,317,0.6438,848.7,0.0467,4,no_progress,0,1720346,26426.4
818,1252,289.92,2.347,28,,1053,0,2,15,478,0.6506,836.5,0.0816,6,no_progress,0,1721598,26437.6
819,1020,419.2,12.334,31,,821,0,5,22,380,0.5623,831.4,0.0817,8,no_progress,0,1722618,26446.6
820,864,345.44,6.279,26,,665,0,4,13,440,0.6155,761.2,0.1192,6,no_progress,0,1723482,26454.2
821,663,313.48,7.258,25,,464,0,3,16,440,0.5814,792.0,0.1602,18,no_progress,0,1724145,26460.1
822,1663,443.48,-4.698,36,,1464,0,5,23,1123,0.6263,950.6,0.1466,8,no_progress,0,1725808,26475.2
823,610,205.6,6.557,20,,411,0,1,6,103,0.4025,707.2,0.0323,3,no_progress,0,1726418,26480.6
824,984,250.64,2.849,23,,785,0,2,9,437,0.6123,803.3,0.0969,5,no_progress,0,1727402,26489.4
825,947,332.12,3.454,28,,748,0,3,14,513,0.6373,879.9,0.1156,4,no_progress,0,1728349,26498.1
826,1018,319.28,3.303,27,,819,0,3,9,266,0.5584,753.4,0.0551,10,no_progress,0,1729367,26507.3
827,775,229.0,-0.004,23,,576,0,1,10,342,0.6071,745.4,0.0944,5,no_progress,0,1730142,26514.5
828,1539,378.44,0.659,32,,1340,0,4,20,754,0.6152,1024.9,0.1125,17,no_progress,0,1731681,26528.6
829,975,351.0,5.61,30,,776,0,3,17,486,0.6305,811.4,0.121,10,no_progress,0,1732656,26537.3
830,1084,366.64,3.839,32,,885,0,3,12,553,0.6229,896.7,0.1121,10,no_progress,0,1733740,26547.1
831,1297,398.12,-2.126,33,,1098,0,4,24,912,0.654,894.5,0.1646,13,no_progress,0,1735037,26558.9
832,1393,424.28,9.991,33,,1194,0,5,22,673,0.6391,904.8,0.104,8,no_progress,0,1736430,26571.4
833,783,258.68,2.929,23,,584,0,2,14,589,0.6194,790.4,0.177,9,no_progress,0,1737213,26578.5
834,915,273.4,-2.639,25,,716,0,2,15,445,0.6055,785.5,0.1136,7,no_progress,0,1738128,26587.0
835,1616,455.36,-3.884,37,,1417,0,5,18,960,0.6566,1011.4,0.1392,10,no_progress,0,1739744,26601.4
836,1092,326.32,2.726,28,,893,0,3,13,510,0.6406,759.4,0.1005,7,no_progress,0,1740836,26611.5
837,1343,306.28,-3.752,30,,1144,0,2,15,538,0.6238,743.8,0.0809,4,no_progress,0,1742179,26623.7
838,1877,444.92,-20.524,37,,1678,0,5,20,1764,0.65,1007.2,0.2144,19,no_progress,0,1744056,26640.6
839,702,281.92,1.139,25,,503,0,2,12,315,0.6257,738.4,0.0926,3,no_progress,0,1744758,26647.1
840,637,254.52,7.288,22,,438,0,2,12,198,0.5926,775.2,0.0711,1,no_progress,0,1745395,26652.9
841,943,412.28,10.332,30,,744,0,5,20,407,0.5973,777.4,0.0982,6,no_progress,0,1746338,26661.4
842,918,303.28,5.878,28,,719,0,2,17,382,0.6435,873.5,0.0907,7,no_progress,0,1747256,26669.5
843,854,285.84,-6.21,23,,655,0,3,11,653,0.6385,897.5,0.1771,7,no_progress,0,1748110,26677.3
844,1069,277.24,-7.797,23,,870,0,3,14,809,0.6677,750.6,0.1758,11,no_progress,0,1749179,26686.9
845,1670,323.2,1.743,30,,1471,0,3,24,793,0.6341,811.5,0.1003,5,no_progress,0,1750849,26701.8
846,1303,367.88,7.156,30,,1104,0,4,20,610,0.6222,819.9,0.1034,4,no_progress,0,1752152,26713.3
847,846,336.16,-1.191,28,,647,0,3,16,598,0.6268,926.8,0.1695,3,no_progress,0,1752998,26721.0
848,1118,375.28,-10.422,30,,919,0,4,20,1048,0.6035,1020.2,0.2246,44,no_progress,0,1754116,26731.0
849,985,280.6,8.052,26,,786,0,2,16,392,0.6716,804.7,0.0918,6,no_progress,0,1755101,26739.9
850,1319,347.24,-8.894,28,,1120,0,4,11,919,0.6609,879.0,0.1566,6,no_progress,0,1756420,26752.0
851,1113,355.48,1.512,28,,914,0,4,10,428,0.5851,745.5,0.0782,5,no_progress,0,1757533,26778.3
852,2418,533.28,-20.361,45,,2219,0,6,18,1966,0.6734,955.4,0.1926,9,no_progress,0,1759951,26800.3
853,943,332.28,3.795,28,,744,0,3,17,544,0.6172,874.0,0.1216,7,no_progress,0,1760894,26808.9
854,1440,362.4,4.89,30,,1241,0,4,17,597,0.6128,792.3,0.0915,8,no_progress,0,1762334,26822.0
855,902,333.92,5.375,28,,703,0,3,13,310,0.5834,784.2,0.0685,13,no_progress,0,1763236,26830.1
856,1081,406.76,12.404,30,,882,0,5,19,524,0.5918,771.2,0.1109,7,no_progress,0,1764317,26839.8
857,809,217.64,5.097,22,,610,0,1,10,176,0.5788,730.8,0.0419,4,no_progress,0,1765126,26847.1
858,1241,400.36,3.407,33,,1042,0,4,17,539,0.6463,880.9,0.0943,8,no_progress,0,1766367,26858.6
859,1222,271.12,-8.596,26,,1023,0,2,14,969,0.6606,857.9,0.1853,9,no_progress,0,1767589,26869.7
860,1078,296.88,1.226,28,,879,0,2,14,605,0.6345,938.5,0.1174,6,no_progress,0,1768667,26879.4
861,1123,365.08,7.015,29,,924,0,4,14,433,0.6133,839.9,0.0846,8,no_progress,0,1769790,26889.6
862,1247,340.12,1.828,27,,1048,0,4,18,528,0.6544,832.7,0.0906,4,no_progress,0,1771037,26900.9
863,877,384.92,24.47,30,,678,0,4,67,217,0.6018,860.3,0.0556,4,no_progress,0,1771914,26908.7
864,1522,369.12,-0.344,31,,1323,0,4,17,1010,0.6721,946.4,0.1502,17,no_progress,0,1773436,26922.5
865,1100,346.0,-4.438,30,,901,0,3,19,862,0.5716,790.4,0.1762,10,no_progress,0,1774536,26933.0
866,1603,335.88,1.839,31,,1404,0,3,12,798,0.6564,955.1,0.1059,32,no_progress,0,1776139,26947.3
867,897,364.12,11.38,28,,698,0,4,19,289,0.5792,714.7,0.0728,3,no_progress,0,1777036,26955.3
868,1216,431.36,8.177,33,,1017,0,5,21,743,0.6562,798.8,0.1412,10,no_progress,0,1778252,26966.2
869,1208,361.68,2.53,29,,1009,0,4,12,633,0.6523,762.8,0.1106,6,no_progress,0,1779460,26977.5
870,1262,449.52,18.292,32,,1063,0,6,21,384,0.6084,829.5,0.0638,4,no_progress,0,1780722,26988.8
871,766,189.36,3.721,19,,567,0,1,9,251,0.5966,722.0,0.0712,7,no_progress,0,1781488,26995.5
872,1115,295.4,-3.901,25,,916,0,3,16,772,0.5635,760.7,0.1533,14,no_progress,0,1782603,27005.8
873,1238,380.48,5.896,34,,1039,0,3,16,507,0.5895,822.2,0.0874,6,no_progress,0,1783841,27017.1
874,1079,366.84,4.011,29,,880,0,4,20,580,0.6295,815.8,0.1272,9,no_progress,0,1784920,27026.7
875,1290,378.4,2.064,31,,1091,0,4,20,728,0.6578,868.4,0.1243,9,no_progress,0,1786210,27038.3
876,847,226.12,0.081,20,,648,0,2,7,443,0.6384,734.0,0.1158,10,no_progress,0,1787057,27046.1
877,1252,409.92,6.494,34,,1053,0,4,16,523,0.6623,910.4,0.0929,13,no_progress,0,1788309,27057.1
878,840,276.4,4.848,25,,641,0,2,16,390,0.6402,801.2,0.1071,5,no_progress,0,1789149,27064.6
879,1137,374.52,1.948,30,,938,0,4,16,600,0.6583,734.7,0.12,6,no_progress,0,1790286,27074.9
880,887,334.52,4.309,25,,688,0,4,15,568,0.606,886.2,0.1476,7,no_progress,0,1791173,27083.1
881,1610,325.6,-20.391,30,,1411,0,3,17,1517,0.6894,1035.2,0.2059,8,no_progress,0,1792783,27098.1
882,853,325.88,12.866,27,,654,0,3,20,185,0.5557,775.0,0.0415,2,no_progress,0,1793636,27105.7
883,945,272.2,0.272,22,,746,0,3,11,336,0.5849,867.3,0.0728,15,no_progress,0,1794581,27114.5
884,1122,385.12,5.776,31,,923,0,4,17,627,0.6433,841.1,0.1254,5,no_progress,0,1795703,27124.5
885,1031,348.76,-0.247,27,,832,0,4,13,678,0.6159,896.3,0.1484,10,no_progress,0,1796734,27133.7
886,1002,349.92,-2.561,30,,803,0,3,11,672,0.6477,802.8,0.1414,5,no_progress,0,1797736,27143.1
887,1427,332.92,-5.348,30,,1228,0,3,19,719,0.6536,772.5,0.1082,4,no_progress,0,1799163,27156.4
888,1660,393.6,1.99,31,,1461,0,5,18,860,0.6533,861.2,0.1163,10,no_progress,0,1800823,27171.2
889,1248,400.08,12.381,33,,1049,0,4,14,308,0.633,803.2,0.0502,7,no_progress,0,1802071,27182.3
890,691,272.36,0.099,21,,492,0,3,16,521,0.58,760.5,0.1803,7,no_progress,0,1802762,27188.8
891,1267,359.32,5.369,26,,1068,0,5,14,616,0.5679,836.5,0.1003,10,no_progress,0,1804029,27200.2
892,1153,383.88,-1.885,31,,954,0,4,13,885,0.6004,844.7,0.1804,10,no_progress,0,1805182,27210.5
893,918,283.28,-1.066,26,,719,0,2,10,506,0.594,733.3,0.1321,10,no_progress,0,1806100,27218.8
894,727,330.92,11.359,27,,528,0,3,16,211,0.5894,769.0,0.0564,3,no_progress,0,1806827,27225.4
895,1124,295.04,-0.119,28,,925,0,2,12,473,0.6808,751.2,0.0956,7,no_progress,0,1807951,27235.7
896,843,336.28,10.508,25,,644,0,4,19,212,0.5495,666.5,0.0555,2,no_progress,0,1808794,27243.2
897,1050,328.0,0.253,28,,851,0,3,10,493,0.6255,946.9,0.0969,11,no_progress,0,1809844,27252.7
898,844,346.24,12.656,26,,645,0,4,16,226,0.5788,735.5,0.0605,2,no_progress,0,1810688,27260.4
899,1289,348.44,4.093,31,,1090,0,3,17,575,0.6398,788.9,0.0976,13,no_progress,0,1811977,27272.1
900,1145,354.2,0.341,31,,946,0,3,17,632,0.6587,858.9,0.1212,12,no_progress,0,1813122,27282.7
901,1481,410.76,3.876,32,,1282,0,5,20,793,0.6712,889.1,0.1237,14,no_progress,0,1814603,27313.7
902,1008,269.68,6.682,25,,809,0,2,10,505,0.6808,872.6,0.1077,5,no_progress,0,1815611,27322.7
903,1057,357.72,7.956,28,,858,0,4,22,498,0.6731,728.4,0.0995,4,no_progress,0,1816668,27332.1
904,1114,275.44,0.58,26,,915,0,2,14,696,0.6118,875.5,0.1449,28,no_progress,0,1817782,27342.0
905,521,249.16,8.838,18,,322,0,3,11,167,0.5461,712.0,0.0715,7,no_progress,0,1818303,27346.7
906,1395,454.2,-16.68,33,,1196,0,6,19,1519,0.6147,1029.0,0.2441,13,no_progress,0,1819698,27359.6
907,1240,430.4,8.983,33,,1041,0,5,24,469,0.6327,788.6,0.0753,7,no_progress,0,1820938,27370.9
908,1630,474.8,11.584,39,,1431,0,5,24,768,0.635,965.0,0.0954,4,no_progress,0,1822568,27385.3
909,1098,366.08,10.116,32,,899,0,3,18,424,0.6516,866.6,0.0779,6,no_progress,0,1823666,27395.2
910,983,340.68,0.327,29,,784,0,3,13,508,0.6208,932.7,0.1262,4,no_progress,0,1824649,27404.2
911,1205,311.8,-3.779,30,,1006,0,2,13,639,0.6519,860.4,0.1144,9,no_progress,0,1825854,27415.3
912,1970,481.2,-3.252,38,,1771,0,6,20,1159,0.668,985.8,0.1292,9,no_progress,0,1827824,27432.7
913,860,335.6,11.428,25,,661,0,4,16,226,0.6012,732.8,0.0584,5,no_progress,0,1828684,27440.3
914,1550,428.0,-4.47,34,,1351,0,5,19,974,0.6053,907.0,0.1423,8,no_progress,0,1830234,27454.3
915,1387,334.52,-7.928,30,,1188,0,3,19,855,0.6145,774.1,0.1393,7,no_progress,0,1831621,27466.9
916,1170,323.2,-0.076,28,,971,0,3,14,553,0.6286,758.4,0.1039,4,no_progress,0,1832791,27477.3
917,1102,295.92,5.068,28,,903,0,2,14,278,0.6382,783.6,0.0511,6,no_progress,0,1833893,27487.2
918,849,306.04,10.572,25,,650,0,3,17,263,0.626,866.6,0.0677,4,no_progress,0,1834742,27494.8
919,807,287.72,2.422,23,,608,0,3,9,340,0.6029,711.5,0.0964,5,no_progress,0,1835549,27502.0
920,774,289.04,9.782,26,,575,0,2,17,283,0.6289,764.0,0.0835,6,no_progress,0,1836323,27508.7
921,762,279.52,1.773,25,,563,0,2,12,431,0.6198,829.4,0.1281,10,no_progress,0,1837085,27515.5
922,1212,401.52,0.898,30,,1013,0,5,20,745,0.6248,936.8,0.143,10,no_progress,0,1838297,27526.3
923,1129,434.84,-0.951,33,,930,0,5,18,665,0.6242,757.5,0.1361,7,no_progress,0,1839426,27536.2
924,866,375.36,8.861,29,,667,0,4,23,396,0.6186,765.7,0.1063,6,no_progress,0,1840292,27544.0
925,777,338.92,13.189,28,,578,0,3,19,395,0.6245,720.0,0.1201,6,no_progress,0,1841069,27550.8
926,1196,332.16,-3.256,29,,997,0,3,13,759,0.639,860.8,0.151,8,no_progress,0,1842265,27561.4
927,1733,460.68,-2.53,38,,1534,0,5,23,1107,0.6401,852.6,0.1466,10,no_progress,0,1843998,27576.7
928,1270,399.2,6.963,30,,1071,0,5,22,613,0.5854,788.0,0.1131,12,no_progress,0,1845268,27588.0
929,1333,486.68,4.305,39,,1134,0,5,19,781,0.6168,885.7,0.1323,4,no_progress,0,1846601,27600.1
930,1351,375.96,8.062,31,,1152,0,4,21,351,0.6049,779.4,0.0534,3,no_progress,0,1847952,27611.9
931,1011,289.56,-1.249,27,,812,0,2,11,603,0.6365,833.7,0.1327,8,no_progress,0,1848963,27620.8
932,1148,294.08,1.799,28,,949,0,2,15,508,0.6577,798.7,0.0955,5,no_progress,0,1850111,27631.0
933,1177,452.92,1.393,35,,978,0,5,24,865,0.6548,1002.5,0.1797,25,no_progress,0,1851288,27641.5
934,629,134.84,-1.259,16,,430,0,0,9,319,0.5994,861.7,0.107,7,no_progress,0,1851917,27647.2
935,1464,431.44,-4.388,34,,1265,0,5,16,1162,0.6684,1036.1,0.1754,25,no_progress,0,1853381,27660.3
936,1019,369.24,-0.148,29,,820,0,4,20,729,0.6187,829.8,0.1676,7,no_progress,0,1854400,27669.5
937,1095,316.2,4.054,27,,896,0,3,15,591,0.608,806.3,0.1208,10,no_progress,0,1855495,27679.3
938,1054,377.84,11.042,30,,855,0,4,18,443,0.6454,943.3,0.0924,9,no_progress,0,1856549,27688.6
939,1162,323.52,-0.527,28,,963,0,3,13,807,0.6579,833.2,0.1614,8,no_progress,0,1857711,27699.0
940,1309,327.64,5.168,29,,1110,0,3,21,639,0.6398,721.4,0.1121,6,no_progress,0,1859020,27710.6
941,963,311.48,6.141,26,,764,0,3,11,444,0.6412,755.7,0.0985,6,no_progress,0,1859983,27719.2
942,1171,273.16,-14.394,26,,972,0,2,17,964,0.5869,847.6,0.1773,21,no_progress,0,1861154,27729.9
943,978,360.88,1.151,31,,779,0,3,19,795,0.6437,846.6,0.1837,9,no_progress,0,1862132,27738.7
944,1140,254.4,-1.523,24,,941,0,2,13,559,0.6761,744.0,0.1121,10,no_progress,0,1863272,27749.1
945,1704,441.84,4.046,36,,1505,0,5,33,1135,0.6428,936.8,0.1497,6,no_progress,0,1864976,27764.5
946,1212,371.52,4.445,30,,1013,0,4,19,569,0.6225,792.8,0.1043,4,no_progress,0,1866188,27775.1
947,1380,404.8,1.377,34,,1181,0,4,20,594,0.6201,865.8,0.0935,6,no_progress,0,1867568,27787.4
948,921,293.16,8.643,24,,722,0,3,19,377,0.6262,742.0,0.088,4,no_progress,0,1868489,27795.4
949,757,279.72,7.564,25,,558,0,2,16,229,0.6162,742.2,0.0685,9,no_progress,0,1869246,27802.1
950,1029,298.84,10.536,25,,830,0,3,50,570,0.6331,795.7,0.1208,18,no_progress,0,1870275,27811.2
951,1629,444.84,-6.375,33,,1430,0,6,24,1079,0.6473,877.1,0.1507,7,no_progress,0,1871904,27845.2
952,1200,372.0,2.273,30,,1001,0,4,12,587,0.6162,853.8,0.1101,8,no_progress,0,1873104,27856.0
953,1001,339.96,6.656,29,,802,0,3,15,386,0.6479,763.5,0.0926,7,no_progress,0,1874105,27864.8
954,1503,359.88,-2.786,30,,1304,0,4,18,918,0.6462,797.4,0.1301,12,no_progress,0,1875608,27878.3
955,438,152.48,4.897,17,,239,0,0,7,60,0.5188,653.1,0.0316,7,no_progress,0,1876046,27882.1
956,1261,339.56,2.202,30,,1062,0,3,18,585,0.6408,819.5,0.0995,9,no_progress,0,1877307,27893.2
957,1178,392.88,5.938,29,,979,0,5,21,637,0.611,918.6,0.1224,13,no_progress,0,1878485,27903.8
958,1106,325.76,2.051,28,,907,0,3,17,514,0.5748,751.0,0.1016,4,no_progress,0,1879591,27913.6
959,1446,542.16,15.935,39,,1247,0,7,33,662,0.5813,907.8,0.1046,7,no_progress,0,1881037,27926.2
960,576,226.96,-0.438,19,,377,0,2,10,353,0.5773,664.1,0.1375,14,no_progress,0,1881613,27931.4
961,1014,329.44,-4.579,28,,815,0,3,21,746,0.6277,808.1,0.1655,7,no_progress,0,1882627,27940.7
962,1471,411.16,3.883,35,,1272,0,4,14,836,0.6271,799.4,0.1283,10,no_progress,0,1884098,27953.7
963,1158,343.68,1.354,30,,959,0,3,13,686,0.6326,817.5,0.1304,11,no_progress,0,1885256,27963.9
964,1013,329.48,3.342,28,,814,0,3,15,484,0.634,763.1,0.108,8,no_progress,0,1886269,27972.8
965,1129,334.84,-0.09,29,,930,0,3,12,535,0.6225,835.3,0.1053,5,no_progress,0,1887398,27982.7
966,649,154.04,-2.51,18,,450,0,0,11,225,0.574,608.3,0.0795,8,no_progress,0,1888047,27988.5
967,925,323.0,0.821,27,,726,0,3,14,542,0.6043,822.8,0.1329,5,no_progress,0,1888972,27996.9
968,1125,355.0,-1.897,28,,926,0,4,19,551,0.6487,842.8,0.1151,10,no_progress,0,1890097,28006.7
969,633,154.68,-0.893,18,,434,0,0,14,297,0.5885,731.0,0.0965,16,no_progress,0,1890730,28012.5
970,943,392.28,5.236,28,,744,0,5,21,409,0.5716,734.8,0.0909,8,no_progress,0,1891673,28020.9
971,545,208.2,2.906,17,,346,0,2,9,265,0.6413,871.1,0.1171,2,no_progress,0,1892218,28025.9
972,1177,352.92,-1.498,31,,978,0,3,22,640,0.6504,967.2,0.1229,5,no_progress,0,1893395,28036.5
973,993,330.28,-2.338,28,,794,0,3,12,580,0.645,955.5,0.1384,6,no_progress,0,1894388,28045.3
974,1069,317.24,8.852,27,,870,0,3,17,340,0.5961,822.2,0.0639,9,no_progress,0,1895457,28054.6
975,1448,462.08,-2.991,37,,1249,0,5,21,1239,0.6352,945.0,0.2064,9,no_progress,0,1896905,28067.5
976,1483,410.68,-3.515,35,,1284,0,4,18,904,0.6391,976.9,0.1389,13,no_progress,0,1898388,28080.8
977,969,301.24,-2.645,25,,770,0,3,12,625,0.6233,843.5,0.1549,8,no_progress,0,1899357,28089.5
978,1181,412.76,5.723,31,,982,0,5,22,536,0.6084,926.0,0.1056,10,no_progress,0,1900538,28100.1
979,710,241.6,-1.581,21,,511,0,2,10,414,0.6539,876.1,0.1307,20,no_progress,0,1901248,28106.7
980,1159,353.64,3.961,28,,960,0,4,22,785,0.6409,861.3,0.1527,13,no_progress,0,1902407,28117.3
981,655,293.8,9.488,20,,456,0,4,18,153,0.5786,671.0,0.0458,2,no_progress,0,1903062,28123.2
982,1576,426.96,5.595,34,,1377,0,5,23,765,0.6321,842.8,0.104,5,no_progress,0,1904638,28137.5
983,714,271.44,11.201,24,,515,0,2,15,163,0.5805,747.7,0.0412,4,no_progress,0,1905352,28144.1
984,904,273.84,7.974,25,,705,0,2,21,366,0.5774,766.5,0.0843,5,no_progress,0,1906256,28152.1
985,1791,428.36,-6.526,35,,1592,0,5,22,1084,0.6633,1010.1,0.1314,8,no_progress,0,1908047,28168.3
986,1829,516.84,-6.69,41,,1630,0,6,29,1344,0.6534,998.2,0.1595,31,no_progress,0,1909876,28184.8
987,906,383.76,7.806,27,,707,0,5,17,443,0.5455,720.9,0.1077,11,no_progress,0,1910782,28192.8
988,1476,460.96,-10.495,37,,1277,0,5,22,1363,0.6651,865.1,0.2192,32,no_progress,0,1912258,28206.1
989,1294,418.24,-1.089,32,,1095,0,5,22,811,0.6142,842.2,0.1429,17,no_progress,0,1913552,28217.7
990,983,390.68,0.344,31,,784,0,4,16,478,0.6539,1008.5,0.1145,5,no_progress,0,1914535,28226.6
991,1222,431.12,9.301,33,,1023,0,5,22,619,0.6477,930.4,0.1145,6,no_progress,0,1915757,28237.3
992,1665,493.4,10.845,38,,1466,0,6,19,811,0.638,904.6,0.1084,11,no_progress,0,1917422,28252.0
993,345,136.2,2.873,15,,146,0,0,9,106,0.6319,756.3,0.0683,9,no_progress,0,1917767,28255.3
994,898,314.08,1.618,26,,699,0,3,14,485,0.6055,725.7,0.1233,6,no_progress,0,1918665,28263.3
995,835,256.6,8.251,23,,636,0,2,13,305,0.6332,739.3,0.0806,7,no_progress,0,1919500,28270.9
996,1272,399.12,9.898,33,,1073,0,4,18,617,0.6704,963.7,0.1077,5,no_progress,0,1920772,28282.2
997,1289,328.44,-3.412,29,,1090,0,3,14,563,0.6379,863.2,0.0924,10,no_progress,0,1922061,28294.0
998,803,337.88,3.782,28,,604,0,3,21,430,0.6121,908.8,0.1227,3,no_progress,0,1922864,28301.2
999,1054,367.84,2.886,29,,855,0,4,19,496,0.6222,804.7,0.1081,12,no_progress,0,1923918,28310.7
1000,1469,471.24,-9.319,35,,1270,0,6,21,1155,0.6367,932.3,0.1851,24,no_progress,0,1925387,28323.9
1001,1554,467.84,-0.451,38,,1355,0,5,20,887,0.6644,851.9,0.1272,9,no_progress,0,1926941,28357.4
1002,362,155.52,1.247,14,,163,0,1,8,127,0.5656,656.8,0.0901,4,no_progress,0,1927303,28360.6
1003,1006,399.76,17.747,29,,807,0,5,25,240,0.6178,728.6,0.0529,4,no_progress,0,1928309,28369.4
1004,888,314.48,-1.559,29,,689,0,2,15,461,0.638,868.6,0.1129,9,no_progress,0,1929197,28377.4
1005,1683,372.68,-8.718,32,,1484,0,4,21,971,0.6567,901.8,0.127,6,no_progress,0,1930880,28392.5
1006,2206,461.76,-22.0,40,,2007,0,5,15,1735,0.6864,1002.9,0.1736,11,no_progress,0,1933086,28412.6
1007,670,283.2,6.178,22,,471,0,3,14,283,0.616,780.6,0.0996,7,no_progress,0,1933756,28418.6
1008,1356,475.76,5.913,35,,1157,0,6,21,793,0.6235,834.9,0.1286,5,no_progress,0,1935112,28430.7
1009,890,404.4,7.516,29,,691,0,5,19,510,0.6107,829.3,0.1314,10,no_progress,0,1936002,28438.6
1010,1186,352.56,7.343,31,,987,0,3,14,584,0.6381,789.9,0.1047,9,no_progress,0,1937188,28449.4
1011,1288,378.48,8.122,31,,1089,0,4,21,467,0.6345,815.0,0.0835,13,no_progress,0,1938476,28460.8
1012,1669,373.24,-11.575,32,,1470,0,4,20,1068,0.6582,959.4,0.1433,21,no_progress,0,1940145,28475.8
1013,1198,352.08,-3.96,31,,999,0,3,17,661,0.6425,868.2,0.1175,9,no_progress,0,1941343,28486.6
1014,1262,389.52,-8.382,32,,1063,0,4,15,958,0.6502,896.0,0.1766,8,no_progress,0,1942605,28498.5
1015,799,308.04,5.333,25,,600,0,3,15,377,0.6686,747.2,0.1049,11,no_progress,0,1943404,28505.8
1016,1172,363.12,2.531,32,,973,0,3,15,422,0.6295,852.0,0.0694,7,no_progress,0,1944576,28516.4
1017,1238,440.48,4.721,34,,1039,0,5,22,615,0.6531,856.4,0.103,4,no_progress,0,1945814,28527.5
1018,1046,348.16,14.289,27,,847,0,4,38,545,0.5753,1047.2,0.1136,5,no_progress,0,1946860,28536.7
1019,2114,445.44,-20.916,38,,1915,0,5,19,1577,0.6762,907.6,0.1615,8,no_progress,0,1948974,28556.3
1020,1224,331.04,-2.677,29,,1025,0,3,17,754,0.6548,860.6,0.1361,7,no_progress,0,1950198,28567.5
1021,1129,454.84,12.265,32,,930,0,6,17,415,0.5702,746.2,0.0786,3,no_progress,0,1951327,28577.4
1022,924,373.04,9.206,29,,725,0,4,17,407,0.6131,758.2,0.0924,5,no_progress,0,1952251,28585.8
1023,1063,277.48,-0.249,26,,864,0,2,14,569,0.6296,845.0,0.1156,8,no_progress,0,1953314,28595.4
1024,1180,422.8,7.139,32,,981,0,5,23,428,0.6602,858.9,0.071,4,no_progress,0,1954494,28605.9
1025,1280,408.8,4.42,34,,1081,0,4,18,510,0.6361,938.7,0.0835,11,no_progress,0,1955774,28617.4
1026,1102,345.92,5.858,27,,903,0,4,14,525,0.5973,748.7,0.1071,5,no_progress,0,1956876,28627.2
1027,2041,498.36,-2.16,37,,1842,0,7,24,1140,0.6243,894.8,0.1283,9,no_progress,0,1958917,28645.2
1028,1731,450.76,11.658,37,,1532,0,5,31,796,0.6362,841.0,0.1047,5,no_progress,0,1960648,28660.6
1029,1098,396.08,12.181,29,,899,0,5,24,405,0.5897,810.5,0.08,3,no_progress,0,1961746,28670.4
1030,1505,349.8,-11.401,29,,1306,0,4,18,1321,0.659,915.9,0.196,15,no_progress,0,1963251,28683.8
1031,925,333.0,5.701,25,,726,0,4,12,265,0.5822,707.5,0.0587,3,no_progress,0,1964176,28692.2
1032,932,372.72,4.473,26,,733,0,5,10,430,0.6108,823.0,0.105,6,no_progress,0,1965108,28700.5
1033,822,337.12,4.707,28,,623,0,3,10,333,0.6548,786.8,0.0883,3,no_progress,0,1965930,28707.8
1034,1507,389.72,9.977,33,,1308,0,4,20,756,0.6702,811.4,0.1016,8,no_progress,0,1967437,28721.3
1035,965,331.4,5.593,28,,766,0,3,14,486,0.6705,912.2,0.1118,4,no_progress,0,1968402,28729.8
1036,935,322.6,4.474,27,,736,0,3,12,513,0.6104,772.9,0.1297,15,no_progress,0,1969337,28738.2
1037,1015,399.4,12.263,32,,816,0,4,19,416,0.62,860.2,0.0881,8,no_progress,0,1970352,28747.3
1038,1005,269.8,-6.523,25,,806,0,2,16,753,0.6192,783.1,0.1523,7,no_progress,0,1971357,28756.4
1039,936,412.56,9.721,30,,737,0,5,17,302,0.5649,768.3,0.071,3,no_progress,0,1972293,28764.7
1040,1240,390.4,3.126,32,,1041,0,4,20,582,0.6218,892.2,0.0924,10,no_progress,0,1973533,28776.2
1041,1600,426.0,1.108,34,,1401,0,5,18,735,0.6606,857.4,0.1007,3,no_progress,0,1975133,28792.1
1042,1381,374.76,-8.774,31,,1182,0,4,14,1126,0.6035,941.1,0.1966,45,no_progress,0,1976514,28806.2
1043,1153,333.88,3.185,29,,954,0,3,13,559,0.6438,952.9,0.1048,6,no_progress,0,1977667,28817.7
1044,903,433.88,9.461,32,,704,0,5,18,328,0.544,873.1,0.0805,7,no_progress,0,1978570,28826.0
1045,677,272.92,8.171,24,,478,0,2,15,181,0.6322,795.6,0.0596,9,no_progress,0,1979247,28832.0
1046,949,282.04,1.348,26,,750,0,2,14,418,0.6502,769.2,0.1018,5,no_progress,0,1980196,28840.6
1047,729,200.84,3.698,20,,530,0,1,17,388,0.6523,726.0,0.1216,6,no_progress,0,1980925,28847.3
1048,779,268.84,4.179,24,,580,0,2,13,311,0.6425,893.0,0.0882,6,no_progress,0,1981704,28854.3
1049,1258,399.68,4.279,33,,1059,0,4,17,496,0.6804,824.5,0.086,9,no_progress,0,1982962,28865.6
1050,1539,388.44,3.649,33,,1340,0,4,21,745,0.5957,785.2,0.0983,11,no_progress,0,1984501,28879.1
1051,1196,352.16,-3.45,31,,997,0,3,20,778,0.6325,828.1,0.1481,10,no_progress,0,1985697,28907.5
1052,1597,366.12,1.292,31,,1398,0,4,20,765,0.6277,808.5,0.1055,6,no_progress,0,1987294,28921.6
1053,1035,368.6,-13.114,29,,836,0,4,13,996,0.6577,958.3,0.2205,13,no_progress,0,1988329,28931.0
1054,915,303.4,2.992,25,,716,0,3,18,516,0.6254,744.3,0.1244,10,no_progress,0,1989244,28939.1
1055,1379,474.84,-0.647,35,,1180,0,6,17,883,0.6458,883.4,0.149,10,no_progress,0,1990623,28951.5
1056,1232,400.72,12.657,30,,1033,0,5,29,548,0.6112,784.2,0.1003,8,no_progress,0,1991855,28962.4
1057,713,251.48,-0.157,22,,514,0,2,12,468,0.6255,706.6,0.1543,10,no_progress,0,1992568,28968.6
1058,1090,356.4,3.442,28,,891,0,4,17,689,0.6548,845.1,0.1545,5,no_progress,0,1993658,28978.4
1059,1017,369.32,8.031,29,,818,0,4,19,539,0.6288,762.5,0.1228,7,no_progress,0,1994675,28987.4
1060,1404,383.84,-0.246,32,,1205,0,4,17,583,0.6134,830.9,0.0898,8,no_progress,0,1996079,29000.0
1061,784,338.64,6.489,28,,585,0,3,15,332,0.6091,896.5,0.0973,9,no_progress,0,1996863,29007.1
1062,1467,391.32,-6.515,33,,1268,0,4,15,1006,0.6677,873.1,0.1486,7,no_progress,0,1998330,29020.3
1063,812,347.52,10.035,26,,613,0,4,18,233,0.605,772.5,0.0624,7,no_progress,0,1999142,29027.5
1064,921,353.16,8.769,27,,722,0,4,15,252,0.604,756.2,0.0545,4,no_progress,0,2000063,29035.6
1065,772,389.12,6.12,27,,573,0,5,12,385,0.5949,788.7,0.1073,7,no_progress,0,2000835,29042.5
1066,1418,343.28,2.575,31,,1219,0,3,39,678,0.6395,874.9,0.1071,9,no_progress,0,2002253,29054.9
1067,847,276.12,1.663,25,,648,0,2,12,460,0.6068,714.3,0.1167,6,no_progress,0,2003100,29062.6
1068,1681,512.76,-5.209,40,,1482,0,6,18,1278,0.6361,874.2,0.1745,9,no_progress,0,2004781,29077.5
1069,1209,371.64,-10.926,30,,1010,0,4,16,1054,0.6299,819.6,0.2091,12,no_progress,0,2005990,29088.4
1070,1447,332.12,-10.843,30,,1248,0,3,18,966,0.6674,950.2,0.1495,11,no_progress,0,2007437,29101.2
1071,1071,347.16,-7.586,30,,872,0,3,18,720,0.6415,921.9,0.1578,9,no_progress,0,2008508,29110.7
1072,990,290.4,1.404,27,,791,0,2,12,614,0.6631,832.7,0.1395,14,no_progress,0,2009498,29119.5
1073,1118,405.28,2.413,30,,919,0,5,19,613,0.6277,858.3,0.1206,10,no_progress,0,2010616,29129.5
1074,1307,427.72,10.191,33,,1108,0,5,21,573,0.6492,833.7,0.0955,10,no_progress,0,2011923,29140.9
1075,985,360.6,-7.442,31,,786,0,3,14,766,0.6419,859.6,0.1733,6,no_progress,0,2012908,29149.9
1076,1205,381.8,-4.608,31,,1006,0,4,13,873,0.6427,974.6,0.1582,18,no_progress,0,2014113,29160.7
1077,1077,316.92,10.462,27,,878,0,3,18,335,0.6093,769.7,0.0656,3,no_progress,0,2015190,29170.2
1078,1391,484.36,4.995,36,,1192,0,6,23,757,0.5676,791.5,0.1262,13,no_progress,0,2016581,29182.6
1079,1139,394.44,6.961,32,,940,0,4,20,504,0.6282,836.7,0.0965,5,no_progress,0,2017720,29192.5
1080,1190,402.4,3.888,30,,991,0,5,20,580,0.6176,787.3,0.1134,10,no_progress,0,2018910,29203.1
1081,1015,399.4,7.537,29,,816,0,5,16,417,0.6049,763.4,0.0944,5,no_progress,0,2019925,29212.1
1082,1015,289.4,-5.392,27,,816,0,2,16,697,0.5946,717.7,0.161,5,no_progress,0,2020940,29221.0
1083,1580,396.8,-9.434,34,,1381,0,4,22,1110,0.6465,896.1,0.1586,9,no_progress,0,2022520,29235.0
1084,1526,388.96,-0.274,30,,1327,0,5,18,801,0.6132,853.0,0.1171,7,no_progress,0,2024046,29248.5
1085,1516,489.36,6.002,37,,1317,0,6,25,835,0.6511,892.1,0.1258,14,no_progress,0,2025562,29261.7
1086,953,411.88,2.277,30,,754,0,5,13,599,0.633,935.4,0.1395,4,no_progress,0,2026515,29270.4
1087,892,364.32,2.143,31,,693,0,3,14,612,0.6572,807.8,0.1623,9,no_progress,0,2027407,29278.5
1088,1073,447.08,12.407,34,,874,0,5,22,441,0.6188,868.6,0.0879,7,no_progress,0,2028480,29288.1
1089,1571,387.16,-3.648,33,,1372,0,4,12,792,0.6712,921.1,0.113,10,no_progress,0,2030051,29301.8
1090,1218,361.28,1.229,29,,1019,0,4,24,840,0.65,924.1,0.1554,10,no_progress,0,2031269,29312.5
1091,832,296.72,8.904,24,,633,0,3,14,252,0.6304,753.1,0.0615,6,no_progress,0,2032101,29319.8
1092,1389,404.44,-6.579,34,,1190,0,4,20,976,0.6614,954.7,0.16,6,no_progress,0,2033490,29332.4
1093,913,323.48,4.272,27,,714,0,3,16,371,0.6194,803.0,0.0934,3,no_progress,0,2034403,29340.5
1094,976,340.96,1.631,29,,777,0,3,15,576,0.636,810.6,0.1384,31,no_progress,0,2035379,29349.0
1095,1841,446.36,-6.465,37,,1642,0,5,13,1032,0.6703,922.7,0.1178,7,no_progress,0,2037220,29365.8
1096,1113,295.48,5.265,25,,914,0,3,16,406,0.6195,720.9,0.0829,3,no_progress,0,2038333,29375.7
1097,1136,394.56,-4.766,29,,937,0,5,15,619,0.6358,958.9,0.118,6,no_progress,0,2039469,29385.9
1098,1812,467.52,-7.466,39,,1613,0,5,24,1393,0.6664,938.5,0.177,12,no_progress,0,2041281,29402.0
1099,782,238.72,6.54,21,,583,0,2,17,294,0.5886,738.2,0.0814,7,no_progress,0,2042063,29408.8
1100,854,275.84,0.01,25,,655,0,2,13,608,0.6218,719.1,0.1624,7,no_progress,0,2042917,29416.6
1101,1380,434.8,-2.083,34,,1181,0,5,24,873,0.602,982.0,0.136,12,no_progress,0,2044297,29446.8
1102,1338,476.48,8.213,35,,1139,0,6,31,751,0.6463,876.4,0.1267,5,no_progress,0,2045635,29458.7
1103,1264,439.44,-6.606,34,,1065,0,5,15,795,0.6729,867.8,0.1425,6,no_progress,0,2046899,29469.8
1104,850,306.0,6.415,25,,651,0,3,14,320,0.61,721.9,0.0849,13,no_progress,0,2047749,29477.2
1105,856,295.76,7.598,24,,657,0,3,11,242,0.6437,734.4,0.064,3,no_progress,0,2048605,29484.7
1106,1194,352.24,6.292,28,,995,0,4,13,516,0.6307,769.6,0.0961,10,no_progress,0,2049799,29495.2
1107,1628,344.88,2.149,32,,1429,0,3,24,655,0.6635,799.2,0.0865,7,no_progress,0,2051427,29509.6
1108,533,248.68,6.456,18,,334,0,3,8,132,0.5066,664.5,0.0614,5,no_progress,0,2051960,29514.2
1109,1071,337.16,-4.574,29,,872,0,3,18,817,0.6328,893.7,0.1834,9,no_progress,0,2053031,29523.9
1110,1055,397.8,7.127,29,,856,0,5,19,579,0.6296,937.9,0.1294,17,no_progress,0,2054086,29533.3
1111,967,361.32,4.185,31,,768,0,3,20,568,0.6215,735.9,0.1295,5,no_progress,0,2055053,29541.9
1112,1063,407.48,4.505,30,,864,0,5,20,601,0.646,781.8,0.1307,10,no_progress,0,2056116,29551.4
1113,1665,373.4,-2.437,32,,1466,0,4,18,824,0.6404,769.3,0.1043,7,no_progress,0,2057781,29566.1
1114,1229,470.84,12.008,34,,1030,0,6,27,589,0.6023,821.8,0.1054,6,no_progress,0,2059010,29576.9
1115,548,218.08,7.129,18,,349,0,2,10,148,0.5461,626.4,0.0643,4,no_progress,0,2059558,29581.6
1116,1611,365.56,-17.688,34,,1412,0,3,19,1113,0.6476,858.8,0.1515,14,no_progress,0,2061169,29596.1
1117,1157,363.72,0.371,29,,958,0,4,16,488,0.6802,1031.9,0.0845,9,no_progress,0,2062326,29606.3
1118,790,248.4,1.995,22,,591,0,2,14,335,0.6171,837.0,0.0873,7,no_progress,0,2063116,29613.4
1119,720,291.2,7.599,23,,521,0,3,19,276,0.5844,701.7,0.0851,5,no_progress,0,2063836,29619.7
1120,1240,390.4,-1.198,32,,1041,0,4,15,680,0.6488,827.8,0.1174,7,no_progress,0,2065076,29630.7
1121,1671,383.16,-0.958,33,,1472,0,4,33,1067,0.6481,900.9,0.1489,9,no_progress,0,2066747,29645.3
1122,845,326.2,-3.561,27,,646,0,3,7,555,0.6544,847.4,0.1506,13,no_progress,0,2067592,29652.8
1123,1022,369.12,3.095,29,,823,0,4,22,530,0.6402,828.6,0.1155,6,no_progress,0,2068614,29661.9
1124,821,247.16,0.232,19,,622,0,3,11,284,0.6376,741.4,0.0698,8,no_progress,0,2069435,29669.4
1125,1424,443.04,-2.172,35,,1225,0,5,22,795,0.6308,851.1,0.1167,10,no_progress,0,2070859,29682.3
1126,1336,356.56,-6.925,32,,1137,0,3,16,971,0.6789,923.7,0.1732,8,no_progress,0,2072195,29694.4
1127,1005,279.8,3.051,26,,806,0,2,20,550,0.6127,834.1,0.1115,8,no_progress,0,2073200,29703.4
1128,1322,317.12,-2.387,28,,1123,0,3,18,767,0.6375,729.9,0.1241,4,no_progress,0,2074522,29715.2
1129,614,265.44,4.263,23,,415,0,2,10,340,0.6323,715.3,0.1256,7,no_progress,0,2075136,29720.8
1130,833,256.68,3.637,23,,634,0,2,12,250,0.6104,699.1,0.061,4,no_progress,0,2075969,29728.1
1131,972,331.12,6.675,25,,773,0,4,13,383,0.6247,760.6,0.0839,3,no_progress,0,2076941,29736.7
1132,1256,409.76,9.638,31,,1057,0,5,20,637,0.634,950.1,0.1076,8,no_progress,0,2078197,29747.8
1133,1241,400.36,9.709,33,,1042,0,4,20,549,0.612,826.7,0.1034,9,no_progress,0,2079438,29758.8
1134,661,213.56,-1.605,21,,462,0,1,11,302,0.6021,686.4,0.0932,5,no_progress,0,2080099,29764.6
1135,1115,315.4,2.934,27,,916,0,3,14,472,0.6316,765.9,0.0945,5,no_progress,0,2081214,29774.7
1136,1069,337.24,4.489,29,,870,0,3,17,431,0.6155,850.5,0.0887,5,no_progress,0,2082283,29784.2
1137,1055,327.8,10.442,28,,856,0,3,25,383,0.6339,855.1,0.077,4,no_progress,0,2083338,29793.6
1138,2014,519.44,-3.717,39,,1815,0,7,20,1193,0.6449,900.8,0.1298,12,no_progress,0,2085352,29811.6
1139,1382,414.72,4.915,32,,1183,0,5,15,644,0.6427,784.5,0.1004,10,no_progress,0,2086734,29823.8
1140,1057,237.72,-6.187,25,,858,0,1,14,740,0.6166,706.2,0.155,6,no_progress,0,2087791,29833.2
1141,637,264.52,5.28,20,,438,0,3,13,207,0.5659,764.5,0.066,4,no_progress,0,2088428,29838.9
1142,1011,379.56,10.437,30,,812,0,4,19,481,0.6348,777.5,0.1077,7,no_progress,0,2089439,29847.9
1143,1147,324.12,0.112,28,,948,0,3,15,470,0.5948,813.3,0.0878,6,no_progress,0,2090586,29858.1
1144,886,334.56,9.429,25,,687,0,4,15,315,0.6369,838.3,0.0747,5,no_progress,0,2091472,29865.9
1145,814,217.44,-2.695,22,,615,0,1,14,395,0.6625,735.3,0.1038,10,no_progress,0,2092286,29873.2
1146,1440,392.4,-3.154,33,,1241,0,4,16,828,0.6344,862.5,0.1263,10,no_progress,0,2093726,29885.9
1147,1103,435.88,13.375,30,,904,0,6,20,333,0.5227,752.7,0.0639,5,no_progress,0,2094829,29895.7
1148,807,287.72,3.309,23,,608,0,3,16,355,0.6242,954.7,0.1004,8,no_progress,0,2095636,29902.9
1149,1465,451.4,1.573,36,,1266,0,5,32,942,0.6263,875.7,0.1446,10,no_progress,0,2097101,29916.0
1150,872,265.12,-1.403,24,,673,0,2,11,402,0.5737,759.8,0.1029,10,no_progress,0,2097973,29923.8
1151,1404,423.84,0.377,36,,1205,0,4,15,686,0.6578,898.4,0.1039,7,no_progress,0,2099377,29956.8
1152,1402,353.92,-4.471,29,,1203,0,4,21,925,0.6628,862.9,0.1442,7,no_progress,0,2100779,29969.3
1153,520,199.2,5.913,19,,321,0,1,8,62,0.5529,679.4,0.0207,6,no_progress,0,2101299,29973.9
1154,1907,513.72,-14.287,41,,1708,0,6,34,1657,0.6535,956.8,0.2041,18,no_progress,0,2103206,29990.9
1155,1722,531.12,5.157,39,,1523,0,7,23,1059,0.623,999.7,0.1364,11,no_progress,0,2104928,30006.3
1156,789,288.44,7.402,26,,590,0,2,12,265,0.6537,757.4,0.0685,6,no_progress,0,2105717,30013.3
1157,1220,411.2,-6.179,34,,1021,0,4,21,886,0.6488,956.6,0.1649,5,no_progress,0,2106937,30024.4
1158,1186,402.56,1.507,33,,987,0,4,18,930,0.6621,815.2,0.1861,8,no_progress,0,2108123,30035.2
1159,763,339.48,8.019,25,,564,0,4,10,412,0.5704,776.0,0.1283,7,no_progress,0,2108886,30041.9
1160,1077,206.92,-2.802,22,,878,0,1,10,527,0.6455,730.1,0.0917,16,no_progress,0,2109963,30051.6
1161,1046,278.16,-0.104,26,,847,0,2,14,634,0.6848,854.7,0.1322,18,no_progress,0,2111009,30060.9
1162,867,405.32,6.307,32,,668,0,4,15,363,0.5923,787.5,0.0988,8,no_progress,0,2111876,30068.7
1163,1095,306.2,-8.925,26,,896,0,3,16,832,0.6443,757.0,0.1648,4,no_progress,0,2112971,30078.6
1164,1204,401.84,4.662,33,,1005,0,4,16,609,0.6485,784.5,0.112,13,no_progress,0,2114175,30089.2
1165,1338,326.48,-1.336,29,,1139,0,3,17,720,0.6076,828.8,0.1149,6,no_progress,0,2115513,30101.4
1166,949,332.04,-3.31,28,,750,0,3,13,703,0.6499,905.1,0.173,21,no_progress,0,2116462,30110.0
1167,828,296.88,4.239,27,,629,0,2,18,537,0.6461,901.0,0.1525,12,no_progress,0,2117290,30117.4
1168,1436,432.56,-2.492,34,,1237,0,5,19,1126,0.6558,948.0,0.1769,16,no_progress,0,2118726,30130.2
1169,1373,375.08,7.797,31,,1174,0,4,18,625,0.6071,790.8,0.0976,6,no_progress,0,2120099,30142.6
1170,1611,385.56,-8.759,33,,1412,0,4,17,1113,0.6384,875.2,0.1572,10,no_progress,0,2121710,30156.9
1171,893,274.28,-1.55,25,,694,0,2,14,463,0.6685,777.7,0.1199,7,no_progress,0,2122603,30164.8
1172,1667,493.32,-4.16,41,,1468,0,5,21,1113,0.6468,1022.4,0.1479,9,no_progress,0,2124270,30179.9
1173,1019,339.24,-2.402,29,,820,0,3,17,742,0.6457,742.6,0.1784,22,no_progress,0,2125289,30189.1
1174,1420,433.2,-0.342,34,,1221,0,5,24,874,0.6479,848.4,0.1386,10,no_progress,0,2126709,30201.9
1175,933,382.68,7.086,27,,734,0,5,14,335,0.627,825.0,0.0785,7,no_progress,0,2127642,30210.3
1176,882,394.72,10.024,28,,683,0,5,23,408,0.6097,808.3,0.1019,7,no_progress,0,2128524,30218.2
1177,1346,406.16,1.221,34,,1147,0,4,27,761,0.6274,874.4,0.1279,19,no_progress,0,2129870,30230.1
1178,1505,429.8,-11.957,34,,1306,0,5,18,1027,0.6864,894.8,0.1574,16,no_progress,0,2131375,30243.8
1179,1170,443.2,12.416,34,,971,0,5,21,727,0.6274,905.7,0.1448,5,no_progress,0,2132545,30254.3
1180,1366,415.36,2.719,32,,1167,0,5,22,956,0.6126,834.5,0.1572,10,no_progress,0,2133911,30266.6
1181,1053,467.88,13.905,33,,854,0,6,23,467,0.5871,852.8,0.0903,5,no_progress,0,2134964,30275.9
1182,958,301.68,7.374,25,,759,0,3,17,450,0.6234,832.9,0.1053,9,no_progress,0,2135922,30284.4
1183,586,216.56,8.808,18,,387,0,2,18,88,0.4953,633.6,0.0322,7,no_progress,0,2136508,30289.6
1184,1440,312.4,-9.712,28,,1241,0,3,16,1092,0.6632,969.7,0.1644,12,no_progress,0,2137948,30302.6
1185,1609,445.64,3.737,36,,1410,0,5,18,890,0.6324,952.4,0.1201,6,no_progress,0,2139557,30317.0
1186,439,162.44,6.042,18,,240,0,0,9,46,0.533,690.9,0.0228,0,no_progress,0,2139996,30320.9
1187,1109,395.64,3.635,29,,910,0,5,18,540,0.6673,791.8,0.1079,6,no_progress,0,2141105,30330.9
1188,1344,366.24,-6.456,30,,1145,0,4,17,970,0.6535,787.8,0.1622,11,no_progress,0,2142449,30343.2
1189,946,362.16,1.447,28,,747,0,4,16,477,0.6086,866.7,0.1152,9,no_progress,0,2143395,30351.9
1190,832,326.72,9.312,27,,633,0,3,11,264,0.6043,750.0,0.0727,2,no_progress,0,2144227,30359.3
1191,1286,358.56,2.32,32,,1087,0,3,19,724,0.6557,909.8,0.1295,8,no_progress,0,2145513,30370.7
1192,1056,327.76,10.74,28,,857,0,3,26,432,0.6468,864.9,0.0894,8,no_progress,0,2146569,30380.1
1193,819,337.24,4.727,25,,620,0,4,17,493,0.656,816.9,0.1402,16,no_progress,0,2147388,30387.3
1194,952,281.92,2.899,26,,753,0,2,16,489,0.6182,950.9,0.1131,5,no_progress,0,2148340,30395.7
1195,784,248.64,6.938,22,,585,0,2,18,349,0.5657,688.4,0.1001,3,no_progress,0,2149124,30402.8
1196,943,322.28,22.396,24,,744,0,4,54,163,0.566,805.4,0.0315,3,no_progress,0,2150067,30411.3
1197,1193,392.28,-0.947,32,,994,0,4,17,682,0.6555,852.8,0.1269,6,no_progress,0,2151260,30422.5
1198,2176,532.96,-10.561,41,,1977,0,7,27,1616,0.686,1035.0,0.1688,13,no_progress,0,2153436,30441.9
1199,1481,400.76,6.543,34,,1282,0,4,25,833,0.5952,838.3,0.1227,10,no_progress,0,2154917,30455.1
1200,839,356.44,10.563,27,,640,0,4,20,400,0.5578,737.9,0.1136,13,no_progress,0,2155756,30462.4
1201,1199,302.04,1.497,26,,1000,0,3,12,428,0.6291,782.1,0.0735,14,no_progress,0,2156955,30493.6
1202,1704,491.84,-0.078,38,,1505,0,6,31,1088,0.6573,922.0,0.1374,5,no_progress,0,2158659,30508.8
1203,1860,455.6,7.337,38,,1661,0,5,24,1065,0.6824,1010.6,0.1267,12,no_progress,0,2160519,30525.3
1204,861,245.56,1.808,22,,662,0,2,12,548,0.653,851.4,0.1454,9,no_progress,0,2161380,30533.1
1205,1730,450.8,-14.352,37,,1531,0,5,28,1747,0.6324,1008.0,0.2383,8,no_progress,0,2163110,30549.1
1206,1458,461.68,6.047,34,,1259,0,6,16,833,0.6211,853.0,0.1274,7,no_progress,0,2164568,30562.2
1207,429,162.84,1.57,18,,230,0,0,8,134,0.6492,664.2,0.0697,8,no_progress,0,2164997,30566.2
1208,1215,411.4,7.874,34,,1016,0,4,14,503,0.6123,768.3,0.0922,4,no_progress,0,2166212,30577.1
1209,1957,401.72,-23.797,33,,1758,0,5,20,1505,0.6484,841.0,0.1701,24,no_progress,0,2168169,30595.1
1210,787,338.52,3.012,28,,588,0,3,14,389,0.6134,792.5,0.1135,7,no_progress,0,2168956,30602.1
1211,1536,448.56,-2.403,36,,1337,0,5,22,764,0.6681,854.9,0.1074,9,no_progress,0,2170492,30616.0
1212,1119,385.24,6.149,31,,920,0,4,21,577,0.6204,792.8,0.1125,10,no_progress,0,2171611,30625.9
1213,1198,402.08,4.061,33,,999,0,4,14,638,0.6125,780.6,0.1244,6,no_progress,0,2172809,30636.4
1214,1384,524.64,17.159,37,,1185,0,7,29,503,0.6432,866.0,0.0789,9,no_progress,0,2174193,30648.6
1215,718,261.28,5.758,20,,519,0,3,11,207,0.5933,711.3,0.0594,2,no_progress,0,2174911,30654.9
1216,1016,279.36,8.617,26,,817,0,2,17,354,0.6324,827.8,0.0793,3,no_progress,0,2175927,30664.1
1217,1174,443.04,7.547,34,,975,0,5,19,529,0.6416,922.6,0.0966,3,no_progress,0,2177101,30674.5
1218,993,280.28,1.339,26,,794,0,2,18,533,0.5916,838.4,0.1205,6,no_progress,0,2178094,30683.5
1219,788,228.48,2.92,20,,589,0,2,8,344,0.6129,740.0,0.0962,4,no_progress,0,2178882,30690.7
1220,1062,407.52,17.188,30,,863,0,5,19,288,0.605,768.6,0.0585,5,no_progress,0,2179944,30700.0
1221,984,350.64,3.191,27,,785,0,4,23,508,0.6164,825.5,0.1187,5,no_progress,0,2180928,30708.7
1222,1515,449.4,3.132,36,,1316,0,5,33,935,0.647,863.4,0.1428,7,no_progress,0,2182443,30722.4
1223,1997,560.12,-1.223,40,,1798,0,8,29,1232,0.6436,977.1,0.1337,7,no_progress,0,2184440,30740.2
1224,1877,474.92,12.439,37,,1678,0,6,26,806,0.6409,795.7,0.0925,9,no_progress,0,2186317,30757.1
1225,1179,382.84,8.34,31,,980,0,4,18,553,0.6143,787.2,0.0994,13,no_progress,0,2187496,30767.7
1226,1394,454.24,2.738,33,,1195,0,6,21,842,0.6209,981.4,0.1344,7,no_progress,0,2188890,30780.3
1227,515,159.4,-6.029,18,,316,0,0,6,470,0.5267,722.9,0.2266,16,no_progress,0,2189405,30784.9
1228,890,354.4,9.032,27,,691,0,4,18,458,0.6452,822.0,0.1243,6,no_progress,0,2190295,30792.7
1229,842,286.32,-0.891,23,,643,0,3,15,469,0.6036,722.2,0.1213,8,no_progress,0,2191137,30800.5
1230,1993,460.28,2.498,36,,1794,0,6,25,1120,0.6445,869.8,0.1212,6,no_progress,0,2193130,30818.2
1231,1303,437.88,1.779,34,,1104,0,5,18,732,0.66,859.3,0.1277,10,no_progress,0,2194433,30829.9
1232,1220,391.2,10.944,29,,1021,0,5,20,535,0.643,858.0,0.1002,7,no_progress,0,2195653,30840.7
1233,732,250.72,6.192,19,,533,0,3,9,140,0.6031,712.1,0.0399,1,no_progress,0,2196385,30847.3
1234,1069,347.24,-3.048,27,,870,0,4,15,741,0.5959,891.1,0.1488,8,no_progress,0,2197454,30856.9
1235,907,283.72,10.977,26,,708,0,2,18,207,0.6397,681.9,0.046,6,no_progress,0,2198361,30864.8
1236,752,259.92,3.129,23,,553,0,2,10,350,0.641,818.1,0.1099,6,no_progress,0,2199113,30871.5
1237,528,258.88,8.443,19,,329,0,3,11,91,0.4673,694.0,0.0433,6,no_progress,0,2199641,30876.1
1238,1370,395.2,8.595,33,,1171,0,4,23,835,0.6591,822.6,0.1395,11,no_progress,0,2201011,30888.3
1239,1313,397.48,-4.513,33,,1114,0,4,19,882,0.626,882.2,0.1563,9,no_progress,0,2202324,30900.4
1240,882,264.72,-2.212,21,,683,0,3,13,580,0.6355,795.1,0.146,15,no_progress,0,2203206,30908.4
1241,1322,397.12,-13.739,33,,1123,0,4,19,1279,0.646,898.6,0.2153,11,no_progress,0,2204528,30920.7
1242,1797,418.12,-5.987,34,,1598,0,5,20,1381,0.6771,984.5,0.1684,12,no_progress,0,2206325,30936.7
1243,683,232.68,7.854,20,,484,0,2,13,271,0.6695,780.4,0.0876,7,no_progress,0,2207008,30942.8
1244,1043,398.28,3.578,29,,844,0,5,16,505,0.6234,796.7,0.1172,6,no_progress,0,2208051,30952.2
1245,1116,375.36,1.117,33,,917,0,3,21,617,0.6503,897.5,0.1328,8,no_progress,0,2209167,30962.4
1246,1098,406.08,7.502,30,,899,0,5,17,485,0.6214,796.1,0.0977,7,no_progress,0,2210265,30972.2
1247,1081,326.76,-3.012,28,,882,0,3,21,760,0.6071,780.7,0.1542,8,no_progress,0,2211346,30982.2
1248,1050,298.0,5.813,25,,851,0,3,18,348,0.6119,944.1,0.0648,4,no_progress,0,2212396,30991.7
1249,1279,408.84,8.484,31,,1080,0,5,16,623,0.6388,788.2,0.1112,5,no_progress,0,2213675,31003.1
1250,1882,444.72,-1.854,37,,1683,0,5,21,1061,0.6656,858.1,0.1268,25,no_progress,0,2215557,31020.1
