episode,n_drones,n_dests,steps,team_reward,delivered,makespan,reloads,hop2plus,max_reach,stall_ratio,max_stall_run,term_reason,relay_frac,wall_sec
1,4,50,1000,280.408,37,,5,0.5048,835.1,0.4264,99,step_limit,0.0891,4.4
2,4,50,1000,412.016,41,,7,0.646,896.3,0.458,104,step_limit,0.1087,10.0
3,4,50,1000,469.096,46,,7,0.6005,837.5,0.3753,49,step_limit,0.1042,16.4
4,4,50,1000,340.168,41,,6,0.6315,872.3,0.3398,29,step_limit,0.1209,24.0
5,4,50,1000,484.68,47,,7,0.6115,967.3,0.3427,76,step_limit,0.3325,74.9
6,4,50,725,617.512,50,725,8,0.5848,886.6,0.262,10,complete,0.3479,126.3
7,4,50,847,548.336,50,847,7,0.6033,952.8,0.2795,19,complete,0.3995,189.3
8,4,50,799,557.352,50,799,7,0.5979,924.9,0.2316,20,complete,0.3889,245.5
9,4,50,818,621.768,50,818,9,0.5847,914.1,0.2275,18,complete,0.3538,302.6
10,4,50,956,310.856,36,,5,0.6723,744.9,0.6659,453,no_progress,0.3474,365.9
11,4,50,1000,409.56,47,,6,0.562,959.3,0.4724,219,step_limit,0.3125,434.1
12,4,50,840,583.008,50,840,8,0.6408,950.0,0.1935,16,complete,0.4266,492.5
13,4,50,758,521.216,50,758,6,0.621,939.8,0.2778,27,complete,0.3952,546.5
14,4,50,923,567.304,50,923,8,0.6509,924.1,0.293,19,complete,0.3656,610.9
15,4,50,826,544.064,50,826,7,0.6084,939.0,0.2264,23,complete,0.3611,666.7
16,4,50,653,549.504,50,653,6,0.5693,895.6,0.2396,22,complete,0.3046,713.5
17,4,50,872,555.192,50,872,7,0.6577,927.4,0.1503,19,complete,0.4,774.5
18,4,50,781,623.672,50,781,9,0.5506,914.1,0.3399,45,complete,0.2602,829.5
19,4,50,690,556.056,50,690,6,0.6384,963.6,0.1123,10,complete,0.3202,879.2
20,4,50,886,515.416,50,886,7,0.6464,938.7,0.3845,48,complete,0.2723,935.9
21,4,50,701,574.896,50,701,7,0.6027,896.3,0.2175,10,complete,0.3155,979.8
22,4,50,828,517.608,50,828,6,0.6205,917.7,0.2576,51,complete,0.3291,1030.1
23,4,50,767,553.568,50,767,7,0.6131,910.4,0.3542,34,complete,0.3077,1076.8
24,4,50,982,483.424,50,982,7,0.6319,858.1,0.4979,42,complete,0.2921,1136.1
25,4,50,877,491.152,50,877,6,0.6656,910.8,0.2293,16,complete,0.4149,1196.4
26,4,50,1000,476.336,45,,7,0.6603,948.9,0.4997,246,step_limit,0.3189,1263.5
27,4,50,804,503.08,50,804,6,0.5995,932.5,0.2986,19,complete,0.3179,1321.4
28,4,50,846,524.552,50,846,6,0.6548,908.4,0.3262,37,complete,0.3214,1379.3
29,4,50,639,622.848,50,639,8,0.608,889.0,0.2018,17,complete,0.2244,1423.6
30,4,50,834,552.432,50,834,7,0.6043,980.9,0.2891,46,complete,0.2865,1480.9
31,4,50,850,541.256,50,850,7,0.6606,919.9,0.258,15,complete,0.3359,1538.5
32,4,50,845,529.248,50,845,7,0.6293,896.3,0.3969,33,complete,0.2935,1595.6
33,4,50,1000,483.544,44,,8,0.5655,927.3,0.5413,195,step_limit,0.2273,1662.6
34,4,50,1000,431.52,45,,7,0.6235,897.3,0.4559,47,step_limit,0.2812,1731.0
35,4,50,840,581.264,50,840,8,0.6018,873.8,0.2894,29,complete,0.2901,1790.0
36,4,50,915,541.92,50,915,7,0.6749,941.5,0.4056,112,complete,0.3106,1853.6
37,4,50,1000,397.704,45,,6,0.595,883.3,0.5603,99,step_limit,0.2655,1920.4
38,4,50,1000,455.944,42,,7,0.665,950.2,0.5668,421,step_limit,0.3658,1987.5
39,4,50,901,540.36,50,901,7,0.6576,977.8,0.3098,72,complete,0.345,2049.7
40,4,50,1000,502.104,48,,8,0.6142,889.8,0.4741,57,step_limit,0.2917,2117.1
41,4,50,803,599.304,50,803,8,0.642,916.9,0.2798,28,complete,0.295,2172.5
42,4,50,780,572.472,50,780,7,0.6228,940.8,0.2979,37,complete,0.2849,2223.6
43,4,50,959,551.504,50,959,8,0.5936,948.3,0.3156,18,complete,0.2687,2282.6
44,4,50,1000,412.616,45,,6,0.6425,928.4,0.4108,34,step_limit,0.26,2343.5
45,4,50,782,526.096,50,782,6,0.6528,915.3,0.3205,33,complete,0.2812,2392.0
46,4,50,885,590.576,50,885,8,0.6277,946.9,0.2779,37,complete,0.2985,2445.9
47,4,50,1000,410.584,42,,7,0.6145,958.1,0.4415,30,step_limit,0.359,2506.8
48,4,50,941,563.6,50,941,8,0.5651,904.8,0.2818,22,complete,0.3056,2564.8
49,4,50,1000,499.632,47,,7,0.6597,907.0,0.4121,84,step_limit,0.3071,2619.3
50,4,50,1000,372.48,41,,6,0.5455,912.5,0.3937,24,step_limit,0.2964,2677.9
51,4,50,908,572.08,50,908,8,0.6316,896.1,0.342,51,complete,0.2825,3199.2
52,4,50,1000,550.544,48,,8,0.6573,944.6,0.4174,73,step_limit,0.2827,3254.6
53,4,50,1000,541.968,49,,8,0.637,930.9,0.3999,39,step_limit,0.305,3308.2
54,4,50,748,593.904,50,748,8,0.5869,890.0,0.3187,25,complete,0.2526,3347.8
55,4,50,1000,397.568,42,,7,0.5743,914.9,0.4014,21,step_limit,0.299,3400.6
56,4,50,1000,552.224,48,,8,0.618,914.2,0.3719,125,step_limit,0.2716,3460.1
57,4,50,930,605.056,50,930,9,0.607,964.2,0.2913,21,complete,0.2909,3525.1
58,4,50,873,554.312,50,873,7,0.6595,925.1,0.2703,20,complete,0.3087,3588.8
59,4,50,1000,574.552,49,,9,0.615,908.2,0.3256,57,step_limit,0.2961,3656.5
60,4,50,1000,529.136,48,,8,0.6332,944.7,0.3309,33,step_limit,0.3045,3724.9
61,4,50,853,537.224,50,853,7,0.6281,899.8,0.3881,32,complete,0.2147,3782.9
62,4,50,983,556.288,50,983,8,0.6422,932.1,0.3381,31,complete,0.2982,3848.9
63,4,50,985,560.112,50,985,8,0.633,978.9,0.3274,52,complete,0.3136,3916.1
64,4,50,1000,324.592,43,,5,0.6195,912.2,0.5011,59,step_limit,0.2573,3983.5
65,4,50,1000,570.496,49,,9,0.619,836.8,0.3165,32,step_limit,0.2816,4050.2
66,4,50,1000,491.024,48,,7,0.651,957.6,0.2868,17,step_limit,0.3341,4118.7
67,4,50,1000,595.592,48,,9,0.5915,831.0,0.3858,30,step_limit,0.2939,4188.1
68,4,50,1000,543.688,48,,8,0.6128,960.7,0.4131,85,step_limit,0.2986,4256.9
69,4,50,1000,451.784,45,,7,0.6362,908.0,0.379,28,step_limit,0.2275,4326.7
70,4,50,1000,496.36,45,,8,0.638,879.4,0.4391,35,step_limit,0.2596,4394.4
71,4,50,1000,505.296,46,,8,0.5847,943.4,0.3815,18,step_limit,0.2452,4462.6
72,4,50,952,548.832,50,952,8,0.6444,943.3,0.337,19,complete,0.2943,4527.7
73,4,50,1000,566.32,48,,9,0.618,949.2,0.2718,18,step_limit,0.2634,4596.2
74,4,50,880,614.624,50,880,9,0.577,925.2,0.2446,21,complete,0.2647,4651.6
75,4,50,675,578.512,50,675,7,0.6378,883.8,0.1841,12,complete,0.2644,4691.5
76,4,50,748,574.536,50,748,7,0.6123,945.8,0.286,24,complete,0.2392,4737.3
77,4,50,1000,508.728,47,,7,0.643,875.2,0.3785,36,step_limit,0.2833,4797.9
78,4,50,1000,508.52,49,,7,0.5982,913.7,0.4241,37,step_limit,0.2642,4865.4
79,4,50,941,568.136,50,941,8,0.6004,950.0,0.2671,18,complete,0.2921,4929.2
80,4,50,781,558.672,50,781,7,0.6287,934.3,0.222,38,complete,0.2853,4984.0
81,4,50,999,514.784,50,999,7,0.6394,948.7,0.3979,43,complete,0.2614,5056.0
82,4,50,794,596.856,50,794,8,0.6297,954.3,0.2887,26,complete,0.2636,5112.9
83,4,50,943,605.384,50,943,9,0.6132,908.4,0.3655,41,complete,0.2402,5177.8
84,4,50,822,624.28,50,822,9,0.6153,923.7,0.2368,10,complete,0.2772,5234.4
85,4,50,660,579.92,50,660,7,0.6008,931.3,0.2097,12,complete,0.2529,5281.5
86,4,50,1000,312.496,38,,6,0.6332,839.5,0.5249,58,step_limit,0.2552,5349.7
87,4,50,1000,451.976,45,,7,0.641,885.0,0.362,20,step_limit,0.2767,5418.2
88,4,50,1000,485.72,48,,7,0.575,884.7,0.2457,25,step_limit,0.309,5487.1
89,4,50,1000,441.272,47,,6,0.6355,911.3,0.4061,51,step_limit,0.2718,5556.7
90,4,50,1000,506.168,45,,9,0.6148,922.3,0.3657,34,step_limit,0.2404,5625.3
91,4,50,1000,464.84,46,,7,0.626,938.4,0.3085,38,step_limit,0.2791,5693.0
92,4,50,937,582.2,50,937,8,0.6185,931.1,0.3302,76,complete,0.275,5757.1
93,4,50,1000,469.864,46,,7,0.5797,868.0,0.4377,72,step_limit,0.2099,5819.0
94,4,50,1000,523.392,49,,7,0.6185,931.4,0.3549,69,step_limit,0.264,5875.9
95,4,50,1000,553.48,49,,8,0.6188,954.6,0.2854,16,step_limit,0.3193,5919.8
96,4,50,1000,555.752,49,,8,0.6155,905.0,0.2651,18,step_limit,0.316,5968.3
97,4,50,1000,498.184,45,,8,0.6462,884.4,0.3672,36,step_limit,0.3083,6013.4
98,4,50,879,621.76,50,879,9,0.6212,968.3,0.2054,11,complete,0.2423,6057.9
99,4,50,1000,542.144,49,,8,0.6178,911.8,0.3076,20,step_limit,0.2619,6109.9
100,4,50,1000,566.608,48,,9,0.6085,873.4,0.3024,23,step_limit,0.2768,6162.6
101,4,50,786,595.52,50,786,8,0.6511,901.6,0.203,12,complete,0.2527,6782.1
102,4,50,977,573.856,50,977,8,0.6402,927.1,0.4189,100,complete,0.3,6841.9
103,4,50,1000,564.24,48,,9,0.5998,908.1,0.3621,19,step_limit,0.2277,6901.9
104,4,50,740,597.304,50,740,8,0.6182,934.0,0.253,38,complete,0.2418,6941.8
105,4,50,1000,470.64,46,,7,0.6415,938.5,0.4579,100,step_limit,0.258,6992.7
106,4,50,904,602.312,50,904,9,0.594,954.2,0.3244,38,complete,0.2454,7044.8
107,4,50,983,576.976,50,983,9,0.6083,910.1,0.2839,13,complete,0.2746,7101.4
108,4,50,1000,447.128,44,,7,0.6112,883.4,0.3882,44,step_limit,0.2917,7168.7
109,4,50,1000,490.736,47,,8,0.6627,945.1,0.3655,30,step_limit,0.2547,7236.3
110,4,50,677,566.016,50,677,7,0.5964,885.0,0.2066,16,complete,0.2557,7285.3
111,4,50,1000,501.664,45,,8,0.6368,950.3,0.2567,19,step_limit,0.2861,7352.1
112,4,50,839,547.176,50,839,7,0.5951,924.2,0.2604,32,complete,0.2474,7409.5
113,4,50,643,582.704,50,643,7,0.6225,865.6,0.2556,15,complete,0.2225,7455.6
114,4,50,1000,348.672,41,,6,0.5523,920.9,0.3056,22,step_limit,0.2673,7524.3
115,4,50,1000,479.896,46,,8,0.6115,872.5,0.4233,45,step_limit,0.2384,7596.0
116,4,50,1000,481.144,45,,8,0.6348,938.8,0.3245,37,step_limit,0.2917,7667.1
117,4,50,646,583.12,50,646,7,0.6134,888.6,0.2332,26,complete,0.189,7712.2
118,4,50,804,552.568,50,804,7,0.592,971.8,0.2063,14,complete,0.2943,7770.9
119,4,50,1000,431.712,44,,7,0.5525,842.2,0.3822,72,step_limit,0.2327,7839.0
120,4,50,977,518.12,50,977,7,0.6228,947.0,0.3803,26,complete,0.2614,7906.3
121,4,50,1000,417.92,40,,8,0.6643,886.4,0.5806,337,step_limit,0.2575,7973.0
122,4,50,1000,533.296,47,,8,0.5783,845.2,0.2685,19,step_limit,0.2257,8041.9
123,4,50,1000,486.56,45,,8,0.5453,928.3,0.2681,13,step_limit,0.238,8110.3
124,4,50,1000,522.328,46,,8,0.618,922.2,0.4437,124,step_limit,0.2524,8176.8
125,4,50,1000,456.44,45,,7,0.5323,883.0,0.3269,25,step_limit,0.25,8236.8
126,4,50,1000,423.88,42,,7,0.5288,878.7,0.2239,12,step_limit,0.2,8297.2
127,4,50,1000,461.096,45,,7,0.6035,950.4,0.2863,36,step_limit,0.2403,8362.4
128,4,50,969,547.936,50,969,8,0.5975,974.6,0.2861,29,complete,0.2524,8427.5
129,4,50,997,579.12,50,997,8,0.5953,920.4,0.3102,39,complete,0.2634,8496.2
130,4,50,843,544.56,50,843,7,0.5851,972.1,0.1994,15,complete,0.3,8552.7
131,4,50,1000,527.808,48,,8,0.6245,911.6,0.3325,33,step_limit,0.2574,8622.1
132,4,50,1000,502.312,49,,7,0.61,929.8,0.2762,28,step_limit,0.2955,8689.6
133,4,50,1000,509.92,49,,7,0.619,883.7,0.3067,23,step_limit,0.2752,8757.7
134,4,50,1000,507.696,49,,7,0.612,974.2,0.2592,23,step_limit,0.3142,8826.5
135,4,50,966,557.28,50,966,8,0.6579,964.4,0.3638,30,complete,0.2452,8893.6
136,4,50,911,552.64,50,911,8,0.5999,929.2,0.2409,20,complete,0.2985,8957.0
137,4,50,871,623.4,50,871,9,0.5921,928.8,0.3359,36,complete,0.2524,9018.2
138,4,50,849,580.48,50,849,8,0.5854,929.0,0.2441,67,complete,0.2624,9078.1
139,4,50,1000,496.208,47,,7,0.6358,896.0,0.3524,35,step_limit,0.3303,9147.3
140,4,50,1000,556.608,48,,9,0.586,885.9,0.29,16,step_limit,0.2699,9210.7
141,4,50,780,579.824,50,780,8,0.5994,917.3,0.2191,16,complete,0.2245,9258.8
142,4,50,895,570.952,50,895,8,0.6126,944.4,0.3105,82,complete,0.2969,9312.8
143,4,50,835,541.0,50,835,7,0.647,897.5,0.2415,23,complete,0.2946,9359.3
144,4,50,1000,472.216,45,,8,0.5228,903.6,0.3027,18,step_limit,0.2403,9409.6
145,4,50,792,585.136,50,792,8,0.5833,970.1,0.2129,26,complete,0.2636,9444.7
146,4,50,1000,421.728,45,,7,0.6205,900.4,0.4458,59,step_limit,0.2909,9489.6
147,4,50,901,600.48,50,901,9,0.6074,961.0,0.2294,15,complete,0.3005,9530.1
148,4,50,877,569.416,50,877,8,0.5935,901.3,0.1904,26,complete,0.2525,9573.2
149,4,50,787,552.848,50,787,7,0.629,912.0,0.3042,20,complete,0.2364,9613.8
150,4,50,887,532.424,50,887,7,0.6333,940.5,0.2437,19,complete,0.3341,9663.0
151,4,50,1000,554.552,49,,8,0.6388,896.9,0.3292,17,step_limit,0.2665,10335.9
152,4,50,1000,522.504,47,,7,0.648,882.6,0.5285,319,step_limit,0.3083,10396.4
153,4,50,1000,445.048,44,,7,0.6693,919.8,0.4232,55,step_limit,0.309,10453.0
154,4,50,1000,504.216,45,,8,0.5395,815.6,0.32,23,step_limit,0.215,10504.5
155,4,50,1000,543.576,49,,8,0.6145,967.9,0.3052,17,step_limit,0.2861,10555.5
156,4,50,803,569.352,50,803,8,0.5542,919.9,0.1743,11,complete,0.26,10599.0
157,4,50,949,586.728,50,949,9,0.6077,921.8,0.273,35,complete,0.269,10653.4
158,4,50,815,553.76,50,815,7,0.5825,959.6,0.1964,14,complete,0.2883,10704.7
159,4,50,1000,531.856,48,,8,0.6515,926.7,0.3001,34,step_limit,0.2991,10770.2
160,4,50,1000,596.512,49,,9,0.6238,896.0,0.366,93,step_limit,0.305,10838.1
161,4,50,1000,497.368,49,,7,0.6002,903.4,0.3135,48,step_limit,0.2807,10905.2
162,4,50,1000,548.144,49,,8,0.608,873.3,0.2691,11,step_limit,0.2957,10973.2
163,4,50,1000,496.728,46,,8,0.571,875.1,0.371,44,step_limit,0.2048,11040.8
164,4,50,934,562.672,50,934,8,0.6633,973.0,0.2566,16,complete,0.3058,11104.4
165,4,50,699,574.96,50,699,7,0.6177,948.3,0.1347,11,complete,0.2816,11152.2
166,4,50,1000,449.352,44,,7,0.63,855.6,0.3878,19,step_limit,0.24,11218.8
167,4,50,966,593.68,50,966,9,0.6105,901.5,0.3314,26,complete,0.2759,11285.1
168,4,50,849,541.128,50,849,7,0.6122,919.4,0.2886,20,complete,0.2525,11346.8
169,4,50,1000,492.832,48,,7,0.5763,932.7,0.3318,23,step_limit,0.3069,11415.5
170,4,50,827,580.896,50,827,8,0.5837,859.0,0.2389,15,complete,0.2577,11472.1
171,4,50,990,566.2,50,990,8,0.6083,956.9,0.2448,25,complete,0.3142,11539.3
172,4,50,1000,503.504,47,,8,0.6328,905.9,0.2762,26,step_limit,0.3568,11607.3
173,4,50,716,571.52,50,716,7,0.6219,888.3,0.1819,11,complete,0.2528,11657.3
174,4,50,971,565.248,50,971,8,0.578,894.6,0.301,25,complete,0.308,11723.2
175,4,50,916,602.24,50,916,9,0.6144,974.1,0.2923,49,complete,0.2624,11781.3
176,4,50,807,620.992,50,807,9,0.605,965.6,0.2307,12,complete,0.2451,11828.8
177,4,50,1000,489.656,47,,7,0.6328,909.2,0.3411,85,step_limit,0.3257,11888.5
178,4,50,1000,554.112,49,,8,0.6448,880.9,0.3083,15,step_limit,0.3137,11951.5
179,4,50,759,580.56,50,759,8,0.6202,908.1,0.2171,22,complete,0.2391,12005.8
180,4,50,872,568.704,50,872,8,0.6554,984.5,0.2486,16,complete,0.3154,12065.1
181,4,50,1000,475.272,45,,8,0.5703,897.8,0.3358,28,step_limit,0.2163,12134.2
182,4,50,811,585.792,50,811,8,0.5583,960.2,0.186,11,complete,0.266,12189.5
183,4,50,1000,503.136,48,,8,0.6082,909.6,0.2814,29,step_limit,0.294,12258.5
184,4,50,953,599.248,50,953,9,0.6157,912.3,0.2746,22,complete,0.2763,12324.2
185,4,50,1000,518.88,49,,8,0.587,869.2,0.4053,95,step_limit,0.2818,12392.9
186,4,50,1000,599.544,49,,9,0.6172,950.0,0.28,39,step_limit,0.3167,12464.7
187,4,50,949,593.888,50,949,9,0.6112,943.3,0.3002,27,complete,0.3551,12530.9
188,4,50,842,585.656,50,842,8,0.6211,951.1,0.2299,27,complete,0.2903,12588.7
189,4,50,948,562.912,50,948,8,0.6036,933.5,0.3101,20,complete,0.2736,12649.7
190,4,50,1000,555.688,49,,8,0.632,933.5,0.3552,20,step_limit,0.2986,12703.7
191,4,50,874,575.768,50,874,8,0.6221,917.9,0.2783,26,complete,0.2868,12753.5
192,4,50,958,538.84,50,958,7,0.637,952.5,0.239,11,complete,0.3598,12803.3
193,4,50,1000,595.048,49,,9,0.6138,967.3,0.4126,44,step_limit,0.318,12858.9
194,4,50,1000,517.024,48,,8,0.6312,924.7,0.3316,19,step_limit,0.3023,12911.0
195,4,50,1000,553.848,47,,9,0.6218,951.9,0.2622,26,step_limit,0.3153,12965.5
196,4,50,1000,551.96,49,,8,0.649,985.6,0.3525,98,step_limit,0.3061,13010.2
197,4,50,798,593.664,50,798,8,0.6043,937.0,0.2277,13,complete,0.2985,13048.0
198,4,50,738,574.336,50,738,7,0.6104,943.8,0.2108,11,complete,0.2472,13080.0
199,4,50,829,615.624,50,829,9,0.6384,908.4,0.207,30,complete,0.2397,13120.4
200,4,50,937,572.464,50,937,9,0.6217,899.0,0.269,32,complete,0.2959,13171.6
201,4,50,726,589.152,50,726,8,0.6298,913.6,0.1999,12,complete,0.2663,13852.0
202,4,50,861,608.672,50,861,9,0.5578,951.1,0.2169,13,complete,0.2879,13905.8
203,4,50,1000,408.672,42,,7,0.6045,925.0,0.442,66,step_limit,0.2828,13966.6
204,4,50,736,596.432,50,736,8,0.6484,896.9,0.2266,22,complete,0.2697,14008.7
205,4,50,956,589.688,50,956,9,0.6085,913.6,0.2955,43,complete,0.284,14060.2
206,4,50,1000,338.08,39,,7,0.5343,887.1,0.2978,39,step_limit,0.2793,14110.1
207,4,50,736,564.608,50,736,7,0.6277,923.9,0.2611,16,complete,0.2727,14150.1
208,4,50,905,571.192,50,905,8,0.6108,923.7,0.27,21,complete,0.3391,14202.5
209,4,50,733,563.304,50,733,7,0.6194,896.4,0.2601,22,complete,0.2316,14247.1
210,4,50,866,570.992,50,866,8,0.541,941.1,0.2603,19,complete,0.2598,14301.8
211,4,50,961,553.928,50,961,8,0.6459,939.5,0.2848,19,complete,0.3248,14362.0
212,4,50,969,596.952,50,969,9,0.5986,957.9,0.2868,46,complete,0.3079,14430.7
213,4,50,1000,508.672,48,,7,0.6312,947.6,0.4115,60,step_limit,0.2767,14499.2
214,4,50,1000,574.856,49,,9,0.5455,904.7,0.3016,19,step_limit,0.2308,14568.0
215,4,50,793,597.624,50,793,8,0.6056,947.5,0.148,14,complete,0.3152,14620.6
216,4,50,951,529.64,50,951,7,0.5904,920.6,0.3521,35,complete,0.2874,14684.2
217,4,50,1000,534.0,49,,8,0.6298,959.6,0.2922,33,step_limit,0.3091,14752.8
218,4,50,1000,597.024,49,,9,0.62,938.7,0.4419,47,step_limit,0.3388,14822.5
219,4,50,1000,405.656,44,,7,0.6075,903.6,0.3656,35,step_limit,0.2596,14892.3
220,4,50,798,584.824,50,798,8,0.5764,930.1,0.1872,12,complete,0.2702,14948.3
221,4,50,934,602.992,50,934,9,0.6207,930.0,0.2617,14,complete,0.3084,15012.7
222,4,50,1000,581.016,49,,9,0.5863,949.8,0.348,36,step_limit,0.2864,15080.8
223,4,50,682,579.216,50,682,7,0.596,864.8,0.1898,12,complete,0.2745,15127.8
224,4,50,1000,504.368,48,,7,0.658,937.8,0.3129,18,step_limit,0.3167,15196.0
225,4,50,707,570.528,50,707,7,0.5859,978.5,0.2122,18,complete,0.2255,15246.1
226,4,50,951,587.896,50,951,8,0.6154,946.7,0.2689,22,complete,0.2937,15303.3
227,4,50,1000,485.152,46,,8,0.599,874.6,0.3441,17,step_limit,0.2798,15362.9
228,4,50,1000,510.936,49,,7,0.594,925.2,0.3362,44,step_limit,0.2687,15427.5
229,4,50,1000,477.416,47,,7,0.5843,922.0,0.3486,35,step_limit,0.3079,15497.4
230,4,50,728,601.696,50,728,8,0.5927,896.7,0.1308,20,complete,0.2974,15548.6
231,4,50,706,641.304,50,706,9,0.5687,904.9,0.1922,15,complete,0.2344,15599.8
232,4,50,921,567.248,50,921,8,0.6265,927.4,0.2409,19,complete,0.285,15665.1
233,4,50,914,532.128,50,914,7,0.6223,943.0,0.2963,19,complete,0.3119,15728.9
234,4,50,822,587.92,50,822,8,0.6107,955.6,0.2088,17,complete,0.2425,15786.9
235,4,50,1000,557.264,49,,8,0.5867,950.5,0.2733,18,step_limit,0.25,15854.8
236,4,50,1000,515.264,47,,8,0.598,869.8,0.3329,52,step_limit,0.2425,15915.4
237,4,50,1000,570.696,49,,9,0.6248,958.1,0.2982,24,step_limit,0.2936,15967.8
238,4,50,755,607.024,50,755,8,0.5877,904.1,0.2049,21,complete,0.2677,16008.5
239,4,50,1000,430.192,43,,7,0.6278,905.1,0.3207,40,step_limit,0.2864,16062.8
240,4,50,1000,568.448,47,,9,0.546,803.2,0.3667,46,step_limit,0.2318,16117.1
241,4,50,815,628.408,50,815,9,0.5994,968.3,0.2412,13,complete,0.32,16161.1
242,4,50,993,575.832,50,993,8,0.6196,971.0,0.3713,120,complete,0.3147,16215.7
243,4,50,1000,493.688,49,,7,0.5765,939.0,0.286,19,step_limit,0.2644,16269.0
244,4,50,815,584.472,50,815,8,0.5472,944.8,0.1667,13,complete,0.3163,16312.4
245,4,50,885,556.512,50,885,8,0.5994,884.9,0.3612,15,complete,0.25,16361.6
246,4,50,649,614.448,50,649,8,0.582,896.3,0.1833,10,complete,0.2701,16395.6
247,4,50,967,553.144,50,967,8,0.5843,982.9,0.299,19,complete,0.3155,16440.5
248,4,50,1000,454.824,44,,7,0.6222,885.8,0.4861,96,step_limit,0.3211,16488.2
249,4,50,922,535.432,50,922,7,0.5656,911.8,0.2646,23,complete,0.2725,16536.7
250,4,50,861,616.488,50,861,9,0.6005,991.4,0.227,11,complete,0.262,16590.6
251,4,50,996,551.72,50,996,8,0.5766,909.6,0.2805,27,complete,0.3108,17343.6
252,4,50,772,601.0,50,772,8,0.6302,920.7,0.2378,27,complete,0.2527,17392.0
253,4,50,1000,480.752,47,,7,0.595,845.1,0.3823,24,step_limit,0.2353,17451.3
254,4,50,820,554.768,50,820,7,0.6509,936.7,0.3639,41,complete,0.3112,17500.6
255,4,50,952,604.872,50,952,9,0.619,937.6,0.2513,14,complete,0.2894,17555.1
256,4,50,777,587.016,50,777,8,0.6004,918.7,0.2032,15,complete,0.2748,17597.2
257,4,50,990,535.072,50,990,8,0.6212,935.3,0.2606,10,complete,0.3705,17649.9
258,4,50,822,575.032,50,822,8,0.6101,917.6,0.159,16,complete,0.2711,17701.1
259,4,50,961,558.288,50,961,8,0.6134,956.8,0.288,22,complete,0.316,17757.6
260,4,50,914,572.704,50,914,8,0.628,944.8,0.2561,29,complete,0.2642,17814.5
261,4,50,802,620.504,50,802,9,0.6041,898.2,0.2544,13,complete,0.2842,17863.8
262,4,50,929,530.032,50,929,7,0.5939,968.0,0.2183,12,complete,0.2617,17927.0
263,4,50,1000,528.128,47,,8,0.6155,922.7,0.3602,24,step_limit,0.3271,17996.0
264,4,50,998,544.432,50,998,8,0.5739,913.1,0.2384,23,complete,0.2723,18064.4
265,4,50,981,588.536,50,981,9,0.6532,934.6,0.2442,15,complete,0.3378,18132.1
266,4,50,909,616.096,50,909,9,0.6317,939.5,0.2839,16,complete,0.29,18195.4
267,4,50,991,597.872,50,991,9,0.5638,914.0,0.2662,15,complete,0.2589,18263.6
268,4,50,755,591.288,50,755,8,0.5927,979.3,0.2267,45,complete,0.2527,18317.2
269,4,50,889,587.008,50,889,8,0.5959,972.1,0.304,48,complete,0.2525,18380.9
270,4,50,889,539.096,50,889,7,0.6417,926.4,0.2766,19,complete,0.346,18442.6
271,4,50,857,612.352,50,857,9,0.5648,912.5,0.2169,10,complete,0.2925,18502.7
272,4,50,964,590.32,50,964,9,0.6196,903.0,0.2759,19,complete,0.3108,18570.1
273,4,50,898,559.016,50,898,8,0.6038,909.3,0.1983,16,complete,0.3094,18630.6
274,4,50,968,511.768,50,968,7,0.6025,910.1,0.2276,23,complete,0.3142,18698.1
275,4,50,681,-60.984,16,,0,0.7137,607.1,0.883,488,no_progress,0.2696,18739.6
276,4,50,726,556.608,50,726,7,0.6092,879.1,0.1821,17,complete,0.2688,18784.7
277,4,50,983,583.84,50,983,9,0.6475,960.3,0.2802,32,complete,0.3043,18844.2
278,4,50,802,556.088,50,802,7,0.6587,871.3,0.2808,18,complete,0.29,18894.5
279,4,50,894,577.256,50,894,8,0.6023,895.6,0.2762,22,complete,0.297,18955.9
280,4,50,1000,562.04,49,,8,0.5685,938.8,0.334,18,step_limit,0.3103,19024.0
281,4,50,985,511.528,50,985,7,0.5685,919.6,0.2504,17,complete,0.3119,19084.2
282,4,50,925,591.928,50,925,9,0.5619,889.4,0.2432,22,complete,0.2672,19140.6
283,4,50,941,564.928,50,941,8,0.6172,892.3,0.2637,17,complete,0.2925,19197.2
284,4,50,957,531.768,50,957,7,0.582,914.9,0.2731,25,complete,0.25,19257.2
285,4,50,792,588.96,50,792,8,0.6269,963.8,0.2579,21,complete,0.2853,19302.7
286,4,50,847,613.664,50,847,9,0.5989,916.8,0.3172,25,complete,0.2775,19349.9
287,4,50,1000,470.552,44,,8,0.5707,954.8,0.3009,16,step_limit,0.2723,19403.1
288,4,50,910,507.944,50,910,6,0.6321,910.8,0.2425,23,complete,0.3291,19451.3
289,4,50,819,548.984,50,819,7,0.609,935.6,0.2255,19,complete,0.3269,19496.3
290,4,50,1000,537.944,49,,8,0.6425,948.4,0.3221,20,step_limit,0.2972,19547.9
291,4,50,1000,503.784,47,,8,0.6195,901.0,0.381,43,step_limit,0.287,19601.9
292,4,50,1000,553.848,49,,8,0.541,903.7,0.3011,94,step_limit,0.2644,19654.6
293,4,50,767,594.248,50,767,8,0.5564,968.3,0.3115,19,complete,0.2579,19696.4
294,4,50,886,611.52,50,886,9,0.5612,952.4,0.1688,13,complete,0.2833,19749.8
295,4,50,721,571.08,50,721,7,0.6203,949.8,0.2615,27,complete,0.2581,19798.0
296,4,50,779,586.248,50,779,8,0.6168,886.0,0.1968,10,complete,0.2904,19841.8
297,4,50,981,593.872,50,981,9,0.5905,982.7,0.2094,24,complete,0.3125,19895.7
298,4,50,918,563.944,50,918,8,0.5784,955.6,0.2661,25,complete,0.2837,19948.6
299,4,50,1000,538.432,49,,7,0.6125,921.6,0.4319,194,step_limit,0.3056,20015.4
300,4,50,903,601.784,50,903,9,0.6096,883.4,0.2865,16,complete,0.309,20078.0
301,4,50,1000,528.016,48,,8,0.651,909.6,0.2679,13,step_limit,0.3102,20829.8
302,4,50,1000,558.848,49,,9,0.6262,956.4,0.2509,30,step_limit,0.3349,20891.7
303,4,50,1000,536.464,49,,8,0.568,932.8,0.2643,56,step_limit,0.3073,20944.8
304,4,50,887,572.472,50,887,8,0.6105,957.8,0.2651,12,complete,0.3131,20992.5
305,4,50,783,566.792,50,783,8,0.5846,868.6,0.2375,18,complete,0.28,21034.7
306,4,50,888,546.208,50,888,7,0.6047,970.2,0.256,35,complete,0.2597,21083.5
307,4,50,854,581.32,50,854,8,0.6314,966.7,0.2262,48,complete,0.302,21135.8
308,4,50,919,548.352,50,919,8,0.626,936.6,0.2988,45,complete,0.299,21191.0
309,4,50,813,628.352,50,813,9,0.5366,886.9,0.1206,5,complete,0.3189,21241.1
310,4,50,905,525.088,50,905,7,0.6166,912.3,0.2324,36,complete,0.3137,21298.6
311,4,50,874,557.352,50,874,8,0.5953,975.5,0.2734,20,complete,0.2868,21351.4
312,4,50,759,594.16,50,759,8,0.6077,912.1,0.2479,16,complete,0.2789,21402.2
313,4,50,824,594.616,50,824,8,0.5971,900.9,0.2259,9,complete,0.3045,21459.0
314,4,50,957,530.08,50,957,7,0.617,930.5,0.2306,54,complete,0.3019,21524.4
315,4,50,852,585.768,50,852,8,0.6323,968.8,0.2701,32,complete,0.3005,21582.6
316,4,50,897,535.584,50,897,7,0.5861,878.8,0.2798,24,complete,0.2775,21644.1
317,4,50,894,565.784,50,894,8,0.6298,974.9,0.195,24,complete,0.3317,21706.4
318,4,50,805,584.536,50,805,8,0.6059,947.8,0.2567,15,complete,0.2786,21763.7
319,4,50,986,582.784,50,986,8,0.6321,935.6,0.2818,49,complete,0.2821,21831.5
320,4,50,769,600.376,50,769,8,0.5881,947.0,0.1242,8,complete,0.2784,21884.6
321,4,50,898,600.216,50,898,9,0.6066,881.5,0.2353,13,complete,0.3162,21946.0
322,4,50,905,556.28,50,905,8,0.6155,946.7,0.3709,33,complete,0.2625,22008.3
323,4,50,889,571.904,50,889,8,0.5818,938.3,0.2032,32,complete,0.2913,22069.1
324,4,50,790,638.0,50,790,9,0.5421,948.6,0.1552,11,complete,0.2575,22116.1
325,4,50,787,577.024,50,787,8,0.5152,926.3,0.1967,13,complete,0.2876,22163.8
326,4,50,841,550.384,50,841,7,0.6519,917.2,0.2597,25,complete,0.3456,22214.2
327,4,50,885,529.384,50,885,7,0.6102,949.6,0.2117,21,complete,0.309,22263.3
328,4,50,1000,409.232,44,,6,0.5765,837.0,0.5039,114,step_limit,0.24,22324.3
329,4,50,942,505.016,50,942,7,0.5979,960.9,0.2099,42,complete,0.3009,22382.1
330,4,50,1000,536.856,47,,9,0.619,907.7,0.2852,19,step_limit,0.3143,22442.9
331,4,50,799,589.008,50,799,8,0.6264,959.7,0.1806,13,complete,0.2995,22492.4
332,4,50,890,582.752,50,890,8,0.6163,947.5,0.254,24,complete,0.2981,22539.6
333,4,50,996,515.904,50,996,7,0.6674,964.3,0.2187,12,complete,0.3267,22593.7
334,4,50,965,586.496,50,965,9,0.6238,898.7,0.2434,11,complete,0.3204,22646.1
335,4,50,755,638.84,50,755,9,0.5778,935.7,0.165,12,complete,0.2868,22686.5
336,4,50,943,589.152,50,943,9,0.6079,926.5,0.1789,10,complete,0.2944,22735.9
337,4,50,984,587.008,50,984,9,0.6052,934.6,0.1789,13,complete,0.3531,22789.6
338,4,50,1000,436.264,45,,6,0.4542,922.7,0.2555,41,step_limit,0.2212,22842.3
339,4,50,1000,480.552,45,,8,0.586,837.8,0.3219,16,step_limit,0.2877,22903.2
340,4,50,1000,525.448,48,,8,0.5725,948.6,0.2601,25,step_limit,0.3023,22963.2
341,4,50,743,594.312,50,743,8,0.5858,926.9,0.2583,27,complete,0.25,23009.0
342,4,50,1000,556.016,49,,8,0.624,903.7,0.3228,31,step_limit,0.2847,23069.9
343,4,50,894,582.528,50,894,8,0.6214,921.1,0.2536,35,complete,0.3045,23127.1
344,4,50,933,556.36,50,933,8,0.6187,935.8,0.2909,27,complete,0.325,23176.5
345,4,50,763,556.936,50,763,7,0.6409,982.8,0.1943,13,complete,0.3032,23224.2
346,4,50,843,615.72,50,843,9,0.5916,916.1,0.2016,10,complete,0.2925,23275.5
347,4,50,982,546.936,50,982,8,0.612,943.5,0.2848,33,complete,0.3125,23339.1
348,4,50,928,549.536,50,928,8,0.5558,937.4,0.1556,16,complete,0.2909,23404.0
349,4,50,822,574.352,50,822,8,0.5931,899.2,0.201,18,complete,0.3228,23462.2
350,4,50,911,555.512,50,911,8,0.5598,912.6,0.2347,16,complete,0.3325,23525.5
351,4,50,1000,369.848,41,,6,0.6262,938.0,0.4362,39,step_limit,0.276,24250.4
352,4,50,887,540.328,50,887,7,0.6026,873.1,0.2497,14,complete,0.2822,24302.1
353,4,50,951,468.856,50,951,6,0.607,920.0,0.2009,12,complete,0.3193,24348.8
354,4,50,1000,474.832,45,,8,0.5008,867.6,0.3449,25,step_limit,0.2401,24401.8
355,4,50,989,583.792,50,989,9,0.6229,941.0,0.3388,79,complete,0.3481,24454.9
356,4,50,956,554.368,50,956,8,0.5991,942.7,0.2101,22,complete,0.3,24513.2
357,4,50,1000,573.44,49,,9,0.5617,900.5,0.3967,81,step_limit,0.2725,24575.5
358,4,50,777,578.064,50,777,8,0.6023,966.0,0.1652,21,complete,0.3189,24621.7
359,4,50,873,587.0,50,873,8,0.6263,886.9,0.1586,13,complete,0.2797,24674.5
360,4,50,993,580.704,50,993,9,0.5841,920.3,0.2297,34,complete,0.3153,24738.2
361,4,50,1000,508.288,48,,8,0.5677,897.5,0.2448,24,step_limit,0.264,24806.5
362,4,50,1000,495.312,48,,7,0.5887,963.4,0.2845,20,step_limit,0.3267,24876.2
363,4,50,1000,575.144,48,,9,0.6268,874.4,0.3435,60,step_limit,0.3292,24944.0
364,4,50,846,575.56,50,846,8,0.6244,924.0,0.2309,14,complete,0.3317,25000.6
365,4,50,885,580.4,50,885,8,0.6045,933.7,0.2411,31,complete,0.3113,25061.7
366,4,50,879,570.832,50,879,8,0.6209,902.8,0.2616,33,complete,0.2976,25124.5
367,4,50,894,612.88,50,894,9,0.6194,928.3,0.2801,12,complete,0.3131,25185.9
368,4,50,906,609.112,50,906,9,0.6062,941.2,0.1949,21,complete,0.325,25247.8
369,4,50,858,550.68,50,858,7,0.6227,973.0,0.254,23,complete,0.3222,25306.9
370,4,50,1000,458.208,44,,8,0.626,861.9,0.3636,52,step_limit,0.2673,25376.3
371,4,50,1000,515.392,49,,7,0.6228,969.3,0.3434,72,step_limit,0.3259,25444.7
372,4,50,802,619.176,50,802,9,0.5614,954.1,0.2574,33,complete,0.2356,25497.6
373,4,50,939,598.632,50,939,9,0.6595,948.6,0.2331,17,complete,0.3228,25547.8
374,4,50,911,566.096,50,911,8,0.612,935.0,0.2688,38,complete,0.2812,25596.0
375,4,50,883,564.096,50,883,8,0.6195,920.1,0.1973,22,complete,0.3019,25646.5
376,4,50,979,575.872,50,979,9,0.5924,960.9,0.2926,20,complete,0.3125,25704.1
377,4,50,936,547.168,50,936,8,0.5938,941.1,0.2501,18,complete,0.3084,25761.7
378,4,50,922,610.648,50,922,9,0.6217,951.6,0.2265,14,complete,0.3148,25817.7
379,4,50,887,566.056,50,887,8,0.6085,924.5,0.1979,15,complete,0.2864,25871.2
380,4,50,815,595.264,50,815,8,0.5988,960.2,0.2295,34,complete,0.2786,25919.8
381,4,50,864,581.2,50,864,8,0.6201,919.5,0.2992,27,complete,0.3175,25965.5
382,4,50,964,601.648,50,964,9,0.5882,959.0,0.1825,16,complete,0.3611,26017.9
383,4,50,891,584.976,50,891,9,0.6128,953.9,0.2311,18,complete,0.3119,26064.4
384,4,50,1000,548.312,49,,8,0.585,831.6,0.2511,49,step_limit,0.2658,26119.1
385,4,50,837,544.888,50,837,7,0.6407,946.5,0.2246,47,complete,0.3828,26169.0
386,4,50,1000,448.168,44,,7,0.6122,890.8,0.2953,35,step_limit,0.2354,26229.0
387,4,50,865,614.304,50,865,9,0.624,973.1,0.2705,17,complete,0.29,26282.6
388,4,50,1000,543.576,49,,8,0.5613,907.4,0.1668,15,step_limit,0.3435,26344.1
389,4,50,878,576.744,50,878,8,0.6241,961.5,0.1759,10,complete,0.3088,26397.7
390,4,50,791,575.752,50,791,8,0.5749,907.7,0.2242,28,complete,0.2552,26447.0
391,4,50,911,607.024,50,911,9,0.5615,936.5,0.2107,16,complete,0.318,26500.9
392,4,50,850,575.312,50,850,8,0.5853,924.9,0.1902,28,complete,0.3269,26554.2
393,4,50,933,599.208,50,933,9,0.6029,934.3,0.1981,18,complete,0.3197,26613.8
394,4,50,858,618.72,50,858,9,0.6104,898.1,0.1534,13,complete,0.3255,26667.9
395,4,50,777,607.496,50,777,8,0.5952,907.3,0.1125,10,complete,0.2812,26715.9
396,4,50,990,536.976,50,990,8,0.5987,912.0,0.2085,15,complete,0.3188,26777.2
397,4,50,1000,505.448,47,,7,0.6458,976.9,0.4635,215,step_limit,0.3024,26839.3
398,4,50,1000,466.496,45,,7,0.6128,908.1,0.4361,248,step_limit,0.3277,26909.7
399,4,50,795,556.456,50,795,7,0.6393,922.7,0.2716,19,complete,0.3193,26964.1
400,4,50,1000,513.24,47,,8,0.5805,892.2,0.2889,74,step_limit,0.3325,27033.3
401,4,50,1000,587.368,49,,9,0.6422,893.2,0.3708,158,step_limit,0.2706,27760.8
402,4,50,1000,519.368,47,,8,0.6348,944.0,0.3731,128,step_limit,0.3,27814.4
403,4,50,841,623.536,50,841,9,0.5779,910.0,0.1262,11,complete,0.345,27859.2
404,4,50,1000,496.68,46,,8,0.608,887.8,0.3082,23,step_limit,0.3471,27913.2
405,4,50,917,598.88,50,917,9,0.5976,956.3,0.1767,11,complete,0.2952,27965.6
406,4,50,767,590.552,50,767,8,0.5815,855.0,0.1667,17,complete,0.2758,28013.6
407,4,50,865,575.56,50,865,8,0.6483,902.1,0.2581,72,complete,0.331,28066.3
408,4,50,894,574.12,50,894,8,0.5895,942.9,0.1597,15,complete,0.3333,28123.4
409,4,50,804,595.464,50,804,8,0.6262,962.4,0.2339,19,complete,0.3095,28181.3
410,4,50,740,557.048,50,740,7,0.6243,960.9,0.1513,12,complete,0.3032,28233.2
411,4,50,864,559.376,50,864,8,0.6091,945.2,0.2709,19,complete,0.3144,28292.5
412,4,50,1000,569.248,48,,9,0.618,907.1,0.3349,64,step_limit,0.3214,28360.6
413,4,50,1000,479.232,46,,8,0.4955,898.4,0.225,18,step_limit,0.2668,28428.1
414,4,50,853,566.32,50,853,8,0.6181,907.5,0.1715,26,complete,0.3447,28487.7
415,4,50,960,572.096,50,960,8,0.5789,955.3,0.2873,25,complete,0.236,28552.2
416,4,50,965,547.584,50,965,8,0.6202,933.9,0.2381,13,complete,0.325,28619.8
417,4,50,761,636.856,50,761,9,0.5503,887.7,0.123,10,complete,0.2903,28672.1
418,4,50,715,564.968,50,715,7,0.6119,904.0,0.2042,16,complete,0.3065,28722.5
419,4,50,879,604.152,50,879,9,0.5944,951.2,0.3032,32,complete,0.26,28781.2
420,4,50,978,592.44,50,978,9,0.6357,925.2,0.184,16,complete,0.3531,28839.6
421,4,50,769,585.912,50,769,8,0.6086,947.2,0.1697,10,complete,0.3032,28889.2
422,4,50,893,598.088,50,893,9,0.6095,946.6,0.219,12,complete,0.3023,28943.3
423,4,50,984,534.632,50,984,7,0.6049,931.6,0.3064,48,complete,0.2778,28998.9
424,4,50,786,627.688,50,786,9,0.5776,904.7,0.141,11,complete,0.2921,29039.9
425,4,50,848,547.712,50,848,7,0.6297,932.6,0.2593,12,complete,0.3131,29084.9
426,4,50,875,606.464,50,875,9,0.5986,943.7,0.1456,18,complete,0.3873,29133.4
427,4,50,762,583.856,50,762,8,0.5925,888.0,0.2193,12,complete,0.2921,29178.4
428,4,50,718,617.464,50,718,8,0.5641,935.6,0.2305,30,complete,0.2784,29221.5
429,4,50,1000,515.232,48,,8,0.5972,910.7,0.2858,26,step_limit,0.3084,29283.4
430,4,50,825,614.616,50,825,9,0.607,900.5,0.1801,15,complete,0.3178,29329.6
431,4,50,1000,569.08,49,,9,0.5797,907.5,0.1614,13,step_limit,0.3376,29384.6
432,4,50,832,540.4,50,832,7,0.5799,910.3,0.271,21,complete,0.2772,29432.9
433,4,50,803,542.224,50,803,7,0.5953,919.4,0.211,12,complete,0.298,29482.5
434,4,50,969,556.624,50,969,8,0.6347,933.4,0.2874,23,complete,0.3739,29540.8
435,4,50,935,576.008,50,935,8,0.643,952.9,0.2073,26,complete,0.3578,29599.7
436,4,50,949,605.656,50,949,9,0.6167,972.4,0.2244,27,complete,0.3528,29659.2
437,4,50,848,618.632,50,848,9,0.6023,948.1,0.252,23,complete,0.3235,29709.8
438,4,50,821,588.728,50,821,8,0.6252,939.0,0.2046,14,complete,0.349,29761.6
439,4,50,860,586.928,50,860,8,0.5922,958.5,0.2103,26,complete,0.3042,29814.6
440,4,50,1000,498.552,49,,7,0.601,919.8,0.2345,14,step_limit,0.338,29876.6
441,4,50,1000,543.112,49,,8,0.5843,913.4,0.258,13,step_limit,0.3107,29937.2
442,4,50,795,551.624,50,795,7,0.6019,939.6,0.2901,23,complete,0.3069,29989.0
443,4,50,1000,516.68,49,,7,0.639,984.9,0.3214,78,step_limit,0.3,30057.6
444,4,50,1000,459.832,43,,8,0.5148,918.6,0.2981,39,step_limit,0.2546,30121.7
445,4,50,918,556.24,50,918,8,0.6059,928.8,0.2092,11,complete,0.3548,30177.9
446,4,50,935,596.88,50,935,9,0.6083,961.4,0.2049,10,complete,0.3066,30234.3
447,4,50,659,618.416,50,659,8,0.5531,891.7,0.1322,13,complete,0.2706,30278.2
448,4,50,870,612.184,50,870,9,0.5931,905.9,0.2012,9,complete,0.3514,30338.0
449,4,50,858,616.56,50,858,9,0.5612,968.7,0.1873,32,complete,0.3112,30396.0
450,4,50,849,574.488,50,849,8,0.619,954.3,0.2556,16,complete,0.3075,30454.2
451,4,50,1000,547.584,49,,8,0.635,955.5,0.3184,33,step_limit,0.3578,31172.0
452,4,50,1000,495.624,48,,7,0.6418,948.5,0.3145,41,step_limit,0.3214,31233.6
453,4,50,791,593.136,50,791,8,0.5664,938.5,0.2462,31,complete,0.2713,31284.3
454,4,50,893,560.968,50,893,8,0.6316,926.2,0.1719,14,complete,0.3308,31332.4
455,4,50,981,573.024,50,981,9,0.5841,952.0,0.2089,22,complete,0.3549,31384.0
456,4,50,943,591.888,50,943,9,0.574,888.3,0.3003,38,complete,0.319,31433.2
457,4,50,729,633.016,50,729,9,0.5604,847.1,0.2035,16,complete,0.2585,31478.1
458,4,50,895,574.12,50,895,8,0.602,921.1,0.2911,24,complete,0.3088,31534.0
459,4,50,830,606.752,50,830,9,0.6241,977.4,0.1989,44,complete,0.31,31586.3
460,4,50,934,572.68,50,934,8,0.6349,934.2,0.327,79,complete,0.3131,31650.2
461,4,50,1000,522.92,48,,8,0.5863,866.8,0.2676,24,step_limit,0.2972,31718.5
462,4,50,824,614.112,50,824,9,0.6232,895.2,0.23,11,complete,0.3292,31775.0
463,4,50,906,610.976,50,906,9,0.5579,941.8,0.1896,22,complete,0.2801,31837.2
464,4,50,903,577.984,50,903,8,0.6249,953.5,0.2713,15,complete,0.3341,31898.7
465,4,50,905,572.824,50,905,8,0.6204,947.7,0.2046,33,complete,0.3535,31960.1
466,4,50,871,564.024,50,871,8,0.5614,929.7,0.2146,19,complete,0.2854,32014.3
467,4,50,986,572.44,50,986,9,0.5517,905.0,0.2828,52,complete,0.2973,32075.8
468,4,50,818,587.952,50,818,8,0.6418,938.5,0.2234,15,complete,0.33,32126.5
469,4,50,820,540.312,50,820,7,0.6247,876.3,0.3229,28,complete,0.255,32176.3
470,4,50,842,541.696,50,842,7,0.6107,954.4,0.2359,56,complete,0.3125,32229.5
471,4,50,893,608.376,50,893,9,0.5999,897.4,0.2417,20,complete,0.2639,32283.2
472,4,50,892,604.12,50,892,9,0.616,879.8,0.2958,29,complete,0.3389,32339.0
473,4,50,787,552.28,50,787,7,0.6179,945.5,0.2398,19,complete,0.2737,32387.7
474,4,50,839,549.496,50,839,7,0.6037,948.3,0.1668,14,complete,0.3298,32440.2
475,4,50,875,604.008,50,875,9,0.5651,931.3,0.1894,11,complete,0.2812,32489.2
476,4,50,958,595.648,50,958,9,0.5715,904.6,0.2313,26,complete,0.2932,32541.0
477,4,50,922,533.072,50,922,8,0.5935,945.3,0.2803,53,complete,0.3119,32590.4
478,4,50,1000,498.28,49,,7,0.613,923.4,0.3359,70,step_limit,0.3726,32644.2
479,4,50,687,605.144,50,687,8,0.6048,918.2,0.1052,14,complete,0.3103,32690.1
480,4,50,930,598.048,50,930,9,0.5884,920.4,0.1987,12,complete,0.3278,32749.9
481,4,50,852,616.736,50,852,9,0.5936,922.4,0.1949,11,complete,0.3067,32801.7
482,4,50,899,600.4,50,899,9,0.5654,920.0,0.1015,12,complete,0.3598,32856.6
483,4,50,806,580.36,50,806,8,0.5729,940.4,0.1915,13,complete,0.3464,32907.3
484,4,50,891,568.36,50,891,8,0.5654,924.4,0.2098,11,complete,0.3143,32960.0
485,4,50,1000,529.416,47,,9,0.6122,915.3,0.2533,18,step_limit,0.3294,33022.4
486,4,50,637,587.968,50,637,7,0.6166,895.4,0.1028,12,complete,0.2865,33062.5
487,4,50,757,598.952,50,757,8,0.6291,894.6,0.2319,19,complete,0.2793,33111.0
488,4,50,950,595.112,50,950,9,0.6068,936.3,0.1685,26,complete,0.3131,33168.2
489,4,50,774,551.728,50,774,7,0.6256,937.8,0.1702,10,complete,0.3207,33217.5
490,4,50,746,556.752,50,746,7,0.6237,944.5,0.1184,10,complete,0.3351,33263.3
491,4,50,779,590.368,50,779,8,0.6049,872.6,0.2586,17,complete,0.2688,33313.9
492,4,50,726,601.592,50,726,8,0.5675,911.1,0.1802,20,complete,0.2819,33358.1
493,4,50,872,605.424,50,872,9,0.5026,848.0,0.1497,12,complete,0.3039,33414.2
494,4,50,817,579.864,50,817,8,0.59,885.2,0.1929,13,complete,0.2875,33470.2
495,4,50,831,615.944,50,831,9,0.5996,895.3,0.2576,27,complete,0.2819,33527.4
496,4,50,781,596.112,50,781,8,0.5944,943.2,0.1967,15,complete,0.2883,33582.5
497,4,50,1000,459.856,45,,8,0.567,905.2,0.3177,22,step_limit,0.3082,33645.4
498,4,50,845,586.784,50,845,8,0.5766,894.9,0.2316,20,complete,0.2819,33695.3
499,4,50,740,562.032,50,740,7,0.6355,904.6,0.1823,15,complete,0.3307,33740.2
500,4,50,967,600.48,50,967,9,0.6057,955.2,0.2893,67,complete,0.319,33798.7
501,4,50,835,623.824,50,835,9,0.5757,934.4,0.1874,11,complete,0.319,34540.0
502,4,50,712,599.2,50,712,8,0.618,923.7,0.1689,11,complete,0.2912,34583.6
503,4,50,823,578.704,50,823,8,0.5838,913.4,0.2301,11,complete,0.2655,34633.7
504,4,50,794,589.352,50,794,8,0.586,963.8,0.1693,12,complete,0.2865,34680.4
505,4,50,954,553.808,50,954,8,0.6116,925.4,0.335,48,complete,0.297,34740.6
506,4,50,847,571.904,50,847,8,0.5803,935.5,0.1744,12,complete,0.3029,34790.5
507,4,50,1000,525.944,48,,8,0.6242,932.4,0.2597,13,step_limit,0.2948,34846.2
508,4,50,767,626.984,50,767,9,0.5495,957.6,0.188,30,complete,0.3366,34888.1
509,4,50,790,596.976,50,790,8,0.6389,946.3,0.1814,15,complete,0.3325,34930.7
510,4,50,843,574.904,50,843,8,0.5967,970.6,0.2152,38,complete,0.2675,34975.5
511,4,50,1000,479.936,48,,7,0.5952,907.8,0.3539,34,step_limit,0.3119,35028.7
512,4,50,802,629.288,50,802,9,0.5623,981.2,0.1559,10,complete,0.3409,35072.9
513,4,50,870,601.152,50,870,9,0.6207,966.6,0.1853,12,complete,0.3211,35122.3
514,4,50,826,575.224,50,826,8,0.6017,923.1,0.1602,14,complete,0.3617,35167.1
515,4,50,811,576.184,50,811,8,0.5657,888.9,0.2216,17,complete,0.293,35206.0
516,4,50,826,582.528,50,826,8,0.6132,940.7,0.2743,37,complete,0.3196,35245.6
517,4,50,1000,571.936,49,,9,0.5335,946.9,0.2738,38,step_limit,0.2815,35296.1
518,4,50,788,563.36,50,788,7,0.6183,922.5,0.2286,19,complete,0.2826,35333.9
519,4,50,722,606.336,50,722,8,0.5928,986.2,0.1455,11,complete,0.2742,35369.4
520,4,50,880,610.048,50,880,9,0.5739,883.9,0.2228,19,complete,0.2816,35412.2
521,4,50,951,569.12,50,951,8,0.6356,925.2,0.31,76,complete,0.294,35460.1
522,4,50,762,565.16,50,762,7,0.6375,957.8,0.1557,14,complete,0.3151,35498.2
523,4,50,962,570.464,50,962,8,0.5907,909.4,0.2698,21,complete,0.3473,35544.2
524,4,50,1000,520.36,48,,8,0.6025,913.6,0.2702,40,step_limit,0.2967,35592.5
525,4,50,915,568.704,50,915,8,0.6459,954.5,0.2671,39,complete,0.3405,35638.0
526,4,50,679,609.608,50,679,8,0.5983,882.9,0.1375,13,complete,0.2796,35670.9
527,4,50,875,517.536,50,875,7,0.6034,895.1,0.2758,25,complete,0.2425,35711.5
528,4,50,850,561.736,50,850,8,0.6038,963.2,0.2199,12,complete,0.3485,35758.5
529,4,50,771,630.216,50,771,9,0.5778,942.3,0.1795,11,complete,0.273,35801.0
530,4,50,896,608.216,50,896,9,0.5834,936.1,0.2587,39,complete,0.2937,35850.9
531,4,50,913,563.136,50,913,8,0.5928,887.1,0.2138,17,complete,0.335,35896.2
532,4,50,814,573.488,50,814,8,0.6182,914.8,0.2331,19,complete,0.3105,35935.8
533,4,50,777,632.072,50,777,9,0.5714,898.7,0.2403,30,complete,0.3088,35973.4
534,4,50,841,626.536,50,841,9,0.6281,934.8,0.1664,27,complete,0.3162,36014.7
535,4,50,996,538.4,50,996,8,0.6147,937.1,0.2452,17,complete,0.275,36064.3
536,4,50,868,534.496,50,868,7,0.623,933.8,0.2779,77,complete,0.3232,36105.7
537,4,50,1000,512.76,49,,7,0.607,931.4,0.2844,28,step_limit,0.3037,36153.1
538,4,50,835,545.872,50,835,7,0.6338,890.5,0.2517,14,complete,0.3366,36195.2
539,4,50,903,586.304,50,903,8,0.613,955.0,0.2448,26,complete,0.3407,36238.1
540,4,50,993,586.8,50,993,9,0.6005,924.5,0.2353,18,complete,0.3452,36284.0
541,4,50,833,571.52,50,833,8,0.5984,923.5,0.203,15,complete,0.303,36325.3
542,4,50,666,617.536,50,666,8,0.589,927.4,0.1496,14,complete,0.267,36357.6
543,4,50,1000,543.736,47,,9,0.576,943.6,0.2557,14,step_limit,0.2827,36407.1
544,4,50,1000,542.52,48,,8,0.578,936.2,0.2085,15,step_limit,0.3009,36455.8
545,4,50,1000,498.808,46,,8,0.5927,963.4,0.2848,30,step_limit,0.3356,36514.5
546,4,50,874,616.296,50,874,9,0.5984,877.8,0.2318,14,complete,0.3186,36564.5
547,4,50,776,581.632,50,776,8,0.6002,901.0,0.1721,29,complete,0.3299,36609.4
548,4,50,961,566.16,50,961,9,0.5775,941.1,0.2601,16,complete,0.3261,36662.3
549,4,50,943,595.32,50,943,9,0.5864,940.8,0.1918,33,complete,0.3544,36714.3
550,4,50,807,635.544,50,807,9,0.5874,956.3,0.1909,11,complete,0.3106,36758.6
551,4,50,1000,583.144,49,,9,0.6215,934.5,0.2361,19,step_limit,0.3396,37350.5
552,4,50,856,613.208,50,856,9,0.5885,947.0,0.1658,8,complete,0.3211,37396.1
553,4,50,746,600.192,50,746,8,0.5724,936.6,0.1773,20,complete,0.2606,37433.4
554,4,50,911,599.288,50,911,9,0.5864,942.0,0.1911,18,complete,0.301,37477.8
555,4,50,923,537.472,50,923,8,0.6211,962.8,0.3232,39,complete,0.2797,37522.3
556,4,50,777,628.488,50,777,9,0.5798,904.3,0.2345,11,complete,0.2625,37560.5
557,4,50,1000,571.496,48,,9,0.5787,903.3,0.3427,24,step_limit,0.2881,37606.8
558,4,50,1000,531.296,48,,8,0.6008,949.9,0.2269,19,step_limit,0.3037,37656.4
559,4,50,913,613.944,50,913,9,0.5909,955.1,0.2493,34,complete,0.3365,37695.9
560,4,50,834,619.232,50,834,9,0.6145,967.0,0.1303,10,complete,0.3177,37729.2
561,4,50,894,566.2,50,894,8,0.6239,964.2,0.1547,19,complete,0.3333,37765.4
562,4,50,829,601.64,50,829,9,0.6055,911.7,0.2107,13,complete,0.2574,37804.2
563,4,50,826,575.84,50,826,8,0.5508,914.7,0.2553,24,complete,0.2371,37844.7
564,4,50,1000,447.976,47,,7,0.6182,949.1,0.2973,27,step_limit,0.3014,37894.2
565,4,50,871,583.648,50,871,8,0.5608,929.0,0.1667,13,complete,0.2854,37937.2
566,4,50,804,589.512,50,804,8,0.6045,931.4,0.1115,11,complete,0.3299,37975.5
567,4,50,1000,552.824,47,,9,0.5855,900.0,0.2655,23,step_limit,0.3088,38024.0
568,4,50,889,597.856,50,889,9,0.5953,894.9,0.2573,20,complete,0.3382,38065.8
569,4,50,822,577.656,50,822,8,0.6119,939.0,0.1955,21,complete,0.3222,38104.8
570,4,50,902,620.056,50,902,9,0.6098,988.0,0.2186,12,complete,0.3668,38147.3
571,4,50,915,587.752,50,915,9,0.5888,938.3,0.1654,17,complete,0.3341,38193.0
572,4,50,850,583.752,50,850,8,0.5482,991.3,0.224,18,complete,0.2966,38236.1
573,4,50,723,599.104,50,723,8,0.5826,947.3,0.1761,23,complete,0.2806,38276.1
574,4,50,745,563.496,50,745,7,0.5916,941.9,0.2648,12,complete,0.25,38318.3
575,4,50,920,537.968,50,920,8,0.5606,924.2,0.2475,19,complete,0.267,38370.3
576,4,50,819,584.824,50,819,8,0.5604,937.7,0.1706,9,complete,0.2879,38416.5
577,4,50,993,520.136,50,993,7,0.6032,960.6,0.2015,16,complete,0.3486,38471.7
578,4,50,823,613.632,50,823,9,0.6133,947.6,0.1656,14,complete,0.3204,38517.9
579,4,50,786,550.584,50,786,7,0.5913,908.2,0.2022,32,complete,0.2812,38558.5
580,4,50,795,595.248,50,795,8,0.5953,943.5,0.104,10,complete,0.335,38598.0
581,4,50,1000,512.064,47,,8,0.5455,910.5,0.1676,14,step_limit,0.3208,38644.8
582,4,50,831,606.88,50,831,9,0.5993,921.6,0.153,18,complete,0.3173,38686.1
583,4,50,766,635.384,50,766,9,0.6116,967.2,0.1079,9,complete,0.3385,38724.1
584,4,50,785,616.4,50,785,9,0.6061,936.0,0.2169,11,complete,0.2885,38762.4
585,4,50,738,598.072,50,738,8,0.6101,902.1,0.1955,20,complete,0.2943,38799.6
586,4,50,682,569.216,50,682,7,0.5861,870.5,0.1584,28,complete,0.2903,38833.3
587,4,50,911,567.328,50,911,8,0.6251,951.1,0.1616,14,complete,0.3083,38876.7
588,4,50,669,605.888,50,669,8,0.5699,960.9,0.1835,10,complete,0.2231,38910.0
589,4,50,842,576.584,50,842,8,0.6066,950.4,0.1684,17,complete,0.3367,38949.0
590,4,50,888,610.64,50,888,9,0.6047,927.7,0.175,9,complete,0.32,38989.0
591,4,50,768,547.784,50,768,7,0.5807,932.4,0.2524,33,complete,0.3015,39025.8
592,4,50,1000,466.432,44,,8,0.5847,859.0,0.406,162,step_limit,0.3119,39075.3
593,4,50,766,636.488,50,766,9,0.5767,910.4,0.2504,12,complete,0.2677,39114.1
594,4,50,909,578.192,50,909,8,0.5976,958.3,0.1769,10,complete,0.3125,39165.0
595,4,50,1000,580.904,48,,9,0.568,841.8,0.376,94,step_limit,0.3053,39219.8
596,4,50,725,567.352,50,725,7,0.581,975.7,0.1431,13,complete,0.3071,39260.9
597,4,50,907,612.8,50,907,9,0.5874,942.6,0.1491,14,complete,0.3241,39311.7
598,4,50,1000,547.328,48,,9,0.5893,911.2,0.2422,14,step_limit,0.3131,39366.1
599,4,50,913,571.2,50,913,8,0.6041,910.2,0.2678,17,complete,0.3425,39418.9
600,4,50,872,611.224,50,872,9,0.6327,892.1,0.3183,30,complete,0.3416,39468.1
601,4,50,827,629.104,50,827,9,0.5967,897.3,0.182,30,complete,0.285,40050.8
602,4,50,839,610.232,50,839,9,0.5962,928.3,0.1615,10,complete,0.3081,40091.6
603,4,50,907,582.624,50,907,8,0.6293,934.9,0.2924,42,complete,0.3373,40137.8
604,4,50,1000,457.992,45,,7,0.512,920.8,0.209,15,step_limit,0.3131,40188.1
605,4,50,1000,544.392,46,,8,0.6268,914.2,0.3535,44,step_limit,0.2933,40234.2
606,4,50,1000,546.304,46,,9,0.6272,866.5,0.4173,141,step_limit,0.2708,40282.4
607,4,50,792,590.256,50,792,8,0.6102,921.2,0.2049,16,complete,0.3316,40320.7
608,4,50,847,576.456,50,847,8,0.5992,951.8,0.2329,15,complete,0.3094,40356.0
609,4,50,833,613.184,50,833,9,0.5366,908.8,0.2612,37,complete,0.295,40390.3
610,4,50,978,544.536,50,978,8,0.5838,894.8,0.2026,23,complete,0.3532,40429.6
611,4,50,930,612.96,50,930,9,0.5946,932.9,0.1818,21,complete,0.3318,40467.5
612,4,50,778,584.84,50,778,8,0.6154,940.4,0.1988,25,complete,0.3258,40501.1
613,4,50,840,619.184,50,840,9,0.6071,884.9,0.1855,10,complete,0.3464,40538.1
614,4,50,1000,564.208,48,,9,0.5865,887.2,0.2439,26,step_limit,0.3068,40587.7
615,4,50,926,609.952,50,926,9,0.5934,911.2,0.2381,26,complete,0.3131,40632.4
616,4,50,852,587.088,50,852,8,0.6001,926.5,0.2055,12,complete,0.3366,40673.1
617,4,50,912,597.288,50,912,9,0.622,935.4,0.2048,11,complete,0.3309,40717.3
618,4,50,806,577.608,50,806,8,0.607,875.4,0.2363,18,complete,0.349,40756.3
619,4,50,932,584.568,50,932,9,0.5692,945.8,0.2422,18,complete,0.3039,40799.3
620,4,50,824,579.976,50,824,8,0.618,969.8,0.196,10,complete,0.3047,40839.3
621,4,50,833,537.104,50,833,7,0.602,959.6,0.2561,30,complete,0.2822,40886.8
622,4,50,825,621.968,50,825,9,0.6094,901.4,0.2004,11,complete,0.3561,40934.7
623,4,50,1000,561.256,48,,9,0.605,902.8,0.2687,31,step_limit,0.289,40994.9
624,4,50,831,608.504,50,831,9,0.5863,930.1,0.1538,10,complete,0.2732,41040.3
625,4,50,895,594.536,50,895,9,0.6042,984.4,0.1766,17,complete,0.3088,41091.5
626,4,50,877,600.248,50,877,9,0.5741,934.3,0.2286,12,complete,0.2794,41141.4
627,4,50,831,611.096,50,831,9,0.6149,921.2,0.1364,14,complete,0.3075,41188.3
628,4,50,844,574.2,50,844,8,0.6022,973.7,0.2098,20,complete,0.3106,41230.0
629,4,50,872,563.104,50,872,8,0.5963,938.7,0.184,11,complete,0.3119,41272.8
630,4,50,1000,455.76,44,,8,0.5925,961.1,0.289,114,step_limit,0.3225,41318.6
631,4,50,974,579.848,50,974,9,0.5737,904.0,0.2314,38,complete,0.3061,41365.9
632,4,50,794,588.104,50,794,8,0.5885,919.0,0.144,10,complete,0.3106,41405.2
633,4,50,864,608.192,50,864,9,0.6233,978.7,0.1875,30,complete,0.3262,41447.4
634,4,50,757,606.64,50,757,8,0.5931,919.4,0.1609,10,complete,0.293,41482.8
635,4,50,861,606.08,50,861,9,0.615,925.8,0.211,29,complete,0.3245,41525.4
636,4,50,843,612.016,50,843,9,0.6133,969.0,0.1765,16,complete,0.3603,41567.3
637,4,50,1000,578.976,49,,8,0.6115,924.7,0.326,193,step_limit,0.3131,41614.6
638,4,50,1000,542.608,49,,9,0.5992,970.9,0.3161,25,step_limit,0.2716,41666.0
639,4,50,685,604.952,50,685,8,0.5923,915.5,0.1704,18,complete,0.3068,41699.3
640,4,50,710,569.856,50,710,7,0.612,968.5,0.2457,25,complete,0.2472,41733.2
641,4,50,888,616.256,50,888,9,0.5755,957.6,0.186,33,complete,0.3248,41779.9
642,4,50,779,591.336,50,779,8,0.6159,979.1,0.1575,11,complete,0.3151,41822.8
643,4,50,777,599.12,50,777,8,0.5579,926.2,0.1887,12,complete,0.2739,41867.5
644,4,50,958,592.096,50,958,9,0.5692,940.1,0.1823,10,complete,0.2948,41919.8
645,4,50,700,603.016,50,700,8,0.5771,912.9,0.163,12,complete,0.2665,41959.6
646,4,50,633,647.832,50,633,9,0.5545,886.2,0.1437,10,complete,0.2247,41996.7
647,4,50,731,637.16,50,731,9,0.5831,964.6,0.1285,10,complete,0.3145,42039.2
648,4,50,894,574.584,50,894,8,0.6107,900.1,0.2777,54,complete,0.3252,42090.8
649,4,50,673,645.488,50,673,9,0.5702,924.3,0.1696,16,complete,0.2389,42129.7
650,4,50,843,568.664,50,843,8,0.6079,925.8,0.2267,17,complete,0.3175,42179.0
651,4,50,838,572.392,50,838,8,0.6077,931.7,0.1984,17,complete,0.3184,42771.4
652,4,50,799,546.872,50,799,7,0.5635,923.6,0.2125,21,complete,0.2793,42810.9
653,4,50,1000,568.48,48,,9,0.5857,969.3,0.2875,32,step_limit,0.3042,42857.9
654,4,50,804,581.624,50,804,8,0.6278,936.0,0.2499,21,complete,0.3067,42897.2
655,4,50,769,554.8,50,769,7,0.5764,932.1,0.1611,14,complete,0.3342,42934.2
656,4,50,849,576.016,50,849,8,0.624,906.1,0.185,17,complete,0.3275,42973.5
657,4,50,1000,544.368,47,,9,0.6008,880.6,0.2816,43,step_limit,0.3097,43011.9
658,4,50,983,583.184,50,983,9,0.5956,934.8,0.1921,18,complete,0.3234,43054.7
659,4,50,1000,487.392,47,,7,0.597,954.7,0.2408,101,step_limit,0.2966,43096.6
660,4,50,707,609.704,50,707,8,0.6018,954.8,0.1028,8,complete,0.2799,43125.1
661,4,50,772,588.28,50,772,8,0.6085,899.9,0.1781,10,complete,0.3043,43156.7
662,4,50,1000,506.832,48,,8,0.5563,972.5,0.2262,21,step_limit,0.2902,43199.1
663,4,50,851,576.328,50,851,8,0.6019,954.6,0.2382,57,complete,0.3357,43237.5
664,4,50,1000,479.864,47,,7,0.6055,916.0,0.2769,29,step_limit,0.3182,43284.6
665,4,50,937,546.016,50,937,7,0.5824,933.8,0.1979,18,complete,0.3005,43329.0
666,4,50,922,552.216,50,922,8,0.5702,867.5,0.2437,16,complete,0.3014,43375.2
667,4,50,849,583.584,50,849,8,0.5963,896.0,0.1591,10,complete,0.3005,43416.1
668,4,50,1000,520.224,49,,8,0.5353,923.2,0.2363,17,step_limit,0.3041,43464.4
669,4,50,773,635.208,50,773,9,0.5831,905.5,0.1266,10,complete,0.2553,43508.9
670,4,50,878,577.104,50,878,8,0.5831,907.9,0.2078,17,complete,0.2857,43557.5
671,4,50,980,574.16,50,980,8,0.6375,914.3,0.3101,49,complete,0.331,43612.9
672,4,50,825,603.856,50,825,9,0.5855,891.0,0.1188,16,complete,0.3367,43658.9
673,4,50,837,617.0,50,837,9,0.5257,941.2,0.1994,14,complete,0.262,43707.7
674,4,50,866,543.232,50,866,7,0.5725,931.0,0.1357,11,complete,0.3214,43755.0
675,4,50,912,566.296,50,912,8,0.6091,919.3,0.1975,11,complete,0.3167,43808.6
676,4,50,807,547.776,50,807,7,0.6168,954.7,0.2528,19,complete,0.3119,43853.2
677,4,50,845,567.248,50,845,8,0.6198,930.8,0.1833,13,complete,0.3015,43903.4
678,4,50,736,595.536,50,736,8,0.6301,937.1,0.1443,22,complete,0.3049,43945.9
679,4,50,907,557.784,50,907,8,0.6149,981.4,0.1663,17,complete,0.319,43991.2
680,4,50,957,600.16,50,957,9,0.5799,920.6,0.2637,15,complete,0.3071,44036.3
681,4,50,954,555.848,50,954,8,0.6122,959.0,0.2572,12,complete,0.3326,44082.9
682,4,50,833,531.288,50,833,7,0.5939,963.8,0.1757,14,complete,0.3258,44122.1
683,4,50,785,582.448,50,785,8,0.6443,952.9,0.1654,10,complete,0.3516,44160.2
684,4,50,877,579.256,50,877,8,0.5929,967.7,0.1879,19,complete,0.301,44202.6
685,4,50,817,595.408,50,817,8,0.5805,976.9,0.1928,17,complete,0.2959,44241.8
686,4,50,860,522.296,50,860,7,0.6151,948.0,0.2595,20,complete,0.2995,44283.4
687,4,50,954,557.752,50,954,8,0.5922,930.6,0.2258,17,complete,0.2844,44327.6
688,4,50,825,629.096,50,825,9,0.5718,966.4,0.1725,22,complete,0.2936,44366.5
689,4,50,768,603.52,50,768,8,0.5967,963.9,0.1416,12,complete,0.3222,44404.5
690,4,50,720,608.328,50,720,8,0.6167,896.3,0.1743,10,complete,0.25,44439.7
691,4,50,880,601.456,50,880,9,0.6065,923.1,0.2391,23,complete,0.3292,44483.4
692,4,50,858,572.776,50,858,8,0.5667,896.9,0.1944,16,complete,0.2755,44525.9
693,4,50,863,551.744,50,863,8,0.5429,933.8,0.1726,19,complete,0.3075,44572.9
694,4,50,736,595.552,50,736,8,0.5768,915.9,0.0999,7,complete,0.2989,44613.8
695,4,50,1000,563.4,49,,9,0.6202,934.0,0.2618,13,step_limit,0.318,44671.5
696,4,50,1000,401.416,41,,7,0.5948,864.3,0.4274,63,step_limit,0.2702,44729.9
697,4,50,842,608.52,50,842,9,0.56,942.6,0.1415,16,complete,0.2601,44777.5
698,4,50,817,574.8,50,817,8,0.6123,914.7,0.1327,15,complete,0.3535,44823.8
699,4,50,798,627.144,50,798,9,0.5984,907.2,0.166,11,complete,0.3137,44866.4
700,4,50,876,570.832,50,876,8,0.6144,961.2,0.1898,19,complete,0.3243,44917.1
701,4,50,972,583.816,50,972,9,0.5952,926.7,0.1667,11,complete,0.2944,45514.8
702,4,50,1000,559.328,48,,9,0.619,918.1,0.3077,54,step_limit,0.3176,45556.7
703,4,50,883,598.792,50,883,9,0.5807,937.7,0.241,49,complete,0.2867,45593.7
704,4,50,791,557.528,50,791,7,0.6359,917.0,0.1855,13,complete,0.3125,45626.7
705,4,50,801,565.464,50,801,7,0.6152,956.7,0.1667,10,complete,0.301,45663.9
706,4,50,981,589.896,50,981,9,0.5979,927.5,0.2388,11,complete,0.317,45703.5
707,4,50,915,567.632,50,915,8,0.5948,956.8,0.2331,33,complete,0.2753,45739.0
708,4,50,751,629.76,50,751,9,0.5569,947.1,0.186,12,complete,0.2316,45770.5
709,4,50,776,590.928,50,776,8,0.5822,936.5,0.2584,16,complete,0.297,45802.3
710,4,50,870,618.256,50,870,9,0.5848,953.0,0.1494,13,complete,0.2981,45837.6
711,4,50,769,609.88,50,769,9,0.5374,873.8,0.2335,19,complete,0.2449,45868.4
712,4,50,978,603.184,50,978,9,0.5284,949.7,0.205,36,complete,0.2729,45907.5
713,4,50,1000,574.408,49,,9,0.6125,953.2,0.2065,31,step_limit,0.323,45945.4
714,4,50,1000,549.728,49,,8,0.6102,939.9,0.2084,10,step_limit,0.3086,45987.7
715,4,50,844,574.072,50,844,8,0.6007,926.1,0.2494,32,complete,0.2745,46037.4
716,4,50,906,589.48,50,906,9,0.5828,925.5,0.2604,42,complete,0.2718,46086.2
717,4,50,885,575.6,50,885,8,0.6155,921.0,0.1798,34,complete,0.3113,46135.9
718,4,50,958,593.904,50,958,9,0.6255,964.0,0.2502,25,complete,0.2995,46189.5
719,4,50,711,631.68,50,711,9,0.5907,900.2,0.1301,12,complete,0.2444,46230.1
720,4,50,868,531.592,50,868,7,0.5953,938.0,0.2617,22,complete,0.3,46277.5
721,4,50,982,529.568,50,982,8,0.5929,941.0,0.1609,12,complete,0.3238,46332.9
722,4,50,829,614.928,50,829,9,0.5887,848.8,0.2318,13,complete,0.2781,46378.2
723,4,50,814,628.272,50,814,9,0.5716,903.8,0.1851,14,complete,0.2706,46423.3
724,4,50,781,584.352,50,781,8,0.5999,948.9,0.127,10,complete,0.3172,46469.6
725,4,50,867,606.696,50,867,9,0.5833,894.2,0.1786,11,complete,0.2797,46518.2
726,4,50,844,606.04,50,844,9,0.606,957.2,0.1991,10,complete,0.3034,46563.7
727,4,50,823,622.76,50,823,9,0.5917,948.5,0.124,15,complete,0.3273,46610.8
728,4,50,764,598.904,50,764,8,0.5694,892.3,0.1446,13,complete,0.2879,46653.3
729,4,50,810,583.2,50,810,8,0.5698,938.8,0.1694,10,complete,0.2879,46695.2
730,4,50,1000,591.352,49,,9,0.5695,952.5,0.1929,22,step_limit,0.2881,46744.0
731,4,50,925,517.456,50,925,7,0.5838,958.6,0.2291,9,complete,0.3143,46789.3
732,4,50,1000,538.288,47,,9,0.574,932.7,0.2272,20,step_limit,0.3245,46838.3
733,4,50,857,609.192,50,857,9,0.6187,912.5,0.1727,22,complete,0.35,46880.7
734,4,50,885,569.856,50,885,8,0.5506,954.2,0.1438,10,complete,0.3495,46922.3
735,4,50,816,593.096,50,816,8,0.5711,929.0,0.1156,16,complete,0.3069,46962.3
736,4,50,851,612.984,50,851,9,0.5632,923.1,0.1604,16,complete,0.3073,47003.9
737,4,50,908,542.008,50,908,8,0.5796,954.1,0.2504,23,complete,0.3119,47048.7
738,4,50,833,596.52,50,833,8,0.557,964.8,0.2503,36,complete,0.2786,47088.5
739,4,50,1000,506.616,47,,8,0.599,888.8,0.3141,25,step_limit,0.2948,47135.7
740,4,50,810,581.496,50,810,8,0.6231,884.7,0.2666,25,complete,0.3021,47176.9
741,4,50,881,603.696,50,881,9,0.5812,923.2,0.1597,13,complete,0.2938,47219.6
742,4,50,912,612.232,50,912,9,0.6058,951.1,0.1728,11,complete,0.3,47264.5
743,4,50,742,568.504,50,742,7,0.5623,952.8,0.153,9,complete,0.2679,47309.6
744,4,50,857,577.416,50,857,8,0.6225,941.5,0.2362,18,complete,0.3058,47358.1
745,4,50,822,591.176,50,822,8,0.604,941.8,0.1208,10,complete,0.3225,47403.6
746,4,50,944,599.384,50,944,9,0.599,906.6,0.2028,16,complete,0.331,47456.5
747,4,50,895,583.88,50,895,8,0.6478,984.5,0.1991,12,complete,0.2883,47504.4
748,4,50,902,554.488,50,902,8,0.5524,934.2,0.2434,10,complete,0.2957,47554.8
749,4,50,869,613.256,50,869,9,0.5736,972.3,0.1334,10,complete,0.3131,47603.3
750,4,50,942,563.376,50,942,8,0.5441,935.9,0.2607,29,complete,0.3184,47656.3
751,4,50,863,608.96,50,863,9,0.6159,931.7,0.1964,11,complete,0.3138,48208.9
752,4,50,821,634.296,50,821,9,0.5591,956.5,0.1946,11,complete,0.2985,48242.5
753,4,50,1000,555.104,49,,8,0.5897,904.9,0.2304,15,step_limit,0.3356,48282.3
754,4,50,943,600.104,50,943,9,0.5888,922.4,0.1582,10,complete,0.2948,48320.4
755,4,50,851,580.84,50,851,8,0.5849,966.8,0.2206,20,complete,0.3101,48356.4
756,4,50,746,626.144,50,746,9,0.6119,946.3,0.1152,13,complete,0.3079,48389.0
757,4,50,822,589.56,50,822,8,0.5937,950.0,0.1746,10,complete,0.2619,48423.1
758,4,50,786,589.888,50,786,8,0.6005,929.3,0.237,17,complete,0.3032,48456.9
759,4,50,919,567.32,50,919,8,0.5871,916.8,0.2335,17,complete,0.2723,48493.3
760,4,50,923,543.6,50,923,8,0.6251,917.0,0.2458,48,complete,0.2801,48534.4
761,4,50,858,615.192,50,858,9,0.5883,885.7,0.1678,20,complete,0.3228,48575.3
762,4,50,797,588.984,50,797,8,0.6139,971.8,0.1438,18,complete,0.3125,48614.9
763,4,50,835,578.888,50,835,8,0.6111,947.4,0.1542,11,complete,0.3307,48654.6
764,4,50,898,609.584,50,898,9,0.5933,936.5,0.1642,12,complete,0.349,48700.7
765,4,50,927,597.024,50,927,9,0.6017,942.3,0.1533,11,complete,0.3568,48752.7
766,4,50,884,569.184,50,884,8,0.5998,974.2,0.145,19,complete,0.3525,48803.0
767,4,50,995,556.416,50,995,8,0.6168,970.7,0.2238,13,complete,0.3196,48857.5
768,4,50,997,540.648,50,997,8,0.6061,937.0,0.2916,54,complete,0.3246,48913.5
769,4,50,853,541.112,50,853,7,0.6307,954.4,0.172,15,complete,0.2892,48959.1
770,4,50,967,598.096,50,967,9,0.6042,898.3,0.1959,14,complete,0.317,49015.5
771,4,50,890,570.576,50,890,8,0.6233,952.6,0.1985,14,complete,0.2929,49065.6
772,4,50,1000,477.272,45,,8,0.5587,935.7,0.1979,42,step_limit,0.2967,49119.2
773,4,50,964,564.832,50,964,8,0.6258,962.6,0.1854,27,complete,0.3373,49174.8
774,4,50,735,605.472,50,735,8,0.6187,961.4,0.1113,10,complete,0.2946,49218.7
775,4,50,734,637.424,50,734,9,0.5964,925.7,0.133,12,complete,0.288,49260.7
776,4,50,898,607.312,50,898,9,0.5949,953.3,0.2312,22,complete,0.3019,49313.5
777,4,50,771,636.824,50,771,9,0.6002,866.5,0.2524,12,complete,0.2737,49356.4
778,4,50,651,650.624,50,651,9,0.5733,958.2,0.1468,10,complete,0.2222,49388.8
779,4,50,942,593.232,50,942,9,0.595,964.2,0.2249,16,complete,0.3271,49436.8
780,4,50,881,570.656,50,881,8,0.6371,963.2,0.2051,19,complete,0.3627,49478.7
781,4,50,821,585.688,50,821,8,0.6343,967.8,0.2025,25,complete,0.3515,49518.6
782,4,50,821,585.432,50,821,8,0.5572,949.9,0.1483,15,complete,0.3158,49557.8
783,4,50,884,605.576,50,884,9,0.593,930.9,0.1422,8,complete,0.302,49600.4
784,4,50,930,602.864,50,930,9,0.6204,971.1,0.2353,18,complete,0.2981,49648.2
785,4,50,766,595.608,50,766,8,0.5862,910.8,0.1697,10,complete,0.3174,49685.2
786,4,50,756,632.784,50,756,9,0.5744,847.8,0.1483,9,complete,0.2602,49721.8
787,4,50,755,592.672,50,755,8,0.5937,966.2,0.1263,19,complete,0.3077,49759.0
788,4,50,835,617.368,50,835,9,0.547,874.1,0.1926,8,complete,0.2426,49799.3
789,4,50,921,554.624,50,921,8,0.5505,888.3,0.2359,15,complete,0.2575,49845.7
790,4,50,867,567.608,50,867,8,0.6381,922.6,0.1696,14,complete,0.3665,49887.7
791,4,50,929,561.088,50,929,8,0.6179,975.8,0.1897,33,complete,0.3341,49933.4
792,4,50,947,580.704,50,947,9,0.5618,926.7,0.2882,25,complete,0.2909,49984.2
793,4,50,1000,561.544,49,,9,0.5755,941.9,0.2389,19,step_limit,0.3341,50041.5
794,4,50,1000,426.712,43,,7,0.6468,894.3,0.3796,251,step_limit,0.3308,50096.7
795,4,50,740,592.288,50,740,8,0.601,909.3,0.1956,21,complete,0.2528,50141.1
796,4,50,858,575.688,50,858,8,0.5982,970.2,0.1773,11,complete,0.3214,50188.6
797,4,50,741,586.464,50,741,8,0.5921,886.0,0.1567,13,complete,0.3093,50232.4
798,4,50,881,567.856,50,881,8,0.5746,960.9,0.1672,10,complete,0.3154,50280.6
799,4,50,1000,539.768,49,,8,0.5815,884.6,0.2267,32,step_limit,0.3333,50337.6
800,4,50,1000,547.184,49,,8,0.5913,962.6,0.2143,22,step_limit,0.2932,50394.1
801,4,50,723,604.488,50,723,8,0.582,879.2,0.1736,13,complete,0.2713,50903.9
802,4,50,940,605.864,50,940,9,0.6146,966.9,0.207,25,complete,0.2847,50940.1
803,4,50,1000,533.72,49,,8,0.594,912.5,0.2525,17,step_limit,0.3294,50982.4
804,4,50,827,581.728,50,827,8,0.6297,889.7,0.1851,15,complete,0.3207,51019.0
805,4,50,1000,448.632,45,,7,0.4675,903.9,0.3755,15,step_limit,0.2114,51063.7
806,4,50,853,573.944,50,853,8,0.6172,923.5,0.2131,32,complete,0.2549,51106.0
807,4,50,836,627.288,50,836,9,0.5721,835.2,0.213,10,complete,0.2292,51146.7
808,4,50,989,579.296,50,989,8,0.5801,911.3,0.3085,60,complete,0.2773,51193.4
809,4,50,948,591.216,50,948,9,0.5657,919.4,0.2259,22,complete,0.2961,51240.4
810,4,50,962,590.8,50,962,9,0.526,943.5,0.1941,23,complete,0.2925,51286.2
811,4,50,931,599.912,50,931,9,0.6214,890.9,0.2069,23,complete,0.3136,51330.6
812,4,50,1000,554.248,48,,9,0.5613,921.5,0.2405,25,step_limit,0.2549,51379.1
813,4,50,925,560.096,50,925,8,0.6046,961.1,0.2539,16,complete,0.3284,51426.7
814,4,50,957,591.24,50,957,9,0.5478,956.3,0.2205,19,complete,0.3176,51481.4
815,4,50,702,602.824,50,702,8,0.6332,954.5,0.2243,23,complete,0.2636,51520.7
816,4,50,824,573.232,50,824,8,0.6041,966.2,0.1893,22,complete,0.2656,51566.3
817,4,50,1000,456.504,44,,8,0.529,965.7,0.2466,21,step_limit,0.2807,51623.2
818,4,50,814,579.016,50,814,8,0.6275,963.2,0.2376,29,complete,0.2766,51668.4
819,4,50,767,595.84,50,767,8,0.587,950.7,0.1873,16,complete,0.2819,51713.1
820,4,50,878,599.928,50,878,9,0.6082,947.3,0.1723,13,complete,0.331,51762.8
821,4,50,946,581.56,50,946,9,0.5603,936.0,0.2098,20,complete,0.2946,51816.8
822,4,50,891,600.624,50,891,9,0.5901,972.9,0.2035,54,complete,0.3211,51867.9
823,4,50,781,581.504,50,781,8,0.5992,950.6,0.1897,18,complete,0.2781,51914.9
824,4,50,762,584.28,50,762,8,0.5843,919.0,0.2352,20,complete,0.25,51960.2
825,4,50,723,629.168,50,723,9,0.5685,923.2,0.1872,18,complete,0.266,52001.3
826,4,50,825,610.736,50,825,9,0.5806,889.2,0.2247,17,complete,0.3036,52042.4
827,4,50,869,588.384,50,869,8,0.6211,988.9,0.2559,33,complete,0.346,52086.2
828,4,50,919,589.944,50,919,9,0.6118,912.0,0.2451,18,complete,0.35,52129.4
829,4,50,799,598.632,50,799,8,0.6136,923.7,0.2303,32,complete,0.3104,52167.7
830,4,50,825,574.168,50,825,8,0.6352,959.2,0.216,22,complete,0.3157,52210.4
831,4,50,736,599.776,50,736,8,0.6192,964.4,0.2127,19,complete,0.2899,52248.4
832,4,50,828,615.024,50,828,9,0.6057,955.1,0.2556,31,complete,0.2797,52290.6
833,4,50,856,580.088,50,856,8,0.5759,946.8,0.1999,26,complete,0.2822,52331.6
834,4,50,723,601.992,50,723,8,0.5664,901.7,0.2224,14,complete,0.25,52366.5
835,4,50,897,599.16,50,897,9,0.5973,897.0,0.1766,37,complete,0.2946,52409.9
836,4,50,876,514.464,50,876,7,0.6199,943.3,0.1971,14,complete,0.3325,52451.1
837,4,50,876,575.168,50,876,8,0.6207,941.4,0.2135,15,complete,0.2913,52496.1
838,4,50,833,583.688,50,833,8,0.5933,938.9,0.2095,27,complete,0.3505,52535.6
839,4,50,1000,534.76,49,,8,0.6115,903.9,0.2325,11,step_limit,0.3398,52583.1
840,4,50,1000,518.28,48,,8,0.6108,939.9,0.2168,25,step_limit,0.3519,52638.1
841,4,50,848,610.104,50,848,9,0.6338,920.3,0.3205,43,complete,0.2694,52685.0
842,4,50,680,602.816,50,680,8,0.6026,888.6,0.1761,14,complete,0.2722,52723.7
843,4,50,881,618.392,50,881,9,0.5982,930.0,0.1908,18,complete,0.3081,52772.3
844,4,50,791,587.544,50,791,8,0.5888,926.9,0.1247,10,complete,0.2933,52819.1
845,4,50,686,582.072,50,686,7,0.566,903.9,0.1526,10,complete,0.2642,52858.2
846,4,50,728,594.792,50,728,8,0.5553,868.8,0.1403,12,complete,0.2602,52900.4
847,4,50,768,599.256,50,768,8,0.6104,896.2,0.1803,19,complete,0.2753,52943.2
848,4,50,1000,553.504,47,,9,0.6098,914.6,0.4003,131,step_limit,0.2812,52997.7
849,4,50,856,590.352,50,856,8,0.5727,946.3,0.162,19,complete,0.3038,53046.7
850,4,50,796,598.696,50,796,8,0.6068,899.1,0.1431,11,complete,0.3144,53091.6
851,4,50,944,603.072,50,944,9,0.5556,884.6,0.2238,20,complete,0.2699,53571.9
852,4,50,823,579.984,50,823,8,0.5981,972.3,0.1899,17,complete,0.3199,53611.0
853,4,50,800,567.528,50,800,8,0.5866,892.5,0.1587,10,complete,0.2748,53651.7
854,4,50,651,581.944,50,651,7,0.6198,945.2,0.1698,13,complete,0.267,53682.6
855,4,50,726,584.408,50,726,8,0.5548,854.1,0.1997,12,complete,0.2419,53717.7
856,4,50,804,617.608,50,804,9,0.5463,887.5,0.1701,12,complete,0.2921,53755.6
857,4,50,740,598.48,50,740,8,0.5713,891.0,0.231,13,complete,0.2583,53793.4
858,4,50,776,594.144,50,776,8,0.5973,910.8,0.1532,14,complete,0.2737,53830.9
859,4,50,863,613.576,50,863,9,0.5773,954.9,0.1893,18,complete,0.3077,53872.7
860,4,50,972,609.736,50,972,9,0.5736,903.0,0.2441,58,complete,0.2569,53918.7
861,4,50,798,620.64,50,798,9,0.5702,890.2,0.2168,19,complete,0.2937,53956.7
862,4,50,852,585.872,50,852,8,0.581,905.3,0.24,38,complete,0.2794,54000.3
863,4,50,873,603.672,50,873,9,0.6045,962.0,0.166,11,complete,0.3422,54043.8
864,4,50,847,576.776,50,847,8,0.5561,921.5,0.1857,13,complete,0.2553,54089.1
865,4,50,981,558.104,50,981,8,0.6165,946.5,0.3193,39,complete,0.2572,54144.2
866,4,50,978,527.464,50,978,8,0.5634,941.7,0.2323,12,complete,0.284,54198.6
867,4,50,929,564.32,50,929,8,0.6074,973.9,0.2478,18,complete,0.3083,54249.2
868,4,50,742,587.496,50,742,8,0.654,962.5,0.1769,17,complete,0.2861,54290.3
869,4,50,901,566.304,50,901,8,0.6213,927.5,0.1947,19,complete,0.3443,54343.0
870,4,50,1000,562.984,49,,9,0.5938,949.0,0.2389,21,step_limit,0.2913,54398.6
871,4,50,868,615.64,50,868,9,0.5907,968.7,0.147,12,complete,0.315,54448.7
872,4,50,862,539.376,50,862,7,0.6006,939.7,0.2441,28,complete,0.2372,54496.8
873,4,50,945,570.448,50,945,8,0.5913,875.6,0.2129,12,complete,0.3056,54550.3
874,4,50,749,582.864,50,749,8,0.5871,865.8,0.2068,18,complete,0.2809,54592.2
875,4,50,767,626.68,50,767,9,0.5694,909.1,0.2774,46,complete,0.2261,54635.5
876,4,50,916,600.432,50,916,9,0.6414,936.6,0.1831,11,complete,0.3704,54686.3
877,4,50,981,587.016,50,981,9,0.5731,934.8,0.2185,14,complete,0.285,54733.2
878,4,50,754,597.928,50,754,8,0.6038,906.3,0.1993,13,complete,0.2967,54769.2
879,4,50,1000,522.424,49,,7,0.6008,924.4,0.2435,55,step_limit,0.3505,54817.2
880,4,50,993,545.536,50,993,8,0.614,886.7,0.2052,22,complete,0.3491,54863.9
881,4,50,803,583.584,50,803,8,0.6398,929.2,0.1691,11,complete,0.2985,54902.4
882,4,50,918,602.16,50,918,9,0.5923,945.8,0.2905,64,complete,0.2778,54947.1
883,4,50,946,551.536,50,946,8,0.5912,903.4,0.2782,71,complete,0.2743,54993.0
884,4,50,695,636.928,50,695,9,0.5723,881.6,0.1817,12,complete,0.2447,55028.3
885,4,50,923,587.32,50,923,9,0.6013,929.3,0.2084,13,complete,0.3349,55072.4
886,4,50,703,601.328,50,703,8,0.5761,979.9,0.2442,22,complete,0.2778,55105.5
887,4,50,821,581.896,50,821,8,0.5664,930.9,0.1706,11,complete,0.2861,55148.8
888,4,50,716,575.736,50,716,7,0.5709,914.7,0.2032,16,complete,0.2285,55184.4
889,4,50,768,595.128,50,768,8,0.5902,912.8,0.1461,19,complete,0.2786,55221.4
890,4,50,980,538.776,50,980,8,0.6383,903.0,0.3803,116,complete,0.3019,55269.7
891,4,50,887,574.216,50,887,8,0.5862,930.7,0.2079,13,complete,0.3036,55318.9
892,4,50,904,550.296,50,904,8,0.6114,870.3,0.2047,14,complete,0.3578,55368.5
893,4,50,952,588.024,50,952,9,0.5998,879.7,0.2491,28,complete,0.2795,55422.1
894,4,50,817,579.8,50,817,8,0.6245,901.1,0.1891,19,complete,0.3441,55466.5
895,4,50,841,619.424,50,841,9,0.5847,962.2,0.2254,31,complete,0.2825,55513.4
896,4,50,940,579.816,50,940,9,0.5915,944.8,0.216,26,complete,0.3301,55565.9
897,4,50,1000,541.328,50,1000,8,0.6555,898.1,0.2505,34,complete,0.3403,55618.0
898,4,50,701,610.08,50,701,8,0.5849,935.7,0.1218,15,complete,0.2584,55652.0
899,4,50,880,611.76,50,880,9,0.6176,958.8,0.2033,15,complete,0.3095,55697.2
900,4,50,840,607.624,50,840,9,0.5851,948.8,0.1861,21,complete,0.2896,55739.5
901,4,50,787,593.112,50,787,8,0.5896,955.5,0.2448,38,complete,0.3034,56243.1
902,4,50,959,511.192,50,959,7,0.6243,942.1,0.3237,52,complete,0.289,56289.3
903,4,50,783,589.104,50,783,8,0.6098,934.8,0.1914,12,complete,0.2943,56328.4
904,4,50,976,582.712,50,976,9,0.5761,963.8,0.2818,36,complete,0.309,56378.8
905,4,50,1000,546.912,47,,9,0.551,934.3,0.2022,29,step_limit,0.2861,56426.7
906,4,50,847,605.456,50,847,9,0.5841,957.9,0.1677,10,complete,0.2974,56467.0
907,4,50,820,623.272,50,820,9,0.5762,859.2,0.1895,20,complete,0.2847,56508.4
908,4,50,1000,516.536,47,,8,0.5897,920.3,0.2944,24,step_limit,0.2595,56554.1
909,4,50,833,601.456,50,833,9,0.5876,920.0,0.1818,8,complete,0.3175,56593.9
910,4,50,860,566.832,50,860,8,0.6337,920.7,0.2093,14,complete,0.29,56634.0
911,4,50,768,597.288,50,768,8,0.5928,882.6,0.1737,11,complete,0.3283,56674.3
912,4,50,849,568.384,50,849,8,0.609,949.7,0.1763,10,complete,0.3485,56721.1
913,4,50,831,617.456,50,831,9,0.5635,900.9,0.2192,20,complete,0.2396,56768.1
914,4,50,911,594.048,50,911,9,0.6276,967.0,0.2445,19,complete,0.3084,56819.5
915,4,50,831,604.632,50,831,9,0.5719,963.2,0.2527,20,complete,0.25,56864.8
916,4,50,770,595.848,50,770,8,0.5903,939.1,0.1522,11,complete,0.2949,56907.1
917,4,50,990,565.512,50,990,8,0.623,915.6,0.2242,29,complete,0.3372,56962.7
918,4,50,910,594.048,50,910,9,0.5871,941.4,0.3171,40,complete,0.2743,57015.3
919,4,50,911,605.312,50,911,9,0.5585,942.4,0.1827,11,complete,0.3061,57064.1
920,4,50,1000,579.776,49,,9,0.5942,961.4,0.1737,19,step_limit,0.2638,57122.9
921,4,50,760,559.464,50,760,7,0.5974,957.0,0.1513,14,complete,0.2581,57166.4
922,4,50,847,630.864,50,847,9,0.6145,984.8,0.2889,15,complete,0.2938,57213.5
923,4,50,730,587.752,50,730,8,0.5928,885.4,0.2143,10,complete,0.2473,57256.1
924,4,50,691,607.04,50,691,8,0.5876,902.1,0.2063,8,complete,0.2527,57295.6
925,4,50,987,572.384,50,987,9,0.5945,948.1,0.2184,16,complete,0.3107,57347.8
926,4,50,831,599.68,50,831,9,0.5957,879.1,0.1222,10,complete,0.2727,57390.3
927,4,50,1000,516.888,48,,8,0.5793,970.2,0.2292,29,step_limit,0.294,57438.5
928,4,50,653,581.144,50,653,7,0.6064,913.4,0.1404,9,complete,0.2618,57470.3
929,4,50,853,584.624,50,853,8,0.6131,926.8,0.2363,15,complete,0.3289,57511.3
930,4,50,1000,588.432,48,,9,0.5995,935.1,0.2868,11,step_limit,0.3667,57559.9
931,4,50,776,623.696,50,776,9,0.6053,972.8,0.1155,10,complete,0.2868,57597.4
932,4,50,952,554.696,50,952,8,0.6064,926.0,0.2397,39,complete,0.2977,57642.5
933,4,50,786,577.32,50,786,8,0.6215,944.0,0.1549,9,complete,0.2929,57682.7
934,4,50,663,638.456,50,663,9,0.5524,898.8,0.1498,15,complete,0.217,57716.7
935,4,50,942,594.976,50,942,9,0.6383,914.6,0.1977,14,complete,0.3703,57767.3
936,4,50,1000,534.448,49,,8,0.6192,918.0,0.2768,33,step_limit,0.3389,57814.7
937,4,50,854,611.408,50,854,9,0.6039,909.5,0.1549,8,complete,0.2816,57855.4
938,4,50,804,579.28,50,804,8,0.5824,939.4,0.1906,14,complete,0.3005,57897.2
939,4,50,912,606.824,50,912,9,0.5606,918.4,0.1914,13,complete,0.3071,57944.5
940,4,50,834,590.984,50,834,8,0.6169,948.9,0.1342,10,complete,0.28,57991.9
941,4,50,823,580.64,50,823,8,0.6343,906.0,0.1952,17,complete,0.3005,58039.6
942,4,50,834,576.744,50,834,8,0.619,957.7,0.1892,19,complete,0.3085,58079.4
943,4,50,943,542.008,50,943,8,0.5835,927.8,0.2562,24,complete,0.3125,58124.4
944,4,50,800,628.688,50,800,9,0.5959,965.7,0.1894,10,complete,0.25,58161.9
945,4,50,693,606.776,50,693,8,0.5653,945.0,0.1454,14,complete,0.2394,58196.3
946,4,50,996,612.32,50,996,9,0.616,951.4,0.3325,176,complete,0.3225,58246.7
947,4,50,854,566.36,50,854,8,0.6215,887.4,0.1719,10,complete,0.3465,58292.0
948,4,50,933,553.704,50,933,8,0.5965,938.7,0.1994,22,complete,0.342,58338.7
949,4,50,959,586.288,50,959,9,0.5858,972.4,0.1993,24,complete,0.3061,58385.1
950,4,50,906,592.568,50,906,9,0.6283,903.3,0.2724,28,complete,0.3005,58428.1
951,4,50,862,551.512,50,862,7,0.5972,938.8,0.1625,13,complete,0.3207,58963.9
952,4,50,857,566.936,50,857,8,0.6082,936.8,0.1967,13,complete,0.2861,59005.0
953,4,50,738,604.776,50,738,8,0.5379,903.5,0.1639,20,complete,0.2578,59040.6
954,4,50,824,616.368,50,824,9,0.605,918.4,0.1683,16,complete,0.3137,59080.6
955,4,50,743,596.048,50,743,8,0.5939,909.0,0.1819,11,complete,0.294,59118.5
956,4,50,882,577.528,50,882,8,0.6066,900.4,0.1738,10,complete,0.3291,59160.6
957,4,50,1000,473.672,48,,7,0.5743,976.5,0.343,34,step_limit,0.2266,59208.1
958,4,50,975,516.064,50,975,8,0.5554,971.6,0.2741,19,complete,0.2854,59255.9
959,4,50,844,579.296,50,844,8,0.598,906.9,0.2043,39,complete,0.3275,59296.1
960,4,50,746,606.44,50,746,8,0.5861,926.3,0.1222,10,complete,0.288,59332.0
961,4,50,845,614.128,50,845,9,0.5731,954.4,0.2155,28,complete,0.2653,59371.5
962,4,50,969,607.64,50,969,9,0.6246,923.6,0.2163,19,complete,0.3009,59416.7
963,4,50,942,588.888,50,942,9,0.5884,886.8,0.1902,19,complete,0.2783,59465.1
964,4,50,744,634.92,50,744,9,0.5659,930.2,0.1795,10,complete,0.2632,59505.8
965,4,50,1000,533.936,47,,8,0.6192,929.7,0.3824,137,step_limit,0.3119,59561.6
966,4,50,892,605.112,50,892,9,0.6096,957.7,0.2169,27,complete,0.2725,59611.5
967,4,50,841,573.36,50,841,8,0.6133,960.3,0.1375,20,complete,0.3359,59657.8
968,4,50,725,605.904,50,725,8,0.5879,944.3,0.2435,14,complete,0.2775,59701.3
969,4,50,1000,548.408,49,,8,0.5978,947.7,0.4038,146,step_limit,0.2948,59756.3
970,4,50,1000,548.784,48,,8,0.6348,970.7,0.4228,118,step_limit,0.2593,59813.2
971,4,50,844,596.184,50,844,8,0.6007,920.8,0.2681,27,complete,0.2775,59859.6
972,4,50,742,599.984,50,742,8,0.5809,929.9,0.1872,12,complete,0.2898,59898.5
973,4,50,887,606.232,50,887,9,0.5992,938.9,0.2198,58,complete,0.2981,59941.1
974,4,50,832,615.296,50,832,9,0.5965,985.5,0.2098,21,complete,0.2822,59980.5
975,4,50,906,578.768,50,906,8,0.6015,974.9,0.1872,15,complete,0.3257,60024.4
976,4,50,789,634.088,50,789,9,0.5656,965.6,0.1518,19,complete,0.2727,60062.2
977,4,50,774,586.224,50,774,8,0.6318,917.1,0.2059,24,complete,0.2658,60100.8
978,4,50,969,547.384,50,969,8,0.6073,971.6,0.2811,30,complete,0.3227,60147.6
979,4,50,874,574.896,50,874,8,0.5698,994.3,0.1846,21,complete,0.2846,60188.6
980,4,50,872,614.96,50,872,9,0.5952,948.8,0.2311,25,complete,0.2917,60231.6
981,4,50,829,581.56,50,829,8,0.6095,904.3,0.2144,20,complete,0.29,60273.8
982,4,50,929,596.376,50,929,9,0.6297,948.9,0.192,20,complete,0.3079,60318.3
983,4,50,934,570.736,50,934,8,0.6365,896.5,0.3128,32,complete,0.2476,60361.5
984,4,50,920,600.088,50,920,9,0.5853,918.0,0.2406,20,complete,0.268,60406.7
985,4,50,759,589.28,50,759,8,0.5774,860.0,0.1757,11,complete,0.3011,60442.6
986,4,50,726,558.632,50,726,7,0.6012,956.2,0.2032,12,complete,0.2612,60479.8
987,4,50,768,587.632,50,768,8,0.6195,897.8,0.1935,19,complete,0.3165,60524.7
988,4,50,906,532.048,50,906,7,0.625,954.2,0.2674,33,complete,0.3232,60575.0
989,4,50,958,571.152,50,958,8,0.5953,910.8,0.199,26,complete,0.2986,60629.7
990,4,50,832,577.392,50,832,8,0.573,952.4,0.1751,10,complete,0.294,60669.3
991,4,50,734,625.464,50,734,9,0.6025,944.1,0.1482,20,complete,0.2639,60706.0
992,4,50,750,589.328,50,750,8,0.598,914.6,0.1731,17,complete,0.2899,60741.8
993,4,50,965,560.584,50,965,8,0.5782,952.5,0.2076,18,complete,0.3452,60790.3
994,4,50,963,596.408,50,963,9,0.5898,912.0,0.2544,29,complete,0.3073,60834.6
995,4,50,889,601.672,50,889,9,0.6069,938.4,0.1788,13,complete,0.2476,60877.1
996,4,50,1000,571.272,49,,9,0.5847,870.8,0.2867,30,step_limit,0.2877,60927.2
997,4,50,921,600.512,50,921,9,0.6018,903.8,0.241,21,complete,0.2816,60971.1
998,4,50,889,596.408,50,889,9,0.5942,926.3,0.1788,13,complete,0.2734,61013.0
999,4,50,775,586.096,50,775,8,0.5497,957.5,0.1645,19,complete,0.2763,61050.4
1000,4,50,715,589.672,50,715,7,0.5895,937.2,0.2459,26,complete,0.2528,61085.0
1001,4,50,932,591.664,50,932,9,0.618,913.6,0.2511,13,complete,0.2801,61644.4
1002,4,50,708,599.432,50,708,8,0.589,921.7,0.1712,12,complete,0.283,61679.6
1003,4,50,907,595.128,50,907,9,0.5824,907.0,0.1762,17,complete,0.2896,61725.3
1004,4,50,798,622.768,50,798,9,0.5742,926.5,0.2294,12,complete,0.2581,61765.4
1005,4,50,765,555.168,50,765,7,0.6193,935.2,0.2015,15,complete,0.2895,61802.9
1006,4,50,871,608.928,50,871,9,0.5712,956.9,0.1709,13,complete,0.31,61847.2
1007,4,50,892,603.648,50,892,9,0.5549,974.1,0.2105,43,complete,0.2743,61894.4
1008,4,50,824,620.224,50,824,9,0.632,943.4,0.2533,27,complete,0.2892,61939.4
1009,4,50,897,607.544,50,897,9,0.59,918.7,0.187,32,complete,0.2847,61983.3
1010,4,50,852,608.768,50,852,9,0.5907,897.6,0.2672,17,complete,0.2712,62026.0
1011,4,50,835,540.184,50,835,7,0.6422,907.6,0.2451,25,complete,0.272,62071.3
1012,4,50,952,578.664,50,952,9,0.5646,951.2,0.2437,50,complete,0.2524,62117.4
1013,4,50,961,598.176,50,961,9,0.6249,953.3,0.196,10,complete,0.2936,62172.5
1014,4,50,973,585.536,50,973,9,0.6097,947.0,0.2884,32,complete,0.3208,62227.4
1015,4,50,803,542.008,50,803,7,0.6292,926.3,0.2347,22,complete,0.3062,62275.8
1016,4,50,935,597.512,50,935,9,0.6043,979.0,0.2111,13,complete,0.2868,62325.7
1017,4,50,866,572.096,50,866,8,0.5774,943.7,0.2306,11,complete,0.265,62375.2
1018,4,50,935,599.256,50,935,9,0.6016,952.6,0.2456,26,complete,0.2897,62425.7
1019,4,50,763,577.992,50,763,8,0.6058,920.2,0.1951,31,complete,0.2368,62468.0
1020,4,50,780,585.432,50,780,8,0.5862,899.8,0.204,19,complete,0.2809,62512.3
1021,4,50,821,612.968,50,821,9,0.5981,924.2,0.141,14,complete,0.3107,62558.5
1022,4,50,831,617.84,50,831,9,0.5821,967.1,0.1786,9,complete,0.3261,62603.1
1023,4,50,796,577.688,50,796,8,0.6036,902.8,0.1515,14,complete,0.3184,62640.9
1024,4,50,775,588.28,50,775,8,0.5945,897.1,0.1669,16,complete,0.2952,62677.2
1025,4,50,957,593.064,50,957,9,0.5933,921.5,0.2654,21,complete,0.2818,62724.5
1026,4,50,897,566.328,50,897,8,0.626,934.5,0.3214,41,complete,0.3578,62767.0
1027,4,50,838,558.096,50,838,7,0.6199,943.2,0.1391,16,complete,0.2865,62806.8
1028,4,50,932,603.904,50,932,9,0.6001,936.5,0.1707,12,complete,0.2786,62851.6
1029,4,50,911,561.464,50,911,8,0.6078,967.9,0.2584,48,complete,0.3333,62893.4
1030,4,50,969,573.408,50,969,8,0.6527,938.9,0.3395,132,complete,0.2909,62940.1
1031,4,50,850,576.432,50,850,8,0.6485,911.1,0.3032,97,complete,0.2677,62980.7
1032,4,50,733,594.248,50,733,8,0.5808,862.8,0.1605,8,complete,0.2853,63017.1
1033,4,50,970,543.056,50,970,8,0.626,965.0,0.2317,24,complete,0.3399,63064.5
1034,4,50,840,575.296,50,840,8,0.6149,948.8,0.1689,13,complete,0.2938,63105.0
1035,4,50,861,572.728,50,861,8,0.6159,949.4,0.2147,15,complete,0.2929,63141.0
1036,4,50,739,638.328,50,739,9,0.5616,896.5,0.1501,14,complete,0.2713,63173.8
1037,4,50,939,560.528,50,939,8,0.5751,956.9,0.2739,20,complete,0.2883,63218.0
1038,4,50,924,604.912,50,924,9,0.563,936.5,0.1581,19,complete,0.2453,63262.6
1039,4,50,870,611.584,50,870,9,0.6098,928.2,0.2098,19,complete,0.2921,63304.6
1040,4,50,865,614.04,50,865,9,0.6075,942.8,0.2001,25,complete,0.2807,63346.6
1041,4,50,862,561.552,50,862,8,0.589,971.7,0.2344,27,complete,0.3341,63390.5
1042,4,50,867,564.208,50,867,8,0.5678,935.3,0.1896,12,complete,0.2946,63433.9
1043,4,50,817,598.04,50,817,8,0.5875,956.2,0.1272,20,complete,0.2979,63473.6
1044,4,50,806,597.048,50,806,8,0.6216,870.7,0.1817,25,complete,0.3234,63512.3
1045,4,50,903,598.304,50,903,9,0.59,944.9,0.2216,24,complete,0.2941,63555.7
1046,4,50,737,595.992,50,737,8,0.5997,959.3,0.1714,13,complete,0.2926,63591.7
1047,4,50,848,579.192,50,848,8,0.5955,924.7,0.1691,16,complete,0.2995,63635.5
1048,4,50,802,626.072,50,802,9,0.6072,940.1,0.1597,8,complete,0.29,63675.7
1049,4,50,887,603.136,50,887,9,0.5769,886.0,0.2507,15,complete,0.224,63724.3
1050,4,50,879,539.304,50,879,7,0.6305,957.2,0.2861,25,complete,0.2921,63773.2
1051,4,50,795,594.24,50,795,8,0.5597,917.6,0.1566,16,complete,0.2604,64348.3
1052,4,50,935,548.072,50,935,8,0.5832,937.8,0.293,18,complete,0.2885,64396.5
1053,4,50,776,583.592,50,776,8,0.6121,923.3,0.2413,14,complete,0.2989,64433.1
1054,4,50,996,547.736,50,996,8,0.6054,977.6,0.2878,36,complete,0.2897,64480.8
1055,4,50,727,590.952,50,727,8,0.6111,954.1,0.1421,10,complete,0.2989,64516.4
1056,4,50,676,615.232,50,676,8,0.5888,880.1,0.1746,20,complete,0.225,64551.5
1057,4,50,894,609.544,50,894,9,0.5845,866.1,0.2961,51,complete,0.2891,64593.1
1058,4,50,835,578.912,50,835,8,0.6231,955.9,0.196,11,complete,0.2872,64635.6
1059,4,50,802,624.808,50,802,9,0.5923,888.4,0.1919,10,complete,0.3095,64674.1
1060,4,50,772,622.88,50,772,9,0.602,923.2,0.2452,20,complete,0.2344,64711.9
1061,4,50,777,626.4,50,777,9,0.6338,902.6,0.1322,19,complete,0.3059,64748.5
1062,4,50,849,627.112,50,849,9,0.5827,941.7,0.1884,41,complete,0.2843,64788.5
1063,4,50,1000,455.92,41,,8,0.6168,835.7,0.4524,203,step_limit,0.2981,64837.4
1064,4,50,968,593.68,50,968,9,0.6418,950.8,0.3309,112,complete,0.3092,64882.7
1065,4,50,768,632.008,50,768,9,0.5596,882.6,0.2179,12,complete,0.2725,64925.4
1066,4,50,876,612.904,50,876,9,0.5865,914.9,0.257,71,complete,0.2476,64974.7
1067,4,50,816,577.04,50,816,8,0.6042,928.4,0.215,11,complete,0.2665,65019.2
1068,4,50,759,582.488,50,759,8,0.6153,943.9,0.1632,10,complete,0.3067,65061.4
1069,4,50,954,590.2,50,954,9,0.5409,942.2,0.1633,11,complete,0.283,65114.9
1070,4,50,935,604.048,50,935,9,0.6209,893.8,0.1877,10,complete,0.3064,65166.4
1071,4,50,817,616.464,50,817,9,0.5774,899.5,0.1518,19,complete,0.2734,65213.6
1072,4,50,888,567.264,50,888,8,0.5994,925.7,0.2805,23,complete,0.2875,65261.9
1073,4,50,863,571.032,50,863,8,0.6353,936.4,0.2102,11,complete,0.3211,65311.6
1074,4,50,755,628.888,50,755,9,0.596,932.9,0.1398,10,complete,0.2745,65348.0
1075,4,50,827,583.824,50,827,8,0.6031,923.9,0.209,19,complete,0.3511,65387.5
1076,4,50,768,583.8,50,768,8,0.5755,912.5,0.2258,30,complete,0.2396,65424.7
1077,4,50,836,574.424,50,836,8,0.593,972.6,0.1527,10,complete,0.3138,65464.8
1078,4,50,856,571.016,50,856,8,0.5894,898.7,0.2901,19,complete,0.297,65506.3
1079,4,50,841,599.648,50,841,9,0.6195,899.0,0.2077,19,complete,0.3131,65546.9
1080,4,50,1000,586.576,49,,9,0.5853,917.9,0.1725,17,step_limit,0.3391,65595.2
1081,4,50,840,564.768,50,840,8,0.6122,960.2,0.2255,18,complete,0.2872,65635.1
1082,4,50,909,568.192,50,909,8,0.6106,928.2,0.2004,12,complete,0.3203,65679.0
1083,4,50,874,600.848,50,874,9,0.5649,958.8,0.1525,10,complete,0.3125,65722.1
1084,4,50,852,608.48,50,852,9,0.6127,926.9,0.2199,20,complete,0.3053,65762.1
1085,4,50,986,537.848,50,986,8,0.6341,961.0,0.3057,21,complete,0.3519,65802.7
1086,4,50,953,595.752,50,953,9,0.6301,959.5,0.2529,31,complete,0.3131,65844.6
1087,4,50,1000,537.576,49,,8,0.6282,928.5,0.2899,19,step_limit,0.3141,65892.9
1088,4,50,856,619.72,50,856,9,0.6019,959.2,0.1913,15,complete,0.26,65934.7
1089,4,50,883,596.76,50,883,9,0.5977,947.3,0.2684,17,complete,0.297,65975.6
1090,4,50,922,603.624,50,922,9,0.6095,928.2,0.1615,14,complete,0.3255,66019.0
1091,4,50,840,625.696,50,840,9,0.5985,958.5,0.2069,22,complete,0.2702,66061.6
1092,4,50,894,594.784,50,894,9,0.5872,904.3,0.2182,27,complete,0.3207,66104.1
1093,4,50,902,566.584,50,902,8,0.5452,941.9,0.295,19,complete,0.2476,66147.2
1094,4,50,1000,550.976,47,,8,0.651,962.5,0.3264,13,step_limit,0.37,66195.9
1095,4,50,846,595.464,50,846,9,0.6135,923.0,0.2184,31,complete,0.2868,66236.3
1096,4,50,876,570.512,50,876,8,0.6227,934.3,0.2501,23,complete,0.2595,66278.8
1097,4,50,810,618.152,50,810,9,0.5954,908.0,0.2117,11,complete,0.2887,66318.7
1098,4,50,987,584.008,50,987,9,0.6203,952.3,0.2692,47,complete,0.3356,66374.6
1099,4,50,733,630.336,50,733,9,0.5836,913.2,0.2097,17,complete,0.228,66415.3
1100,4,50,1000,461.064,46,,7,0.6025,857.4,0.3709,18,step_limit,0.2824,66471.0
1101,4,50,817,628.304,50,817,9,0.6209,933.6,0.253,10,complete,0.3138,67048.9
1102,4,50,873,595.184,50,873,9,0.5819,881.5,0.227,14,complete,0.3107,67099.0
1103,4,50,851,605.944,50,851,9,0.6096,966.1,0.171,12,complete,0.3138,67144.2
1104,4,50,877,597.72,50,877,9,0.5684,968.0,0.3118,42,complete,0.2426,67189.5
1105,4,50,922,598.784,50,922,9,0.6377,914.1,0.3244,33,complete,0.2602,67236.1
1106,4,50,772,545.272,50,772,7,0.6056,945.9,0.2584,13,complete,0.2775,67275.4
1107,4,50,814,616.512,50,814,9,0.6259,881.7,0.215,23,complete,0.3175,67318.4
1108,4,50,685,606.296,50,685,8,0.6062,953.3,0.1295,10,complete,0.2994,67351.5
1109,4,50,930,625.512,50,930,9,0.6,963.8,0.3019,33,complete,0.2921,67395.1
1110,4,50,846,578.76,50,846,8,0.6017,923.5,0.1696,10,complete,0.3232,67435.8
1111,4,50,799,620.24,50,799,9,0.5654,894.3,0.1999,10,complete,0.25,67475.5
1112,4,50,834,573.64,50,834,8,0.6448,932.9,0.1856,22,complete,0.3468,67516.2
1113,4,50,869,561.616,50,869,8,0.5765,970.3,0.3147,37,complete,0.2626,67558.8
1114,4,50,1000,424.84,45,,7,0.6248,948.0,0.3333,50,step_limit,0.2721,67606.8
1115,4,50,827,586.736,50,827,8,0.6046,911.2,0.2235,17,complete,0.2711,67646.8
1116,4,50,895,553.904,50,895,8,0.6123,925.5,0.2265,15,complete,0.3302,67694.2
1117,4,50,829,611.08,50,829,9,0.6137,940.3,0.2091,14,complete,0.2926,67741.9
1118,4,50,770,618.328,50,770,9,0.6062,902.3,0.2302,23,complete,0.2799,67783.4
1119,4,50,755,608.128,50,755,8,0.5748,883.5,0.1589,13,complete,0.2527,67824.7
1120,4,50,817,587.416,50,817,8,0.5939,890.8,0.1993,14,complete,0.2812,67872.3
1121,4,50,787,590.632,50,787,8,0.5578,949.5,0.1808,27,complete,0.2397,67915.5
1122,4,50,829,579.584,50,829,8,0.6233,938.7,0.1741,19,complete,0.2985,67961.3
1123,4,50,881,558.528,50,881,8,0.6382,965.0,0.2157,28,complete,0.3425,68011.3
1124,4,50,948,580.992,50,948,9,0.5773,944.6,0.1796,29,complete,0.3176,68063.2
1125,4,50,913,560.688,50,913,8,0.6219,977.3,0.2312,14,complete,0.3325,68116.5
1126,4,50,969,586.064,50,969,9,0.5962,905.0,0.2565,39,complete,0.3053,68168.2
1127,4,50,888,607.32,50,888,9,0.6154,899.9,0.3018,118,complete,0.2957,68215.7
1128,4,50,752,638.88,50,752,9,0.612,967.6,0.1454,10,complete,0.2969,68254.7
1129,4,50,925,583.536,50,925,9,0.6138,896.7,0.1893,15,complete,0.316,68301.2
1130,4,50,706,640.488,50,706,9,0.5775,923.3,0.1551,12,complete,0.2554,68337.4
1131,4,50,882,610.28,50,882,9,0.5825,963.9,0.1971,14,complete,0.2646,68378.0
1132,4,50,904,552.272,50,904,8,0.6244,946.2,0.2281,26,complete,0.3309,68418.3
1133,4,50,730,599.944,50,730,8,0.5812,958.1,0.1516,10,complete,0.276,68449.0
1134,4,50,1000,486.848,46,,8,0.602,913.6,0.2922,17,step_limit,0.316,68487.5
1135,4,50,789,627.632,50,789,9,0.621,964.2,0.1923,40,complete,0.2921,68520.0
1136,4,50,815,605.76,50,815,9,0.6117,918.2,0.2116,32,complete,0.2449,68556.5
1137,4,50,840,619.192,50,840,9,0.5917,902.8,0.1948,24,complete,0.255,68591.6
1138,4,50,1000,529.584,49,,8,0.6068,932.8,0.298,36,step_limit,0.25,68632.6
1139,4,50,829,579.384,50,829,8,0.6306,952.6,0.2136,21,complete,0.3125,68670.1
1140,4,50,672,601.16,50,672,8,0.6049,907.2,0.1752,11,complete,0.2557,68703.6
1141,4,50,817,579.68,50,817,8,0.578,963.3,0.2552,15,complete,0.2835,68744.4
1142,4,50,768,554.96,50,768,7,0.6029,937.0,0.2442,19,complete,0.3138,68782.6
1143,4,50,808,581.112,50,808,8,0.5808,904.5,0.2549,44,complete,0.2702,68825.7
1144,4,50,898,584.512,50,898,9,0.6108,949.7,0.2258,21,complete,0.3132,68874.1
1145,4,50,992,601.328,50,992,9,0.5706,930.8,0.2839,18,complete,0.2545,68929.7
1146,4,50,891,599.992,50,891,9,0.6215,905.6,0.2045,21,complete,0.2929,68980.8
1147,4,50,771,613.688,50,771,9,0.6051,879.0,0.2162,12,complete,0.2263,69023.7
1148,4,50,920,596.032,50,920,9,0.5679,909.2,0.2112,16,complete,0.3064,69075.6
1149,4,50,889,560.856,50,889,8,0.5591,941.4,0.1706,10,complete,0.2975,69124.4
1150,4,50,880,602.648,50,880,9,0.5881,930.8,0.2408,14,complete,0.289,69175.7
1151,4,50,882,609.64,50,882,9,0.6006,932.9,0.2516,30,complete,0.3083,69756.2
1152,4,50,695,636.848,50,695,9,0.5856,920.9,0.1892,18,complete,0.2155,69794.4
1153,4,50,1000,542.296,48,,7,0.6617,922.9,0.5834,408,step_limit,0.3064,69851.4
1154,4,50,1000,542.624,48,,9,0.6085,919.4,0.2983,35,step_limit,0.2838,69908.3
1155,4,50,921,592.376,50,921,9,0.6384,928.7,0.2585,32,complete,0.3309,69954.8
1156,4,50,616,620.768,50,616,8,0.5657,978.6,0.1681,22,complete,0.2472,69984.8
1157,4,50,767,621.88,50,767,9,0.5411,835.3,0.307,23,complete,0.2261,70023.0
1158,4,50,816,602.384,50,816,9,0.5646,957.9,0.1633,10,complete,0.2644,70061.3
1159,4,50,821,624.92,50,821,9,0.6361,941.2,0.1737,42,complete,0.2743,70101.3
1160,4,50,865,574.016,50,865,8,0.5734,947.5,0.195,31,complete,0.2745,70144.0
1161,4,50,877,527.424,50,877,7,0.5664,893.2,0.2032,16,complete,0.2903,70185.9
1162,4,50,1000,513.272,47,,8,0.5938,920.3,0.3313,25,step_limit,0.2738,70233.5
1163,4,50,1000,570.616,49,,9,0.5803,942.3,0.2255,36,step_limit,0.3264,70281.0
1164,4,50,673,610.144,50,673,8,0.5698,907.7,0.1678,23,complete,0.2982,70315.4
1165,4,50,883,534.176,50,883,7,0.6345,947.7,0.2138,17,complete,0.3088,70356.4
1166,4,50,891,587.152,50,891,9,0.5974,882.5,0.2998,16,complete,0.2642,70402.5
1167,4,50,935,620.0,50,935,9,0.6078,958.1,0.2411,10,complete,0.3286,70448.5
1168,4,50,708,603.208,50,708,8,0.6317,866.9,0.2334,27,complete,0.2688,70485.5
1169,4,50,808,574.504,50,808,8,0.586,952.4,0.1682,23,complete,0.2552,70533.7
1170,4,50,817,610.608,50,817,9,0.5814,940.1,0.2127,26,complete,0.2755,70579.5
1171,4,50,1000,479.264,46,,8,0.6328,918.0,0.3994,27,step_limit,0.2786,70635.2
1172,4,50,931,574.024,50,931,8,0.6211,976.5,0.3496,135,complete,0.2783,70687.0
1173,4,50,783,631.656,50,783,9,0.5741,924.1,0.2166,19,complete,0.2526,70732.3
1174,4,50,896,592.216,50,896,9,0.5711,971.5,0.3033,23,complete,0.2772,70777.0
1175,4,50,868,608.664,50,868,9,0.589,923.0,0.1789,20,complete,0.2909,70818.4
1176,4,50,776,630.472,50,776,9,0.5226,922.2,0.2299,12,complete,0.2211,70854.5
1177,4,50,787,592.6,50,787,8,0.6058,964.5,0.177,21,complete,0.3036,70892.7
1178,4,50,815,622.232,50,815,9,0.6273,956.9,0.1455,11,complete,0.3075,70930.1
1179,4,50,847,612.56,50,847,9,0.5785,926.2,0.2669,29,complete,0.2877,70968.3
1180,4,50,847,584.016,50,847,8,0.6045,961.5,0.1985,27,complete,0.2985,71003.9
1181,4,50,1000,582.928,49,,9,0.5877,934.6,0.261,18,step_limit,0.2703,71043.2
1182,4,50,756,590.072,50,756,8,0.623,902.9,0.22,20,complete,0.25,71076.3
1183,4,50,949,585.312,50,949,9,0.6067,890.5,0.2244,14,complete,0.3045,71115.6
1184,4,50,873,581.312,50,873,8,0.6174,972.2,0.2635,85,complete,0.3214,71151.3
1185,4,50,924,601.92,50,924,9,0.6264,912.7,0.3862,51,complete,0.2727,71187.6
1186,4,50,742,641.56,50,742,9,0.5799,939.9,0.1186,10,complete,0.2885,71218.8
1187,4,50,889,610.776,50,889,9,0.5861,972.6,0.1617,16,complete,0.3039,71256.2
1188,4,50,791,627.752,50,791,9,0.5683,884.4,0.2531,16,complete,0.2337,71292.9
1189,4,50,727,602.792,50,727,8,0.5732,947.5,0.1571,17,complete,0.2447,71328.0
1190,4,50,917,527.704,50,917,7,0.6459,888.6,0.2715,19,complete,0.2948,71372.0
1191,4,50,877,609.288,50,877,9,0.5938,924.3,0.1952,20,complete,0.3137,71414.3
1192,4,50,790,629.12,50,790,9,0.5759,899.0,0.1808,14,complete,0.2861,71457.1
1193,4,50,841,581.608,50,841,8,0.5927,944.6,0.2623,16,complete,0.2871,71504.5
1194,4,50,802,542.304,50,802,7,0.5907,945.0,0.2682,19,complete,0.2832,71549.9
1195,4,50,1000,428.032,46,,6,0.5877,928.6,0.3037,55,step_limit,0.3326,71606.1
1196,4,50,755,634.488,50,755,9,0.5762,898.7,0.1611,10,complete,0.2474,71648.8
1197,4,50,981,535.232,50,981,8,0.5451,932.4,0.2982,15,complete,0.2783,71703.4
1198,4,50,814,578.6,50,814,8,0.5805,921.1,0.1795,11,complete,0.3113,71749.6
1199,4,50,999,544.264,50,999,8,0.6161,961.3,0.2504,21,complete,0.2775,71805.0
1200,4,50,872,607.464,50,872,9,0.617,884.4,0.1578,16,complete,0.3265,71852.6
1201,4,50,722,592.936,50,722,8,0.6032,925.9,0.1752,23,complete,0.2908,72431.6
1202,4,50,808,610.928,50,808,9,0.5681,876.1,0.1773,9,complete,0.297,72476.8
1203,4,50,1000,589.72,49,,9,0.611,901.9,0.3245,148,step_limit,0.2596,72531.6
1204,4,50,886,609.536,50,886,9,0.5909,955.8,0.2214,19,complete,0.2985,72579.9
1205,4,50,883,567.48,50,883,8,0.6155,976.7,0.2183,16,complete,0.3113,72626.4
1206,4,50,863,611.288,50,863,9,0.5924,953.9,0.1471,17,complete,0.2745,72667.7
1207,4,50,876,598.816,50,876,9,0.629,906.2,0.2089,20,complete,0.3204,72709.3
1208,4,50,837,589.816,50,837,8,0.5917,933.0,0.1739,17,complete,0.3152,72749.7
1209,4,50,857,569.832,50,857,8,0.6135,942.7,0.2212,18,complete,0.3291,72790.7
1210,4,50,805,587.984,50,805,8,0.6068,932.6,0.1655,23,complete,0.31,72829.3
1211,4,50,759,641.984,50,759,9,0.5912,891.4,0.2442,26,complete,0.2786,72866.1
1212,4,50,1000,565.792,49,,9,0.5968,934.5,0.3036,49,step_limit,0.2705,72914.5
1213,4,50,819,616.776,50,819,9,0.6087,956.9,0.2177,10,complete,0.283,72952.9
1214,4,50,803,625.024,50,803,9,0.6102,914.0,0.2119,24,complete,0.2602,72991.3
1215,4,50,778,609.648,50,778,9,0.597,934.0,0.2426,21,complete,0.261,73027.7
1216,4,50,867,614.2,50,867,9,0.6324,935.7,0.1724,33,complete,0.3204,73070.7
1217,4,50,795,589.2,50,795,8,0.5862,896.6,0.179,13,complete,0.3112,73107.3
1218,4,50,845,614.624,50,845,9,0.5873,924.6,0.2239,26,complete,0.315,73147.3
1219,4,50,883,601.592,50,883,9,0.6062,895.8,0.1577,14,complete,0.3186,73190.4
1220,4,50,672,608.888,50,672,8,0.5041,887.8,0.1516,10,complete,0.25,73229.3
1221,4,50,914,572.872,50,914,8,0.6318,918.3,0.2645,54,complete,0.2716,73279.4
1222,4,50,799,574.576,50,799,8,0.6208,909.2,0.1548,25,complete,0.3177,73325.2
1223,4,50,755,594.04,50,755,8,0.5854,963.1,0.1507,11,complete,0.2868,73367.1
1224,4,50,1000,556.64,47,,9,0.6445,961.9,0.3077,58,step_limit,0.3505,73420.9
1225,4,50,833,602.328,50,833,9,0.5879,941.6,0.1969,17,complete,0.3243,73469.1
1226,4,50,868,605.544,50,868,9,0.6403,930.6,0.2451,14,complete,0.3102,73514.1
1227,4,50,724,591.664,50,724,8,0.568,911.1,0.2217,18,complete,0.25,73545.0
1228,4,50,786,587.512,50,786,8,0.6158,964.9,0.2189,11,complete,0.3041,73577.3
1229,4,50,812,580.576,50,812,8,0.6041,894.4,0.2175,15,complete,0.2682,73612.0
1230,4,50,909,545.888,50,909,8,0.6084,918.3,0.2684,42,complete,0.2917,73649.8
1231,4,50,929,553.144,50,929,8,0.5657,902.8,0.2277,28,complete,0.2745,73686.0
1232,4,50,924,543.184,50,924,8,0.6242,918.7,0.298,31,complete,0.2716,73724.1
1233,4,50,896,563.6,50,896,8,0.6406,931.7,0.2474,17,complete,0.2967,73763.6
1234,4,50,848,609.04,50,848,9,0.6167,905.0,0.1689,13,complete,0.3131,73801.2
1235,4,50,922,593.272,50,922,9,0.5862,927.1,0.1712,19,complete,0.3211,73838.3
1236,4,50,869,574.584,50,869,8,0.6571,976.2,0.2468,26,complete,0.3119,73873.8
1237,4,50,738,550.824,50,738,7,0.5955,893.8,0.2991,19,complete,0.2854,73905.2
1238,4,50,904,614.408,50,904,9,0.5849,914.6,0.2424,42,complete,0.2694,73942.3
1239,4,50,828,612.384,50,828,9,0.5791,932.8,0.1976,18,complete,0.2877,73975.6
1240,4,50,825,585.552,50,825,8,0.6352,952.1,0.2373,13,complete,0.3025,74018.9
1241,4,50,843,583.408,50,843,8,0.6032,970.5,0.291,54,complete,0.2668,74068.0
1242,4,50,798,614.312,50,798,9,0.5692,901.8,0.1883,15,complete,0.2401,74114.8
1243,4,50,1000,484.08,45,,8,0.565,885.6,0.3398,34,step_limit,0.2775,74170.4
1244,4,50,1000,486.024,46,,8,0.626,982.1,0.3235,58,step_limit,0.3119,74225.4
1245,4,50,841,573.528,50,841,8,0.6266,972.6,0.2678,26,complete,0.2938,74273.8
1246,4,50,757,592.984,50,757,8,0.6437,966.8,0.198,14,complete,0.3253,74316.1
1247,4,50,852,616.608,50,852,9,0.6074,924.3,0.2713,16,complete,0.298,74365.9
1248,4,50,805,570.672,50,805,8,0.5994,906.8,0.2744,22,complete,0.2661,74409.4
1249,4,50,765,597.704,50,765,8,0.5958,977.5,0.2453,25,complete,0.25,74451.9
1250,4,50,825,613.688,50,825,9,0.5555,945.8,0.203,19,complete,0.2551,74499.3
1251,4,50,830,569.888,50,830,8,0.5913,914.8,0.1783,12,complete,0.2825,75083.9
1252,4,50,831,593.816,50,831,8,0.6345,957.4,0.1991,12,complete,0.3125,75131.3
1253,4,50,1000,235.84,36,,5,0.5687,838.4,0.5812,198,step_limit,0.2869,75185.5
1254,4,50,801,579.744,50,801,8,0.5737,899.6,0.1788,20,complete,0.2682,75231.0
1255,4,50,787,582.592,50,787,8,0.5982,957.7,0.1729,11,complete,0.3144,75275.2
1256,4,50,873,604.952,50,873,9,0.614,914.3,0.2271,16,complete,0.3087,75324.0
1257,4,50,647,620.184,50,647,8,0.5978,893.3,0.1916,17,complete,0.1938,75361.1
1258,4,50,777,626.016,50,777,9,0.5927,953.8,0.1615,32,complete,0.2975,75405.1
1259,4,50,790,587.84,50,790,8,0.6136,895.0,0.2042,10,complete,0.2601,75443.8
1260,4,50,988,557.384,50,988,8,0.6207,975.8,0.3347,27,complete,0.318,75495.0
1261,4,50,915,566.536,50,915,8,0.6077,964.5,0.2318,18,complete,0.3137,75540.2
1262,4,50,710,638.232,50,710,9,0.6134,901.6,0.1444,13,complete,0.2579,75573.7
1263,4,50,928,592.656,50,928,9,0.6285,970.1,0.2301,17,complete,0.3295,75617.9
1264,4,50,891,593.256,50,891,9,0.6052,910.5,0.1655,11,complete,0.3248,75662.8
1265,4,50,827,612.648,50,827,9,0.6143,911.3,0.2167,36,complete,0.3113,75701.9
1266,4,50,835,591.512,50,835,8,0.615,971.0,0.228,18,complete,0.3411,75743.2
1267,4,50,888,600.528,50,888,9,0.5704,963.2,0.2051,15,complete,0.309,75786.5
1268,4,50,691,617.176,50,691,8,0.5832,943.6,0.2345,30,complete,0.2473,75819.3
1269,4,50,812,607.488,50,812,9,0.593,913.0,0.2077,25,complete,0.2732,75859.7
1270,4,50,802,620.752,50,802,9,0.5857,943.5,0.1988,20,complete,0.3376,75899.7
1271,4,50,833,621.624,50,833,9,0.6176,914.3,0.2539,14,complete,0.27,75939.4
1272,4,50,798,616.328,50,798,9,0.5987,942.0,0.1383,10,complete,0.2812,75980.7
1273,4,50,1000,560.216,49,,8,0.6538,950.0,0.3431,149,step_limit,0.3071,76037.5
1274,4,50,1000,558.264,48,,9,0.619,908.4,0.3114,36,step_limit,0.2986,76092.0
1275,4,50,871,600.192,50,871,9,0.5677,941.4,0.2653,27,complete,0.2837,76140.4
1276,4,50,701,605.208,50,701,8,0.566,826.6,0.1714,15,complete,0.2555,76175.4
1277,4,50,892,572.84,50,892,8,0.588,928.9,0.2335,25,complete,0.3125,76212.7
1278,4,50,725,605.808,50,725,8,0.5872,914.3,0.1808,15,complete,0.2634,76243.0
1279,4,50,860,613.0,50,860,9,0.6049,886.6,0.2527,13,complete,0.2725,76279.4
1280,4,50,847,619.736,50,847,9,0.5652,893.4,0.2128,15,complete,0.2905,76316.8
1281,4,50,788,615.104,50,788,9,0.6155,927.5,0.2021,14,complete,0.3162,76351.1
1282,4,50,781,621.264,50,781,9,0.5557,967.4,0.2178,15,complete,0.255,76383.7
1283,4,50,879,621.192,50,879,9,0.5958,963.2,0.1592,10,complete,0.2921,76420.9
1284,4,50,1000,578.36,48,,9,0.5877,863.8,0.3348,25,step_limit,0.2703,76461.4
1285,4,50,774,633.856,50,774,9,0.6063,964.9,0.1365,17,complete,0.268,76494.3
1286,4,50,921,591.408,50,921,9,0.617,926.6,0.205,19,complete,0.3411,76530.3
1287,4,50,838,607.072,50,838,9,0.5838,897.0,0.2334,34,complete,0.2925,76564.1
1288,4,50,782,556.368,50,782,7,0.5988,903.2,0.2397,16,complete,0.301,76594.2
1289,4,50,719,598.672,50,719,8,0.6384,922.5,0.1362,10,complete,0.296,76623.8
1290,4,50,759,592.28,50,759,8,0.5672,900.6,0.1281,11,complete,0.2732,76663.1
1291,4,50,741,597.88,50,741,8,0.581,903.5,0.1819,23,complete,0.2608,76699.6
1292,4,50,861,631.08,50,861,9,0.5996,937.1,0.2703,40,complete,0.3069,76749.2
1293,4,50,776,625.128,50,776,9,0.5802,910.9,0.2148,19,complete,0.3053,76791.4
1294,4,50,900,599.224,50,900,9,0.5878,970.5,0.2371,13,complete,0.3224,76841.7
1295,4,50,988,555.552,50,988,8,0.6301,975.6,0.3206,140,complete,0.3647,76896.7
1296,4,50,847,571.968,50,847,8,0.6367,892.9,0.1967,11,complete,0.3088,76948.8
1297,4,50,849,574.472,50,849,8,0.561,911.6,0.1504,11,complete,0.3258,76996.8
1298,4,50,1000,567.984,48,,9,0.5915,885.2,0.2878,68,step_limit,0.277,77053.8
1299,4,50,876,575.688,50,876,8,0.5865,930.6,0.1905,38,complete,0.2778,77100.5
1300,4,50,899,603.656,50,899,9,0.6207,931.4,0.3341,21,complete,0.2797,77150.1
1301,4,50,892,618.096,50,892,9,0.5998,921.8,0.323,16,complete,0.2797,77727.6
1302,4,50,804,569.792,50,804,8,0.5438,893.9,0.2204,22,complete,0.2424,77773.8
1303,4,50,772,589.512,50,772,8,0.6279,945.2,0.1979,26,complete,0.266,77816.5
1304,4,50,841,570.496,50,841,8,0.5907,943.5,0.2015,16,complete,0.2835,77863.6
1305,4,50,857,580.16,50,857,8,0.5989,920.4,0.1592,10,complete,0.3582,77911.6
1306,4,50,817,622.792,50,817,9,0.6004,923.5,0.1613,12,complete,0.2995,77955.9
1307,4,50,995,588.144,50,995,9,0.6148,978.5,0.268,16,complete,0.3188,78011.0
1308,4,50,892,606.008,50,892,9,0.5984,944.8,0.228,15,complete,0.3088,78060.8
1309,4,50,870,568.84,50,870,8,0.5897,927.6,0.2329,18,complete,0.2791,78111.3
1310,4,50,625,621.448,50,625,8,0.5548,913.4,0.1834,12,complete,0.2017,78147.1
1311,4,50,794,585.088,50,794,8,0.6171,900.8,0.2392,22,complete,0.2775,78184.8
1312,4,50,1000,337.176,37,,6,0.615,959.8,0.3272,33,step_limit,0.2713,78231.8
1313,4,50,819,579.064,50,819,8,0.6068,859.5,0.2744,16,complete,0.2655,78270.9
1314,4,50,851,609.784,50,851,9,0.6058,916.2,0.1615,19,complete,0.3221,78314.6
1315,4,50,840,623.248,50,840,9,0.5762,907.2,0.236,34,complete,0.2579,78356.5
1316,4,50,835,575.8,50,835,8,0.5931,892.3,0.2126,16,complete,0.27,78396.1
1317,4,50,986,592.312,50,986,9,0.5915,958.8,0.1971,11,complete,0.3318,78445.6
1318,4,50,856,584.568,50,856,8,0.6016,943.7,0.2404,44,complete,0.3,78485.6
1319,4,50,887,592.136,50,887,9,0.6161,901.2,0.2273,16,complete,0.2825,78527.0
1320,4,50,750,624.056,50,750,9,0.6,973.8,0.1302,10,complete,0.3041,78564.5
1321,4,50,670,655.72,50,670,9,0.5862,822.3,0.2412,37,complete,0.225,78598.3
1322,4,50,707,572.904,50,707,7,0.6146,937.4,0.1759,10,complete,0.3285,78633.0
1323,4,50,826,623.32,50,826,9,0.5502,950.7,0.2207,23,complete,0.318,78672.1
1324,4,50,831,590.984,50,831,8,0.614,888.9,0.2629,30,complete,0.3087,78712.3
1325,4,50,851,595.912,50,851,9,0.6234,956.0,0.1869,16,complete,0.3,78759.0
1326,4,50,793,616.328,50,793,9,0.6214,939.1,0.1973,32,complete,0.2964,78803.5
1327,4,50,737,594.752,50,737,8,0.6187,891.0,0.1693,10,complete,0.2853,78842.7
1328,4,50,767,630.336,50,767,9,0.6027,911.5,0.134,9,complete,0.268,78880.7
1329,4,50,980,588.544,50,980,9,0.626,932.0,0.2945,25,complete,0.3205,78929.0
1330,4,50,859,574.312,50,859,8,0.6385,908.6,0.2112,15,complete,0.3175,78969.8
1331,4,50,1000,512.272,47,,8,0.5905,965.4,0.3166,15,step_limit,0.2854,79009.5
1332,4,50,649,612.888,50,649,8,0.6036,872.5,0.1604,10,complete,0.2201,79037.5
1333,4,50,829,612.016,50,829,9,0.6019,943.0,0.2066,10,complete,0.2767,79071.1
1334,4,50,838,569.648,50,838,8,0.6223,963.3,0.2212,29,complete,0.316,79106.1
1335,4,50,901,594.696,50,901,9,0.6207,960.0,0.2246,14,complete,0.3094,79145.7
1336,4,50,876,567.648,50,876,8,0.6393,954.9,0.1822,18,complete,0.32,79183.5
1337,4,50,805,583.608,50,805,8,0.6099,955.9,0.2408,29,complete,0.2806,79217.7
1338,4,50,818,579.96,50,818,8,0.5975,908.6,0.2889,18,complete,0.3172,79250.2
1339,4,50,966,576.68,50,966,9,0.5748,924.0,0.1785,11,complete,0.3257,79288.3
1340,4,50,857,612.76,50,857,9,0.589,951.3,0.1964,13,complete,0.3245,79331.4
1341,4,50,783,634.552,50,783,9,0.6105,926.5,0.281,14,complete,0.2861,79369.2
1342,4,50,734,565.8,50,734,7,0.6165,931.8,0.1612,13,complete,0.2912,79404.7
1343,4,50,941,593.2,50,941,9,0.6121,934.4,0.2261,17,complete,0.3168,79448.0
1344,4,50,800,586.864,50,800,8,0.6006,931.7,0.1976,19,complete,0.2794,79487.0
1345,4,50,958,598.6,50,958,9,0.6396,965.1,0.2262,16,complete,0.3042,79526.6
1346,4,50,960,577.296,50,960,9,0.5982,968.1,0.2856,36,complete,0.3221,79565.3
1347,4,50,880,606.344,50,880,9,0.5966,958.8,0.1643,16,complete,0.2892,79602.5
1348,4,50,877,596.568,50,877,9,0.5619,930.8,0.179,13,complete,0.285,79638.9
1349,4,50,796,624.88,50,796,9,0.5911,975.3,0.1587,12,complete,0.2608,79672.4
1350,4,50,986,562.84,50,986,9,0.5999,894.5,0.2938,38,complete,0.3148,79713.4
1351,4,50,906,588.664,50,906,9,0.609,922.4,0.271,18,complete,0.2816,80149.3
1352,4,50,749,596.664,50,749,8,0.6055,965.6,0.2621,17,complete,0.2957,80180.5
1353,4,50,880,615.256,50,880,9,0.6125,962.4,0.2498,12,complete,0.2929,80217.2
1354,4,50,731,559.824,50,731,7,0.6211,886.0,0.2314,17,complete,0.2796,80250.2
1355,4,50,904,602.616,50,904,9,0.6352,946.3,0.2912,17,complete,0.2843,80287.2
1356,4,50,878,553.936,50,878,8,0.6202,862.1,0.2326,18,complete,0.3125,80324.7
1357,4,50,737,605.208,50,737,8,0.6041,875.1,0.1659,12,complete,0.2796,80355.1
1358,4,50,840,593.856,50,840,8,0.628,888.9,0.2233,16,complete,0.2723,80389.4
1359,4,50,787,587.952,50,787,8,0.5788,962.5,0.2034,17,complete,0.3144,80423.9
1360,4,50,716,596.128,50,716,8,0.5608,928.5,0.22,13,complete,0.2658,80453.6
1361,4,50,880,606.824,50,880,9,0.5551,918.2,0.1875,11,complete,0.3163,80489.2
1362,4,50,836,575.76,50,836,8,0.634,898.7,0.1707,15,complete,0.2755,80523.0
1363,4,50,903,601.944,50,903,9,0.5462,948.7,0.2816,18,complete,0.243,80553.7
1364,4,50,852,612.968,50,852,9,0.6021,928.0,0.1822,14,complete,0.2857,80579.8
1365,4,50,1000,543.472,48,,8,0.6338,863.9,0.3577,99,step_limit,0.2723,80612.2
1366,4,50,749,595.736,50,749,8,0.6142,953.9,0.1917,12,complete,0.3073,80639.2
1367,4,50,826,566.256,50,826,8,0.6217,922.3,0.2402,23,complete,0.2871,80667.4
1368,4,50,794,583.608,50,794,8,0.6045,966.6,0.2177,25,complete,0.2273,80695.0
1369,4,50,814,582.744,50,814,8,0.5752,939.4,0.2045,12,complete,0.299,80724.3
1370,4,50,844,615.464,50,844,9,0.6238,887.9,0.232,20,complete,0.3106,80752.6
1371,4,50,814,624.416,50,814,9,0.5842,912.6,0.2056,12,complete,0.2626,80779.3
1372,4,50,809,611.528,50,809,9,0.5924,958.0,0.1709,10,complete,0.2903,80806.8
1373,4,50,816,612.888,50,816,9,0.6195,973.9,0.227,32,complete,0.2781,80834.1
1374,4,50,986,508.704,50,986,8,0.5956,946.3,0.3721,114,complete,0.241,80866.8
1375,4,50,794,601.736,50,794,8,0.6379,929.2,0.2916,35,complete,0.2812,80886.4
1376,4,50,834,609.608,50,834,9,0.5851,935.1,0.2012,20,complete,0.3056,80907.8
1377,4,50,922,560.08,50,922,8,0.5968,940.8,0.2782,30,complete,0.2738,80935.2
1378,4,50,778,590.984,50,778,8,0.6292,920.7,0.217,24,complete,0.3132,80962.2
1379,4,50,934,566.608,50,934,8,0.6309,942.3,0.2681,15,complete,0.3317,80993.5
1380,4,50,801,630.512,50,801,9,0.5384,908.4,0.3148,17,complete,0.2273,81019.0
1381,4,50,995,593.68,50,995,9,0.6317,966.7,0.216,39,complete,0.3096,81054.0
1382,4,50,792,616.512,50,792,9,0.584,884.8,0.1871,13,complete,0.2552,81082.7
1383,4,50,666,579.112,50,666,7,0.6029,924.0,0.1467,10,complete,0.261,81106.3
1384,4,50,684,603.792,50,684,8,0.5789,925.9,0.226,9,complete,0.2612,81130.0
1385,4,50,824,616.088,50,824,9,0.595,911.3,0.2508,23,complete,0.2868,81159.3
1386,4,50,866,618.736,50,866,9,0.6296,963.5,0.2023,11,complete,0.3058,81192.1
1387,4,50,887,615.136,50,887,9,0.6212,975.2,0.2632,14,complete,0.3228,81224.2
1388,4,50,785,601.112,50,785,8,0.6156,925.8,0.2848,59,complete,0.2861,81251.6
1389,4,50,1000,549.904,49,,8,0.6328,941.9,0.2845,23,step_limit,0.2835,81284.4
1390,4,50,782,623.64,50,782,9,0.5809,905.4,0.2454,17,complete,0.2658,81306.5
1391,4,50,800,622.432,50,800,9,0.6122,909.6,0.1769,26,complete,0.2835,81327.5
1392,4,50,781,573.888,50,781,8,0.5407,936.0,0.2633,18,complete,0.2665,81349.3
1393,4,50,906,616.776,50,906,9,0.6261,919.2,0.2519,13,complete,0.2729,81374.4
1394,4,50,908,562.56,50,908,8,0.6203,960.7,0.2158,14,complete,0.305,81397.9
1395,4,50,876,582.696,50,876,8,0.621,957.4,0.2615,58,complete,0.2711,81422.1
1396,4,50,765,621.016,50,765,9,0.5902,871.2,0.2231,14,complete,0.2713,81444.1
1397,4,50,732,593.056,50,732,8,0.6448,885.6,0.171,15,complete,0.3314,81463.2
1398,4,50,1000,530.176,48,,8,0.6025,941.5,0.2213,10,step_limit,0.3125,81491.0
1399,4,50,844,610.584,50,844,9,0.5853,930.5,0.1725,29,complete,0.3157,81514.7
1400,4,50,851,604.928,50,851,9,0.5758,927.0,0.2852,20,complete,0.2933,81538.8
1401,4,50,724,626.912,50,724,9,0.5829,829.6,0.174,12,complete,0.2526,81811.9
1402,4,50,743,599.248,50,743,8,0.5831,865.6,0.2053,23,complete,0.2527,81831.3
1403,4,50,916,544.768,50,916,8,0.6015,913.0,0.35,45,complete,0.2804,81856.7
1404,4,50,773,595.824,50,773,8,0.5889,933.7,0.2028,21,complete,0.2688,81877.1
1405,4,50,948,602.096,50,948,9,0.6292,892.7,0.2558,52,complete,0.2921,81903.3
1406,4,50,954,525.888,50,954,8,0.5946,943.5,0.2221,20,complete,0.3208,81929.8
1407,4,50,868,610.056,50,868,9,0.6227,970.9,0.1651,13,complete,0.3342,81954.2
1408,4,50,822,586.808,50,822,8,0.6423,914.5,0.2158,26,complete,0.2912,81975.4
1409,4,50,784,635.448,50,784,9,0.5635,934.2,0.2278,42,complete,0.2786,81997.5
1410,4,50,808,623.12,50,808,9,0.5557,959.2,0.219,30,complete,0.276,82020.4
1411,4,50,869,593.944,50,869,9,0.6027,902.4,0.2692,28,complete,0.2734,82043.0
1412,4,50,715,641.936,50,715,9,0.5895,963.3,0.2627,18,complete,0.2255,82063.5
1413,4,50,830,614.76,50,830,9,0.5828,948.0,0.1925,24,complete,0.2772,82087.1
1414,4,50,787,588.888,50,787,8,0.5877,923.7,0.2383,26,complete,0.268,82103.4
1415,4,50,942,579.392,50,942,9,0.6181,949.3,0.2752,59,complete,0.325,82122.8
1416,4,50,1000,570.608,49,,9,0.603,887.0,0.2612,17,step_limit,0.3264,82141.7
1417,4,50,840,631.936,50,840,9,0.6015,943.3,0.2369,34,complete,0.2404,82159.5
1418,4,50,899,597.392,50,899,9,0.5951,915.9,0.1707,13,complete,0.3042,82176.3
1419,4,50,706,599.728,50,706,8,0.5995,884.8,0.1892,13,complete,0.2775,82191.7
1420,4,50,936,590.24,50,936,9,0.5414,936.0,0.3208,29,complete,0.2698,82208.9
1421,4,50,858,563.152,50,858,8,0.6221,986.3,0.2627,29,complete,0.3309,82226.9
1422,4,50,940,549.992,50,940,8,0.562,959.6,0.197,16,complete,0.2901,82244.0
1423,4,50,1000,549.744,49,,9,0.607,964.0,0.3185,109,step_limit,0.3143,82265.1
1424,4,50,852,595.128,50,852,9,0.615,923.1,0.2492,17,complete,0.2474,82281.4
1425,4,50,1000,538.888,47,,9,0.587,906.9,0.2963,30,step_limit,0.3182,82301.7
1426,4,50,946,599.376,50,946,9,0.6121,937.3,0.2027,20,complete,0.3319,82319.8
1427,4,50,850,599.64,50,850,9,0.6232,973.7,0.2613,19,complete,0.2679,82337.8
1428,4,50,824,578.056,50,824,8,0.6171,937.4,0.171,12,complete,0.3047,82353.7
1429,4,50,801,596.272,50,801,8,0.6517,906.7,0.2191,39,complete,0.3015,82372.4
1430,4,50,884,582.72,50,884,8,0.6165,947.5,0.139,19,complete,0.33,82397.1
1431,4,50,822,621.224,50,822,9,0.6016,917.4,0.2306,27,complete,0.25,82418.2
1432,4,50,777,587.112,50,777,8,0.62,952.1,0.1472,10,complete,0.3297,82440.1
1433,4,50,825,594.392,50,825,8,0.6242,971.6,0.1702,13,complete,0.2881,82463.6
1434,4,50,945,587.024,50,945,9,0.5503,904.1,0.2813,43,complete,0.2596,82488.1
1435,4,50,844,574.904,50,844,8,0.609,891.9,0.2601,20,complete,0.2925,82511.9
1436,4,50,818,583.68,50,818,8,0.5993,937.8,0.2107,13,complete,0.3125,82535.0
1437,4,50,919,545.048,50,919,8,0.6254,969.1,0.2641,15,complete,0.2901,82558.9
1438,4,50,856,602.328,50,856,9,0.5736,919.8,0.242,16,complete,0.2628,82582.9
1439,4,50,853,581.4,50,853,8,0.5938,958.0,0.194,12,complete,0.285,82606.8
1440,4,50,909,587.608,50,909,8,0.6196,956.0,0.3085,157,complete,0.3138,82632.0
1441,4,50,851,567.728,50,851,8,0.5849,938.3,0.2453,29,complete,0.297,82654.2
1442,4,50,802,621.52,50,802,9,0.601,950.5,0.1119,10,complete,0.3414,82676.7
1443,4,50,911,600.512,50,911,9,0.5672,969.6,0.2481,20,complete,0.2985,82702.3
1444,4,50,871,572.712,50,871,8,0.6114,920.6,0.2555,30,complete,0.2222,82725.1
1445,4,50,905,563.664,50,905,8,0.5959,931.5,0.2663,28,complete,0.318,82750.9
1446,4,50,942,599.096,50,942,9,0.6255,968.7,0.2284,15,complete,0.309,82776.7
1447,4,50,808,626.384,50,808,9,0.5885,951.5,0.23,22,complete,0.2913,82799.8
1448,4,50,779,592.84,50,779,8,0.5963,903.2,0.2367,41,complete,0.3053,82820.1
1449,4,50,872,602.576,50,872,9,0.5892,960.0,0.275,39,complete,0.2812,82844.7
1450,4,50,916,566.144,50,916,8,0.6255,891.6,0.2939,28,complete,0.2665,82870.2
1451,4,50,829,620.112,50,829,9,0.6004,960.2,0.2037,42,complete,0.3255,83143.0
1452,4,50,832,593.384,50,832,8,0.6079,974.0,0.2125,12,complete,0.2926,83164.2
1453,4,50,740,601.232,50,740,8,0.5858,883.4,0.2286,17,complete,0.25,83185.5
1454,4,50,778,603.056,50,778,8,0.6105,961.3,0.1889,11,complete,0.3269,83205.8
1455,4,50,709,630.296,50,709,9,0.5282,929.6,0.2319,18,complete,0.1862,83226.1
1456,4,50,884,562.92,50,884,8,0.6278,934.8,0.2508,30,complete,0.3138,83251.0
1457,4,50,829,568.832,50,829,8,0.5573,888.1,0.1746,10,complete,0.3175,83272.5
1458,4,50,864,606.088,50,864,9,0.6155,927.3,0.2552,12,complete,0.2854,83296.7
1459,4,50,851,636.84,50,851,9,0.6005,939.3,0.2591,36,complete,0.284,83320.8
1460,4,50,764,629.0,50,764,9,0.6165,924.0,0.1973,13,complete,0.2715,83340.7
1461,4,50,825,585.456,50,825,8,0.65,925.4,0.2243,14,complete,0.348,83364.5
1462,4,50,834,610.288,50,834,9,0.5788,937.4,0.2382,21,complete,0.2677,83387.7
1463,4,50,866,606.424,50,866,9,0.5557,924.7,0.2104,25,complete,0.2835,83410.1
1464,4,50,920,561.008,50,920,8,0.5606,927.3,0.2449,16,complete,0.2427,83432.1
1465,4,50,737,597.336,50,737,8,0.5645,899.4,0.1779,14,complete,0.2449,83447.7
1466,4,50,998,587.72,50,998,9,0.6112,900.8,0.3066,32,complete,0.3372,83466.1
1467,4,50,778,578.768,50,778,8,0.535,878.7,0.239,22,complete,0.2608,83482.2
1468,4,50,1000,548.624,49,,8,0.6827,907.9,0.3297,36,step_limit,0.3386,83500.7
1469,4,50,748,638.448,50,748,9,0.6033,949.9,0.2141,11,complete,0.2604,83516.4
1470,4,50,773,630.12,50,773,9,0.5857,927.9,0.1799,15,complete,0.3158,83530.8
1471,4,50,753,634.92,50,753,9,0.6199,927.8,0.2496,18,complete,0.2602,83545.0
1472,4,50,822,623.368,50,822,9,0.6131,933.9,0.2599,24,complete,0.2803,83562.2
1473,4,50,803,577.688,50,803,8,0.6111,939.9,0.2306,16,complete,0.2891,83577.6
1474,4,50,1000,537.088,48,,9,0.5923,918.6,0.2916,14,step_limit,0.2804,83597.9
1475,4,50,686,608.208,50,686,8,0.6243,959.3,0.1771,25,complete,0.2674,83610.7
1476,4,50,828,583.04,50,828,8,0.6002,928.6,0.2098,16,complete,0.3368,83627.8
1477,4,50,912,577.68,50,912,8,0.6349,922.1,0.2932,35,complete,0.267,83644.6
1478,4,50,727,600.464,50,727,8,0.5856,903.0,0.1682,10,complete,0.2802,83660.0
1479,4,50,946,588.512,50,946,9,0.6255,911.5,0.2099,29,complete,0.3386,83677.5
1480,4,50,826,579.488,50,826,8,0.6438,976.8,0.2597,14,complete,0.2628,83694.6
1481,4,50,829,573.056,50,829,8,0.5516,904.2,0.2667,24,complete,0.2625,83714.0
1482,4,50,770,628.384,50,770,9,0.5808,922.2,0.2845,28,complete,0.2632,83735.7
1483,4,50,729,591.456,50,729,8,0.6211,926.7,0.1545,11,complete,0.2772,83756.6
1484,4,50,832,611.224,50,832,9,0.6004,908.4,0.2046,14,complete,0.2625,83778.5
1485,4,50,825,575.336,50,825,8,0.6406,901.7,0.2843,20,complete,0.2921,83801.6
1486,4,50,773,630.792,50,773,9,0.6226,897.9,0.2715,71,complete,0.2926,83823.8
1487,4,50,787,562.608,50,787,7,0.5807,890.7,0.1876,10,complete,0.255,83844.3
1488,4,50,775,593.576,50,775,8,0.6332,900.6,0.2267,14,complete,0.2871,83866.2
1489,4,50,833,610.216,50,833,9,0.6245,955.3,0.1678,11,complete,0.2778,83889.6
1490,4,50,1000,474.792,46,,7,0.6328,881.6,0.3244,45,step_limit,0.2904,83915.4
1491,4,50,697,575.528,50,697,7,0.6216,927.3,0.1913,22,complete,0.3077,83935.5
1492,4,50,816,627.704,50,816,9,0.5812,958.7,0.2507,23,complete,0.275,83958.5
1493,4,50,717,646.632,50,717,9,0.5802,956.8,0.1762,11,complete,0.2107,83977.3
1494,4,50,805,598.528,50,805,8,0.6354,972.2,0.1943,10,complete,0.2861,84000.1
1495,4,50,745,635.264,50,745,9,0.543,938.5,0.2023,21,complete,0.2582,84019.6
1496,4,50,693,635.528,50,693,9,0.5823,918.8,0.2016,33,complete,0.2527,84039.8
1497,4,50,889,610.608,50,889,9,0.619,906.1,0.1274,12,complete,0.3024,84064.7
1498,4,50,1000,538.112,48,,8,0.6338,953.0,0.2476,20,step_limit,0.3542,84090.5
1499,4,50,1000,488.656,46,,8,0.5978,934.0,0.3127,57,step_limit,0.2959,84118.3
1500,4,50,833,605.52,50,833,9,0.5747,902.0,0.1787,10,complete,0.3039,84142.0
