episode,n_drones,n_dests,steps,team_reward,delivered,makespan,reloads,hop2plus,max_reach,stall_ratio,max_stall_run,term_reason,relay_frac,wall_sec
1,5,43,1000,154.695,39,,6,0.581,848.6,0.359,16,step_limit,0.1022,2.0
2,4,74,1000,688.906,65,,12,0.319,529.5,0.3529,29,step_limit,0.0648,3.1
3,5,43,1000,264.851,40,,6,0.3692,534.4,0.2306,11,step_limit,0.0764,4.3
4,4,23,1000,-124.569,19,,2,0.6607,938.4,0.4156,32,step_limit,0.0795,5.3
5,4,31,1000,41.929,29,,4,0.5523,811.1,0.4978,60,step_limit,0.2006,12.5
6,3,68,1000,590.36,58,,10,0.401,639.8,0.4714,72,step_limit,0.1396,29.3
7,6,44,350,486.427,44,350,6,0.6376,832.3,0.191,10,complete,0.2328,36.2
8,6,30,247,282.904,30,247,3,0.6289,766.2,0.2258,5,complete,0.22,41.3
9,6,42,399,450.309,42,399,6,0.5982,826.7,0.1629,4,complete,0.1923,48.9
10,6,47,377,553.387,47,377,7,0.5566,857.1,0.0779,3,complete,0.1996,56.2
11,5,21,311,105.464,21,311,1,0.4418,586.8,0.4045,14,complete,0.1026,62.2
12,3,37,853,380.595,37,853,7,0.4193,750.5,0.4395,121,complete,0.176,77.8
13,6,28,341,259.205,28,341,4,0.4761,631.8,0.2954,8,complete,0.1699,84.4
14,3,41,906,418.858,41,906,7,0.5088,779.6,0.3724,97,complete,0.2833,101.4
15,3,66,1000,482.375,50,,9,0.3847,685.9,0.4478,199,step_limit,0.1698,120.1
16,4,71,1000,802.8,69,,13,0.513,838.8,0.2865,40,step_limit,0.2642,140.4
17,4,24,704,-114.402,17,,1,0.5018,753.2,0.6867,476,no_progress,0.3559,154.1
18,5,49,544,515.952,49,544,8,0.5165,738.0,0.3792,26,complete,0.1929,164.5
19,6,34,392,384.809,34,392,6,0.6403,854.4,0.1905,7,complete,0.2049,172.3
20,3,48,1000,420.45,46,,7,0.461,743.0,0.3763,228,step_limit,0.2315,191.0
21,4,63,1000,658.741,60,,10,0.489,806.7,0.1514,16,step_limit,0.25,210.3
22,6,46,439,504.634,46,439,8,0.6052,790.5,0.2301,10,complete,0.197,219.1
23,3,44,1000,414.35,40,,8,0.505,741.7,0.3095,95,step_limit,0.2816,237.9
24,5,41,490,369.853,41,490,5,0.5576,841.2,0.2769,8,complete,0.2,247.5
25,5,38,422,398.581,38,422,5,0.628,870.0,0.1719,10,complete,0.2087,255.8
26,5,77,1000,802.722,76,,13,0.6194,785.2,0.2902,10,step_limit,0.2452,275.1
27,3,41,1000,224.167,35,,5,0.5557,780.6,0.4858,308,step_limit,0.3191,294.1
28,5,52,852,417.901,52,852,8,0.6974,1006.1,0.4201,59,complete,0.3019,311.0
29,5,72,938,734.284,72,938,12,0.6588,944.5,0.289,11,complete,0.3263,329.3
30,5,61,884,534.819,61,884,8,0.6676,979.3,0.2219,10,complete,0.3339,346.5
31,5,45,631,402.732,45,631,7,0.5914,965.6,0.4602,30,complete,0.2023,359.2
32,3,68,1000,478.497,52,,8,0.5013,736.0,0.41,101,step_limit,0.2424,378.4
33,3,35,983,240.269,35,983,5,0.4134,707.2,0.3963,107,complete,0.2421,397.4
34,3,24,315,268.897,24,315,3,0.3989,647.5,0.1479,12,complete,0.1709,403.1
35,3,58,859,716.067,58,859,10,0.4789,782.5,0.2412,46,complete,0.2083,419.3
36,4,64,1000,597.341,61,,10,0.6008,946.6,0.3738,37,step_limit,0.2972,438.2
37,6,58,884,397.293,58,884,9,0.747,1179.8,0.4821,227,complete,0.3306,455.8
38,3,77,1000,553.174,55,,9,0.4843,783.7,0.266,55,step_limit,0.2515,474.9
39,3,28,848,202.03,28,848,4,0.5586,786.2,0.3578,144,complete,0.3333,490.9
40,3,37,720,410.649,37,720,6,0.3917,699.2,0.1633,38,complete,0.1905,504.5
41,5,59,733,633.352,59,733,9,0.3214,632.3,0.2016,9,complete,0.1098,518.8
42,6,58,507,659.18,58,507,9,0.6381,997.6,0.1443,3,complete,0.2121,528.8
43,6,20,231,86.946,20,231,0,0.6147,895.9,0.3317,6,complete,0.1162,533.2
44,6,30,258,292.106,30,258,3,0.4167,657.9,0.1459,4,complete,0.1016,538.3
45,6,39,321,423.798,39,321,5,0.6111,834.3,0.1741,3,complete,0.1508,544.8
46,6,32,329,306.444,32,329,4,0.5623,824.3,0.211,5,complete,0.1638,551.2
47,5,35,545,238.422,35,545,4,0.6139,885.4,0.4193,12,complete,0.2314,561.4
48,5,39,644,307.386,39,644,5,0.6761,1055.6,0.3232,16,complete,0.2633,574.0
49,5,47,485,554.45,47,485,8,0.5085,834.0,0.2185,12,complete,0.1373,583.9
50,4,72,1000,779.213,71,,12,0.5182,748.8,0.3312,29,step_limit,0.2101,603.1
51,4,71,1000,560.006,64,,11,0.4045,722.0,0.4926,119,step_limit,0.1648,684.0
52,4,45,493,538.844,45,493,7,0.4518,628.2,0.0966,8,complete,0.1419,691.9
53,6,64,514,748.369,64,514,11,0.3888,567.1,0.31,9,complete,0.1077,700.5
54,5,24,374,163.77,24,374,3,0.6936,1082.0,0.3416,8,complete,0.28,706.5
55,6,60,638,627.181,60,638,10,0.6627,1015.9,0.3218,14,complete,0.2324,716.9
56,6,20,254,109.709,20,254,0,0.666,815.6,0.0905,2,complete,0.1759,721.0
57,5,61,781,603.23,61,781,10,0.5311,835.7,0.3526,11,complete,0.182,733.5
58,5,77,699,877.596,77,699,12,0.5265,805.4,0.2886,10,complete,0.1876,745.9
59,5,40,1000,65.612,38,,6,0.7262,1087.4,0.5717,164,step_limit,0.3122,765.3
60,3,76,1000,645.085,61,,10,0.449,708.5,0.3481,120,step_limit,0.2066,784.5
61,5,66,642,788.299,66,642,11,0.6106,933.3,0.2153,11,complete,0.2268,796.9
62,5,43,460,488.372,43,460,7,0.4726,837.1,0.2333,11,complete,0.1371,805.9
63,5,57,548,674.95,57,548,9,0.5551,781.8,0.131,10,complete,0.2113,816.6
64,3,52,1000,543.967,51,,8,0.4607,787.9,0.2197,24,step_limit,0.2477,835.8
65,5,42,533,464.3,42,533,7,0.5291,828.1,0.2424,15,complete,0.1842,846.6
66,4,41,802,381.706,41,802,7,0.5268,893.7,0.3625,39,complete,0.1705,862.6
67,5,23,260,179.444,23,260,1,0.4115,752.7,0.1695,17,complete,0.0944,867.8
68,5,77,848,894.919,77,848,13,0.4281,679.9,0.191,11,complete,0.1688,884.7
69,4,48,643,523.375,48,643,7,0.3037,608.9,0.1988,17,complete,0.1325,897.1
70,3,69,1000,291.211,42,,7,0.489,578.9,0.5415,180,step_limit,0.2211,915.9
71,5,34,307,396.733,34,307,5,0.402,647.8,0.1425,5,complete,0.131,922.0
72,5,61,1000,307.909,51,,8,0.7104,1067.7,0.3963,24,step_limit,0.2839,941.2
73,6,50,555,453.491,50,555,7,0.6736,983.5,0.3295,19,complete,0.1961,952.3
74,4,70,1000,524.9,57,,9,0.3598,639.8,0.279,23,step_limit,0.1938,971.8
75,6,21,149,148.214,21,149,0,0.4933,746.0,0.1737,4,complete,0.1333,975.0
76,3,49,1000,417.116,46,,7,0.5083,746.4,0.4212,78,step_limit,0.2,994.5
77,4,67,1000,505.842,59,,9,0.6235,889.6,0.3769,20,step_limit,0.2815,1013.6
78,3,34,933,287.687,34,933,6,0.4462,640.4,0.3475,55,complete,0.2222,1031.9
79,5,31,435,274.571,31,435,4,0.5926,838.6,0.2541,10,complete,0.2034,1040.3
80,3,44,1000,218.602,34,,5,0.4087,748.4,0.2974,72,step_limit,0.2593,1059.1
81,6,71,972,641.364,71,972,11,0.6732,1008.7,0.2798,11,complete,0.2198,1077.9
82,4,59,818,684.013,59,818,10,0.423,680.2,0.2119,66,complete,0.1762,1093.1
83,6,21,149,157.667,21,149,0,0.3479,637.9,0.0464,0,complete,0.1042,1096.0
84,4,41,719,427.741,41,719,7,0.6408,932.2,0.2876,27,complete,0.267,1110.1
85,5,38,757,240.255,38,757,6,0.6988,1045.0,0.433,30,complete,0.2494,1125.1
86,5,64,707,748.253,64,707,11,0.5383,788.5,0.1837,7,complete,0.1675,1139.4
87,5,24,436,182.516,24,436,3,0.6706,953.7,0.2761,17,complete,0.2226,1147.7
88,5,66,719,779.745,66,719,12,0.5132,809.9,0.2958,18,complete,0.1689,1161.7
89,6,20,413,50.492,20,413,1,0.6021,815.1,0.3454,11,complete,0.1957,1169.8
90,6,37,317,449.87,37,317,6,0.3722,657.9,0.08,4,complete,0.1364,1176.0
91,4,60,1000,500.087,56,,9,0.5383,826.4,0.3743,81,step_limit,0.2227,1195.4
92,3,37,958,345.543,37,958,6,0.5515,776.0,0.253,50,complete,0.2884,1213.5
93,4,27,734,134.769,27,734,4,0.4976,708.3,0.393,37,complete,0.2128,1227.4
94,4,76,1000,665.623,63,,11,0.5035,785.2,0.2982,31,step_limit,0.2282,1246.8
95,5,30,496,250.755,30,496,4,0.3964,790.8,0.217,22,complete,0.1467,1256.3
96,6,34,412,308.311,34,412,4,0.6796,1031.3,0.189,3,complete,0.2026,1264.3
97,5,35,665,255.247,35,665,5,0.6174,956.4,0.3495,37,complete,0.1974,1276.9
98,5,39,965,271.765,39,965,6,0.3227,685.9,0.2225,6,complete,0.162,1294.8
99,5,69,1000,605.605,68,,10,0.6472,1138.6,0.2941,21,step_limit,0.2448,1313.2
100,6,80,920,884.151,80,920,14,0.4578,741.0,0.1929,5,complete,0.1711,1329.9
101,3,62,1000,568.969,54,,9,0.4297,631.4,0.2998,57,step_limit,0.1607,1411.0
102,4,30,457,351.06,30,457,5,0.4349,660.5,0.0952,6,complete,0.2056,1419.5
103,5,75,742,926.215,75,742,13,0.5329,814.0,0.1152,7,complete,0.174,1433.5
104,4,39,570,416.901,39,570,6,0.5031,792.6,0.197,23,complete,0.1866,1442.4
105,5,24,412,187.127,24,412,2,0.5073,855.0,0.1287,4,complete,0.2037,1448.7
106,5,73,839,837.685,73,839,13,0.6217,948.0,0.2919,28,complete,0.1685,1462.2
107,5,25,532,174.411,25,532,3,0.5241,793.3,0.1987,3,complete,0.2033,1470.4
108,3,69,1000,460.23,48,,8,0.424,720.2,0.2644,78,step_limit,0.1571,1486.0
109,4,25,333,245.37,25,333,3,0.3844,710.1,0.1607,9,complete,0.1359,1491.4
110,3,26,1000,34.877,22,,3,0.5643,739.2,0.4751,137,step_limit,0.2489,1507.9
111,3,21,602,164.844,21,602,3,0.5061,761.1,0.3568,60,complete,0.2339,1518.2
112,6,31,365,280.757,31,365,3,0.3489,648.3,0.118,2,complete,0.1503,1524.4
113,4,57,1000,468.054,54,,8,0.5645,877.9,0.3025,30,step_limit,0.2632,1543.1
114,6,64,822,630.486,64,822,11,0.7143,945.6,0.2704,6,complete,0.2453,1559.4
115,5,57,560,629.406,57,560,8,0.4839,907.5,0.2067,7,complete,0.1875,1570.2
116,3,78,1000,682.262,60,,11,0.4517,699.2,0.3077,37,step_limit,0.204,1589.2
117,6,76,1000,672.7,74,,13,0.7163,1103.6,0.345,15,step_limit,0.2376,1608.5
118,3,59,942,676.678,59,942,9,0.4533,766.4,0.2232,45,complete,0.2183,1627.3
119,4,73,1000,682.424,64,,12,0.5807,909.5,0.3673,37,step_limit,0.2008,1646.8
120,4,68,1000,655.55,61,,11,0.5238,738.8,0.1993,20,step_limit,0.2128,1666.3
121,6,59,578,671.818,59,578,10,0.6557,950.4,0.2076,9,complete,0.2087,1678.0
122,6,55,436,589.325,55,436,7,0.5635,846.5,0.1673,3,complete,0.1418,1686.6
123,4,22,341,190.789,22,341,2,0.3849,634.9,0.1059,15,complete,0.1098,1693.0
124,3,57,1000,662.829,56,,10,0.4083,650.9,0.2125,40,step_limit,0.1563,1712.2
125,3,29,862,205.612,29,862,4,0.4385,747.4,0.3509,75,complete,0.2265,1728.9
126,6,80,625,949.383,80,625,13,0.6099,879.6,0.1892,4,complete,0.1762,1741.8
127,6,23,286,141.155,23,286,1,0.6125,840.2,0.2127,5,complete,0.1581,1747.4
128,4,75,1000,592.379,61,,10,0.606,847.4,0.2583,19,step_limit,0.2395,1766.7
129,5,31,620,285.141,31,620,6,0.6974,1175.6,0.2961,37,complete,0.3028,1778.4
130,5,26,233,253.156,26,233,2,0.4506,570.5,0.1279,6,complete,0.1316,1782.9
131,6,57,733,562.37,57,733,10,0.5282,728.2,0.3224,6,complete,0.1497,1797.2
132,4,51,1000,423.216,49,,8,0.656,1048.9,0.3195,44,step_limit,0.3142,1816.3
133,6,36,491,290.923,36,491,5,0.6853,1001.3,0.3122,8,complete,0.1718,1825.9
134,5,49,657,499.634,49,657,8,0.6146,933.8,0.2534,10,complete,0.1828,1838.6
135,4,56,1000,399.982,52,,8,0.6242,919.4,0.4007,75,step_limit,0.2542,1857.2
136,3,38,1000,199.352,33,,5,0.5323,718.8,0.5258,139,step_limit,0.2065,1876.4
137,6,37,371,390.58,37,371,5,0.4748,681.0,0.1462,3,complete,0.1384,1883.9
138,5,68,1000,483.171,64,,10,0.6328,793.3,0.4168,28,step_limit,0.2229,1903.7
139,3,63,1000,736.039,61,,11,0.3803,594.8,0.2333,46,step_limit,0.1541,1922.7
140,6,64,603,708.211,64,603,10,0.5608,843.6,0.2178,9,complete,0.1512,1934.7
141,4,48,1000,437.64,48,1000,7,0.4895,710.8,0.2454,19,complete,0.1968,1953.8
142,5,69,895,716.239,69,895,12,0.5028,750.8,0.324,17,complete,0.1754,1971.4
143,3,58,970,681.665,58,970,10,0.4251,696.8,0.257,56,complete,0.213,1989.9
144,6,55,715,518.652,55,715,9,0.6653,924.8,0.3122,11,complete,0.1792,2004.0
145,3,39,974,341.446,39,974,6,0.5489,787.4,0.3706,34,complete,0.2355,2022.6
146,3,60,1000,675.338,56,,11,0.4297,520.7,0.3184,47,step_limit,0.1384,2041.5
147,4,44,613,518.211,44,613,7,0.416,652.8,0.1139,11,complete,0.1461,2053.8
148,6,50,497,569.267,50,497,8,0.6519,908.7,0.1326,2,complete,0.1818,2063.7
149,3,36,693,409.556,36,693,6,0.468,662.8,0.253,40,complete,0.2068,2077.4
150,5,78,916,883.004,78,916,13,0.6258,887.4,0.2215,8,complete,0.2031,2095.9
151,4,64,709,810.118,64,709,11,0.3188,589.1,0.1171,8,complete,0.1121,2168.7
152,6,21,135,164.363,21,135,0,0.3852,641.9,0.0591,0,complete,0.1111,2170.9
153,5,76,877,920.497,76,877,14,0.5849,877.1,0.1755,7,complete,0.1798,2185.4
154,3,40,1000,218.382,31,,5,0.3867,677.1,0.2717,82,step_limit,0.1591,2201.5
155,4,64,1000,722.434,62,,11,0.3947,739.5,0.1473,15,step_limit,0.1734,2220.4
156,5,50,748,478.915,50,748,8,0.65,953.4,0.2738,7,complete,0.2544,2234.6
157,3,56,1000,584.4,52,,9,0.3677,694.5,0.207,41,step_limit,0.1625,2253.2
158,6,67,773,646.296,67,773,10,0.6421,958.5,0.2533,11,complete,0.1856,2266.0
159,5,78,885,894.909,78,885,13,0.3421,661.7,0.1675,9,complete,0.1248,2280.7
160,5,23,447,156.931,23,447,2,0.5096,882.5,0.1409,5,complete,0.1565,2287.8
161,6,73,935,685.373,73,935,12,0.6854,973.2,0.3286,14,complete,0.2061,2303.1
162,4,49,853,533.811,49,853,8,0.396,707.2,0.1816,28,complete,0.1762,2316.8
163,5,36,615,270.511,36,615,4,0.5233,703.8,0.237,12,complete,0.1545,2326.5
164,5,54,751,521.589,54,751,8,0.4852,705.5,0.2982,14,complete,0.1286,2339.0
165,6,47,443,520.61,47,443,7,0.6294,868.4,0.1573,2,complete,0.1519,2346.8
166,5,63,699,646.137,63,699,8,0.5725,817.2,0.1956,10,complete,0.1611,2360.3
167,5,38,618,313.719,38,618,6,0.589,821.8,0.3561,17,complete,0.187,2372.1
168,5,44,544,443.281,44,544,6,0.5765,1020.7,0.1756,10,complete,0.1759,2382.8
169,5,45,609,461.595,45,609,7,0.5951,932.4,0.1898,10,complete,0.1978,2394.6
170,4,78,1000,733.596,68,,12,0.4647,738.5,0.3404,46,step_limit,0.1555,2413.7
171,5,34,578,248.508,34,578,4,0.6419,907.9,0.3242,11,complete,0.194,2424.7
172,4,48,779,524.228,48,779,8,0.5385,753.4,0.2491,65,complete,0.1782,2440.3
173,4,64,1000,413.894,52,,8,0.5917,850.2,0.3021,33,step_limit,0.25,2459.5
174,5,38,427,387.405,38,427,5,0.4923,670.3,0.2708,10,complete,0.1569,2467.9
175,4,56,715,641.749,56,715,9,0.557,824.4,0.1901,13,complete,0.2115,2482.1
176,3,68,1000,431.507,47,,8,0.4957,746.5,0.3173,57,step_limit,0.256,2500.5
177,5,74,872,837.291,74,872,13,0.6227,925.9,0.2838,32,complete,0.1956,2517.0
178,5,37,475,355.277,37,475,5,0.5549,922.8,0.2438,12,complete,0.1576,2525.8
179,6,48,831,344.156,48,831,6,0.5919,910.5,0.2748,23,complete,0.1685,2541.8
180,4,61,1000,572.841,56,,10,0.4953,796.5,0.2011,11,step_limit,0.2091,2560.6
181,3,80,1000,492.368,50,,9,0.4533,615.8,0.2713,66,step_limit,0.2202,2579.9
182,5,31,526,254.948,31,526,4,0.6532,822.6,0.2785,8,complete,0.1937,2590.5
183,4,53,947,550.515,53,947,9,0.5488,954.6,0.2515,38,complete,0.2349,2609.3
184,4,64,1000,599.775,59,,10,0.5763,837.3,0.2586,17,step_limit,0.25,2628.2
185,3,49,835,595.974,49,835,8,0.3964,693.8,0.0989,14,complete,0.1565,2643.7
186,5,47,717,430.242,47,717,7,0.629,846.8,0.3065,13,complete,0.1957,2656.9
187,5,59,909,576.883,59,909,10,0.6763,1067.9,0.3002,30,complete,0.2504,2674.4
188,3,33,846,303.352,33,846,5,0.4878,753.8,0.2879,36,complete,0.2417,2690.4
189,6,35,454,330.394,35,454,5,0.5176,705.2,0.196,3,complete,0.1224,2699.1
190,3,30,628,322.636,30,628,5,0.4326,755.4,0.2736,24,complete,0.1925,2710.7
191,4,70,1000,756.371,65,,12,0.5295,792.8,0.2246,14,step_limit,0.1822,2729.7
192,5,36,355,416.325,36,355,5,0.4614,752.4,0.0635,6,complete,0.14,2737.0
193,3,54,1000,483.982,49,,7,0.534,790.3,0.2557,39,step_limit,0.287,2756.2
194,4,76,1000,648.167,63,,11,0.5637,792.5,0.2448,26,step_limit,0.248,2775.8
195,5,74,1000,267.109,52,,7,0.6442,879.2,0.3607,18,step_limit,0.1981,2796.0
196,6,70,844,734.384,70,844,12,0.6906,1034.9,0.2184,7,complete,0.2047,2812.6
197,4,34,1000,165.205,33,,4,0.5455,733.0,0.4176,67,step_limit,0.2105,2831.8
198,3,33,722,366.409,33,722,6,0.5452,787.9,0.3053,66,complete,0.1878,2845.5
199,6,46,519,437.598,46,519,6,0.5119,809.1,0.2025,9,complete,0.1031,2854.6
200,6,42,525,388.602,42,525,6,0.4467,603.3,0.2673,6,complete,0.1557,2862.3
201,6,51,496,570.117,51,496,8,0.5212,807.3,0.1828,8,complete,0.1098,2940.7
202,5,32,562,232.281,32,562,4,0.7004,1014.8,0.3068,21,complete,0.2394,2949.4
203,5,30,520,208.843,30,520,3,0.6835,1055.1,0.2112,10,complete,0.2136,2957.5
204,6,73,670,836.629,73,670,12,0.6308,913.2,0.1732,11,complete,0.1638,2970.3
205,3,44,1000,446.095,42,,8,0.4837,729.4,0.353,46,step_limit,0.1877,2985.7
206,3,26,648,238.902,26,648,4,0.4846,714.0,0.3321,35,complete,0.1795,2996.2
207,5,40,712,361.506,40,712,7,0.5669,868.8,0.2806,18,complete,0.1908,3007.0
208,6,35,334,353.655,35,334,4,0.6397,893.8,0.0919,1,complete,0.1604,3012.3
209,6,75,572,906.84,75,572,12,0.4304,628.5,0.141,11,complete,0.0965,3021.8
210,6,56,726,494.002,56,726,9,0.5702,930.4,0.2951,11,complete,0.1967,3036.4
211,3,26,716,237.151,26,716,4,0.5093,781.7,0.3172,43,complete,0.2172,3049.5
212,3,58,1000,566.909,51,,9,0.3503,578.1,0.2727,37,step_limit,0.1652,3068.4
213,3,44,1000,311.724,37,,6,0.496,788.5,0.3518,38,step_limit,0.25,3086.5
214,3,56,1000,604.958,53,,9,0.3863,672.1,0.1849,22,step_limit,0.1835,3101.9
215,4,64,1000,600.722,61,,10,0.5058,794.4,0.345,37,step_limit,0.1917,3117.8
216,5,40,706,356.119,40,706,7,0.6433,894.9,0.338,14,complete,0.1953,3129.0
217,6,41,395,461.253,41,395,6,0.4342,621.9,0.1422,4,complete,0.097,3134.9
218,3,31,628,323.7,31,628,5,0.5058,765.3,0.2785,34,complete,0.2271,3145.3
219,4,80,1000,850.342,75,,13,0.4865,889.4,0.2524,18,step_limit,0.2003,3161.5
220,4,53,1000,446.366,50,,8,0.5453,806.1,0.3332,19,step_limit,0.1925,3179.6
221,6,72,513,847.779,72,513,11,0.474,769.2,0.1992,8,complete,0.1167,3190.1
222,3,27,1000,-0.036,21,,3,0.5573,751.4,0.4659,219,step_limit,0.3333,3208.8
223,6,22,172,148.941,22,172,0,0.563,835.5,0.1282,4,complete,0.1494,3212.1
224,4,62,792,700.802,62,792,10,0.5382,782.4,0.2278,20,complete,0.1937,3227.6
225,5,58,734,639.856,58,734,10,0.3801,750.3,0.2325,8,complete,0.1364,3242.1
226,6,37,528,267.559,37,528,4,0.6553,961.4,0.1905,6,complete,0.1642,3252.3
227,3,49,927,583.785,49,927,9,0.4531,784.5,0.2148,59,complete,0.1923,3270.4
228,5,72,879,786.698,72,879,12,0.3995,651.7,0.2646,18,complete,0.112,3287.7
229,3,77,1000,513.051,51,,9,0.4973,763.0,0.2898,48,step_limit,0.2312,3306.9
230,6,53,418,625.867,53,418,8,0.49,655.9,0.0892,8,complete,0.1031,3315.4
231,5,56,1000,426.857,55,,9,0.6698,1068.1,0.3271,26,step_limit,0.2306,3334.4
232,3,28,1000,162.957,27,,4,0.5237,783.1,0.3807,92,step_limit,0.2785,3352.6
233,5,40,614,360.144,40,614,6,0.7036,1035.9,0.232,8,complete,0.2152,3365.0
234,5,29,353,265.25,29,353,3,0.6232,822.5,0.2132,5,complete,0.1167,3371.8
235,6,69,671,713.192,69,671,10,0.5994,865.6,0.2079,6,complete,0.1471,3385.3
236,4,30,703,203.259,30,703,4,0.5683,1050.7,0.3579,41,complete,0.1618,3398.8
237,5,24,417,164.609,24,417,2,0.611,860.9,0.2376,9,complete,0.1652,3406.6
238,5,21,446,127.689,21,446,2,0.6045,874.9,0.1884,8,complete,0.1565,3414.6
239,5,60,1000,426.126,55,,9,0.679,888.6,0.3132,19,step_limit,0.1826,3434.0
240,6,58,618,646.565,58,618,10,0.5963,845.4,0.2158,10,complete,0.1383,3446.2
241,3,26,784,205.148,26,784,4,0.3452,592.0,0.3745,117,complete,0.1461,3461.1
242,4,43,983,375.728,43,983,7,0.6231,939.9,0.3176,31,complete,0.2026,3480.1
243,5,55,629,600.548,55,629,9,0.5825,942.6,0.1776,11,complete,0.1283,3492.4
244,6,48,456,548.406,48,456,8,0.4748,711.4,0.2086,3,complete,0.1119,3501.4
245,6,67,637,761.677,67,637,11,0.5492,916.0,0.1632,2,complete,0.1254,3514.3
246,4,65,1000,678.616,61,,11,0.561,939.0,0.2151,18,step_limit,0.207,3534.3
247,6,49,634,378.516,49,634,6,0.668,874.1,0.2784,11,complete,0.1556,3546.6
248,3,41,1000,274.433,35,,6,0.4627,777.3,0.338,48,step_limit,0.2199,3566.1
249,5,26,246,281.434,26,246,3,0.3569,604.5,0.0651,0,complete,0.1,3570.8
250,5,43,582,420.502,43,582,6,0.5271,784.8,0.131,4,complete,0.1184,3581.8
251,5,71,777,806.727,71,777,11,0.5279,870.8,0.1636,11,complete,0.1311,3667.6
252,3,48,1000,281.891,37,,6,0.493,726.1,0.384,56,step_limit,0.2115,3686.7
253,4,30,453,297.81,30,453,4,0.495,761.1,0.2267,12,complete,0.1384,3695.1
254,5,26,528,168.015,26,528,3,0.6595,867.0,0.2644,17,complete,0.1849,3705.2
255,6,69,676,754.938,69,676,11,0.569,799.0,0.193,7,complete,0.1443,3718.5
256,6,33,772,106.279,33,772,4,0.7155,1024.5,0.3471,6,complete,0.1623,3733.2
257,4,55,1000,454.652,52,,8,0.642,985.3,0.2906,21,step_limit,0.2317,3748.5
258,5,36,692,253.469,36,692,5,0.6908,1082.4,0.3345,19,complete,0.2385,3759.1
259,4,79,1000,951.106,77,,14,0.5238,774.0,0.1821,11,step_limit,0.1648,3775.2
260,3,41,903,482.554,41,903,8,0.4127,693.9,0.1608,29,complete,0.21,3789.1
261,6,21,297,127.051,21,297,1,0.6824,947.1,0.1579,2,complete,0.1912,3793.6
262,3,43,956,390.138,43,956,6,0.4637,768.2,0.3129,66,complete,0.1915,3808.2
263,5,21,384,142.212,21,384,2,0.6172,862.2,0.1866,10,complete,0.1756,3815.1
264,6,50,614,436.332,50,614,6,0.7408,1112.7,0.2482,13,complete,0.1784,3826.9
265,3,35,983,335.704,35,983,6,0.4758,769.8,0.173,21,complete,0.2509,3845.6
266,4,54,1000,533.209,53,,9,0.5847,803.6,0.2916,36,step_limit,0.1939,3865.3
267,5,46,479,527.23,46,479,7,0.4276,678.3,0.1163,10,complete,0.1171,3874.5
268,3,33,873,280.426,33,873,5,0.5323,783.4,0.3136,53,complete,0.2169,3888.5
269,3,42,916,461.833,42,916,8,0.464,777.3,0.2876,35,complete,0.2131,3903.0
270,4,45,1000,361.657,42,,8,0.544,854.9,0.3689,58,step_limit,0.217,3919.0
271,5,37,703,321.404,37,703,5,0.5605,907.1,0.1795,16,complete,0.1481,3929.8
272,3,47,1000,530.06,45,,9,0.4577,716.4,0.2231,36,step_limit,0.1788,3945.5
273,6,76,633,908.274,76,633,13,0.5013,779.9,0.1834,7,complete,0.107,3956.3
274,6,29,474,194.519,29,474,3,0.6821,992.9,0.2238,5,complete,0.1576,3965.4
275,4,78,1000,608.725,65,,10,0.536,777.4,0.2734,26,step_limit,0.2274,3984.1
276,5,49,679,473.883,49,679,7,0.4256,733.4,0.2511,10,complete,0.1326,3997.4
277,3,67,1000,600.387,55,,10,0.4477,710.9,0.2873,72,step_limit,0.2321,4017.0
278,4,30,1000,108.295,29,,4,0.6697,874.9,0.4453,55,step_limit,0.2328,4036.7
279,6,44,434,501.773,44,434,7,0.6198,755.1,0.1428,2,complete,0.1056,4045.3
280,4,32,727,221.717,32,727,4,0.4811,941.3,0.2554,27,complete,0.1923,4059.2
281,4,36,686,372.441,36,686,6,0.4355,769.4,0.1299,23,complete,0.1438,4072.4
282,4,56,964,601.037,56,964,10,0.465,694.1,0.2659,15,complete,0.1767,4090.4
283,4,75,1000,908.293,74,,14,0.4547,720.1,0.2631,43,step_limit,0.1594,4109.2
284,5,21,354,141.923,21,354,2,0.5068,699.4,0.2571,17,complete,0.1244,4116.2
285,6,72,627,814.962,72,627,11,0.5497,808.8,0.1694,7,complete,0.1101,4128.8
286,6,78,500,1001.987,78,500,13,0.4997,748.5,0.0892,2,complete,0.0787,4138.8
287,3,39,900,441.069,39,900,7,0.4559,663.9,0.1858,30,complete,0.2305,4156.8
288,4,39,551,433.352,39,551,6,0.5154,772.6,0.1829,11,complete,0.1162,4167.7
289,3,49,1000,412.111,44,,7,0.5153,787.5,0.3631,65,step_limit,0.1928,4187.2
290,4,29,550,250.236,29,550,3,0.5341,984.1,0.2049,10,complete,0.1822,4198.1
291,5,68,714,796.632,68,714,11,0.5692,774.6,0.142,12,complete,0.1429,4212.2
292,3,69,1000,773.961,64,,11,0.3757,750.8,0.1436,22,step_limit,0.1811,4231.3
293,3,38,1000,273.476,34,,5,0.3607,683.1,0.2015,19,step_limit,0.2049,4250.0
294,5,41,424,424.869,41,424,5,0.6137,918.4,0.1062,10,complete,0.1284,4259.1
295,4,35,535,395.111,35,535,6,0.5505,884.7,0.201,10,complete,0.1875,4269.7
296,6,49,593,503.598,49,593,8,0.5542,785.9,0.2116,10,complete,0.0964,4281.9
297,4,78,1000,800.307,72,,12,0.475,777.0,0.1939,15,step_limit,0.1767,4301.3
298,4,73,1000,708.646,65,,11,0.5172,891.1,0.1954,18,step_limit,0.184,4318.9
299,6,75,657,841.802,75,657,12,0.5358,745.4,0.2224,6,complete,0.1111,4330.2
300,4,39,631,360.615,39,631,5,0.4869,912.0,0.2501,12,complete,0.1473,4340.6
301,3,69,1000,729.937,62,,11,0.452,793.8,0.2644,41,step_limit,0.1763,4431.6
302,6,60,887,538.189,60,887,10,0.6328,933.3,0.2817,16,complete,0.1871,4448.7
303,4,74,1000,618.326,62,,11,0.4293,765.3,0.3873,47,step_limit,0.1621,4468.6
304,4,25,355,281.851,25,355,4,0.4979,698.0,0.1564,11,complete,0.0885,4475.5
305,3,75,1000,768.201,63,,12,0.478,764.1,0.2108,25,step_limit,0.2121,4496.1
306,4,29,443,291.642,29,443,4,0.5553,921.7,0.1978,13,complete,0.1875,4505.2
307,6,29,241,284.235,29,241,3,0.5346,754.9,0.1484,9,complete,0.0815,4510.4
308,6,35,307,400.913,35,307,5,0.4566,548.8,0.0843,2,complete,0.0882,4516.4
309,5,37,495,326.884,37,495,4,0.6343,988.2,0.2207,21,complete,0.1115,4526.6
310,3,74,1000,655.655,59,,10,0.458,706.8,0.2289,30,step_limit,0.2325,4547.5
311,6,42,695,292.324,42,695,6,0.5928,948.8,0.2778,20,complete,0.1667,4561.9
312,6,73,903,726.179,73,903,11,0.7148,1015.0,0.1874,10,complete,0.1873,4579.7
313,4,34,1000,5.43,27,,4,0.605,877.3,0.4087,31,step_limit,0.2874,4595.9
314,3,26,772,207.242,26,772,4,0.5125,787.0,0.3061,37,complete,0.2466,4608.6
315,6,20,238,84.806,20,238,0,0.7199,971.7,0.2557,2,complete,0.125,4612.6
316,5,24,400,137.984,24,400,2,0.422,675.1,0.3335,44,complete,0.125,4619.6
317,6,23,305,179.863,23,305,2,0.6683,944.3,0.1982,12,complete,0.15,4624.9
318,3,45,911,478.972,45,911,7,0.5097,793.9,0.2185,32,complete,0.2326,4641.5
319,6,52,640,548.069,52,640,9,0.6146,1055.9,0.162,5,complete,0.1245,4653.7
320,4,25,361,272.859,25,361,3,0.4238,707.6,0.041,7,complete,0.1429,4660.7
321,3,34,727,336.687,34,727,5,0.5066,788.9,0.3409,39,complete,0.188,4674.6
322,3,33,754,316.826,33,754,5,0.4138,768.6,0.3211,31,complete,0.1523,4691.8
323,3,35,871,363.442,35,871,6,0.5082,740.9,0.231,39,complete,0.2803,4711.5
324,5,70,650,807.901,70,650,10,0.5086,843.0,0.1172,6,complete,0.1314,4725.3
325,3,43,770,497.023,43,770,7,0.4355,721.1,0.1967,25,complete,0.2135,4740.0
326,5,42,835,360.439,42,835,7,0.6831,1071.2,0.2538,7,complete,0.2505,4755.9
327,6,62,531,716.491,62,531,10,0.5678,876.0,0.1884,5,complete,0.0989,4766.5
328,3,53,1000,574.818,51,,9,0.4417,716.9,0.2579,54,step_limit,0.1818,4785.8
329,5,31,333,319.421,31,333,4,0.5874,888.7,0.1717,10,complete,0.1385,4792.3
330,4,65,1000,620.007,61,,10,0.5002,844.7,0.2462,23,step_limit,0.1921,4811.7
331,3,25,883,166.018,25,883,3,0.3382,621.8,0.2403,41,complete,0.1712,4829.6
332,3,79,1000,611.253,59,,9,0.4417,783.4,0.2318,35,step_limit,0.2006,4852.8
333,4,37,798,300.833,37,798,5,0.615,868.3,0.2042,11,complete,0.2284,4871.2
334,3,72,1000,782.246,66,,11,0.3257,660.3,0.1727,22,step_limit,0.1374,4894.5
335,4,23,322,228.336,23,322,3,0.5776,861.4,0.2582,19,complete,0.125,4902.0
336,4,57,1000,509.259,51,,10,0.619,1026.1,0.2974,25,step_limit,0.2054,4925.0
337,4,76,1000,668.783,65,,11,0.584,971.7,0.2776,31,step_limit,0.2152,4947.9
338,3,30,884,247.996,30,884,5,0.5173,786.5,0.3075,40,complete,0.2333,4967.9
339,5,73,713,899.92,73,713,13,0.4003,757.7,0.1993,13,complete,0.1148,4984.8
340,6,34,386,266.917,34,386,3,0.6369,708.4,0.1848,5,complete,0.125,4993.8
341,5,26,662,124.924,26,662,3,0.7311,1065.9,0.2989,11,complete,0.2,5009.1
342,3,46,1000,396.43,40,,7,0.288,577.9,0.2025,29,step_limit,0.1748,5032.1
343,3,50,1000,355.294,40,,7,0.4683,768.2,0.3036,60,step_limit,0.2543,5054.4
344,5,28,343,274.174,28,343,3,0.488,684.2,0.1739,5,complete,0.1478,5062.2
345,5,61,1000,541.885,60,,10,0.5968,951.6,0.2599,25,step_limit,0.1897,5085.5
346,3,29,790,267.135,29,790,5,0.5549,781.5,0.2236,35,complete,0.29,5103.9
347,3,42,1000,409.446,41,,7,0.535,789.1,0.284,29,step_limit,0.2484,5126.4
348,5,53,442,672.153,53,442,9,0.476,679.7,0.132,7,complete,0.0815,5135.7
349,4,62,1000,479.461,52,,9,0.567,898.7,0.2487,19,step_limit,0.25,5154.7
350,4,79,982,964.804,79,982,14,0.46,820.8,0.1895,15,complete,0.1866,5174.0
351,5,65,1000,559.833,61,,10,0.6202,943.0,0.2871,11,step_limit,0.1712,5290.8
352,5,36,459,370.161,36,459,5,0.6453,806.9,0.1591,7,complete,0.1607,5300.6
353,4,62,696,753.109,62,696,10,0.4228,556.0,0.1478,15,complete,0.1167,5315.3
354,5,35,308,378.0,35,308,4,0.4455,732.9,0.1777,9,complete,0.0784,5321.9
355,4,24,345,237.811,24,345,3,0.4101,615.1,0.202,9,complete,0.1333,5329.1
356,5,62,896,595.34,62,896,10,0.6339,1052.5,0.3086,33,complete,0.2017,5348.5
357,3,21,766,138.424,21,766,3,0.4996,788.2,0.3025,48,complete,0.2836,5363.5
358,5,26,292,259.163,26,292,3,0.5192,656.1,0.181,19,complete,0.105,5369.3
359,3,52,1000,474.349,45,,8,0.4207,710.0,0.1782,38,step_limit,0.2127,5389.3
360,6,52,508,598.312,52,508,9,0.6348,926.8,0.1695,3,complete,0.1218,5399.9
361,4,40,794,375.121,40,794,6,0.5047,785.6,0.2426,19,complete,0.1841,5416.1
362,6,52,871,440.486,52,871,9,0.7405,1101.9,0.2632,9,complete,0.2096,5434.9
363,6,64,801,620.04,64,801,10,0.726,1058.7,0.242,18,complete,0.1667,5453.7
364,3,64,1000,601.5,55,,9,0.4337,740.0,0.1984,34,step_limit,0.2094,5476.3
365,5,69,1000,732.595,68,,12,0.4734,922.7,0.1365,10,step_limit,0.2,5499.7
366,6,61,716,580.787,61,716,9,0.5519,766.6,0.3078,9,complete,0.0926,5516.4
367,4,53,835,607.289,53,835,9,0.3503,586.5,0.2172,61,complete,0.0842,5532.5
368,6,73,654,839.729,73,654,12,0.4503,593.9,0.2248,13,complete,0.0756,5545.9
369,5,30,345,313.545,30,345,4,0.4875,702.6,0.1695,8,complete,0.1137,5552.5
370,3,71,1000,773.391,62,,12,0.305,562.1,0.1916,49,step_limit,0.1475,5571.6
371,4,54,1000,513.375,53,,9,0.524,753.1,0.2363,18,step_limit,0.22,5591.3
372,6,80,679,942.161,80,679,13,0.5785,794.2,0.1874,6,complete,0.1093,5604.9
373,3,41,1000,238.676,36,,6,0.5187,678.1,0.5648,380,step_limit,0.221,5624.2
374,3,67,1000,759.176,62,,11,0.4323,739.9,0.172,25,step_limit,0.1667,5647.6
375,4,62,1000,615.998,57,,11,0.5445,823.0,0.2331,17,step_limit,0.2069,5666.8
376,5,72,951,803.419,72,951,13,0.5535,937.1,0.2273,7,complete,0.1575,5685.0
377,6,63,754,631.878,63,754,10,0.6631,1032.0,0.2788,9,complete,0.1362,5699.7
378,5,74,820,893.262,74,820,13,0.4741,670.9,0.1283,10,complete,0.1365,5715.3
379,4,77,1000,883.73,74,,13,0.4913,755.8,0.1834,20,step_limit,0.2023,5734.5
380,4,73,1000,729.057,67,,12,0.38,510.7,0.2831,22,step_limit,0.1182,5754.6
381,5,20,243,186.494,20,243,2,0.3827,597.1,0.1245,4,complete,0.0971,5760.0
382,3,75,1000,710.621,60,,11,0.46,715.4,0.1914,31,step_limit,0.1893,5783.3
383,4,52,993,528.267,52,993,8,0.5254,828.2,0.1622,17,complete,0.1958,5805.9
384,3,77,1000,809.099,66,,12,0.3687,623.2,0.1877,36,step_limit,0.1667,5828.7
385,3,62,1000,570.711,51,,10,0.5037,753.5,0.3114,42,step_limit,0.1982,5852.0
386,4,80,1000,577.575,59,,10,0.5727,937.6,0.191,31,step_limit,0.2601,5875.3
387,4,31,349,339.065,31,349,4,0.4506,703.4,0.2188,11,complete,0.0566,5883.5
388,4,33,610,331.934,33,610,5,0.552,900.3,0.1923,12,complete,0.1719,5897.7
389,5,72,1000,725.672,70,,12,0.616,926.2,0.2346,14,step_limit,0.1701,5921.4
390,5,71,784,849.861,71,784,12,0.4676,743.6,0.1658,11,complete,0.1283,5939.8
391,5,50,612,496.648,50,612,8,0.5363,655.6,0.2998,26,complete,0.1,5954.8
392,6,71,515,937.851,71,515,13,0.523,802.4,0.1139,4,complete,0.105,5967.5
393,6,21,266,125.208,21,266,1,0.7337,945.7,0.2081,7,complete,0.1618,5973.9
394,6,60,963,558.071,60,963,11,0.6642,934.9,0.2379,15,complete,0.207,5996.6
395,5,55,534,649.191,55,534,9,0.4633,647.2,0.1271,13,complete,0.1,6009.0
396,5,71,582,914.316,71,582,12,0.3869,628.6,0.1064,9,complete,0.0935,6023.2
397,4,36,1000,295.554,35,,6,0.44,803.1,0.2274,37,step_limit,0.1478,6043.1
398,4,52,737,564.332,52,737,8,0.4186,676.4,0.2015,23,complete,0.1057,6057.3
399,3,46,1000,381.607,39,,7,0.32,658.8,0.2336,25,step_limit,0.2083,6075.9
400,4,34,493,317.111,34,493,4,0.5091,783.0,0.1888,11,complete,0.2227,6085.4
401,3,38,1000,196.489,28,,5,0.332,753.3,0.1951,32,step_limit,0.2171,6201.1
402,5,36,660,328.395,36,660,6,0.6655,1001.6,0.292,7,complete,0.168,6216.6
403,4,73,973,848.01,73,973,12,0.5139,799.9,0.223,15,complete,0.1465,6239.9
404,5,70,928,766.775,70,928,12,0.6405,1031.5,0.1739,12,complete,0.1805,6261.2
405,3,25,828,175.001,25,828,3,0.5213,772.4,0.2981,33,complete,0.2393,6279.7
406,6,58,730,619.209,58,730,10,0.6685,913.0,0.2543,6,complete,0.1601,6296.9
407,5,70,703,795.475,70,703,11,0.5772,841.4,0.2622,10,complete,0.0964,6313.7
408,4,40,458,469.443,40,458,6,0.4285,666.0,0.1122,11,complete,0.1066,6324.7
409,3,30,566,331.532,30,566,5,0.4741,767.7,0.2775,34,complete,0.1795,6337.6
410,3,63,1000,586.369,55,,9,0.3573,636.3,0.2937,56,step_limit,0.1636,6360.1
411,3,48,893,560.079,48,893,8,0.4808,767.4,0.1124,22,complete,0.198,6380.1
412,5,34,403,324.61,34,403,4,0.6352,818.7,0.2057,6,complete,0.1091,6389.5
413,4,22,516,177.807,22,516,3,0.5635,807.1,0.1805,19,complete,0.2123,6401.2
414,3,51,1000,408.811,43,,7,0.4787,726.4,0.2911,89,step_limit,0.2131,6423.4
415,6,45,539,447.087,45,539,7,0.6113,1037.7,0.1949,8,complete,0.1127,6436.0
416,4,60,1000,485.155,51,,9,0.5473,844.3,0.1998,16,step_limit,0.2299,6459.0
417,3,43,904,429.369,43,904,6,0.4959,783.2,0.2335,38,complete,0.2401,6479.6
418,5,75,994,809.729,75,994,13,0.637,897.2,0.2604,12,complete,0.1955,6502.7
419,6,60,654,586.561,60,654,9,0.6335,863.3,0.2436,11,complete,0.1173,6518.5
420,3,22,940,102.531,22,940,3,0.5142,801.9,0.2612,40,complete,0.2763,6536.2
421,5,40,943,244.097,40,943,6,0.7111,1014.9,0.3264,36,complete,0.2126,6554.1
422,6,52,639,513.19,52,639,8,0.5378,838.6,0.2427,15,complete,0.1298,6566.5
423,4,29,396,316.307,29,396,4,0.5,744.4,0.1671,10,complete,0.125,6574.3
424,4,29,409,347.392,29,409,5,0.4059,648.1,0.0927,11,complete,0.1346,6582.1
425,3,80,1000,751.084,66,,11,0.465,696.7,0.2876,46,step_limit,0.1995,6601.1
426,5,78,832,943.914,78,832,14,0.5127,664.6,0.2192,16,complete,0.08,6617.3
427,4,46,778,436.481,46,778,7,0.5688,838.5,0.2959,33,complete,0.1742,6631.2
428,5,72,673,873.753,72,673,12,0.5435,900.5,0.2175,6,complete,0.1084,6645.1
429,4,72,1000,789.38,71,,12,0.592,1003.0,0.2395,28,step_limit,0.216,6662.8
430,3,78,1000,712.393,61,,11,0.3557,696.0,0.193,29,step_limit,0.184,6679.6
431,4,23,485,142.702,23,485,2,0.6351,913.9,0.3318,23,complete,0.195,6687.0
432,6,41,400,418.113,41,400,5,0.4542,615.4,0.1366,5,complete,0.0753,6693.6
433,3,66,1000,417.266,46,,7,0.2963,682.5,0.2264,36,step_limit,0.1832,6709.5
434,5,62,618,728.796,62,618,10,0.6197,873.9,0.14,5,complete,0.1367,6719.2
435,3,32,1000,197.222,29,,5,0.5693,771.8,0.4473,104,step_limit,0.2375,6735.0
436,6,65,524,754.797,65,524,10,0.4784,740.3,0.1758,7,complete,0.0911,6745.6
437,5,61,607,693.703,61,607,10,0.5058,679.2,0.3101,56,complete,0.0884,6758.2
438,3,37,975,364.284,37,975,6,0.465,769.4,0.2225,36,complete,0.1667,6777.3
439,5,49,733,462.506,49,733,7,0.6477,1009.2,0.1838,10,complete,0.1833,6792.0
440,4,42,592,474.593,42,592,7,0.5372,887.7,0.2648,38,complete,0.1588,6804.1
441,3,54,1000,308.28,40,,7,0.3897,594.6,0.3962,57,step_limit,0.2067,6822.8
442,6,41,357,389.014,41,357,4,0.5495,703.2,0.154,10,complete,0.0667,6830.0
443,4,61,1000,584.474,58,,9,0.5815,889.4,0.2272,10,step_limit,0.1987,6848.7
444,4,55,884,591.03,55,884,9,0.5042,851.3,0.2261,10,complete,0.1538,6865.3
445,3,49,868,564.548,49,868,8,0.4236,746.1,0.1664,18,complete,0.1414,6880.3
446,6,72,450,892.111,72,450,11,0.5737,869.3,0.1077,6,complete,0.0799,6888.1
447,6,40,398,403.981,40,398,6,0.6579,807.8,0.1906,4,complete,0.1179,6894.8
448,4,71,1000,370.598,52,,7,0.5783,867.2,0.2993,50,step_limit,0.2188,6910.4
449,5,26,554,126.896,26,554,3,0.6318,869.5,0.453,80,complete,0.1444,6919.1
450,3,56,1000,475.57,46,,8,0.5047,726.0,0.2543,32,step_limit,0.243,6934.9
451,6,51,514,606.692,51,514,9,0.6488,1067.7,0.1156,3,complete,0.1561,7016.0
452,3,34,568,410.135,34,568,6,0.3721,717.5,0.2635,27,complete,0.1094,7026.7
453,5,47,514,559.31,47,514,8,0.556,768.6,0.1326,8,complete,0.1316,7036.6
454,6,70,716,786.818,70,716,12,0.6499,904.6,0.1823,3,complete,0.1409,7050.5
455,5,44,508,458.553,44,508,6,0.6374,883.5,0.1707,4,complete,0.1528,7060.2
456,6,49,402,553.689,49,402,7,0.4996,697.2,0.1112,6,complete,0.0892,7069.0
457,6,56,484,652.795,56,484,9,0.5558,751.3,0.1585,4,complete,0.1111,7080.5
458,6,42,780,290.509,42,780,7,0.6511,899.1,0.3021,5,complete,0.1502,7096.8
459,3,45,1000,478.029,43,,8,0.3127,509.6,0.1724,24,step_limit,0.1306,7115.8
460,5,73,904,818.469,73,904,12,0.5445,898.7,0.2333,29,complete,0.1453,7133.5
461,3,30,873,275.162,30,873,5,0.5567,793.5,0.2916,34,complete,0.2805,7150.4
462,4,64,745,784.016,64,745,11,0.5205,812.6,0.1806,16,complete,0.1496,7165.6
463,4,63,1000,592.685,58,,10,0.5443,838.1,0.2298,20,step_limit,0.2306,7184.1
464,3,68,1000,733.102,60,,11,0.409,663.9,0.1447,20,step_limit,0.1695,7203.5
465,6,63,570,721.207,63,570,10,0.6079,917.5,0.1834,6,complete,0.1089,7215.1
466,5,65,1000,651.085,64,,11,0.5352,836.7,0.2408,13,step_limit,0.1463,7234.2
467,5,57,697,623.469,57,697,9,0.5664,810.0,0.2071,15,complete,0.087,7247.5
468,3,35,761,367.866,35,761,6,0.5094,786.9,0.3285,53,complete,0.1867,7261.3
469,4,46,1000,175.401,37,,5,0.6558,1043.2,0.3088,28,step_limit,0.3118,7279.9
470,6,53,677,536.82,53,677,8,0.6484,963.0,0.2062,5,complete,0.1337,7292.7
471,6,45,424,469.094,45,424,6,0.6203,871.2,0.1355,5,complete,0.1279,7301.0
472,4,53,1000,472.235,50,,8,0.617,998.0,0.2983,41,step_limit,0.2328,7319.5
473,5,71,854,840.788,71,854,13,0.5368,797.3,0.1682,14,complete,0.177,7335.7
474,5,25,509,208.267,25,509,4,0.6193,992.4,0.2559,15,complete,0.163,7345.3
475,5,40,691,335.516,40,691,5,0.5641,818.2,0.1589,9,complete,0.1659,7358.7
476,3,33,695,333.223,33,695,5,0.458,756.3,0.2268,74,complete,0.2146,7371.1
477,3,21,794,143.386,21,794,3,0.3669,718.6,0.2423,34,complete,0.2415,7386.2
478,5,22,407,175.784,22,407,3,0.4747,822.0,0.2168,12,complete,0.1375,7393.8
479,6,41,740,286.192,41,740,6,0.7597,1170.3,0.3065,6,complete,0.2373,7408.0
480,4,57,904,628.232,57,904,9,0.4699,764.8,0.1642,12,complete,0.1364,7425.7
481,3,66,1000,585.452,55,,9,0.4007,788.7,0.2313,34,step_limit,0.2569,7443.7
482,5,76,1000,788.943,73,,14,0.5854,875.6,0.3353,15,step_limit,0.1426,7460.8
483,4,28,758,191.492,28,758,4,0.5429,855.3,0.2955,21,complete,0.169,7472.1
484,6,35,271,406.51,35,271,5,0.5086,700.3,0.1223,4,complete,0.0851,7476.0
485,6,44,434,461.022,44,434,6,0.6855,1063.3,0.1693,7,complete,0.1256,7482.3
486,6,75,633,879.609,75,633,12,0.4758,613.2,0.2481,17,complete,0.0644,7491.9
487,4,75,964,915.948,75,964,14,0.4238,701.6,0.2204,16,complete,0.1489,7507.5
488,5,60,930,603.524,60,930,10,0.5978,1023.5,0.2345,11,complete,0.1841,7522.8
489,4,80,1000,857.952,73,,13,0.444,745.3,0.2473,39,step_limit,0.1012,7539.9
490,3,30,873,208.78,30,873,4,0.3444,659.7,0.2921,44,complete,0.1603,7555.0
491,4,59,1000,610.671,58,,10,0.5497,922.5,0.251,17,step_limit,0.219,7574.3
492,3,74,1000,669.708,59,,10,0.4637,776.2,0.1689,21,step_limit,0.2222,7593.1
493,3,47,1000,438.909,45,,7,0.5373,754.1,0.324,73,step_limit,0.1873,7611.7
494,4,52,957,542.088,52,957,9,0.5473,816.8,0.287,40,complete,0.1772,7629.3
495,4,54,896,542.281,54,896,8,0.5938,856.4,0.2377,11,complete,0.2454,7646.6
496,6,56,581,608.897,56,581,9,0.6368,888.6,0.197,6,complete,0.1087,7657.1
497,6,73,1000,533.831,69,,10,0.6277,1009.0,0.2921,18,step_limit,0.1972,7674.3
498,4,22,342,156.375,22,342,1,0.4401,752.4,0.2683,29,complete,0.1419,7679.9
499,6,55,699,496.164,55,699,8,0.6652,884.2,0.2402,3,complete,0.1633,7692.0
500,3,55,1000,558.413,50,,9,0.4793,780.8,0.2019,27,step_limit,0.2615,7708.1
501,6,25,214,182.543,25,214,0,0.4276,679.4,0.0479,0,complete,0.0538,7791.9
502,3,53,1000,464.452,45,,8,0.516,774.6,0.2361,38,step_limit,0.2921,7811.7
503,5,73,637,893.892,73,637,12,0.5711,822.7,0.123,8,complete,0.1477,7824.4
504,3,60,1000,663.911,56,,10,0.4517,765.9,0.1873,27,step_limit,0.2241,7843.6
505,4,72,1000,679.773,64,,11,0.5527,905.9,0.2444,19,step_limit,0.1875,7862.9
506,4,76,1000,725.898,67,,11,0.5292,929.1,0.2137,16,step_limit,0.2035,7882.3
507,6,79,701,959.726,79,701,14,0.5026,823.6,0.1887,9,complete,0.1158,7896.4
508,6,38,436,396.559,38,436,6,0.6349,913.5,0.1787,10,complete,0.1465,7905.2
509,4,52,578,609.584,52,578,8,0.4684,725.5,0.1754,25,complete,0.1063,7917.0
510,4,42,769,433.343,42,769,7,0.4766,733.2,0.1796,17,complete,0.1163,7932.4
511,4,21,590,105.761,21,590,2,0.5924,827.0,0.2265,8,complete,0.2,7943.1
512,4,23,1000,-60.532,21,,2,0.6825,1063.2,0.4761,76,step_limit,0.266,7961.4
513,3,66,1000,758.037,61,,11,0.4133,667.3,0.1445,20,step_limit,0.151,7980.1
514,4,38,1000,192.516,35,,5,0.5893,897.6,0.3733,22,step_limit,0.2686,7999.5
515,5,23,398,173.861,23,398,3,0.6819,884.5,0.2549,16,complete,0.1364,8007.3
516,5,34,429,310.401,34,429,4,0.6023,867.4,0.1912,7,complete,0.1357,8016.0
517,4,73,1000,757.488,67,,12,0.5657,865.1,0.2033,25,step_limit,0.2143,8036.2
518,5,43,423,515.643,43,423,7,0.5314,773.4,0.0954,10,complete,0.1182,8044.8
519,4,65,1000,608.244,57,,11,0.5793,910.0,0.2401,26,step_limit,0.1988,8064.0
520,5,55,893,512.07,55,893,9,0.6105,913.4,0.2887,21,complete,0.1638,8081.1
521,4,62,1000,594.753,57,,10,0.5242,786.2,0.2982,20,step_limit,0.1674,8099.9
522,6,37,477,346.813,37,477,5,0.5926,852.6,0.1226,2,complete,0.1481,8109.1
523,6,66,468,783.915,66,468,10,0.5491,769.2,0.1192,3,complete,0.1182,8118.2
524,4,57,719,689.257,57,719,10,0.4385,680.7,0.1709,11,complete,0.1263,8132.4
525,4,39,641,406.063,39,641,6,0.392,596.2,0.1526,10,complete,0.1204,8144.2
526,5,73,741,808.583,73,741,11,0.5692,805.2,0.216,23,complete,0.1322,8158.0
527,6,58,480,684.882,58,480,9,0.5424,811.1,0.0879,3,complete,0.1157,8167.2
528,5,46,548,556.651,46,548,8,0.5431,683.3,0.1191,7,complete,0.1342,8177.7
529,6,20,256,96.998,20,256,0,0.5514,741.5,0.2327,3,complete,0.1237,8182.6
530,6,72,664,796.267,72,664,11,0.6637,893.6,0.2107,7,complete,0.1411,8196.1
531,3,21,425,209.156,21,425,3,0.5271,785.9,0.244,18,complete,0.1318,8204.6
532,5,32,643,295.669,32,643,6,0.6868,925.7,0.2518,10,complete,0.2189,8217.3
533,4,79,994,960.439,79,994,14,0.5458,825.1,0.199,20,complete,0.1857,8236.9
534,6,56,545,611.712,56,545,9,0.6618,961.3,0.2434,9,complete,0.0972,8248.3
535,3,68,1000,688.849,60,,10,0.4747,788.4,0.2097,37,step_limit,0.2333,8267.5
536,5,57,1000,487.832,56,,9,0.6806,1052.0,0.308,30,step_limit,0.1966,8287.3
537,4,49,1000,415.997,48,,8,0.5727,950.1,0.3426,54,step_limit,0.1958,8307.2
538,4,38,1000,253.747,37,,6,0.5783,970.3,0.3065,16,step_limit,0.281,8327.4
539,5,79,1000,886.336,77,,15,0.5774,804.7,0.275,44,step_limit,0.1712,8344.2
540,6,70,574,859.651,70,574,12,0.4826,756.3,0.1145,6,complete,0.1106,8352.3
541,5,77,820,942.868,77,820,14,0.5195,725.2,0.1381,10,complete,0.1355,8363.3
542,5,53,694,563.073,53,694,9,0.572,945.1,0.2114,9,complete,0.1319,8373.0
543,3,49,1000,469.243,45,,8,0.4857,749.5,0.2697,38,step_limit,0.236,8385.5
544,6,68,578,798.073,68,578,11,0.5989,929.6,0.1505,7,complete,0.1133,8393.6
545,6,56,658,582.762,56,658,9,0.6682,900.7,0.1987,5,complete,0.1649,8402.5
546,6,75,634,863.529,75,634,11,0.505,756.4,0.1046,10,complete,0.0755,8410.3
547,4,71,1000,564.82,60,,10,0.561,838.7,0.3797,48,step_limit,0.1974,8425.0
548,4,80,1000,907.494,75,,14,0.435,747.5,0.2074,21,step_limit,0.1624,8442.2
549,5,38,537,311.865,38,537,4,0.5959,838.6,0.2691,28,complete,0.12,8451.5
550,5,49,709,503.743,49,709,8,0.5075,695.7,0.2516,10,complete,0.0955,8464.8
551,3,56,1000,525.661,50,,9,0.4047,746.3,0.3248,71,step_limit,0.174,8566.6
552,6,27,461,187.372,27,461,3,0.6956,1074.0,0.2498,3,complete,0.203,8575.5
553,3,46,853,510.466,46,853,7,0.4177,765.5,0.2063,18,complete,0.1597,8591.9
554,5,72,810,798.524,72,810,12,0.463,790.3,0.3353,13,complete,0.1049,8607.6
555,3,68,1000,552.084,51,,10,0.4873,791.8,0.2684,65,step_limit,0.2336,8627.0
556,4,30,586,288.548,30,586,5,0.5137,799.0,0.2125,17,complete,0.192,8638.6
557,4,46,503,521.227,46,503,6,0.4896,716.6,0.1699,15,complete,0.1196,8648.3
558,5,66,1000,537.404,59,,10,0.6694,954.2,0.2294,9,step_limit,0.1965,8668.0
559,6,78,730,889.405,78,730,13,0.6194,941.8,0.2074,9,complete,0.144,8682.6
560,3,22,393,243.857,22,393,3,0.4334,696.3,0.115,19,complete,0.2101,8689.9
561,4,29,533,308.803,29,533,5,0.3907,669.3,0.1677,18,complete,0.1096,8700.3
562,5,71,645,936.498,71,645,13,0.4549,678.2,0.0452,3,complete,0.0789,8713.4
563,6,61,693,615.998,61,693,9,0.7032,1012.1,0.2301,7,complete,0.1259,8727.0
564,6,44,331,465.154,44,331,5,0.5383,710.3,0.1581,3,complete,0.0667,8733.8
565,6,21,249,98.459,21,249,0,0.6847,850.3,0.2579,7,complete,0.1667,8738.7
566,5,23,302,201.071,23,302,2,0.3954,706.7,0.1387,5,complete,0.0744,8744.5
567,6,57,436,665.437,57,436,8,0.5038,581.7,0.0913,2,complete,0.0736,8753.0
568,6,23,209,134.508,23,209,0,0.6754,1092.9,0.1659,2,complete,0.1759,8757.3
569,5,79,1000,760.677,71,,13,0.578,910.4,0.1669,11,step_limit,0.2086,8776.4
570,5,70,721,831.987,70,721,12,0.58,843.8,0.2257,19,complete,0.1009,8790.8
571,6,78,682,912.445,78,682,13,0.4179,590.7,0.1984,9,complete,0.0725,8804.4
572,5,70,809,863.981,70,809,13,0.5857,885.8,0.1588,6,complete,0.159,8820.1
573,3,77,1000,821.118,66,,12,0.465,720.1,0.1374,17,step_limit,0.2267,8839.2
574,5,34,418,345.593,34,418,5,0.6483,820.8,0.2447,8,complete,0.1418,8847.1
575,3,21,501,212.741,21,501,3,0.4451,666.6,0.1399,16,complete,0.1569,8856.5
576,4,39,604,470.584,39,604,7,0.4859,786.6,0.1945,24,complete,0.1186,8868.2
577,6,53,595,560.567,53,595,8,0.6112,872.0,0.1955,9,complete,0.1235,8879.7
578,5,29,282,300.433,29,282,3,0.5638,734.7,0.1001,8,complete,0.0818,8884.9
579,4,67,1000,721.776,65,,11,0.5627,915.1,0.2404,25,step_limit,0.184,8903.7
580,5,39,950,243.021,39,950,6,0.6716,1086.4,0.2935,29,complete,0.2213,8922.5
581,4,25,593,180.136,25,593,3,0.5776,919.1,0.2136,15,complete,0.149,8934.3
582,3,27,696,240.393,27,696,4,0.4492,707.6,0.2707,35,complete,0.1836,8947.9
583,3,67,1000,551.449,52,,9,0.442,736.5,0.2789,35,step_limit,0.2733,8967.4
584,5,70,854,768.201,70,854,12,0.5787,843.9,0.2269,6,complete,0.1705,8984.3
585,3,50,1000,519.406,49,,8,0.4653,762.1,0.2864,59,step_limit,0.1699,9003.4
586,3,55,1000,545.709,50,,9,0.5,762.7,0.1969,19,step_limit,0.2254,9022.9
587,6,46,641,438.104,46,641,8,0.5933,845.3,0.2466,10,complete,0.1157,9035.7
588,3,39,834,383.871,39,834,6,0.4636,790.2,0.3077,44,complete,0.2037,9051.6
589,6,48,646,440.546,48,646,7,0.614,1011.2,0.1904,3,complete,0.1437,9064.0
590,4,55,606,674.965,55,606,9,0.474,733.0,0.139,10,complete,0.1193,9075.5
591,3,70,1000,605.081,54,,10,0.4373,694.1,0.2253,35,step_limit,0.203,9094.4
592,3,45,1000,307.622,39,,6,0.4683,762.7,0.3574,60,step_limit,0.244,9110.7
593,4,27,403,290.18,27,403,4,0.3933,559.9,0.1229,8,complete,0.1071,9117.2
594,4,77,1000,550.637,58,,10,0.572,896.7,0.2021,29,step_limit,0.2314,9133.6
595,5,64,794,675.675,64,794,10,0.6043,927.2,0.2323,9,complete,0.1571,9146.9
596,3,66,1000,589.835,53,,9,0.3903,712.8,0.1224,15,step_limit,0.2413,9162.1
597,5,31,704,160.234,31,704,4,0.6787,978.2,0.3313,10,complete,0.1565,9172.5
598,5,64,920,692.903,64,920,12,0.6033,973.7,0.2509,10,complete,0.2081,9187.8
599,3,39,1000,341.737,37,,6,0.5377,797.7,0.2494,20,step_limit,0.2381,9203.8
600,6,80,708,944.741,80,708,14,0.5473,848.3,0.2151,7,complete,0.1295,9216.3
601,4,28,559,256.108,28,559,4,0.5769,960.9,0.2074,10,complete,0.1762,9296.8
602,4,78,1000,919.795,75,,14,0.3807,727.8,0.1907,13,step_limit,0.1691,9316.4
603,4,64,1000,546.644,57,,9,0.598,894.3,0.2601,17,step_limit,0.2301,9335.5
604,5,68,882,751.872,68,882,11,0.5642,800.9,0.1807,10,complete,0.1465,9352.4
605,5,55,1000,403.814,52,,8,0.6538,1065.4,0.3179,11,step_limit,0.1722,9371.5
606,6,69,595,844.011,69,595,12,0.4599,729.9,0.1605,11,complete,0.0922,9382.8
607,3,31,1000,184.093,30,,4,0.5187,799.5,0.3088,81,step_limit,0.2097,9402.1
608,4,59,1000,553.762,56,,9,0.5687,897.6,0.2121,26,step_limit,0.2392,9421.5
609,5,56,894,546.108,56,894,9,0.6781,1009.1,0.252,8,complete,0.1654,9438.1
610,4,59,1000,579.505,58,,10,0.5873,840.7,0.3379,135,step_limit,0.2146,9457.2
611,3,21,840,146.27,21,840,3,0.4262,743.2,0.2584,46,complete,0.2146,9473.5
612,4,27,801,157.027,27,801,3,0.4401,754.0,0.2024,15,complete,0.1214,9488.7
613,4,80,1000,718.876,67,,12,0.3947,617.1,0.2759,42,step_limit,0.1777,9508.5
614,4,54,1000,464.642,50,,8,0.4597,764.5,0.1907,11,step_limit,0.1667,9528.2
615,3,56,1000,515.668,49,,8,0.2697,560.9,0.2242,33,step_limit,0.141,9547.2
616,6,71,1000,548.781,66,,11,0.7308,1091.5,0.2517,10,step_limit,0.1567,9567.6
617,4,67,1000,628.047,60,,10,0.4338,732.4,0.178,20,step_limit,0.1612,9587.9
618,4,52,778,593.415,52,778,9,0.5607,882.2,0.2056,11,complete,0.1856,9603.2
619,5,54,688,600.559,54,688,9,0.4142,707.2,0.1793,7,complete,0.0958,9617.0
620,5,66,1000,692.253,65,,11,0.5664,857.4,0.1858,26,step_limit,0.1328,9636.5
621,3,46,1000,327.867,37,,6,0.3057,634.1,0.2542,64,step_limit,0.1232,9655.6
622,4,28,907,141.691,28,907,4,0.6538,1000.7,0.3434,69,complete,0.2147,9673.5
623,6,44,473,489.668,44,473,7,0.5366,739.5,0.0973,3,complete,0.1201,9683.2
624,3,42,898,474.0,42,898,7,0.3215,614.3,0.1526,52,complete,0.1833,9700.9
625,4,37,847,307.095,37,847,5,0.4596,767.1,0.2211,15,complete,0.1868,9717.4
626,4,68,1000,738.766,66,,11,0.55,826.8,0.1909,13,step_limit,0.1742,9736.9
627,6,27,224,260.477,27,224,2,0.5193,806.3,0.0762,2,complete,0.0901,9741.5
628,6,38,432,422.698,38,432,6,0.3927,582.5,0.1329,10,complete,0.0929,9750.0
629,5,57,498,679.751,57,498,9,0.5526,743.2,0.2038,11,complete,0.095,9760.1
630,3,73,1000,687.214,60,,10,0.4613,735.7,0.2216,39,step_limit,0.1803,9779.9
631,4,58,1000,422.76,48,,8,0.6145,951.3,0.2536,15,step_limit,0.2288,9799.8
632,6,36,398,384.898,36,398,5,0.5281,630.0,0.0937,2,complete,0.0904,9807.9
633,3,46,1000,434.44,41,,8,0.4863,714.2,0.1939,29,step_limit,0.2427,9827.7
634,4,25,335,299.167,25,335,4,0.359,680.9,0.1078,5,complete,0.1111,9834.5
635,4,39,524,428.446,39,524,6,0.5463,919.6,0.2138,15,complete,0.1304,9845.0
636,6,28,296,243.924,28,296,2,0.4358,695.9,0.0935,1,complete,0.1083,9850.9
637,6,39,413,376.165,39,413,5,0.6493,745.2,0.2386,11,complete,0.1061,9859.3
638,4,46,1000,170.197,37,,5,0.527,826.4,0.3049,84,step_limit,0.1895,9877.2
639,6,21,208,159.023,21,208,1,0.6362,882.4,0.0813,4,complete,0.099,9880.9
640,3,55,1000,475.033,47,,8,0.5173,781.1,0.2568,68,step_limit,0.2762,9897.1
641,4,74,1000,672.655,63,,11,0.5695,853.8,0.2169,22,step_limit,0.1886,9913.0
642,4,24,577,183.759,24,577,3,0.5568,958.3,0.2335,14,complete,0.1562,9922.0
643,5,57,837,572.194,57,837,9,0.5799,918.1,0.1999,9,complete,0.1924,9935.8
644,4,45,1000,394.182,44,,7,0.5757,952.2,0.2331,35,step_limit,0.1979,9952.5
645,3,48,955,548.431,48,955,8,0.466,767.8,0.1792,32,complete,0.195,9970.6
646,4,25,493,183.651,25,493,3,0.6324,934.3,0.3325,25,complete,0.1915,9978.4
647,4,26,456,220.408,26,456,3,0.5855,894.7,0.3316,21,complete,0.199,9985.8
648,4,48,770,522.204,48,770,7,0.5081,709.9,0.1404,9,complete,0.1447,9998.6
649,6,69,698,792.995,69,698,12,0.6074,916.5,0.1783,11,complete,0.1156,10010.8
650,4,64,1000,606.35,60,,10,0.5048,779.1,0.2827,13,step_limit,0.1529,10027.6
651,5,77,1000,712.502,71,,12,0.6596,932.1,0.2158,21,step_limit,0.1905,10124.7
652,4,32,978,202.736,32,978,4,0.6173,988.2,0.294,20,complete,0.2297,10144.4
653,4,77,1000,783.665,71,,12,0.4908,824.1,0.2526,23,step_limit,0.1654,10162.2
654,6,21,314,163.254,21,314,2,0.6428,942.4,0.1004,1,complete,0.1709,10167.5
655,4,28,502,264.363,28,502,4,0.3904,761.1,0.1673,15,complete,0.1019,10175.6
656,4,50,1000,386.924,45,,7,0.542,858.4,0.2816,36,step_limit,0.181,10192.0
657,5,62,785,653.733,62,785,9,0.4125,763.0,0.1953,11,complete,0.1143,10207.7
658,3,50,1000,533.251,48,,8,0.48,787.2,0.1734,22,step_limit,0.2033,10227.1
659,5,39,388,414.462,39,388,5,0.482,690.3,0.1916,10,complete,0.078,10234.6
660,5,65,1000,565.719,61,,9,0.451,669.0,0.2182,12,step_limit,0.1301,10254.3
661,6,20,211,125.497,20,211,0,0.4455,628.8,0.0764,2,complete,0.1111,10258.5
662,6,46,515,491.255,46,515,7,0.6369,818.3,0.1703,9,complete,0.1014,10268.5
663,4,78,1000,793.188,70,,12,0.4338,738.8,0.1724,15,step_limit,0.1565,10287.7
664,4,28,763,178.494,28,763,4,0.6173,877.3,0.3473,46,complete,0.1985,10302.4
665,3,25,716,172.301,25,716,3,0.5265,769.1,0.2623,29,complete,0.2923,10316.0
666,5,74,905,850.358,74,905,13,0.5543,823.0,0.2141,9,complete,0.1554,10333.3
667,4,50,726,545.805,50,726,8,0.5169,839.7,0.2203,16,complete,0.1562,10347.4
668,6,80,747,949.821,80,747,14,0.5957,841.2,0.1662,6,complete,0.1253,10362.1
669,5,53,662,568.764,53,662,8,0.4961,717.1,0.1388,12,complete,0.1284,10374.9
670,3,68,1000,632.467,56,,10,0.4653,769.6,0.2138,32,step_limit,0.1931,10393.8
671,3,60,1000,466.299,46,,8,0.4553,755.5,0.2234,20,step_limit,0.2083,10413.1
672,3,50,1000,486.881,45,,8,0.4213,743.7,0.2321,61,step_limit,0.2059,10432.3
673,6,54,635,559.588,54,635,9,0.6501,905.6,0.1919,5,complete,0.1386,10445.0
674,6,73,580,856.928,73,580,11,0.5138,814.5,0.1336,5,complete,0.066,10457.3
675,4,74,1000,866.798,71,,13,0.365,574.8,0.1841,20,step_limit,0.1021,10477.1
676,4,46,822,451.528,46,822,7,0.5535,899.5,0.165,15,complete,0.1559,10493.2
677,3,79,1000,824.616,67,,12,0.4717,792.6,0.1668,20,step_limit,0.1894,10512.5
678,5,41,667,346.186,41,667,6,0.6717,1009.0,0.278,10,complete,0.1728,10525.4
679,5,58,852,603.49,58,852,10,0.5789,917.3,0.1975,8,complete,0.1486,10541.5
680,3,31,716,284.502,31,716,4,0.3198,664.3,0.2061,21,complete,0.1737,10555.2
681,6,65,850,672.866,65,850,11,0.6771,915.5,0.2131,16,complete,0.1496,10572.4
682,4,72,1000,743.436,67,,11,0.5597,790.9,0.1765,13,step_limit,0.1935,10592.0
683,6,52,656,492.267,52,656,8,0.6519,955.1,0.197,9,complete,0.1756,10604.9
684,3,40,1000,331.596,37,,6,0.5347,791.4,0.2813,53,step_limit,0.214,10623.3
685,4,74,1000,731.121,66,,12,0.5577,836.9,0.2804,32,step_limit,0.189,10642.9
686,6,58,436,686.848,58,436,9,0.6028,735.9,0.1744,3,complete,0.1325,10651.8
687,4,46,1000,380.461,44,,7,0.622,940.0,0.2087,11,step_limit,0.2721,10668.7
688,6,33,343,280.907,33,343,3,0.5564,680.7,0.2069,5,complete,0.1,10674.4
689,5,80,1000,885.709,78,,14,0.591,839.7,0.1706,11,step_limit,0.1608,10691.5
690,3,26,814,235.501,26,814,4,0.3088,706.4,0.1743,23,complete,0.1691,10704.6
691,4,40,669,401.734,40,669,6,0.4907,711.4,0.2029,12,complete,0.1481,10715.8
692,3,49,745,572.075,49,745,8,0.4743,703.7,0.2227,26,complete,0.1386,10728.2
693,5,56,771,610.27,56,771,10,0.6166,914.2,0.2099,9,complete,0.165,10742.7
694,4,69,827,833.763,69,827,12,0.4287,743.9,0.197,21,complete,0.113,10758.7
695,5,32,374,379.95,32,374,5,0.5326,797.9,0.057,6,complete,0.1059,10766.0
696,4,48,785,542.669,48,785,9,0.5156,812.6,0.1721,12,complete,0.1701,10781.6
697,3,58,1000,587.53,51,,9,0.3587,680.1,0.1384,19,step_limit,0.1667,10800.0
698,5,65,874,660.683,65,874,10,0.5638,932.5,0.2388,12,complete,0.1925,10814.3
699,5,44,828,356.805,44,828,7,0.6457,1003.3,0.2277,7,complete,0.2085,10827.5
700,6,40,485,318.204,40,485,4,0.6481,959.8,0.1714,8,complete,0.119,10835.3
701,6,26,481,172.49,26,481,3,0.676,1012.5,0.1823,6,complete,0.1699,10913.1
702,3,66,1000,730.592,60,,11,0.3923,722.5,0.1385,26,step_limit,0.1696,10931.9
703,4,25,475,210.499,25,475,3,0.5458,841.4,0.2064,19,complete,0.152,10941.2
704,6,35,299,437.886,35,299,6,0.5541,895.9,0.1022,2,complete,0.1447,10947.4
705,4,24,480,214.181,24,480,4,0.4156,627.5,0.3677,28,complete,0.0969,10956.5
706,3,64,1000,754.702,61,,11,0.4377,782.9,0.2061,28,step_limit,0.1917,10975.8
707,4,24,406,234.917,24,406,3,0.4298,679.0,0.107,5,complete,0.1196,10983.6
708,6,68,616,793.459,68,616,11,0.4215,674.5,0.1459,13,complete,0.0987,10996.2
709,4,57,956,595.463,57,956,9,0.5936,969.3,0.22,27,complete,0.1846,11014.9
710,6,78,615,955.75,78,615,13,0.5163,914.3,0.1362,6,complete,0.1239,11027.0
711,6,34,562,227.5,34,562,4,0.6174,960.8,0.2005,6,complete,0.141,11038.1
712,4,21,622,126.498,21,622,3,0.5293,840.6,0.3749,47,complete,0.1875,11048.4
713,3,63,1000,492.64,50,,7,0.4983,718.2,0.2041,48,step_limit,0.2305,11064.8
714,3,64,1000,688.566,59,,10,0.4677,784.2,0.2922,65,step_limit,0.1695,11080.8
715,5,43,414,498.294,43,414,6,0.4101,694.3,0.0973,4,complete,0.0716,11089.0
716,3,39,995,369.335,39,995,6,0.5059,778.5,0.1825,20,complete,0.2326,11108.0
717,4,67,931,800.376,67,931,12,0.3937,648.2,0.1673,18,complete,0.1302,11126.2
718,5,68,676,807.204,68,676,11,0.5917,943.3,0.1502,10,complete,0.1527,11139.6
719,5,67,759,764.651,67,759,11,0.6321,993.6,0.2214,21,complete,0.1568,11154.4
720,3,49,648,627.343,49,648,8,0.3246,537.7,0.102,14,complete,0.093,11166.9
721,4,29,366,320.942,29,366,4,0.5389,764.2,0.1207,10,complete,0.1389,11174.2
722,6,59,622,607.436,59,622,8,0.6045,832.7,0.2217,7,complete,0.1173,11186.8
723,5,70,706,888.363,70,706,13,0.4331,730.3,0.1409,8,complete,0.1096,11201.1
724,4,69,922,835.072,69,922,12,0.4908,817.6,0.1678,23,complete,0.1716,11219.4
725,4,62,1000,531.16,56,,8,0.6448,1059.7,0.1852,12,step_limit,0.2068,11239.3
726,6,56,605,616.8,56,605,8,0.6149,881.4,0.1101,12,complete,0.126,11251.9
727,3,57,1000,614.986,55,,9,0.3307,585.8,0.215,35,step_limit,0.1222,11271.4
728,6,43,783,286.109,43,783,6,0.7035,985.0,0.2037,14,complete,0.1854,11286.8
729,5,77,906,906.113,77,906,13,0.457,745.0,0.1389,11,complete,0.1391,11304.4
730,4,27,702,206.526,27,702,4,0.5011,864.6,0.2857,18,complete,0.2096,11317.6
731,4,80,999,985.532,80,999,14,0.4479,799.1,0.1252,23,complete,0.1637,11337.5
732,3,80,1000,849.697,70,,12,0.4107,737.3,0.1687,19,step_limit,0.1745,11356.8
733,5,64,1000,552.983,58,,10,0.542,783.0,0.2472,16,step_limit,0.1564,11376.3
734,3,38,1000,326.885,35,,6,0.299,617.0,0.2898,42,step_limit,0.1259,11394.6
735,5,63,1000,533.131,58,,10,0.5934,921.1,0.3084,16,step_limit,0.1565,11411.4
736,4,52,965,480.148,52,965,8,0.4811,794.2,0.2499,23,complete,0.1937,11428.0
737,3,41,775,459.085,41,775,7,0.5037,792.1,0.2487,55,complete,0.2016,11440.7
738,5,49,649,506.47,49,649,7,0.5402,761.3,0.1723,6,complete,0.1364,11451.4
739,4,27,498,219.344,27,498,3,0.5336,876.4,0.2906,29,complete,0.1898,11459.7
740,3,32,579,359.505,32,579,5,0.5435,752.8,0.1955,31,complete,0.254,11468.8
741,4,25,665,170.12,25,665,3,0.4951,683.9,0.2018,50,complete,0.1653,11481.1
742,3,48,984,496.411,48,984,7,0.4753,764.9,0.2082,36,complete,0.2524,11499.7
743,5,54,622,577.511,54,622,8,0.4495,668.1,0.2608,7,complete,0.0886,11512.4
744,5,24,345,202.8,24,345,2,0.5745,860.4,0.0829,2,complete,0.1442,11519.2
745,6,37,315,366.921,37,315,4,0.5677,742.6,0.2081,5,complete,0.0702,11525.5
746,4,50,1000,395.562,45,,8,0.6,884.4,0.2416,39,step_limit,0.25,11544.9
747,3,78,1000,571.335,52,,10,0.451,693.7,0.1949,24,step_limit,0.2183,11564.0
748,4,33,653,299.139,33,653,5,0.5011,844.6,0.2221,18,complete,0.1757,11576.7
749,4,20,814,34.344,20,814,2,0.645,832.9,0.3055,17,complete,0.2536,11592.1
750,5,80,818,1012.125,80,818,15,0.4599,741.7,0.1619,8,complete,0.1049,11608.5
751,6,29,313,296.663,29,313,4,0.6102,742.3,0.1689,6,complete,0.1389,11681.4
752,5,21,500,88.007,21,500,2,0.6772,1004.2,0.3316,14,complete,0.1191,11689.1
753,6,21,359,94.565,21,359,1,0.4192,781.3,0.183,5,complete,0.127,11695.0
754,5,39,547,423.127,39,547,7,0.5707,963.7,0.2142,10,complete,0.1634,11704.2
755,3,68,1000,552.484,51,,9,0.458,778.1,0.1931,41,step_limit,0.2099,11721.7
756,3,80,1000,861.196,70,,12,0.3773,674.8,0.1341,20,step_limit,0.1938,11741.0
757,5,62,773,734.522,62,773,11,0.3728,579.6,0.1868,10,complete,0.099,11755.8
758,5,36,831,209.725,36,831,5,0.7088,1070.2,0.3269,32,complete,0.1235,11771.2
759,6,46,794,356.357,46,794,7,0.6839,943.8,0.2423,8,complete,0.1773,11786.2
760,3,23,555,193.745,23,555,3,0.5003,737.6,0.2893,44,complete,0.2469,11796.9
761,6,36,265,448.533,36,265,6,0.5107,584.2,0.0392,0,complete,0.1049,11802.2
762,3,66,1000,777.166,64,,11,0.4463,724.2,0.2082,20,step_limit,0.1653,11822.2
763,3,24,480,230.666,24,480,3,0.4493,706.8,0.2002,24,complete,0.1429,11831.2
764,3,27,699,250.468,27,699,4,0.2575,519.0,0.2145,68,complete,0.153,11844.3
765,5,43,595,434.595,43,595,6,0.4961,619.1,0.1427,4,complete,0.1284,11855.4
766,3,25,666,225.285,25,666,4,0.4439,707.9,0.2145,44,complete,0.2448,11868.1
767,3,65,1000,431.702,46,,8,0.482,685.7,0.2949,41,step_limit,0.1988,11887.2
768,3,50,955,604.117,50,955,9,0.3302,705.8,0.1839,40,complete,0.1515,11905.7
769,5,40,584,389.7,40,584,6,0.5322,747.1,0.2039,25,complete,0.137,11916.8
770,6,58,546,631.816,58,546,9,0.6621,891.4,0.1984,7,complete,0.163,11927.8
771,3,28,863,180.224,28,863,3,0.584,769.6,0.2986,73,complete,0.2939,11944.1
772,5,53,571,598.94,53,571,8,0.4942,649.5,0.157,6,complete,0.1149,11955.0
773,3,60,1000,479.944,47,,8,0.4287,682.4,0.1778,22,step_limit,0.2152,11970.8
774,4,60,1000,383.168,51,,8,0.5747,913.2,0.3139,28,step_limit,0.2523,11987.2
775,3,62,1000,572.516,51,,9,0.3597,637.2,0.1749,32,step_limit,0.1935,12006.0
776,3,47,1000,505.891,45,,8,0.4577,767.8,0.1414,26,step_limit,0.2427,12025.3
777,3,77,1000,943.586,74,,13,0.3887,690.1,0.1574,25,step_limit,0.1399,12045.5
778,3,29,1000,192.36,27,,4,0.5533,772.4,0.2022,44,step_limit,0.2636,12064.8
779,4,79,1000,539.881,56,,10,0.5865,883.9,0.1621,22,step_limit,0.2065,12083.7
780,6,50,549,545.176,50,549,8,0.6208,931.1,0.1324,7,complete,0.1463,12094.0
781,3,53,1000,274.735,37,,6,0.509,719.0,0.3798,148,step_limit,0.2644,12109.6
782,3,35,1000,216.226,30,,4,0.4973,795.1,0.2267,30,step_limit,0.2442,12124.9
783,6,55,420,671.39,55,420,9,0.5683,816.5,0.1433,3,complete,0.0813,12131.6
784,3,53,1000,416.712,42,,8,0.4057,604.7,0.2763,24,step_limit,0.1715,12146.7
785,6,56,639,482.26,56,639,7,0.6865,1089.9,0.3021,5,complete,0.1526,12157.7
786,4,73,1000,704.979,67,,11,0.5423,948.0,0.2397,23,step_limit,0.2269,12173.6
787,5,70,897,811.217,70,897,13,0.5766,886.7,0.2214,10,complete,0.1952,12190.3
788,4,31,448,351.966,31,448,5,0.4565,748.6,0.1672,9,complete,0.1116,12198.6
789,4,40,710,419.754,40,710,7,0.5299,907.5,0.2115,19,complete,0.2054,12212.3
790,6,29,387,315.183,29,387,5,0.6305,919.8,0.1673,4,complete,0.1635,12219.8
791,6,38,344,369.595,38,344,4,0.5766,735.8,0.1277,5,complete,0.0926,12227.0
792,6,77,831,780.123,77,831,12,0.4954,821.0,0.2571,16,complete,0.1425,12244.2
793,3,71,1000,708.819,63,,10,0.4317,741.3,0.249,42,step_limit,0.1653,12264.1
794,3,33,633,343.624,33,633,5,0.4708,722.9,0.272,37,complete,0.1836,12276.8
795,4,76,1000,377.261,50,,9,0.6228,898.2,0.3772,117,step_limit,0.2238,12296.2
796,4,65,1000,533.705,57,,8,0.5417,900.8,0.2019,14,step_limit,0.215,12315.8
797,5,72,697,861.572,72,697,12,0.5188,800.4,0.1647,6,complete,0.1419,12329.6
798,5,54,839,542.719,54,839,9,0.6129,964.8,0.1749,24,complete,0.2,12345.8
799,3,35,1000,262.609,33,,5,0.4463,768.8,0.2426,41,step_limit,0.2322,12364.7
800,4,78,1000,715.528,66,,12,0.5232,800.4,0.2804,21,step_limit,0.202,12385.1
801,4,21,505,164.775,21,505,3,0.5114,901.8,0.2602,13,complete,0.13,12469.5
802,6,22,344,103.318,22,344,1,0.642,841.9,0.3641,6,complete,0.1802,12475.5
803,6,57,498,623.444,57,498,8,0.5559,769.1,0.1571,7,complete,0.1117,12483.9
804,3,60,1000,551.044,50,,9,0.3427,650.2,0.2408,51,step_limit,0.159,12500.3
805,6,34,386,392.767,34,386,6,0.456,619.3,0.1171,6,complete,0.1082,12506.8
806,4,59,1000,463.302,49,,9,0.4677,705.9,0.2493,14,step_limit,0.1921,12524.2
807,5,22,435,100.307,22,435,1,0.4653,614.6,0.331,22,complete,0.1256,12532.0
808,3,35,1000,202.39,32,,4,0.562,778.1,0.2658,42,step_limit,0.2759,12548.9
809,4,38,891,328.815,38,891,6,0.5685,887.8,0.1868,17,complete,0.2011,12565.8
810,5,47,788,433.206,47,788,8,0.6599,1140.6,0.2529,15,complete,0.2165,12580.3
811,4,70,1000,440.342,52,,9,0.5865,820.0,0.2612,25,step_limit,0.2477,12600.1
812,4,40,691,421.008,40,691,7,0.5228,791.6,0.2251,15,complete,0.1938,12613.9
813,3,55,1000,400.332,45,,7,0.5053,753.0,0.3184,61,step_limit,0.2298,12632.9
814,3,38,783,422.09,38,783,6,0.487,730.8,0.1675,29,complete,0.2143,12647.8
815,3,75,1000,334.403,45,,7,0.4877,621.5,0.4209,103,step_limit,0.2136,12668.1
816,5,57,734,619.485,57,734,9,0.5226,819.1,0.1787,11,complete,0.134,12682.3
817,4,58,1000,415.197,46,,8,0.569,898.0,0.1785,20,step_limit,0.2377,12701.6
818,5,21,402,132.066,21,402,2,0.6796,998.2,0.2186,16,complete,0.1476,12709.0
819,3,70,1000,734.589,59,,11,0.344,674.9,0.1031,14,step_limit,0.1652,12728.2
820,6,26,388,156.969,26,388,2,0.6675,970.6,0.2227,4,complete,0.1594,12735.9
821,5,27,447,260.799,27,447,4,0.4743,875.5,0.1863,4,complete,0.1538,12745.0
822,5,61,768,657.947,61,768,10,0.613,971.1,0.222,11,complete,0.1982,12761.0
823,5,77,1000,711.506,68,,12,0.5342,840.5,0.1405,7,step_limit,0.1815,12780.1
824,3,38,961,383.833,38,961,6,0.3198,677.2,0.1408,20,complete,0.1556,12798.6
825,4,63,749,810.744,63,749,11,0.3832,609.8,0.0786,10,complete,0.1078,12812.5
826,5,44,479,499.947,44,479,7,0.5578,886.7,0.1826,10,complete,0.1086,12822.2
827,5,51,729,450.786,51,729,7,0.6368,1024.3,0.2833,10,complete,0.1846,12836.5
828,3,41,1000,370.736,39,,6,0.505,792.9,0.2242,38,step_limit,0.2761,12856.4
829,3,22,568,214.138,22,568,3,0.4947,723.8,0.1907,20,complete,0.1667,12866.7
830,4,48,956,465.001,48,956,7,0.4736,727.9,0.1661,16,complete,0.1846,12881.5
831,3,61,1000,517.602,49,,8,0.466,765.5,0.1784,28,step_limit,0.2685,12896.5
832,4,66,951,745.49,66,951,11,0.4387,745.7,0.2069,12,complete,0.1573,12910.6
833,4,26,310,316.315,26,310,4,0.3379,535.8,0.0529,10,complete,0.1327,12915.7
834,6,25,339,216.07,25,339,3,0.6195,864.2,0.0934,3,complete,0.1512,12922.0
835,3,78,1000,706.468,61,,11,0.4583,686.1,0.2011,51,step_limit,0.2023,12940.9
836,6,22,336,125.879,22,336,1,0.5952,901.7,0.1478,3,complete,0.1706,12947.3
837,4,74,1000,589.355,61,,10,0.593,827.8,0.2809,33,step_limit,0.2076,12966.8
838,6,46,514,425.623,46,514,6,0.6864,1115.8,0.245,10,complete,0.1532,12976.8
839,4,47,1000,307.022,41,,6,0.5988,820.6,0.2115,24,step_limit,0.2398,12996.9
840,5,31,382,313.044,31,382,4,0.5817,821.5,0.1943,18,complete,0.1127,13004.3
841,3,52,1000,420.783,44,,7,0.5427,746.6,0.2335,49,step_limit,0.25,13023.4
842,4,30,384,343.123,30,384,4,0.3841,590.2,0.1012,6,complete,0.1373,13030.8
843,5,75,1000,637.961,67,,11,0.6028,921.7,0.2285,11,step_limit,0.1794,13050.3
844,5,28,648,171.688,28,648,4,0.6077,890.0,0.2823,18,complete,0.1882,13062.9
845,4,44,769,481.435,44,769,7,0.5007,769.5,0.1897,26,complete,0.1609,13078.8
846,4,31,289,364.288,31,289,4,0.4048,630.2,0.0793,8,complete,0.1223,13084.7
847,6,45,596,403.246,45,596,6,0.6837,946.9,0.2458,9,complete,0.1496,13096.6
848,3,44,1000,422.653,41,,7,0.5187,746.4,0.2251,77,step_limit,0.2593,13115.7
849,3,49,1000,398.861,41,,7,0.514,761.5,0.2109,19,step_limit,0.2337,13134.5
850,3,47,1000,423.163,42,,7,0.4877,791.3,0.2149,44,step_limit,0.2456,13153.4
851,6,30,337,287.328,30,337,4,0.5549,808.9,0.1857,3,complete,0.1042,13237.9
852,6,65,1000,538.685,64,,11,0.6225,864.7,0.3342,7,step_limit,0.172,13255.1
853,4,45,871,441.647,45,871,7,0.6246,954.7,0.21,32,complete,0.1881,13269.8
854,6,23,259,145.303,23,259,0,0.6725,895.8,0.1059,3,complete,0.1238,13274.4
855,6,49,486,480.129,49,486,6,0.5737,783.3,0.1583,9,complete,0.1564,13282.5
856,3,28,950,177.251,28,950,3,0.5204,782.9,0.2538,60,complete,0.2778,13298.8
857,3,38,1000,328.27,37,,6,0.3793,691.0,0.2711,79,step_limit,0.1597,13318.2
858,6,70,644,839.283,70,644,12,0.5432,781.7,0.1107,5,complete,0.1261,13332.3
859,6,27,510,229.433,27,510,4,0.581,848.5,0.1694,7,complete,0.1815,13342.5
860,6,30,460,202.551,30,460,3,0.7141,995.7,0.2049,4,complete,0.1636,13351.3
861,3,39,1000,274.844,33,,5,0.4037,736.6,0.2548,123,step_limit,0.2296,13370.5
862,6,50,469,559.256,50,469,7,0.478,616.5,0.1063,9,complete,0.1014,13379.9
863,6,30,420,300.243,30,420,5,0.704,1038.8,0.1798,3,complete,0.195,13388.1
864,5,38,631,330.13,38,631,5,0.509,826.1,0.1767,16,complete,0.1288,13400.2
865,5,56,731,614.106,56,731,9,0.5729,834.6,0.169,32,complete,0.15,13414.5
866,3,70,1000,307.166,42,,7,0.3373,593.9,0.4823,161,step_limit,0.1404,13433.6
867,3,48,836,519.87,48,836,7,0.4629,780.2,0.2457,78,complete,0.2281,13450.2
868,5,37,424,406.509,37,424,6,0.5146,723.4,0.1854,4,complete,0.1524,13458.6
869,5,46,740,358.527,46,740,6,0.5603,825.1,0.32,18,complete,0.1638,13473.2
870,3,47,804,560.772,47,804,8,0.4279,698.5,0.1774,19,complete,0.1738,13488.6
871,3,44,1000,399.542,43,,7,0.5117,739.1,0.3381,52,step_limit,0.198,13507.7
872,4,57,1000,526.884,55,,8,0.51,803.9,0.2081,14,step_limit,0.2259,13528.3
873,6,30,425,232.116,30,425,3,0.689,1034.5,0.2686,8,complete,0.1038,13536.6
874,3,20,381,212.621,20,381,3,0.4786,645.1,0.1802,15,complete,0.1626,13543.9
875,6,43,521,427.461,43,521,6,0.5387,703.8,0.1626,4,complete,0.125,13554.0
876,5,23,552,87.138,23,552,2,0.5986,949.6,0.2457,22,complete,0.1519,13564.9
877,3,65,1000,448.707,47,,8,0.425,675.6,0.3064,62,step_limit,0.2178,13584.3
878,3,65,1000,587.21,54,,9,0.4523,791.2,0.2021,40,step_limit,0.2068,13603.9
879,5,28,580,194.146,28,580,3,0.4648,765.4,0.1762,8,complete,0.1651,13615.3
880,6,41,379,412.43,41,379,5,0.3914,553.4,0.1547,6,complete,0.0887,13623.0
881,4,59,738,703.628,59,738,10,0.4062,613.6,0.2544,34,complete,0.1263,13635.3
882,3,46,1000,423.907,44,,7,0.474,739.0,0.2985,45,step_limit,0.2046,13651.3
883,5,67,853,715.085,67,853,11,0.6136,976.9,0.2294,12,complete,0.1651,13665.1
884,4,49,893,462.444,49,893,7,0.5932,778.5,0.2289,10,complete,0.21,13680.0
885,3,51,1000,229.217,36,,5,0.4817,693.7,0.2998,37,step_limit,0.2333,13694.9
886,4,36,1000,175.663,29,,5,0.657,837.8,0.192,21,step_limit,0.2206,13712.9
887,6,36,330,388.337,36,330,5,0.5187,690.5,0.1684,5,complete,0.1132,13719.5
888,3,48,1000,406.069,41,,7,0.425,644.4,0.2332,22,step_limit,0.1987,13738.4
889,6,22,337,90.823,22,337,1,0.6874,1045.5,0.2792,6,complete,0.1875,13744.9
890,3,60,1000,467.121,49,,7,0.5357,781.4,0.1973,23,step_limit,0.2623,13764.2
891,6,80,910,951.181,80,910,15,0.6445,1017.2,0.1314,5,complete,0.1401,13782.8
892,3,73,1000,684.863,58,,11,0.4063,723.3,0.2044,58,step_limit,0.1826,13802.2
893,4,30,624,302.818,30,624,5,0.4732,720.7,0.1513,11,complete,0.1801,13814.4
894,3,63,1000,560.702,53,,9,0.4373,658.5,0.1987,27,step_limit,0.1952,13832.8
895,6,28,336,287.554,28,336,4,0.5402,786.5,0.0825,2,complete,0.1146,13838.2
896,3,39,817,427.235,39,817,6,0.5027,778.1,0.1803,31,complete,0.2209,13850.5
897,6,53,985,417.219,53,985,8,0.6477,995.0,0.1683,8,complete,0.1667,13866.4
898,4,66,1000,546.243,56,,10,0.5763,938.0,0.3321,49,step_limit,0.2326,13884.9
899,4,33,705,246.32,33,705,4,0.5865,818.7,0.271,19,complete,0.1806,13898.4
900,5,43,534,439.547,43,534,6,0.5667,875.4,0.1889,9,complete,0.1436,13909.4
901,6,59,589,658.671,59,589,10,0.6285,858.6,0.2406,8,complete,0.1329,13995.1
902,3,29,950,219.57,29,950,4,0.5091,787.9,0.2097,49,complete,0.2757,14012.8
903,4,75,1000,777.479,69,,12,0.528,859.3,0.2404,29,step_limit,0.2058,14033.1
904,3,71,1000,721.111,62,,10,0.4483,766.0,0.1664,24,step_limit,0.1961,14052.0
905,6,77,756,910.08,77,756,14,0.5075,757.8,0.2409,7,complete,0.1436,14067.2
906,6,73,657,768.964,73,657,11,0.5211,768.9,0.285,9,complete,0.0921,14081.0
907,3,79,1000,708.966,62,,11,0.4827,701.9,0.25,39,step_limit,0.1951,14097.8
908,6,33,418,228.315,33,418,2,0.6388,1097.4,0.1869,9,complete,0.1314,14104.1
909,5,29,464,235.004,29,464,3,0.4884,749.9,0.1755,4,complete,0.1018,14111.5
910,6,41,566,352.279,41,566,5,0.6281,1113.2,0.131,6,complete,0.1752,14120.6
911,6,34,554,221.385,34,554,4,0.4877,722.7,0.2042,3,complete,0.0952,14129.4
912,6,42,494,448.594,42,494,7,0.637,950.9,0.1957,5,complete,0.1208,14137.2
913,5,34,583,331.538,34,583,6,0.6738,953.2,0.2074,5,complete,0.1667,14146.7
914,4,44,691,445.292,44,691,6,0.4899,847.1,0.1996,17,complete,0.1488,14157.5
915,3,67,1000,531.976,53,,9,0.476,747.3,0.3389,51,step_limit,0.2044,14174.8
916,6,34,702,187.896,34,702,5,0.6398,1051.2,0.2721,9,complete,0.1782,14187.6
917,6,52,454,606.131,52,454,8,0.3789,681.3,0.1449,2,complete,0.0833,14196.2
918,4,45,534,526.005,45,534,7,0.4705,672.7,0.1466,10,complete,0.1333,14206.7
919,6,39,453,406.518,39,453,6,0.6751,936.6,0.1444,2,complete,0.1414,14215.3
920,6,58,457,731.952,58,457,10,0.4322,764.9,0.0523,2,complete,0.1111,14224.4
921,4,40,646,406.058,40,646,6,0.5565,845.7,0.2284,28,complete,0.1883,14237.1
922,6,77,478,920.135,77,478,11,0.4501,682.9,0.1682,6,complete,0.0842,14247.3
923,5,76,1000,721.204,68,,12,0.582,944.9,0.159,7,step_limit,0.1719,14267.0
924,5,72,696,868.03,72,696,12,0.5198,790.2,0.1418,10,complete,0.1394,14280.3
925,6,36,389,371.668,36,389,5,0.5176,812.5,0.1729,5,complete,0.1164,14287.7
926,6,56,607,644.17,56,607,10,0.6222,853.3,0.1883,4,complete,0.1523,14299.5
927,5,21,250,171.374,21,250,1,0.5128,748.5,0.1135,2,complete,0.1125,14304.2
928,4,59,864,716.874,59,864,11,0.4193,733.9,0.1654,11,complete,0.1722,14321.7
929,5,25,593,152.427,25,593,3,0.6159,943.6,0.2169,19,complete,0.1673,14332.9
930,4,28,410,287.986,28,410,4,0.553,795.0,0.2039,12,complete,0.1683,14340.5
931,5,70,1000,594.499,63,,10,0.5992,820.1,0.2015,8,step_limit,0.1789,14359.2
932,4,75,1000,752.593,66,,12,0.5312,880.1,0.1489,13,step_limit,0.2004,14376.1
933,3,31,788,286.74,31,788,4,0.4091,778.3,0.1597,16,complete,0.2,14388.3
934,4,28,1000,111.318,25,,3,0.5503,785.7,0.224,35,step_limit,0.193,14404.2
935,3,36,761,356.75,36,761,5,0.3754,651.1,0.2637,55,complete,0.1789,14416.3
936,4,20,254,198.634,20,254,2,0.4449,684.3,0.0933,6,complete,0.1061,14420.5
937,3,28,713,291.153,28,713,5,0.4123,707.8,0.1847,17,complete,0.1863,14431.8
938,6,73,849,736.382,73,849,11,0.6898,1065.1,0.1457,4,complete,0.1933,14448.1
939,4,75,1000,718.095,66,,11,0.495,796.5,0.1709,12,step_limit,0.1707,14468.0
940,6,64,520,762.778,64,520,10,0.4869,783.0,0.1554,8,complete,0.1012,14478.6
941,3,37,757,443.691,37,757,7,0.4218,685.1,0.1681,25,complete,0.1984,14493.0
942,6,57,555,598.762,57,555,9,0.5775,810.1,0.2697,17,complete,0.1268,14504.0
943,3,69,1000,522.597,51,,8,0.33,666.4,0.1642,19,step_limit,0.1698,14523.1
944,6,73,1000,634.947,70,,11,0.68,1015.5,0.1823,12,step_limit,0.1705,14543.6
945,5,49,571,518.405,49,571,7,0.6053,777.8,0.1558,11,complete,0.1309,14554.7
946,3,29,651,286.459,29,651,4,0.4557,753.6,0.2888,59,complete,0.1465,14566.7
947,4,73,1000,408.543,51,,8,0.5835,867.9,0.2717,15,step_limit,0.2102,14585.6
948,6,57,1000,264.746,49,,7,0.6628,1104.4,0.1622,8,step_limit,0.2055,14604.4
949,3,24,673,232.044,24,673,4,0.5359,785.3,0.2734,60,complete,0.2205,14618.7
950,4,26,399,285.907,26,399,4,0.4737,753.7,0.1495,10,complete,0.1094,14625.9
951,6,20,167,139.956,20,167,0,0.497,586.0,0.0926,1,complete,0.0747,14703.7
952,6,28,283,302.344,28,283,4,0.5589,802.2,0.119,5,complete,0.1196,14709.5
953,3,42,1000,338.715,36,,6,0.479,707.7,0.1855,21,step_limit,0.2326,14729.3
954,3,30,798,242.36,30,798,4,0.4411,758.7,0.2842,56,complete,0.2207,14744.2
955,5,38,351,392.091,38,351,4,0.4621,683.5,0.0916,5,complete,0.083,14751.1
956,4,33,423,338.121,33,423,4,0.4722,718.3,0.1623,10,complete,0.1182,14759.6
957,3,42,1000,282.871,35,,6,0.491,720.3,0.2242,34,step_limit,0.3014,14774.1
958,6,34,333,376.878,34,333,5,0.546,729.6,0.1663,5,complete,0.0723,14779.4
959,3,80,1000,594.158,58,,9,0.4333,648.0,0.2368,46,step_limit,0.1842,14793.7
960,6,66,637,758.733,66,637,11,0.4927,792.9,0.2092,6,complete,0.1106,14804.0
961,3,70,1000,503.252,53,,8,0.5193,766.4,0.3163,29,step_limit,0.2113,14819.5
962,4,47,890,457.216,47,890,7,0.5846,845.9,0.2047,14,complete,0.2384,14836.7
963,6,27,284,189.116,27,284,1,0.6643,860.2,0.1219,2,complete,0.1389,14842.0
964,6,65,564,795.081,65,564,11,0.5644,865.8,0.1258,5,complete,0.1071,14852.9
965,3,22,604,197.223,22,604,3,0.4945,727.1,0.172,23,complete,0.244,14864.2
966,4,28,785,189.539,28,785,4,0.6248,849.9,0.1759,15,complete,0.24,14878.1
967,5,73,945,902.38,73,945,14,0.4231,677.9,0.1096,5,complete,0.1382,14895.6
968,5,62,799,682.622,62,799,10,0.5181,822.5,0.1769,8,complete,0.1578,14910.0
969,6,55,511,564.151,55,511,8,0.517,700.0,0.2926,8,complete,0.0984,14919.8
970,5,46,634,486.519,46,634,7,0.5625,876.4,0.2159,12,complete,0.1215,14931.5
971,5,34,1000,108.963,31,,4,0.5882,1032.7,0.152,3,step_limit,0.2477,14950.5
972,3,78,1000,767.364,62,,12,0.398,769.6,0.1409,31,step_limit,0.206,14968.7
973,4,78,747,1011.436,78,747,14,0.4398,570.7,0.1382,17,complete,0.0932,14982.8
974,4,60,1000,365.792,46,,7,0.5653,824.2,0.2143,29,step_limit,0.2025,14999.3
975,6,52,683,444.487,52,683,7,0.5896,801.7,0.2653,7,complete,0.0969,15010.0
976,5,53,533,616.189,53,533,8,0.5388,863.5,0.1212,7,complete,0.1286,15018.6
977,6,30,353,290.484,30,353,4,0.381,583.5,0.2218,8,complete,0.0833,15023.9
978,6,45,624,427.363,45,624,7,0.5863,751.8,0.1979,5,complete,0.1173,15033.9
979,6,34,411,305.066,34,411,4,0.6484,1005.8,0.1913,3,complete,0.1455,15040.5
980,3,55,1000,421.289,45,,7,0.4653,778.5,0.2479,64,step_limit,0.2571,15055.7
981,5,49,1000,220.643,41,,6,0.644,942.4,0.2532,11,step_limit,0.2192,15071.6
982,3,26,507,326.057,26,507,5,0.3655,604.4,0.0918,25,complete,0.1697,15080.6
983,6,39,480,327.396,39,480,4,0.6764,1062.9,0.1785,4,complete,0.1243,15089.5
984,6,20,263,138.777,20,263,1,0.462,773.2,0.1727,2,complete,0.0707,15094.3
985,6,29,380,246.963,29,380,4,0.7123,1030.2,0.2561,7,complete,0.1156,15101.3
986,5,59,909,598.639,59,909,10,0.5668,915.3,0.1576,10,complete,0.2055,15117.8
987,3,74,1000,738.714,61,,12,0.4283,651.5,0.2485,39,step_limit,0.1721,15133.5
988,5,70,743,818.58,70,743,11,0.541,829.7,0.1081,10,complete,0.1473,15145.0
989,6,34,362,351.833,34,362,4,0.6266,726.8,0.0656,1,complete,0.0864,15150.6
990,5,28,394,324.919,28,394,5,0.5619,884.6,0.1476,5,complete,0.1472,15156.5
991,5,76,1000,831.621,74,,13,0.6198,939.3,0.2297,21,step_limit,0.1615,15172.3
992,4,40,1000,201.019,35,,5,0.54,694.2,0.2439,21,step_limit,0.2146,15188.1
993,6,61,517,750.307,61,517,10,0.5058,752.7,0.0634,1,complete,0.0727,15196.2
994,4,49,1000,272.784,43,,6,0.6528,977.5,0.3375,75,step_limit,0.2767,15214.0
995,6,33,480,218.253,33,480,3,0.5365,775.3,0.2188,3,complete,0.1339,15223.2
996,3,23,768,191.923,23,768,4,0.5204,776.7,0.2309,47,complete,0.2188,15237.4
997,6,46,630,408.904,46,630,7,0.5722,888.0,0.2329,7,complete,0.1564,15249.7
998,6,53,621,588.393,53,621,9,0.5191,890.8,0.093,5,complete,0.15,15261.6
999,4,52,920,558.352,52,920,9,0.497,869.5,0.1572,29,complete,0.149,15278.5
1000,4,78,1000,788.239,71,,12,0.5535,738.2,0.1656,18,step_limit,0.1956,15298.0
1001,4,65,1000,555.676,56,,9,0.5527,961.1,0.2001,14,step_limit,0.2394,15389.6
1002,3,51,1000,560.976,47,,9,0.3467,652.6,0.1499,32,step_limit,0.1728,15409.0
1003,5,23,352,222.721,23,352,3,0.3972,640.8,0.1544,13,complete,0.1256,15415.7
1004,3,73,1000,740.931,61,,12,0.41,662.9,0.2368,34,step_limit,0.2087,15435.1
1005,3,31,956,286.252,31,956,5,0.5063,793.5,0.1723,24,complete,0.2835,15452.5
1006,3,54,1000,562.032,49,,9,0.4673,743.7,0.1863,24,step_limit,0.1982,15470.6
1007,3,61,1000,667.368,57,,10,0.3777,731.2,0.2041,28,step_limit,0.1802,15489.2
1008,4,56,1000,184.918,36,,6,0.555,816.8,0.2112,15,step_limit,0.2526,15507.3
1009,4,65,1000,455.072,50,,8,0.5737,924.5,0.1885,14,step_limit,0.2222,15525.8
1010,4,64,1000,554.188,59,,9,0.5825,864.3,0.3053,46,step_limit,0.2026,15545.1
1011,4,48,762,529.699,48,762,8,0.4501,769.3,0.1671,13,complete,0.1809,15559.3
1012,5,77,880,872.492,77,880,13,0.3798,661.3,0.179,10,complete,0.1306,15575.2
1013,6,30,464,160.989,30,464,2,0.5858,914.6,0.2498,5,complete,0.13,15583.6
1014,6,73,495,960.254,73,495,13,0.4215,638.5,0.0642,8,complete,0.0623,15592.9
1015,6,80,677,989.632,80,677,14,0.4973,737.2,0.1493,6,complete,0.1131,15605.9
1016,4,35,1000,244.936,34,,6,0.5923,1064.8,0.2292,24,step_limit,0.2273,15624.2
1017,4,52,1000,493.541,51,,8,0.5713,860.8,0.1715,12,step_limit,0.2391,15643.4
1018,6,25,384,204.057,25,384,3,0.6163,885.8,0.135,4,complete,0.1389,15650.7
1019,5,59,551,725.334,59,551,10,0.3775,534.9,0.1249,6,complete,0.0889,15661.4
1020,3,57,1000,521.66,49,,9,0.3877,598.0,0.2986,57,step_limit,0.125,15679.7
1021,3,78,1000,854.409,67,,13,0.441,638.4,0.1516,24,step_limit,0.1961,15697.2
1022,3,68,1000,609.79,55,,10,0.3353,594.7,0.2619,58,step_limit,0.1538,15712.9
1023,3,33,850,286.588,33,850,5,0.5267,778.0,0.2796,38,complete,0.2375,15725.4
1024,3,77,1000,643.708,57,,10,0.416,660.1,0.1996,41,step_limit,0.2,15739.6
1025,6,23,232,203.61,23,232,2,0.3944,633.0,0.048,2,complete,0.1184,15743.1
1026,5,21,163,155.474,21,163,0,0.4577,527.1,0.1118,9,complete,0.0714,15745.6
1027,3,35,779,353.565,35,779,5,0.4698,766.0,0.2194,38,complete,0.265,15759.0
1028,5,41,685,401.309,41,685,7,0.5574,855.9,0.2025,4,complete,0.15,15771.1
1029,5,21,228,227.14,21,228,3,0.4289,632.2,0.1273,13,complete,0.1,15775.3
1030,4,54,811,618.895,54,811,9,0.524,805.5,0.1744,19,complete,0.1775,15790.8
1031,4,72,1000,769.732,68,,12,0.4743,763.7,0.1853,14,step_limit,0.1934,15809.9
1032,5,48,708,500.96,48,708,8,0.6525,945.8,0.2574,19,complete,0.1605,15823.4
1033,3,32,919,274.739,32,919,5,0.4407,667.4,0.2363,33,complete,0.2103,15840.0
1034,4,21,645,123.54,21,645,2,0.4058,720.6,0.1069,4,complete,0.1909,15851.8
1035,3,57,1000,459.969,45,,8,0.435,704.1,0.2235,31,step_limit,0.1827,15868.1
1036,4,56,692,651.656,56,692,9,0.5191,879.7,0.2002,12,complete,0.1534,15878.8
1037,4,53,1000,342.832,42,,7,0.618,943.0,0.2031,19,step_limit,0.2399,15893.5
1038,5,29,310,289.383,29,310,3,0.5406,752.2,0.123,2,complete,0.1362,15898.8
1039,3,45,1000,483.579,43,,8,0.4697,785.5,0.1847,25,step_limit,0.2178,15914.3
1040,3,23,605,193.141,23,605,3,0.5168,723.7,0.2882,73,complete,0.2182,15924.0
1041,6,20,193,111.734,20,193,0,0.5406,716.3,0.1241,0,complete,0.1075,15926.5
1042,4,71,1000,616.818,61,,10,0.5212,830.3,0.1861,10,step_limit,0.2235,15937.9
1043,4,36,626,363.908,36,626,5,0.5411,841.2,0.1435,6,complete,0.2118,15946.7
1044,4,46,615,517.231,46,615,7,0.4837,675.3,0.1902,11,complete,0.1114,15953.8
1045,3,65,1000,506.1,48,,9,0.498,790.3,0.2492,42,step_limit,0.2308,15964.4
1046,5,53,1000,214.964,42,,6,0.494,778.0,0.242,22,step_limit,0.1888,15975.8
1047,5,77,1000,823.499,75,,13,0.515,775.4,0.1948,10,step_limit,0.1504,15985.5
1048,6,54,637,549.128,54,637,8,0.6002,812.0,0.2,13,complete,0.1447,15991.5
1049,3,75,1000,704.332,62,,11,0.4657,676.2,0.3427,62,step_limit,0.1576,16000.9
1050,5,66,726,755.872,66,726,10,0.4722,733.1,0.1333,9,complete,0.1215,16007.7
1051,4,46,1000,341.625,40,,7,0.6122,898.8,0.2293,29,step_limit,0.2551,16062.5
1052,6,64,625,708.894,64,625,10,0.604,961.3,0.1492,3,complete,0.1633,16068.6
1053,6,77,833,891.108,77,833,14,0.6329,952.5,0.1652,9,complete,0.1722,16076.5
1054,4,50,950,518.313,50,950,9,0.5084,727.9,0.2334,15,complete,0.1908,16085.3
1055,3,33,589,364.369,33,589,5,0.498,749.5,0.2586,84,complete,0.1406,16090.6
1056,5,55,667,658.517,55,667,10,0.3676,644.7,0.1585,10,complete,0.1313,16096.8
1057,6,78,812,844.087,78,812,12,0.633,1000.9,0.1473,5,complete,0.172,16104.4
1058,3,74,1000,868.107,68,,13,0.346,581.1,0.1679,38,step_limit,0.1445,16113.6
1059,5,76,863,932.172,76,863,14,0.5138,838.1,0.1479,10,complete,0.1366,16121.5
1060,4,56,968,608.414,56,968,9,0.593,1008.5,0.1606,14,complete,0.2455,16130.5
1061,6,46,619,408.099,46,619,6,0.6182,820.0,0.1963,13,complete,0.1667,16136.5
1062,6,55,660,538.283,55,660,8,0.5876,801.8,0.1939,11,complete,0.1383,16143.0
1063,5,54,953,433.976,54,953,7,0.5547,986.8,0.2203,15,complete,0.1887,16151.9
1064,3,76,1000,758.082,64,,11,0.453,719.6,0.1791,36,step_limit,0.1806,16161.0
1065,4,23,503,215.386,23,503,4,0.5119,782.5,0.1884,18,complete,0.15,16165.5
1066,3,37,912,410.644,37,912,7,0.4463,694.4,0.1659,18,complete,0.2174,16173.7
1067,3,76,1000,618.597,56,,10,0.445,661.5,0.261,79,step_limit,0.1835,16182.9
1068,6,77,696,915.26,77,696,13,0.5462,885.1,0.078,3,complete,0.1369,16189.5
1069,5,56,826,586.599,56,826,9,0.5768,963.2,0.1675,18,complete,0.185,16197.4
1070,6,39,333,421.337,39,333,5,0.4615,574.1,0.1021,2,complete,0.0984,16200.6
1071,5,26,455,236.905,26,455,4,0.6048,993.4,0.1149,3,complete,0.1481,16204.9
1072,6,62,667,644.723,62,667,9,0.6157,908.3,0.1702,4,complete,0.1467,16211.2
1073,3,44,1000,265.104,33,,6,0.4313,706.8,0.2345,58,step_limit,0.2057,16220.3
1074,4,71,1000,770.812,67,,12,0.4103,668.8,0.1875,11,step_limit,0.11,16229.7
1075,5,36,656,248.69,36,656,4,0.6024,1002.5,0.2156,9,complete,0.1918,16235.8
1076,3,53,907,628.735,53,907,9,0.3469,568.7,0.2243,20,complete,0.1358,16244.1
1077,3,47,1000,409.1,42,,7,0.4287,714.4,0.2483,33,step_limit,0.1993,16253.4
1078,5,54,567,602.473,54,567,8,0.4646,692.6,0.2375,14,complete,0.092,16259.0
1079,6,48,497,510.605,48,497,7,0.5412,804.8,0.1962,8,complete,0.1222,16263.9
1080,6,54,309,606.782,54,309,6,0.4811,657.8,0.1043,8,complete,0.0845,16267.3
1081,5,28,525,229.317,28,525,4,0.6465,871.9,0.1908,6,complete,0.2035,16272.7
1082,4,37,760,296.535,37,760,5,0.4115,768.4,0.2702,19,complete,0.189,16280.2
1083,3,25,768,222.155,25,768,4,0.2665,563.1,0.2115,25,complete,0.1481,16286.4
1084,6,31,271,316.086,31,271,3,0.436,599.3,0.0873,1,complete,0.0772,16288.6
1085,6,46,556,460.378,46,556,7,0.6394,988.3,0.13,4,complete,0.1277,16292.9
1086,4,30,692,269.207,30,692,5,0.5549,920.5,0.2409,11,complete,0.2158,16298.2
1087,6,20,202,111.467,20,202,0,0.5866,891.4,0.1381,1,complete,0.119,16299.8
1088,3,55,1000,429.644,44,,8,0.5027,749.2,0.2709,51,step_limit,0.2109,16307.3
1089,5,45,441,521.922,45,441,7,0.5828,798.0,0.137,7,complete,0.1278,16310.6
1090,5,23,289,167.338,23,289,1,0.4512,738.6,0.0889,3,complete,0.0833,16312.6
1091,3,25,424,258.205,25,424,3,0.3451,591.0,0.2253,16,complete,0.0784,16315.6
1092,4,46,657,548.597,46,657,8,0.3976,752.3,0.1355,7,complete,0.1543,16320.0
1093,5,61,695,710.441,61,695,10,0.5094,851.4,0.1321,6,complete,0.1437,16324.6
1094,5,63,742,703.96,63,742,10,0.5631,839.7,0.165,12,complete,0.1586,16329.6
1095,3,27,785,230.403,27,785,4,0.5151,763.0,0.2157,38,complete,0.2222,16334.6
1096,3,72,1000,651.051,58,,10,0.515,798.3,0.1833,33,step_limit,0.2381,16341.0
1097,5,45,848,379.189,45,848,7,0.5507,935.9,0.2632,10,complete,0.2042,16346.7
1098,6,30,372,234.668,30,372,2,0.664,967.4,0.1115,1,complete,0.1667,16349.2
1099,5,74,1000,624.977,66,,10,0.6264,867.6,0.1875,14,step_limit,0.1984,16356.0
1100,4,37,585,398.176,37,585,5,0.409,661.2,0.0721,5,complete,0.1667,16359.8
1101,5,34,590,283.823,34,590,5,0.6498,1057.1,0.1988,6,complete,0.1739,16398.9
1102,4,40,908,293.73,40,908,6,0.6151,878.6,0.4073,59,complete,0.2392,16405.0
1103,6,64,698,689.314,64,698,11,0.6416,843.9,0.3269,10,complete,0.1317,16410.0
1104,6,35,433,340.589,35,433,5,0.6493,819.4,0.1238,10,complete,0.1425,16412.9
1105,3,57,1000,608.735,53,,9,0.4537,708.8,0.1731,29,step_limit,0.2173,16419.3
1106,5,71,743,876.308,71,743,12,0.4003,687.5,0.113,10,complete,0.0943,16424.2
1107,6,71,728,851.46,71,728,13,0.5884,942.5,0.1437,7,complete,0.1538,16429.3
1108,5,48,499,544.165,48,499,7,0.5619,791.9,0.0665,3,complete,0.1211,16432.5
1109,4,55,886,554.978,55,886,8,0.3634,618.3,0.2135,27,complete,0.1422,16438.3
1110,4,34,839,248.376,34,839,5,0.5539,782.8,0.2318,29,complete,0.2267,16443.7
1111,6,61,640,728.088,61,640,11,0.526,822.3,0.172,5,complete,0.0968,16448.1
1112,5,34,797,270.842,34,797,6,0.6632,983.6,0.1617,6,complete,0.188,16453.4
1113,5,45,523,555.869,45,523,8,0.5048,770.5,0.0844,5,complete,0.1266,16456.8
1114,3,76,1000,651.892,58,,10,0.4577,638.9,0.1981,26,step_limit,0.1971,16463.2
1115,3,29,843,223.771,29,843,4,0.4919,796.6,0.3492,175,complete,0.2763,16468.4
1116,3,80,1000,789.363,66,,12,0.4297,730.8,0.22,25,step_limit,0.1515,16474.8
1117,3,48,879,545.849,48,879,8,0.4164,731.1,0.2313,51,complete,0.1651,16480.4
1118,5,80,910,981.325,80,910,15,0.4653,760.3,0.1857,7,complete,0.127,16486.5
1119,6,54,551,596.17,54,551,8,0.5835,945.2,0.0997,2,complete,0.1439,16490.3
1120,4,57,1000,616.222,55,,10,0.5917,877.7,0.1345,17,step_limit,0.2331,16496.8
1121,5,43,722,416.434,43,722,7,0.5452,909.2,0.2176,21,complete,0.0927,16501.7
1122,3,56,1000,562.751,52,,9,0.395,646.7,0.3128,59,step_limit,0.1543,16508.0
1123,6,57,513,682.014,57,513,10,0.5565,803.5,0.1404,5,complete,0.125,16511.6
1124,5,77,964,841.515,77,964,12,0.4411,785.8,0.1418,8,complete,0.157,16518.0
1125,3,30,719,290.385,30,719,5,0.4784,762.4,0.2605,40,complete,0.2146,16522.5
1126,4,48,634,522.389,48,634,7,0.446,713.1,0.1981,10,complete,0.1295,16526.6
1127,5,45,518,457.834,45,518,6,0.4456,714.9,0.1363,9,complete,0.1178,16530.0
1128,4,54,970,569.272,54,970,9,0.6142,954.7,0.1503,16,complete,0.2545,16536.2
1129,4,52,785,547.541,52,785,8,0.4201,721.7,0.202,15,complete,0.1772,16541.3
1130,4,42,1000,336.777,41,,6,0.4968,825.4,0.2002,13,step_limit,0.202,16547.7
1131,5,68,888,740.415,68,888,11,0.5565,924.8,0.1711,9,complete,0.2102,16553.7
1132,4,65,1000,618.607,59,,10,0.527,828.1,0.1837,12,step_limit,0.2097,16560.2
1133,4,32,876,225.791,32,876,4,0.3975,584.7,0.231,14,complete,0.1382,16565.8
1134,6,76,1000,607.996,69,,11,0.6728,955.8,0.2069,7,step_limit,0.2037,16572.8
1135,6,79,564,1022.124,79,564,14,0.3989,649.1,0.1065,8,complete,0.0892,16576.7
1136,5,22,320,223.214,22,320,3,0.5069,836.7,0.0691,4,complete,0.1389,16578.7
1137,6,74,834,884.772,74,834,14,0.6199,974.0,0.1277,8,complete,0.1627,16584.4
1138,3,38,1000,264.907,32,,6,0.532,790.2,0.2302,43,step_limit,0.2283,16590.6
1139,5,31,477,280.057,31,477,4,0.4176,701.7,0.1929,6,complete,0.1414,16593.7
1140,4,47,757,537.698,47,757,8,0.4478,697.6,0.1094,9,complete,0.1693,16598.6
1141,4,37,539,372.179,37,539,5,0.564,879.8,0.243,12,complete,0.1082,16602.1
1142,4,53,1000,469.792,50,,8,0.562,961.0,0.239,40,step_limit,0.2065,16608.6
1143,3,48,1000,430.375,43,,7,0.4603,743.8,0.2099,25,step_limit,0.234,16614.9
1144,4,70,1000,756.487,67,,12,0.4943,813.0,0.2006,17,step_limit,0.2556,16621.4
1145,6,48,427,482.668,48,427,6,0.45,593.5,0.2871,8,complete,0.0821,16624.4
1146,4,45,1000,296.813,39,,6,0.6035,988.9,0.194,16,step_limit,0.2339,16630.8
1147,6,49,533,541.141,49,533,8,0.4515,740.7,0.1392,5,complete,0.0926,16634.4
1148,5,22,416,158.0,22,416,2,0.5534,797.5,0.2207,8,complete,0.1442,16637.2
1149,4,44,824,390.547,44,824,6,0.3944,593.4,0.2933,33,complete,0.1121,16642.5
1150,5,51,1000,385.239,50,,7,0.6468,1034.1,0.2438,20,step_limit,0.2,16649.2
1151,3,63,1000,490.38,49,,8,0.3903,699.8,0.242,61,step_limit,0.1634,16692.1
1152,3,47,1000,445.005,43,,8,0.4007,695.7,0.2651,56,step_limit,0.1852,16698.4
1153,4,44,1000,260.184,37,,7,0.5383,848.6,0.2349,20,step_limit,0.245,16705.0
1154,5,39,452,375.314,39,452,5,0.4646,860.0,0.2503,6,complete,0.1353,16708.1
1155,3,52,1000,473.129,46,,8,0.4763,779.3,0.3133,164,step_limit,0.2107,16714.4
1156,6,59,655,571.61,59,655,8,0.5293,860.4,0.2444,5,complete,0.1065,16719.0
1157,3,33,957,283.406,33,957,5,0.5427,792.2,0.2695,62,complete,0.2561,16725.0
1158,5,55,867,520.726,55,867,8,0.5912,966.0,0.1585,11,complete,0.1906,16730.7
1159,6,33,368,269.1,33,368,3,0.5476,717.4,0.2466,6,complete,0.0879,16733.3
1160,5,71,1000,700.052,70,,11,0.6812,997.7,0.1753,12,step_limit,0.2108,16740.1
1161,5,78,732,954.243,78,732,13,0.5437,833.4,0.1323,8,complete,0.1438,16745.0
1162,4,27,424,268.332,27,424,4,0.3473,606.6,0.2451,28,complete,0.1042,16747.7
1163,3,71,1000,564.482,53,,10,0.5127,726.6,0.2963,22,step_limit,0.2251,16754.1
1164,5,24,359,213.27,24,359,3,0.6412,985.9,0.2167,9,complete,0.1435,16756.4
1165,4,47,703,500.818,47,703,7,0.4509,760.5,0.1676,10,complete,0.1529,16760.9
1166,5,79,1000,701.978,73,,11,0.596,941.2,0.2764,12,step_limit,0.1877,16767.7
1167,4,74,975,881.664,74,975,13,0.4538,776.9,0.1696,13,complete,0.1508,16774.1
1168,4,68,1000,593.759,59,,10,0.3415,633.8,0.2789,37,step_limit,0.1396,16780.6
1169,3,79,1000,687.97,61,,10,0.3913,693.6,0.1809,31,step_limit,0.187,16786.9
1170,4,39,787,325.38,39,787,5,0.4632,756.2,0.2761,16,complete,0.1798,16792.0
1171,5,25,366,178.642,25,366,2,0.3639,569.2,0.2987,17,complete,0.0636,16794.4
1172,3,21,518,186.142,21,518,3,0.3559,595.1,0.2716,30,complete,0.14,16797.7
1173,6,53,455,563.543,53,455,7,0.4498,682.2,0.1445,9,complete,0.0877,16800.8
1174,4,51,839,572.098,51,839,9,0.5,703.7,0.1756,10,complete,0.1947,16806.2
1175,3,74,1000,710.816,59,,11,0.375,718.4,0.1633,48,step_limit,0.1737,16812.6
1176,4,66,1000,333.15,48,,7,0.661,1033.7,0.2759,34,step_limit,0.2716,16819.2
1177,4,66,1000,680.22,62,,11,0.409,679.0,0.2399,23,step_limit,0.1512,16825.8
1178,5,39,1000,226.92,38,,6,0.7118,1076.4,0.2671,15,step_limit,0.2208,16832.5
1179,4,21,544,136.168,21,544,3,0.6434,1058.4,0.3229,44,complete,0.2059,16836.0
1180,4,33,637,286.169,33,637,4,0.4859,756.6,0.2114,12,complete,0.1856,16840.0
1181,3,41,1000,236.109,34,,5,0.4943,786.9,0.331,26,step_limit,0.2361,16846.4
1182,6,48,890,369.456,48,890,7,0.6082,892.4,0.2307,5,complete,0.1436,16852.6
1183,5,22,334,172.264,22,334,2,0.5641,823.1,0.1189,5,complete,0.1282,16854.7
1184,6,24,244,207.766,24,244,1,0.5014,665.3,0.0385,5,complete,0.1184,16856.3
1185,4,79,1000,712.31,67,,11,0.5258,907.2,0.2397,19,step_limit,0.1766,16862.8
1186,3,43,1000,402.837,40,,6,0.4033,728.5,0.1389,16,step_limit,0.2395,16869.0
1187,5,80,769,916.525,80,769,12,0.4991,774.6,0.1503,7,complete,0.1648,16874.2
1188,4,67,1000,729.238,65,,11,0.4055,655.0,0.2143,20,step_limit,0.1292,16880.7
1189,5,67,1000,672.146,64,,11,0.63,944.3,0.1801,8,step_limit,0.1847,16887.4
1190,4,28,852,167.469,28,852,3,0.5009,823.3,0.1696,14,complete,0.2372,16892.8
1191,4,67,1000,740.709,65,,11,0.5312,890.6,0.1814,13,step_limit,0.2207,16899.3
1192,4,44,700,480.869,44,700,7,0.4879,804.8,0.1235,9,complete,0.1852,16903.9
1193,5,53,446,638.47,53,446,8,0.3619,634.2,0.1294,7,complete,0.0987,16906.8
1194,5,27,416,242.981,27,416,3,0.3639,622.7,0.084,3,complete,0.1321,16909.5
1195,6,57,454,716.045,57,454,10,0.4104,632.0,0.128,8,complete,0.0802,16912.6
1196,4,74,1000,849.338,72,,13,0.442,655.1,0.2185,26,step_limit,0.1654,16919.3
1197,6,25,264,207.239,25,264,2,0.5082,802.7,0.145,2,complete,0.0694,16921.1
1198,6,35,494,273.215,35,494,3,0.4791,860.6,0.0854,1,complete,0.1198,16924.4
1199,6,29,562,131.787,29,562,3,0.7239,1101.6,0.3092,6,complete,0.1842,16928.3
1200,3,40,610,470.572,40,610,6,0.3333,646.7,0.1522,22,complete,0.1187,16932.1
1201,3,43,1000,398.991,41,,7,0.4427,673.0,0.2596,46,step_limit,0.2308,16974.0
1202,4,25,293,299.662,25,293,4,0.4428,524.9,0.101,9,complete,0.0814,16975.9
1203,3,48,984,542.361,48,984,9,0.4255,683.2,0.1961,56,complete,0.2063,16982.1
1204,4,59,1000,502.985,53,,8,0.5915,834.0,0.1871,17,step_limit,0.25,16988.5
1205,6,53,393,602.506,53,393,7,0.5136,740.6,0.1099,5,complete,0.0995,16991.2
1206,3,45,1000,408.962,41,,7,0.465,728.3,0.3075,113,step_limit,0.1767,16997.5
1207,3,72,1000,622.609,55,,10,0.4447,769.3,0.1767,21,step_limit,0.2232,17003.9
1208,3,68,1000,590.711,55,,9,0.4477,757.6,0.2525,54,step_limit,0.2212,17010.2
1209,5,37,364,410.054,37,364,5,0.5824,830.2,0.0925,10,complete,0.1322,17012.6
1210,4,40,785,378.002,40,785,6,0.5347,884.1,0.2161,18,complete,0.1768,17017.7
1211,5,40,708,352.444,40,708,6,0.4175,680.5,0.2868,29,complete,0.1179,17022.5
1212,6,47,499,471.589,47,499,6,0.5598,915.5,0.111,5,complete,0.1382,17025.8
1213,6,44,558,388.617,44,558,5,0.6431,900.5,0.1521,6,complete,0.1261,17029.7
1214,4,54,952,586.344,54,952,9,0.5446,869.1,0.1954,34,complete,0.1729,17035.8
1215,3,71,1000,631.753,58,,10,0.4247,702.2,0.2801,40,step_limit,0.1797,17042.2
1216,6,68,865,727.483,68,865,12,0.6335,1050.5,0.1884,9,complete,0.1772,17048.1
1217,3,48,1000,467.772,46,,7,0.4523,770.7,0.1984,38,step_limit,0.2233,17054.4
1218,5,37,398,385.991,37,398,5,0.4302,788.7,0.1899,9,complete,0.0982,17057.0
1219,4,80,1000,787.99,67,,13,0.4743,712.1,0.1509,14,step_limit,0.178,17063.5
1220,4,63,1000,541.846,53,,9,0.3755,647.1,0.1642,13,step_limit,0.1881,17069.9
1221,3,21,504,212.124,21,504,3,0.4398,770.0,0.1452,29,complete,0.1597,17073.1
1222,3,59,986,724.075,59,986,10,0.3709,639.0,0.1284,22,complete,0.1394,17079.3
1223,4,25,488,197.153,25,488,3,0.5502,884.7,0.2958,31,complete,0.1979,17082.4
1224,4,53,1000,494.788,49,,8,0.3927,745.7,0.1605,13,step_limit,0.1869,17088.8
1225,3,66,1000,539.059,50,,9,0.4213,696.8,0.2117,28,step_limit,0.16,17095.2
1226,5,39,572,398.956,39,572,6,0.378,630.5,0.1939,6,complete,0.0932,17099.0
1227,6,70,599,823.396,70,599,11,0.5028,783.4,0.1426,7,complete,0.1,17103.1
1228,3,52,1000,448.514,44,,8,0.4403,736.9,0.2872,96,step_limit,0.1979,17109.4
1229,3,43,1000,439.881,42,,7,0.438,694.9,0.1676,28,step_limit,0.2233,17115.7
1230,3,79,1000,703.668,61,,11,0.4837,690.1,0.1887,44,step_limit,0.2514,17122.0
1231,4,30,400,324.51,30,400,4,0.4206,619.0,0.0679,2,complete,0.1368,17124.6
1232,4,67,916,784.133,67,916,11,0.3739,615.5,0.1762,10,complete,0.125,17130.6
1233,5,36,541,356.755,36,541,5,0.5213,852.2,0.1237,8,complete,0.1582,17134.1
1234,4,71,955,881.703,71,955,13,0.5005,796.1,0.1495,26,complete,0.18,17140.2
1235,5,57,775,595.721,57,775,9,0.5548,913.1,0.1971,19,complete,0.1623,17145.4
1236,6,53,618,547.254,53,618,8,0.6259,873.8,0.1855,7,complete,0.1348,17149.7
1237,5,71,1000,362.902,52,,10,0.6752,912.9,0.3684,90,step_limit,0.2542,17156.6
1238,6,65,848,723.932,65,848,12,0.6498,1003.5,0.1214,6,complete,0.2083,17162.5
1239,4,60,1000,475.052,54,,8,0.6292,945.2,0.3017,116,step_limit,0.2566,17169.0
1240,4,53,1000,427.651,48,,8,0.5897,948.1,0.2121,16,step_limit,0.2269,17175.6
1241,3,80,1000,748.288,64,,11,0.495,795.6,0.1857,31,step_limit,0.2047,17181.9
1242,5,25,357,274.339,25,357,4,0.488,820.7,0.0625,3,complete,0.1409,17184.2
1243,4,63,1000,529.082,55,,9,0.5903,921.2,0.2097,17,step_limit,0.2353,17190.8
1244,6,36,623,281.001,36,623,5,0.5987,916.2,0.1678,5,complete,0.1782,17195.0
1245,6,42,625,345.738,42,625,6,0.62,976.2,0.1648,5,complete,0.135,17199.3
1246,4,34,691,301.844,34,691,5,0.3111,516.3,0.2373,43,complete,0.0868,17203.7
1247,5,41,511,438.356,41,511,6,0.4736,942.2,0.1362,10,complete,0.1246,17207.1
1248,5,56,593,642.816,56,593,9,0.4776,747.1,0.0973,19,complete,0.1213,17211.0
1249,4,52,1000,513.491,49,,9,0.3668,637.9,0.136,10,step_limit,0.2,17217.4
1250,3,29,841,265.658,29,841,5,0.4843,783.2,0.1929,35,complete,0.1975,17222.6
1251,4,71,1000,753.08,66,,12,0.5535,899.6,0.1667,17,step_limit,0.2258,17265.9
1252,5,79,1000,786.177,72,,13,0.6206,898.0,0.1966,10,step_limit,0.194,17272.7
1253,6,71,729,826.589,71,729,13,0.6251,957.3,0.1728,10,complete,0.1316,17277.7
1254,6,47,886,344.368,47,886,6,0.5314,797.6,0.1309,5,complete,0.1495,17283.7
1255,5,70,956,820.061,70,956,13,0.5335,815.3,0.1407,11,complete,0.1591,17290.0
1256,3,67,1000,588.021,54,,9,0.4247,722.4,0.1884,42,step_limit,0.2185,17296.4
1257,4,41,1000,275.78,38,,5,0.5965,908.3,0.1688,18,step_limit,0.2273,17302.8
1258,5,41,661,331.769,41,661,5,0.5259,800.3,0.2294,21,complete,0.1385,17307.2
1259,4,67,1000,727.417,63,,12,0.5923,837.8,0.2203,16,step_limit,0.2242,17313.7
1260,3,20,642,179.796,20,642,3,0.4226,790.0,0.1144,19,complete,0.1939,17317.7
1261,4,45,758,487.162,45,758,7,0.4954,830.2,0.1778,12,complete,0.1742,17322.5
1262,3,61,1000,612.719,55,,9,0.4973,782.2,0.2213,32,step_limit,0.1875,17328.9
1263,6,34,504,257.468,34,504,4,0.457,760.3,0.1859,4,complete,0.086,17332.4
1264,6,31,270,302.582,31,270,3,0.3852,577.4,0.0589,1,complete,0.078,17334.2
1265,4,56,1000,524.711,53,,9,0.545,794.8,0.2008,20,step_limit,0.2043,17340.6
1266,4,23,321,275.36,23,321,4,0.3551,528.2,0.0822,7,complete,0.0778,17342.7
1267,3,63,1000,565.551,53,,9,0.4303,684.7,0.2267,44,step_limit,0.2145,17349.0
1268,3,39,780,437.98,39,780,7,0.4803,739.9,0.3143,49,complete,0.1526,17353.9
1269,5,70,808,856.001,70,808,13,0.5168,801.1,0.1413,8,complete,0.1419,17359.3
1270,5,39,437,411.514,39,437,5,0.5487,867.1,0.1032,11,complete,0.0983,17362.1
1271,3,74,1000,743.195,63,,11,0.319,682.3,0.2188,31,step_limit,0.157,17368.5
1272,5,20,418,118.456,20,418,2,0.5746,982.8,0.147,10,complete,0.1156,17371.2
1273,3,27,1000,100.309,23,,3,0.5357,716.2,0.2581,34,step_limit,0.2996,17377.5
1274,3,34,895,300.365,34,895,5,0.5508,760.8,0.2835,46,complete,0.25,17383.1
1275,3,29,844,212.833,29,844,4,0.5103,781.3,0.2941,79,complete,0.2542,17388.4
1276,6,62,862,615.055,62,862,10,0.6003,963.3,0.1517,3,complete,0.1771,17394.3
1277,3,77,1000,575.45,55,,10,0.399,572.5,0.3478,48,step_limit,0.1776,17400.7
1278,3,59,1000,442.298,45,,8,0.4953,751.0,0.2675,55,step_limit,0.2949,17407.0
1279,6,39,519,337.536,39,519,5,0.6487,1036.4,0.2307,9,complete,0.1364,17410.6
1280,4,31,566,303.035,31,566,5,0.5994,754.1,0.2598,18,complete,0.1484,17414.3
1281,3,36,1000,264.165,35,,5,0.5163,797.6,0.2863,65,step_limit,0.2847,17420.6
1282,4,39,678,379.209,39,678,6,0.4377,761.7,0.2131,39,complete,0.1433,17424.9
1283,3,43,1000,341.955,37,,7,0.418,723.3,0.2868,124,step_limit,0.1895,17431.2
1284,5,25,822,81.808,25,822,4,0.6591,1002.4,0.2533,24,complete,0.2314,17436.7
1285,6,74,872,778.251,74,872,12,0.413,683.1,0.2343,7,complete,0.1333,17442.7
1286,3,76,1000,612.875,55,,10,0.445,669.5,0.212,66,step_limit,0.2308,17449.0
1287,6,59,613,576.326,59,613,8,0.5905,879.3,0.1841,6,complete,0.1634,17453.3
1288,5,77,859,844.016,77,859,11,0.4191,676.8,0.1529,6,complete,0.1313,17459.0
1289,3,24,381,257.192,24,381,3,0.3631,613.3,0.1121,9,complete,0.0909,17461.4
1290,5,52,785,525.31,52,785,8,0.5829,876.6,0.1349,4,complete,0.1898,17466.6
1291,3,42,1000,425.97,41,,7,0.392,756.1,0.2223,64,step_limit,0.2067,17472.8
1292,3,77,1000,578.042,55,,9,0.4437,753.3,0.1726,31,step_limit,0.2054,17479.1
1293,5,76,1000,741.709,70,,11,0.583,860.3,0.1282,10,step_limit,0.2147,17485.8
1294,6,31,345,262.022,31,345,3,0.5488,820.2,0.2658,6,complete,0.1088,17488.2
1295,5,61,1000,234.552,46,,7,0.5872,839.5,0.2445,9,step_limit,0.2381,17495.0
1296,4,50,984,558.741,50,984,9,0.4263,738.7,0.1388,13,complete,0.1689,17501.3
1297,5,76,1000,614.423,66,,10,0.5538,818.3,0.1934,13,step_limit,0.1818,17507.9
1298,5,36,519,342.852,36,519,5,0.5056,769.2,0.1617,9,complete,0.1079,17511.3
1299,5,66,1000,643.275,63,,11,0.4684,784.4,0.2218,17,step_limit,0.155,17518.0
1300,3,21,490,184.323,21,490,3,0.4993,715.2,0.23,62,complete,0.1667,17521.1
1301,3,47,1000,493.871,42,,8,0.4597,759.8,0.1039,14,step_limit,0.2099,17562.0
1302,3,58,1000,552.248,50,,9,0.4027,779.6,0.2242,52,step_limit,0.1987,17568.2
1303,5,61,819,658.448,61,819,10,0.6672,978.8,0.1777,10,complete,0.1908,17573.7
1304,3,67,1000,691.874,59,,10,0.424,660.9,0.1655,25,step_limit,0.1494,17580.0
1305,6,61,502,675.545,61,502,8,0.5169,778.8,0.1272,3,complete,0.1105,17583.4
1306,3,79,1000,784.805,66,,11,0.351,586.7,0.134,25,step_limit,0.1532,17589.7
1307,5,73,974,869.921,73,974,14,0.484,735.3,0.1634,5,complete,0.1578,17596.2
1308,5,60,818,645.927,60,818,10,0.6254,1010.6,0.1342,7,complete,0.2136,17601.6
1309,6,77,746,829.178,77,746,12,0.5004,762.8,0.2201,9,complete,0.1309,17606.8
1310,5,72,822,854.448,72,822,12,0.5185,876.3,0.1141,9,complete,0.1587,17612.2
1311,3,60,1000,694.08,57,,10,0.4537,741.5,0.1362,20,step_limit,0.2164,17618.5
1312,5,59,864,629.779,59,864,11,0.5984,972.8,0.2603,12,complete,0.1664,17624.3
1313,3,72,1000,496.638,51,,9,0.4457,730.0,0.339,103,step_limit,0.1952,17630.7
1314,4,67,1000,403.905,50,,8,0.59,824.0,0.2794,43,step_limit,0.2478,17637.4
1315,6,58,511,661.594,58,511,9,0.5026,850.3,0.199,8,complete,0.0981,17640.9
1316,3,66,1000,517.772,48,,9,0.4323,744.0,0.1854,21,step_limit,0.2642,17647.2
1317,5,67,806,761.364,67,806,11,0.5129,892.2,0.1553,11,complete,0.1675,17652.6
1318,4,28,836,146.043,28,836,3,0.59,971.6,0.2515,16,complete,0.2336,17658.0
1319,4,34,918,257.58,34,918,6,0.5063,875.7,0.3057,21,complete,0.2262,17664.0
1320,4,57,1000,468.886,51,,8,0.5445,875.2,0.2763,31,step_limit,0.1625,17670.5
1321,6,59,495,689.14,59,495,9,0.4552,641.0,0.129,4,complete,0.0775,17673.9
1322,4,39,596,384.492,39,596,5,0.5352,862.4,0.1565,8,complete,0.1541,17677.8
1323,6,48,491,536.502,48,491,8,0.5954,878.8,0.1529,9,complete,0.1096,17681.1
1324,5,52,484,670.307,52,484,9,0.4442,686.1,0.0517,8,complete,0.0709,17684.2
1325,5,40,520,459.334,40,520,7,0.4227,648.7,0.1005,4,complete,0.093,17687.6
1326,3,40,1000,297.947,36,,6,0.538,797.0,0.3034,52,step_limit,0.2344,17694.0
1327,3,23,724,166.407,23,724,3,0.4761,749.2,0.2729,53,complete,0.2051,17698.6
1328,6,25,320,230.219,25,320,3,0.4417,808.5,0.1428,4,complete,0.131,17700.8
1329,3,51,998,587.787,51,998,9,0.4355,785.1,0.1688,46,complete,0.2569,17707.2
1330,6,42,877,237.569,42,877,6,0.6545,1073.8,0.158,17,complete,0.1873,17713.1
1331,6,48,566,416.662,48,566,6,0.6337,985.1,0.233,9,complete,0.1422,17717.1
1332,5,21,345,185.641,21,345,3,0.5333,861.8,0.2552,17,complete,0.1488,17719.4
1333,6,42,349,484.093,42,349,6,0.6079,892.9,0.103,3,complete,0.0805,17721.7
1334,6,30,475,243.766,30,475,4,0.5979,900.9,0.1679,7,complete,0.1287,17724.9
1335,5,52,723,542.257,52,723,9,0.4813,667.5,0.1824,14,complete,0.1327,17729.7
1336,4,31,679,310.981,31,679,5,0.4878,737.6,0.1126,9,complete,0.1397,17733.9
1337,5,70,744,841.712,70,744,12,0.4328,734.4,0.1394,5,complete,0.1339,17738.9
1338,3,80,1000,807.386,66,,12,0.4077,731.6,0.1718,22,step_limit,0.1641,17745.2
1339,5,74,1000,852.506,73,,14,0.4942,732.7,0.1872,33,step_limit,0.1281,17751.9
1340,5,77,1000,710.549,70,,12,0.6194,871.8,0.2198,14,step_limit,0.2,17758.7
1341,5,30,406,283.876,30,406,4,0.3123,575.9,0.1631,9,complete,0.08,17761.4
1342,6,59,812,583.204,59,812,10,0.6314,1018.5,0.1858,3,complete,0.1957,17767.0
1343,5,28,446,263.525,28,446,4,0.5233,842.9,0.1407,8,complete,0.1448,17770.0
1344,4,48,792,520.243,48,792,8,0.465,831.5,0.1716,21,complete,0.1489,17775.1
1345,3,61,1000,686.781,58,,10,0.4553,750.9,0.2168,43,step_limit,0.225,17781.4
1346,4,54,771,612.591,54,771,9,0.5097,708.7,0.1967,7,complete,0.1505,17786.3
1347,4,68,1000,652.864,60,,11,0.5615,856.4,0.203,17,step_limit,0.214,17792.7
1348,4,25,358,293.969,25,358,4,0.4909,720.7,0.0877,7,complete,0.1389,17795.0
1349,6,33,377,258.996,33,377,3,0.5928,836.3,0.2407,8,complete,0.1069,17797.6
1350,4,70,955,858.999,70,955,13,0.456,713.4,0.2091,27,complete,0.1484,17803.7
1351,4,42,620,441.434,42,620,6,0.4714,729.3,0.1976,30,complete,0.1404,17841.9
1352,3,30,904,271.546,30,904,5,0.4897,786.6,0.2431,36,complete,0.1917,17847.5
1353,3,55,1000,420.597,46,,7,0.445,718.4,0.2733,32,step_limit,0.2143,17853.8
1354,4,25,606,154.636,25,606,3,0.5899,952.5,0.2386,23,complete,0.2042,17857.7
1355,4,54,766,620.738,54,766,9,0.3913,571.9,0.1749,11,complete,0.1136,17862.6
1356,6,76,786,832.706,76,786,12,0.687,1047.2,0.1757,6,complete,0.161,17868.0
1357,4,61,1000,420.646,50,,8,0.6305,911.5,0.2354,75,step_limit,0.2412,17874.4
1358,5,36,448,416.661,36,448,6,0.4853,870.1,0.1264,5,complete,0.1353,17877.4
1359,3,38,1000,276.95,33,,6,0.561,756.9,0.2381,39,step_limit,0.2743,17883.6
1360,4,22,541,173.569,22,541,3,0.427,800.1,0.126,8,complete,0.1364,17887.1
1361,3,53,1000,554.131,48,,9,0.4667,744.0,0.1575,22,step_limit,0.2222,17893.3
1362,3,69,1000,517.244,53,,8,0.3783,640.9,0.2747,70,step_limit,0.1562,17899.7
1363,6,80,821,938.821,80,821,14,0.6303,935.5,0.1741,6,complete,0.1457,17905.3
1364,4,73,1000,628.909,59,,11,0.462,797.1,0.141,20,step_limit,0.2134,17911.8
1365,6,36,577,337.457,36,577,5,0.5809,966.9,0.0712,1,complete,0.1812,17915.6
1366,4,76,1000,788.122,68,,13,0.5195,873.7,0.2097,17,step_limit,0.2106,17922.2
1367,5,75,741,922.737,75,741,13,0.4702,694.2,0.1275,8,complete,0.1115,17927.1
1368,6,47,518,460.33,47,518,7,0.4994,825.7,0.2054,4,complete,0.1256,17930.7
1369,5,68,806,738.833,68,806,11,0.5995,904.8,0.2159,8,complete,0.1578,17936.1
1370,5,48,648,495.034,48,648,7,0.5611,978.1,0.122,4,complete,0.1816,17940.3
1371,6,24,251,170.806,24,251,1,0.5584,796.7,0.099,1,complete,0.0857,17942.0
1372,6,55,613,539.024,55,613,8,0.5919,916.5,0.1889,10,complete,0.1193,17946.2
1373,4,23,383,257.317,23,383,4,0.5307,730.5,0.1682,12,complete,0.128,17948.6
1374,3,27,1000,220.833,26,,5,0.524,742.2,0.2404,51,step_limit,0.257,17954.9
1375,4,63,1000,539.885,53,,10,0.5295,908.1,0.2009,13,step_limit,0.2179,17961.3
1376,6,56,656,597.686,56,656,10,0.5737,900.1,0.1758,4,complete,0.1395,17965.8
1377,4,60,940,601.183,60,940,9,0.5798,979.9,0.2497,24,complete,0.2284,17971.9
1378,3,73,1000,695.881,61,,10,0.3707,725.8,0.1899,21,step_limit,0.1896,17978.2
1379,4,49,751,570.473,49,751,9,0.494,791.5,0.2321,27,complete,0.1414,17983.1
1380,4,67,971,784.453,67,971,12,0.371,677.6,0.1916,18,complete,0.1271,17989.3
1381,4,63,901,705.078,63,901,10,0.4018,847.6,0.1815,27,complete,0.153,17995.2
1382,4,74,1000,596.024,60,,10,0.553,829.2,0.1572,13,step_limit,0.2458,18001.7
1383,4,48,1000,418.677,46,,8,0.5463,801.9,0.2468,50,step_limit,0.2128,18008.1
1384,6,26,362,209.663,26,362,3,0.6496,844.3,0.1245,6,complete,0.1277,18010.5
1385,4,38,695,416.548,38,695,7,0.3986,739.9,0.1228,12,complete,0.1318,18014.9
1386,3,20,533,157.411,20,533,2,0.3765,599.0,0.1649,19,complete,0.1418,18018.2
1387,5,36,704,294.425,36,704,6,0.5372,908.2,0.2075,13,complete,0.1627,18022.8
1388,3,50,1000,453.202,44,,8,0.5123,743.1,0.2602,25,step_limit,0.2067,18029.1
1389,4,77,936,967.606,77,936,14,0.4436,735.9,0.1324,8,complete,0.1551,18035.2
1390,6,20,192,155.476,20,192,1,0.4514,602.7,0.1303,9,complete,0.0806,18036.5
1391,6,64,627,645.271,64,627,8,0.4862,775.5,0.108,3,complete,0.1074,18040.8
1392,4,63,1000,675.799,60,,11,0.5092,749.7,0.1877,16,step_limit,0.1897,18047.2
1393,6,76,822,831.503,76,822,12,0.6142,1007.1,0.1641,8,complete,0.1531,18052.9
1394,5,23,432,141.645,23,432,2,0.6463,964.7,0.2637,11,complete,0.1814,18055.8
1395,4,25,654,172.137,25,654,3,0.4709,806.2,0.2022,12,complete,0.1542,18059.9
1396,4,59,1000,478.649,51,,9,0.5833,823.1,0.2167,17,step_limit,0.1955,18066.4
1397,6,49,594,452.756,49,594,7,0.5598,783.5,0.2043,4,complete,0.1004,18070.5
1398,5,66,746,771.742,66,746,11,0.5306,753.4,0.1682,7,complete,0.1162,18075.5
1399,3,69,1000,545.335,52,,9,0.4643,788.4,0.2308,31,step_limit,0.2381,18081.8
1400,3,50,1000,397.836,42,,8,0.402,711.3,0.3279,109,step_limit,0.2051,18088.1
1401,6,71,665,835.639,71,665,11,0.392,722.4,0.0584,3,complete,0.1083,18127.7
1402,4,44,794,442.507,44,794,7,0.5274,834.5,0.2766,15,complete,0.1758,18132.8
1403,4,67,1000,504.038,54,,9,0.519,783.6,0.1793,16,step_limit,0.2269,18139.3
1404,5,45,605,429.754,45,605,6,0.4526,749.9,0.1582,7,complete,0.1067,18143.3
1405,4,39,769,359.598,39,769,6,0.6404,1043.4,0.2391,12,complete,0.2143,18148.2
1406,4,67,1000,743.556,65,,11,0.4685,786.7,0.1505,30,step_limit,0.1528,18154.7
1407,6,73,1000,531.128,65,,11,0.666,954.5,0.2501,14,step_limit,0.2066,18161.8
1408,6,61,628,689.969,61,628,10,0.5995,920.0,0.1332,3,complete,0.1364,18166.1
1409,6,73,846,787.471,73,846,12,0.5965,822.6,0.1651,5,complete,0.1303,18172.0
1410,5,74,1000,805.668,73,,13,0.6082,939.7,0.1792,10,step_limit,0.191,18178.8
1411,4,29,543,260.887,29,543,4,0.5677,903.7,0.2268,36,complete,0.1652,18182.4
1412,6,25,290,209.784,25,290,2,0.4322,812.0,0.0955,2,complete,0.1023,18184.4
1413,3,67,1000,527.757,51,,9,0.4753,755.1,0.2644,41,step_limit,0.2296,18190.8
1414,4,55,1000,424.845,48,,8,0.639,907.8,0.2563,30,step_limit,0.2552,18197.3
1415,3,54,1000,486.168,45,,8,0.4803,724.9,0.1723,19,step_limit,0.2133,18203.7
1416,6,23,219,144.189,23,219,0,0.5921,792.5,0.1481,2,complete,0.0729,18205.2
1417,6,70,935,707.375,70,935,12,0.4531,682.0,0.2712,4,complete,0.0938,18211.7
1418,5,37,1000,-21.985,31,,3,0.6574,1059.8,0.2589,16,step_limit,0.2747,18218.5
1419,3,42,1000,461.693,41,,8,0.4903,761.2,0.1973,27,step_limit,0.2092,18224.8
1420,6,49,478,569.223,49,478,8,0.5352,732.8,0.0863,2,complete,0.1027,18228.0
1421,5,31,424,348.352,31,424,5,0.4354,724.9,0.0888,4,complete,0.1085,18230.8
1422,4,45,807,431.618,45,807,6,0.6081,826.2,0.182,11,complete,0.1902,18236.0
1423,6,34,354,393.209,34,354,5,0.4077,713.8,0.0568,5,complete,0.0818,18238.3
1424,4,23,400,214.335,23,400,3,0.6131,810.7,0.1842,6,complete,0.1437,18240.9
1425,4,56,1000,314.135,45,,7,0.5793,851.8,0.2651,16,step_limit,0.2797,18247.4
1426,6,80,774,931.568,80,774,14,0.5588,901.1,0.1868,11,complete,0.1525,18252.8
1427,6,76,671,934.859,76,671,13,0.4771,690.2,0.1191,4,complete,0.0848,18257.3
1428,6,31,499,193.265,31,499,3,0.6513,1018.3,0.1907,9,complete,0.161,18260.8
1429,3,48,1000,438.853,46,,7,0.4843,776.2,0.2942,48,step_limit,0.2189,18267.1
1430,3,37,965,362.313,37,965,6,0.4615,704.9,0.2023,30,complete,0.2234,18273.1
1431,5,26,864,53.106,26,864,3,0.7035,1120.2,0.2967,15,complete,0.2082,18279.0
1432,6,72,897,716.985,72,897,12,0.6243,969.3,0.2225,4,complete,0.1705,18285.2
1433,3,67,1000,492.826,50,,8,0.466,683.0,0.265,32,step_limit,0.2013,18291.5
1434,5,69,921,800.922,69,921,12,0.397,596.1,0.146,12,complete,0.0889,18297.7
1435,6,40,362,435.96,40,362,6,0.5608,739.9,0.1764,4,complete,0.1158,18300.1
1436,3,52,1000,469.39,45,,8,0.4297,689.7,0.2818,86,step_limit,0.1821,18306.4
1437,3,25,640,209.788,25,640,3,0.4401,745.9,0.2421,29,complete,0.1412,18310.4
1438,6,45,389,548.489,45,389,7,0.4019,599.1,0.0346,2,complete,0.053,18313.0
1439,6,68,705,756.237,68,705,11,0.5631,838.7,0.1566,22,complete,0.1287,18317.8
1440,4,31,459,307.009,31,459,4,0.5452,838.3,0.1253,10,complete,0.15,18320.7
1441,3,60,1000,520.498,50,,8,0.5227,719.4,0.1869,22,step_limit,0.2181,18327.0
1442,5,23,387,148.617,23,387,2,0.5643,813.0,0.2586,8,complete,0.1378,18329.6
1443,3,58,1000,494.859,48,,8,0.4667,773.5,0.1945,30,step_limit,0.1797,18335.9
1444,4,65,1000,527.114,55,,9,0.5218,827.5,0.2452,19,step_limit,0.2119,18342.4
1445,3,45,910,463.873,45,910,7,0.3216,518.9,0.295,92,complete,0.1219,18348.1
1446,3,50,1000,443.42,43,,8,0.4083,733.5,0.2649,44,step_limit,0.2112,18354.3
1447,6,30,280,304.194,30,280,3,0.4405,806.5,0.0412,0,complete,0.0593,18356.2
1448,3,28,822,277.225,28,822,5,0.4927,792.8,0.2126,41,complete,0.1948,18361.3
1449,6,33,636,200.056,33,636,4,0.6525,1088.3,0.2029,14,complete,0.151,18365.7
1450,3,34,587,364.339,34,587,5,0.4815,720.5,0.2486,30,complete,0.1925,18369.4
1451,3,36,996,352.756,36,996,6,0.4622,801.2,0.1775,19,complete,0.2344,18413.3
1452,5,58,880,560.759,58,880,9,0.5491,894.0,0.2065,14,complete,0.193,18419.2
1453,4,55,1000,485.185,50,,8,0.3167,572.7,0.1728,16,step_limit,0.137,18425.7
1454,3,74,1000,657.946,57,,11,0.3647,631.7,0.2159,26,step_limit,0.1849,18432.0
1455,3,42,863,473.481,42,863,7,0.3187,662.3,0.1513,34,complete,0.1724,18437.4
1456,4,36,784,335.931,36,784,6,0.5061,1032.3,0.1807,15,complete,0.1529,18442.4
1457,5,39,493,414.445,39,493,6,0.527,823.2,0.134,10,complete,0.1692,18445.7
1458,6,46,390,568.647,46,390,8,0.4714,805.7,0.0703,2,complete,0.1111,18448.3
1459,5,79,1000,729.457,69,,12,0.586,868.5,0.1714,7,step_limit,0.1954,18455.0
1460,6,73,852,675.925,73,852,11,0.6496,945.8,0.2912,10,complete,0.1872,18461.0
1461,3,79,1000,583.779,55,,9,0.4047,680.9,0.1424,17,step_limit,0.2087,18467.3
1462,4,42,1000,271.626,36,,6,0.5535,836.0,0.1708,10,step_limit,0.2398,18473.7
1463,4,46,703,512.356,46,703,7,0.5295,737.4,0.1309,11,complete,0.1494,18478.2
1464,5,22,351,171.643,22,351,2,0.5208,868.5,0.0736,5,complete,0.15,18480.5
1465,5,27,785,61.311,27,785,3,0.6097,979.9,0.2429,22,complete,0.203,18485.7
1466,4,49,1000,366.038,43,,7,0.5555,796.9,0.2269,21,step_limit,0.2126,18492.2
1467,3,45,1000,390.056,40,,7,0.4843,766.5,0.2519,31,step_limit,0.2128,18498.4
1468,5,68,666,819.731,68,666,12,0.4402,740.9,0.1636,17,complete,0.0962,18502.9
1469,3,36,997,273.819,36,997,5,0.5012,763.0,0.3726,170,complete,0.253,18509.1
1470,4,31,807,257.925,31,807,6,0.5753,980.2,0.255,19,complete,0.1867,18514.3
1471,5,62,894,596.607,62,894,9,0.6179,968.8,0.1951,7,complete,0.1892,18520.3
1472,5,31,392,305.926,31,392,4,0.5444,839.1,0.1068,4,complete,0.1407,18522.9
1473,4,75,1000,792.798,71,,12,0.492,806.8,0.2078,12,step_limit,0.1484,18529.5
1474,6,78,774,927.198,78,774,14,0.5502,836.1,0.1174,3,complete,0.122,18534.8
1475,5,46,854,386.76,46,854,7,0.6162,1053.0,0.1825,11,complete,0.2086,18540.5
1476,4,54,919,548.285,54,919,8,0.5411,828.7,0.1867,20,complete,0.1869,18546.5
1477,4,61,1000,491.947,54,,9,0.557,860.0,0.3082,24,step_limit,0.2058,18553.1
1478,5,45,635,481.467,45,635,7,0.6139,954.8,0.1026,6,complete,0.14,18557.3
1479,3,80,1000,545.774,53,,9,0.5047,769.5,0.2052,38,step_limit,0.2299,18563.7
1480,5,39,578,382.094,39,578,6,0.6498,934.9,0.1326,18,complete,0.1842,18567.5
1481,3,70,1000,569.051,54,,9,0.4537,774.7,0.2433,35,step_limit,0.2118,18573.8
1482,3,62,1000,619.425,56,,9,0.31,607.6,0.2244,28,step_limit,0.1358,18580.1
1483,4,39,1000,180.237,36,,5,0.6108,979.5,0.3303,56,step_limit,0.2424,18586.6
1484,6,69,805,697.808,69,805,11,0.5588,833.0,0.2325,6,complete,0.1607,18592.1
1485,4,51,964,453.145,51,964,7,0.5296,832.6,0.2103,15,complete,0.2009,18598.3
1486,5,66,1000,526.09,61,,9,0.6174,947.1,0.1812,15,step_limit,0.2115,18605.0
1487,3,37,844,386.258,37,844,6,0.4013,666.2,0.1979,26,complete,0.149,18610.2
1488,4,62,1000,606.706,58,,10,0.5635,873.4,0.2481,20,step_limit,0.1798,18616.7
1489,3,24,898,121.285,24,898,2,0.4235,780.3,0.2049,38,complete,0.1963,18622.3
1490,4,77,1000,753.234,69,,12,0.5693,770.1,0.2174,16,step_limit,0.2183,18628.8
1491,6,59,529,625.226,59,529,8,0.5095,908.6,0.1518,5,complete,0.148,18632.4
1492,5,60,1000,426.594,53,,8,0.5812,958.3,0.1714,20,step_limit,0.193,18639.0
1493,3,29,851,272.891,29,851,5,0.4732,752.9,0.2613,40,complete,0.2412,18644.4
1494,3,78,1000,786.394,66,,11,0.3313,634.5,0.1004,18,step_limit,0.1356,18650.7
1495,4,34,587,338.675,34,587,5,0.4911,840.9,0.214,7,complete,0.1507,18654.5
1496,6,31,518,201.007,31,518,3,0.5595,890.8,0.2081,3,complete,0.1167,18658.0
1497,6,57,877,502.666,57,877,9,0.6724,976.8,0.234,9,complete,0.1696,18664.2
1498,4,27,579,259.954,27,579,5,0.5384,830.4,0.2166,11,complete,0.1411,18667.8
1499,5,31,687,151.31,31,687,3,0.6894,1071.0,0.2817,28,complete,0.2147,18672.4
1500,3,50,1000,496.167,48,,8,0.4827,722.3,0.2906,37,step_limit,0.1974,18678.7
