episode,n_drones,n_dests,steps,team_reward,delivered,makespan,reloads,hop2plus,max_reach,stall_ratio,max_stall_run,term_reason,relay_frac,wall_sec
1,6,57,1000,509.337,52,,8,0.5222,788.5,0.3283,11,step_limit,0.1608,3.2
2,3,50,1000,342.274,37,,5,0.4527,746.0,0.4145,57,step_limit,0.1992,4.9
3,6,72,1000,704.083,65,,11,0.5672,761.9,0.2876,19,step_limit,0.1379,7.7
4,3,46,1000,441.152,40,,7,0.2923,548.7,0.2027,33,step_limit,0.1584,13.4
5,4,58,1000,292.241,40,,5,0.6552,1013.7,0.3782,37,step_limit,0.3308,57.6
6,3,61,1000,728.908,58,,10,0.508,782.6,0.264,39,step_limit,0.2963,117.2
7,3,30,658,360.18,30,658,5,0.4965,779.0,0.1771,51,complete,0.3476,154.2
8,3,69,1000,741.07,60,,10,0.4897,779.5,0.3209,112,step_limit,0.2467,212.7
9,4,66,1000,657.358,57,,10,0.619,854.6,0.3503,77,step_limit,0.312,269.6
10,4,26,530,292.877,26,530,4,0.5274,808.8,0.3733,29,complete,0.3,298.9
11,6,32,245,336.125,32,245,3,0.4993,691.9,0.2048,10,complete,0.1771,313.7
12,4,35,481,419.834,35,481,5,0.4558,708.1,0.25,20,complete,0.2077,341.9
13,4,23,339,258.405,23,339,3,0.4565,808.2,0.1359,10,complete,0.25,360.6
14,3,61,1000,659.338,55,,9,0.485,785.6,0.2371,45,step_limit,0.3048,417.5
15,5,78,870,986.244,78,870,13,0.5074,761.4,0.316,14,complete,0.2153,468.3
16,6,46,409,587.743,46,409,8,0.544,884.7,0.1301,6,complete,0.1961,492.6
17,5,74,647,973.481,74,647,13,0.5051,775.3,0.245,10,complete,0.178,530.0
18,4,24,329,258.173,24,329,3,0.5099,758.5,0.2815,12,complete,0.2143,549.5
19,5,24,455,235.042,24,455,3,0.5833,830.4,0.3057,17,complete,0.264,574.5
20,4,66,738,851.474,66,738,11,0.4112,629.8,0.4005,26,complete,0.153,618.2
21,4,43,458,547.522,43,458,7,0.4154,616.9,0.1271,9,complete,0.1733,645.1
22,4,43,404,558.398,43,404,7,0.3787,495.9,0.1698,30,complete,0.1267,669.1
23,3,22,498,274.21,22,498,4,0.5663,776.6,0.258,32,complete,0.22,697.3
24,4,35,699,358.84,35,699,5,0.3948,772.9,0.2674,11,complete,0.1549,736.0
25,5,25,365,262.09,25,365,3,0.5195,884.5,0.0818,9,complete,0.2298,756.0
26,4,79,1000,947.241,75,,13,0.48,666.1,0.3459,111,step_limit,0.1866,812.7
27,6,63,821,708.169,63,821,10,0.6476,1116.1,0.304,11,complete,0.229,864.7
28,3,77,1000,731.349,60,,10,0.4723,742.1,0.4021,216,step_limit,0.1961,923.2
29,4,34,596,339.36,34,596,4,0.6011,882.9,0.3817,22,complete,0.1929,955.3
30,4,25,928,127.024,25,928,2,0.6425,889.5,0.465,115,complete,0.2692,1008.6
31,6,68,543,883.388,68,543,12,0.519,787.1,0.0884,8,complete,0.1417,1040.9
32,4,79,1000,875.362,75,,12,0.506,818.8,0.247,36,step_limit,0.2757,1097.5
33,4,62,1000,659.748,59,,9,0.5813,926.6,0.3071,32,step_limit,0.2357,1154.5
34,4,33,451,391.996,33,451,5,0.4612,650.9,0.3396,23,complete,0.1694,1180.2
35,4,26,334,309.409,26,334,4,0.5419,671.1,0.1563,8,complete,0.1902,1198.8
36,4,57,928,689.996,57,928,9,0.5929,931.7,0.337,60,complete,0.2387,1249.5
37,4,29,1000,251.172,28,,4,0.6673,967.4,0.6551,174,step_limit,0.2238,1302.1
38,5,63,673,805.81,63,673,11,0.5807,860.0,0.2111,26,complete,0.1491,1340.4
39,5,44,908,392.861,44,908,5,0.6322,888.3,0.4687,30,complete,0.2538,1390.4
40,6,56,480,693.329,56,480,9,0.5646,853.0,0.262,5,complete,0.1174,1419.4
41,6,21,272,163.08,21,272,1,0.6268,933.9,0.2272,2,complete,0.1716,1435.0
42,3,24,522,230.34,24,522,2,0.5243,794.0,0.3623,43,complete,0.2121,1464.0
43,4,52,743,696.449,52,743,10,0.5303,791.6,0.2673,23,complete,0.1302,1505.1
44,4,72,813,967.897,72,813,13,0.4228,749.3,0.3268,36,complete,0.1504,1551.2
45,4,52,925,598.038,52,925,8,0.6208,1019.0,0.3115,35,complete,0.2905,1601.1
46,6,72,507,890.872,72,507,11,0.4231,640.8,0.2441,8,complete,0.1074,1631.7
47,4,69,853,893.99,69,853,12,0.4818,716.2,0.3008,47,complete,0.1686,1681.7
48,4,56,739,689.211,56,739,9,0.5101,723.8,0.2382,10,complete,0.1769,1725.7
49,6,78,625,948.831,78,625,12,0.5891,878.5,0.1365,5,complete,0.1639,1761.1
50,5,40,1000,64.088,32,,3,0.4868,942.2,0.1966,9,step_limit,0.3191,1800.9
51,6,51,361,641.846,51,361,8,0.494,742.1,0.0953,3,complete,0.0892,2033.5
52,3,42,796,552.799,42,796,8,0.4933,727.6,0.2285,48,complete,0.2199,2070.9
53,6,60,757,618.37,60,757,8,0.4555,625.7,0.4856,43,complete,0.0971,2112.4
54,4,49,488,624.072,49,488,8,0.4462,630.4,0.0483,5,complete,0.1369,2141.7
55,4,40,403,488.38,40,403,6,0.4268,700.1,0.1622,12,complete,0.1192,2165.5
56,5,61,666,749.725,61,666,10,0.5204,832.7,0.2322,10,complete,0.1429,2203.4
57,3,53,1000,590.066,48,,9,0.4787,784.7,0.3115,57,step_limit,0.2421,2257.8
58,6,57,611,680.403,57,611,9,0.626,934.6,0.325,10,complete,0.1545,2293.8
59,3,50,974,641.798,50,974,9,0.4788,772.0,0.3211,72,complete,0.2061,2346.2
60,4,21,379,223.64,21,379,3,0.5554,753.3,0.2498,13,complete,0.1534,2366.6
61,5,26,369,271.819,26,369,3,0.5751,851.4,0.2172,10,complete,0.1592,2387.5
62,5,55,593,635.114,55,593,8,0.6044,895.4,0.2795,10,complete,0.2083,2421.6
63,6,68,739,768.41,68,739,9,0.5866,954.2,0.3637,7,complete,0.1711,2464.0
64,3,41,1000,387.361,38,,5,0.516,765.2,0.5243,167,step_limit,0.1875,2517.0
65,5,68,826,833.524,68,826,11,0.4646,659.8,0.4647,37,complete,0.112,2563.6
66,3,61,1000,770.389,59,,11,0.302,607.1,0.3804,82,step_limit,0.1368,2619.0
67,3,53,939,652.832,53,939,9,0.5112,773.1,0.2221,35,complete,0.2973,2670.2
68,3,44,907,560.949,44,907,8,0.4087,670.7,0.3438,39,complete,0.1875,2719.1
69,4,34,477,369.908,34,477,4,0.4575,725.3,0.2493,22,complete,0.1855,2745.4
70,4,31,1000,152.065,26,,4,0.6222,1023.5,0.5948,186,step_limit,0.3206,2798.7
71,5,71,624,958.885,71,624,13,0.4122,585.1,0.2111,17,complete,0.0865,2835.5
72,3,53,1000,475.23,44,,7,0.5187,754.4,0.4338,82,step_limit,0.2617,2892.0
73,4,21,603,165.004,21,603,2,0.6787,1057.3,0.4132,45,complete,0.2759,2926.6
74,5,45,581,541.206,45,581,7,0.4912,853.2,0.1974,11,complete,0.1494,2960.8
75,5,40,589,438.0,40,589,6,0.5477,789.4,0.4031,10,complete,0.1838,2994.0
76,4,75,1000,612.981,58,,9,0.6258,830.1,0.4521,80,step_limit,0.2609,3049.8
77,5,24,315,233.813,24,315,2,0.6235,917.9,0.2572,10,complete,0.1415,3067.6
78,4,64,1000,727.519,60,,10,0.6258,837.0,0.3821,44,step_limit,0.188,3122.7
79,3,41,1000,454.783,40,,6,0.5403,779.9,0.3407,59,step_limit,0.2903,3178.0
80,3,69,1000,757.196,60,,11,0.3267,615.2,0.2698,41,step_limit,0.2028,3235.2
81,6,47,476,586.64,47,476,8,0.5784,828.7,0.2473,17,complete,0.1425,3262.4
82,6,69,632,834.828,69,632,11,0.6073,901.1,0.2638,6,complete,0.1988,3299.0
83,5,31,875,315.669,31,875,5,0.6928,907.0,0.3792,15,complete,0.1899,3344.6
84,3,33,1000,268.464,29,,4,0.445,787.2,0.4485,90,step_limit,0.2048,3397.8
85,4,38,594,451.345,38,594,6,0.4415,550.1,0.2652,14,complete,0.1199,3430.8
86,6,24,283,243.045,24,283,3,0.712,820.3,0.1584,4,complete,0.1889,3447.6
87,3,30,755,360.72,30,755,5,0.4512,730.0,0.2508,51,complete,0.2,3489.4
88,4,38,795,397.221,38,795,5,0.6318,931.3,0.4349,100,complete,0.1844,3534.1
89,3,57,1000,619.258,51,,9,0.4787,776.0,0.2814,61,step_limit,0.2113,3590.1
90,6,21,231,147.14,21,231,0,0.6919,988.2,0.134,3,complete,0.1465,3603.2
91,6,77,695,966.671,77,695,13,0.6345,904.4,0.2092,7,complete,0.1587,3643.9
92,4,69,1000,833.154,67,,12,0.5238,869.5,0.241,17,step_limit,0.2254,3699.1
93,6,60,440,807.8,60,440,11,0.5117,755.1,0.1962,9,complete,0.0761,3725.0
94,6,45,474,504.147,45,474,6,0.488,760.9,0.2002,8,complete,0.1291,3750.5
95,4,71,1000,875.161,67,,13,0.4637,671.9,0.3343,36,step_limit,0.1732,3793.5
96,3,74,1000,651.115,56,,9,0.478,720.0,0.3474,50,step_limit,0.2139,3835.3
97,6,47,439,539.698,47,439,6,0.5843,789.7,0.1713,10,complete,0.0934,3853.8
98,6,50,553,592.16,50,553,8,0.6799,952.8,0.2462,13,complete,0.157,3877.7
99,6,35,511,381.569,35,511,5,0.6272,789.4,0.2946,14,complete,0.1905,3900.0
100,3,40,880,463.247,40,880,6,0.5133,732.5,0.3438,42,complete,0.1889,3939.2
101,3,23,626,231.985,23,626,3,0.3839,719.4,0.2734,34,complete,0.1751,4227.3
102,3,21,454,266.037,21,454,4,0.4934,781.1,0.2435,17,complete,0.2157,4252.8
103,6,72,582,921.013,72,582,12,0.502,720.2,0.2378,5,complete,0.1345,4287.7
104,3,27,924,247.336,27,924,3,0.5952,799.4,0.4625,321,complete,0.2928,4337.0
105,4,63,1000,816.133,61,,12,0.3875,744.1,0.1938,16,step_limit,0.1261,4394.1
106,5,58,498,723.212,58,498,9,0.5542,732.3,0.1386,6,complete,0.1489,4424.0
107,6,75,950,892.08,75,950,13,0.7082,1070.9,0.2636,17,complete,0.229,4477.3
108,4,55,926,626.589,55,926,8,0.6164,927.5,0.3153,48,complete,0.2415,4528.4
109,5,64,915,778.289,64,915,11,0.6175,929.3,0.2841,14,complete,0.1597,4579.1
110,4,55,771,685.32,55,771,9,0.546,842.3,0.2883,23,complete,0.1619,4622.0
111,5,67,1000,689.478,65,,10,0.6298,964.5,0.3705,35,step_limit,0.2146,4676.3
112,4,46,1000,510.904,45,,7,0.609,918.9,0.3886,19,step_limit,0.1905,4731.9
113,5,43,575,520.576,43,575,7,0.5061,660.5,0.3664,32,complete,0.1333,4763.6
114,3,80,1000,498.746,48,,7,0.459,687.1,0.5266,278,step_limit,0.2468,4817.1
115,6,78,525,946.477,78,525,11,0.4784,718.9,0.1486,5,complete,0.1038,4848.9
116,5,72,938,928.294,72,938,13,0.5802,860.8,0.2875,21,complete,0.1702,4901.1
117,4,54,738,674.665,54,738,9,0.5129,704.5,0.2126,11,complete,0.1888,4943.1
118,3,63,1000,663.21,55,,9,0.4983,777.6,0.3223,39,step_limit,0.2091,4999.1
119,6,66,643,807.429,66,643,11,0.6226,790.1,0.2985,6,complete,0.1404,5035.9
120,5,70,850,854.407,70,850,11,0.592,886.0,0.1592,12,complete,0.1731,5085.3
121,5,45,566,533.567,45,566,7,0.6428,800.8,0.1758,8,complete,0.1732,5117.0
122,5,26,714,210.146,26,714,3,0.7317,1031.9,0.4234,17,complete,0.2667,5154.5
123,6,30,444,297.92,30,444,4,0.7027,827.5,0.2692,7,complete,0.1962,5179.5
124,3,80,1000,766.61,65,,10,0.5043,674.7,0.2423,32,step_limit,0.2158,5235.9
125,6,41,396,472.669,41,396,6,0.6221,746.9,0.1313,2,complete,0.1349,5259.2
126,4,50,1000,446.384,46,,6,0.645,988.0,0.3836,37,step_limit,0.25,5313.8
127,4,37,885,418.968,37,885,6,0.6234,889.9,0.3505,36,complete,0.2812,5362.4
128,3,42,978,528.153,42,978,8,0.4806,795.7,0.2473,37,complete,0.2871,5416.9
129,5,52,753,653.763,52,753,10,0.5299,852.7,0.2752,12,complete,0.1729,5458.6
130,3,40,1000,356.24,35,,6,0.5763,758.4,0.4515,69,step_limit,0.2375,5512.6
131,4,39,639,469.691,39,639,6,0.5524,641.9,0.247,71,complete,0.1689,5547.2
132,6,63,726,750.411,63,726,10,0.5083,710.1,0.3983,13,complete,0.1422,5589.1
133,4,61,678,818.657,61,678,11,0.4912,769.9,0.1789,15,complete,0.1707,5627.5
134,5,22,295,194.045,22,295,1,0.3946,690.3,0.2319,5,complete,0.103,5643.7
135,3,20,514,222.44,20,514,3,0.5285,717.5,0.2536,22,complete,0.2313,5671.6
136,6,57,511,722.972,57,511,10,0.5766,841.0,0.2143,3,complete,0.1308,5702.2
137,4,24,419,251.073,24,419,3,0.4696,711.0,0.1304,9,complete,0.1765,5724.7
138,5,35,411,361.236,35,411,4,0.4662,598.8,0.203,7,complete,0.1254,5747.8
139,4,29,739,274.757,29,739,3,0.4486,825.0,0.2139,10,complete,0.125,5787.8
140,3,32,1000,306.169,30,,5,0.519,781.4,0.3907,39,step_limit,0.2093,5842.0
141,4,54,875,634.37,54,875,9,0.4689,608.6,0.307,59,complete,0.1583,5891.4
142,3,42,1000,450.75,39,,7,0.3853,669.7,0.2992,28,step_limit,0.1959,5945.9
143,3,23,631,237.94,23,631,3,0.5071,754.9,0.3376,67,complete,0.2527,5980.7
144,4,61,989,753.889,61,989,11,0.5124,835.0,0.3001,30,complete,0.1639,6030.0
145,4,64,1000,784.312,63,,11,0.5032,744.1,0.2838,48,step_limit,0.2016,6070.0
146,3,71,1000,878.044,67,,12,0.45,791.6,0.23,52,step_limit,0.1837,6112.8
147,3,48,1000,530.788,44,,8,0.399,689.4,0.3018,31,step_limit,0.1821,6154.9
148,5,36,533,392.031,36,533,5,0.6837,1016.2,0.2125,7,complete,0.1939,6178.3
149,5,40,541,497.775,40,541,7,0.4773,846.5,0.2892,8,complete,0.1441,6200.3
150,4,26,594,282.517,26,594,4,0.5261,803.3,0.2751,18,complete,0.1836,6224.8
151,5,70,703,937.879,70,703,13,0.5755,848.7,0.2601,10,complete,0.1491,6524.1
152,6,48,468,549.182,48,468,7,0.6403,817.7,0.2108,8,complete,0.14,6551.4
153,6,57,534,686.213,57,534,9,0.638,945.5,0.1821,4,complete,0.1576,6581.5
154,6,34,281,410.299,34,281,5,0.5148,727.2,0.1144,5,complete,0.1224,6597.8
155,6,80,851,982.422,80,851,14,0.6772,914.0,0.2942,13,complete,0.204,6647.9
156,6,59,565,740.229,59,565,10,0.6215,907.3,0.201,11,complete,0.1767,6683.0
157,3,42,1000,358.629,36,,6,0.3977,625.7,0.4507,130,step_limit,0.1954,6736.6
158,5,76,759,951.392,76,759,12,0.4912,601.6,0.2938,26,complete,0.1138,6781.4
159,6,47,390,574.247,47,390,7,0.5714,850.3,0.2181,4,complete,0.1142,6805.0
160,3,62,1000,554.979,49,,8,0.4683,769.8,0.3981,128,step_limit,0.2147,6858.8
161,4,31,889,323.885,31,889,5,0.4508,802.2,0.3058,19,complete,0.1928,6906.6
162,4,26,816,260.683,26,816,4,0.5983,949.5,0.3043,17,complete,0.2355,6949.0
163,5,21,728,136.505,21,728,2,0.7418,1071.2,0.4457,10,complete,0.2737,6987.8
164,6,79,786,994.559,79,786,14,0.6463,988.2,0.2548,11,complete,0.1601,7032.2
165,6,47,342,544.714,47,342,6,0.4937,789.5,0.1979,6,complete,0.1045,7052.5
166,4,77,1000,1008.722,76,,14,0.51,880.8,0.2125,19,step_limit,0.1576,7108.6
167,5,77,1000,589.961,60,,9,0.6876,944.2,0.5059,60,step_limit,0.2068,7163.6
168,6,29,322,319.321,29,322,4,0.631,797.5,0.1975,3,complete,0.1486,7182.4
169,6,59,562,752.277,59,562,10,0.6569,938.7,0.227,4,complete,0.1667,7215.7
170,4,74,1000,665.957,59,,10,0.5825,820.9,0.4285,109,step_limit,0.2521,7271.2
171,5,34,359,364.712,34,359,4,0.5175,598.5,0.2395,27,complete,0.0784,7292.4
172,3,43,1000,242.807,28,,5,0.461,662.6,0.5992,223,step_limit,0.2299,7347.8
173,4,35,995,323.046,35,995,5,0.6307,933.5,0.3634,23,complete,0.25,7401.9
174,6,43,457,513.05,43,457,7,0.4292,785.0,0.2522,6,complete,0.1262,7429.0
175,6,30,699,253.76,30,699,4,0.7742,1057.1,0.4201,28,complete,0.2199,7467.7
176,6,29,370,340.131,29,370,5,0.618,963.0,0.1767,4,complete,0.1633,7488.4
177,3,45,1000,493.38,41,,8,0.496,773.6,0.3437,58,step_limit,0.244,7543.5
178,3,20,548,210.665,20,548,3,0.531,773.2,0.2333,60,complete,0.24,7571.9
179,6,66,1000,627.618,61,,10,0.7107,989.8,0.4119,21,step_limit,0.219,7627.8
180,6,22,235,214.436,22,235,2,0.5262,672.9,0.0895,2,complete,0.1389,7641.1
181,6,77,778,985.037,77,778,14,0.6829,913.9,0.2013,11,complete,0.1667,7686.0
182,4,74,1000,832.043,65,,13,0.5225,850.4,0.2825,44,step_limit,0.2362,7741.7
183,6,40,338,446.245,40,338,5,0.4566,639.5,0.2301,6,complete,0.1102,7762.9
184,4,77,1000,963.371,75,,13,0.5405,848.4,0.2498,20,step_limit,0.1647,7818.3
185,5,72,1000,866.576,70,,13,0.6372,894.6,0.3152,12,step_limit,0.1952,7876.0
186,5,74,897,971.596,74,897,14,0.5585,762.9,0.2993,22,complete,0.1323,7927.3
187,3,65,1000,619.012,53,,9,0.4197,699.9,0.3628,51,step_limit,0.197,7982.1
188,3,80,1000,565.05,51,,9,0.5443,742.3,0.3201,59,step_limit,0.2294,8036.4
189,5,55,771,657.541,55,771,9,0.6345,875.6,0.3072,10,complete,0.1607,8079.7
190,4,36,833,403.413,36,833,6,0.6333,940.7,0.2813,24,complete,0.2126,8126.0
191,3,28,740,294.186,28,740,4,0.4658,793.6,0.3122,38,complete,0.1754,8166.3
192,6,74,589,910.176,74,589,11,0.5586,828.2,0.1403,3,complete,0.1283,8202.5
193,4,61,1000,669.338,57,,10,0.5923,890.7,0.253,18,step_limit,0.2047,8254.9
194,6,73,589,961.874,73,589,13,0.4935,764.1,0.1967,8,complete,0.0857,8286.0
195,5,69,1000,755.514,66,,11,0.5996,995.4,0.2763,18,step_limit,0.187,8332.2
196,4,47,727,584.384,47,727,8,0.3855,697.8,0.1986,19,complete,0.1308,8362.0
197,5,27,410,296.981,27,410,4,0.662,866.3,0.2371,9,complete,0.1174,8379.2
198,4,56,690,737.479,56,690,10,0.387,651.0,0.2189,14,complete,0.1346,8408.5
199,3,57,1000,748.042,56,,11,0.5013,790.0,0.1974,30,step_limit,0.2203,8449.1
200,6,64,756,784.812,64,756,11,0.6369,976.4,0.2464,10,complete,0.1798,8480.3
201,6,38,896,315.661,38,896,5,0.774,1094.1,0.3841,25,complete,0.2083,8780.9
202,3,32,1000,267.403,30,,4,0.551,792.5,0.3934,39,step_limit,0.2481,8839.5
203,4,23,308,257.941,23,308,3,0.3977,658.0,0.0893,10,complete,0.1037,8858.2
204,4,38,601,461.034,38,601,6,0.4056,761.7,0.3081,34,complete,0.1268,8893.8
205,4,27,478,270.495,27,478,3,0.4937,687.8,0.2682,19,complete,0.1759,8922.7
206,3,58,1000,641.603,55,,8,0.495,801.3,0.1998,27,step_limit,0.2708,8980.4
207,4,52,897,632.566,52,897,9,0.5931,1027.4,0.2533,11,complete,0.2132,9030.8
208,4,60,1000,517.953,50,,8,0.6435,933.8,0.3772,28,step_limit,0.2619,9087.5
209,3,72,1000,338.888,38,,6,0.4063,801.1,0.4464,162,step_limit,0.2559,9142.9
210,6,39,382,437.526,39,382,5,0.5572,708.1,0.2226,10,complete,0.1042,9165.1
211,3,55,1000,528.393,48,,7,0.4837,771.1,0.2933,46,step_limit,0.27,9219.8
212,4,62,757,796.617,62,757,11,0.4676,741.4,0.1965,13,complete,0.1482,9264.8
213,5,77,615,971.263,77,615,12,0.4686,623.3,0.2,29,complete,0.1,9300.0
214,4,44,780,498.382,44,780,7,0.4679,660.3,0.297,30,complete,0.1389,9343.9
215,3,49,831,602.917,49,831,8,0.5154,774.3,0.2561,29,complete,0.2125,9389.2
216,6,29,474,286.636,29,474,4,0.7437,961.4,0.2593,8,complete,0.1901,9416.1
217,5,36,405,420.014,36,405,5,0.5165,658.9,0.2232,9,complete,0.0969,9439.8
218,5,55,514,733.127,55,514,10,0.5296,703.4,0.1629,12,complete,0.12,9470.5
219,3,35,977,386.056,35,977,6,0.5193,789.9,0.285,38,complete,0.2986,9525.4
220,6,73,582,961.776,73,582,13,0.632,832.4,0.1298,5,complete,0.149,9561.0
221,6,25,215,179.668,25,215,0,0.6132,837.6,0.1953,3,complete,0.081,9573.9
222,4,30,893,280.72,30,893,4,0.6506,798.2,0.3541,19,complete,0.2273,9621.7
223,4,45,815,505.676,45,815,7,0.5752,1008.8,0.3211,15,complete,0.2364,9668.5
224,5,76,1000,743.934,66,,12,0.697,1070.0,0.3425,47,step_limit,0.2313,9725.1
225,5,70,782,878.114,70,782,12,0.5918,762.2,0.2813,12,complete,0.1589,9771.0
226,6,73,594,944.634,73,594,13,0.461,712.7,0.2984,10,complete,0.0952,9806.8
227,6,56,463,733.777,56,463,10,0.5234,810.7,0.2555,10,complete,0.1187,9835.2
228,5,24,324,224.133,24,324,2,0.6383,855.1,0.182,7,complete,0.165,9853.6
229,3,32,960,338.553,32,960,5,0.5868,776.7,0.3662,55,complete,0.251,9905.4
230,3,62,1000,645.439,55,,9,0.4567,641.4,0.3277,48,step_limit,0.2119,9962.4
231,3,27,646,313.609,27,646,4,0.5635,770.2,0.2141,32,complete,0.2587,9997.9
232,6,27,468,266.32,27,468,4,0.7044,955.9,0.236,7,complete,0.2203,10026.4
233,5,58,774,690.783,58,774,9,0.6592,892.3,0.3278,20,complete,0.1588,10073.1
234,4,56,888,685.959,56,888,10,0.4268,709.4,0.251,16,complete,0.1822,10122.5
235,4,49,683,598.353,49,683,8,0.5816,863.6,0.1685,11,complete,0.2064,10161.3
236,6,71,984,883.912,71,984,13,0.7058,922.5,0.3744,16,complete,0.163,10216.7
237,5,77,584,1043.904,77,584,14,0.511,664.6,0.1084,6,complete,0.1025,10253.4
238,6,27,294,249.227,27,294,2,0.6429,755.7,0.3227,6,complete,0.1632,10270.0
239,5,37,789,327.077,37,789,5,0.7349,958.1,0.4419,76,complete,0.2074,10306.1
240,6,70,554,912.683,70,554,12,0.5177,690.6,0.1796,10,complete,0.1074,10334.5
241,3,46,1000,329.435,34,,6,0.468,732.2,0.5137,99,step_limit,0.2015,10382.1
242,6,65,467,849.869,65,467,11,0.4782,663.0,0.1699,11,complete,0.0816,10406.0
243,5,39,460,422.449,39,460,5,0.5652,903.7,0.2329,10,complete,0.1507,10428.1
244,4,51,750,646.212,51,750,9,0.563,828.2,0.2403,14,complete,0.184,10463.3
245,3,52,1000,427.792,41,,7,0.5793,778.2,0.3616,93,step_limit,0.3,10503.1
246,5,54,593,650.146,54,593,8,0.5899,698.8,0.2532,10,complete,0.1153,10529.0
247,6,69,612,840.628,69,612,11,0.6261,975.6,0.3027,13,complete,0.1422,10555.6
248,3,77,1000,782.347,62,,11,0.4197,756.1,0.2741,43,step_limit,0.1768,10602.3
249,5,70,672,910.986,70,672,12,0.4813,735.6,0.2049,10,complete,0.1138,10636.0
250,3,51,1000,536.329,47,,7,0.5587,758.5,0.2908,25,step_limit,0.2212,10684.9
251,6,33,337,361.762,33,337,4,0.6157,771.7,0.1083,3,complete,0.1181,10986.2
252,3,25,668,279.064,25,668,4,0.5404,778.9,0.2993,41,complete,0.2448,11021.5
253,5,49,634,554.892,49,634,8,0.6353,958.7,0.305,55,complete,0.1643,11057.1
254,5,26,321,306.719,26,321,4,0.5053,718.3,0.2268,8,complete,0.1095,11075.0
255,4,38,923,388.754,38,923,6,0.6468,946.4,0.375,60,complete,0.2225,11125.9
256,4,27,655,244.896,27,655,3,0.5897,898.4,0.2777,17,complete,0.209,11161.5
257,3,44,1000,465.83,40,,7,0.4793,788.6,0.3244,48,step_limit,0.21,11216.9
258,5,73,884,872.834,73,884,12,0.5575,795.3,0.3457,20,complete,0.1789,11268.3
259,5,65,725,838.912,65,725,12,0.5324,819.6,0.2746,11,complete,0.1679,11309.5
260,6,49,505,584.573,49,505,8,0.6591,884.9,0.2285,7,complete,0.2123,11338.9
261,6,21,316,159.869,21,316,1,0.6835,1081.1,0.1758,7,complete,0.1838,11356.8
262,3,69,1000,786.496,61,,11,0.4083,686.6,0.3348,52,step_limit,0.1538,11413.5
263,4,40,1000,326.52,33,,6,0.6613,933.5,0.4199,22,step_limit,0.2711,11466.6
264,5,35,348,407.429,35,348,5,0.5977,811.7,0.1568,6,complete,0.1667,11486.7
265,6,52,408,638.066,52,408,8,0.4485,565.1,0.1242,8,complete,0.0952,11510.7
266,4,33,489,393.155,33,489,5,0.4433,643.4,0.3741,19,complete,0.1144,11538.5
267,6,32,391,376.771,32,391,5,0.6671,894.2,0.2273,7,complete,0.1307,11560.1
268,4,39,1000,366.718,36,,6,0.6098,861.7,0.3903,36,step_limit,0.2139,11614.3
269,5,71,681,944.344,71,681,13,0.5662,784.4,0.2006,8,complete,0.1358,11653.2
270,3,56,1000,481.704,45,,7,0.5257,788.7,0.2847,37,step_limit,0.244,11710.2
271,5,66,1000,783.25,66,1000,11,0.6394,864.8,0.3651,20,complete,0.1528,11767.5
272,4,33,459,389.337,33,459,5,0.4183,598.4,0.2686,11,complete,0.1125,11793.4
273,5,75,741,931.217,75,741,12,0.6221,892.5,0.2194,9,complete,0.1576,11836.5
274,4,63,810,802.495,63,810,11,0.4914,721.2,0.2667,16,complete,0.1441,11883.3
275,3,46,1000,510.37,44,,7,0.527,801.6,0.2978,49,step_limit,0.2465,11937.2
276,5,62,1000,701.984,61,,11,0.676,1011.9,0.3179,20,step_limit,0.205,11996.4
277,6,35,329,370.649,35,329,4,0.657,842.8,0.1782,4,complete,0.1277,12016.1
278,4,79,996,1016.256,79,996,14,0.4342,741.6,0.2256,24,complete,0.1457,12073.4
279,3,50,1000,568.182,48,,8,0.5143,757.4,0.2963,34,step_limit,0.2182,12128.2
280,3,71,1000,559.076,49,,9,0.3867,686.2,0.1947,42,step_limit,0.2368,12183.0
281,5,52,712,599.544,52,712,8,0.5537,836.7,0.2872,7,complete,0.1457,12223.0
282,4,55,930,666.4,55,930,9,0.546,754.2,0.2659,21,complete,0.154,12273.6
283,4,44,482,553.929,44,482,7,0.4331,646.8,0.1446,9,complete,0.1027,12300.5
284,6,61,641,695.612,61,641,9,0.6009,799.6,0.3184,14,complete,0.1493,12338.3
285,6,61,630,743.682,61,630,10,0.6161,803.6,0.2561,10,complete,0.1212,12375.9
286,6,35,384,404.0,35,384,5,0.5642,713.0,0.1851,5,complete,0.0988,12397.7
287,5,42,446,498.7,42,446,6,0.6251,934.2,0.1909,12,complete,0.1079,12420.7
288,4,26,734,210.794,26,734,3,0.6557,1031.5,0.3714,34,complete,0.2969,12454.1
289,5,71,701,902.704,71,701,12,0.5506,790.1,0.1989,9,complete,0.1393,12488.4
290,3,34,843,404.189,34,843,6,0.4587,682.5,0.2875,51,complete,0.2167,12527.3
291,6,70,742,871.0,70,742,12,0.6249,807.2,0.2583,6,complete,0.1611,12565.1
292,6,25,206,250.528,25,206,2,0.5898,688.2,0.1263,3,complete,0.1282,12575.4
293,5,78,900,1000.788,78,900,14,0.6009,914.6,0.2801,16,complete,0.1724,12620.0
294,4,63,805,764.321,63,805,10,0.5643,782.8,0.2833,33,complete,0.1729,12655.7
295,3,40,851,456.662,40,851,6,0.4834,795.1,0.331,51,complete,0.2146,12689.5
296,3,78,1000,751.981,60,,11,0.47,793.6,0.2018,68,step_limit,0.2314,12736.3
297,3,76,1000,947.404,72,,13,0.4263,687.0,0.1707,27,step_limit,0.1549,12783.6
298,5,42,371,480.617,42,371,5,0.5251,756.7,0.1744,6,complete,0.0954,12802.5
299,5,34,726,290.288,34,726,4,0.7102,1066.6,0.329,13,complete,0.2685,12837.2
300,6,73,669,912.238,73,669,12,0.6355,958.3,0.1507,5,complete,0.1478,12865.8
301,5,74,693,1016.796,74,693,14,0.4566,735.6,0.2298,15,complete,0.108,13223.9
302,3,56,1000,609.75,51,,8,0.5307,732.7,0.3766,117,step_limit,0.1821,13283.9
303,6,24,367,162.305,24,367,1,0.6499,807.2,0.2864,11,complete,0.1986,13304.4
304,5,67,730,829.776,67,730,11,0.6564,979.6,0.2181,13,complete,0.1714,13346.0
305,4,69,1000,758.916,65,,10,0.563,837.1,0.3214,13,step_limit,0.2326,13404.0
306,4,30,520,320.827,30,520,4,0.5389,831.0,0.3778,24,complete,0.1984,13435.6
307,6,46,385,527.265,46,385,6,0.4848,637.8,0.0764,5,complete,0.1164,13458.3
308,3,45,977,538.71,45,977,7,0.5002,781.5,0.2954,39,complete,0.232,13513.8
309,6,80,905,975.282,80,905,14,0.6821,978.7,0.3465,18,complete,0.1842,13565.7
310,4,26,400,265.446,26,400,3,0.465,761.9,0.2434,27,complete,0.1302,13589.6
311,3,52,998,650.11,52,998,9,0.4295,761.1,0.3201,49,complete,0.1818,13645.5
312,3,42,1000,452.257,39,,7,0.5233,764.6,0.3194,106,step_limit,0.2646,13700.1
313,3,60,1000,541.22,48,,8,0.452,702.6,0.3208,54,step_limit,0.1975,13757.0
314,3,78,1000,711.546,60,,10,0.459,683.3,0.177,35,step_limit,0.2213,13816.7
315,5,51,800,529.863,51,800,7,0.7167,984.3,0.2707,11,complete,0.2808,13862.1
316,5,58,678,734.807,58,678,10,0.5785,837.5,0.3022,10,complete,0.1511,13900.6
317,5,75,1000,932.073,73,,14,0.5652,953.4,0.3322,27,step_limit,0.1911,13956.3
318,6,56,623,624.02,56,623,8,0.6627,951.3,0.2612,5,complete,0.195,13992.7
319,4,69,1000,732.11,62,,11,0.5677,765.1,0.2778,36,step_limit,0.2285,14049.3
320,5,45,557,485.417,45,557,6,0.6452,867.5,0.2278,9,complete,0.1784,14079.4
321,5,28,424,282.586,28,424,3,0.6854,911.5,0.2789,9,complete,0.1731,14104.6
322,5,59,569,759.533,59,569,10,0.3968,594.6,0.2439,8,complete,0.1158,14138.8
323,3,44,1000,391.57,35,,7,0.517,787.1,0.3413,52,step_limit,0.2556,14192.9
324,3,25,598,274.204,25,598,4,0.3651,578.0,0.2692,59,complete,0.1587,14225.8
325,6,65,578,796.049,65,578,10,0.5868,759.2,0.1013,3,complete,0.1076,14259.6
326,4,31,493,334.912,31,493,4,0.5928,956.1,0.3274,19,complete,0.1762,14288.7
327,6,67,686,795.81,67,686,10,0.6567,867.1,0.3454,17,complete,0.1518,14327.9
328,4,65,1000,789.489,64,,11,0.4935,732.8,0.281,33,step_limit,0.1667,14383.5
329,6,33,418,337.411,33,418,4,0.6687,868.3,0.2537,6,complete,0.1753,14407.6
330,5,76,917,984.314,76,917,14,0.643,834.8,0.2493,39,complete,0.1714,14463.7
331,4,76,1000,884.674,70,,13,0.5607,852.9,0.2714,22,step_limit,0.1989,14518.8
332,6,75,604,964.704,75,604,13,0.5215,807.4,0.2036,5,complete,0.124,14556.0
333,4,26,480,298.108,26,480,4,0.4922,783.2,0.2468,37,complete,0.1481,14584.2
334,3,63,1000,737.662,56,,11,0.376,659.4,0.2497,30,step_limit,0.1782,14632.3
335,5,28,432,303.507,28,432,4,0.6759,850.3,0.2603,6,complete,0.1698,14653.3
336,3,54,1000,611.428,49,,9,0.456,683.1,0.2257,33,step_limit,0.2242,14700.9
337,4,65,1000,599.902,54,,9,0.6338,886.2,0.2525,10,step_limit,0.2683,14750.5
338,4,68,1000,768.924,65,,11,0.5427,782.4,0.2378,20,step_limit,0.2421,14793.9
339,5,47,459,608.359,47,459,8,0.4336,653.8,0.1227,8,complete,0.1065,14813.3
340,4,73,1000,756.559,61,,12,0.5907,1011.4,0.3132,18,step_limit,0.2359,14851.8
341,4,64,1000,594.15,55,,9,0.6162,969.7,0.3984,82,step_limit,0.2477,14894.2
342,4,26,388,310.003,26,388,4,0.4794,695.0,0.2102,24,complete,0.105,14912.9
343,6,58,442,683.494,58,442,8,0.5939,824.8,0.1036,4,complete,0.1477,14936.1
344,5,23,250,261.37,23,250,3,0.4032,658.5,0.1872,15,complete,0.0909,14948.1
345,5,53,808,619.836,53,808,8,0.6552,1017.8,0.2985,10,complete,0.1762,14986.7
346,4,21,431,209.141,21,431,3,0.5603,706.9,0.3103,15,complete,0.2045,15007.0
347,6,39,341,433.017,39,341,5,0.6026,763.6,0.2147,4,complete,0.1402,15025.1
348,6,46,305,531.335,46,305,6,0.4732,614.7,0.0447,3,complete,0.1135,15041.9
349,5,37,388,425.695,37,388,5,0.5232,866.9,0.2094,16,complete,0.1357,15063.8
350,3,42,1000,411.893,38,,6,0.5593,789.6,0.3559,59,step_limit,0.2755,15110.1
351,6,54,497,683.313,54,497,9,0.5667,928.0,0.234,10,complete,0.1255,15407.1
352,5,69,638,865.18,69,638,11,0.6169,956.0,0.1912,14,complete,0.1644,15443.0
353,3,44,1000,371.836,39,,5,0.4347,711.9,0.4281,81,step_limit,0.1957,15496.2
354,4,49,1000,389.053,40,,6,0.5503,788.2,0.5086,58,step_limit,0.2342,15550.6
355,3,28,710,279.861,28,710,4,0.4268,688.4,0.3603,46,complete,0.1818,15588.0
356,3,79,1000,867.401,68,,12,0.3677,638.9,0.3342,74,step_limit,0.168,15642.7
357,5,71,749,915.268,71,749,12,0.4563,599.2,0.2131,11,complete,0.1071,15685.4
358,3,30,839,344.03,30,839,5,0.5499,773.8,0.2692,29,complete,0.2208,15730.1
359,4,74,863,969.177,74,863,13,0.4429,656.6,0.1472,12,complete,0.1448,15779.5
360,5,47,501,559.663,47,501,7,0.5609,860.4,0.2285,7,complete,0.1556,15808.2
361,4,43,693,554.782,43,693,8,0.5451,879.0,0.2211,20,complete,0.1738,15847.3
362,6,78,598,994.335,78,598,13,0.5507,761.8,0.1857,5,complete,0.154,15883.4
363,5,70,742,896.107,70,742,12,0.4625,700.8,0.246,11,complete,0.113,15925.5
364,3,64,1000,659.58,55,,9,0.478,778.5,0.2432,20,step_limit,0.2271,15983.2
365,3,63,1000,587.814,50,,9,0.5447,751.2,0.2574,29,step_limit,0.2087,16038.0
366,4,44,807,535.411,44,807,8,0.562,966.0,0.2541,16,complete,0.2083,16083.5
367,5,38,505,444.092,38,505,6,0.5956,924.2,0.2568,9,complete,0.15,16111.3
368,3,37,529,470.352,37,529,6,0.4373,532.1,0.1595,25,complete,0.1528,16142.4
369,3,42,752,520.433,42,752,7,0.4295,670.5,0.1556,16,complete,0.1767,16185.0
370,4,70,1000,604.486,56,,9,0.6055,861.2,0.4792,92,step_limit,0.2198,16240.2
371,4,40,650,462.82,40,650,6,0.5131,819.8,0.284,33,complete,0.1743,16277.1
372,5,29,333,356.557,29,333,5,0.4432,561.9,0.1633,5,complete,0.1234,16295.7
373,3,79,1000,834.405,65,,12,0.353,655.3,0.1623,17,step_limit,0.1967,16351.6
374,4,40,710,437.39,40,710,6,0.6046,914.1,0.2875,12,complete,0.1981,16391.5
375,3,28,610,340.246,28,610,5,0.4383,682.5,0.3046,23,complete,0.1344,16423.9
376,4,40,905,352.96,40,905,5,0.6591,964.0,0.4065,40,complete,0.25,16473.6
377,3,72,1000,771.7,61,,11,0.503,737.3,0.244,33,step_limit,0.2316,16530.0
378,6,61,570,726.134,61,570,9,0.5459,853.0,0.2747,14,complete,0.1236,16563.0
379,5,68,835,864.338,68,835,12,0.6333,941.3,0.2168,13,complete,0.1833,16610.6
380,3,24,847,247.465,24,847,4,0.5065,749.2,0.3066,88,complete,0.2347,16655.3
381,4,52,1000,329.315,40,,5,0.634,875.2,0.5062,76,step_limit,0.2527,16711.7
382,5,35,395,339.821,35,395,3,0.5352,837.9,0.2039,10,complete,0.1541,16735.3
383,3,47,1000,470.7,42,,7,0.5023,780.9,0.3395,60,step_limit,0.2551,16788.7
384,4,28,567,306.677,28,567,4,0.53,834.2,0.3687,18,complete,0.1477,16821.2
385,5,70,754,892.121,70,754,12,0.5905,811.1,0.2966,10,complete,0.1436,16860.2
386,5,71,733,910.787,71,733,12,0.495,780.5,0.1908,7,complete,0.1234,16900.3
387,4,49,954,597.489,49,954,9,0.3855,635.5,0.4046,85,complete,0.11,16950.6
388,4,21,536,215.398,21,536,3,0.6343,1009.4,0.1934,16,complete,0.2402,16978.3
389,5,60,495,813.992,60,495,11,0.4388,605.2,0.0699,10,complete,0.0667,17003.5
390,5,30,341,343.133,30,341,4,0.6129,826.3,0.1764,8,complete,0.1306,17019.7
391,3,51,727,652.178,51,727,8,0.3471,647.4,0.1057,21,complete,0.086,17050.2
392,4,39,850,419.087,39,850,6,0.6238,904.6,0.3738,16,complete,0.1839,17086.1
393,6,73,499,947.202,73,499,12,0.4489,595.4,0.2292,16,complete,0.0851,17110.3
394,3,32,823,387.776,32,823,6,0.5047,791.6,0.3049,71,complete,0.2251,17149.8
395,6,70,566,939.769,70,566,13,0.5739,720.9,0.0793,7,complete,0.0809,17179.2
396,6,28,250,271.514,28,250,2,0.5793,661.2,0.2056,9,complete,0.1071,17192.8
397,3,39,836,498.435,39,836,7,0.5415,799.8,0.256,41,complete,0.2031,17232.9
398,4,40,947,461.28,40,947,7,0.5935,930.6,0.4108,45,complete,0.2228,17274.6
399,3,51,1000,635.912,50,,9,0.489,791.6,0.2354,41,step_limit,0.2303,17315.8
400,3,79,1000,572.32,51,,9,0.4597,686.3,0.3588,79,step_limit,0.2056,17363.3
401,3,63,1000,749.929,57,,11,0.4633,711.8,0.273,32,step_limit,0.188,17692.4
402,3,32,794,392.199,32,794,6,0.5059,751.0,0.2836,48,complete,0.2181,17736.9
403,4,76,870,1017.732,76,870,14,0.5187,786.0,0.1923,20,complete,0.1565,17787.3
404,5,23,262,257.03,23,262,3,0.5725,709.3,0.1708,3,complete,0.1,17802.1
405,4,67,988,804.641,67,988,11,0.6015,976.0,0.2986,66,complete,0.209,17858.7
406,4,48,916,554.635,48,916,8,0.4812,745.8,0.3011,22,complete,0.1818,17908.5
407,3,72,1000,760.075,60,,11,0.4667,758.1,0.2123,31,step_limit,0.1797,17965.0
408,6,79,792,985.214,79,792,14,0.6395,943.8,0.1873,10,complete,0.1802,18012.7
409,6,28,246,258.169,28,246,2,0.5691,512.8,0.1415,5,complete,0.0675,18027.4
410,6,46,565,554.304,46,565,8,0.5929,844.1,0.2519,6,complete,0.1337,18059.5
411,6,69,758,850.259,69,758,12,0.6572,1068.2,0.1973,13,complete,0.1766,18104.4
412,3,47,1000,556.845,45,,8,0.515,774.7,0.4088,58,step_limit,0.1582,18158.2
413,5,45,496,579.667,45,496,8,0.5976,809.8,0.2203,9,complete,0.1467,18186.5
414,3,76,1000,802.218,65,,11,0.472,781.7,0.2487,45,step_limit,0.1738,18241.5
415,4,79,1000,1008.0,77,,14,0.5795,877.9,0.2062,15,step_limit,0.1866,18298.8
416,3,20,537,225.5,20,537,3,0.4457,747.5,0.2219,26,complete,0.1503,18327.2
417,3,45,821,544.143,45,821,7,0.4771,765.1,0.2542,28,complete,0.1812,18371.6
418,4,75,1000,827.035,68,,12,0.476,696.6,0.3601,32,step_limit,0.1582,18426.8
419,6,78,644,979.814,78,644,13,0.6444,949.3,0.1324,7,complete,0.146,18464.3
420,6,33,320,354.364,33,320,4,0.5568,868.5,0.1677,4,complete,0.1067,18483.1
421,4,62,1000,723.258,61,,10,0.5423,971.2,0.2819,28,step_limit,0.1639,18540.1
422,6,51,730,598.447,51,730,9,0.7039,1135.0,0.3464,13,complete,0.1523,18582.9
423,4,44,762,514.12,44,762,7,0.5751,861.3,0.321,27,complete,0.1881,18625.8
424,4,33,885,287.727,33,885,4,0.6799,976.2,0.4781,117,complete,0.2259,18672.6
425,3,33,522,399.685,33,522,5,0.3659,507.1,0.1594,32,complete,0.1194,18702.0
426,5,24,334,227.446,24,334,2,0.5198,785.4,0.189,3,complete,0.1156,18720.5
427,4,64,1000,710.15,60,,10,0.6385,916.9,0.2942,32,step_limit,0.2055,18776.2
428,6,53,746,583.844,53,746,8,0.7301,1133.1,0.2752,11,complete,0.2254,18818.3
429,4,36,482,412.253,36,482,5,0.5467,722.9,0.1882,12,complete,0.1567,18845.3
430,6,48,667,553.63,48,667,8,0.7006,885.6,0.2952,5,complete,0.1456,18883.5
431,3,56,1000,468.68,45,,7,0.473,796.8,0.2931,42,step_limit,0.2492,18938.5
432,4,45,596,519.111,45,596,6,0.5407,735.1,0.2676,14,complete,0.1807,18973.1
433,5,25,392,207.84,25,392,2,0.6337,868.6,0.2512,12,complete,0.1609,18995.4
434,4,58,1000,709.586,55,,11,0.5607,852.7,0.2615,33,step_limit,0.2005,19050.3
435,4,72,1000,515.217,51,,9,0.6435,944.2,0.1941,16,step_limit,0.3171,19107.0
436,3,71,1000,727.973,60,,10,0.336,592.1,0.2407,27,step_limit,0.1721,19155.0
437,3,53,1000,579.183,47,,9,0.4813,786.6,0.2758,32,step_limit,0.1879,19201.4
438,6,31,437,318.154,31,437,4,0.6754,924.1,0.2039,7,complete,0.1528,19223.0
439,6,77,868,958.917,77,868,13,0.5808,843.9,0.1939,7,complete,0.1136,19266.4
440,4,73,1000,899.441,70,,13,0.5825,926.1,0.2573,24,step_limit,0.162,19319.9
441,5,27,246,292.311,27,246,3,0.5049,582.3,0.031,0,complete,0.1318,19333.9
442,4,20,344,193.22,20,344,2,0.5843,895.6,0.2715,8,complete,0.2267,19350.8
443,5,73,632,1001.962,73,632,14,0.3861,656.1,0.173,8,complete,0.1111,19381.0
444,3,56,840,755.552,56,840,10,0.4294,761.9,0.2402,36,complete,0.102,19413.4
445,5,20,230,135.675,20,230,0,0.7122,906.6,0.22,6,complete,0.0938,19422.7
446,3,26,511,337.335,26,511,5,0.4286,722.9,0.1705,15,complete,0.1967,19443.0
447,4,41,596,485.37,41,596,6,0.3746,657.8,0.1864,13,complete,0.1319,19466.9
448,6,73,722,927.518,73,722,13,0.5873,837.6,0.2594,7,complete,0.1218,19496.7
449,4,56,825,712.607,56,825,10,0.507,769.3,0.1838,9,complete,0.1738,19531.7
450,4,35,590,430.251,35,590,6,0.5818,914.8,0.3047,33,complete,0.1728,19557.4
451,5,77,769,1001.94,77,769,13,0.3847,618.1,0.2177,13,complete,0.0931,19869.5
452,3,22,540,261.4,22,540,4,0.4204,719.0,0.2092,23,complete,0.2202,19899.2
453,6,47,381,608.068,47,381,8,0.4178,766.7,0.0464,1,complete,0.07,19921.7
454,5,72,826,915.478,72,826,13,0.5915,855.7,0.14,9,complete,0.1603,19969.5
455,6,63,545,794.929,63,545,11,0.6343,965.8,0.1622,6,complete,0.1123,20003.0
456,4,73,1000,908.181,70,,13,0.5545,882.2,0.2349,30,step_limit,0.1744,20059.9
457,5,36,624,369.439,36,624,5,0.6333,912.6,0.2373,4,complete,0.1787,20093.8
458,5,78,921,1029.501,78,921,15,0.4502,752.7,0.3077,14,complete,0.1536,20147.8
459,5,45,633,531.739,45,633,7,0.6777,1019.8,0.3028,29,complete,0.2026,20182.2
460,4,70,1000,653.789,56,,11,0.5978,807.7,0.3986,144,step_limit,0.2087,20237.5
461,3,39,1000,467.623,38,,7,0.5047,782.6,0.3456,76,step_limit,0.2153,20293.6
462,5,62,697,743.352,62,697,10,0.563,821.1,0.2767,25,complete,0.1604,20333.7
463,4,67,1000,838.161,65,,12,0.5595,920.4,0.2928,24,step_limit,0.185,20389.0
464,4,33,516,380.839,33,516,5,0.4501,597.3,0.1981,20,complete,0.1189,20417.1
465,5,80,1000,858.506,74,,12,0.6538,992.2,0.2898,21,step_limit,0.2264,20473.7
466,6,42,356,498.969,42,356,6,0.5023,752.9,0.1491,8,complete,0.0848,20494.0
467,4,63,915,793.838,63,915,11,0.4484,788.2,0.2712,19,complete,0.1585,20545.7
468,3,78,1000,736.885,60,,11,0.3807,669.4,0.2255,32,step_limit,0.175,20602.1
469,5,48,459,534.956,48,459,6,0.532,677.2,0.1677,9,complete,0.1342,20627.9
470,5,70,862,907.979,70,862,13,0.6148,946.5,0.3268,34,complete,0.195,20676.7
471,4,24,441,213.16,24,441,2,0.5317,762.0,0.2492,10,complete,0.148,20700.8
472,6,62,535,761.039,62,535,10,0.552,772.6,0.197,7,complete,0.1404,20732.3
473,4,30,828,218.293,30,828,3,0.5664,929.4,0.2924,17,complete,0.2396,20776.7
474,4,37,764,377.872,37,764,5,0.6204,804.6,0.3582,39,complete,0.1616,20818.2
475,3,71,1000,703.583,58,,10,0.4823,760.3,0.2886,59,step_limit,0.2279,20873.7
476,3,29,1000,260.279,26,,4,0.4827,653.7,0.5577,287,step_limit,0.1875,20927.8
477,4,36,590,433.722,36,590,6,0.5356,825.2,0.2351,12,complete,0.1824,20959.3
478,3,52,1000,579.187,46,,9,0.476,788.1,0.3258,52,step_limit,0.2416,21016.1
479,5,75,763,967.843,75,763,13,0.6433,871.9,0.2372,10,complete,0.1559,21061.2
480,6,64,532,828.702,64,532,11,0.583,860.1,0.1098,3,complete,0.0996,21091.9
481,4,70,1000,747.274,63,,11,0.6138,984.4,0.275,28,step_limit,0.2353,21147.5
482,6,39,466,454.117,39,466,6,0.544,802.0,0.2668,9,complete,0.1429,21174.1
483,5,51,659,605.775,51,659,8,0.627,854.0,0.2159,22,complete,0.1459,21210.6
484,5,43,684,492.742,43,684,7,0.5982,919.9,0.2921,32,complete,0.1833,21250.1
485,4,36,603,397.202,36,603,5,0.6182,826.4,0.3362,59,complete,0.1643,21279.6
486,4,53,795,629.566,53,795,9,0.461,728.8,0.2505,37,complete,0.1609,21319.0
487,6,34,411,388.469,34,411,5,0.5823,808.0,0.239,6,complete,0.1264,21339.4
488,3,73,1000,717.432,57,,11,0.4443,750.6,0.295,47,step_limit,0.1933,21388.4
489,5,52,587,659.006,52,587,9,0.5738,816.5,0.292,22,complete,0.1287,21417.9
490,6,40,343,484.135,40,343,6,0.6176,843.0,0.0753,0,complete,0.1156,21435.4
491,3,47,751,635.902,47,751,9,0.3644,596.6,0.1824,24,complete,0.1493,21472.2
492,3,71,1000,596.548,51,,9,0.4663,772.7,0.3409,64,step_limit,0.2049,21519.4
493,4,46,756,554.186,46,756,8,0.4517,838.7,0.2806,20,complete,0.1293,21555.4
494,3,47,1000,533.045,44,,8,0.496,789.0,0.2621,36,step_limit,0.2305,21607.2
495,4,45,1000,473.689,43,,7,0.5775,803.8,0.3297,27,step_limit,0.1964,21648.7
496,5,65,735,803.55,65,735,11,0.4634,651.0,0.2522,21,complete,0.1346,21678.5
497,3,35,624,448.991,35,624,6,0.4231,711.3,0.2459,43,complete,0.1268,21704.0
498,5,39,624,416.697,39,624,6,0.6734,1004.2,0.3386,34,complete,0.1846,21728.3
499,5,28,380,337.875,28,380,5,0.5879,876.4,0.2,9,complete,0.1362,21744.0
500,4,49,1000,509.624,46,,8,0.6552,913.6,0.4286,115,step_limit,0.2304,21782.1
501,5,26,394,258.031,26,394,3,0.6543,874.9,0.2423,6,complete,0.156,22101.1
502,6,69,519,838.277,69,519,10,0.4955,709.3,0.196,11,complete,0.0969,22131.8
503,6,44,410,535.564,44,410,7,0.6114,848.6,0.1258,13,complete,0.1167,22156.8
504,6,34,586,353.228,34,586,5,0.6908,908.6,0.3756,11,complete,0.2061,22190.3
505,6,77,1000,825.87,74,,13,0.734,1129.5,0.2327,7,step_limit,0.2256,22247.0
506,6,55,501,627.056,55,501,7,0.4734,676.8,0.2021,6,complete,0.0886,22275.9
507,3,61,1000,708.68,55,,10,0.3323,530.8,0.3876,111,step_limit,0.1081,22331.0
508,4,24,400,260.75,24,400,3,0.4894,733.8,0.264,28,complete,0.0944,22353.8
509,3,48,1000,480.831,43,,7,0.5127,789.0,0.2826,36,step_limit,0.2145,22408.6
510,5,71,1000,849.845,70,,12,0.6626,891.2,0.2822,12,step_limit,0.1797,22466.2
511,6,39,497,416.38,39,497,6,0.6744,896.8,0.2379,18,complete,0.1169,22494.8
512,5,29,410,325.776,29,410,4,0.3639,630.8,0.1892,9,complete,0.1059,22516.9
513,6,46,462,545.158,46,462,7,0.6064,829.8,0.14,4,complete,0.1126,22543.6
514,3,49,1000,502.124,44,,7,0.5603,770.4,0.3983,131,step_limit,0.2059,22597.5
515,3,70,1000,778.343,61,,11,0.496,723.9,0.2288,21,step_limit,0.1949,22653.9
516,5,63,1000,644.921,58,,10,0.6818,980.3,0.321,34,step_limit,0.2217,22710.5
517,5,44,636,477.745,44,636,6,0.6513,892.6,0.2981,19,complete,0.1667,22746.5
518,3,57,1000,473.674,42,,8,0.541,725.3,0.3508,55,step_limit,0.2483,22801.7
519,6,34,391,368.122,34,391,4,0.6726,846.4,0.1975,7,complete,0.1121,22823.7
520,4,68,944,840.211,68,944,11,0.4243,713.9,0.2582,24,complete,0.1281,22876.5
521,5,71,1000,802.613,67,,12,0.677,1023.1,0.2654,17,step_limit,0.1835,22932.2
522,4,72,1000,903.728,70,,13,0.54,908.3,0.2366,19,step_limit,0.1857,22988.0
523,4,27,603,273.954,27,603,3,0.5597,827.8,0.4583,127,complete,0.2083,23022.3
524,3,37,1000,321.059,31,,6,0.5097,759.6,0.344,79,step_limit,0.2689,23074.7
525,3,79,1000,764.509,62,,11,0.4267,749.9,0.2344,34,step_limit,0.1837,23129.9
526,4,39,964,383.666,39,964,6,0.6097,1025.7,0.3185,20,complete,0.2656,23182.4
527,4,42,774,502.345,42,774,7,0.6363,886.1,0.3075,24,complete,0.1921,23225.3
528,4,51,652,655.583,51,652,9,0.4835,703.2,0.2425,35,complete,0.1913,23262.5
529,4,21,426,193.855,21,426,2,0.6209,943.3,0.1861,12,complete,0.1685,23285.8
530,5,34,533,377.218,34,533,5,0.6176,828.4,0.1947,7,complete,0.1619,23314.9
531,6,64,647,795.093,64,647,11,0.6445,916.5,0.1681,7,complete,0.1524,23352.5
532,6,78,607,981.903,78,607,13,0.4371,598.6,0.1815,8,complete,0.0964,23388.7
533,5,68,947,793.562,68,947,11,0.6304,948.7,0.234,10,complete,0.214,23440.8
534,4,25,968,232.704,25,968,4,0.6661,887.6,0.3483,30,complete,0.2724,23485.2
535,4,25,672,236.256,25,672,4,0.5093,868.9,0.2774,20,complete,0.2052,23517.7
536,6,71,567,911.966,71,567,12,0.5556,841.9,0.1367,3,complete,0.067,23545.5
537,6,31,355,360.952,31,355,5,0.669,875.5,0.2154,8,complete,0.1258,23563.0
538,5,55,773,621.677,55,773,8,0.6388,966.5,0.2804,11,complete,0.2079,23601.8
539,3,46,1000,544.737,43,,8,0.5077,687.4,0.3372,85,step_limit,0.1821,23648.7
540,5,50,490,629.41,50,490,8,0.449,615.0,0.1134,14,complete,0.1075,23674.4
541,5,25,320,273.98,25,320,3,0.4656,681.8,0.1166,3,complete,0.11,23691.6
542,5,65,963,812.119,65,963,12,0.5975,866.9,0.302,19,complete,0.1765,23739.1
543,4,32,593,327.355,32,593,4,0.4245,609.2,0.3822,23,complete,0.1111,23770.1
544,5,60,810,768.392,60,810,11,0.5933,915.4,0.2973,42,complete,0.145,23808.0
545,4,74,1000,842.989,67,,12,0.5677,947.6,0.349,47,step_limit,0.1577,23853.0
546,4,45,1000,435.422,41,,7,0.5713,930.5,0.3266,39,step_limit,0.1944,23890.1
547,4,37,557,476.985,37,557,7,0.4219,606.0,0.2423,32,complete,0.1233,23915.3
548,4,63,754,823.427,63,754,11,0.4615,705.3,0.2423,37,complete,0.1667,23949.9
549,6,55,468,675.367,55,468,9,0.5559,781.2,0.1528,5,complete,0.1021,23972.6
550,5,30,399,295.2,30,399,3,0.6687,925.5,0.2484,11,complete,0.1059,23990.3
551,6,33,218,383.847,33,218,4,0.4121,537.7,0.1023,4,complete,0.0691,24291.2
552,6,71,474,874.118,71,474,10,0.525,730.1,0.1665,3,complete,0.0805,24317.7
553,6,68,750,816.897,68,750,11,0.6353,917.1,0.2565,18,complete,0.1361,24359.5
554,4,74,1000,780.389,65,,11,0.5377,849.5,0.2816,18,step_limit,0.16,24415.4
555,5,59,851,646.111,59,851,9,0.6855,1035.2,0.2281,28,complete,0.2183,24462.9
556,5,41,888,425.246,41,888,6,0.7101,1075.2,0.4058,33,complete,0.1894,24512.4
557,4,71,835,924.386,71,835,12,0.5024,703.2,0.1509,12,complete,0.1272,24558.3
558,5,50,643,551.07,50,643,7,0.5036,722.3,0.2638,10,complete,0.1235,24593.4
559,5,57,642,735.233,57,642,10,0.5688,1019.1,0.1964,10,complete,0.1208,24630.1
560,5,42,498,490.54,42,498,6,0.4683,612.7,0.4482,12,complete,0.0543,24659.6
561,5,27,504,281.115,27,504,4,0.6778,955.5,0.317,8,complete,0.1455,24687.3
562,6,47,568,513.294,47,568,7,0.664,1022.5,0.2527,8,complete,0.16,24720.4
563,4,78,1000,880.062,70,,13,0.496,779.8,0.295,18,step_limit,0.1578,24775.9
564,5,30,345,331.817,30,345,4,0.4325,854.7,0.2634,37,complete,0.1,24795.9
565,6,22,227,182.735,22,227,1,0.5668,699.6,0.2068,5,complete,0.1263,24808.3
566,4,49,996,568.764,49,996,8,0.5884,831.1,0.2906,20,complete,0.1769,24863.0
567,4,78,1000,786.005,68,,11,0.6,887.3,0.3226,17,step_limit,0.1895,24920.2
568,5,67,1000,691.955,64,,10,0.7042,1062.5,0.2857,15,step_limit,0.2228,24976.1
569,6,70,542,877.574,70,542,11,0.5787,803.4,0.1755,3,complete,0.1,25008.8
570,4,72,765,962.128,72,765,13,0.5095,734.6,0.1591,16,complete,0.1272,25053.9
571,6,49,624,568.25,49,624,8,0.6549,838.1,0.256,11,complete,0.1265,25089.4
572,6,75,669,967.276,75,669,13,0.6477,1015.6,0.1566,2,complete,0.1466,25128.7
573,5,66,573,818.827,66,573,10,0.5791,883.0,0.1334,7,complete,0.1355,25163.5
574,5,44,825,500.273,44,825,7,0.5915,888.9,0.2804,18,complete,0.1579,25209.9
575,6,78,768,1024.182,78,768,14,0.5729,840.9,0.2654,7,complete,0.1058,25255.0
576,3,69,1000,676.726,55,,10,0.4987,783.8,0.2669,40,step_limit,0.2263,25308.9
577,5,24,348,257.142,24,348,3,0.5264,749.0,0.2652,14,complete,0.1535,25328.2
578,5,32,507,320.041,32,507,4,0.4434,690.5,0.1719,12,complete,0.118,25357.0
579,6,26,253,241.797,26,253,2,0.5791,674.6,0.1958,4,complete,0.1184,25372.3
580,5,60,631,717.433,60,631,9,0.5268,833.2,0.1765,9,complete,0.1163,25408.7
581,4,47,1000,435.728,43,,7,0.5847,847.6,0.3473,41,step_limit,0.1789,25464.8
582,3,36,1000,413.033,35,,6,0.5333,696.8,0.2486,45,step_limit,0.2285,25519.9
583,6,65,544,809.646,65,544,10,0.5974,898.0,0.1632,5,complete,0.1057,25550.6
584,4,54,1000,611.556,53,,9,0.57,882.5,0.3483,69,step_limit,0.1892,25598.4
585,6,72,751,914.998,72,751,13,0.6447,969.4,0.2358,16,complete,0.1493,25635.0
586,6,37,386,431.586,37,386,6,0.6062,818.0,0.2555,7,complete,0.1371,25654.5
587,3,49,1000,466.682,41,,7,0.5203,741.0,0.4202,97,step_limit,0.1756,25702.5
588,4,57,1000,561.754,52,,8,0.5225,874.8,0.3165,33,step_limit,0.1773,25744.3
589,3,50,1000,593.344,46,,9,0.428,696.6,0.256,60,step_limit,0.1818,25783.5
590,4,47,671,560.334,47,671,7,0.5596,889.7,0.3491,59,complete,0.1358,25811.5
591,6,64,667,759.139,64,667,10,0.6777,1038.6,0.255,18,complete,0.1485,25843.6
592,5,22,320,208.205,22,320,2,0.56,849.0,0.2975,10,complete,0.1073,25858.3
593,5,51,648,603.767,51,648,8,0.6244,817.8,0.2595,10,complete,0.1708,25888.7
594,3,40,984,485.792,40,984,7,0.5091,767.0,0.2807,27,complete,0.2,25934.9
595,5,26,404,216.819,26,404,2,0.6109,858.0,0.2986,15,complete,0.2082,25954.4
596,6,26,280,253.608,26,280,2,0.2929,686.9,0.044,1,complete,0.0714,25968.2
597,4,21,328,232.842,21,328,3,0.5465,824.9,0.2394,19,complete,0.1218,25983.4
598,4,23,404,247.944,23,404,3,0.5068,782.6,0.2212,20,complete,0.1467,26000.4
599,4,77,1000,944.499,75,,13,0.5633,1017.0,0.1958,35,step_limit,0.1484,26050.1
600,5,68,1000,540.471,56,,9,0.6828,980.7,0.3339,13,step_limit,0.2456,26097.2
601,4,20,534,202.28,20,534,3,0.5777,888.8,0.3074,18,complete,0.205,26401.5
602,5,72,874,939.717,72,874,13,0.5556,818.2,0.2219,8,complete,0.1392,26451.4
603,6,60,433,746.5,60,433,9,0.495,763.7,0.1616,9,complete,0.0741,26477.9
604,5,68,759,853.726,68,759,12,0.3908,605.2,0.2562,9,complete,0.1027,26520.4
605,4,73,1000,655.134,59,,10,0.5745,911.0,0.2417,15,step_limit,0.2459,26576.4
606,5,51,1000,557.833,50,,9,0.605,929.2,0.3632,21,step_limit,0.1849,26631.1
607,3,48,949,581.461,48,949,8,0.4577,751.7,0.2275,34,complete,0.1617,26684.5
608,5,67,632,862.624,67,632,11,0.4196,630.3,0.1793,17,complete,0.0824,26720.4
609,4,51,1000,550.416,49,,8,0.6065,927.0,0.3008,29,step_limit,0.14,26774.1
610,4,72,855,916.811,72,855,12,0.3921,661.7,0.1835,12,complete,0.1187,26823.5
611,4,77,1000,789.112,67,,11,0.598,870.1,0.2438,28,step_limit,0.2441,26880.1
612,3,42,1000,359.107,36,,6,0.539,794.3,0.4246,248,step_limit,0.3121,26934.2
613,4,40,488,492.71,40,488,6,0.4785,661.1,0.1861,17,complete,0.1098,26963.5
614,4,42,872,470.244,42,872,7,0.5711,872.8,0.2302,34,complete,0.1695,27011.2
615,4,80,943,1033.1,80,943,14,0.4032,735.1,0.2022,10,complete,0.1637,27065.6
616,5,26,458,298.446,26,458,4,0.6144,815.8,0.2901,29,complete,0.1556,27090.5
617,6,75,786,939.52,75,786,13,0.6436,921.1,0.1864,5,complete,0.1425,27135.5
618,4,50,1000,511.16,46,,8,0.6302,982.5,0.2833,31,step_limit,0.243,27191.5
619,5,71,851,886.422,71,851,12,0.5871,774.5,0.266,9,complete,0.15,27240.4
620,6,55,578,627.76,55,578,8,0.6246,899.6,0.1585,7,complete,0.1322,27274.0
621,4,79,1000,887.104,71,,13,0.55,962.2,0.1838,12,step_limit,0.2019,27329.7
622,6,56,1000,566.404,55,,8,0.7457,1081.9,0.3336,18,step_limit,0.2218,27386.0
623,3,33,1000,298.209,31,,5,0.471,696.6,0.3371,60,step_limit,0.2198,27440.1
624,4,72,1000,684.783,61,,10,0.565,886.5,0.2957,39,step_limit,0.2127,27494.6
625,6,47,536,531.797,47,536,7,0.6493,980.5,0.2727,16,complete,0.1389,27525.0
626,3,52,1000,440.444,41,,7,0.3657,586.7,0.3702,53,step_limit,0.1895,27579.8
627,5,66,1000,760.288,64,,11,0.6288,1019.3,0.2879,13,step_limit,0.1832,27640.7
628,4,42,565,485.276,42,565,6,0.4403,690.0,0.2029,15,complete,0.1214,27672.0
629,3,31,1000,200.881,26,,4,0.4437,794.4,0.2816,40,step_limit,0.2118,27724.7
630,4,65,1000,702.338,61,,10,0.5272,849.9,0.1881,18,step_limit,0.1732,27771.2
631,3,20,488,216.965,20,488,3,0.4303,699.8,0.3191,40,complete,0.1333,27793.9
632,4,38,727,419.794,38,727,6,0.5987,915.0,0.3193,44,complete,0.1994,27829.0
633,6,67,442,903.835,67,442,12,0.494,697.5,0.0888,4,complete,0.086,27852.2
634,6,47,296,560.317,47,296,6,0.4831,694.7,0.1084,7,complete,0.0699,27868.0
635,6,30,257,345.02,30,257,4,0.4572,546.8,0.0485,1,complete,0.078,27880.3
636,4,29,561,317.008,29,561,4,0.6145,994.3,0.2517,14,complete,0.2131,27904.9
637,4,71,1000,878.208,68,,13,0.5807,819.7,0.2079,22,step_limit,0.202,27946.3
638,6,73,652,921.806,73,652,12,0.5391,741.7,0.1759,5,complete,0.1,27974.5
639,5,79,1000,823.139,71,,13,0.6716,1049.3,0.2559,19,step_limit,0.2097,28020.5
640,3,22,616,215.797,22,616,3,0.5281,766.7,0.2688,22,complete,0.2284,28049.5
641,5,77,923,995.266,77,923,14,0.6134,857.9,0.2628,18,complete,0.1712,28094.3
642,5,26,273,284.388,26,273,3,0.5451,738.5,0.2406,14,complete,0.1486,28108.3
643,6,30,265,342.9,30,265,4,0.4642,662.7,0.1097,2,complete,0.0504,28122.0
644,4,77,1000,965.247,76,,13,0.456,863.1,0.2822,25,step_limit,0.15,28171.3
645,4,34,646,383.536,34,646,5,0.4071,585.5,0.3268,16,complete,0.0761,28208.2
646,5,34,671,291.612,34,671,4,0.4873,631.7,0.3294,10,complete,0.1239,28241.5
647,3,37,853,437.134,37,853,6,0.4748,765.8,0.2831,48,complete,0.2129,28281.4
648,4,55,755,652.2,55,755,8,0.4765,697.6,0.2456,32,complete,0.135,28319.9
649,3,20,705,175.385,20,705,3,0.5281,760.1,0.3446,46,complete,0.2339,28350.7
650,5,37,451,428.072,37,451,5,0.5525,744.5,0.242,12,complete,0.1161,28371.9
651,3,77,1000,674.549,59,,9,0.4287,788.6,0.2424,33,step_limit,0.1909,28706.9
652,6,57,451,678.235,57,451,8,0.6112,860.5,0.184,5,complete,0.1285,28735.2
653,5,38,466,422.489,38,466,5,0.506,755.3,0.208,10,complete,0.1187,28762.0
654,6,45,421,542.953,45,421,7,0.5376,775.8,0.2801,10,complete,0.0718,28787.2
655,3,40,1000,425.675,38,,6,0.5073,795.7,0.3055,38,step_limit,0.191,28841.8
656,5,31,361,347.176,31,361,4,0.5784,758.2,0.1277,4,complete,0.1462,28862.3
657,5,26,436,258.777,26,436,3,0.6803,998.6,0.2787,22,complete,0.175,28886.0
658,4,39,573,504.198,39,573,7,0.5506,846.3,0.2752,22,complete,0.1522,28920.4
659,4,51,881,601.113,51,881,8,0.5624,820.7,0.337,63,complete,0.1832,28972.2
660,4,51,774,642.585,51,774,9,0.6021,989.8,0.2357,26,complete,0.1933,29017.4
661,3,38,845,479.789,38,845,7,0.4955,770.1,0.2599,40,complete,0.2247,29064.2
662,5,43,355,491.901,43,355,5,0.4845,797.7,0.1487,9,complete,0.1051,29084.0
663,5,57,795,658.855,57,795,9,0.6121,837.9,0.2484,9,complete,0.1458,29128.6
664,4,27,406,312.204,27,406,4,0.5339,770.1,0.1548,10,complete,0.1029,29151.6
665,6,59,435,740.961,59,435,9,0.4134,680.1,0.2187,7,complete,0.0663,29178.7
666,4,72,1000,866.644,68,,12,0.5615,877.1,0.3488,47,step_limit,0.1632,29232.7
667,5,45,423,488.039,45,423,5,0.5783,776.9,0.1466,9,complete,0.0985,29258.5
668,3,65,1000,711.183,55,,11,0.412,750.1,0.2185,72,step_limit,0.1815,29314.5
669,4,66,1000,833.921,65,,12,0.42,621.6,0.2082,49,step_limit,0.1618,29370.5
670,6,77,727,923.211,77,727,12,0.6692,997.2,0.2552,11,complete,0.1514,29412.8
671,5,58,894,679.653,58,894,10,0.6796,958.7,0.3545,38,complete,0.1945,29463.1
672,3,43,839,494.286,43,839,6,0.3814,614.6,0.1775,25,complete,0.176,29508.9
673,6,68,632,869.489,68,632,12,0.6503,830.8,0.2137,21,complete,0.1226,29545.4
674,3,52,1000,551.94,47,,8,0.487,719.4,0.3604,52,step_limit,0.2342,29601.6
675,4,42,845,508.105,42,845,8,0.6219,885.8,0.2879,19,complete,0.2374,29648.8
676,3,45,1000,498.427,43,,7,0.3777,674.4,0.2895,62,step_limit,0.1909,29703.3
677,3,41,885,504.716,41,885,7,0.4316,725.8,0.2421,112,complete,0.1753,29753.1
678,6,79,848,983.252,79,848,14,0.6875,912.4,0.2836,9,complete,0.1507,29801.0
679,4,24,494,262.44,24,494,4,0.6356,929.2,0.207,10,complete,0.1651,29828.1
680,4,52,850,594.923,52,850,8,0.5915,982.9,0.277,31,complete,0.2071,29875.8
681,5,77,937,983.098,77,937,14,0.5716,967.0,0.2185,9,complete,0.1511,29929.6
682,4,49,574,643.195,49,574,9,0.3841,597.6,0.1334,10,complete,0.0926,29958.6
683,5,63,950,762.23,63,950,11,0.6408,894.5,0.2423,24,complete,0.1791,30004.9
684,4,37,560,443.849,37,560,6,0.6259,847.7,0.2585,15,complete,0.1912,30028.8
685,6,56,496,687.108,56,496,9,0.5985,867.6,0.1444,6,complete,0.1279,30052.0
686,3,28,943,271.371,28,943,4,0.4525,694.6,0.4069,59,complete,0.2439,30087.7
687,6,77,466,985.383,77,466,12,0.4989,696.6,0.09,4,complete,0.0883,30108.3
688,4,45,902,502.293,45,902,7,0.5959,805.9,0.2929,40,complete,0.1701,30142.4
689,5,70,683,871.7,70,683,11,0.5886,877.2,0.1635,8,complete,0.1607,30170.1
690,6,62,762,719.219,62,762,10,0.6052,877.7,0.2833,9,complete,0.1506,30206.5
691,3,31,787,362.484,31,787,5,0.457,788.4,0.2093,30,complete,0.188,30243.4
692,6,61,619,758.26,61,619,10,0.6626,904.0,0.1896,11,complete,0.1111,30276.9
693,6,60,572,710.3,60,572,9,0.6608,951.7,0.1503,8,complete,0.1484,30310.0
694,4,33,807,343.611,33,807,5,0.6518,892.6,0.3797,33,complete,0.2596,30353.1
695,4,29,510,352.814,29,510,5,0.5995,982.0,0.1842,10,complete,0.2018,30381.4
696,6,28,276,259.433,28,276,2,0.6407,855.7,0.25,8,complete,0.0889,30397.4
697,6,35,458,394.349,35,458,5,0.6241,815.2,0.2317,8,complete,0.1562,30425.2
698,4,32,588,364.443,32,588,5,0.6314,1023.4,0.2856,10,complete,0.2101,30457.8
699,3,62,1000,685.879,56,,9,0.4,697.1,0.2546,51,step_limit,0.171,30512.3
700,4,61,999,773.024,61,999,11,0.5711,870.3,0.2706,24,complete,0.175,30563.4
701,6,72,694,910.21,72,694,12,0.5893,803.6,0.1972,9,complete,0.1195,30851.7
702,6,34,436,373.346,34,436,5,0.6984,1045.8,0.2085,9,complete,0.1503,30876.7
703,6,32,325,381.8,32,325,5,0.6154,923.3,0.181,3,complete,0.1046,30896.7
704,5,74,832,917.745,74,832,12,0.5755,929.5,0.2861,15,complete,0.1475,30943.1
705,3,38,803,448.886,38,803,6,0.4508,756.4,0.2861,44,complete,0.1606,30988.7
706,6,30,240,352.9,30,240,4,0.4361,698.6,0.1038,5,complete,0.125,31002.9
707,5,31,357,345.65,31,357,4,0.5373,847.2,0.1649,6,complete,0.1396,31023.2
708,4,63,1000,787.003,62,,11,0.563,859.3,0.2933,27,step_limit,0.1375,31079.1
709,4,20,527,180.32,20,527,3,0.584,843.9,0.2629,20,complete,0.1863,31108.0
710,5,78,683,1003.581,78,683,13,0.4697,710.1,0.1576,10,complete,0.106,31150.0
711,6,58,638,694.379,58,638,10,0.6782,1101.9,0.1946,10,complete,0.1718,31187.4
712,3,75,1000,809.176,61,,12,0.479,698.6,0.3408,77,step_limit,0.1802,31243.4
713,3,69,1000,836.922,65,,11,0.3103,534.2,0.1903,20,step_limit,0.1615,31300.0
714,3,36,937,406.823,36,937,6,0.5258,779.4,0.3078,45,complete,0.2529,31351.3
715,3,65,1000,611.322,51,,9,0.4803,767.0,0.388,166,step_limit,0.1859,31405.3
716,6,36,355,447.317,36,355,6,0.5531,713.9,0.1694,11,complete,0.0804,31425.5
717,6,56,644,681.614,56,644,10,0.6933,1011.9,0.2503,17,complete,0.151,31461.4
718,4,69,1000,862.974,68,,12,0.5245,794.8,0.3044,20,step_limit,0.142,31517.9
719,4,21,454,198.354,21,454,2,0.4692,622.0,0.4449,82,complete,0.1364,31542.5
720,6,45,397,550.927,45,397,7,0.5714,838.7,0.1807,4,complete,0.0931,31565.9
721,3,30,499,379.36,30,499,5,0.4669,613.5,0.226,17,complete,0.1469,31594.6
722,6,47,336,543.517,47,336,6,0.4792,735.4,0.1634,9,complete,0.1054,31614.8
723,3,51,926,648.873,51,926,9,0.4276,764.9,0.2429,50,complete,0.1667,31667.0
724,5,57,770,692.675,57,770,10,0.6226,859.7,0.2771,12,complete,0.1573,31713.5
725,5,29,372,313.366,29,372,4,0.6167,995.8,0.13,3,complete,0.1412,31735.3
726,6,69,551,866.549,69,551,11,0.601,939.1,0.2141,7,complete,0.1186,31768.9
727,5,36,691,302.603,36,691,4,0.6767,967.1,0.3623,21,complete,0.2053,31808.2
728,4,74,1000,793.108,65,,12,0.5443,835.7,0.2384,17,step_limit,0.1835,31863.6
729,6,64,616,769.128,64,616,10,0.5928,922.8,0.2139,6,complete,0.1529,31901.1
730,4,70,1000,839.343,67,,12,0.4275,791.9,0.2585,18,step_limit,0.1331,31957.2
731,3,48,1000,579.3,47,,8,0.4853,735.0,0.277,45,step_limit,0.1975,32012.7
732,5,37,638,394.141,37,638,6,0.647,1016.9,0.2748,10,complete,0.1972,32047.9
733,5,67,634,841.748,67,634,11,0.5694,728.6,0.1701,8,complete,0.1181,32082.9
734,6,54,689,611.838,54,689,9,0.6957,1068.1,0.2823,10,complete,0.1879,32117.5
735,5,57,700,674.798,57,700,9,0.6329,1079.3,0.2191,5,complete,0.1794,32147.6
736,6,39,360,441.662,39,360,5,0.5352,741.6,0.0738,2,complete,0.0734,32164.2
737,4,29,521,345.726,29,521,5,0.511,773.7,0.2006,12,complete,0.1385,32187.5
738,6,68,476,897.555,68,476,12,0.5284,715.8,0.1088,9,complete,0.1035,32207.9
739,4,20,544,182.66,20,544,3,0.671,1051.0,0.423,64,complete,0.225,32231.8
740,3,69,1000,518.852,48,,8,0.506,759.3,0.3189,72,step_limit,0.283,32272.9
741,6,41,385,439.29,41,385,5,0.5762,841.6,0.1985,2,complete,0.123,32288.3
742,4,78,1000,914.733,72,,13,0.5653,831.9,0.2924,65,step_limit,0.1798,32331.4
743,3,39,831,484.332,39,831,7,0.5471,752.7,0.3058,39,complete,0.2157,32372.0
744,4,57,941,690.185,57,941,10,0.5236,878.9,0.1872,16,complete,0.1636,32425.6
745,3,76,1000,720.586,61,,10,0.4143,645.1,0.2726,70,step_limit,0.1538,32482.4
746,4,69,1000,733.443,63,,10,0.5643,965.5,0.3652,113,step_limit,0.2283,32539.1
747,4,33,515,347.618,33,515,4,0.5204,770.6,0.2426,12,complete,0.1694,32568.0
748,3,30,667,372.24,30,667,5,0.4968,799.2,0.2849,47,complete,0.1762,32606.9
749,5,32,450,370.859,32,450,5,0.6742,887.1,0.3222,16,complete,0.1412,32632.4
750,5,61,656,797.2,61,656,11,0.5463,829.6,0.1616,11,complete,0.136,32671.3
751,5,34,464,354.682,34,464,4,0.6315,869.8,0.2151,18,complete,0.186,32955.4
752,6,69,801,853.123,69,801,12,0.6829,1049.5,0.2521,17,complete,0.1724,32993.9
753,4,80,1000,920.615,73,,13,0.5685,850.5,0.2678,19,step_limit,0.1618,33043.4
754,4,29,570,318.303,29,570,4,0.3803,590.6,0.1679,11,complete,0.1393,33073.5
755,3,43,683,573.659,43,683,8,0.4348,631.9,0.1189,15,complete,0.1292,33110.8
756,6,30,291,310.14,30,291,3,0.5945,850.4,0.1571,8,complete,0.0985,33127.5
757,6,37,384,406.198,37,384,5,0.6215,786.6,0.176,4,complete,0.0902,33149.8
758,4,51,698,602.221,51,698,7,0.543,833.9,0.2098,31,complete,0.1413,33189.0
759,5,23,306,253.743,23,306,3,0.5725,807.8,0.1714,11,complete,0.1476,33207.0
760,5,60,919,751.558,60,919,11,0.6714,1072.5,0.3452,25,complete,0.2086,33257.5
761,3,77,1000,715.668,60,,10,0.5337,771.5,0.3329,34,step_limit,0.2222,33313.4
762,5,26,675,264.885,26,675,4,0.6996,918.2,0.3761,14,complete,0.2131,33349.0
763,5,70,717,902.75,70,717,12,0.4326,711.5,0.1619,9,complete,0.1027,33390.3
764,6,32,498,292.314,32,498,4,0.7219,1147.9,0.2976,8,complete,0.2453,33418.3
765,5,23,407,197.15,23,407,2,0.6663,824.7,0.2969,19,complete,0.1391,33440.7
766,6,51,513,616.596,51,513,8,0.5643,876.7,0.2535,7,complete,0.1175,33470.7
767,4,49,994,587.269,49,994,9,0.5734,880.5,0.3429,42,complete,0.206,33525.4
768,3,72,1000,825.675,65,,11,0.485,776.3,0.2744,43,step_limit,0.1778,33581.7
769,6,22,218,178.011,22,218,1,0.5703,673.0,0.0718,0,complete,0.1364,33595.1
770,6,53,318,665.437,53,318,8,0.4617,594.3,0.0802,6,complete,0.061,33614.8
771,5,38,479,409.208,38,479,5,0.5294,890.8,0.247,9,complete,0.1387,33642.3
772,4,36,476,385.482,36,476,4,0.5415,822.7,0.2331,10,complete,0.1856,33669.3
773,6,21,355,148.1,21,355,1,0.7592,950.1,0.3577,11,complete,0.1667,33688.4
774,6,46,412,543.28,46,412,7,0.5821,853.2,0.2061,5,complete,0.1393,33712.6
775,6,41,352,453.651,41,352,5,0.6193,855.9,0.1646,2,complete,0.1128,33734.2
776,5,48,447,613.473,48,447,8,0.5503,926.7,0.1308,12,complete,0.1171,33760.7
777,4,20,628,165.02,20,628,2,0.6664,808.1,0.4059,44,complete,0.2067,33795.5
778,5,57,969,671.532,57,969,11,0.6008,1005.0,0.2715,10,complete,0.2124,33849.9
779,6,79,826,912.541,79,826,12,0.6747,1071.1,0.2917,10,complete,0.1493,33898.0
780,3,68,1000,767.201,60,,11,0.4123,783.9,0.233,33,step_limit,0.1624,33953.1
781,5,50,472,623.95,50,472,8,0.4822,803.3,0.1611,7,complete,0.1154,33980.4
782,5,45,583,553.983,45,583,8,0.6213,1034.8,0.1713,13,complete,0.1919,34012.2
783,3,28,969,276.291,28,969,4,0.5387,780.1,0.4083,100,complete,0.1772,34064.6
784,6,58,508,735.189,58,508,10,0.6132,933.7,0.1335,4,complete,0.1167,34095.2
785,4,49,691,627.911,49,691,9,0.5275,867.2,0.2489,22,complete,0.1543,34130.7
786,4,53,1000,524.679,48,,8,0.554,954.5,0.3032,95,step_limit,0.2477,34178.3
787,4,47,1000,500.383,45,,8,0.6012,823.5,0.3492,32,step_limit,0.2409,34227.8
788,6,75,777,957.236,75,777,14,0.5995,970.7,0.2483,11,complete,0.1509,34267.7
789,3,79,1000,817.627,64,,12,0.3537,655.4,0.2432,30,step_limit,0.1344,34316.6
790,3,65,1000,655.557,53,,10,0.417,712.6,0.2915,40,step_limit,0.1846,34360.5
791,3,21,432,205.869,21,432,2,0.5309,696.9,0.3386,25,complete,0.1818,34377.8
792,4,50,603,649.544,50,603,9,0.4071,665.0,0.226,12,complete,0.1264,34406.2
793,6,27,361,260.184,27,361,3,0.602,775.8,0.2411,4,complete,0.117,34423.3
794,3,74,1000,715.532,57,,11,0.3737,687.1,0.3683,77,step_limit,0.1215,34470.9
795,3,58,1000,649.555,53,,9,0.3497,730.7,0.3419,54,step_limit,0.1728,34518.9
796,4,23,496,227.447,23,496,3,0.6285,888.3,0.2816,14,complete,0.2304,34541.9
797,5,34,405,355.294,34,405,4,0.4701,619.6,0.2932,10,complete,0.0964,34561.5
798,4,60,827,778.88,60,827,11,0.4008,754.2,0.2903,19,complete,0.1147,34608.4
799,3,33,565,430.195,33,565,6,0.4319,724.4,0.1536,21,complete,0.1058,34639.1
800,5,50,476,592.75,50,476,7,0.5122,779.4,0.1568,7,complete,0.1171,34666.7
801,5,57,679,711.418,57,679,10,0.5788,951.7,0.1791,20,complete,0.1333,34992.3
802,4,68,981,834.384,68,981,11,0.4901,777.0,0.2127,16,complete,0.1408,35041.2
803,4,80,1000,940.07,75,,13,0.5015,703.7,0.2501,18,step_limit,0.1828,35091.2
804,6,65,501,804.509,65,501,10,0.6301,840.8,0.167,5,complete,0.0963,35116.0
805,6,78,789,1002.106,78,789,14,0.6018,832.0,0.2792,10,complete,0.1376,35155.4
806,6,73,583,934.815,73,583,12,0.55,788.6,0.2334,10,complete,0.0941,35185.7
807,6,69,527,876.571,69,527,11,0.5696,841.0,0.2459,41,complete,0.085,35213.4
808,4,26,613,237.526,26,613,3,0.6501,856.7,0.2492,30,complete,0.2591,35242.2
809,4,70,947,904.354,70,947,13,0.4749,759.8,0.2954,23,complete,0.1398,35292.8
810,4,68,873,887.074,68,873,12,0.3895,702.2,0.2108,19,complete,0.1272,35342.6
811,3,58,855,795.276,58,855,11,0.4292,738.3,0.2886,51,complete,0.1154,35390.6
812,4,33,603,365.553,33,603,5,0.5265,676.0,0.1785,34,complete,0.1786,35424.4
813,4,41,533,487.178,41,533,6,0.5436,735.7,0.1764,11,complete,0.0951,35455.3
814,4,24,905,187.833,24,905,3,0.6964,968.5,0.49,100,complete,0.2532,35503.8
815,3,38,818,440.573,38,818,6,0.4967,748.7,0.1622,35,complete,0.2114,35547.5
816,3,25,431,305.938,25,431,4,0.4988,738.7,0.2253,24,complete,0.14,35572.3
817,4,53,741,662.503,53,741,9,0.3681,584.1,0.2875,30,complete,0.0917,35614.4
818,5,28,352,319.436,28,352,4,0.6455,769.7,0.1174,3,complete,0.151,35634.2
819,6,23,239,222.469,23,239,2,0.56,907.9,0.1182,1,complete,0.1429,35648.0
820,4,74,1000,806.546,67,,12,0.5617,901.7,0.242,23,step_limit,0.17,35704.1
821,4,79,1000,751.975,66,,11,0.53,820.2,0.4078,53,step_limit,0.1744,35759.3
822,4,20,423,185.1,20,423,2,0.5952,706.4,0.2119,11,complete,0.1341,35781.8
823,5,61,714,753.464,61,714,10,0.6168,927.3,0.2331,19,complete,0.1765,35824.8
824,3,25,684,273.856,25,684,4,0.5648,785.5,0.3059,47,complete,0.1818,35862.3
825,3,41,1000,447.102,39,,7,0.533,795.8,0.2607,40,step_limit,0.2447,35916.7
826,3,53,1000,360.842,37,,6,0.5213,791.8,0.4012,38,step_limit,0.2313,35971.1
827,4,44,984,479.358,44,984,7,0.5965,1033.9,0.3267,38,complete,0.2165,36026.9
828,4,24,443,282.23,24,443,4,0.5672,819.5,0.2971,13,complete,0.1863,36050.9
829,6,53,486,637.47,53,486,8,0.6235,998.9,0.1919,6,complete,0.0913,36079.7
830,6,66,604,827.105,66,604,11,0.625,977.8,0.1783,4,complete,0.1127,36115.9
831,5,69,873,834.451,69,873,12,0.4236,746.8,0.1777,10,complete,0.1312,36171.4
832,5,69,961,828.334,69,961,11,0.5767,829.3,0.3574,72,complete,0.1435,36225.7
833,6,72,745,900.15,72,745,13,0.6356,969.3,0.216,4,complete,0.1225,36268.7
834,4,71,1000,701.414,60,,11,0.604,890.2,0.3028,46,step_limit,0.2073,36321.0
835,3,56,1000,699.489,53,,10,0.4657,716.1,0.2797,43,step_limit,0.1133,36368.7
836,6,30,282,305.62,30,282,3,0.6229,848.8,0.1339,5,complete,0.1473,36382.9
837,3,73,1000,605.805,53,,9,0.3893,654.2,0.2956,70,step_limit,0.1524,36431.0
838,5,56,537,728.98,56,537,10,0.4514,658.1,0.1305,10,complete,0.0911,36455.6
839,4,20,422,169.08,20,422,2,0.6499,894.6,0.3067,17,complete,0.1818,36473.8
840,3,33,482,412.695,33,482,5,0.352,705.6,0.1358,20,complete,0.113,36494.0
841,4,31,526,329.812,31,526,4,0.6112,938.7,0.2178,11,complete,0.2031,36515.6
842,3,68,1000,750.674,61,,10,0.488,772.2,0.2574,36,step_limit,0.1928,36557.2
843,6,51,635,607.053,51,635,9,0.6895,1048.7,0.2223,10,complete,0.2061,36587.8
844,4,37,507,476.931,37,507,7,0.4408,728.2,0.1371,18,complete,0.1462,36612.2
845,6,74,490,997.87,74,490,13,0.4133,597.4,0.078,7,complete,0.0778,36638.1
846,3,32,547,392.915,32,547,5,0.3455,596.7,0.1949,24,complete,0.1566,36665.0
847,5,25,271,300.71,25,271,4,0.5085,734.9,0.0927,8,complete,0.1026,36679.6
848,3,44,1000,498.573,42,,7,0.5213,792.3,0.341,76,step_limit,0.2035,36731.1
849,5,28,528,237.796,28,528,3,0.6436,909.9,0.3308,37,complete,0.1966,36760.3
850,3,47,833,568.304,47,833,8,0.3693,586.9,0.2597,74,complete,0.1478,36806.1
851,3,39,778,463.222,39,778,6,0.4584,779.7,0.2526,29,complete,0.1905,37145.5
852,4,68,1000,501.4,52,,8,0.6088,846.7,0.293,80,step_limit,0.2589,37200.9
853,4,65,1000,684.634,58,,10,0.6265,879.5,0.3069,20,step_limit,0.1983,37252.5
854,5,61,688,710.305,61,688,9,0.5974,981.9,0.1846,10,complete,0.1843,37288.5
855,5,22,220,161.045,22,220,0,0.6091,776.5,0.1856,10,complete,0.1226,37299.9
856,5,59,696,726.929,59,696,10,0.5494,723.3,0.2342,12,complete,0.1375,37335.4
857,3,69,1000,543.526,50,,8,0.423,782.2,0.328,46,step_limit,0.1815,37382.9
858,6,35,304,416.634,35,304,5,0.472,599.5,0.129,4,complete,0.0909,37402.3
859,3,20,698,176.6,20,698,3,0.5506,756.0,0.3794,86,complete,0.209,37436.0
860,5,42,829,451.145,42,829,7,0.6314,928.5,0.3243,15,complete,0.1837,37474.5
861,4,58,609,727.199,58,609,9,0.5008,685.5,0.1661,10,complete,0.0959,37504.8
862,3,39,921,432.301,39,921,6,0.4358,682.1,0.2916,40,complete,0.1741,37551.2
863,5,77,987,990.644,77,987,14,0.6207,939.9,0.2605,17,complete,0.1809,37606.8
864,6,37,707,413.753,37,707,7,0.7379,1138.0,0.2833,8,complete,0.2278,37646.6
865,4,33,581,360.021,33,581,5,0.5706,842.9,0.2947,16,complete,0.1894,37678.2
866,5,40,501,468.163,40,501,6,0.4535,694.7,0.1711,12,complete,0.1101,37706.9
867,6,34,335,362.588,34,335,4,0.6323,719.0,0.1123,9,complete,0.1133,37725.7
868,3,34,833,421.528,34,833,6,0.5018,739.2,0.3319,154,complete,0.1707,37771.7
869,3,76,1000,944.525,71,,13,0.3547,609.0,0.1929,31,step_limit,0.1705,37829.1
870,4,42,1000,379.048,36,,6,0.6375,828.7,0.5797,265,step_limit,0.1737,37882.7
871,3,47,887,590.211,47,887,8,0.4649,778.5,0.2288,47,complete,0.1803,37930.9
872,5,22,232,180.536,22,232,1,0.6483,780.9,0.1596,13,complete,0.0938,37944.5
873,5,60,809,780.1,60,809,11,0.6529,1096.9,0.2015,8,complete,0.1872,37989.4
874,6,45,447,532.5,45,447,7,0.6171,846.2,0.2166,5,complete,0.1169,38015.3
875,6,32,352,314.836,32,352,3,0.6899,918.4,0.1883,9,complete,0.1354,38035.4
876,3,49,1000,565.202,46,,8,0.3383,569.9,0.24,38,step_limit,0.13,38089.8
877,6,77,678,976.169,77,678,13,0.6458,1053.2,0.2042,10,complete,0.1467,38129.2
878,5,44,933,468.816,44,933,8,0.6864,1090.1,0.3018,21,complete,0.2314,38179.9
879,3,79,1000,799.342,64,,11,0.465,774.5,0.3056,64,step_limit,0.1861,38236.6
880,5,32,425,345.047,32,425,4,0.4852,730.7,0.1636,6,complete,0.0982,38261.1
881,6,74,724,915.236,74,724,13,0.628,1038.7,0.1914,11,complete,0.1696,38302.4
882,4,76,1000,912.926,72,,13,0.4788,818.5,0.2422,28,step_limit,0.1698,38359.4
883,6,50,478,553.136,50,478,6,0.6851,1097.0,0.2257,10,complete,0.1417,38387.7
884,6,56,521,727.469,56,521,10,0.5483,864.2,0.1121,5,complete,0.1193,38418.3
885,3,44,973,541.521,44,973,8,0.4553,718.8,0.336,58,complete,0.1633,38471.9
886,6,76,556,991.824,76,556,13,0.5,746.1,0.1532,7,complete,0.0825,38503.0
887,4,67,937,869.792,67,937,12,0.556,944.6,0.2747,22,complete,0.1687,38546.9
888,3,71,1000,604.963,52,,9,0.4493,667.7,0.255,66,step_limit,0.1864,38587.6
889,3,32,565,381.406,32,565,5,0.4973,766.7,0.2314,23,complete,0.194,38612.3
890,5,62,865,741.427,62,865,10,0.4684,800.0,0.2614,14,complete,0.1405,38649.7
891,3,78,1000,804.742,65,,11,0.3863,659.0,0.2688,55,step_limit,0.1966,38692.1
892,4,39,586,499.555,39,586,7,0.4573,671.0,0.1009,10,complete,0.1181,38715.3
893,4,65,1000,788.911,63,,11,0.5735,837.0,0.2452,28,step_limit,0.1729,38767.7
894,6,47,566,517.653,47,566,7,0.5612,704.9,0.2858,10,complete,0.142,38800.8
895,6,64,628,817.654,64,628,12,0.5825,799.7,0.2181,11,complete,0.1356,38836.2
896,5,41,512,430.717,41,512,5,0.6184,961.4,0.1783,7,complete,0.1471,38865.7
897,6,77,688,1006.902,77,688,14,0.439,618.8,0.3212,13,complete,0.0933,38907.3
898,4,29,478,288.011,29,478,3,0.6109,936.2,0.2561,11,complete,0.1435,38934.2
899,3,31,754,346.519,31,754,5,0.5057,775.1,0.2687,38,complete,0.2588,38974.9
900,3,69,1000,836.552,65,,11,0.3887,718.4,0.2592,38,step_limit,0.1559,39029.2
901,6,26,282,206.272,26,282,1,0.6862,889.4,0.1999,10,complete,0.1333,39337.8
902,6,58,588,730.658,58,588,10,0.5907,931.4,0.1708,4,complete,0.1526,39371.7
903,3,41,1000,376.98,37,,5,0.512,780.9,0.3652,139,step_limit,0.2652,39422.0
904,6,47,457,601.669,47,457,8,0.4387,690.3,0.2013,6,complete,0.1,39445.7
905,3,63,1000,631.729,53,,9,0.5083,785.3,0.3318,62,step_limit,0.2153,39492.7
906,5,64,953,710.85,64,953,10,0.6128,1013.7,0.2645,14,complete,0.1818,39538.8
907,3,80,1000,888.374,67,,13,0.398,570.9,0.2344,40,step_limit,0.1602,39587.5
908,6,49,581,537.83,49,581,7,0.6231,797.1,0.15,14,complete,0.1275,39616.0
909,3,68,1000,557.719,50,,8,0.4973,748.9,0.3834,158,step_limit,0.2274,39661.6
910,6,69,575,897.378,69,575,12,0.6429,966.9,0.1265,8,complete,0.1259,39690.3
911,3,22,577,233.058,22,577,3,0.4674,649.3,0.2823,43,complete,0.1897,39721.6
912,4,71,1000,606.569,57,,9,0.6402,861.4,0.2541,32,step_limit,0.2931,39777.2
913,3,48,899,556.199,48,899,7,0.3919,577.4,0.3225,90,complete,0.1565,39826.9
914,3,64,1000,646.136,55,,9,0.3987,738.5,0.3181,54,step_limit,0.1652,39881.3
915,6,58,519,658.277,58,519,8,0.6561,978.4,0.1275,5,complete,0.1407,39912.6
916,4,21,435,187.724,21,435,2,0.4144,704.9,0.2452,18,complete,0.1786,39936.5
917,5,75,1000,792.76,68,,12,0.6716,1131.1,0.2887,32,step_limit,0.2154,39993.2
918,6,22,275,169.382,22,275,1,0.7455,977.8,0.311,11,complete,0.1481,40008.4
919,5,73,753,963.864,73,753,13,0.6162,899.0,0.2344,7,complete,0.116,40052.4
920,3,79,1000,586.915,52,,9,0.4873,769.0,0.2673,68,step_limit,0.2107,40108.7
921,4,27,404,320.655,27,404,4,0.4579,637.4,0.2468,12,complete,0.1157,40132.8
922,4,20,307,241.18,20,307,3,0.5041,804.3,0.2989,10,complete,0.1458,40151.0
923,5,51,812,612.802,51,812,9,0.5714,978.1,0.2402,13,complete,0.1458,40195.8
924,6,68,507,849.962,68,507,11,0.4941,709.7,0.1514,4,complete,0.093,40226.6
925,6,30,340,318.02,30,340,4,0.6578,952.6,0.1317,4,complete,0.1701,40245.7
926,6,31,283,377.601,31,283,5,0.5371,775.7,0.121,4,complete,0.1285,40262.2
927,3,62,1000,622.073,52,,9,0.463,741.1,0.2816,52,step_limit,0.1981,40318.6
928,3,51,1000,503.094,45,,7,0.464,787.6,0.3374,52,step_limit,0.1881,40373.4
929,6,34,327,442.674,34,327,6,0.449,671.2,0.0293,4,complete,0.0788,40392.7
930,4,57,928,758.985,57,928,11,0.5008,666.1,0.3474,74,complete,0.1447,40444.0
931,4,52,742,657.72,52,742,9,0.5142,810.0,0.245,21,complete,0.1589,40485.5
932,6,27,374,251.449,27,374,3,0.5887,788.8,0.147,2,complete,0.1233,40506.7
933,6,71,709,832.232,71,709,11,0.6584,973.2,0.2681,10,complete,0.1622,40545.2
934,6,65,756,735.422,65,756,10,0.6645,1068.3,0.2291,6,complete,0.1802,40579.9
935,4,29,615,309.179,29,615,4,0.5988,850.1,0.3224,43,complete,0.1962,40604.1
936,3,44,841,566.277,44,841,8,0.4776,772.3,0.2606,30,complete,0.1944,40636.5
937,3,22,537,226.254,22,537,3,0.5245,793.1,0.2905,58,complete,0.1634,40656.2
938,4,44,979,379.413,44,979,5,0.5965,865.7,0.2727,15,complete,0.2732,40694.4
939,5,68,1000,745.603,63,,12,0.7014,1161.0,0.2773,14,step_limit,0.2262,40733.0
940,5,43,630,413.326,43,630,5,0.6587,1048.7,0.2282,8,complete,0.184,40758.0
941,5,73,795,910.346,73,795,12,0.6194,987.2,0.2128,12,complete,0.1795,40792.2
942,6,26,388,256.082,26,388,3,0.6572,753.7,0.2484,10,complete,0.1224,40812.5
943,5,28,526,289.807,28,526,4,0.6814,951.1,0.2083,9,complete,0.1963,40841.0
944,3,79,1000,869.787,66,,13,0.3087,544.2,0.2332,41,step_limit,0.1458,40896.1
945,3,61,1000,513.626,46,,8,0.4723,723.2,0.3192,63,step_limit,0.1988,40952.2
946,4,50,1000,505.416,46,,8,0.5645,877.9,0.3583,23,step_limit,0.2344,41007.1
947,6,25,261,229.18,25,261,2,0.6654,743.4,0.2412,6,complete,0.0958,41022.2
948,6,58,732,702.849,58,732,10,0.6705,877.0,0.2365,6,complete,0.1785,41064.6
949,6,52,504,614.514,52,504,8,0.6161,890.3,0.1606,3,complete,0.1475,41095.2
950,6,43,329,512.386,43,329,6,0.536,715.2,0.1805,4,complete,0.1144,41114.3
951,5,30,560,256.45,30,560,3,0.6504,901.6,0.2927,17,complete,0.2062,41453.7
952,3,51,1000,547.782,47,,8,0.522,784.3,0.3246,73,step_limit,0.2092,41515.3
953,6,43,548,506.222,43,548,7,0.6688,893.0,0.1609,3,complete,0.1447,41547.8
954,6,80,940,963.62,80,940,14,0.6688,1046.8,0.2966,10,complete,0.1906,41601.4
955,6,46,329,539.508,46,329,6,0.5932,851.3,0.1087,10,complete,0.0984,41618.5
956,5,37,436,413.957,37,436,5,0.6482,923.5,0.2291,5,complete,0.1377,41640.2
957,3,52,1000,600.115,51,,8,0.375,555.1,0.3915,46,step_limit,0.1518,41686.2
958,6,46,675,471.439,46,675,7,0.7035,1162.7,0.2242,5,complete,0.2209,41718.2
959,4,46,966,530.09,46,966,8,0.5836,860.1,0.3332,18,complete,0.1852,41762.8
960,6,66,551,833.749,66,551,11,0.4988,686.5,0.1334,4,complete,0.1138,41791.2
961,4,76,1000,729.542,63,,11,0.5747,852.2,0.2464,21,step_limit,0.2444,41839.3
962,4,52,992,614.758,52,992,9,0.6308,998.8,0.3491,32,complete,0.2185,41886.9
963,3,56,1000,457.637,43,,7,0.5353,797.3,0.3038,45,step_limit,0.1987,41939.6
964,3,54,1000,683.5,53,,10,0.382,628.3,0.2213,33,step_limit,0.187,41996.6
965,4,34,1000,295.494,33,,5,0.6335,888.3,0.3033,33,step_limit,0.228,42050.3
966,5,77,757,1022.942,77,757,14,0.4433,684.0,0.2145,9,complete,0.1107,42095.3
967,6,38,306,440.098,38,306,5,0.5272,684.1,0.167,9,complete,0.0833,42113.9
968,6,37,625,321.311,37,625,4,0.6301,966.1,0.1945,10,complete,0.2366,42149.8
969,4,54,617,654.942,54,617,8,0.5502,845.0,0.1772,18,complete,0.1444,42184.1
970,5,80,986,982.6,80,986,14,0.514,838.9,0.2078,9,complete,0.2068,42241.3
971,5,26,279,309.781,26,279,4,0.4889,648.9,0.0469,1,complete,0.0955,42257.4
972,6,27,302,307.347,27,302,4,0.6661,833.1,0.3489,10,complete,0.1277,42274.5
973,4,36,948,346.413,36,948,5,0.5686,901.8,0.2864,18,complete,0.2147,42327.8
974,3,80,1000,917.07,72,,12,0.4423,711.5,0.1952,35,step_limit,0.1791,42386.7
975,6,80,1000,925.427,79,,13,0.6827,1018.1,0.2623,14,step_limit,0.1793,42444.3
976,4,48,949,511.765,48,949,7,0.6628,1051.8,0.3109,19,complete,0.255,42496.3
977,5,48,843,526.392,48,843,8,0.4472,655.0,0.2952,17,complete,0.1607,42541.6
978,5,69,1000,793.261,66,,11,0.615,807.6,0.3672,21,step_limit,0.1557,42590.7
979,6,58,578,685.927,58,578,9,0.4986,718.5,0.264,11,complete,0.1214,42620.4
980,6,73,872,878.861,73,872,13,0.6764,1028.7,0.1875,4,complete,0.1965,42663.6
981,4,62,691,779.857,62,691,10,0.4982,822.2,0.1696,18,complete,0.1287,42699.1
982,6,66,921,703.067,66,921,10,0.7034,885.4,0.2768,25,complete,0.1517,42746.6
983,4,22,424,267.876,22,424,4,0.5371,808.5,0.3845,17,complete,0.1719,42765.3
984,3,53,1000,401.56,38,,7,0.5337,693.4,0.4322,247,step_limit,0.2472,42806.1
985,5,65,622,833.769,65,622,11,0.4682,695.6,0.1597,6,complete,0.1039,42836.9
986,6,35,556,365.154,35,556,5,0.6577,858.0,0.2725,17,complete,0.1559,42862.5
987,5,47,538,583.632,47,538,8,0.5643,763.6,0.1029,4,complete,0.1316,42890.4
988,4,24,399,246.723,24,399,3,0.5144,689.1,0.2,8,complete,0.1223,42909.4
989,3,64,1000,804.739,62,,11,0.4497,793.7,0.2834,39,step_limit,0.1333,42955.0
990,4,26,506,253.929,26,506,3,0.5924,881.3,0.323,23,complete,0.1545,42981.5
991,3,30,783,341.62,30,783,5,0.433,767.9,0.2531,39,complete,0.2133,43023.5
992,4,59,869,724.874,59,869,10,0.4971,817.5,0.1867,19,complete,0.175,43072.0
993,3,46,1000,410.748,40,,6,0.512,785.5,0.4387,64,step_limit,0.2571,43125.6
994,5,71,577,927.742,71,577,12,0.505,740.3,0.1688,10,complete,0.0768,43159.5
995,3,61,1000,667.184,53,,10,0.438,754.6,0.2432,60,step_limit,0.2,43213.9
996,3,61,1000,756.243,58,,11,0.393,656.6,0.2466,44,step_limit,0.1362,43270.1
997,3,59,1000,661.825,51,,10,0.4913,796.1,0.227,33,step_limit,0.1964,43323.6
998,6,70,814,779.217,70,814,10,0.6738,1023.0,0.2345,5,complete,0.1766,43370.2
999,4,49,634,645.375,49,634,9,0.4882,874.8,0.2107,17,complete,0.1121,43405.2
1000,5,63,894,790.054,63,894,11,0.6206,904.2,0.2431,17,complete,0.1694,43455.2
1001,6,43,442,527.192,43,442,7,0.4815,755.0,0.2256,8,complete,0.1048,43761.3
1002,4,78,1000,690.513,62,,10,0.5455,816.4,0.293,24,step_limit,0.209,43808.5
1003,4,74,1000,749.854,62,,12,0.575,848.3,0.2881,38,step_limit,0.2053,43858.1
1004,6,61,614,749.442,61,614,10,0.6754,915.6,0.1805,9,complete,0.1319,43889.0
1005,5,62,800,799.258,62,800,11,0.5753,851.4,0.1907,12,complete,0.1694,43927.4
1006,3,22,776,189.547,22,776,3,0.433,676.9,0.3527,54,complete,0.1692,43962.3
1007,5,79,783,992.812,79,783,13,0.5903,962.7,0.1534,10,complete,0.1288,44005.7
1008,4,28,482,272.991,28,482,3,0.5057,833.0,0.2674,29,complete,0.1765,44031.4
1009,4,65,1000,735.612,62,,10,0.5933,812.8,0.3327,33,step_limit,0.1949,44086.4
1010,5,22,366,189.132,22,366,2,0.6951,805.6,0.3561,20,complete,0.181,44106.3
1011,5,52,450,590.337,52,450,6,0.5116,586.0,0.1993,9,complete,0.062,44131.9
1012,6,47,482,549.489,47,482,7,0.6553,787.4,0.1902,3,complete,0.1055,44159.5
1013,6,66,570,760.536,66,570,9,0.4813,693.1,0.2121,17,complete,0.1175,44191.9
1014,4,69,1000,829.229,67,,12,0.512,786.9,0.3136,31,step_limit,0.1803,44247.7
1015,4,77,1000,947.714,71,,14,0.4517,770.5,0.2347,10,step_limit,0.1614,44305.2
1016,4,80,1000,757.98,65,,11,0.6162,944.4,0.3045,29,step_limit,0.1824,44362.8
1017,5,51,570,586.618,51,570,7,0.5126,740.9,0.2207,10,complete,0.1165,44394.8
1018,6,21,285,133.843,21,285,0,0.6269,788.5,0.2205,7,complete,0.1111,44410.4
1019,4,58,764,739.668,58,764,10,0.5651,878.3,0.154,9,complete,0.1698,44458.2
1020,4,74,1000,834.308,66,,13,0.52,840.2,0.2625,21,step_limit,0.2114,44515.0
1021,3,48,1000,557.444,45,,8,0.392,729.8,0.322,57,step_limit,0.1733,44571.3
1022,6,27,303,312.909,27,303,4,0.4076,557.8,0.1661,8,complete,0.0732,44588.0
1023,6,46,380,559.496,46,380,7,0.5083,740.5,0.1243,5,complete,0.0911,44610.3
1024,3,70,1000,583.641,51,,9,0.5497,785.5,0.2752,83,step_limit,0.2788,44665.4
1025,5,41,590,480.927,41,590,7,0.6434,932.7,0.2572,12,complete,0.1711,44698.6
1026,6,76,731,925.516,76,731,12,0.6452,960.4,0.2223,8,complete,0.1561,44741.6
1027,4,51,685,658.082,51,685,9,0.5401,779.3,0.1481,10,complete,0.1429,44781.2
1028,3,27,653,285.688,27,653,4,0.3788,734.7,0.2787,36,complete,0.1333,44816.0
1029,4,37,475,427.659,37,475,5,0.4674,740.8,0.2077,12,complete,0.1719,44843.4
1030,4,46,906,530.377,46,906,8,0.6015,930.3,0.3397,27,complete,0.1933,44885.1
1031,6,20,268,112.79,20,268,0,0.6206,664.1,0.2509,3,complete,0.092,44899.8
1032,3,27,412,326.084,27,412,4,0.3212,530.6,0.0833,10,complete,0.0922,44917.3
1033,5,38,433,421.061,38,433,5,0.4998,728.3,0.2412,17,complete,0.1065,44938.6
1034,4,66,1000,823.485,64,,12,0.5733,847.5,0.2608,21,step_limit,0.2008,44988.5
1035,6,64,532,724.114,64,532,8,0.6438,1016.2,0.1785,6,complete,0.1272,45015.8
1036,4,59,856,724.635,59,856,10,0.5491,826.9,0.2753,25,complete,0.1864,45051.4
1037,3,49,1000,542.38,47,,7,0.4067,678.1,0.2686,22,step_limit,0.1682,45091.5
1038,6,57,1000,581.568,56,,9,0.7288,964.5,0.2979,16,step_limit,0.2256,45141.0
1039,4,73,1000,832.668,68,,12,0.5175,897.5,0.2575,26,step_limit,0.1686,45195.1
1040,3,44,1000,467.764,41,,7,0.4737,784.2,0.266,71,step_limit,0.2433,45250.1
1041,5,65,1000,770.185,63,,12,0.6616,996.5,0.2718,10,step_limit,0.1937,45305.6
1042,3,37,1000,292.059,32,,5,0.562,765.8,0.3819,51,step_limit,0.2766,45359.0
1043,5,52,606,655.613,52,606,9,0.5257,718.0,0.1464,10,complete,0.1302,45392.8
1044,4,36,906,381.004,36,906,6,0.5806,1014.7,0.3146,37,complete,0.2303,45442.2
1045,4,52,617,648.805,52,617,8,0.4461,631.0,0.1497,10,complete,0.122,45478.3
1046,5,43,468,555.786,43,468,8,0.5936,790.2,0.1016,6,complete,0.1118,45504.4
1047,3,52,1000,580.369,46,,9,0.5153,763.3,0.3569,60,step_limit,0.18,45560.4
1048,3,51,1000,612.329,49,,9,0.5107,780.8,0.2889,37,step_limit,0.1745,45616.3
1049,4,72,1000,713.783,63,,10,0.606,1027.7,0.3564,38,step_limit,0.2394,45674.1
1050,5,76,890,942.401,76,890,13,0.6404,1029.9,0.173,19,complete,0.1969,45726.0
1051,4,79,1000,735.828,65,,11,0.5513,871.5,0.2626,33,step_limit,0.2076,46064.1
1052,5,45,559,564.139,45,559,8,0.6061,902.6,0.1959,5,complete,0.1429,46091.3
1053,6,49,432,502.419,49,432,5,0.6505,1008.6,0.1693,8,complete,0.1569,46111.8
1054,6,61,474,746.432,61,474,9,0.4631,628.3,0.2033,16,complete,0.0734,46137.5
1055,5,41,620,468.646,41,620,6,0.6819,970.7,0.4177,57,complete,0.1946,46168.5
1056,5,54,554,677.93,54,554,9,0.5845,857.9,0.1391,7,complete,0.1407,46196.5
1057,5,64,840,812.883,64,840,11,0.5155,795.2,0.19,9,complete,0.1333,46237.7
1058,5,66,1000,752.061,64,,11,0.6446,894.7,0.253,13,step_limit,0.2094,46286.3
1059,3,51,923,635.957,51,923,9,0.3662,662.7,0.262,39,complete,0.1524,46330.3
1060,6,52,494,617.687,52,494,8,0.6613,900.3,0.1547,8,complete,0.1686,46357.4
1061,5,37,579,420.158,37,579,6,0.563,844.3,0.2268,19,complete,0.1493,46390.8
1062,5,24,319,252.487,24,319,3,0.5028,664.8,0.1184,3,complete,0.1128,46408.3
1063,5,73,821,901.094,73,821,12,0.5954,910.3,0.311,10,complete,0.1623,46455.1
1064,5,39,760,394.897,39,760,6,0.6797,971.3,0.2999,17,complete,0.2047,46497.2
1065,4,24,965,184.2,24,965,4,0.643,973.1,0.3225,19,complete,0.2936,46549.6
1066,3,75,1000,731.428,60,,10,0.4213,647.5,0.3422,53,step_limit,0.1681,46604.9
1067,6,50,608,581.204,50,608,8,0.5581,813.9,0.2361,8,complete,0.1395,46639.4
1068,4,45,578,551.36,45,578,7,0.3854,710.2,0.25,15,complete,0.1267,46671.7
1069,5,20,380,205.575,20,380,3,0.5858,883.0,0.3129,31,complete,0.155,46693.5
1070,3,79,1000,864.073,67,,12,0.3803,667.6,0.192,52,step_limit,0.1541,46750.6
1071,4,32,609,365.778,32,609,5,0.4828,663.6,0.3166,32,complete,0.1411,46783.1
1072,3,56,1000,505.612,45,,8,0.4833,676.6,0.3024,64,step_limit,0.219,46837.4
1073,6,25,254,238.24,25,254,2,0.5682,826.6,0.1321,1,complete,0.094,46850.8
1074,3,34,801,368.858,34,801,5,0.551,779.4,0.3483,78,complete,0.2251,46887.5
1075,6,40,368,441.82,40,368,5,0.5996,743.8,0.1753,5,complete,0.117,46906.0
1076,3,73,1000,625.116,53,,9,0.4737,678.7,0.4145,190,step_limit,0.1683,46954.0
1077,5,50,634,534.23,50,634,6,0.6338,896.1,0.1905,10,complete,0.1682,46986.3
1078,5,62,882,775.384,62,882,12,0.661,945.8,0.293,38,complete,0.2,47028.9
1079,4,25,333,304.552,25,333,4,0.5075,803.9,0.196,11,complete,0.1395,47045.3
1080,3,51,1000,545.518,46,,8,0.4187,686.6,0.3076,49,step_limit,0.1571,47092.5
1081,5,46,905,478.174,46,905,7,0.6802,1072.8,0.2631,16,complete,0.2149,47128.1
1082,6,51,422,571.574,51,422,6,0.5806,794.0,0.1118,3,complete,0.0952,47148.3
1083,4,64,1000,529.481,53,,8,0.5363,841.0,0.2332,18,step_limit,0.2434,47196.4
1084,4,48,935,573.367,48,935,8,0.6388,890.3,0.3341,20,complete,0.1966,47242.5
1085,4,60,1000,587.9,55,,8,0.6148,955.8,0.3062,19,step_limit,0.25,47290.9
1086,5,27,316,277.756,27,316,3,0.6582,817.0,0.1992,5,complete,0.1409,47307.7
1087,5,66,1000,662.833,60,,11,0.658,979.4,0.2305,10,step_limit,0.2407,47358.6
1088,5,48,534,536.706,48,534,6,0.5345,695.3,0.172,5,complete,0.107,47387.3
1089,4,63,869,802.719,63,869,11,0.5322,710.8,0.282,38,complete,0.1464,47437.8
1090,5,78,1000,922.91,77,,13,0.6568,1080.9,0.2028,11,step_limit,0.2333,47495.9
1091,4,66,1000,777.764,63,,11,0.6085,996.7,0.2925,25,step_limit,0.2216,47552.1
1092,3,77,1000,708.818,60,,10,0.4877,779.4,0.2701,53,step_limit,0.2279,47608.6
1093,3,72,1000,890.029,68,,12,0.4873,746.0,0.2497,36,step_limit,0.172,47664.5
1094,6,45,435,456.42,45,435,5,0.595,769.3,0.1583,7,complete,0.1296,47689.5
1095,5,21,330,191.595,21,330,2,0.5739,760.5,0.2175,6,complete,0.1128,47707.7
1096,6,77,631,981.413,77,631,13,0.5468,776.2,0.1451,10,complete,0.1049,47744.7
1097,3,44,880,532.093,44,880,7,0.4644,791.9,0.2683,26,complete,0.1812,47792.9
1098,3,59,1000,555.281,47,,9,0.5247,743.1,0.4013,195,step_limit,0.1533,47846.3
1099,4,75,1000,1001.291,75,1000,14,0.5515,898.8,0.2295,23,complete,0.1734,47902.0
1100,3,54,1000,605.694,50,,9,0.4833,761.5,0.2586,33,step_limit,0.2201,47956.7
1101,4,78,879,1028.953,78,879,14,0.4798,686.6,0.169,16,complete,0.1448,48295.5
1102,6,36,545,368.767,36,545,5,0.4385,756.7,0.342,11,complete,0.1313,48326.0
1103,4,32,864,320.465,32,864,5,0.6238,995.2,0.2899,30,complete,0.2078,48372.3
1104,6,37,460,360.676,37,460,4,0.6848,966.1,0.253,10,complete,0.1589,48396.7
1105,6,63,472,828.642,63,472,11,0.541,848.2,0.1444,2,complete,0.0981,48421.3
1106,5,46,507,585.922,46,507,8,0.5546,941.0,0.1307,7,complete,0.1444,48446.1
1107,5,21,389,180.645,21,389,2,0.6838,952.5,0.3393,14,complete,0.2095,48463.7
1108,3,41,1000,455.02,39,,7,0.5293,783.8,0.3042,40,step_limit,0.2695,48510.8
1109,5,21,154,167.776,21,154,0,0.474,789.0,0.1105,1,complete,0.0769,48518.3
1110,3,55,1000,557.864,48,,8,0.51,772.4,0.2807,48,step_limit,0.239,48566.3
1111,6,49,348,601.402,49,348,7,0.4569,598.2,0.0378,3,complete,0.1009,48584.0
1112,4,27,426,308.634,27,426,4,0.5886,768.5,0.2963,36,complete,0.15,48605.0
1113,6,70,786,823.951,70,786,11,0.4631,625.5,0.2697,12,complete,0.0934,48645.8
1114,6,50,445,573.848,50,445,7,0.6146,807.2,0.1677,3,complete,0.1169,48668.3
1115,6,73,1000,840.405,71,,14,0.7,1104.7,0.2891,22,step_limit,0.2298,48721.1
1116,4,54,1000,516.8,49,,8,0.5765,996.9,0.2509,24,step_limit,0.2214,48777.8
1117,5,74,917,926.495,74,917,13,0.5815,781.7,0.2398,7,complete,0.1524,48830.3
1118,6,52,695,620.962,52,695,9,0.6856,1119.0,0.2719,23,complete,0.1533,48870.7
1119,6,22,235,139.955,22,235,0,0.6511,938.0,0.1392,2,complete,0.1324,48884.2
1120,5,40,607,438.187,40,607,6,0.5812,942.3,0.2421,20,complete,0.152,48918.3
1121,5,26,433,219.369,26,433,2,0.6933,1169.7,0.334,29,complete,0.1447,48943.2
1122,6,55,370,718.676,55,370,9,0.4473,657.2,0.089,4,complete,0.0685,48965.0
1123,6,54,481,679.573,54,481,9,0.5319,752.5,0.105,6,complete,0.0967,48993.3
1124,5,79,677,1019.947,79,677,13,0.4458,679.1,0.1753,11,complete,0.0949,49033.1
1125,6,53,590,636.098,53,590,9,0.6054,1010.2,0.2244,9,complete,0.1528,49065.6
1126,5,21,222,156.329,21,222,0,0.655,887.7,0.2835,11,complete,0.1333,49077.9
1127,4,66,1000,729.873,60,,11,0.5827,958.1,0.2607,15,step_limit,0.1992,49133.5
1128,5,70,938,877.336,70,938,12,0.6102,918.1,0.2548,24,complete,0.1567,49173.2
1129,6,28,464,239.86,28,464,3,0.662,935.7,0.3265,15,complete,0.1577,49191.5
1130,5,45,584,525.389,45,584,7,0.6017,797.4,0.2554,17,complete,0.1368,49216.1
1131,4,55,1000,603.644,53,,9,0.6268,983.8,0.2859,14,step_limit,0.2408,49258.9
1132,6,59,511,708.415,59,511,9,0.6292,876.1,0.1623,10,complete,0.1157,49280.8
1133,5,69,610,879.109,69,610,11,0.4987,786.2,0.1356,9,complete,0.1129,49308.6
1134,6,28,303,286.87,28,303,3,0.6287,937.5,0.1471,3,complete,0.1377,49322.3
1135,4,68,1000,727.182,64,,10,0.6045,988.9,0.2578,14,step_limit,0.2154,49366.6
1136,6,76,958,922.783,76,958,14,0.6715,1096.0,0.2597,9,complete,0.1855,49420.4
1137,5,30,297,353.1,30,297,4,0.4835,703.6,0.1518,9,complete,0.0978,49437.3
1138,4,48,646,596.635,48,646,8,0.483,770.5,0.2136,14,complete,0.1054,49474.1
1139,6,39,294,450.375,39,294,5,0.6582,822.4,0.0991,3,complete,0.125,49491.3
1140,4,80,1000,853.79,70,,12,0.3752,595.8,0.3655,36,step_limit,0.1462,49546.7
1141,4,28,418,285.28,28,418,3,0.3618,742.3,0.1218,9,complete,0.0931,49571.4
1142,6,47,422,587.276,47,422,8,0.5107,705.4,0.1796,2,complete,0.0762,49597.2
1143,4,44,717,521.911,44,717,7,0.5596,948.4,0.3042,23,complete,0.1616,49638.4
1144,4,28,1000,205.314,26,,3,0.6663,878.9,0.4809,57,step_limit,0.3075,49690.7
1145,5,21,278,205.695,21,278,2,0.6302,882.8,0.1728,6,complete,0.12,49706.8
1146,3,72,1000,707.442,59,,10,0.382,656.3,0.2472,36,step_limit,0.1682,49761.6
1147,4,77,833,1027.376,77,833,14,0.4361,696.0,0.2538,24,complete,0.1042,49811.1
1148,6,45,489,515.953,45,489,7,0.68,908.2,0.1813,10,complete,0.1598,49839.8
1149,4,80,1000,1021.155,79,,14,0.4988,744.8,0.3082,24,step_limit,0.1402,49897.0
1150,4,73,1000,909.43,70,,13,0.4577,735.9,0.243,19,step_limit,0.1452,49954.0
1151,3,40,881,478.682,40,881,7,0.535,755.6,0.3248,49,complete,0.2581,50287.4
1152,4,61,981,782.439,61,981,11,0.5153,708.5,0.2259,16,complete,0.1486,50342.5
1153,6,24,400,201.425,24,400,2,0.7171,994.7,0.3336,4,complete,0.1631,50365.7
1154,4,24,595,225.633,24,595,3,0.6126,931.3,0.42,20,complete,0.1974,50400.0
1155,3,31,870,329.306,31,870,5,0.4456,779.9,0.3583,54,complete,0.1786,50448.0
1156,4,20,370,221.14,20,370,3,0.4716,750.4,0.2234,18,complete,0.1667,50468.3
1157,6,23,238,179.772,23,238,1,0.4699,673.0,0.2107,10,complete,0.0762,50483.0
1158,5,41,883,419.63,41,883,7,0.7187,1005.6,0.4066,33,complete,0.2237,50531.6
1159,5,64,504,819.394,64,504,10,0.5131,804.5,0.1374,4,complete,0.0915,50561.4
1160,4,47,803,525.352,47,803,7,0.5342,859.4,0.2762,18,complete,0.207,50605.2
1161,5,70,655,909.607,70,655,12,0.4305,669.4,0.16,10,complete,0.0927,50644.1
1162,5,77,822,1016.79,77,822,14,0.4954,763.0,0.1994,10,complete,0.112,50690.9
1163,4,43,1000,414.744,41,,7,0.6358,1027.3,0.3392,35,step_limit,0.2065,50744.5
1164,3,40,1000,460.042,39,,7,0.4753,755.9,0.3379,75,step_limit,0.2424,50797.1
1165,6,67,627,869.416,67,627,12,0.5984,797.6,0.1861,11,complete,0.1293,50829.7
1166,5,65,659,857.704,65,659,12,0.4862,707.6,0.1391,5,complete,0.1187,50864.5
1167,3,24,583,277.035,24,583,4,0.5346,770.1,0.2407,19,complete,0.1494,50892.3
1168,6,67,797,786.965,67,797,11,0.6844,1079.7,0.2194,4,complete,0.1875,50932.4
1169,4,37,556,421.219,37,556,5,0.4708,639.9,0.2956,18,complete,0.1231,50959.6
1170,3,35,862,409.751,35,862,6,0.5008,727.5,0.2793,67,complete,0.2222,51002.0
1171,5,70,838,897.9,70,838,13,0.6222,884.0,0.2265,15,complete,0.1239,51044.4
1172,5,56,857,664.891,56,857,10,0.6719,1078.9,0.2514,17,complete,0.1981,51084.5
1173,3,39,1000,460.454,38,,7,0.5277,770.0,0.3638,99,step_limit,0.2188,51135.0
1174,6,53,541,656.155,53,541,9,0.6408,898.2,0.1596,7,complete,0.1369,51165.4
1175,6,44,557,430.035,44,557,5,0.7017,924.0,0.1621,7,complete,0.1598,51197.3
1176,6,44,494,502.787,44,494,7,0.6599,852.9,0.2109,5,complete,0.1374,51225.9
1177,6,33,281,359.558,33,281,4,0.6601,837.0,0.1473,3,complete,0.1209,51242.4
1178,3,61,1000,647.095,54,,9,0.5343,796.0,0.282,36,step_limit,0.2251,51294.3
1179,5,71,651,894.894,71,651,11,0.3957,641.3,0.1592,12,complete,0.0712,51323.4
1180,5,62,704,720.485,62,704,9,0.6222,931.8,0.2103,12,complete,0.1485,51353.2
1181,5,50,663,590.01,50,663,8,0.6223,892.2,0.3124,18,complete,0.1818,51381.4
1182,3,79,1000,847.541,65,,12,0.3903,620.8,0.31,38,step_limit,0.1541,51422.2
1183,5,51,638,622.424,51,638,8,0.4655,694.5,0.257,21,complete,0.1182,51450.9
1184,5,30,461,357.117,30,461,5,0.6434,1071.9,0.2267,11,complete,0.1929,51470.3
1185,3,77,1000,700.483,58,,10,0.289,582.3,0.2808,93,step_limit,0.1548,51513.2
1186,6,42,463,473.449,42,463,6,0.5238,622.4,0.3241,7,complete,0.0894,51537.1
1187,6,20,187,140.69,20,187,0,0.4626,557.5,0.1407,1,complete,0.0575,51546.9
1188,4,74,1000,834.692,68,,12,0.5525,803.1,0.2668,13,step_limit,0.1797,51603.9
1189,5,60,650,755.317,60,650,10,0.4606,642.4,0.2088,14,complete,0.0796,51641.0
1190,3,26,747,289.894,26,747,4,0.4784,777.1,0.2446,39,complete,0.204,51682.1
1191,5,27,387,269.928,27,387,3,0.6475,929.2,0.2275,10,complete,0.1647,51704.0
1192,5,78,833,985.042,78,833,13,0.5837,787.0,0.198,19,complete,0.1571,51751.3
1193,3,42,718,522.253,42,718,7,0.4735,761.8,0.2231,27,complete,0.1481,51791.4
1194,4,75,1000,916.8,72,,13,0.537,825.7,0.2283,22,step_limit,0.1813,51849.3
1195,5,56,552,692.998,56,552,9,0.4409,607.4,0.1807,7,complete,0.0929,51881.0
1196,6,66,640,803.845,66,640,11,0.669,1016.1,0.1728,5,complete,0.1405,51918.6
1197,5,59,874,728.359,59,874,10,0.597,808.7,0.2918,19,complete,0.1385,51967.1
1198,4,47,815,558.191,47,815,8,0.4709,676.8,0.2209,18,complete,0.1947,52011.5
1199,4,65,969,808.6,65,969,11,0.3785,610.7,0.2108,52,complete,0.136,52065.9
1200,6,48,423,600.745,48,423,8,0.5453,843.3,0.1178,2,complete,0.1262,52091.5
1201,5,22,438,141.941,22,438,1,0.6461,892.7,0.288,14,complete,0.2049,52399.3
1202,4,68,774,884.499,68,774,12,0.4512,647.5,0.1731,15,complete,0.0987,52442.4
1203,3,36,611,-56.53,10,,0,0.5881,609.0,0.7859,308,no_progress,0.1453,52474.6
1204,4,23,395,255.609,23,395,3,0.6386,871.0,0.2962,11,complete,0.1098,52495.8
1205,4,32,559,362.152,32,559,5,0.5957,804.9,0.3118,31,complete,0.123,52526.6
1206,3,76,1000,662.707,56,,10,0.393,704.9,0.2397,23,step_limit,0.181,52579.8
1207,6,45,391,551.3,45,391,7,0.52,724.9,0.2273,7,complete,0.0968,52603.2
1208,5,40,603,454.425,40,603,6,0.3655,624.3,0.2188,9,complete,0.1028,52637.3
1209,3,49,960,626.99,49,960,9,0.4181,703.7,0.2634,30,complete,0.1827,52690.0
1210,4,60,1000,633.58,58,,9,0.606,927.0,0.295,20,step_limit,0.2821,52745.1
1211,4,66,1000,786.491,62,,12,0.4948,912.9,0.2411,19,step_limit,0.157,52801.4
1212,5,66,913,812.88,66,913,11,0.6024,778.8,0.2808,10,complete,0.1513,52852.8
1213,6,56,541,655.908,56,541,8,0.6226,869.6,0.2366,11,complete,0.1137,52883.8
1214,3,49,1000,541.396,45,,8,0.5113,742.5,0.2607,48,step_limit,0.2257,52937.3
1215,3,21,422,212.269,21,422,2,0.5182,780.6,0.4359,117,complete,0.0855,52960.1
1216,4,38,798,411.448,38,798,6,0.6519,1002.7,0.3547,62,complete,0.1923,53002.6
1217,4,22,367,235.193,22,367,3,0.5824,906.7,0.2248,9,complete,0.1319,53023.2
1218,4,61,878,799.398,61,878,11,0.5319,916.4,0.2662,18,complete,0.1504,53071.5
1219,5,66,1000,779.78,65,,12,0.663,1021.8,0.3606,21,step_limit,0.1802,53125.8
1220,3,38,790,445.842,38,790,6,0.5105,769.7,0.2286,24,complete,0.2033,53163.3
1221,3,62,1000,741.113,56,,11,0.4967,797.7,0.2253,39,step_limit,0.1879,53211.9
1222,6,34,390,346.812,34,390,4,0.6915,973.1,0.1779,7,complete,0.1784,53231.7
1223,5,35,525,382.421,35,525,5,0.619,948.2,0.2206,16,complete,0.1323,53255.7
1224,6,33,324,384.469,33,324,5,0.6466,969.0,0.1012,3,complete,0.1536,53271.5
1225,4,70,699,951.08,70,699,13,0.4013,633.6,0.1925,14,complete,0.0848,53305.2
1226,6,32,298,388.126,32,298,5,0.4748,603.9,0.1111,4,complete,0.1131,53321.5
1227,3,77,1000,661.104,56,,10,0.3983,696.8,0.2413,39,step_limit,0.2012,53369.3
1228,3,35,958,380.171,35,958,6,0.484,778.0,0.2343,29,complete,0.2765,53416.5
1229,5,25,307,276.07,25,307,3,0.5336,722.8,0.1005,3,complete,0.1286,53431.4
1230,3,50,1000,518.78,44,,8,0.486,760.5,0.2663,35,step_limit,0.1715,53483.0
1231,6,65,537,804.537,65,537,10,0.5177,802.5,0.1583,11,complete,0.086,53509.7
1232,3,79,1000,708.08,60,,10,0.4553,696.1,0.2435,31,step_limit,0.1799,53554.1
1233,3,30,768,331.4,30,768,5,0.4835,796.3,0.325,47,complete,0.1689,53584.1
1234,6,57,532,674.964,57,532,9,0.614,886.1,0.23,5,complete,0.1145,53607.0
1235,3,49,1000,563.912,47,,8,0.509,785.9,0.2708,36,step_limit,0.2104,53651.1
1236,4,72,1000,899.378,69,,13,0.4905,736.2,0.1551,20,step_limit,0.1641,53697.3
1237,4,57,1000,527.284,47,,9,0.6035,854.7,0.3847,74,step_limit,0.2297,53747.5
1238,6,73,582,885.839,73,582,11,0.6283,929.8,0.1705,9,complete,0.1353,53780.7
1239,4,40,551,504.6,40,551,7,0.5735,847.0,0.1818,10,complete,0.1786,53811.1
1240,5,21,359,158.812,21,359,1,0.6089,865.3,0.2278,4,complete,0.1737,53830.6
1241,6,58,525,772.321,58,525,11,0.5251,728.7,0.1777,9,complete,0.1047,53861.8
1242,5,71,742,937.111,71,742,13,0.5509,894.4,0.27,18,complete,0.1431,53908.2
1243,6,54,421,693.984,54,421,9,0.6112,981.9,0.1393,1,complete,0.1169,53932.5
1244,5,23,385,207.011,23,385,2,0.5688,822.8,0.2283,5,complete,0.1447,53955.1
1245,3,31,810,311.306,31,810,4,0.4959,785.1,0.2456,30,complete,0.2292,53998.9
1246,5,37,565,400.345,37,565,5,0.5671,861.3,0.1787,10,complete,0.1944,54030.5
1247,3,20,526,211.07,20,526,3,0.3992,744.4,0.1938,14,complete,0.1458,54057.9
1248,6,79,731,984.758,79,731,13,0.6345,974.6,0.2608,10,complete,0.1142,54100.1
1249,4,22,291,253.669,22,291,3,0.4588,662.5,0.0859,7,complete,0.1369,54115.7
1250,3,27,1000,236.3,25,,4,0.5633,780.0,0.4836,273,step_limit,0.2634,54169.4
1251,4,20,340,159.64,20,340,1,0.5537,763.8,0.1112,6,complete,0.1071,54482.0
1252,5,48,720,566.896,48,720,8,0.6636,954.7,0.3099,7,complete,0.1938,54522.6
1253,4,64,1000,731.894,59,,11,0.5537,959.2,0.2922,21,step_limit,0.1767,54578.2
1254,6,44,720,432.268,44,720,6,0.6759,948.9,0.4059,120,complete,0.1526,54618.4
1255,6,39,305,453.808,39,305,5,0.5333,701.2,0.1843,7,complete,0.0833,54636.5
1256,4,32,613,359.567,32,613,5,0.5477,836.7,0.1942,13,complete,0.1739,54670.5
1257,3,71,1000,882.396,67,,12,0.3863,548.6,0.1601,19,step_limit,0.1365,54726.8
1258,3,40,1000,284.77,31,,5,0.4757,763.8,0.3607,100,step_limit,0.2146,54778.7
1259,4,80,1000,1009.44,77,,14,0.3575,636.0,0.2383,15,step_limit,0.108,54835.8
1260,6,60,657,754.13,60,657,11,0.6563,984.9,0.1442,3,complete,0.1633,54874.0
1261,6,26,239,243.952,26,239,2,0.613,829.7,0.0946,3,complete,0.1208,54889.5
1262,6,68,928,828.267,68,928,12,0.5348,693.9,0.2403,17,complete,0.1286,54941.4
1263,5,61,682,721.351,61,682,9,0.5504,743.8,0.2474,14,complete,0.1465,54979.6
1264,4,55,1000,568.385,51,,9,0.6185,954.1,0.3044,23,step_limit,0.2182,55034.5
1265,5,73,1000,925.616,71,,14,0.6352,994.7,0.3064,24,step_limit,0.159,55092.4
1266,5,72,777,885.351,72,777,12,0.5284,828.8,0.2708,9,complete,0.1262,55138.1
1267,3,46,1000,508.743,43,,8,0.5177,763.9,0.3018,25,step_limit,0.2267,55193.6
1268,3,58,1000,367.452,38,,6,0.5657,769.5,0.5489,176,step_limit,0.2105,55248.2
1269,6,74,701,932.718,74,701,13,0.6641,982.4,0.1925,6,complete,0.147,55288.2
1270,4,30,450,336.653,30,450,4,0.4783,642.7,0.1884,24,complete,0.1196,55312.9
1271,4,37,550,422.238,37,550,5,0.4173,666.7,0.2181,21,complete,0.1287,55344.2
1272,4,22,472,220.029,22,472,3,0.5853,791.1,0.2944,12,complete,0.17,55370.4
1273,3,43,1000,460.195,40,,7,0.5077,775.2,0.2401,35,step_limit,0.1867,55426.8
1274,3,66,1000,844.464,62,,12,0.428,721.0,0.2842,34,step_limit,0.176,55482.9
1275,6,63,640,763.238,63,640,10,0.6766,860.1,0.141,9,complete,0.1228,55516.4
1276,3,47,1000,524.809,45,,7,0.4633,794.3,0.2734,47,step_limit,0.1795,55565.3
1277,6,30,354,294.58,30,354,3,0.6026,814.2,0.1159,5,complete,0.1458,55583.9
1278,5,62,592,779.19,62,592,10,0.4804,628.6,0.1281,15,complete,0.0905,55612.6
1279,4,28,733,301.523,28,733,4,0.4461,736.8,0.2936,16,complete,0.1449,55646.6
1280,5,47,576,516.413,47,576,6,0.5198,714.8,0.284,22,complete,0.1407,55669.6
1281,4,66,1000,810.309,65,,11,0.5585,996.2,0.2638,15,step_limit,0.16,55706.4
1282,3,74,1000,734.935,60,,10,0.391,658.7,0.1997,54,step_limit,0.1622,55739.6
1283,3,80,1000,974.51,74,,13,0.3843,747.4,0.1836,18,step_limit,0.173,55780.8
1284,6,57,599,679.892,57,599,9,0.6427,832.9,0.2862,7,complete,0.1421,55805.9
1285,3,40,879,492.985,40,879,7,0.5635,774.5,0.2693,34,complete,0.2159,55840.8
1286,5,50,652,554.2,50,652,7,0.6491,1059.1,0.2158,11,complete,0.1888,55869.7
1287,5,36,411,416.061,36,411,5,0.5314,741.3,0.1894,4,complete,0.12,55887.4
1288,3,32,976,336.526,32,976,5,0.54,785.4,0.3158,95,complete,0.2579,55932.5
1289,3,51,909,623.118,51,909,8,0.4488,748.3,0.2485,42,complete,0.1718,55982.1
1290,3,56,1000,557.25,48,,8,0.505,683.6,0.2442,33,step_limit,0.1909,56036.9
1291,3,33,814,394.535,33,814,6,0.4967,720.3,0.1964,28,complete,0.2222,56081.1
1292,4,48,818,608.663,48,818,9,0.5795,863.8,0.3317,29,complete,0.1995,56127.8
1293,3,27,752,339.14,27,752,5,0.5372,746.6,0.4493,98,complete,0.2415,56167.7
1294,6,72,699,823.227,72,699,11,0.6071,837.2,0.2543,13,complete,0.1593,56208.3
1295,5,38,448,453.087,38,448,6,0.5326,836.1,0.1257,5,complete,0.1403,56233.0
1296,4,47,545,576.243,47,545,7,0.5408,875.0,0.1972,12,complete,0.1479,56264.0
1297,4,44,578,534.153,44,578,7,0.4831,655.5,0.2185,60,complete,0.1151,56296.1
1298,4,29,629,339.378,29,629,5,0.4316,826.5,0.1886,6,complete,0.1538,56330.3
1299,6,55,1000,604.255,54,,9,0.7138,1053.6,0.378,12,step_limit,0.1681,56386.7
1300,5,49,900,541.969,49,900,8,0.6893,1122.3,0.2743,13,complete,0.1881,56436.6
1301,5,22,393,194.645,22,393,2,0.4499,693.1,0.2603,19,complete,0.1333,56754.4
1302,5,46,551,571.493,46,551,8,0.4722,607.7,0.1405,7,complete,0.1122,56785.9
1303,5,51,467,669.366,51,467,9,0.4398,570.5,0.188,55,complete,0.0676,56812.5
1304,6,41,383,489.474,41,383,6,0.4308,594.7,0.1763,5,complete,0.0667,56834.1
1305,6,56,469,729.431,56,469,10,0.5391,841.0,0.1068,5,complete,0.1024,56862.3
1306,5,51,894,567.575,51,894,8,0.4828,778.6,0.2634,36,complete,0.1295,56910.8
1307,3,52,1000,503.419,43,,8,0.517,761.2,0.3202,49,step_limit,0.2035,56966.2
1308,5,44,628,516.555,44,628,7,0.5245,806.3,0.2548,13,complete,0.1351,57003.8
1309,6,65,438,850.428,65,438,11,0.5316,761.1,0.0745,3,complete,0.0958,57029.9
1310,4,20,283,202.5,20,283,2,0.6042,793.2,0.1792,7,complete,0.1554,57046.4
1311,6,70,839,811.771,70,839,11,0.701,1148.1,0.2105,4,complete,0.1864,57098.1
1312,4,38,529,424.187,38,529,5,0.4891,699.2,0.2234,9,complete,0.1413,57127.1
1313,3,39,716,499.335,39,716,7,0.3752,572.0,0.2652,34,complete,0.1169,57168.5
1314,3,59,1000,704.856,55,,10,0.3853,590.5,0.2515,39,step_limit,0.1453,57223.1
1315,5,65,754,801.508,65,754,11,0.5942,963.2,0.2249,10,complete,0.1196,57265.0
1316,6,67,574,869.641,67,574,12,0.5314,800.2,0.0897,12,complete,0.0967,57298.2
1317,4,73,1000,861.841,69,,12,0.5525,827.4,0.3217,55,step_limit,0.1836,57353.3
1318,4,24,438,246.83,24,438,3,0.4869,802.5,0.1362,11,complete,0.133,57378.4
1319,4,31,394,357.659,31,394,4,0.5412,850.6,0.1765,10,complete,0.0882,57401.6
1320,6,47,507,557.576,47,507,7,0.5187,759.6,0.1205,3,complete,0.1338,57430.0
1321,4,75,845,974.637,75,845,13,0.4491,671.0,0.1762,19,complete,0.1366,57477.8
1322,4,49,691,615.364,49,691,8,0.5485,855.7,0.2534,11,complete,0.1506,57517.2
1323,5,75,982,938.387,75,982,13,0.6149,915.8,0.2226,12,complete,0.1594,57572.0
1324,3,46,975,601.15,46,975,9,0.533,789.7,0.2769,19,complete,0.19,57624.8
1325,3,59,1000,716.173,56,,10,0.4757,759.4,0.2894,41,step_limit,0.1862,57679.2
1326,3,44,1000,472.175,41,,7,0.4493,767.3,0.2787,108,step_limit,0.1884,57733.6
1327,5,32,361,390.919,32,361,5,0.4416,624.9,0.1683,9,complete,0.0852,57754.1
1328,6,45,379,485.073,45,379,5,0.6407,995.4,0.1362,7,complete,0.1348,57776.6
1329,4,41,1000,355.795,37,,6,0.6265,885.1,0.3437,24,step_limit,0.2576,57828.8
1330,5,65,1000,720.223,63,,11,0.6394,914.0,0.2109,13,step_limit,0.1916,57869.5
1331,6,74,791,919.818,74,791,13,0.6675,1028.6,0.2138,8,complete,0.154,57904.3
1332,3,35,588,439.64,35,588,6,0.4229,616.1,0.1782,22,complete,0.1275,57923.4
1333,3,77,1000,713.731,60,,10,0.4433,713.6,0.2895,61,step_limit,0.2278,57955.9
1334,4,64,1000,687.056,56,,11,0.5012,711.4,0.2795,36,step_limit,0.2038,57990.2
1335,6,58,593,681.779,58,593,9,0.6161,922.4,0.0984,9,complete,0.1392,58009.2
1336,4,56,1000,655.543,54,,10,0.572,986.8,0.3051,57,step_limit,0.1707,58043.4
1337,5,58,874,677.8,58,874,10,0.6789,1072.3,0.324,16,complete,0.2118,58084.8
1338,6,52,406,638.544,52,406,8,0.5509,790.2,0.0738,1,complete,0.1208,58106.1
1339,4,66,659,898.276,66,659,12,0.4317,727.3,0.1094,11,complete,0.0991,58137.7
1340,5,72,752,905.025,72,752,12,0.5689,800.7,0.1949,8,complete,0.1259,58179.9
1341,5,37,484,362.962,37,484,4,0.6595,984.0,0.1591,10,complete,0.1667,58206.9
1342,5,72,662,967.31,72,662,13,0.4782,599.8,0.1026,11,complete,0.0902,58243.5
1343,3,73,1000,658.419,55,,10,0.4573,710.8,0.2265,44,step_limit,0.203,58298.1
1344,5,34,784,306.182,34,784,5,0.6888,1021.2,0.3272,42,complete,0.2333,58341.9
1345,6,41,275,505.071,41,275,6,0.5012,660.3,0.0636,0,complete,0.0733,58358.7
1346,6,33,464,356.996,33,464,5,0.5876,775.2,0.2793,18,complete,0.1414,58386.4
1347,3,42,856,508.884,42,856,7,0.491,760.3,0.243,56,complete,0.1848,58436.1
1348,3,65,1000,784.602,60,,11,0.3673,577.2,0.2863,25,step_limit,0.1896,58493.8
1349,3,21,688,203.56,21,688,3,0.3212,615.3,0.2953,56,complete,0.1613,58531.9
1350,6,56,567,720.862,56,567,10,0.4879,754.3,0.2131,4,complete,0.1174,58564.4
1351,6,56,467,691.344,56,467,9,0.5378,672.2,0.1323,9,complete,0.1104,58869.3
1352,5,20,292,137.525,20,292,0,0.5863,789.8,0.1987,9,complete,0.1294,58886.3
1353,4,25,351,311.016,25,351,4,0.433,702.4,0.2034,11,complete,0.1111,58905.7
1354,4,58,675,757.517,58,675,10,0.3933,634.8,0.1803,25,complete,0.0902,58944.3
1355,6,79,679,1024.318,79,679,14,0.5474,862.4,0.1942,10,complete,0.117,58983.6
1356,6,38,494,395.976,38,494,5,0.6633,1047.5,0.1809,3,complete,0.159,59011.1
1357,6,63,608,806.006,63,608,11,0.6253,922.3,0.2596,8,complete,0.1278,59046.6
1358,6,28,515,281.971,28,515,4,0.7084,937.1,0.304,8,complete,0.1667,59074.3
1359,5,39,477,431.06,39,477,5,0.4096,683.9,0.1924,3,complete,0.0951,59101.2
1360,6,43,415,490.3,43,415,6,0.6181,888.9,0.1664,7,complete,0.1304,59125.7
1361,3,44,917,550.401,44,917,8,0.554,774.3,0.3042,35,complete,0.1787,59174.8
1362,3,35,805,402.881,35,805,5,0.5139,776.1,0.3345,38,complete,0.1417,59219.3
1363,5,40,698,404.525,40,698,5,0.5693,796.0,0.2568,18,complete,0.1725,59256.7
1364,5,38,781,412.582,38,781,6,0.6878,947.3,0.3675,22,complete,0.1927,59300.1
1365,5,73,884,923.492,73,884,13,0.5792,868.9,0.2395,10,complete,0.1758,59350.4
1366,4,38,803,398.648,38,803,6,0.609,1019.5,0.2122,20,complete,0.2238,59395.6
1367,4,73,1000,844.701,68,,12,0.5948,911.3,0.2661,21,step_limit,0.1996,59453.2
1368,5,30,342,347.867,30,342,4,0.545,877.7,0.1473,3,complete,0.1208,59471.9
1369,3,47,955,581.673,47,955,8,0.5023,784.0,0.3929,64,complete,0.165,59524.5
1370,5,24,368,214.85,24,368,2,0.5402,704.3,0.3703,10,complete,0.1628,59545.5
1371,3,27,506,301.809,27,506,4,0.4427,593.1,0.2276,42,complete,0.1667,59575.0
1372,6,58,693,620.506,58,693,8,0.7027,1114.6,0.2096,5,complete,0.1599,59613.1
1373,5,62,960,749.347,62,960,11,0.6625,1056.8,0.2448,9,complete,0.1897,59667.2
1374,3,38,846,436.031,38,846,6,0.4972,792.7,0.299,67,complete,0.2054,59713.7
1375,3,21,486,200.92,21,486,2,0.4239,768.8,0.2134,27,complete,0.1739,59740.5
1376,5,61,853,762.153,61,853,11,0.634,1058.6,0.2228,10,complete,0.1837,59785.3
1377,6,41,402,406.295,41,402,4,0.6493,864.5,0.2123,8,complete,0.1376,59806.9
1378,5,55,601,691.723,55,601,9,0.611,917.0,0.1826,10,complete,0.1356,59836.5
1379,6,27,247,351.136,27,247,5,0.4494,694.2,0.0864,1,complete,0.1395,59849.1
1380,5,22,357,193.877,22,357,2,0.7042,869.1,0.2675,13,complete,0.1571,59866.2
1381,5,42,534,476.8,42,534,6,0.6251,938.3,0.1577,10,complete,0.1701,59892.2
1382,4,57,765,730.116,57,765,10,0.5258,780.5,0.2276,18,complete,0.1675,59929.8
1383,5,22,308,174.191,22,308,1,0.6968,837.4,0.2767,11,complete,0.1429,59944.1
1384,5,66,853,825.555,66,853,12,0.4886,779.1,0.268,13,complete,0.1333,59985.0
1385,3,70,1000,703.65,57,,10,0.434,681.5,0.2528,36,step_limit,0.1696,60032.4
1386,6,25,238,236.392,25,238,2,0.5364,682.4,0.0928,4,complete,0.1282,60042.5
1387,4,74,1000,857.519,70,,12,0.5405,823.0,0.1717,13,step_limit,0.2068,60084.9
1388,6,21,338,150.863,21,338,1,0.6312,864.3,0.2131,14,complete,0.1535,60100.4
1389,5,63,573,760.977,63,573,9,0.5323,843.0,0.199,10,complete,0.114,60130.0
1390,5,26,537,185.592,26,537,2,0.705,866.3,0.3792,12,complete,0.2033,60155.9
1391,3,78,1000,976.458,74,,13,0.414,640.8,0.2698,66,step_limit,0.1406,60196.9
1392,4,49,839,551.803,49,839,7,0.562,991.5,0.2536,33,complete,0.228,60232.4
1393,5,68,1000,623.794,59,,10,0.657,1141.0,0.3004,25,step_limit,0.2073,60272.4
1394,6,22,293,165.656,22,293,1,0.6724,941.7,0.2814,4,complete,0.1463,60283.4
1395,4,61,647,779.366,61,647,10,0.4216,654.1,0.179,17,complete,0.1172,60313.4
1396,6,43,405,489.574,43,405,6,0.677,924.0,0.1306,6,complete,0.1692,60334.5
1397,5,71,691,941.027,71,691,13,0.5239,883.9,0.178,8,complete,0.1346,60369.1
1398,4,47,916,532.807,47,916,7,0.6283,816.7,0.3121,27,complete,0.1881,60413.8
1399,6,40,340,486.46,40,340,6,0.4716,756.0,0.1606,5,complete,0.1061,60431.7
1400,6,23,242,162.315,23,242,0,0.7204,897.7,0.2323,2,complete,0.1447,60445.9
1401,6,27,338,264.942,27,338,3,0.6326,989.1,0.1843,6,complete,0.1667,60747.9
1402,6,78,685,1018.685,78,685,14,0.4927,769.8,0.1658,10,complete,0.1028,60788.5
1403,5,51,568,609.041,51,568,8,0.5785,706.2,0.2086,11,complete,0.1333,60820.2
1404,3,29,648,315.157,29,648,4,0.5545,759.5,0.277,31,complete,0.202,60855.4
1405,5,28,764,180.282,28,764,3,0.6571,1093.1,0.4074,15,complete,0.2789,60897.7
1406,3,57,1000,626.974,52,,9,0.5073,792.5,0.3403,49,step_limit,0.2058,60954.7
1407,5,34,454,390.829,34,454,5,0.5802,767.4,0.2139,7,complete,0.1298,60979.4
1408,4,68,832,909.979,68,832,13,0.4748,663.3,0.2515,18,complete,0.1362,61025.4
1409,6,23,199,189.286,23,199,1,0.5678,774.5,0.0991,4,complete,0.0806,61038.0
1410,6,62,607,737.712,62,607,10,0.6757,948.8,0.2047,9,complete,0.183,61073.2
1411,4,48,996,567.527,48,996,9,0.5535,888.7,0.2885,33,complete,0.2196,61126.9
1412,5,20,169,145.75,20,169,0,0.5077,558.1,0.0868,1,complete,0.0846,61136.9
1413,4,60,1000,497.28,48,,8,0.6225,866.5,0.3407,19,step_limit,0.1881,61190.0
1414,6,53,372,661.778,53,372,8,0.4144,735.9,0.0656,5,complete,0.0516,61213.0
1415,4,56,1000,583.479,52,,9,0.593,962.9,0.2563,24,step_limit,0.2045,61267.3
1416,3,40,974,472.622,40,974,7,0.5079,767.5,0.2731,41,complete,0.2096,61319.6
1417,5,48,610,581.646,48,610,8,0.5105,734.5,0.2792,9,complete,0.1596,61354.1
1418,4,54,750,672.881,54,750,9,0.5137,777.3,0.2046,22,complete,0.1708,61397.4
1419,3,45,1000,486.227,42,,7,0.5433,777.7,0.3432,67,step_limit,0.2143,61451.2
1420,3,56,1000,710.896,55,,10,0.4247,750.6,0.22,36,step_limit,0.1637,61506.8
1421,3,28,549,355.651,28,549,5,0.4177,645.3,0.2027,39,complete,0.1444,61537.0
1422,5,56,704,670.8,56,704,9,0.6182,972.2,0.2605,26,complete,0.1663,61575.5
1423,3,42,945,511.9,42,945,7,0.5376,798.2,0.3209,64,complete,0.1979,61628.9
1424,5,22,459,174.618,22,459,2,0.4858,616.4,0.3426,16,complete,0.1435,61653.3
1425,3,29,823,295.444,29,823,4,0.4779,792.4,0.2495,28,complete,0.1826,61697.8
1426,4,41,783,421.324,41,783,5,0.6274,870.9,0.383,41,complete,0.1958,61743.2
1427,3,20,475,221.48,20,475,3,0.3151,605.8,0.2982,30,complete,0.1037,61770.0
1428,5,77,955,945.023,77,955,13,0.6348,1034.6,0.2906,30,complete,0.189,61823.0
1429,4,27,943,221.317,27,943,4,0.6803,1054.5,0.3041,27,complete,0.2796,61873.4
1430,6,79,698,1018.409,79,698,14,0.4876,787.2,0.1999,4,complete,0.1011,61913.9
1431,4,49,1000,547.976,47,,9,0.5817,858.3,0.346,27,step_limit,0.2292,61960.4
1432,6,57,605,685.205,57,605,9,0.6518,875.6,0.2634,8,complete,0.1235,61988.7
1433,4,68,1000,821.465,64,,12,0.5545,773.8,0.283,35,step_limit,0.1681,62035.9
1434,6,45,428,496.427,45,428,6,0.6188,787.8,0.2222,6,complete,0.0949,62058.5
1435,4,73,1000,845.332,68,,12,0.5495,848.9,0.2956,31,step_limit,0.1853,62105.1
1436,6,30,296,309.0,30,296,3,0.5709,776.9,0.1295,4,complete,0.1591,62119.3
1437,6,64,669,744.094,64,669,9,0.428,645.8,0.2871,8,complete,0.105,62152.7
1438,4,36,742,366.153,36,742,5,0.6705,1009.5,0.3315,26,complete,0.2437,62188.1
1439,3,50,1000,619.738,49,,9,0.386,569.2,0.2851,47,step_limit,0.1282,62229.8
1440,5,33,696,313.17,33,696,5,0.6687,959.9,0.2465,17,complete,0.2182,62257.8
1441,6,72,767,869.313,72,767,12,0.6554,1035.9,0.2372,14,complete,0.15,62290.7
1442,4,54,868,661.421,54,868,9,0.5297,809.9,0.253,15,complete,0.1525,62324.5
1443,6,38,336,479.429,38,336,6,0.4826,685.8,0.1066,2,complete,0.0833,62336.0
1444,3,56,1000,656.536,53,,9,0.4923,746.0,0.2329,36,step_limit,0.1667,62368.1
1445,5,70,715,909.343,70,715,12,0.4199,667.7,0.1692,11,complete,0.1027,62388.7
1446,5,62,602,742.279,62,602,9,0.5286,738.3,0.1384,9,complete,0.1389,62407.4
1447,5,41,560,489.232,41,560,7,0.5361,805.0,0.2642,14,complete,0.1747,62424.8
1448,5,39,835,403.237,39,835,6,0.7135,975.8,0.3347,40,complete,0.1885,62447.7
1449,4,27,636,234.53,27,636,3,0.6651,1062.3,0.3166,17,complete,0.2419,62467.0
1450,3,77,1000,790.908,64,,11,0.4647,761.4,0.2165,26,step_limit,0.2131,62494.5
1451,3,40,846,487.293,40,846,7,0.5181,796.3,0.3112,41,complete,0.1948,62661.7
1452,5,30,570,255.75,30,570,3,0.7189,1043.7,0.2664,14,complete,0.2286,62676.9
1453,6,49,610,530.249,49,610,7,0.6934,1023.9,0.3216,11,complete,0.1542,62694.2
1454,6,33,463,373.165,33,463,5,0.662,943.6,0.3141,6,complete,0.125,62707.0
1455,5,25,342,270.2,25,342,3,0.3819,686.0,0.1247,2,complete,0.1163,62716.8
1456,6,50,586,498.656,50,586,6,0.717,1007.2,0.2157,5,complete,0.1944,62733.0
1457,5,29,319,357.705,29,319,5,0.4527,651.5,0.1085,8,complete,0.1091,62742.0
1458,6,38,281,421.514,38,281,4,0.4164,742.8,0.1066,3,complete,0.0788,62750.7
1459,6,32,301,364.209,32,301,4,0.479,637.1,0.1643,5,complete,0.1087,62759.2
1460,5,80,1000,955.8,79,,13,0.5782,886.5,0.3538,20,step_limit,0.1485,62787.1
1461,6,27,303,280.864,27,303,3,0.3784,628.0,0.2692,11,complete,0.0775,62795.4
1462,6,36,485,381.2,36,485,5,0.6684,1005.6,0.2405,7,complete,0.1742,62808.7
1463,5,60,773,709.275,60,773,10,0.592,782.0,0.386,17,complete,0.1456,62830.5
1464,6,58,440,692.955,58,440,8,0.5447,798.2,0.1403,3,complete,0.1098,62843.2
1465,6,37,507,385.845,37,507,5,0.714,1064.3,0.2987,4,complete,0.1349,62857.4
1466,5,47,523,566.499,47,523,7,0.6141,911.5,0.2507,15,complete,0.0986,62871.8
1467,5,71,810,929.338,71,810,13,0.459,712.9,0.2409,18,complete,0.0909,62894.7
1468,3,45,1000,544.967,45,1000,8,0.5167,801.3,0.3224,48,complete,0.2367,62921.4
1469,4,41,468,527.173,41,468,7,0.4562,692.5,0.1854,18,complete,0.0986,62934.3
1470,3,56,1000,525.075,48,,7,0.4923,777.6,0.2551,48,step_limit,0.2063,62961.5
1471,3,22,423,269.26,22,423,4,0.3783,547.7,0.1461,30,complete,0.1489,62972.7
1472,6,80,673,972.68,80,673,12,0.5211,754.7,0.2821,11,complete,0.1213,62992.2
1473,4,28,573,296.08,28,573,4,0.6078,925.8,0.1797,17,complete,0.2083,63007.5
1474,3,61,1000,554.675,48,,8,0.533,735.2,0.3558,56,step_limit,0.1634,63034.8
1475,3,45,1000,522.94,42,,8,0.425,754.0,0.3264,58,step_limit,0.1633,63061.7
1476,3,31,891,308.799,31,891,4,0.4568,796.2,0.2211,38,complete,0.2152,63085.3
1477,5,26,526,233.008,26,526,3,0.6278,838.7,0.3113,28,complete,0.1825,63099.2
1478,6,23,205,154.778,23,205,0,0.5528,725.9,0.077,3,complete,0.1313,63105.1
1479,5,70,1000,805.021,69,,12,0.6438,1004.0,0.2598,10,step_limit,0.2256,63132.6
1480,5,41,524,513.3,41,524,7,0.5748,832.7,0.3236,15,complete,0.1373,63147.3
1481,5,28,352,323.507,28,352,4,0.458,649.2,0.1704,6,complete,0.1192,63157.2
1482,6,47,380,581.345,47,380,7,0.4105,662.4,0.1256,2,complete,0.0821,63168.1
1483,5,26,416,285.296,26,416,4,0.6524,908.8,0.2055,9,complete,0.2109,63180.1
1484,6,39,388,425.197,39,388,5,0.5863,900.5,0.1663,3,complete,0.1158,63190.9
1485,5,75,671,987.65,75,671,13,0.4638,600.3,0.1438,12,complete,0.0933,63209.1
1486,6,80,673,1034.412,80,673,14,0.6308,823.1,0.2698,25,complete,0.0883,63228.6
1487,5,54,711,572.672,54,711,7,0.661,1000.5,0.2127,14,complete,0.1674,63248.8
1488,6,72,719,912.002,72,719,13,0.6722,950.3,0.1998,10,complete,0.1651,63268.6
1489,4,64,1000,747.575,60,,11,0.6018,862.4,0.3299,36,step_limit,0.2229,63296.5
1490,4,49,588,658.553,49,588,9,0.4065,615.2,0.1871,22,complete,0.0945,63313.4
1491,3,68,1000,613.429,51,,10,0.4573,674.5,0.2842,32,step_limit,0.1859,63340.1
1492,6,75,552,992.232,75,552,13,0.5205,747.3,0.1876,15,complete,0.0865,63356.6
1493,3,28,761,323.963,28,761,5,0.4814,783.9,0.3094,56,complete,0.1878,63377.4
1494,6,60,454,775.37,60,454,10,0.5316,805.0,0.0709,2,complete,0.1149,63390.5
1495,5,56,595,714.848,56,595,9,0.4333,583.0,0.2229,35,complete,0.0874,63407.1
1496,5,62,600,772.282,62,600,10,0.6037,886.4,0.1666,6,complete,0.1495,63424.6
1497,3,76,1000,716.329,57,,11,0.482,668.2,0.2536,24,step_limit,0.2212,63450.2
1498,3,55,1000,614.075,49,,9,0.3507,567.6,0.3556,47,step_limit,0.1622,63469.5
1499,4,28,379,296.297,28,379,3,0.5317,834.3,0.1951,21,complete,0.1275,63477.5
1500,5,24,360,246.896,24,360,3,0.5044,756.5,0.152,5,complete,0.15,63484.8
