episode,n_drones,n_dests,steps,team_reward,delivered,makespan,reloads,hop2plus,max_reach,stall_ratio,max_stall_run,term_reason,relay_frac,wall_sec
1,5,43,1000,372.453,41,,6,0.5962,847.5,0.3042,32,step_limit,0.0783,2.8
2,4,74,1000,909.146,69,,13,0.3068,586.7,0.1369,10,step_limit,0.0929,6.1
3,5,43,1000,380.314,39,,6,0.3066,541.9,0.1893,16,step_limit,0.0681,9.4
4,4,23,1000,15.322,19,,1,0.6855,930.5,0.4105,25,step_limit,0.1212,11.9
5,4,31,696,316.418,31,696,5,0.5295,816.9,0.2998,37,complete,0.2196,29.0
6,3,68,1000,616.838,52,,9,0.3303,689.8,0.4292,239,step_limit,0.1976,84.2
7,6,44,400,501.336,44,400,6,0.6512,836.1,0.2368,8,complete,0.2215,109.7
8,6,30,258,312.66,30,258,3,0.6072,769.6,0.1594,3,complete,0.2244,126.3
9,6,42,553,470.634,42,553,7,0.626,831.9,0.3596,11,complete,0.2152,158.3
10,6,47,384,543.611,47,384,6,0.5734,856.9,0.2299,3,complete,0.1982,180.5
11,5,21,309,197.693,21,309,2,0.4104,583.8,0.3152,12,complete,0.1632,198.5
12,3,37,783,457.445,37,783,6,0.4636,741.8,0.3593,103,complete,0.2195,241.3
13,6,28,274,261.846,28,274,2,0.4605,631.0,0.2964,7,complete,0.122,256.6
14,3,41,676,495.327,41,676,6,0.4887,779.9,0.2029,27,complete,0.2387,295.2
15,3,66,1000,757.391,61,,10,0.481,783.1,0.1772,18,step_limit,0.2812,349.9
16,4,71,1000,878.715,70,,12,0.5228,836.7,0.3242,31,step_limit,0.2892,407.3
17,4,24,532,271.82,24,532,4,0.6006,1051.3,0.2994,16,complete,0.2857,436.7
18,5,49,500,608.898,49,500,8,0.5184,736.1,0.2491,6,complete,0.1512,465.1
19,6,34,428,426.096,34,428,6,0.6153,862.6,0.3879,5,complete,0.2205,489.3
20,3,48,894,559.274,48,894,7,0.4351,749.7,0.2689,53,complete,0.2712,538.7
21,4,63,723,788.655,63,723,10,0.5339,944.0,0.2141,11,complete,0.2325,581.3
22,6,46,460,499.261,46,460,6,0.6721,792.9,0.2411,7,complete,0.1711,608.7
23,3,44,927,518.117,44,927,7,0.5092,782.6,0.3206,63,complete,0.2904,659.9
24,5,41,409,450.916,41,409,5,0.5594,841.9,0.2833,29,complete,0.1543,685.8
25,5,38,494,408.261,38,494,5,0.5984,875.2,0.3227,11,complete,0.2171,714.6
26,5,77,782,954.283,77,782,13,0.587,896.9,0.215,31,complete,0.1906,758.7
27,3,41,931,442.363,41,931,6,0.5331,766.9,0.2944,62,complete,0.2847,809.4
28,5,52,804,556.771,52,804,8,0.69,1001.5,0.2828,12,complete,0.2619,856.9
29,5,72,1000,576.889,61,,8,0.6368,861.8,0.454,113,step_limit,0.2383,911.8
30,5,61,817,706.732,61,817,10,0.633,995.9,0.3521,24,complete,0.2737,959.5
31,5,45,459,572.883,45,459,8,0.5259,954.5,0.1234,4,complete,0.127,987.6
32,3,68,1000,672.321,55,,10,0.4663,690.8,0.2279,28,step_limit,0.25,1042.3
33,3,35,939,128.13,21,,3,0.4831,600.1,0.779,487,no_progress,0.3241,1091.6
34,3,24,383,271.335,24,383,3,0.423,655.4,0.3251,70,complete,0.1159,1112.1
35,3,58,1000,565.633,47,,8,0.4927,589.7,0.5713,418,step_limit,0.2254,1167.6
36,4,64,914,770.084,64,914,10,0.5703,958.5,0.1773,23,complete,0.2671,1219.9
37,6,58,1000,595.569,55,,9,0.752,990.6,0.5908,169,step_limit,0.3194,1276.2
38,3,77,1000,749.925,61,,11,0.5147,772.6,0.1964,32,step_limit,0.3105,1331.3
39,3,28,552,318.929,28,552,4,0.5525,792.3,0.2563,25,complete,0.2857,1362.6
40,3,37,673,484.68,37,673,7,0.3982,696.7,0.323,107,complete,0.2125,1400.7
41,5,59,624,705.054,59,624,9,0.3272,635.0,0.2337,7,complete,0.1398,1438.8
42,6,58,482,709.801,58,482,9,0.6587,999.2,0.2153,6,complete,0.1935,1467.8
43,6,20,243,154.46,20,243,1,0.5864,896.0,0.1635,1,complete,0.1847,1481.9
44,6,30,228,321.44,30,228,3,0.4298,667.2,0.0468,1,complete,0.1196,1495.1
45,6,39,403,430.912,39,403,5,0.5732,834.3,0.3111,7,complete,0.1598,1519.0
46,6,32,298,376.82,32,298,5,0.5861,816.3,0.1903,8,complete,0.1399,1536.4
47,5,35,883,112.807,24,,3,0.7078,747.9,0.8028,241,no_progress,0.2943,1585.3
48,5,39,528,416.318,39,528,5,0.6875,1058.5,0.3012,7,complete,0.2405,1615.3
49,5,47,665,536.793,47,665,7,0.6066,832.5,0.4611,50,complete,0.217,1653.7
50,4,72,1000,494.75,50,,8,0.3912,630.8,0.595,228,step_limit,0.2009,1707.6
51,4,71,1000,542.839,50,,9,0.3877,570.5,0.6365,166,step_limit,0.2263,2103.1
52,4,45,506,551.716,45,506,7,0.4792,626.9,0.2344,12,complete,0.1519,2129.2
53,6,64,458,814.458,64,458,10,0.4465,570.8,0.2631,14,complete,0.1487,2154.2
54,5,24,853,197.246,24,853,4,0.744,1078.2,0.5615,155,complete,0.3222,2199.4
55,6,60,534,738.74,60,534,10,0.6301,1021.3,0.1924,6,complete,0.2183,2230.9
56,6,20,223,134.75,20,223,0,0.6091,823.2,0.0908,3,complete,0.1343,2243.3
57,5,61,589,771.976,61,589,10,0.5963,828.6,0.1071,7,complete,0.2038,2276.4
58,5,77,908,1002.47,77,908,14,0.5744,806.8,0.4242,23,complete,0.2146,2328.6
59,5,40,695,419.225,40,695,6,0.7174,1079.4,0.4045,21,complete,0.2359,2366.0
60,3,76,1000,793.15,64,,11,0.446,696.1,0.1624,56,step_limit,0.2765,2421.6
61,5,66,646,867.655,66,646,12,0.6084,943.4,0.1893,10,complete,0.2108,2460.1
62,5,43,594,531.812,43,594,7,0.5916,833.7,0.3149,8,complete,0.2052,2492.7
63,5,57,627,707.852,57,627,10,0.5394,790.7,0.3215,9,complete,0.1804,2528.2
64,3,52,1000,621.537,51,,8,0.516,787.0,0.4158,116,step_limit,0.2593,2581.9
65,5,42,388,513.695,42,388,6,0.5887,827.3,0.1164,4,complete,0.1424,2605.6
66,4,41,655,507.859,41,655,7,0.5832,900.1,0.3087,18,complete,0.1899,2642.8
67,5,23,292,254.574,23,292,3,0.3658,749.2,0.1223,3,complete,0.065,2660.5
68,5,77,660,994.136,77,660,13,0.4618,676.4,0.3085,11,complete,0.1279,2700.2
69,4,48,566,648.36,48,566,9,0.4161,602.2,0.2404,14,complete,0.1126,2733.3
70,3,69,1000,698.839,55,,11,0.4713,786.2,0.2901,63,step_limit,0.244,2789.9
71,5,34,466,395.641,34,466,5,0.4742,653.2,0.351,10,complete,0.1508,2815.9
72,5,61,1000,569.074,56,,8,0.695,1131.2,0.3514,15,step_limit,0.3233,2873.3
73,6,50,561,539.12,50,561,7,0.648,981.2,0.2981,13,complete,0.2051,2905.3
74,4,70,905,898.274,70,905,12,0.5152,843.1,0.3799,20,complete,0.1905,2958.8
75,6,21,157,188.494,21,157,1,0.4788,749.9,0.0432,3,complete,0.0774,2968.1
76,3,49,1000,489.294,45,,7,0.4667,758.5,0.3327,51,step_limit,0.2933,3023.3
77,4,67,1000,689.307,60,,10,0.6115,898.8,0.3585,33,step_limit,0.2825,3079.8
78,3,34,737,389.74,34,737,5,0.4885,646.7,0.3851,62,complete,0.2,3118.3
79,5,31,495,303.185,31,495,4,0.6352,833.2,0.2909,28,complete,0.1969,3148.1
80,3,44,706,578.911,44,706,8,0.5236,754.3,0.308,46,complete,0.2031,3186.8
81,6,71,627,868.926,71,627,11,0.681,1017.4,0.2556,18,complete,0.1757,3223.8
82,4,59,717,751.083,59,717,10,0.4226,691.2,0.4159,35,complete,0.1211,3264.9
83,6,21,136,165.811,21,136,0,0.3762,637.8,0.0718,0,complete,0.0833,3272.9
84,4,41,538,514.295,41,538,7,0.6101,934.5,0.2493,18,complete,0.1536,3303.7
85,5,38,426,426.739,38,426,5,0.6653,1045.7,0.2594,10,complete,0.1672,3328.2
86,5,64,557,804.119,64,557,10,0.5339,781.1,0.2041,20,complete,0.1267,3361.1
87,5,24,423,200.246,24,423,2,0.6582,964.8,0.2968,9,complete,0.2292,3382.7
88,5,66,592,804.892,66,592,10,0.5365,812.6,0.3246,16,complete,0.1255,3418.3
89,6,20,212,140.15,20,212,0,0.6973,819.3,0.1138,1,complete,0.1146,3432.1
90,6,37,338,387.342,37,338,4,0.4236,663.2,0.3191,19,complete,0.0741,3451.2
91,4,60,875,731.46,60,875,10,0.5863,945.1,0.2695,29,complete,0.2254,3502.6
92,3,37,892,448.678,37,892,7,0.5508,773.7,0.3871,88,complete,0.2697,3550.1
93,4,27,462,237.135,27,462,2,0.5124,706.2,0.408,59,complete,0.1716,3575.9
94,4,76,1000,880.084,70,,12,0.5793,833.4,0.4059,22,step_limit,0.207,3631.7
95,5,30,354,342.267,30,354,4,0.4881,790.5,0.2295,14,complete,0.1137,3650.9
96,6,34,391,356.211,34,391,4,0.6995,1031.9,0.2605,6,complete,0.1925,3673.4
97,5,35,525,352.136,35,525,4,0.6141,955.7,0.3663,10,complete,0.2114,3703.9
98,5,39,347,478.009,39,347,6,0.5343,685.8,0.1253,3,complete,0.0721,3723.7
99,5,69,1000,635.312,60,,10,0.6578,978.5,0.4603,20,step_limit,0.2339,3778.8
100,6,80,757,1016.15,80,757,14,0.5436,739.0,0.4205,13,complete,0.1217,3822.0
101,3,62,1000,541.192,47,,8,0.3813,711.3,0.5182,212,step_limit,0.1918,4240.9
102,4,30,435,325.92,30,435,4,0.4368,665.6,0.3023,23,complete,0.1273,4258.5
103,5,75,668,980.267,75,668,13,0.5722,813.8,0.2194,11,complete,0.1655,4286.5
104,4,39,636,453.904,39,636,6,0.5204,789.8,0.3761,62,complete,0.2057,4312.7
105,5,24,322,232.879,24,322,2,0.5366,856.3,0.1419,7,complete,0.1122,4325.1
106,5,73,810,946.87,73,810,13,0.6378,936.9,0.3607,36,complete,0.2076,4361.4
107,5,25,265,205.21,25,265,1,0.6536,803.5,0.2188,8,complete,0.1579,4373.8
108,3,69,1000,676.83,55,,10,0.521,780.3,0.3977,92,step_limit,0.2328,4417.4
109,4,25,322,276.192,25,322,3,0.4394,721.6,0.3252,14,complete,0.1591,4432.4
110,3,26,692,279.382,26,692,4,0.5491,785.3,0.4138,54,complete,0.2514,4463.6
111,3,21,402,213.969,21,402,2,0.5174,750.8,0.3509,59,complete,0.2016,4483.1
112,6,31,226,306.64,31,226,2,0.4248,640.2,0.0966,2,complete,0.062,4495.4
113,4,57,805,690.544,57,805,9,0.6258,893.0,0.2554,24,complete,0.2225,4541.4
114,6,64,627,760.724,64,627,10,0.6722,942.6,0.2007,6,complete,0.2104,4578.2
115,5,57,714,725.239,57,714,10,0.5994,914.0,0.4285,79,complete,0.1458,4619.1
116,3,78,1000,689.219,57,,10,0.461,661.6,0.4036,174,step_limit,0.2644,4675.8
117,6,76,818,881.336,76,818,12,0.7048,1120.3,0.2168,13,complete,0.2793,4725.3
118,3,59,1000,718.202,56,,10,0.4383,768.5,0.3618,56,step_limit,0.2035,4780.8
119,4,73,1000,752.258,65,,10,0.6055,921.6,0.3889,38,step_limit,0.2461,4837.3
120,4,68,883,872.521,68,883,12,0.5428,894.1,0.249,26,complete,0.2539,4888.2
121,6,59,491,750.679,59,491,10,0.6426,951.4,0.1781,7,complete,0.1801,4916.8
122,6,55,514,672.607,55,514,9,0.5577,839.2,0.2503,6,complete,0.137,4946.3
123,4,22,305,247.073,22,305,3,0.4656,629.2,0.2094,10,complete,0.1402,4962.8
124,3,57,1000,384.5,38,,6,0.3677,490.2,0.6218,314,step_limit,0.1867,5020.3
125,3,29,760,309.748,29,760,5,0.4272,740.5,0.3841,81,complete,0.2593,5060.5
126,6,80,629,974.945,80,629,12,0.6285,894.4,0.2329,11,complete,0.1536,5098.1
127,6,23,283,133.324,23,283,0,0.6572,839.8,0.287,4,complete,0.1825,5115.1
128,4,75,1000,753.307,64,,11,0.6058,881.7,0.3233,34,step_limit,0.2879,5170.6
129,5,31,574,312.058,31,574,4,0.7199,1184.9,0.3741,17,complete,0.2548,5203.0
130,5,26,237,279.977,26,237,3,0.4987,577.5,0.0848,4,complete,0.1,5217.4
131,6,57,438,714.446,57,438,9,0.5049,729.6,0.1855,4,complete,0.1111,5243.2
132,4,51,1000,519.741,50,,7,0.6613,1059.0,0.3499,32,step_limit,0.3538,5297.1
133,6,36,370,402.25,36,370,5,0.6135,1007.3,0.2397,10,complete,0.1808,5319.5
134,5,49,543,595.421,49,543,8,0.6173,931.0,0.2117,10,complete,0.159,5351.9
135,4,56,937,674.406,56,937,10,0.5926,948.1,0.3467,57,complete,0.2987,5402.6
136,3,38,736,448.291,38,736,6,0.4755,741.2,0.2859,40,complete,0.2375,5441.9
137,6,37,361,415.54,37,361,5,0.5162,682.8,0.3269,7,complete,0.1154,5464.3
138,5,68,988,784.416,68,988,11,0.6559,815.0,0.4402,23,complete,0.2559,5520.8
139,3,63,991,814.694,63,991,11,0.3754,651.1,0.266,55,complete,0.1954,5576.1
140,6,64,493,828.145,64,493,11,0.5585,846.0,0.1583,8,complete,0.1099,5605.7
141,4,48,804,560.298,48,804,8,0.4244,708.7,0.3509,31,complete,0.1757,5652.0
142,5,69,605,866.917,69,605,11,0.5071,759.8,0.2526,10,complete,0.1766,5687.9
143,3,58,931,748.379,58,931,10,0.4275,707.7,0.2733,45,complete,0.2355,5739.7
144,6,55,455,684.907,55,455,9,0.6037,908.9,0.1714,9,complete,0.1294,5766.7
145,3,39,1000,471.015,38,,7,0.5603,788.2,0.4427,114,step_limit,0.2509,5820.0
146,3,60,855,809.7,60,855,11,0.3957,599.2,0.2045,53,complete,0.1574,5868.9
147,4,44,512,580.575,44,512,8,0.3892,651.9,0.1874,9,complete,0.1453,5898.3
148,6,50,470,560.216,50,470,7,0.6486,914.0,0.2815,15,complete,0.2129,5924.2
149,3,36,728,433.568,36,728,6,0.4423,670.2,0.3273,65,complete,0.188,5964.2
150,5,78,966,956.764,78,966,13,0.641,885.1,0.3756,40,complete,0.2299,6012.3
151,4,64,944,801.796,64,944,11,0.3729,590.8,0.3694,16,complete,0.187,6469.3
152,6,21,166,187.869,21,166,1,0.3996,642.9,0.1041,0,complete,0.0805,6476.3
153,5,76,714,986.412,76,714,13,0.5829,873.6,0.1849,10,complete,0.158,6506.5
154,3,40,802,490.57,40,802,7,0.4963,739.7,0.2865,60,complete,0.2287,6538.7
155,4,64,711,829.841,64,711,11,0.456,742.5,0.2387,21,complete,0.1481,6567.8
156,5,50,655,556.99,50,655,7,0.6299,963.5,0.1938,9,complete,0.2186,6592.5
157,3,56,885,729.195,56,885,10,0.4177,694.0,0.3333,47,complete,0.1905,6629.4
158,6,67,673,844.339,67,673,12,0.6199,955.7,0.337,5,complete,0.1791,6658.4
159,5,78,981,962.809,78,981,13,0.3967,660.0,0.364,26,complete,0.1669,6700.6
160,5,23,260,149.913,23,260,0,0.6246,872.6,0.2764,4,complete,0.0857,6711.9
161,6,73,657,868.846,73,657,11,0.6712,978.1,0.2709,9,complete,0.2018,6740.6
162,4,49,590,626.816,49,590,8,0.3924,702.3,0.2294,17,complete,0.1094,6767.7
163,5,36,441,366.353,36,441,4,0.5506,708.6,0.3431,30,complete,0.2,6788.3
164,5,54,519,696.402,54,519,9,0.4277,705.4,0.2499,10,complete,0.1318,6817.6
165,6,47,422,519.923,47,422,6,0.6335,869.6,0.2038,6,complete,0.1569,6843.2
166,5,63,533,801.636,63,533,10,0.5719,827.4,0.1456,9,complete,0.1368,6875.3
167,5,38,349,431.432,38,349,5,0.592,823.7,0.2218,14,complete,0.1313,6895.4
168,5,44,554,497.857,44,554,6,0.6383,1019.3,0.3247,11,complete,0.187,6927.5
169,5,45,619,512.728,45,619,7,0.6452,928.1,0.2241,9,complete,0.2233,6963.4
170,4,78,1000,1017.579,77,,14,0.4555,865.1,0.203,19,step_limit,0.2309,7021.1
171,5,34,419,423.579,34,419,6,0.6348,916.2,0.1509,3,complete,0.2161,7046.0
172,4,48,786,587.468,48,786,8,0.5436,755.7,0.4247,46,complete,0.1436,7088.6
173,4,64,1000,624.081,57,,9,0.6092,879.9,0.3141,24,step_limit,0.3067,7144.7
174,5,38,445,458.224,38,445,6,0.422,669.6,0.2028,9,complete,0.0866,7170.0
175,4,56,783,714.93,56,783,10,0.6031,825.3,0.2023,20,complete,0.2273,7215.0
176,3,68,1000,721.076,60,,10,0.506,785.7,0.2921,60,step_limit,0.2845,7269.5
177,5,74,807,986.096,74,807,14,0.603,917.7,0.2492,21,complete,0.1661,7318.9
178,5,37,416,412.281,37,416,5,0.549,927.5,0.2521,10,complete,0.1559,7342.4
179,6,48,388,537.82,48,388,6,0.6052,918.1,0.2305,5,complete,0.1462,7363.9
180,4,61,790,736.269,61,790,10,0.5177,878.5,0.3017,20,complete,0.219,7407.2
181,3,80,1000,696.81,57,,11,0.4757,671.8,0.3151,100,step_limit,0.2816,7462.7
182,5,31,362,335.739,31,362,4,0.658,819.6,0.1533,2,complete,0.137,7483.7
183,4,53,1000,609.449,52,,9,0.588,954.3,0.3676,17,step_limit,0.2566,7537.5
184,4,64,911,804.447,64,911,11,0.5919,942.2,0.2684,52,complete,0.2373,7590.3
185,3,49,705,648.14,49,705,9,0.3707,696.2,0.2268,53,complete,0.163,7630.5
186,5,47,592,503.804,47,592,6,0.6014,856.5,0.3675,32,complete,0.1722,7665.5
187,5,59,714,691.181,59,714,9,0.6375,1068.4,0.2535,13,complete,0.236,7705.3
188,3,33,777,354.617,33,777,5,0.4655,752.9,0.343,77,complete,0.3034,7747.0
189,6,35,296,413.309,35,296,5,0.5051,711.5,0.0712,2,complete,0.0621,7766.3
190,3,30,422,357.7,30,422,4,0.4289,754.1,0.2062,27,complete,0.183,7788.9
191,4,70,1000,826.766,66,,11,0.5305,796.4,0.4763,211,step_limit,0.2335,7845.9
192,5,36,350,429.653,36,350,5,0.5326,767.0,0.0985,8,complete,0.0982,7866.8
193,3,54,1000,650.089,51,,10,0.4867,745.8,0.2674,76,step_limit,0.3242,7922.1
194,4,76,1000,808.247,66,,12,0.5583,939.3,0.3059,17,step_limit,0.248,7979.0
195,5,74,1000,719.912,67,,10,0.6952,1007.6,0.3014,12,step_limit,0.3118,8035.9
196,6,70,843,810.297,70,843,11,0.6825,1043.1,0.3591,11,complete,0.2306,8086.2
197,4,34,777,388.755,34,777,6,0.5859,856.8,0.4175,55,complete,0.2708,8129.7
198,3,33,629,368.621,33,629,4,0.5464,784.4,0.3346,40,complete,0.204,8163.8
199,6,46,494,547.243,46,494,7,0.6026,808.8,0.4221,25,complete,0.1396,8189.2
200,6,42,449,451.96,42,449,5,0.4295,605.5,0.2405,6,complete,0.0859,8212.9
201,6,51,380,637.706,51,380,8,0.5079,806.6,0.1544,6,complete,0.097,8709.2
202,5,32,509,359.519,32,509,5,0.6861,1015.4,0.262,31,complete,0.2258,8734.3
203,5,30,554,285.733,30,554,4,0.6718,1057.5,0.2715,20,complete,0.2806,8757.2
204,6,73,692,953.573,73,692,14,0.5802,907.0,0.2383,4,complete,0.1965,8787.8
205,3,44,783,505.48,44,783,6,0.4461,721.7,0.2932,49,complete,0.2308,8820.1
206,3,26,849,263.761,25,,3,0.5622,712.9,0.665,442,no_progress,0.1524,8852.9
207,5,40,455,479.775,40,455,6,0.6035,869.1,0.2735,8,complete,0.1657,8871.5
208,6,35,376,419.634,35,376,6,0.6325,889.7,0.1903,3,complete,0.1515,8890.0
209,6,75,532,925.352,75,532,11,0.4361,623.4,0.2761,8,complete,0.0943,8914.5
210,6,56,466,650.079,56,466,8,0.6023,932.0,0.1755,20,complete,0.1265,8934.2
211,3,26,527,304.202,26,527,4,0.4921,779.3,0.2853,79,complete,0.2069,8955.3
212,3,58,1000,629.991,52,,9,0.3463,728.8,0.4908,314,step_limit,0.1966,8994.6
213,3,44,875,517.209,44,875,7,0.4914,787.3,0.3322,112,complete,0.2747,9030.5
214,3,56,826,732.957,56,826,10,0.4209,676.3,0.2439,49,complete,0.1618,9064.3
215,4,64,1000,785.769,63,,11,0.5112,795.3,0.4527,50,step_limit,0.2379,9104.4
216,5,40,531,422.463,40,531,5,0.6226,904.0,0.2267,8,complete,0.18,9124.9
217,6,41,430,470.22,41,430,6,0.4953,610.1,0.3393,7,complete,0.119,9141.8
218,3,31,677,370.748,31,677,5,0.4978,757.6,0.2193,28,complete,0.2237,9169.1
219,4,80,918,1053.64,80,918,14,0.5583,898.3,0.2307,22,complete,0.2174,9221.1
220,4,53,826,637.941,53,826,9,0.5633,840.3,0.3271,22,complete,0.2455,9267.0
221,6,72,491,922.715,72,491,12,0.5095,769.5,0.2625,14,complete,0.1214,9297.8
222,3,27,855,168.15,20,,3,0.5918,742.8,0.6621,461,no_progress,0.2222,9343.7
223,6,22,243,169.311,22,243,1,0.6351,823.9,0.3036,12,complete,0.1765,9358.2
224,4,62,834,796.834,62,834,11,0.539,789.9,0.3296,54,complete,0.2136,9404.6
225,5,58,570,709.095,58,570,9,0.4344,750.0,0.2143,25,complete,0.1165,9437.4
226,6,37,437,350.704,37,437,4,0.6083,964.4,0.231,5,complete,0.1803,9461.7
227,3,49,1000,549.88,47,,8,0.4323,717.3,0.2826,100,step_limit,0.2949,9517.8
228,5,72,581,937.686,72,581,12,0.4723,662.5,0.1704,15,complete,0.1009,9555.9
229,3,77,1000,725.613,61,,10,0.479,767.9,0.2746,52,step_limit,0.3056,9614.8
230,6,53,392,615.363,53,392,7,0.4779,654.3,0.1823,2,complete,0.1047,9640.8
231,5,56,919,594.461,56,919,8,0.7123,1071.6,0.2881,28,complete,0.2957,9695.7
232,3,28,672,333.447,28,672,5,0.496,795.7,0.2919,52,complete,0.2593,9734.6
233,5,40,602,414.912,40,602,6,0.6907,1030.8,0.3315,27,complete,0.2329,9768.5
234,5,29,314,330.093,29,314,4,0.5879,825.8,0.097,4,complete,0.1208,9785.7
235,6,69,518,897.424,69,518,12,0.575,866.4,0.2022,8,complete,0.1313,9817.6
236,4,30,1000,271.107,29,,4,0.676,918.3,0.731,299,step_limit,0.2411,9871.8
237,5,24,356,249.304,24,356,3,0.6219,853.2,0.2368,8,complete,0.1902,9891.5
238,5,21,297,223.745,21,297,3,0.53,875.2,0.1721,10,complete,0.1077,9908.5
239,5,60,1000,607.375,58,,9,0.697,1001.4,0.4517,26,step_limit,0.275,9965.2
240,6,58,478,716.982,58,478,9,0.6238,841.5,0.2248,6,complete,0.1723,9992.5
241,3,26,373,325.945,26,373,4,0.3682,599.7,0.151,24,complete,0.1133,10014.0
242,4,43,841,489.634,43,841,7,0.615,947.0,0.3956,29,complete,0.239,10060.2
243,5,55,901,590.932,55,901,9,0.5976,933.7,0.3643,16,complete,0.2265,10112.2
244,6,48,323,587.27,48,323,7,0.4933,714.0,0.1181,9,complete,0.1086,10132.6
245,6,67,475,865.21,67,475,11,0.5789,905.9,0.0933,3,complete,0.0816,10158.8
246,4,65,1000,723.852,60,,10,0.567,868.7,0.395,99,step_limit,0.2004,10214.2
247,6,49,492,581.46,49,492,8,0.689,879.0,0.2541,10,complete,0.1542,10243.0
248,3,41,920,514.744,41,920,8,0.4761,775.4,0.3352,50,complete,0.2838,10294.7
249,5,26,205,266.327,26,205,2,0.438,600.5,0.05,0,complete,0.0364,10308.2
250,5,43,469,488.794,43,469,6,0.594,790.5,0.2647,9,complete,0.1015,10333.8
251,5,71,719,946.98,71,719,13,0.5905,869.4,0.2698,18,complete,0.1828,10874.2
252,3,48,1000,518.4,46,,7,0.553,794.2,0.3013,63,step_limit,0.2721,10925.3
253,4,30,414,376.68,30,414,5,0.5749,768.4,0.2121,16,complete,0.0955,10944.5
254,5,26,365,222.346,26,365,2,0.6756,861.6,0.3037,22,complete,0.2087,10961.3
255,6,69,585,823.7,69,585,10,0.5903,799.6,0.2313,12,complete,0.132,10987.9
256,6,33,370,369.4,33,370,5,0.6896,1027.5,0.2399,8,complete,0.1455,11003.0
257,4,55,1000,590.567,53,,8,0.6402,981.5,0.359,39,step_limit,0.2639,11042.3
258,5,36,943,335.128,36,943,5,0.716,1075.2,0.4843,190,complete,0.2854,11079.8
259,4,79,916,1052.874,79,916,14,0.5385,825.6,0.296,39,complete,0.1593,11118.1
260,3,41,931,490.655,41,931,7,0.4382,702.3,0.3966,76,complete,0.2131,11154.8
261,6,21,236,125.84,21,236,0,0.6532,958.9,0.2623,3,complete,0.1237,11163.7
262,3,43,788,527.267,43,788,7,0.5063,767.3,0.2914,45,complete,0.2022,11194.9
263,5,21,260,165.238,21,260,1,0.6615,870.5,0.2381,5,complete,0.1189,11205.0
264,6,50,586,513.908,50,586,6,0.7062,1110.8,0.3827,10,complete,0.1972,11230.0
265,3,35,1000,232.671,27,,4,0.568,656.6,0.6665,390,step_limit,0.2073,11268.8
266,4,54,955,629.674,54,955,8,0.551,802.7,0.4576,72,complete,0.1733,11304.6
267,5,46,388,570.209,46,388,7,0.4716,678.3,0.1697,8,complete,0.1286,11322.3
268,3,33,961,322.534,33,961,4,0.5595,780.3,0.5208,230,complete,0.2184,11362.2
269,3,42,729,489.551,42,729,6,0.4911,787.4,0.3518,80,complete,0.1838,11391.3
270,4,45,928,508.338,45,928,7,0.6118,944.4,0.4392,52,complete,0.2629,11432.4
271,5,37,594,391.395,37,594,5,0.6498,900.6,0.4189,45,complete,0.1753,11462.7
272,3,47,943,586.546,47,943,8,0.4436,723.4,0.3295,70,complete,0.1923,11514.3
273,6,76,586,974.29,76,586,13,0.541,777.4,0.1938,7,complete,0.1216,11551.3
274,6,29,358,302.203,29,358,4,0.7011,1003.3,0.2478,5,complete,0.1497,11571.1
275,4,78,1000,940.574,75,,13,0.573,825.1,0.2255,29,step_limit,0.2482,11629.0
276,5,49,438,615.59,49,438,8,0.5256,733.4,0.1279,6,complete,0.1053,11653.8
277,3,67,881,351.3,35,,6,0.5244,541.4,0.721,498,no_progress,0.2579,11703.5
278,4,30,820,284.64,30,820,4,0.671,1056.3,0.5173,290,complete,0.3133,11748.6
279,6,44,447,492.066,44,447,6,0.6383,766.7,0.2452,6,complete,0.1406,11774.3
280,4,32,507,376.495,32,507,5,0.5276,941.3,0.283,17,complete,0.121,11803.8
281,4,36,490,408.633,36,490,5,0.5107,761.8,0.2091,15,complete,0.1515,11830.9
282,4,56,670,733.193,56,670,10,0.4761,695.7,0.2086,10,complete,0.1366,11869.8
283,4,75,1000,886.747,70,,12,0.4868,725.7,0.4766,77,step_limit,0.1512,11924.6
284,5,21,210,179.143,21,210,1,0.5019,694.0,0.1425,8,complete,0.1067,11937.4
285,6,72,503,935.612,72,503,12,0.6014,808.7,0.1988,9,complete,0.1359,11966.1
286,6,78,611,998.548,78,611,13,0.5308,745.1,0.2357,11,complete,0.1254,12003.6
287,3,39,864,437.542,39,864,6,0.4387,667.8,0.3998,98,complete,0.1905,12050.8
288,4,39,604,488.866,39,604,7,0.5219,776.3,0.4756,92,complete,0.1597,12084.8
289,3,49,1000,613.463,48,,9,0.4717,783.8,0.3723,111,step_limit,0.2628,12138.8
290,4,29,480,292.869,29,480,3,0.5667,985.4,0.2968,18,complete,0.1545,12166.3
291,5,68,588,832.144,68,588,10,0.5833,772.1,0.2003,11,complete,0.1451,12201.2
292,3,69,1000,673.539,55,,10,0.353,653.3,0.4338,100,step_limit,0.1931,12257.0
293,3,38,809,433.114,38,809,6,0.4734,681.7,0.3072,66,complete,0.2444,12302.1
294,5,41,518,496.783,41,518,7,0.6062,921.9,0.2797,17,complete,0.1616,12332.4
295,4,35,472,410.194,35,472,5,0.5392,878.3,0.2103,19,complete,0.2016,12359.8
296,6,49,402,622.088,49,402,8,0.5593,788.9,0.2878,10,complete,0.1014,12384.8
297,4,78,997,1007.012,78,997,14,0.4935,817.0,0.2888,23,complete,0.2086,12438.5
298,4,73,964,928.689,73,964,12,0.5786,935.4,0.2762,21,complete,0.2367,12487.3
299,6,75,635,968.316,75,635,13,0.594,753.3,0.3031,7,complete,0.1264,12519.6
300,4,39,635,479.492,39,635,7,0.526,924.0,0.3661,46,complete,0.1987,12551.4
301,3,69,1000,826.861,65,,11,0.4603,797.0,0.2188,31,step_limit,0.224,13152.4
302,6,60,668,681.84,60,668,9,0.6639,942.5,0.2868,17,complete,0.2056,13192.1
303,4,74,1000,880.016,69,,12,0.511,756.8,0.437,45,step_limit,0.1932,13240.8
304,4,25,346,302.016,25,346,4,0.5072,697.6,0.0879,10,complete,0.0778,13254.7
305,3,75,1000,813.968,65,,11,0.4847,765.8,0.1685,32,step_limit,0.2568,13294.3
306,4,29,484,284.047,29,484,3,0.5987,913.1,0.3983,28,complete,0.161,13313.5
307,6,29,246,269.633,29,246,2,0.5623,754.6,0.2449,6,complete,0.0437,13324.2
308,6,35,312,370.88,35,312,4,0.4391,556.8,0.0537,2,complete,0.0629,13337.5
309,5,37,455,372.453,37,455,4,0.6514,981.3,0.1894,5,complete,0.1836,13357.1
310,3,74,1000,812.977,65,,11,0.461,798.8,0.1947,63,step_limit,0.2655,13398.1
311,6,42,549,442.817,42,549,6,0.6885,953.6,0.3449,11,complete,0.1624,13421.1
312,6,73,770,875.545,73,770,12,0.6972,1021.1,0.2725,8,complete,0.2097,13453.1
313,4,34,822,335.461,34,822,5,0.6734,929.1,0.4417,32,complete,0.3,13486.0
314,3,26,1000,209.481,24,,3,0.5853,772.8,0.61,258,step_limit,0.312,13524.4
315,6,20,275,142.19,20,275,1,0.7176,967.4,0.1782,4,complete,0.1571,13534.9
316,5,24,267,189.108,24,267,1,0.5408,682.0,0.2484,11,complete,0.0914,13545.9
317,6,23,291,198.27,23,291,2,0.6793,950.0,0.2739,3,complete,0.1748,13558.9
318,3,45,869,527.237,45,869,7,0.4937,791.5,0.2711,37,complete,0.2842,13596.6
319,6,52,448,596.424,52,448,7,0.6336,1062.6,0.2409,9,complete,0.1167,13615.0
320,4,25,336,277.008,25,336,3,0.4769,706.6,0.15,13,complete,0.1556,13629.8
321,3,34,698,390.919,34,698,5,0.5248,784.9,0.3769,66,complete,0.2315,13656.8
322,3,33,806,404.684,33,806,6,0.3474,760.7,0.349,62,complete,0.1626,13689.7
323,3,35,1000,358.62,33,,5,0.5737,709.5,0.6023,400,step_limit,0.295,13736.4
324,5,70,555,897.05,70,555,11,0.52,851.3,0.194,7,complete,0.1173,13769.4
325,3,43,838,564.174,43,838,8,0.4471,723.7,0.2589,167,complete,0.1703,13818.4
326,5,42,857,412.531,42,857,6,0.7048,1081.4,0.4411,112,complete,0.3149,13871.0
327,6,62,438,785.71,62,438,10,0.5571,860.9,0.1572,8,complete,0.1212,13899.3
328,3,53,1000,629.306,50,,9,0.4097,747.5,0.255,45,step_limit,0.2056,13954.5
329,5,31,363,341.366,31,363,4,0.6435,885.9,0.2953,9,complete,0.1593,13976.1
330,4,65,919,802.858,65,919,11,0.5408,857.1,0.2678,20,complete,0.2248,14029.0
331,3,25,461,288.118,25,461,4,0.4758,620.7,0.3194,67,complete,0.1895,14054.4
332,3,79,1000,804.872,65,,11,0.5133,788.6,0.2371,35,step_limit,0.2507,14111.4
333,4,37,688,419.129,37,688,6,0.5908,878.1,0.3401,35,complete,0.212,14151.9
334,3,72,1000,721.325,60,,10,0.3317,597.3,0.3667,100,step_limit,0.1513,14213.1
335,4,23,333,258.297,23,333,3,0.5803,866.3,0.3062,37,complete,0.1375,14233.2
336,4,57,1000,601.27,52,,9,0.6168,880.1,0.3986,40,step_limit,0.2716,14289.3
337,4,76,1000,734.411,65,,10,0.5877,980.9,0.2698,11,step_limit,0.3171,14347.9
338,3,30,933,317.37,30,933,5,0.5406,785.2,0.4803,110,complete,0.2549,14399.1
339,5,73,536,961.871,73,536,12,0.5213,758.4,0.1741,10,complete,0.1273,14431.3
340,6,34,327,360.139,34,327,4,0.5398,726.4,0.1472,10,complete,0.1026,14450.2
341,5,26,464,195.396,26,464,2,0.7228,1063.4,0.4454,19,complete,0.3018,14477.5
342,3,46,786,593.698,46,786,8,0.3537,721.8,0.1764,19,complete,0.1815,14519.8
343,3,50,1000,489.912,42,,7,0.5503,710.7,0.5187,337,step_limit,0.2823,14573.7
344,5,28,262,345.079,28,262,4,0.5115,688.5,0.1404,4,complete,0.0976,14588.4
345,5,61,859,745.993,61,859,11,0.5839,950.5,0.2228,10,complete,0.2555,14637.4
346,3,29,698,297.984,29,698,4,0.5196,791.8,0.3886,60,complete,0.3687,14673.9
347,3,42,887,486.933,42,887,7,0.5513,787.0,0.3318,59,complete,0.2912,14717.7
348,5,53,428,697.826,53,428,9,0.4921,681.3,0.1505,9,complete,0.105,14738.0
349,4,62,1000,678.955,60,,9,0.5955,1030.2,0.246,15,step_limit,0.313,14789.0
350,4,79,832,1085.93,79,832,15,0.488,822.6,0.1694,10,complete,0.1725,14830.6
351,5,65,568,784.7,65,568,9,0.6039,1036.3,0.1643,8,complete,0.1638,15366.4
352,5,36,312,390.511,36,312,4,0.5712,804.9,0.1924,8,complete,0.0755,15386.3
353,4,62,786,797.315,62,786,11,0.4084,557.8,0.3238,26,complete,0.1273,15429.9
354,5,35,313,418.364,35,313,5,0.3284,723.2,0.1104,2,complete,0.0566,15446.7
355,4,24,299,273.04,24,299,3,0.449,619.0,0.1797,7,complete,0.1159,15461.8
356,5,62,715,753.105,62,715,10,0.6576,1057.3,0.2582,11,complete,0.2243,15497.5
357,3,21,947,155.433,20,,2,0.6227,777.0,0.7117,455,no_progress,0.2905,15538.7
358,5,26,421,257.2,26,421,3,0.4736,649.3,0.3476,19,complete,0.1472,15556.9
359,3,52,1000,595.967,51,,8,0.4987,738.8,0.2717,74,step_limit,0.2976,15596.6
360,6,52,454,629.295,52,454,8,0.6237,936.5,0.1938,13,complete,0.1375,15614.9
361,4,40,563,504.47,40,563,7,0.5426,785.9,0.2797,39,complete,0.1284,15637.8
362,6,52,693,609.497,52,693,9,0.7217,1115.3,0.2672,11,complete,0.2437,15668.4
363,6,64,665,710.819,64,665,9,0.6907,1061.4,0.2935,12,complete,0.2304,15697.2
364,3,64,1000,711.836,55,,11,0.4317,730.4,0.1634,30,step_limit,0.2549,15741.5
365,5,69,729,878.702,69,729,12,0.5794,931.5,0.3331,87,complete,0.1694,15772.4
366,6,61,433,759.004,61,433,9,0.5077,759.4,0.196,7,complete,0.0871,15793.2
367,4,53,564,666.089,53,564,8,0.3768,586.0,0.2114,14,complete,0.0682,15815.7
368,6,73,485,907.522,73,485,11,0.4704,590.4,0.1248,4,complete,0.0935,15838.5
369,5,30,334,340.967,30,334,4,0.5186,693.4,0.2866,7,complete,0.1043,15853.6
370,3,71,1000,792.403,62,,11,0.3607,634.6,0.3487,51,step_limit,0.1813,15893.9
371,4,54,773,656.384,54,773,9,0.5721,753.1,0.315,55,complete,0.2257,15923.9
372,6,80,593,1013.727,80,593,13,0.518,797.3,0.1404,7,complete,0.1243,15951.4
373,3,41,792,505.135,41,792,7,0.4398,773.7,0.2857,43,complete,0.254,15990.5
374,3,67,1000,856.915,65,,12,0.42,642.0,0.2401,29,step_limit,0.1973,16044.2
375,4,62,896,742.373,62,896,10,0.5879,984.7,0.305,72,complete,0.2388,16097.0
376,5,72,747,937.532,72,747,13,0.5936,934.7,0.2507,9,complete,0.1821,16140.9
377,6,63,752,748.832,63,752,11,0.6403,1033.7,0.3321,6,complete,0.2098,16184.3
378,5,74,635,974.878,74,635,13,0.4636,670.4,0.1587,9,complete,0.1078,16222.4
379,4,77,820,998.312,77,820,13,0.5095,769.3,0.1618,9,complete,0.1634,16268.7
380,4,73,929,906.889,73,929,12,0.4518,634.1,0.2864,17,complete,0.14,16320.6
381,5,20,168,151.275,20,168,0,0.4536,604.7,0.0859,4,complete,0.0923,16332.9
382,3,75,1000,754.556,60,,11,0.4707,733.7,0.2593,65,step_limit,0.2419,16391.1
383,4,52,782,620.335,52,782,8,0.5633,824.4,0.3304,21,complete,0.2245,16434.9
384,3,77,1000,817.921,66,,11,0.3587,630.3,0.4025,117,step_limit,0.1882,16491.9
385,3,62,1000,621.119,52,,9,0.4963,795.0,0.2561,89,step_limit,0.3424,16548.6
386,4,80,1000,769.67,67,,11,0.5847,845.3,0.3485,55,step_limit,0.2705,16604.6
387,4,31,677,324.21,31,677,4,0.3648,708.9,0.4239,21,complete,0.1419,16641.7
388,4,33,601,368.954,33,601,5,0.5653,905.2,0.326,34,complete,0.1838,16679.7
389,5,72,895,885.653,72,895,13,0.6063,921.2,0.3077,14,complete,0.2313,16732.1
390,5,71,599,956.62,71,599,13,0.5012,744.2,0.1292,16,complete,0.1162,16768.4
391,5,50,541,605.62,50,541,8,0.5109,662.3,0.255,10,complete,0.125,16802.3
392,6,71,487,900.65,71,487,11,0.4894,815.6,0.1316,4,complete,0.0748,16832.3
393,6,21,186,143.897,21,186,0,0.7151,951.5,0.1638,0,complete,0.1389,16842.8
394,6,60,547,739.62,60,547,10,0.6645,935.5,0.2795,5,complete,0.1337,16875.7
395,5,55,643,632.65,55,643,8,0.4572,647.7,0.301,29,complete,0.1271,16907.8
396,5,71,495,949.989,71,495,12,0.4303,631.3,0.1644,14,complete,0.0686,16934.9
397,4,36,491,450.316,36,491,6,0.5046,865.5,0.2325,10,complete,0.1324,16958.0
398,4,52,685,707.354,52,685,10,0.4095,675.3,0.2705,23,complete,0.1126,16991.2
399,3,46,841,575.868,46,841,8,0.4471,696.8,0.2132,66,complete,0.1963,17032.6
400,4,34,473,360.809,34,473,4,0.5978,780.6,0.2808,27,complete,0.1557,17054.5
401,3,38,766,445.615,38,766,6,0.5135,799.2,0.2785,37,complete,0.2972,17627.1
402,5,36,500,432.056,36,500,6,0.586,1003.5,0.2488,10,complete,0.2062,17657.9
403,4,73,797,967.978,73,797,13,0.4947,808.9,0.165,29,complete,0.1926,17703.2
404,5,70,920,788.936,70,920,11,0.6109,1024.1,0.3475,14,complete,0.2516,17753.4
405,3,25,439,278.41,25,439,3,0.3956,769.0,0.1528,16,complete,0.1333,17773.8
406,6,58,588,696.292,58,588,9,0.6451,923.9,0.2962,7,complete,0.1444,17802.7
407,5,70,971,790.343,64,,11,0.6752,744.9,0.5507,34,no_progress,0.2331,17852.1
408,4,40,608,472.21,40,608,6,0.4326,651.6,0.3062,13,complete,0.1419,17878.9
409,3,30,536,344.14,30,536,4,0.4726,754.9,0.2197,32,complete,0.2389,17899.8
410,3,63,1000,781.038,60,,11,0.4237,752.5,0.2584,64,step_limit,0.2444,17940.0
411,3,48,899,579.542,48,899,8,0.4153,771.1,0.2302,36,complete,0.2211,17975.1
412,5,34,390,330.309,34,390,3,0.5441,821.3,0.2146,11,complete,0.1036,17992.2
413,4,22,296,248.142,22,296,3,0.5473,798.9,0.16,12,complete,0.1081,18003.6
414,3,51,932,294.74,31,,5,0.5758,670.8,0.6919,499,no_progress,0.3451,18039.4
415,6,45,456,485.4,45,456,6,0.6308,1037.1,0.192,5,complete,0.1758,18058.8
416,4,60,933,714.8,60,933,10,0.5619,935.4,0.2903,59,complete,0.2564,18096.1
417,3,43,871,540.063,43,871,8,0.4914,782.0,0.3118,48,complete,0.3226,18131.9
418,5,75,975,922.47,75,975,13,0.6341,896.9,0.2723,12,complete,0.2658,18175.3
419,6,60,562,699.82,60,562,9,0.6432,861.1,0.1867,6,complete,0.2113,18201.0
420,3,22,554,197.735,22,554,2,0.5439,793.7,0.3758,80,complete,0.2485,18223.1
421,5,40,616,401.525,40,616,5,0.6782,1023.9,0.2532,19,complete,0.2282,18254.6
422,6,52,360,613.773,52,360,7,0.538,839.7,0.0922,0,complete,0.0856,18274.2
423,4,29,346,337.346,29,346,4,0.4906,742.5,0.2105,11,complete,0.1489,18291.3
424,4,29,456,283.153,29,456,3,0.455,659.4,0.2173,12,complete,0.1179,18315.4
425,3,80,1000,831.969,65,,12,0.447,699.7,0.2722,72,step_limit,0.2231,18367.1
426,5,78,744,1002.96,78,744,13,0.5175,672.5,0.2172,10,complete,0.1222,18410.6
427,4,46,694,553.953,46,694,8,0.5486,840.1,0.2701,27,complete,0.1868,18450.0
428,5,72,755,892.535,72,755,11,0.6016,903.1,0.3328,22,complete,0.1983,18493.8
429,4,72,935,927.778,72,935,13,0.607,999.2,0.1812,14,complete,0.2727,18549.1
430,3,78,1000,878.654,69,,12,0.426,722.0,0.2256,40,step_limit,0.2187,18605.0
431,4,23,339,215.623,23,339,2,0.6409,914.5,0.2661,14,complete,0.2062,18623.8
432,6,41,330,497.761,41,330,6,0.5035,624.5,0.1593,3,complete,0.0776,18642.4
433,3,66,1000,736.573,61,,10,0.438,708.3,0.2818,149,step_limit,0.2356,18700.7
434,5,62,593,771.487,62,593,10,0.6428,869.9,0.1519,7,complete,0.1818,18737.7
435,3,32,581,359.017,32,581,4,0.5209,786.5,0.3281,45,complete,0.1667,18771.8
436,6,65,520,842.831,65,520,11,0.5135,748.6,0.1998,8,complete,0.0974,18804.2
437,5,61,533,791.317,61,533,10,0.4131,687.3,0.2266,15,complete,0.0753,18837.1
438,3,37,623,453.659,37,623,6,0.4564,772.6,0.2412,27,complete,0.1644,18871.2
439,5,49,873,493.044,49,873,7,0.6495,1000.8,0.4539,46,complete,0.278,18921.4
440,4,42,669,500.373,42,669,7,0.5149,873.8,0.3154,42,complete,0.1875,18960.0
441,3,54,930,690.806,54,930,10,0.4875,755.5,0.2135,29,complete,0.2751,19018.3
442,6,41,367,449.531,41,367,5,0.5191,709.6,0.2711,6,complete,0.1128,19040.3
443,4,61,896,768.868,61,896,11,0.6013,894.8,0.2552,17,complete,0.2939,19090.2
444,4,55,713,691.691,55,713,9,0.5161,859.5,0.2683,17,complete,0.1774,19131.0
445,3,49,805,610.377,49,805,8,0.4803,739.4,0.2335,32,complete,0.2604,19169.8
446,6,72,569,915.31,72,569,12,0.5893,868.5,0.1969,8,complete,0.1582,19199.9
447,6,40,382,422.905,40,382,5,0.6584,801.4,0.2006,5,complete,0.1589,19218.9
448,4,71,1000,708.197,63,,10,0.6122,903.4,0.2475,24,step_limit,0.3172,19268.9
449,5,26,277,299.035,26,277,4,0.5726,873.8,0.1408,2,complete,0.1463,19281.5
450,3,56,1000,599.059,50,,8,0.535,776.9,0.3315,150,step_limit,0.2736,19330.4
451,6,51,553,539.102,51,553,6,0.6953,1063.0,0.3711,24,complete,0.198,19877.5
452,3,34,556,447.758,34,556,6,0.3837,723.2,0.2504,42,complete,0.1429,19907.8
453,5,47,457,607.767,47,457,8,0.5492,769.5,0.2454,10,complete,0.1246,19933.9
454,6,70,612,845.371,70,612,11,0.6528,907.3,0.1976,6,complete,0.1968,19974.8
455,5,44,548,512.805,44,548,7,0.6624,878.6,0.2351,15,complete,0.2175,20009.2
456,6,49,379,555.411,49,379,6,0.5334,691.2,0.1454,6,complete,0.0962,20031.1
457,6,56,403,642.266,56,403,7,0.6133,755.6,0.1208,4,complete,0.1152,20055.4
458,6,42,475,449.986,42,475,6,0.6698,902.1,0.2916,6,complete,0.169,20082.9
459,3,45,817,563.59,45,817,8,0.4031,563.2,0.2849,66,complete,0.1512,20116.0
460,5,73,561,954.464,73,561,12,0.5298,898.1,0.0698,3,complete,0.1376,20141.1
461,3,30,634,326.13,30,634,4,0.4963,781.3,0.3078,59,complete,0.3781,20165.7
462,4,64,816,813.522,64,816,11,0.5156,823.9,0.1491,10,complete,0.1804,20199.8
463,4,63,978,814.512,63,978,12,0.5739,928.4,0.2428,14,complete,0.2337,20242.3
464,3,68,1000,831.143,65,,11,0.4363,712.4,0.2763,40,step_limit,0.2556,20283.5
465,6,63,683,730.306,63,683,10,0.6235,926.5,0.2546,6,complete,0.1804,20315.5
466,5,65,716,780.315,65,716,10,0.5531,836.8,0.3189,10,complete,0.1813,20345.1
467,5,57,584,724.195,57,584,10,0.5103,812.8,0.2312,9,complete,0.1527,20367.8
468,3,35,612,447.371,35,612,6,0.5147,787.1,0.292,48,complete,0.2323,20393.3
469,4,46,1000,470.087,45,,7,0.6292,972.1,0.2759,32,step_limit,0.3689,20434.9
470,6,53,455,640.055,53,455,8,0.5897,968.0,0.1771,3,complete,0.1379,20454.9
471,6,45,441,455.407,45,441,5,0.6281,863.6,0.2618,4,complete,0.1708,20474.4
472,4,53,816,640.077,53,816,9,0.5784,1024.7,0.2712,28,complete,0.2764,20508.0
473,5,71,684,933.173,71,684,13,0.5596,796.2,0.1675,6,complete,0.193,20536.8
474,5,25,274,240.68,25,274,2,0.6745,992.8,0.229,9,complete,0.185,20549.9
475,5,40,465,432.775,40,465,5,0.5733,818.5,0.2232,13,complete,0.1433,20574.7
476,3,33,797,354.517,33,797,5,0.4421,746.1,0.2502,33,complete,0.2833,20618.6
477,3,21,476,197.491,21,476,2,0.4013,723.6,0.2649,39,complete,0.1739,20644.6
478,5,22,258,221.464,22,258,2,0.4364,818.6,0.1046,4,complete,0.1394,20658.1
479,6,41,672,450.739,41,672,7,0.7321,1172.7,0.326,11,complete,0.2972,20694.9
480,4,57,729,697.366,57,729,9,0.4146,767.3,0.1282,9,complete,0.1667,20736.4
481,3,66,1000,659.941,53,,10,0.4063,797.5,0.2755,59,step_limit,0.2836,20791.1
482,5,76,743,1011.12,76,743,14,0.5314,863.6,0.1835,11,complete,0.1667,20834.4
483,4,28,385,320.214,28,385,4,0.5532,857.8,0.2846,20,complete,0.1198,20854.8
484,6,35,341,377.866,35,341,4,0.5054,693.7,0.2674,5,complete,0.103,20874.8
485,6,44,453,471.197,44,453,5,0.6045,1058.7,0.2494,37,complete,0.162,20901.6
486,6,75,465,1014.372,75,465,13,0.4767,621.8,0.154,10,complete,0.0941,20930.2
487,4,75,1000,784.133,67,,11,0.3745,597.7,0.3778,28,step_limit,0.1614,20985.4
488,5,60,753,733.408,60,753,10,0.6303,1021.1,0.2995,16,complete,0.2385,21029.9
489,4,80,1000,1007.28,77,,14,0.3855,695.4,0.1627,16,step_limit,0.1897,21086.9
490,3,30,615,311.42,30,615,4,0.4412,653.2,0.2607,42,complete,0.2275,21119.9
491,4,59,907,737.483,59,907,10,0.5736,966.6,0.3589,38,complete,0.2279,21171.9
492,3,74,1000,800.212,64,,11,0.482,793.3,0.1352,25,step_limit,0.2814,21227.6
493,3,47,971,544.785,47,971,7,0.5026,773.1,0.252,53,complete,0.2724,21280.4
494,4,52,915,644.723,52,915,9,0.5208,811.3,0.349,39,complete,0.2075,21333.5
495,4,54,763,635.606,54,763,8,0.5518,858.2,0.3142,53,complete,0.2048,21374.4
496,6,56,544,603.174,56,544,7,0.6777,888.6,0.2056,10,complete,0.1775,21403.5
497,6,73,721,919.828,73,721,13,0.6699,1011.3,0.2251,4,complete,0.2251,21440.0
498,4,22,287,256.065,22,287,3,0.4599,752.4,0.1755,10,complete,0.122,21453.9
499,6,55,450,612.716,55,450,7,0.6289,885.0,0.1212,1,complete,0.1603,21478.2
500,3,55,902,690.171,55,902,9,0.5055,795.6,0.2776,40,complete,0.2691,21521.6
501,6,25,277,229.348,25,277,2,0.4507,682.4,0.2779,5,complete,0.125,22035.5
502,3,53,952,659.014,53,952,9,0.5329,801.8,0.1995,42,complete,0.2804,22088.4
503,5,73,690,953.726,73,690,13,0.5696,819.1,0.1396,13,complete,0.1812,22128.9
504,3,60,1000,716.27,57,,10,0.3893,701.0,0.1798,51,step_limit,0.2131,22184.2
505,4,72,1000,888.144,71,,12,0.581,953.6,0.2562,20,step_limit,0.2384,22240.6
506,4,76,1000,867.411,70,,12,0.532,864.7,0.3374,24,step_limit,0.2481,22297.3
507,6,79,573,1026.152,79,573,13,0.5643,822.2,0.1828,5,complete,0.1445,22328.8
508,6,38,429,439.744,38,429,6,0.6018,919.2,0.105,7,complete,0.1586,22346.0
509,4,52,767,649.22,52,767,9,0.4902,734.7,0.3476,44,complete,0.141,22377.5
510,4,42,471,526.893,42,471,7,0.4676,731.7,0.1227,7,complete,0.13,22397.1
511,4,21,431,150.074,21,431,1,0.5423,826.9,0.2847,20,complete,0.2267,22414.3
512,4,23,428,202.376,23,428,2,0.6075,1070.1,0.2711,23,complete,0.2,22432.6
513,3,66,1000,723.823,59,,10,0.385,616.1,0.3179,41,step_limit,0.1749,22474.6
514,4,38,1000,290.895,31,,5,0.6425,788.7,0.6485,310,step_limit,0.3373,22518.1
515,5,23,304,182.865,23,304,1,0.7,882.4,0.2648,8,complete,0.2368,22534.3
516,5,34,515,337.985,34,515,4,0.5926,876.5,0.3402,25,complete,0.1788,22559.0
517,4,73,1000,807.995,68,,11,0.5737,922.9,0.2588,28,step_limit,0.2803,22599.8
518,5,43,587,469.755,43,587,6,0.5765,764.2,0.3522,15,complete,0.1486,22627.3
519,4,65,1000,712.585,61,,10,0.6032,1034.5,0.2938,16,step_limit,0.2956,22671.6
520,5,55,574,650.473,55,574,8,0.5714,914.8,0.2739,13,complete,0.1727,22696.6
521,4,62,727,785.855,62,727,10,0.564,799.3,0.2509,19,complete,0.1557,22728.2
522,6,37,367,413.688,37,367,5,0.6467,863.4,0.1173,3,complete,0.1717,22742.6
523,6,66,522,805.053,66,522,10,0.5766,776.2,0.1564,9,complete,0.1163,22765.4
524,4,57,782,695.885,57,782,9,0.4632,682.4,0.3247,30,complete,0.1782,22800.8
525,4,39,507,500.705,39,507,7,0.4137,588.6,0.231,29,complete,0.1146,22829.4
526,5,73,832,884.873,73,832,12,0.5971,817.4,0.3502,20,complete,0.1887,22876.3
527,6,58,457,747.818,58,457,10,0.6007,809.1,0.1403,4,complete,0.1705,22904.0
528,5,46,455,560.913,46,455,7,0.4945,685.9,0.1581,5,complete,0.1352,22930.4
529,6,20,215,158.24,20,215,1,0.5054,747.3,0.2468,8,complete,0.125,22942.5
530,6,72,591,879.973,72,591,11,0.6695,889.6,0.1845,6,complete,0.1757,22975.4
531,3,21,500,222.886,21,500,3,0.5493,793.8,0.2141,35,complete,0.3121,23003.0
532,5,32,415,338.672,32,415,4,0.6275,930.5,0.2532,16,complete,0.2276,23026.9
533,4,79,1000,1002.192,78,,14,0.522,829.7,0.1962,21,step_limit,0.2727,23085.1
534,6,56,514,708.099,56,514,10,0.582,958.5,0.1362,3,complete,0.2035,23115.5
535,3,68,1000,754.097,61,,10,0.4877,753.6,0.2665,34,step_limit,0.2528,23170.2
536,5,57,958,607.714,57,958,9,0.653,1052.1,0.2843,23,complete,0.2718,23224.3
537,4,49,744,549.669,49,744,7,0.5874,948.9,0.2973,15,complete,0.2527,23264.8
538,4,38,983,192.596,29,,3,0.648,883.8,0.591,383,no_progress,0.3611,23318.7
539,5,79,912,995.001,79,912,14,0.5943,820.2,0.2213,17,complete,0.2014,23371.8
540,6,70,681,837.169,70,681,11,0.5379,763.6,0.3191,19,complete,0.1346,23412.2
541,5,77,650,984.065,77,650,13,0.5388,717.0,0.1314,7,complete,0.1576,23450.9
542,5,53,666,609.266,53,666,8,0.582,946.6,0.2754,19,complete,0.16,23484.5
543,3,49,851,641.311,49,851,9,0.4438,770.3,0.1815,43,complete,0.2333,23524.9
544,6,68,530,876.315,68,530,12,0.6154,922.4,0.1276,10,complete,0.1635,23551.7
545,6,56,613,628.552,56,613,8,0.6751,911.1,0.2202,14,complete,0.176,23584.2
546,6,75,616,931.488,75,616,12,0.5268,760.3,0.3274,30,complete,0.1044,23615.6
547,4,71,1000,685.324,63,,9,0.5142,955.2,0.2619,22,step_limit,0.2722,23667.6
548,4,80,871,1048.595,80,871,14,0.4262,844.6,0.209,21,complete,0.1654,23717.1
549,5,38,391,390.068,38,391,4,0.5821,851.7,0.3003,6,complete,0.1049,23736.5
550,5,49,460,592.194,49,460,7,0.5039,684.5,0.307,9,complete,0.1123,23759.9
551,3,56,1000,705.582,55,,10,0.4473,781.8,0.285,39,step_limit,0.2042,24331.0
552,6,27,387,187.047,27,387,1,0.6688,1084.0,0.2901,14,complete,0.2582,24352.8
553,3,46,739,598.376,46,739,8,0.4416,765.8,0.2503,26,complete,0.1519,24393.7
554,5,72,594,940.994,72,594,12,0.4747,791.1,0.131,10,complete,0.12,24429.0
555,3,68,1000,692.821,56,,10,0.532,752.4,0.1912,50,step_limit,0.2883,24484.9
556,4,30,1000,200.187,25,,4,0.6118,793.8,0.5712,429,step_limit,0.311,24530.1
557,4,46,564,563.883,46,564,7,0.4313,725.5,0.1737,10,complete,0.1531,24556.2
558,5,66,1000,556.197,57,,9,0.608,959.0,0.2556,21,step_limit,0.2855,24599.5
559,6,78,736,954.925,78,736,13,0.6103,947.0,0.1708,5,complete,0.1887,24633.6
560,3,22,627,222.913,22,627,3,0.4944,690.7,0.4004,130,complete,0.1987,24661.0
561,4,29,280,351.89,29,280,4,0.4188,678.0,0.1725,12,complete,0.099,24673.5
562,5,71,675,935.898,71,675,13,0.4699,681.4,0.2064,10,complete,0.1207,24704.1
563,6,61,724,727.547,61,724,10,0.6547,1008.8,0.1891,2,complete,0.2196,24735.3
564,6,44,331,522.876,44,331,6,0.5685,706.6,0.1324,4,complete,0.1111,24752.7
565,6,21,198,134.406,21,198,0,0.7062,849.3,0.2175,2,complete,0.2374,24761.3
566,5,23,402,213.096,23,402,2,0.4642,699.1,0.4381,28,complete,0.164,24779.1
567,6,57,365,698.258,57,365,8,0.4689,581.5,0.163,2,complete,0.0962,24794.7
568,6,23,236,142.744,23,236,0,0.6773,1097.7,0.2117,2,complete,0.2137,24805.4
569,5,79,1000,970.323,78,,14,0.6674,993.2,0.2362,59,step_limit,0.2454,24851.0
570,5,70,701,863.221,70,701,11,0.5809,843.1,0.1815,10,complete,0.1862,24883.3
571,6,78,585,1014.015,78,585,13,0.4091,585.1,0.2319,8,complete,0.0876,24912.0
572,5,70,670,899.364,70,670,12,0.5224,887.5,0.1416,11,complete,0.1646,24940.4
573,3,77,1000,701.864,57,,11,0.4023,725.9,0.2584,107,step_limit,0.2113,24983.9
574,5,34,566,358.259,34,566,5,0.6367,832.4,0.3663,27,complete,0.1821,25007.7
575,3,21,548,227.874,21,548,3,0.4702,674.9,0.3687,65,complete,0.1438,25035.9
576,4,39,527,508.633,39,527,7,0.4137,783.7,0.1998,13,complete,0.1149,25067.5
577,6,53,516,661.165,53,516,9,0.6047,877.2,0.1915,9,complete,0.1265,25100.1
578,5,29,462,275.762,29,462,3,0.6104,740.7,0.2998,7,complete,0.1719,25127.5
579,4,67,776,887.993,67,776,12,0.5461,952.6,0.2541,15,complete,0.1767,25172.6
580,5,39,470,421.192,39,470,5,0.6613,1085.0,0.2411,10,complete,0.2062,25199.8
581,4,25,532,226.352,25,532,3,0.6147,922.4,0.3662,37,complete,0.2406,25232.3
582,3,27,597,286.457,27,597,4,0.4372,712.0,0.3275,49,complete,0.1585,25267.8
583,3,67,1000,718.004,58,,10,0.4997,784.8,0.3059,35,step_limit,0.2745,25325.8
584,5,70,681,922.614,70,681,13,0.5451,849.0,0.2029,12,complete,0.1561,25368.0
585,3,50,945,642.272,50,945,9,0.43,760.5,0.1806,27,complete,0.1987,25420.4
586,3,55,1000,568.34,50,,8,0.5193,761.1,0.2889,37,step_limit,0.3058,25479.0
587,6,46,375,497.917,46,375,5,0.644,848.1,0.191,4,complete,0.1029,25502.5
588,3,39,701,470.524,39,701,6,0.5221,800.2,0.2858,46,complete,0.2265,25542.8
589,6,48,500,580.75,48,500,8,0.631,1008.9,0.1882,10,complete,0.1341,25570.3
590,4,55,728,685.142,55,728,9,0.5058,743.0,0.2739,50,complete,0.149,25607.0
591,3,70,1000,733.667,60,,10,0.438,780.3,0.1735,29,step_limit,0.2213,25659.0
592,3,45,793,543.03,45,793,7,0.4985,793.3,0.2448,41,complete,0.2674,25697.5
593,4,27,447,239.083,27,447,2,0.4435,562.7,0.2012,20,complete,0.1481,25719.4
594,4,77,1000,692.436,61,,11,0.5985,847.1,0.2185,10,step_limit,0.2893,25767.6
595,5,64,793,752.123,64,793,10,0.6368,925.2,0.2697,17,complete,0.2195,25807.9
596,3,66,1000,751.655,61,,10,0.4613,747.0,0.191,37,step_limit,0.2472,25857.7
597,5,31,861,200.369,31,861,3,0.5535,976.0,0.3056,13,complete,0.2733,25899.8
598,5,64,1000,750.664,63,,11,0.6002,985.0,0.2936,58,step_limit,0.2397,25951.3
599,3,39,957,457.075,39,957,7,0.5371,796.5,0.2569,39,complete,0.3077,25999.3
600,6,80,605,1004.84,80,605,13,0.5361,846.6,0.1941,7,complete,0.1556,26032.9
601,4,28,517,309.506,28,517,4,0.5609,950.2,0.2984,13,complete,0.1992,26606.3
602,4,78,857,1063.479,78,857,15,0.4116,732.9,0.2459,27,complete,0.1391,26657.4
603,4,64,1000,634.65,58,,9,0.6235,1014.9,0.3111,39,step_limit,0.2839,26706.6
604,5,68,552,839.415,68,552,10,0.5674,807.1,0.1586,10,complete,0.1434,26735.6
605,5,55,641,675.814,55,641,9,0.6259,1063.3,0.2648,13,complete,0.1959,26770.1
606,6,69,556,885.336,69,556,12,0.4589,727.9,0.2272,8,complete,0.1254,26801.0
607,3,31,753,340.404,31,753,5,0.456,789.8,0.2487,35,complete,0.2632,26835.9
608,4,59,1000,524.447,50,,8,0.4995,870.3,0.3813,21,step_limit,0.2905,26879.1
609,5,56,816,611.075,56,816,8,0.6574,1009.1,0.2822,11,complete,0.2771,26916.2
610,4,59,1000,688.508,56,,10,0.5857,862.3,0.3168,90,step_limit,0.2372,26960.3
611,3,21,428,238.917,21,428,3,0.5039,741.1,0.2951,28,complete,0.1844,26977.4
612,4,27,682,277.609,27,682,4,0.5711,760.5,0.5229,216,complete,0.2109,27006.0
613,4,80,1000,952.405,76,,13,0.4442,737.3,0.3231,16,step_limit,0.2015,27049.3
614,4,54,859,638.359,54,859,9,0.5308,822.4,0.3768,40,complete,0.1981,27088.4
615,3,56,1000,623.871,51,,9,0.3047,523.4,0.2758,52,step_limit,0.1909,27131.4
616,6,71,797,845.104,71,797,12,0.7022,1094.6,0.2262,20,complete,0.2227,27167.6
617,4,67,869,837.885,67,869,11,0.5164,899.0,0.2301,19,complete,0.2029,27211.9
618,4,52,820,642.169,52,820,9,0.5878,884.0,0.2572,37,complete,0.2168,27253.0
619,5,54,557,629.048,54,557,8,0.4557,705.8,0.2586,42,complete,0.1178,27285.2
620,5,66,745,774.409,66,745,10,0.5729,895.5,0.2238,10,complete,0.1948,27326.1
621,3,46,820,546.615,46,820,7,0.4045,740.3,0.245,38,complete,0.2125,27373.4
622,4,28,549,327.226,28,549,5,0.6189,1002.7,0.2697,13,complete,0.25,27403.8
623,6,44,368,472.234,44,368,5,0.6046,751.8,0.1368,5,complete,0.0796,27425.6
624,3,42,1000,491.107,40,,7,0.3823,613.8,0.4856,118,step_limit,0.2105,27481.1
625,4,37,618,436.102,37,618,6,0.4377,765.9,0.2603,16,complete,0.1635,27515.9
626,4,68,947,857.92,68,947,12,0.5235,846.9,0.2548,17,complete,0.2064,27571.9
627,6,27,197,248.802,27,197,1,0.5541,809.8,0.0582,1,complete,0.1,27582.9
628,6,38,331,436.829,38,331,5,0.4421,592.7,0.182,12,complete,0.0877,27603.0
629,5,57,479,724.392,57,479,9,0.5307,747.4,0.1698,8,complete,0.1075,27630.9
630,3,73,1000,762.699,63,,10,0.4547,755.8,0.185,60,step_limit,0.2432,27689.5
631,4,58,1000,523.766,52,,7,0.6205,1021.8,0.2972,54,step_limit,0.3443,27746.2
632,6,36,312,409.947,36,312,5,0.4888,626.7,0.0791,2,complete,0.0636,27764.5
633,3,46,1000,501.822,45,,7,0.4837,732.2,0.2354,33,step_limit,0.2987,27821.7
634,4,25,286,285.696,25,286,3,0.4397,685.5,0.1009,10,complete,0.093,27839.3
635,4,39,620,455.046,39,620,6,0.571,920.6,0.1985,17,complete,0.2049,27869.4
636,6,28,239,291.889,28,239,3,0.5049,696.3,0.1756,6,complete,0.1216,27883.6
637,6,39,360,439.892,39,360,5,0.6009,753.8,0.1329,5,complete,0.0982,27901.9
638,4,46,851,306.09,31,,6,0.6196,789.9,0.6338,435,no_progress,0.1781,27943.5
639,6,21,267,217.294,21,267,3,0.6642,884.6,0.1174,1,complete,0.1667,27956.3
640,3,55,1000,592.604,48,,9,0.5083,782.4,0.2877,40,step_limit,0.3043,28004.8
641,4,74,1000,712.459,59,,11,0.5905,860.8,0.3345,54,step_limit,0.2543,28055.0
642,4,24,395,222.2,24,395,2,0.5481,968.0,0.227,41,complete,0.1667,28076.1
643,5,57,716,671.691,57,716,9,0.5902,919.4,0.2708,49,complete,0.1765,28113.4
644,4,45,909,496.609,45,909,7,0.6103,955.3,0.2671,31,complete,0.2929,28158.6
645,3,48,1000,239.313,28,,5,0.495,604.9,0.6784,363,step_limit,0.2805,28207.8
646,4,25,423,224.664,25,423,2,0.6076,949.9,0.2972,13,complete,0.26,28231.1
647,4,26,386,283.098,26,386,3,0.5415,904.3,0.2049,12,complete,0.1354,28252.0
648,4,48,811,589.818,48,811,9,0.4676,717.5,0.3049,20,complete,0.1335,28290.9
649,6,69,549,847.99,69,549,11,0.6184,922.8,0.1406,5,complete,0.1178,28321.9
650,4,64,895,784.581,64,895,10,0.5187,900.6,0.2925,23,complete,0.1807,28366.1
651,5,77,989,890.011,77,989,12,0.6447,958.7,0.2441,15,complete,0.268,28988.6
652,4,32,593,319.73,32,593,4,0.6062,993.5,0.3251,15,complete,0.2192,29017.6
653,4,77,882,967.063,77,882,12,0.5567,861.5,0.1883,9,complete,0.1923,29061.4
654,6,21,192,136.194,21,192,0,0.6918,943.2,0.1562,3,complete,0.1912,29070.5
655,4,28,398,321.08,28,398,4,0.4774,756.8,0.1256,9,complete,0.1458,29091.0
656,4,50,684,582.304,50,684,7,0.5972,990.9,0.2087,17,complete,0.25,29125.5
657,5,62,507,794.618,62,507,10,0.5069,768.1,0.1245,6,complete,0.1125,29152.8
658,3,50,911,603.5,50,911,8,0.5287,783.3,0.2517,34,complete,0.2484,29189.3
659,5,39,381,445.771,39,381,5,0.474,702.2,0.1019,7,complete,0.1129,29206.2
660,5,65,537,846.365,65,537,11,0.5065,677.5,0.1373,10,complete,0.0968,29231.2
661,6,20,174,145.55,20,174,0,0.4052,630.0,0.1404,1,complete,0.1049,29239.8
662,6,46,340,506.422,46,340,5,0.5848,831.9,0.1274,5,complete,0.1256,29256.0
663,4,78,998,1003.147,78,998,14,0.4885,787.7,0.2412,13,complete,0.1976,29299.1
664,4,28,643,285.737,28,643,4,0.6108,877.1,0.3905,39,complete,0.2353,29326.3
665,3,25,686,274.252,25,686,4,0.5418,773.8,0.3588,101,complete,0.2514,29352.6
666,5,74,645,971.23,74,645,13,0.5091,827.7,0.1839,6,complete,0.1496,29382.6
667,4,50,695,581.832,50,695,7,0.5799,830.8,0.3225,44,complete,0.1925,29412.0
668,6,80,630,1047.23,80,630,14,0.5984,847.9,0.2216,8,complete,0.1065,29441.8
669,5,53,553,645.831,53,553,8,0.5284,723.0,0.3008,20,complete,0.1388,29466.7
670,3,68,1000,605.399,55,,8,0.4547,763.1,0.2541,61,step_limit,0.25,29513.8
671,3,60,1000,656.63,55,,9,0.4547,767.3,0.1721,17,step_limit,0.2708,29563.5
672,3,50,884,653.012,50,884,9,0.4438,741.7,0.2905,50,complete,0.1698,29607.4
673,6,54,561,646.484,54,561,9,0.6806,911.9,0.2041,10,complete,0.1565,29636.6
674,6,73,620,947.43,73,620,13,0.5387,812.5,0.1715,7,complete,0.1162,29673.2
675,4,74,839,944.905,74,839,12,0.3543,647.2,0.2058,15,complete,0.128,29722.0
676,4,46,652,546.59,46,652,7,0.5759,890.2,0.2577,23,complete,0.1667,29760.2
677,3,79,1000,897.78,70,,12,0.4943,775.9,0.183,21,step_limit,0.2171,29815.8
678,5,41,540,496.098,41,540,7,0.6519,999.8,0.2548,18,complete,0.2054,29847.8
679,5,58,650,711.388,58,650,10,0.5905,928.2,0.2515,34,complete,0.1798,29886.0
680,3,31,558,341.483,31,558,4,0.4116,671.2,0.2088,31,complete,0.1582,29918.6
681,6,65,600,747.209,65,600,9,0.6475,921.2,0.1845,9,complete,0.1633,29954.3
682,4,72,1000,852.828,68,,12,0.5032,789.6,0.3017,100,step_limit,0.2148,30013.0
683,6,52,448,555.682,52,448,6,0.6272,953.0,0.2234,5,complete,0.1732,30039.9
684,3,40,857,448.45,40,857,6,0.5045,795.0,0.2906,66,complete,0.2462,30087.3
685,4,74,1000,879.578,70,,12,0.5567,874.0,0.251,28,step_limit,0.2129,30146.5
686,6,58,482,683.887,58,482,8,0.5992,734.4,0.2361,5,complete,0.0976,30174.0
687,4,46,1000,463.748,45,,6,0.6562,1045.3,0.3417,56,step_limit,0.2725,30222.3
688,6,33,296,385.495,33,296,5,0.558,692.3,0.0527,0,complete,0.098,30238.0
689,5,80,780,1075.856,80,780,15,0.6018,928.9,0.1795,10,complete,0.18,30278.3
690,3,26,439,283.638,26,439,3,0.3698,719.3,0.2077,32,complete,0.1905,30300.8
691,4,40,473,478.15,40,473,6,0.4477,708.3,0.2554,21,complete,0.1306,30322.7
692,3,49,1000,560.0,47,,8,0.4307,644.8,0.3269,79,step_limit,0.2551,30371.7
693,5,56,716,644.155,56,716,8,0.6556,916.5,0.2725,14,complete,0.1811,30408.1
694,4,69,1000,796.4,68,,11,0.4068,695.8,0.3309,114,step_limit,0.1567,30458.8
695,5,32,347,391.212,32,347,5,0.5412,800.9,0.1498,6,complete,0.0824,30477.0
696,4,48,604,564.59,48,604,7,0.5791,818.3,0.1429,11,complete,0.1577,30506.9
697,3,58,1000,728.683,56,,10,0.493,702.2,0.4356,234,step_limit,0.2312,30555.8
698,5,65,864,773.869,65,864,11,0.6146,931.0,0.248,13,complete,0.2066,30599.6
699,5,44,772,430.923,44,772,6,0.6557,999.4,0.2594,19,complete,0.3095,30641.0
700,6,40,573,345.55,40,573,4,0.7016,952.4,0.2906,10,complete,0.2039,30668.2
701,6,26,505,224.392,26,505,3,0.6284,1013.1,0.312,13,complete,0.2273,31255.5
702,3,66,1000,852.545,64,,12,0.4197,758.9,0.1989,47,step_limit,0.2111,31306.6
703,4,25,536,263.536,25,536,4,0.5378,849.1,0.1733,17,complete,0.1897,31334.5
704,6,35,319,413.266,35,319,5,0.6076,895.2,0.1761,5,complete,0.0943,31353.5
705,4,24,413,221.313,24,413,2,0.4461,623.1,0.3321,17,complete,0.1534,31372.5
706,3,64,1000,831.206,60,,12,0.478,705.6,0.4103,214,step_limit,0.1709,31425.0
707,4,24,532,255.403,24,532,4,0.4239,677.8,0.2985,33,complete,0.1204,31450.5
708,6,68,447,877.333,68,447,11,0.5041,673.7,0.215,7,complete,0.1031,31472.5
709,4,57,1000,681.305,56,,10,0.567,801.0,0.3183,31,step_limit,0.2545,31514.2
710,6,78,629,995.891,78,629,13,0.6282,920.9,0.19,11,complete,0.1519,31543.0
711,6,34,460,333.188,34,460,4,0.6866,967.4,0.2454,2,complete,0.1751,31564.4
712,4,21,336,210.998,21,336,2,0.5424,840.5,0.2086,12,complete,0.1648,31577.0
713,3,63,1000,767.195,59,,11,0.493,773.8,0.1904,39,step_limit,0.3085,31621.4
714,3,64,1000,796.825,61,,11,0.3843,756.1,0.2145,45,step_limit,0.2213,31664.1
715,5,43,506,504.63,43,506,6,0.4348,699.9,0.3114,7,complete,0.1057,31685.8
716,3,39,786,483.551,39,786,7,0.525,767.0,0.16,26,complete,0.2946,31719.8
717,4,67,1000,804.209,65,,11,0.4743,637.7,0.3657,63,step_limit,0.166,31761.6
718,5,68,757,867.724,68,757,12,0.5797,948.3,0.2499,13,complete,0.1441,31793.6
719,5,67,675,870.78,67,675,12,0.6127,984.3,0.174,12,complete,0.177,31824.9
720,3,49,1000,633.157,47,,9,0.3057,488.9,0.4963,260,step_limit,0.1026,31873.1
721,4,29,901,324.332,28,,5,0.6654,763.3,0.6769,472,no_progress,0.2195,31915.3
722,6,59,482,761.978,59,482,10,0.5311,832.8,0.2393,10,complete,0.1149,31939.6
723,5,70,539,923.2,70,539,12,0.4353,726.8,0.1523,10,complete,0.101,31967.1
724,4,69,792,929.92,69,792,13,0.4574,812.7,0.1854,38,complete,0.1963,32009.8
725,4,62,1000,614.606,55,,9,0.631,986.6,0.378,37,step_limit,0.2839,32064.9
726,6,56,445,706.518,56,445,9,0.5566,885.7,0.1652,7,complete,0.1275,32091.8
727,3,57,1000,560.989,47,,9,0.297,591.7,0.4054,77,step_limit,0.1365,32146.8
728,6,43,581,482.768,43,581,7,0.6971,984.2,0.2995,10,complete,0.2244,32180.1
729,5,77,685,961.062,77,685,12,0.5124,750.3,0.2022,12,complete,0.1123,32219.3
730,4,27,499,307.284,27,499,4,0.5486,872.4,0.2711,11,complete,0.1875,32247.4
731,4,80,978,1068.885,80,978,15,0.4739,795.3,0.1364,18,complete,0.1809,32304.5
732,3,80,1000,899.774,70,,12,0.4503,691.1,0.1885,31,step_limit,0.276,32358.1
733,5,64,741,797.309,64,741,11,0.5352,815.1,0.2204,13,complete,0.15,32394.5
734,3,38,624,507.862,38,624,7,0.3665,685.1,0.2243,24,complete,0.1579,32424.2
735,5,63,575,788.258,63,575,10,0.5151,975.5,0.1792,8,complete,0.1326,32453.6
736,4,52,670,617.454,52,670,8,0.4869,782.2,0.1806,9,complete,0.2292,32486.1
737,3,41,727,520.27,41,727,7,0.5076,798.0,0.3154,68,complete,0.1961,32521.8
738,5,49,513,574.605,49,513,7,0.5552,757.2,0.1978,7,complete,0.139,32549.0
739,4,27,484,307.721,27,484,4,0.5615,880.0,0.2566,15,complete,0.1652,32574.1
740,3,32,668,-79.393,9,,0,0.5329,554.2,0.8103,431,no_progress,0.2558,32606.4
741,4,25,383,264.328,25,383,3,0.5013,679.5,0.1729,20,complete,0.1596,32624.8
742,3,48,997,610.021,48,997,9,0.432,754.1,0.2596,35,complete,0.2349,32677.6
743,5,54,579,680.43,54,579,9,0.4798,666.4,0.2225,17,complete,0.092,32708.0
744,5,24,393,209.371,24,393,2,0.6051,854.8,0.2346,3,complete,0.1826,32727.2
745,6,37,265,467.322,37,265,6,0.4874,742.4,0.12,6,complete,0.1,32742.4
746,4,50,919,573.808,50,919,8,0.6113,893.0,0.3938,58,complete,0.2476,32789.1
747,3,78,1000,832.181,65,,12,0.503,785.3,0.1489,20,step_limit,0.2578,32841.5
748,4,33,477,384.508,33,477,5,0.5687,838.5,0.1882,9,complete,0.1853,32866.0
749,4,20,353,220.2,20,353,3,0.517,835.3,0.1477,12,complete,0.1538,32885.2
750,5,80,698,1057.663,80,698,14,0.4997,749.3,0.1753,8,complete,0.1124,32925.1
751,6,29,302,327.039,29,302,4,0.5546,738.6,0.1832,7,complete,0.1268,33579.7
752,5,21,286,160.533,21,286,1,0.6979,998.7,0.2693,8,complete,0.2216,33597.4
753,6,21,298,156.663,21,298,1,0.5017,781.9,0.4153,27,complete,0.1272,33613.5
754,5,39,413,471.183,39,413,6,0.5855,968.3,0.2002,9,complete,0.1587,33637.0
755,3,68,1000,680.984,56,,10,0.4743,785.4,0.1983,26,step_limit,0.2764,33690.3
756,3,80,1000,735.084,59,,11,0.3473,556.2,0.3152,73,step_limit,0.1624,33742.9
757,5,62,457,796.053,62,457,10,0.4284,586.0,0.1062,10,complete,0.0682,33768.4
758,5,36,898,362.017,36,898,6,0.7134,1068.3,0.5755,77,complete,0.2414,33813.2
759,6,46,527,519.176,46,527,7,0.6967,939.0,0.2395,8,complete,0.1526,33840.3
760,3,23,525,282.272,23,525,4,0.541,746.7,0.2222,30,complete,0.2485,33864.2
761,6,36,260,396.033,36,260,4,0.4885,579.9,0.0832,5,complete,0.1071,33875.7
762,3,66,1000,857.332,65,,12,0.4017,730.1,0.2831,49,step_limit,0.1882,33920.6
763,3,24,365,272.587,24,365,3,0.4667,704.4,0.2383,28,complete,0.1812,33936.9
764,3,27,436,329.431,27,436,4,0.2576,527.6,0.1807,17,complete,0.1333,33957.1
765,5,43,499,515.492,43,499,7,0.5499,614.8,0.3125,19,complete,0.1155,33978.9
766,3,25,562,286.288,25,562,4,0.5196,711.1,0.335,82,complete,0.2606,34004.6
767,3,65,1000,727.783,59,,10,0.5203,803.1,0.1986,47,step_limit,0.3025,34048.9
768,3,50,655,644.21,50,655,8,0.4107,711.5,0.1448,19,complete,0.1667,34079.7
769,5,40,379,446.375,40,379,5,0.5578,755.7,0.1203,6,complete,0.16,34097.7
770,6,58,553,694.534,58,553,9,0.6688,890.4,0.2834,11,complete,0.163,34123.7
771,3,28,594,311.862,28,594,4,0.5645,763.3,0.2944,105,complete,0.2204,34149.4
772,5,53,423,689.407,53,423,9,0.478,642.3,0.1133,10,complete,0.1273,34174.0
773,3,60,1000,558.775,50,,8,0.4533,765.5,0.2276,41,step_limit,0.2895,34226.5
774,4,60,1000,606.373,55,,9,0.6122,1037.9,0.3543,19,step_limit,0.2851,34277.6
775,3,62,1000,787.065,60,,11,0.462,681.5,0.2717,94,step_limit,0.1972,34331.9
776,3,47,1000,552.613,45,,8,0.523,778.1,0.4001,174,step_limit,0.2476,34382.6
777,3,77,1000,1002.221,76,,13,0.4177,698.0,0.1889,44,step_limit,0.1905,34438.4
778,3,29,832,323.83,29,832,5,0.5032,768.6,0.2518,40,complete,0.3158,34484.7
779,4,79,1000,574.668,53,,10,0.6275,947.5,0.4001,55,step_limit,0.2546,34543.3
780,6,50,506,552.428,50,506,7,0.6268,927.7,0.1912,4,complete,0.1566,34572.5
781,3,53,1000,576.149,47,,9,0.4927,768.5,0.2213,38,step_limit,0.3053,34621.2
782,3,35,1000,339.537,34,,5,0.557,787.8,0.432,166,step_limit,0.337,34668.8
783,6,55,365,644.642,55,365,7,0.5306,821.2,0.1412,10,complete,0.1019,34688.5
784,3,53,1000,504.272,45,,8,0.395,667.0,0.3724,92,step_limit,0.2277,34736.4
785,6,56,618,623.624,56,618,8,0.7157,1091.0,0.2226,3,complete,0.2033,34766.2
786,4,73,1000,725.781,64,,10,0.6028,883.8,0.3045,34,step_limit,0.292,34816.6
787,5,70,701,893.379,70,701,12,0.5912,887.6,0.1964,9,complete,0.1897,34851.8
788,4,31,340,328.581,31,340,3,0.4559,750.5,0.1947,9,complete,0.13,34868.5
789,4,40,629,457.08,40,629,6,0.5918,910.2,0.2004,15,complete,0.2083,34898.6
790,6,29,266,306.357,29,266,3,0.6817,929.3,0.1364,4,complete,0.1899,34912.8
791,6,38,310,438.311,38,310,5,0.579,732.4,0.114,6,complete,0.131,34928.4
792,6,77,551,971.93,77,551,12,0.5526,825.9,0.1722,5,complete,0.113,34957.1
793,3,71,1000,917.145,70,,12,0.4303,749.3,0.1356,15,step_limit,0.2333,35014.2
794,3,33,721,382.606,33,721,5,0.4327,714.1,0.3246,53,complete,0.2192,35049.4
795,4,76,1000,768.468,66,,11,0.6272,1060.6,0.2444,15,step_limit,0.3066,35097.7
796,4,65,926,838.468,65,926,12,0.5097,928.2,0.2872,23,complete,0.244,35153.1
797,5,72,686,881.318,72,686,11,0.5449,807.0,0.2593,10,complete,0.1375,35193.7
798,5,54,635,653.593,54,635,9,0.6123,963.8,0.2103,14,complete,0.1848,35231.2
799,3,35,846,412.537,35,846,6,0.5264,782.3,0.3113,69,complete,0.2667,35279.7
800,4,78,1000,923.056,76,,12,0.552,942.1,0.2611,15,step_limit,0.2606,35343.9
801,4,21,594,198.888,21,594,3,0.5585,903.6,0.291,17,complete,0.2818,36014.5
802,6,22,193,158.675,22,193,0,0.5829,836.2,0.1596,1,complete,0.1559,36025.8
803,6,57,473,669.873,57,473,8,0.555,757.4,0.218,5,complete,0.1271,36054.6
804,3,60,1000,712.37,56,,10,0.4263,620.2,0.346,108,step_limit,0.2271,36112.1
805,6,34,307,424.392,34,307,6,0.5022,624.8,0.0642,2,complete,0.1082,36131.3
806,4,59,974,711.454,59,974,10,0.4936,810.3,0.2925,39,complete,0.194,36186.7
807,5,22,428,198.645,22,428,2,0.4238,618.7,0.4236,11,complete,0.1244,36211.1
808,3,35,1000,342.017,33,,5,0.5973,806.0,0.5065,253,step_limit,0.3441,36268.8
809,4,38,906,415.297,38,906,7,0.5853,897.5,0.3668,202,complete,0.2472,36311.1
810,5,47,729,517.497,47,729,7,0.6831,1138.0,0.2886,17,complete,0.3022,36342.3
811,4,70,1000,650.434,59,,10,0.55,881.6,0.2022,15,step_limit,0.322,36386.9
812,4,40,652,468.07,40,652,6,0.5939,796.3,0.2947,29,complete,0.1824,36421.1
813,3,55,1000,600.338,51,,8,0.528,773.0,0.3205,64,step_limit,0.2973,36479.5
814,3,38,820,451.55,38,820,6,0.5163,734.6,0.3507,81,complete,0.2169,36526.3
815,3,75,1000,670.592,56,,10,0.4763,766.5,0.2271,24,step_limit,0.2684,36584.9
816,5,57,843,650.218,57,843,9,0.5955,821.3,0.3804,156,complete,0.2054,36633.2
817,4,58,1000,600.572,56,,8,0.6215,1008.8,0.2716,12,step_limit,0.3269,36690.8
818,5,21,267,137.507,21,267,0,0.6674,999.4,0.2447,7,complete,0.2303,36707.0
819,3,70,982,915.22,70,982,12,0.4325,721.1,0.1617,22,complete,0.2045,36764.6
820,6,26,339,287.729,26,339,4,0.6509,971.0,0.1775,6,complete,0.2431,36785.3
821,5,27,337,284.428,27,337,3,0.5709,888.2,0.2469,6,complete,0.1467,36805.5
822,5,61,784,749.177,61,784,11,0.5852,961.0,0.3125,26,complete,0.2179,36851.8
823,5,77,1000,922.403,76,,13,0.5982,955.1,0.199,9,step_limit,0.2653,36913.6
824,3,38,674,487.241,38,674,7,0.3442,675.0,0.2114,44,complete,0.1899,36958.5
825,4,63,779,807.05,63,779,11,0.3341,609.4,0.2967,33,complete,0.1208,37010.9
826,5,44,561,521.916,44,561,7,0.4852,892.6,0.3015,8,complete,0.1769,37044.1
827,5,51,608,571.414,51,608,7,0.652,1023.7,0.2868,13,complete,0.169,37080.5
828,3,41,870,532.129,41,870,8,0.4839,793.5,0.1869,29,complete,0.3156,37129.3
829,3,22,429,281.38,22,429,4,0.4499,735.9,0.1649,21,complete,0.1852,37154.2
830,4,48,608,566.313,48,608,7,0.5337,722.0,0.2637,20,complete,0.1667,37190.4
831,3,61,1000,667.257,56,,9,0.492,800.8,0.1725,34,step_limit,0.3193,37249.2
832,4,66,754,846.058,66,754,11,0.4317,739.1,0.246,38,complete,0.1376,37293.7
833,4,26,274,322.071,26,274,4,0.3166,540.3,0.0223,2,complete,0.093,37311.0
834,6,25,267,152.788,25,267,0,0.6236,863.5,0.2101,7,complete,0.1065,37325.9
835,3,78,1000,618.45,54,,9,0.4827,657.2,0.4492,198,step_limit,0.2324,37383.5
836,6,22,253,169.202,22,253,1,0.7016,904.5,0.2583,5,complete,0.1127,37398.2
837,4,74,1000,761.47,65,,11,0.5787,822.2,0.3247,22,step_limit,0.246,37457.0
838,6,46,706,447.001,46,706,6,0.6964,1125.7,0.2815,10,complete,0.2519,37498.0
839,4,47,727,574.231,47,727,8,0.6001,982.2,0.1945,10,complete,0.2447,37540.5
840,5,31,341,378.66,31,341,5,0.5625,818.8,0.074,1,complete,0.1483,37562.2
841,3,52,1000,586.163,50,,8,0.5,762.6,0.1983,26,step_limit,0.2835,37618.5
842,4,30,294,360.893,30,294,4,0.3988,593.9,0.0567,9,complete,0.0924,37635.4
843,5,75,946,916.987,75,946,13,0.6615,965.1,0.2932,18,complete,0.2489,37695.8
844,5,28,532,273.293,28,532,4,0.6857,883.3,0.2709,48,complete,0.2102,37730.2
845,4,44,567,550.484,44,567,7,0.4123,772.4,0.147,9,complete,0.1268,37767.9
846,4,31,316,366.895,31,316,4,0.4122,639.5,0.0966,4,complete,0.1225,37790.2
847,6,45,479,503.94,45,479,6,0.6886,948.7,0.2786,6,complete,0.2095,37822.8
848,3,44,970,543.255,44,970,8,0.5351,749.2,0.1468,22,complete,0.3333,37889.0
849,3,49,1000,556.222,47,,8,0.5287,795.0,0.3078,77,step_limit,0.3082,37953.8
850,3,47,897,550.79,47,897,7,0.5232,789.4,0.2622,29,complete,0.2508,38013.3
851,6,30,335,322.44,30,335,4,0.6468,805.7,0.1054,3,complete,0.1454,38631.6
852,6,65,534,800.148,65,534,10,0.6017,865.2,0.1697,7,complete,0.1403,38665.1
853,4,45,761,524.84,45,761,7,0.6275,949.6,0.2568,22,complete,0.2174,38711.0
854,6,23,264,213.638,23,264,2,0.6913,897.6,0.182,6,complete,0.1974,38727.1
855,6,49,484,562.201,49,484,7,0.6236,791.3,0.1816,8,complete,0.1729,38756.9
856,3,28,1000,187.871,26,,3,0.5563,786.4,0.4679,161,step_limit,0.3539,38812.4
857,3,38,539,473.259,38,539,6,0.4409,688.1,0.1946,23,complete,0.1373,38843.8
858,6,70,547,869.749,70,547,11,0.5841,795.1,0.1104,3,complete,0.1511,38877.1
859,6,27,268,250.72,27,268,2,0.5267,845.2,0.3421,8,complete,0.155,38890.1
860,6,30,371,315.88,30,371,4,0.659,1001.5,0.2023,3,complete,0.1698,38909.5
861,3,39,1000,466.838,37,,7,0.536,756.5,0.5275,369,step_limit,0.2624,38956.2
862,6,50,369,606.176,50,369,7,0.4738,621.0,0.2059,8,complete,0.1022,38976.9
863,6,30,392,315.2,30,392,4,0.7198,1029.9,0.2208,4,complete,0.1923,38995.7
864,5,38,457,490.308,38,457,7,0.6083,821.7,0.2084,7,complete,0.1437,39018.4
865,5,56,493,701.02,56,493,9,0.5436,835.2,0.1967,9,complete,0.1349,39048.5
866,3,70,1000,726.254,58,,11,0.3497,682.1,0.2947,37,step_limit,0.2278,39105.2
867,3,48,892,593.102,48,892,8,0.4787,775.6,0.2419,40,complete,0.2302,39155.2
868,5,37,441,442.855,37,441,6,0.4907,715.0,0.2574,10,complete,0.1516,39181.6
869,5,46,559,566.604,46,559,8,0.5721,816.3,0.2111,10,complete,0.1595,39215.2
870,3,47,808,603.049,47,808,8,0.4695,689.3,0.2114,32,complete,0.2014,39260.7
871,3,44,925,469.755,44,925,6,0.5254,743.7,0.3097,111,complete,0.2739,39313.4
872,4,57,760,688.961,57,760,9,0.5158,805.1,0.221,20,complete,0.201,39357.4
873,6,30,509,291.66,30,509,4,0.6814,1034.4,0.1946,6,complete,0.1868,39386.5
874,3,20,420,228.44,20,420,3,0.4206,643.1,0.1963,36,complete,0.1705,39410.4
875,6,43,424,524.42,43,424,7,0.5633,701.8,0.2114,6,complete,0.0945,39435.3
876,5,23,231,191.08,23,231,1,0.6338,961.7,0.1811,6,complete,0.2316,39449.3
877,3,65,1000,634.574,51,,10,0.473,786.7,0.2969,74,step_limit,0.2566,39508.7
878,3,65,1000,801.448,60,,12,0.48,765.3,0.2029,36,step_limit,0.2861,39573.7
879,5,28,301,296.182,28,301,3,0.503,769.6,0.1406,7,complete,0.1417,39593.1
880,6,41,349,491.645,41,349,6,0.4422,562.6,0.1446,11,complete,0.0995,39614.8
881,4,59,801,716.279,59,801,9,0.411,624.2,0.2838,38,complete,0.1481,39661.7
882,3,46,768,595.112,46,768,8,0.5065,786.3,0.252,34,complete,0.2283,39698.9
883,5,67,794,798.375,67,794,11,0.5917,980.3,0.2228,10,complete,0.1965,39737.5
884,4,49,553,584.411,49,553,7,0.5154,790.3,0.1568,13,complete,0.1715,39764.6
885,3,51,1000,576.976,46,,9,0.531,794.5,0.2059,35,step_limit,0.3459,39813.3
886,4,36,859,351.818,36,859,5,0.6572,1057.7,0.277,22,complete,0.3256,39852.3
887,6,36,316,418.323,36,316,5,0.4726,679.1,0.1154,3,complete,0.1287,39868.8
888,3,48,864,632.217,48,864,9,0.4633,781.4,0.2195,101,complete,0.2222,39912.1
889,6,22,370,138.618,22,370,1,0.7117,1051.8,0.2231,5,complete,0.2008,39929.2
890,3,60,1000,599.31,51,,9,0.4657,792.9,0.1636,24,step_limit,0.3599,39977.6
891,6,80,705,1011.425,80,705,13,0.648,1019.0,0.2347,6,complete,0.1336,40012.6
892,3,73,1000,822.241,65,,11,0.4827,781.9,0.1702,42,step_limit,0.3144,40062.1
893,4,30,390,298.733,30,390,3,0.4705,724.4,0.1486,10,complete,0.1179,40080.9
894,3,63,1000,642.181,55,,9,0.4583,700.6,0.2049,66,step_limit,0.2485,40127.9
895,6,28,344,243.567,28,344,2,0.5664,785.9,0.3085,10,complete,0.1312,40145.3
896,3,39,733,502.425,39,733,7,0.502,775.6,0.215,34,complete,0.2236,40180.9
897,6,53,685,564.851,53,685,8,0.7056,994.4,0.2783,11,complete,0.1599,40215.9
898,4,66,1000,671.194,59,,10,0.596,915.6,0.2934,27,step_limit,0.2849,40270.6
899,4,33,500,348.473,33,500,4,0.5985,809.5,0.3268,14,complete,0.2198,40298.1
900,5,43,458,525.46,43,458,7,0.5712,872.9,0.114,1,complete,0.1471,40325.2
901,6,59,568,737.273,59,568,10,0.6514,850.1,0.1316,4,complete,0.1786,40908.7
902,3,29,676,346.83,29,676,5,0.5557,774.8,0.1007,21,complete,0.3333,40940.8
903,4,75,923,902.28,75,923,11,0.5566,880.7,0.1973,12,complete,0.3096,40985.1
904,3,71,1000,850.763,65,,12,0.4493,772.9,0.1902,48,step_limit,0.1944,41032.1
905,6,77,629,949.405,77,629,12,0.5668,761.3,0.2336,4,complete,0.1199,41064.0
906,6,73,516,980.399,73,516,13,0.5155,765.6,0.1765,8,complete,0.1029,41091.2
907,3,79,1000,738.984,60,,11,0.4387,694.8,0.304,72,step_limit,0.193,41139.0
908,6,33,448,295.993,33,448,3,0.6548,1093.8,0.3101,13,complete,0.1949,41159.1
909,5,29,273,307.453,29,273,3,0.4755,760.7,0.225,10,complete,0.0974,41169.2
910,6,41,507,407.575,41,507,5,0.7301,1108.5,0.2683,10,complete,0.2532,41191.2
911,6,34,345,340.741,34,345,4,0.5517,719.4,0.2448,5,complete,0.1287,41208.0
912,6,42,374,475.289,42,374,6,0.5771,938.4,0.122,2,complete,0.1615,41223.7
913,5,34,651,301.803,34,651,4,0.6433,956.1,0.3368,10,complete,0.2366,41249.6
914,4,44,618,536.271,44,618,7,0.5012,849.2,0.2228,10,complete,0.2469,41275.4
915,3,67,1000,727.133,60,,10,0.481,777.1,0.2162,56,step_limit,0.2577,41316.9
916,6,34,577,287.609,34,577,4,0.6592,1040.1,0.3729,20,complete,0.2059,41341.4
917,6,52,410,677.327,52,410,9,0.4939,669.6,0.1434,5,complete,0.0996,41358.3
918,4,45,532,590.178,45,532,8,0.5033,678.9,0.1994,10,complete,0.1187,41381.2
919,6,39,484,395.283,39,484,5,0.6994,939.9,0.1652,4,complete,0.2019,41405.6
920,6,58,387,697.873,58,387,8,0.4302,760.9,0.1358,9,complete,0.0867,41426.4
921,4,40,828,419.55,40,828,6,0.5504,843.4,0.3428,38,complete,0.2342,41466.1
922,6,77,522,1045.568,77,522,14,0.5214,693.6,0.1862,4,complete,0.1009,41494.7
923,5,76,943,938.284,76,943,13,0.6104,955.3,0.2384,42,complete,0.2169,41541.5
924,5,72,847,906.733,72,847,12,0.6319,790.4,0.3454,113,complete,0.1709,41584.3
925,6,36,386,375.74,36,386,4,0.5427,815.2,0.2249,10,complete,0.1583,41603.8
926,6,56,440,688.229,56,440,9,0.5583,840.5,0.1199,3,complete,0.127,41626.9
927,5,21,276,210.319,21,276,2,0.529,746.2,0.1381,7,complete,0.1667,41639.6
928,4,59,661,737.357,59,661,9,0.4633,731.2,0.2653,20,complete,0.1862,41673.0
929,5,25,477,166.93,25,477,1,0.6545,950.6,0.2464,10,complete,0.2353,41701.7
930,4,28,354,291.511,28,354,3,0.5339,801.5,0.1231,10,complete,0.18,41720.5
931,5,70,835,869.286,70,835,12,0.589,865.9,0.2767,17,complete,0.2066,41769.5
932,4,75,1000,865.973,71,,12,0.5853,898.5,0.2208,16,step_limit,0.2287,41825.2
933,3,31,615,370.769,31,615,5,0.4856,769.7,0.2631,26,complete,0.2381,41855.9
934,4,28,529,315.94,28,529,4,0.5397,865.7,0.3315,11,complete,0.1974,41881.2
935,3,36,731,427.845,36,731,6,0.368,654.7,0.2864,51,complete,0.1875,41915.5
936,4,20,263,233.18,20,263,3,0.4297,686.7,0.0986,6,complete,0.1071,41927.8
937,3,28,516,324.37,28,516,4,0.3889,704.1,0.1898,25,complete,0.1905,41953.1
938,6,73,1000,644.932,64,,10,0.6813,1015.4,0.4292,17,step_limit,0.2468,42003.3
939,4,75,977,922.301,75,977,12,0.5993,933.6,0.2292,16,complete,0.2653,42051.2
940,6,64,546,758.599,64,546,9,0.4994,790.9,0.2942,5,complete,0.1163,42080.3
941,3,37,678,449.074,37,678,6,0.4125,679.9,0.2419,49,complete,0.2308,42113.3
942,6,57,533,638.957,57,533,8,0.5604,819.3,0.1847,7,complete,0.1311,42140.7
943,3,69,1000,689.178,59,,9,0.4123,680.0,0.2898,29,step_limit,0.2645,42187.7
944,6,73,915,795.305,73,915,12,0.6608,1026.0,0.2823,22,complete,0.2271,42234.2
945,5,49,575,618.832,49,575,9,0.6077,786.0,0.2052,11,complete,0.1816,42262.8
946,3,29,515,378.578,29,515,5,0.4123,757.1,0.2938,35,complete,0.1913,42289.6
947,4,73,1000,728.871,65,,10,0.5972,907.2,0.2129,11,step_limit,0.3034,42337.1
948,6,57,776,630.629,57,776,10,0.7204,1131.7,0.1978,6,complete,0.272,42374.2
949,3,24,487,257.853,24,487,3,0.5222,789.0,0.3053,27,complete,0.216,42397.4
950,4,26,357,304.966,26,357,4,0.4818,759.1,0.0704,2,complete,0.1383,42415.2
951,6,20,169,141.5,20,169,0,0.3797,588.3,0.1489,2,complete,0.06,42977.5
952,6,28,269,293.496,28,269,3,0.5756,804.4,0.1488,2,complete,0.1057,42993.6
953,3,42,886,503.863,42,886,7,0.5331,789.0,0.3218,71,complete,0.2847,43039.9
954,3,30,542,378.73,30,542,5,0.5215,758.6,0.2162,27,complete,0.2344,43069.0
955,5,38,414,421.274,38,414,5,0.4319,673.9,0.1655,3,complete,0.1148,43089.1
956,4,33,406,403.748,33,406,5,0.4883,722.8,0.2448,12,complete,0.1384,43106.8
957,3,42,1000,358.436,38,,5,0.5233,784.3,0.2668,23,step_limit,0.3856,43153.5
958,6,34,280,411.665,34,280,5,0.5476,727.9,0.0776,5,complete,0.1132,43166.8
959,3,80,1000,740.989,60,,11,0.4297,626.4,0.244,58,step_limit,0.2439,43213.2
960,6,66,530,837.491,66,530,11,0.4849,802.1,0.1863,5,complete,0.1498,43235.7
961,3,70,1000,760.209,60,,11,0.4963,767.0,0.2075,39,step_limit,0.2975,43275.7
962,4,47,654,545.78,47,654,7,0.5199,843.8,0.2248,16,complete,0.2102,43301.2
963,6,27,404,255.871,27,404,3,0.6419,871.2,0.1577,10,complete,0.1698,43319.5
964,6,65,639,825.62,65,639,11,0.5649,867.9,0.3107,14,complete,0.142,43346.1
965,3,22,641,225.738,22,641,3,0.5746,727.6,0.3933,109,complete,0.2848,43371.7
966,4,28,517,295.406,28,517,4,0.6296,848.7,0.2355,7,complete,0.2828,43391.2
967,5,73,688,950.1,73,688,13,0.4317,681.2,0.2286,14,complete,0.1479,43423.6
968,5,62,559,745.994,62,559,9,0.5091,828.8,0.1915,12,complete,0.1378,43446.0
969,6,55,413,633.351,55,413,7,0.5391,693.6,0.2097,10,complete,0.0736,43464.1
970,5,46,493,520.317,46,493,6,0.5347,874.3,0.3094,9,complete,0.1342,43484.5
971,5,34,805,269.132,34,805,4,0.683,1055.4,0.38,15,complete,0.2925,43520.4
972,3,78,1000,806.623,65,,11,0.462,723.6,0.2288,31,step_limit,0.2328,43560.8
973,4,78,806,1048.519,78,806,14,0.398,583.7,0.215,16,complete,0.1125,43601.5
974,4,60,1000,574.207,53,,9,0.6305,1047.4,0.2429,18,step_limit,0.3421,43647.3
975,6,52,405,591.458,52,405,7,0.5704,796.3,0.132,4,complete,0.1154,43668.7
976,5,53,507,681.669,53,507,9,0.557,861.7,0.2128,10,complete,0.1524,43694.6
977,6,30,265,335.5,30,265,4,0.4195,584.5,0.1702,4,complete,0.0816,43707.5
978,6,45,440,537.933,45,440,7,0.5985,747.0,0.1932,9,complete,0.1197,43733.2
979,6,34,440,371.747,34,440,5,0.6352,1003.4,0.2012,11,complete,0.1875,43758.9
980,3,55,1000,613.325,51,,9,0.475,783.3,0.2604,60,step_limit,0.2636,43813.1
981,5,49,835,462.913,49,835,6,0.679,1058.1,0.2101,7,complete,0.3158,43860.6
982,3,26,774,280.58,26,774,4,0.2842,602.6,0.2737,31,complete,0.2083,43902.6
983,6,39,538,421.628,39,538,6,0.6964,1068.8,0.229,7,complete,0.1892,43933.3
984,6,20,253,154.88,20,253,1,0.5494,769.6,0.2222,4,complete,0.1333,43946.8
985,6,29,323,254.896,29,323,2,0.7002,1030.6,0.2092,5,complete,0.2153,43966.2
986,5,59,797,636.752,59,797,8,0.6432,914.7,0.3196,14,complete,0.2262,44011.0
987,3,74,1000,891.734,69,,12,0.447,746.0,0.1319,21,step_limit,0.2313,44070.0
988,5,70,635,943.921,70,635,13,0.5502,831.6,0.1204,10,complete,0.1421,44107.1
989,6,34,446,385.328,34,446,5,0.5938,726.3,0.3466,14,complete,0.0923,44130.8
990,5,28,337,331.704,28,337,4,0.5377,878.5,0.2405,13,complete,0.1021,44150.8
991,5,76,951,988.325,76,951,14,0.625,941.3,0.3215,31,complete,0.2,44204.1
992,4,40,638,455.34,40,638,6,0.5905,888.1,0.247,12,complete,0.211,44235.4
993,6,61,537,761.724,61,537,10,0.4469,752.3,0.1811,5,complete,0.1135,44262.6
994,4,49,1000,454.082,44,,7,0.6673,978.8,0.3833,172,step_limit,0.355,44309.6
995,6,33,453,334.056,33,453,4,0.5736,788.6,0.2349,24,complete,0.1376,44331.6
996,3,23,452,250.483,23,452,3,0.5406,770.5,0.2326,20,complete,0.2837,44353.4
997,6,46,441,573.47,46,441,8,0.5839,888.8,0.1609,4,complete,0.1279,44375.5
998,6,53,437,573.629,53,437,6,0.6331,888.9,0.2819,6,complete,0.1905,44399.8
999,4,52,839,601.409,52,839,8,0.5626,864.0,0.2637,30,complete,0.2474,44438.3
1000,4,78,1000,698.944,63,,11,0.4728,732.9,0.3198,19,step_limit,0.2614,44486.3
1001,4,65,972,763.883,65,972,10,0.6227,1056.6,0.2231,22,complete,0.303,45052.0
1002,3,51,953,615.751,51,953,8,0.3774,657.8,0.3064,86,complete,0.2039,45103.7
1003,5,23,294,252.43,23,294,3,0.4218,649.8,0.114,2,complete,0.0927,45121.0
1004,3,73,1000,861.177,66,,12,0.4373,652.3,0.1499,32,step_limit,0.2432,45176.5
1005,3,31,709,353.907,31,709,5,0.496,788.8,0.1453,26,complete,0.2917,45216.9
1006,3,54,933,712.427,54,933,10,0.4662,749.9,0.1163,30,complete,0.3155,45269.0
1007,3,61,1000,730.033,57,,10,0.4137,727.3,0.2706,44,step_limit,0.1952,45320.1
1008,4,56,1000,488.586,51,,7,0.6325,1002.6,0.2293,39,step_limit,0.3851,45366.3
1009,4,65,1000,690.529,57,,11,0.5807,965.3,0.2104,25,step_limit,0.3293,45412.2
1010,4,64,1000,757.125,61,,11,0.5917,860.3,0.2831,97,step_limit,0.3042,45454.3
1011,4,48,731,615.16,48,731,9,0.4853,768.6,0.264,16,complete,0.1562,45484.5
1012,5,77,620,980.922,77,620,12,0.4771,658.6,0.1179,11,complete,0.1123,45512.7
1013,6,30,353,332.06,30,353,4,0.6199,909.4,0.1831,7,complete,0.1424,45529.5
1014,6,73,536,897.854,73,536,11,0.4506,635.4,0.1983,7,complete,0.103,45556.4
1015,6,80,544,1003.82,80,544,12,0.5193,733.7,0.1617,10,complete,0.1184,45579.2
1016,4,35,880,354.686,35,880,5,0.6406,1065.1,0.3876,78,complete,0.2528,45613.7
1017,4,52,781,608.152,52,781,8,0.5922,896.0,0.2358,10,complete,0.23,45645.4
1018,6,25,285,196.444,25,285,1,0.6982,891.5,0.286,6,complete,0.1548,45658.6
1019,5,59,498,802.736,59,498,11,0.3876,539.9,0.1387,11,complete,0.0867,45679.7
1020,3,57,878,737.802,57,878,10,0.38,615.4,0.1617,19,complete,0.213,45717.5
1021,3,78,1000,728.285,61,,10,0.394,719.3,0.214,40,step_limit,0.2345,45757.9
1022,3,68,1000,765.341,62,,10,0.4207,679.1,0.1979,34,step_limit,0.2258,45799.8
1023,3,33,618,385.942,33,618,5,0.5351,780.6,0.1991,25,complete,0.2696,45829.7
1024,3,77,1000,771.517,64,,10,0.4513,781.1,0.2049,36,step_limit,0.3161,45875.9
1025,6,23,233,142.142,23,233,0,0.4649,630.7,0.0692,1,complete,0.0648,45887.1
1026,5,21,202,182.876,21,202,1,0.4139,520.2,0.1477,5,complete,0.0733,45898.5
1027,3,35,861,413.407,35,861,6,0.4688,774.1,0.2469,55,complete,0.272,45947.4
1028,5,41,471,507.474,41,471,7,0.5783,860.2,0.1963,10,complete,0.1565,45975.2
1029,5,21,258,209.529,21,258,2,0.4248,632.5,0.0645,5,complete,0.0625,45989.5
1030,4,54,982,695.35,54,982,10,0.6008,816.6,0.389,79,complete,0.1978,46043.8
1031,4,72,836,961.877,72,836,13,0.5129,766.0,0.1906,12,complete,0.1681,46091.7
1032,5,48,475,574.406,48,475,7,0.5949,959.7,0.157,6,complete,0.1639,46119.5
1033,3,32,701,365.261,32,701,5,0.4622,674.6,0.3368,77,complete,0.2402,46158.3
1034,4,21,356,202.922,21,356,2,0.5014,728.1,0.2585,13,complete,0.141,46178.0
1035,3,57,1000,704.537,55,,10,0.4863,793.6,0.2051,34,step_limit,0.2643,46235.4
1036,4,56,669,703.969,56,669,9,0.5303,878.8,0.1918,17,complete,0.2048,46273.1
1037,4,53,1000,537.026,52,,7,0.668,1044.1,0.22,18,step_limit,0.4018,46329.7
1038,5,29,336,324.028,29,336,4,0.6173,746.4,0.2019,5,complete,0.124,46349.4
1039,3,45,845,576.437,45,845,8,0.5061,785.0,0.2218,40,complete,0.2682,46396.0
1040,3,23,391,258.874,23,391,3,0.4254,719.1,0.221,14,complete,0.1259,46418.4
1041,6,20,182,132.98,20,182,0,0.5916,707.9,0.1193,0,complete,0.14,46428.8
1042,4,71,1000,836.563,70,,11,0.5925,870.4,0.1936,17,step_limit,0.3093,46488.9
1043,4,36,846,364.049,36,846,5,0.5913,848.5,0.4589,36,complete,0.2411,46535.4
1044,4,46,566,558.803,46,566,7,0.5186,679.9,0.2672,28,complete,0.1807,46567.9
1045,3,65,1000,644.814,55,,9,0.5073,771.8,0.2059,46,step_limit,0.3165,46615.8
1046,5,53,572,620.787,53,572,8,0.5734,867.8,0.2015,13,complete,0.1535,46643.3
1047,5,77,800,1036.065,77,800,15,0.5415,775.5,0.2572,11,complete,0.1738,46684.1
1048,6,54,405,623.422,54,405,7,0.551,824.4,0.1531,10,complete,0.1118,46705.8
1049,3,75,1000,830.14,66,,11,0.4697,792.4,0.2028,36,step_limit,0.2412,46755.4
1050,5,66,611,851.897,66,611,11,0.453,731.8,0.133,10,complete,0.1269,46787.0
1051,4,46,858,511.202,46,858,7,0.623,962.1,0.2376,27,complete,0.2912,47342.6
1052,6,64,616,798.059,64,616,11,0.6296,954.0,0.188,4,complete,0.1571,47378.5
1053,6,77,762,966.922,77,762,14,0.6365,966.5,0.1772,10,complete,0.2024,47422.2
1054,4,50,875,588.216,50,875,8,0.5237,725.0,0.2553,15,complete,0.2176,47470.9
1055,3,33,612,394.767,33,612,5,0.4352,751.5,0.1893,43,complete,0.2286,47503.6
1056,5,55,504,685.555,55,504,9,0.377,642.9,0.1896,12,complete,0.0929,47532.1
1057,6,78,783,924.812,78,783,12,0.6564,1003.0,0.1793,6,complete,0.2371,47577.9
1058,3,74,1000,900.919,70,,12,0.372,591.8,0.2462,66,step_limit,0.1843,47635.7
1059,5,76,627,1004.768,76,627,13,0.5317,836.2,0.1625,10,complete,0.1709,47669.3
1060,4,56,970,642.05,56,970,9,0.5302,1006.6,0.3275,51,complete,0.297,47717.5
1061,6,46,391,556.188,46,391,7,0.6113,828.7,0.1864,6,complete,0.1176,47736.7
1062,6,55,566,660.105,55,566,9,0.6166,793.6,0.3045,11,complete,0.1098,47762.6
1063,5,54,678,627.443,54,678,8,0.5953,997.7,0.275,9,complete,0.1565,47790.6
1064,3,76,1000,863.613,69,,11,0.463,723.2,0.1835,20,step_limit,0.2354,47832.7
1065,4,23,336,249.36,23,336,3,0.5454,783.1,0.1263,10,complete,0.1778,47848.2
1066,3,37,807,471.304,37,807,7,0.5006,698.1,0.3052,70,complete,0.2967,47878.0
1067,3,76,1000,699.654,59,,10,0.4373,708.7,0.3323,149,step_limit,0.2672,47916.4
1068,6,77,725,948.835,77,725,13,0.5749,889.1,0.2042,7,complete,0.1472,47946.3
1069,5,56,839,661.898,56,839,9,0.6129,967.5,0.2659,7,complete,0.2556,47979.5
1070,6,39,334,448.052,39,334,5,0.4721,583.2,0.2733,8,complete,0.0804,47993.4
1071,5,26,407,246.208,26,407,3,0.6393,979.9,0.247,12,complete,0.2,48010.7
1072,6,62,507,740.306,62,507,9,0.6249,906.9,0.1875,6,complete,0.1434,48031.3
1073,3,44,894,549.68,44,894,8,0.4828,760.3,0.1608,25,complete,0.3093,48066.8
1074,4,71,754,922.403,71,754,12,0.3989,669.9,0.1823,14,complete,0.1444,48098.1
1075,5,36,659,355.05,36,659,5,0.7074,998.1,0.256,21,complete,0.2494,48125.5
1076,3,53,766,719.278,53,766,10,0.3864,570.8,0.1932,29,complete,0.1196,48161.3
1077,3,47,708,577.013,47,708,7,0.4854,770.6,0.2277,72,complete,0.2069,48195.2
1078,5,54,544,655.531,54,544,8,0.4853,690.5,0.3041,24,complete,0.1349,48222.3
1079,6,48,459,552.985,48,459,7,0.5733,813.4,0.166,4,complete,0.137,48244.3
1080,6,54,345,675.933,54,345,8,0.5029,659.8,0.1678,5,complete,0.0952,48259.2
1081,5,28,335,275.375,28,335,3,0.6185,873.1,0.1804,7,complete,0.1574,48272.9
1082,4,37,585,441.584,37,585,6,0.4709,762.3,0.3475,42,complete,0.1554,48296.8
1083,3,25,429,276.406,25,429,3,0.3667,558.8,0.1917,42,complete,0.0694,48314.8
1084,6,31,221,336.863,31,221,3,0.411,602.1,0.0331,5,complete,0.0397,48324.2
1085,6,46,583,489.455,46,583,7,0.6186,984.7,0.2252,5,complete,0.1988,48348.6
1086,4,30,954,277.667,30,954,4,0.5042,925.6,0.5134,111,complete,0.2831,48386.6
1087,6,20,204,168.17,20,204,1,0.5392,897.9,0.1967,2,complete,0.1198,48394.5
1088,3,55,1000,646.942,51,,10,0.5333,752.5,0.2661,40,step_limit,0.2813,48433.7
1089,5,45,543,535.383,45,543,7,0.5344,798.2,0.1975,7,complete,0.1351,48454.8
1090,5,23,365,242.772,23,365,3,0.5238,729.0,0.2337,18,complete,0.1143,48472.1
1091,3,25,376,319.744,25,376,4,0.2881,606.3,0.1816,19,complete,0.1348,48486.6
1092,4,46,590,602.435,46,590,8,0.4903,746.3,0.2386,12,complete,0.1341,48510.9
1093,5,61,554,750.521,61,554,9,0.5827,849.8,0.2232,14,complete,0.1341,48535.3
1094,5,63,696,809.573,63,696,11,0.579,835.3,0.2088,10,complete,0.1569,48564.8
1095,3,27,617,333.679,27,617,5,0.5051,762.5,0.1508,13,complete,0.2424,48589.2
1096,3,72,1000,634.183,55,,9,0.4927,792.6,0.1551,28,step_limit,0.3159,48632.2
1097,5,45,652,513.756,45,652,7,0.6304,940.3,0.2402,10,complete,0.219,48657.9
1098,6,30,292,268.76,30,292,2,0.6929,973.8,0.2268,4,complete,0.1818,48671.2
1099,5,74,1000,938.527,73,,14,0.6318,1050.7,0.1928,9,step_limit,0.2612,48713.6
1100,4,37,548,410.058,37,548,5,0.463,658.3,0.201,14,complete,0.1536,48737.4
1101,5,34,571,343.494,34,571,5,0.6168,1061.1,0.194,18,complete,0.2507,49087.0
1102,4,40,628,464.73,40,628,6,0.5502,874.6,0.2931,45,complete,0.1923,49113.3
1103,6,64,509,817.051,64,509,11,0.5386,835.4,0.1198,2,complete,0.1033,49134.6
1104,6,35,423,345.723,35,423,4,0.6332,816.5,0.2212,6,complete,0.1433,49152.0
1105,3,57,950,734.716,57,950,10,0.4663,725.5,0.1948,45,complete,0.2861,49191.0
1106,5,71,635,951.694,71,635,13,0.4825,693.9,0.2859,14,complete,0.1117,49219.8
1107,6,71,761,843.301,71,761,12,0.6102,950.2,0.2537,7,complete,0.1944,49252.6
1108,5,48,636,522.533,48,636,7,0.5553,784.0,0.2851,25,complete,0.1349,49277.5
1109,4,55,760,705.971,55,760,10,0.4188,610.5,0.2667,26,complete,0.1643,49303.8
1110,4,34,584,378.911,34,584,5,0.5505,779.9,0.2971,23,complete,0.2466,49325.1
1111,6,61,559,723.765,61,559,9,0.551,821.2,0.2072,7,complete,0.1254,49344.3
1112,5,34,683,294.644,34,683,4,0.6811,989.9,0.3687,15,complete,0.1921,49365.6
1113,5,45,398,556.922,45,398,7,0.5186,767.3,0.2209,9,complete,0.1029,49380.9
1114,3,76,1000,829.558,65,,12,0.4367,744.0,0.1641,34,step_limit,0.2667,49413.7
1115,3,29,664,330.39,29,664,4,0.5141,787.8,0.3911,157,complete,0.3081,49435.0
1116,3,80,1000,828.995,65,,12,0.3947,755.5,0.1556,29,step_limit,0.2385,49470.1
1117,3,48,919,626.755,48,919,9,0.4741,730.2,0.3198,79,complete,0.2564,49501.7
1118,5,80,681,1025.638,80,681,13,0.5131,753.4,0.2216,10,complete,0.1345,49526.8
1119,6,54,584,623.304,54,584,8,0.6013,939.1,0.1608,4,complete,0.1456,49546.8
1120,4,57,991,708.844,57,991,10,0.6032,924.5,0.2842,27,complete,0.3136,49579.5
1121,5,43,533,481.827,43,533,6,0.63,909.1,0.2169,8,complete,0.185,49595.9
1122,3,56,991,703.418,56,991,10,0.4157,756.8,0.2766,51,complete,0.2175,49627.6
1123,6,57,514,687.528,57,514,9,0.6073,793.4,0.1327,2,complete,0.1383,49646.0
1124,5,77,766,978.843,77,766,13,0.4836,786.2,0.2857,28,complete,0.1268,49672.9
1125,3,30,784,330.68,30,784,5,0.4213,763.0,0.2537,56,complete,0.25,49703.5
1126,4,48,639,590.365,48,639,8,0.4049,712.2,0.214,26,complete,0.158,49729.9
1127,5,45,522,533.411,45,522,7,0.541,715.5,0.2941,18,complete,0.1532,49751.8
1128,4,54,906,613.33,54,906,8,0.6349,953.7,0.2604,37,complete,0.2818,49788.4
1129,4,52,698,639.68,52,698,8,0.4549,737.0,0.2192,20,complete,0.1447,49817.5
1130,4,42,568,554.213,42,568,8,0.4969,826.8,0.1852,10,complete,0.1979,49839.9
1131,5,68,741,832.274,68,741,11,0.6057,929.7,0.2232,10,complete,0.2068,49872.1
1132,4,65,884,809.858,65,884,11,0.5444,869.6,0.2279,15,complete,0.2193,49909.3
1133,4,32,444,379.903,32,444,5,0.4009,589.0,0.236,15,complete,0.1125,49928.2
1134,6,76,856,877.161,76,856,12,0.6924,1019.0,0.2067,8,complete,0.2609,49964.2
1135,6,79,623,994.83,79,623,13,0.4904,653.5,0.3771,66,complete,0.104,49991.7
1136,5,22,404,223.505,22,404,3,0.5327,837.2,0.2718,8,complete,0.2043,50007.5
1137,6,74,690,935.665,74,690,13,0.6072,970.9,0.1484,5,complete,0.1794,50038.2
1138,3,38,900,415.811,38,900,6,0.5444,798.3,0.223,54,complete,0.3858,50077.2
1139,5,31,412,334.303,31,412,4,0.501,706.8,0.1259,6,complete,0.1214,50095.5
1140,4,47,667,573.916,47,667,8,0.4636,701.9,0.3172,23,complete,0.1618,50123.9
1141,4,37,534,463.894,37,534,6,0.5337,881.5,0.2426,16,complete,0.1613,50146.4
1142,4,53,824,647.817,53,824,9,0.5722,1027.6,0.2385,16,complete,0.2807,50180.8
1143,3,48,916,619.683,48,916,9,0.4665,744.8,0.254,52,complete,0.3105,50216.8
1144,4,70,1000,755.429,65,,11,0.4943,814.8,0.2933,20,step_limit,0.2519,50258.2
1145,6,48,447,519.63,48,447,6,0.4299,604.9,0.3558,25,complete,0.0705,50277.5
1146,4,45,1000,467.076,45,1000,7,0.6108,1031.6,0.2901,20,complete,0.3131,50317.2
1147,6,49,417,554.833,49,417,6,0.4808,749.0,0.2622,8,complete,0.0822,50335.7
1148,5,22,351,208.086,22,351,2,0.5293,796.7,0.153,4,complete,0.13,50347.5
1149,4,44,470,559.782,44,470,7,0.4362,602.2,0.175,13,complete,0.0729,50363.9
1150,5,51,696,545.514,51,696,7,0.6328,1032.9,0.3055,26,complete,0.1891,50386.9
1151,3,63,1000,387.776,39,,6,0.446,625.6,0.6436,453,step_limit,0.2807,50751.8
1152,3,47,783,590.223,47,783,8,0.4581,737.8,0.1973,21,complete,0.2397,50785.1
1153,4,44,1000,434.064,43,,7,0.612,885.8,0.2719,54,step_limit,0.3657,50825.3
1154,5,39,466,424.533,39,466,5,0.4721,864.0,0.2449,5,complete,0.1485,50845.6
1155,3,52,1000,578.329,47,,9,0.5003,784.7,0.3403,208,step_limit,0.2523,50887.6
1156,6,59,483,757.006,59,483,10,0.5763,857.8,0.122,8,complete,0.1105,50911.4
1157,3,33,678,375.342,33,678,5,0.5364,784.4,0.272,83,complete,0.2864,50940.1
1158,5,55,886,619.191,55,886,9,0.6061,968.8,0.2811,11,complete,0.2088,50972.4
1159,6,33,377,305.344,33,377,3,0.5084,715.9,0.2284,4,complete,0.1121,50984.5
1160,5,71,942,803.069,71,942,11,0.6868,995.3,0.1828,14,complete,0.2734,51015.8
1161,5,78,787,1023.522,78,787,14,0.5426,839.0,0.2007,10,complete,0.1628,51041.7
1162,4,27,370,320.311,27,370,4,0.3655,610.0,0.1051,10,complete,0.0938,51055.2
1163,3,71,1000,799.296,61,,12,0.483,754.8,0.1539,20,step_limit,0.2801,51088.0
1164,5,24,314,296.446,24,314,4,0.6185,988.4,0.2402,10,complete,0.1581,51098.1
1165,4,47,628,560.616,47,628,7,0.5215,769.3,0.3244,32,complete,0.175,51118.9
1166,5,79,878,1001.885,79,878,14,0.5941,953.4,0.273,14,complete,0.1986,51150.4
1167,4,74,897,998.606,74,897,14,0.5346,774.9,0.2203,26,complete,0.1641,51180.3
1168,4,68,925,870.576,68,925,12,0.3541,721.5,0.252,13,complete,0.1377,51212.6
1169,3,79,1000,966.518,73,,13,0.4283,793.6,0.1591,28,step_limit,0.2105,51247.9
1170,4,39,550,460.39,39,550,6,0.4268,770.1,0.27,25,complete,0.1119,51266.9
1171,5,25,311,272.89,25,311,3,0.2894,572.0,0.2086,8,complete,0.081,51276.9
1172,3,21,359,247.673,21,359,3,0.2767,589.8,0.1631,29,complete,0.1032,51290.1
1173,6,53,343,696.065,53,343,9,0.484,683.2,0.0882,4,complete,0.1104,51303.4
1174,4,51,605,649.769,51,605,9,0.5273,706.7,0.2184,35,complete,0.1766,51327.9
1175,3,74,1000,879.278,67,,12,0.4497,759.7,0.2259,29,step_limit,0.2283,51360.6
1176,4,66,1000,466.806,46,,9,0.6235,916.1,0.2201,18,step_limit,0.3221,51389.6
1177,4,66,883,825.122,66,883,11,0.4567,678.3,0.2304,17,complete,0.16,51412.3
1178,5,39,755,391.237,39,755,6,0.6358,1077.7,0.2019,5,complete,0.2667,51433.5
1179,4,21,518,167.47,21,518,2,0.638,1050.3,0.403,71,complete,0.2143,51446.7
1180,4,33,536,371.554,33,536,5,0.5611,758.6,0.2703,31,complete,0.1567,51462.3
1181,3,41,754,503.473,41,754,7,0.4832,804.0,0.1239,31,complete,0.3173,51481.7
1182,6,48,468,525.445,48,468,6,0.6307,898.3,0.3153,14,complete,0.1378,51496.0
1183,5,22,420,219.409,22,420,3,0.57,819.7,0.3211,57,complete,0.1644,51506.6
1184,6,24,199,211.06,24,199,1,0.4883,665.8,0.0325,3,complete,0.0611,51512.0
1185,4,79,1000,977.646,77,,13,0.5258,917.9,0.2654,14,step_limit,0.2392,51540.1
1186,3,43,878,507.955,43,878,7,0.4412,759.1,0.2541,32,complete,0.28,51564.4
1187,5,80,732,1006.1,80,732,13,0.5339,774.5,0.2841,14,complete,0.1597,51584.2
1188,4,67,737,856.251,67,737,11,0.4827,661.4,0.1709,18,complete,0.1316,51605.9
1189,5,67,879,774.072,67,879,11,0.597,1013.2,0.2387,12,complete,0.2602,51631.0
1190,4,28,711,251.831,28,711,3,0.4993,830.9,0.2273,12,complete,0.1894,51649.2
1191,4,67,889,904.541,67,889,13,0.5467,898.2,0.1678,17,complete,0.2202,51674.3
1192,4,44,538,541.18,44,538,7,0.4786,792.7,0.1498,19,complete,0.1635,51689.3
1193,5,53,459,688.975,53,459,9,0.427,630.8,0.1563,13,complete,0.0846,51701.7
1194,5,27,448,243.526,27,448,3,0.4094,628.5,0.2837,13,complete,0.1019,51715.3
1195,6,57,415,728.647,57,415,9,0.4518,643.6,0.074,5,complete,0.0521,51726.5
1196,4,74,835,969.205,74,835,13,0.4246,664.1,0.1925,23,complete,0.186,51750.1
1197,6,25,291,265.948,25,291,3,0.5853,798.4,0.2753,12,complete,0.127,51757.9
1198,6,35,393,361.769,35,393,4,0.5687,871.4,0.1523,5,complete,0.1339,51768.6
1199,6,29,589,193.626,29,589,3,0.7303,1099.9,0.4559,10,complete,0.2203,51785.3
1200,3,40,669,523.907,40,669,7,0.3269,646.7,0.0589,13,complete,0.1423,51802.7
1201,3,43,869,536.732,43,869,8,0.4235,685.9,0.1569,27,complete,0.2681,52018.0
1202,4,25,333,307.112,25,333,4,0.3491,528.0,0.1602,15,complete,0.1141,52028.5
1203,3,48,735,641.944,48,735,9,0.459,674.6,0.2019,44,complete,0.2035,52047.9
1204,4,59,1000,631.919,53,,10,0.58,844.5,0.2269,16,step_limit,0.2739,52075.4
1205,6,53,335,634.915,53,335,7,0.4851,729.9,0.1269,5,complete,0.0856,52085.0
1206,3,45,845,568.017,45,845,8,0.4387,765.3,0.1558,35,complete,0.2688,52108.1
1207,3,72,1000,769.108,61,,11,0.488,796.5,0.1442,36,step_limit,0.3142,52135.8
1208,3,68,1000,841.988,64,,12,0.4833,794.5,0.1396,53,step_limit,0.2957,52163.1
1209,5,37,393,421.242,37,393,5,0.6219,827.7,0.2465,9,complete,0.1267,52173.6
1210,4,40,509,486.52,40,509,6,0.5118,883.1,0.2013,11,complete,0.1667,52187.3
1211,5,40,367,456.925,40,367,5,0.4681,690.6,0.2201,16,complete,0.07,52198.8
1212,6,47,641,514.557,47,641,7,0.6165,923.9,0.3669,37,complete,0.1451,52215.5
1213,6,44,496,484.613,44,496,6,0.6099,899.2,0.2208,9,complete,0.1232,52230.4
1214,4,54,791,666.271,54,791,9,0.5629,870.6,0.2557,18,complete,0.2188,52250.8
1215,3,71,1000,781.011,62,,11,0.4487,758.2,0.2684,73,step_limit,0.2586,52278.6
1216,6,68,705,742.497,68,705,9,0.692,1050.3,0.3567,10,complete,0.1514,52299.1
1217,3,48,800,641.844,48,800,9,0.5012,787.2,0.1923,21,complete,0.2577,52320.0
1218,5,37,344,434.476,37,344,5,0.5105,796.1,0.1969,10,complete,0.0868,52330.8
1219,4,80,1000,973.21,78,,13,0.5375,879.7,0.2087,19,step_limit,0.227,52357.1
1220,4,63,710,779.892,63,710,10,0.5313,834.7,0.2003,24,complete,0.1619,52377.8
1221,3,21,579,219.516,21,579,3,0.4905,768.7,0.3289,42,complete,0.268,52392.4
1222,3,59,1000,695.71,57,,9,0.3933,641.3,0.3702,58,step_limit,0.2153,52419.9
1223,4,25,441,247.016,25,441,3,0.5437,882.6,0.2705,21,complete,0.1887,52433.1
1224,4,53,677,674.475,53,677,9,0.4815,737.4,0.2311,18,complete,0.1198,52451.2
1225,3,66,1000,777.891,63,,10,0.4573,759.0,0.2474,57,step_limit,0.2381,52478.9
1226,5,39,386,470.11,39,386,6,0.4373,628.7,0.2465,15,complete,0.0871,52489.1
1227,6,70,433,903.769,70,433,11,0.5123,791.1,0.0868,7,complete,0.0922,52503.2
1228,3,52,1000,588.596,49,,8,0.4887,777.7,0.2953,59,step_limit,0.2698,52529.0
1229,3,43,830,524.312,43,830,7,0.4843,702.8,0.2578,53,complete,0.2556,52551.6
1230,3,79,1000,802.77,63,,12,0.479,710.2,0.1908,28,step_limit,0.2913,52579.8
1231,4,30,292,356.653,30,292,4,0.4735,618.4,0.1122,7,complete,0.0957,52587.7
1232,4,67,702,860.965,67,702,11,0.4192,616.4,0.2903,11,complete,0.1104,52608.3
1233,5,36,316,428.936,36,316,5,0.5671,861.7,0.1229,6,complete,0.1094,52616.8
1234,4,71,961,881.425,71,961,12,0.4776,795.2,0.2865,15,complete,0.2148,52643.6
1235,5,57,565,709.478,57,565,9,0.5727,918.0,0.1959,10,complete,0.1391,52658.8
1236,6,53,388,584.878,53,388,6,0.6194,871.0,0.1386,4,complete,0.1354,52671.6
1237,5,71,1000,676.81,62,,11,0.6584,915.2,0.3204,28,step_limit,0.2908,52697.6
1238,6,65,772,727.612,65,772,10,0.7083,988.1,0.2651,10,complete,0.1929,52719.4
1239,4,60,1000,736.467,59,,11,0.6045,1017.5,0.3197,18,step_limit,0.2714,52747.1
1240,4,53,1000,600.747,52,,9,0.592,1023.9,0.2981,15,step_limit,0.3304,52774.7
1241,3,80,1000,798.826,65,,11,0.494,791.7,0.1569,37,step_limit,0.2812,52800.6
1242,5,25,250,269.7,25,250,3,0.4904,825.3,0.0719,2,complete,0.085,52808.8
1243,4,63,1000,678.533,60,,9,0.6358,962.3,0.2785,49,step_limit,0.2478,52834.7
1244,6,36,385,417.8,36,385,6,0.6403,915.6,0.2328,5,complete,0.1299,52846.7
1245,6,42,414,478.117,42,414,6,0.628,979.7,0.1425,3,complete,0.1162,52857.9
1246,4,34,386,411.348,34,386,5,0.4197,514.0,0.2175,21,complete,0.0893,52868.1
1247,5,41,499,523.574,41,499,7,0.4934,944.8,0.2708,4,complete,0.1306,52882.9
1248,5,56,541,661.504,56,541,8,0.5479,748.1,0.2445,15,complete,0.1362,52897.3
1249,4,52,611,670.029,52,611,9,0.3989,656.2,0.1912,42,complete,0.1495,52914.9
1250,3,29,564,323.056,29,564,4,0.5118,787.2,0.2385,42,complete,0.2,52929.6
1251,4,71,1000,882.665,68,,13,0.5827,1013.6,0.2341,20,step_limit,0.2364,53147.2
1252,5,79,822,1012.172,79,822,14,0.6209,900.4,0.2322,13,complete,0.1823,53169.0
1253,6,71,848,778.875,71,848,10,0.6842,951.3,0.271,16,complete,0.1954,53193.4
1254,6,47,467,479.92,47,467,5,0.6146,795.3,0.2163,6,complete,0.1325,53205.9
1255,5,70,916,884.114,70,916,13,0.4886,817.3,0.3218,19,complete,0.1893,53231.9
1256,3,67,1000,661.83,56,,9,0.5027,748.7,0.2423,58,step_limit,0.2832,53259.5
1257,4,41,757,442.598,41,757,6,0.5806,952.3,0.2929,26,complete,0.2922,53280.8
1258,5,41,481,477.828,41,481,6,0.5393,809.1,0.216,7,complete,0.1242,53293.2
1259,4,67,966,826.315,67,966,11,0.6061,883.9,0.2298,15,complete,0.2839,53320.2
1260,3,20,415,199.715,20,415,2,0.412,787.3,0.2435,29,complete,0.1789,53330.7
1261,4,45,471,538.253,45,471,6,0.4825,831.3,0.1412,12,complete,0.137,53345.0
1262,3,61,969,804.42,61,969,11,0.5057,784.3,0.2423,32,complete,0.2804,53370.3
1263,6,34,407,386.204,34,407,5,0.5672,759.4,0.2721,10,complete,0.1296,53382.7
1264,6,31,265,383.248,31,265,5,0.3623,579.9,0.0419,2,complete,0.0568,53390.0
1265,4,56,929,649.854,56,929,9,0.4933,865.4,0.2619,21,complete,0.2301,53416.4
1266,4,23,409,192.475,23,409,2,0.4236,535.1,0.5,14,complete,0.0833,53427.1
1267,3,63,1000,671.0,54,,10,0.3833,693.4,0.2763,84,step_limit,0.2271,53455.3
1268,3,39,679,511.968,39,679,7,0.4163,729.0,0.2658,34,complete,0.1875,53473.5
1269,5,70,572,892.343,70,572,11,0.5423,809.3,0.1624,9,complete,0.1379,53490.9
1270,5,39,431,436.54,39,431,5,0.5986,862.2,0.2368,13,complete,0.1385,53502.4
1271,3,74,1000,892.816,69,,12,0.3947,769.0,0.2299,59,step_limit,0.1974,53530.0
1272,5,20,214,142.375,20,214,0,0.6336,971.9,0.2218,4,complete,0.1857,53535.6
1273,3,27,605,301.794,27,605,4,0.5311,792.2,0.2211,26,complete,0.2778,53552.7
1274,3,34,633,393.716,34,633,5,0.5124,766.9,0.2265,29,complete,0.2286,53569.4
1275,3,29,708,321.488,29,708,4,0.5113,775.0,0.342,60,complete,0.2762,53589.0
1276,6,62,561,759.537,62,561,10,0.6497,967.0,0.2306,6,complete,0.1467,53604.4
1277,3,77,1000,900.626,70,,12,0.4657,751.6,0.1335,20,step_limit,0.2449,53632.6
1278,3,59,1000,538.507,47,,8,0.4927,770.6,0.3147,51,step_limit,0.32,53659.8
1279,6,39,507,432.042,39,507,6,0.6206,1035.2,0.1617,3,complete,0.1735,53673.2
1280,4,31,384,315.014,31,384,3,0.5306,770.5,0.2633,16,complete,0.125,53684.8
1281,3,36,726,400.128,36,726,5,0.5712,798.3,0.2093,27,complete,0.3038,53703.4
1282,4,39,529,445.148,39,529,5,0.5109,765.5,0.1513,5,complete,0.1581,53719.0
1283,3,43,692,543.563,43,692,7,0.4499,764.7,0.1892,34,complete,0.2329,53737.2
1284,5,25,374,249.92,25,374,3,0.6219,1003.3,0.193,7,complete,0.1727,53746.9
1285,6,74,544,977.725,74,544,13,0.4727,688.3,0.1594,3,complete,0.1088,53764.0
1286,3,76,1000,800.959,62,,12,0.4707,788.5,0.1311,26,step_limit,0.2917,53792.3
1287,6,59,579,678.799,59,579,9,0.597,886.3,0.2486,10,complete,0.1649,53807.9
1288,5,77,798,995.269,77,798,14,0.3917,677.8,0.2961,20,complete,0.1397,53831.3
1289,3,24,338,306.947,24,338,4,0.3531,609.3,0.0458,9,complete,0.1481,53839.9
1290,5,52,623,614.879,52,623,8,0.5743,865.8,0.1709,11,complete,0.1609,53858.3
1291,3,42,906,489.106,42,906,7,0.4099,763.0,0.3456,223,complete,0.2163,53881.5
1292,3,77,1000,800.152,65,,11,0.5117,754.1,0.1752,27,step_limit,0.291,53909.3
1293,5,76,934,969.695,76,934,14,0.5717,928.5,0.2759,19,complete,0.2015,53936.0
1294,6,31,317,361.103,31,317,5,0.5536,817.7,0.06,1,complete,0.1565,53944.5
1295,5,61,884,635.103,61,884,9,0.621,949.3,0.2329,10,complete,0.2881,53969.9
1296,4,50,602,657.464,50,602,9,0.451,743.7,0.2002,14,complete,0.1424,53987.3
1297,5,76,872,916.433,76,872,12,0.6181,908.9,0.2157,22,complete,0.2,54010.8
1298,5,36,350,388.444,36,350,4,0.5171,760.8,0.1678,5,complete,0.1,54021.8
1299,5,66,802,843.052,66,802,12,0.4721,779.5,0.2682,10,complete,0.1614,54043.0
1300,3,21,552,211.197,21,552,3,0.4583,714.5,0.3375,56,complete,0.2115,54058.4
1301,3,47,741,575.723,47,741,7,0.4327,779.9,0.189,39,complete,0.2148,54274.7
1302,3,58,929,748.811,58,929,10,0.4794,783.2,0.1863,38,complete,0.2661,54293.7
1303,5,61,675,745.676,61,675,10,0.6477,981.9,0.1469,5,complete,0.2238,54309.2
1304,3,67,1000,722.778,58,,10,0.4607,723.6,0.3133,71,step_limit,0.206,54336.4
1305,6,61,485,743.402,61,485,9,0.5282,783.4,0.2147,21,complete,0.0842,54349.6
1306,3,79,1000,804.303,62,,12,0.3713,712.4,0.2659,52,step_limit,0.2323,54377.3
1307,5,73,627,936.554,73,627,12,0.5333,739.8,0.1609,14,complete,0.1339,54396.0
1308,5,60,912,698.075,60,912,11,0.6167,1021.1,0.3148,20,complete,0.2545,54420.5
1309,6,77,608,991.13,77,608,13,0.5433,760.2,0.1778,5,complete,0.1322,54438.4
1310,5,72,727,943.858,72,727,13,0.5056,877.1,0.1797,11,complete,0.1817,54457.9
1311,3,60,937,757.855,60,937,10,0.4379,766.1,0.1926,38,complete,0.2735,54484.1
1312,5,59,744,705.656,59,744,10,0.6022,965.7,0.2233,35,complete,0.204,54505.5
1313,3,72,1000,666.0,56,,10,0.442,705.5,0.2629,86,step_limit,0.2778,54531.7
1314,4,67,1000,714.066,60,,11,0.5833,838.4,0.3244,30,step_limit,0.3,54559.1
1315,6,58,471,692.161,58,471,8,0.5134,851.0,0.2303,11,complete,0.0843,54572.1
1316,3,66,1000,512.241,47,,8,0.4547,740.8,0.2311,38,step_limit,0.3179,54599.6
1317,5,67,958,823.667,67,958,12,0.5685,887.9,0.3752,118,complete,0.2031,54626.7
1318,4,28,542,274.063,28,542,3,0.5946,984.0,0.3039,21,complete,0.2008,54640.6
1319,4,34,514,399.169,34,514,5,0.5107,881.6,0.2315,41,complete,0.1613,54655.6
1320,4,57,772,730.867,57,772,10,0.5703,868.3,0.1674,20,complete,0.2332,54676.1
1321,6,59,461,762.842,59,461,10,0.4082,644.2,0.1254,7,complete,0.067,54689.0
1322,4,39,556,457.565,39,556,6,0.5499,858.3,0.2348,13,complete,0.1842,54706.5
1323,6,48,432,517.155,48,432,6,0.6123,863.9,0.1571,14,complete,0.1311,54717.8
1324,5,52,453,622.013,52,453,7,0.4397,688.7,0.1792,6,complete,0.1063,54731.3
1325,5,40,387,483.775,40,387,6,0.4393,651.9,0.1165,7,complete,0.0738,54741.7
1326,3,40,798,158.45,20,,4,0.5547,744.7,0.6552,342,no_progress,0.3333,54763.6
1327,3,23,381,263.674,23,381,3,0.4847,745.3,0.2184,14,complete,0.1515,54773.8
1328,6,25,299,228.484,25,299,2,0.631,804.5,0.2374,2,complete,0.1,54781.6
1329,3,51,950,609.482,51,950,8,0.4919,787.7,0.2247,62,complete,0.3237,54807.6
1330,6,42,952,407.851,42,952,7,0.7591,1078.6,0.4176,83,complete,0.2867,54833.6
1331,6,48,624,551.81,48,624,8,0.6744,978.9,0.2633,12,complete,0.2027,54850.7
1332,5,21,395,185.94,21,395,2,0.5873,846.3,0.1829,11,complete,0.1902,54860.9
1333,6,42,607,447.38,42,607,6,0.673,899.6,0.4303,10,complete,0.1553,54878.1
1334,6,30,316,326.56,30,316,4,0.6345,902.1,0.1694,6,complete,0.1232,54886.7
1335,5,52,471,668.575,52,471,9,0.4998,669.9,0.1282,10,complete,0.1051,54901.1
1336,4,31,508,368.712,31,508,5,0.4626,733.2,0.1861,24,complete,0.1525,54914.2
1337,5,70,683,864.836,70,683,11,0.5286,739.4,0.1961,11,complete,0.1451,54934.4
1338,3,80,1000,881.147,70,,12,0.425,759.0,0.2442,95,step_limit,0.2222,54960.9
1339,5,74,706,951.18,74,706,13,0.5142,723.6,0.1374,13,complete,0.1536,54981.4
1340,5,77,1000,825.013,72,,12,0.6388,892.8,0.3457,20,step_limit,0.2526,55009.5
1341,5,30,341,345.283,30,341,4,0.3601,571.5,0.248,10,complete,0.0458,55018.9
1342,6,59,565,693.642,59,565,9,0.6531,1021.6,0.2795,6,complete,0.1756,55035.6
1343,5,28,446,263.879,28,446,3,0.526,843.7,0.2892,12,complete,0.1621,55047.0
1344,4,48,747,600.012,48,747,8,0.5311,831.9,0.2805,47,complete,0.2231,55068.0
1345,3,61,910,780.066,61,910,10,0.4667,753.2,0.1878,29,complete,0.2802,55091.9
1346,4,54,601,685.375,54,601,9,0.4846,701.8,0.1499,12,complete,0.1684,55109.2
1347,4,68,1000,828.859,65,,12,0.594,894.6,0.1947,19,step_limit,0.2632,55137.5
1348,4,25,303,305.048,25,303,4,0.5239,717.7,0.1557,5,complete,0.1402,55145.4
1349,6,33,358,371.12,33,358,5,0.6043,847.2,0.1037,1,complete,0.1379,55155.1
1350,4,70,737,885.686,70,737,11,0.4413,717.7,0.2142,17,complete,0.1757,55176.3
1351,4,42,419,512.745,42,419,6,0.4183,726.1,0.1253,13,complete,0.1508,55390.7
1352,3,30,702,352.35,30,702,5,0.5366,781.5,0.3719,57,complete,0.2488,55405.1
1353,3,55,1000,593.658,49,,9,0.4463,717.6,0.3247,49,step_limit,0.2697,55424.2
1354,4,25,484,242.88,25,484,3,0.5863,956.9,0.2273,18,complete,0.2455,55434.9
1355,4,54,701,687.804,54,701,9,0.3873,576.4,0.227,24,complete,0.117,55453.5
1356,6,76,753,986.194,76,753,14,0.6142,1045.2,0.251,9,complete,0.1478,55475.2
1357,4,61,1000,545.331,54,,8,0.6395,996.1,0.2949,55,step_limit,0.3522,55502.1
1358,5,36,400,417.125,36,400,5,0.5235,874.3,0.1707,10,complete,0.1345,55513.0
1359,3,38,963,429.584,38,963,6,0.5344,765.3,0.2117,52,complete,0.3123,55538.8
1360,4,22,451,225.124,22,451,3,0.4096,806.6,0.2164,13,complete,0.1755,55550.6
1361,3,53,996,664.05,53,996,9,0.505,789.0,0.1426,29,complete,0.3056,55577.7
1362,3,69,1000,755.717,60,,11,0.44,673.9,0.1971,28,step_limit,0.2629,55605.5
1363,6,80,717,1025.495,80,717,14,0.6065,946.0,0.1428,8,complete,0.1597,55624.9
1364,4,73,1000,881.063,69,,13,0.5793,826.0,0.1584,14,step_limit,0.3,55652.5
1365,6,36,342,374.663,36,342,4,0.6296,974.7,0.2023,9,complete,0.1408,55661.9
1366,4,76,1000,904.026,71,,13,0.5593,900.8,0.1835,18,step_limit,0.2613,55689.6
1367,5,75,552,1005.453,75,552,13,0.4388,691.8,0.1525,12,complete,0.0981,55706.8
1368,6,47,363,528.888,47,363,6,0.5482,828.0,0.0966,7,complete,0.1026,55716.9
1369,5,68,661,882.45,68,661,12,0.5994,912.8,0.1747,11,complete,0.1648,55736.4
1370,5,48,715,557.219,48,715,8,0.6562,978.2,0.345,26,complete,0.227,55755.1
1371,6,24,286,240.34,24,286,3,0.5548,788.3,0.0744,0,complete,0.1395,55763.0
1372,6,55,455,619.191,55,455,7,0.6392,919.6,0.2585,10,complete,0.1111,55777.1
1373,4,23,371,251.351,23,371,3,0.5694,727.1,0.1491,11,complete,0.1512,55786.6
1374,3,27,924,283.224,27,924,4,0.4957,770.5,0.4826,260,complete,0.3153,55811.6
1375,4,63,1000,765.308,62,,11,0.5942,981.2,0.1942,31,step_limit,0.2927,55838.0
1376,6,56,509,722.114,56,509,10,0.6107,904.5,0.1007,1,complete,0.1415,55854.2
1377,4,60,1000,723.86,58,,11,0.583,963.1,0.2294,36,step_limit,0.2739,55881.7
1378,3,73,1000,805.115,64,,11,0.4017,746.8,0.2329,34,step_limit,0.2073,55907.7
1379,4,49,575,624.755,49,575,8,0.5022,784.9,0.187,24,complete,0.1364,55924.2
1380,4,67,751,897.005,67,751,12,0.4271,687.6,0.2459,16,complete,0.1366,55944.8
1381,4,63,718,866.753,63,718,12,0.4572,842.0,0.184,14,complete,0.1532,55965.8
1382,4,74,1000,808.805,67,,12,0.6158,926.0,0.2334,21,step_limit,0.2936,55993.9
1383,4,48,756,551.435,48,756,7,0.6062,870.6,0.2077,18,complete,0.225,56014.0
1384,6,26,345,233.277,26,345,3,0.7353,851.2,0.2597,3,complete,0.1667,56024.2
1385,4,38,534,461.577,38,534,6,0.4995,743.6,0.2377,16,complete,0.1703,56038.7
1386,3,20,414,192.875,20,414,2,0.4106,599.5,0.265,26,complete,0.2593,56049.4
1387,5,36,450,361.986,36,450,4,0.6293,891.4,0.3249,13,complete,0.1508,56062.4
1388,3,50,1000,625.582,49,,9,0.4877,796.7,0.2185,37,step_limit,0.3009,56089.4
1389,4,77,782,1000.445,77,782,13,0.4786,733.8,0.1167,10,complete,0.182,56110.9
1390,6,20,217,133.67,20,217,0,0.5591,603.6,0.1271,2,complete,0.1094,56117.9
1391,6,64,473,791.554,64,473,10,0.5462,770.7,0.175,7,complete,0.1033,56131.3
1392,4,63,751,788.125,63,751,10,0.5353,757.2,0.2283,22,complete,0.1644,56152.5
1393,6,76,800,907.347,76,800,12,0.6783,1005.1,0.3372,24,complete,0.1615,56175.0
1394,5,23,358,242.73,23,358,3,0.6369,967.2,0.1858,12,complete,0.186,56185.7
1395,4,25,349,239.976,25,349,2,0.5516,792.9,0.1665,6,complete,0.1105,56194.9
1396,4,59,886,684.465,59,886,9,0.6304,905.9,0.2655,35,complete,0.2477,56219.9
1397,6,49,342,596.778,49,342,7,0.5658,779.1,0.1807,9,complete,0.1127,56229.7
1398,5,66,659,868.376,66,659,12,0.4756,754.1,0.2378,14,complete,0.1215,56247.5
1399,3,69,1000,734.7,60,,10,0.5097,791.9,0.207,38,step_limit,0.3333,56274.9
1400,3,50,950,636.074,50,950,9,0.5116,795.2,0.2663,40,complete,0.2997,56298.6
1401,6,71,512,890.286,71,512,11,0.4508,718.2,0.2241,6,complete,0.0767,56515.4
1402,4,44,556,580.933,44,556,8,0.5409,835.6,0.1653,13,complete,0.1721,56531.5
1403,4,67,1000,726.179,64,,10,0.596,1042.0,0.2395,26,step_limit,0.2927,56559.5
1404,5,45,467,544.25,45,467,7,0.5366,753.4,0.2035,18,complete,0.0986,56571.7
1405,4,39,724,436.414,39,724,6,0.6378,1048.2,0.2879,33,complete,0.2562,56592.3
1406,4,67,976,860.781,67,976,12,0.49,788.3,0.2956,42,complete,0.1786,56617.8
1407,6,73,1000,734.052,67,,12,0.6778,1118.5,0.3891,20,step_limit,0.2247,56645.8
1408,6,61,460,775.275,61,460,10,0.6105,916.7,0.0786,4,complete,0.1155,56660.4
1409,6,73,529,962.564,73,529,13,0.557,829.1,0.131,9,complete,0.0994,56675.1
1410,5,74,929,889.503,74,929,12,0.6456,946.5,0.2173,7,complete,0.225,56701.4
1411,4,29,505,309.662,29,505,4,0.603,901.1,0.2809,32,complete,0.1926,56714.7
1412,6,25,340,221.56,25,340,2,0.6225,825.0,0.242,5,complete,0.1744,56725.4
1413,3,67,1000,722.749,60,,10,0.5493,777.1,0.2172,39,step_limit,0.3278,56751.6
1414,4,55,948,683.345,55,948,10,0.6203,1058.7,0.2802,33,complete,0.2659,56777.9
1415,3,54,1000,478.211,46,,7,0.504,780.3,0.3542,155,step_limit,0.3019,56805.0
1416,6,23,274,215.36,23,274,2,0.6411,802.5,0.1205,3,complete,0.1126,56812.3
1417,6,70,608,854.423,70,608,11,0.4841,681.7,0.2892,7,complete,0.1079,56830.4
1418,5,37,702,339.427,37,702,5,0.6972,1067.4,0.313,11,complete,0.2545,56848.7
1419,3,42,739,529.901,42,739,7,0.4741,749.9,0.1883,22,complete,0.1564,56869.3
1420,6,49,360,547.686,49,360,6,0.525,741.1,0.1063,5,complete,0.1014,56879.7
1421,5,31,293,388.753,31,293,5,0.4608,730.8,0.138,12,complete,0.0735,56889.0
1422,4,45,539,556.813,45,539,7,0.6113,815.4,0.2056,14,complete,0.1827,56903.6
1423,6,34,313,407.673,34,313,5,0.4947,716.8,0.1742,7,complete,0.0912,56912.3
1424,4,23,343,209.567,23,343,2,0.6472,815.6,0.2314,18,complete,0.2557,56922.6
1425,4,56,1000,581.05,50,,10,0.5853,883.8,0.347,30,step_limit,0.2798,56948.7
1426,6,80,739,984.14,80,739,13,0.5904,895.9,0.2424,10,complete,0.1267,56970.3
1427,6,76,438,958.791,76,438,11,0.4661,677.4,0.1755,6,complete,0.0933,56983.0
1428,6,31,337,351.348,31,337,5,0.6459,1014.1,0.1579,2,complete,0.1218,56993.5
1429,3,48,943,581.079,48,943,8,0.5076,779.3,0.2097,22,complete,0.305,57017.8
1430,3,37,706,447.188,37,706,6,0.4958,710.9,0.158,19,complete,0.2857,57037.4
1431,5,26,707,197.035,26,707,3,0.7355,1127.9,0.3954,42,complete,0.3072,57055.3
1432,6,72,646,828.607,72,646,10,0.6463,962.9,0.1867,4,complete,0.1445,57074.2
1433,3,67,1000,734.396,60,,10,0.4817,750.1,0.19,27,step_limit,0.2758,57101.9
1434,5,69,723,890.024,69,723,12,0.4188,597.9,0.2607,23,complete,0.0929,57121.5
1435,6,40,400,457.87,40,400,6,0.5108,741.1,0.2068,8,complete,0.1175,57133.5
1436,3,52,877,667.892,52,877,9,0.447,716.8,0.1395,19,complete,0.2724,57156.1
1437,3,25,590,287.38,25,590,4,0.404,742.6,0.2527,41,complete,0.1808,57172.8
1438,6,45,315,536.247,45,315,6,0.4217,599.0,0.0799,2,complete,0.071,57181.7
1439,6,68,692,861.318,68,692,12,0.6007,841.3,0.3022,18,complete,0.1304,57202.0
1440,4,31,488,362.338,31,488,5,0.5036,847.1,0.2035,11,complete,0.192,57214.8
1441,3,60,1000,389.52,42,,6,0.509,681.4,0.3916,166,step_limit,0.2929,57242.1
1442,5,23,355,230.663,23,355,3,0.578,816.2,0.2533,10,complete,0.1571,57251.3
1443,3,58,1000,649.883,54,,9,0.528,781.2,0.2426,57,step_limit,0.2827,57278.8
1444,4,65,907,802.938,65,907,11,0.556,939.7,0.1738,11,complete,0.2303,57304.4
1445,3,45,902,578.96,45,902,8,0.34,522.1,0.3814,211,complete,0.1497,57328.5
1446,3,50,969,630.656,50,969,9,0.4995,793.9,0.2759,65,complete,0.3241,57353.6
1447,6,30,271,347.5,30,271,4,0.4791,800.7,0.1112,2,complete,0.0778,57362.6
1448,3,28,570,354.518,28,570,5,0.4456,793.5,0.1568,29,complete,0.2586,57377.1
1449,6,33,363,341.02,33,363,4,0.6446,1083.7,0.1901,2,complete,0.1988,57386.9
1450,3,34,628,394.986,34,628,5,0.5111,722.3,0.2015,24,complete,0.2714,57404.9
1451,3,36,1000,274.758,30,,4,0.5673,803.6,0.5036,348,step_limit,0.3922,57619.7
1452,5,58,855,683.793,58,855,10,0.6115,906.3,0.3759,9,complete,0.2137,57644.0
1453,4,55,623,709.16,55,623,9,0.4125,712.7,0.1488,10,complete,0.1178,57660.5
1454,3,74,1000,888.72,67,,13,0.429,631.8,0.2313,33,step_limit,0.2469,57688.0
1455,3,42,637,571.14,42,637,8,0.4108,661.2,0.1473,30,complete,0.2008,57706.0
1456,4,36,628,388.747,36,628,5,0.5932,1039.4,0.2494,10,complete,0.2123,57722.3
1457,5,39,448,464.049,39,448,6,0.5955,818.9,0.2021,7,complete,0.1441,57735.7
1458,6,46,358,525.39,46,358,6,0.5605,796.0,0.1074,2,complete,0.0966,57745.6
1459,5,79,958,987.967,79,958,14,0.6013,939.1,0.2157,10,complete,0.2381,57772.9
1460,6,73,748,882.43,73,748,12,0.6553,958.6,0.2197,7,complete,0.1733,57793.3
1461,3,79,1000,551.604,50,,8,0.5313,702.8,0.4756,304,step_limit,0.2523,57820.3
1462,4,42,1000,438.124,41,,7,0.6222,997.4,0.4209,138,step_limit,0.2896,57847.2
1463,4,46,585,592.061,46,585,8,0.538,737.7,0.2618,29,complete,0.1313,57863.1
1464,5,22,397,183.536,22,397,2,0.5194,861.7,0.249,21,complete,0.1619,57874.9
1465,5,27,718,241.915,27,718,4,0.693,980.1,0.4059,41,complete,0.2154,57893.3
1466,4,49,716,602.168,49,716,8,0.5716,909.1,0.2337,14,complete,0.181,57913.7
1467,3,45,898,517.967,45,898,7,0.5256,765.6,0.2872,74,complete,0.3402,57938.6
1468,5,68,549,873.851,68,549,11,0.5133,735.7,0.0831,9,complete,0.1105,57953.7
1469,3,36,641,438.212,36,641,6,0.5112,756.3,0.2029,31,complete,0.2178,57972.2
1470,4,31,672,324.759,31,672,5,0.5647,977.8,0.2923,35,complete,0.2292,57990.0
1471,5,62,703,729.1,62,703,10,0.6222,977.1,0.2046,8,complete,0.2019,58010.9
1472,5,31,367,338.36,31,367,4,0.5717,840.3,0.156,12,complete,0.1412,58020.8
1473,4,75,1000,729.387,63,,11,0.4685,661.9,0.4093,47,step_limit,0.2168,58048.9
1474,6,78,681,1012.417,78,681,14,0.5822,836.2,0.1562,6,complete,0.1797,58067.9
1475,5,46,925,401.478,46,925,6,0.6603,1057.2,0.3386,16,complete,0.2822,58093.9
1476,4,54,1000,599.8,52,,8,0.504,820.5,0.2995,56,step_limit,0.2188,58121.3
1477,4,61,1000,698.164,59,,10,0.6012,882.9,0.2627,11,step_limit,0.3415,58148.7
1478,5,45,640,527.333,45,640,7,0.6637,946.0,0.2665,17,complete,0.1854,58165.8
1479,3,80,1000,752.256,61,,11,0.499,763.9,0.2061,53,step_limit,0.3172,58193.3
1480,5,39,548,390.279,39,548,5,0.6193,929.1,0.2762,10,complete,0.2338,58209.8
1481,3,70,1000,716.634,56,,11,0.47,743.2,0.1675,21,step_limit,0.2982,58235.6
1482,3,62,1000,743.406,59,,10,0.374,665.7,0.231,24,step_limit,0.2196,58263.4
1483,4,39,1000,379.836,38,,6,0.6358,1066.1,0.4133,23,step_limit,0.2876,58290.7
1484,6,69,539,826.486,69,539,10,0.5968,828.6,0.2402,12,complete,0.1503,58305.5
1485,4,51,666,651.47,51,666,9,0.5454,834.4,0.2142,16,complete,0.1895,58324.8
1486,5,66,995,713.947,66,995,10,0.6621,1054.2,0.2911,11,complete,0.2625,58352.3
1487,3,37,771,462.727,37,771,7,0.4003,674.3,0.1442,41,complete,0.2431,58372.0
1488,4,62,1000,632.929,52,,10,0.5765,891.2,0.3709,155,step_limit,0.2522,58399.6
1489,3,24,668,260.073,24,668,4,0.4561,777.9,0.3487,83,complete,0.254,58418.5
1490,4,77,1000,936.561,75,,13,0.5925,829.9,0.2121,14,step_limit,0.2392,58444.6
1491,6,59,449,792.057,59,449,11,0.5865,907.7,0.1813,6,complete,0.118,58453.8
1492,5,60,649,703.858,60,649,9,0.6484,956.1,0.166,7,complete,0.192,58466.6
1493,3,29,670,342.386,29,670,5,0.4055,752.3,0.1447,33,complete,0.2438,58481.0
1494,3,78,1000,889.085,69,,12,0.3963,653.6,0.2173,38,step_limit,0.2333,58500.4
1495,4,34,454,379.287,34,454,4,0.5198,841.8,0.2789,15,complete,0.1121,58509.6
1496,6,31,419,273.712,31,419,3,0.5927,903.3,0.2454,3,complete,0.1394,58519.1
1497,6,57,539,693.039,57,539,9,0.6088,970.0,0.1954,5,complete,0.1578,58529.9
1498,4,27,544,264.596,27,544,4,0.5528,835.2,0.3223,20,complete,0.2339,58540.4
1499,5,31,704,257.719,31,704,4,0.6452,1070.1,0.3454,8,complete,0.2769,58555.2
1500,3,50,908,644.324,50,908,9,0.4493,788.4,0.1562,68,complete,0.2789,58572.5
