episode,steps,reward,delivered,completion_rate,makespan,idle_drones,deliv_min,deliv_max,deliv_std,reloads,blocked,comm_loss,alpha,loss_critic,loss_actor,env_steps,wall_sec
1,1000,-146.4528,0,0.0,,4,0,0,0.0,0,7,0,0.1,nan,nan,1000,1.8
2,1000,-137.4492,0,0.0,,4,0,0,0.0,0,12,0,0.1,nan,nan,2000,3.0
3,1000,-159.5232,0,0.0,,4,0,0,0.0,0,9,0,0.1,nan,nan,3000,4.2
4,1000,-160.2694,0,0.0,,4,0,0,0.0,0,5,0,0.1,nan,nan,4000,5.4
5,1000,-153.9142,0,0.0,,4,0,0,0.0,0,5,0,0.1,nan,nan,5000,6.7
6,1000,86.9853,14,0.28,,1,0,5,2.0616,0,11,0,0.08595,0.039769,0.514329,6000,13.4
7,1000,112.587,19,0.38,,0,4,5,0.433,0,135,0,0.074029,1.108401,0.327676,7000,19.2
8,1000,91.1074,15,0.3,,0,2,5,1.299,0,659,0,0.064798,1.182761,-0.199184,8000,25.2
9,1000,128.7902,19,0.38,,0,4,5,0.433,0,1296,0,0.057317,2.062026,-0.551524,9000,31.3
10,1000,144.5579,19,0.38,,0,4,5,0.433,0,1254,0,0.051115,1.10548,-0.755388,10000,37.2
11,1000,101.1958,16,0.32,,0,2,5,1.2247,0,1726,0,0.046791,1.023647,-1.698687,11000,43.4
12,1000,114.2196,18,0.36,,0,4,5,0.5,0,1734,0,0.04318,1.143179,-1.711084,12000,49.5
13,1000,103.8008,17,0.34,,0,3,5,0.8292,0,1828,0,0.040584,1.64891,-1.605575,13000,55.8
14,1000,130.4591,17,0.34,,0,2,5,1.299,0,295,0,0.041013,1.201705,-2.56318,14000,61.8
15,1000,115.9556,17,0.34,,0,3,5,0.8292,0,1026,0,0.038493,1.571383,-3.027638,15000,67.7
16,1000,25.6441,8,0.16,,1,0,5,1.8708,0,794,0,0.038402,2.059306,-4.148105,16000,73.9
17,1000,83.6863,13,0.26,,0,1,5,1.7854,0,792,0,0.039877,2.34867,-4.587139,17000,80.1
18,1000,60.9712,12,0.24,,0,1,5,1.5811,0,1525,0,0.041877,1.858699,-7.138031,18000,86.5
19,1000,134.7383,18,0.36,,0,3,5,0.866,0,1319,0,0.043634,1.297392,-7.942608,19000,92.6
20,1000,155.5812,20,0.4,,0,5,5,0.0,0,953,0,0.045779,1.947114,-7.743231,20000,98.6
21,1000,136.9902,19,0.38,,0,4,5,0.433,0,1013,0,0.047399,2.246566,-9.706463,21000,104.7
22,1000,127.4665,17,0.34,,0,3,5,0.8292,0,1042,0,0.049547,2.65415,-9.609013,22000,110.9
23,1000,93.7727,15,0.3,,0,2,5,1.0897,0,1377,0,0.052071,4.448533,-10.676682,23000,117.0
24,1000,124.0839,17,0.34,,0,2,5,1.299,0,1044,0,0.057738,2.684553,-10.765417,24000,123.1
25,1000,127.6741,18,0.36,,0,3,5,0.866,0,1159,0,0.06217,2.674012,-12.12922,25000,129.2
26,1000,102.7311,15,0.3,,0,3,5,0.8292,0,510,0,0.06408,1.693973,-11.767257,26000,135.5
27,1000,177.7733,19,0.38,,0,4,5,0.433,0,110,0,0.062229,3.816175,-12.894786,27000,141.6
28,1000,121.5285,15,0.3,,0,1,5,1.6394,0,587,0,0.059305,2.551937,-13.727201,28000,147.5
29,1000,89.6507,14,0.28,,0,1,5,1.5,0,484,0,0.057151,1.346192,-12.401682,29000,153.7
30,1000,142.9854,18,0.36,,0,3,5,0.866,0,784,0,0.054791,7.261703,-15.423418,30000,159.9
31,1000,162.9494,20,0.4,,0,5,5,0.0,0,405,0,0.052678,1.778127,-17.269501,31000,166.0
32,1000,140.3476,18,0.36,,0,3,5,0.866,0,221,0,0.05051,1.985554,-14.101861,32000,172.0
33,1000,112.5705,16,0.32,,0,3,5,0.7071,0,1136,0,0.050304,5.900395,-14.438301,33000,178.2
34,1000,132.7342,17,0.34,,0,4,5,0.433,0,513,0,0.049956,2.502507,-16.085054,34000,184.4
35,1000,93.5456,17,0.34,,0,3,5,0.8292,0,2243,0,0.05155,3.512686,-18.127529,35000,190.6
36,1000,75.5519,15,0.3,,0,3,5,0.8292,0,2077,0,0.049223,2.540142,-17.311253,36000,196.8
37,1000,89.0098,16,0.32,,0,2,5,1.2247,0,1525,0,0.048072,2.535221,-17.920975,37000,202.8
38,1000,82.9628,11,0.22,,0,1,5,1.479,0,339,0,0.047075,1.539855,-19.70528,38000,208.9
39,1000,116.3693,16,0.32,,0,2,5,1.2247,0,601,0,0.044432,3.20753,-19.987251,39000,215.0
40,1000,89.5417,12,0.24,,0,1,5,1.5811,0,367,0,0.042664,1.884731,-22.025698,40000,220.8
41,1000,115.7334,16,0.32,,0,2,5,1.2247,0,453,0,0.042205,0.883361,-19.924053,41000,226.7
42,1000,133.7341,16,0.32,,0,3,5,0.7071,0,359,0,0.041977,1.272071,-20.006905,42000,232.8
43,1000,123.0996,15,0.3,,0,2,5,1.0897,0,482,0,0.042068,1.709586,-23.510269,43000,238.7
44,1000,163.6331,18,0.36,,0,4,5,0.5,0,218,0,0.041159,3.133935,-23.829617,44000,244.4
45,1000,166.8764,20,0.4,,0,5,5,0.0,0,317,0,0.040147,0.964519,-22.074398,45000,250.2
46,1000,156.2721,19,0.38,,0,4,5,0.433,0,754,0,0.03953,0.805254,-22.321075,46000,256.1
47,1000,120.6331,16,0.32,,0,2,5,1.2247,0,904,0,0.039248,2.333182,-21.005615,47000,262.2
48,1000,101.3674,15,0.3,,0,2,5,1.299,0,1307,0,0.038888,2.064212,-24.909895,48000,268.4
49,1000,118.744,16,0.32,,0,3,5,1.0,0,807,0,0.038204,2.127299,-23.438812,49000,274.6
50,1000,154.195,18,0.36,,0,3,5,0.866,0,572,0,0.0372,2.031312,-24.791126,50000,280.7
51,1000,169.1012,20,0.4,,0,5,5,0.0,0,797,0,0.036408,0.813586,-21.093868,51000,286.7
52,1000,122.2118,16,0.32,,0,3,5,0.7071,0,466,0,0.036219,1.023772,-24.235172,52000,292.7
53,1000,92.5642,15,0.3,,0,2,5,1.299,0,969,0,0.03581,1.254958,-23.939013,53000,298.5
54,1000,144.1954,16,0.32,,0,2,5,1.2247,0,7,0,0.039302,2.093708,-22.525578,54000,304.3
55,1000,112.0275,15,0.3,,0,2,5,1.299,0,586,0,0.041517,1.680459,-22.447018,55000,310.1
56,1000,111.905,16,0.32,,0,3,5,1.0,0,1083,0,0.03942,1.172658,-24.659525,56000,315.9
57,1000,174.5254,19,0.38,,0,4,5,0.433,0,2,0,0.036939,2.572721,-21.965738,57000,321.7
58,1000,112.814,17,0.34,,0,3,5,0.8292,0,931,0,0.034719,0.548881,-23.439682,58000,327.8
59,1000,71.3274,9,0.18,,2,0,5,2.2776,0,225,0,0.032573,0.945571,-22.887543,59000,333.9
60,1000,119.4092,15,0.3,,0,2,5,1.299,0,678,0,0.03055,1.257731,-23.220772,60000,339.7
61,1000,117.9351,19,0.38,,0,4,5,0.433,0,1865,0,0.028789,0.58779,-23.928398,61000,345.5
62,1000,103.6085,17,0.34,,0,2,5,1.299,0,1835,0,0.027582,1.099205,-22.328323,62000,351.5
63,1000,75.812,12,0.24,,0,1,5,1.5811,0,1129,0,0.026993,1.211207,-23.169228,63000,357.5
64,1000,119.967,16,0.32,,0,3,5,1.0,0,884,0,0.026654,0.955545,-23.147305,64000,363.4
65,1000,69.6385,14,0.28,,0,1,5,1.6583,0,351,0,0.02627,0.768743,-22.750786,65000,369.3
66,1000,113.397,16,0.32,,0,3,5,1.0,0,1130,0,0.026313,0.89479,-22.844505,66000,375.4
67,1000,142.0168,17,0.34,,0,2,5,1.299,0,256,0,0.025957,1.543848,-23.452036,67000,381.2
68,1000,56.7362,10,0.2,,0,1,5,1.6583,0,885,0,0.025917,1.256021,-23.064213,68000,387.3
69,1000,149.1283,19,0.38,,0,4,5,0.433,0,493,0,0.02589,0.829354,-24.641022,69000,393.3
70,1000,137.5291,17,0.34,,0,4,5,0.433,0,344,0,0.025378,1.109308,-22.995125,70000,399.3
71,1000,137.0808,17,0.34,,0,2,5,1.299,0,510,0,0.024968,1.202007,-24.84881,71000,405.2
72,1000,166.1339,18,0.36,,0,3,5,0.866,0,282,0,0.024313,0.555072,-26.107979,72000,411.1
73,1000,115.793,17,0.34,,0,3,5,0.8292,0,1343,0,0.024008,0.589093,-23.093563,73000,417.1
74,1000,148.2306,18,0.36,,0,4,5,0.5,0,594,0,0.023639,1.024577,-23.526844,74000,423.2
75,1000,87.1826,14,0.28,,0,2,5,1.118,0,866,0,0.023055,1.535336,-22.441723,75000,429.2
76,1000,139.304,20,0.4,,0,5,5,0.0,0,518,0,0.022898,0.40526,-23.835949,76000,435.1
77,1000,128.069,15,0.3,,0,1,5,1.6394,0,167,0,0.022469,0.601253,-23.415466,77000,441.1
78,1000,111.463,16,0.32,,0,3,5,1.0,0,449,0,0.022019,0.664752,-23.193676,78000,447.0
79,1000,134.9753,17,0.34,,0,3,5,0.8292,0,44,0,0.021874,1.512973,-22.199974,79000,452.9
80,1000,128.7807,16,0.32,,0,2,5,1.2247,0,0,0,0.021288,1.161998,-20.913891,80000,458.7
81,1000,127.5619,16,0.32,,0,1,5,1.7321,0,14,0,0.02082,0.967091,-21.427835,81000,464.4
82,1000,135.4262,16,0.32,,0,3,5,0.7071,0,320,0,0.020469,1.106146,-19.718632,82000,470.4
83,1000,88.6004,14,0.28,,0,1,5,1.6583,0,742,0,0.020202,1.784392,-20.862963,83000,476.2
84,1000,108.7724,16,0.32,,0,2,5,1.2247,0,949,0,0.019703,2.078108,-22.121628,84000,482.1
85,1000,272.7791,23,0.46,,0,3,8,1.9203,2,26,0,0.019484,1.075134,-20.163635,85000,488.1
86,1000,147.8349,18,0.36,,0,3,5,0.866,0,267,0,0.018958,0.816261,-21.216293,86000,494.1
87,1000,153.6681,19,0.38,,0,4,5,0.433,0,157,0,0.018582,0.764299,-19.962755,87000,500.0
88,1000,146.3275,19,0.38,,0,4,5,0.433,0,432,0,0.018085,1.029999,-20.502842,88000,506.0
89,1000,149.7819,19,0.38,,0,4,5,0.433,0,805,0,0.017617,0.932017,-20.134769,89000,512.0
90,1000,140.8903,17,0.34,,0,3,5,0.8292,0,355,0,0.01755,0.873109,-20.123909,90000,518.0
91,1000,116.6395,17,0.34,,0,3,5,0.8292,0,768,0,0.017273,0.957342,-19.658535,91000,524.0
92,1000,120.8436,15,0.3,,0,3,5,0.8292,0,348,0,0.016786,1.364074,-21.899563,92000,529.9
93,1000,86.4211,15,0.3,,0,1,5,1.6394,0,1830,0,0.016728,0.610054,-19.990158,93000,536.0
94,1000,99.5006,16,0.32,,0,2,5,1.2247,0,1161,0,0.016478,0.802671,-20.712032,94000,542.1
95,1000,115.41,17,0.34,,0,3,5,0.8292,0,975,0,0.016374,1.283164,-20.102888,95000,548.1
96,1000,168.136,20,0.4,,0,5,5,0.0,0,279,0,0.016002,0.983062,-19.040388,96000,553.9
97,1000,132.9629,18,0.36,,0,3,5,0.866,0,281,0,0.015826,0.466539,-19.544476,97000,559.7
98,1000,135.607,17,0.34,,0,2,5,1.299,0,292,0,0.015512,0.919887,-19.407183,98000,565.5
99,1000,135.0818,18,0.36,,0,4,5,0.5,0,636,0,0.015496,0.818339,-18.208876,99000,571.4
100,1000,152.0879,20,0.4,,0,5,5,0.0,0,169,0,0.015468,0.65468,-20.107222,100000,577.4
101,1000,156.018,20,0.4,,0,5,5,0.0,0,301,0,0.015612,1.759096,-19.727364,101000,583.6
102,1000,123.2766,18,0.36,,0,4,5,0.5,0,787,0,0.015365,0.666111,-19.096981,102000,589.8
103,1000,148.2904,20,0.4,,0,5,5,0.0,0,729,0,0.015308,0.772506,-18.036793,103000,595.7
104,1000,147.9511,19,0.38,,0,4,5,0.433,0,230,0,0.015262,0.670103,-18.22212,104000,601.6
105,1000,155.1509,20,0.4,,0,5,5,0.0,0,409,0,0.015169,1.130599,-19.145163,105000,607.6
106,1000,210.4048,22,0.44,,0,5,7,0.866,1,245,0,0.014944,1.598647,-17.981537,106000,613.6
107,1000,115.0127,16,0.32,,0,3,5,1.0,0,954,0,0.014729,0.676742,-18.490856,107000,619.7
108,1000,134.6119,19,0.38,,0,4,5,0.433,0,573,0,0.01445,0.66485,-18.464214,108000,625.5
109,1000,85.3888,16,0.32,,0,3,5,0.7071,0,1137,0,0.014494,1.000339,-18.700207,109000,631.6
110,1000,127.4713,17,0.34,,0,2,5,1.299,0,568,0,0.014391,0.794267,-16.043468,110000,637.5
111,1000,139.4821,20,0.4,,0,5,5,0.0,0,1246,0,0.014405,0.981418,-17.659475,111000,643.5
112,1000,168.6208,20,0.4,,0,5,5,0.0,0,379,0,0.014363,0.78919,-17.114616,112000,649.3
113,1000,169.462,20,0.4,,0,5,5,0.0,0,189,0,0.014192,1.285118,-15.988025,113000,655.1
114,1000,134.4197,18,0.36,,0,3,5,0.866,0,823,0,0.013944,0.668596,-16.061077,114000,661.1
115,1000,153.1965,20,0.4,,0,5,5,0.0,0,892,0,0.013977,1.083958,-16.358969,115000,667.0
116,1000,114.3522,16,0.32,,0,1,5,1.7321,0,816,0,0.013877,0.770673,-17.82827,116000,673.0
117,1000,141.9044,20,0.4,,0,5,5,0.0,0,1129,0,0.013898,0.312455,-16.915762,117000,678.8
118,1000,130.1644,18,0.36,,0,3,5,0.866,0,998,0,0.013907,1.016277,-15.433603,118000,684.9
119,1000,160.8915,20,0.4,,0,5,5,0.0,0,998,0,0.014,0.534168,-16.606131,119000,690.9
120,1000,113.7094,15,0.3,,0,1,5,1.6394,0,384,0,0.014054,0.659381,-17.400291,120000,696.9
121,1000,122.4941,17,0.34,,0,2,5,1.299,0,533,0,0.014247,0.963383,-17.65694,121000,702.8
122,1000,169.0461,20,0.4,,0,5,5,0.0,0,129,0,0.014146,0.492396,-16.601604,122000,708.7
123,1000,111.5537,15,0.3,,1,0,5,2.1651,0,334,0,0.014053,0.690181,-17.008659,123000,714.8
124,1000,61.7816,12,0.24,,0,1,5,1.4142,0,1327,0,0.014045,0.498355,-17.600098,124000,721.0
125,1000,78.46,13,0.26,,0,1,5,1.7854,0,782,0,0.014009,0.967521,-17.553169,125000,726.9
126,1000,157.7194,20,0.4,,0,5,5,0.0,0,351,0,0.01346,0.842488,-17.090364,126000,732.6
127,1000,116.2804,16,0.32,,0,2,5,1.2247,0,834,0,0.013423,0.484807,-17.138741,127000,738.5
128,1000,102.9135,15,0.3,,1,0,5,2.1651,0,630,0,0.013472,0.834625,-16.715561,128000,744.4
129,1000,100.1088,15,0.3,,0,2,5,1.299,0,626,0,0.013394,0.919642,-17.444073,129000,750.5
130,1000,166.7201,20,0.4,,0,5,5,0.0,0,271,0,0.013053,1.242375,-17.186499,130000,756.6
131,1000,111.0264,18,0.36,,0,3,5,0.866,0,1251,0,0.013084,0.47968,-16.723835,131000,762.8
132,1000,156.4236,18,0.36,,0,3,5,0.866,0,329,0,0.01327,0.704436,-17.17828,132000,768.9
133,1000,108.8692,16,0.32,,0,1,5,1.7321,0,1371,0,0.013518,1.306978,-17.012558,133000,774.8
134,1000,114.149,17,0.34,,0,2,5,1.299,0,1314,0,0.01354,0.252153,-18.005663,134000,780.7
135,1000,158.5111,20,0.4,,0,5,5,0.0,0,141,0,0.013309,0.431285,-17.973513,135000,786.7
136,1000,152.4331,19,0.38,,0,4,5,0.433,0,693,0,0.01302,0.450382,-16.973789,136000,792.6
137,1000,163.1541,19,0.38,,0,4,5,0.433,0,427,0,0.013137,0.694218,-17.281113,137000,798.4
138,1000,127.7386,17,0.34,,0,3,5,0.8292,0,866,0,0.013405,0.498169,-16.950233,138000,804.3
139,1000,138.5784,17,0.34,,0,2,5,1.299,0,299,0,0.01363,0.308911,-16.728172,139000,810.3
140,1000,154.7565,19,0.38,,0,4,5,0.433,0,302,0,0.013584,0.394937,-16.086597,140000,816.3
141,1000,81.3152,13,0.26,,0,1,5,1.7854,0,800,0,0.013773,0.713889,-15.350924,141000,822.3
142,1000,132.6529,17,0.34,,0,2,5,1.299,0,903,0,0.01387,0.39075,-15.559872,142000,828.2
143,1000,160.3112,19,0.38,,0,4,5,0.433,0,204,0,0.01368,0.478834,-16.16655,143000,834.0
144,1000,130.5786,16,0.32,,0,1,5,1.7321,0,243,0,0.013697,0.930929,-16.829058,144000,839.8
145,1000,176.5311,20,0.4,,0,5,5,0.0,0,522,0,0.013869,0.349768,-14.268425,145000,845.6
146,1000,106.776,16,0.32,,0,2,5,1.2247,0,1328,0,0.01396,0.360076,-15.107798,146000,851.6
147,1000,152.0116,20,0.4,,0,5,5,0.0,0,707,0,0.014103,0.846211,-15.707188,147000,857.8
148,1000,162.5086,19,0.38,,0,4,5,0.433,0,683,0,0.014073,0.840758,-17.718658,148000,863.8
149,1000,120.5399,16,0.32,,0,1,5,1.7321,0,493,0,0.013939,0.388866,-16.196043,149000,869.8
150,1000,101.2197,16,0.32,,0,2,5,1.2247,0,1762,0,0.013757,1.294987,-16.745182,150000,875.6
151,1000,97.8338,13,0.26,,0,1,5,1.7854,0,262,0,0.013647,0.447919,-15.809346,151000,881.5
152,1000,171.7083,19,0.38,,0,4,5,0.433,0,285,0,0.013496,0.331557,-15.185257,152000,887.4
153,1000,172.3976,18,0.36,,0,3,5,0.866,0,137,0,0.013835,0.434857,-16.033056,153000,893.3
154,1000,106.7154,14,0.28,,0,2,5,1.5,0,201,0,0.013599,0.672603,-15.862761,154000,899.2
155,1000,143.1668,17,0.34,,0,2,5,1.299,0,351,0,0.013745,0.357728,-16.377527,155000,905.3
156,1000,115.3746,15,0.3,,1,0,5,2.1651,0,584,0,0.014063,0.412612,-15.130949,156000,911.2
157,1000,121.7318,17,0.34,,0,2,5,1.299,0,1399,0,0.014371,0.630246,-15.933018,157000,917.3
158,1000,177.0877,20,0.4,,0,5,5,0.0,0,277,0,0.014246,0.291938,-14.966566,158000,923.2
159,1000,165.8726,19,0.38,,0,4,5,0.433,0,509,0,0.014309,0.650292,-15.178282,159000,929.1
160,1000,152.5383,19,0.38,,0,4,5,0.433,0,648,0,0.014473,0.482588,-15.850786,160000,934.9
161,1000,128.6281,18,0.36,,0,3,5,0.866,0,1295,0,0.014467,0.548901,-14.660076,161000,940.8
162,1000,135.8877,17,0.34,,0,3,5,0.8292,0,492,0,0.014826,0.479837,-15.253242,162000,946.6
163,1000,174.5659,19,0.38,,0,4,5,0.433,0,122,0,0.014566,0.589479,-16.273861,163000,952.3
164,1000,113.4725,15,0.3,,0,2,5,1.299,0,650,0,0.014939,0.374069,-13.75781,164000,958.1
165,1000,105.8245,14,0.28,,1,0,5,2.0616,0,603,0,0.014819,0.600543,-14.679257,165000,963.9
166,1000,134.0381,16,0.32,,0,2,5,1.2247,0,167,0,0.014684,0.434526,-15.207314,166000,969.6
167,1000,117.6051,16,0.32,,0,1,5,1.7321,0,156,0,0.014752,0.413885,-14.204368,167000,975.3
168,1000,142.7711,17,0.34,,0,2,5,1.299,0,82,0,0.014419,0.447529,-14.247194,168000,981.1
169,1000,167.397,19,0.38,,0,4,5,0.433,0,84,0,0.014392,0.612686,-13.938065,169000,986.9
170,1000,163.7984,19,0.38,,0,4,5,0.433,0,336,0,0.014157,0.351196,-15.451537,170000,992.6
171,1000,154.8867,18,0.36,,0,3,5,0.866,0,327,0,0.014112,0.295182,-12.99544,171000,998.3
172,1000,141.601,17,0.34,,0,2,5,1.299,0,119,0,0.014054,0.789774,-15.489938,172000,1004.3
173,1000,154.3524,18,0.36,,0,3,5,0.866,0,276,0,0.014115,0.499463,-13.583315,173000,1010.3
174,1000,123.1426,16,0.32,,0,2,5,1.2247,0,804,0,0.014204,0.447391,-13.499345,174000,1016.3
175,1000,139.0964,18,0.36,,0,3,5,0.866,0,551,0,0.014079,0.553527,-14.280581,175000,1022.2
176,1000,113.7466,15,0.3,,0,2,5,1.299,0,447,0,0.014296,0.911675,-16.326797,176000,1028.1
177,1000,193.8655,17,0.34,,0,2,5,1.299,1,143,0,0.014441,0.222718,-14.036606,177000,1034.2
178,1000,135.3944,17,0.34,,0,3,5,0.8292,0,290,0,0.014555,0.526493,-14.582598,178000,1040.3
179,1000,134.7791,19,0.38,,0,4,5,0.433,0,297,0,0.014505,0.432902,-15.046198,179000,1046.5
180,1000,167.1181,19,0.38,,0,4,5,0.433,0,132,0,0.014486,0.390624,-13.524141,180000,1052.5
181,1000,162.2709,18,0.36,,0,3,5,0.866,0,377,0,0.01442,0.467523,-14.569915,181000,1058.5
182,1000,128.9944,18,0.36,,0,3,5,0.866,0,1530,0,0.014557,0.220047,-14.677048,182000,1064.4
183,1000,156.7083,19,0.38,,0,4,5,0.433,0,414,0,0.014415,0.678339,-12.777812,183000,1070.1
184,1000,174.3115,20,0.4,,0,5,5,0.0,0,8,0,0.014431,0.507023,-14.432807,184000,1076.1
185,1000,149.457,18,0.36,,0,3,5,0.866,0,389,0,0.01429,0.584312,-12.703455,185000,1082.1
186,1000,136.1581,17,0.34,,0,3,5,0.8292,0,510,0,0.014108,0.479877,-12.747546,186000,1088.2
187,1000,133.2973,18,0.36,,0,3,5,0.866,0,257,0,0.013957,0.408278,-13.318147,187000,1094.2
188,1000,127.1501,16,0.32,,0,1,5,1.7321,0,411,0,0.013973,0.217882,-12.915605,188000,1100.2
189,1000,150.8244,19,0.38,,0,4,5,0.433,0,370,0,0.014081,0.4883,-13.023889,189000,1106.4
190,1000,148.8846,18,0.36,,0,3,5,0.866,0,508,0,0.014184,0.475987,-12.354376,190000,1112.5
191,1000,144.8193,19,0.38,,0,4,5,0.433,0,851,0,0.013988,0.688252,-12.928854,191000,1118.6
192,1000,174.8569,20,0.4,,0,5,5,0.0,0,461,0,0.013946,0.235607,-12.580785,192000,1124.5
193,1000,196.2858,18,0.36,,0,3,5,0.866,1,80,0,0.013877,0.369667,-12.259485,193000,1130.6
194,1000,170.25,20,0.4,,0,5,5,0.0,0,615,0,0.013878,0.500877,-12.199808,194000,1136.9
195,1000,125.3638,17,0.34,,0,2,5,1.299,0,1171,0,0.013673,0.564082,-12.658401,195000,1143.2
196,1000,114.8591,16,0.32,,0,3,5,1.0,0,1262,0,0.013878,0.713914,-12.467312,196000,1149.4
197,1000,168.1482,19,0.38,,0,4,5,0.433,0,268,0,0.014065,0.337337,-12.225645,197000,1155.6
198,1000,167.6771,20,0.4,,0,5,5,0.0,0,625,0,0.013958,0.429343,-11.254709,198000,1161.7
199,1000,151.3527,17,0.34,,0,2,5,1.299,0,382,0,0.013836,0.503818,-11.779732,199000,1167.7
200,1000,54.5674,11,0.22,,0,1,5,1.7854,0,774,0,0.01386,0.536163,-11.504757,200000,1173.9
201,1000,220.5936,21,0.42,,0,4,7,1.0897,1,337,0,0.013864,0.82628,-11.961529,201000,1180.0
202,1000,51.535,14,0.28,,0,1,5,1.6583,0,2524,0,0.013827,0.442354,-13.158653,202000,1186.4
203,1000,114.7968,16,0.32,,0,1,5,1.7321,0,998,0,0.014111,0.776767,-10.532694,203000,1192.5
204,1000,134.3109,16,0.32,,0,3,5,1.0,0,0,0,0.014033,0.983122,-14.248105,204000,1198.6
205,1000,221.3559,20,0.4,,0,5,5,0.0,1,266,0,0.013843,0.397657,-11.985801,205000,1204.7
206,1000,138.7804,17,0.34,,0,2,5,1.299,0,227,0,0.013846,0.363264,-12.061501,206000,1210.9
207,1000,158.7427,19,0.38,,0,4,5,0.433,0,477,0,0.013861,0.466792,-11.982982,207000,1217.1
208,1000,177.2946,19,0.38,,0,4,5,0.433,0,150,0,0.013685,0.421762,-12.346476,208000,1223.2
209,1000,195.2373,19,0.38,,0,1,8,2.4875,1,631,0,0.013704,0.469664,-11.441769,209000,1229.4
210,1000,83.0775,11,0.22,,1,0,5,1.9203,0,530,0,0.013845,0.82564,-11.815635,210000,1235.6
211,1000,143.9881,17,0.34,,0,2,5,1.299,0,318,0,0.013822,0.506126,-12.025225,211000,1241.9
212,1000,169.8856,19,0.38,,0,4,5,0.433,0,241,0,0.013821,0.814288,-11.427319,212000,1248.0
213,1000,118.1384,14,0.28,,0,2,5,1.118,0,281,0,0.013834,0.415456,-12.235798,213000,1254.2
214,1000,123.6436,16,0.32,,0,1,5,1.7321,0,1017,0,0.014042,0.708708,-13.205078,214000,1260.3
215,1000,144.1555,17,0.34,,0,2,5,1.299,0,320,0,0.014034,0.644205,-12.291764,215000,1266.4
216,1000,139.2374,17,0.34,,0,2,5,1.299,0,302,0,0.014005,0.496505,-12.041038,216000,1272.7
217,1000,173.5312,20,0.4,,0,5,5,0.0,0,161,0,0.014254,0.920842,-12.05689,217000,1278.8
218,1000,157.9488,18,0.36,,0,3,5,0.866,0,261,0,0.014204,0.807148,-11.99439,218000,1285.0
219,1000,154.1664,17,0.34,,0,3,5,0.8292,0,153,0,0.01421,0.489569,-11.399184,219000,1291.1
220,1000,150.885,17,0.34,,0,2,5,1.299,0,270,0,0.014294,0.355747,-12.584194,220000,1297.2
221,1000,125.2495,17,0.34,,0,3,5,0.8292,0,1127,0,0.014194,0.67316,-11.33824,221000,1303.4
222,1000,97.0788,12,0.24,,0,1,5,1.4142,0,322,0,0.014172,1.255779,-12.634002,222000,1309.6
223,1000,162.8593,18,0.36,,0,3,5,0.866,0,49,0,0.014241,0.806397,-11.834406,223000,1315.8
224,1000,127.2642,16,0.32,,0,2,5,1.2247,0,326,0,0.014223,0.601051,-12.267262,224000,1321.9
225,1000,104.721,14,0.28,,0,1,5,1.6583,0,731,0,0.01437,0.539643,-11.887136,225000,1328.3
226,1000,104.5796,15,0.3,,0,2,5,1.0897,0,1077,0,0.014311,0.529626,-11.180487,226000,1334.6
227,1000,130.8831,16,0.32,,0,1,5,1.7321,0,544,0,0.01432,0.88225,-11.487019,227000,1340.9
228,1000,169.7836,19,0.38,,0,4,5,0.433,0,110,0,0.014186,0.639205,-11.323051,228000,1347.3
229,1000,155.2918,18,0.36,,0,4,5,0.5,0,105,0,0.014148,0.905513,-10.577552,229000,1353.5
230,1000,166.5288,18,0.36,,0,3,5,0.866,0,214,0,0.014336,0.741711,-10.759886,230000,1359.7
231,1000,155.0763,17,0.34,,0,4,5,0.433,0,223,0,0.01401,0.500636,-11.246695,231000,1365.9
232,1000,147.8648,17,0.34,,0,3,5,0.8292,0,240,0,0.013986,0.540527,-9.740857,232000,1372.2
233,1000,153.3125,17,0.34,,0,2,5,1.299,0,61,0,0.013828,0.686876,-10.193184,233000,1378.2
234,1000,202.8124,16,0.32,,0,1,5,1.7321,2,368,0,0.013396,0.493816,-11.023333,234000,1384.0
235,1000,155.215,18,0.36,,0,3,5,0.866,0,300,0,0.012872,0.697757,-10.769854,235000,1389.9
236,1000,146.6891,17,0.34,,0,2,5,1.299,0,372,0,0.012878,0.263168,-9.57467,236000,1396.1
237,1000,134.5964,15,0.3,,0,1,5,1.6394,0,343,0,0.012761,0.753503,-10.042666,237000,1402.1
238,1000,225.4495,21,0.42,,0,1,10,3.1918,1,315,0,0.012839,0.49324,-11.162477,238000,1408.2
239,1000,128.1096,18,0.36,,0,3,5,0.866,0,1016,0,0.012546,0.460922,-10.001538,239000,1414.3
240,1000,116.2125,14,0.28,,1,0,5,2.0616,0,201,0,0.012773,0.30083,-8.923567,240000,1420.4
241,1000,53.2575,12,0.24,,0,1,5,1.5811,0,88,0,0.012886,0.517677,-9.627568,241000,1426.5
242,1000,69.4596,10,0.2,,0,1,4,1.5,0,648,0,0.013146,0.523319,-10.97844,242000,1432.8
243,1000,148.819,14,0.28,,0,2,5,1.118,1,150,0,0.013442,0.352867,-10.426047,243000,1438.9
244,1000,158.8288,18,0.36,,0,3,5,0.866,0,364,0,0.013151,1.778557,-9.734093,244000,1445.0
245,1000,144.4193,17,0.34,,0,3,5,0.8292,0,0,0,0.012846,0.373603,-10.430523,245000,1451.0
246,1000,143.9688,16,0.32,,0,1,5,1.7321,0,47,0,0.013003,0.346686,-9.605728,246000,1456.8
247,1000,142.5328,16,0.32,,0,1,5,1.7321,0,24,0,0.012786,0.431976,-11.018389,247000,1462.8
248,1000,133.5746,15,0.3,,0,2,5,1.299,0,137,0,0.012799,0.431703,-9.161423,248000,1468.7
249,1000,108.9795,13,0.26,,0,1,5,1.479,0,107,0,0.012769,0.973193,-9.968182,249000,1474.9
250,1000,140.5079,17,0.34,,0,4,5,0.433,0,283,0,0.012981,0.383168,-10.378298,250000,1481.0
251,1000,147.2559,17,0.34,,0,3,5,0.8292,0,492,0,0.012933,0.278148,-9.382,251000,1487.0
252,1000,180.4987,17,0.34,,0,2,5,1.299,1,301,0,0.013004,0.459253,-10.263921,252000,1493.1
253,1000,146.6028,17,0.34,,0,3,5,0.8292,0,111,0,0.013027,0.47095,-10.473829,253000,1499.3
254,1000,178.0247,17,0.34,,0,2,6,1.479,1,61,0,0.013082,0.735151,-9.932413,254000,1505.4
255,1000,147.3456,17,0.34,,0,2,5,1.299,0,261,0,0.012842,0.686472,-9.779259,255000,1511.5
256,1000,139.2422,16,0.32,,0,1,5,1.7321,0,292,0,0.012737,0.482158,-9.003777,256000,1517.5
257,1000,228.6869,22,0.44,,0,2,10,2.8723,1,308,0,0.012777,0.688312,-10.732967,257000,1523.3
258,1000,122.5523,16,0.32,,0,1,5,1.7321,0,628,0,0.012491,0.775168,-10.681599,258000,1529.4
259,1000,128.3826,16,0.32,,0,1,5,1.7321,0,404,0,0.012403,0.562682,-11.059155,259000,1535.2
260,1000,221.208,20,0.4,,0,4,6,0.7071,1,95,0,0.012756,0.290371,-9.409444,260000,1541.0
261,1000,137.0926,17,0.34,,0,3,5,0.8292,0,741,0,0.012952,0.536095,-9.727901,261000,1547.0
262,1000,141.4671,18,0.36,,0,4,5,0.5,0,134,0,0.013049,0.55488,-9.303612,262000,1552.9
263,1000,139.9057,16,0.32,,0,1,5,1.7321,0,324,0,0.013075,0.599892,-11.415819,263000,1558.8
264,1000,155.8943,18,0.36,,0,3,5,0.866,0,119,0,0.013282,0.949021,-10.079279,264000,1564.6
265,1000,177.5103,17,0.34,,0,2,5,1.299,1,131,0,0.013168,0.405346,-8.925102,265000,1570.4
266,1000,173.0526,19,0.38,,0,4,5,0.433,0,271,0,0.013393,0.421223,-10.089394,266000,1576.5
267,1000,227.482,21,0.42,,0,1,10,3.1918,1,87,0,0.013224,0.387503,-10.395534,267000,1582.5
268,1000,131.6339,18,0.36,,0,4,5,0.5,0,333,0,0.013377,0.406857,-8.450601,268000,1588.7
269,1000,178.9531,17,0.34,,0,1,6,1.9203,1,204,0,0.013435,0.460315,-9.972857,269000,1594.6
270,1000,113.6797,14,0.28,,0,1,5,1.5,0,309,0,0.013359,0.370471,-9.808043,270000,1600.5
271,1000,114.1485,15,0.3,,0,2,5,1.299,0,561,0,0.013628,0.39955,-10.141609,271000,1606.3
272,1000,126.256,16,0.32,,0,1,5,1.7321,0,278,0,0.013716,0.479475,-9.640233,272000,1612.1
273,1000,138.7022,16,0.32,,0,3,5,1.0,0,312,0,0.01368,0.292889,-10.244423,273000,1617.8
274,1000,226.7606,21,0.42,,0,3,8,1.7854,1,30,0,0.013719,0.529108,-11.073284,274000,1623.7
275,1000,191.7116,18,0.36,,0,3,5,0.866,1,157,0,0.013677,0.66357,-8.713694,275000,1629.6
276,1000,215.5434,16,0.32,,0,1,5,1.7321,2,56,0,0.01378,0.302667,-9.889725,276000,1635.5
277,1000,126.0114,15,0.3,,0,2,5,1.299,0,408,0,0.0134,0.699462,-9.615669,277000,1641.3
278,1000,178.0367,17,0.34,,0,2,5,1.299,1,281,0,0.013273,1.298801,-10.032279,278000,1647.1
279,1000,170.7438,20,0.4,,0,5,5,0.0,0,77,0,0.013352,0.209418,-8.567785,279000,1652.8
280,1000,147.7827,16,0.32,,0,2,5,1.2247,0,77,0,0.013594,0.843293,-10.426498,280000,1658.6
281,1000,192.1825,18,0.36,,0,3,5,0.866,1,0,0,0.013463,0.827288,-9.319317,281000,1664.5
282,1000,107.3997,14,0.28,,0,1,5,1.5,0,257,0,0.013477,0.459117,-9.329012,282000,1670.4
283,1000,199.6905,18,0.36,,0,1,7,2.1794,1,3,0,0.013421,0.374733,-8.177355,283000,1676.3
284,1000,159.3527,16,0.32,,1,0,6,2.3452,1,2,0,0.013534,0.375788,-8.401438,284000,1682.2
285,1000,127.1597,13,0.26,,0,1,5,1.479,1,615,0,0.013684,0.33652,-8.753366,285000,1688.1
286,1000,177.2932,18,0.36,,0,3,5,0.866,1,249,0,0.013861,0.36305,-7.575904,286000,1694.1
287,1000,136.1467,16,0.32,,0,1,5,1.7321,0,344,0,0.013834,0.708678,-8.146158,287000,1700.0
288,1000,186.3976,18,0.36,,0,2,6,1.5,1,231,0,0.013772,0.609257,-9.167222,288000,1705.8
289,1000,159.5306,19,0.38,,0,4,5,0.433,0,257,0,0.013989,0.371786,-9.472208,289000,1711.7
290,1000,129.9514,16,0.32,,0,2,5,1.2247,0,516,0,0.014211,0.430661,-9.531263,290000,1717.6
291,1000,99.1809,12,0.24,,0,1,5,1.5811,0,383,0,0.014151,1.474186,-9.970117,291000,1723.6
292,1000,93.7483,12,0.24,,1,0,5,2.1213,0,224,0,0.014159,0.632552,-9.406479,292000,1729.4
293,1000,237.6624,19,0.38,,0,3,6,1.0897,2,51,0,0.014121,0.812772,-10.110792,293000,1735.3
294,1000,139.0648,16,0.32,,0,1,5,1.7321,0,298,0,0.014076,0.407583,-10.2043,294000,1741.1
295,1000,144.9624,17,0.34,,0,2,5,1.299,0,282,0,0.0141,0.547231,-8.766796,295000,1746.9
296,1000,119.2532,15,0.3,,0,1,5,1.6394,0,11,0,0.013879,0.43328,-8.295828,296000,1752.7
297,1000,149.5649,16,0.32,,0,3,5,1.0,0,81,0,0.013953,0.559241,-10.314795,297000,1758.4
298,1000,239.5533,19,0.38,,0,2,8,2.1651,2,236,0,0.014087,0.461629,-10.978333,298000,1764.2
299,1000,240.6973,19,0.38,,0,4,5,0.433,2,117,0,0.014051,0.610929,-10.008444,299000,1769.9
300,1000,145.87,17,0.34,,0,3,5,0.8292,0,422,0,0.013813,0.324634,-8.818425,300000,1775.8
301,1000,145.6989,17,0.34,,0,3,5,0.8292,0,477,0,0.013791,0.231006,-9.247097,301000,1781.8
302,1000,135.4247,16,0.32,,0,1,5,1.7321,0,0,0,0.013761,0.366455,-9.200697,302000,1787.5
303,1000,136.8383,15,0.3,,0,2,5,1.299,0,123,0,0.013556,0.594903,-8.424899,303000,1793.3
304,1000,172.1375,16,0.32,,0,1,5,1.7321,1,376,0,0.013508,1.346417,-9.534082,304000,1799.1
305,1000,128.7103,17,0.34,,0,2,5,1.299,0,821,0,0.013581,0.573072,-9.66778,305000,1804.8
306,1000,127.6886,16,0.32,,0,2,5,1.2247,0,65,0,0.013504,0.545141,-9.304934,306000,1810.6
307,1000,116.25,16,0.32,,0,1,5,1.7321,0,25,0,0.013214,0.3614,-8.263979,307000,1816.3
308,1000,221.8064,17,0.34,,0,2,5,1.299,2,48,0,0.013481,0.290841,-8.808661,308000,1822.0
309,1000,185.333,17,0.34,,0,2,5,1.299,1,41,0,0.013733,0.577564,-9.302662,309000,1827.7
310,1000,170.0986,16,0.32,,0,1,5,1.7321,1,226,0,0.013758,0.664133,-10.521278,310000,1833.4
311,1000,256.4995,20,0.4,,0,2,9,2.5495,2,118,0,0.013472,0.594667,-8.983577,311000,1839.2
312,1000,201.6766,19,0.38,,0,3,6,1.0897,1,175,0,0.013394,0.776905,-9.78291,312000,1844.9
313,1000,181.1265,19,0.38,,0,4,5,0.433,0,44,0,0.013423,0.617924,-8.874245,313000,1850.6
314,1000,129.4291,15,0.3,,1,0,5,2.1651,0,220,0,0.013319,0.394032,-8.96113,314000,1856.4
315,1000,118.1775,16,0.32,,0,3,5,1.0,0,228,0,0.01324,0.621115,-9.294769,315000,1862.3
316,1000,151.1878,18,0.36,,0,3,5,0.866,0,66,0,0.01314,0.394161,-8.519854,316000,1868.1
317,1000,151.2446,17,0.34,,0,2,5,1.299,0,17,0,0.013175,0.504505,-6.99907,317000,1873.8
318,1000,185.3234,16,0.32,,0,1,5,1.7321,1,21,0,0.013229,0.281514,-9.322736,318000,1879.5
319,1000,295.9333,21,0.42,,0,5,6,0.433,3,91,0,0.013256,0.473851,-7.954773,319000,1885.2
320,1000,188.1532,17,0.34,,0,2,5,1.299,1,9,0,0.013185,0.552119,-7.695446,320000,1890.9
321,1000,168.5156,18,0.36,,0,3,5,0.866,0,142,0,0.013292,0.448178,-7.970257,321000,1896.6
322,1000,152.1815,17,0.34,,0,2,5,1.299,0,199,0,0.013485,0.632845,-8.945524,322000,1902.4
323,1000,150.9223,17,0.34,,0,3,5,0.8292,0,136,0,0.013667,0.789343,-7.660768,323000,1908.2
324,1000,273.3897,22,0.44,,0,2,8,2.2913,2,99,0,0.013571,1.145513,-8.841528,324000,1914.1
325,1000,173.7674,17,0.34,,0,2,5,1.299,1,425,0,0.013599,0.696518,-9.16642,325000,1919.9
326,1000,153.5371,17,0.34,,0,3,5,0.8292,0,68,0,0.013423,0.533156,-6.822066,326000,1925.6
327,1000,189.8191,17,0.34,,0,1,6,1.9203,1,77,0,0.013137,0.471185,-8.507296,327000,1931.3
328,1000,108.1578,15,0.3,,0,2,5,1.0897,0,180,0,0.013126,0.718859,-7.309718,328000,1937.2
329,1000,173.9862,16,0.32,,0,1,5,1.7321,1,388,0,0.01329,0.252866,-7.535931,329000,1942.9
330,1000,120.2575,14,0.28,,0,2,5,1.118,0,614,0,0.013196,0.473613,-8.540531,330000,1948.8
331,1000,174.436,16,0.32,,0,1,5,1.7321,1,353,0,0.013042,0.414539,-7.575717,331000,1954.6
332,1000,120.3208,16,0.32,,0,1,5,1.7321,0,0,0,0.013351,0.311609,-8.349405,332000,1960.5
333,1000,266.4089,21,0.42,,0,1,10,3.1918,2,15,0,0.013311,0.445223,-7.290961,333000,1966.5
334,1000,7.1451,5,0.1,,2,0,4,1.6394,0,935,0,0.013374,0.578957,-7.536093,334000,1972.4
335,1000,165.266,17,0.34,,0,2,6,1.479,1,1103,0,0.013125,0.456998,-8.217322,335000,1978.3
336,1000,189.5474,18,0.36,,0,2,6,1.5,1,389,0,0.013049,0.438733,-8.046576,336000,1984.1
337,1000,92.4955,10,0.2,,1,0,5,2.0616,1,213,0,0.013025,0.573831,-8.0036,337000,1989.9
338,1000,209.2506,19,0.38,,0,2,7,1.7854,1,73,0,0.013232,0.400004,-8.503837,338000,1995.7
339,1000,191.4028,18,0.36,,0,3,5,0.866,1,262,0,0.013346,0.515006,-8.334961,339000,2001.5
340,1000,143.5355,18,0.36,,0,3,5,0.866,0,951,0,0.013376,0.424898,-8.210662,340000,2007.4
341,1000,119.9118,15,0.3,,0,2,5,1.0897,0,375,0,0.013325,0.793464,-8.205437,341000,2013.1
342,1000,205.1391,19,0.38,,0,1,8,2.4875,1,23,0,0.013384,1.131371,-8.417139,342000,2018.8
343,1000,207.2505,16,0.32,,0,1,5,1.7321,2,266,0,0.013484,1.237177,-8.65589,343000,2024.8
344,1000,152.9422,15,0.3,,1,0,5,2.1651,1,650,0,0.013336,0.596656,-7.603636,344000,2030.8
345,1000,149.9506,17,0.34,,0,2,5,1.299,0,352,0,0.013434,1.07888,-8.109556,345000,2036.5
346,1000,147.0054,14,0.28,,1,0,5,2.0616,1,184,0,0.013751,0.348581,-8.106098,346000,2042.2
347,1000,124.8179,17,0.34,,0,2,5,1.299,0,790,0,0.01352,0.613366,-8.180792,347000,2048.0
348,1000,296.1554,24,0.48,,0,1,10,4.062,2,62,0,0.013713,0.316933,-9.071024,348000,2053.7
349,1000,124.3475,15,0.3,,0,1,5,1.6394,0,770,0,0.013894,0.85723,-8.02428,349000,2059.6
350,1000,175.515,16,0.32,,1,0,9,3.2404,1,16,0,0.014022,0.559292,-8.369709,350000,2065.6
351,1000,227.8725,21,0.42,,0,1,10,3.1918,1,147,0,0.013799,0.805495,-8.200284,351000,2071.4
352,1000,128.1861,15,0.3,,0,1,5,1.6394,0,583,0,0.013902,0.667786,-9.065748,352000,2077.3
353,1000,170.0819,16,0.32,,0,1,5,1.7321,1,104,0,0.01402,0.382577,-7.007624,353000,2083.2
354,1000,155.74,17,0.34,,0,3,5,0.8292,0,95,0,0.013906,0.492334,-8.103588,354000,2088.9
355,1000,127.4002,15,0.3,,0,1,5,1.6394,0,61,0,0.014261,0.434236,-8.085667,355000,2094.7
356,1000,125.2305,15,0.3,,0,2,5,1.299,0,1,0,0.014359,0.597542,-7.986016,356000,2100.5
357,1000,249.8263,21,0.42,,0,1,9,2.8614,2,145,0,0.014373,0.877939,-8.270078,357000,2106.4
358,1000,177.9857,16,0.32,,0,1,5,1.7321,1,339,0,0.014421,0.853737,-8.71113,358000,2112.3
359,1000,136.9085,15,0.3,,1,0,5,2.1651,0,0,0,0.014392,0.576636,-8.200087,359000,2118.1
360,1000,134.3019,15,0.3,,1,0,5,2.1651,0,144,0,0.014396,0.943436,-7.146012,360000,2123.9
361,1000,154.2895,14,0.28,,1,0,5,2.0616,1,47,0,0.014312,0.380229,-8.062866,361000,2129.7
362,1000,124.5181,15,0.3,,0,1,5,1.6394,0,135,0,0.014285,0.451967,-7.558213,362000,2135.5
363,1000,221.8415,18,0.36,,0,1,7,2.1794,2,95,0,0.014322,0.993662,-8.609091,363000,2141.3
364,1000,135.7598,16,0.32,,0,1,5,1.7321,0,496,0,0.014064,0.543558,-8.573031,364000,2147.2
365,1000,218.0665,17,0.34,,0,1,6,1.9203,2,490,0,0.01412,0.47874,-7.565282,365000,2153.2
366,1000,214.579,18,0.36,,0,1,8,2.5,2,371,0,0.013847,0.376448,-7.356044,366000,2159.1
367,1000,105.9226,14,0.28,,1,0,5,2.0616,0,493,0,0.013738,0.789383,-7.446496,367000,2164.9
368,1000,125.895,16,0.32,,0,2,5,1.2247,0,858,0,0.013816,0.350376,-7.923333,368000,2170.7
369,1000,283.3551,20,0.4,,0,1,9,2.8284,3,268,0,0.013748,0.877286,-7.570105,369000,2176.5
370,1000,162.1631,16,0.32,,0,1,5,1.7321,1,16,0,0.013896,0.271953,-7.039167,370000,2182.2
371,1000,185.727,17,0.34,,0,1,6,1.9203,1,377,0,0.014045,0.357663,-8.323112,371000,2187.9
372,1000,171.6239,16,0.32,,0,1,5,1.7321,1,63,0,0.014346,0.285479,-8.171858,372000,2193.6
373,1000,183.1699,16,0.32,,0,1,6,1.8708,1,69,0,0.014605,0.281725,-8.647294,373000,2199.3
374,1000,244.7247,19,0.38,,1,0,9,3.1918,2,105,0,0.014255,0.424353,-7.102269,374000,2205.0
375,1000,200.8363,18,0.36,,1,0,10,3.6401,1,4,0,0.014203,0.662225,-7.684422,375000,2210.8
376,1000,154.9355,14,0.28,,0,1,5,1.6583,1,39,0,0.014277,0.831561,-9.036309,376000,2216.5
377,1000,208.814,19,0.38,,0,1,9,2.8614,1,151,0,0.014187,0.228411,-7.260939,377000,2222.4
378,1000,162.9613,15,0.3,,0,2,6,1.7854,2,1655,0,0.014053,0.458197,-8.688705,378000,2228.3
379,1000,257.6623,20,0.4,,0,1,8,2.5495,2,38,0,0.014253,0.428791,-8.721302,379000,2234.1
380,1000,186.5273,17,0.34,,0,1,6,1.9203,1,36,0,0.014058,0.566225,-8.479585,380000,2239.8
381,1000,99.9929,14,0.28,,0,1,5,1.6583,0,687,0,0.013977,0.749386,-7.555807,381000,2245.7
382,1000,135.0463,15,0.3,,1,0,5,2.1651,0,269,0,0.01394,0.351343,-8.232445,382000,2251.4
383,1000,169.5168,15,0.3,,1,0,5,2.1651,1,0,0,0.01407,1.011668,-7.645955,383000,2257.2
384,1000,182.6275,16,0.32,,0,1,7,2.2361,1,126,0,0.014139,0.495497,-8.875611,384000,2262.9
385,1000,233.1759,18,0.36,,0,1,7,2.1794,2,108,0,0.01423,0.4321,-6.977163,385000,2268.7
386,1000,154.2886,14,0.28,,1,0,5,2.0616,1,472,0,0.014193,0.783531,-7.420263,386000,2274.4
387,1000,153.585,14,0.28,,0,1,5,1.6583,1,172,0,0.014297,0.454992,-7.185465,387000,2280.2
388,1000,283.462,19,0.38,,0,2,7,1.7854,3,0,0,0.01398,0.420037,-8.854246,388000,2285.9
389,1000,211.6864,16,0.32,,0,1,6,1.8708,2,140,0,0.013853,0.852594,-7.878099,389000,2291.6
390,1000,224.7159,18,0.36,,0,2,6,1.5,2,341,0,0.013727,0.508417,-6.969258,390000,2297.4
391,1000,109.0053,13,0.26,,1,0,5,2.0463,0,452,0,0.014064,0.42566,-6.940523,391000,2303.4
392,1000,259.2328,21,0.42,,0,1,8,2.681,2,51,0,0.013936,0.292037,-7.227834,392000,2309.3
393,1000,178.461,16,0.32,,0,1,5,1.7321,1,177,0,0.013599,0.263297,-6.952825,393000,2315.0
394,1000,168.5436,16,0.32,,0,1,5,1.7321,1,96,0,0.013841,0.727612,-7.376572,394000,2320.7
395,1000,126.9345,15,0.3,,1,0,5,2.1651,0,617,0,0.013866,0.594707,-8.13953,395000,2326.4
396,1000,85.4331,14,0.28,,0,1,5,1.6583,0,1678,0,0.013748,1.215404,-7.821383,396000,2332.2
397,1000,133.3513,16,0.32,,0,1,5,1.7321,0,749,0,0.013725,0.45085,-7.935318,397000,2338.0
398,1000,200.7292,17,0.34,,0,1,6,1.9203,2,235,0,0.013573,0.646702,-7.65327,398000,2343.7
399,1000,131.0888,15,0.3,,1,0,5,2.1651,0,172,0,0.013977,0.771104,-8.066961,399000,2349.5
400,1000,109.8055,13,0.26,,1,0,5,2.0463,0,5,0,0.014163,0.495523,-7.392251,400000,2355.2
401,1000,183.322,16,0.32,,0,3,5,1.0,1,84,0,0.014127,0.44455,-7.382843,401000,2361.0
402,1000,63.5094,13,0.26,,1,0,5,2.0463,0,2064,0,0.014286,0.294244,-8.145201,402000,2366.8
403,1000,244.6816,20,0.4,,0,1,9,2.9155,2,36,0,0.014312,0.510364,-8.162651,403000,2372.5
404,1000,127.7239,15,0.3,,0,1,5,1.6394,0,490,0,0.014362,0.60852,-7.686102,404000,2378.3
405,1000,123.168,14,0.28,,0,1,5,1.6583,0,187,0,0.013973,0.60665,-7.969511,405000,2384.1
406,1000,207.6505,19,0.38,,0,4,5,0.433,1,335,0,0.013993,0.306216,-7.979767,406000,2389.8
407,1000,98.3462,14,0.28,,0,2,5,1.118,0,1073,0,0.014158,0.453346,-7.585433,407000,2395.7
408,1000,97.1068,15,0.3,,0,2,5,1.299,0,1063,0,0.014442,0.570984,-8.274385,408000,2401.5
409,1000,165.5112,15,0.3,,0,2,5,1.299,1,108,0,0.014537,0.466217,-8.191602,409000,2407.2
410,1000,181.8437,16,0.32,,0,1,5,1.7321,1,36,0,0.014703,0.37161,-7.421975,410000,2412.9
411,1000,284.4459,21,0.42,,0,5,6,0.433,3,603,0,0.014602,0.329891,-7.361015,411000,2418.8
412,1000,310.0669,23,0.46,,0,2,8,2.4875,3,43,0,0.014552,0.433505,-7.603363,412000,2424.7
413,1000,182.0203,18,0.36,,0,3,6,1.118,1,1058,0,0.014312,0.42477,-6.712094,413000,2430.5
414,1000,243.8952,21,0.42,,0,2,9,2.4875,2,555,0,0.014147,0.765781,-8.063521,414000,2436.3
415,1000,224.5462,20,0.4,,0,2,8,2.1213,1,9,0,0.014339,0.339627,-7.272818,415000,2442.0
416,1000,110.3385,17,0.34,,0,3,5,0.8292,0,1758,0,0.014399,0.572419,-7.53458,416000,2447.8
417,1000,140.3615,15,0.3,,0,1,5,1.6394,0,1,0,0.014429,0.310173,-7.395936,417000,2453.5
418,1000,76.2497,13,0.26,,0,1,5,1.479,0,1360,0,0.014362,1.334577,-8.362856,418000,2459.4
419,1000,178.5068,17,0.34,,0,2,5,1.299,1,414,0,0.014421,0.3678,-7.538304,419000,2465.2
420,1000,154.1554,18,0.36,,0,3,5,0.866,0,335,0,0.014445,0.482554,-8.461874,420000,2471.0
421,1000,169.4182,16,0.32,,0,1,5,1.7321,1,0,0,0.014306,0.652286,-7.353459,421000,2477.0
422,1000,119.9397,15,0.3,,0,1,5,1.6394,0,662,0,0.014121,0.552597,-6.852046,422000,2482.8
423,1000,265.8915,22,0.44,,0,3,8,1.8028,2,51,0,0.014138,0.458523,-7.972512,423000,2488.7
424,1000,182.5951,16,0.32,,0,1,5,1.7321,1,31,0,0.0142,0.611815,-7.818679,424000,2494.5
425,1000,30.0036,11,0.22,,0,1,5,1.479,0,1993,0,0.014073,0.585264,-7.968236,425000,2500.4
426,1000,225.3774,17,0.34,,0,1,6,1.9203,2,163,0,0.013927,0.334353,-8.514613,426000,2506.2
427,1000,189.4897,17,0.34,,0,2,5,1.299,1,240,0,0.013813,0.311071,-6.844199,427000,2512.1
428,1000,153.0882,16,0.32,,0,1,5,1.7321,0,4,0,0.013773,0.455242,-7.985514,428000,2518.0
429,1000,193.4298,18,0.36,,0,1,8,2.5,1,223,0,0.013581,0.457274,-7.97333,429000,2524.0
430,1000,166.3789,15,0.3,,0,1,5,1.6394,1,148,0,0.013602,0.309255,-7.012569,430000,2529.9
431,1000,176.6073,16,0.32,,0,1,5,1.7321,1,38,0,0.013619,0.251957,-7.512913,431000,2535.8
432,1000,98.3979,13,0.26,,0,1,5,1.7854,0,562,0,0.013504,0.318418,-8.150155,432000,2541.6
433,1000,113.689,14,0.28,,0,1,5,1.6583,0,295,0,0.013436,0.383619,-7.554241,433000,2547.4
434,1000,217.4285,17,0.34,,0,1,6,1.9203,2,229,0,0.013584,0.249643,-7.695038,434000,2553.2
435,1000,222.7682,17,0.34,,0,1,6,1.9203,2,269,0,0.013068,0.473549,-8.374354,435000,2559.0
436,1000,132.8515,16,0.32,,0,1,5,1.7321,0,81,0,0.012884,0.860474,-7.967188,436000,2564.9
437,1000,294.0392,21,0.42,,0,1,9,2.8614,3,123,0,0.012787,0.685674,-6.656085,437000,2570.7
438,1000,228.4833,21,0.42,,0,5,6,0.433,1,80,0,0.013097,0.687161,-7.232117,438000,2576.6
439,1000,175.349,15,0.3,,1,0,5,2.1651,1,157,0,0.013402,0.513981,-7.735131,439000,2582.4
440,1000,46.1015,11,0.22,,0,1,5,1.479,0,1983,0,0.013178,0.401327,-7.264868,440000,2588.4
441,1000,189.1262,16,0.32,,0,1,5,1.7321,1,163,0,0.01333,1.22768,-7.034744,441000,2594.3
442,1000,258.9725,18,0.36,,0,1,7,2.1794,3,314,0,0.013636,0.837758,-7.704585,442000,2600.2
443,1000,237.4988,19,0.38,,1,0,9,3.1918,2,185,0,0.013356,0.366981,-7.632923,443000,2606.0
444,1000,212.558,20,0.4,,0,3,7,1.4142,1,352,0,0.013131,0.42633,-8.329704,444000,2611.8
445,1000,239.7217,20,0.4,,0,2,8,2.2361,2,371,0,0.013121,0.309468,-6.758327,445000,2617.6
446,1000,221.5514,17,0.34,,0,2,5,1.299,2,0,0,0.013114,0.41887,-6.346319,446000,2623.3
447,1000,-3.1553,9,0.18,,0,2,3,0.433,0,3255,0,0.013121,0.378603,-8.410686,447000,2629.5
448,1000,102.4476,13,0.26,,0,1,5,1.7854,0,211,0,0.012989,0.361567,-7.740399,448000,2635.4
449,1000,114.4856,13,0.26,,0,1,5,1.7854,0,378,0,0.013195,0.446853,-7.267368,449000,2641.2
450,1000,216.9019,19,0.38,,0,1,8,2.4875,1,171,0,0.013231,0.402247,-8.054664,450000,2647.1
451,1000,245.3367,16,0.32,,1,0,6,2.3452,3,88,0,0.013168,0.339284,-7.854239,451000,2653.1
452,1000,109.0661,14,0.28,,0,2,5,1.5,0,456,0,0.01316,0.309509,-8.044325,452000,2659.1
453,1000,168.8498,16,0.32,,0,2,7,2.1213,1,188,0,0.012892,0.584631,-7.233469,453000,2665.0
454,1000,259.1746,18,0.36,,0,2,6,1.5,3,218,0,0.012925,0.30537,-8.565379,454000,2670.8
455,1000,177.234,16,0.32,,0,1,6,1.8708,1,308,0,0.013082,1.191465,-8.56617,455000,2676.6
456,1000,132.5672,16,0.32,,0,1,5,1.7321,0,154,0,0.013006,0.434507,-8.352409,456000,2682.4
457,1000,213.7751,18,0.36,,0,3,5,0.866,2,544,0,0.012972,0.505899,-7.466382,457000,2688.2
458,1000,275.1472,20,0.4,,0,1,8,2.5495,3,343,0,0.013038,0.343795,-8.23608,458000,2694.0
459,1000,146.0681,15,0.3,,1,0,5,2.1651,0,94,0,0.01297,0.458519,-7.9037,459000,2700.1
460,1000,263.6669,18,0.36,,0,1,6,2.0616,3,158,0,0.013205,0.279599,-6.871517,460000,2706.1
461,1000,119.117,15,0.3,,0,2,5,1.299,0,339,0,0.01309,0.223442,-8.911072,461000,2712.2
462,1000,177.3947,16,0.32,,0,1,5,1.7321,1,362,0,0.013041,0.668934,-7.91262,462000,2718.1
463,1000,109.7491,13,0.26,,0,1,5,1.7854,1,1422,0,0.012904,0.397306,-7.620106,463000,2723.9
464,1000,184.0944,16,0.32,,0,1,5,1.7321,2,831,0,0.013032,0.628259,-7.919034,464000,2729.7
465,1000,124.7279,16,0.32,,0,1,5,1.7321,0,741,0,0.013034,0.474221,-8.24205,465000,2735.5
466,1000,247.1482,20,0.4,,1,0,8,3.0822,2,390,0,0.013151,0.554863,-8.542444,466000,2741.2
467,1000,161.1429,15,0.3,,0,1,5,1.6394,1,102,0,0.012876,0.219509,-8.511082,467000,2747.0
468,1000,256.1845,18,0.36,,0,1,7,2.1794,3,432,0,0.013133,0.651669,-7.964519,468000,2752.8
469,1000,148.4445,14,0.28,,1,0,7,2.6926,1,468,0,0.013161,0.396882,-8.001637,469000,2758.9
470,1000,191.7734,17,0.34,,0,1,6,1.9203,1,46,0,0.013255,0.390722,-8.456849,470000,2764.7
471,1000,184.5356,15,0.3,,1,0,6,2.2776,2,800,0,0.013443,0.421148,-8.943321,471000,2770.5
472,1000,222.3252,20,0.4,,0,2,8,2.1213,1,32,0,0.013524,0.387044,-7.231623,472000,2776.4
473,1000,128.1536,15,0.3,,0,1,5,1.6394,0,632,0,0.013398,0.767316,-8.7391,473000,2782.4
474,1000,199.33,18,0.36,,0,1,10,3.5,1,432,0,0.013162,0.435813,-8.435387,474000,2788.4
475,1000,248.5446,20,0.4,,0,5,5,0.0,2,272,0,0.01291,0.349781,-8.194226,475000,2794.2
476,1000,295.9323,22,0.44,,0,2,9,2.5,3,415,0,0.01342,0.446921,-7.847466,476000,2800.0
477,1000,178.0684,17,0.34,,0,1,7,2.1651,1,342,0,0.013361,0.521895,-7.226451,477000,2805.9
478,1000,289.9124,24,0.48,,0,1,9,3.3166,2,488,0,0.013362,0.338073,-7.631692,478000,2811.7
479,1000,250.9052,20,0.4,,1,0,10,3.5355,2,603,0,0.013044,0.4301,-8.040292,479000,2817.4
480,1000,300.8531,24,0.48,,0,3,10,2.5495,2,14,0,0.013004,0.329201,-8.137024,480000,2823.3
481,1000,49.8651,12,0.24,,0,1,5,2.0,0,2099,0,0.012899,0.246604,-8.104635,481000,2829.4
482,1000,343.0543,25,0.5,,0,1,10,3.3448,3,86,0,0.01289,0.794157,-8.966311,482000,2835.4
483,1000,132.6132,12,0.24,,1,0,5,2.1213,1,518,0,0.012822,0.564376,-7.528504,483000,2841.4
484,1000,216.6534,17,0.34,,0,1,6,1.9203,2,115,0,0.012901,0.473324,-7.788254,484000,2847.4
485,1000,325.269,24,0.48,,0,1,10,3.3912,3,141,0,0.012847,0.340256,-7.09375,485000,2853.1
486,1000,250.2915,19,0.38,,0,3,6,1.0897,2,135,0,0.012873,0.880258,-7.889725,486000,2858.9
487,1000,88.4225,12,0.24,,0,1,5,2.0,0,343,0,0.013107,0.590465,-9.115301,487000,2864.6
488,1000,292.1797,24,0.48,,0,1,10,3.3912,2,64,0,0.012886,0.536115,-8.466059,488000,2870.4
489,1000,113.6919,15,0.3,,0,1,5,1.6394,0,911,0,0.01286,0.583731,-8.157613,489000,2876.3
490,1000,266.9601,19,0.38,,0,1,8,2.4875,3,63,0,0.013074,0.560035,-8.872497,490000,2882.1
491,1000,99.3691,15,0.3,,0,3,5,0.8292,0,1179,0,0.013159,0.72317,-8.946066,491000,2888.0
492,1000,195.329,15,0.3,,1,0,5,2.1651,2,1,0,0.013156,0.250417,-8.561251,492000,2893.9
493,1000,221.5548,18,0.36,,0,1,8,2.5,2,458,0,0.013194,0.36598,-7.985142,493000,2899.9
494,1000,119.2281,14,0.28,,1,0,5,2.0616,0,0,0,0.013237,1.08915,-7.545326,494000,2905.9
495,1000,241.0643,19,0.38,,0,1,8,2.4875,2,376,0,0.013373,1.315808,-8.488251,495000,2911.8
496,1000,105.7603,14,0.28,,0,1,5,1.6583,0,756,0,0.013522,0.375091,-7.976836,496000,2917.6
497,1000,136.7714,16,0.32,,0,3,5,1.0,0,621,0,0.013411,0.361604,-8.266322,497000,2923.5
498,1000,139.5182,16,0.32,,0,1,5,1.7321,0,282,0,0.013341,0.270235,-8.22642,498000,2929.3
499,1000,171.7784,17,0.34,,0,2,5,1.299,1,181,0,0.013541,0.45185,-8.536368,499000,2935.1
500,1000,222.3796,21,0.42,,0,1,10,3.1918,1,558,0,0.013765,0.678193,-7.978693,500000,2940.9
501,1000,57.4797,10,0.2,,0,1,5,1.5,0,1162,0,0.013736,0.624766,-8.332539,501000,2946.8
502,1000,198.5879,17,0.34,,0,2,5,1.299,1,0,0,0.013879,0.36401,-9.079693,502000,2952.7
503,1000,133.0211,17,0.34,,0,2,5,1.299,0,78,0,0.013837,0.360542,-9.241411,503000,2958.5
504,1000,270.0757,22,0.44,,0,1,9,2.958,2,98,0,0.013898,0.593802,-8.227343,504000,2964.5
505,1000,263.8877,18,0.36,,0,1,7,2.1794,3,336,0,0.013795,0.704439,-8.763647,505000,2970.4
506,1000,120.417,16,0.32,,0,2,5,1.2247,0,130,0,0.013754,0.203673,-7.417805,506000,2976.3
507,1000,93.7312,12,0.24,,0,1,5,2.0,0,363,0,0.013848,0.510875,-7.459711,507000,2982.4
508,1000,241.9446,21,0.42,,0,2,9,2.4875,2,356,0,0.01358,0.276001,-8.659201,508000,2988.1
509,1000,232.5404,18,0.36,,0,1,7,2.1794,2,178,0,0.013713,0.806054,-9.016535,509000,2993.9
510,1000,279.246,22,0.44,,0,3,7,1.6583,2,70,0,0.013911,0.381686,-7.665834,510000,2999.6
511,1000,224.4442,21,0.42,,0,1,10,3.1918,1,371,0,0.013771,0.446142,-8.483974,511000,3005.4
512,1000,246.8869,20,0.4,,0,1,7,2.4495,2,378,0,0.013905,0.514878,-9.542221,512000,3011.4
513,1000,182.7955,17,0.34,,0,2,6,1.479,1,297,0,0.014037,0.507802,-7.563361,513000,3017.4
514,1000,195.9034,17,0.34,,0,2,6,1.479,2,698,0,0.014247,0.974406,-7.847923,514000,3023.5
515,1000,186.3582,16,0.32,,0,1,5,1.7321,1,69,0,0.014448,0.683914,-8.534147,515000,3029.5
516,1000,135.218,16,0.32,,0,1,5,1.7321,0,536,0,0.014089,0.745495,-8.773471,516000,3035.4
517,1000,102.9142,15,0.3,,0,3,5,0.8292,0,845,0,0.014219,0.49705,-8.289524,517000,3041.2
518,1000,241.3119,21,0.42,,0,1,10,3.1918,1,50,0,0.014116,0.387162,-8.491864,518000,3047.0
519,1000,196.5202,18,0.36,,0,2,6,1.5,1,255,0,0.014448,0.622131,-8.372498,519000,3053.0
520,1000,258.1226,21,0.42,,0,1,8,2.681,2,204,0,0.014587,0.368159,-9.102392,520000,3058.8
521,1000,215.2251,21,0.42,,0,1,10,3.1918,1,88,0,0.01434,0.483329,-8.394433,521000,3064.7
522,1000,172.0729,17,0.34,,0,1,8,2.4875,1,317,0,0.01419,0.878229,-8.758507,522000,3071.0
523,1000,272.8143,23,0.46,,1,0,10,3.7666,2,152,0,0.014211,0.545864,-8.480814,523000,3077.0
524,1000,266.6701,22,0.44,,1,0,9,3.5,2,48,0,0.014584,1.077774,-8.602676,524000,3082.8
525,1000,305.5435,22,0.44,,0,1,8,2.6926,3,251,0,0.014197,0.529554,-8.037256,525000,3088.6
526,1000,214.3345,19,0.38,,0,2,7,1.7854,1,3,0,0.014234,0.588005,-9.492373,526000,3094.4
527,1000,186.0292,17,0.34,,0,1,6,1.9203,1,260,0,0.014479,0.265189,-7.725161,527000,3100.2
528,1000,313.9197,25,0.5,,0,1,10,3.562,2,3,0,0.014591,0.453932,-8.511711,528000,3106.1
529,1000,280.137,23,0.46,,0,1,9,3.1125,2,221,0,0.01453,0.392893,-8.573826,529000,3111.9
530,1000,126.5454,16,0.32,,0,1,5,1.7321,0,1000,0,0.014454,0.662967,-8.827683,530000,3117.7
531,1000,223.033,18,0.36,,0,1,7,2.1794,2,294,0,0.014393,0.510024,-7.106139,531000,3123.6
532,1000,289.6091,20,0.4,,0,1,8,2.5495,3,273,0,0.014637,0.327556,-8.105724,532000,3129.6
533,1000,189.3171,17,0.34,,0,2,5,1.299,1,48,0,0.015183,0.391818,-8.513283,533000,3135.4
534,1000,192.3133,17,0.34,,0,1,6,1.9203,1,118,0,0.014825,0.286442,-9.077256,534000,3141.3
535,1000,227.3877,20,0.4,,0,1,9,2.8284,1,0,0,0.014908,0.492944,-8.874367,535000,3147.2
536,1000,211.9103,17,0.34,,0,2,5,1.299,2,398,0,0.014617,0.535907,-8.198648,536000,3153.2
537,1000,208.579,19,0.38,,0,3,8,2.0463,1,245,0,0.014498,0.449752,-7.774711,537000,3159.2
538,1000,144.453,16,0.32,,0,1,5,1.7321,0,13,0,0.014416,0.236961,-8.471912,538000,3165.1
539,1000,123.3012,15,0.3,,0,1,5,1.6394,0,53,0,0.014227,0.583726,-8.074786,539000,3170.9
540,1000,212.1756,19,0.38,,0,2,9,2.681,1,24,0,0.0141,0.585905,-7.892788,540000,3176.8
541,1000,151.9051,17,0.34,,0,2,5,1.299,0,10,0,0.014016,0.453112,-8.371929,541000,3182.8
542,1000,157.0939,16,0.32,,0,2,5,1.2247,1,452,0,0.014205,0.414142,-8.195068,542000,3188.8
543,1000,269.1635,22,0.44,,0,1,10,3.3541,2,62,0,0.014321,0.901639,-8.795235,543000,3194.7
544,1000,173.8763,17,0.34,,0,1,7,2.1651,1,161,0,0.014122,0.536516,-8.623144,544000,3200.8
545,1000,249.3796,20,0.4,,0,1,9,2.8284,2,108,0,0.014504,0.592191,-7.896488,545000,3207.0
546,1000,360.7441,28,0.56,,0,1,10,3.5355,3,380,0,0.014554,0.530948,-7.606842,546000,3213.1
547,1000,147.1001,16,0.32,,0,1,5,1.7321,0,359,0,0.014505,0.793391,-9.059475,547000,3218.9
548,1000,141.9692,16,0.32,,0,1,5,1.7321,0,220,0,0.014313,0.63519,-8.632607,548000,3224.7
549,1000,142.6833,16,0.32,,0,1,5,1.7321,0,427,0,0.014371,0.474256,-8.528825,549000,3230.5
550,1000,138.4832,15,0.3,,0,1,5,1.6394,0,104,0,0.014504,0.389017,-7.519923,550000,3236.3
551,1000,200.8267,19,0.38,,1,0,9,3.1918,1,304,0,0.014641,0.758311,-9.053843,551000,3242.1
552,1000,142.2189,16,0.32,,0,1,5,1.7321,0,75,0,0.014729,0.540858,-8.147268,552000,3248.1
553,1000,244.5183,20,0.4,,0,1,8,2.5495,2,330,0,0.014511,0.47632,-7.698137,553000,3254.1
554,1000,272.0519,23,0.46,,0,1,9,3.1125,2,251,0,0.014525,0.702323,-7.994503,554000,3260.0
555,1000,288.8993,24,0.48,,0,1,10,3.3912,2,228,0,0.014632,0.337184,-8.653273,555000,3266.0
556,1000,195.2057,16,0.32,,0,1,5,1.7321,2,122,0,0.014289,0.508836,-8.520103,556000,3271.9
557,1000,185.2356,18,0.36,,0,1,7,2.1794,1,490,0,0.014215,1.110108,-7.715691,557000,3277.8
558,1000,173.8102,17,0.34,,0,2,5,1.299,1,413,0,0.014193,0.469656,-8.173115,558000,3283.6
559,1000,135.6012,15,0.3,,0,2,5,1.0897,0,34,0,0.014094,0.399129,-7.613045,559000,3289.5
560,1000,225.5716,22,0.44,,0,2,10,2.8723,1,285,0,0.014015,0.376316,-8.782764,560000,3295.3
561,1000,283.7128,20,0.4,,0,1,9,2.8284,3,73,0,0.014052,0.277948,-8.532457,561000,3301.2
562,1000,127.2215,16,0.32,,0,1,5,1.7321,0,661,0,0.013852,0.967101,-8.604216,562000,3307.1
563,1000,273.6596,19,0.38,,0,1,7,2.2776,3,333,0,0.013886,0.725145,-8.5258,563000,3313.2
564,1000,370.774,28,0.56,,0,1,10,3.6742,3,182,0,0.013746,1.154054,-8.100633,564000,3318.9
565,1000,249.4979,21,0.42,,0,1,10,3.2692,2,423,0,0.013589,0.499239,-8.329315,565000,3324.8
566,1000,339.4591,25,0.5,,1,0,10,3.7666,3,122,0,0.013627,0.886801,-8.666128,566000,3330.7
567,1000,272.8906,21,0.42,,0,1,10,3.1918,2,84,0,0.013852,0.415264,-8.675203,567000,3336.6
568,1000,279.346,23,0.46,,1,0,10,4.0234,2,77,0,0.014052,0.411147,-8.969611,568000,3342.6
569,1000,237.5177,19,0.38,,0,1,8,2.4875,2,59,0,0.013913,0.541758,-7.893432,569000,3348.6
570,1000,114.5564,13,0.26,,1,0,5,2.0463,0,305,0,0.013889,0.631607,-7.741776,570000,3354.5
571,1000,127.9363,15,0.3,,0,1,5,1.6394,0,22,0,0.013869,0.372836,-8.351591,571000,3360.3
572,1000,76.458,11,0.22,,1,0,5,1.7854,0,1014,0,0.014013,0.473295,-8.46215,572000,3366.3
573,1000,158.3015,18,0.36,,0,4,5,0.5,1,58,0,0.014175,0.355008,-8.530249,573000,3372.1
574,1000,213.7828,20,0.4,,1,0,10,3.5355,1,134,0,0.013956,0.743982,-8.33822,574000,3378.0
575,1000,144.5316,15,0.3,,1,0,5,2.1651,0,5,0,0.014094,0.297287,-8.647279,575000,3384.0
576,1000,255.0194,21,0.42,,0,1,10,3.1918,2,180,0,0.01414,0.376035,-8.220289,576000,3390.1
577,1000,166.3004,16,0.32,,1,0,6,2.3452,1,76,0,0.014167,0.770014,-9.096455,577000,3396.0
578,1000,280.4976,21,0.42,,1,0,10,3.562,3,210,0,0.013983,0.272018,-8.770563,578000,3401.8
579,1000,129.3761,15,0.3,,1,0,5,2.1651,0,15,0,0.013979,0.579186,-8.49683,579000,3407.6
580,1000,187.3355,17,0.34,,1,0,8,2.8614,1,308,0,0.0141,0.478664,-8.031485,580000,3413.4
581,1000,340.1451,25,0.5,,0,1,10,3.2692,3,62,0,0.014099,0.705498,-9.40311,581000,3419.2
582,1000,297.8595,21,0.42,,1,0,9,3.3448,3,67,0,0.014078,0.380239,-9.280174,582000,3424.9
583,1000,122.0963,15,0.3,,0,1,5,1.6394,0,26,0,0.014266,0.536842,-8.966681,583000,3430.7
584,1000,306.2789,26,0.52,,0,2,10,3.2016,2,56,0,0.014199,0.56119,-9.243813,584000,3436.5
585,1000,318.752,24,0.48,,0,1,10,3.2404,3,205,0,0.014226,0.888741,-8.516743,585000,3442.4
586,1000,159.5332,15,0.3,,1,0,5,2.1651,1,751,0,0.014097,0.292671,-8.753954,586000,3448.3
587,1000,190.9071,19,0.38,,0,4,6,0.8292,1,722,0,0.014147,0.333193,-8.264862,587000,3454.4
588,1000,201.0415,18,0.36,,0,1,8,2.5,1,109,0,0.014053,0.614321,-8.254946,588000,3460.6
589,1000,308.2552,23,0.46,,0,2,8,2.4875,3,196,0,0.013636,0.905044,-8.05948,589000,3466.6
590,1000,140.7321,16,0.32,,0,1,5,1.7321,0,96,0,0.013592,0.862288,-9.174347,590000,3472.5
591,1000,298.6727,25,0.5,,0,1,10,3.562,2,513,0,0.013391,0.359672,-7.736098,591000,3478.3
592,1000,357.4173,27,0.54,,0,3,9,2.2776,3,25,0,0.013329,0.420284,-9.42514,592000,3484.2
593,1000,222.3732,19,0.38,,0,2,7,1.7854,2,245,0,0.013364,0.342195,-9.263431,593000,3490.0
594,1000,230.0785,17,0.34,,0,2,5,1.299,2,54,0,0.013253,0.517528,-9.743732,594000,3495.9
595,1000,152.7524,17,0.34,,0,2,5,1.299,0,365,0,0.013199,0.59995,-8.036081,595000,3501.7
596,1000,258.5724,22,0.44,,0,2,8,2.2913,2,497,0,0.01345,0.504537,-8.948843,596000,3507.6
597,1000,305.1054,24,0.48,,0,1,10,3.2404,3,253,0,0.013436,0.435714,-8.826047,597000,3513.6
598,1000,200.668,20,0.4,,0,2,8,2.1213,1,634,0,0.013597,0.36356,-8.638142,598000,3519.6
599,1000,202.3929,15,0.3,,0,1,5,1.6394,2,101,0,0.013966,0.323059,-8.317577,599000,3525.6
600,1000,300.7964,25,0.5,,0,3,10,2.586,2,291,0,0.013516,0.40924,-8.93219,600000,3531.7
601,1000,165.1382,16,0.32,,0,1,5,1.7321,1,568,0,0.013232,0.82126,-9.699386,601000,3537.7
602,1000,211.5896,17,0.34,,0,1,6,1.9203,2,348,0,0.013656,0.319203,-8.623348,602000,3543.7
603,1000,319.8969,24,0.48,,0,2,10,2.9155,3,560,0,0.01368,0.501225,-9.275603,603000,3549.6
604,1000,234.7555,19,0.38,,0,2,8,2.1651,2,34,0,0.01357,0.706248,-7.675117,604000,3555.6
605,1000,251.9493,20,0.4,,0,1,9,2.9155,2,205,0,0.013635,0.708077,-9.722891,605000,3561.4
606,1000,106.7152,15,0.3,,0,1,5,1.6394,0,960,0,0.013487,0.447324,-8.958807,606000,3567.2
607,1000,223.7754,21,0.42,,0,1,10,3.1918,1,314,0,0.01346,0.988281,-9.011816,607000,3573.1
608,1000,282.63,24,0.48,,0,1,10,3.3912,2,233,0,0.013414,0.841155,-9.93561,608000,3579.0
609,1000,176.6262,17,0.34,,0,2,6,1.479,1,141,0,0.013476,1.150727,-8.413321,609000,3584.9
610,1000,284.4074,21,0.42,,0,1,9,2.8614,3,105,0,0.013343,0.423791,-9.134665,610000,3590.9
611,1000,270.4907,23,0.46,,0,1,10,3.2692,2,296,0,0.013184,0.552568,-8.251017,611000,3596.8
612,1000,356.9243,27,0.54,,0,1,10,3.6997,3,126,0,0.013094,0.533404,-9.21763,612000,3602.5
613,1000,174.925,17,0.34,,0,1,6,1.9203,1,339,0,0.013117,0.430891,-9.00312,613000,3608.4
614,1000,306.1707,24,0.48,,0,3,8,1.8708,3,228,0,0.013209,0.274942,-8.655691,614000,3614.4
615,1000,113.5912,16,0.32,,0,1,5,1.7321,0,822,0,0.013073,0.33083,-8.826948,615000,3620.4
616,1000,224.9489,17,0.34,,0,2,5,1.299,2,392,0,0.013236,0.464974,-9.392738,616000,3626.4
617,1000,205.4169,19,0.38,,0,1,9,2.8614,1,32,0,0.013429,0.521227,-9.637985,617000,3632.3
618,1000,307.3953,23,0.46,,1,0,9,3.4911,3,112,0,0.013361,0.488176,-9.318584,618000,3638.2
619,1000,235.3868,20,0.4,,0,1,9,2.8284,2,108,0,0.013219,0.93487,-9.239674,619000,3644.2
620,1000,176.9352,16,0.32,,0,1,5,1.7321,1,40,0,0.013286,1.004544,-8.866495,620000,3650.1
621,1000,163.9251,18,0.36,,0,3,5,0.866,0,336,0,0.013683,0.746255,-8.531259,621000,3656.2
622,1000,181.5442,18,0.36,,0,3,7,1.5,1,389,0,0.013637,0.704236,-8.108292,622000,3662.3
623,1000,232.3457,18,0.36,,0,2,6,1.5,2,304,0,0.013286,0.617031,-8.664124,623000,3668.4
624,1000,187.7587,18,0.36,,0,2,7,1.8028,1,204,0,0.013457,0.501305,-8.717718,624000,3674.7
625,1000,290.9852,25,0.5,,0,1,10,3.562,2,35,0,0.013494,0.444099,-8.748071,625000,3680.6
626,1000,138.2525,16,0.32,,0,1,5,1.7321,0,621,0,0.013266,0.48343,-8.663986,626000,3686.6
627,1000,159.0233,15,0.3,,0,2,5,1.299,1,499,0,0.013403,0.693383,-8.14334,627000,3692.6
628,1000,263.4866,22,0.44,,0,1,9,2.958,2,409,0,0.013418,0.719433,-9.512338,628000,3698.5
629,1000,237.1348,22,0.44,,0,2,10,2.8723,1,137,0,0.013311,0.922001,-8.753847,629000,3704.3
630,1000,310.5754,23,0.46,,0,2,8,2.2776,3,469,0,0.013896,0.291185,-8.665995,630000,3710.4
631,1000,337.3387,26,0.52,,0,1,10,3.7749,3,422,0,0.013952,0.947731,-9.159461,631000,3716.3
632,1000,271.9695,22,0.44,,0,1,8,2.8723,2,381,0,0.014117,0.676973,-8.584015,632000,3722.2
633,1000,189.6787,17,0.34,,0,2,5,1.299,1,144,0,0.01354,0.400647,-8.433114,633000,3728.2
634,1000,300.6568,21,0.42,,1,0,10,3.562,3,96,0,0.013942,0.89699,-9.124598,634000,3734.2
635,1000,234.5778,19,0.38,,1,0,8,2.9475,2,44,0,0.014054,0.50315,-8.511053,635000,3740.1
636,1000,298.1605,22,0.44,,0,1,10,3.2016,3,187,0,0.013819,0.418927,-8.944798,636000,3745.8
637,1000,208.443,20,0.4,,0,2,8,2.1213,1,189,0,0.013404,0.813247,-9.310478,637000,3751.8
638,1000,94.7862,13,0.26,,1,0,5,1.9203,0,1,0,0.013304,0.458129,-8.688799,638000,3757.8
639,1000,102.4955,14,0.28,,0,1,5,1.5,0,0,0,0.013406,0.417493,-7.846368,639000,3763.7
640,1000,177.7501,16,0.32,,1,0,7,2.5495,1,35,0,0.013438,0.694173,-8.75417,640000,3769.4
641,1000,170.2498,16,0.32,,0,1,5,1.7321,1,82,0,0.013582,0.662279,-9.572068,641000,3775.3
642,1000,82.2133,12,0.24,,0,1,5,2.0,0,740,0,0.01346,0.926193,-8.636471,642000,3781.3
643,1000,361.0712,27,0.54,,0,1,10,3.4911,3,105,0,0.013299,0.813001,-8.763418,643000,3787.3
644,1000,222.1312,20,0.4,,0,1,9,2.8284,2,386,0,0.01351,0.530034,-8.711029,644000,3793.3
645,1000,184.7688,18,0.36,,0,1,7,2.1794,1,543,0,0.013476,0.425094,-9.774656,645000,3799.2
646,1000,215.8512,18,0.36,,0,1,7,2.2913,2,249,0,0.01371,0.317978,-8.111025,646000,3805.0
647,1000,175.434,16,0.32,,0,1,5,1.7321,1,107,0,0.013565,0.782604,-8.922981,647000,3810.7
648,1000,287.7703,21,0.42,,0,1,8,2.681,3,627,0,0.013692,0.505619,-8.375571,648000,3816.6
649,1000,119.913,15,0.3,,1,0,5,2.1651,0,365,0,0.013854,0.580667,-8.732079,649000,3822.6
650,1000,134.448,16,0.32,,0,1,5,1.7321,0,601,0,0.013738,0.571546,-9.614463,650000,3828.7
651,1000,170.3882,17,0.34,,0,1,6,1.9203,1,15,0,0.013985,0.518663,-9.27298,651000,3834.5
652,1000,278.6906,23,0.46,,0,1,9,3.1125,2,53,0,0.013941,0.592047,-9.221313,652000,3840.4
653,1000,196.5376,19,0.38,,1,0,10,3.562,1,36,0,0.014074,0.634489,-9.557053,653000,3846.2
654,1000,155.4619,15,0.3,,1,0,6,2.2776,1,458,0,0.014443,0.703925,-9.091328,654000,3852.2
655,1000,149.1048,14,0.28,,1,0,5,2.0616,1,85,0,0.014452,0.477309,-9.006496,655000,3858.2
656,1000,288.5396,21,0.42,,0,2,9,2.4875,3,204,0,0.014185,0.78594,-8.593804,656000,3864.2
657,1000,149.5469,14,0.28,,1,0,5,2.0616,1,54,0,0.01431,0.362181,-9.688439,657000,3870.4
658,1000,242.6815,20,0.4,,1,0,8,3.0822,2,410,0,0.014412,0.873196,-9.405905,658000,3876.5
659,1000,119.4007,14,0.28,,1,0,5,2.0616,0,230,0,0.01443,0.456756,-9.324941,659000,3882.8
660,1000,76.862,12,0.24,,1,0,5,2.1213,0,1181,0,0.014588,0.449148,-7.84543,660000,3889.0
661,1000,337.8717,27,0.54,,1,0,13,4.8153,3,348,0,0.014921,0.435417,-8.094923,661000,3895.1
662,1000,367.7296,28,0.56,,0,1,10,3.5355,3,70,0,0.015074,0.530294,-8.994675,662000,3900.8
663,1000,290.3407,24,0.48,,0,1,9,3.3166,2,29,0,0.014487,0.497798,-8.63466,663000,3906.6
664,1000,154.4995,15,0.3,,1,0,5,2.1651,1,405,0,0.014314,0.482887,-9.544635,664000,3912.5
665,1000,156.0526,15,0.3,,1,0,5,2.1651,1,270,0,0.014394,0.68335,-9.090359,665000,3918.4
666,1000,237.6928,20,0.4,,1,0,10,3.6056,2,124,0,0.014412,0.441046,-8.617778,666000,3924.2
667,1000,156.3837,16,0.32,,1,0,6,2.3452,1,312,0,0.014087,0.560258,-8.649047,667000,3930.0
668,1000,221.8134,19,0.38,,0,1,8,2.586,2,54,0,0.014344,0.497652,-8.552978,668000,3936.0
669,1000,151.1569,15,0.3,,1,0,5,2.1651,1,426,0,0.014203,0.477332,-8.913801,669000,3942.1
670,1000,152.2747,16,0.32,,0,1,5,1.7321,1,55,0,0.013976,0.612711,-8.49737,670000,3948.0
671,1000,206.0184,19,0.38,,1,0,10,3.562,1,204,0,0.014073,0.744279,-8.621409,671000,3954.0
672,1000,285.7876,23,0.46,,0,1,9,3.1125,2,110,0,0.013909,0.478658,-9.119116,672000,3959.7
673,1000,166.8122,17,0.34,,1,0,7,2.586,1,831,0,0.013768,0.529265,-8.07722,673000,3965.5
674,1000,106.0997,15,0.3,,0,1,5,1.6394,0,778,0,0.013717,0.613139,-9.262587,674000,3971.4
675,1000,258.0398,22,0.44,,1,0,10,3.6401,2,227,0,0.013625,0.402341,-9.213404,675000,3977.1
676,1000,155.339,14,0.28,,0,1,5,1.6583,1,307,0,0.013628,0.577033,-8.515783,676000,3982.9
677,1000,162.8233,16,0.32,,0,1,5,1.7321,1,140,0,0.013727,0.467623,-9.228641,677000,3988.6
678,1000,313.5619,23,0.46,,0,1,11,3.562,3,134,0,0.013477,0.39149,-8.155531,678000,3994.3
679,1000,171.8373,16,0.32,,0,1,6,1.8708,1,262,0,0.013664,0.64754,-8.346865,679000,4000.2
680,1000,165.9958,15,0.3,,1,0,5,2.1651,1,75,0,0.013411,0.421737,-8.82338,680000,4006.0
681,1000,228.1306,19,0.38,,1,0,9,3.1918,2,526,0,0.013278,0.371995,-7.862315,681000,4011.8
682,1000,335.1804,25,0.5,,1,0,9,3.6997,3,130,0,0.013522,0.296695,-7.884143,682000,4017.5
683,1000,259.6138,22,0.44,,1,0,10,3.6401,2,326,0,0.013565,0.540773,-8.840637,683000,4023.2
684,1000,272.7977,23,0.46,,1,0,10,3.7666,2,213,0,0.013571,0.574444,-8.543699,684000,4029.1
685,1000,229.3197,18,0.36,,1,0,7,2.6926,2,402,0,0.01393,0.477761,-9.115617,685000,4034.9
686,1000,95.8896,13,0.26,,1,0,5,2.0463,0,221,0,0.01327,0.391498,-8.458375,686000,4040.7
687,1000,295.0713,23,0.46,,1,0,9,3.4911,3,816,0,0.013033,0.68116,-9.323272,687000,4046.5
688,1000,137.413,15,0.3,,1,0,5,2.1651,0,206,0,0.01326,0.381464,-9.123845,688000,4052.3
689,1000,113.3618,15,0.3,,1,0,5,2.1651,0,482,0,0.013026,0.452172,-8.722961,689000,4058.2
690,1000,276.7682,23,0.46,,1,0,10,3.7666,2,305,0,0.013213,0.697018,-8.80496,690000,4064.0
691,1000,125.0384,15,0.3,,1,0,5,2.1651,0,168,0,0.013224,0.561025,-9.09391,691000,4069.7
692,1000,219.1947,18,0.36,,0,1,6,2.0616,2,232,0,0.01308,0.690171,-8.75016,692000,4075.6
693,1000,267.3055,22,0.44,,1,0,10,3.6401,2,713,0,0.012974,0.685548,-10.201988,693000,4081.9
694,1000,150.0452,16,0.32,,0,1,6,1.8708,1,1040,0,0.013028,0.499865,-9.50794,694000,4088.0
695,1000,136.043,13,0.26,,1,0,5,1.9203,1,541,0,0.013068,0.396046,-9.247501,695000,4093.9
696,1000,330.7503,25,0.5,,0,1,9,3.1125,3,205,0,0.01306,0.447301,-8.971625,696000,4099.8
697,1000,220.3772,20,0.4,,1,0,10,3.5355,1,521,0,0.013171,0.564795,-9.023874,697000,4105.6
698,1000,175.121,17,0.34,,1,0,7,2.586,1,421,0,0.01323,0.443795,-8.87711,698000,4111.6
699,1000,193.3546,18,0.36,,1,0,8,2.8723,1,195,0,0.013066,0.825536,-9.504969,699000,4117.6
700,1000,323.6939,25,0.5,,1,0,10,4.1458,3,774,0,0.013128,0.545997,-9.728631,700000,4123.6
701,1000,223.5415,20,0.4,,1,0,10,3.5355,1,96,0,0.013054,0.415651,-8.437326,701000,4129.6
702,1000,344.4074,25,0.5,,1,0,10,3.8971,3,184,0,0.012987,0.494636,-9.156543,702000,4135.5
703,1000,285.2962,23,0.46,,1,0,10,3.7666,2,152,0,0.013244,0.623587,-9.186872,703000,4141.4
704,1000,243.8458,19,0.38,,1,0,9,3.1918,2,56,0,0.012992,0.795232,-9.312809,704000,4147.1
705,1000,224.6088,17,0.34,,0,1,6,1.9203,2,128,0,0.012837,0.766475,-8.77427,705000,4152.8
706,1000,291.8275,22,0.44,,1,0,10,3.6401,3,125,0,0.01268,0.40525,-8.625727,706000,4158.6
707,1000,273.3595,23,0.46,,1,0,10,3.7666,2,67,0,0.012718,0.395555,-8.910402,707000,4164.5
708,1000,162.3897,16,0.32,,1,0,6,2.3452,1,262,0,0.012693,0.666542,-9.438307,708000,4170.5
709,1000,287.024,21,0.42,,1,0,9,3.3448,3,470,0,0.012808,0.365961,-7.627321,709000,4176.3
710,1000,183.6109,18,0.36,,1,0,9,3.2016,1,7,0,0.012956,0.729483,-8.59444,710000,4182.0
711,1000,86.0605,13,0.26,,1,0,5,1.9203,0,111,0,0.012818,0.51353,-8.659101,711000,4187.8
712,1000,123.1238,14,0.28,,1,0,5,2.0616,0,26,0,0.013017,0.516369,-8.578196,712000,4193.5
713,1000,122.6798,14,0.28,,1,0,5,2.0616,0,334,0,0.012766,0.606634,-9.563998,713000,4199.3
714,1000,209.6788,19,0.38,,1,0,10,3.562,1,56,0,0.012621,0.380729,-8.642557,714000,4205.0
715,1000,268.8832,21,0.42,,1,0,8,3.1125,3,394,0,0.012529,0.339994,-8.584435,715000,4210.7
716,1000,265.9747,19,0.38,,1,0,8,2.9475,3,285,0,0.012512,0.644442,-8.429976,716000,4216.5
717,1000,336.0297,25,0.5,,1,0,10,3.7666,3,417,0,0.012829,0.47725,-8.211057,717000,4222.3
718,1000,59.0173,10,0.2,,1,0,5,1.8028,0,1068,0,0.012642,0.256201,-9.023774,718000,4228.3
719,1000,113.9678,14,0.28,,1,0,5,2.0616,0,5,0,0.01244,0.396986,-8.473375,719000,4234.2
720,1000,221.5722,18,0.36,,1,0,7,2.6926,2,160,0,0.012554,0.500553,-8.350872,720000,4239.9
721,1000,241.3388,20,0.4,,1,0,8,3.0822,2,236,0,0.012441,0.241467,-8.768476,721000,4245.7
722,1000,237.3195,20,0.4,,1,0,8,3.0822,2,57,0,0.012618,0.764782,-9.645048,722000,4251.4
723,1000,115.7821,14,0.28,,0,2,5,1.5,0,567,0,0.012649,0.333863,-8.751064,723000,4257.1
724,1000,-4.6899,9,0.18,,1,0,4,1.479,0,3122,0,0.012469,0.473847,-8.996713,724000,4263.1
725,1000,201.8394,15,0.3,,1,0,6,2.2776,2,444,0,0.012398,0.256525,-9.249024,725000,4269.0
726,1000,328.8882,25,0.5,,1,0,9,3.6315,3,112,0,0.012342,0.345167,-8.809557,726000,4274.9
727,1000,122.7119,14,0.28,,1,0,5,2.0616,0,42,0,0.012142,0.400052,-8.839876,727000,4280.8
728,1000,58.0803,10,0.2,,2,0,5,2.5,0,1182,0,0.012093,0.50499,-8.689457,728000,4286.6
729,1000,244.9538,21,0.42,,1,0,10,3.9607,2,727,0,0.012163,0.47823,-8.619015,729000,4292.5
730,1000,216.9208,18,0.36,,1,0,8,2.958,2,387,0,0.012016,0.312143,-9.570583,730000,4298.3
731,1000,95.9912,12,0.24,,1,0,5,2.1213,0,640,0,0.012083,0.330664,-9.517772,731000,4304.1
732,1000,243.7213,19,0.38,,1,0,7,2.8614,2,9,0,0.011825,0.262522,-10.122255,732000,4309.9
733,1000,156.7868,15,0.3,,1,0,7,2.586,1,775,0,0.011917,0.520982,-9.093354,733000,4316.0
734,1000,178.743,17,0.34,,1,0,8,2.8614,1,563,0,0.012153,0.33832,-9.30938,734000,4322.0
735,1000,201.6497,15,0.3,,1,0,6,2.2776,2,48,0,0.012227,0.463293,-9.695062,735000,4327.7
736,1000,154.0505,14,0.28,,1,0,5,2.0616,1,401,0,0.012039,0.30978,-9.8657,736000,4333.6
737,1000,228.3696,19,0.38,,1,0,9,3.2692,2,0,0,0.012061,0.305175,-9.093657,737000,4339.3
738,1000,290.7761,21,0.42,,1,0,12,4.3229,3,182,0,0.011996,0.290442,-8.424609,738000,4345.2
739,1000,304.3643,22,0.44,,1,0,9,3.3541,3,191,0,0.011825,0.327051,-8.896886,739000,4351.1
740,1000,150.304,15,0.3,,1,0,5,2.1651,1,493,0,0.011806,0.742187,-9.147008,740000,4357.0
741,1000,234.2982,19,0.38,,1,0,8,3.1125,2,36,0,0.011934,0.663871,-8.504675,741000,4362.8
742,1000,100.2389,13,0.26,,1,0,5,1.9203,0,339,0,0.011842,0.525756,-8.584581,742000,4368.7
743,1000,239.5455,20,0.4,,1,0,9,3.3912,2,97,0,0.011973,0.589293,-9.892895,743000,4374.6
744,1000,262.8161,22,0.44,,1,0,9,3.7749,2,167,0,0.011864,0.38196,-9.879777,744000,4380.5
745,1000,124.6689,15,0.3,,1,0,5,2.1651,0,0,0,0.011912,0.504309,-9.750578,745000,4386.4
746,1000,169.1707,16,0.32,,1,0,8,2.9155,1,528,0,0.011765,0.236394,-9.029501,746000,4392.2
747,1000,273.2612,23,0.46,,1,0,10,3.7666,2,700,0,0.011793,0.351937,-9.151379,747000,4398.1
748,1000,138.8999,14,0.28,,1,0,6,2.1794,1,551,0,0.011602,0.388575,-8.694756,748000,4404.2
749,1000,189.277,16,0.32,,1,0,7,2.5495,2,90,0,0.011486,0.312122,-9.702547,749000,4410.2
750,1000,174.9039,17,0.34,,1,0,8,2.8614,1,65,0,0.011449,0.431834,-9.346914,750000,4416.0
751,1000,204.9918,16,0.32,,1,0,6,2.3452,2,44,0,0.011511,0.600654,-8.325804,751000,4421.7
752,1000,163.4736,15,0.3,,1,0,5,2.1651,1,0,0,0.011642,0.281875,-8.994646,752000,4427.5
753,1000,97.3277,12,0.24,,1,0,4,1.7321,0,0,0,0.01157,0.419098,-8.042321,753000,4433.4
754,1000,275.0123,20,0.4,,1,0,8,3.0822,3,311,0,0.011764,0.52452,-9.144939,754000,4439.4
755,1000,180.1253,17,0.34,,0,1,8,2.586,1,515,0,0.011662,0.319309,-9.262678,755000,4445.5
756,1000,153.8325,13,0.26,,1,0,5,2.0463,2,773,0,0.011887,0.692569,-8.915028,756000,4451.4
757,1000,86.7619,12,0.24,,1,0,5,1.8708,0,0,0,0.011925,0.36061,-9.429441,757000,4457.1
758,1000,166.7737,16,0.32,,1,0,8,2.9155,1,434,0,0.011898,0.322211,-9.161486,758000,4463.0
759,1000,308.1521,22,0.44,,1,0,10,3.6401,3,90,0,0.011822,0.364534,-8.865797,759000,4468.7
760,1000,90.3366,10,0.2,,1,0,6,2.2913,1,1317,0,0.011778,0.662006,-9.933671,760000,4474.6
761,1000,313.3121,23,0.46,,1,0,10,3.7666,3,181,0,0.012013,0.473527,-10.238587,761000,4480.3
762,1000,227.1852,18,0.36,,1,0,9,3.2016,2,91,0,0.011807,0.423233,-7.987707,762000,4486.1
763,1000,81.827,13,0.26,,1,0,5,1.9203,0,1002,0,0.011786,0.452589,-9.203232,763000,4492.1
764,1000,177.9101,17,0.34,,1,0,8,2.8614,1,30,0,0.011888,0.479686,-8.771956,764000,4498.0
765,1000,198.3012,18,0.36,,1,0,8,2.8723,1,129,0,0.012004,0.372849,-9.186903,765000,4503.9
766,1000,282.6994,23,0.46,,1,0,10,3.7666,2,182,0,0.012091,0.415669,-8.847792,766000,4509.7
767,1000,217.7367,20,0.4,,1,0,8,3.0822,2,1084,0,0.011974,0.381087,-9.001156,767000,4515.6
768,1000,181.2643,17,0.34,,1,0,7,2.586,1,442,0,0.011876,0.410424,-8.683683,768000,4521.4
769,1000,174.6694,17,0.34,,0,1,7,2.1651,1,723,0,0.011875,0.535713,-8.522128,769000,4527.2
770,1000,200.5665,18,0.36,,1,0,8,2.8723,1,74,0,0.012184,0.339593,-8.364836,770000,4533.1
771,1000,127.2913,15,0.3,,1,0,6,2.2776,1,1308,0,0.011942,0.306344,-8.760804,771000,4538.9
772,1000,135.0234,13,0.26,,1,0,5,1.9203,1,117,0,0.01211,0.991475,-8.506992,772000,4544.7
773,1000,232.3414,18,0.36,,1,0,8,2.8723,2,363,0,0.01214,0.482144,-8.701086,773000,4550.5
774,1000,204.8117,16,0.32,,1,0,6,2.3452,2,418,0,0.01196,0.449786,-8.528242,774000,4556.2
775,1000,248.8787,20,0.4,,1,0,8,3.0822,2,397,0,0.012099,0.43309,-8.631283,775000,4562.0
776,1000,253.7243,20,0.4,,1,0,8,3.0822,2,156,0,0.012148,0.334879,-9.161388,776000,4567.8
777,1000,168.4012,15,0.3,,1,0,5,2.1651,2,1511,0,0.012133,0.234357,-8.002755,777000,4573.6
778,1000,227.8709,19,0.38,,1,0,7,2.8614,2,445,0,0.012244,0.238711,-8.570837,778000,4579.4
779,1000,118.6287,14,0.28,,1,0,5,2.0616,0,161,0,0.012428,0.399158,-8.644552,779000,4585.2
780,1000,201.2233,19,0.38,,0,1,8,2.4875,1,128,0,0.012493,0.473152,-8.482169,780000,4590.9
781,1000,206.6747,16,0.32,,1,0,6,2.4495,2,499,0,0.012474,0.438369,-8.257593,781000,4596.7
782,1000,223.4907,19,0.38,,1,0,10,3.562,2,327,0,0.012339,0.397858,-8.753397,782000,4602.5
783,1000,150.6145,15,0.3,,1,0,6,2.2776,1,483,0,0.012529,0.442446,-9.479858,783000,4608.3
784,1000,214.3069,20,0.4,,0,1,10,3.2404,1,127,0,0.012373,0.494838,-8.331463,784000,4614.2
785,1000,173.8259,18,0.36,,1,0,8,2.8723,1,731,0,0.012126,0.450119,-9.374832,785000,4620.1
786,1000,227.5379,19,0.38,,1,0,10,3.562,2,367,0,0.01244,0.481341,-8.833511,786000,4626.0
787,1000,133.5592,14,0.28,,1,0,6,2.1794,1,0,0,0.01224,0.383241,-8.17238,787000,4631.9
788,1000,285.4955,21,0.42,,1,0,10,3.562,3,652,0,0.012281,0.368953,-8.811551,788000,4637.9
789,1000,170.4957,17,0.34,,1,0,7,2.586,1,250,0,0.012751,0.322229,-8.754572,789000,4643.7
790,1000,70.4653,10,0.2,,1,0,5,2.0616,0,666,0,0.012649,0.442593,-9.264353,790000,4649.7
791,1000,190.9001,18,0.36,,1,0,9,3.2016,1,101,0,0.012706,0.328478,-8.561539,791000,4655.5
792,1000,155.6553,16,0.32,,1,0,7,2.5495,1,755,0,0.012185,0.432544,-8.112177,792000,4661.5
793,1000,222.6653,18,0.36,,1,0,8,2.8723,2,70,0,0.012523,0.573834,-8.332627,793000,4667.2
794,1000,168.4047,16,0.32,,1,0,8,2.8284,1,206,0,0.012132,0.640957,-8.048545,794000,4673.0
795,1000,86.5524,15,0.3,,1,0,5,2.1651,0,138,0,0.01242,0.420586,-8.614766,795000,4678.8
796,1000,305.9832,23,0.46,,1,0,10,3.6315,3,785,0,0.012253,0.692317,-8.535015,796000,4684.6
797,1000,91.8036,12,0.24,,1,0,5,1.8708,0,136,0,0.012145,0.395085,-8.455933,797000,4690.4
798,1000,75.5055,11,0.22,,1,0,5,2.2776,1,2225,0,0.01197,0.325805,-8.442064,798000,4696.4
799,1000,169.5454,16,0.32,,1,0,6,2.3452,1,609,0,0.012031,1.163158,-8.435758,799000,4702.1
800,1000,170.2452,16,0.32,,1,0,7,2.5495,1,10,0,0.012161,0.444953,-8.898016,800000,4707.9
801,1000,193.9306,15,0.3,,1,0,5,2.1651,2,0,0,0.012297,0.594317,-8.338567,801000,4713.7
802,1000,117.0456,14,0.28,,1,0,5,2.0616,0,305,0,0.012119,0.281535,-7.660901,802000,4719.4
803,1000,232.6984,21,0.42,,1,0,8,3.2692,2,668,0,0.012226,1.02412,-8.430386,803000,4725.2
804,1000,18.3698,9,0.18,,1,0,4,1.479,0,79,0,0.012057,0.49537,-7.422988,804000,4731.0
805,1000,-1.1333,8,0.16,,1,0,4,1.5811,0,2744,0,0.012228,0.430042,-8.366748,805000,4737.0
806,1000,265.8113,22,0.44,,1,0,9,3.5,2,225,0,0.012441,0.353167,-8.009285,806000,4742.8
807,1000,19.5554,7,0.14,,1,0,3,1.0897,0,1505,0,0.01244,0.429556,-8.204937,807000,4748.7
808,1000,128.6078,15,0.3,,1,0,5,2.1651,0,191,0,0.012311,0.360402,-6.772519,808000,4754.5
809,1000,254.275,20,0.4,,1,0,10,3.6056,2,40,0,0.012227,0.424298,-8.083117,809000,4760.2
810,1000,249.5773,20,0.4,,1,0,8,3.0822,2,449,0,0.012233,0.488439,-8.347328,810000,4766.0
811,1000,294.7574,21,0.42,,1,0,10,3.562,3,4,0,0.012039,0.340205,-7.504644,811000,4771.8
812,1000,106.3108,13,0.26,,1,0,5,2.0463,0,594,0,0.011973,0.679354,-8.815713,812000,4777.6
813,1000,167.4332,15,0.3,,1,0,5,2.1651,1,154,0,0.012049,0.651687,-7.942565,813000,4783.4
814,1000,171.4158,17,0.34,,1,0,9,3.2692,1,394,0,0.012172,0.845512,-7.179213,814000,4789.2
815,1000,127.1488,16,0.32,,1,0,6,2.3452,1,1718,0,0.012139,0.530507,-8.099654,815000,4795.1
816,1000,178.7238,17,0.34,,1,0,7,2.586,1,251,0,0.011979,0.501151,-7.057228,816000,4800.9
817,1000,98.0719,12,0.24,,1,0,5,2.1213,0,152,0,0.01209,0.312475,-7.583496,817000,4806.7
818,1000,198.8088,19,0.38,,1,0,10,3.562,1,260,0,0.011996,0.319926,-8.002459,818000,4812.5
819,1000,210.7357,19,0.38,,1,0,9,3.1918,1,124,0,0.01202,0.487987,-8.217913,819000,4818.4
820,1000,180.6917,18,0.36,,1,0,10,3.6401,1,626,0,0.012174,0.703417,-8.11127,820000,4824.2
821,1000,269.1421,22,0.44,,1,0,10,3.6401,2,251,0,0.012149,0.375238,-7.591895,821000,4830.0
822,1000,217.9367,18,0.36,,1,0,9,3.2016,2,457,0,0.01175,0.992354,-7.435957,822000,4835.9
823,1000,98.0098,13,0.26,,1,0,5,2.0463,0,232,0,0.011941,0.47076,-7.896841,823000,4841.8
824,1000,148.5424,16,0.32,,1,0,6,2.3452,1,487,0,0.011737,0.566188,-7.356998,824000,4847.9
825,1000,105.9332,12,0.24,,1,0,5,1.8708,0,17,0,0.011735,0.379055,-7.43506,825000,4853.9
826,1000,187.0525,17,0.34,,1,0,7,2.586,1,38,0,0.011819,0.440231,-7.259189,826000,4859.7
827,1000,134.109,14,0.28,,1,0,6,2.1794,1,722,0,0.011945,0.748263,-8.19024,827000,4865.6
828,1000,155.9711,15,0.3,,1,0,6,2.2776,1,425,0,0.011855,0.618284,-7.858702,828000,4871.4
829,1000,203.5983,16,0.32,,1,0,7,2.5495,2,194,0,0.01164,0.343045,-6.765794,829000,4877.2
830,1000,189.6938,17,0.34,,1,0,7,2.586,1,43,0,0.011668,0.375832,-7.831466,830000,4882.9
831,1000,126.0654,15,0.3,,1,0,5,2.1651,0,139,0,0.011561,0.358348,-6.66895,831000,4888.9
832,1000,135.6639,14,0.28,,1,0,5,2.0616,1,1072,0,0.011813,0.301135,-7.01436,832000,4894.7
833,1000,114.7828,15,0.3,,1,0,5,2.1651,0,415,0,0.011582,0.724569,-6.685574,833000,4900.5
834,1000,161.8916,15,0.3,,1,0,7,2.4875,1,62,0,0.011527,0.500435,-7.47157,834000,4906.3
835,1000,202.3943,16,0.32,,1,0,6,2.4495,2,12,0,0.01177,0.769363,-6.911372,835000,4912.1
836,1000,267.93,21,0.42,,1,0,9,3.3448,2,215,0,0.011835,0.551147,-7.073429,836000,4917.8
837,1000,260.923,22,0.44,,1,0,9,3.7749,2,36,0,0.012103,0.434355,-7.167768,837000,4923.7
838,1000,89.9841,13,0.26,,1,0,5,1.9203,0,169,0,0.012035,0.580422,-7.075571,838000,4929.6
839,1000,190.7118,18,0.36,,1,0,8,2.8723,1,97,0,0.011824,0.387742,-6.653039,839000,4935.3
840,1000,190.8355,16,0.32,,1,0,6,2.4495,2,243,0,0.012023,0.481724,-6.98849,840000,4941.0
841,1000,285.5398,23,0.46,,1,0,10,3.7666,2,25,0,0.011732,0.493784,-6.367658,841000,4946.7
842,1000,160.9413,15,0.3,,1,0,5,2.1651,1,572,0,0.011473,0.315502,-6.765323,842000,4952.5
843,1000,281.1285,19,0.38,,1,0,8,2.9475,3,377,0,0.011654,0.869594,-6.530944,843000,4958.2
844,1000,169.8311,17,0.34,,1,0,9,3.1918,1,66,0,0.011657,0.279589,-7.345989,844000,4964.1
845,1000,231.4236,19,0.38,,1,0,7,2.8614,2,405,0,0.011664,0.298673,-7.15753,845000,4969.9
846,1000,171.4508,17,0.34,,1,0,7,2.586,1,417,0,0.011959,0.822922,-7.769422,846000,4975.6
847,1000,213.8774,17,0.34,,1,0,7,2.586,2,360,0,0.011935,0.342299,-6.933499,847000,4981.2
848,1000,200.6783,16,0.32,,1,0,6,2.3452,2,250,0,0.012308,0.427386,-7.081012,848000,4987.0
849,1000,249.355,20,0.4,,1,0,8,3.0822,2,4,0,0.012144,0.727534,-7.205153,849000,4992.7
850,1000,222.1105,18,0.36,,1,0,8,2.958,2,14,0,0.0123,0.39696,-6.855467,850000,4998.6
851,1000,164.5034,16,0.32,,1,0,8,2.8284,1,673,0,0.011945,0.679983,-6.012359,851000,5004.3
852,1000,281.567,23,0.46,,1,0,10,3.7666,2,12,0,0.011921,0.70168,-6.753382,852000,5010.1
853,1000,191.8887,19,0.38,,1,0,9,3.1918,1,505,0,0.011992,0.48334,-7.355841,853000,5016.1
854,1000,292.4436,22,0.44,,1,0,10,3.6401,3,431,0,0.012133,0.585872,-7.303512,854000,5022.0
855,1000,274.0157,22,0.44,,1,0,9,3.5,2,17,0,0.012178,0.744828,-6.416698,855000,5027.8
856,1000,249.4298,21,0.42,,1,0,8,3.2692,2,420,0,0.012053,0.650591,-6.800921,856000,5033.6
857,1000,175.1674,18,0.36,,1,0,9,3.2016,1,298,0,0.011958,0.402462,-6.203524,857000,5039.4
858,1000,175.8156,16,0.32,,1,0,6,2.3452,1,52,0,0.012131,0.413092,-6.855371,858000,5045.2
859,1000,180.8142,17,0.34,,0,1,7,2.1651,1,147,0,0.012226,0.510201,-6.117653,859000,5051.1
860,1000,160.1783,16,0.32,,1,0,7,2.5495,1,469,0,0.0123,0.76265,-6.250254,860000,5056.9
861,1000,206.9271,17,0.34,,1,0,7,2.681,2,88,0,0.012118,0.330615,-6.585046,861000,5062.8
862,1000,241.0907,19,0.38,,1,0,8,2.9475,2,216,0,0.011824,0.539166,-6.155532,862000,5069.0
863,1000,122.2977,14,0.28,,1,0,5,2.0616,0,160,0,0.011675,0.425227,-6.271138,863000,5074.7
864,1000,115.0712,14,0.28,,1,0,5,2.0616,0,157,0,0.011901,0.248262,-6.294417,864000,5080.6
865,1000,208.0285,17,0.34,,1,0,7,2.586,2,373,0,0.012048,0.272137,-6.101838,865000,5086.4
866,1000,227.4195,18,0.36,,1,0,8,2.8723,2,392,0,0.012127,0.696416,-6.149804,866000,5092.2
867,1000,272.321,19,0.38,,1,0,8,2.9475,3,6,0,0.012065,0.396035,-6.068407,867000,5098.0
868,1000,90.4865,14,0.28,,1,0,5,2.0616,0,16,0,0.012272,0.922848,-5.619865,868000,5103.7
869,1000,230.6591,20,0.4,,1,0,8,3.0822,2,467,0,0.012217,0.521675,-5.167202,869000,5109.5
870,1000,99.7609,13,0.26,,1,0,5,1.9203,0,133,0,0.01198,0.437572,-6.525273,870000,5115.2
871,1000,238.8477,19,0.38,,1,0,9,3.1918,2,11,0,0.012097,0.32278,-5.260524,871000,5120.9
872,1000,171.5813,16,0.32,,1,0,7,2.5495,1,97,0,0.012275,0.41958,-6.167832,872000,5126.7
873,1000,250.1993,20,0.4,,1,0,8,3.3166,2,16,0,0.011871,0.341657,-6.119685,873000,5132.4
874,1000,222.1379,18,0.36,,1,0,8,2.958,2,495,0,0.012305,0.385208,-6.13585,874000,5138.2
875,1000,158.2043,15,0.3,,1,0,5,2.1651,1,187,0,0.011936,0.455948,-6.65198,875000,5143.9
876,1000,170.9301,16,0.32,,1,0,7,2.5495,1,61,0,0.011918,0.738201,-6.302292,876000,5149.9
877,1000,139.9193,14,0.28,,0,1,7,2.2913,1,691,0,0.011881,0.755277,-5.519223,877000,5155.9
878,1000,85.2653,11,0.22,,1,0,5,1.9203,0,283,0,0.012081,0.588388,-6.79549,878000,5161.8
879,1000,210.3614,16,0.32,,1,0,6,2.3452,2,195,0,0.011786,0.628173,-6.526919,879000,5167.5
880,1000,110.3808,14,0.28,,1,0,5,2.0616,0,0,0,0.011923,0.288495,-6.6157,880000,5173.3
881,1000,163.287,16,0.32,,1,0,7,2.5495,1,100,0,0.012097,0.288585,-5.91543,881000,5179.1
882,1000,139.1888,14,0.28,,1,0,5,2.0616,1,289,0,0.011757,0.616554,-5.749469,882000,5185.0
883,1000,157.6253,14,0.28,,1,0,5,2.0616,1,214,0,0.011904,0.229377,-6.54836,883000,5190.9
884,1000,140.2444,15,0.3,,1,0,5,2.1651,1,1317,0,0.011715,0.428716,-6.269852,884000,5196.8
885,1000,200.8443,17,0.34,,1,0,7,2.9475,2,759,0,0.011714,0.836384,-6.494205,885000,5202.7
886,1000,230.0225,19,0.38,,1,0,9,3.1918,2,150,0,0.011599,0.286458,-6.565154,886000,5208.7
887,1000,153.1618,14,0.28,,1,0,5,2.0616,1,141,0,0.011977,0.505768,-5.893534,887000,5214.6
888,1000,82.7869,12,0.24,,1,0,5,1.8708,0,42,0,0.011695,0.810069,-7.099492,888000,5220.5
889,1000,193.0569,18,0.36,,1,0,9,3.2016,1,104,0,0.011565,0.35885,-5.768713,889000,5226.6
890,1000,203.6922,16,0.32,,1,0,6,2.4495,2,127,0,0.011414,0.421576,-6.385801,890000,5232.5
891,1000,180.75,17,0.34,,1,0,7,2.586,1,454,0,0.011682,0.582709,-6.161862,891000,5238.4
892,1000,185.6921,18,0.36,,1,0,9,3.2016,1,0,0,0.011815,0.313947,-6.842482,892000,5244.2
893,1000,144.7599,14,0.28,,1,0,5,2.0616,1,434,0,0.012051,0.298948,-6.561752,893000,5250.1
894,1000,142.5132,14,0.28,,1,0,5,2.0616,1,184,0,0.012087,0.38482,-6.718874,894000,5256.2
895,1000,172.338,16,0.32,,1,0,8,2.8284,1,0,0,0.011984,0.313249,-6.24726,895000,5262.6
896,1000,170.0395,16,0.32,,1,0,9,3.2404,1,7,0,0.012364,0.454335,-6.646084,896000,5269.5
897,1000,191.3119,16,0.32,,1,0,7,2.5495,2,930,0,0.012567,0.629948,-6.654307,897000,5276.1
898,1000,196.3426,17,0.34,,1,0,7,2.681,2,0,0,0.012279,0.305695,-6.165065,898000,5282.8
899,1000,117.6067,14,0.28,,1,0,5,2.0616,0,5,0,0.0124,0.574853,-6.077306,899000,5290.4
900,1000,106.6007,13,0.26,,1,0,5,2.0463,0,335,0,0.01263,0.529882,-6.067465,900000,5297.1
901,1000,67.0026,11,0.22,,1,0,4,1.6394,0,751,0,0.012478,0.3288,-6.504185,901000,5304.7
902,1000,258.9191,22,0.44,,1,0,10,3.8406,2,179,0,0.012199,0.225635,-6.118869,902000,5311.4
903,1000,293.926,22,0.44,,1,0,9,3.3541,3,161,0,0.011988,0.453891,-5.80492,903000,5317.3
904,1000,162.8774,15,0.3,,1,0,7,2.586,1,68,0,0.011822,0.310975,-5.969213,904000,5323.4
905,1000,228.8946,18,0.36,,1,0,8,2.8723,2,208,0,0.011337,0.457874,-6.188197,905000,5329.6
906,1000,168.472,16,0.32,,0,1,6,1.8708,1,182,0,0.011559,0.331862,-6.174994,906000,5335.7
907,1000,179.4028,17,0.34,,1,0,7,2.586,1,250,0,0.011438,0.478744,-6.884209,907000,5341.8
908,1000,256.5708,21,0.42,,1,0,9,3.562,2,21,0,0.011667,0.520239,-6.379988,908000,5348.1
909,1000,145.7819,13,0.26,,1,0,5,1.9203,1,0,0,0.011554,0.382927,-6.596732,909000,5354.3
910,1000,248.092,20,0.4,,1,0,10,3.6056,2,73,0,0.011385,0.305937,-5.751472,910000,5360.3
911,1000,175.6065,16,0.32,,1,0,8,2.9155,1,59,0,0.011443,0.534186,-5.614789,911000,5366.4
912,1000,168.4586,14,0.28,,1,0,6,2.2913,2,220,0,0.01149,0.679906,-7.39272,912000,5372.4
913,1000,103.0213,13,0.26,,1,0,5,2.0463,0,62,0,0.011532,0.570266,-6.770885,913000,5378.2
914,1000,96.7629,12,0.24,,1,0,5,1.8708,0,4,0,0.011572,0.382247,-6.400947,914000,5384.4
915,1000,114.0129,14,0.28,,1,0,5,2.0616,0,482,0,0.011489,0.294294,-6.306305,915000,5390.4
916,1000,184.1124,15,0.3,,1,0,6,2.4875,2,679,0,0.011691,0.517602,-6.488101,916000,5396.3
917,1000,128.5454,13,0.26,,1,0,5,1.9203,1,47,0,0.01144,0.323969,-5.549123,917000,5402.5
918,1000,121.9485,15,0.3,,1,0,5,2.1651,0,94,0,0.011401,0.226076,-6.354407,918000,5408.6
919,1000,86.3534,12,0.24,,1,0,4,1.7321,0,178,0,0.011771,0.391817,-6.126837,919000,5414.7
920,1000,88.7205,14,0.28,,1,0,5,2.0616,0,311,0,0.011666,0.292505,-7.170124,920000,5420.6
921,1000,229.8657,18,0.36,,1,0,8,2.8723,2,123,0,0.011363,0.52399,-6.950311,921000,5426.5
922,1000,90.798,13,0.26,,1,0,5,1.9203,0,893,0,0.011667,0.44972,-6.022557,922000,5432.4
923,1000,73.4681,10,0.2,,1,0,5,1.8028,0,624,0,0.011705,0.327837,-6.147261,923000,5438.3
924,1000,66.8227,10,0.2,,1,0,5,1.8028,0,244,0,0.011859,0.33269,-5.762836,924000,5444.4
925,1000,100.3899,12,0.24,,1,0,4,1.7321,0,0,0,0.011769,0.463567,-6.054789,925000,5450.6
926,1000,193.887,18,0.36,,1,0,10,3.6401,1,0,0,0.011777,0.4597,-6.593723,926000,5456.5
927,1000,103.1867,12,0.24,,1,0,5,1.8708,0,200,0,0.011911,0.34929,-6.353025,927000,5462.7
928,1000,133.2888,13,0.26,,1,0,5,2.0463,1,262,0,0.011913,0.360674,-6.469917,928000,5468.6
929,1000,156.3367,14,0.28,,1,0,6,2.2913,1,89,0,0.011571,0.601492,-5.863041,929000,5474.7
930,1000,111.0326,13,0.26,,1,0,5,1.9203,0,134,0,0.01169,0.271698,-6.815825,930000,5480.9
931,1000,99.044,12,0.24,,1,0,5,1.8708,0,438,0,0.011948,0.509698,-6.787793,931000,5486.7
932,1000,105.624,12,0.24,,1,0,5,1.8708,0,37,0,0.011798,0.373917,-6.506261,932000,5492.7
933,1000,159.5272,16,0.32,,1,0,7,2.5495,1,4,0,0.01179,0.300552,-6.871697,933000,5498.9
934,1000,177.2083,15,0.3,,1,0,5,2.1651,1,0,0,0.011664,1.058599,-5.42311,934000,5505.0
935,1000,218.3295,17,0.34,,1,0,8,3.0311,2,33,0,0.011911,0.279983,-6.403,935000,5511.0
936,1000,128.2852,14,0.28,,0,1,5,1.6583,0,2,0,0.011783,0.23922,-6.031418,936000,5517.1
937,1000,125.6192,15,0.3,,1,0,5,2.1651,0,115,0,0.012155,0.344734,-6.672889,937000,5523.3
938,1000,116.7822,13,0.26,,1,0,5,2.0463,0,35,0,0.011844,0.623311,-7.022215,938000,5529.4
939,1000,155.9713,14,0.28,,1,0,6,2.1794,1,12,0,0.011577,0.448485,-5.939059,939000,5535.5
940,1000,145.9048,14,0.28,,1,0,5,2.0616,1,89,0,0.011534,0.259135,-6.963346,940000,5541.6
941,1000,223.1887,17,0.34,,1,0,7,2.586,2,0,0,0.011608,0.581282,-6.352294,941000,5547.5
942,1000,119.2549,14,0.28,,1,0,5,2.0616,0,67,0,0.011153,0.271061,-6.380577,942000,5553.6
943,1000,103.1473,14,0.28,,1,0,5,2.0616,0,178,0,0.011496,0.549166,-6.097968,943000,5559.5
944,1000,114.7652,13,0.26,,1,0,5,2.0463,0,0,0,0.011513,0.260915,-6.282495,944000,5565.5
945,1000,91.6464,13,0.26,,1,0,5,2.0463,0,765,0,0.011324,0.724365,-6.401401,945000,5571.4
946,1000,58.7942,12,0.24,,1,0,5,1.8708,0,346,0,0.011554,0.232649,-5.994087,946000,5577.4
947,1000,142.4816,14,0.28,,1,0,5,2.0616,1,67,0,0.01162,0.369856,-5.662103,947000,5583.4
948,1000,91.5087,12,0.24,,1,0,5,1.8708,0,535,0,0.01155,0.417515,-5.578965,948000,5589.3
949,1000,191.0073,16,0.32,,1,0,6,2.3452,2,356,0,0.011434,0.629341,-5.78512,949000,5595.2
950,1000,93.338,11,0.22,,1,0,5,1.9203,0,21,0,0.011551,0.672707,-5.852952,950000,5601.0
951,1000,126.2838,15,0.3,,1,0,5,2.1651,0,0,0,0.011658,0.289529,-6.26377,951000,5607.2
952,1000,84.8409,13,0.26,,1,0,5,1.9203,0,65,0,0.011389,0.4479,-6.587687,952000,5613.3
953,1000,239.5458,19,0.38,,1,0,8,2.9475,2,36,0,0.011413,0.371668,-6.629812,953000,5619.2
954,1000,148.7091,13,0.26,,1,0,5,2.0463,1,0,0,0.011484,0.37658,-6.216051,954000,5625.2
955,1000,70.3441,10,0.2,,1,0,4,1.6583,0,230,0,0.011302,0.236259,-6.411699,955000,5631.4
956,1000,157.0442,14,0.28,,1,0,5,2.0616,1,42,0,0.011385,0.51883,-6.322837,956000,5637.3
957,1000,158.3886,15,0.3,,1,0,6,2.2776,1,545,0,0.011572,0.248792,-6.21086,957000,5643.4
958,1000,204.2591,19,0.38,,1,0,9,3.1918,1,0,0,0.011399,0.406712,-7.103909,958000,5649.2
959,1000,124.2903,13,0.26,,1,0,5,1.9203,1,18,0,0.011418,0.325566,-5.994777,959000,5654.9
960,1000,148.4664,14,0.28,,1,0,6,2.2913,1,17,0,0.011401,0.429877,-6.255537,960000,5660.7
961,1000,107.0511,13,0.26,,0,1,5,1.479,0,206,0,0.011681,0.397312,-6.214734,961000,5666.8
962,1000,94.372,15,0.3,,1,0,5,2.1651,0,1260,0,0.011953,0.515833,-6.611685,962000,5673.0
963,1000,138.8898,14,0.28,,1,0,5,2.0616,1,4,0,0.011874,0.817309,-6.66441,963000,5678.9
964,1000,163.9388,18,0.36,,1,0,9,3.2016,1,0,0,0.01179,0.308388,-5.847703,964000,5684.6
965,1000,123.0562,13,0.26,,1,0,5,1.9203,1,224,0,0.011704,0.383422,-6.158019,965000,5690.5
966,1000,141.1326,13,0.26,,1,0,5,2.0463,1,64,0,0.011928,0.247507,-7.143659,966000,5696.3
967,1000,157.0037,14,0.28,,1,0,5,2.0616,1,318,0,0.01203,0.230593,-6.397534,967000,5702.0
968,1000,107.1555,13,0.26,,1,0,5,1.9203,1,617,0,0.011845,0.928104,-5.628128,968000,5707.9
969,1000,127.3477,12,0.24,,1,0,5,1.8708,1,405,0,0.011803,0.318429,-6.588055,969000,5713.8
970,1000,130.4605,14,0.28,,1,0,5,2.0616,1,91,0,0.011849,1.322285,-6.261317,970000,5719.9
971,1000,206.9151,17,0.34,,1,0,7,2.586,2,326,0,0.011727,0.441417,-5.793282,971000,5726.1
972,1000,164.1437,15,0.3,,1,0,7,2.4875,1,64,0,0.011763,0.331435,-6.057796,972000,5732.0
973,1000,169.9903,16,0.32,,1,0,10,3.7417,1,44,0,0.011864,0.329206,-6.046118,973000,5737.8
974,1000,176.9482,17,0.34,,1,0,8,2.8614,1,414,0,0.012058,0.307205,-5.461436,974000,5743.6
975,1000,93.8078,11,0.22,,1,0,5,1.9203,0,0,0,0.012197,0.81263,-6.143058,975000,5749.5
976,1000,149.9366,13,0.26,,1,0,7,2.4875,1,0,0,0.012051,0.65137,-5.870895,976000,5755.4
977,1000,95.5377,12,0.24,,1,0,5,1.8708,0,22,0,0.012148,0.410622,-5.984916,977000,5761.2
978,1000,172.8137,17,0.34,,1,0,8,2.8614,1,230,0,0.012031,0.333522,-5.5432,978000,5767.2
979,1000,103.6726,14,0.28,,1,0,5,2.0616,0,1,0,0.011949,0.426693,-5.480735,979000,5773.1
980,1000,180.8918,14,0.28,,1,0,5,2.0616,2,2,0,0.012023,0.405203,-5.511461,980000,5779.1
981,1000,157.339,15,0.3,,1,0,5,2.1651,1,22,0,0.012257,0.583437,-5.795125,981000,5785.1
982,1000,160.5593,14,0.28,,1,0,5,2.0616,1,34,0,0.012088,0.411808,-5.69538,982000,5791.0
983,1000,72.6286,10,0.2,,1,0,4,1.6583,0,383,0,0.011881,0.235951,-5.597145,983000,5797.1
984,1000,95.9284,13,0.26,,1,0,5,2.0463,0,72,0,0.012022,0.507958,-6.066,984000,5802.9
985,1000,200.6291,18,0.36,,1,0,9,3.2016,1,4,0,0.012059,0.44363,-5.866491,985000,5808.8
986,1000,102.8508,13,0.26,,1,0,5,2.0463,0,334,0,0.012012,0.235777,-5.83969,986000,5814.7
987,1000,155.0959,14,0.28,,1,0,5,2.0616,1,3,0,0.012346,0.272244,-5.354202,987000,5820.5
988,1000,93.4605,11,0.22,,1,0,5,1.7854,0,0,0,0.01209,0.769255,-5.799266,988000,5826.3
989,1000,156.5382,16,0.32,,1,0,6,2.3452,1,335,0,0.011991,0.369659,-6.11558,989000,5832.1
990,1000,143.136,14,0.28,,1,0,7,2.5,1,314,0,0.012209,0.483698,-5.930732,990000,5838.3
991,1000,202.4026,16,0.32,,1,0,6,2.3452,2,352,0,0.011964,0.31426,-6.008938,991000,5844.1
992,1000,172.8371,17,0.34,,1,0,8,2.8614,1,504,0,0.011757,0.567356,-6.035053,992000,5850.0
993,1000,166.1022,16,0.32,,1,0,7,2.5495,1,75,0,0.011855,0.405232,-5.30532,993000,5855.8
994,1000,122.5303,14,0.28,,1,0,5,2.0616,0,17,0,0.01181,0.475473,-4.604158,994000,5861.6
995,1000,166.8538,16,0.32,,1,0,7,2.5495,1,0,0,0.011743,0.407657,-5.209076,995000,5867.4
996,1000,137.7765,15,0.3,,1,0,5,2.1651,0,14,0,0.011821,0.292124,-5.42529,996000,5873.2
997,1000,105.3178,15,0.3,,1,0,5,2.1651,0,323,0,0.011748,0.391343,-4.877904,997000,5879.0
998,1000,87.5889,13,0.26,,1,0,5,1.9203,0,0,0,0.011709,0.667711,-6.393108,998000,5884.8
999,1000,100.2616,11,0.22,,1,0,5,1.9203,1,457,0,0.011723,0.283009,-5.371071,999000,5890.6
1000,1000,102.1751,11,0.22,,1,0,5,1.9203,1,451,0,0.011738,0.559871,-4.392603,1000000,5896.5
1001,1000,160.1215,14,0.28,,1,0,5,2.0616,1,48,0,0.011516,0.481205,-5.480299,1001000,5902.4
1002,1000,91.3062,11,0.22,,0,1,5,1.7854,0,196,0,0.011571,0.314426,-5.327228,1002000,5908.2
1003,1000,149.8798,14,0.28,,1,0,5,2.0616,1,95,0,0.011765,0.847782,-5.451881,1003000,5914.0
1004,1000,52.0874,7,0.14,,1,0,4,1.479,0,153,0,0.011486,0.484146,-5.316746,1004000,5920.0
1005,1000,208.4391,16,0.32,,1,0,8,2.9155,2,214,0,0.011216,1.002326,-5.357018,1005000,5925.8
1006,1000,65.6423,10,0.2,,1,0,4,1.6583,0,387,0,0.011309,1.071719,-5.188419,1006000,5932.0
1007,1000,141.371,12,0.24,,1,0,5,1.8708,1,0,0,0.011358,0.594378,-4.076889,1007000,5938.1
1008,1000,155.9161,14,0.28,,1,0,5,2.0616,1,93,0,0.011425,0.385673,-5.067079,1008000,5944.0
1009,1000,132.1699,15,0.3,,1,0,5,2.1651,0,177,0,0.01151,0.422087,-5.990529,1009000,5949.8
1010,1000,154.3072,14,0.28,,1,0,5,2.0616,1,129,0,0.011365,0.739839,-4.601718,1010000,5955.6
1011,1000,172.7619,16,0.32,,1,0,7,2.5495,1,79,0,0.011425,0.374515,-5.297182,1011000,5961.5
1012,1000,141.3057,13,0.26,,1,0,5,2.0463,1,0,0,0.011412,0.435227,-4.531197,1012000,5967.3
1013,1000,119.4454,14,0.28,,1,0,5,2.0616,0,0,0,0.011513,0.272064,-5.168541,1013000,5973.1
1014,1000,49.628,9,0.18,,1,0,3,1.299,0,947,0,0.01152,0.941805,-5.06422,1014000,5979.1
1015,1000,85.7421,11,0.22,,1,0,4,1.6394,0,6,0,0.011415,0.498861,-4.548886,1015000,5985.1
1016,1000,148.3706,14,0.28,,1,0,6,2.1794,1,20,0,0.01149,0.399461,-5.168262,1016000,5991.0
1017,1000,104.4214,14,0.28,,1,0,5,2.0616,0,643,0,0.011519,0.500943,-4.849934,1017000,5996.9
1018,1000,90.1366,11,0.22,,1,0,5,1.9203,0,116,0,0.011502,0.403028,-5.649222,1018000,6002.9
1019,1000,174.6446,16,0.32,,1,0,7,2.5495,1,173,0,0.011597,0.295922,-4.931411,1019000,6008.8
1020,1000,146.4701,14,0.28,,1,0,5,2.0616,1,19,0,0.011624,0.220922,-4.312427,1020000,6014.7
1021,1000,191.2073,18,0.36,,1,0,8,2.8723,1,0,0,0.011606,0.32666,-4.666673,1021000,6020.4
1022,1000,152.5801,15,0.3,,1,0,6,2.2776,1,317,0,0.011497,0.338994,-5.492692,1022000,6026.2
1023,1000,86.5056,14,0.28,,1,0,5,2.0616,0,29,0,0.011509,0.323076,-5.257475,1023000,6032.0
1024,1000,306.1765,23,0.46,,1,0,10,3.6315,3,41,0,0.011531,0.565312,-5.006133,1024000,6037.7
1025,1000,203.3046,16,0.32,,1,0,6,2.3452,2,22,0,0.011673,0.308463,-5.654327,1025000,6043.5
1026,1000,204.6132,16,0.32,,1,0,7,2.7386,2,14,0,0.011588,0.411649,-4.679743,1026000,6049.4
1027,1000,88.8055,12,0.24,,1,0,5,1.8708,0,2,0,0.011832,0.392963,-4.908079,1027000,6055.2
1028,1000,81.8749,11,0.22,,1,0,4,1.6394,0,491,0,0.011608,0.462976,-5.379407,1028000,6061.2
1029,1000,90.2643,12,0.24,,0,1,4,1.2247,0,0,0,0.011409,0.299475,-5.303916,1029000,6067.1
1030,1000,110.6564,13,0.26,,1,0,5,1.9203,0,57,0,0.01143,0.655795,-5.351673,1030000,6073.0
1031,1000,76.0703,12,0.24,,1,0,5,1.8708,0,473,0,0.011377,0.34977,-5.477134,1031000,6078.8
1032,1000,174.5864,15,0.3,,1,0,6,2.2776,2,582,0,0.011538,0.444148,-5.059037,1032000,6084.6
1033,1000,145.2038,14,0.28,,1,0,5,2.0616,1,0,0,0.011617,0.320161,-5.101999,1033000,6090.5
1034,1000,167.3135,15,0.3,,0,1,6,1.9203,1,0,0,0.011545,0.34707,-5.123037,1034000,6096.3
1035,1000,87.1438,13,0.26,,1,0,5,2.0463,0,483,0,0.011657,0.328001,-5.093431,1035000,6102.1
1036,1000,72.5519,11,0.22,,1,0,5,1.9203,0,900,0,0.011333,0.243586,-4.62274,1036000,6108.0
1037,1000,123.2882,15,0.3,,0,1,5,1.6394,0,0,0,0.011752,0.535181,-5.228539,1037000,6113.8
1038,1000,89.6619,13,0.26,,1,0,5,2.0463,0,179,0,0.01156,0.568158,-5.58355,1038000,6119.5
1039,1000,160.8753,15,0.3,,1,0,7,2.586,1,68,0,0.011413,0.277202,-5.437977,1039000,6125.3
1040,1000,186.2924,17,0.34,,1,0,8,2.8614,1,16,0,0.011339,0.296497,-5.100813,1040000,6131.1
1041,1000,63.1733,11,0.22,,1,0,5,1.7854,0,657,0,0.011308,0.243016,-4.879099,1041000,6137.0
1042,1000,171.8663,15,0.3,,1,0,5,2.1651,1,8,0,0.011289,0.434872,-5.716457,1042000,6142.7
1043,1000,99.1355,13,0.26,,1,0,5,1.9203,0,0,0,0.011482,0.458993,-3.841186,1043000,6148.5
1044,1000,171.4046,15,0.3,,1,0,6,2.2776,2,147,0,0.011645,0.23802,-4.086778,1044000,6154.3
1045,1000,173.1875,16,0.32,,1,0,6,2.3452,1,186,0,0.011679,0.430817,-4.788717,1045000,6160.1
1046,1000,95.813,12,0.24,,1,0,5,1.8708,0,462,0,0.011709,0.492738,-4.422689,1046000,6166.0
1047,1000,196.8197,16,0.32,,1,0,7,2.5495,2,378,0,0.011819,0.397079,-5.442252,1047000,6171.8
1048,1000,224.866,18,0.36,,1,0,9,3.2016,2,0,0,0.011674,0.590832,-5.22561,1048000,6177.6
1049,1000,143.1998,14,0.28,,1,0,5,2.0616,1,0,0,0.011604,0.43547,-4.404394,1049000,6183.6
1050,1000,90.7005,14,0.28,,1,0,5,2.0616,0,0,0,0.011339,0.231033,-4.545714,1050000,6189.7
1051,1000,189.1244,19,0.38,,1,0,10,3.562,1,165,0,0.011736,0.427182,-4.824597,1051000,6195.7
1052,1000,93.5929,11,0.22,,1,0,5,2.2776,0,6,0,0.011521,0.505524,-5.315881,1052000,6201.6
1053,1000,164.154,15,0.3,,1,0,6,2.2776,1,39,0,0.011415,0.40506,-4.936157,1053000,6207.5
1054,1000,144.1684,14,0.28,,1,0,5,2.0616,1,0,0,0.011506,0.540261,-4.39061,1054000,6213.4
1055,1000,233.419,19,0.38,,1,0,10,3.562,2,87,0,0.011149,0.423041,-4.444389,1055000,6219.3
1056,1000,133.91,14,0.28,,1,0,6,2.1794,1,96,0,0.01103,0.40848,-4.534005,1056000,6225.1
1057,1000,152.0838,16,0.32,,1,0,6,2.3452,1,210,0,0.011115,0.344713,-4.642682,1057000,6230.9
1058,1000,215.0833,17,0.34,,1,0,8,2.8614,2,103,0,0.010989,0.603852,-4.470027,1058000,6236.8
1059,1000,72.3005,11,0.22,,1,0,5,2.2776,0,541,0,0.010963,0.428325,-3.936747,1059000,6242.8
1060,1000,102.7417,14,0.28,,1,0,5,2.0616,0,319,0,0.010886,0.439261,-4.88953,1060000,6248.7
1061,1000,107.3589,14,0.28,,1,0,5,2.0616,0,43,0,0.010921,0.278224,-4.858086,1061000,6254.4
1062,1000,248.1517,21,0.42,,1,0,8,3.2692,2,0,0,0.010694,0.251181,-4.241041,1062000,6260.4
1063,1000,87.4852,12,0.24,,1,0,5,1.8708,0,597,0,0.010588,0.339613,-4.648479,1063000,6266.3
1064,1000,84.4942,14,0.28,,1,0,5,2.0616,0,38,0,0.010672,0.329037,-4.316544,1064000,6272.1
1065,1000,159.2981,15,0.3,,1,0,5,2.1651,1,0,0,0.010642,0.389882,-3.751043,1065000,6277.8
1066,1000,168.2413,16,0.32,,1,0,8,2.9155,1,7,0,0.010489,0.245864,-4.374159,1066000,6283.6
1067,1000,146.8687,13,0.26,,1,0,5,2.0463,1,37,0,0.010268,0.525699,-4.503809,1067000,6289.4
1068,1000,75.5356,12,0.24,,1,0,5,1.8708,0,2,0,0.01038,0.276526,-4.986238,1068000,6295.2
1069,1000,212.3326,16,0.32,,1,0,8,2.9155,2,0,0,0.010403,0.22147,-4.795022,1069000,6301.1
1070,1000,116.5767,13,0.26,,1,0,5,2.0463,0,117,0,0.010423,0.241827,-4.563674,1070000,6306.9
1071,1000,166.7544,16,0.32,,1,0,8,2.8284,1,30,0,0.010512,0.315817,-4.482372,1071000,6312.9
1072,1000,194.7466,17,0.34,,1,0,7,2.586,1,158,0,0.010267,0.400477,-4.757606,1072000,6318.7
1073,1000,136.5209,15,0.3,,1,0,5,2.1651,0,191,0,0.010088,0.26068,-4.351971,1073000,6324.4
1074,1000,224.8397,19,0.38,,1,0,11,4.0234,2,147,0,0.010215,0.52381,-4.553107,1074000,6330.3
1075,1000,145.1847,15,0.3,,1,0,6,2.2776,1,0,0,0.010313,0.183043,-4.164522,1075000,6336.2
1076,1000,89.7739,12,0.24,,1,0,5,1.8708,0,52,0,0.010159,0.291222,-4.100696,1076000,6342.0
1077,1000,195.5891,19,0.38,,1,0,9,3.1918,1,137,0,0.010076,0.374604,-4.42413,1077000,6347.8
1078,1000,177.0783,17,0.34,,1,0,8,2.8614,1,136,0,0.010073,0.261624,-5.267386,1078000,6353.5
1079,1000,159.8931,15,0.3,,1,0,5,2.1651,1,47,0,0.010051,0.308148,-5.164198,1079000,6359.4
1080,1000,106.4792,13,0.26,,0,1,5,1.479,0,0,0,0.010036,0.434051,-4.742831,1080000,6365.3
1081,1000,177.1507,16,0.32,,1,0,6,2.3452,1,199,0,0.009675,0.334512,-4.129466,1081000,6371.1
1082,1000,167.3027,15,0.3,,1,0,6,2.2776,1,196,0,0.0102,0.273719,-4.124552,1082000,6377.2
1083,1000,97.5202,14,0.28,,1,0,5,2.0616,0,323,0,0.01005,0.244579,-4.287418,1083000,6383.2
1084,1000,256.4137,18,0.36,,1,0,8,2.8723,3,118,0,0.009987,0.594098,-4.265492,1084000,6389.1
1085,1000,165.0892,16,0.32,,0,1,6,1.8708,1,0,0,0.009962,0.250341,-3.82895,1085000,6394.8
1086,1000,194.6653,15,0.3,,1,0,6,2.2776,2,0,0,0.009966,0.212887,-3.472325,1086000,6400.5
1087,1000,193.8952,15,0.3,,1,0,5,2.1651,2,148,0,0.010144,0.253267,-5.0423,1087000,6406.3
1088,1000,121.6517,15,0.3,,1,0,5,2.1651,0,713,0,0.01001,0.293326,-4.421205,1088000,6412.1
1089,1000,319.0426,24,0.48,,1,0,10,3.7417,3,82,0,0.009748,0.485461,-4.546294,1089000,6418.0
1090,1000,157.361,14,0.28,,1,0,6,2.1794,1,0,0,0.009912,0.28047,-4.177634,1090000,6424.1
1091,1000,170.3658,17,0.34,,1,0,8,2.8614,1,145,0,0.009752,0.586862,-4.658533,1091000,6430.0
1092,1000,103.1745,13,0.26,,1,0,5,2.0463,0,120,0,0.009794,0.295715,-4.294786,1092000,6435.9
1093,1000,226.7023,19,0.38,,1,0,9,3.1918,2,5,0,0.009544,0.229269,-4.316092,1093000,6441.7
1094,1000,194.0422,16,0.32,,0,1,5,1.7321,2,178,0,0.009653,0.368732,-3.854496,1094000,6447.5
1095,1000,105.3448,14,0.28,,1,0,5,2.0616,0,9,0,0.009527,0.664222,-3.915555,1095000,6453.4
1096,1000,51.0444,10,0.2,,1,0,4,1.5,0,567,0,0.009623,0.230539,-4.156334,1096000,6459.6
1097,1000,197.6132,15,0.3,,1,0,5,2.1651,2,0,0,0.00947,0.50343,-4.0994,1097000,6465.5
1098,1000,210.1758,17,0.34,,1,0,7,2.586,2,3,0,0.009612,0.268073,-4.226107,1098000,6471.3
1099,1000,149.3767,15,0.3,,1,0,6,2.2776,1,705,0,0.009605,0.206986,-4.029354,1099000,6477.2
1100,1000,96.3781,14,0.28,,1,0,5,2.0616,0,100,0,0.009531,0.319601,-3.363506,1100000,6482.9
1101,1000,199.6012,16,0.32,,1,0,6,2.3452,2,31,0,0.009473,0.410515,-4.031354,1101000,6488.7
1102,1000,255.0658,22,0.44,,1,0,10,3.8406,2,71,0,0.009642,0.191992,-3.679655,1102000,6494.8
1103,1000,263.652,22,0.44,,1,0,10,3.6401,2,89,0,0.009647,0.20833,-3.372271,1103000,6500.7
1104,1000,186.1189,15,0.3,,1,0,5,2.1651,2,4,0,0.00961,0.347202,-2.75054,1104000,6506.5
1105,1000,107.4191,13,0.26,,1,0,5,2.0463,0,40,0,0.009397,0.495317,-4.326343,1105000,6512.4
1106,1000,166.4185,15,0.3,,1,0,6,2.2776,1,0,0,0.009403,0.286212,-3.170715,1106000,6518.4
1107,1000,75.7181,10,0.2,,1,0,4,1.5,0,223,0,0.009388,0.590925,-3.660034,1107000,6524.4
1108,1000,265.3055,18,0.36,,1,0,7,2.6926,3,17,0,0.009672,0.329315,-3.845252,1108000,6530.2
1109,1000,262.2343,18,0.36,,1,0,8,2.8723,3,18,0,0.009325,0.329502,-3.727657,1109000,6536.0
1110,1000,252.5429,17,0.34,,1,0,7,2.586,3,2,0,0.009076,0.22935,-3.278974,1110000,6541.7
1111,1000,168.3867,16,0.32,,0,1,5,1.7321,1,34,0,0.009278,0.233697,-3.561666,1111000,6547.5
1112,1000,221.7054,18,0.36,,1,0,8,2.8723,2,77,0,0.009167,0.239151,-4.471939,1112000,6553.4
1113,1000,156.6302,15,0.3,,1,0,6,2.2776,1,139,0,0.009587,0.173006,-3.178842,1113000,6559.2
1114,1000,147.3171,14,0.28,,1,0,6,2.1794,1,130,0,0.009463,0.373117,-3.683254,1114000,6564.9
1115,1000,157.442,15,0.3,,1,0,6,2.2776,1,161,0,0.009673,0.325337,-4.274615,1115000,6570.8
1116,1000,263.8529,19,0.38,,1,0,8,2.9475,3,192,0,0.009639,0.560195,-3.306859,1116000,6576.5
1117,1000,221.7135,18,0.36,,1,0,9,3.2016,2,144,0,0.009634,0.526836,-3.258595,1117000,6582.4
1118,1000,92.0398,13,0.26,,1,0,5,1.9203,0,65,0,0.009664,0.338957,-3.344701,1118000,6588.4
1119,1000,76.471,13,0.26,,1,0,5,2.0463,0,1611,0,0.00957,0.212551,-3.244799,1119000,6594.4
1120,1000,37.7587,12,0.24,,1,0,5,2.1213,0,2807,0,0.010042,0.298958,-3.43347,1120000,6600.4
1121,1000,217.9038,18,0.36,,1,0,9,3.2016,2,103,0,0.009914,0.157661,-3.409738,1121000,6606.2
1122,1000,148.5644,14,0.28,,1,0,5,2.0616,1,88,0,0.009898,0.546146,-3.627418,1122000,6612.0
1123,1000,107.9446,14,0.28,,1,0,5,2.0616,0,273,0,0.009892,0.20731,-3.40152,1123000,6617.7
1124,1000,190.7707,16,0.32,,1,0,6,2.4495,2,319,0,0.009542,0.308231,-3.385335,1124000,6623.4
1125,1000,180.4535,16,0.32,,1,0,6,2.3452,1,0,0,0.009474,0.303614,-3.224801,1125000,6629.4
1126,1000,220.93,17,0.34,,1,0,7,2.586,2,0,0,0.009608,0.326212,-2.794863,1126000,6635.4
1127,1000,163.3447,16,0.32,,1,0,7,2.5495,1,1,0,0.009718,0.212258,-3.291581,1127000,6641.2
1128,1000,176.3694,16,0.32,,1,0,7,2.5495,1,246,0,0.009745,0.231693,-3.394103,1128000,6647.1
1129,1000,152.4061,14,0.28,,1,0,5,2.0616,1,445,0,0.009607,0.278602,-3.263257,1129000,6652.9
1130,1000,153.7103,15,0.3,,1,0,8,2.8614,1,132,0,0.009462,0.56356,-2.673458,1130000,6658.7
1131,1000,155.8067,15,0.3,,1,0,7,2.586,1,13,0,0.009605,0.322857,-3.337388,1131000,6664.5
1132,1000,222.9818,17,0.34,,1,0,9,3.2692,2,3,0,0.00963,0.358666,-3.251532,1132000,6670.3
1133,1000,125.7208,13,0.26,,1,0,5,1.9203,1,7,0,0.009457,0.422822,-3.892665,1133000,6676.3
1134,1000,109.4223,12,0.24,,1,0,5,1.8708,0,0,0,0.009527,0.30689,-2.812021,1134000,6682.1
1135,1000,159.387,15,0.3,,1,0,7,2.4875,1,0,0,0.009494,0.393577,-4.050607,1135000,6688.1
1136,1000,105.8099,13,0.26,,1,0,5,2.0463,0,12,0,0.0094,0.272236,-2.94211,1136000,6694.1
1137,1000,150.3925,15,0.3,,1,0,5,2.1651,1,879,0,0.009464,0.579893,-3.074872,1137000,6699.9
1138,1000,94.349,13,0.26,,1,0,5,2.0463,0,555,0,0.009532,0.279869,-3.166236,1138000,6705.7
1139,1000,147.7337,15,0.3,,1,0,5,2.1651,1,0,0,0.009514,0.569173,-3.848614,1139000,6711.4
1140,1000,224.2882,20,0.4,,1,0,10,3.5355,1,220,0,0.009758,0.738383,-3.372125,1140000,6717.4
1141,1000,189.7469,17,0.34,,1,0,7,2.586,1,98,0,0.009854,0.393689,-3.123219,1141000,6723.2
1142,1000,137.6895,15,0.3,,1,0,5,2.1651,0,66,0,0.009719,0.458119,-2.863413,1142000,6729.1
1143,1000,233.506,19,0.38,,1,0,9,3.2692,2,298,0,0.009682,0.415606,-3.054237,1143000,6734.9
1144,1000,164.5758,15,0.3,,1,0,6,2.2776,1,51,0,0.009698,0.263119,-2.804796,1144000,6740.8
1145,1000,225.2205,18,0.36,,1,0,9,3.2016,2,8,0,0.009696,0.213081,-2.661117,1145000,6746.9
1146,1000,157.3595,14,0.28,,1,0,5,2.0616,1,30,0,0.009486,0.279261,-2.909184,1146000,6752.9
1147,1000,128.7846,15,0.3,,1,0,5,2.1651,0,0,0,0.009416,0.437396,-3.451412,1147000,6758.6
1148,1000,249.7343,16,0.32,,1,0,6,2.3452,3,27,0,0.00932,0.246286,-3.240163,1148000,6764.4
1149,1000,289.2739,21,0.42,,1,0,10,3.562,3,133,0,0.009383,0.214539,-3.894247,1149000,6770.3
1150,1000,173.7913,16,0.32,,1,0,6,2.3452,1,0,0,0.00948,0.396464,-2.854126,1150000,6776.3
1151,1000,203.4963,17,0.34,,1,0,8,2.8614,2,0,0,0.009554,0.425599,-3.350876,1151000,6782.3
1152,1000,128.2936,14,0.28,,1,0,5,2.0616,0,111,0,0.00945,0.642058,-3.854687,1152000,6788.1
1153,1000,184.0814,17,0.34,,1,0,8,2.8614,1,63,0,0.009589,0.359073,-3.073714,1153000,6793.9
1154,1000,171.162,16,0.32,,1,0,6,2.3452,1,253,0,0.009469,0.733084,-3.705635,1154000,6799.8
1155,1000,298.4911,22,0.44,,1,0,10,3.6401,3,303,0,0.00929,0.277252,-3.01963,1155000,6805.9
1156,1000,165.4156,15,0.3,,1,0,6,2.2776,1,203,0,0.00952,0.162481,-2.451327,1156000,6811.8
1157,1000,146.6749,14,0.28,,1,0,5,2.0616,1,0,0,0.009506,0.589747,-3.230613,1157000,6817.7
1158,1000,132.3093,15,0.3,,1,0,5,2.1651,0,9,0,0.009852,0.280174,-3.280903,1158000,6823.8
1159,1000,169.4361,16,0.32,,1,0,6,2.3452,1,464,0,0.009913,0.474754,-3.383545,1159000,6829.7
1160,1000,201.5155,16,0.32,,1,0,6,2.3452,2,514,0,0.009874,0.214339,-3.956844,1160000,6835.6
1161,1000,170.7747,16,0.32,,1,0,6,2.3452,1,193,0,0.009757,0.459053,-3.318542,1161000,6841.5
1162,1000,161.9193,15,0.3,,1,0,5,2.1651,1,355,0,0.009646,0.21664,-3.218314,1162000,6847.5
1163,1000,176.1635,16,0.32,,1,0,8,2.9155,1,222,0,0.009322,0.181815,-3.464259,1163000,6853.4
1164,1000,250.6455,20,0.4,,1,0,9,3.6742,2,266,0,0.009652,0.36896,-2.264451,1164000,6859.3
1165,1000,129.7901,15,0.3,,1,0,5,2.1651,0,211,0,0.009605,0.183391,-3.331593,1165000,6865.1
1166,1000,179.0022,17,0.34,,1,0,7,2.586,1,179,0,0.009814,0.215538,-2.232032,1166000,6870.9
1167,1000,182.326,17,0.34,,1,0,7,2.586,1,96,0,0.009808,0.223073,-2.63927,1167000,6876.7
1168,1000,247.1939,19,0.38,,1,0,9,3.2692,2,79,0,0.010135,0.302761,-3.341972,1168000,6882.8
1169,1000,171.032,16,0.32,,1,0,7,2.5495,1,29,0,0.010028,0.308702,-3.393607,1169000,6888.9
1170,1000,128.9873,14,0.28,,1,0,5,2.0616,0,175,0,0.010246,0.284435,-2.482404,1170000,6894.8
1171,1000,196.2068,16,0.32,,1,0,6,2.3452,2,581,0,0.010057,0.206053,-3.368345,1171000,6900.7
1172,1000,153.7301,16,0.32,,1,0,7,2.5495,1,752,0,0.009761,0.236752,-2.883399,1172000,6906.5
1173,1000,129.8118,15,0.3,,0,1,5,1.6394,0,285,0,0.009858,0.27498,-3.059589,1173000,6912.4
1174,1000,129.8887,15,0.3,,1,0,5,2.1651,0,0,0,0.009599,0.212287,-3.509827,1174000,6918.3
1175,1000,196.0672,18,0.36,,1,0,8,2.8723,1,190,0,0.009784,0.274386,-3.778526,1175000,6924.3
1176,1000,134.2295,15,0.3,,1,0,5,2.1651,0,80,0,0.009777,0.317127,-2.452165,1176000,6930.2
1177,1000,270.8165,23,0.46,,1,0,9,3.6997,2,634,0,0.009901,0.715104,-3.882322,1177000,6936.1
1178,1000,171.5555,17,0.34,,1,0,7,2.586,1,1085,0,0.009752,0.24141,-4.220114,1178000,6942.0
1179,1000,133.2679,13,0.26,,1,0,6,2.1651,1,693,0,0.009888,0.295788,-3.053649,1179000,6948.0
1180,1000,115.9295,14,0.28,,1,0,5,2.0616,0,82,0,0.009867,0.232613,-3.630883,1180000,6953.8
1181,1000,134.9515,13,0.26,,1,0,5,1.9203,1,239,0,0.009794,0.186248,-2.531179,1181000,6959.7
1182,1000,222.8848,18,0.36,,1,0,8,2.958,2,310,0,0.009792,0.455937,-3.193073,1182000,6965.7
1183,1000,108.7169,13,0.26,,1,0,5,2.0463,0,259,0,0.009723,0.351822,-3.50663,1183000,6971.8
1184,1000,188.0327,18,0.36,,1,0,8,2.8723,1,476,0,0.010123,0.266077,-3.056422,1184000,6977.7
1185,1000,163.2797,16,0.32,,1,0,6,2.3452,1,48,0,0.010033,1.888492,-3.138369,1185000,6983.7
1186,1000,210.5798,19,0.38,,1,0,10,3.562,1,19,0,0.009884,0.248368,-3.460284,1186000,6989.5
1187,1000,121.4645,15,0.3,,1,0,5,2.1651,1,1473,0,0.009603,0.36853,-4.024213,1187000,6995.3
1188,1000,245.8128,17,0.34,,1,0,6,2.4875,3,98,0,0.009672,0.491902,-3.035944,1188000,7001.1
1189,1000,129.1977,15,0.3,,1,0,5,2.1651,0,419,0,0.01006,0.456564,-3.584917,1189000,7006.9
1190,1000,221.5025,19,0.38,,1,0,9,3.1918,2,705,0,0.010126,0.208231,-2.842894,1190000,7012.6
1191,1000,183.3269,17,0.34,,1,0,9,3.1918,1,14,0,0.010262,0.384396,-3.423582,1191000,7018.5
1192,1000,157.6694,16,0.32,,1,0,6,2.3452,1,424,0,0.010018,0.212472,-3.496567,1192000,7024.3
1193,1000,142.5813,13,0.26,,1,0,5,1.9203,1,91,0,0.010116,0.254477,-3.49052,1193000,7030.1
1194,1000,147.7168,14,0.28,,1,0,6,2.2913,1,129,0,0.010199,0.350243,-3.891099,1194000,7035.9
1195,1000,164.2763,15,0.3,,1,0,6,2.2776,1,399,0,0.010077,0.709662,-2.7134,1195000,7041.8
1196,1000,287.2631,21,0.42,,1,0,9,3.3448,3,290,0,0.010038,0.500858,-4.040709,1196000,7047.6
1197,1000,150.8104,16,0.32,,1,0,8,2.8284,1,313,0,0.009872,0.381927,-4.112111,1197000,7053.5
1198,1000,181.0223,16,0.32,,1,0,6,2.3452,2,509,0,0.009923,0.171104,-3.454218,1198000,7059.3
1199,1000,194.1012,18,0.36,,1,0,8,2.8723,1,270,0,0.010078,0.333881,-3.541127,1199000,7065.3
1200,1000,190.2137,16,0.32,,1,0,7,2.5495,2,355,0,0.009932,0.23077,-3.492846,1200000,7071.1
1201,1000,159.6818,16,0.32,,1,0,8,2.8284,1,103,0,0.009896,0.278864,-2.990163,1201000,7076.9
1202,1000,207.8732,16,0.32,,1,0,6,2.3452,2,129,0,0.009928,0.366436,-4.449787,1202000,7082.9
1203,1000,152.5571,15,0.3,,1,0,5,2.1651,1,265,0,0.009929,0.249617,-3.891276,1203000,7088.7
1204,1000,162.2803,15,0.3,,1,0,6,2.2776,2,1237,0,0.009717,0.315223,-4.023649,1204000,7094.5
1205,1000,231.0909,19,0.38,,1,0,9,3.1918,2,531,0,0.009727,0.255491,-4.608448,1205000,7100.2
1206,1000,107.5315,14,0.28,,1,0,5,2.0616,0,66,0,0.00984,0.320092,-4.622519,1206000,7105.9
1207,1000,119.4168,15,0.3,,1,0,5,2.1651,0,745,0,0.009773,0.292308,-3.631457,1207000,7111.7
1208,1000,220.5439,18,0.36,,1,0,8,2.8723,2,146,0,0.009443,0.280126,-3.942487,1208000,7117.7
1209,1000,175.2068,19,0.38,,1,0,10,3.562,1,1374,0,0.009422,0.336447,-4.056424,1209000,7123.6
1210,1000,116.5585,14,0.28,,1,0,5,2.0616,0,50,0,0.009558,0.331231,-4.262769,1210000,7129.4
1211,1000,113.1414,14,0.28,,1,0,5,2.0616,0,169,0,0.009664,0.263909,-3.296675,1211000,7135.3
1212,1000,265.3592,21,0.42,,1,0,10,3.562,2,256,0,0.009546,0.472996,-4.190629,1212000,7141.1
1213,1000,164.7275,15,0.3,,1,0,5,2.1651,1,69,0,0.009869,0.280936,-3.89309,1213000,7146.8
1214,1000,159.437,15,0.3,,1,0,5,2.1651,1,242,0,0.009663,0.259403,-3.813128,1214000,7152.5
1215,1000,138.3905,13,0.26,,1,0,5,1.9203,1,278,0,0.00964,0.237897,-3.523994,1215000,7158.4
1216,1000,195.6785,18,0.36,,1,0,8,2.8723,1,91,0,0.009789,0.385653,-4.127295,1216000,7164.3
1217,1000,124.4481,14,0.28,,1,0,5,2.0616,1,874,0,0.009889,0.386143,-4.206614,1217000,7170.1
1218,1000,149.8794,14,0.28,,1,0,5,2.0616,1,5,0,0.010132,0.562126,-3.15657,1218000,7176.1
1219,1000,105.5881,14,0.28,,1,0,5,2.0616,0,446,0,0.009835,0.28658,-3.739976,1219000,7182.0
1220,1000,285.8219,21,0.42,,1,0,9,3.3448,3,616,0,0.010076,0.802928,-3.598869,1220000,7187.9
1221,1000,153.845,15,0.3,,1,0,5,2.1651,1,602,0,0.010258,0.349432,-3.086276,1221000,7193.8
1222,1000,141.028,15,0.3,,1,0,6,2.2776,1,903,0,0.010231,0.230296,-3.495952,1222000,7199.6
1223,1000,170.5568,14,0.28,,1,0,5,2.0616,2,358,0,0.010165,0.295637,-4.10156,1223000,7205.4
1224,1000,168.4388,17,0.34,,1,0,8,2.8614,1,152,0,0.010221,0.329324,-3.371736,1224000,7211.3
1225,1000,80.3464,14,0.28,,1,0,5,2.0616,0,18,0,0.010242,0.392218,-3.669641,1225000,7217.2
1226,1000,173.6567,17,0.34,,1,0,8,2.8614,1,12,0,0.010313,0.236203,-3.655132,1226000,7223.1
1227,1000,126.7631,12,0.24,,1,0,5,2.1213,1,140,0,0.010237,0.466017,-4.018747,1227000,7229.2
1228,1000,76.3241,13,0.26,,1,0,5,1.9203,0,0,0,0.010205,0.241898,-3.695403,1228000,7235.3
1229,1000,79.9065,14,0.28,,1,0,5,2.0616,0,320,0,0.010065,0.213755,-3.583532,1229000,7241.2
1230,1000,195.4395,18,0.36,,1,0,9,3.2016,1,48,0,0.010349,0.576426,-3.921941,1230000,7247.2
1231,1000,262.1671,21,0.42,,1,0,9,3.3448,2,21,0,0.010476,0.709635,-4.163938,1231000,7253.1
1232,1000,178.5142,16,0.32,,1,0,6,2.3452,2,193,0,0.010282,0.432679,-3.22528,1232000,7258.8
1233,1000,150.9836,14,0.28,,1,0,5,2.0616,1,26,0,0.010079,0.28559,-3.375221,1233000,7264.6
1234,1000,202.9214,16,0.32,,1,0,6,2.3452,2,391,0,0.010398,0.866848,-3.864683,1234000,7270.4
1235,1000,332.3165,25,0.5,,1,0,9,3.6315,3,3,0,0.010308,0.520108,-4.053168,1235000,7276.1
1236,1000,239.6053,20,0.4,,1,0,9,3.2404,2,241,0,0.010432,0.46487,-3.363585,1236000,7282.1
1237,1000,92.7434,13,0.26,,1,0,5,1.9203,0,411,0,0.010395,0.313047,-3.623407,1237000,7288.1
1238,1000,156.0661,15,0.3,,1,0,5,2.1651,1,0,0,0.010443,0.269473,-3.063116,1238000,7293.8
1239,1000,127.4832,13,0.26,,1,0,5,1.9203,1,362,0,0.010328,0.310662,-4.125761,1239000,7299.6
1240,1000,312.4554,23,0.46,,1,0,8,3.3448,3,179,0,0.010809,0.386092,-3.301313,1240000,7305.5
1241,1000,115.0814,14,0.28,,1,0,5,2.0616,0,111,0,0.010625,0.525695,-3.447023,1241000,7311.6
1242,1000,230.9354,19,0.38,,1,0,8,2.9475,2,0,0,0.010555,0.233065,-3.478793,1242000,7317.4
1243,1000,207.4934,16,0.32,,1,0,7,2.7386,2,50,0,0.010835,0.347803,-2.985972,1243000,7323.2
1244,1000,159.8928,15,0.3,,1,0,5,2.1651,1,93,0,0.010797,0.328453,-3.139726,1244000,7328.9
1245,1000,229.7068,19,0.38,,1,0,7,2.8614,2,523,0,0.010724,0.271525,-3.914795,1245000,7334.6
1246,1000,258.6009,21,0.42,,1,0,10,3.562,2,340,0,0.011066,0.480414,-2.835897,1246000,7340.4
1247,1000,126.3056,15,0.3,,1,0,5,2.1651,0,105,0,0.010819,0.278258,-4.09002,1247000,7346.3
1248,1000,122.0511,15,0.3,,1,0,5,2.1651,0,561,0,0.010628,0.392145,-3.192698,1248000,7352.4
1249,1000,112.5614,14,0.28,,1,0,5,2.0616,0,188,0,0.010814,0.278709,-4.308131,1249000,7358.6
1250,1000,195.757,18,0.36,,1,0,7,2.8723,2,502,0,0.01073,0.316989,-3.828325,1250000,7364.7
1251,1000,140.4115,13,0.26,,1,0,5,1.9203,1,61,0,0.010586,0.238851,-3.697541,1251000,7370.5
1252,1000,136.1696,13,0.26,,1,0,5,1.9203,1,2,0,0.010627,0.282647,-2.320536,1252000,7376.3
1253,1000,151.8424,13,0.26,,1,0,5,2.0463,1,115,0,0.010817,0.339486,-2.859971,1253000,7382.2
1254,1000,110.387,14,0.28,,1,0,5,2.0616,0,817,0,0.011076,0.482017,-2.723698,1254000,7388.0
1255,1000,119.1993,15,0.3,,1,0,5,2.1651,0,346,0,0.011004,0.510852,-3.507978,1255000,7393.9
1256,1000,196.1799,17,0.34,,1,0,8,2.8614,2,353,0,0.010622,0.255581,-3.187388,1256000,7399.8
1257,1000,160.5155,15,0.3,,1,0,6,2.2776,1,233,0,0.01108,0.35016,-3.278465,1257000,7405.5
1258,1000,146.1194,15,0.3,,1,0,6,2.2776,1,540,0,0.010952,0.473973,-3.855394,1258000,7411.5
1259,1000,172.1186,15,0.3,,1,0,5,2.1651,1,20,0,0.010913,0.422844,-4.496489,1259000,7417.6
1260,1000,71.1749,11,0.22,,1,0,5,1.9203,0,108,0,0.010867,0.289395,-3.539132,1260000,7423.5
1261,1000,179.3393,17,0.34,,1,0,8,2.8614,1,41,0,0.010834,0.386761,-3.68911,1261000,7429.4
1262,1000,170.9503,15,0.3,,1,0,6,2.2776,1,106,0,0.010673,0.236873,-3.784352,1262000,7435.2
1263,1000,142.9753,14,0.28,,1,0,5,2.0616,1,2,0,0.010719,0.29781,-3.078671,1263000,7441.1
1264,1000,111.0531,11,0.22,,1,0,5,1.9203,1,363,0,0.010695,0.416762,-4.026504,1264000,7447.1
1265,1000,138.9319,15,0.3,,1,0,6,2.2776,1,919,0,0.010738,0.565343,-4.149152,1265000,7452.9
1266,1000,98.6408,13,0.26,,1,0,5,1.9203,0,49,0,0.010721,0.913192,-3.288027,1266000,7458.8
1267,1000,136.3668,15,0.3,,1,0,5,2.1651,0,223,0,0.010883,0.201018,-3.792364,1267000,7464.7
1268,1000,113.4793,14,0.28,,1,0,5,2.0616,0,400,0,0.010644,0.475126,-3.904786,1268000,7470.8
1269,1000,77.671,11,0.22,,1,0,4,1.6394,0,0,0,0.010749,0.24531,-4.713243,1269000,7476.8
1270,1000,167.0055,16,0.32,,1,0,6,2.3452,1,149,0,0.010662,0.49072,-3.671217,1270000,7482.8
1271,1000,212.1603,17,0.34,,1,0,8,2.8614,2,184,0,0.010756,0.557182,-3.834386,1271000,7488.7
1272,1000,222.5823,18,0.36,,1,0,7,2.6926,2,222,0,0.010893,0.393778,-3.690761,1272000,7494.4
1273,1000,121.7527,14,0.28,,1,0,5,2.0616,0,70,0,0.010871,0.36987,-3.50025,1273000,7500.3
1274,1000,224.2372,18,0.36,,1,0,7,2.8723,2,211,0,0.010731,0.217624,-3.733808,1274000,7506.2
1275,1000,238.8481,19,0.38,,1,0,9,3.1918,2,0,0,0.010684,0.265647,-4.493319,1275000,7512.0
1276,1000,146.9672,14,0.28,,1,0,7,2.6926,1,297,0,0.010784,0.291123,-3.617238,1276000,7518.0
1277,1000,254.637,21,0.42,,1,0,9,3.562,2,45,0,0.010742,0.255692,-3.264527,1277000,7523.7
1278,1000,172.7172,16,0.32,,1,0,7,2.5495,1,388,0,0.010801,0.414316,-3.865594,1278000,7529.7
1279,1000,118.6204,14,0.28,,1,0,5,2.0616,0,399,0,0.010719,0.202466,-4.042097,1279000,7535.6
1280,1000,224.9929,15,0.3,,1,0,5,2.1651,3,301,0,0.010862,0.266265,-4.252563,1280000,7541.4
1281,1000,227.0245,18,0.36,,1,0,8,2.8723,2,15,0,0.010942,0.606927,-3.550059,1281000,7547.1
1282,1000,191.4707,17,0.34,,1,0,7,2.586,1,6,0,0.011019,0.276703,-4.240225,1282000,7552.9
1283,1000,163.6236,15,0.3,,1,0,5,2.1651,1,43,0,0.01106,0.320241,-3.572049,1283000,7558.8
1284,1000,308.6826,22,0.44,,1,0,9,3.5,3,58,0,0.011274,0.3214,-3.729414,1284000,7564.5
1285,1000,111.4162,14,0.28,,1,0,5,2.0616,0,0,0,0.011514,0.284025,-4.106326,1285000,7570.4
1286,1000,224.9105,19,0.38,,1,0,8,2.9475,2,173,0,0.0116,0.611992,-3.301089,1286000,7576.1
1287,1000,215.7074,20,0.4,,1,0,10,3.5355,1,83,0,0.011727,0.471173,-3.828679,1287000,7581.9
1288,1000,267.8499,19,0.38,,1,0,7,2.7726,3,121,0,0.011782,0.25299,-3.990021,1288000,7587.6
1289,1000,109.7514,14,0.28,,1,0,5,2.0616,0,42,0,0.01171,0.552105,-4.311855,1289000,7593.3
1290,1000,161.2365,15,0.3,,1,0,6,2.2776,1,0,0,0.011586,0.662545,-3.623254,1290000,7599.3
1291,1000,280.296,23,0.46,,1,0,10,3.7666,2,156,0,0.011685,0.482287,-2.538185,1291000,7605.1
1292,1000,288.8459,21,0.42,,1,0,9,3.3448,3,284,0,0.011572,0.35247,-3.358965,1292000,7610.9
1293,1000,295.0848,22,0.44,,1,0,9,3.5,3,13,0,0.011779,0.740642,-3.484997,1293000,7616.6
1294,1000,182.7738,16,0.32,,1,0,6,2.3452,2,1346,0,0.012031,0.643683,-3.529068,1294000,7622.5
1295,1000,156.3307,16,0.32,,1,0,6,2.3452,1,4,0,0.012002,0.318136,-3.547722,1295000,7628.2
1296,1000,146.9958,15,0.3,,1,0,7,2.4875,1,0,0,0.011849,0.379931,-3.495305,1296000,7634.1
1297,1000,105.7832,14,0.28,,1,0,5,2.0616,0,22,0,0.011909,0.348935,-3.94383,1297000,7639.9
1298,1000,193.6081,18,0.36,,1,0,9,3.2016,1,19,0,0.011763,1.057329,-4.448691,1298000,7645.7
1299,1000,201.6706,16,0.32,,1,0,6,2.4495,2,424,0,0.011613,0.354006,-3.494203,1299000,7651.6
1300,1000,261.2943,19,0.38,,1,0,8,2.9475,3,261,0,0.01181,0.363553,-3.176839,1300000,7657.5
1301,1000,256.7572,21,0.42,,1,0,10,3.562,2,164,0,0.012295,0.696742,-3.372198,1301000,7663.3
1302,1000,184.9016,16,0.32,,1,0,7,2.5495,1,0,0,0.012194,0.602349,-4.059384,1302000,7669.3
1303,1000,175.4341,14,0.28,,1,0,5,2.0616,2,843,0,0.012241,0.369831,-3.520476,1303000,7675.2
1304,1000,137.6422,13,0.26,,1,0,5,2.0463,1,0,0,0.01222,0.290369,-3.94334,1304000,7680.9
1305,1000,189.8503,18,0.36,,1,0,8,2.8723,1,10,0,0.012221,0.462728,-3.36204,1305000,7686.6
1306,1000,172.8615,16,0.32,,1,0,8,2.8284,1,193,0,0.012289,0.384183,-2.864561,1306000,7692.4
1307,1000,202.3252,15,0.3,,1,0,5,2.1651,2,0,0,0.012148,0.329924,-4.049329,1307000,7698.2
1308,1000,172.7539,15,0.3,,1,0,5,2.1651,2,950,0,0.012066,0.429384,-3.881617,1308000,7703.9
1309,1000,168.3677,14,0.28,,1,0,5,2.0616,2,683,0,0.01203,0.355406,-3.612912,1309000,7709.7
1310,1000,167.7002,15,0.3,,1,0,6,2.2776,1,28,0,0.011766,0.289816,-3.397748,1310000,7715.5
1311,1000,284.4368,21,0.42,,1,0,9,3.3448,3,227,0,0.011647,0.788282,-3.84034,1311000,7721.2
1312,1000,248.9284,20,0.4,,1,0,10,3.5355,2,5,0,0.011655,0.4416,-3.9052,1312000,7726.9
1313,1000,96.5268,13,0.26,,1,0,5,1.9203,0,0,0,0.011416,0.25309,-4.338199,1313000,7732.7
1314,1000,94.132,13,0.26,,1,0,5,1.9203,0,7,0,0.011437,0.757111,-3.414607,1314000,7738.4
1315,1000,150.6988,15,0.3,,1,0,7,2.4875,1,1,0,0.011527,0.389012,-3.654851,1315000,7744.2
1316,1000,177.1834,16,0.32,,1,0,7,2.5495,1,2,0,0.01151,0.269349,-4.161518,1316000,7749.9
1317,1000,238.1322,15,0.3,,1,0,5,2.1651,3,31,0,0.011603,0.895162,-3.278967,1317000,7755.6
1318,1000,197.1787,18,0.36,,1,0,8,2.8723,1,63,0,0.011704,0.354071,-3.300931,1318000,7761.3
1319,1000,155.9225,16,0.32,,1,0,8,2.8284,1,0,0,0.011671,0.390417,-3.156737,1319000,7767.0
1320,1000,186.8314,18,0.36,,1,0,9,3.2016,1,0,0,0.011888,0.398228,-3.6227,1320000,7772.7
1321,1000,190.6175,16,0.32,,1,0,7,2.5495,2,706,0,0.012085,0.549128,-2.578182,1321000,7778.5
1322,1000,159.1543,15,0.3,,1,0,5,2.1651,1,26,0,0.011801,0.300065,-3.601757,1322000,7784.2
1323,1000,163.7195,15,0.3,,1,0,5,2.1651,1,124,0,0.011645,0.488772,-3.468307,1323000,7790.0
1324,1000,178.7158,15,0.3,,1,0,7,2.586,2,620,0,0.011698,0.270398,-3.718322,1324000,7795.7
1325,1000,60.2446,9,0.18,,1,0,5,1.7854,0,363,0,0.012005,0.263117,-4.314188,1325000,7801.5
1326,1000,242.041,19,0.38,,1,0,7,2.8614,2,52,0,0.01207,0.334708,-3.982234,1326000,7807.2
1327,1000,200.3342,17,0.34,,1,0,7,2.586,2,0,0,0.012158,0.348778,-3.522333,1327000,7812.9
1328,1000,121.8569,14,0.28,,1,0,5,2.0616,0,64,0,0.01189,0.484869,-4.563011,1328000,7818.6
1329,1000,119.9694,13,0.26,,1,0,6,2.1651,1,439,0,0.012005,0.349222,-3.313342,1329000,7824.5
1330,1000,154.1161,14,0.28,,1,0,5,2.0616,1,47,0,0.012059,0.342426,-3.881185,1330000,7830.3
1331,1000,176.834,15,0.3,,1,0,5,2.1651,2,298,0,0.011992,0.37147,-3.720615,1331000,7836.2
1332,1000,171.6097,17,0.34,,1,0,10,3.6315,1,799,0,0.012138,0.712205,-3.728334,1332000,7842.1
1333,1000,122.963,12,0.24,,1,0,6,2.5495,1,415,0,0.012045,0.693164,-3.601872,1333000,7847.9
1334,1000,125.1758,15,0.3,,1,0,7,2.4875,1,1343,0,0.01218,0.884716,-3.383089,1334000,7853.9
1335,1000,100.92,13,0.26,,1,0,5,2.0463,0,86,0,0.012068,0.842577,-4.168096,1335000,7859.7
1336,1000,143.9825,13,0.26,,1,0,5,1.9203,1,0,0,0.011791,0.516656,-4.18572,1336000,7865.6
1337,1000,274.7372,20,0.4,,1,0,8,3.0,3,84,0,0.011997,0.560476,-4.255048,1337000,7871.4
1338,1000,200.3454,19,0.38,,1,0,9,3.1918,1,316,0,0.011903,0.568466,-3.989161,1338000,7877.3
1339,1000,89.778,13,0.26,,1,0,5,2.0463,0,39,0,0.011753,0.480146,-3.425444,1339000,7883.0
1340,1000,207.5678,17,0.34,,1,0,8,2.8614,2,4,0,0.011524,0.578024,-3.097813,1340000,7888.8
1341,1000,155.0188,14,0.28,,1,0,5,2.0616,1,0,0,0.01166,0.306289,-3.845798,1341000,7894.7
1342,1000,103.6808,12,0.24,,1,0,5,2.1213,0,28,0,0.011275,0.245492,-3.493131,1342000,7900.6
1343,1000,156.847,15,0.3,,1,0,6,2.2776,1,1,0,0.01138,0.483428,-3.479469,1343000,7906.5
1344,1000,199.0933,18,0.36,,1,0,9,3.2016,1,170,0,0.011324,0.486436,-3.958714,1344000,7912.3
1345,1000,262.5315,18,0.36,,1,0,8,2.8723,3,186,0,0.011122,0.659713,-3.893204,1345000,7918.1
1346,1000,180.3932,16,0.32,,1,0,6,2.3452,1,241,0,0.01096,0.334101,-4.387302,1346000,7923.9
1347,1000,35.3347,8,0.16,,1,0,4,1.4142,0,1023,0,0.011058,0.332794,-2.755189,1347000,7929.8
1348,1000,198.3256,15,0.3,,1,0,6,2.2776,2,107,0,0.01071,0.388228,-3.435703,1348000,7935.6
1349,1000,243.1982,20,0.4,,1,0,10,3.5355,2,140,0,0.010797,0.605798,-3.571854,1349000,7941.3
1350,1000,235.5756,19,0.38,,1,0,8,2.9475,2,317,0,0.011027,0.32339,-3.302578,1350000,7947.1
1351,1000,115.6963,15,0.3,,1,0,5,2.1651,0,274,0,0.010963,0.528224,-2.839075,1351000,7952.8
1352,1000,169.3267,16,0.32,,1,0,7,2.5495,1,0,0,0.010929,0.286468,-3.462409,1352000,7958.7
1353,1000,159.453,15,0.3,,1,0,7,2.4875,1,3,0,0.011147,0.30069,-4.214081,1353000,7964.5
1354,1000,111.8128,13,0.26,,1,0,5,1.9203,1,0,0,0.011023,0.594517,-3.065686,1354000,7970.3
1355,1000,83.2693,11,0.22,,1,0,5,1.9203,0,449,0,0.01116,0.467299,-4.469217,1355000,7976.1
1356,1000,229.9806,18,0.36,,1,0,7,2.6926,2,9,0,0.011228,0.260487,-2.708375,1356000,7981.8
1357,1000,197.4758,16,0.32,,1,0,6,2.4495,2,369,0,0.011144,0.320709,-4.156471,1357000,7987.7
1358,1000,157.1193,14,0.28,,1,0,5,2.0616,1,159,0,0.011086,0.27471,-3.628907,1358000,7993.6
1359,1000,223.9684,18,0.36,,1,0,8,2.8723,2,0,0,0.010886,0.769679,-3.554078,1359000,7999.3
1360,1000,120.8522,11,0.22,,1,0,5,1.9203,1,485,0,0.010751,0.382827,-3.238956,1360000,8005.2
1361,1000,98.0401,12,0.24,,1,0,4,1.7321,0,26,0,0.01097,0.853334,-3.809875,1361000,8011.1
1362,1000,239.8462,20,0.4,,1,0,9,4.062,2,315,0,0.011099,0.53963,-3.401492,1362000,8017.0
1363,1000,95.0357,13,0.26,,1,0,5,1.9203,0,0,0,0.011127,0.277472,-3.467689,1363000,8022.9
1364,1000,265.9522,19,0.38,,1,0,9,3.1918,3,653,0,0.010992,0.574403,-2.972858,1364000,8028.7
1365,1000,167.2681,16,0.32,,1,0,8,2.9155,1,0,0,0.010751,0.200045,-3.416412,1365000,8034.6
1366,1000,246.5226,17,0.34,,1,0,7,2.586,3,98,0,0.010909,0.305607,-3.104198,1366000,8040.5
1367,1000,82.7643,13,0.26,,1,0,5,1.9203,0,0,0,0.01084,0.236447,-3.30241,1367000,8046.5
1368,1000,184.7323,17,0.34,,1,0,7,2.586,1,138,0,0.010767,0.315076,-2.506319,1368000,8052.4
1369,1000,237.3466,19,0.38,,1,0,8,2.9475,2,26,0,0.011016,0.328022,-3.739233,1369000,8058.2
1370,1000,93.2866,14,0.28,,1,0,5,2.0616,0,61,0,0.0111,0.281788,-2.310884,1370000,8064.0
1371,1000,190.6427,18,0.36,,1,0,10,3.5707,1,134,0,0.011061,0.247181,-3.820063,1371000,8069.8
1372,1000,144.34,14,0.28,,1,0,5,2.0616,1,895,0,0.010767,0.307121,-3.048264,1372000,8075.8
1373,1000,236.9967,20,0.4,,1,0,10,3.6056,2,168,0,0.010732,0.524117,-3.710051,1373000,8081.6
1374,1000,89.0189,12,0.24,,1,0,4,1.7321,0,24,0,0.010703,0.393225,-3.248987,1374000,8087.8
1375,1000,93.1765,11,0.22,,1,0,5,1.7854,0,11,0,0.010379,0.277314,-2.881618,1375000,8093.7
1376,1000,185.5622,18,0.36,,1,0,9,3.2016,1,620,0,0.010483,0.276332,-3.028522,1376000,8099.5
1377,1000,129.9509,14,0.28,,1,0,6,2.1794,1,497,0,0.010305,0.231358,-3.280474,1377000,8105.4
1378,1000,263.6056,21,0.42,,1,0,10,3.562,2,318,0,0.010316,0.233018,-2.581542,1378000,8111.2
1379,1000,163.6626,15,0.3,,1,0,6,2.2776,1,26,0,0.010359,0.741187,-2.436214,1379000,8117.0
1380,1000,189.2268,18,0.36,,1,0,9,3.2016,1,0,0,0.01042,0.23878,-2.825606,1380000,8122.8
1381,1000,173.7189,15,0.3,,1,0,5,2.1651,1,320,0,0.010181,0.839318,-2.863564,1381000,8128.6
1382,1000,55.6422,9,0.18,,1,0,5,1.7854,0,998,0,0.010672,0.419927,-2.777533,1382000,8134.4
1383,1000,206.9003,16,0.32,,1,0,6,2.4495,2,296,0,0.010431,0.211151,-4.036879,1383000,8140.2
1384,1000,153.2206,14,0.28,,1,0,8,2.958,1,0,0,0.01057,0.741435,-2.651192,1384000,8146.0
1385,1000,144.2211,14,0.28,,1,0,6,2.2913,1,962,0,0.010532,0.339427,-3.697598,1385000,8151.8
1386,1000,169.9914,16,0.32,,1,0,6,2.3452,1,58,0,0.010421,0.468287,-1.936213,1386000,8157.5
1387,1000,154.5752,14,0.28,,1,0,5,2.0616,1,175,0,0.0104,0.296655,-3.246306,1387000,8163.4
1388,1000,102.3356,13,0.26,,1,0,5,1.9203,0,427,0,0.010507,0.419546,-2.8583,1388000,8169.4
1389,1000,171.253,17,0.34,,1,0,7,2.586,1,624,0,0.010403,0.348668,-3.222822,1389000,8175.4
1390,1000,111.5308,14,0.28,,1,0,5,2.0616,0,111,0,0.010066,0.447703,-3.057483,1390000,8181.2
1391,1000,183.5256,17,0.34,,1,0,8,2.8614,1,26,0,0.010287,0.775422,-3.386539,1391000,8187.1
1392,1000,142.3845,15,0.3,,1,0,9,3.3448,1,964,0,0.01032,0.670653,-2.863919,1392000,8193.0
1393,1000,198.9974,16,0.32,,1,0,8,2.9155,2,467,0,0.010358,0.508263,-2.375715,1393000,8199.0
1394,1000,285.0198,21,0.42,,1,0,10,3.562,3,590,0,0.010428,0.231667,-2.874903,1394000,8204.9
1395,1000,97.785,13,0.26,,1,0,5,1.9203,0,34,0,0.010375,0.224296,-3.126587,1395000,8210.8
1396,1000,216.2513,16,0.32,,1,0,6,2.3452,2,26,0,0.010526,0.309527,-2.866721,1396000,8216.5
1397,1000,187.5914,18,0.36,,1,0,8,2.8723,1,120,0,0.010276,0.370603,-3.593426,1397000,8222.3
1398,1000,138.7794,15,0.3,,1,0,5,2.1651,1,558,0,0.010345,0.373237,-2.777487,1398000,8228.0
1399,1000,111.1554,13,0.26,,1,0,5,1.9203,0,0,0,0.010397,0.35816,-2.751868,1399000,8233.9
1400,1000,191.2938,17,0.34,,1,0,8,2.8614,2,345,0,0.010316,0.328564,-3.325852,1400000,8239.7
1401,1000,85.4127,12,0.24,,1,0,4,1.7321,0,0,0,0.010265,0.427854,-3.269826,1401000,8245.9
1402,1000,126.5856,13,0.26,,1,0,5,2.0463,1,590,0,0.010366,0.310825,-3.810495,1402000,8252.1
1403,1000,195.4799,15,0.3,,1,0,6,2.2776,2,37,0,0.010222,0.337084,-1.866856,1403000,8258.0
1404,1000,243.4232,16,0.32,,1,0,6,2.3452,3,13,0,0.010112,0.266223,-2.974526,1404000,8264.1
1405,1000,207.0507,16,0.32,,1,0,7,2.5495,2,6,0,0.01033,0.522981,-3.669914,1405000,8270.2
1406,1000,168.9505,15,0.3,,1,0,7,2.586,1,309,0,0.010547,0.258657,-3.556227,1406000,8276.1
1407,1000,77.4,11,0.22,,1,0,4,1.6394,0,120,0,0.010464,0.24242,-3.372346,1407000,8282.0
1408,1000,109.7646,13,0.26,,1,0,5,1.9203,0,35,0,0.010519,0.253223,-3.121979,1408000,8287.8
1409,1000,78.5875,13,0.26,,1,0,5,1.9203,0,373,0,0.01053,0.258142,-2.357821,1409000,8293.7
1410,1000,127.0899,15,0.3,,1,0,5,2.1651,0,437,0,0.010608,0.846478,-3.543469,1410000,8299.4
1411,1000,142.0858,14,0.28,,1,0,5,2.0616,1,14,0,0.010509,0.186548,-2.516088,1411000,8305.4
1412,1000,159.6162,15,0.3,,1,0,6,2.2776,1,244,0,0.010701,0.254698,-2.917199,1412000,8311.4
1413,1000,212.2684,16,0.32,,1,0,6,2.3452,2,0,0,0.010452,0.965149,-3.060628,1413000,8317.2
1414,1000,221.9535,17,0.34,,1,0,7,2.586,2,0,0,0.010706,0.337401,-2.648146,1414000,8323.0
1415,1000,205.7447,15,0.3,,1,0,6,2.4875,2,50,0,0.010422,0.356526,-3.626632,1415000,8328.9
1416,1000,92.401,11,0.22,,1,0,5,1.7854,0,0,0,0.010698,0.522393,-4.051231,1416000,8334.8
1417,1000,210.9866,15,0.3,,1,0,5,2.1651,2,157,0,0.010787,0.588422,-2.580234,1417000,8340.7
1418,1000,145.8676,15,0.3,,1,0,5,2.1651,0,0,0,0.010721,0.226338,-2.73832,1418000,8346.6
1419,1000,129.9722,14,0.28,,1,0,5,2.0616,0,58,0,0.010581,0.2626,-2.763465,1419000,8352.5
1420,1000,194.1811,15,0.3,,1,0,5,2.1651,2,103,0,0.010544,0.295173,-2.875667,1420000,8358.4
1421,1000,255.0458,21,0.42,,1,0,10,3.6997,2,326,0,0.010246,0.381004,-2.871888,1421000,8364.2
1422,1000,217.1903,18,0.36,,1,0,9,3.2016,2,324,0,0.010292,0.45202,-3.338415,1422000,8370.2
1423,1000,150.0142,14,0.28,,1,0,6,2.1794,1,302,0,0.010309,0.285171,-3.166126,1423000,8376.1
1424,1000,157.8522,14,0.28,,1,0,6,2.1794,1,145,0,0.010243,0.473748,-2.614587,1424000,8382.0
1425,1000,119.7356,13,0.26,,1,0,5,2.0463,0,89,0,0.010148,0.33569,-2.667578,1425000,8387.8
1426,1000,137.0112,13,0.26,,1,0,5,1.9203,1,0,0,0.00995,0.273532,-3.132222,1426000,8393.7
1427,1000,137.8762,13,0.26,,1,0,5,1.9203,1,0,0,0.010097,0.316171,-2.638028,1427000,8399.6
1428,1000,233.505,19,0.38,,1,0,10,3.562,2,64,0,0.010079,0.370616,-2.942357,1428000,8405.4
1429,1000,170.3466,16,0.32,,1,0,7,2.5495,1,90,0,0.009865,0.39712,-2.245612,1429000,8411.2
1430,1000,105.2715,12,0.24,,1,0,5,1.8708,0,6,0,0.010152,0.442418,-2.240237,1430000,8417.1
1431,1000,152.2375,14,0.28,,1,0,5,2.0616,1,80,0,0.010256,0.319329,-2.90626,1431000,8423.1
1432,1000,241.3166,16,0.32,,1,0,6,2.3452,3,0,0,0.009995,0.422708,-2.728469,1432000,8428.9
1433,1000,194.3402,17,0.34,,1,0,10,3.6315,1,0,0,0.009776,0.679626,-2.819379,1433000,8434.9
1434,1000,231.602,18,0.36,,1,0,7,2.6926,2,0,0,0.01,0.613348,-3.163924,1434000,8440.9
1435,1000,244.1271,19,0.38,,1,0,8,2.9475,2,323,0,0.010256,0.231563,-3.101279,1435000,8446.8
1436,1000,93.8894,14,0.28,,1,0,5,2.0616,0,1632,0,0.010143,0.165166,-2.566101,1436000,8452.7
1437,1000,111.2106,12,0.24,,1,0,5,1.8708,1,0,0,0.010332,0.414765,-3.254872,1437000,8458.5
1438,1000,274.6137,20,0.4,,1,0,8,3.0822,3,166,0,0.010474,0.355556,-3.002325,1438000,8464.3
1439,1000,104.8942,13,0.26,,1,0,5,1.9203,0,1,0,0.010398,0.330599,-2.707597,1439000,8470.2
1440,1000,77.2512,10,0.2,,1,0,4,1.5,0,0,0,0.010497,0.228008,-2.631093,1440000,8476.4
1441,1000,177.4646,15,0.3,,1,0,6,2.2776,2,884,0,0.010157,0.327187,-2.840585,1441000,8482.4
1442,1000,174.6079,17,0.34,,1,0,8,2.8614,1,23,0,0.010005,0.190821,-2.708208,1442000,8488.2
1443,1000,271.9079,19,0.38,,1,0,8,2.9475,3,95,0,0.01054,0.597564,-2.81118,1443000,8494.0
1444,1000,164.1114,15,0.3,,1,0,7,2.586,1,137,0,0.010549,0.503461,-3.460032,1444000,8499.8
1445,1000,233.1519,16,0.32,,1,0,6,2.3452,3,0,0,0.010397,0.718815,-2.768334,1445000,8505.6
1446,1000,155.5254,16,0.32,,1,0,8,2.8284,1,288,0,0.01015,0.278076,-2.868012,1446000,8511.6
1447,1000,221.3829,18,0.36,,1,0,8,2.8723,2,68,0,0.010057,0.252069,-1.540656,1447000,8517.6
1448,1000,200.5514,15,0.3,,1,0,6,2.2776,2,126,0,0.009928,0.261837,-2.295864,1448000,8523.6
1449,1000,182.8383,18,0.36,,1,0,9,3.2016,1,446,0,0.00993,0.22686,-2.894427,1449000,8529.6
1450,1000,170.2126,16,0.32,,1,0,7,2.5495,1,14,0,0.010105,0.221001,-2.713444,1450000,8535.4
1451,1000,114.7717,13,0.26,,1,0,5,2.0463,0,1,0,0.010319,0.331709,-2.369914,1451000,8541.3
1452,1000,130.6805,12,0.24,,1,0,5,1.8708,1,19,0,0.010045,0.381544,-2.782468,1452000,8547.3
1453,1000,147.0438,15,0.3,,1,0,6,2.2776,1,0,0,0.010413,0.262773,-2.979057,1453000,8553.2
1454,1000,141.0656,13,0.26,,1,0,6,2.1651,1,0,0,0.010463,0.666237,-2.829125,1454000,8559.0
1455,1000,130.8591,16,0.32,,1,0,7,2.5495,1,977,0,0.010297,0.266155,-2.321286,1455000,8565.0
1456,1000,94.0759,11,0.22,,1,0,5,1.7854,0,0,0,0.01027,0.317404,-2.925097,1456000,8570.8
1457,1000,198.1173,16,0.32,,1,0,6,2.4495,2,459,0,0.009974,0.561174,-2.522863,1457000,8576.9
1458,1000,157.7074,15,0.3,,1,0,6,2.2776,1,0,0,0.010261,0.208966,-1.926016,1458000,8582.8
1459,1000,250.9493,20,0.4,,1,0,8,3.3166,2,52,0,0.010249,0.266736,-2.577012,1459000,8588.6
1460,1000,178.9089,17,0.34,,1,0,8,2.8614,1,439,0,0.010152,0.29465,-3.245336,1460000,8594.4
1461,1000,234.6499,20,0.4,,1,0,9,3.3912,2,512,0,0.010097,0.269697,-1.641346,1461000,8600.3
1462,1000,211.5419,17,0.34,,1,0,8,2.8614,2,284,0,0.010012,0.333893,-2.068801,1462000,8606.0
1463,1000,206.208,17,0.34,,1,0,7,2.681,2,250,0,0.010093,0.265215,-1.963126,1463000,8611.9
1464,1000,106.5087,13,0.26,,1,0,5,2.0463,0,371,0,0.01002,0.198348,-2.250807,1464000,8617.7
1465,1000,140.0264,12,0.24,,1,0,6,2.1213,1,16,0,0.009942,0.271812,-2.57739,1465000,8623.5
1466,1000,84.3691,11,0.22,,1,0,4,1.6394,0,0,0,0.00993,0.22067,-2.347699,1466000,8629.6
1467,1000,177.4264,17,0.34,,1,0,8,2.8614,1,64,0,0.009986,0.234783,-2.6116,1467000,8635.5
1468,1000,110.7583,14,0.28,,1,0,5,2.0616,0,35,0,0.010255,0.179342,-1.365381,1468000,8641.5
1469,1000,111.4307,13,0.26,,1,0,5,2.0463,0,10,0,0.010503,0.293002,-2.735361,1469000,8647.3
1470,1000,114.3107,15,0.3,,1,0,5,2.1651,0,0,0,0.010409,0.352139,-2.077607,1470000,8653.0
1471,1000,68.1438,13,0.26,,1,0,5,2.0463,0,0,0,0.010236,0.352373,-2.607375,1471000,8658.8
1472,1000,167.9139,17,0.34,,0,1,8,2.4875,1,0,0,0.01045,0.227791,-2.065434,1472000,8664.6
1473,1000,256.5526,18,0.36,,1,0,7,2.6926,3,104,0,0.010339,0.432144,-2.861278,1473000,8670.3
1474,1000,267.9655,18,0.36,,1,0,7,2.6926,3,21,0,0.010157,0.238179,-2.424001,1474000,8676.1
1475,1000,224.3882,18,0.36,,1,0,8,2.958,2,362,0,0.010249,0.189356,-2.082909,1475000,8682.0
1476,1000,210.0384,19,0.38,,1,0,8,2.9475,2,684,0,0.010369,0.226476,-1.531085,1476000,8688.0
1477,1000,146.568,13,0.26,,1,0,5,2.0463,1,121,0,0.010564,0.210992,-1.891185,1477000,8694.2
1478,1000,184.8116,17,0.34,,1,0,8,2.8614,2,0,0,0.010356,0.550313,-1.827242,1478000,8700.2
1479,1000,216.0092,16,0.32,,1,0,6,2.3452,2,23,0,0.010232,0.332391,-2.123737,1479000,8706.4
1480,1000,132.343,15,0.3,,1,0,5,2.1651,0,0,0,0.010186,0.264995,-2.42345,1480000,8712.3
1481,1000,266.2289,19,0.38,,1,0,7,2.8614,3,555,0,0.010143,0.365576,-1.950199,1481000,8718.2
1482,1000,251.2272,20,0.4,,1,0,10,3.6056,2,308,0,0.010091,0.56974,-1.921209,1482000,8724.1
1483,1000,181.0486,17,0.34,,1,0,7,2.586,1,74,0,0.009988,0.240083,-2.119552,1483000,8729.8
1484,1000,180.5963,15,0.3,,1,0,6,2.2776,2,0,0,0.009645,0.480998,-1.593772,1484000,8735.7
1485,1000,158.3752,15,0.3,,1,0,6,2.2776,1,279,0,0.009554,0.3735,-2.347303,1485000,8741.6
1486,1000,154.5251,14,0.28,,1,0,8,2.958,1,36,0,0.009756,0.274826,-2.011147,1486000,8747.4
1487,1000,177.4228,16,0.32,,1,0,6,2.3452,1,298,0,0.010002,0.462482,-2.706376,1487000,8753.3
1488,1000,238.2891,18,0.36,,1,0,7,2.6926,3,77,0,0.010064,0.205523,-1.994797,1488000,8759.5
1489,1000,263.2213,18,0.36,,1,0,7,2.6926,3,53,0,0.009942,0.707371,-2.210795,1489000,8765.6
1490,1000,92.8255,11,0.22,,1,0,5,2.2776,0,134,0,0.009893,0.287407,-2.091456,1490000,8771.5
1491,1000,185.2019,16,0.32,,1,0,6,2.3452,1,77,0,0.009977,0.402723,-1.929216,1491000,8777.4
1492,1000,74.301,11,0.22,,1,0,5,1.9203,0,596,0,0.010168,0.444822,-2.540914,1492000,8783.3
1493,1000,218.2188,18,0.36,,1,0,10,3.6401,2,296,0,0.010034,0.292135,-2.100293,1493000,8789.2
1494,1000,184.2918,16,0.32,,1,0,7,2.5495,2,12,0,0.009812,0.176001,-2.829625,1494000,8795.3
1495,1000,97.7161,12,0.24,,1,0,5,1.8708,0,272,0,0.01016,0.651506,-1.71134,1495000,8801.3
1496,1000,275.0393,19,0.38,,1,0,9,3.1918,3,22,0,0.00982,0.466469,-1.132647,1496000,8807.1
1497,1000,100.8466,12,0.24,,1,0,5,1.8708,0,0,0,0.010049,0.303176,-2.157584,1497000,8813.0
1498,1000,141.6129,14,0.28,,1,0,7,2.5,1,455,0,0.009973,0.336526,-3.021112,1498000,8819.1
1499,1000,131.603,14,0.28,,1,0,5,2.0616,0,147,0,0.009695,0.517106,-2.479385,1499000,8824.9
1500,1000,111.5857,13,0.26,,1,0,5,1.9203,0,0,0,0.009936,0.436827,-3.683561,1500000,8830.8
1501,1000,63.3271,10,0.2,,1,0,5,2.0616,0,1116,0,0.010039,0.243869,-2.998528,1501000,8836.8
1502,1000,128.7829,14,0.28,,1,0,5,2.0616,0,187,0,0.009794,0.235568,-2.349725,1502000,8842.5
1503,1000,143.1398,15,0.3,,1,0,5,2.1651,1,134,0,0.009784,0.488999,-2.880165,1503000,8848.4
1504,1000,190.29,15,0.3,,1,0,5,2.1651,2,287,0,0.009729,0.410605,-2.885468,1504000,8854.4
1505,1000,240.489,19,0.38,,1,0,9,3.1918,2,22,0,0.00968,0.685541,-2.556758,1505000,8860.3
1506,1000,140.7863,13,0.26,,1,0,5,1.9203,1,0,0,0.009586,0.28302,-2.878053,1506000,8866.0
1507,1000,46.0638,8,0.16,,1,0,4,1.5811,0,394,0,0.009607,0.288543,-2.904077,1507000,8872.0
1508,1000,219.3848,17,0.34,,1,0,6,2.4875,2,0,0,0.009589,0.534836,-2.211621,1508000,8877.9
1509,1000,200.3337,16,0.32,,1,0,6,2.3452,2,0,0,0.009539,0.4111,-2.628821,1509000,8883.9
1510,1000,111.403,14,0.28,,0,1,5,1.5,0,216,0,0.009485,0.341614,-3.437509,1510000,8889.9
1511,1000,195.2048,16,0.32,,1,0,7,2.5495,2,21,0,0.00965,0.552603,-1.9794,1511000,8895.8
1512,1000,206.2647,16,0.32,,1,0,6,2.3452,2,0,0,0.009333,0.394411,-2.185133,1512000,8901.5
1513,1000,273.5206,19,0.38,,1,0,8,2.9475,3,204,0,0.009831,0.589506,-2.075555,1513000,8907.4
1514,1000,275.5565,19,0.38,,1,0,8,2.9475,3,98,0,0.009909,0.238756,-2.727877,1514000,8913.3
1515,1000,204.3109,16,0.32,,1,0,6,2.3452,2,0,0,0.009914,0.219015,-1.7489,1515000,8919.2
1516,1000,150.7377,15,0.3,,1,0,5,2.1651,1,91,0,0.009643,0.241903,-2.262759,1516000,8925.1
1517,1000,222.2523,18,0.36,,1,0,7,2.8723,2,324,0,0.010004,0.222945,-2.043878,1517000,8931.1
1518,1000,212.5288,17,0.34,,1,0,8,2.8614,2,13,0,0.009875,0.25646,-2.25548,1518000,8936.9
1519,1000,168.6864,16,0.32,,1,0,7,2.5495,1,327,0,0.010004,0.291106,-2.520942,1519000,8942.7
1520,1000,247.2458,18,0.36,,1,0,8,2.8723,3,571,0,0.009776,0.619805,-1.905657,1520000,8948.6
1521,1000,121.309,14,0.28,,1,0,5,2.0616,0,287,0,0.009834,0.205228,-2.884788,1521000,8954.5
1522,1000,277.2923,19,0.38,,1,0,8,2.9475,3,11,0,0.009759,0.225744,-2.566132,1522000,8960.4
1523,1000,157.0746,15,0.3,,1,0,6,2.2776,1,184,0,0.009846,0.216347,-1.764276,1523000,8966.5
1524,1000,181.7951,14,0.28,,1,0,5,2.0616,2,65,0,0.009876,0.302698,-2.493938,1524000,8972.5
1525,1000,214.2628,17,0.34,,1,0,8,2.8614,2,456,0,0.009931,0.320816,-2.166102,1525000,8978.5
1526,1000,210.6106,17,0.34,,1,0,6,2.4875,2,351,0,0.010007,0.232615,-2.228492,1526000,8984.3
1527,1000,158.9006,15,0.3,,0,1,5,1.6394,1,149,0,0.010008,0.407741,-3.189056,1527000,8990.2
1528,1000,173.6617,17,0.34,,1,0,9,3.1918,1,103,0,0.009984,0.327728,-2.620226,1528000,8996.0
1529,1000,237.1167,19,0.38,,1,0,8,2.9475,3,44,0,0.009824,0.345474,-2.775436,1529000,9001.8
1530,1000,204.7082,16,0.32,,1,0,7,2.5495,2,3,0,0.009914,0.617585,-2.288716,1530000,9007.6
1531,1000,82.4107,11,0.22,,1,0,5,2.2776,0,640,0,0.010011,0.280813,-2.96553,1531000,9013.5
1532,1000,79.934,12,0.24,,1,0,4,1.7321,0,163,0,0.009684,0.296641,-2.663659,1532000,9019.4
1533,1000,243.4994,20,0.4,,1,0,10,3.6056,2,278,0,0.009879,0.207542,-2.432428,1533000,9025.4
1534,1000,241.7365,20,0.4,,1,0,10,3.6056,2,462,0,0.010015,0.794077,-1.612246,1534000,9031.4
1535,1000,235.5408,18,0.36,,1,0,7,2.8723,2,3,0,0.010082,0.235881,-1.887173,1535000,9037.5
1536,1000,185.3473,18,0.36,,0,1,8,2.5,1,304,0,0.010048,0.399314,-1.802622,1536000,9043.3
1537,1000,171.8492,15,0.3,,1,0,5,2.1651,1,0,0,0.010015,0.412151,-2.739225,1537000,9049.1
1538,1000,119.0202,14,0.28,,1,0,5,2.0616,0,135,0,0.009837,0.503836,-2.709063,1538000,9054.9
1539,1000,262.972,20,0.4,,1,0,10,3.5355,2,47,0,0.009933,0.245411,-3.197334,1539000,9060.7
1540,1000,175.5012,16,0.32,,1,0,7,2.5495,1,40,0,0.010037,0.319876,-2.477044,1540000,9066.5
1541,1000,239.7484,20,0.4,,1,0,8,3.3166,2,152,0,0.010154,0.249893,-2.195035,1541000,9072.5
1542,1000,142.594,14,0.28,,1,0,5,2.0616,1,400,0,0.010017,0.310145,-1.556483,1542000,9078.5
1543,1000,128.3547,14,0.28,,1,0,5,2.0616,0,64,0,0.010067,0.311082,-2.379036,1543000,9084.4
1544,1000,190.5743,17,0.34,,1,0,8,2.8614,1,169,0,0.010161,0.294179,-2.362105,1544000,9090.2
1545,1000,128.7312,14,0.28,,1,0,5,2.0616,1,194,0,0.009927,0.251374,-3.035579,1545000,9096.3
1546,1000,123.069,14,0.28,,1,0,5,2.0616,0,5,0,0.009962,0.213251,-2.378345,1546000,9102.1
1547,1000,172.5273,15,0.3,,1,0,6,2.2776,1,66,0,0.009949,0.39824,-1.893601,1547000,9108.0
1548,1000,99.9632,14,0.28,,1,0,5,2.0616,0,315,0,0.010043,0.222926,-2.726312,1548000,9113.9
1549,1000,177.2848,16,0.32,,1,0,7,2.5495,1,266,0,0.010078,0.223551,-2.602356,1549000,9120.0
1550,1000,171.4891,16,0.32,,1,0,7,2.5495,1,166,0,0.010177,0.446026,-2.623318,1550000,9125.8
1551,1000,136.6967,14,0.28,,1,0,5,2.0616,1,45,0,0.010057,0.178991,-2.180031,1551000,9131.6
1552,1000,201.494,16,0.32,,1,0,7,2.5495,2,302,0,0.010014,0.215982,-2.864804,1552000,9137.5
1553,1000,312.0183,23,0.46,,1,0,9,3.4187,3,52,0,0.010074,0.202731,-3.638356,1553000,9143.3
1554,1000,228.0282,17,0.34,,1,0,7,2.586,2,1,0,0.010275,0.211585,-2.452016,1554000,9149.4
1555,1000,243.1691,16,0.32,,1,0,6,2.3452,3,329,0,0.010012,0.749791,-2.427778,1555000,9155.2
1556,1000,199.8886,15,0.3,,1,0,5,2.1651,2,0,0,0.010252,0.500212,-2.776496,1556000,9160.9
1557,1000,222.8384,16,0.32,,1,0,6,2.3452,2,45,0,0.010303,0.920825,-2.841028,1557000,9166.7
1558,1000,218.6437,16,0.32,,1,0,6,2.3452,2,0,0,0.010255,0.430663,-3.371057,1558000,9172.5
1559,1000,206.0338,16,0.32,,1,0,6,2.4495,2,100,0,0.010249,0.433802,-2.786283,1559000,9178.3
1560,1000,271.2255,20,0.4,,1,0,9,3.2404,3,138,0,0.01031,0.222413,-3.411366,1560000,9184.5
1561,1000,207.6393,17,0.34,,1,0,6,2.4875,2,277,0,0.010185,0.232335,-4.70822,1561000,9190.4
1562,1000,243.3486,19,0.38,,1,0,7,2.8614,2,195,0,0.010132,0.393266,-3.897627,1562000,9196.3
1563,1000,270.5499,18,0.36,,1,0,7,2.6926,3,187,0,0.010181,0.219489,-4.364084,1563000,9202.3
1564,1000,193.9347,18,0.36,,1,0,9,3.2016,1,50,0,0.010057,0.335393,-3.579988,1564000,9208.0
1565,1000,208.2537,18,0.36,,1,0,8,2.8723,2,852,0,0.009976,0.36632,-3.729103,1565000,9213.8
1566,1000,170.5277,16,0.32,,1,0,7,2.5495,1,0,0,0.010069,0.451357,-3.685286,1566000,9219.7
1567,1000,166.7577,15,0.3,,1,0,7,2.4875,1,0,0,0.010133,0.203909,-4.472647,1567000,9225.6
1568,1000,171.7317,17,0.34,,1,0,10,3.6315,1,249,0,0.009916,0.272755,-3.882829,1568000,9231.4
1569,1000,96.5214,12,0.24,,1,0,5,1.8708,0,152,0,0.010015,0.219271,-3.293227,1569000,9237.2
1570,1000,202.4861,16,0.32,,1,0,7,2.5495,2,270,0,0.010098,0.576036,-3.243286,1570000,9243.1
1571,1000,203.5869,19,0.38,,1,0,9,3.1918,1,44,0,0.009984,0.405967,-3.760066,1571000,9249.1
1572,1000,122.4101,14,0.28,,1,0,5,2.0616,0,547,0,0.009845,0.189038,-4.260184,1572000,9255.0
1573,1000,208.0846,17,0.34,,1,0,7,2.681,2,0,0,0.009932,0.404388,-3.412541,1573000,9260.9
1574,1000,237.6106,17,0.34,,1,0,6,2.4875,3,0,0,0.009873,0.408133,-3.411929,1574000,9266.7
1575,1000,156.5498,15,0.3,,1,0,5,2.1651,1,27,0,0.009921,0.347968,-4.062244,1575000,9272.5
1576,1000,163.7915,16,0.32,,1,0,7,2.5495,1,14,0,0.010048,0.192768,-3.575078,1576000,9278.3
1577,1000,166.0172,16,0.32,,1,0,8,2.8284,1,34,0,0.009776,0.380328,-3.512069,1577000,9284.1
1578,1000,188.3884,20,0.4,,1,0,10,3.5355,1,37,0,0.009637,0.340197,-3.815405,1578000,9289.8
1579,1000,239.2562,19,0.38,,1,0,9,3.1918,2,15,0,0.009572,0.223681,-2.800416,1579000,9295.4
1580,1000,149.7536,15,0.3,,1,0,5,2.1651,1,216,0,0.009692,0.25045,-4.539121,1580000,9301.3
1581,1000,166.3031,16,0.32,,1,0,6,2.3452,1,716,0,0.009656,0.360231,-4.121058,1581000,9307.2
1582,1000,231.4473,18,0.36,,1,0,8,2.958,2,0,0,0.009471,0.511827,-3.011121,1582000,9313.2
1583,1000,288.0909,21,0.42,,1,0,8,3.1125,3,70,0,0.009147,0.248107,-3.194066,1583000,9319.1
1584,1000,197.8207,15,0.3,,1,0,6,2.2776,2,261,0,0.009572,0.362755,-3.305146,1584000,9325.1
1585,1000,241.3919,20,0.4,,1,0,10,3.5355,2,418,0,0.009514,0.302629,-3.521655,1585000,9330.9
1586,1000,264.8556,22,0.44,,1,0,9,3.7749,2,38,0,0.00964,0.272163,-3.621123,1586000,9336.7
1587,1000,214.0846,17,0.34,,1,0,8,2.8614,2,0,0,0.00977,0.448812,-3.821172,1587000,9342.5
1588,1000,273.572,22,0.44,,1,0,9,3.5,2,161,0,0.009629,1.284155,-3.857323,1588000,9348.3
1589,1000,205.0547,17,0.34,,1,0,7,2.586,2,19,0,0.009748,0.207473,-3.92362,1589000,9354.0
1590,1000,237.8832,19,0.38,,1,0,10,3.562,2,277,0,0.010045,0.604934,-4.823028,1590000,9359.8
1591,1000,221.6562,17,0.34,,1,0,7,2.586,2,147,0,0.009934,0.219346,-4.284866,1591000,9365.7
1592,1000,283.0125,20,0.4,,1,0,10,3.6056,3,252,0,0.010006,0.389995,-4.235061,1592000,9371.7
1593,1000,213.5843,19,0.38,,1,0,9,3.1918,1,30,0,0.009745,0.186345,-3.915796,1593000,9377.4
1594,1000,220.8603,17,0.34,,1,0,6,2.4875,2,278,0,0.010148,0.276802,-3.601267,1594000,9383.3
1595,1000,203.7684,17,0.34,,1,0,8,2.8614,2,209,0,0.00977,0.311865,-3.288203,1595000,9389.1
1596,1000,194.3169,15,0.3,,1,0,5,2.1651,2,612,0,0.009986,0.345,-3.785533,1596000,9395.0
1597,1000,192.966,17,0.34,,1,0,8,2.8614,1,1,0,0.009917,0.271176,-2.921106,1597000,9400.9
1598,1000,292.1323,20,0.4,,1,0,8,3.0,3,6,0,0.010191,0.213174,-3.872561,1598000,9406.7
1599,1000,177.7927,17,0.34,,1,0,9,3.1918,1,0,0,0.00992,0.264173,-3.244798,1599000,9412.6
1600,1000,96.0125,14,0.28,,1,0,5,2.0616,0,213,0,0.010136,0.569049,-4.119265,1600000,9418.4
1601,1000,154.8071,16,0.32,,1,0,6,2.3452,1,323,0,0.010258,0.331481,-4.160558,1601000,9424.3
1602,1000,180.6338,18,0.36,,1,0,9,3.2016,1,356,0,0.010444,0.301458,-3.164771,1602000,9430.1
1603,1000,150.1869,14,0.28,,1,0,5,2.0616,1,197,0,0.010574,0.346826,-3.459425,1603000,9436.0
1604,1000,209.4172,19,0.38,,1,0,10,3.562,1,235,0,0.010472,0.251859,-3.981509,1604000,9441.9
1605,1000,205.8389,17,0.34,,1,0,7,2.681,2,54,0,0.010421,0.25911,-3.694242,1605000,9447.7
1606,1000,216.9574,17,0.34,,1,0,7,2.586,2,210,0,0.010325,0.297518,-3.902146,1606000,9453.4
1607,1000,335.9487,22,0.44,,1,0,10,3.6401,4,24,0,0.010119,0.292741,-3.653653,1607000,9459.2
1608,1000,234.7836,16,0.32,,1,0,6,2.3452,3,517,0,0.010186,0.399335,-3.051982,1608000,9465.1
1609,1000,213.4945,17,0.34,,1,0,7,2.681,2,118,0,0.010329,0.222522,-3.762572,1609000,9471.0
1610,1000,147.2934,14,0.28,,1,0,6,2.1794,1,62,0,0.010345,0.206306,-4.026328,1610000,9477.1
1611,1000,234.432,19,0.38,,1,0,8,2.9475,2,206,0,0.010454,0.231092,-4.653571,1611000,9483.2
1612,1000,180.6637,17,0.34,,1,0,9,3.2692,1,0,0,0.01046,0.194577,-4.301882,1612000,9489.1
1613,1000,109.5609,13,0.26,,1,0,5,2.0463,0,94,0,0.010445,0.190102,-3.770028,1613000,9495.0
1614,1000,158.7938,15,0.3,,1,0,5,2.1651,2,2130,0,0.010431,0.554852,-4.051305,1614000,9500.9
1615,1000,226.9885,17,0.34,,1,0,6,2.4875,2,166,0,0.010465,0.305936,-4.32813,1615000,9506.6
1616,1000,257.9241,20,0.4,,1,0,8,3.0822,2,67,0,0.010477,0.276763,-4.439687,1616000,9512.3
1617,1000,250.4521,20,0.4,,1,0,8,3.0822,2,283,0,0.010493,0.279041,-4.629624,1617000,9518.5
1618,1000,183.3903,16,0.32,,1,0,6,2.3452,1,192,0,0.010305,0.333976,-4.348741,1618000,9524.4
1619,1000,142.0354,14,0.28,,1,0,5,2.0616,1,0,0,0.010429,0.458863,-4.913684,1619000,9530.3
1620,1000,245.7083,20,0.4,,1,0,8,3.0822,2,359,0,0.01028,0.507617,-4.125208,1620000,9536.1
1621,1000,147.4201,13,0.26,,1,0,5,2.0463,1,165,0,0.010247,0.281134,-3.678789,1621000,9541.9
1622,1000,184.2663,16,0.32,,1,0,8,2.9155,1,53,0,0.010513,0.235921,-5.02144,1622000,9547.8
1623,1000,105.6651,12,0.24,,1,0,5,2.1213,0,55,0,0.010248,0.19311,-4.285057,1623000,9553.9
1624,1000,137.5866,13,0.26,,1,0,6,2.1651,1,4,0,0.010167,0.459655,-4.030121,1624000,9559.9
1625,1000,180.3608,14,0.28,,1,0,7,2.6926,2,273,0,0.01027,0.533694,-4.090303,1625000,9566.0
1626,1000,223.0592,18,0.36,,1,0,7,2.6926,2,0,0,0.01002,0.270702,-4.13674,1626000,9571.9
1627,1000,230.3132,18,0.36,,1,0,8,2.8723,2,283,0,0.010164,0.29951,-4.475917,1627000,9577.7
1628,1000,287.59,21,0.42,,1,0,9,3.2692,3,113,0,0.010054,0.245897,-4.732324,1628000,9583.6
1629,1000,137.7721,15,0.3,,1,0,6,2.2776,1,96,0,0.010055,0.658802,-3.984669,1629000,9589.5
1630,1000,277.232,19,0.38,,1,0,7,2.8614,3,267,0,0.010077,0.339836,-4.14899,1630000,9595.6
1631,1000,244.908,19,0.38,,1,0,9,3.1918,2,0,0,0.010063,0.184185,-4.327845,1631000,9601.7
1632,1000,311.9809,23,0.46,,1,0,10,3.6315,3,409,0,0.009835,0.231259,-5.014936,1632000,9607.6
1633,1000,166.1112,17,0.34,,1,0,9,3.1918,1,32,0,0.0098,0.25092,-4.290571,1633000,9613.5
1634,1000,156.3475,16,0.32,,1,0,6,2.3452,1,764,0,0.009792,0.16613,-4.606841,1634000,9619.4
1635,1000,220.5061,18,0.36,,1,0,8,3.2016,2,595,0,0.010035,0.315992,-4.35986,1635000,9625.2
1636,1000,222.1474,17,0.34,,1,0,7,2.586,2,72,0,0.010075,0.332762,-5.626657,1636000,9631.3
1637,1000,194.9699,15,0.3,,1,0,5,2.1651,2,0,0,0.010016,0.245789,-5.036654,1637000,9637.3
1638,1000,137.8778,13,0.26,,1,0,5,1.9203,1,180,0,0.009909,0.272276,-4.694855,1638000,9643.3
1639,1000,197.3614,18,0.36,,1,0,9,3.2016,1,377,0,0.010044,0.343455,-4.303371,1639000,9649.0
1640,1000,244.3244,16,0.32,,1,0,6,2.3452,3,107,0,0.01004,0.279691,-4.68324,1640000,9654.9
1641,1000,287.1323,20,0.4,,1,0,9,3.2404,3,6,0,0.010123,0.291882,-3.971535,1641000,9660.8
1642,1000,186.3973,18,0.36,,1,0,10,3.5707,1,61,0,0.009895,0.234833,-5.087673,1642000,9666.7
1643,1000,102.9506,12,0.24,,1,0,5,2.1213,0,0,0,0.00993,0.759932,-4.75486,1643000,9672.5
1644,1000,269.8688,19,0.38,,1,0,8,2.9475,3,209,0,0.010136,0.484315,-4.137795,1644000,9678.2
1645,1000,110.2367,13,0.26,,1,0,5,1.9203,0,22,0,0.010079,0.207076,-4.301955,1645000,9684.1
1646,1000,251.1099,18,0.36,,1,0,7,2.6926,3,559,0,0.010291,0.307002,-3.948261,1646000,9690.0
1647,1000,212.2269,17,0.34,,1,0,7,2.586,2,0,0,0.010484,0.824446,-3.594819,1647000,9695.9
1648,1000,225.7258,18,0.36,,1,0,7,2.6926,2,116,0,0.010378,0.230794,-3.988586,1648000,9701.7
1649,1000,203.4332,16,0.32,,1,0,7,2.5495,2,114,0,0.010357,0.256067,-3.839839,1649000,9707.6
1650,1000,159.2872,16,0.32,,1,0,7,2.5495,1,44,0,0.01019,0.334387,-3.833572,1650000,9713.6
1651,1000,178.4263,15,0.3,,1,0,5,2.1651,1,171,0,0.010245,0.360283,-4.269899,1651000,9719.5
1652,1000,263.7999,21,0.42,,1,0,9,3.3448,2,148,0,0.010566,0.190114,-3.97037,1652000,9725.3
1653,1000,222.4798,18,0.36,,1,0,8,2.8723,2,0,0,0.010308,0.220378,-3.816444,1653000,9731.1
1654,1000,291.4023,24,0.48,,1,0,10,4.2426,2,21,0,0.010347,0.472656,-4.119182,1654000,9737.0
1655,1000,221.0151,17,0.34,,1,0,7,2.586,2,230,0,0.01048,0.204634,-4.08674,1655000,9742.9
1656,1000,273.7824,21,0.42,,1,0,8,3.2692,3,192,0,0.010401,0.350755,-4.81122,1656000,9749.0
1657,1000,183.8933,17,0.34,,1,0,7,2.586,1,251,0,0.010559,0.636907,-4.560267,1657000,9755.1
1658,1000,282.1178,19,0.38,,1,0,8,2.9475,3,6,0,0.010707,0.403917,-4.764104,1658000,9760.9
1659,1000,180.1122,17,0.34,,1,0,8,2.8614,1,0,0,0.010622,0.184238,-4.400532,1659000,9766.6
1660,1000,241.7687,18,0.36,,1,0,7,2.6926,2,156,0,0.010856,0.264229,-3.180632,1660000,9772.4
1661,1000,162.7265,16,0.32,,1,0,6,2.3452,1,0,0,0.010692,0.393871,-4.212513,1661000,9778.1
1662,1000,219.4991,18,0.36,,1,0,8,2.8723,2,592,0,0.010635,0.694065,-4.136311,1662000,9783.9
1663,1000,203.5969,15,0.3,,1,0,5,2.1651,2,0,0,0.010837,0.220544,-4.276818,1663000,9789.9
1664,1000,284.0566,20,0.4,,1,0,8,3.0822,3,559,0,0.010833,0.47644,-4.685179,1664000,9795.9
1665,1000,172.5234,16,0.32,,1,0,7,2.5495,1,295,0,0.010921,0.348116,-3.985332,1665000,9801.7
1666,1000,251.4097,20,0.4,,1,0,8,3.0822,2,118,0,0.011072,0.40743,-4.870632,1666000,9807.4
1667,1000,264.6836,18,0.36,,1,0,8,2.8723,3,401,0,0.011039,0.511666,-3.834404,1667000,9813.2
1668,1000,243.1919,16,0.32,,1,0,6,2.3452,3,0,0,0.011136,0.234309,-3.61691,1668000,9819.0
1669,1000,305.0682,22,0.44,,1,0,10,3.6401,3,69,0,0.010954,0.354843,-4.050359,1669000,9824.9
1670,1000,247.2404,19,0.38,,1,0,8,2.9475,2,15,0,0.011536,0.607557,-2.93071,1670000,9830.9
1671,1000,172.9009,16,0.32,,1,0,6,2.3452,1,36,0,0.011322,0.209223,-3.68087,1671000,9836.7
1672,1000,231.889,19,0.38,,1,0,9,3.8324,2,7,0,0.011436,0.814935,-3.923916,1672000,9842.7
1673,1000,151.6406,14,0.28,,1,0,6,2.1794,1,1,0,0.011551,0.427425,-3.856837,1673000,9848.6
1674,1000,291.2256,20,0.4,,1,0,9,3.2404,3,154,0,0.011507,0.282577,-4.198273,1674000,9854.4
1675,1000,313.8162,22,0.44,,1,0,10,3.6401,3,0,0,0.011483,0.260666,-3.289572,1675000,9860.2
1676,1000,280.2203,19,0.38,,1,0,9,3.1918,3,0,0,0.011484,0.455591,-4.429858,1676000,9866.0
1677,1000,215.4549,19,0.38,,1,0,9,3.1918,1,67,0,0.011648,0.216357,-4.436231,1677000,9872.0
1678,1000,243.3925,17,0.34,,1,0,6,2.4875,3,432,0,0.011593,0.433488,-4.037287,1678000,9878.1
1679,1000,208.6065,16,0.32,,1,0,6,2.4495,2,134,0,0.011631,0.56081,-4.201701,1679000,9884.1
1680,1000,208.1103,16,0.32,,1,0,6,2.3452,2,180,0,0.011615,0.369592,-3.395044,1680000,9890.0
1681,1000,99.2626,12,0.24,,1,0,5,1.8708,0,0,0,0.011697,0.284141,-3.382893,1681000,9895.9
1682,1000,230.3368,15,0.3,,1,0,5,2.1651,3,265,0,0.011624,0.357007,-4.841903,1682000,9901.9
1683,1000,160.7161,15,0.3,,1,0,6,2.2776,1,0,0,0.011746,0.29245,-4.054171,1683000,9907.9
1684,1000,269.1059,18,0.36,,1,0,7,2.6926,3,93,0,0.011679,0.269256,-4.061292,1684000,9914.0
1685,1000,260.4927,19,0.38,,1,0,7,2.8614,3,77,0,0.011953,0.754021,-4.145134,1685000,9920.1
1686,1000,222.2195,18,0.36,,1,0,8,2.8723,2,8,0,0.012006,0.580705,-3.768552,1686000,9926.0
1687,1000,149.5064,15,0.3,,1,0,7,2.586,1,6,0,0.012152,0.573713,-3.748309,1687000,9931.9
1688,1000,134.9826,13,0.26,,1,0,7,2.586,1,226,0,0.011973,0.419043,-4.397977,1688000,9937.8
1689,1000,173.5173,16,0.32,,1,0,6,2.3452,1,292,0,0.011835,0.439077,-3.990668,1689000,9943.6
1690,1000,207.8571,16,0.32,,1,0,6,2.3452,2,153,0,0.01197,0.547028,-4.3071,1690000,9949.5
1691,1000,279.471,20,0.4,,1,0,9,3.2404,3,242,0,0.01174,0.370685,-3.723858,1691000,9955.5
1692,1000,130.4432,14,0.28,,1,0,5,2.0616,0,88,0,0.012013,0.38918,-4.463778,1692000,9961.5
1693,1000,210.1688,16,0.32,,1,0,6,2.3452,2,214,0,0.011991,0.303173,-5.588049,1693000,9967.5
1694,1000,139.1618,13,0.26,,1,0,5,1.9203,1,0,0,0.011922,0.409927,-5.091866,1694000,9973.5
1695,1000,174.1698,16,0.32,,1,0,8,2.8284,1,0,0,0.011802,0.270033,-4.103899,1695000,9979.4
1696,1000,224.9782,18,0.36,,1,0,8,2.8723,2,133,0,0.011707,0.318727,-4.289782,1696000,9985.2
1697,1000,223.2935,17,0.34,,1,0,7,2.681,2,41,0,0.011753,0.347013,-4.576999,1697000,9991.0
1698,1000,263.1184,22,0.44,,1,0,9,3.5,2,164,0,0.011728,0.65316,-3.797678,1698000,9997.1
1699,1000,255.9047,19,0.38,,1,0,9,3.1918,2,97,0,0.011525,0.305635,-4.646468,1699000,10003.2
1700,1000,225.6431,19,0.38,,1,0,9,3.1918,2,0,0,0.011656,0.405511,-5.371721,1700000,10009.0
1701,1000,273.0843,19,0.38,,1,0,9,3.1918,3,82,0,0.011822,0.465563,-5.092491,1701000,10014.8
1702,1000,112.4273,14,0.28,,1,0,5,2.0616,0,422,0,0.011638,0.440463,-4.964201,1702000,10020.6
1703,1000,186.5902,18,0.36,,1,0,8,2.8723,1,211,0,0.011643,0.235913,-4.662615,1703000,10026.4
1704,1000,204.0565,16,0.32,,1,0,6,2.3452,2,804,0,0.011576,0.649275,-5.388885,1704000,10032.2
1705,1000,232.8133,18,0.36,,1,0,7,2.6926,2,26,0,0.011589,0.288432,-4.002231,1705000,10038.2
1706,1000,261.0419,20,0.4,,1,0,8,3.0822,2,119,0,0.011591,0.918065,-4.460175,1706000,10044.1
1707,1000,258.4416,17,0.34,,1,0,7,2.586,3,8,0,0.011564,0.633386,-3.649391,1707000,10050.1
1708,1000,214.4475,17,0.34,,1,0,8,2.8614,2,385,0,0.011396,0.276059,-4.372261,1708000,10056.0
1709,1000,307.1458,22,0.44,,1,0,10,3.6401,3,247,0,0.01153,0.423294,-3.834739,1709000,10062.0
1710,1000,212.11,17,0.34,,1,0,7,2.681,2,226,0,0.011619,0.673249,-4.726277,1710000,10067.8
1711,1000,277.0567,19,0.38,,1,0,9,3.1918,3,97,0,0.011709,0.326508,-3.732303,1711000,10073.6
1712,1000,214.4067,17,0.34,,1,0,8,2.8614,2,188,0,0.011833,0.550962,-4.851602,1712000,10079.4
1713,1000,193.6161,15,0.3,,1,0,6,2.2776,2,170,0,0.011707,0.225907,-4.708402,1713000,10085.1
1714,1000,136.1564,14,0.28,,1,0,5,2.0616,1,342,0,0.011541,0.250282,-4.533578,1714000,10090.9
1715,1000,171.1645,15,0.3,,1,0,5,2.1651,1,256,0,0.011508,0.403642,-4.485791,1715000,10096.7
1716,1000,95.62,12,0.24,,1,0,4,1.7321,0,0,0,0.011481,0.459725,-4.496437,1716000,10102.5
1717,1000,284.4236,21,0.42,,1,0,9,3.3448,3,126,0,0.01148,0.372036,-4.223072,1717000,10108.3
1718,1000,191.5614,15,0.3,,1,0,6,2.2776,2,155,0,0.011632,0.638493,-5.225658,1718000,10114.0
1719,1000,144.7292,14,0.28,,1,0,5,2.0616,1,1,0,0.011748,0.304937,-4.492096,1719000,10119.7
1720,1000,278.5163,22,0.44,,1,0,10,3.6401,2,132,0,0.011642,0.281901,-5.140128,1720000,10125.5
1721,1000,152.5963,14,0.28,,0,1,5,1.6583,1,27,0,0.011472,0.299822,-4.492324,1721000,10131.4
1722,1000,153.0137,14,0.28,,1,0,5,2.0616,1,0,0,0.011583,0.414093,-5.447974,1722000,10137.4
1723,1000,207.0,17,0.34,,1,0,7,2.586,2,673,0,0.011652,0.338942,-4.962228,1723000,10143.2
1724,1000,120.525,14,0.28,,1,0,5,2.0616,0,292,0,0.011723,0.511764,-4.937554,1724000,10149.3
1725,1000,202.0747,17,0.34,,1,0,8,3.0311,2,419,0,0.011522,0.507885,-4.338242,1725000,10155.1
1726,1000,178.3825,14,0.28,,1,0,7,2.6926,2,73,0,0.011542,0.385818,-5.020533,1726000,10161.0
1727,1000,201.9836,17,0.34,,1,0,7,2.681,2,935,0,0.011088,0.275146,-4.602173,1727000,10166.7
1728,1000,206.4395,16,0.32,,1,0,6,2.3452,2,104,0,0.011204,0.513914,-4.879928,1728000,10172.5
1729,1000,162.8212,15,0.3,,1,0,6,2.2776,1,85,0,0.011338,1.55691,-4.490366,1729000,10178.3
1730,1000,201.7109,17,0.34,,1,0,6,2.4875,2,959,0,0.011355,0.652916,-5.096982,1730000,10184.1
1731,1000,208.2785,19,0.38,,1,0,9,3.1918,1,0,0,0.011394,0.512173,-4.414156,1731000,10189.8
1732,1000,285.2058,24,0.48,,1,0,10,3.937,2,237,0,0.011511,0.540859,-4.695355,1732000,10195.6
1733,1000,208.3362,15,0.3,,1,0,5,2.1651,2,38,0,0.011308,0.603579,-4.743947,1733000,10201.3
1734,1000,133.9727,15,0.3,,1,0,5,2.1651,1,1098,0,0.0113,0.329133,-4.689097,1734000,10207.0
1735,1000,162.663,15,0.3,,1,0,5,2.1651,2,1159,0,0.011328,0.355495,-4.207341,1735000,10213.0
1736,1000,231.8377,19,0.38,,1,0,9,3.1918,2,802,0,0.011363,0.531751,-4.638811,1736000,10218.8
1737,1000,311.788,23,0.46,,1,0,9,3.6997,3,0,0,0.011685,0.261121,-5.198681,1737000,10224.7
1738,1000,292.213,21,0.42,,1,0,8,3.2692,3,76,0,0.011792,0.643751,-4.722001,1738000,10230.7
1739,1000,244.0515,19,0.38,,1,0,9,3.2692,2,58,0,0.011942,0.83017,-4.084263,1739000,10236.6
1740,1000,222.3525,18,0.36,,1,0,7,2.6926,2,406,0,0.011832,0.446695,-4.167135,1740000,10242.4
1741,1000,221.6859,18,0.36,,1,0,8,2.8723,2,927,0,0.01167,0.263929,-5.284163,1741000,10248.5
1742,1000,132.7785,14,0.28,,1,0,5,2.0616,1,0,0,0.011497,0.505724,-5.192482,1742000,10254.4
1743,1000,232.0527,19,0.38,,1,0,9,3.2692,2,198,0,0.011545,0.266631,-4.211892,1743000,10260.4
1744,1000,200.6047,15,0.3,,1,0,6,2.2776,2,314,0,0.011742,0.416406,-4.265345,1744000,10266.3
1745,1000,224.0223,17,0.34,,1,0,8,2.8614,2,33,0,0.011963,0.436673,-4.779492,1745000,10272.1
1746,1000,169.8331,15,0.3,,1,0,7,2.4875,1,121,0,0.011879,0.268618,-4.823447,1746000,10278.0
1747,1000,132.3616,15,0.3,,1,0,5,2.1651,1,1095,0,0.01185,0.204136,-5.556574,1747000,10283.9
1748,1000,280.4858,20,0.4,,1,0,9,3.2404,3,48,0,0.011854,0.336839,-5.62007,1748000,10289.7
1749,1000,126.4369,14,0.28,,1,0,5,2.0616,1,646,0,0.011769,0.361527,-4.978745,1749000,10295.6
1750,1000,118.0756,12,0.24,,1,0,7,2.5495,1,517,0,0.011752,0.24713,-5.011786,1750000,10301.4
1751,1000,213.0481,17,0.34,,1,0,8,2.8614,2,52,0,0.011478,0.490551,-5.165588,1751000,10307.2
1752,1000,210.304,18,0.36,,1,0,7,2.6926,2,144,0,0.011523,0.360854,-5.148467,1752000,10313.0
1753,1000,272.6185,19,0.38,,1,0,7,2.8614,3,176,0,0.011515,0.273578,-4.487139,1753000,10318.7
1754,1000,202.8194,17,0.34,,1,0,7,2.681,2,19,0,0.011601,0.38778,-5.52066,1754000,10324.5
1755,1000,126.376,15,0.3,,1,0,5,2.1651,0,388,0,0.011583,0.437951,-5.393357,1755000,10330.3
1756,1000,142.7282,14,0.28,,1,0,6,2.1794,1,631,0,0.011643,0.271504,-4.473409,1756000,10336.2
1757,1000,145.3858,15,0.3,,1,0,5,2.1651,1,132,0,0.011886,0.576952,-5.034175,1757000,10342.0
1758,1000,175.9461,16,0.32,,1,0,6,2.3452,1,13,0,0.011724,0.323561,-4.739264,1758000,10347.8
1759,1000,70.7831,11,0.22,,1,0,4,1.6394,0,242,0,0.011878,0.301595,-4.660774,1759000,10353.7
1760,1000,286.7256,20,0.4,,1,0,8,3.0,3,90,0,0.011684,0.337278,-4.638228,1760000,10359.5
1761,1000,279.2577,20,0.4,,1,0,8,3.0822,3,331,0,0.011629,0.538498,-4.828243,1761000,10365.2
1762,1000,242.3463,17,0.34,,1,0,7,2.586,3,0,0,0.012,0.677695,-5.401856,1762000,10371.0
1763,1000,117.6733,14,0.28,,1,0,5,2.0616,0,0,0,0.012003,0.624943,-5.701994,1763000,10376.8
1764,1000,122.1415,15,0.3,,1,0,6,2.2776,1,0,0,0.011955,0.348416,-5.874609,1764000,10382.6
1765,1000,211.3492,19,0.38,,1,0,8,3.1125,2,553,0,0.011993,0.414613,-5.616556,1765000,10388.4
1766,1000,272.9211,19,0.38,,1,0,8,2.9475,3,123,0,0.011871,0.403404,-4.83522,1766000,10394.2
1767,1000,194.0734,15,0.3,,1,0,6,2.2776,2,9,0,0.011855,0.378964,-4.667511,1767000,10400.0
1768,1000,88.6647,12,0.24,,1,0,5,1.8708,0,9,0,0.01179,0.294221,-4.819645,1768000,10405.9
1769,1000,251.1874,18,0.36,,1,0,7,2.6926,3,630,0,0.011587,0.28655,-6.244918,1769000,10411.8
1770,1000,146.6104,15,0.3,,1,0,6,2.2776,1,1158,0,0.011541,0.456408,-5.590584,1770000,10417.8
1771,1000,259.6072,20,0.4,,1,0,10,3.5355,2,111,0,0.01184,0.25458,-5.136814,1771000,10423.6
1772,1000,92.474,12,0.24,,1,0,5,1.8708,0,0,0,0.011718,0.371157,-4.558262,1772000,10429.5
1773,1000,234.1531,18,0.36,,1,0,8,2.8723,2,171,0,0.011942,0.508192,-4.313762,1773000,10435.3
1774,1000,107.7465,13,0.26,,1,0,5,2.0463,0,165,0,0.011976,0.684823,-4.993587,1774000,10441.1
1775,1000,180.177,17,0.34,,1,0,8,2.8614,1,515,0,0.012017,0.236273,-4.12244,1775000,10446.9
1776,1000,135.1478,15,0.3,,1,0,5,2.1651,0,76,0,0.012093,0.529392,-5.085004,1776000,10452.6
1777,1000,294.023,21,0.42,,1,0,8,3.2692,3,36,0,0.011989,0.579608,-4.986838,1777000,10458.6
1778,1000,117.6126,14,0.28,,1,0,5,2.0616,0,53,0,0.011732,0.271648,-4.177645,1778000,10464.7
1779,1000,260.5064,18,0.36,,1,0,8,2.8723,3,88,0,0.011498,0.34085,-4.552182,1779000,10470.8
1780,1000,203.0558,16,0.32,,1,0,6,2.3452,2,109,0,0.011791,0.336393,-5.069859,1780000,10476.7
1781,1000,224.4736,17,0.34,,1,0,7,2.586,2,0,0,0.011563,0.297124,-4.941565,1781000,10482.7
1782,1000,279.8046,19,0.38,,1,0,8,2.9475,3,0,0,0.011693,0.265847,-4.876977,1782000,10488.5
1783,1000,174.0332,16,0.32,,1,0,7,2.5495,1,254,0,0.011641,0.412405,-3.879183,1783000,10494.3
1784,1000,96.4804,13,0.26,,1,0,5,1.9203,0,102,0,0.011697,0.602432,-4.35452,1784000,10500.1
1785,1000,182.1038,17,0.34,,1,0,7,2.586,1,364,0,0.011656,0.352077,-5.097952,1785000,10506.0
1786,1000,222.978,18,0.36,,1,0,7,2.6926,2,64,0,0.011797,0.262639,-4.186584,1786000,10511.8
1787,1000,171.6308,17,0.34,,1,0,8,2.8614,1,403,0,0.011598,0.266906,-4.763221,1787000,10517.9
1788,1000,61.9501,9,0.18,,2,0,5,2.2776,0,25,0,0.011457,0.373086,-5.394854,1788000,10524.0
1789,1000,253.6432,17,0.34,,1,0,6,2.4875,3,9,0,0.011568,0.319711,-4.65962,1789000,10529.8
1790,1000,159.703,15,0.3,,1,0,6,2.2776,1,14,0,0.011592,2.638705,-4.798987,1790000,10535.6
1791,1000,240.9499,18,0.36,,1,0,7,2.6926,2,58,0,0.01178,0.316361,-4.575946,1791000,10541.3
1792,1000,221.1774,18,0.36,,1,0,7,2.6926,2,0,0,0.011798,0.281933,-4.94871,1792000,10547.2
1793,1000,130.0951,11,0.22,,1,0,5,1.9203,1,0,0,0.01199,0.275732,-4.732968,1793000,10553.0
1794,1000,289.752,20,0.4,,1,0,8,3.0822,3,132,0,0.011659,0.467292,-4.981219,1794000,10558.8
1795,1000,57.7171,8,0.16,,1,0,4,1.5811,0,386,0,0.011707,0.295247,-3.685897,1795000,10564.6
1796,1000,64.8467,9,0.18,,1,0,5,1.9203,0,145,0,0.011892,0.869762,-5.383121,1796000,10570.4
1797,1000,152.3328,14,0.28,,1,0,5,2.0616,1,256,0,0.012555,0.249919,-5.311,1797000,10576.5
1798,1000,216.5351,18,0.36,,1,0,7,2.8723,2,364,0,0.01238,0.582602,-4.387009,1798000,10582.5
1799,1000,198.5332,16,0.32,,1,0,6,2.3452,2,270,0,0.012175,0.422373,-5.04922,1799000,10588.3
1800,1000,256.0939,18,0.36,,1,0,8,2.8723,3,191,0,0.012309,0.249628,-4.673715,1800000,10594.2
1801,1000,92.5054,12,0.24,,1,0,4,1.7321,0,2,0,0.011948,0.280181,-4.783523,1801000,10600.2
1802,1000,45.0451,8,0.16,,1,0,3,1.2247,0,494,0,0.012064,0.317829,-5.311502,1802000,10606.1
1803,1000,222.1882,18,0.36,,1,0,8,2.8723,2,20,0,0.012168,0.264185,-4.135728,1803000,10611.9
1804,1000,142.7339,14,0.28,,1,0,7,2.5,1,72,0,0.012232,0.479261,-4.681028,1804000,10617.8
1805,1000,262.1786,21,0.42,,1,0,8,3.2692,2,6,0,0.012141,0.314178,-5.744363,1805000,10623.8
1806,1000,95.6072,13,0.26,,1,0,5,1.9203,0,0,0,0.012312,0.457244,-5.490746,1806000,10630.0
1807,1000,137.5766,12,0.24,,1,0,5,1.8708,1,27,0,0.012343,0.423427,-5.798086,1807000,10635.9
1808,1000,281.2922,21,0.42,,1,0,10,3.562,3,494,0,0.012568,0.313552,-4.507523,1808000,10642.0
1809,1000,170.4899,15,0.3,,1,0,5,2.1651,1,84,0,0.012551,0.39389,-4.332568,1809000,10647.9
1810,1000,295.3439,22,0.44,,1,0,9,3.3541,3,44,0,0.012257,0.562666,-5.14479,1810000,10653.8
1811,1000,90.6288,11,0.22,,1,0,5,2.2776,0,29,0,0.012325,0.451915,-5.459588,1811000,10659.6
1812,1000,244.988,20,0.4,,1,0,9,3.3912,2,233,0,0.012554,0.254301,-4.672428,1812000,10665.6
1813,1000,176.7854,16,0.32,,1,0,6,2.3452,1,363,0,0.012459,0.459478,-3.874342,1813000,10671.4
1814,1000,300.3053,22,0.44,,1,0,8,3.2787,3,34,0,0.012379,0.283547,-4.681655,1814000,10677.4
1815,1000,134.3956,14,0.28,,1,0,5,2.0616,1,367,0,0.012581,0.503142,-5.955125,1815000,10683.3
1816,1000,123.7694,14,0.28,,1,0,5,2.0616,0,234,0,0.012902,1.171501,-4.870356,1816000,10689.1
1817,1000,94.3955,12,0.24,,1,0,5,1.8708,0,64,0,0.012894,0.334012,-5.22868,1817000,10694.9
1818,1000,164.8792,15,0.3,,1,0,5,2.1651,1,210,0,0.012664,0.625475,-3.683684,1818000,10700.6
1819,1000,258.5788,17,0.34,,1,0,6,2.4875,3,230,0,0.01308,0.33071,-4.486917,1819000,10706.5
1820,1000,155.6861,14,0.28,,1,0,5,2.0616,1,153,0,0.01289,0.336129,-4.766076,1820000,10712.4
1821,1000,181.439,14,0.28,,1,0,5,2.0616,2,210,0,0.013049,0.350061,-4.522971,1821000,10718.4
1822,1000,120.3428,15,0.3,,1,0,5,2.1651,0,0,0,0.01289,0.254191,-3.772212,1822000,10724.2
1823,1000,224.0098,18,0.36,,1,0,7,2.8723,2,74,0,0.012673,0.691348,-4.236919,1823000,10729.9
1824,1000,211.9942,16,0.32,,1,0,6,2.3452,2,0,0,0.012957,0.894887,-4.113841,1824000,10735.8
1825,1000,261.2351,18,0.36,,1,0,7,2.6926,3,395,0,0.013214,0.244713,-4.882453,1825000,10741.6
1826,1000,73.3414,11,0.22,,1,0,5,1.9203,0,184,0,0.01322,0.252134,-3.519072,1826000,10747.6
1827,1000,82.3691,8,0.16,,1,0,5,1.8708,1,310,0,0.013098,0.490581,-4.283916,1827000,10753.6
1828,1000,169.4338,15,0.3,,1,0,5,2.1651,1,80,0,0.013129,0.543731,-3.720181,1828000,10759.4
1829,1000,177.5413,16,0.32,,1,0,6,2.3452,1,230,0,0.013001,1.599454,-4.362389,1829000,10765.1
1830,1000,270.6349,19,0.38,,1,0,8,2.9475,3,27,0,0.012763,0.259583,-3.372449,1830000,10771.0
1831,1000,275.533,20,0.4,,1,0,8,3.0822,3,7,0,0.012652,0.365636,-4.008679,1831000,10777.1
1832,1000,92.0999,12,0.24,,1,0,4,1.7321,0,133,0,0.012547,0.266755,-3.641422,1832000,10783.1
1833,1000,189.7775,17,0.34,,1,0,7,2.681,2,179,0,0.012609,0.262035,-2.831021,1833000,10788.9
1834,1000,248.0901,18,0.36,,1,0,8,2.8723,3,222,0,0.012425,0.346051,-4.068564,1834000,10794.7
1835,1000,160.9156,15,0.3,,1,0,7,2.586,1,556,0,0.012346,0.519517,-4.436453,1835000,10800.5
1836,1000,167.2403,16,0.32,,1,0,7,2.5495,1,0,0,0.0123,0.293591,-4.530462,1836000,10806.4
1837,1000,230.6949,19,0.38,,1,0,9,3.1918,2,118,0,0.012611,0.602063,-4.107749,1837000,10812.4
1838,1000,262.2694,18,0.36,,1,0,7,2.6926,3,254,0,0.012369,0.319489,-4.025832,1838000,10818.4
1839,1000,63.2816,11,0.22,,1,0,4,1.6394,0,0,0,0.012549,0.443481,-3.442235,1839000,10824.5
1840,1000,199.6723,17,0.34,,1,0,7,2.681,2,265,0,0.012347,0.210317,-3.327789,1840000,10830.5
1841,1000,153.6077,15,0.3,,1,0,5,2.1651,1,0,0,0.012471,0.345968,-3.874312,1841000,10836.3
1842,1000,254.8642,18,0.36,,1,0,7,2.6926,3,494,0,0.012303,0.344125,-4.097167,1842000,10842.1
1843,1000,278.3937,19,0.38,,1,0,7,2.8614,3,0,0,0.012422,0.423362,-4.562918,1843000,10847.9
1844,1000,246.9992,17,0.34,,1,0,6,2.4875,3,26,0,0.012289,0.309416,-4.214505,1844000,10853.7
1845,1000,148.5868,14,0.28,,1,0,6,2.1794,1,0,0,0.012559,0.662633,-3.896017,1845000,10859.5
1846,1000,184.2876,14,0.28,,1,0,5,2.0616,2,54,0,0.012715,0.795508,-3.345591,1846000,10865.3
1847,1000,106.9866,13,0.26,,1,0,5,1.9203,0,0,0,0.012472,0.387539,-2.784142,1847000,10871.2
1848,1000,182.4149,16,0.32,,1,0,7,2.5495,2,0,0,0.012519,0.386498,-3.42345,1848000,10877.3
1849,1000,212.5851,17,0.34,,1,0,7,2.586,2,322,0,0.012428,0.274597,-3.644481,1849000,10883.2
1850,1000,189.7171,15,0.3,,1,0,5,2.1651,2,0,0,0.012242,0.398029,-4.358651,1850000,10889.0
1851,1000,232.5437,18,0.36,,1,0,8,2.958,2,69,0,0.012142,0.506477,-4.353833,1851000,10894.9
1852,1000,241.2447,20,0.4,,1,0,9,3.3912,2,0,0,0.012292,0.355746,-4.447658,1852000,10900.6
1853,1000,281.1707,20,0.4,,1,0,9,3.2404,3,55,0,0.011955,0.477608,-4.25955,1853000,10906.5
1854,1000,237.9702,20,0.4,,1,0,9,3.3912,2,8,0,0.011902,0.430098,-2.94847,1854000,10912.4
1855,1000,32.1693,9,0.18,,1,0,4,1.479,0,11,0,0.012116,0.400465,-3.399263,1855000,10918.6
1856,1000,146.1198,13,0.26,,1,0,6,2.1651,1,0,0,0.012299,0.638805,-3.555101,1856000,10924.5
1857,1000,249.9189,18,0.36,,1,0,6,2.5981,3,461,0,0.012255,0.327436,-3.777506,1857000,10930.5
1858,1000,170.2078,16,0.32,,1,0,7,2.5495,1,77,0,0.012178,0.370196,-3.839486,1858000,10936.3
1859,1000,260.4413,18,0.36,,1,0,7,2.6926,3,68,0,0.011809,0.341887,-3.461266,1859000,10942.2
1860,1000,163.539,15,0.3,,1,0,6,2.2776,1,0,0,0.012019,0.351531,-3.859293,1860000,10948.0
1861,1000,194.964,16,0.32,,1,0,7,2.5495,2,124,0,0.011858,0.451833,-4.450877,1861000,10953.9
1862,1000,59.3234,10,0.2,,1,0,4,1.6583,0,130,0,0.012203,0.985077,-4.416346,1862000,10960.1
1863,1000,230.1742,15,0.3,,1,0,5,2.1651,3,305,0,0.012438,0.305028,-3.655011,1863000,10966.1
1864,1000,227.1193,18,0.36,,1,0,7,2.8723,2,0,0,0.012424,0.366294,-4.139535,1864000,10972.0
1865,1000,107.8808,14,0.28,,0,1,5,1.6583,0,72,0,0.012468,0.436194,-3.607307,1865000,10978.0
1866,1000,251.4043,17,0.34,,1,0,6,2.4875,3,227,0,0.01234,0.545908,-4.004357,1866000,10984.0
1867,1000,255.4492,17,0.34,,1,0,7,2.586,3,11,0,0.01199,0.514489,-3.950901,1867000,10990.2
1868,1000,115.6823,11,0.22,,1,0,5,1.9203,1,0,0,0.012117,0.610793,-3.961227,1868000,10996.7
1869,1000,69.7224,9,0.18,,1,0,4,1.7854,0,0,0,0.012391,0.321333,-4.868304,1869000,11002.8
1870,1000,93.4532,12,0.24,,1,0,5,2.1213,0,215,0,0.012223,0.333688,-3.457073,1870000,11008.7
1871,1000,181.2697,13,0.26,,1,0,5,2.0463,2,19,0,0.012503,0.679396,-4.012655,1871000,11014.7
1872,1000,269.6892,19,0.38,,1,0,9,3.1918,3,0,0,0.012798,0.29597,-3.252807,1872000,11020.6
1873,1000,70.4624,10,0.2,,1,0,5,2.0616,0,0,0,0.012435,0.898538,-2.457109,1873000,11026.8
1874,1000,66.7246,10,0.2,,1,0,5,1.8028,0,93,0,0.012317,0.263436,-4.8643,1874000,11033.1
1875,1000,69.2144,10,0.2,,1,0,5,1.8028,0,0,0,0.012504,0.37863,-4.329637,1875000,11039.3
1876,1000,88.0998,11,0.22,,1,0,5,1.9203,0,16,0,0.012402,0.895311,-3.219386,1876000,11045.3
1877,1000,266.3488,18,0.36,,1,0,7,2.6926,3,71,0,0.012628,0.922224,-4.081874,1877000,11051.0
1878,1000,151.3179,14,0.28,,1,0,5,2.0616,1,0,0,0.012593,0.350379,-4.417466,1878000,11056.7
1879,1000,118.5535,14,0.28,,1,0,5,2.0616,0,0,0,0.012399,0.363991,-3.82462,1879000,11062.5
1880,1000,118.6007,15,0.3,,1,0,5,2.1651,0,192,0,0.012783,0.329154,-4.177708,1880000,11068.2
1881,1000,267.8408,19,0.38,,1,0,7,2.7726,3,0,0,0.012603,0.416026,-3.184289,1881000,11073.9
1882,1000,104.7661,13,0.26,,1,0,5,2.0463,0,255,0,0.012731,0.496964,-4.573639,1882000,11079.8
1883,1000,210.6684,15,0.3,,1,0,7,2.586,2,0,0,0.012828,0.271089,-3.556811,1883000,11085.8
1884,1000,68.8111,11,0.22,,1,0,5,1.7854,0,6,0,0.013103,0.334308,-3.074778,1884000,11091.7
1885,1000,149.5992,14,0.28,,1,0,7,2.6926,1,114,0,0.012832,0.713738,-3.410867,1885000,11097.5
1886,1000,293.9176,21,0.42,,1,0,8,3.1125,3,139,0,0.012806,0.464711,-3.332141,1886000,11103.3
1887,1000,36.8375,8,0.16,,1,0,4,1.5811,0,62,0,0.012754,0.589071,-3.693442,1887000,11109.4
1888,1000,82.9644,11,0.22,,1,0,4,1.6394,0,14,0,0.012635,0.487178,-3.17158,1888000,11115.5
1889,1000,150.3573,14,0.28,,1,0,5,2.0616,1,0,0,0.012885,0.332763,-4.103057,1889000,11121.8
1890,1000,218.1366,16,0.32,,1,0,6,2.3452,2,16,0,0.012833,0.397241,-4.107377,1890000,11127.8
1891,1000,258.5599,18,0.36,,1,0,7,2.6926,3,1,0,0.012687,0.315918,-3.429077,1891000,11133.7
1892,1000,176.8897,15,0.3,,1,0,5,2.1651,1,0,0,0.012656,0.286851,-4.181891,1892000,11139.5
1893,1000,137.9259,14,0.28,,1,0,6,2.2913,1,0,0,0.012796,0.883967,-3.894604,1893000,11145.2
1894,1000,112.3134,11,0.22,,1,0,5,1.9203,1,17,0,0.01264,0.523212,-3.381771,1894000,11151.1
1895,1000,149.8053,15,0.3,,1,0,7,2.4875,1,3,0,0.012549,0.368598,-3.587279,1895000,11156.9
1896,1000,163.0779,15,0.3,,1,0,5,2.1651,1,74,0,0.012501,0.832563,-4.197675,1896000,11162.8
1897,1000,225.9433,17,0.34,,1,0,7,2.586,2,20,0,0.012213,0.269423,-4.171464,1897000,11168.7
1898,1000,106.9856,13,0.26,,1,0,5,2.0463,0,0,0,0.012524,0.31333,-4.287649,1898000,11174.6
1899,1000,171.1032,14,0.28,,1,0,5,2.0616,2,37,0,0.012525,0.315132,-3.568457,1899000,11180.4
1900,1000,202.8985,16,0.32,,1,0,6,2.3452,2,238,0,0.012551,0.415328,-4.190235,1900000,11186.4
1901,1000,39.8002,7,0.14,,1,0,3,1.0897,0,36,0,0.012502,0.309978,-3.67665,1901000,11192.4
1902,1000,132.8864,13,0.26,,1,0,6,2.1651,1,0,0,0.012367,0.399585,-4.062237,1902000,11198.2
1903,1000,130.9495,13,0.26,,1,0,5,1.9203,1,54,0,0.012042,0.583982,-4.631359,1903000,11204.0
1904,1000,237.6126,16,0.32,,1,0,6,2.3452,3,15,0,0.012272,0.554438,-3.424544,1904000,11209.8
1905,1000,125.6409,12,0.24,,1,0,5,1.8708,1,14,0,0.012415,0.543539,-4.115634,1905000,11215.6
1906,1000,147.1755,14,0.28,,1,0,6,2.2913,1,0,0,0.012506,0.310792,-4.309414,1906000,11221.4
1907,1000,174.1571,14,0.28,,1,0,5,2.0616,2,409,0,0.012456,1.356804,-4.118157,1907000,11227.4
1908,1000,224.5611,15,0.3,,1,0,5,2.1651,3,55,0,0.012716,0.571117,-4.51227,1908000,11233.2
1909,1000,208.1271,16,0.32,,1,0,7,2.5495,2,290,0,0.012726,0.455013,-4.88171,1909000,11239.1
1910,1000,51.8974,10,0.2,,1,0,4,1.5,0,3,0,0.012453,0.647,-4.239588,1910000,11245.2
1911,1000,37.1011,10,0.2,,1,0,5,1.8028,0,0,0,0.012764,0.437584,-3.72525,1911000,11251.0
1912,1000,227.128,18,0.36,,1,0,8,2.958,2,1,0,0.012941,0.488447,-3.578593,1912000,11256.9
1913,1000,156.0594,15,0.3,,1,0,6,2.2776,1,0,0,0.0125,0.256234,-3.958597,1913000,11262.7
1914,1000,169.7311,15,0.3,,1,0,5,2.1651,1,3,0,0.012303,0.693892,-4.638318,1914000,11268.6
1915,1000,125.9743,14,0.28,,1,0,5,2.0616,0,0,0,0.012418,0.62074,-4.107162,1915000,11274.4
1916,1000,224.7194,17,0.34,,1,0,6,2.4875,2,0,0,0.012578,0.349884,-4.770483,1916000,11280.3
1917,1000,227.2559,15,0.3,,1,0,5,2.1651,3,41,0,0.012341,0.333986,-4.142082,1917000,11286.3
1918,1000,205.4068,16,0.32,,1,0,6,2.3452,2,0,0,0.011881,0.513493,-4.070042,1918000,11292.1
1919,1000,146.853,13,0.26,,1,0,6,2.3848,1,1,0,0.011918,0.324472,-3.81289,1919000,11297.9
1920,1000,214.825,20,0.4,,1,0,10,3.5355,1,28,0,0.011991,0.417568,-4.771264,1920000,11303.6
1921,1000,144.7886,15,0.3,,1,0,5,2.1651,0,76,0,0.012321,0.37671,-5.055325,1921000,11309.4
1922,1000,208.9256,16,0.32,,1,0,6,2.4495,2,205,0,0.012173,0.472369,-4.649233,1922000,11315.3
1923,1000,158.85,14,0.28,,1,0,7,2.5,1,0,0,0.011845,0.421662,-3.965988,1923000,11321.1
1924,1000,263.6493,18,0.36,,1,0,7,2.6926,3,73,0,0.011807,0.371633,-3.72602,1924000,11326.8
1925,1000,220.5404,17,0.34,,1,0,6,2.4875,2,1,0,0.011882,0.467768,-4.773276,1925000,11332.5
1926,1000,220.8771,17,0.34,,1,0,7,2.586,2,34,0,0.011798,0.333818,-3.647187,1926000,11338.2
1927,1000,269.6561,18,0.36,,1,0,7,2.6926,3,4,0,0.011958,0.360538,-4.994994,1927000,11343.9
1928,1000,247.59,17,0.34,,1,0,6,2.4875,3,141,0,0.011733,0.993827,-3.56618,1928000,11349.6
1929,1000,221.4751,18,0.36,,1,0,8,2.8723,2,0,0,0.011602,0.265983,-3.484931,1929000,11355.4
1930,1000,197.4003,17,0.34,,1,0,7,2.586,1,25,0,0.01175,0.682839,-3.502548,1930000,11361.2
1931,1000,258.0566,17,0.34,,1,0,7,2.586,3,21,0,0.011694,0.321245,-3.110314,1931000,11367.0
1932,1000,122.2171,12,0.24,,1,0,6,2.1213,1,71,0,0.011677,0.346996,-2.96981,1932000,11372.9
1933,1000,191.6131,15,0.3,,1,0,5,2.1651,2,509,0,0.011318,0.410814,-4.482422,1933000,11378.9
1934,1000,218.6922,17,0.34,,1,0,7,2.586,2,14,0,0.011597,0.304422,-3.754972,1934000,11384.8
1935,1000,236.5894,18,0.36,,1,0,8,2.8723,2,69,0,0.011622,0.456155,-4.298871,1935000,11390.6
1936,1000,287.866,20,0.4,,1,0,8,3.0822,3,198,0,0.011313,0.512535,-4.898044,1936000,11396.6
1937,1000,65.3712,10,0.2,,1,0,4,1.5,0,0,0,0.011188,0.382994,-3.936297,1937000,11402.6
1938,1000,201.6653,17,0.34,,1,0,7,2.586,2,947,0,0.01151,0.246517,-3.428894,1938000,11408.4
1939,1000,230.7974,15,0.3,,1,0,5,2.1651,3,92,0,0.011235,0.699874,-4.981893,1939000,11414.2
1940,1000,250.8059,19,0.38,,1,0,8,2.9475,2,44,0,0.011224,0.488836,-3.491024,1940000,11420.0
1941,1000,39.5525,8,0.16,,1,0,4,1.5811,0,986,0,0.011125,0.304266,-3.001198,1941000,11425.9
1942,1000,245.9451,17,0.34,,1,0,7,2.586,3,363,0,0.011465,0.406672,-4.567772,1942000,11431.7
1943,1000,189.679,15,0.3,,1,0,6,2.2776,2,382,0,0.011433,0.532087,-4.015064,1943000,11437.5
1944,1000,282.2709,19,0.38,,1,0,7,2.7726,3,71,0,0.011224,0.323411,-3.697889,1944000,11443.3
1945,1000,276.1789,19,0.38,,1,0,8,2.9475,3,244,0,0.011205,0.591465,-4.205386,1945000,11449.3
1946,1000,172.3196,15,0.3,,1,0,5,2.1651,1,413,0,0.011475,0.804164,-2.731024,1946000,11455.3
1947,1000,182.4068,16,0.32,,1,0,6,2.3452,1,7,0,0.012187,0.400984,-4.1531,1947000,11461.0
1948,1000,322.2457,24,0.48,,1,0,9,3.5355,3,54,0,0.012482,0.513551,-4.380548,1948000,11466.8
1949,1000,216.6709,19,0.38,,1,0,8,3.1125,2,251,0,0.012295,1.05384,-3.472904,1949000,11472.6
1950,1000,203.3784,18,0.36,,1,0,8,2.8723,1,112,0,0.012107,0.378702,-3.56957,1950000,11478.3
1951,1000,251.9194,21,0.42,,1,0,9,3.3448,2,496,0,0.011886,0.325168,-3.643296,1951000,11484.1
1952,1000,143.1702,14,0.28,,1,0,7,2.5,1,0,0,0.012048,0.341627,-2.794795,1952000,11490.0
1953,1000,253.3332,17,0.34,,1,0,7,2.586,3,133,0,0.011965,0.592251,-3.442601,1953000,11495.7
1954,1000,200.1208,15,0.3,,1,0,5,2.1651,2,214,0,0.011982,0.212793,-3.05386,1954000,11501.6
1955,1000,245.6087,17,0.34,,1,0,6,2.4875,3,14,0,0.011945,0.287649,-4.077645,1955000,11507.7
1956,1000,168.3109,15,0.3,,1,0,5,2.1651,1,136,0,0.011773,0.396313,-3.184174,1956000,11513.5
1957,1000,248.7231,19,0.38,,1,0,7,2.8614,3,682,0,0.011792,0.415903,-3.52045,1957000,11519.4
1958,1000,267.1256,18,0.36,,1,0,7,2.6926,3,0,0,0.01179,0.316732,-3.736893,1958000,11525.1
1959,1000,207.8925,17,0.34,,1,0,6,2.4875,2,470,0,0.011802,0.381952,-3.102558,1959000,11530.9
1960,1000,109.8204,15,0.3,,1,0,5,2.1651,0,0,0,0.011608,0.280868,-3.229796,1960000,11536.8
1961,1000,275.7537,20,0.4,,1,0,9,3.2404,3,288,0,0.011766,0.799831,-3.293921,1961000,11542.7
1962,1000,65.2959,10,0.2,,1,0,5,1.8028,0,516,0,0.011883,0.573534,-3.450775,1962000,11549.0
1963,1000,335.2423,24,0.48,,1,0,10,3.7417,3,40,0,0.012184,0.559665,-3.571024,1963000,11554.9
1964,1000,122.8325,12,0.24,,1,0,6,2.2361,1,0,0,0.01211,0.459681,-3.903162,1964000,11560.8
1965,1000,231.641,17,0.34,,1,0,7,2.586,2,0,0,0.012125,0.506894,-3.970808,1965000,11566.6
1966,1000,278.5178,20,0.4,,1,0,8,3.0822,3,336,0,0.012186,0.529109,-3.753492,1966000,11572.5
1967,1000,288.7318,20,0.4,,1,0,8,3.0822,3,58,0,0.012423,0.319584,-2.086137,1967000,11578.6
1968,1000,269.0762,19,0.38,,1,0,8,2.9475,3,39,0,0.012521,0.536281,-3.586232,1968000,11584.7
1969,1000,89.0385,10,0.2,,1,0,5,1.8028,1,0,0,0.012286,0.310081,-3.653942,1969000,11590.6
1970,1000,202.9886,16,0.32,,1,0,6,2.3452,2,311,0,0.011897,1.077573,-2.847833,1970000,11596.6
1971,1000,232.6262,17,0.34,,1,0,7,2.586,2,0,0,0.011581,0.317952,-3.271473,1971000,11602.4
1972,1000,259.7692,17,0.34,,1,0,7,2.586,3,0,0,0.011645,0.80385,-2.910825,1972000,11608.4
1973,1000,268.6511,18,0.36,,1,0,7,2.6926,3,12,0,0.01156,0.415995,-3.199369,1973000,11614.3
1974,1000,268.517,19,0.38,,1,0,7,2.8614,3,125,0,0.011363,2.377618,-3.282654,1974000,11620.2
1975,1000,267.3964,18,0.36,,1,0,8,2.8723,3,107,0,0.01137,0.31904,-3.172027,1975000,11626.2
1976,1000,45.7643,8,0.16,,1,0,3,1.2247,0,89,0,0.011566,0.486606,-3.836466,1976000,11632.4
1977,1000,106.2886,15,0.3,,1,0,5,2.1651,0,0,0,0.011599,0.711989,-2.977691,1977000,11638.3
1978,1000,216.3219,16,0.32,,1,0,6,2.3452,2,0,0,0.01141,0.305582,-3.331367,1978000,11644.5
1979,1000,302.9354,22,0.44,,1,0,10,3.5707,3,33,0,0.011467,0.465048,-3.440408,1979000,11650.4
1980,1000,235.2823,18,0.36,,1,0,8,2.8723,2,106,0,0.011384,0.295479,-3.137757,1980000,11656.3
1981,1000,159.7218,15,0.3,,1,0,5,2.1651,1,19,0,0.011368,0.410379,-3.49019,1981000,11662.3
1982,1000,270.6947,20,0.4,,1,0,8,3.0822,3,5,0,0.011377,0.52005,-4.593559,1982000,11668.2
1983,1000,144.1819,16,0.32,,1,0,8,2.8284,1,211,0,0.011358,0.510231,-4.375398,1983000,11674.3
1984,1000,249.4522,18,0.36,,1,0,7,2.6926,3,393,0,0.011476,0.376382,-4.091129,1984000,11680.5
1985,1000,212.3155,16,0.32,,1,0,6,2.3452,2,6,0,0.011483,0.785591,-3.361824,1985000,11686.5
1986,1000,139.588,15,0.3,,1,0,5,2.1651,0,140,0,0.011605,0.735376,-4.159257,1986000,11692.4
1987,1000,142.8373,16,0.32,,1,0,6,2.3452,1,3,0,0.011545,0.284213,-3.517102,1987000,11698.3
1988,1000,236.9813,18,0.36,,1,0,8,2.8723,3,99,0,0.011173,0.808198,-3.589459,1988000,11704.2
1989,1000,252.2507,19,0.38,,0,1,6,2.1651,3,355,0,0.011236,0.848851,-3.234686,1989000,11710.2
1990,1000,146.3735,15,0.3,,1,0,5,2.1651,1,0,0,0.011227,0.568317,-3.537251,1990000,11716.3
1991,1000,206.9975,16,0.32,,1,0,6,2.3452,2,0,0,0.011002,0.489359,-3.416605,1991000,11722.4
1992,1000,273.1059,19,0.38,,1,0,8,2.9475,3,0,0,0.01107,0.44718,-3.097605,1992000,11728.5
1993,1000,175.8647,16,0.32,,1,0,6,2.3452,1,0,0,0.010969,0.609309,-3.040469,1993000,11734.4
1994,1000,265.8601,18,0.36,,1,0,7,2.6926,3,0,0,0.011269,0.340283,-3.074825,1994000,11740.4
1995,1000,227.4077,17,0.34,,1,0,7,2.586,2,105,0,0.01129,0.346032,-2.552613,1995000,11746.3
1996,1000,165.343,15,0.3,,1,0,5,2.1651,1,46,0,0.011438,0.326371,-3.579647,1996000,11752.2
1997,1000,222.5691,17,0.34,,1,0,7,2.681,2,0,0,0.011241,0.455449,-3.71264,1997000,11758.4
1998,1000,222.5219,17,0.34,,1,0,7,2.586,2,31,0,0.01117,0.395974,-3.886153,1998000,11764.3
1999,1000,217.7601,17,0.34,,1,0,7,2.681,2,1,0,0.01097,0.608612,-3.612882,1999000,11770.1
2000,1000,214.8681,16,0.32,,1,0,6,2.3452,2,0,0,0.010955,0.280981,-2.912221,2000000,11776.1
2001,1000,281.1836,19,0.38,,1,0,7,2.8614,3,47,0,0.010881,0.449108,-4.236348,2001000,11782.1
2002,1000,244.2747,17,0.34,,1,0,7,2.586,3,74,0,0.011079,0.580554,-3.196149,2002000,11788.1
2003,1000,103.7698,12,0.24,,1,0,5,1.8708,1,279,0,0.011284,0.491373,-3.604584,2003000,11794.2
2004,1000,288.8742,21,0.42,,1,0,9,3.3448,3,0,0,0.011267,0.426448,-3.325817,2004000,11800.4
2005,1000,223.1431,17,0.34,,1,0,6,2.4875,3,0,0,0.011318,0.240262,-2.10856,2005000,11806.4
2006,1000,195.7639,16,0.32,,1,0,6,2.3452,2,10,0,0.011221,0.382323,-2.600426,2006000,11812.2
2007,1000,186.7942,18,0.36,,1,0,8,2.8723,1,418,0,0.011253,0.319447,-3.136791,2007000,11818.1
2008,1000,180.6496,17,0.34,,1,0,7,2.586,1,320,0,0.011288,0.321356,-3.862216,2008000,11824.0
2009,1000,305.4828,22,0.44,,1,0,10,3.6401,3,41,0,0.011157,0.275201,-3.628542,2009000,11829.8
2010,1000,117.5814,15,0.3,,1,0,5,2.1651,0,632,0,0.011078,0.527062,-4.823248,2010000,11835.7
2011,1000,278.856,19,0.38,,1,0,7,2.8614,3,8,0,0.010968,0.414364,-3.510638,2011000,11841.6
2012,1000,292.1007,20,0.4,,1,0,9,3.2404,3,29,0,0.010724,0.65296,-3.884905,2012000,11847.7
2013,1000,201.3837,16,0.32,,1,0,6,2.3452,2,20,0,0.010828,0.540254,-3.361256,2013000,11853.7
2014,1000,272.4972,19,0.38,,1,0,7,2.8614,3,120,0,0.010769,0.302128,-2.765913,2014000,11859.7
2015,1000,249.3418,17,0.34,,1,0,6,2.4875,3,35,0,0.010645,0.269654,-2.613444,2015000,11865.5
2016,1000,122.4935,13,0.26,,1,0,5,2.0463,1,194,0,0.011081,0.864467,-3.015359,2016000,11871.4
2017,1000,225.1482,18,0.36,,1,0,7,2.6926,2,14,0,0.011493,0.350473,-3.457851,2017000,11877.2
2018,1000,225.9366,18,0.36,,1,0,7,2.6926,2,67,0,0.011299,0.847126,-3.065706,2018000,11883.0
2019,1000,160.0739,16,0.32,,1,0,7,2.5495,1,52,0,0.01113,0.366299,-2.943285,2019000,11888.7
2020,1000,166.0304,16,0.32,,1,0,7,2.5495,1,487,0,0.011343,0.519856,-1.838164,2020000,11894.5
2021,1000,236.5112,18,0.36,,1,0,7,2.6926,2,29,0,0.011113,0.287931,-3.062069,2021000,11900.2
2022,1000,211.7728,16,0.32,,1,0,6,2.3452,2,468,0,0.01099,0.470089,-3.048381,2022000,11906.0
2023,1000,68.93,10,0.2,,1,0,4,1.5,0,182,0,0.011159,0.335741,-2.868543,2023000,11912.0
2024,1000,30.4118,10,0.2,,1,0,4,1.6583,0,1272,0,0.010997,0.357988,-3.239132,2024000,11918.3
2025,1000,210.7576,17,0.34,,1,0,7,2.586,2,282,0,0.011173,0.312954,-0.730185,2025000,11924.2
2026,1000,231.3941,16,0.32,,1,0,6,2.3452,3,456,0,0.011215,0.388805,-3.518788,2026000,11930.0
2027,1000,272.9816,19,0.38,,1,0,7,2.8614,3,1,0,0.011184,0.304455,-2.582216,2027000,11935.8
2028,1000,132.1813,15,0.3,,1,0,5,2.1651,0,848,0,0.011324,0.34086,-3.392951,2028000,11941.6
2029,1000,142.2861,14,0.28,,1,0,7,2.5,1,40,0,0.011466,0.764025,-3.661816,2029000,11947.4
2030,1000,208.2853,15,0.3,,1,0,5,2.1651,2,221,0,0.011431,0.369992,-2.842376,2030000,11953.1
2031,1000,134.537,12,0.24,,1,0,5,2.1213,1,60,0,0.011618,0.684362,-3.001318,2031000,11958.9
2032,1000,153.1897,14,0.28,,1,0,5,2.0616,1,1,0,0.011718,0.380463,-2.79362,2032000,11964.6
2033,1000,148.1243,13,0.26,,1,0,5,2.0463,1,61,0,0.011882,0.380819,-2.418944,2033000,11970.3
2034,1000,164.666,15,0.3,,1,0,5,2.1651,1,44,0,0.011636,0.223588,-2.544284,2034000,11976.0
2035,1000,233.9131,18,0.36,,1,0,7,2.6926,2,35,0,0.011723,0.518834,-3.772777,2035000,11981.8
2036,1000,165.0036,15,0.3,,1,0,5,2.1651,1,0,0,0.011547,0.681799,-3.54142,2036000,11987.4
2037,1000,184.7137,17,0.34,,1,0,9,3.2692,1,205,0,0.01118,0.315038,-4.001763,2037000,11993.2
2038,1000,132.0033,13,0.26,,1,0,5,2.0463,1,503,0,0.011091,0.755659,-2.825335,2038000,11999.1
2039,1000,84.9303,13,0.26,,1,0,5,2.0463,0,998,0,0.011237,0.569533,-4.246763,2039000,12005.0
2040,1000,215.2571,15,0.3,,1,0,5,2.1651,3,0,0,0.011405,0.559186,-2.593257,2040000,12010.8
2041,1000,212.6325,16,0.32,,1,0,6,2.3452,2,21,0,0.011347,0.423516,-3.190443,2041000,12016.7
2042,1000,73.366,10,0.2,,1,0,5,2.0616,0,0,0,0.011217,0.341904,-2.322622,2042000,12022.6
2043,1000,259.1695,18,0.36,,1,0,8,2.8723,3,151,0,0.011145,0.559522,-3.889564,2043000,12028.5
2044,1000,166.4309,15,0.3,,1,0,5,2.1651,1,3,0,0.011244,0.508814,-3.346656,2044000,12034.2
2045,1000,136.3202,15,0.3,,1,0,5,2.1651,0,274,0,0.010995,0.263937,-3.843599,2045000,12040.0
2046,1000,88.1933,11,0.22,,1,0,5,1.7854,0,24,0,0.01117,0.505037,-2.503324,2046000,12046.0
2047,1000,125.3304,12,0.24,,1,0,5,1.8708,1,48,0,0.01121,0.35664,-4.219641,2047000,12052.0
2048,1000,148.2632,14,0.28,,1,0,5,2.0616,1,155,0,0.011389,0.521083,-3.566093,2048000,12058.0
2049,1000,186.9889,14,0.28,,1,0,5,2.0616,2,63,0,0.011224,0.395641,-3.182674,2049000,12063.7
2050,1000,240.7762,19,0.38,,1,0,8,2.9475,2,141,0,0.011275,0.456415,-3.80634,2050000,12069.6
2051,1000,269.1463,19,0.38,,1,0,8,2.9475,3,0,0,0.011537,0.517316,-2.849455,2051000,12075.4
2052,1000,182.8107,16,0.32,,1,0,6,2.3452,1,0,0,0.011221,0.370482,-2.475338,2052000,12081.2
2053,1000,156.2877,13,0.26,,1,0,5,2.0463,2,272,0,0.011436,0.520185,-3.107378,2053000,12087.1
2054,1000,171.8271,14,0.28,,1,0,5,2.0616,2,22,0,0.011642,0.299644,-3.129783,2054000,12092.9
2055,1000,214.7533,17,0.34,,1,0,7,2.586,2,0,0,0.011688,0.376014,-4.402168,2055000,12098.7
2056,1000,129.3558,15,0.3,,1,0,5,2.1651,0,284,0,0.011387,0.845656,-2.965207,2056000,12104.4
2057,1000,220.7986,18,0.36,,1,0,8,2.8723,2,128,0,0.011429,0.433685,-3.199124,2057000,12110.1
2058,1000,276.5892,20,0.4,,1,0,7,2.9155,3,4,0,0.011466,0.358422,-2.912588,2058000,12115.9
2059,1000,131.7798,15,0.3,,1,0,5,2.1651,0,213,0,0.011872,0.290544,-3.35602,2059000,12121.7
2060,1000,183.9283,17,0.34,,1,0,7,2.586,1,110,0,0.011673,0.580139,-3.0522,2060000,12127.3
2061,1000,173.2757,15,0.3,,1,0,5,2.1651,1,298,0,0.011813,0.365609,-3.462391,2061000,12133.2
2062,1000,196.1083,16,0.32,,1,0,6,2.3452,2,39,0,0.011591,0.418659,-3.103158,2062000,12139.1
2063,1000,141.7834,14,0.28,,1,0,5,2.0616,1,0,0,0.011664,0.382091,-2.802744,2063000,12145.0
2064,1000,272.1291,19,0.38,,1,0,8,2.9475,3,158,0,0.011894,0.402147,-2.893248,2064000,12150.8
2065,1000,232.7687,16,0.32,,1,0,6,2.3452,3,352,0,0.01184,0.363539,-4.31324,2065000,12156.7
2066,1000,282.7179,19,0.38,,1,0,7,2.7726,3,2,0,0.011765,1.073123,-3.918002,2066000,12162.5
2067,1000,277.4257,20,0.4,,1,0,9,3.2404,3,0,0,0.011809,0.322921,-3.778979,2067000,12168.4
2068,1000,243.3638,19,0.38,,1,0,8,2.9475,2,169,0,0.012062,3.414794,-3.137669,2068000,12174.2
2069,1000,123.8413,13,0.26,,1,0,6,2.1651,1,0,0,0.011909,0.384309,-3.91234,2069000,12180.1
2070,1000,118.3847,16,0.32,,1,0,6,2.3452,1,1103,0,0.011794,0.343576,-3.42841,2070000,12185.9
2071,1000,111.1029,11,0.22,,1,0,5,1.7854,1,10,0,0.011662,0.426585,-3.216374,2071000,12191.8
2072,1000,137.2401,15,0.3,,1,0,5,2.1651,0,12,0,0.011366,0.454013,-2.677384,2072000,12197.4
2073,1000,242.7185,16,0.32,,1,0,6,2.3452,3,20,0,0.011717,0.292365,-2.791111,2073000,12203.1
2074,1000,240.4678,19,0.38,,1,0,8,2.9475,2,52,0,0.012024,0.352403,-2.366963,2074000,12208.8
2075,1000,155.4927,14,0.28,,1,0,5,2.0616,1,2,0,0.012056,0.307036,-2.455017,2075000,12214.5
2076,1000,235.4477,18,0.36,,1,0,8,2.8723,2,3,0,0.012157,0.433089,-2.413968,2076000,12220.2
2077,1000,111.9342,14,0.28,,1,0,5,2.0616,0,612,0,0.01192,0.741555,-2.813892,2077000,12225.9
2078,1000,254.3804,17,0.34,,1,0,6,2.4875,3,0,0,0.011826,0.317934,-2.711664,2078000,12231.6
2079,1000,84.8101,12,0.24,,1,0,5,1.8708,0,0,0,0.011767,0.349135,-3.350889,2079000,12237.4
2080,1000,185.3765,14,0.28,,1,0,5,2.0616,2,43,0,0.011718,0.296579,-2.848042,2080000,12243.1
2081,1000,52.7628,9,0.18,,1,0,4,1.479,0,425,0,0.011427,0.428778,-2.60125,2081000,12249.0
2082,1000,114.2397,14,0.28,,1,0,5,2.0616,0,489,0,0.01171,0.41992,-3.966462,2082000,12254.7
2083,1000,279.6201,20,0.4,,1,0,9,3.2404,3,36,0,0.011326,0.291422,-3.02154,2083000,12260.4
2084,1000,223.0278,18,0.36,,1,0,8,2.8723,2,49,0,0.011488,0.275765,-2.261847,2084000,12266.2
2085,1000,212.1733,16,0.32,,1,0,6,2.3452,2,0,0,0.011306,0.492019,-3.182131,2085000,12271.8
2086,1000,273.0183,19,0.38,,1,0,8,2.9475,3,41,0,0.011243,0.465641,-2.965685,2086000,12277.5
2087,1000,71.251,10,0.2,,1,0,4,1.5,0,125,0,0.011636,0.326831,-2.695144,2087000,12283.5
2088,1000,125.0295,12,0.24,,1,0,5,2.1213,1,137,0,0.011512,0.229545,-2.730335,2088000,12289.4
2089,1000,151.6245,15,0.3,,1,0,7,2.4875,1,0,0,0.011535,0.25984,-1.977343,2089000,12295.2
2090,1000,122.8299,12,0.24,,1,0,5,1.8708,1,0,0,0.01173,0.479302,-3.029534,2090000,12301.1
2091,1000,153.7516,14,0.28,,1,0,6,2.2913,1,107,0,0.011775,0.31674,-2.62233,2091000,12306.8
2092,1000,141.209,14,0.28,,1,0,5,2.0616,1,0,0,0.01185,0.455278,-2.407783,2092000,12312.6
2093,1000,37.0213,9,0.18,,1,0,4,1.479,0,26,0,0.011916,0.377778,-3.33586,2093000,12318.5
2094,1000,104.0671,13,0.26,,1,0,5,1.9203,0,13,0,0.011973,0.253648,-3.345256,2094000,12324.4
2095,1000,147.7555,14,0.28,,1,0,6,2.1794,1,3,0,0.012,0.653767,-3.822253,2095000,12330.4
2096,1000,132.7886,12,0.24,,1,0,5,1.8708,1,34,0,0.012041,0.456527,-3.568542,2096000,12336.4
2097,1000,257.7989,17,0.34,,1,0,7,2.586,3,0,0,0.012143,0.334276,-3.226656,2097000,12342.2
2098,1000,284.4928,20,0.4,,1,0,10,3.5355,3,66,0,0.01216,0.33751,-3.709117,2098000,12348.0
2099,1000,54.7519,10,0.2,,1,0,4,1.5,0,18,0,0.012218,0.357524,-2.52567,2099000,12353.8
2100,1000,216.7267,17,0.34,,1,0,7,2.586,2,91,0,0.0119,0.563841,-2.908444,2100000,12359.5
2101,1000,184.9549,15,0.3,,1,0,5,2.1651,2,0,0,0.011564,0.492253,-3.28762,2101000,12365.2
2102,1000,161.6443,15,0.3,,1,0,7,2.4875,1,5,0,0.011582,0.447515,-3.18501,2102000,12371.0
2103,1000,259.4956,18,0.36,,1,0,7,2.6926,3,327,0,0.01169,0.391908,-3.212824,2103000,12376.8
2104,1000,230.8456,18,0.36,,1,0,7,2.6926,2,68,0,0.011921,2.159596,-2.11024,2104000,12382.5
2105,1000,246.4166,18,0.36,,1,0,6,2.5981,3,21,0,0.012147,0.479779,-3.642289,2105000,12388.4
2106,1000,222.9822,16,0.32,,1,0,6,2.3452,3,202,0,0.01193,0.247929,-2.953359,2106000,12394.4
2107,1000,199.842,16,0.32,,1,0,6,2.3452,2,0,0,0.012268,0.406751,-2.574155,2107000,12400.3
2108,1000,279.26,19,0.38,,1,0,8,2.9475,3,19,0,0.012241,0.929694,-2.695496,2108000,12406.2
2109,1000,255.212,21,0.42,,1,0,10,3.562,2,38,0,0.012435,0.404421,-3.128404,2109000,12412.2
2110,1000,245.2047,20,0.4,,1,0,8,3.0822,2,133,0,0.012678,0.332829,-3.038881,2110000,12418.0
2111,1000,261.1919,19,0.38,,1,0,8,2.9475,3,0,0,0.012637,0.818301,-3.615955,2111000,12423.7
2112,1000,270.0114,19,0.38,,1,0,9,3.1918,3,192,0,0.012783,0.298761,-2.874166,2112000,12429.4
2113,1000,199.1661,18,0.36,,1,0,8,2.8723,2,0,0,0.012725,0.427278,-2.713337,2113000,12435.2
2114,1000,280.9166,19,0.38,,1,0,9,3.1918,3,8,0,0.012778,0.329293,-2.29638,2114000,12440.9
2115,1000,267.3324,19,0.38,,1,0,7,2.7726,3,0,0,0.012308,0.493325,-3.068511,2115000,12446.9
2116,1000,250.5537,17,0.34,,1,0,6,2.4875,3,191,0,0.012253,0.44394,-2.546962,2116000,12452.9
2117,1000,39.5989,8,0.16,,1,0,4,1.5811,0,0,0,0.012178,0.293704,-1.568159,2117000,12459.0
2118,1000,136.8963,13,0.26,,1,0,5,1.9203,1,196,0,0.01208,0.342967,-3.15675,2118000,12465.0
2119,1000,192.4488,15,0.3,,1,0,6,2.2776,2,218,0,0.01182,0.468932,-2.759116,2119000,12470.7
2120,1000,212.4357,15,0.3,,1,0,5,2.1651,3,245,0,0.011705,0.609323,-2.9439,2120000,12476.5
2121,1000,232.2601,18,0.36,,1,0,8,2.8723,2,145,0,0.011842,0.520022,-2.100827,2121000,12482.2
2122,1000,256.1816,20,0.4,,1,0,10,3.5355,2,40,0,0.011855,0.497154,-2.561162,2122000,12488.0
2123,1000,270.1549,19,0.38,,1,0,7,2.8614,3,248,0,0.011611,0.45801,-1.998939,2123000,12493.8
2124,1000,238.1382,16,0.32,,1,0,6,2.3452,3,0,0,0.011693,0.267807,-1.95263,2124000,12499.5
2125,1000,223.8413,18,0.36,,1,0,8,2.8723,2,2,0,0.011563,0.356514,-3.290253,2125000,12505.4
2126,1000,142.5314,14,0.28,,1,0,6,2.2913,1,0,0,0.012145,0.360463,-2.711508,2126000,12511.6
2127,1000,186.104,16,0.32,,1,0,7,2.5495,2,776,0,0.012082,0.378361,-2.745677,2127000,12517.7
2128,1000,253.3468,17,0.34,,1,0,6,2.4875,3,0,0,0.01203,0.53695,-1.842204,2128000,12523.6
2129,1000,129.7734,12,0.24,,1,0,5,1.8708,1,0,0,0.011672,0.335604,-2.947986,2129000,12529.5
2130,1000,64.6872,9,0.18,,1,0,4,1.479,0,252,0,0.011505,0.298104,-1.776013,2130000,12535.3
2131,1000,66.4897,9,0.18,,1,0,4,1.479,0,23,0,0.011579,0.27519,-2.970081,2131000,12541.1
2132,1000,265.8444,19,0.38,,1,0,8,2.9475,3,155,0,0.011518,0.380126,-3.176509,2132000,12546.9
2133,1000,57.2212,9,0.18,,1,0,5,1.7854,0,141,0,0.011474,0.327669,-3.172869,2133000,12552.7
2134,1000,243.5631,17,0.34,,1,0,7,2.586,3,0,0,0.011563,0.637553,-2.106271,2134000,12558.5
2135,1000,193.1933,15,0.3,,1,0,5,2.1651,2,6,0,0.011897,0.494997,-2.467345,2135000,12564.5
2136,1000,163.3994,15,0.3,,1,0,5,2.1651,1,421,0,0.012094,0.404649,-3.134223,2136000,12570.5
2137,1000,237.4726,18,0.36,,1,0,7,2.6926,2,0,0,0.012025,0.304371,-2.546885,2137000,12576.3
2138,1000,291.2324,21,0.42,,1,0,9,3.3448,3,6,0,0.011808,1.567039,-2.346471,2138000,12582.1
2139,1000,260.1024,18,0.36,,1,0,7,2.6926,3,17,0,0.011749,0.522006,-1.879491,2139000,12587.9
2140,1000,280.7684,20,0.4,,1,0,9,3.2404,3,59,0,0.011863,0.393006,-1.841145,2140000,12593.7
2141,1000,213.2032,18,0.36,,1,0,8,2.8723,2,135,0,0.011975,1.234037,-1.981366,2141000,12599.7
2142,1000,224.6925,17,0.34,,1,0,7,2.586,2,10,0,0.01195,0.309578,-1.798577,2142000,12605.5
2143,1000,249.3824,18,0.36,,1,0,8,2.8723,3,387,0,0.011798,0.308589,-2.215389,2143000,12611.3
2144,1000,194.2174,15,0.3,,1,0,5,2.1651,2,60,0,0.011493,0.716427,-2.354206,2144000,12617.0
2145,1000,241.5158,16,0.32,,1,0,6,2.3452,3,11,0,0.011441,0.419086,-2.613139,2145000,12623.0
2146,1000,297.4854,21,0.42,,1,0,8,3.1125,3,0,0,0.011999,0.796973,-2.687765,2146000,12628.9
2147,1000,75.0525,10,0.2,,1,0,4,1.5,0,0,0,0.01188,0.840033,-1.586272,2147000,12635.0
2148,1000,219.4764,19,0.38,,1,0,7,2.8614,2,39,0,0.011984,0.249701,-1.309287,2148000,12640.9
2149,1000,151.2739,14,0.28,,1,0,5,2.0616,1,0,0,0.01174,0.406377,-1.8733,2149000,12646.9
2150,1000,204.6707,17,0.34,,1,0,7,2.586,2,559,0,0.011717,0.364404,-1.700788,2150000,12652.7
2151,1000,262.8883,19,0.38,,1,0,8,2.9475,3,3,0,0.011852,0.361869,-2.310922,2151000,12658.6
2152,1000,242.5836,18,0.36,,1,0,8,2.8723,2,0,0,0.012097,0.74263,-2.862828,2152000,12664.4
2153,1000,82.8151,13,0.26,,1,0,5,1.9203,0,239,0,0.011849,1.287459,-3.435819,2153000,12670.2
2154,1000,257.8016,17,0.34,,1,0,7,2.586,3,2,0,0.011734,0.573795,-1.511139,2154000,12676.0
2155,1000,233.4724,18,0.36,,1,0,8,2.8723,2,103,0,0.01219,0.427605,-3.713408,2155000,12681.7
2156,1000,269.3246,19,0.38,,1,0,8,2.9475,3,221,0,0.012016,0.334839,-1.871577,2156000,12687.6
2157,1000,96.5154,12,0.24,,1,0,5,1.8708,0,0,0,0.012011,0.489298,-2.706802,2157000,12693.5
2158,1000,232.1953,16,0.32,,1,0,6,2.3452,3,15,0,0.012541,0.323899,-3.432039,2158000,12699.7
2159,1000,190.3069,15,0.3,,1,0,5,2.1651,2,0,0,0.012721,0.354067,-2.362479,2159000,12705.8
2160,1000,135.7387,13,0.26,,1,0,5,1.9203,1,0,0,0.012661,0.403775,-2.189412,2160000,12711.8
2161,1000,132.1911,13,0.26,,1,0,5,2.0463,1,0,0,0.012679,0.661392,-1.395907,2161000,12717.6
2162,1000,194.6273,15,0.3,,1,0,5,2.1651,2,0,0,0.012547,0.241497,-2.155571,2162000,12723.3
2163,1000,227.7681,17,0.34,,1,0,7,2.586,3,0,0,0.012167,0.413609,-2.348642,2163000,12729.1
2164,1000,171.5717,15,0.3,,1,0,6,2.2776,2,300,0,0.012258,0.459836,-2.220259,2164000,12734.9
2165,1000,19.4806,8,0.16,,1,0,3,1.2247,0,0,0,0.012697,0.426529,-2.145596,2165000,12740.9
2166,1000,180.8666,16,0.32,,1,0,6,2.3452,1,22,0,0.012289,0.345471,-3.132353,2166000,12746.7
2167,1000,190.3653,15,0.3,,1,0,6,2.2776,2,18,0,0.012345,0.289309,-2.077039,2167000,12752.7
2168,1000,257.5344,17,0.34,,1,0,6,2.4875,3,44,0,0.012509,0.511011,-2.318802,2168000,12758.6
2169,1000,217.0032,17,0.34,,1,0,7,2.586,2,104,0,0.012301,0.523606,-3.251891,2169000,12764.4
2170,1000,209.7525,15,0.3,,1,0,5,2.1651,2,112,0,0.012298,0.350864,-2.441823,2170000,12770.2
2171,1000,123.5435,14,0.28,,1,0,5,2.0616,0,156,0,0.012516,0.655393,-2.584375,2171000,12776.0
2172,1000,154.0024,15,0.3,,1,0,5,2.1651,1,0,0,0.012747,0.334405,-2.08656,2172000,12781.8
2173,1000,225.9397,18,0.36,,1,0,7,2.6926,2,14,0,0.012803,0.611159,-1.287176,2173000,12787.5
2174,1000,270.9926,18,0.36,,1,0,8,2.8723,3,81,0,0.01233,0.328201,-1.849735,2174000,12793.6
2175,1000,150.7424,14,0.28,,1,0,5,2.0616,1,0,0,0.012096,0.282216,-2.180727,2175000,12799.5
2176,1000,195.6982,16,0.32,,1,0,6,2.3452,2,198,0,0.012059,0.656069,-2.540041,2176000,12805.4
2177,1000,150.0185,13,0.26,,1,0,5,2.0463,1,0,0,0.01224,0.539361,-2.384607,2177000,12811.3
2178,1000,274.6548,20,0.4,,1,0,8,3.0822,3,105,0,0.012065,0.598044,-2.320171,2178000,12817.2
2179,1000,259.1999,18,0.36,,1,0,8,2.8723,3,70,0,0.0122,0.48378,-1.941686,2179000,12823.1
2180,1000,193.8657,16,0.32,,1,0,6,2.3452,2,264,0,0.012035,0.354097,-1.488341,2180000,12828.9
2181,1000,148.1382,14,0.28,,1,0,5,2.0616,1,0,0,0.011947,0.335711,-1.568327,2181000,12834.6
2182,1000,229.2819,16,0.32,,1,0,6,2.3452,3,0,0,0.011826,0.292677,-1.507883,2182000,12840.4
2183,1000,277.014,20,0.4,,1,0,8,3.0822,3,95,0,0.011606,0.341753,-2.007614,2183000,12846.2
2184,1000,162.3436,15,0.3,,1,0,5,2.1651,1,4,0,0.011833,0.441076,-1.937824,2184000,12851.9
2185,1000,121.3642,14,0.28,,1,0,5,2.0616,1,17,0,0.012021,0.658332,-2.309204,2185000,12857.7
2186,1000,273.4255,19,0.38,,1,0,8,2.9475,3,3,0,0.011713,0.372797,-2.977425,2186000,12863.7
2187,1000,134.1581,12,0.24,,1,0,5,1.8708,1,0,0,0.011595,0.333775,-1.752467,2187000,12869.6
2188,1000,124.2475,12,0.24,,1,0,5,1.8708,1,0,0,0.011817,1.925325,-1.989847,2188000,12875.5
2189,1000,207.7695,16,0.32,,1,0,6,2.3452,2,8,0,0.011867,0.307238,-2.670689,2189000,12881.4
2190,1000,225.5012,16,0.32,,1,0,6,2.3452,3,2,0,0.011695,0.309932,-2.774522,2190000,12887.2
2191,1000,288.0403,21,0.42,,1,0,8,3.1125,3,204,0,0.0116,0.75887,-1.740017,2191000,12893.2
2192,1000,235.7808,19,0.38,,1,0,8,2.9475,2,0,0,0.011588,0.690721,-2.038054,2192000,12899.3
2193,1000,121.7591,15,0.3,,1,0,5,2.1651,0,1,0,0.011222,0.543256,-3.16079,2193000,12905.2
2194,1000,204.0939,18,0.36,,1,0,9,3.2016,1,3,0,0.011188,0.263182,-2.852252,2194000,12911.1
2195,1000,280.123,21,0.42,,1,0,7,3.0311,3,217,0,0.011046,0.326506,-2.367901,2195000,12917.0
2196,1000,238.7749,17,0.34,,1,0,7,2.586,3,0,0,0.011171,0.352176,-2.416168,2196000,12923.1
2197,1000,202.7422,17,0.34,,1,0,7,2.586,2,19,0,0.010946,0.552016,-2.634947,2197000,12928.9
2198,1000,163.255,15,0.3,,1,0,8,3.0311,2,0,0,0.010899,0.468193,-2.178265,2198000,12934.7
2199,1000,91.1625,12,0.24,,1,0,5,1.8708,0,0,0,0.010929,0.517111,-1.640995,2199000,12940.5
2200,1000,77.8503,12,0.24,,1,0,5,1.8708,0,0,0,0.011294,0.401317,-2.251992,2200000,12946.3
2201,1000,200.471,16,0.32,,1,0,6,2.3452,2,0,0,0.011171,0.709015,-2.788858,2201000,12952.1
2202,1000,142.1619,13,0.26,,1,0,5,2.0463,1,111,0,0.011225,0.27943,-3.165424,2202000,12957.9
2203,1000,254.3772,17,0.34,,1,0,7,2.586,3,0,0,0.011207,0.324775,-2.345247,2203000,12963.8
2204,1000,262.503,18,0.36,,1,0,8,2.8723,3,13,0,0.011286,0.440285,-2.438064,2204000,12969.9
2205,1000,251.7862,18,0.36,,1,0,7,2.6926,3,0,0,0.011606,1.259632,-2.692865,2205000,12976.1
2206,1000,48.41,9,0.18,,1,0,5,1.9203,0,36,0,0.011678,0.312793,-2.880406,2206000,12982.3
2207,1000,162.0283,15,0.3,,1,0,5,2.1651,1,2,0,0.011561,0.432928,-2.805581,2207000,12988.3
2208,1000,153.6961,15,0.3,,1,0,9,3.562,1,0,0,0.011728,0.364133,-2.820796,2208000,12994.2
2209,1000,248.9282,17,0.34,,1,0,6,2.4875,3,48,0,0.011553,0.554571,-1.320765,2209000,13000.3
2210,1000,67.6779,10,0.2,,1,0,5,2.0616,0,150,0,0.011492,0.414014,-2.164621,2210000,13006.5
2211,1000,64.7866,10,0.2,,1,0,4,1.6583,0,179,0,0.011455,1.138586,-1.805822,2211000,13012.7
2212,1000,100.529,12,0.24,,1,0,5,1.8708,0,37,0,0.011777,0.924048,-2.6774,2212000,13018.8
2213,1000,128.5147,13,0.26,,1,0,5,2.0463,1,0,0,0.011823,0.340748,-0.570446,2213000,13024.6
2214,1000,99.0368,13,0.26,,1,0,5,1.9203,0,0,0,0.011828,0.615232,-1.777743,2214000,13030.6
2215,1000,190.6447,16,0.32,,1,0,7,2.5495,2,119,0,0.011809,0.331286,-2.038836,2215000,13036.5
2216,1000,280.3449,22,0.44,,1,0,9,3.5,3,314,0,0.011704,0.374364,-2.082325,2216000,13042.5
2217,1000,261.0492,19,0.38,,1,0,7,2.7726,3,583,0,0.011589,0.739606,-2.481267,2217000,13048.4
2218,1000,51.06,10,0.2,,1,0,4,1.5,0,0,0,0.012075,0.279685,-1.812194,2218000,13054.3
2219,1000,101.1892,12,0.24,,1,0,5,1.8708,0,141,0,0.012053,0.471374,-2.59791,2219000,13060.1
2220,1000,184.7275,15,0.3,,1,0,5,2.1651,2,170,0,0.012027,0.27028,-2.38665,2220000,13066.0
2221,1000,72.687,11,0.22,,1,0,4,1.6394,0,0,0,0.012064,0.371444,-2.136264,2221000,13072.1
2222,1000,238.0058,16,0.32,,1,0,6,2.3452,3,53,0,0.011789,0.339997,-1.595859,2222000,13078.2
2223,1000,200.6092,15,0.3,,1,0,5,2.1651,2,20,0,0.011864,0.420985,-2.438903,2223000,13084.2
2224,1000,148.2921,15,0.3,,1,0,5,2.1651,1,0,0,0.011995,0.416281,-2.106627,2224000,13090.3
2225,1000,247.1697,16,0.32,,1,0,6,2.3452,3,0,0,0.011839,0.318819,-1.285492,2225000,13096.3
2226,1000,194.6014,15,0.3,,1,0,5,2.1651,2,257,0,0.011968,1.20751,-2.533717,2226000,13102.3
2227,1000,260.3363,19,0.38,,1,0,8,2.9475,3,0,0,0.012215,0.308416,-1.3084,2227000,13108.1
2228,1000,173.1326,14,0.28,,1,0,5,2.0616,2,17,0,0.012044,0.303622,-2.06049,2228000,13113.9
2229,1000,76.1298,11,0.22,,0,1,5,1.479,0,237,0,0.012074,0.392181,-2.445076,2229000,13119.8
2230,1000,286.2861,20,0.4,,1,0,8,3.0822,3,0,0,0.012291,0.779974,-1.011168,2230000,13125.7
2231,1000,212.18,17,0.34,,1,0,7,2.586,2,87,0,0.012364,0.456389,-2.4734,2231000,13131.6
2232,1000,219.9389,16,0.32,,1,0,6,2.3452,3,0,0,0.012166,0.267884,-1.362139,2232000,13137.5
2233,1000,201.7773,17,0.34,,1,0,7,2.586,2,856,0,0.011925,0.676252,-2.28887,2233000,13143.3
2234,1000,145.785,14,0.28,,1,0,5,2.0616,1,0,0,0.011766,0.41241,-1.624802,2234000,13149.1
2235,1000,35.1753,8,0.16,,1,0,3,1.2247,0,0,0,0.011646,0.599685,-1.573695,2235000,13154.9
2236,1000,144.0771,14,0.28,,1,0,5,2.0616,1,307,0,0.01166,0.530784,-1.936186,2236000,13160.7
2237,1000,259.9268,18,0.36,,1,0,7,2.6926,3,0,0,0.011737,0.400103,-2.00491,2237000,13166.7
2238,1000,213.4562,16,0.32,,1,0,6,2.3452,2,0,0,0.011661,1.025098,-1.365098,2238000,13172.8
2239,1000,82.3081,10,0.2,,1,0,5,2.0616,0,3,0,0.011943,0.65623,-1.920331,2239000,13178.9
2240,1000,201.738,15,0.3,,1,0,5,2.1651,2,306,0,0.011814,0.349161,-1.847521,2240000,13184.8
2241,1000,221.9308,16,0.32,,1,0,6,2.3452,3,0,0,0.011928,0.254762,-1.777706,2241000,13190.7
2242,1000,237.6913,17,0.34,,1,0,6,2.4875,3,0,0,0.011765,0.277471,-3.113714,2242000,13196.5
2243,1000,5.9983,6,0.12,,1,0,3,1.118,0,8,0,0.011923,0.509228,-2.66428,2243000,13202.5
2244,1000,71.1598,10,0.2,,1,0,4,1.5,0,0,0,0.011832,0.336269,-2.447112,2244000,13208.3
2245,1000,24.6705,8,0.16,,1,0,4,1.5811,0,0,0,0.011659,0.76559,-1.580957,2245000,13214.2
2246,1000,112.3183,11,0.22,,1,0,5,1.9203,1,0,0,0.011777,0.515728,-1.891419,2246000,13220.0
2247,1000,35.1524,6,0.12,,2,0,3,1.5,0,0,0,0.012206,0.364558,-1.519537,2247000,13226.0
2248,1000,223.4578,18,0.36,,1,0,8,2.8723,2,0,0,0.01222,2.155992,-2.567482,2248000,13231.8
2249,1000,176.7524,15,0.3,,1,0,5,2.1651,1,35,0,0.012323,0.789096,-2.390246,2249000,13237.9
2250,1000,124.3709,13,0.26,,1,0,5,2.0463,1,23,0,0.012128,0.324581,-2.136055,2250000,13244.1
2251,1000,243.7745,16,0.32,,1,0,6,2.3452,3,0,0,0.012223,1.109859,-2.228009,2251000,13250.1
2252,1000,162.705,15,0.3,,1,0,5,2.1651,1,26,0,0.012183,0.343584,-2.391605,2252000,13256.0
2253,1000,247.3705,18,0.36,,1,0,7,2.6926,3,1,0,0.011985,0.543984,-2.697975,2253000,13261.8
2254,1000,206.3278,16,0.32,,1,0,6,2.3452,2,0,0,0.011619,0.748805,-2.119914,2254000,13267.6
2255,1000,43.0028,8,0.16,,1,0,5,1.8708,0,0,0,0.011716,0.427983,-0.835156,2255000,13273.5
2256,1000,24.9348,4,0.08,,2,0,3,1.2247,0,1,0,0.011938,0.332092,-2.607779,2256000,13279.4
2257,1000,235.4511,15,0.3,,1,0,5,2.1651,3,94,0,0.012063,3.469809,-1.529694,2257000,13285.5
2258,1000,47.9673,8,0.16,,1,0,4,1.4142,0,0,0,0.012213,0.351032,-1.28858,2258000,13291.5
2259,1000,52.7807,10,0.2,,1,0,5,1.8028,0,0,0,0.011983,0.318883,-1.728553,2259000,13297.4
2260,1000,220.8691,18,0.36,,1,0,9,3.2016,2,0,0,0.011962,0.403788,-1.26175,2260000,13303.1
2261,1000,120.0892,15,0.3,,1,0,5,2.1651,0,319,0,0.012346,0.325501,-1.617625,2261000,13308.8
2262,1000,42.381,8,0.16,,1,0,3,1.2247,0,378,0,0.012573,0.317224,-1.97596,2262000,13314.6
2263,1000,60.4024,8,0.16,,1,0,4,1.5811,0,0,0,0.012598,0.774479,-2.314187,2263000,13320.5
2264,1000,204.1739,16,0.32,,1,0,6,2.3452,2,45,0,0.012427,0.879883,-2.64056,2264000,13326.2
2265,1000,184.0104,14,0.28,,1,0,5,2.0616,2,140,0,0.01262,0.631174,-1.933418,2265000,13332.1
2266,1000,201.199,15,0.3,,1,0,5,2.1651,2,67,0,0.012592,0.427882,-1.852682,2266000,13338.1
2267,1000,241.9648,16,0.32,,1,0,6,2.3452,3,4,0,0.012661,0.315113,-3.132208,2267000,13343.9
2268,1000,170.3219,14,0.28,,1,0,5,2.0616,2,366,0,0.012701,1.410534,-1.61566,2268000,13349.7
2269,1000,77.06,10,0.2,,1,0,5,1.8028,0,13,0,0.012753,0.677144,-2.090944,2269000,13355.6
2270,1000,227.8331,16,0.32,,1,0,6,2.3452,3,0,0,0.012685,1.837313,-2.967858,2270000,13361.4
2271,1000,233.0648,17,0.34,,1,0,6,2.4875,3,26,0,0.012351,0.396982,-2.328919,2271000,13367.5
2272,1000,177.2639,16,0.32,,1,0,6,2.3452,1,108,0,0.012355,0.498699,-1.09903,2272000,13373.4
2273,1000,231.5307,19,0.38,,1,0,7,2.8614,2,33,0,0.012305,0.302574,-2.282812,2273000,13379.2
2274,1000,240.9231,16,0.32,,1,0,6,2.3452,3,0,0,0.012364,0.40217,-0.623429,2274000,13385.0
2275,1000,216.1557,17,0.34,,1,0,7,2.586,2,6,0,0.012265,5.392178,-2.093839,2275000,13390.7
2276,1000,0.7579,5,0.1,,1,0,3,1.0897,0,0,0,0.012403,1.027633,-2.694941,2276000,13396.7
2277,1000,70.3281,10,0.2,,1,0,4,1.6583,0,0,0,0.012498,0.537414,-1.559656,2277000,13402.6
2278,1000,237.9509,17,0.34,,1,0,7,2.586,3,0,0,0.012296,0.433672,-2.407336,2278000,13408.3
2279,1000,245.239,16,0.32,,1,0,6,2.3452,3,0,0,0.012357,0.679492,-2.580137,2279000,13414.5
2280,1000,228.3982,16,0.32,,1,0,6,2.3452,3,0,0,0.012224,0.448474,-2.595895,2280000,13420.4
2281,1000,119.6048,14,0.28,,1,0,6,2.2913,1,0,0,0.012039,0.339421,-1.887757,2281000,13426.2
2282,1000,145.2392,14,0.28,,1,0,5,2.0616,1,1,0,0.012168,0.516269,-2.391204,2282000,13432.0
2283,1000,161.0767,13,0.26,,1,0,6,2.3848,2,0,0,0.012491,0.332648,-1.825892,2283000,13437.7
2284,1000,145.0517,13,0.26,,1,0,5,2.0463,1,0,0,0.012385,0.464435,-1.748191,2284000,13443.5
2285,1000,163.6228,15,0.3,,1,0,5,2.1651,1,24,0,0.012793,0.399815,-2.197328,2285000,13449.3
2286,1000,197.8809,15,0.3,,1,0,5,2.1651,2,35,0,0.012623,0.420774,-2.70786,2286000,13455.1
2287,1000,211.163,16,0.32,,1,0,6,2.3452,2,23,0,0.012214,0.966622,-2.368368,2287000,13461.1
2288,1000,99.0276,13,0.26,,1,0,5,2.0463,0,2,0,0.012338,0.46775,-1.21967,2288000,13467.1
2289,1000,146.5181,14,0.28,,1,0,5,2.0616,1,0,0,0.01265,0.938483,-1.43502,2289000,13473.1
2290,1000,200.2472,15,0.3,,1,0,5,2.1651,2,124,0,0.012695,0.400435,-2.59025,2290000,13478.9
2291,1000,163.9934,15,0.3,,1,0,5,2.1651,1,0,0,0.012706,0.395183,-1.279507,2291000,13484.6
2292,1000,174.9916,14,0.28,,1,0,5,2.0616,2,49,0,0.012841,0.453228,-1.103404,2292000,13490.4
2293,1000,192.692,15,0.3,,1,0,5,2.1651,2,0,0,0.01328,0.392408,-0.845655,2293000,13496.2
2294,1000,252.9036,17,0.34,,1,0,6,2.4875,3,0,0,0.013314,0.917569,-1.331073,2294000,13502.0
2295,1000,187.8918,15,0.3,,1,0,5,2.1651,2,31,0,0.013298,0.34309,-1.337591,2295000,13508.0
2296,1000,13.5313,7,0.14,,1,0,4,1.479,0,0,0,0.013661,0.687604,-2.15002,2296000,13514.0
2297,1000,-3.8373,3,0.06,,2,0,2,0.8292,0,0,0,0.014002,0.859883,-2.749724,2297000,13519.9
2298,1000,104.2304,13,0.26,,1,0,5,1.9203,0,0,0,0.014187,0.373178,-1.415538,2298000,13525.7
2299,1000,81.0935,11,0.22,,1,0,4,1.6394,0,371,0,0.013948,0.513436,-1.868217,2299000,13531.6
2300,1000,200.8568,15,0.3,,1,0,5,2.1651,2,20,0,0.013717,0.452053,-0.587879,2300000,13537.4
2301,1000,228.6642,15,0.3,,1,0,5,2.1651,3,0,0,0.013197,0.323661,-1.662749,2301000,13543.1
2302,1000,72.4355,10,0.2,,1,0,5,1.8028,0,0,0,0.013103,0.34001,-1.043936,2302000,13548.9
2303,1000,146.404,15,0.3,,1,0,6,2.2776,1,279,0,0.012879,0.388444,-1.788825,2303000,13555.0
2304,1000,107.3826,11,0.22,,1,0,5,1.7854,1,0,0,0.012891,0.298604,-1.404302,2304000,13561.1
2305,1000,152.5696,14,0.28,,1,0,5,2.0616,1,19,0,0.012994,0.279178,-1.733661,2305000,13567.2
2306,1000,166.4486,15,0.3,,1,0,5,2.1651,1,15,0,0.012813,0.436873,-2.442299,2306000,13573.0
2307,1000,156.3044,15,0.3,,1,0,5,2.1651,1,245,0,0.012743,0.355545,-2.274557,2307000,13578.8
2308,1000,115.2723,11,0.22,,1,0,5,1.7854,1,17,0,0.012801,0.581582,-2.374907,2308000,13584.9
2309,1000,96.5581,13,0.26,,1,0,5,2.0463,0,438,0,0.013288,0.565039,-1.720536,2309000,13590.8
2310,1000,117.2031,13,0.26,,1,0,5,1.9203,0,35,0,0.012959,0.556881,-2.81951,2310000,13596.6
2311,1000,146.436,14,0.28,,1,0,5,2.0616,1,0,0,0.012807,0.284622,-1.920404,2311000,13602.5
2312,1000,95.8798,12,0.24,,1,0,5,1.8708,0,282,0,0.013027,0.29527,-1.553097,2312000,13608.4
2313,1000,106.0137,12,0.24,,1,0,5,1.8708,0,0,0,0.01279,0.332587,-2.732504,2313000,13614.3
2314,1000,43.1652,9,0.18,,1,0,4,1.479,0,213,0,0.012807,0.329988,-1.162553,2314000,13620.3
2315,1000,231.3958,16,0.32,,1,0,6,2.3452,3,0,0,0.012853,0.470995,-2.489048,2315000,13626.2
2316,1000,78.116,10,0.2,,1,0,4,1.5,0,10,0,0.012836,0.393001,-2.441624,2316000,13632.2
2317,1000,120.0232,12,0.24,,1,0,5,2.1213,1,0,0,0.012496,0.542831,-2.684248,2317000,13638.1
2318,1000,109.4105,14,0.28,,1,0,5,2.0616,0,0,0,0.012293,0.639552,-1.137711,2318000,13643.9
2319,1000,97.1517,12,0.24,,1,0,5,1.8708,0,44,0,0.012441,0.473546,-1.599404,2319000,13649.7
2320,1000,70.2013,11,0.22,,1,0,4,1.6394,0,66,0,0.01238,0.360694,-1.652188,2320000,13655.5
2321,1000,97.3593,13,0.26,,1,0,5,1.9203,0,0,0,0.012161,0.422294,-0.777616,2321000,13661.6
2322,1000,136.7052,13,0.26,,1,0,6,2.1651,1,0,0,0.012474,0.441401,-0.231655,2322000,13667.6
2323,1000,179.6886,15,0.3,,1,0,5,2.1651,1,0,0,0.012576,1.074189,-0.262614,2323000,13673.5
2324,1000,192.9512,15,0.3,,1,0,5,2.1651,2,118,0,0.012368,0.606669,-1.22624,2324000,13679.3
2325,1000,221.4436,17,0.34,,1,0,7,2.586,2,191,0,0.012362,0.319777,-1.915857,2325000,13685.1
2326,1000,206.5616,17,0.34,,1,0,7,2.586,2,0,0,0.012165,0.638347,-1.247525,2326000,13690.9
2327,1000,162.7257,15,0.3,,1,0,5,2.1651,1,10,0,0.011986,0.310616,-1.289264,2327000,13696.7
2328,1000,178.7778,16,0.32,,1,0,6,2.3452,1,44,0,0.012137,0.213143,-1.28691,2328000,13702.5
2329,1000,140.4899,16,0.32,,0,1,5,1.7321,0,223,0,0.011939,0.288205,-1.269078,2329000,13708.3
2330,1000,115.2904,12,0.24,,1,0,5,2.1213,1,0,0,0.011919,0.690316,-1.194787,2330000,13714.4
2331,1000,206.2381,15,0.3,,1,0,5,2.1651,2,6,0,0.011952,0.273567,-1.336275,2331000,13720.3
2332,1000,171.5337,16,0.32,,1,0,6,2.3452,1,61,0,0.012029,0.284666,-2.095663,2332000,13726.3
2333,1000,183.4657,14,0.28,,1,0,5,2.0616,2,6,0,0.012142,0.329095,-0.994686,2333000,13732.2
2334,1000,86.2709,12,0.24,,1,0,4,1.7321,0,0,0,0.01188,0.381969,-1.528856,2334000,13738.1
2335,1000,132.0302,15,0.3,,1,0,5,2.1651,0,0,0,0.011941,0.50041,-0.885926,2335000,13743.9
2336,1000,103.4388,13,0.26,,1,0,5,1.9203,0,2,0,0.011714,0.25455,-1.385252,2336000,13749.8
2337,1000,184.6796,14,0.28,,1,0,5,2.0616,2,0,0,0.011982,0.333508,-2.618227,2337000,13755.6
2338,1000,207.5169,16,0.32,,1,0,6,2.3452,3,0,0,0.011884,0.3609,-0.980349,2338000,13761.4
2339,1000,93.2081,13,0.26,,1,0,5,1.9203,0,0,0,0.01181,0.349099,-0.824107,2339000,13767.5
2340,1000,129.8261,15,0.3,,1,0,5,2.1651,0,0,0,0.011985,0.238139,-1.216762,2340000,13773.3
2341,1000,208.2846,15,0.3,,1,0,5,2.1651,2,13,0,0.011759,0.43791,-1.670822,2341000,13779.1
2342,1000,261.1288,18,0.36,,1,0,7,2.6926,3,0,0,0.011695,0.299561,-1.711808,2342000,13785.0
2343,1000,175.8448,15,0.3,,1,0,5,2.1651,2,0,0,0.011668,0.440293,-0.702396,2343000,13791.0
2344,1000,73.9042,10,0.2,,1,0,4,1.5,0,83,0,0.011966,0.38285,-0.971998,2344000,13797.2
2345,1000,227.601,17,0.34,,1,0,7,2.586,2,16,0,0.011773,0.376226,-1.028872,2345000,13803.5
2346,1000,133.8671,13,0.26,,1,0,5,1.9203,1,1,0,0.01184,0.335857,-0.976749,2346000,13809.8
2347,1000,140.5382,15,0.3,,1,0,5,2.1651,0,0,0,0.011657,0.404675,-1.065211,2347000,13815.8
2348,1000,110.7356,12,0.24,,1,0,5,1.8708,1,0,0,0.011675,0.696847,-0.904847,2348000,13821.7
2349,1000,122.1679,14,0.28,,1,0,5,2.0616,1,0,0,0.011731,0.230627,-0.501697,2349000,13827.6
2350,1000,213.4498,16,0.32,,1,0,6,2.3452,2,0,0,0.011788,0.302923,-1.067866,2350000,13833.4
2351,1000,165.0727,15,0.3,,1,0,7,2.586,1,84,0,0.011515,0.59029,-0.484296,2351000,13839.4
2352,1000,209.2078,16,0.32,,1,0,7,2.5495,2,37,0,0.011578,0.816171,-0.800672,2352000,13845.4
2353,1000,207.1898,16,0.32,,1,0,6,2.3452,2,177,0,0.011628,0.271712,-1.750234,2353000,13851.6
2354,1000,168.7503,15,0.3,,1,0,5,2.1651,1,0,0,0.01161,0.331506,-2.03384,2354000,13857.6
2355,1000,260.4724,17,0.34,,1,0,6,2.4875,3,0,0,0.011413,0.324081,-1.269412,2355000,13863.7
2356,1000,246.6323,16,0.32,,1,0,6,2.3452,3,0,0,0.011405,0.347649,-1.613534,2356000,13869.7
2357,1000,79.5822,12,0.24,,1,0,5,1.8708,0,0,0,0.011443,0.355825,-1.561283,2357000,13875.5
2358,1000,203.8984,15,0.3,,1,0,5,2.1651,3,59,0,0.011263,0.718663,-1.419925,2358000,13881.5
2359,1000,220.7096,15,0.3,,1,0,5,2.1651,3,0,0,0.011219,0.317493,-1.616581,2359000,13887.5
2360,1000,192.7932,15,0.3,,1,0,5,2.1651,2,0,0,0.011421,0.235511,-0.994655,2360000,13893.5
2361,1000,133.257,15,0.3,,1,0,5,2.1651,1,477,0,0.011294,0.394963,-1.412646,2361000,13899.5
2362,1000,31.3515,8,0.16,,1,0,4,1.5811,0,0,0,0.011008,0.341768,-2.713713,2362000,13905.8
2363,1000,234.7009,16,0.32,,1,0,6,2.3452,3,0,0,0.010844,0.662877,-1.781987,2363000,13911.9
2364,1000,229.3474,16,0.32,,1,0,6,2.3452,3,0,0,0.010831,0.288574,-0.688547,2364000,13917.9
2365,1000,206.8237,15,0.3,,1,0,5,2.1651,2,0,0,0.010794,0.358565,-1.124341,2365000,13923.7
2366,1000,232.629,18,0.36,,1,0,7,2.6926,2,79,0,0.010799,0.751995,-0.254774,2366000,13929.6
2367,1000,187.0593,14,0.28,,1,0,5,2.0616,2,0,0,0.010982,0.225464,-1.343838,2367000,13935.7
2368,1000,189.9204,15,0.3,,1,0,5,2.1651,2,0,0,0.010812,0.532102,-1.21532,2368000,13941.6
2369,1000,249.6118,17,0.34,,1,0,6,2.4875,3,0,0,0.010572,0.304971,-0.852734,2369000,13947.5
2370,1000,226.486,15,0.3,,1,0,5,2.1651,3,11,0,0.01071,0.262058,-0.769027,2370000,13953.4
2371,1000,229.7705,18,0.36,,1,0,8,2.8723,2,81,0,0.010527,0.228053,-0.89361,2371000,13959.4
2372,1000,270.8052,20,0.4,,1,0,9,3.2404,3,19,0,0.010487,0.299292,-0.359867,2372000,13965.4
2373,1000,84.5166,12,0.24,,1,0,5,1.8708,0,0,0,0.011028,0.447782,-1.325089,2373000,13971.4
2374,1000,155.8163,15,0.3,,1,0,5,2.1651,1,271,0,0.010967,0.285929,-0.854119,2374000,13977.3
2375,1000,244.7015,19,0.38,,1,0,7,2.8614,2,0,0,0.010885,0.305175,-1.881326,2375000,13983.2
2376,1000,229.6798,19,0.38,,1,0,8,2.9475,2,134,0,0.010813,0.239352,-1.044783,2376000,13989.0
2377,1000,283.7893,20,0.4,,1,0,9,3.2404,3,284,0,0.010601,0.42054,-0.856679,2377000,13994.9
2378,1000,242.4855,16,0.32,,1,0,6,2.3452,3,1,0,0.010806,0.426459,-1.795369,2378000,14000.8
2379,1000,238.174,17,0.34,,1,0,6,2.4875,3,480,0,0.010659,0.231406,-0.710899,2379000,14006.7
2380,1000,211.4978,16,0.32,,1,0,6,2.3452,2,0,0,0.010513,0.390423,-1.070719,2380000,14012.5
2381,1000,239.5001,16,0.32,,1,0,6,2.3452,3,18,0,0.010408,0.348614,-1.319631,2381000,14018.5
2382,1000,235.8804,20,0.4,,1,0,8,3.0822,2,268,0,0.01054,0.306532,-1.560584,2382000,14024.5
2383,1000,72.9634,9,0.18,,1,0,5,1.7854,0,138,0,0.01055,0.256211,-1.579836,2383000,14030.6
2384,1000,198.9569,16,0.32,,1,0,6,2.3452,2,0,0,0.010361,0.230044,-0.740254,2384000,14036.5
2385,1000,243.7982,18,0.36,,1,0,8,2.8723,3,38,0,0.010273,0.480061,-1.269695,2385000,14042.3
2386,1000,242.8469,17,0.34,,1,0,6,2.4875,3,76,0,0.01023,0.295626,-0.485087,2386000,14048.1
2387,1000,236.9741,16,0.32,,1,0,6,2.3452,3,4,0,0.010151,0.598061,-0.746813,2387000,14053.9
2388,1000,230.366,15,0.3,,1,0,5,2.1651,3,53,0,0.010129,0.243496,-0.841696,2388000,14059.7
2389,1000,147.6753,13,0.26,,1,0,5,2.0463,1,80,0,0.009878,0.246292,-1.144691,2389000,14065.5
2390,1000,249.3542,18,0.36,,1,0,8,2.8723,3,9,0,0.009717,0.208121,-0.940299,2390000,14071.2
2391,1000,227.7357,17,0.34,,1,0,7,2.586,2,0,0,0.00979,0.869686,-0.83316,2391000,14077.2
2392,1000,9.751,8,0.16,,1,0,4,1.4142,0,0,0,0.009861,0.270723,-1.62041,2392000,14083.5
2393,1000,230.5883,18,0.36,,1,0,7,2.6926,2,0,0,0.010131,0.425687,-0.809946,2393000,14089.6
2394,1000,62.9576,10,0.2,,1,0,4,1.5,0,0,0,0.010015,0.31069,-2.422378,2394000,14095.6
2395,1000,206.1526,16,0.32,,1,0,6,2.3452,2,0,0,0.010138,0.284917,-2.060719,2395000,14101.5
2396,1000,207.8344,16,0.32,,1,0,6,2.3452,2,0,0,0.010022,0.263683,-1.084514,2396000,14107.4
2397,1000,85.1675,13,0.26,,1,0,5,1.9203,0,14,0,0.010172,0.346263,-1.012713,2397000,14113.3
2398,1000,178.1006,13,0.26,,1,0,5,2.0463,2,0,0,0.010166,0.329681,-1.04557,2398000,14119.2
2399,1000,51.1056,13,0.26,,1,0,5,1.9203,0,0,0,0.010118,0.394101,-1.416982,2399000,14125.0
2400,1000,112.9125,14,0.28,,1,0,5,2.0616,0,0,0,0.009857,0.520088,-0.981142,2400000,14130.8
2401,1000,236.4102,17,0.34,,1,0,7,2.586,3,45,0,0.010048,0.47363,-0.75782,2401000,14136.7
2402,1000,168.8333,16,0.32,,0,1,5,1.7321,1,0,0,0.010036,0.300073,-1.83748,2402000,14142.7
2403,1000,191.9599,16,0.32,,1,0,6,2.3452,2,0,0,0.009892,0.206177,-0.376537,2403000,14148.8
2404,1000,215.956,17,0.34,,1,0,7,2.586,3,0,0,0.009749,0.415347,-2.108114,2404000,14154.8
2405,1000,148.0215,14,0.28,,1,0,5,2.0616,1,16,0,0.010066,0.533169,-0.589381,2405000,14160.6
2406,1000,171.2884,14,0.28,,1,0,5,2.0616,2,121,0,0.010199,0.224516,-0.814664,2406000,14166.4
2407,1000,169.2951,16,0.32,,1,0,6,2.3452,1,15,0,0.009833,0.734485,-0.932249,2407000,14172.2
2408,1000,195.502,16,0.32,,1,0,6,2.3452,2,675,0,0.009798,0.209137,-1.655383,2408000,14178.0
2409,1000,197.5508,15,0.3,,1,0,5,2.1651,2,92,0,0.009737,0.25307,-2.361484,2409000,14183.7
2410,1000,230.3776,17,0.34,,1,0,7,2.586,3,0,0,0.009787,0.203131,-0.591744,2410000,14189.6
2411,1000,201.0009,17,0.34,,1,0,7,2.586,2,0,0,0.009368,0.600699,-1.801412,2411000,14195.4
2412,1000,96.2482,12,0.24,,1,0,6,2.5495,1,0,0,0.009337,0.26285,-1.507352,2412000,14201.2
2413,1000,-23.4225,7,0.14,,1,0,3,1.299,0,0,0,0.009423,0.367419,-2.14715,2413000,14207.0
2414,1000,235.0244,16,0.32,,1,0,6,2.3452,3,5,0,0.009622,0.812557,-2.442404,2414000,14212.8
2415,1000,226.3461,16,0.32,,1,0,6,2.3452,3,38,0,0.009525,0.369928,-1.236513,2415000,14218.7
2416,1000,257.0298,18,0.36,,1,0,8,2.8723,3,33,0,0.009596,0.263906,-1.584293,2416000,14224.6
2417,1000,117.7983,12,0.24,,1,0,6,2.2361,1,10,0,0.00973,0.341954,-0.767062,2417000,14230.5
2418,1000,122.6962,15,0.3,,1,0,5,2.1651,1,148,0,0.009835,0.20878,-2.825475,2418000,14236.4
2419,1000,94.0656,9,0.18,,2,0,5,2.2776,1,0,0,0.009962,0.305647,-2.10142,2419000,14242.4
2420,1000,202.6908,17,0.34,,1,0,8,2.8614,2,0,0,0.00981,0.279688,-1.000207,2420000,14248.2
2421,1000,145.9642,13,0.26,,1,0,5,2.0463,1,0,0,0.009891,0.211548,-1.363555,2421000,14254.2
2422,1000,198.6638,16,0.32,,1,0,6,2.3452,2,0,0,0.009844,0.623339,-1.748509,2422000,14260.1
2423,1000,37.9195,9,0.18,,1,0,4,1.479,0,0,0,0.009829,0.418818,-1.148,2423000,14266.1
2424,1000,64.3622,10,0.2,,1,0,4,1.5,0,0,0,0.009762,0.377737,-1.173061,2424000,14271.9
2425,1000,199.3963,15,0.3,,1,0,5,2.1651,3,0,0,0.009917,0.28134,-1.398885,2425000,14277.7
2426,1000,80.9838,10,0.2,,1,0,5,1.8028,0,31,0,0.010372,0.289144,-3.105474,2426000,14283.6
2427,1000,24.0228,6,0.12,,1,0,2,0.866,0,1,0,0.010551,0.715206,-1.445682,2427000,14289.4
2428,1000,113.8726,14,0.28,,1,0,5,2.0616,0,0,0,0.010524,0.791634,-2.176324,2428000,14295.2
2429,1000,72.4405,10,0.2,,1,0,5,2.0616,0,223,0,0.010604,0.435445,-1.954865,2429000,14301.0
2430,1000,103.6271,11,0.22,,1,0,5,1.9203,1,24,0,0.010695,0.303983,-1.445955,2430000,14306.8
2431,1000,269.0149,19,0.38,,1,0,7,2.8614,3,112,0,0.01097,0.329373,-1.680515,2431000,14312.6
2432,1000,123.5506,14,0.28,,1,0,5,2.0616,0,28,0,0.011041,0.333053,-2.8324,2432000,14318.6
2433,1000,11.8376,5,0.1,,1,0,3,1.0897,0,217,0,0.011025,0.667333,-1.925449,2433000,14324.5
2434,1000,270.3952,20,0.4,,1,0,10,3.5355,3,1,0,0.011182,0.252909,-0.970323,2434000,14330.2
2435,1000,230.3171,15,0.3,,1,0,5,2.1651,3,0,0,0.011107,0.368232,-1.012563,2435000,14335.9
2436,1000,214.7144,16,0.32,,1,0,6,2.3452,3,0,0,0.010988,0.341482,-1.178655,2436000,14341.7
2437,1000,188.24,15,0.3,,1,0,7,2.586,2,125,0,0.011,0.666345,-1.380247,2437000,14347.5
2438,1000,166.8886,16,0.32,,1,0,6,2.3452,1,62,0,0.011091,0.227019,-1.947824,2438000,14353.3
2439,1000,173.1105,14,0.28,,1,0,5,2.0616,2,0,0,0.010802,0.249338,-1.783819,2439000,14359.2
2440,1000,227.081,18,0.36,,1,0,8,2.8723,2,148,0,0.010594,0.321483,-2.132926,2440000,14364.9
2441,1000,132.8061,13,0.26,,1,0,5,2.0463,1,0,0,0.010784,0.392109,-2.392331,2441000,14370.7
2442,1000,245.9331,16,0.32,,1,0,6,2.3452,3,0,0,0.010513,0.301558,-2.083781,2442000,14376.5
2443,1000,224.9357,15,0.3,,1,0,5,2.1651,3,33,0,0.010335,0.343062,-1.545411,2443000,14382.2
2444,1000,119.8559,12,0.24,,1,0,5,1.8708,1,0,0,0.010355,0.466836,-3.004798,2444000,14388.0
2445,1000,240.1838,19,0.38,,1,0,9,3.1918,2,13,0,0.010153,0.24277,-1.321717,2445000,14393.8
2446,1000,211.014,16,0.32,,1,0,6,2.3452,3,0,0,0.010094,0.267346,-1.566232,2446000,14399.7
2447,1000,192.5884,16,0.32,,1,0,8,2.9155,2,0,0,0.009884,0.502183,-1.761405,2447000,14405.6
2448,1000,164.7132,15,0.3,,1,0,5,2.1651,2,0,0,0.009656,0.256094,-1.140117,2448000,14411.5
2449,1000,254.8705,20,0.4,,1,0,9,3.2404,2,14,0,0.009667,0.226695,-1.591156,2449000,14417.3
2450,1000,189.2152,18,0.36,,1,0,8,2.8723,1,0,0,0.009607,0.335566,-1.49853,2450000,14423.2
2451,1000,281.8812,21,0.42,,1,0,10,3.562,3,41,0,0.00945,0.857196,-0.706589,2451000,14429.0
2452,1000,161.0513,15,0.3,,1,0,5,2.1651,1,0,0,0.009259,0.860091,-1.137157,2452000,14434.7
2453,1000,258.1651,19,0.38,,1,0,9,3.1918,3,174,0,0.009296,0.932918,-2.463454,2453000,14440.5
2454,1000,226.659,18,0.36,,1,0,8,2.8723,2,111,0,0.009255,0.305126,-1.638413,2454000,14446.3
2455,1000,178.4134,15,0.3,,1,0,5,2.1651,2,464,0,0.009309,0.365945,-1.57938,2455000,14452.2
2456,1000,57.2142,10,0.2,,1,0,5,1.8028,0,0,0,0.009458,0.404042,-1.281814,2456000,14457.9
2457,1000,118.1164,14,0.28,,1,0,5,2.0616,0,0,0,0.009361,0.591716,-2.114738,2457000,14463.7
2458,1000,231.5508,15,0.3,,1,0,5,2.1651,3,0,0,0.009642,0.308596,-2.153049,2458000,14469.5
2459,1000,249.0924,17,0.34,,1,0,7,2.586,3,22,0,0.0098,0.202763,-0.906375,2459000,14475.2
2460,1000,103.0357,14,0.28,,1,0,5,2.0616,0,45,0,0.009852,0.471693,-2.245502,2460000,14481.0
2461,1000,88.5706,11,0.22,,1,0,4,1.6394,0,0,0,0.010151,0.238752,-1.951428,2461000,14486.8
2462,1000,220.1971,16,0.32,,1,0,6,2.3452,3,0,0,0.009887,0.349422,-1.747173,2462000,14492.7
2463,1000,251.3702,18,0.36,,1,0,8,2.8723,3,34,0,0.009817,0.767901,-1.416335,2463000,14498.4
2464,1000,247.7592,18,0.36,,1,0,8,2.8723,3,14,0,0.009803,0.425279,-1.156762,2464000,14504.3
2465,1000,245.9997,17,0.34,,1,0,7,2.586,3,0,0,0.009714,0.398788,-2.327806,2465000,14510.1
2466,1000,169.4301,15,0.3,,1,0,5,2.1651,1,164,0,0.009714,0.60444,-1.718497,2466000,14515.9
2467,1000,218.1443,15,0.3,,1,0,5,2.1651,3,0,0,0.009661,0.261273,-2.000537,2467000,14521.6
2468,1000,108.3606,11,0.22,,1,0,6,2.3848,1,0,0,0.009677,0.405553,-1.737657,2468000,14527.4
2469,1000,87.9098,11,0.22,,1,0,5,1.9203,0,0,0,0.00997,0.512567,-1.673365,2469000,14533.2
2470,1000,144.9018,13,0.26,,1,0,5,2.0463,1,0,0,0.010008,0.243685,-2.926842,2470000,14538.9
2471,1000,141.5944,13,0.26,,1,0,5,2.0463,1,56,0,0.010138,0.298342,-2.871918,2471000,14544.8
2472,1000,31.204,10,0.2,,1,0,4,1.6583,0,0,0,0.010434,0.475137,-1.785921,2472000,14550.6
2473,1000,177.387,16,0.32,,1,0,6,2.3452,1,181,0,0.010338,0.344745,-1.694594,2473000,14556.4
2474,1000,82.4492,9,0.18,,1,0,5,1.9203,1,250,0,0.010184,0.331361,-0.988378,2474000,14562.3
2475,1000,240.1298,16,0.32,,1,0,6,2.3452,3,66,0,0.010049,0.308273,-1.357883,2475000,14568.1
2476,1000,115.7743,14,0.28,,1,0,5,2.0616,0,47,0,0.010218,0.2841,-2.872064,2476000,14573.9
2477,1000,164.896,16,0.32,,1,0,6,2.3452,1,0,0,0.010403,0.345067,-2.457931,2477000,14579.6
2478,1000,248.4573,18,0.36,,1,0,8,2.8723,3,16,0,0.010302,0.385026,-1.004965,2478000,14585.4
2479,1000,208.3544,15,0.3,,1,0,5,2.1651,2,66,0,0.010453,0.958612,-2.201551,2479000,14591.1
2480,1000,143.3368,13,0.26,,1,0,5,1.9203,1,120,0,0.010145,0.253014,-1.122814,2480000,14596.9
2481,1000,13.1563,8,0.16,,1,0,4,1.5811,0,0,0,0.010342,0.254989,-2.2042,2481000,14602.8
2482,1000,167.7614,15,0.3,,1,0,5,2.1651,1,0,0,0.010511,0.315977,-2.623065,2482000,14608.5
2483,1000,203.6791,16,0.32,,1,0,7,2.5495,2,0,0,0.010648,0.308945,-1.665261,2483000,14614.2
2484,1000,58.5421,10,0.2,,1,0,4,1.6583,0,333,0,0.010386,0.577732,-2.082606,2484000,14620.2
2485,1000,143.3337,14,0.28,,1,0,5,2.0616,1,61,0,0.010686,0.419305,-2.021487,2485000,14626.1
2486,1000,162.7661,13,0.26,,1,0,5,2.0463,2,0,0,0.010409,0.555399,-1.639846,2486000,14632.0
2487,1000,31.5396,9,0.18,,1,0,4,1.7854,0,0,0,0.010561,0.533226,-2.352357,2487000,14637.8
2488,1000,162.3869,16,0.32,,1,0,6,2.3452,1,0,0,0.010551,0.325608,-1.386737,2488000,14643.6
2489,1000,160.0001,15,0.3,,1,0,5,2.1651,1,268,0,0.010256,0.450095,-1.439021,2489000,14649.4
2490,1000,113.9935,11,0.22,,1,0,5,1.7854,1,0,0,0.010355,0.440192,-1.489411,2490000,14655.3
2491,1000,136.9918,13,0.26,,1,0,5,2.0463,1,8,0,0.010471,0.312368,-2.314521,2491000,14661.1
2492,1000,100.3621,13,0.26,,1,0,5,2.0463,0,0,0,0.010597,0.381183,-1.159286,2492000,14666.9
2493,1000,186.814,16,0.32,,1,0,6,2.3452,1,7,0,0.010437,0.513151,-0.849301,2493000,14672.7
2494,1000,176.3295,16,0.32,,0,1,5,1.7321,1,0,0,0.010592,0.280533,-2.662248,2494000,14678.4
2495,1000,100.5436,11,0.22,,1,0,5,1.9203,1,0,0,0.01053,0.333561,-1.835332,2495000,14684.3
2496,1000,150.9548,14,0.28,,1,0,5,2.0616,1,236,0,0.010894,0.328019,-1.596031,2496000,14690.1
2497,1000,244.6334,19,0.38,,1,0,9,3.1918,2,45,0,0.010881,0.855817,-1.842828,2497000,14696.0
2498,1000,97.1379,12,0.24,,1,0,5,2.1213,0,71,0,0.010981,0.516891,-1.60625,2498000,14701.8
2499,1000,198.8697,15,0.3,,1,0,5,2.1651,2,0,0,0.010738,0.259373,-1.383145,2499000,14707.5
2500,1000,168.8523,15,0.3,,1,0,5,2.1651,1,108,0,0.01066,0.299234,-0.39281,2500000,14713.3
2501,1000,219.5407,17,0.34,,1,0,7,2.586,2,61,0,0.01083,0.333551,-1.972679,2501000,14719.1
2502,1000,253.1955,17,0.34,,1,0,7,2.586,3,4,0,0.010889,0.269397,-2.3363,2502000,14724.8
2503,1000,166.2582,15,0.3,,1,0,5,2.1651,1,0,0,0.010593,0.411285,-1.815933,2503000,14730.5
2504,1000,226.312,16,0.32,,1,0,6,2.3452,3,0,0,0.010981,0.274544,-1.661779,2504000,14736.5
2505,1000,199.3629,15,0.3,,1,0,5,2.1651,2,4,0,0.011022,0.289417,-2.343328,2505000,14742.5
2506,1000,180.2245,14,0.28,,1,0,5,2.0616,2,0,0,0.010721,0.488518,-2.031913,2506000,14748.4
2507,1000,209.8763,16,0.32,,1,0,6,2.3452,2,20,0,0.010679,0.451912,-1.894482,2507000,14754.4
2508,1000,249.255,17,0.34,,1,0,7,2.586,3,195,0,0.010917,0.426621,-2.296344,2508000,14760.4
2509,1000,167.6003,16,0.32,,1,0,6,2.3452,1,180,0,0.010689,0.407695,-2.023055,2509000,14766.1
2510,1000,243.5489,18,0.36,,1,0,7,2.6926,3,0,0,0.010761,0.302481,-1.793787,2510000,14771.9
2511,1000,163.9662,16,0.32,,1,0,6,2.3452,1,0,0,0.010673,0.260183,-2.765537,2511000,14777.9
2512,1000,73.5874,10,0.2,,1,0,4,1.6583,0,52,0,0.010686,0.58536,-1.436119,2512000,14783.8
2513,1000,132.0012,15,0.3,,1,0,5,2.1651,1,12,0,0.010484,0.3129,-3.368926,2513000,14789.5
2514,1000,109.2978,14,0.28,,1,0,5,2.0616,0,0,0,0.010491,0.26076,-1.420848,2514000,14795.3
2515,1000,228.5268,15,0.3,,1,0,5,2.1651,3,82,0,0.010528,0.390096,-2.56931,2515000,14801.2
2516,1000,148.9894,15,0.3,,1,0,5,2.1651,1,17,0,0.010851,0.505359,-2.644606,2516000,14807.2
2517,1000,197.2802,15,0.3,,1,0,5,2.1651,2,30,0,0.010516,0.245045,-1.39123,2517000,14813.2
2518,1000,203.6666,16,0.32,,1,0,6,2.3452,2,0,0,0.010631,0.337845,-1.287847,2518000,14819.2
2519,1000,198.3076,16,0.32,,1,0,6,2.3452,2,238,0,0.010723,0.303148,-1.915342,2519000,14825.0
2520,1000,211.9228,16,0.32,,1,0,6,2.3452,2,106,0,0.010516,0.339148,-1.509383,2520000,14830.7
2521,1000,213.3911,16,0.32,,1,0,6,2.3452,2,40,0,0.01043,0.303188,-1.498786,2521000,14836.4
2522,1000,169.8625,15,0.3,,1,0,5,2.1651,1,0,0,0.010675,0.222624,-2.068065,2522000,14842.2
2523,1000,180.0416,15,0.3,,1,0,6,2.2776,2,30,0,0.010436,0.276128,-2.365008,2523000,14848.0
2524,1000,247.6567,17,0.34,,1,0,7,2.586,3,112,0,0.010481,0.850945,-1.943306,2524000,14854.0
2525,1000,269.1365,19,0.38,,1,0,8,2.9475,3,0,0,0.010328,0.306682,-1.606785,2525000,14860.0
2526,1000,67.7007,10,0.2,,1,0,4,1.5,0,0,0,0.010204,0.411137,-2.469817,2526000,14865.8
2527,1000,110.7269,11,0.22,,1,0,5,1.7854,1,418,0,0.009862,0.50754,-0.99953,2527000,14871.7
2528,1000,99.4575,11,0.22,,1,0,7,2.681,1,13,0,0.009906,0.316407,-1.892528,2528000,14877.7
2529,1000,249.725,17,0.34,,1,0,7,2.586,3,5,0,0.009835,0.430149,-2.674474,2529000,14883.5
2530,1000,233.9056,15,0.3,,1,0,5,2.1651,3,34,0,0.009719,0.25791,-1.54179,2530000,14889.3
2531,1000,124.3643,13,0.26,,1,0,5,2.0463,1,296,0,0.00992,0.53282,-1.907536,2531000,14895.3
2532,1000,204.1352,16,0.32,,1,0,6,2.3452,3,0,0,0.009717,0.792189,-1.913689,2532000,14901.2
2533,1000,266.9459,19,0.38,,1,0,9,3.1918,3,138,0,0.009881,0.51371,-1.879963,2533000,14907.2
2534,1000,166.2539,15,0.3,,1,0,5,2.1651,2,788,0,0.009804,0.273831,-2.171526,2534000,14913.3
2535,1000,239.1526,16,0.32,,1,0,6,2.3452,3,35,0,0.009774,0.196044,-1.876953,2535000,14919.2
2536,1000,196.5967,15,0.3,,1,0,5,2.1651,2,0,0,0.009644,0.193108,-1.84945,2536000,14925.0
2537,1000,227.9361,16,0.32,,1,0,6,2.3452,3,0,0,0.0096,0.286478,-1.84588,2537000,14930.9
2538,1000,228.4495,16,0.32,,1,0,6,2.3452,3,0,0,0.009806,0.249526,-1.786164,2538000,14936.8
2539,1000,244.5884,17,0.34,,1,0,7,2.586,3,0,0,0.009612,0.520641,-1.816682,2539000,14942.6
2540,1000,142.0078,14,0.28,,1,0,5,2.0616,1,0,0,0.009747,0.251644,-1.975139,2540000,14948.4
2541,1000,101.1304,13,0.26,,1,0,5,1.9203,1,1,0,0.010001,0.294101,-1.084758,2541000,14954.3
2542,1000,160.6598,15,0.3,,1,0,5,2.1651,1,47,0,0.010144,0.651008,-1.145679,2542000,14960.1
2543,1000,240.2584,17,0.34,,1,0,7,2.586,3,0,0,0.010138,0.243337,-1.313909,2543000,14966.1
2544,1000,61.2492,9,0.18,,1,0,4,1.479,0,0,0,0.010083,0.261912,-1.886653,2544000,14972.1
2545,1000,232.5694,16,0.32,,1,0,6,2.3452,3,7,0,0.009934,0.316327,-2.488971,2545000,14978.0
2546,1000,37.6276,10,0.2,,1,0,5,1.8028,0,0,0,0.010088,0.265281,-1.69903,2546000,14984.0
2547,1000,226.6711,16,0.32,,1,0,6,2.3452,3,0,0,0.010154,0.331741,-2.631843,2547000,14989.8
2548,1000,162.2503,15,0.3,,1,0,5,2.1651,1,50,0,0.010031,0.332854,-1.314642,2548000,14995.6
2549,1000,193.8902,17,0.34,,1,0,7,2.586,1,0,0,0.009945,0.323115,-2.283202,2549000,15001.6
2550,1000,259.5064,18,0.36,,1,0,8,2.8723,3,160,0,0.009769,0.214954,-1.752362,2550000,15007.4
2551,1000,57.2271,10,0.2,,1,0,5,1.8028,0,0,0,0.010025,0.394014,-2.393569,2551000,15013.3
2552,1000,175.4995,15,0.3,,1,0,5,2.1651,1,0,0,0.010287,0.52469,-2.707948,2552000,15019.2
2553,1000,129.6891,12,0.24,,1,0,5,2.1213,1,0,0,0.009865,0.24776,-2.280715,2553000,15025.3
2554,1000,57.9297,9,0.18,,2,0,5,2.2776,0,0,0,0.010181,0.837734,-2.581269,2554000,15031.4
2555,1000,50.993,8,0.16,,1,0,4,1.5811,0,11,0,0.010318,0.855078,-2.050975,2555000,15037.3
2556,1000,76.747,10,0.2,,1,0,4,1.5,0,82,0,0.010304,0.763666,-1.304847,2556000,15043.4
2557,1000,122.6447,14,0.28,,1,0,5,2.0616,0,0,0,0.010485,0.270489,-1.785985,2557000,15049.5
2558,1000,66.0129,9,0.18,,1,0,5,1.9203,0,0,0,0.010772,0.307984,-2.946179,2558000,15055.7
2559,1000,195.5749,15,0.3,,1,0,7,2.586,2,0,0,0.010938,0.334658,-2.185563,2559000,15061.8
2560,1000,235.8,17,0.34,,1,0,7,2.586,3,74,0,0.010706,0.257412,-2.217003,2560000,15067.7
2561,1000,158.074,15,0.3,,1,0,5,2.1651,1,125,0,0.010544,0.284613,-1.376132,2561000,15073.5
2562,1000,255.6305,17,0.34,,1,0,6,2.4875,3,14,0,0.01057,0.28322,-1.974466,2562000,15079.4
2563,1000,244.521,16,0.32,,1,0,6,2.3452,3,23,0,0.010529,0.392288,-2.1671,2563000,15085.3
2564,1000,230.0587,17,0.34,,1,0,7,2.586,3,16,0,0.010607,1.37938,-2.513136,2564000,15091.3
2565,1000,159.2629,15,0.3,,1,0,5,2.1651,1,0,0,0.010533,1.882313,-2.922549,2565000,15097.0
2566,1000,236.4846,16,0.32,,1,0,6,2.3452,3,18,0,0.010542,0.411546,-1.977831,2566000,15103.0
2567,1000,198.4466,15,0.3,,1,0,5,2.1651,2,0,0,0.010703,0.329547,-2.595217,2567000,15108.9
2568,1000,150.6435,14,0.28,,1,0,7,2.6926,1,29,0,0.010675,0.361841,-2.526687,2568000,15114.8
2569,1000,184.7146,15,0.3,,1,0,5,2.1651,2,0,0,0.010564,0.423254,-2.248358,2569000,15120.5
2570,1000,167.6332,15,0.3,,1,0,5,2.1651,1,28,0,0.010328,0.346953,-2.630308,2570000,15126.3
2571,1000,61.0717,10,0.2,,1,0,4,1.5,0,94,0,0.010373,0.385385,-2.452914,2571000,15132.3
2572,1000,189.9034,15,0.3,,1,0,5,2.1651,2,2,0,0.010126,0.484538,-3.446183,2572000,15138.2
2573,1000,189.8409,15,0.3,,1,0,5,2.1651,2,0,0,0.010221,0.349626,-2.232704,2573000,15144.3
2574,1000,156.9766,15,0.3,,1,0,5,2.1651,1,0,0,0.010038,0.407336,-2.942607,2574000,15150.2
2575,1000,164.1423,15,0.3,,1,0,5,2.1651,1,0,0,0.009944,0.332445,-2.193265,2575000,15156.1
2576,1000,232.2076,16,0.32,,1,0,6,2.3452,3,13,0,0.00994,1.719914,-2.354353,2576000,15162.1
2577,1000,106.8866,15,0.3,,1,0,5,2.1651,0,85,0,0.010243,0.407686,-2.467416,2577000,15168.1
2578,1000,116.5932,11,0.22,,1,0,5,1.7854,1,0,0,0.010423,0.719839,-3.045572,2578000,15174.0
2579,1000,71.5138,11,0.22,,1,0,5,1.9203,0,0,0,0.010122,0.289875,-2.83002,2579000,15180.1
2580,1000,251.7793,17,0.34,,1,0,7,2.586,3,31,0,0.010064,0.275138,-3.055525,2580000,15186.0
2581,1000,162.9557,15,0.3,,1,0,5,2.1651,1,0,0,0.010022,2.201113,-2.708553,2581000,15192.2
2582,1000,238.2329,17,0.34,,1,0,7,2.586,3,1,0,0.00986,0.261767,-2.886442,2582000,15198.3
2583,1000,140.4522,15,0.3,,1,0,5,2.1651,0,33,0,0.009973,0.672022,-2.309516,2583000,15204.2
2584,1000,135.3045,15,0.3,,1,0,5,2.1651,0,134,0,0.009634,1.145999,-3.064084,2584000,15210.1
2585,1000,241.704,16,0.32,,1,0,6,2.3452,3,263,0,0.009793,0.554625,-2.048144,2585000,15216.0
2586,1000,240.6132,16,0.32,,1,0,6,2.3452,3,131,0,0.00977,0.309869,-2.350343,2586000,15221.9
2587,1000,246.5646,17,0.34,,1,0,7,2.586,3,385,0,0.009735,0.35713,-3.164036,2587000,15227.7
2588,1000,189.3858,15,0.3,,1,0,5,2.1651,2,30,0,0.009614,0.277915,-2.697415,2588000,15233.5
2589,1000,237.0125,15,0.3,,1,0,5,2.1651,3,6,0,0.009435,0.274336,-3.446027,2589000,15239.3
2590,1000,201.936,15,0.3,,1,0,5,2.1651,2,0,0,0.009491,0.345859,-3.70118,2590000,15245.1
2591,1000,206.8255,15,0.3,,1,0,5,2.1651,2,70,0,0.00939,0.387099,-2.431284,2591000,15251.0
2592,1000,191.8376,15,0.3,,1,0,5,2.1651,2,0,0,0.009415,0.508618,-2.122264,2592000,15256.9
2593,1000,146.5199,14,0.28,,1,0,5,2.0616,1,161,0,0.009415,0.424491,-3.165456,2593000,15262.7
2594,1000,214.0148,15,0.3,,1,0,5,2.1651,3,229,0,0.009403,0.260018,-3.143476,2594000,15268.6
2595,1000,238.8486,17,0.34,,1,0,7,2.586,3,0,0,0.009487,0.314118,-3.866242,2595000,15274.7
2596,1000,198.9778,15,0.3,,1,0,5,2.1651,2,0,0,0.009262,0.312205,-2.338314,2596000,15280.8
2597,1000,194.3024,15,0.3,,1,0,5,2.1651,2,91,0,0.009092,0.265048,-2.654732,2597000,15286.7
2598,1000,192.9684,15,0.3,,1,0,5,2.1651,2,77,0,0.009057,0.36215,-3.107154,2598000,15292.5
2599,1000,194.6923,15,0.3,,1,0,5,2.1651,2,166,0,0.009157,0.202133,-2.993737,2599000,15298.5
2600,1000,192.2152,15,0.3,,1,0,5,2.1651,2,58,0,0.009178,0.540841,-3.663112,2600000,15304.4
2601,1000,83.6959,13,0.26,,1,0,5,1.9203,0,0,0,0.009408,0.201909,-3.525896,2601000,15310.4
2602,1000,191.3916,16,0.32,,0,1,5,1.7321,2,61,0,0.009478,0.447401,-1.723434,2602000,15316.1
2603,1000,117.4481,14,0.28,,1,0,5,2.0616,0,675,0,0.009415,0.384749,-1.92361,2603000,15322.0
2604,1000,44.3956,11,0.22,,1,0,5,1.9203,0,0,0,0.009667,0.354851,-2.386633,2604000,15327.9
2605,1000,160.4699,15,0.3,,1,0,5,2.1651,1,227,0,0.009749,0.311394,-3.039946,2605000,15333.7
2606,1000,120.0639,13,0.26,,1,0,6,2.3848,2,85,0,0.009683,0.347179,-1.214737,2606000,15339.5
2607,1000,135.0408,14,0.28,,1,0,5,2.0616,1,0,0,0.009626,0.224928,-2.393541,2607000,15345.3
2608,1000,201.8704,15,0.3,,1,0,5,2.1651,2,6,0,0.009626,0.826834,-3.158045,2608000,15351.2
2609,1000,205.0732,15,0.3,,1,0,5,2.1651,2,11,0,0.009571,0.455376,-3.697272,2609000,15357.3
2610,1000,116.1445,12,0.24,,1,0,5,2.1213,1,976,0,0.009809,0.235882,-3.154927,2610000,15363.3
2611,1000,151.3256,15,0.3,,1,0,5,2.1651,2,0,0,0.009866,0.310564,-2.585003,2611000,15369.0
2612,1000,164.6802,15,0.3,,1,0,5,2.1651,1,35,0,0.009929,0.572878,-2.777337,2612000,15374.7
2613,1000,127.8729,15,0.3,,1,0,5,2.1651,1,0,0,0.009828,0.286299,-2.757566,2613000,15380.6
2614,1000,226.9712,15,0.3,,1,0,5,2.1651,3,101,0,0.009976,0.305713,-3.932765,2614000,15386.4
2615,1000,77.0752,10,0.2,,1,0,5,1.8028,0,0,0,0.010068,0.277757,-3.672701,2615000,15392.3
2616,1000,148.1267,16,0.32,,0,1,5,1.7321,0,70,0,0.010247,0.316945,-3.233415,2616000,15398.2
2617,1000,223.4678,15,0.3,,1,0,5,2.1651,3,121,0,0.009788,0.281774,-3.336253,2617000,15404.0
2618,1000,244.5296,20,0.4,,1,0,10,3.5355,2,213,0,0.010106,0.431269,-2.737229,2618000,15409.9
2619,1000,228.8042,15,0.3,,1,0,5,2.1651,3,487,0,0.010179,0.265387,-3.291183,2619000,15415.7
2620,1000,252.3184,18,0.36,,1,0,8,2.8723,3,17,0,0.009991,0.687395,-2.806654,2620000,15421.4
2621,1000,34.5081,7,0.14,,2,0,5,2.0463,0,0,0,0.01027,0.426056,-2.501616,2621000,15427.3
2622,1000,97.8516,12,0.24,,1,0,5,1.8708,0,0,0,0.010588,0.359942,-3.146849,2622000,15433.2
2623,1000,223.6603,16,0.32,,1,0,6,2.3452,3,222,0,0.010209,0.405791,-3.656559,2623000,15439.1
2624,1000,115.7773,14,0.28,,1,0,5,2.0616,0,489,0,0.010288,0.308033,-1.855754,2624000,15445.1
2625,1000,156.5327,14,0.28,,1,0,5,2.0616,1,14,0,0.010644,0.278594,-3.284698,2625000,15451.1
2626,1000,10.394,6,0.12,,1,0,4,1.5,0,189,0,0.010798,0.310706,-3.659302,2626000,15457.0
2627,1000,13.316,5,0.1,,2,0,3,1.299,0,241,0,0.010634,0.265719,-2.601649,2627000,15462.9
2628,1000,55.5456,10,0.2,,1,0,5,2.0616,0,383,0,0.010611,0.323205,-3.379411,2628000,15468.9
2629,1000,138.3963,15,0.3,,1,0,5,2.1651,1,0,0,0.010885,0.541122,-2.902873,2629000,15474.6
2630,1000,70.1303,9,0.18,,2,0,5,2.2776,1,0,0,0.010752,0.299645,-4.121615,2630000,15480.6
2631,1000,181.8713,14,0.28,,1,0,5,2.0616,2,8,0,0.010751,0.555801,-1.917591,2631000,15486.5
2632,1000,95.2407,12,0.24,,1,0,5,1.8708,0,0,0,0.010794,0.302891,-2.924884,2632000,15492.4
2633,1000,75.4642,11,0.22,,1,0,5,1.9203,0,107,0,0.011115,0.983764,-4.069033,2633000,15498.4
2634,1000,231.0372,16,0.32,,1,0,6,2.3452,3,5,0,0.011373,0.777331,-3.175409,2634000,15504.3
2635,1000,55.6008,9,0.18,,1,0,4,1.479,0,613,0,0.01141,0.301512,-3.88452,2635000,15510.3
2636,1000,135.368,14,0.28,,1,0,5,2.0616,1,79,0,0.011421,0.249805,-4.106955,2636000,15516.0
2637,1000,148.4858,14,0.28,,1,0,5,2.0616,1,41,0,0.01118,0.746931,-4.061736,2637000,15521.8
2638,1000,129.3984,15,0.3,,1,0,5,2.1651,1,0,0,0.0111,0.989623,-2.857693,2638000,15527.5
2639,1000,171.1508,15,0.3,,1,0,5,2.1651,1,0,0,0.011321,0.292022,-3.066379,2639000,15533.4
2640,1000,164.8581,14,0.28,,1,0,5,2.0616,1,112,0,0.011322,0.204978,-3.510308,2640000,15539.3
2641,1000,109.5306,11,0.22,,1,0,5,1.9203,1,310,0,0.011648,0.718528,-4.453626,2641000,15545.3
2642,1000,32.0036,6,0.12,,1,0,3,1.118,0,0,0,0.011819,0.497243,-3.927043,2642000,15551.3
2643,1000,-0.6531,9,0.18,,1,0,5,1.9203,0,0,0,0.011647,0.83594,-3.292011,2643000,15557.1
2644,1000,258.2267,18,0.36,,1,0,8,2.8723,3,0,0,0.011352,0.390936,-2.885396,2644000,15562.9
2645,1000,151.8717,15,0.3,,1,0,7,2.586,1,98,0,0.011205,0.546567,-2.359606,2645000,15568.8
2646,1000,238.5541,17,0.34,,1,0,7,2.586,3,10,0,0.010725,0.51012,-4.010456,2646000,15574.5
2647,1000,185.3378,14,0.28,,1,0,5,2.0616,2,194,0,0.011007,0.36244,-3.491078,2647000,15580.5
2648,1000,145.3484,15,0.3,,1,0,5,2.1651,1,500,0,0.011065,0.250939,-2.071774,2648000,15586.4
2649,1000,-40.4806,3,0.06,,2,0,2,0.8292,0,1,0,0.011332,0.249925,-3.091752,2649000,15592.4
2650,1000,223.3462,16,0.32,,1,0,6,2.3452,3,4,0,0.011138,0.259233,-3.392198,2650000,15598.4
2651,1000,222.7355,16,0.32,,1,0,6,2.3452,3,119,0,0.010759,0.356212,-2.962342,2651000,15604.4
2652,1000,20.8979,7,0.14,,2,0,4,1.7854,0,0,0,0.010858,0.344696,-2.903878,2652000,15610.3
2653,1000,179.5312,16,0.32,,1,0,6,2.3452,2,296,0,0.010931,0.237698,-3.693253,2653000,15616.2
2654,1000,256.4834,18,0.36,,1,0,8,2.8723,3,7,0,0.010881,0.22743,-2.832407,2654000,15622.1
2655,1000,204.73,17,0.34,,1,0,7,2.586,2,0,0,0.010598,0.240374,-3.114479,2655000,15627.9
2656,1000,134.2992,14,0.28,,1,0,6,2.1794,1,64,0,0.010142,0.64503,-3.819486,2656000,15633.8
2657,1000,-10.7325,5,0.1,,1,0,3,1.0897,0,369,0,0.010142,0.2516,-2.946278,2657000,15639.7
2658,1000,108.5746,13,0.26,,1,0,5,1.9203,0,0,0,0.010168,0.409691,-2.819661,2658000,15645.4
2659,1000,144.5891,16,0.32,,1,0,6,2.3452,1,0,0,0.010218,0.277304,-3.456647,2659000,15651.2
2660,1000,230.9976,15,0.3,,1,0,5,2.1651,3,54,0,0.010393,0.28654,-3.059203,2660000,15656.9
2661,1000,191.9592,18,0.36,,1,0,8,2.8723,1,31,0,0.010621,0.326756,-3.051672,2661000,15662.7
2662,1000,128.1125,14,0.28,,1,0,5,2.0616,1,419,0,0.010738,0.277309,-3.044863,2662000,15668.5
2663,1000,134.2523,14,0.28,,1,0,5,2.0616,1,401,0,0.010388,0.876352,-3.968529,2663000,15674.3
2664,1000,197.7457,17,0.34,,1,0,7,2.586,2,0,0,0.010476,0.207575,-2.613186,2664000,15680.0
2665,1000,160.4396,15,0.3,,1,0,5,2.1651,1,0,0,0.010434,0.195907,-2.122999,2665000,15685.7
2666,1000,203.0376,16,0.32,,1,0,6,2.3452,2,0,0,0.01037,0.217899,-3.274199,2666000,15691.5
2667,1000,122.1674,12,0.24,,1,0,5,1.8708,1,31,0,0.0105,0.518357,-3.205508,2667000,15697.5
2668,1000,126.3625,14,0.28,,1,0,5,2.0616,0,55,0,0.010374,0.355932,-3.012192,2668000,15703.4
2669,1000,233.5503,17,0.34,,1,0,7,2.586,3,14,0,0.010094,0.241111,-3.616059,2669000,15709.2
2670,1000,159.0679,15,0.3,,1,0,5,2.1651,1,0,0,0.010193,0.240698,-3.319877,2670000,15714.9
2671,1000,230.8542,17,0.34,,1,0,7,2.586,3,76,0,0.01015,0.206369,-2.429184,2671000,15720.7
2672,1000,57.6155,9,0.18,,1,0,4,1.7854,0,0,0,0.010191,0.230583,-2.667598,2672000,15726.6
2673,1000,27.4727,8,0.16,,1,0,3,1.2247,0,0,0,0.010418,0.358784,-2.654068,2673000,15732.4
2674,1000,254.1852,17,0.34,,1,0,7,2.586,3,10,0,0.010568,0.234993,-3.499431,2674000,15738.2
2675,1000,158.9621,14,0.28,,1,0,5,2.0616,1,148,0,0.01042,0.310178,-2.137285,2675000,15744.0
2676,1000,49.2176,9,0.18,,1,0,4,1.479,0,0,0,0.010505,0.36559,-2.807981,2676000,15749.8
2677,1000,15.336,8,0.16,,1,0,3,1.2247,0,0,0,0.010675,0.236667,-2.891062,2677000,15755.8
2678,1000,141.2741,14,0.28,,1,0,5,2.0616,1,0,0,0.010562,0.661944,-2.343373,2678000,15761.6
2679,1000,77.031,10,0.2,,1,0,5,1.8028,0,5,0,0.010548,0.245011,-3.14956,2679000,15767.5
2680,1000,163.7674,14,0.28,,1,0,5,2.0616,2,0,0,0.010347,0.277898,-3.608829,2680000,15773.3
2681,1000,227.5091,15,0.3,,1,0,5,2.1651,3,21,0,0.010395,0.341055,-3.660454,2681000,15779.1
2682,1000,13.8227,5,0.1,,1,0,3,1.0897,0,590,0,0.010544,0.29132,-3.21772,2682000,15785.1
2683,1000,53.9947,8,0.16,,1,0,5,1.8708,0,0,0,0.011115,0.37982,-2.148483,2683000,15791.2
2684,1000,36.026,8,0.16,,1,0,3,1.2247,0,0,0,0.011059,0.254389,-2.973014,2684000,15797.1
2685,1000,116.9023,13,0.26,,1,0,5,1.9203,0,0,0,0.010739,0.360835,-3.978183,2685000,15803.0
2686,1000,41.0249,9,0.18,,2,0,5,2.2776,0,0,0,0.010991,0.204144,-2.262848,2686000,15808.9
2687,1000,-38.0542,2,0.04,,3,0,2,0.866,0,328,0,0.011188,0.420947,-3.18856,2687000,15814.9
2688,1000,99.644,13,0.26,,1,0,5,1.9203,0,0,0,0.011186,0.221428,-3.216027,2688000,15820.7
2689,1000,205.8716,15,0.3,,1,0,5,2.1651,2,48,0,0.011515,0.301175,-4.056024,2689000,15826.5
2690,1000,98.6503,14,0.28,,1,0,5,2.0616,0,5,0,0.011495,0.618338,-3.445992,2690000,15832.2
2691,1000,129.7268,14,0.28,,1,0,5,2.0616,0,43,0,0.01134,0.343674,-3.347917,2691000,15838.0
2692,1000,100.3898,12,0.24,,1,0,5,1.8708,0,127,0,0.011334,0.2009,-3.032773,2692000,15843.9
2693,1000,92.8429,12,0.24,,1,0,4,1.7321,0,0,0,0.011226,0.310972,-3.732413,2693000,15849.8
2694,1000,118.5629,12,0.24,,1,0,5,1.8708,1,0,0,0.011233,0.363755,-2.88544,2694000,15855.6
2695,1000,36.3376,7,0.14,,1,0,3,1.299,0,705,0,0.011307,0.273941,-2.825039,2695000,15861.5
2696,1000,38.8908,7,0.14,,1,0,3,1.0897,0,247,0,0.011616,0.259634,-2.077371,2696000,15867.4
2697,1000,124.3853,12,0.24,,1,0,5,1.8708,1,0,0,0.011624,0.397229,-4.533249,2697000,15873.2
2698,1000,110.7272,12,0.24,,1,0,5,1.8708,1,0,0,0.011654,0.434256,-2.86501,2698000,15879.0
2699,1000,178.4179,15,0.3,,1,0,5,2.1651,2,152,0,0.011732,0.284072,-3.047649,2699000,15884.8
2700,1000,106.8008,12,0.24,,1,0,5,2.1213,0,128,0,0.011812,0.346325,-3.8884,2700000,15890.5
2701,1000,114.429,11,0.22,,1,0,5,1.9203,1,0,0,0.011836,0.258287,-3.254255,2701000,15896.4
2702,1000,104.8125,12,0.24,,1,0,4,1.7321,0,0,0,0.011787,0.414718,-2.909827,2702000,15902.3
2703,1000,175.0357,15,0.3,,1,0,5,2.1651,1,0,0,0.011928,0.232576,-3.181301,2703000,15908.1
2704,1000,143.0047,15,0.3,,1,0,5,2.1651,1,95,0,0.01175,0.204682,-3.24506,2704000,15913.8
2705,1000,196.222,15,0.3,,1,0,5,2.1651,2,317,0,0.011872,0.257571,-3.41361,2705000,15919.6
2706,1000,199.7103,15,0.3,,1,0,5,2.1651,2,0,0,0.012024,0.245884,-2.968882,2706000,15925.5
2707,1000,191.4442,15,0.3,,1,0,5,2.1651,2,3,0,0.011932,0.214749,-3.205709,2707000,15931.5
2708,1000,113.91,12,0.24,,1,0,5,2.1213,1,0,0,0.011999,0.239116,-3.107922,2708000,15937.5
2709,1000,198.774,16,0.32,,1,0,6,2.3452,2,0,0,0.011766,0.238608,-3.302123,2709000,15943.4
2710,1000,150.6348,14,0.28,,1,0,5,2.0616,1,14,0,0.01156,0.24991,-2.852563,2710000,15949.4
2711,1000,131.5035,15,0.3,,1,0,5,2.1651,0,118,0,0.011303,0.252096,-2.789765,2711000,15955.2
2712,1000,152.0115,14,0.28,,1,0,5,2.0616,1,6,0,0.011019,0.514542,-2.874664,2712000,15961.0
2713,1000,110.6906,12,0.24,,1,0,5,2.1213,1,0,0,0.011658,0.335253,-3.634627,2713000,15966.8
2714,1000,210.7753,15,0.3,,1,0,5,2.1651,3,9,0,0.011322,0.356408,-2.619118,2714000,15972.7
2715,1000,139.4878,14,0.28,,1,0,5,2.0616,1,216,0,0.011504,0.269868,-4.096628,2715000,15978.6
2716,1000,257.2229,17,0.34,,1,0,7,2.586,3,8,0,0.0111,0.22432,-2.258807,2716000,15984.5
2717,1000,132.1257,15,0.3,,1,0,5,2.1651,0,0,0,0.011303,0.26548,-2.693754,2717000,15990.3
2718,1000,191.3417,15,0.3,,1,0,5,2.1651,2,0,0,0.011238,0.35689,-3.480035,2718000,15996.2
2719,1000,64.2858,10,0.2,,1,0,5,1.8028,0,0,0,0.011273,0.254666,-3.258976,2719000,16002.0
2720,1000,71.4775,10,0.2,,1,0,5,2.0616,0,0,0,0.01152,0.330569,-2.218771,2720000,16007.9
2721,1000,152.2118,15,0.3,,1,0,5,2.1651,1,0,0,0.011248,0.295413,-2.11102,2721000,16013.6
2722,1000,117.406,12,0.24,,1,0,5,2.1213,1,0,0,0.011469,0.317113,-3.348619,2722000,16019.4
2723,1000,136.1155,13,0.26,,1,0,5,2.0463,1,0,0,0.011234,0.218136,-4.648776,2723000,16025.2
2724,1000,184.3566,15,0.3,,1,0,6,2.2776,2,0,0,0.010742,0.498995,-2.264109,2724000,16031.1
2725,1000,228.8407,16,0.32,,1,0,6,2.3452,3,32,0,0.011021,0.263141,-2.264048,2725000,16037.1
2726,1000,106.2838,14,0.28,,1,0,5,2.0616,0,275,0,0.010832,0.214455,-2.793109,2726000,16043.0
2727,1000,256.5296,17,0.34,,1,0,7,2.586,3,0,0,0.010663,0.318333,-1.965051,2727000,16048.9
2728,1000,209.7174,16,0.32,,1,0,6,2.3452,2,252,0,0.010476,0.201684,-2.893196,2728000,16054.7
2729,1000,183.3742,15,0.3,,1,0,5,2.1651,2,283,0,0.010415,0.379526,-2.149423,2729000,16060.7
2730,1000,238.8065,16,0.32,,1,0,6,2.3452,3,16,0,0.01051,0.578563,-2.74126,2730000,16067.0
2731,1000,204.0307,16,0.32,,1,0,6,2.3452,2,9,0,0.010436,0.46905,-3.897959,2731000,16072.9
2732,1000,172.947,14,0.28,,1,0,5,2.0616,2,42,0,0.010485,0.287151,-2.817683,2732000,16079.2
2733,1000,197.886,15,0.3,,1,0,5,2.1651,2,93,0,0.010571,0.635088,-2.972953,2733000,16086.5
2734,1000,167.7098,16,0.32,,1,0,6,2.3452,1,280,0,0.010408,0.186273,-2.640197,2734000,16093.2
2735,1000,251.3259,17,0.34,,1,0,6,2.4875,3,243,0,0.010394,0.216693,-3.6717,2735000,16099.9
2736,1000,159.5458,15,0.3,,1,0,5,2.1651,1,0,0,0.010588,0.27081,-3.275405,2736000,16107.0
2737,1000,39.9118,7,0.14,,1,0,3,1.299,0,0,0,0.010874,0.201682,-2.049664,2737000,16113.0
2738,1000,184.6632,14,0.28,,1,0,5,2.0616,2,81,0,0.011048,0.617468,-3.595417,2738000,16118.9
2739,1000,71.5677,13,0.26,,1,0,5,1.9203,1,0,0,0.010883,0.326287,-2.177485,2739000,16124.8
2740,1000,236.883,16,0.32,,1,0,6,2.3452,3,0,0,0.010722,0.220437,-2.415373,2740000,16130.9
2741,1000,30.949,5,0.1,,2,0,3,1.299,0,0,0,0.011207,0.578397,-2.771711,2741000,16137.0
2742,1000,55.35,7,0.14,,2,0,5,2.0463,1,182,0,0.01113,0.260305,-2.539001,2742000,16143.9
2743,1000,-0.8934,4,0.08,,3,0,4,1.7321,0,0,0,0.010563,1.520675,-2.16757,2743000,16149.8
2744,1000,48.7752,10,0.2,,1,0,4,1.5,0,0,0,0.011113,0.371724,-3.370681,2744000,16155.8
2745,1000,38.4728,7,0.14,,2,0,5,2.0463,0,1,0,0.011412,0.219123,-2.34851,2745000,16161.8
2746,1000,40.8219,8,0.16,,1,0,4,1.4142,0,46,0,0.011492,0.296425,-2.481353,2746000,16167.7
2747,1000,37.9311,10,0.2,,1,0,5,2.0616,0,28,0,0.011805,0.255608,-3.381414,2747000,16173.6
2748,1000,48.5269,8,0.16,,1,0,4,1.4142,0,34,0,0.011866,0.349854,-2.415893,2748000,16179.7
2749,1000,90.8143,12,0.24,,1,0,5,1.8708,0,37,0,0.011818,0.274382,-1.54299,2749000,16185.7
2750,1000,260.978,18,0.36,,1,0,8,2.8723,3,3,0,0.011702,0.345738,-2.626281,2750000,16191.5
2751,1000,218.7454,15,0.3,,1,0,5,2.1651,3,26,0,0.011804,0.274337,-1.639093,2751000,16197.4
2752,1000,145.6978,13,0.26,,1,0,5,2.0463,1,0,0,0.011724,0.255014,-1.626299,2752000,16203.2
2753,1000,155.5251,14,0.28,,1,0,5,2.0616,1,10,0,0.011834,0.26354,-2.290011,2753000,16209.1
2754,1000,230.9411,17,0.34,,1,0,7,2.586,2,0,0,0.01191,0.276866,-2.14966,2754000,16215.1
2755,1000,96.3781,13,0.26,,1,0,5,1.9203,1,0,0,0.011785,0.290465,-2.062708,2755000,16221.1
2756,1000,109.1099,13,0.26,,1,0,5,2.0463,0,0,0,0.011749,0.457101,-1.694445,2756000,16227.1
2757,1000,129.3246,15,0.3,,1,0,5,2.1651,0,62,0,0.011664,0.328362,-2.029221,2757000,16233.0
2758,1000,133.3476,14,0.28,,1,0,5,2.0616,1,34,0,0.011699,0.427702,-2.215685,2758000,16239.0
2759,1000,191.7634,15,0.3,,1,0,5,2.1651,2,0,0,0.011711,0.278657,-1.545615,2759000,16244.7
2760,1000,202.1199,15,0.3,,1,0,5,2.1651,2,1,0,0.011593,0.432263,-1.893671,2760000,16250.5
2761,1000,164.5733,15,0.3,,1,0,5,2.1651,2,0,0,0.011473,0.370022,-2.362432,2761000,16256.2
2762,1000,155.3156,14,0.28,,1,0,5,2.0616,1,54,0,0.011097,0.21663,-1.541559,2762000,16262.0
2763,1000,97.0886,12,0.24,,1,0,4,1.7321,0,2,0,0.011354,0.236405,-1.678419,2763000,16267.9
2764,1000,235.2139,16,0.32,,1,0,6,2.3452,3,1,0,0.011298,0.31186,-3.006233,2764000,16273.7
2765,1000,40.4877,8,0.16,,1,0,4,1.4142,0,0,0,0.011384,0.364297,-2.433301,2765000,16279.7
2766,1000,77.0591,12,0.24,,1,0,5,1.8708,0,0,0,0.011609,0.326017,-2.144676,2766000,16285.8
2767,1000,219.8164,16,0.32,,1,0,6,2.3452,2,0,0,0.011714,0.297226,-1.215982,2767000,16291.7
2768,1000,152.7805,14,0.28,,1,0,5,2.0616,1,69,0,0.011747,0.239379,-2.175679,2768000,16297.5
2769,1000,105.8406,10,0.2,,1,0,5,1.8028,1,0,0,0.011849,0.328581,-2.350856,2769000,16303.4
2770,1000,198.8425,15,0.3,,1,0,5,2.1651,2,0,0,0.011846,0.33582,-2.047923,2770000,16309.2
2771,1000,257.4413,18,0.36,,1,0,8,2.8723,3,54,0,0.011713,0.265514,-2.928751,2771000,16315.1
2772,1000,249.7864,17,0.34,,1,0,7,2.586,3,4,0,0.011849,0.302851,-1.337906,2772000,16321.0
2773,1000,246.1048,16,0.32,,1,0,6,2.3452,3,0,0,0.011488,0.325095,-2.279424,2773000,16326.8
2774,1000,205.5636,15,0.3,,1,0,5,2.1651,2,5,0,0.011228,0.256936,-1.81942,2774000,16332.5
2775,1000,199.8103,16,0.32,,1,0,6,2.3452,2,0,0,0.011313,0.232642,-2.268646,2775000,16338.4
2776,1000,234.5718,15,0.3,,1,0,5,2.1651,3,0,0,0.011278,0.517512,-2.371339,2776000,16344.4
2777,1000,214.6979,16,0.32,,1,0,6,2.3452,2,16,0,0.011041,0.220027,-2.284188,2777000,16350.3
2778,1000,220.3828,15,0.3,,1,0,5,2.1651,3,0,0,0.011122,0.227694,-2.678008,2778000,16356.1
2779,1000,139.4137,14,0.28,,1,0,5,2.0616,1,0,0,0.011062,0.271703,-0.794138,2779000,16362.0
2780,1000,236.5493,17,0.34,,1,0,7,2.586,3,0,0,0.011116,0.242165,-3.033806,2780000,16367.8
2781,1000,213.9674,15,0.3,,1,0,5,2.1651,3,0,0,0.010781,0.462792,-2.50704,2781000,16373.8
2782,1000,186.3151,15,0.3,,1,0,5,2.1651,2,251,0,0.010972,0.490095,-2.028837,2782000,16379.8
2783,1000,170.8458,15,0.3,,1,0,5,2.1651,2,0,0,0.010848,0.397753,-1.884893,2783000,16385.7
2784,1000,240.3915,16,0.32,,1,0,6,2.3452,3,0,0,0.010503,0.346542,-1.945209,2784000,16391.5
2785,1000,194.7883,16,0.32,,1,0,6,2.3452,2,0,0,0.01059,0.283074,-1.597305,2785000,16397.4
2786,1000,180.4348,14,0.28,,1,0,5,2.0616,2,0,0,0.010427,0.228548,-3.312536,2786000,16403.2
2787,1000,195.7766,14,0.28,,1,0,5,2.0616,2,33,0,0.010164,0.221164,-1.171825,2787000,16409.2
2788,1000,144.5926,13,0.26,,1,0,5,2.0463,2,0,0,0.010018,0.274027,-1.749572,2788000,16415.2
2789,1000,187.0294,15,0.3,,1,0,5,2.1651,2,0,0,0.01006,0.238395,-2.14849,2789000,16421.1
2790,1000,198.8152,15,0.3,,1,0,5,2.1651,2,14,0,0.010142,0.235055,-1.171598,2790000,16426.9
2791,1000,237.4809,16,0.32,,1,0,6,2.3452,3,9,0,0.009879,0.583538,-1.720885,2791000,16433.0
2792,1000,229.4391,15,0.3,,1,0,5,2.1651,3,0,0,0.009699,0.503029,-1.698908,2792000,16438.9
2793,1000,176.9341,14,0.28,,1,0,5,2.0616,2,181,0,0.009665,0.184352,-1.189013,2793000,16444.9
2794,1000,189.8948,15,0.3,,1,0,7,2.586,2,65,0,0.009413,0.696265,-1.804453,2794000,16450.8
2795,1000,192.9515,15,0.3,,1,0,5,2.1651,2,39,0,0.009513,0.220589,-1.889531,2795000,16456.5
2796,1000,154.2231,15,0.3,,1,0,5,2.1651,2,600,0,0.009287,0.42561,-2.635462,2796000,16462.3
2797,1000,121.9683,13,0.26,,1,0,5,1.9203,1,143,0,0.009594,0.237366,-1.696114,2797000,16468.2
2798,1000,112.9858,12,0.24,,1,0,5,1.8708,1,0,0,0.00985,0.229546,-2.240332,2798000,16474.1
2799,1000,28.5489,6,0.12,,1,0,3,1.118,0,358,0,0.010009,0.231151,-2.536425,2799000,16480.0
2800,1000,199.4081,16,0.32,,1,0,7,2.5495,2,0,0,0.009856,0.240333,-1.388602,2800000,16486.0
2801,1000,66.8191,10,0.2,,1,0,4,1.5,0,97,0,0.00992,0.435946,-1.870158,2801000,16491.9
2802,1000,119.7535,12,0.24,,1,0,5,1.8708,1,2,0,0.010215,0.311419,-2.891127,2802000,16497.8
2803,1000,227.0309,15,0.3,,1,0,5,2.1651,3,35,0,0.010082,0.226709,-2.098646,2803000,16503.5
2804,1000,86.2146,11,0.22,,1,0,6,2.3848,1,0,0,0.010236,0.498393,-1.846915,2804000,16509.6
2805,1000,51.8353,11,0.22,,1,0,5,1.9203,1,0,0,0.010186,0.259059,-2.04881,2805000,16515.8
2806,1000,236.7367,16,0.32,,1,0,6,2.3452,3,0,0,0.010193,0.238641,-1.678279,2806000,16521.9
2807,1000,106.3193,13,0.26,,0,1,5,1.7854,1,49,0,0.010229,0.315138,-2.099341,2807000,16527.8
2808,1000,151.2153,14,0.28,,1,0,5,2.0616,1,405,0,0.010149,12.020161,-1.990339,2808000,16533.6
2809,1000,255.9336,17,0.34,,1,0,7,2.586,3,0,0,0.010218,0.418454,-3.023425,2809000,16539.4
2810,1000,255.7973,18,0.36,,1,0,8,2.8723,3,0,0,0.009931,0.255062,-2.425178,2810000,16545.2
2811,1000,192.6219,15,0.3,,1,0,5,2.1651,3,0,0,0.009729,0.224538,-1.44658,2811000,16551.2
2812,1000,232.8457,16,0.32,,1,0,6,2.3452,3,0,0,0.009686,0.338677,-2.295126,2812000,16556.9
2813,1000,224.545,17,0.34,,1,0,7,2.586,2,8,0,0.009601,0.579161,-2.682358,2813000,16562.9
2814,1000,161.3971,14,0.28,,1,0,5,2.0616,1,0,0,0.009787,0.427535,-1.55386,2814000,16568.8
2815,1000,193.9622,15,0.3,,1,0,5,2.1651,2,82,0,0.009477,0.239505,-1.799239,2815000,16574.6
2816,1000,180.68,15,0.3,,1,0,5,2.1651,2,337,0,0.009449,0.311229,-2.644086,2816000,16580.3
2817,1000,212.2339,15,0.3,,1,0,5,2.1651,3,0,0,0.00945,0.425673,-2.726244,2817000,16586.2
2818,1000,224.7916,15,0.3,,1,0,5,2.1651,3,7,0,0.009482,0.238552,-2.716627,2818000,16592.0
2819,1000,161.7933,13,0.26,,1,0,5,2.0463,2,0,0,0.009463,0.293464,-2.969924,2819000,16597.9
2820,1000,231.8478,16,0.32,,1,0,6,2.3452,3,0,0,0.009168,0.22984,-1.676455,2820000,16603.8
2821,1000,46.1731,9,0.18,,1,0,5,1.7854,0,0,0,0.009159,0.300076,-2.194568,2821000,16609.9
2822,1000,162.7707,15,0.3,,1,0,5,2.1651,1,68,0,0.009182,0.707103,-1.684776,2822000,16615.6
2823,1000,236.0809,15,0.3,,1,0,5,2.1651,3,2,0,0.009429,0.238518,-2.455901,2823000,16621.4
2824,1000,220.3183,17,0.34,,1,0,7,2.586,2,0,0,0.009614,0.260715,-3.103326,2824000,16627.2
2825,1000,95.1042,13,0.26,,1,0,5,1.9203,1,0,0,0.009513,0.394051,-3.013095,2825000,16633.0
2826,1000,202.7254,15,0.3,,1,0,5,2.1651,2,0,0,0.009735,1.054336,-2.41644,2826000,16639.0
2827,1000,222.5156,16,0.32,,1,0,6,2.3452,3,0,0,0.00971,1.232858,-2.191316,2827000,16645.0
2828,1000,224.3786,16,0.32,,1,0,6,2.3452,3,0,0,0.009556,0.346642,-2.132543,2828000,16651.1
2829,1000,193.6332,15,0.3,,1,0,5,2.1651,2,24,0,0.009282,0.363498,-2.693267,2829000,16657.0
2830,1000,118.043,12,0.24,,1,0,5,1.8708,1,0,0,0.009546,0.170774,-2.443477,2830000,16662.9
2831,1000,55.017,9,0.18,,1,0,4,1.479,0,0,0,0.009654,0.248605,-1.671719,2831000,16668.8
2832,1000,184.4011,15,0.3,,1,0,5,2.1651,2,72,0,0.01003,0.370741,-2.755801,2832000,16674.6
2833,1000,241.7641,16,0.32,,1,0,6,2.3452,3,0,0,0.009679,0.235722,-1.936244,2833000,16680.4
2834,1000,120.5864,12,0.24,,1,0,5,1.8708,1,0,0,0.009858,1.923085,-3.30818,2834000,16686.2
2835,1000,225.0872,15,0.3,,1,0,5,2.1651,3,1,0,0.009991,0.406446,-2.081272,2835000,16692.0
2836,1000,235.848,16,0.32,,1,0,6,2.3452,3,231,0,0.009891,0.631434,-2.538406,2836000,16697.9
2837,1000,65.2519,11,0.22,,1,0,4,1.6394,0,0,0,0.009879,0.349806,-2.57052,2837000,16703.9
2838,1000,226.544,16,0.32,,1,0,6,2.3452,3,6,0,0.00952,0.456229,-2.285465,2838000,16709.9
2839,1000,187.3103,15,0.3,,1,0,5,2.1651,2,10,0,0.009593,0.238921,-2.717941,2839000,16715.8
2840,1000,53.4878,9,0.18,,1,0,4,1.479,0,117,0,0.009756,0.191557,-1.969045,2840000,16721.9
2841,1000,130.1382,14,0.28,,1,0,5,2.0616,1,0,0,0.009545,0.274292,-1.931093,2841000,16727.8
2842,1000,242.967,16,0.32,,1,0,6,2.3452,3,0,0,0.009222,0.25651,-3.272987,2842000,16733.6
2843,1000,168.9259,15,0.3,,1,0,5,2.1651,1,0,0,0.008914,0.894586,-1.587961,2843000,16739.4
2844,1000,169.3212,15,0.3,,1,0,5,2.1651,1,75,0,0.00874,1.02076,-2.104282,2844000,16745.1
2845,1000,246.9401,17,0.34,,1,0,7,2.586,3,0,0,0.008667,0.186572,-2.191862,2845000,16751.4
2846,1000,191.2268,15,0.3,,1,0,5,2.1651,2,0,0,0.008374,0.320601,-2.444295,2846000,16757.3
2847,1000,239.8318,15,0.3,,1,0,5,2.1651,3,89,0,0.008225,0.970397,-2.514651,2847000,16763.3
2848,1000,198.7842,15,0.3,,1,0,5,2.1651,2,264,0,0.007945,0.377674,-3.565622,2848000,16769.0
2849,1000,167.839,15,0.3,,1,0,6,2.2776,1,4,0,0.008085,0.297532,-3.172063,2849000,16774.8
2850,1000,245.0466,17,0.34,,1,0,7,2.586,3,28,0,0.007872,0.240788,-3.088443,2850000,16780.6
2851,1000,179.4171,14,0.28,,1,0,5,2.0616,2,0,0,0.008109,0.32197,-2.401383,2851000,16786.5
2852,1000,264.3317,18,0.36,,1,0,8,2.8723,3,45,0,0.008108,0.176901,-2.104944,2852000,16792.3
2853,1000,210.1358,15,0.3,,1,0,5,2.1651,2,52,0,0.007993,0.18251,-2.750014,2853000,16798.3
2854,1000,156.8112,14,0.28,,1,0,5,2.0616,1,0,0,0.008117,0.185288,-3.747591,2854000,16804.3
2855,1000,119.0438,13,0.26,,1,0,5,1.9203,1,0,0,0.007976,0.256124,-2.294849,2855000,16810.3
2856,1000,19.4189,8,0.16,,1,0,4,1.5811,0,0,0,0.008012,0.250458,-2.576657,2856000,16816.3
2857,1000,148.6382,14,0.28,,1,0,5,2.0616,1,0,0,0.008175,0.464859,-2.890828,2857000,16822.2
2858,1000,186.6158,15,0.3,,1,0,5,2.1651,2,26,0,0.007783,0.335291,-2.418877,2858000,16828.0
2859,1000,98.0188,13,0.26,,1,0,5,2.0463,0,364,0,0.007853,0.334649,-3.565921,2859000,16833.9
2860,1000,244.3839,16,0.32,,1,0,6,2.3452,3,0,0,0.007822,0.177757,-2.468172,2860000,16839.7
2861,1000,191.36,15,0.3,,1,0,5,2.1651,2,0,0,0.007788,0.260094,-2.964321,2861000,16845.7
2862,1000,195.5621,15,0.3,,1,0,5,2.1651,2,0,0,0.007878,0.382309,-3.945148,2862000,16851.7
2863,1000,231.3796,15,0.3,,1,0,5,2.1651,3,107,0,0.007715,0.351648,-2.194123,2863000,16857.5
2864,1000,175.9355,15,0.3,,1,0,5,2.1651,1,91,0,0.007673,0.250799,-2.485649,2864000,16863.2
2865,1000,209.6763,16,0.32,,1,0,6,2.3452,2,0,0,0.007444,0.132871,-3.621964,2865000,16869.0
2866,1000,190.5955,16,0.32,,1,0,6,2.3452,2,0,0,0.007241,0.384737,-3.604508,2866000,16874.7
2867,1000,188.676,15,0.3,,1,0,5,2.1651,2,22,0,0.007433,0.273588,-2.800511,2867000,16880.5
2868,1000,129.5144,14,0.28,,1,0,5,2.0616,1,100,0,0.007628,0.185804,-3.080205,2868000,16886.4
2869,1000,21.1719,14,0.28,,1,0,5,2.0616,0,0,0,0.007615,0.340396,-2.145406,2869000,16892.4
2870,1000,228.562,16,0.32,,1,0,6,2.3452,3,0,0,0.007415,0.164666,-2.882186,2870000,16898.4
2871,1000,229.6082,16,0.32,,1,0,6,2.3452,3,49,0,0.007428,0.251903,-2.125427,2871000,16904.4
2872,1000,191.1007,15,0.3,,1,0,5,2.1651,2,109,0,0.00762,0.527844,-3.194837,2872000,16910.3
2873,1000,199.5901,15,0.3,,1,0,5,2.1651,2,17,0,0.007511,0.204212,-3.591206,2873000,16916.1
2874,1000,266.8154,18,0.36,,1,0,8,2.8723,3,2,0,0.007512,0.896945,-1.775558,2874000,16921.8
2875,1000,143.2222,13,0.26,,1,0,6,2.1651,1,62,0,0.007616,0.511119,-2.681272,2875000,16927.6
2876,1000,221.1217,15,0.3,,1,0,5,2.1651,3,52,0,0.007776,0.320741,-2.506532,2876000,16933.3
2877,1000,173.1452,15,0.3,,1,0,5,2.1651,2,90,0,0.007714,0.210242,-2.536072,2877000,16939.0
2878,1000,228.3397,16,0.32,,1,0,6,2.3452,3,168,0,0.007515,0.264191,-2.010427,2878000,16945.0
2879,1000,196.3047,15,0.3,,1,0,5,2.1651,2,0,0,0.007492,0.55292,-2.254332,2879000,16950.9
2880,1000,66.5601,10,0.2,,1,0,5,2.0616,0,0,0,0.007465,1.275523,-3.059459,2880000,16956.9
2881,1000,101.8949,13,0.26,,1,0,5,2.0463,0,0,0,0.007571,2.043852,-3.621441,2881000,16962.7
2882,1000,238.7548,17,0.34,,1,0,7,2.586,3,105,0,0.00753,0.166917,-2.895396,2882000,16968.6
2883,1000,155.4812,14,0.28,,1,0,5,2.0616,1,43,0,0.007548,0.258216,-2.646652,2883000,16974.6
2884,1000,208.5501,15,0.3,,1,0,5,2.1651,2,66,0,0.007589,0.236617,-2.319917,2884000,16980.4
2885,1000,84.7921,12,0.24,,1,0,5,1.8708,0,0,0,0.008012,0.281759,-3.583881,2885000,16986.2
2886,1000,15.268,7,0.14,,2,0,4,1.7854,0,1,0,0.008197,0.277674,-2.62163,2886000,16992.1
2887,1000,186.0188,17,0.34,,1,0,8,2.8614,1,7,0,0.008041,0.24466,-2.896571,2887000,16997.8
2888,1000,80.4746,13,0.26,,1,0,5,1.9203,0,0,0,0.008106,0.342208,-3.353095,2888000,17003.7
2889,1000,162.0082,15,0.3,,1,0,5,2.1651,1,245,0,0.00821,0.233138,-3.208992,2889000,17009.5
2890,1000,161.7093,14,0.28,,1,0,5,2.0616,1,0,0,0.008324,0.331368,-1.7833,2890000,17015.3
2891,1000,237.015,17,0.34,,1,0,7,2.586,3,4,0,0.008502,0.55557,-2.974978,2891000,17021.4
2892,1000,238.0894,16,0.32,,1,0,6,2.3452,3,100,0,0.008441,0.247619,-3.134557,2892000,17027.6
2893,1000,210.3322,16,0.32,,1,0,6,2.3452,2,15,0,0.008334,0.560512,-3.190783,2893000,17033.6
2894,1000,127.3586,15,0.3,,1,0,5,2.1651,1,0,0,0.008286,0.34436,-2.3814,2894000,17039.6
2895,1000,226.7108,15,0.3,,1,0,5,2.1651,3,33,0,0.008257,0.288724,-2.819596,2895000,17045.5
2896,1000,242.9384,17,0.34,,1,0,7,2.586,3,95,0,0.008587,0.260675,-2.057701,2896000,17051.4
2897,1000,217.6225,15,0.3,,1,0,5,2.1651,3,458,0,0.00857,0.161326,-3.500221,2897000,17057.2
2898,1000,218.5768,15,0.3,,1,0,5,2.1651,3,47,0,0.008591,0.367055,-2.623263,2898000,17063.1
2899,1000,116.6122,14,0.28,,1,0,5,2.0616,0,105,0,0.008506,0.286988,-4.163937,2899000,17069.2
2900,1000,105.3401,12,0.24,,1,0,5,1.8708,1,0,0,0.00838,1.090004,-2.501995,2900000,17075.2
2901,1000,160.5736,13,0.26,,1,0,6,2.3848,2,84,0,0.008402,0.715577,-3.476727,2901000,17081.2
2902,1000,215.4128,16,0.32,,1,0,6,2.3452,3,160,0,0.008302,0.513762,-2.580301,2902000,17087.0
2903,1000,219.6498,15,0.3,,1,0,5,2.1651,3,364,0,0.008312,0.729778,-2.975438,2903000,17092.8
2904,1000,184.7067,15,0.3,,1,0,5,2.1651,2,0,0,0.008023,0.166524,-3.077602,2904000,17098.7
2905,1000,229.6791,16,0.32,,1,0,6,2.3452,3,67,0,0.007946,0.180586,-4.888497,2905000,17104.6
2906,1000,104.9575,10,0.2,,1,0,5,2.0616,1,0,0,0.007931,0.181847,-2.695266,2906000,17110.7
2907,1000,225.822,15,0.3,,1,0,5,2.1651,3,0,0,0.007801,0.243983,-3.715764,2907000,17116.7
2908,1000,129.51,15,0.3,,1,0,5,2.1651,0,186,0,0.00773,0.325316,-3.046701,2908000,17122.7
2909,1000,232.0625,16,0.32,,1,0,6,2.3452,3,499,0,0.007912,0.367015,-3.794236,2909000,17128.7
2910,1000,253.3473,18,0.36,,1,0,8,2.8723,3,156,0,0.007938,0.36452,-3.02599,2910000,17134.6
2911,1000,191.2909,14,0.28,,1,0,5,2.0616,2,40,0,0.008052,0.319573,-2.7397,2911000,17140.4
2912,1000,217.7275,15,0.3,,1,0,5,2.1651,3,0,0,0.008135,0.553074,-2.693095,2912000,17146.2
2913,1000,246.2678,17,0.34,,1,0,7,2.586,3,10,0,0.008332,0.424796,-2.735739,2913000,17152.0
2914,1000,52.1921,10,0.2,,1,0,4,1.5,0,0,0,0.008291,0.170943,-2.552745,2914000,17157.9
2915,1000,216.457,16,0.32,,1,0,6,2.3452,3,21,0,0.008685,0.361265,-3.488069,2915000,17163.8
2916,1000,167.1952,14,0.28,,1,0,5,2.0616,2,5,0,0.008728,0.24847,-3.056129,2916000,17169.8
2917,1000,132.199,14,0.28,,1,0,5,2.0616,1,0,0,0.00898,0.606445,-4.398167,2917000,17175.7
2918,1000,107.5034,14,0.28,,1,0,5,2.0616,0,0,0,0.009194,0.267236,-3.408213,2918000,17181.8
2919,1000,176.3028,14,0.28,,1,0,5,2.0616,2,0,0,0.008899,0.369659,-3.863141,2919000,17187.9
2920,1000,129.8056,16,0.32,,1,0,6,2.3452,1,0,0,0.009021,0.233716,-2.974548,2920000,17193.7
2921,1000,42.5167,9,0.18,,1,0,4,1.479,0,0,0,0.009171,0.460874,-3.497523,2921000,17199.5
2922,1000,241.8577,17,0.34,,1,0,7,2.586,3,29,0,0.009063,0.320468,-3.12552,2922000,17205.4
2923,1000,83.7348,12,0.24,,1,0,5,1.8708,0,42,0,0.009328,0.390356,-4.187192,2923000,17211.2
2924,1000,243.3772,18,0.36,,1,0,8,2.8723,3,202,0,0.009158,0.639251,-2.806934,2924000,17217.1
2925,1000,203.1737,17,0.34,,1,0,7,2.586,2,0,0,0.009341,0.325393,-3.192614,2925000,17222.8
2926,1000,257.5996,17,0.34,,0,1,6,1.9203,3,175,0,0.009383,0.49389,-3.984806,2926000,17228.6
2927,1000,58.9093,10,0.2,,1,0,4,1.6583,0,0,0,0.009773,0.655677,-3.849687,2927000,17234.7
2928,1000,209.2904,16,0.32,,1,0,6,2.3452,2,220,0,0.009795,0.560036,-4.003573,2928000,17240.6
2929,1000,107.3446,15,0.3,,1,0,5,2.1651,0,0,0,0.009713,0.191765,-3.152322,2929000,17246.6
2930,1000,246.8008,17,0.34,,1,0,7,2.586,3,454,0,0.009528,0.329288,-3.787114,2930000,17252.6
2931,1000,148.0155,14,0.28,,1,0,5,2.0616,1,0,0,0.009648,0.193827,-2.304826,2931000,17258.5
2932,1000,249.4003,17,0.34,,1,0,7,2.586,3,160,0,0.009527,0.21859,-3.839619,2932000,17264.3
2933,1000,-8.9071,5,0.1,,2,0,3,1.299,0,34,0,0.009987,0.747744,-3.670845,2933000,17270.3
2934,1000,249.5252,16,0.32,,1,0,6,2.3452,3,62,0,0.010025,0.61511,-3.694799,2934000,17276.1
2935,1000,232.84,16,0.32,,1,0,6,2.3452,3,585,0,0.009525,0.323756,-3.550856,2935000,17282.2
2936,1000,125.84,12,0.24,,1,0,5,2.1213,1,0,0,0.009761,0.60473,-3.598632,2936000,17288.3
2937,1000,238.5317,16,0.32,,1,0,6,2.3452,3,103,0,0.009694,0.42232,-4.678543,2937000,17294.3
2938,1000,38.6787,7,0.14,,1,0,3,1.0897,0,0,0,0.009946,0.337561,-3.645726,2938000,17300.2
2939,1000,-7.2511,6,0.12,,1,0,3,1.118,0,0,0,0.010136,0.634157,-4.463799,2939000,17306.1
2940,1000,36.555,8,0.16,,1,0,4,1.5811,0,0,0,0.010261,0.227708,-4.404427,2940000,17311.9
2941,1000,241.4954,16,0.32,,1,0,6,2.3452,3,265,0,0.010053,1.047275,-3.143998,2941000,17318.0
2942,1000,30.5902,8,0.16,,1,0,4,1.4142,0,350,0,0.010167,0.36871,-3.686057,2942000,17324.1
2943,1000,145.1298,13,0.26,,1,0,6,2.3848,2,0,0,0.010352,0.2648,-3.475094,2943000,17330.1
2944,1000,70.3811,10,0.2,,1,0,5,1.8028,0,0,0,0.010488,0.528542,-3.864031,2944000,17336.0
2945,1000,6.6384,6,0.12,,1,0,3,1.118,0,0,0,0.010842,0.694899,-3.779722,2945000,17341.9
2946,1000,256.1422,18,0.36,,1,0,8,2.8723,3,0,0,0.010471,0.337136,-3.38572,2946000,17347.6
2947,1000,174.3577,16,0.32,,1,0,6,2.3452,1,0,0,0.010603,1.059115,-3.961534,2947000,17353.5
2948,1000,256.0321,17,0.34,,0,1,6,1.9203,3,77,0,0.01059,2.313254,-2.996974,2948000,17359.4
2949,1000,81.1839,10,0.2,,2,0,5,2.5,1,0,0,0.010674,0.322426,-2.468879,2949000,17365.2
2950,1000,45.6385,8,0.16,,1,0,3,1.2247,0,0,0,0.010677,0.374152,-3.899546,2950000,17371.2
2951,1000,252.7741,18,0.36,,1,0,8,2.8723,3,60,0,0.010695,0.243156,-2.861665,2951000,17377.2
2952,1000,181.0958,15,0.3,,1,0,6,2.2776,2,0,0,0.010817,0.235112,-2.907165,2952000,17383.3
2953,1000,256.8182,17,0.34,,1,0,7,2.586,3,232,0,0.011245,0.812275,-2.946711,2953000,17389.4
2954,1000,119.9812,11,0.22,,1,0,5,1.7854,1,5,0,0.011382,0.389467,-4.05235,2954000,17395.6
2955,1000,78.5154,8,0.16,,2,0,5,2.1213,1,0,0,0.011807,0.438952,-4.256146,2955000,17401.6
2956,1000,5.2076,7,0.14,,1,0,3,1.299,0,0,0,0.012062,0.627014,-4.161758,2956000,17407.4
2957,1000,191.2018,15,0.3,,1,0,6,2.2776,2,0,0,0.012091,0.26368,-2.332405,2957000,17413.3
2958,1000,41.2522,8,0.16,,2,0,5,2.1213,0,33,0,0.012273,5.095245,-2.13393,2958000,17419.2
2959,1000,-44.3296,6,0.12,,1,0,3,1.118,0,10,0,0.012132,0.46883,-3.616082,2959000,17425.1
2960,1000,64.3254,10,0.2,,1,0,4,1.5,0,25,0,0.012553,1.278463,-3.621121,2960000,17431.1
2961,1000,65.4905,9,0.18,,1,0,3,1.299,0,5,0,0.012898,0.62375,-2.383139,2961000,17437.0
2962,1000,4.4757,6,0.12,,1,0,2,0.866,0,0,0,0.012768,1.527582,-3.21865,2962000,17443.1
2963,1000,83.791,10,0.2,,1,0,5,2.0616,1,0,0,0.012901,0.59922,-2.979283,2963000,17449.0
2964,1000,10.9352,5,0.1,,2,0,3,1.299,0,0,0,0.013222,0.417489,-2.879813,2964000,17454.9
2965,1000,36.9341,7,0.14,,2,0,4,1.7854,0,0,0,0.013151,0.535054,-2.814001,2965000,17460.9
2966,1000,21.7434,5,0.1,,2,0,4,1.6394,0,0,0,0.013472,0.675766,-2.85875,2966000,17466.9
2967,1000,35.7828,8,0.16,,1,0,4,1.5811,0,258,0,0.013525,0.569059,-2.321007,2967000,17473.1
2968,1000,-0.2809,5,0.1,,2,0,4,1.6394,0,0,0,0.013884,0.958676,-2.648545,2968000,17479.3
2969,1000,43.5534,10,0.2,,1,0,4,1.6583,0,21,0,0.014166,0.696041,-1.448572,2969000,17485.9
2970,1000,106.7649,10,0.2,,2,0,7,2.8723,1,0,0,0.014227,0.706422,-0.629322,2970000,17493.6
2971,1000,13.2959,7,0.14,,1,0,4,1.479,0,0,0,0.014068,1.580523,-2.382703,2971000,17499.8
2972,1000,27.1253,8,0.16,,2,0,4,2.0,0,0,0,0.01389,0.478907,-1.54288,2972000,17505.8
2973,1000,17.4036,6,0.12,,1,0,4,1.5,0,110,0,0.014194,0.785201,-2.199878,2973000,17514.5
2974,1000,39.8266,7,0.14,,1,0,3,1.0897,0,0,0,0.014396,0.708576,-1.71598,2974000,17520.7
2975,1000,187.9674,16,0.32,,1,0,6,2.3452,1,1,0,0.014557,0.302642,-2.717381,2975000,17526.8
2976,1000,174.642,14,0.28,,1,0,5,2.0616,2,76,0,0.014731,1.487406,-1.985916,2976000,17532.9
2977,1000,48.234,9,0.18,,1,0,4,1.7854,0,56,0,0.014947,0.50672,-3.093476,2977000,17539.0
2978,1000,198.8855,15,0.3,,1,0,5,2.1651,2,3,0,0.015297,0.452172,-0.850622,2978000,17544.9
2979,1000,120.2254,13,0.26,,1,0,5,2.0463,0,0,0,0.015345,0.897765,-2.090319,2979000,17550.7
2980,1000,262.7284,18,0.36,,1,0,8,2.8723,3,26,0,0.015375,0.921504,-2.840668,2980000,17556.6
2981,1000,56.5876,9,0.18,,1,0,5,1.7854,0,321,0,0.015328,0.483071,-1.795355,2981000,17562.6
2982,1000,151.9803,14,0.28,,1,0,5,2.0616,1,187,0,0.015535,0.93434,-1.768745,2982000,17568.4
2983,1000,60.8653,10,0.2,,1,0,4,1.6583,0,0,0,0.015797,0.445524,-2.191551,2983000,17574.3
2984,1000,147.7531,14,0.28,,1,0,6,2.2913,1,0,0,0.015497,1.01529,-3.443119,2984000,17580.0
2985,1000,69.8258,10,0.2,,1,0,5,1.8028,0,75,0,0.015605,1.726456,-1.858738,2985000,17585.9
2986,1000,38.5189,8,0.16,,1,0,4,1.5811,0,0,0,0.015421,1.194831,-2.440323,2986000,17591.8
2987,1000,188.8971,15,0.3,,1,0,6,2.2776,2,0,0,0.015246,1.237988,-0.455053,2987000,17597.6
2988,1000,24.2908,7,0.14,,1,0,4,1.479,0,0,0,0.015296,0.734234,-1.960835,2988000,17603.4
2989,1000,69.0572,9,0.18,,1,0,4,1.7854,0,2,0,0.015164,0.481531,-1.406807,2989000,17609.3
2990,1000,91.3249,10,0.2,,1,0,6,2.1794,1,0,0,0.015619,0.62331,-2.030651,2990000,17615.3
2991,1000,83.7253,10,0.2,,1,0,5,2.0616,0,0,0,0.016361,1.072739,-1.579808,2991000,17621.3
2992,1000,109.8617,13,0.26,,1,0,5,1.9203,0,80,0,0.016318,2.398667,-1.235418,2992000,17627.1
2993,1000,27.3782,8,0.16,,1,0,4,1.5811,0,0,0,0.016372,0.500693,-0.378781,2993000,17633.1
2994,1000,74.9942,10,0.2,,1,0,5,1.8028,0,1,0,0.016605,2.430716,-1.458689,2994000,17638.9
2995,1000,95.3282,12,0.24,,1,0,5,2.1213,0,0,0,0.016648,0.525928,-2.172517,2995000,17644.7
2996,1000,42.3373,8,0.16,,2,0,5,2.1213,0,48,0,0.016998,0.506723,-1.355245,2996000,17650.6
2997,1000,97.5792,12,0.24,,1,0,5,1.8708,0,0,0,0.017108,0.416666,-0.619447,2997000,17656.4
2998,1000,17.6628,4,0.08,,2,0,2,1.0,0,0,0,0.017456,0.717019,-0.446155,2998000,17662.4
2999,1000,86.4801,11,0.22,,1,0,5,1.7854,0,0,0,0.017503,1.49118,-1.24594,2999000,17668.3
3000,1000,58.054,9,0.18,,1,0,4,1.7854,0,0,0,0.017234,0.586416,0.026564,3000000,17674.1
3001,1000,143.4311,11,0.22,,1,0,5,2.2776,2,32,0,0.017029,0.866685,-0.388044,3001000,17679.9
3002,1000,45.8606,8,0.16,,1,0,5,1.8708,0,27,0,0.0171,0.590955,0.089089,3002000,17685.9
3003,1000,80.2255,10,0.2,,1,0,5,1.8028,0,0,0,0.017775,0.638898,0.097139,3003000,17691.7
3004,1000,62.5973,9,0.18,,1,0,4,1.7854,0,0,0,0.017919,2.364953,-0.04345,3004000,17697.8
3005,1000,-3.7543,7,0.14,,2,0,4,1.7854,0,37,0,0.018069,0.7791,0.338919,3005000,17703.7
3006,1000,68.2588,10,0.2,,1,0,4,1.5,0,0,0,0.017716,0.630964,-0.366788,3006000,17709.6
3007,1000,121.1096,12,0.24,,1,0,5,1.8708,1,0,0,0.017887,1.353813,0.376054,3007000,17715.5
3008,1000,30.3711,7,0.14,,1,0,4,1.479,0,0,0,0.017802,0.804277,0.109764,3008000,17721.4
3009,1000,59.0395,9,0.18,,2,0,5,2.2776,0,0,0,0.017909,1.125483,-0.893984,3009000,17727.2
3010,1000,39.1239,7,0.14,,2,0,5,2.0463,0,0,0,0.017611,0.755054,0.914694,3010000,17734.5
3011,1000,19.2837,8,0.16,,1,0,4,1.5811,0,0,0,0.017679,1.281475,0.844792,3011000,17742.3
3012,1000,68.1427,10,0.2,,1,0,5,1.8028,0,0,0,0.017869,0.561592,0.223789,3012000,17750.4
3013,1000,7.7995,5,0.1,,2,0,3,1.299,0,0,0,0.017968,0.861531,-0.806907,3013000,17758.8
3014,1000,113.4937,11,0.22,,1,0,5,1.9203,1,128,0,0.017753,0.74429,-0.443534,3014000,17766.7
3015,1000,76.6542,11,0.22,,1,0,5,1.9203,0,0,0,0.017776,0.802762,0.137303,3015000,17774.0
3016,1000,69.7774,12,0.24,,1,0,4,1.7321,0,211,0,0.018024,0.71337,1.509163,3016000,17781.9
3017,1000,159.4592,14,0.28,,1,0,5,2.0616,1,131,0,0.018405,0.688349,0.23222,3017000,17789.5
3018,1000,186.4479,15,0.3,,1,0,6,2.2776,2,0,0,0.018597,1.111414,1.525958,3018000,17796.9
3019,1000,72.9768,11,0.22,,1,0,4,1.6394,0,0,0,0.018069,0.588945,1.444999,3019000,17804.3
3020,1000,64.0607,9,0.18,,1,0,4,1.7854,0,0,0,0.017745,2.506423,0.962325,3020000,17812.4
3021,1000,169.6035,14,0.28,,1,0,5,2.0616,2,0,0,0.017913,0.811521,-0.103783,3021000,17820.3
3022,1000,121.145,13,0.26,,1,0,5,1.9203,1,0,0,0.017842,2.123935,-0.079261,3022000,17828.3
3023,1000,69.7614,11,0.22,,1,0,5,1.9203,0,0,0,0.017531,0.602206,0.812123,3023000,17835.3
3024,1000,172.2369,16,0.32,,1,0,7,2.5495,1,8,0,0.017557,0.790306,1.149353,3024000,17841.3
3025,1000,42.3698,8,0.16,,1,0,3,1.2247,0,0,0,0.017331,0.811183,1.7364,3025000,17847.1
3026,1000,87.0941,11,0.22,,1,0,5,1.9203,0,0,0,0.01782,0.659232,1.465228,3026000,17853.1
3027,1000,100.4751,10,0.2,,1,0,5,2.0616,1,36,0,0.017859,0.810434,1.019264,3027000,17859.1
3028,1000,34.528,9,0.18,,1,0,4,1.479,0,0,0,0.017475,0.578272,1.661878,3028000,17864.9
3029,1000,160.1363,15,0.3,,1,0,5,2.1651,1,6,0,0.017784,0.782585,1.894385,3029000,17870.7
3030,1000,54.6015,9,0.18,,2,0,5,2.2776,0,294,0,0.017634,0.886563,1.394993,3030000,17876.6
3031,1000,65.072,10,0.2,,1,0,4,1.6583,0,0,0,0.017686,0.472348,2.516253,3031000,17882.6
3032,1000,87.0385,13,0.26,,1,0,5,1.9203,0,0,0,0.017852,0.93702,1.771418,3032000,17888.7
3033,1000,42.4167,8,0.16,,1,0,3,1.2247,0,0,0,0.01789,0.55993,2.954434,3033000,17896.7
3034,1000,81.0329,11,0.22,,1,0,4,1.6394,0,0,0,0.017515,0.712937,1.39402,3034000,17903.4
3035,1000,137.9329,13,0.26,,1,0,5,1.9203,1,27,0,0.017808,0.741103,1.852482,3035000,17909.5
3036,1000,22.1021,6,0.12,,2,0,4,1.6583,0,0,0,0.017978,1.174997,3.033583,3036000,17915.4
3037,1000,24.8314,8,0.16,,1,0,4,1.5811,0,0,0,0.017522,0.777426,1.899104,3037000,17921.5
3038,1000,43.4567,9,0.18,,1,0,4,1.479,0,316,0,0.017412,0.580589,2.562661,3038000,17927.5
3039,1000,59.2896,9,0.18,,1,0,5,1.9203,0,36,0,0.017648,0.71459,1.894731,3039000,17933.5
3040,1000,179.6222,13,0.26,,1,0,5,2.0463,2,36,0,0.017554,0.561128,2.269941,3040000,17939.4
3041,1000,124.2803,12,0.24,,1,0,5,1.8708,1,0,0,0.017487,1.095717,1.643532,3041000,17945.3
3042,1000,48.3006,9,0.18,,1,0,4,1.479,0,0,0,0.017106,0.676317,2.230272,3042000,17951.3
3043,1000,65.0526,10,0.2,,1,0,4,1.6583,0,0,0,0.017681,1.206045,1.306876,3043000,17957.6
3044,1000,68.3177,10,0.2,,1,0,5,2.0616,0,0,0,0.017668,0.609784,1.719859,3044000,17963.6
3045,1000,18.1885,8,0.16,,1,0,3,1.2247,0,0,0,0.017517,0.975945,2.300645,3045000,17969.6
3046,1000,62.1991,11,0.22,,1,0,4,1.6394,0,0,0,0.018022,0.528458,2.797523,3046000,17975.5
3047,1000,73.8571,10,0.2,,1,0,4,1.5,0,3,0,0.018038,2.547785,2.244218,3047000,17981.6
3048,1000,50.0926,9,0.18,,1,0,3,1.299,0,0,0,0.018015,0.677305,1.80982,3048000,17987.8
3049,1000,45.5646,8,0.16,,1,0,3,1.2247,0,62,0,0.018795,2.282401,2.487602,3049000,17993.9
3050,1000,48.2776,7,0.14,,1,0,3,1.299,0,0,0,0.018519,2.315486,1.965003,3050000,17999.8
3051,1000,97.5272,12,0.24,,1,0,5,2.1213,0,0,0,0.018558,0.92984,2.203166,3051000,18005.9
3052,1000,99.7878,12,0.24,,1,0,5,1.8708,0,0,0,0.0183,1.72936,2.241741,3052000,18011.9
3053,1000,47.8794,9,0.18,,1,0,4,1.479,0,0,0,0.018451,1.189007,2.753772,3053000,18017.7
3054,1000,117.5117,13,0.26,,1,0,6,2.3848,1,0,0,0.018754,0.666761,3.103147,3054000,18023.6
3055,1000,55.0245,8,0.16,,1,0,4,1.4142,0,114,0,0.018483,0.960708,2.889495,3055000,18029.7
3056,1000,92.4307,12,0.24,,1,0,5,2.1213,0,1,0,0.018835,0.686259,1.584454,3056000,18035.7
3057,1000,23.5682,7,0.14,,1,0,3,1.299,0,116,0,0.019279,0.636367,2.222649,3057000,18041.7
3058,1000,48.6933,9,0.18,,1,0,5,1.9203,0,0,0,0.018942,0.779482,2.876718,3058000,18047.6
3059,1000,38.8048,9,0.18,,2,0,5,2.2776,0,0,0,0.020063,0.915681,2.887939,3059000,18053.6
3060,1000,60.5334,9,0.18,,1,0,4,1.479,0,0,0,0.019977,1.50909,2.343016,3060000,18061.3
3061,1000,69.5551,10,0.2,,1,0,5,2.0616,0,0,0,0.019936,1.384164,3.195419,3061000,18069.9
3062,1000,83.0577,12,0.24,,1,0,5,1.8708,0,0,0,0.020149,0.785238,1.464092,3062000,18078.3
3063,1000,100.5618,12,0.24,,1,0,5,1.8708,0,27,0,0.019921,0.730661,2.174062,3063000,18086.6
3064,1000,96.7091,12,0.24,,1,0,5,1.8708,0,20,0,0.019829,0.99926,2.926861,3064000,18095.2
3065,1000,99.6878,13,0.26,,1,0,5,1.9203,1,0,0,0.020097,1.024139,2.458842,3065000,18103.9
3066,1000,66.3946,10,0.2,,1,0,4,1.6583,0,0,0,0.019591,0.699819,2.855132,3066000,18111.9
3067,1000,45.8914,7,0.14,,1,0,3,1.0897,0,2,0,0.019263,0.763365,3.225268,3067000,18119.7
3068,1000,73.618,10,0.2,,1,0,4,1.5,0,0,0,0.019495,0.502284,2.896239,3068000,18127.6
3069,1000,29.094,7,0.14,,1,0,4,1.479,0,0,0,0.019123,0.77901,2.156242,3069000,18135.8
3070,1000,61.5085,9,0.18,,1,0,4,1.479,0,37,0,0.01925,1.045219,4.0409,3070000,18144.0
3071,1000,33.2834,8,0.16,,1,0,4,1.5811,0,0,0,0.019369,0.563452,2.341983,3071000,18152.7
3072,1000,57.2456,10,0.2,,1,0,5,1.8028,0,0,0,0.018861,0.844174,2.505547,3072000,18160.9
3073,1000,39.4115,6,0.12,,1,0,4,1.5,0,0,0,0.01837,1.441184,3.297377,3073000,18169.3
3074,1000,15.5793,7,0.14,,1,0,3,1.0897,0,0,0,0.018217,0.617021,1.933577,3074000,18177.9
3075,1000,48.1046,8,0.16,,1,0,5,1.8708,0,0,0,0.018506,1.192249,3.483289,3075000,18186.2
3076,1000,-12.1716,2,0.04,,2,0,1,0.5,0,96,0,0.018635,0.819485,4.218256,3076000,18194.7
3077,1000,94.5462,9,0.18,,1,0,5,1.9203,1,6,0,0.018608,0.873861,3.675413,3077000,18203.1
3078,1000,91.3501,11,0.22,,1,0,5,1.7854,0,34,0,0.018692,1.070436,2.823755,3078000,18211.7
3079,1000,47.105,9,0.18,,1,0,4,1.479,0,1,0,0.01882,0.609935,2.425509,3079000,18219.7
3080,1000,28.1633,8,0.16,,1,0,5,1.8708,0,0,0,0.018988,0.774475,2.791744,3080000,18227.6
3081,1000,56.8584,9,0.18,,1,0,4,1.479,0,2,0,0.019197,0.875959,3.792938,3081000,18235.8
3082,1000,63.4468,8,0.16,,1,0,5,1.8708,1,0,0,0.019042,0.707692,3.414546,3082000,18244.8
3083,1000,55.2466,10,0.2,,1,0,4,1.5,0,0,0,0.019253,0.751813,4.541622,3083000,18254.4
3084,1000,43.4633,9,0.18,,1,0,4,1.479,0,342,0,0.019284,0.70492,4.162094,3084000,18263.6
3085,1000,79.1207,11,0.22,,1,0,5,1.7854,0,0,0,0.019217,0.655673,4.771806,3085000,18273.0
3086,1000,63.9722,10,0.2,,0,1,4,1.118,0,0,0,0.019354,1.086571,2.605791,3086000,18282.1
3087,1000,39.984,9,0.18,,1,0,5,1.7854,0,0,0,0.019332,0.520798,3.019791,3087000,18291.5
3088,1000,36.0297,7,0.14,,1,0,3,1.0897,0,0,0,0.018532,0.746133,4.315543,3088000,18300.8
3089,1000,26.6274,7,0.14,,1,0,4,1.479,0,0,0,0.019069,1.194695,4.492577,3089000,18310.2
3090,1000,43.4461,8,0.16,,1,0,3,1.2247,0,0,0,0.019495,1.192443,3.852987,3090000,18319.6
3091,1000,64.337,10,0.2,,1,0,4,1.5,0,0,0,0.019301,0.727652,4.094076,3091000,18329.0
3092,1000,57.0342,8,0.16,,1,0,4,1.5811,0,0,0,0.019077,1.612069,4.515015,3092000,18338.2
3093,1000,90.1018,12,0.24,,1,0,5,2.1213,0,170,0,0.019215,0.899383,3.965495,3093000,18347.4
3094,1000,41.8939,8,0.16,,1,0,4,1.5811,0,0,0,0.019373,0.704326,3.213382,3094000,18357.0
3095,1000,33.1248,5,0.1,,2,0,3,1.299,0,0,0,0.01927,0.683312,4.291615,3095000,18366.5
3096,1000,42.6164,8,0.16,,1,0,3,1.2247,0,0,0,0.019056,0.507413,4.310294,3096000,18375.6
3097,1000,40.0152,9,0.18,,1,0,4,1.479,0,0,0,0.018619,0.738751,2.962965,3097000,18384.9
3098,1000,89.4733,11,0.22,,0,1,4,1.0897,0,1,0,0.018521,1.250845,3.781635,3098000,18393.9
3099,1000,22.992,6,0.12,,2,0,3,1.5,0,0,0,0.018312,0.577207,3.831207,3099000,18403.0
3100,1000,53.661,9,0.18,,1,0,4,1.479,0,0,0,0.017572,0.882556,3.858625,3100000,18411.9
3101,1000,57.6193,8,0.16,,1,0,4,1.5811,0,0,0,0.017788,1.891649,4.042362,3101000,18421.3
3102,1000,37.706,8,0.16,,1,0,3,1.2247,0,1,0,0.017582,0.724536,3.222195,3102000,18430.3
3103,1000,1.5789,3,0.06,,2,0,2,0.8292,0,0,0,0.017411,0.453622,3.840059,3103000,18439.0
3104,1000,37.2243,8,0.16,,1,0,4,1.4142,0,60,0,0.017033,0.492824,3.456656,3104000,18447.5
3105,1000,74.4745,11,0.22,,1,0,4,1.6394,0,54,0,0.017189,0.752304,3.721237,3105000,18455.8
3106,1000,90.9882,12,0.24,,1,0,5,1.8708,0,0,0,0.017206,2.600138,3.874377,3106000,18463.9
3107,1000,55.1611,12,0.24,,1,0,4,1.7321,0,0,0,0.017481,0.524997,4.78304,3107000,18471.9
3108,1000,14.5076,6,0.12,,1,0,3,1.118,0,0,0,0.017091,0.783483,4.153067,3108000,18480.0
3109,1000,32.6802,8,0.16,,1,0,4,1.5811,0,0,0,0.017383,0.721011,3.77372,3109000,18487.8
3110,1000,72.6672,9,0.18,,1,0,5,1.9203,1,229,0,0.017357,0.423081,4.382636,3110000,18495.9
3111,1000,45.5335,8,0.16,,1,0,3,1.2247,0,0,0,0.017239,0.509209,4.941125,3111000,18503.6
3112,1000,66.6492,10,0.2,,0,1,3,0.866,0,145,0,0.017643,0.701785,3.987944,3112000,18511.4
3113,1000,76.7309,10,0.2,,1,0,4,1.5,0,23,0,0.01727,0.543318,3.939983,3113000,18519.3
3114,1000,75.0686,10,0.2,,1,0,4,1.5,0,0,0,0.017254,0.686608,4.021264,3114000,18527.4
3115,1000,31.382,9,0.18,,1,0,3,1.299,0,2,0,0.016983,1.028051,3.377512,3115000,18535.5
3116,1000,25.8897,8,0.16,,1,0,3,1.2247,0,0,0,0.016866,0.614556,3.832111,3116000,18543.6
3117,1000,69.2734,10,0.2,,1,0,4,1.5,0,0,0,0.016853,0.549996,3.847149,3117000,18551.8
3118,1000,44.0921,8,0.16,,1,0,3,1.2247,0,0,0,0.016915,3.077294,4.107792,3118000,18559.8
3119,1000,19.2659,6,0.12,,1,0,3,1.118,0,0,0,0.017097,1.149683,4.799459,3119000,18567.9
3120,1000,-0.0456,6,0.12,,1,0,2,0.866,0,0,0,0.017109,0.54856,4.280169,3120000,18575.9
3121,1000,136.3356,13,0.26,,1,0,5,1.9203,1,0,0,0.017103,0.881359,4.608232,3121000,18584.1
3122,1000,57.3127,10,0.2,,1,0,4,1.6583,0,0,0,0.016899,0.861205,4.311832,3122000,18592.3
3123,1000,44.017,10,0.2,,1,0,4,1.5,0,0,0,0.016731,0.493422,4.639745,3123000,18600.2
3124,1000,34.9471,8,0.16,,1,0,4,1.4142,0,0,0,0.016767,0.581152,5.095392,3124000,18608.1
3125,1000,16.7312,8,0.16,,1,0,3,1.2247,0,3,0,0.016449,0.777551,4.249191,3125000,18616.5
3126,1000,86.9108,11,0.22,,1,0,5,1.7854,1,6,0,0.016259,0.502181,4.464825,3126000,18624.6
3127,1000,39.9159,9,0.18,,1,0,4,1.7854,0,0,0,0.015959,0.671658,3.800677,3127000,18632.3
3128,1000,122.5923,12,0.24,,1,0,5,2.1213,1,0,0,0.015964,0.695639,3.426517,3128000,18640.3
3129,1000,133.7105,13,0.26,,1,0,5,1.9203,1,0,0,0.015575,0.483654,3.968156,3129000,18648.6
3130,1000,22.4222,6,0.12,,1,0,3,1.118,0,0,0,0.015706,0.735794,4.966145,3130000,18656.6
3131,1000,55.9908,11,0.22,,1,0,4,1.6394,0,0,0,0.016065,0.534109,4.097897,3131000,18665.3
3132,1000,105.3413,14,0.28,,1,0,5,2.0616,0,0,0,0.015976,1.227993,3.821558,3132000,18673.3
3133,1000,94.3373,12,0.24,,1,0,5,1.8708,0,0,0,0.016105,0.649531,4.453884,3133000,18681.3
3134,1000,29.5262,8,0.16,,1,0,3,1.2247,0,0,0,0.015898,1.281986,3.664157,3134000,18689.2
3135,1000,63.2497,10,0.2,,1,0,4,1.6583,0,328,0,0.015993,1.186532,4.576105,3135000,18697.0
3136,1000,50.2112,9,0.18,,1,0,4,1.479,0,0,0,0.015837,0.564293,4.393198,3136000,18705.0
3137,1000,52.9618,8,0.16,,1,0,4,1.4142,0,0,0,0.015652,0.510426,4.36498,3137000,18713.1
3138,1000,77.0189,11,0.22,,1,0,4,1.6394,0,0,0,0.015709,0.564125,3.4146,3138000,18721.6
3139,1000,18.5305,7,0.14,,1,0,3,1.299,0,137,0,0.015537,0.404727,3.833011,3139000,18730.2
3140,1000,95.035,12,0.24,,1,0,5,1.8708,0,0,0,0.015535,0.546654,3.954166,3140000,18739.3
3141,1000,90.8793,12,0.24,,1,0,5,1.8708,0,0,0,0.015401,0.537236,3.803821,3141000,18748.1
3142,1000,47.7243,9,0.18,,1,0,3,1.299,0,187,0,0.015368,0.541271,3.665731,3142000,18756.9
3143,1000,152.0555,14,0.28,,1,0,5,2.0616,1,0,0,0.015301,0.484126,4.646804,3143000,18765.2
3144,1000,87.4685,11,0.22,,1,0,4,1.6394,0,0,0,0.015195,0.954766,3.912081,3144000,18773.8
3145,1000,80.6997,11,0.22,,1,0,4,1.6394,0,0,0,0.01518,1.613576,3.756835,3145000,18782.6
3146,1000,89.8561,12,0.24,,1,0,5,1.8708,0,0,0,0.014926,0.527916,4.292219,3146000,18791.4
3147,1000,107.5864,13,0.26,,1,0,5,1.9203,0,0,0,0.015047,0.635094,3.807844,3147000,18800.1
3148,1000,118.1661,14,0.28,,1,0,5,2.0616,0,107,0,0.015818,0.485769,4.4097,3148000,18808.5
3149,1000,62.8548,9,0.18,,1,0,3,1.299,0,0,0,0.015797,0.530678,3.36994,3149000,18817.0
3150,1000,124.857,12,0.24,,1,0,5,1.8708,1,0,0,0.015677,0.547176,3.809384,3150000,18825.0
3151,1000,98.6231,12,0.24,,1,0,5,1.8708,0,8,0,0.01595,0.401299,3.386353,3151000,18833.1
3152,1000,93.9397,12,0.24,,1,0,5,1.8708,0,0,0,0.015458,0.605762,3.917806,3152000,18841.2
3153,1000,158.6945,15,0.3,,1,0,6,2.2776,1,0,0,0.015044,0.68173,3.258138,3153000,18849.2
3154,1000,53.3471,11,0.22,,1,0,5,1.9203,0,0,0,0.014443,0.376238,4.275395,3154000,18857.5
3155,1000,54.4388,9,0.18,,2,0,5,2.2776,0,0,0,0.014315,0.865457,2.948051,3155000,18865.7
3156,1000,55.0744,11,0.22,,1,0,5,1.7854,0,0,0,0.014371,0.425988,4.806864,3156000,18873.8
3157,1000,53.958,9,0.18,,1,0,5,1.9203,0,0,0,0.014095,0.394535,3.76553,3157000,18881.9
3158,1000,24.6647,7,0.14,,1,0,4,1.479,0,0,0,0.014163,0.48074,4.296037,3158000,18889.8
3159,1000,-1.4888,7,0.14,,1,0,3,1.0897,0,0,0,0.013799,0.586092,4.153286,3159000,18897.6
3160,1000,13.0354,7,0.14,,1,0,3,1.299,0,0,0,0.01368,0.4722,3.604523,3160000,18905.3
3161,1000,74.0078,10,0.2,,1,0,4,1.5,0,0,0,0.01384,0.355465,3.687707,3161000,18913.3
3162,1000,60.2741,9,0.18,,1,0,5,1.9203,0,0,0,0.013972,0.791514,3.48507,3162000,18921.8
3163,1000,110.765,11,0.22,,1,0,5,1.7854,1,0,0,0.013877,0.422808,3.987661,3163000,18930.0
3164,1000,-29.4878,4,0.08,,2,0,2,1.0,0,0,0,0.013761,0.480256,3.826231,3164000,18938.2
3165,1000,67.3149,12,0.24,,1,0,4,1.7321,0,0,0,0.01339,0.474599,4.260259,3165000,18946.4
3166,1000,62.9125,10,0.2,,1,0,4,1.5,0,3,0,0.013405,0.625202,3.393179,3166000,18954.5
3167,1000,114.9016,14,0.28,,1,0,5,2.0616,0,0,0,0.013619,0.398053,3.33432,3167000,18962.6
3168,1000,29.2882,6,0.12,,2,0,4,1.6583,0,0,0,0.013645,0.412834,4.336114,3168000,18971.4
3169,1000,27.905,7,0.14,,1,0,3,1.0897,0,0,0,0.01387,0.419842,3.602636,3169000,18979.6
3170,1000,126.0999,14,0.28,,1,0,5,2.0616,0,0,0,0.013623,0.405175,3.838552,3170000,18988.0
3171,1000,39.1507,7,0.14,,2,0,5,2.0463,0,293,0,0.013716,0.857099,4.053837,3171000,18996.1
3172,1000,152.4348,14,0.28,,1,0,5,2.0616,1,0,0,0.013333,0.619247,3.510713,3172000,19004.2
3173,1000,97.9796,12,0.24,,1,0,5,1.8708,0,0,0,0.013402,0.478,3.763015,3173000,19012.2
3174,1000,142.9702,14,0.28,,1,0,5,2.0616,1,0,0,0.013611,0.552196,4.297132,3174000,19020.0
3175,1000,106.5357,14,0.28,,1,0,5,2.0616,0,0,0,0.013737,0.376349,4.713292,3175000,19027.8
3176,1000,80.3017,12,0.24,,1,0,4,1.7321,0,0,0,0.013347,0.455639,4.139322,3176000,19036.1
3177,1000,71.5938,11,0.22,,1,0,4,1.6394,0,0,0,0.013398,0.527741,3.577806,3177000,19044.2
3178,1000,94.8158,12,0.24,,1,0,5,1.8708,0,0,0,0.013284,0.506797,3.679146,3178000,19052.2
3179,1000,97.2001,12,0.24,,1,0,5,1.8708,0,0,0,0.013412,0.362084,3.917959,3179000,19060.3
3180,1000,76.2526,12,0.24,,1,0,5,1.8708,0,0,0,0.01356,0.986862,4.410882,3180000,19068.1
3181,1000,59.5868,9,0.18,,1,0,3,1.299,0,0,0,0.013528,0.409991,3.39543,3181000,19076.1
3182,1000,96.735,12,0.24,,1,0,5,1.8708,0,0,0,0.013414,0.467598,3.662315,3182000,19083.9
3183,1000,102.2182,12,0.24,,1,0,5,1.8708,0,20,0,0.013036,0.793674,3.741208,3183000,19092.2
3184,1000,93.2964,11,0.22,,1,0,5,1.7854,0,0,0,0.013103,0.329706,3.410102,3184000,19100.2
3185,1000,111.3076,14,0.28,,1,0,5,2.0616,0,0,0,0.012838,0.371063,2.694329,3185000,19108.4
3186,1000,77.1436,11,0.22,,1,0,4,1.6394,0,0,0,0.012827,0.400309,4.078984,3186000,19116.5
3187,1000,70.8003,12,0.24,,1,0,5,1.8708,0,0,0,0.012755,0.336423,4.072222,3187000,19124.5
3188,1000,83.0264,11,0.22,,1,0,4,1.6394,0,98,0,0.012802,0.344153,3.057891,3188000,19132.6
3189,1000,78.3551,11,0.22,,1,0,4,1.6394,0,0,0,0.012671,0.43451,2.364198,3189000,19140.4
3190,1000,110.5376,14,0.28,,1,0,5,2.0616,0,0,0,0.012529,0.429802,3.688165,3190000,19148.5
3191,1000,119.9695,14,0.28,,1,0,5,2.0616,0,0,0,0.012663,0.342616,3.641695,3191000,19156.3
3192,1000,77.8938,11,0.22,,1,0,4,1.6394,0,0,0,0.012496,0.512793,2.775398,3192000,19165.1
3193,1000,58.9732,9,0.18,,1,0,4,1.479,0,0,0,0.012471,0.283497,2.723006,3193000,19174.0
3194,1000,79.578,11,0.22,,1,0,5,1.9203,0,0,0,0.012325,0.395671,3.325537,3194000,19182.6
3195,1000,98.722,14,0.28,,1,0,5,2.0616,0,0,0,0.012337,0.37403,3.881125,3195000,19191.3
3196,1000,70.2967,11,0.22,,1,0,5,1.9203,0,0,0,0.012178,0.465802,2.940677,3196000,19199.5
3197,1000,116.6841,12,0.24,,1,0,5,1.8708,1,0,0,0.01204,0.400231,3.05107,3197000,19207.5
3198,1000,54.5911,9,0.18,,1,0,4,1.479,0,0,0,0.011907,0.345132,3.651638,3198000,19215.5
3199,1000,44.4497,10,0.2,,1,0,5,1.8028,0,0,0,0.011974,0.868165,2.445387,3199000,19223.6
3200,1000,57.969,8,0.16,,1,0,3,1.2247,0,0,0,0.01173,0.293464,2.513135,3200000,19231.8
3201,1000,103.9559,13,0.26,,1,0,5,1.9203,0,0,0,0.011777,0.554086,3.342917,3201000,19239.9
3202,1000,104.2894,13,0.26,,1,0,5,1.9203,0,0,0,0.01209,0.349578,2.831994,3202000,19248.6
3203,1000,65.4816,10,0.2,,1,0,4,1.5,0,0,0,0.011499,0.330012,3.464612,3203000,19257.4
3204,1000,131.5951,14,0.28,,1,0,5,2.0616,1,0,0,0.011072,0.345424,2.605208,3204000,19265.8
3205,1000,138.7287,13,0.26,,1,0,5,1.9203,1,0,0,0.011177,0.35,2.825427,3205000,19273.9
3206,1000,73.0354,13,0.26,,1,0,5,2.0463,0,16,0,0.011215,0.341103,3.093179,3206000,19282.1
3207,1000,62.8056,10,0.2,,1,0,4,1.5,0,0,0,0.011088,0.230662,3.016563,3207000,19290.6
3208,1000,76.8876,11,0.22,,1,0,4,1.6394,0,0,0,0.0109,0.570558,2.704706,3208000,19298.8
3209,1000,18.7282,7,0.14,,1,0,3,1.299,0,0,0,0.010868,0.209107,2.655366,3209000,19306.8
3210,1000,41.7129,9,0.18,,1,0,3,1.299,0,0,0,0.01081,0.235735,2.882009,3210000,19315.2
3211,1000,101.7878,11,0.22,,1,0,5,2.2776,1,0,0,0.011004,0.282882,2.932784,3211000,19323.2
3212,1000,79.5494,10,0.2,,1,0,5,1.8028,0,0,0,0.010641,0.262788,2.753871,3212000,19331.1
3213,1000,57.8006,9,0.18,,1,0,4,1.479,0,0,0,0.010869,0.252152,3.405358,3213000,19339.3
3214,1000,94.2694,12,0.24,,1,0,5,1.8708,0,0,0,0.010698,0.216604,2.360416,3214000,19347.7
3215,1000,86.6472,13,0.26,,1,0,5,2.0463,0,0,0,0.010797,0.242867,2.234091,3215000,19356.0
3216,1000,62.4702,9,0.18,,1,0,3,1.299,0,0,0,0.010405,0.30741,2.703446,3216000,19364.0
3217,1000,116.9132,12,0.24,,1,0,5,1.8708,1,0,0,0.010275,0.311768,2.370576,3217000,19372.7
3218,1000,70.1762,11,0.22,,1,0,4,1.6394,0,0,0,0.010151,0.226388,2.073353,3218000,19380.7
3219,1000,72.9339,12,0.24,,1,0,4,1.7321,0,59,0,0.009914,0.25236,2.929767,3219000,19387.0
3220,1000,89.8526,14,0.28,,1,0,5,2.0616,0,0,0,0.009825,0.233205,2.779151,3220000,19392.9
3221,1000,84.8154,12,0.24,,1,0,5,1.8708,0,0,0,0.010034,0.251926,2.566576,3221000,19399.1
3222,1000,42.3415,9,0.18,,1,0,4,1.479,0,58,0,0.009982,0.243254,3.03939,3222000,19406.5
3223,1000,144.0849,13,0.26,,1,0,5,1.9203,1,1,0,0.010018,0.46891,2.306575,3223000,19414.6
3224,1000,72.0416,11,0.22,,1,0,4,1.6394,0,0,0,0.009544,0.201548,2.967141,3224000,19422.5
3225,1000,76.7367,12,0.24,,1,0,4,1.7321,0,0,0,0.009734,0.220404,2.804445,3225000,19430.5
3226,1000,83.7367,11,0.22,,1,0,4,1.6394,0,0,0,0.009602,0.187896,2.581029,3226000,19438.7
3227,1000,87.7293,12,0.24,,1,0,4,1.7321,0,14,0,0.009519,0.191067,2.949918,3227000,19446.9
3228,1000,113.1456,14,0.28,,1,0,5,2.0616,0,62,0,0.009689,0.197997,3.605033,3228000,19455.2
3229,1000,104.2949,13,0.26,,1,0,5,1.9203,0,0,0,0.009815,0.247451,2.437814,3229000,19463.3
3230,1000,-4.0445,7,0.14,,1,0,3,1.0897,0,0,0,0.009671,0.714789,2.608376,3230000,19471.5
3231,1000,21.1364,6,0.12,,2,0,4,1.6583,0,0,0,0.009551,0.37813,2.79507,3231000,19479.5
3232,1000,0.6888,6,0.12,,1,0,3,1.118,0,0,0,0.009478,0.222602,3.033227,3232000,19487.8
3233,1000,1.2414,6,0.12,,1,0,3,1.118,0,0,0,0.009701,1.154612,2.598569,3233000,19495.7
3234,1000,-15.8756,5,0.1,,2,0,3,1.299,0,0,0,0.009853,0.425567,2.805515,3234000,19503.8
3235,1000,59.7928,10,0.2,,0,1,5,1.6583,0,34,0,0.009839,0.555658,3.067341,3235000,19512.4
3236,1000,32.758,8,0.16,,1,0,4,1.5811,0,0,0,0.010157,0.625057,2.629724,3236000,19521.1
3237,1000,45.1061,9,0.18,,1,0,3,1.299,0,0,0,0.010368,0.388963,3.177037,3237000,19529.8
3238,1000,28.0947,8,0.16,,2,0,5,2.1213,0,19,0,0.010146,0.24074,2.794131,3238000,19538.3
3239,1000,53.71,9,0.18,,1,0,4,1.7854,0,0,0,0.010306,0.244612,2.859745,3239000,19546.5
3240,1000,-1.5064,5,0.1,,1,0,3,1.0897,0,0,0,0.010133,0.211391,2.636469,3240000,19554.4
3241,1000,32.9477,7,0.14,,2,0,5,2.0463,0,0,0,0.010386,0.270178,3.512228,3241000,19562.2
3242,1000,33.9164,7,0.14,,1,0,3,1.299,0,0,0,0.010246,0.351012,3.043616,3242000,19569.8
3243,1000,64.4664,10,0.2,,1,0,4,1.6583,0,0,0,0.010085,0.202739,2.883691,3243000,19577.5
3244,1000,5.5477,6,0.12,,2,0,5,2.0616,0,0,0,0.01004,0.582889,2.939004,3244000,19585.3
3245,1000,36.5167,9,0.18,,2,0,5,2.2776,0,122,0,0.010105,0.667066,2.143763,3245000,19593.0
3246,1000,108.7316,14,0.28,,1,0,5,2.0616,0,0,0,0.010252,0.624278,2.851758,3246000,19601.0
3247,1000,108.6669,14,0.28,,1,0,5,2.0616,0,97,0,0.010183,0.302579,2.892181,3247000,19608.8
3248,1000,63.083,10,0.2,,1,0,4,1.5,0,2,0,0.010151,0.264928,1.804631,3248000,19616.7
3249,1000,36.543,8,0.16,,1,0,4,1.4142,0,162,0,0.010123,0.221864,2.692493,3249000,19624.6
3250,1000,101.3897,12,0.24,,1,0,5,1.8708,0,0,0,0.01027,0.220076,1.792121,3250000,19632.2
3251,1000,99.9196,13,0.26,,1,0,5,1.9203,0,0,0,0.010573,0.297355,2.933083,3251000,19639.9
3252,1000,140.8544,13,0.26,,1,0,5,2.0463,1,0,0,0.010356,0.214058,2.269667,3252000,19647.8
3253,1000,144.0199,14,0.28,,1,0,5,2.0616,1,33,0,0.010373,1.273596,1.965376,3253000,19655.6
3254,1000,107.5967,14,0.28,,1,0,5,2.0616,0,0,0,0.010392,0.227794,2.337581,3254000,19663.5
3255,1000,98.7601,12,0.24,,1,0,5,1.8708,0,0,0,0.010303,0.374783,2.826267,3255000,19671.4
3256,1000,71.0411,10,0.2,,1,0,4,1.5,0,0,0,0.010403,0.338202,2.671011,3256000,19679.5
3257,1000,55.9297,9,0.18,,1,0,4,1.479,0,0,0,0.010187,0.263566,2.392375,3257000,19688.0
3258,1000,21.0598,9,0.18,,1,0,5,1.9203,0,0,0,0.01026,0.212339,2.801273,3258000,19696.2
3259,1000,97.3914,13,0.26,,1,0,5,1.9203,0,0,0,0.010349,0.315014,2.467781,3259000,19704.2
3260,1000,141.8628,13,0.26,,1,0,5,2.0463,1,0,0,0.010136,0.369104,2.752838,3260000,19712.1
3261,1000,66.677,10,0.2,,1,0,4,1.5,0,0,0,0.01022,0.257385,3.184306,3261000,19719.9
3262,1000,81.3972,13,0.26,,1,0,5,1.9203,0,0,0,0.010414,0.345311,2.694313,3262000,19727.9
3263,1000,94.9372,13,0.26,,1,0,5,1.9203,0,72,0,0.010306,0.340513,2.322838,3263000,19735.9
3264,1000,119.3251,14,0.28,,1,0,5,2.0616,0,48,0,0.010543,0.283694,2.473931,3264000,19743.5
3265,1000,80.1597,11,0.22,,1,0,4,1.6394,0,0,0,0.010481,0.290466,3.13978,3265000,19751.3
3266,1000,20.2832,10,0.2,,1,0,4,1.5,0,0,0,0.010464,0.222677,2.330432,3266000,19759.4
3267,1000,-8.452,3,0.06,,1,0,1,0.433,0,0,0,0.010352,0.258592,2.411868,3267000,19767.3
3268,1000,14.8013,7,0.14,,1,0,3,1.299,0,0,0,0.010708,0.715693,1.506319,3268000,19775.6
3269,1000,-4.9293,4,0.08,,2,0,2,1.0,0,0,0,0.010763,0.835585,1.201935,3269000,19784.0
3270,1000,5.0135,3,0.06,,3,0,3,1.299,0,2,0,0.011,0.365536,2.004947,3270000,19791.8
3271,1000,-18.1841,2,0.04,,2,0,1,0.5,0,0,0,0.011411,0.256319,2.238604,3271000,19799.7
3272,1000,9.6173,4,0.08,,1,0,2,0.7071,0,78,0,0.011544,0.331684,1.751208,3272000,19807.4
3273,1000,2.0973,3,0.06,,2,0,2,0.8292,0,0,0,0.011483,0.504542,1.612318,3273000,19815.2
3274,1000,53.3702,7,0.14,,1,0,3,1.0897,0,0,0,0.011318,0.527513,1.961866,3274000,19822.9
3275,1000,18.5851,4,0.08,,1,0,2,0.7071,0,0,0,0.011201,1.362617,1.315362,3275000,19830.8
3276,1000,107.9321,13,0.26,,1,0,5,1.9203,0,54,0,0.011486,0.264881,2.226367,3276000,19838.6
3277,1000,57.6047,11,0.22,,1,0,4,1.6394,0,0,0,0.011172,1.261061,0.33619,3277000,19847.1
3278,1000,-4.9623,3,0.06,,2,0,2,0.8292,0,0,0,0.011354,0.267502,1.68948,3278000,19855.5
3279,1000,152.2808,14,0.28,,1,0,5,2.0616,1,40,0,0.011431,0.260475,1.748595,3279000,19863.3
3280,1000,52.4766,10,0.2,,1,0,4,1.6583,0,2,0,0.011408,0.368896,1.8843,3280000,19871.1
3281,1000,123.5274,15,0.3,,1,0,5,2.1651,0,500,0,0.011491,0.308169,0.769627,3281000,19878.8
3282,1000,92.6843,12,0.24,,1,0,5,1.8708,0,0,0,0.01174,0.245929,1.303341,3282000,19886.7
3283,1000,81.9549,13,0.26,,1,0,5,1.9203,0,0,0,0.01143,0.548507,1.674712,3283000,19894.5
3284,1000,121.3654,14,0.28,,1,0,5,2.0616,0,0,0,0.011128,0.329141,0.868582,3284000,19902.5
3285,1000,37.8346,6,0.12,,1,0,3,1.118,0,0,0,0.011312,0.324707,1.343896,3285000,19910.9
3286,1000,79.1063,11,0.22,,1,0,5,1.7854,0,18,0,0.011162,0.254335,1.00726,3286000,19919.1
3287,1000,97.3636,13,0.26,,1,0,5,1.9203,0,104,0,0.010979,0.678562,1.158653,3287000,19927.6
3288,1000,132.0432,13,0.26,,1,0,5,1.9203,1,0,0,0.011031,0.450343,0.754846,3288000,19935.9
3289,1000,125.9979,15,0.3,,1,0,5,2.1651,0,0,0,0.011102,0.2397,1.931061,3289000,19943.8
3290,1000,101.6198,13,0.26,,1,0,5,2.0463,0,0,0,0.011225,0.444414,1.143583,3290000,19951.8
3291,1000,46.9695,8,0.16,,1,0,3,1.2247,0,10,0,0.011346,1.116576,1.172288,3291000,19959.9
3292,1000,110.2599,12,0.24,,1,0,5,1.8708,0,27,0,0.011095,1.231891,1.104597,3292000,19967.8
3293,1000,143.4327,13,0.26,,1,0,5,2.0463,1,0,0,0.011362,0.302749,0.951344,3293000,19975.6
3294,1000,64.1006,11,0.22,,1,0,5,1.7854,0,0,0,0.011364,0.303205,1.591359,3294000,19983.5
3295,1000,-66.0193,2,0.04,,3,0,2,0.866,0,0,0,0.011528,0.229222,1.37612,3295000,19991.6
3296,1000,90.0177,11,0.22,,1,0,4,1.6394,0,27,0,0.011568,0.675531,1.327414,3296000,19999.6
3297,1000,106.766,12,0.24,,1,0,5,1.8708,0,0,0,0.011367,0.296302,0.622765,3297000,20007.5
3298,1000,111.6992,13,0.26,,1,0,6,2.1651,1,0,0,0.011523,0.289034,2.233125,3298000,20015.5
3299,1000,118.198,13,0.26,,1,0,5,2.0463,1,0,0,0.01187,0.279984,0.551257,3299000,20023.4
3300,1000,161.4493,15,0.3,,1,0,5,2.1651,1,0,0,0.011725,0.290179,1.399309,3300000,20031.7
3301,1000,68.1725,12,0.24,,1,0,5,1.8708,0,0,0,0.011691,0.282136,1.787154,3301000,20040.1
3302,1000,45.7497,9,0.18,,1,0,4,1.479,0,0,0,0.011706,0.311881,1.20845,3302000,20048.3
3303,1000,73.5487,13,0.26,,1,0,5,1.9203,0,2,0,0.01173,1.213005,0.751835,3303000,20056.6
3304,1000,123.2938,13,0.26,,1,0,5,2.0463,1,0,0,0.011776,0.241967,1.369802,3304000,20064.4
3305,1000,-16.9014,9,0.18,,1,0,3,1.299,0,0,0,0.011702,0.327074,1.753593,3305000,20072.2
3306,1000,95.0552,13,0.26,,1,0,5,2.0463,0,0,0,0.011535,0.293668,2.518907,3306000,20080.2
3307,1000,138.5893,15,0.3,,1,0,5,2.1651,1,0,0,0.011696,0.454833,1.858703,3307000,20088.3
3308,1000,101.7165,12,0.24,,1,0,5,1.8708,0,0,0,0.011769,0.471964,1.575683,3308000,20097.1
3309,1000,56.0749,10,0.2,,1,0,4,1.5,0,0,0,0.011481,0.32209,2.026464,3309000,20105.8
3310,1000,141.3657,14,0.28,,1,0,5,2.0616,1,6,0,0.01148,0.364146,2.306472,3310000,20114.3
3311,1000,180.1537,14,0.28,,1,0,5,2.0616,2,0,0,0.011525,0.246318,0.704084,3311000,20122.8
3312,1000,87.2016,13,0.26,,1,0,5,1.9203,0,0,0,0.011464,0.231344,1.402682,3312000,20131.3
3313,1000,113.9996,13,0.26,,1,0,5,1.9203,1,0,0,0.011102,0.238614,1.157578,3313000,20140.0
3314,1000,170.8938,15,0.3,,1,0,5,2.1651,2,0,0,0.011359,0.293422,2.086035,3314000,20148.6
3315,1000,72.6641,11,0.22,,1,0,4,1.6394,0,0,0,0.011424,0.304672,1.610722,3315000,20156.5
3316,1000,51.4232,11,0.22,,1,0,5,1.7854,0,0,0,0.011498,0.210463,1.982064,3316000,20164.6
3317,1000,43.181,11,0.22,,1,0,5,1.7854,0,0,0,0.011494,0.285432,2.012071,3317000,20172.6
3318,1000,124.4428,13,0.26,,1,0,5,1.9203,1,106,0,0.011308,0.244358,1.360082,3318000,20180.8
3319,1000,83.1941,12,0.24,,1,0,5,1.8708,0,0,0,0.011667,0.240981,2.422114,3319000,20188.9
3320,1000,28.816,10,0.2,,1,0,4,1.5,0,0,0,0.011642,0.280808,1.547615,3320000,20197.2
3321,1000,0.9175,7,0.14,,1,0,3,1.0897,0,0,0,0.011771,0.478777,1.84591,3321000,20205.2
3322,1000,58.2628,8,0.16,,1,0,4,1.4142,0,0,0,0.012026,0.394168,1.646333,3322000,20213.3
3323,1000,99.288,12,0.24,,1,0,5,1.8708,1,0,0,0.011856,0.340249,2.477685,3323000,20221.6
3324,1000,110.0268,14,0.28,,1,0,5,2.0616,0,389,0,0.011596,0.346196,2.351613,3324000,20229.5
3325,1000,78.5886,13,0.26,,1,0,5,1.9203,0,0,0,0.011491,0.301503,1.634798,3325000,20237.3
3326,1000,113.2018,14,0.28,,1,0,5,2.0616,0,378,0,0.011459,0.539022,2.500167,3326000,20245.2
3327,1000,75.8078,11,0.22,,1,0,5,1.7854,1,0,0,0.011714,0.227287,1.48563,3327000,20253.1
3328,1000,144.8238,14,0.28,,1,0,5,2.0616,1,0,0,0.01165,0.238442,2.557086,3328000,20260.9
3329,1000,121.1489,14,0.28,,1,0,5,2.0616,0,0,0,0.011659,0.213754,1.724587,3329000,20268.6
3330,1000,16.8643,7,0.14,,1,0,3,1.299,0,0,0,0.011537,0.320194,1.627982,3330000,20276.3
3331,1000,159.7672,15,0.3,,0,1,5,1.6394,1,0,0,0.01137,0.426746,1.750681,3331000,20284.4
3332,1000,99.7074,12,0.24,,1,0,5,1.8708,0,36,0,0.011516,0.283468,2.37548,3332000,20292.8
3333,1000,107.0429,13,0.26,,1,0,5,1.9203,1,0,0,0.011184,0.253626,0.814421,3333000,20300.6
3334,1000,92.2063,12,0.24,,1,0,5,1.8708,0,18,0,0.011224,0.303958,1.476034,3334000,20308.3
3335,1000,82.3487,13,0.26,,1,0,5,2.0463,0,32,0,0.011004,0.310826,2.015299,3335000,20316.1
3336,1000,110.1488,14,0.28,,1,0,5,2.0616,0,9,0,0.01062,0.261761,2.637241,3336000,20324.1
3337,1000,142.5551,15,0.3,,1,0,5,2.1651,0,0,0,0.010296,0.629652,2.045945,3337000,20331.9
3338,1000,108.0428,14,0.28,,1,0,5,2.0616,1,0,0,0.010114,0.255571,1.076584,3338000,20339.6
3339,1000,101.2696,12,0.24,,1,0,5,1.8708,0,0,0,0.010269,0.352242,1.302933,3339000,20347.5
3340,1000,159.632,15,0.3,,1,0,5,2.1651,1,0,0,0.010059,0.266502,2.243881,3340000,20355.6
3341,1000,122.1197,14,0.28,,1,0,5,2.0616,0,4,0,0.009902,0.189959,0.793801,3341000,20363.6
3342,1000,50.9372,9,0.18,,1,0,4,1.479,0,0,0,0.010003,0.303962,0.959918,3342000,20371.4
3343,1000,141.4553,14,0.28,,1,0,5,2.0616,1,17,0,0.009806,0.237731,2.03841,3343000,20379.4
3344,1000,193.1526,15,0.3,,1,0,5,2.1651,2,0,0,0.009809,0.470721,1.221124,3344000,20387.6
3345,1000,131.556,13,0.26,,1,0,5,2.0463,1,126,0,0.009581,0.931583,1.931575,3345000,20396.1
3346,1000,140.8947,14,0.28,,1,0,5,2.0616,1,107,0,0.009624,0.223188,2.173985,3346000,20404.7
3347,1000,153.2182,14,0.28,,1,0,5,2.0616,1,140,0,0.009566,0.21274,2.071837,3347000,20412.7
3348,1000,104.6903,13,0.26,,1,0,5,1.9203,1,0,0,0.009431,0.206983,1.626848,3348000,20420.6
3349,1000,145.8728,14,0.28,,1,0,5,2.0616,1,0,0,0.009427,0.773751,2.411698,3349000,20428.7
3350,1000,165.7342,14,0.28,,1,0,5,2.0616,2,238,0,0.009486,0.394399,1.810093,3350000,20436.6
3351,1000,94.1778,14,0.28,,1,0,5,2.0616,0,0,0,0.00952,0.260183,2.119793,3351000,20444.7
3352,1000,101.2635,12,0.24,,1,0,5,1.8708,1,0,0,0.009223,0.185487,1.623389,3352000,20452.7
3353,1000,94.629,12,0.24,,1,0,4,1.7321,0,0,0,0.00916,0.22076,0.639071,3353000,20460.6
3354,1000,150.3215,14,0.28,,1,0,5,2.0616,1,239,0,0.009399,0.198358,1.331533,3354000,20468.8
3355,1000,132.024,14,0.28,,1,0,5,2.0616,1,188,0,0.009348,0.185536,1.48913,3355000,20476.7
3356,1000,174.2741,14,0.28,,1,0,5,2.0616,2,0,0,0.009092,0.340171,1.06617,3356000,20484.5
3357,1000,165.7183,15,0.3,,1,0,5,2.1651,2,0,0,0.009137,0.259189,1.022679,3357000,20492.4
3358,1000,95.0923,13,0.26,,1,0,5,1.9203,0,0,0,0.008942,0.172967,0.830239,3358000,20500.1
3359,1000,115.7034,13,0.26,,1,0,5,1.9203,0,0,0,0.008956,0.202857,1.276958,3359000,20508.1
3360,1000,139.2418,13,0.26,,1,0,5,1.9203,1,0,0,0.008889,0.169122,1.692749,3360000,20516.4
3361,1000,-54.2768,3,0.06,,1,0,1,0.433,0,225,0,0.009253,0.261451,0.787388,3361000,20524.4
3362,1000,-34.1596,7,0.14,,1,0,3,1.0897,0,0,0,0.009203,0.179366,1.959644,3362000,20532.4
3363,1000,28.4072,6,0.12,,1,0,2,0.866,0,0,0,0.00909,0.197238,1.813365,3363000,20540.7
3364,1000,40.5606,8,0.16,,1,0,3,1.2247,0,0,0,0.009191,0.178481,2.094226,3364000,20548.6
3365,1000,124.5168,14,0.28,,1,0,5,2.0616,0,2,0,0.00922,0.274582,2.661705,3365000,20556.3
3366,1000,49.0919,9,0.18,,1,0,3,1.299,0,0,0,0.009069,0.196622,1.988207,3366000,20564.2
3367,1000,143.1713,14,0.28,,1,0,5,2.0616,1,0,0,0.009404,0.25196,2.151289,3367000,20571.9
3368,1000,176.2173,14,0.28,,1,0,5,2.0616,2,0,0,0.00906,0.208484,2.348023,3368000,20580.1
3369,1000,185.3527,14,0.28,,1,0,5,2.0616,2,0,0,0.009161,0.196045,2.599787,3369000,20588.2
3370,1000,154.8599,14,0.28,,1,0,5,2.0616,1,48,0,0.008846,0.197151,1.83965,3370000,20596.2
3371,1000,228.928,15,0.3,,1,0,5,2.1651,3,0,0,0.00879,0.167593,1.944866,3371000,20604.4
3372,1000,118.0592,14,0.28,,1,0,5,2.0616,0,0,0,0.008661,0.199392,2.386222,3372000,20612.1
3373,1000,148.9608,14,0.28,,1,0,5,2.0616,1,6,0,0.008331,0.367395,3.466497,3373000,20620.3
3374,1000,150.0037,14,0.28,,1,0,5,2.0616,1,0,0,0.008238,0.161042,2.5603,3374000,20628.5
3375,1000,125.7375,14,0.28,,1,0,5,2.0616,0,79,0,0.00827,0.187996,3.301918,3375000,20636.6
3376,1000,178.7891,14,0.28,,1,0,5,2.0616,2,0,0,0.008013,0.161093,2.704327,3376000,20644.5
3377,1000,167.7362,15,0.3,,1,0,5,2.1651,1,20,0,0.008061,0.667399,2.611156,3377000,20652.5
3378,1000,57.4992,9,0.18,,1,0,4,1.479,0,0,0,0.008008,0.238619,2.725356,3378000,20660.5
3379,1000,159.751,14,0.28,,1,0,5,2.0616,1,0,0,0.008008,0.166592,2.832298,3379000,20668.1
3380,1000,93.3128,11,0.22,,1,0,4,1.6394,0,0,0,0.007904,0.153855,2.587336,3380000,20676.2
3381,1000,27.018,6,0.12,,1,0,3,1.118,0,4,0,0.007833,0.498701,2.120993,3381000,20684.5
3382,1000,121.8071,14,0.28,,1,0,5,2.0616,0,0,0,0.007886,0.141909,2.401417,3382000,20692.2
3383,1000,149.1234,14,0.28,,1,0,5,2.0616,1,11,0,0.008064,0.179229,3.378061,3383000,20700.2
3384,1000,183.9343,14,0.28,,1,0,5,2.0616,2,3,0,0.008143,0.209158,3.281065,3384000,20708.1
3385,1000,28.9954,8,0.16,,1,0,3,1.2247,0,0,0,0.007996,0.128873,3.465483,3385000,20715.9
3386,1000,21.6371,9,0.18,,1,0,4,1.479,0,0,0,0.008045,0.16239,2.17797,3386000,20723.8
3387,1000,59.5778,9,0.18,,1,0,5,1.9203,1,0,0,0.007949,0.167984,2.538997,3387000,20731.8
3388,1000,50.3823,8,0.16,,1,0,3,1.2247,0,5,0,0.008027,0.254408,3.379629,3388000,20739.6
3389,1000,188.1862,16,0.32,,1,0,6,2.3452,1,19,0,0.007994,0.296351,2.715764,3389000,20747.3
3390,1000,120.1016,14,0.28,,1,0,5,2.0616,0,52,0,0.008011,0.129658,3.007159,3390000,20755.4
3391,1000,-23.485,7,0.14,,1,0,4,1.479,0,0,0,0.008146,0.12982,3.025903,3391000,20763.5
3392,1000,12.3832,8,0.16,,1,0,4,1.5811,0,0,0,0.008099,0.207385,2.716208,3392000,20771.4
3393,1000,134.1476,15,0.3,,1,0,5,2.1651,0,0,0,0.008148,0.176853,2.439645,3393000,20779.3
3394,1000,82.4584,12,0.24,,1,0,4,1.7321,0,0,0,0.007787,0.230694,2.414711,3394000,20787.1
3395,1000,59.9131,9,0.18,,1,0,5,1.9203,0,0,0,0.007918,0.136421,2.716302,3395000,20794.9
3396,1000,65.9921,11,0.22,,1,0,4,1.6394,0,0,0,0.007861,0.611004,3.42957,3396000,20802.6
3397,1000,152.2431,14,0.28,,1,0,5,2.0616,1,0,0,0.007892,0.36295,3.4748,3397000,20810.6
3398,1000,149.1225,14,0.28,,1,0,5,2.0616,1,0,0,0.008062,0.308982,3.413219,3398000,20818.9
3399,1000,165.8896,15,0.3,,1,0,5,2.1651,1,34,0,0.007866,0.245982,1.886617,3399000,20826.8
3400,1000,58.224,9,0.18,,1,0,4,1.479,0,182,0,0.008059,0.28517,3.757358,3400000,20834.7
3401,1000,67.2669,9,0.18,,1,0,4,1.479,0,0,0,0.00805,0.437378,2.446611,3401000,20843.3
3402,1000,182.7422,14,0.28,,1,0,5,2.0616,2,2,0,0.00809,0.589667,3.784835,3402000,20851.1
3403,1000,12.607,8,0.16,,1,0,4,1.4142,0,0,0,0.008147,0.173367,3.73606,3403000,20859.5
3404,1000,161.8104,14,0.28,,1,0,5,2.0616,2,1,0,0.008207,0.183594,2.959807,3404000,20867.8
3405,1000,199.5678,15,0.3,,1,0,5,2.1651,2,11,0,0.008309,0.307652,2.53159,3405000,20876.2
3406,1000,108.5592,14,0.28,,1,0,5,2.0616,0,152,0,0.00824,0.166938,3.182573,3406000,20884.4
3407,1000,110.3861,14,0.28,,1,0,5,2.0616,0,560,0,0.008306,1.08655,2.66705,3407000,20892.6
3408,1000,-14.7947,5,0.1,,2,0,3,1.299,0,0,0,0.008483,0.193184,3.502375,3408000,20900.7
3409,1000,197.2179,15,0.3,,1,0,5,2.1651,2,0,0,0.008504,0.229195,2.495202,3409000,20908.8
3410,1000,37.2664,9,0.18,,1,0,4,1.479,0,0,0,0.008513,0.175662,3.531727,3410000,20916.5
3411,1000,113.6949,14,0.28,,1,0,5,2.0616,0,84,0,0.008748,0.379327,3.2852,3411000,20924.3
3412,1000,172.7551,14,0.28,,1,0,5,2.0616,2,0,0,0.008814,0.301642,2.724576,3412000,20932.2
3413,1000,206.6669,15,0.3,,1,0,5,2.1651,3,0,0,0.008693,1.501668,3.387498,3413000,20940.4
3414,1000,157.1669,15,0.3,,1,0,5,2.1651,1,352,0,0.00857,0.52131,3.440912,3414000,20948.2
3415,1000,116.8771,14,0.28,,1,0,5,2.0616,0,453,0,0.008583,0.453813,3.3703,3415000,20956.2
3416,1000,124.7382,15,0.3,,1,0,5,2.1651,0,471,0,0.008563,0.246307,3.349782,3416000,20964.1
3417,1000,157.8817,15,0.3,,1,0,5,2.1651,1,40,0,0.008273,0.197201,4.320935,3417000,20972.0
3418,1000,149.7087,14,0.28,,1,0,5,2.0616,1,0,0,0.008439,0.258064,3.442718,3418000,20980.2
3419,1000,-7.9108,4,0.08,,2,0,3,1.2247,0,280,0,0.008619,0.295175,3.216359,3419000,20988.5
3420,1000,158.5322,14,0.28,,1,0,5,2.0616,1,0,0,0.008577,0.168823,3.081545,3420000,20996.6
3421,1000,147.9033,14,0.28,,1,0,5,2.0616,1,632,0,0.008442,0.209269,3.443236,3421000,21004.8
3422,1000,64.5689,10,0.2,,1,0,4,1.5,0,0,0,0.008231,0.187871,2.683413,3422000,21013.2
3423,1000,193.1755,14,0.28,,1,0,5,2.0616,2,0,0,0.00815,0.198999,3.140298,3423000,21021.2
3424,1000,172.8651,15,0.3,,1,0,5,2.1651,1,29,0,0.008052,0.180925,2.942248,3424000,21029.3
3425,1000,202.6409,15,0.3,,1,0,5,2.1651,3,0,0,0.008268,0.188937,2.499059,3425000,21037.3
3426,1000,154.6123,14,0.28,,1,0,5,2.0616,1,99,0,0.00828,0.317414,3.764179,3426000,21045.5
3427,1000,97.6814,11,0.22,,1,0,5,1.7854,0,0,0,0.00841,0.188717,3.881019,3427000,21053.5
3428,1000,178.8814,15,0.3,,1,0,5,2.1651,1,0,0,0.008298,0.213514,2.336981,3428000,21061.5
3429,1000,164.1572,14,0.28,,1,0,5,2.0616,2,105,0,0.008424,1.252596,3.415498,3429000,21069.6
3430,1000,48.8054,11,0.22,,1,0,4,1.6394,0,0,0,0.008333,0.156436,3.084613,3430000,21077.5
3431,1000,57.855,9,0.18,,1,0,3,1.299,0,280,0,0.008258,0.141412,2.669352,3431000,21085.4
3432,1000,174.2873,13,0.26,,1,0,5,2.0463,2,9,0,0.008436,0.462683,3.312034,3432000,21093.4
3433,1000,101.5876,14,0.28,,1,0,5,2.0616,0,508,0,0.008725,0.198069,3.10504,3433000,21101.3
3434,1000,191.1814,14,0.28,,1,0,5,2.0616,2,1,0,0.00841,0.201353,2.785771,3434000,21109.4
3435,1000,159.8099,14,0.28,,1,0,5,2.0616,1,0,0,0.008509,0.251914,2.951878,3435000,21118.0
3436,1000,175.417,14,0.28,,1,0,5,2.0616,2,0,0,0.008314,0.223201,3.512202,3436000,21126.0
3437,1000,158.2094,14,0.28,,1,0,5,2.0616,2,0,0,0.008311,0.221981,3.233464,3437000,21134.2
3438,1000,149.5196,14,0.28,,1,0,5,2.0616,2,0,0,0.008227,0.166865,2.222393,3438000,21142.3
3439,1000,180.8746,14,0.28,,1,0,5,2.0616,2,0,0,0.008167,0.560836,2.634692,3439000,21150.6
3440,1000,168.6168,14,0.28,,1,0,5,2.0616,2,1,0,0.007738,0.199809,2.109192,3440000,21158.4
3441,1000,187.9901,15,0.3,,1,0,5,2.1651,2,88,0,0.00793,0.351969,3.0858,3441000,21166.1
3442,1000,122.7045,13,0.26,,1,0,5,2.0463,1,1,0,0.00801,0.170544,2.836203,3442000,21174.2
3443,1000,149.484,14,0.28,,1,0,5,2.0616,2,0,0,0.008014,0.153265,3.249095,3443000,21182.0
3444,1000,43.7445,9,0.18,,1,0,5,1.7854,0,0,0,0.008218,0.198478,1.389556,3444000,21189.9
3445,1000,34.1723,8,0.16,,1,0,4,1.5811,0,0,0,0.008574,0.187688,2.594174,3445000,21198.0
3446,1000,150.3757,14,0.28,,1,0,5,2.0616,1,113,0,0.008642,0.137767,2.504303,3446000,21206.2
3447,1000,3.8135,4,0.08,,1,0,2,0.7071,0,0,0,0.009146,0.145553,2.855236,3447000,21214.5
3448,1000,91.8215,11,0.22,,1,0,5,1.7854,0,0,0,0.009384,0.208036,1.417914,3448000,21222.3
3449,1000,83.3873,10,0.2,,1,0,5,1.8028,0,0,0,0.009192,0.345573,1.987271,3449000,21230.4
3450,1000,240.6558,16,0.32,,1,0,6,2.3452,3,0,0,0.009252,0.456367,2.512199,3450000,21238.5
3451,1000,198.5584,15,0.3,,1,0,5,2.1651,2,0,0,0.009201,0.218873,3.050277,3451000,21246.5
3452,1000,129.1631,12,0.24,,1,0,5,1.8708,1,0,0,0.009039,0.202307,2.384172,3452000,21254.7
3453,1000,186.555,15,0.3,,1,0,5,2.1651,2,5,0,0.009073,0.255235,2.024549,3453000,21262.5
3454,1000,176.1344,14,0.28,,1,0,5,2.0616,2,0,0,0.009119,0.161791,2.127601,3454000,21270.1
3455,1000,177.0857,14,0.28,,1,0,5,2.0616,2,0,0,0.009117,0.18099,2.746819,3455000,21278.0
3456,1000,186.9082,14,0.28,,1,0,5,2.0616,2,0,0,0.008916,0.340873,2.837629,3456000,21285.8
3457,1000,76.9267,10,0.2,,1,0,4,1.6583,0,0,0,0.009096,0.405396,3.548434,3457000,21293.6
3458,1000,116.158,13,0.26,,1,0,5,1.9203,1,0,0,0.009135,0.213063,2.268437,3458000,21301.8
3459,1000,30.1347,9,0.18,,1,0,4,1.479,0,432,0,0.009309,0.175242,2.774675,3459000,21310.0
3460,1000,197.4866,15,0.3,,1,0,5,2.1651,2,0,0,0.009373,0.328812,1.854694,3460000,21318.0
3461,1000,115.002,11,0.22,,1,0,5,1.9203,1,0,0,0.008857,0.164952,2.890215,3461000,21326.3
3462,1000,60.998,9,0.18,,1,0,4,1.479,0,0,0,0.00879,0.278606,2.34816,3462000,21334.6
3463,1000,91.9448,12,0.24,,1,0,5,1.8708,0,0,0,0.008787,0.440409,3.269477,3463000,21343.3
3464,1000,187.3026,15,0.3,,1,0,6,2.2776,2,5,0,0.009067,0.374589,2.899019,3464000,21351.9
3465,1000,153.3519,14,0.28,,1,0,5,2.0616,2,0,0,0.009117,0.174497,2.423959,3465000,21360.2
3466,1000,183.8912,14,0.28,,1,0,5,2.0616,2,17,0,0.008654,0.138165,2.855386,3466000,21368.5
3467,1000,207.8511,16,0.32,,1,0,6,2.3452,2,0,0,0.008545,0.22681,2.482568,3467000,21376.8
3468,1000,185.4197,15,0.3,,1,0,5,2.1651,2,0,0,0.008578,0.161062,2.575083,3468000,21385.2
3469,1000,134.0952,14,0.28,,1,0,5,2.0616,0,4,0,0.008692,1.211075,1.881254,3469000,21393.3
3470,1000,168.1657,14,0.28,,1,0,5,2.0616,2,0,0,0.008831,0.264285,2.927589,3470000,21401.6
3471,1000,119.4163,13,0.26,,1,0,5,1.9203,0,1,0,0.008887,0.27376,2.04303,3471000,21409.8
3472,1000,148.7401,14,0.28,,1,0,5,2.0616,1,0,0,0.008821,0.148154,2.218843,3472000,21417.7
3473,1000,131.4687,12,0.24,,1,0,5,1.8708,1,1,0,0.008883,1.410352,2.352401,3473000,21425.8
3474,1000,167.1729,14,0.28,,1,0,5,2.0616,1,14,0,0.008876,0.2478,2.193818,3474000,21433.8
3475,1000,154.7357,14,0.28,,1,0,5,2.0616,1,31,0,0.008974,0.205927,2.301862,3475000,21441.9
3476,1000,169.0702,15,0.3,,1,0,5,2.1651,1,0,0,0.008833,0.195405,2.040358,3476000,21449.7
3477,1000,169.6474,15,0.3,,1,0,5,2.1651,1,0,0,0.00905,0.179987,2.422971,3477000,21457.5
3478,1000,142.873,14,0.28,,1,0,5,2.0616,1,15,0,0.008945,0.272884,1.663094,3478000,21465.5
3479,1000,79.0776,11,0.22,,1,0,4,1.6394,0,3,0,0.008796,0.217771,2.19044,3479000,21473.3
3480,1000,12.4426,7,0.14,,1,0,4,1.479,0,0,0,0.008976,0.2076,2.173473,3480000,21481.1
3481,1000,16.3705,5,0.1,,2,0,4,1.6394,0,0,0,0.009357,0.350357,1.989766,3481000,21489.0
3482,1000,180.8169,14,0.28,,1,0,5,2.0616,2,95,0,0.009415,0.195503,1.978328,3482000,21497.2
3483,1000,130.6764,14,0.28,,1,0,5,2.0616,0,210,0,0.009314,0.221437,2.228079,3483000,21505.4
3484,1000,140.2264,13,0.26,,1,0,5,1.9203,1,21,0,0.009359,0.737438,3.025354,3484000,21513.7
3485,1000,179.8209,14,0.28,,1,0,5,2.0616,2,199,0,0.009234,0.314601,2.113357,3485000,21521.7
3486,1000,122.5105,14,0.28,,1,0,5,2.0616,0,0,0,0.009219,0.537015,2.05295,3486000,21529.5
3487,1000,190.8658,15,0.3,,0,1,5,1.6394,2,136,0,0.009073,0.910012,1.663743,3487000,21537.4
3488,1000,161.2995,14,0.28,,1,0,5,2.0616,1,0,0,0.008975,0.172333,2.50241,3488000,21545.2
3489,1000,171.4892,13,0.26,,1,0,5,2.0463,2,0,0,0.008851,0.154727,2.789864,3489000,21553.4
3490,1000,151.8379,14,0.28,,1,0,5,2.0616,1,0,0,0.008863,0.259095,1.899455,3490000,21561.3
3491,1000,188.8054,15,0.3,,1,0,5,2.1651,2,0,0,0.008729,0.265518,0.76252,3491000,21569.0
3492,1000,200.9182,15,0.3,,1,0,5,2.1651,2,22,0,0.008731,0.329394,2.215739,3492000,21576.7
3493,1000,205.1555,15,0.3,,1,0,5,2.1651,2,0,0,0.008868,0.163863,1.531806,3493000,21584.5
3494,1000,6.7277,8,0.16,,1,0,4,1.4142,0,0,0,0.008916,0.243985,1.522032,3494000,21592.3
3495,1000,189.3839,14,0.28,,1,0,5,2.0616,2,0,0,0.008981,0.138631,2.450853,3495000,21600.1
3496,1000,210.9573,15,0.3,,1,0,5,2.1651,3,0,0,0.00872,0.325048,1.211745,3496000,21607.9
3497,1000,120.4061,12,0.24,,1,0,5,1.8708,1,60,0,0.008726,0.166842,1.672556,3497000,21615.7
3498,1000,35.7135,7,0.14,,1,0,3,1.299,0,177,0,0.009205,0.186845,2.7472,3498000,21623.7
3499,1000,161.5183,14,0.28,,1,0,5,2.0616,2,0,0,0.009081,0.152862,1.885911,3499000,21631.5
3500,1000,195.9914,16,0.32,,0,1,6,1.8708,2,222,0,0.008906,0.38483,1.980675,3500000,21639.7
3501,1000,78.148,11,0.22,,1,0,5,1.7854,0,14,0,0.008818,0.160296,2.215523,3501000,21647.8
3502,1000,66.7655,11,0.22,,1,0,4,1.6394,0,16,0,0.008988,0.388993,1.684657,3502000,21656.1
3503,1000,166.8644,14,0.28,,1,0,5,2.0616,2,0,0,0.009059,0.506125,1.045042,3503000,21664.2
3504,1000,112.808,14,0.28,,1,0,5,2.0616,0,828,0,0.009153,0.1767,0.83152,3504000,21672.3
3505,1000,146.6254,14,0.28,,1,0,5,2.0616,1,1,0,0.00919,1.299696,1.077222,3505000,21680.8
3506,1000,118.4756,14,0.28,,1,0,5,2.0616,0,354,0,0.009229,0.150448,-0.587785,3506000,21689.3
3507,1000,33.6343,7,0.14,,1,0,4,1.479,0,0,0,0.009041,0.222246,0.568762,3507000,21697.3
3508,1000,121.8057,14,0.28,,1,0,5,2.0616,2,0,0,0.00899,0.249692,1.269536,3508000,21705.3
3509,1000,-14.7267,5,0.1,,2,0,4,1.6394,0,0,0,0.009075,1.189217,1.313643,3509000,21713.3
3510,1000,122.2491,13,0.26,,1,0,5,1.9203,1,19,0,0.009101,0.214866,0.634135,3510000,21721.5
3511,1000,167.2695,14,0.28,,1,0,5,2.0616,2,282,0,0.008944,0.194497,1.444455,3511000,21730.1
3512,1000,16.5088,5,0.1,,2,0,3,1.299,0,0,0,0.008921,0.40225,1.395929,3512000,21738.6
3513,1000,10.2234,5,0.1,,2,0,3,1.299,0,1,0,0.009441,0.365948,1.012115,3513000,21746.5
3514,1000,1.9743,6,0.12,,1,0,3,1.118,0,0,0,0.009675,0.211496,0.485242,3514000,21754.3
3515,1000,46.1493,10,0.2,,1,0,5,1.8028,0,16,0,0.00998,0.328746,0.929723,3515000,21762.0
3516,1000,23.9302,8,0.16,,1,0,4,1.5811,0,0,0,0.010027,0.257263,1.421804,3516000,21769.9
3517,1000,80.4671,11,0.22,,1,0,4,1.6394,0,0,0,0.009922,0.260415,1.015966,3517000,21777.7
3518,1000,-4.4702,6,0.12,,2,0,3,1.5,0,0,0,0.009901,0.304512,0.921165,3518000,21785.8
3519,1000,169.0293,13,0.26,,1,0,5,2.0463,2,1,0,0.009505,0.288564,1.210036,3519000,21793.6
3520,1000,121.0352,15,0.3,,1,0,5,2.1651,0,78,0,0.009786,0.222243,0.773661,3520000,21801.4
3521,1000,40.7472,6,0.12,,2,0,3,1.5,0,0,0,0.009964,0.202044,1.532846,3521000,21809.3
3522,1000,100.4178,14,0.28,,1,0,5,2.0616,0,331,0,0.00981,3.32654,1.371284,3522000,21817.1
3523,1000,-27.4665,4,0.08,,2,0,3,1.2247,0,0,0,0.009961,0.186434,0.793988,3523000,21825.1
3524,1000,17.3368,8,0.16,,1,0,3,1.2247,0,0,0,0.009682,0.397387,1.158746,3524000,21833.0
3525,1000,151.3702,14,0.28,,1,0,5,2.0616,1,0,0,0.009886,0.284222,0.282053,3525000,21841.0
3526,1000,-35.7126,7,0.14,,1,0,5,1.9203,0,0,0,0.010197,0.270282,1.165073,3526000,21848.9
3527,1000,199.0624,15,0.3,,1,0,5,2.1651,2,186,0,0.010123,0.378579,0.984346,3527000,21856.6
3528,1000,228.2322,15,0.3,,1,0,5,2.1651,3,0,0,0.010131,0.248017,1.405996,3528000,21864.2
3529,1000,189.0225,14,0.28,,1,0,5,2.0616,2,76,0,0.010076,0.239356,0.613385,3529000,21871.9
3530,1000,184.3263,15,0.3,,1,0,5,2.1651,2,0,0,0.010298,0.249288,0.981684,3530000,21879.8
3531,1000,172.5775,15,0.3,,1,0,6,2.2776,1,139,0,0.009962,0.269059,1.206208,3531000,21887.7
3532,1000,15.7644,8,0.16,,2,0,4,2.0,0,0,0,0.009887,0.588944,0.661764,3532000,21896.0
3533,1000,183.0949,14,0.28,,1,0,5,2.0616,2,12,0,0.009968,1.360311,0.988814,3533000,21903.7
3534,1000,26.0291,7,0.14,,1,0,4,1.479,0,0,0,0.009937,0.301992,0.462205,3534000,21911.6
3535,1000,179.9601,14,0.28,,1,0,5,2.0616,2,0,0,0.01014,0.381877,1.456793,3535000,21919.3
3536,1000,189.5669,14,0.28,,1,0,5,2.0616,2,1,0,0.009932,0.326577,0.063731,3536000,21927.1
3537,1000,119.5878,13,0.26,,1,0,5,1.9203,0,1,0,0.009945,0.32124,0.486291,3537000,21935.3
3538,1000,157.3754,14,0.28,,1,0,5,2.0616,1,3,0,0.010109,0.178089,0.985057,3538000,21943.4
3539,1000,158.3657,14,0.28,,1,0,5,2.0616,1,106,0,0.010047,0.247191,1.88621,3539000,21951.2
3540,1000,138.845,15,0.3,,1,0,5,2.1651,0,148,0,0.009804,3.214223,0.085165,3540000,21959.4
3541,1000,162.0193,14,0.28,,1,0,5,2.0616,1,130,0,0.009897,0.180399,1.445312,3541000,21967.2
3542,1000,151.2623,15,0.3,,1,0,5,2.1651,1,403,0,0.010181,0.307005,1.136008,3542000,21975.2
3543,1000,39.2588,8,0.16,,1,0,4,1.5811,0,0,0,0.010509,0.263922,0.743948,3543000,21983.2
3544,1000,11.7234,7,0.14,,1,0,3,1.0897,0,316,0,0.010737,0.384829,0.384082,3544000,21991.7
3545,1000,194.2163,15,0.3,,1,0,5,2.1651,2,93,0,0.010796,0.2479,0.119848,3545000,22000.1
3546,1000,74.3529,10,0.2,,1,0,5,1.8028,0,0,0,0.011019,0.347867,0.706655,3546000,22008.7
3547,1000,41.0764,7,0.14,,2,0,4,1.7854,0,0,0,0.010729,0.242505,0.168686,3547000,22017.0
3548,1000,58.31,9,0.18,,2,0,5,2.2776,0,20,0,0.010771,0.277609,0.71781,3548000,22025.2
3549,1000,142.5722,14,0.28,,1,0,5,2.0616,1,0,0,0.010746,0.604895,1.059565,3549000,22033.6
3550,1000,190.3143,15,0.3,,1,0,5,2.1651,3,0,0,0.010487,0.394511,0.131961,3550000,22041.8
3551,1000,219.6132,15,0.3,,1,0,5,2.1651,3,0,0,0.0105,2.977177,0.496071,3551000,22049.7
3552,1000,-28.3217,7,0.14,,2,0,4,1.7854,0,0,0,0.010888,0.442785,1.623784,3552000,22057.8
3553,1000,143.7599,14,0.28,,1,0,5,2.0616,2,27,0,0.01091,0.229753,2.156957,3553000,22065.7
3554,1000,207.354,15,0.3,,1,0,5,2.1651,3,0,0,0.01081,0.288823,0.522405,3554000,22073.7
3555,1000,165.6214,14,0.28,,1,0,5,2.0616,1,6,0,0.010842,0.393439,0.053512,3555000,22081.5
3556,1000,38.896,10,0.2,,1,0,5,2.0616,0,13,0,0.010937,0.333099,0.542409,3556000,22089.4
3557,1000,72.1315,13,0.26,,1,0,5,1.9203,0,31,0,0.010863,0.234366,1.388438,3557000,22097.5
3558,1000,46.2698,9,0.18,,1,0,4,1.7854,0,0,0,0.010993,0.341818,0.680972,3558000,22105.5
3559,1000,84.2171,12,0.24,,1,0,5,1.8708,0,0,0,0.010899,0.553085,1.295758,3559000,22113.2
3560,1000,73.2576,10,0.2,,1,0,4,1.5,0,0,0,0.010877,0.455569,-0.074469,3560000,22121.0
3561,1000,158.9168,15,0.3,,1,0,6,2.2776,1,99,0,0.010782,0.582192,0.307517,3561000,22128.7
3562,1000,182.9449,16,0.32,,1,0,7,2.5495,1,42,0,0.010629,0.187538,0.735308,3562000,22136.5
3563,1000,184.8723,14,0.28,,1,0,5,2.0616,2,0,0,0.01047,0.225599,-0.670411,3563000,22144.2
3564,1000,168.5564,14,0.28,,1,0,5,2.0616,1,80,0,0.010421,0.785358,0.647701,3564000,22152.0
3565,1000,125.0439,14,0.28,,1,0,5,2.0616,1,1137,0,0.01036,0.181763,0.32507,3565000,22160.0
3566,1000,74.2794,11,0.22,,1,0,4,1.6394,0,83,0,0.010376,0.398752,0.62563,3566000,22168.0
3567,1000,147.255,13,0.26,,1,0,5,2.0463,2,206,0,0.010662,0.263882,0.327587,3567000,22176.7
3568,1000,200.2647,15,0.3,,1,0,5,2.1651,3,9,0,0.010518,0.454942,0.411101,3568000,22185.3
3569,1000,96.5388,12,0.24,,1,0,5,1.8708,0,6,0,0.0107,1.908179,0.232722,3569000,22193.6
3570,1000,205.4606,15,0.3,,1,0,5,2.1651,2,1,0,0.010991,0.270504,0.192865,3570000,22201.6
3571,1000,191.9658,14,0.28,,1,0,5,2.0616,2,74,0,0.010868,0.28853,-0.092621,3571000,22209.7
3572,1000,154.2903,14,0.28,,1,0,5,2.0616,1,0,0,0.010828,0.398821,0.770307,3572000,22218.0
3573,1000,181.8155,15,0.3,,1,0,5,2.1651,2,0,0,0.010741,0.905023,0.876553,3573000,22226.3
3574,1000,232.2243,15,0.3,,1,0,5,2.1651,3,24,0,0.010854,0.297531,0.628173,3574000,22234.4
3575,1000,180.0602,14,0.28,,1,0,5,2.0616,2,23,0,0.010993,0.381753,0.507915,3575000,22242.5
3576,1000,159.8393,14,0.28,,1,0,5,2.0616,1,41,0,0.010987,0.364142,-0.639669,3576000,22250.7
3577,1000,174.5744,14,0.28,,1,0,5,2.0616,2,0,0,0.011114,0.332521,0.820661,3577000,22258.8
3578,1000,148.0436,14,0.28,,1,0,5,2.0616,1,0,0,0.011169,0.273834,0.28714,3578000,22267.0
3579,1000,22.0708,5,0.1,,2,0,3,1.299,0,0,0,0.011239,1.19385,-0.365364,3579000,22275.4
3580,1000,48.8946,8,0.16,,1,0,4,1.5811,0,110,0,0.010888,0.294918,0.438382,3580000,22283.2
3581,1000,76.118,11,0.22,,1,0,5,2.2776,0,0,0,0.010995,0.234961,0.080327,3581000,22290.9
3582,1000,167.0636,16,0.32,,1,0,6,2.3452,1,7,0,0.010859,0.466473,-0.132437,3582000,22298.8
3583,1000,99.2826,12,0.24,,1,0,5,1.8708,0,73,0,0.010917,0.385779,0.113261,3583000,22306.7
3584,1000,193.4887,14,0.28,,1,0,5,2.0616,2,30,0,0.011021,0.442059,0.584692,3584000,22314.5
3585,1000,33.7624,9,0.18,,1,0,4,1.479,0,0,0,0.011012,0.52807,-0.702101,3585000,22322.8
3586,1000,-11.0596,8,0.16,,1,0,4,1.5811,0,0,0,0.011193,0.30921,0.816204,3586000,22330.7
3587,1000,13.1062,5,0.1,,1,0,3,1.0897,0,0,0,0.011279,0.304175,0.306552,3587000,22338.7
3588,1000,47.3367,10,0.2,,1,0,4,1.6583,0,217,0,0.011673,0.252459,-0.098859,3588000,22346.6
3589,1000,137.7826,14,0.28,,1,0,5,2.0616,1,329,0,0.011322,0.324783,-0.049907,3589000,22354.4
3590,1000,78.4547,10,0.2,,0,1,4,1.118,0,1,0,0.011406,1.97909,0.271801,3590000,22362.3
3591,1000,215.7311,15,0.3,,1,0,5,2.1651,3,3,0,0.01157,0.331915,-0.460271,3591000,22370.3
3592,1000,165.9613,14,0.28,,1,0,5,2.0616,2,0,0,0.011807,0.2789,0.464308,3592000,22378.4
3593,1000,15.1805,8,0.16,,1,0,5,1.8708,0,17,0,0.011959,0.258805,0.675153,3593000,22386.7
3594,1000,102.3387,10,0.2,,1,0,5,2.0616,1,0,0,0.012186,0.297932,0.633235,3594000,22395.0
3595,1000,208.319,15,0.3,,1,0,5,2.1651,3,0,0,0.012174,0.368919,0.67467,3595000,22402.9
3596,1000,200.1768,15,0.3,,1,0,5,2.1651,3,0,0,0.012069,0.352815,0.204978,3596000,22411.0
3597,1000,106.6862,11,0.22,,1,0,5,1.9203,1,4,0,0.012069,0.253037,0.570048,3597000,22419.0
3598,1000,228.2655,15,0.3,,1,0,5,2.1651,3,37,0,0.012018,0.304543,0.714248,3598000,22426.9
3599,1000,48.0248,8,0.16,,1,0,4,1.5811,0,0,0,0.012079,0.494426,-0.105161,3599000,22434.8
3600,1000,110.5961,13,0.26,,1,0,5,2.0463,0,21,0,0.012085,0.306412,1.229797,3600000,22442.7
3601,1000,62.4534,10,0.2,,1,0,4,1.5,0,197,0,0.012145,0.549807,0.848758,3601000,22450.9
3602,1000,161.548,14,0.28,,1,0,5,2.0616,2,0,0,0.012019,0.238044,0.687136,3602000,22458.9
3603,1000,62.8296,10,0.2,,1,0,5,1.8028,0,0,0,0.012247,0.29566,1.016675,3603000,22466.9
3604,1000,114.898,12,0.24,,1,0,5,1.8708,1,0,0,0.012432,0.269366,1.388226,3604000,22475.2
3605,1000,21.1062,7,0.14,,2,0,4,1.7854,0,367,0,0.012305,0.430964,1.212593,3605000,22483.3
3606,1000,119.5466,12,0.24,,1,0,5,1.8708,1,8,0,0.012123,0.259777,1.16192,3606000,22491.2
3607,1000,49.346,9,0.18,,1,0,4,1.7854,0,0,0,0.012358,0.503252,1.506568,3607000,22499.3
3608,1000,179.3452,14,0.28,,1,0,5,2.0616,2,0,0,0.012208,0.415265,-0.050928,3608000,22507.4
3609,1000,70.2143,11,0.22,,1,0,4,1.6394,0,41,0,0.011808,0.917323,1.649462,3609000,22515.3
3610,1000,56.3802,9,0.18,,1,0,4,1.479,0,0,0,0.011945,0.622497,-0.117402,3610000,22523.1
3611,1000,64.8891,10,0.2,,1,0,4,1.6583,0,2,0,0.011941,0.423337,1.522351,3611000,22531.1
3612,1000,-16.7694,8,0.16,,1,0,4,1.5811,0,0,0,0.011969,0.525956,0.210912,3612000,22539.3
3613,1000,155.7806,15,0.3,,1,0,5,2.1651,1,0,0,0.011722,0.549241,1.428171,3613000,22547.2
3614,1000,103.3001,14,0.28,,1,0,5,2.0616,0,0,0,0.011516,0.388218,0.571121,3614000,22555.1
3615,1000,154.218,14,0.28,,1,0,5,2.0616,1,0,0,0.011148,0.313202,2.033786,3615000,22563.0
3616,1000,47.2948,11,0.22,,1,0,4,1.6394,0,144,0,0.011319,0.329492,0.559607,3616000,22570.9
3617,1000,82.6388,12,0.24,,1,0,4,1.7321,0,0,0,0.011484,0.335745,1.220432,3617000,22578.9
3618,1000,258.2317,18,0.36,,1,0,8,2.8723,3,91,0,0.011185,0.32996,0.740027,3618000,22587.1
3619,1000,161.3514,14,0.28,,1,0,5,2.0616,1,0,0,0.010996,0.258482,0.977913,3619000,22595.2
3620,1000,103.8594,14,0.28,,1,0,5,2.0616,0,0,0,0.010966,1.319953,1.965055,3620000,22603.1
3621,1000,35.551,8,0.16,,1,0,5,1.8708,0,0,0,0.010812,0.373916,0.346849,3621000,22611.0
3622,1000,146.6063,14,0.28,,1,0,5,2.0616,1,0,0,0.010663,1.281119,1.523923,3622000,22618.9
3623,1000,69.2405,9,0.18,,1,0,4,1.7854,0,7,0,0.010777,0.317813,1.542176,3623000,22626.8
3624,1000,170.5754,14,0.28,,1,0,5,2.0616,2,270,0,0.010643,0.261414,0.870608,3624000,22634.5
3625,1000,194.3994,15,0.3,,1,0,5,2.1651,2,0,0,0.01041,0.505287,0.547495,3625000,22642.4
3626,1000,105.4457,14,0.28,,1,0,5,2.0616,0,198,0,0.010252,0.200689,1.203145,3626000,22650.4
3627,1000,50.357,8,0.16,,1,0,3,1.2247,0,115,0,0.010281,0.396957,0.294926,3627000,22658.5
3628,1000,120.7216,15,0.3,,1,0,5,2.1651,0,0,0,0.010517,0.426032,1.154915,3628000,22666.6
3629,1000,147.6504,14,0.28,,1,0,5,2.0616,1,0,0,0.010544,0.215974,0.84118,3629000,22675.0
3630,1000,150.294,14,0.28,,1,0,5,2.0616,1,0,0,0.010616,0.590012,0.576054,3630000,22682.8
3631,1000,83.9982,10,0.2,,1,0,4,1.5,0,0,0,0.010979,0.396988,1.311761,3631000,22690.5
3632,1000,24.3711,6,0.12,,1,0,4,1.5,0,0,0,0.011066,0.378704,2.072192,3632000,22698.3
3633,1000,60.244,10,0.2,,1,0,5,2.0616,0,59,0,0.011157,0.46397,1.746276,3633000,22706.7
3634,1000,41.8277,10,0.2,,1,0,4,1.5,0,10,0,0.011151,0.25451,1.45307,3634000,22715.4
3635,1000,64.3433,10,0.2,,1,0,5,1.8028,0,101,0,0.011934,0.214993,1.246711,3635000,22723.1
3636,1000,4.701,10,0.2,,1,0,4,1.5,0,0,0,0.011711,0.234313,1.125838,3636000,22731.2
3637,1000,117.2137,11,0.22,,1,0,5,1.9203,1,0,0,0.011747,0.343128,1.165694,3637000,22739.0
3638,1000,88.8206,12,0.24,,1,0,5,1.8708,0,467,0,0.012012,0.288468,1.912812,3638000,22746.7
3639,1000,58.77,9,0.18,,1,0,4,1.479,0,5,0,0.011887,0.330003,0.242716,3639000,22754.9
3640,1000,89.7583,11,0.22,,1,0,5,1.7854,0,30,0,0.011944,0.248519,1.694482,3640000,22763.1
3641,1000,138.6903,14,0.28,,1,0,5,2.0616,1,0,0,0.011914,0.45941,1.758211,3641000,22771.5
3642,1000,74.8464,12,0.24,,1,0,5,1.8708,1,109,0,0.011873,0.277205,0.572649,3642000,22779.9
3643,1000,140.4053,14,0.28,,1,0,5,2.0616,1,106,0,0.011664,0.314466,1.780152,3643000,22788.3
3644,1000,157.0619,14,0.28,,1,0,5,2.0616,1,0,0,0.011326,0.404096,1.32342,3644000,22796.3
3645,1000,108.7425,13,0.26,,1,0,5,1.9203,0,73,0,0.011135,0.368152,1.187658,3645000,22805.0
3646,1000,152.2032,13,0.26,,1,0,5,1.9203,1,25,0,0.011353,0.641207,1.009643,3646000,22813.0
3647,1000,195.5362,15,0.3,,1,0,5,2.1651,2,245,0,0.010881,0.868639,1.438078,3647000,22820.8
3648,1000,103.0037,13,0.26,,1,0,5,1.9203,0,47,0,0.01063,0.219839,0.28787,3648000,22829.0
3649,1000,172.6253,15,0.3,,1,0,5,2.1651,1,97,0,0.010638,0.316344,1.363531,3649000,22836.9
3650,1000,154.2113,14,0.28,,1,0,5,2.0616,1,138,0,0.010776,0.247239,2.135725,3650000,22844.8
3651,1000,109.2932,14,0.28,,1,0,5,2.0616,0,101,0,0.010854,0.720168,0.88257,3651000,22852.6
3652,1000,111.9095,13,0.26,,1,0,5,1.9203,0,0,0,0.010776,0.268963,0.847813,3652000,22860.5
3653,1000,135.0313,14,0.28,,1,0,5,2.0616,0,0,0,0.010926,0.484553,-0.227261,3653000,22868.5
3654,1000,68.6803,10,0.2,,1,0,4,1.5,0,0,0,0.011084,0.386389,0.534801,3654000,22876.7
3655,1000,191.9542,15,0.3,,1,0,5,2.1651,2,116,0,0.011123,0.239083,0.798728,3655000,22884.6
3656,1000,168.5073,14,0.28,,1,0,5,2.0616,1,3,0,0.011186,0.771075,1.072366,3656000,22892.6
3657,1000,167.5812,15,0.3,,1,0,5,2.1651,1,0,0,0.011194,0.386819,1.222586,3657000,22900.5
3658,1000,232.5926,15,0.3,,1,0,5,2.1651,3,0,0,0.011121,0.170077,1.580068,3658000,22908.2
3659,1000,188.6172,15,0.3,,1,0,5,2.1651,2,110,0,0.010979,0.340103,1.877685,3659000,22916.2
3660,1000,131.7829,12,0.24,,1,0,5,1.8708,1,211,0,0.011267,0.683888,1.049374,3660000,22924.2
3661,1000,149.1119,14,0.28,,1,0,5,2.0616,1,13,0,0.011253,0.309427,0.726309,3661000,22932.0
3662,1000,153.4219,14,0.28,,1,0,5,2.0616,1,245,0,0.01136,0.337198,1.190612,3662000,22939.7
3663,1000,144.185,13,0.26,,1,0,5,1.9203,1,0,0,0.011233,0.279031,1.439451,3663000,22947.5
3664,1000,193.8849,14,0.28,,1,0,5,2.0616,2,9,0,0.011534,0.267362,1.455755,3664000,22955.8
3665,1000,190.7709,14,0.28,,1,0,5,2.0616,2,30,0,0.011483,0.533245,1.740194,3665000,22964.4
3666,1000,87.0224,9,0.18,,1,0,5,1.9203,1,36,0,0.011053,0.666195,0.161162,3666000,22972.8
3667,1000,104.0014,13,0.26,,1,0,5,1.9203,1,0,0,0.011077,0.605103,1.193795,3667000,22981.1
3668,1000,177.2715,14,0.28,,1,0,5,2.0616,2,407,0,0.011095,0.793442,-0.442964,3668000,22989.2
3669,1000,178.066,14,0.28,,1,0,5,2.0616,2,0,0,0.011225,0.325345,0.818747,3669000,22997.5
3670,1000,136.3858,13,0.26,,1,0,5,2.0463,1,168,0,0.011355,0.781187,0.152445,3670000,23005.8
3671,1000,187.5111,15,0.3,,1,0,6,2.2776,2,292,0,0.011472,0.266474,1.192791,3671000,23013.9
3672,1000,174.0113,15,0.3,,1,0,5,2.1651,1,0,0,0.011484,0.283616,0.537075,3672000,23021.9
3673,1000,56.4804,10,0.2,,0,1,4,1.118,0,206,0,0.011479,0.224283,1.420553,3673000,23030.1
3674,1000,30.9799,8,0.16,,0,1,3,0.7071,0,118,0,0.011749,1.061218,0.827677,3674000,23038.4
3675,1000,159.5165,14,0.28,,1,0,5,2.0616,1,32,0,0.012016,0.448108,0.634466,3675000,23046.5
3676,1000,153.4646,14,0.28,,1,0,5,2.0616,1,0,0,0.01232,0.377489,1.568327,3676000,23054.2
3677,1000,117.5318,11,0.22,,1,0,5,1.7854,1,0,0,0.01216,0.316335,-0.041518,3677000,23062.2
3678,1000,207.8741,15,0.3,,1,0,5,2.1651,3,0,0,0.01248,0.260433,1.152851,3678000,23070.1
3679,1000,49.0529,9,0.18,,1,0,5,1.9203,1,0,0,0.01229,0.553166,1.753191,3679000,23078.1
3680,1000,130.0741,14,0.28,,1,0,5,2.0616,0,31,0,0.012031,0.424385,0.210146,3680000,23086.7
3681,1000,23.4117,8,0.16,,1,0,3,1.2247,0,0,0,0.012333,0.379394,0.568608,3681000,23094.8
3682,1000,26.329,5,0.1,,2,0,3,1.299,0,124,0,0.012803,0.313973,1.033136,3682000,23102.8
3683,1000,160.5215,14,0.28,,1,0,5,2.0616,2,0,0,0.012705,0.589071,1.199389,3683000,23110.6
3684,1000,44.046,8,0.16,,1,0,4,1.5811,0,129,0,0.013009,0.440078,1.597463,3684000,23118.5
3685,1000,129.7159,12,0.24,,1,0,6,2.2361,1,0,0,0.013245,0.848447,0.141047,3685000,23126.7
3686,1000,197.7415,15,0.3,,1,0,5,2.1651,2,0,0,0.013031,0.282052,1.278374,3686000,23134.4
3687,1000,197.1106,15,0.3,,1,0,5,2.1651,2,0,0,0.012535,0.70555,0.591105,3687000,23142.3
3688,1000,66.194,10,0.2,,1,0,5,1.8028,0,0,0,0.012637,0.387091,0.243584,3688000,23150.5
3689,1000,161.2883,15,0.3,,1,0,5,2.1651,1,3,0,0.012575,0.407238,-0.258105,3689000,23158.4
3690,1000,45.2861,9,0.18,,1,0,4,1.479,0,60,0,0.012383,0.284128,0.297012,3690000,23166.3
3691,1000,147.4761,15,0.3,,1,0,5,2.1651,1,0,0,0.012292,0.310186,0.433569,3691000,23174.4
3692,1000,170.9028,14,0.28,,1,0,5,2.0616,2,13,0,0.01202,0.306917,1.423936,3692000,23182.9
3693,1000,43.9457,7,0.14,,1,0,3,1.0897,0,15,0,0.011951,0.285474,0.758277,3693000,23191.2
3694,1000,50.8564,8,0.16,,2,0,4,2.0,0,0,0,0.012087,0.403012,0.419694,3694000,23199.3
3695,1000,136.2043,15,0.3,,1,0,5,2.1651,0,19,0,0.01228,0.521372,0.048296,3695000,23207.1
3696,1000,40.3535,7,0.14,,1,0,3,1.0897,0,15,0,0.012367,0.545763,0.740487,3696000,23215.2
3697,1000,67.1881,10,0.2,,1,0,4,1.5,0,33,0,0.012466,1.059673,0.357959,3697000,23223.8
3698,1000,60.2481,9,0.18,,1,0,5,1.9203,0,0,0,0.012108,0.385752,1.214301,3698000,23231.7
3699,1000,65.1796,10,0.2,,1,0,4,1.5,0,0,0,0.01208,0.310997,0.676115,3699000,23239.7
3700,1000,166.5342,15,0.3,,1,0,5,2.1651,1,52,0,0.011911,0.333933,-0.271334,3700000,23247.6
3701,1000,29.7158,9,0.18,,1,0,4,1.479,0,0,0,0.012146,1.223852,1.087164,3701000,23255.3
3702,1000,53.9688,10,0.2,,1,0,4,1.5,0,0,0,0.012368,0.76531,0.784383,3702000,23263.1
3703,1000,105.5425,13,0.26,,1,0,5,1.9203,0,0,0,0.012282,0.218653,1.488407,3703000,23271.2
3704,1000,126.3339,14,0.28,,1,0,5,2.0616,0,55,0,0.012173,0.602744,1.079401,3704000,23279.3
3705,1000,131.1462,14,0.28,,1,0,5,2.0616,0,0,0,0.011862,0.278992,0.64927,3705000,23287.6
3706,1000,196.8807,15,0.3,,1,0,5,2.1651,2,0,0,0.011503,0.745845,-0.274688,3706000,23295.7
3707,1000,126.8592,14,0.28,,1,0,5,2.0616,0,0,0,0.011291,0.312476,-0.757498,3707000,23303.5
3708,1000,42.0408,7,0.14,,1,0,3,1.0897,0,0,0,0.011384,2.635798,-0.082718,3708000,23311.9
3709,1000,50.5612,8,0.16,,1,0,4,1.5811,0,0,0,0.011644,0.323935,-0.140801,3709000,23320.4
3710,1000,89.8131,11,0.22,,1,0,5,1.9203,0,229,0,0.011718,0.801472,-0.096105,3710000,23328.8
3711,1000,189.0827,14,0.28,,1,0,5,2.0616,2,0,0,0.011526,0.336893,0.333173,3711000,23336.9
3712,1000,134.9693,14,0.28,,1,0,5,2.0616,1,183,0,0.011649,1.221689,0.376601,3712000,23344.6
3713,1000,66.8161,9,0.18,,1,0,4,1.479,0,0,0,0.011549,1.064719,0.279819,3713000,23352.7
3714,1000,136.2462,13,0.26,,1,0,5,1.9203,1,77,0,0.011456,0.368809,-0.112571,3714000,23360.5
3715,1000,195.7894,15,0.3,,1,0,5,2.1651,2,0,0,0.011355,0.300589,0.292527,3715000,23368.5
3716,1000,80.4548,10,0.2,,1,0,4,1.5,0,38,0,0.011419,0.506812,0.381451,3716000,23376.2
3717,1000,40.9144,8,0.16,,1,0,4,1.4142,0,0,0,0.012104,0.367445,1.144261,3717000,23384.0
3718,1000,191.2992,16,0.32,,1,0,6,2.3452,3,9,0,0.012203,0.528942,-0.012435,3718000,23392.2
3719,1000,47.3836,11,0.22,,1,0,5,1.9203,0,0,0,0.012432,0.419374,0.48346,3719000,23399.9
3720,1000,28.8741,10,0.2,,1,0,4,1.5,0,0,0,0.012828,0.496291,-1.052351,3720000,23408.2
3721,1000,134.8034,13,0.26,,1,0,5,2.0463,1,0,0,0.012552,0.525597,-0.673968,3721000,23417.0
3722,1000,145.748,13,0.26,,1,0,5,2.0463,1,3,0,0.01249,0.677806,-0.121227,3722000,23425.0
3723,1000,105.2868,13,0.26,,1,0,5,2.0463,0,0,0,0.01231,2.943542,1.208081,3723000,23433.0
3724,1000,128.8811,15,0.3,,1,0,5,2.1651,0,0,0,0.012182,0.50863,0.246667,3724000,23441.0
3725,1000,80.5725,11,0.22,,1,0,5,1.7854,0,0,0,0.012295,0.410434,-0.226744,3725000,23449.1
3726,1000,176.3243,14,0.28,,1,0,5,2.0616,2,0,0,0.012158,0.366305,0.3748,3726000,23456.9
3727,1000,38.6361,7,0.14,,1,0,3,1.299,0,405,0,0.012365,0.441228,0.823364,3727000,23464.8
3728,1000,27.915,9,0.18,,1,0,4,1.479,0,0,0,0.012537,0.488295,-0.810491,3728000,23472.6
3729,1000,24.9654,7,0.14,,1,0,3,1.299,0,0,0,0.01287,0.528756,0.244267,3729000,23481.0
3730,1000,180.4144,14,0.28,,1,0,5,2.0616,2,86,0,0.013221,0.323735,0.514299,3730000,23489.4
3731,1000,68.1882,12,0.24,,1,0,4,1.7321,0,0,0,0.012827,0.359492,-0.197924,3731000,23497.6
3732,1000,109.628,12,0.24,,1,0,5,1.8708,1,0,0,0.012747,0.382589,0.292301,3732000,23505.7
3733,1000,34.7274,9,0.18,,1,0,4,1.479,0,503,0,0.012416,0.766945,-0.185194,3733000,23514.1
3734,1000,92.1339,12,0.24,,1,0,5,1.8708,0,0,0,0.01249,0.624731,0.262815,3734000,23522.3
3735,1000,127.9004,12,0.24,,1,0,5,1.8708,1,27,0,0.012372,0.372696,-0.414681,3735000,23530.3
3736,1000,40.4405,9,0.18,,1,0,4,1.479,0,0,0,0.012332,0.772573,-0.032408,3736000,23538.5
3737,1000,88.228,9,0.18,,1,0,5,1.7854,1,0,0,0.012431,0.46685,0.597433,3737000,23546.7
3738,1000,32.5559,7,0.14,,1,0,3,1.299,0,0,0,0.012516,0.309272,0.331345,3738000,23555.0
3739,1000,152.1199,15,0.3,,1,0,5,2.1651,1,0,0,0.012231,0.789736,-0.103793,3739000,23563.1
3740,1000,225.0035,15,0.3,,1,0,5,2.1651,3,0,0,0.012266,0.386716,-0.055102,3740000,23571.3
3741,1000,82.7227,11,0.22,,1,0,4,1.6394,0,25,0,0.012069,0.362169,0.338351,3741000,23579.8
3742,1000,133.2236,14,0.28,,1,0,5,2.0616,1,18,0,0.012135,0.298557,0.159969,3742000,23588.0
3743,1000,183.3977,14,0.28,,1,0,5,2.0616,2,4,0,0.012091,0.327761,0.595133,3743000,23596.6
3744,1000,80.4314,10,0.2,,1,0,5,2.0616,0,6,0,0.01229,0.978841,0.356742,3744000,23605.4
3745,1000,169.9796,14,0.28,,1,0,5,2.0616,2,0,0,0.012021,0.614754,1.56407,3745000,23613.6
3746,1000,101.7279,13,0.26,,1,0,5,2.0463,0,100,0,0.012119,0.382291,0.151877,3746000,23622.0
3747,1000,218.013,15,0.3,,1,0,5,2.1651,3,0,0,0.011981,0.424583,-0.399581,3747000,23630.2
3748,1000,165.7421,14,0.28,,1,0,5,2.0616,2,0,0,0.012117,0.398642,0.201525,3748000,23638.2
3749,1000,148.9125,14,0.28,,1,0,5,2.0616,1,45,0,0.012154,0.35631,-0.062534,3749000,23646.5
3750,1000,173.3057,14,0.28,,1,0,5,2.0616,2,0,0,0.01223,0.322821,0.85058,3750000,23654.7
3751,1000,124.9826,13,0.26,,1,0,5,2.0463,2,0,0,0.012343,0.432568,1.053552,3751000,23662.8
3752,1000,57.067,10,0.2,,1,0,4,1.5,0,0,0,0.012264,0.414171,0.7599,3752000,23671.2
3753,1000,170.1142,13,0.26,,1,0,5,2.0463,2,0,0,0.012623,0.369031,-0.208008,3753000,23679.4
3754,1000,114.4402,14,0.28,,1,0,5,2.0616,0,0,0,0.012615,0.798001,0.475753,3754000,23687.3
3755,1000,110.5214,14,0.28,,1,0,5,2.0616,0,809,0,0.012536,0.317358,0.473691,3755000,23695.3
3756,1000,121.2462,13,0.26,,1,0,5,1.9203,1,0,0,0.012846,0.335159,0.574824,3756000,23703.4
3757,1000,70.1801,10,0.2,,1,0,4,1.6583,0,0,0,0.013016,0.330167,0.678668,3757000,23711.3
3758,1000,63.21,12,0.24,,1,0,5,1.8708,0,0,0,0.01286,0.467905,0.606757,3758000,23719.2
3759,1000,147.9445,14,0.28,,1,0,5,2.0616,1,99,0,0.012851,0.452252,0.04292,3759000,23727.3
3760,1000,61.1542,9,0.18,,1,0,4,1.479,0,0,0,0.01314,1.023416,-1.854498,3760000,23735.4
3761,1000,46.016,8,0.16,,1,0,4,1.5811,0,0,0,0.013206,0.433536,0.902719,3761000,23743.7
3762,1000,103.8555,11,0.22,,1,0,5,1.9203,1,180,0,0.013302,0.272277,-0.629051,3762000,23751.7
3763,1000,149.5702,14,0.28,,1,0,5,2.0616,1,1,0,0.012776,0.483919,-0.242008,3763000,23759.5
3764,1000,225.3234,15,0.3,,1,0,5,2.1651,3,0,0,0.012829,0.459153,-0.314245,3764000,23767.4
3765,1000,29.2775,9,0.18,,1,0,4,1.7854,0,1,0,0.013072,0.978119,0.522714,3765000,23775.3
3766,1000,82.0692,12,0.24,,1,0,5,1.8708,0,0,0,0.013104,0.287418,1.234912,3766000,23783.0
3767,1000,91.1093,13,0.26,,1,0,5,1.9203,0,0,0,0.013288,0.584192,0.392828,3767000,23790.7
3768,1000,77.1805,11,0.22,,1,0,4,1.6394,0,0,0,0.013569,0.479547,1.248368,3768000,23798.6
3769,1000,125.0746,14,0.28,,1,0,5,2.0616,0,9,0,0.013601,0.739187,0.755907,3769000,23806.5
3770,1000,7.2644,8,0.16,,1,0,4,1.5811,0,0,0,0.013378,0.632257,-0.042736,3770000,23814.3
3771,1000,157.5646,14,0.28,,1,0,5,2.0616,1,0,0,0.013261,0.36905,0.71586,3771000,23822.0
3772,1000,154.4361,14,0.28,,1,0,5,2.0616,1,0,0,0.013181,0.633617,0.499002,3772000,23829.8
3773,1000,175.2061,14,0.28,,1,0,5,2.0616,2,0,0,0.013135,0.514096,0.238822,3773000,23838.5
3774,1000,186.0343,14,0.28,,1,0,5,2.0616,2,58,0,0.013035,0.281332,0.207081,3774000,23846.4
3775,1000,185.4198,14,0.28,,1,0,5,2.0616,2,0,0,0.012935,0.301152,0.539764,3775000,23854.2
3776,1000,172.9775,15,0.3,,0,1,5,1.6394,1,0,0,0.012654,0.308719,0.967626,3776000,23862.0
3777,1000,64.3855,9,0.18,,1,0,4,1.479,0,0,0,0.012282,0.568747,1.112904,3777000,23869.8
3778,1000,71.563,10,0.2,,1,0,4,1.5,0,0,0,0.012249,0.509752,0.824858,3778000,23877.6
3779,1000,148.4611,13,0.26,,1,0,5,1.9203,1,0,0,0.012417,0.36581,-0.687526,3779000,23885.5
3780,1000,155.0834,14,0.28,,1,0,5,2.0616,1,0,0,0.01288,0.576652,0.868558,3780000,23893.3
3781,1000,152.5697,14,0.28,,1,0,5,2.0616,1,0,0,0.012712,0.426395,0.949677,3781000,23901.2
3782,1000,138.9323,14,0.28,,1,0,5,2.0616,1,11,0,0.012756,0.506224,0.367522,3782000,23909.2
3783,1000,165.1262,15,0.3,,1,0,5,2.1651,1,454,0,0.012774,0.772226,0.849553,3783000,23917.3
3784,1000,141.081,14,0.28,,1,0,5,2.0616,1,614,0,0.012638,0.294833,0.503664,3784000,23925.2
3785,1000,131.9528,15,0.3,,1,0,5,2.1651,0,0,0,0.012665,0.368997,0.3962,3785000,23933.2
3786,1000,143.9892,14,0.28,,1,0,5,2.0616,1,3,0,0.012335,0.492067,0.474359,3786000,23941.2
3787,1000,194.4049,15,0.3,,1,0,5,2.1651,2,31,0,0.012429,0.277674,-0.167761,3787000,23949.0
3788,1000,189.6905,14,0.28,,1,0,5,2.0616,2,0,0,0.012266,0.320214,0.816569,3788000,23957.0
3789,1000,162.6962,14,0.28,,1,0,5,2.0616,1,0,0,0.012147,0.524268,0.364236,3789000,23965.1
3790,1000,47.2552,9,0.18,,1,0,4,1.7854,0,0,0,0.012162,0.280763,1.045076,3790000,23973.0
3791,1000,167.1266,15,0.3,,1,0,5,2.1651,1,34,0,0.012344,0.402986,1.164693,3791000,23980.8
3792,1000,86.3972,11,0.22,,1,0,5,1.7854,0,0,0,0.012259,0.5036,0.338882,3792000,23988.5
3793,1000,135.818,13,0.26,,1,0,5,2.0463,1,4,0,0.012035,0.334421,0.558164,3793000,23996.4
3794,1000,34.5222,5,0.1,,1,0,2,0.8292,0,0,0,0.012268,0.417605,0.371836,3794000,24004.4
3795,1000,25.585,7,0.14,,1,0,3,1.299,0,411,0,0.012141,0.911858,0.779325,3795000,24012.3
3796,1000,173.2497,14,0.28,,1,0,5,2.0616,2,0,0,0.011869,0.340814,0.892653,3796000,24020.1
3797,1000,195.2409,15,0.3,,1,0,5,2.1651,2,53,0,0.011828,0.357048,0.243684,3797000,24027.8
3798,1000,133.4249,14,0.28,,1,0,5,2.0616,0,63,0,0.011554,0.254839,0.313703,3798000,24035.9
3799,1000,170.9151,15,0.3,,1,0,5,2.1651,1,0,0,0.011368,0.274464,0.457597,3799000,24043.7
3800,1000,157.7598,14,0.28,,1,0,5,2.0616,1,208,0,0.011413,1.722801,1.043588,3800000,24051.4
3801,1000,206.2538,15,0.3,,1,0,5,2.1651,2,4,0,0.011486,0.394421,1.384233,3801000,24059.4
3802,1000,160.2644,15,0.3,,1,0,5,2.1651,1,224,0,0.011211,0.324531,0.150584,3802000,24067.9
3803,1000,80.7602,11,0.22,,1,0,4,1.6394,0,0,0,0.011495,0.424459,1.008534,3803000,24076.6
3804,1000,65.9804,9,0.18,,1,0,5,1.9203,1,0,0,0.011565,0.527006,-0.767121,3804000,24084.6
3805,1000,72.8676,10,0.2,,1,0,5,1.8028,0,0,0,0.011909,0.338534,0.912002,3805000,24092.7
3806,1000,70.8254,9,0.18,,1,0,4,1.7854,0,0,0,0.011908,0.243995,0.993312,3806000,24101.3
3807,1000,201.592,15,0.3,,1,0,5,2.1651,2,0,0,0.011839,0.3654,-0.216493,3807000,24109.5
3808,1000,175.139,14,0.28,,1,0,5,2.0616,2,0,0,0.011745,0.980506,0.542886,3808000,24117.5
3809,1000,152.5829,15,0.3,,1,0,6,2.2776,1,0,0,0.011949,0.443405,0.539116,3809000,24125.7
3810,1000,164.4043,15,0.3,,1,0,5,2.1651,1,133,0,0.011708,0.487592,0.069926,3810000,24134.3
3811,1000,106.6379,13,0.26,,1,0,5,1.9203,1,10,0,0.011918,0.591719,0.064332,3811000,24142.8
3812,1000,157.9309,14,0.28,,1,0,5,2.0616,1,0,0,0.011944,0.363623,0.866368,3812000,24151.0
3813,1000,191.5207,15,0.3,,1,0,5,2.1651,2,15,0,0.011874,0.346156,0.012094,3813000,24159.0
3814,1000,104.0453,13,0.26,,1,0,5,1.9203,0,202,0,0.012081,0.299161,-1.497172,3814000,24167.1
3815,1000,130.2427,15,0.3,,1,0,5,2.1651,0,0,0,0.012055,0.333621,-0.057591,3815000,24175.0
3816,1000,118.1504,13,0.26,,1,0,5,1.9203,0,32,0,0.011994,0.54439,1.114081,3816000,24183.2
3817,1000,136.6134,15,0.3,,1,0,5,2.1651,0,12,0,0.011872,2.385374,0.278113,3817000,24192.0
3818,1000,181.2818,14,0.28,,1,0,5,2.0616,2,21,0,0.011965,0.249168,-0.261845,3818000,24200.1
3819,1000,166.674,15,0.3,,1,0,5,2.1651,1,242,0,0.011988,0.409929,0.374743,3819000,24208.0
3820,1000,88.62,9,0.18,,1,0,5,1.9203,1,4,0,0.011946,0.274255,-0.592107,3820000,24216.0
3821,1000,88.6945,12,0.24,,1,0,5,1.8708,0,0,0,0.011712,0.299983,-0.723967,3821000,24224.0
3822,1000,8.099,7,0.14,,1,0,3,1.299,0,0,0,0.012135,0.392886,0.242633,3822000,24231.8
3823,1000,165.827,15,0.3,,1,0,6,2.2776,1,0,0,0.012449,0.508068,1.468272,3823000,24239.4
3824,1000,94.2946,11,0.22,,1,0,4,1.6394,0,1,0,0.012231,0.47308,0.026536,3824000,24247.4
3825,1000,144.5734,13,0.26,,1,0,5,1.9203,1,0,0,0.012122,0.390586,0.457624,3825000,24255.6
3826,1000,152.8882,15,0.3,,1,0,5,2.1651,1,10,0,0.011513,0.516755,-0.658533,3826000,24263.8
3827,1000,164.1542,14,0.28,,1,0,5,2.0616,1,42,0,0.011073,0.253694,0.172466,3827000,24271.8
3828,1000,157.635,14,0.28,,1,0,5,2.0616,1,18,0,0.010781,0.715045,0.800709,3828000,24279.9
3829,1000,56.3209,9,0.18,,1,0,4,1.479,0,6,0,0.010799,0.506234,-0.150906,3829000,24288.1
3830,1000,46.638,8,0.16,,1,0,4,1.4142,0,0,0,0.011002,0.304809,-0.714858,3830000,24296.6
3831,1000,41.9961,9,0.18,,1,0,4,1.7854,0,0,0,0.011075,0.428068,-0.259612,3831000,24304.8
3832,1000,83.5119,12,0.24,,1,0,4,1.7321,0,0,0,0.011539,2.14815,0.532486,3832000,24313.0
3833,1000,160.5587,14,0.28,,1,0,5,2.0616,1,86,0,0.01125,0.369012,0.307125,3833000,24320.7
3834,1000,116.2661,14,0.28,,1,0,5,2.0616,0,1,0,0.010877,0.276691,0.105105,3834000,24328.4
3835,1000,124.0342,13,0.26,,1,0,5,1.9203,1,0,0,0.01071,0.249057,0.660664,3835000,24336.3
3836,1000,152.7787,14,0.28,,1,0,5,2.0616,1,210,0,0.010709,0.226573,0.132576,3836000,24344.4
3837,1000,147.8804,14,0.28,,1,0,5,2.0616,1,47,0,0.010507,0.216546,-0.369126,3837000,24352.3
3838,1000,199.8967,15,0.3,,1,0,5,2.1651,2,103,0,0.010301,0.222103,-0.3919,3838000,24360.3
3839,1000,139.6652,13,0.26,,1,0,5,1.9203,1,0,0,0.01035,0.28422,-0.48373,3839000,24368.4
3840,1000,60.6778,11,0.22,,1,0,4,1.6394,0,0,0,0.010583,0.379214,-0.56505,3840000,24376.5
3841,1000,162.0636,14,0.28,,1,0,5,2.0616,1,2,0,0.010362,0.261718,-0.270304,3841000,24384.5
3842,1000,69.623,10,0.2,,1,0,5,1.8028,0,0,0,0.010532,0.371006,-0.038314,3842000,24393.0
3843,1000,162.2712,15,0.3,,1,0,5,2.1651,1,27,0,0.010343,1.15343,0.875495,3843000,24401.4
3844,1000,197.1229,15,0.3,,1,0,5,2.1651,2,3,0,0.010397,0.238886,-0.355754,3844000,24409.3
3845,1000,182.5833,15,0.3,,1,0,5,2.1651,2,55,0,0.010271,0.254894,-1.711571,3845000,24417.5
3846,1000,27.3399,6,0.12,,2,0,5,2.0616,0,0,0,0.010237,0.383877,0.762987,3846000,24425.6
3847,1000,-34.575,5,0.1,,2,0,3,1.299,0,0,0,0.010458,0.335125,-0.764217,3847000,24433.5
3848,1000,187.7407,14,0.28,,1,0,5,2.0616,2,75,0,0.010153,0.227014,-1.251266,3848000,24441.6
3849,1000,226.4793,15,0.3,,1,0,5,2.1651,3,1,0,0.010212,0.538788,0.30479,3849000,24449.4
3850,1000,122.7817,14,0.28,,1,0,5,2.0616,0,88,0,0.01041,0.194807,-0.684058,3850000,24457.3
3851,1000,114.9774,11,0.22,,1,0,5,1.9203,1,0,0,0.010476,0.232266,-0.064358,3851000,24465.3
3852,1000,-5.3648,5,0.1,,2,0,3,1.299,0,0,0,0.010612,0.239807,0.225592,3852000,24473.1
3853,1000,138.5629,13,0.26,,1,0,5,2.0463,1,1,0,0.010661,0.293469,0.654178,3853000,24480.8
3854,1000,18.0145,7,0.14,,1,0,3,1.0897,0,5,0,0.010774,0.249879,-0.604166,3854000,24488.7
3855,1000,148.3697,14,0.28,,1,0,5,2.0616,1,19,0,0.010683,0.620243,-0.338801,3855000,24496.6
3856,1000,105.0824,11,0.22,,1,0,5,1.9203,1,110,0,0.010629,0.195356,0.347596,3856000,24504.6
3857,1000,172.5857,15,0.3,,1,0,5,2.1651,1,0,0,0.010432,0.253322,-0.537235,3857000,24512.8
3858,1000,114.1321,14,0.28,,1,0,5,2.0616,0,559,0,0.010455,0.196428,0.394892,3858000,24520.7
3859,1000,144.0892,14,0.28,,1,0,5,2.0616,1,308,0,0.010391,0.210448,1.275904,3859000,24529.1
3860,1000,149.9332,14,0.28,,1,0,5,2.0616,1,0,0,0.010125,0.301221,-0.457075,3860000,24537.6
3861,1000,137.0898,14,0.28,,1,0,5,2.0616,1,15,0,0.009774,0.161609,0.182904,3861000,24545.6
3862,1000,160.3333,14,0.28,,1,0,5,2.0616,1,9,0,0.009678,0.2346,-0.026021,3862000,24553.6
3863,1000,114.6788,14,0.28,,1,0,5,2.0616,1,118,0,0.009578,0.414773,-0.22046,3863000,24561.5
3864,1000,82.2429,12,0.24,,1,0,5,1.8708,0,0,0,0.009657,0.320759,0.178858,3864000,24569.5
3865,1000,145.812,14,0.28,,1,0,5,2.0616,1,55,0,0.009767,0.243476,-0.208961,3865000,24577.4
3866,1000,115.7464,14,0.28,,1,0,5,2.0616,1,0,0,0.009818,0.21018,-0.446555,3866000,24585.3
3867,1000,192.6306,15,0.3,,1,0,5,2.1651,2,0,0,0.009617,1.099506,0.27819,3867000,24593.2
3868,1000,98.4464,13,0.26,,1,0,5,1.9203,0,34,0,0.009761,0.265264,-0.948177,3868000,24601.4
3869,1000,133.4443,14,0.28,,1,0,5,2.0616,1,2,0,0.009814,0.219108,0.073068,3869000,24609.6
3870,1000,141.784,14,0.28,,1,0,5,2.0616,1,0,0,0.009782,0.226781,-1.33907,3870000,24617.4
3871,1000,53.0189,9,0.18,,1,0,5,1.9203,0,0,0,0.010023,0.329432,-0.898338,3871000,24625.4
3872,1000,77.4933,12,0.24,,1,0,5,1.8708,0,0,0,0.010094,0.327202,-0.630497,3872000,24633.5
3873,1000,186.3362,14,0.28,,1,0,5,2.0616,2,17,0,0.010367,0.369381,-0.120063,3873000,24641.4
3874,1000,150.7506,15,0.3,,1,0,5,2.1651,1,30,0,0.010216,0.320216,-0.373565,3874000,24649.2
3875,1000,170.4558,14,0.28,,1,0,5,2.0616,2,168,0,0.010066,1.255649,-0.050254,3875000,24656.8
3876,1000,33.9501,7,0.14,,1,0,3,1.299,0,0,0,0.010405,0.268159,-1.039022,3876000,24664.7
3877,1000,104.6792,13,0.26,,1,0,5,1.9203,0,0,0,0.010241,0.328563,-0.747016,3877000,24672.5
3878,1000,58.0263,9,0.18,,1,0,4,1.479,0,0,0,0.010363,0.713046,0.020005,3878000,24680.8
3879,1000,5.964,7,0.14,,1,0,4,1.479,0,0,0,0.010285,0.210687,-0.709672,3879000,24688.8
3880,1000,66.4037,11,0.22,,1,0,4,1.6394,0,21,0,0.010264,0.22392,-0.292708,3880000,24696.7
3881,1000,139.1182,14,0.28,,1,0,5,2.0616,1,94,0,0.010304,0.54975,0.084374,3881000,24704.5
3882,1000,45.355,9,0.18,,1,0,4,1.7854,0,0,0,0.010201,1.194777,-0.625754,3882000,24712.3
3883,1000,48.6057,9,0.18,,1,0,4,1.479,0,0,0,0.010541,0.617712,-0.728579,3883000,24720.3
3884,1000,78.9098,13,0.26,,1,0,5,1.9203,0,0,0,0.010563,0.369428,0.356329,3884000,24728.1
3885,1000,111.4514,12,0.24,,1,0,5,1.8708,1,37,0,0.010287,0.588044,-0.750589,3885000,24736.1
3886,1000,41.8935,8,0.16,,1,0,4,1.5811,0,0,0,0.01032,0.424221,0.281498,3886000,24744.1
3887,1000,69.4913,10,0.2,,1,0,5,1.8028,0,0,0,0.010524,0.307968,-0.183526,3887000,24752.2
3888,1000,137.9856,14,0.28,,1,0,5,2.0616,1,0,0,0.010942,1.253747,-0.54893,3888000,24760.3
3889,1000,73.5653,11,0.22,,1,0,5,1.7854,0,0,0,0.011014,0.304057,-1.214714,3889000,24768.2
3890,1000,143.2649,13,0.26,,1,0,5,1.9203,1,245,0,0.010845,0.613721,-0.829561,3890000,24776.0
3891,1000,132.882,13,0.26,,1,0,5,1.9203,1,3,0,0.010736,0.238966,-0.442418,3891000,24783.9
3892,1000,143.7493,14,0.28,,1,0,5,2.0616,1,273,0,0.010752,0.395702,-0.501673,3892000,24791.9
3893,1000,87.1978,12,0.24,,1,0,5,1.8708,0,648,0,0.01077,0.260234,-0.690708,3893000,24800.4
3894,1000,22.3256,6,0.12,,2,0,4,1.6583,0,0,0,0.011215,0.321628,-0.81563,3894000,24808.6
3895,1000,136.8801,13,0.26,,1,0,5,1.9203,1,0,0,0.010958,0.239247,0.09968,3895000,24816.5
3896,1000,137.7492,13,0.26,,1,0,5,1.9203,1,0,0,0.011135,1.275159,-0.88699,3896000,24824.7
3897,1000,162.0303,14,0.28,,1,0,5,2.0616,1,45,0,0.011472,0.42408,-1.084313,3897000,24833.2
3898,1000,130.4427,14,0.28,,1,0,5,2.0616,1,0,0,0.01128,0.356285,-0.262888,3898000,24841.1
3899,1000,174.9419,15,0.3,,1,0,5,2.1651,1,0,0,0.011488,0.833456,-1.483143,3899000,24848.8
3900,1000,161.5453,14,0.28,,1,0,5,2.0616,2,0,0,0.011777,0.394496,-0.928209,3900000,24856.7
3901,1000,97.16,11,0.22,,1,0,4,1.6394,0,0,0,0.011509,0.350591,1.012611,3901000,24864.8
3902,1000,167.5435,14,0.28,,1,0,5,2.0616,2,13,0,0.011378,0.253658,-0.638053,3902000,24872.5
3903,1000,105.6665,13,0.26,,1,0,5,1.9203,0,47,0,0.01147,1.255371,-0.536118,3903000,24880.4
3904,1000,163.8183,14,0.28,,1,0,5,2.0616,2,183,0,0.011514,0.969562,-1.380988,3904000,24888.3
3905,1000,171.2874,14,0.28,,1,0,5,2.0616,2,22,0,0.011179,0.247748,0.240483,3905000,24896.3
3906,1000,184.2929,14,0.28,,1,0,5,2.0616,2,0,0,0.01112,0.816212,-0.66235,3906000,24904.4
3907,1000,85.0395,9,0.18,,1,0,5,1.9203,1,0,0,0.011459,0.772634,-0.465318,3907000,24912.8
3908,1000,136.922,13,0.26,,1,0,5,1.9203,1,0,0,0.011388,0.260523,-0.88835,3908000,24920.9
3909,1000,182.5235,14,0.28,,1,0,5,2.0616,2,116,0,0.01153,0.482627,-0.322032,3909000,24929.0
3910,1000,141.3914,12,0.24,,1,0,5,2.1213,2,0,0,0.011455,0.304317,-0.674127,3910000,24937.2
3911,1000,175.2951,14,0.28,,1,0,5,2.0616,2,0,0,0.011365,0.782398,-1.325601,3911000,24945.2
3912,1000,220.4329,15,0.3,,1,0,5,2.1651,3,0,0,0.011597,0.518959,-1.088842,3912000,24952.9
3913,1000,136.3816,14,0.28,,1,0,5,2.0616,1,0,0,0.011463,0.247527,-0.228475,3913000,24960.6
3914,1000,136.104,13,0.26,,1,0,5,1.9203,1,104,0,0.011438,0.682717,-0.59056,3914000,24968.8
3915,1000,52.387,8,0.16,,1,0,3,1.2247,0,0,0,0.011648,0.478872,-0.301339,3915000,24976.8
3916,1000,176.6709,14,0.28,,1,0,5,2.0616,2,86,0,0.01204,0.583195,-1.777488,3916000,24985.2
3917,1000,36.6636,7,0.14,,1,0,3,1.299,0,0,0,0.01208,0.359913,-0.175711,3917000,24993.6
3918,1000,206.0805,15,0.3,,1,0,5,2.1651,3,20,0,0.012116,0.263469,0.320182,3918000,25002.0
3919,1000,170.1712,14,0.28,,1,0,5,2.0616,2,0,0,0.011896,0.326185,-0.039975,3919000,25010.5
3920,1000,183.9769,14,0.28,,1,0,5,2.0616,2,19,0,0.011703,0.297208,-1.010878,3920000,25019.1
3921,1000,176.3914,14,0.28,,1,0,5,2.0616,2,45,0,0.01164,0.294228,-0.415097,3921000,25027.2
3922,1000,13.8605,6,0.12,,1,0,3,1.118,0,152,0,0.011807,0.313161,-0.642526,3922000,25035.6
3923,1000,177.8017,14,0.28,,1,0,5,2.0616,2,0,0,0.011484,0.260636,-0.531374,3923000,25044.0
3924,1000,179.4541,14,0.28,,1,0,5,2.0616,2,94,0,0.011096,0.238372,-0.895015,3924000,25051.9
3925,1000,181.8101,14,0.28,,1,0,5,2.0616,2,1,0,0.010926,0.37445,-1.055434,3925000,25059.9
3926,1000,139.1722,15,0.3,,1,0,5,2.1651,0,0,0,0.011135,0.361758,-0.855574,3926000,25067.8
3927,1000,148.6294,13,0.26,,1,0,5,2.0463,2,0,0,0.011255,0.420506,0.466361,3927000,25076.1
3928,1000,109.9443,13,0.26,,1,0,5,1.9203,1,0,0,0.011068,0.374157,-0.089087,3928000,25084.7
3929,1000,130.6825,12,0.24,,1,0,5,1.8708,1,0,0,0.010876,0.345249,-0.3109,3929000,25093.5
3930,1000,176.9166,14,0.28,,1,0,5,2.0616,2,0,0,0.01075,0.394308,-0.708007,3930000,25102.3
3931,1000,142.9092,15,0.3,,1,0,5,2.1651,0,90,0,0.01047,0.58118,-1.569773,3931000,25111.3
3932,1000,185.1585,14,0.28,,1,0,5,2.0616,2,8,0,0.01028,0.414346,-0.195124,3932000,25119.4
3933,1000,56.9554,12,0.24,,1,0,5,1.8708,0,0,0,0.010358,0.296273,-0.366657,3933000,25128.1
3934,1000,153.6504,15,0.3,,1,0,5,2.1651,1,357,0,0.010476,0.564332,-0.300652,3934000,25136.4
3935,1000,129.3844,13,0.26,,1,0,5,2.0463,1,0,0,0.010752,0.387345,-0.209135,3935000,25144.6
3936,1000,159.0322,14,0.28,,1,0,5,2.0616,1,50,0,0.010486,0.260926,-1.090414,3936000,25152.9
3937,1000,68.2805,10,0.2,,1,0,4,1.5,0,0,0,0.010711,0.278951,-0.76663,3937000,25161.4
3938,1000,28.0635,10,0.2,,1,0,4,1.5,0,0,0,0.010895,0.256742,-1.139344,3938000,25169.7
3939,1000,149.3198,13,0.26,,1,0,5,2.0463,2,0,0,0.010661,0.523761,-0.614388,3939000,25177.5
3940,1000,59.3023,10,0.2,,1,0,5,1.8028,0,124,0,0.010634,0.902761,-0.850961,3940000,25185.5
3941,1000,51.0263,9,0.18,,1,0,4,1.479,0,0,0,0.010658,1.283185,-0.421127,3941000,25193.6
3942,1000,152.5771,14,0.28,,1,0,5,2.0616,1,57,0,0.010611,0.452938,-1.255367,3942000,25201.6
3943,1000,196.6921,15,0.3,,1,0,5,2.1651,2,3,0,0.010501,0.428056,-0.401248,3943000,25209.5
3944,1000,-21.0131,5,0.1,,1,0,2,0.8292,0,0,0,0.010571,0.354383,-1.618012,3944000,25217.4
3945,1000,178.4602,14,0.28,,1,0,5,2.0616,2,0,0,0.010392,0.189378,-0.315192,3945000,25225.4
3946,1000,167.9714,14,0.28,,1,0,5,2.0616,2,241,0,0.009932,0.16721,-0.902703,3946000,25233.5
3947,1000,223.8881,15,0.3,,1,0,5,2.1651,3,7,0,0.009914,0.259944,-0.067761,3947000,25241.5
3948,1000,70.356,10,0.2,,1,0,5,2.0616,0,21,0,0.009676,0.52461,-0.390211,3948000,25249.5
3949,1000,175.0609,14,0.28,,1,0,5,2.0616,2,138,0,0.009565,0.258476,-1.110293,3949000,25257.6
3950,1000,110.2156,14,0.28,,1,0,5,2.0616,0,294,0,0.009598,0.301578,-1.347134,3950000,25265.4
3951,1000,169.0632,14,0.28,,1,0,5,2.0616,2,68,0,0.009441,0.260413,-0.870129,3951000,25273.2
3952,1000,144.0903,14,0.28,,1,0,5,2.0616,1,530,0,0.009504,0.268619,-0.810597,3952000,25281.0
3953,1000,103.5706,10,0.2,,1,0,5,1.8028,1,0,0,0.009366,0.261792,-1.257818,3953000,25289.5
3954,1000,148.5821,14,0.28,,1,0,5,2.0616,1,433,0,0.00939,0.321372,-1.421598,3954000,25297.2
3955,1000,11.9318,7,0.14,,1,0,3,1.0897,0,0,0,0.009305,0.206508,-1.060511,3955000,25305.0
3956,1000,146.4937,14,0.28,,1,0,6,2.1794,1,0,0,0.009436,0.235914,-0.774757,3956000,25312.9
3957,1000,206.1151,15,0.3,,1,0,5,2.1651,2,23,0,0.009608,0.375785,-1.724898,3957000,25320.8
3958,1000,112.3105,13,0.26,,1,0,5,2.0463,1,0,0,0.009454,0.329394,-0.480059,3958000,25328.7
3959,1000,92.7855,12,0.24,,1,0,5,2.1213,0,0,0,0.009354,0.224388,-1.917511,3959000,25336.7
3960,1000,155.7006,15,0.3,,1,0,5,2.1651,1,0,0,0.009238,0.30372,-1.141549,3960000,25344.7
3961,1000,50.5997,9,0.18,,1,0,4,1.479,0,194,0,0.009148,0.263244,-1.139547,3961000,25352.7
3962,1000,167.677,14,0.28,,1,0,5,2.0616,2,0,0,0.009417,0.494185,-0.422633,3962000,25360.8
3963,1000,184.8652,14,0.28,,1,0,5,2.0616,2,319,0,0.00928,0.176229,-0.961628,3963000,25368.7
3964,1000,176.6047,14,0.28,,1,0,5,2.0616,2,0,0,0.009152,0.346335,-0.672652,3964000,25376.6
3965,1000,181.7993,14,0.28,,1,0,5,2.0616,2,177,0,0.009077,0.240449,-0.422753,3965000,25384.5
3966,1000,175.7224,14,0.28,,1,0,5,2.0616,2,401,0,0.009124,0.347048,-1.774877,3966000,25392.3
3967,1000,120.8156,14,0.28,,1,0,5,2.0616,1,454,0,0.008889,0.232182,-1.380589,3967000,25400.5
3968,1000,138.1072,15,0.3,,1,0,5,2.1651,0,70,0,0.008992,0.479177,-0.826241,3968000,25408.7
3969,1000,30.0686,9,0.18,,1,0,5,1.7854,0,0,0,0.00923,0.261067,-2.014693,3969000,25417.2
3970,1000,150.0462,14,0.28,,1,0,5,2.0616,1,126,0,0.00897,0.238232,-1.379712,3970000,25425.3
3971,1000,176.3,14,0.28,,1,0,5,2.0616,2,49,0,0.008972,0.249894,-0.977068,3971000,25433.3
3972,1000,181.4914,14,0.28,,1,0,5,2.0616,2,97,0,0.009162,0.328689,-1.367684,3972000,25441.2
3973,1000,197.287,15,0.3,,1,0,5,2.1651,2,2,0,0.009063,0.247773,-0.10188,3973000,25448.9
3974,1000,165.8023,14,0.28,,1,0,5,2.0616,2,0,0,0.00913,2.325241,-1.645782,3974000,25456.6
3975,1000,51.2451,9,0.18,,1,0,3,1.299,0,121,0,0.009336,0.295989,-1.270834,3975000,25464.5
3976,1000,114.0999,11,0.22,,1,0,5,1.9203,1,132,0,0.009287,0.35892,-0.920309,3976000,25472.3
3977,1000,102.0711,11,0.22,,1,0,5,1.9203,1,3,0,0.009148,0.217224,-1.16908,3977000,25480.2
3978,1000,202.0243,15,0.3,,1,0,5,2.1651,2,2,0,0.009124,0.224067,-0.932181,3978000,25488.1
3979,1000,37.983,9,0.18,,1,0,4,1.479,0,0,0,0.009158,0.254369,-0.712474,3979000,25496.5
3980,1000,183.1686,15,0.3,,1,0,5,2.1651,2,1,0,0.00914,0.317667,-0.60757,3980000,25504.1
3981,1000,199.6359,15,0.3,,1,0,5,2.1651,2,5,0,0.009204,0.963897,-1.688945,3981000,25511.7
3982,1000,118.5676,14,0.28,,1,0,5,2.0616,0,3,0,0.009115,0.205311,-1.534967,3982000,25519.5
3983,1000,169.9455,13,0.26,,1,0,5,2.0463,2,0,0,0.008618,0.187706,-1.358045,3983000,25527.3
3984,1000,53.1564,9,0.18,,1,0,4,1.479,0,0,0,0.008785,0.217682,-0.668931,3984000,25535.6
3985,1000,120.8509,14,0.28,,1,0,5,2.0616,0,0,0,0.008819,0.324505,-0.812624,3985000,25543.4
3986,1000,140.1548,14,0.28,,1,0,5,2.0616,1,0,0,0.008788,0.41847,-1.389652,3986000,25551.5
3987,1000,181.2874,14,0.28,,1,0,5,2.0616,2,0,0,0.0083,0.598454,-1.054533,3987000,25559.8
3988,1000,31.6581,8,0.16,,1,0,3,1.2247,0,0,0,0.008251,0.17706,-0.648512,3988000,25568.8
3989,1000,52.738,8,0.16,,1,0,4,1.5811,0,0,0,0.008393,0.195144,-1.17668,3989000,25576.8
3990,1000,46.9893,7,0.14,,2,0,4,1.7854,0,2,0,0.008531,0.270923,-0.61384,3990000,25584.6
3991,1000,201.8252,15,0.3,,1,0,5,2.1651,3,0,0,0.008612,0.208868,-1.362941,3991000,25592.5
3992,1000,54.829,7,0.14,,1,0,3,1.299,0,0,0,0.008581,0.446041,-1.188728,3992000,25600.8
3993,1000,136.187,12,0.24,,1,0,5,1.8708,1,0,0,0.008846,0.229039,0.0906,3993000,25608.7
3994,1000,26.6637,7,0.14,,1,0,4,1.479,0,0,0,0.00895,0.330868,-0.512393,3994000,25616.7
3995,1000,110.5146,11,0.22,,1,0,5,1.7854,1,0,0,0.009007,0.328721,-0.513194,3995000,25624.8
3996,1000,59.0291,10,0.2,,1,0,4,1.5,0,0,0,0.009079,0.3206,-0.607955,3996000,25632.8
3997,1000,42.1814,9,0.18,,1,0,4,1.7854,0,0,0,0.009148,0.455429,-0.592997,3997000,25640.6
3998,1000,73.069,11,0.22,,1,0,5,1.7854,0,348,0,0.00926,0.201134,-0.876302,3998000,25648.5
3999,1000,102.4099,11,0.22,,1,0,5,2.2776,1,0,0,0.009205,0.413769,-0.100073,3999000,25656.2
4000,1000,181.0952,14,0.28,,1,0,5,2.0616,2,0,0,0.009381,0.339868,0.057858,4000000,25664.0
4001,1000,148.2844,14,0.28,,1,0,5,2.0616,1,10,0,0.009504,0.366676,-0.524574,4001000,25672.0
4002,1000,219.8618,15,0.3,,1,0,5,2.1651,3,0,0,0.009545,0.383496,-0.559777,4002000,25680.2
4003,1000,181.4569,14,0.28,,1,0,5,2.0616,2,0,0,0.009654,0.312318,-0.903915,4003000,25688.3
4004,1000,188.1496,15,0.3,,1,0,6,2.2776,2,0,0,0.00982,0.223301,-0.270827,4004000,25696.9
4005,1000,156.9108,14,0.28,,1,0,5,2.0616,2,0,0,0.009971,0.780618,0.126019,4005000,25705.2
4006,1000,185.8284,14,0.28,,1,0,5,2.0616,2,0,0,0.009906,0.371718,-0.964389,4006000,25713.0
4007,1000,137.0039,14,0.28,,1,0,5,2.0616,1,134,0,0.009672,0.226332,0.305709,4007000,25721.2
4008,1000,184.446,14,0.28,,1,0,5,2.0616,2,1,0,0.009504,0.206402,0.006457,4008000,25729.3
4009,1000,212.9086,15,0.3,,1,0,5,2.1651,3,0,0,0.009453,0.194452,-0.01113,4009000,25737.2
4010,1000,58.5467,9,0.18,,1,0,3,1.299,0,0,0,0.009487,0.202155,0.225403,4010000,25745.2
4011,1000,126.4437,13,0.26,,1,0,5,2.0463,1,0,0,0.009574,0.228467,-0.448487,4011000,25753.3
4012,1000,67.2926,12,0.24,,1,0,5,1.8708,0,0,0,0.009506,0.212005,0.283104,4012000,25761.8
4013,1000,64.1374,11,0.22,,1,0,4,1.6394,0,0,0,0.00951,0.259897,-0.80901,4013000,25770.1
4014,1000,169.6134,14,0.28,,1,0,5,2.0616,2,128,0,0.009283,0.19188,0.079394,4014000,25778.6
4015,1000,179.4787,15,0.3,,1,0,5,2.1651,2,74,0,0.009368,0.172437,-0.094562,4015000,25788.7
4016,1000,221.9054,15,0.3,,1,0,5,2.1651,3,0,0,0.009126,0.216694,0.548882,4016000,25798.2
4017,1000,161.0958,15,0.3,,1,0,5,2.1651,1,55,0,0.00902,0.616724,-0.504465,4017000,25807.8
4018,1000,104.0499,15,0.3,,1,0,5,2.1651,0,1165,0,0.009007,0.198552,0.031061,4018000,25817.2
4019,1000,188.0382,15,0.3,,1,0,5,2.1651,2,11,0,0.009315,0.244688,-0.363432,4019000,25826.4
4020,1000,178.9166,14,0.28,,1,0,5,2.0616,2,0,0,0.009161,0.190102,0.712378,4020000,25835.4
4021,1000,131.9717,14,0.28,,1,0,5,2.0616,1,0,0,0.008892,0.307162,0.469808,4021000,25844.9
4022,1000,214.198,16,0.32,,1,0,6,2.3452,3,83,0,0.008791,0.2185,0.319613,4022000,25854.7
4023,1000,183.4858,15,0.3,,1,0,6,2.2776,2,20,0,0.008837,0.338967,0.115721,4023000,25864.2
4024,1000,182.3596,14,0.28,,1,0,5,2.0616,2,0,0,0.008723,0.387337,-0.574029,4024000,25873.6
4025,1000,42.7023,9,0.18,,1,0,4,1.7854,0,105,0,0.008849,0.342866,0.136213,4025000,25883.0
4026,1000,45.7024,9,0.18,,1,0,4,1.479,0,0,0,0.009083,0.251048,0.857488,4026000,25892.2
4027,1000,164.1683,14,0.28,,1,0,5,2.0616,2,14,0,0.009074,0.263431,0.579618,4027000,25900.9
4028,1000,219.303,15,0.3,,1,0,5,2.1651,3,2,0,0.008971,0.193147,0.1759,4028000,25909.3
4029,1000,177.0908,14,0.28,,1,0,5,2.0616,2,19,0,0.008653,0.208378,0.625765,4029000,25918.7
4030,1000,216.1408,15,0.3,,1,0,5,2.1651,3,0,0,0.008663,0.216788,0.298607,4030000,25927.3
4031,1000,173.0296,14,0.28,,1,0,5,2.0616,2,221,0,0.008851,0.23038,0.164984,4031000,25935.3
4032,1000,53.0014,10,0.2,,1,0,4,1.6583,0,171,0,0.008904,1.300358,-0.235444,4032000,25943.3
4033,1000,142.2705,14,0.28,,1,0,5,2.0616,1,89,0,0.009127,0.607756,-0.097265,4033000,25951.9
4034,1000,13.8977,8,0.16,,1,0,4,1.5811,0,0,0,0.009267,0.478518,0.246753,4034000,25961.2
4035,1000,205.7441,15,0.3,,1,0,5,2.1651,3,24,0,0.009029,0.391736,0.729111,4035000,25970.6
4036,1000,84.9774,12,0.24,,1,0,5,1.8708,0,0,0,0.009026,0.405693,-0.935628,4036000,25980.0
4037,1000,191.6487,14,0.28,,1,0,5,2.0616,2,6,0,0.009273,0.238229,0.090614,4037000,25989.3
4038,1000,62.5493,8,0.16,,1,0,3,1.2247,0,0,0,0.009313,0.913952,0.172728,4038000,25998.8
4039,1000,6.3615,8,0.16,,1,0,4,1.5811,0,0,0,0.009532,0.30436,-0.193861,4039000,26007.9
4040,1000,17.7886,5,0.1,,1,0,3,1.0897,0,0,0,0.009807,0.433408,0.036329,4040000,26017.1
4041,1000,25.1582,6,0.12,,1,0,3,1.118,0,0,0,0.009768,0.247682,-0.309778,4041000,26026.6
4042,1000,35.2775,8,0.16,,1,0,4,1.5811,0,0,0,0.009901,0.592035,-0.943315,4042000,26035.6
4043,1000,37.9965,8,0.16,,1,0,4,1.4142,0,0,0,0.010006,2.60433,-0.936933,4043000,26044.5
4044,1000,6.3478,8,0.16,,1,0,3,1.2247,0,0,0,0.010039,3.587721,-0.248475,4044000,26053.6
4045,1000,34.3259,8,0.16,,1,0,4,1.5811,0,150,0,0.010269,0.373446,0.255684,4045000,26062.8
4046,1000,43.7595,8,0.16,,1,0,4,1.5811,0,0,0,0.01031,0.332641,0.207386,4046000,26071.8
4047,1000,111.8017,12,0.24,,1,0,5,1.8708,1,0,0,0.0103,0.287449,0.197013,4047000,26081.3
4048,1000,32.2379,8,0.16,,1,0,4,1.5811,0,0,0,0.010212,0.249708,-0.152131,4048000,26090.4
4049,1000,63.3329,12,0.24,,1,0,4,1.7321,0,0,0,0.010407,0.26957,-1.020295,4049000,26099.4
4050,1000,130.7178,13,0.26,,1,0,5,1.9203,1,233,0,0.010468,0.813465,-0.46614,4050000,26108.2
4051,1000,22.6613,10,0.2,,1,0,4,1.6583,0,0,0,0.010714,0.301127,0.011735,4051000,26117.4
4052,1000,56.1281,9,0.18,,2,0,5,2.2776,0,0,0,0.010818,0.549265,0.038405,4052000,26125.9
4053,1000,73.0221,10,0.2,,1,0,4,1.5,0,14,0,0.010921,0.639221,0.002882,4053000,26134.9
4054,1000,-16.0255,7,0.14,,1,0,4,1.479,0,0,0,0.011295,0.430354,-0.500325,4054000,26143.6
4055,1000,10.7154,6,0.12,,1,0,3,1.118,0,610,0,0.011408,0.321523,0.567653,4055000,26153.0
4056,1000,70.7617,12,0.24,,1,0,5,1.8708,0,53,0,0.011636,0.752639,-0.217161,4056000,26161.8
4057,1000,178.2952,14,0.28,,1,0,5,2.0616,2,0,0,0.01172,0.258161,-0.220536,4057000,26170.6
4058,1000,151.1839,13,0.26,,1,0,5,2.0463,2,0,0,0.011543,0.227677,1.600765,4058000,26179.5
4059,1000,39.2116,9,0.18,,1,0,3,1.299,0,0,0,0.011425,0.334491,-0.13286,4059000,26188.5
4060,1000,234.2879,15,0.3,,1,0,5,2.1651,3,0,0,0.011224,0.263946,0.157085,4060000,26197.2
4061,1000,146.2937,14,0.28,,1,0,5,2.0616,1,0,0,0.011068,0.31188,0.289814,4061000,26206.1
4062,1000,225.5225,15,0.3,,1,0,5,2.1651,3,0,0,0.011136,0.300101,-0.445777,4062000,26214.8
4063,1000,129.8806,13,0.26,,1,0,5,1.9203,1,0,0,0.011463,0.368758,0.054942,4063000,26223.5
4064,1000,-19.5053,4,0.08,,2,0,3,1.2247,0,0,0,0.011668,0.427096,0.147134,4064000,26232.5
4065,1000,20.3068,8,0.16,,1,0,4,1.5811,0,0,0,0.011779,0.318599,0.47537,4065000,26241.8
4066,1000,26.1203,8,0.16,,2,0,4,2.0,0,0,0,0.01159,0.266936,-0.452478,4066000,26251.0
4067,1000,201.8604,15,0.3,,1,0,5,2.1651,2,0,0,0.011645,0.781756,0.156153,4067000,26260.1
4068,1000,121.9748,13,0.26,,1,0,5,1.9203,1,2,0,0.01183,0.864057,-0.485138,4068000,26268.5
4069,1000,162.3284,14,0.28,,1,0,5,2.0616,1,0,0,0.011604,1.845777,0.342358,4069000,26277.3
4070,1000,94.7297,14,0.28,,1,0,5,2.0616,0,267,0,0.011596,0.798656,0.789768,4070000,26285.7
4071,1000,115.7323,13,0.26,,1,0,5,1.9203,1,152,0,0.011412,0.820819,-0.536197,4071000,26294.4
4072,1000,194.7495,15,0.3,,1,0,6,2.2776,2,15,0,0.01148,0.327127,0.111791,4072000,26303.6
4073,1000,136.5993,13,0.26,,1,0,5,1.9203,1,34,0,0.011568,0.552048,0.892777,4073000,26312.7
4074,1000,63.0096,9,0.18,,1,0,5,1.9203,0,0,0,0.011787,0.454018,0.720633,4074000,26321.8
4075,1000,46.7663,7,0.14,,2,0,4,1.7854,0,0,0,0.011932,0.403049,0.804671,4075000,26330.8
4076,1000,234.0311,15,0.3,,1,0,5,2.1651,3,42,0,0.012001,0.31663,0.536827,4076000,26339.4
4077,1000,-19.5319,3,0.06,,2,0,2,0.8292,0,0,0,0.011838,0.515414,0.038475,4077000,26348.5
4078,1000,184.54,14,0.28,,1,0,5,2.0616,2,0,0,0.011913,0.275115,1.470706,4078000,26357.6
4079,1000,211.8722,15,0.3,,1,0,5,2.1651,3,0,0,0.011934,0.587076,-0.119645,4079000,26366.9
4080,1000,169.0052,14,0.28,,1,0,5,2.0616,2,0,0,0.011998,0.324783,0.231349,4080000,26375.9
4081,1000,177.2158,14,0.28,,1,0,5,2.0616,2,0,0,0.012036,0.280775,1.05951,4081000,26385.7
4082,1000,167.9834,15,0.3,,1,0,5,2.1651,1,60,0,0.011952,0.256365,0.081295,4082000,26395.5
4083,1000,139.3054,14,0.28,,1,0,5,2.0616,1,0,0,0.011917,0.35937,-0.785154,4083000,26404.6
4084,1000,229.1486,15,0.3,,1,0,5,2.1651,3,0,0,0.011884,0.230213,-0.351979,4084000,26413.2
4085,1000,177.1672,14,0.28,,1,0,5,2.0616,2,18,0,0.011728,0.411387,-0.240441,4085000,26422.2
4086,1000,177.2392,13,0.26,,1,0,5,2.0463,2,262,0,0.011912,0.374669,-0.510942,4086000,26431.1
4087,1000,223.2941,15,0.3,,1,0,5,2.1651,3,0,0,0.012112,0.681995,-0.733705,4087000,26440.1
4088,1000,77.7315,10,0.2,,1,0,5,2.0616,0,0,0,0.012373,0.614377,-0.365792,4088000,26449.2
4089,1000,150.404,14,0.28,,1,0,5,2.0616,1,49,0,0.0119,0.78,-1.043411,4089000,26457.6
4090,1000,129.5976,12,0.24,,1,0,5,1.8708,1,148,0,0.012141,0.781695,-0.779331,4090000,26465.8
4091,1000,156.9913,14,0.28,,1,0,5,2.0616,1,0,0,0.01193,0.485194,-1.271136,4091000,26474.2
4092,1000,122.2899,12,0.24,,1,0,5,1.8708,1,0,0,0.011712,1.092975,0.265999,4092000,26483.1
4093,1000,130.1828,14,0.28,,1,0,5,2.0616,0,69,0,0.011598,0.303017,-0.419337,4093000,26491.8
4094,1000,155.0473,14,0.28,,1,0,5,2.0616,1,29,0,0.011316,0.457323,-0.421694,4094000,26500.4
4095,1000,136.6508,13,0.26,,1,0,5,1.9203,1,0,0,0.011676,0.286804,-0.864818,4095000,26508.9
4096,1000,180.347,14,0.28,,1,0,5,2.0616,2,13,0,0.011845,0.301109,-0.512472,4096000,26517.6
4097,1000,140.5573,14,0.28,,1,0,5,2.0616,1,0,0,0.011569,0.255214,-0.216638,4097000,26526.2
4098,1000,192.3179,15,0.3,,1,0,5,2.1651,2,37,0,0.011301,0.248199,-0.057179,4098000,26535.0
4099,1000,142.768,15,0.3,,1,0,5,2.1651,1,0,0,0.01127,0.303768,-0.491074,4099000,26543.6
4100,1000,185.4778,14,0.28,,1,0,5,2.0616,2,0,0,0.011076,0.404189,-0.405947,4100000,26553.0
4101,1000,211.2829,16,0.32,,1,0,6,2.3452,2,0,0,0.011205,0.206801,-0.733582,4101000,26561.3
4102,1000,185.1812,15,0.3,,1,0,5,2.1651,2,0,0,0.010898,0.265306,-1.167459,4102000,26570.5
4103,1000,159.6115,15,0.3,,1,0,5,2.1651,1,106,0,0.010996,0.316568,-1.339666,4103000,26579.5
4104,1000,181.5001,14,0.28,,1,0,5,2.0616,2,27,0,0.01108,0.345329,-0.767747,4104000,26588.1
4105,1000,130.5478,13,0.26,,1,0,5,1.9203,1,0,0,0.011071,0.304665,-0.746104,4105000,26597.0
4106,1000,94.3744,13,0.26,,1,0,5,2.0463,0,118,0,0.01126,0.316608,-1.273093,4106000,26605.6
4107,1000,96.3883,13,0.26,,1,0,5,1.9203,0,102,0,0.011388,0.530293,-1.919902,4107000,26614.3
4108,1000,150.6919,14,0.28,,1,0,5,2.0616,1,204,0,0.011264,0.513672,-1.082286,4108000,26623.0
4109,1000,149.0494,14,0.28,,1,0,5,2.0616,1,113,0,0.011461,0.256253,0.12729,4109000,26632.1
4110,1000,198.0626,15,0.3,,1,0,5,2.1651,2,0,0,0.011255,0.282702,-1.281587,4110000,26641.0
4111,1000,179.2873,14,0.28,,1,0,5,2.0616,2,0,0,0.010973,0.278462,-0.890703,4111000,26650.3
4112,1000,232.5397,19,0.38,,1,0,9,3.1918,2,3,0,0.011198,0.360409,-0.89224,4112000,26658.9
4113,1000,161.4824,14,0.28,,1,0,5,2.0616,1,0,0,0.011312,0.567842,-2.346057,4113000,26668.1
4114,1000,173.4206,15,0.3,,1,0,5,2.1651,1,11,0,0.011164,0.3653,-0.561271,4114000,26676.8
4115,1000,114.9971,13,0.26,,1,0,5,2.0463,0,0,0,0.011056,0.218922,-0.792019,4115000,26685.5
4116,1000,155.6094,14,0.28,,1,0,5,2.0616,1,93,0,0.011017,0.56336,-1.944953,4116000,26694.1
4117,1000,38.3032,8,0.16,,1,0,4,1.5811,0,75,0,0.011107,0.638671,-1.076692,4117000,26702.8
4118,1000,125.2871,15,0.3,,1,0,5,2.1651,0,165,0,0.011136,0.256156,-1.82155,4118000,26711.9
4119,1000,132.7186,13,0.26,,1,0,5,1.9203,1,0,0,0.011082,2.636711,-1.270277,4119000,26720.7
4120,1000,128.3815,15,0.3,,1,0,5,2.1651,0,13,0,0.011078,0.467817,-1.289434,4120000,26729.4
4121,1000,174.021,15,0.3,,1,0,5,2.1651,1,0,0,0.01087,0.432482,-1.398057,4121000,26738.0
4122,1000,106.7746,13,0.26,,1,0,5,1.9203,0,151,0,0.011048,1.108975,-1.625577,4122000,26746.9
4123,1000,157.589,15,0.3,,1,0,6,2.2776,1,0,0,0.011214,0.520077,-1.461403,4123000,26756.0
4124,1000,69.2251,10,0.2,,1,0,5,1.8028,0,43,0,0.011371,0.236287,-1.005587,4124000,26765.1
4125,1000,158.6647,15,0.3,,1,0,5,2.1651,1,2,0,0.011353,3.707265,-0.600914,4125000,26773.7
4126,1000,188.1,15,0.3,,1,0,5,2.1651,2,107,0,0.011248,0.649037,-1.176608,4126000,26782.2
4127,1000,93.0549,12,0.24,,1,0,5,1.8708,0,0,0,0.011011,0.276269,-1.60919,4127000,26791.0
4128,1000,175.7795,15,0.3,,1,0,5,2.1651,1,0,0,0.011106,8.988502,-1.318997,4128000,26799.5
4129,1000,187.8119,14,0.28,,1,0,5,2.0616,2,0,0,0.0113,0.213735,-1.160545,4129000,26808.1
4130,1000,89.9386,13,0.26,,1,0,5,2.0463,0,0,0,0.011448,1.402254,-0.61075,4130000,26817.3
4131,1000,149.7291,14,0.28,,1,0,5,2.0616,1,0,0,0.011375,0.34323,-1.085253,4131000,26826.4
4132,1000,10.515,8,0.16,,1,0,4,1.5811,0,0,0,0.011392,0.688714,-1.147623,4132000,26834.9
4133,1000,192.6652,14,0.28,,1,0,5,2.0616,2,0,0,0.011461,0.326524,-1.164449,4133000,26843.4
4134,1000,-11.8893,2,0.04,,3,0,2,0.866,0,0,0,0.011512,0.457066,-0.929859,4134000,26851.5
4135,1000,53.2955,9,0.18,,2,0,5,2.2776,0,0,0,0.011413,0.319466,-1.444135,4135000,26860.0
4136,1000,-35.6706,3,0.06,,2,0,2,0.8292,0,0,0,0.011812,0.343899,-1.025881,4136000,26869.2
4137,1000,66.2143,11,0.22,,1,0,5,1.7854,0,0,0,0.011722,0.406503,-1.50176,4137000,26878.3
4138,1000,81.64,12,0.24,,1,0,5,1.8708,0,0,0,0.011993,0.334954,-1.201927,4138000,26887.2
4139,1000,94.3922,13,0.26,,1,0,5,2.0463,0,0,0,0.011884,0.729551,-1.357924,4139000,26896.2
4140,1000,136.7096,13,0.26,,1,0,5,1.9203,1,0,0,0.010999,0.32404,-2.035625,4140000,26905.3
4141,1000,49.6275,9,0.18,,1,0,4,1.479,0,3,0,0.010558,0.391331,-1.922329,4141000,26914.9
4142,1000,135.7374,14,0.28,,1,0,5,2.0616,1,5,0,0.010625,0.310198,-1.54882,4142000,26923.5
4143,1000,125.8124,13,0.26,,1,0,5,1.9203,1,0,0,0.010653,0.302277,-1.395941,4143000,26931.9
4144,1000,88.9059,13,0.26,,1,0,5,1.9203,0,322,0,0.010594,0.320191,-1.711224,4144000,26940.8
4145,1000,60.2114,9,0.18,,1,0,4,1.479,0,0,0,0.010437,0.341258,-1.280832,4145000,26950.5
4146,1000,143.7275,13,0.26,,1,0,5,2.0463,2,0,0,0.010646,0.635057,-1.068713,4146000,26959.3
4147,1000,57.6519,8,0.16,,1,0,4,1.5811,0,0,0,0.010349,0.540389,-0.769564,4147000,26967.8
4148,1000,130.8253,13,0.26,,1,0,5,1.9203,1,0,0,0.010093,0.42931,-2.193314,4148000,26976.3
4149,1000,13.4134,5,0.1,,1,0,2,0.8292,0,0,0,0.010005,0.309318,-1.186511,4149000,26985.1
4150,1000,128.7217,12,0.24,,1,0,5,1.8708,1,0,0,0.010175,0.247711,-0.672755,4150000,26994.3
4151,1000,45.0098,9,0.18,,1,0,4,1.7854,0,0,0,0.010272,0.340163,-1.951041,4151000,27003.6
4152,1000,107.7399,14,0.28,,1,0,5,2.0616,0,1,0,0.010407,0.233351,-1.653796,4152000,27012.4
4153,1000,19.59,6,0.12,,2,0,4,1.6583,0,15,0,0.010289,0.324011,-1.737839,4153000,27020.9
4154,1000,110.076,12,0.24,,1,0,5,2.1213,0,0,0,0.010327,0.423754,-0.518658,4154000,27029.6
4155,1000,133.3835,13,0.26,,1,0,5,2.0463,1,0,0,0.010477,0.425251,-1.81879,4155000,27038.2
4156,1000,74.6053,9,0.18,,1,0,5,1.7854,1,0,0,0.01058,0.429204,-1.773179,4156000,27046.6
4157,1000,59.0309,8,0.16,,1,0,4,1.5811,0,56,0,0.010891,0.502518,-0.986895,4157000,27055.1
4158,1000,170.5366,14,0.28,,1,0,5,2.0616,2,0,0,0.01106,0.513427,-1.213175,4158000,27063.8
4159,1000,108.0892,11,0.22,,1,0,5,2.2776,2,34,0,0.010757,0.327497,-1.715942,4159000,27072.2
4160,1000,91.2543,11,0.22,,1,0,5,1.9203,1,0,0,0.011063,0.408224,-1.24099,4160000,27080.3
4161,1000,85.8397,9,0.18,,1,0,5,1.7854,1,301,0,0.011091,0.441527,-0.715717,4161000,27088.2
4162,1000,174.4708,14,0.28,,1,0,5,2.0616,2,90,0,0.010975,0.286831,-0.990274,4162000,27095.9
4163,1000,109.8406,12,0.24,,1,0,5,2.1213,0,6,0,0.010952,0.524207,-1.50848,4163000,27103.5
4164,1000,52.1156,9,0.18,,1,0,4,1.479,0,0,0,0.010749,4.645264,-0.352505,4164000,27111.3
4165,1000,30.9039,9,0.18,,1,0,4,1.479,0,0,0,0.010847,0.498121,-1.739335,4165000,27119.2
4166,1000,150.7264,14,0.28,,1,0,5,2.0616,1,13,0,0.010847,0.386962,-0.914004,4166000,27127.1
4167,1000,151.1859,14,0.28,,0,1,5,1.6583,2,0,0,0.01084,0.491285,-0.222833,4167000,27135.0
4168,1000,111.7589,14,0.28,,1,0,5,2.0616,0,0,0,0.011247,1.436854,-1.26389,4168000,27142.8
4169,1000,177.8678,14,0.28,,1,0,6,2.2913,2,0,0,0.011075,0.324925,-1.310613,4169000,27150.7
4170,1000,134.5347,13,0.26,,1,0,5,2.0463,1,0,0,0.011202,0.230526,-1.358336,4170000,27158.6
4171,1000,27.7788,7,0.14,,1,0,4,1.479,0,39,0,0.01137,0.766414,-0.596315,4171000,27166.8
4172,1000,64.7924,10,0.2,,1,0,4,1.5,0,0,0,0.011727,1.007128,-0.593227,4172000,27174.7
4173,1000,90.5908,11,0.22,,1,0,5,1.7854,1,0,0,0.012018,0.636387,-1.027771,4173000,27183.0
4174,1000,39.4788,9,0.18,,1,0,4,1.479,0,12,0,0.011713,0.574784,-0.289632,4174000,27191.4
4175,1000,83.7157,12,0.24,,1,0,5,1.8708,0,0,0,0.011574,0.687174,-1.215873,4175000,27199.4
4176,1000,110.8478,13,0.26,,1,0,5,1.9203,0,94,0,0.011646,0.521176,0.077036,4176000,27207.4
4177,1000,78.3254,11,0.22,,1,0,5,1.7854,0,9,0,0.0117,0.856107,-0.215196,4177000,27215.4
4178,1000,116.0636,13,0.26,,1,0,5,2.0463,0,12,0,0.011822,0.296685,-1.193679,4178000,27223.2
4179,1000,63.3995,11,0.22,,1,0,4,1.6394,0,0,0,0.01176,0.315957,-1.162606,4179000,27231.0
4180,1000,133.2825,14,0.28,,1,0,5,2.0616,1,56,0,0.011665,0.34212,-0.987758,4180000,27239.6
4181,1000,142.4803,13,0.26,,1,0,5,2.0463,1,0,0,0.011925,0.439584,0.289021,4181000,27248.4
4182,1000,62.9216,10,0.2,,1,0,5,1.8028,0,0,0,0.012076,0.590249,0.181623,4182000,27257.0
4183,1000,71.4108,11,0.22,,1,0,4,1.6394,0,0,0,0.012119,0.304804,-0.382565,4183000,27265.0
4184,1000,111.2993,11,0.22,,1,0,5,2.2776,1,0,0,0.012443,0.335527,-0.867757,4184000,27272.8
4185,1000,100.2214,12,0.24,,1,0,5,1.8708,0,23,0,0.012757,0.653713,0.199401,4185000,27281.2
4186,1000,99.2347,12,0.24,,1,0,5,1.8708,0,20,0,0.012781,0.301848,-0.973637,4186000,27289.5
4187,1000,55.0775,8,0.16,,1,0,4,1.4142,0,0,0,0.012821,0.318821,-0.761622,4187000,27297.4
4188,1000,100.0659,12,0.24,,1,0,5,1.8708,1,0,0,0.013006,0.596425,-0.71914,4188000,27305.4
4189,1000,46.0607,8,0.16,,1,0,4,1.5811,0,159,0,0.013177,1.004572,-0.054326,4189000,27313.6
4190,1000,150.7226,14,0.28,,1,0,5,2.0616,1,0,0,0.012804,0.604104,-0.392039,4190000,27321.7
4191,1000,56.8706,10,0.2,,1,0,5,2.0616,0,0,0,0.012818,0.293245,0.355626,4191000,27329.8
4192,1000,80.2204,11,0.22,,1,0,4,1.6394,0,0,0,0.012999,0.288771,-0.168689,4192000,27337.7
4193,1000,117.4261,14,0.28,,1,0,5,2.0616,0,0,0,0.012657,0.453761,0.003161,4193000,27346.0
4194,1000,86.3566,11,0.22,,1,0,5,1.7854,0,0,0,0.012889,0.243663,0.355116,4194000,27353.9
4195,1000,110.9959,12,0.24,,1,0,5,1.8708,1,0,0,0.013706,0.411347,1.008676,4195000,27362.2
4196,1000,171.811,14,0.28,,1,0,5,2.0616,2,0,0,0.013615,0.424017,0.603478,4196000,27370.0
4197,1000,151.5522,15,0.3,,1,0,6,2.2776,1,51,0,0.013463,0.420709,-1.40233,4197000,27378.0
4198,1000,95.5043,13,0.26,,1,0,5,1.9203,1,0,0,0.013187,0.518471,0.225861,4198000,27386.0
4199,1000,187.8714,14,0.28,,1,0,5,2.0616,2,0,0,0.012907,0.224491,0.121337,4199000,27394.4
4200,1000,172.2348,14,0.28,,1,0,5,2.0616,2,0,0,0.01301,0.674516,0.059538,4200000,27402.9
4201,1000,191.951,15,0.3,,1,0,5,2.1651,2,31,0,0.0132,0.35948,0.187299,4201000,27411.3
4202,1000,25.0586,6,0.12,,1,0,3,1.118,0,0,0,0.01332,0.298645,-0.285935,4202000,27419.8
4203,1000,46.1544,6,0.12,,2,0,3,1.5,0,0,0,0.013449,0.51259,-0.573527,4203000,27428.0
4204,1000,143.721,14,0.28,,1,0,5,2.0616,1,0,0,0.013352,0.51206,-0.280634,4204000,27435.9
4205,1000,28.3909,8,0.16,,1,0,4,1.5811,0,0,0,0.013289,0.289049,0.270156,4205000,27443.9
4206,1000,171.8033,15,0.3,,1,0,5,2.1651,1,157,0,0.01309,0.302252,-0.337759,4206000,27452.1
4207,1000,174.0698,14,0.28,,1,0,5,2.0616,2,0,0,0.012898,0.247946,-0.529456,4207000,27460.1
4208,1000,192.0177,15,0.3,,1,0,6,2.2776,2,0,0,0.01284,0.742185,0.285864,4208000,27468.0
4209,1000,107.4115,12,0.24,,1,0,5,1.8708,0,0,0,0.013184,0.25602,0.541409,4209000,27475.8
4210,1000,116.4849,14,0.28,,1,0,5,2.0616,0,0,0,0.013041,0.607454,0.741827,4210000,27483.7
4211,1000,155.1811,14,0.28,,1,0,5,2.0616,1,0,0,0.013048,0.450169,0.633413,4211000,27491.5
4212,1000,105.4489,13,0.26,,1,0,5,2.0463,0,457,0,0.01336,0.463084,0.687453,4212000,27499.8
4213,1000,151.4982,14,0.28,,1,0,5,2.0616,1,0,0,0.013435,0.33682,-0.121393,4213000,27508.0
4214,1000,163.4832,14,0.28,,1,0,5,2.0616,1,0,0,0.013561,0.269676,0.993041,4214000,27515.8
4215,1000,166.6714,15,0.3,,1,0,5,2.1651,1,0,0,0.013258,3.811641,0.213542,4215000,27523.8
4216,1000,155.6007,15,0.3,,1,0,5,2.1651,1,0,0,0.013631,0.371929,0.672269,4216000,27531.8
4217,1000,126.5839,15,0.3,,1,0,5,2.1651,0,0,0,0.013142,0.289598,-0.405504,4217000,27540.0
4218,1000,161.5601,14,0.28,,1,0,5,2.0616,1,10,0,0.013152,0.433791,-0.13966,4218000,27548.4
4219,1000,125.5673,14,0.28,,1,0,5,2.0616,0,0,0,0.013285,0.343573,0.398752,4219000,27556.5
4220,1000,145.8277,14,0.28,,1,0,5,2.0616,2,0,0,0.013578,0.37918,-1.323786,4220000,27565.1
4221,1000,99.224,13,0.26,,1,0,5,1.9203,0,544,0,0.013546,0.311301,0.0012,4221000,27573.0
4222,1000,155.6382,14,0.28,,1,0,5,2.0616,1,0,0,0.01332,0.936593,-0.024944,4222000,27580.9
4223,1000,154.0407,15,0.3,,1,0,5,2.1651,1,84,0,0.013454,0.272717,0.466544,4223000,27588.8
4224,1000,124.9107,14,0.28,,1,0,5,2.0616,0,8,0,0.01285,2.598034,-0.651077,4224000,27596.6
4225,1000,187.3424,14,0.28,,1,0,5,2.0616,2,0,0,0.01284,0.528193,-0.48273,4225000,27604.2
4226,1000,108.2897,11,0.22,,1,0,5,1.9203,1,0,0,0.012872,0.521493,-1.212941,4226000,27612.5
4227,1000,61.7561,9,0.18,,1,0,5,1.7854,0,0,0,0.013121,0.37661,0.028416,4227000,27620.4
4228,1000,149.9888,14,0.28,,1,0,5,2.0616,1,0,0,0.012998,0.680534,0.778908,4228000,27628.1
4229,1000,53.2166,9,0.18,,1,0,4,1.479,0,0,0,0.013027,0.300813,0.324501,4229000,27636.0
4230,1000,24.6257,5,0.1,,2,0,3,1.299,0,0,0,0.013101,0.246726,-0.021029,4230000,27644.0
4231,1000,-21.2449,6,0.12,,1,0,2,0.866,0,8,0,0.013079,0.236993,0.325749,4231000,27652.0
4232,1000,88.633,11,0.22,,1,0,4,1.6394,0,0,0,0.012738,0.526212,-0.380358,4232000,27660.2
4233,1000,69.5717,12,0.24,,1,0,5,1.8708,0,179,0,0.012983,4.29133,0.062161,4233000,27668.2
4234,1000,85.1065,12,0.24,,1,0,5,1.8708,0,0,0,0.013219,0.316838,0.000912,4234000,27676.2
4235,1000,115.6078,14,0.28,,1,0,5,2.0616,0,33,0,0.013075,0.339601,-0.760401,4235000,27684.1
4236,1000,110.282,13,0.26,,1,0,5,1.9203,0,21,0,0.012619,0.546686,0.313633,4236000,27692.0
4237,1000,165.8406,13,0.26,,1,0,5,2.0463,2,0,0,0.01259,0.750371,-0.182575,4237000,27700.1
4238,1000,141.3157,14,0.28,,1,0,5,2.0616,1,0,0,0.012476,0.545091,0.010014,4238000,27708.1
4239,1000,84.0294,12,0.24,,1,0,5,1.8708,0,0,0,0.01259,0.623875,0.392137,4239000,27716.1
4240,1000,91.928,13,0.26,,1,0,5,1.9203,0,0,0,0.012577,0.229646,1.267882,4240000,27724.2
4241,1000,157.4851,14,0.28,,1,0,5,2.0616,1,40,0,0.01228,0.646149,-0.172316,4241000,27732.0
4242,1000,96.0442,13,0.26,,1,0,5,1.9203,0,0,0,0.012204,0.278185,-0.182702,4242000,27739.7
4243,1000,148.3009,14,0.28,,1,0,5,2.0616,1,0,0,0.012375,0.582276,0.182478,4243000,27747.5
4244,1000,85.2578,12,0.24,,1,0,5,2.1213,0,11,0,0.012464,0.409098,-0.001975,4244000,27755.2
4245,1000,184.4398,14,0.28,,1,0,5,2.0616,2,0,0,0.012605,0.599951,-0.110936,4245000,27762.9
4246,1000,82.2588,10,0.2,,1,0,5,1.8028,0,0,0,0.012465,0.311034,0.306835,4246000,27771.0
4247,1000,117.6344,11,0.22,,1,0,5,1.7854,1,0,0,0.012271,0.259914,0.224794,4247000,27779.0
4248,1000,102.6462,13,0.26,,1,0,5,1.9203,0,15,0,0.011903,0.700571,-0.267018,4248000,27787.0
4249,1000,160.2241,14,0.28,,1,0,5,2.0616,1,58,0,0.011502,0.256386,-0.743382,4249000,27794.7
4250,1000,49.8704,8,0.16,,1,0,3,1.2247,0,0,0,0.01152,0.82711,0.097869,4250000,27802.6
4251,1000,125.4912,15,0.3,,1,0,5,2.1651,0,0,0,0.011493,0.410485,0.509495,4251000,27810.4
4252,1000,90.4973,11,0.22,,1,0,4,1.6394,0,0,0,0.011698,0.58381,-0.954478,4252000,27818.2
4253,1000,200.3003,16,0.32,,1,0,7,2.5495,2,0,0,0.011291,0.486846,-0.98908,4253000,27826.3
4254,1000,37.7775,6,0.12,,2,0,3,1.5,0,0,0,0.010963,0.254043,-0.466265,4254000,27834.3
4255,1000,131.3948,12,0.24,,1,0,5,1.8708,1,0,0,0.01112,0.380903,-0.652847,4255000,27842.1
4256,1000,41.4844,9,0.18,,1,0,4,1.479,0,0,0,0.01101,0.368028,0.124784,4256000,27850.0
4257,1000,111.9655,14,0.28,,1,0,5,2.0616,0,30,0,0.011041,0.359434,-0.690171,4257000,27858.0
4258,1000,57.0172,11,0.22,,1,0,5,1.9203,0,0,0,0.010796,0.403106,0.227493,4258000,27865.8
4259,1000,163.1993,15,0.3,,1,0,5,2.1651,1,0,0,0.01088,0.59457,-0.300984,4259000,27873.9
4260,1000,176.0402,15,0.3,,1,0,5,2.1651,2,26,0,0.010903,0.693574,0.068177,4260000,27881.9
4261,1000,137.6265,12,0.24,,1,0,5,1.8708,1,0,0,0.011068,0.415016,-1.040759,4261000,27889.6
4262,1000,150.0725,14,0.28,,1,0,5,2.0616,1,613,0,0.011124,0.631911,0.463264,4262000,27897.8
4263,1000,4.9965,4,0.08,,2,0,3,1.2247,0,0,0,0.011244,0.275092,-0.872227,4263000,27905.6
4264,1000,84.4094,12,0.24,,1,0,5,1.8708,0,0,0,0.010988,0.223031,0.084111,4264000,27913.4
4265,1000,125.7806,14,0.28,,1,0,5,2.0616,0,161,0,0.010854,0.36513,-0.644085,4265000,27921.2
4266,1000,183.0923,15,0.3,,1,0,5,2.1651,2,30,0,0.010788,0.338024,-1.375342,4266000,27929.1
4267,1000,157.8313,14,0.28,,1,0,5,2.0616,1,0,0,0.010651,0.298709,-1.262013,4267000,27937.7
4268,1000,159.0659,15,0.3,,1,0,5,2.1651,1,0,0,0.010657,0.21374,-0.509271,4268000,27946.5
4269,1000,191.0359,15,0.3,,1,0,5,2.1651,2,23,0,0.0107,0.303143,-0.081198,4269000,27954.8
4270,1000,140.773,14,0.28,,1,0,5,2.0616,1,6,0,0.010798,0.448084,-1.543992,4270000,27962.7
4271,1000,36.5738,6,0.12,,1,0,3,1.118,0,3,0,0.010989,0.358764,-1.032761,4271000,27970.6
4272,1000,120.3242,14,0.28,,1,0,5,2.0616,0,109,0,0.010818,0.488489,-0.556599,4272000,27978.5
4273,1000,40.0166,9,0.18,,1,0,4,1.479,0,0,0,0.010795,0.221262,-0.850583,4273000,27986.2
4274,1000,0.0991,6,0.12,,2,0,3,1.5,0,375,0,0.010801,0.6671,-0.242542,4274000,27994.1
4275,1000,176.3219,15,0.3,,1,0,5,2.1651,1,12,0,0.010949,0.407926,-1.343921,4275000,28001.8
4276,1000,175.5889,14,0.28,,1,0,5,2.0616,2,0,0,0.010733,0.283137,-0.775936,4276000,28009.5
4277,1000,159.6493,14,0.28,,1,0,5,2.0616,1,0,0,0.01084,0.327226,-0.838382,4277000,28017.3
4278,1000,136.6196,15,0.3,,1,0,5,2.1651,0,108,0,0.010727,0.257503,-0.168259,4278000,28025.1
4279,1000,41.5001,7,0.14,,1,0,3,1.0897,0,0,0,0.010951,0.379036,0.513376,4279000,28032.9
4280,1000,64.1694,9,0.18,,1,0,4,1.479,0,33,0,0.011237,0.607916,-0.133229,4280000,28040.9
4281,1000,201.2669,15,0.3,,1,0,5,2.1651,2,0,0,0.011222,0.237965,-1.064198,4281000,28048.7
4282,1000,158.6736,14,0.28,,1,0,5,2.0616,2,0,0,0.01114,0.480171,-0.354031,4282000,28056.7
4283,1000,231.2856,17,0.34,,1,0,6,2.4875,3,0,0,0.010983,0.400463,-0.55633,4283000,28064.5
4284,1000,123.1558,15,0.3,,1,0,5,2.1651,0,0,0,0.010827,0.399802,-0.497294,4284000,28072.8
4285,1000,136.624,14,0.28,,1,0,5,2.0616,1,0,0,0.01101,0.453821,-1.062556,4285000,28081.9
4286,1000,144.3944,13,0.26,,1,0,5,1.9203,1,67,0,0.010989,0.315297,-1.101647,4286000,28090.5
4287,1000,178.1671,14,0.28,,1,0,5,2.0616,2,1,0,0.010812,0.677599,-0.220939,4287000,28099.1
4288,1000,228.7288,16,0.32,,1,0,6,2.3452,3,9,0,0.010829,0.319767,-0.955899,4288000,28107.5
4289,1000,213.5496,17,0.34,,1,0,7,2.586,2,8,0,0.010625,0.291851,-0.351871,4289000,28115.9
4290,1000,154.0685,15,0.3,,1,0,5,2.1651,1,67,0,0.010371,0.561534,-0.670974,4290000,28123.7
4291,1000,116.8349,14,0.28,,1,0,5,2.0616,0,142,0,0.010378,0.388508,0.190673,4291000,28132.9
4292,1000,160.8803,15,0.3,,1,0,5,2.1651,1,71,0,0.010564,1.000877,-0.342492,4292000,28140.7
4293,1000,43.9593,8,0.16,,1,0,4,1.4142,0,0,0,0.010767,0.417787,-0.799299,4293000,28148.7
4294,1000,177.865,15,0.3,,1,0,5,2.1651,1,0,0,0.010594,0.731742,-0.252703,4294000,28156.6
4295,1000,154.9864,14,0.28,,1,0,5,2.0616,1,0,0,0.010583,0.332024,0.067307,4295000,28164.3
4296,1000,121.9491,11,0.22,,1,0,5,1.9203,1,2,0,0.010621,0.273531,-0.729164,4296000,28172.5
4297,1000,56.5252,9,0.18,,1,0,5,1.9203,0,0,0,0.011073,0.244236,-0.527542,4297000,28181.3
4298,1000,222.9682,17,0.34,,1,0,6,2.4875,2,0,0,0.011403,0.270861,-0.800471,4298000,28189.9
4299,1000,157.819,14,0.28,,1,0,5,2.0616,1,1,0,0.011223,0.276195,0.035233,4299000,28198.6
4300,1000,61.4317,10,0.2,,1,0,4,1.6583,0,0,0,0.010887,0.229367,-1.016127,4300000,28207.2
4301,1000,7.7775,5,0.1,,1,0,2,0.8292,0,0,0,0.011203,0.54911,-0.746783,4301000,28215.2
4302,1000,59.4268,9,0.18,,1,0,5,1.9203,0,39,0,0.011449,0.268928,-1.639639,4302000,28223.4
4303,1000,47.8534,9,0.18,,1,0,4,1.479,0,0,0,0.011568,0.39195,0.243713,4303000,28231.7
4304,1000,129.4994,14,0.28,,1,0,5,2.0616,0,0,0,0.011486,0.296664,-0.588401,4304000,28239.5
4305,1000,226.7815,16,0.32,,1,0,6,2.3452,3,0,0,0.011364,0.290503,-0.591298,4305000,28247.2
4306,1000,147.5699,14,0.28,,1,0,5,2.0616,1,1,0,0.011147,0.214591,-0.460117,4306000,28255.1
4307,1000,168.9023,15,0.3,,1,0,5,2.1651,1,0,0,0.011055,0.308857,0.6035,4307000,28262.9
4308,1000,247.3935,16,0.32,,1,0,6,2.3452,3,0,0,0.011088,0.253338,-0.762772,4308000,28270.8
4309,1000,43.3468,8,0.16,,2,0,4,2.0,0,0,0,0.011244,0.434528,-0.103602,4309000,28278.8
4310,1000,194.9854,15,0.3,,1,0,5,2.1651,2,0,0,0.011161,0.551602,0.013506,4310000,28287.0
4311,1000,19.0043,7,0.14,,1,0,3,1.299,0,167,0,0.011286,0.424262,-0.0396,4311000,28294.8
4312,1000,158.1146,14,0.28,,1,0,5,2.0616,1,0,0,0.011201,1.353029,-0.580798,4312000,28302.6
4313,1000,38.804,9,0.18,,2,0,5,2.2776,0,0,0,0.011276,0.53344,-1.184874,4313000,28310.9
4314,1000,25.3284,5,0.1,,1,0,2,0.8292,0,0,0,0.011556,0.527737,-0.401147,4314000,28319.3
4315,1000,45.365,8,0.16,,1,0,3,1.2247,0,8,0,0.011633,0.264077,0.536905,4315000,28327.6
4316,1000,31.0309,7,0.14,,1,0,4,1.479,0,0,0,0.01177,0.886743,-0.271138,4316000,28335.3
4317,1000,127.9533,13,0.26,,1,0,5,1.9203,1,0,0,0.011735,0.296708,-1.43517,4317000,28343.5
4318,1000,52.8786,11,0.22,,1,0,5,1.7854,0,0,0,0.012148,0.244854,-0.430723,4318000,28352.2
4319,1000,150.3343,14,0.28,,1,0,5,2.0616,1,0,0,0.011962,0.233521,0.293004,4319000,28361.1
4320,1000,231.885,16,0.32,,1,0,6,2.3452,3,32,0,0.011928,0.337203,0.726165,4320000,28369.5
4321,1000,209.8574,15,0.3,,1,0,5,2.1651,3,301,0,0.011672,0.34201,0.149506,4321000,28377.5
4322,1000,80.5451,10,0.2,,1,0,4,1.5,0,0,0,0.011738,0.459188,-0.107188,4322000,28385.7
4323,1000,20.7318,7,0.14,,1,0,3,1.299,0,256,0,0.012048,0.229103,0.410987,4323000,28394.0
4324,1000,183.9703,14,0.28,,1,0,5,2.0616,2,0,0,0.012017,0.338498,-0.736033,4324000,28402.1
4325,1000,173.9008,14,0.28,,1,0,5,2.0616,2,0,0,0.011792,0.33168,0.819253,4325000,28410.1
4326,1000,152.4695,14,0.28,,1,0,5,2.0616,1,0,0,0.01178,0.238856,0.756798,4326000,28418.2
4327,1000,162.2009,15,0.3,,1,0,5,2.1651,1,554,0,0.012006,0.330617,-0.096844,4327000,28426.0
4328,1000,172.8386,15,0.3,,1,0,6,2.2776,1,29,0,0.011922,0.326633,1.153414,4328000,28433.9
4329,1000,132.0329,12,0.24,,1,0,5,1.8708,1,0,0,0.011606,0.451793,0.036448,4329000,28442.1
4330,1000,136.7272,13,0.26,,1,0,5,1.9203,1,0,0,0.011438,0.210005,0.00302,4330000,28450.1
4331,1000,188.738,15,0.3,,1,0,6,2.2776,2,98,0,0.011156,0.243581,-0.123041,4331000,28458.1
4332,1000,180.4163,16,0.32,,1,0,6,2.3452,2,0,0,0.011028,0.28752,0.078206,4332000,28466.2
4333,1000,128.9863,13,0.26,,1,0,5,2.0463,1,0,0,0.010881,0.258522,-0.089627,4333000,28474.5
4334,1000,210.5024,16,0.32,,1,0,6,2.3452,2,0,0,0.010783,0.535743,0.335717,4334000,28482.7
4335,1000,119.5982,14,0.28,,1,0,5,2.0616,0,35,0,0.010833,0.228653,0.11532,4335000,28490.8
4336,1000,74.314,10,0.2,,1,0,4,1.6583,0,0,0,0.010922,0.429461,0.307463,4336000,28498.7
4337,1000,18.5097,6,0.12,,1,0,3,1.118,0,0,0,0.010914,0.200182,0.724846,4337000,28506.8
4338,1000,43.4753,8,0.16,,1,0,3,1.2247,0,0,0,0.010989,0.387117,0.894534,4338000,28515.0
4339,1000,68.6802,12,0.24,,1,0,5,1.8708,0,227,0,0.010969,0.270786,0.237733,4339000,28523.1
4340,1000,65.2519,9,0.18,,1,0,4,1.479,0,0,0,0.011245,0.548594,-0.004535,4340000,28530.9
4341,1000,0.6667,8,0.16,,1,0,4,1.5811,0,0,0,0.011495,0.307566,-0.759163,4341000,28538.9
4342,1000,80.9652,10,0.2,,1,0,5,2.0616,0,0,0,0.011333,0.407566,0.758694,4342000,28547.1
4343,1000,180.2507,15,0.3,,1,0,6,2.2776,2,0,0,0.011134,0.483967,0.691064,4343000,28555.4
4344,1000,115.5314,11,0.22,,1,0,5,1.7854,1,0,0,0.011485,0.336201,0.909168,4344000,28563.4
4345,1000,32.3565,9,0.18,,1,0,4,1.7854,0,0,0,0.01164,0.329915,0.67618,4345000,28571.5
4346,1000,145.3411,14,0.28,,1,0,5,2.0616,1,0,0,0.011688,0.252015,1.013962,4346000,28579.4
4347,1000,76.6696,12,0.24,,1,0,5,1.8708,0,0,0,0.01138,0.490337,0.776727,4347000,28587.9
4348,1000,-15.0877,5,0.1,,1,0,3,1.0897,0,0,0,0.011442,0.250369,0.933048,4348000,28596.0
4349,1000,42.4849,8,0.16,,1,0,3,1.2247,0,0,0,0.01157,0.276245,1.133056,4349000,28604.1
4350,1000,29.2152,8,0.16,,1,0,3,1.2247,0,0,0,0.011466,0.419045,0.462684,4350000,28612.2
4351,1000,181.856,14,0.28,,1,0,6,2.2913,2,0,0,0.011399,0.604748,-0.163609,4351000,28620.3
4352,1000,14.734,8,0.16,,1,0,3,1.2247,0,0,0,0.011871,0.395437,1.560803,4352000,28629.0
4353,1000,77.7904,12,0.24,,1,0,5,1.8708,0,0,0,0.011635,0.354964,1.580216,4353000,28637.6
4354,1000,149.3419,15,0.3,,1,0,6,2.2776,1,335,0,0.01162,0.507139,0.646539,4354000,28646.3
4355,1000,154.9449,14,0.28,,1,0,5,2.0616,2,0,0,0.011249,2.11879,0.770358,4355000,28654.9
4356,1000,77.8401,13,0.26,,1,0,5,2.0463,1,0,0,0.011174,0.329546,0.57024,4356000,28663.3
4357,1000,142.9296,13,0.26,,1,0,5,1.9203,1,0,0,0.011268,0.299911,1.462873,4357000,28671.7
4358,1000,43.1169,9,0.18,,1,0,4,1.7854,0,0,0,0.011103,0.317441,1.561977,4358000,28680.3
4359,1000,213.525,15,0.3,,1,0,5,2.1651,3,15,0,0.010931,0.264472,0.185166,4359000,28688.4
4360,1000,71.9094,11,0.22,,0,1,4,1.299,0,0,0,0.011053,0.633722,0.670903,4360000,28696.5
4361,1000,88.6152,13,0.26,,1,0,5,1.9203,0,0,0,0.010975,0.474459,0.812738,4361000,28704.6
4362,1000,18.8171,5,0.1,,1,0,3,1.0897,0,0,0,0.010878,0.610813,1.318573,4362000,28712.6
4363,1000,39.0987,9,0.18,,1,0,4,1.479,0,0,0,0.0108,1.089056,1.040441,4363000,28720.5
4364,1000,50.7742,10,0.2,,1,0,5,1.8028,0,0,0,0.010609,0.32909,2.330997,4364000,28728.6
4365,1000,68.4387,7,0.14,,2,0,5,2.0463,1,0,0,0.010778,0.396835,0.661282,4365000,28736.4
4366,1000,21.7843,7,0.14,,1,0,3,1.0897,0,0,0,0.011193,0.406606,0.852618,4366000,28744.4
4367,1000,-18.506,4,0.08,,2,0,2,1.0,0,0,0,0.011309,0.335148,0.682546,4367000,28752.7
4368,1000,137.8124,13,0.26,,1,0,5,2.0463,1,102,0,0.011555,1.213557,0.726743,4368000,28760.6
4369,1000,143.7236,13,0.26,,1,0,5,2.0463,1,143,0,0.011566,1.500511,1.931584,4369000,28768.4
4370,1000,70.0807,10,0.2,,1,0,4,1.6583,0,0,0,0.01184,0.507426,1.601853,4370000,28776.4
4371,1000,38.6912,9,0.18,,1,0,4,1.7854,0,0,0,0.011814,0.561931,1.273776,4371000,28784.3
4372,1000,97.3466,13,0.26,,1,0,5,2.0463,0,44,0,0.011573,0.438457,0.775501,4372000,28792.3
4373,1000,64.582,9,0.18,,1,0,4,1.7854,0,20,0,0.0112,0.393641,1.36965,4373000,28800.7
4374,1000,37.1159,8,0.16,,1,0,4,1.5811,0,0,0,0.011201,0.728233,0.375537,4374000,28808.9
4375,1000,145.9691,14,0.28,,1,0,5,2.0616,1,137,0,0.010873,0.260004,1.516092,4375000,28817.0
4376,1000,24.3205,8,0.16,,1,0,3,1.2247,0,0,0,0.01129,0.347567,1.931234,4376000,28825.0
4377,1000,91.8322,12,0.24,,1,0,5,1.8708,0,119,0,0.011157,0.487499,1.791538,4377000,28833.0
4378,1000,123.1432,14,0.28,,1,0,5,2.0616,0,19,0,0.011545,0.534363,1.980886,4378000,28841.0
4379,1000,130.1396,15,0.3,,1,0,5,2.1651,0,0,0,0.01149,0.52408,1.39727,4379000,28849.0
4380,1000,49.4661,9,0.18,,1,0,4,1.479,0,1,0,0.011402,0.32533,2.713669,4380000,28857.1
4381,1000,144.0607,14,0.28,,1,0,5,2.0616,1,0,0,0.011325,0.381833,1.867542,4381000,28864.9
4382,1000,135.9569,15,0.3,,1,0,5,2.1651,0,32,0,0.011428,0.407117,1.93742,4382000,28873.2
4383,1000,19.6803,6,0.12,,2,0,3,1.5,0,0,0,0.01154,0.390263,1.083323,4383000,28881.1
4384,1000,145.3486,14,0.28,,1,0,5,2.0616,1,0,0,0.011498,0.243272,1.604766,4384000,28889.1
4385,1000,95.11,12,0.24,,1,0,5,1.8708,0,0,0,0.011466,0.41498,2.951678,4385000,28897.1
4386,1000,191.8001,15,0.3,,1,0,5,2.1651,2,21,0,0.011422,0.740652,2.203242,4386000,28905.1
4387,1000,152.4779,15,0.3,,1,0,5,2.1651,2,0,0,0.011548,0.334765,2.31382,4387000,28912.9
4388,1000,166.8608,15,0.3,,1,0,5,2.1651,1,101,0,0.011468,0.432367,1.880177,4388000,28920.9
4389,1000,193.2698,15,0.3,,1,0,5,2.1651,2,0,0,0.011743,0.283438,2.033996,4389000,28929.1
4390,1000,173.0255,15,0.3,,1,0,5,2.1651,1,33,0,0.011693,0.342004,0.971149,4390000,28937.2
4391,1000,152.4335,14,0.28,,1,0,5,2.0616,1,7,0,0.011823,0.212131,1.884272,4391000,28945.4
4392,1000,199.362,15,0.3,,1,0,5,2.1651,2,32,0,0.011608,0.31016,1.571143,4392000,28953.7
4393,1000,105.8094,13,0.26,,1,0,5,2.0463,0,111,0,0.011831,0.292105,2.6139,4393000,28961.8
4394,1000,135.6976,15,0.3,,1,0,5,2.1651,0,152,0,0.011665,1.188989,1.569754,4394000,28970.1
4395,1000,165.464,15,0.3,,1,0,5,2.1651,1,12,0,0.011609,0.271473,1.580141,4395000,28978.7
4396,1000,98.8882,13,0.26,,1,0,5,1.9203,0,0,0,0.011589,0.377542,1.314778,4396000,28987.4
4397,1000,154.4471,15,0.3,,1,0,5,2.1651,1,273,0,0.011204,0.229438,2.062993,4397000,28996.0
4398,1000,101.5365,15,0.3,,0,1,5,1.6394,0,841,0,0.011224,0.341164,1.490496,4398000,29004.7
4399,1000,98.6086,13,0.26,,1,0,5,1.9203,0,66,0,0.011171,0.367097,1.910119,4399000,29013.5
4400,1000,165.8951,14,0.28,,1,0,5,2.0616,2,0,0,0.011304,0.357854,1.259131,4400000,29022.1
4401,1000,12.0076,7,0.14,,1,0,3,1.0897,0,0,0,0.011285,0.323558,1.306718,4401000,29030.8
4402,1000,15.9278,9,0.18,,1,0,3,1.299,0,0,0,0.011399,0.271757,2.099957,4402000,29039.0
4403,1000,39.9613,8,0.16,,1,0,3,1.2247,0,0,0,0.011497,1.000441,1.703393,4403000,29047.0
4404,1000,116.9458,14,0.28,,1,0,5,2.0616,0,0,0,0.011514,0.28191,1.217493,4404000,29054.6
4405,1000,97.2903,12,0.24,,1,0,4,1.7321,0,236,0,0.011811,0.335583,1.317035,4405000,29062.8
4406,1000,167.5932,15,0.3,,1,0,5,2.1651,1,14,0,0.011522,0.440748,1.672802,4406000,29070.6
4407,1000,132.1198,13,0.26,,1,0,5,2.0463,1,96,0,0.011526,0.376193,1.90712,4407000,29079.1
4408,1000,172.1186,15,0.3,,1,0,5,2.1651,1,14,0,0.011839,0.624111,1.904869,4408000,29087.1
4409,1000,141.6657,14,0.28,,1,0,5,2.0616,1,137,0,0.011461,0.244435,1.244217,4409000,29095.1
4410,1000,148.6432,14,0.28,,1,0,5,2.0616,1,54,0,0.011533,0.60094,1.155115,4410000,29102.9
4411,1000,115.3339,14,0.28,,1,0,5,2.0616,0,68,0,0.011292,0.284851,1.2426,4411000,29110.9
4412,1000,175.7301,14,0.28,,1,0,5,2.0616,2,0,0,0.011626,0.316699,1.151163,4412000,29118.7
4413,1000,188.3834,14,0.28,,1,0,5,2.0616,2,8,0,0.011373,0.413671,0.280688,4413000,29126.9
4414,1000,161.6597,15,0.3,,1,0,5,2.1651,1,45,0,0.011175,0.39967,1.770435,4414000,29135.1
4415,1000,66.8124,11,0.22,,1,0,5,1.9203,0,0,0,0.011194,0.368307,2.03765,4415000,29143.4
4416,1000,131.1979,13,0.26,,1,0,5,1.9203,1,0,0,0.011175,0.220745,1.348714,4416000,29151.3
4417,1000,146.7803,14,0.28,,1,0,5,2.0616,2,0,0,0.011014,0.35345,1.049293,4417000,29159.1
4418,1000,186.2733,14,0.28,,1,0,5,2.0616,2,0,0,0.011069,0.375844,1.884749,4418000,29167.3
4419,1000,74.964,11,0.22,,1,0,4,1.6394,0,17,0,0.011161,0.270723,1.050953,4419000,29175.2
4420,1000,-16.0159,2,0.04,,2,0,1,0.5,0,0,0,0.011267,0.392017,1.711636,4420000,29183.1
4421,1000,129.9911,15,0.3,,1,0,5,2.1651,0,5,0,0.011304,0.269682,0.704961,4421000,29191.3
4422,1000,131.341,14,0.28,,1,0,5,2.0616,1,22,0,0.011323,0.26097,0.376283,4422000,29199.3
4423,1000,150.4565,14,0.28,,1,0,5,2.0616,1,0,0,0.011518,0.506541,1.309663,4423000,29208.0
4424,1000,144.2307,14,0.28,,1,0,5,2.0616,1,123,0,0.011564,0.369672,0.102786,4424000,29216.8
4425,1000,179.7351,14,0.28,,1,0,5,2.0616,2,25,0,0.01137,0.333634,1.197799,4425000,29225.4
4426,1000,188.2842,15,0.3,,1,0,5,2.1651,2,0,0,0.01116,0.331044,1.014275,4426000,29233.6
4427,1000,114.9409,14,0.28,,1,0,5,2.0616,0,38,0,0.011561,0.486011,0.761565,4427000,29241.9
4428,1000,157.6328,14,0.28,,1,0,5,2.0616,1,0,0,0.011483,0.307218,0.867832,4428000,29250.3
4429,1000,185.6056,15,0.3,,1,0,5,2.1651,2,0,0,0.011573,1.58929,1.262507,4429000,29258.3
4430,1000,57.8974,12,0.24,,1,0,5,1.8708,1,0,0,0.011693,0.571957,0.198574,4430000,29266.7
4431,1000,139.4968,14,0.28,,1,0,5,2.0616,1,0,0,0.011493,0.630655,0.799741,4431000,29274.8
4432,1000,140.495,13,0.26,,1,0,5,1.9203,1,3,0,0.011519,0.252377,0.703056,4432000,29283.0
4433,1000,178.3343,14,0.28,,1,0,5,2.0616,2,67,0,0.011494,0.33865,0.84554,4433000,29290.9
4434,1000,142.6798,15,0.3,,1,0,5,2.1651,0,24,0,0.011406,0.47215,0.988232,4434000,29299.2
4435,1000,214.4476,16,0.32,,1,0,6,2.3452,2,76,0,0.011275,0.357647,1.000678,4435000,29307.2
4436,1000,40.4413,8,0.16,,1,0,3,1.2247,0,0,0,0.011541,0.244786,1.766903,4436000,29315.3
4437,1000,184.4661,15,0.3,,1,0,5,2.1651,2,119,0,0.011464,0.225132,1.016036,4437000,29323.2
4438,1000,62.7325,9,0.18,,1,0,4,1.479,0,98,0,0.011654,0.684299,0.823619,4438000,29331.3
4439,1000,198.203,16,0.32,,1,0,6,2.3452,2,396,0,0.011878,0.32253,0.885525,4439000,29339.4
4440,1000,135.2576,15,0.3,,1,0,5,2.1651,0,83,0,0.011906,0.346685,-0.594806,4440000,29347.1
4441,1000,183.4391,15,0.3,,1,0,5,2.1651,2,28,0,0.011559,0.252922,0.299467,4441000,29354.8
4442,1000,102.4962,14,0.28,,1,0,5,2.0616,0,298,0,0.011324,0.437121,1.244159,4442000,29362.8
4443,1000,215.3465,15,0.3,,1,0,5,2.1651,3,227,0,0.011285,0.832723,0.454965,4443000,29371.2
4444,1000,168.7156,14,0.28,,1,0,5,2.0616,2,0,0,0.011153,0.233582,0.847168,4444000,29379.1
4445,1000,202.7842,15,0.3,,1,0,5,2.1651,2,25,0,0.010875,0.31467,1.006737,4445000,29386.9
4446,1000,127.0429,11,0.22,,1,0,5,1.9203,1,1,0,0.011115,0.330916,1.551216,4446000,29394.8
4447,1000,55.0085,5,0.1,,3,0,5,2.1651,1,3,0,0.011664,0.928273,0.223801,4447000,29402.9
4448,1000,190.6851,15,0.3,,1,0,5,2.1651,2,14,0,0.011521,1.218367,-0.948283,4448000,29410.6
4449,1000,23.247,7,0.14,,2,0,4,1.7854,0,0,0,0.011398,0.251371,0.223705,4449000,29418.7
4450,1000,63.0239,9,0.18,,0,1,4,1.0897,0,0,0,0.011732,0.845366,0.954562,4450000,29426.8
4451,1000,7.0549,5,0.1,,1,0,3,1.0897,0,0,0,0.011477,0.491097,0.554524,4451000,29434.9
4452,1000,166.7846,15,0.3,,1,0,5,2.1651,1,192,0,0.011484,0.345837,0.593237,4452000,29443.0
4453,1000,-36.163,5,0.1,,1,0,3,1.0897,0,0,0,0.011615,0.53236,0.417375,4453000,29451.1
4454,1000,140.8942,15,0.3,,1,0,5,2.1651,0,328,0,0.011679,0.459993,0.268149,4454000,29458.8
4455,1000,15.5229,8,0.16,,1,0,4,1.5811,0,0,0,0.011571,0.317399,-0.483894,4455000,29466.6
4456,1000,109.0124,15,0.3,,1,0,5,2.1651,0,94,0,0.011546,1.670502,0.936732,4456000,29474.2
4457,1000,197.378,15,0.3,,1,0,6,2.2776,2,4,0,0.011604,0.618719,-0.76761,4457000,29482.0
4458,1000,-31.279,6,0.12,,2,0,4,1.6583,0,0,0,0.011342,0.354305,-0.273695,4458000,29490.1
4459,1000,73.1408,11,0.22,,1,0,4,1.6394,0,0,0,0.01171,0.551448,-0.350406,4459000,29497.9
4460,1000,24.3767,7,0.14,,0,1,3,0.8292,0,0,0,0.012083,0.285268,-0.159077,4460000,29506.0
4461,1000,79.3932,10,0.2,,1,0,5,2.0616,0,2,0,0.012309,0.991737,-0.99181,4461000,29513.9
4462,1000,177.9093,14,0.28,,1,0,5,2.0616,2,207,0,0.012593,0.45996,0.005719,4462000,29522.0
4463,1000,72.6655,10,0.2,,2,0,5,2.5,0,0,0,0.012047,0.702179,-0.139503,4463000,29530.1
4464,1000,154.5234,14,0.28,,1,0,5,2.0616,1,126,0,0.011885,0.851293,-0.796319,4464000,29538.0
4465,1000,108.7276,13,0.26,,1,0,5,2.0463,1,0,0,0.011579,0.396438,-0.755666,4465000,29545.9
4466,1000,184.3293,15,0.3,,1,0,5,2.1651,2,11,0,0.01148,0.419808,0.171598,4466000,29553.8
4467,1000,169.5205,16,0.32,,1,0,6,2.3452,1,19,0,0.011124,0.589326,-0.06244,4467000,29561.5
4468,1000,164.664,15,0.3,,1,0,6,2.2776,1,58,0,0.011098,0.31454,0.927658,4468000,29569.5
4469,1000,76.6162,11,0.22,,1,0,4,1.6394,0,39,0,0.010967,0.271434,0.910407,4469000,29577.6
4470,1000,154.2311,15,0.3,,1,0,5,2.1651,1,50,0,0.011042,0.545347,-0.02955,4470000,29585.2
4471,1000,178.1611,15,0.3,,1,0,5,2.1651,2,0,0,0.010991,0.442099,0.217515,4471000,29593.1
4472,1000,64.2707,9,0.18,,1,0,4,1.479,0,0,0,0.010972,0.781882,-0.589189,4472000,29601.0
4473,1000,199.4265,15,0.3,,1,0,5,2.1651,2,32,0,0.011135,0.390829,1.367167,4473000,29608.9
4474,1000,145.1416,14,0.28,,1,0,5,2.0616,1,564,0,0.010846,0.420201,-0.420041,4474000,29617.1
4475,1000,120.5129,13,0.26,,1,0,5,1.9203,0,8,0,0.010914,0.255575,0.58817,4475000,29625.0
4476,1000,190.033,15,0.3,,1,0,5,2.1651,2,121,0,0.010863,0.257509,-0.119925,4476000,29632.7
4477,1000,152.2024,15,0.3,,1,0,5,2.1651,1,27,0,0.010766,0.266183,0.440677,4477000,29640.6
4478,1000,200.454,15,0.3,,1,0,5,2.1651,2,2,0,0.01062,0.972721,0.029177,4478000,29648.3
4479,1000,59.9358,9,0.18,,1,0,4,1.479,0,0,0,0.010996,0.699433,0.230103,4479000,29656.2
4480,1000,73.6901,11,0.22,,1,0,4,1.6394,0,0,0,0.011364,0.781145,-0.186018,4480000,29664.2
4481,1000,38.086,9,0.18,,1,0,5,1.9203,0,19,0,0.011384,0.339124,0.223332,4481000,29672.2
4482,1000,208.0676,15,0.3,,1,0,5,2.1651,3,0,0,0.011233,0.257279,0.191391,4482000,29679.9
4483,1000,171.6112,15,0.3,,1,0,5,2.1651,1,44,0,0.010654,0.251128,-0.015858,4483000,29687.7
4484,1000,34.8134,6,0.12,,1,0,3,1.118,0,0,0,0.010616,0.543905,0.837666,4484000,29696.0
4485,1000,113.4719,15,0.3,,1,0,5,2.1651,0,0,0,0.010784,1.722847,0.655035,4485000,29703.9
4486,1000,160.6233,15,0.3,,1,0,5,2.1651,1,297,0,0.010956,0.303312,-0.315094,4486000,29712.1
4487,1000,158.2475,15,0.3,,1,0,5,2.1651,1,21,0,0.010992,0.79416,0.154447,4487000,29720.0
4488,1000,121.0613,14,0.28,,1,0,5,2.0616,0,19,0,0.010964,0.608014,0.60018,4488000,29728.1
4489,1000,115.1758,12,0.24,,1,0,5,1.8708,1,0,0,0.011183,0.627512,-0.246024,4489000,29736.0
4490,1000,168.5868,14,0.28,,1,0,5,2.0616,2,34,0,0.011089,0.208728,-0.295136,4490000,29743.9
4491,1000,232.5974,15,0.3,,1,0,5,2.1651,3,0,0,0.010941,0.487397,-0.779291,4491000,29751.9
4492,1000,193.1391,15,0.3,,1,0,5,2.1651,2,0,0,0.011175,0.475264,0.096257,4492000,29760.2
4493,1000,186.7618,14,0.28,,1,0,5,2.0616,2,128,0,0.01125,0.390385,0.076182,4493000,29768.6
4494,1000,189.3656,15,0.3,,1,0,5,2.1651,2,40,0,0.011156,0.361846,0.242578,4494000,29776.5
4495,1000,162.4198,15,0.3,,1,0,5,2.1651,1,72,0,0.011302,1.523179,-0.478308,4495000,29784.4
4496,1000,218.5022,15,0.3,,1,0,5,2.1651,3,0,0,0.011435,0.729965,0.134853,4496000,29792.1
4497,1000,156.5715,15,0.3,,1,0,5,2.1651,1,128,0,0.011381,0.571312,-0.157588,4497000,29800.2
4498,1000,177.5336,14,0.28,,1,0,5,2.0616,2,48,0,0.011662,0.330246,0.313953,4498000,29808.1
4499,1000,169.3593,15,0.3,,1,0,5,2.1651,1,45,0,0.011587,0.544304,-0.944791,4499000,29816.1
4500,1000,125.4163,15,0.3,,1,0,5,2.1651,0,10,0,0.011663,0.471949,0.049175,4500000,29824.0
4501,1000,172.3261,15,0.3,,1,0,5,2.1651,1,6,0,0.011517,0.262938,0.366164,4501000,29831.8
4502,1000,197.7298,15,0.3,,1,0,5,2.1651,2,4,0,0.01136,0.400969,-0.038442,4502000,29839.7
4503,1000,172.4788,14,0.28,,1,0,5,2.0616,2,78,0,0.011205,0.392123,-0.974651,4503000,29847.8
4504,1000,167.5429,15,0.3,,1,0,5,2.1651,1,6,0,0.011145,0.29904,0.215636,4504000,29855.9
4505,1000,173.173,15,0.3,,1,0,5,2.1651,1,29,0,0.011008,0.315011,-0.994247,4505000,29863.9
4506,1000,43.1275,8,0.16,,1,0,4,1.4142,0,0,0,0.011204,0.356027,-0.152651,4506000,29871.9
4507,1000,114.5048,12,0.24,,1,0,5,1.8708,1,0,0,0.011692,0.286292,-0.988109,4507000,29880.0
4508,1000,160.12,15,0.3,,1,0,5,2.1651,1,23,0,0.011522,0.380853,0.44889,4508000,29888.2
4509,1000,125.5669,14,0.28,,1,0,5,2.0616,0,105,0,0.011294,0.861712,-0.645297,4509000,29896.1
4510,1000,164.6236,15,0.3,,1,0,5,2.1651,1,91,0,0.011337,0.610103,-0.808348,4510000,29904.1
4511,1000,62.7922,9,0.18,,1,0,3,1.299,0,0,0,0.011495,0.547218,-0.380903,4511000,29912.3
4512,1000,208.8081,15,0.3,,1,0,5,2.1651,3,60,0,0.011487,0.436698,-0.594385,4512000,29920.3
4513,1000,199.2413,15,0.3,,1,0,5,2.1651,2,0,0,0.011457,0.530143,0.483162,4513000,29928.8
4514,1000,111.9283,14,0.28,,1,0,5,2.0616,0,0,0,0.012013,0.347014,-0.83501,4514000,29937.3
4515,1000,122.3735,14,0.28,,1,0,5,2.0616,0,45,0,0.011617,0.873414,-0.364972,4515000,29945.4
4516,1000,114.965,12,0.24,,1,0,5,1.8708,1,65,0,0.011782,0.427106,-1.408652,4516000,29953.3
4517,1000,164.6859,14,0.28,,1,0,5,2.0616,2,0,0,0.011833,0.537215,-0.965388,4517000,29961.0
4518,1000,149.8094,14,0.28,,1,0,5,2.0616,1,149,0,0.012015,0.627274,0.460185,4518000,29968.8
4519,1000,197.2826,15,0.3,,1,0,5,2.1651,2,0,0,0.011908,0.495369,-0.18302,4519000,29976.7
4520,1000,125.6308,14,0.28,,1,0,5,2.0616,0,2,0,0.011627,0.629063,0.315072,4520000,29984.5
4521,1000,-87.4299,4,0.08,,1,0,2,0.7071,0,0,0,0.011753,0.489269,-0.594818,4521000,29992.4
4522,1000,192.6009,15,0.3,,1,0,5,2.1651,2,182,0,0.011755,0.337248,-0.47797,4522000,30000.1
4523,1000,202.6709,16,0.32,,1,0,6,2.3452,2,11,0,0.011755,0.835713,-0.549689,4523000,30008.3
4524,1000,136.0281,14,0.28,,1,0,5,2.0616,1,0,0,0.012115,0.33226,-0.622754,4524000,30016.4
4525,1000,66.6752,9,0.18,,1,0,4,1.7854,0,19,0,0.012168,0.399585,-0.231645,4525000,30024.1
4526,1000,225.5437,15,0.3,,1,0,5,2.1651,3,6,0,0.011915,0.421532,-0.24659,4526000,30032.0
4527,1000,190.975,14,0.28,,1,0,5,2.0616,2,3,0,0.011521,0.685214,-0.152018,4527000,30039.8
4528,1000,131.4349,13,0.26,,1,0,5,2.0463,1,0,0,0.011819,0.286472,-0.772628,4528000,30047.8
4529,1000,144.8286,15,0.3,,1,0,5,2.1651,1,12,0,0.011892,0.301746,-0.783791,4529000,30055.6
4530,1000,199.3566,15,0.3,,1,0,5,2.1651,2,1,0,0.011892,0.255195,0.542115,4530000,30063.5
4531,1000,154.7483,14,0.28,,1,0,5,2.0616,2,50,0,0.01159,0.289053,0.199013,4531000,30071.5
4532,1000,206.3085,15,0.3,,1,0,5,2.1651,2,6,0,0.011486,0.328993,0.205794,4532000,30079.6
4533,1000,176.7001,15,0.3,,1,0,5,2.1651,1,31,0,0.011579,0.492715,-0.414734,4533000,30088.2
4534,1000,154.8226,14,0.28,,1,0,5,2.0616,1,5,0,0.011508,0.423168,-0.137278,4534000,30096.0
4535,1000,163.4103,15,0.3,,1,0,5,2.1651,1,20,0,0.011203,0.312435,0.477024,4535000,30103.8
4536,1000,154.6362,15,0.3,,1,0,5,2.1651,1,66,0,0.011035,0.506489,-0.016667,4536000,30112.0
4537,1000,107.8792,14,0.28,,1,0,5,2.0616,0,21,0,0.010975,1.499289,-0.374768,4537000,30120.2
4538,1000,191.9704,15,0.3,,1,0,5,2.1651,2,0,0,0.010776,0.253213,0.269634,4538000,30128.3
4539,1000,137.9823,13,0.26,,1,0,5,2.0463,1,0,0,0.011082,0.46575,-0.055174,4539000,30136.2
4540,1000,190.5354,15,0.3,,1,0,5,2.1651,2,8,0,0.011061,0.311485,0.251444,4540000,30144.1
4541,1000,182.3884,14,0.28,,1,0,5,2.0616,2,19,0,0.010971,0.281651,-0.444962,4541000,30152.2
4542,1000,191.8587,15,0.3,,1,0,5,2.1651,2,0,0,0.01108,0.358675,0.244639,4542000,30159.9
4543,1000,114.8914,15,0.3,,1,0,5,2.1651,1,2,0,0.011213,0.219212,0.067054,4543000,30167.9
4544,1000,179.0623,15,0.3,,1,0,5,2.1651,2,3,0,0.010957,0.299313,0.265583,4544000,30175.9
4545,1000,85.9723,14,0.28,,1,0,5,2.0616,0,26,0,0.011138,0.435861,-0.699012,4545000,30183.7
4546,1000,128.5262,14,0.28,,1,0,5,2.0616,0,0,0,0.011179,0.387156,-0.407634,4546000,30191.9
4547,1000,33.1097,7,0.14,,2,0,4,1.7854,0,0,0,0.011346,0.491545,0.162637,4547000,30200.0
4548,1000,97.5611,13,0.26,,1,0,5,1.9203,0,0,0,0.011401,0.42717,0.076562,4548000,30208.0
4549,1000,190.3391,15,0.3,,1,0,5,2.1651,2,19,0,0.011169,0.344756,-0.552533,4549000,30216.0
4550,1000,143.92,13,0.26,,1,0,5,2.0463,1,23,0,0.010956,0.325673,-0.341191,4550000,30224.3
4551,1000,41.3062,7,0.14,,1,0,3,1.0897,0,2,0,0.010912,0.448012,0.110617,4551000,30232.4
4552,1000,116.9827,11,0.22,,1,0,5,1.7854,1,0,0,0.010827,0.345553,-0.840974,4552000,30240.3
4553,1000,107.4029,13,0.26,,1,0,5,1.9203,1,0,0,0.010625,0.423389,0.488534,4553000,30248.2
4554,1000,89.1847,11,0.22,,1,0,4,1.6394,0,18,0,0.010966,0.408819,-0.240141,4554000,30256.3
4555,1000,87.0812,11,0.22,,1,0,4,1.6394,0,0,0,0.010673,0.338316,-0.600768,4555000,30264.1
4556,1000,207.9009,16,0.32,,1,0,6,2.3452,2,6,0,0.010636,0.606395,-0.389519,4556000,30272.1
4557,1000,106.6362,12,0.24,,1,0,5,1.8708,0,0,0,0.010984,0.319029,0.169387,4557000,30280.2
4558,1000,183.8898,15,0.3,,1,0,5,2.1651,2,0,0,0.010744,0.672164,0.469137,4558000,30288.5
4559,1000,60.1788,10,0.2,,1,0,4,1.5,0,0,0,0.010822,0.413501,1.041787,4559000,30296.9
4560,1000,128.9656,12,0.24,,1,0,6,2.1213,1,1,0,0.010315,0.5633,0.422332,4560000,30304.8
4561,1000,83.411,11,0.22,,1,0,4,1.6394,0,7,0,0.010146,0.27566,-0.281994,4561000,30313.2
4562,1000,100.308,12,0.24,,1,0,4,1.7321,0,5,0,0.010023,0.280032,0.594796,4562000,30321.7
4563,1000,131.0193,12,0.24,,1,0,5,1.8708,1,0,0,0.010177,0.281741,-0.577587,4563000,30330.2
4564,1000,38.3656,8,0.16,,1,0,3,1.2247,0,0,0,0.00993,0.268225,-0.596739,4564000,30339.0
4565,1000,79.4775,11,0.22,,1,0,5,1.7854,0,0,0,0.010061,0.211578,0.107125,4565000,30347.6
4566,1000,111.6773,13,0.26,,1,0,5,1.9203,0,374,0,0.010185,0.357779,-0.219358,4566000,30355.5
4567,1000,74.8565,11,0.22,,1,0,4,1.6394,0,0,0,0.010399,0.460449,0.184974,4567000,30363.6
4568,1000,25.8121,5,0.1,,1,0,2,0.8292,0,7,0,0.010464,0.54023,0.18417,4568000,30371.8
4569,1000,39.4599,10,0.2,,1,0,5,1.8028,0,0,0,0.010323,0.299243,0.792464,4569000,30379.6
4570,1000,80.981,10,0.2,,1,0,5,1.8028,0,3,0,0.011151,0.314975,0.534057,4570000,30387.9
4571,1000,163.5524,15,0.3,,1,0,5,2.1651,1,13,0,0.011322,0.629949,-0.323983,4571000,30396.7
4572,1000,103.8178,12,0.24,,1,0,5,2.1213,0,20,0,0.01086,0.401372,0.101931,4572000,30405.5
4573,1000,71.1371,9,0.18,,1,0,4,1.479,0,0,0,0.0111,0.33486,-0.644988,4573000,30413.8
4574,1000,149.0745,15,0.3,,1,0,5,2.1651,1,36,0,0.011197,0.506251,0.799635,4574000,30421.8
4575,1000,67.1309,10,0.2,,1,0,4,1.5,0,0,0,0.011213,0.217966,-0.093534,4575000,30430.3
4576,1000,-32.0099,5,0.1,,2,0,3,1.299,0,207,0,0.011183,0.494,0.929286,4576000,30438.4
4577,1000,179.5928,14,0.28,,1,0,5,2.0616,2,11,0,0.011177,0.39299,0.224117,4577000,30446.3
4578,1000,78.5357,10,0.2,,1,0,5,1.8028,1,0,0,0.011242,0.471333,0.019058,4578000,30454.8
4579,1000,30.3901,8,0.16,,1,0,3,1.2247,0,0,0,0.011262,0.44764,0.238294,4579000,30463.4
4580,1000,66.9268,10,0.2,,1,0,4,1.5,0,0,0,0.011216,0.667071,-0.866572,4580000,30471.9
4581,1000,-43.3765,5,0.1,,2,0,3,1.299,0,0,0,0.011119,0.565098,-0.043011,4581000,30479.9
4582,1000,61.2524,11,0.22,,1,0,5,1.7854,0,0,0,0.011008,0.327348,1.699333,4582000,30488.0
4583,1000,220.7801,16,0.32,,1,0,6,2.3452,3,0,0,0.011316,0.672902,0.588214,4583000,30496.1
4584,1000,77.4133,10,0.2,,1,0,5,1.8028,0,0,0,0.011285,0.290903,-0.64566,4584000,30504.4
4585,1000,68.8272,10,0.2,,1,0,5,1.8028,0,0,0,0.011442,0.257553,0.341767,4585000,30512.7
4586,1000,55.9078,11,0.22,,1,0,5,1.9203,0,0,0,0.011494,0.319219,-0.005768,4586000,30520.5
4587,1000,146.8908,13,0.26,,1,0,5,2.0463,1,0,0,0.011849,0.247163,2.277551,4587000,30528.7
4588,1000,148.0524,14,0.28,,1,0,5,2.0616,1,0,0,0.01185,0.338298,-0.082605,4588000,30536.8
4589,1000,-57.3633,2,0.04,,3,0,2,0.866,0,0,0,0.012175,0.502271,0.44364,4589000,30545.0
4590,1000,81.2706,10,0.2,,1,0,5,2.0616,0,1,0,0.012346,0.328146,-0.760882,4590000,30553.0
4591,1000,-6.4986,6,0.12,,1,0,3,1.118,0,0,0,0.012546,0.291225,0.609059,4591000,30561.2
4592,1000,139.8506,13,0.26,,1,0,5,1.9203,1,0,0,0.012248,1.261241,0.265676,4592000,30569.0
4593,1000,-11.2019,4,0.08,,2,0,2,1.0,0,0,0,0.01235,0.513681,1.204591,4593000,30577.4
4594,1000,85.6202,11,0.22,,1,0,4,1.6394,0,158,0,0.012464,0.337259,-0.398476,4594000,30585.5
4595,1000,65.6111,10,0.2,,1,0,5,1.8028,0,1,0,0.012243,0.357957,0.639828,4595000,30593.6
4596,1000,89.4476,11,0.22,,1,0,5,1.9203,0,0,0,0.012112,0.764278,0.554961,4596000,30601.4
4597,1000,89.3611,12,0.24,,1,0,5,1.8708,0,0,0,0.012258,0.450448,0.811585,4597000,30609.5
4598,1000,46.7644,8,0.16,,1,0,4,1.4142,0,23,0,0.012662,0.484966,0.457272,4598000,30617.4
4599,1000,31.0148,7,0.14,,1,0,4,1.479,0,0,0,0.013036,0.389541,-0.305442,4599000,30625.6
4600,1000,108.9899,13,0.26,,1,0,5,1.9203,0,332,0,0.013201,0.549586,0.260785,4600000,30633.4
4601,1000,35.804,9,0.18,,1,0,4,1.479,0,1145,0,0.013175,0.325755,0.801594,4601000,30641.4
4602,1000,148.1259,14,0.28,,1,0,5,2.0616,1,0,0,0.013111,0.242965,0.107244,4602000,30649.2
4603,1000,119.0491,13,0.26,,1,0,5,2.0463,1,9,0,0.013026,0.616666,1.661444,4603000,30657.1
4604,1000,200.0174,15,0.3,,1,0,5,2.1651,2,3,0,0.013109,0.696265,0.048687,4604000,30664.8
4605,1000,142.8518,15,0.3,,1,0,5,2.1651,0,32,0,0.013026,0.351223,-0.199841,4605000,30672.7
4606,1000,85.372,12,0.24,,1,0,4,1.7321,0,739,0,0.012851,0.308013,0.657471,4606000,30680.5
4607,1000,148.3793,13,0.26,,1,0,5,2.0463,1,0,0,0.012769,0.484294,0.424314,4607000,30688.4
4608,1000,135.3464,13,0.26,,1,0,5,1.9203,1,0,0,0.013019,0.340077,0.54501,4608000,30696.6
4609,1000,110.3421,13,0.26,,1,0,5,1.9203,0,0,0,0.013242,0.582966,-0.043855,4609000,30704.7
4610,1000,90.7283,11,0.22,,1,0,5,1.9203,0,5,0,0.0137,1.158734,1.060985,4610000,30712.7
4611,1000,145.4956,14,0.28,,1,0,5,2.0616,1,5,0,0.013833,0.56821,0.424119,4611000,30720.7
4612,1000,100.3928,11,0.22,,1,0,5,1.7854,1,0,0,0.013624,0.466007,-0.041731,4612000,30728.8
4613,1000,141.753,14,0.28,,1,0,5,2.0616,1,1,0,0.014086,4.750268,1.560877,4613000,30737.3
4614,1000,232.6621,16,0.32,,1,0,6,2.3452,3,30,0,0.01406,0.837842,0.558307,4614000,30745.3
4615,1000,40.1572,9,0.18,,1,0,5,1.7854,0,1,0,0.013947,0.48647,0.227854,4615000,30753.1
4616,1000,216.3711,15,0.3,,1,0,5,2.1651,3,153,0,0.01384,0.919936,0.146929,4616000,30761.8
4617,1000,31.9179,7,0.14,,1,0,4,1.479,0,0,0,0.013675,0.65512,0.369678,4617000,30769.7
4618,1000,224.8826,15,0.3,,1,0,5,2.1651,3,31,0,0.013781,0.399404,-1.246578,4618000,30777.6
4619,1000,21.5371,6,0.12,,2,0,3,1.5,0,29,0,0.014139,0.375852,-0.020172,4619000,30785.6
4620,1000,-11.7057,7,0.14,,1,0,3,1.299,0,0,0,0.014293,1.571954,-1.015997,4620000,30793.5
4621,1000,16.8155,6,0.12,,1,0,3,1.118,0,0,0,0.014346,0.423779,-0.20511,4621000,30801.7
4622,1000,33.3059,6,0.12,,1,0,3,1.118,0,0,0,0.014573,0.508703,0.955726,4622000,30809.6
4623,1000,121.4417,12,0.24,,1,0,5,1.8708,1,0,0,0.015036,0.892355,0.71228,4623000,30817.4
4624,1000,166.0434,13,0.26,,1,0,5,2.0463,2,0,0,0.014761,0.796724,0.520545,4624000,30825.1
4625,1000,117.9462,13,0.26,,1,0,5,2.0463,1,16,0,0.014477,0.444445,0.54132,4625000,30832.9
4626,1000,197.453,15,0.3,,1,0,5,2.1651,2,46,0,0.014162,0.415043,2.150546,4626000,30840.9
4627,1000,25.9609,9,0.18,,1,0,4,1.7854,0,0,0,0.014222,0.880936,1.296497,4627000,30848.9
4628,1000,53.8786,8,0.16,,1,0,3,1.2247,0,0,0,0.01455,0.54305,-0.692872,4628000,30856.8
4629,1000,-41.2928,6,0.12,,2,0,4,1.6583,0,0,0,0.015049,0.516217,1.161916,4629000,30864.7
4630,1000,4.0244,8,0.16,,1,0,4,1.4142,0,0,0,0.015314,0.683051,1.245597,4630000,30873.2
4631,1000,125.2773,13,0.26,,1,0,5,1.9203,1,19,0,0.01569,0.727742,0.122841,4631000,30881.3
4632,1000,85.4222,12,0.24,,1,0,5,2.1213,0,0,0,0.015754,0.358909,-0.092679,4632000,30889.7
4633,1000,112.5368,12,0.24,,1,0,5,1.8708,1,0,0,0.015805,0.535569,0.496912,4633000,30897.7
4634,1000,17.9182,6,0.12,,1,0,3,1.118,0,0,0,0.015862,0.474201,1.027478,4634000,30905.7
4635,1000,-12.3295,2,0.04,,2,0,1,0.5,0,0,0,0.016209,0.356328,1.482914,4635000,30913.9
4636,1000,227.9557,15,0.3,,1,0,5,2.1651,3,0,0,0.016506,2.364762,-0.225088,4636000,30922.1
4637,1000,133.3442,15,0.3,,1,0,5,2.1651,0,3,0,0.016836,0.339657,0.968688,4637000,30930.4
4638,1000,152.6434,15,0.3,,1,0,5,2.1651,1,0,0,0.017162,0.390693,0.219421,4638000,30938.3
4639,1000,130.1548,12,0.24,,1,0,5,1.8708,1,16,0,0.016902,0.362103,0.923156,4639000,30946.4
4640,1000,67.1708,10,0.2,,1,0,4,1.6583,0,39,0,0.016923,0.665031,0.272259,4640000,30954.4
4641,1000,191.3476,15,0.3,,1,0,5,2.1651,2,0,0,0.016809,0.49976,0.731236,4641000,30963.0
4642,1000,45.1371,9,0.18,,1,0,4,1.479,0,0,0,0.016858,0.407854,-0.007641,4642000,30971.2
4643,1000,128.0997,13,0.26,,1,0,5,2.0463,1,10,0,0.016989,0.351186,0.924753,4643000,30979.9
4644,1000,112.011,14,0.28,,1,0,5,2.0616,0,124,0,0.016695,0.526019,0.908332,4644000,30988.6
4645,1000,155.5316,12,0.24,,1,0,5,2.1213,2,5,0,0.017259,0.81195,0.829565,4645000,30996.8
4646,1000,118.3994,14,0.28,,1,0,5,2.0616,0,235,0,0.017524,1.347507,0.289769,4646000,31004.7
4647,1000,111.3664,12,0.24,,1,0,5,1.8708,1,0,0,0.017038,2.013648,0.986251,4647000,31012.9
4648,1000,142.9304,14,0.28,,1,0,5,2.0616,1,3,0,0.01666,0.311977,1.065354,4648000,31021.5
4649,1000,33.5996,7,0.14,,2,0,4,1.7854,0,0,0,0.01698,7.419008,1.014146,4649000,31029.7
4650,1000,187.4234,15,0.3,,1,0,5,2.1651,2,174,0,0.016497,0.533482,-0.597718,4650000,31037.8
4651,1000,125.081,14,0.28,,1,0,5,2.0616,0,15,0,0.016206,0.379382,0.624348,4651000,31045.9
4652,1000,121.9128,14,0.28,,1,0,5,2.0616,0,7,0,0.01601,0.457968,0.545359,4652000,31053.9
4653,1000,146.8866,15,0.3,,1,0,5,2.1651,1,37,0,0.016167,1.03635,1.03473,4653000,31061.8
4654,1000,140.5235,13,0.26,,1,0,5,2.0463,1,0,0,0.01599,0.980385,0.92573,4654000,31069.8
4655,1000,135.0874,15,0.3,,1,0,5,2.1651,0,37,0,0.015539,0.800875,0.881975,4655000,31078.0
4656,1000,118.9865,14,0.28,,1,0,5,2.0616,0,560,0,0.015589,0.546149,0.294775,4656000,31086.5
4657,1000,145.0195,11,0.22,,1,0,5,2.2776,2,0,0,0.015032,0.605921,0.409963,4657000,31094.5
4658,1000,30.4283,8,0.16,,1,0,4,1.5811,0,0,0,0.015009,0.941636,1.543361,4658000,31102.2
4659,1000,42.5983,7,0.14,,2,0,5,2.0463,0,12,0,0.015305,0.753741,0.625009,4659000,31110.7
4660,1000,78.2012,12,0.24,,1,0,5,1.8708,0,284,0,0.015362,2.018591,-0.088838,4660000,31119.5
4661,1000,16.8696,6,0.12,,2,0,3,1.5,0,76,0,0.015414,1.247086,0.190324,4661000,31127.6
4662,1000,-56.8204,5,0.1,,2,0,4,1.6394,0,0,0,0.016002,1.290897,0.743077,4662000,31135.9
4663,1000,86.656,12,0.24,,1,0,5,1.8708,0,0,0,0.015965,0.617485,1.545478,4663000,31144.1
4664,1000,147.6176,15,0.3,,1,0,5,2.1651,1,247,0,0.015669,0.502288,0.143402,4664000,31152.1
4665,1000,54.5195,10,0.2,,1,0,5,2.0616,0,14,0,0.015351,0.348716,0.424746,4665000,31160.1
4666,1000,80.9771,8,0.16,,1,0,5,1.8708,1,0,0,0.015615,0.682908,-0.134811,4666000,31168.3
4667,1000,20.8748,7,0.14,,2,0,5,2.0463,0,0,0,0.016168,0.468946,0.582383,4667000,31176.5
4668,1000,66.8658,11,0.22,,1,0,5,1.9203,0,0,0,0.015506,2.588647,0.494817,4668000,31184.8
4669,1000,4.5451,5,0.1,,2,0,4,1.6394,0,0,0,0.015648,0.579289,0.392688,4669000,31193.1
4670,1000,33.3204,6,0.12,,1,0,3,1.118,0,0,0,0.015851,0.482456,0.790205,4670000,31201.2
4671,1000,192.6656,15,0.3,,1,0,5,2.1651,2,0,0,0.01555,1.148305,0.454525,4671000,31209.2
4672,1000,111.628,13,0.26,,1,0,5,2.0463,1,0,0,0.015438,0.408151,0.174497,4672000,31217.3
4673,1000,171.3743,15,0.3,,1,0,5,2.1651,1,14,0,0.015256,0.530311,0.428323,4673000,31225.5
4674,1000,188.8429,15,0.3,,1,0,5,2.1651,2,108,0,0.015161,0.651203,0.060207,4674000,31233.6
4675,1000,168.5421,15,0.3,,1,0,5,2.1651,1,11,0,0.015345,0.630206,0.283614,4675000,31241.7
4676,1000,102.0407,13,0.26,,1,0,5,1.9203,0,0,0,0.015328,0.532953,0.890363,4676000,31249.9
4677,1000,39.0446,7,0.14,,1,0,3,1.299,0,54,0,0.015319,2.955452,1.545174,4677000,31258.2
4678,1000,22.3224,8,0.16,,1,0,3,1.2247,0,90,0,0.015401,1.644771,-0.34316,4678000,31266.6
4679,1000,205.9154,15,0.3,,1,0,5,2.1651,3,0,0,0.015262,0.39475,0.410079,4679000,31275.2
4680,1000,159.9004,14,0.28,,1,0,5,2.0616,2,174,0,0.014739,0.649209,0.263598,4680000,31284.0
4681,1000,135.9522,15,0.3,,1,0,5,2.1651,0,294,0,0.014675,0.350973,0.410921,4681000,31292.4
4682,1000,175.5465,15,0.3,,1,0,5,2.1651,1,82,0,0.014595,1.621788,0.968212,4682000,31300.7
4683,1000,82.0606,11,0.22,,1,0,5,1.7854,0,95,0,0.014541,0.844252,1.090317,4683000,31309.2
4684,1000,66.7255,12,0.24,,1,0,5,1.8708,0,0,0,0.014233,0.573715,0.722878,4684000,31317.2
4685,1000,177.8152,14,0.28,,1,0,5,2.0616,2,34,0,0.014151,0.694815,0.244175,4685000,31325.3
4686,1000,142.7925,13,0.26,,1,0,5,2.0463,1,0,0,0.014047,0.466272,1.071036,4686000,31333.3
4687,1000,78.4017,10,0.2,,1,0,5,2.0616,0,16,0,0.014265,0.472138,0.241446,4687000,31341.2
4688,1000,138.763,15,0.3,,1,0,5,2.1651,0,38,0,0.014188,0.653232,1.343762,4688000,31349.2
4689,1000,187.7958,15,0.3,,1,0,5,2.1651,2,6,0,0.014092,0.405027,0.190309,4689000,31357.2
4690,1000,192.4556,15,0.3,,1,0,5,2.1651,2,10,0,0.013778,0.378974,0.865345,4690000,31365.1
4691,1000,133.193,13,0.26,,1,0,5,1.9203,1,11,0,0.013464,0.762808,0.441221,4691000,31373.1
4692,1000,131.4506,15,0.3,,1,0,5,2.1651,0,3,0,0.01322,1.055848,1.321356,4692000,31381.0
4693,1000,184.6981,15,0.3,,0,1,5,1.6394,2,0,0,0.013121,0.414123,0.822949,4693000,31389.2
4694,1000,158.6684,15,0.3,,1,0,5,2.1651,1,0,0,0.01307,1.30781,0.694848,4694000,31397.4
4695,1000,139.3921,15,0.3,,1,0,5,2.1651,1,0,0,0.01313,0.341828,1.24075,4695000,31405.7
4696,1000,133.7955,15,0.3,,1,0,5,2.1651,0,0,0,0.01304,0.460593,-0.130352,4696000,31414.4
4697,1000,86.7592,9,0.18,,2,0,5,2.2776,1,0,0,0.013234,0.413679,0.614292,4697000,31422.9
4698,1000,204.2744,16,0.32,,1,0,6,2.3452,2,20,0,0.013112,0.794657,0.482666,4698000,31430.9
4699,1000,129.2263,14,0.28,,1,0,5,2.0616,1,0,0,0.012875,3.671712,0.997595,4699000,31438.7
4700,1000,150.4038,14,0.28,,1,0,5,2.0616,1,0,0,0.012646,0.475617,1.20887,4700000,31446.7
4701,1000,109.7795,13,0.26,,1,0,5,1.9203,0,0,0,0.012639,0.377346,1.146888,4701000,31455.3
4702,1000,9.9439,5,0.1,,1,0,3,1.0897,0,0,0,0.012832,0.369917,0.847034,4702000,31463.2
4703,1000,168.9438,15,0.3,,1,0,5,2.1651,1,0,0,0.013116,0.879027,0.881064,4703000,31471.4
4704,1000,132.2223,12,0.24,,1,0,5,1.8708,1,0,0,0.012907,0.303145,1.412703,4704000,31479.3
4705,1000,151.6741,14,0.28,,1,0,5,2.0616,1,0,0,0.013084,0.618794,1.652568,4705000,31487.5
4706,1000,42.9892,7,0.14,,1,0,3,1.299,0,0,0,0.013075,1.936238,1.377052,4706000,31495.5
4707,1000,151.9236,14,0.28,,1,0,5,2.0616,1,323,0,0.012803,1.143871,0.59307,4707000,31503.3
4708,1000,56.4406,8,0.16,,1,0,4,1.5811,0,0,0,0.012581,0.718187,1.785174,4708000,31511.2
4709,1000,106.1264,10,0.2,,1,0,5,2.0616,1,0,0,0.012505,0.970841,0.306185,4709000,31519.2
4710,1000,124.6601,14,0.28,,1,0,5,2.0616,0,0,0,0.012809,0.388368,1.046974,4710000,31527.3
4711,1000,98.3294,11,0.22,,1,0,5,2.2776,1,2,0,0.012889,0.310648,1.800244,4711000,31535.1
4712,1000,37.0982,8,0.16,,1,0,4,1.5811,0,0,0,0.012793,0.786082,1.791826,4712000,31543.0
4713,1000,171.8135,15,0.3,,1,0,5,2.1651,1,0,0,0.012649,0.516606,0.685373,4713000,31551.1
4714,1000,170.7746,14,0.28,,1,0,5,2.0616,2,85,0,0.012626,1.183334,1.299863,4714000,31559.3
4715,1000,125.3031,13,0.26,,1,0,5,2.0463,1,0,0,0.012603,0.308063,1.528462,4715000,31567.4
4716,1000,181.7926,14,0.28,,1,0,5,2.0616,2,89,0,0.012632,0.595823,1.013422,4716000,31575.4
4717,1000,19.2867,7,0.14,,1,0,4,1.479,0,0,0,0.012699,0.680508,1.933889,4717000,31583.2
4718,1000,186.444,14,0.28,,1,0,5,2.0616,2,0,0,0.012756,0.23547,2.131848,4718000,31590.8
4719,1000,182.3752,14,0.28,,1,0,5,2.0616,2,0,0,0.012437,0.294652,1.700011,4719000,31598.7
4720,1000,71.895,12,0.24,,1,0,5,1.8708,0,520,0,0.012112,0.5851,0.140729,4720000,31606.5
4721,1000,176.7307,14,0.28,,1,0,5,2.0616,2,178,0,0.011863,0.478141,1.196158,4721000,31614.3
4722,1000,35.255,9,0.18,,1,0,5,1.7854,0,0,0,0.011665,0.915568,0.787951,4722000,31622.4
4723,1000,112.4893,11,0.22,,1,0,5,1.9203,1,0,0,0.011775,0.266527,1.191133,4723000,31630.4
4724,1000,207.9968,16,0.32,,1,0,6,2.3452,2,9,0,0.011575,1.232976,1.846941,4724000,31638.3
4725,1000,167.0559,15,0.3,,1,0,5,2.1651,2,0,0,0.011447,0.833375,1.062518,4725000,31646.4
4726,1000,176.0855,15,0.3,,1,0,6,2.2776,2,18,0,0.011546,0.511662,1.411471,4726000,31654.3
4727,1000,117.7041,12,0.24,,1,0,5,1.8708,1,67,0,0.011342,0.260524,1.657861,4727000,31662.4
4728,1000,129.7579,14,0.28,,1,0,5,2.0616,0,4,0,0.011281,0.64579,0.642901,4728000,31670.5
4729,1000,198.8181,15,0.3,,1,0,5,2.1651,2,1,0,0.011371,0.370654,0.963771,4729000,31678.6
4730,1000,225.3982,15,0.3,,1,0,5,2.1651,3,0,0,0.011055,0.273007,1.023968,4730000,31686.7
4731,1000,154.3771,14,0.28,,1,0,5,2.0616,2,0,0,0.010862,0.317335,0.330858,4731000,31694.6
4732,1000,124.1464,15,0.3,,1,0,5,2.1651,0,0,0,0.010861,0.669921,0.891892,4732000,31702.3
4733,1000,173.9044,14,0.28,,1,0,5,2.0616,2,1,0,0.010733,0.597022,2.224684,4733000,31710.3
4734,1000,150.5548,14,0.28,,1,0,5,2.0616,1,0,0,0.010393,0.339327,1.128375,4734000,31718.4
4735,1000,207.8463,15,0.3,,1,0,5,2.1651,3,0,0,0.010194,0.279283,0.954834,4735000,31726.1
4736,1000,57.5835,8,0.16,,1,0,3,1.2247,0,0,0,0.01022,0.425481,0.554763,4736000,31733.9
4737,1000,178.4924,15,0.3,,1,0,5,2.1651,1,1,0,0.010682,0.442615,1.228738,4737000,31742.0
4738,1000,49.5505,9,0.18,,1,0,4,1.479,0,0,0,0.010772,0.262062,1.917687,4738000,31749.9
4739,1000,39.7192,7,0.14,,1,0,3,1.0897,0,2,0,0.01099,0.308075,0.515253,4739000,31757.9
4740,1000,141.4732,13,0.26,,1,0,5,1.9203,1,0,0,0.011102,0.888431,0.610877,4740000,31765.8
4741,1000,98.6002,13,0.26,,1,0,5,1.9203,0,6,0,0.011048,0.321689,1.471809,4741000,31773.7
4742,1000,159.4835,15,0.3,,1,0,6,2.2776,1,0,0,0.010875,0.583832,2.415924,4742000,31781.7
4743,1000,81.4556,12,0.24,,1,0,5,1.8708,0,0,0,0.01123,0.393578,2.224516,4743000,31789.8
4744,1000,44.241,10,0.2,,1,0,4,1.6583,0,10,0,0.011142,0.523219,0.929059,4744000,31797.9
4745,1000,209.9622,15,0.3,,1,0,5,2.1651,3,0,0,0.010955,0.360348,1.904655,4745000,31806.0
4746,1000,146.4196,14,0.28,,1,0,5,2.0616,1,0,0,0.01105,0.302827,1.176199,4746000,31814.5
4747,1000,159.1128,14,0.28,,1,0,5,2.0616,1,59,0,0.011186,0.339446,0.851258,4747000,31822.7
4748,1000,120.3934,14,0.28,,1,0,5,2.0616,0,141,0,0.011092,0.315137,1.023722,4748000,31831.0
4749,1000,24.168,7,0.14,,1,0,4,1.479,0,342,0,0.011174,0.517122,1.528635,4749000,31839.2
4750,1000,41.907,7,0.14,,1,0,3,1.0897,0,0,0,0.011465,0.373838,0.33905,4750000,31847.1
4751,1000,163.922,15,0.3,,1,0,5,2.1651,1,24,0,0.011524,0.474487,1.561791,4751000,31855.1
4752,1000,178.1309,15,0.3,,1,0,5,2.1651,2,252,0,0.011418,0.711658,1.878931,4752000,31863.1
4753,1000,145.3014,14,0.28,,1,0,5,2.0616,1,217,0,0.011396,0.295475,1.350291,4753000,31871.3
4754,1000,169.7911,15,0.3,,1,0,5,2.1651,1,77,0,0.011278,0.319216,1.607708,4754000,31879.2
4755,1000,50.2721,9,0.18,,1,0,5,1.9203,0,8,0,0.01124,0.356022,2.094014,4755000,31887.0
4756,1000,138.2752,15,0.3,,1,0,5,2.1651,1,0,0,0.011186,0.256201,1.083408,4756000,31894.7
4757,1000,169.0037,15,0.3,,1,0,5,2.1651,1,231,0,0.011082,1.288589,1.744971,4757000,31902.5
4758,1000,93.975,13,0.26,,1,0,5,1.9203,0,0,0,0.011008,0.343065,1.95129,4758000,31910.6
4759,1000,109.5804,14,0.28,,1,0,5,2.0616,0,18,0,0.010752,0.274824,1.253097,4759000,31918.9
4760,1000,113.2179,14,0.28,,1,0,5,2.0616,0,28,0,0.01051,0.265954,1.448806,4760000,31926.8
4761,1000,30.1938,6,0.12,,1,0,2,0.866,0,0,0,0.010749,0.28137,1.217003,4761000,31934.7
4762,1000,216.3686,15,0.3,,1,0,5,2.1651,3,358,0,0.010716,0.270999,0.597202,4762000,31942.4
4763,1000,186.8336,15,0.3,,1,0,5,2.1651,2,20,0,0.010488,0.61321,0.647954,4763000,31950.1
4764,1000,45.7067,7,0.14,,2,0,5,2.0463,0,0,0,0.010612,1.586329,1.101684,4764000,31958.5
4765,1000,159.0429,13,0.26,,1,0,5,2.0463,2,0,0,0.01061,0.377622,1.090219,4765000,31966.9
4766,1000,172.7234,15,0.3,,1,0,5,2.1651,1,240,0,0.010739,0.322927,0.375413,4766000,31974.9
4767,1000,44.6113,9,0.18,,1,0,5,1.9203,0,0,0,0.010437,0.216896,1.153623,4767000,31982.9
4768,1000,19.6488,6,0.12,,2,0,3,1.5,0,0,0,0.010161,0.29911,1.29497,4768000,31990.7
4769,1000,68.6429,7,0.14,,1,0,5,1.9203,1,0,0,0.010187,0.359985,0.809896,4769000,31998.4
4770,1000,112.8181,13,0.26,,1,0,5,1.9203,0,0,0,0.0104,0.379032,0.184534,4770000,32006.3
4771,1000,179.5763,14,0.28,,1,0,5,2.0616,2,0,0,0.010048,0.229703,0.443481,4771000,32014.7
4772,1000,52.1514,9,0.18,,1,0,4,1.479,0,0,0,0.009793,0.508632,1.510964,4772000,32022.7
4773,1000,121.6404,14,0.28,,1,0,5,2.0616,0,53,0,0.00985,0.325478,0.834444,4773000,32030.5
4774,1000,91.3442,12,0.24,,1,0,5,2.1213,0,229,0,0.010021,0.491335,1.226025,4774000,32038.5
4775,1000,196.2946,15,0.3,,1,0,5,2.1651,2,137,0,0.010152,0.296977,0.075656,4775000,32046.6
4776,1000,142.4217,13,0.26,,1,0,5,1.9203,1,0,0,0.010083,0.393198,0.836481,4776000,32054.4
4777,1000,116.0759,14,0.28,,1,0,5,2.0616,0,90,0,0.01022,0.211124,1.081339,4777000,32062.2
4778,1000,142.6513,14,0.28,,1,0,5,2.0616,1,0,0,0.009859,0.641431,1.808389,4778000,32069.8
4779,1000,35.6829,7,0.14,,1,0,3,1.299,0,0,0,0.010058,0.587311,1.252828,4779000,32077.8
4780,1000,70.4365,11,0.22,,1,0,4,1.6394,0,0,0,0.01019,0.319823,1.857394,4780000,32085.9
4781,1000,138.4956,14,0.28,,1,0,5,2.0616,1,52,0,0.010022,0.243768,0.665553,4781000,32094.3
4782,1000,114.8094,14,0.28,,1,0,5,2.0616,0,391,0,0.009871,0.222002,0.632525,4782000,32102.1
4783,1000,196.3007,17,0.34,,1,0,7,2.586,2,36,0,0.009659,0.287719,1.750966,4783000,32110.2
4784,1000,143.1777,14,0.28,,1,0,5,2.0616,1,0,0,0.009768,0.352834,1.984342,4784000,32118.0
4785,1000,153.2543,14,0.28,,1,0,5,2.0616,1,9,0,0.009917,0.220144,0.182015,4785000,32125.8
4786,1000,86.0253,10,0.2,,1,0,5,2.0616,1,0,0,0.009765,0.23393,0.058543,4786000,32133.8
4787,1000,82.3469,11,0.22,,1,0,5,1.7854,0,2,0,0.010019,0.22793,-0.012269,4787000,32141.7
4788,1000,158.9841,15,0.3,,1,0,5,2.1651,1,0,0,0.009957,0.287847,-0.037601,4788000,32149.5
4789,1000,228.4113,15,0.3,,1,0,5,2.1651,3,0,0,0.010275,0.289407,1.065258,4789000,32157.9
4790,1000,161.328,14,0.28,,1,0,5,2.0616,1,135,0,0.010319,0.249592,-0.590921,4790000,32165.9
4791,1000,166.7816,14,0.28,,1,0,5,2.0616,2,0,0,0.010347,0.294935,-0.011449,4791000,32174.3
4792,1000,-22.3169,3,0.06,,2,0,2,0.8292,0,0,0,0.010334,0.260955,0.650854,4792000,32182.3
4793,1000,191.6288,15,0.3,,1,0,5,2.1651,2,28,0,0.010184,0.225159,1.322013,4793000,32190.1
4794,1000,22.7144,7,0.14,,1,0,3,1.0897,0,0,0,0.010205,0.508193,0.637033,4794000,32198.5
4795,1000,78.5703,11,0.22,,1,0,5,1.7854,0,0,0,0.010407,0.468488,0.47236,4795000,32206.7
4796,1000,126.3812,13,0.26,,1,0,5,2.0463,1,235,0,0.01036,0.240365,1.262648,4796000,32214.7
4797,1000,27.0943,6,0.12,,1,0,2,0.866,0,0,0,0.010616,0.236514,0.645604,4797000,32223.0
4798,1000,4.3462,5,0.1,,2,0,3,1.299,0,0,0,0.010872,0.248253,0.358801,4798000,32231.6
4799,1000,87.9478,12,0.24,,1,0,5,1.8708,0,0,0,0.011338,0.37419,1.2589,4799000,32239.9
4800,1000,67.6556,10,0.2,,1,0,5,1.8028,0,0,0,0.011245,0.26928,0.542595,4800000,32248.3
4801,1000,17.0762,7,0.14,,1,0,3,1.299,0,143,0,0.011035,0.333881,0.650276,4801000,32256.5
4802,1000,34.1266,9,0.18,,1,0,4,1.479,0,0,0,0.011055,0.420113,-0.442833,4802000,32264.8
4803,1000,6.5021,7,0.14,,1,0,3,1.0897,0,0,0,0.011083,0.42316,0.964561,4803000,32273.0
4804,1000,86.6222,13,0.26,,1,0,5,1.9203,0,0,0,0.010862,0.395476,0.524499,4804000,32281.0
4805,1000,64.0942,10,0.2,,1,0,4,1.6583,0,0,0,0.011436,0.275466,-0.005144,4805000,32289.0
4806,1000,124.6391,12,0.24,,1,0,5,1.8708,1,0,0,0.011353,0.334741,0.787222,4806000,32296.8
4807,1000,52.2272,9,0.18,,1,0,4,1.479,0,0,0,0.011597,0.278043,0.112117,4807000,32304.7
4808,1000,24.8013,8,0.16,,1,0,4,1.5811,0,64,0,0.011874,0.359028,1.04489,4808000,32312.5
4809,1000,96.5913,12,0.24,,1,0,5,1.8708,1,0,0,0.012069,0.308598,0.003216,4809000,32320.5
4810,1000,10.5982,6,0.12,,1,0,3,1.118,0,0,0,0.012358,0.429361,0.813092,4810000,32328.9
4811,1000,91.9463,13,0.26,,1,0,5,1.9203,1,0,0,0.012159,0.247864,1.284064,4811000,32336.7
4812,1000,2.4099,6,0.12,,1,0,3,1.118,0,21,0,0.011816,0.518131,0.469567,4812000,32344.6
4813,1000,74.2964,10,0.2,,1,0,4,1.5,0,0,0,0.011741,0.585305,0.91817,4813000,32352.8
4814,1000,212.8189,15,0.3,,1,0,5,2.1651,3,0,0,0.011461,0.518645,-0.414265,4814000,32360.7
4815,1000,166.988,13,0.26,,1,0,5,2.0463,2,64,0,0.011489,0.319431,0.872902,4815000,32369.1
4816,1000,8.2879,8,0.16,,1,0,4,1.5811,0,0,0,0.011634,0.328557,0.577267,4816000,32377.9
4817,1000,18.996,4,0.08,,2,0,2,1.0,0,0,0,0.011729,0.777262,1.354627,4817000,32386.2
4818,1000,-2.5553,4,0.08,,2,0,3,1.2247,0,0,0,0.011848,0.278617,0.590821,4818000,32394.7
4819,1000,6.9387,5,0.1,,2,0,3,1.299,0,0,0,0.011853,0.285352,1.210463,4819000,32403.3
4820,1000,-29.3122,5,0.1,,1,0,2,0.8292,0,0,0,0.012073,0.447255,1.306464,4820000,32411.8
4821,1000,15.9908,7,0.14,,1,0,3,1.299,0,0,0,0.012261,0.564005,0.571931,4821000,32420.0
4822,1000,66.3521,9,0.18,,1,0,4,1.479,0,0,0,0.01234,0.409917,0.759448,4822000,32427.9
4823,1000,-48.0276,5,0.1,,1,0,3,1.0897,0,0,0,0.012311,0.309461,0.947247,4823000,32435.9
4824,1000,64.1792,10,0.2,,1,0,4,1.6583,0,0,0,0.012072,0.545404,-0.523686,4824000,32443.9
4825,1000,85.922,11,0.22,,1,0,5,1.7854,0,0,0,0.012223,0.652265,-0.007181,4825000,32451.7
4826,1000,83.3423,11,0.22,,1,0,4,1.6394,0,0,0,0.012649,0.300622,0.481768,4826000,32459.5
4827,1000,152.1244,14,0.28,,1,0,5,2.0616,1,299,0,0.012564,0.398816,0.728045,4827000,32467.3
4828,1000,103.0787,13,0.26,,1,0,5,2.0463,0,46,0,0.012605,0.698128,-0.190742,4828000,32475.1
4829,1000,121.5361,12,0.24,,1,0,5,1.8708,1,52,0,0.012392,0.63891,0.24994,4829000,32482.9
4830,1000,83.2435,12,0.24,,1,0,5,1.8708,0,0,0,0.012651,0.35729,1.126832,4830000,32490.7
4831,1000,111.3244,13,0.26,,1,0,5,1.9203,0,0,0,0.013338,0.365368,0.54913,4831000,32498.6
4832,1000,130.0879,13,0.26,,1,0,5,1.9203,1,0,0,0.013096,0.299213,0.245842,4832000,32506.9
4833,1000,15.6041,7,0.14,,1,0,3,1.299,0,0,0,0.012687,1.163227,1.408462,4833000,32514.9
4834,1000,106.5576,14,0.28,,1,0,5,2.0616,1,0,0,0.012714,0.746428,-0.225429,4834000,32523.1
4835,1000,85.0037,12,0.24,,1,0,5,1.8708,0,11,0,0.01278,0.384104,0.087765,4835000,32530.9
4836,1000,81.9494,12,0.24,,1,0,5,1.8708,0,0,0,0.012826,0.359608,0.99086,4836000,32538.8
4837,1000,95.1486,11,0.22,,1,0,5,1.9203,1,0,0,0.012739,0.335883,0.352026,4837000,32547.1
4838,1000,187.0349,15,0.3,,1,0,5,2.1651,2,0,0,0.012485,0.690674,0.550798,4838000,32555.4
4839,1000,138.7989,13,0.26,,1,0,5,1.9203,1,157,0,0.012459,1.039639,0.829454,4839000,32564.0
4840,1000,151.7206,14,0.28,,1,0,5,2.0616,1,0,0,0.012529,0.29189,0.186641,4840000,32572.2
4841,1000,147.7123,14,0.28,,1,0,5,2.0616,2,0,0,0.012331,0.508931,0.001389,4841000,32579.8
4842,1000,-3.971,6,0.12,,1,0,2,0.866,0,0,0,0.012421,0.351967,1.822799,4842000,32588.1
4843,1000,111.1838,14,0.28,,1,0,5,2.0616,0,351,0,0.01264,0.802643,0.599717,4843000,32596.1
4844,1000,140.9835,14,0.28,,1,0,5,2.0616,1,535,0,0.012707,0.359818,-0.05969,4844000,32604.0
4845,1000,105.5004,13,0.26,,1,0,5,1.9203,0,0,0,0.012525,0.448833,0.154498,4845000,32612.1
4846,1000,41.1557,7,0.14,,2,0,4,1.7854,0,0,0,0.012659,1.552768,0.567527,4846000,32620.2
4847,1000,21.7065,7,0.14,,2,0,5,2.0463,0,0,0,0.01274,0.363142,1.497523,4847000,32628.3
4848,1000,86.005,11,0.22,,1,0,4,1.6394,0,279,0,0.012652,0.266465,1.393333,4848000,32636.6
4849,1000,19.4483,5,0.1,,1,0,3,1.0897,0,0,0,0.012906,0.315548,-0.67761,4849000,32644.7
4850,1000,87.5108,13,0.26,,1,0,5,1.9203,0,0,0,0.01279,3.40985,0.465156,4850000,32652.5
4851,1000,18.0009,8,0.16,,2,0,5,2.1213,0,0,0,0.012719,0.317845,0.787115,4851000,32660.6
4852,1000,139.4867,14,0.28,,1,0,5,2.0616,1,82,0,0.012904,0.413633,1.01429,4852000,32668.7
4853,1000,126.164,14,0.28,,1,0,5,2.0616,0,88,0,0.012945,0.644978,0.655106,4853000,32676.8
4854,1000,148.4641,15,0.3,,1,0,5,2.1651,1,82,0,0.012861,0.569208,0.104,4854000,32684.7
4855,1000,103.5433,14,0.28,,1,0,5,2.0616,1,448,0,0.012614,0.467364,0.797119,4855000,32692.8
4856,1000,138.7644,14,0.28,,1,0,5,2.0616,1,0,0,0.012659,0.440063,1.555096,4856000,32701.3
4857,1000,123.8635,14,0.28,,1,0,5,2.0616,0,6,0,0.012954,0.564996,0.341018,4857000,32709.8
4858,1000,100.0902,9,0.18,,1,0,5,1.7854,1,0,0,0.012863,0.689194,0.95199,4858000,32718.5
4859,1000,125.9701,14,0.28,,1,0,5,2.0616,0,0,0,0.012796,0.483572,1.16068,4859000,32726.8
4860,1000,101.1143,13,0.26,,1,0,5,1.9203,0,218,0,0.012697,0.415576,1.026245,4860000,32735.3
4861,1000,123.8952,14,0.28,,1,0,5,2.0616,2,132,0,0.012446,0.326867,1.162604,4861000,32743.7
4862,1000,134.5286,14,0.28,,1,0,5,2.0616,1,361,0,0.012425,0.427885,0.221832,4862000,32751.9
4863,1000,112.9665,14,0.28,,1,0,5,2.0616,0,0,0,0.012482,0.370381,-0.113813,4863000,32760.5
4864,1000,152.764,14,0.28,,1,0,5,2.0616,1,61,0,0.012265,1.710117,0.947713,4864000,32768.5
4865,1000,183.7574,14,0.28,,1,0,5,2.0616,2,45,0,0.012177,0.302731,1.546548,4865000,32776.6
4866,1000,172.4695,14,0.28,,1,0,5,2.0616,2,0,0,0.012362,0.762095,0.014704,4866000,32784.4
4867,1000,8.6827,7,0.14,,1,0,4,1.479,0,0,0,0.01223,0.294979,0.87535,4867000,32792.5
4868,1000,124.5821,14,0.28,,1,0,5,2.0616,0,112,0,0.012042,0.3921,0.788338,4868000,32800.8
4869,1000,152.413,14,0.28,,1,0,5,2.0616,1,1,0,0.011913,0.325977,-0.253152,4869000,32808.7
4870,1000,-0.8853,7,0.14,,1,0,4,1.479,0,0,0,0.011764,0.30666,0.390403,4870000,32817.1
4871,1000,190.3655,15,0.3,,1,0,5,2.1651,2,47,0,0.011726,0.341778,1.263247,4871000,32825.0
4872,1000,136.4844,14,0.28,,1,0,5,2.0616,1,182,0,0.011979,0.379415,0.639791,4872000,32833.0
4873,1000,123.95,15,0.3,,1,0,5,2.1651,0,1,0,0.012049,0.287431,0.908587,4873000,32840.9
4874,1000,143.0968,14,0.28,,1,0,5,2.0616,1,266,0,0.011555,0.400778,0.763088,4874000,32848.8
4875,1000,166.6069,14,0.28,,1,0,5,2.0616,2,0,0,0.011556,0.278674,1.316846,4875000,32856.8
4876,1000,87.2007,13,0.26,,1,0,5,1.9203,0,7,0,0.011864,0.332967,0.615681,4876000,32865.2
4877,1000,88.1188,13,0.26,,1,0,5,1.9203,0,0,0,0.011724,0.354415,0.68381,4877000,32873.4
4878,1000,164.6197,14,0.28,,1,0,5,2.0616,2,0,0,0.011693,0.286968,0.481609,4878000,32881.5
4879,1000,112.2488,14,0.28,,1,0,5,2.0616,0,271,0,0.011532,0.214914,1.40627,4879000,32889.4
4880,1000,168.3417,15,0.3,,1,0,5,2.1651,1,37,0,0.011349,0.333171,1.450938,4880000,32897.3
4881,1000,115.55,14,0.28,,1,0,5,2.0616,0,0,0,0.01139,0.234853,1.460395,4881000,32905.2
4882,1000,111.9105,14,0.28,,1,0,5,2.0616,0,30,0,0.011242,0.542857,-0.322694,4882000,32913.3
4883,1000,143.5264,14,0.28,,1,0,5,2.0616,1,13,0,0.01125,0.280536,0.477623,4883000,32921.1
4884,1000,140.0774,14,0.28,,1,0,5,2.0616,1,0,0,0.011671,0.290621,0.769396,4884000,32928.8
4885,1000,101.7402,13,0.26,,1,0,5,1.9203,0,0,0,0.011785,0.236429,1.564334,4885000,32936.9
4886,1000,114.8368,14,0.28,,1,0,5,2.0616,0,0,0,0.011477,0.308092,-0.077194,4886000,32944.9
4887,1000,123.6624,14,0.28,,1,0,5,2.0616,0,243,0,0.011333,0.793544,-0.256222,4887000,32952.8
4888,1000,135.222,15,0.3,,1,0,5,2.1651,0,2,0,0.011441,0.240938,1.116131,4888000,32960.5
4889,1000,87.3957,11,0.22,,1,0,5,1.9203,0,0,0,0.011593,0.684535,-0.06748,4889000,32968.2
4890,1000,130.7844,15,0.3,,0,1,5,1.6394,1,303,0,0.011557,1.187337,0.808563,4890000,32975.9
4891,1000,188.7334,15,0.3,,1,0,5,2.1651,2,1,0,0.01192,3.164516,0.564522,4891000,32983.5
4892,1000,138.1705,14,0.28,,1,0,5,2.0616,1,176,0,0.011647,0.401556,-0.114223,4892000,32991.2
4893,1000,103.7439,12,0.24,,1,0,5,2.1213,0,25,0,0.011706,0.480109,0.080418,4893000,32998.9
4894,1000,153.6327,15,0.3,,1,0,5,2.1651,1,252,0,0.011488,0.318179,0.826279,4894000,33006.5
4895,1000,151.3849,14,0.28,,1,0,5,2.0616,1,86,0,0.01164,0.358558,-0.108964,4895000,33014.2
4896,1000,177.6008,14,0.28,,1,0,5,2.0616,2,0,0,0.011674,0.296795,1.19823,4896000,33022.4
4897,1000,178.8666,15,0.3,,1,0,6,2.2776,2,4,0,0.011567,0.774032,1.474175,4897000,33030.5
4898,1000,151.32,14,0.28,,1,0,5,2.0616,1,65,0,0.011244,0.24098,-0.179484,4898000,33038.5
4899,1000,111.6474,13,0.26,,1,0,5,1.9203,1,0,0,0.010853,0.256224,0.842158,4899000,33046.7
4900,1000,149.0418,14,0.28,,1,0,5,2.0616,1,18,0,0.010546,0.368854,0.764337,4900000,33055.1
4901,1000,70.2987,12,0.24,,1,0,5,1.8708,0,137,0,0.010585,0.440087,0.480367,4901000,33062.9
4902,1000,86.6007,11,0.22,,1,0,5,1.7854,0,0,0,0.010526,0.204225,0.270707,4902000,33071.2
4903,1000,122.0801,15,0.3,,0,1,5,1.6394,0,16,0,0.010325,0.249343,0.472784,4903000,33079.2
4904,1000,142.6926,14,0.28,,1,0,5,2.0616,1,13,0,0.009989,0.308225,1.28237,4904000,33087.1
4905,1000,143.7095,14,0.28,,1,0,5,2.0616,1,29,0,0.010048,0.327305,0.068544,4905000,33095.3
4906,1000,116.2821,14,0.28,,1,0,5,2.0616,0,25,0,0.010086,0.286312,0.234696,4906000,33103.0
4907,1000,94.2934,11,0.22,,1,0,5,1.9203,0,0,0,0.010196,0.186888,-0.045672,4907000,33111.0
4908,1000,139.7921,14,0.28,,1,0,5,2.0616,1,15,0,0.009815,0.36068,0.798438,4908000,33118.7
4909,1000,188.0093,14,0.28,,1,0,5,2.0616,2,0,0,0.009736,0.475888,-0.085515,4909000,33126.6
4910,1000,140.2446,14,0.28,,1,0,5,2.0616,1,25,0,0.00967,0.600571,0.338744,4910000,33134.5
4911,1000,97.0566,12,0.24,,1,0,5,1.8708,1,0,0,0.009561,0.955153,0.650074,4911000,33142.5
4912,1000,42.9227,10,0.2,,1,0,4,1.5,0,0,0,0.009903,0.533937,1.04959,4912000,33150.3
4913,1000,158.1409,14,0.28,,1,0,5,2.0616,1,81,0,0.009862,0.23222,0.236522,4913000,33158.1
4914,1000,126.3272,14,0.28,,1,0,5,2.0616,1,90,0,0.009634,0.255959,0.354805,4914000,33166.0
4915,1000,118.4191,14,0.28,,1,0,5,2.0616,2,0,0,0.009542,0.398995,1.242933,4915000,33173.9
4916,1000,130.3707,14,0.28,,1,0,5,2.0616,1,16,0,0.009335,0.582362,0.573087,4916000,33181.8
4917,1000,77.5243,11,0.22,,1,0,5,1.7854,0,45,0,0.009388,0.214186,0.360156,4917000,33189.9
4918,1000,150.0489,14,0.28,,1,0,5,2.0616,1,0,0,0.009394,0.270855,-0.242682,4918000,33197.9
4919,1000,159.5288,14,0.28,,1,0,5,2.0616,1,3,0,0.008916,0.245068,0.83789,4919000,33206.1
4920,1000,132.1402,13,0.26,,1,0,5,2.0463,1,41,0,0.008497,0.242584,0.290998,4920000,33214.4
4921,1000,190.0355,15,0.3,,1,0,5,2.1651,2,0,0,0.008227,0.318791,1.47057,4921000,33222.6
4922,1000,118.9668,14,0.28,,1,0,5,2.0616,0,27,0,0.008354,0.336454,0.066598,4922000,33231.0
4923,1000,69.6934,10,0.2,,1,0,5,1.8028,0,0,0,0.008336,0.238905,0.785443,4923000,33239.2
4924,1000,179.6639,15,0.3,,1,0,5,2.1651,2,9,0,0.008152,0.499463,0.377435,4924000,33247.1
4925,1000,134.4078,14,0.28,,1,0,5,2.0616,1,0,0,0.007678,0.298421,0.619172,4925000,33255.2
4926,1000,113.1377,14,0.28,,1,0,5,2.0616,0,0,0,0.007777,0.341509,0.526819,4926000,33263.3
4927,1000,67.0493,10,0.2,,1,0,4,1.6583,0,78,0,0.007815,0.21224,-0.042778,4927000,33271.6
4928,1000,203.0056,15,0.3,,1,0,5,2.1651,2,59,0,0.007773,0.262037,-0.040797,4928000,33279.5
4929,1000,115.4592,14,0.28,,1,0,5,2.0616,0,0,0,0.007596,0.165193,1.343066,4929000,33287.5
4930,1000,227.8306,15,0.3,,1,0,5,2.1651,3,158,0,0.007316,0.200492,0.919992,4930000,33295.5
4931,1000,74.6224,10,0.2,,1,0,4,1.5,0,0,0,0.00734,0.236047,1.25702,4931000,33303.6
4932,1000,154.9036,15,0.3,,1,0,5,2.1651,1,0,0,0.007357,0.408301,0.262522,4932000,33311.3
4933,1000,178.0804,14,0.28,,1,0,5,2.0616,2,15,0,0.007381,0.344549,0.009749,4933000,33319.0
4934,1000,178.7226,15,0.3,,1,0,5,2.1651,2,0,0,0.00745,0.236036,1.454332,4934000,33327.4
4935,1000,218.058,15,0.3,,1,0,5,2.1651,3,0,0,0.007376,0.200874,0.980005,4935000,33336.1
4936,1000,199.858,15,0.3,,1,0,5,2.1651,2,194,0,0.007358,0.241625,-0.543751,4936000,33343.9
4937,1000,172.3244,15,0.3,,1,0,5,2.1651,1,0,0,0.007497,0.16752,1.014691,4937000,33351.6
4938,1000,198.3598,15,0.3,,1,0,5,2.1651,2,112,0,0.007341,0.463404,0.502286,4938000,33360.0
4939,1000,95.4407,13,0.26,,1,0,5,1.9203,0,258,0,0.007268,0.181052,-0.091558,4939000,33367.9
4940,1000,107.5282,14,0.28,,1,0,5,2.0616,0,324,0,0.007304,0.237846,0.501408,4940000,33375.8
4941,1000,165.002,15,0.3,,1,0,5,2.1651,1,26,0,0.007268,0.18753,0.074395,4941000,33383.8
4942,1000,208.1486,15,0.3,,1,0,5,2.1651,2,0,0,0.007307,0.165034,0.198217,4942000,33391.5
4943,1000,185.7334,15,0.3,,1,0,5,2.1651,2,555,0,0.007336,0.256532,0.2997,4943000,33399.3
4944,1000,70.7206,12,0.24,,1,0,5,2.1213,0,415,0,0.007309,0.15109,1.399042,4944000,33407.0
4945,1000,-29.3521,5,0.1,,1,0,3,1.0897,0,0,0,0.007461,0.225881,0.522832,4945000,33414.7
4946,1000,11.338,7,0.14,,1,0,4,1.479,0,316,0,0.007579,0.339313,0.387678,4946000,33422.7
4947,1000,170.5002,15,0.3,,0,1,5,1.6394,2,13,0,0.007462,0.188357,0.988381,4947000,33431.0
4948,1000,172.7445,14,0.28,,1,0,5,2.0616,2,0,0,0.007329,0.281647,1.359889,4948000,33439.1
4949,1000,121.9141,14,0.28,,1,0,5,2.0616,1,0,0,0.007377,0.242341,1.103799,4949000,33447.1
4950,1000,153.8364,15,0.3,,0,1,5,1.6394,1,0,0,0.007399,0.213832,0.361643,4950000,33454.9
4951,1000,13.83,7,0.14,,1,0,4,1.479,0,0,0,0.007441,0.642931,0.223829,4951000,33462.9
4952,1000,30.894,7,0.14,,1,0,3,1.299,0,0,0,0.007736,0.194036,1.476921,4952000,33470.9
4953,1000,-45.9543,6,0.12,,1,0,3,1.118,0,0,0,0.00799,0.656356,0.993748,4953000,33478.8
4954,1000,54.8693,9,0.18,,1,0,4,1.479,0,0,0,0.008022,0.288232,0.949713,4954000,33486.6
4955,1000,25.2562,6,0.12,,1,0,3,1.118,0,1,0,0.008176,0.190479,2.028902,4955000,33494.3
4956,1000,23.1671,6,0.12,,1,0,3,1.118,0,0,0,0.008748,0.242876,0.588998,4956000,33502.6
4957,1000,37.0559,7,0.14,,1,0,3,1.0897,0,0,0,0.008748,0.411498,1.83145,4957000,33510.5
4958,1000,61.7348,9,0.18,,1,0,4,1.479,0,0,0,0.008653,0.248199,1.156261,4958000,33518.7
4959,1000,-10.8959,6,0.12,,2,0,4,1.6583,0,5,0,0.008811,0.28507,1.185938,4959000,33527.1
4960,1000,5.0847,6,0.12,,2,0,4,1.6583,0,0,0,0.00922,0.208432,1.269637,4960000,33535.7
4961,1000,-26.4007,7,0.14,,1,0,3,1.299,0,0,0,0.009334,0.297857,2.032643,4961000,33543.6
4962,1000,31.4599,7,0.14,,1,0,3,1.299,0,0,0,0.009634,0.659048,1.31384,4962000,33551.2
4963,1000,34.4531,6,0.12,,1,0,3,1.118,0,0,0,0.00966,0.34097,2.114604,4963000,33559.1
4964,1000,36.6915,7,0.14,,2,0,4,1.7854,0,107,0,0.009531,0.216762,1.391261,4964000,33567.0
4965,1000,57.8603,9,0.18,,1,0,5,1.9203,0,0,0,0.009408,0.267846,1.422732,4965000,33574.8
4966,1000,30.6336,6,0.12,,1,0,3,1.118,0,0,0,0.009703,0.178696,2.701929,4966000,33583.0
4967,1000,26.9664,8,0.16,,1,0,3,1.2247,0,5,0,0.010018,0.396575,1.246878,4967000,33591.0
4968,1000,25.7627,9,0.18,,1,0,3,1.299,0,0,0,0.009858,0.520211,1.903987,4968000,33598.8
4969,1000,61.6872,10,0.2,,1,0,5,2.0616,0,26,0,0.009985,0.371505,3.147094,4969000,33606.4
4970,1000,57.7481,9,0.18,,1,0,5,1.7854,0,0,0,0.009891,0.2744,2.904416,4970000,33614.3
4971,1000,75.9356,10,0.2,,1,0,4,1.6583,0,13,0,0.009805,0.4295,3.004813,4971000,33622.4
4972,1000,36.6392,7,0.14,,1,0,4,1.479,0,7,0,0.010076,0.291314,2.38337,4972000,33630.4
4973,1000,43.2142,9,0.18,,1,0,5,1.9203,0,19,0,0.010502,0.442454,2.474831,4973000,33638.9
4974,1000,75.3676,11,0.22,,1,0,5,1.7854,0,3,0,0.010592,1.535297,1.398695,4974000,33647.4
4975,1000,13.4698,5,0.1,,1,0,2,0.8292,0,0,0,0.010635,0.438247,1.466239,4975000,33656.3
4976,1000,0.1408,7,0.14,,1,0,4,1.479,0,0,0,0.010567,0.246941,2.656711,4976000,33665.0
4977,1000,60.0576,9,0.18,,1,0,4,1.479,0,0,0,0.010956,0.418663,2.844133,4977000,33673.6
4978,1000,-18.5075,7,0.14,,1,0,4,1.479,0,0,0,0.011277,0.429993,1.840895,4978000,33681.7
4979,1000,119.7183,11,0.22,,1,0,5,1.9203,1,0,0,0.01192,0.581087,2.980045,4979000,33690.1
4980,1000,71.728,10,0.2,,1,0,4,1.6583,0,0,0,0.011924,0.424733,2.35875,4980000,33698.2
4981,1000,8.6098,5,0.1,,1,0,2,0.8292,0,0,0,0.011982,0.306267,1.556297,4981000,33706.3
4982,1000,66.0727,9,0.18,,1,0,4,1.479,0,4,0,0.011956,0.323721,2.550052,4982000,33714.4
4983,1000,96.5802,13,0.26,,1,0,5,1.9203,0,0,0,0.01215,0.242858,2.418133,4983000,33722.6
4984,1000,63.2278,9,0.18,,1,0,4,1.479,0,3,0,0.012235,0.505606,1.995876,4984000,33730.6
4985,1000,96.0355,12,0.24,,1,0,5,1.8708,0,0,0,0.012319,0.377934,3.148654,4985000,33738.8
4986,1000,78.233,12,0.24,,1,0,5,1.8708,0,0,0,0.012728,0.684855,1.7051,4986000,33747.1
4987,1000,49.3738,9,0.18,,1,0,5,1.9203,0,1,0,0.012523,0.358209,2.191592,4987000,33755.5
4988,1000,72.505,10,0.2,,1,0,4,1.5,0,0,0,0.012534,0.546986,2.273355,4988000,33763.3
4989,1000,8.4778,6,0.12,,1,0,2,0.866,0,0,0,0.012746,0.459857,3.064353,4989000,33771.1
4990,1000,67.5515,10,0.2,,1,0,4,1.6583,0,0,0,0.012828,1.247375,2.981598,4990000,33779.1
4991,1000,54.319,9,0.18,,1,0,4,1.479,0,0,0,0.013201,0.724311,2.956742,4991000,33787.5
4992,1000,190.4435,15,0.3,,1,0,5,2.1651,2,260,0,0.013655,0.36602,3.018152,4992000,33795.4
4993,1000,145.9719,14,0.28,,1,0,5,2.0616,1,0,0,0.013163,0.602415,2.565927,4993000,33803.6
4994,1000,44.7078,8,0.16,,1,0,4,1.5811,0,0,0,0.01323,0.33463,4.165151,4994000,33811.4
4995,1000,66.2543,9,0.18,,1,0,3,1.299,0,0,0,0.013288,0.529769,2.467561,4995000,33819.1
4996,1000,154.2679,15,0.3,,1,0,5,2.1651,1,181,0,0.01321,0.445027,2.916048,4996000,33826.6
4997,1000,121.2566,15,0.3,,1,0,5,2.1651,0,0,0,0.012936,0.311124,4.057075,4997000,33834.8
4998,1000,125.4129,15,0.3,,1,0,5,2.1651,0,348,0,0.013063,0.39145,2.963491,4998000,33843.2
4999,1000,161.8665,14,0.28,,1,0,5,2.0616,2,0,0,0.01314,0.330806,3.16326,4999000,33851.2
5000,1000,151.8767,13,0.26,,1,0,5,2.0463,1,0,0,0.013391,0.44945,3.785013,5000000,33859.1
5001,1000,149.6311,14,0.28,,1,0,5,2.0616,1,104,0,0.013442,0.446518,4.044436,5001000,33867.1
5002,1000,84.8588,11,0.22,,1,0,4,1.6394,0,5,0,0.013476,0.45767,2.818636,5002000,33875.1
5003,1000,109.4243,13,0.26,,1,0,5,1.9203,0,1,0,0.013786,0.768198,2.134788,5003000,33883.7
5004,1000,183.3418,15,0.3,,1,0,5,2.1651,2,0,0,0.013637,0.463548,3.295882,5004000,33893.2
5005,1000,182.5352,15,0.3,,1,0,5,2.1651,2,90,0,0.013466,0.317329,3.202439,5005000,33902.5
5006,1000,111.8225,14,0.28,,1,0,5,2.0616,0,21,0,0.013385,0.608514,3.955293,5006000,33911.0
5007,1000,116.175,13,0.26,,1,0,5,1.9203,1,0,0,0.01323,0.334765,2.978728,5007000,33919.9
5008,1000,98.8392,13,0.26,,1,0,5,1.9203,0,105,0,0.013054,0.429403,2.651793,5008000,33929.2
5009,1000,131.7148,15,0.3,,1,0,5,2.1651,1,585,0,0.013395,0.421535,2.737987,5009000,33938.5
5010,1000,125.6376,13,0.26,,1,0,5,1.9203,1,0,0,0.01332,0.471704,2.519235,5010000,33947.4
5011,1000,175.0485,14,0.28,,1,0,5,2.0616,2,35,0,0.013071,1.196918,3.08815,5011000,33956.5
5012,1000,155.2733,15,0.3,,1,0,5,2.1651,1,621,0,0.01298,0.268988,2.897097,5012000,33965.5
5013,1000,67.3855,11,0.22,,1,0,4,1.6394,0,8,0,0.01313,0.448719,4.004203,5013000,33974.7
5014,1000,201.6217,15,0.3,,1,0,5,2.1651,2,45,0,0.013211,0.445802,3.209316,5014000,33983.7
5015,1000,79.2,12,0.24,,1,0,5,1.8708,0,294,0,0.013264,0.323928,3.383804,5015000,33992.9
5016,1000,27.2996,5,0.1,,1,0,2,0.8292,0,0,0,0.014073,1.029845,2.835912,5016000,34001.9
5017,1000,1.46,5,0.1,,2,0,3,1.299,0,114,0,0.013986,0.944468,2.440159,5017000,34011.4
5018,1000,185.0543,16,0.32,,1,0,6,2.3452,1,20,0,0.013917,0.446416,2.783967,5018000,34020.6
5019,1000,98.4946,12,0.24,,1,0,4,1.7321,0,167,0,0.014062,1.077697,2.93637,5019000,34030.1
5020,1000,54.6652,9,0.18,,1,0,3,1.299,0,0,0,0.014639,0.513659,2.271986,5020000,34039.0
5021,1000,96.2749,13,0.26,,1,0,5,1.9203,0,294,0,0.014671,2.152874,2.857937,5021000,34047.9
5022,1000,137.2674,13,0.26,,1,0,5,1.9203,1,65,0,0.014919,0.44433,2.721502,5022000,34056.6
5023,1000,105.3377,13,0.26,,1,0,5,1.9203,0,0,0,0.014803,0.635126,3.519006,5023000,34065.6
5024,1000,85.1322,11,0.22,,1,0,5,1.7854,0,173,0,0.014638,2.165044,3.422979,5024000,34075.1
5025,1000,43.3474,8,0.16,,1,0,3,1.2247,0,122,0,0.014779,0.364396,3.365758,5025000,34084.1
5026,1000,73.4419,11,0.22,,1,0,4,1.6394,0,2,0,0.015357,0.625306,3.331277,5026000,34093.1
5027,1000,119.127,14,0.28,,1,0,5,2.0616,0,14,0,0.015175,1.501329,4.013546,5027000,34101.7
5028,1000,192.1242,15,0.3,,1,0,5,2.1651,2,0,0,0.015119,0.3733,3.378896,5028000,34111.1
5029,1000,108.071,15,0.3,,1,0,5,2.1651,0,50,0,0.015281,0.494539,4.054765,5029000,34120.4
5030,1000,11.1923,5,0.1,,1,0,2,0.8292,0,0,0,0.015334,0.459791,3.467107,5030000,34129.5
5031,1000,69.6366,11,0.22,,1,0,4,1.6394,0,0,0,0.015277,0.426589,2.973395,5031000,34138.5
5032,1000,51.9956,8,0.16,,1,0,3,1.2247,0,0,0,0.015174,0.399714,4.254857,5032000,34147.5
5033,1000,50.0625,10,0.2,,1,0,4,1.5,0,90,0,0.015839,0.412217,4.402198,5033000,34156.4
5034,1000,97.8858,12,0.24,,1,0,5,1.8708,0,0,0,0.01588,0.52076,4.255517,5034000,34165.4
5035,1000,85.1222,12,0.24,,1,0,5,1.8708,0,0,0,0.016487,0.65583,4.465906,5035000,34174.7
5036,1000,2.6935,5,0.1,,1,0,2,0.8292,0,0,0,0.016869,0.47889,3.945632,5036000,34183.7
5037,1000,66.3097,10,0.2,,1,0,4,1.6583,0,0,0,0.016962,0.520048,3.90145,5037000,34193.2
5038,1000,22.5715,6,0.12,,1,0,3,1.118,0,12,0,0.017157,2.828731,3.155647,5038000,34202.3
5039,1000,151.0085,14,0.28,,1,0,5,2.0616,1,0,0,0.017141,0.828342,4.261765,5039000,34211.8
5040,1000,141.197,14,0.28,,1,0,5,2.0616,2,17,0,0.016843,2.220105,4.289581,5040000,34220.9
5041,1000,153.6195,14,0.28,,1,0,5,2.0616,1,0,0,0.017333,2.124043,4.134293,5041000,34230.1
5042,1000,-27.853,5,0.1,,3,0,5,2.1651,1,0,0,0.017388,3.298492,4.355553,5042000,34239.6
5043,1000,62.8605,11,0.22,,1,0,6,2.1651,1,24,0,0.017132,0.473637,4.058884,5043000,34249.1
5044,1000,96.155,12,0.24,,1,0,5,1.8708,0,0,0,0.017407,1.144066,5.190879,5044000,34258.3
5045,1000,3.1794,7,0.14,,2,0,5,2.0463,0,0,0,0.01711,1.066244,4.422858,5045000,34267.4
5046,1000,-17.2547,5,0.1,,2,0,3,1.299,0,0,0,0.017266,1.227873,4.367516,5046000,34276.6
5047,1000,133.529,13,0.26,,1,0,5,2.0463,1,238,0,0.017651,0.950956,3.776208,5047000,34285.8
5048,1000,9.7067,4,0.08,,2,0,3,1.2247,0,0,0,0.018085,0.63087,5.994162,5048000,34295.1
5049,1000,18.4412,6,0.12,,1,0,3,1.118,0,0,0,0.018744,0.80615,3.255324,5049000,34304.4
5050,1000,67.8406,9,0.18,,1,0,4,1.479,0,50,0,0.018807,0.521851,3.538661,5050000,34313.6
5051,1000,141.5123,14,0.28,,1,0,5,2.0616,1,86,0,0.018306,1.470943,3.490633,5051000,34322.2
5052,1000,28.9914,7,0.14,,1,0,4,1.479,0,0,0,0.018525,0.475576,3.452676,5052000,34331.4
5053,1000,116.9238,14,0.28,,1,0,5,2.0616,0,4,0,0.018574,2.794379,3.589247,5053000,34340.7
5054,1000,12.1352,5,0.1,,2,0,3,1.299,0,139,0,0.018681,1.321288,3.935244,5054000,34349.8
5055,1000,90.0065,8,0.16,,2,0,5,2.1213,1,0,0,0.018691,0.590277,4.155522,5055000,34358.9
5056,1000,67.9212,11,0.22,,1,0,5,1.7854,0,0,0,0.018709,1.193515,3.832951,5056000,34367.6
5057,1000,63.3636,10,0.2,,1,0,5,1.8028,0,0,0,0.018569,0.822321,3.968041,5057000,34376.5
5058,1000,95.0355,12,0.24,,1,0,4,1.7321,0,16,0,0.018069,0.595803,4.87935,5058000,34385.4
5059,1000,47.8276,8,0.16,,1,0,4,1.5811,0,0,0,0.017853,2.283504,4.685776,5059000,34394.2
5060,1000,43.0645,8,0.16,,1,0,4,1.5811,0,0,0,0.018119,0.721881,3.972171,5060000,34403.7
5061,1000,-0.8209,4,0.08,,2,0,3,1.2247,0,0,0,0.017833,0.631455,3.649577,5061000,34412.8
5062,1000,103.7477,13,0.26,,1,0,5,1.9203,0,57,0,0.017845,0.607264,4.210943,5062000,34421.6
5063,1000,71.1299,11,0.22,,1,0,4,1.6394,0,1,0,0.017598,0.474163,4.782253,5063000,34430.7
5064,1000,141.1775,13,0.26,,1,0,5,1.9203,1,24,0,0.016805,0.586996,4.314338,5064000,34439.8
5065,1000,122.7378,13,0.26,,1,0,5,1.9203,1,137,0,0.0169,0.897302,4.029726,5065000,34448.5
5066,1000,92.0666,13,0.26,,1,0,5,1.9203,0,47,0,0.016719,0.446656,3.346052,5066000,34457.5
5067,1000,116.5599,14,0.28,,1,0,5,2.0616,0,117,0,0.017145,1.506689,4.752281,5067000,34466.0
5068,1000,56.6266,9,0.18,,1,0,4,1.479,0,0,0,0.016489,0.463598,4.427009,5068000,34474.9
5069,1000,113.6898,14,0.28,,1,0,5,2.0616,0,56,0,0.016764,0.39099,3.98949,5069000,34484.0
5070,1000,168.1295,15,0.3,,1,0,5,2.1651,1,0,0,0.016522,0.639342,3.495567,5070000,34492.7
5071,1000,76.6436,13,0.26,,1,0,5,1.9203,0,0,0,0.01654,0.592387,3.157506,5071000,34501.6
5072,1000,136.5616,14,0.28,,0,1,5,1.5,1,0,0,0.016095,0.634157,3.537636,5072000,34510.6
5073,1000,100.5081,14,0.28,,1,0,5,2.0616,0,0,0,0.015723,0.722757,3.577618,5073000,34519.6
5074,1000,105.1433,12,0.24,,1,0,5,1.8708,0,0,0,0.015685,1.08526,3.435217,5074000,34528.7
5075,1000,148.7147,14,0.28,,1,0,5,2.0616,1,65,0,0.015302,0.6604,4.053236,5075000,34537.1
5076,1000,161.9632,14,0.28,,1,0,5,2.0616,2,250,0,0.015113,0.465486,3.567169,5076000,34545.9
5077,1000,127.2476,13,0.26,,1,0,5,1.9203,1,4,0,0.014676,0.610521,3.91286,5077000,34554.6
5078,1000,150.102,14,0.28,,1,0,5,2.0616,1,0,0,0.014118,0.492184,4.200794,5078000,34563.4
5079,1000,188.0597,14,0.28,,1,0,5,2.0616,2,322,0,0.014022,0.767158,3.728076,5079000,34572.4
5080,1000,129.8936,12,0.24,,1,0,5,1.8708,1,190,0,0.014101,0.505712,2.801907,5080000,34581.3
5081,1000,-4.7413,4,0.08,,2,0,3,1.2247,0,0,0,0.014193,0.351717,2.900043,5081000,34590.9
5082,1000,70.6234,9,0.18,,1,0,3,1.299,0,0,0,0.014493,0.497119,3.498821,5082000,34600.6
5083,1000,161.84,12,0.24,,1,0,5,2.1213,2,162,0,0.014197,1.172714,3.495716,5083000,34609.3
5084,1000,102.247,10,0.2,,1,0,5,1.8028,1,0,0,0.014264,0.618635,3.845656,5084000,34617.9
5085,1000,40.0148,10,0.2,,1,0,4,1.5,0,0,0,0.014405,0.515125,3.870961,5085000,34626.2
5086,1000,93.9768,13,0.26,,1,0,5,1.9203,0,104,0,0.0148,1.566889,2.775286,5086000,34634.0
5087,1000,110.7303,13,0.26,,1,0,5,2.0463,0,0,0,0.014853,0.37807,2.925823,5087000,34642.0
5088,1000,182.9105,14,0.28,,1,0,5,2.0616,2,0,0,0.015008,0.742479,3.375989,5088000,34650.0
5089,1000,-4.8199,5,0.1,,2,0,4,1.6394,0,0,0,0.015222,0.624344,1.956539,5089000,34658.3
5090,1000,14.7177,5,0.1,,1,0,3,1.0897,0,0,0,0.015026,0.541243,2.140532,5090000,34666.1
5091,1000,178.3366,15,0.3,,1,0,5,2.1651,2,0,0,0.015352,0.388703,2.577672,5091000,34673.9
5092,1000,102.4469,14,0.28,,1,0,5,2.0616,0,0,0,0.015083,0.813162,3.194232,5092000,34681.7
5093,1000,150.7159,15,0.3,,1,0,6,2.2776,1,306,0,0.014662,0.4788,2.620178,5093000,34689.3
5094,1000,172.1914,15,0.3,,0,1,5,1.6394,1,193,0,0.014746,0.36163,2.692172,5094000,34697.0
5095,1000,170.3354,15,0.3,,1,0,5,2.1651,1,6,0,0.014623,0.579561,2.856843,5095000,34704.6
5096,1000,168.2304,15,0.3,,1,0,5,2.1651,1,0,0,0.014368,0.390749,2.849086,5096000,34712.5
5097,1000,155.8887,14,0.28,,1,0,5,2.0616,1,169,0,0.014217,0.513424,2.032183,5097000,34720.5
5098,1000,121.2673,14,0.28,,1,0,5,2.0616,0,276,0,0.014153,0.368785,2.539383,5098000,34728.6
5099,1000,82.8087,11,0.22,,1,0,4,1.6394,0,0,0,0.014327,0.518092,2.505902,5099000,34736.7
5100,1000,156.5275,14,0.28,,1,0,5,2.0616,1,51,0,0.014157,0.659884,2.630198,5100000,34745.0
5101,1000,96.5625,12,0.24,,1,0,5,2.1213,0,255,0,0.014246,0.406618,2.215869,5101000,34753.1
5102,1000,149.5804,15,0.3,,1,0,5,2.1651,1,287,0,0.014334,0.508032,2.456925,5102000,34761.2
5103,1000,170.5572,15,0.3,,1,0,5,2.1651,1,0,0,0.014227,0.473123,3.121258,5103000,34769.6
5104,1000,134.6805,13,0.26,,1,0,5,1.9203,1,0,0,0.014299,0.357846,2.627888,5104000,34777.4
5105,1000,165.3178,15,0.3,,1,0,5,2.1651,1,6,0,0.014384,0.394463,2.276746,5105000,34785.3
5106,1000,100.1289,12,0.24,,1,0,5,1.8708,0,7,0,0.014626,2.010273,1.961684,5106000,34793.3
5107,1000,94.6798,13,0.26,,1,0,5,1.9203,0,104,0,0.014405,0.689198,2.919042,5107000,34801.1
5108,1000,112.7897,14,0.28,,1,0,5,2.0616,0,527,0,0.01426,0.407167,2.42126,5108000,34809.5
5109,1000,191.7434,14,0.28,,1,0,5,2.0616,2,5,0,0.014486,0.377612,2.141882,5109000,34817.5
5110,1000,126.4558,14,0.28,,1,0,5,2.0616,0,85,0,0.01465,0.634333,1.805454,5110000,34825.8
5111,1000,160.1298,14,0.28,,1,0,5,2.0616,1,22,0,0.014601,0.455262,1.207909,5111000,34833.8
5112,1000,123.0521,14,0.28,,1,0,5,2.0616,0,173,0,0.014579,0.473263,1.925814,5112000,34842.0
5113,1000,156.4755,14,0.28,,1,0,5,2.0616,1,182,0,0.014305,0.321292,1.654326,5113000,34850.3
5114,1000,116.3379,13,0.26,,1,0,5,1.9203,0,105,0,0.014437,0.623246,1.584245,5114000,34858.4
5115,1000,162.9482,14,0.28,,1,0,5,2.0616,1,83,0,0.014071,0.716329,2.054163,5115000,34866.4
5116,1000,113.5945,13,0.26,,1,0,5,1.9203,0,22,0,0.01364,0.443576,1.105382,5116000,34874.6
5117,1000,193.154,14,0.28,,1,0,5,2.0616,2,101,0,0.013577,0.621458,1.865812,5117000,34882.6
5118,1000,119.5112,14,0.28,,1,0,5,2.0616,0,153,0,0.013428,0.400063,0.102485,5118000,34890.4
5119,1000,172.9801,15,0.3,,1,0,5,2.1651,1,0,0,0.013226,0.499114,1.846372,5119000,34898.2
5120,1000,197.3633,14,0.28,,1,0,5,2.0616,2,52,0,0.013163,1.702421,1.226355,5120000,34906.4
5121,1000,29.1754,7,0.14,,1,0,3,1.299,0,0,0,0.013456,0.745989,2.028832,5121000,34914.5
5122,1000,145.4723,14,0.28,,1,0,5,2.0616,1,1,0,0.01326,0.516287,1.769178,5122000,34922.2
5123,1000,191.8496,15,0.3,,1,0,5,2.1651,2,0,0,0.013133,0.370368,1.893786,5123000,34929.9
5124,1000,77.0775,11,0.22,,1,0,4,1.6394,0,0,0,0.01302,0.858816,2.341493,5124000,34938.0
5125,1000,126.8309,14,0.28,,1,0,5,2.0616,0,16,0,0.013053,0.82657,0.88796,5125000,34946.2
5126,1000,117.948,15,0.3,,1,0,5,2.1651,0,579,0,0.013135,0.564237,1.259257,5126000,34954.6
5127,1000,100.9444,12,0.24,,1,0,5,1.8708,0,0,0,0.013057,0.685173,1.497631,5127000,34962.8
5128,1000,48.5373,8,0.16,,1,0,3,1.2247,0,0,0,0.013128,1.664814,1.666628,5128000,34971.1
5129,1000,78.1795,10,0.2,,1,0,5,2.0616,0,0,0,0.013335,0.606334,0.451758,5129000,34979.4
5130,1000,63.0433,9,0.18,,1,0,5,1.9203,0,5,0,0.013069,0.441887,1.661347,5130000,34987.9
5131,1000,119.4418,11,0.22,,1,0,5,1.7854,1,172,0,0.012786,2.099019,1.610566,5131000,34996.2
5132,1000,28.6851,7,0.14,,1,0,3,1.0897,0,119,0,0.013235,0.334894,1.48152,5132000,35004.6
5133,1000,115.032,14,0.28,,1,0,5,2.0616,0,483,0,0.012921,0.752358,1.04569,5133000,35012.7
5134,1000,30.6235,8,0.16,,1,0,3,1.2247,0,282,0,0.012676,0.506419,1.680196,5134000,35021.0
5135,1000,62.6272,9,0.18,,1,0,5,1.7854,0,0,0,0.012867,0.348599,1.334281,5135000,35028.9
5136,1000,66.1599,10,0.2,,1,0,5,2.0616,0,194,0,0.012446,0.821726,1.454348,5136000,35036.9
5137,1000,86.3269,13,0.26,,1,0,5,1.9203,0,26,0,0.012453,0.444257,1.256922,5137000,35044.8
5138,1000,108.7818,13,0.26,,1,0,5,1.9203,0,251,0,0.012318,0.58978,0.53288,5138000,35052.7
5139,1000,154.8734,14,0.28,,1,0,5,2.0616,1,0,0,0.012008,1.661102,0.750459,5139000,35060.5
5140,1000,116.4014,14,0.28,,1,0,5,2.0616,0,287,0,0.012033,0.630384,-0.542007,5140000,35068.4
5141,1000,124.0462,13,0.26,,1,0,5,1.9203,1,1,0,0.012097,0.497079,2.089316,5141000,35076.1
5142,1000,122.3965,13,0.26,,1,0,5,1.9203,1,148,0,0.011974,0.544816,1.330952,5142000,35084.5
5143,1000,34.8713,8,0.16,,1,0,4,1.5811,0,0,0,0.012216,0.43475,-0.091593,5143000,35092.3
5144,1000,71.8311,10,0.2,,1,0,5,1.8028,0,0,0,0.012061,0.490476,1.279955,5144000,35100.4
5145,1000,165.418,15,0.3,,1,0,5,2.1651,1,4,0,0.012064,0.430316,0.76916,5145000,35108.1
5146,1000,137.3894,13,0.26,,1,0,5,2.0463,1,10,0,0.011808,0.774097,-0.095842,5146000,35115.9
5147,1000,112.8687,14,0.28,,1,0,5,2.0616,0,490,0,0.011714,0.325321,0.47162,5147000,35123.7
5148,1000,59.2391,9,0.18,,1,0,4,1.7854,0,0,0,0.011925,0.471646,1.19135,5148000,35131.3
5149,1000,161.4018,14,0.28,,1,0,5,2.0616,1,0,0,0.011664,1.739413,1.60328,5149000,35139.4
5150,1000,121.8357,14,0.28,,1,0,5,2.0616,0,0,0,0.011664,0.365149,0.949266,5150000,35147.2
5151,1000,95.8451,12,0.24,,1,0,5,1.8708,0,38,0,0.011638,0.333332,-0.018774,5151000,35155.4
5152,1000,149.7657,14,0.28,,1,0,5,2.0616,1,16,0,0.011342,0.408867,0.118556,5152000,35163.4
5153,1000,28.4596,7,0.14,,1,0,4,1.479,0,0,0,0.011095,0.406299,0.779835,5153000,35171.2
5154,1000,163.8986,14,0.28,,1,0,5,2.0616,1,80,0,0.011017,0.536339,1.228914,5154000,35178.8
5155,1000,103.9762,12,0.24,,1,0,5,1.8708,0,43,0,0.010669,0.324946,0.921046,5155000,35187.2
5156,1000,158.8401,14,0.28,,1,0,5,2.0616,1,26,0,0.010522,0.852187,0.018203,5156000,35195.5
5157,1000,193.2208,15,0.3,,1,0,5,2.1651,2,156,0,0.010524,0.317953,0.194581,5157000,35203.6
5158,1000,126.5124,14,0.28,,1,0,5,2.0616,0,157,0,0.010339,0.301623,-0.585712,5158000,35211.7
5159,1000,127.9871,14,0.28,,1,0,5,2.0616,0,267,0,0.010368,0.315667,0.091648,5159000,35219.6
5160,1000,22.5847,8,0.16,,1,0,4,1.4142,0,0,0,0.010198,0.478806,0.887124,5160000,35227.6
5161,1000,125.4989,14,0.28,,1,0,5,2.0616,0,0,0,0.009816,0.443863,0.462296,5161000,35235.5
5162,1000,110.4575,14,0.28,,1,0,5,2.0616,0,362,0,0.010018,0.247295,0.062162,5162000,35243.3
5163,1000,126.2766,14,0.28,,1,0,5,2.0616,0,219,0,0.010323,0.346429,-0.143831,5163000,35251.1
5164,1000,132.9376,15,0.3,,1,0,5,2.1651,0,245,0,0.010102,0.32054,0.398628,5164000,35259.0
5165,1000,109.5217,13,0.26,,1,0,5,1.9203,1,0,0,0.010464,0.356129,1.374517,5165000,35267.6
5166,1000,179.9424,15,0.3,,1,0,5,2.1651,2,115,0,0.010544,0.53687,0.454855,5166000,35276.0
5167,1000,36.6965,8,0.16,,1,0,4,1.4142,0,0,0,0.010615,0.268992,0.666252,5167000,35284.8
5168,1000,160.7369,15,0.3,,1,0,5,2.1651,1,219,0,0.010514,0.446248,0.006381,5168000,35293.3
5169,1000,10.4031,8,0.16,,1,0,3,1.2247,0,42,0,0.010781,0.43676,0.190661,5169000,35301.5
5170,1000,16.4121,7,0.14,,2,0,4,1.7854,0,0,0,0.011142,0.288383,0.098173,5170000,35309.6
5171,1000,17.3479,4,0.08,,1,0,2,0.7071,0,0,0,0.011294,1.181537,0.449868,5171000,35318.1
5172,1000,27.6262,7,0.14,,1,0,3,1.0897,0,0,0,0.011091,0.519605,0.863985,5172000,35326.2
5173,1000,-1.0355,3,0.06,,3,0,3,1.299,0,0,0,0.011654,0.31215,-0.250486,5173000,35334.5
5174,1000,-23.5044,5,0.1,,2,0,4,1.6394,0,82,0,0.01165,0.433998,0.574926,5174000,35343.1
5175,1000,-26.2269,3,0.06,,3,0,3,1.299,0,0,0,0.011848,0.288262,0.735247,5175000,35351.6
5176,1000,6.0442,6,0.12,,1,0,4,1.5,0,0,0,0.01224,0.430139,0.216525,5176000,35360.1
5177,1000,39.1133,7,0.14,,2,0,4,1.7854,0,75,0,0.012152,0.375354,1.090669,5177000,35368.5
5178,1000,124.8271,14,0.28,,1,0,5,2.0616,1,17,0,0.012123,0.388772,1.028512,5178000,35376.8
5179,1000,17.241,7,0.14,,1,0,4,1.479,0,0,0,0.012438,0.369568,0.758583,5179000,35385.0
5180,1000,-15.9039,4,0.08,,1,0,2,0.7071,0,0,0,0.012658,0.555137,0.847169,5180000,35393.4
5181,1000,19.4763,6,0.12,,1,0,2,0.866,0,13,0,0.012714,0.52792,1.404083,5181000,35401.5
5182,1000,-23.5678,6,0.12,,1,0,3,1.118,0,0,0,0.012429,3.520902,1.725085,5182000,35409.9
5183,1000,-5.3635,6,0.12,,1,0,3,1.118,0,0,0,0.012539,0.314929,1.489702,5183000,35418.0
5184,1000,148.2878,14,0.28,,1,0,5,2.0616,1,0,0,0.012504,3.198201,0.594317,5184000,35426.2
5185,1000,10.4767,7,0.14,,1,0,4,1.479,0,0,0,0.012658,0.662138,1.22868,5185000,35434.0
5186,1000,75.3012,10,0.2,,1,0,5,1.8028,0,63,0,0.012924,0.465102,1.86939,5186000,35442.0
5187,1000,116.4068,13,0.26,,1,0,5,2.0463,0,84,0,0.012674,0.468556,1.285275,5187000,35450.1
5188,1000,19.0972,6,0.12,,1,0,3,1.118,0,0,0,0.013135,0.341483,1.63864,5188000,35458.2
5189,1000,168.9786,15,0.3,,1,0,5,2.1651,1,2,0,0.013223,0.321882,0.546246,5189000,35466.2
5190,1000,84.9291,11,0.22,,1,0,5,1.9203,0,201,0,0.013254,0.326618,1.525159,5190000,35474.0
5191,1000,21.1965,6,0.12,,1,0,3,1.118,0,0,0,0.013027,0.480294,2.065097,5191000,35482.0
5192,1000,41.1737,7,0.14,,1,0,3,1.299,0,0,0,0.012999,0.849311,1.388888,5192000,35489.8
5193,1000,36.6082,9,0.18,,1,0,5,1.9203,0,0,0,0.01315,0.419383,0.689932,5193000,35497.7
5194,1000,69.8751,10,0.2,,1,0,5,2.0616,0,0,0,0.013507,2.224979,1.654329,5194000,35505.5
5195,1000,85.138,10,0.2,,1,0,5,2.0616,0,0,0,0.013501,0.277545,2.318496,5195000,35513.5
5196,1000,129.283,15,0.3,,1,0,5,2.1651,0,417,0,0.013595,1.419434,1.329444,5196000,35521.2
5197,1000,80.4759,11,0.22,,1,0,4,1.6394,0,0,0,0.013641,1.438289,1.149757,5197000,35528.8
5198,1000,70.4071,12,0.24,,1,0,5,1.8708,0,0,0,0.013874,1.660656,0.746679,5198000,35536.5
5199,1000,63.2734,8,0.16,,1,0,4,1.4142,0,1,0,0.013661,0.444061,1.511442,5199000,35544.5
5200,1000,125.4081,14,0.28,,1,0,5,2.0616,0,1,0,0.013727,0.644861,1.602734,5200000,35552.5
5201,1000,47.4207,9,0.18,,1,0,4,1.479,0,0,0,0.013752,0.709545,1.314964,5201000,35560.7
5202,1000,89.8661,13,0.26,,1,0,5,1.9203,0,42,0,0.014149,0.385762,0.796456,5202000,35568.9
5203,1000,109.9623,11,0.22,,1,0,5,1.9203,1,0,0,0.01436,0.543217,1.627166,5203000,35576.9
5204,1000,61.3027,10,0.2,,1,0,5,1.8028,0,241,0,0.014304,1.447345,1.707686,5204000,35585.0
5205,1000,111.5613,13,0.26,,1,0,5,1.9203,0,0,0,0.014279,0.600985,1.171225,5205000,35592.9
5206,1000,127.0728,14,0.28,,1,0,5,2.0616,0,106,0,0.014278,0.349268,1.02608,5206000,35601.1
5207,1000,125.1291,14,0.28,,1,0,5,2.0616,0,87,0,0.014134,0.383991,1.689283,5207000,35609.1
5208,1000,154.0692,14,0.28,,1,0,5,2.0616,1,92,0,0.013904,0.342891,1.336197,5208000,35617.1
5209,1000,64.4924,10,0.2,,1,0,4,1.5,0,0,0,0.014393,0.354234,1.584957,5209000,35624.9
5210,1000,170.0862,15,0.3,,1,0,5,2.1651,2,0,0,0.014442,0.431054,0.885396,5210000,35632.5
5211,1000,154.236,15,0.3,,1,0,5,2.1651,1,67,0,0.014424,2.049903,2.362025,5211000,35640.1
5212,1000,75.8626,10,0.2,,1,0,4,1.5,0,277,0,0.014512,0.790542,1.145121,5212000,35648.3
5213,1000,131.2326,14,0.28,,1,0,5,2.0616,0,1,0,0.014602,0.647977,2.390556,5213000,35656.1
5214,1000,75.7178,12,0.24,,1,0,5,1.8708,0,0,0,0.01452,0.488051,0.823911,5214000,35664.0
5215,1000,105.3347,13,0.26,,1,0,5,2.0463,1,12,0,0.014643,0.435923,2.241382,5215000,35672.0
5216,1000,101.3443,13,0.26,,1,0,5,1.9203,0,0,0,0.014057,0.457353,2.998442,5216000,35679.9
5217,1000,-49.4158,2,0.04,,2,0,1,0.5,0,0,0,0.014581,0.458649,2.845442,5217000,35687.7
5218,1000,157.6863,15,0.3,,1,0,5,2.1651,1,135,0,0.014913,0.311611,2.549343,5218000,35695.7
5219,1000,143.2336,13,0.26,,1,0,5,1.9203,1,11,0,0.014669,0.72074,0.933136,5219000,35703.9
5220,1000,14.4461,6,0.12,,1,0,3,1.118,0,0,0,0.014747,0.461364,1.918404,5220000,35712.6
5221,1000,42.8573,9,0.18,,1,0,4,1.479,0,0,0,0.014889,0.353713,2.343432,5221000,35721.2
5222,1000,-21.3035,6,0.12,,1,0,2,0.866,0,0,0,0.015078,0.625728,2.485486,5222000,35729.7
5223,1000,49.4156,8,0.16,,1,0,4,1.5811,0,0,0,0.014858,0.402086,1.226307,5223000,35738.3
5224,1000,-10.3865,5,0.1,,1,0,2,0.8292,0,0,0,0.014716,0.580629,1.680722,5224000,35746.5
5225,1000,25.1997,7,0.14,,2,0,4,1.7854,0,0,0,0.014708,0.436078,2.317996,5225000,35754.6
5226,1000,49.3387,10,0.2,,1,0,4,1.5,0,4,0,0.014758,0.682779,1.920501,5226000,35762.6
5227,1000,103.9504,12,0.24,,1,0,5,1.8708,0,0,0,0.014753,0.502083,2.268995,5227000,35770.3
5228,1000,130.0423,14,0.28,,1,0,5,2.0616,1,0,0,0.014596,0.371823,1.090923,5228000,35778.4
5229,1000,85.0276,11,0.22,,1,0,4,1.6394,0,89,0,0.014252,0.249169,2.461703,5229000,35786.6
5230,1000,99.6816,13,0.26,,1,0,5,2.0463,0,0,0,0.01426,0.374604,1.646693,5230000,35795.1
5231,1000,188.9001,14,0.28,,1,0,5,2.0616,2,3,0,0.01436,0.346944,2.457989,5231000,35803.1
5232,1000,170.4755,15,0.3,,1,0,5,2.1651,1,2,0,0.01442,0.301929,2.573915,5232000,35810.8
5233,1000,53.5111,10,0.2,,1,0,4,1.6583,0,0,0,0.014679,1.642617,1.620771,5233000,35819.1
5234,1000,120.0479,14,0.28,,1,0,5,2.0616,0,75,0,0.014484,0.691073,1.19199,5234000,35826.9
5235,1000,122.6285,14,0.28,,1,0,5,2.0616,1,0,0,0.01454,0.533965,1.254919,5235000,35834.8
5236,1000,109.0055,14,0.28,,1,0,5,2.0616,0,111,0,0.014042,0.355165,1.961471,5236000,35842.6
5237,1000,139.116,14,0.28,,1,0,5,2.0616,1,4,0,0.01393,0.457568,1.861611,5237000,35850.5
5238,1000,160.3726,14,0.28,,1,0,5,2.0616,1,0,0,0.0141,0.370437,1.629013,5238000,35859.4
5239,1000,204.5307,15,0.3,,1,0,5,2.1651,2,0,0,0.014121,0.443142,1.264451,5239000,35868.1
5240,1000,155.075,14,0.28,,1,0,5,2.0616,1,0,0,0.014026,0.553679,1.750589,5240000,35877.6
5241,1000,182.2853,14,0.28,,1,0,5,2.0616,2,0,0,0.014086,0.64823,1.93397,5241000,35887.4
5242,1000,33.9645,8,0.16,,1,0,4,1.4142,0,0,0,0.014362,0.30161,2.246479,5242000,35896.9
5243,1000,91.3414,12,0.24,,1,0,5,1.8708,0,4,0,0.014362,0.407742,1.122352,5243000,35906.1
5244,1000,21.7079,7,0.14,,1,0,3,1.0897,0,0,0,0.014631,1.013767,1.519936,5244000,35914.9
5245,1000,129.5331,14,0.28,,1,0,5,2.0616,0,7,0,0.014425,0.319836,2.15354,5245000,35923.9
5246,1000,66.7095,12,0.24,,1,0,5,1.8708,0,26,0,0.014387,0.349552,0.797752,5246000,35932.4
5247,1000,119.2008,14,0.28,,1,0,5,2.0616,0,33,0,0.013986,0.327704,1.606815,5247000,35940.8
5248,1000,131.862,15,0.3,,1,0,5,2.1651,0,449,0,0.014306,1.491153,2.157065,5248000,35949.2
5249,1000,149.1521,15,0.3,,1,0,5,2.1651,1,1,0,0.014074,1.169338,1.986673,5249000,35957.3
5250,1000,128.2793,14,0.28,,1,0,5,2.0616,0,0,0,0.013786,0.364327,1.637435,5250000,35965.2
5251,1000,137.6549,14,0.28,,1,0,5,2.0616,1,4,0,0.013747,0.358171,1.8374,5251000,35973.3
5252,1000,121.7104,15,0.3,,1,0,5,2.1651,0,69,0,0.014025,0.370713,0.907514,5252000,35981.2
5253,1000,136.7169,14,0.28,,1,0,5,2.0616,1,157,0,0.013816,0.401806,1.238909,5253000,35989.2
5254,1000,18.5881,5,0.1,,1,0,2,0.8292,0,0,0,0.014245,0.38024,0.848732,5254000,35997.4
5255,1000,15.0612,5,0.1,,2,0,3,1.299,0,0,0,0.014368,0.386286,2.007916,5255000,36005.7
5256,1000,-1.6511,4,0.08,,2,0,3,1.2247,0,0,0,0.014398,0.477003,1.676643,5256000,36013.5
5257,1000,6.7051,5,0.1,,1,0,3,1.0897,0,0,0,0.014316,2.341798,1.841616,5257000,36021.4
5258,1000,121.9822,14,0.28,,1,0,5,2.0616,0,94,0,0.014498,0.515055,2.443562,5258000,36029.6
5259,1000,12.2165,7,0.14,,1,0,3,1.299,0,3,0,0.014414,0.424538,1.484648,5259000,36037.7
5260,1000,16.2652,6,0.12,,2,0,4,1.6583,0,0,0,0.014552,2.016081,2.126479,5260000,36045.5
5261,1000,-32.5799,3,0.06,,2,0,2,0.8292,0,0,0,0.014708,0.417165,1.776996,5261000,36053.3
5262,1000,175.6206,14,0.28,,1,0,5,2.0616,2,3,0,0.014825,0.428995,2.500382,5262000,36061.2
5263,1000,130.5732,15,0.3,,1,0,5,2.1651,0,0,0,0.015035,0.44987,2.044084,5263000,36068.9
5264,1000,-56.9197,5,0.1,,1,0,2,0.8292,0,0,0,0.015094,1.497603,0.588459,5264000,36077.3
5265,1000,109.4516,14,0.28,,1,0,5,2.0616,2,0,0,0.015153,0.437158,2.938406,5265000,36085.2
5266,1000,89.2441,13,0.26,,1,0,5,1.9203,0,9,0,0.014903,0.52437,2.74627,5266000,36093.3
5267,1000,15.3696,6,0.12,,1,0,3,1.118,0,0,0,0.014658,1.143761,2.156043,5267000,36101.5
5268,1000,1.1731,5,0.1,,2,0,4,1.6394,0,0,0,0.014691,2.823857,2.035286,5268000,36109.3
5269,1000,-52.3981,4,0.08,,1,0,2,0.7071,0,0,0,0.015041,0.473571,1.6341,5269000,36117.1
5270,1000,143.8186,14,0.28,,1,0,5,2.0616,1,22,0,0.014994,0.555283,3.482473,5270000,36125.3
5271,1000,183.7642,16,0.32,,1,0,7,2.5495,2,70,0,0.014329,0.338409,1.912731,5271000,36133.4
5272,1000,164.5375,15,0.3,,1,0,5,2.1651,1,26,0,0.014381,0.9816,1.530626,5272000,36141.3
5273,1000,68.6859,9,0.18,,1,0,4,1.479,0,0,0,0.014238,0.33698,2.816484,5273000,36149.2
5274,1000,48.8967,11,0.22,,1,0,4,1.6394,0,0,0,0.014311,0.443659,2.912895,5274000,36157.2
5275,1000,9.4938,5,0.1,,2,0,3,1.299,0,0,0,0.013972,0.810898,2.983594,5275000,36165.1
5276,1000,141.8333,15,0.3,,1,0,5,2.1651,0,0,0,0.013747,0.372338,1.465581,5276000,36172.8
5277,1000,16.9265,6,0.12,,2,0,3,1.5,0,0,0,0.013902,0.570872,2.429655,5277000,36180.7
5278,1000,134.973,15,0.3,,1,0,5,2.1651,0,33,0,0.01428,1.740956,2.538903,5278000,36188.8
5279,1000,187.1766,15,0.3,,1,0,5,2.1651,2,0,0,0.013712,0.986088,1.978122,5279000,36196.4
5280,1000,46.5424,8,0.16,,0,1,4,1.2247,0,0,0,0.013665,0.436569,2.473627,5280000,36204.7
5281,1000,56.9314,8,0.16,,2,0,4,2.0,0,0,0,0.013955,0.682038,2.422833,5281000,36212.9
5282,1000,133.8763,13,0.26,,1,0,5,1.9203,1,41,0,0.013557,0.346995,2.876,5282000,36221.5
5283,1000,85.0346,13,0.26,,1,0,5,1.9203,0,394,0,0.013465,0.498418,2.870213,5283000,36229.4
5284,1000,-0.5014,4,0.08,,1,0,2,0.7071,0,0,0,0.013708,0.957372,2.462234,5284000,36237.2
5285,1000,159.3237,15,0.3,,1,0,6,2.2776,1,0,0,0.013449,0.492443,1.964141,5285000,36244.9
5286,1000,28.4021,7,0.14,,1,0,3,1.0897,0,55,0,0.01325,0.351727,1.892094,5286000,36252.9
5287,1000,161.0864,15,0.3,,1,0,5,2.1651,1,79,0,0.013582,1.218645,1.553913,5287000,36260.8
5288,1000,-28.4451,6,0.12,,1,0,3,1.118,0,0,0,0.014056,0.394479,2.448481,5288000,36269.0
5289,1000,122.0474,14,0.28,,1,0,5,2.0616,0,147,0,0.014057,0.307315,3.113159,5289000,36277.2
5290,1000,41.7938,7,0.14,,1,0,3,1.0897,0,0,0,0.01406,0.626051,2.075692,5290000,36285.7
5291,1000,163.2455,16,0.32,,1,0,7,2.5495,1,0,0,0.014079,0.320124,2.853752,5291000,36294.3
5292,1000,23.2142,7,0.14,,1,0,3,1.299,0,0,0,0.013947,0.320492,2.315761,5292000,36302.7
5293,1000,164.2509,15,0.3,,1,0,5,2.1651,1,9,0,0.013817,0.37031,3.59082,5293000,36311.0
5294,1000,9.301,7,0.14,,1,0,3,1.0897,0,11,0,0.013416,0.517655,2.916967,5294000,36319.6
5295,1000,44.8286,8,0.16,,1,0,3,1.2247,0,0,0,0.013355,0.379838,2.84953,5295000,36328.1
5296,1000,9.4235,8,0.16,,1,0,4,1.4142,0,0,0,0.013859,0.337867,1.755726,5296000,36336.5
5297,1000,108.0019,13,0.26,,0,1,4,1.299,0,0,0,0.013697,0.457856,3.007805,5297000,36344.5
5298,1000,137.3027,14,0.28,,1,0,5,2.0616,1,171,0,0.013304,0.473236,2.889844,5298000,36352.6
5299,1000,41.7026,9,0.18,,1,0,5,1.9203,0,0,0,0.013359,0.420998,2.700175,5299000,36360.5
5300,1000,82.5481,12,0.24,,1,0,4,1.7321,0,165,0,0.013361,1.220936,1.252649,5300000,36369.0
5301,1000,103.246,12,0.24,,1,0,5,1.8708,0,0,0,0.012797,0.501665,3.56593,5301000,36377.2
5302,1000,184.527,15,0.3,,1,0,5,2.1651,2,0,0,0.012749,0.322013,2.642447,5302000,36385.4
5303,1000,163.4726,14,0.28,,1,0,5,2.0616,2,164,0,0.012644,0.278335,4.055528,5303000,36393.4
5304,1000,67.6952,10,0.2,,1,0,5,2.0616,0,0,0,0.012418,0.383422,2.781456,5304000,36401.4
5305,1000,151.4899,14,0.28,,1,0,5,2.0616,1,69,0,0.012323,0.64666,2.510624,5305000,36409.5
5306,1000,79.3294,12,0.24,,1,0,4,1.7321,0,0,0,0.012318,0.423662,3.084669,5306000,36417.6
5307,1000,75.1147,10,0.2,,1,0,4,1.5,0,0,0,0.012344,0.236522,2.404457,5307000,36425.6
5308,1000,16.2584,8,0.16,,1,0,3,1.2247,0,0,0,0.012744,0.794487,2.289526,5308000,36433.4
5309,1000,59.0587,10,0.2,,1,0,4,1.5,0,0,0,0.012916,0.813383,3.646171,5309000,36441.5
5310,1000,-18.2421,5,0.1,,1,0,2,0.8292,0,0,0,0.012631,0.325545,3.092069,5310000,36450.2
5311,1000,18.4274,7,0.14,,1,0,3,1.299,0,0,0,0.013302,1.793543,2.177386,5311000,36458.4
5312,1000,-56.6988,4,0.08,,2,0,3,1.2247,0,0,0,0.01362,0.48484,3.046213,5312000,36466.4
5313,1000,134.2558,13,0.26,,1,0,5,1.9203,1,0,0,0.013396,0.352556,3.189745,5313000,36474.8
5314,1000,119.7355,15,0.3,,1,0,5,2.1651,0,0,0,0.013263,0.373195,3.745572,5314000,36483.0
5315,1000,111.8138,13,0.26,,1,0,5,1.9203,0,1,0,0.013028,0.369355,3.163979,5315000,36491.2
5316,1000,156.1872,15,0.3,,1,0,5,2.1651,1,235,0,0.012914,0.323796,3.008533,5316000,36499.7
5317,1000,12.4488,6,0.12,,1,0,3,1.118,0,0,0,0.012776,0.465542,3.118483,5317000,36508.3
5318,1000,22.4082,10,0.2,,1,0,4,1.5,0,0,0,0.013101,0.693139,3.668887,5318000,36516.8
5319,1000,135.2189,13,0.26,,1,0,5,1.9203,1,0,0,0.012884,0.314657,3.850994,5319000,36525.2
5320,1000,14.8802,6,0.12,,1,0,4,1.5,0,0,0,0.012789,0.408163,3.380249,5320000,36533.5
5321,1000,151.675,14,0.28,,1,0,5,2.0616,1,0,0,0.012953,0.418443,3.191689,5321000,36541.6
5322,1000,30.8402,7,0.14,,1,0,3,1.0897,0,0,0,0.012794,0.696373,3.555155,5322000,36549.7
5323,1000,7.6915,7,0.14,,1,0,3,1.0897,0,0,0,0.012495,0.391655,3.545383,5323000,36557.8
5324,1000,168.4766,14,0.28,,1,0,5,2.0616,2,0,0,0.012402,0.698711,3.594823,5324000,36566.1
5325,1000,-12.0401,7,0.14,,1,0,3,1.299,0,0,0,0.012586,0.452023,3.94688,5325000,36574.0
5326,1000,-61.2308,5,0.1,,1,0,3,1.0897,0,0,0,0.012097,0.432729,3.990331,5326000,36582.1
5327,1000,79.9284,10,0.2,,1,0,5,1.8028,0,0,0,0.011958,0.54697,3.672976,5327000,36590.1
5328,1000,30.6081,8,0.16,,1,0,3,1.2247,0,50,0,0.012081,0.342055,3.058368,5328000,36598.2
5329,1000,54.374,9,0.18,,1,0,4,1.7854,0,0,0,0.012437,0.447104,3.289743,5329000,36606.1
5330,1000,108.889,13,0.26,,1,0,5,1.9203,0,0,0,0.01236,0.393551,3.971744,5330000,36614.2
5331,1000,12.1986,6,0.12,,1,0,3,1.118,0,128,0,0.012009,0.779178,3.793869,5331000,36622.0
5332,1000,52.8576,10,0.2,,1,0,4,1.5,0,0,0,0.012235,0.403741,3.741796,5332000,36629.7
5333,1000,-34.6109,5,0.1,,2,0,3,1.299,0,0,0,0.012384,0.587062,3.640017,5333000,36637.9
5334,1000,187.5696,14,0.28,,1,0,5,2.0616,2,0,0,0.012143,1.705714,3.719425,5334000,36646.2
5335,1000,-6.4009,6,0.12,,1,0,4,1.5,0,0,0,0.012159,1.012603,3.422485,5335000,36654.1
5336,1000,-16.9662,2,0.04,,2,0,1,0.5,0,0,0,0.012181,0.791401,3.022666,5336000,36661.9
5337,1000,-37.0498,1,0.02,,3,0,1,0.433,0,0,0,0.012261,0.57767,3.185932,5337000,36669.9
5338,1000,101.0967,12,0.24,,1,0,5,1.8708,1,0,0,0.011933,0.667441,3.53882,5338000,36677.6
5339,1000,97.4526,14,0.28,,1,0,5,2.0616,0,355,0,0.011961,0.56899,3.618103,5339000,36685.4
5340,1000,153.2385,15,0.3,,1,0,5,2.1651,1,15,0,0.012225,0.403624,4.568661,5340000,36693.2
5341,1000,189.7138,15,0.3,,1,0,5,2.1651,2,2,0,0.012229,0.321607,4.079317,5341000,36701.3
5342,1000,39.7693,8,0.16,,1,0,4,1.4142,0,0,0,0.012505,0.498533,4.359148,5342000,36709.4
5343,1000,29.4477,8,0.16,,2,0,5,2.1213,0,62,0,0.012435,0.384859,4.264509,5343000,36717.5
5344,1000,68.9988,10,0.2,,1,0,4,1.5,0,0,0,0.012178,0.451656,4.032711,5344000,36725.1
5345,1000,61.6954,9,0.18,,1,0,4,1.7854,0,0,0,0.012476,0.511606,4.449291,5345000,36732.9
5346,1000,59.885,8,0.16,,1,0,4,1.5811,0,0,0,0.012992,0.287687,4.705516,5346000,36740.5
5347,1000,40.998,7,0.14,,1,0,4,1.479,0,173,0,0.01316,0.375969,3.376199,5347000,36748.3
5348,1000,98.8448,12,0.24,,1,0,5,1.8708,0,0,0,0.013343,0.560348,3.574075,5348000,36756.1
5349,1000,121.3168,14,0.28,,1,0,5,2.0616,0,14,0,0.013387,0.535822,4.131394,5349000,36763.9
5350,1000,184.5,15,0.3,,1,0,5,2.1651,2,0,0,0.013342,1.10225,4.166793,5350000,36771.7
5351,1000,31.7031,7,0.14,,1,0,4,1.479,0,0,0,0.013637,0.528974,4.815993,5351000,36779.5
5352,1000,71.6345,9,0.18,,1,0,4,1.7854,0,18,0,0.013651,0.392044,5.110559,5352000,36788.1
5353,1000,159.8644,14,0.28,,1,0,5,2.0616,2,219,0,0.013903,0.351703,4.401533,5353000,36795.9
5354,1000,51.6272,9,0.18,,1,0,4,1.479,0,0,0,0.014153,0.437338,3.76929,5354000,36803.8
5355,1000,160.5941,15,0.3,,1,0,6,2.2776,1,90,0,0.013975,1.087752,4.45948,5355000,36811.8
5356,1000,118.3643,11,0.22,,1,0,5,1.9203,1,22,0,0.013703,0.709831,4.321262,5356000,36820.0
5357,1000,124.3831,14,0.28,,1,0,5,2.0616,1,89,0,0.013553,0.508842,4.512844,5357000,36827.9
5358,1000,105.4525,14,0.28,,1,0,5,2.0616,0,282,0,0.013638,0.483669,3.544824,5358000,36836.4
5359,1000,62.5667,10,0.2,,1,0,4,1.6583,0,0,0,0.013885,0.506148,4.125676,5359000,36844.9
5360,1000,78.3272,11,0.22,,1,0,4,1.6394,0,0,0,0.013902,0.413769,4.478253,5360000,36853.7
5361,1000,70.781,11,0.22,,1,0,4,1.6394,0,80,0,0.013825,0.417997,3.534334,5361000,36861.8
5362,1000,126.3984,13,0.26,,1,0,5,1.9203,1,10,0,0.013497,0.452707,3.248922,5362000,36869.8
5363,1000,169.7126,14,0.28,,1,0,5,2.0616,2,57,0,0.013878,0.658852,4.989537,5363000,36877.7
5364,1000,49.5195,9,0.18,,1,0,4,1.479,0,91,0,0.013767,0.959974,2.626188,5364000,36885.9
5365,1000,29.2447,7,0.14,,2,0,4,1.7854,0,0,0,0.013913,0.865828,3.703753,5365000,36894.4
5366,1000,58.0659,8,0.16,,2,0,4,2.0,0,0,0,0.014091,0.519979,5.295968,5366000,36903.0
5367,1000,64.8043,11,0.22,,1,0,4,1.6394,0,51,0,0.013819,0.713456,3.965046,5367000,36911.5
5368,1000,147.7239,14,0.28,,1,0,5,2.0616,1,231,0,0.013793,0.443562,4.032069,5368000,36920.1
5369,1000,132.8263,15,0.3,,1,0,5,2.1651,0,78,0,0.013722,0.36156,3.731036,5369000,36928.2
5370,1000,136.6042,15,0.3,,1,0,5,2.1651,0,0,0,0.013777,0.34381,4.008103,5370000,36936.6
5371,1000,78.5784,11,0.22,,1,0,4,1.6394,0,0,0,0.013803,0.325458,4.113787,5371000,36944.8
5372,1000,89.1869,10,0.2,,1,0,5,2.0616,1,3,0,0.014421,2.406822,3.652906,5372000,36953.4
5373,1000,116.7866,14,0.28,,1,0,5,2.0616,0,73,0,0.014491,0.373563,4.185134,5373000,36961.7
5374,1000,54.9164,8,0.16,,1,0,4,1.5811,0,83,0,0.014243,0.642226,4.68291,5374000,36969.8
5375,1000,98.4538,14,0.28,,1,0,5,2.0616,0,0,0,0.013836,0.605803,4.477095,5375000,36977.7
5376,1000,39.8373,9,0.18,,1,0,4,1.7854,0,52,0,0.014153,0.435351,3.830095,5376000,36985.8
5377,1000,187.6053,14,0.28,,1,0,5,2.0616,2,87,0,0.014483,0.5811,3.420257,5377000,36993.5
5378,1000,103.4116,11,0.22,,1,0,6,2.1651,1,0,0,0.014569,0.642422,4.332337,5378000,37001.3
5379,1000,90.6377,10,0.2,,1,0,5,1.8028,1,0,0,0.014657,0.445417,4.191616,5379000,37009.5
5380,1000,139.1301,14,0.28,,1,0,5,2.0616,1,0,0,0.014347,0.399727,3.622681,5380000,37017.1
5381,1000,40.074,9,0.18,,1,0,4,1.479,0,6,0,0.013954,0.424821,3.709902,5381000,37024.9
5382,1000,63.8166,10,0.2,,1,0,5,2.0616,0,0,0,0.014398,0.556127,3.793498,5382000,37032.8
5383,1000,115.8938,12,0.24,,1,0,5,1.8708,1,254,0,0.014533,0.40589,3.75702,5383000,37040.7
5384,1000,41.937,7,0.14,,1,0,3,1.299,0,0,0,0.014268,0.467703,3.966261,5384000,37048.6
5385,1000,124.1469,11,0.22,,1,0,5,1.7854,1,0,0,0.01452,0.385558,4.149986,5385000,37056.4
5386,1000,73.1477,11,0.22,,1,0,5,1.9203,0,4,0,0.014628,0.582396,5.538219,5386000,37064.3
5387,1000,157.867,13,0.26,,1,0,5,2.0463,2,72,0,0.014619,0.539648,4.117836,5387000,37072.0
5388,1000,53.6393,10,0.2,,1,0,4,1.5,0,0,0,0.014306,0.592533,4.505013,5388000,37080.0
5389,1000,117.3181,12,0.24,,1,0,5,1.8708,1,0,0,0.01463,2.899926,3.396883,5389000,37088.0
5390,1000,110.1302,11,0.22,,1,0,5,1.7854,1,61,0,0.014448,0.384643,3.820574,5390000,37095.8
5391,1000,119.4972,14,0.28,,1,0,5,2.0616,0,0,0,0.014624,1.162741,3.655653,5391000,37103.8
5392,1000,198.9689,15,0.3,,1,0,6,2.2776,2,0,0,0.014546,0.448075,4.203643,5392000,37111.6
5393,1000,123.7391,13,0.26,,1,0,5,1.9203,1,270,0,0.014381,0.669118,3.468743,5393000,37119.4
5394,1000,59.1502,11,0.22,,1,0,4,1.6394,0,0,0,0.014392,2.289989,4.332623,5394000,37127.2
5395,1000,48.5391,9,0.18,,1,0,4,1.479,0,0,0,0.014259,0.378012,4.029442,5395000,37135.3
5396,1000,41.1688,7,0.14,,1,0,4,1.479,0,0,0,0.014352,0.719537,3.440056,5396000,37143.2
5397,1000,29.9297,8,0.16,,1,0,3,1.2247,0,0,0,0.014832,0.382423,4.832083,5397000,37150.9
5398,1000,52.2285,9,0.18,,1,0,5,1.7854,0,0,0,0.015174,0.647458,4.951089,5398000,37158.8
5399,1000,45.3172,10,0.2,,1,0,4,1.5,0,0,0,0.015163,1.360094,2.913774,5399000,37167.0
5400,1000,38.0396,7,0.14,,1,0,3,1.299,0,0,0,0.015182,0.616332,3.637563,5400000,37174.8
5401,1000,144.0883,13,0.26,,1,0,5,1.9203,1,6,0,0.015452,0.333901,3.816749,5401000,37182.7
5402,1000,104.7533,13,0.26,,1,0,5,2.0463,0,20,0,0.015666,0.510216,4.395628,5402000,37190.8
5403,1000,124.3063,12,0.24,,1,0,5,1.8708,1,0,0,0.015462,0.604813,4.304028,5403000,37198.9
5404,1000,83.3277,11,0.22,,1,0,4,1.6394,0,0,0,0.014962,1.907148,4.840919,5404000,37207.0
5405,1000,65.3545,9,0.18,,1,0,4,1.479,0,0,0,0.014968,0.505057,4.425278,5405000,37215.2
5406,1000,84.6351,13,0.26,,1,0,5,1.9203,0,160,0,0.014919,0.967418,4.010136,5406000,37223.3
5407,1000,59.3943,10,0.2,,1,0,5,2.0616,0,0,0,0.014891,0.603181,4.261826,5407000,37231.3
5408,1000,86.7511,11,0.22,,1,0,5,1.7854,0,0,0,0.015523,0.666217,4.253289,5408000,37239.4
5409,1000,79.6694,12,0.24,,1,0,5,2.1213,0,159,0,0.015362,1.502414,3.765722,5409000,37248.0
5410,1000,46.775,9,0.18,,1,0,4,1.479,0,0,0,0.015391,0.453094,4.718539,5410000,37256.8
5411,1000,71.2176,11,0.22,,1,0,4,1.6394,0,62,0,0.015335,0.605474,4.73454,5411000,37265.2
5412,1000,64.7983,12,0.24,,1,0,4,1.7321,0,0,0,0.014746,0.333662,5.188859,5412000,37273.7
5413,1000,69.4058,12,0.24,,1,0,5,1.8708,0,0,0,0.014486,0.725507,4.876555,5413000,37282.1
5414,1000,58.8774,10,0.2,,1,0,4,1.5,0,0,0,0.014461,0.494958,4.538351,5414000,37290.7
5415,1000,38.1455,7,0.14,,1,0,4,1.479,0,0,0,0.014526,0.717601,4.392107,5415000,37299.0
5416,1000,13.8335,9,0.18,,1,0,4,1.479,0,0,0,0.014851,0.867452,5.103547,5416000,37307.3
5417,1000,26.7406,7,0.14,,1,0,3,1.299,0,0,0,0.015112,0.391772,4.200191,5417000,37315.5
5418,1000,83.7209,12,0.24,,0,1,5,1.5811,0,49,0,0.014393,0.641749,4.30415,5418000,37323.5
5419,1000,18.6282,7,0.14,,1,0,4,1.479,0,0,0,0.014225,1.296815,4.628777,5419000,37331.5
5420,1000,71.1089,13,0.26,,1,0,5,1.9203,0,13,0,0.014244,0.530434,3.86126,5420000,37339.7
5421,1000,109.8344,13,0.26,,1,0,5,1.9203,0,0,0,0.014089,0.424404,4.451845,5421000,37347.9
5422,1000,139.2344,13,0.26,,1,0,5,1.9203,1,0,0,0.014033,0.469161,4.474996,5422000,37355.9
5423,1000,81.5325,13,0.26,,1,0,5,1.9203,0,0,0,0.013923,0.37936,4.65038,5423000,37363.7
5424,1000,73.9418,13,0.26,,1,0,5,2.0463,0,97,0,0.013989,0.667327,4.879067,5424000,37371.5
5425,1000,129.7357,15,0.3,,1,0,5,2.1651,0,0,0,0.0138,0.484888,3.849451,5425000,37379.6
5426,1000,119.142,14,0.28,,1,0,5,2.0616,0,136,0,0.013583,0.312679,4.793355,5426000,37387.4
5427,1000,46.9404,8,0.16,,1,0,3,1.2247,0,0,0,0.013448,0.409375,3.871315,5427000,37395.3
5428,1000,105.2599,14,0.28,,1,0,5,2.0616,0,0,0,0.013122,0.581791,5.226416,5428000,37403.7
5429,1000,83.9565,11,0.22,,1,0,5,1.9203,0,0,0,0.012884,0.359212,4.72716,5429000,37411.6
5430,1000,156.098,14,0.28,,1,0,5,2.0616,1,63,0,0.01275,0.414403,4.414466,5430000,37420.0
5431,1000,88.8064,13,0.26,,1,0,5,2.0463,0,211,0,0.013004,0.374169,4.503517,5431000,37428.3
5432,1000,127.1257,12,0.24,,1,0,5,1.8708,1,78,0,0.01289,0.379419,3.969471,5432000,37436.8
5433,1000,154.272,15,0.3,,1,0,6,2.2776,1,1,0,0.013073,1.165065,3.884096,5433000,37444.5
5434,1000,150.6022,15,0.3,,1,0,5,2.1651,1,148,0,0.012729,1.168424,3.943239,5434000,37452.4
5435,1000,218.9365,15,0.3,,1,0,5,2.1651,3,7,0,0.012657,0.303338,4.408053,5435000,37460.6
5436,1000,145.5659,14,0.28,,1,0,5,2.0616,1,4,0,0.012066,0.377229,4.263906,5436000,37468.6
5437,1000,88.8745,13,0.26,,0,1,4,1.299,0,187,0,0.011556,0.376695,5.040038,5437000,37476.7
5438,1000,141.9034,14,0.28,,1,0,5,2.0616,1,135,0,0.011329,0.761751,3.694506,5438000,37484.6
5439,1000,75.5407,11,0.22,,1,0,5,1.7854,0,181,0,0.011223,0.47101,3.521371,5439000,37492.7
5440,1000,168.8856,14,0.28,,1,0,5,2.0616,2,82,0,0.011156,0.551982,4.976156,5440000,37500.6
5441,1000,-8.9466,6,0.12,,1,0,2,0.866,0,0,0,0.011316,0.308745,4.095343,5441000,37508.5
5442,1000,75.0514,8,0.16,,1,0,5,1.8708,1,2,0,0.011583,0.356856,5.150171,5442000,37516.4
5443,1000,37.5504,8,0.16,,1,0,3,1.2247,0,0,0,0.011838,0.896457,5.120332,5443000,37524.1
5444,1000,128.2192,11,0.22,,1,0,5,1.7854,1,0,0,0.011782,0.479026,5.606108,5444000,37532.0
5445,1000,121.5293,12,0.24,,1,0,5,1.8708,1,11,0,0.011429,0.437036,4.357721,5445000,37539.8
5446,1000,-11.4677,4,0.08,,2,0,2,1.0,0,0,0,0.011657,0.441927,4.191073,5446000,37547.9
5447,1000,124.3154,14,0.28,,1,0,5,2.0616,0,2,0,0.011863,0.386187,4.948738,5447000,37555.7
5448,1000,96.3002,11,0.22,,1,0,5,1.7854,1,0,0,0.011758,0.258704,4.396153,5448000,37564.2
5449,1000,10.0395,4,0.08,,2,0,2,1.0,0,322,0,0.012045,0.378809,4.207906,5449000,37572.2
5450,1000,140.3081,14,0.28,,1,0,5,2.0616,1,0,0,0.011885,0.32644,4.433845,5450000,37580.2
5451,1000,2.1598,7,0.14,,1,0,3,1.0897,0,0,0,0.011695,0.681053,4.382569,5451000,37588.4
5452,1000,128.48,15,0.3,,1,0,5,2.1651,0,7,0,0.01156,0.587116,4.377155,5452000,37596.7
5453,1000,125.0298,14,0.28,,1,0,5,2.0616,0,54,0,0.011741,0.623396,3.845855,5453000,37604.9
5454,1000,86.4146,12,0.24,,1,0,5,1.8708,0,0,0,0.011756,0.305764,4.730679,5454000,37613.1
5455,1000,83.4708,12,0.24,,1,0,4,1.7321,0,241,0,0.011723,0.468091,4.054514,5455000,37621.4
5456,1000,-14.8001,2,0.04,,2,0,1,0.5,0,0,0,0.01184,0.324403,4.479898,5456000,37629.6
5457,1000,110.4865,13,0.26,,1,0,5,1.9203,0,0,0,0.011905,0.41023,3.232512,5457000,37637.3
5458,1000,74.402,9,0.18,,1,0,3,1.299,0,4,0,0.011755,0.785633,4.648149,5458000,37645.0
5459,1000,53.5636,9,0.18,,1,0,5,1.9203,0,0,0,0.011785,0.648145,3.552074,5459000,37652.8
5460,1000,151.5716,14,0.28,,1,0,5,2.0616,1,0,0,0.011855,0.362311,3.428565,5460000,37660.6
5461,1000,88.8523,12,0.24,,1,0,5,1.8708,0,179,0,0.011786,0.372118,4.133571,5461000,37668.6
5462,1000,57.3183,8,0.16,,1,0,5,1.8708,0,0,0,0.012018,0.511962,3.60497,5462000,37676.4
5463,1000,40.9689,8,0.16,,1,0,4,1.4142,0,0,0,0.012207,0.319285,4.12091,5463000,37684.3
5464,1000,6.7667,8,0.16,,1,0,3,1.2247,0,0,0,0.012348,0.35011,3.420542,5464000,37692.0
5465,1000,149.4703,13,0.26,,1,0,5,1.9203,1,3,0,0.012293,0.400954,3.195618,5465000,37699.9
5466,1000,34.2264,6,0.12,,2,0,5,2.0616,0,0,0,0.012087,0.810752,3.828705,5466000,37707.7
5467,1000,-3.9799,5,0.1,,2,0,4,1.6394,0,0,0,0.012195,0.569656,4.508625,5467000,37715.5
5468,1000,56.8837,11,0.22,,1,0,4,1.6394,0,0,0,0.012377,0.786061,3.603485,5468000,37723.5
5469,1000,68.963,10,0.2,,1,0,4,1.5,0,0,0,0.012134,0.475993,3.905665,5469000,37732.2
5470,1000,151.3993,15,0.3,,1,0,7,2.4875,1,0,0,0.011942,0.287334,3.92805,5470000,37740.1
5471,1000,106.8495,14,0.28,,1,0,5,2.0616,0,68,0,0.012275,0.577413,3.733232,5471000,37748.4
5472,1000,-10.4124,6,0.12,,1,0,3,1.118,0,0,0,0.01224,0.36795,4.045295,5472000,37756.5
5473,1000,44.094,9,0.18,,1,0,4,1.479,0,0,0,0.012635,0.347675,4.23626,5473000,37764.4
5474,1000,10.1327,7,0.14,,1,0,3,1.0897,0,0,0,0.013189,0.311727,3.569461,5474000,37772.2
5475,1000,78.5458,12,0.24,,1,0,5,1.8708,0,216,0,0.012853,1.084661,4.230418,5475000,37780.0
5476,1000,113.9527,13,0.26,,1,0,5,2.0463,0,225,0,0.012635,0.512197,4.207659,5476000,37788.0
5477,1000,57.0896,9,0.18,,1,0,5,1.9203,0,0,0,0.012896,0.450061,4.776841,5477000,37795.8
5478,1000,49.6419,9,0.18,,1,0,4,1.479,0,0,0,0.012751,0.542801,3.89871,5478000,37803.6
5479,1000,51.6291,8,0.16,,1,0,4,1.5811,0,0,0,0.012894,0.403684,3.433819,5479000,37811.6
5480,1000,40.5469,8,0.16,,1,0,4,1.4142,0,0,0,0.013077,0.373955,3.785159,5480000,37819.3
5481,1000,52.8528,7,0.14,,2,0,4,1.7854,0,0,0,0.013094,0.318388,4.342682,5481000,37827.1
5482,1000,-35.5188,6,0.12,,1,0,2,0.866,0,0,0,0.012909,0.332835,4.220995,5482000,37835.0
5483,1000,79.3171,10,0.2,,1,0,4,1.5,0,0,0,0.012767,0.439979,4.24568,5483000,37842.6
5484,1000,39.8554,7,0.14,,1,0,5,1.9203,0,12,0,0.012555,0.283243,3.250059,5484000,37850.5
5485,1000,128.2669,13,0.26,,1,0,5,1.9203,1,0,0,0.012673,0.316482,4.511958,5485000,37858.5
5486,1000,37.2184,12,0.24,,1,0,4,1.7321,0,497,0,0.012548,0.411148,4.006411,5486000,37866.6
5487,1000,79.903,11,0.22,,1,0,5,1.9203,0,0,0,0.012683,0.353206,4.990836,5487000,37874.7
5488,1000,61.8653,9,0.18,,1,0,4,1.479,0,27,0,0.012247,0.339042,4.588964,5488000,37882.7
5489,1000,122.6639,13,0.26,,1,0,5,1.9203,1,0,0,0.012108,0.576927,4.271199,5489000,37890.8
5490,1000,115.3642,14,0.28,,1,0,5,2.0616,0,0,0,0.011972,0.36819,4.097585,5490000,37898.7
5491,1000,66.4684,12,0.24,,1,0,5,1.8708,0,0,0,0.011739,0.486384,4.397015,5491000,37906.5
5492,1000,71.0338,10,0.2,,1,0,5,2.0616,0,0,0,0.012236,0.491098,4.615537,5492000,37914.5
5493,1000,76.3747,11,0.22,,1,0,4,1.6394,0,40,0,0.012359,1.034894,3.809733,5493000,37922.4
5494,1000,113.5909,13,0.26,,1,0,5,1.9203,1,421,0,0.012446,0.329406,3.496459,5494000,37930.4
5495,1000,79.4827,12,0.24,,1,0,5,1.8708,0,0,0,0.012301,1.094326,4.796645,5495000,37938.7
5496,1000,71.917,12,0.24,,1,0,5,1.8708,0,532,0,0.012193,1.277145,3.493938,5496000,37946.6
5497,1000,106.108,13,0.26,,1,0,5,1.9203,0,0,0,0.012287,0.359197,4.862168,5497000,37954.5
5498,1000,129.7441,13,0.26,,1,0,5,2.0463,1,19,0,0.011936,0.31269,4.225152,5498000,37962.9
5499,1000,103.8091,13,0.26,,1,0,5,1.9203,0,96,0,0.012165,0.33259,5.537752,5499000,37971.0
5500,1000,89.5667,13,0.26,,1,0,5,2.0463,0,6,0,0.012021,0.316379,4.676829,5500000,37979.6
5501,1000,16.4216,7,0.14,,1,0,3,1.299,0,0,0,0.012202,0.317178,3.837173,5501000,37987.8
5502,1000,134.4638,13,0.26,,1,0,5,2.0463,1,12,0,0.012216,0.403145,4.27562,5502000,37996.0
5503,1000,109.0176,14,0.28,,1,0,5,2.0616,0,46,0,0.012131,0.356459,4.897271,5503000,38003.9
5504,1000,77.1316,12,0.24,,1,0,5,1.8708,0,222,0,0.012229,0.393888,3.655032,5504000,38012.0
5505,1000,140.0919,15,0.3,,1,0,5,2.1651,1,1,0,0.011828,0.316721,4.084639,5505000,38020.2
5506,1000,90.6644,13,0.26,,1,0,5,2.0463,0,218,0,0.011698,0.469346,3.218217,5506000,38028.3
5507,1000,162.3021,15,0.3,,1,0,5,2.1651,2,0,0,0.011641,0.384376,3.725414,5507000,38036.8
5508,1000,119.3767,12,0.24,,1,0,5,1.8708,1,359,0,0.011471,0.389163,3.360253,5508000,38045.1
5509,1000,147.0663,14,0.28,,1,0,5,2.0616,1,69,0,0.01161,0.380934,4.152106,5509000,38053.2
5510,1000,136.2501,14,0.28,,1,0,5,2.0616,1,143,0,0.011401,0.340731,3.762891,5510000,38061.1
5511,1000,11.9363,8,0.16,,1,0,3,1.2247,0,0,0,0.011556,0.335274,3.783949,5511000,38069.1
5512,1000,110.6024,14,0.28,,1,0,5,2.0616,0,14,0,0.011891,0.364111,3.806141,5512000,38077.1
5513,1000,17.176,7,0.14,,1,0,3,1.0897,0,0,0,0.011987,0.361913,3.463999,5513000,38085.3
5514,1000,148.1466,14,0.28,,1,0,5,2.0616,1,21,0,0.011705,0.400734,3.36681,5514000,38093.7
5515,1000,126.2984,14,0.28,,1,0,5,2.0616,0,150,0,0.011449,0.240853,4.722901,5515000,38101.9
5516,1000,103.3537,13,0.26,,1,0,5,1.9203,0,0,0,0.011166,0.520087,4.413358,5516000,38110.4
5517,1000,164.5656,15,0.3,,1,0,5,2.1651,1,119,0,0.010977,1.203248,4.134525,5517000,38118.5
5518,1000,73.1912,12,0.24,,1,0,5,1.8708,0,1345,0,0.010969,0.391922,3.951251,5518000,38126.8
5519,1000,119.9507,14,0.28,,1,0,5,2.0616,1,0,0,0.010921,0.272103,3.269669,5519000,38134.8
5520,1000,113.7914,14,0.28,,1,0,5,2.0616,0,205,0,0.01126,1.37774,3.35353,5520000,38142.7
5521,1000,160.4749,15,0.3,,1,0,5,2.1651,1,186,0,0.011166,0.359826,3.89801,5521000,38150.7
5522,1000,187.0992,15,0.3,,1,0,5,2.1651,2,215,0,0.011069,0.244249,3.826754,5522000,38158.6
5523,1000,45.6922,8,0.16,,1,0,5,1.8708,0,0,0,0.011407,0.36189,2.953203,5523000,38166.6
5524,1000,158.3136,14,0.28,,1,0,5,2.0616,1,0,0,0.011299,0.349918,4.085721,5524000,38174.4
5525,1000,53.0733,8,0.16,,1,0,4,1.5811,0,0,0,0.011675,0.29948,4.057346,5525000,38182.3
5526,1000,44.4643,8,0.16,,1,0,3,1.2247,0,0,0,0.012313,0.361148,3.003971,5526000,38190.3
5527,1000,107.9665,13,0.26,,1,0,5,1.9203,0,25,0,0.012012,0.762326,3.029138,5527000,38197.9
5528,1000,157.2738,15,0.3,,1,0,5,2.1651,1,249,0,0.012014,0.861229,3.618352,5528000,38205.7
5529,1000,151.6699,14,0.28,,1,0,5,2.0616,1,0,0,0.011712,0.529869,3.735709,5529000,38213.5
5530,1000,149.9803,13,0.26,,1,0,5,2.0463,2,0,0,0.011725,0.358597,3.460373,5530000,38221.2
5531,1000,28.3412,8,0.16,,1,0,4,1.4142,0,0,0,0.011999,0.319075,4.387918,5531000,38229.1
5532,1000,125.132,14,0.28,,1,0,5,2.0616,1,0,0,0.012074,0.320055,2.80511,5532000,38237.0
5533,1000,129.4936,14,0.28,,1,0,5,2.0616,0,40,0,0.011736,0.344635,3.257136,5533000,38245.0
5534,1000,85.0517,12,0.24,,1,0,5,1.8708,0,184,0,0.011931,0.333125,4.010276,5534000,38252.6
5535,1000,144.661,14,0.28,,1,0,5,2.0616,1,117,0,0.012074,0.386029,3.642239,5535000,38260.8
5536,1000,8.8606,6,0.12,,2,0,3,1.5,0,0,0,0.012165,0.312194,3.570214,5536000,38268.7
5537,1000,31.3433,11,0.22,,1,0,5,1.7854,0,429,0,0.012251,0.328865,3.272763,5537000,38277.0
5538,1000,200.1578,15,0.3,,1,0,5,2.1651,3,0,0,0.012211,0.45638,4.350701,5538000,38284.9
5539,1000,129.0283,15,0.3,,1,0,5,2.1651,0,77,0,0.012261,0.299894,3.676704,5539000,38292.8
5540,1000,14.6935,7,0.14,,1,0,3,1.0897,0,0,0,0.01235,0.317756,3.389767,5540000,38300.8
5541,1000,137.0,13,0.26,,1,0,5,1.9203,1,0,0,0.012331,0.284512,4.064881,5541000,38308.5
5542,1000,151.2955,14,0.28,,1,0,5,2.0616,2,0,0,0.012472,0.856753,4.140189,5542000,38316.8
5543,1000,173.8971,14,0.28,,1,0,5,2.0616,2,0,0,0.012369,0.793102,3.886977,5543000,38325.2
5544,1000,45.1793,8,0.16,,1,0,3,1.2247,0,0,0,0.012358,0.389093,2.800292,5544000,38333.6
5545,1000,164.0112,14,0.28,,1,0,5,2.0616,2,0,0,0.012724,0.523404,4.371834,5545000,38341.8
5546,1000,147.3069,14,0.28,,1,0,5,2.0616,1,3,0,0.012364,0.321156,3.163567,5546000,38350.1
5547,1000,155.319,14,0.28,,1,0,5,2.0616,1,4,0,0.012244,0.50979,3.089133,5547000,38358.3
5548,1000,167.8015,14,0.28,,1,0,5,2.0616,2,0,0,0.012221,2.030025,2.21787,5548000,38366.4
5549,1000,17.0863,5,0.1,,2,0,4,1.6394,0,91,0,0.012164,0.38758,3.529681,5549000,38374.5
5550,1000,129.2214,13,0.26,,1,0,5,1.9203,1,1,0,0.012009,0.359298,3.341378,5550000,38382.6
5551,1000,68.1921,10,0.2,,1,0,4,1.5,0,0,0,0.011774,1.475152,3.025173,5551000,38390.4
5552,1000,111.8392,11,0.22,,1,0,5,1.7854,1,0,0,0.011947,0.34496,3.626129,5552000,38398.2
5553,1000,148.8305,14,0.28,,1,0,5,2.0616,1,0,0,0.011921,0.312835,2.464805,5553000,38406.0
5554,1000,65.0083,9,0.18,,1,0,3,1.299,0,391,0,0.012344,0.393631,3.18011,5554000,38414.3
5555,1000,92.36,13,0.26,,1,0,5,1.9203,0,176,0,0.012079,0.357668,4.209102,5555000,38422.2
5556,1000,140.876,14,0.28,,1,0,5,2.0616,1,0,0,0.011807,0.274699,3.582588,5556000,38430.0
5557,1000,157.0122,14,0.28,,1,0,5,2.0616,1,31,0,0.011647,0.30199,3.225293,5557000,38437.8
5558,1000,89.188,12,0.24,,1,0,4,1.7321,0,0,0,0.011902,0.336177,3.473833,5558000,38445.9
5559,1000,32.0146,7,0.14,,1,0,3,1.0897,0,0,0,0.012086,0.283618,3.849088,5559000,38453.8
5560,1000,159.2904,14,0.28,,1,0,5,2.0616,1,78,0,0.011841,0.373111,3.481438,5560000,38461.8
5561,1000,139.6238,13,0.26,,1,0,5,1.9203,1,0,0,0.011853,0.273688,3.389892,5561000,38469.6
5562,1000,125.6906,13,0.26,,1,0,5,2.0463,1,0,0,0.011735,0.609412,3.599974,5562000,38477.6
5563,1000,35.821,8,0.16,,1,0,3,1.2247,0,0,0,0.011579,0.308849,2.6766,5563000,38485.9
5564,1000,96.2869,12,0.24,,1,0,4,1.7321,0,0,0,0.011349,0.573171,2.992894,5564000,38494.2
5565,1000,87.2287,11,0.22,,1,0,5,1.7854,0,0,0,0.01164,0.425417,2.645072,5565000,38502.0
5566,1000,-32.6401,6,0.12,,1,0,2,0.866,0,0,0,0.011359,0.335535,3.502195,5566000,38510.1
5567,1000,136.5002,13,0.26,,1,0,5,1.9203,1,282,0,0.010937,0.425112,3.547174,5567000,38517.8
5568,1000,111.7318,13,0.26,,1,0,5,1.9203,0,0,0,0.010629,0.283575,3.081395,5568000,38525.7
5569,1000,37.9377,7,0.14,,1,0,3,1.0897,0,0,0,0.010678,0.634132,3.009022,5569000,38533.5
5570,1000,57.1201,9,0.18,,1,0,4,1.479,0,0,0,0.010498,0.351343,2.845781,5570000,38541.5
5571,1000,25.7627,7,0.14,,1,0,3,1.0897,0,0,0,0.010436,0.492051,2.819532,5571000,38549.4
5572,1000,124.1543,12,0.24,,1,0,5,1.8708,1,0,0,0.010288,0.283699,3.520088,5572000,38557.4
5573,1000,18.5482,7,0.14,,1,0,4,1.479,0,0,0,0.010311,0.396654,3.347164,5573000,38565.3
5574,1000,104.7696,13,0.26,,1,0,5,1.9203,0,12,0,0.010412,0.410575,3.062263,5574000,38573.3
5575,1000,94.5476,11,0.22,,1,0,5,1.7854,1,0,0,0.010456,0.249978,3.620932,5575000,38581.5
5576,1000,60.5739,9,0.18,,1,0,4,1.479,0,0,0,0.010585,0.920632,3.167765,5576000,38589.6
5577,1000,70.999,13,0.26,,1,0,5,2.0463,0,0,0,0.010696,0.38987,3.049371,5577000,38598.1
5578,1000,31.356,8,0.16,,1,0,3,1.2247,0,0,0,0.010983,0.660324,2.240413,5578000,38606.4
5579,1000,27.7793,7,0.14,,1,0,3,1.0897,0,0,0,0.010681,0.465686,2.601605,5579000,38614.8
5580,1000,105.6949,13,0.26,,1,0,5,2.0463,0,134,0,0.010587,2.154531,2.893821,5580000,38623.6
5581,1000,96.9551,12,0.24,,1,0,5,1.8708,0,204,0,0.010449,0.303344,3.697781,5581000,38631.9
5582,1000,99.7943,13,0.26,,1,0,5,1.9203,0,0,0,0.010473,0.348338,2.597582,5582000,38639.5
5583,1000,162.6036,14,0.28,,1,0,5,2.0616,2,0,0,0.01038,0.942423,2.982675,5583000,38647.1
5584,1000,85.4979,11,0.22,,1,0,4,1.6394,0,0,0,0.009858,0.413591,2.467229,5584000,38655.1
5585,1000,70.9547,10,0.2,,1,0,4,1.5,0,0,0,0.00999,1.013879,2.450595,5585000,38663.2
5586,1000,76.8742,11,0.22,,1,0,5,1.7854,1,20,0,0.00995,2.224291,2.565292,5586000,38671.5
5587,1000,99.936,13,0.26,,1,0,5,1.9203,1,0,0,0.009926,0.289304,2.605832,5587000,38679.7
5588,1000,21.224,6,0.12,,1,0,3,1.118,0,0,0,0.009978,0.316499,2.65927,5588000,38687.9
5589,1000,120.6962,11,0.22,,1,0,5,1.9203,1,0,0,0.010189,0.374383,3.353475,5589000,38695.9
5590,1000,101.6351,13,0.26,,1,0,5,2.0463,1,0,0,0.010373,0.274933,3.137921,5590000,38703.9
5591,1000,120.9109,13,0.26,,1,0,5,2.0463,1,0,0,0.010309,0.31808,3.024097,5591000,38711.9
5592,1000,124.4537,14,0.28,,1,0,5,2.0616,1,59,0,0.010273,0.313724,1.378289,5592000,38719.8
5593,1000,33.1688,9,0.18,,1,0,4,1.7854,0,8,0,0.010128,0.271248,3.322317,5593000,38727.9
5594,1000,53.5843,8,0.16,,1,0,4,1.5811,0,0,0,0.010591,0.476129,2.31931,5594000,38735.9
5595,1000,62.5082,9,0.18,,1,0,4,1.479,0,0,0,0.010534,1.34846,1.326358,5595000,38743.9
5596,1000,24.1215,8,0.16,,1,0,5,1.8708,0,0,0,0.010625,0.496013,3.348544,5596000,38751.8
5597,1000,4.1008,5,0.1,,2,0,3,1.299,0,0,0,0.010942,0.316664,2.48762,5597000,38759.8
5598,1000,87.3251,11,0.22,,1,0,4,1.6394,0,0,0,0.011289,0.300031,3.015259,5598000,38767.6
5599,1000,51.1234,9,0.18,,1,0,4,1.7854,0,0,0,0.011271,0.372424,3.473309,5599000,38775.8
5600,1000,-2.0165,7,0.14,,1,0,4,1.479,0,0,0,0.011038,0.400952,3.559196,5600000,38783.8
5601,1000,42.703,7,0.14,,2,0,4,1.7854,0,213,0,0.010707,0.377985,2.754627,5601000,38791.8
5602,1000,23.5105,8,0.16,,1,0,4,1.4142,0,0,0,0.010693,0.521965,2.183589,5602000,38800.1
5603,1000,41.1998,7,0.14,,2,0,5,2.0463,0,0,0,0.010662,0.333861,3.719306,5603000,38808.4
5604,1000,146.2761,13,0.26,,1,0,5,2.0463,1,0,0,0.010721,0.407708,2.737862,5604000,38816.9
5605,1000,43.1879,6,0.12,,1,0,3,1.118,0,0,0,0.011115,0.299134,3.676174,5605000,38825.3
5606,1000,102.9557,14,0.28,,1,0,5,2.0616,0,29,0,0.011027,0.366736,3.146119,5606000,38833.3
5607,1000,3.7997,4,0.08,,1,0,2,0.7071,0,0,0,0.011239,0.346172,3.780154,5607000,38841.7
5608,1000,102.0905,13,0.26,,1,0,5,2.0463,0,0,0,0.011267,0.330204,3.475348,5608000,38849.8
5609,1000,123.5908,12,0.24,,1,0,5,1.8708,1,0,0,0.011139,0.378452,2.600857,5609000,38858.0
5610,1000,122.6711,14,0.28,,1,0,5,2.0616,0,37,0,0.011046,0.716276,3.056433,5610000,38866.2
5611,1000,111.8071,14,0.28,,1,0,5,2.0616,0,3,0,0.011119,0.586086,3.771572,5611000,38874.4
5612,1000,144.414,14,0.28,,1,0,5,2.0616,1,2,0,0.011332,0.431868,3.23002,5612000,38882.5
5613,1000,154.8386,14,0.28,,1,0,5,2.0616,1,4,0,0.010778,0.455282,4.002298,5613000,38890.5
5614,1000,143.2878,14,0.28,,1,0,5,2.0616,1,0,0,0.010629,0.679343,3.820572,5614000,38898.4
5615,1000,135.3383,13,0.26,,1,0,5,2.0463,1,154,0,0.01083,0.357674,2.862536,5615000,38906.3
5616,1000,72.2747,14,0.28,,1,0,5,2.0616,0,0,0,0.010849,0.398667,3.245822,5616000,38914.5
5617,1000,154.5676,14,0.28,,1,0,5,2.0616,1,23,0,0.010838,0.32195,2.721283,5617000,38922.6
5618,1000,54.2884,9,0.18,,1,0,4,1.479,0,67,0,0.011288,0.278973,3.625568,5618000,38930.7
5619,1000,59.4061,10,0.2,,1,0,4,1.5,0,0,0,0.011564,0.323874,2.823437,5619000,38938.9
5620,1000,57.3936,13,0.26,,1,0,5,1.9203,0,34,0,0.011515,0.256235,3.51002,5620000,38947.9
5621,1000,146.1093,14,0.28,,1,0,5,2.0616,1,51,0,0.011239,0.284222,2.764626,5621000,38956.6
5622,1000,-33.1669,6,0.12,,1,0,3,1.118,0,0,0,0.01123,0.537172,2.519143,5622000,38966.0
5623,1000,64.6179,9,0.18,,1,0,4,1.479,0,61,0,0.011192,0.24856,3.363628,5623000,38975.3
5624,1000,139.8228,14,0.28,,1,0,5,2.0616,1,33,0,0.011071,0.461672,2.800351,5624000,38983.5
5625,1000,130.9943,14,0.28,,1,0,5,2.0616,2,0,0,0.010958,0.255392,3.370547,5625000,38991.7
5626,1000,54.2803,10,0.2,,1,0,4,1.5,0,0,0,0.01076,0.482644,2.883562,5626000,38999.5
5627,1000,97.7722,13,0.26,,1,0,5,1.9203,0,22,0,0.010702,0.242367,3.146162,5627000,39007.3
5628,1000,10.0256,7,0.14,,2,0,4,1.7854,0,0,0,0.010762,1.109403,3.168236,5628000,39015.3
5629,1000,118.878,14,0.28,,1,0,5,2.0616,0,0,0,0.010963,0.398825,2.761025,5629000,39023.2
5630,1000,103.3779,13,0.26,,1,0,5,1.9203,0,1,0,0.010761,0.430374,2.34611,5630000,39031.1
5631,1000,164.6454,14,0.28,,1,0,5,2.0616,1,0,0,0.010748,0.242281,3.466164,5631000,39039.0
5632,1000,128.2662,14,0.28,,1,0,5,2.0616,0,0,0,0.011042,0.427044,3.251832,5632000,39046.8
5633,1000,158.9637,15,0.3,,1,0,5,2.1651,1,0,0,0.011172,0.244921,3.287561,5633000,39054.7
5634,1000,114.8529,14,0.28,,1,0,5,2.0616,0,257,0,0.011133,0.268354,3.828,5634000,39062.7
5635,1000,85.326,11,0.22,,1,0,4,1.6394,0,21,0,0.010888,0.512077,3.100692,5635000,39070.6
5636,1000,72.3414,12,0.24,,1,0,5,1.8708,0,0,0,0.010784,0.330859,3.879513,5636000,39078.4
5637,1000,152.9352,14,0.28,,1,0,5,2.0616,1,258,0,0.010721,0.256141,2.961409,5637000,39086.4
5638,1000,123.8788,15,0.3,,1,0,5,2.1651,0,598,0,0.01097,0.381693,3.004071,5638000,39094.1
5639,1000,145.5619,14,0.28,,1,0,5,2.0616,1,227,0,0.011107,1.194761,3.487399,5639000,39102.3
5640,1000,153.1303,14,0.28,,1,0,5,2.0616,1,0,0,0.010976,0.988859,2.879914,5640000,39110.0
5641,1000,113.5613,14,0.28,,1,0,5,2.0616,0,0,0,0.010968,0.309415,3.049525,5641000,39118.0
5642,1000,28.1811,6,0.12,,1,0,2,0.866,0,0,0,0.011085,0.239624,3.858762,5642000,39126.1
5643,1000,142.7868,15,0.3,,1,0,5,2.1651,1,581,0,0.011349,0.977649,2.772638,5643000,39134.2
5644,1000,90.2906,13,0.26,,1,0,5,1.9203,0,309,0,0.011107,0.640795,3.187119,5644000,39142.2
5645,1000,-1.5466,8,0.16,,1,0,4,1.5811,0,0,0,0.011061,0.672872,2.47626,5645000,39150.3
5646,1000,41.3147,8,0.16,,1,0,4,1.5811,0,0,0,0.011374,0.367085,3.07689,5646000,39158.6
5647,1000,101.8432,13,0.26,,1,0,5,1.9203,0,94,0,0.011392,0.493657,3.887837,5647000,39166.5
5648,1000,128.494,14,0.28,,1,0,5,2.0616,1,0,0,0.011359,0.742897,2.958072,5648000,39174.3
5649,1000,120.0755,12,0.24,,1,0,5,1.8708,1,0,0,0.011199,0.235873,2.651948,5649000,39182.0
5650,1000,171.4252,14,0.28,,1,0,5,2.0616,2,0,0,0.011288,0.614185,3.663758,5650000,39189.7
5651,1000,9.8965,7,0.14,,1,0,3,1.0897,0,0,0,0.011414,0.235724,3.412724,5651000,39197.9
5652,1000,126.7617,15,0.3,,1,0,5,2.1651,0,545,0,0.011506,0.351987,3.08829,5652000,39206.4
5653,1000,41.4325,8,0.16,,1,0,3,1.2247,0,0,0,0.012145,0.574333,3.102849,5653000,39214.7
5654,1000,137.0399,13,0.26,,1,0,5,1.9203,1,0,0,0.011972,0.574605,2.57464,5654000,39222.7
5655,1000,119.256,15,0.3,,1,0,5,2.1651,0,0,0,0.011851,0.910927,2.862143,5655000,39231.1
5656,1000,45.0161,10,0.2,,1,0,4,1.6583,0,0,0,0.011856,0.726147,2.962014,5656000,39239.3
5657,1000,160.6709,15,0.3,,1,0,6,2.2776,1,0,0,0.01197,0.38403,2.789357,5657000,39247.6
5658,1000,231.4399,15,0.3,,1,0,5,2.1651,3,0,0,0.012025,0.297283,3.775834,5658000,39256.1
5659,1000,208.3795,15,0.3,,1,0,5,2.1651,2,0,0,0.011556,0.569901,3.547077,5659000,39264.3
5660,1000,142.0109,14,0.28,,1,0,5,2.0616,1,0,0,0.011427,0.234314,3.056942,5660000,39273.1
5661,1000,209.3626,15,0.3,,1,0,5,2.1651,3,0,0,0.011263,0.340879,2.250276,5661000,39281.8
5662,1000,157.4559,15,0.3,,1,0,5,2.1651,1,263,0,0.011347,0.400031,3.381562,5662000,39289.9
5663,1000,26.0849,8,0.16,,1,0,3,1.2247,0,0,0,0.011149,0.678473,1.388094,5663000,39298.0
5664,1000,28.1977,10,0.2,,1,0,4,1.5,0,20,0,0.011399,1.001502,3.064631,5664000,39306.6
5665,1000,15.8573,8,0.16,,1,0,4,1.5811,0,0,0,0.011521,0.42933,3.290619,5665000,39315.3
5666,1000,133.1024,14,0.28,,1,0,5,2.0616,2,0,0,0.011416,0.395325,3.59112,5666000,39323.9
5667,1000,24.4868,9,0.18,,1,0,4,1.7854,0,0,0,0.011296,2.19955,2.215434,5667000,39332.7
5668,1000,120.0666,14,0.28,,1,0,5,2.0616,1,0,0,0.01119,0.430058,3.249026,5668000,39340.9
5669,1000,140.4522,14,0.28,,1,0,5,2.0616,1,6,0,0.011158,0.247462,3.549712,5669000,39348.8
5670,1000,66.5752,10,0.2,,1,0,4,1.6583,0,0,0,0.011342,0.569539,3.556704,5670000,39357.0
5671,1000,133.7692,14,0.28,,1,0,5,2.0616,1,0,0,0.011179,0.260046,3.746391,5671000,39364.8
5672,1000,121.7643,15,0.3,,1,0,5,2.1651,0,0,0,0.011149,0.352531,1.826087,5672000,39372.6
5673,1000,82.6539,10,0.2,,1,0,4,1.5,0,0,0,0.01101,0.315541,3.290401,5673000,39380.4
5674,1000,77.4764,11,0.22,,1,0,5,1.9203,0,0,0,0.011202,0.43673,2.952737,5674000,39388.3
5675,1000,75.1611,11,0.22,,1,0,4,1.6394,0,0,0,0.011209,0.293277,3.397342,5675000,39396.4
5676,1000,104.7171,13,0.26,,1,0,5,2.0463,0,38,0,0.010975,0.3745,2.825493,5676000,39404.4
5677,1000,129.6267,12,0.24,,1,0,5,1.8708,1,0,0,0.010934,0.389487,3.921079,5677000,39412.4
5678,1000,110.1656,13,0.26,,1,0,6,2.1651,1,15,0,0.010921,0.30946,2.93748,5678000,39420.3
5679,1000,86.1052,12,0.24,,1,0,5,1.8708,0,0,0,0.010786,0.299154,3.5255,5679000,39428.2
5680,1000,111.0255,13,0.26,,1,0,5,1.9203,0,0,0,0.010603,0.665299,2.76381,5680000,39436.1
5681,1000,96.9535,13,0.26,,1,0,5,1.9203,0,16,0,0.010629,0.256684,2.844282,5681000,39444.0
5682,1000,119.8611,13,0.26,,1,0,5,1.9203,0,0,0,0.010734,0.295226,3.049815,5682000,39451.8
5683,1000,109.576,13,0.26,,1,0,5,1.9203,0,0,0,0.010765,0.236568,3.480888,5683000,39459.5
5684,1000,157.2605,14,0.28,,1,0,5,2.0616,1,58,0,0.010482,0.259425,4.071387,5684000,39467.5
5685,1000,119.4612,13,0.26,,1,0,5,2.0463,1,8,0,0.010319,0.461716,3.349831,5685000,39475.3
5686,1000,160.1791,13,0.26,,1,0,5,2.0463,2,1,0,0.010229,0.375433,2.986808,5686000,39483.1
5687,1000,86.6514,11,0.22,,1,0,4,1.6394,0,28,0,0.010671,0.237752,3.862048,5687000,39490.9
5688,1000,176.498,15,0.3,,1,0,5,2.1651,1,0,0,0.010601,0.220375,3.055433,5688000,39498.9
5689,1000,103.0743,12,0.24,,0,1,5,1.4142,1,0,0,0.010464,0.41188,4.308294,5689000,39507.3
5690,1000,85.7435,11,0.22,,1,0,5,1.7854,0,39,0,0.010511,0.344617,2.420177,5690000,39515.4
5691,1000,52.5816,11,0.22,,1,0,4,1.6394,0,0,0,0.010435,0.589041,3.178095,5691000,39523.3
5692,1000,107.624,13,0.26,,1,0,5,1.9203,0,0,0,0.010423,0.322926,3.55001,5692000,39531.5
5693,1000,137.6428,14,0.28,,1,0,5,2.0616,1,0,0,0.010393,0.258867,3.424671,5693000,39539.5
5694,1000,85.9791,12,0.24,,1,0,4,1.7321,0,3,0,0.010665,0.443558,3.175537,5694000,39547.6
5695,1000,174.2549,13,0.26,,1,0,5,2.0463,2,0,0,0.010596,0.294235,3.154959,5695000,39555.7
5696,1000,110.6024,13,0.26,,1,0,5,1.9203,0,5,0,0.010351,0.27873,3.572281,5696000,39564.3
5697,1000,94.543,12,0.24,,1,0,5,1.8708,0,1,0,0.010162,0.441687,2.878129,5697000,39572.5
5698,1000,132.0773,13,0.26,,1,0,5,2.0463,1,0,0,0.010121,0.505729,2.914587,5698000,39580.8
5699,1000,23.7292,7,0.14,,1,0,3,1.299,0,0,0,0.010101,0.346791,3.227173,5699000,39588.7
5700,1000,18.4005,8,0.16,,1,0,4,1.5811,0,0,0,0.010214,0.19526,4.617954,5700000,39596.5
5701,1000,62.7935,9,0.18,,1,0,4,1.479,0,0,0,0.010165,0.399647,3.137273,5701000,39604.3
5702,1000,43.2097,10,0.2,,1,0,4,1.5,0,0,0,0.009854,0.443849,3.640219,5702000,39612.5
5703,1000,104.1971,12,0.24,,1,0,5,1.8708,0,0,0,0.009696,0.395589,3.553981,5703000,39621.0
5704,1000,105.2117,13,0.26,,1,0,5,1.9203,0,0,0,0.009691,0.219371,2.460781,5704000,39629.3
5705,1000,114.7802,12,0.24,,1,0,5,1.8708,1,0,0,0.009636,0.332092,3.730787,5705000,39637.5
5706,1000,139.4055,15,0.3,,1,0,5,2.1651,0,14,0,0.009803,0.398379,3.096689,5706000,39645.9
5707,1000,115.4738,13,0.26,,1,0,5,2.0463,0,46,0,0.009789,0.173632,3.331568,5707000,39653.9
5708,1000,38.1618,7,0.14,,1,0,4,1.479,0,5,0,0.009923,0.420815,2.374591,5708000,39661.9
5709,1000,25.9256,6,0.12,,1,0,3,1.118,0,0,0,0.010272,0.309723,3.687711,5709000,39670.1
5710,1000,38.1458,9,0.18,,1,0,4,1.479,0,476,0,0.010494,0.232609,3.182545,5710000,39678.0
5711,1000,53.2844,8,0.16,,1,0,3,1.2247,0,5,0,0.010796,0.353272,2.754233,5711000,39685.9
5712,1000,10.3102,4,0.08,,2,0,2,1.0,0,0,0,0.010757,0.859746,3.202065,5712000,39693.7
5713,1000,86.3521,11,0.22,,1,0,5,1.7854,0,0,0,0.010937,0.22999,2.54164,5713000,39701.6
5714,1000,61.7221,10,0.2,,1,0,4,1.5,0,0,0,0.010994,0.280528,3.479817,5714000,39709.5
5715,1000,120.3315,12,0.24,,1,0,5,1.8708,1,0,0,0.01051,0.73704,3.036538,5715000,39717.6
5716,1000,147.8035,13,0.26,,1,0,5,1.9203,1,0,0,0.010362,0.348406,3.024081,5716000,39725.5
5717,1000,23.0673,4,0.08,,1,0,2,0.7071,0,0,0,0.010603,0.429387,3.499495,5717000,39733.6
5718,1000,103.7767,12,0.24,,1,0,5,1.8708,0,0,0,0.010677,0.311463,3.069044,5718000,39741.7
5719,1000,125.6232,13,0.26,,1,0,5,1.9203,1,0,0,0.010415,0.497675,3.26276,5719000,39749.7
5720,1000,110.02,13,0.26,,1,0,5,1.9203,0,26,0,0.010467,0.239826,2.561726,5720000,39757.7
5721,1000,115.5757,14,0.28,,1,0,5,2.0616,0,105,0,0.010536,0.296465,2.67294,5721000,39765.8
5722,1000,120.4099,14,0.28,,1,0,5,2.0616,0,329,0,0.010224,0.290762,2.575827,5722000,39773.7
5723,1000,76.6027,11,0.22,,1,0,4,1.6394,0,0,0,0.009974,0.390919,2.094531,5723000,39781.6
5724,1000,147.8426,14,0.28,,1,0,5,2.0616,1,86,0,0.009893,0.263554,2.843961,5724000,39789.8
5725,1000,127.0157,13,0.26,,1,0,5,1.9203,1,0,0,0.009867,0.280936,3.378894,5725000,39798.0
5726,1000,144.5448,14,0.28,,1,0,5,2.0616,1,195,0,0.010144,0.332277,2.369413,5726000,39806.2
5727,1000,147.5465,14,0.28,,1,0,5,2.0616,1,59,0,0.010264,0.529488,2.756708,5727000,39815.1
5728,1000,146.702,14,0.28,,1,0,5,2.0616,1,0,0,0.010039,0.346536,2.878459,5728000,39823.8
5729,1000,150.8246,15,0.3,,1,0,6,2.2776,1,0,0,0.009853,0.33861,3.188468,5729000,39832.1
5730,1000,101.4088,13,0.26,,1,0,5,2.0463,0,199,0,0.009662,0.282315,2.988667,5730000,39840.2
5731,1000,81.0741,12,0.24,,1,0,5,1.8708,0,54,0,0.009616,0.281765,3.508099,5731000,39848.2
5732,1000,63.9217,11,0.22,,1,0,4,1.6394,0,0,0,0.009613,0.594844,2.712908,5732000,39856.5
5733,1000,70.4818,10,0.2,,1,0,4,1.5,0,0,0,0.00975,0.379152,2.792083,5733000,39865.1
5734,1000,121.6097,13,0.26,,1,0,5,1.9203,1,29,0,0.009725,0.226201,2.917701,5734000,39873.0
5735,1000,27.2118,7,0.14,,1,0,4,1.479,0,0,0,0.009927,0.363218,3.137692,5735000,39880.9
5736,1000,19.7808,8,0.16,,1,0,4,1.4142,0,189,0,0.010137,0.289316,2.974921,5736000,39889.1
5737,1000,91.1161,11,0.22,,1,0,4,1.6394,0,0,0,0.010414,0.196571,1.990182,5737000,39897.4
5738,1000,163.6302,15,0.3,,1,0,5,2.1651,1,0,0,0.010211,0.240884,2.240747,5738000,39905.7
5739,1000,136.5711,15,0.3,,1,0,5,2.1651,0,0,0,0.010447,0.515966,1.86139,5739000,39913.8
5740,1000,101.0551,13,0.26,,1,0,5,1.9203,0,0,0,0.010319,0.479708,3.193945,5740000,39921.9
5741,1000,108.6447,13,0.26,,1,0,5,1.9203,0,3,0,0.010283,0.359943,2.580094,5741000,39929.7
5742,1000,89.2557,12,0.24,,1,0,5,1.8708,0,180,0,0.00999,0.442576,2.436399,5742000,39938.0
5743,1000,146.3513,13,0.26,,1,0,5,1.9203,1,4,0,0.009976,0.283636,2.217702,5743000,39946.6
5744,1000,70.183,11,0.22,,1,0,5,1.7854,0,0,0,0.009951,0.270001,2.71206,5744000,39954.9
5745,1000,202.032,15,0.3,,1,0,5,2.1651,2,0,0,0.009426,0.433773,2.749353,5745000,39963.3
5746,1000,48.8618,9,0.18,,1,0,5,1.9203,0,279,0,0.00946,0.296032,4.109205,5746000,39972.0
5747,1000,113.7979,14,0.28,,1,0,5,2.0616,0,0,0,0.009248,0.427941,3.25615,5747000,39980.7
5748,1000,130.8734,14,0.28,,1,0,5,2.0616,1,0,0,0.009544,0.235041,3.759361,5748000,39989.3
5749,1000,103.9671,14,0.28,,1,0,5,2.0616,0,293,0,0.00923,0.36565,3.622533,5749000,39997.3
5750,1000,147.2569,15,0.3,,1,0,5,2.1651,1,0,0,0.009423,0.313613,2.468985,5750000,40005.1
5751,1000,136.9901,15,0.3,,1,0,5,2.1651,1,0,0,0.009268,0.349011,3.322492,5751000,40012.9
5752,1000,-13.3414,5,0.1,,2,0,4,1.6394,0,0,0,0.009226,0.467682,3.17312,5752000,40020.6
5753,1000,170.1635,14,0.28,,1,0,5,2.0616,2,0,0,0.008982,0.270542,2.982141,5753000,40028.4
5754,1000,114.9901,14,0.28,,1,0,5,2.0616,0,59,0,0.008779,0.284721,2.46771,5754000,40036.1
5755,1000,21.6391,6,0.12,,1,0,3,1.118,0,0,0,0.00933,0.558536,3.456058,5755000,40044.1
5756,1000,163.2865,14,0.28,,1,0,5,2.0616,2,243,0,0.009519,0.274818,3.284713,5756000,40052.1
5757,1000,157.0144,14,0.28,,1,0,5,2.0616,1,0,0,0.009454,0.254202,2.813704,5757000,40060.4
5758,1000,121.3234,13,0.26,,1,0,5,1.9203,1,29,0,0.009435,0.345207,2.531433,5758000,40068.4
5759,1000,106.736,14,0.28,,1,0,5,2.0616,0,195,0,0.009377,0.288064,3.43581,5759000,40076.3
5760,1000,170.6697,15,0.3,,1,0,6,2.2776,1,11,0,0.009222,0.229624,2.506166,5760000,40084.8
5761,1000,181.367,15,0.3,,0,1,5,1.6394,2,0,0,0.009306,0.154664,2.19847,5761000,40093.6
5762,1000,204.2545,15,0.3,,1,0,6,2.2776,2,0,0,0.009094,0.236004,3.049575,5762000,40102.3
5763,1000,189.1407,15,0.3,,1,0,5,2.1651,2,6,0,0.009245,0.4072,2.820085,5763000,40110.9
5764,1000,33.2718,6,0.12,,2,0,4,1.6583,0,0,0,0.009305,0.314124,2.997125,5764000,40119.5
5765,1000,176.2866,14,0.28,,1,0,5,2.0616,2,126,0,0.009516,0.310999,3.126836,5765000,40128.0
5766,1000,218.1385,17,0.34,,1,0,7,2.586,2,5,0,0.009609,0.377077,2.903811,5766000,40136.5
5767,1000,74.0566,12,0.24,,1,0,4,1.7321,0,0,0,0.00958,0.326277,2.638831,5767000,40144.9
5768,1000,94.5661,13,0.26,,1,0,5,1.9203,0,24,0,0.010233,0.337755,2.043731,5768000,40153.0
5769,1000,78.3413,11,0.22,,1,0,4,1.6394,0,0,0,0.010257,0.412505,2.558701,5769000,40161.0
5770,1000,129.0408,14,0.28,,1,0,5,2.0616,1,0,0,0.010091,0.281478,3.419433,5770000,40168.9
5771,1000,87.6408,11,0.22,,1,0,4,1.6394,0,0,0,0.009909,0.744235,2.727764,5771000,40177.0
5772,1000,23.3399,9,0.18,,1,0,3,1.299,0,0,0,0.010186,0.570567,1.921095,5772000,40185.2
5773,1000,130.9151,14,0.28,,1,0,5,2.0616,1,30,0,0.010177,0.197738,3.400003,5773000,40193.0
5774,1000,95.5523,13,0.26,,1,0,5,1.9203,0,46,0,0.010138,0.267767,2.428779,5774000,40200.8
5775,1000,-1.1724,2,0.04,,3,0,2,0.866,0,0,0,0.010282,0.469146,3.012952,5775000,40209.0
5776,1000,175.5222,14,0.28,,1,0,5,2.0616,2,43,0,0.010691,0.271383,2.07913,5776000,40217.2
5777,1000,19.6779,5,0.1,,1,0,2,0.8292,0,0,0,0.010986,0.245824,2.609662,5777000,40225.2
5778,1000,38.6314,6,0.12,,1,0,3,1.118,0,20,0,0.011126,0.6715,2.709936,5778000,40233.6
5779,1000,32.9237,7,0.14,,1,0,3,1.0897,0,0,0,0.010943,0.628176,3.036065,5779000,40241.6
5780,1000,159.7875,14,0.28,,1,0,5,2.0616,1,21,0,0.011008,0.287282,2.866895,5780000,40249.6
5781,1000,171.6251,14,0.28,,1,0,5,2.0616,2,0,0,0.010786,0.496621,2.189529,5781000,40257.6
5782,1000,109.192,13,0.26,,0,1,5,1.479,0,36,0,0.010903,0.232306,3.267271,5782000,40265.5
5783,1000,145.2262,14,0.28,,1,0,5,2.0616,1,114,0,0.011071,0.292518,1.464328,5783000,40273.6
5784,1000,128.7049,13,0.26,,1,0,5,1.9203,1,0,0,0.010931,0.319593,2.139198,5784000,40281.7
5785,1000,146.9975,15,0.3,,1,0,6,2.2776,1,0,0,0.010836,0.254259,2.708232,5785000,40290.0
5786,1000,175.5616,15,0.3,,0,1,5,1.6394,2,0,0,0.011078,0.596249,1.936248,5786000,40298.5
5787,1000,160.817,15,0.3,,1,0,5,2.1651,1,85,0,0.011151,0.239515,2.017919,5787000,40306.7
5788,1000,171.8431,15,0.3,,1,0,5,2.1651,2,0,0,0.01107,0.245515,2.213983,5788000,40315.0
5789,1000,148.7579,14,0.28,,1,0,5,2.0616,1,0,0,0.010788,0.230906,2.970391,5789000,40322.9
5790,1000,186.6163,15,0.3,,1,0,5,2.1651,3,0,0,0.010811,0.243297,1.773733,5790000,40330.8
5791,1000,86.7348,12,0.24,,1,0,4,1.7321,0,0,0,0.0109,0.283725,2.486316,5791000,40338.9
5792,1000,140.7114,13,0.26,,1,0,5,1.9203,1,125,0,0.011003,0.336051,2.648897,5792000,40346.9
5793,1000,21.05,8,0.16,,1,0,4,1.4142,0,0,0,0.011172,0.532512,2.468521,5793000,40354.7
5794,1000,55.6946,10,0.2,,1,0,5,1.8028,0,0,0,0.011079,0.238945,2.854321,5794000,40362.4
5795,1000,159.5765,15,0.3,,1,0,5,2.1651,2,0,0,0.010898,0.385346,2.850237,5795000,40370.0
5796,1000,45.2271,8,0.16,,1,0,3,1.2247,0,0,0,0.010952,0.81713,2.974535,5796000,40377.9
5797,1000,59.5303,10,0.2,,1,0,5,1.8028,0,0,0,0.011257,0.281951,2.83748,5797000,40385.9
5798,1000,192.7278,14,0.28,,1,0,5,2.0616,2,0,0,0.011007,0.261164,1.973763,5798000,40393.7
5799,1000,140.5713,15,0.3,,1,0,5,2.1651,1,0,0,0.011092,2.124038,3.051528,5799000,40401.5
5800,1000,-26.129,6,0.12,,1,0,2,0.866,0,68,0,0.01144,2.853441,2.487755,5800000,40409.4
5801,1000,118.3028,13,0.26,,1,0,5,1.9203,1,32,0,0.011236,0.41912,1.932814,5801000,40417.6
5802,1000,180.9929,15,0.3,,1,0,5,2.1651,2,374,0,0.010885,0.306657,2.189277,5802000,40425.5
5803,1000,94.5969,14,0.28,,1,0,5,2.0616,0,394,0,0.010907,0.535133,3.602655,5803000,40433.5
5804,1000,121.0673,13,0.26,,1,0,5,1.9203,1,0,0,0.010674,0.302965,2.847639,5804000,40441.4
5805,1000,-17.6298,6,0.12,,1,0,4,1.5,0,0,0,0.011142,0.294615,2.03939,5805000,40449.7
5806,1000,142.2767,14,0.28,,1,0,5,2.0616,2,0,0,0.011147,0.259824,2.379313,5806000,40457.7
5807,1000,145.2374,14,0.28,,1,0,5,2.0616,2,0,0,0.010733,0.293526,3.432952,5807000,40465.8
5808,1000,-22.5731,6,0.12,,2,0,3,1.5,0,0,0,0.010879,0.375784,3.574783,5808000,40474.0
5809,1000,80.36,14,0.28,,1,0,5,2.0616,0,0,0,0.011195,0.352028,1.961007,5809000,40482.2
5810,1000,167.1913,15,0.3,,1,0,5,2.1651,2,0,0,0.010998,0.226846,3.287907,5810000,40490.1
5811,1000,161.8047,13,0.26,,1,0,5,2.0463,2,0,0,0.011045,0.253415,2.644972,5811000,40498.3
5812,1000,128.0614,14,0.28,,1,0,5,2.0616,1,0,0,0.010653,0.271944,2.315333,5812000,40506.2
5813,1000,201.0583,15,0.3,,1,0,5,2.1651,2,1,0,0.010416,0.355165,2.4785,5813000,40514.6
5814,1000,176.4377,14,0.28,,1,0,5,2.0616,2,0,0,0.010288,0.368931,2.845302,5814000,40523.1
5815,1000,185.5338,15,0.3,,1,0,5,2.1651,2,88,0,0.010204,0.272309,2.902405,5815000,40531.5
5816,1000,65.9817,12,0.24,,1,0,4,1.7321,0,0,0,0.010201,0.227444,3.063533,5816000,40540.2
5817,1000,137.7674,13,0.26,,1,0,5,1.9203,1,0,0,0.009796,0.268418,2.549777,5817000,40548.5
5818,1000,174.3368,15,0.3,,1,0,6,2.2776,2,0,0,0.00954,0.290945,1.947476,5818000,40556.3
5819,1000,55.1212,8,0.16,,1,0,3,1.2247,0,0,0,0.009544,0.530527,2.30676,5819000,40564.3
5820,1000,116.8688,13,0.26,,1,0,5,1.9203,1,0,0,0.009795,0.325045,2.126415,5820000,40572.4
5821,1000,47.7679,8,0.16,,1,0,4,1.4142,0,0,0,0.009567,0.463967,3.1545,5821000,40580.8
5822,1000,148.5475,14,0.28,,1,0,5,2.0616,1,0,0,0.00949,0.328898,1.960992,5822000,40588.7
5823,1000,125.0686,14,0.28,,1,0,5,2.0616,0,36,0,0.009621,0.253613,2.11087,5823000,40596.4
5824,1000,168.5792,14,0.28,,1,0,5,2.0616,2,0,0,0.009729,0.449111,2.272274,5824000,40604.6
5825,1000,30.6413,6,0.12,,1,0,3,1.118,0,0,0,0.010077,0.305419,2.666877,5825000,40612.8
5826,1000,14.6989,5,0.1,,2,0,3,1.299,0,0,0,0.010421,0.344688,2.883669,5826000,40620.6
5827,1000,14.9484,4,0.08,,2,0,2,1.0,0,0,0,0.010565,0.341558,1.919029,5827000,40628.5
5828,1000,29.0826,6,0.12,,1,0,3,1.118,0,0,0,0.010775,0.223546,2.869976,5828000,40636.4
5829,1000,12.0329,5,0.1,,2,0,4,1.6394,0,0,0,0.011056,0.432566,1.981805,5829000,40644.5
5830,1000,-5.1221,7,0.14,,1,0,3,1.299,0,0,0,0.011166,0.48574,0.912649,5830000,40652.4
5831,1000,-13.9339,6,0.12,,1,0,3,1.118,0,0,0,0.011213,0.932905,1.249687,5831000,40660.3
5832,1000,73.6715,10,0.2,,1,0,4,1.5,0,5,0,0.011516,0.287039,2.517866,5832000,40668.8
5833,1000,114.4139,10,0.2,,1,0,5,1.8028,1,3,0,0.011529,0.77676,1.34498,5833000,40676.8
5834,1000,63.4985,8,0.16,,1,0,4,1.5811,0,0,0,0.011486,0.49018,1.508142,5834000,40684.9
5835,1000,59.7556,9,0.18,,1,0,5,1.9203,1,0,0,0.011158,0.407767,1.999234,5835000,40693.1
5836,1000,52.1859,9,0.18,,1,0,4,1.479,0,0,0,0.011302,0.727308,2.660224,5836000,40701.2
5837,1000,111.7626,14,0.28,,1,0,5,2.0616,0,609,0,0.011077,0.425897,1.411873,5837000,40709.5
5838,1000,140.4922,14,0.28,,1,0,5,2.0616,1,0,0,0.010898,0.738574,3.69774,5838000,40717.2
5839,1000,39.4713,7,0.14,,1,0,3,1.0897,0,0,0,0.011098,0.270546,2.045475,5839000,40724.9
5840,1000,3.5308,7,0.14,,1,0,3,1.0897,0,4,0,0.011551,0.327181,2.512255,5840000,40733.0
5841,1000,30.8801,8,0.16,,1,0,3,1.2247,0,0,0,0.011393,0.471209,2.627647,5841000,40740.9
5842,1000,74.9675,12,0.24,,1,0,5,1.8708,0,0,0,0.011486,0.413208,1.665981,5842000,40748.8
5843,1000,192.9806,15,0.3,,1,0,6,2.2776,2,3,0,0.011639,0.371418,2.728446,5843000,40756.6
5844,1000,61.4144,9,0.18,,1,0,3,1.299,0,0,0,0.011298,0.352916,2.694638,5844000,40764.3
5845,1000,15.9846,9,0.18,,1,0,4,1.479,0,0,0,0.01132,0.728624,2.399388,5845000,40772.0
5846,1000,182.3465,15,0.3,,1,0,6,2.2776,2,0,0,0.010914,0.60137,2.42386,5846000,40780.0
5847,1000,151.309,15,0.3,,1,0,5,2.1651,1,0,0,0.010396,0.406841,2.171144,5847000,40788.1
5848,1000,117.0876,12,0.24,,1,0,5,1.8708,1,0,0,0.010643,0.34133,2.631384,5848000,40796.0
5849,1000,169.9219,14,0.28,,1,0,5,2.0616,2,0,0,0.010736,1.650312,2.517712,5849000,40803.9
5850,1000,90.4224,13,0.26,,1,0,5,2.0463,1,0,0,0.010733,0.635641,2.142476,5850000,40811.5
5851,1000,89.898,12,0.24,,1,0,5,1.8708,0,0,0,0.01081,0.818663,3.419346,5851000,40819.2
5852,1000,163.3794,14,0.28,,1,0,5,2.0616,2,0,0,0.010628,0.324764,1.938296,5852000,40827.1
5853,1000,133.1305,13,0.26,,1,0,5,2.0463,1,0,0,0.010861,0.700014,3.082035,5853000,40835.1
5854,1000,160.627,14,0.28,,1,0,5,2.0616,2,0,0,0.010798,0.343649,2.549823,5854000,40843.0
5855,1000,104.7871,14,0.28,,1,0,5,2.0616,1,0,0,0.010332,0.312416,1.604261,5855000,40851.1
5856,1000,159.8862,15,0.3,,1,0,5,2.1651,1,30,0,0.010262,0.351008,2.986597,5856000,40859.0
5857,1000,156.6583,13,0.26,,1,0,5,2.0463,2,8,0,0.010256,0.280928,2.669368,5857000,40867.2
5858,1000,165.8195,13,0.26,,1,0,5,2.0463,2,0,0,0.01052,0.299181,3.408251,5858000,40875.1
5859,1000,152.4523,15,0.3,,1,0,5,2.1651,1,289,0,0.01063,1.405967,3.442208,5859000,40882.9
5860,1000,194.1445,15,0.3,,1,0,5,2.1651,2,0,0,0.010441,0.358138,3.153935,5860000,40890.6
5861,1000,161.5057,14,0.28,,1,0,5,2.0616,2,0,0,0.010498,0.824175,2.998955,5861000,40898.7
5862,1000,167.2299,14,0.28,,1,0,5,2.0616,2,215,0,0.010679,0.299183,3.416783,5862000,40906.6
5863,1000,135.5496,14,0.28,,1,0,5,2.0616,1,401,0,0.010753,0.230671,2.314194,5863000,40914.4
5864,1000,57.3316,8,0.16,,1,0,4,1.4142,0,0,0,0.010506,0.719273,2.188264,5864000,40922.2
5865,1000,107.9317,10,0.2,,1,0,5,1.8028,1,0,0,0.010561,0.332964,2.780171,5865000,40930.3
5866,1000,82.351,11,0.22,,1,0,4,1.6394,0,0,0,0.010684,0.291549,3.58194,5866000,40938.4
5867,1000,143.5034,15,0.3,,1,0,5,2.1651,1,12,0,0.01077,0.509001,3.449635,5867000,40946.4
5868,1000,126.1412,14,0.28,,1,0,5,2.0616,1,34,0,0.010741,0.910341,2.762953,5868000,40954.4
5869,1000,135.0236,14,0.28,,1,0,5,2.0616,1,0,0,0.010636,1.325871,3.380921,5869000,40962.3
5870,1000,135.9252,14,0.28,,1,0,5,2.0616,1,0,0,0.010672,0.424284,3.316858,5870000,40970.3
5871,1000,86.2875,12,0.24,,1,0,5,1.8708,0,39,0,0.010953,0.496039,2.77153,5871000,40978.4
5872,1000,108.4439,10,0.2,,1,0,5,1.8028,1,161,0,0.010822,0.37698,1.66926,5872000,40987.0
5873,1000,124.462,14,0.28,,1,0,5,2.0616,1,0,0,0.01097,0.33951,2.867501,5873000,40995.1
5874,1000,93.5851,11,0.22,,1,0,5,1.7854,1,0,0,0.011156,0.254715,1.983286,5874000,41003.6
5875,1000,138.4005,15,0.3,,1,0,5,2.1651,0,0,0,0.01097,0.533011,2.864626,5875000,41011.6
5876,1000,98.4231,11,0.22,,1,0,5,1.9203,1,0,0,0.010538,0.302027,2.670047,5876000,41019.6
5877,1000,74.5727,11,0.22,,1,0,4,1.6394,0,0,0,0.010776,0.269874,2.470673,5877000,41027.6
5878,1000,143.3301,14,0.28,,1,0,5,2.0616,1,0,0,0.010715,0.273409,3.265874,5878000,41035.5
5879,1000,25.0785,5,0.1,,1,0,3,1.0897,0,0,0,0.010784,0.671628,1.956381,5879000,41043.6
5880,1000,103.2673,13,0.26,,1,0,5,2.0463,0,59,0,0.01119,0.560605,2.781885,5880000,41051.7
5881,1000,70.7442,11,0.22,,1,0,4,1.6394,0,0,0,0.011453,0.345511,2.182897,5881000,41059.8
5882,1000,84.0431,12,0.24,,1,0,5,1.8708,0,0,0,0.011223,0.511366,3.245497,5882000,41067.7
5883,1000,95.4599,12,0.24,,1,0,4,1.7321,0,0,0,0.011259,0.399714,2.382548,5883000,41076.0
5884,1000,-9.8074,3,0.06,,2,0,2,0.8292,0,0,0,0.011676,0.911324,3.004528,5884000,41084.3
5885,1000,44.7203,7,0.14,,1,0,3,1.299,0,0,0,0.012055,0.492753,2.47884,5885000,41092.6
5886,1000,56.4409,10,0.2,,1,0,4,1.5,0,198,0,0.012629,0.276618,2.672924,5886000,41100.7
5887,1000,133.7591,12,0.24,,1,0,5,2.1213,1,0,0,0.012369,0.332015,2.561343,5887000,41108.8
5888,1000,67.5931,10,0.2,,1,0,4,1.5,0,0,0,0.012012,0.291501,2.860112,5888000,41117.3
5889,1000,157.8245,14,0.28,,1,0,5,2.0616,1,0,0,0.011769,0.317841,3.626712,5889000,41125.2
5890,1000,121.965,13,0.26,,1,0,5,1.9203,1,0,0,0.011799,0.364876,2.191002,5890000,41133.1
5891,1000,98.3699,10,0.2,,1,0,5,2.0616,1,0,0,0.011747,0.401574,1.789811,5891000,41141.1
5892,1000,45.1446,8,0.16,,1,0,3,1.2247,0,2,0,0.011993,0.283341,2.384846,5892000,41149.3
5893,1000,145.8465,14,0.28,,1,0,5,2.0616,1,0,0,0.011818,0.474036,1.254145,5893000,41157.8
5894,1000,110.0047,13,0.26,,1,0,5,1.9203,0,0,0,0.011986,0.382479,3.177405,5894000,41166.3
5895,1000,196.8057,15,0.3,,1,0,5,2.1651,2,0,0,0.011973,0.381655,2.231525,5895000,41174.6
5896,1000,124.9768,13,0.26,,1,0,5,1.9203,1,31,0,0.011932,0.386343,2.828331,5896000,41182.8
5897,1000,61.9363,8,0.16,,1,0,3,1.2247,0,0,0,0.012299,0.419276,2.632938,5897000,41190.8
5898,1000,158.2759,14,0.28,,1,0,5,2.0616,1,0,0,0.012093,0.703582,2.89234,5898000,41198.8
5899,1000,164.5277,14,0.28,,1,0,5,2.0616,1,0,0,0.012027,2.672877,2.409754,5899000,41206.9
5900,1000,122.8342,14,0.28,,1,0,5,2.0616,1,0,0,0.012108,0.489897,2.245121,5900000,41214.9
5901,1000,134.5339,15,0.3,,1,0,5,2.1651,0,1,0,0.012048,0.324088,2.215818,5901000,41222.8
5902,1000,108.0037,14,0.28,,1,0,5,2.0616,1,0,0,0.011993,0.321017,3.263624,5902000,41230.7
5903,1000,152.1459,14,0.28,,1,0,5,2.0616,1,1,0,0.011887,0.336554,3.200659,5903000,41238.5
5904,1000,-34.572,4,0.08,,2,0,2,1.0,0,0,0,0.011894,0.29138,2.088038,5904000,41246.7
5905,1000,-2.224,5,0.1,,2,0,3,1.299,0,0,0,0.011712,0.562323,2.335453,5905000,41254.7
5906,1000,21.0017,6,0.12,,1,0,3,1.118,0,79,0,0.01184,0.667805,1.582942,5906000,41263.2
5907,1000,132.7871,14,0.28,,1,0,5,2.0616,0,0,0,0.01193,0.433557,2.512748,5907000,41271.1
5908,1000,29.0274,6,0.12,,1,0,3,1.118,0,0,0,0.011908,1.06866,1.970041,5908000,41279.1
5909,1000,141.8527,15,0.3,,1,0,5,2.1651,1,74,0,0.01182,0.35101,2.727793,5909000,41286.9
5910,1000,139.9736,15,0.3,,1,0,5,2.1651,1,12,0,0.011482,0.249876,3.020758,5910000,41294.6
5911,1000,14.6454,8,0.16,,1,0,3,1.2247,0,0,0,0.011641,0.281453,3.435549,5911000,41302.6
5912,1000,40.4696,6,0.12,,1,0,2,0.866,0,0,0,0.011755,0.329719,2.341688,5912000,41311.3
5913,1000,159.4427,15,0.3,,1,0,5,2.1651,1,44,0,0.012026,0.368019,2.057926,5913000,41319.5
5914,1000,193.636,15,0.3,,1,0,5,2.1651,2,0,0,0.012049,0.269544,2.719658,5914000,41327.5
5915,1000,172.0506,15,0.3,,1,0,5,2.1651,2,32,0,0.012369,0.477677,2.725035,5915000,41335.7
5916,1000,182.5909,15,0.3,,1,0,5,2.1651,2,0,0,0.0124,0.331607,2.802192,5916000,41344.2
5917,1000,57.9209,10,0.2,,1,0,4,1.5,0,0,0,0.012323,0.535941,1.761597,5917000,41352.6
5918,1000,143.5127,14,0.28,,1,0,5,2.0616,1,11,0,0.012273,0.40965,2.204535,5918000,41360.9
5919,1000,131.194,15,0.3,,1,0,6,2.2776,1,0,0,0.011802,1.08855,2.528729,5919000,41368.8
5920,1000,151.4355,14,0.28,,1,0,5,2.0616,1,193,0,0.011743,0.358661,3.305449,5920000,41376.7
5921,1000,185.6839,15,0.3,,1,0,5,2.1651,2,0,0,0.011726,0.546425,2.337044,5921000,41384.6
5922,1000,77.464,11,0.22,,1,0,4,1.6394,0,0,0,0.012062,0.453274,3.01386,5922000,41392.8
5923,1000,23.0812,9,0.18,,1,0,4,1.479,0,0,0,0.012824,0.559491,3.046482,5923000,41401.4
5924,1000,160.3815,15,0.3,,1,0,5,2.1651,1,536,0,0.012509,0.422567,3.643659,5924000,41409.7
5925,1000,177.9482,15,0.3,,1,0,5,2.1651,2,1,0,0.011975,0.325237,2.775974,5925000,41418.0
5926,1000,192.6711,15,0.3,,1,0,6,2.2776,2,0,0,0.011499,0.230639,3.1322,5926000,41425.9
5927,1000,144.7489,14,0.28,,1,0,5,2.0616,1,173,0,0.011122,0.235115,2.549539,5927000,41434.3
5928,1000,144.8643,14,0.28,,1,0,5,2.0616,1,1,0,0.010933,0.300056,2.841459,5928000,41442.3
5929,1000,100.8494,13,0.26,,1,0,5,1.9203,0,0,0,0.010613,0.256883,3.204739,5929000,41450.5
5930,1000,103.3942,12,0.24,,1,0,4,1.7321,0,0,0,0.010712,0.328969,3.553904,5930000,41458.3
5931,1000,166.9385,14,0.28,,1,0,5,2.0616,2,62,0,0.010487,0.32116,2.697263,5931000,41466.2
5932,1000,112.2147,13,0.26,,1,0,5,1.9203,0,5,0,0.010428,0.59676,2.807496,5932000,41474.0
5933,1000,169.367,14,0.28,,1,0,5,2.0616,2,0,0,0.010135,0.40939,3.435851,5933000,41482.3
5934,1000,155.1532,14,0.28,,1,0,5,2.0616,1,5,0,0.009987,0.396398,2.789044,5934000,41490.4
5935,1000,187.3758,14,0.28,,1,0,5,2.0616,2,0,0,0.009752,0.873249,3.06079,5935000,41498.2
5936,1000,138.4471,14,0.28,,1,0,5,2.0616,1,0,0,0.009762,0.407659,3.813818,5936000,41505.9
5937,1000,174.2909,14,0.28,,1,0,5,2.0616,2,0,0,0.009853,0.311801,2.460393,5937000,41513.5
5938,1000,177.6898,14,0.28,,1,0,5,2.0616,2,0,0,0.009721,0.261286,2.757446,5938000,41521.3
5939,1000,46.5681,11,0.22,,1,0,4,1.6394,0,0,0,0.009626,0.809759,2.923896,5939000,41529.6
5940,1000,110.3169,13,0.26,,1,0,5,1.9203,0,0,0,0.009457,0.354554,1.980486,5940000,41537.9
5941,1000,86.4477,13,0.26,,1,0,5,1.9203,0,645,0,0.009445,0.33715,1.593184,5941000,41546.1
5942,1000,162.4336,15,0.3,,1,0,5,2.1651,1,0,0,0.009221,0.198228,3.285115,5942000,41554.0
5943,1000,179.3661,14,0.28,,1,0,5,2.0616,2,76,0,0.008979,0.248366,2.062018,5943000,41561.9
5944,1000,147.0994,14,0.28,,1,0,5,2.0616,1,0,0,0.008773,0.441202,2.526295,5944000,41569.7
5945,1000,194.4223,14,0.28,,1,0,5,2.0616,2,80,0,0.008799,0.22537,1.856684,5945000,41577.8
5946,1000,143.3607,14,0.28,,1,0,5,2.0616,1,227,0,0.008894,0.237474,1.263562,5946000,41585.7
5947,1000,24.9385,7,0.14,,1,0,3,1.0897,0,0,0,0.008961,0.464377,2.295383,5947000,41593.8
5948,1000,174.4758,14,0.28,,1,0,5,2.0616,2,0,0,0.009026,0.288695,1.765746,5948000,41601.9
5949,1000,103.597,13,0.26,,1,0,5,1.9203,1,0,0,0.008884,0.433444,1.842522,5949000,41610.1
5950,1000,146.4898,14,0.28,,1,0,5,2.0616,1,13,0,0.009061,0.379829,2.625638,5950000,41617.8
5951,1000,4.6468,6,0.12,,1,0,3,1.118,0,0,0,0.009009,0.487822,1.978662,5951000,41625.8
5952,1000,5.3219,6,0.12,,1,0,2,0.866,0,0,0,0.009274,0.251345,1.662561,5952000,41633.6
5953,1000,47.0685,7,0.14,,1,0,3,1.0897,0,0,0,0.00954,0.366567,1.08156,5953000,41641.6
5954,1000,153.899,14,0.28,,1,0,5,2.0616,1,13,0,0.009927,0.234782,2.057149,5954000,41649.8
5955,1000,109.2719,11,0.22,,1,0,5,1.7854,1,0,0,0.010247,0.699156,1.547707,5955000,41657.5
5956,1000,26.4733,7,0.14,,1,0,3,1.299,0,0,0,0.010313,0.535994,2.417637,5956000,41665.4
5957,1000,116.8307,12,0.24,,1,0,5,1.8708,1,0,0,0.010355,0.338065,1.650441,5957000,41673.5
5958,1000,153.3756,14,0.28,,1,0,5,2.0616,1,142,0,0.010572,0.413232,3.000949,5958000,41681.4
5959,1000,147.2849,13,0.26,,1,0,5,2.0463,2,13,0,0.010365,0.295497,1.774843,5959000,41689.4
5960,1000,152.8349,15,0.3,,1,0,5,2.1651,1,160,0,0.010183,0.60491,1.368742,5960000,41697.6
5961,1000,143.1086,13,0.26,,1,0,5,2.0463,1,102,0,0.010221,1.018251,2.13596,5961000,41705.5
5962,1000,35.9978,8,0.16,,1,0,4,1.4142,0,0,0,0.010205,0.276756,2.517769,5962000,41713.4
5963,1000,97.2317,12,0.24,,1,0,5,1.8708,0,219,0,0.010434,0.890996,2.332223,5963000,41721.6
5964,1000,81.9695,12,0.24,,1,0,4,1.7321,0,0,0,0.010264,0.266185,1.287508,5964000,41729.9
5965,1000,153.6484,14,0.28,,1,0,5,2.0616,1,0,0,0.009855,0.342596,2.112619,5965000,41737.7
5966,1000,137.6101,14,0.28,,1,0,5,2.0616,1,0,0,0.00997,0.350027,0.914111,5966000,41745.7
5967,1000,37.752,8,0.16,,1,0,4,1.5811,0,0,0,0.00966,0.237784,2.838483,5967000,41753.7
5968,1000,128.5401,15,0.3,,1,0,5,2.1651,0,242,0,0.009722,0.61475,2.538657,5968000,41761.5
5969,1000,200.84,15,0.3,,1,0,5,2.1651,2,29,0,0.010081,1.73851,2.469134,5969000,41769.5
5970,1000,132.9614,13,0.26,,1,0,5,1.9203,1,0,0,0.01047,0.362029,1.823143,5970000,41777.4
5971,1000,126.267,15,0.3,,1,0,5,2.1651,0,653,0,0.010019,0.494036,1.5537,5971000,41785.0
5972,1000,162.9044,14,0.28,,1,0,5,2.0616,1,69,0,0.009997,0.301868,1.688085,5972000,41793.4
5973,1000,18.3694,4,0.08,,2,0,2,1.0,0,0,0,0.010319,0.393507,1.16784,5973000,41801.4
5974,1000,-33.6003,0,0.0,,4,0,0,0.0,0,0,0,0.011029,2.185588,0.836805,5974000,41809.3
5975,1000,127.7383,13,0.26,,1,0,5,2.0463,1,0,0,0.010811,1.453583,-0.394145,5975000,41817.3
5976,1000,128.8135,14,0.28,,1,0,5,2.0616,1,0,0,0.010861,0.263435,1.949338,5976000,41825.4
5977,1000,2.5103,3,0.06,,1,0,1,0.433,0,0,0,0.010771,0.700289,0.76279,5977000,41833.7
5978,1000,4.035,2,0.04,,2,0,1,0.5,0,0,0,0.011083,0.319407,1.108617,5978000,41841.9
5979,1000,66.885,10,0.2,,1,0,4,1.6583,0,64,0,0.011059,2.761113,0.570004,5979000,41850.2
5980,1000,121.0667,12,0.24,,1,0,5,2.1213,1,4,0,0.011156,0.568224,2.32026,5980000,41858.2
5981,1000,158.7466,14,0.28,,1,0,5,2.0616,1,0,0,0.011211,0.450626,1.29642,5981000,41866.2
5982,1000,121.7014,14,0.28,,1,0,5,2.0616,0,125,0,0.011516,0.821956,1.140812,5982000,41874.5
5983,1000,24.4072,9,0.18,,1,0,5,1.9203,0,2,0,0.011593,0.412272,1.375105,5983000,41882.7
5984,1000,137.4664,14,0.28,,1,0,5,2.0616,1,98,0,0.01181,0.433758,0.729795,5984000,41891.0
5985,1000,7.2369,7,0.14,,1,0,3,1.299,0,0,0,0.011574,0.725847,1.090381,5985000,41898.9
5986,1000,36.8854,9,0.18,,1,0,4,1.479,0,0,0,0.011592,0.372189,1.713385,5986000,41907.2
5987,1000,100.0066,13,0.26,,1,0,5,1.9203,0,0,0,0.011296,0.312853,1.00312,5987000,41915.8
5988,1000,66.1984,9,0.18,,1,0,5,1.7854,0,0,0,0.011532,0.905987,1.859572,5988000,41924.1
5989,1000,47.503,7,0.14,,1,0,3,1.0897,0,285,0,0.011657,0.297745,1.558105,5989000,41932.1
5990,1000,102.7106,10,0.2,,1,0,5,1.8028,1,35,0,0.011716,0.440923,2.147526,5990000,41940.3
5991,1000,84.5262,13,0.26,,1,0,5,2.0463,0,486,0,0.011681,0.439482,2.490903,5991000,41948.5
5992,1000,75.5417,11,0.22,,1,0,5,1.7854,1,0,0,0.011525,0.572056,2.116498,5992000,41956.6
5993,1000,33.0552,5,0.1,,1,0,2,0.8292,0,0,0,0.011946,0.34168,2.721794,5993000,41964.8
5994,1000,-5.3044,6,0.12,,1,0,3,1.118,0,0,0,0.012564,0.273448,2.566954,5994000,41972.7
5995,1000,19.5936,6,0.12,,1,0,3,1.118,0,0,0,0.012438,0.417201,3.412255,5995000,41980.6
5996,1000,127.0707,14,0.28,,1,0,5,2.0616,0,27,0,0.012227,0.528598,2.133477,5996000,41989.0
5997,1000,127.235,15,0.3,,1,0,5,2.1651,0,0,0,0.012264,1.782864,2.205148,5997000,41997.3
5998,1000,70.9296,9,0.18,,1,0,4,1.479,0,0,0,0.012484,0.566553,2.567047,5998000,42005.8
5999,1000,58.0697,9,0.18,,1,0,4,1.479,0,0,0,0.012633,0.444888,2.160784,5999000,42013.7
6000,1000,23.9054,6,0.12,,1,0,3,1.118,0,0,0,0.012972,0.33551,3.332163,6000000,42021.5
6001,1000,11.779,6,0.12,,1,0,4,1.5,0,0,0,0.013476,0.411459,1.745439,6001000,42029.6
6002,1000,14.4555,5,0.1,,1,0,2,0.8292,0,0,0,0.01358,0.598147,1.939802,6002000,42037.6
6003,1000,-3.2433,7,0.14,,1,0,4,1.479,0,40,0,0.014063,0.298308,2.152853,6003000,42045.9
6004,1000,69.4493,12,0.24,,1,0,5,1.8708,0,314,0,0.014288,5.768227,1.928722,6004000,42054.1
6005,1000,108.1038,13,0.26,,1,0,5,1.9203,0,0,0,0.014248,0.494596,1.17322,6005000,42062.1
6006,1000,93.0897,12,0.24,,1,0,5,1.8708,0,0,0,0.013946,0.287654,1.641406,6006000,42070.0
6007,1000,98.8253,12,0.24,,1,0,5,1.8708,0,1,0,0.013947,0.496642,1.060943,6007000,42078.0
6008,1000,34.5325,8,0.16,,1,0,3,1.2247,0,0,0,0.013599,0.466187,1.982866,6008000,42086.1
6009,1000,150.4809,14,0.28,,1,0,5,2.0616,1,0,0,0.013492,0.295546,2.531624,6009000,42094.6
6010,1000,46.7084,7,0.14,,1,0,3,1.0897,0,0,0,0.013762,0.332309,0.884924,6010000,42102.8
6011,1000,-4.9147,3,0.06,,2,0,2,0.8292,0,0,0,0.013966,0.446715,1.593852,6011000,42110.7
6012,1000,-7.8404,2,0.04,,2,0,1,0.5,0,0,0,0.013468,0.455026,2.232774,6012000,42118.7
6013,1000,118.5941,15,0.3,,1,0,5,2.1651,0,0,0,0.013083,0.404779,1.120217,6013000,42126.8
6014,1000,158.6572,14,0.28,,1,0,5,2.0616,1,25,0,0.013104,0.339122,1.228396,6014000,42134.9
6015,1000,33.0647,8,0.16,,1,0,4,1.5811,0,0,0,0.013133,0.794309,2.542238,6015000,42142.7
6016,1000,-15.1806,6,0.12,,1,0,2,0.866,0,0,0,0.013461,0.410951,2.230784,6016000,42150.7
6017,1000,14.7811,7,0.14,,1,0,4,1.479,0,0,0,0.01321,0.629559,2.780154,6017000,42158.9
6018,1000,34.621,7,0.14,,1,0,4,1.479,0,0,0,0.013473,0.604539,2.453078,6018000,42166.7
6019,1000,67.6455,11,0.22,,1,0,4,1.6394,0,0,0,0.01382,0.823283,2.356658,6019000,42174.5
6020,1000,29.0538,8,0.16,,1,0,4,1.5811,0,0,0,0.014189,0.504319,1.975739,6020000,42182.8
6021,1000,153.9733,14,0.28,,1,0,5,2.0616,1,0,0,0.013995,0.909479,2.357538,6021000,42190.7
6022,1000,56.7171,9,0.18,,1,0,4,1.479,0,1,0,0.013888,0.330957,2.510135,6022000,42198.8
6023,1000,103.7324,13,0.26,,1,0,5,1.9203,0,0,0,0.013707,0.742836,2.602203,6023000,42206.8
6024,1000,60.0894,10,0.2,,1,0,5,1.8028,0,22,0,0.013954,0.486952,1.825559,6024000,42214.8
6025,1000,72.8268,9,0.18,,1,0,3,1.299,0,0,0,0.014079,0.347055,1.7652,6025000,42222.6
6026,1000,56.1511,10,0.2,,1,0,4,1.5,0,0,0,0.014223,0.450847,2.28552,6026000,42230.7
6027,1000,63.7288,11,0.22,,1,0,4,1.6394,0,0,0,0.01426,0.442958,2.504155,6027000,42238.4
6028,1000,107.9393,14,0.28,,1,0,5,2.0616,0,7,0,0.014686,0.351692,3.402005,6028000,42246.4
6029,1000,59.6238,9,0.18,,1,0,4,1.479,0,1,0,0.014571,0.427286,1.864887,6029000,42254.3
6030,1000,1.6618,8,0.16,,1,0,4,1.4142,0,0,0,0.014901,0.613565,2.502815,6030000,42262.4
6031,1000,159.5265,15,0.3,,1,0,5,2.1651,1,240,0,0.015147,0.485872,2.720128,6031000,42270.1
6032,1000,125.9127,14,0.28,,1,0,5,2.0616,0,67,0,0.014838,0.727371,2.480851,6032000,42277.8
6033,1000,104.8129,13,0.26,,1,0,5,2.0463,0,7,0,0.014958,0.467524,1.570374,6033000,42285.4
6034,1000,114.4779,14,0.28,,1,0,5,2.0616,0,10,0,0.014567,0.63704,3.052364,6034000,42293.1
6035,1000,161.9233,15,0.3,,1,0,5,2.1651,1,62,0,0.014533,0.662513,1.982504,6035000,42300.7
6036,1000,91.5317,13,0.26,,1,0,5,1.9203,0,2,0,0.014125,0.582455,1.529941,6036000,42308.5
6037,1000,160.7579,15,0.3,,1,0,5,2.1651,1,0,0,0.014628,1.529992,1.869547,6037000,42316.2
6038,1000,138.2941,14,0.28,,1,0,5,2.0616,1,4,0,0.014632,0.339993,2.211514,6038000,42324.1
6039,1000,45.9708,7,0.14,,1,0,5,1.9203,0,0,0,0.015128,0.431687,2.39004,6039000,42331.8
6040,1000,60.251,9,0.18,,1,0,3,1.299,0,444,0,0.015427,0.5272,2.614588,6040000,42339.6
6041,1000,121.8051,14,0.28,,1,0,5,2.0616,0,41,0,0.015662,0.554973,1.992564,6041000,42347.7
6042,1000,90.4129,12,0.24,,1,0,4,1.7321,0,115,0,0.015447,0.38475,2.111422,6042000,42355.8
6043,1000,105.6932,12,0.24,,1,0,5,1.8708,1,0,0,0.015441,0.476056,3.45968,6043000,42363.9
6044,1000,76.5037,11,0.22,,1,0,5,1.7854,0,83,0,0.015694,0.491381,3.143857,6044000,42372.2
6045,1000,86.6325,12,0.24,,1,0,5,1.8708,0,0,0,0.01547,0.691616,2.011956,6045000,42380.9
6046,1000,156.176,14,0.28,,1,0,5,2.0616,1,6,0,0.015162,0.454982,3.170529,6046000,42389.4
6047,1000,93.8771,11,0.22,,1,0,5,1.7854,0,0,0,0.014863,0.438192,3.336511,6047000,42397.4
6048,1000,121.2432,13,0.26,,1,0,5,2.0463,0,83,0,0.015106,0.610341,3.867006,6048000,42405.0
6049,1000,171.7677,16,0.32,,0,1,5,1.7321,1,0,0,0.015376,0.538105,1.883836,6049000,42412.7
6050,1000,136.4324,15,0.3,,1,0,5,2.1651,0,0,0,0.015524,2.730529,3.388965,6050000,42420.5
6051,1000,128.0106,14,0.28,,1,0,5,2.0616,1,0,0,0.015178,0.403467,2.894982,6051000,42428.6
6052,1000,115.5802,13,0.26,,1,0,5,2.0463,0,22,0,0.015352,0.408775,2.920387,6052000,42437.5
6053,1000,171.6965,14,0.28,,1,0,5,2.0616,2,21,0,0.014949,0.360857,2.447761,6053000,42446.5
6054,1000,103.4369,13,0.26,,1,0,5,1.9203,0,0,0,0.01535,0.333412,1.32651,6054000,42454.6
6055,1000,114.3523,11,0.22,,1,0,5,1.7854,1,0,0,0.015315,0.318733,3.464582,6055000,42462.8
6056,1000,153.9576,14,0.28,,1,0,5,2.0616,1,52,0,0.015,0.702271,2.507662,6056000,42470.7
6057,1000,70.1735,9,0.18,,1,0,5,1.7854,0,0,0,0.01527,0.663814,2.647063,6057000,42479.1
6058,1000,109.4445,14,0.28,,1,0,5,2.0616,0,317,0,0.015015,0.474947,2.720524,6058000,42487.1
6059,1000,156.4054,14,0.28,,1,0,5,2.0616,1,0,0,0.015622,0.748315,2.84763,6059000,42495.1
6060,1000,80.6863,11,0.22,,1,0,4,1.6394,0,65,0,0.015619,0.382342,2.644769,6060000,42503.3
6061,1000,176.1337,15,0.3,,1,0,5,2.1651,2,27,0,0.015692,0.978773,2.670412,6061000,42511.4
6062,1000,123.6917,14,0.28,,1,0,5,2.0616,0,88,0,0.015777,1.291002,2.389675,6062000,42519.3
6063,1000,176.7161,14,0.28,,1,0,5,2.0616,2,221,0,0.015918,0.450786,1.738135,6063000,42527.2
6064,1000,143.1059,13,0.26,,1,0,5,2.0463,1,0,0,0.015688,3.936472,1.899326,6064000,42535.1
6065,1000,166.431,15,0.3,,1,0,5,2.1651,1,0,0,0.015712,0.673116,1.69682,6065000,42543.2
6066,1000,161.5186,14,0.28,,1,0,5,2.0616,1,0,0,0.015639,0.974546,0.62837,6066000,42551.4
6067,1000,128.7532,14,0.28,,1,0,5,2.0616,0,21,0,0.015519,0.379947,2.188,6067000,42559.1
6068,1000,110.4967,12,0.24,,1,0,5,2.1213,0,0,0,0.015428,0.442168,2.116856,6068000,42566.9
6069,1000,117.0759,14,0.28,,1,0,5,2.0616,0,0,0,0.015352,1.202774,1.927064,6069000,42575.3
6070,1000,122.9459,14,0.28,,1,0,5,2.0616,0,158,0,0.015101,0.335792,2.374444,6070000,42583.2
6071,1000,55.3779,10,0.2,,1,0,4,1.6583,0,0,0,0.015091,0.712728,1.035737,6071000,42591.0
6072,1000,129.7079,14,0.28,,1,0,5,2.0616,0,14,0,0.015479,0.281364,2.538257,6072000,42598.9
6073,1000,101.4828,12,0.24,,1,0,5,1.8708,0,0,0,0.015379,0.726895,1.826034,6073000,42607.1
6074,1000,98.793,10,0.2,,1,0,5,1.8028,1,0,0,0.015254,0.608219,2.153491,6074000,42615.3
6075,1000,150.2083,14,0.28,,1,0,5,2.0616,1,47,0,0.014829,1.015559,2.347666,6075000,42623.6
6076,1000,159.1849,14,0.28,,1,0,5,2.0616,1,50,0,0.01474,0.504255,2.302476,6076000,42631.8
6077,1000,172.1876,15,0.3,,1,0,5,2.1651,1,12,0,0.014233,0.467726,3.773614,6077000,42640.0
6078,1000,121.3488,14,0.28,,1,0,5,2.0616,0,0,0,0.013976,2.256222,2.909266,6078000,42648.4
6079,1000,112.6726,14,0.28,,1,0,5,2.0616,0,25,0,0.013849,1.064586,3.030779,6079000,42656.5
6080,1000,35.0932,7,0.14,,1,0,4,1.479,0,0,0,0.013806,0.332198,3.7159,6080000,42664.5
6081,1000,86.8736,11,0.22,,1,0,5,1.9203,0,0,0,0.013893,0.396323,2.754905,6081000,42672.4
6082,1000,79.218,11,0.22,,1,0,5,1.9203,0,0,0,0.014166,0.613483,3.425061,6082000,42680.5
6083,1000,106.9324,12,0.24,,1,0,5,1.8708,0,76,0,0.014152,0.817264,2.881888,6083000,42688.3
6084,1000,123.164,14,0.28,,1,0,5,2.0616,0,7,0,0.014114,0.343571,3.634581,6084000,42696.2
6085,1000,141.614,13,0.26,,1,0,5,1.9203,1,0,0,0.013829,0.444228,2.986551,6085000,42704.0
6086,1000,161.6442,15,0.3,,0,1,6,1.7854,1,0,0,0.013732,0.691408,2.650907,6086000,42711.8
6087,1000,115.8736,13,0.26,,1,0,5,1.9203,0,0,0,0.013582,0.25478,3.124733,6087000,42719.5
6088,1000,41.4679,7,0.14,,1,0,3,1.0897,0,0,0,0.01364,0.355772,2.98708,6088000,42727.5
6089,1000,58.9391,9,0.18,,1,0,4,1.7854,0,0,0,0.013546,0.612429,2.855319,6089000,42735.8
6090,1000,75.3682,9,0.18,,1,0,5,1.9203,1,0,0,0.013791,1.040852,1.958902,6090000,42744.1
6091,1000,67.1774,11,0.22,,1,0,4,1.6394,0,69,0,0.01384,0.738343,3.38633,6091000,42752.3
6092,1000,129.6929,15,0.3,,0,1,5,1.6394,0,268,0,0.013636,0.437691,2.814075,6092000,42760.2
6093,1000,100.3523,12,0.24,,1,0,5,1.8708,0,1,0,0.013607,1.180955,1.65843,6093000,42768.5
6094,1000,80.249,11,0.22,,1,0,4,1.6394,0,0,0,0.013434,0.31046,3.257203,6094000,42777.0
6095,1000,151.7642,14,0.28,,1,0,5,2.0616,1,12,0,0.013596,0.283276,2.298676,6095000,42785.3
6096,1000,8.0508,6,0.12,,2,0,4,1.6583,0,0,0,0.013468,0.29214,4.194378,6096000,42793.6
6097,1000,7.5901,7,0.14,,2,0,4,1.7854,0,0,0,0.014009,0.828691,3.366333,6097000,42801.8
6098,1000,42.1752,8,0.16,,1,0,4,1.5811,0,0,0,0.014237,0.282464,4.126042,6098000,42810.0
6099,1000,59.1162,9,0.18,,1,0,4,1.7854,0,0,0,0.014118,0.329493,4.02935,6099000,42818.0
6100,1000,38.6974,10,0.2,,1,0,4,1.5,0,0,0,0.013635,0.570541,3.384834,6100000,42826.0
6101,1000,43.7457,9,0.18,,1,0,4,1.479,0,0,0,0.013276,0.427965,3.124171,6101000,42834.3
6102,1000,46.6685,6,0.12,,2,0,5,2.0616,1,0,0,0.013294,0.704818,3.874892,6102000,42842.6
6103,1000,137.3553,15,0.3,,1,0,5,2.1651,0,35,0,0.013247,0.398774,2.451042,6103000,42851.0
6104,1000,131.9237,12,0.24,,1,0,5,1.8708,1,189,0,0.012942,0.334215,3.007966,6104000,42859.1
6105,1000,102.2819,12,0.24,,1,0,5,1.8708,0,3,0,0.012655,0.487468,3.113054,6105000,42867.2
6106,1000,119.1278,14,0.28,,1,0,5,2.0616,0,137,0,0.012422,0.341895,3.247219,6106000,42875.2
6107,1000,28.8517,8,0.16,,1,0,4,1.4142,0,0,0,0.012651,0.254331,3.66354,6107000,42883.4
6108,1000,152.7556,14,0.28,,1,0,5,2.0616,1,1,0,0.012544,0.300055,3.383738,6108000,42891.3
6109,1000,51.7788,10,0.2,,1,0,4,1.5,0,0,0,0.01295,0.397241,2.624312,6109000,42899.3
6110,1000,96.2094,13,0.26,,1,0,5,1.9203,0,578,0,0.013211,0.587489,3.236724,6110000,42907.4
6111,1000,164.528,15,0.3,,1,0,5,2.1651,1,7,0,0.012739,0.368213,2.755115,6111000,42915.3
6112,1000,152.4172,15,0.3,,0,1,5,1.6394,2,71,0,0.01242,0.605514,3.000703,6112000,42923.1
6113,1000,179.4691,15,0.3,,1,0,5,2.1651,2,23,0,0.012768,0.505623,3.720126,6113000,42930.7
6114,1000,139.0657,14,0.28,,1,0,5,2.0616,1,113,0,0.012748,0.249169,3.637986,6114000,42938.6
6115,1000,129.3961,14,0.28,,1,0,5,2.0616,0,48,0,0.012511,0.515478,2.559731,6115000,42946.3
6116,1000,78.899,11,0.22,,1,0,4,1.6394,0,536,0,0.012236,0.428088,2.030592,6116000,42954.4
6117,1000,150.2021,14,0.28,,1,0,5,2.0616,1,114,0,0.012159,0.471687,2.46829,6117000,42962.3
6118,1000,183.209,14,0.28,,1,0,5,2.0616,2,31,0,0.012038,0.30138,2.397024,6118000,42970.3
6119,1000,130.8186,15,0.3,,1,0,5,2.1651,0,337,0,0.01229,0.780932,1.531889,6119000,42978.3
6120,1000,125.8248,14,0.28,,1,0,5,2.0616,0,0,0,0.012186,0.360624,2.104267,6120000,42986.3
6121,1000,97.1313,12,0.24,,1,0,4,1.7321,0,145,0,0.012192,0.284954,2.410553,6121000,42994.4
6122,1000,61.4343,10,0.2,,1,0,5,2.0616,0,49,0,0.012199,0.283297,2.28679,6122000,43002.3
6123,1000,108.5345,14,0.28,,1,0,5,2.0616,0,229,0,0.011956,0.182823,2.610295,6123000,43010.9
6124,1000,137.7001,15,0.3,,1,0,5,2.1651,0,28,0,0.011869,0.250758,1.525866,6124000,43019.4
6125,1000,45.3932,8,0.16,,1,0,4,1.4142,0,0,0,0.01163,0.696624,2.149479,6125000,43028.0
6126,1000,132.8851,15,0.3,,1,0,5,2.1651,0,253,0,0.011705,0.294273,2.167193,6126000,43036.7
6127,1000,121.0211,15,0.3,,1,0,5,2.1651,0,656,0,0.011428,0.567025,3.133531,6127000,43045.1
6128,1000,167.2018,15,0.3,,1,0,5,2.1651,1,1,0,0.011525,0.33999,1.654327,6128000,43053.8
6129,1000,-6.6724,6,0.12,,1,0,2,0.866,0,0,0,0.011525,0.915995,2.963504,6129000,43062.4
6130,1000,119.7366,14,0.28,,1,0,5,2.0616,0,293,0,0.011328,0.47012,1.900366,6130000,43070.6
6131,1000,173.2968,15,0.3,,1,0,5,2.1651,2,20,0,0.010929,0.548359,1.515102,6131000,43079.8
6132,1000,85.6942,12,0.24,,1,0,5,1.8708,0,0,0,0.011078,0.339121,1.764105,6132000,43089.2
6133,1000,137.5043,13,0.26,,1,0,5,2.0463,1,0,0,0.011345,0.810866,1.359372,6133000,43098.5
6134,1000,117.5391,14,0.28,,1,0,5,2.0616,0,295,0,0.011249,0.438337,2.434153,6134000,43107.3
6135,1000,170.7895,14,0.28,,1,0,5,2.0616,2,0,0,0.011113,0.855463,2.610518,6135000,43115.2
6136,1000,154.7799,15,0.3,,1,0,5,2.1651,1,13,0,0.010955,0.274306,1.529366,6136000,43123.4
6137,1000,132.9886,14,0.28,,1,0,5,2.0616,0,41,0,0.010769,0.381565,1.970177,6137000,43131.6
6138,1000,146.2958,15,0.3,,1,0,5,2.1651,0,110,0,0.010697,0.936912,1.425638,6138000,43139.8
6139,1000,126.5021,15,0.3,,1,0,5,2.1651,0,34,0,0.010644,0.232611,2.250782,6139000,43148.0
6140,1000,144.7134,14,0.28,,1,0,5,2.0616,1,496,0,0.010239,0.769544,2.448296,6140000,43156.4
6141,1000,167.526,15,0.3,,1,0,5,2.1651,1,176,0,0.010149,0.319608,1.196933,6141000,43164.4
6142,1000,131.4596,13,0.26,,1,0,5,2.0463,1,0,0,0.010164,0.287183,2.699135,6142000,43172.3
6143,1000,117.7371,14,0.28,,1,0,5,2.0616,0,441,0,0.010142,0.411552,2.391879,6143000,43180.1
6144,1000,63.4996,10,0.2,,1,0,4,1.5,0,7,0,0.010032,0.331363,1.724847,6144000,43188.3
6145,1000,193.8498,15,0.3,,1,0,5,2.1651,2,0,0,0.009704,0.302265,1.529693,6145000,43196.2
6146,1000,123.9133,15,0.3,,1,0,5,2.1651,0,426,0,0.009717,0.370646,1.613081,6146000,43204.0
6147,1000,89.8744,12,0.24,,1,0,5,1.8708,0,4,0,0.010042,0.299547,1.514707,6147000,43212.1
6148,1000,209.0815,15,0.3,,1,0,5,2.1651,3,0,0,0.009858,0.284142,2.304165,6148000,43220.1
6149,1000,61.8367,11,0.22,,1,0,4,1.6394,0,17,0,0.009914,0.285079,1.544099,6149000,43228.2
6150,1000,117.2926,14,0.28,,1,0,5,2.0616,0,76,0,0.009891,0.321303,2.240665,6150000,43236.1
6151,1000,63.5963,9,0.18,,1,0,5,1.7854,0,0,0,0.010039,0.387948,2.663871,6151000,43243.9
6152,1000,58.5487,8,0.16,,1,0,3,1.2247,0,0,0,0.01072,0.334037,2.863852,6152000,43251.9
6153,1000,64.7104,9,0.18,,1,0,4,1.479,0,44,0,0.010842,0.657026,1.419081,6153000,43259.8
6154,1000,-3.7695,6,0.12,,0,1,2,0.5,0,0,0,0.010861,0.391867,1.893187,6154000,43268.0
6155,1000,-27.6238,4,0.08,,2,0,3,1.2247,0,0,0,0.011073,0.372687,1.059354,6155000,43275.8
6156,1000,80.887,10,0.2,,1,0,4,1.6583,0,182,0,0.011184,0.538336,1.309904,6156000,43283.5
6157,1000,-14.6032,5,0.1,,2,0,3,1.299,0,0,0,0.011231,0.312529,1.501122,6157000,43291.7
6158,1000,22.5144,7,0.14,,1,0,3,1.0897,0,2,0,0.011406,0.741194,1.656818,6158000,43299.8
6159,1000,62.6691,9,0.18,,1,0,4,1.7854,0,0,0,0.011869,0.341263,0.638667,6159000,43308.2
6160,1000,59.6391,9,0.18,,1,0,4,1.479,0,0,0,0.012008,0.471962,2.186952,6160000,43316.5
6161,1000,21.1997,8,0.16,,1,0,5,1.8708,0,0,0,0.012154,0.417988,1.292415,6161000,43325.2
6162,1000,37.2005,7,0.14,,1,0,3,1.0897,0,0,0,0.012045,0.339358,2.035957,6162000,43334.0
6163,1000,87.0286,11,0.22,,1,0,5,1.9203,0,0,0,0.012167,0.35387,1.794599,6163000,43342.3
6164,1000,57.2916,10,0.2,,1,0,5,1.8028,0,0,0,0.012705,0.353293,1.747931,6164000,43350.5
6165,1000,100.5149,13,0.26,,1,0,5,1.9203,0,0,0,0.012775,0.523109,0.317666,6165000,43358.4
6166,1000,121.9658,11,0.22,,1,0,5,1.7854,1,0,0,0.013141,0.30305,2.725144,6166000,43366.5
6167,1000,62.9589,8,0.16,,1,0,3,1.2247,0,0,0,0.013036,0.398733,1.099918,6167000,43375.0
6168,1000,0.9616,4,0.08,,1,0,2,0.7071,0,0,0,0.013134,2.505447,1.606632,6168000,43383.4
6169,1000,83.4222,12,0.24,,1,0,5,2.1213,0,0,0,0.013131,0.683747,1.624923,6169000,43391.4
6170,1000,42.0374,7,0.14,,1,0,4,1.479,0,0,0,0.013842,0.840357,2.695976,6170000,43400.1
6171,1000,119.8377,13,0.26,,1,0,5,2.0463,1,0,0,0.013606,0.431607,2.247516,6171000,43408.4
6172,1000,2.9837,6,0.12,,1,0,3,1.118,0,0,0,0.014339,0.614584,1.970586,6172000,43416.3
6173,1000,11.7375,7,0.14,,1,0,3,1.299,0,0,0,0.014611,0.439636,0.949671,6173000,43424.6
6174,1000,38.4224,10,0.2,,1,0,5,1.8028,0,0,0,0.01476,0.584667,1.566322,6174000,43432.6
6175,1000,58.3245,8,0.16,,1,0,4,1.4142,0,7,0,0.015023,0.860298,1.702915,6175000,43440.5
6176,1000,38.4439,7,0.14,,1,0,3,1.0897,0,0,0,0.015074,5.880454,2.119369,6176000,43448.8
6177,1000,38.364,8,0.16,,1,0,3,1.2247,0,0,0,0.014958,0.43397,2.046913,6177000,43456.8
6178,1000,104.6015,13,0.26,,1,0,5,2.0463,0,0,0,0.015213,0.288097,3.470202,6178000,43464.6
6179,1000,138.4795,13,0.26,,1,0,5,1.9203,1,0,0,0.01525,0.479034,2.298602,6179000,43473.4
6180,1000,111.5052,12,0.24,,1,0,5,1.8708,1,0,0,0.015219,0.382741,1.891844,6180000,43481.7
6181,1000,113.5488,13,0.26,,1,0,5,1.9203,0,11,0,0.015004,0.474711,2.727299,6181000,43489.9
6182,1000,92.1061,13,0.26,,1,0,5,1.9203,0,460,0,0.014644,0.721962,1.861502,6182000,43498.3
6183,1000,95.3095,13,0.26,,1,0,5,2.0463,0,686,0,0.014418,0.374778,3.574537,6183000,43506.2
6184,1000,-11.2608,6,0.12,,1,0,3,1.118,0,0,0,0.014797,1.147939,2.560674,6184000,43514.1
6185,1000,47.8296,9,0.18,,1,0,3,1.299,0,0,0,0.014876,0.290078,3.16591,6185000,43522.2
6186,1000,124.6938,14,0.28,,1,0,5,2.0616,0,115,0,0.014629,0.335992,1.283655,6186000,43530.6
6187,1000,64.6213,9,0.18,,1,0,5,1.7854,0,0,0,0.014577,0.366112,2.256509,6187000,43538.5
6188,1000,28.3166,7,0.14,,1,0,4,1.479,0,0,0,0.014619,0.358932,2.103223,6188000,43546.8
6189,1000,-16.9901,5,0.1,,1,0,3,1.0897,0,0,0,0.014926,1.380836,2.08513,6189000,43554.8
6190,1000,131.3586,15,0.3,,1,0,5,2.1651,0,36,0,0.014677,0.534675,2.972553,6190000,43562.7
6191,1000,132.3232,15,0.3,,1,0,5,2.1651,0,94,0,0.014423,0.338172,2.209826,6191000,43570.5
6192,1000,204.5418,15,0.3,,1,0,5,2.1651,2,59,0,0.014158,0.434285,3.206685,6192000,43578.3
6193,1000,127.1543,14,0.28,,1,0,5,2.0616,0,166,0,0.014018,0.336858,3.335648,6193000,43586.1
6194,1000,66.1928,10,0.2,,1,0,4,1.5,0,0,0,0.014448,2.683835,2.94559,6194000,43594.1
6195,1000,90.8672,13,0.26,,1,0,5,1.9203,0,552,0,0.014434,0.414397,2.989445,6195000,43602.2
6196,1000,162.2918,14,0.28,,1,0,5,2.0616,1,59,0,0.014028,0.380859,3.679184,6196000,43610.0
6197,1000,155.5548,15,0.3,,1,0,5,2.1651,1,137,0,0.014336,0.526889,2.617724,6197000,43618.1
6198,1000,77.2344,14,0.28,,1,0,5,2.0616,0,1796,0,0.014481,0.429376,2.508929,6198000,43626.0
6199,1000,96.6995,12,0.24,,1,0,5,1.8708,0,304,0,0.014247,0.450309,2.553787,6199000,43634.1
6200,1000,144.4179,13,0.26,,1,0,5,1.9203,1,0,0,0.013967,0.232798,2.880537,6200000,43642.6
6201,1000,59.7685,8,0.16,,1,0,4,1.5811,0,51,0,0.013751,0.440387,3.236296,6201000,43650.9
6202,1000,38.3971,8,0.16,,1,0,3,1.2247,0,0,0,0.013517,2.186899,2.842565,6202000,43659.3
6203,1000,138.4541,14,0.28,,1,0,5,2.0616,1,0,0,0.01349,0.485444,2.822768,6203000,43667.4
6204,1000,109.9991,13,0.26,,1,0,5,1.9203,0,73,0,0.013493,0.637646,3.072728,6204000,43675.5
6205,1000,134.3465,15,0.3,,1,0,5,2.1651,0,1,0,0.013108,0.590496,2.136547,6205000,43683.7
6206,1000,158.5986,14,0.28,,1,0,5,2.0616,1,0,0,0.012998,1.183678,3.423373,6206000,43691.5
6207,1000,92.653,11,0.22,,1,0,5,1.7854,0,0,0,0.013063,0.389792,2.558379,6207000,43699.4
6208,1000,142.6115,15,0.3,,1,0,5,2.1651,0,3,0,0.013133,0.418858,2.789326,6208000,43707.8
6209,1000,-20.6747,4,0.08,,1,0,2,0.7071,0,0,0,0.013162,0.409963,2.254155,6209000,43716.2
6210,1000,42.352,9,0.18,,1,0,4,1.479,0,0,0,0.013416,0.386362,2.137034,6210000,43724.5
6211,1000,79.2585,10,0.2,,1,0,5,1.8028,0,2,0,0.013582,1.973558,2.622095,6211000,43732.4
6212,1000,133.8748,15,0.3,,1,0,5,2.1651,0,54,0,0.013326,0.586605,2.639205,6212000,43740.2
6213,1000,91.7521,12,0.24,,1,0,5,1.8708,0,19,0,0.013422,0.490739,2.182725,6213000,43748.0
6214,1000,154.9212,14,0.28,,1,0,5,2.0616,1,40,0,0.013307,0.553223,1.913819,6214000,43755.8
6215,1000,50.4891,9,0.18,,1,0,4,1.479,0,0,0,0.013194,0.427343,2.877045,6215000,43764.2
6216,1000,150.8377,15,0.3,,1,0,5,2.1651,1,122,0,0.013387,0.887469,2.335602,6216000,43772.4
6217,1000,-9.1937,5,0.1,,1,0,3,1.0897,0,0,0,0.013639,0.378405,2.344235,6217000,43780.3
6218,1000,96.1546,11,0.22,,1,0,5,2.2776,0,0,0,0.013898,0.363427,2.550752,6218000,43788.2
6219,1000,166.2382,14,0.28,,1,0,5,2.0616,2,65,0,0.014138,0.561225,2.023145,6219000,43795.9
6220,1000,22.2964,6,0.12,,1,0,3,1.118,0,0,0,0.014182,0.367044,1.82251,6220000,43803.6
6221,1000,124.9933,14,0.28,,1,0,5,2.0616,0,132,0,0.014045,1.703156,2.548753,6221000,43811.3
6222,1000,-9.5826,4,0.08,,2,0,3,1.2247,0,0,0,0.013803,0.341247,3.244317,6222000,43819.3
6223,1000,44.1691,8,0.16,,1,0,4,1.5811,0,0,0,0.014149,0.408762,1.933324,6223000,43827.7
6224,1000,138.1641,14,0.28,,1,0,5,2.0616,1,0,0,0.01449,0.46687,2.136726,6224000,43835.7
6225,1000,102.3196,14,0.28,,1,0,5,2.0616,0,1,0,0.014126,0.493137,1.913404,6225000,43843.7
6226,1000,134.2027,15,0.3,,1,0,5,2.1651,0,41,0,0.013965,0.44136,2.781662,6226000,43851.4
6227,1000,170.0052,15,0.3,,1,0,5,2.1651,1,0,0,0.013815,0.339505,3.667404,6227000,43859.2
6228,1000,123.9074,14,0.28,,1,0,5,2.0616,0,89,0,0.014003,0.600526,3.132476,6228000,43867.5
6229,1000,120.3799,14,0.28,,1,0,5,2.0616,0,46,0,0.01374,0.333907,2.204304,6229000,43875.8
6230,1000,8.0724,4,0.08,,2,0,2,1.0,0,0,0,0.013712,0.405129,2.029096,6230000,43884.0
6231,1000,122.0786,14,0.28,,1,0,5,2.0616,0,95,0,0.013869,0.470952,2.470926,6231000,43891.8
6232,1000,27.7385,6,0.12,,1,0,4,1.5,0,0,0,0.013821,0.465542,2.462144,6232000,43899.7
6233,1000,5.8977,5,0.1,,2,0,3,1.299,0,0,0,0.014329,0.353213,2.957584,6233000,43907.9
6234,1000,130.6995,15,0.3,,1,0,5,2.1651,0,0,0,0.014376,0.356109,3.097023,6234000,43915.8
6235,1000,81.6774,11,0.22,,1,0,5,1.9203,0,0,0,0.014831,0.458311,2.718495,6235000,43923.6
6236,1000,25.382,6,0.12,,1,0,3,1.118,0,0,0,0.015027,0.499547,2.029672,6236000,43932.2
6237,1000,122.3095,13,0.26,,1,0,5,2.0463,0,0,0,0.015441,1.673027,1.785351,6237000,43940.3
6238,1000,124.8287,12,0.24,,1,0,5,1.8708,1,9,0,0.015633,0.895926,1.853902,6238000,43948.1
6239,1000,133.8439,14,0.28,,1,0,5,2.0616,1,0,0,0.015384,2.34271,3.575292,6239000,43955.9
6240,1000,-12.2271,4,0.08,,2,0,3,1.2247,0,352,0,0.015366,1.855212,3.880211,6240000,43963.8
6241,1000,138.2523,15,0.3,,1,0,5,2.1651,0,8,0,0.015012,0.395683,3.312748,6241000,43971.6
6242,1000,153.0308,14,0.28,,1,0,5,2.0616,1,52,0,0.014765,0.53676,3.24311,6242000,43979.3
6243,1000,160.4524,15,0.3,,1,0,5,2.1651,1,7,0,0.015247,0.409766,2.168287,6243000,43987.2
6244,1000,156.0002,14,0.28,,0,1,5,1.5,1,0,0,0.015088,0.339309,3.602635,6244000,43995.4
6245,1000,114.9836,14,0.28,,1,0,5,2.0616,1,0,0,0.014641,0.587251,2.38609,6245000,44003.5
6246,1000,139.2897,13,0.26,,1,0,5,2.0463,1,0,0,0.014741,0.839012,2.561944,6246000,44011.5
6247,1000,147.3587,14,0.28,,1,0,5,2.0616,1,298,0,0.014779,0.417734,3.237829,6247000,44019.5
6248,1000,140.6314,14,0.28,,1,0,5,2.0616,1,0,0,0.014453,0.483909,1.555958,6248000,44027.5
6249,1000,119.9852,14,0.28,,1,0,5,2.0616,0,132,0,0.014187,0.459245,3.006941,6249000,44035.6
6250,1000,118.1355,15,0.3,,1,0,5,2.1651,0,136,0,0.014404,0.439357,1.894944,6250000,44044.0
6251,1000,151.9915,15,0.3,,1,0,5,2.1651,1,55,0,0.014188,0.369368,2.517058,6251000,44052.5
6252,1000,194.7234,14,0.28,,1,0,5,2.0616,2,2,0,0.013907,0.51439,2.534652,6252000,44060.8
6253,1000,132.3857,15,0.3,,1,0,5,2.1651,0,382,0,0.013983,0.621839,2.199749,6253000,44069.3
6254,1000,109.517,13,0.26,,1,0,5,1.9203,0,4,0,0.013539,0.340869,2.398476,6254000,44077.8
6255,1000,150.7437,13,0.26,,1,0,5,2.0463,1,0,0,0.013153,0.319305,2.946013,6255000,44085.8
6256,1000,109.7329,14,0.28,,1,0,5,2.0616,0,650,0,0.012984,0.607993,3.411279,6256000,44093.6
6257,1000,85.8835,12,0.24,,1,0,5,1.8708,0,0,0,0.012778,0.281575,3.181041,6257000,44101.5
6258,1000,94.6351,13,0.26,,1,0,5,1.9203,0,0,0,0.012839,0.256618,2.968165,6258000,44109.5
6259,1000,164.3482,15,0.3,,1,0,5,2.1651,1,65,0,0.012883,1.060095,1.358646,6259000,44117.6
6260,1000,151.6072,15,0.3,,1,0,5,2.1651,2,0,0,0.012751,0.334361,1.904521,6260000,44125.7
6261,1000,189.7343,14,0.28,,1,0,5,2.0616,2,4,0,0.012239,0.686631,3.205214,6261000,44134.4
6262,1000,116.8249,14,0.28,,1,0,5,2.0616,0,140,0,0.012028,0.330436,1.987736,6262000,44142.7
6263,1000,75.3331,10,0.2,,1,0,4,1.5,0,0,0,0.012011,0.604606,2.932682,6263000,44150.7
6264,1000,130.5683,13,0.26,,1,0,5,2.0463,1,198,0,0.011507,0.266376,2.825251,6264000,44159.2
6265,1000,155.5912,14,0.28,,1,0,5,2.0616,1,26,0,0.011353,0.415336,1.654351,6265000,44167.7
6266,1000,163.1706,15,0.3,,0,1,5,1.6394,1,72,0,0.011079,0.409344,1.792581,6266000,44175.9
6267,1000,105.5647,12,0.24,,1,0,5,1.8708,0,30,0,0.011224,0.298622,1.999274,6267000,44183.6
6268,1000,119.9439,14,0.28,,1,0,5,2.0616,0,27,0,0.011172,0.296867,2.532333,6268000,44191.2
6269,1000,131.3259,14,0.28,,1,0,5,2.0616,1,281,0,0.010985,0.479545,1.91704,6269000,44199.3
6270,1000,113.0058,13,0.26,,1,0,5,1.9203,0,125,0,0.010867,0.455099,1.509001,6270000,44207.4
6271,1000,113.3305,14,0.28,,1,0,5,2.0616,0,393,0,0.010609,0.714138,2.587178,6271000,44215.9
6272,1000,137.1203,13,0.26,,1,0,5,1.9203,1,139,0,0.01033,0.366062,2.262527,6272000,44224.1
6273,1000,161.9133,14,0.28,,1,0,5,2.0616,1,188,0,0.010083,0.247487,2.545602,6273000,44232.2
6274,1000,184.2314,14,0.28,,1,0,5,2.0616,2,0,0,0.010052,0.308575,1.447098,6274000,44240.1
6275,1000,131.8485,15,0.3,,1,0,5,2.1651,0,30,0,0.009762,0.240328,1.392708,6275000,44247.8
6276,1000,50.2112,8,0.16,,1,0,3,1.2247,0,146,0,0.010026,0.610987,1.176647,6276000,44255.8
6277,1000,127.8642,14,0.28,,1,0,5,2.0616,0,137,0,0.010203,0.311195,2.124228,6277000,44263.7
6278,1000,148.5685,14,0.28,,1,0,5,2.0616,1,166,0,0.009953,1.53698,1.667273,6278000,44271.8
6279,1000,56.2412,9,0.18,,1,0,4,1.479,0,12,0,0.010008,0.261164,2.08602,6279000,44280.0
6280,1000,58.0196,8,0.16,,1,0,4,1.4142,0,0,0,0.010135,0.5254,1.739463,6280000,44288.0
6281,1000,149.4134,14,0.28,,1,0,5,2.0616,1,76,0,0.010287,0.743857,2.265307,6281000,44296.0
6282,1000,158.2804,15,0.3,,1,0,5,2.1651,1,16,0,0.010182,0.632751,2.882191,6282000,44304.6
6283,1000,179.2419,14,0.28,,1,0,5,2.0616,2,9,0,0.010063,0.331812,1.920767,6283000,44313.2
6284,1000,39.4871,6,0.12,,1,0,3,1.118,0,14,0,0.010046,0.523238,1.796337,6284000,44321.4
6285,1000,75.4596,10,0.2,,1,0,4,1.5,0,45,0,0.010046,0.275527,2.456399,6285000,44329.4
6286,1000,185.8171,14,0.28,,1,0,5,2.0616,2,48,0,0.009942,0.273695,1.518467,6286000,44337.3
6287,1000,3.921,5,0.1,,1,0,2,0.8292,0,0,0,0.010151,1.36357,2.408307,6287000,44345.1
6288,1000,111.7631,14,0.28,,1,0,5,2.0616,0,100,0,0.010513,0.242049,1.517043,6288000,44353.1
6289,1000,140.7998,14,0.28,,1,0,5,2.0616,1,0,0,0.010076,0.251685,2.073065,6289000,44361.1
6290,1000,184.068,14,0.28,,1,0,5,2.0616,2,0,0,0.010067,0.408547,0.512245,6290000,44369.1
6291,1000,114.3877,13,0.26,,1,0,5,1.9203,0,37,0,0.01009,0.43855,1.536105,6291000,44377.2
6292,1000,157.2212,14,0.28,,1,0,5,2.0616,1,212,0,0.010006,0.203902,1.890115,6292000,44385.5
6293,1000,62.1906,10,0.2,,1,0,4,1.6583,0,0,0,0.010184,0.313519,1.939234,6293000,44393.4
6294,1000,169.6234,14,0.28,,1,0,5,2.0616,2,0,0,0.010204,0.447899,2.251351,6294000,44401.3
6295,1000,154.0022,14,0.28,,1,0,5,2.0616,1,30,0,0.010313,0.256711,0.770229,6295000,44409.2
6296,1000,-3.4762,7,0.14,,1,0,3,1.299,0,0,0,0.010371,0.302234,0.788455,6296000,44417.1
6297,1000,102.3594,12,0.24,,1,0,5,2.1213,0,0,0,0.010398,0.428272,1.527858,6297000,44425.4
6298,1000,25.5293,6,0.12,,1,0,3,1.118,0,0,0,0.010383,0.469749,0.889252,6298000,44433.7
6299,1000,19.6048,6,0.12,,1,0,3,1.118,0,22,0,0.010436,0.285271,1.927538,6299000,44441.6
6300,1000,33.3607,7,0.14,,1,0,3,1.0897,0,0,0,0.010528,0.405929,2.866194,6300000,44449.9
6301,1000,93.5413,11,0.22,,1,0,5,2.2776,0,28,0,0.010875,0.349449,2.101432,6301000,44458.6
6302,1000,43.7098,7,0.14,,1,0,3,1.0897,0,36,0,0.011228,0.399081,2.513104,6302000,44467.3
6303,1000,13.1195,6,0.12,,1,0,3,1.118,0,132,0,0.010835,0.378804,2.657143,6303000,44475.4
6304,1000,192.0148,15,0.3,,1,0,5,2.1651,2,0,0,0.011,0.332688,2.379123,6304000,44483.6
6305,1000,89.6684,12,0.24,,1,0,5,1.8708,0,93,0,0.011003,1.056138,1.170272,6305000,44491.6
6306,1000,56.672,12,0.24,,1,0,5,1.8708,0,0,0,0.011197,0.944057,1.990176,6306000,44499.6
6307,1000,78.9332,10,0.2,,1,0,4,1.6583,0,12,0,0.010983,0.274127,1.206874,6307000,44507.4
6308,1000,1.7837,5,0.1,,1,0,2,0.8292,0,0,0,0.011327,0.302789,2.573159,6308000,44515.2
6309,1000,158.0218,14,0.28,,1,0,5,2.0616,1,0,0,0.011135,0.396941,1.909335,6309000,44523.0
6310,1000,137.5691,15,0.3,,1,0,5,2.1651,0,4,0,0.010755,0.360447,1.851965,6310000,44530.9
6311,1000,120.9462,15,0.3,,1,0,5,2.1651,0,0,0,0.010604,0.274077,2.120145,6311000,44539.4
6312,1000,92.5059,12,0.24,,1,0,5,1.8708,0,0,0,0.010691,0.259205,2.263127,6312000,44547.7
6313,1000,116.5952,14,0.28,,1,0,5,2.0616,0,460,0,0.010739,0.595132,1.60039,6313000,44555.8
6314,1000,142.2993,15,0.3,,1,0,5,2.1651,0,31,0,0.010752,0.376869,0.598869,6314000,44563.7
6315,1000,130.471,14,0.28,,1,0,5,2.0616,0,69,0,0.01059,0.343923,1.478879,6315000,44572.1
6316,1000,19.1728,8,0.16,,1,0,3,1.2247,0,18,0,0.010708,0.269583,1.649434,6316000,44580.5
6317,1000,89.5002,14,0.28,,1,0,5,2.0616,0,367,0,0.010561,0.24949,2.243212,6317000,44589.0
6318,1000,167.5626,15,0.3,,1,0,5,2.1651,1,0,0,0.010268,0.234676,1.87167,6318000,44597.4
6319,1000,120.8911,14,0.28,,1,0,5,2.0616,0,6,0,0.010156,0.414447,1.536791,6319000,44605.8
6320,1000,-52.2121,6,0.12,,1,0,3,1.118,0,0,0,0.01037,0.234404,1.527533,6320000,44614.5
6321,1000,-33.6563,6,0.12,,1,0,3,1.118,0,0,0,0.010517,0.284538,2.243114,6321000,44623.0
6322,1000,73.6817,10,0.2,,1,0,4,1.5,0,0,0,0.010392,0.219866,2.197714,6322000,44631.1
6323,1000,-39.9898,5,0.1,,1,0,2,0.8292,0,0,0,0.010274,0.766135,1.850769,6323000,44639.1
6324,1000,64.6625,9,0.18,,1,0,4,1.479,0,8,0,0.010221,0.39888,2.43203,6324000,44647.1
6325,1000,22.9212,7,0.14,,1,0,3,1.0897,0,149,0,0.010641,0.272083,2.333199,6325000,44655.2
6326,1000,108.6336,14,0.28,,1,0,5,2.0616,0,154,0,0.010503,0.466736,2.710209,6326000,44663.3
6327,1000,142.7106,15,0.3,,1,0,5,2.1651,0,15,0,0.010648,0.443523,1.960615,6327000,44671.3
6328,1000,152.6915,14,0.28,,1,0,5,2.0616,1,6,0,0.010627,0.245903,3.630891,6328000,44679.6
6329,1000,117.3006,14,0.28,,1,0,5,2.0616,0,0,0,0.010593,0.344656,1.664665,6329000,44687.5
6330,1000,129.3012,14,0.28,,1,0,5,2.0616,1,0,0,0.010479,0.390309,2.080156,6330000,44695.7
6331,1000,119.3781,15,0.3,,1,0,5,2.1651,0,0,0,0.010303,0.256799,1.816363,6331000,44703.3
6332,1000,158.7257,15,0.3,,1,0,5,2.1651,2,427,0,0.010208,0.428097,3.145037,6332000,44711.6
6333,1000,40.9245,7,0.14,,0,1,3,0.8292,0,0,0,0.010013,0.514652,0.642358,6333000,44720.0
6334,1000,143.9722,14,0.28,,1,0,5,2.0616,1,5,0,0.010085,0.381132,1.793234,6334000,44728.4
6335,1000,98.8664,13,0.26,,1,0,5,2.0463,0,0,0,0.010345,0.324853,1.721022,6335000,44736.7
6336,1000,169.4045,14,0.28,,1,0,5,2.0616,2,0,0,0.009853,0.524724,3.144069,6336000,44744.9
6337,1000,142.2966,15,0.3,,1,0,5,2.1651,0,0,0,0.009715,0.362158,1.62921,6337000,44752.9
6338,1000,174.4977,15,0.3,,1,0,5,2.1651,1,0,0,0.009837,0.286063,1.595756,6338000,44760.8
6339,1000,127.2532,14,0.28,,1,0,5,2.0616,0,2,0,0.009832,0.330623,2.395492,6339000,44769.1
6340,1000,108.9001,14,0.28,,1,0,5,2.0616,0,43,0,0.009611,0.290928,1.727336,6340000,44776.8
6341,1000,129.8807,14,0.28,,1,0,5,2.0616,0,9,0,0.009532,0.424092,1.501411,6341000,44784.6
6342,1000,139.8197,14,0.28,,1,0,5,2.0616,1,212,0,0.00965,0.412631,1.849797,6342000,44792.4
6343,1000,102.5966,12,0.24,,1,0,5,1.8708,0,8,0,0.009961,0.335839,1.603451,6343000,44800.6
6344,1000,63.5807,9,0.18,,1,0,5,1.9203,0,0,0,0.01022,0.288427,1.829589,6344000,44808.7
6345,1000,145.2259,14,0.28,,1,0,5,2.0616,1,317,0,0.010322,0.207118,2.562628,6345000,44817.1
6346,1000,-1.8287,4,0.08,,2,0,2,1.0,0,0,0,0.010494,0.222079,1.596196,6346000,44825.4
6347,1000,30.2719,8,0.16,,1,0,4,1.5811,0,0,0,0.010737,0.309818,1.712891,6347000,44833.6
6348,1000,31.4182,6,0.12,,1,0,2,0.866,0,0,0,0.010597,0.368892,1.940912,6348000,44842.2
6349,1000,128.5616,15,0.3,,1,0,5,2.1651,0,0,0,0.010535,2.773839,0.893199,6349000,44850.2
6350,1000,44.9324,8,0.16,,1,0,3,1.2247,0,0,0,0.010737,0.328335,2.158639,6350000,44858.3
6351,1000,157.2753,14,0.28,,1,0,5,2.0616,1,4,0,0.010977,0.313358,2.209877,6351000,44866.5
6352,1000,140.835,14,0.28,,1,0,5,2.0616,1,0,0,0.010596,0.72562,2.363775,6352000,44874.8
6353,1000,51.2205,10,0.2,,1,0,5,1.8028,0,0,0,0.010764,0.417286,2.094862,6353000,44882.6
6354,1000,120.3834,14,0.28,,1,0,5,2.0616,0,27,0,0.010664,0.289949,2.156342,6354000,44890.6
6355,1000,147.3987,14,0.28,,1,0,5,2.0616,1,249,0,0.010685,0.317239,1.705409,6355000,44898.5
6356,1000,138.8373,15,0.3,,1,0,5,2.1651,0,1,0,0.010678,0.364239,2.040825,6356000,44906.8
6357,1000,149.444,14,0.28,,1,0,5,2.0616,1,104,0,0.010754,0.196934,1.952141,6357000,44914.8
6358,1000,127.9631,14,0.28,,1,0,5,2.0616,0,0,0,0.010455,0.243271,2.238901,6358000,44922.8
6359,1000,129.1632,13,0.26,,1,0,5,1.9203,1,0,0,0.010458,0.390251,1.145963,6359000,44930.9
6360,1000,-9.3864,2,0.04,,2,0,1,0.5,0,0,0,0.010592,0.401246,0.92196,6360000,44938.9
6361,1000,68.4462,10,0.2,,1,0,4,1.5,0,3,0,0.010815,0.294064,2.564631,6361000,44947.6
6362,1000,107.7164,12,0.24,,1,0,5,1.8708,1,85,0,0.011001,0.374999,2.183867,6362000,44956.0
6363,1000,144.9638,13,0.26,,0,1,5,1.479,1,17,0,0.010658,0.456932,1.960726,6363000,44964.3
6364,1000,124.6581,12,0.24,,1,0,5,1.8708,1,0,0,0.010618,0.209085,1.755738,6364000,44972.6
6365,1000,180.7893,14,0.28,,1,0,5,2.0616,2,52,0,0.010427,0.273293,1.662676,6365000,44981.4
6366,1000,108.0019,13,0.26,,1,0,5,1.9203,0,183,0,0.010372,0.490379,2.035788,6366000,44990.0
6367,1000,164.1867,15,0.3,,1,0,5,2.1651,1,0,0,0.010255,0.435422,1.878016,6367000,44998.0
6368,1000,189.191,15,0.3,,1,0,5,2.1651,2,0,0,0.010205,0.506105,3.064806,6368000,45005.9
6369,1000,148.3587,15,0.3,,1,0,5,2.1651,1,0,0,0.010375,0.272276,2.369308,6369000,45013.7
6370,1000,137.8746,14,0.28,,1,0,5,2.0616,1,6,0,0.010399,0.32838,2.614952,6370000,45021.6
6371,1000,163.8495,14,0.28,,1,0,5,2.0616,1,15,0,0.010302,0.365567,1.888534,6371000,45029.8
6372,1000,158.1697,14,0.28,,1,0,5,2.0616,1,15,0,0.010145,0.442923,1.632655,6372000,45037.7
6373,1000,134.9119,15,0.3,,1,0,5,2.1651,0,69,0,0.01024,0.347725,1.113053,6373000,45046.0
6374,1000,202.0511,15,0.3,,1,0,5,2.1651,2,83,0,0.010149,0.236146,2.902869,6374000,45054.1
6375,1000,185.4855,14,0.28,,1,0,5,2.0616,2,60,0,0.010012,0.247811,1.24185,6375000,45062.3
6376,1000,20.7539,7,0.14,,1,0,3,1.299,0,0,0,0.009808,1.015588,1.512072,6376000,45070.2
6377,1000,25.5329,5,0.1,,1,0,2,0.8292,0,0,0,0.009949,0.277427,1.355116,6377000,45078.1
6378,1000,123.4696,14,0.28,,1,0,5,2.0616,0,0,0,0.010174,0.20176,0.891077,6378000,45086.2
6379,1000,163.3792,14,0.28,,1,0,5,2.0616,1,24,0,0.010203,0.332389,1.476602,6379000,45094.1
6380,1000,114.504,15,0.3,,1,0,6,2.2776,1,406,0,0.009746,0.42671,1.974842,6380000,45102.0
6381,1000,127.4901,12,0.24,,1,0,5,1.8708,1,0,0,0.009947,0.315117,2.281643,6381000,45109.8
6382,1000,164.5498,14,0.28,,1,0,5,2.0616,2,259,0,0.009919,0.201467,1.85034,6382000,45117.9
6383,1000,121.4825,14,0.28,,1,0,5,2.0616,0,0,0,0.009845,0.369774,1.336544,6383000,45125.7
6384,1000,153.1972,14,0.28,,1,0,5,2.0616,1,175,0,0.009842,0.240618,1.936754,6384000,45133.7
6385,1000,150.5956,14,0.28,,1,0,5,2.0616,1,0,0,0.009532,0.25445,2.10404,6385000,45141.8
6386,1000,-4.1002,2,0.04,,2,0,1,0.5,0,0,0,0.009935,0.388811,1.880567,6386000,45150.4
6387,1000,-47.6547,0,0.0,,4,0,0,0.0,0,0,0,0.00997,0.280079,0.596332,6387000,45158.6
6388,1000,2.9735,6,0.12,,2,0,3,1.5,0,19,0,0.010182,0.340634,0.318489,6388000,45167.0
6389,1000,-30.5584,6,0.12,,2,0,3,1.5,0,20,0,0.010554,0.57017,1.23708,6389000,45175.0
6390,1000,-65.5083,1,0.02,,3,0,1,0.433,0,0,0,0.010899,0.387235,0.40155,6390000,45182.9
6391,1000,48.0302,8,0.16,,1,0,4,1.5811,0,0,0,0.011273,0.363711,0.953302,6391000,45190.8
6392,1000,-74.0077,1,0.02,,3,0,1,0.433,0,0,0,0.011216,0.273778,0.645977,6392000,45198.7
6393,1000,15.0178,4,0.08,,1,0,2,0.7071,0,0,0,0.011027,0.32774,1.641522,6393000,45206.5
6394,1000,172.159,15,0.3,,1,0,5,2.1651,1,0,0,0.01115,0.250512,0.594737,6394000,45214.6
6395,1000,55.6562,8,0.16,,1,0,5,1.8708,0,0,0,0.011169,0.428671,1.616436,6395000,45222.7
6396,1000,-17.7415,3,0.06,,2,0,2,0.8292,0,0,0,0.011382,0.530821,0.803493,6396000,45230.5
6397,1000,74.2781,13,0.26,,1,0,5,1.9203,0,0,0,0.01182,0.361139,1.844792,6397000,45238.3
6398,1000,85.3968,12,0.24,,1,0,5,1.8708,0,0,0,0.011784,0.524933,1.263812,6398000,45246.4
6399,1000,19.4652,4,0.08,,1,0,2,0.7071,0,0,0,0.011521,0.343248,0.713232,6399000,45254.4
6400,1000,24.1516,6,0.12,,1,0,2,0.866,0,0,0,0.011782,0.487736,1.801667,6400000,45262.3
6401,1000,27.6599,5,0.1,,2,0,3,1.299,0,0,0,0.012059,0.477967,1.535987,6401000,45270.2
6402,1000,101.2466,13,0.26,,1,0,5,1.9203,0,5,0,0.012058,0.39223,1.239848,6402000,45278.6
6403,1000,0.106,5,0.1,,1,0,2,0.8292,0,89,0,0.012037,0.340328,1.433692,6403000,45286.6
6404,1000,33.1613,7,0.14,,1,0,3,1.299,0,23,0,0.012427,0.389763,1.904226,6404000,45294.8
6405,1000,22.0781,7,0.14,,1,0,3,1.0897,0,0,0,0.012408,0.928738,1.162594,6405000,45302.8
6406,1000,23.5342,6,0.12,,2,0,3,1.5,0,0,0,0.012136,0.316107,1.19029,6406000,45311.0
6407,1000,108.7915,13,0.26,,1,0,5,1.9203,0,2,0,0.012064,0.324841,2.02816,6407000,45319.2
6408,1000,108.6241,14,0.28,,1,0,5,2.0616,0,47,0,0.012235,0.270974,2.116655,6408000,45327.2
6409,1000,174.4647,13,0.26,,1,0,5,2.0463,2,0,0,0.011961,0.32048,0.892981,6409000,45335.7
6410,1000,146.3564,13,0.26,,1,0,5,2.0463,2,0,0,0.011928,0.430921,1.778287,6410000,45344.4
6411,1000,81.8377,12,0.24,,1,0,5,1.8708,0,0,0,0.011891,0.408908,1.677254,6411000,45352.9
6412,1000,139.5893,14,0.28,,1,0,5,2.0616,1,41,0,0.011831,0.41957,1.642035,6412000,45360.7
6413,1000,141.1751,13,0.26,,1,0,5,2.0463,1,0,0,0.012176,0.285075,2.151134,6413000,45368.5
6414,1000,111.6634,13,0.26,,1,0,5,2.0463,0,133,0,0.012303,0.489754,0.788718,6414000,45376.6
6415,1000,78.9432,10,0.2,,1,0,4,1.5,0,279,0,0.012732,0.393723,2.435804,6415000,45385.0
6416,1000,99.5893,14,0.28,,1,0,5,2.0616,0,12,0,0.01275,0.394011,1.99725,6416000,45392.9
6417,1000,114.0519,13,0.26,,1,0,5,2.0463,1,0,0,0.012661,0.828798,0.867215,6417000,45400.5
6418,1000,137.0029,14,0.28,,1,0,5,2.0616,0,14,0,0.012579,0.580477,1.378854,6418000,45408.1
6419,1000,99.6351,13,0.26,,1,0,5,2.0463,1,0,0,0.012444,0.355806,1.359509,6419000,45415.8
6420,1000,116.8579,14,0.28,,1,0,5,2.0616,0,0,0,0.0126,0.355723,1.186174,6420000,45423.6
6421,1000,153.091,14,0.28,,1,0,5,2.0616,1,0,0,0.012217,0.355228,0.894828,6421000,45431.2
6422,1000,25.5556,7,0.14,,1,0,4,1.479,0,0,0,0.012178,0.381651,1.038001,6422000,45439.2
6423,1000,83.7627,12,0.24,,1,0,5,1.8708,0,0,0,0.012108,0.319475,0.264878,6423000,45447.0
6424,1000,166.3677,16,0.32,,1,0,7,2.5495,1,3,0,0.011918,0.328194,0.526858,6424000,45454.9
6425,1000,127.6335,14,0.28,,1,0,5,2.0616,0,48,0,0.011601,1.167429,0.847727,6425000,45462.9
6426,1000,189.4585,15,0.3,,1,0,5,2.1651,2,195,0,0.01163,0.370324,0.903883,6426000,45470.5
6427,1000,116.222,14,0.28,,1,0,5,2.0616,0,0,0,0.011629,0.343504,-0.092508,6427000,45478.2
6428,1000,141.9293,14,0.28,,1,0,5,2.0616,1,0,0,0.011689,0.358333,1.489796,6428000,45485.8
6429,1000,162.8887,15,0.3,,1,0,6,2.2776,1,33,0,0.011316,0.353933,1.614809,6429000,45493.9
6430,1000,127.8639,14,0.28,,1,0,5,2.0616,0,0,0,0.011547,0.44702,1.209856,6430000,45501.5
6431,1000,127.2845,14,0.28,,1,0,5,2.0616,0,0,0,0.011642,0.391845,0.468745,6431000,45509.9
6432,1000,-16.5514,3,0.06,,2,0,2,0.8292,0,0,0,0.012016,0.296977,1.634781,6432000,45517.7
6433,1000,148.1356,14,0.28,,1,0,5,2.0616,1,0,0,0.012307,0.347741,1.189426,6433000,45525.3
6434,1000,181.7676,14,0.28,,1,0,5,2.0616,2,201,0,0.011867,0.667563,0.270242,6434000,45533.4
6435,1000,162.5983,15,0.3,,1,0,5,2.1651,1,0,0,0.011843,1.026674,1.33738,6435000,45541.2
6436,1000,155.577,14,0.28,,1,0,5,2.0616,1,0,0,0.011941,0.438925,1.445446,6436000,45549.5
6437,1000,32.8212,7,0.14,,1,0,3,1.0897,0,0,0,0.01197,0.464644,1.147143,6437000,45557.8
6438,1000,128.5131,14,0.28,,1,0,5,2.0616,0,5,0,0.012038,3.650356,1.248055,6438000,45566.0
6439,1000,101.1375,13,0.26,,1,0,5,2.0463,0,0,0,0.012404,0.348752,0.423363,6439000,45573.9
6440,1000,137.0255,14,0.28,,1,0,5,2.0616,1,0,0,0.012449,0.280859,1.081366,6440000,45581.6
6441,1000,126.7581,14,0.28,,1,0,5,2.0616,0,0,0,0.012351,0.467108,0.75994,6441000,45589.5
6442,1000,138.2481,14,0.28,,1,0,5,2.0616,1,0,0,0.012231,0.340886,0.136081,6442000,45597.3
6443,1000,152.6141,14,0.28,,1,0,5,2.0616,1,0,0,0.012291,0.301852,0.298893,6443000,45605.5
6444,1000,-23.5194,6,0.12,,1,0,2,0.866,0,0,0,0.012227,0.383587,1.234633,6444000,45613.7
6445,1000,156.0627,14,0.28,,1,0,5,2.0616,1,0,0,0.012406,0.319964,1.198155,6445000,45621.4
6446,1000,23.8463,5,0.1,,1,0,2,0.8292,0,0,0,0.012487,0.475097,1.159522,6446000,45629.6
6447,1000,129.5242,14,0.28,,1,0,5,2.0616,1,0,0,0.012156,0.27872,1.301341,6447000,45637.8
6448,1000,54.3109,8,0.16,,1,0,3,1.2247,0,0,0,0.011699,0.92288,0.577265,6448000,45645.5
6449,1000,107.2321,12,0.24,,1,0,5,1.8708,0,0,0,0.011424,0.462305,1.71159,6449000,45653.4
6450,1000,121.7734,13,0.26,,1,0,5,2.0463,0,63,0,0.011078,0.269029,2.218811,6450000,45661.8
6451,1000,174.5005,15,0.3,,1,0,5,2.1651,1,88,0,0.011101,0.406112,0.572838,6451000,45670.0
6452,1000,154.6473,14,0.28,,1,0,5,2.0616,1,25,0,0.010925,0.231407,0.844788,6452000,45678.5
6453,1000,149.6024,15,0.3,,1,0,5,2.1651,1,0,0,0.010978,1.78332,0.461183,6453000,45687.3
6454,1000,116.4248,13,0.26,,1,0,5,2.0463,0,5,0,0.01065,1.142337,0.241539,6454000,45695.3
6455,1000,131.0343,15,0.3,,1,0,5,2.1651,0,67,0,0.010844,0.396509,1.963325,6455000,45703.3
6456,1000,98.2269,12,0.24,,1,0,4,1.7321,0,0,0,0.010857,0.301069,1.492778,6456000,45711.3
6457,1000,114.6256,14,0.28,,1,0,5,2.0616,0,44,0,0.01097,0.865019,0.974738,6457000,45719.0
6458,1000,96.0126,13,0.26,,1,0,5,2.0463,0,4,0,0.010887,0.33237,0.396494,6458000,45726.9
6459,1000,131.8703,11,0.22,,1,0,5,1.7854,1,0,0,0.010854,0.330161,0.854829,6459000,45735.0
6460,1000,172.0698,14,0.28,,1,0,5,2.0616,2,0,0,0.010793,0.259027,1.181699,6460000,45742.8
6461,1000,95.6991,12,0.24,,0,1,5,1.5811,0,470,0,0.011246,0.331198,1.088129,6461000,45750.5
6462,1000,105.1219,13,0.26,,1,0,5,1.9203,0,0,0,0.0111,0.269731,1.726762,6462000,45759.2
6463,1000,183.5681,14,0.28,,1,0,5,2.0616,2,0,0,0.010916,0.614437,0.582002,6463000,45767.1
6464,1000,15.4703,4,0.08,,2,0,2,1.0,0,0,0,0.011048,0.366484,2.35929,6464000,45775.7
6465,1000,113.2595,13,0.26,,1,0,5,1.9203,0,74,0,0.012024,0.465102,2.252116,6465000,45784.0
6466,1000,-18.7604,3,0.06,,2,0,2,0.8292,0,25,0,0.011859,0.411702,0.21677,6466000,45791.8
6467,1000,35.9301,6,0.12,,1,0,3,1.118,0,0,0,0.012228,0.338797,1.812827,6467000,45799.5
6468,1000,116.2184,14,0.28,,1,0,5,2.0616,0,0,0,0.0123,0.504017,0.654701,6468000,45807.1
6469,1000,127.6747,14,0.28,,1,0,5,2.0616,1,4,0,0.012113,0.910124,1.746114,6469000,45814.9
6470,1000,114.4781,14,0.28,,1,0,5,2.0616,0,0,0,0.011928,0.296734,2.146528,6470000,45822.7
6471,1000,75.9287,10,0.2,,1,0,5,1.8028,0,0,0,0.012209,0.340641,1.351016,6471000,45830.8
6472,1000,123.9414,14,0.28,,1,0,5,2.0616,1,4,0,0.012255,0.58972,1.521359,6472000,45838.7
6473,1000,119.1407,15,0.3,,1,0,5,2.1651,0,0,0,0.01221,0.303278,1.105122,6473000,45846.5
6474,1000,151.424,15,0.3,,1,0,5,2.1651,1,45,0,0.012323,0.672039,2.134285,6474000,45854.2
6475,1000,165.5208,16,0.32,,1,0,7,2.5495,1,0,0,0.012405,0.446153,1.718347,6475000,45862.2
6476,1000,160.8173,15,0.3,,1,0,6,2.2776,1,47,0,0.012255,0.4027,1.749824,6476000,45870.0
6477,1000,118.212,14,0.28,,1,0,5,2.0616,0,464,0,0.011744,0.345041,2.562534,6477000,45877.9
6478,1000,121.2994,13,0.26,,1,0,5,2.0463,0,0,0,0.011654,0.317924,1.529379,6478000,45885.8
6479,1000,135.1408,15,0.3,,1,0,5,2.1651,0,12,0,0.011712,0.394379,0.867558,6479000,45893.8
6480,1000,111.945,12,0.24,,1,0,5,2.1213,1,8,0,0.011707,0.628272,0.569005,6480000,45901.7
6481,1000,148.9365,13,0.26,,1,0,5,2.0463,1,0,0,0.011975,0.475359,1.206976,6481000,45909.9
6482,1000,145.7527,14,0.28,,1,0,5,2.0616,1,89,0,0.011807,0.361454,0.921986,6482000,45918.0
6483,1000,60.0084,10,0.2,,1,0,5,1.8028,0,148,0,0.011795,0.259261,0.851179,6483000,45925.7
6484,1000,95.6998,11,0.22,,1,0,5,1.7854,1,76,0,0.011805,0.402294,1.077579,6484000,45933.5
6485,1000,0.446,5,0.1,,1,0,2,0.8292,0,0,0,0.012243,0.335628,2.483846,6485000,45941.7
6486,1000,108.3685,11,0.22,,1,0,5,1.7854,1,0,0,0.012258,0.615789,1.345852,6486000,45949.4
6487,1000,144.7447,14,0.28,,1,0,5,2.0616,2,7,0,0.01208,0.314964,1.006707,6487000,45957.3
6488,1000,165.1268,15,0.3,,1,0,6,2.2776,1,122,0,0.011707,0.895343,1.558302,6488000,45965.2
6489,1000,193.6297,15,0.3,,1,0,5,2.1651,2,0,0,0.011605,0.358132,0.970198,6489000,45973.0
6490,1000,122.7233,12,0.24,,1,0,5,2.1213,1,4,0,0.011761,0.588127,1.695652,6490000,45981.3
6491,1000,138.7682,13,0.26,,1,0,5,2.0463,1,13,0,0.011396,0.751904,1.295582,6491000,45989.4
6492,1000,35.6408,7,0.14,,1,0,3,1.0897,0,0,0,0.011261,0.382683,1.630901,6492000,45998.0
6493,1000,94.8852,12,0.24,,1,0,5,1.8708,0,2,0,0.011156,0.274217,1.965449,6493000,46006.6
6494,1000,161.2946,14,0.28,,1,0,5,2.0616,1,14,0,0.010826,0.376702,2.036337,6494000,46015.2
6495,1000,76.7511,11,0.22,,1,0,4,1.6394,0,0,0,0.010702,0.298086,1.915986,6495000,46023.6
6496,1000,-52.6535,5,0.1,,1,0,2,0.8292,0,0,0,0.010493,0.285735,1.221898,6496000,46031.8
6497,1000,159.7639,15,0.3,,1,0,5,2.1651,1,209,0,0.010432,0.234257,2.21547,6497000,46040.0
6498,1000,142.3071,15,0.3,,1,0,5,2.1651,0,0,0,0.010424,0.366212,2.296063,6498000,46048.5
6499,1000,113.4436,13,0.26,,0,1,5,1.479,0,0,0,0.010474,0.531004,2.467224,6499000,46056.4
6500,1000,-3.133,6,0.12,,1,0,2,0.866,0,0,0,0.010888,0.283922,1.683303,6500000,46064.2
6501,1000,96.634,11,0.22,,1,0,5,1.7854,0,0,0,0.010869,0.284422,2.593913,6501000,46072.2
6502,1000,109.5102,13,0.26,,1,0,5,2.0463,0,0,0,0.010975,0.357961,1.018079,6502000,46079.9
6503,1000,68.5855,10,0.2,,1,0,4,1.5,0,0,0,0.010715,0.324633,1.654644,6503000,46088.1
6504,1000,52.1965,11,0.22,,1,0,5,1.9203,0,0,0,0.010418,0.389769,1.372025,6504000,46096.6
6505,1000,99.0512,13,0.26,,1,0,5,1.9203,0,231,0,0.010587,0.278642,1.76876,6505000,46104.5
6506,1000,100.6913,13,0.26,,1,0,5,2.0463,0,0,0,0.010228,0.243574,2.561049,6506000,46112.3
6507,1000,114.6986,13,0.26,,0,1,5,1.7854,0,0,0,0.010339,0.365066,1.816701,6507000,46120.1
6508,1000,109.033,13,0.26,,1,0,5,2.0463,0,0,0,0.010696,0.291408,1.535364,6508000,46128.0
6509,1000,90.665,10,0.2,,1,0,5,1.8028,1,0,0,0.011228,0.45022,1.817165,6509000,46136.1
6510,1000,102.7614,13,0.26,,1,0,5,2.0463,0,160,0,0.010937,0.309703,1.982486,6510000,46143.9
6511,1000,154.0663,13,0.26,,1,0,5,2.0463,1,1,0,0.01061,0.441926,1.28011,6511000,46151.7
6512,1000,7.6903,5,0.1,,1,0,2,0.8292,0,106,0,0.010732,0.407921,1.979984,6512000,46159.5
6513,1000,119.6131,14,0.28,,1,0,5,2.0616,0,0,0,0.01078,0.457686,1.061524,6513000,46167.4
6514,1000,110.8699,13,0.26,,1,0,5,2.0463,0,0,0,0.010622,0.325561,1.516966,6514000,46175.4
6515,1000,-23.931,1,0.02,,3,0,1,0.433,0,0,0,0.010851,0.368761,1.462018,6515000,46183.9
6516,1000,199.9982,15,0.3,,1,0,5,2.1651,2,30,0,0.010956,1.118098,1.241179,6516000,46192.2
6517,1000,123.7367,13,0.26,,1,0,5,2.0463,2,0,0,0.010557,0.283398,2.14536,6517000,46200.2
6518,1000,188.3406,14,0.28,,1,0,5,2.0616,2,0,0,0.010515,0.295053,1.052825,6518000,46208.1
6519,1000,109.7998,13,0.26,,1,0,5,2.0463,0,1,0,0.010441,0.567874,1.181637,6519000,46216.1
6520,1000,106.5047,12,0.24,,1,0,5,2.1213,0,114,0,0.010566,0.368299,1.243551,6520000,46223.8
6521,1000,133.1766,15,0.3,,1,0,5,2.1651,0,8,0,0.010477,0.26868,1.885246,6521000,46231.4
6522,1000,162.2736,14,0.28,,1,0,5,2.0616,1,0,0,0.010113,0.594092,1.79835,6522000,46239.2
6523,1000,124.4119,15,0.3,,1,0,5,2.1651,0,69,0,0.010048,0.420234,1.511526,6523000,46246.8
6524,1000,146.9007,14,0.28,,1,0,5,2.0616,1,2,0,0.010164,0.999686,1.394739,6524000,46254.7
6525,1000,57.3619,9,0.18,,1,0,4,1.479,0,0,0,0.01017,0.659539,1.109663,6525000,46262.9
6526,1000,27.0989,5,0.1,,1,0,2,0.8292,0,0,0,0.010539,0.396151,1.20242,6526000,46270.8
6527,1000,154.4605,15,0.3,,1,0,5,2.1651,1,0,0,0.01078,0.374356,1.571739,6527000,46279.5
6528,1000,5.5815,6,0.12,,1,0,4,1.5,0,0,0,0.010773,0.700059,0.177517,6528000,46287.5
6529,1000,111.3858,11,0.22,,1,0,5,1.9203,1,0,0,0.010954,0.245899,0.650268,6529000,46295.4
6530,1000,4.8659,4,0.08,,1,0,2,0.7071,0,0,0,0.011345,0.199768,1.187938,6530000,46303.3
6531,1000,137.5327,12,0.24,,1,0,5,1.8708,1,0,0,0.01135,0.426052,1.911879,6531000,46311.3
6532,1000,136.7996,15,0.3,,1,0,5,2.1651,0,8,0,0.010758,0.234876,-0.056951,6532000,46319.2
6533,1000,165.5529,15,0.3,,1,0,5,2.1651,1,91,0,0.010395,1.369669,1.181041,6533000,46327.5
6534,1000,97.7342,12,0.24,,1,0,5,1.8708,0,0,0,0.010489,0.243588,0.997302,6534000,46335.4
6535,1000,39.8415,7,0.14,,1,0,4,1.479,0,0,0,0.010878,0.287131,1.40785,6535000,46343.2
6536,1000,123.3229,14,0.28,,1,0,5,2.0616,0,151,0,0.011021,0.647115,1.087912,6536000,46351.1
6537,1000,93.1727,12,0.24,,1,0,5,1.8708,0,57,0,0.010758,1.137338,0.513284,6537000,46358.9
6538,1000,186.098,15,0.3,,1,0,5,2.1651,2,64,0,0.01053,0.356258,0.978119,6538000,46367.4
6539,1000,176.8425,15,0.3,,1,0,5,2.1651,1,34,0,0.010545,1.508884,0.785681,6539000,46375.6
6540,1000,116.5812,14,0.28,,1,0,5,2.0616,0,377,0,0.010661,0.259081,1.686344,6540000,46383.5
6541,1000,178.8603,14,0.28,,1,0,5,2.0616,2,27,0,0.010701,0.388037,1.088409,6541000,46391.8
6542,1000,141.1176,14,0.28,,1,0,5,2.0616,1,0,0,0.010683,0.252453,1.507097,6542000,46399.5
6543,1000,47.3415,6,0.12,,1,0,2,0.866,0,0,0,0.01091,0.25121,1.090833,6543000,46407.4
6544,1000,148.1646,13,0.26,,1,0,5,2.0463,1,18,0,0.011161,0.28908,0.493976,6544000,46415.5
6545,1000,28.7895,7,0.14,,1,0,3,1.0897,0,88,0,0.011782,0.307288,1.539475,6545000,46424.0
6546,1000,15.1536,6,0.12,,1,0,2,0.866,0,0,0,0.011511,1.06426,1.077477,6546000,46432.6
6547,1000,114.574,15,0.3,,0,1,5,1.6394,0,331,0,0.011414,0.367909,0.969313,6547000,46440.4
6548,1000,57.0813,10,0.2,,1,0,4,1.5,0,206,0,0.011568,0.275169,1.268484,6548000,46448.4
6549,1000,68.8036,10,0.2,,1,0,4,1.5,0,185,0,0.011458,0.369288,1.80834,6549000,46456.5
6550,1000,59.6149,8,0.16,,1,0,3,1.2247,0,0,0,0.011841,0.323817,2.043008,6550000,46464.5
6551,1000,104.352,12,0.24,,1,0,5,1.8708,0,0,0,0.012445,1.036,-0.077446,6551000,46472.4
6552,1000,-15.8434,5,0.1,,2,0,3,1.299,0,0,0,0.013075,0.488337,0.950777,6552000,46480.4
6553,1000,32.2159,6,0.12,,1,0,4,1.5,0,0,0,0.013049,0.52681,1.697911,6553000,46489.2
6554,1000,139.9554,14,0.28,,1,0,5,2.0616,1,0,0,0.013118,0.26925,0.803823,6554000,46497.4
6555,1000,140.5408,14,0.28,,1,0,5,2.0616,1,298,0,0.013388,0.463773,1.447932,6555000,46505.9
6556,1000,6.1653,5,0.1,,1,0,2,0.8292,0,336,0,0.013433,0.448647,1.426604,6556000,46514.4
6557,1000,118.3431,13,0.26,,1,0,5,1.9203,1,0,0,0.01339,0.459424,2.415622,6557000,46523.1
6558,1000,0.5064,5,0.1,,2,0,4,1.6394,0,0,0,0.013506,0.364408,1.845788,6558000,46531.7
6559,1000,6.0001,4,0.08,,2,0,2,1.0,0,0,0,0.013392,0.831269,1.395752,6559000,46540.1
6560,1000,0.5821,5,0.1,,2,0,3,1.299,0,0,0,0.013538,0.492565,1.742613,6560000,46548.8
6561,1000,25.6564,6,0.12,,2,0,3,1.5,0,0,0,0.01383,0.394807,2.755739,6561000,46556.8
6562,1000,73.1636,13,0.26,,1,0,5,1.9203,0,0,0,0.013766,0.34346,1.609887,6562000,46564.6
6563,1000,75.5051,11,0.22,,1,0,4,1.6394,0,0,0,0.013844,1.070045,1.616563,6563000,46572.6
6564,1000,97.2474,13,0.26,,1,0,5,1.9203,0,27,0,0.013886,0.399439,2.298249,6564000,46580.7
6565,1000,117.3165,15,0.3,,1,0,5,2.1651,0,0,0,0.013643,0.360803,2.553495,6565000,46588.4
6566,1000,103.6744,12,0.24,,1,0,5,1.8708,0,12,0,0.013326,0.364796,2.714126,6566000,46596.2
6567,1000,153.9975,14,0.28,,1,0,5,2.0616,1,29,0,0.013078,0.312362,2.467288,6567000,46603.9
6568,1000,25.492,5,0.1,,2,0,3,1.299,0,0,0,0.01381,0.432619,2.427245,6568000,46611.8
6569,1000,-1.2387,6,0.12,,1,0,3,1.118,0,0,0,0.014101,0.356713,1.822768,6569000,46619.5
6570,1000,120.7232,14,0.28,,1,0,5,2.0616,0,17,0,0.013921,0.434092,1.96014,6570000,46627.3
6571,1000,-33.4129,1,0.02,,3,0,1,0.433,0,0,0,0.014066,0.28637,1.657888,6571000,46635.0
6572,1000,-3.6418,3,0.06,,3,0,3,1.299,0,0,0,0.014329,0.519213,2.569776,6572000,46642.6
6573,1000,0.3165,3,0.06,,2,0,2,0.8292,0,0,0,0.015214,0.619365,1.665687,6573000,46650.5
6574,1000,-14.7092,6,0.12,,1,0,3,1.118,0,0,0,0.015829,1.49386,1.552563,6574000,46658.4
6575,1000,0.6983,4,0.08,,2,0,3,1.2247,0,473,0,0.015815,0.414246,0.41729,6575000,46667.1
6576,1000,-9.2439,4,0.08,,1,0,2,0.7071,0,0,0,0.016047,1.318362,2.509499,6576000,46675.0
6577,1000,-7.298,5,0.1,,2,0,3,1.299,0,15,0,0.016486,0.872038,1.583086,6577000,46683.0
6578,1000,18.6693,5,0.1,,1,0,3,1.0897,0,16,0,0.016793,0.396673,1.191409,6578000,46691.6
6579,1000,-62.4291,1,0.02,,3,0,1,0.433,0,0,0,0.017109,0.466759,1.135049,6579000,46699.6
6580,1000,-30.2914,4,0.08,,1,0,2,0.7071,0,0,0,0.017277,1.599152,0.541603,6580000,46707.5
6581,1000,28.5506,6,0.12,,1,0,3,1.118,0,0,0,0.017537,0.56003,0.947971,6581000,46715.6
6582,1000,54.452,7,0.14,,1,0,3,1.0897,0,18,0,0.017421,0.579361,0.9177,6582000,46723.4
6583,1000,5.7016,5,0.1,,1,0,3,1.0897,0,0,0,0.017757,0.738442,2.252949,6583000,46731.1
6584,1000,-15.038,4,0.08,,1,0,2,0.7071,0,0,0,0.017656,0.563345,0.308498,6584000,46739.1
6585,1000,38.5206,8,0.16,,1,0,4,1.4142,0,0,0,0.017327,1.055905,1.331119,6585000,46747.1
6586,1000,57.6816,8,0.16,,1,0,3,1.2247,0,0,0,0.017395,0.604183,2.421634,6586000,46755.0
6587,1000,110.3706,13,0.26,,1,0,5,1.9203,0,0,0,0.018182,0.557699,2.170549,6587000,46764.1
6588,1000,105.5227,13,0.26,,1,0,5,1.9203,0,72,0,0.017981,0.58718,1.984191,6588000,46773.2
6589,1000,138.9663,14,0.28,,1,0,5,2.0616,1,22,0,0.017988,0.629635,2.589871,6589000,46782.8
6590,1000,137.6227,14,0.28,,1,0,5,2.0616,1,0,0,0.018083,0.547252,3.328075,6590000,46791.1
6591,1000,58.0993,9,0.18,,1,0,4,1.479,0,0,0,0.017928,0.417039,2.922742,6591000,46799.1
6592,1000,136.1395,13,0.26,,1,0,6,2.1651,1,0,0,0.017522,0.409503,2.81112,6592000,46808.2
6593,1000,124.8363,14,0.28,,1,0,5,2.0616,1,0,0,0.017481,0.507644,2.647397,6593000,46817.6
