episode,n_drones,n_dests,steps,team_reward,delivered,makespan,reloads,hop2plus,max_reach,stall_ratio,max_stall_run,term_reason,relay_frac,wall_sec
1,4,57,1000,494.674,49,,7,0.3942,791.7,0.2999,42,step_limit,0.152,4.4
2,3,50,1000,480.152,41,,8,0.438,747.6,0.2398,29,step_limit,0.1905,8.0
3,4,72,1000,750.356,67,,10,0.497,801.0,0.1952,14,step_limit,0.1366,14.3
4,3,46,1000,466.415,42,,7,0.3117,528.1,0.2551,36,step_limit,0.1478,26.1
5,3,58,1000,521.8,46,,8,0.4867,795.5,0.1846,33,step_limit,0.3244,84.1
6,3,61,1000,663.67,55,,9,0.4923,780.6,0.2403,60,step_limit,0.3145,138.8
7,3,30,604,339.59,30,604,4,0.4757,778.0,0.088,17,complete,0.348,172.1
8,3,69,1000,628.2,51,,10,0.428,688.2,0.4962,120,step_limit,0.2537,228.5
9,3,66,1000,714.309,55,,11,0.4853,731.2,0.2971,152,step_limit,0.3251,284.7
10,3,26,550,306.096,26,550,4,0.4212,727.9,0.2955,70,complete,0.3056,315.9
11,4,32,354,371.19,32,354,4,0.4788,699.4,0.165,12,complete,0.1462,335.2
12,3,35,748,404.026,35,748,5,0.4813,710.3,0.4648,85,complete,0.284,376.2
13,3,23,372,266.931,23,372,3,0.3952,669.1,0.228,53,complete,0.2667,397.7
14,3,61,1000,681.538,55,,10,0.462,757.5,0.2553,56,step_limit,0.2841,453.0
15,4,78,986,1000.488,78,986,14,0.4232,766.1,0.2749,23,complete,0.2277,507.3
16,4,46,730,565.817,46,730,8,0.4829,885.9,0.2305,14,complete,0.25,549.0
17,4,74,1000,925.33,72,,13,0.4218,766.3,0.3662,35,step_limit,0.1906,605.3
18,3,24,711,232.945,24,711,3,0.473,764.7,0.2648,42,complete,0.348,644.0
19,4,24,354,257.29,24,354,3,0.565,834.8,0.0555,11,complete,0.266,664.8
20,3,66,931,856.793,66,931,11,0.4035,633.1,0.2546,29,complete,0.1886,720.7
21,3,43,752,541.428,43,752,7,0.4588,631.0,0.287,79,complete,0.186,761.8
22,3,43,614,544.159,43,614,7,0.3556,486.8,0.2094,65,complete,0.1504,796.0
23,3,22,659,265.057,22,659,4,0.5554,787.7,0.3654,174,complete,0.3333,831.3
24,3,35,609,412.344,35,609,5,0.4089,782.0,0.1776,38,complete,0.2048,864.9
25,4,25,498,217.84,25,498,2,0.5743,894.0,0.1834,8,complete,0.3611,892.6
26,3,79,1000,876.623,69,,12,0.4037,631.8,0.2687,37,step_limit,0.1975,947.6
27,4,63,1000,554.508,53,,8,0.5992,870.5,0.3135,12,step_limit,0.375,1004.8
28,3,77,1000,886.145,66,,13,0.4283,747.4,0.1613,31,step_limit,0.2757,1063.4
29,3,34,944,366.748,34,944,5,0.5809,767.8,0.502,155,complete,0.2697,1113.5
30,3,25,439,272.218,25,439,3,0.5421,798.0,0.1321,10,complete,0.2993,1137.5
31,4,68,816,918.636,68,816,13,0.511,787.2,0.1116,9,complete,0.2718,1183.3
32,3,79,1000,765.323,60,,12,0.4563,704.4,0.2657,38,step_limit,0.252,1239.2
33,3,62,1000,629.368,53,,9,0.489,767.3,0.3465,37,step_limit,0.2813,1294.5
34,3,33,534,406.435,33,534,5,0.407,651.7,0.0829,17,complete,0.1771,1322.8
35,3,26,447,281.344,26,447,3,0.5227,688.0,0.2053,21,complete,0.2716,1347.5
36,3,57,1000,580.242,49,,9,0.4607,755.3,0.3357,96,step_limit,0.303,1402.1
37,3,29,622,283.65,29,622,3,0.5547,754.0,0.2553,28,complete,0.4032,1435.7
38,4,63,795,839.895,63,795,12,0.5242,853.4,0.1652,13,complete,0.3114,1480.0
39,4,44,854,519.985,44,854,8,0.5299,894.7,0.2908,27,complete,0.3149,1525.3
40,4,56,1000,646.293,54,,9,0.592,854.1,0.5102,155,step_limit,0.2611,1580.3
41,4,21,583,136.642,21,583,1,0.672,940.3,0.4032,18,complete,0.3728,1611.6
42,3,24,497,297.39,24,497,4,0.5466,792.6,0.1311,13,complete,0.2956,1638.6
43,3,52,1000,632.675,50,,9,0.4727,704.0,0.3049,77,step_limit,0.2522,1692.5
44,3,72,1000,726.012,59,,10,0.3057,629.4,0.3039,56,step_limit,0.1373,1746.1
45,3,52,1000,586.29,50,,8,0.492,794.4,0.2837,38,step_limit,0.3153,1795.9
46,4,72,632,954.103,72,632,12,0.4375,645.5,0.072,7,complete,0.1711,1828.2
47,3,69,1000,800.083,63,,11,0.4427,695.9,0.2863,57,step_limit,0.1953,1871.9
48,3,56,956,728.715,56,956,10,0.4599,719.4,0.2274,25,complete,0.2368,1911.2
49,4,78,951,1054.909,78,951,15,0.5655,877.9,0.2006,21,complete,0.2672,1951.8
50,4,40,1000,212.68,31,,5,0.6188,941.5,0.4262,95,step_limit,0.3953,1984.8
51,4,51,647,633.226,51,647,8,0.4474,740.4,0.175,17,complete,0.185,2373.5
52,3,42,854,546.616,42,854,8,0.4215,727.4,0.3317,47,complete,0.2518,2421.2
53,4,60,1000,618.947,56,,8,0.4095,590.3,0.3766,21,step_limit,0.1767,2482.8
54,3,49,851,605.825,49,851,8,0.4383,639.4,0.3338,78,complete,0.1549,2532.5
55,3,40,824,475.405,40,824,7,0.3742,702.6,0.2927,58,complete,0.2121,2579.1
56,4,61,1000,681.849,58,,9,0.5975,843.7,0.3937,57,step_limit,0.2212,2635.9
57,3,53,1000,517.823,45,,7,0.5193,790.9,0.4002,80,step_limit,0.2543,2690.7
58,4,57,938,704.529,57,938,10,0.5728,942.3,0.3342,31,complete,0.2684,2743.7
59,3,50,1000,539.9,47,,7,0.4757,762.7,0.3567,51,step_limit,0.2515,2800.4
60,3,21,613,164.096,21,613,2,0.4709,750.8,0.2169,17,complete,0.3099,2833.2
61,4,26,359,277.578,26,359,3,0.5627,855.5,0.232,14,complete,0.2157,2854.0
62,4,55,1000,630.56,54,,9,0.612,883.8,0.3014,15,step_limit,0.3304,2907.6
63,4,68,1000,868.118,65,,13,0.537,895.9,0.2471,26,step_limit,0.252,2965.0
64,3,41,993,428.869,41,993,6,0.4642,782.9,0.2808,59,complete,0.2596,3018.2
65,4,68,1000,851.429,68,1000,12,0.3875,657.1,0.3304,30,complete,0.1399,3074.6
66,3,61,1000,648.123,54,,9,0.275,593.2,0.3409,54,step_limit,0.1534,3130.5
67,3,53,1000,507.389,43,,8,0.5313,771.8,0.2705,25,step_limit,0.2409,3185.1
68,3,44,875,574.884,44,875,8,0.445,673.3,0.2654,25,complete,0.1546,3234.0
69,3,34,788,388.395,34,788,5,0.464,734.6,0.2316,24,complete,0.2072,3274.6
70,3,31,1000,272.784,29,,5,0.5753,781.1,0.3989,51,step_limit,0.2778,3331.6
71,4,71,1000,873.059,68,,12,0.3825,586.1,0.2493,49,step_limit,0.0992,3388.6
72,3,53,1000,627.492,51,,9,0.5227,766.5,0.2797,54,step_limit,0.2507,3444.1
73,3,21,874,180.637,21,874,3,0.5549,753.3,0.3389,74,complete,0.2424,3490.6
74,4,45,624,544.338,45,624,7,0.5881,864.9,0.2542,47,complete,0.1897,3526.7
75,4,40,1000,342.52,36,,6,0.436,798.1,0.3612,35,step_limit,0.2266,3581.1
76,3,75,1000,705.016,58,,10,0.5263,788.7,0.326,93,step_limit,0.1988,3638.0
77,4,24,427,212.703,24,427,2,0.5427,917.9,0.2022,12,complete,0.2704,3660.4
78,3,64,1000,514.594,48,,7,0.4937,757.0,0.4453,74,step_limit,0.165,3716.8
79,3,41,1000,420.768,36,,7,0.529,717.3,0.3576,48,step_limit,0.2585,3772.9
80,3,69,1000,636.343,55,,9,0.3457,706.5,0.2883,108,step_limit,0.171,3828.2
81,4,47,1000,455.03,42,,7,0.5645,828.1,0.3707,16,step_limit,0.202,3883.4
82,4,69,1000,756.133,65,,10,0.5905,903.4,0.3345,27,step_limit,0.244,3932.9
83,4,31,988,286.686,31,988,5,0.5663,911.6,0.2833,20,complete,0.2676,3980.1
84,3,33,838,400.078,33,838,6,0.4515,786.9,0.3299,36,complete,0.249,4020.5
85,3,38,703,451.792,38,703,6,0.3409,548.5,0.2999,51,complete,0.126,4055.1
86,4,24,739,200.24,24,739,3,0.6201,821.9,0.2674,18,complete,0.291,4094.8
87,3,30,745,352.04,30,745,5,0.3911,733.4,0.2398,19,complete,0.2368,4132.4
88,3,38,741,465.644,38,741,6,0.5025,714.8,0.332,51,complete,0.2348,4168.1
89,3,57,1000,491.911,44,,7,0.541,752.9,0.5183,316,step_limit,0.2483,4216.3
90,4,21,627,208.215,21,627,3,0.61,990.4,0.1674,28,complete,0.2627,4242.2
91,4,77,1000,837.127,72,,11,0.519,906.6,0.2121,31,step_limit,0.2288,4285.6
92,3,69,1000,748.178,59,,11,0.494,668.2,0.2804,44,step_limit,0.2351,4323.7
93,4,60,797,773.393,60,797,10,0.4119,750.2,0.2068,16,complete,0.1509,4356.8
94,4,45,603,556.067,45,603,7,0.4399,770.8,0.1969,13,complete,0.1951,4383.1
95,3,71,1000,675.407,56,,10,0.381,567.2,0.2483,35,step_limit,0.1637,4427.4
96,3,74,1000,803.995,64,,11,0.485,789.2,0.2215,22,step_limit,0.1801,4478.8
97,4,47,807,607.677,47,807,9,0.496,791.7,0.2925,23,complete,0.2549,4522.3
98,4,50,909,595.784,50,909,9,0.5699,957.3,0.2447,19,complete,0.2946,4558.3
99,4,35,740,357.966,35,740,5,0.5767,800.9,0.3675,37,complete,0.2628,4589.2
100,3,40,1000,473.75,38,,7,0.5327,695.0,0.4411,178,step_limit,0.2362,4628.8
101,3,23,410,295.909,23,410,4,0.3707,717.3,0.2082,22,complete,0.1736,5134.7
102,3,21,663,217.61,21,663,3,0.5425,766.0,0.3098,34,complete,0.224,5170.5
103,4,72,1000,849.378,68,,12,0.4118,722.6,0.2636,19,step_limit,0.1639,5224.3
104,3,27,743,284.743,27,743,4,0.5554,790.8,0.2908,45,complete,0.281,5265.4
105,3,63,1000,644.767,52,,9,0.427,628.3,0.4246,76,step_limit,0.1745,5319.6
106,4,58,830,730.697,58,830,10,0.4657,734.1,0.2254,23,complete,0.1659,5370.6
107,4,75,1000,661.829,61,,10,0.6042,901.3,0.3057,21,step_limit,0.2854,5426.2
108,3,55,1000,605.773,49,,9,0.3987,703.7,0.2836,38,step_limit,0.2202,5485.0
109,4,64,1000,638.75,56,,9,0.5825,929.2,0.3651,105,step_limit,0.3089,5542.1
110,3,55,1000,624.547,52,,9,0.4533,775.7,0.2451,32,step_limit,0.1947,5595.1
111,4,67,1000,672.096,61,,9,0.5877,906.8,0.2811,14,step_limit,0.3025,5649.9
112,3,46,973,567.225,46,973,8,0.4844,749.9,0.3677,74,complete,0.2032,5701.3
113,4,43,811,467.839,43,811,6,0.4639,653.0,0.31,19,complete,0.2139,5745.8
114,3,80,1000,802.445,65,,11,0.4037,772.6,0.1717,33,step_limit,0.1995,5801.9
115,4,78,1000,763.533,64,,11,0.3645,632.4,0.3199,21,step_limit,0.1744,5860.2
116,4,72,931,952.071,72,931,13,0.5392,859.9,0.2516,35,complete,0.1895,5913.2
117,3,54,1000,584.761,50,,8,0.4293,717.7,0.3134,43,step_limit,0.2202,5966.8
118,3,63,1000,566.733,50,,8,0.5053,791.0,0.3191,40,step_limit,0.2507,6023.4
119,4,66,1000,777.782,64,,11,0.4392,748.5,0.2341,57,step_limit,0.2171,6080.6
120,4,70,1000,823.966,67,,11,0.5933,877.8,0.3203,28,step_limit,0.2,6135.1
121,4,45,848,525.564,45,848,7,0.6138,806.2,0.3207,55,complete,0.2337,6182.4
122,4,26,565,209.708,26,565,2,0.6,1029.9,0.2587,28,complete,0.3114,6211.1
123,4,30,608,292.027,30,608,4,0.5539,828.4,0.314,27,complete,0.2578,6240.6
124,3,80,1000,856.878,67,,12,0.475,746.1,0.1624,36,step_limit,0.2249,6291.7
125,4,41,524,483.674,41,524,6,0.5639,749.0,0.1453,9,complete,0.1711,6317.6
126,3,50,1000,542.062,46,,8,0.5557,758.7,0.2753,33,step_limit,0.2692,6364.2
127,3,37,683,449.832,37,683,6,0.5315,801.2,0.1875,18,complete,0.2311,6396.4
128,3,42,1000,486.236,40,,7,0.5217,790.7,0.2184,37,step_limit,0.2449,6442.9
129,4,52,704,631.932,52,704,8,0.5344,842.4,0.2136,14,complete,0.242,6480.1
130,3,40,1000,424.267,39,,6,0.5713,789.8,0.3127,38,step_limit,0.2724,6528.3
131,3,39,649,513.83,39,649,7,0.4289,636.7,0.1824,19,complete,0.1429,6559.2
132,4,63,789,816.332,63,789,11,0.4309,714.5,0.2072,30,complete,0.1736,6600.4
133,3,61,1000,716.969,59,,9,0.4337,751.2,0.2144,48,step_limit,0.2006,6642.2
134,4,22,305,252.182,22,305,3,0.3984,688.4,0.1502,14,complete,0.1447,6655.8
135,3,20,712,198.695,20,712,3,0.5014,707.8,0.1887,24,complete,0.2778,6685.1
136,4,57,840,678.8,57,840,9,0.5616,841.2,0.1832,13,complete,0.2548,6722.3
137,3,24,576,248.807,24,576,3,0.4352,721.5,0.2619,24,complete,0.2024,6745.4
138,4,35,761,371.994,35,761,6,0.3403,602.4,0.2895,37,complete,0.1441,6778.9
139,3,29,735,349.157,29,735,5,0.517,779.7,0.3056,58,complete,0.2525,6813.3
140,3,32,834,346.121,32,834,5,0.5012,781.7,0.3139,44,complete,0.2308,6851.1
141,3,54,1000,665.9,53,,10,0.4107,613.9,0.2365,61,step_limit,0.1756,6899.7
142,3,42,912,499.969,42,912,7,0.3812,672.3,0.229,33,complete,0.2054,6945.6
143,3,23,711,253.735,23,711,4,0.489,744.3,0.336,59,complete,0.2708,6978.8
144,3,61,1000,681.949,54,,10,0.4803,762.4,0.3035,56,step_limit,0.2116,7027.5
145,3,64,1000,520.08,46,,8,0.367,673.1,0.3637,65,step_limit,0.1587,7075.7
146,3,71,1000,772.904,61,,11,0.334,675.9,0.2197,29,step_limit,0.2056,7124.3
147,3,48,746,619.289,48,746,8,0.4647,702.2,0.2122,42,complete,0.1839,7159.0
148,4,36,698,378.191,36,698,5,0.6082,1027.7,0.2781,14,complete,0.29,7193.0
149,4,40,496,454.85,40,496,5,0.4168,844.8,0.1225,21,complete,0.1618,7217.4
150,3,26,651,293.385,26,651,4,0.4767,758.3,0.3145,61,complete,0.1958,7247.9
151,4,70,948,860.783,70,948,11,0.5222,854.4,0.2328,15,complete,0.2538,7775.7
152,4,48,572,573.62,48,572,7,0.5476,819.5,0.1702,17,complete,0.1728,7808.6
153,4,57,1000,549.221,49,,8,0.609,947.6,0.459,68,step_limit,0.2523,7868.0
154,4,34,422,441.508,34,422,6,0.4508,720.1,0.0802,8,complete,0.1774,7892.1
155,4,80,1000,853.295,72,,12,0.5952,871.4,0.2748,20,step_limit,0.2519,7946.7
156,4,59,981,742.15,59,981,11,0.5563,916.4,0.2345,25,complete,0.266,8003.9
157,3,42,862,511.64,42,862,7,0.4432,772.4,0.2321,44,complete,0.2079,8051.7
158,4,76,1000,957.184,75,,13,0.3905,602.4,0.192,13,step_limit,0.1637,8112.6
159,4,47,596,598.713,47,596,8,0.4581,852.2,0.2166,14,complete,0.2122,8146.8
160,3,62,1000,688.973,55,,10,0.4633,767.6,0.2127,16,step_limit,0.2212,8203.4
161,3,31,710,399.129,31,710,6,0.4174,719.8,0.2391,60,complete,0.2044,8247.9
162,3,26,776,313.808,26,776,5,0.4678,738.6,0.2744,29,complete,0.2162,8288.6
163,4,21,643,165.156,21,643,3,0.6672,1027.6,0.3218,32,complete,0.3686,8322.6
164,4,79,1000,964.324,78,,13,0.562,985.7,0.1833,11,step_limit,0.2726,8380.3
165,4,47,622,597.154,47,622,8,0.4329,793.3,0.1674,11,complete,0.1818,8416.0
166,3,77,1000,836.27,64,,12,0.3777,730.7,0.2748,54,step_limit,0.1624,8471.2
167,4,77,1000,753.138,62,,12,0.5933,923.4,0.2359,11,step_limit,0.3046,8527.9
168,4,29,550,304.828,29,550,4,0.5441,800.4,0.2299,12,complete,0.2612,8556.8
169,4,59,864,768.606,59,864,11,0.5492,937.4,0.2177,18,complete,0.2795,8598.7
170,3,74,1000,702.455,56,,11,0.4627,733.5,0.3338,36,step_limit,0.2204,8643.7
171,4,34,628,363.68,34,628,5,0.4542,606.6,0.2985,47,complete,0.1645,8672.9
172,3,43,978,527.797,43,978,8,0.4625,738.0,0.3154,59,complete,0.2021,8718.0
173,3,35,695,408.033,35,695,5,0.5276,765.8,0.2008,20,complete,0.3009,8750.9
174,4,43,908,437.959,43,908,6,0.4493,776.5,0.3631,45,complete,0.1737,8794.0
175,4,30,866,218.307,30,866,3,0.6885,1059.5,0.4088,17,complete,0.3377,8832.9
176,4,29,557,329.044,29,557,5,0.6136,961.2,0.2734,13,complete,0.2115,8860.4
177,3,45,971,521.65,45,971,7,0.5355,791.8,0.294,60,complete,0.2626,8905.8
178,3,20,571,174.38,20,571,2,0.5353,771.7,0.3628,51,complete,0.2292,8932.4
179,4,66,1000,551.164,52,,9,0.62,850.8,0.3567,43,step_limit,0.3041,8980.4
180,4,22,421,230.16,22,421,3,0.408,665.2,0.2926,19,complete,0.1739,8998.8
181,4,77,1000,803.455,68,,11,0.6068,859.6,0.2908,59,step_limit,0.2702,9040.4
182,3,74,1000,650.881,55,,10,0.4307,643.4,0.3078,32,step_limit,0.1554,9080.5
183,4,40,567,473.56,40,567,6,0.3219,647.1,0.1335,16,complete,0.1635,9103.5
184,3,77,1000,816.781,65,,11,0.415,716.6,0.1647,18,step_limit,0.1969,9144.0
185,4,72,1000,805.006,67,,12,0.5145,799.5,0.2681,19,step_limit,0.2292,9189.1
186,4,74,922,988.498,74,922,14,0.4883,767.3,0.2312,14,complete,0.1893,9234.6
187,3,65,1000,718.038,57,,10,0.4587,690.4,0.3188,56,step_limit,0.2051,9281.5
188,3,80,1000,557.499,50,,9,0.5367,722.2,0.3329,60,step_limit,0.2427,9330.6
189,4,55,825,661.516,55,825,9,0.5721,874.4,0.2753,19,complete,0.2454,9370.7
190,3,36,1000,415.858,35,,6,0.5303,785.9,0.4575,220,step_limit,0.2391,9416.9
191,3,28,684,313.555,28,684,4,0.5322,790.6,0.2883,46,complete,0.2657,9450.1
192,4,74,869,970.256,74,869,13,0.5181,827.6,0.1799,24,complete,0.1927,9493.9
193,3,61,1000,587.485,52,,8,0.5627,790.4,0.2496,34,step_limit,0.2606,9544.2
194,4,73,952,966.282,73,952,13,0.4845,772.5,0.275,18,complete,0.1836,9598.0
195,4,69,860,853.623,69,860,11,0.5831,990.6,0.173,12,complete,0.2458,9649.4
196,3,47,850,560.632,47,850,7,0.3655,693.8,0.2079,68,complete,0.2313,9695.7
197,4,27,604,246.033,27,604,3,0.6395,871.4,0.2449,11,complete,0.3135,9729.3
198,3,56,912,744.74,56,912,10,0.409,648.0,0.1257,16,complete,0.1829,9781.8
199,3,57,963,738.215,57,963,10,0.5033,789.2,0.1876,34,complete,0.2377,9834.6
200,4,64,956,748.235,64,956,10,0.5309,974.2,0.2054,22,complete,0.2562,9890.8
201,4,38,1000,417.442,37,,7,0.6508,1040.3,0.305,25,step_limit,0.3162,10426.2
202,3,32,830,305.609,32,830,4,0.5474,780.9,0.3244,41,complete,0.3092,10464.3
203,3,23,426,255.607,23,426,3,0.3552,656.3,0.1868,16,complete,0.1449,10487.8
204,3,38,722,457.845,38,722,6,0.3712,760.3,0.2571,50,complete,0.1807,10528.1
205,3,27,584,302.413,27,584,4,0.4344,692.9,0.1811,27,complete,0.2164,10560.5
206,3,58,1000,564.678,48,,8,0.4813,788.6,0.3544,54,step_limit,0.211,10614.0
207,3,52,1000,522.904,44,,8,0.5213,783.7,0.3396,114,step_limit,0.231,10668.9
208,3,60,1000,597.17,51,,9,0.494,785.3,0.2851,66,step_limit,0.239,10723.7
209,3,72,1000,708.617,58,,10,0.5123,797.8,0.2032,28,step_limit,0.2342,10778.2
210,4,39,676,415.832,39,676,5,0.4638,705.8,0.2275,25,complete,0.1644,10810.4
211,3,55,1000,645.838,53,,9,0.453,775.1,0.3763,69,step_limit,0.2181,10859.2
212,3,62,1000,825.313,61,,12,0.4433,735.5,0.2673,42,step_limit,0.2017,10907.2
213,4,77,798,1002.257,77,798,13,0.3875,617.9,0.2127,17,complete,0.1355,10947.0
214,3,44,908,556.958,44,908,8,0.4644,662.2,0.2353,38,complete,0.2361,10988.8
215,3,49,958,577.256,49,958,8,0.5195,774.8,0.2742,32,complete,0.2778,11036.5
216,4,29,598,297.211,29,598,4,0.6028,969.7,0.2148,30,complete,0.2962,11063.7
217,4,36,503,449.28,36,503,6,0.4811,646.9,0.1664,11,complete,0.1762,11086.3
218,4,55,594,700.145,55,594,9,0.4798,710.4,0.1096,15,complete,0.1861,11115.5
219,3,35,842,394.357,35,842,5,0.5321,791.4,0.3222,71,complete,0.2471,11154.5
220,4,73,1000,822.29,66,,12,0.531,740.6,0.3517,47,step_limit,0.1953,11204.5
221,4,25,798,205.92,25,798,3,0.6382,850.6,0.4266,79,complete,0.3051,11241.6
222,3,30,788,306.86,30,788,4,0.5186,789.5,0.2949,53,complete,0.2511,11276.6
223,3,45,1000,484.753,43,,7,0.4813,783.4,0.199,34,step_limit,0.3042,11320.5
224,4,76,1000,722.579,60,,12,0.625,893.3,0.277,20,step_limit,0.2669,11371.0
225,4,70,1000,802.589,67,,11,0.5188,751.5,0.2722,38,step_limit,0.2163,11418.7
226,4,73,701,957.527,73,701,12,0.4868,713.4,0.2191,11,complete,0.155,11453.6
227,4,56,761,715.117,56,761,10,0.455,811.3,0.2472,18,complete,0.1538,11489.9
228,4,24,417,254.887,24,417,3,0.53,862.5,0.1946,12,complete,0.2692,11511.1
229,3,32,756,387.667,32,756,6,0.5653,776.9,0.1702,23,complete,0.3419,11546.5
230,3,62,1000,643.889,53,,10,0.413,630.1,0.3235,48,step_limit,0.1667,11592.1
231,3,27,601,307.537,27,601,4,0.5568,773.5,0.2592,38,complete,0.2879,11620.2
232,4,27,746,169.36,27,746,2,0.6645,967.3,0.337,63,complete,0.4418,11653.6
233,4,58,849,724.288,58,849,10,0.5763,894.7,0.1965,15,complete,0.2668,11693.6
234,3,56,955,727.18,56,955,10,0.4384,699.0,0.2267,34,complete,0.2049,11744.9
235,3,49,1000,552.58,47,,8,0.4917,783.8,0.2764,56,step_limit,0.2484,11794.7
236,4,71,1000,867.054,70,,12,0.5058,926.1,0.1836,18,step_limit,0.2444,11847.4
237,4,77,1000,815.761,70,,11,0.379,667.6,0.3904,37,step_limit,0.1693,11902.3
238,4,27,476,262.427,27,476,3,0.4449,765.2,0.2727,14,complete,0.1713,11929.1
239,4,37,579,368.71,37,579,4,0.6783,959.6,0.1836,15,complete,0.2847,11960.9
240,4,70,1000,829.497,67,,12,0.45,654.9,0.2479,22,step_limit,0.2004,12019.0
241,3,46,1000,538.613,46,1000,8,0.452,781.3,0.2298,29,complete,0.2211,12072.3
242,4,65,807,787.215,65,807,10,0.4263,677.0,0.2093,17,complete,0.1128,12117.8
243,4,39,674,406.219,39,674,5,0.6094,898.7,0.2205,10,complete,0.25,12155.6
244,3,51,931,684.876,51,931,10,0.4812,763.3,0.2451,34,complete,0.216,12205.8
245,3,52,1000,433.583,40,,7,0.585,793.5,0.3875,150,step_limit,0.3333,12260.6
246,4,54,570,662.096,54,570,8,0.5276,703.3,0.2302,21,complete,0.1778,12293.3
247,4,69,1000,655.177,57,,10,0.4833,777.6,0.3945,24,step_limit,0.1908,12347.1
248,3,77,1000,726.927,60,,10,0.459,796.6,0.274,38,step_limit,0.2149,12403.5
249,4,70,805,908.263,70,805,12,0.445,739.6,0.1574,12,complete,0.1844,12450.5
250,3,51,1000,628.794,50,,9,0.523,763.6,0.2527,29,step_limit,0.2667,12505.6
251,4,33,528,424.722,33,528,6,0.5488,777.3,0.2615,10,complete,0.1984,12988.4
252,3,25,658,245.812,25,658,3,0.5208,784.7,0.2913,30,complete,0.2568,13014.1
253,4,49,944,551.513,49,944,8,0.5998,952.0,0.2717,14,complete,0.3303,13050.1
254,4,26,405,302.631,26,405,4,0.4593,728.4,0.2321,14,complete,0.1471,13064.9
255,3,38,980,452.853,38,980,7,0.5065,790.9,0.3086,53,complete,0.2564,13111.8
256,3,27,833,302.621,27,833,5,0.5354,746.1,0.3388,71,complete,0.3377,13150.8
257,3,44,1000,516.716,42,,8,0.468,781.3,0.3364,71,step_limit,0.2276,13197.1
258,4,73,1000,863.222,70,,12,0.5288,793.8,0.2836,58,step_limit,0.188,13246.7
259,4,65,784,835.28,65,784,11,0.5325,816.1,0.1527,14,complete,0.2412,13285.4
260,4,49,1000,550.922,47,,9,0.5938,817.6,0.4332,47,step_limit,0.2202,13334.9
261,4,21,408,225.109,21,408,3,0.557,813.4,0.2341,14,complete,0.2102,13355.4
262,3,69,961,917.492,69,961,12,0.4443,773.7,0.2238,34,complete,0.1719,13402.0
263,3,40,910,445.96,40,910,6,0.5696,784.3,0.3567,51,complete,0.2741,13444.7
264,4,35,489,362.646,35,489,4,0.5803,811.4,0.2438,24,complete,0.2119,13467.6
265,4,52,640,669.677,52,640,9,0.3988,564.4,0.2499,18,complete,0.1306,13501.1
266,3,33,586,404.029,33,586,5,0.2975,637.1,0.1939,35,complete,0.1373,13526.6
267,4,32,428,388.805,32,428,5,0.5613,899.5,0.2089,13,complete,0.1852,13550.4
268,3,39,1000,391.531,35,,6,0.5517,763.5,0.4587,119,step_limit,0.2815,13597.0
269,4,71,840,901.285,71,840,12,0.5214,787.5,0.2203,13,complete,0.1631,13638.0
270,3,56,1000,479.009,42,,8,0.497,775.6,0.3697,79,step_limit,0.233,13688.0
271,4,66,900,816.667,66,900,11,0.5308,872.1,0.2059,19,complete,0.2424,13732.0
272,3,33,711,407.761,33,711,6,0.361,603.3,0.2497,32,complete,0.1867,13765.7
273,4,75,944,928.656,75,944,12,0.5736,893.6,0.1858,20,complete,0.2364,13811.3
274,3,63,1000,729.338,59,,10,0.4523,715.4,0.2188,48,step_limit,0.1897,13859.7
275,3,46,1000,545.107,45,,8,0.529,800.9,0.2758,37,step_limit,0.3079,13904.0
276,4,62,1000,712.645,60,,10,0.6225,980.9,0.2926,55,step_limit,0.3072,13950.5
277,4,35,565,428.28,35,565,6,0.6301,839.8,0.1544,15,complete,0.2637,13979.0
278,3,79,1000,810.251,66,,11,0.374,645.3,0.2622,53,step_limit,0.1801,14030.9
279,3,50,1000,547.538,47,,8,0.441,779.4,0.3591,56,step_limit,0.2013,14082.8
280,3,71,1000,609.59,52,,9,0.446,699.1,0.3291,97,step_limit,0.2381,14141.2
281,4,52,915,632.954,52,915,9,0.5232,843.5,0.2403,18,complete,0.3009,14192.1
282,3,55,1000,660.471,52,,10,0.4523,753.4,0.3,57,step_limit,0.2095,14247.0
283,3,44,737,573.201,44,737,8,0.3781,645.0,0.2223,25,complete,0.1348,14288.4
284,4,61,791,781.704,61,791,11,0.4611,806.5,0.2168,16,complete,0.2058,14334.6
285,4,61,1000,658.813,57,,10,0.4823,733.1,0.3429,44,step_limit,0.219,14387.8
286,4,35,499,434.234,35,499,6,0.4429,722.0,0.212,10,complete,0.175,14415.7
287,4,42,630,520.067,42,630,7,0.5536,934.6,0.3603,18,complete,0.2397,14450.2
288,3,26,550,294.442,26,550,4,0.44,786.7,0.2686,55,complete,0.1913,14480.9
289,4,71,887,906.728,71,887,12,0.5211,791.5,0.2121,31,complete,0.2063,14530.5
290,3,34,687,388.778,34,687,5,0.4299,691.3,0.2037,38,complete,0.2267,14567.0
291,4,70,886,927.211,70,886,13,0.535,807.2,0.2121,13,complete,0.2126,14617.2
292,4,25,376,305.04,25,376,4,0.4801,699.7,0.0703,10,complete,0.2,14638.8
293,4,78,1000,893.641,73,,12,0.5282,890.2,0.3107,17,step_limit,0.2143,14694.2
294,3,63,1000,774.624,60,,11,0.48,784.9,0.2144,30,step_limit,0.2453,14750.3
295,3,40,643,454.51,40,643,5,0.4946,801.8,0.1627,17,complete,0.2521,14785.6
296,3,78,1000,719.777,60,,10,0.5067,746.8,0.2615,83,step_limit,0.2479,14839.4
297,3,76,1000,1019.814,75,,14,0.412,692.4,0.2204,31,step_limit,0.1714,14895.9
298,4,42,820,492.019,42,820,7,0.4143,756.3,0.3293,57,complete,0.1882,14940.2
299,4,34,898,358.104,34,898,6,0.6311,1070.0,0.3103,20,complete,0.3227,14989.9
300,4,73,1000,680.192,59,,10,0.5575,796.6,0.3084,42,step_limit,0.2604,15047.0
301,4,74,806,915.344,74,806,11,0.3645,734.0,0.2215,15,complete,0.1667,15508.7
302,3,56,975,729.655,56,975,10,0.5169,765.6,0.2696,39,complete,0.2137,15548.2
303,4,24,378,217.147,24,378,2,0.504,809.9,0.1881,16,complete,0.1744,15564.4
304,4,67,1000,756.006,64,,10,0.5843,979.4,0.225,27,step_limit,0.2857,15603.0
305,3,69,1000,774.409,61,,11,0.4457,798.1,0.2058,40,step_limit,0.2268,15642.7
306,3,30,531,340.24,30,531,4,0.4532,751.1,0.2573,38,complete,0.1813,15663.1
307,4,46,614,580.605,46,614,8,0.4157,631.6,0.1423,19,complete,0.1599,15686.4
308,3,45,818,547.293,45,818,7,0.4686,781.8,0.3323,57,complete,0.2351,15724.2
309,4,80,1000,963.325,77,,13,0.5767,945.0,0.174,15,step_limit,0.286,15776.8
310,3,26,464,279.957,26,464,3,0.5244,769.7,0.1387,14,complete,0.2179,15801.6
311,3,52,1000,644.381,50,,9,0.4627,708.9,0.3192,113,step_limit,0.2182,15848.9
312,3,42,815,548.121,42,815,8,0.526,766.3,0.3144,56,complete,0.2271,15887.0
313,3,60,990,787.42,60,990,11,0.4764,757.8,0.1734,17,complete,0.2608,15936.3
314,3,78,1000,786.577,60,,12,0.458,728.6,0.2256,32,step_limit,0.2429,15982.2
315,4,51,1000,506.933,49,,7,0.6435,989.1,0.3134,25,step_limit,0.3463,16031.6
316,4,58,688,788.204,58,688,11,0.4945,837.2,0.1656,13,complete,0.1675,16066.8
317,4,75,1000,852.635,71,,11,0.5465,844.9,0.3699,19,step_limit,0.2339,16120.0
318,4,56,1000,670.486,55,,10,0.5845,965.3,0.2413,13,step_limit,0.2807,16170.5
319,3,69,1000,626.63,52,,10,0.4557,691.8,0.2628,56,step_limit,0.2424,16218.5
320,4,45,662,564.169,45,662,8,0.5921,860.5,0.2142,12,complete,0.2972,16250.5
321,4,28,551,307.86,28,551,4,0.598,905.0,0.1702,11,complete,0.2845,16277.3
322,4,59,814,755.447,59,814,10,0.3246,605.0,0.1937,19,complete,0.1542,16314.8
323,3,44,1000,363.061,36,,6,0.5683,790.1,0.3606,121,step_limit,0.2947,16363.0
324,3,25,551,245.626,25,551,3,0.3733,579.2,0.2498,45,complete,0.1845,16393.6
325,4,65,719,839.105,65,719,11,0.4997,763.1,0.2439,27,complete,0.1769,16433.8
326,3,31,547,382.467,31,547,5,0.4936,766.7,0.1394,19,complete,0.2167,16465.4
327,4,67,859,842.876,67,859,11,0.5681,871.0,0.2303,23,complete,0.2417,16514.3
328,3,65,1000,646.045,53,,10,0.3357,737.6,0.2232,46,step_limit,0.1696,16568.5
329,4,33,485,358.927,33,485,4,0.568,866.8,0.1833,11,complete,0.2377,16596.0
330,4,76,1000,982.526,74,,14,0.537,790.2,0.3098,31,step_limit,0.1953,16653.5
331,3,76,1000,754.066,60,,11,0.4597,756.6,0.2817,42,step_limit,0.2108,16708.7
332,4,75,999,980.632,75,999,14,0.4755,802.5,0.2019,19,complete,0.1923,16765.5
333,3,26,505,282.2,26,505,3,0.4363,781.1,0.2013,33,complete,0.2056,16794.1
334,3,63,1000,757.457,61,,10,0.4423,752.8,0.2612,64,step_limit,0.2174,16849.5
335,4,28,409,287.254,28,409,3,0.5874,851.9,0.1326,10,complete,0.235,16871.0
336,3,54,1000,684.317,53,,10,0.4807,769.3,0.3174,65,step_limit,0.2164,16926.5
337,3,65,1000,726.449,59,,10,0.521,793.6,0.3027,50,step_limit,0.2529,16981.7
338,3,68,1000,680.759,56,,10,0.4617,786.4,0.2761,27,step_limit,0.2409,17039.2
339,4,47,516,606.628,47,516,8,0.405,657.2,0.1223,10,complete,0.15,17069.6
340,3,73,1000,808.938,62,,12,0.4937,762.7,0.2046,23,step_limit,0.2599,17126.3
341,3,64,1000,651.747,55,,9,0.5473,796.5,0.248,60,step_limit,0.2845,17185.1
342,3,26,531,284.801,26,531,3,0.3741,712.7,0.1593,38,complete,0.1579,17215.5
343,4,58,799,741.474,58,799,10,0.5429,830.2,0.2372,17,complete,0.267,17261.8
344,4,23,338,224.306,23,338,2,0.3469,657.4,0.1154,9,complete,0.1875,17279.0
345,4,53,733,705.971,53,733,10,0.5638,1019.2,0.1468,13,complete,0.2694,17319.6
346,3,21,537,221.261,21,537,3,0.5016,714.0,0.2368,21,complete,0.2847,17348.9
347,4,39,634,482.117,39,634,7,0.5517,765.3,0.2537,12,complete,0.2191,17384.4
348,4,46,545,522.226,46,545,6,0.4748,620.7,0.243,29,complete,0.1531,17415.2
349,4,37,503,467.08,37,503,6,0.4717,867.4,0.0919,8,complete,0.2329,17444.5
350,3,42,906,544.62,42,906,8,0.5162,790.6,0.2352,26,complete,0.2857,17493.5
351,4,54,761,681.227,54,761,9,0.5309,929.5,0.1704,37,complete,0.197,17964.2
352,4,69,887,841.465,69,887,11,0.5468,955.5,0.2205,21,complete,0.262,17999.6
353,3,44,1000,517.32,43,,8,0.4893,706.6,0.2627,51,step_limit,0.2386,18042.4
354,3,49,749,624.13,49,749,8,0.4673,756.5,0.207,24,complete,0.2161,18070.9
355,3,28,570,343.214,28,570,5,0.462,692.1,0.2334,27,complete,0.1989,18091.4
356,3,79,1000,971.847,71,,14,0.362,636.0,0.2326,40,step_limit,0.1667,18132.6
357,4,71,743,932.246,71,743,12,0.4034,592.4,0.266,25,complete,0.1271,18163.6
358,3,30,569,367.85,30,569,5,0.539,776.9,0.1441,18,complete,0.3011,18189.9
359,3,74,1000,690.295,58,,10,0.398,579.7,0.3021,30,step_limit,0.1384,18236.4
360,4,47,632,594.49,47,632,8,0.5376,858.6,0.2079,12,complete,0.2139,18266.8
361,3,43,764,534.294,43,764,7,0.4546,784.7,0.1782,20,complete,0.2424,18303.4
362,4,78,851,1007.586,78,851,13,0.5147,756.5,0.2092,11,complete,0.1866,18346.5
363,4,70,767,945.526,70,767,13,0.4283,708.6,0.1535,12,complete,0.1673,18385.5
364,3,64,1000,489.114,46,,7,0.5167,721.5,0.5391,176,step_limit,0.2109,18431.8
365,3,63,1000,562.652,50,,8,0.5217,791.9,0.2646,52,step_limit,0.2966,18478.7
366,3,44,949,543.264,44,949,8,0.4921,780.9,0.2558,43,complete,0.2756,18526.7
367,4,38,539,432.135,38,539,5,0.5705,937.0,0.1614,15,complete,0.2692,18553.8
368,3,37,741,433.838,37,741,6,0.3891,532.2,0.2731,39,complete,0.177,18589.7
369,3,42,697,496.276,42,697,6,0.4998,675.4,0.3511,60,complete,0.1732,18623.1
370,3,70,1000,804.454,63,,11,0.465,756.4,0.2468,39,step_limit,0.2568,18677.6
371,3,40,805,498.175,40,805,7,0.453,754.5,0.2423,38,complete,0.25,18722.9
372,4,29,350,336.455,29,350,4,0.47,575.0,0.1551,6,complete,0.145,18741.6
373,3,79,1000,869.451,70,,11,0.44,778.0,0.2886,48,step_limit,0.1873,18797.2
374,3,40,1000,360.932,37,,5,0.4587,763.4,0.262,61,step_limit,0.2694,18849.5
375,3,28,660,285.893,28,660,4,0.3904,677.0,0.2101,34,complete,0.1765,18886.2
376,3,40,943,476.68,40,943,7,0.5323,796.5,0.2981,60,complete,0.2795,18937.7
377,3,72,1000,658.958,57,,9,0.4713,782.9,0.1982,34,step_limit,0.2798,18993.3
378,4,61,889,704.407,61,889,9,0.4727,853.6,0.3328,24,complete,0.2279,19042.1
379,4,68,851,846.266,68,851,11,0.5476,936.3,0.186,27,complete,0.2392,19089.0
380,3,24,471,259.457,24,471,3,0.4848,751.4,0.1492,18,complete,0.2847,19114.4
381,3,52,1000,590.56,50,,8,0.5427,783.2,0.294,38,step_limit,0.2981,19169.2
382,4,35,496,405.029,35,496,5,0.5005,838.6,0.1012,10,complete,0.2462,19195.2
383,3,47,901,608.161,47,901,9,0.5054,786.8,0.2085,37,complete,0.26,19245.9
384,3,28,428,309.524,28,428,3,0.4034,749.4,0.0905,17,complete,0.2467,19270.5
385,4,70,831,906.297,70,831,12,0.5388,804.9,0.1685,23,complete,0.2653,19317.2
386,4,71,926,889.591,71,926,12,0.4511,780.7,0.3634,29,complete,0.166,19369.5
387,3,49,715,629.24,49,715,8,0.3329,637.7,0.2,32,complete,0.1569,19410.6
388,3,21,430,230.657,21,430,3,0.5302,773.6,0.3132,35,complete,0.2045,19435.4
389,4,60,900,772.187,60,900,11,0.4031,609.7,0.3423,47,complete,0.194,19485.3
390,4,30,591,317.733,30,591,4,0.5998,826.8,0.4142,46,complete,0.2612,19518.5
391,3,51,692,685.528,51,692,9,0.3155,656.1,0.1354,16,complete,0.1486,19556.8
392,3,39,803,484.41,39,803,7,0.5077,744.4,0.3196,38,complete,0.2778,19600.2
393,4,73,888,994.896,73,888,14,0.3775,605.3,0.2572,32,complete,0.1485,19652.4
394,3,32,757,359.577,32,757,5,0.4901,797.0,0.2789,60,complete,0.2978,19692.8
395,4,70,734,915.109,70,734,12,0.4833,728.1,0.2183,14,complete,0.15,19735.1
396,4,28,413,293.137,28,413,3,0.4946,673.9,0.3073,16,complete,0.2358,19758.8
397,3,39,842,440.732,39,842,6,0.5182,802.9,0.3025,67,complete,0.2689,19803.9
398,3,40,757,503.065,40,757,7,0.4557,678.3,0.2389,32,complete,0.2414,19848.3
399,3,51,1000,644.124,50,,9,0.5427,790.4,0.4068,150,step_limit,0.243,19900.4
400,3,79,1000,581.454,55,,8,0.4543,720.4,0.3421,66,step_limit,0.2253,19957.8
401,3,63,1000,737.986,59,,10,0.4753,711.5,0.2502,31,step_limit,0.2389,20438.4
402,3,32,684,409.318,32,684,6,0.4596,755.8,0.2623,68,complete,0.2676,20461.2
403,3,76,1000,853.539,66,,12,0.3843,763.0,0.2129,32,step_limit,0.1985,20499.5
404,4,23,379,253.692,23,379,3,0.5495,724.1,0.3048,16,complete,0.2128,20513.9
405,3,67,1000,728.279,57,,11,0.5087,741.8,0.2123,31,step_limit,0.2477,20553.6
406,3,48,707,585.402,48,707,7,0.4507,748.3,0.1834,27,complete,0.1899,20583.5
407,3,72,1000,746.108,59,,11,0.4437,680.7,0.2785,59,step_limit,0.1983,20623.5
408,4,79,1000,892.228,72,,13,0.5308,818.1,0.2636,25,step_limit,0.2591,20669.3
409,4,28,420,325.671,28,420,4,0.4077,511.5,0.2304,10,complete,0.1447,20685.5
410,4,46,921,536.36,46,921,8,0.4951,842.2,0.3542,69,complete,0.2428,20721.8
411,4,69,1000,704.191,62,,10,0.5697,910.9,0.242,20,step_limit,0.2883,20766.0
412,3,47,993,569.299,47,993,8,0.4532,776.7,0.3098,34,complete,0.25,20812.8
413,4,45,655,540.538,45,655,7,0.5092,809.0,0.2654,31,complete,0.2122,20845.9
414,3,76,1000,774.242,64,,10,0.4713,787.9,0.2818,54,step_limit,0.2167,20892.6
415,3,79,1000,697.016,59,,10,0.3993,644.8,0.3153,64,step_limit,0.227,20947.0
416,3,20,390,234.5,20,390,3,0.4991,761.8,0.2432,25,complete,0.1583,20968.3
417,3,45,744,549.493,45,744,7,0.4534,761.4,0.2273,25,complete,0.233,21008.1
418,3,75,1000,847.54,68,,11,0.478,700.2,0.2005,57,step_limit,0.2452,21063.1
419,4,78,1000,845.851,70,,12,0.5445,811.6,0.3208,22,step_limit,0.2536,21123.2
420,4,33,481,350.469,33,481,4,0.4595,859.0,0.306,34,complete,0.1667,21150.2
421,3,62,1000,780.663,60,,11,0.478,794.2,0.1858,31,step_limit,0.2599,21206.5
422,4,51,904,639.801,51,904,9,0.6048,967.2,0.3135,92,complete,0.3071,21258.2
423,3,44,789,541.375,44,789,7,0.4884,795.4,0.2009,27,complete,0.2907,21301.2
424,3,33,717,409.054,33,717,6,0.5435,784.2,0.1963,26,complete,0.3117,21343.5
425,3,33,715,378.35,33,715,5,0.3068,504.2,0.2664,45,complete,0.1532,21382.4
426,4,24,398,225.63,24,398,2,0.4874,791.7,0.2779,11,complete,0.2353,21404.3
427,3,64,1000,774.638,60,,11,0.521,770.1,0.1732,23,step_limit,0.2586,21459.2
428,4,53,945,652.887,53,945,10,0.6111,1037.7,0.1965,14,complete,0.3695,21513.4
429,3,36,824,384.513,36,824,5,0.479,714.1,0.3734,135,complete,0.2235,21560.8
430,4,48,948,566.722,48,948,8,0.6129,882.1,0.362,49,complete,0.2959,21613.8
431,3,56,1000,606.704,50,,9,0.5073,795.4,0.2468,38,step_limit,0.2294,21666.9
432,3,45,817,576.49,45,817,8,0.4802,740.3,0.2293,36,complete,0.2316,21711.9
433,4,25,381,226.232,25,381,2,0.5892,878.9,0.1361,15,complete,0.3261,21733.6
434,3,58,954,770.866,58,954,11,0.47,709.3,0.165,41,complete,0.2768,21787.5
435,3,72,1000,479.821,45,,8,0.5303,748.5,0.4713,250,step_limit,0.2876,21841.7
436,3,71,1000,519.48,46,,8,0.254,534.5,0.4082,360,step_limit,0.1287,21897.4
437,3,53,937,697.382,53,937,10,0.5059,796.8,0.1667,24,complete,0.2758,21949.6
438,4,31,715,299.877,31,715,4,0.6073,923.4,0.4141,36,complete,0.3033,21989.0
439,4,77,1000,944.571,75,,13,0.514,844.1,0.2685,49,step_limit,0.2032,22043.4
440,3,73,1000,738.762,61,,10,0.4533,726.5,0.1895,34,step_limit,0.2764,22098.9
441,4,27,406,314.056,27,406,4,0.4206,584.7,0.1943,24,complete,0.1422,22120.4
442,3,20,502,190.325,20,502,2,0.5199,774.1,0.3338,30,complete,0.26,22148.6
443,4,73,866,947.349,73,866,13,0.4264,652.7,0.2518,12,complete,0.1515,22199.0
444,3,56,905,751.743,56,905,10,0.4538,763.1,0.2833,134,complete,0.2284,22249.7
445,4,20,353,186.78,20,353,2,0.6459,915.1,0.1664,12,complete,0.2432,22270.1
446,3,26,537,268.709,26,537,3,0.3942,730.9,0.2519,49,complete,0.1605,22298.9
447,3,41,694,523.851,41,694,7,0.3679,647.6,0.3043,66,complete,0.1789,22336.5
448,4,73,825,960.874,73,825,13,0.4958,839.0,0.1966,12,complete,0.1931,22375.8
449,3,56,1000,644.45,53,,9,0.414,680.9,0.2519,43,step_limit,0.2336,22423.5
450,3,35,740,437.96,35,740,6,0.486,794.1,0.2967,39,complete,0.2703,22458.1
451,4,77,910,1035.086,77,910,14,0.3415,620.6,0.2591,27,complete,0.1042,22920.6
452,3,22,465,236.35,22,465,3,0.3864,703.4,0.1587,27,complete,0.2628,22939.5
453,4,47,748,600.318,47,748,9,0.4171,766.9,0.2937,25,complete,0.1888,22971.7
454,4,72,940,893.683,72,940,12,0.5782,858.2,0.2245,41,complete,0.2645,23013.2
455,4,63,1000,731.962,60,,11,0.5907,960.7,0.2624,20,step_limit,0.2958,23053.4
456,3,73,1000,822.175,65,,11,0.4837,757.7,0.2376,67,step_limit,0.2231,23094.7
457,4,36,670,452.522,36,670,7,0.591,911.4,0.2764,17,complete,0.3031,23124.4
458,4,78,855,1037.862,78,855,14,0.4404,746.3,0.2291,15,complete,0.1846,23165.9
459,4,45,677,500.707,45,677,6,0.6052,1021.3,0.2949,22,complete,0.2471,23197.7
460,3,70,1000,646.811,56,,9,0.4913,776.3,0.2574,62,step_limit,0.2324,23244.3
461,3,39,739,507.499,39,739,7,0.4614,789.6,0.2622,50,complete,0.2412,23278.6
462,4,62,1000,691.716,59,,10,0.552,817.9,0.2963,36,step_limit,0.2618,23328.2
463,3,67,1000,763.342,62,,10,0.4733,771.8,0.2385,32,step_limit,0.2269,23374.6
464,3,33,572,389.331,33,572,5,0.4015,599.3,0.2429,35,complete,0.1784,23406.5
465,4,80,1000,836.245,68,,12,0.5887,843.3,0.2806,43,step_limit,0.2829,23462.9
466,4,42,508,525.347,42,508,7,0.4779,750.6,0.1525,10,complete,0.1453,23492.6
467,3,63,943,822.539,63,943,11,0.4238,788.4,0.1718,25,complete,0.2406,23542.9
468,3,78,1000,770.104,62,,11,0.4617,717.8,0.2205,39,step_limit,0.2043,23599.4
469,4,48,797,546.812,48,797,8,0.4131,682.1,0.3028,41,complete,0.1944,23646.4
470,4,70,989,919.571,70,989,13,0.5753,954.5,0.2246,24,complete,0.2591,23705.6
471,3,24,432,298.702,24,432,4,0.4167,761.2,0.1426,13,complete,0.2436,23729.3
472,4,62,868,808.306,62,868,12,0.4571,774.2,0.2762,25,complete,0.2201,23776.9
473,3,30,772,334.02,30,772,5,0.4568,786.2,0.292,31,complete,0.2731,23817.2
474,3,37,862,415.337,37,862,6,0.507,794.3,0.236,32,complete,0.3106,23866.4
475,3,71,1000,763.976,61,,11,0.4727,736.8,0.2449,38,step_limit,0.2158,23920.2
476,3,29,624,321.587,29,624,4,0.4493,726.0,0.1805,22,complete,0.2381,23955.4
477,3,36,628,419.302,36,628,5,0.4798,792.0,0.1718,13,complete,0.2066,23991.2
478,3,52,963,688.331,52,963,10,0.5192,796.4,0.2358,77,complete,0.2719,24045.2
479,4,75,1000,780.267,67,,11,0.5242,846.3,0.3323,86,step_limit,0.244,24100.9
480,4,64,745,866.075,64,745,12,0.4836,865.3,0.2039,16,complete,0.1853,24142.7
481,3,70,1000,699.91,55,,11,0.4937,720.4,0.2775,37,step_limit,0.2536,24198.3
482,4,39,549,466.604,39,549,6,0.4658,803.4,0.1965,11,complete,0.1867,24229.4
483,4,51,1000,561.051,50,,7,0.6412,826.7,0.5508,256,step_limit,0.3257,24284.2
484,4,43,687,499.432,43,687,7,0.5418,923.7,0.2468,19,complete,0.2472,24321.8
485,3,36,830,454.467,36,830,7,0.4847,785.1,0.2732,37,complete,0.249,24367.0
486,3,53,1000,625.115,51,,9,0.3903,689.8,0.295,45,step_limit,0.2222,24422.8
487,4,34,357,383.826,34,357,4,0.5119,808.2,0.1203,12,complete,0.2028,24444.6
488,3,73,1000,785.877,60,,12,0.4587,799.5,0.1969,31,step_limit,0.2527,24499.4
489,4,52,609,639.878,52,609,8,0.4766,814.3,0.1728,10,complete,0.1966,24533.9
490,4,40,528,512.06,40,528,7,0.5284,842.3,0.2488,19,complete,0.22,24564.1
491,3,47,731,631.172,47,731,9,0.399,588.9,0.2224,67,complete,0.1573,24602.2
492,3,71,1000,780.534,62,,11,0.4703,785.2,0.1805,43,step_limit,0.2448,24652.2
493,3,46,792,557.57,46,792,7,0.4364,775.8,0.2177,27,complete,0.2397,24689.3
494,3,47,848,585.63,47,848,8,0.4847,784.5,0.1761,23,complete,0.2361,24730.1
495,3,45,1000,476.213,40,,7,0.5463,782.8,0.5184,304,step_limit,0.2316,24777.5
496,4,65,933,836.538,65,933,12,0.4043,657.5,0.2889,20,complete,0.1687,24823.8
497,3,35,612,415.323,35,612,5,0.3943,704.6,0.2033,41,complete,0.2077,24853.3
498,4,39,881,437.663,39,881,7,0.6178,1008.4,0.2645,26,complete,0.3763,24896.9
499,4,28,409,324.297,28,409,4,0.5562,871.6,0.1926,20,complete,0.283,24911.7
500,3,49,954,579.158,49,954,8,0.5287,788.6,0.2138,29,complete,0.3013,24961.8
501,4,26,559,249.794,26,559,3,0.5581,882.4,0.2495,11,complete,0.2937,25432.9
502,4,69,969,871.762,69,969,12,0.4404,711.5,0.219,24,complete,0.1835,25485.4
503,4,44,680,561.818,44,680,8,0.5485,845.9,0.2131,11,complete,0.2612,25518.1
504,4,34,559,348.934,34,559,4,0.6284,917.7,0.2681,18,complete,0.337,25544.8
505,4,77,1000,505.47,52,,9,0.607,893.0,0.2925,68,step_limit,0.3017,25593.0
506,4,55,772,701.142,55,772,10,0.4307,675.5,0.2849,22,complete,0.1792,25629.8
507,3,61,853,847.028,61,853,12,0.3908,597.7,0.1874,24,complete,0.1743,25670.9
508,3,24,475,268.137,24,475,3,0.4547,730.6,0.1605,25,complete,0.2222,25691.6
509,3,48,1000,552.294,47,,8,0.5177,788.7,0.2643,34,step_limit,0.2956,25740.2
510,4,71,1000,600.496,57,,9,0.5715,886.2,0.375,48,step_limit,0.2561,25786.1
511,4,39,732,439.879,39,732,6,0.6004,898.5,0.2331,33,complete,0.3343,25822.3
512,4,29,319,345.364,29,319,4,0.3817,630.4,0.1927,20,complete,0.1277,25838.3
513,4,46,819,506.266,46,819,7,0.5183,823.7,0.2679,22,complete,0.2605,25877.6
514,3,49,963,625.094,49,963,9,0.5275,768.8,0.2061,25,complete,0.2966,25922.6
515,3,70,1000,903.18,66,,13,0.4707,758.0,0.1803,28,step_limit,0.265,25970.6
516,4,63,1000,732.749,62,,10,0.6258,1058.1,0.2131,17,step_limit,0.3563,26019.4
517,4,44,752,526.511,44,752,8,0.5502,880.4,0.1627,11,complete,0.2812,26060.2
518,3,57,1000,618.153,52,,9,0.5443,783.8,0.2449,33,step_limit,0.3424,26115.6
519,4,34,458,370.668,34,458,4,0.6021,842.1,0.213,10,complete,0.2381,26139.8
520,3,68,1000,680.44,57,,10,0.3657,600.4,0.4021,92,step_limit,0.1947,26194.5
521,4,71,1000,881.792,68,,13,0.5703,922.4,0.2907,14,step_limit,0.2805,26251.9
522,3,72,1000,877.529,67,,12,0.4807,784.2,0.2054,24,step_limit,0.2473,26305.8
523,3,27,670,250.044,27,670,3,0.4433,733.9,0.3984,76,complete,0.2865,26340.9
524,3,37,783,399.367,37,783,5,0.5449,791.3,0.2198,33,complete,0.313,26384.6
525,3,79,1000,837.333,68,,11,0.4797,714.9,0.2373,50,step_limit,0.237,26438.4
526,3,39,938,458.998,39,938,7,0.5096,776.1,0.2555,77,complete,0.2889,26491.3
527,3,42,746,556.891,42,746,8,0.4513,778.8,0.186,26,complete,0.2462,26531.7
528,3,51,780,663.229,51,780,9,0.4538,703.9,0.1308,18,complete,0.2175,26576.7
529,3,21,423,236.496,21,423,3,0.4846,784.0,0.2254,35,complete,0.2101,26600.7
530,4,34,523,368.562,34,523,4,0.5746,830.5,0.25,20,complete,0.2831,26630.3
531,4,64,925,786.225,64,925,11,0.5351,924.5,0.1689,23,complete,0.2642,26682.7
532,4,78,982,1039.366,78,982,15,0.4193,598.2,0.2274,36,complete,0.1545,26739.4
533,4,68,1000,845.329,66,,12,0.5857,883.6,0.3223,120,step_limit,0.2731,26795.0
534,3,25,452,300.808,25,452,4,0.5199,789.5,0.1608,13,complete,0.2418,26819.7
535,3,25,739,211.462,25,739,2,0.5422,730.0,0.487,229,complete,0.3177,26856.1
536,4,71,804,919.401,71,804,12,0.4975,841.7,0.1855,10,complete,0.2076,26898.2
537,4,31,640,303.355,31,640,4,0.6,884.6,0.2197,14,complete,0.3169,26926.6
538,4,55,825,704.367,55,825,10,0.5606,960.0,0.1909,13,complete,0.2874,26967.8
539,3,46,770,589.039,46,770,8,0.4338,721.0,0.2114,31,complete,0.2333,27003.3
540,4,50,691,572.2,50,691,7,0.3958,616.8,0.2873,29,complete,0.1224,27036.6
541,4,25,348,279.632,25,348,3,0.4914,695.7,0.1971,11,complete,0.1628,27050.7
542,4,65,807,794.68,65,807,10,0.5598,860.4,0.1775,13,complete,0.2313,27084.8
543,3,32,569,383.002,32,569,5,0.3866,608.6,0.3468,71,complete,0.2319,27108.5
544,4,60,819,777.127,60,819,11,0.5366,910.3,0.2237,25,complete,0.1968,27141.7
545,3,74,1000,859.881,66,,12,0.486,783.7,0.1712,18,step_limit,0.2257,27180.7
546,3,45,1000,433.087,40,,6,0.554,797.8,0.4459,149,step_limit,0.2912,27220.2
547,3,37,571,473.194,37,571,6,0.4635,608.6,0.2031,41,complete,0.1435,27243.3
548,3,63,1000,699.638,57,,9,0.4897,700.0,0.5156,365,step_limit,0.1964,27286.2
549,4,55,627,699.698,55,627,9,0.5148,789.8,0.1574,10,complete,0.225,27312.4
550,4,30,854,202.08,30,854,3,0.5849,928.2,0.4827,152,complete,0.3094,27346.9
551,4,33,315,353.982,33,315,3,0.4317,546.4,0.1499,10,complete,0.1368,27871.9
552,4,71,770,959.645,71,770,13,0.4198,733.4,0.1971,21,complete,0.2004,27918.3
553,4,68,986,846.86,68,986,12,0.5393,914.7,0.2839,13,complete,0.2541,27972.0
554,3,74,1000,833.632,65,,12,0.4323,691.0,0.2025,48,step_limit,0.2249,28027.7
555,4,59,1000,503.729,50,,8,0.6418,885.4,0.342,31,step_limit,0.3102,28079.9
556,4,41,663,461.87,41,663,6,0.589,955.8,0.25,14,complete,0.3056,28116.3
557,3,71,1000,942.392,70,,13,0.4373,658.7,0.2477,37,step_limit,0.1628,28170.2
558,4,50,623,651.776,50,623,9,0.4868,714.0,0.1432,15,complete,0.2101,28202.8
559,4,57,868,732.354,57,868,10,0.5648,1023.8,0.1921,18,complete,0.2455,28244.3
560,4,42,573,531.347,42,573,7,0.3429,616.0,0.1686,13,complete,0.1469,28272.7
561,4,27,497,266.787,27,497,3,0.6167,964.8,0.2541,10,complete,0.3036,28298.0
562,4,47,815,545.664,47,815,8,0.6433,1021.1,0.239,20,complete,0.299,28335.9
563,3,78,1000,876.677,69,,12,0.4657,639.9,0.1462,18,step_limit,0.2554,28383.9
564,4,30,431,294.067,30,431,3,0.4548,848.4,0.3129,41,complete,0.1786,28406.7
565,4,22,376,254.56,22,376,4,0.4235,698.1,0.1946,17,complete,0.1977,28423.3
566,3,49,848,645.925,49,848,9,0.4744,795.0,0.1283,30,complete,0.2524,28465.3
567,3,78,1000,805.604,62,,12,0.4933,796.3,0.1605,30,step_limit,0.2827,28514.6
568,4,67,1000,634.663,58,,9,0.6342,955.9,0.2517,33,step_limit,0.355,28563.1
569,4,70,936,915.96,70,936,13,0.508,806.5,0.2199,36,complete,0.2365,28607.9
570,3,72,1000,753.388,59,,11,0.404,736.8,0.3427,53,step_limit,0.2366,28655.9
571,4,49,1000,403.739,42,,5,0.5777,755.5,0.6238,319,step_limit,0.2115,28706.3
572,4,75,934,937.008,75,934,12,0.5562,1017.1,0.1867,18,complete,0.2372,28757.8
573,4,66,800,866.485,66,800,12,0.5447,875.7,0.2091,12,complete,0.2013,28804.6
574,4,44,921,503.905,44,921,7,0.56,887.2,0.3421,41,complete,0.2672,28854.7
575,4,78,748,1060.608,78,748,14,0.4602,839.4,0.1422,10,complete,0.1492,28897.7
576,3,69,1000,720.713,59,,10,0.5197,784.3,0.221,31,step_limit,0.2841,28955.0
577,4,24,330,232.917,24,330,2,0.4477,743.4,0.2062,11,complete,0.1905,28974.7
578,4,32,579,327.303,32,579,4,0.4568,696.1,0.2688,17,complete,0.1692,29006.6
579,4,26,397,307.166,26,397,4,0.4169,672.5,0.1472,7,complete,0.2364,29027.1
580,4,60,779,792.227,60,779,11,0.4984,831.6,0.1698,18,complete,0.1762,29070.4
581,3,47,1000,539.583,46,,8,0.5167,785.8,0.2252,58,step_limit,0.3086,29126.6
582,3,36,676,446.587,36,676,6,0.4527,738.8,0.2741,54,complete,0.25,29161.3
583,4,65,864,857.982,65,864,12,0.5145,903.1,0.256,43,complete,0.2152,29203.9
584,3,54,1000,631.544,52,,9,0.4837,794.8,0.2425,53,step_limit,0.2551,29252.4
585,4,72,1000,845.956,65,,13,0.5905,877.5,0.2316,51,step_limit,0.2765,29299.7
586,4,37,555,440.708,37,555,6,0.5793,827.4,0.2142,23,complete,0.2714,29323.9
587,3,49,899,598.214,49,899,8,0.4876,776.4,0.2186,37,complete,0.2795,29360.7
588,3,57,985,724.118,57,985,10,0.4778,750.9,0.2128,26,complete,0.2419,29401.0
589,3,50,916,648.152,50,916,9,0.472,709.9,0.164,33,complete,0.2599,29438.3
590,3,47,703,645.021,47,703,9,0.4315,803.0,0.1988,36,complete,0.2078,29467.8
591,4,64,1000,557.225,54,,8,0.6018,1038.4,0.2784,19,step_limit,0.3226,29511.5
592,4,22,482,228.756,22,482,3,0.5,855.2,0.3786,32,complete,0.2361,29532.9
593,4,51,611,622.352,51,611,8,0.5753,818.4,0.1757,27,complete,0.2213,29558.9
594,3,40,873,449.072,40,873,6,0.4773,778.2,0.2726,37,complete,0.293,29593.5
595,4,26,645,267.785,26,645,4,0.6054,856.1,0.2464,17,complete,0.2879,29617.6
596,4,26,335,325.415,26,335,4,0.3164,695.4,0.063,4,complete,0.1818,29631.6
597,3,21,409,206.416,21,409,2,0.5037,733.4,0.2423,45,complete,0.2424,29648.8
598,3,23,400,230.848,23,400,2,0.4508,788.8,0.1708,18,complete,0.2171,29668.3
599,3,77,1000,768.305,65,,10,0.509,792.7,0.2473,72,step_limit,0.2683,29718.7
600,4,68,1000,589.418,55,,9,0.608,1016.7,0.1944,13,step_limit,0.3599,29767.4
601,3,20,474,191.36,20,474,2,0.4473,795.4,0.1668,17,complete,0.303,30319.1
602,4,72,883,953.73,72,883,13,0.4833,815.9,0.2577,19,complete,0.1915,30368.2
603,4,60,704,789.98,60,704,11,0.4513,768.9,0.2376,21,complete,0.1736,30410.9
604,4,68,631,919.042,68,631,12,0.4093,600.6,0.1756,19,complete,0.137,30448.4
605,3,73,1000,779.542,62,,11,0.5013,760.8,0.2229,35,step_limit,0.3159,30505.1
606,4,51,846,574.074,51,846,8,0.5975,933.0,0.324,33,complete,0.2781,30553.4
607,3,48,1000,552.006,45,,8,0.4623,752.0,0.315,48,step_limit,0.24,30604.4
608,4,67,709,897.95,67,709,12,0.4051,620.1,0.1862,12,complete,0.1533,30645.9
609,3,51,1000,593.406,50,,8,0.5173,783.1,0.2254,38,step_limit,0.3233,30698.6
610,3,72,991,963.603,72,991,13,0.3394,675.0,0.1875,27,complete,0.2172,30746.4
611,3,77,1000,840.383,65,,12,0.505,736.5,0.2354,37,step_limit,0.2049,30797.4
612,3,42,864,499.93,42,864,7,0.5096,803.1,0.2355,29,complete,0.3296,30839.0
613,3,40,606,524.628,40,606,7,0.4224,666.1,0.1944,31,complete,0.213,30869.1
614,3,42,768,526.146,42,768,7,0.5026,756.0,0.2275,28,complete,0.2424,30907.2
615,3,80,1000,971.375,71,,14,0.3647,658.1,0.2194,37,step_limit,0.1825,30960.1
616,4,26,490,276.323,26,490,4,0.4898,819.9,0.2403,13,complete,0.2227,30983.3
617,4,75,1000,873.947,72,,12,0.559,825.0,0.299,23,step_limit,0.2536,31032.8
618,3,50,1000,582.258,48,,8,0.525,794.2,0.3291,95,step_limit,0.3111,31081.8
619,4,71,805,911.445,71,805,12,0.5227,772.6,0.1589,10,complete,0.2172,31124.1
620,4,55,870,685.615,55,870,10,0.5299,912.8,0.2874,52,complete,0.2867,31164.6
621,3,79,1000,771.505,60,,12,0.5013,781.6,0.3074,50,step_limit,0.2365,31211.4
622,4,56,1000,544.071,52,,7,0.6182,971.9,0.3613,87,step_limit,0.3318,31260.1
623,3,33,904,361.016,33,904,5,0.4314,697.4,0.2861,47,complete,0.3101,31308.2
624,3,72,1000,719.696,60,,10,0.465,795.1,0.1368,24,step_limit,0.2903,31363.9
625,4,47,831,596.632,47,831,9,0.568,983.6,0.3457,70,complete,0.2964,31410.8
626,3,52,885,655.312,52,885,9,0.4124,700.1,0.2247,52,complete,0.2201,31454.6
627,4,66,1000,736.315,63,,10,0.563,1011.0,0.2583,21,step_limit,0.2984,31504.8
628,3,42,811,509.534,42,811,7,0.388,700.9,0.2031,28,complete,0.2434,31541.7
629,3,31,943,350.536,31,943,6,0.4804,797.5,0.317,52,complete,0.2622,31579.9
630,3,65,1000,633.56,53,,9,0.5053,800.9,0.3512,57,step_limit,0.261,31621.8
631,3,20,408,199.88,20,408,2,0.433,704.8,0.2022,29,complete,0.2248,31639.0
632,3,38,963,416.384,38,963,6,0.5379,806.5,0.2651,65,complete,0.3407,31676.6
633,4,67,721,891.19,67,721,12,0.4463,694.0,0.2511,29,complete,0.1394,31709.5
634,4,47,479,644.414,47,479,9,0.4186,690.4,0.1596,11,complete,0.1386,31729.9
635,4,30,461,328.08,30,461,4,0.3785,552.3,0.2727,19,complete,0.1441,31750.6
636,3,29,638,321.198,29,638,4,0.4901,771.5,0.295,67,complete,0.3122,31778.5
637,3,71,1000,771.742,61,,11,0.5153,756.6,0.2111,65,step_limit,0.2688,31821.0
638,4,73,942,955.027,73,942,13,0.4413,736.2,0.2817,29,complete,0.2,31865.4
639,4,79,1000,770.77,68,,11,0.5813,966.3,0.2478,34,step_limit,0.2913,31910.3
640,3,22,483,239.001,22,483,3,0.4734,770.8,0.1167,18,complete,0.3133,31932.6
641,4,77,1000,918.473,73,,13,0.507,852.6,0.2666,17,step_limit,0.2613,31984.2
642,4,26,368,305.018,26,368,4,0.5183,734.6,0.1781,10,complete,0.1888,32003.2
643,4,30,398,346.333,30,398,4,0.3995,657.4,0.1094,10,complete,0.1173,32025.9
644,3,77,1000,969.512,74,,13,0.4127,735.0,0.1667,27,step_limit,0.1908,32083.5
645,3,34,649,418.242,34,649,6,0.4073,588.3,0.3323,54,complete,0.1826,32119.7
646,4,34,545,380.729,34,545,5,0.4546,635.6,0.2035,18,complete,0.2014,32150.5
647,3,37,663,490.786,37,663,7,0.451,763.3,0.236,34,complete,0.25,32185.9
648,3,55,1000,595.355,49,,8,0.409,624.8,0.4605,252,step_limit,0.2211,32238.9
649,3,20,663,160.88,20,663,2,0.5737,756.1,0.279,37,complete,0.3444,32274.1
650,4,37,480,464.432,37,480,6,0.3792,744.0,0.2197,13,complete,0.1824,32301.4
651,3,77,1000,843.025,65,,12,0.467,765.4,0.1911,23,step_limit,0.2231,32878.4
652,4,57,1000,656.253,55,,10,0.5265,842.5,0.3737,37,step_limit,0.2365,32934.2
653,4,38,542,455.72,38,542,6,0.4732,761.1,0.2017,29,complete,0.2007,32963.5
654,4,45,533,557.071,45,533,7,0.4067,788.9,0.1529,11,complete,0.1655,32993.4
655,3,40,912,479.313,40,912,7,0.4737,799.6,0.2463,56,complete,0.2862,33042.2
656,4,31,534,366.279,31,534,5,0.5379,753.6,0.1884,27,complete,0.2346,33072.0
657,4,26,496,297.56,26,496,4,0.5872,993.2,0.3102,15,complete,0.2308,33097.2
658,3,39,742,501.04,39,742,7,0.4623,786.0,0.2689,37,complete,0.2039,33139.2
659,3,51,1000,595.876,47,,9,0.5263,705.0,0.4341,139,step_limit,0.2583,33192.4
660,3,51,1000,599.353,50,,8,0.5263,784.4,0.2374,46,step_limit,0.2773,33248.6
661,3,38,1000,357.097,35,,5,0.4827,746.8,0.4126,59,step_limit,0.2743,33294.7
662,4,43,574,501.44,43,574,6,0.4708,793.1,0.2595,14,complete,0.1733,33322.0
663,4,57,722,701.66,57,722,9,0.5533,846.0,0.1855,14,complete,0.2357,33359.5
664,3,27,527,314.923,27,527,4,0.5383,772.7,0.2045,46,complete,0.2857,33385.2
665,4,59,614,812.748,59,614,11,0.4344,690.5,0.1899,12,complete,0.1526,33415.5
666,3,72,1000,809.921,64,,11,0.4607,785.1,0.1869,35,step_limit,0.2437,33464.8
667,4,45,617,542.591,45,617,7,0.5276,780.2,0.2488,19,complete,0.2083,33499.4
668,3,65,1000,643.48,52,,10,0.3917,748.8,0.2172,26,step_limit,0.2042,33551.6
669,3,66,972,840.731,66,972,11,0.4273,623.9,0.1646,27,complete,0.2057,33604.0
670,4,77,1000,861.782,68,,13,0.556,874.2,0.2527,18,step_limit,0.2405,33649.7
671,4,58,1000,538.828,50,,8,0.6255,947.0,0.377,207,step_limit,0.2824,33694.1
672,3,43,720,534.253,43,720,7,0.4287,614.6,0.2302,34,complete,0.1434,33722.5
673,4,68,991,889.472,68,991,13,0.5621,837.1,0.2498,18,complete,0.2631,33761.1
674,3,52,817,674.302,52,817,9,0.4561,788.4,0.0968,11,complete,0.2733,33794.4
675,3,42,1000,475.793,40,,8,0.5303,784.8,0.2976,75,step_limit,0.3367,33835.2
676,3,45,726,586.96,45,726,8,0.3751,679.1,0.233,42,complete,0.197,33865.7
677,3,41,738,514.489,41,738,7,0.5136,735.1,0.2364,26,complete,0.2169,33896.3
678,4,79,1000,880.03,75,,12,0.5517,874.0,0.2597,22,step_limit,0.286,33936.3
679,3,24,652,264.402,24,652,4,0.4893,797.7,0.2686,55,complete,0.2969,33962.2
680,3,52,1000,535.706,47,,8,0.5203,801.2,0.3301,51,step_limit,0.2673,34004.0
681,4,77,1000,1021.278,76,,15,0.4835,955.7,0.1471,14,step_limit,0.2705,34044.9
682,3,49,885,546.434,49,885,7,0.4113,609.2,0.2674,57,complete,0.23,34082.1
683,4,63,1000,585.835,54,,9,0.5062,794.2,0.3303,34,step_limit,0.2542,34130.6
684,3,37,721,476.032,37,721,7,0.5312,770.1,0.225,28,complete,0.3,34164.4
685,4,56,976,692.046,56,976,10,0.5284,860.4,0.2597,20,complete,0.2729,34217.3
686,3,28,553,350.999,28,553,5,0.4653,701.9,0.1682,29,complete,0.3,34250.1
687,4,77,783,1042.742,77,783,14,0.4598,705.9,0.2031,24,complete,0.1484,34300.1
688,3,45,1000,462.693,40,,7,0.5133,721.0,0.392,222,step_limit,0.2887,34353.7
689,4,70,950,890.32,70,950,12,0.5837,872.9,0.3206,31,complete,0.2227,34407.1
690,4,62,845,788.839,62,845,11,0.5423,889.1,0.2447,34,complete,0.2391,34453.3
691,3,31,605,346.305,31,605,4,0.4534,787.4,0.2978,38,complete,0.2821,34485.9
692,4,61,782,792.143,61,782,11,0.5438,912.9,0.2065,14,complete,0.2294,34530.9
693,4,60,1000,701.033,59,,10,0.6365,942.0,0.3055,33,step_limit,0.2883,34587.9
694,3,33,634,387.807,33,634,5,0.5226,797.6,0.2515,46,complete,0.2892,34623.5
695,3,29,588,358.926,29,588,5,0.5176,802.4,0.187,19,complete,0.2688,34656.1
696,4,28,457,286.449,28,457,3,0.5558,851.3,0.183,11,complete,0.2373,34682.9
697,4,35,489,442.623,35,489,6,0.521,823.8,0.1095,9,complete,0.225,34710.1
698,3,32,652,372.356,32,652,5,0.5383,778.2,0.1867,36,complete,0.3532,34745.3
699,3,62,968,808.707,62,968,11,0.3957,698.5,0.1885,47,complete,0.2143,34799.5
700,3,61,1000,778.913,60,,11,0.4603,794.8,0.1954,23,step_limit,0.2409,34855.5
701,4,72,1000,502.544,51,,8,0.4667,704.1,0.6108,332,step_limit,0.1681,35438.1
702,4,34,809,350.452,34,809,5,0.6489,1047.6,0.2925,57,complete,0.3584,35481.4
703,4,32,538,341.23,32,538,4,0.5497,919.7,0.2547,15,complete,0.3182,35511.3
704,4,74,869,974.851,74,869,13,0.5417,936.9,0.1829,12,complete,0.2246,35562.1
705,3,38,657,435.89,38,657,5,0.4876,753.1,0.1445,16,complete,0.2793,35598.8
706,4,30,363,317.88,30,363,3,0.3981,707.1,0.2095,22,complete,0.1667,35618.0
707,4,31,645,356.213,31,645,5,0.5229,848.2,0.2388,13,complete,0.3267,35654.4
708,3,63,1000,688.529,55,,10,0.4247,771.4,0.3011,103,step_limit,0.253,35709.0
709,3,20,433,230.93,20,433,3,0.5081,790.3,0.1122,17,complete,0.2741,35733.7
710,4,78,879,1065.953,78,879,15,0.4989,722.0,0.2299,24,complete,0.1856,35781.4
711,4,58,1000,707.262,56,,11,0.631,989.0,0.2308,25,step_limit,0.3417,35839.4
712,3,75,1000,880.54,68,,12,0.4643,760.2,0.1767,36,step_limit,0.2422,35893.1
713,3,69,908,910.869,69,908,12,0.366,554.9,0.2195,41,complete,0.1726,35931.2
714,3,36,890,416.708,36,890,6,0.5034,790.0,0.3152,97,complete,0.3217,35962.0
715,3,65,1000,786.082,61,,11,0.4867,784.4,0.2127,39,step_limit,0.2401,35993.8
716,4,36,515,437.644,36,515,6,0.4752,721.5,0.2723,24,complete,0.1679,36011.3
717,4,56,1000,635.179,55,,9,0.6408,1011.8,0.3182,94,step_limit,0.3487,36045.5
718,3,69,1000,822.852,62,,12,0.4327,724.9,0.2422,29,step_limit,0.1746,36080.9
719,3,21,398,246.56,21,398,3,0.4296,628.4,0.2129,38,complete,0.2302,36097.0
720,4,45,614,574.604,45,614,8,0.5208,841.4,0.1839,11,complete,0.25,36120.0
721,3,30,687,342.68,30,687,5,0.41,606.5,0.1977,38,complete,0.1981,36142.7
722,4,47,478,612.812,47,478,8,0.4001,734.8,0.1133,9,complete,0.1442,36162.1
723,3,51,837,656.608,51,837,9,0.4516,764.2,0.2192,37,complete,0.2268,36193.0
724,4,57,1000,660.105,55,,10,0.5715,857.7,0.2918,17,step_limit,0.2962,36229.9
725,4,29,537,259.292,29,537,3,0.6252,996.6,0.4248,62,complete,0.2625,36248.6
726,4,69,1000,777.536,62,,11,0.5212,800.4,0.3204,28,step_limit,0.2664,36287.5
727,4,36,758,438.924,36,758,7,0.6042,969.9,0.2199,16,complete,0.3576,36324.8
728,3,74,1000,744.48,59,,11,0.476,713.3,0.2589,34,step_limit,0.2849,36375.2
729,4,64,942,795.27,64,942,11,0.5555,929.0,0.2303,40,complete,0.2888,36428.2
730,3,70,1000,786.489,63,,11,0.4327,789.8,0.25,61,step_limit,0.194,36482.8
731,3,48,714,651.699,48,714,9,0.4444,737.8,0.1563,19,complete,0.2271,36524.8
732,4,37,687,383.806,37,687,5,0.6295,1011.5,0.1622,11,complete,0.352,36563.2
733,4,67,1000,763.021,62,,11,0.5423,734.4,0.4087,83,step_limit,0.1911,36617.5
734,4,54,1000,603.674,50,,10,0.6148,950.1,0.3368,41,step_limit,0.3176,36672.6
735,4,57,991,693.7,57,991,10,0.5822,1007.2,0.1668,22,complete,0.3471,36728.4
736,4,39,549,434.799,39,549,5,0.5018,731.0,0.2523,17,complete,0.1791,36759.4
737,3,29,625,315.598,29,625,4,0.4736,770.6,0.2136,66,complete,0.2103,36792.8
738,4,68,713,873.898,68,713,11,0.4884,715.9,0.1862,10,complete,0.1779,36834.0
739,3,20,461,221.93,20,461,3,0.5416,778.4,0.1938,18,complete,0.3194,36859.6
740,3,69,1000,677.917,56,,10,0.5227,771.5,0.1751,39,step_limit,0.3456,36914.7
741,4,41,777,448.608,41,777,7,0.4977,839.7,0.2865,28,complete,0.2642,36957.5
742,3,78,1000,765.842,62,,11,0.3963,710.7,0.2959,34,step_limit,0.1942,37011.3
743,3,39,747,459.105,39,747,6,0.5292,757.9,0.1877,54,complete,0.3374,37052.7
744,3,57,1000,627.405,53,,9,0.4647,725.6,0.2698,49,step_limit,0.2333,37107.9
745,3,76,536,-128.737,4,,0,0.6238,335.6,0.9438,498,no_progress,0.1146,37139.8
746,3,69,1000,728.996,57,,11,0.414,696.2,0.285,55,step_limit,0.258,37194.5
747,3,33,643,417.574,33,643,6,0.4463,775.1,0.135,26,complete,0.2593,37229.7
748,3,30,532,377.92,30,532,5,0.453,785.9,0.1785,22,complete,0.2381,37259.4
749,4,32,528,374.78,32,528,5,0.5739,885.1,0.199,10,complete,0.3125,37288.9
750,4,61,639,782.597,61,639,10,0.5196,834.8,0.2089,18,complete,0.1838,37325.2
751,4,34,535,425.235,34,535,6,0.5486,863.5,0.2337,10,complete,0.2379,37882.3
752,4,69,1000,639.049,55,,10,0.5785,1010.3,0.3913,59,step_limit,0.2585,37937.0
753,3,80,1000,808.606,65,,11,0.4347,764.6,0.2726,69,step_limit,0.232,37994.2
754,3,29,564,326.935,29,564,4,0.3611,588.6,0.2465,62,complete,0.2031,38025.0
755,3,43,808,544.241,43,808,8,0.4022,638.5,0.1882,30,complete,0.2222,38066.0
756,4,30,489,325.853,30,489,4,0.5516,856.8,0.2905,29,complete,0.2288,38089.4
757,4,37,679,418.008,37,679,6,0.4919,799.7,0.3038,12,complete,0.2533,38122.2
758,3,51,1000,645.559,49,,9,0.4063,739.5,0.345,188,step_limit,0.2255,38163.1
759,4,23,376,244.508,23,376,3,0.4328,807.8,0.2338,11,complete,0.2222,38179.4
760,4,60,973,755.553,60,973,11,0.5992,1012.6,0.1913,22,complete,0.3089,38224.6
761,3,77,1000,712.336,60,,10,0.5153,775.0,0.2278,26,step_limit,0.273,38266.1
762,4,26,582,237.658,26,582,3,0.6031,927.7,0.3205,74,complete,0.3667,38291.6
763,4,70,827,903.234,70,827,12,0.4516,712.7,0.2846,16,complete,0.1744,38321.4
764,4,32,603,355.668,32,603,5,0.6285,997.8,0.2226,18,complete,0.3618,38341.1
765,4,23,440,229.043,23,440,3,0.6017,820.3,0.3378,19,complete,0.3019,38357.6
766,4,51,785,623.541,51,785,9,0.4742,877.8,0.2409,23,complete,0.2282,38386.5
767,3,49,875,605.644,49,875,8,0.496,750.8,0.3023,64,complete,0.2333,38412.7
768,3,72,1000,863.137,66,,12,0.464,764.8,0.1824,57,step_limit,0.2646,38446.7
769,4,22,360,207.509,22,360,2,0.4382,679.7,0.1173,19,complete,0.2045,38459.4
770,4,53,538,663.952,53,538,8,0.4368,592.7,0.1361,10,complete,0.1324,38478.2
771,4,38,619,446.945,38,619,6,0.5129,895.0,0.2633,22,complete,0.2852,38503.8
772,3,36,1000,397.167,35,,5,0.561,727.8,0.5641,425,step_limit,0.2674,38544.6
773,4,21,368,202.023,21,368,2,0.6277,941.2,0.1784,8,complete,0.3167,38562.9
774,4,46,622,582.32,46,622,8,0.5105,859.4,0.1668,19,complete,0.2443,38589.4
775,4,41,733,443.275,41,733,6,0.5873,867.2,0.3104,21,complete,0.2853,38616.1
776,4,48,776,558.335,48,776,7,0.5812,926.5,0.4215,137,complete,0.2308,38643.5
777,3,20,436,162.59,20,436,1,0.5313,775.0,0.2791,38,complete,0.2815,38657.8
778,4,57,1000,506.463,46,,8,0.6445,927.7,0.4676,299,step_limit,0.375,38690.2
779,4,79,1000,729.939,64,,11,0.5637,927.4,0.2894,29,step_limit,0.2866,38729.8
780,3,68,1000,719.178,58,,10,0.4663,767.8,0.2678,42,step_limit,0.2119,38770.4
781,4,50,498,600.68,50,498,7,0.4292,810.3,0.2165,11,complete,0.1429,38792.2
782,4,45,768,545.653,45,768,8,0.6042,1029.0,0.1486,10,complete,0.337,38823.8
783,3,28,457,299.344,28,457,3,0.5398,782.2,0.2477,31,complete,0.1698,38841.8
784,4,58,840,694.697,58,840,9,0.5777,937.6,0.2872,18,complete,0.2785,38878.2
785,3,49,843,606.702,49,843,8,0.5006,795.0,0.1962,23,complete,0.2585,38913.0
786,3,53,1000,588.975,50,,8,0.477,806.7,0.1964,42,step_limit,0.2925,38953.0
787,3,47,1000,524.351,44,,8,0.5297,798.1,0.2591,53,step_limit,0.3168,38994.7
788,4,75,1000,748.192,65,,11,0.5333,824.4,0.406,99,step_limit,0.239,39035.5
789,3,79,1000,900.856,70,,12,0.4067,670.9,0.236,40,step_limit,0.2214,39077.2
790,3,65,1000,762.378,60,,11,0.438,675.2,0.2561,47,step_limit,0.187,39118.4
791,3,21,354,243.166,21,354,3,0.4953,699.6,0.1095,10,complete,0.252,39134.3
792,3,50,764,642.284,50,764,8,0.3957,665.5,0.2105,33,complete,0.1722,39166.1
793,4,27,642,277.876,27,642,4,0.5611,774.3,0.2739,30,complete,0.2799,39190.9
794,3,74,1000,766.118,61,,11,0.4087,745.4,0.2016,37,step_limit,0.2177,39233.3
795,3,58,853,726.62,58,853,9,0.406,745.7,0.1328,25,complete,0.1982,39269.0
796,3,23,472,241.118,23,472,3,0.5169,797.0,0.2953,41,complete,0.2847,39286.5
797,4,34,513,351.727,34,513,4,0.461,632.1,0.43,53,complete,0.1371,39308.7
798,3,60,994,788.545,60,994,11,0.3957,749.9,0.2253,47,complete,0.2039,39351.0
799,3,33,678,399.833,33,678,6,0.4538,725.9,0.2197,74,complete,0.2533,39380.3
800,4,50,708,644.176,50,708,9,0.4167,782.3,0.1851,17,complete,0.2219,39410.1
801,4,57,993,688.512,57,993,10,0.5899,951.4,0.2673,44,complete,0.3,39834.6
802,3,68,1000,773.381,61,,11,0.4313,632.3,0.177,30,step_limit,0.2278,39873.1
803,3,80,1000,812.947,63,,12,0.374,632.5,0.2767,52,step_limit,0.2213,39912.1
804,4,65,860,816.4,65,860,11,0.5561,838.8,0.1634,22,complete,0.25,39944.8
805,4,78,957,1017.992,78,957,14,0.5005,838.7,0.2345,22,complete,0.2299,39979.8
806,4,73,778,978.096,73,778,13,0.4303,781.1,0.1498,10,complete,0.174,40008.8
807,4,69,697,914.329,69,697,12,0.476,834.1,0.1247,8,complete,0.1918,40037.2
808,3,26,675,269.669,26,675,4,0.4765,788.3,0.2002,20,complete,0.3548,40060.5
809,3,70,1000,830.55,66,,11,0.4283,760.5,0.2544,40,step_limit,0.1816,40098.7
810,3,68,1000,885.104,67,,12,0.379,701.2,0.1814,23,step_limit,0.1934,40137.4
811,3,58,915,782.034,58,915,11,0.4291,735.5,0.2675,61,complete,0.2094,40171.3
812,3,33,570,389.627,33,570,5,0.4895,679.6,0.1807,22,complete,0.2323,40192.2
813,3,41,922,493.523,41,922,7,0.5108,734.9,0.3073,133,complete,0.2862,40226.4
814,3,24,530,293.8,24,530,4,0.4811,788.9,0.1607,19,complete,0.2381,40245.5
815,3,38,692,453.306,38,692,6,0.4051,750.6,0.1168,16,complete,0.2265,40271.2
816,3,25,550,294.076,25,550,4,0.5133,734.7,0.2642,31,complete,0.2339,40289.4
817,3,53,666,698.658,53,666,9,0.3924,591.3,0.1419,12,complete,0.1429,40311.7
818,4,28,421,312.917,28,421,4,0.6033,775.1,0.1988,16,complete,0.25,40326.3
819,4,23,474,235.005,23,474,3,0.5359,914.5,0.2266,10,complete,0.24,40341.4
820,3,74,1000,780.301,62,,11,0.47,764.7,0.222,53,step_limit,0.2768,40373.5
821,3,79,1000,864.732,65,,13,0.4837,772.8,0.2277,33,step_limit,0.2345,40404.9
822,3,20,517,210.095,20,517,3,0.4707,717.1,0.2847,28,complete,0.2177,40419.6
823,4,61,921,782.708,61,921,11,0.56,926.9,0.2135,17,complete,0.2778,40449.9
824,3,25,470,268.06,25,470,3,0.5128,784.3,0.1754,50,complete,0.2756,40465.5
825,3,41,847,529.936,41,847,8,0.5368,788.7,0.1803,27,complete,0.3011,40490.9
826,3,53,1000,602.604,51,,8,0.545,797.8,0.2381,29,step_limit,0.3211,40524.1
827,3,44,890,487.986,44,890,6,0.5386,791.2,0.2024,42,complete,0.3034,40561.1
828,3,24,380,266.287,24,380,3,0.4535,750.6,0.1159,10,complete,0.2197,40576.6
829,4,53,1000,582.823,49,,9,0.562,997.1,0.2769,22,step_limit,0.2735,40616.6
830,4,66,914,854.088,66,914,12,0.5566,967.7,0.1897,28,complete,0.2645,40654.3
831,4,69,812,885.885,69,812,12,0.5154,746.1,0.2377,18,complete,0.208,40688.5
832,4,69,1000,859.907,68,,12,0.536,833.4,0.3346,72,step_limit,0.2366,40729.9
833,4,72,1000,809.617,66,,12,0.5583,836.1,0.2063,24,step_limit,0.3256,40773.1
834,3,71,1000,553.521,51,,8,0.4637,795.9,0.1851,29,step_limit,0.2939,40815.8
835,3,56,933,723.565,56,933,10,0.4144,716.9,0.2474,35,complete,0.1883,40857.9
836,4,30,641,329.24,30,641,5,0.5484,850.1,0.2412,12,complete,0.2964,40884.2
837,3,73,1000,716.975,60,,10,0.4427,767.4,0.2203,39,step_limit,0.275,40924.4
838,4,56,709,656.769,56,709,8,0.482,663.9,0.2461,15,complete,0.15,40954.4
839,3,20,764,177.125,20,764,3,0.5921,801.7,0.3885,60,complete,0.4127,40985.2
840,3,33,455,416.341,33,455,5,0.3223,705.7,0.1367,18,complete,0.1525,41003.3
841,3,31,560,378.148,31,560,5,0.4911,763.7,0.2211,28,complete,0.2381,41026.7
842,3,68,1000,814.626,61,,12,0.4823,796.5,0.2775,35,step_limit,0.2373,41067.4
843,4,51,1000,522.525,48,,8,0.5962,1058.7,0.2481,26,step_limit,0.3388,41109.2
844,3,37,693,446.183,37,693,6,0.4488,745.2,0.1599,18,complete,0.2814,41135.5
845,4,74,969,955.645,74,969,13,0.3932,588.0,0.3659,58,complete,0.1332,41178.4
846,3,32,526,402.179,32,526,5,0.3004,597.7,0.1372,25,complete,0.1198,41198.3
847,4,25,366,299.696,25,366,4,0.5225,736.8,0.0921,10,complete,0.1378,41214.1
848,3,44,773,546.008,44,773,7,0.4942,789.4,0.2361,50,complete,0.2452,41243.6
849,4,28,637,314.22,28,637,5,0.5498,901.5,0.2644,23,complete,0.3464,41268.8
850,3,47,881,572.8,47,881,8,0.3984,592.6,0.3049,38,complete,0.1633,41303.8
851,3,39,838,482.922,39,838,7,0.4849,784.1,0.3201,96,complete,0.2421,41670.7
852,3,68,1000,731.96,57,,11,0.4873,772.2,0.2132,27,step_limit,0.2833,41703.5
853,3,65,1000,679.225,56,,10,0.4533,748.3,0.2502,30,step_limit,0.2602,41740.3
854,4,61,925,739.577,61,925,10,0.5784,986.9,0.1766,10,complete,0.3182,41771.0
855,4,22,303,255.716,22,303,3,0.5454,772.3,0.1698,10,complete,0.1579,41780.3
856,4,59,804,764.538,59,804,11,0.4916,731.4,0.1446,12,complete,0.2273,41808.2
857,3,69,1000,642.852,55,,9,0.4843,792.2,0.2671,115,step_limit,0.2697,41847.4
858,4,35,422,450.091,35,422,6,0.452,595.5,0.1989,14,complete,0.1107,41866.4
859,3,20,473,182.24,20,473,2,0.5384,758.3,0.1894,22,complete,0.2899,41884.3
860,4,42,718,487.29,42,718,7,0.5432,937.1,0.2721,18,complete,0.2936,41914.7
861,3,58,942,742.504,58,942,10,0.4122,686.0,0.219,45,complete,0.2102,41954.7
862,3,39,661,470.778,39,661,6,0.4397,687.9,0.1347,25,complete,0.2922,41982.5
863,4,77,1000,924.151,70,,14,0.5122,940.5,0.2292,13,step_limit,0.2841,42016.5
864,4,37,881,386.09,37,881,6,0.6521,1018.5,0.2958,32,complete,0.3605,42047.3
865,3,33,856,398.138,33,856,6,0.4903,787.5,0.2404,37,complete,0.2469,42073.7
866,4,40,426,521.87,40,426,7,0.395,706.3,0.0748,8,complete,0.1642,42087.8
867,4,34,527,377.861,34,527,5,0.4853,717.9,0.2202,20,complete,0.1836,42105.5
868,3,34,656,427.446,34,656,6,0.4324,731.1,0.1566,25,complete,0.2944,42126.9
869,3,76,1000,828.857,63,,12,0.272,539.1,0.2885,55,step_limit,0.1989,42159.6
870,3,42,972,487.326,42,972,7,0.4743,764.4,0.2686,46,complete,0.3027,42191.4
871,3,47,767,604.63,47,767,8,0.4698,779.7,0.2011,30,complete,0.2348,42217.3
872,4,22,272,246.138,22,272,3,0.5441,787.1,0.1212,4,complete,0.1538,42226.6
873,4,60,1000,745.587,59,,11,0.5635,1023.9,0.2672,33,step_limit,0.2825,42261.3
874,4,45,668,537.476,45,668,7,0.5427,853.3,0.2121,15,complete,0.2697,42283.6
875,4,32,512,353.895,32,512,4,0.5757,916.8,0.2031,12,complete,0.3105,42300.8
876,3,49,715,619.921,49,715,8,0.3431,591.5,0.1828,26,complete,0.1591,42324.8
877,4,77,1000,921.335,75,,12,0.5823,1051.1,0.1819,15,step_limit,0.2704,42360.3
878,4,44,901,415.515,44,901,6,0.6238,1032.9,0.2259,21,complete,0.3597,42390.1
879,3,79,1000,811.268,66,,11,0.46,801.1,0.1768,42,step_limit,0.2879,42431.2
880,4,32,470,343.05,32,470,4,0.4707,745.8,0.1319,9,complete,0.2351,42451.4
881,4,74,1000,779.486,66,,11,0.5843,922.7,0.3234,21,step_limit,0.2973,42493.3
882,3,76,1000,880.428,68,,12,0.4627,790.4,0.2786,59,step_limit,0.2213,42537.0
883,4,50,762,571.6,50,762,7,0.5981,1020.6,0.2126,28,complete,0.2734,42565.9
884,4,56,867,702.049,56,867,10,0.4928,870.3,0.236,25,complete,0.2205,42603.8
885,3,44,911,536.856,44,911,8,0.3754,716.1,0.2642,48,complete,0.2376,42640.6
886,4,76,819,1026.956,76,819,14,0.4606,741.3,0.1656,35,complete,0.1756,42675.6
887,3,67,1000,793.406,60,,12,0.4807,800.3,0.2291,44,step_limit,0.2493,42717.2
888,3,71,1000,724.842,60,,10,0.5023,773.9,0.1938,36,step_limit,0.2611,42760.5
889,3,32,557,385.574,32,557,5,0.4889,770.2,0.1397,16,complete,0.241,42785.9
890,4,62,737,802.372,62,737,11,0.4593,807.6,0.2379,16,complete,0.1803,42816.7
891,3,78,1000,866.754,68,,12,0.41,675.0,0.2244,56,step_limit,0.2336,42857.3
892,3,39,690,474.877,39,690,6,0.4271,681.2,0.2629,35,complete,0.2025,42885.8
893,3,65,1000,808.389,60,,12,0.4713,765.4,0.1514,22,step_limit,0.2717,42926.6
894,4,47,610,586.477,47,610,8,0.4139,710.6,0.1832,15,complete,0.1989,42954.9
895,4,64,1000,795.294,63,,12,0.5045,799.8,0.2516,38,step_limit,0.2324,42997.5
896,4,41,706,450.482,41,706,6,0.5453,960.3,0.1807,12,complete,0.2927,43026.4
897,4,77,767,1009.865,77,767,13,0.4126,610.2,0.2217,10,complete,0.1429,43059.0
898,3,29,530,335.838,29,530,4,0.4396,766.0,0.2734,41,complete,0.2299,43081.2
899,3,31,798,354.663,31,798,5,0.5581,779.4,0.4881,227,complete,0.1847,43113.2
900,3,69,1000,815.339,64,,11,0.3673,712.5,0.2679,59,step_limit,0.1774,43153.6
901,4,26,572,242.52,26,572,3,0.6115,883.7,0.3043,14,complete,0.3008,43490.4
902,4,58,998,724.287,58,998,11,0.5371,918.3,0.3098,39,complete,0.2608,43523.7
903,3,41,845,506.999,41,845,7,0.5243,779.3,0.2495,38,complete,0.318,43554.5
904,4,47,576,607.956,47,576,8,0.421,693.3,0.1817,12,complete,0.1591,43575.1
905,3,63,1000,658.219,55,,9,0.4853,770.6,0.2284,27,step_limit,0.25,43614.9
906,4,64,1000,725.787,63,,10,0.6128,1018.3,0.3121,34,step_limit,0.2984,43656.5
907,3,80,1000,959.967,71,,14,0.4037,658.0,0.2189,36,step_limit,0.1849,43698.1
908,4,49,701,630.189,49,701,9,0.5182,791.6,0.2249,12,complete,0.2583,43727.7
909,3,68,1000,761.062,59,,11,0.493,793.2,0.237,79,step_limit,0.3101,43768.1
910,4,69,1000,732.122,62,,10,0.6072,840.6,0.4477,257,step_limit,0.2457,43809.6
911,3,22,340,225.1,22,340,2,0.5176,656.3,0.1139,24,complete,0.2342,43820.0
912,3,71,1000,768.375,61,,11,0.55,763.1,0.173,30,step_limit,0.274,43852.8
913,3,48,921,547.795,48,921,7,0.3912,575.4,0.3622,156,complete,0.18,43883.0
914,3,64,1000,738.478,60,,10,0.4773,784.4,0.236,42,step_limit,0.2621,43914.9
915,4,58,1000,653.586,55,,10,0.5895,971.9,0.2999,34,step_limit,0.2939,43946.5
916,3,21,826,138.077,18,,2,0.3636,711.7,0.7009,464,no_progress,0.2514,43974.8
917,4,75,1000,688.869,59,,11,0.614,935.9,0.3032,23,step_limit,0.3182,44010.3
918,4,22,405,226.927,22,405,3,0.6519,978.8,0.1362,6,complete,0.3512,44023.4
919,4,73,884,956.602,73,884,13,0.5311,892.6,0.2078,11,complete,0.2361,44053.3
920,3,79,1000,613.395,55,,9,0.524,772.5,0.2612,36,step_limit,0.3043,44086.7
921,3,27,580,284.911,27,580,3,0.5011,644.0,0.4738,162,complete,0.1462,44106.7
922,3,20,369,208.805,20,369,2,0.4363,626.3,0.0804,10,complete,0.2018,44118.0
923,4,51,778,602.378,51,778,8,0.563,980.7,0.2593,19,complete,0.242,44145.4
924,4,68,712,861.085,68,712,11,0.4526,708.2,0.1449,14,complete,0.1849,44171.9
925,4,30,763,317.027,30,763,5,0.6196,955.2,0.2077,12,complete,0.3267,44198.9
926,4,31,403,350.048,31,403,4,0.5502,770.0,0.2216,21,complete,0.2112,44212.4
927,3,62,1000,656.595,53,,10,0.4533,777.5,0.3018,73,step_limit,0.2599,44251.4
928,3,51,953,645.398,51,953,9,0.4893,793.7,0.2297,24,complete,0.2589,44291.1
929,4,34,343,385.88,34,343,4,0.4133,669.3,0.1334,10,complete,0.1466,44308.1
930,3,57,785,762.871,57,785,10,0.4174,658.2,0.1965,43,complete,0.1651,44342.7
931,3,52,961,653.776,52,961,9,0.4509,792.8,0.2291,35,complete,0.2492,44382.5
932,4,27,519,295.433,27,519,4,0.553,806.7,0.2922,12,complete,0.2792,44404.0
933,4,71,1000,773.532,62,,12,0.5515,974.0,0.2841,38,step_limit,0.25,44443.6
934,4,65,1000,744.972,61,,11,0.6182,880.4,0.2648,60,step_limit,0.3172,44484.1
935,3,29,629,356.371,29,629,5,0.4838,789.9,0.3066,39,complete,0.2424,44509.8
936,3,44,816,568.609,44,816,8,0.4326,765.0,0.2033,45,complete,0.25,44542.4
937,3,22,634,171.348,22,634,2,0.438,794.6,0.3401,36,complete,0.2186,44566.1
938,3,44,897,510.113,44,897,7,0.5006,799.5,0.2257,42,complete,0.3401,44601.8
939,4,68,1000,737.488,65,,10,0.6258,1000.8,0.22,22,step_limit,0.33,44644.4
940,4,43,968,488.089,43,968,8,0.6309,1045.9,0.2599,13,complete,0.3914,44684.9
941,4,73,1000,749.595,65,,10,0.5887,921.2,0.2313,21,step_limit,0.2934,44725.5
942,4,26,330,281.569,26,330,3,0.5068,755.9,0.0852,6,complete,0.2065,44738.8
943,4,28,542,297.42,28,542,4,0.6204,955.2,0.1963,13,complete,0.3607,44761.2
944,3,79,1000,905.623,71,,12,0.3737,555.4,0.2051,25,step_limit,0.1692,44801.3
945,3,61,1000,766.277,59,,11,0.4937,790.6,0.1899,32,step_limit,0.2787,44843.6
946,3,50,975,621.398,50,975,9,0.5224,790.9,0.2006,25,complete,0.301,44885.1
947,4,25,384,257.584,25,384,3,0.5905,733.9,0.1703,12,complete,0.195,44899.9
948,4,58,907,672.217,58,907,9,0.562,872.6,0.3223,57,complete,0.2717,44937.3
949,4,52,666,628.722,52,666,8,0.5439,889.9,0.2088,24,complete,0.2415,44963.4
950,4,43,505,543.753,43,505,7,0.4347,725.2,0.1147,10,complete,0.1799,44980.0
951,4,30,428,304.213,30,428,3,0.6069,897.9,0.1955,10,complete,0.25,45294.6
952,3,51,905,646.732,51,905,9,0.5064,778.1,0.1634,39,complete,0.3141,45331.4
953,4,43,1000,395.498,39,,6,0.6008,795.4,0.4516,79,step_limit,0.2723,45371.5
954,4,80,1000,800.91,67,,12,0.5623,857.4,0.1626,10,step_limit,0.2904,45413.2
955,4,46,604,551.901,46,604,7,0.5389,861.6,0.2471,17,complete,0.2173,45439.1
956,4,37,492,455.498,37,492,6,0.5701,922.2,0.1791,10,complete,0.1993,45458.5
957,3,52,919,653.27,52,919,9,0.3594,549.3,0.2143,49,complete,0.1869,45495.9
958,4,46,1000,469.678,45,,7,0.651,1054.9,0.2014,38,step_limit,0.4009,45537.0
959,3,46,907,568.853,46,907,8,0.4932,782.9,0.183,49,complete,0.2517,45575.0
960,4,66,673,887.025,66,673,12,0.4216,684.7,0.0887,10,complete,0.1914,45604.4
961,3,76,1000,747.493,60,,11,0.4763,737.7,0.1797,25,step_limit,0.2841,45645.7
962,3,52,1000,597.352,48,,9,0.4943,788.4,0.2363,41,step_limit,0.2825,45679.4
963,3,56,1000,314.475,36,,5,0.569,779.2,0.4872,298,step_limit,0.2903,45712.3
964,3,54,841,716.142,54,841,10,0.4522,627.5,0.1549,19,complete,0.1918,45740.9
965,3,34,807,388.716,34,807,6,0.5043,792.3,0.2366,55,complete,0.302,45767.2
966,4,77,763,1040.81,77,763,14,0.3676,686.9,0.1375,13,complete,0.1535,45795.7
967,4,38,412,479.552,38,412,6,0.5255,680.3,0.0881,7,complete,0.1806,45811.5
968,4,37,568,427.875,37,568,6,0.5805,966.3,0.2204,12,complete,0.1978,45829.9
969,3,54,985,666.472,54,985,9,0.5425,780.8,0.2746,60,complete,0.2778,45861.7
970,4,80,1000,767.895,66,,12,0.4065,718.7,0.2732,41,step_limit,0.1972,45895.2
971,4,26,363,275.111,26,363,3,0.4814,657.0,0.1901,19,complete,0.2123,45909.3
972,4,27,427,310.476,27,427,4,0.5867,832.1,0.0939,11,complete,0.2788,45922.6
973,3,36,871,442.237,36,871,7,0.5078,789.2,0.2235,47,complete,0.3012,45950.2
974,3,80,1000,931.386,70,,13,0.4427,722.3,0.1214,20,step_limit,0.224,45981.3
975,4,80,1000,732.61,65,,10,0.572,848.5,0.3704,91,step_limit,0.2601,46013.4
976,3,48,990,578.731,48,990,8,0.503,785.1,0.2534,27,complete,0.3,46043.8
977,4,48,745,621.517,48,745,9,0.401,660.4,0.3336,55,complete,0.1907,46069.2
978,4,69,1000,853.362,67,,12,0.5092,803.1,0.3028,18,step_limit,0.2401,46109.9
979,4,58,669,786.24,58,669,11,0.4634,711.8,0.1756,26,complete,0.1625,46138.5
980,4,73,1000,845.797,69,,12,0.6078,928.6,0.1666,17,step_limit,0.3105,46180.5
981,3,62,1000,741.552,57,,11,0.4503,674.5,0.2228,65,step_limit,0.227,46223.7
982,4,66,1000,745.788,60,,11,0.544,827.9,0.3079,54,step_limit,0.25,46264.4
983,3,22,493,238.142,22,493,3,0.4293,666.2,0.2865,44,complete,0.1533,46282.8
984,3,53,1000,571.66,50,,8,0.559,771.2,0.211,43,step_limit,0.3774,46323.9
985,4,65,858,848.357,65,858,12,0.4149,699.0,0.2227,21,complete,0.2034,46359.8
986,4,35,553,351.731,35,553,4,0.5398,845.9,0.2538,33,complete,0.2574,46381.7
987,4,47,592,599.418,47,592,8,0.5182,766.0,0.1294,10,complete,0.1954,46407.7
988,3,24,433,255.81,24,433,3,0.4788,693.6,0.1838,19,complete,0.1944,46426.2
989,3,64,1000,839.019,62,,12,0.428,799.6,0.2296,90,step_limit,0.2287,46467.8
990,3,26,602,273.682,26,602,3,0.5698,786.2,0.3882,100,complete,0.2787,46492.8
991,3,30,544,370.1,30,544,5,0.4412,771.8,0.2005,42,complete,0.2796,46513.3
992,3,59,1000,742.72,56,,11,0.4743,770.3,0.2651,48,step_limit,0.2551,46554.9
993,3,46,1000,557.589,45,,8,0.4937,797.9,0.1908,38,step_limit,0.2897,46598.8
994,4,71,868,943.5,71,868,13,0.4565,748.0,0.2828,41,complete,0.1699,46636.7
995,3,61,1000,672.615,54,,10,0.4567,741.1,0.199,43,step_limit,0.2655,46677.6
996,3,61,880,786.641,61,880,10,0.4356,654.1,0.2452,38,complete,0.2065,46708.9
997,3,59,1000,700.808,55,,10,0.486,798.7,0.2096,52,step_limit,0.2813,46743.7
998,4,70,1000,849.257,65,,13,0.5948,972.0,0.2102,22,step_limit,0.3079,46780.0
999,3,49,884,642.011,49,884,9,0.4649,788.5,0.2605,59,complete,0.2706,46812.4
1000,4,63,852,815.463,63,852,11,0.5666,901.3,0.1948,11,complete,0.2543,46844.8
1001,4,43,529,531.798,43,529,7,0.4409,749.9,0.148,13,complete,0.2019,47252.2
1002,3,78,1000,837.742,65,,12,0.4623,661.6,0.2337,48,step_limit,0.2629,47298.4
1003,3,74,1000,702.662,56,,11,0.4653,724.3,0.2407,57,step_limit,0.2885,47346.3
1004,4,61,944,730.024,61,944,10,0.5675,910.3,0.3218,38,complete,0.2585,47389.6
1005,4,62,747,780.455,62,747,10,0.5238,858.3,0.193,29,complete,0.1853,47425.2
1006,3,22,434,233.885,22,434,3,0.447,687.3,0.2535,18,complete,0.1844,47444.2
1007,4,79,1000,1010.192,75,,15,0.5305,974.7,0.1737,24,step_limit,0.265,47490.7
1008,3,28,680,337.675,28,680,5,0.4554,756.7,0.2785,40,complete,0.2255,47517.0
1009,3,65,1000,729.214,59,,10,0.467,799.4,0.1226,22,step_limit,0.2712,47554.3
1010,4,22,526,246.724,22,526,4,0.6041,809.0,0.3409,12,complete,0.3227,47573.1
1011,4,52,607,666.235,52,607,9,0.4502,580.3,0.2218,13,complete,0.1413,47597.7
1012,4,47,701,578.573,47,701,8,0.571,791.7,0.2949,35,complete,0.2629,47625.3
1013,4,66,653,820.735,66,653,10,0.4196,686.4,0.1412,8,complete,0.1533,47651.2
1014,3,69,1000,650.661,53,,10,0.42,769.4,0.3111,90,step_limit,0.2072,47688.4
1015,3,77,1000,945.878,71,,13,0.3973,716.4,0.1441,19,step_limit,0.2326,47727.4
1016,3,80,1000,679.189,57,,10,0.4697,709.5,0.2748,60,step_limit,0.2749,47765.4
1017,4,51,613,665.339,51,613,9,0.4935,746.2,0.1346,12,complete,0.2107,47790.8
1018,4,21,307,243.282,21,307,3,0.4495,792.8,0.0915,6,complete,0.2256,47802.3
1019,3,58,1000,653.395,54,,9,0.4517,764.6,0.2869,42,step_limit,0.2783,47840.5
1020,3,74,1000,717.105,60,,10,0.453,746.3,0.1933,29,step_limit,0.2972,47878.5
1021,3,48,861,631.576,48,861,9,0.3976,778.2,0.1851,31,complete,0.2234,47911.0
1022,4,27,389,311.003,27,389,4,0.3747,549.9,0.1813,14,complete,0.125,47927.3
1023,4,46,633,592.471,46,633,8,0.5225,736.8,0.2294,47,complete,0.1951,47950.8
1024,3,70,1000,615.463,51,,10,0.504,791.8,0.1729,25,step_limit,0.3247,47999.5
1025,4,41,792,446.174,41,792,6,0.6354,935.6,0.2247,47,complete,0.3399,48036.7
1026,4,76,1000,823.037,66,,12,0.559,856.3,0.2929,16,step_limit,0.2576,48083.7
1027,3,51,1000,548.212,45,,8,0.4817,756.6,0.3436,140,step_limit,0.2654,48131.1
1028,3,27,779,288.108,27,779,4,0.4275,747.0,0.4247,89,complete,0.2489,48167.2
1029,3,37,551,470.194,37,551,6,0.3956,742.3,0.1841,25,complete,0.1619,48191.6
1030,3,46,1000,492.076,44,,7,0.558,782.6,0.2378,38,step_limit,0.3267,48238.9
1031,4,20,278,174.02,20,278,1,0.5117,665.8,0.2151,14,complete,0.15,48251.6
1032,3,27,408,324.282,27,408,4,0.2982,525.8,0.1509,50,complete,0.1296,48271.8
1033,4,38,605,408.084,38,605,5,0.4405,726.6,0.2605,18,complete,0.1851,48301.2
1034,3,66,1000,765.645,60,,11,0.472,758.7,0.1873,33,step_limit,0.265,48347.1
1035,4,64,1000,821.075,63,,12,0.5833,960.8,0.235,19,step_limit,0.2655,48394.5
1036,3,59,1000,762.198,57,,11,0.4683,719.9,0.2233,51,step_limit,0.2479,48435.5
1037,3,49,770,613.386,49,770,8,0.4429,758.4,0.2081,27,complete,0.1879,48465.8
1038,4,57,1000,553.249,50,,9,0.6478,909.8,0.2662,16,step_limit,0.3326,48506.1
1039,3,73,1000,678.438,56,,10,0.5067,783.5,0.2453,36,step_limit,0.2661,48544.2
1040,3,44,862,524.615,44,862,7,0.4923,789.8,0.185,59,complete,0.304,48576.8
1041,4,65,1000,826.954,64,,12,0.6028,1004.6,0.2449,10,step_limit,0.3086,48616.1
1042,3,37,920,405.351,37,920,6,0.529,769.1,0.2944,57,complete,0.3258,48650.6
1043,4,52,640,676.769,52,640,9,0.4949,720.8,0.2246,16,complete,0.2024,48676.7
1044,3,36,685,447.525,36,685,6,0.4959,795.5,0.3108,74,complete,0.2146,48701.6
1045,3,52,806,659.77,52,806,9,0.3987,633.6,0.2133,43,complete,0.165,48733.1
1046,4,43,606,552.141,43,606,8,0.5598,782.8,0.1075,10,complete,0.25,48757.6
1047,3,52,1000,630.248,51,,9,0.5023,796.2,0.1433,25,step_limit,0.3025,48796.3
1048,3,51,971,673.805,51,971,10,0.5101,781.9,0.1522,33,complete,0.33,48833.4
1049,3,72,1000,755.567,60,,11,0.52,792.2,0.1509,26,step_limit,0.3249,48872.2
1050,4,76,1000,860.284,69,,13,0.5447,863.0,0.169,9,step_limit,0.2519,48922.1
1051,3,79,1000,651.146,55,,10,0.5103,716.2,0.3023,39,step_limit,0.2424,49400.1
1052,4,45,629,506.52,45,629,6,0.4773,901.8,0.2398,15,complete,0.2328,49428.0
1053,4,49,1000,430.669,41,,7,0.6412,841.1,0.5141,269,step_limit,0.326,49469.8
1054,4,61,692,745.559,61,692,9,0.3822,620.8,0.2179,39,complete,0.1383,49500.2
1055,4,41,563,453.353,41,563,5,0.5746,977.6,0.1618,20,complete,0.2535,49520.9
1056,4,54,762,683.868,54,762,10,0.5335,859.5,0.2021,32,complete,0.2375,49549.3
1057,4,64,891,852.322,64,891,12,0.546,813.1,0.293,50,complete,0.264,49580.3
1058,4,66,1000,770.545,61,,12,0.5587,903.7,0.2368,36,step_limit,0.318,49613.7
1059,3,51,795,620.756,51,795,8,0.4071,668.2,0.2898,48,complete,0.1549,49641.8
1060,4,52,895,596.931,52,895,8,0.6296,899.4,0.2275,20,complete,0.3292,49671.4
1061,4,37,719,423.175,37,719,6,0.5828,845.3,0.2948,36,complete,0.2824,49694.8
1062,4,24,356,227.727,24,356,2,0.54,655.9,0.1969,17,complete,0.2262,49707.9
1063,4,73,999,905.372,73,999,12,0.5503,905.6,0.2376,19,complete,0.2743,49741.8
1064,4,39,822,450.289,39,822,7,0.5876,970.9,0.1566,9,complete,0.337,49769.6
1065,3,24,440,263.125,24,440,3,0.5174,789.9,0.2457,26,complete,0.2361,49783.8
1066,3,75,1000,783.216,62,,11,0.4123,770.3,0.2385,48,step_limit,0.2222,49817.6
1067,4,50,879,612.368,50,879,9,0.4849,821.8,0.3197,24,complete,0.2079,49847.2
1068,3,45,639,556.43,45,639,7,0.373,718.6,0.2615,37,complete,0.1624,49867.6
1069,4,20,364,196.36,20,364,2,0.5584,889.3,0.1942,8,complete,0.25,49880.6
1070,3,79,1000,976.115,71,,14,0.3917,729.0,0.2477,32,step_limit,0.2137,49915.4
1071,3,32,557,393.046,32,557,5,0.4099,668.5,0.2174,32,complete,0.2222,49933.7
1072,3,56,1000,676.132,53,,10,0.5143,785.6,0.1942,30,step_limit,0.2818,49976.2
1073,4,25,551,241.432,25,551,3,0.5286,824.1,0.2922,27,complete,0.2542,49997.3
1074,3,34,726,408.502,34,726,6,0.4761,775.3,0.2092,36,complete,0.3156,50026.5
1075,4,40,549,480.57,40,549,6,0.5606,744.7,0.2282,16,complete,0.1883,50050.0
1076,3,73,1000,820.988,65,,11,0.4783,787.4,0.2647,46,step_limit,0.2325,50091.8
1077,4,50,850,589.736,50,850,8,0.5859,894.9,0.274,17,complete,0.2975,50126.0
1078,4,62,1000,513.387,52,,7,0.6318,908.7,0.5125,253,step_limit,0.3041,50162.7
1079,3,25,344,289.132,25,344,3,0.4545,729.7,0.2316,26,complete,0.1704,50174.3
1080,3,51,853,654.934,51,853,9,0.4428,719.7,0.1387,16,complete,0.2233,50202.8
1081,4,46,799,516.997,46,799,7,0.6054,998.5,0.1394,12,complete,0.3605,50230.8
1082,4,51,795,607.808,51,795,8,0.5283,790.1,0.2506,21,complete,0.2311,50257.7
1083,3,64,1000,804.792,60,,12,0.4833,781.1,0.1112,35,step_limit,0.2586,50291.6
1084,3,48,862,627.215,48,862,9,0.5093,784.8,0.2281,35,complete,0.2458,50321.2
1085,3,60,1000,752.1,57,,11,0.517,796.1,0.1514,18,step_limit,0.3192,50354.5
1086,4,27,539,250.425,27,539,3,0.6336,809.9,0.2849,25,complete,0.2869,50371.3
1087,4,66,1000,564.588,53,,9,0.6155,891.6,0.193,18,step_limit,0.3571,50403.7
1088,4,48,613,569.78,48,613,7,0.4845,709.6,0.2183,10,complete,0.189,50424.0
1089,3,63,979,817.64,63,979,11,0.4185,708.9,0.1922,30,complete,0.227,50455.3
1090,4,78,1000,605.179,57,,9,0.6295,805.3,0.3863,269,step_limit,0.2992,50487.6
1091,3,66,1000,740.291,60,,10,0.5173,787.7,0.2445,34,step_limit,0.2787,50521.3
1092,3,77,1000,743.801,60,,11,0.4837,757.9,0.1823,55,step_limit,0.3062,50554.3
1093,3,72,1000,909.733,70,,12,0.4827,748.5,0.2221,46,step_limit,0.2137,50592.3
1094,4,45,863,503.24,45,863,8,0.4635,767.7,0.3338,29,complete,0.2574,50629.1
1095,4,21,325,229.419,21,325,3,0.5285,756.8,0.1142,9,complete,0.1707,50642.2
1096,4,77,827,994.515,77,827,13,0.4988,771.1,0.1935,23,complete,0.1962,50679.0
1097,3,44,727,536.997,44,727,7,0.4525,791.2,0.1304,23,complete,0.2273,50709.1
1098,3,59,1000,498.992,45,,7,0.5133,744.2,0.4816,246,step_limit,0.2908,50749.7
1099,3,75,1000,830.572,64,,12,0.457,736.1,0.2017,31,step_limit,0.2285,50792.0
1100,3,54,990,662.556,54,990,9,0.5145,783.8,0.166,30,complete,0.2976,50833.6
1101,3,78,1000,801.362,65,,11,0.4083,636.0,0.2922,64,step_limit,0.2011,51279.9
1102,4,36,576,432.116,36,576,6,0.4787,755.5,0.1485,11,complete,0.2065,51304.9
1103,3,32,682,360.459,32,682,5,0.5332,782.5,0.2341,35,complete,0.2648,51333.0
1104,4,37,703,447.653,37,703,7,0.5903,970.6,0.2426,13,complete,0.3285,51363.6
1105,4,63,827,854.933,63,827,12,0.5151,845.2,0.2019,13,complete,0.2101,51394.8
1106,4,46,799,563.597,46,799,8,0.5429,934.6,0.2597,18,complete,0.2957,51423.8
1107,4,21,416,182.617,21,416,2,0.5931,961.1,0.2569,10,complete,0.2872,51437.3
1108,3,41,883,455.254,41,883,6,0.5632,798.2,0.2628,40,complete,0.341,51469.5
1109,4,21,252,253.71,21,252,3,0.3978,792.3,0.0722,8,complete,0.1597,51480.4
1110,3,55,1000,611.425,50,,9,0.5207,786.6,0.1848,32,step_limit,0.2994,51516.0
1111,4,49,557,624.275,49,557,8,0.4259,602.7,0.2557,24,complete,0.2104,51535.6
1112,3,27,827,294.568,27,827,4,0.5885,768.6,0.4606,110,complete,0.3196,51565.9
1113,4,70,742,940.874,70,742,13,0.4451,621.8,0.1841,20,complete,0.1652,51594.8
1114,4,50,785,590.84,50,785,8,0.5815,816.4,0.1945,12,complete,0.2875,51626.5
1115,4,73,1000,671.085,57,,11,0.6045,1028.9,0.2607,33,step_limit,0.3287,51664.7
1116,3,54,1000,668.35,51,,10,0.536,797.7,0.2661,63,step_limit,0.2818,51702.6
1117,4,74,834,962.272,74,834,13,0.5597,785.5,0.1423,11,complete,0.208,51734.4
1118,4,52,891,589.022,52,891,8,0.6198,1029.2,0.2207,60,complete,0.3357,51765.3
1119,4,22,580,234.018,22,580,4,0.5948,928.7,0.2995,37,complete,0.3729,51785.7
1120,4,40,650,498.19,40,650,7,0.565,934.8,0.2022,10,complete,0.2719,51810.7
1121,4,26,797,276.274,26,797,5,0.6333,1063.1,0.3448,77,complete,0.3787,51838.5
1122,4,55,610,664.415,55,610,8,0.3951,654.1,0.1535,11,complete,0.1398,51860.2
1123,4,54,766,699.597,54,766,10,0.5075,757.9,0.255,12,complete,0.2059,51887.6
1124,4,79,893,1005.971,79,893,13,0.4138,675.8,0.2343,36,complete,0.1884,51917.7
1125,4,53,874,637.832,53,874,9,0.5832,1002.9,0.207,13,complete,0.2757,51949.1
1126,4,21,363,202.909,21,363,2,0.5854,902.9,0.3166,12,complete,0.2051,51963.0
1127,3,66,1000,731.982,57,,11,0.489,783.4,0.2147,66,step_limit,0.2827,51999.2
1128,4,70,1000,862.24,68,,12,0.5595,920.4,0.2449,42,step_limit,0.2555,52033.3
1129,4,28,589,288.483,28,589,4,0.5688,934.8,0.1566,23,complete,0.322,52055.1
1130,4,45,632,575.822,45,632,8,0.5775,793.6,0.2415,19,complete,0.2591,52078.8
1131,3,55,1000,581.349,50,,8,0.5337,780.3,0.2654,121,step_limit,0.3045,52115.1
1132,4,59,1000,624.99,55,,9,0.5717,875.3,0.3325,23,step_limit,0.2674,52151.7
1133,4,69,891,881.16,69,891,12,0.4256,789.0,0.2783,36,complete,0.1913,52185.6
1134,4,28,384,292.083,28,384,3,0.5853,937.8,0.1572,11,complete,0.2598,52198.0
1135,3,68,1000,719.106,56,,11,0.4997,779.7,0.1785,27,step_limit,0.2906,52232.8
1136,4,76,1000,613.011,57,,10,0.5877,856.5,0.3426,31,step_limit,0.2903,52267.7
1137,4,30,455,332.4,30,455,4,0.3835,696.2,0.2251,12,complete,0.1528,52285.6
1138,3,48,846,644.807,48,846,9,0.4417,779.0,0.2166,73,complete,0.1775,52321.5
1139,4,39,626,475.863,39,626,7,0.5435,817.3,0.2257,11,complete,0.2563,52348.5
1140,3,80,1000,950.535,72,,13,0.4257,600.5,0.2469,34,step_limit,0.2041,52392.8
1141,3,28,552,315.565,28,552,4,0.3581,747.6,0.2307,57,complete,0.1803,52417.8
1142,4,47,603,582.229,47,603,8,0.4714,715.8,0.1701,9,complete,0.1951,52443.5
1143,3,44,822,539.104,44,822,7,0.468,770.0,0.1862,35,complete,0.2622,52483.7
1144,3,28,721,296.695,28,721,4,0.5123,790.5,0.2129,40,complete,0.2905,52518.3
1145,4,21,373,224.699,21,373,3,0.565,879.0,0.2,8,complete,0.2727,52535.7
1146,3,72,1000,893.075,69,,12,0.4673,729.1,0.1683,34,step_limit,0.1823,52586.4
1147,3,77,1000,744.734,59,,11,0.3727,625.8,0.3813,78,step_limit,0.1624,52634.9
1148,4,45,717,527.302,45,717,7,0.5969,902.9,0.1739,11,complete,0.3103,52669.8
1149,3,80,1000,841.239,65,,12,0.3937,627.2,0.3239,105,step_limit,0.164,52720.7
1150,3,73,1000,875.467,67,,12,0.4507,740.3,0.1439,32,step_limit,0.2331,52770.5
1151,3,40,836,480.168,40,836,7,0.514,759.4,0.2222,63,complete,0.2752,53284.5
1152,3,61,907,778.798,61,907,10,0.4583,723.5,0.1782,39,complete,0.2042,53329.3
1153,4,24,423,218.03,24,423,2,0.5993,1004.1,0.2142,10,complete,0.3208,53350.7
1154,3,24,463,260.797,24,463,3,0.5191,784.1,0.2447,28,complete,0.26,53372.9
1155,3,31,893,340.171,31,893,5,0.5308,781.6,0.4413,160,complete,0.3214,53415.6
1156,3,20,679,226.595,20,679,3,0.5169,746.9,0.5424,294,complete,0.3276,53447.9
1157,4,23,287,288.016,23,287,4,0.4695,670.6,0.0473,8,complete,0.128,53461.7
1158,4,41,868,485.953,41,868,8,0.6169,1011.4,0.222,10,complete,0.3564,53499.3
1159,4,64,864,847.834,64,864,12,0.4786,799.9,0.2137,16,complete,0.2025,53535.2
1160,3,47,1000,476.068,42,,8,0.482,784.7,0.2983,52,step_limit,0.2882,53571.9
1161,4,70,688,897.143,70,688,11,0.4346,674.5,0.1478,13,complete,0.1339,53597.5
1162,4,77,893,1028.748,77,893,14,0.4807,761.3,0.2199,65,complete,0.1989,53629.4
1163,3,43,922,507.305,43,922,7,0.526,758.7,0.2242,71,complete,0.3405,53661.8
1164,3,40,723,464.59,40,723,6,0.5108,774.1,0.1705,31,complete,0.2937,53688.1
1165,4,67,699,889.891,67,699,12,0.4775,812.8,0.1297,10,complete,0.2163,53715.1
1166,4,65,878,853.502,65,878,12,0.4465,708.8,0.2355,20,complete,0.1886,53747.3
1167,3,24,692,264.415,24,692,4,0.5424,764.1,0.3385,35,complete,0.2656,53770.2
1168,4,67,1000,726.185,63,,10,0.6058,970.8,0.2855,23,step_limit,0.3206,53807.1
1169,3,37,520,472.714,37,520,6,0.4699,651.6,0.2333,32,complete,0.1444,53824.5
1170,3,35,563,409.541,35,563,5,0.4565,731.8,0.1664,14,complete,0.2051,53838.7
1171,4,70,1000,844.051,68,,12,0.5775,897.5,0.2301,18,step_limit,0.278,53867.6
1172,4,56,1000,589.479,54,,8,0.6245,972.4,0.255,31,step_limit,0.3504,53896.2
1173,3,39,771,456.67,39,771,6,0.5158,764.6,0.271,35,complete,0.2265,53923.1
1174,4,53,818,647.846,53,818,9,0.5932,910.7,0.1832,12,complete,0.2595,53953.8
1175,4,44,907,434.093,44,907,6,0.6273,928.3,0.3841,164,complete,0.317,53989.7
1176,4,44,790,498.836,44,790,7,0.6225,860.9,0.3499,20,complete,0.2857,54021.8
1177,4,33,539,373.592,33,539,5,0.5751,836.7,0.2131,18,complete,0.2577,54043.0
1178,3,61,1000,774.731,59,,11,0.5113,794.6,0.1623,34,step_limit,0.2849,54083.4
1179,4,71,720,933.273,71,720,12,0.3927,643.7,0.1308,10,complete,0.1078,54113.1
1180,4,62,1000,635.052,58,,9,0.6245,843.3,0.337,58,step_limit,0.2857,54156.0
1181,4,50,827,582.736,50,827,8,0.5647,895.4,0.2485,20,complete,0.3245,54190.7
1182,3,79,1000,981.285,75,,13,0.3937,713.2,0.159,30,step_limit,0.2123,54230.9
1183,4,51,709,623.773,51,709,8,0.4651,708.3,0.3576,19,complete,0.2016,54260.5
1184,4,30,417,302.893,30,417,3,0.5815,854.5,0.2757,16,complete,0.2321,54276.4
1185,3,77,1000,903.279,70,,12,0.419,748.2,0.2102,45,step_limit,0.2316,54322.2
1186,4,42,478,535.528,42,478,7,0.4425,627.4,0.126,7,complete,0.161,54347.2
1187,4,20,246,176.88,20,246,1,0.4157,555.9,0.1138,9,complete,0.1324,54358.6
1188,3,74,1000,714.507,60,,10,0.4983,703.4,0.1904,19,step_limit,0.3132,54409.3
1189,4,60,744,790.96,60,744,11,0.3659,651.1,0.2939,32,complete,0.1471,54445.9
1190,3,26,1000,259.588,25,,4,0.5857,720.7,0.59,307,step_limit,0.2468,54492.1
1191,4,27,577,318.327,27,577,5,0.5286,933.5,0.3798,38,complete,0.2381,54520.7
1192,4,78,915,1027.821,78,915,14,0.5063,788.3,0.2142,13,complete,0.2204,54567.9
1193,3,42,751,521.506,42,751,7,0.4842,756.8,0.2098,25,complete,0.225,54604.3
1194,3,75,1000,750.42,60,,11,0.4277,713.2,0.3175,36,step_limit,0.2455,54648.1
1195,4,56,822,693.256,56,822,10,0.4565,609.6,0.4307,39,complete,0.1782,54683.7
1196,4,66,1000,750.764,65,,10,0.6152,1023.8,0.1939,28,step_limit,0.3387,54726.2
1197,4,59,842,771.127,59,842,11,0.5143,819.0,0.1865,12,complete,0.2235,54761.9
1198,3,47,859,585.064,47,859,8,0.4331,683.3,0.1783,27,complete,0.2767,54797.4
1199,3,65,1000,721.52,56,,11,0.3057,542.4,0.3401,36,step_limit,0.1614,54843.2
1200,4,48,640,635.6,48,640,9,0.5141,843.1,0.1816,11,complete,0.1994,54873.2
1201,4,22,346,199.051,22,346,2,0.5773,900.5,0.2478,13,complete,0.1711,55349.9
1202,3,68,1000,874.203,67,,12,0.398,644.5,0.2461,32,step_limit,0.1708,55399.7
1203,3,36,752,449.048,36,752,7,0.4703,735.7,0.1577,30,complete,0.2954,55435.8
1204,3,23,606,230.785,23,606,3,0.3614,767.1,0.4167,174,complete,0.1905,55464.7
1205,3,32,785,352.597,32,785,5,0.5439,776.3,0.327,69,complete,0.2281,55502.8
1206,3,76,1000,837.141,65,,12,0.479,718.8,0.2127,26,step_limit,0.252,55551.3
1207,4,45,528,555.884,45,528,7,0.4744,722.0,0.2319,27,complete,0.1546,55578.4
1208,4,40,485,515.18,40,485,7,0.3531,634.2,0.1109,8,complete,0.1087,55603.4
1209,3,49,936,591.318,49,936,8,0.3868,705.6,0.3183,98,complete,0.2027,55642.0
1210,3,60,1000,560.845,50,,8,0.5347,700.6,0.208,26,step_limit,0.3426,55681.9
1211,3,66,1000,744.609,60,,10,0.4653,774.8,0.216,47,step_limit,0.2417,55722.4
1212,4,66,917,876.368,66,917,13,0.4899,782.1,0.2945,42,complete,0.2073,55759.1
1213,4,56,854,701.047,56,854,10,0.558,870.1,0.2909,10,complete,0.2254,55794.7
1214,3,49,880,602.09,49,880,8,0.5311,799.3,0.2191,59,complete,0.2687,55830.2
1215,3,21,325,248.407,21,325,3,0.4892,781.9,0.1141,11,complete,0.2193,55844.6
1216,3,38,757,439.253,38,757,6,0.5478,768.9,0.2582,49,complete,0.3038,55875.3
1217,3,22,666,223.215,22,666,3,0.5155,702.2,0.3254,80,complete,0.3158,55895.8
1218,3,61,1000,795.162,60,,11,0.4347,697.9,0.2051,47,step_limit,0.225,55930.8
1219,4,66,1000,715.079,61,,10,0.6232,968.6,0.2799,16,step_limit,0.2996,55964.9
1220,3,38,793,478.049,38,793,7,0.5477,767.4,0.1998,33,complete,0.314,55990.2
1221,3,62,1000,797.839,61,,11,0.494,805.7,0.1439,34,step_limit,0.2398,56021.4
1222,4,34,641,335.748,34,641,4,0.5515,973.5,0.2579,10,complete,0.2917,56043.8
1223,4,35,656,416.914,35,656,6,0.5842,936.3,0.3538,58,complete,0.2885,56069.6
1224,4,33,527,375.841,33,527,5,0.6267,962.4,0.2021,12,complete,0.291,56091.3
1225,3,70,1000,939.536,69,,13,0.365,624.8,0.2377,41,step_limit,0.1741,56131.7
1226,4,32,439,373.19,32,439,5,0.4487,614.2,0.1888,25,complete,0.1417,56149.5
1227,3,77,1000,809.07,65,,11,0.4907,794.4,0.1448,38,step_limit,0.263,56184.0
1228,3,35,916,366.757,35,916,5,0.5753,775.1,0.3636,210,complete,0.313,56214.0
1229,4,25,379,272.296,25,379,3,0.5323,722.9,0.1342,5,complete,0.2128,56225.4
1230,3,50,1000,580.816,49,,8,0.5223,772.6,0.2235,25,step_limit,0.3107,56258.1
1231,4,65,864,859.015,65,864,12,0.4751,795.1,0.2236,14,complete,0.229,56288.0
1232,3,79,1000,656.925,55,,10,0.513,712.5,0.2641,62,step_limit,0.2747,56323.0
1233,3,30,728,316.52,30,728,4,0.4886,786.6,0.3643,38,complete,0.2381,56352.7
1234,4,57,729,694.496,57,729,9,0.5621,883.4,0.1482,13,complete,0.2621,56384.6
1235,3,49,1000,472.192,44,,7,0.484,777.6,0.2291,36,step_limit,0.2885,56423.3
1236,3,72,1000,831.737,66,,11,0.471,726.3,0.2481,39,step_limit,0.2283,56464.5
1237,3,57,1000,650.442,54,,9,0.4847,775.4,0.1874,49,step_limit,0.3219,56506.3
1238,4,73,1000,817.803,67,,12,0.5713,938.4,0.2816,35,step_limit,0.2636,56547.2
1239,3,40,748,425.732,40,748,5,0.5722,799.8,0.2386,30,complete,0.2851,56577.7
1240,4,21,361,229.16,21,361,3,0.509,872.4,0.1326,13,complete,0.2134,56594.2
1241,4,58,951,737.519,58,951,11,0.4698,725.7,0.3075,20,complete,0.2143,56632.7
1242,4,71,897,932.959,71,897,13,0.5159,895.8,0.1672,13,complete,0.25,56670.0
1243,4,54,723,649.969,54,723,8,0.5871,987.3,0.1957,31,complete,0.2424,56701.6
1244,4,23,393,242.489,23,393,3,0.5757,815.4,0.1725,8,complete,0.25,56718.1
1245,3,31,1000,349.868,30,,5,0.564,775.1,0.5551,426,step_limit,0.2829,56759.0
1246,4,37,684,422.348,37,684,6,0.6089,850.6,0.2989,23,complete,0.3179,56785.6
1247,3,20,496,181.295,20,496,2,0.4953,761.2,0.2649,30,complete,0.25,56807.7
1248,4,79,1000,595.332,55,,9,0.5723,780.6,0.5413,391,step_limit,0.2329,56848.1
1249,3,22,451,243.534,22,451,3,0.4701,668.8,0.1781,13,complete,0.2016,56867.3
1250,3,27,593,333.799,27,593,5,0.484,782.1,0.2505,28,complete,0.2564,56890.0
1251,3,20,522,187.085,20,522,3,0.5377,770.7,0.3472,73,complete,0.2245,57338.6
1252,4,48,856,507.918,48,856,7,0.5695,952.8,0.2225,19,complete,0.3165,57373.7
1253,3,64,1000,780.037,60,,11,0.4643,776.2,0.219,47,step_limit,0.2727,57414.7
1254,4,44,824,506.767,44,824,7,0.6032,954.0,0.2706,36,complete,0.3083,57448.0
1255,4,39,446,482.016,39,446,6,0.4406,693.6,0.1333,14,complete,0.1211,57465.9
1256,3,32,623,378.785,32,623,5,0.4794,761.4,0.2449,22,complete,0.2488,57491.2
1257,3,71,958,959.609,71,958,13,0.3914,632.6,0.1779,25,complete,0.1615,57530.7
1258,3,40,926,439.015,40,926,6,0.5029,769.8,0.2648,31,complete,0.3477,57567.8
1259,3,80,1000,933.537,71,,13,0.351,613.1,0.2068,34,step_limit,0.1432,57594.6
1260,4,60,933,758.307,60,933,11,0.5868,993.9,0.2087,16,complete,0.2941,57618.9
1261,4,26,382,307.135,26,382,4,0.5576,829.5,0.1054,10,complete,0.2653,57628.1
1262,4,68,812,889.096,68,812,12,0.4797,703.5,0.2133,24,complete,0.1798,57649.3
1263,4,61,730,737.711,61,730,9,0.5034,746.1,0.2308,21,complete,0.1881,57667.0
1264,3,55,1000,561.904,47,,8,0.526,784.4,0.44,214,step_limit,0.2468,57693.0
1265,4,73,1000,784.553,66,,11,0.5857,945.0,0.244,27,step_limit,0.3285,57719.7
1266,4,72,784,925.979,72,784,12,0.5246,833.4,0.1823,12,complete,0.229,57738.4
1267,3,46,1000,479.209,41,,8,0.488,769.1,0.2657,46,step_limit,0.3229,57764.4
1268,3,58,1000,623.686,52,,9,0.5303,787.9,0.2532,100,step_limit,0.297,57790.0
1269,4,74,1000,851.503,67,,13,0.564,914.5,0.2185,23,step_limit,0.2796,57815.4
1270,3,30,489,348.17,30,489,4,0.4281,646.4,0.1416,16,complete,0.1576,57828.6
1271,3,37,524,473.266,37,524,6,0.383,660.9,0.2302,33,complete,0.1768,57841.4
1272,3,22,567,184.076,22,567,2,0.5391,798.5,0.2532,36,complete,0.2667,57856.4
1273,3,43,852,522.061,43,852,7,0.5399,771.2,0.2662,35,complete,0.3,57876.7
1274,3,66,1000,752.132,60,,10,0.4117,719.4,0.2167,47,step_limit,0.2521,57903.8
1275,4,63,869,830.211,63,869,12,0.5774,867.9,0.1889,11,complete,0.2869,57934.3
1276,3,47,786,604.533,47,786,8,0.4661,799.3,0.225,43,complete,0.2186,57966.2
1277,4,30,481,362.267,30,481,5,0.5442,814.0,0.1927,14,complete,0.1853,57984.6
1278,4,62,652,821.662,62,652,11,0.5207,624.8,0.1167,10,complete,0.1414,58013.3
1279,3,28,625,359.264,28,625,5,0.4752,729.2,0.3653,108,complete,0.224,58039.8
1280,4,47,604,568.929,47,604,7,0.4963,717.9,0.2501,14,complete,0.1786,58065.4
1281,3,66,1000,871.718,65,,12,0.4607,801.9,0.165,31,step_limit,0.2547,58106.3
1282,3,74,1000,880.557,66,,13,0.4027,665.5,0.1631,28,step_limit,0.183,58148.0
1283,3,80,1000,983.524,75,,13,0.4427,753.8,0.1888,34,step_limit,0.2121,58188.8
1284,4,57,906,712.111,57,906,10,0.5105,829.5,0.1854,13,complete,0.2668,58226.5
1285,3,40,774,463.397,40,774,6,0.5319,767.4,0.2415,62,complete,0.314,58258.0
1286,4,50,834,614.856,50,834,9,0.5953,1054.8,0.2665,23,complete,0.295,58291.9
1287,4,36,376,466.193,36,376,6,0.4701,746.1,0.0731,7,complete,0.1272,58309.1
1288,3,32,622,373.781,32,622,5,0.5,781.8,0.245,30,complete,0.2821,58334.6
1289,3,51,812,668.758,51,812,9,0.4163,750.4,0.1545,28,complete,0.2177,58368.3
1290,3,56,1000,627.118,51,,9,0.5143,681.6,0.3292,110,step_limit,0.2876,58408.1
1291,3,33,658,345.196,33,658,4,0.4301,723.7,0.2847,62,complete,0.2537,58435.1
1292,3,48,1000,597.556,46,,9,0.5153,778.5,0.2147,35,step_limit,0.3003,58475.7
1293,3,27,606,299.976,27,606,4,0.5105,748.0,0.2675,30,complete,0.2515,58498.1
1294,4,72,1000,844.572,70,,11,0.6292,843.1,0.2441,36,step_limit,0.2817,58541.6
1295,4,38,583,485.091,38,583,7,0.4927,827.9,0.1787,17,complete,0.2564,58564.2
1296,3,47,989,605.917,47,989,9,0.4641,764.5,0.2341,40,complete,0.2875,58607.9
1297,3,44,616,555.756,44,616,7,0.467,658.6,0.1799,26,complete,0.1417,58631.8
1298,3,29,576,361.634,29,576,5,0.3837,601.3,0.2495,71,complete,0.1616,58656.3
1299,4,55,842,686.415,55,842,10,0.5852,1062.2,0.1758,23,complete,0.2569,58691.0
1300,4,49,757,512.798,49,757,6,0.6126,1035.0,0.2004,23,complete,0.3079,58722.4
