episode,n_drones,n_dests,steps,team_reward,delivered,makespan,reloads,hop2plus,max_reach,stall_ratio,max_stall_run,term_reason,relay_frac,wall_sec
1,4,57,1000,497.93,49,,7,0.4265,750.1,0.2701,16,step_limit,0.1442,3.5
2,3,50,1000,433.072,40,,7,0.4343,759.7,0.2998,47,step_limit,0.1701,6.2
3,4,72,1000,617.528,55,,10,0.4248,774.8,0.3321,95,step_limit,0.1332,11.4
4,3,46,1000,403.704,37,,7,0.2763,561.2,0.2318,39,step_limit,0.1424,20.1
5,3,58,1000,420.95,44,,6,0.5107,779.8,0.2652,97,step_limit,0.3182,73.4
6,3,61,1000,584.956,51,,8,0.5057,785.1,0.207,53,step_limit,0.3565,129.7
7,3,30,550,370.29,30,550,5,0.4703,781.2,0.0917,38,complete,0.3081,159.7
8,3,69,1000,607.73,55,,8,0.4523,731.8,0.378,85,step_limit,0.3063,214.7
9,3,66,1000,766.455,62,,10,0.4913,768.7,0.1501,40,step_limit,0.3385,273.3
10,3,26,1000,118.742,21,,2,0.5823,730.3,0.7424,368,step_limit,0.2489,325.7
11,4,32,424,387.69,32,424,5,0.4393,693.8,0.1589,10,complete,0.2161,350.3
12,3,35,459,403.079,35,459,4,0.4205,705.2,0.0905,18,complete,0.1949,376.4
13,3,23,479,286.13,23,479,4,0.3897,666.8,0.2647,52,complete,0.3007,402.2
14,3,61,1000,585.928,50,,9,0.4343,758.6,0.1997,31,step_limit,0.2493,458.3
15,4,78,933,987.613,78,933,13,0.4293,763.8,0.2521,24,complete,0.1946,512.0
16,4,46,812,505.946,46,812,7,0.4317,882.7,0.2449,29,complete,0.2361,556.8
17,4,74,770,986.227,74,770,13,0.436,777.5,0.1402,15,complete,0.1475,602.5
18,3,24,661,237.832,24,661,3,0.5285,762.7,0.2308,22,complete,0.3284,639.1
19,4,24,492,232.27,24,492,3,0.5686,844.3,0.1435,11,complete,0.2596,666.9
20,3,66,1000,627.523,53,,9,0.275,596.5,0.3524,67,step_limit,0.1884,723.6
21,3,43,610,555.798,43,610,7,0.3874,627.7,0.1894,37,complete,0.2195,757.8
22,3,43,752,483.2,43,752,6,0.3914,485.4,0.4121,98,complete,0.1373,799.4
23,3,22,1000,230.005,21,,4,0.5757,784.1,0.5269,308,step_limit,0.3553,854.7
24,3,35,719,432.264,35,719,6,0.4358,771.3,0.2899,28,complete,0.2121,895.5
25,4,25,501,253.592,25,501,3,0.5639,881.3,0.2136,19,complete,0.375,922.6
26,3,79,1000,886.908,70,,12,0.379,624.9,0.1704,30,step_limit,0.1981,979.3
27,4,63,1000,308.502,40,,5,0.6405,826.4,0.54,190,step_limit,0.2964,1033.3
28,3,77,1000,810.036,65,,11,0.434,779.8,0.1902,58,step_limit,0.2439,1089.5
29,3,34,756,375.494,34,756,5,0.5437,781.0,0.2699,59,complete,0.2949,1130.2
30,3,25,654,278.668,25,654,4,0.553,792.3,0.296,56,complete,0.2751,1166.4
31,4,68,847,880.408,68,847,12,0.4914,781.6,0.1556,19,complete,0.2201,1216.4
32,3,79,1000,658.433,55,,10,0.446,697.5,0.3312,75,step_limit,0.25,1271.1
33,3,62,1000,534.955,50,,7,0.5213,773.3,0.3797,147,step_limit,0.2862,1326.0
34,3,33,714,387.571,33,714,5,0.3908,647.0,0.3644,64,complete,0.1778,1367.8
35,3,26,845,267.454,26,845,4,0.4769,682.1,0.4375,126,complete,0.2381,1414.5
36,3,57,1000,670.042,55,,9,0.5077,789.1,0.2441,78,step_limit,0.2137,1470.5
37,3,29,1000,249.728,26,,4,0.436,761.0,0.4351,298,step_limit,0.298,1524.9
38,4,63,933,796.832,63,933,11,0.5624,859.6,0.2642,50,complete,0.2705,1577.5
39,4,44,824,481.422,44,824,7,0.5583,895.8,0.2664,19,complete,0.2875,1624.0
40,4,56,871,703.146,56,871,10,0.5692,842.8,0.2599,20,complete,0.2799,1674.0
41,4,21,393,197.404,21,393,2,0.605,940.9,0.2193,11,complete,0.2772,1695.6
42,3,24,1000,216.887,23,,4,0.573,796.2,0.5286,115,step_limit,0.2863,1750.4
43,3,52,1000,310.781,35,,5,0.4397,682.5,0.6028,326,step_limit,0.2564,1804.4
44,3,72,1000,845.354,63,,12,0.403,636.2,0.4166,173,step_limit,0.1707,1862.8
45,3,52,1000,486.444,45,,7,0.4657,783.5,0.4514,119,step_limit,0.2413,1919.4
46,4,72,718,936.591,72,718,12,0.4251,642.7,0.1519,26,complete,0.1667,1962.0
47,3,69,1000,638.865,55,,9,0.425,714.2,0.4463,146,step_limit,0.1682,2014.4
48,3,56,1000,659.566,54,,9,0.3967,723.2,0.2745,73,step_limit,0.1879,2059.8
49,4,78,1000,918.39,75,,12,0.5707,874.8,0.2806,19,step_limit,0.2536,2102.5
50,4,40,1000,154.66,27,,5,0.638,938.5,0.4607,92,step_limit,0.3305,2143.5
51,4,51,703,685.778,51,703,10,0.4243,742.0,0.276,18,complete,0.1807,2538.1
52,3,42,899,535.844,42,899,8,0.4861,718.7,0.2997,51,complete,0.2483,2582.9
53,4,60,703,796.907,60,703,11,0.4563,627.7,0.1884,16,complete,0.1698,2623.2
54,3,49,731,652.05,49,731,9,0.4049,628.3,0.1566,14,complete,0.191,2663.9
55,3,40,825,496.967,40,825,7,0.362,695.5,0.1884,39,complete,0.1553,2709.7
56,4,61,989,743.188,61,989,10,0.4884,839.3,0.2661,14,complete,0.1926,2766.5
57,3,53,951,699.623,53,951,10,0.4795,788.3,0.2231,24,complete,0.2202,2820.7
58,4,57,1000,684.168,55,,10,0.5823,938.6,0.3431,90,step_limit,0.2826,2877.3
59,3,50,1000,600.562,49,,8,0.516,774.3,0.3134,43,step_limit,0.2171,2935.6
60,3,21,705,179.221,21,705,3,0.5319,749.2,0.3328,41,complete,0.2527,2975.6
61,4,26,395,276.462,26,395,3,0.5253,860.2,0.1338,8,complete,0.1615,2998.3
62,4,55,1000,513.469,47,,8,0.5593,892.6,0.4081,97,step_limit,0.2982,3057.8
63,4,68,1000,728.412,59,,11,0.5613,883.3,0.3976,36,step_limit,0.2177,3115.7
64,3,41,1000,411.09,38,,6,0.4643,770.7,0.3447,78,step_limit,0.2057,3170.5
65,4,68,684,900.199,68,684,12,0.3885,653.8,0.1685,11,complete,0.1,3210.7
66,3,61,1000,754.928,57,,11,0.3563,599.9,0.2358,25,step_limit,0.1351,3266.2
67,3,53,1000,615.03,50,,9,0.4857,763.6,0.2265,31,step_limit,0.2381,3322.2
68,3,44,682,555.917,44,682,7,0.4076,676.3,0.1554,16,complete,0.1285,3360.9
69,3,34,929,374.451,34,929,5,0.4539,728.6,0.3332,41,complete,0.1667,3412.1
70,3,31,1000,2.845,18,,1,0.4517,779.6,0.4505,125,step_limit,0.1549,3470.3
71,4,71,1000,901.414,70,,12,0.3772,584.2,0.2334,30,step_limit,0.1572,3528.9
72,3,53,1000,361.221,37,,6,0.4753,650.0,0.4321,185,step_limit,0.1993,3584.3
73,3,21,506,193.906,21,506,2,0.5422,757.8,0.32,44,complete,0.2381,3610.9
74,4,45,879,527.08,45,879,8,0.4775,870.5,0.1673,16,complete,0.1818,3658.1
75,4,40,952,445.6,40,952,7,0.5026,783.6,0.3913,47,complete,0.2112,3710.2
76,3,75,1000,688.344,57,,10,0.5073,746.4,0.2543,33,step_limit,0.2018,3766.3
77,4,24,362,265.287,24,362,3,0.5532,917.1,0.1508,6,complete,0.235,3786.4
78,3,64,1000,639.334,55,,9,0.464,756.7,0.3923,114,step_limit,0.177,3841.0
79,3,41,1000,469.395,40,,7,0.5507,716.1,0.374,51,step_limit,0.2449,3896.5
80,3,69,1000,534.396,48,,8,0.3653,602.5,0.3497,58,step_limit,0.1838,3951.9
81,4,47,860,548.315,47,860,8,0.439,838.1,0.1876,11,complete,0.1485,4000.1
82,4,69,1000,752.319,63,,11,0.5683,874.1,0.3346,36,step_limit,0.2278,4057.2
83,4,31,1000,255.11,29,,4,0.643,916.4,0.5724,112,step_limit,0.3537,4113.6
84,3,33,740,385.255,33,740,5,0.4986,793.6,0.3552,59,complete,0.1689,4154.4
85,3,38,565,472.866,38,565,6,0.4159,554.9,0.1971,25,complete,0.125,4186.8
86,4,24,712,214.037,24,712,3,0.665,819.1,0.2703,17,complete,0.2462,4225.8
87,3,30,762,321.19,30,762,4,0.4129,737.6,0.2711,39,complete,0.2072,4267.2
88,3,38,713,458.139,38,713,6,0.5171,711.1,0.2649,24,complete,0.1958,4307.8
89,3,57,1000,481.321,45,,7,0.45,757.3,0.2662,29,step_limit,0.193,4362.4
90,4,21,631,173.77,21,631,2,0.6426,990.1,0.3164,19,complete,0.2679,4396.4
91,4,77,1000,879.309,73,,12,0.5333,752.7,0.3137,31,step_limit,0.2,4452.8
92,3,69,1000,592.574,51,,9,0.488,607.5,0.4034,118,step_limit,0.1548,4509.0
93,4,60,763,800.233,60,763,11,0.4977,755.0,0.298,74,complete,0.1332,4552.5
94,4,45,660,537.004,45,660,7,0.4754,769.5,0.1623,13,complete,0.1782,4590.0
95,3,71,1000,793.465,64,,11,0.4227,657.6,0.2218,30,step_limit,0.1667,4647.3
96,3,74,1000,697.946,57,,10,0.503,793.9,0.4044,119,step_limit,0.1761,4701.9
97,4,47,1000,502.511,46,,7,0.3912,798.2,0.2361,17,step_limit,0.1959,4754.1
98,4,50,886,580.608,50,886,8,0.6007,960.9,0.2301,12,complete,0.2225,4798.9
99,4,35,770,394.48,35,770,6,0.5419,789.7,0.3493,37,complete,0.2152,4833.7
100,3,40,748,502.435,40,748,7,0.455,730.5,0.2305,66,complete,0.1687,4870.8
101,3,23,706,276.268,23,706,4,0.483,711.6,0.4688,115,complete,0.2,5340.9
102,3,21,426,207.663,21,426,2,0.4867,781.0,0.1862,29,complete,0.2063,5361.5
103,4,72,972,950.059,72,972,13,0.4761,721.1,0.2738,27,complete,0.1584,5408.3
104,3,27,716,247.598,27,716,3,0.5493,799.8,0.3008,43,complete,0.3188,5443.7
105,3,63,1000,730.286,57,,10,0.3847,733.6,0.3137,99,step_limit,0.1583,5492.4
106,4,58,725,745.359,58,725,10,0.5003,737.5,0.1862,45,complete,0.1589,5530.7
107,4,75,1000,687.883,60,,11,0.6072,896.1,0.3353,28,step_limit,0.2797,5586.8
108,3,55,1000,434.296,39,,7,0.456,681.8,0.4887,180,step_limit,0.1953,5641.8
109,4,64,1000,540.869,52,,8,0.541,909.1,0.3549,36,step_limit,0.2126,5697.1
110,3,55,843,726.081,55,843,10,0.4868,782.7,0.2292,49,complete,0.1786,5745.0
111,4,67,1000,619.176,57,,9,0.564,849.6,0.309,30,step_limit,0.2061,5802.9
112,3,46,968,546.349,46,968,7,0.5055,746.6,0.3766,52,complete,0.2027,5856.8
113,4,43,671,520.816,43,671,7,0.3756,656.5,0.2387,28,complete,0.1648,5894.7
114,3,80,1000,795.749,64,,11,0.43,770.5,0.2509,49,step_limit,0.1638,5950.8
115,4,78,1000,998.938,77,,14,0.437,670.1,0.3044,42,step_limit,0.1621,6009.6
116,4,72,1000,871.3,70,,12,0.522,866.0,0.2916,43,step_limit,0.1646,6066.1
117,3,54,1000,550.783,48,,8,0.4397,718.7,0.3689,75,step_limit,0.1927,6121.6
118,3,63,1000,616.348,51,,9,0.4603,785.4,0.2732,60,step_limit,0.2251,6178.7
119,4,66,1000,709.418,60,,10,0.4718,753.6,0.3181,23,step_limit,0.2073,6235.3
120,4,70,832,888.851,70,832,12,0.5033,889.6,0.2242,14,complete,0.1996,6282.0
121,4,45,612,545.502,45,612,7,0.5441,809.5,0.1688,30,complete,0.2073,6317.3
122,4,26,503,253.588,26,503,3,0.6079,1032.7,0.2969,14,complete,0.2311,6345.0
123,4,30,899,252.36,30,899,4,0.5545,825.7,0.28,28,complete,0.2384,6394.8
124,3,80,1000,688.488,58,,10,0.478,722.1,0.3171,96,step_limit,0.1868,6450.7
125,4,41,899,414.986,41,899,6,0.5317,747.1,0.3842,26,complete,0.201,6500.7
126,3,50,1000,501.162,45,,7,0.5623,771.2,0.3039,41,step_limit,0.2833,6555.8
127,3,37,795,410.164,37,795,5,0.5279,785.8,0.3168,57,complete,0.2222,6599.3
128,3,42,792,512.533,42,792,7,0.4878,783.3,0.2608,26,complete,0.2209,6644.0
129,4,52,636,667.206,52,636,9,0.5377,849.7,0.1794,11,complete,0.2176,6679.9
130,3,40,983,427.442,40,983,6,0.5395,783.0,0.3736,38,complete,0.2509,6735.0
131,3,39,825,464.258,39,825,6,0.3903,629.7,0.1766,19,complete,0.1571,6781.2
132,4,63,927,818.317,63,927,12,0.3983,708.8,0.2618,13,complete,0.155,6832.6
133,3,61,1000,742.169,56,,11,0.417,747.1,0.3269,36,step_limit,0.1871,6887.0
134,4,22,305,257.091,22,305,3,0.4557,686.5,0.1512,17,complete,0.1375,6904.5
135,3,20,551,214.28,20,551,3,0.4955,721.8,0.2243,34,complete,0.2201,6933.8
136,4,57,973,691.971,57,973,10,0.5892,846.4,0.253,12,complete,0.2744,6989.4
137,3,24,352,273.415,24,352,3,0.4006,720.5,0.1055,10,complete,0.1453,7008.2
138,4,35,409,414.303,35,409,5,0.4401,588.6,0.1519,10,complete,0.1356,7031.4
139,3,29,881,338.829,29,881,5,0.5184,791.1,0.2067,33,complete,0.2719,7078.5
140,3,32,932,382.931,32,932,6,0.5351,781.0,0.3526,63,complete,0.2289,7128.7
141,3,54,1000,490.211,44,,8,0.4013,541.4,0.4138,118,step_limit,0.1914,7184.1
142,3,42,937,506.183,42,937,7,0.3518,677.6,0.2438,37,complete,0.2163,7236.5
143,3,23,839,230.93,23,839,4,0.4656,746.5,0.3261,65,complete,0.1961,7282.2
144,3,61,1000,460.587,44,,7,0.337,631.7,0.3997,72,step_limit,0.1905,7338.3
145,3,64,1000,658.134,54,,10,0.339,642.4,0.2818,57,step_limit,0.1504,7392.7
146,3,71,1000,794.844,63,,11,0.4097,731.6,0.1996,38,step_limit,0.1855,7446.9
147,3,48,1000,572.85,46,,8,0.475,701.6,0.2807,26,step_limit,0.1873,7494.6
148,4,36,993,336.191,36,993,5,0.6362,1025.4,0.3996,37,complete,0.2791,7541.8
149,4,40,604,464.7,40,604,6,0.3667,838.4,0.2226,10,complete,0.1351,7570.0
150,3,26,672,285.14,26,672,4,0.4544,749.7,0.2732,27,complete,0.1979,7597.7
151,4,70,1000,849.2,67,,12,0.5553,856.6,0.379,29,step_limit,0.1978,8091.3
152,4,48,854,580.59,48,854,8,0.5717,819.3,0.2317,25,complete,0.2222,8132.0
153,4,57,1000,554.414,50,,8,0.5355,842.0,0.4173,33,step_limit,0.2,8181.0
154,4,34,552,429.567,34,552,6,0.5466,726.5,0.2983,23,complete,0.125,8209.0
155,4,80,1000,664.185,61,,10,0.54,821.2,0.3345,24,step_limit,0.2083,8258.2
156,4,59,1000,676.881,57,,9,0.6082,873.8,0.42,63,step_limit,0.2368,8306.9
157,3,42,900,498.921,42,900,7,0.47,771.5,0.2936,59,complete,0.2246,8352.4
158,4,76,776,1024.439,76,776,14,0.4285,607.9,0.1885,23,complete,0.131,8398.2
159,4,47,954,549.857,47,954,8,0.4748,861.0,0.3176,16,complete,0.1875,8451.3
160,3,62,1000,647.611,55,,9,0.4543,771.0,0.3421,40,step_limit,0.1754,8506.3
161,3,31,732,364.056,31,732,5,0.4467,709.2,0.3633,37,complete,0.1878,8545.9
162,3,26,899,293.111,26,899,4,0.5869,741.7,0.5688,206,complete,0.2283,8593.6
163,4,21,668,154.594,21,668,3,0.6126,1030.4,0.3469,33,complete,0.2937,8629.8
164,4,79,1000,800.987,67,,12,0.5215,750.4,0.285,31,step_limit,0.248,8686.9
165,4,47,533,605.94,47,533,8,0.5038,799.1,0.2168,11,complete,0.1646,8716.7
166,3,77,1000,935.699,70,,13,0.408,736.5,0.2406,22,step_limit,0.1959,8773.1
167,4,77,1000,699.143,63,,10,0.6112,966.6,0.3009,21,step_limit,0.3098,8829.4
168,4,29,766,288.381,29,766,4,0.595,799.3,0.3761,193,complete,0.2893,8871.5
169,4,59,1000,662.983,57,,9,0.62,937.5,0.3758,44,step_limit,0.2437,8926.1
170,3,74,1000,692.924,59,,9,0.546,706.0,0.4545,171,step_limit,0.1914,8981.9
171,4,34,573,364.856,34,573,5,0.4974,604.8,0.2735,14,complete,0.1157,9015.1
172,3,43,1000,422.851,41,,6,0.4783,747.2,0.3705,58,step_limit,0.2626,9070.0
173,3,35,862,401.789,35,862,6,0.4768,755.0,0.2706,39,complete,0.2857,9117.7
174,4,43,837,439.348,43,837,6,0.4418,780.9,0.3753,68,complete,0.1685,9164.5
175,4,30,862,253.987,30,862,4,0.6755,1052.8,0.4201,58,complete,0.3147,9213.5
176,4,29,759,310.343,29,759,5,0.5926,968.3,0.3454,35,complete,0.3289,9256.3
177,3,45,1000,516.093,43,,8,0.539,797.1,0.2969,72,step_limit,0.3061,9310.0
178,3,20,526,214.565,20,526,3,0.5215,773.0,0.154,11,complete,0.3129,9338.9
179,4,66,1000,637.2,57,,10,0.6032,866.3,0.3025,20,step_limit,0.2886,9395.0
180,4,22,297,218.393,22,297,2,0.436,665.3,0.0784,5,complete,0.1645,9413.0
181,4,77,1000,862.026,71,,12,0.5875,906.9,0.214,15,step_limit,0.2778,9470.8
182,3,74,1000,723.388,58,,11,0.4407,693.9,0.2451,24,step_limit,0.2137,9526.6
183,4,40,544,442.08,40,544,5,0.4334,641.6,0.1888,19,complete,0.2067,9558.1
184,3,77,1000,886.625,66,,13,0.4293,720.4,0.2403,22,step_limit,0.1721,9615.0
185,4,72,1000,850.339,70,,12,0.5347,821.8,0.2654,23,step_limit,0.2276,9671.3
186,4,74,865,967.849,74,865,13,0.5139,776.0,0.2075,15,complete,0.2061,9722.4
187,3,65,1000,432.725,42,,7,0.3443,612.2,0.4334,72,step_limit,0.1827,9776.5
188,3,80,1000,580.397,52,,9,0.5187,682.8,0.3192,79,step_limit,0.253,9832.1
189,4,55,784,704.269,55,784,10,0.5788,880.9,0.154,13,complete,0.2548,9877.2
190,3,36,870,425.85,36,870,6,0.4793,784.2,0.252,54,complete,0.2519,9925.6
191,3,28,890,312.689,28,890,5,0.5026,797.3,0.383,60,complete,0.2317,9974.5
192,4,74,1000,941.541,73,,13,0.4783,830.6,0.2576,15,step_limit,0.1889,10033.6
193,3,61,1000,612.533,52,,9,0.5177,795.7,0.3177,41,step_limit,0.2364,10088.6
194,4,73,966,938.659,73,966,13,0.4987,772.5,0.3098,15,complete,0.1543,10144.4
195,4,69,1000,735.362,61,,11,0.582,861.6,0.3067,19,step_limit,0.292,10199.2
196,3,47,779,599.317,47,779,8,0.395,698.3,0.2171,37,complete,0.1456,10238.0
197,4,27,735,249.059,27,735,4,0.6558,867.6,0.3702,59,complete,0.2667,10273.9
198,3,56,1000,670.68,52,,10,0.4017,658.4,0.3185,38,step_limit,0.1592,10321.5
199,3,57,1000,477.642,45,,7,0.5187,781.1,0.4911,198,step_limit,0.2211,10361.5
200,4,64,1000,662.769,59,,9,0.5793,888.7,0.3117,49,step_limit,0.2582,10401.6
201,4,38,1000,168.147,27,,4,0.6308,947.8,0.5035,194,step_limit,0.3278,10871.5
202,3,32,1000,361.478,31,,6,0.566,777.0,0.4774,163,step_limit,0.337,10919.1
203,3,23,503,251.001,23,503,3,0.4533,657.4,0.3156,43,complete,0.1698,10944.4
204,3,38,712,440.003,38,712,5,0.4405,772.3,0.3127,98,complete,0.1888,10977.6
205,3,27,619,305.208,27,619,4,0.5089,693.5,0.3449,53,complete,0.194,11006.3
206,3,58,1000,571.0,49,,8,0.51,719.3,0.4312,113,step_limit,0.2012,11054.5
207,3,52,1000,524.0,44,,8,0.5453,782.8,0.3072,54,step_limit,0.2686,11108.7
208,3,60,1000,511.435,48,,7,0.5247,769.6,0.3002,37,step_limit,0.26,11163.1
209,3,72,1000,580.508,51,,9,0.4567,678.4,0.319,39,step_limit,0.2124,11219.7
210,4,39,571,465.447,39,571,6,0.5131,699.8,0.2961,47,complete,0.1667,11251.4
211,3,55,871,692.748,55,871,9,0.4501,768.2,0.2381,38,complete,0.2067,11299.0
212,3,62,1000,725.345,58,,10,0.3867,741.4,0.2874,64,step_limit,0.1959,11354.4
213,4,77,815,999.592,77,815,13,0.4172,614.9,0.2502,30,complete,0.1202,11402.6
214,3,44,943,509.142,44,943,7,0.4426,667.8,0.3277,85,complete,0.2153,11454.2
215,3,49,961,585.107,49,961,8,0.4929,778.3,0.2696,61,complete,0.2415,11506.5
216,4,29,821,264.719,29,821,4,0.6675,965.2,0.402,27,complete,0.3608,11551.8
217,4,36,466,450.504,36,466,6,0.5123,658.5,0.1562,19,complete,0.1562,11578.6
218,4,55,790,672.109,55,790,9,0.4446,700.8,0.2319,34,complete,0.1682,11624.6
219,3,35,759,397.13,35,759,5,0.5679,790.3,0.3319,79,complete,0.2417,11665.9
220,4,73,1000,924.126,71,,13,0.5155,822.8,0.2607,17,step_limit,0.2071,11724.6
221,4,25,344,241.424,25,344,2,0.5792,833.3,0.1937,9,complete,0.2442,11744.5
222,3,30,810,292.64,30,810,4,0.5136,796.5,0.4139,49,complete,0.1972,11788.9
223,3,45,1000,540.86,44,,8,0.5447,781.5,0.2004,45,step_limit,0.2949,11843.6
224,4,76,1000,691.063,60,,11,0.597,885.8,0.2928,18,step_limit,0.2947,11899.7
225,4,70,1000,804.629,66,,12,0.4888,732.3,0.2641,17,step_limit,0.224,11956.4
226,4,73,1000,914.904,70,,13,0.4698,709.8,0.3451,19,step_limit,0.1885,12013.8
227,4,56,705,658.707,56,705,8,0.4415,814.0,0.1844,13,complete,0.1862,12055.4
228,4,24,403,259.797,24,403,3,0.544,854.2,0.2245,10,complete,0.276,12078.0
229,3,32,1000,294.019,30,,5,0.5373,766.8,0.3392,56,step_limit,0.3295,12131.3
230,3,62,1000,706.245,56,,10,0.4687,718.2,0.3312,35,step_limit,0.1488,12188.0
231,3,27,643,302.432,27,643,4,0.534,779.6,0.2811,53,complete,0.241,12222.3
232,4,27,748,216.302,27,748,3,0.6795,974.4,0.3179,31,complete,0.3986,12262.9
233,4,58,1000,692.972,57,,10,0.596,886.3,0.333,18,step_limit,0.2789,12318.7
234,3,56,1000,710.173,55,,10,0.436,698.5,0.1989,26,step_limit,0.1855,12374.9
235,3,49,982,621.769,49,982,9,0.5081,790.3,0.2597,41,complete,0.2349,12431.0
236,4,71,1000,878.744,69,,13,0.5317,859.0,0.2418,30,step_limit,0.2336,12486.7
237,4,77,888,1029.431,77,888,14,0.4718,669.8,0.2192,14,complete,0.1673,12537.3
238,4,27,498,258.865,27,498,3,0.5035,754.8,0.2229,20,complete,0.1886,12566.3
239,4,37,894,404.543,37,894,6,0.6661,962.8,0.3105,15,complete,0.3145,12616.3
240,4,70,957,864.503,70,957,12,0.4548,687.1,0.2556,21,complete,0.176,12672.0
241,3,46,892,583.703,46,892,8,0.5172,782.5,0.2786,48,complete,0.2667,12721.1
242,4,65,1000,787.348,64,,11,0.438,673.1,0.3544,36,step_limit,0.1769,12777.4
243,4,39,702,443.417,39,702,6,0.5926,908.2,0.3076,14,complete,0.2563,12812.6
244,3,51,1000,527.865,46,,8,0.421,746.0,0.335,44,step_limit,0.2427,12860.4
245,3,52,1000,469.267,41,,8,0.5473,787.2,0.2782,52,step_limit,0.3131,12908.1
246,4,54,590,689.17,54,590,9,0.464,695.8,0.1888,10,complete,0.1667,12936.6
247,4,69,1000,825.42,65,,12,0.5607,850.4,0.2744,23,step_limit,0.2698,12976.4
248,3,77,1000,756.292,60,,11,0.418,785.4,0.2289,34,step_limit,0.2023,13019.1
249,4,70,1000,894.84,69,,13,0.4118,741.7,0.3185,29,step_limit,0.1735,13063.5
250,3,51,1000,541.882,45,,8,0.5453,715.0,0.3493,63,step_limit,0.2686,13104.5
251,4,33,521,353.378,33,521,4,0.5643,769.0,0.2921,18,complete,0.1992,13565.1
252,3,25,575,250.642,25,575,3,0.5368,782.7,0.2266,36,complete,0.2373,13592.6
253,4,49,1000,476.808,46,,7,0.5923,919.8,0.2785,31,step_limit,0.2594,13641.4
254,4,26,337,285.043,26,337,3,0.4703,727.0,0.2127,13,complete,0.1722,13658.7
255,3,38,745,445.084,38,745,6,0.4577,789.1,0.2207,39,complete,0.2428,13693.1
256,3,27,783,295.41,27,783,4,0.5364,748.9,0.4487,93,complete,0.2267,13731.8
257,3,44,978,501.526,44,978,7,0.4898,796.2,0.2812,44,complete,0.2687,13785.6
258,4,73,1000,835.485,67,,12,0.5383,800.4,0.3125,21,step_limit,0.2148,13843.5
259,4,65,1000,677.243,60,,9,0.4778,777.4,0.3727,21,step_limit,0.238,13900.1
260,4,49,818,582.733,49,818,8,0.6421,884.4,0.3131,56,complete,0.2268,13944.8
261,4,21,479,171.126,21,479,2,0.6159,816.6,0.2855,12,complete,0.2755,13971.1
262,3,69,1000,897.43,68,,12,0.411,702.4,0.1615,22,step_limit,0.1995,14026.5
263,3,40,915,447.273,40,915,6,0.5381,770.1,0.3355,60,complete,0.318,14076.5
264,4,35,516,425.451,35,516,6,0.516,817.7,0.1793,12,complete,0.2008,14105.0
265,4,52,613,630.772,52,613,8,0.4168,565.8,0.2477,14,complete,0.1335,14141.3
266,3,33,697,424.463,33,697,6,0.3515,636.0,0.2881,51,complete,0.162,14179.4
267,4,32,523,342.605,32,523,4,0.6061,891.5,0.3767,50,complete,0.2577,14207.8
268,3,39,865,481.35,39,865,7,0.5214,780.0,0.3067,43,complete,0.2355,14255.4
269,4,71,836,902.329,71,836,12,0.541,786.6,0.2536,20,complete,0.2324,14303.8
270,3,56,1000,499.543,45,,8,0.5543,760.1,0.3436,54,step_limit,0.3113,14360.4
271,4,66,845,820.0,66,845,11,0.5169,870.4,0.2079,18,complete,0.2217,14407.8
272,3,33,491,368.661,33,491,4,0.4345,595.9,0.1838,20,complete,0.1949,14435.7
273,4,75,1000,871.003,71,,12,0.5627,850.3,0.2903,18,step_limit,0.2132,14492.3
274,3,63,1000,840.395,62,,12,0.417,723.9,0.1496,18,step_limit,0.1818,14547.6
275,3,46,911,577.935,46,911,8,0.5342,790.9,0.243,24,complete,0.2852,14597.9
276,4,62,1000,672.355,60,,9,0.6152,1022.4,0.2145,23,step_limit,0.3058,14653.9
277,4,35,513,373.434,35,513,4,0.6291,837.8,0.2821,14,complete,0.2329,14683.9
278,3,79,1000,800.315,62,,12,0.3743,684.1,0.2774,56,step_limit,0.1379,14740.3
279,3,50,1000,579.518,47,,9,0.4263,778.1,0.3179,40,step_limit,0.213,14797.7
280,3,71,1000,597.839,55,,8,0.4443,765.9,0.3018,37,step_limit,0.209,14853.6
281,4,52,916,628.852,52,916,9,0.5276,843.4,0.3351,19,complete,0.2921,14905.8
282,3,55,992,714.073,55,992,10,0.4782,753.5,0.2278,47,complete,0.2083,14961.0
283,3,44,730,539.409,44,730,7,0.4005,648.9,0.2244,27,complete,0.127,15001.3
284,4,61,798,824.867,61,798,12,0.5185,801.4,0.1619,11,complete,0.1881,15046.4
285,4,61,802,775.684,61,802,11,0.5196,806.0,0.1784,12,complete,0.2292,15091.7
286,4,35,642,377.84,35,642,5,0.4381,717.5,0.2305,12,complete,0.1875,15126.5
287,4,42,695,475.419,42,695,6,0.5899,931.4,0.2296,12,complete,0.2735,15164.6
288,3,26,524,306.576,26,524,4,0.4943,788.4,0.3076,33,complete,0.1988,15193.3
289,4,71,941,927.346,71,941,13,0.5066,798.2,0.2433,16,complete,0.189,15248.5
290,3,34,837,387.014,34,837,5,0.5106,688.3,0.2735,54,complete,0.2658,15293.5
291,4,70,878,922.0,70,878,13,0.4983,807.5,0.1865,11,complete,0.2365,15344.0
292,4,25,497,286.648,25,497,4,0.4844,690.5,0.2537,51,complete,0.201,15371.1
293,4,78,1000,848.549,71,,12,0.5295,804.2,0.2305,19,step_limit,0.2518,15428.2
294,3,63,1000,655.114,55,,9,0.465,773.3,0.3292,53,step_limit,0.2232,15483.8
295,3,40,700,518.462,40,700,7,0.5171,794.8,0.1659,24,complete,0.2311,15517.4
296,3,78,1000,682.512,60,,9,0.4833,785.7,0.236,42,step_limit,0.2667,15566.0
297,3,76,1000,929.646,70,,13,0.4057,599.6,0.2801,42,step_limit,0.1466,15609.1
298,4,42,461,511.255,42,461,6,0.4702,755.9,0.2584,17,complete,0.19,15630.8
299,4,34,1000,180.376,29,,4,0.5713,1069.5,0.3302,40,step_limit,0.321,15673.9
300,4,73,1000,781.063,64,,12,0.5308,811.0,0.2976,15,step_limit,0.2703,15715.8
301,4,74,846,975.592,74,846,13,0.4202,741.5,0.1847,12,complete,0.1713,16163.2
302,3,56,949,732.691,56,949,10,0.496,771.5,0.2844,49,complete,0.2108,16211.2
303,4,24,489,225.807,24,489,3,0.5358,810.7,0.246,26,complete,0.2412,16234.9
304,4,67,1000,820.955,65,,12,0.592,941.0,0.2565,22,step_limit,0.2761,16286.5
305,3,69,1000,723.974,59,,10,0.421,736.0,0.3294,38,step_limit,0.1667,16341.3
306,3,30,542,342.99,30,542,4,0.4871,753.3,0.2139,32,complete,0.1921,16371.1
307,4,46,522,561.233,46,522,7,0.4852,634.7,0.1525,10,complete,0.1546,16401.8
308,3,45,807,582.017,45,807,8,0.4688,787.3,0.2507,44,complete,0.2151,16447.2
309,4,80,1000,858.815,69,,13,0.5152,809.0,0.2628,20,step_limit,0.2615,16504.4
310,3,26,852,267.29,26,852,4,0.4597,766.5,0.4008,59,complete,0.2447,16550.5
311,3,52,798,669.073,52,798,9,0.4018,764.1,0.2689,29,complete,0.1596,16597.2
312,3,42,1000,441.621,40,,6,0.5343,747.6,0.3378,39,step_limit,0.288,16652.3
313,3,60,1000,717.165,57,,10,0.4347,751.7,0.2552,46,step_limit,0.2738,16707.7
314,3,78,1000,598.946,55,,8,0.518,712.2,0.3841,79,step_limit,0.2105,16762.7
315,4,51,1000,511.388,46,,8,0.6175,967.0,0.3163,58,step_limit,0.3095,16818.4
316,4,58,1000,664.6,56,,9,0.4985,842.5,0.336,24,step_limit,0.2076,16873.2
317,4,75,1000,860.219,70,,12,0.5353,834.2,0.334,79,step_limit,0.2332,16930.2
318,4,56,918,691.58,56,918,10,0.5904,959.7,0.2791,12,complete,0.3086,16982.7
319,3,69,1000,551.278,51,,8,0.4753,688.6,0.3046,61,step_limit,0.261,17039.1
320,4,45,733,511.693,45,733,7,0.5651,864.3,0.1485,13,complete,0.2972,17080.5
321,4,28,389,324.226,28,389,4,0.6048,910.9,0.1278,10,complete,0.26,17102.2
322,4,59,684,756.633,59,684,10,0.4503,603.2,0.2631,29,complete,0.1733,17142.2
323,3,44,1000,481.514,42,,7,0.5677,787.5,0.3714,46,step_limit,0.2967,17196.5
324,3,25,481,263.026,25,481,3,0.3714,574.3,0.166,31,complete,0.1975,17223.1
325,4,65,830,798.394,65,830,10,0.5211,763.2,0.3061,17,complete,0.1755,17271.1
326,3,31,571,413.847,31,571,6,0.4594,757.8,0.2166,54,complete,0.2448,17303.2
327,4,67,1000,844.352,65,,12,0.5895,871.4,0.2862,25,step_limit,0.2384,17359.6
328,3,65,1000,786.391,61,,11,0.4043,601.7,0.2538,53,step_limit,0.207,17415.8
329,4,33,631,324.857,33,631,4,0.5773,865.7,0.1752,24,complete,0.2948,17452.5
330,4,76,1000,781.868,67,,11,0.5042,761.3,0.2901,37,step_limit,0.2345,17509.1
331,3,76,1000,831.743,64,,12,0.4577,750.5,0.2637,40,step_limit,0.2564,17565.8
332,4,75,927,967.427,75,927,13,0.431,813.4,0.2526,26,complete,0.1754,17618.1
333,3,26,607,298.19,26,607,4,0.3471,779.7,0.214,18,complete,0.1967,17651.5
334,3,63,1000,739.752,59,,10,0.3817,764.4,0.2347,38,step_limit,0.2101,17708.1
335,4,28,422,313.334,28,422,4,0.6007,845.6,0.1713,20,complete,0.2542,17732.2
336,3,54,925,640.306,54,925,8,0.4897,768.0,0.2348,39,complete,0.2395,17784.4
337,3,65,1000,685.183,56,,10,0.5,761.9,0.2505,40,step_limit,0.2609,17839.7
338,3,68,1000,657.326,57,,9,0.4333,783.2,0.2015,35,step_limit,0.2348,17896.5
339,4,47,558,599.348,47,558,8,0.4091,658.7,0.159,10,complete,0.125,17931.0
340,3,73,1000,761.289,60,,11,0.5157,747.4,0.2456,53,step_limit,0.2627,17987.4
341,3,64,1000,675.906,55,,10,0.4887,779.0,0.1643,32,step_limit,0.3179,18039.7
342,3,26,485,280.331,26,485,3,0.4447,696.3,0.3279,50,complete,0.1698,18063.9
343,4,58,1000,685.979,57,,10,0.5813,819.9,0.3269,35,step_limit,0.2722,18113.8
344,4,23,272,268.998,23,272,3,0.3796,662.4,0.1607,10,complete,0.1795,18127.5
345,4,53,905,616.306,53,905,8,0.6039,1022.8,0.3139,24,complete,0.2847,18168.7
346,3,21,435,230.65,21,435,3,0.4996,702.7,0.253,28,complete,0.2246,18187.8
347,4,39,721,463.878,39,721,7,0.5014,766.0,0.2837,52,complete,0.218,18219.6
348,4,46,647,589.624,46,647,8,0.5054,609.2,0.3729,37,complete,0.1566,18246.8
349,4,37,484,438.251,37,484,5,0.5005,863.2,0.2176,12,complete,0.2574,18267.7
350,3,42,935,498.686,42,935,7,0.5241,792.5,0.3117,44,complete,0.2553,18306.7
351,4,54,712,720.009,54,712,10,0.5495,931.4,0.182,14,complete,0.2079,18749.4
352,4,69,960,840.255,69,960,11,0.5797,952.8,0.2148,18,complete,0.2579,18799.9
353,3,44,649,550.805,44,649,7,0.4422,712.3,0.1376,27,complete,0.1888,18837.5
354,3,49,868,641.78,49,868,9,0.4762,769.0,0.1284,32,complete,0.2483,18885.9
355,3,28,546,350.995,28,546,5,0.489,692.7,0.2225,22,complete,0.2131,18916.6
356,3,79,1000,967.373,74,,13,0.3443,667.7,0.208,56,step_limit,0.1391,18973.2
357,4,71,1000,849.707,70,,11,0.4005,601.8,0.3926,34,step_limit,0.1404,19029.2
358,3,30,655,312.54,30,655,4,0.4743,777.1,0.216,33,complete,0.2969,19063.9
359,3,74,1000,665.851,56,,10,0.3847,624.0,0.3188,36,step_limit,0.1868,19119.1
360,4,47,623,559.114,47,623,7,0.5546,861.7,0.2298,12,complete,0.2324,19154.5
361,3,43,868,519.272,43,868,7,0.4739,780.4,0.2535,32,complete,0.2235,19201.8
362,4,78,927,1033.894,78,927,14,0.5394,757.8,0.2454,30,complete,0.2172,19255.4
363,4,70,778,909.691,70,778,12,0.3978,705.1,0.2201,17,complete,0.1694,19300.3
364,3,64,1000,723.364,56,,11,0.4737,791.1,0.2244,28,step_limit,0.2913,19355.5
365,3,63,1000,510.79,47,,8,0.4573,751.7,0.2413,37,step_limit,0.2673,19410.9
366,3,44,828,559.542,44,828,8,0.4976,783.2,0.1951,19,complete,0.2481,19456.8
367,4,38,757,447.783,38,757,7,0.4729,935.5,0.238,17,complete,0.2471,19498.5
368,3,37,831,422.827,37,831,6,0.3185,537.8,0.3225,52,complete,0.1548,19544.5
369,3,42,650,566.514,42,650,8,0.4451,676.7,0.2228,34,complete,0.2114,19580.3
370,3,70,1000,800.19,63,,11,0.4813,770.3,0.1887,30,step_limit,0.2629,19636.5
371,3,40,815,464.072,40,815,6,0.4544,747.1,0.3049,40,complete,0.2452,19680.8
372,4,29,377,329.113,29,377,4,0.4476,566.5,0.2108,10,complete,0.1389,19701.7
373,3,79,1000,871.354,65,,13,0.406,662.7,0.2753,32,step_limit,0.2026,19759.2
374,3,40,900,480.842,40,900,7,0.5056,763.2,0.2498,57,complete,0.2616,19810.6
375,3,28,489,324.505,28,489,4,0.4254,690.0,0.1677,20,complete,0.1813,19838.5
376,3,40,962,436.097,40,962,6,0.5281,792.9,0.1708,52,complete,0.3587,19889.7
377,3,72,1000,804.725,64,,11,0.4833,787.0,0.2304,35,step_limit,0.2479,19946.7
378,4,61,888,766.519,61,888,10,0.5318,852.2,0.3146,19,complete,0.2254,19997.8
379,4,68,1000,774.335,64,,11,0.507,848.8,0.2717,17,step_limit,0.242,20055.7
380,3,24,570,240.975,24,570,3,0.4322,754.4,0.2331,37,complete,0.2407,20087.8
381,3,52,976,660.722,52,976,9,0.5236,784.8,0.1614,32,complete,0.283,20141.9
382,4,35,483,373.731,35,483,4,0.4741,831.0,0.1718,18,complete,0.2239,20169.0
383,3,47,1000,521.998,46,,7,0.5117,791.0,0.3075,55,step_limit,0.2871,20223.2
384,3,28,507,298.979,28,507,3,0.4149,751.8,0.2674,52,complete,0.2712,20251.9
385,4,70,924,915.526,70,924,13,0.4916,800.4,0.2673,15,complete,0.2463,20305.6
386,4,71,934,935.355,71,934,13,0.4331,789.0,0.1863,14,complete,0.2037,20360.8
387,3,49,834,614.986,49,834,8,0.3801,633.0,0.24,54,complete,0.1481,20411.0
388,3,21,588,222.531,21,588,3,0.5794,773.7,0.408,97,complete,0.3333,20442.8
389,4,60,589,781.673,60,589,10,0.4211,607.5,0.1075,10,complete,0.1467,20476.2
390,4,30,401,311.573,30,401,3,0.5443,836.4,0.2498,10,complete,0.2788,20499.0
391,3,51,935,670.55,51,935,9,0.3825,644.0,0.3642,93,complete,0.1558,20551.7
392,3,39,1000,396.423,37,,6,0.4457,733.6,0.2538,40,step_limit,0.3203,20605.8
393,4,73,770,970.844,73,770,13,0.3896,602.7,0.2874,22,complete,0.1567,20651.0
394,3,32,881,351.526,32,881,5,0.5297,791.9,0.2102,30,complete,0.358,20695.2
395,4,70,757,913.634,70,757,12,0.4974,724.7,0.1418,18,complete,0.1801,20733.5
396,4,28,418,316.766,28,418,4,0.4904,671.2,0.1784,17,complete,0.2019,20755.5
397,3,39,766,458.958,39,766,6,0.5383,788.9,0.195,22,complete,0.2771,20792.6
398,3,40,1000,398.2,37,,6,0.4017,678.4,0.3746,155,step_limit,0.2257,20839.6
399,3,51,834,662.862,51,834,9,0.4868,799.0,0.2145,31,complete,0.2,20874.9
400,3,79,1000,736.375,60,,11,0.4843,745.2,0.2567,39,step_limit,0.2353,20915.8
401,3,63,1000,745.1,60,,10,0.4233,731.3,0.2335,56,step_limit,0.231,21347.4
402,3,32,861,355.726,32,861,5,0.4634,754.7,0.3335,53,complete,0.2667,21387.5
403,3,76,1000,912.946,68,,13,0.4077,714.5,0.2231,29,step_limit,0.1915,21438.3
404,4,23,600,231.6,23,600,3,0.6254,706.6,0.5598,154,complete,0.2417,21469.8
405,3,67,1000,649.161,55,,9,0.511,797.3,0.3086,110,step_limit,0.2599,21525.3
406,3,48,903,589.56,48,903,8,0.4994,753.8,0.3033,114,complete,0.2981,21575.0
407,3,72,1000,709.571,59,,10,0.4543,751.5,0.2761,42,step_limit,0.2404,21631.6
408,4,79,1000,958.673,77,,13,0.552,947.7,0.2488,16,step_limit,0.2359,21689.6
409,4,28,350,335.171,28,350,4,0.46,511.1,0.1114,9,complete,0.145,21709.5
410,4,46,809,579.553,46,809,8,0.5732,847.0,0.2752,17,complete,0.3071,21755.5
411,4,69,1000,724.841,63,,10,0.6168,1048.4,0.2389,13,step_limit,0.313,21815.1
412,3,47,874,584.008,47,874,8,0.4634,774.3,0.2635,66,complete,0.273,21863.0
413,4,45,633,536.04,45,633,7,0.4645,816.9,0.2496,18,complete,0.1948,21901.3
414,3,76,1000,803.967,65,,11,0.4477,711.9,0.3002,43,step_limit,0.2222,21961.3
415,3,79,1000,831.348,65,,12,0.399,691.6,0.2177,31,step_limit,0.227,22018.6
416,3,20,494,218.6,20,494,3,0.4818,747.9,0.2324,22,complete,0.1867,22046.3
417,3,45,710,589.68,45,710,8,0.4624,758.1,0.1672,20,complete,0.2008,22085.9
418,3,75,1000,808.352,65,,11,0.4827,692.1,0.3052,52,step_limit,0.2141,22140.1
419,4,78,1000,914.877,75,,12,0.569,911.4,0.18,18,step_limit,0.2754,22197.8
420,4,33,449,397.495,33,449,5,0.49,865.8,0.1375,10,complete,0.1708,22222.6
421,3,62,1000,726.427,59,,10,0.465,756.3,0.1772,25,step_limit,0.2951,22280.5
422,4,51,872,584.845,51,872,8,0.5866,962.4,0.2822,26,complete,0.3184,22328.1
423,3,44,984,522.789,44,984,7,0.4736,791.2,0.294,70,complete,0.2541,22383.7
424,3,33,804,346.035,33,804,4,0.5638,783.6,0.3577,136,complete,0.29,22426.2
425,3,33,482,413.131,33,482,5,0.3624,503.6,0.1256,29,complete,0.1228,22453.2
426,4,24,418,281.213,24,418,4,0.4097,782.7,0.3255,28,complete,0.16,22475.8
427,3,64,1000,674.425,55,,10,0.482,754.6,0.216,55,step_limit,0.2782,22533.3
428,4,53,967,628.958,53,967,9,0.6181,1033.7,0.2442,10,complete,0.3482,22586.1
429,3,36,823,427.652,36,823,6,0.4933,727.3,0.3024,119,complete,0.221,22631.5
430,4,48,1000,541.408,46,,8,0.543,861.1,0.464,237,step_limit,0.2546,22687.9
431,3,56,1000,650.825,53,,9,0.516,791.6,0.24,30,step_limit,0.2966,22743.3
432,3,45,958,550.3,45,958,8,0.4332,740.9,0.2963,45,complete,0.2201,22797.6
433,4,25,701,218.152,25,701,4,0.5942,878.9,0.2996,57,complete,0.3447,22836.4
434,3,58,1000,743.569,56,,11,0.4787,714.5,0.2273,64,step_limit,0.2639,22892.3
435,3,72,1000,603.242,53,,9,0.5343,802.4,0.2228,47,step_limit,0.3161,22947.2
436,3,71,1000,857.845,65,,12,0.4223,751.9,0.2182,31,step_limit,0.1882,23002.8
437,3,53,1000,617.683,51,,9,0.482,801.1,0.2593,46,step_limit,0.292,23058.3
438,4,31,549,319.885,31,549,4,0.5906,922.5,0.3292,30,complete,0.2659,23092.1
439,4,77,928,1052.142,77,928,15,0.4933,852.0,0.163,11,complete,0.2114,23145.5
440,3,73,1000,737.784,61,,10,0.4617,774.4,0.1965,23,step_limit,0.2672,23200.8
441,4,27,398,300.258,27,398,4,0.4315,589.7,0.2669,17,complete,0.1773,23224.1
442,3,20,432,227.825,20,432,3,0.5255,772.2,0.1506,12,complete,0.2348,23248.2
443,4,73,753,975.036,73,753,13,0.4286,654.7,0.134,14,complete,0.1686,23291.9
444,3,56,765,755.198,56,765,10,0.3647,754.9,0.1794,15,complete,0.16,23338.2
445,4,20,387,208.3,20,387,3,0.6247,914.5,0.1787,16,complete,0.3833,23356.6
446,3,26,533,262.322,26,533,3,0.4115,733.3,0.3371,43,complete,0.1758,23382.1
447,3,41,589,503.989,41,589,6,0.3933,658.0,0.2147,19,complete,0.1435,23407.1
448,4,73,982,917.049,73,982,12,0.5476,834.5,0.3468,77,complete,0.2332,23448.8
449,3,56,992,726.06,56,992,10,0.4751,769.2,0.2446,56,complete,0.2024,23490.1
450,3,35,794,404.729,35,794,5,0.5113,796.8,0.2823,68,complete,0.2875,23521.4
451,4,77,866,1039.059,77,866,14,0.3326,619.8,0.2586,33,complete,0.145,23978.8
452,3,22,516,226.502,22,516,3,0.4231,714.2,0.2467,22,complete,0.2767,24006.1
453,4,47,561,644.096,47,561,9,0.4594,762.2,0.1793,10,complete,0.2073,24034.7
454,4,72,1000,844.15,68,,12,0.5673,857.9,0.2832,62,step_limit,0.2691,24082.9
455,4,63,1000,520.267,52,,8,0.5385,831.9,0.3494,20,step_limit,0.275,24133.3
456,3,73,1000,803.632,64,,11,0.437,695.8,0.2996,72,step_limit,0.1976,24188.2
457,4,36,791,405.004,36,791,6,0.5781,916.2,0.2346,20,complete,0.3537,24230.6
458,4,78,897,1067.146,78,897,15,0.4632,752.4,0.2448,18,complete,0.2052,24281.5
459,4,45,759,516.289,45,759,7,0.5919,1014.7,0.2028,10,complete,0.3177,24324.4
460,3,70,1000,697.68,60,,9,0.516,790.3,0.2192,33,step_limit,0.2763,24380.5
461,3,39,599,485.184,39,599,6,0.4669,783.1,0.2588,62,complete,0.21,24412.9
462,4,62,887,809.443,62,887,12,0.5417,813.3,0.231,18,complete,0.2308,24461.8
463,3,67,1000,774.412,63,,10,0.459,784.8,0.2175,37,step_limit,0.2602,24517.2
464,3,33,589,425.139,33,589,6,0.4929,591.5,0.2874,66,complete,0.1814,24550.6
465,4,80,1000,842.45,70,,12,0.5763,872.5,0.282,20,step_limit,0.2911,24609.1
466,4,42,496,560.303,42,496,8,0.4672,741.3,0.0799,8,complete,0.1767,24637.5
467,3,63,1000,740.029,59,,10,0.415,657.4,0.2353,40,step_limit,0.2028,24692.4
468,3,78,1000,844.873,66,,12,0.4407,739.0,0.2473,42,step_limit,0.2203,24749.3
469,4,48,605,566.617,48,605,7,0.4719,680.3,0.2112,11,complete,0.1636,24784.1
470,4,70,1000,825.24,66,,12,0.4788,842.0,0.3296,36,step_limit,0.2109,24840.0
471,3,24,466,261.583,24,466,3,0.4328,755.5,0.2964,36,complete,0.2288,24866.5
472,4,62,1000,704.935,60,,10,0.4965,778.5,0.3551,25,step_limit,0.2541,24923.8
473,3,30,646,341.88,30,646,5,0.499,785.8,0.237,65,complete,0.2438,24959.0
474,3,37,760,436.616,37,760,6,0.4706,793.2,0.3161,47,complete,0.2583,25000.3
475,3,71,1000,848.342,65,,12,0.4643,757.1,0.226,26,step_limit,0.271,25055.9
476,3,29,797,334.2,29,797,5,0.45,713.9,0.4549,115,complete,0.2009,25101.9
477,3,36,681,414.978,36,681,5,0.4875,798.1,0.2722,60,complete,0.2133,25142.6
478,3,52,867,623.152,52,867,8,0.4894,792.5,0.199,23,complete,0.2589,25190.5
479,4,75,1000,804.709,65,,12,0.5555,799.0,0.3443,46,step_limit,0.2712,25246.6
480,4,64,648,845.511,64,648,11,0.49,867.5,0.0965,10,complete,0.2143,25284.4
481,3,70,1000,745.703,58,,11,0.4877,740.0,0.2682,79,step_limit,0.2422,25339.7
482,4,39,491,479.027,39,491,6,0.4292,813.5,0.1446,11,complete,0.2321,25367.9
483,4,51,722,652.359,51,722,9,0.5443,847.8,0.1434,23,complete,0.2887,25409.6
484,4,43,794,522.659,43,794,8,0.5516,920.6,0.3021,39,complete,0.25,25453.6
485,3,36,722,404.907,36,722,5,0.5245,775.4,0.2369,23,complete,0.2625,25494.7
486,3,53,1000,594.242,49,,9,0.403,744.1,0.2484,37,step_limit,0.2351,25550.9
487,4,34,375,382.812,34,375,4,0.5613,801.1,0.1507,10,complete,0.2075,25572.2
488,3,73,1000,703.055,59,,10,0.453,730.5,0.2568,32,step_limit,0.2802,25628.1
489,4,52,748,632.795,52,748,9,0.4372,826.3,0.2569,26,complete,0.1985,25671.2
490,4,40,837,454.11,40,837,6,0.5684,847.4,0.3373,31,complete,0.2333,25720.1
491,3,47,1000,532.753,46,,7,0.424,592.0,0.4343,139,step_limit,0.1957,25775.5
492,3,71,1000,744.451,61,,10,0.4877,786.7,0.19,29,step_limit,0.2353,25826.2
493,3,46,782,592.638,46,782,8,0.4842,768.7,0.3078,32,complete,0.1905,25863.4
494,3,47,971,566.672,47,971,8,0.4864,784.8,0.2542,42,complete,0.3086,25911.9
495,3,45,993,554.797,45,993,8,0.4458,780.4,0.3161,43,complete,0.2799,25961.1
496,4,65,967,787.985,65,967,11,0.423,648.0,0.2976,34,complete,0.1714,26004.9
497,3,35,1000,345.109,34,,4,0.4553,701.5,0.4601,211,step_limit,0.2353,26046.0
498,4,39,1000,387.621,38,,7,0.6132,1014.8,0.3041,43,step_limit,0.3469,26085.4
499,4,28,444,311.583,28,444,4,0.5563,870.3,0.1427,13,complete,0.2689,26105.1
500,3,49,1000,599.865,48,,9,0.5353,791.4,0.2746,46,step_limit,0.3109,26150.3
501,4,26,407,267.797,26,407,3,0.5657,883.0,0.1221,11,complete,0.3019,26561.4
502,4,69,1000,881.571,68,,13,0.4333,717.8,0.2954,16,step_limit,0.1856,26617.3
503,4,44,532,512.484,44,532,6,0.5338,839.7,0.1834,10,complete,0.191,26648.1
504,4,34,693,367.292,34,693,5,0.5642,910.6,0.2997,52,complete,0.3209,26686.7
505,4,77,1000,590.0,55,,10,0.6165,939.4,0.3538,23,step_limit,0.3046,26742.0
506,4,55,723,655.036,55,723,8,0.4405,666.1,0.2506,15,complete,0.1595,26783.5
507,3,61,1000,762.172,57,,11,0.41,597.6,0.4579,91,step_limit,0.1709,26839.5
508,3,24,547,264.127,24,547,3,0.4065,725.6,0.3341,59,complete,0.179,26869.0
509,3,48,1000,490.694,45,,7,0.477,788.7,0.3336,45,step_limit,0.2772,26923.3
510,4,71,1000,867.285,70,,12,0.5925,889.9,0.2209,15,step_limit,0.2702,26981.6
511,4,39,932,454.864,39,932,7,0.6199,898.9,0.3579,59,complete,0.3056,27035.5
512,4,29,451,321.381,29,451,4,0.4091,630.1,0.2026,21,complete,0.1897,27060.9
513,4,46,627,578.972,46,627,8,0.5327,817.6,0.1196,10,complete,0.2642,27097.6
514,3,49,857,603.404,49,857,8,0.5146,773.6,0.1568,24,complete,0.2833,27146.2
515,3,70,1000,616.371,54,,9,0.4293,723.0,0.3945,104,step_limit,0.2661,27200.9
516,4,63,1000,749.67,61,,11,0.628,994.4,0.2728,37,step_limit,0.2992,27257.6
517,4,44,638,525.535,44,638,7,0.5572,879.3,0.158,21,complete,0.2805,27295.3
518,3,57,1000,618.784,51,,9,0.542,787.6,0.2641,40,step_limit,0.3089,27353.7
519,4,34,390,378.776,34,390,4,0.5731,840.4,0.1606,10,complete,0.1587,27375.2
520,3,68,1000,876.631,66,,12,0.3853,674.8,0.1601,27,step_limit,0.1801,27432.0
521,4,71,1000,743.189,62,,11,0.5827,1014.4,0.2378,22,step_limit,0.3277,27492.2
522,3,72,1000,638.725,56,,9,0.4247,676.5,0.3614,76,step_limit,0.2,27548.3
523,3,27,443,318.488,27,443,4,0.4545,735.1,0.1678,13,complete,0.2339,27573.5
524,3,37,799,424.598,37,799,6,0.5415,791.6,0.259,29,complete,0.2708,27617.9
525,3,79,1000,862.51,68,,12,0.454,729.1,0.1983,18,step_limit,0.2057,27674.3
526,3,39,890,450.085,39,890,6,0.5022,775.4,0.196,23,complete,0.272,27722.0
527,3,42,999,530.109,42,999,8,0.4811,780.0,0.3702,113,complete,0.2639,27776.2
528,3,51,1000,586.947,50,,8,0.445,612.3,0.2719,36,step_limit,0.236,27830.9
529,3,21,364,243.494,21,364,3,0.4707,784.5,0.1533,28,complete,0.1667,27851.3
530,4,34,451,377.207,34,451,4,0.5748,834.4,0.1985,18,complete,0.2705,27876.9
531,4,64,961,765.766,64,961,10,0.5874,920.6,0.2512,11,complete,0.244,27931.5
532,4,78,952,981.382,78,952,13,0.4309,594.2,0.3616,21,complete,0.1231,27985.7
533,4,68,1000,700.459,60,,11,0.6028,797.8,0.3887,101,step_limit,0.2722,28041.9
534,3,25,499,302.062,25,499,4,0.4636,786.2,0.1719,15,complete,0.2037,28069.3
535,3,25,728,241.792,25,728,3,0.5046,725.2,0.2971,68,complete,0.2923,28108.4
536,4,71,881,934.219,71,881,13,0.5031,841.5,0.1604,15,complete,0.2101,28157.5
537,4,31,571,330.425,31,571,4,0.6357,869.9,0.2451,10,complete,0.3203,28189.1
538,4,55,816,700.72,55,816,10,0.5674,973.8,0.2178,21,complete,0.2616,28235.9
539,3,46,755,598.346,46,755,8,0.4759,722.9,0.2282,37,complete,0.2184,28279.2
540,4,50,515,646.016,50,515,8,0.4102,613.7,0.1128,11,complete,0.125,28308.7
541,4,25,387,236.952,25,387,2,0.4826,687.3,0.2457,9,complete,0.2074,28330.9
542,4,65,829,780.403,65,829,10,0.5606,864.3,0.2315,20,complete,0.2239,28374.7
543,3,32,581,383.851,32,581,5,0.3746,610.3,0.2252,26,complete,0.1667,28401.8
544,4,60,767,784.02,60,767,11,0.5548,908.4,0.2187,15,complete,0.2453,28438.3
545,3,74,1000,696.961,60,,9,0.4847,761.6,0.2897,133,step_limit,0.2877,28487.0
546,3,45,774,548.067,45,774,7,0.5241,795.9,0.1668,32,complete,0.2899,28524.5
547,3,37,724,440.842,37,724,6,0.4213,612.4,0.2524,46,complete,0.1875,28559.6
548,3,63,941,835.599,63,941,11,0.4297,712.1,0.2533,41,complete,0.193,28604.6
549,4,55,583,707.305,55,583,9,0.5142,780.4,0.1695,10,complete,0.2017,28632.9
550,4,30,521,315.587,30,521,4,0.5835,938.4,0.2094,10,complete,0.3033,28655.5
551,4,33,349,377.688,33,349,4,0.4255,549.5,0.1731,22,complete,0.1154,29053.5
552,4,71,775,953.242,71,775,13,0.4439,737.7,0.1743,28,complete,0.1729,29093.0
553,4,68,1000,797.365,66,,11,0.5755,907.2,0.2753,14,step_limit,0.2348,29146.0
554,3,74,1000,859.131,66,,12,0.4417,735.9,0.2046,31,step_limit,0.2119,29203.2
555,4,59,1000,671.247,58,,10,0.6195,1004.8,0.1992,15,step_limit,0.3673,29257.8
556,4,41,789,478.635,41,789,7,0.6204,951.8,0.2988,27,complete,0.2791,29302.5
557,3,71,1000,906.844,70,,12,0.416,713.3,0.2062,71,step_limit,0.2,29359.0
558,4,50,666,612.232,50,666,8,0.4546,717.8,0.2593,36,complete,0.1545,29395.8
559,4,57,846,701.964,57,846,9,0.5505,1018.4,0.3222,67,complete,0.2328,29446.4
560,4,42,570,487.571,42,570,6,0.3737,616.4,0.2635,35,complete,0.1849,29478.0
561,4,27,496,268.649,27,496,3,0.6114,961.2,0.172,15,complete,0.3,29505.2
562,4,47,880,544.562,47,880,8,0.6199,1031.0,0.2237,24,complete,0.324,29553.6
563,3,78,1000,859.912,67,,12,0.443,743.4,0.2429,36,step_limit,0.2213,29609.5
564,4,30,410,340.627,30,410,4,0.4762,851.7,0.2112,18,complete,0.2119,29632.9
565,4,22,282,218.793,22,282,2,0.5098,701.4,0.1567,5,complete,0.2121,29648.8
566,3,49,1000,624.612,48,,9,0.5167,760.7,0.2709,76,step_limit,0.254,29702.5
567,3,78,1000,780.658,60,,12,0.476,796.7,0.2484,67,step_limit,0.2586,29757.4
568,4,67,1000,675.033,59,,10,0.6425,1025.2,0.2368,11,step_limit,0.3542,29816.0
569,4,70,956,870.943,70,956,12,0.494,803.5,0.2811,20,complete,0.2292,29872.7
570,3,72,1000,878.283,70,,11,0.4563,736.1,0.1982,29,step_limit,0.199,29928.1
571,4,49,616,610.609,49,616,8,0.558,833.5,0.2208,24,complete,0.1772,29963.0
572,4,75,989,945.629,75,989,12,0.5715,1011.4,0.2946,19,complete,0.2635,30018.3
573,4,66,706,852.239,66,706,11,0.5446,875.4,0.1619,9,complete,0.1659,30060.0
574,4,44,857,525.356,44,857,7,0.57,892.5,0.3643,59,complete,0.268,30107.3
575,4,78,922,1038.741,78,922,14,0.4704,841.8,0.168,14,complete,0.1903,30160.0
576,3,69,1000,725.209,60,,10,0.495,774.9,0.2734,49,step_limit,0.2991,30215.8
577,4,24,367,228.153,24,367,2,0.4435,746.8,0.0953,9,complete,0.2202,30237.0
578,4,32,467,378.17,32,467,5,0.4957,681.1,0.1866,12,complete,0.1762,30263.5
579,4,26,498,250.588,26,498,3,0.5,677.1,0.286,51,complete,0.2414,30291.1
580,4,60,729,795.407,60,729,11,0.4705,826.6,0.1728,18,complete,0.1987,30336.9
581,3,47,941,561.457,47,941,8,0.497,777.8,0.2692,35,complete,0.288,30389.3
582,3,36,692,416.307,36,692,5,0.4995,738.9,0.2352,42,complete,0.2394,30428.0
583,4,65,771,838.557,65,771,11,0.5062,902.1,0.1795,13,complete,0.2109,30471.5
584,3,54,999,665.152,54,999,9,0.4865,799.9,0.2196,43,complete,0.307,30526.3
585,4,72,1000,731.856,61,,11,0.5477,938.3,0.3379,77,step_limit,0.2837,30585.4
586,4,37,578,472.783,37,578,7,0.5446,816.7,0.1703,18,complete,0.2466,30617.9
587,3,49,930,617.194,49,930,9,0.5011,775.5,0.2183,33,complete,0.25,30670.0
588,3,57,1000,563.532,50,,8,0.4327,744.9,0.3354,37,step_limit,0.2448,30727.5
589,3,50,771,661.196,50,771,9,0.4691,701.5,0.1495,31,complete,0.2222,30770.1
590,3,47,901,585.132,47,901,8,0.4251,790.1,0.1822,36,complete,0.2474,30814.1
591,4,64,1000,676.606,58,,10,0.604,1032.3,0.2592,14,step_limit,0.3385,30864.4
592,4,22,459,204.495,22,459,2,0.6204,861.0,0.4333,40,complete,0.2031,30885.9
593,4,51,765,626.012,51,765,9,0.5618,815.8,0.2783,22,complete,0.25,30922.8
594,3,40,701,513.865,40,701,7,0.4494,777.6,0.192,29,complete,0.2103,30957.6
595,4,26,469,292.178,26,469,4,0.6114,864.8,0.3008,27,complete,0.2589,30981.9
596,4,26,320,323.415,26,320,4,0.3289,695.9,0.1247,7,complete,0.1522,30997.3
597,3,21,728,231.831,21,728,4,0.5119,726.6,0.3731,40,complete,0.3085,31031.8
598,3,23,381,260.166,23,381,3,0.4191,786.2,0.1534,54,complete,0.1704,31049.6
599,3,77,1000,769.478,62,,11,0.4623,750.1,0.2488,37,step_limit,0.2412,31097.3
600,4,68,1000,669.488,59,,10,0.6298,963.7,0.2598,24,step_limit,0.3224,31145.0
601,3,20,524,209.06,20,524,3,0.4567,789.4,0.1627,16,complete,0.2569,31563.6
602,4,72,894,922.39,72,894,12,0.4958,818.9,0.2222,11,complete,0.2222,31608.6
603,4,60,777,793.287,60,777,11,0.4566,764.8,0.2354,23,complete,0.215,31652.3
604,4,68,1000,819.706,67,,11,0.4145,603.6,0.3987,47,step_limit,0.1372,31707.7
605,3,73,1000,772.092,62,,11,0.5097,756.9,0.1362,32,step_limit,0.2928,31762.7
606,4,51,879,611.899,51,879,9,0.5492,927.2,0.2748,28,complete,0.2619,31811.8
607,3,48,992,620.403,48,992,9,0.4714,758.2,0.2858,67,complete,0.2262,31867.7
608,4,67,626,878.65,67,626,11,0.4373,618.7,0.0941,8,complete,0.1148,31903.7
609,3,51,1000,660.024,50,,10,0.4993,795.2,0.2388,56,step_limit,0.2599,31958.4
610,3,72,1000,872.292,66,,12,0.385,674.1,0.3023,52,step_limit,0.1707,32016.5
611,3,77,1000,813.434,65,,11,0.5033,759.7,0.2903,58,step_limit,0.2039,32072.7
612,3,42,1000,410.714,40,,6,0.4903,803.2,0.3171,57,step_limit,0.2653,32128.5
613,3,40,729,516.325,40,729,7,0.4065,669.1,0.2393,52,complete,0.1838,32172.7
614,3,42,815,520.5,42,815,7,0.5153,767.1,0.2663,38,complete,0.2588,32218.7
615,3,80,1000,864.53,68,,12,0.2853,705.5,0.2551,40,step_limit,0.1772,32275.1
616,4,26,388,302.234,26,388,4,0.5341,820.5,0.1573,11,complete,0.25,32297.2
617,4,75,1000,904.661,73,,12,0.591,929.0,0.2095,21,step_limit,0.2669,32355.6
618,3,50,972,629.252,50,972,9,0.5226,788.6,0.1713,27,complete,0.327,32410.2
619,4,71,952,918.196,71,952,13,0.4903,782.4,0.2494,14,complete,0.2074,32463.7
620,4,55,692,686.036,55,692,9,0.5213,903.9,0.191,24,complete,0.2279,32504.0
621,3,79,1000,826.339,65,,12,0.494,738.7,0.244,24,step_limit,0.2362,32561.8
622,4,56,1000,543.936,51,,8,0.6268,978.2,0.3821,67,step_limit,0.3125,32616.7
623,3,33,810,394.918,33,810,6,0.4576,702.2,0.3421,40,complete,0.2405,32660.5
624,3,72,1000,747.783,60,,11,0.4473,793.4,0.2894,31,step_limit,0.2568,32716.2
625,4,47,1000,386.783,36,,7,0.6412,808.4,0.5867,449,step_limit,0.3194,32771.8
626,3,52,895,672.187,52,895,9,0.4588,702.5,0.2818,51,complete,0.2265,32822.4
627,4,66,1000,674.158,60,,9,0.6018,1010.0,0.3256,114,step_limit,0.3033,32878.4
628,3,42,781,510.484,42,781,7,0.4144,692.3,0.1673,25,complete,0.1941,32922.1
629,3,31,671,363.641,31,671,5,0.4893,799.1,0.2515,87,complete,0.2786,32958.8
630,3,65,1000,766.414,62,,10,0.497,796.1,0.2001,22,step_limit,0.2479,33014.6
631,3,20,567,213.98,20,567,3,0.3945,699.6,0.2634,35,complete,0.2267,33044.3
632,3,38,867,470.382,38,867,7,0.5225,793.0,0.23,31,complete,0.2791,33093.2
633,4,67,704,890.694,67,704,12,0.4212,698.8,0.1703,15,complete,0.1522,33134.2
634,4,47,559,644.891,47,559,9,0.3994,692.4,0.1613,10,complete,0.1845,33168.2
635,4,30,490,326.307,30,490,4,0.3694,554.7,0.2634,24,complete,0.1083,33198.2
636,3,29,586,362.472,29,586,5,0.4863,768.9,0.2398,32,complete,0.254,33232.0
637,3,71,1000,699.49,60,,9,0.49,787.6,0.2427,60,step_limit,0.273,33288.9
638,4,73,755,973.953,73,755,13,0.4603,752.4,0.1962,14,complete,0.1659,33331.9
639,4,79,1000,789.154,66,,12,0.566,879.6,0.3011,34,step_limit,0.2822,33383.2
640,3,22,496,200.879,22,496,2,0.5161,770.5,0.3203,25,complete,0.24,33407.7
641,4,77,1000,960.416,74,,14,0.5255,821.3,0.2008,13,step_limit,0.2447,33457.4
642,4,26,332,314.566,26,332,4,0.5098,729.4,0.1884,11,complete,0.2,33473.5
643,4,30,362,347.933,30,362,4,0.413,665.8,0.105,10,complete,0.1618,33491.2
644,3,77,1000,938.0,71,,13,0.379,684.5,0.2162,30,step_limit,0.1744,33540.9
645,3,34,743,388.042,34,743,5,0.319,583.4,0.379,69,complete,0.1814,33576.6
646,4,34,579,329.005,34,579,4,0.4547,630.6,0.3496,22,complete,0.1402,33605.3
647,3,37,729,485.376,37,729,7,0.4188,748.1,0.1442,32,complete,0.2393,33641.6
648,3,55,1000,654.702,53,,9,0.3653,698.7,0.2942,74,step_limit,0.1835,33687.1
649,3,20,504,210.11,20,504,3,0.5496,755.1,0.1324,12,complete,0.3759,33704.1
650,4,37,513,455.123,37,513,6,0.425,743.9,0.1865,10,complete,0.1691,33722.7
651,3,77,1000,793.912,64,,11,0.479,781.7,0.1723,29,step_limit,0.2873,34158.7
652,4,57,691,740.837,57,691,10,0.547,860.9,0.1318,9,complete,0.2222,34198.4
653,4,38,539,429.808,38,539,5,0.5181,760.8,0.3331,52,complete,0.1643,34228.1
654,4,45,542,558.302,45,542,7,0.4184,774.2,0.1599,13,complete,0.1875,34260.0
655,3,40,1000,472.717,39,,7,0.4703,765.8,0.3333,202,step_limit,0.266,34314.2
656,4,31,461,376.334,31,461,5,0.5423,755.8,0.2158,22,complete,0.1917,34341.0
657,4,26,913,149.511,21,,3,0.667,967.1,0.528,33,no_progress,0.3169,34388.9
658,3,39,640,515.277,39,640,7,0.4641,783.6,0.1962,16,complete,0.2,34424.2
659,3,51,940,635.624,51,940,9,0.4567,788.3,0.2252,36,complete,0.2296,34477.4
660,3,51,1000,629.688,50,,9,0.489,780.0,0.1728,31,step_limit,0.3048,34531.9
661,3,38,735,458.087,38,735,6,0.5098,763.5,0.2332,37,complete,0.2821,34572.0
662,4,43,487,490.315,43,487,5,0.4861,793.8,0.2678,16,complete,0.1809,34602.8
663,4,57,818,684.438,57,818,9,0.5675,834.9,0.3028,22,complete,0.2338,34648.5
664,3,27,584,305.113,27,584,4,0.5365,771.8,0.1463,19,complete,0.2722,34679.8
665,4,59,562,815.927,59,562,11,0.4204,685.0,0.1207,12,complete,0.1489,34713.0
666,3,72,1000,825.958,65,,11,0.4763,781.3,0.2401,51,step_limit,0.2446,34768.5
667,4,45,697,555.133,45,697,8,0.5352,770.2,0.3261,26,complete,0.2333,34808.3
668,3,65,1000,725.295,56,,11,0.4183,776.7,0.3267,55,step_limit,0.2242,34863.4
669,3,66,1000,804.682,63,,11,0.3707,630.4,0.2704,39,step_limit,0.2312,34920.2
670,4,77,1000,851.19,70,,12,0.5907,985.9,0.2044,11,step_limit,0.2736,34977.1
671,4,58,953,703.714,58,953,10,0.6028,957.9,0.2439,24,complete,0.2812,35030.4
672,3,43,686,532.176,43,686,7,0.3673,607.7,0.1959,30,complete,0.1706,35069.9
673,4,68,1000,725.476,62,,10,0.605,839.2,0.3615,34,step_limit,0.2542,35124.3
674,3,52,1000,646.212,51,,9,0.48,778.2,0.3778,79,step_limit,0.2113,35180.8
675,3,42,1000,408.664,40,,6,0.5403,783.9,0.2943,46,step_limit,0.323,35236.6
676,3,45,784,571.907,45,784,8,0.3593,676.0,0.2152,20,complete,0.1739,35278.8
677,3,41,755,510.848,41,755,7,0.4653,727.7,0.2546,43,complete,0.2549,35319.0
678,4,79,1000,914.223,74,,13,0.5663,860.0,0.2809,17,step_limit,0.271,35375.0
679,3,24,485,251.762,24,485,3,0.5505,800.5,0.2268,17,complete,0.2628,35402.6
680,3,52,914,629.293,52,914,8,0.5237,801.9,0.2115,35,complete,0.2913,35453.6
681,4,77,1000,1007.896,76,,14,0.5485,962.2,0.1859,10,step_limit,0.2413,35513.4
682,3,49,865,636.911,49,865,9,0.3753,602.2,0.293,62,complete,0.2121,35563.1
683,4,63,993,782.49,63,993,11,0.5551,900.8,0.2106,15,complete,0.3012,35619.6
684,3,37,732,445.329,37,732,6,0.531,767.3,0.2061,37,complete,0.3034,35659.9
685,4,56,735,674.314,56,735,9,0.5296,857.2,0.2167,30,complete,0.2429,35703.1
686,3,28,798,322.574,28,798,5,0.4703,697.3,0.3763,79,complete,0.25,35747.7
687,4,77,803,1035.142,77,803,14,0.4328,701.6,0.2031,22,complete,0.1488,35797.5
688,3,45,966,550.107,45,966,8,0.5266,775.2,0.3446,121,complete,0.2921,35852.2
689,4,70,934,923.823,70,934,13,0.5476,879.2,0.16,14,complete,0.2697,35904.4
690,4,62,932,762.514,62,932,11,0.5201,885.9,0.2967,13,complete,0.2076,35956.4
691,3,31,647,335.89,31,647,4,0.4451,776.1,0.324,36,complete,0.2438,35992.3
692,4,61,922,770.779,61,922,11,0.5667,902.0,0.2939,19,complete,0.2544,36043.3
693,4,60,792,748.367,60,792,10,0.5802,946.3,0.1598,18,complete,0.2404,36084.2
694,3,33,675,420.941,33,675,6,0.5279,799.4,0.1569,29,complete,0.277,36115.5
695,3,29,748,305.339,29,748,4,0.5575,803.5,0.3791,86,complete,0.2676,36150.7
696,4,28,492,312.734,28,492,4,0.5168,844.0,0.2423,19,complete,0.2,36174.6
697,4,35,562,398.194,35,562,5,0.5147,807.9,0.2191,12,complete,0.2746,36197.3
698,3,32,676,367.951,32,676,5,0.5597,779.5,0.141,28,complete,0.338,36224.7
699,3,62,1000,790.418,60,,11,0.3933,695.3,0.2388,98,step_limit,0.2158,36266.0
700,3,61,1000,749.956,57,,11,0.4747,718.9,0.3346,61,step_limit,0.2176,36302.7
701,4,72,992,894.053,72,992,12,0.535,798.4,0.2423,25,complete,0.223,36747.4
702,4,34,827,347.696,34,827,5,0.6297,1038.5,0.3602,22,complete,0.3434,36793.5
703,4,32,475,320.325,32,475,3,0.5695,926.1,0.1676,16,complete,0.2719,36819.2
704,4,74,872,975.92,74,872,13,0.5029,933.2,0.1973,23,complete,0.2321,36870.0
705,3,38,615,440.979,38,615,5,0.5111,763.0,0.18,25,complete,0.2619,36904.0
706,4,30,382,280.827,30,382,2,0.4051,705.3,0.2941,21,complete,0.1955,36925.6
707,4,31,524,352.963,31,524,5,0.4962,846.4,0.207,14,complete,0.2615,36956.0
708,3,63,1000,715.833,57,,10,0.4507,736.5,0.2717,38,step_limit,0.2553,37012.3
709,3,20,474,228.455,20,474,3,0.4845,783.0,0.1032,10,complete,0.2695,37038.7
710,4,78,823,1040.398,78,823,14,0.4471,713.6,0.1364,10,complete,0.1673,37086.3
711,4,58,868,677.963,58,868,9,0.6158,989.8,0.232,17,complete,0.3119,37135.0
712,3,75,1000,896.936,70,,12,0.4847,761.5,0.2037,27,step_limit,0.2487,37191.4
713,3,69,983,945.523,69,983,13,0.3472,564.6,0.2012,54,complete,0.1536,37245.9
714,3,36,761,396.653,36,761,5,0.5291,787.4,0.221,25,complete,0.2821,37286.3
715,3,65,1000,766.649,59,,11,0.456,780.5,0.2699,35,step_limit,0.209,37341.7
716,4,36,656,419.138,36,656,6,0.4425,713.9,0.324,21,complete,0.1733,37379.5
717,4,56,1000,611.557,54,,9,0.6205,1003.6,0.3153,19,step_limit,0.343,37434.3
718,3,69,1000,895.752,68,,12,0.4793,724.1,0.2076,37,step_limit,0.2434,37490.0
719,3,21,351,218.641,21,351,2,0.3685,618.4,0.2101,17,complete,0.1746,37509.9
720,4,45,595,570.671,45,595,8,0.4878,839.5,0.1781,13,complete,0.1706,37543.8
721,3,30,487,378.13,30,487,5,0.4648,607.6,0.2116,21,complete,0.1758,37571.9
722,4,47,606,594.756,47,606,8,0.4117,725.6,0.1887,10,complete,0.1867,37605.3
723,3,51,910,650.141,51,910,9,0.4604,755.9,0.2649,47,complete,0.2523,37655.1
724,4,57,927,672.141,57,927,9,0.5844,860.1,0.1942,30,complete,0.3205,37707.7
725,4,29,436,313.305,29,436,4,0.5946,1009.9,0.2239,41,complete,0.2759,37733.8
726,4,69,944,886.744,69,944,12,0.5641,940.5,0.2845,33,complete,0.2115,37790.2
727,4,36,831,381.071,36,831,6,0.6143,961.3,0.2233,18,complete,0.3441,37838.7
728,3,74,1000,786.697,63,,11,0.4803,799.3,0.174,44,step_limit,0.2966,37895.9
729,4,64,988,788.824,64,988,11,0.5686,917.9,0.2366,27,complete,0.2983,37950.8
730,3,70,1000,844.167,64,,12,0.426,788.7,0.2636,32,step_limit,0.2186,38007.6
731,3,48,1000,543.375,45,,8,0.4353,598.3,0.3852,55,step_limit,0.2006,38063.6
732,4,37,767,399.969,37,767,6,0.6235,1009.6,0.2793,28,complete,0.3228,38107.0
733,4,67,859,833.921,67,859,11,0.5099,739.5,0.2594,20,complete,0.198,38155.9
734,4,54,1000,509.244,47,,8,0.608,909.2,0.4316,147,step_limit,0.3534,38211.5
735,4,57,1000,593.137,53,,8,0.6178,895.9,0.3401,71,step_limit,0.3153,38265.5
736,4,39,516,475.873,39,516,6,0.4036,725.4,0.1709,23,complete,0.1703,38294.1
737,3,29,568,290.174,29,568,3,0.4583,770.8,0.2023,43,complete,0.2712,38326.1
738,4,68,907,912.02,68,907,13,0.5069,715.5,0.2613,27,complete,0.2169,38379.3
739,3,20,429,189.575,20,429,2,0.5828,786.7,0.2906,17,complete,0.2803,38404.0
740,3,69,1000,605.9,55,,8,0.5327,800.9,0.1595,31,step_limit,0.3244,38458.7
741,4,41,681,455.599,41,681,6,0.5154,842.3,0.221,15,complete,0.2235,38497.2
742,3,78,1000,849.492,66,,12,0.4573,766.4,0.1881,19,step_limit,0.2151,38552.6
743,3,39,843,473.287,39,843,7,0.5219,751.2,0.2529,76,complete,0.3405,38600.2
744,3,57,1000,574.137,48,,9,0.4077,786.6,0.2787,38,step_limit,0.233,38655.2
745,3,76,1000,883.07,69,,12,0.414,649.2,0.255,38,step_limit,0.1742,38710.9
746,3,69,1000,754.817,59,,11,0.3897,744.4,0.2334,52,step_limit,0.2466,38759.7
747,3,33,590,424.182,33,590,6,0.4757,768.6,0.1022,20,complete,0.2718,38784.5
748,3,30,672,357.23,30,672,5,0.4102,785.2,0.2446,44,complete,0.2367,38809.7
749,4,32,599,354.965,32,599,5,0.6369,885.7,0.3027,13,complete,0.2964,38831.8
750,4,61,683,810.523,61,683,11,0.5092,832.0,0.2177,19,complete,0.1912,38856.0
751,4,34,466,373.701,34,466,4,0.5778,870.2,0.1768,16,complete,0.2,39233.4
752,4,69,1000,769.849,66,,10,0.5938,947.5,0.2518,15,step_limit,0.2419,39290.9
753,3,80,1000,899.109,68,,13,0.414,720.6,0.2017,42,step_limit,0.1872,39348.1
754,3,29,636,320.741,29,636,4,0.3234,591.8,0.1934,28,complete,0.1771,39384.1
755,3,43,888,550.834,43,888,8,0.3619,629.8,0.2499,36,complete,0.2,39433.6
756,4,30,536,362.24,30,536,5,0.5462,859.8,0.3102,42,complete,0.291,39463.7
757,4,37,668,408.264,37,668,6,0.5801,784.4,0.3338,39,complete,0.25,39501.3
758,3,51,782,680.934,51,782,9,0.4267,762.7,0.1919,63,complete,0.2083,39545.3
759,4,23,400,214.835,23,400,2,0.5125,805.9,0.1606,10,complete,0.276,39569.4
760,4,60,1000,730.867,58,,11,0.6165,1004.3,0.2773,32,step_limit,0.2962,39626.3
761,3,77,1000,735.683,62,,10,0.5097,759.5,0.2089,31,step_limit,0.2773,39685.4
762,4,26,574,274.009,26,574,4,0.5366,929.0,0.2278,51,complete,0.3289,39716.3
763,4,70,887,902.183,70,887,12,0.4219,702.7,0.2484,68,complete,0.1667,39768.4
764,4,32,666,346.348,32,666,5,0.6366,1011.1,0.3174,27,complete,0.2978,39807.1
765,4,23,372,240.737,23,372,3,0.5538,821.0,0.2078,7,complete,0.244,39829.3
766,4,51,838,633.688,51,838,9,0.5143,878.8,0.2836,40,complete,0.25,39876.0
767,3,49,854,603.182,49,854,8,0.4379,748.0,0.2425,38,complete,0.2612,39924.1
768,3,72,1000,734.542,60,,10,0.4583,764.7,0.2359,40,step_limit,0.2342,39979.3
769,4,22,401,208.469,22,401,2,0.4844,671.1,0.3109,20,complete,0.2292,40001.7
770,4,53,456,675.458,53,456,8,0.4298,597.0,0.0943,14,complete,0.128,40030.1
771,4,38,535,457.989,38,535,6,0.5285,891.1,0.1265,10,complete,0.2637,40061.9
772,3,36,697,439.765,36,697,6,0.4213,781.6,0.2226,34,complete,0.2489,40101.1
773,4,21,482,189.33,21,482,2,0.6214,947.7,0.2453,25,complete,0.3622,40127.3
774,4,46,666,541.769,46,666,7,0.5499,851.0,0.2321,13,complete,0.2079,40166.0
775,4,41,582,468.583,41,582,6,0.6065,867.5,0.2125,41,complete,0.29,40198.3
776,4,48,562,580.562,48,562,7,0.5325,931.2,0.2255,26,complete,0.1982,40230.8
777,3,20,449,193.61,20,449,2,0.4981,780.1,0.2146,23,complete,0.2558,40255.0
778,4,57,1000,564.849,50,,9,0.6208,926.2,0.2896,29,step_limit,0.3248,40311.5
779,4,79,1000,874.243,72,,12,0.5755,1009.4,0.1676,15,step_limit,0.2704,40368.4
780,3,68,1000,699.134,59,,9,0.4637,769.1,0.2924,46,step_limit,0.2419,40427.7
781,4,50,610,626.464,50,610,8,0.4934,810.8,0.258,10,complete,0.1647,40464.0
782,4,45,1000,427.191,41,,7,0.6328,1011.3,0.4011,94,step_limit,0.4053,40519.3
783,3,28,512,357.458,28,512,5,0.4928,782.1,0.1184,10,complete,0.2321,40547.7
784,4,58,793,768.321,58,793,11,0.5183,926.6,0.1208,9,complete,0.2616,40592.0
785,3,49,843,641.514,49,843,9,0.4701,787.2,0.2318,32,complete,0.2371,40637.7
786,3,53,1000,677.313,52,,10,0.4893,805.8,0.2594,33,step_limit,0.3048,40693.6
787,3,47,1000,555.323,46,,8,0.5443,797.0,0.2433,96,step_limit,0.3365,40750.0
788,4,75,1000,871.872,71,,12,0.572,931.5,0.2357,30,step_limit,0.2745,40805.7
789,3,79,1000,946.203,71,,13,0.4373,792.0,0.1804,45,step_limit,0.2164,40863.1
790,3,65,1000,782.449,61,,11,0.452,750.5,0.2184,50,step_limit,0.2392,40918.7
791,3,21,343,247.681,21,343,3,0.4908,699.8,0.1003,14,complete,0.2403,40937.5
792,3,50,779,628.142,50,779,8,0.3569,661.4,0.213,26,complete,0.1754,40980.7
793,4,27,378,277.502,27,378,3,0.5556,769.5,0.1581,6,complete,0.2353,41001.5
794,3,74,1000,795.412,64,,11,0.4337,795.9,0.3207,140,step_limit,0.2121,41057.0
795,3,58,1000,718.752,56,,10,0.39,746.6,0.2166,54,step_limit,0.1983,41112.4
796,3,23,521,273.731,23,521,4,0.547,791.9,0.2796,20,complete,0.2893,41139.5
797,4,34,398,361.092,34,398,4,0.3901,633.8,0.2799,20,complete,0.088,41160.8
798,3,60,816,779.9,60,816,10,0.4265,755.8,0.198,30,complete,0.2159,41201.3
799,3,33,684,366.871,33,684,5,0.5097,715.5,0.3092,91,complete,0.2077,41237.7
800,4,50,794,622.96,50,794,9,0.4638,783.4,0.2796,33,complete,0.2054,41278.5
801,4,57,811,711.462,57,811,10,0.5207,952.5,0.1878,11,complete,0.2328,41665.6
802,3,68,1000,875.766,66,,12,0.4443,785.5,0.2017,28,step_limit,0.241,41706.1
803,3,80,1000,860.601,70,,11,0.4167,697.2,0.2215,58,step_limit,0.2107,41756.5
804,4,65,758,827.508,65,758,11,0.5686,840.1,0.1773,20,complete,0.2326,41800.5
805,4,78,865,1033.733,78,865,14,0.5272,840.4,0.1374,10,complete,0.2068,41850.1
806,4,73,809,1000.604,73,809,14,0.4397,785.6,0.1999,21,complete,0.1748,41896.5
807,4,69,939,925.524,69,939,13,0.5232,837.9,0.2401,38,complete,0.2296,41949.5
808,3,26,591,291.874,26,591,4,0.4777,788.2,0.2706,51,complete,0.2732,41981.4
809,3,70,1000,781.806,64,,10,0.3963,761.7,0.2503,36,step_limit,0.2186,42036.5
810,3,68,1000,917.707,67,,13,0.4083,694.8,0.228,42,step_limit,0.2057,42091.9
811,3,58,782,802.219,58,782,11,0.4109,750.5,0.1641,25,complete,0.1761,42137.5
812,3,33,579,357.766,33,579,4,0.4893,669.2,0.3173,34,complete,0.209,42170.6
813,3,41,803,540.586,41,803,8,0.4641,737.8,0.154,36,complete,0.2835,42214.0
814,3,24,482,258.502,24,482,3,0.5284,791.6,0.2951,56,complete,0.2733,42240.3
815,3,38,743,481.121,38,743,7,0.4688,751.2,0.3003,38,complete,0.249,42281.8
816,3,25,741,234.166,25,741,3,0.4935,740.8,0.4041,167,complete,0.3148,42321.4
817,3,53,925,668.733,53,925,9,0.3265,580.1,0.2469,37,complete,0.1732,42372.2
818,4,28,362,294.006,28,362,3,0.5974,776.6,0.15,7,complete,0.2356,42392.6
819,4,23,482,237.085,23,482,3,0.5446,913.0,0.2285,16,complete,0.2594,42419.0
820,3,74,1000,711.901,59,,10,0.484,767.9,0.288,42,step_limit,0.2186,42475.5
821,3,79,1000,821.204,64,,12,0.4497,752.1,0.299,57,step_limit,0.2214,42534.2
822,3,20,483,181.85,20,483,2,0.5266,716.2,0.273,57,complete,0.2609,42560.1
823,4,61,990,770.308,61,990,11,0.5596,926.1,0.2295,15,complete,0.3135,42615.2
824,3,25,499,301.15,25,499,4,0.5411,783.2,0.1454,15,complete,0.2756,42642.4
825,3,41,1000,468.027,40,,7,0.5547,778.2,0.3781,82,step_limit,0.3024,42697.8
826,3,53,1000,571.815,49,,8,0.5317,795.5,0.3431,44,step_limit,0.2685,42752.5
827,3,44,960,543.766,44,960,8,0.5181,782.9,0.2693,32,complete,0.2929,42803.6
828,3,24,514,286.38,24,514,4,0.4533,754.4,0.1245,15,complete,0.2573,42832.5
829,4,53,772,659.497,53,772,9,0.5829,992.7,0.1948,12,complete,0.2758,42876.1
830,4,66,1000,845.182,65,,12,0.5757,974.1,0.2366,18,step_limit,0.291,42931.9
831,4,69,1000,761.026,61,,12,0.4188,707.0,0.3819,37,step_limit,0.1895,42987.6
832,4,69,1000,830.342,66,,12,0.5353,834.9,0.344,89,step_limit,0.246,43044.1
833,4,72,1000,759.8,64,,11,0.589,814.3,0.3202,29,step_limit,0.294,43099.2
834,3,71,1000,664.068,55,,10,0.477,770.4,0.2686,44,step_limit,0.3183,43154.7
835,3,56,806,703.006,56,806,9,0.4069,713.7,0.2643,33,complete,0.1701,43202.1
836,4,30,572,318.933,30,572,4,0.5463,838.2,0.1789,11,complete,0.2659,43233.6
837,3,73,1000,792.86,61,,12,0.4287,741.1,0.139,29,step_limit,0.259,43292.9
838,4,56,691,713.946,56,691,10,0.4515,671.0,0.2425,24,complete,0.1452,43333.5
839,3,20,523,177.77,20,523,2,0.5692,787.1,0.296,26,complete,0.3605,43363.0
840,3,33,826,397.356,33,826,5,0.4718,702.6,0.4487,280,complete,0.188,43409.9
841,3,31,619,374.153,31,619,5,0.4766,765.5,0.2419,82,complete,0.2549,43443.9
842,3,68,1000,824.256,62,,12,0.431,746.0,0.2246,49,step_limit,0.2222,43501.1
843,4,51,1000,511.435,48,,8,0.6135,990.1,0.3225,32,step_limit,0.3354,43557.4
844,3,37,719,403.054,37,719,5,0.4214,738.1,0.2877,56,complete,0.2018,43596.0
845,4,74,802,983.666,74,802,13,0.3706,593.7,0.2467,17,complete,0.145,43644.5
846,3,32,756,390.433,32,756,5,0.3051,592.8,0.2773,58,complete,0.2094,43687.4
847,4,25,500,247.264,25,500,3,0.487,738.4,0.2548,13,complete,0.2067,43713.7
848,3,44,869,532.962,44,869,7,0.4918,780.9,0.3533,37,complete,0.2695,43756.1
849,4,28,449,279.326,28,449,3,0.5969,895.8,0.121,10,complete,0.3009,43777.4
850,3,47,759,557.834,47,759,7,0.4282,594.7,0.2993,43,complete,0.1355,43818.7
851,3,39,722,497.817,39,722,7,0.4589,779.3,0.236,38,complete,0.2353,44203.7
852,3,68,1000,653.829,56,,9,0.5053,795.9,0.2221,32,step_limit,0.3053,44253.2
853,3,65,1000,771.738,60,,11,0.5067,775.5,0.2567,31,step_limit,0.2655,44301.9
854,4,61,1000,706.066,59,,10,0.5867,972.6,0.293,15,step_limit,0.3004,44353.3
855,4,22,403,203.225,22,403,2,0.4473,779.3,0.2514,42,complete,0.1944,44373.1
856,4,59,910,714.075,59,910,10,0.5299,720.5,0.2921,23,complete,0.2358,44418.1
857,3,69,1000,747.661,59,,11,0.48,771.0,0.2491,42,step_limit,0.2812,44468.3
858,4,35,360,422.137,35,360,5,0.425,595.4,0.1077,7,complete,0.1682,44486.3
859,3,20,571,177.035,20,571,2,0.575,757.4,0.3327,58,complete,0.3333,44514.8
860,4,42,739,483.002,42,739,7,0.6083,924.5,0.2446,17,complete,0.3075,44555.9
861,3,58,1000,745.545,56,,11,0.3797,642.8,0.2565,40,step_limit,0.2404,44613.3
862,3,39,665,467.719,39,665,6,0.4366,681.2,0.1832,26,complete,0.2949,44649.9
863,4,77,1000,898.499,73,,12,0.549,837.2,0.2451,18,step_limit,0.2665,44707.5
864,4,37,674,390.91,37,674,5,0.6369,1019.9,0.222,24,complete,0.3454,44745.9
865,3,33,1000,310.336,29,,5,0.5483,742.8,0.6177,392,step_limit,0.3016,44800.3
866,4,40,489,510.37,40,489,7,0.3972,699.6,0.0589,5,complete,0.1809,44829.2
867,4,34,434,360.864,34,434,4,0.47,718.1,0.179,11,complete,0.1708,44855.7
868,3,34,871,345.299,34,871,5,0.4922,731.5,0.389,149,complete,0.2791,44901.2
869,3,76,1000,988.851,72,,14,0.3623,594.0,0.2044,43,step_limit,0.1471,44959.2
870,3,42,988,529.124,42,988,8,0.4781,763.8,0.2956,157,complete,0.2561,45012.4
871,3,47,757,603.75,47,757,8,0.465,774.4,0.1779,25,complete,0.2322,45055.6
872,4,22,256,249.924,22,256,3,0.5352,786.5,0.0911,4,complete,0.1579,45070.9
873,4,60,1000,683.553,57,,10,0.5913,947.4,0.3176,28,step_limit,0.2967,45127.0
874,4,45,1000,481.716,43,,7,0.5085,824.7,0.3935,11,step_limit,0.2781,45181.5
875,4,32,528,374.592,32,528,5,0.5535,924.1,0.2167,11,complete,0.2652,45210.5
876,3,49,839,609.161,49,839,8,0.3441,598.1,0.2258,68,complete,0.1961,45257.3
877,4,77,1000,929.543,73,,13,0.5425,861.6,0.3242,17,step_limit,0.2333,45313.7
878,4,44,1000,448.455,42,,8,0.6442,935.7,0.3371,45,step_limit,0.3864,45369.2
879,3,79,1000,784.532,61,,12,0.418,684.7,0.269,49,step_limit,0.2222,45427.6
880,4,32,433,343.542,32,433,4,0.4584,746.6,0.1924,10,complete,0.2155,45452.6
881,4,74,1000,685.789,61,,10,0.564,904.3,0.3269,33,step_limit,0.3088,45508.8
882,3,76,1000,881.996,66,,13,0.4253,754.3,0.2399,59,step_limit,0.2619,45565.9
883,4,50,655,582.912,50,655,7,0.5756,1020.7,0.1472,23,complete,0.2917,45601.8
884,4,56,686,737.896,56,686,10,0.516,867.0,0.1533,16,complete,0.2313,45641.7
885,3,44,751,493.24,44,751,6,0.4217,715.0,0.1936,51,complete,0.2024,45682.9
886,4,76,795,991.595,76,795,13,0.4544,740.6,0.1648,23,complete,0.2224,45729.0
887,3,67,1000,805.137,63,,11,0.472,790.7,0.2442,64,step_limit,0.2331,45785.1
888,3,71,1000,664.6,58,,9,0.5083,773.5,0.2714,42,step_limit,0.2544,45840.0
889,3,32,637,373.959,32,637,5,0.4861,763.1,0.2618,37,complete,0.2374,45875.0
890,4,62,1000,772.232,61,,11,0.4958,713.2,0.3725,92,step_limit,0.2439,45930.1
891,3,78,1000,945.488,71,,13,0.4273,675.6,0.179,28,step_limit,0.2206,45987.8
892,3,39,866,426.02,39,866,6,0.4523,671.4,0.3956,126,complete,0.2093,46035.3
893,3,65,1000,720.455,55,,11,0.4467,738.0,0.2682,52,step_limit,0.2406,46090.8
894,4,47,605,626.277,47,605,9,0.4595,713.7,0.149,10,complete,0.2056,46126.0
895,4,64,856,830.616,64,856,12,0.4962,797.8,0.1766,19,complete,0.2521,46175.9
896,4,41,658,492.129,41,658,7,0.5729,966.5,0.2441,24,complete,0.3125,46212.9
897,4,77,876,1033.869,77,876,14,0.3399,621.1,0.3194,20,complete,0.1399,46260.6
898,3,29,584,358.89,29,584,5,0.4612,767.0,0.2405,32,complete,0.2258,46288.8
899,3,31,693,366.058,31,693,5,0.4743,775.8,0.2691,48,complete,0.2174,46320.8
900,3,69,937,911.981,69,937,12,0.4152,725.2,0.1457,29,complete,0.1831,46360.7
901,4,26,611,264.929,26,611,4,0.6551,880.1,0.296,42,complete,0.3266,46749.9
902,4,58,989,699.819,58,989,10,0.595,934.3,0.322,74,complete,0.2707,46798.0
903,3,41,1000,431.8,40,,6,0.5533,792.1,0.3205,83,step_limit,0.3406,46846.5
904,4,47,562,586.26,47,562,7,0.3986,692.2,0.2899,32,complete,0.1742,46874.6
905,3,63,1000,629.181,53,,9,0.5117,753.7,0.3161,168,step_limit,0.2446,46922.5
906,4,64,926,724.516,64,926,9,0.5734,1016.6,0.1822,17,complete,0.3042,46968.0
907,3,80,1000,847.704,65,,12,0.3547,631.9,0.2883,132,step_limit,0.1667,47016.2
908,4,49,681,624.025,49,681,9,0.5529,789.1,0.2174,12,complete,0.242,47049.4
909,3,68,1000,737.921,60,,10,0.499,766.3,0.1914,32,step_limit,0.2845,47096.6
910,4,69,871,885.809,69,871,12,0.5551,976.1,0.216,16,complete,0.2888,47140.2
911,3,22,465,273.973,22,465,4,0.4151,646.9,0.2166,27,complete,0.179,47164.5
912,3,71,1000,756.173,60,,11,0.5147,744.7,0.2279,33,step_limit,0.2877,47221.4
913,3,48,682,642.634,48,682,9,0.4081,572.6,0.1642,20,complete,0.1723,47260.3
914,3,64,1000,772.739,60,,11,0.441,778.2,0.2195,39,step_limit,0.2466,47317.4
915,4,58,1000,700.097,55,,11,0.5965,933.7,0.2845,109,step_limit,0.3287,47374.3
916,3,21,510,223.6,21,510,3,0.4288,704.4,0.2915,73,complete,0.25,47401.9
917,4,75,1000,691.456,59,,11,0.6248,964.5,0.2903,53,step_limit,0.3445,47459.3
918,4,22,423,196.225,22,423,2,0.6229,981.5,0.1834,10,complete,0.3068,47482.5
919,4,73,863,928.198,73,863,12,0.5342,891.7,0.1955,10,complete,0.2401,47532.6
920,3,79,1000,615.584,53,,10,0.477,729.9,0.2712,39,step_limit,0.2707,47588.3
921,3,27,471,349.348,27,471,5,0.3999,645.3,0.1487,23,complete,0.1488,47614.3
922,3,20,379,236.105,20,379,3,0.4195,641.4,0.1932,33,complete,0.1463,47634.5
923,4,51,1000,553.561,47,,8,0.6298,917.5,0.3954,48,step_limit,0.2694,47688.7
924,4,68,1000,844.282,66,,12,0.465,711.0,0.3867,174,step_limit,0.2638,47745.5
925,4,30,592,336.933,30,592,5,0.614,963.3,0.2696,17,complete,0.3077,47779.1
926,4,31,394,346.627,31,394,4,0.5736,767.3,0.1415,12,complete,0.2418,47803.2
927,3,62,1000,735.026,59,,10,0.4617,740.1,0.2923,52,step_limit,0.2557,47862.3
928,3,51,1000,621.147,50,,9,0.4627,791.1,0.2947,52,step_limit,0.2966,47917.4
929,4,34,396,413.772,34,396,5,0.411,669.4,0.1657,12,complete,0.1271,47939.6
930,3,57,1000,709.163,56,,10,0.3757,659.1,0.355,100,step_limit,0.1594,47993.9
931,3,52,1000,647.527,51,,9,0.466,722.6,0.2753,88,step_limit,0.2342,48048.4
932,4,27,499,287.047,27,499,4,0.5015,805.1,0.1857,10,complete,0.3273,48075.4
933,4,71,1000,868.839,70,,12,0.5755,977.4,0.2134,13,step_limit,0.2857,48132.6
934,4,65,1000,674.111,58,,10,0.6232,963.4,0.2184,15,step_limit,0.2672,48187.7
935,3,29,498,343.853,29,498,4,0.5361,797.3,0.1415,14,complete,0.256,48217.0
936,3,44,718,580.262,44,718,8,0.4229,780.9,0.208,31,complete,0.2129,48256.7
937,3,22,373,221.083,22,373,2,0.5514,786.1,0.1363,16,complete,0.2667,48278.9
938,3,44,926,506.12,44,926,7,0.5414,800.2,0.2372,40,complete,0.2857,48328.5
939,4,68,1000,687.659,61,,10,0.6302,1004.5,0.2069,18,step_limit,0.3496,48385.0
940,4,43,917,426.976,43,917,6,0.6549,1052.7,0.2541,35,complete,0.4062,48435.9
941,4,73,1000,803.523,65,,12,0.5583,913.1,0.2274,15,step_limit,0.2767,48493.6
942,4,26,448,263.803,26,448,3,0.5173,752.9,0.2449,18,complete,0.2407,48519.0
943,4,28,508,261.78,28,508,3,0.6245,951.0,0.3374,20,complete,0.3033,48547.2
944,3,79,1000,957.438,73,,13,0.339,639.1,0.2015,67,step_limit,0.1776,48605.5
945,3,61,1000,747.492,60,,10,0.5133,780.3,0.1519,21,step_limit,0.3017,48661.0
946,3,50,1000,589.126,49,,8,0.514,788.0,0.2338,48,step_limit,0.2963,48717.2
947,4,25,339,268.376,25,339,3,0.5553,736.1,0.0552,8,complete,0.2278,48736.2
948,4,58,956,717.726,58,956,10,0.5939,880.9,0.3596,19,complete,0.2754,48791.0
949,4,52,665,590.069,52,665,7,0.5372,899.1,0.1954,16,complete,0.2228,48829.8
950,4,43,540,506.67,43,540,6,0.5102,730.2,0.3156,29,complete,0.1645,48860.5
951,4,30,510,297.227,30,510,3,0.6176,894.9,0.2139,10,complete,0.2962,49244.7
952,3,51,1000,613.694,50,,9,0.488,781.9,0.1871,27,step_limit,0.3107,49292.9
953,4,43,692,520.627,43,692,7,0.6015,892.7,0.2444,18,complete,0.2805,49327.2
954,4,80,1000,806.44,70,,11,0.58,856.7,0.2424,14,step_limit,0.2576,49378.2
955,4,46,783,519.941,46,783,7,0.5246,858.4,0.2782,15,complete,0.2147,49417.3
956,4,37,652,473.423,37,652,7,0.5759,932.1,0.2294,47,complete,0.27,49448.6
957,3,52,863,665.589,52,863,9,0.3403,547.7,0.2733,27,complete,0.1667,49490.6
958,4,46,1000,342.948,35,,7,0.6288,939.9,0.3695,22,step_limit,0.3596,49536.9
959,3,46,896,601.687,46,896,9,0.4955,785.7,0.2333,34,complete,0.2484,49581.0
960,4,66,789,867.476,66,789,12,0.4268,678.1,0.2372,10,complete,0.1739,49621.6
961,3,76,1000,543.778,51,,8,0.4537,774.6,0.2871,36,step_limit,0.2385,49667.3
962,3,52,979,645.574,52,979,9,0.4876,792.5,0.2456,33,complete,0.3109,49717.1
963,3,56,1000,570.243,50,,8,0.5573,787.4,0.1918,36,step_limit,0.3427,49772.5
964,3,54,915,709.639,54,915,10,0.4612,628.6,0.2855,40,complete,0.2212,49823.7
965,3,34,642,421.24,34,642,6,0.472,792.3,0.1199,20,complete,0.2851,49860.0
966,4,77,723,1019.09,77,723,13,0.4111,685.2,0.115,18,complete,0.1487,49902.5
967,4,38,513,460.669,38,513,6,0.5083,682.4,0.2494,21,complete,0.1926,49932.4
968,4,37,1000,340.281,35,,6,0.639,878.0,0.4611,162,step_limit,0.2969,49987.8
969,3,54,1000,668.322,52,,10,0.4353,759.8,0.2896,112,step_limit,0.2446,50042.4
970,4,80,1000,967.35,78,,13,0.523,829.9,0.2706,17,step_limit,0.2355,50099.3
971,4,26,360,275.523,26,360,3,0.4958,652.8,0.0501,8,complete,0.2092,50120.3
972,4,27,528,298.228,27,528,4,0.571,843.6,0.1518,14,complete,0.3136,50151.9
973,3,36,870,438.35,36,870,7,0.5038,792.2,0.2094,38,complete,0.3295,50199.1
974,3,80,1000,871.445,68,,12,0.446,715.5,0.1854,32,step_limit,0.2587,50256.9
975,4,80,1000,1001.54,78,,14,0.568,1000.9,0.1537,13,step_limit,0.3125,50315.4
976,3,48,968,574.235,48,968,8,0.5189,773.0,0.243,29,complete,0.31,50368.9
977,4,48,738,545.822,48,738,7,0.5122,647.3,0.3558,43,complete,0.183,50412.4
978,4,69,1000,858.835,67,,12,0.5317,812.9,0.2891,22,step_limit,0.2673,50470.4
979,4,58,612,729.554,58,612,9,0.4816,712.3,0.1429,11,complete,0.1731,50506.3
980,4,73,1000,773.616,64,,12,0.6015,930.4,0.2339,12,step_limit,0.274,50563.0
981,3,62,1000,687.313,55,,10,0.435,678.8,0.2964,57,step_limit,0.2606,50618.4
982,4,66,1000,758.17,62,,11,0.61,892.3,0.2939,79,step_limit,0.3141,50674.5
983,3,22,330,259.014,22,330,3,0.4061,660.0,0.1067,9,complete,0.1197,50693.2
984,3,53,1000,614.425,50,,9,0.564,780.7,0.2075,39,step_limit,0.3176,50749.0
985,4,65,741,848.391,65,741,11,0.4501,700.6,0.1947,14,complete,0.1996,50791.2
986,4,35,905,368.2,35,905,6,0.542,844.1,0.3648,72,complete,0.3028,50841.1
987,4,47,589,567.427,47,589,7,0.5297,770.5,0.1827,14,complete,0.2532,50874.5
988,3,24,582,202.74,24,582,2,0.4628,693.8,0.2443,30,complete,0.269,50906.0
989,3,64,1000,780.416,62,,10,0.4437,789.0,0.2127,31,step_limit,0.235,50961.3
990,3,26,563,273.987,26,563,3,0.5696,792.7,0.181,15,complete,0.2865,50991.3
991,3,30,741,347.62,30,741,5,0.4714,763.1,0.2834,46,complete,0.2877,51030.9
992,3,59,1000,739.349,56,,11,0.45,767.1,0.213,37,step_limit,0.258,51087.2
993,3,46,897,614.342,46,897,9,0.5184,789.1,0.2514,41,complete,0.2621,51136.6
994,4,71,698,934.795,71,698,12,0.4488,746.5,0.1164,9,complete,0.1804,51176.8
995,3,61,1000,709.921,56,,10,0.4843,782.1,0.2914,39,step_limit,0.2381,51232.9
996,3,61,887,807.195,61,887,11,0.3709,648.9,0.191,22,complete,0.1593,51282.5
997,3,59,1000,715.176,56,,10,0.4753,798.1,0.1817,38,step_limit,0.2697,51332.9
998,4,70,1000,691.697,61,,10,0.6108,898.8,0.2802,15,step_limit,0.3146,51382.4
999,3,49,1000,598.518,48,,8,0.5187,786.1,0.3655,117,step_limit,0.2469,51430.9
1000,4,63,982,788.339,63,982,11,0.5003,897.1,0.2063,17,complete,0.2646,51474.3
1001,4,43,506,542.29,43,506,7,0.4669,753.3,0.1179,9,complete,0.1558,51898.0
1002,3,78,1000,873.742,66,,13,0.44,721.5,0.2368,28,step_limit,0.2114,51945.9
1003,3,74,1000,716.424,60,,10,0.4997,792.5,0.1743,32,step_limit,0.3187,51997.2
1004,4,61,1000,738.748,59,,11,0.5475,826.8,0.2708,30,step_limit,0.2766,52044.4
1005,4,62,789,776.195,62,789,10,0.5523,854.1,0.2259,38,complete,0.2193,52083.5
1006,3,22,807,200.972,22,807,3,0.4052,675.7,0.4697,302,complete,0.2063,52121.3
1007,4,79,1000,959.98,76,,13,0.5345,959.2,0.2066,23,step_limit,0.279,52170.3
1008,3,28,614,303.034,28,614,4,0.4696,757.5,0.2812,43,complete,0.2821,52199.7
1009,3,65,1000,698.477,55,,11,0.4463,769.7,0.3001,57,step_limit,0.1917,52252.7
1010,4,22,515,201.509,22,515,3,0.5699,795.8,0.2122,25,complete,0.274,52276.8
1011,4,52,733,649.134,52,733,9,0.4287,580.3,0.2742,33,complete,0.1553,52312.5
1012,4,47,537,605.277,47,537,8,0.527,800.1,0.112,10,complete,0.2321,52340.0
1013,4,66,990,830.661,66,990,12,0.3821,683.6,0.3439,34,complete,0.157,52392.5
1014,3,69,1000,804.674,64,,11,0.4513,764.6,0.273,41,step_limit,0.235,52448.4
1015,3,77,1000,933.748,69,,13,0.4327,709.9,0.1918,56,step_limit,0.2094,52505.3
1016,3,80,1000,819.488,66,,11,0.4657,771.6,0.2548,79,step_limit,0.2617,52562.1
1017,4,51,746,625.117,51,746,8,0.5449,746.8,0.2758,19,complete,0.2337,52604.4
1018,4,21,303,240.09,21,303,3,0.5017,782.3,0.2663,18,complete,0.2105,52622.1
1019,3,58,1000,666.324,53,,10,0.439,767.2,0.2819,106,step_limit,0.2054,52678.3
1020,3,74,1000,780.099,62,,11,0.4663,745.2,0.1646,45,step_limit,0.3046,52735.5
1021,3,48,964,589.799,48,964,8,0.4167,781.4,0.2262,69,complete,0.2427,52788.5
1022,4,27,349,322.307,27,349,4,0.4792,558.7,0.0494,10,complete,0.135,52807.6
1023,4,46,590,551.757,46,590,7,0.4305,738.5,0.2523,16,complete,0.1859,52840.8
1024,3,70,1000,622.187,54,,9,0.531,765.8,0.1931,41,step_limit,0.3277,52897.9
1025,4,41,989,470.43,41,989,8,0.6079,931.0,0.2458,15,complete,0.3534,52951.5
1026,4,76,1000,959.753,73,,14,0.5377,965.8,0.187,16,step_limit,0.2641,53007.6
1027,3,51,1000,613.406,49,,9,0.4613,778.7,0.2456,40,step_limit,0.2461,53063.6
1028,3,27,468,351.916,27,468,5,0.3796,746.1,0.1812,18,complete,0.1579,53090.8
1029,3,37,669,455.303,37,669,6,0.42,738.1,0.2503,34,complete,0.1991,53128.4
1030,3,46,1000,449.796,44,,6,0.535,783.6,0.2667,38,step_limit,0.3464,53184.0
1031,4,20,465,210.0,20,465,3,0.4263,656.9,0.2125,9,complete,0.24,53210.2
1032,3,27,367,329.668,27,367,4,0.3887,527.1,0.1625,20,complete,0.1181,53230.6
1033,4,38,471,496.518,38,471,7,0.4475,726.9,0.2542,14,complete,0.1558,53258.7
1034,3,66,1000,663.95,55,,9,0.51,685.6,0.2032,20,step_limit,0.2835,53316.1
1035,4,64,965,808.956,64,965,11,0.5951,1019.6,0.2761,52,complete,0.2896,53369.2
1036,3,59,928,790.236,59,928,11,0.458,786.4,0.1286,21,complete,0.227,53422.4
1037,3,49,720,622.447,49,720,8,0.3699,763.8,0.147,18,complete,0.1985,53461.8
1038,4,57,1000,663.775,55,,10,0.6305,905.3,0.2191,29,step_limit,0.3341,53517.4
1039,3,73,1000,847.996,65,,12,0.4673,775.3,0.1899,34,step_limit,0.237,53574.2
1040,3,44,1000,382.807,39,,5,0.4743,777.7,0.3919,87,step_limit,0.2896,53628.8
1041,4,65,968,800.597,65,968,11,0.5764,1009.5,0.2044,20,complete,0.308,53684.8
1042,3,37,814,462.248,37,814,7,0.5487,776.1,0.1891,20,complete,0.3333,53728.9
1043,4,52,535,653.038,52,535,8,0.4958,721.9,0.1028,12,complete,0.1815,53760.2
1044,3,36,652,448.348,36,652,6,0.5102,795.0,0.1986,37,complete,0.2922,53795.7
1045,3,52,977,625.384,52,977,8,0.4422,630.2,0.271,49,complete,0.2416,53849.7
1046,4,43,611,559.02,43,611,8,0.545,779.6,0.1138,11,complete,0.2403,53884.0
1047,3,52,1000,521.775,45,,8,0.499,798.4,0.3456,99,step_limit,0.3239,53936.4
1048,3,51,1000,549.371,46,,8,0.5017,792.8,0.342,71,step_limit,0.2243,53983.6
1049,3,72,1000,272.146,35,,5,0.49,739.1,0.5548,139,step_limit,0.3074,54029.0
1050,4,76,1000,758.705,66,,11,0.5805,816.4,0.3077,40,step_limit,0.25,54070.2
1051,3,79,1000,678.009,55,,11,0.4813,754.2,0.2111,47,step_limit,0.3302,54508.6
1052,4,45,980,507.182,45,980,7,0.6013,911.7,0.3215,32,complete,0.3108,54555.7
1053,4,49,734,564.428,49,734,7,0.5923,1011.9,0.2773,18,complete,0.2418,54592.0
1054,4,61,782,796.818,61,782,11,0.406,628.0,0.2596,14,complete,0.1689,54631.6
1055,4,41,653,479.187,41,653,6,0.6298,970.7,0.2267,17,complete,0.3019,54662.6
1056,4,54,732,636.357,54,732,8,0.5693,864.1,0.1926,12,complete,0.2527,54697.6
1057,4,64,866,847.116,64,866,12,0.5548,805.9,0.226,31,complete,0.2459,54740.0
1058,4,66,1000,794.582,63,,12,0.5563,904.2,0.1893,13,step_limit,0.3217,54788.8
1059,3,51,819,616.142,51,819,8,0.3923,663.4,0.2297,38,complete,0.1582,54827.5
1060,4,52,905,665.154,52,905,10,0.6199,900.5,0.2138,14,complete,0.3077,54871.2
1061,4,37,565,444.935,37,565,6,0.5146,849.9,0.2312,14,complete,0.1964,54896.7
1062,4,24,365,263.517,24,365,3,0.5726,666.7,0.1647,12,complete,0.2553,54915.3
1063,4,73,920,949.803,73,920,13,0.5076,915.6,0.1789,13,complete,0.2419,54959.9
1064,4,39,704,429.614,39,704,6,0.6328,967.7,0.2319,11,complete,0.3235,54997.6
1065,3,24,472,288.627,24,472,4,0.4605,791.6,0.1693,18,complete,0.2267,55024.5
1066,3,75,1000,939.908,70,,13,0.4177,769.6,0.2039,44,step_limit,0.2302,55079.4
1067,4,50,831,584.704,50,831,8,0.4813,818.1,0.2837,17,complete,0.2571,55125.0
1068,3,45,769,548.403,45,769,7,0.3697,714.9,0.2574,26,complete,0.1705,55168.7
1069,4,20,348,204.12,20,348,2,0.5381,876.0,0.0467,9,complete,0.314,55187.9
1070,3,79,1000,938.082,73,,12,0.435,739.2,0.1676,40,step_limit,0.2424,55243.7
1071,3,32,836,371.598,32,836,6,0.4262,666.9,0.2796,84,complete,0.2263,55289.2
1072,3,56,1000,647.186,54,,9,0.4997,774.6,0.2012,27,step_limit,0.2752,55345.7
1073,4,25,384,296.4,25,384,4,0.5052,839.4,0.2228,11,complete,0.265,55368.0
1074,3,34,757,380.652,34,757,5,0.4879,780.8,0.195,32,complete,0.2978,55409.7
1075,4,40,610,486.4,40,610,7,0.4992,753.3,0.2182,13,complete,0.2601,55444.4
1076,3,73,1000,884.353,65,,13,0.4783,741.6,0.1352,19,step_limit,0.248,55501.4
1077,4,50,862,562.696,50,862,7,0.5722,900.4,0.2541,13,complete,0.2718,55549.9
1078,4,62,1000,646.4,56,,10,0.5755,912.0,0.2943,15,step_limit,0.3012,55606.1
1079,3,25,535,300.082,25,535,4,0.4679,735.1,0.1892,18,complete,0.2138,55635.9
1080,3,51,1000,610.241,50,,9,0.4493,717.5,0.2501,40,step_limit,0.2673,55693.9
1081,4,46,831,508.934,46,831,7,0.6158,1006.1,0.1611,13,complete,0.352,55743.9
1082,4,51,670,684.816,51,670,10,0.4724,785.9,0.2415,11,complete,0.207,55782.3
1083,3,64,1000,698.089,56,,10,0.4923,771.9,0.2198,34,step_limit,0.2743,55838.1
1084,3,48,830,588.731,48,830,8,0.4767,791.2,0.1342,21,complete,0.2959,55884.6
1085,3,60,1000,666.08,55,,9,0.525,797.9,0.2115,46,step_limit,0.3043,55941.0
1086,4,27,390,280.948,27,390,3,0.625,814.4,0.1964,30,complete,0.2708,55963.9
1087,4,66,1000,616.315,56,,10,0.6142,888.3,0.2319,16,step_limit,0.3424,56022.6
1088,4,48,647,560.087,48,647,7,0.4815,703.3,0.1943,18,complete,0.2083,56061.1
1089,3,63,927,825.171,63,927,11,0.4279,709.5,0.1475,18,complete,0.2493,56113.9
1090,4,78,1000,709.01,64,,10,0.6185,865.8,0.3333,95,step_limit,0.2823,56170.4
1091,3,66,1000,737.595,60,,10,0.487,771.0,0.1346,24,step_limit,0.3333,56225.7
1092,3,77,1000,750.46,60,,11,0.502,729.2,0.1865,37,step_limit,0.2917,56281.4
1093,3,72,1000,889.208,68,,12,0.4723,706.4,0.1682,27,step_limit,0.2312,56339.4
1094,4,45,621,534.662,45,621,7,0.5322,759.5,0.1912,19,complete,0.2441,56373.8
1095,4,21,320,233.962,21,320,3,0.5461,764.4,0.0936,3,complete,0.1786,56392.8
1096,4,77,821,1000.303,77,821,13,0.4695,770.4,0.1329,9,complete,0.2087,56432.5
1097,3,44,867,518.724,44,867,7,0.4329,783.3,0.2465,46,complete,0.2405,56472.1
1098,3,59,1000,694.841,54,,10,0.5,779.4,0.2459,53,step_limit,0.3153,56514.9
1099,3,75,1000,871.112,65,,13,0.4487,735.9,0.1825,47,step_limit,0.2409,56555.7
1100,3,54,1000,675.417,52,,10,0.4727,782.8,0.2485,39,step_limit,0.2636,56596.4
1101,3,78,1000,911.246,69,,13,0.3747,608.4,0.2729,36,step_limit,0.1846,57083.5
1102,4,36,513,444.691,36,513,6,0.5132,760.8,0.2434,30,complete,0.207,57107.5
1103,3,32,794,355.833,32,794,5,0.5336,782.1,0.1945,43,complete,0.3333,57144.1
1104,4,37,698,434.653,37,698,6,0.6279,972.0,0.1461,10,complete,0.3063,57178.3
1105,4,63,681,836.246,63,681,11,0.5228,838.4,0.1817,13,complete,0.1923,57213.2
1106,4,46,628,552.289,46,628,7,0.5267,939.1,0.093,7,complete,0.2762,57246.4
1107,4,21,378,230.023,21,378,3,0.6104,959.9,0.1686,12,complete,0.3036,57266.5
1108,3,41,1000,500.844,40,,8,0.5347,788.4,0.2825,39,step_limit,0.2982,57313.3
1109,4,21,312,243.196,21,312,3,0.383,789.4,0.1913,10,complete,0.1395,57329.3
1110,3,55,1000,658.249,51,,10,0.5193,769.1,0.1982,17,step_limit,0.3065,57377.3
1111,4,49,582,620.777,49,582,8,0.4274,606.7,0.2123,17,complete,0.1603,57406.7
1112,3,27,1000,180.322,23,,3,0.5857,677.3,0.6586,374,step_limit,0.312,57455.8
1113,4,70,706,915.509,70,706,12,0.4681,632.9,0.1388,11,complete,0.1808,57491.0
1114,4,50,733,598.36,50,733,8,0.5962,817.7,0.1927,19,complete,0.2527,57526.4
1115,4,73,1000,720.888,61,,11,0.6118,1031.6,0.194,12,step_limit,0.3347,57575.3
1116,3,54,1000,658.05,53,,9,0.5227,797.4,0.1676,39,step_limit,0.342,57630.0
1117,4,74,767,940.774,74,767,12,0.5251,786.3,0.1862,11,complete,0.2177,57674.4
1118,4,52,1000,581.231,50,,9,0.6085,1037.2,0.2652,34,step_limit,0.3634,57728.5
1119,4,22,536,182.651,22,536,2,0.625,937.3,0.2186,17,complete,0.3426,57757.1
1120,4,40,689,427.97,40,689,6,0.5047,938.7,0.3167,11,complete,0.2094,57795.4
1121,4,26,732,267.72,26,732,4,0.6527,1063.2,0.307,45,complete,0.402,57835.5
1122,4,55,543,736.265,55,543,10,0.4194,655.3,0.1062,17,complete,0.1828,57868.2
1123,4,54,646,657.234,54,646,8,0.5166,746.3,0.1755,10,complete,0.2059,57905.6
1124,4,79,914,1069.207,79,914,15,0.3928,680.8,0.1916,10,complete,0.183,57957.6
1125,4,53,825,655.762,53,825,9,0.6167,1002.3,0.2158,22,complete,0.301,58003.9
1126,4,21,322,240.625,21,322,3,0.4984,896.3,0.1041,12,complete,0.2095,58021.7
1127,3,66,1000,745.532,58,,11,0.492,793.6,0.1516,29,step_limit,0.292,58078.0
1128,4,70,928,928.034,70,928,13,0.5323,919.7,0.1682,20,complete,0.2459,58130.7
1129,4,28,559,329.511,28,559,5,0.6055,934.1,0.1812,15,complete,0.3068,58162.3
1130,4,45,577,538.778,45,577,7,0.5013,801.2,0.1978,8,complete,0.2378,58195.4
1131,3,55,1000,638.085,52,,9,0.517,776.8,0.1966,42,step_limit,0.3485,58252.2
1132,4,59,978,738.141,59,978,11,0.535,881.3,0.2891,49,complete,0.2795,58308.2
1133,4,69,732,942.129,69,732,13,0.4112,787.5,0.1514,15,complete,0.1601,58351.6
1134,4,28,450,282.943,28,450,3,0.6078,939.5,0.2997,11,complete,0.2723,58377.7
1135,3,68,1000,779.441,62,,11,0.505,699.1,0.1922,46,step_limit,0.2948,58435.4
1136,4,76,1000,617.942,57,,10,0.5815,992.5,0.3203,24,step_limit,0.3105,58490.3
1137,4,30,358,346.36,30,358,4,0.3317,694.6,0.1918,16,complete,0.13,58511.3
1138,3,48,810,609.369,48,810,8,0.4617,771.1,0.2427,60,complete,0.2581,58558.5
1139,4,39,626,439.381,39,626,6,0.5511,827.0,0.2112,13,complete,0.24,58594.6
1140,3,80,1000,857.492,67,,12,0.3797,562.7,0.264,40,step_limit,0.1938,58655.6
1141,3,28,563,327.535,28,563,4,0.4221,742.7,0.2427,58,complete,0.2167,58687.4
1142,4,47,589,587.07,47,589,8,0.4376,716.5,0.1428,11,complete,0.1914,58721.4
1143,3,44,811,568.568,44,811,8,0.4669,770.0,0.1613,30,complete,0.2717,58765.9
1144,3,28,695,290.007,28,695,4,0.5698,783.3,0.2518,29,complete,0.3281,58808.7
1145,4,21,472,186.244,21,472,2,0.5604,875.8,0.1974,10,complete,0.2908,58833.9
1146,3,72,1000,823.704,62,,12,0.412,699.4,0.2093,29,step_limit,0.2178,58889.8
1147,3,77,1000,849.013,68,,11,0.3273,616.4,0.1833,24,step_limit,0.1908,58946.9
1148,4,45,687,502.778,45,687,6,0.6106,902.1,0.1638,16,complete,0.2831,58980.7
1149,3,80,1000,947.149,75,,12,0.4043,665.1,0.2151,37,step_limit,0.1905,59028.7
1150,3,73,1000,901.522,70,,12,0.4337,716.3,0.1739,30,step_limit,0.2027,59074.7
1151,3,40,998,455.59,40,998,7,0.508,767.8,0.1923,27,complete,0.3707,59511.5
1152,3,61,872,812.396,61,872,11,0.4278,724.3,0.1893,31,complete,0.204,59547.5
1153,4,24,479,241.023,24,479,3,0.6013,1004.4,0.2177,24,complete,0.3077,59566.7
1154,3,24,624,241.005,24,624,3,0.5059,774.3,0.3149,25,complete,0.2957,59588.2
1155,3,31,791,341.76,31,791,5,0.5188,777.8,0.2315,36,complete,0.2719,59615.2
1156,3,20,440,201.215,20,440,2,0.4712,750.0,0.2408,42,complete,0.1705,59630.8
1157,4,23,424,272.536,23,424,4,0.4858,663.2,0.3173,23,complete,0.2194,59645.1
1158,4,41,862,463.608,41,862,7,0.6334,1003.2,0.211,17,complete,0.3528,59672.6
1159,4,64,856,824.479,64,856,11,0.4439,816.8,0.1723,14,complete,0.2107,59702.5
1160,3,47,989,590.617,47,989,9,0.5288,782.8,0.2693,73,complete,0.2582,59735.9
1161,4,70,704,895.566,70,704,11,0.4077,666.3,0.1501,12,complete,0.1482,59760.0
1162,4,77,961,1051.295,77,961,15,0.4685,776.7,0.2001,11,complete,0.2104,59794.2
1163,3,43,848,509.567,43,848,7,0.5059,761.9,0.2945,65,complete,0.3407,59822.4
1164,3,40,706,480.062,40,706,6,0.5009,760.4,0.2214,50,complete,0.2603,59845.4
1165,4,67,880,870.472,67,880,12,0.5497,810.5,0.1901,13,complete,0.2398,59875.7
1166,4,65,847,822.6,65,847,11,0.438,719.0,0.1806,15,complete,0.1957,59905.4
1167,3,24,472,227.465,24,472,2,0.5579,783.0,0.1494,19,complete,0.2837,59920.4
1168,4,67,1000,716.424,65,,9,0.6005,971.5,0.2451,24,step_limit,0.3145,59954.5
1169,3,37,700,423.124,37,700,5,0.3843,644.0,0.2382,34,complete,0.1982,59978.8
1170,3,35,632,402.509,35,632,5,0.4752,730.3,0.1813,20,complete,0.2329,60003.6
1171,4,70,1000,653.48,59,,9,0.5623,763.0,0.2727,57,step_limit,0.2795,60044.7
1172,4,56,965,651.979,56,965,9,0.6181,960.6,0.2598,33,complete,0.3376,60085.2
1173,3,39,639,471.715,39,639,6,0.519,765.5,0.2405,39,complete,0.2192,60111.2
1174,4,53,883,608.899,53,883,8,0.6014,901.3,0.2333,14,complete,0.271,60147.6
1175,4,44,952,478.011,44,952,7,0.6064,925.3,0.371,20,complete,0.3293,60186.4
1176,4,44,773,548.071,44,773,8,0.5922,858.7,0.2324,10,complete,0.2872,60218.2
1177,4,33,552,365.896,33,552,5,0.524,831.5,0.1996,20,complete,0.2769,60240.7
1178,3,61,1000,728.933,55,,11,0.5033,776.0,0.1521,42,step_limit,0.3333,60281.5
1179,4,71,719,936.998,71,719,12,0.4663,649.8,0.2199,21,complete,0.1688,60312.2
1180,4,62,880,780.665,62,880,11,0.5739,929.2,0.2169,12,complete,0.308,60349.1
1181,4,50,792,606.4,50,792,9,0.5612,899.3,0.1777,17,complete,0.3365,60381.7
1182,3,79,1000,800.944,64,,11,0.3223,721.0,0.3456,48,step_limit,0.2055,60423.8
1183,4,51,621,659.827,51,621,9,0.4485,708.6,0.1679,16,complete,0.1984,60450.1
1184,4,30,414,339.013,30,414,4,0.5501,852.2,0.2281,10,complete,0.2598,60467.9
1185,3,77,1000,848.195,65,,12,0.385,715.2,0.1937,30,step_limit,0.2196,60509.3
1186,4,42,617,520.758,42,617,7,0.3797,624.2,0.2191,11,complete,0.1994,60535.8
1187,4,20,248,239.42,20,248,3,0.3861,561.6,0.068,9,complete,0.1987,60546.5
1188,3,74,1000,683.584,56,,11,0.4603,710.2,0.294,95,step_limit,0.2319,60588.3
1189,4,60,646,810.187,60,646,11,0.4241,649.8,0.1767,18,complete,0.1898,60616.2
1190,3,26,526,296.535,26,526,4,0.3815,774.3,0.14,15,complete,0.2143,60637.9
1191,4,27,509,274.81,27,509,3,0.5742,927.8,0.2305,18,complete,0.2864,60658.1
1192,4,78,1000,684.508,60,,10,0.5785,749.1,0.512,294,step_limit,0.2541,60699.4
1193,3,42,780,510.25,42,780,7,0.4389,755.8,0.2066,37,complete,0.2369,60730.8
1194,3,75,1000,902.168,67,,13,0.4527,720.9,0.2246,36,step_limit,0.209,60771.4
1195,4,56,650,735.121,56,650,10,0.4596,609.6,0.2263,16,complete,0.1446,60799.2
1196,4,66,1000,713.164,62,,10,0.625,931.4,0.3003,45,step_limit,0.3067,60839.2
1197,4,59,759,745.877,59,759,10,0.526,817.4,0.1806,13,complete,0.2667,60871.3
1198,3,47,1000,480.372,41,,8,0.4467,658.0,0.3535,120,step_limit,0.2633,60910.6
1199,3,65,1000,828.88,64,,11,0.4163,586.0,0.2352,78,step_limit,0.172,60948.4
1200,4,48,712,550.578,48,712,7,0.4919,843.0,0.2688,21,complete,0.2397,60976.0
1201,4,22,651,165.887,22,651,3,0.6329,888.4,0.3355,19,complete,0.3598,61348.4
1202,3,68,1000,850.547,67,,11,0.45,660.2,0.2186,32,step_limit,0.1989,61392.8
1203,3,36,811,449.695,36,811,7,0.4575,744.3,0.2237,50,complete,0.2857,61427.1
1204,3,23,470,253.517,23,470,3,0.4525,758.6,0.2871,34,complete,0.237,61445.5
1205,3,32,727,345.252,32,727,4,0.5433,780.6,0.3001,60,complete,0.2895,61470.0
1206,3,76,1000,755.966,61,,11,0.4453,652.8,0.2173,39,step_limit,0.2528,61503.1
1207,4,45,590,581.609,45,590,8,0.4597,729.9,0.2787,22,complete,0.1889,61523.8
1208,4,40,484,488.26,40,484,6,0.3817,630.5,0.1988,13,complete,0.1381,61541.3
1209,3,49,903,600.034,49,903,8,0.4142,714.3,0.2406,62,complete,0.219,61572.1
1210,3,60,1000,579.195,52,,8,0.5127,787.4,0.1856,29,step_limit,0.345,61605.5
1211,3,66,1000,786.095,63,,10,0.4713,760.9,0.2429,37,step_limit,0.2186,61639.7
1212,4,66,878,831.395,66,878,11,0.5319,773.9,0.2265,18,complete,0.2458,61669.7
1213,4,56,852,689.841,56,852,9,0.5223,868.6,0.3469,87,complete,0.238,61698.7
1214,3,49,1000,582.539,48,,8,0.5193,795.8,0.2335,77,step_limit,0.3105,61731.2
1215,3,21,333,249.539,21,333,3,0.4494,765.1,0.1589,19,complete,0.1966,61741.8
1216,3,38,923,464.099,38,923,7,0.52,769.4,0.2457,37,complete,0.308,61774.6
1217,3,22,422,247.499,22,422,3,0.5442,693.4,0.1686,30,complete,0.2444,61788.6
1218,3,61,1000,795.162,60,,11,0.4427,702.7,0.2197,79,step_limit,0.2185,61822.8
1219,4,66,1000,700.527,59,,11,0.5323,1027.5,0.1823,11,step_limit,0.3214,61856.0
1220,3,38,795,446.979,38,795,6,0.4792,769.3,0.2682,68,complete,0.2869,61885.2
1221,3,62,1000,741.06,59,,10,0.4923,800.4,0.1986,35,step_limit,0.2712,61927.4
1222,4,34,776,399.689,34,776,6,0.597,964.8,0.303,12,complete,0.3586,61958.3
1223,4,35,597,424.337,35,597,6,0.5905,941.6,0.2065,11,complete,0.2808,61982.0
1224,4,33,674,382.337,33,674,6,0.6065,972.8,0.2145,8,complete,0.3133,62009.0
1225,3,70,1000,914.226,67,,13,0.3407,614.1,0.2916,71,step_limit,0.172,62050.4
1226,4,32,365,362.188,32,365,4,0.4384,614.5,0.1255,18,complete,0.1473,62065.9
1227,3,77,1000,682.29,60,,9,0.445,758.4,0.2364,43,step_limit,0.27,62107.1
1228,3,35,1000,285.606,31,,4,0.5727,782.7,0.5215,171,step_limit,0.2892,62147.1
1229,4,25,411,300.952,25,411,4,0.4617,718.6,0.1912,9,complete,0.205,62164.4
1230,3,50,1000,614.386,49,,9,0.5217,798.0,0.2601,76,step_limit,0.3084,62205.2
1231,4,65,685,843.043,65,685,11,0.4675,794.5,0.1697,13,complete,0.1659,62234.2
1232,3,79,1000,763.146,62,,11,0.4833,767.2,0.2199,37,step_limit,0.2556,62275.1
1233,3,30,571,370.36,30,571,5,0.4892,804.1,0.1136,14,complete,0.2514,62298.9
1234,4,57,857,721.25,57,857,10,0.5694,885.0,0.1891,10,complete,0.2682,62333.7
1235,3,49,965,581.179,49,965,8,0.533,795.1,0.2742,37,complete,0.3238,62372.4
1236,3,72,1000,894.933,69,,12,0.4543,684.8,0.0855,38,step_limit,0.2385,62412.2
1237,3,57,962,731.324,57,962,10,0.5152,785.1,0.2013,24,complete,0.2416,62453.1
1238,4,73,1000,755.162,64,,11,0.5503,937.1,0.1958,32,step_limit,0.2996,62496.0
1239,3,40,1000,346.565,35,,6,0.467,791.6,0.3824,97,step_limit,0.2653,62535.6
1240,4,21,325,174.39,21,325,1,0.5931,876.9,0.1297,10,complete,0.3155,62550.5
1241,4,58,850,758.538,58,850,11,0.4462,735.4,0.2353,29,complete,0.208,62585.8
1242,4,71,776,955.749,71,776,13,0.4778,897.0,0.1354,10,complete,0.2073,62619.0
1243,4,54,1000,632.119,50,,10,0.5873,858.6,0.3256,32,step_limit,0.2656,62659.2
1244,4,23,384,244.24,23,384,3,0.5469,821.7,0.1481,10,complete,0.276,62675.3
1245,3,31,643,363.939,31,643,5,0.4707,780.3,0.1938,34,complete,0.2886,62702.0
1246,4,37,599,467.099,37,599,7,0.5659,855.0,0.1964,17,complete,0.2792,62727.2
1247,3,20,644,162.74,20,644,2,0.44,751.3,0.3178,45,complete,0.2471,62752.8
1248,4,79,1000,1004.461,77,,14,0.562,978.0,0.1841,12,step_limit,0.2608,62795.6
1249,3,22,583,227.601,22,583,3,0.4786,667.2,0.2913,57,complete,0.2373,62819.1
1250,3,27,716,321.309,27,716,5,0.4511,776.1,0.2901,34,complete,0.2576,62841.4
1251,3,20,586,209.405,20,586,3,0.5199,760.3,0.4038,59,complete,0.2564,63185.0
1252,4,48,837,554.72,48,837,8,0.5469,957.5,0.2146,18,complete,0.3247,63219.1
1253,3,64,988,824.433,64,988,11,0.5175,784.3,0.1107,16,complete,0.2853,63260.6
1254,4,44,785,539.136,44,785,8,0.6013,954.4,0.1747,10,complete,0.2921,63294.2
1255,4,39,595,491.728,39,595,7,0.4303,693.3,0.2675,12,complete,0.1824,63318.7
1256,3,32,643,379.394,32,643,5,0.4733,756.3,0.2003,23,complete,0.2441,63344.8
1257,3,71,909,933.344,71,909,12,0.4232,633.4,0.1517,34,complete,0.1328,63383.9
1258,3,40,1000,379.633,35,,6,0.52,768.2,0.3843,155,step_limit,0.3187,63418.1
1259,3,80,1000,965.776,74,,13,0.3503,733.2,0.2508,28,step_limit,0.2148,63451.0
1260,4,60,1000,602.1,51,,10,0.561,855.6,0.3694,54,step_limit,0.2652,63482.8
1261,4,26,527,250.874,26,527,3,0.5232,829.2,0.2313,16,complete,0.2897,63501.2
1262,4,68,947,838.061,68,947,11,0.4535,701.3,0.3143,33,complete,0.2441,63534.6
1263,4,61,632,816.818,61,632,11,0.4984,737.6,0.1234,10,complete,0.1572,63555.2
1264,3,55,1000,690.502,54,,10,0.4957,781.4,0.2308,42,step_limit,0.2727,63589.1
1265,4,73,1000,787.452,66,,11,0.5627,1019.4,0.2613,12,step_limit,0.3068,63624.0
1266,4,72,977,939.498,72,977,13,0.5256,830.9,0.2574,29,complete,0.2335,63657.4
1267,3,46,1000,443.222,41,,7,0.5367,781.2,0.2428,55,step_limit,0.3625,63691.8
1268,3,58,1000,677.14,56,,9,0.508,778.5,0.1959,34,step_limit,0.3217,63725.6
1269,4,74,1000,742.908,64,,11,0.5873,830.3,0.3152,16,step_limit,0.2841,63759.6
1270,3,30,563,373.53,30,563,5,0.479,641.9,0.2075,35,complete,0.2438,63779.8
1271,3,37,541,501.897,37,541,7,0.3549,668.0,0.1258,15,complete,0.1981,63798.1
1272,3,22,586,245.606,22,586,4,0.4943,793.0,0.3173,44,complete,0.3158,63815.3
1273,3,43,971,547.828,43,971,8,0.4981,762.2,0.3169,171,complete,0.2917,63841.6
1274,3,66,1000,782.605,60,,11,0.433,779.3,0.2557,41,step_limit,0.2158,63868.1
1275,4,63,945,796.537,63,945,11,0.5646,864.2,0.1926,14,complete,0.2724,63894.4
1276,3,47,984,612.278,47,984,9,0.4587,789.8,0.3199,94,complete,0.2614,63920.8
1277,4,30,386,345.973,30,386,4,0.5868,814.8,0.2632,70,complete,0.2217,63931.4
1278,4,62,771,832.115,62,771,12,0.4381,624.0,0.1997,19,complete,0.1585,63953.0
1279,3,28,543,359.453,28,543,5,0.4002,732.6,0.2795,30,complete,0.1858,63967.3
1280,4,47,581,607.654,47,581,8,0.4651,721.8,0.1585,11,complete,0.1765,63983.8
1281,3,66,1000,773.768,60,,11,0.4637,737.2,0.242,62,step_limit,0.2124,64011.6
1282,3,74,1000,717.346,59,,10,0.426,682.4,0.374,53,step_limit,0.2322,64038.8
1283,3,80,1000,1013.274,74,,14,0.4477,750.0,0.1908,30,step_limit,0.2555,64066.2
1284,4,57,752,766.495,57,752,11,0.5269,830.1,0.2277,12,complete,0.2407,64087.3
1285,3,40,782,497.635,40,782,7,0.5205,769.9,0.2244,73,complete,0.2824,64108.4
1286,4,50,758,630.208,50,758,9,0.5679,1050.4,0.1669,18,complete,0.317,64128.5
1287,4,36,474,454.107,36,474,6,0.4873,739.4,0.1504,12,complete,0.1627,64141.7
1288,3,32,713,405.551,32,713,6,0.5147,788.2,0.1836,30,complete,0.2982,64160.5
1289,3,51,910,657.2,51,910,9,0.4099,744.5,0.2449,64,complete,0.2698,64185.3
1290,3,56,1000,705.309,55,,10,0.4933,747.8,0.2454,51,step_limit,0.3017,64212.7
1291,3,33,624,380.171,33,624,5,0.461,718.2,0.1491,25,complete,0.2794,64229.2
1292,3,48,983,622.154,48,983,9,0.51,773.3,0.2699,43,complete,0.2987,64255.5
1293,3,27,573,339.577,27,573,5,0.4759,746.4,0.2001,63,complete,0.2456,64271.0
1294,4,72,939,892.379,72,939,12,0.6044,842.4,0.2431,10,complete,0.2481,64296.7
1295,4,38,589,450.208,38,589,6,0.5233,828.3,0.189,12,complete,0.2681,64313.6
1296,3,47,809,626.968,47,809,9,0.4475,771.7,0.1886,33,complete,0.2481,64335.6
1297,3,44,813,541.037,44,813,7,0.4235,657.6,0.3463,84,complete,0.1926,64357.3
1298,3,29,574,352.146,29,574,5,0.4059,601.6,0.1875,16,complete,0.1719,64373.2
1299,4,55,920,662.596,55,920,9,0.5894,1056.7,0.2521,18,complete,0.2841,64391.4
1300,4,49,825,530.363,49,825,7,0.5982,1033.4,0.2429,25,complete,0.3389,64408.6
1301,4,22,454,233.949,22,454,3,0.4521,696.8,0.171,47,complete,0.1875,64608.1
1302,4,46,540,569.391,46,540,7,0.4681,611.0,0.1577,10,complete,0.1456,64622.7
1303,4,51,532,682.1,51,532,9,0.375,572.4,0.1335,10,complete,0.1029,64638.0
1304,4,41,701,479.453,41,701,6,0.4255,583.2,0.2069,19,complete,0.15,64656.5
1305,4,56,676,703.396,56,676,9,0.5004,840.9,0.1698,9,complete,0.25,64675.7
1306,4,51,1000,529.663,50,,8,0.4387,782.7,0.3549,69,step_limit,0.2126,64702.6
1307,3,52,1000,575.46,49,,8,0.5453,794.3,0.2433,85,step_limit,0.3683,64728.5
1308,4,44,602,534.329,44,602,7,0.5058,800.4,0.2733,26,complete,0.2099,64745.3
1309,4,65,867,823.314,65,867,11,0.4495,764.9,0.2117,26,complete,0.1911,64769.6
1310,3,20,473,223.22,20,473,3,0.5574,788.5,0.2398,27,complete,0.3121,64782.0
1311,4,70,1000,812.937,68,,11,0.6332,1044.5,0.1738,18,step_limit,0.3473,64809.8
1312,3,38,610,474.476,38,610,6,0.447,695.5,0.2157,57,complete,0.2489,64826.0
1313,3,39,733,499.41,39,733,7,0.3638,571.0,0.2431,28,complete,0.1916,64845.9
1314,3,59,1000,726.127,57,,10,0.4013,673.5,0.2443,53,step_limit,0.2101,64873.3
1315,4,65,874,862.56,65,874,12,0.5624,956.9,0.104,15,complete,0.2893,64898.2
1316,4,67,816,868.309,67,816,12,0.4556,800.4,0.2137,11,complete,0.2056,64920.5
1317,3,73,1000,865.284,67,,12,0.4773,734.7,0.167,24,step_limit,0.2682,64947.8
1318,3,24,477,294.14,24,477,4,0.4941,736.6,0.1853,27,complete,0.25,64960.3
1319,3,31,763,212.104,23,,3,0.5487,484.9,0.606,512,no_progress,0.2188,64980.2
1320,4,47,728,547.152,47,728,7,0.4097,754.9,0.2536,14,complete,0.212,65000.3
1321,3,75,1000,902.244,67,,13,0.382,662.2,0.2877,34,step_limit,0.1969,65027.4
1322,3,49,802,585.775,49,802,7,0.4476,739.6,0.2126,30,complete,0.2189,65049.4
1323,4,75,1000,934.181,73,,13,0.5625,856.5,0.248,41,step_limit,0.2537,65076.8
1324,3,46,930,575.591,46,930,8,0.4871,795.7,0.2961,105,complete,0.2857,65102.0
1325,3,59,1000,695.795,55,,10,0.4893,764.9,0.268,32,step_limit,0.2661,65128.4
1326,3,44,861,533.775,44,861,7,0.5087,788.8,0.1821,26,complete,0.2702,65152.0
1327,4,32,412,367.42,32,412,4,0.4375,613.7,0.2883,12,complete,0.1409,65164.2
1328,4,45,1000,509.547,44,,7,0.591,1001.7,0.3619,39,step_limit,0.3073,65190.8
1329,3,41,890,484.92,41,890,7,0.5382,781.2,0.2182,26,complete,0.2992,65214.7
1330,4,65,1000,642.585,59,,9,0.594,980.8,0.252,21,step_limit,0.3508,65242.5
1331,4,74,1000,906.681,74,1000,12,0.583,1025.0,0.1102,8,complete,0.3363,65270.4
1332,3,35,599,444.444,35,599,6,0.4151,610.1,0.1233,14,complete,0.2174,65286.5
1333,3,77,1000,625.79,56,,9,0.396,667.5,0.3364,121,step_limit,0.2507,65313.7
1334,3,64,1000,716.061,59,,10,0.4857,744.1,0.2563,85,step_limit,0.2853,65340.7
1335,4,58,1000,700.117,57,,10,0.5777,932.9,0.2647,60,step_limit,0.2917,65367.6
1336,3,56,1000,682.432,53,,10,0.5007,789.4,0.2171,46,step_limit,0.2928,65394.6
1337,4,58,1000,517.717,49,,8,0.6428,960.0,0.3595,116,step_limit,0.3333,65420.8
1338,4,52,604,639.217,52,604,8,0.4843,799.1,0.1423,13,complete,0.2198,65437.8
1339,3,66,996,877.684,66,996,12,0.3768,731.2,0.2027,21,complete,0.2158,65464.9
1340,4,72,840,956.517,72,840,13,0.5283,800.9,0.1386,9,complete,0.1687,65488.0
1341,4,37,745,358.146,37,745,5,0.6185,992.8,0.24,14,complete,0.3218,65508.5
1342,4,72,736,966.682,72,736,13,0.4467,607.8,0.1778,11,complete,0.1373,65529.9
1343,3,73,1000,704.041,59,,10,0.474,741.3,0.2429,34,step_limit,0.2435,65556.5
1344,4,34,775,364.694,34,775,6,0.579,1011.2,0.1864,16,complete,0.3438,65577.6
1345,4,41,462,483.081,41,462,6,0.4724,662.6,0.1644,11,complete,0.1618,65590.1
1346,4,33,451,356.021,33,451,4,0.5737,778.8,0.1491,7,complete,0.2083,65602.9
1347,3,42,767,511.897,42,767,7,0.4342,756.3,0.2202,23,complete,0.1847,65623.0
1348,3,65,1000,840.877,63,,12,0.3857,708.8,0.2765,39,step_limit,0.1867,65650.3
1349,3,21,379,247.301,21,379,3,0.4283,619.6,0.0907,17,complete,0.2197,65660.8
1350,4,56,717,743.577,56,717,10,0.4229,745.7,0.2705,38,complete,0.201,65675.1
1351,4,56,575,747.257,56,575,10,0.4122,665.3,0.1158,10,complete,0.1279,65881.2
1352,4,20,386,224.9,20,386,3,0.4961,786.2,0.1862,45,complete,0.2443,65891.9
1353,3,25,439,309.07,25,439,4,0.4472,701.8,0.1302,26,complete,0.2115,65903.6
1354,3,58,874,741.554,58,874,10,0.368,647.6,0.1521,26,complete,0.203,65927.6
1355,4,79,1000,998.385,76,,14,0.4955,744.4,0.2365,37,step_limit,0.226,65954.7
1356,4,38,784,455.998,38,784,7,0.6266,1046.2,0.2196,15,complete,0.3149,65975.8
1357,4,63,933,802.318,63,933,11,0.5742,928.2,0.2294,17,complete,0.286,66001.2
1358,4,28,884,298.969,28,884,5,0.6256,940.2,0.2659,16,complete,0.3976,66025.0
1359,4,39,449,443.404,39,449,5,0.4115,674.2,0.1179,11,complete,0.1552,66037.3
1360,4,43,596,526.123,43,596,7,0.565,890.8,0.2807,23,complete,0.2324,66053.7
1361,3,44,855,558.18,44,855,8,0.5224,778.0,0.2791,40,complete,0.266,66077.0
1362,3,35,624,382.357,35,624,4,0.4471,767.7,0.1945,24,complete,0.2657,66094.2
1363,4,40,537,436.67,40,537,5,0.5661,796.3,0.2444,10,complete,0.279,66108.8
1364,4,38,760,463.789,38,760,7,0.599,955.5,0.1985,13,complete,0.3244,66129.4
1365,4,73,900,980.164,73,900,14,0.5394,871.0,0.164,15,complete,0.2539,66154.1
1366,3,38,819,436.327,38,819,6,0.5495,783.6,0.2052,44,complete,0.3293,66176.1
1367,3,73,1000,869.866,67,,12,0.4953,778.3,0.1363,22,step_limit,0.2835,66203.5
1368,4,30,387,344.507,30,387,4,0.4897,876.5,0.0961,9,complete,0.195,66214.1
1369,3,47,792,591.785,47,792,8,0.4962,787.6,0.2213,28,complete,0.2518,66235.8
1370,4,24,394,290.69,24,394,4,0.4664,704.1,0.1214,8,complete,0.2232,66246.4
1371,3,27,549,299.863,27,549,4,0.4341,591.5,0.2515,22,complete,0.1746,66261.5
1372,4,58,1000,631.2,55,,9,0.62,988.0,0.3104,38,step_limit,0.3333,66287.8
1373,4,62,1000,759.471,61,,11,0.6055,1061.3,0.2037,20,step_limit,0.3232,66315.0
1374,3,38,770,458.632,38,770,6,0.4931,801.7,0.2757,55,complete,0.253,66335.7
1375,3,21,401,216.027,21,401,2,0.4439,769.4,0.1801,19,complete,0.252,66346.1
1376,4,61,916,779.137,61,916,11,0.6004,1052.7,0.1579,28,complete,0.3523,66371.3
1377,4,41,720,487.795,41,720,7,0.558,862.1,0.2203,21,complete,0.3017,66391.2
1378,4,55,763,655.153,55,763,8,0.536,925.5,0.2262,10,complete,0.2617,66411.7
1379,4,27,465,299.578,27,465,4,0.4613,697.7,0.1728,23,complete,0.2198,66424.9
1380,4,22,526,184.724,22,526,2,0.6473,876.7,0.3152,17,complete,0.3235,66438.5
1381,4,42,681,545.731,42,681,8,0.5709,931.3,0.1863,15,complete,0.2765,66457.8
1382,3,57,852,745.166,57,852,10,0.473,775.3,0.2059,30,complete,0.2407,66480.7
1383,4,22,351,230.887,22,351,3,0.6211,835.7,0.1001,8,complete,0.3068,66490.7
1384,4,66,765,853.321,66,765,11,0.4454,776.9,0.1416,21,complete,0.1761,66511.6
1385,3,70,1000,883.9,67,,12,0.4703,780.8,0.229,38,step_limit,0.2575,66538.9
1386,4,25,392,222.16,25,392,2,0.4911,693.3,0.1568,20,complete,0.2128,66549.4
1387,3,74,1000,736.855,61,,10,0.4553,749.3,0.2371,42,step_limit,0.2077,66576.9
1388,4,21,304,208.983,21,304,2,0.5016,856.9,0.1049,9,complete,0.2965,66585.2
1389,4,63,818,778.524,63,818,10,0.5272,838.9,0.3379,24,complete,0.2326,66608.3
1390,4,26,452,283.028,26,452,4,0.6067,874.4,0.1656,8,complete,0.34,66621.0
1391,3,78,1000,1009.119,75,,14,0.3753,680.2,0.1914,36,step_limit,0.2062,66648.3
1392,3,49,834,611.986,49,834,8,0.4804,788.5,0.2101,36,complete,0.2784,66671.3
1393,4,68,1000,449.235,48,,7,0.6613,932.9,0.4708,177,step_limit,0.3148,66698.3
1394,4,22,439,200.185,22,439,2,0.6139,941.8,0.273,13,complete,0.2872,66709.8
1395,3,61,1000,763.882,59,,11,0.3867,640.5,0.2356,40,step_limit,0.2129,66737.0
1396,4,43,683,482.122,43,683,6,0.593,913.4,0.1885,10,complete,0.2771,66755.5
1397,4,71,1000,880.051,67,,13,0.5018,785.5,0.2038,11,step_limit,0.2441,66782.3
1398,3,47,1000,540.715,45,,8,0.4397,791.2,0.282,62,step_limit,0.2395,66809.1
1399,4,40,537,476.56,40,537,6,0.4395,761.8,0.2389,14,complete,0.2039,66824.2
1400,4,23,763,205.758,23,763,3,0.6219,910.8,0.4028,31,complete,0.3694,66843.8
1401,4,27,484,303.914,27,484,4,0.5697,986.2,0.0821,10,complete,0.2955,67063.2
1402,4,78,1000,987.672,75,,14,0.4425,775.9,0.2111,12,step_limit,0.2071,67083.1
1403,4,51,976,571.117,51,976,8,0.4834,713.0,0.5072,362,complete,0.2705,67103.0
1404,3,29,741,317.601,29,741,4,0.547,760.1,0.3836,79,complete,0.2347,67118.2
1405,4,28,613,208.737,28,613,2,0.644,1060.2,0.192,20,complete,0.3975,67130.0
1406,3,57,1000,700.911,55,,10,0.5217,792.6,0.2396,33,step_limit,0.2708,67150.5
1407,4,34,543,351.009,34,543,4,0.4245,777.2,0.2004,17,complete,0.2431,67164.8
1408,3,68,993,896.051,68,993,12,0.424,671.7,0.1399,40,complete,0.2033,67192.2
1409,4,23,318,284.48,23,318,4,0.5487,785.1,0.0406,7,complete,0.1989,67200.9
1410,4,62,1000,655.606,56,,10,0.6115,959.0,0.3224,36,step_limit,0.3196,67228.1
1411,3,48,974,568.643,48,974,8,0.4428,789.8,0.2829,38,complete,0.2825,67254.7
1412,4,20,275,230.62,20,275,3,0.3764,555.3,0.1381,11,complete,0.1214,67261.7
1413,3,60,1000,629.48,53,,9,0.496,775.4,0.178,28,step_limit,0.3061,67288.8
1414,4,53,633,659.986,53,633,8,0.4668,737.3,0.1302,20,complete,0.2115,67305.9
1415,3,56,1000,604.513,50,,9,0.5067,780.7,0.2795,36,step_limit,0.2982,67332.8
1416,3,40,703,503.665,40,703,7,0.5135,767.7,0.1578,24,complete,0.2727,67351.9
1417,4,48,573,636.138,48,573,9,0.4673,732.7,0.1257,15,complete,0.2074,67367.5
1418,3,54,814,691.847,54,814,9,0.4566,778.8,0.1505,26,complete,0.2427,67389.8
1419,3,45,1000,436.22,40,,6,0.5327,796.8,0.356,105,step_limit,0.2955,67416.6
1420,3,56,934,739.248,56,934,10,0.4515,738.5,0.2764,38,complete,0.2583,67441.5
1421,3,28,442,306.661,28,442,3,0.4495,636.0,0.3577,91,complete,0.1538,67454.1
1422,4,56,903,678.701,56,903,9,0.5731,973.5,0.1851,16,complete,0.3095,67477.9
1423,3,42,778,522.874,42,778,7,0.5026,793.9,0.2535,34,complete,0.2222,67499.0
1424,4,22,389,211.676,22,389,2,0.4087,611.8,0.2298,13,complete,0.224,67509.4
1425,3,29,567,355.8,29,567,5,0.4885,785.6,0.1747,22,complete,0.2359,67524.9
1426,3,41,808,509.192,41,808,7,0.5103,794.3,0.1883,55,complete,0.2846,67545.9
1427,3,20,339,236.42,20,339,3,0.3324,606.1,0.1305,30,complete,0.1228,67555.4
1428,4,77,1000,868.182,71,,12,0.5935,998.1,0.2462,21,step_limit,0.2731,67583.1
1429,3,27,650,305.444,27,650,4,0.5487,794.8,0.2828,57,complete,0.3118,67599.7
1430,4,79,930,1065.372,79,930,15,0.4522,793.7,0.1827,13,complete,0.2226,67626.0
1431,3,49,878,606.252,49,878,8,0.4996,791.7,0.1869,45,complete,0.2633,67649.9
1432,4,57,1000,655.74,56,,9,0.5577,875.8,0.3193,20,step_limit,0.2838,67676.8
1433,3,68,1000,809.24,64,,11,0.456,776.0,0.2135,43,step_limit,0.2356,67703.8
1434,4,45,749,559.622,45,749,8,0.5447,801.4,0.2233,19,complete,0.2421,67724.3
1435,3,73,1000,737.718,61,,10,0.469,785.9,0.281,44,step_limit,0.2853,67751.7
1436,4,30,410,376.013,30,410,5,0.5061,775.9,0.1764,10,complete,0.2069,67762.9
1437,4,64,1000,720.037,62,,10,0.4,649.6,0.317,25,step_limit,0.2,67790.4
1438,3,36,811,414.653,36,811,6,0.5532,792.1,0.1992,31,complete,0.3761,67812.5
1439,3,50,961,478.354,40,,7,0.3392,548.9,0.4778,498,no_progress,0.2174,67837.4
1440,4,33,689,300.913,33,689,4,0.5798,967.7,0.1923,9,complete,0.3237,67856.2
1441,4,72,1000,724.156,64,,10,0.6082,1046.8,0.2542,16,step_limit,0.3053,67884.0
1442,3,54,920,707.483,54,920,10,0.4116,734.6,0.1859,25,complete,0.2435,67908.7
1443,4,38,509,469.072,38,509,6,0.4312,692.2,0.2294,17,complete,0.1689,67923.2
1444,3,56,1000,582.511,50,,8,0.5073,709.2,0.3206,132,step_limit,0.3077,67950.4
1445,4,70,801,906.663,70,801,12,0.436,671.9,0.2525,10,complete,0.1598,67972.4
1446,4,62,762,804.449,62,762,11,0.5259,742.2,0.1865,17,complete,0.2227,67993.7
1447,4,41,574,508.494,41,574,7,0.5,797.0,0.1202,9,complete,0.2115,68008.9
1448,4,39,617,449.546,39,617,6,0.575,965.2,0.2049,14,complete,0.2862,68025.9
1449,3,27,671,302.203,27,671,4,0.5425,796.2,0.2872,64,complete,0.2581,68043.2
1450,3,77,1000,726.962,57,,11,0.4463,605.2,0.3975,150,step_limit,0.2184,68070.5
1451,3,40,1000,455.64,39,,7,0.4253,799.2,0.352,106,step_limit,0.2585,68313.1
1452,4,30,527,282.6,30,527,3,0.6741,1051.9,0.2016,10,complete,0.3686,68323.2
1453,4,49,879,521.338,49,879,7,0.5779,1038.1,0.2256,11,complete,0.325,68340.1
1454,4,33,504,393.173,33,504,5,0.5432,946.0,0.1642,18,complete,0.2695,68350.5
1455,4,25,382,313.024,25,382,4,0.3737,676.7,0.2554,38,complete,0.19,68357.8
1456,4,50,1000,402.144,43,,7,0.594,867.0,0.2862,49,step_limit,0.313,68377.2
1457,4,29,349,336.564,29,349,4,0.5,647.5,0.0493,4,complete,0.18,68384.0
1458,4,38,424,483.861,38,424,6,0.3968,733.2,0.0886,6,complete,0.1642,68392.3
1459,4,32,337,374.195,32,337,4,0.4139,639.9,0.0382,4,complete,0.1667,68398.9
1460,4,80,1000,1010.625,78,,14,0.476,778.6,0.2224,15,step_limit,0.2255,68425.0
1461,4,27,303,333.317,27,303,4,0.3531,625.3,0.1031,16,complete,0.0909,68433.3
1462,4,36,934,412.64,36,934,7,0.5321,997.1,0.3279,53,complete,0.2763,68458.4
1463,4,60,775,772.773,60,775,11,0.4771,785.0,0.1064,10,complete,0.2202,68480.3
1464,4,58,674,719.212,58,674,9,0.4318,792.5,0.233,17,complete,0.1616,68498.6
1465,4,37,794,437.959,37,794,7,0.6121,1016.8,0.251,44,complete,0.3315,68520.3
1466,4,47,635,598.379,47,635,8,0.5303,923.9,0.1612,10,complete,0.1951,68537.5
1467,4,71,875,929.941,71,875,13,0.4009,720.7,0.1788,17,complete,0.1726,68562.1
1468,3,45,992,560.26,45,992,8,0.5181,803.0,0.2207,54,complete,0.303,68588.6
1469,3,41,697,490.885,41,697,6,0.4055,693.6,0.2205,16,complete,0.2054,68607.1
1470,3,56,1000,665.393,52,,10,0.479,782.6,0.159,38,step_limit,0.3061,68633.9
1471,3,22,561,228.479,22,561,3,0.3987,551.5,0.2649,40,complete,0.1914,68649.4
1472,4,80,925,1019.01,80,925,13,0.5038,743.2,0.1966,18,complete,0.214,68675.3
1473,3,28,488,320.592,28,488,4,0.5219,745.3,0.1778,16,complete,0.244,68688.0
1474,3,61,1000,747.541,57,,11,0.4907,806.3,0.1569,32,step_limit,0.2913,68715.4
1475,3,45,851,553.477,45,851,8,0.4489,755.9,0.302,57,complete,0.2131,68737.6
1476,3,31,581,376.202,31,581,5,0.4894,778.0,0.1674,19,complete,0.241,68753.8
1477,4,26,545,282.785,26,545,4,0.567,841.7,0.2444,19,complete,0.3203,68768.5
1478,4,23,488,255.506,23,488,4,0.4933,718.8,0.2278,13,complete,0.3,68782.4
1479,4,70,1000,522.291,49,,9,0.5663,881.0,0.4473,43,step_limit,0.317,68809.5
1480,4,41,588,508.246,41,588,7,0.5128,825.8,0.3136,32,complete,0.25,68825.4
1481,4,28,293,343.08,28,293,4,0.4573,650.1,0.0801,11,complete,0.141,68833.5
1482,4,47,526,618.475,47,526,8,0.3821,672.1,0.1908,11,complete,0.1219,68848.7
1483,4,26,407,266.397,26,407,3,0.6112,907.9,0.1851,10,complete,0.3112,68859.6
1484,4,39,625,456.262,39,625,6,0.548,909.6,0.2071,18,complete,0.2774,68877.0
1485,4,75,814,986.544,75,814,13,0.3953,607.0,0.2527,12,complete,0.1411,68899.4
1486,4,80,846,1017.26,80,846,13,0.5296,823.3,0.1397,12,complete,0.2112,68923.2
1487,4,54,967,659.742,54,967,10,0.6026,1001.1,0.2481,17,complete,0.3377,68949.5
1488,4,72,1000,749.972,62,,11,0.5383,842.0,0.1933,31,step_limit,0.2784,68976.9
1489,3,64,1000,679.342,55,,10,0.49,787.1,0.2197,25,step_limit,0.2752,69003.1
1490,3,49,786,615.232,49,786,8,0.3783,618.6,0.3019,53,complete,0.1856,69025.0
1491,3,68,1000,732.131,58,,11,0.4503,731.3,0.2072,25,step_limit,0.2672,69052.0
1492,4,75,969,1003.149,75,969,14,0.4561,743.5,0.243,19,complete,0.1927,69078.9
1493,3,28,553,313.853,28,553,4,0.4382,791.7,0.1509,18,complete,0.2708,69093.7
1494,4,60,804,755.68,60,804,10,0.5283,818.2,0.2971,55,complete,0.2165,69116.2
1495,4,56,669,750.969,56,669,10,0.3565,587.1,0.2041,11,complete,0.1648,69134.3
1496,4,62,971,778.179,62,971,11,0.5757,886.2,0.3046,70,complete,0.2442,69160.7
1497,3,76,1000,830.829,65,,12,0.4737,758.6,0.1431,30,step_limit,0.2528,69188.0
1498,3,55,820,689.505,55,820,9,0.3927,625.8,0.2121,36,complete,0.1782,69210.3
1499,3,28,579,322.041,28,579,4,0.4606,737.0,0.2216,29,complete,0.2167,69225.4
1500,4,24,412,253.887,24,412,3,0.4084,764.8,0.2087,16,complete,0.24,69236.4
