episode,n_drones,n_dests,steps,team_reward,delivered,makespan,reloads,hop2plus,max_reach,stall_ratio,max_stall_run,term_reason,relay_frac,wall_sec
1,4,43,1000,350.763,38,,6,0.5985,789.9,0.3284,41,step_limit,0.0842,1.2
2,3,74,1000,611.219,53,,9,0.2507,529.0,0.4515,75,step_limit,0.0722,1.8
3,4,43,1000,431.395,40,,7,0.358,575.3,0.2783,34,step_limit,0.0742,2.5
4,3,23,1000,111.391,18,,3,0.563,783.6,0.4516,60,step_limit,0.0923,3.1
5,3,31,1000,264.01,30,,4,0.48,716.6,0.2794,27,step_limit,0.187,5.8
6,3,68,1000,738.459,60,,10,0.4287,749.1,0.3867,72,step_limit,0.2656,13.7
7,4,44,699,519.276,44,699,7,0.5494,841.9,0.3314,94,complete,0.3011,23.4
8,4,30,433,328.2,30,433,4,0.5779,765.9,0.2525,15,complete,0.3516,31.3
9,4,42,679,426.916,42,679,5,0.595,839.1,0.3472,85,complete,0.3524,48.2
10,4,47,650,594.579,47,650,8,0.4892,852.8,0.1876,16,complete,0.33,64.4
11,4,21,433,225.061,21,433,3,0.4446,586.0,0.4031,43,complete,0.2448,77.3
12,3,37,784,294.183,28,,4,0.5276,600.6,0.7317,498,no_progress,0.3009,96.7
13,4,28,393,295.251,28,393,3,0.402,630.0,0.1221,18,complete,0.2544,107.5
14,3,41,862,505.779,41,862,7,0.5143,783.0,0.3313,100,complete,0.3404,131.1
15,3,66,1000,744.355,60,,10,0.462,774.3,0.1607,61,step_limit,0.3047,158.1
16,3,71,1000,859.817,66,,12,0.4157,685.8,0.1959,113,step_limit,0.2932,184.2
17,3,24,997,222.028,23,,3,0.5921,794.5,0.5495,449,no_progress,0.3827,208.7
18,4,49,717,552.144,49,717,7,0.4498,740.0,0.3507,33,complete,0.3071,228.7
19,4,34,520,400.847,34,520,5,0.5668,865.1,0.1475,9,complete,0.3664,243.1
20,3,48,1000,517.1,46,,7,0.4017,742.5,0.2309,53,step_limit,0.3183,269.9
21,3,63,1000,582.129,52,,8,0.4173,688.5,0.3834,167,step_limit,0.2432,298.4
22,4,46,654,539.814,46,654,7,0.5344,795.8,0.2399,16,complete,0.362,317.5
23,3,44,1000,508.348,40,,8,0.54,773.4,0.4843,135,step_limit,0.2984,343.3
24,4,41,637,439.564,41,637,6,0.5608,840.2,0.2667,99,complete,0.2892,361.4
25,4,38,1000,419.032,37,,6,0.627,863.2,0.4173,25,step_limit,0.405,389.4
26,4,77,1000,907.584,73,,13,0.5425,779.2,0.2379,23,step_limit,0.2996,415.6
27,3,41,879,529.759,41,879,8,0.4892,768.0,0.2096,65,complete,0.3369,439.3
28,4,52,824,559.178,52,824,7,0.6496,1007.4,0.2316,15,complete,0.3985,461.5
29,4,72,1000,758.889,65,,11,0.6122,903.0,0.2515,25,step_limit,0.4,487.9
30,4,61,1000,581.384,51,,10,0.4835,924.0,0.1601,14,step_limit,0.3438,513.4
31,4,45,770,522.329,45,770,7,0.5701,958.4,0.2863,31,complete,0.3263,535.3
32,3,68,1000,616.147,54,,8,0.5353,688.5,0.4987,255,step_limit,0.297,562.9
33,3,35,609,409.953,35,609,5,0.4423,697.6,0.2799,45,complete,0.2705,578.5
34,3,24,354,245.48,24,354,2,0.3785,655.6,0.2229,23,complete,0.2381,588.9
35,3,58,1000,701.045,55,,10,0.4193,774.1,0.2823,81,step_limit,0.2515,614.2
36,3,64,1000,638.228,55,,9,0.4817,764.3,0.2841,61,step_limit,0.2528,641.3
37,4,58,1000,461.303,49,,7,0.606,976.9,0.368,19,step_limit,0.3706,668.9
38,3,77,1000,472.505,47,,7,0.547,688.5,0.5151,259,step_limit,0.2508,696.2
39,3,28,686,331.174,28,686,5,0.516,789.8,0.2611,36,complete,0.3239,713.8
40,3,37,630,463.122,37,630,6,0.4307,700.8,0.215,37,complete,0.2642,730.7
41,4,59,707,711.273,59,707,9,0.3982,635.5,0.3144,16,complete,0.222,748.8
42,4,58,917,645.575,58,917,8,0.5499,992.9,0.2794,26,complete,0.3369,774.6
43,4,20,627,158.46,20,627,2,0.5514,902.7,0.4301,40,complete,0.3051,791.8
44,4,30,397,375.547,30,397,5,0.3577,661.2,0.1649,10,complete,0.178,802.5
45,4,39,597,456.684,39,597,6,0.5348,830.3,0.2718,16,complete,0.2866,817.6
46,4,32,463,348.93,32,463,4,0.5508,821.6,0.2408,12,complete,0.3097,830.5
47,4,35,717,376.703,35,717,5,0.651,885.8,0.3274,28,complete,0.3375,848.8
48,4,39,914,373.625,39,914,5,0.6332,1063.3,0.2953,40,complete,0.3564,873.2
49,4,47,666,592.832,47,666,8,0.5034,821.7,0.1892,16,complete,0.2841,891.6
50,3,72,1000,654.292,54,,10,0.3643,638.0,0.3763,51,step_limit,0.2241,916.6
51,3,71,1000,829.232,64,,12,0.3297,612.3,0.3139,77,step_limit,0.1611,1166.4
52,3,45,726,587.58,45,726,8,0.45,632.0,0.1371,15,complete,0.2454,1186.9
53,4,64,560,861.138,64,560,11,0.4076,572.4,0.058,11,complete,0.1573,1203.4
54,4,24,1000,145.033,23,,3,0.6008,997.0,0.3717,19,step_limit,0.3908,1228.7
55,4,60,891,656.813,60,891,8,0.6114,1015.0,0.219,17,complete,0.3243,1251.3
56,4,20,306,227.54,20,306,3,0.5229,817.3,0.1888,12,complete,0.2308,1260.3
57,4,61,1000,700.682,57,,10,0.5765,827.9,0.3525,27,step_limit,0.2619,1287.2
58,4,77,1000,992.073,76,,14,0.4693,805.9,0.2484,27,step_limit,0.2234,1315.2
59,4,40,801,445.51,40,801,6,0.6498,1040.3,0.3541,19,complete,0.3052,1337.4
60,3,76,1000,667.392,59,,9,0.4413,755.5,0.295,64,step_limit,0.2251,1368.0
61,4,66,883,835.08,66,883,11,0.5779,938.2,0.2458,12,complete,0.256,1392.9
62,4,43,642,537.501,43,642,7,0.5545,841.3,0.35,57,complete,0.1883,1410.0
63,4,57,749,649.605,57,749,8,0.5023,784.7,0.2183,24,complete,0.2377,1431.2
64,3,52,1000,611.194,49,,9,0.4957,786.0,0.2435,39,step_limit,0.2566,1458.3
65,4,42,691,522.37,42,691,7,0.5655,830.2,0.2314,16,complete,0.2474,1477.7
66,3,41,946,468.496,41,946,6,0.4873,780.8,0.3416,37,complete,0.2975,1502.8
67,4,23,370,288.278,23,370,4,0.3892,751.3,0.105,6,complete,0.1628,1511.6
68,4,77,717,983.185,77,717,12,0.4749,677.4,0.1434,13,complete,0.1587,1531.8
69,3,48,732,607.521,48,732,8,0.3698,605.2,0.1999,24,complete,0.1736,1551.5
70,3,69,1000,613.813,50,,10,0.4917,702.4,0.3842,119,step_limit,0.2006,1579.1
71,4,34,593,391.186,34,593,5,0.4174,644.4,0.3286,24,complete,0.1884,1596.4
72,4,61,1000,520.479,51,,8,0.6078,883.8,0.413,21,step_limit,0.2336,1622.6
73,4,50,1000,282.704,39,,4,0.6575,876.6,0.5813,170,step_limit,0.3402,1651.2
74,3,70,1000,740.08,61,,10,0.4477,749.0,0.3158,36,step_limit,0.2083,1677.7
75,4,21,405,204.581,21,405,2,0.5037,749.7,0.2473,10,complete,0.1607,1688.4
76,3,49,1000,499.673,43,,8,0.492,755.3,0.388,43,step_limit,0.2783,1714.4
77,3,67,1000,649.976,55,,9,0.5193,775.3,0.3032,58,step_limit,0.2529,1741.7
78,3,34,839,412.33,34,839,6,0.4466,636.1,0.2789,48,complete,0.2125,1763.6
79,4,31,586,355.579,31,586,5,0.555,832.2,0.2144,17,complete,0.2172,1778.4
80,3,44,983,524.626,44,983,7,0.5487,745.9,0.3027,45,complete,0.2733,1804.7
81,4,71,1000,622.017,58,,9,0.6385,847.9,0.4029,96,step_limit,0.2792,1830.5
82,3,59,1000,729.224,57,,10,0.403,681.2,0.2208,51,step_limit,0.2389,1856.6
83,4,21,324,238.716,21,324,3,0.3449,641.3,0.0789,9,complete,0.128,1866.1
84,3,41,869,474.859,41,869,6,0.5355,799.0,0.3197,62,complete,0.2609,1888.0
85,4,38,1000,391.484,37,,6,0.6465,1050.4,0.435,25,step_limit,0.3197,1914.3
86,4,64,909,820.34,64,909,12,0.5036,773.8,0.203,12,complete,0.248,1939.7
87,4,24,424,214.373,24,424,2,0.6374,959.4,0.3089,16,complete,0.2396,1950.5
88,4,66,755,843.939,66,755,11,0.4851,801.0,0.1541,10,complete,0.1835,1970.1
89,4,20,397,190.22,20,397,2,0.5756,824.6,0.2522,19,complete,0.2045,1980.6
90,4,37,393,434.637,37,393,5,0.3817,657.3,0.1684,14,complete,0.125,1991.0
91,3,60,1000,566.84,47,,9,0.4187,709.0,0.3139,69,step_limit,0.2,2018.3
92,3,37,1000,367.959,35,,6,0.5577,756.8,0.3046,61,step_limit,0.2796,2043.8
93,3,27,932,237.973,27,932,4,0.5569,710.3,0.4017,54,complete,0.3256,2069.3
94,3,76,1000,613.946,54,,9,0.401,741.5,0.4039,43,step_limit,0.1726,2095.0
95,4,30,403,347.267,30,403,4,0.5062,787.2,0.2596,13,complete,0.1415,2106.9
96,4,34,603,386.998,34,603,5,0.6277,1024.2,0.2947,16,complete,0.2218,2123.4
97,4,35,879,352.6,35,879,5,0.5705,947.5,0.3802,44,complete,0.2742,2146.4
98,4,39,463,483.336,39,463,6,0.4249,683.0,0.1938,22,complete,0.1288,2157.9
99,4,69,1000,589.658,55,,9,0.6365,1016.8,0.3721,33,step_limit,0.2658,2185.8
100,4,80,1000,875.255,71,,12,0.4943,700.8,0.4446,189,step_limit,0.1963,2213.4
101,3,62,1000,703.69,59,,9,0.437,701.6,0.3084,50,step_limit,0.2062,2461.5
102,3,30,618,356.09,30,618,5,0.4061,670.7,0.3514,72,complete,0.1585,2477.2
103,4,75,1000,856.245,71,,12,0.505,793.4,0.3383,21,step_limit,0.2165,2502.0
104,3,39,870,492.823,39,870,7,0.4843,796.7,0.2776,35,complete,0.197,2522.8
105,4,24,545,250.35,24,545,3,0.5674,856.3,0.3168,42,complete,0.1741,2538.1
106,4,73,1000,789.277,65,,11,0.5765,760.3,0.3499,36,step_limit,0.2128,2562.2
107,4,25,493,285.512,25,493,4,0.5715,792.6,0.26,56,complete,0.23,2574.9
108,3,69,1000,727.978,59,,10,0.5203,776.4,0.2403,30,step_limit,0.2252,2596.3
109,3,25,473,304.858,25,473,4,0.3925,710.7,0.2348,28,complete,0.1605,2607.4
110,3,26,997,223.825,26,997,3,0.5366,794.4,0.4784,93,complete,0.2827,2627.0
111,3,21,601,214.799,21,601,3,0.5191,755.5,0.2852,41,complete,0.2222,2640.2
112,4,31,360,359.703,31,360,4,0.3264,651.7,0.1296,6,complete,0.1509,2647.1
113,3,57,1000,645.516,53,,9,0.526,759.0,0.2836,56,step_limit,0.247,2666.0
114,4,64,1000,644.106,59,,9,0.5955,847.9,0.3446,32,step_limit,0.2542,2686.3
115,4,57,787,705.446,57,787,9,0.5146,911.0,0.2278,12,complete,0.2332,2700.5
116,3,78,1000,741.908,62,,10,0.4797,675.5,0.2507,29,step_limit,0.2507,2718.2
117,4,76,1000,471.579,49,,8,0.6218,893.0,0.4613,45,step_limit,0.287,2735.4
118,3,59,1000,719.702,56,,10,0.439,778.5,0.3507,65,step_limit,0.1797,2752.2
119,3,73,1000,768.251,60,,11,0.4877,774.4,0.3094,67,step_limit,0.2262,2766.4
120,3,68,1000,557.735,51,,8,0.472,725.0,0.3786,43,step_limit,0.2191,2782.6
121,4,59,1000,646.047,55,,9,0.621,952.3,0.3591,38,step_limit,0.291,2797.3
122,4,55,818,684.284,55,818,9,0.5672,853.2,0.289,58,complete,0.1886,2812.1
123,3,22,405,240.223,22,405,3,0.3695,627.1,0.1764,55,complete,0.2197,2818.2
124,3,57,1000,649.505,53,,9,0.415,573.5,0.3284,34,step_limit,0.1835,2834.5
125,3,29,1000,284.517,26,,5,0.4323,664.0,0.403,39,step_limit,0.2171,2850.3
126,4,80,1000,913.605,73,,13,0.5673,789.3,0.2337,23,step_limit,0.2299,2865.2
127,4,23,473,224.767,23,473,3,0.5655,833.1,0.2693,13,complete,0.19,2872.9
128,3,75,1000,566.784,49,,9,0.4723,719.5,0.5217,81,step_limit,0.25,2889.1
129,4,31,880,162.039,25,,2,0.7188,965.6,0.6959,398,no_progress,0.4049,2904.0
130,4,26,319,284.502,26,319,3,0.3503,565.5,0.1859,11,complete,0.119,2909.9
131,4,57,844,714.422,57,844,10,0.4656,730.4,0.2918,26,complete,0.2212,2922.7
132,3,51,1000,419.759,42,,6,0.5623,774.4,0.3896,72,step_limit,0.2715,2940.3
133,4,36,665,384.478,36,665,5,0.5714,1008.2,0.3367,18,complete,0.2534,2950.9
134,4,49,881,581.887,49,881,8,0.6084,925.2,0.2909,34,complete,0.1797,2964.5
135,3,56,1000,576.818,49,,9,0.536,753.9,0.3373,62,step_limit,0.2698,2981.1
136,3,38,1000,400.608,37,,6,0.4797,736.9,0.4396,92,step_limit,0.2281,2995.1
137,4,37,1000,334.486,35,,5,0.492,654.3,0.4967,84,step_limit,0.1828,3010.5
138,4,68,1000,783.6,65,,12,0.5188,796.9,0.2131,15,step_limit,0.2461,3025.2
139,3,63,984,854.08,63,984,12,0.4204,655.1,0.2408,34,complete,0.1935,3041.6
140,4,64,797,813.264,64,797,11,0.5367,847.9,0.2681,17,complete,0.2026,3055.6
141,3,48,894,632.824,48,894,9,0.4605,718.0,0.2491,81,complete,0.2088,3070.7
142,4,69,1000,865.125,65,,13,0.5455,706.6,0.3753,26,step_limit,0.1841,3089.8
143,3,58,1000,588.464,50,,8,0.4143,567.1,0.4303,139,step_limit,0.1804,3110.5
144,4,55,922,683.549,55,922,10,0.5637,915.3,0.2458,66,complete,0.25,3130.0
145,3,39,1000,338.538,34,,5,0.571,784.2,0.5161,161,step_limit,0.2391,3151.2
146,3,60,1000,691.21,55,,10,0.3567,518.1,0.321,59,step_limit,0.1621,3172.9
147,3,44,1000,395.343,37,,6,0.3233,580.6,0.3836,58,step_limit,0.2233,3196.6
148,4,50,835,579.656,50,835,8,0.5907,910.3,0.2961,26,complete,0.2597,3217.4
149,3,36,543,462.11,36,543,6,0.4524,669.2,0.241,38,complete,0.1538,3229.1
150,4,78,1000,904.882,74,,12,0.56,838.7,0.2856,39,step_limit,0.218,3253.7
151,3,64,1000,777.88,59,,11,0.3157,553.4,0.2451,22,step_limit,0.1694,3466.4
152,4,21,219,224.821,21,219,2,0.3881,644.3,0.2083,9,complete,0.1364,3471.8
153,4,76,1000,832.568,68,,12,0.4875,766.2,0.2698,17,step_limit,0.2152,3500.2
154,3,40,1000,285.793,32,,4,0.432,710.1,0.4782,100,step_limit,0.3053,3527.4
155,3,64,1000,441.075,42,,7,0.4383,667.5,0.5358,223,step_limit,0.2,3553.3
156,4,50,1000,500.552,48,,7,0.612,958.6,0.4236,19,step_limit,0.2725,3578.0
157,3,56,1000,636.48,52,,9,0.361,612.7,0.3478,65,step_limit,0.1682,3604.8
158,4,67,1000,632.734,56,,10,0.5128,770.2,0.363,70,step_limit,0.2376,3631.6
159,4,78,986,1067.001,78,986,15,0.4288,662.9,0.2586,35,complete,0.1543,3658.8
160,4,23,574,244.344,23,574,4,0.5784,885.7,0.2628,20,complete,0.2381,3673.4
161,4,73,1000,649.079,60,,9,0.599,913.8,0.3229,45,step_limit,0.2939,3700.6
162,3,49,863,653.875,49,863,9,0.3832,709.4,0.2256,35,complete,0.1667,3724.9
163,4,36,602,421.309,36,602,6,0.5623,709.6,0.2257,27,complete,0.1964,3740.6
164,4,54,681,651.923,54,681,8,0.4611,707.8,0.2633,18,complete,0.175,3760.2
165,4,47,972,477.818,47,972,6,0.6505,866.0,0.4218,179,complete,0.3,3786.6
166,4,63,900,801.308,63,900,11,0.5586,833.3,0.2437,28,complete,0.2097,3809.9
167,4,38,653,447.354,38,653,6,0.5953,832.3,0.2908,15,complete,0.2331,3827.7
168,4,44,884,501.831,44,884,7,0.6103,1014.7,0.339,25,complete,0.2527,3851.9
169,4,45,1000,438.258,41,,7,0.6115,874.5,0.427,40,step_limit,0.2577,3876.6
170,3,78,1000,840.981,64,,12,0.4003,750.5,0.2846,70,step_limit,0.1751,3903.6
171,4,34,875,402.729,34,875,6,0.6283,918.7,0.5522,273,complete,0.3118,3927.4
172,3,48,1000,467.356,41,,7,0.3607,632.7,0.3574,37,step_limit,0.1806,3954.8
173,3,64,1000,628.892,50,,10,0.5343,779.3,0.3548,55,step_limit,0.2602,3980.6
174,4,38,633,487.248,38,633,7,0.3922,670.8,0.1608,11,complete,0.1594,3998.2
175,3,56,1000,539.511,46,,8,0.4697,760.0,0.347,57,step_limit,0.2324,4024.8
176,3,68,1000,635.425,55,,9,0.466,750.1,0.241,52,step_limit,0.2707,4051.4
177,4,74,899,970.256,74,899,13,0.5651,924.4,0.285,18,complete,0.1944,4074.9
178,4,37,814,394.381,37,814,5,0.5835,927.0,0.2619,19,complete,0.2703,4096.8
179,4,48,698,592.93,48,698,8,0.5774,924.8,0.2437,10,complete,0.2073,4113.9
180,3,61,1000,582.73,52,,8,0.442,779.7,0.2565,46,step_limit,0.2643,4141.2
181,3,80,1000,825.057,65,,12,0.472,695.2,0.2273,41,step_limit,0.2456,4168.1
182,4,31,695,331.219,31,695,5,0.6237,831.9,0.2767,23,complete,0.2852,4188.0
183,3,53,1000,631.228,51,,9,0.4787,759.0,0.31,82,step_limit,0.2201,4214.4
184,3,64,1000,656.462,55,,9,0.4983,781.7,0.2393,36,step_limit,0.2678,4240.9
185,3,49,970,627.927,49,970,9,0.3852,689.6,0.2594,56,complete,0.2152,4267.5
186,4,47,926,542.637,47,926,8,0.5632,842.5,0.2902,32,complete,0.2667,4293.4
187,4,59,1000,601.573,53,,9,0.5657,863.6,0.1998,23,step_limit,0.3017,4320.8
188,3,33,806,353.329,33,806,5,0.4859,745.6,0.4102,105,complete,0.2363,4340.8
189,4,35,503,437.926,35,503,6,0.425,706.8,0.1388,11,complete,0.1654,4355.6
190,3,30,783,323.96,30,783,4,0.4734,753.7,0.3332,48,complete,0.2072,4375.0
191,3,70,1000,778.937,60,,11,0.505,793.1,0.3382,78,step_limit,0.2037,4402.2
192,4,36,440,426.0,36,440,5,0.4131,754.3,0.134,11,complete,0.1523,4414.0
193,3,54,1000,571.506,46,,9,0.529,734.1,0.3325,100,step_limit,0.25,4440.5
194,3,76,1000,771.726,60,,12,0.4653,790.1,0.2945,71,step_limit,0.2288,4467.3
195,4,74,1000,722.805,64,,10,0.6392,1029.6,0.2656,16,step_limit,0.3313,4495.3
196,4,70,1000,753.823,63,,11,0.578,875.5,0.247,26,step_limit,0.2752,4522.3
197,3,34,1000,196.376,27,,3,0.476,728.6,0.48,186,step_limit,0.1789,4547.4
198,3,33,719,350.73,33,719,4,0.4891,795.9,0.2487,24,complete,0.1826,4568.1
199,4,46,653,592.967,46,653,8,0.5245,798.3,0.2733,40,complete,0.2018,4585.3
200,4,42,627,516.92,42,627,7,0.4581,609.7,0.3048,34,complete,0.1548,4603.3
201,4,51,685,626.749,51,685,8,0.5051,801.2,0.2462,33,complete,0.2241,4831.1
202,4,32,674,311.478,32,674,4,0.6636,1014.2,0.3511,61,complete,0.3556,4848.4
203,4,30,722,316.267,30,722,5,0.6465,1058.6,0.2903,33,complete,0.3958,4867.8
204,4,73,1000,895.332,71,,13,0.5497,911.2,0.2055,9,step_limit,0.2774,4894.5
205,3,44,881,525.538,44,881,7,0.4586,729.5,0.2443,26,complete,0.2449,4917.4
206,3,26,638,262.529,26,638,3,0.3579,722.5,0.1711,29,complete,0.2448,4934.5
207,4,40,635,476.37,40,635,6,0.5461,862.7,0.2182,18,complete,0.2562,4951.1
208,4,35,966,358.217,35,966,5,0.6097,897.5,0.4387,75,complete,0.2732,4976.8
209,4,75,714,971.669,75,714,12,0.3789,637.3,0.1976,18,complete,0.1208,4998.2
210,4,56,1000,420.629,45,,6,0.5102,785.9,0.2911,27,step_limit,0.2677,5026.1
211,3,26,639,294.98,26,639,4,0.4664,785.2,0.2044,50,complete,0.204,5042.3
212,3,58,1000,720.707,56,,10,0.3493,622.2,0.2231,55,step_limit,0.177,5069.4
213,3,44,1000,494.18,43,,7,0.464,769.6,0.3064,86,step_limit,0.2559,5096.2
214,3,56,1000,555.966,47,,8,0.332,603.6,0.3135,52,step_limit,0.2094,5120.7
215,3,64,1000,677.406,55,,10,0.4517,686.3,0.3677,60,step_limit,0.2297,5148.2
216,4,40,680,466.87,40,680,7,0.5574,906.8,0.2877,17,complete,0.2805,5167.1
217,4,41,561,464.262,41,561,5,0.3463,616.1,0.23,17,complete,0.1753,5182.0
218,3,31,840,353.732,31,840,5,0.5016,763.9,0.2485,38,complete,0.2797,5206.3
219,3,80,1000,960.625,73,,13,0.4657,780.3,0.1688,44,step_limit,0.174,5233.3
220,3,53,981,618.074,53,981,8,0.4699,785.4,0.259,34,complete,0.2778,5259.5
221,4,72,732,969.626,72,732,13,0.4423,768.3,0.172,16,complete,0.146,5278.4
222,3,27,1000,110.367,20,,2,0.5523,775.2,0.6741,436,step_limit,0.3286,5305.0
223,4,22,514,194.458,22,514,2,0.5136,835.8,0.2555,17,complete,0.25,5318.6
224,3,62,1000,711.152,56,,10,0.484,792.6,0.3293,60,step_limit,0.2372,5346.2
225,4,58,753,750.632,58,753,10,0.5083,751.8,0.2237,52,complete,0.1881,5367.1
226,4,37,765,395.238,37,765,6,0.6118,957.1,0.3155,19,complete,0.3206,5386.2
227,3,49,1000,434.843,40,,6,0.4473,667.5,0.372,146,step_limit,0.2292,5413.0
228,4,72,1000,892.772,70,,13,0.415,665.8,0.3292,37,step_limit,0.1722,5440.2
229,3,77,1000,772.786,62,,11,0.513,723.8,0.2456,30,step_limit,0.3097,5468.3
230,4,53,718,669.974,53,718,9,0.4899,656.1,0.2733,19,complete,0.1515,5488.1
231,4,56,1000,607.75,51,,10,0.6112,983.3,0.2365,18,step_limit,0.3602,5514.9
232,3,28,648,307.328,28,648,4,0.4583,787.1,0.2149,29,complete,0.2151,5532.2
233,4,40,963,363.33,40,963,5,0.6472,1031.0,0.2866,30,complete,0.3672,5556.0
234,4,29,554,307.923,29,554,4,0.5429,829.8,0.2283,20,complete,0.2661,5572.2
235,4,69,1000,849.449,68,,12,0.5192,864.8,0.2544,17,step_limit,0.2424,5599.0
236,3,30,513,341.68,30,513,4,0.4873,766.8,0.3076,37,complete,0.2147,5611.6
237,4,24,489,273.14,24,489,4,0.5465,858.8,0.2841,14,complete,0.2598,5624.5
238,4,21,490,209.638,21,490,3,0.5423,882.5,0.2133,10,complete,0.215,5638.8
239,4,60,1000,597.593,56,,8,0.6345,891.4,0.2997,42,step_limit,0.3034,5665.1
240,4,58,1000,670.441,56,,10,0.5497,849.7,0.3588,32,step_limit,0.2543,5690.2
241,3,26,371,333.424,26,371,4,0.327,592.7,0.1776,27,complete,0.1667,5701.5
242,3,43,994,500.554,43,994,7,0.5087,800.2,0.3601,68,complete,0.3056,5728.3
243,4,55,992,638.204,55,992,9,0.5685,930.2,0.2975,137,complete,0.2329,5753.6
244,4,48,564,614.94,48,564,8,0.5035,706.9,0.2713,18,complete,0.1282,5769.7
245,4,67,837,878.156,67,837,12,0.56,906.9,0.194,13,complete,0.2479,5790.3
246,3,65,1000,716.377,60,,9,0.496,780.1,0.1923,49,step_limit,0.2596,5813.9
247,4,49,1000,572.792,47,,9,0.6575,863.4,0.2922,42,step_limit,0.3045,5836.9
248,3,41,933,455.247,41,933,6,0.478,770.7,0.2576,23,complete,0.2447,5859.2
249,4,26,315,320.923,26,315,4,0.4016,610.1,0.1779,10,complete,0.1042,5866.4
250,4,43,645,484.367,43,645,6,0.5632,783.6,0.2662,38,complete,0.1875,5883.1
251,4,71,968,890.452,71,968,12,0.5201,866.8,0.2737,19,complete,0.25,6069.1
252,3,48,969,546.774,48,969,7,0.5387,787.8,0.3416,49,complete,0.29,6089.7
253,3,30,725,321.6,30,725,4,0.4805,773.4,0.2077,21,complete,0.2333,6103.4
254,4,26,664,227.132,26,664,3,0.6246,867.2,0.3674,43,complete,0.3295,6117.9
255,4,69,923,842.437,69,923,11,0.5352,800.9,0.2487,15,complete,0.2254,6135.9
256,4,33,639,355.919,33,639,5,0.6455,1029.4,0.2563,12,complete,0.3486,6149.3
257,3,55,1000,701.678,54,,10,0.5073,778.5,0.2331,39,step_limit,0.2887,6169.4
258,4,36,683,414.502,36,683,6,0.6266,975.6,0.1245,17,complete,0.3604,6183.3
259,3,79,1000,805.578,65,,11,0.4067,703.9,0.3582,71,step_limit,0.1806,6200.3
260,3,41,890,497.534,41,890,7,0.3948,702.3,0.3396,75,complete,0.1825,6220.6
261,4,21,796,149.684,21,796,3,0.6774,948.1,0.5693,51,complete,0.3523,6238.8
262,3,43,847,493.425,43,847,6,0.5116,755.3,0.4028,92,complete,0.221,6256.2
263,4,21,386,179.341,21,386,2,0.5505,865.8,0.2375,21,complete,0.25,6264.3
264,4,50,780,560.824,50,780,7,0.6147,1009.6,0.3046,22,complete,0.3207,6278.9
265,3,35,811,407.33,35,811,6,0.5249,777.1,0.2735,46,complete,0.3492,6295.3
266,3,54,1000,665.161,51,,10,0.4807,795.9,0.2852,32,step_limit,0.2346,6312.8
267,4,46,524,603.423,46,524,8,0.4413,683.3,0.2033,10,complete,0.152,6323.5
268,3,33,1000,278.818,30,,4,0.548,776.0,0.4258,101,step_limit,0.2926,6340.6
269,3,42,822,483.29,42,822,6,0.4635,777.4,0.3598,34,complete,0.2031,6355.5
270,3,45,992,553.6,45,992,8,0.4607,786.0,0.3895,84,complete,0.2476,6372.7
271,4,37,772,418.666,37,772,6,0.5505,896.1,0.3174,25,complete,0.3294,6385.2
272,3,47,1000,528.649,43,,8,0.4517,686.0,0.2621,42,step_limit,0.2277,6398.7
273,4,76,1000,912.174,75,,12,0.516,783.5,0.2997,12,step_limit,0.2099,6418.1
274,4,29,542,272.582,29,542,3,0.6591,1004.7,0.1946,13,complete,0.35,6427.9
275,3,78,1000,557.212,52,,8,0.4733,625.9,0.4105,78,step_limit,0.2477,6445.8
276,4,49,668,644.782,49,668,9,0.5404,733.3,0.25,29,complete,0.1731,6459.2
277,3,67,1000,798.349,63,,11,0.5033,760.9,0.247,24,step_limit,0.2276,6476.1
278,3,30,890,319.58,30,890,5,0.5637,745.3,0.4089,114,complete,0.2949,6492.4
279,4,44,657,495.402,44,657,6,0.5236,768.0,0.219,19,complete,0.2184,6505.0
280,3,32,729,356.817,32,729,5,0.4486,748.9,0.3647,78,complete,0.213,6522.1
281,3,36,1000,336.508,33,,6,0.4123,736.4,0.2899,56,step_limit,0.2689,6541.1
282,3,56,978,722.869,56,978,10,0.3943,691.5,0.2156,42,complete,0.208,6562.4
283,3,75,1000,903.404,69,,12,0.356,583.2,0.3007,31,step_limit,0.1628,6583.2
284,4,21,406,191.855,21,406,2,0.3935,698.6,0.2602,16,complete,0.1512,6592.3
285,4,72,863,949.958,72,863,13,0.5481,813.4,0.2899,10,complete,0.2066,6609.3
286,4,78,909,1052.973,78,909,15,0.4513,747.1,0.2079,19,complete,0.2153,6629.6
287,3,39,853,440.748,39,853,6,0.4068,667.2,0.2738,33,complete,0.2088,6646.6
288,3,39,739,464.799,39,739,6,0.4303,776.1,0.2366,48,complete,0.1861,6662.5
289,3,49,987,599.627,49,987,8,0.4934,786.8,0.265,42,complete,0.2778,6682.2
290,3,29,959,316.12,29,959,5,0.5356,729.8,0.5936,356,complete,0.2431,6702.1
291,4,68,747,859.038,68,747,11,0.5355,778.2,0.1783,12,complete,0.1875,6717.5
292,3,69,1000,640.078,51,,10,0.4403,641.3,0.526,167,step_limit,0.1376,6738.5
293,3,38,875,456.737,38,875,7,0.4522,669.8,0.2865,76,complete,0.2538,6758.1
294,4,41,977,426.637,41,977,7,0.5855,922.5,0.3344,18,complete,0.3083,6781.4
295,3,35,906,394.169,35,906,5,0.5272,750.7,0.363,135,complete,0.2561,6803.0
296,4,49,671,611.005,49,671,8,0.5518,793.8,0.2848,20,complete,0.1517,6818.6
297,3,78,1000,784.492,63,,11,0.444,776.2,0.2146,29,step_limit,0.2056,6842.8
298,3,73,1000,820.03,65,,11,0.4403,720.5,0.254,50,step_limit,0.2514,6867.9
299,4,75,1000,919.253,73,,13,0.4985,750.8,0.3274,34,step_limit,0.1817,6893.7
300,3,39,794,456.503,39,794,6,0.4689,785.0,0.2842,42,complete,0.2358,6911.5
301,3,69,1000,598.361,54,,8,0.4777,649.8,0.5359,151,step_limit,0.171,7113.6
302,4,60,1000,680.807,56,,10,0.5597,946.3,0.3542,25,step_limit,0.2946,7141.1
303,3,74,1000,791.672,63,,11,0.4,667.8,0.3487,66,step_limit,0.1972,7167.7
304,3,25,397,310.39,25,397,4,0.3728,703.7,0.0561,13,complete,0.18,7178.1
305,3,75,1000,679.14,59,,9,0.4637,701.0,0.2795,74,step_limit,0.2837,7208.2
306,3,29,657,352.893,29,657,5,0.5094,769.9,0.2383,30,complete,0.204,7226.7
307,4,29,461,313.657,29,461,4,0.4816,758.2,0.1414,15,complete,0.25,7238.5
308,4,35,393,421.251,35,393,5,0.5242,559.9,0.1101,5,complete,0.0721,7249.5
309,4,37,796,409.025,37,796,6,0.5911,980.1,0.2844,58,complete,0.3511,7271.0
310,3,74,1000,621.7,52,,10,0.42,697.8,0.3986,83,step_limit,0.181,7297.6
311,4,42,598,478.099,42,598,6,0.587,952.5,0.1872,10,complete,0.2816,7313.0
312,4,73,1000,622.104,60,,9,0.6148,985.2,0.3735,85,step_limit,0.2869,7341.0
313,3,34,913,371.772,34,913,6,0.5685,799.1,0.3421,179,complete,0.3027,7365.5
314,3,26,827,232.282,26,827,4,0.5127,770.2,0.4474,129,complete,0.2667,7386.7
315,4,20,368,206.76,20,368,3,0.6155,964.1,0.1242,6,complete,0.3207,7397.1
316,4,24,434,233.557,24,434,3,0.451,681.6,0.2619,13,complete,0.2222,7408.6
317,4,23,608,243.628,23,608,4,0.5909,935.2,0.3313,15,complete,0.3233,7423.8
318,3,45,1000,498.78,44,,7,0.4537,794.7,0.3209,36,step_limit,0.2667,7450.2
319,4,52,972,654.635,52,972,10,0.5967,1059.0,0.368,76,complete,0.2772,7476.1
320,3,25,485,307.978,25,485,4,0.4131,705.9,0.109,11,complete,0.2201,7488.8
321,3,34,676,403.199,34,676,5,0.5054,795.0,0.1675,33,complete,0.2546,7507.7
322,3,33,570,360.036,33,570,4,0.4117,749.0,0.3257,33,complete,0.1882,7522.0
323,3,35,1000,355.951,31,,6,0.5007,711.2,0.454,116,step_limit,0.2421,7548.7
324,4,70,701,894.76,70,701,11,0.5178,842.4,0.1436,14,complete,0.2161,7567.6
325,3,43,800,555.491,43,800,8,0.4088,716.4,0.2565,49,complete,0.197,7587.6
326,4,42,755,456.124,42,755,6,0.6348,972.6,0.3121,25,complete,0.3081,7608.1
327,4,62,975,770.684,62,975,11,0.5456,872.1,0.2979,33,complete,0.262,7633.9
328,3,53,1000,428.149,40,,6,0.4327,701.6,0.5243,301,step_limit,0.2447,7659.1
329,4,31,436,336.715,31,436,4,0.5717,894.5,0.2436,12,complete,0.2802,7672.5
330,3,65,1000,645.635,55,,9,0.4457,762.4,0.2809,34,step_limit,0.2232,7698.8
331,3,25,573,265.978,25,573,4,0.4602,616.9,0.3011,76,complete,0.2077,7713.1
332,3,79,1000,790.334,64,,11,0.4687,742.9,0.3185,75,step_limit,0.2377,7739.9
333,3,37,843,432.075,37,843,6,0.5354,785.8,0.2976,43,complete,0.3023,7760.7
334,3,72,1000,799.825,63,,11,0.3777,587.2,0.4299,98,step_limit,0.1587,7787.3
335,3,23,494,281.91,23,494,4,0.5101,798.5,0.2905,45,complete,0.2418,7801.4
336,3,57,1000,541.079,45,,9,0.452,768.2,0.2838,28,step_limit,0.2421,7827.2
337,3,76,1000,585.717,53,,8,0.4967,693.7,0.4386,64,step_limit,0.2593,7855.1
338,3,30,1000,259.85,29,,5,0.5363,790.2,0.4861,300,step_limit,0.2907,7882.2
339,4,73,700,954.471,73,700,12,0.4575,765.9,0.2005,11,complete,0.1429,7902.6
340,4,34,666,330.901,34,666,4,0.5308,714.0,0.3692,18,complete,0.2568,7919.1
341,4,26,745,204.154,26,745,3,0.6812,1012.0,0.3255,30,complete,0.3841,7940.3
342,3,46,817,596.179,46,817,8,0.3782,720.0,0.2897,47,complete,0.2013,7964.6
343,3,50,1000,534.896,47,,7,0.5247,775.2,0.2779,62,step_limit,0.2821,7992.7
344,4,28,488,291.266,28,488,3,0.4949,688.7,0.243,31,complete,0.2045,8007.2
345,4,61,1000,582.656,55,,8,0.6008,944.4,0.2642,25,step_limit,0.3092,8034.9
346,3,29,661,338.715,29,661,5,0.5305,784.9,0.2547,78,complete,0.328,8051.4
347,3,42,1000,447.857,40,,7,0.47,787.3,0.2696,41,step_limit,0.3301,8078.1
348,4,53,755,650.736,53,755,9,0.4146,691.1,0.2804,16,complete,0.191,8099.4
349,3,62,1000,657.119,55,,9,0.533,775.2,0.237,40,step_limit,0.2832,8124.6
350,3,79,1000,870.846,65,,13,0.397,713.3,0.2682,47,step_limit,0.2256,8151.6
351,4,65,1000,742.578,59,,11,0.5968,836.5,0.401,186,step_limit,0.315,8371.8
352,4,36,477,443.676,36,477,6,0.544,807.4,0.2334,13,complete,0.2115,8383.8
353,3,62,1000,762.129,58,,11,0.3493,540.3,0.2675,39,step_limit,0.168,8411.7
354,4,35,368,398.629,35,368,4,0.3825,735.5,0.1787,10,complete,0.1078,8421.6
355,3,24,448,294.61,24,448,4,0.3519,612.5,0.2717,54,complete,0.1987,8433.5
356,4,62,1000,649.11,56,,10,0.5813,893.8,0.2615,32,step_limit,0.3217,8461.7
357,3,21,558,207.603,21,558,3,0.5096,795.3,0.367,85,complete,0.2733,8476.8
358,4,26,351,288.283,26,351,3,0.4736,652.8,0.1373,19,complete,0.215,8486.0
359,3,52,878,269.139,31,,4,0.5687,645.2,0.7213,489,no_progress,0.3108,8508.6
360,4,52,767,643.897,52,767,9,0.5981,934.4,0.2221,12,complete,0.2791,8528.2
361,3,40,810,507.28,40,810,7,0.4506,787.3,0.283,49,complete,0.2462,8550.6
362,4,52,1000,454.131,45,,7,0.6665,1043.1,0.3595,61,step_limit,0.3585,8577.9
363,4,64,945,744.644,64,945,10,0.632,1056.7,0.1677,49,complete,0.3429,8602.7
364,3,64,1000,715.897,56,,11,0.4363,732.4,0.2027,51,step_limit,0.2837,8630.9
365,4,69,866,851.517,69,866,11,0.573,929.1,0.2259,22,complete,0.2764,8656.8
366,4,61,857,782.828,61,857,11,0.4332,764.9,0.2545,30,complete,0.187,8679.6
367,3,53,920,716.323,53,920,10,0.346,585.2,0.2226,65,complete,0.178,8704.0
368,4,73,1000,810.285,66,,12,0.3645,577.9,0.4149,51,step_limit,0.126,8730.2
369,4,30,684,329.107,30,684,5,0.4518,691.5,0.4379,28,complete,0.2257,8748.9
370,3,71,1000,820.015,65,,11,0.4077,584.1,0.306,44,step_limit,0.1478,8776.4
371,3,54,1000,486.872,46,,7,0.474,689.4,0.3106,64,step_limit,0.2835,8802.5
372,4,80,1000,1038.815,77,,15,0.5278,740.8,0.3279,36,step_limit,0.2372,8830.2
373,3,41,716,486.503,41,716,6,0.4851,760.3,0.2974,53,complete,0.1992,8849.6
374,3,67,1000,804.64,63,,11,0.4363,741.4,0.2604,47,step_limit,0.1799,8877.1
375,3,62,1000,649.285,55,,9,0.484,795.5,0.1873,45,step_limit,0.2788,8904.6
376,4,72,1000,900.622,71,,12,0.5735,939.4,0.2272,18,step_limit,0.2702,8930.9
377,4,63,1000,592.622,56,,8,0.643,1032.6,0.3486,37,step_limit,0.3369,8957.8
378,4,74,840,967.989,74,840,13,0.4435,676.7,0.2416,11,complete,0.1832,8980.7
379,3,77,1000,650.09,56,,9,0.4027,698.0,0.4234,80,step_limit,0.2145,9007.2
380,3,73,1000,789.856,61,,12,0.3673,637.2,0.3307,50,step_limit,0.1933,9032.6
381,4,20,421,224.56,20,421,3,0.421,596.3,0.3242,19,complete,0.2083,9045.0
382,3,75,1000,903.632,70,,12,0.4653,795.4,0.1432,31,step_limit,0.2713,9071.9
383,3,52,1000,654.015,50,,10,0.489,768.1,0.2714,50,step_limit,0.2613,9097.4
384,3,77,1000,827.375,64,,12,0.3083,637.4,0.2859,58,step_limit,0.1995,9124.3
385,3,62,1000,640.805,54,,9,0.5353,783.0,0.2823,50,step_limit,0.2747,9150.5
386,3,80,1000,682.882,60,,9,0.4883,756.1,0.2074,40,step_limit,0.2707,9178.5
387,3,31,442,396.621,31,442,5,0.3944,710.4,0.0493,13,complete,0.1954,9190.7
388,3,33,821,363.397,33,821,5,0.5229,787.7,0.2836,47,complete,0.2521,9211.0
389,4,72,1000,862.139,70,,12,0.5545,861.0,0.2636,20,step_limit,0.2868,9235.9
390,4,71,770,916.817,71,770,12,0.4942,755.8,0.2043,15,complete,0.1509,9253.7
391,4,50,662,641.32,50,662,9,0.5147,665.0,0.2374,18,complete,0.151,9269.8
392,4,71,807,954.334,71,807,13,0.4507,812.9,0.187,26,complete,0.1951,9288.5
393,4,21,421,227.598,21,421,3,0.6378,943.5,0.337,36,complete,0.2444,9297.8
394,4,60,948,720.653,60,948,10,0.6057,945.4,0.3018,22,complete,0.2876,9320.2
395,4,55,693,677.211,55,693,9,0.3889,652.1,0.3355,16,complete,0.1711,9336.9
396,4,71,737,965.354,71,737,13,0.368,626.5,0.2488,13,complete,0.1239,9352.0
397,3,36,773,467.577,36,773,7,0.5067,786.6,0.4061,72,complete,0.2222,9367.1
398,3,52,767,646.955,52,767,8,0.4363,672.1,0.2613,48,complete,0.1481,9383.3
399,3,46,770,586.391,46,770,8,0.4866,694.1,0.2473,22,complete,0.1844,9399.8
400,3,34,1000,210.15,30,,4,0.5493,788.9,0.4244,346,step_limit,0.3525,9422.5
401,3,38,1000,371.655,35,,5,0.556,796.2,0.5653,338,step_limit,0.2717,9594.3
402,4,36,613,460.002,36,613,7,0.562,998.4,0.2311,13,complete,0.266,9609.3
403,3,73,1000,809.36,64,,11,0.4043,725.6,0.3221,41,step_limit,0.2222,9630.0
404,4,70,1000,834.394,68,,12,0.6115,874.9,0.3185,18,step_limit,0.2387,9651.3
405,3,25,525,271.798,25,525,3,0.4381,771.4,0.2456,39,complete,0.2989,9662.2
406,4,58,1000,656.779,56,,9,0.6142,917.3,0.3408,21,step_limit,0.2982,9683.0
407,4,70,884,891.12,70,884,12,0.5257,840.0,0.1952,14,complete,0.2303,9699.1
408,3,40,535,469.21,40,535,5,0.3751,655.8,0.2079,26,complete,0.1524,9709.6
409,3,30,552,342.09,30,552,4,0.5145,760.0,0.4057,70,complete,0.1667,9719.3
410,3,63,1000,762.443,61,,10,0.3863,653.6,0.2935,51,step_limit,0.2232,9738.5
411,3,48,1000,600.75,46,,9,0.4943,678.3,0.3787,172,step_limit,0.2821,9756.4
412,4,34,618,357.809,34,618,5,0.5154,817.0,0.356,51,complete,0.2222,9767.4
413,3,22,441,212.825,22,441,2,0.5306,788.3,0.2397,18,complete,0.2536,9776.5
414,3,51,1000,578.312,46,,9,0.452,750.9,0.2444,75,step_limit,0.3175,9794.7
415,4,45,833,491.169,45,833,7,0.5732,1035.1,0.2658,13,complete,0.3431,9810.4
416,3,60,1000,641.905,51,,10,0.4813,772.2,0.2789,80,step_limit,0.2643,9826.7
417,3,43,967,481.795,43,967,7,0.5088,781.7,0.3455,47,complete,0.2549,9845.6
418,4,75,1000,754.192,64,,11,0.5308,884.3,0.3174,29,step_limit,0.2738,9863.9
419,4,60,1000,620.867,54,,10,0.5655,849.7,0.3522,19,step_limit,0.3205,9882.8
420,3,22,513,200.069,22,513,2,0.5367,791.1,0.251,35,complete,0.3268,9892.7
421,4,40,1000,259.02,35,,5,0.678,1017.2,0.4752,262,step_limit,0.3544,9913.4
422,4,52,1000,597.477,50,,9,0.501,774.4,0.367,21,step_limit,0.2431,9934.6
423,3,29,542,333.099,29,542,4,0.4502,746.1,0.1491,33,complete,0.25,9948.7
424,3,29,560,297.5,29,560,3,0.453,656.8,0.2376,29,complete,0.1609,9961.2
425,3,80,1000,911.28,69,,13,0.4387,701.1,0.2212,27,step_limit,0.2161,9986.4
426,4,78,891,1066.519,78,891,15,0.468,670.6,0.1885,15,complete,0.1715,10005.3
427,3,46,733,564.538,46,733,7,0.508,790.8,0.2068,35,complete,0.2322,10019.9
428,4,72,874,953.551,72,874,13,0.5249,911.1,0.2437,23,complete,0.224,10040.2
429,3,72,1000,744.4,62,,10,0.4917,722.1,0.2203,34,step_limit,0.3144,10061.7
430,3,78,1000,931.842,70,,13,0.422,739.2,0.1653,42,step_limit,0.2059,10084.6
431,3,23,609,204.282,23,609,2,0.601,730.5,0.5824,222,complete,0.2,10097.2
432,4,41,648,469.846,41,648,6,0.4529,616.4,0.3363,32,complete,0.1469,10112.2
433,3,66,1000,709.268,59,,10,0.4517,733.3,0.3837,83,step_limit,0.2116,10133.0
434,4,62,787,756.436,62,787,10,0.5219,879.9,0.1851,20,complete,0.2783,10149.9
435,3,32,644,382.993,32,644,5,0.4834,790.8,0.2284,28,complete,0.2273,10162.4
436,4,65,645,851.997,65,645,11,0.4426,744.9,0.1524,11,complete,0.1635,10176.7
437,4,61,639,817.017,61,639,11,0.3998,689.2,0.2267,19,complete,0.13,10190.2
438,3,37,823,448.105,37,823,7,0.3937,777.6,0.3443,86,complete,0.2299,10208.9
439,4,49,1000,533.886,47,,8,0.6072,999.9,0.4233,59,step_limit,0.2646,10228.8
440,3,42,814,526.98,42,814,7,0.4496,769.7,0.3022,53,complete,0.1977,10247.5
441,3,54,1000,555.944,46,,9,0.449,730.9,0.3039,62,step_limit,0.2286,10268.3
442,4,41,559,479.874,41,559,6,0.449,708.8,0.3373,29,complete,0.1268,10280.8
443,3,61,1000,624.041,55,,8,0.5247,758.7,0.2178,40,step_limit,0.3249,10303.0
444,3,55,1000,665.847,51,,10,0.417,695.5,0.3984,86,step_limit,0.1983,10326.7
445,3,49,805,577.456,49,805,7,0.4754,739.9,0.1859,21,complete,0.299,10345.8
446,4,72,1000,877.189,66,,13,0.559,873.8,0.2826,44,step_limit,0.2575,10367.4
447,4,40,724,458.19,40,724,7,0.5314,805.6,0.2059,20,complete,0.3304,10385.8
448,3,71,1000,763.255,60,,11,0.5093,768.0,0.1751,20,step_limit,0.274,10410.7
449,4,26,532,232.566,26,532,3,0.5855,870.6,0.4092,20,complete,0.3377,10423.3
450,3,56,1000,658.502,53,,9,0.4863,771.3,0.2672,44,step_limit,0.2835,10448.7
451,4,51,1000,587.098,48,,9,0.6325,875.7,0.3882,81,step_limit,0.275,10646.7
452,3,34,474,458.627,34,474,6,0.365,722.3,0.1581,30,complete,0.1754,10658.1
453,4,47,1000,545.268,46,,7,0.647,776.7,0.5242,378,step_limit,0.2921,10682.1
454,4,70,1000,833.68,65,,13,0.5907,908.0,0.2451,20,step_limit,0.3022,10705.3
455,4,44,793,480.48,44,793,6,0.6305,884.5,0.2405,42,complete,0.2972,10726.2
456,4,49,738,582.407,49,738,8,0.4336,695.7,0.265,24,complete,0.2036,10744.8
457,4,56,666,731.139,56,666,10,0.5161,755.3,0.2161,12,complete,0.1968,10761.6
458,4,42,747,452.739,42,747,6,0.584,897.2,0.2969,24,complete,0.3011,10782.3
459,3,45,736,579.067,45,736,8,0.4008,566.0,0.2624,67,complete,0.1057,10801.2
460,4,73,889,957.267,73,889,13,0.4924,903.6,0.2686,30,complete,0.2083,10826.0
461,3,30,723,315.5,30,723,4,0.4832,795.8,0.3161,111,complete,0.338,10845.8
462,3,64,996,821.901,64,996,11,0.4381,764.9,0.1296,40,complete,0.2715,10872.4
463,3,63,1000,737.919,60,,10,0.502,790.6,0.2085,17,step_limit,0.2837,10900.7
464,3,68,1000,628.181,52,,9,0.4793,592.2,0.5517,347,step_limit,0.2046,10927.6
465,4,63,1000,654.241,56,,10,0.5755,860.6,0.4177,69,step_limit,0.2802,10955.5
466,4,65,854,787.569,65,854,10,0.5407,838.2,0.174,13,complete,0.2629,10979.7
467,4,57,910,699.691,57,910,10,0.5154,813.4,0.2674,18,complete,0.2222,11004.1
468,3,35,788,400.794,35,788,5,0.5123,788.2,0.344,129,complete,0.2991,11025.7
469,3,46,1000,481.891,42,,7,0.5237,789.7,0.3203,65,step_limit,0.3535,11052.6
470,4,53,820,691.034,53,820,10,0.5207,957.2,0.2522,23,complete,0.2708,11072.9
471,4,45,727,514.76,45,727,7,0.5444,864.1,0.3403,67,complete,0.2392,11092.9
472,3,53,1000,614.545,52,,8,0.5047,789.5,0.259,67,step_limit,0.3365,11119.4
473,4,71,883,903.508,71,883,12,0.5583,793.3,0.1842,11,complete,0.25,11142.7
474,4,25,529,281.224,25,529,4,0.6281,986.3,0.1184,9,complete,0.2845,11157.0
475,4,40,689,487.24,40,689,7,0.5816,826.2,0.2661,22,complete,0.2368,11175.8
476,3,33,730,403.236,33,730,6,0.4616,738.4,0.2998,65,complete,0.2208,11195.6
477,3,21,684,188.666,21,684,2,0.3899,719.2,0.232,54,complete,0.1889,11214.2
478,4,22,436,234.305,22,436,3,0.5499,813.7,0.3429,16,complete,0.2398,11226.2
479,4,41,759,485.24,41,759,7,0.6038,1042.4,0.1441,14,complete,0.3956,11245.4
480,3,57,1000,681.084,56,,9,0.4287,767.8,0.234,48,step_limit,0.2627,11272.1
481,3,66,1000,491.673,48,,7,0.335,655.6,0.4081,106,step_limit,0.2404,11298.7
482,4,76,1000,993.026,75,,14,0.496,873.5,0.2675,30,step_limit,0.208,11326.2
483,3,28,934,258.216,28,934,3,0.5878,762.8,0.5942,448,complete,0.364,11349.9
484,4,35,461,405.034,35,461,5,0.4637,698.6,0.2315,18,complete,0.1583,11361.5
485,4,44,999,487.131,44,999,7,0.6126,1066.6,0.3625,19,complete,0.3278,11388.0
486,4,75,824,986.469,75,824,13,0.3789,632.0,0.2416,12,complete,0.1942,11410.0
487,3,75,1000,767.764,60,,11,0.363,695.5,0.3821,100,step_limit,0.1849,11435.9
488,4,60,940,741.693,60,940,10,0.5894,1018.0,0.2854,60,complete,0.3268,11461.9
489,3,80,1000,874.05,66,,13,0.335,629.8,0.3291,72,step_limit,0.1614,11488.9
490,3,30,1000,239.17,29,,4,0.4303,638.6,0.5583,342,step_limit,0.1839,11513.7
491,3,59,1000,541.268,50,,7,0.4437,795.1,0.2701,55,step_limit,0.2866,11542.3
492,3,74,1000,510.962,50,,7,0.4517,779.3,0.3894,67,step_limit,0.2621,11570.2
493,3,47,946,541.246,47,946,7,0.5321,764.7,0.3001,60,complete,0.3129,11596.2
494,3,52,1000,589.998,49,,8,0.478,795.3,0.3011,52,step_limit,0.2562,11622.8
495,3,54,1000,640.389,52,,9,0.473,783.0,0.298,43,step_limit,0.2603,11648.7
496,4,56,872,651.863,56,872,9,0.5874,887.9,0.3479,63,complete,0.281,11673.7
497,4,73,1000,790.986,64,,12,0.571,893.9,0.257,20,step_limit,0.3115,11701.2
498,3,22,547,239.672,22,547,3,0.4973,752.7,0.5646,225,complete,0.1242,11715.7
499,4,55,712,672.589,55,712,9,0.5671,877.6,0.2065,15,complete,0.2473,11736.7
500,3,55,1000,703.767,54,,10,0.503,788.0,0.145,31,step_limit,0.2848,11763.5
501,4,25,392,259.68,25,392,3,0.3801,679.4,0.3136,17,complete,0.1,11967.0
502,3,53,1000,361.619,36,,7,0.544,791.7,0.5385,371,step_limit,0.2688,11993.9
503,4,73,867,951.128,73,867,13,0.5559,827.8,0.211,17,complete,0.2117,12015.3
504,3,60,1000,739.255,59,,10,0.4257,775.7,0.2703,45,step_limit,0.2645,12042.4
505,3,72,1000,819.313,65,,11,0.4833,712.7,0.2408,33,step_limit,0.2369,12069.2
506,3,76,1000,801.578,64,,11,0.472,744.8,0.1647,27,step_limit,0.2269,12095.9
507,4,79,933,1039.541,79,933,14,0.4775,820.7,0.2498,24,complete,0.2357,12121.5
508,4,38,555,422.274,38,555,5,0.6198,916.7,0.1247,8,complete,0.3261,12135.6
509,3,52,829,667.999,52,829,9,0.468,725.4,0.2179,26,complete,0.21,12159.1
510,3,42,852,470.24,42,852,6,0.4171,727.0,0.253,59,complete,0.2375,12181.2
511,3,21,562,216.097,21,562,3,0.5101,767.5,0.3583,57,complete,0.2767,12197.9
512,3,23,571,228.105,23,571,3,0.4448,736.5,0.35,70,complete,0.2531,12212.6
513,3,66,1000,736.473,60,,10,0.383,674.5,0.276,64,step_limit,0.1868,12239.6
514,3,38,1000,336.263,32,,6,0.482,786.2,0.4231,48,step_limit,0.2509,12266.3
515,4,23,413,235.55,23,413,3,0.5993,887.4,0.1999,13,complete,0.4082,12276.3
516,4,34,472,357.932,34,472,4,0.5763,861.5,0.1725,17,complete,0.3022,12289.8
517,3,73,1000,730.022,59,,10,0.52,709.2,0.33,150,step_limit,0.2874,12315.5
518,4,43,536,534.988,43,536,7,0.5112,770.2,0.1489,10,complete,0.1986,12330.8
519,3,65,1000,717.215,55,,11,0.5177,795.1,0.2236,120,step_limit,0.263,12358.1
520,4,55,717,649.305,55,717,8,0.5893,919.3,0.235,41,complete,0.258,12376.7
521,3,62,1000,606.974,50,,9,0.4807,790.7,0.3631,160,step_limit,0.2686,12402.4
522,4,37,624,401.408,37,624,5,0.5733,863.1,0.3178,12,complete,0.2603,12418.7
523,4,66,841,858.893,66,841,12,0.4923,777.0,0.2291,15,complete,0.2286,12441.8
524,3,57,1000,622.784,51,,9,0.3607,650.6,0.4009,62,step_limit,0.2143,12468.2
525,3,39,852,474.363,39,852,7,0.3595,596.8,0.3368,64,complete,0.1609,12491.1
526,4,73,1000,784.614,67,,11,0.5265,818.0,0.3524,24,step_limit,0.2297,12517.0
527,4,58,606,724.25,58,606,9,0.5202,804.3,0.1564,15,complete,0.1953,12534.1
528,4,46,538,596.541,46,538,8,0.4554,687.9,0.1873,16,complete,0.2099,12548.1
529,4,20,349,197.88,20,349,2,0.4234,744.1,0.1788,7,complete,0.2222,12558.5
530,4,72,1000,907.556,70,,13,0.5895,888.7,0.1481,21,step_limit,0.2837,12585.0
531,3,21,609,200.573,21,609,3,0.4871,794.4,0.2711,45,complete,0.3115,12601.4
532,4,32,847,305.07,32,847,5,0.5974,932.6,0.3967,25,complete,0.369,12625.1
533,3,79,1000,771.796,65,,10,0.484,794.6,0.1458,35,step_limit,0.2715,12648.5
534,4,56,1000,663.5,55,,10,0.6032,957.4,0.2439,43,step_limit,0.3496,12673.1
535,3,68,1000,718.247,58,,10,0.4753,789.2,0.3213,62,step_limit,0.2203,12697.0
536,4,57,1000,612.604,52,,10,0.603,1060.9,0.3302,23,step_limit,0.2909,12718.0
537,3,49,986,619.616,49,986,9,0.4993,764.3,0.1597,15,complete,0.2827,12739.6
538,3,38,859,443.591,38,859,6,0.5266,748.5,0.368,88,complete,0.2509,12757.0
539,4,79,1000,973.185,75,,14,0.512,751.2,0.2809,23,step_limit,0.2254,12778.0
540,4,70,799,908.989,70,799,12,0.5372,754.4,0.2605,20,complete,0.178,12796.4
541,4,77,974,992.837,77,974,14,0.4723,718.1,0.2454,17,complete,0.1793,12817.0
542,4,53,827,680.663,53,827,10,0.545,944.9,0.2771,12,complete,0.255,12835.9
543,3,49,790,610.116,49,790,8,0.4359,772.0,0.2145,29,complete,0.2882,12851.8
544,4,68,860,920.094,68,860,13,0.5578,934.6,0.1232,10,complete,0.29,12872.0
545,4,56,998,640.244,56,998,9,0.6057,908.3,0.2808,18,complete,0.2891,12891.9
546,4,75,886,963.675,75,886,13,0.4546,756.2,0.3007,28,complete,0.1985,12911.4
547,3,71,1000,612.001,53,,9,0.4293,759.6,0.2215,25,step_limit,0.2432,12932.5
548,3,80,1000,989.505,75,,13,0.4017,773.7,0.1797,28,step_limit,0.1995,12952.8
549,4,38,552,417.288,38,552,5,0.5765,847.3,0.2643,21,complete,0.25,12965.2
550,4,49,619,615.779,49,619,8,0.4677,700.1,0.2418,57,complete,0.1495,12978.1
551,3,56,946,727.536,56,946,10,0.4352,780.3,0.2345,36,complete,0.2029,13150.2
552,4,27,518,241.206,27,518,2,0.6149,1060.5,0.2915,15,complete,0.3114,13160.5
553,3,46,841,546.905,46,841,7,0.4344,769.7,0.2617,33,complete,0.263,13178.8
554,4,72,724,912.901,72,724,11,0.3836,789.1,0.1923,14,complete,0.1216,13192.3
555,3,68,1000,707.593,58,,10,0.512,776.1,0.2049,86,step_limit,0.292,13209.8
556,3,30,853,291.93,30,853,4,0.5252,785.7,0.478,75,complete,0.3162,13224.1
557,3,46,695,595.391,46,695,8,0.3458,724.2,0.1791,34,complete,0.2121,13237.9
558,4,66,1000,503.77,51,,8,0.5487,863.5,0.4501,147,step_limit,0.3443,13254.9
559,4,78,1000,968.641,74,,14,0.5585,862.4,0.1539,19,step_limit,0.2794,13277.6
560,3,22,485,271.627,22,485,4,0.4007,700.7,0.239,37,complete,0.2313,13288.7
561,3,29,471,369.263,29,471,5,0.3623,675.6,0.2028,38,complete,0.1637,13301.1
562,4,71,922,931.858,71,922,13,0.3858,669.9,0.3414,18,complete,0.1476,13322.5
563,4,61,1000,636.931,57,,9,0.5942,941.8,0.4096,51,step_limit,0.3039,13347.8
564,4,44,468,523.689,44,468,6,0.4936,713.9,0.1661,21,complete,0.1986,13358.6
565,4,21,424,206.145,21,424,3,0.5625,850.7,0.2831,22,complete,0.3469,13369.8
566,4,23,397,275.007,23,397,4,0.3665,703.3,0.2071,27,complete,0.1716,13378.9
567,4,57,707,734.316,57,707,10,0.4318,583.3,0.224,15,complete,0.1485,13394.7
568,4,23,390,207.722,23,390,2,0.6237,1022.4,0.1533,9,complete,0.35,13404.4
569,4,79,1000,841.114,71,,12,0.5743,862.6,0.2168,16,step_limit,0.3007,13428.8
570,4,70,1000,878.343,69,,12,0.5577,836.9,0.2426,37,step_limit,0.2746,13454.2
571,4,78,815,1015.215,78,815,13,0.4031,582.9,0.273,26,complete,0.1453,13474.9
572,4,70,923,885.429,70,923,12,0.5,886.1,0.2808,22,complete,0.2481,13496.3
573,3,77,1000,450.243,44,,7,0.484,614.7,0.6188,393,step_limit,0.15,13520.5
574,4,34,582,385.391,34,582,5,0.6022,830.9,0.2672,17,complete,0.3229,13535.3
575,3,21,458,236.089,21,458,3,0.4549,675.2,0.3462,31,complete,0.1569,13545.5
576,3,39,580,489.685,39,580,6,0.4017,788.3,0.2723,57,complete,0.2029,13558.9
577,4,53,1000,630.46,51,,10,0.5603,847.9,0.349,23,step_limit,0.292,13582.6
578,4,29,493,295.218,29,493,3,0.4462,738.3,0.2412,11,complete,0.1964,13594.8
579,3,67,963,899.585,67,963,12,0.4562,782.3,0.1446,31,complete,0.2121,13620.9
580,4,39,790,385.815,39,790,5,0.6171,1010.0,0.3015,64,complete,0.3247,13640.5
581,3,25,716,254.668,25,716,4,0.4842,770.8,0.2208,42,complete,0.3231,13653.8
582,3,27,558,328.182,27,558,5,0.4695,712.6,0.2777,40,complete,0.2404,13664.6
583,3,67,1000,764.228,62,,10,0.456,767.0,0.1686,43,step_limit,0.2957,13685.0
584,4,70,1000,842.126,67,,12,0.5288,771.9,0.3191,43,step_limit,0.2407,13706.1
585,3,50,902,647.468,50,902,9,0.4841,758.2,0.1849,41,complete,0.26,13724.8
586,3,55,1000,632.584,50,,10,0.506,773.8,0.2057,32,step_limit,0.3095,13746.5
587,4,46,611,543.334,46,611,7,0.5381,849.1,0.2005,13,complete,0.2079,13758.8
588,3,39,781,449.747,39,781,6,0.4755,799.8,0.2709,48,complete,0.2588,13775.4
589,4,48,766,607.252,48,766,9,0.5323,1010.2,0.2442,21,complete,0.2826,13790.2
590,3,55,835,692.426,55,835,9,0.4766,728.7,0.1708,37,complete,0.2532,13807.9
591,3,70,1000,694.011,57,,10,0.481,782.4,0.2735,80,step_limit,0.2853,13828.3
592,3,45,827,540.53,45,827,7,0.4877,796.2,0.2033,36,complete,0.3193,13848.3
593,3,27,428,326.227,27,428,4,0.4058,565.1,0.0804,10,complete,0.1572,13857.9
594,3,77,1000,552.949,49,,9,0.4783,782.1,0.3382,58,step_limit,0.3303,13882.9
595,4,64,1000,758.981,62,,11,0.548,925.7,0.2554,40,step_limit,0.2744,13906.8
596,3,66,1000,634.623,55,,9,0.433,746.9,0.3104,126,step_limit,0.2625,13928.3
597,4,31,815,330.884,31,815,6,0.6592,967.9,0.3072,23,complete,0.3291,13948.1
598,4,64,1000,694.4,60,,10,0.5567,963.8,0.247,21,step_limit,0.311,13973.1
599,3,39,898,427.491,39,898,6,0.5212,796.3,0.2437,36,complete,0.359,13993.9
600,4,80,1000,953.935,77,,13,0.5082,769.3,0.2383,26,step_limit,0.2279,14018.7
601,3,28,604,319.973,28,604,4,0.5116,746.5,0.2473,13,complete,0.2708,14199.7
602,3,78,1000,906.035,68,,13,0.3267,693.7,0.2286,70,step_limit,0.2021,14225.0
603,3,64,1000,773.555,60,,11,0.5023,790.9,0.1625,44,step_limit,0.2893,14249.9
604,4,68,1000,815.794,65,,12,0.4592,801.7,0.2183,17,step_limit,0.2243,14271.8
605,4,55,1000,640.916,53,,9,0.6085,1059.6,0.3262,79,step_limit,0.3147,14295.0
606,4,69,843,932.303,69,843,13,0.3734,736.8,0.2798,20,complete,0.182,14315.9
607,3,31,850,333.894,31,850,5,0.4608,795.6,0.2571,50,complete,0.3038,14336.4
608,3,59,1000,628.929,53,,9,0.4827,743.4,0.2942,52,step_limit,0.2569,14360.6
609,4,56,1000,580.75,50,,9,0.6312,856.6,0.3327,20,step_limit,0.3182,14385.2
610,3,59,1000,514.892,45,,8,0.4543,727.5,0.3776,171,step_limit,0.233,14411.8
611,3,21,404,244.823,21,404,3,0.4414,739.2,0.0765,14,complete,0.2174,14422.4
612,3,27,564,306.391,27,564,4,0.4374,759.1,0.1346,27,complete,0.3005,14436.9
613,3,80,1000,822.56,65,,12,0.3827,630.8,0.2781,46,step_limit,0.2396,14464.5
614,3,54,1000,688.422,53,,10,0.4803,796.8,0.2387,39,step_limit,0.2538,14491.7
615,3,56,785,718.641,56,785,9,0.4085,632.0,0.1728,39,complete,0.1746,14513.9
616,4,71,1000,444.192,50,,7,0.6278,839.1,0.456,163,step_limit,0.355,14539.6
617,3,67,1000,711.64,57,,10,0.4627,736.1,0.333,44,step_limit,0.2514,14568.1
618,3,52,1000,610.662,48,,9,0.4937,761.8,0.3084,116,step_limit,0.2773,14594.9
619,4,54,973,649.169,54,973,9,0.4396,699.3,0.3632,95,complete,0.1959,14620.1
620,4,66,1000,828.764,64,,12,0.5365,823.8,0.2808,101,step_limit,0.2656,14646.8
621,3,46,698,628.197,46,698,9,0.4322,734.1,0.2081,16,complete,0.1522,14664.8
622,3,28,628,343.414,28,628,5,0.5053,791.5,0.227,26,complete,0.3226,14681.9
623,4,44,581,564.896,44,581,8,0.5495,742.7,0.1235,17,complete,0.1625,14697.3
624,3,42,885,515.179,42,885,7,0.3706,609.8,0.3054,120,complete,0.1703,14720.9
625,3,37,636,462.755,37,636,6,0.4119,764.9,0.1917,40,complete,0.1847,14737.0
626,3,68,1000,617.271,55,,8,0.4727,761.9,0.2599,37,step_limit,0.2801,14764.5
627,4,27,343,331.776,27,343,4,0.4949,810.6,0.0786,5,complete,0.2074,14773.0
628,4,38,470,467.716,38,470,6,0.3479,593.1,0.2557,11,complete,0.1136,14786.3
629,4,57,615,717.596,57,615,9,0.452,751.9,0.1626,17,complete,0.1629,14801.3
630,3,73,1000,696.353,60,,9,0.4587,709.6,0.2656,35,step_limit,0.2609,14829.4
631,3,58,1000,716.124,56,,10,0.5023,786.4,0.208,37,step_limit,0.2792,14856.2
632,4,36,494,405.618,36,494,5,0.3431,617.8,0.2013,11,complete,0.1314,14869.0
633,3,46,910,599.467,46,910,9,0.5073,736.7,0.2384,37,complete,0.2761,14894.0
634,3,25,632,286.252,25,632,4,0.3956,676.2,0.3088,48,complete,0.1722,14910.3
635,3,39,809,440.707,39,809,6,0.5179,791.8,0.3167,73,complete,0.2417,14932.1
636,4,28,500,296.914,28,500,4,0.5385,682.7,0.3531,60,complete,0.1417,14945.6
637,4,39,603,443.972,39,603,6,0.5402,744.9,0.2908,28,complete,0.2297,14963.2
638,3,46,1000,574.102,45,,9,0.542,795.0,0.2768,52,step_limit,0.3173,14989.8
639,4,21,403,189.309,21,403,2,0.621,882.9,0.2981,16,complete,0.2898,15000.2
640,3,55,1000,632.34,54,,8,0.5317,798.2,0.1834,33,step_limit,0.3273,15028.1
641,3,74,1000,848.231,65,,12,0.4757,775.1,0.2093,42,step_limit,0.2737,15056.0
642,3,24,587,250.965,24,587,3,0.4265,779.5,0.3033,41,complete,0.2389,15071.6
643,4,57,789,718.924,57,789,10,0.5643,909.9,0.1432,10,complete,0.319,15094.8
644,3,45,955,548.383,45,955,8,0.5257,789.1,0.2475,66,complete,0.3072,15121.0
645,3,48,882,634.328,48,882,9,0.4501,762.9,0.2743,93,complete,0.2211,15144.3
646,3,25,630,218.44,25,630,2,0.6106,786.8,0.3387,154,complete,0.3684,15161.9
647,3,26,604,307.58,26,604,4,0.495,785.7,0.1742,19,complete,0.3,15178.0
648,3,48,913,623.691,48,913,9,0.4403,717.1,0.1751,25,complete,0.2413,15203.0
649,4,69,956,828.583,69,956,11,0.5395,916.4,0.2707,16,complete,0.2598,15230.1
650,3,64,1000,712.573,59,,9,0.453,776.4,0.2774,47,step_limit,0.2661,15257.2
651,4,77,1000,761.668,65,,11,0.5958,857.6,0.2932,18,step_limit,0.2933,15467.2
652,3,32,742,397.162,32,742,6,0.5112,790.5,0.2462,30,complete,0.2973,15485.9
653,3,77,1000,903.373,70,,12,0.4737,776.3,0.1561,22,step_limit,0.2274,15513.1
654,4,21,531,212.074,21,531,3,0.5843,939.4,0.2865,39,complete,0.3214,15527.6
655,3,28,726,277.688,28,726,4,0.3806,758.7,0.2731,41,complete,0.2476,15545.7
656,3,50,923,609.482,50,923,8,0.5164,802.4,0.239,48,complete,0.2917,15570.0
657,4,62,743,841.757,62,743,12,0.4546,775.1,0.1923,14,complete,0.177,15590.6
658,3,50,852,580.184,50,852,7,0.5039,787.7,0.183,25,complete,0.2778,15612.2
659,4,39,492,507.776,39,492,7,0.4131,689.4,0.2277,12,complete,0.1458,15625.9
660,4,65,929,839.732,65,929,12,0.4187,672.8,0.2064,31,complete,0.1905,15650.1
661,4,20,290,208.96,20,290,2,0.3922,630.5,0.16,16,complete,0.1439,15658.9
662,4,46,564,558.831,46,564,7,0.551,831.1,0.2572,14,complete,0.2165,15674.1
663,3,78,1000,903.877,68,,13,0.4257,702.0,0.1687,30,step_limit,0.2506,15701.4
664,3,28,598,345.096,28,598,5,0.5173,783.8,0.1501,28,complete,0.2722,15716.5
665,3,25,687,266.302,25,687,4,0.5245,768.9,0.2657,40,complete,0.3077,15735.3
666,4,74,909,907.554,74,909,12,0.5209,824.1,0.1955,17,complete,0.2684,15761.0
667,3,50,840,628.802,50,840,8,0.4718,793.5,0.1842,35,complete,0.2376,15783.0
668,4,80,1000,958.72,73,,14,0.4858,803.6,0.2899,26,step_limit,0.212,15810.4
669,4,53,687,678.143,53,687,9,0.4571,718.0,0.1341,15,complete,0.1947,15832.7
670,3,68,1000,757.096,59,,11,0.454,780.1,0.0919,15,step_limit,0.2551,15860.5
671,3,60,1000,654.31,55,,9,0.4757,787.9,0.1778,21,step_limit,0.2906,15884.9
672,3,50,893,610.232,50,893,8,0.4278,739.4,0.2761,49,complete,0.2157,15907.4
673,4,54,673,653.902,54,673,8,0.584,910.0,0.1083,10,complete,0.2732,15925.6
674,4,73,826,957.607,73,826,13,0.5375,808.9,0.1722,15,complete,0.1992,15943.5
675,3,74,1000,894.995,65,,13,0.341,536.0,0.3559,85,step_limit,0.1463,15967.4
676,3,46,913,567.93,46,913,8,0.4819,768.6,0.1968,33,complete,0.3133,15985.4
677,3,79,1000,877.841,68,,12,0.4607,797.6,0.2143,48,step_limit,0.2473,16007.4
678,4,41,700,458.605,41,700,6,0.5961,1003.8,0.2535,14,complete,0.3476,16021.4
679,4,58,960,707.221,58,960,10,0.5792,915.7,0.3055,29,complete,0.2456,16041.5
680,3,31,454,360.415,31,454,4,0.42,665.4,0.1978,19,complete,0.1582,16050.5
681,4,65,1000,827.975,64,,12,0.5675,916.9,0.266,26,step_limit,0.3214,16073.6
682,3,72,1000,756.271,60,,11,0.4763,777.7,0.2495,37,step_limit,0.2549,16095.9
683,4,52,781,642.637,52,781,9,0.5794,959.2,0.1231,19,complete,0.2875,16110.7
684,3,40,924,442.892,40,924,6,0.5191,795.1,0.3658,87,complete,0.2943,16132.8
685,3,74,1000,778.999,60,,12,0.4117,726.1,0.3003,89,step_limit,0.2028,16153.3
686,4,58,681,719.739,58,681,9,0.5103,737.3,0.1791,20,complete,0.1875,16168.9
687,3,46,1000,467.102,40,,7,0.453,795.6,0.4215,263,step_limit,0.2704,16189.5
688,4,33,425,391.764,33,425,5,0.4718,685.1,0.1505,11,complete,0.1272,16198.9
689,4,80,1000,893.235,73,,12,0.568,926.2,0.249,36,step_limit,0.2722,16220.8
690,3,26,539,306.368,26,539,4,0.4045,718.5,0.2104,14,complete,0.2061,16232.7
691,3,40,1000,443.495,38,,7,0.4333,702.4,0.3931,159,step_limit,0.2396,16253.5
692,3,49,896,638.62,49,896,9,0.4252,696.9,0.2363,29,complete,0.2524,16272.5
693,4,56,801,714.824,56,801,10,0.5552,917.2,0.2651,10,complete,0.2429,16289.5
694,3,69,1000,716.139,60,,10,0.323,665.2,0.3052,26,step_limit,0.2033,16312.4
695,4,32,598,353.642,32,598,5,0.5017,799.9,0.2602,49,complete,0.2283,16324.9
696,3,48,1000,512.625,45,,8,0.4677,767.2,0.3101,58,step_limit,0.2654,16346.9
697,3,58,878,787.21,58,878,11,0.4442,720.1,0.1276,20,complete,0.2394,16365.6
698,4,65,1000,698.246,58,,11,0.55,829.6,0.3142,60,step_limit,0.2899,16385.6
699,4,44,873,469.18,44,873,7,0.6177,999.7,0.2295,16,complete,0.3837,16405.2
700,4,40,680,437.58,40,680,6,0.5978,953.8,0.2373,20,complete,0.3386,16419.6
701,4,26,583,217.865,26,583,2,0.6822,1004.3,0.2484,15,complete,0.4,16586.1
702,3,66,1000,821.332,63,,11,0.432,726.2,0.19,31,step_limit,0.2617,16613.0
703,3,25,825,259.762,25,825,4,0.5188,777.8,0.3206,104,complete,0.359,16632.7
704,4,35,733,387.549,35,733,5,0.5273,893.4,0.3293,27,complete,0.276,16652.5
705,3,24,389,270.155,24,389,3,0.4284,627.5,0.1514,13,complete,0.2174,16661.5
706,3,64,997,865.934,64,997,12,0.4256,777.1,0.233,33,complete,0.2027,16686.0
707,3,24,529,243.392,24,529,3,0.4222,673.5,0.2438,45,complete,0.1914,16697.7
708,4,68,840,868.265,68,840,12,0.4202,667.8,0.2387,26,complete,0.1789,16719.6
709,3,57,1000,601.179,50,,9,0.4417,754.5,0.205,28,step_limit,0.2994,16743.1
710,4,78,1000,1000.938,76,,14,0.5268,919.9,0.2673,37,step_limit,0.2101,16766.0
711,4,34,759,374.687,34,759,6,0.5319,953.1,0.2632,10,complete,0.2989,16784.2
712,3,21,409,247.273,21,409,3,0.4499,677.3,0.2187,21,complete,0.1789,16793.3
713,3,63,1000,717.833,60,,9,0.5257,797.8,0.0819,19,step_limit,0.3725,16817.1
714,3,64,942,810.031,64,942,10,0.4084,777.4,0.1613,26,complete,0.2456,16838.5
715,4,43,459,559.798,43,459,7,0.3399,705.8,0.2411,16,complete,0.1214,16851.4
716,3,39,747,452.613,39,747,6,0.5234,772.8,0.1822,50,complete,0.3122,16868.9
717,3,67,1000,782.433,61,,11,0.3443,651.4,0.2962,49,step_limit,0.1917,16893.6
718,4,68,1000,894.076,68,1000,13,0.5545,943.4,0.1865,22,complete,0.2978,16916.8
719,4,67,1000,792.257,62,,12,0.58,851.5,0.2353,12,step_limit,0.3008,16942.0
720,3,49,681,659.788,49,681,9,0.3583,528.0,0.195,44,complete,0.1053,16957.2
721,3,29,642,318.068,29,642,4,0.5254,766.8,0.3146,74,complete,0.241,16971.4
722,4,59,702,800.984,59,702,11,0.505,823.6,0.215,9,complete,0.2194,16988.1
723,4,70,849,901.646,70,849,12,0.4411,732.0,0.261,26,complete,0.1653,17009.2
724,3,69,950,910.709,69,950,12,0.4463,789.1,0.1168,20,complete,0.2533,17032.4
725,3,62,1000,734.242,56,,11,0.502,790.6,0.1625,32,step_limit,0.3362,17056.9
726,4,56,835,720.271,56,835,10,0.547,883.2,0.209,14,complete,0.279,17078.3
727,3,57,855,735.361,57,855,10,0.4199,585.2,0.3018,70,complete,0.1621,17098.0
728,4,43,899,441.166,43,899,6,0.6474,991.0,0.1999,20,complete,0.4475,17120.3
729,4,77,1000,904.629,74,,12,0.4627,721.2,0.2177,18,step_limit,0.2248,17144.7
730,3,27,483,282.01,27,483,3,0.4444,708.3,0.1959,22,complete,0.2353,17156.0
731,3,80,1000,867.414,68,,12,0.3923,639.0,0.2548,37,step_limit,0.2083,17179.3
732,3,80,1000,833.517,65,,12,0.3757,737.4,0.2483,47,step_limit,0.2276,17199.7
733,4,64,932,746.495,64,932,10,0.4662,803.3,0.2412,10,complete,0.2616,17220.2
734,3,38,570,455.118,38,570,5,0.4029,690.5,0.2271,66,complete,0.1304,17232.0
735,4,63,1000,740.159,58,,11,0.5763,891.2,0.432,79,step_limit,0.2419,17253.0
736,3,52,1000,620.733,50,,9,0.5013,786.7,0.2302,46,step_limit,0.3145,17274.5
737,3,41,675,527.794,41,675,7,0.4479,789.4,0.1936,62,complete,0.2489,17288.3
738,4,49,696,619.066,49,696,9,0.4659,770.0,0.2808,22,complete,0.2303,17304.1
739,3,27,423,297.91,27,423,3,0.476,737.1,0.1924,20,complete,0.2733,17314.6
740,3,32,695,363.688,32,695,5,0.4969,757.1,0.2229,33,complete,0.3056,17330.7
741,3,25,522,296.248,25,522,4,0.4272,676.6,0.2308,37,complete,0.25,17344.4
742,3,48,735,577.262,48,735,7,0.4844,762.2,0.2518,31,complete,0.2333,17361.7
743,4,54,1000,647.519,52,,10,0.4395,646.7,0.3335,14,step_limit,0.207,17384.9
744,4,24,405,245.533,24,405,3,0.5074,858.3,0.1772,10,complete,0.22,17394.7
745,4,37,413,407.166,37,413,4,0.4552,744.7,0.1384,9,complete,0.1708,17404.7
746,3,50,1000,507.266,44,,8,0.513,793.5,0.194,35,step_limit,0.366,17428.6
747,3,78,1000,674.454,60,,9,0.487,734.6,0.1925,26,step_limit,0.3249,17452.6
748,3,33,583,397.555,33,583,5,0.438,787.2,0.1517,32,complete,0.2143,17466.6
749,3,20,509,188.345,20,509,2,0.5442,753.5,0.2946,90,complete,0.3333,17479.0
750,4,80,901,1090.65,80,901,15,0.4886,748.4,0.2361,19,complete,0.1934,17500.7
751,4,29,421,319.822,29,421,4,0.5059,752.3,0.1293,5,complete,0.192,17674.0
752,4,21,510,221.829,21,510,3,0.6299,998.8,0.3291,14,complete,0.3958,17685.5
753,4,21,319,237.545,21,319,3,0.402,789.3,0.026,6,complete,0.1889,17693.0
754,4,39,673,487.049,39,673,7,0.5854,967.0,0.2342,27,complete,0.3018,17710.2
755,3,68,1000,679.519,56,,10,0.4943,752.5,0.2417,33,step_limit,0.2593,17734.7
756,3,80,1000,904.501,68,,13,0.391,677.8,0.2205,29,step_limit,0.1886,17758.7
757,4,62,722,796.333,62,722,11,0.3857,580.7,0.2647,27,complete,0.1599,17776.4
758,4,36,746,359.016,36,746,5,0.6294,1056.7,0.2082,20,complete,0.382,17792.9
759,4,46,1000,482.409,45,,7,0.6562,942.6,0.313,15,step_limit,0.3883,17817.7
760,3,23,664,246.784,23,664,4,0.4824,739.3,0.3114,36,complete,0.2857,17833.3
761,4,36,514,411.529,36,514,5,0.3901,576.2,0.2479,12,complete,0.1944,17846.8
762,3,66,1000,858.632,65,,12,0.475,642.8,0.2646,77,step_limit,0.1989,17870.4
763,3,24,543,293.822,24,543,4,0.4997,703.4,0.3122,60,complete,0.209,17885.7
764,3,27,438,325.049,27,438,4,0.3006,524.0,0.2428,49,complete,0.0884,17897.8
765,4,43,769,475.77,43,769,6,0.4532,625.2,0.2875,36,complete,0.2167,17921.6
766,3,25,497,252.466,25,497,3,0.5205,712.6,0.2426,18,complete,0.2628,17935.8
767,3,65,1000,779.709,60,,11,0.5053,801.2,0.169,32,step_limit,0.273,17962.6
768,3,50,635,673.694,50,635,9,0.3669,711.6,0.1502,26,complete,0.1429,17980.9
769,4,40,624,454.94,40,624,6,0.4888,752.7,0.223,17,complete,0.253,17997.9
770,4,58,1000,667.262,56,,10,0.5867,882.9,0.2999,35,step_limit,0.2958,18026.5
771,3,28,659,338.862,28,659,5,0.5498,761.4,0.2167,34,complete,0.3602,18045.1
772,4,53,552,720.229,53,552,10,0.4991,643.8,0.2037,14,complete,0.1483,18059.5
773,3,60,1000,623.475,51,,10,0.4043,784.1,0.2414,39,step_limit,0.287,18086.5
774,3,60,1000,533.25,46,,9,0.4967,782.5,0.2497,65,step_limit,0.3742,18113.6
775,3,62,1000,779.739,60,,11,0.3967,785.8,0.2498,31,step_limit,0.216,18139.0
776,3,47,789,563.56,47,789,7,0.493,771.9,0.152,29,complete,0.2645,18161.0
777,3,77,1000,986.164,74,,13,0.4017,696.0,0.1945,29,step_limit,0.188,18189.3
778,3,29,683,307.393,29,683,4,0.4846,770.3,0.3358,48,complete,0.2857,18206.7
779,3,79,877,307.49,35,,5,0.5329,532.8,0.6092,510,no_progress,0.2152,18229.8
780,4,50,928,548.512,50,928,8,0.5277,926.2,0.3453,13,complete,0.3363,18257.2
781,3,53,1000,524.508,45,,8,0.5117,791.5,0.2442,78,step_limit,0.3204,18286.8
782,3,35,711,392.39,35,711,5,0.5279,799.2,0.2354,63,complete,0.3796,18304.5
783,4,55,734,721.491,55,734,10,0.5211,820.4,0.2046,21,complete,0.2282,18324.5
784,3,53,1000,675.219,52,,10,0.4703,675.0,0.2896,65,step_limit,0.2389,18351.1
785,4,56,989,677.14,56,989,10,0.6122,1021.8,0.1876,15,complete,0.3718,18375.7
786,3,73,1000,802.584,61,,12,0.441,790.2,0.1967,44,step_limit,0.274,18402.2
787,4,70,1000,762.434,61,,12,0.5002,845.3,0.3644,43,step_limit,0.2539,18428.8
788,3,31,691,370.028,31,691,5,0.4342,752.0,0.2532,63,complete,0.2415,18447.1
789,3,40,864,483.91,40,864,7,0.5027,755.8,0.3471,100,complete,0.2414,18469.9
790,4,29,511,308.581,29,511,4,0.6238,929.4,0.306,17,complete,0.2543,18484.8
791,4,38,518,422.543,38,518,5,0.5101,744.7,0.1745,30,complete,0.2204,18498.6
792,4,77,811,1035.456,77,811,14,0.5191,819.7,0.1561,12,complete,0.2167,18521.8
793,3,71,1000,911.145,70,,12,0.4353,746.1,0.2062,51,step_limit,0.197,18549.0
794,3,33,629,390.394,33,629,5,0.4738,728.7,0.3785,104,complete,0.219,18564.8
795,3,76,1000,650.232,55,,10,0.4637,724.1,0.2136,42,step_limit,0.2976,18591.8
796,3,65,1000,818.92,61,,12,0.46,789.5,0.1792,32,step_limit,0.252,18618.6
797,4,72,947,933.198,72,947,13,0.496,804.9,0.2535,23,complete,0.2022,18644.9
798,4,54,960,646.4,54,960,9,0.6021,963.6,0.2769,58,complete,0.3477,18671.8
799,3,35,1000,328.397,33,,5,0.4787,774.3,0.4046,70,step_limit,0.3262,18699.3
800,3,78,1000,808.75,65,,11,0.4983,730.8,0.2434,94,step_limit,0.2602,18725.5
801,3,21,452,231.311,21,452,3,0.4513,758.3,0.1467,25,complete,0.2847,18923.7
802,4,22,313,253.753,22,313,3,0.4649,841.9,0.2419,15,complete,0.1513,18933.4
803,4,57,933,707.262,57,933,11,0.4569,757.6,0.3631,117,complete,0.252,18959.4
804,3,60,827,748.875,60,827,9,0.4764,789.8,0.1918,30,complete,0.2127,18981.8
805,4,34,445,428.624,34,445,6,0.5169,625.8,0.093,10,complete,0.1445,18993.3
806,3,59,1000,710.215,55,,10,0.45,794.3,0.2648,48,step_limit,0.2549,19021.4
807,4,22,403,178.662,22,403,1,0.4417,612.9,0.3796,13,complete,0.1628,19031.6
808,3,35,807,366.41,35,807,5,0.539,804.6,0.224,46,complete,0.3374,19053.5
809,3,38,770,444.224,38,770,6,0.5017,794.2,0.1537,29,complete,0.3498,19074.1
810,4,47,917,541.737,47,917,8,0.6281,1034.4,0.2347,21,complete,0.3578,19096.2
811,3,70,1000,667.994,58,,9,0.5133,755.3,0.159,41,step_limit,0.342,19120.6
812,3,40,751,475.337,40,751,6,0.5144,803.7,0.1612,34,complete,0.3068,19138.6
813,3,55,1000,616.782,50,,9,0.4727,775.8,0.3127,98,step_limit,0.2773,19162.8
814,3,38,712,462.929,38,712,6,0.4485,728.4,0.2786,42,complete,0.1991,19179.5
815,3,75,1000,627.9,53,,10,0.4373,780.4,0.2637,72,step_limit,0.2627,19204.0
816,4,57,812,758.109,57,812,11,0.5607,829.7,0.2252,24,complete,0.2476,19223.1
817,3,58,1000,704.376,55,,10,0.5067,791.3,0.2205,45,step_limit,0.2818,19248.9
818,4,21,468,213.794,21,468,3,0.6191,991.8,0.1249,9,complete,0.398,19258.7
819,3,70,1000,794.803,63,,11,0.4233,719.1,0.2522,41,step_limit,0.2097,19283.4
820,4,26,954,184.778,26,954,3,0.6376,972.7,0.3997,44,complete,0.4167,19306.0
821,4,27,427,315.246,27,427,4,0.5299,873.3,0.2387,15,complete,0.205,19314.3
822,4,61,1000,660.905,55,,10,0.5333,868.0,0.3827,76,step_limit,0.2939,19333.1
823,4,77,1000,843.179,69,,12,0.5447,954.9,0.2342,14,step_limit,0.3219,19354.1
824,3,38,696,460.204,38,696,6,0.3769,675.7,0.276,28,complete,0.1911,19367.6
825,3,63,792,875.392,63,792,12,0.3388,608.8,0.2785,40,complete,0.1532,19385.3
826,4,44,847,512.756,44,847,7,0.6151,886.7,0.2257,13,complete,0.2969,19401.7
827,4,51,896,627.046,51,896,9,0.5753,1024.4,0.2278,16,complete,0.3136,19421.2
828,3,41,874,486.87,41,874,7,0.4928,793.6,0.2745,44,complete,0.3298,19439.8
829,3,22,479,213.035,22,479,2,0.4823,741.0,0.2991,54,complete,0.2074,19449.9
830,3,48,1000,570.2,47,,8,0.4813,738.6,0.3775,168,step_limit,0.2704,19472.2
831,3,61,1000,622.851,52,,9,0.4753,795.1,0.2333,43,step_limit,0.3121,19492.7
832,3,66,1000,689.068,56,,10,0.3803,681.9,0.4082,96,step_limit,0.1973,19515.7
833,3,26,373,289.518,26,373,3,0.3003,547.2,0.1669,14,complete,0.1319,19524.1
834,4,25,599,210.184,25,599,3,0.6068,866.4,0.4181,107,complete,0.2585,19536.4
835,3,78,1000,879.354,69,,12,0.4583,763.3,0.2162,35,step_limit,0.2821,19557.5
836,4,22,692,111.811,22,692,1,0.5564,907.7,0.2966,26,complete,0.3833,19570.9
837,3,74,1000,731.957,59,,11,0.482,793.5,0.1733,56,step_limit,0.3565,19592.4
838,4,46,812,522.511,46,812,7,0.6041,1019.8,0.2572,13,complete,0.3548,19609.5
839,3,47,925,578.476,47,925,8,0.5085,798.3,0.2129,44,complete,0.3583,19628.7
840,4,31,472,374.655,31,472,5,0.5217,817.4,0.1815,10,complete,0.1917,19638.6
841,3,52,1000,656.883,50,,10,0.5073,785.3,0.265,32,step_limit,0.305,19660.3
842,3,30,645,363.74,30,645,5,0.3845,605.5,0.38,46,complete,0.1961,19674.8
843,4,75,1000,843.147,67,,13,0.5235,807.3,0.2561,27,step_limit,0.2966,19696.0
844,4,28,525,268.657,28,525,3,0.6286,889.8,0.2262,32,complete,0.377,19709.2
845,3,44,845,569.416,44,845,8,0.4126,770.5,0.2391,47,complete,0.2421,19727.9
846,3,31,568,358.863,31,568,4,0.4754,637.9,0.3778,65,complete,0.1828,19742.7
847,4,45,704,566.089,45,704,8,0.5891,945.1,0.2212,20,complete,0.3087,19759.0
848,3,44,938,508.624,44,938,7,0.5309,753.9,0.3201,57,complete,0.3367,19781.5
849,3,49,1000,608.124,48,,9,0.5193,798.1,0.1446,24,step_limit,0.3463,19802.8
850,3,47,895,577.384,47,895,8,0.4797,790.5,0.2156,48,complete,0.297,19824.5
851,4,30,451,332.493,30,451,4,0.5649,804.9,0.1692,9,complete,0.2759,20009.1
852,4,65,793,826.04,65,793,11,0.54,878.3,0.1853,22,complete,0.2309,20031.0
853,3,45,815,571.083,45,815,8,0.5223,794.9,0.1666,34,complete,0.316,20053.4
854,4,23,342,222.703,23,342,2,0.614,901.4,0.1261,9,complete,0.2614,20062.1
855,4,49,788,575.672,49,788,8,0.5073,790.0,0.2329,13,complete,0.3045,20085.3
856,3,28,796,256.795,28,796,4,0.5754,785.2,0.3619,124,complete,0.3905,20104.4
857,3,38,840,425.561,38,840,6,0.3528,689.7,0.372,77,complete,0.191,20127.6
858,4,70,1000,861.823,70,1000,12,0.528,796.9,0.3373,25,complete,0.2315,20155.7
859,4,27,410,318.119,27,410,4,0.4945,847.8,0.157,16,complete,0.2157,20166.9
860,4,30,736,303.573,30,736,5,0.6019,1004.3,0.3227,20,complete,0.398,20185.1
861,3,39,822,493.625,39,822,7,0.5418,786.4,0.2004,31,complete,0.2584,20204.8
862,4,50,618,653.168,50,618,9,0.4345,623.1,0.2411,17,complete,0.1178,20221.0
863,4,30,462,299.413,30,462,3,0.6526,1033.0,0.232,27,complete,0.3704,20231.4
864,4,38,507,454.046,38,507,6,0.5094,827.3,0.1341,8,complete,0.2319,20242.7
865,4,56,659,696.311,56,659,9,0.5216,825.9,0.1559,10,complete,0.2306,20259.9
866,3,70,1000,760.929,60,,11,0.4757,794.8,0.2278,31,step_limit,0.2853,20283.9
867,3,48,957,589.652,48,957,8,0.4852,782.8,0.2753,68,complete,0.2626,20305.6
868,4,37,605,462.384,37,605,7,0.419,716.4,0.146,11,complete,0.2336,20321.1
869,4,46,713,566.48,46,713,8,0.5046,825.1,0.1221,10,complete,0.2578,20337.8
870,3,47,1000,489.136,41,,8,0.397,616.7,0.3978,61,step_limit,0.2421,20361.9
871,3,44,731,502.929,44,731,6,0.5021,743.2,0.1915,34,complete,0.257,20379.0
872,3,57,1000,664.863,55,,9,0.4373,801.4,0.1997,45,step_limit,0.2643,20403.7
873,4,30,626,353.293,30,626,5,0.5791,1035.2,0.2062,7,complete,0.3231,20419.4
874,3,20,375,200.615,20,375,2,0.4631,642.9,0.1945,27,complete,0.2018,20427.8
875,4,43,680,507.386,43,680,7,0.4437,694.6,0.3291,25,complete,0.177,20443.7
876,4,23,471,238.221,23,471,3,0.5918,961.6,0.2434,33,complete,0.3558,20455.2
877,3,65,1000,690.677,55,,10,0.5057,735.4,0.1464,28,step_limit,0.3077,20477.4
878,3,65,1000,742.02,60,,10,0.4777,769.6,0.1618,38,step_limit,0.2829,20503.0
879,4,28,398,288.966,28,398,3,0.5245,772.0,0.1057,10,complete,0.2075,20511.9
880,4,41,483,493.343,41,483,6,0.3447,565.4,0.1549,10,complete,0.1875,20524.6
881,3,59,993,794.022,59,993,11,0.4068,625.1,0.3189,103,complete,0.1709,20546.7
882,3,46,777,589.527,46,777,8,0.5036,783.9,0.2065,35,complete,0.2652,20565.7
883,4,67,1000,715.361,65,,9,0.5755,938.8,0.2888,21,step_limit,0.287,20590.7
884,3,49,834,604.847,49,834,8,0.4956,789.3,0.1459,34,complete,0.3333,20610.0
885,3,51,1000,476.653,44,,7,0.5557,795.7,0.2434,57,step_limit,0.3738,20633.7
886,3,36,990,391.025,36,990,6,0.499,780.7,0.3514,47,complete,0.3405,20657.7
887,4,36,523,366.136,36,523,4,0.4708,681.8,0.2665,19,complete,0.1758,20669.8
888,3,48,860,565.781,48,860,7,0.5058,777.3,0.2923,46,complete,0.2211,20690.8
889,4,22,481,208.324,22,481,3,0.6637,1049.6,0.2466,16,complete,0.305,20702.1
890,3,60,1000,593.94,50,,9,0.468,771.0,0.2383,59,step_limit,0.3182,20722.8
891,4,80,1000,996.36,78,,14,0.5693,876.2,0.2815,46,step_limit,0.229,20746.0
892,3,73,1000,726.892,60,,10,0.5057,729.0,0.2329,37,step_limit,0.225,20767.0
893,3,30,841,346.91,30,841,5,0.48,716.9,0.414,138,complete,0.2756,20785.9
894,3,63,1000,700.09,60,,9,0.466,731.2,0.2298,32,step_limit,0.2769,20810.2
895,4,28,380,320.886,28,380,4,0.5066,784.1,0.1434,7,complete,0.2083,20819.5
896,3,39,688,472.883,39,688,6,0.5024,786.5,0.2397,40,complete,0.25,20836.7
897,4,53,934,591.825,53,934,8,0.5913,995.2,0.2539,39,complete,0.3136,20857.7
898,3,66,1000,678.555,58,,9,0.5317,784.5,0.1836,34,step_limit,0.3363,20882.4
899,3,33,558,366.305,33,558,4,0.4988,785.7,0.2887,31,complete,0.2678,20895.1
900,4,43,906,485.695,43,906,7,0.5006,874.0,0.2582,15,complete,0.3037,20920.1
901,4,59,871,768.265,59,871,11,0.5924,852.8,0.2489,18,complete,0.2706,21103.3
902,3,29,607,289.004,29,607,3,0.5689,775.5,0.2364,37,complete,0.3542,21118.6
903,3,75,1000,927.716,69,,13,0.465,774.9,0.2148,34,step_limit,0.2292,21143.7
904,3,71,1000,812.634,65,,11,0.474,716.8,0.2814,76,step_limit,0.2493,21165.7
905,4,77,1000,978.597,75,,14,0.4517,764.0,0.2796,19,step_limit,0.2266,21189.6
906,4,73,771,976.552,73,771,13,0.4786,752.9,0.1862,14,complete,0.188,21209.2
907,3,79,1000,808.416,66,,11,0.4647,703.0,0.3378,50,step_limit,0.2283,21231.5
908,4,33,616,371.808,33,616,5,0.6149,928.7,0.2071,15,complete,0.3246,21247.1
909,4,29,655,331.662,29,655,5,0.45,750.3,0.3545,39,complete,0.1828,21262.0
910,4,41,855,397.371,41,855,5,0.6091,1063.6,0.2911,73,complete,0.3611,21282.6
911,4,34,475,389.047,34,475,5,0.5384,724.9,0.1211,7,complete,0.1694,21294.0
912,4,42,814,526.164,42,814,8,0.574,952.7,0.2942,13,complete,0.3145,21313.1
913,4,34,609,374.84,34,609,5,0.5866,951.9,0.1451,10,complete,0.2796,21327.5
914,3,44,703,580.33,44,703,8,0.4334,732.0,0.1368,18,complete,0.2556,21345.1
915,3,67,1000,711.503,58,,10,0.4843,765.9,0.2669,72,step_limit,0.2667,21367.6
916,4,34,892,318.52,34,892,5,0.639,1043.3,0.2892,33,complete,0.3676,21388.1
917,4,52,663,671.726,52,663,9,0.4597,678.9,0.3224,14,complete,0.1543,21406.5
918,3,45,861,579.39,45,861,8,0.379,672.2,0.2643,59,complete,0.2449,21431.1
919,4,39,910,384.462,39,910,6,0.6074,927.5,0.2703,21,complete,0.3528,21455.3
920,4,58,751,761.994,58,751,11,0.3995,764.1,0.2731,25,complete,0.2162,21476.6
921,3,40,673,473.867,40,673,6,0.5126,771.6,0.2505,39,complete,0.2597,21494.2
922,4,77,804,995.513,77,804,13,0.449,689.0,0.1903,18,complete,0.204,21516.4
923,4,76,1000,858.621,70,,12,0.541,910.6,0.2614,12,step_limit,0.2992,21543.2
924,4,72,1000,886.611,70,,13,0.5423,798.4,0.2636,40,step_limit,0.2817,21569.3
925,4,36,547,410.409,36,547,5,0.5233,815.9,0.1853,14,complete,0.1932,21585.4
926,4,56,794,682.119,56,794,9,0.5557,842.5,0.2694,27,complete,0.2524,21606.8
927,4,21,258,253.851,21,258,3,0.4845,740.8,0.0725,3,complete,0.1776,21614.3
928,3,59,1000,738.853,58,,10,0.4257,732.3,0.208,32,step_limit,0.2429,21642.4
929,4,25,471,249.704,25,471,3,0.6003,942.0,0.2122,18,complete,0.3214,21655.5
930,3,28,652,346.658,28,652,5,0.4504,784.9,0.3602,75,complete,0.2564,21673.8
931,4,70,1000,858.389,69,,12,0.5725,876.9,0.2382,19,step_limit,0.2981,21701.6
932,3,75,1000,742.364,60,,11,0.4627,787.3,0.3199,29,step_limit,0.2661,21728.0
933,3,31,581,371.141,31,581,5,0.4687,774.3,0.264,40,complete,0.2637,21744.8
934,3,28,639,316.351,28,639,4,0.4184,786.1,0.2434,41,complete,0.2273,21762.7
935,3,36,632,479.523,36,632,7,0.403,643.9,0.2707,65,complete,0.2311,21779.9
936,3,20,319,239.75,20,319,3,0.441,679.8,0.2225,32,complete,0.1453,21787.8
937,3,28,541,348.841,28,541,5,0.4116,708.3,0.2375,50,complete,0.25,21801.5
938,4,73,1000,725.205,63,,11,0.6038,908.2,0.1918,18,step_limit,0.3268,21828.6
939,3,75,1000,824.86,66,,11,0.5157,710.4,0.1646,27,step_limit,0.2997,21855.0
940,4,64,636,841.497,64,636,11,0.4847,795.2,0.1249,11,complete,0.1818,21873.4
941,3,37,714,483.661,37,714,7,0.4631,680.9,0.3464,64,complete,0.16,21890.9
942,4,57,780,722.695,57,780,10,0.5503,815.6,0.3544,26,complete,0.2136,21912.2
943,3,69,1000,840.674,64,,12,0.4513,690.3,0.2095,58,step_limit,0.2204,21937.7
944,4,73,1000,771.353,67,,11,0.5803,858.7,0.245,66,step_limit,0.35,21964.8
945,4,49,729,581.216,49,729,8,0.5874,782.9,0.2379,15,complete,0.2969,21986.4
946,3,29,534,379.187,29,534,5,0.4313,755.5,0.3729,53,complete,0.1667,22000.4
947,3,73,1000,813.985,62,,12,0.492,799.3,0.2293,39,step_limit,0.2759,22026.9
948,4,57,1000,554.765,53,,8,0.652,963.0,0.2137,9,step_limit,0.405,22053.5
949,3,24,455,268.8,24,455,3,0.5429,789.2,0.3765,60,complete,0.2083,22064.7
950,3,26,564,290.953,26,564,4,0.4604,756.4,0.2593,37,complete,0.2356,22080.1
951,4,20,279,200.24,20,279,2,0.3799,582.9,0.1049,20,complete,0.1736,22270.7
952,4,28,499,305.997,28,499,4,0.509,813.9,0.369,13,complete,0.2373,22281.6
953,3,42,759,488.851,42,759,6,0.5195,780.0,0.1323,26,complete,0.321,22300.9
954,3,30,657,345.87,30,657,5,0.4323,761.4,0.2652,36,complete,0.2982,22316.2
955,4,38,493,495.385,38,493,7,0.4123,673.1,0.1935,18,complete,0.125,22328.6
956,3,33,669,385.475,33,669,5,0.415,724.8,0.2798,50,complete,0.2619,22345.4
957,3,42,825,103.943,19,,3,0.5846,640.5,0.7382,499,no_progress,0.4074,22365.2
958,4,34,341,390.207,34,341,4,0.5396,730.1,0.1212,5,complete,0.178,22373.9
959,3,80,1000,799.087,63,,12,0.4333,749.1,0.1779,37,step_limit,0.2796,22397.9
960,4,66,680,860.261,66,680,11,0.4871,805.2,0.1715,10,complete,0.1858,22414.7
961,3,70,1000,742.051,58,,11,0.4847,767.4,0.2455,58,step_limit,0.3186,22438.8
962,3,47,1000,592.517,46,,9,0.4753,773.6,0.3414,49,step_limit,0.2876,22463.1
963,4,27,551,326.582,27,551,5,0.5926,865.3,0.3051,70,complete,0.2687,22476.3
964,4,65,827,860.557,65,827,12,0.4565,872.2,0.2002,12,complete,0.2222,22496.0
965,3,22,621,225.056,22,621,3,0.5099,725.8,0.381,69,complete,0.3392,22510.4
966,3,28,537,313.176,28,537,4,0.5332,784.0,0.2538,72,complete,0.2874,22521.8
967,4,73,1000,819.879,69,,11,0.4487,639.4,0.307,25,step_limit,0.222,22544.3
968,4,62,674,849.298,62,674,12,0.4726,827.5,0.1219,10,complete,0.1897,22559.0
969,4,55,898,682.342,55,898,10,0.4276,706.7,0.2894,58,complete,0.205,22577.9
970,4,46,836,522.438,46,836,7,0.4339,873.3,0.3546,29,complete,0.2041,22596.1
971,4,34,622,337.92,34,622,4,0.6435,1052.1,0.245,19,complete,0.3456,22608.7
972,3,78,1000,713.742,60,,10,0.433,686.3,0.3268,74,step_limit,0.2268,22630.6
973,3,78,1000,1005.885,75,,14,0.3817,552.2,0.199,31,step_limit,0.1691,22649.8
974,3,60,1000,701.845,58,,9,0.5343,790.7,0.1701,24,step_limit,0.3333,22671.9
975,4,52,687,664.835,52,687,9,0.5306,799.1,0.2365,12,complete,0.2158,22685.4
976,4,53,798,629.703,53,798,9,0.4956,861.8,0.3006,14,complete,0.25,22702.2
977,4,30,405,361.933,30,405,5,0.408,582.3,0.2086,8,complete,0.1853,22710.3
978,4,45,585,538.271,45,585,7,0.538,762.5,0.2007,16,complete,0.2351,22722.5
979,4,34,795,342.376,34,795,5,0.6428,1006.0,0.3537,72,complete,0.3625,22739.9
980,3,55,1000,623.629,51,,9,0.5103,785.6,0.2593,50,step_limit,0.2835,22761.3
981,4,49,1000,341.853,41,,5,0.6615,1057.1,0.4255,36,step_limit,0.4208,22781.5
982,3,26,869,153.199,19,,3,0.3349,591.9,0.5386,245,no_progress,0.2308,22800.1
983,4,39,629,487.968,39,629,7,0.6085,1068.6,0.2473,32,complete,0.321,22813.0
984,4,20,560,190.7,20,560,3,0.3906,771.0,0.3032,30,complete,0.2143,22823.9
985,4,29,527,310.423,29,527,4,0.6276,1031.8,0.2933,27,complete,0.3135,22836.8
986,4,59,1000,647.085,58,,9,0.5783,903.1,0.2565,17,step_limit,0.2966,22864.2
987,3,74,1000,892.232,66,,13,0.47,747.0,0.2043,40,step_limit,0.2135,22887.2
988,4,70,841,892.726,70,841,12,0.5205,821.2,0.1906,15,complete,0.2236,22908.7
989,4,34,622,421.002,34,622,6,0.5426,728.3,0.3925,53,complete,0.1838,22923.6
990,4,28,496,311.86,28,496,4,0.5544,880.3,0.2636,10,complete,0.2182,22937.2
991,4,76,992,1037.173,76,992,15,0.5602,944.5,0.1896,18,complete,0.2257,22963.1
992,3,40,826,448.503,40,826,6,0.496,735.6,0.3103,76,complete,0.3135,22981.7
993,4,61,763,797.46,61,763,11,0.4803,755.4,0.2324,14,complete,0.1982,23000.4
994,3,49,1000,475.988,41,,8,0.4797,771.5,0.3412,74,step_limit,0.3333,23022.5
995,4,33,805,347.448,33,805,5,0.6019,786.9,0.4717,226,complete,0.2405,23041.8
996,3,23,557,279.747,23,557,4,0.5254,771.9,0.2891,61,complete,0.3095,23055.2
997,4,46,783,540.88,46,783,8,0.5453,886.6,0.263,14,complete,0.2934,23073.8
998,4,53,875,678.992,53,875,10,0.5663,884.9,0.2924,23,complete,0.2986,23094.0
999,3,52,1000,644.619,51,,9,0.4783,724.3,0.2701,93,step_limit,0.2684,23119.8
1000,3,78,1000,735.338,60,,11,0.4473,729.4,0.2127,39,step_limit,0.2684,23144.0
1001,3,65,1000,731.115,59,,10,0.4887,778.0,0.2164,64,step_limit,0.2989,23349.2
1002,3,51,793,672.486,51,793,9,0.367,647.4,0.1238,20,complete,0.1733,23370.7
1003,4,23,329,255.483,23,329,3,0.4559,650.1,0.1552,12,complete,0.1802,23379.0
1004,3,73,1000,861.748,66,,12,0.4447,736.2,0.1776,23,step_limit,0.2534,23406.6
1005,3,31,680,367.997,31,680,5,0.5338,795.6,0.3284,80,complete,0.2095,23424.0
1006,3,54,879,684.93,54,879,9,0.4528,748.7,0.1166,21,complete,0.2857,23448.1
1007,3,61,1000,726.726,56,,10,0.497,730.8,0.4385,272,step_limit,0.231,23475.3
1008,3,56,1000,356.505,37,,6,0.5747,744.9,0.5499,348,step_limit,0.3623,23502.1
1009,3,65,1000,642.931,55,,9,0.4817,767.9,0.2985,69,step_limit,0.2976,23527.5
1010,3,64,1000,551.428,51,,8,0.4793,699.4,0.3105,81,step_limit,0.2804,23552.2
1011,3,48,807,604.54,48,807,8,0.5019,773.1,0.233,48,complete,0.2271,23572.6
1012,4,77,786,1013.37,77,786,13,0.4653,666.1,0.236,14,complete,0.1667,23590.9
1013,4,30,813,300.147,30,813,5,0.5803,911.2,0.4346,47,complete,0.3567,23611.0
1014,4,73,927,959.457,73,927,13,0.4304,627.8,0.2925,21,complete,0.1603,23632.3
1015,4,80,823,1091.435,80,823,15,0.4499,744.5,0.2292,53,complete,0.15,23652.2
1016,3,35,753,378.239,35,753,5,0.4918,741.5,0.2848,80,complete,0.2958,23670.8
1017,3,52,1000,635.421,50,,9,0.4923,799.3,0.2616,50,step_limit,0.2853,23692.9
1018,4,25,573,255.928,25,573,4,0.5388,888.4,0.3511,25,complete,0.2888,23707.2
1019,4,59,791,743.872,59,791,10,0.3739,539.9,0.3793,17,complete,0.1606,23725.5
1020,3,57,1000,674.558,55,,10,0.3963,610.6,0.2857,39,step_limit,0.1901,23750.6
1021,3,78,1000,879.369,69,,12,0.408,692.0,0.1935,43,step_limit,0.2114,23776.4
1022,3,68,1000,682.249,57,,9,0.42,683.0,0.3999,146,step_limit,0.1954,23799.1
1023,3,33,615,388.314,33,615,5,0.5301,788.0,0.2172,19,complete,0.2323,23814.0
1024,3,77,1000,873.29,65,,13,0.4477,710.9,0.1629,38,step_limit,0.2651,23837.8
1025,4,23,394,274.797,23,394,4,0.4067,633.0,0.2336,11,complete,0.1927,23847.2
1026,4,21,273,245.823,21,273,3,0.3755,527.5,0.0278,4,complete,0.1111,23853.7
1027,3,35,726,397.889,35,726,5,0.4899,763.7,0.2318,37,complete,0.2441,23872.6
1028,4,41,592,474.808,41,592,6,0.5718,854.3,0.1708,9,complete,0.2727,23886.6
1029,4,21,294,240.888,21,294,3,0.4303,630.2,0.1271,19,complete,0.1842,23893.5
1030,3,54,1000,681.133,53,,10,0.4357,800.0,0.1965,27,step_limit,0.2887,23921.3
1031,3,72,1000,728.746,61,,10,0.4093,766.7,0.2214,24,step_limit,0.2464,23945.7
1032,4,48,665,572.5,48,665,7,0.5865,953.7,0.2111,11,complete,0.2941,23961.6
1033,3,32,536,353.317,32,536,4,0.4316,664.4,0.2474,25,complete,0.2167,23975.5
1034,3,21,426,238.377,21,426,3,0.4421,726.4,0.1616,25,complete,0.3101,23986.0
1035,3,57,1000,699.184,55,,10,0.4657,788.7,0.2248,33,step_limit,0.2725,24009.7
1036,3,56,996,720.599,56,996,10,0.4896,788.2,0.2225,27,complete,0.2485,24031.6
1037,3,53,1000,557.406,48,,8,0.5043,791.4,0.2329,39,step_limit,0.3609,24055.8
1038,4,29,409,359.916,29,409,5,0.5171,761.0,0.1956,10,complete,0.1759,24065.0
1039,3,45,807,581.197,45,807,8,0.5266,781.9,0.2343,35,complete,0.2908,24083.2
1040,3,23,399,289.013,23,399,4,0.416,724.1,0.0694,13,complete,0.2045,24090.8
1041,4,20,296,192.2,20,296,2,0.5321,715.3,0.1245,8,complete,0.1974,24096.6
1042,3,71,1000,774.332,61,,11,0.4797,782.1,0.2181,31,step_limit,0.3018,24118.6
1043,3,36,976,373.703,33,,5,0.5615,716.3,0.6303,487,no_progress,0.3561,24137.1
1044,3,46,801,588.187,46,801,8,0.4769,683.0,0.22,59,complete,0.2234,24154.4
1045,3,65,1000,648.178,55,,9,0.4983,788.1,0.2318,46,step_limit,0.3333,24175.9
1046,4,53,884,593.251,53,884,8,0.5404,858.3,0.287,11,complete,0.3259,24193.5
1047,4,77,996,1042.3,77,996,15,0.5058,787.4,0.2329,21,complete,0.2218,24216.9
1048,4,54,1000,605.733,53,,8,0.5723,770.1,0.4817,174,step_limit,0.2583,24240.9
1049,3,75,1000,871.108,67,,12,0.436,758.1,0.2726,42,step_limit,0.2151,24265.1
1050,4,66,784,881.307,66,784,12,0.4748,734.9,0.2226,21,complete,0.1848,24285.3
1051,3,46,1000,449.711,38,,7,0.5463,749.2,0.5237,357,step_limit,0.3447,24478.5
1052,4,64,823,777.017,64,823,10,0.5756,963.8,0.2097,24,complete,0.2983,24498.2
1053,4,77,1000,800.416,68,,11,0.5777,811.0,0.2593,19,step_limit,0.2981,24523.3
1054,3,50,871,609.044,50,871,8,0.4826,725.4,0.2052,27,complete,0.2557,24544.7
1055,3,33,636,431.302,33,636,6,0.4701,749.8,0.2454,44,complete,0.2347,24559.3
1056,4,55,563,710.535,55,563,9,0.4343,646.0,0.2116,13,complete,0.132,24571.6
1057,4,78,1000,833.918,69,,12,0.5707,886.5,0.1907,22,step_limit,0.3261,24595.4
1058,3,74,932,987.813,74,932,13,0.3898,592.5,0.1579,35,complete,0.218,24619.3
1059,4,76,935,988.111,76,935,13,0.542,845.8,0.223,23,complete,0.25,24641.4
1060,3,56,1000,642.607,53,,9,0.4953,792.2,0.2047,36,step_limit,0.295,24665.5
1061,4,46,637,608.911,46,637,9,0.544,821.2,0.2545,21,complete,0.2528,24682.5
1062,4,55,665,650.011,55,665,8,0.5628,786.0,0.1834,10,complete,0.2161,24698.7
1063,4,54,857,640.513,54,857,9,0.5505,995.3,0.305,22,complete,0.271,24719.9
1064,3,76,1000,711.201,60,,10,0.4003,785.5,0.2776,80,step_limit,0.2165,24744.3
1065,3,23,512,206.931,23,512,2,0.5098,771.5,0.238,39,complete,0.3333,24759.4
1066,3,37,646,489.171,37,646,7,0.4721,696.8,0.2541,52,complete,0.2583,24776.4
1067,3,76,1000,803.322,61,,12,0.493,789.9,0.2328,65,step_limit,0.2361,24804.2
1068,4,77,1000,937.449,75,,13,0.524,839.0,0.2001,18,step_limit,0.2609,24831.9
1069,4,56,938,706.58,56,938,10,0.5848,962.0,0.159,10,complete,0.3242,24857.7
1070,4,39,448,482.059,39,448,6,0.495,583.5,0.2544,19,complete,0.1157,24869.6
1071,4,26,533,216.157,26,533,2,0.6116,989.2,0.2711,14,complete,0.386,24884.4
1072,4,62,816,796.45,62,816,11,0.5346,912.2,0.1559,32,complete,0.2991,24906.0
1073,3,44,894,515.466,44,894,7,0.5227,760.4,0.2042,35,complete,0.3231,24931.2
1074,3,71,1000,734.511,59,,11,0.348,564.9,0.3706,94,step_limit,0.1836,24959.5
1075,4,36,804,374.151,36,804,5,0.6521,996.2,0.3556,52,complete,0.3634,24979.5
1076,3,53,1000,477.674,42,,7,0.3137,561.3,0.5816,269,step_limit,0.1133,25006.9
1077,3,47,1000,563.583,46,,8,0.4937,770.1,0.3507,84,step_limit,0.2635,25034.5
1078,4,54,596,732.575,54,596,10,0.4744,690.8,0.1946,20,complete,0.1461,25051.6
1079,4,48,815,572.8,48,815,8,0.4353,817.6,0.2506,20,complete,0.2551,25072.8
1080,4,54,621,659.567,54,621,8,0.4287,659.8,0.2247,17,complete,0.1593,25089.8
1081,4,28,579,288.397,28,579,4,0.6261,876.8,0.3132,28,complete,0.3125,25104.0
1082,3,37,748,467.203,37,748,7,0.4425,762.9,0.255,35,complete,0.2154,25124.9
1083,3,25,455,306.814,25,455,4,0.4227,568.3,0.2258,32,complete,0.14,25136.4
1084,4,31,706,310.805,31,706,4,0.4504,593.3,0.5147,58,complete,0.1444,25156.0
1085,4,46,1000,217.583,33,,4,0.6627,810.6,0.5834,254,step_limit,0.3407,25181.7
1086,3,30,596,356.19,30,596,5,0.5095,764.0,0.1855,43,complete,0.3128,25198.2
1087,4,20,463,179.66,20,463,2,0.5275,897.5,0.4427,101,complete,0.2287,25210.0
1088,3,55,1000,566.213,50,,8,0.5113,768.2,0.2851,98,step_limit,0.327,25237.7
1089,4,45,688,494.942,45,688,6,0.5796,793.2,0.3477,13,complete,0.1696,25256.8
1090,4,23,312,255.937,23,312,3,0.4343,733.8,0.1496,10,complete,0.1585,25264.4
1091,3,25,318,292.432,25,318,3,0.2841,606.5,0.183,29,complete,0.0952,25272.1
1092,3,46,1000,527.348,45,,7,0.3733,754.5,0.3733,66,step_limit,0.2326,25297.5
1093,4,61,836,760.96,61,836,10,0.5643,846.3,0.2081,34,complete,0.2628,25321.8
1094,4,63,943,825.988,63,943,12,0.5151,830.3,0.2891,22,complete,0.2261,25346.2
1095,3,27,507,341.934,27,507,5,0.4977,755.4,0.1323,18,complete,0.25,25360.3
1096,3,72,1000,674.812,56,,10,0.4953,765.3,0.163,40,step_limit,0.3278,25387.4
1097,4,45,965,489.507,45,965,7,0.6472,939.6,0.493,329,complete,0.3037,25414.5
1098,4,30,613,289.547,30,613,3,0.6138,972.1,0.3641,38,complete,0.3359,25431.2
1099,4,74,1000,842.638,66,,13,0.575,863.4,0.2358,13,step_limit,0.3192,25459.8
1100,3,37,639,486.381,37,639,7,0.4345,651.6,0.2823,55,complete,0.2412,25475.4
1101,4,34,865,309.082,34,865,5,0.5977,1060.1,0.3177,39,complete,0.3824,25667.5
1102,3,40,750,465.085,40,750,6,0.4742,755.8,0.249,45,complete,0.2636,25685.1
1103,4,64,693,832.305,64,693,11,0.5152,845.7,0.1474,24,complete,0.2212,25703.0
1104,4,35,431,378.52,35,431,4,0.6085,826.5,0.2075,10,complete,0.25,25712.8
1105,3,57,1000,566.863,50,,8,0.397,694.5,0.3202,46,step_limit,0.2586,25738.5
1106,4,71,934,925.727,71,934,13,0.363,697.2,0.3572,48,complete,0.1519,25762.4
1107,4,71,1000,838.749,67,,12,0.547,875.0,0.278,29,step_limit,0.3019,25786.1
1108,4,48,831,588.685,48,831,9,0.528,788.4,0.3599,55,complete,0.216,25807.3
1109,3,55,866,720.624,55,866,10,0.3853,618.0,0.3166,101,complete,0.1785,25828.9
1110,3,34,769,415.039,34,769,6,0.4634,779.6,0.2062,31,complete,0.2846,25845.6
1111,4,61,986,754.494,61,986,11,0.4092,818.9,0.307,30,complete,0.228,25870.3
1112,4,34,1000,282.847,32,,5,0.5938,971.9,0.4239,47,step_limit,0.3533,25893.8
1113,4,45,692,553.609,45,692,8,0.5275,773.0,0.2588,37,complete,0.2278,25909.5
1114,3,76,1000,754.387,61,,11,0.4253,753.5,0.2124,47,step_limit,0.2602,25932.9
1115,3,29,642,353.302,29,642,5,0.5088,794.5,0.234,44,complete,0.3095,25947.4
1116,3,80,1000,872.637,68,,12,0.4837,768.9,0.2448,44,step_limit,0.2188,25970.6
1117,3,48,974,547.499,48,974,7,0.4422,742.6,0.2565,75,complete,0.2667,25993.3
1118,4,80,826,1054.63,80,826,14,0.4939,764.3,0.1724,10,complete,0.1848,26010.8
1119,4,54,1000,613.326,53,,8,0.5707,946.5,0.3479,61,step_limit,0.2785,26032.8
1120,3,57,1000,587.258,48,,9,0.4203,718.5,0.3615,84,step_limit,0.2243,26056.3
1121,4,43,1000,369.423,39,,6,0.506,907.9,0.5243,125,step_limit,0.235,26076.9
1122,3,56,1000,658.5,51,,10,0.464,655.3,0.3855,99,step_limit,0.2281,26100.2
1123,4,57,824,681.11,57,824,9,0.5094,805.7,0.2511,19,complete,0.2306,26117.9
1124,4,77,880,1052.062,77,880,15,0.4653,789.5,0.0693,17,complete,0.2077,26136.9
1125,3,30,767,343.38,30,767,5,0.5011,759.6,0.2662,42,complete,0.2554,26154.1
1126,3,48,965,574.369,48,965,8,0.4487,708.1,0.3009,114,complete,0.2438,26177.3
1127,4,45,521,575.391,45,521,8,0.5096,715.9,0.1695,11,complete,0.2382,26191.7
1128,3,54,1000,615.911,50,,9,0.5457,789.4,0.1584,42,step_limit,0.3333,26214.7
1129,3,52,866,666.376,52,866,9,0.4423,733.8,0.2707,40,complete,0.2063,26236.5
1130,3,42,876,540.449,42,876,8,0.4669,802.5,0.2728,48,complete,0.2572,26258.0
1131,4,68,1000,820.735,67,,11,0.5797,866.4,0.2225,14,step_limit,0.3148,26281.7
1132,3,65,1000,742.782,60,,10,0.48,764.8,0.1732,27,step_limit,0.245,26307.7
1133,3,32,680,366.481,32,680,5,0.3623,591.9,0.2949,41,complete,0.1759,26323.7
1134,4,76,1000,737.589,63,,11,0.6128,931.6,0.2991,72,step_limit,0.328,26345.7
1135,4,79,954,1072.448,79,954,15,0.3399,662.7,0.2779,26,complete,0.1458,26370.2
1136,4,22,489,224.167,22,489,3,0.5363,835.4,0.2665,10,complete,0.275,26381.4
1137,4,74,1000,850.081,67,,13,0.556,957.5,0.2219,18,step_limit,0.282,26405.6
1138,3,38,809,401.377,38,809,5,0.5476,791.5,0.1725,25,complete,0.3909,26425.5
1139,4,31,512,335.314,31,512,4,0.4795,701.2,0.1764,10,complete,0.1926,26436.7
1140,3,47,825,554.833,47,825,7,0.4655,710.7,0.2465,48,complete,0.236,26456.8
1141,3,37,745,446.674,37,745,6,0.5168,738.8,0.3111,40,complete,0.27,26473.5
1142,3,53,892,673.085,53,892,9,0.4809,783.7,0.1651,31,complete,0.2857,26495.4
1143,3,48,928,583.048,48,928,8,0.4749,741.3,0.313,57,complete,0.2626,26516.7
1144,3,70,1000,663.721,55,,10,0.4233,643.1,0.2924,63,step_limit,0.2437,26540.0
1145,4,48,618,569.03,48,618,7,0.3985,601.6,0.3157,21,complete,0.1186,26557.7
1146,3,45,1000,482.18,43,,7,0.543,797.2,0.2294,45,step_limit,0.3729,26580.6
1147,4,49,544,646.109,49,544,9,0.4678,745.9,0.2221,20,complete,0.1518,26595.2
1148,4,22,345,215.727,22,345,2,0.5246,794.7,0.1603,10,complete,0.2798,26603.2
1149,3,44,710,574.291,44,710,8,0.3582,594.1,0.3562,66,complete,0.1571,26621.8
1150,4,51,862,656.422,51,862,10,0.589,1024.3,0.2511,12,complete,0.3264,26644.0
1151,3,63,1000,724.929,58,,10,0.46,707.0,0.2114,50,step_limit,0.2621,26859.4
1152,3,47,1000,556.155,45,,8,0.489,750.5,0.3503,59,step_limit,0.2745,26885.4
1153,3,44,960,498.97,44,960,7,0.5222,784.8,0.2192,37,complete,0.3064,26910.7
1154,4,39,480,479.99,39,480,6,0.525,861.6,0.1794,21,complete,0.2386,26925.4
1155,3,52,941,628.985,52,941,8,0.4857,782.5,0.2769,29,complete,0.2698,26950.2
1156,4,59,765,778.654,59,765,11,0.485,862.2,0.2653,13,complete,0.2153,26971.5
1157,3,33,1000,383.991,32,,6,0.5757,781.5,0.525,290,step_limit,0.3409,26998.7
1158,4,55,1000,582.269,51,,9,0.6178,966.3,0.3578,53,step_limit,0.338,27025.4
1159,4,33,417,398.896,33,417,5,0.467,718.8,0.1204,8,complete,0.2143,27036.3
1160,4,71,1000,691.262,62,,10,0.6082,955.5,0.222,32,step_limit,0.3359,27061.9
1161,4,78,1000,835.421,65,,13,0.5347,667.1,0.48,192,step_limit,0.1728,27085.2
1162,3,27,489,355.319,27,489,5,0.407,606.6,0.3172,45,complete,0.1576,27097.7
1163,3,71,1000,738.01,59,,11,0.5073,760.4,0.2184,44,step_limit,0.2861,27122.2
1164,4,24,367,261.987,24,367,3,0.6437,990.7,0.1774,7,complete,0.2448,27130.3
1165,3,47,951,608.621,47,951,9,0.4406,764.3,0.2171,36,complete,0.2115,27152.2
1166,4,79,1000,982.522,75,,14,0.5823,941.9,0.1987,15,step_limit,0.2445,27176.7
1167,3,74,1000,801.042,65,,11,0.4273,757.0,0.2236,25,step_limit,0.2602,27199.9
1168,3,68,961,914.848,68,961,12,0.3666,724.5,0.1497,26,complete,0.1763,27224.3
1169,3,79,1000,759.038,63,,10,0.4083,747.7,0.3034,64,step_limit,0.2053,27247.4
1170,3,39,1000,421.138,36,,6,0.5173,688.2,0.558,374,step_limit,0.2652,27272.0
1171,4,25,574,241.904,25,574,3,0.3672,573.7,0.3871,68,complete,0.168,27285.5
1172,3,21,289,222.059,21,289,2,0.3691,595.4,0.0943,18,complete,0.1667,27293.4
1173,4,53,521,664.043,53,521,8,0.4611,683.5,0.1085,8,complete,0.1476,27306.1
1174,3,51,901,642.764,51,901,9,0.4636,708.6,0.2165,46,complete,0.2686,27327.6
1175,3,74,1000,763.999,63,,10,0.4533,759.5,0.2038,33,step_limit,0.254,27351.0
1176,3,66,1000,571.932,50,,8,0.5653,759.2,0.3464,219,step_limit,0.3464,27374.2
1177,3,66,1000,829.086,62,,12,0.3963,599.6,0.261,24,step_limit,0.1821,27398.7
1178,4,39,757,408.458,39,757,6,0.5968,1054.9,0.2286,15,complete,0.3804,27416.3
1179,3,21,505,190.407,21,505,2,0.5373,749.6,0.1903,23,complete,0.3464,27428.1
1180,3,33,722,374.413,33,722,5,0.4958,756.0,0.3467,63,complete,0.2252,27445.1
1181,3,41,1000,437.12,40,,6,0.5057,797.6,0.2685,80,step_limit,0.3121,27468.7
1182,4,48,625,600.233,48,625,8,0.56,894.8,0.1506,8,complete,0.275,27483.4
1183,4,22,415,202.836,22,415,2,0.6145,828.4,0.3065,17,complete,0.2778,27492.3
1184,4,24,357,294.637,24,357,4,0.4573,674.3,0.2737,29,complete,0.1611,27500.1
1185,3,79,1000,696.158,59,,10,0.384,610.9,0.3972,197,step_limit,0.2356,27520.0
1186,3,43,831,553.842,43,831,8,0.3971,758.6,0.2071,23,complete,0.2639,27537.5
1187,4,80,996,1035.225,80,996,14,0.4774,771.0,0.258,18,complete,0.2135,27558.4
1188,3,67,1000,867.536,65,,12,0.4367,614.4,0.2365,42,step_limit,0.1861,27578.4
1189,4,67,1000,661.845,60,,9,0.5903,1011.7,0.3278,45,step_limit,0.3017,27599.7
1190,3,28,705,280.161,28,705,4,0.4799,786.6,0.2708,40,complete,0.2286,27613.5
1191,3,67,1000,812.285,61,,12,0.478,745.8,0.2138,34,step_limit,0.2288,27634.3
1192,3,44,998,500.551,44,998,7,0.4302,793.4,0.2124,44,complete,0.297,27654.3
1193,4,53,559,648.825,53,559,8,0.3663,628.9,0.1745,16,complete,0.1084,27666.5
1194,4,27,448,304.436,27,448,4,0.4922,636.3,0.1432,12,complete,0.195,27675.2
1195,4,57,798,711.133,57,798,9,0.3628,635.6,0.3076,28,complete,0.1429,27693.1
1196,3,74,1000,895.041,67,,13,0.3517,662.4,0.2035,44,step_limit,0.1878,27713.4
1197,4,25,511,255.0,25,511,3,0.5807,804.4,0.4236,34,complete,0.2254,27725.6
1198,4,35,692,345.074,35,692,4,0.5686,870.8,0.3539,18,complete,0.288,27741.0
1199,4,29,705,269.083,29,705,4,0.6461,1038.8,0.3067,17,complete,0.4013,27758.0
1200,3,40,937,497.485,40,937,7,0.3646,656.5,0.3437,71,complete,0.2,27779.8
1201,3,43,1000,495.579,42,,7,0.4907,681.4,0.377,98,step_limit,0.2508,27979.4
1202,3,25,413,278.314,25,413,3,0.4237,527.4,0.3024,58,complete,0.1088,27989.0
1203,3,48,789,633.761,48,789,9,0.4313,682.0,0.1906,60,complete,0.2536,28007.5
1204,3,59,1000,697.646,55,,10,0.5057,772.7,0.2568,32,step_limit,0.2773,28032.7
1205,4,53,556,689.164,53,556,9,0.4766,744.9,0.1569,11,complete,0.1506,28045.0
1206,3,45,833,570.01,45,833,8,0.5082,745.9,0.2506,20,complete,0.25,28065.7
1207,3,72,1000,819.983,62,,12,0.4967,796.3,0.1751,53,step_limit,0.3222,28089.8
1208,3,68,1000,696.922,57,,10,0.4187,716.4,0.2418,42,step_limit,0.2807,28113.2
1209,4,37,423,400.507,37,423,4,0.5952,826.4,0.1337,10,complete,0.2585,28122.7
1210,3,40,655,481.862,40,655,6,0.4758,781.8,0.1413,18,complete,0.2771,28141.2
1211,4,40,455,526.43,40,455,7,0.4582,685.5,0.1105,9,complete,0.1952,28153.2
1212,4,47,741,588.045,47,741,8,0.5908,922.5,0.3281,10,complete,0.2769,28174.3
1213,4,44,617,537.793,44,617,7,0.5693,898.4,0.2185,10,complete,0.2711,28189.7
1214,3,54,1000,704.861,53,,10,0.5047,775.6,0.3149,88,step_limit,0.2222,28216.2
1215,3,71,1000,817.4,65,,11,0.463,763.5,0.2316,52,step_limit,0.2486,28243.2
1216,4,68,1000,581.6,55,,9,0.5687,816.0,0.4628,37,step_limit,0.2669,28270.8
1217,3,48,804,565.911,48,804,7,0.4706,787.2,0.2127,37,complete,0.2437,28291.8
1218,4,37,524,457.818,37,524,6,0.5372,785.3,0.2596,19,complete,0.2027,28307.1
1219,3,80,1000,858.726,67,,12,0.46,732.4,0.1601,34,step_limit,0.2564,28334.3
1220,3,63,1000,770.581,60,,11,0.4643,702.3,0.1763,38,step_limit,0.252,28360.5
1221,3,21,402,243.14,21,402,3,0.4909,769.7,0.083,11,complete,0.2979,28371.7
1222,3,59,915,779.842,59,915,11,0.3778,652.1,0.2595,54,complete,0.2,28394.4
1223,3,25,570,259.24,25,570,3,0.455,750.2,0.3773,51,complete,0.2299,28410.9
1224,3,53,1000,609.791,52,,8,0.468,739.7,0.2536,39,step_limit,0.2879,28437.9
1225,3,66,1000,839.059,65,,11,0.472,760.9,0.1749,19,step_limit,0.2646,28462.6
1226,4,39,620,460.585,39,620,6,0.4032,623.9,0.3927,15,complete,0.1646,28480.1
1227,4,70,794,945.583,70,794,13,0.4732,774.7,0.2233,29,complete,0.1756,28502.6
1228,3,52,1000,668.815,51,,10,0.472,747.4,0.1821,28,step_limit,0.2778,28528.3
1229,3,43,774,530.422,43,774,7,0.4905,703.4,0.2982,47,complete,0.2033,28550.0
1230,3,79,1000,712.467,61,,10,0.4827,696.7,0.1901,34,step_limit,0.2825,28578.4
1231,3,30,474,385.73,30,474,5,0.4037,613.4,0.1174,19,complete,0.1152,28590.4
1232,3,67,958,919.629,67,958,13,0.3626,618.1,0.2135,30,complete,0.164,28616.5
1233,4,36,627,371.253,36,627,4,0.6224,858.2,0.3374,13,complete,0.2708,28633.9
1234,3,71,1000,785.577,60,,12,0.3657,734.5,0.2072,42,step_limit,0.2542,28659.1
1235,4,57,762,734.629,57,762,10,0.5663,902.2,0.2282,12,complete,0.2451,28679.4
1236,4,53,927,673.018,53,927,10,0.5823,877.3,0.2971,22,complete,0.2866,28704.4
1237,4,71,1000,730.67,64,,10,0.6305,907.7,0.2304,16,step_limit,0.3217,28730.5
1238,4,65,1000,526.105,49,,9,0.588,877.0,0.3529,19,step_limit,0.3681,28757.0
1239,3,60,1000,715.69,56,,10,0.4917,787.9,0.2244,40,step_limit,0.2684,28783.8
1240,3,53,1000,575.47,50,,8,0.5197,775.2,0.283,37,step_limit,0.3208,28807.2
1241,3,80,1000,847.281,67,,12,0.4907,726.8,0.1737,22,step_limit,0.259,28829.6
1242,4,25,365,297.752,25,365,4,0.4616,831.1,0.0831,4,complete,0.1615,28839.5
1243,3,63,1000,580.986,50,,9,0.446,669.0,0.3149,60,step_limit,0.2643,28862.9
1244,4,36,753,354.524,36,753,5,0.571,916.8,0.2382,19,complete,0.3291,28881.1
1245,4,42,749,448.83,42,749,6,0.5674,979.3,0.2249,24,complete,0.2978,28897.6
1246,3,34,625,389.288,34,625,5,0.3851,510.8,0.2631,22,complete,0.152,28912.9
1247,4,41,629,481.718,41,629,6,0.5509,934.3,0.3056,9,complete,0.2342,28927.4
1248,4,56,773,696.487,56,773,10,0.5107,757.0,0.2994,45,complete,0.182,28947.4
1249,3,52,949,658.336,52,949,9,0.3846,657.6,0.241,23,complete,0.2159,28971.7
1250,3,29,641,348.129,29,641,5,0.5133,778.2,0.2472,25,complete,0.2886,28985.9
1251,3,71,1000,753.441,62,,10,0.4897,743.3,0.2138,38,step_limit,0.3013,29177.3
1252,4,79,1000,903.646,73,,13,0.5575,878.3,0.2235,21,step_limit,0.2898,29201.4
1253,4,71,1000,778.873,65,,11,0.585,953.9,0.1651,11,step_limit,0.3053,29227.1
1254,4,47,795,557.809,47,795,8,0.5651,806.9,0.2953,23,complete,0.2551,29246.8
1255,4,70,993,879.394,70,993,12,0.5287,818.1,0.2381,14,complete,0.2739,29269.5
1256,3,67,1000,706.927,55,,11,0.4367,725.5,0.2729,49,step_limit,0.265,29293.3
1257,3,41,1000,419.815,40,,6,0.4783,748.1,0.3528,57,step_limit,0.3267,29314.1
1258,4,41,526,516.219,41,526,7,0.5219,802.7,0.1774,11,complete,0.2042,29324.5
1259,3,67,1000,740.543,57,,11,0.481,767.2,0.2761,38,step_limit,0.2094,29346.2
1260,3,20,504,183.455,20,504,2,0.4696,786.9,0.3633,67,complete,0.1944,29356.4
1261,3,45,905,572.883,45,905,8,0.4317,690.0,0.1616,46,complete,0.2778,29374.5
1262,3,61,1000,791.666,60,,11,0.4817,798.1,0.2068,31,step_limit,0.2557,29397.5
1263,4,34,647,320.073,34,647,4,0.4872,753.7,0.2758,21,complete,0.2138,29410.8
1264,4,31,330,323.574,31,330,3,0.3629,577.2,0.1942,7,complete,0.1531,29417.5
1265,3,56,898,694.958,56,898,9,0.503,789.9,0.1049,28,complete,0.3182,29439.2
1266,3,23,505,272.737,23,505,4,0.396,533.6,0.3165,54,complete,0.1474,29450.9
1267,3,63,1000,531.395,49,,8,0.406,665.3,0.3983,107,step_limit,0.2063,29476.5
1268,3,39,551,528.739,39,551,7,0.4459,721.9,0.1621,23,complete,0.1787,29492.7
1269,4,70,1000,902.743,69,,13,0.5042,795.8,0.3127,26,step_limit,0.2233,29516.2
1270,4,39,587,496.428,39,587,7,0.546,860.7,0.2718,18,complete,0.2196,29530.6
1271,3,74,1000,898.557,69,,12,0.3757,695.1,0.2241,49,step_limit,0.1667,29552.7
1272,4,20,425,179.28,20,425,2,0.5847,977.0,0.1648,18,complete,0.3314,29563.4
1273,3,27,568,301.816,27,568,4,0.5581,781.3,0.2905,46,complete,0.3011,29576.7
1274,3,34,772,367.108,34,772,5,0.4978,768.3,0.2028,54,complete,0.3843,29595.1
1275,3,29,561,363.987,29,561,5,0.4926,771.6,0.1568,23,complete,0.2487,29607.8
1276,4,62,1000,704.877,60,,10,0.5907,954.6,0.2828,31,step_limit,0.3051,29632.6
1277,3,77,1000,657.506,54,,10,0.4017,649.1,0.419,220,step_limit,0.1922,29655.2
1278,3,59,1000,660.69,55,,9,0.4967,776.2,0.1242,24,step_limit,0.3395,29679.0
1279,4,39,714,476.896,39,714,7,0.5546,1045.4,0.1946,10,complete,0.3423,29696.5
1280,3,31,766,298.614,31,766,4,0.5226,771.9,0.3683,76,complete,0.2785,29713.6
1281,3,36,697,436.373,36,697,6,0.5342,796.3,0.1155,15,complete,0.3454,29731.5
1282,3,39,609,510.807,39,609,7,0.4587,758.2,0.1474,19,complete,0.1892,29744.9
1283,3,43,843,559.008,43,843,8,0.48,773.0,0.2752,45,complete,0.2456,29765.3
1284,4,25,551,271.032,25,551,4,0.6443,1008.0,0.3123,12,complete,0.4009,29778.0
1285,4,74,941,988.917,74,941,14,0.4857,692.4,0.3381,45,complete,0.1805,29804.6
1286,3,76,808,277.423,31,,5,0.5087,538.4,0.7582,485,no_progress,0.1781,29823.2
1287,4,59,984,730.769,59,984,11,0.5401,877.5,0.3633,66,complete,0.2962,29846.6
1288,4,77,900,1031.106,77,900,14,0.4275,680.1,0.2037,20,complete,0.1944,29868.7
1289,3,24,608,247.747,24,608,3,0.2478,604.2,0.3067,37,complete,0.113,29881.9
1290,4,52,677,629.258,52,677,8,0.5484,876.1,0.157,10,complete,0.2633,29899.0
1291,3,42,716,522.684,42,716,7,0.3399,754.7,0.1998,25,complete,0.2016,29915.6
1292,3,77,1000,803.008,62,,12,0.489,804.6,0.1664,30,step_limit,0.2989,29942.1
1293,4,76,927,971.452,76,927,13,0.5291,919.4,0.159,14,complete,0.2537,29964.9
1294,4,31,400,347.006,31,400,4,0.585,812.6,0.1755,10,complete,0.1887,29974.1
1295,4,61,1000,507.607,50,,8,0.6228,819.1,0.3324,14,step_limit,0.3355,30001.2
1296,3,50,873,623.84,50,873,8,0.4738,753.2,0.2915,113,complete,0.214,30023.6
1297,4,76,1000,857.832,70,,12,0.5457,907.5,0.2492,21,step_limit,0.3047,30051.1
1298,4,36,428,390.313,36,428,4,0.5234,761.0,0.1332,13,complete,0.1602,30062.0
1299,4,66,741,844.633,66,741,11,0.4595,788.5,0.1905,32,complete,0.2,30082.3
1300,3,21,450,216.129,21,450,3,0.5304,704.8,0.2496,43,complete,0.1773,30093.3
1301,3,47,907,581.109,47,907,8,0.4693,766.0,0.2312,36,complete,0.26,30303.7
1302,3,58,892,758.678,58,892,10,0.4611,782.9,0.2181,32,complete,0.2617,30327.3
1303,4,61,1000,715.679,58,,11,0.6138,932.3,0.278,19,step_limit,0.2965,30354.3
1304,3,67,1000,809.333,63,,11,0.4567,785.9,0.1897,46,step_limit,0.2347,30379.9
1305,4,61,905,749.151,61,905,10,0.45,788.0,0.3744,31,complete,0.2283,30405.5
1306,3,79,1000,810.41,66,,11,0.3973,589.4,0.3152,52,step_limit,0.2126,30433.0
1307,4,73,776,940.927,73,776,12,0.5335,748.4,0.1559,14,complete,0.1902,30456.1
1308,4,60,1000,666.04,56,,10,0.5837,1013.8,0.2789,14,step_limit,0.3333,30482.1
1309,4,77,969,1038.009,77,969,15,0.5374,754.4,0.2728,31,complete,0.2039,30505.7
1310,4,72,919,949.657,72,919,13,0.5245,881.7,0.1676,15,complete,0.2578,30528.7
1311,3,60,936,731.035,60,936,9,0.4587,766.8,0.2171,36,complete,0.2738,30550.8
1312,4,59,990,722.136,59,990,10,0.6063,975.8,0.2608,30,complete,0.344,30575.5
1313,3,72,1000,769.108,61,,11,0.475,700.9,0.2117,54,step_limit,0.2951,30600.3
1314,3,67,1000,665.275,57,,9,0.5083,778.2,0.1629,30,step_limit,0.3421,30625.4
1315,4,58,603,772.308,58,603,10,0.4942,845.0,0.1917,14,complete,0.1735,30639.4
1316,3,66,1000,695.3,57,,10,0.4877,789.0,0.1961,28,step_limit,0.3077,30663.8
1317,4,67,826,839.079,67,826,11,0.464,894.8,0.233,21,complete,0.2076,30683.3
1318,3,28,600,347.286,28,600,5,0.4844,781.9,0.1636,39,complete,0.2623,30698.6
1319,3,34,658,436.272,34,658,6,0.4569,776.9,0.1944,35,complete,0.2546,30713.2
1320,3,57,1000,604.747,53,,8,0.422,754.8,0.3107,41,step_limit,0.2485,30737.0
1321,4,59,749,716.589,59,749,9,0.4566,634.9,0.2698,37,complete,0.1761,30756.6
1322,3,39,846,475.22,39,846,7,0.5355,771.7,0.3234,100,complete,0.2682,30775.6
1323,4,48,1000,507.467,44,,8,0.613,866.0,0.5394,306,step_limit,0.3137,30800.0
1324,4,52,717,666.397,52,717,9,0.4247,686.1,0.2775,31,complete,0.1264,30816.8
1325,4,40,495,445.2,40,495,5,0.5066,654.9,0.227,16,complete,0.1824,30830.0
1326,3,40,952,428.26,40,952,6,0.5084,799.6,0.3028,38,complete,0.2951,30851.8
1327,3,23,433,256.375,23,433,3,0.485,754.8,0.1659,28,complete,0.2815,30863.4
1328,4,25,786,198.096,25,786,3,0.5353,813.4,0.4758,36,complete,0.2899,30881.2
1329,3,51,994,646.751,51,994,9,0.4953,779.4,0.2773,59,complete,0.305,30906.5
1330,4,42,871,466.608,42,871,7,0.6487,1009.1,0.253,25,complete,0.359,30927.8
1331,4,48,841,520.952,48,841,7,0.5696,980.7,0.2368,26,complete,0.3416,30946.4
1332,4,21,340,232.229,21,340,3,0.5368,853.7,0.2177,14,complete,0.1437,30954.1
1333,4,42,578,492.613,42,578,6,0.5593,896.3,0.1842,13,complete,0.2138,30967.9
1334,4,30,681,340.667,30,681,5,0.5947,891.9,0.244,12,complete,0.3556,30981.4
1335,4,52,806,606.46,52,806,8,0.4305,664.3,0.2661,20,complete,0.1893,30999.0
1336,3,31,721,322.27,31,721,4,0.4919,737.7,0.2685,30,complete,0.2603,31014.3
1337,4,70,955,909.297,70,955,13,0.4254,743.0,0.2629,20,complete,0.1767,31034.5
1338,3,80,1000,896.421,70,,12,0.454,708.1,0.2297,47,step_limit,0.246,31053.8
1339,4,74,1000,826.049,66,,12,0.408,729.0,0.3931,77,step_limit,0.2154,31076.8
1340,4,77,1000,824.566,66,,13,0.552,802.3,0.2595,22,step_limit,0.2722,31099.3
1341,4,30,488,328.133,30,488,4,0.3704,571.9,0.2713,36,complete,0.1468,31108.6
1342,4,59,1000,671.153,58,,9,0.607,988.3,0.3045,35,step_limit,0.3279,31129.9
1343,4,28,691,279.789,28,691,4,0.5691,841.6,0.3915,50,complete,0.3204,31145.1
1344,3,48,747,651.334,48,747,9,0.4444,784.9,0.2144,32,complete,0.1884,31163.7
1345,3,61,999,799.728,61,999,11,0.4668,757.2,0.264,39,complete,0.2222,31186.9
1346,3,54,980,645.878,54,980,9,0.4524,708.3,0.2541,45,complete,0.2583,31210.5
1347,3,68,1000,719.044,56,,11,0.4353,792.8,0.3366,34,step_limit,0.2701,31235.4
1348,3,25,339,313.246,25,339,4,0.4277,716.2,0.1506,17,complete,0.1917,31243.0
1349,4,33,507,421.926,33,507,6,0.5602,840.9,0.2084,14,complete,0.2538,31254.4
1350,3,70,1000,906.737,69,,12,0.3577,720.3,0.1627,20,step_limit,0.2154,31278.5
1351,3,42,640,539.971,42,640,7,0.4062,718.7,0.1028,22,complete,0.2333,31468.8
1352,3,30,576,300.28,30,576,3,0.5203,791.2,0.1302,28,complete,0.3438,31482.2
1353,3,55,999,691.374,55,999,10,0.4878,773.7,0.1924,23,complete,0.2936,31506.0
1354,3,25,809,269.758,25,809,4,0.5909,741.1,0.5562,359,complete,0.3519,31523.7
1355,3,54,1000,695.428,53,,10,0.3727,579.0,0.3252,57,step_limit,0.1411,31547.5
1356,4,76,1000,812.742,66,,12,0.5743,862.7,0.2378,21,step_limit,0.3058,31572.5
1357,3,61,1000,585.982,50,,9,0.497,771.3,0.2935,51,step_limit,0.3211,31594.4
1358,4,36,489,419.362,36,489,5,0.4918,876.0,0.1789,11,complete,0.2192,31607.7
1359,3,38,982,395.879,38,982,6,0.4946,755.4,0.2294,35,complete,0.4048,31635.8
1360,3,22,512,204.804,22,512,2,0.4629,736.1,0.2437,30,complete,0.2431,31649.5
1361,3,53,936,662.058,53,936,9,0.4904,784.7,0.179,23,complete,0.3036,31675.8
1362,3,69,1000,804.687,64,,11,0.4333,676.1,0.1648,34,step_limit,0.2604,31705.8
1363,4,80,1000,905.465,74,,12,0.5657,837.2,0.2723,34,step_limit,0.2482,31732.4
1364,3,73,1000,487.867,46,,8,0.493,758.2,0.4478,118,step_limit,0.2461,31760.0
1365,4,36,701,386.782,36,701,5,0.617,963.7,0.2717,18,complete,0.3013,31779.8
1366,3,76,1000,892.437,66,,13,0.427,773.4,0.2422,40,step_limit,0.2865,31807.1
1367,4,75,905,996.419,75,905,14,0.4135,695.5,0.2159,20,complete,0.1871,31831.5
1368,4,47,719,523.58,47,719,7,0.4899,828.0,0.3117,20,complete,0.2143,31851.9
1369,4,68,921,857.625,68,921,12,0.5537,916.0,0.196,14,complete,0.2597,31876.5
1370,4,48,750,546.4,48,750,7,0.577,980.4,0.2898,70,complete,0.3144,31895.7
1371,4,24,363,287.247,24,363,4,0.5613,800.9,0.1112,4,complete,0.2217,31906.5
1372,4,55,1000,558.931,52,,8,0.585,908.1,0.3442,66,step_limit,0.3146,31932.3
1373,3,23,842,165.127,20,,2,0.593,711.0,0.6518,449,no_progress,0.2527,31955.0
1374,3,27,481,318.781,27,481,4,0.4595,770.6,0.0964,10,complete,0.2619,31967.4
1375,3,63,1000,707.157,56,,10,0.4657,732.2,0.2554,94,step_limit,0.3012,31992.8
1376,4,56,944,694.783,56,944,10,0.5726,904.4,0.2712,12,complete,0.3292,32016.1
1377,3,60,1000,658.375,55,,9,0.4943,790.5,0.2485,66,step_limit,0.319,32042.5
1378,3,73,1000,778.832,62,,11,0.3953,722.4,0.2476,40,step_limit,0.1958,32064.5
1379,3,49,944,605.582,49,944,8,0.4629,796.7,0.3329,67,complete,0.2577,32087.5
1380,3,67,900,903.06,67,900,12,0.38,680.5,0.1714,36,complete,0.1638,32109.4
1381,3,63,983,830.067,63,983,11,0.4449,712.7,0.2156,37,complete,0.2104,32131.6
1382,3,74,1000,663.241,56,,10,0.506,771.2,0.2855,43,step_limit,0.2768,32156.0
1383,3,48,1000,423.994,38,,7,0.4877,680.1,0.4615,264,step_limit,0.2778,32179.9
1384,4,26,414,255.286,26,414,3,0.6582,850.8,0.2545,11,complete,0.295,32188.9
1385,3,38,719,451.398,38,719,6,0.4687,735.4,0.1635,23,complete,0.2381,32205.3
1386,3,20,382,239.915,20,382,3,0.3935,601.0,0.2106,31,complete,0.2222,32215.0
1387,4,36,821,350.316,36,821,5,0.6303,908.5,0.2919,52,complete,0.3409,32233.9
1388,3,50,1000,622.678,49,,9,0.4927,791.9,0.2113,52,step_limit,0.2523,32258.4
1389,3,77,1000,877.79,68,,12,0.415,715.5,0.2164,26,step_limit,0.2231,32281.9
1390,4,20,314,197.08,20,314,2,0.4427,606.6,0.2278,22,complete,0.1081,32288.8
1391,4,64,879,802.984,64,879,11,0.5301,763.2,0.2625,18,complete,0.2231,32310.7
1392,3,63,1000,716.162,60,,9,0.488,751.2,0.1873,43,step_limit,0.27,32332.5
1393,4,76,1000,841.374,70,,12,0.5825,853.2,0.271,23,step_limit,0.2615,32356.1
1394,4,23,715,223.0,23,715,4,0.6182,968.5,0.2992,36,complete,0.3694,32372.1
1395,3,25,503,290.782,25,503,4,0.4698,709.9,0.2615,35,complete,0.2469,32384.7
1396,3,59,1000,462.958,41,,8,0.51,706.3,0.4747,260,step_limit,0.3095,32406.9
1397,4,49,701,595.707,49,701,8,0.535,785.2,0.208,8,complete,0.2337,32424.8
1398,4,66,691,881.815,66,691,12,0.4685,757.3,0.2048,23,complete,0.1836,32441.7
1399,3,69,1000,687.8,56,,10,0.4637,794.5,0.2146,50,step_limit,0.2891,32465.6
1400,3,50,862,650.534,50,862,9,0.4954,787.9,0.1872,25,complete,0.2564,32487.4
1401,4,71,898,890.519,71,898,12,0.4073,721.8,0.2606,24,complete,0.188,32684.4
1402,3,44,915,555.493,44,915,8,0.455,756.5,0.2061,50,complete,0.3,32705.8
1403,3,67,1000,690.54,56,,10,0.514,775.3,0.319,60,step_limit,0.25,32729.8
1404,4,45,585,576.182,45,585,8,0.5064,757.2,0.2772,22,complete,0.1741,32742.8
1405,3,39,788,451.952,39,788,6,0.5685,795.7,0.2144,39,complete,0.3444,32761.9
1406,3,67,1000,685.391,59,,9,0.413,787.4,0.2998,68,step_limit,0.2528,32785.4
1407,4,73,1000,626.46,60,,9,0.6058,941.7,0.215,17,step_limit,0.3569,32809.2
1408,4,61,849,783.824,61,849,11,0.5506,914.5,0.2253,46,complete,0.2593,32829.9
1409,4,73,869,956.424,73,869,13,0.5521,818.6,0.1888,12,complete,0.2333,32851.6
1410,4,74,1000,816.119,67,,12,0.6008,834.5,0.298,44,step_limit,0.2744,32874.1
1411,3,29,607,359.359,29,607,5,0.5228,780.3,0.206,34,complete,0.3118,32888.4
1412,4,25,338,279.84,25,338,3,0.5089,825.6,0.0834,6,complete,0.2551,32895.8
1413,3,67,1000,646.1,53,,10,0.493,759.1,0.3108,38,step_limit,0.2685,32920.1
1414,3,55,1000,573.871,50,,8,0.5377,784.7,0.2337,46,step_limit,0.3455,32941.6
1415,3,54,1000,644.683,52,,9,0.498,776.4,0.2507,40,step_limit,0.2932,32965.7
1416,4,23,398,284.028,23,398,4,0.576,800.4,0.2188,19,complete,0.2174,32974.7
1417,4,70,917,890.229,70,917,12,0.455,670.8,0.3098,16,complete,0.1803,32997.0
1418,4,37,821,379.192,37,821,6,0.6346,1056.6,0.1674,26,complete,0.4099,33016.9
1419,3,42,651,506.106,42,651,6,0.4941,753.4,0.1148,12,complete,0.2458,33031.3
1420,4,49,542,622.091,49,542,8,0.53,738.9,0.1746,9,complete,0.1972,33043.0
1421,4,31,517,360.507,31,517,5,0.4101,726.0,0.2697,9,complete,0.1949,33055.9
1422,3,45,906,494.107,45,906,6,0.5099,751.5,0.3284,98,complete,0.2887,33076.7
1423,4,34,669,380.452,34,669,5,0.3797,712.8,0.2795,18,complete,0.1994,33094.1
1424,3,23,547,212.847,23,547,2,0.5539,788.5,0.36,33,complete,0.2692,33106.6
1425,3,56,1000,636.971,50,,10,0.5133,795.8,0.2601,35,step_limit,0.3178,33131.2
1426,4,80,1000,1007.455,76,,15,0.5345,888.2,0.2975,24,step_limit,0.2321,33155.6
1427,4,76,840,998.447,76,840,13,0.4908,679.4,0.292,17,complete,0.1813,33176.1
1428,4,31,666,302.612,31,666,4,0.6498,1012.3,0.204,10,complete,0.4437,33192.1
1429,3,48,999,603.342,48,999,9,0.4785,775.0,0.1946,44,complete,0.2904,33213.9
1430,3,37,737,434.493,37,737,6,0.4261,716.1,0.2425,47,complete,0.2675,33232.1
1431,4,26,548,286.695,26,548,4,0.6373,1048.9,0.1815,18,complete,0.332,33244.4
1432,4,72,1000,818.667,70,,11,0.5747,968.8,0.2659,25,step_limit,0.2992,33269.1
1433,3,67,1000,677.527,55,,10,0.481,783.9,0.2174,60,step_limit,0.3512,33293.4
1434,4,69,754,907.347,69,754,12,0.4453,584.0,0.1502,20,complete,0.1589,33311.0
1435,4,40,478,479.98,40,478,6,0.4801,729.4,0.1484,12,complete,0.1875,33322.9
1436,3,52,1000,660.092,51,,10,0.428,722.6,0.2053,30,step_limit,0.2438,33345.6
1437,3,25,583,277.378,25,583,4,0.4191,746.3,0.3386,106,complete,0.2742,33359.9
1438,4,45,508,565.369,45,508,7,0.373,598.9,0.1897,10,complete,0.1378,33372.6
1439,4,68,846,910.031,68,846,13,0.5015,844.1,0.2006,16,complete,0.2303,33395.7
1440,3,31,733,336.639,31,733,5,0.4534,780.6,0.3622,99,complete,0.2206,33413.7
1441,3,60,1000,622.38,52,,9,0.4973,799.3,0.2126,40,step_limit,0.3485,33440.7
1442,4,23,387,209.72,23,387,2,0.5491,818.1,0.1506,20,complete,0.2616,33450.6
1443,3,58,1000,638.155,53,,9,0.4967,778.0,0.1939,24,step_limit,0.3137,33478.3
1444,3,65,1000,777.358,61,,11,0.4797,779.1,0.1607,29,step_limit,0.2593,33505.6
1445,3,45,677,598.89,45,677,8,0.3584,522.2,0.2991,93,complete,0.1389,33524.5
1446,3,50,916,601.706,50,916,8,0.4993,787.9,0.2843,76,complete,0.2993,33548.2
1447,4,30,497,333.44,30,497,4,0.4809,803.0,0.3472,17,complete,0.2458,33562.2
1448,3,28,497,327.265,28,497,4,0.4608,790.9,0.1619,21,complete,0.2316,33574.8
1449,4,33,785,374.77,33,785,6,0.6022,965.0,0.2552,11,complete,0.4137,33596.0
1450,3,34,685,384.435,34,685,5,0.5002,720.8,0.2608,23,complete,0.2838,33614.7
1451,3,36,990,367.692,36,990,5,0.5273,801.7,0.4121,104,complete,0.2884,33831.2
1452,4,58,758,702.377,58,758,9,0.5607,908.4,0.2469,15,complete,0.2429,33848.6
1453,3,55,810,734.505,55,810,10,0.4247,706.3,0.1892,27,complete,0.1924,33868.8
1454,3,74,1000,847.955,65,,12,0.441,651.0,0.1702,26,step_limit,0.2285,33892.7
1455,3,42,807,545.09,42,807,8,0.4122,664.5,0.2724,65,complete,0.2246,33913.6
1456,3,36,939,431.847,36,939,7,0.5002,777.6,0.3051,92,complete,0.3259,33938.2
1457,4,39,586,486.663,39,586,7,0.5802,828.2,0.1712,11,complete,0.2273,33951.9
1458,4,46,674,581.249,46,674,8,0.4711,805.5,0.2375,13,complete,0.2247,33971.0
1459,4,79,1000,905.742,73,,13,0.5723,819.6,0.3078,40,step_limit,0.2574,33997.4
1460,4,73,1000,762.69,64,,11,0.6172,833.9,0.2892,58,step_limit,0.3177,34022.7
1461,3,79,1000,786.882,61,,12,0.469,779.2,0.1322,20,step_limit,0.2814,34046.8
1462,3,42,928,507.617,42,928,7,0.5212,798.5,0.2909,100,complete,0.3014,34070.5
1463,3,46,1000,535.074,44,,8,0.413,745.6,0.3388,55,step_limit,0.2606,34093.0
1464,4,22,457,258.593,22,457,4,0.5722,874.5,0.2357,9,complete,0.2611,34104.5
1465,4,27,693,261.999,27,693,4,0.6378,973.4,0.2899,24,complete,0.3864,34120.0
1466,3,49,993,629.649,49,993,9,0.4864,796.7,0.1935,89,complete,0.2987,34145.3
1467,3,45,1000,505.413,43,,7,0.5407,767.4,0.4481,199,step_limit,0.3064,34169.8
1468,4,68,873,890.956,68,873,13,0.4344,735.3,0.288,18,complete,0.1693,34190.0
1469,3,36,874,405.463,36,874,6,0.4649,755.9,0.2054,22,complete,0.314,34211.1
1470,3,31,764,343.199,31,764,5,0.5017,785.2,0.2798,66,complete,0.3465,34228.4
1471,4,62,975,760.865,62,975,11,0.5821,976.8,0.2577,17,complete,0.3238,34253.0
1472,4,31,568,348.661,31,568,5,0.5352,839.7,0.2552,16,complete,0.2649,34265.8
1473,3,75,1000,847.924,66,,12,0.4397,696.1,0.2603,27,step_limit,0.2369,34290.2
1474,4,78,1000,911.6,73,,13,0.5343,816.5,0.3287,38,step_limit,0.2616,34313.8
1475,4,46,943,478.141,46,943,7,0.628,1058.8,0.2327,36,complete,0.3775,34335.8
1476,3,54,889,679.058,54,889,9,0.4897,781.6,0.1573,18,complete,0.2484,34355.9
1477,3,61,1000,770.167,59,,11,0.508,789.1,0.1972,31,step_limit,0.3279,34380.2
1478,4,45,595,545.978,45,595,7,0.5794,957.0,0.1385,8,complete,0.269,34392.6
1479,3,80,1000,775.489,63,,11,0.5127,773.0,0.1922,29,step_limit,0.2725,34414.2
1480,4,39,643,478.577,39,643,7,0.5902,931.1,0.1935,14,complete,0.3441,34427.8
1481,3,70,1000,781.554,62,,11,0.4803,773.9,0.1286,25,step_limit,0.295,34450.3
1482,3,62,898,821.491,62,898,11,0.3942,668.4,0.1601,20,complete,0.2124,34470.8
1483,3,39,691,435.693,39,691,5,0.549,754.1,0.1463,32,complete,0.3291,34484.1
1484,4,69,1000,779.855,63,,12,0.5245,743.7,0.3661,20,step_limit,0.25,34506.1
1485,3,51,1000,589.959,49,,8,0.502,783.6,0.2653,84,step_limit,0.3208,34528.3
1486,4,66,1000,642.291,60,,9,0.5723,947.1,0.2286,10,step_limit,0.3496,34551.6
1487,3,37,847,422.963,37,847,6,0.3747,667.0,0.3181,92,complete,0.2235,34572.1
1488,3,62,1000,550.113,48,,8,0.516,696.7,0.3515,230,step_limit,0.2298,34594.9
1489,3,24,510,247.537,24,510,3,0.5026,783.6,0.1619,45,complete,0.2821,34607.9
1490,3,77,1000,707.591,60,,10,0.5087,779.7,0.2257,33,step_limit,0.302,34629.7
1491,4,59,744,786.471,59,744,11,0.502,908.6,0.1748,22,complete,0.2202,34648.4
1492,4,60,957,715.1,60,957,10,0.6254,954.5,0.2593,20,complete,0.2982,34670.4
1493,3,29,574,353.614,29,574,5,0.4518,752.4,0.1855,28,complete,0.2312,34685.5
1494,3,78,1000,774.065,65,,10,0.3863,657.5,0.3453,79,step_limit,0.2094,34710.3
1495,3,34,622,439.416,34,622,6,0.4362,772.5,0.2019,21,complete,0.2424,34724.5
1496,4,31,825,235.129,31,825,3,0.6145,893.7,0.3824,38,complete,0.2952,34744.1
1497,4,57,902,709.773,57,902,10,0.5779,968.2,0.2495,15,complete,0.3568,34765.9
1498,3,27,593,302.71,27,593,4,0.5396,793.9,0.2914,42,complete,0.2599,34782.8
1499,4,31,832,320.475,31,832,5,0.6559,1012.4,0.3882,99,complete,0.4226,34802.8
1500,3,50,1000,484.39,43,,7,0.4713,716.1,0.365,55,step_limit,0.2857,34828.1
