episode,steps,team_reward,worker_reward,delivered,makespan,t_last_deliv,idle_drones,reloads,arrivals,blocked,hop2plus,max_reach,stall_ratio,max_stall_run,term_reason,comm_loss,env_steps,wall_sec
1,1000,530.0,26.23,39,,869,0,6,52,1716,0.573,834.6,0.4542,132,step_limit,0,1000,2.0
2,1000,620.0,38.652,45,,992,0,7,42,1371,0.6278,897.5,0.3726,21,step_limit,0,2000,3.6
3,1000,590.0,32.33,42,,920,0,7,40,1484,0.5717,859.2,0.4027,38,step_limit,0,3000,5.3
4,1000,530.0,31.94,39,,989,0,6,36,1509,0.6322,891.7,0.3973,43,step_limit,0,4000,7.0
5,1000,580.0,40.143,44,,998,0,6,57,1434,0.6358,897.5,0.3824,21,step_limit,0,5000,8.8
6,1000,630.0,69.117,46,,869,0,7,159,1370,0.6072,851.5,0.3727,90,step_limit,0,6000,18.6
7,1000,250.0,122.799,23,,683,0,2,568,2056,0.48,595.5,0.5416,319,step_limit,0,7000,40.9
8,1000,320.0,35.917,27,,502,0,3,263,2397,0.553,627.2,0.6386,498,step_limit,0,8000,86.7
9,1000,600.0,115.885,43,,731,0,7,408,1540,0.4875,872.2,0.4194,65,step_limit,0,9000,136.6
10,1000,460.0,74.082,35,,890,0,5,270,1736,0.514,846.2,0.4575,106,step_limit,0,10000,184.2
11,1000,520.0,120.265,41,,943,0,5,293,976,0.4637,795.8,0.2677,91,step_limit,0,11000,233.7
12,648,94.08,-43.371,12,,149,0,0,16,2096,0.7164,773.8,0.843,324,no_progress,0,11648,264.5
13,1000,470.0,36.366,36,,976,0,5,117,1770,0.5587,832.9,0.4735,79,step_limit,0,12648,311.7
14,1000,590.0,53.974,42,,997,0,7,76,1184,0.5687,878.9,0.3264,112,step_limit,0,13648,359.1
15,1000,550.0,68.484,41,,983,0,6,170,1375,0.5805,888.9,0.371,72,step_limit,0,14648,408.7
16,1000,570.0,68.341,43,,978,0,6,192,1388,0.516,862.6,0.3776,90,step_limit,0,15648,456.4
17,1000,460.0,4.184,35,,981,0,5,59,2135,0.6318,876.2,0.5754,137,step_limit,0,16648,505.6
18,1000,590.0,113.509,42,,906,0,7,308,1156,0.452,755.0,0.3137,54,step_limit,0,17648,552.9
19,1000,540.0,22.159,40,,697,0,6,36,1668,0.6072,835.9,0.4467,258,step_limit,0,18648,600.1
20,1000,670.0,84.243,47,,940,0,8,150,1053,0.516,909.2,0.2813,22,step_limit,0,19648,650.1
21,1000,560.0,123.727,42,,920,0,6,322,965,0.4808,802.4,0.256,49,step_limit,0,20648,698.1
22,1000,610.0,23.11,41,,937,0,8,32,1616,0.632,854.7,0.4373,40,step_limit,0,21648,747.2
23,1000,630.0,51.193,46,,938,0,7,78,1310,0.5675,907.3,0.3518,58,step_limit,0,22648,793.4
24,1000,640.0,55.633,47,,991,0,7,95,1275,0.6225,864.6,0.3472,60,step_limit,0,23648,841.0
25,1000,430.0,22.556,35,,927,0,4,35,1642,0.6465,896.0,0.4397,56,step_limit,0,24648,885.0
26,1000,560.0,47.502,42,,964,0,6,123,1564,0.6028,921.8,0.4243,38,step_limit,0,25648,933.0
27,1000,590.0,29.895,45,,986,0,6,51,1583,0.6385,910.9,0.4264,86,step_limit,0,26648,982.2
28,1000,580.0,38.195,44,,952,0,6,40,1361,0.638,905.1,0.366,27,step_limit,0,27648,1030.1
29,1000,580.0,39.013,41,,939,0,7,60,1507,0.5238,794.7,0.4001,44,step_limit,0,28648,1079.3
30,1000,580.0,54.854,41,,822,0,7,112,1434,0.5465,893.9,0.3804,56,step_limit,0,29648,1126.7
31,1000,560.0,24.058,42,,1000,0,6,36,1636,0.6282,904.0,0.4384,53,step_limit,0,30648,1174.0
32,1000,640.0,35.741,44,,999,0,8,78,1592,0.629,885.3,0.4375,31,step_limit,0,31648,1224.3
33,1000,650.0,44.583,45,,896,0,8,61,1404,0.5753,928.2,0.3778,104,step_limit,0,32648,1263.4
34,1000,580.0,18.619,41,,860,0,7,38,1711,0.6488,918.0,0.4667,76,step_limit,0,33648,1310.7
35,1000,600.0,49.731,43,,971,0,7,55,1294,0.5855,843.0,0.3397,46,step_limit,0,34648,1360.1
36,1000,610.0,23.655,44,,863,0,7,40,1611,0.6525,951.5,0.4406,58,step_limit,0,35648,1407.5
37,1000,570.0,38.699,40,,964,0,7,45,1424,0.5403,886.5,0.379,60,step_limit,0,36648,1457.0
38,1000,620.0,37.816,45,,950,0,7,46,1395,0.6135,944.5,0.3659,35,step_limit,0,37648,1504.8
39,1000,520.0,23.582,38,,972,0,6,37,1677,0.6382,859.8,0.445,121,step_limit,0,38648,1552.6
40,1000,470.0,36.515,33,,998,0,6,88,1668,0.6032,681.6,0.4365,144,step_limit,0,39648,1601.6
41,1000,550.0,21.638,41,,985,0,6,62,1786,0.617,871.2,0.4814,97,step_limit,0,40648,1647.7
42,1000,440.0,35.064,33,,953,0,5,135,1868,0.5032,766.4,0.5012,120,step_limit,0,41648,1693.5
43,1000,450.0,58.899,34,,970,0,5,97,1344,0.509,824.1,0.3488,43,step_limit,0,42648,1741.9
44,1000,590.0,52.81,45,,949,0,6,60,1202,0.6392,887.6,0.3125,51,step_limit,0,43648,1787.8
45,1000,480.0,17.606,37,,942,0,5,33,1802,0.6405,815.1,0.4679,59,step_limit,0,44648,1834.5
46,1000,310.0,-8.727,26,,849,0,3,27,2253,0.5897,767.0,0.5932,53,step_limit,0,45648,1882.0
47,1000,660.0,73.079,49,,958,0,7,118,1126,0.5847,961.0,0.296,36,step_limit,0,46648,1930.9
48,1000,400.0,22.537,32,,687,0,4,120,2076,0.563,712.5,0.5363,219,step_limit,0,47648,1978.6
49,1000,450.0,23.634,34,,967,0,5,79,1882,0.6368,892.7,0.4938,78,step_limit,0,48648,2025.8
50,1000,450.0,16.749,34,,968,0,5,68,1968,0.5537,808.3,0.5204,79,step_limit,0,49648,2074.1
51,1000,430.0,59.099,32,,975,0,5,192,1692,0.5248,671.0,0.45,153,step_limit,0,50648,2137.9
52,1000,530.0,54.163,39,,910,0,6,131,1518,0.6032,765.6,0.4079,86,step_limit,0,51648,2185.3
53,1000,570.0,81.065,43,,949,0,6,152,1065,0.5633,968.8,0.279,21,step_limit,0,52648,2234.7
54,1000,610.0,106.729,44,,800,0,7,285,1179,0.5188,889.9,0.3143,28,step_limit,0,53648,2282.8
55,1000,310.0,72.814,26,,936,0,3,377,2245,0.4968,612.8,0.5964,84,step_limit,0,54648,2330.1
56,1000,330.0,-33.552,28,,969,0,3,26,2678,0.607,771.2,0.7104,220,step_limit,0,55648,2379.9
57,1000,630.0,22.741,46,,979,0,7,65,1781,0.6018,864.7,0.4877,77,step_limit,0,56648,2427.8
58,1000,490.0,13.629,35,,937,0,6,65,1942,0.5675,753.7,0.5259,72,step_limit,0,57648,2476.8
59,948,362.08,-14.087,31,,449,0,3,74,2410,0.635,709.5,0.6847,499,no_progress,0,58596,2522.0
60,1000,500.0,44.415,36,,872,0,6,83,1546,0.5683,937.2,0.4053,59,step_limit,0,59596,2569.6
61,1000,710.0,50.485,48,,947,0,9,61,1275,0.641,884.6,0.3396,38,step_limit,0,60596,2614.3
62,1000,460.0,33.397,35,,972,0,5,130,1861,0.5925,844.9,0.4989,39,step_limit,0,61596,2654.5
63,1000,490.0,83.054,38,,951,0,5,203,1270,0.4345,893.3,0.3414,44,step_limit,0,62596,2702.9
64,1000,540.0,50.291,40,,945,0,6,75,1340,0.5733,936.6,0.3603,19,step_limit,0,63596,2752.0
65,1000,600.0,61.399,43,,916,0,7,57,1072,0.5435,825.3,0.2871,44,step_limit,0,64596,2799.8
66,1000,500.0,14.852,36,,851,0,6,43,1909,0.649,861.2,0.5059,59,step_limit,0,65596,2844.9
67,1000,690.0,59.465,49,,957,0,8,49,1034,0.5655,936.9,0.275,27,step_limit,0,66596,2891.6
68,1000,460.0,60.577,35,,959,0,5,220,1734,0.6038,924.1,0.4629,91,step_limit,0,67596,2939.5
69,1000,630.0,67.654,46,,988,0,7,56,885,0.6565,908.4,0.2312,19,step_limit,0,68596,2988.3
70,1000,630.0,43.027,46,,942,0,7,54,1371,0.6182,911.6,0.3646,47,step_limit,0,69596,3036.4
71,1000,510.0,43.65,40,,999,0,5,68,1505,0.584,940.6,0.3863,58,step_limit,0,70596,3086.3
72,1000,320.0,20.429,27,,855,0,3,96,2034,0.5547,698.9,0.5294,94,step_limit,0,71596,3133.5
73,1000,510.0,13.73,37,,990,0,6,35,1828,0.6278,756.8,0.4952,46,step_limit,0,72596,3181.6
74,1000,470.0,-12.861,36,,879,0,5,55,2384,0.6222,807.3,0.6507,177,step_limit,0,73596,3231.3
75,1000,570.0,49.401,43,,957,0,6,81,1318,0.583,874.2,0.3592,83,step_limit,0,74596,3279.7
76,1000,450.0,94.736,34,,809,0,5,395,1881,0.4795,848.4,0.5068,39,step_limit,0,75596,3329.3
77,1000,460.0,34.895,35,,1000,0,5,121,1826,0.52,705.7,0.4942,172,step_limit,0,76596,3376.7
78,1000,530.0,67.868,39,,847,0,6,209,1574,0.5302,748.6,0.4264,31,step_limit,0,77596,3425.4
79,1000,600.0,64.111,43,,950,0,7,116,1243,0.531,863.8,0.3277,16,step_limit,0,78596,3473.5
80,1000,540.0,42.667,40,,989,0,6,70,1498,0.574,897.3,0.3981,44,step_limit,0,79596,3518.3
81,1000,470.0,30.642,36,,818,0,5,77,1737,0.587,875.2,0.45,157,step_limit,0,80596,3564.2
82,1000,550.0,30.374,41,,948,0,6,51,1613,0.6252,934.2,0.4293,38,step_limit,0,81596,3613.2
83,1000,630.0,56.771,46,,932,0,7,61,1182,0.6332,881.9,0.3019,43,step_limit,0,82596,3660.7
84,1000,580.0,28.497,44,,947,0,6,36,1523,0.5885,909.9,0.4168,42,step_limit,0,83596,3708.4
85,1000,570.0,51.765,43,,944,0,6,56,1247,0.617,866.7,0.3244,28,step_limit,0,84596,3756.6
86,902,383.92,105.685,30,,403,0,4,513,1964,0.5283,736.5,0.5955,230,no_progress,0,85498,3796.7
87,1000,600.0,68.252,43,,960,0,7,87,1028,0.6025,875.1,0.272,64,step_limit,0,86498,3844.6
88,1000,460.0,-11.036,35,,733,0,5,40,2292,0.613,813.6,0.6228,251,step_limit,0,87498,3894.0
89,1000,390.0,-5.189,31,,984,0,4,34,2170,0.6375,797.3,0.5795,117,step_limit,0,88498,3942.0
90,1000,460.0,10.073,35,,996,0,5,42,1908,0.6252,862.1,0.5142,64,step_limit,0,89498,3989.0
91,1000,580.0,25.104,41,,897,0,7,45,1620,0.6115,884.6,0.4414,71,step_limit,0,90498,4030.2
92,1000,630.0,63.272,46,,998,0,7,66,1051,0.619,923.4,0.2837,49,step_limit,0,91498,4077.2
93,1000,590.0,41.737,45,,956,0,6,68,1458,0.606,879.7,0.3945,34,step_limit,0,92498,4126.6
94,1000,620.0,55.003,45,,962,0,7,49,1107,0.6138,934.6,0.2879,26,step_limit,0,93498,4174.7
95,1000,510.0,98.644,40,,890,0,5,182,924,0.552,921.6,0.2382,40,step_limit,0,94498,4224.0
96,1000,560.0,52.603,42,,928,0,6,54,1202,0.601,770.9,0.3158,47,step_limit,0,95498,4271.5
97,1000,430.0,12.304,35,,993,0,4,59,2024,0.6278,876.4,0.5334,93,step_limit,0,96498,4319.1
98,1000,640.0,40.695,44,,990,0,8,50,1344,0.6305,928.4,0.3674,38,step_limit,0,97498,4368.1
99,929,702.84,48.944,50,929,929,0,8,52,1089,0.6284,915.7,0.323,22,complete,0,98427,4407.4
100,1000,520.0,16.185,38,,703,0,6,37,1745,0.6625,835.3,0.4768,186,step_limit,0,99427,4454.0
101,1000,500.0,32.742,39,,993,0,5,105,1782,0.5887,757.4,0.4758,44,step_limit,0,100427,4517.0
102,1000,480.0,101.23,37,,533,0,5,374,1659,0.5367,819.9,0.4568,293,step_limit,0,101427,4566.0
103,1000,570.0,35.219,40,,994,0,7,74,1548,0.5753,863.1,0.4194,19,step_limit,0,102427,4613.5
104,1000,420.0,-2.154,31,,567,0,5,44,2224,0.6255,750.4,0.5895,313,step_limit,0,103427,4663.0
105,1000,520.0,12.863,38,,995,0,6,35,1842,0.5715,779.2,0.5028,162,step_limit,0,104427,4710.1
106,1000,610.0,68.012,44,,869,0,7,104,1102,0.5777,880.3,0.2871,20,step_limit,0,105427,4754.3
107,1000,670.0,75.801,47,,977,0,8,103,901,0.611,852.2,0.2427,20,step_limit,0,106427,4803.5
108,1000,560.0,29.064,39,,994,0,7,43,1558,0.5607,797.1,0.4217,64,step_limit,0,107427,4851.0
109,1000,580.0,21.298,41,,986,0,7,45,1697,0.662,931.6,0.4569,93,step_limit,0,108427,4899.2
110,1000,390.0,-9.536,31,,556,0,4,31,2142,0.6825,778.3,0.5739,406,step_limit,0,109427,4948.5
111,1000,460.0,44.86,32,,929,0,6,128,1680,0.5847,757.7,0.4508,199,step_limit,0,110427,4995.9
112,1000,460.0,18.425,35,,898,0,5,41,1792,0.6115,880.9,0.4735,122,step_limit,0,111427,5044.7
113,1000,580.0,33.718,41,,942,0,7,54,1572,0.5595,759.5,0.4277,45,step_limit,0,112427,5092.6
114,1000,440.0,20.295,33,,896,0,5,42,1821,0.5887,758.1,0.462,59,step_limit,0,113427,5142.1
115,1000,450.0,50.545,37,,994,0,4,88,1413,0.6002,854.9,0.3696,66,step_limit,0,114427,5189.9
116,941,242.36,-33.813,22,,442,0,2,21,2544,0.67,720.2,0.7091,490,no_progress,0,115368,5234.6
117,1000,580.0,44.581,44,,978,0,6,49,1341,0.5923,886.4,0.3638,117,step_limit,0,116368,5284.3
118,1000,650.0,81.702,45,,965,0,8,146,1003,0.6032,936.6,0.2615,38,step_limit,0,117368,5332.3
119,1000,560.0,54.145,42,,974,0,6,61,1195,0.6145,868.5,0.3176,31,step_limit,0,118368,5373.8
120,1000,600.0,37.834,43,,923,0,7,65,1526,0.6168,823.4,0.4068,110,step_limit,0,119368,5415.5
121,1000,520.0,26.163,41,,993,0,5,40,1660,0.6502,901.4,0.437,44,step_limit,0,120368,5462.9
122,1000,600.0,34.577,43,,963,0,7,52,1490,0.618,876.7,0.3999,89,step_limit,0,121368,5509.9
123,1000,560.0,47.118,39,,606,0,7,76,1388,0.558,811.4,0.3782,147,step_limit,0,122368,5558.6
124,1000,570.0,22.537,43,,999,0,6,64,1781,0.6585,878.5,0.4838,226,step_limit,0,123368,5605.3
125,1000,450.0,4.387,34,,808,0,5,35,1928,0.6412,761.3,0.5178,177,step_limit,0,124368,5655.0
126,1000,620.0,30.575,45,,853,0,7,43,1533,0.5988,875.9,0.4232,67,step_limit,0,125368,5697.8
127,1000,650.0,33.81,45,,1000,0,8,49,1530,0.6112,952.9,0.4148,53,step_limit,0,126368,5745.3
128,1000,450.0,-14.637,34,,509,0,5,37,2327,0.6558,804.3,0.6364,441,step_limit,0,127368,5794.8
129,1000,490.0,11.168,38,,993,0,5,36,1868,0.6422,905.2,0.5088,75,step_limit,0,128368,5842.6
130,1000,420.0,0.181,31,,750,0,5,42,2171,0.5042,700.2,0.5712,239,step_limit,0,129368,5891.5
131,967,341.32,-19.47,26,,468,0,4,23,2339,0.5026,717.6,0.6421,459,no_progress,0,130335,5937.8
132,1000,630.0,48.001,43,,957,0,8,43,1224,0.6265,888.6,0.322,34,step_limit,0,131335,5985.5
133,1000,670.0,62.122,47,,954,0,8,68,1075,0.5955,831.5,0.288,14,step_limit,0,132335,6034.2
134,1000,550.0,46.982,41,,927,0,6,58,1327,0.6412,871.9,0.3468,26,step_limit,0,133335,6080.6
135,1000,470.0,68.754,36,,934,0,5,176,1449,0.4985,745.1,0.3841,29,step_limit,0,134335,6128.9
136,1000,650.0,58.175,45,,907,0,8,49,1025,0.6392,853.8,0.2703,30,step_limit,0,135335,6176.7
137,766,309.36,-28.915,22,,267,0,4,33,2137,0.6234,653.5,0.7516,498,no_progress,0,136101,6213.5
138,1000,590.0,36.427,42,,984,0,7,51,1436,0.5807,772.8,0.3873,77,step_limit,0,137101,6262.1
139,1000,550.0,22.856,41,,930,0,6,42,1677,0.6158,980.8,0.4522,75,step_limit,0,138101,6309.0
140,1000,570.0,32.85,43,,883,0,6,53,1516,0.5633,904.8,0.4185,60,step_limit,0,139101,6354.1
141,1000,430.0,-1.618,32,,831,0,5,35,2122,0.6172,803.5,0.5707,94,step_limit,0,140101,6401.2
142,1000,550.0,44.03,41,,978,0,6,90,1443,0.5917,849.8,0.3872,45,step_limit,0,141101,6448.3
143,1000,480.0,-1.998,37,,753,0,5,38,2121,0.6815,793.6,0.5696,180,step_limit,0,142101,6496.0
144,1000,530.0,18.465,39,,910,0,6,41,1777,0.6148,781.5,0.4772,58,step_limit,0,143101,6544.9
145,1000,490.0,17.624,38,,765,0,5,43,1726,0.573,787.5,0.4695,59,step_limit,0,144101,6592.2
146,1000,460.0,11.831,35,,666,0,5,70,2017,0.6328,873.5,0.5437,239,step_limit,0,145101,6636.7
147,1000,550.0,64.786,38,,999,0,7,187,1569,0.5735,915.0,0.4169,106,step_limit,0,146101,6684.2
148,1000,530.0,34.677,42,,994,0,5,65,1542,0.6448,840.6,0.4055,39,step_limit,0,147101,6728.5
149,1000,600.0,4.755,43,,748,0,7,37,1945,0.652,914.9,0.5391,196,step_limit,0,148101,6772.8
150,1000,530.0,23.324,42,,989,0,5,69,1715,0.677,894.4,0.4702,164,step_limit,0,149101,6820.7
151,1000,340.0,-7.088,29,,914,0,3,133,2631,0.6355,704.0,0.7024,336,step_limit,0,150101,6883.5
152,1000,500.0,-7.849,39,,774,0,5,35,2184,0.6152,862.9,0.602,191,step_limit,0,151101,6930.8
153,706,211.76,91.053,18,,207,0,2,474,1724,0.5025,717.9,0.6502,404,no_progress,0,151807,6965.1
154,620,95.2,-44.763,12,,121,0,0,15,2088,0.4835,602.5,0.8809,497,no_progress,0,152427,6995.4
155,1000,470.0,21.138,36,,686,0,5,73,1861,0.5965,861.7,0.5017,314,step_limit,0,153427,7045.2
156,1000,460.0,22.458,35,,995,0,5,136,2122,0.598,736.7,0.5635,137,step_limit,0,154427,7092.5
157,1000,500.0,20.749,36,,802,0,6,50,1747,0.5995,767.2,0.4787,93,step_limit,0,155427,7140.2
158,1000,340.0,-34.184,29,,545,0,3,30,2684,0.5095,746.6,0.7157,446,step_limit,0,156427,7188.6
159,1000,500.0,34.504,39,,976,0,5,42,1447,0.605,832.3,0.3849,56,step_limit,0,157427,7235.9
160,1000,460.0,49.396,35,,955,0,5,184,1898,0.597,819.9,0.5047,55,step_limit,0,158427,7284.7
161,1000,420.0,-4.427,31,,998,0,5,39,2192,0.5773,784.1,0.5833,148,step_limit,0,159427,7329.1
162,1000,480.0,32.719,37,,952,0,5,87,1696,0.6162,837.7,0.4504,67,step_limit,0,160427,7376.4
163,1000,450.0,131.216,34,,873,0,5,488,1588,0.503,799.6,0.4219,87,step_limit,0,161427,7425.6
164,997,350.12,236.636,27,,498,0,4,978,1737,0.4516,763.1,0.462,14,no_progress,0,162424,7473.3
165,1000,480.0,19.056,37,,917,0,5,88,1983,0.56,885.1,0.5312,68,step_limit,0,163424,7522.9
166,1000,580.0,63.299,41,,708,0,7,186,1555,0.6052,848.2,0.42,83,step_limit,0,164424,7570.9
167,1000,320.0,34.467,27,,971,0,3,133,1873,0.5467,753.8,0.4855,150,step_limit,0,165424,7618.2
168,1000,320.0,-16.47,27,,574,0,3,44,2472,0.6172,747.0,0.65,453,step_limit,0,166424,7665.2
169,1000,470.0,33.04,36,,819,0,5,64,1671,0.6518,895.2,0.4413,38,step_limit,0,167424,7710.5
170,1000,580.0,35.348,44,,992,0,6,51,1459,0.6118,866.7,0.3982,51,step_limit,0,168424,7759.8
171,1000,640.0,28.271,44,,874,0,8,49,1593,0.6272,888.8,0.4433,81,step_limit,0,169424,7806.9
172,1000,510.0,25.556,37,,978,0,6,39,1650,0.648,876.5,0.438,92,step_limit,0,170424,7854.6
173,1000,570.0,9.532,40,,931,0,7,41,1888,0.636,810.6,0.5186,155,step_limit,0,171424,7903.4
174,1000,660.0,37.228,46,,897,0,8,60,1472,0.5897,893.0,0.4096,56,step_limit,0,172424,7950.9
175,1000,590.0,41.156,42,,995,0,7,59,1438,0.6038,854.3,0.3807,79,step_limit,0,173424,7999.4
176,1000,540.0,2.349,40,,602,0,6,44,2045,0.6695,756.0,0.5649,302,step_limit,0,174424,8046.9
177,1000,580.0,28.986,44,,992,0,6,41,1549,0.6425,920.8,0.4155,27,step_limit,0,175424,8090.6
178,1000,570.0,7.603,43,,738,0,6,40,1913,0.6385,930.2,0.5244,221,step_limit,0,176424,8137.3
179,1000,650.0,27.98,45,,971,0,8,82,1717,0.639,887.0,0.4766,125,step_limit,0,177424,8183.4
180,1000,450.0,28.502,34,,589,0,5,71,1728,0.6092,837.2,0.4617,56,step_limit,0,178424,8232.6
181,830,336.8,193.664,25,,331,0,4,830,1578,0.3645,557.3,0.5091,10,no_progress,0,179254,8272.3
182,1000,620.0,8.108,45,,976,0,7,55,1925,0.651,881.7,0.5409,257,step_limit,0,180254,8319.8
183,1000,550.0,65.867,41,,978,0,6,115,1246,0.6178,853.8,0.3317,39,step_limit,0,181254,8364.4
184,1000,610.0,34.352,44,,909,0,7,60,1559,0.6462,825.7,0.4307,38,step_limit,0,182254,8411.6
185,1000,620.0,45.22,45,,895,0,7,57,1332,0.5847,867.1,0.3661,72,step_limit,0,183254,8458.4
186,1000,550.0,16.88,41,,619,0,6,91,1931,0.6112,809.2,0.5387,331,step_limit,0,184254,8507.6
187,1000,390.0,-21.333,31,,708,0,4,31,2468,0.5575,755.7,0.6634,293,step_limit,0,185254,8555.5
188,1000,550.0,26.094,38,,692,0,7,44,1635,0.6115,856.2,0.4386,213,step_limit,0,186254,8603.2
189,1000,400.0,-10.781,32,,635,0,4,74,2409,0.6338,790.3,0.6466,365,step_limit,0,187254,8648.0
190,1000,470.0,27.625,36,,998,0,5,46,1669,0.5847,816.4,0.438,49,step_limit,0,188254,8695.4
191,774,289.04,-24.693,23,,275,0,3,23,2022,0.6486,576.1,0.7088,472,no_progress,0,189028,8732.3
192,1000,440.0,-1.874,33,,982,0,5,46,2159,0.49,751.2,0.581,415,step_limit,0,190028,8782.1
193,1000,600.0,36.94,43,,917,0,7,59,1518,0.618,861.6,0.4033,25,step_limit,0,191028,8830.1
194,1000,440.0,-3.344,33,,757,0,5,38,2155,0.5893,805.4,0.574,198,step_limit,0,192028,8879.2
195,1000,410.0,9.111,33,,958,0,4,49,2007,0.641,871.7,0.5307,128,step_limit,0,193028,8926.7
196,1000,460.0,14.727,35,,611,0,5,61,1898,0.6385,796.1,0.5093,332,step_limit,0,194028,8974.3
197,786,328.56,-22.698,24,,287,0,4,39,2066,0.6275,576.4,0.7202,486,no_progress,0,194814,9013.3
198,1000,620.0,19.82,45,,852,0,7,44,1731,0.6458,903.8,0.475,77,step_limit,0,195814,9061.0
199,946,432.16,-13.675,32,,447,0,5,33,2153,0.6321,718.1,0.6258,425,no_progress,0,196760,9104.5
200,912,333.52,-19.957,25,,413,0,4,34,2273,0.4759,670.1,0.6684,229,no_progress,0,197672,9149.6
201,1000,480.0,-3.448,37,,829,0,5,39,2163,0.6222,883.3,0.587,152,step_limit,0,198672,9212.0
202,976,430.96,-13.042,32,,477,0,5,49,2306,0.6468,863.7,0.6367,336,no_progress,0,199648,9260.1
203,1000,540.0,8.863,40,,983,0,6,48,1921,0.5675,871.0,0.5239,120,step_limit,0,200648,9307.3
204,1000,530.0,-2.513,39,,612,0,6,39,2090,0.6583,829.9,0.5797,288,step_limit,0,201648,9356.3
205,1000,500.0,-4.69,36,,538,0,6,43,2129,0.631,905.4,0.5876,180,step_limit,0,202648,9402.0
206,1000,470.0,11.19,36,,988,0,5,48,1934,0.6058,876.1,0.5208,122,step_limit,0,203648,9442.3
207,978,400.88,-19.117,32,,479,0,4,38,2362,0.5322,766.8,0.6588,487,no_progress,0,204626,9486.2
208,780,288.8,-20.487,23,,281,0,3,27,1989,0.5554,658.9,0.6836,217,no_progress,0,205406,9524.3
209,1000,310.0,-33.688,26,,691,0,3,25,2623,0.572,633.0,0.6998,230,step_limit,0,206406,9571.1
210,962,701.52,46.735,50,962,962,0,8,47,1214,0.6292,944.0,0.3355,31,complete,0,207368,9616.8
211,1000,420.0,17.628,34,,835,0,4,74,1978,0.65,853.9,0.5176,128,step_limit,0,208368,9662.5
212,851,245.96,-27.024,22,,352,0,2,55,2374,0.6633,786.8,0.7424,445,no_progress,0,209219,9702.6
213,888,384.48,-23.753,30,,389,0,4,32,2240,0.6374,886.8,0.6872,448,no_progress,0,210107,9745.6
214,1000,610.0,16.573,44,,626,0,7,49,1779,0.6348,774.5,0.4957,98,step_limit,0,211107,9796.1
215,1000,450.0,4.212,34,,920,0,5,47,2042,0.5685,826.5,0.5506,115,step_limit,0,212107,9843.6
216,1000,620.0,28.88,45,,989,0,7,54,1615,0.581,898.5,0.4431,73,step_limit,0,213107,9891.0
217,1000,470.0,20.98,36,,976,0,5,89,1890,0.5948,861.6,0.5077,40,step_limit,0,214107,9940.3
218,1000,400.0,-3.423,32,,999,0,4,32,2108,0.6737,880.7,0.556,79,step_limit,0,215107,9988.5
219,931,302.76,-29.653,25,,432,0,3,29,2461,0.4965,700.3,0.7034,499,no_progress,0,216038,10034.3
220,986,470.56,-17.572,36,,487,0,5,39,2403,0.6519,744.7,0.6622,487,no_progress,0,217024,10080.8
221,1000,490.0,-13.003,35,,640,0,6,44,2316,0.671,736.3,0.633,349,step_limit,0,218024,10128.4
222,1000,650.0,43.418,48,,954,0,7,54,1349,0.5875,948.9,0.3673,65,step_limit,0,219024,10177.2
223,1000,530.0,13.201,39,,816,0,6,41,1870,0.6395,806.3,0.5024,33,step_limit,0,220024,10224.7
224,798,208.08,-46.266,21,,299,0,1,20,2463,0.6905,616.5,0.8278,405,no_progress,0,220822,10262.7
225,1000,620.0,62.576,45,,924,0,7,149,1381,0.6098,924.0,0.3755,36,step_limit,0,221822,10311.4
226,1000,170.0,-13.814,18,,690,0,1,175,2929,0.6205,646.0,0.7708,386,step_limit,0,222822,10359.0
227,1000,700.0,60.299,47,,955,0,9,95,1225,0.6242,907.4,0.3239,27,step_limit,0,223822,10406.1
228,1000,380.0,-40.736,30,,506,0,4,34,2811,0.6518,730.3,0.754,379,step_limit,0,224822,10452.2
229,1000,480.0,9.571,37,,973,0,5,51,1965,0.6268,962.5,0.5257,42,step_limit,0,225822,10499.5
230,1000,620.0,24.887,45,,931,0,7,44,1629,0.6328,880.8,0.4467,46,step_limit,0,226822,10549.0
231,514,19.44,481.07,4,,15,0,0,1931,0,0.0,201.6,0.0,0,no_progress,0,227336,10572.0
232,1000,300.0,-22.414,25,,624,0,3,51,2575,0.6565,652.9,0.6814,372,step_limit,0,228336,10617.2
233,1000,520.0,0.142,38,,789,0,6,42,1981,0.6653,927.3,0.5429,214,step_limit,0,229336,10664.0
234,1000,620.0,14.834,45,,637,0,7,47,1830,0.6613,950.3,0.5084,256,step_limit,0,230336,10713.2
235,1000,370.0,-45.597,29,,805,0,4,31,2881,0.6302,716.6,0.7729,353,step_limit,0,231336,10757.7
236,1000,590.0,17.02,42,,983,0,7,42,1752,0.6777,857.0,0.4797,98,step_limit,0,232336,10803.2
237,976,420.96,-3.66,31,,477,0,5,33,2135,0.5953,729.8,0.5821,222,no_progress,0,233312,10845.9
238,969,371.24,-42.475,29,,470,0,4,28,2746,0.6161,644.8,0.7672,448,no_progress,0,234281,10893.5
239,1000,580.0,34.484,41,,887,0,7,45,1461,0.6735,929.0,0.396,43,step_limit,0,235281,10941.0
240,892,244.32,-36.942,22,,393,0,2,48,2581,0.4765,558.1,0.7701,440,no_progress,0,236173,10984.7
241,1000,550.0,20.64,41,,842,0,6,40,1692,0.6268,783.0,0.46,158,step_limit,0,237173,11032.2
242,1000,520.0,21.927,38,,768,0,6,39,1678,0.6308,853.0,0.4478,138,step_limit,0,238173,11080.0
243,1000,640.0,47.545,44,,986,0,8,61,1328,0.6045,883.1,0.3566,53,step_limit,0,239173,11128.6
244,1000,320.0,-34.579,27,,501,0,3,37,2734,0.653,683.1,0.7271,556,no_progress,0,240173,11176.2
245,1000,650.0,18.105,45,,785,0,8,39,1749,0.6268,869.0,0.4781,54,step_limit,0,241173,11225.2
246,1000,390.0,-18.177,31,,944,0,4,50,2318,0.375,731.4,0.6292,292,step_limit,0,242173,11273.4
247,1000,550.0,10.86,38,,996,0,7,35,1860,0.609,839.5,0.5066,95,step_limit,0,243173,11320.6
248,1000,530.0,69.7,39,,917,0,6,257,1730,0.5875,904.9,0.4803,74,step_limit,0,244173,11369.2
249,869,275.24,-44.196,25,,370,0,2,22,2557,0.6444,658.5,0.7924,486,no_progress,0,245042,11406.7
250,989,430.44,-31.26,32,,490,0,5,29,2586,0.6699,758.6,0.7029,463,no_progress,0,246031,11451.3
251,901,293.96,-29.576,24,,402,0,3,25,2413,0.6523,749.3,0.7057,491,no_progress,0,246932,11506.1
252,1000,450.0,99.076,34,,976,0,5,472,2113,0.5305,760.8,0.5785,427,step_limit,0,247932,11553.6
253,1000,520.0,-21.654,38,,531,0,6,39,2444,0.6418,734.7,0.6765,435,step_limit,0,248932,11602.6
254,1000,540.0,-2.082,40,,877,0,6,37,2116,0.616,886.8,0.577,99,step_limit,0,249932,11650.0
255,1000,660.0,41.691,46,,891,0,8,47,1354,0.6372,938.0,0.3678,29,step_limit,0,250932,11697.0
256,1000,540.0,8.81,40,,870,0,6,41,1946,0.587,898.9,0.5318,196,step_limit,0,251932,11746.1
257,1000,400.0,43.069,32,,916,0,4,159,1811,0.6135,853.9,0.4761,76,step_limit,0,252932,11793.9
258,1000,470.0,35.673,36,,999,0,5,151,1925,0.5725,847.1,0.5149,128,step_limit,0,253932,11843.3
259,1000,550.0,11.837,38,,997,0,7,59,1955,0.6138,830.5,0.5305,138,step_limit,0,254932,11890.7
260,1000,620.0,39.634,45,,888,0,7,43,1379,0.6332,883.8,0.3704,39,step_limit,0,255932,11940.2
261,1000,590.0,12.289,45,,936,0,6,41,1817,0.6342,864.5,0.502,77,step_limit,0,256932,11987.9
262,733,170.68,85.927,17,,234,0,1,472,1862,0.4679,534.3,0.6682,425,no_progress,0,257665,12023.4
263,1000,410.0,-13.063,30,,995,0,5,48,2386,0.586,755.2,0.6325,116,step_limit,0,258665,12071.0
264,1000,650.0,30.999,45,,880,0,8,42,1474,0.6025,843.2,0.4001,59,step_limit,0,259665,12120.0
265,660,123.6,-42.062,15,,161,0,0,18,2138,0.7133,602.2,0.8489,498,no_progress,0,260325,12148.6
266,1000,420.0,-4.359,31,,926,0,5,34,2177,0.5583,785.8,0.5845,106,step_limit,0,261325,12193.4
267,1000,620.0,51.453,45,,860,0,7,56,1249,0.6102,900.3,0.3309,22,step_limit,0,262325,12240.2
268,768,219.28,-35.398,19,,269,0,2,31,2254,0.4772,510.7,0.7802,499,no_progress,0,263093,12278.9
269,882,384.72,-15.046,30,,383,0,4,39,2097,0.6162,780.8,0.6541,480,no_progress,0,263975,12321.1
270,1000,480.0,-19.228,34,,592,0,6,39,2405,0.648,776.6,0.6566,387,step_limit,0,264975,12368.4
271,1000,300.0,-45.805,25,,556,0,3,32,2883,0.6262,698.0,0.7719,345,step_limit,0,265975,12417.1
272,1000,590.0,31.633,42,,945,0,7,45,1481,0.6385,863.6,0.3983,59,step_limit,0,266975,12464.8
273,1000,530.0,28.292,39,,997,0,6,81,1765,0.5485,872.8,0.4849,77,step_limit,0,267975,12508.4
274,1000,410.0,-37.146,33,,844,0,4,28,2724,0.6385,816.7,0.7372,230,step_limit,0,268975,12553.8
275,672,123.12,-41.468,15,,173,0,0,10,2111,0.67,601.4,0.8233,464,no_progress,0,269647,12586.2
276,975,331.0,-38.563,28,,476,0,3,33,2722,0.6308,761.8,0.7526,484,no_progress,0,270622,12632.6
277,1000,500.0,19.996,36,,997,0,6,80,1918,0.6048,802.9,0.5188,112,step_limit,0,271622,12680.3
278,1000,560.0,11.359,42,,998,0,6,37,1842,0.6288,832.2,0.5045,116,step_limit,0,272622,12729.1
279,1000,630.0,18.557,46,,690,0,7,47,1742,0.6145,896.7,0.4818,248,step_limit,0,273622,12776.5
280,881,414.76,-7.056,33,,382,0,4,49,1989,0.6388,763.2,0.6244,499,no_progress,0,274503,12818.2
281,1000,560.0,2.379,42,,704,0,6,37,1994,0.6478,849.3,0.5526,281,step_limit,0,275503,12868.0
282,1000,410.0,-9.186,33,,794,0,4,68,2397,0.6055,764.9,0.6477,236,step_limit,0,276503,12915.3
283,1000,550.0,37.86,38,,862,0,7,79,1566,0.5663,820.8,0.4115,21,step_limit,0,277503,12964.0
284,1000,630.0,40.881,46,,917,0,7,64,1442,0.6075,915.2,0.3978,15,step_limit,0,278503,13011.1
285,1000,430.0,-20.118,32,,762,0,5,37,2495,0.6697,882.7,0.6679,216,step_limit,0,279503,13058.7
286,885,294.6,-35.35,24,,386,0,3,44,2521,0.6158,640.4,0.766,450,no_progress,0,280388,13102.6
287,1000,500.0,12.829,36,,836,0,6,61,1982,0.6245,846.0,0.5298,201,step_limit,0,281388,13149.4
288,634,154.64,-37.37,18,,135,0,0,19,1974,0.6585,759.8,0.8361,478,no_progress,0,282022,13179.8
289,1000,520.0,-0.354,38,,998,0,6,53,2097,0.6168,802.8,0.5661,103,step_limit,0,283022,13227.0
290,1000,610.0,37.186,44,,905,0,7,63,1516,0.6472,874.0,0.4063,58,step_limit,0,284022,13276.3
291,1000,590.0,34.615,42,,977,0,7,47,1472,0.6395,847.1,0.3988,43,step_limit,0,285022,13323.2
292,1000,590.0,17.509,42,,929,0,7,48,1819,0.609,824.9,0.492,103,step_limit,0,286022,13372.5
293,1000,640.0,35.957,47,,748,0,7,117,1694,0.5755,958.5,0.4771,181,step_limit,0,287022,13419.5
294,1000,570.0,46.773,43,,997,0,6,66,1347,0.6215,946.3,0.3567,36,step_limit,0,288022,13467.1
295,791,218.36,-27.776,22,,292,0,1,26,2151,0.6214,680.4,0.7304,498,no_progress,0,288813,13498.6
296,1000,510.0,47.359,37,,826,0,6,89,1523,0.5717,831.4,0.3943,115,step_limit,0,289813,13544.0
297,1000,460.0,8.426,35,,807,0,5,56,2029,0.6168,926.6,0.5434,145,step_limit,0,290813,13585.1
298,1000,520.0,38.645,38,,971,0,6,126,1743,0.5857,781.9,0.4679,82,step_limit,0,291813,13632.6
299,1000,550.0,16.261,41,,834,0,6,64,1873,0.6432,850.2,0.5102,97,step_limit,0,292813,13682.0
300,1000,450.0,96.621,37,,706,0,4,405,1904,0.5015,774.0,0.5153,269,step_limit,0,293813,13730.8
301,910,413.6,-15.742,33,,411,0,4,36,2145,0.6783,825.6,0.6495,362,no_progress,0,294723,13790.5
302,1000,600.0,25.228,43,,878,0,7,40,1595,0.639,881.9,0.4345,97,step_limit,0,295723,13837.8
303,1000,430.0,17.792,35,,998,0,4,77,1929,0.589,831.3,0.5233,52,step_limit,0,296723,13886.8
304,1000,440.0,24.042,36,,897,0,4,41,1681,0.5917,822.3,0.446,45,step_limit,0,297723,13934.2
305,598,86.08,199.302,11,,99,0,0,914,1369,0.2885,578.2,0.5986,13,no_progress,0,298321,13963.0
306,1000,420.0,-9.383,31,,563,0,5,29,2272,0.6312,768.9,0.6015,328,step_limit,0,299321,14010.1
307,1000,260.0,-15.612,24,,543,0,2,59,2520,0.444,697.2,0.665,457,step_limit,0,300321,14059.0
308,1000,350.0,-23.956,27,,953,0,4,50,2577,0.6322,664.3,0.6864,382,step_limit,0,301321,14102.6
309,1000,650.0,81.206,48,,950,0,7,127,913,0.556,883.1,0.249,10,step_limit,0,302321,14144.5
310,1000,320.0,4.626,27,,688,0,3,129,2410,0.5252,747.3,0.6385,294,step_limit,0,303321,14187.6
311,1000,550.0,76.864,38,,927,0,7,211,1446,0.55,868.2,0.3735,44,step_limit,0,304321,14229.6
312,745,190.2,-39.132,19,,246,0,1,29,2268,0.4846,604.3,0.8108,459,no_progress,0,305066,14261.2
313,814,367.44,-14.486,28,,315,0,4,32,1968,0.4785,637.5,0.6634,373,no_progress,0,305880,14295.3
314,1000,530.0,156.757,39,,697,0,6,548,1290,0.5343,872.8,0.3545,86,step_limit,0,306880,14337.5
315,1000,420.0,-16.736,34,,550,0,4,35,2392,0.687,880.4,0.6437,418,step_limit,0,307880,14377.2
316,1000,480.0,38.067,37,,940,0,5,61,1526,0.538,820.0,0.3971,51,step_limit,0,308880,14416.3
317,1000,590.0,53.135,42,,799,0,7,81,1299,0.6475,860.2,0.3331,24,step_limit,0,309880,14459.0
318,1000,590.0,44.239,42,,948,0,7,68,1436,0.5885,873.5,0.3797,40,step_limit,0,310880,14499.6
319,1000,560.0,29.634,42,,976,0,6,61,1659,0.6092,816.1,0.447,55,step_limit,0,311880,14537.2
320,1000,570.0,39.084,43,,931,0,6,59,1485,0.589,905.7,0.3992,72,step_limit,0,312880,14578.8
321,1000,440.0,66.064,36,,617,0,4,273,1942,0.563,808.1,0.5207,369,step_limit,0,313880,14620.2
322,811,307.56,-30.758,25,,312,0,3,24,2211,0.6412,709.7,0.7296,470,no_progress,0,314691,14653.5
323,1000,650.0,77.316,48,,983,0,7,173,1229,0.6265,894.8,0.3375,58,step_limit,0,315691,14696.7
324,1000,420.0,-27.064,31,,920,0,5,39,2576,0.5815,769.6,0.7024,474,step_limit,0,316691,14735.0
325,1000,550.0,69.589,41,,884,0,6,177,1427,0.6055,829.4,0.3794,51,step_limit,0,317691,14775.3
326,1000,520.0,19.172,38,,873,0,6,39,1776,0.6395,800.0,0.4772,25,step_limit,0,318691,14818.2
327,1000,360.0,-1.169,31,,688,0,3,48,2225,0.6245,783.6,0.5816,296,step_limit,0,319691,14867.1
328,1000,370.0,5.45,29,,595,0,4,146,2452,0.6128,700.6,0.6415,293,step_limit,0,320691,14914.4
329,1000,430.0,45.329,32,,939,0,5,107,1609,0.6025,857.6,0.4159,19,step_limit,0,321691,14961.5
330,1000,390.0,-7.947,28,,981,0,5,47,2321,0.619,786.2,0.6152,152,step_limit,0,322691,15011.0
331,1000,480.0,7.618,34,,615,0,6,34,1988,0.628,805.9,0.5331,241,step_limit,0,323691,15059.5
332,1000,570.0,39.498,43,,794,0,6,50,1441,0.5942,919.2,0.3878,68,step_limit,0,324691,15109.4
333,693,182.28,-31.314,18,,194,0,1,20,1997,0.487,618.0,0.7699,456,no_progress,0,325384,15143.1
334,843,216.28,-11.045,19,,344,0,2,67,2169,0.6017,612.8,0.6766,478,no_progress,0,326227,15181.8
335,1000,610.0,34.378,44,,997,0,7,38,1477,0.604,867.0,0.3953,39,step_limit,0,327227,15227.0
336,833,306.68,-31.441,25,,334,0,3,28,2290,0.6942,746.3,0.7433,493,no_progress,0,328060,15266.5
337,1000,500.0,9.034,36,,820,0,6,38,1957,0.5735,865.6,0.5217,133,step_limit,0,329060,15315.2
338,1000,480.0,6.572,37,,687,0,5,39,1943,0.5397,888.6,0.5254,254,step_limit,0,330060,15363.0
339,724,121.04,34.206,15,,225,0,0,307,2138,0.5325,793.8,0.7703,475,no_progress,0,330784,15397.7
340,1000,400.0,-21.808,32,,504,0,4,28,2416,0.6637,855.1,0.6588,494,step_limit,0,331784,15446.7
341,1000,460.0,-12.497,35,,634,0,5,35,2292,0.5555,822.8,0.6235,328,step_limit,0,332784,15495.0
342,1000,550.0,49.731,41,,852,0,6,47,1209,0.591,853.3,0.3241,41,step_limit,0,333784,15542.0
343,1000,470.0,-6.742,36,,636,0,5,34,2215,0.6562,908.4,0.5947,223,step_limit,0,334784,15588.4
344,1000,660.0,36.783,46,,962,0,8,56,1436,0.6268,905.3,0.387,26,step_limit,0,335784,15635.5
345,1000,520.0,27.513,38,,805,0,6,70,1729,0.5835,863.9,0.4602,50,step_limit,0,336784,15684.8
346,1000,540.0,-7.052,40,,772,0,6,35,2179,0.668,896.0,0.6032,214,step_limit,0,337784,15732.2
347,1000,500.0,20.408,39,,906,0,5,35,1704,0.6462,824.7,0.4574,59,step_limit,0,338784,15781.4
348,1000,510.0,8.156,37,,696,0,6,66,2075,0.6012,777.6,0.5571,115,step_limit,0,339784,15828.2
349,942,272.32,-36.673,22,,443,0,3,32,2630,0.6545,658.6,0.7399,480,no_progress,0,340726,15872.5
350,1000,470.0,17.293,36,,678,0,5,64,1923,0.5883,851.8,0.512,297,step_limit,0,341726,15921.7
351,919,323.24,-13.357,27,,420,0,3,109,2475,0.5171,803.6,0.7263,505,no_progress,0,342645,15979.5
352,1000,440.0,76.232,36,,980,0,4,231,1556,0.56,840.0,0.4093,23,step_limit,0,343645,16028.5
353,666,103.36,-23.365,13,,167,0,0,15,1814,0.545,724.1,0.7092,477,no_progress,0,344311,16061.0
354,1000,530.0,16.405,39,,990,0,6,43,1847,0.621,903.2,0.4953,172,step_limit,0,345311,16104.7
355,1000,590.0,26.721,45,,995,0,6,40,1544,0.6562,874.9,0.4237,81,step_limit,0,346311,16148.2
356,1000,630.0,32.738,46,,953,0,7,53,1504,0.6465,877.7,0.4197,99,step_limit,0,347311,16193.5
357,897,424.12,-2.7,34,,398,0,4,32,1775,0.6541,730.5,0.5463,421,no_progress,0,348208,16236.7
358,1000,530.0,26.36,39,,907,0,6,47,1675,0.583,832.4,0.4421,86,step_limit,0,349208,16284.4
359,1000,580.0,40.388,44,,923,0,6,85,1539,0.6155,884.8,0.4146,62,step_limit,0,350208,16333.2
360,1000,440.0,-13.692,36,,680,0,4,60,2385,0.5152,878.5,0.6512,323,step_limit,0,351208,16380.6
361,676,112.96,-34.165,14,,177,0,0,16,2056,0.5473,656.8,0.7973,386,no_progress,0,351884,16412.8
362,1000,390.0,-12.346,31,,552,0,4,31,2270,0.6432,880.2,0.6086,306,step_limit,0,352884,16461.7
363,1000,310.0,-31.811,26,,557,0,3,41,2706,0.541,713.2,0.7159,393,step_limit,0,353884,16508.9
364,1000,300.0,-31.812,25,,713,0,3,51,2755,0.6613,624.8,0.732,310,step_limit,0,354884,16553.3
365,1000,400.0,-29.001,32,,749,0,4,32,2612,0.578,721.1,0.6983,196,step_limit,0,355884,16601.5
366,827,246.92,-35.949,22,,328,0,2,36,2388,0.4501,541.1,0.7771,521,no_progress,0,356711,16641.1
367,1000,260.0,-52.402,24,,850,0,2,26,3013,0.635,734.1,0.7994,239,step_limit,0,357711,16688.4
368,1000,440.0,29.142,36,,547,0,4,141,2005,0.5935,799.7,0.5453,310,step_limit,0,358711,16737.8
369,1000,300.0,-32.818,25,,934,0,3,26,2658,0.6138,721.6,0.7033,281,step_limit,0,359711,16784.7
370,1000,680.0,36.751,48,,930,0,8,45,1356,0.6627,957.3,0.383,36,step_limit,0,360711,16832.0
371,1000,570.0,33.437,43,,975,0,6,107,1787,0.6248,924.2,0.4749,41,step_limit,0,361711,16881.3
372,1000,360.0,-46.049,31,,998,0,3,30,2884,0.6675,712.2,0.7756,365,step_limit,0,362711,16928.9
373,1000,500.0,-3.099,39,,631,0,5,37,2119,0.6787,845.1,0.5806,353,step_limit,0,363711,16978.3
374,1000,600.0,33.666,43,,987,0,7,47,1502,0.6485,883.4,0.4084,71,step_limit,0,364711,17025.7
375,1000,480.0,11.722,37,,982,0,5,40,1911,0.6382,839.3,0.5138,79,step_limit,0,365711,17072.5
376,1000,310.0,-51.143,26,,639,0,3,19,2923,0.6917,730.3,0.7809,350,step_limit,0,366711,17121.5
377,1000,550.0,12.054,38,,905,0,7,43,1860,0.6555,895.6,0.5114,189,step_limit,0,367711,17168.7
378,1000,480.0,28.897,37,,987,0,5,57,1649,0.5585,818.6,0.45,130,step_limit,0,368711,17213.7
379,1000,390.0,11.082,31,,862,0,4,49,2002,0.64,810.6,0.5332,143,step_limit,0,369711,17260.7
380,1000,590.0,43.469,45,,923,0,6,43,1322,0.619,896.4,0.3599,37,step_limit,0,370711,17308.3
381,1000,260.0,-53.194,24,,537,0,2,21,2995,0.5337,647.5,0.7948,328,step_limit,0,371711,17356.6
382,1000,310.0,-43.484,26,,764,0,3,42,2900,0.628,663.6,0.7754,388,step_limit,0,372711,17403.8
383,975,361.0,-23.233,28,,476,0,4,33,2451,0.6633,758.3,0.6742,427,no_progress,0,373686,17448.6
384,1000,600.0,20.795,43,,768,0,7,45,1621,0.625,792.2,0.444,119,step_limit,0,374686,17492.6
385,1000,490.0,24.566,38,,978,0,5,60,1771,0.6298,898.7,0.4697,85,step_limit,0,375686,17536.4
386,779,188.84,-45.951,19,,280,0,1,15,2397,0.5417,683.1,0.8205,500,no_progress,0,376465,17572.1
387,814,267.44,5.345,21,,315,0,3,127,2037,0.4969,682.5,0.6601,419,no_progress,0,377279,17611.0
388,667,123.32,-46.498,15,,168,0,0,16,2199,0.5041,655.7,0.8697,482,no_progress,0,377946,17643.5
389,1000,300.0,-37.693,25,,570,0,3,24,2734,0.6617,637.2,0.7288,344,step_limit,0,378946,17691.9
390,1000,560.0,33.479,42,,960,0,6,49,1503,0.596,899.6,0.4061,30,step_limit,0,379946,17739.5
391,1000,280.0,-9.668,26,,542,0,2,95,2508,0.647,774.9,0.6677,471,step_limit,0,380946,17787.5
392,904,353.84,-22.049,27,,405,0,4,25,2260,0.6264,791.9,0.6712,476,no_progress,0,381850,17829.3
393,1000,540.0,27.784,40,,742,0,6,38,1602,0.6455,893.8,0.4352,116,step_limit,0,382850,17870.5
394,847,326.12,-26.799,27,,348,0,3,27,2232,0.6721,835.6,0.7116,485,no_progress,0,383697,17905.5
395,1000,530.0,84.881,42,,983,0,5,309,1685,0.5363,822.7,0.4681,33,step_limit,0,384697,17946.3
396,819,187.24,-32.492,19,,320,0,1,32,2344,0.5153,663.0,0.7496,392,no_progress,0,385516,17980.7
397,1000,420.0,7.808,34,,988,0,4,55,2018,0.5703,834.0,0.5404,71,step_limit,0,386516,18023.6
398,1000,580.0,37.354,44,,977,0,6,94,1636,0.5893,846.9,0.454,52,step_limit,0,387516,18061.8
399,1000,570.0,32.212,43,,989,0,6,45,1468,0.6548,902.7,0.3937,77,step_limit,0,388516,18103.9
400,1000,480.0,39.817,37,,934,0,5,200,2035,0.6038,894.2,0.5577,123,step_limit,0,389516,18145.0
401,1000,540.0,0.945,40,,805,0,6,38,2059,0.656,915.2,0.5641,176,step_limit,0,390516,18200.7
402,1000,400.0,-11.139,32,,554,0,4,35,2278,0.5697,881.7,0.6094,358,step_limit,0,391516,18242.4
403,954,251.84,-58.001,23,,455,0,2,22,2985,0.679,666.7,0.8325,496,no_progress,0,392470,18281.6
404,1000,320.0,0.362,27,,991,0,3,29,2133,0.6647,913.6,0.5538,107,step_limit,0,393470,18324.8
405,981,670.76,46.508,50,981,981,0,7,51,1254,0.6631,954.3,0.3539,26,complete,0,394451,18365.0
406,1000,480.0,5.49,37,,706,0,5,44,2006,0.6158,783.8,0.5383,220,step_limit,0,395451,18404.4
407,1000,420.0,-9.174,34,,762,0,4,38,2264,0.649,780.9,0.6076,218,step_limit,0,396451,18445.9
408,1000,500.0,-1.222,36,,578,0,6,37,2100,0.6395,843.4,0.5714,423,step_limit,0,397451,18487.6
409,1000,620.0,21.006,45,,960,0,7,42,1662,0.6418,919.5,0.4642,94,step_limit,0,398451,18529.6
410,1000,610.0,45.957,44,,903,0,7,52,1285,0.6028,901.1,0.3407,38,step_limit,0,399451,18570.8
411,680,92.8,-46.86,12,,181,0,0,12,2235,0.6761,783.0,0.8548,507,no_progress,0,400131,18599.9
412,1000,510.0,10.607,37,,855,0,6,48,1930,0.653,840.7,0.5174,47,step_limit,0,401131,18639.8
413,1000,490.0,9.355,38,,860,0,5,57,2062,0.6285,842.2,0.5468,91,step_limit,0,402131,18675.2
414,1000,510.0,12.042,37,,901,0,6,38,1887,0.6438,817.5,0.5022,103,step_limit,0,403131,18717.4
415,659,193.64,-39.662,19,,160,0,1,13,2030,0.4958,714.3,0.8304,476,no_progress,0,403790,18745.5
416,1000,580.0,31.749,44,,978,0,6,54,1583,0.6228,887.1,0.4267,54,step_limit,0,404790,18786.9
417,1000,450.0,-17.378,34,,558,0,5,74,2546,0.6445,853.1,0.6964,442,step_limit,0,405790,18829.2
418,1000,420.0,-16.043,34,,666,0,4,62,2470,0.6448,759.9,0.6691,331,step_limit,0,406790,18871.0
419,1000,640.0,52.307,47,,911,0,7,71,1260,0.6262,949.9,0.3466,51,step_limit,0,407790,18908.8
420,1000,370.0,-24.468,29,,505,0,4,29,2505,0.6465,794.7,0.6721,238,step_limit,0,408790,18949.5
421,1000,410.0,-4.505,33,,989,0,4,95,2397,0.65,763.7,0.6494,318,step_limit,0,409790,18990.4
422,1000,470.0,-3.355,36,,907,0,5,52,2211,0.6418,782.8,0.5998,173,step_limit,0,410790,19032.5
423,1000,430.0,-7.41,35,,985,0,4,46,2278,0.631,852.0,0.6134,267,step_limit,0,411790,19073.4
424,1000,450.0,-11.751,34,,504,0,5,99,2526,0.6132,721.7,0.6906,419,step_limit,0,412790,19114.4
425,1000,560.0,26.102,42,,835,0,6,47,1631,0.6372,907.8,0.4393,127,step_limit,0,413790,19154.2
426,887,264.52,-29.694,24,,388,0,2,34,2409,0.6649,759.7,0.7234,482,no_progress,0,414677,19188.8
427,1000,250.0,-39.175,23,,737,0,2,22,2772,0.6342,753.6,0.7326,242,step_limit,0,415677,19230.1
428,1000,660.0,53.567,46,,982,0,8,104,1407,0.6355,843.2,0.3693,31,step_limit,0,416677,19273.2
429,1000,430.0,14.537,35,,924,0,4,67,1997,0.6212,806.9,0.52,98,step_limit,0,417677,19314.2
430,1000,480.0,-5.261,37,,616,0,5,35,2131,0.6675,902.0,0.5875,340,step_limit,0,418677,19355.3
431,1000,560.0,33.84,42,,975,0,6,89,1711,0.6462,887.3,0.4636,136,step_limit,0,419677,19396.4
432,920,403.2,-25.073,32,,421,0,4,37,2365,0.6497,789.8,0.7003,499,no_progress,0,420597,19434.0
433,616,145.36,-36.768,14,,117,0,1,16,1935,0.6502,524.6,0.8326,427,no_progress,0,421213,19459.5
434,1000,390.0,-19.644,31,,599,0,4,34,2429,0.6412,898.2,0.644,332,step_limit,0,422213,19500.8
435,868,315.28,-21.044,26,,369,0,3,70,2313,0.6457,673.8,0.7165,501,no_progress,0,423081,19536.6
436,1000,490.0,12.355,38,,961,0,5,78,2010,0.6607,892.4,0.5467,145,step_limit,0,424081,19579.4
437,765,209.4,-35.662,18,,266,0,2,25,2233,0.4601,544.2,0.7772,498,no_progress,0,424846,19611.4
438,1000,420.0,-5.791,34,,579,0,4,34,2084,0.6713,930.0,0.5621,338,step_limit,0,425846,19652.4
439,1000,550.0,27.995,41,,759,0,6,96,1802,0.6185,873.2,0.4914,185,step_limit,0,426846,19694.2
440,1000,330.0,-25.127,25,,575,0,4,30,2562,0.6248,731.8,0.6753,399,step_limit,0,427846,19735.7
441,1000,360.0,-7.09,31,,986,0,3,121,2548,0.6162,905.2,0.6811,257,step_limit,0,428846,19774.0
442,1000,440.0,2.002,33,,748,0,5,42,1931,0.6385,760.8,0.5247,258,step_limit,0,429846,19808.3
443,1000,570.0,28.029,43,,978,0,6,45,1608,0.6062,892.0,0.4276,58,step_limit,0,430846,19849.3
444,1000,410.0,57.048,33,,677,0,4,244,1932,0.5377,797.8,0.5256,132,step_limit,0,431846,19890.0
445,809,167.64,-28.934,17,,310,0,1,48,2335,0.6224,623.4,0.757,483,no_progress,0,432655,19923.2
446,1000,420.0,-1.611,34,,998,0,4,75,2323,0.5573,825.5,0.6106,314,step_limit,0,433655,19964.0
447,1000,550.0,17.078,41,,967,0,6,58,1844,0.5597,805.0,0.5061,84,step_limit,0,434655,20005.1
448,1000,470.0,2.389,36,,864,0,5,39,2073,0.575,785.3,0.5443,133,step_limit,0,435655,20046.1
449,1000,540.0,13.995,40,,887,0,6,47,1886,0.625,847.8,0.4977,62,step_limit,0,436655,20085.3
450,1000,510.0,40.257,37,,1000,0,6,94,1641,0.5853,777.3,0.4468,154,step_limit,0,437655,20125.4
451,1000,360.0,-11.984,28,,619,0,4,51,2404,0.6365,830.7,0.637,346,step_limit,0,438655,20179.1
452,1000,530.0,85.215,39,,975,0,6,226,1373,0.5857,949.0,0.3573,74,step_limit,0,439655,20221.9
453,1000,460.0,-7.656,35,,691,0,5,43,2256,0.6365,778.5,0.6133,294,step_limit,0,440655,20262.6
454,1000,160.0,-45.332,17,,584,0,1,45,3002,0.5958,704.9,0.7814,316,step_limit,0,441655,20304.0
455,1000,580.0,135.043,41,,987,0,7,414,1152,0.5152,881.5,0.3113,38,step_limit,0,442655,20345.1
456,1000,620.0,32.803,45,,970,0,7,37,1477,0.6258,895.7,0.4036,32,step_limit,0,443655,20387.1
457,972,501.12,-9.224,36,,473,0,6,32,2123,0.6502,805.8,0.6022,417,no_progress,0,444627,20428.7
458,1000,480.0,17.499,37,,981,0,5,88,2005,0.6032,846.6,0.5422,126,step_limit,0,445627,20470.2
459,1000,480.0,56.941,37,,989,0,5,234,1855,0.5675,856.3,0.5063,54,step_limit,0,446627,20511.6
460,1000,460.0,-4.625,35,,857,0,5,36,2195,0.6555,753.4,0.5862,149,step_limit,0,447627,20553.9
461,1000,290.0,-28.89,27,,552,0,2,31,2608,0.6442,798.1,0.6894,274,step_limit,0,448627,20594.3
462,1000,540.0,31.409,40,,914,0,6,76,1665,0.609,897.9,0.4498,64,step_limit,0,449627,20634.6
463,1000,460.0,15.21,35,,564,0,5,153,2309,0.5092,756.5,0.6229,411,step_limit,0,450627,20675.6
464,1000,390.0,27.347,31,,811,0,4,132,2024,0.6322,770.6,0.5333,139,step_limit,0,451627,20716.7
465,1000,540.0,48.474,40,,991,0,6,88,1476,0.5327,878.0,0.3899,37,step_limit,0,452627,20757.7
466,775,239.0,-35.562,21,,276,0,2,30,2266,0.4881,595.3,0.7857,466,no_progress,0,453402,20789.8
467,1000,420.0,-5.592,34,,971,0,4,48,2233,0.5537,809.2,0.5949,152,step_limit,0,454402,20832.6
468,1000,490.0,-14.078,35,,714,0,6,33,2288,0.671,845.3,0.6198,284,step_limit,0,455402,20874.2
469,850,296.0,-20.669,24,,351,0,3,81,2363,0.6029,599.3,0.7466,423,no_progress,0,456252,20907.8
470,1000,310.0,-39.815,23,,846,0,4,69,2952,0.5713,631.0,0.7855,368,step_limit,0,457252,20943.7
471,1000,430.0,93.618,35,,544,0,4,433,2084,0.5327,719.3,0.5649,364,step_limit,0,458252,20980.5
472,1000,450.0,81.952,34,,987,0,5,401,2082,0.5443,737.7,0.5669,400,step_limit,0,459252,21021.3
473,1000,380.0,4.772,30,,731,0,4,67,2152,0.626,825.9,0.5665,265,step_limit,0,460252,21063.0
474,1000,650.0,29.056,48,,886,0,7,70,1664,0.62,944.6,0.4496,61,step_limit,0,461252,21106.3
475,1000,530.0,35.639,39,,977,0,6,57,1563,0.6205,849.4,0.4081,40,step_limit,0,462252,21147.7
476,1000,420.0,-23.781,34,,508,0,4,35,2494,0.6685,793.0,0.6746,475,step_limit,0,463252,21188.5
477,1000,340.0,-0.692,29,,515,0,3,89,2301,0.6508,798.6,0.6116,439,step_limit,0,464252,21229.3
478,1000,530.0,21.045,42,,1000,0,5,48,1703,0.6535,896.9,0.4524,76,step_limit,0,465252,21271.8
479,1000,510.0,19.036,37,,524,0,6,32,1650,0.6122,826.7,0.4434,283,step_limit,0,466252,21314.7
480,787,288.52,-28.011,23,,288,0,3,42,2203,0.6356,667.7,0.7588,500,no_progress,0,467039,21346.1
481,1000,420.0,-35.157,31,,947,0,5,30,2690,0.6573,779.5,0.7222,413,step_limit,0,468039,21386.1
482,1000,710.0,41.411,48,,871,0,9,53,1339,0.6038,929.5,0.3699,17,step_limit,0,469039,21427.5
483,1000,370.0,-31.177,32,,962,0,3,31,2587,0.6435,857.3,0.6969,129,step_limit,0,470039,21467.7
484,643,134.28,-41.86,16,,144,0,0,16,2070,0.4545,525.0,0.8524,461,no_progress,0,470682,21495.2
485,1000,400.0,-23.38,32,,573,0,4,23,2403,0.6677,793.0,0.6503,381,step_limit,0,471682,21535.7
486,1000,530.0,9.151,39,,767,0,6,40,1832,0.641,860.5,0.5039,206,step_limit,0,472682,21577.2
487,1000,360.0,-15.478,31,,949,0,3,40,2395,0.5178,748.0,0.6471,292,step_limit,0,473682,21620.1
488,788,138.48,-38.191,17,,289,0,0,38,2415,0.6859,703.9,0.7994,508,no_progress,0,474470,21653.0
489,1000,360.0,-16.013,31,,602,0,3,30,2272,0.6623,742.0,0.6002,359,step_limit,0,475470,21694.0
490,1000,320.0,-37.975,27,,613,0,3,24,2748,0.6797,812.8,0.7286,357,step_limit,0,476470,21735.1
491,925,373.0,-12.119,32,,426,0,3,46,2198,0.6414,788.6,0.6476,440,no_progress,0,477395,21771.7
492,1000,620.0,11.076,45,,998,0,7,47,1945,0.6603,913.4,0.5251,56,step_limit,0,478395,21811.6
493,1000,680.0,42.447,48,,950,0,8,62,1408,0.6162,842.0,0.3888,48,step_limit,0,479395,21852.5
494,1000,440.0,-7.276,36,,695,0,4,32,2146,0.6613,823.0,0.5784,271,step_limit,0,480395,21896.0
495,682,122.72,-50.447,15,,183,0,0,14,2298,0.4813,511.4,0.8875,501,no_progress,0,481077,21925.0
496,884,324.64,-22.888,27,,385,0,3,34,2278,0.5034,754.4,0.6947,417,no_progress,0,481961,21962.0
497,1000,550.0,4.825,41,,821,0,6,37,1983,0.6558,874.1,0.5459,207,step_limit,0,482961,22003.7
498,655,143.8,-42.785,17,,156,0,0,12,2094,0.484,628.7,0.8457,489,no_progress,0,483616,22031.3
499,902,363.92,-33.945,28,,403,0,4,30,2483,0.6624,649.0,0.7464,499,no_progress,0,484518,22068.7
500,993,330.28,-16.496,28,,494,0,3,25,2101,0.6614,745.0,0.5664,38,no_progress,0,485511,22105.6
501,1000,540.0,2.442,40,,787,0,6,38,2024,0.6365,895.9,0.5511,194,step_limit,0,486511,22157.1
502,1000,390.0,-25.545,31,,913,0,4,31,2543,0.6025,674.6,0.6813,171,step_limit,0,487511,22196.4
503,641,134.36,-41.03,16,,142,0,0,14,2044,0.6923,596.2,0.8477,497,no_progress,0,488152,22221.8
504,1000,490.0,-1.077,38,,753,0,5,41,2064,0.5795,796.5,0.5622,207,step_limit,0,489152,22265.9
505,1000,400.0,-28.189,32,,535,0,4,32,2532,0.6502,778.6,0.6793,355,step_limit,0,490152,22307.4
506,928,222.88,-37.923,20,,429,0,2,29,2644,0.4952,595.6,0.7516,492,no_progress,0,491080,22344.7
507,910,123.6,-63.1,16,,411,0,0,18,3014,0.5643,688.1,0.8624,500,no_progress,0,491990,22383.6
508,1000,580.0,5.129,44,,798,0,6,45,1971,0.6055,937.6,0.5399,179,step_limit,0,492990,22425.0
509,1000,310.0,-49.143,29,,996,0,2,23,2923,0.6613,679.0,0.7823,163,step_limit,0,493990,22465.7
510,715,151.4,-35.141,18,,216,0,0,20,2116,0.6783,649.6,0.7873,462,no_progress,0,494705,22496.0
511,1000,320.0,-29.612,27,,507,0,3,29,2551,0.6535,787.3,0.677,260,step_limit,0,495705,22537.5
512,1000,470.0,-22.459,36,,772,0,5,30,2474,0.63,784.9,0.6716,253,step_limit,0,496705,22578.4
513,1000,530.0,13.439,39,,622,0,6,45,1779,0.6583,910.2,0.488,335,step_limit,0,497705,22617.4
514,647,154.12,-40.182,18,,148,0,0,17,2046,0.7237,668.4,0.8463,487,no_progress,0,498352,22643.6
515,955,251.8,-42.019,23,,456,0,2,35,2784,0.6084,596.6,0.772,489,no_progress,0,499307,22683.9
516,1000,430.0,-3.807,35,,976,0,4,45,2139,0.5837,918.0,0.5765,216,step_limit,0,500307,22725.8
517,718,131.28,-40.998,16,,219,0,0,28,2259,0.4526,487.7,0.8323,478,no_progress,0,501025,22755.2
518,1000,460.0,-6.566,35,,657,0,5,36,2209,0.6392,798.9,0.5943,178,step_limit,0,502025,22796.9
519,1000,560.0,-3.194,42,,997,0,6,45,2174,0.643,846.1,0.5926,79,step_limit,0,503025,22838.0
520,1000,320.0,-37.725,24,,614,0,4,25,2761,0.645,720.9,0.7309,370,step_limit,0,504025,22878.7
521,928,342.88,-21.294,26,,429,0,4,39,2304,0.6185,740.9,0.6567,257,no_progress,0,504953,22917.2
522,862,345.52,-32.952,29,,363,0,3,26,2350,0.6682,742.1,0.7468,435,no_progress,0,505815,22954.5
523,1000,550.0,-11.351,41,,526,0,6,36,2212,0.6757,869.5,0.6175,469,step_limit,0,506815,22994.7
524,1000,620.0,14.754,45,,969,0,7,41,1793,0.6395,900.5,0.4882,61,step_limit,0,507815,23033.3
525,1000,460.0,-9.363,35,,789,0,5,39,2265,0.5637,848.6,0.6093,74,step_limit,0,508815,23074.6
526,1000,490.0,-18.811,38,,737,0,5,37,2405,0.652,761.6,0.6655,250,step_limit,0,509815,23115.9
527,1000,470.0,-18.757,36,,691,0,5,38,2417,0.6135,771.9,0.6609,307,step_limit,0,510815,23158.4
528,1000,280.0,-27.272,23,,818,0,3,23,2573,0.6158,793.2,0.6779,143,step_limit,0,511815,23199.2
529,1000,490.0,-28.239,38,,574,0,5,37,2583,0.657,811.6,0.7024,400,step_limit,0,512815,23238.9
530,1000,430.0,-15.727,35,,827,0,4,31,2307,0.6525,813.3,0.6285,173,step_limit,0,513815,23279.3
531,998,360.08,-32.703,28,,499,0,4,32,2667,0.643,758.9,0.7142,405,no_progress,0,514813,23316.6
532,1000,570.0,-2.757,43,,727,0,6,36,2102,0.6633,913.2,0.5804,276,step_limit,0,515813,23358.7
533,1000,510.0,0.028,40,,787,0,5,31,2050,0.627,885.4,0.5569,213,step_limit,0,516813,23400.8
534,758,199.68,-46.183,20,,259,0,1,17,2371,0.6821,695.5,0.8356,520,no_progress,0,517571,23432.5
535,891,704.36,41.475,50,891,891,0,8,52,1065,0.6597,927.3,0.3331,29,complete,0,518462,23469.2
536,1000,630.0,15.44,46,,920,0,7,45,1780,0.639,926.1,0.4922,85,step_limit,0,519462,23510.5
537,1000,370.0,-23.284,29,,545,0,4,46,2560,0.6378,756.0,0.6873,446,step_limit,0,520462,23547.8
538,1000,300.0,-44.369,25,,724,0,3,24,2871,0.5675,621.8,0.7623,283,step_limit,0,521462,23589.0
539,835,186.6,-46.173,19,,336,0,1,18,2550,0.6353,694.5,0.8069,500,no_progress,0,522297,23623.5
540,941,302.36,-15.83,25,,442,0,3,37,2279,0.6302,757.6,0.6437,355,no_progress,0,523238,23662.5
541,1000,500.0,-5.405,39,,554,0,5,36,2172,0.6695,848.1,0.5947,404,step_limit,0,524238,23705.0
542,1000,510.0,-11.097,37,,815,0,6,40,2299,0.6172,735.6,0.6227,234,step_limit,0,525238,23746.1
543,1000,350.0,-15.764,30,,680,0,3,49,2474,0.6298,903.0,0.6558,277,step_limit,0,526238,23787.5
544,1000,610.0,33.077,44,,940,0,7,54,1508,0.6575,903.8,0.4133,15,step_limit,0,527238,23829.3
545,1000,220.0,-55.466,20,,990,0,2,18,3046,0.6675,702.0,0.7954,375,step_limit,0,528238,23872.0
546,1000,490.0,-14.058,35,,580,0,6,54,2402,0.6115,879.2,0.6546,371,step_limit,0,529238,23909.1
547,1000,600.0,-0.56,43,,970,0,7,36,2050,0.6468,892.3,0.5617,174,step_limit,0,530238,23950.5
548,900,344.0,-27.876,29,,401,0,3,37,2418,0.6869,886.1,0.7223,499,no_progress,0,531138,23987.3
549,925,393.0,-24.781,31,,426,0,4,32,2361,0.6832,848.4,0.6973,453,no_progress,0,532063,24024.4
550,1000,610.0,23.835,44,,805,0,7,50,1676,0.6255,805.0,0.4647,184,step_limit,0,533063,24065.4
551,952,191.92,-58.82,20,,453,0,1,18,3009,0.506,672.6,0.8324,661,no_progress,0,534015,24119.5
552,1000,570.0,24.26,43,,754,0,6,49,1660,0.6162,935.7,0.4503,222,step_limit,0,535015,24160.2
553,1000,600.0,10.463,43,,974,0,7,37,1886,0.6515,802.5,0.52,137,step_limit,0,536015,24200.9
554,916,343.36,-39.021,29,,417,0,3,28,2584,0.6362,717.1,0.7675,485,no_progress,0,536931,24238.4
555,1000,340.0,-16.208,26,,533,0,4,70,2535,0.6085,709.3,0.6721,439,step_limit,0,537931,24281.4
556,1000,620.0,35.593,45,,1000,0,7,54,1534,0.6102,871.1,0.4023,21,step_limit,0,538931,24323.0
557,741,160.36,-36.881,16,,242,0,1,15,2190,0.6326,631.6,0.7744,359,no_progress,0,539672,24353.9
558,867,305.32,-33.794,25,,368,0,3,29,2407,0.6338,752.9,0.7511,497,no_progress,0,540539,24387.0
559,1000,400.0,11.846,32,,555,0,4,105,2188,0.574,811.0,0.5853,378,step_limit,0,541539,24424.4
560,1000,550.0,10.329,41,,747,0,6,45,1934,0.6382,863.6,0.5285,237,step_limit,0,542539,24464.0
561,1000,300.0,-43.89,25,,651,0,3,22,2853,0.6105,660.8,0.7544,352,step_limit,0,543539,24503.6
562,1000,400.0,-4.447,32,,960,0,4,28,2143,0.5312,760.3,0.5721,107,step_limit,0,544539,24544.6
563,985,420.6,-30.65,34,,486,0,4,35,2568,0.6289,678.9,0.717,491,no_progress,0,545524,24587.1
564,684,112.64,-36.675,14,,185,0,0,18,2099,0.6963,603.1,0.8014,378,no_progress,0,546208,24614.0
565,1000,480.0,-11.185,37,,814,0,5,40,2315,0.6222,837.7,0.6232,186,step_limit,0,547208,24656.6
566,1000,520.0,20.723,38,,713,0,6,37,1729,0.6302,846.0,0.469,201,step_limit,0,548208,24697.8
567,906,413.76,-22.56,33,,407,0,4,34,2274,0.6716,740.2,0.6884,474,no_progress,0,549114,24729.6
568,925,313.0,-24.321,26,,426,0,3,32,2423,0.6857,670.9,0.694,439,no_progress,0,550039,24760.2
569,1000,450.0,9.627,37,,851,0,4,44,1932,0.6158,803.2,0.5247,149,step_limit,0,551039,24793.4
570,828,336.88,3.023,28,,329,0,3,56,1789,0.6347,793.7,0.5885,402,no_progress,0,551867,24819.1
571,967,371.32,-29.227,29,,468,0,4,42,2590,0.6825,764.6,0.7193,486,no_progress,0,552834,24851.9
572,1000,580.0,40.688,41,,856,0,7,87,1559,0.5397,779.2,0.421,37,step_limit,0,553834,24885.1
573,1000,700.0,38.99,47,,989,0,9,49,1412,0.606,871.1,0.3809,49,step_limit,0,554834,24918.8
574,1000,460.0,46.545,35,,741,0,5,143,1746,0.5825,760.6,0.4622,293,step_limit,0,555834,24952.6
575,1000,360.0,-0.072,31,,509,0,3,48,2168,0.659,775.3,0.5795,205,step_limit,0,556834,24986.3
576,1000,440.0,5.83,33,,745,0,5,70,2151,0.608,716.1,0.5706,221,step_limit,0,557834,25019.9
577,811,207.56,-23.812,18,,312,0,2,46,2231,0.635,627.5,0.7192,499,no_progress,0,558645,25047.3
578,1000,470.0,-11.921,36,,523,0,5,36,2281,0.6687,825.4,0.6275,397,step_limit,0,559645,25081.1
579,1000,570.0,34.54,43,,992,0,6,110,1728,0.5948,826.4,0.4701,58,step_limit,0,560645,25114.1
580,1000,530.0,14.689,39,,813,0,6,40,1809,0.6657,890.0,0.4942,135,step_limit,0,561645,25147.6
581,1000,450.0,4.835,34,,842,0,5,39,2043,0.5998,885.8,0.5407,158,step_limit,0,562645,25177.6
582,851,315.96,-27.452,26,,352,0,3,27,2252,0.6536,655.0,0.7116,468,no_progress,0,563496,25206.9
583,1000,580.0,24.169,44,,899,0,6,43,1693,0.6272,881.3,0.4505,33,step_limit,0,564496,25240.6
584,1000,670.0,53.044,47,,916,0,8,46,1116,0.6298,930.3,0.3001,22,step_limit,0,565496,25273.6
585,1000,450.0,22.513,34,,922,0,5,56,1795,0.576,780.6,0.4711,25,step_limit,0,566496,25306.9
586,975,341.0,-27.972,29,,476,0,3,32,2527,0.529,749.9,0.693,499,no_progress,0,567471,25339.8
587,1000,600.0,33.968,43,,919,0,7,42,1514,0.6655,835.1,0.3965,33,step_limit,0,568471,25367.7
588,1000,460.0,-1.688,35,,821,0,5,37,2142,0.5687,741.0,0.5736,136,step_limit,0,569471,25400.6
589,1000,650.0,35.2,48,,996,0,7,43,1426,0.6623,907.1,0.3863,27,step_limit,0,570471,25433.8
590,1000,450.0,-32.181,31,,894,0,6,32,2668,0.6322,750.4,0.717,259,step_limit,0,571471,25463.1
591,815,267.4,-26.914,21,,316,0,3,25,2196,0.6623,716.1,0.709,382,no_progress,0,572286,25490.2
592,1000,260.0,-24.314,24,,993,0,2,48,2626,0.5453,669.5,0.6884,264,step_limit,0,573286,25523.3
593,1000,530.0,19.632,39,,766,0,6,58,1835,0.6018,858.7,0.4968,118,step_limit,0,574286,25556.7
594,1000,620.0,48.419,45,,999,0,7,49,1265,0.6192,939.2,0.3374,20,step_limit,0,575286,25590.2
595,1000,620.0,41.111,45,,977,0,7,48,1403,0.6065,907.0,0.3778,42,step_limit,0,576286,25623.9
596,1000,580.0,36.807,44,,899,0,6,63,1522,0.625,944.8,0.4185,57,step_limit,0,577286,25657.6
597,1000,560.0,37.508,42,,990,0,6,64,1482,0.6082,848.6,0.4006,39,step_limit,0,578286,25691.1
598,1000,520.0,26.805,41,,988,0,5,77,1782,0.6175,919.8,0.4795,82,step_limit,0,579286,25724.7
599,916,293.36,-18.465,24,,417,0,3,32,2296,0.446,630.1,0.6606,465,no_progress,0,580202,25753.6
600,1000,600.0,43.221,43,,851,0,7,42,1348,0.6188,872.5,0.3632,24,step_limit,0,581202,25787.3
601,1000,650.0,62.007,45,,930,0,8,59,1071,0.5753,864.1,0.2853,17,step_limit,0,582202,25832.4
602,1000,510.0,11.271,40,,815,0,5,39,1868,0.613,809.2,0.5021,99,step_limit,0,583202,25866.1
603,806,307.76,-24.343,25,,307,0,3,30,2113,0.6306,606.3,0.7123,499,no_progress,0,584008,25890.9
604,1000,370.0,-19.835,29,,574,0,4,37,2489,0.5917,784.2,0.6645,260,step_limit,0,585008,25923.4
605,1000,550.0,27.424,41,,979,0,6,78,1763,0.6128,828.0,0.4789,120,step_limit,0,586008,25957.4
606,1000,520.0,32.993,38,,960,0,6,96,1760,0.602,890.2,0.4709,40,step_limit,0,587008,25990.6
607,1000,600.0,20.597,43,,826,0,7,42,1717,0.6515,849.3,0.4631,197,step_limit,0,588008,26024.6
608,1000,460.0,14.715,35,,795,0,5,48,1935,0.6258,798.6,0.504,111,step_limit,0,589008,26058.0
609,788,248.48,-50.185,22,,289,0,2,18,2491,0.672,599.7,0.8523,503,no_progress,0,589796,26084.1
610,1000,540.0,32.105,40,,977,0,6,43,1504,0.5733,889.3,0.4048,91,step_limit,0,590796,26117.6
611,1000,460.0,35.078,35,,902,0,5,41,1438,0.5793,794.5,0.3846,50,step_limit,0,591796,26151.6
612,1000,460.0,20.074,35,,998,0,5,47,1828,0.609,796.2,0.4737,55,step_limit,0,592796,26185.3
613,1000,690.0,52.9,49,,943,0,8,62,1202,0.5865,880.6,0.3341,45,step_limit,0,593796,26217.1
614,1000,550.0,26.65,41,,988,0,6,41,1600,0.5527,871.3,0.4283,81,step_limit,0,594796,26250.2
615,796,308.16,-27.626,25,,297,0,3,23,2110,0.668,819.7,0.7251,488,no_progress,0,595592,26276.2
616,1000,560.0,29.463,42,,999,0,6,42,1600,0.621,857.1,0.4263,59,step_limit,0,596592,26307.1
617,1000,400.0,-16.618,32,,544,0,4,35,2389,0.6625,854.3,0.6407,372,step_limit,0,597592,26341.5
618,1000,510.0,13.658,40,,963,0,5,46,1899,0.582,860.3,0.5099,61,step_limit,0,598592,26373.2
619,692,102.32,-36.818,13,,193,0,0,12,2086,0.6066,567.1,0.7861,484,no_progress,0,599284,26394.7
620,815,307.4,-33.851,25,,316,0,3,23,2273,0.6791,671.9,0.7553,471,no_progress,0,600099,26420.6
621,1000,500.0,5.182,39,,896,0,5,34,1927,0.6478,932.9,0.5315,70,step_limit,0,601099,26454.4
622,1000,480.0,20.612,37,,688,0,5,45,1705,0.5088,829.7,0.4649,62,step_limit,0,602099,26488.1
623,1000,520.0,15.847,41,,909,0,5,52,1856,0.6315,903.9,0.4992,89,step_limit,0,603099,26522.1
624,1000,510.0,45.839,40,,831,0,5,92,1510,0.5942,936.3,0.3943,47,step_limit,0,604099,26555.4
625,781,168.76,-37.317,17,,282,0,1,15,2275,0.6392,552.7,0.7689,339,no_progress,0,604880,26578.8
626,774,239.04,-35.25,21,,275,0,2,21,2227,0.4926,590.2,0.7707,464,no_progress,0,605654,26604.9
627,1000,540.0,33.623,40,,996,0,6,39,1511,0.6012,820.7,0.4007,70,step_limit,0,606654,26638.1
628,1000,650.0,50.92,45,,871,0,8,52,1274,0.6002,962.8,0.335,32,step_limit,0,607654,26672.4
629,1000,350.0,-23.23,30,,815,0,3,33,2491,0.6092,813.6,0.6646,171,step_limit,0,608654,26705.4
630,1000,520.0,16.843,41,,795,0,5,39,1791,0.6675,837.9,0.4828,139,step_limit,0,609654,26739.2
631,1000,430.0,-13.412,32,,824,0,5,23,2279,0.6743,793.7,0.614,178,step_limit,0,610654,26772.4
632,1000,390.0,-4.983,31,,553,0,4,58,2264,0.4978,696.6,0.6121,376,step_limit,0,611654,26806.3
633,1000,500.0,-6.786,39,,639,0,5,32,2170,0.6755,905.5,0.5958,192,step_limit,0,612654,26839.4
634,1000,620.0,23.442,45,,997,0,7,40,1625,0.639,922.9,0.4512,159,step_limit,0,613654,26873.6
635,1000,510.0,12.384,37,,892,0,6,38,1891,0.6448,826.2,0.5136,86,step_limit,0,614654,26907.6
636,899,374.04,-24.58,32,,400,0,3,28,2268,0.6635,862.4,0.6879,499,no_progress,0,615553,26938.0
637,1000,640.0,47.148,44,,998,0,8,41,1296,0.5807,922.8,0.3396,29,step_limit,0,616553,26971.8
638,1000,430.0,-24.259,35,,748,0,4,31,2489,0.687,833.3,0.6729,252,step_limit,0,617553,27004.9
639,811,187.56,-43.166,19,,312,0,1,18,2462,0.6785,589.0,0.794,488,no_progress,0,618364,27030.6
640,999,360.04,-28.815,28,,500,0,4,48,2671,0.6426,578.0,0.7155,441,no_progress,0,619363,27064.2
641,908,303.68,-37.338,25,,409,0,3,24,2537,0.6256,649.7,0.7479,407,no_progress,0,620271,27094.6
642,1000,430.0,-17.628,32,,532,0,5,36,2386,0.6753,845.2,0.6488,403,step_limit,0,621271,27128.3
643,1000,450.0,-15.496,37,,973,0,4,38,2353,0.6462,772.6,0.6439,351,step_limit,0,622271,27162.0
644,915,303.4,-38.547,25,,416,0,3,26,2596,0.5115,666.3,0.7585,465,no_progress,0,623186,27189.0
645,657,123.72,-44.976,15,,158,0,0,12,2135,0.699,661.8,0.8591,468,no_progress,0,623843,27210.8
646,1000,660.0,61.948,46,,983,0,8,56,1033,0.625,884.7,0.2811,24,step_limit,0,624843,27244.3
647,1000,550.0,21.804,41,,994,0,6,40,1755,0.6518,883.0,0.455,28,step_limit,0,625843,27277.3
648,1000,600.0,8.898,43,,990,0,7,43,1912,0.6555,870.2,0.525,80,step_limit,0,626843,27306.8
649,865,205.4,-44.146,21,,366,0,1,51,2699,0.5147,635.7,0.8249,501,no_progress,0,627708,27333.8
650,1000,560.0,24.417,42,,994,0,6,42,1649,0.608,870.9,0.4502,71,step_limit,0,628708,27359.8
651,1000,90.0,-85.264,13,,628,0,0,18,3604,0.7275,730.1,0.9261,398,step_limit,0,629708,27397.6
652,1000,540.0,19.044,40,,980,0,6,41,1769,0.5108,866.0,0.4751,51,step_limit,0,630708,27422.7
653,933,392.68,-24.438,31,,434,0,4,25,2368,0.6661,788.3,0.6817,483,no_progress,0,631641,27446.5
654,810,247.6,-27.384,22,,311,0,2,27,2173,0.675,800.5,0.7186,467,no_progress,0,632451,27466.5
655,724,261.04,-26.341,23,,225,0,2,39,2031,0.5045,780.5,0.7543,474,no_progress,0,633175,27486.5
656,1000,360.0,-26.185,31,,523,0,3,30,2548,0.645,661.4,0.6857,460,step_limit,0,634175,27512.3
657,1000,510.0,7.784,37,,904,0,6,35,1928,0.591,843.9,0.5086,200,step_limit,0,635175,27539.5
658,1000,430.0,10.42,35,,983,0,4,33,1927,0.6693,923.5,0.5153,86,step_limit,0,636175,27566.6
659,1000,390.0,3.645,28,,592,0,5,70,2188,0.6445,792.6,0.579,321,step_limit,0,637175,27593.8
660,1000,470.0,-1.696,36,,694,0,5,35,2144,0.6278,816.8,0.5755,268,step_limit,0,638175,27620.0
661,1000,500.0,8.632,39,,976,0,5,45,1990,0.6558,835.9,0.5357,52,step_limit,0,639175,27644.5
662,827,286.92,-25.461,23,,328,0,3,31,2210,0.6375,748.5,0.7165,385,no_progress,0,640002,27667.1
663,830,146.8,-10.408,18,,331,0,0,101,2263,0.4846,579.2,0.7133,428,no_progress,0,640832,27690.1
664,1000,610.0,49.078,44,,973,0,7,81,1430,0.589,937.8,0.3815,25,step_limit,0,641832,27715.6
665,1000,460.0,49.785,35,,929,0,5,168,1763,0.553,902.3,0.471,133,step_limit,0,642832,27741.0
666,1000,360.0,18.198,31,,643,0,3,51,1867,0.5483,735.8,0.4854,29,step_limit,0,643832,27768.4
667,1000,600.0,74.608,43,,877,0,7,90,1033,0.5753,863.8,0.2579,30,step_limit,0,644832,27795.0
668,1000,260.0,-45.718,24,,628,0,2,26,2835,0.5122,738.6,0.751,379,step_limit,0,645832,27819.5
669,1000,470.0,-5.032,36,,751,0,5,64,2313,0.5883,839.0,0.6254,249,step_limit,0,646832,27845.9
670,1000,460.0,-18.34,35,,867,0,5,55,2485,0.66,766.4,0.6771,200,step_limit,0,647832,27873.6
671,723,111.08,-53.214,14,,224,0,0,12,2426,0.6981,649.9,0.879,574,no_progress,0,648555,27893.6
672,1000,510.0,26.863,37,,936,0,6,61,1675,0.6412,868.3,0.4517,56,step_limit,0,649555,27915.8
673,1000,690.0,17.932,49,,999,0,8,54,1805,0.5553,848.9,0.5087,202,step_limit,0,650555,27942.8
674,810,267.6,-15.037,24,,311,0,2,64,2105,0.6324,699.7,0.7025,493,no_progress,0,651365,27965.2
675,1000,430.0,-0.128,32,,942,0,5,53,2173,0.5995,766.8,0.5783,212,step_limit,0,652365,27989.5
676,1000,500.0,17.835,36,,795,0,6,44,1831,0.6175,848.0,0.4814,102,step_limit,0,653365,28012.7
677,1000,510.0,17.91,37,,670,0,6,61,1897,0.6,866.7,0.5176,223,step_limit,0,654365,28038.9
678,1000,570.0,40.232,40,,995,0,7,117,1675,0.5968,868.2,0.4577,45,step_limit,0,655365,28065.1
679,1000,320.0,1.669,27,,911,0,3,31,2104,0.6508,837.3,0.5545,307,step_limit,0,656365,28090.2
680,1000,440.0,-10.488,33,,658,0,5,50,2354,0.6205,795.0,0.6296,317,step_limit,0,657365,28116.2
681,1000,240.0,-49.288,22,,577,0,2,21,2955,0.6528,681.3,0.7731,450,step_limit,0,658365,28141.9
682,1000,440.0,0.619,33,,816,0,5,58,2169,0.627,822.9,0.5878,248,step_limit,0,659365,28168.2
683,1000,280.0,-26.807,26,,572,0,2,26,2571,0.6973,746.4,0.6792,217,step_limit,0,660365,28193.2
684,1000,520.0,22.683,38,,986,0,6,57,1818,0.6325,848.0,0.475,50,step_limit,0,661365,28219.2
685,1000,520.0,-2.286,38,,831,0,6,51,2181,0.6235,906.6,0.5989,131,step_limit,0,662365,28244.7
686,1000,390.0,-15.08,31,,634,0,4,28,2336,0.6697,733.2,0.6226,337,step_limit,0,663365,28271.1
687,1000,180.0,-24.307,19,,786,0,1,113,2883,0.4803,682.6,0.7547,396,step_limit,0,664365,28296.1
688,931,322.76,-32.352,27,,432,0,3,30,2494,0.6533,784.1,0.723,489,no_progress,0,665296,28320.7
689,1000,530.0,10.706,39,,997,0,6,52,1927,0.6295,864.7,0.528,318,step_limit,0,666296,28346.9
690,1000,510.0,5.429,40,,594,0,5,38,1970,0.618,836.6,0.5426,242,step_limit,0,667296,28378.0
691,1000,540.0,28.05,40,,936,0,6,43,1650,0.6412,872.3,0.44,66,step_limit,0,668296,28405.4
692,1000,430.0,14.476,32,,822,0,5,80,2088,0.5497,783.0,0.5371,94,step_limit,0,669296,28431.0
693,1000,270.0,-34.925,25,,872,0,2,25,2697,0.607,637.8,0.7154,180,step_limit,0,670296,28457.8
694,1000,460.0,-13.239,38,,989,0,4,37,2289,0.6498,905.4,0.6264,123,step_limit,0,671296,28484.6
695,1000,500.0,22.23,39,,905,0,5,62,1794,0.6332,890.1,0.4823,95,step_limit,0,672296,28510.4
696,836,306.56,-19.212,25,,337,0,3,30,2033,0.6432,679.6,0.659,499,no_progress,0,673132,28530.5
697,773,239.08,-18.835,21,,274,0,2,28,1925,0.4525,644.1,0.6675,421,no_progress,0,673905,28550.8
698,1000,420.0,-6.509,34,,745,0,4,35,2215,0.6805,867.5,0.5815,217,step_limit,0,674905,28574.6
699,1000,460.0,-16.443,35,,649,0,5,40,2409,0.6255,888.0,0.6485,336,step_limit,0,675905,28596.1
700,986,400.56,-20.752,32,,487,0,4,33,2399,0.6851,837.1,0.6568,469,no_progress,0,676891,28620.7
701,934,272.64,-21.262,25,,435,0,2,52,2417,0.6526,775.6,0.6883,470,no_progress,0,677825,28658.5
702,883,374.68,-13.906,29,,384,0,4,44,2128,0.6447,796.6,0.6583,462,no_progress,0,678708,28678.0
703,1000,480.0,-20.174,37,,881,0,5,30,2355,0.671,825.4,0.6508,256,step_limit,0,679708,28703.1
704,989,370.44,-24.995,29,,490,0,4,32,2495,0.6704,882.0,0.6821,501,no_progress,0,680697,28730.8
705,922,243.12,-32.706,22,,423,0,2,77,2734,0.6402,535.0,0.7778,499,no_progress,0,681619,28754.8
706,1000,450.0,3.258,34,,741,0,5,53,2125,0.5543,816.0,0.5658,155,step_limit,0,682619,28781.2
707,1000,540.0,34.408,40,,780,0,6,57,1582,0.614,862.7,0.4238,57,step_limit,0,683619,28806.5
708,1000,500.0,9.986,39,,996,0,5,48,1963,0.6172,827.2,0.5349,141,step_limit,0,684619,28833.4
709,1000,530.0,26.824,39,,989,0,6,40,1613,0.594,822.3,0.4405,57,step_limit,0,685619,28859.4
710,1000,460.0,39.537,35,,863,0,5,137,1831,0.5925,928.3,0.4853,113,step_limit,0,686619,28886.0
711,757,219.72,-16.401,19,,258,0,2,36,1977,0.6004,641.3,0.6961,447,no_progress,0,687376,28904.5
712,1000,420.0,-24.319,31,,545,0,5,32,2507,0.6647,875.8,0.6797,419,step_limit,0,688376,28930.2
713,1000,360.0,-24.312,28,,638,0,4,28,2484,0.591,830.6,0.6595,161,step_limit,0,689376,28955.9
714,1000,500.0,18.667,36,,856,0,6,43,1779,0.5255,761.8,0.4867,89,step_limit,0,690376,28981.8
715,1000,510.0,13.605,40,,964,0,5,42,1857,0.6365,843.1,0.4963,38,step_limit,0,691376,29005.8
716,852,295.92,-23.399,24,,353,0,3,22,2202,0.6276,622.8,0.6956,499,no_progress,0,692228,29028.4
717,1000,580.0,16.178,44,,959,0,6,41,1751,0.6673,910.0,0.4773,83,step_limit,0,693228,29054.3
718,980,300.8,-40.738,25,,481,0,3,24,2750,0.6416,702.4,0.7438,498,no_progress,0,694208,29078.4
719,1000,600.0,14.151,43,,831,0,7,43,1867,0.6432,904.4,0.5049,186,step_limit,0,695208,29104.0
720,1000,290.0,-38.62,24,,528,0,3,35,2814,0.6178,656.8,0.7458,475,step_limit,0,696208,29131.1
721,1000,490.0,4.515,38,,724,0,5,39,2025,0.6567,855.8,0.5423,213,step_limit,0,697208,29158.2
722,754,239.84,-35.383,21,,255,0,2,23,2236,0.5153,648.2,0.7949,495,no_progress,0,697962,29176.8
723,979,460.84,-17.732,38,,480,0,4,41,2357,0.6701,787.1,0.6648,486,no_progress,0,698941,29203.4
724,1000,430.0,-4.362,32,,530,0,5,36,2187,0.6282,847.9,0.5894,254,step_limit,0,699941,29230.2
725,699,212.04,-29.14,18,,200,0,2,21,1977,0.6674,616.8,0.7577,426,no_progress,0,700640,29244.4
726,737,200.52,-32.766,20,,238,0,1,21,2115,0.4766,569.1,0.768,483,no_progress,0,701377,29262.7
727,1000,490.0,-21.022,38,,655,0,5,41,2463,0.682,870.7,0.6773,325,step_limit,0,702377,29288.6
728,1000,660.0,29.465,46,,820,0,8,48,1553,0.6368,880.0,0.4299,180,step_limit,0,703377,29313.9
729,831,236.76,-21.171,21,,332,0,2,24,2095,0.6543,679.4,0.6625,409,no_progress,0,704208,29335.7
730,899,304.04,-31.383,25,,400,0,3,25,2416,0.6624,946.0,0.7098,488,no_progress,0,705107,29357.3
731,1000,420.0,-13.031,34,,631,0,4,34,2268,0.6352,847.0,0.6143,284,step_limit,0,706107,29381.5
732,1000,560.0,21.466,42,,831,0,6,43,1730,0.687,866.7,0.4741,67,step_limit,0,707107,29409.9
733,801,347.96,-23.951,26,,302,0,4,25,2070,0.676,677.3,0.7073,434,no_progress,0,707908,29431.6
734,1000,410.0,-19.36,33,,504,0,4,35,2437,0.6793,815.4,0.6572,418,step_limit,0,708908,29458.6
735,1000,310.0,-16.889,26,,526,0,3,26,2301,0.5292,851.2,0.6121,427,step_limit,0,709908,29483.6
736,1000,560.0,17.496,42,,755,0,6,40,1776,0.6565,883.2,0.4872,198,step_limit,0,710908,29509.6
737,1000,550.0,29.323,41,,995,0,6,50,1632,0.6228,897.9,0.4366,46,step_limit,0,711908,29536.2
738,847,316.12,-29.844,26,,348,0,3,23,2273,0.6101,736.2,0.7145,186,no_progress,0,712755,29557.1
739,1000,470.0,-1.586,33,,919,0,6,34,2132,0.678,810.4,0.5669,178,step_limit,0,713755,29583.7
740,1000,480.0,20.914,37,,868,0,5,35,1680,0.6412,778.2,0.4541,64,step_limit,0,714755,29610.3
741,1000,400.0,1.962,32,,600,0,4,58,2179,0.6573,830.2,0.5896,328,step_limit,0,715755,29637.5
742,1000,480.0,0.945,37,,976,0,5,41,2094,0.6342,799.2,0.5627,58,step_limit,0,716755,29664.2
743,1000,640.0,32.566,47,,858,0,7,45,1520,0.652,949.8,0.4222,50,step_limit,0,717755,29687.4
744,1000,600.0,39.117,43,,963,0,7,41,1382,0.6388,894.8,0.3532,39,step_limit,0,718755,29713.2
745,957,421.72,-16.263,34,,458,0,4,34,2252,0.657,830.7,0.6472,432,no_progress,0,719712,29738.6
746,1000,550.0,74.949,41,,977,0,6,152,1208,0.5827,838.7,0.3172,34,step_limit,0,720712,29766.0
747,839,316.44,-19.8,26,,340,0,3,26,2088,0.6797,805.1,0.6679,403,no_progress,0,721551,29786.7
748,943,342.28,-15.974,26,,444,0,4,31,2273,0.6363,619.4,0.6414,376,no_progress,0,722494,29811.5
749,1000,610.0,66.59,44,,853,0,7,168,1435,0.6265,874.7,0.3852,45,step_limit,0,723494,29836.3
750,1000,530.0,33.997,39,,815,0,6,48,1505,0.5633,924.4,0.405,174,step_limit,0,724494,29860.5
751,709,221.64,-24.374,19,,210,0,2,20,1913,0.6417,622.6,0.7192,423,no_progress,0,725203,29890.7
752,1000,590.0,45.297,42,,889,0,7,109,1558,0.5615,955.2,0.4225,69,step_limit,0,726203,29915.8
753,887,354.52,-19.885,27,,388,0,4,36,2192,0.4713,688.0,0.6738,480,no_progress,0,727090,29938.7
754,879,344.84,-24.034,29,,380,0,3,31,2231,0.6414,825.1,0.6921,472,no_progress,0,727969,29960.4
755,1000,540.0,30.014,40,,1000,0,6,51,1682,0.6388,891.9,0.4382,41,step_limit,0,728969,29988.0
756,1000,420.0,-4.137,34,,623,0,4,91,2360,0.6535,766.1,0.6387,361,step_limit,0,729969,30015.5
757,1000,540.0,55.377,40,,892,0,6,48,1172,0.646,907.5,0.3077,20,step_limit,0,730969,30036.3
758,1000,500.0,-14.622,36,,512,0,6,39,2354,0.6505,790.7,0.6407,430,step_limit,0,731969,30063.2
759,1000,420.0,1.545,31,,691,0,5,37,2087,0.5847,761.0,0.5553,287,step_limit,0,732969,30090.1
760,1000,470.0,22.511,36,,920,0,5,60,1790,0.5843,901.5,0.4795,61,step_limit,0,733969,30116.9
761,1000,460.0,-1.979,35,,907,0,5,28,2096,0.6088,837.7,0.561,118,step_limit,0,734969,30144.3
762,1000,540.0,50.933,40,,998,0,6,89,1439,0.5797,883.6,0.378,46,step_limit,0,735969,30169.1
763,1000,450.0,16.35,34,,925,0,5,51,1902,0.6148,870.7,0.5129,97,step_limit,0,736969,30196.0
764,1000,620.0,36.063,45,,994,0,7,46,1461,0.6445,936.1,0.4042,41,step_limit,0,737969,30222.7
765,1000,470.0,16.393,36,,923,0,5,36,1802,0.6685,888.7,0.483,62,step_limit,0,738969,30249.5
766,1000,450.0,25.805,37,,998,0,4,36,1695,0.6205,899.7,0.4334,29,step_limit,0,739969,30275.3
767,1000,520.0,30.057,38,,927,0,6,39,1630,0.6605,916.4,0.4272,35,step_limit,0,740969,30303.2
768,764,229.44,-26.731,20,,265,0,2,42,2146,0.4647,555.9,0.7548,466,no_progress,0,741733,30325.1
769,901,223.96,-26.932,23,,402,0,1,23,2372,0.5566,808.5,0.6928,459,no_progress,0,742634,30349.3
770,1000,480.0,29.203,34,,786,0,6,61,1703,0.6055,851.3,0.4518,53,step_limit,0,743634,30374.1
771,1000,590.0,55.809,42,,994,0,7,46,1183,0.5962,866.9,0.3115,22,step_limit,0,744634,30400.8
772,654,113.84,-31.801,14,,155,0,0,17,1943,0.6495,598.8,0.7758,445,no_progress,0,745288,30420.2
773,1000,420.0,-16.421,34,,737,0,4,29,2346,0.6677,873.6,0.6329,192,step_limit,0,746288,30445.8
774,841,196.36,71.029,20,,342,0,1,368,1919,0.4872,695.2,0.597,470,no_progress,0,747129,30468.7
775,972,381.12,-12.148,30,,473,0,4,59,2366,0.5412,714.6,0.6545,401,no_progress,0,748101,30494.7
776,1000,640.0,66.272,47,,957,0,7,134,1294,0.59,923.5,0.3453,36,step_limit,0,749101,30521.3
777,1000,460.0,92.489,35,,558,0,5,512,2528,0.628,731.6,0.6962,466,step_limit,0,750101,30548.6
778,1000,450.0,3.583,37,,993,0,4,94,2264,0.6448,744.9,0.6148,265,step_limit,0,751101,30574.5
779,975,391.0,-16.963,31,,476,0,4,42,2383,0.6413,832.4,0.6561,474,no_progress,0,752076,30596.3
780,1000,330.0,-5.244,25,,608,0,4,29,2203,0.664,965.3,0.5768,114,step_limit,0,753076,30622.4
781,837,296.52,137.589,24,,338,0,3,605,1687,0.4919,665.3,0.5388,187,no_progress,0,753913,30642.8
782,1000,590.0,53.061,42,,832,0,7,56,1261,0.6192,931.2,0.3357,34,step_limit,0,754913,30670.0
783,889,294.44,-23.113,24,,390,0,3,28,2254,0.6114,773.5,0.6769,396,no_progress,0,755802,30693.1
784,829,326.84,-22.078,27,,330,0,3,31,2111,0.516,736.9,0.6936,410,no_progress,0,756631,30709.8
785,1000,470.0,3.546,36,,946,0,5,51,2093,0.6428,776.0,0.5704,145,step_limit,0,757631,30736.7
786,1000,590.0,32.053,42,,931,0,7,67,1664,0.5715,823.7,0.4563,85,step_limit,0,758631,30764.7
787,1000,510.0,-0.139,37,,970,0,6,30,2059,0.6232,737.0,0.5604,80,step_limit,0,759631,30792.5
788,1000,670.0,49.909,47,,993,0,8,60,1287,0.5923,841.4,0.355,90,step_limit,0,760631,30820.4
789,833,236.68,-36.391,21,,334,0,2,24,2390,0.6468,643.5,0.7592,510,no_progress,0,761464,30842.6
790,767,229.32,-12.742,20,,268,0,2,25,1680,0.6499,817.1,0.585,350,no_progress,0,762231,30863.0
791,1000,210.0,-53.879,19,,619,0,2,21,3056,0.5085,616.4,0.7958,366,step_limit,0,763231,30887.4
792,1000,460.0,23.765,35,,868,0,5,72,1839,0.5595,854.5,0.4968,112,step_limit,0,764231,30914.0
793,1000,480.0,30.117,37,,879,0,5,112,1891,0.5178,804.7,0.5151,116,step_limit,0,765231,30939.6
794,1000,440.0,10.794,33,,726,0,5,47,1950,0.635,813.9,0.5223,164,step_limit,0,766231,30966.0
795,1000,540.0,4.038,40,,712,0,6,42,2018,0.6478,881.4,0.5459,205,step_limit,0,767231,30989.6
796,1000,650.0,37.65,45,,853,0,8,40,1423,0.6398,930.6,0.3883,34,step_limit,0,768231,31014.2
797,1000,360.0,119.456,31,,961,0,3,552,2161,0.4928,757.4,0.5705,333,step_limit,0,769231,31040.4
798,1000,230.0,-43.834,21,,730,0,2,19,2858,0.548,666.2,0.7498,208,step_limit,0,770231,31067.0
799,872,285.12,15.823,23,,373,0,3,99,1827,0.5378,581.8,0.5567,321,no_progress,0,771103,31088.9
800,1000,410.0,-7.847,33,,686,0,4,53,2301,0.6425,777.9,0.6202,324,step_limit,0,772103,31116.7
801,955,361.8,-40.966,31,,456,0,3,29,2693,0.6393,689.3,0.7634,453,no_progress,0,773058,31153.6
802,1000,400.0,-28.33,32,,712,0,4,33,2584,0.6763,666.8,0.7014,414,step_limit,0,774058,31180.1
803,1000,290.0,-21.96,24,,523,0,3,38,2539,0.6425,734.5,0.6696,437,step_limit,0,775058,31205.4
804,1000,340.0,-12.205,29,,616,0,3,61,2430,0.6415,751.1,0.6514,294,step_limit,0,776058,31230.9
805,1000,520.0,-8.675,38,,811,0,6,35,2199,0.6532,730.7,0.6037,172,step_limit,0,777058,31253.7
806,1000,390.0,-25.089,31,,592,0,4,32,2540,0.6265,702.3,0.6811,397,step_limit,0,778058,31275.7
807,598,106.08,85.008,13,,99,0,0,512,1810,0.444,471.9,0.7989,491,no_progress,0,778656,31290.0
808,1000,550.0,20.654,41,,928,0,6,42,1756,0.6142,811.2,0.4688,50,step_limit,0,779656,31315.4
809,735,270.6,-19.629,21,,236,0,3,26,1858,0.4857,773.7,0.6841,422,no_progress,0,780391,31335.1
810,964,271.44,-35.065,22,,465,0,3,23,2625,0.5708,673.6,0.7203,353,no_progress,0,781355,31359.3
811,1000,360.0,1.957,28,,853,0,4,86,2292,0.61,791.3,0.6082,94,step_limit,0,782355,31382.0
812,1000,410.0,2.034,33,,614,0,4,41,2088,0.6515,838.4,0.5642,389,step_limit,0,783355,31408.8
813,834,236.64,-35.926,21,,335,0,2,25,2383,0.509,641.0,0.7581,302,no_progress,0,784189,31429.1
814,1000,620.0,40.205,45,,985,0,7,54,1414,0.6485,889.5,0.378,73,step_limit,0,785189,31455.6
815,1000,380.0,-36.957,30,,557,0,4,28,2736,0.6382,648.6,0.7347,417,step_limit,0,786189,31483.7
816,1000,310.0,-21.261,26,,791,0,3,48,2560,0.6052,716.8,0.6805,218,step_limit,0,787189,31509.7
817,1000,550.0,16.077,38,,815,0,7,32,1817,0.6338,887.5,0.4858,94,step_limit,0,788189,31532.8
818,1000,400.0,-8.306,32,,607,0,4,34,2241,0.64,768.7,0.5989,433,step_limit,0,789189,31558.9
819,1000,400.0,-17.537,32,,776,0,4,31,2393,0.642,830.1,0.6381,221,step_limit,0,790189,31585.9
820,875,245.0,-45.343,22,,376,0,2,23,2624,0.6689,666.6,0.7972,517,no_progress,0,791064,31609.8
821,1000,340.0,-12.176,29,,967,0,3,47,2378,0.6388,812.1,0.635,354,step_limit,0,792064,31635.4
822,1000,470.0,-6.953,36,,605,0,5,34,2179,0.6455,859.8,0.5814,214,step_limit,0,793064,31661.8
823,1000,600.0,21.522,43,,855,0,7,46,1750,0.6315,885.9,0.4774,133,step_limit,0,794064,31687.7
824,1000,450.0,15.236,34,,968,0,5,39,1825,0.5837,823.1,0.4882,79,step_limit,0,795064,31714.6
825,1000,430.0,-19.953,32,,631,0,5,31,2392,0.6172,855.2,0.6496,388,step_limit,0,796064,31739.5
826,1000,490.0,-9.339,38,,793,0,5,44,2224,0.6165,873.6,0.6095,136,step_limit,0,797064,31765.4
827,1000,380.0,-17.107,30,,755,0,4,37,2410,0.631,808.9,0.6379,134,step_limit,0,798064,31792.1
828,788,148.48,2.749,15,,289,0,1,176,2255,0.5968,656.3,0.7443,445,no_progress,0,798852,31813.2
829,1000,490.0,-16.465,38,,632,0,5,41,2358,0.661,911.4,0.6518,396,step_limit,0,799852,31838.6
830,1000,440.0,-15.702,33,,867,0,5,34,2305,0.6508,890.4,0.6204,125,step_limit,0,800852,31864.8
831,775,249.0,-33.056,22,,276,0,2,22,2209,0.6655,742.9,0.7696,532,no_progress,0,801627,31885.9
832,1000,610.0,17.313,44,,988,0,7,47,1763,0.651,885.7,0.4882,131,step_limit,0,802627,31911.1
833,1000,520.0,0.372,38,,996,0,6,41,2113,0.6142,777.7,0.573,102,step_limit,0,803627,31932.0
834,1000,550.0,6.959,41,,959,0,6,46,1952,0.5343,868.0,0.5373,122,step_limit,0,804627,31958.8
835,1000,320.0,-32.008,27,,841,0,3,43,2700,0.6707,644.3,0.7175,354,step_limit,0,805627,31985.3
836,1000,430.0,-10.926,32,,512,0,5,32,2275,0.6627,796.3,0.6047,409,step_limit,0,806627,32011.0
837,1000,380.0,-15.128,30,,965,0,4,37,2372,0.6182,821.9,0.626,199,step_limit,0,807627,32036.5
838,1000,350.0,-7.314,27,,998,0,4,121,2586,0.5897,819.4,0.6941,332,step_limit,0,808627,32061.1
839,809,247.64,92.747,22,,310,0,2,510,1999,0.5266,722.5,0.6603,467,no_progress,0,809436,32080.9
840,1000,430.0,-7.451,35,,647,0,4,39,2232,0.6785,861.1,0.6057,344,step_limit,0,810436,32107.0
841,1000,520.0,0.703,38,,713,0,6,39,2037,0.6345,863.3,0.5566,174,step_limit,0,811436,32134.9
842,863,325.48,-24.578,27,,364,0,3,31,2210,0.6535,713.5,0.6922,462,no_progress,0,812299,32157.5
843,864,245.44,-43.171,22,,365,0,2,26,2570,0.6293,661.9,0.7934,584,no_progress,0,813163,32179.4
844,678,142.88,-29.86,17,,179,0,0,37,2021,0.4336,463.5,0.7927,471,no_progress,0,813841,32197.3
845,1000,580.0,33.13,44,,935,0,6,108,1794,0.5673,890.8,0.4879,69,step_limit,0,814841,32218.2
846,1000,610.0,24.58,44,,946,0,7,50,1689,0.6118,821.3,0.4544,114,step_limit,0,815841,32240.5
847,1000,410.0,-6.461,33,,617,0,4,65,2191,0.633,809.3,0.5951,467,step_limit,0,816841,32263.3
848,942,382.32,-19.476,30,,443,0,4,62,2420,0.6752,688.5,0.6965,446,no_progress,0,817783,32283.4
849,960,361.6,-30.793,28,,461,0,4,30,2521,0.6284,654.9,0.7119,428,no_progress,0,818743,32304.4
850,585,106.6,-31.914,13,,86,0,0,15,1743,0.6949,623.1,0.7873,490,no_progress,0,819328,32316.6
851,1000,680.0,35.695,48,,977,0,8,66,1529,0.588,869.3,0.4346,116,step_limit,0,820328,32350.9
852,1000,350.0,-31.449,27,,932,0,4,25,2634,0.657,789.7,0.7,279,step_limit,0,821328,32373.7
853,1000,340.0,-19.867,29,,508,0,3,47,2525,0.6542,816.4,0.6765,375,step_limit,0,822328,32397.3
854,852,255.92,-35.799,23,,353,0,2,46,2506,0.637,688.7,0.7844,499,no_progress,0,823180,32416.2
855,826,176.96,-49.517,18,,327,0,1,18,2599,0.5124,632.8,0.8269,457,no_progress,0,824006,32435.8
856,1000,560.0,-4.709,42,,762,0,6,44,2171,0.6135,836.2,0.6036,216,step_limit,0,825006,32459.6
857,944,272.24,-41.743,25,,445,0,2,34,2739,0.4931,642.7,0.7756,484,no_progress,0,825950,32480.1
858,1000,560.0,25.845,42,,842,0,6,51,1674,0.6603,821.1,0.4513,38,step_limit,0,826950,32505.0
859,1000,310.0,-41.244,26,,614,0,3,25,2791,0.5895,713.0,0.7431,356,step_limit,0,827950,32523.1
860,1000,470.0,-15.722,36,,991,0,5,28,2303,0.618,751.0,0.6268,166,step_limit,0,828950,32539.3
861,1000,460.0,-21.829,38,,641,0,4,41,2351,0.6145,804.4,0.6466,287,step_limit,0,829950,32553.1
862,1000,590.0,21.244,42,,883,0,7,49,1770,0.6312,839.2,0.4763,92,step_limit,0,830950,32569.4
863,969,321.24,-36.365,24,,470,0,4,23,2666,0.596,624.1,0.7265,250,no_progress,0,831919,32582.2
864,1000,550.0,-9.853,41,,943,0,6,44,2254,0.597,830.6,0.6168,167,step_limit,0,832919,32591.9
865,897,394.12,-4.215,31,,398,0,4,41,1803,0.6538,913.4,0.5519,471,no_progress,0,833816,32601.6
866,1000,310.0,-29.312,26,,558,0,3,27,2605,0.673,687.0,0.688,449,step_limit,0,834816,32610.2
867,1000,440.0,-12.415,33,,693,0,5,36,2337,0.63,709.5,0.6274,265,step_limit,0,835816,32618.7
868,1000,310.0,-33.972,26,,666,0,3,40,2722,0.6152,721.4,0.7232,330,step_limit,0,836816,32627.9
869,1000,440.0,-16.18,33,,622,0,5,46,2447,0.6352,767.8,0.6562,319,step_limit,0,837816,32638.3
870,687,112.52,-40.065,14,,188,0,0,21,2213,0.6929,654.5,0.8397,465,no_progress,0,838503,32644.4
871,1000,630.0,19.692,46,,661,0,7,66,1828,0.6342,882.3,0.5092,225,step_limit,0,839503,32653.0
872,825,217.0,-44.031,19,,326,0,2,24,2525,0.6648,641.4,0.8025,499,no_progress,0,840328,32660.3
873,839,266.44,-20.788,24,,340,0,2,58,2254,0.598,735.1,0.7242,511,no_progress,0,841167,32669.2
874,850,226.0,-44.431,20,,351,0,2,32,2593,0.5121,636.7,0.8081,509,no_progress,0,842017,32676.8
875,869,185.24,28.323,19,,370,0,1,306,2493,0.4413,667.7,0.7537,271,no_progress,0,842886,32684.6
876,1000,510.0,-4.289,40,,977,0,5,35,2160,0.6667,883.1,0.5784,120,step_limit,0,843886,32693.2
877,1000,480.0,-4.776,37,,998,0,5,46,2210,0.6398,770.9,0.6023,233,step_limit,0,844886,32703.4
878,1000,340.0,-11.991,29,,849,0,3,40,2368,0.5,674.5,0.6262,224,step_limit,0,845886,32712.4
879,887,224.52,-32.473,23,,388,0,1,17,2398,0.6288,821.6,0.7148,464,no_progress,0,846773,32720.7
880,1000,490.0,-17.458,35,,530,0,6,34,2375,0.663,847.2,0.6467,339,step_limit,0,847773,32729.7
881,1000,330.0,-20.862,25,,550,0,4,28,2443,0.6488,731.2,0.641,342,step_limit,0,848773,32740.4
882,952,341.92,-42.663,29,,453,0,3,24,2689,0.5433,659.0,0.7663,464,no_progress,0,849725,32748.7
883,927,302.92,-29.385,25,,428,0,3,24,2378,0.6251,589.4,0.685,469,no_progress,0,850652,32756.9
884,1000,390.0,-38.98,31,,541,0,4,30,2768,0.664,779.6,0.7464,478,step_limit,0,851652,32767.6
885,1000,320.0,-36.08,24,,506,0,4,27,2739,0.6585,840.9,0.7277,477,step_limit,0,852652,32777.0
886,1000,490.0,-14.924,38,,759,0,5,41,2360,0.6275,818.1,0.6369,252,step_limit,0,853652,32786.5
887,1000,570.0,4.612,43,,954,0,6,45,2045,0.6245,904.0,0.5527,72,step_limit,0,854652,32795.1
888,1000,510.0,26.245,40,,816,0,5,50,1729,0.6085,898.4,0.4487,79,step_limit,0,855652,32805.4
889,1000,630.0,14.166,43,,996,0,8,45,1863,0.6182,916.8,0.5016,35,step_limit,0,856652,32815.2
890,1000,460.0,4.721,32,,726,0,6,66,2144,0.6402,814.0,0.5732,254,step_limit,0,857652,32824.8
891,863,395.48,-14.287,31,,364,0,4,44,2079,0.6063,636.9,0.6653,461,no_progress,0,858515,32834.4
892,669,153.24,93.663,18,,170,0,0,488,1437,0.333,655.8,0.5726,30,no_progress,0,859184,32840.6
893,1000,490.0,-22.882,38,,517,0,5,39,2481,0.681,772.8,0.6887,453,step_limit,0,860184,32849.6
894,864,295.44,-32.692,24,,365,0,3,35,2427,0.6797,721.4,0.7524,499,no_progress,0,861048,32857.6
895,1000,610.0,26.247,44,,963,0,7,84,1825,0.5713,871.5,0.4983,96,step_limit,0,862048,32866.2
896,868,135.28,-54.916,17,,369,0,0,18,2776,0.7198,694.6,0.8348,485,no_progress,0,862916,32875.8
897,896,314.16,-25.087,23,,397,0,4,37,2338,0.656,638.6,0.697,431,no_progress,0,863812,32884.1
898,950,482.0,-14.944,37,,451,0,5,35,2211,0.6697,759.8,0.6416,393,no_progress,0,864762,32892.2
899,1000,310.0,-33.558,26,,537,0,3,29,2692,0.5015,643.0,0.7124,438,step_limit,0,865762,32902.8
900,1000,590.0,3.784,42,,647,0,7,42,1990,0.6425,836.1,0.5549,309,step_limit,0,866762,32911.7
901,1000,400.0,-25.037,32,,559,0,4,62,2654,0.6125,732.6,0.7137,425,step_limit,0,867762,32930.2
902,1000,600.0,44.016,43,,724,0,7,170,1795,0.6078,822.3,0.4978,131,step_limit,0,868762,32941.0
903,946,182.16,-58.398,19,,447,0,1,22,2999,0.6934,691.9,0.829,499,no_progress,0,869708,32949.2
904,1000,380.0,-39.727,30,,741,0,4,32,2780,0.5497,725.3,0.7496,303,step_limit,0,870708,32958.0
905,1000,500.0,29.435,39,,791,0,5,162,2081,0.6068,854.2,0.5607,101,step_limit,0,871708,32967.0
906,1000,450.0,-31.419,34,,540,0,5,32,2605,0.6745,743.9,0.7107,449,step_limit,0,872708,32977.5
907,1000,670.0,29.785,47,,794,0,8,53,1581,0.66,854.8,0.4345,174,step_limit,0,873708,32986.0
908,578,76.88,-44.977,10,,79,0,0,12,1994,0.7184,573.8,0.8991,461,no_progress,0,874286,32991.1
909,917,243.32,-38.679,22,,418,0,2,22,2591,0.5406,624.5,0.7456,435,no_progress,0,875203,32999.1
910,1000,530.0,7.418,39,,967,0,6,34,1937,0.6587,839.2,0.5161,59,step_limit,0,876203,33009.7
911,1000,580.0,40.439,44,,869,0,6,198,1990,0.6082,853.2,0.5556,142,step_limit,0,877203,33018.5
912,687,132.52,-46.088,16,,188,0,0,15,2237,0.5251,721.7,0.8566,499,no_progress,0,877890,33024.8
913,1000,580.0,27.294,41,,817,0,7,96,1815,0.555,799.4,0.5014,70,step_limit,0,878890,33033.9
914,757,209.72,-27.307,18,,258,0,2,17,2058,0.6704,650.9,0.7194,338,no_progress,0,879647,33043.4
915,674,193.04,-33.956,19,,175,0,1,17,1988,0.6165,538.4,0.7945,412,no_progress,0,880321,33050.2
916,881,314.76,-31.032,26,,382,0,3,28,2391,0.6365,631.8,0.7307,532,no_progress,0,881202,33058.7
917,963,241.48,-50.177,22,,464,0,2,24,2893,0.6018,639.4,0.7979,499,no_progress,0,882165,33067.9
918,1000,440.0,-21.331,33,,731,0,5,35,2474,0.584,768.8,0.6624,153,step_limit,0,883165,33079.4
919,1000,330.0,-41.503,28,,963,0,3,33,2791,0.6723,733.6,0.7474,491,step_limit,0,884165,33089.2
920,1000,370.0,-17.228,29,,536,0,4,63,2552,0.6392,702.9,0.6811,446,step_limit,0,885165,33099.5
921,717,201.32,-43.568,20,,218,0,1,19,2243,0.4937,585.4,0.8405,457,no_progress,0,885882,33108.8
922,1000,580.0,19.256,41,,893,0,7,58,1808,0.5637,890.2,0.4906,137,step_limit,0,886882,33118.3
923,659,133.64,-41.607,16,,160,0,0,16,2095,0.4909,521.4,0.8413,436,no_progress,0,887541,33124.4
924,995,700.2,26.106,50,995,995,0,8,58,1645,0.643,904.7,0.4585,137,complete,0,888536,33134.4
925,791,158.36,-44.13,16,,292,0,1,23,2467,0.5107,703.0,0.8126,504,no_progress,0,889327,33144.2
926,1000,460.0,-16.121,35,,850,0,5,49,2347,0.603,711.4,0.6382,88,step_limit,0,890327,33153.1
927,1000,480.0,1.801,37,,917,0,5,36,2029,0.625,868.1,0.5497,86,step_limit,0,891327,33162.1
928,977,480.92,-12.741,37,,478,0,5,41,2285,0.6553,797.6,0.6411,396,no_progress,0,892304,33171.6
929,1000,390.0,-15.707,31,,594,0,4,32,2361,0.6428,833.3,0.6296,406,step_limit,0,893304,33183.5
930,853,385.88,-22.676,30,,354,0,4,47,2246,0.646,696.2,0.721,497,no_progress,0,894157,33191.7
931,1000,560.0,25.554,42,,847,0,6,83,1835,0.6068,794.7,0.4953,99,step_limit,0,895157,33201.1
932,1000,540.0,2.707,40,,665,0,6,42,2038,0.656,809.9,0.5546,148,step_limit,0,896157,33213.1
933,787,228.52,-20.513,20,,288,0,2,36,2062,0.5384,658.5,0.695,430,no_progress,0,896944,33220.4
934,578,76.88,-46.097,10,,79,0,0,14,2024,0.4775,510.0,0.9145,497,no_progress,0,897522,33226.2
935,1000,380.0,-11.23,30,,567,0,4,37,2313,0.6875,751.6,0.6206,387,step_limit,0,898522,33235.7
936,801,217.96,-40.228,19,,302,0,2,21,2385,0.6782,718.6,0.7902,497,no_progress,0,899323,33245.4
937,1000,210.0,-67.388,19,,694,0,2,31,3313,0.559,555.6,0.8665,442,step_limit,0,900323,33255.3
938,1000,360.0,-31.998,28,,522,0,4,29,2663,0.635,664.7,0.7088,438,step_limit,0,901323,33265.1
939,801,307.96,-21.261,25,,302,0,3,28,2048,0.6361,723.2,0.6903,244,no_progress,0,902124,33273.0
940,1000,500.0,19.379,39,,943,0,5,95,1954,0.6408,806.0,0.5354,131,step_limit,0,903124,33284.4
941,915,373.4,-33.038,29,,416,0,4,33,2502,0.6779,710.7,0.7426,518,no_progress,0,904039,33292.7
942,900,264.0,-30.608,24,,401,0,2,38,2486,0.5114,770.3,0.7317,499,no_progress,0,904939,33301.8
943,1000,440.0,-3.309,33,,508,0,5,60,2259,0.641,782.3,0.6111,491,step_limit,0,905939,33313.7
944,1000,490.0,69.291,38,,828,0,5,341,2115,0.5593,740.9,0.5778,253,step_limit,0,906939,33323.2
945,1000,620.0,11.588,45,,829,0,7,68,1989,0.6032,861.3,0.5473,44,step_limit,0,907939,33332.9
946,989,410.44,-14.591,33,,490,0,4,47,2357,0.6464,790.9,0.6484,454,no_progress,0,908928,33342.1
947,870,215.2,-40.321,19,,371,0,2,24,2550,0.6934,666.1,0.7708,450,no_progress,0,909798,33352.0
948,956,351.76,-20.077,27,,457,0,4,65,2501,0.5403,815.4,0.7008,483,no_progress,0,910754,33361.0
949,938,192.48,74.662,20,,439,0,1,486,2558,0.5517,713.3,0.718,105,no_progress,0,911692,33369.9
950,1000,400.0,-24.592,32,,576,0,4,31,2486,0.689,864.9,0.6734,372,step_limit,0,912692,33378.7
951,1000,530.0,-0.896,39,,939,0,6,51,2138,0.662,902.5,0.5841,118,step_limit,0,913692,33398.7
952,882,344.72,-28.768,29,,383,0,3,26,2334,0.6899,776.2,0.7187,493,no_progress,0,914574,33406.4
953,770,709.2,49.685,50,770,770,0,8,60,739,0.5403,899.3,0.2727,45,complete,0,915344,33415.0
954,1000,250.0,-52.888,23,,599,0,2,26,3025,0.5032,600.6,0.8021,337,step_limit,0,916344,33424.8
955,774,309.04,-30.156,25,,275,0,3,26,2136,0.6583,641.9,0.7486,441,no_progress,0,917118,33432.0
956,755,139.8,-39.331,17,,256,0,0,32,2334,0.5089,630.7,0.8088,467,no_progress,0,917873,33438.8
957,648,174.08,-34.721,17,,149,0,1,19,1959,0.5123,655.2,0.8076,478,no_progress,0,918521,33444.8
958,1000,330.0,30.164,28,,963,0,3,130,2013,0.5232,791.9,0.5282,141,step_limit,0,919521,33455.6
959,824,267.04,-31.496,21,,325,0,3,34,2321,0.6383,666.1,0.7496,474,no_progress,0,920345,33463.6
960,938,402.48,-28.003,32,,439,0,4,37,2457,0.666,642.4,0.7198,411,no_progress,0,921283,33472.2
961,1000,460.0,11.536,35,,845,0,5,108,2220,0.5693,847.0,0.5917,127,step_limit,0,922283,33483.2
962,1000,280.0,-50.764,26,,911,0,2,26,2966,0.696,780.0,0.7887,362,step_limit,0,923283,33492.8
963,1000,540.0,-1.912,40,,871,0,6,39,2141,0.6775,848.2,0.58,125,step_limit,0,924283,33501.7
964,1000,160.0,-58.428,17,,620,0,1,49,3257,0.6747,797.3,0.8497,255,step_limit,0,925283,33510.6
965,1000,590.0,42.381,42,,826,0,7,114,1671,0.5745,919.8,0.4462,147,step_limit,0,926283,33521.2
966,1000,500.0,-22.376,39,,546,0,5,43,2482,0.671,882.7,0.6894,454,step_limit,0,927283,33529.8
967,1000,530.0,5.701,39,,987,0,6,59,2050,0.6268,889.9,0.559,156,step_limit,0,928283,33539.0
968,939,442.44,-8.587,33,,440,0,5,78,2311,0.6331,737.9,0.6653,376,no_progress,0,929222,33548.0
969,1000,590.0,12.556,45,,968,0,6,50,1901,0.608,869.1,0.5208,62,step_limit,0,930222,33559.1
970,1000,630.0,38.748,46,,996,0,7,131,1757,0.648,893.7,0.4799,43,step_limit,0,931222,33568.7
971,791,238.36,-35.547,21,,292,0,2,34,2318,0.6223,622.1,0.7832,486,no_progress,0,932013,33576.9
972,765,289.4,-31.394,23,,266,0,3,28,2117,0.4412,706.9,0.7546,477,no_progress,0,932778,33586.2
973,884,334.64,-18.093,28,,385,0,3,54,2278,0.6083,778.6,0.6889,448,no_progress,0,933662,33594.3
974,1000,510.0,38.714,40,,859,0,5,122,1769,0.5917,849.5,0.48,86,step_limit,0,934662,33603.3
975,851,425.96,-25.106,31,,352,0,5,38,2257,0.6669,763.7,0.7197,430,no_progress,0,935513,33611.1
976,1000,460.0,0.892,35,,595,0,5,70,2233,0.5643,935.7,0.608,346,step_limit,0,936513,33621.7
977,1000,410.0,15.383,33,,511,0,4,176,2399,0.6468,893.0,0.6507,456,step_limit,0,937513,33630.8
978,1000,620.0,22.957,45,,865,0,7,45,1685,0.6455,871.2,0.4668,93,step_limit,0,938513,33640.0
979,1000,680.0,31.881,48,,974,0,8,40,1496,0.639,932.6,0.4081,66,step_limit,0,939513,33648.8
980,1000,480.0,-11.611,37,,906,0,5,40,2271,0.6348,869.5,0.6212,337,step_limit,0,940513,33659.5
981,1000,340.0,-38.088,29,,671,0,3,51,2821,0.6757,736.0,0.7595,331,step_limit,0,941513,33668.7
982,969,351.24,-38.189,27,,470,0,4,31,2720,0.67,717.1,0.7473,499,no_progress,0,942482,33677.8
983,1000,650.0,41.188,48,,895,0,7,135,1740,0.6415,875.9,0.4724,35,step_limit,0,943482,33688.4
984,864,425.44,-22.864,34,,365,0,4,29,2160,0.6681,784.9,0.6905,453,no_progress,0,944346,33696.1
985,840,406.4,-34.19,32,,341,0,4,28,2312,0.6625,807.8,0.7639,499,no_progress,0,945186,33703.6
986,1000,500.0,2.915,36,,665,0,6,51,2111,0.615,851.6,0.5692,219,step_limit,0,946186,33712.4
987,1000,420.0,-19.026,31,,680,0,5,55,2508,0.6452,755.7,0.6799,356,step_limit,0,947186,33722.8
988,844,216.24,92.782,19,,345,0,2,540,2192,0.5486,767.5,0.684,499,no_progress,0,948030,33730.6
989,814,297.44,-23.643,24,,315,0,3,46,2177,0.4954,654.3,0.7212,448,no_progress,0,948844,33738.1
990,1000,640.0,26.576,47,,999,0,7,44,1642,0.624,933.4,0.4394,89,step_limit,0,949844,33747.0
991,851,275.96,-43.247,25,,352,0,2,20,2513,0.5376,604.3,0.7911,469,no_progress,0,950695,33756.0
992,1000,600.0,0.602,43,,958,0,7,43,2059,0.615,849.0,0.5686,66,step_limit,0,951695,33764.7
993,1000,330.0,-46.408,25,,937,0,4,25,2888,0.6362,793.9,0.7679,427,step_limit,0,952695,33774.9
994,1000,280.0,-23.086,23,,582,0,3,65,2662,0.5965,835.9,0.7031,315,step_limit,0,953695,33784.2
995,1000,490.0,14.163,38,,916,0,5,49,1876,0.5913,929.1,0.5076,45,step_limit,0,954695,33794.3
996,758,139.68,-50.254,17,,259,0,0,18,2474,0.4885,528.8,0.8571,501,no_progress,0,955453,33800.9
997,1000,480.0,13.26,37,,888,0,5,49,1917,0.6185,831.1,0.5172,82,step_limit,0,956453,33810.0
998,1000,360.0,-34.742,28,,851,0,4,27,2662,0.5785,699.6,0.7149,260,step_limit,0,957453,33819.3
999,1000,630.0,9.698,43,,918,0,8,43,1916,0.6298,944.6,0.5239,59,step_limit,0,958453,33829.7
1000,1000,390.0,-44.818,31,,602,0,4,39,2890,0.6575,766.9,0.7807,398,step_limit,0,959453,33838.5
1001,754,199.84,-20.235,17,,255,0,2,77,2099,0.4804,533.2,0.7409,312,no_progress,0,960207,33855.1
1002,1000,500.0,3.928,36,,769,0,6,51,2056,0.5447,850.7,0.5644,183,step_limit,0,961207,33865.5
1003,967,341.32,-22.885,26,,468,0,4,58,2543,0.5062,763.9,0.7034,471,no_progress,0,962174,33874.1
1004,840,496.4,-10.45,35,,341,0,6,40,1923,0.6336,673.7,0.6484,415,no_progress,0,963014,33881.4
1005,699,172.04,-17.888,17,,200,0,1,21,1785,0.4903,663.5,0.68,277,no_progress,0,963713,33887.5
1006,822,257.12,-29.969,23,,323,0,2,41,2309,0.6165,700.5,0.7554,482,no_progress,0,964535,33896.2
1007,690,242.4,-29.825,21,,191,0,2,29,1992,0.4652,522.5,0.7806,489,no_progress,0,965225,33902.5
1008,855,275.8,-23.675,22,,356,0,3,51,2304,0.5193,727.4,0.7169,487,no_progress,0,966080,33910.0
1009,1000,410.0,-7.033,33,,994,0,4,43,2281,0.611,882.2,0.6134,110,step_limit,0,967080,33918.7
1010,921,233.16,-52.495,21,,422,0,2,24,2850,0.7063,607.6,0.8208,479,no_progress,0,968001,33928.6
1011,842,276.32,-25.598,22,,343,0,3,39,2276,0.6645,712.4,0.7223,498,no_progress,0,968843,33936.3
1012,1000,550.0,-1.852,41,,833,0,6,42,2111,0.6192,841.8,0.5813,153,step_limit,0,969843,33945.1
1013,1000,420.0,-19.647,31,,609,0,5,35,2438,0.664,750.7,0.661,317,step_limit,0,970843,33953.9
1014,1000,460.0,-2.407,35,,685,0,5,46,2175,0.6315,777.1,0.5879,243,step_limit,0,971843,33964.9
1015,1000,500.0,-16.259,36,,765,0,6,37,2388,0.6015,870.9,0.651,224,step_limit,0,972843,33974.5
1016,1000,410.0,-7.045,33,,735,0,4,67,2371,0.6315,871.7,0.6331,248,step_limit,0,973843,33984.1
1017,1000,530.0,26.104,39,,960,0,6,130,2001,0.5062,770.3,0.5465,29,step_limit,0,974843,33994.8
1018,1000,590.0,25.277,42,,939,0,7,60,1731,0.6098,872.7,0.4738,69,step_limit,0,975843,34004.1
1019,691,152.36,-41.813,18,,192,0,0,19,2186,0.5206,556.6,0.8393,489,no_progress,0,976534,34010.5
1020,738,130.48,-48.566,16,,239,0,0,21,2411,0.5108,611.5,0.8607,440,no_progress,0,977272,34017.1
1021,994,310.24,-5.475,26,,495,0,3,123,2549,0.6202,718.9,0.6869,539,no_progress,0,978266,34028.0
1022,1000,650.0,27.584,48,,1000,0,7,63,1654,0.597,968.5,0.4592,30,step_limit,0,979266,34036.7
1023,1000,310.0,-14.776,26,,544,0,3,61,2520,0.597,765.2,0.6681,437,step_limit,0,980266,34045.8
1024,867,395.32,-27.766,31,,368,0,4,27,2263,0.6791,785.9,0.7177,428,no_progress,0,981133,34053.6
1025,1000,240.0,-38.594,22,,685,0,2,46,2885,0.6145,749.5,0.7534,278,step_limit,0,982133,34065.1
1026,1000,590.0,21.612,42,,938,0,7,40,1705,0.6038,936.1,0.4642,166,step_limit,0,983133,34074.3
1027,835,196.6,-53.424,20,,336,0,1,21,2681,0.6952,717.4,0.8504,599,no_progress,0,983968,34082.5
1028,1000,480.0,46.959,37,,806,0,5,156,1759,0.53,858.9,0.473,124,step_limit,0,984968,34091.8
1029,1000,480.0,-4.71,37,,604,0,5,40,2191,0.6472,857.9,0.5961,378,step_limit,0,985968,34102.6
1030,1000,410.0,-36.382,33,,850,0,4,32,2698,0.656,772.3,0.732,409,step_limit,0,986968,34111.3
1031,1000,610.0,21.895,44,,777,0,7,71,1814,0.641,853.2,0.508,173,step_limit,0,987968,34120.0
1032,1000,540.0,7.119,43,,987,0,5,43,1978,0.6408,860.7,0.545,166,step_limit,0,988968,34130.3
1033,725,201.0,-35.414,17,,226,0,2,23,2146,0.6817,649.3,0.7871,442,no_progress,0,989693,34136.7
1034,821,197.16,-42.188,20,,322,0,1,19,2430,0.6836,761.5,0.7863,569,no_progress,0,990514,34143.7
1035,1000,570.0,53.85,43,,956,0,6,134,1585,0.615,953.8,0.4221,38,step_limit,0,991514,34152.2
1036,880,454.8,-25.646,34,,381,0,5,37,2282,0.6403,797.6,0.722,499,no_progress,0,992394,34159.9
1037,702,171.92,-30.987,17,,203,0,1,44,2115,0.4309,497.3,0.801,473,no_progress,0,993096,34167.7
1038,870,345.2,-36.016,29,,371,0,3,38,2483,0.6655,671.9,0.7741,505,no_progress,0,993966,34175.2
1039,787,278.52,-39.835,22,,288,0,3,22,2338,0.6426,596.1,0.7976,499,no_progress,0,994753,34182.0
1040,915,293.4,-35.114,24,,416,0,3,29,2554,0.5954,626.6,0.7434,459,no_progress,0,995668,34190.0
1041,1000,540.0,43.802,40,,900,0,6,89,1497,0.5913,862.9,0.4053,51,step_limit,0,996668,34200.7
1042,920,733.2,48.943,50,920,920,0,9,49,1013,0.5948,931.7,0.3092,17,complete,0,997588,34209.4
1043,836,376.56,-5.83,32,,337,0,3,34,1808,0.669,791.1,0.5962,455,no_progress,0,998424,34217.2
1044,1000,630.0,22.373,46,,909,0,7,67,1771,0.5565,877.1,0.4942,111,step_limit,0,999424,34226.5
1045,1000,550.0,3.147,41,,997,0,6,35,2024,0.6272,877.5,0.5444,53,step_limit,0,1000424,34237.5
1046,1000,340.0,-29.232,29,,596,0,3,49,2650,0.6625,771.8,0.7134,390,step_limit,0,1001424,34246.5
1047,1000,480.0,13.62,37,,980,0,5,50,1928,0.5052,893.1,0.513,128,step_limit,0,1002424,34255.2
1048,1000,600.0,13.552,43,,811,0,7,67,1972,0.6128,875.9,0.5422,139,step_limit,0,1003424,34264.3
1049,1000,530.0,4.034,39,,949,0,6,53,2097,0.605,772.9,0.5673,242,step_limit,0,1004424,34274.7
1050,1000,370.0,-41.577,29,,710,0,4,27,2798,0.676,740.8,0.7546,364,step_limit,0,1005424,34283.6
1051,884,214.64,-20.562,22,,385,0,1,108,2543,0.4943,660.7,0.7655,525,no_progress,0,1006308,34303.1
1052,1000,680.0,51.701,48,,997,0,8,79,1316,0.629,936.8,0.3548,22,step_limit,0,1007308,34311.5
1053,1000,600.0,20.343,46,,874,0,6,41,1684,0.661,908.3,0.4695,59,step_limit,0,1008308,34320.5
1054,1000,370.0,-44.07,29,,818,0,4,29,2861,0.5685,675.4,0.7694,252,step_limit,0,1009308,34330.1
1055,713,161.48,108.564,16,,214,0,1,593,1898,0.4772,553.3,0.6999,467,no_progress,0,1010021,34338.6
1056,1000,490.0,-21.72,38,,696,0,5,57,2546,0.608,777.8,0.6944,290,step_limit,0,1011021,34347.4
1057,781,308.76,-35.81,25,,282,0,3,25,2221,0.4805,652.8,0.7785,485,no_progress,0,1011802,34354.3
1058,1000,380.0,-34.195,30,,936,0,4,26,2628,0.5333,753.0,0.7054,374,step_limit,0,1012802,34363.3
1059,773,289.08,-29.84,23,,274,0,3,31,2143,0.4664,685.4,0.7555,499,no_progress,0,1013575,34372.2
1060,1000,490.0,-12.103,35,,952,0,6,59,2422,0.513,725.0,0.6616,438,step_limit,0,1014575,34380.7
1061,638,114.48,-42.148,14,,139,0,0,15,2074,0.7241,615.0,0.8557,493,no_progress,0,1015213,34386.4
1062,1000,400.0,-33.428,32,,569,0,4,32,2679,0.6435,722.3,0.7186,317,step_limit,0,1016213,34395.0
1063,1000,380.0,-19.417,30,,651,0,4,45,2492,0.637,777.7,0.6639,353,step_limit,0,1017213,34406.6
1064,962,431.52,-3.215,32,,463,0,5,66,2163,0.619,773.9,0.6181,434,no_progress,0,1018175,34415.6
1065,1000,410.0,87.355,33,,997,0,4,442,2239,0.4803,663.7,0.5912,456,step_limit,0,1019175,34424.2
1066,757,279.72,-26.722,22,,258,0,3,27,2063,0.6179,581.4,0.7333,476,no_progress,0,1019932,34431.0
1067,1000,290.0,-38.688,24,,711,0,3,31,2800,0.6188,601.7,0.7434,326,step_limit,0,1020932,34442.3
1068,941,292.36,55.062,27,,442,0,2,294,2122,0.5213,717.6,0.6047,491,no_progress,0,1021873,34451.8
1069,1000,340.0,-39.806,26,,526,0,4,29,2784,0.479,571.8,0.7461,597,step_limit,0,1022873,34461.0
1070,1000,280.0,-19.434,23,,564,0,3,54,2575,0.5102,882.1,0.6806,457,step_limit,0,1023873,34472.2
1071,1000,600.0,45.817,46,,869,0,6,58,1299,0.625,869.5,0.3565,18,step_limit,0,1024873,34481.4
1072,903,273.88,-34.383,22,,404,0,3,21,2481,0.6141,624.6,0.7236,456,no_progress,0,1025776,34489.4
1073,1000,480.0,5.961,37,,846,0,5,37,2021,0.607,833.3,0.5422,131,step_limit,0,1026776,34498.3
1074,1000,430.0,1.603,35,,576,0,4,35,1840,0.674,820.3,0.501,89,step_limit,0,1027776,34509.3
1075,1000,480.0,-11.791,37,,592,0,5,31,2227,0.6693,824.4,0.6059,353,step_limit,0,1028776,34517.8
1076,1000,390.0,-9.801,31,,723,0,4,59,2393,0.4785,632.7,0.6413,223,step_limit,0,1029776,34526.3
1077,1000,570.0,13.196,40,,775,0,7,42,1870,0.6165,977.2,0.5122,95,step_limit,0,1030776,34535.2
1078,1000,450.0,-12.252,34,,560,0,5,48,2349,0.6298,756.3,0.6385,417,step_limit,0,1031776,34545.8
1079,1000,530.0,2.928,36,,712,0,7,37,2030,0.6058,859.1,0.5489,98,step_limit,0,1032776,34555.0
1080,1000,520.0,33.41,41,,926,0,5,81,1609,0.5703,903.6,0.4381,77,step_limit,0,1033776,34563.9
1081,1000,320.0,-48.733,27,,554,0,3,30,2955,0.6693,812.2,0.7881,471,step_limit,0,1034776,34574.6
1082,1000,300.0,-38.831,25,,503,0,3,43,2833,0.604,781.4,0.7546,485,step_limit,0,1035776,34583.1
1083,1000,370.0,-49.067,29,,515,0,4,30,2947,0.514,800.8,0.7925,609,step_limit,0,1036776,34591.7
1084,1000,570.0,8.112,40,,794,0,7,44,1957,0.5565,870.7,0.54,191,step_limit,0,1037776,34600.5
1085,812,307.52,-30.214,22,,313,0,4,23,2227,0.6653,702.1,0.7334,484,no_progress,0,1038588,34609.9
1086,721,141.16,-45.365,17,,222,0,0,21,2314,0.6959,647.7,0.8497,492,no_progress,0,1039309,34616.6
1087,1000,500.0,10.796,36,,817,0,6,83,2100,0.6412,813.5,0.562,130,step_limit,0,1040309,34625.6
1088,872,315.12,-38.905,26,,373,0,3,35,2531,0.5149,550.5,0.7867,451,no_progress,0,1041181,34633.2
1089,769,259.24,-25.476,23,,270,0,2,47,2127,0.6739,770.7,0.7502,488,no_progress,0,1041950,34640.4
1090,827,186.92,-30.628,19,,328,0,1,14,2111,0.6723,719.9,0.6763,437,no_progress,0,1042777,34649.9
1091,1000,570.0,1.181,40,,735,0,7,37,2061,0.6318,786.5,0.567,269,step_limit,0,1043777,34658.6
1092,1000,590.0,13.052,42,,836,0,7,41,1851,0.6677,884.9,0.5033,150,step_limit,0,1044777,34667.3
1093,867,345.32,-25.735,29,,368,0,3,35,2251,0.4939,612.0,0.7089,495,no_progress,0,1045644,34677.1
1094,905,313.8,-18.667,26,,406,0,3,95,2491,0.6478,859.4,0.7402,545,no_progress,0,1046549,34685.6
1095,1000,310.0,28.491,26,,651,0,3,257,2562,0.5082,809.2,0.6743,398,step_limit,0,1047549,34694.4
1096,1000,510.0,-10.364,37,,638,0,6,37,2239,0.6585,812.7,0.6097,328,step_limit,0,1048549,34703.1
1097,1000,630.0,29.892,43,,973,0,8,77,1742,0.584,881.2,0.4619,54,step_limit,0,1049549,34713.7
1098,1000,550.0,11.934,41,,958,0,6,57,1952,0.6475,935.1,0.5356,100,step_limit,0,1050549,34722.4
1099,1000,590.0,45.887,42,,782,0,7,82,1405,0.5783,856.8,0.3759,62,step_limit,0,1051549,34730.8
1100,647,104.12,-35.42,13,,148,0,0,44,2092,0.459,522.0,0.8493,449,no_progress,0,1052196,34736.5
1101,1000,500.0,-6.243,39,,586,0,5,66,2282,0.6673,807.6,0.6258,414,step_limit,0,1053196,34756.8
1102,756,219.76,-14.145,22,,257,0,1,71,2041,0.506,631.2,0.7215,459,no_progress,0,1053952,34763.1
1103,749,130.04,-43.991,16,,250,0,0,17,2336,0.716,687.4,0.8207,499,no_progress,0,1054701,34770.1
1104,1000,540.0,-5.56,40,,880,0,6,40,2163,0.6222,825.7,0.5949,117,step_limit,0,1055701,34781.3
1105,613,105.48,100.67,13,,114,0,0,534,1594,0.5069,626.5,0.6835,327,no_progress,0,1056314,34787.0
1106,1000,400.0,-13.861,32,,560,0,4,57,2437,0.611,840.6,0.6617,304,step_limit,0,1057314,34795.8
1107,1000,620.0,36.196,45,,926,0,7,90,1583,0.6065,881.5,0.4373,64,step_limit,0,1058314,34804.3
1108,1000,510.0,4.894,37,,641,0,6,94,2237,0.622,822.7,0.609,345,step_limit,0,1059314,34814.6
1109,1000,520.0,8.485,38,,834,0,6,59,2034,0.6292,816.9,0.5517,54,step_limit,0,1060314,34823.3
1110,896,344.16,-18.487,26,,397,0,4,44,2263,0.6384,895.9,0.6831,527,no_progress,0,1061210,34831.4
1111,1000,620.0,23.684,45,,964,0,7,53,1740,0.609,894.6,0.4728,112,step_limit,0,1062210,34840.2
1112,962,151.52,-58.793,16,,463,0,1,33,3075,0.6208,594.1,0.8319,501,no_progress,0,1063172,34850.7
1113,1000,190.0,41.936,20,,809,0,1,397,2844,0.4795,542.1,0.7469,327,step_limit,0,1064172,34859.4
1114,962,361.52,-27.264,28,,463,0,4,36,2526,0.6936,810.3,0.7049,485,no_progress,0,1065134,34868.3
1115,1000,570.0,29.442,43,,761,0,6,43,1582,0.641,874.1,0.4306,178,step_limit,0,1066134,34877.2
1116,1000,480.0,-15.693,37,,595,0,5,44,2398,0.6765,890.0,0.6447,418,step_limit,0,1067134,34887.8
1117,846,226.16,-18.015,20,,347,0,2,58,2239,0.4645,582.3,0.6997,466,no_progress,0,1067980,34895.3
1118,621,125.16,-43.274,15,,122,0,0,16,2052,0.6663,543.3,0.8766,493,no_progress,0,1068601,34900.8
1119,979,350.84,-53.871,27,,480,0,4,27,2974,0.6611,602.8,0.8167,472,no_progress,0,1069580,34910.2
1120,943,362.28,-22.088,28,,444,0,4,35,2391,0.6554,774.1,0.6825,481,no_progress,0,1070523,34921.4
1121,1000,590.0,15.426,42,,635,0,7,45,1852,0.6002,915.7,0.5034,155,step_limit,0,1071523,34930.8
1122,1000,620.0,26.572,45,,914,0,7,46,1661,0.6422,886.1,0.4464,63,step_limit,0,1072523,34940.2
1123,1000,620.0,22.136,45,,939,0,7,52,1741,0.6352,960.4,0.4723,98,step_limit,0,1073523,34951.1
1124,1000,380.0,-27.015,30,,588,0,4,32,2570,0.6432,804.0,0.6917,367,step_limit,0,1074523,34960.1
1125,1000,460.0,-12.306,35,,659,0,5,35,2285,0.6795,851.7,0.6282,295,step_limit,0,1075523,34968.8
1126,1000,480.0,19.1,37,,971,0,5,59,1902,0.5397,867.0,0.4964,77,step_limit,0,1076523,34978.3
1127,1000,680.0,31.876,48,,964,0,8,54,1581,0.629,870.7,0.4289,53,step_limit,0,1077523,34990.2
1128,901,333.96,-30.887,28,,402,0,3,24,2387,0.5122,625.4,0.72,480,no_progress,0,1078424,34997.9
1129,1000,450.0,22.98,34,,634,0,5,99,1949,0.6385,780.2,0.5251,266,step_limit,0,1079424,35006.6
1130,1000,330.0,17.898,25,,633,0,4,112,2131,0.423,697.5,0.5638,367,step_limit,0,1080424,35015.5
1131,856,225.76,1.757,23,,357,0,1,162,2324,0.6227,605.0,0.7129,499,no_progress,0,1081280,35024.9
1132,1000,610.0,33.915,44,,792,0,7,63,1563,0.6,927.2,0.4259,39,step_limit,0,1082280,35033.5
1133,1000,560.0,44.2,42,,851,0,6,164,1820,0.5847,847.5,0.4927,119,step_limit,0,1083280,35042.4
1134,1000,630.0,15.067,46,,988,0,7,47,1838,0.6763,930.4,0.5061,98,step_limit,0,1084280,35053.1
1135,1000,650.0,30.582,45,,880,0,8,86,1711,0.639,854.7,0.469,95,step_limit,0,1085280,35061.6
1136,1000,470.0,-11.771,36,,671,0,5,37,2306,0.6472,755.5,0.6287,296,step_limit,0,1086280,35070.5
1137,1000,360.0,-27.601,31,,881,0,3,48,2626,0.603,890.9,0.709,368,step_limit,0,1087280,35079.4
1138,1000,470.0,14.214,36,,943,0,5,83,2047,0.5945,878.2,0.5452,67,step_limit,0,1088280,35090.0
1139,1000,240.0,-7.229,22,,726,0,2,119,2609,0.573,686.7,0.6863,257,step_limit,0,1089280,35098.9
1140,1000,560.0,56.759,42,,938,0,6,182,1695,0.5697,806.0,0.4531,75,step_limit,0,1090280,35107.4
1141,1000,680.0,45.515,48,,958,0,8,99,1487,0.6275,960.7,0.4123,42,step_limit,0,1091280,35116.6
1142,1000,420.0,71.088,31,,851,0,5,333,2031,0.4855,788.4,0.5382,143,step_limit,0,1092280,35127.0
1143,941,382.36,-9.164,30,,442,0,4,76,2280,0.6294,795.7,0.6586,413,no_progress,0,1093221,35135.3
1144,773,159.08,-38.74,16,,274,0,1,41,2390,0.63,643.8,0.8149,504,no_progress,0,1093994,35142.5
1145,848,326.08,-30.985,27,,349,0,3,35,2334,0.4888,560.6,0.7472,501,no_progress,0,1094842,35150.3
1146,747,230.12,-29.055,20,,248,0,2,23,2087,0.509,583.0,0.7438,451,no_progress,0,1095589,35159.2
1147,1000,600.0,65.482,43,,856,0,7,182,1498,0.5687,877.1,0.4031,119,step_limit,0,1096589,35168.0
1148,942,332.32,5.337,28,,443,0,3,128,2266,0.6184,745.8,0.648,475,no_progress,0,1097531,35176.2
1149,1000,540.0,7.16,40,,743,0,6,36,1968,0.6773,907.9,0.5298,205,step_limit,0,1098531,35184.8
1150,1000,260.0,-34.311,24,,969,0,2,28,2716,0.4833,661.1,0.7146,420,step_limit,0,1099531,35195.8
1151,1000,490.0,-5.466,38,,576,0,5,56,2275,0.619,850.8,0.6162,382,step_limit,0,1100531,35213.9
1152,1000,480.0,-1.966,37,,977,0,5,62,2239,0.6195,748.1,0.6092,344,step_limit,0,1101531,35225.0
1153,1000,500.0,12.524,36,,666,0,6,76,2011,0.6112,852.7,0.5472,135,step_limit,0,1102531,35233.8
1154,995,330.2,12.698,28,,496,0,3,156,2360,0.6146,726.2,0.6351,432,no_progress,0,1103526,35242.5
1155,834,166.64,-19.943,17,,335,0,1,50,2230,0.485,638.0,0.6975,463,no_progress,0,1104360,35250.1
1156,1000,620.0,20.228,45,,908,0,7,50,1761,0.581,897.5,0.4881,80,step_limit,0,1105360,35260.8
1157,1000,610.0,-0.274,44,,990,0,7,46,2116,0.6112,840.5,0.5837,97,step_limit,0,1106360,35269.6
1158,1000,240.0,-24.593,22,,532,0,2,87,2770,0.616,722.2,0.7326,477,step_limit,0,1107360,35278.8
1159,1000,320.0,91.595,27,,793,0,3,531,2500,0.5583,678.4,0.6678,341,step_limit,0,1108360,35288.0
1160,791,198.36,-33.638,20,,292,0,1,34,2333,0.4962,589.8,0.7848,418,no_progress,0,1109151,35296.9
1161,1000,590.0,24.905,42,,980,0,7,110,1923,0.6088,878.9,0.5232,93,step_limit,0,1110151,35305.6
1162,749,80.04,-32.168,11,,250,0,0,68,2357,0.4619,547.0,0.8139,499,no_progress,0,1110900,35312.8
1163,1000,440.0,-4.021,36,,624,0,4,45,2193,0.619,833.8,0.5966,344,step_limit,0,1111900,35321.7
1164,1000,500.0,-0.972,36,,690,0,6,92,2330,0.511,867.1,0.6334,291,step_limit,0,1112900,35331.9
1165,987,250.52,-37.733,23,,488,0,2,22,2736,0.6378,770.4,0.7282,319,no_progress,0,1113887,35340.8
1166,969,301.24,-27.412,25,,470,0,3,21,2501,0.4732,691.2,0.6799,421,no_progress,0,1114856,35349.7
1167,871,195.16,-23.801,20,,372,0,1,92,2520,0.5164,618.3,0.768,442,no_progress,0,1115727,35358.9
1168,1000,490.0,-16.794,38,,582,0,5,37,2396,0.6745,784.4,0.6542,423,step_limit,0,1116727,35367.7
1169,929,262.84,-38.959,24,,430,0,2,30,2651,0.5003,573.3,0.7588,471,no_progress,0,1117656,35375.9
1170,782,248.72,-25.532,22,,283,0,2,26,2142,0.5169,546.6,0.7316,487,no_progress,0,1118438,35382.6
1171,916,263.36,-24.201,24,,417,0,2,40,2436,0.6659,668.8,0.7066,428,no_progress,0,1119354,35392.1
1172,1000,480.0,9.593,37,,727,0,5,69,2056,0.6138,886.0,0.565,222,step_limit,0,1120354,35401.1
1173,1000,540.0,11.516,40,,993,0,6,52,1943,0.5895,825.2,0.5275,83,step_limit,0,1121354,35409.8
1174,1000,560.0,31.825,42,,914,0,6,35,1517,0.595,907.4,0.4018,61,step_limit,0,1122354,35418.5
1175,953,391.88,-13.115,31,,454,0,4,55,2309,0.6453,731.5,0.6546,433,no_progress,0,1123307,35428.9
1176,1000,630.0,68.553,46,,942,0,7,119,1199,0.621,924.2,0.3059,54,step_limit,0,1124307,35438.5
1177,1000,480.0,3.557,37,,550,0,5,54,2009,0.627,733.7,0.5503,453,step_limit,0,1125307,35448.0
1178,1000,530.0,26.054,39,,739,0,6,125,1954,0.639,903.9,0.5295,248,step_limit,0,1126307,35457.5
1179,1000,550.0,34.8,41,,807,0,6,92,1713,0.6032,920.9,0.4568,145,step_limit,0,1127307,35467.5
1180,1000,390.0,6.428,31,,503,0,4,127,2338,0.617,832.4,0.6446,497,step_limit,0,1128307,35476.6
1181,911,343.56,-15.135,29,,412,0,3,65,2322,0.6493,667.5,0.6784,446,no_progress,0,1129218,35485.1
1182,1000,370.0,82.708,29,,787,0,4,335,1861,0.52,691.2,0.49,213,step_limit,0,1130218,35495.9
1183,1000,550.0,24.685,41,,834,0,6,64,1737,0.647,886.7,0.4734,104,step_limit,0,1131218,35504.4
1184,927,372.92,-20.009,32,,428,0,3,27,2275,0.6675,806.5,0.6651,486,no_progress,0,1132145,35512.3
1185,1000,430.0,-25.097,32,,595,0,5,33,2535,0.6418,779.9,0.6839,448,step_limit,0,1133145,35521.6
1186,1000,570.0,16.865,43,,966,0,6,41,1767,0.5755,847.6,0.4866,83,step_limit,0,1134145,35531.9
1187,1000,340.0,-4.359,29,,590,0,3,113,2508,0.5938,815.4,0.6666,393,step_limit,0,1135145,35541.5
1188,1000,670.0,74.015,47,,977,0,8,140,1160,0.5907,886.1,0.3119,55,step_limit,0,1136145,35550.5
1189,1000,520.0,20.456,38,,583,0,6,93,1921,0.6448,702.9,0.5283,232,step_limit,0,1137145,35559.0
1190,1000,560.0,20.316,42,,930,0,6,39,1711,0.623,880.9,0.4599,64,step_limit,0,1138145,35569.3
1191,1000,510.0,16.26,40,,900,0,5,37,1732,0.5968,862.7,0.4663,53,step_limit,0,1139145,35578.0
1192,775,239.0,-27.887,21,,276,0,2,21,2105,0.4842,599.3,0.7274,477,no_progress,0,1139920,35584.5
1193,841,186.36,-32.359,19,,342,0,1,50,2488,0.4952,596.4,0.7781,499,no_progress,0,1140761,35591.9
1194,1000,600.0,43.431,43,,989,0,7,50,1387,0.6448,895.2,0.3668,39,step_limit,0,1141761,35602.5
1195,847,266.12,-32.522,21,,348,0,3,58,2465,0.657,685.8,0.7863,466,no_progress,0,1142608,35610.3
1196,1000,480.0,-21.284,37,,616,0,5,36,2464,0.6605,856.9,0.6706,278,step_limit,0,1143608,35619.7
1197,1000,320.0,-41.661,27,,502,0,3,32,2846,0.6402,757.6,0.7545,433,step_limit,0,1144608,35631.5
1198,1000,480.0,9.831,37,,881,0,5,100,2153,0.6328,831.9,0.5876,263,step_limit,0,1145608,35641.2
1199,1000,450.0,12.458,34,,996,0,5,51,1953,0.5917,905.0,0.5233,70,step_limit,0,1146608,35649.8
1200,1000,520.0,61.466,38,,887,0,6,241,1832,0.6105,879.7,0.5016,52,step_limit,0,1147608,35658.9
1201,997,390.12,-32.027,31,,498,0,4,28,2601,0.6668,910.2,0.704,566,no_progress,0,1148605,35678.4
1202,1000,400.0,-25.181,32,,559,0,4,26,2394,0.6335,852.3,0.6413,472,step_limit,0,1149605,35687.3
1203,1000,660.0,38.606,46,,893,0,8,70,1476,0.5988,906.2,0.409,48,step_limit,0,1150605,35696.5
1204,733,140.68,-35.17,14,,234,0,1,36,2238,0.4516,587.5,0.7994,500,no_progress,0,1151338,35705.1
1205,1000,380.0,-8.392,30,,567,0,4,103,2534,0.6512,778.9,0.674,419,step_limit,0,1152338,35714.1
1206,1000,560.0,14.665,42,,819,0,6,39,1807,0.5988,889.1,0.4882,32,step_limit,0,1153338,35722.9
1207,1000,630.0,8.432,46,,754,0,7,40,1913,0.673,887.7,0.5372,256,step_limit,0,1154338,35733.4
1208,1000,460.0,-2.024,35,,692,0,5,44,2180,0.6562,824.7,0.5848,206,step_limit,0,1155338,35742.3
1209,1000,540.0,42.684,40,,899,0,6,74,1513,0.6268,911.2,0.4033,71,step_limit,0,1156338,35751.1
1210,953,331.88,-20.773,28,,454,0,3,30,2308,0.6456,745.5,0.6539,492,no_progress,0,1157291,35759.3
1211,1000,530.0,0.625,39,,677,0,6,43,2097,0.6302,835.5,0.5755,242,step_limit,0,1158291,35769.7
1212,1000,450.0,13.202,34,,682,0,5,81,2016,0.6215,790.6,0.5366,314,step_limit,0,1159291,35778.2
1213,1000,650.0,34.131,45,,981,0,8,46,1469,0.6215,953.7,0.398,15,step_limit,0,1160291,35786.6
1214,973,391.08,-23.366,31,,474,0,4,34,2474,0.6675,827.1,0.6794,481,no_progress,0,1161264,35795.1
1215,1000,540.0,15.045,40,,853,0,6,37,1828,0.6105,842.1,0.4853,74,step_limit,0,1162264,35805.4
1216,1000,660.0,34.821,46,,844,0,8,93,1668,0.6238,913.2,0.4539,54,step_limit,0,1163264,35814.2
1217,892,294.32,-11.566,24,,393,0,3,55,2172,0.6121,679.0,0.6522,479,no_progress,0,1164156,35823.1
1218,1000,350.0,-19.901,27,,512,0,4,63,2599,0.4915,711.6,0.6907,487,step_limit,0,1165156,35832.0
1219,1000,410.0,-23.697,33,,857,0,4,30,2473,0.6647,758.0,0.6719,215,step_limit,0,1166156,35842.6
1220,1000,500.0,7.284,39,,670,0,5,78,2093,0.573,762.1,0.5717,316,step_limit,0,1167156,35851.5
1221,884,314.64,-35.323,26,,385,0,3,30,2478,0.5215,672.3,0.7545,485,no_progress,0,1168040,35859.7
1222,1000,500.0,-3.103,36,,801,0,6,34,2112,0.681,836.0,0.563,184,step_limit,0,1169040,35870.1
1223,1000,420.0,-14.651,34,,553,0,4,59,2477,0.6282,801.6,0.6744,372,step_limit,0,1170040,35878.9
1224,1000,510.0,31.734,37,,941,0,6,83,1710,0.612,849.8,0.4581,114,step_limit,0,1171040,35887.3
1225,735,160.6,-32.642,16,,236,0,1,16,2104,0.4755,621.2,0.7562,314,no_progress,0,1171775,35893.7
1226,923,203.08,-51.221,18,,424,0,2,37,2894,0.5366,656.4,0.823,499,no_progress,0,1172698,35904.1
1227,1000,460.0,-17.764,35,,736,0,5,45,2432,0.629,780.9,0.6638,233,step_limit,0,1173698,35912.9
1228,1000,550.0,8.616,41,,988,0,6,37,1924,0.588,951.9,0.5309,85,step_limit,0,1174698,35921.4
1229,837,246.52,-35.775,22,,338,0,2,27,2389,0.6553,602.7,0.7586,519,no_progress,0,1175535,35929.2
1230,910,263.6,-34.591,24,,411,0,2,28,2521,0.6712,698.0,0.7366,499,no_progress,0,1176445,35939.1
1231,1000,540.0,10.493,40,,814,0,6,47,1881,0.6195,848.1,0.5038,115,step_limit,0,1177445,35948.5
1232,1000,600.0,14.682,43,,875,0,7,50,1900,0.6595,862.2,0.5129,151,step_limit,0,1178445,35958.2
1233,1000,360.0,-28.899,28,,526,0,4,50,2683,0.5048,757.0,0.72,450,step_limit,0,1179445,35968.2
1234,1000,420.0,3.193,34,,918,0,4,75,2213,0.617,822.4,0.5948,81,step_limit,0,1180445,35979.0
1235,738,110.48,-33.643,14,,239,0,0,76,2388,0.6291,559.8,0.8463,507,no_progress,0,1181183,35986.0
1236,850,216.0,-36.499,19,,351,0,2,23,2435,0.6615,656.0,0.7555,484,no_progress,0,1182033,35994.0
1237,1000,390.0,-10.27,31,,760,0,4,58,2394,0.657,785.8,0.6386,212,step_limit,0,1183033,36002.8
1238,1000,410.0,-34.838,33,,526,0,4,30,2698,0.68,804.7,0.7374,504,step_limit,0,1184033,36013.3
1239,939,402.44,6.609,32,,440,0,4,113,2158,0.6092,794.4,0.6228,358,no_progress,0,1184972,36021.4
1240,1000,540.0,22.806,40,,993,0,6,110,1932,0.6085,857.6,0.5272,97,step_limit,0,1185972,36029.9
1241,1000,360.0,-23.064,28,,568,0,4,38,2543,0.602,789.7,0.6736,359,step_limit,0,1186972,36038.4
