episode,steps,reward,delivered,completion_rate,makespan,idle_drones,deliv_min,deliv_max,deliv_std,reloads,blocked,hop2plus,max_reach,t_last_deliv,comm_loss,alpha,loss_critic,loss_actor,env_steps,wall_sec
1,1000,-95.7552,0,0.0,,4,0,0,0.0,0,380,0.7053,505.4,0,0,0.1,nan,nan,1000,3.1
2,1000,-75.5896,0,0.0,,4,0,0,0.0,0,432,0.707,529.1,0,0,0.1,nan,nan,2000,6.1
3,1000,-102.2196,0,0.0,,4,0,0,0.0,0,594,0.706,508.3,0,0,0.1,nan,nan,3000,9.2
4,1000,-93.6445,0,0.0,,4,0,0,0.0,0,432,0.709,503.0,0,0,0.1,nan,nan,4000,12.2
5,1000,-96.69,0,0.0,,4,0,0,0.0,0,438,0.7043,506.4,0,0,0.1,nan,nan,5000,15.2
6,1000,105.3267,15,0.3,,0,1,5,1.6394,0,1650,0.678,1073.5,895,0,0.086204,1.027916,-0.674834,6000,32.3
7,1000,118.7333,17,0.34,,0,2,5,1.299,0,2274,0.6873,716.4,990,0,0.079533,3.349683,-1.38201,7000,49.1
8,1000,59.2131,11,0.22,,1,0,5,1.9203,0,2079,0.5457,867.4,751,0,0.069785,1.198882,-1.586721,8000,65.6
9,1000,-31.8608,4,0.08,,2,0,3,1.2247,0,3150,0.7265,587.8,878,0,0.064428,1.05663,-2.433281,9000,82.5
10,1000,94.6947,14,0.28,,0,2,5,1.118,0,1980,0.7305,1073.5,935,0,0.05898,0.684054,-3.209677,10000,99.2
11,1000,46.1231,12,0.24,,0,2,4,0.7071,0,2951,0.7185,1003.2,395,0,0.054079,0.788947,-3.839601,11000,116.2
12,1000,53.5575,12,0.24,,0,1,4,1.2247,0,2825,0.714,806.0,433,0,0.052895,0.687105,-5.102015,12000,133.0
13,1000,24.9649,9,0.18,,0,1,3,0.8292,0,2757,0.7177,1024.5,284,0,0.055633,0.805171,-6.275479,13000,149.6
14,1000,55.2541,12,0.24,,0,2,5,1.2247,0,2687,0.7133,1073.5,480,0,0.059884,2.037307,-7.4713,14000,166.1
15,1000,49.055,12,0.24,,0,1,5,1.5811,0,2919,0.7055,1024.8,226,0,0.060452,1.518135,-7.912919,15000,182.8
16,1000,143.9464,18,0.36,,0,3,5,0.866,0,1580,0.657,938.3,558,0,0.06194,1.342837,-9.07914,16000,199.4
17,1000,34.9191,10,0.2,,0,1,4,1.118,0,2811,0.6985,1010.3,872,0,0.064263,0.74106,-9.195063,17000,215.9
18,1000,81.6288,15,0.3,,1,0,5,2.1651,0,2595,0.6985,1035.2,188,0,0.068027,1.759954,-9.893101,18000,232.6
19,1000,26.6243,10,0.2,,1,0,5,1.8028,0,2895,0.7113,1061.3,353,0,0.074338,1.711571,-10.371216,19000,249.1
20,1000,146.6336,20,0.4,,0,5,5,0.0,0,2450,0.7127,898.2,371,0,0.0747,1.234365,-12.062044,20000,265.5
21,1000,77.5571,13,0.26,,0,1,5,1.479,0,2191,0.7117,1057.2,589,0,0.074544,0.86089,-11.297091,21000,282.1
22,1000,56.4879,13,0.26,,0,1,5,1.479,0,2431,0.7123,897.4,879,0,0.073772,1.12665,-12.557306,22000,299.1
23,1000,28.8224,10,0.2,,0,1,4,1.118,0,2964,0.7127,862.6,120,0,0.074665,2.343352,-13.595906,23000,316.2
24,1000,130.9225,19,0.38,,0,4,5,0.433,0,2437,0.6937,896.9,980,0,0.076568,1.17455,-13.046594,24000,332.1
25,1000,99.5132,17,0.34,,0,3,5,0.8292,0,2677,0.7153,710.7,800,0,0.075227,1.266309,-13.902239,25000,346.8
26,1000,76.3857,14,0.28,,1,0,5,2.0616,0,2191,0.6927,874.0,296,0,0.071103,2.494111,-14.747611,26000,363.2
27,1000,132.7462,18,0.36,,0,3,5,0.866,0,2152,0.7063,878.2,374,0,0.066884,1.540569,-14.842191,27000,379.8
28,1000,119.9835,18,0.36,,0,4,5,0.5,0,2524,0.5175,715.5,238,0,0.058723,0.915971,-15.193853,28000,396.5
29,1000,17.8759,7,0.14,,0,1,2,0.433,0,1997,0.6515,928.0,273,0,0.054331,1.52773,-15.885168,29000,413.4
30,1000,142.2131,18,0.36,,0,3,5,0.866,0,1810,0.6927,791.3,715,0,0.053381,1.42619,-15.875969,30000,430.0
31,1000,120.2817,15,0.3,,0,1,5,1.6394,0,1533,0.5308,599.1,302,0,0.052194,1.551688,-14.914082,31000,446.5
32,1000,152.4279,17,0.34,,0,3,5,0.8292,1,1895,0.557,695.2,935,0,0.050616,1.19663,-15.581099,32000,463.0
33,1000,74.3362,14,0.28,,0,2,5,1.5,0,2800,0.7238,739.8,260,0,0.0528,2.297378,-16.928154,33000,479.5
34,1000,79.5963,12,0.24,,0,1,5,2.0,0,1655,0.517,642.8,180,0,0.052941,1.146931,-16.260914,34000,496.2
35,1000,103.5091,17,0.34,,0,3,5,0.8292,0,2816,0.7163,727.5,904,0,0.052549,2.310905,-17.183035,35000,512.7
36,1000,219.4768,21,0.42,,0,5,6,0.433,1,1023,0.6837,833.8,825,0,0.052231,1.030411,-17.229969,36000,529.2
37,1000,27.1313,9,0.18,,1,0,5,1.9203,0,2573,0.6205,619.5,411,0,0.053136,0.898033,-18.975868,37000,545.4
38,1000,57.79,12,0.24,,0,1,5,1.5811,0,2458,0.7147,752.5,680,0,0.053753,1.742461,-19.686666,38000,561.8
39,1000,124.9367,18,0.36,,0,4,5,0.5,0,2242,0.654,829.6,766,0,0.05331,1.719349,-19.452574,39000,578.5
40,1000,163.0007,17,0.34,,0,2,5,1.299,1,1628,0.7127,851.0,618,0,0.051855,0.764409,-19.968464,40000,594.7
41,1000,94.3351,16,0.32,,0,3,5,0.7071,0,2608,0.701,954.8,582,0,0.052428,1.69566,-19.18331,41000,611.8
42,1000,60.4214,13,0.26,,0,2,4,0.8292,0,2833,0.567,670.2,970,0,0.052188,1.149571,-18.879866,42000,628.9
43,1000,29.8047,9,0.18,,0,1,5,1.6394,0,2278,0.7083,763.8,605,0,0.054556,1.822987,-19.1194,43000,645.6
44,1000,160.007,20,0.4,,0,5,5,0.0,0,1689,0.6235,678.7,594,0,0.055321,1.654509,-20.251278,44000,662.0
45,1000,82.5483,12,0.24,,0,2,5,1.2247,0,1363,0.5527,598.3,288,0,0.055073,1.213948,-19.66214,45000,678.3
46,1000,121.6492,14,0.28,,0,2,5,1.5,1,2009,0.6947,867.6,976,0,0.053463,0.98077,-20.695724,46000,694.8
47,1000,42.7797,11,0.22,,0,2,5,1.299,0,2493,0.7235,740.3,235,0,0.053902,0.935939,-20.657215,47000,711.3
48,1000,152.8028,19,0.38,,0,4,5,0.433,0,1558,0.6105,777.6,758,0,0.054743,1.815942,-20.118416,48000,728.1
49,1000,126.5658,14,0.28,,0,3,5,0.866,1,1337,0.6887,707.8,670,0,0.054112,0.774495,-20.958252,49000,744.8
50,1000,106.1549,16,0.32,,0,2,5,1.2247,0,2180,0.726,811.2,257,0,0.05421,0.865195,-21.125656,50000,762.0
51,1000,160.9351,17,0.34,,0,3,6,1.299,1,1796,0.6627,576.8,685,0,0.054681,1.679228,-20.851067,51000,796.9
52,1000,98.2973,14,0.28,,0,3,5,0.866,0,1459,0.6052,752.4,838,0,0.054008,1.867652,-20.351854,52000,813.4
53,1000,127.8739,18,0.36,,0,3,5,0.866,0,2035,0.6175,921.9,743,0,0.0522,1.433872,-19.881374,53000,830.1
54,1000,88.3326,15,0.3,,0,2,5,1.299,0,2340,0.7173,799.9,471,0,0.051563,1.835635,-19.886316,54000,847.0
55,1000,91.4415,13,0.26,,0,1,5,1.479,0,1524,0.5713,763.8,385,0,0.051321,1.305312,-20.689421,55000,863.4
56,1000,173.5245,16,0.32,,0,3,5,1.0,1,582,0.6325,759.6,948,0,0.049837,1.732637,-21.621834,56000,879.7
57,1000,65.1726,13,0.26,,0,1,5,1.479,0,2401,0.691,764.7,925,0,0.049588,1.490567,-21.056683,57000,897.1
58,1000,176.9406,19,0.38,,0,3,6,1.0897,1,2075,0.6923,764.4,894,0,0.048672,3.195259,-21.402683,58000,913.7
59,1000,-68.5087,2,0.04,,2,0,1,0.5,0,3623,0.4865,876.7,75,0,0.048611,1.195696,-21.573147,59000,930.3
60,1000,114.4082,16,0.32,,0,3,5,1.0,0,1827,0.6587,739.8,566,0,0.047804,1.144229,-21.749519,60000,947.1
61,1000,194.2902,19,0.38,,0,4,6,0.8292,1,1235,0.7045,850.5,844,0,0.046361,2.336141,-22.249315,61000,963.7
62,1000,100.5373,15,0.3,,0,2,5,1.0897,0,1402,0.7232,993.8,936,0,0.045217,2.096507,-23.07996,62000,980.8
63,1000,105.2024,15,0.3,,0,3,5,0.8292,0,1829,0.722,1002.3,973,0,0.043406,0.827045,-22.644253,63000,997.5
64,1000,211.0733,22,0.44,,0,5,7,0.866,1,1753,0.6873,942.3,878,0,0.041742,1.373586,-21.01482,64000,1014.2
65,1000,141.2093,18,0.36,,0,3,5,0.866,0,1385,0.7137,781.2,791,0,0.041258,1.758154,-22.31377,65000,1031.0
66,1000,104.1406,14,0.28,,0,1,5,1.6583,0,1233,0.7208,737.8,387,0,0.040541,2.580989,-21.742687,66000,1047.7
67,1000,62.3329,13,0.26,,0,3,4,0.433,0,2523,0.728,1036.6,994,0,0.039573,0.87093,-20.970705,67000,1064.2
68,1000,131.4159,17,0.34,,0,2,5,1.299,0,1634,0.5463,717.0,491,0,0.039214,0.763769,-21.419868,68000,1081.3
69,1000,212.0533,21,0.42,,0,5,6,0.433,1,1119,0.6883,766.0,823,0,0.038163,1.576341,-20.612709,69000,1097.7
70,1000,293.5492,25,0.5,,0,5,8,1.299,2,778,0.5563,854.1,812,0,0.037375,1.085269,-22.20636,70000,1114.3
71,1000,246.374,21,0.42,,0,4,6,0.8292,2,765,0.662,783.3,879,0,0.036914,1.357761,-22.14193,71000,1130.6
72,1000,153.1328,19,0.38,,0,4,5,0.433,0,1475,0.683,759.5,769,0,0.03656,1.616268,-21.392794,72000,1146.9
73,1000,139.0834,18,0.36,,0,3,5,0.866,0,1393,0.6627,607.7,627,0,0.036549,1.726305,-21.267582,73000,1163.1
74,1000,177.8506,19,0.38,,0,4,5,0.433,1,1892,0.6645,844.4,473,0,0.035408,2.146388,-21.612305,74000,1178.1
75,1000,183.6219,19,0.38,,0,4,5,0.433,1,1841,0.577,885.3,498,0,0.034402,0.848687,-22.060501,75000,1193.4
76,1000,201.5911,22,0.44,,0,4,8,1.5,1,1879,0.6933,870.2,650,0,0.034064,1.514349,-22.200783,76000,1209.3
77,1000,114.4244,15,0.3,,0,2,5,1.0897,0,1128,0.7192,786.2,847,0,0.033558,0.508708,-20.759277,77000,1225.7
78,1000,207.5454,20,0.4,,0,5,5,0.0,1,978,0.6583,874.6,528,0,0.033364,0.705247,-21.920013,78000,1242.4
79,1000,198.4464,20,0.4,,0,5,5,0.0,1,1371,0.7043,910.7,397,0,0.032977,0.928285,-21.930416,79000,1258.9
80,1000,131.0921,19,0.38,,0,4,5,0.433,0,2158,0.7265,980.2,713,0,0.032446,1.154514,-21.859886,80000,1275.3
81,1000,146.4681,17,0.34,,0,3,5,0.8292,0,628,0.6398,715.8,835,0,0.032255,1.156956,-22.096373,81000,1292.0
82,1000,179.5355,19,0.38,,0,2,7,1.7854,1,1785,0.6272,863.8,947,0,0.031991,1.455873,-22.872158,82000,1309.0
83,1000,157.533,19,0.38,,0,4,5,0.433,0,1239,0.6767,980.9,922,0,0.030873,1.548692,-21.613146,83000,1325.9
84,1000,188.9123,19,0.38,,0,4,5,0.433,1,1262,0.6717,814.2,975,0,0.029846,1.014151,-21.527958,84000,1342.8
85,1000,219.7691,19,0.38,,0,3,6,1.0897,2,1610,0.6585,801.9,956,0,0.029572,2.004129,-22.513689,85000,1359.4
86,1000,292.7123,21,0.42,,0,5,6,0.433,3,747,0.5065,939.8,822,0,0.029336,1.925957,-22.707527,86000,1377.1
87,1000,133.7957,17,0.34,,0,2,5,1.299,0,1155,0.596,762.1,679,0,0.029045,1.463597,-20.990746,87000,1393.4
88,1000,277.8481,24,0.48,,0,4,10,2.3452,2,1087,0.6058,813.9,949,0,0.029321,2.120274,-21.244556,88000,1410.0
89,1000,175.4242,18,0.36,,0,3,6,1.118,1,1122,0.5115,566.1,703,0,0.029283,0.932853,-21.302048,89000,1426.6
90,1000,195.6489,20,0.4,,0,4,6,0.7071,1,1593,0.6442,818.8,940,0,0.028726,2.178001,-22.295658,90000,1444.3
91,1000,128.6566,16,0.32,,0,3,5,1.0,0,1164,0.5955,798.2,411,0,0.027642,0.882061,-21.129307,91000,1461.2
92,1000,176.3083,17,0.34,,0,2,5,1.299,1,1403,0.6435,969.5,604,0,0.026936,1.131714,-20.427965,92000,1477.7
93,1000,129.9742,18,0.36,,0,3,5,0.866,0,2138,0.6627,747.8,815,0,0.025746,1.576651,-20.684216,93000,1494.1
94,1000,184.6402,18,0.36,,0,4,5,0.5,1,501,0.5775,656.9,648,0,0.025414,1.460574,-21.283995,94000,1510.5
95,1000,229.3449,20,0.4,,0,5,5,0.0,2,1480,0.6042,840.2,880,0,0.024944,1.161645,-21.310867,95000,1526.9
96,1000,205.6335,20,0.4,,0,5,5,0.0,1,1431,0.5557,966.4,722,0,0.02485,1.193467,-21.398529,96000,1543.2
97,1000,123.8102,17,0.34,,0,4,5,0.433,0,1723,0.6242,714.2,761,0,0.024371,1.170125,-21.971304,97000,1559.7
98,1000,35.5335,9,0.18,,0,1,5,1.6394,0,2247,0.709,652.0,704,0,0.024391,1.587831,-20.598974,98000,1576.3
99,1000,-75.9309,2,0.04,,2,0,1,0.5,0,3634,0.487,526.0,887,0,0.024406,1.774213,-22.818609,99000,1593.3
100,1000,199.1176,17,0.34,,0,3,5,0.8292,2,1406,0.6358,755.0,708,0,0.024129,1.394781,-22.241684,100000,1609.9
101,1000,241.6973,21,0.42,,0,4,7,1.299,2,1548,0.5623,819.8,983,0,0.024073,0.663955,-22.275621,101000,1644.8
102,1000,127.3092,14,0.28,,0,1,5,1.6583,1,1679,0.4893,730.6,226,0,0.023683,2.307478,-21.386013,102000,1661.2
103,1000,116.6757,16,0.32,,0,3,5,1.0,0,1764,0.6478,959.4,754,0,0.023923,1.040151,-22.039452,103000,1677.8
104,1000,70.6999,13,0.26,,1,0,5,2.0463,0,2567,0.6168,720.5,928,0,0.023799,0.643998,-20.814022,104000,1694.9
105,1000,226.2996,21,0.42,,0,5,6,0.433,1,1073,0.5998,812.2,894,0,0.023942,1.589064,-21.636757,105000,1710.9
106,1000,-12.8956,8,0.16,,0,1,4,1.2247,0,3410,0.7135,747.5,329,0,0.024496,3.718033,-20.651192,106000,1727.7
107,1000,277.4682,21,0.42,,0,5,6,0.433,3,1749,0.559,806.0,890,0,0.023728,1.134801,-20.355299,107000,1744.2
108,1000,234.6361,22,0.44,,0,4,8,1.6583,2,2165,0.5713,862.5,954,0,0.02356,1.137931,-20.460972,108000,1761.0
109,1000,19.0161,9,0.18,,1,0,4,1.479,0,2722,0.7215,687.5,571,0,0.023515,2.725645,-19.656963,109000,1777.8
110,1000,86.8224,17,0.34,,0,3,5,0.8292,0,3185,0.7245,871.6,938,0,0.022785,1.995787,-20.978512,110000,1794.7
111,1000,239.9569,21,0.42,,0,4,6,0.8292,2,1554,0.629,689.0,921,0,0.022742,0.910594,-19.990892,111000,1811.4
112,1000,130.9276,18,0.36,,0,3,5,0.866,0,1983,0.682,716.4,982,0,0.022571,1.208197,-22.021706,112000,1827.9
113,1000,59.386,12,0.24,,1,0,5,1.8708,0,2411,0.306,628.5,275,0,0.022574,2.025305,-21.071613,113000,1844.6
114,1000,239.9661,20,0.4,,0,4,6,0.7071,2,1132,0.544,884.4,992,0,0.021956,1.341913,-20.853313,114000,1861.3
115,1000,263.1991,20,0.4,,0,5,5,0.0,3,1519,0.5757,824.2,804,0,0.021616,2.736032,-20.074512,115000,1878.0
116,1000,79.8804,15,0.3,,0,2,5,1.0897,0,2781,0.722,681.8,661,0,0.021591,2.017537,-19.69788,116000,1894.8
117,1000,176.5437,17,0.34,,0,2,5,1.299,1,1482,0.606,785.1,539,0,0.021204,0.791405,-20.018665,117000,1911.1
118,1000,153.459,16,0.32,,0,3,5,1.0,1,1698,0.6625,784.7,881,0,0.02107,1.471591,-19.850435,118000,1927.9
119,1000,253.082,21,0.42,,0,1,9,2.8614,2,962,0.5677,714.6,971,0,0.021744,1.948507,-21.134411,119000,1944.5
120,1000,41.6346,10,0.2,,1,0,5,1.8028,0,2308,0.5407,681.6,999,0,0.021788,2.227796,-21.059307,120000,1961.2
121,1000,208.9949,19,0.38,,0,4,5,0.433,2,2001,0.6488,742.1,857,0,0.021501,1.347426,-21.196041,121000,1977.9
122,1000,260.7746,20,0.4,,0,5,5,0.0,3,1414,0.4805,810.0,809,0,0.020914,1.263135,-21.322292,122000,1994.7
123,1000,-12.6113,8,0.16,,1,0,4,1.4142,0,3361,0.7262,648.3,956,0,0.020856,0.924919,-21.542793,123000,2011.4
124,1000,63.1598,13,0.26,,0,2,5,1.299,0,2611,0.7252,691.2,752,0,0.020594,1.685368,-20.578993,124000,2026.4
125,1000,231.3581,20,0.4,,0,4,6,0.7071,2,1527,0.621,672.3,786,0,0.020978,1.42805,-21.167458,125000,2041.8
126,1000,205.3556,20,0.4,,0,3,7,1.4142,1,1597,0.6735,770.2,775,0,0.020569,0.94693,-21.471207,126000,2058.5
127,1000,281.7794,24,0.48,,0,5,8,1.2247,2,1248,0.5805,846.5,935,0,0.020884,1.775931,-22.560289,127000,2075.3
128,1000,147.0497,19,0.38,,0,4,5,0.433,0,1503,0.7033,951.4,755,0,0.020868,1.969778,-21.229422,128000,2091.7
129,1000,136.9397,17,0.34,,0,3,5,0.8292,0,1385,0.552,653.2,896,0,0.020487,2.119676,-21.7416,129000,2108.7
130,1000,35.767,12,0.24,,0,2,5,1.2247,0,2908,0.689,903.3,968,0,0.020612,1.64507,-21.44153,130000,2125.3
131,1000,108.5608,17,0.34,,0,3,5,0.8292,0,2314,0.7192,948.3,957,0,0.020464,1.128693,-21.074987,131000,2141.9
132,1000,40.2188,11,0.22,,1,0,5,1.7854,0,2827,0.7115,796.2,81,0,0.020218,1.365153,-22.041861,132000,2158.6
133,1000,185.8595,18,0.36,,0,4,5,0.5,1,1216,0.6092,687.7,895,0,0.020123,0.844878,-21.885326,133000,2175.3
134,1000,163.6044,18,0.36,,0,3,5,0.866,1,2065,0.6807,966.5,605,0,0.019991,1.387615,-21.110199,134000,2192.0
135,1000,173.3367,19,0.38,,0,4,5,0.433,1,1846,0.5927,801.3,951,0,0.019561,0.992044,-20.042437,135000,2208.8
136,1000,107.8553,16,0.32,,0,3,5,1.0,0,1950,0.6502,988.5,824,0,0.019323,1.725462,-20.419584,136000,2225.7
137,1000,-38.4126,6,0.12,,2,0,3,1.5,0,3609,0.7137,629.1,211,0,0.019287,1.821968,-21.474306,137000,2243.8
138,1000,228.5733,20,0.4,,0,5,5,0.0,2,1729,0.6515,928.6,962,0,0.019743,1.739149,-22.456379,138000,2260.8
139,1000,225.6446,20,0.4,,0,4,6,0.7071,2,1392,0.619,1012.2,718,0,0.019674,0.975929,-22.125599,139000,2277.6
140,1000,148.6532,14,0.28,,0,2,5,1.5,1,806,0.5323,856.8,529,0,0.019683,1.145587,-20.698982,140000,2294.4
141,1000,134.8189,16,0.32,,0,2,5,1.2247,1,2222,0.5867,641.7,591,0,0.019786,1.701772,-22.392178,141000,2311.1
142,1000,204.9027,20,0.4,,0,4,6,0.7071,1,1285,0.5883,842.4,776,0,0.019887,1.371318,-21.077465,142000,2327.6
143,1000,46.865,11,0.22,,0,1,5,1.7854,0,2106,0.705,715.5,613,0,0.0199,1.435585,-22.50983,143000,2344.3
144,1000,102.6279,12,0.24,,1,0,5,1.8708,1,1617,0.4318,596.9,374,0,0.019643,1.930231,-21.598587,144000,2361.5
145,1000,176.5674,18,0.36,,0,4,5,0.5,1,1313,0.5323,661.3,311,0,0.019706,3.245846,-21.959602,145000,2379.0
146,1000,137.2708,18,0.36,,0,3,5,0.866,0,1811,0.6508,942.9,701,0,0.019722,1.658144,-23.977627,146000,2395.8
147,1000,86.7469,13,0.26,,1,0,5,2.0463,0,1619,0.5577,711.8,756,0,0.020355,1.916132,-22.70137,147000,2412.5
148,1000,202.8482,20,0.4,,0,5,5,0.0,1,1118,0.594,823.0,988,0,0.020335,1.831016,-23.046083,148000,2429.1
149,1000,223.7762,20,0.4,,0,1,9,2.8284,2,1953,0.5417,741.0,735,0,0.020235,1.743835,-22.271835,149000,2446.0
150,1000,224.215,22,0.44,,0,2,10,2.958,2,2537,0.553,765.7,977,0,0.020727,0.957987,-21.990257,150000,2462.7
151,1000,305.8389,21,0.42,,0,5,6,0.433,4,1467,0.561,839.1,646,0,0.020081,2.477215,-23.14102,151000,2498.6
152,1000,21.6406,10,0.2,,1,0,5,1.8028,0,2832,0.7275,1033.6,517,0,0.019884,1.08499,-21.43619,152000,2515.1
153,1000,292.3311,22,0.44,,0,5,7,0.866,3,1362,0.5563,687.8,981,0,0.019868,3.337141,-22.434299,153000,2531.7
154,1000,110.9249,16,0.32,,0,3,5,0.7071,0,1991,0.7095,961.4,848,0,0.020048,2.061769,-21.586868,154000,2548.2
155,1000,101.7262,17,0.34,,0,3,5,0.8292,0,2722,0.716,874.9,953,0,0.020212,0.980584,-22.688435,155000,2565.1
156,1000,179.0449,18,0.36,,0,4,5,0.5,1,1314,0.5387,635.2,321,0,0.020066,2.926026,-23.325146,156000,2581.4
157,1000,83.2929,15,0.3,,0,3,5,0.8292,0,2532,0.7255,1073.5,363,0,0.020462,1.33156,-23.338379,157000,2598.5
158,1000,51.9217,12,0.24,,0,2,4,0.7071,0,2724,0.682,1060.3,604,0,0.020226,1.767442,-22.154259,158000,2615.3
159,1000,227.0505,22,0.44,,0,4,9,2.0616,1,896,0.4662,645.8,527,0,0.020278,2.356959,-22.814007,159000,2632.7
160,1000,210.1246,19,0.38,,0,4,6,0.8292,2,1683,0.6252,606.5,945,0,0.020106,1.068274,-21.966286,160000,2649.6
161,1000,317.1268,24,0.48,,0,5,8,1.2247,3,1253,0.645,778.6,890,0,0.020029,0.93271,-23.682987,161000,2666.5
162,1000,140.3727,19,0.38,,0,4,5,0.433,0,2125,0.711,958.4,978,0,0.019745,1.012442,-23.171701,162000,2682.9
163,1000,302.0411,26,0.52,,0,5,9,1.6583,2,1282,0.5182,735.4,993,0,0.020102,1.44519,-22.875235,163000,2699.5
164,1000,139.905,17,0.34,,0,3,5,0.8292,0,1420,0.6172,969.7,550,0,0.020158,1.423787,-22.480515,164000,2716.4
165,1000,357.5372,25,0.5,,0,5,10,2.1651,4,1165,0.5665,846.4,761,0,0.02056,1.023461,-23.077166,165000,2732.9
166,1000,205.9366,21,0.42,,0,5,6,0.433,1,1662,0.5373,671.4,955,0,0.020436,1.372773,-23.382841,166000,2749.4
167,1000,79.1894,12,0.24,,1,0,5,1.8708,0,1658,0.599,601.0,413,0,0.020259,0.721396,-23.18824,167000,2765.9
168,1000,165.2766,19,0.38,,0,4,5,0.433,0,1468,0.5343,914.1,841,0,0.020019,3.779802,-24.190491,168000,2782.6
169,1000,277.5739,24,0.48,,0,5,8,1.2247,2,1479,0.6562,834.2,1000,0,0.020432,1.027306,-21.590445,169000,2799.3
170,1000,338.5788,25,0.5,,0,5,9,1.6394,3,752,0.6138,868.4,805,0,0.020422,1.778063,-23.070234,170000,2815.7
171,1000,327.48,23,0.46,,0,5,7,0.8292,4,1107,0.544,970.3,904,0,0.020895,0.960429,-23.046078,171000,2832.2
172,1000,327.1868,22,0.44,,0,5,7,0.866,4,945,0.4773,655.6,855,0,0.020607,0.875565,-22.277765,172000,2848.2
173,1000,358.62,25,0.5,,0,5,8,1.299,4,1141,0.474,829.7,895,0,0.019807,0.753762,-22.488239,173000,2863.6
174,1000,152.7026,17,0.34,,0,2,5,1.299,1,1979,0.5587,772.8,929,0,0.02002,1.3616,-21.691259,174000,2879.8
175,1000,345.0937,26,0.52,,0,5,10,2.0616,3,1094,0.5463,847.5,968,0,0.0195,1.572415,-21.827686,175000,2895.9
176,1000,321.4799,26,0.52,,0,5,8,1.118,3,1798,0.6475,867.0,631,0,0.019761,1.061606,-21.866852,176000,2913.4
177,1000,237.963,21,0.42,,0,3,7,1.479,2,1263,0.6048,838.8,997,0,0.019614,0.73018,-22.407549,177000,2930.4
178,1000,299.1218,24,0.48,,0,4,9,1.8708,3,1501,0.464,808.2,849,0,0.019987,0.872272,-21.340292,178000,2946.7
179,1000,229.543,18,0.36,,0,3,5,0.866,2,246,0.2645,742.8,453,0,0.019727,1.509524,-21.758337,179000,2963.2
180,1000,287.4868,20,0.4,,0,5,5,0.0,4,1833,0.501,794.7,724,0,0.019675,2.540416,-19.974848,180000,2980.0
181,1000,316.3653,25,0.5,,0,5,8,1.299,3,1562,0.5443,999.0,993,0,0.019445,1.311614,-20.717339,181000,2996.7
182,1000,220.4347,18,0.36,,0,4,5,0.5,2,490,0.4935,603.0,679,0,0.019063,1.373055,-22.566032,182000,3013.2
183,1000,236.5182,18,0.36,,0,2,6,1.5,3,1449,0.5962,920.5,934,0,0.018617,0.747437,-19.929943,183000,3029.8
184,1000,132.552,17,0.34,,0,3,5,0.8292,1,2637,0.5045,727.8,927,0,0.018775,0.848528,-20.958519,184000,3046.2
185,1000,239.4282,20,0.4,,0,5,5,0.0,2,1610,0.5112,684.0,450,0,0.018727,1.512398,-20.441723,185000,3063.0
186,1000,385.9985,30,0.6,,0,5,10,2.0616,3,817,0.5567,949.2,934,0,0.018331,1.694363,-21.544348,186000,3079.4
187,1000,247.0982,22,0.44,,0,4,7,1.118,2,1890,0.5367,740.9,991,0,0.018224,0.822168,-20.498055,187000,3096.2
188,1000,223.0754,20,0.4,,0,3,7,1.4142,2,1718,0.4575,818.4,932,0,0.018516,1.105736,-20.427338,188000,3112.7
189,1000,241.5385,23,0.46,,0,5,8,1.299,1,1391,0.5308,658.7,867,0,0.01803,0.407959,-20.389585,189000,3129.2
190,1000,276.3603,23,0.46,,0,5,8,1.299,2,912,0.584,863.6,994,0,0.018264,0.537222,-21.406527,190000,3145.6
191,1000,157.8699,17,0.34,,0,3,5,0.8292,1,857,0.3588,805.4,998,0,0.018143,1.251553,-21.127048,191000,3162.4
192,1000,76.5616,14,0.28,,0,2,5,1.118,0,2387,0.7103,1063.1,750,0,0.018198,1.433962,-21.377392,192000,3178.7
193,1000,105.9314,17,0.34,,0,3,5,0.8292,0,2340,0.7123,953.6,429,0,0.01795,0.544876,-20.229023,193000,3195.8
194,1000,176.4149,18,0.36,,0,2,7,1.8028,1,1246,0.567,775.9,951,0,0.018079,0.989308,-20.461601,194000,3212.4
195,1000,46.7287,12,0.24,,1,0,5,1.8708,0,2373,0.7143,1073.5,235,0,0.018298,0.563445,-19.512524,195000,3229.3
196,1000,246.196,23,0.46,,0,5,8,1.299,2,1377,0.5982,1073.5,716,0,0.018253,1.092268,-20.604317,196000,3246.1
197,1000,245.3175,25,0.5,,0,5,10,2.1651,1,1476,0.6302,994.9,968,0,0.018027,0.860243,-21.214518,197000,3262.4
198,1000,181.4354,20,0.4,,0,3,8,1.8708,1,1443,0.585,969.3,912,0,0.018141,0.703986,-21.406122,198000,3279.1
199,1000,292.0617,24,0.48,,0,4,9,1.8708,2,985,0.5232,828.7,992,0,0.018053,0.988483,-20.854296,199000,3295.6
200,1000,247.5736,23,0.46,,0,5,7,0.8292,2,1833,0.5713,740.3,808,0,0.017942,0.698806,-19.982046,200000,3311.9
201,1000,46.1781,12,0.24,,0,2,4,1.0,0,2863,0.7063,1010.4,243,0,0.018007,0.531626,-21.721718,201000,3347.7
202,1000,249.6976,22,0.44,,0,5,7,0.866,2,1545,0.6583,875.1,787,0,0.017976,0.61389,-20.266701,202000,3364.1
203,1000,307.2123,26,0.52,,0,4,10,2.2913,2,1004,0.6038,855.5,984,0,0.017714,0.639398,-19.853878,203000,3380.2
204,1000,273.695,22,0.44,,0,5,6,0.5,3,1737,0.5998,880.9,937,0,0.017297,0.558639,-19.933472,204000,3397.4
205,1000,247.7737,21,0.42,,0,5,6,0.433,2,1077,0.5463,790.9,977,0,0.017173,0.537706,-19.682632,205000,3414.1
206,1000,234.1434,22,0.44,,0,4,8,1.5,1,682,0.608,786.2,877,0,0.01681,0.980528,-21.156727,206000,3430.7
207,1000,73.4492,15,0.3,,0,3,5,0.8292,0,2714,0.7135,914.8,795,0,0.016578,1.54067,-19.950542,207000,3447.3
208,1000,278.7576,22,0.44,,0,5,7,0.866,3,1624,0.5917,942.1,944,0,0.016687,0.927673,-19.534931,208000,3464.1
209,1000,218.7427,19,0.38,,0,4,5,0.433,2,1705,0.5913,859.0,594,0,0.016262,0.715692,-20.245399,209000,3481.1
210,1000,246.4475,24,0.48,,0,4,10,2.3452,1,1009,0.693,784.7,947,0,0.015789,0.792024,-19.203899,210000,3498.1
211,1000,48.9995,13,0.26,,0,1,5,1.479,0,3090,0.7073,915.0,967,0,0.015626,0.690522,-18.275379,211000,3515.5
212,1000,148.2771,17,0.34,,0,3,5,0.8292,1,2189,0.5843,675.8,877,0,0.015588,0.689763,-18.755634,212000,3532.0
213,1000,312.9562,25,0.5,,0,3,10,2.586,3,1339,0.499,803.1,962,0,0.015625,0.976505,-18.87656,213000,3549.1
214,1000,162.0772,18,0.36,,0,3,5,0.866,1,2423,0.6655,916.7,911,0,0.015874,0.915316,-19.566181,214000,3565.6
215,1000,318.3295,25,0.5,,0,5,8,1.299,3,1542,0.6528,806.1,997,0,0.015619,1.165595,-18.117882,215000,3582.4
216,1000,245.0059,21,0.42,,0,5,6,0.433,2,1384,0.4798,783.1,872,0,0.015332,0.774589,-18.923191,216000,3598.8
217,1000,279.548,21,0.42,,0,4,6,0.8292,3,1401,0.6258,812.1,934,0,0.015679,0.697457,-18.687174,217000,3615.5
218,1000,334.1974,28,0.56,,0,5,10,2.1213,2,746,0.514,868.9,999,0,0.015672,0.641489,-19.254532,218000,3632.3
219,1000,169.9896,18,0.36,,0,4,5,0.5,1,1149,0.5527,752.9,485,0,0.015776,1.12067,-17.517942,219000,3648.9
220,1000,253.2365,21,0.42,,0,4,7,1.0897,2,943,0.41,790.0,834,0,0.015788,0.750886,-18.434132,220000,3665.7
221,1000,28.2033,10,0.2,,0,1,4,1.118,0,2680,0.6827,571.5,916,0,0.0159,0.615225,-19.234459,221000,3682.3
222,1000,182.9977,20,0.4,,0,3,7,1.4142,1,1827,0.598,761.5,934,0,0.016187,0.92838,-17.32062,222000,3698.2
223,1000,204.4475,18,0.36,,0,2,7,2.0616,2,1497,0.4445,799.7,925,0,0.016216,0.77962,-17.756891,223000,3714.2
224,1000,161.5421,20,0.4,,0,5,5,0.0,0,1353,0.5767,739.9,963,0,0.015988,1.118999,-18.268408,224000,3730.1
225,1000,139.5507,20,0.4,,0,5,5,0.0,0,2338,0.725,919.7,705,0,0.015906,1.163806,-18.389275,225000,3746.9
226,1000,199.4642,21,0.42,,0,4,8,1.6394,1,1598,0.6162,840.9,975,0,0.016026,0.792392,-17.097752,226000,3763.4
227,1000,147.3056,19,0.38,,0,4,5,0.433,0,1717,0.4995,783.8,967,0,0.015754,0.831007,-17.932087,227000,3780.4
228,1000,217.8054,19,0.38,,0,2,7,1.7854,2,1610,0.602,858.5,979,0,0.015869,1.551124,-17.958555,228000,3797.1
229,1000,273.8585,25,0.5,,0,5,9,1.6394,2,1692,0.6623,929.1,974,0,0.015764,0.871143,-18.119411,229000,3813.9
230,1000,164.7089,20,0.4,,0,4,6,0.7071,1,2651,0.7085,904.6,997,0,0.01552,0.795279,-16.941448,230000,3830.6
231,1000,269.2795,23,0.46,,0,5,7,0.8292,2,1124,0.6375,904.1,811,0,0.015969,0.908501,-17.293562,231000,3847.4
232,1000,260.6645,23,0.46,,0,5,7,0.8292,2,1528,0.6448,744.0,456,0,0.015621,1.062385,-18.654119,232000,3863.9
233,1000,316.5082,24,0.48,,0,5,8,1.2247,3,776,0.5035,906.1,813,0,0.015393,0.873713,-17.760658,233000,3880.5
234,1000,98.9825,16,0.32,,0,2,5,1.2247,0,2292,0.728,990.6,884,0,0.015358,1.012048,-17.830339,234000,3897.0
235,1000,89.1874,16,0.32,,0,3,5,1.0,0,2808,0.7268,1025.1,989,0,0.015512,0.820075,-17.786329,235000,3913.8
236,1000,67.6963,14,0.28,,0,2,5,1.118,0,2662,0.7285,1073.5,818,0,0.015624,0.401881,-17.64163,236000,3930.7
237,1000,336.0313,27,0.54,,0,5,9,1.479,3,1844,0.5863,897.7,886,0,0.015299,0.990597,-18.202063,237000,3948.6
238,1000,231.4917,20,0.4,,0,4,6,0.7071,2,1561,0.5903,754.5,778,0,0.015026,0.550662,-17.725266,238000,3965.9
239,1000,315.08,25,0.5,,0,5,7,0.8292,3,1344,0.5192,877.4,957,0,0.014923,0.855777,-18.420298,239000,3982.7
240,1000,83.8276,16,0.32,,0,3,5,0.7071,0,2857,0.7208,959.1,894,0,0.014711,0.624874,-18.036179,240000,3999.8
241,1000,316.188,24,0.48,,0,4,7,1.2247,3,823,0.5765,945.9,979,0,0.014651,0.851532,-17.407444,241000,4016.2
242,1000,312.869,24,0.48,,0,5,9,1.7321,3,1291,0.489,801.9,822,0,0.014868,1.093159,-18.820724,242000,4033.0
243,1000,223.7956,22,0.44,,0,4,8,1.5,1,1013,0.6408,691.7,982,0,0.014714,0.89182,-18.374367,243000,4049.4
244,1000,314.4453,25,0.5,,0,4,8,1.7854,3,1704,0.6058,955.3,721,0,0.014986,1.046187,-18.032249,244000,4066.1
245,1000,238.0331,20,0.4,,0,5,5,0.0,2,1232,0.661,834.9,718,0,0.015038,0.54702,-16.731916,245000,4082.8
246,1000,268.6262,23,0.46,,0,4,9,1.9203,2,987,0.588,777.0,593,0,0.015257,0.740585,-16.61883,246000,4099.5
247,1000,297.0823,26,0.52,,0,3,9,2.5981,2,1243,0.5867,895.9,999,0,0.01508,1.066059,-16.977577,247000,4115.9
248,1000,255.4419,23,0.46,,0,4,7,1.299,2,1577,0.6583,955.1,717,0,0.014921,1.099723,-16.029354,248000,4132.5
249,1000,267.7148,23,0.46,,0,4,9,2.0463,2,1027,0.4555,648.1,605,0,0.014787,0.879896,-16.645073,249000,4149.2
250,1000,183.2362,19,0.38,,0,4,6,0.8292,1,1373,0.6305,747.1,417,0,0.014667,0.913048,-16.517666,250000,4166.1
251,1000,281.6737,24,0.48,,0,5,8,1.2247,2,1255,0.6853,826.4,985,0,0.014615,0.908134,-16.995424,251000,4202.4
252,1000,210.2464,21,0.42,,0,5,6,0.433,1,1480,0.668,911.0,937,0,0.014352,0.841304,-16.56337,252000,4218.6
253,1000,354.7535,29,0.58,,0,5,10,2.2776,3,1572,0.654,902.6,911,0,0.014146,0.582821,-17.266109,253000,4236.4
254,1000,324.2267,26,0.52,,0,5,9,1.5,3,1388,0.6275,916.2,962,0,0.014016,0.700484,-17.108057,254000,4253.1
255,1000,391.5638,28,0.56,,0,5,10,2.1213,4,1069,0.5563,772.5,989,0,0.013752,0.434967,-17.068745,255000,4269.8
256,1000,267.3776,24,0.48,,0,4,10,2.3452,2,1667,0.679,877.3,655,0,0.013806,0.496993,-15.335362,256000,4286.0
257,1000,131.3797,18,0.36,,0,4,5,0.5,0,1966,0.5278,818.1,986,0,0.014157,0.750705,-16.974026,257000,4302.8
258,1000,329.6785,25,0.5,,0,5,10,2.1651,3,1222,0.5553,804.0,872,0,0.014342,0.89998,-15.442943,258000,4319.3
259,1000,257.4903,22,0.44,,0,4,9,2.0616,2,1134,0.425,768.8,993,0,0.014027,0.608251,-17.104187,259000,4335.9
260,1000,114.8737,18,0.36,,0,3,5,0.866,0,2523,0.7292,959.0,688,0,0.013901,0.558436,-16.61768,260000,4352.4
261,1000,221.7357,21,0.42,,0,4,8,1.6394,1,875,0.5272,787.1,497,0,0.013863,0.584659,-16.99139,261000,4368.9
262,1000,182.5964,19,0.38,,0,4,5,0.433,1,1709,0.5887,718.5,474,0,0.0141,0.663329,-15.780472,262000,4385.7
263,1000,312.1888,25,0.5,,0,5,9,1.6394,3,1696,0.6432,904.1,698,0,0.013774,0.635613,-15.899564,263000,4403.1
264,1000,240.767,21,0.42,,0,5,6,0.433,2,1591,0.629,988.1,993,0,0.013701,0.505509,-16.1063,264000,4419.5
265,1000,117.3645,19,0.38,,0,4,5,0.433,0,2789,0.7265,769.8,716,0,0.013941,0.572842,-16.511736,265000,4436.4
266,1000,162.4461,16,0.32,,0,2,5,1.2247,2,2713,0.7027,962.3,486,0,0.014373,0.964782,-15.229858,266000,4453.5
267,1000,174.6538,18,0.36,,0,3,6,1.118,1,1407,0.7003,883.1,416,0,0.014029,0.956453,-15.307918,267000,4470.2
268,1000,259.4337,22,0.44,,0,5,7,0.866,2,1440,0.5777,968.0,970,0,0.01392,0.515306,-14.830227,268000,4486.9
269,1000,312.2771,21,0.42,,0,5,6,0.433,4,1205,0.478,770.2,677,0,0.013817,1.053511,-17.101021,269000,4503.9
270,1000,49.2919,13,0.26,,0,1,5,1.479,0,3042,0.7252,990.7,254,0,0.01382,0.6827,-15.137005,270000,4519.8
271,1000,280.4484,22,0.44,,0,5,6,0.5,3,1826,0.6258,1002.7,998,0,0.013634,0.464012,-14.902821,271000,4535.7
272,1000,231.0892,20,0.4,,0,3,6,1.2247,2,1766,0.6705,1010.8,789,0,0.013793,0.948954,-15.079634,272000,4551.8
273,1000,128.1435,17,0.34,,0,2,5,1.299,0,2127,0.7242,986.8,965,0,0.013572,0.924208,-15.737276,273000,4567.3
274,1000,284.5076,23,0.46,,0,5,8,1.299,3,1908,0.5363,766.1,824,0,0.013256,0.410787,-15.098233,274000,4583.6
275,1000,273.0518,24,0.48,,0,5,8,1.2247,2,1624,0.6042,906.6,786,0,0.013378,0.577973,-15.214199,275000,4600.5
276,1000,208.7325,19,0.38,,0,4,5,0.433,2,2223,0.593,846.0,313,0,0.013227,0.451878,-15.820451,276000,4617.1
277,1000,90.9787,15,0.3,,0,2,5,1.299,0,2263,0.725,974.1,207,0,0.013147,1.264664,-16.165897,277000,4633.4
278,1000,301.5742,24,0.48,,0,5,9,1.7321,3,1676,0.508,938.0,805,0,0.013075,0.444779,-16.080811,278000,4649.9
279,1000,291.029,24,0.48,,0,3,8,1.8708,3,1754,0.6085,891.1,814,0,0.012983,0.837439,-15.295423,279000,4666.4
280,1000,261.9976,25,0.5,,0,5,9,1.6394,2,2014,0.635,758.6,997,0,0.013105,0.27922,-14.624567,280000,4683.2
281,1000,230.5232,20,0.4,,0,5,5,0.0,2,1846,0.5753,986.6,728,0,0.012918,0.994552,-14.962496,281000,4699.9
282,1000,301.5883,22,0.44,,0,4,8,1.5,3,1065,0.5405,811.3,610,0,0.013012,0.363839,-15.453828,282000,4716.5
283,1000,205.0773,21,0.42,,0,3,9,2.2776,1,1505,0.6342,919.6,999,0,0.013036,1.268076,-15.381554,283000,4733.1
284,1000,201.4283,20,0.4,,0,5,5,0.0,1,1728,0.4995,735.1,616,0,0.013069,0.723862,-14.269333,284000,4750.3
285,1000,176.2547,17,0.34,,0,3,6,1.0897,1,605,0.4765,799.3,815,0,0.012946,0.341883,-15.260772,285000,4766.9
286,1000,146.4087,17,0.34,,0,3,5,0.8292,1,2358,0.704,934.5,273,0,0.012859,0.626724,-14.759292,286000,4784.1
287,1000,350.3609,28,0.56,,0,5,8,1.2247,3,1458,0.66,778.4,983,0,0.013212,0.678313,-14.468779,287000,4800.6
288,1000,210.2323,22,0.44,,0,4,8,1.5,1,2067,0.5595,664.4,994,0,0.013165,0.702915,-14.687313,288000,4817.6
289,1000,155.6354,16,0.32,,0,1,5,1.7321,1,1603,0.4883,667.2,185,0,0.012991,0.569173,-14.334059,289000,4834.1
290,1000,99.029,15,0.3,,0,2,5,1.299,0,1836,0.7268,971.0,866,0,0.013021,1.08127,-15.360693,290000,4851.0
291,1000,246.5093,22,0.44,,0,5,7,0.866,2,1853,0.647,993.6,941,0,0.013345,0.642225,-14.733831,291000,4867.4
292,1000,194.0083,19,0.38,,0,4,6,0.8292,2,2347,0.6522,750.4,256,0,0.013458,0.534158,-15.71199,292000,4884.4
293,1000,174.8533,18,0.36,,0,3,6,1.118,1,1553,0.4355,697.2,523,0,0.013439,0.980221,-15.007263,293000,4901.4
294,1000,236.5218,21,0.42,,0,3,8,1.7854,2,1644,0.502,824.5,748,0,0.013311,0.678795,-15.508399,294000,4918.0
295,1000,94.8251,16,0.32,,0,2,5,1.2247,0,2458,0.7268,1073.5,690,0,0.013563,0.70331,-14.054146,295000,4935.3
296,1000,198.444,19,0.38,,0,3,6,1.0897,2,2340,0.608,915.9,880,0,0.013301,0.730133,-14.764851,296000,4952.5
297,1000,344.0671,27,0.54,,0,4,9,2.2776,3,1301,0.6783,829.5,934,0,0.013029,0.444456,-14.203404,297000,4969.3
298,1000,351.0288,26,0.52,,0,5,9,1.6583,4,1956,0.6675,1073.5,552,0,0.013097,0.656426,-14.502788,298000,4985.9
299,1000,238.473,21,0.42,,0,3,7,1.7854,2,1505,0.605,825.5,992,0,0.012912,0.287731,-13.532333,299000,5002.8
300,1000,252.8492,22,0.44,,0,4,8,1.5,2,1599,0.5657,786.8,843,0,0.013178,0.589911,-14.301802,300000,5019.3
301,1000,360.6214,28,0.56,,0,5,10,2.1213,3,1235,0.5883,933.7,980,0,0.013174,0.493295,-14.72489,301000,5055.5
302,1000,363.4265,26,0.52,,0,5,8,1.5,4,1177,0.5903,931.1,845,0,0.013361,0.642258,-14.960381,302000,5072.1
303,1000,294.8152,24,0.48,,0,5,9,1.7321,3,1589,0.5308,845.7,954,0,0.013417,0.538153,-14.412246,303000,5088.1
304,1000,325.3755,23,0.46,,0,5,8,1.299,4,1649,0.5162,869.2,986,0,0.013025,0.93057,-14.367628,304000,5104.7
305,1000,165.8836,17,0.34,,0,3,5,0.8292,1,1361,0.5647,657.8,387,0,0.013144,0.684809,-14.03327,305000,5121.4
306,1000,293.3438,23,0.46,,0,4,9,1.9203,3,1272,0.5292,718.4,778,0,0.013092,0.606108,-14.620092,306000,5138.1
307,1000,312.7374,24,0.48,,0,3,10,2.5495,3,1350,0.4313,656.1,970,0,0.012948,0.756033,-13.793956,307000,5155.3
308,1000,222.9435,20,0.4,,0,4,7,1.2247,2,1290,0.5292,699.2,848,0,0.013039,0.575238,-13.970264,308000,5172.1
309,1000,361.8212,29,0.58,,0,5,10,1.9203,3,1393,0.6222,972.4,908,0,0.012952,0.718315,-13.963528,309000,5188.5
310,1000,208.9833,22,0.44,,0,4,8,1.5,1,1828,0.5308,778.6,703,0,0.012878,0.75736,-13.58326,310000,5205.6
311,1000,213.3809,21,0.42,,0,5,6,0.433,1,1425,0.6877,806.4,732,0,0.013028,0.483208,-13.793369,311000,5222.6
312,1000,241.047,21,0.42,,0,3,7,1.479,2,1011,0.5935,1073.5,746,0,0.012913,0.697822,-13.209596,312000,5238.9
313,1000,285.9168,24,0.48,,0,5,9,1.7321,2,1315,0.6613,910.1,615,0,0.013156,0.55562,-13.582593,313000,5255.4
314,1000,372.085,27,0.54,,0,5,9,1.7854,4,1365,0.5455,767.8,740,0,0.013272,0.575037,-12.61717,314000,5272.6
315,1000,255.8026,22,0.44,,0,5,6,0.5,2,1302,0.4955,718.3,886,0,0.013301,0.534466,-13.200636,315000,5289.1
316,1000,231.2793,20,0.4,,0,5,5,0.0,2,1619,0.638,952.6,662,0,0.013193,0.405875,-13.256054,316000,5306.3
317,1000,281.971,24,0.48,,0,5,9,1.7321,2,772,0.5125,773.0,997,0,0.013719,0.784331,-13.489005,317000,5323.6
318,1000,350.7075,24,0.48,,0,4,10,2.3452,4,709,0.4848,700.2,663,0,0.013608,0.695718,-13.896555,318000,5340.7
319,1000,315.1516,26,0.52,,0,4,10,2.2913,2,825,0.615,983.4,955,0,0.013268,0.418027,-13.420172,319000,5357.2
320,1000,272.8923,24,0.48,,0,5,8,1.2247,2,1558,0.6815,881.3,882,0,0.013032,0.350691,-13.047873,320000,5373.6
321,1000,176.6539,19,0.38,,0,3,6,1.0897,1,1920,0.6843,916.8,951,0,0.013042,0.21535,-12.987312,321000,5389.5
322,1000,264.6087,23,0.46,,0,4,7,1.299,2,1528,0.5265,772.3,831,0,0.012991,0.368274,-13.001322,322000,5406.0
323,1000,304.1478,23,0.46,,0,3,8,1.9203,3,1018,0.6062,823.2,647,0,0.013127,1.157516,-12.668934,323000,5421.8
324,1000,171.4068,18,0.36,,0,3,6,1.118,1,1434,0.4773,671.4,684,0,0.012896,0.318782,-12.27547,324000,5438.4
325,1000,223.3813,21,0.42,,0,4,7,1.0897,2,2056,0.6793,745.0,510,0,0.012797,0.757536,-13.050827,325000,5454.7
326,1000,266.528,20,0.4,,0,4,6,0.7071,3,1269,0.4888,685.7,819,0,0.012744,0.986272,-12.884281,326000,5471.2
327,1000,319.8691,25,0.5,,0,5,9,1.6394,3,1642,0.6707,792.9,797,0,0.013073,0.528761,-12.776594,327000,5487.4
328,1000,248.418,22,0.44,,0,3,9,2.1794,2,1417,0.6252,914.6,948,0,0.012672,0.683749,-13.420276,328000,5504.0
329,1000,207.3782,22,0.44,,0,4,9,2.0616,1,1627,0.5415,596.9,721,0,0.012571,0.760486,-12.228028,329000,5520.6
330,1000,358.4357,26,0.52,,0,5,8,1.118,4,1593,0.6008,1023.8,849,0,0.012499,0.589764,-13.335306,330000,5537.8
331,1000,106.0335,17,0.34,,0,3,5,0.8292,0,2400,0.7238,966.7,975,0,0.012697,0.658157,-12.132554,331000,5554.6
332,1000,330.2345,27,0.54,,0,5,9,1.479,3,1638,0.6338,886.5,808,0,0.013086,0.408011,-12.676933,332000,5571.2
333,1000,204.6301,21,0.42,,0,4,9,2.1651,1,589,0.4993,661.2,843,0,0.012726,0.521537,-11.344011,333000,5588.1
334,1000,243.7312,21,0.42,,0,4,7,1.0897,2,1364,0.5513,806.5,570,0,0.012857,0.758693,-11.119362,334000,5604.4
335,1000,294.4784,26,0.52,,0,5,9,1.6583,2,1418,0.6148,875.4,964,0,0.012806,0.407603,-12.135595,335000,5620.9
336,1000,341.2849,24,0.48,,0,5,7,1.0,4,1345,0.5683,936.0,741,0,0.012442,0.464759,-12.57782,336000,5637.2
337,1000,252.0577,24,0.48,,0,3,8,2.1213,2,2202,0.6723,851.7,747,0,0.012331,0.902122,-11.227322,337000,5654.0
338,1000,177.1502,18,0.36,,0,4,5,0.5,1,1314,0.6002,883.6,680,0,0.01278,0.715941,-12.309801,338000,5670.6
339,1000,256.0305,22,0.44,,0,4,8,1.6583,2,1114,0.555,1042.0,936,0,0.012527,0.623762,-13.453596,339000,5687.3
340,1000,280.2771,23,0.46,,0,4,10,2.4875,2,801,0.4713,786.8,538,0,0.012674,0.639937,-11.635704,340000,5704.3
341,1000,292.2721,24,0.48,,0,4,10,2.3452,3,1873,0.5188,773.5,798,0,0.012692,0.495552,-13.189511,341000,5721.2
342,1000,325.457,26,0.52,,0,5,10,2.0616,3,1697,0.6488,962.0,934,0,0.012811,0.565645,-11.143573,342000,5737.9
343,1000,256.5713,22,0.44,,0,3,9,2.1794,2,1249,0.5883,775.3,902,0,0.012615,0.793906,-12.485737,343000,5754.3
344,1000,239.1605,22,0.44,,0,4,8,1.5,2,1951,0.6362,1072.3,741,0,0.012246,0.258889,-11.990929,344000,5770.9
345,1000,296.2423,24,0.48,,0,4,8,1.5811,3,1873,0.4783,828.1,463,0,0.012217,0.35231,-12.228344,345000,5787.3
346,1000,340.8223,27,0.54,,0,3,9,2.2776,3,1021,0.603,947.9,929,0,0.012376,0.299372,-13.278472,346000,5803.7
347,1000,338.5231,26,0.52,,0,4,10,2.2913,3,804,0.582,714.2,681,0,0.012594,0.818429,-12.757216,347000,5820.7
348,1000,246.6324,22,0.44,,0,5,6,0.5,2,1487,0.4878,859.0,945,0,0.012329,0.927768,-12.273945,348000,5837.7
349,1000,262.7691,23,0.46,,0,4,8,1.479,2,1423,0.515,780.3,977,0,0.01243,0.66821,-12.156262,349000,5854.5
350,1000,285.4038,24,0.48,,0,4,10,2.4495,2,938,0.5308,902.6,712,0,0.012606,0.367758,-11.993773,350000,5871.0
351,1000,316.7435,26,0.52,,0,5,10,2.0616,3,1794,0.6817,812.1,978,0,0.012554,0.759404,-11.914471,351000,5907.7
352,1000,262.0942,20,0.4,,0,3,6,1.2247,3,1820,0.6315,883.9,894,0,0.012463,0.541737,-12.499309,352000,5924.7
353,1000,319.0769,26,0.52,,0,5,8,1.5,3,1674,0.6158,986.1,989,0,0.012551,0.70345,-11.027234,353000,5941.7
354,1000,348.8241,25,0.5,,0,5,9,1.6394,4,1451,0.6045,975.2,991,0,0.012565,0.660487,-11.625832,354000,5958.5
355,1000,264.6241,22,0.44,,0,4,7,1.118,2,944,0.4828,806.6,986,0,0.012292,0.577016,-11.748196,355000,5975.2
356,1000,153.2811,17,0.34,,0,2,5,1.299,1,1946,0.5865,854.7,850,0,0.011978,0.379453,-12.088028,356000,5991.9
357,1000,107.7793,14,0.28,,0,2,5,1.118,1,2481,0.5373,648.1,265,0,0.012053,0.7363,-12.74078,357000,6008.7
358,1000,289.3045,22,0.44,,0,5,6,0.5,3,1514,0.5387,912.9,999,0,0.012208,0.870026,-12.756916,358000,6025.3
359,1000,250.7648,22,0.44,,0,4,8,1.5,2,1613,0.5507,877.0,994,0,0.011908,0.602158,-12.23436,359000,6041.8
360,1000,191.4183,18,0.36,,0,2,6,1.6583,2,2043,0.6617,981.6,997,0,0.011743,0.636696,-11.84269,360000,6058.6
361,1000,342.4561,28,0.56,,0,5,9,2.0,3,1509,0.6315,953.9,822,0,0.011684,0.477359,-11.43025,361000,6075.6
362,1000,343.0904,27,0.54,,0,4,10,2.3848,3,1293,0.521,827.9,944,0,0.011859,0.619262,-11.723706,362000,6092.0
363,1000,359.1582,26,0.52,,0,5,8,1.5,4,1319,0.566,808.7,609,0,0.011718,0.457769,-12.083258,363000,6108.4
364,1000,190.5891,21,0.42,,0,4,7,1.0897,1,2126,0.6855,805.7,521,0,0.011827,0.419158,-11.611875,364000,6125.4
365,1000,184.2137,19,0.38,,0,4,5,0.433,1,1499,0.6532,1069.8,761,0,0.01171,0.546368,-11.706696,365000,6142.0
366,1000,244.4926,22,0.44,,0,5,6,0.5,2,1662,0.6478,865.6,479,0,0.011799,0.784979,-12.111194,366000,6158.3
367,1000,107.1252,15,0.3,,0,1,5,1.6394,0,1092,0.466,600.2,879,0,0.012062,0.648302,-12.09034,367000,6175.1
368,1000,92.8484,15,0.3,,1,0,5,2.1651,0,2509,0.6152,957.7,415,0,0.012047,0.621278,-11.17382,368000,6191.2
369,1000,284.168,26,0.52,,0,4,9,2.5,2,1535,0.5403,833.2,978,0,0.011968,0.686643,-11.685143,369000,6207.8
370,1000,238.4589,21,0.42,,0,5,6,0.433,2,1538,0.5667,729.1,757,0,0.011987,0.384711,-11.80777,370000,6224.1
371,1000,339.9762,27,0.54,,0,3,10,3.2692,3,1524,0.6733,870.9,997,0,0.011972,0.770498,-11.227762,371000,6241.3
372,1000,239.7394,21,0.42,,0,4,6,0.8292,2,1644,0.653,972.4,957,0,0.011908,0.493436,-12.071346,372000,6258.7
373,1000,214.7957,19,0.38,,0,4,6,0.8292,2,1573,0.514,796.7,346,0,0.012107,0.316795,-11.564783,373000,6275.7
374,1000,111.8878,16,0.32,,0,2,5,1.2247,0,1630,0.4602,663.3,554,0,0.01187,0.737605,-12.435646,374000,6292.8
375,1000,344.7628,26,0.52,,0,5,7,0.866,3,1080,0.5152,778.5,964,0,0.011823,0.240981,-11.796803,375000,6309.3
376,1000,195.567,19,0.38,,0,4,5,0.433,1,776,0.5075,723.8,975,0,0.011892,0.518637,-11.64426,376000,6325.9
377,1000,349.4705,28,0.56,,0,5,8,1.2247,3,1238,0.6713,980.2,800,0,0.011752,0.453429,-12.252573,377000,6342.4
378,1000,316.1432,26,0.52,,0,5,9,1.6583,3,1889,0.5948,913.7,839,0,0.011816,0.585396,-11.268187,378000,6358.7
379,1000,231.6868,22,0.44,,0,4,8,1.5,1,798,0.518,776.2,726,0,0.011818,0.426997,-11.930606,379000,6375.2
380,1000,279.7513,21,0.42,,0,5,6,0.433,3,876,0.439,703.7,903,0,0.011977,0.591151,-12.65633,380000,6391.5
381,1000,299.6792,27,0.54,,0,4,10,2.3848,2,1846,0.6813,853.2,992,0,0.011824,0.35451,-11.994427,381000,6408.0
382,1000,269.7433,22,0.44,,0,4,7,1.118,3,1975,0.549,871.9,587,0,0.012009,0.981536,-12.098488,382000,6424.9
383,1000,264.4104,25,0.5,,0,5,8,1.299,2,2075,0.5178,701.2,918,0,0.01207,0.542858,-11.996336,383000,6441.7
384,1000,251.6794,24,0.48,,0,4,9,1.8708,2,1882,0.6795,788.5,885,0,0.011935,0.397076,-12.469177,384000,6458.1
385,1000,269.4537,25,0.5,,0,5,9,1.6394,2,2027,0.6955,914.4,683,0,0.011803,0.337036,-12.896297,385000,6474.9
386,1000,384.888,30,0.6,,0,5,10,2.0616,3,923,0.5855,1001.0,979,0,0.011467,0.319215,-11.815267,386000,6491.6
387,1000,332.8323,26,0.52,,0,5,9,1.6583,3,1320,0.5825,899.3,909,0,0.011279,0.428747,-12.083729,387000,6508.3
388,1000,179.2332,19,0.38,,0,4,5,0.433,1,1656,0.5593,730.9,582,0,0.011395,0.519686,-12.128178,388000,6524.4
389,1000,170.8628,18,0.36,,0,4,5,0.5,1,1762,0.6452,885.1,655,0,0.011497,0.947947,-12.557944,389000,6541.1
390,1000,204.644,19,0.38,,0,4,5,0.433,2,2261,0.6325,916.8,329,0,0.011492,0.719389,-11.495592,390000,6557.7
391,1000,266.836,21,0.42,,0,5,6,0.433,3,1968,0.6462,1019.4,483,0,0.01119,0.569968,-12.226812,391000,6574.4
392,1000,296.1696,26,0.52,,0,4,9,2.0616,2,1169,0.6375,908.3,999,0,0.011056,0.480548,-12.918003,392000,6590.7
393,1000,252.388,22,0.44,,0,5,7,0.866,2,1456,0.4905,921.7,925,0,0.01116,0.53163,-12.400742,393000,6607.4
394,1000,363.8836,26,0.52,,0,5,9,1.6583,4,1193,0.623,900.2,938,0,0.011338,0.266987,-11.473582,394000,6624.1
395,1000,248.174,22,0.44,,0,4,8,1.5,2,1639,0.5913,756.9,622,0,0.011576,0.695379,-10.892391,395000,6641.0
396,1000,352.4007,28,0.56,,0,5,10,2.1213,3,1267,0.6085,815.3,794,0,0.011791,0.751004,-12.116334,396000,6657.4
397,1000,245.1355,20,0.4,,0,5,5,0.0,2,724,0.5132,928.4,743,0,0.011682,0.323769,-12.206486,397000,6674.1
398,1000,325.6661,26,0.52,,0,5,10,2.0616,3,1577,0.4763,766.6,865,0,0.011475,0.722332,-11.680348,398000,6691.1
399,1000,177.3804,19,0.38,,0,4,6,0.8292,1,1902,0.6937,734.1,764,0,0.0116,0.603057,-12.274302,399000,6708.0
400,1000,237.5978,21,0.42,,0,4,7,1.0897,2,1458,0.5737,699.1,687,0,0.011605,0.542874,-12.064211,400000,6724.2
401,1000,308.6754,26,0.52,,0,5,10,2.0616,2,813,0.624,888.6,970,0,0.011798,0.374199,-11.156816,401000,6760.4
402,1000,176.9709,19,0.38,,0,4,5,0.433,1,1673,0.6052,729.1,223,0,0.011637,0.619066,-11.768932,402000,6777.3
403,1000,321.2888,26,0.52,,0,4,10,2.2913,3,1791,0.58,936.4,960,0,0.011759,0.349989,-10.947364,403000,6793.8
404,1000,260.7756,23,0.46,,0,5,8,1.299,2,1365,0.5925,851.1,965,0,0.011521,0.479454,-12.785501,404000,6809.6
405,1000,349.0773,28,0.56,,0,5,10,2.1213,3,1784,0.676,961.2,885,0,0.011464,0.464078,-12.607416,405000,6826.0
406,1000,299.3744,24,0.48,,0,5,8,1.2247,3,1759,0.605,880.3,867,0,0.011523,0.446719,-10.78091,406000,6843.4
407,1000,224.0956,22,0.44,,0,4,9,2.0616,1,960,0.4888,848.0,673,0,0.011428,0.560602,-11.88098,407000,6860.6
408,1000,207.4567,20,0.4,,0,4,6,0.7071,2,2103,0.6482,829.3,501,0,0.01133,1.193067,-11.392656,408000,6877.0
409,1000,251.7779,22,0.44,,0,5,7,0.866,2,1808,0.6438,981.1,968,0,0.011268,0.622675,-11.981631,409000,6893.8
410,1000,272.4949,23,0.46,,0,4,9,1.9203,2,597,0.4585,1073.5,976,0,0.011489,0.367372,-12.019588,410000,6910.4
411,1000,318.9064,25,0.5,,0,5,9,1.6394,3,1517,0.5425,877.5,550,0,0.011714,0.699917,-12.201276,411000,6927.2
412,1000,239.3851,20,0.4,,0,5,5,0.0,2,704,0.4535,594.1,767,0,0.011693,0.402629,-11.585708,412000,6944.2
413,1000,257.1327,23,0.46,,0,5,8,1.299,2,1617,0.6573,837.5,991,0,0.011763,0.611951,-11.93516,413000,6961.4
414,1000,227.9671,21,0.42,,0,4,6,0.8292,2,1863,0.6552,883.2,820,0,0.011268,0.780493,-11.382151,414000,6978.3
415,1000,330.2926,26,0.52,,0,5,10,2.0616,3,1213,0.5248,821.1,722,0,0.011333,0.472614,-11.557615,415000,6995.0
416,1000,306.2761,25,0.5,,0,5,8,1.299,3,1790,0.6162,874.1,957,0,0.011589,0.616176,-12.717316,416000,7011.8
417,1000,322.3601,27,0.54,,0,5,9,1.7854,3,1791,0.6382,959.6,968,0,0.011258,0.436737,-11.046877,417000,7027.9
418,1000,238.717,21,0.42,,0,3,7,1.479,3,2658,0.6737,719.8,975,0,0.011396,0.523921,-11.719166,418000,7044.0
419,1000,162.4044,18,0.36,,0,4,5,0.5,1,1812,0.6705,761.1,509,0,0.01136,0.271596,-10.747175,419000,7059.9
420,1000,248.6766,22,0.44,,0,4,8,1.5,2,1700,0.6182,728.6,982,0,0.01125,0.366702,-12.169947,420000,7076.0
421,1000,199.761,19,0.38,,0,3,6,1.0897,2,2217,0.652,793.5,656,0,0.011255,0.659402,-12.337889,421000,7091.7
422,1000,199.501,21,0.42,,0,2,9,2.4875,1,1804,0.6987,998.4,628,0,0.011328,0.537403,-12.273506,422000,7108.2
423,1000,244.8773,22,0.44,,0,4,7,1.118,2,1648,0.5295,728.7,894,0,0.011145,1.304037,-11.214275,423000,7125.0
424,1000,315.6341,25,0.5,,0,4,9,1.9203,3,1327,0.5218,819.0,706,0,0.011206,0.452738,-11.92714,424000,7142.3
425,1000,243.6941,21,0.42,,0,4,7,1.0897,2,1513,0.5072,703.0,835,0,0.011196,0.464857,-13.059475,425000,7159.1
426,1000,115.5057,16,0.32,,0,3,5,1.0,0,1823,0.6587,952.2,621,0,0.011148,0.258808,-12.880621,426000,7175.7
427,1000,346.3049,29,0.58,,0,5,9,1.7854,3,1742,0.662,923.0,989,0,0.010861,0.350295,-12.034439,427000,7192.7
428,1000,293.3785,26,0.52,,0,4,9,2.0616,2,1622,0.5675,839.4,971,0,0.01082,0.946974,-12.712401,428000,7209.1
429,1000,129.01,16,0.32,,0,1,5,1.7321,1,2241,0.7013,1041.3,570,0,0.011055,0.479419,-12.258674,429000,7225.9
430,1000,292.3363,25,0.5,,0,3,9,2.3848,2,1442,0.6332,961.6,924,0,0.011027,0.533506,-12.121391,430000,7242.4
431,1000,215.5162,19,0.38,,0,4,5,0.433,2,1845,0.6442,885.0,450,0,0.01107,1.073058,-11.740892,431000,7258.8
432,1000,116.2556,17,0.34,,0,2,5,1.299,0,2388,0.723,966.1,401,0,0.01117,0.645172,-13.919288,432000,7275.6
433,1000,256.3077,21,0.42,,0,5,6,0.433,3,1914,0.5042,952.9,908,0,0.011461,0.524456,-12.099501,433000,7292.8
434,1000,269.2223,24,0.48,,0,5,7,1.0,2,2010,0.4078,718.3,994,0,0.011144,0.381826,-13.067696,434000,7309.4
435,1000,66.5296,14,0.28,,0,2,5,1.5,0,2923,0.7163,957.2,291,0,0.011202,0.33692,-13.239335,435000,7326.1
436,1000,110.1503,17,0.34,,0,2,5,1.299,0,2184,0.7272,1073.5,941,0,0.01101,0.503829,-13.351555,436000,7342.6
437,1000,134.942,16,0.32,,0,3,5,1.0,1,2398,0.5335,749.2,480,0,0.011221,0.682439,-13.76449,437000,7359.4
438,1000,210.8876,20,0.4,,0,5,5,0.0,2,2036,0.7117,979.6,423,0,0.011037,0.368058,-13.427999,438000,7376.2
439,1000,31.3623,11,0.22,,0,1,5,1.479,0,2964,0.6617,701.0,673,0,0.011151,0.312928,-12.305246,439000,7392.7
440,1000,214.7579,21,0.42,,0,4,7,1.0897,1,1411,0.4002,727.1,1000,0,0.011498,0.315774,-14.52005,440000,7409.4
441,1000,343.4677,27,0.54,,0,5,9,1.7854,3,1205,0.6355,973.5,992,0,0.011156,0.741867,-13.668037,441000,7426.2
442,1000,379.7621,29,0.58,,0,5,9,1.479,4,1832,0.5955,1011.6,854,0,0.01105,0.438076,-12.495941,442000,7443.2
443,1000,211.6478,19,0.38,,0,4,5,0.433,2,1761,0.5613,797.9,858,0,0.011162,0.337489,-13.81612,443000,7460.1
444,1000,282.1062,23,0.46,,0,3,9,2.1651,3,1923,0.627,910.0,936,0,0.011439,0.596423,-13.260461,444000,7477.0
445,1000,256.434,21,0.42,,0,5,6,0.433,3,2333,0.5038,804.1,735,0,0.011127,0.71975,-12.811455,445000,7493.5
446,1000,79.3398,16,0.32,,0,3,5,1.0,0,3168,0.723,872.8,194,0,0.011023,0.686534,-12.372114,446000,7510.3
447,1000,275.265,24,0.48,,0,4,9,1.8708,2,1143,0.4833,715.0,592,0,0.011106,0.748843,-12.932594,447000,7526.9
448,1000,452.3032,31,0.62,,0,5,10,2.2776,5,1553,0.6335,968.3,985,0,0.011047,0.541194,-13.215558,448000,7543.2
449,1000,142.2,18,0.36,,0,4,5,0.5,0,1261,0.4045,735.2,916,0,0.011001,0.277933,-13.803904,449000,7560.0
450,1000,352.8453,27,0.54,,0,5,10,2.0463,3,1049,0.6418,856.8,866,0,0.010906,0.378205,-12.459707,450000,7576.8
451,1000,275.4767,25,0.5,,0,5,10,2.1651,2,1785,0.6385,967.4,823,0,0.01096,0.537438,-13.450288,451000,7613.5
452,1000,300.1687,27,0.54,,0,5,10,2.0463,2,2052,0.6865,897.3,996,0,0.011194,0.504563,-13.289062,452000,7629.8
453,1000,302.16,25,0.5,,0,5,10,2.1651,3,2153,0.6385,849.9,950,0,0.011127,0.560021,-12.366376,453000,7646.1
454,1000,307.0778,25,0.5,,0,5,8,1.299,3,1767,0.611,789.0,999,0,0.01107,0.5369,-12.660434,454000,7662.2
455,1000,240.421,22,0.44,,0,4,8,1.6583,2,1966,0.498,769.0,347,0,0.010978,0.301506,-12.637302,455000,7679.0
456,1000,193.8652,21,0.42,,0,4,8,1.6394,1,1481,0.536,827.3,844,0,0.011071,0.277383,-12.678513,456000,7695.8
457,1000,224.2834,20,0.4,,0,5,5,0.0,2,1727,0.5192,717.8,870,0,0.010993,0.451796,-12.723381,457000,7712.7
458,1000,307.585,25,0.5,,0,4,10,2.2776,3,1502,0.6188,1000.3,917,0,0.010865,0.459418,-13.315973,458000,7729.5
459,1000,330.3938,27,0.54,,0,4,10,2.1651,3,1565,0.6535,736.8,827,0,0.010951,0.447669,-12.275999,459000,7746.0
460,1000,290.1416,23,0.46,,0,5,6,0.433,3,1611,0.675,1015.5,616,0,0.010826,0.321713,-12.376642,460000,7762.7
461,1000,255.2598,22,0.44,,0,3,7,1.6583,2,1360,0.673,976.4,905,0,0.010801,0.574059,-12.60904,461000,7779.4
462,1000,257.675,23,0.46,,0,5,8,1.299,2,1554,0.6,873.7,619,0,0.011097,0.625456,-13.609334,462000,7796.0
463,1000,237.4908,21,0.42,,0,4,7,1.0897,2,1514,0.6388,830.4,895,0,0.010997,0.496382,-13.098864,463000,7812.9
464,1000,266.3535,23,0.46,,0,5,8,1.299,2,1380,0.6058,719.7,698,0,0.010589,0.606359,-13.31208,464000,7829.7
465,1000,246.7829,23,0.46,,0,5,7,0.8292,2,2042,0.6265,839.3,988,0,0.010735,0.588398,-12.753548,465000,7846.1
466,1000,260.0797,24,0.48,,0,4,8,1.5811,2,1782,0.6555,880.2,924,0,0.010655,0.775323,-12.518323,466000,7862.6
467,1000,273.5048,21,0.42,,0,4,6,0.8292,3,1640,0.5547,913.4,961,0,0.010666,0.647988,-12.341878,467000,7879.1
468,1000,363.8937,29,0.58,,0,5,10,2.2776,3,1198,0.638,953.3,900,0,0.01089,0.400118,-12.183038,468000,7895.1
469,1000,241.3376,21,0.42,,0,4,8,1.6394,2,1599,0.6903,960.0,973,0,0.010739,0.510466,-12.394306,469000,7911.7
470,1000,277.6763,22,0.44,,0,4,7,1.118,3,1830,0.6627,922.5,585,0,0.010637,0.667899,-13.022048,470000,7928.3
471,1000,321.5949,25,0.5,,0,4,9,1.9203,3,1314,0.6422,765.2,680,0,0.010748,0.503247,-12.413902,471000,7944.2
472,1000,249.0136,23,0.46,,0,4,8,1.7854,2,1731,0.5122,883.8,643,0,0.010529,0.287302,-13.806038,472000,7960.8
473,1000,314.7575,26,0.52,,0,4,10,2.2913,3,1650,0.673,1073.5,678,0,0.010587,0.282077,-12.392793,473000,7977.9
474,1000,123.7339,17,0.34,,0,3,5,0.8292,0,1886,0.6715,884.5,258,0,0.010813,0.465885,-12.321369,474000,7994.5
475,1000,279.4328,24,0.48,,0,4,8,1.5811,2,711,0.6098,834.7,804,0,0.010888,0.387048,-13.367763,475000,8011.2
476,1000,215.3856,19,0.38,,0,4,5,0.433,2,1830,0.4708,692.1,395,0,0.010725,0.612788,-12.835213,476000,8028.2
477,1000,347.4467,28,0.56,,0,3,9,2.4495,3,1331,0.6208,1073.5,901,0,0.010647,0.584569,-12.973141,477000,8044.7
478,1000,305.7121,24,0.48,,0,5,9,1.7321,3,1746,0.6228,869.7,889,0,0.01056,0.849797,-13.123342,478000,8061.2
479,1000,283.1115,25,0.5,,0,4,10,2.2776,2,1079,0.528,880.2,879,0,0.010411,0.611864,-12.566861,479000,8077.9
480,1000,380.7756,30,0.6,,0,4,10,2.1794,3,1042,0.6495,786.5,891,0,0.010491,0.812702,-12.632309,480000,8094.5
481,1000,225.9557,20,0.4,,0,4,6,0.7071,2,1620,0.5703,819.5,490,0,0.01048,0.748785,-13.119452,481000,8111.3
482,1000,94.8439,16,0.32,,0,3,5,1.0,0,2413,0.722,825.6,884,0,0.010433,0.652417,-12.577611,482000,8128.3
483,1000,197.4562,18,0.36,,0,4,5,0.5,2,1584,0.5677,879.5,655,0,0.010471,0.342018,-12.793936,483000,8145.3
484,1000,240.4408,21,0.42,,0,4,7,1.299,2,975,0.685,849.8,982,0,0.010441,1.091739,-12.159494,484000,8161.9
485,1000,360.6184,26,0.52,,0,5,9,1.5,4,1581,0.5697,753.0,996,0,0.010567,0.31307,-12.019833,485000,8178.7
486,1000,263.5294,21,0.42,,0,4,6,0.8292,3,1787,0.564,648.5,490,0,0.010609,0.479436,-12.52622,486000,8195.4
487,1000,255.9142,24,0.48,,0,5,7,1.0,2,2390,0.6815,773.1,926,0,0.010447,0.713423,-13.228265,487000,8211.8
488,1000,311.4159,24,0.48,,0,4,8,1.4142,3,934,0.4968,787.4,424,0,0.010479,0.402599,-11.759817,488000,8228.2
489,1000,360.2517,27,0.54,,0,5,9,1.7854,4,1812,0.6837,816.3,994,0,0.010476,0.616105,-13.308681,489000,8245.0
490,1000,142.3676,15,0.3,,0,3,5,0.8292,1,1125,0.5285,729.0,369,0,0.01054,0.635465,-12.688786,490000,8262.0
491,1000,322.715,24,0.48,,0,5,7,1.0,4,1892,0.6438,955.6,945,0,0.010498,0.473519,-13.054844,491000,8278.6
492,1000,188.7946,20,0.4,,0,4,8,1.7321,1,1344,0.5485,796.1,633,0,0.010306,0.579139,-12.558,492000,8295.0
493,1000,333.8366,28,0.56,,0,4,10,2.5495,3,1947,0.6295,944.3,625,0,0.010585,0.32729,-12.070808,493000,8311.4
494,1000,260.0745,23,0.46,,0,4,8,1.7854,2,1498,0.4447,793.8,835,0,0.010552,0.431649,-12.809568,494000,8328.2
495,1000,289.4219,25,0.5,,0,4,9,2.2776,2,905,0.3992,905.4,854,0,0.010546,0.295991,-12.124883,495000,8344.5
496,1000,236.937,20,0.4,,0,3,7,1.4142,2,1441,0.4943,943.1,954,0,0.010413,0.606121,-12.457436,496000,8361.4
497,1000,240.3382,21,0.42,,0,4,7,1.0897,2,1143,0.467,866.9,825,0,0.010527,0.503771,-11.603411,497000,8378.0
498,1000,286.8405,25,0.5,,0,5,8,1.299,2,1311,0.6633,917.8,901,0,0.010597,0.568064,-13.347073,498000,8394.7
499,1000,266.0243,23,0.46,,0,4,8,1.479,2,1194,0.505,835.2,878,0,0.010965,0.404893,-12.191056,499000,8411.7
500,1000,226.3029,20,0.4,,0,3,7,1.4142,2,1502,0.5503,775.1,575,0,0.010698,0.387076,-12.887198,500000,8428.4
501,1000,288.7851,22,0.44,,0,4,7,1.118,3,1545,0.635,941.7,832,0,0.010871,0.412738,-13.284897,501000,8464.8
502,1000,264.7523,22,0.44,,0,4,8,1.5,2,943,0.482,702.2,818,0,0.010823,0.480592,-12.666117,502000,8482.0
503,1000,281.7248,25,0.5,,0,4,9,2.2776,2,556,0.4597,774.1,746,0,0.010706,0.283347,-12.511486,503000,8498.6
504,1000,192.1914,19,0.38,,0,4,6,0.8292,2,1435,0.234,653.3,982,0,0.010882,0.537186,-13.272076,504000,8514.9
505,1000,149.2591,18,0.36,,0,4,5,0.5,0,272,0.2823,701.2,936,0,0.010878,0.400261,-12.414955,505000,8531.6
506,1000,323.5517,24,0.48,,0,5,7,0.7071,4,1838,0.525,797.9,908,0,0.010988,0.660548,-12.72002,506000,8548.5
507,1000,166.8597,17,0.34,,0,3,5,0.8292,1,1376,0.659,711.7,839,0,0.010714,0.419815,-12.891365,507000,8565.4
508,1000,280.1973,22,0.44,,0,4,7,1.118,3,1859,0.6525,997.9,545,0,0.010704,0.296176,-12.473964,508000,8581.9
509,1000,415.9937,31,0.62,,0,5,9,1.6394,4,1219,0.6275,802.6,993,0,0.010861,0.326403,-11.948485,509000,8598.4
510,1000,332.0945,27,0.54,,0,5,10,2.0463,3,1632,0.598,1065.9,720,0,0.010833,0.289087,-12.513431,510000,8615.3
511,1000,231.7274,21,0.42,,0,4,7,1.0897,2,1790,0.6733,872.6,631,0,0.010542,0.421619,-13.177555,511000,8631.8
512,1000,236.0121,23,0.46,,0,4,10,2.4875,1,840,0.3728,779.4,904,0,0.010548,0.343845,-12.197893,512000,8648.2
513,1000,310.3052,24,0.48,,0,4,9,1.8708,3,1107,0.5028,977.4,924,0,0.010801,0.673586,-13.532217,513000,8664.8
514,1000,167.7194,17,0.34,,0,4,5,0.433,1,617,0.2898,627.8,634,0,0.010781,0.445659,-11.655534,514000,8681.3
515,1000,268.2759,21,0.42,,0,3,7,1.479,3,1513,0.582,950.1,773,0,0.0107,0.415552,-11.964623,515000,8697.6
516,1000,283.5578,23,0.46,,0,3,8,1.9203,3,1704,0.6228,909.2,998,0,0.010837,0.211939,-11.229763,516000,8713.7
517,1000,394.225,28,0.56,,0,4,10,2.2361,4,1037,0.5425,926.0,1000,0,0.010905,0.445062,-12.272954,517000,8729.9
518,1000,172.1485,18,0.36,,0,4,5,0.5,1,1236,0.2435,644.9,933,0,0.01094,0.278411,-13.019985,518000,8746.5
519,1000,222.5044,20,0.4,,0,3,7,2.0,2,1505,0.4838,766.6,1000,0,0.01067,0.210673,-12.209851,519000,8763.2
520,1000,274.6441,24,0.48,,0,4,8,1.5811,2,928,0.5125,733.9,781,0,0.010958,0.395419,-11.434896,520000,8779.8
521,1000,244.8446,22,0.44,,0,3,7,1.6583,2,1393,0.527,734.3,824,0,0.01102,0.289872,-12.306506,521000,8795.6
522,1000,240.625,21,0.42,,0,4,8,1.6394,2,1169,0.5032,762.2,666,0,0.010824,0.436495,-13.518298,522000,8812.6
523,1000,267.0063,23,0.46,,0,4,10,2.4875,2,1029,0.3927,708.0,826,0,0.010984,0.621399,-12.061209,523000,8828.9
524,1000,257.5633,22,0.44,,0,4,9,2.0616,2,889,0.4685,801.2,695,0,0.011077,0.690888,-12.737348,524000,8846.4
525,1000,149.2137,16,0.32,,0,3,5,0.7071,1,1645,0.5467,635.2,124,0,0.010784,0.439179,-12.209025,525000,8862.9
526,1000,339.5261,27,0.54,,0,5,9,1.7854,3,1407,0.5252,832.7,910,0,0.010613,0.668924,-12.483687,526000,8879.5
527,1000,55.4755,14,0.28,,0,2,5,1.118,0,3206,0.7285,866.1,843,0,0.010997,0.294137,-12.626997,527000,8896.0
528,1000,151.0959,18,0.36,,0,3,5,0.866,1,2726,0.7093,934.1,900,0,0.01082,0.346355,-13.225513,528000,8912.8
529,1000,251.5448,22,0.44,,0,4,9,2.0616,2,1231,0.4773,744.3,893,0,0.01088,0.678228,-12.007522,529000,8929.2
530,1000,340.1911,26,0.52,,0,5,10,2.0616,3,1069,0.5885,913.9,858,0,0.010947,0.316529,-12.831543,530000,8945.7
531,1000,340.1242,26,0.52,,0,5,9,1.6583,3,1188,0.583,986.3,734,0,0.01075,0.599646,-12.624634,531000,8962.3
532,1000,264.8207,23,0.46,,0,4,10,2.4875,2,1007,0.54,707.5,837,0,0.010821,1.349601,-11.577805,532000,8979.1
533,1000,436.5712,32,0.64,,0,5,10,1.8708,4,845,0.6032,958.6,819,0,0.010925,0.290343,-11.958173,533000,8995.6
534,1000,330.2948,27,0.54,,0,4,8,1.6394,3,1610,0.48,765.3,961,0,0.01065,0.300421,-12.362358,534000,9012.9
535,1000,248.9376,22,0.44,,0,4,8,1.5,2,1511,0.625,839.4,998,0,0.010892,0.468882,-12.922902,535000,9029.5
536,1000,190.2325,19,0.38,,0,4,5,0.433,1,1624,0.4945,889.5,507,0,0.010788,0.690474,-12.706556,536000,9046.5
537,1000,237.1811,20,0.4,,0,4,6,1.0,2,871,0.454,613.0,824,0,0.01062,0.263248,-12.843801,537000,9062.8
538,1000,286.0473,23,0.46,,0,4,9,1.9203,3,1875,0.551,871.3,654,0,0.010789,0.36743,-13.11846,538000,9079.5
539,1000,205.7081,20,0.4,,0,4,6,0.7071,2,2576,0.6965,983.0,716,0,0.010834,0.486805,-13.268143,539000,9096.1
540,1000,279.2239,24,0.48,,0,4,9,2.1213,2,937,0.5132,710.4,731,0,0.010848,0.280876,-12.117459,540000,9112.6
541,1000,231.7122,21,0.42,,0,4,6,0.8292,2,1885,0.6375,953.5,923,0,0.010764,0.369281,-13.086206,541000,9129.2
542,1000,254.7395,22,0.44,,0,4,7,1.5,2,937,0.39,599.9,908,0,0.010644,0.348489,-12.134459,542000,9145.9
543,1000,326.4134,28,0.56,,0,5,10,2.1213,2,951,0.4858,713.7,972,0,0.010685,0.319576,-12.471441,543000,9163.1
544,1000,353.109,26,0.52,,0,5,9,1.5,4,1429,0.6168,983.8,800,0,0.010794,0.853027,-11.630026,544000,9180.0
545,1000,297.1072,24,0.48,,0,5,7,0.7071,3,2130,0.664,979.9,822,0,0.010858,0.468493,-12.279674,545000,9196.9
546,1000,316.2548,26,0.52,,0,4,9,1.8028,3,1384,0.643,1003.0,585,0,0.010903,0.391726,-12.489788,546000,9213.6
547,1000,249.4734,22,0.44,,0,4,9,2.0616,2,1240,0.4795,763.0,990,0,0.010733,0.438856,-12.303634,547000,9230.2
548,1000,214.2839,19,0.38,,0,3,6,1.0897,2,1950,0.61,870.5,495,0,0.010569,0.379366,-12.219629,548000,9246.6
549,1000,241.5918,22,0.44,,0,4,7,1.118,2,1891,0.6462,949.6,496,0,0.010715,0.211235,-12.76462,549000,9263.2
550,1000,346.2242,26,0.52,,0,5,9,1.5,4,1793,0.6558,876.1,991,0,0.010802,0.428599,-11.939253,550000,9279.8
551,1000,1.6062,10,0.2,,0,2,4,0.866,0,3512,0.7272,804.7,147,0,0.010868,0.502438,-12.416026,551000,9315.9
552,1000,215.7155,22,0.44,,0,4,8,1.5,1,1588,0.645,715.8,965,0,0.010878,0.486446,-13.40877,552000,9332.7
553,1000,140.6978,16,0.32,,0,3,5,1.0,1,2091,0.5125,577.0,236,0,0.01088,0.268844,-12.954591,553000,9349.4
554,1000,295.6832,25,0.5,,0,3,10,2.586,3,2312,0.662,830.1,636,0,0.010788,0.223906,-12.057187,554000,9364.9
555,1000,182.8826,17,0.34,,0,2,5,1.299,2,2229,0.7035,999.3,361,0,0.010726,0.270741,-11.644156,555000,9381.4
556,1000,299.6702,25,0.5,,0,5,9,1.6394,3,2074,0.5573,860.8,520,0,0.010673,0.469352,-12.643703,556000,9398.1
557,1000,300.5129,24,0.48,,0,5,8,1.2247,3,1836,0.6793,973.2,967,0,0.01061,0.354303,-12.377401,557000,9415.1
558,1000,262.8505,24,0.48,,0,4,9,1.8708,2,1783,0.4928,696.6,902,0,0.010486,0.288421,-13.537608,558000,9431.8
559,1000,266.5613,21,0.42,,0,4,6,0.8292,3,1544,0.5405,744.4,879,0,0.010592,0.272476,-12.466254,559000,9448.7
560,1000,338.2643,28,0.56,,0,5,9,1.4142,3,1683,0.6847,957.0,954,0,0.010453,0.344025,-12.456497,560000,9465.7
561,1000,294.3837,25,0.5,,0,4,9,1.9203,2,897,0.5258,875.0,910,0,0.010482,0.430981,-11.488918,561000,9482.1
562,1000,287.5995,23,0.46,,0,1,8,2.7726,3,1618,0.598,843.9,869,0,0.010496,0.524976,-12.829334,562000,9498.9
563,1000,255.8455,24,0.48,,0,5,7,1.0,2,1884,0.4565,643.4,967,0,0.010667,0.347595,-12.584953,563000,9515.3
564,1000,102.1255,18,0.36,,0,4,5,0.5,0,3041,0.727,964.1,617,0,0.010478,0.22333,-12.486551,564000,9532.1
565,1000,239.8284,23,0.46,,0,5,8,1.299,2,2042,0.599,723.1,747,0,0.010667,0.430886,-13.234091,565000,9548.3
566,1000,289.034,23,0.46,,0,5,7,0.8292,3,1467,0.5132,717.1,995,0,0.010509,0.693621,-12.002537,566000,9564.6
567,1000,272.5686,21,0.42,,0,4,6,0.8292,3,1659,0.6178,1012.7,998,0,0.010634,0.485396,-12.686344,567000,9581.8
568,1000,328.5033,24,0.48,,0,5,7,1.0,4,1540,0.481,927.0,955,0,0.010544,0.412327,-13.142388,568000,9598.5
569,1000,178.1518,18,0.36,,0,4,5,0.5,1,947,0.3035,671.6,692,0,0.01053,0.26631,-12.623494,569000,9615.3
570,1000,256.1945,23,0.46,,0,4,10,2.4875,2,1501,0.5853,836.8,795,0,0.010813,0.262134,-12.283848,570000,9631.6
571,1000,223.9537,20,0.4,,0,4,6,0.7071,2,1836,0.6793,764.5,873,0,0.010668,0.254681,-12.115622,571000,9648.0
572,1000,233.0513,21,0.42,,0,3,7,1.7854,2,1497,0.5262,758.5,894,0,0.010838,0.502921,-12.708175,572000,9664.8
573,1000,215.3498,20,0.4,,0,4,6,0.7071,2,2120,0.6917,913.2,821,0,0.010911,0.234382,-12.32149,573000,9681.8
574,1000,150.1961,19,0.38,,0,4,5,0.433,0,1938,0.5557,980.5,781,0,0.010792,0.668738,-12.052998,574000,9699.2
575,1000,228.9688,20,0.4,,0,3,7,1.5811,2,1495,0.5185,880.4,668,0,0.010782,0.426832,-12.739867,575000,9716.5
576,1000,422.754,31,0.62,,0,6,9,1.299,4,723,0.553,733.2,891,0,0.010726,0.306207,-12.770224,576000,9733.1
577,1000,126.3777,16,0.32,,0,3,5,0.7071,0,830,0.4417,673.5,452,0,0.010851,0.893882,-12.570405,577000,9749.8
578,1000,174.9302,19,0.38,,0,4,6,0.8292,1,1562,0.6342,634.1,593,0,0.010697,0.380449,-12.374853,578000,9766.4
579,1000,236.394,22,0.44,,0,3,8,2.0616,2,1751,0.5735,775.0,861,0,0.010721,0.346086,-11.740335,579000,9783.0
580,1000,266.6177,24,0.48,,0,4,10,2.4495,2,1529,0.5238,868.4,761,0,0.010565,0.258127,-12.365932,580000,9799.5
581,1000,179.4547,19,0.38,,0,4,6,0.8292,1,1552,0.4828,700.3,791,0,0.010852,0.398357,-12.748577,581000,9816.5
582,1000,311.9181,27,0.54,,0,4,10,2.7726,2,886,0.6322,697.1,923,0,0.010676,0.4062,-12.623359,582000,9833.0
583,1000,275.2272,25,0.5,,0,4,9,2.2776,2,1472,0.5188,735.8,927,0,0.01081,0.477477,-13.440041,583000,9849.6
584,1000,181.1109,19,0.38,,0,4,5,0.433,1,1593,0.4853,622.3,875,0,0.010843,0.398061,-12.358747,584000,9866.4
585,1000,283.5918,24,0.48,,0,4,8,1.5811,2,753,0.4823,789.5,920,0,0.010954,0.462474,-11.918221,585000,9883.1
586,1000,213.4682,20,0.4,,0,4,7,1.2247,1,695,0.3648,589.3,961,0,0.010639,0.789313,-12.19696,586000,9899.8
587,1000,207.21,21,0.42,,0,3,10,2.7726,1,1226,0.4783,677.4,879,0,0.010983,0.226273,-11.279015,587000,9916.5
588,1000,195.6591,17,0.34,,0,3,5,0.8292,2,1345,0.4153,576.1,731,0,0.010889,0.690493,-12.683315,588000,9933.4
589,1000,351.9196,27,0.54,,0,6,8,0.8292,4,2005,0.664,1015.5,837,0,0.010691,0.308782,-11.508219,589000,9949.9
590,1000,167.1232,19,0.38,,0,4,5,0.433,1,2362,0.6733,897.6,956,0,0.010976,0.752144,-11.220383,590000,9967.0
591,1000,322.083,27,0.54,,0,4,9,1.7854,3,1955,0.6372,871.4,722,0,0.010938,0.626526,-12.881397,591000,9984.0
592,1000,269.1188,22,0.44,,0,5,6,0.5,3,1822,0.569,868.3,952,0,0.01085,0.388542,-11.61858,592000,10000.6
593,1000,262.5607,21,0.42,,0,4,6,0.8292,3,1944,0.6355,881.6,609,0,0.010683,0.275781,-12.643612,593000,10017.5
594,1000,381.0927,28,0.56,,0,5,10,1.8708,4,1065,0.5607,950.6,990,0,0.010845,0.44677,-12.08287,594000,10034.0
595,1000,178.8827,18,0.36,,0,4,6,0.866,1,696,0.381,704.8,469,0,0.010747,0.3291,-13.136117,595000,10050.7
596,1000,166.6387,17,0.34,,0,3,7,1.6394,1,1176,0.4908,804.5,965,0,0.010531,0.429295,-12.319622,596000,10067.1
597,1000,328.281,26,0.52,,0,4,8,1.6583,3,1412,0.609,751.2,963,0,0.010806,0.354132,-11.983091,597000,10083.7
598,1000,294.916,26,0.52,,0,4,9,2.0616,2,750,0.484,749.5,989,0,0.010761,0.393755,-12.414694,598000,10100.5
599,1000,233.1812,22,0.44,,0,2,10,2.958,2,2133,0.677,956.2,787,0,0.010488,0.264062,-11.822968,599000,10117.4
600,1000,216.2373,21,0.42,,0,4,7,1.299,2,2228,0.6152,882.5,426,0,0.010609,0.222101,-11.919998,600000,10133.6
601,1000,283.6419,25,0.5,,0,4,9,2.2776,2,918,0.5072,717.9,809,0,0.010805,0.385327,-12.224437,601000,10169.3
602,1000,222.8082,18,0.36,,0,3,5,0.866,3,2443,0.598,768.5,302,0,0.010829,0.236667,-12.42391,602000,10185.9
603,1000,146.0689,17,0.34,,0,4,5,0.433,0,525,0.6378,571.5,262,0,0.010896,0.266921,-11.926357,603000,10202.7
604,1000,223.0671,21,0.42,,0,4,7,1.0897,2,2199,0.5565,742.7,534,0,0.010769,1.046848,-12.362576,604000,10218.6
605,1000,324.5152,26,0.52,,0,4,10,2.2913,3,1661,0.4958,589.9,979,0,0.010712,0.705768,-12.355755,605000,10234.6
606,1000,248.6543,23,0.46,,0,5,7,0.8292,2,1961,0.666,789.0,868,0,0.01102,0.495171,-12.757229,606000,10251.6
607,1000,302.0152,25,0.5,,0,4,9,1.9203,3,2020,0.6587,883.4,955,0,0.010705,0.456231,-12.200026,607000,10268.8
608,1000,250.0751,22,0.44,,0,5,7,0.866,2,1336,0.5853,838.2,969,0,0.010779,0.240579,-11.585488,608000,10285.5
609,1000,301.8895,26,0.52,,0,3,10,3.0414,2,963,0.508,666.7,880,0,0.01058,0.43646,-12.635384,609000,10302.2
610,1000,307.1765,25,0.5,,0,4,7,1.299,3,1739,0.6248,794.3,911,0,0.010841,0.617199,-11.515924,610000,10318.8
611,1000,287.0903,25,0.5,,0,5,9,1.6394,2,1322,0.594,776.3,955,0,0.010635,0.377272,-12.209865,611000,10335.6
612,1000,205.4495,19,0.38,,0,4,5,0.433,2,1921,0.4075,582.5,384,0,0.010636,0.483826,-10.804702,612000,10352.3
613,1000,251.9164,22,0.44,,0,4,9,2.0616,2,1102,0.5927,858.1,678,0,0.010785,0.380742,-11.99692,613000,10369.1
614,1000,331.1014,25,0.5,,0,4,9,1.9203,3,823,0.4617,877.6,997,0,0.010753,0.332856,-11.430189,614000,10384.8
615,1000,341.2915,28,0.56,,0,5,9,2.0,3,1594,0.6298,870.8,991,0,0.010808,0.481837,-11.282799,615000,10401.5
616,1000,181.9355,19,0.38,,0,4,5,0.433,1,1294,0.5797,720.5,958,0,0.010853,0.302621,-11.424434,616000,10417.1
617,1000,240.0014,23,0.46,,0,4,8,1.479,2,1967,0.6727,980.9,745,0,0.010953,0.390805,-11.254259,617000,10433.6
618,1000,265.5218,20,0.4,,0,4,6,0.7071,3,1334,0.4705,753.4,939,0,0.010756,0.665005,-11.915236,618000,10450.3
619,1000,215.4889,19,0.38,,0,4,6,0.8292,2,1539,0.551,637.9,854,0,0.010868,0.599729,-11.511593,619000,10466.6
620,1000,248.7566,23,0.46,,0,3,8,1.9203,2,1670,0.6292,1073.5,921,0,0.010874,0.373191,-11.512941,620000,10482.7
621,1000,129.8192,18,0.36,,0,4,5,0.5,0,492,0.6402,750.1,368,0,0.010729,0.205738,-12.172388,621000,10499.0
622,1000,296.135,22,0.44,,0,5,7,0.866,3,1162,0.4165,741.8,573,0,0.010768,0.309628,-11.371334,622000,10516.4
623,1000,385.8026,31,0.62,,0,4,10,2.4875,3,997,0.705,899.2,995,0,0.010735,0.269674,-11.164865,623000,10534.0
624,1000,174.2649,19,0.38,,0,4,5,0.433,0,349,0.397,720.4,388,0,0.010685,0.438864,-12.56992,624000,10550.2
625,1000,205.2955,21,0.42,,0,4,9,2.1651,1,1313,0.4698,597.3,963,0,0.010817,0.620225,-12.169449,625000,10566.4
626,1000,203.0737,21,0.42,,0,4,9,2.1651,1,1118,0.552,603.2,704,0,0.010803,0.526751,-11.526464,626000,10582.8
627,1000,267.5376,25,0.5,,0,4,8,1.7854,2,1718,0.5985,1067.9,963,0,0.010888,0.449202,-12.177041,627000,10599.4
628,1000,81.8857,16,0.32,,0,3,5,1.0,0,2882,0.7258,977.6,651,0,0.010928,0.208565,-11.207748,628000,10616.0
629,1000,242.8114,22,0.44,,0,3,9,2.1794,2,1932,0.5503,839.0,623,0,0.010857,0.347787,-11.167038,629000,10633.5
630,1000,223.4874,21,0.42,,0,4,7,1.0897,2,2080,0.6005,771.0,859,0,0.010872,0.344674,-11.52822,630000,10650.4
631,1000,276.9021,24,0.48,,0,4,9,1.8708,2,1295,0.568,745.9,957,0,0.01089,0.454314,-11.991824,631000,10667.4
632,1000,293.1948,26,0.52,,0,4,10,2.2913,2,1557,0.5215,913.4,914,0,0.010947,0.539567,-11.092833,632000,10683.9
633,1000,207.2389,19,0.38,,0,4,5,0.433,2,2228,0.5,672.5,259,0,0.010861,0.428971,-12.16469,633000,10700.5
634,1000,205.248,20,0.4,,0,4,6,0.7071,2,2390,0.677,940.9,347,0,0.010738,0.20337,-11.446738,634000,10717.1
635,1000,291.0071,24,0.48,,0,5,7,1.0,3,1831,0.6528,924.9,674,0,0.010857,0.230154,-11.831223,635000,10734.1
636,1000,163.0845,20,0.4,,0,5,5,0.0,0,902,0.324,755.6,770,0,0.010865,0.586545,-11.14546,636000,10750.5
637,1000,250.0041,23,0.46,,0,3,8,1.9203,2,1706,0.6435,889.1,984,0,0.010742,0.316058,-11.724051,637000,10767.0
638,1000,286.7333,26,0.52,,0,4,9,2.0616,2,1410,0.6335,938.2,989,0,0.010668,0.30132,-11.339104,638000,10783.5
639,1000,371.0773,26,0.52,,0,5,8,1.5,4,1078,0.5048,823.6,992,0,0.010814,0.450523,-12.324837,639000,10800.1
640,1000,255.6645,20,0.4,,0,3,6,1.2247,3,2017,0.6757,805.5,998,0,0.010838,0.36978,-11.309408,640000,10818.0
641,1000,209.6277,18,0.36,,0,2,6,1.5,2,1431,0.4978,622.6,997,0,0.011003,0.256667,-11.42595,641000,10835.8
642,1000,230.5013,20,0.4,,0,4,6,0.7071,2,914,0.4093,699.8,798,0,0.01083,0.748737,-11.988301,642000,10852.8
643,1000,215.4008,19,0.38,,0,4,6,0.8292,2,1502,0.4637,689.4,974,0,0.010634,0.386739,-11.629598,643000,10870.3
644,1000,233.0633,21,0.42,,0,4,8,1.6394,2,1587,0.6508,881.0,826,0,0.010534,0.433983,-10.948628,644000,10887.7
645,1000,125.911,15,0.3,,0,3,5,0.8292,0,388,0.2707,555.5,170,0,0.01047,0.429807,-11.38155,645000,10904.3
646,1000,190.6752,20,0.4,,0,4,7,1.2247,1,1550,0.6105,760.1,922,0,0.010615,0.280136,-12.606816,646000,10921.2
647,1000,232.5925,20,0.4,,0,4,6,0.7071,2,1482,0.5152,846.7,666,0,0.010624,0.453903,-11.261559,647000,10937.8
648,1000,226.68,19,0.38,,0,4,5,0.433,2,1135,0.4715,696.9,260,0,0.01059,1.020185,-12.225227,648000,10954.4
649,1000,305.4559,23,0.46,,0,4,9,1.9203,3,823,0.5082,706.1,804,0,0.010907,0.606752,-12.2474,649000,10971.4
650,1000,172.636,18,0.36,,0,4,5,0.5,1,1214,0.4373,679.7,746,0,0.010743,0.535596,-12.190332,650000,10988.0
651,1000,196.6568,20,0.4,,0,3,8,1.8708,1,1257,0.4407,634.2,834,0,0.010745,0.364477,-12.482502,651000,11023.9
652,1000,225.1648,19,0.38,,0,4,6,0.8292,2,834,0.5195,804.3,642,0,0.010833,0.246113,-11.398996,652000,11040.8
653,1000,267.68,23,0.46,,0,3,8,1.9203,2,707,0.5577,793.0,884,0,0.010633,0.474134,-12.445545,653000,11057.4
654,1000,278.723,23,0.46,,0,4,8,1.479,2,665,0.5533,772.5,908,0,0.01084,0.258393,-12.454983,654000,11073.5
655,1000,209.4167,19,0.38,,0,4,5,0.433,2,1788,0.6,805.6,754,0,0.010991,0.303302,-11.542683,655000,11089.7
656,1000,304.975,24,0.48,,0,5,9,1.7321,3,1501,0.6673,655.5,502,0,0.011198,0.394269,-12.182621,656000,11106.6
657,1000,165.5116,17,0.34,,0,3,7,1.6394,1,1431,0.4785,796.0,376,0,0.010903,0.499496,-12.234248,657000,11123.3
658,1000,247.7212,20,0.4,,0,4,7,1.2247,2,568,0.4402,675.4,874,0,0.010726,0.471256,-12.891878,658000,11140.0
659,1000,177.5757,20,0.4,,0,4,8,1.7321,1,2124,0.5797,749.0,1000,0,0.010681,0.316199,-12.321545,659000,11156.7
660,1000,323.2321,26,0.52,,0,5,10,2.0616,3,1450,0.5447,755.5,791,0,0.010839,0.48384,-12.65147,660000,11173.2
661,1000,333.1888,26,0.52,,0,4,8,1.6583,3,732,0.4402,876.3,989,0,0.010583,0.770652,-12.335409,661000,11190.0
662,1000,228.1348,21,0.42,,0,3,7,1.479,2,2001,0.6595,942.8,875,0,0.010554,0.358984,-12.762806,662000,11206.7
663,1000,84.0641,16,0.32,,0,3,5,0.7071,0,2877,0.7275,760.5,859,0,0.010569,0.288634,-11.480099,663000,11222.9
664,1000,312.155,25,0.5,,0,5,8,1.299,3,1462,0.541,797.5,918,0,0.010487,0.257008,-11.57485,664000,11239.3
665,1000,273.5173,21,0.42,,0,4,7,1.0897,3,1142,0.4258,667.8,991,0,0.010537,0.749365,-12.127098,665000,11255.7
666,1000,126.2031,16,0.32,,0,3,5,0.7071,0,902,0.4123,588.9,778,0,0.010728,0.235307,-11.377831,666000,11271.6
667,1000,263.708,24,0.48,,0,4,9,2.1213,2,1375,0.614,761.5,606,0,0.010687,0.618742,-12.416811,667000,11288.2
668,1000,357.4335,29,0.58,,0,4,10,2.7726,3,1430,0.5675,759.0,953,0,0.010612,0.259231,-12.797022,668000,11306.0
669,1000,113.3549,15,0.3,,0,3,5,0.8292,0,1174,0.6278,879.1,767,0,0.010589,0.237298,-12.331187,669000,11321.7
670,1000,134.926,15,0.3,,0,2,5,1.0897,1,1699,0.6597,771.8,977,0,0.010536,0.872242,-12.213602,670000,11338.5
671,1000,199.97,19,0.38,,0,3,7,1.479,2,2192,0.6863,761.7,909,0,0.010457,0.323546,-11.518366,671000,11355.0
672,1000,88.9596,15,0.3,,0,3,5,0.8292,0,2233,0.5423,788.8,875,0,0.010395,0.22264,-12.798237,672000,11371.8
673,1000,328.45,23,0.46,,0,5,6,0.433,4,1485,0.4052,706.7,965,0,0.010397,0.215102,-12.858055,673000,11388.8
674,1000,163.1076,18,0.36,,0,3,6,1.118,1,1699,0.6175,866.3,703,0,0.010195,0.840855,-12.265075,674000,11405.5
675,1000,243.5947,23,0.46,,0,4,8,1.479,2,1775,0.5485,741.3,917,0,0.010078,0.465503,-12.353941,675000,11422.0
676,1000,341.5264,26,0.52,,0,4,8,1.5,3,774,0.5423,874.8,887,0,0.010158,0.336149,-12.141028,676000,11438.3
677,1000,307.4447,25,0.5,,0,4,9,1.9203,3,1661,0.617,737.3,835,0,0.010171,0.265984,-12.372422,677000,11454.8
678,1000,281.9908,24,0.48,,0,4,8,2.0,2,734,0.5248,889.6,859,0,0.010258,0.416307,-12.007849,678000,11471.7
679,1000,307.8785,24,0.48,,0,5,8,1.2247,3,1453,0.564,893.0,988,0,0.010189,0.451444,-12.063543,679000,11488.2
680,1000,219.3516,21,0.42,,0,4,9,2.1651,1,412,0.3215,636.1,880,0,0.010313,0.223989,-13.275574,680000,11505.1
681,1000,172.0341,19,0.38,,0,3,6,1.0897,1,1976,0.6813,748.3,712,0,0.010225,0.375249,-12.140711,681000,11521.8
682,1000,289.4717,25,0.5,,0,4,9,2.2776,2,890,0.603,879.1,975,0,0.010299,0.288778,-12.534636,682000,11538.4
683,1000,341.2781,27,0.54,,0,5,10,2.0463,3,1609,0.637,917.6,674,0,0.010169,0.349159,-11.876982,683000,11555.3
684,1000,309.5274,25,0.5,,0,3,10,3.2692,3,1334,0.6465,729.5,457,0,0.010041,0.380453,-12.561296,684000,11572.3
685,1000,321.2769,24,0.48,,0,4,7,1.2247,3,721,0.5045,949.2,948,0,0.010088,0.588139,-12.094399,685000,11588.9
686,1000,288.8823,26,0.52,,0,3,10,3.0414,2,1465,0.6032,733.1,985,0,0.010121,0.19141,-11.972282,686000,11605.6
687,1000,191.4396,21,0.42,,0,4,7,1.0897,1,1858,0.6957,1059.2,774,0,0.010097,0.323108,-11.767496,687000,11622.2
688,1000,249.2115,20,0.4,,0,4,6,0.7071,3,1956,0.5423,903.5,955,0,0.010006,0.308268,-12.128014,688000,11638.9
689,1000,297.64,25,0.5,,0,5,8,1.0897,3,1908,0.5837,804.7,678,0,0.010137,0.773819,-11.828392,689000,11655.3
690,1000,218.3603,20,0.4,,0,4,7,1.2247,2,2000,0.5212,683.7,574,0,0.010153,0.470967,-12.664204,690000,11672.0
691,1000,311.0076,24,0.48,,0,4,7,1.2247,3,876,0.5265,853.7,867,0,0.010077,0.302712,-12.02511,691000,11688.8
692,1000,324.4377,27,0.54,,0,5,9,1.479,3,1949,0.663,877.2,793,0,0.009947,0.49187,-12.095997,692000,11705.3
693,1000,226.9853,22,0.44,,0,2,10,2.8723,2,2051,0.6465,844.7,773,0,0.009955,0.241112,-12.381106,693000,11721.8
694,1000,234.7387,21,0.42,,0,4,6,0.8292,2,1605,0.4998,699.3,871,0,0.009914,0.172036,-11.691031,694000,11738.7
695,1000,239.5938,23,0.46,,0,4,7,1.299,2,2418,0.6603,938.2,966,0,0.009662,0.272843,-11.811998,695000,11755.4
696,1000,286.3738,24,0.48,,0,4,10,2.3452,3,2208,0.6122,859.1,672,0,0.009882,0.756709,-10.872134,696000,11772.7
697,1000,300.2354,27,0.54,,0,4,10,2.3848,2,1590,0.6302,821.4,848,0,0.009719,0.4652,-11.330903,697000,11789.8
698,1000,203.3151,19,0.38,,0,4,6,0.8292,2,1728,0.6045,954.9,603,0,0.00975,0.525953,-11.358697,698000,11806.9
699,1000,167.7952,18,0.36,,0,4,5,0.5,1,1540,0.4955,745.7,564,0,0.009678,0.361326,-11.917214,699000,11824.4
700,1000,354.3518,25,0.5,,0,5,8,1.0897,4,1245,0.667,868.8,541,0,0.009595,0.220867,-12.165073,700000,11840.9
701,1000,163.596,18,0.36,,0,4,5,0.5,1,1721,0.5445,706.6,768,0,0.009886,0.466108,-11.556836,701000,11877.7
702,1000,209.2483,21,0.42,,0,4,8,1.6394,1,1455,0.4965,801.9,943,0,0.009963,0.61565,-11.429161,702000,11895.0
703,1000,213.3955,22,0.44,,0,4,8,1.5,1,1115,0.5035,769.8,971,0,0.009832,0.412599,-11.610119,703000,11911.6
704,1000,222.6975,22,0.44,,0,3,8,1.8028,2,2429,0.6693,869.9,477,0,0.009957,0.258099,-11.868537,704000,11928.0
705,1000,317.4795,25,0.5,,0,4,10,2.4875,3,1136,0.5395,726.3,911,0,0.009777,0.317168,-12.286028,705000,11944.0
706,1000,309.3917,26,0.52,,0,3,10,2.6926,3,2099,0.6643,798.6,908,0,0.009854,0.227472,-11.602434,706000,11960.5
707,1000,280.4731,25,0.5,,0,4,9,1.9203,2,1139,0.5965,733.2,875,0,0.009973,0.317272,-12.884548,707000,11977.0
708,1000,233.0317,21,0.42,,0,5,6,0.433,2,1678,0.5787,748.2,733,0,0.009808,0.774578,-12.109663,708000,11993.6
709,1000,134.1945,17,0.34,,0,4,5,0.433,0,1176,0.65,881.1,478,0,0.010106,0.186942,-11.177443,709000,12010.1
710,1000,332.5213,27,0.54,,0,4,10,2.3848,3,1804,0.665,881.1,972,0,0.010043,0.220973,-11.829989,710000,12026.9
711,1000,266.1662,24,0.48,,0,4,10,2.3452,2,1216,0.6593,881.5,829,0,0.010205,0.290838,-11.252831,711000,12043.4
712,1000,230.2471,21,0.42,,0,4,7,1.0897,2,1779,0.6055,734.1,937,0,0.010199,0.195057,-12.017953,712000,12058.9
713,1000,232.8745,21,0.42,,0,5,6,0.433,2,1688,0.4738,838.9,820,0,0.010072,0.314254,-11.924515,713000,12074.9
714,1000,203.6573,20,0.4,,0,5,5,0.0,2,2429,0.6837,826.8,923,0,0.010149,0.533967,-12.055292,714000,12091.4
715,1000,283.9179,26,0.52,,0,5,9,1.6583,2,1957,0.6943,880.7,834,0,0.010024,0.284062,-12.015753,715000,12107.1
716,1000,252.3677,22,0.44,,0,4,9,2.0616,2,1170,0.586,755.7,991,0,0.01014,0.433251,-12.405253,716000,12124.0
717,1000,165.4136,19,0.38,,0,4,5,0.433,0,924,0.5435,706.9,718,0,0.010094,0.43618,-11.640453,717000,12140.5
718,1000,121.9862,17,0.34,,0,3,5,0.8292,0,1801,0.491,649.2,191,0,0.009975,0.429077,-11.701462,718000,12156.6
719,1000,269.116,24,0.48,,0,5,8,1.2247,2,1392,0.5403,764.9,978,0,0.01004,0.266195,-12.002211,719000,12172.5
720,1000,80.7806,16,0.32,,0,2,5,1.2247,0,2892,0.7288,955.1,413,0,0.010142,0.342964,-12.985834,720000,12189.4
721,1000,255.9436,23,0.46,,0,5,7,0.8292,2,1505,0.586,729.4,657,0,0.010051,0.262121,-11.344698,721000,12206.1
722,1000,205.7175,21,0.42,,0,4,7,1.0897,1,1594,0.5165,680.6,886,0,0.010331,0.450156,-12.405315,722000,12222.8
723,1000,176.6395,17,0.34,,0,4,5,0.433,1,589,0.4572,707.7,768,0,0.01031,0.362513,-11.38396,723000,12239.3
724,1000,22.8598,10,0.2,,0,2,3,0.5,0,2858,0.7245,1073.5,176,0,0.010263,0.45326,-12.487166,724000,12256.1
725,1000,253.6571,23,0.46,,0,5,8,1.299,2,1936,0.637,900.7,656,0,0.010308,0.472445,-11.54192,725000,12272.9
726,1000,116.5636,16,0.32,,0,3,5,0.7071,0,1461,0.5933,749.2,703,0,0.010349,0.356884,-12.084857,726000,12290.0
727,1000,143.8578,18,0.36,,0,4,5,0.5,0,1593,0.5,707.3,541,0,0.010198,0.370311,-12.144896,727000,12306.6
728,1000,140.087,17,0.34,,0,2,5,1.299,1,2403,0.4828,557.2,445,0,0.010042,0.376167,-11.864557,728000,12323.4
729,1000,246.7417,20,0.4,,0,3,7,1.4142,3,2152,0.621,713.1,527,0,0.009995,0.331863,-12.221739,729000,12339.9
730,1000,229.497,20,0.4,,0,4,6,1.0,2,1417,0.4278,710.7,994,0,0.010043,0.251069,-11.285257,730000,12356.8
731,1000,222.4771,20,0.4,,0,4,7,1.2247,2,1647,0.6235,889.2,524,0,0.010082,0.384544,-12.108974,731000,12373.3
732,1000,170.8626,18,0.36,,0,4,5,0.5,1,1498,0.6288,580.7,282,0,0.009867,0.422657,-12.171452,732000,12389.9
733,1000,187.4188,20,0.4,,0,4,7,1.2247,1,1541,0.5008,749.8,979,0,0.009663,0.386858,-12.540947,733000,12406.6
734,1000,241.5682,21,0.42,,0,5,6,0.433,2,1735,0.6165,724.7,565,0,0.009924,0.20758,-12.145221,734000,12423.0
735,1000,191.2845,19,0.38,,0,3,7,1.479,2,2381,0.6743,826.4,743,0,0.010043,0.173033,-11.693786,735000,12439.5
736,1000,117.259,16,0.32,,0,3,5,1.0,0,1290,0.616,1029.6,700,0,0.009886,0.458745,-12.67853,736000,12456.1
737,1000,328.8976,26,0.52,,0,5,10,2.0616,3,1605,0.5058,797.3,584,0,0.00997,0.198812,-11.863945,737000,12472.8
738,1000,201.6764,19,0.38,,0,3,6,1.299,2,2071,0.5032,776.2,759,0,0.009885,0.466459,-12.4244,738000,12489.5
739,1000,359.0648,28,0.56,,0,4,10,2.5495,3,1319,0.5925,858.3,933,0,0.009689,0.528149,-12.543686,739000,12506.0
740,1000,241.7474,22,0.44,,0,4,7,1.5,2,1388,0.4885,779.4,993,0,0.009998,0.50137,-11.928526,740000,12522.9
741,1000,159.5118,18,0.36,,0,3,6,1.118,1,1671,0.3855,646.4,452,0,0.009745,0.313872,-12.018566,741000,12539.4
742,1000,218.2368,21,0.42,,0,4,7,1.0897,2,2269,0.5845,728.8,875,0,0.0099,0.390047,-12.133166,742000,12556.1
743,1000,219.3554,21,0.42,,0,4,7,1.299,2,2000,0.5793,756.3,728,0,0.009898,0.283877,-11.761913,743000,12572.3
744,1000,314.7291,24,0.48,,0,4,9,1.8708,3,1063,0.5457,797.5,790,0,0.009948,0.274987,-12.918171,744000,12588.6
745,1000,374.6562,27,0.54,,0,5,10,2.0463,4,1268,0.5022,731.1,986,0,0.009941,0.222929,-11.195126,745000,12605.5
746,1000,285.7645,26,0.52,,0,4,10,2.5981,2,1580,0.505,739.4,930,0,0.01006,0.274512,-11.660988,746000,12622.0
747,1000,335.3381,25,0.5,,0,5,9,1.6394,4,2105,0.6663,963.9,745,0,0.010146,0.302187,-11.84428,747000,12639.2
748,1000,162.6246,18,0.36,,0,3,7,1.5,1,1818,0.5205,676.2,846,0,0.009856,0.362698,-11.705027,748000,12656.1
749,1000,217.0209,20,0.4,,0,3,6,1.2247,2,1892,0.5325,754.0,914,0,0.009733,0.324005,-11.981802,749000,12672.3
750,1000,204.1101,20,0.4,,0,4,6,0.7071,1,939,0.421,731.3,823,0,0.009877,0.746543,-12.221003,750000,12689.1
751,1000,256.3055,23,0.46,,0,5,8,1.299,2,1745,0.4577,731.3,832,0,0.0097,0.486709,-12.054157,751000,12725.4
752,1000,311.9764,25,0.5,,0,5,10,2.1651,3,1855,0.5603,953.5,696,0,0.009739,0.408981,-13.129347,752000,12742.0
753,1000,256.1918,23,0.46,,0,4,8,1.479,2,1814,0.4953,784.4,626,0,0.009661,0.379261,-11.753705,753000,12758.6
754,1000,334.4089,27,0.54,,0,4,9,1.9203,3,971,0.5925,793.6,843,0,0.009717,0.358928,-13.766797,754000,12775.2
755,1000,143.9988,17,0.34,,0,4,5,0.433,1,2225,0.5605,739.5,804,0,0.009658,0.371314,-12.452477,755000,12792.1
756,1000,221.3668,20,0.4,,0,3,8,1.8708,2,1389,0.5413,699.7,775,0,0.009728,0.649438,-12.453248,756000,12808.1
757,1000,265.1719,22,0.44,,0,4,8,1.5,3,1961,0.593,711.5,323,0,0.009813,0.232558,-11.871717,757000,12825.0
758,1000,271.6505,23,0.46,,0,5,7,0.8292,3,2267,0.6653,938.7,722,0,0.009882,0.304721,-11.897568,758000,12841.9
759,1000,407.8013,30,0.6,,0,4,10,2.1794,4,1264,0.5935,963.8,956,0,0.009836,0.620619,-11.746731,759000,12859.6
760,1000,155.1493,19,0.38,,0,4,7,1.299,1,2497,0.6885,975.6,900,0,0.010076,0.385485,-12.165409,760000,12877.3
761,1000,233.4101,22,0.44,,0,4,7,1.118,2,2038,0.5497,888.1,833,0,0.009882,0.248944,-11.768345,761000,12893.8
762,1000,41.7038,12,0.24,,0,2,4,0.7071,0,2807,0.7232,872.2,962,0,0.00982,0.274978,-11.91634,762000,12910.2
763,1000,315.5018,26,0.52,,0,5,9,1.6583,3,1881,0.5713,800.7,995,0,0.010037,0.303419,-11.906633,763000,12926.6
764,1000,177.7329,20,0.4,,0,5,5,0.0,1,2420,0.6492,780.1,958,0,0.010094,0.30594,-12.173062,764000,12942.8
765,1000,223.4223,21,0.42,,0,4,6,0.8292,2,2151,0.5938,855.3,689,0,0.009924,0.216597,-11.736727,765000,12959.2
766,1000,378.4956,27,0.54,,0,5,10,2.0463,4,1367,0.5763,863.0,467,0,0.009911,0.344295,-11.897322,766000,12976.1
767,1000,328.9959,26,0.52,,0,5,10,2.0616,3,1738,0.5413,894.6,946,0,0.009773,0.58295,-12.500392,767000,12992.6
768,1000,299.8379,24,0.48,,0,3,8,1.8708,3,1729,0.62,953.8,745,0,0.010039,0.208344,-12.258028,768000,13008.4
769,1000,155.1879,19,0.38,,0,4,5,0.433,0,1725,0.5968,840.6,499,0,0.009986,0.220876,-11.731731,769000,13024.8
770,1000,46.0496,12,0.24,,1,0,5,1.8708,0,2766,0.5403,593.2,615,0,0.010252,0.254873,-12.687208,770000,13041.5
771,1000,239.3112,21,0.42,,0,4,7,1.299,2,1323,0.5813,803.8,961,0,0.010131,0.383403,-12.81904,771000,13057.9
772,1000,184.3298,20,0.4,,0,4,6,0.7071,1,2197,0.526,685.7,940,0,0.010062,0.325296,-13.222154,772000,13074.6
773,1000,310.853,25,0.5,,0,4,8,1.7854,3,1326,0.608,722.3,720,0,0.010164,0.30196,-12.265978,773000,13091.1
774,1000,225.2577,20,0.4,,0,4,6,1.0,2,1654,0.6218,757.8,1000,0,0.01025,0.49335,-12.736441,774000,13107.9
775,1000,186.2446,18,0.36,,0,4,6,0.866,1,720,0.4662,656.3,864,0,0.010235,0.35,-12.369276,775000,13124.6
776,1000,187.4061,20,0.4,,0,4,6,0.7071,1,1551,0.629,802.5,660,0,0.010136,0.655973,-12.06772,776000,13141.4
777,1000,249.441,20,0.4,,0,4,6,0.7071,3,1904,0.437,670.5,968,0,0.010108,0.338761,-11.790571,777000,13157.7
778,1000,143.4969,17,0.34,,0,3,5,0.8292,1,2237,0.5725,720.6,313,0,0.010251,0.335422,-11.864883,778000,13174.3
779,1000,303.2361,25,0.5,,0,4,10,2.2776,3,1890,0.609,725.9,695,0,0.010311,0.381043,-12.456998,779000,13190.6
780,1000,172.1967,16,0.32,,0,2,6,1.5811,2,1900,0.634,760.8,716,0,0.010287,0.299835,-11.663858,780000,13207.4
781,1000,236.3248,22,0.44,,0,4,7,1.118,2,1441,0.5887,795.5,820,0,0.010174,0.45136,-11.896109,781000,13224.3
782,1000,244.6908,22,0.44,,0,5,7,0.866,2,1740,0.5038,733.9,588,0,0.010422,0.590517,-11.52589,782000,13241.0
783,1000,174.657,19,0.38,,0,3,6,1.0897,1,1802,0.7037,886.2,692,0,0.01046,0.284811,-12.122839,783000,13257.8
784,1000,101.2959,16,0.32,,0,3,5,0.7071,0,2316,0.4873,672.9,634,0,0.010629,0.448304,-11.566792,784000,13274.8
785,1000,202.4776,20,0.4,,0,4,7,1.2247,2,2330,0.704,836.1,593,0,0.010981,0.294414,-12.70403,785000,13291.5
786,1000,243.411,19,0.38,,0,3,6,1.0897,3,1520,0.4315,641.4,923,0,0.01071,0.333525,-12.017072,786000,13308.2
787,1000,314.6873,26,0.52,,0,3,10,2.6926,3,1686,0.6402,792.0,983,0,0.010811,0.296566,-12.404293,787000,13324.7
788,1000,181.2337,20,0.4,,0,5,5,0.0,1,2402,0.5995,791.5,966,0,0.010481,0.347217,-11.850161,788000,13341.4
789,1000,195.4966,17,0.34,,0,3,5,0.8292,2,1495,0.587,784.9,661,0,0.010707,0.262502,-12.002496,789000,13358.3
790,1000,170.3895,18,0.36,,0,4,6,0.866,1,1134,0.3743,659.4,668,0,0.010696,0.341488,-11.979752,790000,13374.8
791,1000,220.6833,23,0.46,,0,4,10,2.4875,1,1691,0.5962,645.3,975,0,0.010896,0.878792,-12.273823,791000,13391.7
792,1000,165.1637,18,0.36,,0,4,6,0.866,1,1345,0.559,618.2,486,0,0.010824,0.422261,-11.639381,792000,13408.4
793,1000,204.1423,21,0.42,,0,5,6,0.433,1,1595,0.458,694.5,973,0,0.010932,0.338116,-11.428858,793000,13425.2
794,1000,210.6272,18,0.36,,0,3,6,1.118,2,1129,0.4843,649.2,592,0,0.010787,0.609674,-11.994162,794000,13442.0
795,1000,262.4048,24,0.48,,0,4,8,1.5811,2,1092,0.5145,672.7,974,0,0.010755,0.586685,-12.837566,795000,13458.6
796,1000,351.1118,25,0.5,,0,5,8,1.299,4,1245,0.535,786.2,990,0,0.010707,0.298608,-12.307076,796000,13475.1
797,1000,301.5119,27,0.54,,0,3,10,2.8614,2,1445,0.6392,874.9,955,0,0.01062,0.269039,-12.081221,797000,13491.6
798,1000,265.4718,24,0.48,,0,4,10,2.4495,2,1344,0.5615,924.0,978,0,0.010685,0.444511,-12.207312,798000,13508.5
799,1000,310.1448,26,0.52,,0,4,10,2.5981,2,639,0.6265,714.0,941,0,0.01055,0.478923,-12.739382,799000,13525.1
800,1000,358.2695,29,0.58,,0,5,10,1.7854,3,1287,0.5477,885.3,976,0,0.010545,0.464269,-12.100582,800000,13541.5
801,1000,290.9247,23,0.46,,0,4,9,1.9203,3,1727,0.5697,728.2,520,0,0.010792,0.286607,-12.598299,801000,13577.6
802,1000,125.9629,18,0.36,,0,4,5,0.5,0,1669,0.457,700.0,550,0,0.01093,0.486853,-11.849137,802000,13594.6
803,1000,204.0562,19,0.38,,0,4,6,0.8292,2,1961,0.4677,645.4,540,0,0.010744,0.379058,-11.902767,803000,13611.9
804,1000,339.7878,27,0.54,,0,4,9,2.2776,3,893,0.5192,687.2,962,0,0.01068,0.310134,-11.817541,804000,13628.5
805,1000,262.0911,23,0.46,,0,4,8,1.479,2,1284,0.534,753.3,990,0,0.010933,0.305522,-12.040712,805000,13645.0
806,1000,296.7524,24,0.48,,0,5,9,1.7321,3,1761,0.632,944.3,901,0,0.010866,0.259602,-12.286366,806000,13661.5
807,1000,242.3835,19,0.38,,0,3,6,1.0897,3,1827,0.4975,735.4,731,0,0.010832,0.468408,-11.497958,807000,13677.9
808,1000,249.9719,22,0.44,,0,3,8,2.0616,2,1050,0.5783,712.9,890,0,0.010803,0.326764,-12.338135,808000,13694.6
809,1000,332.816,26,0.52,,0,4,9,1.8028,3,1064,0.5238,739.8,886,0,0.010861,0.309719,-11.660614,809000,13711.2
810,1000,272.4781,24,0.48,,0,3,8,2.1213,2,1224,0.5793,738.1,960,0,0.010883,0.34031,-12.168268,810000,13727.5
811,1000,133.7323,18,0.36,,0,3,5,0.866,0,1767,0.6633,788.8,850,0,0.010699,0.256365,-12.198148,811000,13743.3
812,1000,204.0207,19,0.38,,0,4,5,0.433,2,2028,0.5453,799.6,812,0,0.010874,0.406955,-12.17086,812000,13761.2
813,1000,370.6062,30,0.6,,0,4,10,2.2913,3,1030,0.6032,925.5,968,0,0.010792,0.332486,-12.73287,813000,13778.6
814,1000,235.2702,21,0.42,,0,4,7,1.0897,2,1561,0.3962,680.6,550,0,0.01099,0.395174,-12.332867,814000,13794.9
815,1000,361.9324,26,0.52,,0,4,10,2.2913,4,1185,0.5555,804.7,855,0,0.011054,0.297639,-12.526653,815000,13811.4
816,1000,163.869,17,0.34,,0,3,5,0.8292,1,1594,0.5252,678.9,961,0,0.010962,0.383977,-11.767591,816000,13828.2
817,1000,90.9742,15,0.3,,0,2,5,1.0897,0,2201,0.6687,1071.4,152,0,0.01085,0.34934,-12.357622,817000,13844.4
818,1000,214.1452,21,0.42,,0,5,6,0.433,1,1225,0.5052,783.0,966,0,0.010843,0.74805,-12.216797,818000,13860.4
819,1000,269.1579,19,0.38,,0,4,5,0.433,3,533,0.4358,657.5,855,0,0.010744,0.694087,-12.458294,819000,13877.2
820,1000,229.7434,19,0.38,,0,2,6,1.6394,2,1143,0.5355,711.1,735,0,0.011036,0.236849,-12.305214,820000,13893.8
821,1000,269.2782,24,0.48,,0,4,8,1.5811,2,1418,0.5705,792.9,974,0,0.011176,0.391076,-11.985182,821000,13910.4
822,1000,294.1917,25,0.5,,0,4,9,2.2776,2,693,0.549,767.7,995,0,0.011274,0.48107,-12.595028,822000,13926.8
823,1000,224.3305,19,0.38,,0,4,6,0.8292,2,1240,0.4998,793.4,849,0,0.011336,0.246363,-11.975329,823000,13944.0
824,1000,225.0637,20,0.4,,0,4,6,0.7071,2,1325,0.418,789.8,965,0,0.011363,0.322882,-12.1885,824000,13960.7
825,1000,232.9832,20,0.4,,0,4,6,0.7071,2,1369,0.565,784.3,966,0,0.011333,0.812107,-12.045655,825000,13977.5
826,1000,129.567,18,0.36,,0,4,5,0.5,0,1548,0.564,850.8,783,0,0.011278,0.446207,-12.223537,826000,13994.6
827,1000,315.3446,22,0.44,,0,5,6,0.5,4,1724,0.602,739.8,746,0,0.011438,0.39209,-12.406701,827000,14011.2
828,1000,304.6734,24,0.48,,0,4,8,1.5811,3,1356,0.4665,806.1,964,0,0.011248,0.267069,-12.098372,828000,14027.7
829,1000,315.268,26,0.52,,0,4,8,1.5,3,1484,0.5547,812.9,838,0,0.011515,0.382515,-11.739385,829000,14044.6
830,1000,345.5117,27,0.54,,0,4,9,1.7854,3,1096,0.616,882.4,988,0,0.011261,0.454254,-11.321394,830000,14061.3
831,1000,260.4118,23,0.46,,0,3,8,1.9203,2,1125,0.5593,917.1,999,0,0.0114,0.193028,-11.781327,831000,14077.8
832,1000,258.7608,22,0.44,,0,3,9,2.1794,2,1108,0.4607,689.0,892,0,0.011356,0.568178,-12.274171,832000,14094.4
833,1000,236.0604,22,0.44,,0,4,8,1.6583,2,1904,0.6807,838.6,530,0,0.011391,0.2562,-11.874743,833000,14111.4
834,1000,231.3612,20,0.4,,0,2,9,2.5495,2,1236,0.5917,659.8,961,0,0.011492,0.328305,-11.561878,834000,14128.1
835,1000,274.7117,22,0.44,,0,5,6,0.5,3,1776,0.601,916.7,955,0,0.011025,0.264936,-11.971546,835000,14144.6
836,1000,197.0781,19,0.38,,0,3,8,1.9203,1,420,0.346,722.0,697,0,0.010936,0.470358,-11.915054,836000,14161.3
837,1000,262.6737,20,0.4,,0,4,6,0.7071,3,1289,0.5583,689.3,976,0,0.011275,0.230601,-11.646156,837000,14178.6
838,1000,243.6473,22,0.44,,0,4,8,1.5,2,1922,0.6362,757.0,865,0,0.011187,0.329392,-11.905808,838000,14194.7
839,1000,169.8408,18,0.36,,0,4,5,0.5,1,1654,0.3698,652.4,403,0,0.011147,0.422489,-12.234518,839000,14211.3
840,1000,246.16,24,0.48,,0,4,9,2.1213,2,2117,0.6907,707.3,937,0,0.011157,0.243991,-11.384212,840000,14227.9
841,1000,241.7037,21,0.42,,0,4,7,1.299,2,1063,0.4915,624.1,955,0,0.011036,0.245835,-11.929604,841000,14244.6
842,1000,249.5019,22,0.44,,0,4,7,1.5,2,1190,0.5675,761.2,621,0,0.011036,0.431594,-12.433245,842000,14261.3
843,1000,322.3108,26,0.52,,0,4,9,2.0616,3,1390,0.4557,830.2,891,0,0.011078,0.310818,-11.634604,843000,14278.2
844,1000,405.8863,31,0.62,,0,6,9,1.299,4,1531,0.5998,864.5,984,0,0.010891,0.450575,-11.758402,844000,14294.8
845,1000,179.3691,19,0.38,,0,4,6,0.8292,1,1765,0.5557,679.3,316,0,0.01093,0.477839,-12.788553,845000,14312.4
846,1000,182.3653,19,0.38,,0,4,5,0.433,1,1114,0.4335,717.3,651,0,0.010838,0.693879,-11.96837,846000,14329.3
847,1000,188.6687,18,0.36,,0,4,5,0.5,1,989,0.515,750.6,623,0,0.010648,0.397494,-12.285454,847000,14346.4
848,1000,243.2256,22,0.44,,0,4,7,1.5,2,1580,0.5827,848.0,819,0,0.010455,0.405185,-12.151653,848000,14363.6
849,1000,169.7629,18,0.36,,0,3,7,1.5,1,1578,0.6348,750.0,928,0,0.010528,0.347719,-12.08313,849000,14380.4
850,1000,265.3665,24,0.48,,0,4,8,1.5811,2,1543,0.5753,815.9,988,0,0.010497,0.99738,-11.825651,850000,14397.0
851,1000,345.2373,28,0.56,,0,4,9,1.8708,3,1483,0.663,937.7,985,0,0.010653,0.449039,-11.807703,851000,14433.1
852,1000,168.7854,19,0.38,,0,4,5,0.433,1,2261,0.6695,738.9,463,0,0.010627,0.446602,-11.61861,852000,14449.7
853,1000,383.6354,31,0.62,,0,4,10,2.2776,3,922,0.6735,862.1,992,0,0.010569,0.301077,-11.334594,853000,14466.2
854,1000,248.3751,23,0.46,,0,3,10,2.586,2,1848,0.6008,897.9,976,0,0.010656,0.506521,-12.058539,854000,14482.7
855,1000,327.4589,26,0.52,,0,5,9,1.6583,3,1441,0.5507,826.6,629,0,0.010418,0.323927,-11.825567,855000,14499.5
856,1000,226.0816,21,0.42,,0,4,7,1.0897,2,1961,0.6967,717.5,322,0,0.01058,0.298101,-12.774813,856000,14515.7
857,1000,264.8649,23,0.46,,0,3,10,2.681,2,1478,0.6108,859.5,795,0,0.010391,0.368882,-12.532338,857000,14532.5
858,1000,215.2076,20,0.4,,0,4,6,0.7071,1,869,0.4567,743.1,269,0,0.010554,0.580367,-12.859024,858000,14548.9
859,1000,84.144,17,0.34,,0,3,5,0.8292,0,3300,0.516,792.8,665,0,0.010474,0.54202,-12.52375,859000,14565.4
860,1000,281.4517,21,0.42,,0,5,6,0.433,3,1146,0.4763,741.1,957,0,0.010667,0.32412,-12.577484,860000,14580.9
861,1000,344.7405,25,0.5,,0,5,8,1.299,4,1546,0.5567,750.9,737,0,0.010531,0.26061,-12.768556,861000,14597.4
862,1000,314.6542,27,0.54,,0,3,10,2.8614,3,1820,0.6575,853.9,595,0,0.010582,0.364887,-12.145574,862000,14613.9
863,1000,317.5869,26,0.52,,0,5,8,1.118,3,1736,0.673,830.7,971,0,0.010601,0.444839,-11.740123,863000,14630.2
864,1000,134.6803,17,0.34,,0,4,5,0.433,0,872,0.4208,684.6,477,0,0.010801,0.575633,-12.70789,864000,14646.2
865,1000,289.1621,26,0.52,,0,4,10,2.5981,2,1237,0.4778,816.6,646,0,0.010793,0.496864,-12.060449,865000,14662.7
866,1000,255.3745,22,0.44,,0,5,6,0.5,2,1327,0.549,626.4,819,0,0.010756,0.237112,-11.821962,866000,14678.9
867,1000,273.261,22,0.44,,0,4,7,1.118,3,1916,0.5985,864.5,980,0,0.010752,0.217519,-11.73052,867000,14695.3
868,1000,270.3029,25,0.5,,0,4,9,1.9203,2,1752,0.6225,757.5,990,0,0.01075,1.489272,-11.732996,868000,14711.3
869,1000,264.3029,24,0.48,,0,4,8,1.5811,2,2013,0.5413,864.8,973,0,0.010512,0.270903,-11.370277,869000,14727.9
870,1000,289.5363,25,0.5,,0,4,9,1.9203,2,1205,0.5445,976.3,825,0,0.01057,0.324878,-11.782349,870000,14744.6
871,1000,189.7876,19,0.38,,0,4,6,0.8292,1,896,0.342,605.8,805,0,0.010617,0.387881,-11.841204,871000,14761.1
872,1000,269.9986,24,0.48,,0,4,8,1.5811,2,1410,0.5717,768.0,1000,0,0.010391,0.502775,-11.629461,872000,14777.9
873,1000,169.6575,18,0.36,,0,3,6,1.118,1,788,0.427,655.3,313,0,0.010651,0.45096,-11.67449,873000,14794.8
874,1000,325.4439,26,0.52,,0,5,10,2.0616,3,1201,0.5255,778.8,971,0,0.010432,0.471968,-11.309084,874000,14811.2
875,1000,277.0876,22,0.44,,0,4,8,1.5,3,1585,0.5212,736.4,914,0,0.010271,0.391503,-12.200027,875000,14828.4
876,1000,310.2716,25,0.5,,0,4,8,1.7854,3,1569,0.496,740.9,935,0,0.010318,0.434715,-12.595527,876000,14845.3
877,1000,267.0665,24,0.48,,0,5,8,1.2247,2,1819,0.653,948.9,980,0,0.010493,0.388591,-12.151427,877000,14862.2
878,1000,146.0137,18,0.36,,0,4,5,0.5,0,963,0.4055,728.1,629,0,0.010278,0.352733,-11.532847,878000,14878.3
879,1000,147.0112,15,0.3,,0,2,5,1.299,1,1134,0.48,547.4,163,0,0.010485,0.189908,-12.438019,879000,14895.9
880,1000,205.1451,19,0.38,,0,3,7,1.479,2,1819,0.6212,632.9,458,0,0.010561,0.279507,-11.819645,880000,14912.6
881,1000,231.538,21,0.42,,0,4,8,1.6394,2,1619,0.6355,801.0,931,0,0.010357,0.481052,-11.913361,881000,14929.9
882,1000,340.3369,27,0.54,,0,4,11,2.9475,3,1099,0.5112,717.5,920,0,0.010382,0.977523,-11.99586,882000,14946.4
883,1000,252.8413,23,0.46,,0,4,9,1.9203,2,1876,0.516,762.6,988,0,0.01056,0.413218,-11.125386,883000,14962.9
884,1000,299.4926,25,0.5,,0,5,8,1.299,3,2212,0.672,852.7,602,0,0.010456,0.228733,-11.814814,884000,14979.9
885,1000,241.7111,21,0.42,,0,3,9,2.2776,2,1095,0.5557,663.1,718,0,0.010438,0.411292,-10.591672,885000,14996.3
886,1000,283.2316,23,0.46,,0,4,8,1.479,3,1349,0.5355,849.6,986,0,0.01042,0.304541,-11.434486,886000,15012.7
887,1000,280.5006,23,0.46,,0,3,10,2.586,3,1951,0.6105,918.8,824,0,0.010407,0.243231,-11.938506,887000,15029.5
888,1000,326.4773,26,0.52,,0,4,8,1.6583,3,1210,0.5735,807.2,928,0,0.010409,0.215061,-11.534104,888000,15046.2
889,1000,320.2246,25,0.5,,0,4,8,1.479,3,1234,0.5833,879.8,829,0,0.010376,0.367223,-11.516052,889000,15062.9
890,1000,156.3351,18,0.36,,0,4,5,0.5,1,2277,0.4497,611.2,301,0,0.010079,0.34265,-11.833242,890000,15079.5
891,1000,306.2611,24,0.48,,0,3,9,2.2361,3,1430,0.5765,779.5,913,0,0.010364,0.310074,-12.08814,891000,15095.9
892,1000,155.9821,18,0.36,,0,4,5,0.5,1,1622,0.5847,631.4,949,0,0.010282,0.219116,-11.642354,892000,15112.6
893,1000,409.2396,31,0.62,,0,6,9,1.0897,4,1410,0.6558,899.2,669,0,0.010473,0.172136,-11.391088,893000,15129.0
894,1000,302.6009,24,0.48,,0,4,9,1.8708,3,1391,0.6475,705.0,904,0,0.010411,0.39183,-11.526969,894000,15145.4
895,1000,318.2556,25,0.5,,0,4,8,1.7854,3,1186,0.638,806.6,787,0,0.010318,0.273554,-11.567924,895000,15161.5
896,1000,293.7817,22,0.44,,0,4,8,1.5,3,885,0.6508,671.2,468,0,0.010302,0.328849,-10.524937,896000,15178.0
897,1000,251.7744,23,0.46,,0,3,10,2.681,2,1653,0.4928,851.6,722,0,0.010289,0.502008,-11.059669,897000,15195.5
898,1000,341.7238,27,0.54,,0,4,9,1.9203,3,1047,0.538,953.4,887,0,0.010477,0.316121,-10.694901,898000,15212.3
899,1000,87.7976,15,0.3,,0,2,5,1.299,0,2487,0.674,990.3,380,0,0.01051,0.343536,-11.342531,899000,15229.0
900,1000,332.1859,26,0.52,,0,4,8,1.6583,3,1251,0.5108,927.0,981,0,0.010489,0.404796,-11.699858,900000,15245.7
901,1000,291.8311,24,0.48,,0,4,8,1.5811,3,1926,0.6438,785.3,793,0,0.010491,0.238163,-10.577457,901000,15281.5
902,1000,281.6711,25,0.5,,0,3,9,2.7726,2,1260,0.5557,781.1,849,0,0.010221,0.323012,-11.2146,902000,15298.0
903,1000,233.0803,21,0.42,,0,4,7,1.299,2,1444,0.5298,880.0,437,0,0.010224,0.342652,-10.937256,903000,15314.5
904,1000,261.2004,23,0.46,,0,4,10,2.4875,2,1180,0.5817,805.3,984,0,0.010014,0.42027,-11.195855,904000,15331.1
905,1000,330.3055,24,0.48,,0,5,8,1.2247,4,1934,0.6813,1073.5,800,0,0.01027,0.232744,-11.359233,905000,15347.7
906,1000,371.9932,30,0.6,,0,5,10,2.0616,3,1394,0.6028,792.1,723,0,0.010001,0.466717,-11.311318,906000,15364.0
907,1000,284.5894,23,0.46,,0,4,9,1.9203,3,1849,0.6225,694.5,940,0,0.01009,1.316789,-11.334589,907000,15380.7
908,1000,261.4898,22,0.44,,0,4,7,1.118,3,2155,0.6587,836.6,666,0,0.010274,0.295361,-11.686373,908000,15397.2
909,1000,259.2104,23,0.46,,0,4,7,1.299,2,1516,0.5517,711.4,871,0,0.010306,0.447534,-11.456388,909000,15413.1
910,1000,395.4277,30,0.6,,0,4,10,2.5981,4,1781,0.59,925.5,848,0,0.010575,0.840873,-11.821362,910000,15429.1
911,1000,186.4467,21,0.42,,0,5,6,0.433,1,2321,0.6562,968.3,972,0,0.010332,0.560531,-11.436205,911000,15446.0
912,1000,263.4838,24,0.48,,0,5,8,1.2247,2,1748,0.5763,813.5,856,0,0.010483,0.241165,-10.511219,912000,15462.1
913,1000,255.7352,23,0.46,,0,4,9,1.9203,2,1758,0.5867,852.1,707,0,0.010404,0.258651,-11.212538,913000,15477.3
914,1000,282.6661,26,0.52,,0,4,9,2.0616,2,1555,0.6458,714.8,992,0,0.010278,0.209416,-10.969205,914000,15493.5
915,1000,261.8714,25,0.5,,0,4,8,1.7854,2,2077,0.675,951.2,476,0,0.010363,0.223578,-12.084112,915000,15510.3
916,1000,184.9491,19,0.38,,0,4,6,0.8292,1,1475,0.705,739.5,989,0,0.010512,0.63397,-11.576011,916000,15526.9
917,1000,291.975,24,0.48,,0,4,7,1.2247,3,1869,0.6408,814.2,647,0,0.010713,0.224855,-11.421646,917000,15543.1
918,1000,149.431,18,0.36,,0,4,5,0.5,0,1111,0.424,702.9,211,0,0.010667,1.178968,-11.831735,918000,15556.3
919,1000,255.933,23,0.46,,0,4,8,1.7854,2,1606,0.6108,830.3,767,0,0.010692,0.616855,-11.127781,919000,15570.1
920,1000,339.5337,29,0.58,,0,4,9,1.9203,3,2009,0.6593,808.5,950,0,0.010617,0.254887,-11.531979,920000,15583.5
921,1000,223.4734,18,0.36,,0,4,5,0.5,2,748,0.4953,612.7,872,0,0.010457,0.333678,-11.211949,921000,15596.8
922,1000,385.4062,31,0.62,,0,5,10,1.7854,3,1228,0.6215,942.3,733,0,0.010659,0.279177,-11.649952,922000,15610.7
923,1000,238.546,22,0.44,,0,4,8,1.5,2,1927,0.4667,759.7,536,0,0.010897,0.270539,-10.172922,923000,15624.2
924,1000,216.0958,20,0.4,,0,4,7,1.2247,2,1792,0.4798,590.6,967,0,0.010684,0.307553,-11.555269,924000,15638.5
925,1000,226.7707,22,0.44,,0,4,9,2.0616,2,2285,0.5092,703.7,993,0,0.010667,0.206556,-10.865152,925000,15651.7
926,1000,139.961,18,0.36,,0,3,6,1.118,1,2840,0.655,816.2,704,0,0.01089,0.517506,-10.685255,926000,15665.4
927,1000,316.7728,23,0.46,,0,5,8,1.299,4,2044,0.6767,878.9,843,0,0.010875,0.284738,-9.772575,927000,15678.8
928,1000,52.6359,14,0.28,,0,2,5,1.118,0,3290,0.7262,981.6,149,0,0.010902,0.309219,-11.319702,928000,15691.8
929,1000,289.6449,25,0.5,,0,4,10,2.4875,2,982,0.5383,773.3,906,0,0.010724,0.312391,-11.471586,929000,15705.4
930,1000,223.7064,21,0.42,,0,4,8,1.6394,2,1987,0.5212,711.6,320,0,0.01072,0.254877,-10.671582,930000,15719.0
931,1000,286.548,24,0.48,,0,5,9,1.7321,2,1016,0.5353,729.6,757,0,0.010792,0.795594,-10.609023,931000,15732.9
932,1000,258.2448,21,0.42,,0,5,6,0.433,3,2180,0.5733,712.3,638,0,0.010847,0.279251,-10.647059,932000,15746.9
933,1000,318.602,26,0.52,,0,5,10,2.0616,3,2123,0.678,827.5,875,0,0.010688,0.424446,-10.680384,933000,15760.9
934,1000,209.3637,19,0.38,,0,4,6,0.8292,2,1822,0.5633,741.0,731,0,0.010825,0.441664,-10.860981,934000,15774.5
935,1000,70.3094,14,0.28,,0,1,5,1.5,0,2409,0.7043,1073.5,258,0,0.010823,0.268023,-11.683944,935000,15788.2
936,1000,340.8347,27,0.54,,0,5,9,1.479,3,1042,0.5443,801.0,966,0,0.010852,0.446316,-11.737103,936000,15801.9
937,1000,308.5081,25,0.5,,0,5,10,2.1651,3,2008,0.6228,771.0,632,0,0.01113,0.347237,-10.913042,937000,15815.0
938,1000,256.0495,22,0.44,,0,4,9,2.0616,2,1151,0.5613,861.5,642,0,0.011227,0.335645,-10.926198,938000,15828.5
939,1000,249.5047,23,0.46,,0,4,8,1.7854,2,1846,0.5195,854.0,950,0,0.011111,0.327706,-10.695494,939000,15841.8
940,1000,383.6108,28,0.56,,0,5,10,2.1213,4,1528,0.6165,859.2,856,0,0.011244,0.26062,-10.881913,940000,15855.7
941,1000,382.1312,28,0.56,,0,5,9,1.5811,4,1144,0.5873,957.7,797,0,0.011338,0.375194,-11.175793,941000,15869.3
942,1000,411.4239,30,0.6,,0,6,9,1.118,4,1228,0.6498,888.4,991,0,0.011132,0.434668,-12.221815,942000,15882.8
943,1000,349.8133,24,0.48,,0,5,8,1.2247,4,1191,0.564,851.9,784,0,0.010977,0.426961,-10.327312,943000,15896.6
944,1000,373.2226,29,0.58,,0,4,10,2.7726,3,1199,0.6275,951.7,903,0,0.011245,0.866885,-11.558509,944000,15910.2
945,1000,266.8179,21,0.42,,0,2,7,1.9203,3,1965,0.6627,1073.5,981,0,0.011109,0.415969,-10.966726,945000,15923.6
946,1000,254.3091,19,0.38,,0,3,6,1.0897,3,1332,0.633,980.1,631,0,0.011073,0.231397,-11.299459,946000,15937.7
947,1000,120.1918,16,0.32,,0,3,5,0.7071,0,1447,0.433,690.5,974,0,0.011024,1.032423,-12.097469,947000,15951.4
948,1000,313.4464,27,0.54,,0,4,10,2.7726,2,779,0.6038,710.9,802,0,0.011143,0.419969,-11.567825,948000,15964.6
949,1000,226.3148,20,0.4,,0,3,6,1.2247,2,1592,0.6735,959.9,561,0,0.011054,0.398383,-11.150078,949000,15978.3
950,1000,358.214,29,0.58,,0,4,9,2.0463,3,1441,0.579,872.9,955,0,0.011173,0.394671,-11.968282,950000,15992.1
951,1000,22.7867,10,0.2,,0,2,3,0.5,0,2831,0.7285,1005.3,1000,0,0.011004,0.229356,-12.046902,951000,16021.8
952,1000,247.6878,23,0.46,,0,4,7,1.299,2,2143,0.5068,771.2,884,0,0.011176,0.605978,-10.664972,952000,16035.9
953,1000,333.1128,26,0.52,,0,5,9,1.5,3,1101,0.4853,724.0,993,0,0.011228,0.270702,-11.9235,953000,16049.5
954,1000,360.6618,30,0.6,,0,4,10,2.1794,3,1754,0.6518,939.1,678,0,0.011149,0.315005,-11.971588,954000,16063.3
955,1000,274.9495,22,0.44,,0,4,7,1.118,3,1410,0.5477,730.5,690,0,0.011052,0.41164,-11.678255,955000,16077.2
956,1000,214.1564,22,0.44,,0,2,10,2.8723,1,1823,0.5847,906.0,836,0,0.011199,0.28103,-11.998755,956000,16090.3
957,1000,346.7598,25,0.5,,0,3,10,2.586,4,1484,0.5982,829.6,523,0,0.01115,1.365697,-11.555536,957000,16103.4
958,1000,251.6024,22,0.44,,0,4,8,1.6583,2,1177,0.5787,634.5,810,0,0.011244,0.228737,-11.779793,958000,16116.3
959,1000,266.4063,23,0.46,,0,4,8,1.479,2,1134,0.6032,912.5,868,0,0.011417,0.383294,-11.385644,959000,16129.4
960,1000,314.5122,26,0.52,,0,5,9,1.6583,3,1847,0.6472,831.8,952,0,0.011159,1.635307,-11.585073,960000,16140.1
961,1000,372.1874,29,0.58,,0,4,9,2.0463,3,704,0.521,812.0,854,0,0.011243,0.266466,-12.076841,961000,16151.0
962,1000,205.1266,19,0.38,,0,4,6,0.8292,2,1777,0.4935,748.2,607,0,0.011252,0.275945,-11.440617,962000,16160.1
963,1000,269.1336,25,0.5,,0,5,8,1.299,2,1897,0.4788,727.2,865,0,0.011345,0.325306,-10.949599,963000,16170.5
964,1000,214.395,20,0.4,,0,4,7,1.2247,2,1902,0.6195,966.9,843,0,0.011382,0.319013,-11.836554,964000,16181.3
965,1000,192.0853,20,0.4,,0,4,6,0.7071,1,1366,0.3615,688.0,913,0,0.011218,0.220541,-11.14393,965000,16191.6
966,1000,297.8582,24,0.48,,0,4,9,1.8708,3,1780,0.6637,704.2,820,0,0.011301,0.381536,-10.650171,966000,16202.3
967,1000,200.8334,21,0.42,,0,4,7,1.0897,1,1629,0.5713,845.3,829,0,0.01124,0.346364,-11.786856,967000,16213.1
968,1000,258.5066,23,0.46,,0,4,7,1.299,2,1413,0.5537,892.9,997,0,0.010934,0.282349,-11.269503,968000,16223.6
969,1000,253.9082,22,0.44,,0,4,8,1.5,2,1122,0.5152,681.8,356,0,0.010912,0.352481,-11.99807,969000,16234.0
970,1000,269.241,22,0.44,,0,4,7,1.118,3,1870,0.625,1031.0,618,0,0.010787,0.264136,-11.935245,970000,16244.5
971,1000,339.4275,27,0.54,,0,4,10,2.3848,3,1256,0.5385,905.5,966,0,0.010907,0.413047,-12.150471,971000,16256.1
972,1000,292.5451,23,0.46,,0,4,9,1.9203,3,1389,0.508,712.4,866,0,0.010845,0.437152,-12.012895,972000,16266.9
973,1000,386.2347,28,0.56,,0,5,9,1.5811,4,1015,0.591,768.5,874,0,0.010951,0.2475,-11.503717,973000,16278.6
974,1000,259.3355,19,0.38,,0,4,5,0.433,3,1135,0.5537,834.1,354,0,0.011067,0.428767,-11.943231,974000,16289.6
975,1000,294.2697,23,0.46,,0,4,7,1.0897,3,1395,0.5058,805.6,996,0,0.010713,0.744867,-11.61141,975000,16300.4
976,1000,207.4005,20,0.4,,0,4,6,0.7071,2,2371,0.6915,907.5,859,0,0.010626,0.408887,-11.872449,976000,16311.1
977,1000,280.416,26,0.52,,0,4,9,2.5,2,1777,0.555,799.9,940,0,0.010786,0.345426,-11.912832,977000,16322.2
978,1000,203.3842,21,0.42,,0,4,8,1.6394,1,1277,0.5433,720.2,772,0,0.010737,0.736421,-11.468193,978000,16332.7
979,1000,447.4275,31,0.62,,0,5,10,2.2776,5,1647,0.639,1004.5,643,0,0.01085,0.413355,-10.737345,979000,16343.3
980,1000,285.5152,25,0.5,,0,5,10,2.1651,2,1151,0.4178,710.9,1000,0,0.010768,0.53221,-11.822172,980000,16353.9
981,1000,324.5351,26,0.52,,0,5,9,1.6583,3,1368,0.56,969.4,999,0,0.0111,0.30705,-11.147388,981000,16364.1
982,1000,325.1552,26,0.52,,0,4,9,2.0616,3,1193,0.539,811.4,965,0,0.011028,0.295389,-11.386238,982000,16374.9
983,1000,242.9123,23,0.46,,0,4,8,1.479,2,2189,0.6797,889.9,811,0,0.011038,0.616038,-11.271759,983000,16386.5
984,1000,267.3258,22,0.44,,0,4,7,1.118,3,2222,0.6272,882.0,681,0,0.011053,0.258707,-11.281317,984000,16396.6
985,1000,261.8215,22,0.44,,0,4,7,1.118,2,1230,0.5897,859.5,578,0,0.011025,0.668828,-11.916899,985000,16407.4
986,1000,264.4551,24,0.48,,0,4,8,1.5811,2,1394,0.4738,598.9,935,0,0.011005,0.341412,-11.411413,986000,16417.8
987,1000,424.9465,32,0.64,,0,7,10,1.2247,4,1559,0.6272,952.0,811,0,0.010867,0.462327,-11.319526,987000,16428.4
988,1000,441.5834,33,0.66,,0,4,11,2.586,4,1128,0.5377,904.1,944,0,0.010915,0.524078,-11.374973,988000,16438.9
989,1000,335.1811,24,0.48,,0,5,7,0.7071,4,1619,0.584,766.6,984,0,0.010851,0.322602,-11.605305,989000,16449.4
990,1000,317.3952,25,0.5,,0,4,8,1.7854,3,1036,0.6188,873.0,797,0,0.011059,0.308956,-12.146655,990000,16460.2
991,1000,425.2888,32,0.64,,0,5,10,2.1213,4,1474,0.5575,929.4,998,0,0.011248,0.226333,-11.486212,991000,16470.3
992,1000,289.696,26,0.52,,0,4,10,2.5981,2,1389,0.6475,833.7,866,0,0.010947,0.322563,-11.786723,992000,16481.5
993,1000,196.055,20,0.4,,0,4,6,0.7071,1,1461,0.4472,835.2,637,0,0.010855,0.709934,-11.521555,993000,16492.1
994,1000,244.0641,20,0.4,,0,5,5,0.0,2,1332,0.3665,844.4,737,0,0.010919,0.53318,-11.209689,994000,16502.8
995,1000,269.5254,22,0.44,,0,4,7,1.118,2,622,0.5747,890.0,900,0,0.010977,0.421122,-11.516896,995000,16513.3
996,1000,336.3647,27,0.54,,0,4,9,2.2776,3,1474,0.611,842.8,896,0,0.010918,0.416301,-10.841267,996000,16524.2
997,1000,241.9404,20,0.4,,0,4,7,1.2247,2,875,0.6462,941.2,734,0,0.011159,0.274949,-11.627626,997000,16535.0
998,1000,200.665,18,0.36,,0,4,5,0.5,2,1608,0.4492,617.5,169,0,0.010731,0.268115,-11.111668,998000,16546.3
999,1000,254.6711,23,0.46,,0,4,8,1.479,2,1604,0.587,839.6,934,0,0.01081,0.877428,-11.242794,999000,16556.5
1000,1000,245.0071,22,0.44,,0,4,8,1.5,2,1359,0.584,768.8,966,0,0.01094,0.333133,-11.941655,1000000,16566.8
1001,1000,264.5453,25,0.5,,0,5,8,1.299,2,1996,0.607,1053.4,810,0,0.010861,0.669954,-11.317904,1001000,16591.3
1002,1000,319.4167,26,0.52,,0,5,9,1.5,3,1355,0.6562,934.2,864,0,0.010744,0.352171,-11.909069,1002000,16602.0
1003,1000,292.2608,23,0.46,,0,3,10,2.681,3,1529,0.6098,813.0,529,0,0.010686,0.393485,-11.786554,1003000,16613.4
1004,1000,244.2102,22,0.44,,0,4,8,1.5,2,1902,0.662,880.8,949,0,0.010766,0.22387,-12.028732,1004000,16624.3
1005,1000,383.4517,28,0.56,,0,5,9,2.0,4,997,0.595,968.3,949,0,0.010836,0.418095,-10.832636,1005000,16635.3
1006,1000,356.1708,28,0.56,,0,4,10,2.5495,3,1064,0.5982,813.1,927,0,0.010937,0.345536,-11.380982,1006000,16646.7
1007,1000,260.871,24,0.48,,0,4,8,1.5811,2,1784,0.5185,743.3,928,0,0.010856,0.491673,-12.033047,1007000,16657.1
1008,1000,272.605,24,0.48,,0,3,7,1.7321,3,2067,0.6747,743.1,384,0,0.01099,0.451963,-12.030911,1008000,16667.6
1009,1000,159.0279,18,0.36,,0,3,6,1.118,1,2159,0.4953,886.7,761,0,0.010767,0.487866,-11.811789,1009000,16676.5
1010,1000,303.1101,24,0.48,,0,5,8,1.2247,3,1466,0.4995,717.0,995,0,0.010752,0.581653,-11.704632,1010000,16684.4
1011,1000,264.9497,23,0.46,,0,5,7,0.8292,2,1145,0.5415,913.4,886,0,0.010677,0.328109,-12.067392,1011000,16691.8
1012,1000,348.7766,29,0.58,,0,5,9,1.479,3,1861,0.6238,932.3,877,0,0.010949,0.245236,-12.080523,1012000,16698.6
1013,1000,222.5882,20,0.4,,0,4,6,0.7071,2,1725,0.575,774.8,933,0,0.010928,0.321164,-13.488216,1013000,16704.6
1014,1000,461.0351,32,0.64,,0,6,11,2.1213,5,1411,0.5893,933.7,995,0,0.010907,0.387476,-11.801226,1014000,16710.6
1015,1000,348.1429,29,0.58,,0,5,10,2.2776,3,1775,0.6192,872.0,911,0,0.010878,0.521862,-11.583448,1015000,16716.8
1016,1000,344.0266,27,0.54,,0,4,10,2.7726,3,634,0.4395,836.2,669,0,0.010876,0.246365,-11.326146,1016000,16722.7
1017,1000,262.8578,25,0.5,,0,4,10,2.2776,2,1995,0.6593,985.7,842,0,0.010833,0.409205,-12.159857,1017000,16728.8
1018,1000,339.9539,26,0.52,,0,5,10,2.0616,3,769,0.4447,804.1,871,0,0.010673,0.278677,-12.120098,1018000,16734.7
1019,1000,285.9482,23,0.46,,0,4,9,1.9203,3,1681,0.5867,864.2,837,0,0.010586,0.362113,-12.108365,1019000,16740.8
1020,1000,228.0752,21,0.42,,0,4,6,0.8292,2,1958,0.6445,734.1,720,0,0.010552,0.399042,-12.388468,1020000,16746.9
1021,1000,159.4196,18,0.36,,0,4,5,0.5,1,2103,0.4485,787.1,442,0,0.010669,0.542584,-10.762636,1021000,16753.0
1022,1000,318.2906,26,0.52,,0,5,8,1.118,3,1884,0.6597,879.0,740,0,0.010898,0.41219,-12.627274,1022000,16759.2
1023,1000,313.1177,25,0.5,,0,4,9,1.7854,3,1588,0.6228,789.0,722,0,0.01075,0.469345,-12.180513,1023000,16765.3
1024,1000,204.3718,19,0.38,,0,4,6,0.8292,2,1773,0.5433,731.6,415,0,0.010994,0.305797,-11.841814,1024000,16771.5
1025,1000,365.7901,30,0.6,,0,5,10,2.0616,3,1549,0.62,855.6,942,0,0.010915,0.503985,-11.683562,1025000,16777.6
1026,1000,295.7635,24,0.48,,0,5,7,1.0,3,1956,0.532,876.9,549,0,0.010945,0.452959,-11.612373,1026000,16783.9
1027,1000,351.5926,27,0.54,,0,4,10,2.3848,3,958,0.5905,810.6,995,0,0.010834,0.349252,-11.584834,1027000,16789.9
1028,1000,295.4158,25,0.5,,0,4,9,1.9203,3,2104,0.568,855.0,737,0,0.011037,0.670473,-11.915131,1028000,16795.9
1029,1000,249.5057,23,0.46,,0,5,7,0.8292,2,2162,0.694,977.1,433,0,0.011112,0.317383,-12.519759,1029000,16802.0
1030,1000,334.5769,26,0.52,,0,5,8,1.5,3,1150,0.5735,833.3,826,0,0.011212,0.626042,-12.976002,1030000,16808.0
1031,1000,239.5072,23,0.46,,0,5,7,0.8292,2,2320,0.6893,856.3,576,0,0.011238,0.345879,-12.054863,1031000,16814.0
1032,1000,384.3132,30,0.6,,0,5,10,1.8028,3,1055,0.5935,752.8,876,0,0.010965,0.387437,-10.558254,1032000,16819.8
1033,1000,304.0348,25,0.5,,0,3,11,2.9475,3,1767,0.5002,844.4,732,0,0.010993,0.395723,-11.884068,1033000,16825.7
1034,1000,295.1364,25,0.5,,0,4,9,1.9203,2,1065,0.5265,791.9,722,0,0.011028,0.348395,-12.296839,1034000,16831.6
1035,1000,315.9339,28,0.56,,0,4,10,2.5495,2,1298,0.624,817.1,962,0,0.011055,0.328416,-12.455653,1035000,16837.5
1036,1000,225.5185,23,0.46,,0,5,8,1.299,1,1710,0.6657,806.2,956,0,0.011105,0.311442,-12.041206,1036000,16843.6
1037,1000,131.632,18,0.36,,0,4,5,0.5,0,1935,0.6305,932.4,931,0,0.011053,0.500202,-12.573658,1037000,16849.8
1038,1000,303.9658,24,0.48,,0,5,7,0.7071,3,1371,0.65,759.2,730,0,0.011166,0.637063,-12.53936,1038000,16855.9
1039,1000,167.6619,17,0.34,,0,4,5,0.433,1,1020,0.5345,781.2,882,0,0.011303,0.545202,-12.475063,1039000,16862.0
1040,1000,340.9653,27,0.54,,0,5,9,1.479,3,1356,0.6342,839.1,827,0,0.011248,0.59268,-11.362669,1040000,16868.0
1041,1000,304.8211,25,0.5,,0,5,9,1.6394,3,1518,0.5437,738.0,782,0,0.011216,0.272024,-12.273895,1041000,16874.0
1042,1000,258.4236,22,0.44,,0,4,8,1.5,3,2403,0.6727,755.5,524,0,0.011171,0.493577,-11.927196,1042000,16880.1
1043,1000,253.8514,23,0.46,,0,4,7,1.299,2,1937,0.6947,908.2,927,0,0.011407,0.449414,-12.281412,1043000,16886.0
1044,1000,333.1952,25,0.5,,0,5,8,1.299,3,922,0.5675,750.3,715,0,0.011062,0.413474,-13.144274,1044000,16892.1
1045,1000,245.5581,23,0.46,,0,2,8,2.4875,2,2002,0.5317,694.8,900,0,0.011169,0.494549,-12.257782,1045000,16898.3
1046,1000,233.1886,22,0.44,,0,3,8,1.8028,2,2002,0.4293,674.5,828,0,0.011136,0.313049,-12.306744,1046000,16904.3
1047,1000,219.9617,21,0.42,,0,3,8,1.7854,2,2122,0.6345,807.9,575,0,0.011262,0.182012,-11.529446,1047000,16910.3
1048,1000,180.7781,18,0.36,,0,4,5,0.5,1,334,0.2265,742.2,933,0,0.011304,0.390361,-12.040216,1048000,16916.2
1049,1000,360.5631,27,0.54,,0,5,10,2.0463,4,1789,0.5903,792.0,817,0,0.010927,0.287213,-11.888626,1049000,16922.2
1050,1000,209.4096,22,0.44,,0,4,8,1.5,1,1801,0.6617,840.0,852,0,0.011108,0.323939,-12.312149,1050000,16928.1
1051,1000,250.7659,23,0.46,,0,3,9,2.1651,2,1847,0.6765,965.8,973,0,0.010823,0.486812,-11.834553,1051000,16942.1
1052,1000,188.1157,19,0.38,,0,4,6,0.8292,1,1489,0.5142,719.4,936,0,0.010866,0.468883,-12.036772,1052000,16948.2
1053,1000,260.0447,21,0.42,,0,4,7,1.0897,3,2074,0.489,632.8,495,0,0.011027,0.217433,-12.897757,1053000,16954.2
1054,1000,212.508,19,0.38,,0,4,5,0.433,2,1644,0.5042,763.7,198,0,0.011032,0.343181,-12.977384,1054000,16960.2
1055,1000,330.8483,27,0.54,,0,5,8,1.299,3,1721,0.6953,897.6,976,0,0.010912,0.564907,-12.387891,1055000,16966.3
1056,1000,456.146,34,0.68,,0,4,15,4.1533,4,1170,0.6198,881.1,872,0,0.010999,0.548961,-12.327332,1056000,16972.2
1057,1000,312.2394,25,0.5,,0,3,9,2.1651,3,1152,0.4898,694.9,924,0,0.010966,0.290375,-11.881632,1057000,16978.2
1058,1000,380.2726,27,0.54,,0,5,11,2.4875,4,1428,0.452,844.9,987,0,0.010822,0.412071,-11.872905,1058000,16984.1
1059,1000,272.4616,24,0.48,,0,4,9,2.1213,2,1036,0.513,718.7,777,0,0.010819,0.343366,-12.957658,1059000,16990.1
1060,1000,303.219,25,0.5,,0,5,7,0.8292,3,1858,0.677,1004.8,524,0,0.010956,0.218042,-11.518959,1060000,16996.1
1061,1000,338.6993,28,0.56,,0,4,11,2.7386,3,1783,0.583,750.3,984,0,0.011058,0.318001,-11.97533,1061000,17002.2
1062,1000,324.0361,25,0.5,,0,5,7,0.8292,3,1311,0.5587,890.6,960,0,0.010659,0.556588,-11.557723,1062000,17008.1
1063,1000,328.3706,27,0.54,,0,5,8,1.0897,3,1886,0.681,826.3,980,0,0.010724,0.522645,-12.029126,1063000,17014.0
1064,1000,372.3189,26,0.52,,0,5,10,2.0616,4,1142,0.6655,903.0,750,0,0.010621,0.275707,-12.779337,1064000,17020.0
1065,1000,390.2497,31,0.62,,0,5,10,1.7854,3,1185,0.5663,769.5,614,0,0.010997,0.348027,-10.954007,1065000,17025.8
1066,1000,350.9762,28,0.56,,0,5,10,2.1213,3,1483,0.641,1044.1,715,0,0.010858,0.23678,-13.055922,1066000,17031.8
1067,1000,307.1531,22,0.44,,0,5,6,0.5,4,2152,0.649,846.6,734,0,0.011027,0.516019,-11.919104,1067000,17037.9
1068,1000,196.6485,20,0.4,,0,4,7,1.2247,1,1104,0.4575,716.8,825,0,0.010807,0.312394,-13.304943,1068000,17043.8
1069,1000,172.3512,19,0.38,,0,4,6,0.8292,1,2056,0.421,712.0,557,0,0.01083,0.260172,-12.512352,1069000,17049.8
1070,1000,414.1888,30,0.6,,0,5,10,1.8028,4,1032,0.609,814.8,991,0,0.010837,0.338461,-12.204796,1070000,17055.7
1071,1000,313.9102,27,0.54,,0,5,9,1.7854,2,1332,0.582,835.5,941,0,0.010766,0.231717,-10.952451,1071000,17061.7
1072,1000,264.1003,23,0.46,,0,4,8,1.7854,2,1015,0.582,763.8,798,0,0.010433,0.354111,-12.993164,1072000,17067.7
1073,1000,216.1196,19,0.38,,0,3,6,1.0897,2,1736,0.4672,691.7,953,0,0.010577,0.457294,-12.090647,1073000,17073.6
1074,1000,315.058,25,0.5,,0,4,10,2.2776,3,1561,0.5657,672.3,781,0,0.010523,0.541307,-12.825739,1074000,17079.5
1075,1000,210.5971,21,0.42,,0,3,9,2.2776,1,1347,0.517,648.6,848,0,0.010471,0.674384,-12.448822,1075000,17085.7
1076,1000,189.3689,20,0.4,,0,4,7,1.2247,1,1869,0.4998,646.9,836,0,0.010579,0.309337,-11.7938,1076000,17091.8
1077,1000,432.9145,29,0.58,,0,5,10,1.9203,5,1044,0.609,983.3,590,0,0.010683,0.375078,-13.024221,1077000,17097.8
1078,1000,202.5996,20,0.4,,0,4,6,0.7071,1,1461,0.6232,794.6,772,0,0.010652,0.368395,-11.688561,1078000,17103.8
1079,1000,207.8093,20,0.4,,0,4,6,0.7071,2,2260,0.465,777.2,335,0,0.010873,0.780716,-11.691371,1079000,17109.8
1080,1000,266.0048,23,0.46,,0,4,9,1.9203,2,1355,0.5375,789.5,571,0,0.010664,0.481553,-13.184296,1080000,17115.7
1081,1000,175.2698,18,0.36,,0,4,5,0.5,1,1451,0.401,802.9,234,0,0.010698,0.296658,-11.370168,1081000,17121.7
1082,1000,236.2614,21,0.42,,0,4,7,1.0897,2,1509,0.4582,787.2,982,0,0.010742,0.297079,-11.956548,1082000,17128.0
1083,1000,115.6345,15,0.3,,0,2,5,1.299,1,2116,0.4215,583.5,812,0,0.010534,0.41381,-12.290159,1083000,17134.2
1084,1000,308.448,24,0.48,,0,4,9,1.8708,3,1146,0.5525,741.9,751,0,0.010528,0.308974,-11.79073,1084000,17140.2
1085,1000,143.9779,20,0.4,,0,5,5,0.0,0,2389,0.662,984.1,903,0,0.010458,0.267111,-12.286277,1085000,17146.3
1086,1000,174.55,20,0.4,,0,4,6,0.7071,1,2371,0.4535,779.9,901,0,0.010409,0.237234,-12.665501,1086000,17152.3
1087,1000,272.7735,25,0.5,,0,4,10,2.4875,2,1765,0.6562,991.5,869,0,0.010355,0.555286,-13.169228,1087000,17158.6
1088,1000,431.6277,32,0.64,,0,5,9,1.7321,4,1049,0.555,788.8,919,0,0.010711,0.302255,-12.725164,1088000,17164.7
1089,1000,342.0616,27,0.54,,0,4,10,2.3848,3,706,0.4527,784.1,995,0,0.010696,0.282404,-13.680973,1089000,17170.7
1090,1000,300.69,24,0.48,,0,5,8,1.2247,3,1717,0.6408,1073.5,664,0,0.010734,0.37413,-12.078649,1090000,17176.6
1091,1000,392.7409,32,0.64,,0,5,10,2.1213,3,1527,0.5867,888.4,919,0,0.010741,0.430997,-12.5786,1091000,17182.5
1092,1000,249.0944,22,0.44,,0,4,8,1.5,2,1474,0.6717,776.3,303,0,0.010485,0.392554,-12.356241,1092000,17188.6
1093,1000,191.1915,21,0.42,,0,5,6,0.433,1,2125,0.5005,665.0,782,0,0.010631,0.209012,-13.120522,1093000,17194.6
1094,1000,440.186,30,0.6,,0,5,10,2.0616,5,1276,0.6,920.2,877,0,0.010547,0.344693,-12.854134,1094000,17200.7
1095,1000,361.8796,29,0.58,,0,3,10,2.9475,3,1304,0.6817,873.3,981,0,0.010446,0.414905,-11.973297,1095000,17206.8
1096,1000,311.4537,25,0.5,,0,5,10,2.1651,3,1645,0.5855,803.9,780,0,0.010619,0.231286,-12.220448,1096000,17212.9
1097,1000,61.1502,14,0.28,,0,1,5,1.5,0,3057,0.7242,776.8,182,0,0.010193,0.271838,-11.884039,1097000,17219.3
1098,1000,191.1478,19,0.38,,0,4,5,0.433,1,992,0.286,708.5,293,0,0.010484,0.206811,-12.780237,1098000,17225.5
1099,1000,350.0749,29,0.58,,0,5,10,2.2776,3,1830,0.6515,997.9,952,0,0.010338,0.59406,-11.828226,1099000,17231.6
1100,1000,372.3674,30,0.6,,0,5,10,2.0616,3,1140,0.6145,972.9,974,0,0.010664,0.407756,-13.54623,1100000,17237.6
1101,1000,281.4584,22,0.44,,0,5,6,0.5,3,1677,0.506,901.4,969,0,0.010822,0.285175,-12.828686,1101000,17251.8
1102,1000,206.9312,20,0.4,,0,4,6,0.7071,2,2381,0.6707,693.8,830,0,0.010891,0.211945,-12.824903,1102000,17258.1
1103,1000,320.3659,26,0.52,,0,5,8,1.118,3,1644,0.639,839.9,919,0,0.010905,0.341666,-12.481436,1103000,17264.2
1104,1000,170.8438,18,0.36,,0,4,5,0.5,1,1502,0.6202,787.6,431,0,0.011015,0.429638,-12.415514,1104000,17270.4
1105,1000,249.6389,22,0.44,,0,5,7,0.866,2,701,0.5737,826.5,993,0,0.010831,0.339347,-12.713923,1105000,17276.2
1106,1000,286.0171,24,0.48,,0,5,7,0.7071,3,2373,0.6625,1028.2,750,0,0.01099,0.330699,-12.270149,1106000,17282.5
1107,1000,287.1539,24,0.48,,0,4,8,1.5811,3,1992,0.686,780.3,719,0,0.010995,0.51542,-12.257738,1107000,17288.8
1108,1000,249.2694,22,0.44,,0,5,6,0.5,2,1777,0.5188,777.0,574,0,0.010937,0.301987,-13.136963,1108000,17294.9
1109,1000,325.6179,27,0.54,,0,5,9,1.479,3,1744,0.686,932.1,579,0,0.011051,0.717937,-12.936893,1109000,17300.8
1110,1000,387.3714,29,0.58,,0,5,10,1.9203,4,1625,0.6552,986.3,732,0,0.010943,0.566767,-12.844458,1110000,17306.8
1111,1000,296.1595,25,0.5,,0,5,9,1.6394,3,2137,0.6623,988.2,640,0,0.011179,0.296478,-12.475317,1111000,17312.7
1112,1000,234.3141,21,0.42,,0,5,6,0.433,2,1829,0.4918,668.0,985,0,0.011062,0.327546,-12.444664,1112000,17318.7
1113,1000,337.4869,27,0.54,,0,5,9,1.479,3,1398,0.5333,813.9,741,0,0.010946,0.189911,-12.40838,1113000,17324.7
1114,1000,214.5133,19,0.38,,0,4,5,0.433,2,1445,0.4002,814.9,352,0,0.010972,0.454286,-13.295486,1114000,17330.8
1115,1000,300.1946,26,0.52,,0,4,10,2.2913,2,1205,0.6595,799.1,964,0,0.011252,0.407821,-11.99384,1115000,17336.8
1116,1000,452.8824,31,0.62,,0,5,10,1.9203,5,1201,0.5553,749.0,592,0,0.01094,0.301412,-13.800508,1116000,17342.9
1117,1000,286.7331,23,0.46,,0,4,9,1.9203,2,474,0.4368,834.2,918,0,0.010974,0.311937,-12.55716,1117000,17348.8
1118,1000,346.0435,23,0.46,,0,5,6,0.433,4,679,0.4535,843.4,928,0,0.010893,0.387454,-13.311818,1118000,17354.7
1119,1000,336.0731,28,0.56,,0,5,10,2.1213,3,1842,0.666,1022.0,805,0,0.01121,0.402907,-12.99679,1119000,17360.7
1120,1000,250.2376,23,0.46,,0,5,8,1.299,2,1697,0.5032,936.6,916,0,0.010911,0.338336,-11.926258,1120000,17366.7
1121,1000,382.2561,30,0.6,,0,5,10,1.8028,3,983,0.5707,802.4,889,0,0.010748,0.530166,-12.676128,1121000,17372.9
1122,1000,362.9881,26,0.52,,0,4,11,2.6926,4,1314,0.5365,741.7,964,0,0.010858,0.484544,-11.893474,1122000,17378.8
1123,1000,411.3895,30,0.6,,0,5,12,2.6926,4,1024,0.6188,785.8,996,0,0.010672,0.454356,-12.8983,1123000,17384.8
1124,1000,296.2706,27,0.54,,0,5,10,2.0463,2,1888,0.5982,808.0,698,0,0.010822,0.494861,-12.666241,1124000,17390.8
1125,1000,319.3579,26,0.52,,0,5,8,1.5,3,1801,0.6045,961.4,785,0,0.010855,0.537773,-13.074078,1125000,17396.8
1126,1000,390.5446,29,0.58,,0,5,10,1.9203,4,1449,0.5747,855.1,735,0,0.010576,0.243769,-12.171135,1126000,17402.9
1127,1000,244.6924,23,0.46,,0,5,8,1.299,2,2222,0.695,938.9,996,0,0.0106,0.456637,-13.156394,1127000,17409.2
1128,1000,433.0324,29,0.58,,0,5,10,1.9203,5,1052,0.5835,892.0,869,0,0.010734,0.376665,-13.052347,1128000,17415.3
1129,1000,352.9148,26,0.52,,0,5,8,1.118,4,1799,0.5118,867.7,952,0,0.010756,0.710052,-12.501356,1129000,17421.4
1130,1000,199.5435,21,0.42,,0,5,6,0.433,1,1961,0.4455,671.6,251,0,0.010444,0.424063,-11.656953,1130000,17427.4
1131,1000,380.3063,27,0.54,,0,5,10,2.0463,4,1006,0.4557,743.2,745,0,0.010592,0.294077,-12.342256,1131000,17433.3
1132,1000,326.1566,26,0.52,,0,4,9,2.0616,3,1291,0.529,880.6,900,0,0.010998,0.218729,-12.755302,1132000,17439.3
1133,1000,232.3015,21,0.42,,0,4,7,1.0897,2,1796,0.4953,767.0,709,0,0.010799,0.324193,-12.627253,1133000,17445.5
1134,1000,252.1494,23,0.46,,0,4,10,2.4875,2,1416,0.618,813.7,843,0,0.010755,0.322025,-12.659594,1134000,17451.5
1135,1000,248.734,22,0.44,,0,4,8,1.5,2,1691,0.6022,764.9,992,0,0.010571,0.456856,-13.48966,1135000,17457.4
1136,1000,319.2657,24,0.48,,0,5,7,1.0,3,1005,0.6635,966.2,752,0,0.010642,0.581327,-12.417907,1136000,17463.7
1137,1000,287.941,25,0.5,,0,3,10,2.586,2,1466,0.5855,945.1,825,0,0.010584,0.428158,-11.861039,1137000,17469.9
1138,1000,279.2393,24,0.48,,0,3,9,2.2361,2,1214,0.6172,886.7,913,0,0.010892,0.357102,-12.706483,1138000,17476.1
1139,1000,226.3148,22,0.44,,0,4,7,1.118,2,2379,0.6335,956.7,405,0,0.010972,0.295134,-11.908237,1139000,17482.2
1140,1000,176.5352,19,0.38,,0,4,5,0.433,1,1914,0.532,771.2,714,0,0.010684,0.447738,-12.012362,1140000,17488.4
1141,1000,401.6362,28,0.56,,0,5,10,1.8708,4,837,0.5942,928.2,999,0,0.01087,0.330635,-11.331057,1141000,17494.3
1142,1000,344.5475,28,0.56,,0,5,8,1.2247,3,1577,0.647,918.4,834,0,0.010714,0.236923,-11.590204,1142000,17500.5
1143,1000,198.1177,19,0.38,,0,4,5,0.433,1,1123,0.5653,710.0,866,0,0.01057,0.257268,-11.826479,1143000,17506.5
1144,1000,247.9657,23,0.46,,0,3,10,2.681,2,1828,0.5238,717.9,723,0,0.01065,0.26329,-11.732375,1144000,17512.7
1145,1000,194.4257,20,0.4,,0,3,8,1.8708,1,1272,0.515,799.8,798,0,0.010549,0.316067,-12.045063,1145000,17519.0
1146,1000,271.5517,24,0.48,,0,4,8,1.5811,2,1175,0.5897,823.5,980,0,0.010846,0.322958,-12.650822,1146000,17525.0
1147,1000,225.2389,20,0.4,,0,5,5,0.0,2,2076,0.5855,744.5,347,0,0.010565,0.483152,-11.35544,1147000,17531.3
1148,1000,309.44,25,0.5,,0,5,10,2.1651,3,1696,0.597,832.4,858,0,0.010742,0.316663,-12.279704,1148000,17537.7
1149,1000,283.3347,22,0.44,,0,5,7,0.866,3,1675,0.4482,817.0,977,0,0.010999,0.441314,-11.689486,1149000,17544.0
1150,1000,318.4164,27,0.54,,0,5,10,2.0463,3,1921,0.6192,934.0,657,0,0.010927,0.651178,-12.024416,1150000,17550.3
1151,1000,308.3518,26,0.52,,0,4,10,2.1794,3,2093,0.6655,1025.7,951,0,0.010925,0.533905,-13.152699,1151000,17564.7
1152,1000,232.9791,21,0.42,,0,3,7,1.479,2,1821,0.6172,856.6,980,0,0.010826,0.393355,-12.334974,1152000,17571.0
1153,1000,94.0222,15,0.3,,0,2,5,1.0897,0,1792,0.675,843.1,514,0,0.01069,0.79295,-12.439169,1153000,17577.2
1154,1000,262.4529,20,0.4,,0,4,6,0.7071,3,1585,0.5665,795.6,834,0,0.010463,0.555134,-12.078875,1154000,17583.5
1155,1000,156.9338,17,0.34,,0,3,5,0.8292,1,1835,0.645,894.3,834,0,0.010558,1.030372,-12.806434,1155000,17589.6
1156,1000,295.3164,26,0.52,,0,3,9,2.5981,2,1310,0.4988,755.8,590,0,0.010616,0.348624,-11.939095,1156000,17595.8
1157,1000,400.1122,29,0.58,,0,5,9,1.479,4,1233,0.651,954.4,849,0,0.010414,0.348107,-11.200203,1157000,17601.9
1158,1000,334.9548,29,0.58,,0,5,10,2.2776,2,994,0.5683,892.0,999,0,0.010522,0.238833,-11.660151,1158000,17608.1
1159,1000,271.8088,24,0.48,,0,5,9,1.7321,2,1516,0.5955,910.0,953,0,0.010402,0.595924,-11.910568,1159000,17614.4
1160,1000,367.2426,30,0.6,,0,4,10,2.1794,3,1359,0.5972,976.3,875,0,0.01034,0.518487,-12.300608,1160000,17620.3
1161,1000,314.3841,27,0.54,,0,4,9,2.2776,2,723,0.499,671.7,643,0,0.010429,0.292092,-11.714494,1161000,17626.2
1162,1000,120.5603,17,0.34,,0,4,5,0.433,0,1157,0.4948,660.0,175,0,0.010437,0.727948,-12.393648,1162000,17632.1
1163,1000,252.6359,22,0.44,,0,3,8,1.8028,2,819,0.4868,955.7,911,0,0.010406,0.532099,-12.62117,1163000,17638.1
1164,1000,188.8763,21,0.42,,0,4,7,1.0897,1,1954,0.469,864.3,637,0,0.010502,0.267442,-11.370216,1164000,17644.2
1165,1000,357.3085,26,0.52,,0,5,9,1.6583,4,1768,0.6088,861.9,875,0,0.010543,0.515872,-12.031163,1165000,17650.5
1166,1000,180.128,19,0.38,,0,3,6,1.0897,1,1654,0.6375,934.0,880,0,0.010402,0.30764,-11.843965,1166000,17656.8
1167,1000,322.9733,26,0.52,,0,4,9,2.0616,3,1397,0.5028,864.2,991,0,0.0106,0.30763,-12.198134,1167000,17662.9
1168,1000,146.2358,18,0.36,,0,3,5,0.866,0,1003,0.445,761.0,912,0,0.010884,0.412604,-12.475389,1168000,17668.9
1169,1000,260.1531,22,0.44,,0,5,7,0.866,2,1521,0.4913,859.9,813,0,0.010787,0.398818,-12.364251,1169000,17674.8
1170,1000,164.6627,18,0.36,,0,4,5,0.5,0,265,0.3623,718.0,194,0,0.010412,0.48527,-12.989923,1170000,17680.8
1171,1000,314.0224,26,0.52,,0,5,8,1.118,3,2075,0.609,882.2,929,0,0.010576,0.505152,-13.357225,1171000,17686.8
1172,1000,250.2969,23,0.46,,0,3,8,1.9203,2,1907,0.5235,884.1,995,0,0.010557,0.473694,-12.747784,1172000,17692.8
1173,1000,268.1957,23,0.46,,0,4,8,1.479,2,1275,0.3605,674.4,966,0,0.010549,0.378079,-12.051438,1173000,17698.8
1174,1000,291.5925,24,0.48,,0,4,8,1.4142,3,1946,0.5777,726.1,856,0,0.010783,0.396701,-11.82413,1174000,17705.0
1175,1000,331.1946,25,0.5,,0,5,8,1.0897,4,2397,0.6218,865.8,564,0,0.010722,0.744881,-12.700692,1175000,17711.2
1176,1000,409.1156,31,0.62,,0,5,10,1.9203,4,1523,0.64,851.3,958,0,0.010872,0.212508,-12.42064,1176000,17717.5
1177,1000,156.4178,17,0.34,,0,3,5,0.8292,1,1594,0.463,808.4,357,0,0.010864,0.762844,-12.749652,1177000,17723.7
1178,1000,354.7373,28,0.56,,0,3,9,2.4495,3,835,0.6725,1007.2,999,0,0.010953,0.428095,-12.148415,1178000,17729.6
1179,1000,234.3384,21,0.42,,0,5,6,0.433,2,1735,0.4895,781.3,523,0,0.011062,0.449391,-12.754814,1179000,17735.6
1180,1000,375.6246,27,0.54,,0,5,10,2.0463,4,954,0.6765,931.8,962,0,0.010925,0.376454,-11.849176,1180000,17741.6
1181,1000,248.8239,21,0.42,,0,4,7,1.0897,2,1452,0.5012,849.1,663,0,0.011055,0.434325,-13.313103,1181000,17747.6
1182,1000,356.3026,29,0.58,,0,5,9,1.479,3,1208,0.6675,790.1,799,0,0.010855,0.295816,-12.749513,1182000,17753.7
1183,1000,323.0059,27,0.54,,0,4,9,1.7854,3,1885,0.6405,957.5,755,0,0.011044,0.395178,-12.368394,1183000,17759.8
1184,1000,433.0906,33,0.66,,0,5,10,2.0463,4,1081,0.6168,906.8,964,0,0.011227,0.359554,-12.550217,1184000,17765.9
1185,1000,285.9476,23,0.46,,0,4,10,2.4875,2,290,0.5072,781.6,809,0,0.011256,0.433024,-12.068024,1185000,17771.9
1186,1000,206.0511,20,0.4,,0,4,6,0.7071,2,2707,0.6763,896.0,836,0,0.011375,0.587356,-12.602709,1186000,17778.4
1187,1000,285.0911,25,0.5,,0,4,10,2.2776,2,1594,0.5875,715.0,919,0,0.011148,0.190318,-13.352139,1187000,17785.0
1188,1000,382.0573,29,0.58,,0,5,10,1.7854,3,813,0.5305,767.3,956,0,0.011226,0.450545,-13.230228,1188000,17791.1
1189,1000,164.9374,19,0.38,,0,2,9,2.586,1,2059,0.5767,617.7,798,0,0.011193,0.358594,-13.502392,1189000,17797.1
1190,1000,232.7088,21,0.42,,0,4,6,0.8292,2,1358,0.5683,667.4,901,0,0.011115,0.539147,-12.851982,1190000,17803.0
1191,1000,81.4551,15,0.3,,0,2,5,1.0897,0,2873,0.7198,1000.1,268,0,0.011119,0.25268,-12.076519,1191000,17810.3
1192,1000,344.5789,27,0.54,,0,4,10,2.1651,3,1237,0.6155,817.6,767,0,0.01137,0.656365,-12.831467,1192000,17817.0
1193,1000,425.3811,28,0.56,,0,5,10,1.8708,5,1141,0.6062,864.2,912,0,0.011238,0.361824,-11.59753,1193000,17822.9
1194,1000,354.6194,26,0.52,,0,5,7,0.866,4,1651,0.656,956.5,645,0,0.011345,0.321855,-12.785442,1194000,17829.7
1195,1000,367.2279,27,0.54,,0,4,10,2.3848,3,364,0.5198,792.6,956,0,0.011247,0.466605,-12.783736,1195000,17835.6
1196,1000,332.6481,23,0.46,,0,5,7,0.8292,4,1181,0.5737,731.8,959,0,0.011323,0.295585,-12.275535,1196000,17841.7
1197,1000,338.7459,29,0.58,,0,4,10,2.7726,2,1194,0.5205,781.4,945,0,0.011431,0.383955,-12.228846,1197000,17847.7
1198,1000,446.8878,30,0.6,,0,5,10,2.5,5,1454,0.6562,899.2,909,0,0.011523,0.298365,-12.702611,1198000,17853.9
1199,1000,191.1937,19,0.38,,0,4,7,1.299,1,1057,0.3987,705.8,872,0,0.011664,0.437887,-12.915594,1199000,17859.9
1200,1000,285.6995,24,0.48,,0,5,7,1.0,3,2395,0.647,942.1,739,0,0.011577,0.693368,-13.096502,1200000,17865.8
1201,1000,361.069,29,0.58,,0,5,10,1.9203,3,1395,0.6092,800.1,836,0,0.011688,0.406169,-13.32305,1201000,17879.7
1202,1000,201.4222,21,0.42,,0,4,8,1.6394,1,1445,0.3493,723.7,467,0,0.011551,0.275111,-11.938296,1202000,17885.8
1203,1000,242.3334,22,0.44,,0,5,6,0.5,2,1820,0.614,905.7,651,0,0.011419,0.339136,-12.726881,1203000,17891.8
1204,1000,358.3628,28,0.56,,0,5,9,2.0,3,1384,0.5295,877.8,963,0,0.011487,0.274582,-12.723261,1204000,17897.9
1205,1000,177.1089,19,0.38,,0,4,6,0.8292,1,1734,0.5098,745.4,742,0,0.011386,0.561239,-12.434614,1205000,17904.2
1206,1000,97.7157,16,0.32,,0,3,5,0.7071,0,2458,0.4988,743.4,345,0,0.011113,0.301877,-12.162468,1206000,17910.6
1207,1000,328.7466,27,0.54,,0,4,8,1.6394,3,1792,0.6625,1051.0,747,0,0.011245,0.311361,-13.313509,1207000,17917.0
1208,1000,379.7765,29,0.58,,0,6,8,0.8292,4,1838,0.638,1068.5,852,0,0.011527,0.467536,-12.44704,1208000,17923.2
1209,1000,311.7563,27,0.54,,0,4,9,2.2776,2,1016,0.5477,785.8,731,0,0.011533,0.395879,-12.61573,1209000,17929.1
1210,1000,206.8613,21,0.42,,0,4,7,1.0897,1,1411,0.5727,732.1,922,0,0.011328,0.266451,-13.24774,1210000,17935.2
1211,1000,405.6531,30,0.6,,0,4,12,3.2016,4,1438,0.6225,907.0,942,0,0.01129,0.409436,-12.073951,1211000,17941.2
1212,1000,369.5036,26,0.52,,0,4,10,2.2913,4,836,0.3862,707.7,782,0,0.011439,0.671159,-14.111132,1212000,17947.0
1213,1000,234.5382,23,0.46,,0,4,10,2.4875,1,805,0.4813,725.2,769,0,0.011277,0.416676,-12.805722,1213000,17953.0
1214,1000,66.6568,15,0.3,,0,2,5,1.299,0,2709,0.7225,884.0,670,0,0.011472,0.381804,-13.268006,1214000,17959.1
1215,1000,97.5348,17,0.34,,0,3,5,0.8292,0,2663,0.7258,1073.5,255,0,0.011408,0.564017,-13.319169,1215000,17965.5
1216,1000,317.713,26,0.52,,0,4,10,2.2913,3,1719,0.6593,980.0,979,0,0.011385,0.30136,-12.346414,1216000,17971.9
1217,1000,158.4399,17,0.34,,0,2,5,1.299,1,2146,0.6795,791.3,818,0,0.011545,0.221327,-13.146173,1217000,17978.2
1218,1000,399.0665,29,0.58,,0,5,10,2.2776,4,1318,0.5443,795.4,867,0,0.011505,0.497711,-12.860657,1218000,17984.1
1219,1000,241.6946,21,0.42,,0,5,6,0.433,2,1853,0.5423,860.0,680,0,0.011672,0.572173,-13.56493,1219000,17990.1
1220,1000,228.7431,21,0.42,,0,4,8,1.6394,2,1380,0.558,822.7,910,0,0.011816,0.400789,-14.127788,1220000,17996.1
1221,1000,87.3239,15,0.3,,0,2,5,1.0897,0,2510,0.5335,801.9,278,0,0.011687,0.341082,-13.067222,1221000,18002.2
1222,1000,40.8392,12,0.24,,0,1,5,2.0,0,2961,0.7183,1059.8,783,0,0.01172,0.44146,-13.243286,1222000,18008.3
1223,1000,316.2423,24,0.48,,0,4,8,1.5811,3,1036,0.5407,830.1,881,0,0.011395,0.717014,-13.220714,1223000,18014.2
1224,1000,89.1511,14,0.28,,0,2,5,1.118,0,1812,0.592,801.5,578,0,0.011559,0.392966,-12.713894,1224000,18020.2
1225,1000,266.1203,20,0.4,,0,4,6,0.7071,3,1528,0.5595,814.4,854,0,0.011387,0.639582,-13.698848,1225000,18026.2
1226,1000,101.2149,16,0.32,,0,3,5,1.0,0,2201,0.7222,1061.2,478,0,0.011201,0.410346,-13.050511,1226000,18032.2
1227,1000,243.7081,22,0.44,,0,4,8,1.5,2,1766,0.629,832.2,637,0,0.011229,0.256421,-14.250855,1227000,18038.6
1228,1000,288.7535,23,0.46,,0,3,10,2.586,3,1927,0.5815,894.5,925,0,0.011214,0.687889,-13.242819,1228000,18044.7
1229,1000,105.3403,16,0.32,,0,3,5,0.7071,0,1953,0.4803,747.7,845,0,0.011262,0.352115,-13.165918,1229000,18050.7
1230,1000,305.5469,23,0.46,,0,4,9,1.9203,3,782,0.4173,810.4,983,0,0.011121,0.548682,-13.945934,1230000,18056.5
1231,1000,241.1242,22,0.44,,0,4,7,1.118,2,1630,0.597,807.1,956,0,0.011126,0.598284,-13.357323,1231000,18062.4
1232,1000,322.6387,23,0.46,,0,5,7,0.8292,4,1538,0.5573,860.4,784,0,0.011215,0.528447,-13.16399,1232000,18068.4
1233,1000,308.3006,25,0.5,,0,5,8,1.299,3,1633,0.596,777.3,863,0,0.011414,0.460425,-13.406796,1233000,18074.4
1234,1000,36.8057,11,0.22,,0,1,5,1.7854,0,2803,0.7258,1073.5,678,0,0.011351,0.60653,-13.906038,1234000,18080.8
1235,1000,358.7194,25,0.5,,0,5,8,1.299,4,1135,0.6162,1029.5,709,0,0.011349,0.461885,-13.643705,1235000,18086.7
1236,1000,206.361,21,0.42,,0,4,8,1.6394,1,1409,0.6105,743.2,757,0,0.011364,0.738161,-12.79161,1236000,18092.8
1237,1000,169.4234,19,0.38,,0,4,5,0.433,1,2054,0.5298,666.0,174,0,0.011233,0.318941,-13.019498,1237000,18098.7
1238,1000,315.4207,25,0.5,,0,4,8,1.479,3,1407,0.6653,979.3,876,0,0.011253,0.426406,-14.008717,1238000,18104.7
1239,1000,177.0696,18,0.36,,0,4,5,0.5,1,1378,0.439,922.8,412,0,0.01113,0.327052,-13.192454,1239000,18110.7
1240,1000,121.6057,19,0.38,,0,4,5,0.433,0,2595,0.5212,625.5,288,0,0.011479,0.582305,-13.667104,1240000,18116.6
1241,1000,247.5475,23,0.46,,0,5,8,1.299,1,785,0.4778,839.7,875,0,0.011523,0.403676,-13.631672,1241000,18122.3
1242,1000,289.4241,23,0.46,,0,5,8,1.299,3,1995,0.659,870.3,907,0,0.011717,0.646515,-13.631749,1242000,18128.2
1243,1000,198.237,20,0.4,,0,4,7,1.2247,1,1214,0.4228,696.9,835,0,0.011594,0.359127,-13.476997,1243000,18134.2
1244,1000,295.7534,26,0.52,,0,4,10,2.2913,2,1388,0.5317,787.8,799,0,0.011542,0.596571,-12.775961,1244000,18140.1
1245,1000,339.478,29,0.58,,0,5,10,1.9203,3,1709,0.661,986.0,950,0,0.011453,0.511109,-13.914018,1245000,18146.1
1246,1000,334.1944,23,0.46,,0,5,7,0.8292,4,1061,0.4677,741.5,976,0,0.01155,0.445148,-13.652334,1246000,18152.1
1247,1000,282.0074,25,0.5,,0,4,9,1.9203,2,1544,0.6,754.7,815,0,0.011657,0.22051,-13.692375,1247000,18158.0
1248,1000,314.8187,27,0.54,,0,4,9,1.7854,3,1964,0.5857,988.3,875,0,0.011921,0.533596,-13.944318,1248000,18164.0
1249,1000,231.1626,20,0.4,,0,4,6,0.7071,2,1423,0.477,654.3,944,0,0.011953,0.287064,-13.417555,1249000,18169.9
1250,1000,314.3486,25,0.5,,0,4,9,1.7854,3,1369,0.4295,955.4,974,0,0.011741,0.356028,-13.397945,1250000,18175.9
1251,1000,284.991,25,0.5,,0,5,10,2.1651,2,1426,0.452,667.4,673,0,0.011968,0.449039,-13.259986,1251000,18189.7
1252,1000,288.4142,24,0.48,,0,5,9,1.7321,3,2161,0.6653,714.0,568,0,0.011732,0.489471,-13.238091,1252000,18195.7
1253,1000,314.8434,25,0.5,,0,5,8,1.299,3,1535,0.4858,873.0,995,0,0.01197,0.526648,-13.910711,1253000,18201.7
1254,1000,158.5906,18,0.36,,0,3,6,1.118,1,1829,0.7077,734.0,952,0,0.011807,0.291348,-13.003094,1254000,18207.8
1255,1000,314.3806,26,0.52,,0,3,10,2.5,3,1744,0.6278,951.8,809,0,0.011797,0.63411,-13.960434,1255000,18213.7
1256,1000,263.7557,22,0.44,,0,4,6,0.866,3,2064,0.5705,798.1,629,0,0.011678,0.631607,-13.73575,1256000,18219.8
1257,1000,160.5408,19,0.38,,0,4,5,0.433,1,2298,0.622,766.0,235,0,0.011719,0.406104,-13.278475,1257000,18225.8
1258,1000,392.3962,29,0.58,,0,5,9,1.479,4,1322,0.6015,1073.5,792,0,0.011689,0.366423,-12.745331,1258000,18231.8
1259,1000,287.6246,23,0.46,,0,4,7,1.0897,3,1795,0.6392,960.5,585,0,0.011576,0.534579,-13.253447,1259000,18237.9
1260,1000,410.7211,30,0.6,,0,5,9,1.5,4,1026,0.523,750.8,934,0,0.011867,0.424711,-12.434861,1260000,18243.8
1261,1000,313.6294,26,0.52,,0,5,9,1.6583,3,2227,0.6538,993.0,768,0,0.01178,0.29098,-13.134373,1261000,18249.9
1262,1000,244.3427,22,0.44,,0,5,7,0.866,2,1706,0.4437,808.8,900,0,0.0119,0.389137,-13.580127,1262000,18255.9
1263,1000,261.0076,21,0.42,,0,5,6,0.433,3,1951,0.564,716.1,727,0,0.01167,0.47626,-12.849318,1263000,18262.0
1264,1000,208.7546,22,0.44,,0,4,9,2.0616,1,1427,0.579,762.9,999,0,0.011504,0.797684,-13.472611,1264000,18268.3
1265,1000,221.0351,22,0.44,,0,4,9,2.0616,1,1205,0.6168,746.2,918,0,0.011897,0.367397,-13.116011,1265000,18274.3
1266,1000,91.121,16,0.32,,0,3,5,0.7071,0,2636,0.7083,994.6,665,0,0.011564,0.279272,-13.990126,1266000,18280.4
1267,1000,305.1085,24,0.48,,0,5,9,1.7321,3,1481,0.5225,776.0,936,0,0.011343,0.282091,-12.079847,1267000,18286.3
1268,1000,287.5101,23,0.46,,0,4,9,1.9203,3,1505,0.46,689.3,426,0,0.011277,0.460961,-12.932992,1268000,18292.4
1269,1000,317.3926,26,0.52,,0,5,9,1.6583,3,1941,0.6282,790.5,869,0,0.011324,0.371248,-12.197682,1269000,18298.5
1270,1000,344.0694,27,0.54,,0,4,9,2.2776,3,847,0.5935,863.3,817,0,0.011537,0.268313,-12.559029,1270000,18304.6
1271,1000,218.7246,22,0.44,,0,5,6,0.5,2,2823,0.6202,697.4,364,0,0.011878,0.50474,-12.975248,1271000,18310.6
1272,1000,293.9039,24,0.48,,0,5,7,1.0,3,2023,0.505,741.3,976,0,0.011714,0.281865,-12.971755,1272000,18316.6
1273,1000,60.9375,15,0.3,,0,3,5,0.8292,0,3428,0.726,635.6,132,0,0.011984,0.365252,-12.525694,1273000,18322.7
1274,1000,206.4933,19,0.38,,0,4,5,0.433,2,1729,0.6212,1058.7,448,0,0.011832,0.264201,-12.906368,1274000,18328.9
1275,1000,324.0847,28,0.56,,0,5,9,2.0,3,2082,0.6425,790.0,829,0,0.011787,0.423597,-12.812456,1275000,18335.0
1276,1000,314.7155,26,0.52,,0,4,8,1.6583,3,1918,0.628,955.4,888,0,0.011712,0.323036,-12.644481,1276000,18341.0
1277,1000,291.7706,24,0.48,,0,4,8,1.4142,3,1918,0.6713,1073.5,931,0,0.011547,0.368044,-12.863053,1277000,18346.9
1278,1000,235.6996,21,0.42,,0,4,7,1.0897,2,1651,0.5125,602.4,840,0,0.011495,0.212473,-13.773349,1278000,18352.8
1279,1000,401.2302,29,0.58,,0,5,9,1.7854,4,907,0.5245,825.3,904,0,0.011486,0.421752,-13.00489,1279000,18358.8
1280,1000,250.1093,25,0.5,,0,5,10,2.1651,1,1357,0.6032,815.3,925,0,0.011843,0.322234,-13.857837,1280000,18364.9
1281,1000,240.9078,20,0.4,,0,4,6,0.7071,3,2400,0.6837,639.3,271,0,0.011708,0.310946,-13.321507,1281000,18371.1
1282,1000,256.8209,24,0.48,,0,5,9,1.7321,2,2068,0.5052,747.8,889,0,0.01154,0.257672,-13.854744,1282000,18377.2
1283,1000,299.6566,24,0.48,,0,5,7,1.0,3,1715,0.5075,772.7,954,0,0.011739,0.314713,-13.649368,1283000,18383.3
1284,1000,320.4287,22,0.44,,0,5,6,0.5,4,1266,0.4978,790.5,475,0,0.011716,0.225381,-13.004653,1284000,18389.3
1285,1000,282.0015,24,0.48,,0,5,9,1.7321,3,2429,0.6795,798.3,414,0,0.011402,0.869518,-11.952606,1285000,18395.4
1286,1000,293.4314,25,0.5,,0,5,10,2.1651,2,1319,0.65,962.8,889,0,0.011622,0.522048,-13.203896,1286000,18401.4
1287,1000,315.6848,26,0.52,,0,5,9,1.6583,3,1562,0.6128,958.3,893,0,0.011541,0.277916,-13.48869,1287000,18407.4
1288,1000,203.7929,20,0.4,,0,3,7,1.4142,2,2195,0.656,962.2,819,0,0.011554,0.338795,-12.668312,1288000,18413.4
1289,1000,162.3844,19,0.38,,0,4,6,0.8292,1,1934,0.6897,961.5,345,0,0.011392,0.382867,-13.33947,1289000,18419.5
1290,1000,263.3665,22,0.44,,0,4,8,1.6583,2,468,0.4035,609.1,912,0,0.011383,0.469011,-13.941183,1290000,18425.5
1291,1000,377.528,30,0.6,,0,4,10,2.2913,3,1006,0.5373,800.8,969,0,0.011626,0.787456,-12.241135,1291000,18431.6
1292,1000,286.2039,24,0.48,,0,5,8,1.2247,3,2087,0.6275,833.9,597,0,0.011864,0.338385,-13.241184,1292000,18437.7
1293,1000,350.8612,27,0.54,,0,5,9,1.479,4,2059,0.6532,724.4,833,0,0.011835,0.42171,-13.03998,1293000,18443.7
1294,1000,357.3383,28,0.56,,0,5,10,2.1213,4,2216,0.6235,776.6,795,0,0.011825,0.215112,-12.844392,1294000,18449.7
1295,1000,388.3781,28,0.56,,0,5,9,1.5811,4,944,0.6538,951.0,994,0,0.011797,0.283234,-13.102939,1295000,18455.8
1296,1000,289.4465,27,0.54,,0,5,10,2.0463,2,2110,0.6583,874.5,985,0,0.011824,0.423364,-12.054569,1296000,18462.1
1297,1000,250.3212,23,0.46,,0,5,8,1.299,2,1658,0.4905,806.7,903,0,0.012006,0.297066,-13.090122,1297000,18468.1
1298,1000,205.9955,19,0.38,,0,3,6,1.0897,2,1924,0.6422,874.4,961,0,0.011682,0.376132,-12.678514,1298000,18474.2
1299,1000,398.1536,30,0.6,,0,5,10,2.0616,4,1559,0.634,852.5,750,0,0.011554,0.292242,-12.741057,1299000,18480.3
1300,1000,251.3978,23,0.46,,0,4,7,1.299,2,1547,0.5235,731.3,383,0,0.011692,0.196552,-12.284453,1300000,18486.3
1301,1000,212.3057,21,0.42,,0,3,9,2.2776,1,1228,0.612,755.4,836,0,0.011479,0.286899,-13.243369,1301000,18500.0
1302,1000,125.2939,18,0.36,,0,4,5,0.5,0,1953,0.6285,1025.1,655,0,0.011618,0.35878,-12.445256,1302000,18506.1
1303,1000,303.3594,27,0.54,,0,5,10,2.0463,2,1588,0.6158,891.9,743,0,0.011894,0.582717,-11.938997,1303000,18512.3
1304,1000,239.8127,22,0.44,,0,5,6,0.5,2,1902,0.6015,922.3,995,0,0.011956,0.517268,-12.579823,1304000,18518.3
1305,1000,237.0751,21,0.42,,0,4,7,1.299,2,1587,0.5733,866.3,584,0,0.011896,0.35171,-12.286897,1305000,18524.3
1306,1000,271.7564,24,0.48,,0,5,9,1.7321,2,1535,0.6405,841.0,717,0,0.011961,0.503279,-12.865744,1306000,18530.4
1307,1000,286.4607,25,0.5,,0,5,10,2.1651,2,1676,0.6488,958.3,891,0,0.011692,0.263327,-12.51921,1307000,18536.5
1308,1000,268.405,24,0.48,,0,4,8,1.5811,2,1479,0.4883,725.0,827,0,0.011959,0.351291,-12.964895,1308000,18542.5
1309,1000,226.6767,20,0.4,,0,4,6,0.7071,2,1354,0.533,882.3,832,0,0.012063,0.345961,-13.212261,1309000,18548.6
1310,1000,224.0388,20,0.4,,0,4,6,0.7071,2,1650,0.5312,801.0,347,0,0.011894,0.529124,-12.434349,1310000,18554.8
1311,1000,142.5266,20,0.4,,0,5,5,0.0,0,2242,0.482,693.7,164,0,0.011969,0.307452,-12.456854,1311000,18560.8
1312,1000,240.446,22,0.44,,0,3,8,1.8028,2,1649,0.5985,767.2,765,0,0.011867,0.849864,-12.292731,1312000,18567.0
1313,1000,49.4695,12,0.24,,0,1,5,1.4142,0,2690,0.5385,866.7,1000,0,0.011792,0.445889,-13.466939,1313000,18573.2
1314,1000,298.7056,27,0.54,,0,4,9,2.2776,2,1445,0.529,776.2,981,0,0.011888,0.476536,-12.518196,1314000,18579.2
1315,1000,308.462,26,0.52,,0,4,10,2.2913,3,1695,0.543,892.5,994,0,0.012017,0.411259,-12.359564,1315000,18585.2
1316,1000,221.9851,20,0.4,,0,4,6,0.7071,2,1693,0.5657,750.5,789,0,0.011652,0.503487,-12.996325,1316000,18591.2
1317,1000,367.4783,29,0.58,,0,5,10,1.7854,3,1112,0.481,841.0,970,0,0.011842,0.573405,-12.363882,1317000,18597.2
1318,1000,298.2562,21,0.42,,0,5,6,0.433,4,1812,0.6335,820.1,502,0,0.012017,0.647763,-13.015799,1318000,18603.3
1319,1000,250.9974,22,0.44,,0,4,8,1.5,2,1266,0.49,730.2,1000,0,0.01186,0.187564,-12.692182,1319000,18609.3
1320,1000,254.5148,23,0.46,,0,4,8,1.7854,2,1182,0.6673,892.7,699,0,0.011584,0.38228,-14.045443,1320000,18615.4
1321,1000,519.4727,36,0.72,,0,7,10,1.2247,5,780,0.614,920.8,972,0,0.011632,0.292986,-12.688517,1321000,18621.2
1322,1000,383.5906,29,0.58,,0,6,9,1.299,4,1351,0.5288,967.9,938,0,0.011721,0.374632,-12.453678,1322000,18627.2
1323,1000,344.0273,27,0.54,,0,4,10,2.3848,3,1048,0.5555,807.1,783,0,0.011611,0.322366,-12.049937,1323000,18633.2
1324,1000,413.2497,31,0.62,,0,6,10,1.7854,4,1311,0.648,954.9,921,0,0.011707,0.209838,-11.844668,1324000,18639.2
1325,1000,211.1052,20,0.4,,0,4,6,0.7071,2,2103,0.681,787.9,961,0,0.011857,0.466477,-12.444571,1325000,18645.3
1326,1000,346.06,25,0.5,,0,5,8,1.299,4,1671,0.6388,780.7,768,0,0.011808,0.431803,-11.831448,1326000,18651.3
1327,1000,360.5152,28,0.56,,0,5,10,2.1213,4,2232,0.6573,973.2,916,0,0.011849,0.378896,-12.633689,1327000,18657.5
1328,1000,281.2614,24,0.48,,0,5,9,1.7321,3,2221,0.677,753.5,368,0,0.011782,0.279943,-13.092922,1328000,18663.6
1329,1000,387.3525,28,0.56,,0,5,9,1.5811,4,1200,0.5357,983.7,921,0,0.011758,0.347912,-11.896236,1329000,18669.5
1330,1000,336.7927,28,0.56,,0,5,10,2.1213,3,1783,0.58,1043.1,981,0,0.011526,0.213027,-11.484371,1330000,18675.6
1331,1000,271.1335,25,0.5,,0,5,10,2.1651,2,1811,0.6412,921.6,664,0,0.011815,0.338095,-12.483332,1331000,18681.7
1332,1000,280.2907,25,0.5,,0,4,10,2.2776,2,1525,0.6342,790.7,988,0,0.011664,0.453864,-12.480638,1332000,18687.7
1333,1000,357.4858,29,0.58,,0,5,9,1.479,3,1332,0.6635,940.6,970,0,0.011889,0.409949,-11.638565,1333000,18693.8
1334,1000,264.3928,24,0.48,,0,4,8,1.5811,2,1217,0.5663,780.9,656,0,0.011731,0.394349,-12.687191,1334000,18699.9
1335,1000,419.2095,32,0.64,,0,5,10,1.8708,4,1571,0.6108,957.9,959,0,0.011713,0.505752,-11.647606,1335000,18705.8
1336,1000,170.8127,18,0.36,,0,4,5,0.5,1,1772,0.5405,820.2,853,0,0.011527,0.455237,-12.301888,1336000,18711.8
1337,1000,256.4803,24,0.48,,0,4,8,1.5811,2,1995,0.6092,864.7,888,0,0.011397,0.321648,-11.509071,1337000,18717.8
1338,1000,258.2969,24,0.48,,0,5,8,1.2247,2,1966,0.6607,1009.6,822,0,0.011333,0.268442,-11.759199,1338000,18724.0
1339,1000,268.6661,23,0.46,,0,5,8,1.299,2,815,0.593,1073.5,689,0,0.011388,0.337056,-11.591566,1339000,18730.3
1340,1000,289.7972,23,0.46,,0,5,8,1.299,3,1722,0.5938,899.1,664,0,0.011355,0.617928,-11.494484,1340000,18736.3
1341,1000,218.0421,22,0.44,,0,4,9,2.0616,1,1200,0.557,768.7,821,0,0.011558,0.477377,-11.733555,1341000,18742.3
1342,1000,242.2991,24,0.48,,0,4,8,1.5811,2,2350,0.6422,852.6,987,0,0.011404,0.401296,-11.786919,1342000,18748.6
1343,1000,146.5007,18,0.36,,0,4,5,0.5,0,861,0.5873,786.3,355,0,0.011362,0.443201,-11.893324,1343000,18754.9
1344,1000,359.0345,27,0.54,,0,5,10,2.0463,4,1920,0.634,1001.3,668,0,0.011506,0.283401,-11.585796,1344000,18761.0
1345,1000,379.2817,29,0.58,,0,6,8,0.8292,4,1551,0.6285,901.3,968,0,0.011002,0.616285,-12.399298,1345000,18767.1
1346,1000,146.8203,20,0.4,,0,5,5,0.0,0,1931,0.6715,952.7,972,0,0.010909,0.306986,-12.741998,1346000,18773.1
1347,1000,180.3945,19,0.38,,0,2,7,1.7854,2,2376,0.5927,902.2,832,0,0.011132,0.622154,-11.512267,1347000,18779.3
1348,1000,311.0407,28,0.56,,0,5,10,2.1213,2,1834,0.6458,974.3,595,0,0.010836,0.445728,-13.036377,1348000,18785.4
1349,1000,321.1783,26,0.52,,0,5,9,1.6583,3,1769,0.606,873.3,951,0,0.011253,0.341952,-11.309171,1349000,18791.5
1350,1000,227.4298,20,0.4,,0,5,5,0.0,2,1746,0.6272,986.7,856,0,0.011288,0.317184,-11.999792,1350000,18797.5
1351,1000,201.22,21,0.42,,0,4,8,1.6394,1,1501,0.5917,739.8,924,0,0.011151,0.615019,-11.929832,1351000,18811.8
1352,1000,269.8417,25,0.5,,0,4,10,2.2776,2,1814,0.588,812.5,719,0,0.011098,0.365887,-12.094264,1352000,18818.1
1353,1000,298.784,23,0.46,,0,5,7,0.8292,3,1577,0.4065,695.5,841,0,0.011244,0.64286,-11.807472,1353000,18824.1
1354,1000,378.6297,31,0.62,,0,5,10,2.2776,3,1872,0.6368,966.2,910,0,0.011362,0.515307,-11.798072,1354000,18830.0
1355,1000,373.9799,27,0.54,,0,5,10,2.0463,4,1545,0.5367,911.3,870,0,0.011198,0.373968,-11.846146,1355000,18835.9
1356,1000,234.3093,20,0.4,,0,3,8,1.8708,2,1196,0.6348,683.0,725,0,0.011189,0.436837,-12.145156,1356000,18841.8
1357,1000,392.6446,30,0.6,,0,5,10,2.0616,4,1474,0.6508,917.3,895,0,0.011169,0.598477,-11.313085,1357000,18848.1
1358,1000,325.2675,25,0.5,,0,5,9,1.6394,3,908,0.4945,761.3,976,0,0.011262,0.289721,-11.838227,1358000,18854.2
1359,1000,257.888,23,0.46,,0,4,9,1.9203,2,1334,0.452,813.6,592,0,0.011219,0.728354,-12.704552,1359000,18860.2
1360,1000,258.182,23,0.46,,0,5,8,1.299,2,1632,0.5208,721.4,495,0,0.011117,0.506127,-13.184669,1360000,18866.1
1361,1000,419.8167,30,0.6,,0,5,10,2.0616,4,946,0.6132,810.6,816,0,0.011095,0.401894,-10.684521,1361000,18872.1
1362,1000,232.5662,21,0.42,,0,4,7,1.0897,2,1700,0.57,882.7,683,0,0.01114,0.273858,-11.408813,1362000,18878.1
1363,1000,246.5989,22,0.44,,0,4,8,1.5,2,1532,0.6078,669.1,913,0,0.011151,0.600183,-11.800842,1363000,18884.1
1364,1000,308.3647,25,0.5,,0,5,10,2.1651,3,1827,0.5958,666.8,443,0,0.011172,0.25722,-11.103399,1364000,18890.0
1365,1000,221.8687,23,0.46,,0,4,9,1.9203,1,1708,0.3528,711.9,375,0,0.011081,0.807619,-11.048794,1365000,18896.2
1366,1000,398.7883,30,0.6,,0,5,9,1.6583,4,1407,0.662,965.5,887,0,0.011225,0.562099,-10.646492,1366000,18902.4
1367,1000,281.2083,25,0.5,,0,4,9,2.2776,2,1107,0.4517,869.4,873,0,0.011303,0.605028,-10.549107,1367000,18908.4
1368,1000,168.0887,18,0.36,,0,4,5,0.5,1,1658,0.4657,837.6,365,0,0.01132,0.389642,-10.724489,1368000,18914.5
1369,1000,295.4269,24,0.48,,0,3,9,2.1213,3,1527,0.6488,971.7,879,0,0.011035,0.256283,-12.21406,1369000,18920.5
1370,1000,292.2892,24,0.48,,0,5,7,1.0,3,1552,0.4725,1052.4,946,0,0.011306,0.413178,-10.66177,1370000,18926.5
1371,1000,233.583,22,0.44,,0,4,7,1.5,2,2208,0.69,719.9,344,0,0.01123,0.591446,-11.333401,1371000,18932.7
1372,1000,238.9981,20,0.4,,0,4,6,0.7071,3,2260,0.5075,587.1,650,0,0.011157,0.352723,-12.402527,1372000,18938.7
1373,1000,318.5108,28,0.56,,0,4,10,2.5495,2,1147,0.617,801.9,968,0,0.011108,0.33574,-11.5404,1373000,18944.6
1374,1000,276.832,22,0.44,,0,5,7,0.866,3,1855,0.6095,770.1,788,0,0.011484,0.477886,-11.372198,1374000,18950.6
1375,1000,179.7101,19,0.38,,0,4,5,0.433,1,1540,0.5727,659.3,593,0,0.011304,0.61149,-10.932145,1375000,18956.7
1376,1000,246.6336,22,0.44,,0,5,7,0.866,2,1779,0.615,942.0,493,0,0.011275,0.257341,-11.495176,1376000,18962.9
1377,1000,321.9133,27,0.54,,0,4,10,2.1651,3,1945,0.6392,1058.0,863,0,0.01142,0.296944,-11.430475,1377000,18968.9
1378,1000,271.3662,24,0.48,,0,4,8,1.5811,2,1442,0.6555,888.7,918,0,0.011295,0.272867,-11.799843,1378000,18974.9
1379,1000,196.22,19,0.38,,0,4,5,0.433,1,760,0.5072,806.3,946,0,0.01132,0.268552,-12.125534,1379000,18980.9
1380,1000,296.3123,24,0.48,,0,5,7,0.7071,3,2058,0.6272,1073.5,562,0,0.011177,0.325907,-11.32151,1380000,18986.9
1381,1000,157.3819,20,0.4,,0,5,5,0.0,0,2212,0.688,979.2,852,0,0.011086,0.362805,-12.226773,1381000,18992.8
1382,1000,315.7382,26,0.52,,0,4,9,1.8028,3,1883,0.6805,952.6,883,0,0.011057,0.273226,-11.180961,1382000,18998.8
1383,1000,263.2671,24,0.48,,0,4,8,1.5811,2,1566,0.5457,760.8,993,0,0.010952,0.282663,-11.644669,1383000,19004.9
1384,1000,291.0598,23,0.46,,0,3,9,2.1651,3,1155,0.4577,850.2,913,0,0.011136,0.278989,-11.818156,1384000,19010.8
1385,1000,278.2624,25,0.5,,0,4,8,1.7854,2,1360,0.6637,812.0,958,0,0.010993,0.393871,-12.032048,1385000,19017.0
1386,1000,338.0427,27,0.54,,0,5,9,1.7854,3,1153,0.454,826.0,973,0,0.011294,0.237175,-11.47744,1386000,19023.2
1387,1000,349.1678,28,0.56,,0,5,9,2.0,3,673,0.3743,923.4,818,0,0.011086,0.340411,-11.284534,1387000,19029.2
1388,1000,307.6628,25,0.5,,0,4,9,1.9203,3,1742,0.603,1073.5,924,0,0.011298,0.275989,-11.662848,1388000,19035.2
1389,1000,297.3558,26,0.52,,0,5,10,2.0616,2,1185,0.4985,856.0,991,0,0.011247,0.390164,-11.793686,1389000,19041.0
1390,1000,346.8051,28,0.56,,0,5,8,1.2247,3,1331,0.4365,1009.7,935,0,0.011291,0.610203,-11.21447,1390000,19047.0
1391,1000,348.2261,27,0.54,,0,4,10,2.3848,3,908,0.456,875.8,577,0,0.010975,0.579813,-11.672002,1391000,19052.9
1392,1000,314.7126,23,0.46,,0,5,7,0.8292,4,2124,0.6577,718.6,462,0,0.011052,0.426214,-12.383121,1392000,19059.1
1393,1000,448.8017,33,0.66,,0,5,10,2.0463,4,1100,0.5958,894.1,677,0,0.011442,0.397698,-11.598266,1393000,19065.1
1394,1000,313.9282,24,0.48,,0,5,9,1.7321,3,762,0.6,824.4,749,0,0.011297,0.394652,-11.65807,1394000,19071.0
1395,1000,161.3779,19,0.38,,0,4,5,0.433,0,1598,0.372,782.9,146,0,0.01134,0.387294,-12.253104,1395000,19077.0
1396,1000,274.1799,23,0.46,,0,4,9,2.0463,2,495,0.4308,765.7,847,0,0.011208,0.543346,-11.942778,1396000,19083.2
1397,1000,358.1269,30,0.6,,0,5,9,1.5,3,1753,0.6312,883.0,856,0,0.011402,0.301949,-11.9513,1397000,19089.3
1398,1000,183.3967,20,0.4,,0,5,5,0.0,1,2101,0.514,759.0,309,0,0.011209,0.348355,-11.68391,1398000,19095.5
1399,1000,364.1834,27,0.54,,0,5,8,1.0897,4,1226,0.519,845.3,972,0,0.011225,0.286215,-13.15127,1399000,19101.4
1400,1000,164.2503,19,0.38,,0,4,5,0.433,0,956,0.3073,780.3,156,0,0.011359,0.760739,-11.966915,1400000,19107.4
1401,1000,225.3695,21,0.42,,0,5,6,0.433,1,308,0.2585,755.5,883,0,0.011156,0.262983,-12.803393,1401000,19121.8
1402,1000,205.1814,22,0.44,,0,5,7,0.866,1,1875,0.6915,975.5,967,0,0.011128,0.341502,-12.233846,1402000,19127.8
1403,1000,279.8889,25,0.5,,0,4,9,1.9203,2,1185,0.541,717.5,932,0,0.011129,0.349144,-12.165398,1403000,19133.8
1404,1000,266.7777,21,0.42,,0,5,6,0.433,3,1242,0.4198,917.2,677,0,0.011286,0.265313,-12.211569,1404000,19139.7
1405,1000,192.0721,20,0.4,,0,4,7,1.2247,1,1381,0.5693,751.1,792,0,0.011142,0.751462,-11.023417,1405000,19145.7
1406,1000,328.6157,27,0.54,,0,5,8,1.0897,3,1915,0.67,1040.0,644,0,0.011084,0.327527,-11.346,1406000,19151.6
1407,1000,328.7298,26,0.52,,0,5,8,1.118,3,1087,0.529,901.6,926,0,0.011233,0.307684,-11.92512,1407000,19157.6
1408,1000,154.3559,18,0.36,,0,4,5,0.5,1,2441,0.6927,672.7,156,0,0.010971,0.284855,-10.952402,1408000,19163.6
1409,1000,228.4657,21,0.42,,0,5,6,0.433,2,1843,0.4592,700.2,794,0,0.010873,0.292278,-12.132144,1409000,19169.7
1410,1000,271.6411,24,0.48,,0,5,8,1.2247,2,1789,0.5837,672.8,540,0,0.010723,0.491946,-11.956477,1410000,19175.9
1411,1000,344.5913,26,0.52,,0,5,7,0.866,4,2202,0.6518,1073.5,460,0,0.010861,0.398774,-12.789319,1411000,19182.0
1412,1000,214.0093,20,0.4,,0,3,8,1.8708,2,2058,0.5633,642.4,644,0,0.010922,0.371323,-12.467947,1412000,19188.1
1413,1000,245.7687,19,0.38,,0,3,6,1.0897,3,1702,0.5085,765.7,979,0,0.010986,0.711943,-11.863756,1413000,19194.3
1414,1000,351.1951,29,0.58,,0,5,9,1.479,3,1494,0.6025,1061.1,940,0,0.011056,0.404438,-12.604748,1414000,19200.4
1415,1000,240.1878,22,0.44,,0,3,8,1.8028,2,2021,0.6108,804.2,666,0,0.010868,0.518363,-12.145483,1415000,19206.5
1416,1000,188.9224,20,0.4,,0,5,5,0.0,1,1786,0.317,634.7,271,0,0.010931,0.321392,-11.848345,1416000,19212.7
1417,1000,300.2348,26,0.52,,0,4,8,1.6583,3,2362,0.6813,864.4,889,0,0.010871,0.74433,-10.987746,1417000,19219.0
1418,1000,188.7869,20,0.4,,0,4,6,0.7071,1,2039,0.6548,888.0,867,0,0.010823,0.321938,-12.094002,1418000,19225.0
1419,1000,150.9466,18,0.36,,0,3,5,0.866,1,2364,0.643,946.9,898,0,0.010863,0.564261,-11.629357,1419000,19231.2
1420,1000,288.097,26,0.52,,0,4,9,2.0616,2,1465,0.577,899.7,977,0,0.01084,0.369091,-12.286467,1420000,19237.4
1421,1000,253.3928,25,0.5,,0,4,8,1.7854,2,2397,0.6587,964.2,616,0,0.011055,0.305737,-11.542069,1421000,19243.7
1422,1000,326.7971,28,0.56,,0,5,10,2.1213,2,1073,0.5945,975.8,869,0,0.011274,0.444942,-12.111816,1422000,19249.7
1423,1000,288.7382,24,0.48,,0,4,8,1.4142,3,1854,0.647,1073.5,662,0,0.011054,0.40778,-11.76439,1423000,19256.0
1424,1000,327.3385,25,0.5,,0,5,8,1.0897,4,2128,0.6142,763.9,813,0,0.011214,0.677225,-11.509983,1424000,19261.9
1425,1000,379.9232,28,0.56,,0,5,8,1.2247,4,1511,0.6215,792.8,902,0,0.011222,0.32566,-12.114922,1425000,19268.0
1426,1000,242.6511,23,0.46,,0,4,8,1.479,2,1889,0.474,861.7,999,0,0.011141,0.494756,-11.468653,1426000,19274.2
1427,1000,259.4099,25,0.5,,0,4,9,1.9203,2,2208,0.6943,1000.1,927,0,0.011259,0.266734,-12.186844,1427000,19280.5
1428,1000,323.7404,28,0.56,,0,5,10,2.1213,3,2272,0.6565,859.1,416,0,0.011087,0.350515,-11.548031,1428000,19286.7
1429,1000,272.2564,22,0.44,,0,5,7,0.866,3,1911,0.4775,748.3,406,0,0.011021,0.328388,-12.558136,1429000,19292.9
1430,1000,221.2614,20,0.4,,0,4,6,0.7071,2,1810,0.5232,731.7,396,0,0.011029,0.322776,-11.538125,1430000,19299.0
1431,1000,224.3745,22,0.44,,0,3,8,1.8028,2,2540,0.6705,745.6,578,0,0.011093,0.232174,-11.070126,1431000,19305.2
1432,1000,275.6764,23,0.46,,0,5,7,0.8292,3,1622,0.503,878.6,781,0,0.010846,0.266504,-11.334665,1432000,19311.3
1433,1000,240.1612,23,0.46,,0,4,7,1.299,2,2121,0.4452,766.5,791,0,0.010768,0.681312,-11.738016,1433000,19317.3
1434,1000,197.4858,20,0.4,,0,4,6,0.7071,1,1411,0.6165,640.6,802,0,0.011083,0.300059,-11.741862,1434000,19323.3
1435,1000,185.0007,20,0.4,,0,5,5,0.0,1,1439,0.552,986.8,612,0,0.010889,0.416348,-12.806764,1435000,19329.5
1436,1000,140.9793,19,0.38,,0,4,5,0.433,0,1733,0.4768,821.2,566,0,0.010808,0.425691,-12.40295,1436000,19335.8
1437,1000,352.3206,29,0.58,,0,5,8,1.299,3,1613,0.6538,999.5,964,0,0.011047,0.35379,-11.368441,1437000,19342.0
1438,1000,241.1842,23,0.46,,0,5,7,0.8292,2,2136,0.6853,978.1,709,0,0.011237,0.390177,-12.327064,1438000,19348.2
1439,1000,437.5271,30,0.6,,0,5,10,1.8028,5,1349,0.624,1073.5,900,0,0.011141,0.329166,-12.163287,1439000,19354.2
1440,1000,173.1836,19,0.38,,0,3,7,1.479,1,1830,0.4958,780.3,549,0,0.01087,0.398469,-10.840652,1440000,19360.4
1441,1000,216.8626,22,0.44,,0,4,8,1.5,1,1370,0.603,755.5,948,0,0.011047,0.295618,-11.109913,1441000,19366.5
1442,1000,281.1738,23,0.46,,0,4,8,1.479,3,1897,0.692,1073.5,950,0,0.010973,0.387124,-11.88208,1442000,19372.7
1443,1000,285.7358,26,0.52,,0,5,9,1.6583,2,1691,0.4918,857.8,600,0,0.01099,0.343503,-11.212052,1443000,19378.7
1444,1000,356.0859,26,0.52,,0,5,9,1.6583,4,1522,0.5447,819.5,847,0,0.010926,0.550535,-12.121386,1444000,19384.6
1445,1000,346.7609,27,0.54,,0,5,9,1.7854,3,1240,0.5873,899.1,988,0,0.011052,0.23912,-11.968521,1445000,19390.6
1446,1000,208.2203,20,0.4,,0,4,7,1.2247,1,328,0.5278,664.9,463,0,0.011091,0.51723,-11.531366,1446000,19396.6
1447,1000,181.819,21,0.42,,0,5,6,0.433,1,2413,0.5555,831.7,988,0,0.010937,0.31049,-12.034059,1447000,19403.1
1448,1000,267.0671,23,0.46,,0,4,10,2.4875,2,1259,0.5503,658.1,632,0,0.010932,0.344533,-11.64723,1448000,19409.2
1449,1000,224.1762,21,0.42,,0,4,6,0.8292,2,2172,0.5302,967.0,522,0,0.011164,0.317425,-12.285994,1449000,19415.3
1450,1000,350.1872,27,0.54,,0,5,10,1.9203,3,978,0.4763,833.5,733,0,0.011324,0.455117,-11.735123,1450000,19421.2
1451,1000,407.7939,30,0.6,,0,6,9,1.118,4,1195,0.5923,1053.4,836,0,0.011366,0.460162,-10.962307,1451000,19435.4
1452,1000,260.561,24,0.48,,0,5,9,1.7321,2,1893,0.5335,858.0,988,0,0.01101,0.523134,-11.43923,1452000,19441.5
1453,1000,193.7796,21,0.42,,0,5,6,0.433,1,2104,0.6833,833.7,512,0,0.011482,0.268188,-11.438002,1453000,19447.5
1454,1000,321.6678,25,0.5,,0,5,8,1.299,4,2662,0.676,880.3,698,0,0.011047,0.286034,-11.734305,1454000,19453.5
1455,1000,270.4571,22,0.44,,0,4,8,1.5,3,2224,0.667,1027.9,749,0,0.011003,0.644113,-12.259154,1455000,19459.4
1456,1000,307.3089,24,0.48,,0,5,8,1.2247,3,1282,0.6482,806.6,974,0,0.01121,0.231297,-12.100223,1456000,19465.4
1457,1000,317.8043,25,0.5,,0,5,8,1.299,3,1489,0.499,783.2,678,0,0.010991,0.341866,-10.976414,1457000,19471.5
1458,1000,378.7124,29,0.58,,0,5,10,2.2776,3,990,0.5078,868.4,925,0,0.011172,0.441287,-10.763853,1458000,19477.5
1459,1000,232.8234,22,0.44,,0,5,7,0.866,2,2411,0.5453,742.9,730,0,0.011313,0.301171,-11.31419,1459000,19483.6
1460,1000,144.5275,18,0.36,,0,4,5,0.5,0,1494,0.6555,734.5,588,0,0.011382,0.370679,-11.367481,1460000,19489.7
1461,1000,341.9879,26,0.52,,0,5,8,1.118,4,2175,0.64,954.1,709,0,0.011277,0.76913,-11.807987,1461000,19495.8
1462,1000,338.1586,26,0.52,,0,5,8,1.118,3,1150,0.6775,861.6,957,0,0.01131,0.42626,-11.466521,1462000,19502.0
1463,1000,235.9124,23,0.46,,0,4,7,1.299,2,2564,0.7015,850.8,487,0,0.011394,0.252686,-11.065668,1463000,19508.2
1464,1000,359.8578,28,0.56,,0,5,10,2.1213,4,2411,0.663,1047.0,625,0,0.011169,0.31854,-11.821025,1464000,19514.4
1465,1000,207.984,22,0.44,,0,5,7,0.866,1,1935,0.6252,820.0,637,0,0.011195,0.398631,-11.600573,1465000,19520.6
1466,1000,344.9572,26,0.52,,0,5,9,1.6583,3,841,0.6783,798.2,923,0,0.0107,0.268011,-13.250071,1466000,19526.7
1467,1000,368.2984,27,0.54,,0,5,10,2.0463,4,1738,0.6208,1033.1,632,0,0.010807,0.275756,-10.944959,1467000,19533.0
1468,1000,279.59,25,0.5,,0,5,9,1.6394,2,1275,0.5815,651.2,947,0,0.010775,0.287388,-11.033903,1468000,19539.0
1469,1000,228.5487,24,0.48,,0,5,9,1.7321,1,1883,0.6905,808.7,933,0,0.010971,0.330143,-11.135018,1469000,19545.1
1470,1000,75.7497,15,0.3,,0,2,5,1.299,0,2904,0.7262,1000.0,945,0,0.010884,0.752973,-11.546917,1470000,19551.2
1471,1000,401.387,30,0.6,,0,5,10,2.5,4,1511,0.614,918.1,770,0,0.010944,0.208382,-12.364759,1471000,19557.2
1472,1000,225.8709,21,0.42,,0,3,7,1.479,2,2125,0.6162,762.6,360,0,0.010705,0.302196,-11.399157,1472000,19563.5
1473,1000,246.3394,23,0.46,,0,4,8,1.479,2,2088,0.6567,723.3,334,0,0.010988,0.228889,-11.47693,1473000,19569.9
1474,1000,109.6879,17,0.34,,0,2,5,1.299,0,2647,0.6873,789.3,701,0,0.010958,0.21862,-12.312414,1474000,19576.3
1475,1000,231.157,23,0.46,,0,4,9,1.9203,1,1157,0.6408,869.3,884,0,0.011002,0.325945,-12.574856,1475000,19582.4
1476,1000,413.0646,31,0.62,,0,5,10,1.7854,4,1657,0.6617,924.2,847,0,0.010919,0.407505,-10.852551,1476000,19588.4
1477,1000,268.7185,25,0.5,,0,4,10,2.4875,2,2207,0.679,858.2,973,0,0.010959,0.390707,-11.327509,1477000,19594.4
1478,1000,379.1031,30,0.6,,0,5,10,1.8028,3,1330,0.6235,874.5,868,0,0.010631,0.303773,-11.934695,1478000,19600.4
1479,1000,306.2858,24,0.48,,0,5,7,1.0,3,1682,0.6135,830.5,714,0,0.010632,0.368194,-12.113714,1479000,19606.5
1480,1000,240.0553,20,0.4,,0,4,6,0.7071,3,2836,0.6705,827.0,267,0,0.010699,0.363868,-13.040709,1480000,19612.9
1481,1000,266.6379,21,0.42,,0,4,6,0.8292,3,1792,0.5445,892.2,870,0,0.010872,0.290494,-11.282145,1481000,19618.9
1482,1000,123.3218,18,0.36,,0,4,5,0.5,0,2447,0.693,851.5,720,0,0.010949,0.25844,-11.77885,1482000,19624.9
1483,1000,238.5998,21,0.42,,0,5,6,0.433,2,1815,0.584,816.4,934,0,0.01062,0.365694,-12.308049,1483000,19630.9
1484,1000,262.5658,23,0.46,,0,5,8,1.299,2,1758,0.6378,975.3,860,0,0.010813,0.241824,-11.438807,1484000,19636.9
1485,1000,338.3179,26,0.52,,0,5,9,1.5,3,975,0.6673,734.6,963,0,0.010707,0.239545,-11.697957,1485000,19642.9
1486,1000,290.7591,23,0.46,,0,5,7,0.8292,3,1698,0.5375,747.2,277,0,0.010537,0.253827,-11.513728,1486000,19648.9
1487,1000,233.0056,23,0.46,,0,5,8,1.299,1,1157,0.4455,833.8,780,0,0.010816,0.161363,-10.772591,1487000,19654.9
1488,1000,276.4297,25,0.5,,0,5,8,1.299,2,1727,0.443,708.4,959,0,0.010834,0.387601,-10.977758,1488000,19661.3
1489,1000,298.3728,26,0.52,,0,5,8,1.5,2,1278,0.5523,776.1,920,0,0.010828,0.258257,-11.04968,1489000,19667.5
1490,1000,252.706,21,0.42,,0,4,7,1.0897,2,977,0.423,756.9,963,0,0.010504,0.219169,-10.325231,1490000,19673.7
1491,1000,238.7332,21,0.42,,0,4,6,0.8292,2,1509,0.4835,758.1,999,0,0.010528,0.563458,-11.276566,1491000,19679.6
1492,1000,280.1395,25,0.5,,0,5,9,1.6394,2,2172,0.6168,773.3,749,0,0.010397,0.567982,-11.601856,1492000,19685.7
1493,1000,265.4989,24,0.48,,0,5,8,1.2247,2,2026,0.6008,799.9,895,0,0.010528,0.326809,-12.223614,1493000,19691.7
1494,1000,449.2977,33,0.66,,0,5,10,2.0463,4,993,0.6385,873.1,830,0,0.010613,0.481453,-11.934315,1494000,19697.9
1495,1000,307.6317,24,0.48,,0,4,8,1.5811,3,1235,0.4313,723.4,781,0,0.010876,0.209165,-11.40136,1495000,19704.2
1496,1000,225.3814,20,0.4,,0,4,6,0.7071,2,1565,0.5427,825.3,970,0,0.010863,0.366329,-11.24127,1496000,19710.2
1497,1000,376.276,27,0.54,,0,5,10,2.0463,4,1438,0.5298,718.7,606,0,0.011148,0.445717,-10.748434,1497000,19716.2
1498,1000,244.4636,21,0.42,,0,3,7,1.479,3,2585,0.637,941.1,946,0,0.010885,0.311952,-10.66281,1498000,19722.4
1499,1000,246.942,22,0.44,,0,5,7,0.866,2,1921,0.5885,866.1,567,0,0.01082,0.224915,-12.359314,1499000,19728.4
1500,1000,307.4589,24,0.48,,0,5,7,1.0,3,1612,0.5182,967.2,885,0,0.011135,0.71905,-12.077871,1500000,19734.4
1501,1000,357.6803,30,0.6,,0,5,10,1.8028,3,1998,0.6565,974.9,899,0,0.011062,0.246468,-11.437835,1501000,19748.5
1502,1000,364.7609,27,0.54,,0,5,9,1.7854,4,1599,0.513,787.1,731,0,0.010938,0.27967,-10.943713,1502000,19754.8
1503,1000,378.0551,28,0.56,,0,6,8,0.7071,4,1542,0.6152,871.9,993,0,0.010553,0.346468,-12.027644,1503000,19761.2
1504,1000,281.2291,24,0.48,,0,5,7,1.0,3,2478,0.6495,924.9,410,0,0.010433,0.215976,-11.483029,1504000,19767.3
1505,1000,313.706,26,0.52,,0,5,8,1.5,3,1955,0.6585,953.3,685,0,0.010579,0.233346,-10.875414,1505000,19773.4
1506,1000,356.4402,29,0.58,,0,5,10,2.2776,3,1672,0.6108,807.1,929,0,0.010636,0.341545,-11.27066,1506000,19779.4
1507,1000,378.9264,28,0.56,,0,5,10,1.8708,4,1626,0.539,817.3,924,0,0.010389,0.211142,-12.280801,1507000,19785.3
1508,1000,283.0721,22,0.44,,0,5,7,0.866,3,1658,0.6435,963.3,747,0,0.010426,0.283074,-11.521764,1508000,19791.5
1509,1000,291.8786,25,0.5,,0,4,8,1.7854,2,1126,0.5583,790.7,890,0,0.010292,0.249341,-10.991618,1509000,19797.7
1510,1000,264.7016,24,0.48,,0,4,8,1.5811,2,1648,0.502,933.1,837,0,0.01035,0.276545,-12.411701,1510000,19803.9
1511,1000,358.255,30,0.6,,0,5,10,2.5,3,1729,0.6525,963.9,980,0,0.010469,0.273098,-10.427678,1511000,19809.9
1512,1000,246.8049,22,0.44,,0,5,7,0.866,2,2010,0.4283,655.4,719,0,0.010643,0.461594,-12.207617,1512000,19815.9
1513,1000,319.1237,26,0.52,,0,5,9,1.6583,3,1788,0.6637,1013.4,947,0,0.010595,0.334632,-11.470789,1513000,19822.0
1514,1000,74.8869,15,0.3,,0,2,5,1.299,0,2921,0.7202,914.4,151,0,0.010474,0.532946,-12.611649,1514000,19828.1
1515,1000,209.4845,20,0.4,,0,3,7,1.4142,2,2278,0.5958,756.0,847,0,0.010499,0.292937,-10.528265,1515000,19834.2
1516,1000,435.8175,32,0.64,,0,6,10,2.0,4,1121,0.5222,890.4,997,0,0.010601,0.189173,-11.353941,1516000,19840.1
1517,1000,392.6154,30,0.6,,0,5,10,2.0616,4,1479,0.6435,866.3,855,0,0.011005,0.696308,-11.786214,1517000,19846.2
1518,1000,347.3461,27,0.54,,0,5,8,1.299,4,2213,0.5377,831.3,898,0,0.01088,0.270243,-11.539091,1518000,19852.5
1519,1000,408.4884,30,0.6,,0,5,11,2.5981,4,1391,0.585,934.3,998,0,0.010978,0.210771,-11.207481,1519000,19858.7
1520,1000,206.425,20,0.4,,0,5,5,0.0,1,1292,0.2925,640.9,155,0,0.011014,0.321599,-11.727289,1520000,19864.7
1521,1000,245.1906,23,0.46,,0,4,8,1.479,2,2102,0.5617,720.2,862,0,0.010864,0.299824,-11.285072,1521000,19870.8
1522,1000,347.7388,27,0.54,,0,5,8,1.0897,3,1093,0.6328,769.1,713,0,0.010947,0.32554,-10.98217,1522000,19876.7
1523,1000,198.6106,20,0.4,,0,4,6,0.7071,1,1652,0.4803,754.7,466,0,0.010963,0.487496,-11.228664,1523000,19882.8
1524,1000,163.1934,18,0.36,,0,4,5,0.5,0,831,0.462,754.7,136,0,0.010935,0.311307,-11.963861,1524000,19888.7
1525,1000,311.0893,25,0.5,,0,4,9,1.9203,3,1642,0.4895,652.4,823,0,0.010789,0.713128,-11.658623,1525000,19894.9
1526,1000,77.2404,14,0.28,,0,2,5,1.5,0,2487,0.7212,961.5,527,0,0.010878,0.24575,-11.118626,1526000,19901.1
1527,1000,273.1913,22,0.44,,0,4,7,1.118,3,2078,0.5305,978.5,876,0,0.010764,0.180237,-12.431103,1527000,19907.3
1528,1000,363.7517,29,0.58,,0,3,10,2.586,3,1226,0.6098,956.9,826,0,0.010812,0.412945,-11.979746,1528000,19913.3
1529,1000,325.5294,25,0.5,,0,5,9,1.6394,3,1218,0.5302,722.9,778,0,0.010716,0.235353,-11.927976,1529000,19919.2
1530,1000,334.6514,25,0.5,,0,5,8,1.299,4,2234,0.6392,953.7,421,0,0.011085,0.347002,-11.857276,1530000,19925.4
1531,1000,278.9921,25,0.5,,0,4,9,1.9203,2,1531,0.527,973.1,981,0,0.01091,0.287103,-11.227882,1531000,19931.7
1532,1000,133.3402,18,0.36,,0,2,6,1.5,1,2677,0.6633,754.2,658,0,0.01082,0.224545,-12.172179,1532000,19937.8
1533,1000,216.0735,23,0.46,,0,5,8,1.299,1,2147,0.5485,659.1,976,0,0.010885,0.663628,-12.518542,1533000,19943.8
1534,1000,251.8627,20,0.4,,0,5,5,0.0,3,2190,0.6025,880.9,472,0,0.01088,0.427041,-12.44478,1534000,19949.7
1535,1000,191.5506,21,0.42,,0,5,6,0.433,1,2083,0.5713,646.2,578,0,0.010705,0.268744,-11.727843,1535000,19955.9
1536,1000,426.4712,30,0.6,,0,5,11,2.5981,4,899,0.5695,990.0,881,0,0.010921,0.296618,-12.366379,1536000,19961.8
1537,1000,382.4959,28,0.56,,0,5,10,2.1213,4,1504,0.6165,956.5,982,0,0.010987,0.353687,-11.08321,1537000,19967.8
1538,1000,264.1409,24,0.48,,0,5,7,1.0,2,1461,0.6195,999.1,742,0,0.010727,0.292436,-11.887151,1538000,19973.9
1539,1000,272.811,22,0.44,,0,5,7,0.866,3,2184,0.483,734.6,756,0,0.010857,0.581345,-12.493269,1539000,19980.2
1540,1000,310.5037,24,0.48,,0,5,8,1.2247,3,1512,0.5248,766.9,925,0,0.010775,0.289661,-11.481466,1540000,19986.4
1541,1000,421.9899,32,0.64,,0,7,9,0.7071,4,1256,0.6615,783.6,869,0,0.010923,0.34286,-11.601858,1541000,19992.5
1542,1000,213.3982,21,0.42,,0,5,6,0.433,2,2751,0.479,688.5,285,0,0.010745,0.196044,-10.556929,1542000,19998.6
1543,1000,303.3154,24,0.48,,0,5,8,1.2247,3,1648,0.5583,910.7,808,0,0.010854,0.268868,-11.684868,1543000,20004.6
1544,1000,343.3638,28,0.56,,0,4,10,2.2361,3,1445,0.5465,976.3,588,0,0.011049,0.302241,-11.279282,1544000,20010.5
1545,1000,271.4794,21,0.42,,0,4,7,1.0897,3,1561,0.4175,740.3,432,0,0.010752,0.242521,-11.857124,1545000,20016.6
1546,1000,250.7243,23,0.46,,0,3,9,2.1651,2,1643,0.624,918.2,871,0,0.010764,0.309486,-11.56385,1546000,20022.7
1547,1000,257.5501,20,0.4,,0,5,5,0.0,3,1492,0.6575,981.0,384,0,0.010619,0.460436,-11.723658,1547000,20028.9
1548,1000,323.7408,25,0.5,,0,5,7,0.8292,3,1413,0.612,857.5,975,0,0.0106,0.455407,-12.183338,1548000,20035.2
1549,1000,276.8821,21,0.42,,0,4,7,1.0897,3,1260,0.5262,843.7,849,0,0.010358,0.327794,-12.2904,1549000,20041.3
1550,1000,312.5623,25,0.5,,0,5,8,1.299,3,1631,0.5827,891.8,980,0,0.010637,0.317895,-11.681774,1550000,20047.5
1551,1000,335.73,27,0.54,,0,5,10,2.0463,3,1452,0.6903,957.8,979,0,0.01035,0.2595,-12.080584,1551000,20061.9
1552,1000,402.5409,27,0.54,,0,5,10,2.0463,5,1310,0.6378,899.9,506,0,0.010436,0.539916,-11.393923,1552000,20067.9
1553,1000,414.2067,30,0.6,,0,5,10,1.8028,4,1063,0.5905,957.6,871,0,0.010603,0.502152,-11.501497,1553000,20073.8
1554,1000,211.0928,22,0.44,,0,4,8,1.5,1,1939,0.693,981.3,815,0,0.010772,0.639396,-11.225492,1554000,20079.9
1555,1000,290.0777,26,0.52,,0,3,10,2.6926,2,1574,0.6462,862.3,644,0,0.010522,0.318426,-10.938927,1555000,20086.2
1556,1000,215.7725,20,0.4,,0,4,6,0.7071,2,2171,0.5553,936.8,842,0,0.011048,0.304242,-11.866385,1556000,20092.4
1557,1000,242.3501,22,0.44,,0,3,8,1.8028,2,1881,0.6158,813.2,620,0,0.010957,0.300017,-11.847866,1557000,20098.6
1558,1000,308.5477,26,0.52,,0,5,8,1.118,3,2151,0.5942,875.6,799,0,0.010902,0.492596,-11.899706,1558000,20104.7
1559,1000,293.8855,24,0.48,,0,4,7,1.2247,3,1915,0.6278,756.3,950,0,0.010877,0.324583,-11.616467,1559000,20110.8
1560,1000,274.2894,25,0.5,,0,5,9,1.6394,2,1755,0.5403,1011.3,978,0,0.011028,0.381747,-12.270111,1560000,20117.2
1561,1000,436.0309,32,0.64,,0,5,10,1.8708,4,1194,0.661,887.5,925,0,0.010882,0.350802,-11.62843,1561000,20123.4
1562,1000,333.8755,28,0.56,,0,5,10,2.1213,3,1963,0.6535,780.1,866,0,0.010916,0.227884,-11.17066,1562000,20129.6
1563,1000,363.4323,27,0.54,,0,5,9,1.7854,4,1651,0.574,849.9,983,0,0.011071,0.268535,-11.281571,1563000,20135.6
1564,1000,132.6324,16,0.32,,0,2,5,1.2247,1,2504,0.5245,652.3,210,0,0.011296,0.349902,-12.898124,1564000,20141.6
1565,1000,423.3382,32,0.64,,0,7,10,1.2247,4,1602,0.624,963.1,824,0,0.010907,0.177609,-11.257969,1565000,20147.6
1566,1000,329.7901,26,0.52,,0,5,8,1.118,3,1464,0.6715,997.0,686,0,0.010992,0.578568,-11.768667,1566000,20153.5
1567,1000,196.4753,19,0.38,,0,4,5,0.433,1,968,0.2955,754.8,197,0,0.011117,0.515128,-10.956606,1567000,20159.4
1568,1000,374.2899,29,0.58,,0,4,10,2.1651,3,705,0.618,727.7,976,0,0.011302,0.337984,-12.434326,1568000,20165.5
1569,1000,308.5173,25,0.5,,0,4,8,1.7854,3,1668,0.676,776.5,658,0,0.011333,0.346919,-11.617826,1569000,20171.7
1570,1000,254.4215,20,0.4,,0,2,7,1.8708,3,2165,0.6362,834.7,455,0,0.011288,0.362533,-11.647627,1570000,20177.9
1571,1000,325.0156,26,0.52,,0,5,9,1.6583,3,1607,0.656,1025.6,550,0,0.011063,0.55406,-12.122313,1571000,20184.2
1572,1000,96.5659,18,0.36,,0,3,5,0.866,0,3083,0.7265,842.7,297,0,0.011145,0.320474,-11.929129,1572000,20190.4
1573,1000,232.196,24,0.48,,0,5,9,1.7321,1,1826,0.6142,736.6,679,0,0.011306,0.285421,-11.609531,1573000,20196.3
1574,1000,278.3665,22,0.44,,0,4,7,1.118,3,1339,0.6235,895.7,943,0,0.011271,0.358216,-11.4249,1574000,20202.4
1575,1000,454.4522,34,0.68,,0,6,10,1.5,4,1223,0.61,883.2,990,0,0.011334,0.655594,-10.923482,1575000,20208.2
1576,1000,408.0165,31,0.62,,0,5,10,1.9203,4,1546,0.6677,924.3,575,0,0.011205,0.326223,-11.231896,1576000,20214.3
1577,1000,256.0856,22,0.44,,0,4,8,1.6583,2,974,0.458,845.6,867,0,0.01145,0.455523,-11.062352,1577000,20220.3
1578,1000,230.9188,22,0.44,,0,4,7,1.118,2,2135,0.6062,859.5,799,0,0.011136,0.321301,-11.399725,1578000,20226.3
1579,1000,88.4398,14,0.28,,0,2,5,1.118,0,1724,0.487,825.5,487,0,0.011156,0.739256,-10.995661,1579000,20232.3
1580,1000,222.7912,20,0.4,,0,5,5,0.0,2,1713,0.5148,641.2,625,0,0.011074,0.300704,-10.917637,1580000,20238.1
1581,1000,44.341,12,0.24,,0,2,5,1.2247,0,2878,0.7248,1001.9,204,0,0.010946,0.365532,-11.214247,1581000,20244.3
1582,1000,407.536,31,0.62,,0,6,10,1.7854,4,1653,0.6292,836.2,903,0,0.011016,0.420177,-11.297835,1582000,20250.3
1583,1000,312.7485,24,0.48,,0,5,9,1.7321,3,1317,0.4935,892.3,873,0,0.010944,0.478299,-12.196003,1583000,20256.2
1584,1000,321.1312,25,0.5,,0,4,9,1.7854,3,949,0.454,750.9,740,0,0.010739,0.252079,-10.759147,1584000,20262.0
1585,1000,272.7801,26,0.52,,0,4,10,2.2913,2,2234,0.6833,878.1,609,0,0.011096,0.292985,-11.499664,1585000,20268.0
1586,1000,180.5548,18,0.36,,0,4,5,0.5,1,31,0.194,595.9,386,0,0.011042,0.335716,-11.022006,1586000,20273.7
1587,1000,290.2711,24,0.48,,0,5,8,1.2247,3,2046,0.6577,795.5,957,0,0.011153,0.395973,-11.219474,1587000,20279.9
1588,1000,233.8471,21,0.42,,0,5,6,0.433,2,1803,0.4993,663.8,568,0,0.011279,0.464439,-12.078266,1588000,20285.8
1589,1000,187.2578,19,0.38,,0,4,5,0.433,1,1172,0.4582,898.0,513,0,0.011084,0.300357,-12.538256,1589000,20291.7
1590,1000,89.1021,15,0.3,,0,1,5,1.6394,0,2318,0.7275,1006.2,298,0,0.011215,0.361681,-11.106401,1590000,20297.7
1591,1000,338.1517,24,0.48,,0,5,7,0.7071,4,1480,0.5845,1073.5,810,0,0.011179,0.363505,-11.335827,1591000,20303.6
1592,1000,303.8046,25,0.5,,0,4,10,2.2776,3,1930,0.6218,937.6,712,0,0.011114,0.424989,-10.947702,1592000,20309.6
1593,1000,256.2629,23,0.46,,0,3,9,2.1651,2,1585,0.5503,660.9,865,0,0.011271,0.260196,-10.692469,1593000,20315.6
1594,1000,197.7494,20,0.4,,0,4,6,0.7071,1,1213,0.549,576.6,968,0,0.011234,0.352424,-11.955301,1594000,20321.5
1595,1000,262.1679,23,0.46,,0,4,10,2.4875,2,1091,0.6082,990.6,911,0,0.011512,0.466818,-10.616773,1595000,20327.4
1596,1000,377.9042,27,0.54,,0,5,10,1.9203,4,1240,0.5687,755.3,963,0,0.011298,0.612773,-12.309031,1596000,20333.2
1597,1000,363.2002,28,0.56,,0,4,10,2.5495,3,927,0.5325,829.8,843,0,0.011324,0.330497,-11.51895,1597000,20339.1
1598,1000,253.8143,21,0.42,,0,5,6,0.433,3,1849,0.4798,703.5,356,0,0.011286,0.26117,-12.014377,1598000,20345.1
1599,1000,322.5471,27,0.54,,0,5,9,1.7854,3,1915,0.6653,774.6,847,0,0.011748,0.491228,-11.887546,1599000,20351.1
1600,1000,363.4523,27,0.54,,0,5,10,2.0463,4,1613,0.6098,960.9,786,0,0.011589,0.37525,-11.023025,1600000,20357.0
1601,1000,201.2871,19,0.38,,0,4,5,0.433,2,1893,0.539,902.5,691,0,0.011932,0.414092,-11.24288,1601000,20370.9
1602,1000,205.2568,19,0.38,,0,4,6,0.8292,2,1942,0.4657,647.6,869,0,0.011665,0.518898,-12.050192,1602000,20376.9
1603,1000,265.0938,22,0.44,,0,4,7,1.118,3,1911,0.4635,894.0,445,0,0.011735,0.34774,-12.281647,1603000,20382.9
1604,1000,309.4844,27,0.54,,0,5,9,1.7854,3,2280,0.658,957.7,968,0,0.011547,0.515139,-12.078638,1604000,20389.0
1605,1000,257.0992,23,0.46,,0,4,8,1.479,2,1354,0.477,721.5,994,0,0.01184,0.419484,-11.159139,1605000,20394.9
1606,1000,128.1413,17,0.34,,0,4,5,0.433,0,1063,0.4607,737.8,524,0,0.011683,0.259851,-11.424519,1606000,20400.7
1607,1000,350.5879,24,0.48,,0,5,8,1.2247,4,1355,0.6035,734.5,990,0,0.01165,0.473497,-11.674393,1607000,20406.7
1608,1000,234.8522,22,0.44,,0,4,8,1.5,2,1992,0.488,718.2,998,0,0.011731,0.533162,-12.205476,1608000,20412.8
1609,1000,352.9679,28,0.56,,0,5,10,2.1213,3,1283,0.4592,864.5,947,0,0.011956,0.721971,-11.94907,1609000,20418.7
1610,1000,300.6223,24,0.48,,0,5,8,1.2247,3,1779,0.638,982.5,953,0,0.011929,0.252657,-12.040258,1610000,20424.7
1611,1000,332.4094,28,0.56,,0,5,9,2.0,3,1527,0.5375,897.0,755,0,0.011879,0.259935,-10.904116,1611000,20430.6
1612,1000,197.3599,21,0.42,,0,4,7,1.0897,1,2191,0.5445,986.3,948,0,0.012269,0.593558,-12.411903,1612000,20436.6
1613,1000,285.0994,25,0.5,,0,5,8,1.299,2,1522,0.513,794.3,558,0,0.012141,0.810735,-12.250547,1613000,20442.7
1614,1000,286.9928,26,0.52,,0,5,10,2.0616,2,1726,0.6593,841.3,930,0,0.012473,0.771853,-12.486265,1614000,20448.7
1615,1000,307.562,25,0.5,,0,4,9,1.9203,3,1812,0.6352,968.7,946,0,0.012681,0.347405,-11.252463,1615000,20454.6
1616,1000,205.3402,22,0.44,,0,5,7,0.866,1,1594,0.371,633.2,975,0,0.012421,0.365107,-11.741802,1616000,20460.4
1617,1000,191.5163,19,0.38,,0,4,5,0.433,1,1178,0.57,963.7,692,0,0.012202,0.765243,-12.240673,1617000,20466.3
1618,1000,360.3898,29,0.58,,0,4,9,1.9203,3,1023,0.6122,805.0,957,0,0.012103,0.368628,-11.654463,1618000,20472.2
1619,1000,221.4845,23,0.46,,0,4,9,1.9203,1,1656,0.7067,917.2,848,0,0.01224,0.445049,-13.191019,1619000,20478.2
1620,1000,300.9009,24,0.48,,0,5,7,1.0,3,1428,0.6088,742.1,601,0,0.012401,0.353701,-12.264496,1620000,20484.2
1621,1000,307.4809,24,0.48,,0,5,8,1.2247,3,1426,0.4863,844.7,503,0,0.012217,0.366624,-11.541952,1621000,20490.2
1622,1000,263.4252,23,0.46,,0,4,8,1.479,2,1352,0.5905,693.9,947,0,0.012243,0.396533,-12.267452,1622000,20496.1
1623,1000,421.4118,30,0.6,,0,5,10,2.5,4,1179,0.4725,793.3,939,0,0.012041,0.432657,-11.632908,1623000,20502.0
1624,1000,91.8628,16,0.32,,0,3,5,0.7071,0,2373,0.7252,991.1,265,0,0.012376,0.33136,-11.285526,1624000,20508.2
1625,1000,273.2157,24,0.48,,0,4,8,2.0,2,819,0.4475,748.8,977,0,0.012182,1.416299,-12.176872,1625000,20514.1
1626,1000,237.8398,20,0.4,,0,4,6,0.7071,2,936,0.3877,695.6,932,0,0.012275,0.31339,-12.885345,1626000,20520.0
1627,1000,300.8171,24,0.48,,0,4,8,1.4142,3,1742,0.662,890.2,397,0,0.012446,0.197065,-11.656492,1627000,20526.0
1628,1000,361.5578,29,0.58,,0,5,10,2.2776,3,1435,0.5817,1009.6,981,0,0.012219,0.2694,-11.847795,1628000,20532.0
1629,1000,483.1648,36,0.72,,0,7,10,1.2247,4,879,0.6258,938.7,898,0,0.012334,0.457219,-12.276153,1629000,20537.9
1630,1000,210.2886,19,0.38,,0,4,5,0.433,2,1803,0.5477,644.4,517,0,0.012292,0.447775,-11.456934,1630000,20543.9
1631,1000,271.4558,22,0.44,,0,3,8,1.8028,3,1937,0.6773,891.2,728,0,0.012294,0.368941,-11.510929,1631000,20549.9
1632,1000,179.6281,19,0.38,,0,3,8,1.9203,1,1120,0.4285,704.3,849,0,0.01233,0.620795,-11.346443,1632000,20555.9
1633,1000,231.0591,21,0.42,,0,3,8,1.9203,2,1730,0.6282,705.3,747,0,0.012402,0.526481,-12.271169,1633000,20561.8
1634,1000,416.4662,27,0.54,,0,5,11,2.4875,5,1052,0.6032,870.6,876,0,0.012449,0.291663,-11.718857,1634000,20567.6
1635,1000,219.5293,22,0.44,,0,4,9,2.0616,1,839,0.5327,602.8,935,0,0.012495,0.30558,-11.550859,1635000,20573.6
1636,1000,396.3506,29,0.58,,0,4,10,2.3848,4,1231,0.527,778.7,969,0,0.012731,0.601477,-11.359043,1636000,20579.5
1637,1000,160.0033,18,0.36,,0,2,6,1.5,1,2175,0.502,726.6,456,0,0.012422,0.318797,-12.009957,1637000,20585.4
1638,1000,221.9875,21,0.42,,0,5,6,0.433,2,2220,0.5923,850.7,983,0,0.012162,0.367337,-12.105499,1638000,20591.4
1639,1000,445.3,32,0.64,,0,5,9,1.7321,4,354,0.6412,793.7,833,0,0.012238,0.340148,-13.171469,1639000,20597.2
1640,1000,244.9199,21,0.42,,0,5,6,0.433,2,1472,0.5275,806.7,853,0,0.012257,0.312801,-11.387117,1640000,20603.3
1641,1000,231.7843,22,0.44,,0,4,9,2.0616,1,585,0.3895,640.0,399,0,0.01219,0.267233,-11.997604,1641000,20609.3
1642,1000,496.4334,34,0.68,,0,6,10,1.5,5,794,0.6325,999.4,850,0,0.012197,0.613458,-12.041458,1642000,20615.2
1643,1000,314.7726,25,0.5,,0,4,9,1.7854,3,1204,0.5873,923.5,991,0,0.012174,0.305888,-11.995521,1643000,20621.1
1644,1000,339.9941,28,0.56,,0,5,10,1.8708,3,1732,0.6208,1007.6,721,0,0.011993,0.485195,-11.305214,1644000,20627.0
1645,1000,358.3195,28,0.56,,0,5,9,1.5811,4,2356,0.6793,923.6,919,0,0.012009,0.339646,-11.570765,1645000,20633.1
1646,1000,280.0785,24,0.48,,0,2,10,2.9155,2,1149,0.4705,813.1,695,0,0.012395,0.341945,-12.17745,1646000,20639.1
1647,1000,354.0474,29,0.58,,0,5,10,1.7854,3,1566,0.6258,813.8,991,0,0.012338,0.240742,-11.782408,1647000,20645.0
1648,1000,399.4857,33,0.66,,0,4,10,2.4875,3,1548,0.6242,903.0,755,0,0.0125,0.268101,-11.830316,1648000,20651.0
1649,1000,398.2147,30,0.6,,0,5,10,1.8028,4,1546,0.6405,876.3,762,0,0.012499,0.302447,-10.676612,1649000,20656.9
1650,1000,263.1056,22,0.44,,0,4,7,1.118,2,908,0.3182,657.0,862,0,0.012434,0.35099,-11.476511,1650000,20662.7
1651,1000,288.9029,23,0.46,,0,5,8,1.299,3,1839,0.5108,771.9,873,0,0.012464,0.277914,-11.055353,1651000,20676.5
1652,1000,349.8764,29,0.58,,0,5,9,1.7854,3,1902,0.5853,794.4,972,0,0.012377,0.379747,-12.351606,1652000,20682.5
1653,1000,222.9111,21,0.42,,0,5,6,0.433,2,2255,0.683,963.4,733,0,0.012292,0.34456,-12.714885,1653000,20688.4
1654,1000,271.8937,23,0.46,,0,4,8,1.479,2,887,0.4835,692.9,485,0,0.012065,1.068977,-11.366203,1654000,20694.3
1655,1000,275.3928,24,0.48,,0,4,9,1.8708,2,1306,0.5925,914.1,980,0,0.012188,0.466724,-12.90719,1655000,20700.3
1656,1000,383.2747,28,0.56,,0,5,9,1.4142,4,1369,0.656,962.1,883,0,0.01162,0.780142,-13.372637,1656000,20706.3
1657,1000,177.8689,18,0.36,,0,4,5,0.5,1,880,0.3815,678.3,811,0,0.011774,0.301583,-11.693127,1657000,20712.2
1658,1000,309.7084,27,0.54,,0,5,10,2.0463,2,1380,0.6558,967.9,931,0,0.011683,0.261634,-11.569942,1658000,20718.1
1659,1000,246.5053,22,0.44,,0,4,7,1.118,2,1394,0.427,670.7,725,0,0.011768,0.563397,-12.31263,1659000,20724.1
1660,1000,298.6756,24,0.48,,0,5,8,1.2247,3,1783,0.5098,801.2,761,0,0.011712,0.931213,-13.202892,1660000,20730.2
1661,1000,438.9632,33,0.66,,0,5,10,2.0463,4,1043,0.5205,955.7,951,0,0.011571,0.828147,-12.217525,1661000,20736.4
1662,1000,210.801,21,0.42,,0,4,7,1.0897,1,1026,0.4875,707.9,995,0,0.011719,0.414866,-12.141279,1662000,20742.4
1663,1000,330.8649,26,0.52,,0,4,10,2.2913,3,1062,0.6485,772.6,826,0,0.011868,0.258063,-12.848148,1663000,20748.3
1664,1000,197.3627,17,0.34,,0,3,5,0.8292,2,1599,0.6593,989.4,659,0,0.011992,0.452878,-13.138222,1664000,20754.3
1665,1000,205.5841,22,0.44,,0,4,8,1.5,1,1484,0.6098,668.0,824,0,0.011844,0.516863,-11.944136,1665000,20760.2
1666,1000,156.2358,19,0.38,,0,4,5,0.433,0,417,0.5032,651.1,151,0,0.011737,0.245116,-12.473452,1666000,20766.4
1667,1000,285.9797,21,0.42,,0,5,6,0.433,3,994,0.5192,794.3,853,0,0.011571,0.405691,-11.742513,1667000,20772.7
1668,1000,315.6922,26,0.52,,0,5,9,1.6583,3,1823,0.5617,1073.5,912,0,0.011398,0.317003,-11.552102,1668000,20779.4
1669,1000,290.4102,25,0.5,,0,4,9,1.9203,2,993,0.5477,882.7,668,0,0.011539,0.346106,-11.503,1669000,20786.0
1670,1000,78.9895,15,0.3,,0,2,5,1.0897,0,2772,0.6125,902.7,135,0,0.011594,0.373925,-13.115833,1670000,20792.7
1671,1000,185.2924,20,0.4,,0,5,5,0.0,1,2389,0.7005,948.9,956,0,0.011453,0.452541,-13.141789,1671000,20800.5
1672,1000,292.8645,24,0.48,,0,5,7,0.7071,3,2264,0.6512,944.9,427,0,0.011462,0.978732,-12.680355,1672000,20806.8
1673,1000,227.8583,22,0.44,,0,5,6,0.5,2,2171,0.5803,963.7,869,0,0.011612,0.402138,-11.570929,1673000,20813.0
1674,1000,150.0629,19,0.38,,0,4,5,0.433,0,1956,0.7085,904.6,934,0,0.011697,0.836181,-12.897861,1674000,20818.9
1675,1000,316.3374,26,0.52,,0,4,8,1.5,3,1838,0.5162,1020.5,944,0,0.011603,0.417157,-12.023716,1675000,20824.9
1676,1000,346.7089,29,0.58,,0,4,10,2.3848,3,1672,0.5593,953.0,968,0,0.011556,0.840783,-12.316607,1676000,20831.4
1677,1000,205.1841,21,0.42,,0,4,7,1.0897,1,1806,0.6062,848.2,856,0,0.011556,0.314843,-11.738505,1677000,20837.5
1678,1000,327.3331,26,0.52,,0,5,9,1.5,3,1569,0.6893,1037.0,981,0,0.011811,0.342614,-13.00303,1678000,20843.9
1679,1000,406.1186,30,0.6,,0,5,10,2.0616,4,1602,0.5215,792.7,929,0,0.011715,0.411865,-12.690935,1679000,20849.8
1680,1000,328.5081,27,0.54,,0,5,10,2.0463,3,1942,0.6262,850.4,972,0,0.011526,0.287761,-11.74416,1680000,20855.7
1681,1000,354.0734,30,0.6,,0,5,10,2.0616,3,1690,0.6663,811.9,745,0,0.011623,0.353901,-12.487917,1681000,20861.7
1682,1000,355.8085,28,0.56,,0,4,10,2.5495,3,940,0.5885,849.1,599,0,0.011627,0.473832,-13.54381,1682000,20867.7
1683,1000,316.6671,29,0.58,,0,5,10,2.2776,2,1687,0.5547,947.0,757,0,0.011572,0.508501,-10.99057,1683000,20873.7
1684,1000,336.5827,28,0.56,,0,5,9,1.5811,3,1869,0.6452,933.9,969,0,0.011211,0.463353,-13.399805,1684000,20879.8
1685,1000,312.5905,27,0.54,,0,4,10,2.7726,2,835,0.537,934.7,728,0,0.011612,0.297549,-11.830272,1685000,20885.7
1686,1000,352.9187,25,0.5,,0,5,8,1.299,4,1290,0.5467,720.1,987,0,0.011485,0.305556,-11.467697,1686000,20891.6
1687,1000,321.1559,27,0.54,,0,4,10,2.3848,3,2114,0.632,776.1,999,0,0.011347,0.249556,-12.393298,1687000,20897.9
1688,1000,337.8629,27,0.54,,0,3,9,2.4875,3,1143,0.6755,757.8,768,0,0.011155,0.536595,-11.573859,1688000,20904.2
1689,1000,321.4956,26,0.52,,0,5,8,1.118,3,1721,0.5095,881.6,965,0,0.011438,0.303816,-11.051944,1689000,20910.3
1690,1000,398.3022,33,0.66,,0,5,10,1.9203,3,1492,0.6735,855.5,985,0,0.011272,0.383364,-12.310379,1690000,20916.3
1691,1000,360.6272,29,0.58,,0,5,10,1.9203,3,1554,0.6432,936.3,825,0,0.011482,0.318108,-11.342062,1691000,20922.1
1692,1000,258.965,24,0.48,,0,4,8,1.5811,2,1898,0.602,993.9,749,0,0.011406,0.305919,-11.712746,1692000,20928.2
1693,1000,347.5791,28,0.56,,0,5,9,2.0,3,1475,0.6125,770.6,990,0,0.011197,0.316533,-11.793546,1693000,20934.3
1694,1000,99.4792,17,0.34,,0,2,5,1.299,0,2760,0.7242,894.5,880,0,0.011378,0.347589,-11.162944,1694000,20940.4
1695,1000,281.8627,22,0.44,,0,4,7,1.118,3,1469,0.545,747.8,657,0,0.011755,0.356533,-11.413404,1695000,20946.3
1696,1000,120.7864,18,0.36,,0,4,5,0.5,0,2345,0.63,858.6,931,0,0.011663,0.268952,-11.469395,1696000,20952.3
1697,1000,195.4428,22,0.44,,0,4,8,1.5,1,2315,0.673,678.7,979,0,0.011442,0.344874,-11.750702,1697000,20958.3
1698,1000,251.924,23,0.46,,0,4,8,1.479,2,1711,0.5493,768.2,615,0,0.011394,0.356862,-11.726107,1698000,20964.8
1699,1000,173.7659,18,0.36,,0,4,5,0.5,1,961,0.3355,575.1,472,0,0.011391,0.359422,-11.913186,1699000,20971.0
1700,1000,205.5116,21,0.42,,0,4,8,1.6394,1,1313,0.6295,623.9,505,0,0.011385,0.405102,-11.543861,1700000,20977.1
1701,1000,290.3593,26,0.52,,0,4,10,2.2913,2,1134,0.502,698.4,556,0,0.01131,0.743239,-11.750551,1701000,20991.3
1702,1000,337.3117,27,0.54,,0,5,9,1.7854,3,1419,0.6282,913.5,805,0,0.011602,0.227144,-11.477844,1702000,20997.3
1703,1000,114.6459,17,0.34,,0,3,5,0.8292,0,2174,0.719,930.8,203,0,0.011616,0.236885,-10.765079,1703000,21003.3
1704,1000,299.4006,23,0.46,,0,5,7,0.8292,3,1335,0.5333,717.3,941,0,0.011748,0.482733,-11.767702,1704000,21009.2
1705,1000,303.0951,25,0.5,,0,5,8,1.0897,3,1907,0.5945,884.3,569,0,0.01181,0.207969,-11.247001,1705000,21015.3
1706,1000,354.74,28,0.56,,0,5,10,2.1213,3,1379,0.5893,880.2,996,0,0.011588,0.528791,-12.497028,1706000,21021.5
1707,1000,215.6649,23,0.46,,0,5,8,1.299,1,1699,0.6362,1018.8,956,0,0.011345,0.389882,-11.169086,1707000,21027.7
1708,1000,330.5783,26,0.52,,0,5,7,0.866,3,1157,0.6505,767.4,775,0,0.011489,0.682061,-12.427408,1708000,21033.7
1709,1000,264.467,24,0.48,,0,4,8,1.5811,2,1755,0.609,828.6,990,0,0.011404,0.270265,-11.18051,1709000,21039.7
1710,1000,175.3992,19,0.38,,0,4,5,0.433,1,2153,0.6905,797.6,501,0,0.011486,0.240288,-11.699905,1710000,21045.7
1711,1000,298.5208,24,0.48,,0,5,8,1.2247,3,1744,0.578,753.7,742,0,0.011447,0.515743,-12.133032,1711000,21051.7
1712,1000,180.1432,19,0.38,,0,4,5,0.433,1,1547,0.339,593.9,245,0,0.011477,0.519978,-12.085007,1712000,21057.8
1713,1000,262.0711,21,0.42,,0,5,6,0.433,3,2274,0.663,819.7,411,0,0.011493,0.390671,-12.207002,1713000,21064.0
1714,1000,336.3003,28,0.56,,0,4,10,2.2361,3,1805,0.68,896.1,573,0,0.011675,0.323871,-11.392363,1714000,21070.0
1715,1000,155.066,19,0.38,,0,4,5,0.433,0,804,0.2823,873.3,751,0,0.011757,0.376504,-12.932371,1715000,21075.8
1716,1000,281.8704,26,0.52,,0,4,10,2.2913,2,1712,0.6262,815.0,751,0,0.011762,0.921954,-11.967163,1716000,21081.9
1717,1000,164.4004,19,0.38,,0,3,6,1.0897,1,2474,0.6995,862.8,939,0,0.011897,0.249433,-12.389704,1717000,21088.0
1718,1000,185.1328,20,0.4,,0,5,5,0.0,1,1770,0.4672,834.0,750,0,0.011571,1.072225,-12.362156,1718000,21094.4
1719,1000,355.4168,29,0.58,,0,5,10,1.9203,3,1402,0.52,924.9,975,0,0.011283,0.39977,-13.334312,1719000,21100.5
1720,1000,371.2621,30,0.6,,0,5,10,2.5,3,1260,0.5022,1073.5,930,0,0.01162,0.306478,-11.983535,1720000,21106.5
1721,1000,199.7372,20,0.4,,0,5,5,0.0,1,1813,0.502,780.1,574,0,0.011252,0.439541,-12.192424,1721000,21112.5
1722,1000,306.2201,24,0.48,,0,5,8,1.2247,3,1154,0.3675,695.0,973,0,0.011128,0.334232,-11.161379,1722000,21118.5
1723,1000,243.7063,21,0.42,,0,5,6,0.433,2,1530,0.4625,952.7,872,0,0.011661,0.372632,-12.833571,1723000,21124.6
1724,1000,334.4959,25,0.5,,0,5,7,0.8292,4,2119,0.6595,871.1,809,0,0.011726,0.428071,-12.567128,1724000,21130.9
1725,1000,347.8168,27,0.54,,0,5,10,2.0463,4,1397,0.4703,788.0,918,0,0.011726,0.3309,-11.965153,1725000,21136.8
1726,1000,242.8821,23,0.46,,0,5,7,0.8292,2,1977,0.6583,839.0,978,0,0.011802,0.498601,-12.125917,1726000,21142.8
1727,1000,195.0983,21,0.42,,0,4,7,1.0897,1,2001,0.5665,793.8,757,0,0.011837,0.337677,-11.358274,1727000,21148.7
1728,1000,117.5803,17,0.34,,0,4,5,0.433,0,2043,0.6937,853.1,761,0,0.011739,0.378716,-12.410609,1728000,21154.9
1729,1000,38.2962,9,0.18,,0,1,4,1.0897,0,1712,0.7195,713.9,818,0,0.011616,0.357464,-13.947453,1729000,21161.5
1730,1000,235.294,22,0.44,,0,5,7,0.866,2,2238,0.5042,729.6,426,0,0.011616,0.414485,-12.310511,1730000,21167.7
1731,1000,419.0714,31,0.62,,0,5,10,1.7854,4,1241,0.5797,893.2,797,0,0.011475,0.359421,-12.412041,1731000,21173.5
1732,1000,257.0304,24,0.48,,0,4,8,1.5811,2,1825,0.4705,714.0,801,0,0.011604,0.486714,-12.809233,1732000,21179.5
1733,1000,358.8499,29,0.58,,0,5,8,1.299,3,1180,0.6485,951.1,992,0,0.011748,0.465978,-13.186981,1733000,21185.5
1734,1000,188.8645,20,0.4,,0,4,6,0.7071,1,1950,0.654,772.9,917,0,0.011836,0.507226,-12.146393,1734000,21191.7
1735,1000,309.8145,26,0.52,,0,4,10,2.2913,2,937,0.4983,943.5,979,0,0.0118,0.304202,-13.267644,1735000,21197.8
1736,1000,353.2375,27,0.54,,0,5,9,1.479,3,1088,0.5877,872.3,765,0,0.011854,0.87676,-13.24798,1736000,21203.7
1737,1000,268.0704,24,0.48,,0,4,8,1.5811,2,1460,0.6675,797.5,759,0,0.01184,0.385079,-12.562748,1737000,21209.9
1738,1000,190.2968,20,0.4,,0,5,5,0.0,1,1642,0.5327,948.2,638,0,0.011947,0.420135,-12.695238,1738000,21216.1
1739,1000,272.2701,24,0.48,,0,4,9,1.8708,2,1296,0.608,956.4,904,0,0.011912,0.366515,-12.228571,1739000,21222.5
1740,1000,249.5472,22,0.44,,0,3,8,1.8028,2,1151,0.5693,672.1,968,0,0.01224,0.47162,-13.003699,1740000,21228.8
1741,1000,291.4332,22,0.44,,0,5,6,0.5,3,1154,0.6045,956.1,981,0,0.01213,0.382543,-11.947696,1741000,21234.8
1742,1000,220.4563,20,0.4,,0,4,6,0.7071,2,1965,0.6462,968.5,955,0,0.012109,0.579172,-13.457691,1742000,21240.8
1743,1000,298.093,25,0.5,,0,5,10,2.1651,3,2467,0.6548,738.2,972,0,0.012105,0.276688,-11.839869,1743000,21246.8
1744,1000,362.8184,29,0.58,,0,5,9,1.479,3,1310,0.563,809.0,905,0,0.012141,0.408433,-13.313107,1744000,21252.9
1745,1000,319.3455,26,0.52,,0,5,9,1.6583,3,1747,0.6635,1049.6,691,0,0.01208,0.466057,-12.486012,1745000,21258.9
1746,1000,358.7971,28,0.56,,0,5,9,1.5811,3,861,0.5913,889.1,642,0,0.011854,0.311418,-13.14958,1746000,21264.8
1747,1000,251.4991,22,0.44,,0,5,7,0.866,2,1747,0.664,763.0,559,0,0.011822,0.298681,-12.284956,1747000,21270.8
1748,1000,378.5503,27,0.54,,0,6,8,0.8292,4,1095,0.5765,984.8,975,0,0.011951,0.393447,-11.993901,1748000,21276.8
1749,1000,360.1397,27,0.54,,0,5,10,1.9203,4,2028,0.5952,723.8,1000,0,0.011798,0.467039,-13.221955,1749000,21283.1
1750,1000,394.8931,29,0.58,,0,5,10,2.2776,4,1119,0.5363,778.1,540,0,0.011797,0.513458,-12.644704,1750000,21289.3
1751,1000,292.0935,23,0.46,,0,5,7,0.8292,3,1876,0.6633,868.1,748,0,0.011846,0.362411,-12.830366,1751000,21303.2
1752,1000,205.9286,21,0.42,,0,4,7,1.0897,1,1361,0.5823,827.4,913,0,0.011926,0.325962,-13.043324,1752000,21309.2
1753,1000,296.4391,25,0.5,,0,5,8,1.299,3,2274,0.503,837.8,833,0,0.012325,0.375777,-12.384356,1753000,21315.1
1754,1000,302.0714,23,0.46,,0,5,7,0.8292,3,1236,0.5042,819.3,975,0,0.012274,0.428727,-12.965334,1754000,21321.2
1755,1000,227.9439,21,0.42,,0,5,6,0.433,2,2101,0.4955,695.6,704,0,0.012098,0.474555,-12.954694,1755000,21327.2
1756,1000,238.9533,21,0.42,,0,5,6,0.433,2,1436,0.4432,784.4,947,0,0.012279,0.599573,-12.695286,1756000,21333.4
1757,1000,282.4084,23,0.46,,0,5,7,0.8292,3,2047,0.6295,635.1,941,0,0.012111,0.348706,-12.949924,1757000,21339.6
1758,1000,380.6969,28,0.56,,0,4,10,2.1213,4,1354,0.4918,805.9,820,0,0.012033,0.398709,-13.440962,1758000,21345.5
1759,1000,369.1026,27,0.54,,0,5,9,1.7854,4,1299,0.5853,1028.2,836,0,0.012169,0.430923,-12.852674,1759000,21351.5
1760,1000,289.1769,23,0.46,,0,5,6,0.433,3,1779,0.6415,764.3,765,0,0.012434,0.648054,-12.408146,1760000,21357.6
1761,1000,291.9966,24,0.48,,0,4,7,1.2247,3,2065,0.6362,923.8,972,0,0.012041,0.704052,-11.622164,1761000,21363.7
1762,1000,388.6818,32,0.64,,0,5,10,2.1213,3,1517,0.6465,821.2,986,0,0.011817,0.372446,-13.935493,1762000,21369.7
1763,1000,300.0227,27,0.54,,0,5,10,2.0463,2,1408,0.6585,775.8,953,0,0.011755,0.551014,-13.243661,1763000,21375.7
1764,1000,249.3935,21,0.42,,0,5,6,0.433,2,1509,0.5413,884.3,843,0,0.011946,0.482607,-12.479727,1764000,21381.9
1765,1000,264.1104,20,0.4,,0,5,5,0.0,3,1390,0.5045,804.0,208,0,0.011875,0.584868,-11.956318,1765000,21388.2
1766,1000,224.2087,23,0.46,,0,5,8,1.299,1,2163,0.6685,898.6,950,0,0.012014,0.490804,-12.559702,1766000,21394.2
1767,1000,358.9067,26,0.52,,0,5,9,1.5,4,1391,0.6222,954.9,776,0,0.011942,0.560941,-13.587887,1767000,21400.2
1768,1000,319.3879,23,0.46,,0,5,7,0.8292,4,1966,0.6005,775.1,947,0,0.012278,0.480615,-12.379543,1768000,21406.2
1769,1000,330.2034,27,0.54,,0,5,9,1.7854,3,876,0.4345,1024.9,959,0,0.012089,0.734037,-13.651954,1769000,21412.1
1770,1000,271.1871,24,0.48,,0,5,9,1.7321,2,1472,0.607,760.0,844,0,0.011832,0.457151,-11.741154,1770000,21418.2
1771,1000,332.2693,24,0.48,,0,5,8,1.2247,4,1694,0.5055,727.5,874,0,0.012184,0.492043,-12.454206,1771000,21424.3
1772,1000,198.6245,20,0.4,,0,5,5,0.0,1,1806,0.3605,734.9,211,0,0.012045,0.394324,-12.789724,1772000,21430.3
1773,1000,262.0638,24,0.48,,0,5,8,1.2247,2,1624,0.4763,821.6,969,0,0.012075,0.275995,-11.909243,1773000,21436.5
1774,1000,238.4829,21,0.42,,0,4,6,0.8292,2,1705,0.498,808.8,438,0,0.012218,0.441012,-13.151187,1774000,21442.7
1775,1000,283.9471,24,0.48,,0,5,8,1.2247,3,2335,0.5925,840.6,880,0,0.012254,0.298023,-13.199148,1775000,21449.1
1776,1000,229.3128,20,0.4,,0,5,5,0.0,2,1931,0.5168,763.4,587,0,0.011912,0.236491,-13.070311,1776000,21455.2
1777,1000,305.6736,23,0.46,,0,5,7,0.8292,4,2424,0.6272,896.0,606,0,0.012117,0.327188,-13.333724,1777000,21461.2
1778,1000,317.5003,26,0.52,,0,5,8,1.5,3,1959,0.6455,959.9,778,0,0.012295,0.187238,-12.132828,1778000,21467.3
1779,1000,365.9071,29,0.58,,0,5,10,1.9203,3,966,0.6288,1031.3,851,0,0.012258,0.270155,-13.445429,1779000,21473.2
1780,1000,309.8923,25,0.5,,0,4,9,1.9203,3,1619,0.5763,994.3,987,0,0.012148,1.238482,-12.820072,1780000,21479.3
1781,1000,343.0465,27,0.54,,0,5,10,1.9203,3,1102,0.4655,810.5,850,0,0.01212,0.52377,-13.934789,1781000,21485.3
1782,1000,268.3483,24,0.48,,0,5,7,1.0,2,1392,0.5148,881.5,905,0,0.012027,0.384214,-13.296404,1782000,21491.3
1783,1000,361.9354,26,0.52,,0,5,9,1.6583,4,1119,0.428,787.6,814,0,0.011689,0.553519,-13.264675,1783000,21497.3
1784,1000,290.8593,22,0.44,,0,4,7,1.118,3,977,0.5268,712.6,989,0,0.012113,0.417577,-12.922875,1784000,21503.6
1785,1000,221.3586,20,0.4,,0,4,6,0.7071,2,1612,0.4813,602.0,233,0,0.012191,0.448184,-12.923936,1785000,21509.9
1786,1000,216.016,20,0.4,,0,4,6,0.7071,2,2102,0.5108,750.7,512,0,0.012219,0.681351,-13.413515,1786000,21516.1
1787,1000,332.5531,27,0.54,,0,4,10,2.3848,3,1467,0.563,888.4,898,0,0.012041,0.326977,-13.189087,1787000,21522.3
1788,1000,320.7907,24,0.48,,0,5,7,0.7071,4,2178,0.6085,972.2,821,0,0.011708,0.523494,-11.941904,1788000,21528.5
1789,1000,300.8093,25,0.5,,0,4,8,1.479,3,1936,0.497,781.7,380,0,0.011947,0.192497,-12.608683,1789000,21534.6
1790,1000,112.9604,15,0.3,,0,3,5,0.8292,1,2479,0.6915,869.7,520,0,0.011887,0.505147,-14.19364,1790000,21540.8
1791,1000,226.4189,21,0.42,,0,4,8,1.6394,2,1233,0.391,665.6,589,0,0.011877,0.493441,-13.511797,1791000,21547.1
1792,1000,333.4277,28,0.56,,0,4,10,2.2361,3,1965,0.6755,1073.5,592,0,0.012188,0.473357,-13.428061,1792000,21553.2
1793,1000,363.5563,29,0.58,,0,5,8,1.299,3,1378,0.6573,897.0,963,0,0.012211,0.241537,-12.047917,1793000,21559.1
1794,1000,410.5121,30,0.6,,0,5,10,2.0616,4,1401,0.6458,997.8,895,0,0.011892,0.43307,-13.079992,1794000,21565.1
1795,1000,294.1764,23,0.46,,0,5,7,0.8292,3,1587,0.4115,674.6,958,0,0.011895,0.290795,-13.330976,1795000,21570.9
1796,1000,258.7207,25,0.5,,0,4,9,1.9203,2,2522,0.658,850.0,470,0,0.011814,0.469279,-12.309642,1796000,21577.0
1797,1000,274.629,25,0.5,,0,4,8,1.7854,2,1426,0.6192,795.2,704,0,0.012033,0.481487,-12.744962,1797000,21583.2
1798,1000,274.6182,24,0.48,,0,4,8,1.5811,2,1268,0.5185,781.4,917,0,0.011769,0.291192,-12.984517,1798000,21589.2
1799,1000,251.5843,21,0.42,,0,4,7,1.299,2,819,0.5032,769.7,546,0,0.011852,0.25711,-12.49928,1799000,21595.2
1800,1000,339.6314,27,0.54,,0,4,9,1.9203,3,1466,0.6455,979.0,940,0,0.011708,0.317965,-13.269682,1800000,21601.2
1801,1000,327.8813,25,0.5,,0,5,7,0.8292,4,2446,0.6498,921.7,332,0,0.011856,0.474548,-11.931658,1801000,21615.1
1802,1000,341.3484,25,0.5,,0,6,7,0.433,4,1922,0.6288,786.4,489,0,0.011811,0.98247,-13.157046,1802000,21621.0
1803,1000,326.3967,26,0.52,,0,5,10,2.0616,3,1678,0.5857,807.1,661,0,0.011919,0.221895,-12.527885,1803000,21626.9
1804,1000,405.0895,27,0.54,,0,5,10,2.0463,5,1313,0.4703,816.0,730,0,0.011829,0.406372,-12.347907,1804000,21632.9
1805,1000,322.7606,26,0.52,,0,5,7,0.866,3,1699,0.6787,721.9,359,0,0.011871,0.54796,-11.819513,1805000,21638.8
1806,1000,310.7757,25,0.5,,0,5,7,0.8292,3,1628,0.5735,859.9,541,0,0.011766,0.344193,-11.849119,1806000,21644.9
1807,1000,302.2027,24,0.48,,0,4,9,1.8708,3,1469,0.5302,774.6,690,0,0.011728,0.302888,-12.692661,1807000,21651.1
1808,1000,208.6854,19,0.38,,0,4,5,0.433,2,1927,0.4592,649.5,485,0,0.011756,0.309943,-12.826445,1808000,21657.1
1809,1000,358.1284,29,0.58,,0,5,10,1.9203,3,1815,0.568,908.3,790,0,0.011515,0.375796,-12.702124,1809000,21663.2
1810,1000,128.346,17,0.34,,0,2,5,1.299,0,1608,0.5643,620.1,745,0,0.011442,0.267033,-12.383088,1810000,21669.5
1811,1000,362.5381,29,0.58,,0,4,10,2.1651,3,1119,0.6412,963.4,903,0,0.011553,0.228521,-11.874847,1811000,21676.1
1812,1000,306.3049,23,0.46,,0,4,10,2.4875,3,944,0.4615,872.2,582,0,0.011539,0.380673,-12.382318,1812000,21682.4
1813,1000,388.0641,31,0.62,,0,5,10,2.2776,3,1256,0.634,913.2,967,0,0.011817,0.231619,-12.134939,1813000,21688.6
1814,1000,295.3423,23,0.46,,0,5,7,0.8292,3,1597,0.5605,884.3,968,0,0.011987,0.854523,-12.189058,1814000,21694.8
1815,1000,229.6709,21,0.42,,0,4,7,1.299,2,1635,0.4893,753.3,836,0,0.011852,0.348891,-12.489378,1815000,21700.9
1816,1000,351.2325,28,0.56,,0,4,10,2.5495,3,1492,0.4625,723.7,509,0,0.011688,0.295747,-12.558142,1816000,21707.0
1817,1000,36.8281,10,0.2,,0,1,5,1.6583,0,2199,0.727,1073.5,935,0,0.012022,0.42259,-12.528833,1817000,21713.2
1818,1000,304.1,24,0.48,,0,5,7,0.7071,3,1920,0.5473,737.2,797,0,0.012025,0.447706,-13.064905,1818000,21719.3
1819,1000,340.0069,27,0.54,,0,4,9,2.2776,3,794,0.486,729.2,770,0,0.011854,0.647652,-13.514647,1819000,21725.3
1820,1000,319.595,26,0.52,,0,5,9,1.6583,3,1865,0.504,673.2,881,0,0.011973,0.367327,-12.788016,1820000,21731.5
1821,1000,429.1311,29,0.58,,0,5,10,2.2776,5,1380,0.6058,877.3,897,0,0.01158,0.563467,-12.350008,1821000,21737.6
1822,1000,113.9665,15,0.3,,0,2,7,2.0463,1,2509,0.691,859.1,926,0,0.011789,0.346691,-12.290428,1822000,21743.7
1823,1000,351.7048,29,0.58,,0,5,9,1.7854,3,1593,0.5058,807.4,767,0,0.011562,0.32469,-12.700228,1823000,21749.7
1824,1000,312.9007,25,0.5,,0,4,9,1.9203,3,1290,0.512,797.8,946,0,0.011705,0.384432,-12.192931,1824000,21755.7
1825,1000,363.6354,30,0.6,,0,5,10,2.0616,3,1807,0.65,944.9,748,0,0.011581,0.298554,-12.440857,1825000,21761.8
1826,1000,448.7304,33,0.66,,0,6,10,1.479,4,1089,0.631,1001.0,863,0,0.011717,0.350613,-12.882202,1826000,21767.8
1827,1000,435.6374,32,0.64,,0,6,10,2.0,4,1472,0.6695,953.1,588,0,0.011574,0.35634,-12.808554,1827000,21773.8
1828,1000,304.9847,25,0.5,,0,5,8,1.299,3,2018,0.6445,758.9,982,0,0.011316,0.384864,-12.284736,1828000,21780.0
1829,1000,322.7624,25,0.5,,0,4,8,1.479,3,1041,0.6185,725.0,889,0,0.011185,0.638563,-11.82601,1829000,21786.1
1830,1000,396.7062,30,0.6,,0,5,9,1.6583,4,1519,0.6763,904.2,891,0,0.011158,0.360641,-11.750238,1830000,21792.2
1831,1000,293.8713,25,0.5,,0,4,10,2.2776,3,2176,0.6963,1008.3,765,0,0.011116,0.552716,-12.397425,1831000,21798.3
1832,1000,300.8821,24,0.48,,0,4,9,1.8708,3,1653,0.5695,856.0,949,0,0.011173,0.313802,-12.594854,1832000,21804.4
1833,1000,400.7379,30,0.6,,0,5,9,1.6583,4,1500,0.637,825.2,693,0,0.011617,0.341162,-12.916833,1833000,21810.4
1834,1000,68.4311,15,0.3,,0,2,5,1.0897,0,3065,0.7165,675.3,234,0,0.011279,0.734436,-11.51246,1834000,21816.9
1835,1000,360.6469,29,0.58,,0,5,9,1.479,3,1397,0.6452,751.7,782,0,0.011151,0.564834,-12.13916,1835000,21823.0
1836,1000,296.2088,23,0.46,,0,4,7,1.299,3,1300,0.4103,746.8,981,0,0.011327,0.271361,-11.296331,1836000,21828.9
1837,1000,285.9739,22,0.44,,0,4,7,1.118,3,1503,0.3992,795.4,849,0,0.011256,0.479079,-12.081787,1837000,21834.9
1838,1000,371.5551,27,0.54,,0,5,9,1.479,4,1466,0.5972,735.5,923,0,0.011197,0.42458,-10.960166,1838000,21840.9
1839,1000,255.6488,22,0.44,,0,4,7,1.118,2,1400,0.454,702.0,956,0,0.010863,0.351338,-11.533108,1839000,21846.9
1840,1000,302.6671,22,0.44,,0,4,7,1.118,3,758,0.5032,840.4,283,0,0.010715,0.33292,-11.593342,1840000,21853.0
1841,1000,370.65,28,0.56,,0,5,10,1.8708,4,1890,0.6218,951.6,713,0,0.011078,0.491056,-11.841331,1841000,21858.9
1842,1000,402.0203,29,0.58,,0,4,10,2.3848,4,1070,0.4863,773.8,934,0,0.010876,0.306089,-11.029047,1842000,21864.8
1843,1000,334.62,27,0.54,,0,5,9,1.7854,3,1558,0.632,803.4,974,0,0.010882,0.368735,-11.634825,1843000,21871.0
1844,1000,205.2246,21,0.42,,0,4,6,0.8292,2,2719,0.6535,656.6,312,0,0.011102,0.582709,-12.323509,1844000,21877.1
1845,1000,114.3671,16,0.32,,0,3,5,0.7071,1,2640,0.568,673.2,121,0,0.011304,0.490614,-12.239792,1845000,21883.3
1846,1000,392.0566,31,0.62,,0,4,10,2.4875,3,1455,0.618,974.3,828,0,0.011338,0.255903,-11.074289,1846000,21889.5
1847,1000,248.2752,22,0.44,,0,4,9,2.0616,2,1226,0.4235,711.9,842,0,0.01126,0.594757,-11.591228,1847000,21895.5
1848,1000,224.7078,19,0.38,,0,4,6,0.8292,2,938,0.415,782.6,760,0,0.011078,0.328683,-12.06171,1848000,21901.7
1849,1000,274.199,24,0.48,,0,4,9,2.1213,2,1172,0.445,844.8,992,0,0.011331,0.502679,-11.501925,1849000,21907.7
1850,1000,311.2062,25,0.5,,0,4,8,1.7854,3,1753,0.5915,928.9,980,0,0.011301,0.459172,-12.65213,1850000,21913.8
1851,1000,106.4867,17,0.34,,0,4,5,0.433,0,2522,0.6552,971.8,980,0,0.01111,0.403295,-11.378304,1851000,21927.8
1852,1000,417.7481,32,0.64,,0,5,10,1.8708,4,1617,0.6677,963.1,862,0,0.011282,0.365237,-12.152787,1852000,21933.8
1853,1000,304.2223,25,0.5,,0,4,8,1.7854,3,2003,0.6518,969.8,927,0,0.011171,0.523676,-11.222231,1853000,21939.9
1854,1000,184.3633,19,0.38,,0,4,6,0.8292,1,1305,0.5272,703.1,282,0,0.011224,0.350965,-11.930219,1854000,21945.8
1855,1000,253.6605,22,0.44,,0,4,7,1.118,2,1607,0.552,686.5,957,0,0.011564,0.455285,-11.286911,1855000,21951.9
1856,1000,377.3373,28,0.56,,0,5,10,2.1213,4,1643,0.6733,892.8,826,0,0.011542,0.350934,-12.516422,1856000,21957.9
1857,1000,335.9175,26,0.52,,0,4,8,1.6583,3,1006,0.4475,805.8,931,0,0.011512,0.256164,-10.229787,1857000,21963.8
1858,1000,169.6277,18,0.36,,0,4,6,0.866,1,1359,0.3603,651.0,834,0,0.011684,0.413677,-11.351959,1858000,21969.7
1859,1000,163.7998,18,0.36,,0,4,5,0.5,1,1750,0.5138,733.6,679,0,0.0116,0.313887,-11.454655,1859000,21975.7
1860,1000,421.0541,31,0.62,,0,5,10,1.7854,4,1340,0.671,987.7,973,0,0.01179,0.283134,-12.064259,1860000,21981.6
1861,1000,332.1392,27,0.54,,0,5,8,1.0897,3,1861,0.5573,732.4,559,0,0.011655,0.539269,-11.074892,1861000,21987.7
1862,1000,365.3524,27,0.54,,0,5,10,2.0463,4,1161,0.6518,964.7,719,0,0.011588,0.432273,-11.416107,1862000,21993.7
1863,1000,346.3464,28,0.56,,0,3,10,3.0822,3,1390,0.6188,831.5,916,0,0.011726,0.450622,-11.341773,1863000,21999.7
1864,1000,380.2907,28,0.56,,0,5,8,1.2247,4,1592,0.641,1000.9,981,0,0.011716,0.540302,-11.714416,1864000,22005.5
1865,1000,381.4559,30,0.6,,0,5,10,2.5,3,1375,0.574,849.9,883,0,0.011655,0.524643,-11.69067,1865000,22011.4
1866,1000,106.2778,18,0.36,,0,4,5,0.5,0,2801,0.6575,816.4,476,0,0.011955,0.623217,-11.209477,1866000,22017.5
1867,1000,336.5034,28,0.56,,0,5,10,1.8708,3,1939,0.6707,784.1,743,0,0.011918,1.038031,-10.93354,1867000,22023.5
1868,1000,215.8784,21,0.42,,0,5,6,0.433,2,2574,0.5697,847.8,687,0,0.011934,0.293955,-11.690627,1868000,22029.4
1869,1000,352.2101,28,0.56,,0,5,10,2.1213,3,1058,0.5245,998.7,876,0,0.012051,0.262985,-10.544569,1869000,22035.3
1870,1000,324.7608,26,0.52,,0,5,8,1.5,3,1544,0.5465,957.1,982,0,0.011837,0.558389,-11.858891,1870000,22041.1
1871,1000,325.279,24,0.48,,0,5,8,1.2247,4,2133,0.6593,1010.1,553,0,0.011948,0.356905,-11.425398,1871000,22047.2
1872,1000,311.6598,24,0.48,,0,5,7,1.0,3,1381,0.4688,678.2,461,0,0.011763,0.610388,-11.097134,1872000,22053.1
1873,1000,83.1752,17,0.34,,0,4,5,0.433,0,3031,0.5262,821.6,156,0,0.011984,0.295757,-11.005861,1873000,22059.1
1874,1000,386.7375,28,0.56,,0,5,9,1.4142,4,1032,0.4303,1002.7,925,0,0.011727,0.271957,-10.737081,1874000,22064.9
1875,1000,385.4068,29,0.58,,0,5,9,1.479,4,1768,0.6468,1060.4,500,0,0.01189,0.503703,-11.970406,1875000,22071.0
1876,1000,237.3366,22,0.44,,0,4,7,1.118,2,1979,0.49,826.7,527,0,0.011974,0.628279,-11.844248,1876000,22077.0
1877,1000,247.0596,22,0.44,,0,5,7,0.866,2,2163,0.5807,741.5,467,0,0.012149,0.435229,-10.939295,1877000,22083.2
1878,1000,172.8355,18,0.36,,0,3,7,1.6583,2,2750,0.6735,810.6,910,0,0.012414,0.42695,-12.283972,1878000,22089.8
1879,1000,376.9781,29,0.58,,0,5,10,2.2776,4,2103,0.6278,878.2,907,0,0.012014,0.311192,-10.368429,1879000,22095.8
1880,1000,285.2169,25,0.5,,0,5,8,1.299,2,1341,0.5218,840.7,894,0,0.012062,0.896562,-10.39301,1880000,22101.9
1881,1000,379.9912,28,0.56,,0,5,10,2.1213,4,1443,0.5935,968.2,924,0,0.012132,0.482618,-10.236923,1881000,22107.9
1882,1000,265.3516,23,0.46,,0,4,8,1.479,2,1217,0.5272,867.4,938,0,0.012061,0.406267,-10.403058,1882000,22114.2
1883,1000,322.6871,22,0.44,,0,5,7,0.866,4,1352,0.3563,803.0,285,0,0.01205,0.251072,-10.542868,1883000,22120.3
1884,1000,297.3037,24,0.48,,0,5,8,1.2247,3,1495,0.372,605.7,918,0,0.011754,0.503171,-11.151279,1884000,22126.4
1885,1000,353.8873,28,0.56,,0,5,10,1.8708,3,1449,0.5965,983.8,911,0,0.011729,0.38886,-10.206686,1885000,22132.3
1886,1000,249.1335,24,0.48,,0,4,8,1.5811,2,2092,0.665,1073.5,869,0,0.01187,0.25831,-11.489704,1886000,22138.3
1887,1000,328.5124,28,0.56,,0,5,8,1.2247,3,1926,0.6977,1017.0,652,0,0.011859,1.283824,-10.992391,1887000,22144.4
1888,1000,254.4542,22,0.44,,0,3,10,2.6926,2,983,0.5035,886.6,788,0,0.011714,0.280976,-11.152103,1888000,22150.4
1889,1000,228.5399,21,0.42,,0,4,7,1.0897,2,1791,0.5288,625.3,827,0,0.011998,0.468712,-10.477819,1889000,22156.7
1890,1000,310.6112,25,0.5,,0,5,7,0.8292,3,1457,0.4437,653.1,833,0,0.01202,0.405552,-10.171028,1890000,22162.9
1891,1000,290.0745,23,0.46,,0,4,9,1.9203,3,1664,0.6205,1073.5,907,0,0.012319,0.356628,-11.108937,1891000,22169.0
1892,1000,399.6698,29,0.58,,0,5,10,2.2776,4,1337,0.484,775.3,610,0,0.012179,0.336811,-10.606857,1892000,22174.9
1893,1000,290.0846,23,0.46,,0,5,7,0.8292,3,1568,0.5132,741.6,886,0,0.012008,0.307543,-11.592518,1893000,22181.0
1894,1000,336.507,27,0.54,,0,5,9,1.479,3,1579,0.475,784.4,786,0,0.011869,0.34459,-10.773479,1894000,22187.0
1895,1000,247.8899,22,0.44,,0,5,7,0.866,2,1806,0.4905,825.3,510,0,0.011974,0.934334,-11.177421,1895000,22192.9
1896,1000,266.7633,23,0.46,,0,5,6,0.433,3,2692,0.6717,884.4,903,0,0.011856,0.389309,-11.794209,1896000,22199.0
1897,1000,367.5878,31,0.62,,0,5,9,1.6394,3,2092,0.6807,922.0,813,0,0.011817,0.485294,-10.948719,1897000,22205.3
1898,1000,242.5252,22,0.44,,0,4,7,1.118,2,1716,0.5755,880.7,642,0,0.011715,0.414252,-10.230134,1898000,22211.7
1899,1000,312.215,25,0.5,,0,4,8,1.479,3,1461,0.4998,751.9,988,0,0.011911,0.673535,-11.083479,1899000,22217.9
1900,1000,320.4685,26,0.52,,0,5,8,1.118,3,1767,0.594,1030.4,735,0,0.012338,0.67389,-10.388484,1900000,22223.9
1901,1000,165.9622,20,0.4,,0,3,7,1.4142,1,2455,0.7087,902.8,553,0,0.012058,0.259345,-10.727284,1901000,22237.8
1902,1000,352.4416,29,0.58,,0,3,10,2.681,3,1676,0.6425,974.0,822,0,0.01224,0.374012,-11.091305,1902000,22244.1
1903,1000,292.6186,26,0.52,,0,4,10,2.2913,2,1437,0.5725,728.7,923,0,0.012211,0.441445,-11.002637,1903000,22250.4
1904,1000,259.3177,24,0.48,,0,3,9,2.2361,2,1738,0.5477,877.6,989,0,0.01211,0.544648,-12.106625,1904000,22256.4
1905,1000,345.6416,29,0.58,,0,4,10,2.3848,3,1944,0.656,853.3,718,0,0.012293,0.311557,-12.086149,1905000,22262.4
1906,1000,267.8345,22,0.44,,0,4,7,1.118,3,1906,0.57,728.6,318,0,0.012229,0.383291,-10.653351,1906000,22268.4
1907,1000,51.9898,13,0.26,,0,1,5,1.7854,0,3016,0.7258,921.8,189,0,0.012248,0.334479,-10.696135,1907000,22274.5
1908,1000,216.4377,22,0.44,,0,5,7,0.866,1,1506,0.6492,656.1,928,0,0.011987,0.345798,-11.208993,1908000,22280.5
1909,1000,266.9193,22,0.44,,0,5,6,0.5,3,2294,0.636,893.6,693,0,0.012087,0.445828,-11.386408,1909000,22286.5
1910,1000,306.5937,24,0.48,,0,5,8,1.2247,4,2632,0.6422,781.3,362,0,0.012003,0.173157,-10.032866,1910000,22292.7
1911,1000,233.7754,21,0.42,,0,4,7,1.0897,2,1655,0.4898,646.0,629,0,0.011787,0.242429,-11.201072,1911000,22298.8
1912,1000,214.401,20,0.4,,0,4,6,0.7071,2,2184,0.529,705.4,296,0,0.011771,0.292183,-11.976072,1912000,22304.9
1913,1000,287.4356,22,0.44,,0,5,7,0.866,3,1471,0.6268,867.3,720,0,0.011803,0.766732,-11.319445,1913000,22310.8
1914,1000,276.9566,24,0.48,,0,4,8,1.5811,2,1389,0.6475,688.2,469,0,0.011839,0.729346,-11.381234,1914000,22316.8
1915,1000,282.1227,26,0.52,,0,5,8,1.5,2,1890,0.652,785.1,825,0,0.011878,0.402231,-11.049406,1915000,22322.9
1916,1000,304.9322,26,0.52,,0,5,8,1.5,2,1166,0.6138,853.4,775,0,0.01193,0.336067,-11.877892,1916000,22328.8
1917,1000,295.5666,25,0.5,,0,5,8,1.299,3,2395,0.652,931.2,830,0,0.01147,0.282723,-11.327992,1917000,22335.0
1918,1000,286.9138,22,0.44,,0,4,7,1.118,3,1310,0.407,668.9,907,0,0.011734,0.616008,-10.46601,1918000,22340.9
1919,1000,327.2189,29,0.58,,0,5,10,2.2776,2,1197,0.6245,895.3,999,0,0.011778,0.246684,-11.456738,1919000,22346.9
1920,1000,291.1348,23,0.46,,0,5,8,1.299,3,1682,0.645,972.2,404,0,0.011823,0.34083,-10.3053,1920000,22353.2
1921,1000,203.4157,20,0.4,,0,4,6,0.7071,1,1381,0.5735,728.4,955,0,0.011627,0.366825,-9.541809,1921000,22359.4
1922,1000,484.2122,34,0.68,,0,6,10,1.6583,5,1448,0.6655,1021.6,991,0,0.011715,0.210677,-10.295001,1922000,22365.3
1923,1000,328.4025,27,0.54,,0,5,8,1.0897,3,2010,0.6747,1031.3,496,0,0.011388,0.190281,-9.913944,1923000,22371.3
1924,1000,376.6328,30,0.6,,0,5,9,1.6583,3,991,0.5847,903.0,903,0,0.011388,0.273695,-10.469255,1924000,22377.3
1925,1000,412.1141,30,0.6,,0,4,10,2.1794,4,909,0.6068,900.5,952,0,0.011429,0.46597,-11.022028,1925000,22383.2
1926,1000,321.3037,25,0.5,,0,5,7,0.8292,3,1537,0.4963,1020.6,970,0,0.011775,0.589684,-10.468314,1926000,22389.4
1927,1000,328.9024,24,0.48,,0,5,7,0.7071,4,2145,0.6565,1049.5,635,0,0.011525,0.307756,-11.400791,1927000,22395.7
1928,1000,350.0227,26,0.52,,0,5,8,1.118,4,1961,0.6252,810.3,783,0,0.011984,0.455003,-10.558568,1928000,22401.8
1929,1000,163.0374,18,0.36,,0,4,5,0.5,1,1218,0.4843,734.6,875,0,0.01147,0.335461,-11.787035,1929000,22407.8
1930,1000,455.3897,33,0.66,,0,6,10,1.7854,4,861,0.587,840.5,903,0,0.011486,0.384614,-10.622572,1930000,22413.8
1931,1000,375.8776,28,0.56,,0,5,9,1.5811,4,1700,0.5537,1047.0,884,0,0.011718,0.521323,-11.732816,1931000,22419.8
1932,1000,339.2379,25,0.5,,0,5,8,1.299,4,1988,0.6492,1061.5,464,0,0.01178,0.314961,-11.104799,1932000,22425.8
1933,1000,185.0496,20,0.4,,0,3,7,1.4142,1,1917,0.6322,836.3,735,0,0.011685,0.391762,-10.859705,1933000,22431.8
1934,1000,368.0861,28,0.56,,0,5,9,1.5811,4,1987,0.6783,749.1,981,0,0.011805,0.251962,-10.607136,1934000,22438.2
1935,1000,307.981,24,0.48,,0,4,9,1.8708,3,1314,0.4845,760.0,990,0,0.01227,0.216008,-11.251414,1935000,22444.5
1936,1000,324.9744,27,0.54,,0,5,8,1.0897,3,2076,0.6597,964.6,907,0,0.012071,0.454003,-10.378502,1936000,22450.5
1937,1000,406.4166,30,0.6,,0,5,10,2.0616,4,1451,0.5895,813.6,781,0,0.0117,0.263505,-10.942648,1937000,22456.6
1938,1000,278.1191,21,0.42,,0,5,6,0.433,3,1187,0.567,719.2,634,0,0.011754,0.345692,-11.046635,1938000,22462.5
1939,1000,234.0952,20,0.4,,0,5,5,0.0,2,1360,0.4868,711.1,244,0,0.012011,0.245732,-11.131067,1939000,22468.6
1940,1000,180.6615,19,0.38,,0,4,5,0.433,1,1262,0.5387,694.4,151,0,0.011625,0.469061,-11.910604,1940000,22474.7
1941,1000,254.58,22,0.44,,0,4,7,1.118,3,2592,0.6462,853.9,457,0,0.011851,0.248654,-10.7241,1941000,22481.0
1942,1000,409.1709,30,0.6,,0,5,10,2.0616,4,1598,0.6422,978.1,766,0,0.011633,0.5421,-10.696851,1942000,22487.0
1943,1000,264.3223,22,0.44,,0,5,7,0.866,3,2378,0.6355,842.1,548,0,0.01184,0.276662,-11.7962,1943000,22493.1
1944,1000,353.4204,26,0.52,,0,5,8,1.5,4,1811,0.5785,996.5,921,0,0.011885,0.244346,-11.653104,1944000,22499.3
1945,1000,305.1254,23,0.46,,0,3,8,1.9203,3,1088,0.521,997.0,943,0,0.011869,0.243763,-11.393877,1945000,22505.7
1946,1000,218.7741,21,0.42,,0,5,6,0.433,2,2142,0.661,855.2,815,0,0.011947,0.380292,-11.273383,1946000,22511.9
1947,1000,187.4067,20,0.4,,0,5,5,0.0,1,2124,0.526,830.5,814,0,0.011849,0.258812,-11.488721,1947000,22518.2
1948,1000,306.8065,24,0.48,,0,5,8,1.2247,3,1331,0.536,1032.3,713,0,0.012056,0.298877,-11.832545,1948000,22524.3
1949,1000,216.409,20,0.4,,0,4,6,0.7071,2,1893,0.6975,767.0,857,0,0.011977,0.338004,-11.449009,1949000,22530.4
1950,1000,418.5358,31,0.62,,0,5,10,1.9203,4,1357,0.5467,800.8,751,0,0.011557,0.203337,-10.810518,1950000,22536.6
