/home/kopt/enter/envs/wsl_neuroMCTS/lib/python3.10/site-packages/pygame/pkgdata.py:25: UserWarning: pkg_resources is deprecated as an API. See https://setuptools.pypa.io/en/latest/pkg_resources.html. The pkg_resources package is slated for removal as early as 2025-11-30. Refrain from using this package or pin to Setuptools<81.
  from pkg_resources import resource_stream, resource_exists
pygame 2.6.1 (SDL 2.28.4, Python 3.10.19)
Hello from the pygame community. https://www.pygame.org/contribute.html
지도를 성공적으로 로드했습니다: /home/kopt/drone/proposed_src/util/disaster_map.npy
지도를 성공적으로 로드했습니다: /home/kopt/drone/proposed_src/util/disaster_map.npy
Using device: cuda  tag=v2_26_08_25_14_c300v_base
설정: relay_w=0.0 alpha_min=0.0 relay_credit=False n_peers=2 comm_range=300.0 action_mode=vector
obs_dim=19, state_dim=66, total_act_dim=8
조기 종료: 50ep마다 홀드아웃 6개 평가, patience=15회
Ep 1 | Step 1000 | R   -95.76 | 배송  0/50 | 미활동 4 | 2홉+ 0.71 | 도달  505 | 차단  380
Ep 2 | Step 1000 | R   -75.59 | 배송  0/50 | 미활동 4 | 2홉+ 0.71 | 도달  529 | 차단  432
Ep 3 | Step 1000 | R  -102.22 | 배송  0/50 | 미활동 4 | 2홉+ 0.71 | 도달  508 | 차단  594
Ep 4 | Step 1000 | R   -93.64 | 배송  0/50 | 미활동 4 | 2홉+ 0.71 | 도달  503 | 차단  432
Ep 5 | Step 1000 | R   -96.69 | 배송  0/50 | 미활동 4 | 2홉+ 0.70 | 도달  506 | 차단  438
Ep 6 | Step 1000 | R   105.33 | 배송 15/50 | 미활동 0 | 2홉+ 0.68 | 도달 1074 | 차단 1650
Ep 7 | Step 1000 | R   118.73 | 배송 17/50 | 미활동 0 | 2홉+ 0.69 | 도달  716 | 차단 2274
Ep 8 | Step 1000 | R    59.21 | 배송 11/50 | 미활동 1 | 2홉+ 0.55 | 도달  867 | 차단 2079
Ep 9 | Step 1000 | R   -31.86 | 배송  4/50 | 미활동 2 | 2홉+ 0.73 | 도달  588 | 차단 3150
Ep 10 | Step 1000 | R    94.69 | 배송 14/50 | 미활동 0 | 2홉+ 0.73 | 도달 1074 | 차단 1980
Ep 11 | Step 1000 | R    46.12 | 배송 12/50 | 미활동 0 | 2홉+ 0.72 | 도달 1003 | 차단 2951
Ep 12 | Step 1000 | R    53.56 | 배송 12/50 | 미활동 0 | 2홉+ 0.71 | 도달  806 | 차단 2825
Ep 13 | Step 1000 | R    24.96 | 배송  9/50 | 미활동 0 | 2홉+ 0.72 | 도달 1024 | 차단 2757
Ep 14 | Step 1000 | R    55.25 | 배송 12/50 | 미활동 0 | 2홉+ 0.71 | 도달 1074 | 차단 2687
Ep 15 | Step 1000 | R    49.05 | 배송 12/50 | 미활동 0 | 2홉+ 0.71 | 도달 1025 | 차단 2919
Ep 16 | Step 1000 | R   143.95 | 배송 18/50 | 미활동 0 | 2홉+ 0.66 | 도달  938 | 차단 1580
Ep 17 | Step 1000 | R    34.92 | 배송 10/50 | 미활동 0 | 2홉+ 0.70 | 도달 1010 | 차단 2811
Ep 18 | Step 1000 | R    81.63 | 배송 15/50 | 미활동 1 | 2홉+ 0.70 | 도달 1035 | 차단 2595
Ep 19 | Step 1000 | R    26.62 | 배송 10/50 | 미활동 1 | 2홉+ 0.71 | 도달 1061 | 차단 2895
Ep 20 | Step 1000 | R   146.63 | 배송 20/50 | 미활동 0 | 2홉+ 0.71 | 도달  898 | 차단 2450
Ep 21 | Step 1000 | R    77.56 | 배송 13/50 | 미활동 0 | 2홉+ 0.71 | 도달 1057 | 차단 2191
Ep 22 | Step 1000 | R    56.49 | 배송 13/50 | 미활동 0 | 2홉+ 0.71 | 도달  897 | 차단 2431
Ep 23 | Step 1000 | R    28.82 | 배송 10/50 | 미활동 0 | 2홉+ 0.71 | 도달  863 | 차단 2964
Ep 24 | Step 1000 | R   130.92 | 배송 19/50 | 미활동 0 | 2홉+ 0.69 | 도달  897 | 차단 2437
Ep 25 | Step 1000 | R    99.51 | 배송 17/50 | 미활동 0 | 2홉+ 0.72 | 도달  711 | 차단 2677
Ep 26 | Step 1000 | R    76.39 | 배송 14/50 | 미활동 1 | 2홉+ 0.69 | 도달  874 | 차단 2191
Ep 27 | Step 1000 | R   132.75 | 배송 18/50 | 미활동 0 | 2홉+ 0.71 | 도달  878 | 차단 2152
Ep 28 | Step 1000 | R   119.98 | 배송 18/50 | 미활동 0 | 2홉+ 0.52 | 도달  716 | 차단 2524
Ep 29 | Step 1000 | R    17.88 | 배송  7/50 | 미활동 0 | 2홉+ 0.65 | 도달  928 | 차단 1997
Ep 30 | Step 1000 | R   142.21 | 배송 18/50 | 미활동 0 | 2홉+ 0.69 | 도달  791 | 차단 1810
Ep 31 | Step 1000 | R   120.28 | 배송 15/50 | 미활동 0 | 2홉+ 0.53 | 도달  599 | 차단 1533
Ep 32 | Step 1000 | R   152.43 | 배송 17/50 | 미활동 0 | 2홉+ 0.56 | 도달  695 | 차단 1895
Ep 33 | Step 1000 | R    74.34 | 배송 14/50 | 미활동 0 | 2홉+ 0.72 | 도달  740 | 차단 2800
Ep 34 | Step 1000 | R    79.60 | 배송 12/50 | 미활동 0 | 2홉+ 0.52 | 도달  643 | 차단 1655
Ep 35 | Step 1000 | R   103.51 | 배송 17/50 | 미활동 0 | 2홉+ 0.72 | 도달  728 | 차단 2816
Ep 36 | Step 1000 | R   219.48 | 배송 21/50 | 미활동 0 | 2홉+ 0.68 | 도달  834 | 차단 1023
Ep 37 | Step 1000 | R    27.13 | 배송  9/50 | 미활동 1 | 2홉+ 0.62 | 도달  620 | 차단 2573
Ep 38 | Step 1000 | R    57.79 | 배송 12/50 | 미활동 0 | 2홉+ 0.71 | 도달  752 | 차단 2458
Ep 39 | Step 1000 | R   124.94 | 배송 18/50 | 미활동 0 | 2홉+ 0.65 | 도달  830 | 차단 2242
Ep 40 | Step 1000 | R   163.00 | 배송 17/50 | 미활동 0 | 2홉+ 0.71 | 도달  851 | 차단 1628
Ep 41 | Step 1000 | R    94.34 | 배송 16/50 | 미활동 0 | 2홉+ 0.70 | 도달  955 | 차단 2608
Ep 42 | Step 1000 | R    60.42 | 배송 13/50 | 미활동 0 | 2홉+ 0.57 | 도달  670 | 차단 2833
Ep 43 | Step 1000 | R    29.80 | 배송  9/50 | 미활동 0 | 2홉+ 0.71 | 도달  764 | 차단 2278
Ep 44 | Step 1000 | R   160.01 | 배송 20/50 | 미활동 0 | 2홉+ 0.62 | 도달  679 | 차단 1689
Ep 45 | Step 1000 | R    82.55 | 배송 12/50 | 미활동 0 | 2홉+ 0.55 | 도달  598 | 차단 1363
Ep 46 | Step 1000 | R   121.65 | 배송 14/50 | 미활동 0 | 2홉+ 0.69 | 도달  868 | 차단 2009
Ep 47 | Step 1000 | R    42.78 | 배송 11/50 | 미활동 0 | 2홉+ 0.72 | 도달  740 | 차단 2493
Ep 48 | Step 1000 | R   152.80 | 배송 19/50 | 미활동 0 | 2홉+ 0.61 | 도달  778 | 차단 1558
Ep 49 | Step 1000 | R   126.57 | 배송 14/50 | 미활동 0 | 2홉+ 0.69 | 도달  708 | 차단 1337
Ep 50 | Step 1000 | R   106.15 | 배송 16/50 | 미활동 0 | 2홉+ 0.73 | 도달  811 | 차단 2180
  [홀드아웃] 배송 9.8±2.1 미활동 0.17 2홉+ 0.73 도달 806 | 최고 9.8@ep50 | 정체 0/15  ← 최고 갱신
Ep 51 | Step 1000 | R   160.94 | 배송 17/50 | 미활동 0 | 2홉+ 0.66 | 도달  577 | 차단 1796
Ep 52 | Step 1000 | R    98.30 | 배송 14/50 | 미활동 0 | 2홉+ 0.61 | 도달  752 | 차단 1459
Ep 53 | Step 1000 | R   127.87 | 배송 18/50 | 미활동 0 | 2홉+ 0.62 | 도달  922 | 차단 2035
Ep 54 | Step 1000 | R    88.33 | 배송 15/50 | 미활동 0 | 2홉+ 0.72 | 도달  800 | 차단 2340
Ep 55 | Step 1000 | R    91.44 | 배송 13/50 | 미활동 0 | 2홉+ 0.57 | 도달  764 | 차단 1524
Ep 56 | Step 1000 | R   173.52 | 배송 16/50 | 미활동 0 | 2홉+ 0.63 | 도달  760 | 차단  582
Ep 57 | Step 1000 | R    65.17 | 배송 13/50 | 미활동 0 | 2홉+ 0.69 | 도달  765 | 차단 2401
Ep 58 | Step 1000 | R   176.94 | 배송 19/50 | 미활동 0 | 2홉+ 0.69 | 도달  764 | 차단 2075
Ep 59 | Step 1000 | R   -68.51 | 배송  2/50 | 미활동 2 | 2홉+ 0.49 | 도달  877 | 차단 3623
Ep 60 | Step 1000 | R   114.41 | 배송 16/50 | 미활동 0 | 2홉+ 0.66 | 도달  740 | 차단 1827
Ep 61 | Step 1000 | R   194.29 | 배송 19/50 | 미활동 0 | 2홉+ 0.70 | 도달  851 | 차단 1235
Ep 62 | Step 1000 | R   100.54 | 배송 15/50 | 미활동 0 | 2홉+ 0.72 | 도달  994 | 차단 1402
Ep 63 | Step 1000 | R   105.20 | 배송 15/50 | 미활동 0 | 2홉+ 0.72 | 도달 1002 | 차단 1829
Ep 64 | Step 1000 | R   211.07 | 배송 22/50 | 미활동 0 | 2홉+ 0.69 | 도달  942 | 차단 1753
Ep 65 | Step 1000 | R   141.21 | 배송 18/50 | 미활동 0 | 2홉+ 0.71 | 도달  781 | 차단 1385
Ep 66 | Step 1000 | R   104.14 | 배송 14/50 | 미활동 0 | 2홉+ 0.72 | 도달  738 | 차단 1233
Ep 67 | Step 1000 | R    62.33 | 배송 13/50 | 미활동 0 | 2홉+ 0.73 | 도달 1037 | 차단 2523
Ep 68 | Step 1000 | R   131.42 | 배송 17/50 | 미활동 0 | 2홉+ 0.55 | 도달  717 | 차단 1634
Ep 69 | Step 1000 | R   212.05 | 배송 21/50 | 미활동 0 | 2홉+ 0.69 | 도달  766 | 차단 1119
Ep 70 | Step 1000 | R   293.55 | 배송 25/50 | 미활동 0 | 2홉+ 0.56 | 도달  854 | 차단  778
Ep 71 | Step 1000 | R   246.37 | 배송 21/50 | 미활동 0 | 2홉+ 0.66 | 도달  783 | 차단  765
Ep 72 | Step 1000 | R   153.13 | 배송 19/50 | 미활동 0 | 2홉+ 0.68 | 도달  759 | 차단 1475
Ep 73 | Step 1000 | R   139.08 | 배송 18/50 | 미활동 0 | 2홉+ 0.66 | 도달  608 | 차단 1393
Ep 74 | Step 1000 | R   177.85 | 배송 19/50 | 미활동 0 | 2홉+ 0.66 | 도달  844 | 차단 1892
Ep 75 | Step 1000 | R   183.62 | 배송 19/50 | 미활동 0 | 2홉+ 0.58 | 도달  885 | 차단 1841
Ep 76 | Step 1000 | R   201.59 | 배송 22/50 | 미활동 0 | 2홉+ 0.69 | 도달  870 | 차단 1879
Ep 77 | Step 1000 | R   114.42 | 배송 15/50 | 미활동 0 | 2홉+ 0.72 | 도달  786 | 차단 1128
Ep 78 | Step 1000 | R   207.55 | 배송 20/50 | 미활동 0 | 2홉+ 0.66 | 도달  875 | 차단  978
Ep 79 | Step 1000 | R   198.45 | 배송 20/50 | 미활동 0 | 2홉+ 0.70 | 도달  911 | 차단 1371
Ep 80 | Step 1000 | R   131.09 | 배송 19/50 | 미활동 0 | 2홉+ 0.73 | 도달  980 | 차단 2158
Ep 81 | Step 1000 | R   146.47 | 배송 17/50 | 미활동 0 | 2홉+ 0.64 | 도달  716 | 차단  628
Ep 82 | Step 1000 | R   179.54 | 배송 19/50 | 미활동 0 | 2홉+ 0.63 | 도달  864 | 차단 1785
Ep 83 | Step 1000 | R   157.53 | 배송 19/50 | 미활동 0 | 2홉+ 0.68 | 도달  981 | 차단 1239
Ep 84 | Step 1000 | R   188.91 | 배송 19/50 | 미활동 0 | 2홉+ 0.67 | 도달  814 | 차단 1262
Ep 85 | Step 1000 | R   219.77 | 배송 19/50 | 미활동 0 | 2홉+ 0.66 | 도달  802 | 차단 1610
Ep 86 | Step 1000 | R   292.71 | 배송 21/50 | 미활동 0 | 2홉+ 0.51 | 도달  940 | 차단  747
Ep 87 | Step 1000 | R   133.80 | 배송 17/50 | 미활동 0 | 2홉+ 0.60 | 도달  762 | 차단 1155
Ep 88 | Step 1000 | R   277.85 | 배송 24/50 | 미활동 0 | 2홉+ 0.61 | 도달  814 | 차단 1087
Ep 89 | Step 1000 | R   175.42 | 배송 18/50 | 미활동 0 | 2홉+ 0.51 | 도달  566 | 차단 1122
Ep 90 | Step 1000 | R   195.65 | 배송 20/50 | 미활동 0 | 2홉+ 0.64 | 도달  819 | 차단 1593
Ep 91 | Step 1000 | R   128.66 | 배송 16/50 | 미활동 0 | 2홉+ 0.60 | 도달  798 | 차단 1164
Ep 92 | Step 1000 | R   176.31 | 배송 17/50 | 미활동 0 | 2홉+ 0.64 | 도달  969 | 차단 1403
Ep 93 | Step 1000 | R   129.97 | 배송 18/50 | 미활동 0 | 2홉+ 0.66 | 도달  748 | 차단 2138
Ep 94 | Step 1000 | R   184.64 | 배송 18/50 | 미활동 0 | 2홉+ 0.58 | 도달  657 | 차단  501
Ep 95 | Step 1000 | R   229.34 | 배송 20/50 | 미활동 0 | 2홉+ 0.60 | 도달  840 | 차단 1480
Ep 96 | Step 1000 | R   205.63 | 배송 20/50 | 미활동 0 | 2홉+ 0.56 | 도달  966 | 차단 1431
Ep 97 | Step 1000 | R   123.81 | 배송 17/50 | 미활동 0 | 2홉+ 0.62 | 도달  714 | 차단 1723
Ep 98 | Step 1000 | R    35.53 | 배송  9/50 | 미활동 0 | 2홉+ 0.71 | 도달  652 | 차단 2247
Ep 99 | Step 1000 | R   -75.93 | 배송  2/50 | 미활동 2 | 2홉+ 0.49 | 도달  526 | 차단 3634
Ep 100 | Step 1000 | R   199.12 | 배송 17/50 | 미활동 0 | 2홉+ 0.64 | 도달  755 | 차단 1406
  [홀드아웃] 배송 5.2±2.5 미활동 1.00 2홉+ 0.69 도달 587 | 최고 9.8@ep50 | 정체 1/15
Ep 101 | Step 1000 | R   241.70 | 배송 21/50 | 미활동 0 | 2홉+ 0.56 | 도달  820 | 차단 1548
Ep 102 | Step 1000 | R   127.31 | 배송 14/50 | 미활동 0 | 2홉+ 0.49 | 도달  731 | 차단 1679
Ep 103 | Step 1000 | R   116.68 | 배송 16/50 | 미활동 0 | 2홉+ 0.65 | 도달  959 | 차단 1764
Ep 104 | Step 1000 | R    70.70 | 배송 13/50 | 미활동 1 | 2홉+ 0.62 | 도달  721 | 차단 2567
Ep 105 | Step 1000 | R   226.30 | 배송 21/50 | 미활동 0 | 2홉+ 0.60 | 도달  812 | 차단 1073
Ep 106 | Step 1000 | R   -12.90 | 배송  8/50 | 미활동 0 | 2홉+ 0.71 | 도달  747 | 차단 3410
Ep 107 | Step 1000 | R   277.47 | 배송 21/50 | 미활동 0 | 2홉+ 0.56 | 도달  806 | 차단 1749
Ep 108 | Step 1000 | R   234.64 | 배송 22/50 | 미활동 0 | 2홉+ 0.57 | 도달  863 | 차단 2165
Ep 109 | Step 1000 | R    19.02 | 배송  9/50 | 미활동 1 | 2홉+ 0.72 | 도달  687 | 차단 2722
Ep 110 | Step 1000 | R    86.82 | 배송 17/50 | 미활동 0 | 2홉+ 0.72 | 도달  872 | 차단 3185
Ep 111 | Step 1000 | R   239.96 | 배송 21/50 | 미활동 0 | 2홉+ 0.63 | 도달  689 | 차단 1554
Ep 112 | Step 1000 | R   130.93 | 배송 18/50 | 미활동 0 | 2홉+ 0.68 | 도달  716 | 차단 1983
Ep 113 | Step 1000 | R    59.39 | 배송 12/50 | 미활동 1 | 2홉+ 0.31 | 도달  628 | 차단 2411
Ep 114 | Step 1000 | R   239.97 | 배송 20/50 | 미활동 0 | 2홉+ 0.54 | 도달  884 | 차단 1132
Ep 115 | Step 1000 | R   263.20 | 배송 20/50 | 미활동 0 | 2홉+ 0.58 | 도달  824 | 차단 1519
Ep 116 | Step 1000 | R    79.88 | 배송 15/50 | 미활동 0 | 2홉+ 0.72 | 도달  682 | 차단 2781
Ep 117 | Step 1000 | R   176.54 | 배송 17/50 | 미활동 0 | 2홉+ 0.61 | 도달  785 | 차단 1482
Ep 118 | Step 1000 | R   153.46 | 배송 16/50 | 미활동 0 | 2홉+ 0.66 | 도달  785 | 차단 1698
Ep 119 | Step 1000 | R   253.08 | 배송 21/50 | 미활동 0 | 2홉+ 0.57 | 도달  715 | 차단  962
Ep 120 | Step 1000 | R    41.63 | 배송 10/50 | 미활동 1 | 2홉+ 0.54 | 도달  682 | 차단 2308
Ep 121 | Step 1000 | R   208.99 | 배송 19/50 | 미활동 0 | 2홉+ 0.65 | 도달  742 | 차단 2001
Ep 122 | Step 1000 | R   260.77 | 배송 20/50 | 미활동 0 | 2홉+ 0.48 | 도달  810 | 차단 1414
Ep 123 | Step 1000 | R   -12.61 | 배송  8/50 | 미활동 1 | 2홉+ 0.73 | 도달  648 | 차단 3361
Ep 124 | Step 1000 | R    63.16 | 배송 13/50 | 미활동 0 | 2홉+ 0.73 | 도달  691 | 차단 2611
Ep 125 | Step 1000 | R   231.36 | 배송 20/50 | 미활동 0 | 2홉+ 0.62 | 도달  672 | 차단 1527
Ep 126 | Step 1000 | R   205.36 | 배송 20/50 | 미활동 0 | 2홉+ 0.67 | 도달  770 | 차단 1597
Ep 127 | Step 1000 | R   281.78 | 배송 24/50 | 미활동 0 | 2홉+ 0.58 | 도달  846 | 차단 1248
Ep 128 | Step 1000 | R   147.05 | 배송 19/50 | 미활동 0 | 2홉+ 0.70 | 도달  951 | 차단 1503
Ep 129 | Step 1000 | R   136.94 | 배송 17/50 | 미활동 0 | 2홉+ 0.55 | 도달  653 | 차단 1385
Ep 130 | Step 1000 | R    35.77 | 배송 12/50 | 미활동 0 | 2홉+ 0.69 | 도달  903 | 차단 2908
Ep 131 | Step 1000 | R   108.56 | 배송 17/50 | 미활동 0 | 2홉+ 0.72 | 도달  948 | 차단 2314
Ep 132 | Step 1000 | R    40.22 | 배송 11/50 | 미활동 1 | 2홉+ 0.71 | 도달  796 | 차단 2827
Ep 133 | Step 1000 | R   185.86 | 배송 18/50 | 미활동 0 | 2홉+ 0.61 | 도달  688 | 차단 1216
Ep 134 | Step 1000 | R   163.60 | 배송 18/50 | 미활동 0 | 2홉+ 0.68 | 도달  967 | 차단 2065
Ep 135 | Step 1000 | R   173.34 | 배송 19/50 | 미활동 0 | 2홉+ 0.59 | 도달  801 | 차단 1846
Ep 136 | Step 1000 | R   107.86 | 배송 16/50 | 미활동 0 | 2홉+ 0.65 | 도달  989 | 차단 1950
Ep 137 | Step 1000 | R   -38.41 | 배송  6/50 | 미활동 2 | 2홉+ 0.71 | 도달  629 | 차단 3609
Ep 138 | Step 1000 | R   228.57 | 배송 20/50 | 미활동 0 | 2홉+ 0.65 | 도달  929 | 차단 1729
Ep 139 | Step 1000 | R   225.64 | 배송 20/50 | 미활동 0 | 2홉+ 0.62 | 도달 1012 | 차단 1392
Ep 140 | Step 1000 | R   148.65 | 배송 14/50 | 미활동 0 | 2홉+ 0.53 | 도달  857 | 차단  806
Ep 141 | Step 1000 | R   134.82 | 배송 16/50 | 미활동 0 | 2홉+ 0.59 | 도달  642 | 차단 2222
Ep 142 | Step 1000 | R   204.90 | 배송 20/50 | 미활동 0 | 2홉+ 0.59 | 도달  842 | 차단 1285
Ep 143 | Step 1000 | R    46.87 | 배송 11/50 | 미활동 0 | 2홉+ 0.70 | 도달  715 | 차단 2106
Ep 144 | Step 1000 | R   102.63 | 배송 12/50 | 미활동 1 | 2홉+ 0.43 | 도달  597 | 차단 1617
Ep 145 | Step 1000 | R   176.57 | 배송 18/50 | 미활동 0 | 2홉+ 0.53 | 도달  661 | 차단 1313
Ep 146 | Step 1000 | R   137.27 | 배송 18/50 | 미활동 0 | 2홉+ 0.65 | 도달  943 | 차단 1811
Ep 147 | Step 1000 | R    86.75 | 배송 13/50 | 미활동 1 | 2홉+ 0.56 | 도달  712 | 차단 1619
Ep 148 | Step 1000 | R   202.85 | 배송 20/50 | 미활동 0 | 2홉+ 0.59 | 도달  823 | 차단 1118
Ep 149 | Step 1000 | R   223.78 | 배송 20/50 | 미활동 0 | 2홉+ 0.54 | 도달  741 | 차단 1953
Ep 150 | Step 1000 | R   224.22 | 배송 22/50 | 미활동 0 | 2홉+ 0.55 | 도달  766 | 차단 2537
  [홀드아웃] 배송 4.5±3.7 미활동 2.00 2홉+ 0.46 도달 531 | 최고 9.8@ep50 | 정체 2/15
Ep 151 | Step 1000 | R   305.84 | 배송 21/50 | 미활동 0 | 2홉+ 0.56 | 도달  839 | 차단 1467
Ep 152 | Step 1000 | R    21.64 | 배송 10/50 | 미활동 1 | 2홉+ 0.73 | 도달 1034 | 차단 2832
Ep 153 | Step 1000 | R   292.33 | 배송 22/50 | 미활동 0 | 2홉+ 0.56 | 도달  688 | 차단 1362
Ep 154 | Step 1000 | R   110.92 | 배송 16/50 | 미활동 0 | 2홉+ 0.71 | 도달  961 | 차단 1991
Ep 155 | Step 1000 | R   101.73 | 배송 17/50 | 미활동 0 | 2홉+ 0.72 | 도달  875 | 차단 2722
Ep 156 | Step 1000 | R   179.04 | 배송 18/50 | 미활동 0 | 2홉+ 0.54 | 도달  635 | 차단 1314
Ep 157 | Step 1000 | R    83.29 | 배송 15/50 | 미활동 0 | 2홉+ 0.73 | 도달 1074 | 차단 2532
Ep 158 | Step 1000 | R    51.92 | 배송 12/50 | 미활동 0 | 2홉+ 0.68 | 도달 1060 | 차단 2724
Ep 159 | Step 1000 | R   227.05 | 배송 22/50 | 미활동 0 | 2홉+ 0.47 | 도달  646 | 차단  896
Ep 160 | Step 1000 | R   210.12 | 배송 19/50 | 미활동 0 | 2홉+ 0.63 | 도달  607 | 차단 1683
Ep 161 | Step 1000 | R   317.13 | 배송 24/50 | 미활동 0 | 2홉+ 0.65 | 도달  779 | 차단 1253
Ep 162 | Step 1000 | R   140.37 | 배송 19/50 | 미활동 0 | 2홉+ 0.71 | 도달  958 | 차단 2125
Ep 163 | Step 1000 | R   302.04 | 배송 26/50 | 미활동 0 | 2홉+ 0.52 | 도달  735 | 차단 1282
Ep 164 | Step 1000 | R   139.90 | 배송 17/50 | 미활동 0 | 2홉+ 0.62 | 도달  970 | 차단 1420
Ep 165 | Step 1000 | R   357.54 | 배송 25/50 | 미활동 0 | 2홉+ 0.57 | 도달  846 | 차단 1165
Ep 166 | Step 1000 | R   205.94 | 배송 21/50 | 미활동 0 | 2홉+ 0.54 | 도달  671 | 차단 1662
Ep 167 | Step 1000 | R    79.19 | 배송 12/50 | 미활동 1 | 2홉+ 0.60 | 도달  601 | 차단 1658
Ep 168 | Step 1000 | R   165.28 | 배송 19/50 | 미활동 0 | 2홉+ 0.53 | 도달  914 | 차단 1468
Ep 169 | Step 1000 | R   277.57 | 배송 24/50 | 미활동 0 | 2홉+ 0.66 | 도달  834 | 차단 1479
Ep 170 | Step 1000 | R   338.58 | 배송 25/50 | 미활동 0 | 2홉+ 0.61 | 도달  868 | 차단  752
Ep 171 | Step 1000 | R   327.48 | 배송 23/50 | 미활동 0 | 2홉+ 0.54 | 도달  970 | 차단 1107
Ep 172 | Step 1000 | R   327.19 | 배송 22/50 | 미활동 0 | 2홉+ 0.48 | 도달  656 | 차단  945
Ep 173 | Step 1000 | R   358.62 | 배송 25/50 | 미활동 0 | 2홉+ 0.47 | 도달  830 | 차단 1141
Ep 174 | Step 1000 | R   152.70 | 배송 17/50 | 미활동 0 | 2홉+ 0.56 | 도달  773 | 차단 1979
Ep 175 | Step 1000 | R   345.09 | 배송 26/50 | 미활동 0 | 2홉+ 0.55 | 도달  848 | 차단 1094
Ep 176 | Step 1000 | R   321.48 | 배송 26/50 | 미활동 0 | 2홉+ 0.65 | 도달  867 | 차단 1798
Ep 177 | Step 1000 | R   237.96 | 배송 21/50 | 미활동 0 | 2홉+ 0.60 | 도달  839 | 차단 1263
Ep 178 | Step 1000 | R   299.12 | 배송 24/50 | 미활동 0 | 2홉+ 0.46 | 도달  808 | 차단 1501
Ep 179 | Step 1000 | R   229.54 | 배송 18/50 | 미활동 0 | 2홉+ 0.26 | 도달  743 | 차단  246
Ep 180 | Step 1000 | R   287.49 | 배송 20/50 | 미활동 0 | 2홉+ 0.50 | 도달  795 | 차단 1833
Ep 181 | Step 1000 | R   316.37 | 배송 25/50 | 미활동 0 | 2홉+ 0.54 | 도달  999 | 차단 1562
Ep 182 | Step 1000 | R   220.43 | 배송 18/50 | 미활동 0 | 2홉+ 0.49 | 도달  603 | 차단  490
Ep 183 | Step 1000 | R   236.52 | 배송 18/50 | 미활동 0 | 2홉+ 0.60 | 도달  920 | 차단 1449
Ep 184 | Step 1000 | R   132.55 | 배송 17/50 | 미활동 0 | 2홉+ 0.50 | 도달  728 | 차단 2637
Ep 185 | Step 1000 | R   239.43 | 배송 20/50 | 미활동 0 | 2홉+ 0.51 | 도달  684 | 차단 1610
Ep 186 | Step 1000 | R   386.00 | 배송 30/50 | 미활동 0 | 2홉+ 0.56 | 도달  949 | 차단  817
Ep 187 | Step 1000 | R   247.10 | 배송 22/50 | 미활동 0 | 2홉+ 0.54 | 도달  741 | 차단 1890
Ep 188 | Step 1000 | R   223.08 | 배송 20/50 | 미활동 0 | 2홉+ 0.46 | 도달  818 | 차단 1718
Ep 189 | Step 1000 | R   241.54 | 배송 23/50 | 미활동 0 | 2홉+ 0.53 | 도달  659 | 차단 1391
Ep 190 | Step 1000 | R   276.36 | 배송 23/50 | 미활동 0 | 2홉+ 0.58 | 도달  864 | 차단  912
Ep 191 | Step 1000 | R   157.87 | 배송 17/50 | 미활동 0 | 2홉+ 0.36 | 도달  805 | 차단  857
Ep 192 | Step 1000 | R    76.56 | 배송 14/50 | 미활동 0 | 2홉+ 0.71 | 도달 1063 | 차단 2387
Ep 193 | Step 1000 | R   105.93 | 배송 17/50 | 미활동 0 | 2홉+ 0.71 | 도달  954 | 차단 2340
Ep 194 | Step 1000 | R   176.41 | 배송 18/50 | 미활동 0 | 2홉+ 0.57 | 도달  776 | 차단 1246
Ep 195 | Step 1000 | R    46.73 | 배송 12/50 | 미활동 1 | 2홉+ 0.71 | 도달 1074 | 차단 2373
Ep 196 | Step 1000 | R   246.20 | 배송 23/50 | 미활동 0 | 2홉+ 0.60 | 도달 1074 | 차단 1377
Ep 197 | Step 1000 | R   245.32 | 배송 25/50 | 미활동 0 | 2홉+ 0.63 | 도달  995 | 차단 1476
Ep 198 | Step 1000 | R   181.44 | 배송 20/50 | 미활동 0 | 2홉+ 0.58 | 도달  969 | 차단 1443
Ep 199 | Step 1000 | R   292.06 | 배송 24/50 | 미활동 0 | 2홉+ 0.52 | 도달  829 | 차단  985
Ep 200 | Step 1000 | R   247.57 | 배송 23/50 | 미활동 0 | 2홉+ 0.57 | 도달  740 | 차단 1833
  [홀드아웃] 배송 7.7±4.4 미활동 1.17 2홉+ 0.52 도달 625 | 최고 9.8@ep50 | 정체 3/15
Ep 201 | Step 1000 | R    46.18 | 배송 12/50 | 미활동 0 | 2홉+ 0.71 | 도달 1010 | 차단 2863
Ep 202 | Step 1000 | R   249.70 | 배송 22/50 | 미활동 0 | 2홉+ 0.66 | 도달  875 | 차단 1545
Ep 203 | Step 1000 | R   307.21 | 배송 26/50 | 미활동 0 | 2홉+ 0.60 | 도달  856 | 차단 1004
Ep 204 | Step 1000 | R   273.70 | 배송 22/50 | 미활동 0 | 2홉+ 0.60 | 도달  881 | 차단 1737
Ep 205 | Step 1000 | R   247.77 | 배송 21/50 | 미활동 0 | 2홉+ 0.55 | 도달  791 | 차단 1077
Ep 206 | Step 1000 | R   234.14 | 배송 22/50 | 미활동 0 | 2홉+ 0.61 | 도달  786 | 차단  682
Ep 207 | Step 1000 | R    73.45 | 배송 15/50 | 미활동 0 | 2홉+ 0.71 | 도달  915 | 차단 2714
Ep 208 | Step 1000 | R   278.76 | 배송 22/50 | 미활동 0 | 2홉+ 0.59 | 도달  942 | 차단 1624
Ep 209 | Step 1000 | R   218.74 | 배송 19/50 | 미활동 0 | 2홉+ 0.59 | 도달  859 | 차단 1705
Ep 210 | Step 1000 | R   246.45 | 배송 24/50 | 미활동 0 | 2홉+ 0.69 | 도달  785 | 차단 1009
Ep 211 | Step 1000 | R    49.00 | 배송 13/50 | 미활동 0 | 2홉+ 0.71 | 도달  915 | 차단 3090
Ep 212 | Step 1000 | R   148.28 | 배송 17/50 | 미활동 0 | 2홉+ 0.58 | 도달  676 | 차단 2189
Ep 213 | Step 1000 | R   312.96 | 배송 25/50 | 미활동 0 | 2홉+ 0.50 | 도달  803 | 차단 1339
Ep 214 | Step 1000 | R   162.08 | 배송 18/50 | 미활동 0 | 2홉+ 0.67 | 도달  917 | 차단 2423
Ep 215 | Step 1000 | R   318.33 | 배송 25/50 | 미활동 0 | 2홉+ 0.65 | 도달  806 | 차단 1542
Ep 216 | Step 1000 | R   245.01 | 배송 21/50 | 미활동 0 | 2홉+ 0.48 | 도달  783 | 차단 1384
Ep 217 | Step 1000 | R   279.55 | 배송 21/50 | 미활동 0 | 2홉+ 0.63 | 도달  812 | 차단 1401
Ep 218 | Step 1000 | R   334.20 | 배송 28/50 | 미활동 0 | 2홉+ 0.51 | 도달  869 | 차단  746
Ep 219 | Step 1000 | R   169.99 | 배송 18/50 | 미활동 0 | 2홉+ 0.55 | 도달  753 | 차단 1149
Ep 220 | Step 1000 | R   253.24 | 배송 21/50 | 미활동 0 | 2홉+ 0.41 | 도달  790 | 차단  943
Ep 221 | Step 1000 | R    28.20 | 배송 10/50 | 미활동 0 | 2홉+ 0.68 | 도달  571 | 차단 2680
Ep 222 | Step 1000 | R   183.00 | 배송 20/50 | 미활동 0 | 2홉+ 0.60 | 도달  762 | 차단 1827
Ep 223 | Step 1000 | R   204.45 | 배송 18/50 | 미활동 0 | 2홉+ 0.44 | 도달  800 | 차단 1497
Ep 224 | Step 1000 | R   161.54 | 배송 20/50 | 미활동 0 | 2홉+ 0.58 | 도달  740 | 차단 1353
Ep 225 | Step 1000 | R   139.55 | 배송 20/50 | 미활동 0 | 2홉+ 0.72 | 도달  920 | 차단 2338
Ep 226 | Step 1000 | R   199.46 | 배송 21/50 | 미활동 0 | 2홉+ 0.62 | 도달  841 | 차단 1598
Ep 227 | Step 1000 | R   147.31 | 배송 19/50 | 미활동 0 | 2홉+ 0.50 | 도달  784 | 차단 1717
Ep 228 | Step 1000 | R   217.81 | 배송 19/50 | 미활동 0 | 2홉+ 0.60 | 도달  858 | 차단 1610
Ep 229 | Step 1000 | R   273.86 | 배송 25/50 | 미활동 0 | 2홉+ 0.66 | 도달  929 | 차단 1692
Ep 230 | Step 1000 | R   164.71 | 배송 20/50 | 미활동 0 | 2홉+ 0.71 | 도달  905 | 차단 2651
Ep 231 | Step 1000 | R   269.28 | 배송 23/50 | 미활동 0 | 2홉+ 0.64 | 도달  904 | 차단 1124
Ep 232 | Step 1000 | R   260.66 | 배송 23/50 | 미활동 0 | 2홉+ 0.64 | 도달  744 | 차단 1528
Ep 233 | Step 1000 | R   316.51 | 배송 24/50 | 미활동 0 | 2홉+ 0.50 | 도달  906 | 차단  776
Ep 234 | Step 1000 | R    98.98 | 배송 16/50 | 미활동 0 | 2홉+ 0.73 | 도달  991 | 차단 2292
Ep 235 | Step 1000 | R    89.19 | 배송 16/50 | 미활동 0 | 2홉+ 0.73 | 도달 1025 | 차단 2808
Ep 236 | Step 1000 | R    67.70 | 배송 14/50 | 미활동 0 | 2홉+ 0.73 | 도달 1074 | 차단 2662
Ep 237 | Step 1000 | R   336.03 | 배송 27/50 | 미활동 0 | 2홉+ 0.59 | 도달  898 | 차단 1844
Ep 238 | Step 1000 | R   231.49 | 배송 20/50 | 미활동 0 | 2홉+ 0.59 | 도달  754 | 차단 1561
Ep 239 | Step 1000 | R   315.08 | 배송 25/50 | 미활동 0 | 2홉+ 0.52 | 도달  877 | 차단 1344
Ep 240 | Step 1000 | R    83.83 | 배송 16/50 | 미활동 0 | 2홉+ 0.72 | 도달  959 | 차단 2857
Ep 241 | Step 1000 | R   316.19 | 배송 24/50 | 미활동 0 | 2홉+ 0.58 | 도달  946 | 차단  823
Ep 242 | Step 1000 | R   312.87 | 배송 24/50 | 미활동 0 | 2홉+ 0.49 | 도달  802 | 차단 1291
Ep 243 | Step 1000 | R   223.80 | 배송 22/50 | 미활동 0 | 2홉+ 0.64 | 도달  692 | 차단 1013
Ep 244 | Step 1000 | R   314.45 | 배송 25/50 | 미활동 0 | 2홉+ 0.61 | 도달  955 | 차단 1704
Ep 245 | Step 1000 | R   238.03 | 배송 20/50 | 미활동 0 | 2홉+ 0.66 | 도달  835 | 차단 1232
Ep 246 | Step 1000 | R   268.63 | 배송 23/50 | 미활동 0 | 2홉+ 0.59 | 도달  777 | 차단  987
Ep 247 | Step 1000 | R   297.08 | 배송 26/50 | 미활동 0 | 2홉+ 0.59 | 도달  896 | 차단 1243
Ep 248 | Step 1000 | R   255.44 | 배송 23/50 | 미활동 0 | 2홉+ 0.66 | 도달  955 | 차단 1577
Ep 249 | Step 1000 | R   267.71 | 배송 23/50 | 미활동 0 | 2홉+ 0.46 | 도달  648 | 차단 1027
Ep 250 | Step 1000 | R   183.24 | 배송 19/50 | 미활동 0 | 2홉+ 0.63 | 도달  747 | 차단 1373
  [홀드아웃] 배송 10.8±6.0 미활동 0.50 2홉+ 0.64 도달 704 | 최고 10.8@ep250 | 정체 0/15  ← 최고 갱신
Ep 251 | Step 1000 | R   281.67 | 배송 24/50 | 미활동 0 | 2홉+ 0.69 | 도달  826 | 차단 1255
Ep 252 | Step 1000 | R   210.25 | 배송 21/50 | 미활동 0 | 2홉+ 0.67 | 도달  911 | 차단 1480
Ep 253 | Step 1000 | R   354.75 | 배송 29/50 | 미활동 0 | 2홉+ 0.65 | 도달  903 | 차단 1572
Ep 254 | Step 1000 | R   324.23 | 배송 26/50 | 미활동 0 | 2홉+ 0.63 | 도달  916 | 차단 1388
Ep 255 | Step 1000 | R   391.56 | 배송 28/50 | 미활동 0 | 2홉+ 0.56 | 도달  772 | 차단 1069
Ep 256 | Step 1000 | R   267.38 | 배송 24/50 | 미활동 0 | 2홉+ 0.68 | 도달  877 | 차단 1667
Ep 257 | Step 1000 | R   131.38 | 배송 18/50 | 미활동 0 | 2홉+ 0.53 | 도달  818 | 차단 1966
Ep 258 | Step 1000 | R   329.68 | 배송 25/50 | 미활동 0 | 2홉+ 0.56 | 도달  804 | 차단 1222
Ep 259 | Step 1000 | R   257.49 | 배송 22/50 | 미활동 0 | 2홉+ 0.42 | 도달  769 | 차단 1134
Ep 260 | Step 1000 | R   114.87 | 배송 18/50 | 미활동 0 | 2홉+ 0.73 | 도달  959 | 차단 2523
Ep 261 | Step 1000 | R   221.74 | 배송 21/50 | 미활동 0 | 2홉+ 0.53 | 도달  787 | 차단  875
Ep 262 | Step 1000 | R   182.60 | 배송 19/50 | 미활동 0 | 2홉+ 0.59 | 도달  719 | 차단 1709
Ep 263 | Step 1000 | R   312.19 | 배송 25/50 | 미활동 0 | 2홉+ 0.64 | 도달  904 | 차단 1696
Ep 264 | Step 1000 | R   240.77 | 배송 21/50 | 미활동 0 | 2홉+ 0.63 | 도달  988 | 차단 1591
Ep 265 | Step 1000 | R   117.36 | 배송 19/50 | 미활동 0 | 2홉+ 0.73 | 도달  770 | 차단 2789
Ep 266 | Step 1000 | R   162.45 | 배송 16/50 | 미활동 0 | 2홉+ 0.70 | 도달  962 | 차단 2713
Ep 267 | Step 1000 | R   174.65 | 배송 18/50 | 미활동 0 | 2홉+ 0.70 | 도달  883 | 차단 1407
Ep 268 | Step 1000 | R   259.43 | 배송 22/50 | 미활동 0 | 2홉+ 0.58 | 도달  968 | 차단 1440
Ep 269 | Step 1000 | R   312.28 | 배송 21/50 | 미활동 0 | 2홉+ 0.48 | 도달  770 | 차단 1205
Ep 270 | Step 1000 | R    49.29 | 배송 13/50 | 미활동 0 | 2홉+ 0.73 | 도달  991 | 차단 3042
Ep 271 | Step 1000 | R   280.45 | 배송 22/50 | 미활동 0 | 2홉+ 0.63 | 도달 1003 | 차단 1826
Ep 272 | Step 1000 | R   231.09 | 배송 20/50 | 미활동 0 | 2홉+ 0.67 | 도달 1011 | 차단 1766
Ep 273 | Step 1000 | R   128.14 | 배송 17/50 | 미활동 0 | 2홉+ 0.72 | 도달  987 | 차단 2127
Ep 274 | Step 1000 | R   284.51 | 배송 23/50 | 미활동 0 | 2홉+ 0.54 | 도달  766 | 차단 1908
Ep 275 | Step 1000 | R   273.05 | 배송 24/50 | 미활동 0 | 2홉+ 0.60 | 도달  907 | 차단 1624
Ep 276 | Step 1000 | R   208.73 | 배송 19/50 | 미활동 0 | 2홉+ 0.59 | 도달  846 | 차단 2223
Ep 277 | Step 1000 | R    90.98 | 배송 15/50 | 미활동 0 | 2홉+ 0.72 | 도달  974 | 차단 2263
Ep 278 | Step 1000 | R   301.57 | 배송 24/50 | 미활동 0 | 2홉+ 0.51 | 도달  938 | 차단 1676
Ep 279 | Step 1000 | R   291.03 | 배송 24/50 | 미활동 0 | 2홉+ 0.61 | 도달  891 | 차단 1754
Ep 280 | Step 1000 | R   262.00 | 배송 25/50 | 미활동 0 | 2홉+ 0.64 | 도달  759 | 차단 2014
Ep 281 | Step 1000 | R   230.52 | 배송 20/50 | 미활동 0 | 2홉+ 0.58 | 도달  987 | 차단 1846
Ep 282 | Step 1000 | R   301.59 | 배송 22/50 | 미활동 0 | 2홉+ 0.54 | 도달  811 | 차단 1065
Ep 283 | Step 1000 | R   205.08 | 배송 21/50 | 미활동 0 | 2홉+ 0.63 | 도달  920 | 차단 1505
Ep 284 | Step 1000 | R   201.43 | 배송 20/50 | 미활동 0 | 2홉+ 0.50 | 도달  735 | 차단 1728
Ep 285 | Step 1000 | R   176.25 | 배송 17/50 | 미활동 0 | 2홉+ 0.48 | 도달  799 | 차단  605
Ep 286 | Step 1000 | R   146.41 | 배송 17/50 | 미활동 0 | 2홉+ 0.70 | 도달  935 | 차단 2358
Ep 287 | Step 1000 | R   350.36 | 배송 28/50 | 미활동 0 | 2홉+ 0.66 | 도달  778 | 차단 1458
Ep 288 | Step 1000 | R   210.23 | 배송 22/50 | 미활동 0 | 2홉+ 0.56 | 도달  664 | 차단 2067
Ep 289 | Step 1000 | R   155.64 | 배송 16/50 | 미활동 0 | 2홉+ 0.49 | 도달  667 | 차단 1603
Ep 290 | Step 1000 | R    99.03 | 배송 15/50 | 미활동 0 | 2홉+ 0.73 | 도달  971 | 차단 1836
Ep 291 | Step 1000 | R   246.51 | 배송 22/50 | 미활동 0 | 2홉+ 0.65 | 도달  994 | 차단 1853
Ep 292 | Step 1000 | R   194.01 | 배송 19/50 | 미활동 0 | 2홉+ 0.65 | 도달  750 | 차단 2347
Ep 293 | Step 1000 | R   174.85 | 배송 18/50 | 미활동 0 | 2홉+ 0.44 | 도달  697 | 차단 1553
Ep 294 | Step 1000 | R   236.52 | 배송 21/50 | 미활동 0 | 2홉+ 0.50 | 도달  824 | 차단 1644
Ep 295 | Step 1000 | R    94.83 | 배송 16/50 | 미활동 0 | 2홉+ 0.73 | 도달 1074 | 차단 2458
Ep 296 | Step 1000 | R   198.44 | 배송 19/50 | 미활동 0 | 2홉+ 0.61 | 도달  916 | 차단 2340
Ep 297 | Step 1000 | R   344.07 | 배송 27/50 | 미활동 0 | 2홉+ 0.68 | 도달  829 | 차단 1301
Ep 298 | Step 1000 | R   351.03 | 배송 26/50 | 미활동 0 | 2홉+ 0.67 | 도달 1074 | 차단 1956
Ep 299 | Step 1000 | R   238.47 | 배송 21/50 | 미활동 0 | 2홉+ 0.60 | 도달  825 | 차단 1505
Ep 300 | Step 1000 | R   252.85 | 배송 22/50 | 미활동 0 | 2홉+ 0.57 | 도달  787 | 차단 1599
  [홀드아웃] 배송 8.0±2.1 미활동 0.50 2홉+ 0.73 도달 690 | 최고 10.8@ep250 | 정체 1/15
Ep 301 | Step 1000 | R   360.62 | 배송 28/50 | 미활동 0 | 2홉+ 0.59 | 도달  934 | 차단 1235
Ep 302 | Step 1000 | R   363.43 | 배송 26/50 | 미활동 0 | 2홉+ 0.59 | 도달  931 | 차단 1177
Ep 303 | Step 1000 | R   294.82 | 배송 24/50 | 미활동 0 | 2홉+ 0.53 | 도달  846 | 차단 1589
Ep 304 | Step 1000 | R   325.38 | 배송 23/50 | 미활동 0 | 2홉+ 0.52 | 도달  869 | 차단 1649
Ep 305 | Step 1000 | R   165.88 | 배송 17/50 | 미활동 0 | 2홉+ 0.56 | 도달  658 | 차단 1361
Ep 306 | Step 1000 | R   293.34 | 배송 23/50 | 미활동 0 | 2홉+ 0.53 | 도달  718 | 차단 1272
Ep 307 | Step 1000 | R   312.74 | 배송 24/50 | 미활동 0 | 2홉+ 0.43 | 도달  656 | 차단 1350
Ep 308 | Step 1000 | R   222.94 | 배송 20/50 | 미활동 0 | 2홉+ 0.53 | 도달  699 | 차단 1290
Ep 309 | Step 1000 | R   361.82 | 배송 29/50 | 미활동 0 | 2홉+ 0.62 | 도달  972 | 차단 1393
Ep 310 | Step 1000 | R   208.98 | 배송 22/50 | 미활동 0 | 2홉+ 0.53 | 도달  779 | 차단 1828
Ep 311 | Step 1000 | R   213.38 | 배송 21/50 | 미활동 0 | 2홉+ 0.69 | 도달  806 | 차단 1425
Ep 312 | Step 1000 | R   241.05 | 배송 21/50 | 미활동 0 | 2홉+ 0.59 | 도달 1074 | 차단 1011
Ep 313 | Step 1000 | R   285.92 | 배송 24/50 | 미활동 0 | 2홉+ 0.66 | 도달  910 | 차단 1315
Ep 314 | Step 1000 | R   372.09 | 배송 27/50 | 미활동 0 | 2홉+ 0.55 | 도달  768 | 차단 1365
Ep 315 | Step 1000 | R   255.80 | 배송 22/50 | 미활동 0 | 2홉+ 0.50 | 도달  718 | 차단 1302
Ep 316 | Step 1000 | R   231.28 | 배송 20/50 | 미활동 0 | 2홉+ 0.64 | 도달  953 | 차단 1619
Ep 317 | Step 1000 | R   281.97 | 배송 24/50 | 미활동 0 | 2홉+ 0.51 | 도달  773 | 차단  772
Ep 318 | Step 1000 | R   350.71 | 배송 24/50 | 미활동 0 | 2홉+ 0.48 | 도달  700 | 차단  709
Ep 319 | Step 1000 | R   315.15 | 배송 26/50 | 미활동 0 | 2홉+ 0.61 | 도달  983 | 차단  825
Ep 320 | Step 1000 | R   272.89 | 배송 24/50 | 미활동 0 | 2홉+ 0.68 | 도달  881 | 차단 1558
Ep 321 | Step 1000 | R   176.65 | 배송 19/50 | 미활동 0 | 2홉+ 0.68 | 도달  917 | 차단 1920
Ep 322 | Step 1000 | R   264.61 | 배송 23/50 | 미활동 0 | 2홉+ 0.53 | 도달  772 | 차단 1528
Ep 323 | Step 1000 | R   304.15 | 배송 23/50 | 미활동 0 | 2홉+ 0.61 | 도달  823 | 차단 1018
Ep 324 | Step 1000 | R   171.41 | 배송 18/50 | 미활동 0 | 2홉+ 0.48 | 도달  671 | 차단 1434
Ep 325 | Step 1000 | R   223.38 | 배송 21/50 | 미활동 0 | 2홉+ 0.68 | 도달  745 | 차단 2056
Ep 326 | Step 1000 | R   266.53 | 배송 20/50 | 미활동 0 | 2홉+ 0.49 | 도달  686 | 차단 1269
Ep 327 | Step 1000 | R   319.87 | 배송 25/50 | 미활동 0 | 2홉+ 0.67 | 도달  793 | 차단 1642
Ep 328 | Step 1000 | R   248.42 | 배송 22/50 | 미활동 0 | 2홉+ 0.63 | 도달  915 | 차단 1417
Ep 329 | Step 1000 | R   207.38 | 배송 22/50 | 미활동 0 | 2홉+ 0.54 | 도달  597 | 차단 1627
Ep 330 | Step 1000 | R   358.44 | 배송 26/50 | 미활동 0 | 2홉+ 0.60 | 도달 1024 | 차단 1593
Ep 331 | Step 1000 | R   106.03 | 배송 17/50 | 미활동 0 | 2홉+ 0.72 | 도달  967 | 차단 2400
Ep 332 | Step 1000 | R   330.23 | 배송 27/50 | 미활동 0 | 2홉+ 0.63 | 도달  886 | 차단 1638
Ep 333 | Step 1000 | R   204.63 | 배송 21/50 | 미활동 0 | 2홉+ 0.50 | 도달  661 | 차단  589
Ep 334 | Step 1000 | R   243.73 | 배송 21/50 | 미활동 0 | 2홉+ 0.55 | 도달  806 | 차단 1364
Ep 335 | Step 1000 | R   294.48 | 배송 26/50 | 미활동 0 | 2홉+ 0.61 | 도달  875 | 차단 1418
Ep 336 | Step 1000 | R   341.28 | 배송 24/50 | 미활동 0 | 2홉+ 0.57 | 도달  936 | 차단 1345
Ep 337 | Step 1000 | R   252.06 | 배송 24/50 | 미활동 0 | 2홉+ 0.67 | 도달  852 | 차단 2202
Ep 338 | Step 1000 | R   177.15 | 배송 18/50 | 미활동 0 | 2홉+ 0.60 | 도달  884 | 차단 1314
Ep 339 | Step 1000 | R   256.03 | 배송 22/50 | 미활동 0 | 2홉+ 0.56 | 도달 1042 | 차단 1114
Ep 340 | Step 1000 | R   280.28 | 배송 23/50 | 미활동 0 | 2홉+ 0.47 | 도달  787 | 차단  801
Ep 341 | Step 1000 | R   292.27 | 배송 24/50 | 미활동 0 | 2홉+ 0.52 | 도달  773 | 차단 1873
Ep 342 | Step 1000 | R   325.46 | 배송 26/50 | 미활동 0 | 2홉+ 0.65 | 도달  962 | 차단 1697
Ep 343 | Step 1000 | R   256.57 | 배송 22/50 | 미활동 0 | 2홉+ 0.59 | 도달  775 | 차단 1249
Ep 344 | Step 1000 | R   239.16 | 배송 22/50 | 미활동 0 | 2홉+ 0.64 | 도달 1072 | 차단 1951
Ep 345 | Step 1000 | R   296.24 | 배송 24/50 | 미활동 0 | 2홉+ 0.48 | 도달  828 | 차단 1873
Ep 346 | Step 1000 | R   340.82 | 배송 27/50 | 미활동 0 | 2홉+ 0.60 | 도달  948 | 차단 1021
Ep 347 | Step 1000 | R   338.52 | 배송 26/50 | 미활동 0 | 2홉+ 0.58 | 도달  714 | 차단  804
Ep 348 | Step 1000 | R   246.63 | 배송 22/50 | 미활동 0 | 2홉+ 0.49 | 도달  859 | 차단 1487
Ep 349 | Step 1000 | R   262.77 | 배송 23/50 | 미활동 0 | 2홉+ 0.52 | 도달  780 | 차단 1423
Ep 350 | Step 1000 | R   285.40 | 배송 24/50 | 미활동 0 | 2홉+ 0.53 | 도달  903 | 차단  938
  [홀드아웃] 배송 8.3±3.6 미활동 1.17 2홉+ 0.73 도달 833 | 최고 10.8@ep250 | 정체 2/15
Ep 351 | Step 1000 | R   316.74 | 배송 26/50 | 미활동 0 | 2홉+ 0.68 | 도달  812 | 차단 1794
Ep 352 | Step 1000 | R   262.09 | 배송 20/50 | 미활동 0 | 2홉+ 0.63 | 도달  884 | 차단 1820
Ep 353 | Step 1000 | R   319.08 | 배송 26/50 | 미활동 0 | 2홉+ 0.62 | 도달  986 | 차단 1674
Ep 354 | Step 1000 | R   348.82 | 배송 25/50 | 미활동 0 | 2홉+ 0.60 | 도달  975 | 차단 1451
Ep 355 | Step 1000 | R   264.62 | 배송 22/50 | 미활동 0 | 2홉+ 0.48 | 도달  807 | 차단  944
Ep 356 | Step 1000 | R   153.28 | 배송 17/50 | 미활동 0 | 2홉+ 0.59 | 도달  855 | 차단 1946
Ep 357 | Step 1000 | R   107.78 | 배송 14/50 | 미활동 0 | 2홉+ 0.54 | 도달  648 | 차단 2481
Ep 358 | Step 1000 | R   289.30 | 배송 22/50 | 미활동 0 | 2홉+ 0.54 | 도달  913 | 차단 1514
Ep 359 | Step 1000 | R   250.76 | 배송 22/50 | 미활동 0 | 2홉+ 0.55 | 도달  877 | 차단 1613
Ep 360 | Step 1000 | R   191.42 | 배송 18/50 | 미활동 0 | 2홉+ 0.66 | 도달  982 | 차단 2043
Ep 361 | Step 1000 | R   342.46 | 배송 28/50 | 미활동 0 | 2홉+ 0.63 | 도달  954 | 차단 1509
Ep 362 | Step 1000 | R   343.09 | 배송 27/50 | 미활동 0 | 2홉+ 0.52 | 도달  828 | 차단 1293
Ep 363 | Step 1000 | R   359.16 | 배송 26/50 | 미활동 0 | 2홉+ 0.57 | 도달  809 | 차단 1319
Ep 364 | Step 1000 | R   190.59 | 배송 21/50 | 미활동 0 | 2홉+ 0.69 | 도달  806 | 차단 2126
Ep 365 | Step 1000 | R   184.21 | 배송 19/50 | 미활동 0 | 2홉+ 0.65 | 도달 1070 | 차단 1499
Ep 366 | Step 1000 | R   244.49 | 배송 22/50 | 미활동 0 | 2홉+ 0.65 | 도달  866 | 차단 1662
Ep 367 | Step 1000 | R   107.13 | 배송 15/50 | 미활동 0 | 2홉+ 0.47 | 도달  600 | 차단 1092
Ep 368 | Step 1000 | R    92.85 | 배송 15/50 | 미활동 1 | 2홉+ 0.62 | 도달  958 | 차단 2509
Ep 369 | Step 1000 | R   284.17 | 배송 26/50 | 미활동 0 | 2홉+ 0.54 | 도달  833 | 차단 1535
Ep 370 | Step 1000 | R   238.46 | 배송 21/50 | 미활동 0 | 2홉+ 0.57 | 도달  729 | 차단 1538
Ep 371 | Step 1000 | R   339.98 | 배송 27/50 | 미활동 0 | 2홉+ 0.67 | 도달  871 | 차단 1524
Ep 372 | Step 1000 | R   239.74 | 배송 21/50 | 미활동 0 | 2홉+ 0.65 | 도달  972 | 차단 1644
Ep 373 | Step 1000 | R   214.80 | 배송 19/50 | 미활동 0 | 2홉+ 0.51 | 도달  797 | 차단 1573
Ep 374 | Step 1000 | R   111.89 | 배송 16/50 | 미활동 0 | 2홉+ 0.46 | 도달  663 | 차단 1630
Ep 375 | Step 1000 | R   344.76 | 배송 26/50 | 미활동 0 | 2홉+ 0.52 | 도달  778 | 차단 1080
Ep 376 | Step 1000 | R   195.57 | 배송 19/50 | 미활동 0 | 2홉+ 0.51 | 도달  724 | 차단  776
Ep 377 | Step 1000 | R   349.47 | 배송 28/50 | 미활동 0 | 2홉+ 0.67 | 도달  980 | 차단 1238
Ep 378 | Step 1000 | R   316.14 | 배송 26/50 | 미활동 0 | 2홉+ 0.59 | 도달  914 | 차단 1889
Ep 379 | Step 1000 | R   231.69 | 배송 22/50 | 미활동 0 | 2홉+ 0.52 | 도달  776 | 차단  798
Ep 380 | Step 1000 | R   279.75 | 배송 21/50 | 미활동 0 | 2홉+ 0.44 | 도달  704 | 차단  876
Ep 381 | Step 1000 | R   299.68 | 배송 27/50 | 미활동 0 | 2홉+ 0.68 | 도달  853 | 차단 1846
Ep 382 | Step 1000 | R   269.74 | 배송 22/50 | 미활동 0 | 2홉+ 0.55 | 도달  872 | 차단 1975
Ep 383 | Step 1000 | R   264.41 | 배송 25/50 | 미활동 0 | 2홉+ 0.52 | 도달  701 | 차단 2075
Ep 384 | Step 1000 | R   251.68 | 배송 24/50 | 미활동 0 | 2홉+ 0.68 | 도달  788 | 차단 1882
Ep 385 | Step 1000 | R   269.45 | 배송 25/50 | 미활동 0 | 2홉+ 0.70 | 도달  914 | 차단 2027
Ep 386 | Step 1000 | R   384.89 | 배송 30/50 | 미활동 0 | 2홉+ 0.59 | 도달 1001 | 차단  923
Ep 387 | Step 1000 | R   332.83 | 배송 26/50 | 미활동 0 | 2홉+ 0.58 | 도달  899 | 차단 1320
Ep 388 | Step 1000 | R   179.23 | 배송 19/50 | 미활동 0 | 2홉+ 0.56 | 도달  731 | 차단 1656
Ep 389 | Step 1000 | R   170.86 | 배송 18/50 | 미활동 0 | 2홉+ 0.65 | 도달  885 | 차단 1762
Ep 390 | Step 1000 | R   204.64 | 배송 19/50 | 미활동 0 | 2홉+ 0.63 | 도달  917 | 차단 2261
Ep 391 | Step 1000 | R   266.84 | 배송 21/50 | 미활동 0 | 2홉+ 0.65 | 도달 1019 | 차단 1968
Ep 392 | Step 1000 | R   296.17 | 배송 26/50 | 미활동 0 | 2홉+ 0.64 | 도달  908 | 차단 1169
Ep 393 | Step 1000 | R   252.39 | 배송 22/50 | 미활동 0 | 2홉+ 0.49 | 도달  922 | 차단 1456
Ep 394 | Step 1000 | R   363.88 | 배송 26/50 | 미활동 0 | 2홉+ 0.62 | 도달  900 | 차단 1193
Ep 395 | Step 1000 | R   248.17 | 배송 22/50 | 미활동 0 | 2홉+ 0.59 | 도달  757 | 차단 1639
Ep 396 | Step 1000 | R   352.40 | 배송 28/50 | 미활동 0 | 2홉+ 0.61 | 도달  815 | 차단 1267
Ep 397 | Step 1000 | R   245.14 | 배송 20/50 | 미활동 0 | 2홉+ 0.51 | 도달  928 | 차단  724
Ep 398 | Step 1000 | R   325.67 | 배송 26/50 | 미활동 0 | 2홉+ 0.48 | 도달  767 | 차단 1577
Ep 399 | Step 1000 | R   177.38 | 배송 19/50 | 미활동 0 | 2홉+ 0.69 | 도달  734 | 차단 1902
Ep 400 | Step 1000 | R   237.60 | 배송 21/50 | 미활동 0 | 2홉+ 0.57 | 도달  699 | 차단 1458
  [홀드아웃] 배송 8.7±3.6 미활동 0.33 2홉+ 0.73 도달 836 | 최고 10.8@ep250 | 정체 3/15
Ep 401 | Step 1000 | R   308.68 | 배송 26/50 | 미활동 0 | 2홉+ 0.62 | 도달  889 | 차단  813
Ep 402 | Step 1000 | R   176.97 | 배송 19/50 | 미활동 0 | 2홉+ 0.61 | 도달  729 | 차단 1673
Ep 403 | Step 1000 | R   321.29 | 배송 26/50 | 미활동 0 | 2홉+ 0.58 | 도달  936 | 차단 1791
Ep 404 | Step 1000 | R   260.78 | 배송 23/50 | 미활동 0 | 2홉+ 0.59 | 도달  851 | 차단 1365
Ep 405 | Step 1000 | R   349.08 | 배송 28/50 | 미활동 0 | 2홉+ 0.68 | 도달  961 | 차단 1784
Ep 406 | Step 1000 | R   299.37 | 배송 24/50 | 미활동 0 | 2홉+ 0.60 | 도달  880 | 차단 1759
Ep 407 | Step 1000 | R   224.10 | 배송 22/50 | 미활동 0 | 2홉+ 0.49 | 도달  848 | 차단  960
Ep 408 | Step 1000 | R   207.46 | 배송 20/50 | 미활동 0 | 2홉+ 0.65 | 도달  829 | 차단 2103
Ep 409 | Step 1000 | R   251.78 | 배송 22/50 | 미활동 0 | 2홉+ 0.64 | 도달  981 | 차단 1808
Ep 410 | Step 1000 | R   272.49 | 배송 23/50 | 미활동 0 | 2홉+ 0.46 | 도달 1074 | 차단  597
Ep 411 | Step 1000 | R   318.91 | 배송 25/50 | 미활동 0 | 2홉+ 0.54 | 도달  877 | 차단 1517
Ep 412 | Step 1000 | R   239.39 | 배송 20/50 | 미활동 0 | 2홉+ 0.45 | 도달  594 | 차단  704
Ep 413 | Step 1000 | R   257.13 | 배송 23/50 | 미활동 0 | 2홉+ 0.66 | 도달  837 | 차단 1617
Ep 414 | Step 1000 | R   227.97 | 배송 21/50 | 미활동 0 | 2홉+ 0.66 | 도달  883 | 차단 1863
Ep 415 | Step 1000 | R   330.29 | 배송 26/50 | 미활동 0 | 2홉+ 0.52 | 도달  821 | 차단 1213
Ep 416 | Step 1000 | R   306.28 | 배송 25/50 | 미활동 0 | 2홉+ 0.62 | 도달  874 | 차단 1790
Ep 417 | Step 1000 | R   322.36 | 배송 27/50 | 미활동 0 | 2홉+ 0.64 | 도달  960 | 차단 1791
Ep 418 | Step 1000 | R   238.72 | 배송 21/50 | 미활동 0 | 2홉+ 0.67 | 도달  720 | 차단 2658
Ep 419 | Step 1000 | R   162.40 | 배송 18/50 | 미활동 0 | 2홉+ 0.67 | 도달  761 | 차단 1812
Ep 420 | Step 1000 | R   248.68 | 배송 22/50 | 미활동 0 | 2홉+ 0.62 | 도달  729 | 차단 1700
Ep 421 | Step 1000 | R   199.76 | 배송 19/50 | 미활동 0 | 2홉+ 0.65 | 도달  793 | 차단 2217
Ep 422 | Step 1000 | R   199.50 | 배송 21/50 | 미활동 0 | 2홉+ 0.70 | 도달  998 | 차단 1804
Ep 423 | Step 1000 | R   244.88 | 배송 22/50 | 미활동 0 | 2홉+ 0.53 | 도달  729 | 차단 1648
Ep 424 | Step 1000 | R   315.63 | 배송 25/50 | 미활동 0 | 2홉+ 0.52 | 도달  819 | 차단 1327
Ep 425 | Step 1000 | R   243.69 | 배송 21/50 | 미활동 0 | 2홉+ 0.51 | 도달  703 | 차단 1513
Ep 426 | Step 1000 | R   115.51 | 배송 16/50 | 미활동 0 | 2홉+ 0.66 | 도달  952 | 차단 1823
Ep 427 | Step 1000 | R   346.30 | 배송 29/50 | 미활동 0 | 2홉+ 0.66 | 도달  923 | 차단 1742
Ep 428 | Step 1000 | R   293.38 | 배송 26/50 | 미활동 0 | 2홉+ 0.57 | 도달  839 | 차단 1622
Ep 429 | Step 1000 | R   129.01 | 배송 16/50 | 미활동 0 | 2홉+ 0.70 | 도달 1041 | 차단 2241
Ep 430 | Step 1000 | R   292.34 | 배송 25/50 | 미활동 0 | 2홉+ 0.63 | 도달  962 | 차단 1442
Ep 431 | Step 1000 | R   215.52 | 배송 19/50 | 미활동 0 | 2홉+ 0.64 | 도달  885 | 차단 1845
Ep 432 | Step 1000 | R   116.26 | 배송 17/50 | 미활동 0 | 2홉+ 0.72 | 도달  966 | 차단 2388
Ep 433 | Step 1000 | R   256.31 | 배송 21/50 | 미활동 0 | 2홉+ 0.50 | 도달  953 | 차단 1914
Ep 434 | Step 1000 | R   269.22 | 배송 24/50 | 미활동 0 | 2홉+ 0.41 | 도달  718 | 차단 2010
Ep 435 | Step 1000 | R    66.53 | 배송 14/50 | 미활동 0 | 2홉+ 0.72 | 도달  957 | 차단 2923
Ep 436 | Step 1000 | R   110.15 | 배송 17/50 | 미활동 0 | 2홉+ 0.73 | 도달 1074 | 차단 2184
Ep 437 | Step 1000 | R   134.94 | 배송 16/50 | 미활동 0 | 2홉+ 0.53 | 도달  749 | 차단 2398
Ep 438 | Step 1000 | R   210.89 | 배송 20/50 | 미활동 0 | 2홉+ 0.71 | 도달  980 | 차단 2036
Ep 439 | Step 1000 | R    31.36 | 배송 11/50 | 미활동 0 | 2홉+ 0.66 | 도달  701 | 차단 2964
Ep 440 | Step 1000 | R   214.76 | 배송 21/50 | 미활동 0 | 2홉+ 0.40 | 도달  727 | 차단 1411
Ep 441 | Step 1000 | R   343.47 | 배송 27/50 | 미활동 0 | 2홉+ 0.64 | 도달  974 | 차단 1205
Ep 442 | Step 1000 | R   379.76 | 배송 29/50 | 미활동 0 | 2홉+ 0.60 | 도달 1012 | 차단 1832
Ep 443 | Step 1000 | R   211.65 | 배송 19/50 | 미활동 0 | 2홉+ 0.56 | 도달  798 | 차단 1761
Ep 444 | Step 1000 | R   282.11 | 배송 23/50 | 미활동 0 | 2홉+ 0.63 | 도달  910 | 차단 1923
Ep 445 | Step 1000 | R   256.43 | 배송 21/50 | 미활동 0 | 2홉+ 0.50 | 도달  804 | 차단 2333
Ep 446 | Step 1000 | R    79.34 | 배송 16/50 | 미활동 0 | 2홉+ 0.72 | 도달  873 | 차단 3168
Ep 447 | Step 1000 | R   275.26 | 배송 24/50 | 미활동 0 | 2홉+ 0.48 | 도달  715 | 차단 1143
Ep 448 | Step 1000 | R   452.30 | 배송 31/50 | 미활동 0 | 2홉+ 0.63 | 도달  968 | 차단 1553
Ep 449 | Step 1000 | R   142.20 | 배송 18/50 | 미활동 0 | 2홉+ 0.40 | 도달  735 | 차단 1261
Ep 450 | Step 1000 | R   352.85 | 배송 27/50 | 미활동 0 | 2홉+ 0.64 | 도달  857 | 차단 1049
  [홀드아웃] 배송 10.3±4.2 미활동 0.17 2홉+ 0.67 도달 758 | 최고 10.8@ep250 | 정체 4/15
Ep 451 | Step 1000 | R   275.48 | 배송 25/50 | 미활동 0 | 2홉+ 0.64 | 도달  967 | 차단 1785
Ep 452 | Step 1000 | R   300.17 | 배송 27/50 | 미활동 0 | 2홉+ 0.69 | 도달  897 | 차단 2052
Ep 453 | Step 1000 | R   302.16 | 배송 25/50 | 미활동 0 | 2홉+ 0.64 | 도달  850 | 차단 2153
Ep 454 | Step 1000 | R   307.08 | 배송 25/50 | 미활동 0 | 2홉+ 0.61 | 도달  789 | 차단 1767
Ep 455 | Step 1000 | R   240.42 | 배송 22/50 | 미활동 0 | 2홉+ 0.50 | 도달  769 | 차단 1966
Ep 456 | Step 1000 | R   193.87 | 배송 21/50 | 미활동 0 | 2홉+ 0.54 | 도달  827 | 차단 1481
Ep 457 | Step 1000 | R   224.28 | 배송 20/50 | 미활동 0 | 2홉+ 0.52 | 도달  718 | 차단 1727
Ep 458 | Step 1000 | R   307.58 | 배송 25/50 | 미활동 0 | 2홉+ 0.62 | 도달 1000 | 차단 1502
Ep 459 | Step 1000 | R   330.39 | 배송 27/50 | 미활동 0 | 2홉+ 0.65 | 도달  737 | 차단 1565
Ep 460 | Step 1000 | R   290.14 | 배송 23/50 | 미활동 0 | 2홉+ 0.68 | 도달 1015 | 차단 1611
Ep 461 | Step 1000 | R   255.26 | 배송 22/50 | 미활동 0 | 2홉+ 0.67 | 도달  976 | 차단 1360
Ep 462 | Step 1000 | R   257.68 | 배송 23/50 | 미활동 0 | 2홉+ 0.60 | 도달  874 | 차단 1554
Ep 463 | Step 1000 | R   237.49 | 배송 21/50 | 미활동 0 | 2홉+ 0.64 | 도달  830 | 차단 1514
Ep 464 | Step 1000 | R   266.35 | 배송 23/50 | 미활동 0 | 2홉+ 0.61 | 도달  720 | 차단 1380
Ep 465 | Step 1000 | R   246.78 | 배송 23/50 | 미활동 0 | 2홉+ 0.63 | 도달  839 | 차단 2042
Ep 466 | Step 1000 | R   260.08 | 배송 24/50 | 미활동 0 | 2홉+ 0.66 | 도달  880 | 차단 1782
Ep 467 | Step 1000 | R   273.50 | 배송 21/50 | 미활동 0 | 2홉+ 0.55 | 도달  913 | 차단 1640
Ep 468 | Step 1000 | R   363.89 | 배송 29/50 | 미활동 0 | 2홉+ 0.64 | 도달  953 | 차단 1198
Ep 469 | Step 1000 | R   241.34 | 배송 21/50 | 미활동 0 | 2홉+ 0.69 | 도달  960 | 차단 1599
Ep 470 | Step 1000 | R   277.68 | 배송 22/50 | 미활동 0 | 2홉+ 0.66 | 도달  923 | 차단 1830
Ep 471 | Step 1000 | R   321.59 | 배송 25/50 | 미활동 0 | 2홉+ 0.64 | 도달  765 | 차단 1314
Ep 472 | Step 1000 | R   249.01 | 배송 23/50 | 미활동 0 | 2홉+ 0.51 | 도달  884 | 차단 1731
Ep 473 | Step 1000 | R   314.76 | 배송 26/50 | 미활동 0 | 2홉+ 0.67 | 도달 1074 | 차단 1650
Ep 474 | Step 1000 | R   123.73 | 배송 17/50 | 미활동 0 | 2홉+ 0.67 | 도달  885 | 차단 1886
Ep 475 | Step 1000 | R   279.43 | 배송 24/50 | 미활동 0 | 2홉+ 0.61 | 도달  835 | 차단  711
Ep 476 | Step 1000 | R   215.39 | 배송 19/50 | 미활동 0 | 2홉+ 0.47 | 도달  692 | 차단 1830
Ep 477 | Step 1000 | R   347.45 | 배송 28/50 | 미활동 0 | 2홉+ 0.62 | 도달 1074 | 차단 1331
Ep 478 | Step 1000 | R   305.71 | 배송 24/50 | 미활동 0 | 2홉+ 0.62 | 도달  870 | 차단 1746
Ep 479 | Step 1000 | R   283.11 | 배송 25/50 | 미활동 0 | 2홉+ 0.53 | 도달  880 | 차단 1079
Ep 480 | Step 1000 | R   380.78 | 배송 30/50 | 미활동 0 | 2홉+ 0.65 | 도달  787 | 차단 1042
Ep 481 | Step 1000 | R   225.96 | 배송 20/50 | 미활동 0 | 2홉+ 0.57 | 도달  819 | 차단 1620
Ep 482 | Step 1000 | R    94.84 | 배송 16/50 | 미활동 0 | 2홉+ 0.72 | 도달  826 | 차단 2413
Ep 483 | Step 1000 | R   197.46 | 배송 18/50 | 미활동 0 | 2홉+ 0.57 | 도달  879 | 차단 1584
Ep 484 | Step 1000 | R   240.44 | 배송 21/50 | 미활동 0 | 2홉+ 0.69 | 도달  850 | 차단  975
Ep 485 | Step 1000 | R   360.62 | 배송 26/50 | 미활동 0 | 2홉+ 0.57 | 도달  753 | 차단 1581
Ep 486 | Step 1000 | R   263.53 | 배송 21/50 | 미활동 0 | 2홉+ 0.56 | 도달  648 | 차단 1787
Ep 487 | Step 1000 | R   255.91 | 배송 24/50 | 미활동 0 | 2홉+ 0.68 | 도달  773 | 차단 2390
Ep 488 | Step 1000 | R   311.42 | 배송 24/50 | 미활동 0 | 2홉+ 0.50 | 도달  787 | 차단  934
Ep 489 | Step 1000 | R   360.25 | 배송 27/50 | 미활동 0 | 2홉+ 0.68 | 도달  816 | 차단 1812
Ep 490 | Step 1000 | R   142.37 | 배송 15/50 | 미활동 0 | 2홉+ 0.53 | 도달  729 | 차단 1125
Ep 491 | Step 1000 | R   322.71 | 배송 24/50 | 미활동 0 | 2홉+ 0.64 | 도달  956 | 차단 1892
Ep 492 | Step 1000 | R   188.79 | 배송 20/50 | 미활동 0 | 2홉+ 0.55 | 도달  796 | 차단 1344
Ep 493 | Step 1000 | R   333.84 | 배송 28/50 | 미활동 0 | 2홉+ 0.63 | 도달  944 | 차단 1947
Ep 494 | Step 1000 | R   260.07 | 배송 23/50 | 미활동 0 | 2홉+ 0.44 | 도달  794 | 차단 1498
Ep 495 | Step 1000 | R   289.42 | 배송 25/50 | 미활동 0 | 2홉+ 0.40 | 도달  905 | 차단  905
Ep 496 | Step 1000 | R   236.94 | 배송 20/50 | 미활동 0 | 2홉+ 0.49 | 도달  943 | 차단 1441
Ep 497 | Step 1000 | R   240.34 | 배송 21/50 | 미활동 0 | 2홉+ 0.47 | 도달  867 | 차단 1143
Ep 498 | Step 1000 | R   286.84 | 배송 25/50 | 미활동 0 | 2홉+ 0.66 | 도달  918 | 차단 1311
Ep 499 | Step 1000 | R   266.02 | 배송 23/50 | 미활동 0 | 2홉+ 0.51 | 도달  835 | 차단 1194
Ep 500 | Step 1000 | R   226.30 | 배송 20/50 | 미활동 0 | 2홉+ 0.55 | 도달  775 | 차단 1502
  [홀드아웃] 배송 11.0±4.7 미활동 0.67 2홉+ 0.71 도달 699 | 최고 11.0@ep500 | 정체 0/15  ← 최고 갱신
Ep 501 | Step 1000 | R   288.79 | 배송 22/50 | 미활동 0 | 2홉+ 0.64 | 도달  942 | 차단 1545
Ep 502 | Step 1000 | R   264.75 | 배송 22/50 | 미활동 0 | 2홉+ 0.48 | 도달  702 | 차단  943
Ep 503 | Step 1000 | R   281.72 | 배송 25/50 | 미활동 0 | 2홉+ 0.46 | 도달  774 | 차단  556
Ep 504 | Step 1000 | R   192.19 | 배송 19/50 | 미활동 0 | 2홉+ 0.23 | 도달  653 | 차단 1435
Ep 505 | Step 1000 | R   149.26 | 배송 18/50 | 미활동 0 | 2홉+ 0.28 | 도달  701 | 차단  272
Ep 506 | Step 1000 | R   323.55 | 배송 24/50 | 미활동 0 | 2홉+ 0.53 | 도달  798 | 차단 1838
Ep 507 | Step 1000 | R   166.86 | 배송 17/50 | 미활동 0 | 2홉+ 0.66 | 도달  712 | 차단 1376
Ep 508 | Step 1000 | R   280.20 | 배송 22/50 | 미활동 0 | 2홉+ 0.65 | 도달  998 | 차단 1859
Ep 509 | Step 1000 | R   415.99 | 배송 31/50 | 미활동 0 | 2홉+ 0.63 | 도달  803 | 차단 1219
Ep 510 | Step 1000 | R   332.09 | 배송 27/50 | 미활동 0 | 2홉+ 0.60 | 도달 1066 | 차단 1632
Ep 511 | Step 1000 | R   231.73 | 배송 21/50 | 미활동 0 | 2홉+ 0.67 | 도달  873 | 차단 1790
Ep 512 | Step 1000 | R   236.01 | 배송 23/50 | 미활동 0 | 2홉+ 0.37 | 도달  779 | 차단  840
Ep 513 | Step 1000 | R   310.31 | 배송 24/50 | 미활동 0 | 2홉+ 0.50 | 도달  977 | 차단 1107
Ep 514 | Step 1000 | R   167.72 | 배송 17/50 | 미활동 0 | 2홉+ 0.29 | 도달  628 | 차단  617
Ep 515 | Step 1000 | R   268.28 | 배송 21/50 | 미활동 0 | 2홉+ 0.58 | 도달  950 | 차단 1513
Ep 516 | Step 1000 | R   283.56 | 배송 23/50 | 미활동 0 | 2홉+ 0.62 | 도달  909 | 차단 1704
Ep 517 | Step 1000 | R   394.23 | 배송 28/50 | 미활동 0 | 2홉+ 0.54 | 도달  926 | 차단 1037
Ep 518 | Step 1000 | R   172.15 | 배송 18/50 | 미활동 0 | 2홉+ 0.24 | 도달  645 | 차단 1236
Ep 519 | Step 1000 | R   222.50 | 배송 20/50 | 미활동 0 | 2홉+ 0.48 | 도달  767 | 차단 1505
Ep 520 | Step 1000 | R   274.64 | 배송 24/50 | 미활동 0 | 2홉+ 0.51 | 도달  734 | 차단  928
Ep 521 | Step 1000 | R   244.84 | 배송 22/50 | 미활동 0 | 2홉+ 0.53 | 도달  734 | 차단 1393
Ep 522 | Step 1000 | R   240.62 | 배송 21/50 | 미활동 0 | 2홉+ 0.50 | 도달  762 | 차단 1169
Ep 523 | Step 1000 | R   267.01 | 배송 23/50 | 미활동 0 | 2홉+ 0.39 | 도달  708 | 차단 1029
Ep 524 | Step 1000 | R   257.56 | 배송 22/50 | 미활동 0 | 2홉+ 0.47 | 도달  801 | 차단  889
Ep 525 | Step 1000 | R   149.21 | 배송 16/50 | 미활동 0 | 2홉+ 0.55 | 도달  635 | 차단 1645
Ep 526 | Step 1000 | R   339.53 | 배송 27/50 | 미활동 0 | 2홉+ 0.53 | 도달  833 | 차단 1407
Ep 527 | Step 1000 | R    55.48 | 배송 14/50 | 미활동 0 | 2홉+ 0.73 | 도달  866 | 차단 3206
Ep 528 | Step 1000 | R   151.10 | 배송 18/50 | 미활동 0 | 2홉+ 0.71 | 도달  934 | 차단 2726
Ep 529 | Step 1000 | R   251.54 | 배송 22/50 | 미활동 0 | 2홉+ 0.48 | 도달  744 | 차단 1231
Ep 530 | Step 1000 | R   340.19 | 배송 26/50 | 미활동 0 | 2홉+ 0.59 | 도달  914 | 차단 1069
Ep 531 | Step 1000 | R   340.12 | 배송 26/50 | 미활동 0 | 2홉+ 0.58 | 도달  986 | 차단 1188
Ep 532 | Step 1000 | R   264.82 | 배송 23/50 | 미활동 0 | 2홉+ 0.54 | 도달  707 | 차단 1007
Ep 533 | Step 1000 | R   436.57 | 배송 32/50 | 미활동 0 | 2홉+ 0.60 | 도달  959 | 차단  845
Ep 534 | Step 1000 | R   330.29 | 배송 27/50 | 미활동 0 | 2홉+ 0.48 | 도달  765 | 차단 1610
Ep 535 | Step 1000 | R   248.94 | 배송 22/50 | 미활동 0 | 2홉+ 0.62 | 도달  839 | 차단 1511
Ep 536 | Step 1000 | R   190.23 | 배송 19/50 | 미활동 0 | 2홉+ 0.49 | 도달  890 | 차단 1624
Ep 537 | Step 1000 | R   237.18 | 배송 20/50 | 미활동 0 | 2홉+ 0.45 | 도달  613 | 차단  871
Ep 538 | Step 1000 | R   286.05 | 배송 23/50 | 미활동 0 | 2홉+ 0.55 | 도달  871 | 차단 1875
Ep 539 | Step 1000 | R   205.71 | 배송 20/50 | 미활동 0 | 2홉+ 0.70 | 도달  983 | 차단 2576
Ep 540 | Step 1000 | R   279.22 | 배송 24/50 | 미활동 0 | 2홉+ 0.51 | 도달  710 | 차단  937
Ep 541 | Step 1000 | R   231.71 | 배송 21/50 | 미활동 0 | 2홉+ 0.64 | 도달  954 | 차단 1885
Ep 542 | Step 1000 | R   254.74 | 배송 22/50 | 미활동 0 | 2홉+ 0.39 | 도달  600 | 차단  937
Ep 543 | Step 1000 | R   326.41 | 배송 28/50 | 미활동 0 | 2홉+ 0.49 | 도달  714 | 차단  951
Ep 544 | Step 1000 | R   353.11 | 배송 26/50 | 미활동 0 | 2홉+ 0.62 | 도달  984 | 차단 1429
Ep 545 | Step 1000 | R   297.11 | 배송 24/50 | 미활동 0 | 2홉+ 0.66 | 도달  980 | 차단 2130
Ep 546 | Step 1000 | R   316.25 | 배송 26/50 | 미활동 0 | 2홉+ 0.64 | 도달 1003 | 차단 1384
Ep 547 | Step 1000 | R   249.47 | 배송 22/50 | 미활동 0 | 2홉+ 0.48 | 도달  763 | 차단 1240
Ep 548 | Step 1000 | R   214.28 | 배송 19/50 | 미활동 0 | 2홉+ 0.61 | 도달  871 | 차단 1950
Ep 549 | Step 1000 | R   241.59 | 배송 22/50 | 미활동 0 | 2홉+ 0.65 | 도달  950 | 차단 1891
Ep 550 | Step 1000 | R   346.22 | 배송 26/50 | 미활동 0 | 2홉+ 0.66 | 도달  876 | 차단 1793
  [홀드아웃] 배송 11.8±5.4 미활동 0.50 2홉+ 0.66 도달 842 | 최고 11.8@ep550 | 정체 0/15  ← 최고 갱신
Ep 551 | Step 1000 | R     1.61 | 배송 10/50 | 미활동 0 | 2홉+ 0.73 | 도달  805 | 차단 3512
Ep 552 | Step 1000 | R   215.72 | 배송 22/50 | 미활동 0 | 2홉+ 0.65 | 도달  716 | 차단 1588
Ep 553 | Step 1000 | R   140.70 | 배송 16/50 | 미활동 0 | 2홉+ 0.51 | 도달  577 | 차단 2091
Ep 554 | Step 1000 | R   295.68 | 배송 25/50 | 미활동 0 | 2홉+ 0.66 | 도달  830 | 차단 2312
Ep 555 | Step 1000 | R   182.88 | 배송 17/50 | 미활동 0 | 2홉+ 0.70 | 도달  999 | 차단 2229
Ep 556 | Step 1000 | R   299.67 | 배송 25/50 | 미활동 0 | 2홉+ 0.56 | 도달  861 | 차단 2074
Ep 557 | Step 1000 | R   300.51 | 배송 24/50 | 미활동 0 | 2홉+ 0.68 | 도달  973 | 차단 1836
Ep 558 | Step 1000 | R   262.85 | 배송 24/50 | 미활동 0 | 2홉+ 0.49 | 도달  697 | 차단 1783
Ep 559 | Step 1000 | R   266.56 | 배송 21/50 | 미활동 0 | 2홉+ 0.54 | 도달  744 | 차단 1544
Ep 560 | Step 1000 | R   338.26 | 배송 28/50 | 미활동 0 | 2홉+ 0.68 | 도달  957 | 차단 1683
Ep 561 | Step 1000 | R   294.38 | 배송 25/50 | 미활동 0 | 2홉+ 0.53 | 도달  875 | 차단  897
Ep 562 | Step 1000 | R   287.60 | 배송 23/50 | 미활동 0 | 2홉+ 0.60 | 도달  844 | 차단 1618
Ep 563 | Step 1000 | R   255.85 | 배송 24/50 | 미활동 0 | 2홉+ 0.46 | 도달  643 | 차단 1884
Ep 564 | Step 1000 | R   102.13 | 배송 18/50 | 미활동 0 | 2홉+ 0.73 | 도달  964 | 차단 3041
Ep 565 | Step 1000 | R   239.83 | 배송 23/50 | 미활동 0 | 2홉+ 0.60 | 도달  723 | 차단 2042
Ep 566 | Step 1000 | R   289.03 | 배송 23/50 | 미활동 0 | 2홉+ 0.51 | 도달  717 | 차단 1467
Ep 567 | Step 1000 | R   272.57 | 배송 21/50 | 미활동 0 | 2홉+ 0.62 | 도달 1013 | 차단 1659
Ep 568 | Step 1000 | R   328.50 | 배송 24/50 | 미활동 0 | 2홉+ 0.48 | 도달  927 | 차단 1540
Ep 569 | Step 1000 | R   178.15 | 배송 18/50 | 미활동 0 | 2홉+ 0.30 | 도달  672 | 차단  947
Ep 570 | Step 1000 | R   256.19 | 배송 23/50 | 미활동 0 | 2홉+ 0.59 | 도달  837 | 차단 1501
Ep 571 | Step 1000 | R   223.95 | 배송 20/50 | 미활동 0 | 2홉+ 0.68 | 도달  765 | 차단 1836
Ep 572 | Step 1000 | R   233.05 | 배송 21/50 | 미활동 0 | 2홉+ 0.53 | 도달  759 | 차단 1497
Ep 573 | Step 1000 | R   215.35 | 배송 20/50 | 미활동 0 | 2홉+ 0.69 | 도달  913 | 차단 2120
Ep 574 | Step 1000 | R   150.20 | 배송 19/50 | 미활동 0 | 2홉+ 0.56 | 도달  981 | 차단 1938
Ep 575 | Step 1000 | R   228.97 | 배송 20/50 | 미활동 0 | 2홉+ 0.52 | 도달  880 | 차단 1495
Ep 576 | Step 1000 | R   422.75 | 배송 31/50 | 미활동 0 | 2홉+ 0.55 | 도달  733 | 차단  723
Ep 577 | Step 1000 | R   126.38 | 배송 16/50 | 미활동 0 | 2홉+ 0.44 | 도달  673 | 차단  830
Ep 578 | Step 1000 | R   174.93 | 배송 19/50 | 미활동 0 | 2홉+ 0.63 | 도달  634 | 차단 1562
Ep 579 | Step 1000 | R   236.39 | 배송 22/50 | 미활동 0 | 2홉+ 0.57 | 도달  775 | 차단 1751
Ep 580 | Step 1000 | R   266.62 | 배송 24/50 | 미활동 0 | 2홉+ 0.52 | 도달  868 | 차단 1529
Ep 581 | Step 1000 | R   179.45 | 배송 19/50 | 미활동 0 | 2홉+ 0.48 | 도달  700 | 차단 1552
Ep 582 | Step 1000 | R   311.92 | 배송 27/50 | 미활동 0 | 2홉+ 0.63 | 도달  697 | 차단  886
Ep 583 | Step 1000 | R   275.23 | 배송 25/50 | 미활동 0 | 2홉+ 0.52 | 도달  736 | 차단 1472
Ep 584 | Step 1000 | R   181.11 | 배송 19/50 | 미활동 0 | 2홉+ 0.49 | 도달  622 | 차단 1593
Ep 585 | Step 1000 | R   283.59 | 배송 24/50 | 미활동 0 | 2홉+ 0.48 | 도달  790 | 차단  753
Ep 586 | Step 1000 | R   213.47 | 배송 20/50 | 미활동 0 | 2홉+ 0.36 | 도달  589 | 차단  695
Ep 587 | Step 1000 | R   207.21 | 배송 21/50 | 미활동 0 | 2홉+ 0.48 | 도달  677 | 차단 1226
Ep 588 | Step 1000 | R   195.66 | 배송 17/50 | 미활동 0 | 2홉+ 0.42 | 도달  576 | 차단 1345
Ep 589 | Step 1000 | R   351.92 | 배송 27/50 | 미활동 0 | 2홉+ 0.66 | 도달 1016 | 차단 2005
Ep 590 | Step 1000 | R   167.12 | 배송 19/50 | 미활동 0 | 2홉+ 0.67 | 도달  898 | 차단 2362
Ep 591 | Step 1000 | R   322.08 | 배송 27/50 | 미활동 0 | 2홉+ 0.64 | 도달  871 | 차단 1955
Ep 592 | Step 1000 | R   269.12 | 배송 22/50 | 미활동 0 | 2홉+ 0.57 | 도달  868 | 차단 1822
Ep 593 | Step 1000 | R   262.56 | 배송 21/50 | 미활동 0 | 2홉+ 0.64 | 도달  882 | 차단 1944
Ep 594 | Step 1000 | R   381.09 | 배송 28/50 | 미활동 0 | 2홉+ 0.56 | 도달  951 | 차단 1065
Ep 595 | Step 1000 | R   178.88 | 배송 18/50 | 미활동 0 | 2홉+ 0.38 | 도달  705 | 차단  696
Ep 596 | Step 1000 | R   166.64 | 배송 17/50 | 미활동 0 | 2홉+ 0.49 | 도달  805 | 차단 1176
Ep 597 | Step 1000 | R   328.28 | 배송 26/50 | 미활동 0 | 2홉+ 0.61 | 도달  751 | 차단 1412
Ep 598 | Step 1000 | R   294.92 | 배송 26/50 | 미활동 0 | 2홉+ 0.48 | 도달  749 | 차단  750
Ep 599 | Step 1000 | R   233.18 | 배송 22/50 | 미활동 0 | 2홉+ 0.68 | 도달  956 | 차단 2133
Ep 600 | Step 1000 | R   216.24 | 배송 21/50 | 미활동 0 | 2홉+ 0.62 | 도달  882 | 차단 2228
  [홀드아웃] 배송 12.8±2.3 미활동 0.17 2홉+ 0.63 도달 690 | 최고 12.8@ep600 | 정체 0/15  ← 최고 갱신
Ep 601 | Step 1000 | R   283.64 | 배송 25/50 | 미활동 0 | 2홉+ 0.51 | 도달  718 | 차단  918
Ep 602 | Step 1000 | R   222.81 | 배송 18/50 | 미활동 0 | 2홉+ 0.60 | 도달  768 | 차단 2443
Ep 603 | Step 1000 | R   146.07 | 배송 17/50 | 미활동 0 | 2홉+ 0.64 | 도달  572 | 차단  525
Ep 604 | Step 1000 | R   223.07 | 배송 21/50 | 미활동 0 | 2홉+ 0.56 | 도달  743 | 차단 2199
Ep 605 | Step 1000 | R   324.52 | 배송 26/50 | 미활동 0 | 2홉+ 0.50 | 도달  590 | 차단 1661
Ep 606 | Step 1000 | R   248.65 | 배송 23/50 | 미활동 0 | 2홉+ 0.67 | 도달  789 | 차단 1961
Ep 607 | Step 1000 | R   302.02 | 배송 25/50 | 미활동 0 | 2홉+ 0.66 | 도달  883 | 차단 2020
Ep 608 | Step 1000 | R   250.08 | 배송 22/50 | 미활동 0 | 2홉+ 0.59 | 도달  838 | 차단 1336
Ep 609 | Step 1000 | R   301.89 | 배송 26/50 | 미활동 0 | 2홉+ 0.51 | 도달  667 | 차단  963
Ep 610 | Step 1000 | R   307.18 | 배송 25/50 | 미활동 0 | 2홉+ 0.62 | 도달  794 | 차단 1739
Ep 611 | Step 1000 | R   287.09 | 배송 25/50 | 미활동 0 | 2홉+ 0.59 | 도달  776 | 차단 1322
Ep 612 | Step 1000 | R   205.45 | 배송 19/50 | 미활동 0 | 2홉+ 0.41 | 도달  583 | 차단 1921
Ep 613 | Step 1000 | R   251.92 | 배송 22/50 | 미활동 0 | 2홉+ 0.59 | 도달  858 | 차단 1102
Ep 614 | Step 1000 | R   331.10 | 배송 25/50 | 미활동 0 | 2홉+ 0.46 | 도달  878 | 차단  823
Ep 615 | Step 1000 | R   341.29 | 배송 28/50 | 미활동 0 | 2홉+ 0.63 | 도달  871 | 차단 1594
Ep 616 | Step 1000 | R   181.94 | 배송 19/50 | 미활동 0 | 2홉+ 0.58 | 도달  721 | 차단 1294
Ep 617 | Step 1000 | R   240.00 | 배송 23/50 | 미활동 0 | 2홉+ 0.67 | 도달  981 | 차단 1967
Ep 618 | Step 1000 | R   265.52 | 배송 20/50 | 미활동 0 | 2홉+ 0.47 | 도달  753 | 차단 1334
Ep 619 | Step 1000 | R   215.49 | 배송 19/50 | 미활동 0 | 2홉+ 0.55 | 도달  638 | 차단 1539
Ep 620 | Step 1000 | R   248.76 | 배송 23/50 | 미활동 0 | 2홉+ 0.63 | 도달 1074 | 차단 1670
Ep 621 | Step 1000 | R   129.82 | 배송 18/50 | 미활동 0 | 2홉+ 0.64 | 도달  750 | 차단  492
Ep 622 | Step 1000 | R   296.14 | 배송 22/50 | 미활동 0 | 2홉+ 0.42 | 도달  742 | 차단 1162
Ep 623 | Step 1000 | R   385.80 | 배송 31/50 | 미활동 0 | 2홉+ 0.70 | 도달  899 | 차단  997
Ep 624 | Step 1000 | R   174.26 | 배송 19/50 | 미활동 0 | 2홉+ 0.40 | 도달  720 | 차단  349
Ep 625 | Step 1000 | R   205.30 | 배송 21/50 | 미활동 0 | 2홉+ 0.47 | 도달  597 | 차단 1313
Ep 626 | Step 1000 | R   203.07 | 배송 21/50 | 미활동 0 | 2홉+ 0.55 | 도달  603 | 차단 1118
Ep 627 | Step 1000 | R   267.54 | 배송 25/50 | 미활동 0 | 2홉+ 0.60 | 도달 1068 | 차단 1718
Ep 628 | Step 1000 | R    81.89 | 배송 16/50 | 미활동 0 | 2홉+ 0.73 | 도달  978 | 차단 2882
Ep 629 | Step 1000 | R   242.81 | 배송 22/50 | 미활동 0 | 2홉+ 0.55 | 도달  839 | 차단 1932
Ep 630 | Step 1000 | R   223.49 | 배송 21/50 | 미활동 0 | 2홉+ 0.60 | 도달  771 | 차단 2080
Ep 631 | Step 1000 | R   276.90 | 배송 24/50 | 미활동 0 | 2홉+ 0.57 | 도달  746 | 차단 1295
Ep 632 | Step 1000 | R   293.19 | 배송 26/50 | 미활동 0 | 2홉+ 0.52 | 도달  913 | 차단 1557
Ep 633 | Step 1000 | R   207.24 | 배송 19/50 | 미활동 0 | 2홉+ 0.50 | 도달  673 | 차단 2228
Ep 634 | Step 1000 | R   205.25 | 배송 20/50 | 미활동 0 | 2홉+ 0.68 | 도달  941 | 차단 2390
Ep 635 | Step 1000 | R   291.01 | 배송 24/50 | 미활동 0 | 2홉+ 0.65 | 도달  925 | 차단 1831
Ep 636 | Step 1000 | R   163.08 | 배송 20/50 | 미활동 0 | 2홉+ 0.32 | 도달  756 | 차단  902
Ep 637 | Step 1000 | R   250.00 | 배송 23/50 | 미활동 0 | 2홉+ 0.64 | 도달  889 | 차단 1706
Ep 638 | Step 1000 | R   286.73 | 배송 26/50 | 미활동 0 | 2홉+ 0.63 | 도달  938 | 차단 1410
Ep 639 | Step 1000 | R   371.08 | 배송 26/50 | 미활동 0 | 2홉+ 0.50 | 도달  824 | 차단 1078
Ep 640 | Step 1000 | R   255.66 | 배송 20/50 | 미활동 0 | 2홉+ 0.68 | 도달  806 | 차단 2017
Ep 641 | Step 1000 | R   209.63 | 배송 18/50 | 미활동 0 | 2홉+ 0.50 | 도달  623 | 차단 1431
Ep 642 | Step 1000 | R   230.50 | 배송 20/50 | 미활동 0 | 2홉+ 0.41 | 도달  700 | 차단  914
Ep 643 | Step 1000 | R   215.40 | 배송 19/50 | 미활동 0 | 2홉+ 0.46 | 도달  689 | 차단 1502
Ep 644 | Step 1000 | R   233.06 | 배송 21/50 | 미활동 0 | 2홉+ 0.65 | 도달  881 | 차단 1587
Ep 645 | Step 1000 | R   125.91 | 배송 15/50 | 미활동 0 | 2홉+ 0.27 | 도달  556 | 차단  388
Ep 646 | Step 1000 | R   190.68 | 배송 20/50 | 미활동 0 | 2홉+ 0.61 | 도달  760 | 차단 1550
Ep 647 | Step 1000 | R   232.59 | 배송 20/50 | 미활동 0 | 2홉+ 0.52 | 도달  847 | 차단 1482
Ep 648 | Step 1000 | R   226.68 | 배송 19/50 | 미활동 0 | 2홉+ 0.47 | 도달  697 | 차단 1135
Ep 649 | Step 1000 | R   305.46 | 배송 23/50 | 미활동 0 | 2홉+ 0.51 | 도달  706 | 차단  823
Ep 650 | Step 1000 | R   172.64 | 배송 18/50 | 미활동 0 | 2홉+ 0.44 | 도달  680 | 차단 1214
  [홀드아웃] 배송 11.8±3.3 미활동 0.33 2홉+ 0.62 도달 624 | 최고 12.8@ep600 | 정체 1/15
Ep 651 | Step 1000 | R   196.66 | 배송 20/50 | 미활동 0 | 2홉+ 0.44 | 도달  634 | 차단 1257
Ep 652 | Step 1000 | R   225.16 | 배송 19/50 | 미활동 0 | 2홉+ 0.52 | 도달  804 | 차단  834
Ep 653 | Step 1000 | R   267.68 | 배송 23/50 | 미활동 0 | 2홉+ 0.56 | 도달  793 | 차단  707
Ep 654 | Step 1000 | R   278.72 | 배송 23/50 | 미활동 0 | 2홉+ 0.55 | 도달  772 | 차단  665
Ep 655 | Step 1000 | R   209.42 | 배송 19/50 | 미활동 0 | 2홉+ 0.60 | 도달  806 | 차단 1788
Ep 656 | Step 1000 | R   304.98 | 배송 24/50 | 미활동 0 | 2홉+ 0.67 | 도달  655 | 차단 1501
Ep 657 | Step 1000 | R   165.51 | 배송 17/50 | 미활동 0 | 2홉+ 0.48 | 도달  796 | 차단 1431
Ep 658 | Step 1000 | R   247.72 | 배송 20/50 | 미활동 0 | 2홉+ 0.44 | 도달  675 | 차단  568
Ep 659 | Step 1000 | R   177.58 | 배송 20/50 | 미활동 0 | 2홉+ 0.58 | 도달  749 | 차단 2124
Ep 660 | Step 1000 | R   323.23 | 배송 26/50 | 미활동 0 | 2홉+ 0.54 | 도달  755 | 차단 1450
Ep 661 | Step 1000 | R   333.19 | 배송 26/50 | 미활동 0 | 2홉+ 0.44 | 도달  876 | 차단  732
Ep 662 | Step 1000 | R   228.13 | 배송 21/50 | 미활동 0 | 2홉+ 0.66 | 도달  943 | 차단 2001
Ep 663 | Step 1000 | R    84.06 | 배송 16/50 | 미활동 0 | 2홉+ 0.73 | 도달  761 | 차단 2877
Ep 664 | Step 1000 | R   312.16 | 배송 25/50 | 미활동 0 | 2홉+ 0.54 | 도달  798 | 차단 1462
Ep 665 | Step 1000 | R   273.52 | 배송 21/50 | 미활동 0 | 2홉+ 0.43 | 도달  668 | 차단 1142
Ep 666 | Step 1000 | R   126.20 | 배송 16/50 | 미활동 0 | 2홉+ 0.41 | 도달  589 | 차단  902
Ep 667 | Step 1000 | R   263.71 | 배송 24/50 | 미활동 0 | 2홉+ 0.61 | 도달  762 | 차단 1375
Ep 668 | Step 1000 | R   357.43 | 배송 29/50 | 미활동 0 | 2홉+ 0.57 | 도달  759 | 차단 1430
Ep 669 | Step 1000 | R   113.35 | 배송 15/50 | 미활동 0 | 2홉+ 0.63 | 도달  879 | 차단 1174
Ep 670 | Step 1000 | R   134.93 | 배송 15/50 | 미활동 0 | 2홉+ 0.66 | 도달  772 | 차단 1699
Ep 671 | Step 1000 | R   199.97 | 배송 19/50 | 미활동 0 | 2홉+ 0.69 | 도달  762 | 차단 2192
Ep 672 | Step 1000 | R    88.96 | 배송 15/50 | 미활동 0 | 2홉+ 0.54 | 도달  789 | 차단 2233
Ep 673 | Step 1000 | R   328.45 | 배송 23/50 | 미활동 0 | 2홉+ 0.41 | 도달  707 | 차단 1485
Ep 674 | Step 1000 | R   163.11 | 배송 18/50 | 미활동 0 | 2홉+ 0.62 | 도달  866 | 차단 1699
Ep 675 | Step 1000 | R   243.59 | 배송 23/50 | 미활동 0 | 2홉+ 0.55 | 도달  741 | 차단 1775
Ep 676 | Step 1000 | R   341.53 | 배송 26/50 | 미활동 0 | 2홉+ 0.54 | 도달  875 | 차단  774
Ep 677 | Step 1000 | R   307.44 | 배송 25/50 | 미활동 0 | 2홉+ 0.62 | 도달  737 | 차단 1661
Ep 678 | Step 1000 | R   281.99 | 배송 24/50 | 미활동 0 | 2홉+ 0.52 | 도달  890 | 차단  734
Ep 679 | Step 1000 | R   307.88 | 배송 24/50 | 미활동 0 | 2홉+ 0.56 | 도달  893 | 차단 1453
Ep 680 | Step 1000 | R   219.35 | 배송 21/50 | 미활동 0 | 2홉+ 0.32 | 도달  636 | 차단  412
Ep 681 | Step 1000 | R   172.03 | 배송 19/50 | 미활동 0 | 2홉+ 0.68 | 도달  748 | 차단 1976
Ep 682 | Step 1000 | R   289.47 | 배송 25/50 | 미활동 0 | 2홉+ 0.60 | 도달  879 | 차단  890
Ep 683 | Step 1000 | R   341.28 | 배송 27/50 | 미활동 0 | 2홉+ 0.64 | 도달  918 | 차단 1609
Ep 684 | Step 1000 | R   309.53 | 배송 25/50 | 미활동 0 | 2홉+ 0.65 | 도달  730 | 차단 1334
Ep 685 | Step 1000 | R   321.28 | 배송 24/50 | 미활동 0 | 2홉+ 0.50 | 도달  949 | 차단  721
Ep 686 | Step 1000 | R   288.88 | 배송 26/50 | 미활동 0 | 2홉+ 0.60 | 도달  733 | 차단 1465
Ep 687 | Step 1000 | R   191.44 | 배송 21/50 | 미활동 0 | 2홉+ 0.70 | 도달 1059 | 차단 1858
Ep 688 | Step 1000 | R   249.21 | 배송 20/50 | 미활동 0 | 2홉+ 0.54 | 도달  904 | 차단 1956
Ep 689 | Step 1000 | R   297.64 | 배송 25/50 | 미활동 0 | 2홉+ 0.58 | 도달  805 | 차단 1908
Ep 690 | Step 1000 | R   218.36 | 배송 20/50 | 미활동 0 | 2홉+ 0.52 | 도달  684 | 차단 2000
Ep 691 | Step 1000 | R   311.01 | 배송 24/50 | 미활동 0 | 2홉+ 0.53 | 도달  854 | 차단  876
Ep 692 | Step 1000 | R   324.44 | 배송 27/50 | 미활동 0 | 2홉+ 0.66 | 도달  877 | 차단 1949
Ep 693 | Step 1000 | R   226.99 | 배송 22/50 | 미활동 0 | 2홉+ 0.65 | 도달  845 | 차단 2051
Ep 694 | Step 1000 | R   234.74 | 배송 21/50 | 미활동 0 | 2홉+ 0.50 | 도달  699 | 차단 1605
Ep 695 | Step 1000 | R   239.59 | 배송 23/50 | 미활동 0 | 2홉+ 0.66 | 도달  938 | 차단 2418
Ep 696 | Step 1000 | R   286.37 | 배송 24/50 | 미활동 0 | 2홉+ 0.61 | 도달  859 | 차단 2208
Ep 697 | Step 1000 | R   300.24 | 배송 27/50 | 미활동 0 | 2홉+ 0.63 | 도달  821 | 차단 1590
Ep 698 | Step 1000 | R   203.32 | 배송 19/50 | 미활동 0 | 2홉+ 0.60 | 도달  955 | 차단 1728
Ep 699 | Step 1000 | R   167.80 | 배송 18/50 | 미활동 0 | 2홉+ 0.50 | 도달  746 | 차단 1540
Ep 700 | Step 1000 | R   354.35 | 배송 25/50 | 미활동 0 | 2홉+ 0.67 | 도달  869 | 차단 1245
  [홀드아웃] 배송 7.2±3.3 미활동 1.00 2홉+ 0.72 도달 728 | 최고 12.8@ep600 | 정체 2/15
Ep 701 | Step 1000 | R   163.60 | 배송 18/50 | 미활동 0 | 2홉+ 0.54 | 도달  707 | 차단 1721
Ep 702 | Step 1000 | R   209.25 | 배송 21/50 | 미활동 0 | 2홉+ 0.50 | 도달  802 | 차단 1455
Ep 703 | Step 1000 | R   213.40 | 배송 22/50 | 미활동 0 | 2홉+ 0.50 | 도달  770 | 차단 1115
Ep 704 | Step 1000 | R   222.70 | 배송 22/50 | 미활동 0 | 2홉+ 0.67 | 도달  870 | 차단 2429
Ep 705 | Step 1000 | R   317.48 | 배송 25/50 | 미활동 0 | 2홉+ 0.54 | 도달  726 | 차단 1136
Ep 706 | Step 1000 | R   309.39 | 배송 26/50 | 미활동 0 | 2홉+ 0.66 | 도달  799 | 차단 2099
Ep 707 | Step 1000 | R   280.47 | 배송 25/50 | 미활동 0 | 2홉+ 0.60 | 도달  733 | 차단 1139
Ep 708 | Step 1000 | R   233.03 | 배송 21/50 | 미활동 0 | 2홉+ 0.58 | 도달  748 | 차단 1678
Ep 709 | Step 1000 | R   134.19 | 배송 17/50 | 미활동 0 | 2홉+ 0.65 | 도달  881 | 차단 1176
Ep 710 | Step 1000 | R   332.52 | 배송 27/50 | 미활동 0 | 2홉+ 0.67 | 도달  881 | 차단 1804
Ep 711 | Step 1000 | R   266.17 | 배송 24/50 | 미활동 0 | 2홉+ 0.66 | 도달  882 | 차단 1216
Ep 712 | Step 1000 | R   230.25 | 배송 21/50 | 미활동 0 | 2홉+ 0.61 | 도달  734 | 차단 1779
Ep 713 | Step 1000 | R   232.87 | 배송 21/50 | 미활동 0 | 2홉+ 0.47 | 도달  839 | 차단 1688
Ep 714 | Step 1000 | R   203.66 | 배송 20/50 | 미활동 0 | 2홉+ 0.68 | 도달  827 | 차단 2429
Ep 715 | Step 1000 | R   283.92 | 배송 26/50 | 미활동 0 | 2홉+ 0.69 | 도달  881 | 차단 1957
Ep 716 | Step 1000 | R   252.37 | 배송 22/50 | 미활동 0 | 2홉+ 0.59 | 도달  756 | 차단 1170
Ep 717 | Step 1000 | R   165.41 | 배송 19/50 | 미활동 0 | 2홉+ 0.54 | 도달  707 | 차단  924
Ep 718 | Step 1000 | R   121.99 | 배송 17/50 | 미활동 0 | 2홉+ 0.49 | 도달  649 | 차단 1801
Ep 719 | Step 1000 | R   269.12 | 배송 24/50 | 미활동 0 | 2홉+ 0.54 | 도달  765 | 차단 1392
Ep 720 | Step 1000 | R    80.78 | 배송 16/50 | 미활동 0 | 2홉+ 0.73 | 도달  955 | 차단 2892
Ep 721 | Step 1000 | R   255.94 | 배송 23/50 | 미활동 0 | 2홉+ 0.59 | 도달  729 | 차단 1505
Ep 722 | Step 1000 | R   205.72 | 배송 21/50 | 미활동 0 | 2홉+ 0.52 | 도달  681 | 차단 1594
Ep 723 | Step 1000 | R   176.64 | 배송 17/50 | 미활동 0 | 2홉+ 0.46 | 도달  708 | 차단  589
Ep 724 | Step 1000 | R    22.86 | 배송 10/50 | 미활동 0 | 2홉+ 0.72 | 도달 1074 | 차단 2858
Ep 725 | Step 1000 | R   253.66 | 배송 23/50 | 미활동 0 | 2홉+ 0.64 | 도달  901 | 차단 1936
Ep 726 | Step 1000 | R   116.56 | 배송 16/50 | 미활동 0 | 2홉+ 0.59 | 도달  749 | 차단 1461
Ep 727 | Step 1000 | R   143.86 | 배송 18/50 | 미활동 0 | 2홉+ 0.50 | 도달  707 | 차단 1593
Ep 728 | Step 1000 | R   140.09 | 배송 17/50 | 미활동 0 | 2홉+ 0.48 | 도달  557 | 차단 2403
Ep 729 | Step 1000 | R   246.74 | 배송 20/50 | 미활동 0 | 2홉+ 0.62 | 도달  713 | 차단 2152
Ep 730 | Step 1000 | R   229.50 | 배송 20/50 | 미활동 0 | 2홉+ 0.43 | 도달  711 | 차단 1417
Ep 731 | Step 1000 | R   222.48 | 배송 20/50 | 미활동 0 | 2홉+ 0.62 | 도달  889 | 차단 1647
Ep 732 | Step 1000 | R   170.86 | 배송 18/50 | 미활동 0 | 2홉+ 0.63 | 도달  581 | 차단 1498
Ep 733 | Step 1000 | R   187.42 | 배송 20/50 | 미활동 0 | 2홉+ 0.50 | 도달  750 | 차단 1541
Ep 734 | Step 1000 | R   241.57 | 배송 21/50 | 미활동 0 | 2홉+ 0.62 | 도달  725 | 차단 1735
Ep 735 | Step 1000 | R   191.28 | 배송 19/50 | 미활동 0 | 2홉+ 0.67 | 도달  826 | 차단 2381
Ep 736 | Step 1000 | R   117.26 | 배송 16/50 | 미활동 0 | 2홉+ 0.62 | 도달 1030 | 차단 1290
Ep 737 | Step 1000 | R   328.90 | 배송 26/50 | 미활동 0 | 2홉+ 0.51 | 도달  797 | 차단 1605
Ep 738 | Step 1000 | R   201.68 | 배송 19/50 | 미활동 0 | 2홉+ 0.50 | 도달  776 | 차단 2071
Ep 739 | Step 1000 | R   359.06 | 배송 28/50 | 미활동 0 | 2홉+ 0.59 | 도달  858 | 차단 1319
Ep 740 | Step 1000 | R   241.75 | 배송 22/50 | 미활동 0 | 2홉+ 0.49 | 도달  779 | 차단 1388
Ep 741 | Step 1000 | R   159.51 | 배송 18/50 | 미활동 0 | 2홉+ 0.39 | 도달  646 | 차단 1671
Ep 742 | Step 1000 | R   218.24 | 배송 21/50 | 미활동 0 | 2홉+ 0.58 | 도달  729 | 차단 2269
Ep 743 | Step 1000 | R   219.36 | 배송 21/50 | 미활동 0 | 2홉+ 0.58 | 도달  756 | 차단 2000
Ep 744 | Step 1000 | R   314.73 | 배송 24/50 | 미활동 0 | 2홉+ 0.55 | 도달  798 | 차단 1063
Ep 745 | Step 1000 | R   374.66 | 배송 27/50 | 미활동 0 | 2홉+ 0.50 | 도달  731 | 차단 1268
Ep 746 | Step 1000 | R   285.76 | 배송 26/50 | 미활동 0 | 2홉+ 0.51 | 도달  739 | 차단 1580
Ep 747 | Step 1000 | R   335.34 | 배송 25/50 | 미활동 0 | 2홉+ 0.67 | 도달  964 | 차단 2105
Ep 748 | Step 1000 | R   162.62 | 배송 18/50 | 미활동 0 | 2홉+ 0.52 | 도달  676 | 차단 1818
Ep 749 | Step 1000 | R   217.02 | 배송 20/50 | 미활동 0 | 2홉+ 0.53 | 도달  754 | 차단 1892
Ep 750 | Step 1000 | R   204.11 | 배송 20/50 | 미활동 0 | 2홉+ 0.42 | 도달  731 | 차단  939
  [홀드아웃] 배송 9.7±4.1 미활동 0.50 2홉+ 0.66 도달 720 | 최고 12.8@ep600 | 정체 3/15
Ep 751 | Step 1000 | R   256.31 | 배송 23/50 | 미활동 0 | 2홉+ 0.46 | 도달  731 | 차단 1745
Ep 752 | Step 1000 | R   311.98 | 배송 25/50 | 미활동 0 | 2홉+ 0.56 | 도달  953 | 차단 1855
Ep 753 | Step 1000 | R   256.19 | 배송 23/50 | 미활동 0 | 2홉+ 0.50 | 도달  784 | 차단 1814
Ep 754 | Step 1000 | R   334.41 | 배송 27/50 | 미활동 0 | 2홉+ 0.59 | 도달  794 | 차단  971
Ep 755 | Step 1000 | R   144.00 | 배송 17/50 | 미활동 0 | 2홉+ 0.56 | 도달  739 | 차단 2225
Ep 756 | Step 1000 | R   221.37 | 배송 20/50 | 미활동 0 | 2홉+ 0.54 | 도달  700 | 차단 1389
Ep 757 | Step 1000 | R   265.17 | 배송 22/50 | 미활동 0 | 2홉+ 0.59 | 도달  711 | 차단 1961
Ep 758 | Step 1000 | R   271.65 | 배송 23/50 | 미활동 0 | 2홉+ 0.67 | 도달  939 | 차단 2267
Ep 759 | Step 1000 | R   407.80 | 배송 30/50 | 미활동 0 | 2홉+ 0.59 | 도달  964 | 차단 1264
Ep 760 | Step 1000 | R   155.15 | 배송 19/50 | 미활동 0 | 2홉+ 0.69 | 도달  976 | 차단 2497
Ep 761 | Step 1000 | R   233.41 | 배송 22/50 | 미활동 0 | 2홉+ 0.55 | 도달  888 | 차단 2038
Ep 762 | Step 1000 | R    41.70 | 배송 12/50 | 미활동 0 | 2홉+ 0.72 | 도달  872 | 차단 2807
Ep 763 | Step 1000 | R   315.50 | 배송 26/50 | 미활동 0 | 2홉+ 0.57 | 도달  801 | 차단 1881
Ep 764 | Step 1000 | R   177.73 | 배송 20/50 | 미활동 0 | 2홉+ 0.65 | 도달  780 | 차단 2420
Ep 765 | Step 1000 | R   223.42 | 배송 21/50 | 미활동 0 | 2홉+ 0.59 | 도달  855 | 차단 2151
Ep 766 | Step 1000 | R   378.50 | 배송 27/50 | 미활동 0 | 2홉+ 0.58 | 도달  863 | 차단 1367
Ep 767 | Step 1000 | R   329.00 | 배송 26/50 | 미활동 0 | 2홉+ 0.54 | 도달  895 | 차단 1738
Ep 768 | Step 1000 | R   299.84 | 배송 24/50 | 미활동 0 | 2홉+ 0.62 | 도달  954 | 차단 1729
Ep 769 | Step 1000 | R   155.19 | 배송 19/50 | 미활동 0 | 2홉+ 0.60 | 도달  841 | 차단 1725
Ep 770 | Step 1000 | R    46.05 | 배송 12/50 | 미활동 1 | 2홉+ 0.54 | 도달  593 | 차단 2766
Ep 771 | Step 1000 | R   239.31 | 배송 21/50 | 미활동 0 | 2홉+ 0.58 | 도달  804 | 차단 1323
Ep 772 | Step 1000 | R   184.33 | 배송 20/50 | 미활동 0 | 2홉+ 0.53 | 도달  686 | 차단 2197
Ep 773 | Step 1000 | R   310.85 | 배송 25/50 | 미활동 0 | 2홉+ 0.61 | 도달  722 | 차단 1326
Ep 774 | Step 1000 | R   225.26 | 배송 20/50 | 미활동 0 | 2홉+ 0.62 | 도달  758 | 차단 1654
Ep 775 | Step 1000 | R   186.24 | 배송 18/50 | 미활동 0 | 2홉+ 0.47 | 도달  656 | 차단  720
Ep 776 | Step 1000 | R   187.41 | 배송 20/50 | 미활동 0 | 2홉+ 0.63 | 도달  802 | 차단 1551
Ep 777 | Step 1000 | R   249.44 | 배송 20/50 | 미활동 0 | 2홉+ 0.44 | 도달  670 | 차단 1904
Ep 778 | Step 1000 | R   143.50 | 배송 17/50 | 미활동 0 | 2홉+ 0.57 | 도달  721 | 차단 2237
Ep 779 | Step 1000 | R   303.24 | 배송 25/50 | 미활동 0 | 2홉+ 0.61 | 도달  726 | 차단 1890
Ep 780 | Step 1000 | R   172.20 | 배송 16/50 | 미활동 0 | 2홉+ 0.63 | 도달  761 | 차단 1900
Ep 781 | Step 1000 | R   236.32 | 배송 22/50 | 미활동 0 | 2홉+ 0.59 | 도달  795 | 차단 1441
Ep 782 | Step 1000 | R   244.69 | 배송 22/50 | 미활동 0 | 2홉+ 0.50 | 도달  734 | 차단 1740
Ep 783 | Step 1000 | R   174.66 | 배송 19/50 | 미활동 0 | 2홉+ 0.70 | 도달  886 | 차단 1802
Ep 784 | Step 1000 | R   101.30 | 배송 16/50 | 미활동 0 | 2홉+ 0.49 | 도달  673 | 차단 2316
Ep 785 | Step 1000 | R   202.48 | 배송 20/50 | 미활동 0 | 2홉+ 0.70 | 도달  836 | 차단 2330
Ep 786 | Step 1000 | R   243.41 | 배송 19/50 | 미활동 0 | 2홉+ 0.43 | 도달  641 | 차단 1520
Ep 787 | Step 1000 | R   314.69 | 배송 26/50 | 미활동 0 | 2홉+ 0.64 | 도달  792 | 차단 1686
Ep 788 | Step 1000 | R   181.23 | 배송 20/50 | 미활동 0 | 2홉+ 0.60 | 도달  791 | 차단 2402
Ep 789 | Step 1000 | R   195.50 | 배송 17/50 | 미활동 0 | 2홉+ 0.59 | 도달  785 | 차단 1495
Ep 790 | Step 1000 | R   170.39 | 배송 18/50 | 미활동 0 | 2홉+ 0.37 | 도달  659 | 차단 1134
Ep 791 | Step 1000 | R   220.68 | 배송 23/50 | 미활동 0 | 2홉+ 0.60 | 도달  645 | 차단 1691
Ep 792 | Step 1000 | R   165.16 | 배송 18/50 | 미활동 0 | 2홉+ 0.56 | 도달  618 | 차단 1345
Ep 793 | Step 1000 | R   204.14 | 배송 21/50 | 미활동 0 | 2홉+ 0.46 | 도달  694 | 차단 1595
Ep 794 | Step 1000 | R   210.63 | 배송 18/50 | 미활동 0 | 2홉+ 0.48 | 도달  649 | 차단 1129
Ep 795 | Step 1000 | R   262.40 | 배송 24/50 | 미활동 0 | 2홉+ 0.51 | 도달  673 | 차단 1092
Ep 796 | Step 1000 | R   351.11 | 배송 25/50 | 미활동 0 | 2홉+ 0.54 | 도달  786 | 차단 1245
Ep 797 | Step 1000 | R   301.51 | 배송 27/50 | 미활동 0 | 2홉+ 0.64 | 도달  875 | 차단 1445
Ep 798 | Step 1000 | R   265.47 | 배송 24/50 | 미활동 0 | 2홉+ 0.56 | 도달  924 | 차단 1344
Ep 799 | Step 1000 | R   310.14 | 배송 26/50 | 미활동 0 | 2홉+ 0.63 | 도달  714 | 차단  639
Ep 800 | Step 1000 | R   358.27 | 배송 29/50 | 미활동 0 | 2홉+ 0.55 | 도달  885 | 차단 1287
  [홀드아웃] 배송 6.3±2.6 미활동 0.50 2홉+ 0.70 도달 673 | 최고 12.8@ep600 | 정체 4/15
Ep 801 | Step 1000 | R   290.92 | 배송 23/50 | 미활동 0 | 2홉+ 0.57 | 도달  728 | 차단 1727
Ep 802 | Step 1000 | R   125.96 | 배송 18/50 | 미활동 0 | 2홉+ 0.46 | 도달  700 | 차단 1669
Ep 803 | Step 1000 | R   204.06 | 배송 19/50 | 미활동 0 | 2홉+ 0.47 | 도달  645 | 차단 1961
Ep 804 | Step 1000 | R   339.79 | 배송 27/50 | 미활동 0 | 2홉+ 0.52 | 도달  687 | 차단  893
Ep 805 | Step 1000 | R   262.09 | 배송 23/50 | 미활동 0 | 2홉+ 0.53 | 도달  753 | 차단 1284
Ep 806 | Step 1000 | R   296.75 | 배송 24/50 | 미활동 0 | 2홉+ 0.63 | 도달  944 | 차단 1761
Ep 807 | Step 1000 | R   242.38 | 배송 19/50 | 미활동 0 | 2홉+ 0.50 | 도달  735 | 차단 1827
Ep 808 | Step 1000 | R   249.97 | 배송 22/50 | 미활동 0 | 2홉+ 0.58 | 도달  713 | 차단 1050
Ep 809 | Step 1000 | R   332.82 | 배송 26/50 | 미활동 0 | 2홉+ 0.52 | 도달  740 | 차단 1064
Ep 810 | Step 1000 | R   272.48 | 배송 24/50 | 미활동 0 | 2홉+ 0.58 | 도달  738 | 차단 1224
Ep 811 | Step 1000 | R   133.73 | 배송 18/50 | 미활동 0 | 2홉+ 0.66 | 도달  789 | 차단 1767
Ep 812 | Step 1000 | R   204.02 | 배송 19/50 | 미활동 0 | 2홉+ 0.55 | 도달  800 | 차단 2028
Ep 813 | Step 1000 | R   370.61 | 배송 30/50 | 미활동 0 | 2홉+ 0.60 | 도달  926 | 차단 1030
Ep 814 | Step 1000 | R   235.27 | 배송 21/50 | 미활동 0 | 2홉+ 0.40 | 도달  681 | 차단 1561
Ep 815 | Step 1000 | R   361.93 | 배송 26/50 | 미활동 0 | 2홉+ 0.56 | 도달  805 | 차단 1185
Ep 816 | Step 1000 | R   163.87 | 배송 17/50 | 미활동 0 | 2홉+ 0.53 | 도달  679 | 차단 1594
Ep 817 | Step 1000 | R    90.97 | 배송 15/50 | 미활동 0 | 2홉+ 0.67 | 도달 1071 | 차단 2201
Ep 818 | Step 1000 | R   214.15 | 배송 21/50 | 미활동 0 | 2홉+ 0.51 | 도달  783 | 차단 1225
Ep 819 | Step 1000 | R   269.16 | 배송 19/50 | 미활동 0 | 2홉+ 0.44 | 도달  657 | 차단  533
Ep 820 | Step 1000 | R   229.74 | 배송 19/50 | 미활동 0 | 2홉+ 0.54 | 도달  711 | 차단 1143
Ep 821 | Step 1000 | R   269.28 | 배송 24/50 | 미활동 0 | 2홉+ 0.57 | 도달  793 | 차단 1418
Ep 822 | Step 1000 | R   294.19 | 배송 25/50 | 미활동 0 | 2홉+ 0.55 | 도달  768 | 차단  693
Ep 823 | Step 1000 | R   224.33 | 배송 19/50 | 미활동 0 | 2홉+ 0.50 | 도달  793 | 차단 1240
Ep 824 | Step 1000 | R   225.06 | 배송 20/50 | 미활동 0 | 2홉+ 0.42 | 도달  790 | 차단 1325
Ep 825 | Step 1000 | R   232.98 | 배송 20/50 | 미활동 0 | 2홉+ 0.56 | 도달  784 | 차단 1369
Ep 826 | Step 1000 | R   129.57 | 배송 18/50 | 미활동 0 | 2홉+ 0.56 | 도달  851 | 차단 1548
Ep 827 | Step 1000 | R   315.34 | 배송 22/50 | 미활동 0 | 2홉+ 0.60 | 도달  740 | 차단 1724
Ep 828 | Step 1000 | R   304.67 | 배송 24/50 | 미활동 0 | 2홉+ 0.47 | 도달  806 | 차단 1356
Ep 829 | Step 1000 | R   315.27 | 배송 26/50 | 미활동 0 | 2홉+ 0.55 | 도달  813 | 차단 1484
Ep 830 | Step 1000 | R   345.51 | 배송 27/50 | 미활동 0 | 2홉+ 0.62 | 도달  882 | 차단 1096
Ep 831 | Step 1000 | R   260.41 | 배송 23/50 | 미활동 0 | 2홉+ 0.56 | 도달  917 | 차단 1125
Ep 832 | Step 1000 | R   258.76 | 배송 22/50 | 미활동 0 | 2홉+ 0.46 | 도달  689 | 차단 1108
Ep 833 | Step 1000 | R   236.06 | 배송 22/50 | 미활동 0 | 2홉+ 0.68 | 도달  839 | 차단 1904
Ep 834 | Step 1000 | R   231.36 | 배송 20/50 | 미활동 0 | 2홉+ 0.59 | 도달  660 | 차단 1236
Ep 835 | Step 1000 | R   274.71 | 배송 22/50 | 미활동 0 | 2홉+ 0.60 | 도달  917 | 차단 1776
Ep 836 | Step 1000 | R   197.08 | 배송 19/50 | 미활동 0 | 2홉+ 0.35 | 도달  722 | 차단  420
Ep 837 | Step 1000 | R   262.67 | 배송 20/50 | 미활동 0 | 2홉+ 0.56 | 도달  689 | 차단 1289
Ep 838 | Step 1000 | R   243.65 | 배송 22/50 | 미활동 0 | 2홉+ 0.64 | 도달  757 | 차단 1922
Ep 839 | Step 1000 | R   169.84 | 배송 18/50 | 미활동 0 | 2홉+ 0.37 | 도달  652 | 차단 1654
Ep 840 | Step 1000 | R   246.16 | 배송 24/50 | 미활동 0 | 2홉+ 0.69 | 도달  707 | 차단 2117
Ep 841 | Step 1000 | R   241.70 | 배송 21/50 | 미활동 0 | 2홉+ 0.49 | 도달  624 | 차단 1063
Ep 842 | Step 1000 | R   249.50 | 배송 22/50 | 미활동 0 | 2홉+ 0.57 | 도달  761 | 차단 1190
Ep 843 | Step 1000 | R   322.31 | 배송 26/50 | 미활동 0 | 2홉+ 0.46 | 도달  830 | 차단 1390
Ep 844 | Step 1000 | R   405.89 | 배송 31/50 | 미활동 0 | 2홉+ 0.60 | 도달  864 | 차단 1531
Ep 845 | Step 1000 | R   179.37 | 배송 19/50 | 미활동 0 | 2홉+ 0.56 | 도달  679 | 차단 1765
Ep 846 | Step 1000 | R   182.37 | 배송 19/50 | 미활동 0 | 2홉+ 0.43 | 도달  717 | 차단 1114
Ep 847 | Step 1000 | R   188.67 | 배송 18/50 | 미활동 0 | 2홉+ 0.52 | 도달  751 | 차단  989
Ep 848 | Step 1000 | R   243.23 | 배송 22/50 | 미활동 0 | 2홉+ 0.58 | 도달  848 | 차단 1580
Ep 849 | Step 1000 | R   169.76 | 배송 18/50 | 미활동 0 | 2홉+ 0.63 | 도달  750 | 차단 1578
Ep 850 | Step 1000 | R   265.37 | 배송 24/50 | 미활동 0 | 2홉+ 0.58 | 도달  816 | 차단 1543
  [홀드아웃] 배송 9.0±3.7 미활동 0.33 2홉+ 0.66 도달 656 | 최고 12.8@ep600 | 정체 5/15
Ep 851 | Step 1000 | R   345.24 | 배송 28/50 | 미활동 0 | 2홉+ 0.66 | 도달  938 | 차단 1483
Ep 852 | Step 1000 | R   168.79 | 배송 19/50 | 미활동 0 | 2홉+ 0.67 | 도달  739 | 차단 2261
Ep 853 | Step 1000 | R   383.64 | 배송 31/50 | 미활동 0 | 2홉+ 0.67 | 도달  862 | 차단  922
Ep 854 | Step 1000 | R   248.38 | 배송 23/50 | 미활동 0 | 2홉+ 0.60 | 도달  898 | 차단 1848
Ep 855 | Step 1000 | R   327.46 | 배송 26/50 | 미활동 0 | 2홉+ 0.55 | 도달  827 | 차단 1441
Ep 856 | Step 1000 | R   226.08 | 배송 21/50 | 미활동 0 | 2홉+ 0.70 | 도달  717 | 차단 1961
Ep 857 | Step 1000 | R   264.86 | 배송 23/50 | 미활동 0 | 2홉+ 0.61 | 도달  859 | 차단 1478
Ep 858 | Step 1000 | R   215.21 | 배송 20/50 | 미활동 0 | 2홉+ 0.46 | 도달  743 | 차단  869
Ep 859 | Step 1000 | R    84.14 | 배송 17/50 | 미활동 0 | 2홉+ 0.52 | 도달  793 | 차단 3300
Ep 860 | Step 1000 | R   281.45 | 배송 21/50 | 미활동 0 | 2홉+ 0.48 | 도달  741 | 차단 1146
Ep 861 | Step 1000 | R   344.74 | 배송 25/50 | 미활동 0 | 2홉+ 0.56 | 도달  751 | 차단 1546
Ep 862 | Step 1000 | R   314.65 | 배송 27/50 | 미활동 0 | 2홉+ 0.66 | 도달  854 | 차단 1820
Ep 863 | Step 1000 | R   317.59 | 배송 26/50 | 미활동 0 | 2홉+ 0.67 | 도달  831 | 차단 1736
Ep 864 | Step 1000 | R   134.68 | 배송 17/50 | 미활동 0 | 2홉+ 0.42 | 도달  685 | 차단  872
Ep 865 | Step 1000 | R   289.16 | 배송 26/50 | 미활동 0 | 2홉+ 0.48 | 도달  817 | 차단 1237
Ep 866 | Step 1000 | R   255.37 | 배송 22/50 | 미활동 0 | 2홉+ 0.55 | 도달  626 | 차단 1327
Ep 867 | Step 1000 | R   273.26 | 배송 22/50 | 미활동 0 | 2홉+ 0.60 | 도달  864 | 차단 1916
Ep 868 | Step 1000 | R   270.30 | 배송 25/50 | 미활동 0 | 2홉+ 0.62 | 도달  758 | 차단 1752
Ep 869 | Step 1000 | R   264.30 | 배송 24/50 | 미활동 0 | 2홉+ 0.54 | 도달  865 | 차단 2013
Ep 870 | Step 1000 | R   289.54 | 배송 25/50 | 미활동 0 | 2홉+ 0.54 | 도달  976 | 차단 1205
Ep 871 | Step 1000 | R   189.79 | 배송 19/50 | 미활동 0 | 2홉+ 0.34 | 도달  606 | 차단  896
Ep 872 | Step 1000 | R   270.00 | 배송 24/50 | 미활동 0 | 2홉+ 0.57 | 도달  768 | 차단 1410
Ep 873 | Step 1000 | R   169.66 | 배송 18/50 | 미활동 0 | 2홉+ 0.43 | 도달  655 | 차단  788
Ep 874 | Step 1000 | R   325.44 | 배송 26/50 | 미활동 0 | 2홉+ 0.53 | 도달  779 | 차단 1201
Ep 875 | Step 1000 | R   277.09 | 배송 22/50 | 미활동 0 | 2홉+ 0.52 | 도달  736 | 차단 1585
Ep 876 | Step 1000 | R   310.27 | 배송 25/50 | 미활동 0 | 2홉+ 0.50 | 도달  741 | 차단 1569
Ep 877 | Step 1000 | R   267.07 | 배송 24/50 | 미활동 0 | 2홉+ 0.65 | 도달  949 | 차단 1819
Ep 878 | Step 1000 | R   146.01 | 배송 18/50 | 미활동 0 | 2홉+ 0.41 | 도달  728 | 차단  963
Ep 879 | Step 1000 | R   147.01 | 배송 15/50 | 미활동 0 | 2홉+ 0.48 | 도달  547 | 차단 1134
Ep 880 | Step 1000 | R   205.15 | 배송 19/50 | 미활동 0 | 2홉+ 0.62 | 도달  633 | 차단 1819
Ep 881 | Step 1000 | R   231.54 | 배송 21/50 | 미활동 0 | 2홉+ 0.64 | 도달  801 | 차단 1619
Ep 882 | Step 1000 | R   340.34 | 배송 27/50 | 미활동 0 | 2홉+ 0.51 | 도달  718 | 차단 1099
Ep 883 | Step 1000 | R   252.84 | 배송 23/50 | 미활동 0 | 2홉+ 0.52 | 도달  763 | 차단 1876
Ep 884 | Step 1000 | R   299.49 | 배송 25/50 | 미활동 0 | 2홉+ 0.67 | 도달  853 | 차단 2212
Ep 885 | Step 1000 | R   241.71 | 배송 21/50 | 미활동 0 | 2홉+ 0.56 | 도달  663 | 차단 1095
Ep 886 | Step 1000 | R   283.23 | 배송 23/50 | 미활동 0 | 2홉+ 0.54 | 도달  850 | 차단 1349
Ep 887 | Step 1000 | R   280.50 | 배송 23/50 | 미활동 0 | 2홉+ 0.61 | 도달  919 | 차단 1951
Ep 888 | Step 1000 | R   326.48 | 배송 26/50 | 미활동 0 | 2홉+ 0.57 | 도달  807 | 차단 1210
Ep 889 | Step 1000 | R   320.22 | 배송 25/50 | 미활동 0 | 2홉+ 0.58 | 도달  880 | 차단 1234
Ep 890 | Step 1000 | R   156.34 | 배송 18/50 | 미활동 0 | 2홉+ 0.45 | 도달  611 | 차단 2277
Ep 891 | Step 1000 | R   306.26 | 배송 24/50 | 미활동 0 | 2홉+ 0.58 | 도달  780 | 차단 1430
Ep 892 | Step 1000 | R   155.98 | 배송 18/50 | 미활동 0 | 2홉+ 0.58 | 도달  631 | 차단 1622
Ep 893 | Step 1000 | R   409.24 | 배송 31/50 | 미활동 0 | 2홉+ 0.66 | 도달  899 | 차단 1410
Ep 894 | Step 1000 | R   302.60 | 배송 24/50 | 미활동 0 | 2홉+ 0.65 | 도달  705 | 차단 1391
Ep 895 | Step 1000 | R   318.26 | 배송 25/50 | 미활동 0 | 2홉+ 0.64 | 도달  807 | 차단 1186
Ep 896 | Step 1000 | R   293.78 | 배송 22/50 | 미활동 0 | 2홉+ 0.65 | 도달  671 | 차단  885
Ep 897 | Step 1000 | R   251.77 | 배송 23/50 | 미활동 0 | 2홉+ 0.49 | 도달  852 | 차단 1653
Ep 898 | Step 1000 | R   341.72 | 배송 27/50 | 미활동 0 | 2홉+ 0.54 | 도달  953 | 차단 1047
Ep 899 | Step 1000 | R    87.80 | 배송 15/50 | 미활동 0 | 2홉+ 0.67 | 도달  990 | 차단 2487
Ep 900 | Step 1000 | R   332.19 | 배송 26/50 | 미활동 0 | 2홉+ 0.51 | 도달  927 | 차단 1251
  [홀드아웃] 배송 10.8±3.7 미활동 0.50 2홉+ 0.62 도달 706 | 최고 12.8@ep600 | 정체 6/15
Ep 901 | Step 1000 | R   291.83 | 배송 24/50 | 미활동 0 | 2홉+ 0.64 | 도달  785 | 차단 1926
Ep 902 | Step 1000 | R   281.67 | 배송 25/50 | 미활동 0 | 2홉+ 0.56 | 도달  781 | 차단 1260
Ep 903 | Step 1000 | R   233.08 | 배송 21/50 | 미활동 0 | 2홉+ 0.53 | 도달  880 | 차단 1444
Ep 904 | Step 1000 | R   261.20 | 배송 23/50 | 미활동 0 | 2홉+ 0.58 | 도달  805 | 차단 1180
Ep 905 | Step 1000 | R   330.31 | 배송 24/50 | 미활동 0 | 2홉+ 0.68 | 도달 1074 | 차단 1934
Ep 906 | Step 1000 | R   371.99 | 배송 30/50 | 미활동 0 | 2홉+ 0.60 | 도달  792 | 차단 1394
Ep 907 | Step 1000 | R   284.59 | 배송 23/50 | 미활동 0 | 2홉+ 0.62 | 도달  694 | 차단 1849
Ep 908 | Step 1000 | R   261.49 | 배송 22/50 | 미활동 0 | 2홉+ 0.66 | 도달  837 | 차단 2155
Ep 909 | Step 1000 | R   259.21 | 배송 23/50 | 미활동 0 | 2홉+ 0.55 | 도달  711 | 차단 1516
Ep 910 | Step 1000 | R   395.43 | 배송 30/50 | 미활동 0 | 2홉+ 0.59 | 도달  926 | 차단 1781
Ep 911 | Step 1000 | R   186.45 | 배송 21/50 | 미활동 0 | 2홉+ 0.66 | 도달  968 | 차단 2321
Ep 912 | Step 1000 | R   263.48 | 배송 24/50 | 미활동 0 | 2홉+ 0.58 | 도달  813 | 차단 1748
Ep 913 | Step 1000 | R   255.74 | 배송 23/50 | 미활동 0 | 2홉+ 0.59 | 도달  852 | 차단 1758
Ep 914 | Step 1000 | R   282.67 | 배송 26/50 | 미활동 0 | 2홉+ 0.65 | 도달  715 | 차단 1555
Ep 915 | Step 1000 | R   261.87 | 배송 25/50 | 미활동 0 | 2홉+ 0.68 | 도달  951 | 차단 2077
Ep 916 | Step 1000 | R   184.95 | 배송 19/50 | 미활동 0 | 2홉+ 0.70 | 도달  740 | 차단 1475
Ep 917 | Step 1000 | R   291.97 | 배송 24/50 | 미활동 0 | 2홉+ 0.64 | 도달  814 | 차단 1869
Ep 918 | Step 1000 | R   149.43 | 배송 18/50 | 미활동 0 | 2홉+ 0.42 | 도달  703 | 차단 1111
Ep 919 | Step 1000 | R   255.93 | 배송 23/50 | 미활동 0 | 2홉+ 0.61 | 도달  830 | 차단 1606
Ep 920 | Step 1000 | R   339.53 | 배송 29/50 | 미활동 0 | 2홉+ 0.66 | 도달  808 | 차단 2009
Ep 921 | Step 1000 | R   223.47 | 배송 18/50 | 미활동 0 | 2홉+ 0.50 | 도달  613 | 차단  748
Ep 922 | Step 1000 | R   385.41 | 배송 31/50 | 미활동 0 | 2홉+ 0.62 | 도달  942 | 차단 1228
Ep 923 | Step 1000 | R   238.55 | 배송 22/50 | 미활동 0 | 2홉+ 0.47 | 도달  760 | 차단 1927
Ep 924 | Step 1000 | R   216.10 | 배송 20/50 | 미활동 0 | 2홉+ 0.48 | 도달  591 | 차단 1792
Ep 925 | Step 1000 | R   226.77 | 배송 22/50 | 미활동 0 | 2홉+ 0.51 | 도달  704 | 차단 2285
Ep 926 | Step 1000 | R   139.96 | 배송 18/50 | 미활동 0 | 2홉+ 0.66 | 도달  816 | 차단 2840
Ep 927 | Step 1000 | R   316.77 | 배송 23/50 | 미활동 0 | 2홉+ 0.68 | 도달  879 | 차단 2044
Ep 928 | Step 1000 | R    52.64 | 배송 14/50 | 미활동 0 | 2홉+ 0.73 | 도달  982 | 차단 3290
Ep 929 | Step 1000 | R   289.64 | 배송 25/50 | 미활동 0 | 2홉+ 0.54 | 도달  773 | 차단  982
Ep 930 | Step 1000 | R   223.71 | 배송 21/50 | 미활동 0 | 2홉+ 0.52 | 도달  712 | 차단 1987
Ep 931 | Step 1000 | R   286.55 | 배송 24/50 | 미활동 0 | 2홉+ 0.54 | 도달  730 | 차단 1016
Ep 932 | Step 1000 | R   258.24 | 배송 21/50 | 미활동 0 | 2홉+ 0.57 | 도달  712 | 차단 2180
Ep 933 | Step 1000 | R   318.60 | 배송 26/50 | 미활동 0 | 2홉+ 0.68 | 도달  827 | 차단 2123
Ep 934 | Step 1000 | R   209.36 | 배송 19/50 | 미활동 0 | 2홉+ 0.56 | 도달  741 | 차단 1822
Ep 935 | Step 1000 | R    70.31 | 배송 14/50 | 미활동 0 | 2홉+ 0.70 | 도달 1074 | 차단 2409
Ep 936 | Step 1000 | R   340.83 | 배송 27/50 | 미활동 0 | 2홉+ 0.54 | 도달  801 | 차단 1042
Ep 937 | Step 1000 | R   308.51 | 배송 25/50 | 미활동 0 | 2홉+ 0.62 | 도달  771 | 차단 2008
Ep 938 | Step 1000 | R   256.05 | 배송 22/50 | 미활동 0 | 2홉+ 0.56 | 도달  862 | 차단 1151
Ep 939 | Step 1000 | R   249.50 | 배송 23/50 | 미활동 0 | 2홉+ 0.52 | 도달  854 | 차단 1846
Ep 940 | Step 1000 | R   383.61 | 배송 28/50 | 미활동 0 | 2홉+ 0.62 | 도달  859 | 차단 1528
Ep 941 | Step 1000 | R   382.13 | 배송 28/50 | 미활동 0 | 2홉+ 0.59 | 도달  958 | 차단 1144
Ep 942 | Step 1000 | R   411.42 | 배송 30/50 | 미활동 0 | 2홉+ 0.65 | 도달  888 | 차단 1228
Ep 943 | Step 1000 | R   349.81 | 배송 24/50 | 미활동 0 | 2홉+ 0.56 | 도달  852 | 차단 1191
Ep 944 | Step 1000 | R   373.22 | 배송 29/50 | 미활동 0 | 2홉+ 0.63 | 도달  952 | 차단 1199
Ep 945 | Step 1000 | R   266.82 | 배송 21/50 | 미활동 0 | 2홉+ 0.66 | 도달 1074 | 차단 1965
Ep 946 | Step 1000 | R   254.31 | 배송 19/50 | 미활동 0 | 2홉+ 0.63 | 도달  980 | 차단 1332
Ep 947 | Step 1000 | R   120.19 | 배송 16/50 | 미활동 0 | 2홉+ 0.43 | 도달  690 | 차단 1447
Ep 948 | Step 1000 | R   313.45 | 배송 27/50 | 미활동 0 | 2홉+ 0.60 | 도달  711 | 차단  779
Ep 949 | Step 1000 | R   226.31 | 배송 20/50 | 미활동 0 | 2홉+ 0.67 | 도달  960 | 차단 1592
Ep 950 | Step 1000 | R   358.21 | 배송 29/50 | 미활동 0 | 2홉+ 0.58 | 도달  873 | 차단 1441
  [홀드아웃] 배송 9.8±4.6 미활동 0.00 2홉+ 0.67 도달 699 | 최고 12.8@ep600 | 정체 7/15
Ep 951 | Step 1000 | R    22.79 | 배송 10/50 | 미활동 0 | 2홉+ 0.73 | 도달 1005 | 차단 2831
Ep 952 | Step 1000 | R   247.69 | 배송 23/50 | 미활동 0 | 2홉+ 0.51 | 도달  771 | 차단 2143
Ep 953 | Step 1000 | R   333.11 | 배송 26/50 | 미활동 0 | 2홉+ 0.49 | 도달  724 | 차단 1101
Ep 954 | Step 1000 | R   360.66 | 배송 30/50 | 미활동 0 | 2홉+ 0.65 | 도달  939 | 차단 1754
Ep 955 | Step 1000 | R   274.95 | 배송 22/50 | 미활동 0 | 2홉+ 0.55 | 도달  730 | 차단 1410
Ep 956 | Step 1000 | R   214.16 | 배송 22/50 | 미활동 0 | 2홉+ 0.58 | 도달  906 | 차단 1823
Ep 957 | Step 1000 | R   346.76 | 배송 25/50 | 미활동 0 | 2홉+ 0.60 | 도달  830 | 차단 1484
Ep 958 | Step 1000 | R   251.60 | 배송 22/50 | 미활동 0 | 2홉+ 0.58 | 도달  634 | 차단 1177
Ep 959 | Step 1000 | R   266.41 | 배송 23/50 | 미활동 0 | 2홉+ 0.60 | 도달  913 | 차단 1134
Ep 960 | Step 1000 | R   314.51 | 배송 26/50 | 미활동 0 | 2홉+ 0.65 | 도달  832 | 차단 1847
Ep 961 | Step 1000 | R   372.19 | 배송 29/50 | 미활동 0 | 2홉+ 0.52 | 도달  812 | 차단  704
Ep 962 | Step 1000 | R   205.13 | 배송 19/50 | 미활동 0 | 2홉+ 0.49 | 도달  748 | 차단 1777
Ep 963 | Step 1000 | R   269.13 | 배송 25/50 | 미활동 0 | 2홉+ 0.48 | 도달  727 | 차단 1897
Ep 964 | Step 1000 | R   214.39 | 배송 20/50 | 미활동 0 | 2홉+ 0.62 | 도달  967 | 차단 1902
Ep 965 | Step 1000 | R   192.09 | 배송 20/50 | 미활동 0 | 2홉+ 0.36 | 도달  688 | 차단 1366
Ep 966 | Step 1000 | R   297.86 | 배송 24/50 | 미활동 0 | 2홉+ 0.66 | 도달  704 | 차단 1780
Ep 967 | Step 1000 | R   200.83 | 배송 21/50 | 미활동 0 | 2홉+ 0.57 | 도달  845 | 차단 1629
Ep 968 | Step 1000 | R   258.51 | 배송 23/50 | 미활동 0 | 2홉+ 0.55 | 도달  893 | 차단 1413
Ep 969 | Step 1000 | R   253.91 | 배송 22/50 | 미활동 0 | 2홉+ 0.52 | 도달  682 | 차단 1122
Ep 970 | Step 1000 | R   269.24 | 배송 22/50 | 미활동 0 | 2홉+ 0.62 | 도달 1031 | 차단 1870
Ep 971 | Step 1000 | R   339.43 | 배송 27/50 | 미활동 0 | 2홉+ 0.54 | 도달  905 | 차단 1256
Ep 972 | Step 1000 | R   292.55 | 배송 23/50 | 미활동 0 | 2홉+ 0.51 | 도달  712 | 차단 1389
Ep 973 | Step 1000 | R   386.23 | 배송 28/50 | 미활동 0 | 2홉+ 0.59 | 도달  768 | 차단 1015
Ep 974 | Step 1000 | R   259.34 | 배송 19/50 | 미활동 0 | 2홉+ 0.55 | 도달  834 | 차단 1135
Ep 975 | Step 1000 | R   294.27 | 배송 23/50 | 미활동 0 | 2홉+ 0.51 | 도달  806 | 차단 1395
Ep 976 | Step 1000 | R   207.40 | 배송 20/50 | 미활동 0 | 2홉+ 0.69 | 도달  907 | 차단 2371
Ep 977 | Step 1000 | R   280.42 | 배송 26/50 | 미활동 0 | 2홉+ 0.56 | 도달  800 | 차단 1777
Ep 978 | Step 1000 | R   203.38 | 배송 21/50 | 미활동 0 | 2홉+ 0.54 | 도달  720 | 차단 1277
Ep 979 | Step 1000 | R   447.43 | 배송 31/50 | 미활동 0 | 2홉+ 0.64 | 도달 1005 | 차단 1647
Ep 980 | Step 1000 | R   285.52 | 배송 25/50 | 미활동 0 | 2홉+ 0.42 | 도달  711 | 차단 1151
Ep 981 | Step 1000 | R   324.54 | 배송 26/50 | 미활동 0 | 2홉+ 0.56 | 도달  969 | 차단 1368
Ep 982 | Step 1000 | R   325.16 | 배송 26/50 | 미활동 0 | 2홉+ 0.54 | 도달  811 | 차단 1193
Ep 983 | Step 1000 | R   242.91 | 배송 23/50 | 미활동 0 | 2홉+ 0.68 | 도달  890 | 차단 2189
Ep 984 | Step 1000 | R   267.33 | 배송 22/50 | 미활동 0 | 2홉+ 0.63 | 도달  882 | 차단 2222
Ep 985 | Step 1000 | R   261.82 | 배송 22/50 | 미활동 0 | 2홉+ 0.59 | 도달  859 | 차단 1230
Ep 986 | Step 1000 | R   264.46 | 배송 24/50 | 미활동 0 | 2홉+ 0.47 | 도달  599 | 차단 1394
Ep 987 | Step 1000 | R   424.95 | 배송 32/50 | 미활동 0 | 2홉+ 0.63 | 도달  952 | 차단 1559
Ep 988 | Step 1000 | R   441.58 | 배송 33/50 | 미활동 0 | 2홉+ 0.54 | 도달  904 | 차단 1128
Ep 989 | Step 1000 | R   335.18 | 배송 24/50 | 미활동 0 | 2홉+ 0.58 | 도달  767 | 차단 1619
Ep 990 | Step 1000 | R   317.40 | 배송 25/50 | 미활동 0 | 2홉+ 0.62 | 도달  873 | 차단 1036
Ep 991 | Step 1000 | R   425.29 | 배송 32/50 | 미활동 0 | 2홉+ 0.56 | 도달  929 | 차단 1474
Ep 992 | Step 1000 | R   289.70 | 배송 26/50 | 미활동 0 | 2홉+ 0.65 | 도달  834 | 차단 1389
Ep 993 | Step 1000 | R   196.06 | 배송 20/50 | 미활동 0 | 2홉+ 0.45 | 도달  835 | 차단 1461
Ep 994 | Step 1000 | R   244.06 | 배송 20/50 | 미활동 0 | 2홉+ 0.37 | 도달  844 | 차단 1332
Ep 995 | Step 1000 | R   269.53 | 배송 22/50 | 미활동 0 | 2홉+ 0.57 | 도달  890 | 차단  622
Ep 996 | Step 1000 | R   336.36 | 배송 27/50 | 미활동 0 | 2홉+ 0.61 | 도달  843 | 차단 1474
Ep 997 | Step 1000 | R   241.94 | 배송 20/50 | 미활동 0 | 2홉+ 0.65 | 도달  941 | 차단  875
Ep 998 | Step 1000 | R   200.67 | 배송 18/50 | 미활동 0 | 2홉+ 0.45 | 도달  617 | 차단 1608
Ep 999 | Step 1000 | R   254.67 | 배송 23/50 | 미활동 0 | 2홉+ 0.59 | 도달  840 | 차단 1604
Ep 1000 | Step 1000 | R   245.01 | 배송 22/50 | 미활동 0 | 2홉+ 0.58 | 도달  769 | 차단 1359
  [홀드아웃] 배송 11.0±4.2 미활동 0.50 2홉+ 0.60 도달 637 | 최고 12.8@ep600 | 정체 8/15
Ep 1001 | Step 1000 | R   264.55 | 배송 25/50 | 미활동 0 | 2홉+ 0.61 | 도달 1053 | 차단 1996
Ep 1002 | Step 1000 | R   319.42 | 배송 26/50 | 미활동 0 | 2홉+ 0.66 | 도달  934 | 차단 1355
Ep 1003 | Step 1000 | R   292.26 | 배송 23/50 | 미활동 0 | 2홉+ 0.61 | 도달  813 | 차단 1529
Ep 1004 | Step 1000 | R   244.21 | 배송 22/50 | 미활동 0 | 2홉+ 0.66 | 도달  881 | 차단 1902
Ep 1005 | Step 1000 | R   383.45 | 배송 28/50 | 미활동 0 | 2홉+ 0.59 | 도달  968 | 차단  997
Ep 1006 | Step 1000 | R   356.17 | 배송 28/50 | 미활동 0 | 2홉+ 0.60 | 도달  813 | 차단 1064
Ep 1007 | Step 1000 | R   260.87 | 배송 24/50 | 미활동 0 | 2홉+ 0.52 | 도달  743 | 차단 1784
Ep 1008 | Step 1000 | R   272.60 | 배송 24/50 | 미활동 0 | 2홉+ 0.67 | 도달  743 | 차단 2067
Ep 1009 | Step 1000 | R   159.03 | 배송 18/50 | 미활동 0 | 2홉+ 0.50 | 도달  887 | 차단 2159
Ep 1010 | Step 1000 | R   303.11 | 배송 24/50 | 미활동 0 | 2홉+ 0.50 | 도달  717 | 차단 1466
Ep 1011 | Step 1000 | R   264.95 | 배송 23/50 | 미활동 0 | 2홉+ 0.54 | 도달  913 | 차단 1145
Ep 1012 | Step 1000 | R   348.78 | 배송 29/50 | 미활동 0 | 2홉+ 0.62 | 도달  932 | 차단 1861
Ep 1013 | Step 1000 | R   222.59 | 배송 20/50 | 미활동 0 | 2홉+ 0.57 | 도달  775 | 차단 1725
Ep 1014 | Step 1000 | R   461.04 | 배송 32/50 | 미활동 0 | 2홉+ 0.59 | 도달  934 | 차단 1411
Ep 1015 | Step 1000 | R   348.14 | 배송 29/50 | 미활동 0 | 2홉+ 0.62 | 도달  872 | 차단 1775
Ep 1016 | Step 1000 | R   344.03 | 배송 27/50 | 미활동 0 | 2홉+ 0.44 | 도달  836 | 차단  634
Ep 1017 | Step 1000 | R   262.86 | 배송 25/50 | 미활동 0 | 2홉+ 0.66 | 도달  986 | 차단 1995
Ep 1018 | Step 1000 | R   339.95 | 배송 26/50 | 미활동 0 | 2홉+ 0.44 | 도달  804 | 차단  769
Ep 1019 | Step 1000 | R   285.95 | 배송 23/50 | 미활동 0 | 2홉+ 0.59 | 도달  864 | 차단 1681
Ep 1020 | Step 1000 | R   228.08 | 배송 21/50 | 미활동 0 | 2홉+ 0.64 | 도달  734 | 차단 1958
Ep 1021 | Step 1000 | R   159.42 | 배송 18/50 | 미활동 0 | 2홉+ 0.45 | 도달  787 | 차단 2103
Ep 1022 | Step 1000 | R   318.29 | 배송 26/50 | 미활동 0 | 2홉+ 0.66 | 도달  879 | 차단 1884
Ep 1023 | Step 1000 | R   313.12 | 배송 25/50 | 미활동 0 | 2홉+ 0.62 | 도달  789 | 차단 1588
Ep 1024 | Step 1000 | R   204.37 | 배송 19/50 | 미활동 0 | 2홉+ 0.54 | 도달  732 | 차단 1773
Ep 1025 | Step 1000 | R   365.79 | 배송 30/50 | 미활동 0 | 2홉+ 0.62 | 도달  856 | 차단 1549
Ep 1026 | Step 1000 | R   295.76 | 배송 24/50 | 미활동 0 | 2홉+ 0.53 | 도달  877 | 차단 1956
Ep 1027 | Step 1000 | R   351.59 | 배송 27/50 | 미활동 0 | 2홉+ 0.59 | 도달  811 | 차단  958
Ep 1028 | Step 1000 | R   295.42 | 배송 25/50 | 미활동 0 | 2홉+ 0.57 | 도달  855 | 차단 2104
Ep 1029 | Step 1000 | R   249.51 | 배송 23/50 | 미활동 0 | 2홉+ 0.69 | 도달  977 | 차단 2162
Ep 1030 | Step 1000 | R   334.58 | 배송 26/50 | 미활동 0 | 2홉+ 0.57 | 도달  833 | 차단 1150
Ep 1031 | Step 1000 | R   239.51 | 배송 23/50 | 미활동 0 | 2홉+ 0.69 | 도달  856 | 차단 2320
Ep 1032 | Step 1000 | R   384.31 | 배송 30/50 | 미활동 0 | 2홉+ 0.59 | 도달  753 | 차단 1055
Ep 1033 | Step 1000 | R   304.03 | 배송 25/50 | 미활동 0 | 2홉+ 0.50 | 도달  844 | 차단 1767
Ep 1034 | Step 1000 | R   295.14 | 배송 25/50 | 미활동 0 | 2홉+ 0.53 | 도달  792 | 차단 1065
Ep 1035 | Step 1000 | R   315.93 | 배송 28/50 | 미활동 0 | 2홉+ 0.62 | 도달  817 | 차단 1298
Ep 1036 | Step 1000 | R   225.52 | 배송 23/50 | 미활동 0 | 2홉+ 0.67 | 도달  806 | 차단 1710
Ep 1037 | Step 1000 | R   131.63 | 배송 18/50 | 미활동 0 | 2홉+ 0.63 | 도달  932 | 차단 1935
Ep 1038 | Step 1000 | R   303.97 | 배송 24/50 | 미활동 0 | 2홉+ 0.65 | 도달  759 | 차단 1371
Ep 1039 | Step 1000 | R   167.66 | 배송 17/50 | 미활동 0 | 2홉+ 0.53 | 도달  781 | 차단 1020
Ep 1040 | Step 1000 | R   340.97 | 배송 27/50 | 미활동 0 | 2홉+ 0.63 | 도달  839 | 차단 1356
Ep 1041 | Step 1000 | R   304.82 | 배송 25/50 | 미활동 0 | 2홉+ 0.54 | 도달  738 | 차단 1518
Ep 1042 | Step 1000 | R   258.42 | 배송 22/50 | 미활동 0 | 2홉+ 0.67 | 도달  756 | 차단 2403
Ep 1043 | Step 1000 | R   253.85 | 배송 23/50 | 미활동 0 | 2홉+ 0.69 | 도달  908 | 차단 1937
Ep 1044 | Step 1000 | R   333.20 | 배송 25/50 | 미활동 0 | 2홉+ 0.57 | 도달  750 | 차단  922
Ep 1045 | Step 1000 | R   245.56 | 배송 23/50 | 미활동 0 | 2홉+ 0.53 | 도달  695 | 차단 2002
Ep 1046 | Step 1000 | R   233.19 | 배송 22/50 | 미활동 0 | 2홉+ 0.43 | 도달  675 | 차단 2002
Ep 1047 | Step 1000 | R   219.96 | 배송 21/50 | 미활동 0 | 2홉+ 0.63 | 도달  808 | 차단 2122
Ep 1048 | Step 1000 | R   180.78 | 배송 18/50 | 미활동 0 | 2홉+ 0.23 | 도달  742 | 차단  334
Ep 1049 | Step 1000 | R   360.56 | 배송 27/50 | 미활동 0 | 2홉+ 0.59 | 도달  792 | 차단 1789
Ep 1050 | Step 1000 | R   209.41 | 배송 22/50 | 미활동 0 | 2홉+ 0.66 | 도달  840 | 차단 1801
  [홀드아웃] 배송 11.0±2.5 미활동 0.17 2홉+ 0.65 도달 707 | 최고 12.8@ep600 | 정체 9/15
Ep 1051 | Step 1000 | R   250.77 | 배송 23/50 | 미활동 0 | 2홉+ 0.68 | 도달  966 | 차단 1847
Ep 1052 | Step 1000 | R   188.12 | 배송 19/50 | 미활동 0 | 2홉+ 0.51 | 도달  719 | 차단 1489
Ep 1053 | Step 1000 | R   260.04 | 배송 21/50 | 미활동 0 | 2홉+ 0.49 | 도달  633 | 차단 2074
Ep 1054 | Step 1000 | R   212.51 | 배송 19/50 | 미활동 0 | 2홉+ 0.50 | 도달  764 | 차단 1644
Ep 1055 | Step 1000 | R   330.85 | 배송 27/50 | 미활동 0 | 2홉+ 0.70 | 도달  898 | 차단 1721
Ep 1056 | Step 1000 | R   456.15 | 배송 34/50 | 미활동 0 | 2홉+ 0.62 | 도달  881 | 차단 1170
Ep 1057 | Step 1000 | R   312.24 | 배송 25/50 | 미활동 0 | 2홉+ 0.49 | 도달  695 | 차단 1152
Ep 1058 | Step 1000 | R   380.27 | 배송 27/50 | 미활동 0 | 2홉+ 0.45 | 도달  845 | 차단 1428
Ep 1059 | Step 1000 | R   272.46 | 배송 24/50 | 미활동 0 | 2홉+ 0.51 | 도달  719 | 차단 1036
Ep 1060 | Step 1000 | R   303.22 | 배송 25/50 | 미활동 0 | 2홉+ 0.68 | 도달 1005 | 차단 1858
Ep 1061 | Step 1000 | R   338.70 | 배송 28/50 | 미활동 0 | 2홉+ 0.58 | 도달  750 | 차단 1783
Ep 1062 | Step 1000 | R   324.04 | 배송 25/50 | 미활동 0 | 2홉+ 0.56 | 도달  891 | 차단 1311
Ep 1063 | Step 1000 | R   328.37 | 배송 27/50 | 미활동 0 | 2홉+ 0.68 | 도달  826 | 차단 1886
Ep 1064 | Step 1000 | R   372.32 | 배송 26/50 | 미활동 0 | 2홉+ 0.67 | 도달  903 | 차단 1142
Ep 1065 | Step 1000 | R   390.25 | 배송 31/50 | 미활동 0 | 2홉+ 0.57 | 도달  770 | 차단 1185
Ep 1066 | Step 1000 | R   350.98 | 배송 28/50 | 미활동 0 | 2홉+ 0.64 | 도달 1044 | 차단 1483
Ep 1067 | Step 1000 | R   307.15 | 배송 22/50 | 미활동 0 | 2홉+ 0.65 | 도달  847 | 차단 2152
Ep 1068 | Step 1000 | R   196.65 | 배송 20/50 | 미활동 0 | 2홉+ 0.46 | 도달  717 | 차단 1104
Ep 1069 | Step 1000 | R   172.35 | 배송 19/50 | 미활동 0 | 2홉+ 0.42 | 도달  712 | 차단 2056
Ep 1070 | Step 1000 | R   414.19 | 배송 30/50 | 미활동 0 | 2홉+ 0.61 | 도달  815 | 차단 1032
Ep 1071 | Step 1000 | R   313.91 | 배송 27/50 | 미활동 0 | 2홉+ 0.58 | 도달  835 | 차단 1332
Ep 1072 | Step 1000 | R   264.10 | 배송 23/50 | 미활동 0 | 2홉+ 0.58 | 도달  764 | 차단 1015
Ep 1073 | Step 1000 | R   216.12 | 배송 19/50 | 미활동 0 | 2홉+ 0.47 | 도달  692 | 차단 1736
Ep 1074 | Step 1000 | R   315.06 | 배송 25/50 | 미활동 0 | 2홉+ 0.57 | 도달  672 | 차단 1561
Ep 1075 | Step 1000 | R   210.60 | 배송 21/50 | 미활동 0 | 2홉+ 0.52 | 도달  649 | 차단 1347
Ep 1076 | Step 1000 | R   189.37 | 배송 20/50 | 미활동 0 | 2홉+ 0.50 | 도달  647 | 차단 1869
Ep 1077 | Step 1000 | R   432.91 | 배송 29/50 | 미활동 0 | 2홉+ 0.61 | 도달  983 | 차단 1044
Ep 1078 | Step 1000 | R   202.60 | 배송 20/50 | 미활동 0 | 2홉+ 0.62 | 도달  795 | 차단 1461
Ep 1079 | Step 1000 | R   207.81 | 배송 20/50 | 미활동 0 | 2홉+ 0.47 | 도달  777 | 차단 2260
Ep 1080 | Step 1000 | R   266.00 | 배송 23/50 | 미활동 0 | 2홉+ 0.54 | 도달  790 | 차단 1355
Ep 1081 | Step 1000 | R   175.27 | 배송 18/50 | 미활동 0 | 2홉+ 0.40 | 도달  803 | 차단 1451
Ep 1082 | Step 1000 | R   236.26 | 배송 21/50 | 미활동 0 | 2홉+ 0.46 | 도달  787 | 차단 1509
Ep 1083 | Step 1000 | R   115.63 | 배송 15/50 | 미활동 0 | 2홉+ 0.42 | 도달  584 | 차단 2116
Ep 1084 | Step 1000 | R   308.45 | 배송 24/50 | 미활동 0 | 2홉+ 0.55 | 도달  742 | 차단 1146
Ep 1085 | Step 1000 | R   143.98 | 배송 20/50 | 미활동 0 | 2홉+ 0.66 | 도달  984 | 차단 2389
Ep 1086 | Step 1000 | R   174.55 | 배송 20/50 | 미활동 0 | 2홉+ 0.45 | 도달  780 | 차단 2371
Ep 1087 | Step 1000 | R   272.77 | 배송 25/50 | 미활동 0 | 2홉+ 0.66 | 도달  992 | 차단 1765
Ep 1088 | Step 1000 | R   431.63 | 배송 32/50 | 미활동 0 | 2홉+ 0.56 | 도달  789 | 차단 1049
Ep 1089 | Step 1000 | R   342.06 | 배송 27/50 | 미활동 0 | 2홉+ 0.45 | 도달  784 | 차단  706
Ep 1090 | Step 1000 | R   300.69 | 배송 24/50 | 미활동 0 | 2홉+ 0.64 | 도달 1074 | 차단 1717
Ep 1091 | Step 1000 | R   392.74 | 배송 32/50 | 미활동 0 | 2홉+ 0.59 | 도달  888 | 차단 1527
Ep 1092 | Step 1000 | R   249.09 | 배송 22/50 | 미활동 0 | 2홉+ 0.67 | 도달  776 | 차단 1474
Ep 1093 | Step 1000 | R   191.19 | 배송 21/50 | 미활동 0 | 2홉+ 0.50 | 도달  665 | 차단 2125
Ep 1094 | Step 1000 | R   440.19 | 배송 30/50 | 미활동 0 | 2홉+ 0.60 | 도달  920 | 차단 1276
Ep 1095 | Step 1000 | R   361.88 | 배송 29/50 | 미활동 0 | 2홉+ 0.68 | 도달  873 | 차단 1304
Ep 1096 | Step 1000 | R   311.45 | 배송 25/50 | 미활동 0 | 2홉+ 0.59 | 도달  804 | 차단 1645
Ep 1097 | Step 1000 | R    61.15 | 배송 14/50 | 미활동 0 | 2홉+ 0.72 | 도달  777 | 차단 3057
Ep 1098 | Step 1000 | R   191.15 | 배송 19/50 | 미활동 0 | 2홉+ 0.29 | 도달  709 | 차단  992
Ep 1099 | Step 1000 | R   350.07 | 배송 29/50 | 미활동 0 | 2홉+ 0.65 | 도달  998 | 차단 1830
Ep 1100 | Step 1000 | R   372.37 | 배송 30/50 | 미활동 0 | 2홉+ 0.61 | 도달  973 | 차단 1140
  [홀드아웃] 배송 7.0±2.3 미활동 0.50 2홉+ 0.71 도달 655 | 최고 12.8@ep600 | 정체 10/15
Ep 1101 | Step 1000 | R   281.46 | 배송 22/50 | 미활동 0 | 2홉+ 0.51 | 도달  901 | 차단 1677
Ep 1102 | Step 1000 | R   206.93 | 배송 20/50 | 미활동 0 | 2홉+ 0.67 | 도달  694 | 차단 2381
Ep 1103 | Step 1000 | R   320.37 | 배송 26/50 | 미활동 0 | 2홉+ 0.64 | 도달  840 | 차단 1644
Ep 1104 | Step 1000 | R   170.84 | 배송 18/50 | 미활동 0 | 2홉+ 0.62 | 도달  788 | 차단 1502
Ep 1105 | Step 1000 | R   249.64 | 배송 22/50 | 미활동 0 | 2홉+ 0.57 | 도달  826 | 차단  701
Ep 1106 | Step 1000 | R   286.02 | 배송 24/50 | 미활동 0 | 2홉+ 0.66 | 도달 1028 | 차단 2373
Ep 1107 | Step 1000 | R   287.15 | 배송 24/50 | 미활동 0 | 2홉+ 0.69 | 도달  780 | 차단 1992
Ep 1108 | Step 1000 | R   249.27 | 배송 22/50 | 미활동 0 | 2홉+ 0.52 | 도달  777 | 차단 1777
Ep 1109 | Step 1000 | R   325.62 | 배송 27/50 | 미활동 0 | 2홉+ 0.69 | 도달  932 | 차단 1744
Ep 1110 | Step 1000 | R   387.37 | 배송 29/50 | 미활동 0 | 2홉+ 0.66 | 도달  986 | 차단 1625
Ep 1111 | Step 1000 | R   296.16 | 배송 25/50 | 미활동 0 | 2홉+ 0.66 | 도달  988 | 차단 2137
Ep 1112 | Step 1000 | R   234.31 | 배송 21/50 | 미활동 0 | 2홉+ 0.49 | 도달  668 | 차단 1829
Ep 1113 | Step 1000 | R   337.49 | 배송 27/50 | 미활동 0 | 2홉+ 0.53 | 도달  814 | 차단 1398
Ep 1114 | Step 1000 | R   214.51 | 배송 19/50 | 미활동 0 | 2홉+ 0.40 | 도달  815 | 차단 1445
Ep 1115 | Step 1000 | R   300.19 | 배송 26/50 | 미활동 0 | 2홉+ 0.66 | 도달  799 | 차단 1205
Ep 1116 | Step 1000 | R   452.88 | 배송 31/50 | 미활동 0 | 2홉+ 0.56 | 도달  749 | 차단 1201
Ep 1117 | Step 1000 | R   286.73 | 배송 23/50 | 미활동 0 | 2홉+ 0.44 | 도달  834 | 차단  474
Ep 1118 | Step 1000 | R   346.04 | 배송 23/50 | 미활동 0 | 2홉+ 0.45 | 도달  843 | 차단  679
Ep 1119 | Step 1000 | R   336.07 | 배송 28/50 | 미활동 0 | 2홉+ 0.67 | 도달 1022 | 차단 1842
Ep 1120 | Step 1000 | R   250.24 | 배송 23/50 | 미활동 0 | 2홉+ 0.50 | 도달  937 | 차단 1697
Ep 1121 | Step 1000 | R   382.26 | 배송 30/50 | 미활동 0 | 2홉+ 0.57 | 도달  802 | 차단  983
Ep 1122 | Step 1000 | R   362.99 | 배송 26/50 | 미활동 0 | 2홉+ 0.54 | 도달  742 | 차단 1314
Ep 1123 | Step 1000 | R   411.39 | 배송 30/50 | 미활동 0 | 2홉+ 0.62 | 도달  786 | 차단 1024
Ep 1124 | Step 1000 | R   296.27 | 배송 27/50 | 미활동 0 | 2홉+ 0.60 | 도달  808 | 차단 1888
Ep 1125 | Step 1000 | R   319.36 | 배송 26/50 | 미활동 0 | 2홉+ 0.60 | 도달  961 | 차단 1801
Ep 1126 | Step 1000 | R   390.54 | 배송 29/50 | 미활동 0 | 2홉+ 0.57 | 도달  855 | 차단 1449
Ep 1127 | Step 1000 | R   244.69 | 배송 23/50 | 미활동 0 | 2홉+ 0.69 | 도달  939 | 차단 2222
Ep 1128 | Step 1000 | R   433.03 | 배송 29/50 | 미활동 0 | 2홉+ 0.58 | 도달  892 | 차단 1052
Ep 1129 | Step 1000 | R   352.91 | 배송 26/50 | 미활동 0 | 2홉+ 0.51 | 도달  868 | 차단 1799
Ep 1130 | Step 1000 | R   199.54 | 배송 21/50 | 미활동 0 | 2홉+ 0.45 | 도달  672 | 차단 1961
Ep 1131 | Step 1000 | R   380.31 | 배송 27/50 | 미활동 0 | 2홉+ 0.46 | 도달  743 | 차단 1006
Ep 1132 | Step 1000 | R   326.16 | 배송 26/50 | 미활동 0 | 2홉+ 0.53 | 도달  881 | 차단 1291
Ep 1133 | Step 1000 | R   232.30 | 배송 21/50 | 미활동 0 | 2홉+ 0.50 | 도달  767 | 차단 1796
Ep 1134 | Step 1000 | R   252.15 | 배송 23/50 | 미활동 0 | 2홉+ 0.62 | 도달  814 | 차단 1416
Ep 1135 | Step 1000 | R   248.73 | 배송 22/50 | 미활동 0 | 2홉+ 0.60 | 도달  765 | 차단 1691
Ep 1136 | Step 1000 | R   319.27 | 배송 24/50 | 미활동 0 | 2홉+ 0.66 | 도달  966 | 차단 1005
Ep 1137 | Step 1000 | R   287.94 | 배송 25/50 | 미활동 0 | 2홉+ 0.59 | 도달  945 | 차단 1466
Ep 1138 | Step 1000 | R   279.24 | 배송 24/50 | 미활동 0 | 2홉+ 0.62 | 도달  887 | 차단 1214
Ep 1139 | Step 1000 | R   226.31 | 배송 22/50 | 미활동 0 | 2홉+ 0.63 | 도달  957 | 차단 2379
Ep 1140 | Step 1000 | R   176.54 | 배송 19/50 | 미활동 0 | 2홉+ 0.53 | 도달  771 | 차단 1914
Ep 1141 | Step 1000 | R   401.64 | 배송 28/50 | 미활동 0 | 2홉+ 0.59 | 도달  928 | 차단  837
Ep 1142 | Step 1000 | R   344.55 | 배송 28/50 | 미활동 0 | 2홉+ 0.65 | 도달  918 | 차단 1577
Ep 1143 | Step 1000 | R   198.12 | 배송 19/50 | 미활동 0 | 2홉+ 0.57 | 도달  710 | 차단 1123
Ep 1144 | Step 1000 | R   247.97 | 배송 23/50 | 미활동 0 | 2홉+ 0.52 | 도달  718 | 차단 1828
Ep 1145 | Step 1000 | R   194.43 | 배송 20/50 | 미활동 0 | 2홉+ 0.52 | 도달  800 | 차단 1272
Ep 1146 | Step 1000 | R   271.55 | 배송 24/50 | 미활동 0 | 2홉+ 0.59 | 도달  824 | 차단 1175
Ep 1147 | Step 1000 | R   225.24 | 배송 20/50 | 미활동 0 | 2홉+ 0.59 | 도달  744 | 차단 2076
Ep 1148 | Step 1000 | R   309.44 | 배송 25/50 | 미활동 0 | 2홉+ 0.60 | 도달  832 | 차단 1696
Ep 1149 | Step 1000 | R   283.33 | 배송 22/50 | 미활동 0 | 2홉+ 0.45 | 도달  817 | 차단 1675
Ep 1150 | Step 1000 | R   318.42 | 배송 27/50 | 미활동 0 | 2홉+ 0.62 | 도달  934 | 차단 1921
  [홀드아웃] 배송 11.8±3.6 미활동 0.33 2홉+ 0.70 도달 675 | 최고 12.8@ep600 | 정체 11/15
Ep 1151 | Step 1000 | R   308.35 | 배송 26/50 | 미활동 0 | 2홉+ 0.67 | 도달 1026 | 차단 2093
Ep 1152 | Step 1000 | R   232.98 | 배송 21/50 | 미활동 0 | 2홉+ 0.62 | 도달  857 | 차단 1821
Ep 1153 | Step 1000 | R    94.02 | 배송 15/50 | 미활동 0 | 2홉+ 0.68 | 도달  843 | 차단 1792
Ep 1154 | Step 1000 | R   262.45 | 배송 20/50 | 미활동 0 | 2홉+ 0.57 | 도달  796 | 차단 1585
Ep 1155 | Step 1000 | R   156.93 | 배송 17/50 | 미활동 0 | 2홉+ 0.65 | 도달  894 | 차단 1835
Ep 1156 | Step 1000 | R   295.32 | 배송 26/50 | 미활동 0 | 2홉+ 0.50 | 도달  756 | 차단 1310
Ep 1157 | Step 1000 | R   400.11 | 배송 29/50 | 미활동 0 | 2홉+ 0.65 | 도달  954 | 차단 1233
Ep 1158 | Step 1000 | R   334.95 | 배송 29/50 | 미활동 0 | 2홉+ 0.57 | 도달  892 | 차단  994
Ep 1159 | Step 1000 | R   271.81 | 배송 24/50 | 미활동 0 | 2홉+ 0.60 | 도달  910 | 차단 1516
Ep 1160 | Step 1000 | R   367.24 | 배송 30/50 | 미활동 0 | 2홉+ 0.60 | 도달  976 | 차단 1359
Ep 1161 | Step 1000 | R   314.38 | 배송 27/50 | 미활동 0 | 2홉+ 0.50 | 도달  672 | 차단  723
Ep 1162 | Step 1000 | R   120.56 | 배송 17/50 | 미활동 0 | 2홉+ 0.49 | 도달  660 | 차단 1157
Ep 1163 | Step 1000 | R   252.64 | 배송 22/50 | 미활동 0 | 2홉+ 0.49 | 도달  956 | 차단  819
Ep 1164 | Step 1000 | R   188.88 | 배송 21/50 | 미활동 0 | 2홉+ 0.47 | 도달  864 | 차단 1954
Ep 1165 | Step 1000 | R   357.31 | 배송 26/50 | 미활동 0 | 2홉+ 0.61 | 도달  862 | 차단 1768
Ep 1166 | Step 1000 | R   180.13 | 배송 19/50 | 미활동 0 | 2홉+ 0.64 | 도달  934 | 차단 1654
Ep 1167 | Step 1000 | R   322.97 | 배송 26/50 | 미활동 0 | 2홉+ 0.50 | 도달  864 | 차단 1397
Ep 1168 | Step 1000 | R   146.24 | 배송 18/50 | 미활동 0 | 2홉+ 0.45 | 도달  761 | 차단 1003
Ep 1169 | Step 1000 | R   260.15 | 배송 22/50 | 미활동 0 | 2홉+ 0.49 | 도달  860 | 차단 1521
Ep 1170 | Step 1000 | R   164.66 | 배송 18/50 | 미활동 0 | 2홉+ 0.36 | 도달  718 | 차단  265
Ep 1171 | Step 1000 | R   314.02 | 배송 26/50 | 미활동 0 | 2홉+ 0.61 | 도달  882 | 차단 2075
Ep 1172 | Step 1000 | R   250.30 | 배송 23/50 | 미활동 0 | 2홉+ 0.52 | 도달  884 | 차단 1907
Ep 1173 | Step 1000 | R   268.20 | 배송 23/50 | 미활동 0 | 2홉+ 0.36 | 도달  674 | 차단 1275
Ep 1174 | Step 1000 | R   291.59 | 배송 24/50 | 미활동 0 | 2홉+ 0.58 | 도달  726 | 차단 1946
Ep 1175 | Step 1000 | R   331.19 | 배송 25/50 | 미활동 0 | 2홉+ 0.62 | 도달  866 | 차단 2397
Ep 1176 | Step 1000 | R   409.12 | 배송 31/50 | 미활동 0 | 2홉+ 0.64 | 도달  851 | 차단 1523
Ep 1177 | Step 1000 | R   156.42 | 배송 17/50 | 미활동 0 | 2홉+ 0.46 | 도달  808 | 차단 1594
Ep 1178 | Step 1000 | R   354.74 | 배송 28/50 | 미활동 0 | 2홉+ 0.67 | 도달 1007 | 차단  835
Ep 1179 | Step 1000 | R   234.34 | 배송 21/50 | 미활동 0 | 2홉+ 0.49 | 도달  781 | 차단 1735
Ep 1180 | Step 1000 | R   375.62 | 배송 27/50 | 미활동 0 | 2홉+ 0.68 | 도달  932 | 차단  954
Ep 1181 | Step 1000 | R   248.82 | 배송 21/50 | 미활동 0 | 2홉+ 0.50 | 도달  849 | 차단 1452
Ep 1182 | Step 1000 | R   356.30 | 배송 29/50 | 미활동 0 | 2홉+ 0.67 | 도달  790 | 차단 1208
Ep 1183 | Step 1000 | R   323.01 | 배송 27/50 | 미활동 0 | 2홉+ 0.64 | 도달  957 | 차단 1885
Ep 1184 | Step 1000 | R   433.09 | 배송 33/50 | 미활동 0 | 2홉+ 0.62 | 도달  907 | 차단 1081
Ep 1185 | Step 1000 | R   285.95 | 배송 23/50 | 미활동 0 | 2홉+ 0.51 | 도달  782 | 차단  290
Ep 1186 | Step 1000 | R   206.05 | 배송 20/50 | 미활동 0 | 2홉+ 0.68 | 도달  896 | 차단 2707
Ep 1187 | Step 1000 | R   285.09 | 배송 25/50 | 미활동 0 | 2홉+ 0.59 | 도달  715 | 차단 1594
Ep 1188 | Step 1000 | R   382.06 | 배송 29/50 | 미활동 0 | 2홉+ 0.53 | 도달  767 | 차단  813
Ep 1189 | Step 1000 | R   164.94 | 배송 19/50 | 미활동 0 | 2홉+ 0.58 | 도달  618 | 차단 2059
Ep 1190 | Step 1000 | R   232.71 | 배송 21/50 | 미활동 0 | 2홉+ 0.57 | 도달  667 | 차단 1358
Ep 1191 | Step 1000 | R    81.46 | 배송 15/50 | 미활동 0 | 2홉+ 0.72 | 도달 1000 | 차단 2873
Ep 1192 | Step 1000 | R   344.58 | 배송 27/50 | 미활동 0 | 2홉+ 0.62 | 도달  818 | 차단 1237
Ep 1193 | Step 1000 | R   425.38 | 배송 28/50 | 미활동 0 | 2홉+ 0.61 | 도달  864 | 차단 1141
Ep 1194 | Step 1000 | R   354.62 | 배송 26/50 | 미활동 0 | 2홉+ 0.66 | 도달  957 | 차단 1651
Ep 1195 | Step 1000 | R   367.23 | 배송 27/50 | 미활동 0 | 2홉+ 0.52 | 도달  793 | 차단  364
Ep 1196 | Step 1000 | R   332.65 | 배송 23/50 | 미활동 0 | 2홉+ 0.57 | 도달  732 | 차단 1181
Ep 1197 | Step 1000 | R   338.75 | 배송 29/50 | 미활동 0 | 2홉+ 0.52 | 도달  781 | 차단 1194
Ep 1198 | Step 1000 | R   446.89 | 배송 30/50 | 미활동 0 | 2홉+ 0.66 | 도달  899 | 차단 1454
Ep 1199 | Step 1000 | R   191.19 | 배송 19/50 | 미활동 0 | 2홉+ 0.40 | 도달  706 | 차단 1057
Ep 1200 | Step 1000 | R   285.70 | 배송 24/50 | 미활동 0 | 2홉+ 0.65 | 도달  942 | 차단 2395
  [홀드아웃] 배송 13.8±5.9 미활동 0.67 2홉+ 0.50 도달 597 | 최고 13.8@ep1200 | 정체 0/15  ← 최고 갱신
Ep 1201 | Step 1000 | R   361.07 | 배송 29/50 | 미활동 0 | 2홉+ 0.61 | 도달  800 | 차단 1395
Ep 1202 | Step 1000 | R   201.42 | 배송 21/50 | 미활동 0 | 2홉+ 0.35 | 도달  724 | 차단 1445
Ep 1203 | Step 1000 | R   242.33 | 배송 22/50 | 미활동 0 | 2홉+ 0.61 | 도달  906 | 차단 1820
Ep 1204 | Step 1000 | R   358.36 | 배송 28/50 | 미활동 0 | 2홉+ 0.53 | 도달  878 | 차단 1384
Ep 1205 | Step 1000 | R   177.11 | 배송 19/50 | 미활동 0 | 2홉+ 0.51 | 도달  745 | 차단 1734
Ep 1206 | Step 1000 | R    97.72 | 배송 16/50 | 미활동 0 | 2홉+ 0.50 | 도달  743 | 차단 2458
Ep 1207 | Step 1000 | R   328.75 | 배송 27/50 | 미활동 0 | 2홉+ 0.66 | 도달 1051 | 차단 1792
Ep 1208 | Step 1000 | R   379.78 | 배송 29/50 | 미활동 0 | 2홉+ 0.64 | 도달 1069 | 차단 1838
Ep 1209 | Step 1000 | R   311.76 | 배송 27/50 | 미활동 0 | 2홉+ 0.55 | 도달  786 | 차단 1016
Ep 1210 | Step 1000 | R   206.86 | 배송 21/50 | 미활동 0 | 2홉+ 0.57 | 도달  732 | 차단 1411
Ep 1211 | Step 1000 | R   405.65 | 배송 30/50 | 미활동 0 | 2홉+ 0.62 | 도달  907 | 차단 1438
Ep 1212 | Step 1000 | R   369.50 | 배송 26/50 | 미활동 0 | 2홉+ 0.39 | 도달  708 | 차단  836
Ep 1213 | Step 1000 | R   234.54 | 배송 23/50 | 미활동 0 | 2홉+ 0.48 | 도달  725 | 차단  805
Ep 1214 | Step 1000 | R    66.66 | 배송 15/50 | 미활동 0 | 2홉+ 0.72 | 도달  884 | 차단 2709
Ep 1215 | Step 1000 | R    97.53 | 배송 17/50 | 미활동 0 | 2홉+ 0.73 | 도달 1074 | 차단 2663
Ep 1216 | Step 1000 | R   317.71 | 배송 26/50 | 미활동 0 | 2홉+ 0.66 | 도달  980 | 차단 1719
Ep 1217 | Step 1000 | R   158.44 | 배송 17/50 | 미활동 0 | 2홉+ 0.68 | 도달  791 | 차단 2146
Ep 1218 | Step 1000 | R   399.07 | 배송 29/50 | 미활동 0 | 2홉+ 0.54 | 도달  795 | 차단 1318
Ep 1219 | Step 1000 | R   241.69 | 배송 21/50 | 미활동 0 | 2홉+ 0.54 | 도달  860 | 차단 1853
Ep 1220 | Step 1000 | R   228.74 | 배송 21/50 | 미활동 0 | 2홉+ 0.56 | 도달  823 | 차단 1380
Ep 1221 | Step 1000 | R    87.32 | 배송 15/50 | 미활동 0 | 2홉+ 0.53 | 도달  802 | 차단 2510
Ep 1222 | Step 1000 | R    40.84 | 배송 12/50 | 미활동 0 | 2홉+ 0.72 | 도달 1060 | 차단 2961
Ep 1223 | Step 1000 | R   316.24 | 배송 24/50 | 미활동 0 | 2홉+ 0.54 | 도달  830 | 차단 1036
Ep 1224 | Step 1000 | R    89.15 | 배송 14/50 | 미활동 0 | 2홉+ 0.59 | 도달  802 | 차단 1812
Ep 1225 | Step 1000 | R   266.12 | 배송 20/50 | 미활동 0 | 2홉+ 0.56 | 도달  814 | 차단 1528
Ep 1226 | Step 1000 | R   101.21 | 배송 16/50 | 미활동 0 | 2홉+ 0.72 | 도달 1061 | 차단 2201
Ep 1227 | Step 1000 | R   243.71 | 배송 22/50 | 미활동 0 | 2홉+ 0.63 | 도달  832 | 차단 1766
Ep 1228 | Step 1000 | R   288.75 | 배송 23/50 | 미활동 0 | 2홉+ 0.58 | 도달  895 | 차단 1927
Ep 1229 | Step 1000 | R   105.34 | 배송 16/50 | 미활동 0 | 2홉+ 0.48 | 도달  748 | 차단 1953
Ep 1230 | Step 1000 | R   305.55 | 배송 23/50 | 미활동 0 | 2홉+ 0.42 | 도달  810 | 차단  782
Ep 1231 | Step 1000 | R   241.12 | 배송 22/50 | 미활동 0 | 2홉+ 0.60 | 도달  807 | 차단 1630
Ep 1232 | Step 1000 | R   322.64 | 배송 23/50 | 미활동 0 | 2홉+ 0.56 | 도달  860 | 차단 1538
Ep 1233 | Step 1000 | R   308.30 | 배송 25/50 | 미활동 0 | 2홉+ 0.60 | 도달  777 | 차단 1633
Ep 1234 | Step 1000 | R    36.81 | 배송 11/50 | 미활동 0 | 2홉+ 0.73 | 도달 1074 | 차단 2803
Ep 1235 | Step 1000 | R   358.72 | 배송 25/50 | 미활동 0 | 2홉+ 0.62 | 도달 1029 | 차단 1135
Ep 1236 | Step 1000 | R   206.36 | 배송 21/50 | 미활동 0 | 2홉+ 0.61 | 도달  743 | 차단 1409
Ep 1237 | Step 1000 | R   169.42 | 배송 19/50 | 미활동 0 | 2홉+ 0.53 | 도달  666 | 차단 2054
Ep 1238 | Step 1000 | R   315.42 | 배송 25/50 | 미활동 0 | 2홉+ 0.67 | 도달  979 | 차단 1407
Ep 1239 | Step 1000 | R   177.07 | 배송 18/50 | 미활동 0 | 2홉+ 0.44 | 도달  923 | 차단 1378
Ep 1240 | Step 1000 | R   121.61 | 배송 19/50 | 미활동 0 | 2홉+ 0.52 | 도달  626 | 차단 2595
Ep 1241 | Step 1000 | R   247.55 | 배송 23/50 | 미활동 0 | 2홉+ 0.48 | 도달  840 | 차단  785
Ep 1242 | Step 1000 | R   289.42 | 배송 23/50 | 미활동 0 | 2홉+ 0.66 | 도달  870 | 차단 1995
Ep 1243 | Step 1000 | R   198.24 | 배송 20/50 | 미활동 0 | 2홉+ 0.42 | 도달  697 | 차단 1214
Ep 1244 | Step 1000 | R   295.75 | 배송 26/50 | 미활동 0 | 2홉+ 0.53 | 도달  788 | 차단 1388
Ep 1245 | Step 1000 | R   339.48 | 배송 29/50 | 미활동 0 | 2홉+ 0.66 | 도달  986 | 차단 1709
Ep 1246 | Step 1000 | R   334.19 | 배송 23/50 | 미활동 0 | 2홉+ 0.47 | 도달  741 | 차단 1061
Ep 1247 | Step 1000 | R   282.01 | 배송 25/50 | 미활동 0 | 2홉+ 0.60 | 도달  755 | 차단 1544
Ep 1248 | Step 1000 | R   314.82 | 배송 27/50 | 미활동 0 | 2홉+ 0.59 | 도달  988 | 차단 1964
Ep 1249 | Step 1000 | R   231.16 | 배송 20/50 | 미활동 0 | 2홉+ 0.48 | 도달  654 | 차단 1423
Ep 1250 | Step 1000 | R   314.35 | 배송 25/50 | 미활동 0 | 2홉+ 0.43 | 도달  955 | 차단 1369
  [홀드아웃] 배송 9.2±3.8 미활동 0.67 2홉+ 0.56 도달 727 | 최고 13.8@ep1200 | 정체 1/15
Ep 1251 | Step 1000 | R   284.99 | 배송 25/50 | 미활동 0 | 2홉+ 0.45 | 도달  667 | 차단 1426
Ep 1252 | Step 1000 | R   288.41 | 배송 24/50 | 미활동 0 | 2홉+ 0.67 | 도달  714 | 차단 2161
Ep 1253 | Step 1000 | R   314.84 | 배송 25/50 | 미활동 0 | 2홉+ 0.49 | 도달  873 | 차단 1535
Ep 1254 | Step 1000 | R   158.59 | 배송 18/50 | 미활동 0 | 2홉+ 0.71 | 도달  734 | 차단 1829
Ep 1255 | Step 1000 | R   314.38 | 배송 26/50 | 미활동 0 | 2홉+ 0.63 | 도달  952 | 차단 1744
Ep 1256 | Step 1000 | R   263.76 | 배송 22/50 | 미활동 0 | 2홉+ 0.57 | 도달  798 | 차단 2064
Ep 1257 | Step 1000 | R   160.54 | 배송 19/50 | 미활동 0 | 2홉+ 0.62 | 도달  766 | 차단 2298
Ep 1258 | Step 1000 | R   392.40 | 배송 29/50 | 미활동 0 | 2홉+ 0.60 | 도달 1074 | 차단 1322
Ep 1259 | Step 1000 | R   287.62 | 배송 23/50 | 미활동 0 | 2홉+ 0.64 | 도달  961 | 차단 1795
Ep 1260 | Step 1000 | R   410.72 | 배송 30/50 | 미활동 0 | 2홉+ 0.52 | 도달  751 | 차단 1026
Ep 1261 | Step 1000 | R   313.63 | 배송 26/50 | 미활동 0 | 2홉+ 0.65 | 도달  993 | 차단 2227
Ep 1262 | Step 1000 | R   244.34 | 배송 22/50 | 미활동 0 | 2홉+ 0.44 | 도달  809 | 차단 1706
Ep 1263 | Step 1000 | R   261.01 | 배송 21/50 | 미활동 0 | 2홉+ 0.56 | 도달  716 | 차단 1951
Ep 1264 | Step 1000 | R   208.75 | 배송 22/50 | 미활동 0 | 2홉+ 0.58 | 도달  763 | 차단 1427
Ep 1265 | Step 1000 | R   221.04 | 배송 22/50 | 미활동 0 | 2홉+ 0.62 | 도달  746 | 차단 1205
Ep 1266 | Step 1000 | R    91.12 | 배송 16/50 | 미활동 0 | 2홉+ 0.71 | 도달  995 | 차단 2636
Ep 1267 | Step 1000 | R   305.11 | 배송 24/50 | 미활동 0 | 2홉+ 0.52 | 도달  776 | 차단 1481
Ep 1268 | Step 1000 | R   287.51 | 배송 23/50 | 미활동 0 | 2홉+ 0.46 | 도달  689 | 차단 1505
Ep 1269 | Step 1000 | R   317.39 | 배송 26/50 | 미활동 0 | 2홉+ 0.63 | 도달  790 | 차단 1941
Ep 1270 | Step 1000 | R   344.07 | 배송 27/50 | 미활동 0 | 2홉+ 0.59 | 도달  863 | 차단  847
Ep 1271 | Step 1000 | R   218.72 | 배송 22/50 | 미활동 0 | 2홉+ 0.62 | 도달  697 | 차단 2823
Ep 1272 | Step 1000 | R   293.90 | 배송 24/50 | 미활동 0 | 2홉+ 0.51 | 도달  741 | 차단 2023
Ep 1273 | Step 1000 | R    60.94 | 배송 15/50 | 미활동 0 | 2홉+ 0.73 | 도달  636 | 차단 3428
Ep 1274 | Step 1000 | R   206.49 | 배송 19/50 | 미활동 0 | 2홉+ 0.62 | 도달 1059 | 차단 1729
Ep 1275 | Step 1000 | R   324.08 | 배송 28/50 | 미활동 0 | 2홉+ 0.64 | 도달  790 | 차단 2082
Ep 1276 | Step 1000 | R   314.72 | 배송 26/50 | 미활동 0 | 2홉+ 0.63 | 도달  955 | 차단 1918
Ep 1277 | Step 1000 | R   291.77 | 배송 24/50 | 미활동 0 | 2홉+ 0.67 | 도달 1074 | 차단 1918
Ep 1278 | Step 1000 | R   235.70 | 배송 21/50 | 미활동 0 | 2홉+ 0.51 | 도달  602 | 차단 1651
Ep 1279 | Step 1000 | R   401.23 | 배송 29/50 | 미활동 0 | 2홉+ 0.52 | 도달  825 | 차단  907
Ep 1280 | Step 1000 | R   250.11 | 배송 25/50 | 미활동 0 | 2홉+ 0.60 | 도달  815 | 차단 1357
Ep 1281 | Step 1000 | R   240.91 | 배송 20/50 | 미활동 0 | 2홉+ 0.68 | 도달  639 | 차단 2400
Ep 1282 | Step 1000 | R   256.82 | 배송 24/50 | 미활동 0 | 2홉+ 0.51 | 도달  748 | 차단 2068
Ep 1283 | Step 1000 | R   299.66 | 배송 24/50 | 미활동 0 | 2홉+ 0.51 | 도달  773 | 차단 1715
Ep 1284 | Step 1000 | R   320.43 | 배송 22/50 | 미활동 0 | 2홉+ 0.50 | 도달  790 | 차단 1266
Ep 1285 | Step 1000 | R   282.00 | 배송 24/50 | 미활동 0 | 2홉+ 0.68 | 도달  798 | 차단 2429
Ep 1286 | Step 1000 | R   293.43 | 배송 25/50 | 미활동 0 | 2홉+ 0.65 | 도달  963 | 차단 1319
Ep 1287 | Step 1000 | R   315.68 | 배송 26/50 | 미활동 0 | 2홉+ 0.61 | 도달  958 | 차단 1562
Ep 1288 | Step 1000 | R   203.79 | 배송 20/50 | 미활동 0 | 2홉+ 0.66 | 도달  962 | 차단 2195
Ep 1289 | Step 1000 | R   162.38 | 배송 19/50 | 미활동 0 | 2홉+ 0.69 | 도달  962 | 차단 1934
Ep 1290 | Step 1000 | R   263.37 | 배송 22/50 | 미활동 0 | 2홉+ 0.40 | 도달  609 | 차단  468
Ep 1291 | Step 1000 | R   377.53 | 배송 30/50 | 미활동 0 | 2홉+ 0.54 | 도달  801 | 차단 1006
Ep 1292 | Step 1000 | R   286.20 | 배송 24/50 | 미활동 0 | 2홉+ 0.63 | 도달  834 | 차단 2087
Ep 1293 | Step 1000 | R   350.86 | 배송 27/50 | 미활동 0 | 2홉+ 0.65 | 도달  724 | 차단 2059
Ep 1294 | Step 1000 | R   357.34 | 배송 28/50 | 미활동 0 | 2홉+ 0.62 | 도달  777 | 차단 2216
Ep 1295 | Step 1000 | R   388.38 | 배송 28/50 | 미활동 0 | 2홉+ 0.65 | 도달  951 | 차단  944
Ep 1296 | Step 1000 | R   289.45 | 배송 27/50 | 미활동 0 | 2홉+ 0.66 | 도달  874 | 차단 2110
Ep 1297 | Step 1000 | R   250.32 | 배송 23/50 | 미활동 0 | 2홉+ 0.49 | 도달  807 | 차단 1658
Ep 1298 | Step 1000 | R   206.00 | 배송 19/50 | 미활동 0 | 2홉+ 0.64 | 도달  874 | 차단 1924
Ep 1299 | Step 1000 | R   398.15 | 배송 30/50 | 미활동 0 | 2홉+ 0.63 | 도달  852 | 차단 1559
Ep 1300 | Step 1000 | R   251.40 | 배송 23/50 | 미활동 0 | 2홉+ 0.52 | 도달  731 | 차단 1547
  [홀드아웃] 배송 10.8±4.7 미활동 0.50 2홉+ 0.56 도달 654 | 최고 13.8@ep1200 | 정체 2/15
Ep 1301 | Step 1000 | R   212.31 | 배송 21/50 | 미활동 0 | 2홉+ 0.61 | 도달  755 | 차단 1228
Ep 1302 | Step 1000 | R   125.29 | 배송 18/50 | 미활동 0 | 2홉+ 0.63 | 도달 1025 | 차단 1953
Ep 1303 | Step 1000 | R   303.36 | 배송 27/50 | 미활동 0 | 2홉+ 0.62 | 도달  892 | 차단 1588
Ep 1304 | Step 1000 | R   239.81 | 배송 22/50 | 미활동 0 | 2홉+ 0.60 | 도달  922 | 차단 1902
Ep 1305 | Step 1000 | R   237.08 | 배송 21/50 | 미활동 0 | 2홉+ 0.57 | 도달  866 | 차단 1587
Ep 1306 | Step 1000 | R   271.76 | 배송 24/50 | 미활동 0 | 2홉+ 0.64 | 도달  841 | 차단 1535
Ep 1307 | Step 1000 | R   286.46 | 배송 25/50 | 미활동 0 | 2홉+ 0.65 | 도달  958 | 차단 1676
Ep 1308 | Step 1000 | R   268.41 | 배송 24/50 | 미활동 0 | 2홉+ 0.49 | 도달  725 | 차단 1479
Ep 1309 | Step 1000 | R   226.68 | 배송 20/50 | 미활동 0 | 2홉+ 0.53 | 도달  882 | 차단 1354
Ep 1310 | Step 1000 | R   224.04 | 배송 20/50 | 미활동 0 | 2홉+ 0.53 | 도달  801 | 차단 1650
Ep 1311 | Step 1000 | R   142.53 | 배송 20/50 | 미활동 0 | 2홉+ 0.48 | 도달  694 | 차단 2242
Ep 1312 | Step 1000 | R   240.45 | 배송 22/50 | 미활동 0 | 2홉+ 0.60 | 도달  767 | 차단 1649
Ep 1313 | Step 1000 | R    49.47 | 배송 12/50 | 미활동 0 | 2홉+ 0.54 | 도달  867 | 차단 2690
Ep 1314 | Step 1000 | R   298.71 | 배송 27/50 | 미활동 0 | 2홉+ 0.53 | 도달  776 | 차단 1445
Ep 1315 | Step 1000 | R   308.46 | 배송 26/50 | 미활동 0 | 2홉+ 0.54 | 도달  892 | 차단 1695
Ep 1316 | Step 1000 | R   221.99 | 배송 20/50 | 미활동 0 | 2홉+ 0.57 | 도달  750 | 차단 1693
Ep 1317 | Step 1000 | R   367.48 | 배송 29/50 | 미활동 0 | 2홉+ 0.48 | 도달  841 | 차단 1112
Ep 1318 | Step 1000 | R   298.26 | 배송 21/50 | 미활동 0 | 2홉+ 0.63 | 도달  820 | 차단 1812
Ep 1319 | Step 1000 | R   251.00 | 배송 22/50 | 미활동 0 | 2홉+ 0.49 | 도달  730 | 차단 1266
Ep 1320 | Step 1000 | R   254.51 | 배송 23/50 | 미활동 0 | 2홉+ 0.67 | 도달  893 | 차단 1182
Ep 1321 | Step 1000 | R   519.47 | 배송 36/50 | 미활동 0 | 2홉+ 0.61 | 도달  921 | 차단  780
Ep 1322 | Step 1000 | R   383.59 | 배송 29/50 | 미활동 0 | 2홉+ 0.53 | 도달  968 | 차단 1351
Ep 1323 | Step 1000 | R   344.03 | 배송 27/50 | 미활동 0 | 2홉+ 0.56 | 도달  807 | 차단 1048
Ep 1324 | Step 1000 | R   413.25 | 배송 31/50 | 미활동 0 | 2홉+ 0.65 | 도달  955 | 차단 1311
Ep 1325 | Step 1000 | R   211.11 | 배송 20/50 | 미활동 0 | 2홉+ 0.68 | 도달  788 | 차단 2103
Ep 1326 | Step 1000 | R   346.06 | 배송 25/50 | 미활동 0 | 2홉+ 0.64 | 도달  781 | 차단 1671
Ep 1327 | Step 1000 | R   360.52 | 배송 28/50 | 미활동 0 | 2홉+ 0.66 | 도달  973 | 차단 2232
Ep 1328 | Step 1000 | R   281.26 | 배송 24/50 | 미활동 0 | 2홉+ 0.68 | 도달  753 | 차단 2221
Ep 1329 | Step 1000 | R   387.35 | 배송 28/50 | 미활동 0 | 2홉+ 0.54 | 도달  984 | 차단 1200
Ep 1330 | Step 1000 | R   336.79 | 배송 28/50 | 미활동 0 | 2홉+ 0.58 | 도달 1043 | 차단 1783
Ep 1331 | Step 1000 | R   271.13 | 배송 25/50 | 미활동 0 | 2홉+ 0.64 | 도달  922 | 차단 1811
Ep 1332 | Step 1000 | R   280.29 | 배송 25/50 | 미활동 0 | 2홉+ 0.63 | 도달  791 | 차단 1525
Ep 1333 | Step 1000 | R   357.49 | 배송 29/50 | 미활동 0 | 2홉+ 0.66 | 도달  941 | 차단 1332
Ep 1334 | Step 1000 | R   264.39 | 배송 24/50 | 미활동 0 | 2홉+ 0.57 | 도달  781 | 차단 1217
Ep 1335 | Step 1000 | R   419.21 | 배송 32/50 | 미활동 0 | 2홉+ 0.61 | 도달  958 | 차단 1571
Ep 1336 | Step 1000 | R   170.81 | 배송 18/50 | 미활동 0 | 2홉+ 0.54 | 도달  820 | 차단 1772
Ep 1337 | Step 1000 | R   256.48 | 배송 24/50 | 미활동 0 | 2홉+ 0.61 | 도달  865 | 차단 1995
Ep 1338 | Step 1000 | R   258.30 | 배송 24/50 | 미활동 0 | 2홉+ 0.66 | 도달 1010 | 차단 1966
Ep 1339 | Step 1000 | R   268.67 | 배송 23/50 | 미활동 0 | 2홉+ 0.59 | 도달 1074 | 차단  815
Ep 1340 | Step 1000 | R   289.80 | 배송 23/50 | 미활동 0 | 2홉+ 0.59 | 도달  899 | 차단 1722
Ep 1341 | Step 1000 | R   218.04 | 배송 22/50 | 미활동 0 | 2홉+ 0.56 | 도달  769 | 차단 1200
Ep 1342 | Step 1000 | R   242.30 | 배송 24/50 | 미활동 0 | 2홉+ 0.64 | 도달  853 | 차단 2350
Ep 1343 | Step 1000 | R   146.50 | 배송 18/50 | 미활동 0 | 2홉+ 0.59 | 도달  786 | 차단  861
Ep 1344 | Step 1000 | R   359.03 | 배송 27/50 | 미활동 0 | 2홉+ 0.63 | 도달 1001 | 차단 1920
Ep 1345 | Step 1000 | R   379.28 | 배송 29/50 | 미활동 0 | 2홉+ 0.63 | 도달  901 | 차단 1551
Ep 1346 | Step 1000 | R   146.82 | 배송 20/50 | 미활동 0 | 2홉+ 0.67 | 도달  953 | 차단 1931
Ep 1347 | Step 1000 | R   180.39 | 배송 19/50 | 미활동 0 | 2홉+ 0.59 | 도달  902 | 차단 2376
Ep 1348 | Step 1000 | R   311.04 | 배송 28/50 | 미활동 0 | 2홉+ 0.65 | 도달  974 | 차단 1834
Ep 1349 | Step 1000 | R   321.18 | 배송 26/50 | 미활동 0 | 2홉+ 0.61 | 도달  873 | 차단 1769
Ep 1350 | Step 1000 | R   227.43 | 배송 20/50 | 미활동 0 | 2홉+ 0.63 | 도달  987 | 차단 1746
  [홀드아웃] 배송 7.5±2.4 미활동 0.67 2홉+ 0.63 도달 574 | 최고 13.8@ep1200 | 정체 3/15
Ep 1351 | Step 1000 | R   201.22 | 배송 21/50 | 미활동 0 | 2홉+ 0.59 | 도달  740 | 차단 1501
Ep 1352 | Step 1000 | R   269.84 | 배송 25/50 | 미활동 0 | 2홉+ 0.59 | 도달  813 | 차단 1814
Ep 1353 | Step 1000 | R   298.78 | 배송 23/50 | 미활동 0 | 2홉+ 0.41 | 도달  696 | 차단 1577
Ep 1354 | Step 1000 | R   378.63 | 배송 31/50 | 미활동 0 | 2홉+ 0.64 | 도달  966 | 차단 1872
Ep 1355 | Step 1000 | R   373.98 | 배송 27/50 | 미활동 0 | 2홉+ 0.54 | 도달  911 | 차단 1545
Ep 1356 | Step 1000 | R   234.31 | 배송 20/50 | 미활동 0 | 2홉+ 0.63 | 도달  683 | 차단 1196
Ep 1357 | Step 1000 | R   392.64 | 배송 30/50 | 미활동 0 | 2홉+ 0.65 | 도달  917 | 차단 1474
Ep 1358 | Step 1000 | R   325.27 | 배송 25/50 | 미활동 0 | 2홉+ 0.49 | 도달  761 | 차단  908
Ep 1359 | Step 1000 | R   257.89 | 배송 23/50 | 미활동 0 | 2홉+ 0.45 | 도달  814 | 차단 1334
Ep 1360 | Step 1000 | R   258.18 | 배송 23/50 | 미활동 0 | 2홉+ 0.52 | 도달  721 | 차단 1632
Ep 1361 | Step 1000 | R   419.82 | 배송 30/50 | 미활동 0 | 2홉+ 0.61 | 도달  811 | 차단  946
Ep 1362 | Step 1000 | R   232.57 | 배송 21/50 | 미활동 0 | 2홉+ 0.57 | 도달  883 | 차단 1700
Ep 1363 | Step 1000 | R   246.60 | 배송 22/50 | 미활동 0 | 2홉+ 0.61 | 도달  669 | 차단 1532
Ep 1364 | Step 1000 | R   308.36 | 배송 25/50 | 미활동 0 | 2홉+ 0.60 | 도달  667 | 차단 1827
Ep 1365 | Step 1000 | R   221.87 | 배송 23/50 | 미활동 0 | 2홉+ 0.35 | 도달  712 | 차단 1708
Ep 1366 | Step 1000 | R   398.79 | 배송 30/50 | 미활동 0 | 2홉+ 0.66 | 도달  966 | 차단 1407
Ep 1367 | Step 1000 | R   281.21 | 배송 25/50 | 미활동 0 | 2홉+ 0.45 | 도달  869 | 차단 1107
Ep 1368 | Step 1000 | R   168.09 | 배송 18/50 | 미활동 0 | 2홉+ 0.47 | 도달  838 | 차단 1658
Ep 1369 | Step 1000 | R   295.43 | 배송 24/50 | 미활동 0 | 2홉+ 0.65 | 도달  972 | 차단 1527
Ep 1370 | Step 1000 | R   292.29 | 배송 24/50 | 미활동 0 | 2홉+ 0.47 | 도달 1052 | 차단 1552
Ep 1371 | Step 1000 | R   233.58 | 배송 22/50 | 미활동 0 | 2홉+ 0.69 | 도달  720 | 차단 2208
Ep 1372 | Step 1000 | R   239.00 | 배송 20/50 | 미활동 0 | 2홉+ 0.51 | 도달  587 | 차단 2260
Ep 1373 | Step 1000 | R   318.51 | 배송 28/50 | 미활동 0 | 2홉+ 0.62 | 도달  802 | 차단 1147
Ep 1374 | Step 1000 | R   276.83 | 배송 22/50 | 미활동 0 | 2홉+ 0.61 | 도달  770 | 차단 1855
Ep 1375 | Step 1000 | R   179.71 | 배송 19/50 | 미활동 0 | 2홉+ 0.57 | 도달  659 | 차단 1540
Ep 1376 | Step 1000 | R   246.63 | 배송 22/50 | 미활동 0 | 2홉+ 0.61 | 도달  942 | 차단 1779
Ep 1377 | Step 1000 | R   321.91 | 배송 27/50 | 미활동 0 | 2홉+ 0.64 | 도달 1058 | 차단 1945
Ep 1378 | Step 1000 | R   271.37 | 배송 24/50 | 미활동 0 | 2홉+ 0.66 | 도달  889 | 차단 1442
Ep 1379 | Step 1000 | R   196.22 | 배송 19/50 | 미활동 0 | 2홉+ 0.51 | 도달  806 | 차단  760
Ep 1380 | Step 1000 | R   296.31 | 배송 24/50 | 미활동 0 | 2홉+ 0.63 | 도달 1074 | 차단 2058
Ep 1381 | Step 1000 | R   157.38 | 배송 20/50 | 미활동 0 | 2홉+ 0.69 | 도달  979 | 차단 2212
Ep 1382 | Step 1000 | R   315.74 | 배송 26/50 | 미활동 0 | 2홉+ 0.68 | 도달  953 | 차단 1883
Ep 1383 | Step 1000 | R   263.27 | 배송 24/50 | 미활동 0 | 2홉+ 0.55 | 도달  761 | 차단 1566
Ep 1384 | Step 1000 | R   291.06 | 배송 23/50 | 미활동 0 | 2홉+ 0.46 | 도달  850 | 차단 1155
Ep 1385 | Step 1000 | R   278.26 | 배송 25/50 | 미활동 0 | 2홉+ 0.66 | 도달  812 | 차단 1360
Ep 1386 | Step 1000 | R   338.04 | 배송 27/50 | 미활동 0 | 2홉+ 0.45 | 도달  826 | 차단 1153
Ep 1387 | Step 1000 | R   349.17 | 배송 28/50 | 미활동 0 | 2홉+ 0.37 | 도달  923 | 차단  673
Ep 1388 | Step 1000 | R   307.66 | 배송 25/50 | 미활동 0 | 2홉+ 0.60 | 도달 1074 | 차단 1742
Ep 1389 | Step 1000 | R   297.36 | 배송 26/50 | 미활동 0 | 2홉+ 0.50 | 도달  856 | 차단 1185
Ep 1390 | Step 1000 | R   346.81 | 배송 28/50 | 미활동 0 | 2홉+ 0.44 | 도달 1010 | 차단 1331
Ep 1391 | Step 1000 | R   348.23 | 배송 27/50 | 미활동 0 | 2홉+ 0.46 | 도달  876 | 차단  908
Ep 1392 | Step 1000 | R   314.71 | 배송 23/50 | 미활동 0 | 2홉+ 0.66 | 도달  719 | 차단 2124
Ep 1393 | Step 1000 | R   448.80 | 배송 33/50 | 미활동 0 | 2홉+ 0.60 | 도달  894 | 차단 1100
Ep 1394 | Step 1000 | R   313.93 | 배송 24/50 | 미활동 0 | 2홉+ 0.60 | 도달  824 | 차단  762
Ep 1395 | Step 1000 | R   161.38 | 배송 19/50 | 미활동 0 | 2홉+ 0.37 | 도달  783 | 차단 1598
Ep 1396 | Step 1000 | R   274.18 | 배송 23/50 | 미활동 0 | 2홉+ 0.43 | 도달  766 | 차단  495
Ep 1397 | Step 1000 | R   358.13 | 배송 30/50 | 미활동 0 | 2홉+ 0.63 | 도달  883 | 차단 1753
Ep 1398 | Step 1000 | R   183.40 | 배송 20/50 | 미활동 0 | 2홉+ 0.51 | 도달  759 | 차단 2101
Ep 1399 | Step 1000 | R   364.18 | 배송 27/50 | 미활동 0 | 2홉+ 0.52 | 도달  845 | 차단 1226
Ep 1400 | Step 1000 | R   164.25 | 배송 19/50 | 미활동 0 | 2홉+ 0.31 | 도달  780 | 차단  956
  [홀드아웃] 배송 7.2±3.1 미활동 0.33 2홉+ 0.71 도달 626 | 최고 13.8@ep1200 | 정체 4/15
Ep 1401 | Step 1000 | R   225.37 | 배송 21/50 | 미활동 0 | 2홉+ 0.26 | 도달  756 | 차단  308
Ep 1402 | Step 1000 | R   205.18 | 배송 22/50 | 미활동 0 | 2홉+ 0.69 | 도달  976 | 차단 1875
Ep 1403 | Step 1000 | R   279.89 | 배송 25/50 | 미활동 0 | 2홉+ 0.54 | 도달  718 | 차단 1185
Ep 1404 | Step 1000 | R   266.78 | 배송 21/50 | 미활동 0 | 2홉+ 0.42 | 도달  917 | 차단 1242
Ep 1405 | Step 1000 | R   192.07 | 배송 20/50 | 미활동 0 | 2홉+ 0.57 | 도달  751 | 차단 1381
Ep 1406 | Step 1000 | R   328.62 | 배송 27/50 | 미활동 0 | 2홉+ 0.67 | 도달 1040 | 차단 1915
Ep 1407 | Step 1000 | R   328.73 | 배송 26/50 | 미활동 0 | 2홉+ 0.53 | 도달  902 | 차단 1087
Ep 1408 | Step 1000 | R   154.36 | 배송 18/50 | 미활동 0 | 2홉+ 0.69 | 도달  673 | 차단 2441
Ep 1409 | Step 1000 | R   228.47 | 배송 21/50 | 미활동 0 | 2홉+ 0.46 | 도달  700 | 차단 1843
Ep 1410 | Step 1000 | R   271.64 | 배송 24/50 | 미활동 0 | 2홉+ 0.58 | 도달  673 | 차단 1789
Ep 1411 | Step 1000 | R   344.59 | 배송 26/50 | 미활동 0 | 2홉+ 0.65 | 도달 1074 | 차단 2202
Ep 1412 | Step 1000 | R   214.01 | 배송 20/50 | 미활동 0 | 2홉+ 0.56 | 도달  642 | 차단 2058
Ep 1413 | Step 1000 | R   245.77 | 배송 19/50 | 미활동 0 | 2홉+ 0.51 | 도달  766 | 차단 1702
Ep 1414 | Step 1000 | R   351.20 | 배송 29/50 | 미활동 0 | 2홉+ 0.60 | 도달 1061 | 차단 1494
Ep 1415 | Step 1000 | R   240.19 | 배송 22/50 | 미활동 0 | 2홉+ 0.61 | 도달  804 | 차단 2021
Ep 1416 | Step 1000 | R   188.92 | 배송 20/50 | 미활동 0 | 2홉+ 0.32 | 도달  635 | 차단 1786
Ep 1417 | Step 1000 | R   300.23 | 배송 26/50 | 미활동 0 | 2홉+ 0.68 | 도달  864 | 차단 2362
Ep 1418 | Step 1000 | R   188.79 | 배송 20/50 | 미활동 0 | 2홉+ 0.65 | 도달  888 | 차단 2039
Ep 1419 | Step 1000 | R   150.95 | 배송 18/50 | 미활동 0 | 2홉+ 0.64 | 도달  947 | 차단 2364
Ep 1420 | Step 1000 | R   288.10 | 배송 26/50 | 미활동 0 | 2홉+ 0.58 | 도달  900 | 차단 1465
Ep 1421 | Step 1000 | R   253.39 | 배송 25/50 | 미활동 0 | 2홉+ 0.66 | 도달  964 | 차단 2397
Ep 1422 | Step 1000 | R   326.80 | 배송 28/50 | 미활동 0 | 2홉+ 0.59 | 도달  976 | 차단 1073
Ep 1423 | Step 1000 | R   288.74 | 배송 24/50 | 미활동 0 | 2홉+ 0.65 | 도달 1074 | 차단 1854
Ep 1424 | Step 1000 | R   327.34 | 배송 25/50 | 미활동 0 | 2홉+ 0.61 | 도달  764 | 차단 2128
Ep 1425 | Step 1000 | R   379.92 | 배송 28/50 | 미활동 0 | 2홉+ 0.62 | 도달  793 | 차단 1511
Ep 1426 | Step 1000 | R   242.65 | 배송 23/50 | 미활동 0 | 2홉+ 0.47 | 도달  862 | 차단 1889
Ep 1427 | Step 1000 | R   259.41 | 배송 25/50 | 미활동 0 | 2홉+ 0.69 | 도달 1000 | 차단 2208
Ep 1428 | Step 1000 | R   323.74 | 배송 28/50 | 미활동 0 | 2홉+ 0.66 | 도달  859 | 차단 2272
Ep 1429 | Step 1000 | R   272.26 | 배송 22/50 | 미활동 0 | 2홉+ 0.48 | 도달  748 | 차단 1911
Ep 1430 | Step 1000 | R   221.26 | 배송 20/50 | 미활동 0 | 2홉+ 0.52 | 도달  732 | 차단 1810
Ep 1431 | Step 1000 | R   224.37 | 배송 22/50 | 미활동 0 | 2홉+ 0.67 | 도달  746 | 차단 2540
Ep 1432 | Step 1000 | R   275.68 | 배송 23/50 | 미활동 0 | 2홉+ 0.50 | 도달  879 | 차단 1622
Ep 1433 | Step 1000 | R   240.16 | 배송 23/50 | 미활동 0 | 2홉+ 0.45 | 도달  767 | 차단 2121
Ep 1434 | Step 1000 | R   197.49 | 배송 20/50 | 미활동 0 | 2홉+ 0.62 | 도달  641 | 차단 1411
Ep 1435 | Step 1000 | R   185.00 | 배송 20/50 | 미활동 0 | 2홉+ 0.55 | 도달  987 | 차단 1439
Ep 1436 | Step 1000 | R   140.98 | 배송 19/50 | 미활동 0 | 2홉+ 0.48 | 도달  821 | 차단 1733
Ep 1437 | Step 1000 | R   352.32 | 배송 29/50 | 미활동 0 | 2홉+ 0.65 | 도달  999 | 차단 1613
Ep 1438 | Step 1000 | R   241.18 | 배송 23/50 | 미활동 0 | 2홉+ 0.69 | 도달  978 | 차단 2136
Ep 1439 | Step 1000 | R   437.53 | 배송 30/50 | 미활동 0 | 2홉+ 0.62 | 도달 1074 | 차단 1349
Ep 1440 | Step 1000 | R   173.18 | 배송 19/50 | 미활동 0 | 2홉+ 0.50 | 도달  780 | 차단 1830
Ep 1441 | Step 1000 | R   216.86 | 배송 22/50 | 미활동 0 | 2홉+ 0.60 | 도달  756 | 차단 1370
Ep 1442 | Step 1000 | R   281.17 | 배송 23/50 | 미활동 0 | 2홉+ 0.69 | 도달 1074 | 차단 1897
Ep 1443 | Step 1000 | R   285.74 | 배송 26/50 | 미활동 0 | 2홉+ 0.49 | 도달  858 | 차단 1691
Ep 1444 | Step 1000 | R   356.09 | 배송 26/50 | 미활동 0 | 2홉+ 0.54 | 도달  819 | 차단 1522
Ep 1445 | Step 1000 | R   346.76 | 배송 27/50 | 미활동 0 | 2홉+ 0.59 | 도달  899 | 차단 1240
Ep 1446 | Step 1000 | R   208.22 | 배송 20/50 | 미활동 0 | 2홉+ 0.53 | 도달  665 | 차단  328
Ep 1447 | Step 1000 | R   181.82 | 배송 21/50 | 미활동 0 | 2홉+ 0.56 | 도달  832 | 차단 2413
Ep 1448 | Step 1000 | R   267.07 | 배송 23/50 | 미활동 0 | 2홉+ 0.55 | 도달  658 | 차단 1259
Ep 1449 | Step 1000 | R   224.18 | 배송 21/50 | 미활동 0 | 2홉+ 0.53 | 도달  967 | 차단 2172
Ep 1450 | Step 1000 | R   350.19 | 배송 27/50 | 미활동 0 | 2홉+ 0.48 | 도달  834 | 차단  978
  [홀드아웃] 배송 10.8±3.6 미활동 0.17 2홉+ 0.72 도달 676 | 최고 13.8@ep1200 | 정체 5/15
Ep 1451 | Step 1000 | R   407.79 | 배송 30/50 | 미활동 0 | 2홉+ 0.59 | 도달 1053 | 차단 1195
Ep 1452 | Step 1000 | R   260.56 | 배송 24/50 | 미활동 0 | 2홉+ 0.53 | 도달  858 | 차단 1893
Ep 1453 | Step 1000 | R   193.78 | 배송 21/50 | 미활동 0 | 2홉+ 0.68 | 도달  834 | 차단 2104
Ep 1454 | Step 1000 | R   321.67 | 배송 25/50 | 미활동 0 | 2홉+ 0.68 | 도달  880 | 차단 2662
Ep 1455 | Step 1000 | R   270.46 | 배송 22/50 | 미활동 0 | 2홉+ 0.67 | 도달 1028 | 차단 2224
Ep 1456 | Step 1000 | R   307.31 | 배송 24/50 | 미활동 0 | 2홉+ 0.65 | 도달  807 | 차단 1282
Ep 1457 | Step 1000 | R   317.80 | 배송 25/50 | 미활동 0 | 2홉+ 0.50 | 도달  783 | 차단 1489
Ep 1458 | Step 1000 | R   378.71 | 배송 29/50 | 미활동 0 | 2홉+ 0.51 | 도달  868 | 차단  990
Ep 1459 | Step 1000 | R   232.82 | 배송 22/50 | 미활동 0 | 2홉+ 0.55 | 도달  743 | 차단 2411
Ep 1460 | Step 1000 | R   144.53 | 배송 18/50 | 미활동 0 | 2홉+ 0.66 | 도달  735 | 차단 1494
Ep 1461 | Step 1000 | R   341.99 | 배송 26/50 | 미활동 0 | 2홉+ 0.64 | 도달  954 | 차단 2175
Ep 1462 | Step 1000 | R   338.16 | 배송 26/50 | 미활동 0 | 2홉+ 0.68 | 도달  862 | 차단 1150
Ep 1463 | Step 1000 | R   235.91 | 배송 23/50 | 미활동 0 | 2홉+ 0.70 | 도달  851 | 차단 2564
Ep 1464 | Step 1000 | R   359.86 | 배송 28/50 | 미활동 0 | 2홉+ 0.66 | 도달 1047 | 차단 2411
Ep 1465 | Step 1000 | R   207.98 | 배송 22/50 | 미활동 0 | 2홉+ 0.63 | 도달  820 | 차단 1935
Ep 1466 | Step 1000 | R   344.96 | 배송 26/50 | 미활동 0 | 2홉+ 0.68 | 도달  798 | 차단  841
Ep 1467 | Step 1000 | R   368.30 | 배송 27/50 | 미활동 0 | 2홉+ 0.62 | 도달 1033 | 차단 1738
Ep 1468 | Step 1000 | R   279.59 | 배송 25/50 | 미활동 0 | 2홉+ 0.58 | 도달  651 | 차단 1275
Ep 1469 | Step 1000 | R   228.55 | 배송 24/50 | 미활동 0 | 2홉+ 0.69 | 도달  809 | 차단 1883
Ep 1470 | Step 1000 | R    75.75 | 배송 15/50 | 미활동 0 | 2홉+ 0.73 | 도달 1000 | 차단 2904
Ep 1471 | Step 1000 | R   401.39 | 배송 30/50 | 미활동 0 | 2홉+ 0.61 | 도달  918 | 차단 1511
Ep 1472 | Step 1000 | R   225.87 | 배송 21/50 | 미활동 0 | 2홉+ 0.62 | 도달  763 | 차단 2125
Ep 1473 | Step 1000 | R   246.34 | 배송 23/50 | 미활동 0 | 2홉+ 0.66 | 도달  723 | 차단 2088
Ep 1474 | Step 1000 | R   109.69 | 배송 17/50 | 미활동 0 | 2홉+ 0.69 | 도달  789 | 차단 2647
Ep 1475 | Step 1000 | R   231.16 | 배송 23/50 | 미활동 0 | 2홉+ 0.64 | 도달  869 | 차단 1157
Ep 1476 | Step 1000 | R   413.06 | 배송 31/50 | 미활동 0 | 2홉+ 0.66 | 도달  924 | 차단 1657
Ep 1477 | Step 1000 | R   268.72 | 배송 25/50 | 미활동 0 | 2홉+ 0.68 | 도달  858 | 차단 2207
Ep 1478 | Step 1000 | R   379.10 | 배송 30/50 | 미활동 0 | 2홉+ 0.62 | 도달  875 | 차단 1330
Ep 1479 | Step 1000 | R   306.29 | 배송 24/50 | 미활동 0 | 2홉+ 0.61 | 도달  831 | 차단 1682
Ep 1480 | Step 1000 | R   240.06 | 배송 20/50 | 미활동 0 | 2홉+ 0.67 | 도달  827 | 차단 2836
Ep 1481 | Step 1000 | R   266.64 | 배송 21/50 | 미활동 0 | 2홉+ 0.54 | 도달  892 | 차단 1792
Ep 1482 | Step 1000 | R   123.32 | 배송 18/50 | 미활동 0 | 2홉+ 0.69 | 도달  852 | 차단 2447
Ep 1483 | Step 1000 | R   238.60 | 배송 21/50 | 미활동 0 | 2홉+ 0.58 | 도달  816 | 차단 1815
Ep 1484 | Step 1000 | R   262.57 | 배송 23/50 | 미활동 0 | 2홉+ 0.64 | 도달  975 | 차단 1758
Ep 1485 | Step 1000 | R   338.32 | 배송 26/50 | 미활동 0 | 2홉+ 0.67 | 도달  735 | 차단  975
Ep 1486 | Step 1000 | R   290.76 | 배송 23/50 | 미활동 0 | 2홉+ 0.54 | 도달  747 | 차단 1698
Ep 1487 | Step 1000 | R   233.01 | 배송 23/50 | 미활동 0 | 2홉+ 0.45 | 도달  834 | 차단 1157
Ep 1488 | Step 1000 | R   276.43 | 배송 25/50 | 미활동 0 | 2홉+ 0.44 | 도달  708 | 차단 1727
Ep 1489 | Step 1000 | R   298.37 | 배송 26/50 | 미활동 0 | 2홉+ 0.55 | 도달  776 | 차단 1278
Ep 1490 | Step 1000 | R   252.71 | 배송 21/50 | 미활동 0 | 2홉+ 0.42 | 도달  757 | 차단  977
Ep 1491 | Step 1000 | R   238.73 | 배송 21/50 | 미활동 0 | 2홉+ 0.48 | 도달  758 | 차단 1509
Ep 1492 | Step 1000 | R   280.14 | 배송 25/50 | 미활동 0 | 2홉+ 0.62 | 도달  773 | 차단 2172
Ep 1493 | Step 1000 | R   265.50 | 배송 24/50 | 미활동 0 | 2홉+ 0.60 | 도달  800 | 차단 2026
Ep 1494 | Step 1000 | R   449.30 | 배송 33/50 | 미활동 0 | 2홉+ 0.64 | 도달  873 | 차단  993
Ep 1495 | Step 1000 | R   307.63 | 배송 24/50 | 미활동 0 | 2홉+ 0.43 | 도달  723 | 차단 1235
Ep 1496 | Step 1000 | R   225.38 | 배송 20/50 | 미활동 0 | 2홉+ 0.54 | 도달  825 | 차단 1565
Ep 1497 | Step 1000 | R   376.28 | 배송 27/50 | 미활동 0 | 2홉+ 0.53 | 도달  719 | 차단 1438
Ep 1498 | Step 1000 | R   244.46 | 배송 21/50 | 미활동 0 | 2홉+ 0.64 | 도달  941 | 차단 2585
Ep 1499 | Step 1000 | R   246.94 | 배송 22/50 | 미활동 0 | 2홉+ 0.59 | 도달  866 | 차단 1921
Ep 1500 | Step 1000 | R   307.46 | 배송 24/50 | 미활동 0 | 2홉+ 0.52 | 도달  967 | 차단 1612
  [홀드아웃] 배송 10.3±5.0 미활동 0.50 2홉+ 0.60 도달 590 | 최고 13.8@ep1200 | 정체 6/15
Ep 1501 | Step 1000 | R   357.68 | 배송 30/50 | 미활동 0 | 2홉+ 0.66 | 도달  975 | 차단 1998
Ep 1502 | Step 1000 | R   364.76 | 배송 27/50 | 미활동 0 | 2홉+ 0.51 | 도달  787 | 차단 1599
Ep 1503 | Step 1000 | R   378.06 | 배송 28/50 | 미활동 0 | 2홉+ 0.62 | 도달  872 | 차단 1542
Ep 1504 | Step 1000 | R   281.23 | 배송 24/50 | 미활동 0 | 2홉+ 0.65 | 도달  925 | 차단 2478
Ep 1505 | Step 1000 | R   313.71 | 배송 26/50 | 미활동 0 | 2홉+ 0.66 | 도달  953 | 차단 1955
Ep 1506 | Step 1000 | R   356.44 | 배송 29/50 | 미활동 0 | 2홉+ 0.61 | 도달  807 | 차단 1672
Ep 1507 | Step 1000 | R   378.93 | 배송 28/50 | 미활동 0 | 2홉+ 0.54 | 도달  817 | 차단 1626
Ep 1508 | Step 1000 | R   283.07 | 배송 22/50 | 미활동 0 | 2홉+ 0.64 | 도달  963 | 차단 1658
Ep 1509 | Step 1000 | R   291.88 | 배송 25/50 | 미활동 0 | 2홉+ 0.56 | 도달  791 | 차단 1126
Ep 1510 | Step 1000 | R   264.70 | 배송 24/50 | 미활동 0 | 2홉+ 0.50 | 도달  933 | 차단 1648
Ep 1511 | Step 1000 | R   358.25 | 배송 30/50 | 미활동 0 | 2홉+ 0.65 | 도달  964 | 차단 1729
Ep 1512 | Step 1000 | R   246.80 | 배송 22/50 | 미활동 0 | 2홉+ 0.43 | 도달  655 | 차단 2010
Ep 1513 | Step 1000 | R   319.12 | 배송 26/50 | 미활동 0 | 2홉+ 0.66 | 도달 1013 | 차단 1788
Ep 1514 | Step 1000 | R    74.89 | 배송 15/50 | 미활동 0 | 2홉+ 0.72 | 도달  914 | 차단 2921
Ep 1515 | Step 1000 | R   209.48 | 배송 20/50 | 미활동 0 | 2홉+ 0.60 | 도달  756 | 차단 2278
Ep 1516 | Step 1000 | R   435.82 | 배송 32/50 | 미활동 0 | 2홉+ 0.52 | 도달  890 | 차단 1121
Ep 1517 | Step 1000 | R   392.62 | 배송 30/50 | 미활동 0 | 2홉+ 0.64 | 도달  866 | 차단 1479
Ep 1518 | Step 1000 | R   347.35 | 배송 27/50 | 미활동 0 | 2홉+ 0.54 | 도달  831 | 차단 2213
Ep 1519 | Step 1000 | R   408.49 | 배송 30/50 | 미활동 0 | 2홉+ 0.58 | 도달  934 | 차단 1391
Ep 1520 | Step 1000 | R   206.43 | 배송 20/50 | 미활동 0 | 2홉+ 0.29 | 도달  641 | 차단 1292
Ep 1521 | Step 1000 | R   245.19 | 배송 23/50 | 미활동 0 | 2홉+ 0.56 | 도달  720 | 차단 2102
Ep 1522 | Step 1000 | R   347.74 | 배송 27/50 | 미활동 0 | 2홉+ 0.63 | 도달  769 | 차단 1093
Ep 1523 | Step 1000 | R   198.61 | 배송 20/50 | 미활동 0 | 2홉+ 0.48 | 도달  755 | 차단 1652
Ep 1524 | Step 1000 | R   163.19 | 배송 18/50 | 미활동 0 | 2홉+ 0.46 | 도달  755 | 차단  831
Ep 1525 | Step 1000 | R   311.09 | 배송 25/50 | 미활동 0 | 2홉+ 0.49 | 도달  652 | 차단 1642
Ep 1526 | Step 1000 | R    77.24 | 배송 14/50 | 미활동 0 | 2홉+ 0.72 | 도달  962 | 차단 2487
Ep 1527 | Step 1000 | R   273.19 | 배송 22/50 | 미활동 0 | 2홉+ 0.53 | 도달  979 | 차단 2078
Ep 1528 | Step 1000 | R   363.75 | 배송 29/50 | 미활동 0 | 2홉+ 0.61 | 도달  957 | 차단 1226
Ep 1529 | Step 1000 | R   325.53 | 배송 25/50 | 미활동 0 | 2홉+ 0.53 | 도달  723 | 차단 1218
Ep 1530 | Step 1000 | R   334.65 | 배송 25/50 | 미활동 0 | 2홉+ 0.64 | 도달  954 | 차단 2234
Ep 1531 | Step 1000 | R   278.99 | 배송 25/50 | 미활동 0 | 2홉+ 0.53 | 도달  973 | 차단 1531
Ep 1532 | Step 1000 | R   133.34 | 배송 18/50 | 미활동 0 | 2홉+ 0.66 | 도달  754 | 차단 2677
Ep 1533 | Step 1000 | R   216.07 | 배송 23/50 | 미활동 0 | 2홉+ 0.55 | 도달  659 | 차단 2147
Ep 1534 | Step 1000 | R   251.86 | 배송 20/50 | 미활동 0 | 2홉+ 0.60 | 도달  881 | 차단 2190
Ep 1535 | Step 1000 | R   191.55 | 배송 21/50 | 미활동 0 | 2홉+ 0.57 | 도달  646 | 차단 2083
Ep 1536 | Step 1000 | R   426.47 | 배송 30/50 | 미활동 0 | 2홉+ 0.57 | 도달  990 | 차단  899
Ep 1537 | Step 1000 | R   382.50 | 배송 28/50 | 미활동 0 | 2홉+ 0.62 | 도달  956 | 차단 1504
Ep 1538 | Step 1000 | R   264.14 | 배송 24/50 | 미활동 0 | 2홉+ 0.62 | 도달  999 | 차단 1461
Ep 1539 | Step 1000 | R   272.81 | 배송 22/50 | 미활동 0 | 2홉+ 0.48 | 도달  735 | 차단 2184
Ep 1540 | Step 1000 | R   310.50 | 배송 24/50 | 미활동 0 | 2홉+ 0.52 | 도달  767 | 차단 1512
Ep 1541 | Step 1000 | R   421.99 | 배송 32/50 | 미활동 0 | 2홉+ 0.66 | 도달  784 | 차단 1256
Ep 1542 | Step 1000 | R   213.40 | 배송 21/50 | 미활동 0 | 2홉+ 0.48 | 도달  689 | 차단 2751
Ep 1543 | Step 1000 | R   303.32 | 배송 24/50 | 미활동 0 | 2홉+ 0.56 | 도달  911 | 차단 1648
Ep 1544 | Step 1000 | R   343.36 | 배송 28/50 | 미활동 0 | 2홉+ 0.55 | 도달  976 | 차단 1445
Ep 1545 | Step 1000 | R   271.48 | 배송 21/50 | 미활동 0 | 2홉+ 0.42 | 도달  740 | 차단 1561
Ep 1546 | Step 1000 | R   250.72 | 배송 23/50 | 미활동 0 | 2홉+ 0.62 | 도달  918 | 차단 1643
Ep 1547 | Step 1000 | R   257.55 | 배송 20/50 | 미활동 0 | 2홉+ 0.66 | 도달  981 | 차단 1492
Ep 1548 | Step 1000 | R   323.74 | 배송 25/50 | 미활동 0 | 2홉+ 0.61 | 도달  858 | 차단 1413
Ep 1549 | Step 1000 | R   276.88 | 배송 21/50 | 미활동 0 | 2홉+ 0.53 | 도달  844 | 차단 1260
Ep 1550 | Step 1000 | R   312.56 | 배송 25/50 | 미활동 0 | 2홉+ 0.58 | 도달  892 | 차단 1631
  [홀드아웃] 배송 8.2±3.9 미활동 0.83 2홉+ 0.68 도달 856 | 최고 13.8@ep1200 | 정체 7/15
Ep 1551 | Step 1000 | R   335.73 | 배송 27/50 | 미활동 0 | 2홉+ 0.69 | 도달  958 | 차단 1452
Ep 1552 | Step 1000 | R   402.54 | 배송 27/50 | 미활동 0 | 2홉+ 0.64 | 도달  900 | 차단 1310
Ep 1553 | Step 1000 | R   414.21 | 배송 30/50 | 미활동 0 | 2홉+ 0.59 | 도달  958 | 차단 1063
Ep 1554 | Step 1000 | R   211.09 | 배송 22/50 | 미활동 0 | 2홉+ 0.69 | 도달  981 | 차단 1939
Ep 1555 | Step 1000 | R   290.08 | 배송 26/50 | 미활동 0 | 2홉+ 0.65 | 도달  862 | 차단 1574
Ep 1556 | Step 1000 | R   215.77 | 배송 20/50 | 미활동 0 | 2홉+ 0.56 | 도달  937 | 차단 2171
Ep 1557 | Step 1000 | R   242.35 | 배송 22/50 | 미활동 0 | 2홉+ 0.62 | 도달  813 | 차단 1881
Ep 1558 | Step 1000 | R   308.55 | 배송 26/50 | 미활동 0 | 2홉+ 0.59 | 도달  876 | 차단 2151
Ep 1559 | Step 1000 | R   293.89 | 배송 24/50 | 미활동 0 | 2홉+ 0.63 | 도달  756 | 차단 1915
Ep 1560 | Step 1000 | R   274.29 | 배송 25/50 | 미활동 0 | 2홉+ 0.54 | 도달 1011 | 차단 1755
Ep 1561 | Step 1000 | R   436.03 | 배송 32/50 | 미활동 0 | 2홉+ 0.66 | 도달  887 | 차단 1194
Ep 1562 | Step 1000 | R   333.88 | 배송 28/50 | 미활동 0 | 2홉+ 0.65 | 도달  780 | 차단 1963
Ep 1563 | Step 1000 | R   363.43 | 배송 27/50 | 미활동 0 | 2홉+ 0.57 | 도달  850 | 차단 1651
Ep 1564 | Step 1000 | R   132.63 | 배송 16/50 | 미활동 0 | 2홉+ 0.52 | 도달  652 | 차단 2504
Ep 1565 | Step 1000 | R   423.34 | 배송 32/50 | 미활동 0 | 2홉+ 0.62 | 도달  963 | 차단 1602
Ep 1566 | Step 1000 | R   329.79 | 배송 26/50 | 미활동 0 | 2홉+ 0.67 | 도달  997 | 차단 1464
Ep 1567 | Step 1000 | R   196.48 | 배송 19/50 | 미활동 0 | 2홉+ 0.30 | 도달  755 | 차단  968
Ep 1568 | Step 1000 | R   374.29 | 배송 29/50 | 미활동 0 | 2홉+ 0.62 | 도달  728 | 차단  705
Ep 1569 | Step 1000 | R   308.52 | 배송 25/50 | 미활동 0 | 2홉+ 0.68 | 도달  776 | 차단 1668
Ep 1570 | Step 1000 | R   254.42 | 배송 20/50 | 미활동 0 | 2홉+ 0.64 | 도달  835 | 차단 2165
Ep 1571 | Step 1000 | R   325.02 | 배송 26/50 | 미활동 0 | 2홉+ 0.66 | 도달 1026 | 차단 1607
Ep 1572 | Step 1000 | R    96.57 | 배송 18/50 | 미활동 0 | 2홉+ 0.73 | 도달  843 | 차단 3083
Ep 1573 | Step 1000 | R   232.20 | 배송 24/50 | 미활동 0 | 2홉+ 0.61 | 도달  737 | 차단 1826
Ep 1574 | Step 1000 | R   278.37 | 배송 22/50 | 미활동 0 | 2홉+ 0.62 | 도달  896 | 차단 1339
Ep 1575 | Step 1000 | R   454.45 | 배송 34/50 | 미활동 0 | 2홉+ 0.61 | 도달  883 | 차단 1223
Ep 1576 | Step 1000 | R   408.02 | 배송 31/50 | 미활동 0 | 2홉+ 0.67 | 도달  924 | 차단 1546
Ep 1577 | Step 1000 | R   256.09 | 배송 22/50 | 미활동 0 | 2홉+ 0.46 | 도달  846 | 차단  974
Ep 1578 | Step 1000 | R   230.92 | 배송 22/50 | 미활동 0 | 2홉+ 0.61 | 도달  860 | 차단 2135
Ep 1579 | Step 1000 | R    88.44 | 배송 14/50 | 미활동 0 | 2홉+ 0.49 | 도달  826 | 차단 1724
Ep 1580 | Step 1000 | R   222.79 | 배송 20/50 | 미활동 0 | 2홉+ 0.51 | 도달  641 | 차단 1713
Ep 1581 | Step 1000 | R    44.34 | 배송 12/50 | 미활동 0 | 2홉+ 0.72 | 도달 1002 | 차단 2878
Ep 1582 | Step 1000 | R   407.54 | 배송 31/50 | 미활동 0 | 2홉+ 0.63 | 도달  836 | 차단 1653
Ep 1583 | Step 1000 | R   312.75 | 배송 24/50 | 미활동 0 | 2홉+ 0.49 | 도달  892 | 차단 1317
Ep 1584 | Step 1000 | R   321.13 | 배송 25/50 | 미활동 0 | 2홉+ 0.45 | 도달  751 | 차단  949
Ep 1585 | Step 1000 | R   272.78 | 배송 26/50 | 미활동 0 | 2홉+ 0.68 | 도달  878 | 차단 2234
Ep 1586 | Step 1000 | R   180.55 | 배송 18/50 | 미활동 0 | 2홉+ 0.19 | 도달  596 | 차단   31
Ep 1587 | Step 1000 | R   290.27 | 배송 24/50 | 미활동 0 | 2홉+ 0.66 | 도달  795 | 차단 2046
Ep 1588 | Step 1000 | R   233.85 | 배송 21/50 | 미활동 0 | 2홉+ 0.50 | 도달  664 | 차단 1803
Ep 1589 | Step 1000 | R   187.26 | 배송 19/50 | 미활동 0 | 2홉+ 0.46 | 도달  898 | 차단 1172
Ep 1590 | Step 1000 | R    89.10 | 배송 15/50 | 미활동 0 | 2홉+ 0.73 | 도달 1006 | 차단 2318
Ep 1591 | Step 1000 | R   338.15 | 배송 24/50 | 미활동 0 | 2홉+ 0.58 | 도달 1074 | 차단 1480
Ep 1592 | Step 1000 | R   303.80 | 배송 25/50 | 미활동 0 | 2홉+ 0.62 | 도달  938 | 차단 1930
Ep 1593 | Step 1000 | R   256.26 | 배송 23/50 | 미활동 0 | 2홉+ 0.55 | 도달  661 | 차단 1585
Ep 1594 | Step 1000 | R   197.75 | 배송 20/50 | 미활동 0 | 2홉+ 0.55 | 도달  577 | 차단 1213
Ep 1595 | Step 1000 | R   262.17 | 배송 23/50 | 미활동 0 | 2홉+ 0.61 | 도달  991 | 차단 1091
Ep 1596 | Step 1000 | R   377.90 | 배송 27/50 | 미활동 0 | 2홉+ 0.57 | 도달  755 | 차단 1240
Ep 1597 | Step 1000 | R   363.20 | 배송 28/50 | 미활동 0 | 2홉+ 0.53 | 도달  830 | 차단  927
Ep 1598 | Step 1000 | R   253.81 | 배송 21/50 | 미활동 0 | 2홉+ 0.48 | 도달  703 | 차단 1849
Ep 1599 | Step 1000 | R   322.55 | 배송 27/50 | 미활동 0 | 2홉+ 0.67 | 도달  775 | 차단 1915
Ep 1600 | Step 1000 | R   363.45 | 배송 27/50 | 미활동 0 | 2홉+ 0.61 | 도달  961 | 차단 1613
  [홀드아웃] 배송 8.2±3.8 미활동 0.83 2홉+ 0.69 도달 679 | 최고 13.8@ep1200 | 정체 8/15
Ep 1601 | Step 1000 | R   201.29 | 배송 19/50 | 미활동 0 | 2홉+ 0.54 | 도달  902 | 차단 1893
Ep 1602 | Step 1000 | R   205.26 | 배송 19/50 | 미활동 0 | 2홉+ 0.47 | 도달  648 | 차단 1942
Ep 1603 | Step 1000 | R   265.09 | 배송 22/50 | 미활동 0 | 2홉+ 0.46 | 도달  894 | 차단 1911
Ep 1604 | Step 1000 | R   309.48 | 배송 27/50 | 미활동 0 | 2홉+ 0.66 | 도달  958 | 차단 2280
Ep 1605 | Step 1000 | R   257.10 | 배송 23/50 | 미활동 0 | 2홉+ 0.48 | 도달  722 | 차단 1354
Ep 1606 | Step 1000 | R   128.14 | 배송 17/50 | 미활동 0 | 2홉+ 0.46 | 도달  738 | 차단 1063
Ep 1607 | Step 1000 | R   350.59 | 배송 24/50 | 미활동 0 | 2홉+ 0.60 | 도달  735 | 차단 1355
Ep 1608 | Step 1000 | R   234.85 | 배송 22/50 | 미활동 0 | 2홉+ 0.49 | 도달  718 | 차단 1992
Ep 1609 | Step 1000 | R   352.97 | 배송 28/50 | 미활동 0 | 2홉+ 0.46 | 도달  865 | 차단 1283
Ep 1610 | Step 1000 | R   300.62 | 배송 24/50 | 미활동 0 | 2홉+ 0.64 | 도달  982 | 차단 1779
Ep 1611 | Step 1000 | R   332.41 | 배송 28/50 | 미활동 0 | 2홉+ 0.54 | 도달  897 | 차단 1527
Ep 1612 | Step 1000 | R   197.36 | 배송 21/50 | 미활동 0 | 2홉+ 0.54 | 도달  986 | 차단 2191
Ep 1613 | Step 1000 | R   285.10 | 배송 25/50 | 미활동 0 | 2홉+ 0.51 | 도달  794 | 차단 1522
Ep 1614 | Step 1000 | R   286.99 | 배송 26/50 | 미활동 0 | 2홉+ 0.66 | 도달  841 | 차단 1726
Ep 1615 | Step 1000 | R   307.56 | 배송 25/50 | 미활동 0 | 2홉+ 0.64 | 도달  969 | 차단 1812
Ep 1616 | Step 1000 | R   205.34 | 배송 22/50 | 미활동 0 | 2홉+ 0.37 | 도달  633 | 차단 1594
Ep 1617 | Step 1000 | R   191.52 | 배송 19/50 | 미활동 0 | 2홉+ 0.57 | 도달  964 | 차단 1178
Ep 1618 | Step 1000 | R   360.39 | 배송 29/50 | 미활동 0 | 2홉+ 0.61 | 도달  805 | 차단 1023
Ep 1619 | Step 1000 | R   221.48 | 배송 23/50 | 미활동 0 | 2홉+ 0.71 | 도달  917 | 차단 1656
Ep 1620 | Step 1000 | R   300.90 | 배송 24/50 | 미활동 0 | 2홉+ 0.61 | 도달  742 | 차단 1428
Ep 1621 | Step 1000 | R   307.48 | 배송 24/50 | 미활동 0 | 2홉+ 0.49 | 도달  845 | 차단 1426
Ep 1622 | Step 1000 | R   263.43 | 배송 23/50 | 미활동 0 | 2홉+ 0.59 | 도달  694 | 차단 1352
Ep 1623 | Step 1000 | R   421.41 | 배송 30/50 | 미활동 0 | 2홉+ 0.47 | 도달  793 | 차단 1179
Ep 1624 | Step 1000 | R    91.86 | 배송 16/50 | 미활동 0 | 2홉+ 0.73 | 도달  991 | 차단 2373
Ep 1625 | Step 1000 | R   273.22 | 배송 24/50 | 미활동 0 | 2홉+ 0.45 | 도달  749 | 차단  819
Ep 1626 | Step 1000 | R   237.84 | 배송 20/50 | 미활동 0 | 2홉+ 0.39 | 도달  696 | 차단  936
Ep 1627 | Step 1000 | R   300.82 | 배송 24/50 | 미활동 0 | 2홉+ 0.66 | 도달  890 | 차단 1742
Ep 1628 | Step 1000 | R   361.56 | 배송 29/50 | 미활동 0 | 2홉+ 0.58 | 도달 1010 | 차단 1435
Ep 1629 | Step 1000 | R   483.16 | 배송 36/50 | 미활동 0 | 2홉+ 0.63 | 도달  939 | 차단  879
Ep 1630 | Step 1000 | R   210.29 | 배송 19/50 | 미활동 0 | 2홉+ 0.55 | 도달  644 | 차단 1803
Ep 1631 | Step 1000 | R   271.46 | 배송 22/50 | 미활동 0 | 2홉+ 0.68 | 도달  891 | 차단 1937
Ep 1632 | Step 1000 | R   179.63 | 배송 19/50 | 미활동 0 | 2홉+ 0.43 | 도달  704 | 차단 1120
Ep 1633 | Step 1000 | R   231.06 | 배송 21/50 | 미활동 0 | 2홉+ 0.63 | 도달  705 | 차단 1730
Ep 1634 | Step 1000 | R   416.47 | 배송 27/50 | 미활동 0 | 2홉+ 0.60 | 도달  871 | 차단 1052
Ep 1635 | Step 1000 | R   219.53 | 배송 22/50 | 미활동 0 | 2홉+ 0.53 | 도달  603 | 차단  839
Ep 1636 | Step 1000 | R   396.35 | 배송 29/50 | 미활동 0 | 2홉+ 0.53 | 도달  779 | 차단 1231
Ep 1637 | Step 1000 | R   160.00 | 배송 18/50 | 미활동 0 | 2홉+ 0.50 | 도달  727 | 차단 2175
Ep 1638 | Step 1000 | R   221.99 | 배송 21/50 | 미활동 0 | 2홉+ 0.59 | 도달  851 | 차단 2220
Ep 1639 | Step 1000 | R   445.30 | 배송 32/50 | 미활동 0 | 2홉+ 0.64 | 도달  794 | 차단  354
Ep 1640 | Step 1000 | R   244.92 | 배송 21/50 | 미활동 0 | 2홉+ 0.53 | 도달  807 | 차단 1472
Ep 1641 | Step 1000 | R   231.78 | 배송 22/50 | 미활동 0 | 2홉+ 0.39 | 도달  640 | 차단  585
Ep 1642 | Step 1000 | R   496.43 | 배송 34/50 | 미활동 0 | 2홉+ 0.63 | 도달  999 | 차단  794
Ep 1643 | Step 1000 | R   314.77 | 배송 25/50 | 미활동 0 | 2홉+ 0.59 | 도달  924 | 차단 1204
Ep 1644 | Step 1000 | R   339.99 | 배송 28/50 | 미활동 0 | 2홉+ 0.62 | 도달 1008 | 차단 1732
Ep 1645 | Step 1000 | R   358.32 | 배송 28/50 | 미활동 0 | 2홉+ 0.68 | 도달  924 | 차단 2356
Ep 1646 | Step 1000 | R   280.08 | 배송 24/50 | 미활동 0 | 2홉+ 0.47 | 도달  813 | 차단 1149
Ep 1647 | Step 1000 | R   354.05 | 배송 29/50 | 미활동 0 | 2홉+ 0.63 | 도달  814 | 차단 1566
Ep 1648 | Step 1000 | R   399.49 | 배송 33/50 | 미활동 0 | 2홉+ 0.62 | 도달  903 | 차단 1548
Ep 1649 | Step 1000 | R   398.21 | 배송 30/50 | 미활동 0 | 2홉+ 0.64 | 도달  876 | 차단 1546
Ep 1650 | Step 1000 | R   263.11 | 배송 22/50 | 미활동 0 | 2홉+ 0.32 | 도달  657 | 차단  908
  [홀드아웃] 배송 11.3±6.1 미활동 0.50 2홉+ 0.54 도달 642 | 최고 13.8@ep1200 | 정체 9/15
Ep 1651 | Step 1000 | R   288.90 | 배송 23/50 | 미활동 0 | 2홉+ 0.51 | 도달  772 | 차단 1839
Ep 1652 | Step 1000 | R   349.88 | 배송 29/50 | 미활동 0 | 2홉+ 0.59 | 도달  794 | 차단 1902
Ep 1653 | Step 1000 | R   222.91 | 배송 21/50 | 미활동 0 | 2홉+ 0.68 | 도달  963 | 차단 2255
Ep 1654 | Step 1000 | R   271.89 | 배송 23/50 | 미활동 0 | 2홉+ 0.48 | 도달  693 | 차단  887
Ep 1655 | Step 1000 | R   275.39 | 배송 24/50 | 미활동 0 | 2홉+ 0.59 | 도달  914 | 차단 1306
Ep 1656 | Step 1000 | R   383.27 | 배송 28/50 | 미활동 0 | 2홉+ 0.66 | 도달  962 | 차단 1369
Ep 1657 | Step 1000 | R   177.87 | 배송 18/50 | 미활동 0 | 2홉+ 0.38 | 도달  678 | 차단  880
Ep 1658 | Step 1000 | R   309.71 | 배송 27/50 | 미활동 0 | 2홉+ 0.66 | 도달  968 | 차단 1380
Ep 1659 | Step 1000 | R   246.51 | 배송 22/50 | 미활동 0 | 2홉+ 0.43 | 도달  671 | 차단 1394
Ep 1660 | Step 1000 | R   298.68 | 배송 24/50 | 미활동 0 | 2홉+ 0.51 | 도달  801 | 차단 1783
Ep 1661 | Step 1000 | R   438.96 | 배송 33/50 | 미활동 0 | 2홉+ 0.52 | 도달  956 | 차단 1043
Ep 1662 | Step 1000 | R   210.80 | 배송 21/50 | 미활동 0 | 2홉+ 0.49 | 도달  708 | 차단 1026
Ep 1663 | Step 1000 | R   330.86 | 배송 26/50 | 미활동 0 | 2홉+ 0.65 | 도달  773 | 차단 1062
Ep 1664 | Step 1000 | R   197.36 | 배송 17/50 | 미활동 0 | 2홉+ 0.66 | 도달  989 | 차단 1599
Ep 1665 | Step 1000 | R   205.58 | 배송 22/50 | 미활동 0 | 2홉+ 0.61 | 도달  668 | 차단 1484
Ep 1666 | Step 1000 | R   156.24 | 배송 19/50 | 미활동 0 | 2홉+ 0.50 | 도달  651 | 차단  417
Ep 1667 | Step 1000 | R   285.98 | 배송 21/50 | 미활동 0 | 2홉+ 0.52 | 도달  794 | 차단  994
Ep 1668 | Step 1000 | R   315.69 | 배송 26/50 | 미활동 0 | 2홉+ 0.56 | 도달 1074 | 차단 1823
Ep 1669 | Step 1000 | R   290.41 | 배송 25/50 | 미활동 0 | 2홉+ 0.55 | 도달  883 | 차단  993
Ep 1670 | Step 1000 | R    78.99 | 배송 15/50 | 미활동 0 | 2홉+ 0.61 | 도달  903 | 차단 2772
Ep 1671 | Step 1000 | R   185.29 | 배송 20/50 | 미활동 0 | 2홉+ 0.70 | 도달  949 | 차단 2389
Ep 1672 | Step 1000 | R   292.86 | 배송 24/50 | 미활동 0 | 2홉+ 0.65 | 도달  945 | 차단 2264
Ep 1673 | Step 1000 | R   227.86 | 배송 22/50 | 미활동 0 | 2홉+ 0.58 | 도달  964 | 차단 2171
Ep 1674 | Step 1000 | R   150.06 | 배송 19/50 | 미활동 0 | 2홉+ 0.71 | 도달  905 | 차단 1956
Ep 1675 | Step 1000 | R   316.34 | 배송 26/50 | 미활동 0 | 2홉+ 0.52 | 도달 1021 | 차단 1838
Ep 1676 | Step 1000 | R   346.71 | 배송 29/50 | 미활동 0 | 2홉+ 0.56 | 도달  953 | 차단 1672
Ep 1677 | Step 1000 | R   205.18 | 배송 21/50 | 미활동 0 | 2홉+ 0.61 | 도달  848 | 차단 1806
Ep 1678 | Step 1000 | R   327.33 | 배송 26/50 | 미활동 0 | 2홉+ 0.69 | 도달 1037 | 차단 1569
Ep 1679 | Step 1000 | R   406.12 | 배송 30/50 | 미활동 0 | 2홉+ 0.52 | 도달  793 | 차단 1602
Ep 1680 | Step 1000 | R   328.51 | 배송 27/50 | 미활동 0 | 2홉+ 0.63 | 도달  850 | 차단 1942
Ep 1681 | Step 1000 | R   354.07 | 배송 30/50 | 미활동 0 | 2홉+ 0.67 | 도달  812 | 차단 1690
Ep 1682 | Step 1000 | R   355.81 | 배송 28/50 | 미활동 0 | 2홉+ 0.59 | 도달  849 | 차단  940
Ep 1683 | Step 1000 | R   316.67 | 배송 29/50 | 미활동 0 | 2홉+ 0.55 | 도달  947 | 차단 1687
Ep 1684 | Step 1000 | R   336.58 | 배송 28/50 | 미활동 0 | 2홉+ 0.65 | 도달  934 | 차단 1869
Ep 1685 | Step 1000 | R   312.59 | 배송 27/50 | 미활동 0 | 2홉+ 0.54 | 도달  935 | 차단  835
Ep 1686 | Step 1000 | R   352.92 | 배송 25/50 | 미활동 0 | 2홉+ 0.55 | 도달  720 | 차단 1290
Ep 1687 | Step 1000 | R   321.16 | 배송 27/50 | 미활동 0 | 2홉+ 0.63 | 도달  776 | 차단 2114
Ep 1688 | Step 1000 | R   337.86 | 배송 27/50 | 미활동 0 | 2홉+ 0.68 | 도달  758 | 차단 1143
Ep 1689 | Step 1000 | R   321.50 | 배송 26/50 | 미활동 0 | 2홉+ 0.51 | 도달  882 | 차단 1721
Ep 1690 | Step 1000 | R   398.30 | 배송 33/50 | 미활동 0 | 2홉+ 0.67 | 도달  855 | 차단 1492
Ep 1691 | Step 1000 | R   360.63 | 배송 29/50 | 미활동 0 | 2홉+ 0.64 | 도달  936 | 차단 1554
Ep 1692 | Step 1000 | R   258.97 | 배송 24/50 | 미활동 0 | 2홉+ 0.60 | 도달  994 | 차단 1898
Ep 1693 | Step 1000 | R   347.58 | 배송 28/50 | 미활동 0 | 2홉+ 0.61 | 도달  771 | 차단 1475
Ep 1694 | Step 1000 | R    99.48 | 배송 17/50 | 미활동 0 | 2홉+ 0.72 | 도달  894 | 차단 2760
Ep 1695 | Step 1000 | R   281.86 | 배송 22/50 | 미활동 0 | 2홉+ 0.55 | 도달  748 | 차단 1469
Ep 1696 | Step 1000 | R   120.79 | 배송 18/50 | 미활동 0 | 2홉+ 0.63 | 도달  859 | 차단 2345
Ep 1697 | Step 1000 | R   195.44 | 배송 22/50 | 미활동 0 | 2홉+ 0.67 | 도달  679 | 차단 2315
Ep 1698 | Step 1000 | R   251.92 | 배송 23/50 | 미활동 0 | 2홉+ 0.55 | 도달  768 | 차단 1711
Ep 1699 | Step 1000 | R   173.77 | 배송 18/50 | 미활동 0 | 2홉+ 0.34 | 도달  575 | 차단  961
Ep 1700 | Step 1000 | R   205.51 | 배송 21/50 | 미활동 0 | 2홉+ 0.63 | 도달  624 | 차단 1313
  [홀드아웃] 배송 10.8±2.9 미활동 0.33 2홉+ 0.72 도달 697 | 최고 13.8@ep1200 | 정체 10/15
Ep 1701 | Step 1000 | R   290.36 | 배송 26/50 | 미활동 0 | 2홉+ 0.50 | 도달  698 | 차단 1134
Ep 1702 | Step 1000 | R   337.31 | 배송 27/50 | 미활동 0 | 2홉+ 0.63 | 도달  914 | 차단 1419
Ep 1703 | Step 1000 | R   114.65 | 배송 17/50 | 미활동 0 | 2홉+ 0.72 | 도달  931 | 차단 2174
Ep 1704 | Step 1000 | R   299.40 | 배송 23/50 | 미활동 0 | 2홉+ 0.53 | 도달  717 | 차단 1335
Ep 1705 | Step 1000 | R   303.10 | 배송 25/50 | 미활동 0 | 2홉+ 0.59 | 도달  884 | 차단 1907
Ep 1706 | Step 1000 | R   354.74 | 배송 28/50 | 미활동 0 | 2홉+ 0.59 | 도달  880 | 차단 1379
Ep 1707 | Step 1000 | R   215.66 | 배송 23/50 | 미활동 0 | 2홉+ 0.64 | 도달 1019 | 차단 1699
Ep 1708 | Step 1000 | R   330.58 | 배송 26/50 | 미활동 0 | 2홉+ 0.65 | 도달  767 | 차단 1157
Ep 1709 | Step 1000 | R   264.47 | 배송 24/50 | 미활동 0 | 2홉+ 0.61 | 도달  829 | 차단 1755
Ep 1710 | Step 1000 | R   175.40 | 배송 19/50 | 미활동 0 | 2홉+ 0.69 | 도달  798 | 차단 2153
Ep 1711 | Step 1000 | R   298.52 | 배송 24/50 | 미활동 0 | 2홉+ 0.58 | 도달  754 | 차단 1744
Ep 1712 | Step 1000 | R   180.14 | 배송 19/50 | 미활동 0 | 2홉+ 0.34 | 도달  594 | 차단 1547
Ep 1713 | Step 1000 | R   262.07 | 배송 21/50 | 미활동 0 | 2홉+ 0.66 | 도달  820 | 차단 2274
Ep 1714 | Step 1000 | R   336.30 | 배송 28/50 | 미활동 0 | 2홉+ 0.68 | 도달  896 | 차단 1805
Ep 1715 | Step 1000 | R   155.07 | 배송 19/50 | 미활동 0 | 2홉+ 0.28 | 도달  873 | 차단  804
Ep 1716 | Step 1000 | R   281.87 | 배송 26/50 | 미활동 0 | 2홉+ 0.63 | 도달  815 | 차단 1712
Ep 1717 | Step 1000 | R   164.40 | 배송 19/50 | 미활동 0 | 2홉+ 0.70 | 도달  863 | 차단 2474
Ep 1718 | Step 1000 | R   185.13 | 배송 20/50 | 미활동 0 | 2홉+ 0.47 | 도달  834 | 차단 1770
Ep 1719 | Step 1000 | R   355.42 | 배송 29/50 | 미활동 0 | 2홉+ 0.52 | 도달  925 | 차단 1402
Ep 1720 | Step 1000 | R   371.26 | 배송 30/50 | 미활동 0 | 2홉+ 0.50 | 도달 1074 | 차단 1260
Ep 1721 | Step 1000 | R   199.74 | 배송 20/50 | 미활동 0 | 2홉+ 0.50 | 도달  780 | 차단 1813
Ep 1722 | Step 1000 | R   306.22 | 배송 24/50 | 미활동 0 | 2홉+ 0.37 | 도달  695 | 차단 1154
Ep 1723 | Step 1000 | R   243.71 | 배송 21/50 | 미활동 0 | 2홉+ 0.46 | 도달  953 | 차단 1530
Ep 1724 | Step 1000 | R   334.50 | 배송 25/50 | 미활동 0 | 2홉+ 0.66 | 도달  871 | 차단 2119
Ep 1725 | Step 1000 | R   347.82 | 배송 27/50 | 미활동 0 | 2홉+ 0.47 | 도달  788 | 차단 1397
Ep 1726 | Step 1000 | R   242.88 | 배송 23/50 | 미활동 0 | 2홉+ 0.66 | 도달  839 | 차단 1977
Ep 1727 | Step 1000 | R   195.10 | 배송 21/50 | 미활동 0 | 2홉+ 0.57 | 도달  794 | 차단 2001
Ep 1728 | Step 1000 | R   117.58 | 배송 17/50 | 미활동 0 | 2홉+ 0.69 | 도달  853 | 차단 2043
Ep 1729 | Step 1000 | R    38.30 | 배송  9/50 | 미활동 0 | 2홉+ 0.72 | 도달  714 | 차단 1712
Ep 1730 | Step 1000 | R   235.29 | 배송 22/50 | 미활동 0 | 2홉+ 0.50 | 도달  730 | 차단 2238
Ep 1731 | Step 1000 | R   419.07 | 배송 31/50 | 미활동 0 | 2홉+ 0.58 | 도달  893 | 차단 1241
Ep 1732 | Step 1000 | R   257.03 | 배송 24/50 | 미활동 0 | 2홉+ 0.47 | 도달  714 | 차단 1825
Ep 1733 | Step 1000 | R   358.85 | 배송 29/50 | 미활동 0 | 2홉+ 0.65 | 도달  951 | 차단 1180
Ep 1734 | Step 1000 | R   188.86 | 배송 20/50 | 미활동 0 | 2홉+ 0.65 | 도달  773 | 차단 1950
Ep 1735 | Step 1000 | R   309.81 | 배송 26/50 | 미활동 0 | 2홉+ 0.50 | 도달  944 | 차단  937
Ep 1736 | Step 1000 | R   353.24 | 배송 27/50 | 미활동 0 | 2홉+ 0.59 | 도달  872 | 차단 1088
Ep 1737 | Step 1000 | R   268.07 | 배송 24/50 | 미활동 0 | 2홉+ 0.67 | 도달  798 | 차단 1460
Ep 1738 | Step 1000 | R   190.30 | 배송 20/50 | 미활동 0 | 2홉+ 0.53 | 도달  948 | 차단 1642
Ep 1739 | Step 1000 | R   272.27 | 배송 24/50 | 미활동 0 | 2홉+ 0.61 | 도달  956 | 차단 1296
Ep 1740 | Step 1000 | R   249.55 | 배송 22/50 | 미활동 0 | 2홉+ 0.57 | 도달  672 | 차단 1151
Ep 1741 | Step 1000 | R   291.43 | 배송 22/50 | 미활동 0 | 2홉+ 0.60 | 도달  956 | 차단 1154
Ep 1742 | Step 1000 | R   220.46 | 배송 20/50 | 미활동 0 | 2홉+ 0.65 | 도달  969 | 차단 1965
Ep 1743 | Step 1000 | R   298.09 | 배송 25/50 | 미활동 0 | 2홉+ 0.65 | 도달  738 | 차단 2467
Ep 1744 | Step 1000 | R   362.82 | 배송 29/50 | 미활동 0 | 2홉+ 0.56 | 도달  809 | 차단 1310
Ep 1745 | Step 1000 | R   319.35 | 배송 26/50 | 미활동 0 | 2홉+ 0.66 | 도달 1050 | 차단 1747
Ep 1746 | Step 1000 | R   358.80 | 배송 28/50 | 미활동 0 | 2홉+ 0.59 | 도달  889 | 차단  861
Ep 1747 | Step 1000 | R   251.50 | 배송 22/50 | 미활동 0 | 2홉+ 0.66 | 도달  763 | 차단 1747
Ep 1748 | Step 1000 | R   378.55 | 배송 27/50 | 미활동 0 | 2홉+ 0.58 | 도달  985 | 차단 1095
Ep 1749 | Step 1000 | R   360.14 | 배송 27/50 | 미활동 0 | 2홉+ 0.60 | 도달  724 | 차단 2028
Ep 1750 | Step 1000 | R   394.89 | 배송 29/50 | 미활동 0 | 2홉+ 0.54 | 도달  778 | 차단 1119
  [홀드아웃] 배송 8.0±3.4 미활동 0.17 2홉+ 0.51 도달 558 | 최고 13.8@ep1200 | 정체 11/15
Ep 1751 | Step 1000 | R   292.09 | 배송 23/50 | 미활동 0 | 2홉+ 0.66 | 도달  868 | 차단 1876
Ep 1752 | Step 1000 | R   205.93 | 배송 21/50 | 미활동 0 | 2홉+ 0.58 | 도달  827 | 차단 1361
Ep 1753 | Step 1000 | R   296.44 | 배송 25/50 | 미활동 0 | 2홉+ 0.50 | 도달  838 | 차단 2274
Ep 1754 | Step 1000 | R   302.07 | 배송 23/50 | 미활동 0 | 2홉+ 0.50 | 도달  819 | 차단 1236
Ep 1755 | Step 1000 | R   227.94 | 배송 21/50 | 미활동 0 | 2홉+ 0.50 | 도달  696 | 차단 2101
Ep 1756 | Step 1000 | R   238.95 | 배송 21/50 | 미활동 0 | 2홉+ 0.44 | 도달  784 | 차단 1436
Ep 1757 | Step 1000 | R   282.41 | 배송 23/50 | 미활동 0 | 2홉+ 0.63 | 도달  635 | 차단 2047
Ep 1758 | Step 1000 | R   380.70 | 배송 28/50 | 미활동 0 | 2홉+ 0.49 | 도달  806 | 차단 1354
Ep 1759 | Step 1000 | R   369.10 | 배송 27/50 | 미활동 0 | 2홉+ 0.59 | 도달 1028 | 차단 1299
Ep 1760 | Step 1000 | R   289.18 | 배송 23/50 | 미활동 0 | 2홉+ 0.64 | 도달  764 | 차단 1779
Ep 1761 | Step 1000 | R   292.00 | 배송 24/50 | 미활동 0 | 2홉+ 0.64 | 도달  924 | 차단 2065
Ep 1762 | Step 1000 | R   388.68 | 배송 32/50 | 미활동 0 | 2홉+ 0.65 | 도달  821 | 차단 1517
Ep 1763 | Step 1000 | R   300.02 | 배송 27/50 | 미활동 0 | 2홉+ 0.66 | 도달  776 | 차단 1408
Ep 1764 | Step 1000 | R   249.39 | 배송 21/50 | 미활동 0 | 2홉+ 0.54 | 도달  884 | 차단 1509
Ep 1765 | Step 1000 | R   264.11 | 배송 20/50 | 미활동 0 | 2홉+ 0.50 | 도달  804 | 차단 1390
Ep 1766 | Step 1000 | R   224.21 | 배송 23/50 | 미활동 0 | 2홉+ 0.67 | 도달  899 | 차단 2163
Ep 1767 | Step 1000 | R   358.91 | 배송 26/50 | 미활동 0 | 2홉+ 0.62 | 도달  955 | 차단 1391
Ep 1768 | Step 1000 | R   319.39 | 배송 23/50 | 미활동 0 | 2홉+ 0.60 | 도달  775 | 차단 1966
Ep 1769 | Step 1000 | R   330.20 | 배송 27/50 | 미활동 0 | 2홉+ 0.43 | 도달 1025 | 차단  876
Ep 1770 | Step 1000 | R   271.19 | 배송 24/50 | 미활동 0 | 2홉+ 0.61 | 도달  760 | 차단 1472
Ep 1771 | Step 1000 | R   332.27 | 배송 24/50 | 미활동 0 | 2홉+ 0.51 | 도달  728 | 차단 1694
Ep 1772 | Step 1000 | R   198.62 | 배송 20/50 | 미활동 0 | 2홉+ 0.36 | 도달  735 | 차단 1806
Ep 1773 | Step 1000 | R   262.06 | 배송 24/50 | 미활동 0 | 2홉+ 0.48 | 도달  822 | 차단 1624
Ep 1774 | Step 1000 | R   238.48 | 배송 21/50 | 미활동 0 | 2홉+ 0.50 | 도달  809 | 차단 1705
Ep 1775 | Step 1000 | R   283.95 | 배송 24/50 | 미활동 0 | 2홉+ 0.59 | 도달  841 | 차단 2335
Ep 1776 | Step 1000 | R   229.31 | 배송 20/50 | 미활동 0 | 2홉+ 0.52 | 도달  763 | 차단 1931
Ep 1777 | Step 1000 | R   305.67 | 배송 23/50 | 미활동 0 | 2홉+ 0.63 | 도달  896 | 차단 2424
Ep 1778 | Step 1000 | R   317.50 | 배송 26/50 | 미활동 0 | 2홉+ 0.65 | 도달  960 | 차단 1959
Ep 1779 | Step 1000 | R   365.91 | 배송 29/50 | 미활동 0 | 2홉+ 0.63 | 도달 1031 | 차단  966
Ep 1780 | Step 1000 | R   309.89 | 배송 25/50 | 미활동 0 | 2홉+ 0.58 | 도달  994 | 차단 1619
Ep 1781 | Step 1000 | R   343.05 | 배송 27/50 | 미활동 0 | 2홉+ 0.47 | 도달  811 | 차단 1102
Ep 1782 | Step 1000 | R   268.35 | 배송 24/50 | 미활동 0 | 2홉+ 0.51 | 도달  881 | 차단 1392
Ep 1783 | Step 1000 | R   361.94 | 배송 26/50 | 미활동 0 | 2홉+ 0.43 | 도달  788 | 차단 1119
Ep 1784 | Step 1000 | R   290.86 | 배송 22/50 | 미활동 0 | 2홉+ 0.53 | 도달  713 | 차단  977
Ep 1785 | Step 1000 | R   221.36 | 배송 20/50 | 미활동 0 | 2홉+ 0.48 | 도달  602 | 차단 1612
Ep 1786 | Step 1000 | R   216.02 | 배송 20/50 | 미활동 0 | 2홉+ 0.51 | 도달  751 | 차단 2102
Ep 1787 | Step 1000 | R   332.55 | 배송 27/50 | 미활동 0 | 2홉+ 0.56 | 도달  888 | 차단 1467
Ep 1788 | Step 1000 | R   320.79 | 배송 24/50 | 미활동 0 | 2홉+ 0.61 | 도달  972 | 차단 2178
Ep 1789 | Step 1000 | R   300.81 | 배송 25/50 | 미활동 0 | 2홉+ 0.50 | 도달  782 | 차단 1936
Ep 1790 | Step 1000 | R   112.96 | 배송 15/50 | 미활동 0 | 2홉+ 0.69 | 도달  870 | 차단 2479
Ep 1791 | Step 1000 | R   226.42 | 배송 21/50 | 미활동 0 | 2홉+ 0.39 | 도달  666 | 차단 1233
Ep 1792 | Step 1000 | R   333.43 | 배송 28/50 | 미활동 0 | 2홉+ 0.68 | 도달 1074 | 차단 1965
Ep 1793 | Step 1000 | R   363.56 | 배송 29/50 | 미활동 0 | 2홉+ 0.66 | 도달  897 | 차단 1378
Ep 1794 | Step 1000 | R   410.51 | 배송 30/50 | 미활동 0 | 2홉+ 0.65 | 도달  998 | 차단 1401
Ep 1795 | Step 1000 | R   294.18 | 배송 23/50 | 미활동 0 | 2홉+ 0.41 | 도달  675 | 차단 1587
Ep 1796 | Step 1000 | R   258.72 | 배송 25/50 | 미활동 0 | 2홉+ 0.66 | 도달  850 | 차단 2522
Ep 1797 | Step 1000 | R   274.63 | 배송 25/50 | 미활동 0 | 2홉+ 0.62 | 도달  795 | 차단 1426
Ep 1798 | Step 1000 | R   274.62 | 배송 24/50 | 미활동 0 | 2홉+ 0.52 | 도달  781 | 차단 1268
Ep 1799 | Step 1000 | R   251.58 | 배송 21/50 | 미활동 0 | 2홉+ 0.50 | 도달  770 | 차단  819
Ep 1800 | Step 1000 | R   339.63 | 배송 27/50 | 미활동 0 | 2홉+ 0.65 | 도달  979 | 차단 1466
  [홀드아웃] 배송 7.8±3.8 미활동 0.50 2홉+ 0.56 도달 610 | 최고 13.8@ep1200 | 정체 12/15
Ep 1801 | Step 1000 | R   327.88 | 배송 25/50 | 미활동 0 | 2홉+ 0.65 | 도달  922 | 차단 2446
Ep 1802 | Step 1000 | R   341.35 | 배송 25/50 | 미활동 0 | 2홉+ 0.63 | 도달  786 | 차단 1922
Ep 1803 | Step 1000 | R   326.40 | 배송 26/50 | 미활동 0 | 2홉+ 0.59 | 도달  807 | 차단 1678
Ep 1804 | Step 1000 | R   405.09 | 배송 27/50 | 미활동 0 | 2홉+ 0.47 | 도달  816 | 차단 1313
Ep 1805 | Step 1000 | R   322.76 | 배송 26/50 | 미활동 0 | 2홉+ 0.68 | 도달  722 | 차단 1699
Ep 1806 | Step 1000 | R   310.78 | 배송 25/50 | 미활동 0 | 2홉+ 0.57 | 도달  860 | 차단 1628
Ep 1807 | Step 1000 | R   302.20 | 배송 24/50 | 미활동 0 | 2홉+ 0.53 | 도달  775 | 차단 1469
Ep 1808 | Step 1000 | R   208.69 | 배송 19/50 | 미활동 0 | 2홉+ 0.46 | 도달  650 | 차단 1927
Ep 1809 | Step 1000 | R   358.13 | 배송 29/50 | 미활동 0 | 2홉+ 0.57 | 도달  908 | 차단 1815
Ep 1810 | Step 1000 | R   128.35 | 배송 17/50 | 미활동 0 | 2홉+ 0.56 | 도달  620 | 차단 1608
Ep 1811 | Step 1000 | R   362.54 | 배송 29/50 | 미활동 0 | 2홉+ 0.64 | 도달  963 | 차단 1119
Ep 1812 | Step 1000 | R   306.30 | 배송 23/50 | 미활동 0 | 2홉+ 0.46 | 도달  872 | 차단  944
Ep 1813 | Step 1000 | R   388.06 | 배송 31/50 | 미활동 0 | 2홉+ 0.63 | 도달  913 | 차단 1256
Ep 1814 | Step 1000 | R   295.34 | 배송 23/50 | 미활동 0 | 2홉+ 0.56 | 도달  884 | 차단 1597
Ep 1815 | Step 1000 | R   229.67 | 배송 21/50 | 미활동 0 | 2홉+ 0.49 | 도달  753 | 차단 1635
Ep 1816 | Step 1000 | R   351.23 | 배송 28/50 | 미활동 0 | 2홉+ 0.46 | 도달  724 | 차단 1492
Ep 1817 | Step 1000 | R    36.83 | 배송 10/50 | 미활동 0 | 2홉+ 0.73 | 도달 1074 | 차단 2199
Ep 1818 | Step 1000 | R   304.10 | 배송 24/50 | 미활동 0 | 2홉+ 0.55 | 도달  737 | 차단 1920
Ep 1819 | Step 1000 | R   340.01 | 배송 27/50 | 미활동 0 | 2홉+ 0.49 | 도달  729 | 차단  794
Ep 1820 | Step 1000 | R   319.60 | 배송 26/50 | 미활동 0 | 2홉+ 0.50 | 도달  673 | 차단 1865
Ep 1821 | Step 1000 | R   429.13 | 배송 29/50 | 미활동 0 | 2홉+ 0.61 | 도달  877 | 차단 1380
Ep 1822 | Step 1000 | R   113.97 | 배송 15/50 | 미활동 0 | 2홉+ 0.69 | 도달  859 | 차단 2509
Ep 1823 | Step 1000 | R   351.70 | 배송 29/50 | 미활동 0 | 2홉+ 0.51 | 도달  807 | 차단 1593
Ep 1824 | Step 1000 | R   312.90 | 배송 25/50 | 미활동 0 | 2홉+ 0.51 | 도달  798 | 차단 1290
Ep 1825 | Step 1000 | R   363.64 | 배송 30/50 | 미활동 0 | 2홉+ 0.65 | 도달  945 | 차단 1807
Ep 1826 | Step 1000 | R   448.73 | 배송 33/50 | 미활동 0 | 2홉+ 0.63 | 도달 1001 | 차단 1089
Ep 1827 | Step 1000 | R   435.64 | 배송 32/50 | 미활동 0 | 2홉+ 0.67 | 도달  953 | 차단 1472
Ep 1828 | Step 1000 | R   304.98 | 배송 25/50 | 미활동 0 | 2홉+ 0.64 | 도달  759 | 차단 2018
Ep 1829 | Step 1000 | R   322.76 | 배송 25/50 | 미활동 0 | 2홉+ 0.62 | 도달  725 | 차단 1041
Ep 1830 | Step 1000 | R   396.71 | 배송 30/50 | 미활동 0 | 2홉+ 0.68 | 도달  904 | 차단 1519
Ep 1831 | Step 1000 | R   293.87 | 배송 25/50 | 미활동 0 | 2홉+ 0.70 | 도달 1008 | 차단 2176
Ep 1832 | Step 1000 | R   300.88 | 배송 24/50 | 미활동 0 | 2홉+ 0.57 | 도달  856 | 차단 1653
Ep 1833 | Step 1000 | R   400.74 | 배송 30/50 | 미활동 0 | 2홉+ 0.64 | 도달  825 | 차단 1500
Ep 1834 | Step 1000 | R    68.43 | 배송 15/50 | 미활동 0 | 2홉+ 0.72 | 도달  675 | 차단 3065
Ep 1835 | Step 1000 | R   360.65 | 배송 29/50 | 미활동 0 | 2홉+ 0.65 | 도달  752 | 차단 1397
Ep 1836 | Step 1000 | R   296.21 | 배송 23/50 | 미활동 0 | 2홉+ 0.41 | 도달  747 | 차단 1300
Ep 1837 | Step 1000 | R   285.97 | 배송 22/50 | 미활동 0 | 2홉+ 0.40 | 도달  795 | 차단 1503
Ep 1838 | Step 1000 | R   371.56 | 배송 27/50 | 미활동 0 | 2홉+ 0.60 | 도달  735 | 차단 1466
Ep 1839 | Step 1000 | R   255.65 | 배송 22/50 | 미활동 0 | 2홉+ 0.45 | 도달  702 | 차단 1400
Ep 1840 | Step 1000 | R   302.67 | 배송 22/50 | 미활동 0 | 2홉+ 0.50 | 도달  840 | 차단  758
Ep 1841 | Step 1000 | R   370.65 | 배송 28/50 | 미활동 0 | 2홉+ 0.62 | 도달  952 | 차단 1890
Ep 1842 | Step 1000 | R   402.02 | 배송 29/50 | 미활동 0 | 2홉+ 0.49 | 도달  774 | 차단 1070
Ep 1843 | Step 1000 | R   334.62 | 배송 27/50 | 미활동 0 | 2홉+ 0.63 | 도달  803 | 차단 1558
Ep 1844 | Step 1000 | R   205.22 | 배송 21/50 | 미활동 0 | 2홉+ 0.65 | 도달  657 | 차단 2719
Ep 1845 | Step 1000 | R   114.37 | 배송 16/50 | 미활동 0 | 2홉+ 0.57 | 도달  673 | 차단 2640
Ep 1846 | Step 1000 | R   392.06 | 배송 31/50 | 미활동 0 | 2홉+ 0.62 | 도달  974 | 차단 1455
Ep 1847 | Step 1000 | R   248.28 | 배송 22/50 | 미활동 0 | 2홉+ 0.42 | 도달  712 | 차단 1226
Ep 1848 | Step 1000 | R   224.71 | 배송 19/50 | 미활동 0 | 2홉+ 0.41 | 도달  783 | 차단  938
Ep 1849 | Step 1000 | R   274.20 | 배송 24/50 | 미활동 0 | 2홉+ 0.45 | 도달  845 | 차단 1172
Ep 1850 | Step 1000 | R   311.21 | 배송 25/50 | 미활동 0 | 2홉+ 0.59 | 도달  929 | 차단 1753
  [홀드아웃] 배송 12.2±4.4 미활동 0.17 2홉+ 0.64 도달 646 | 최고 13.8@ep1200 | 정체 13/15
Ep 1851 | Step 1000 | R   106.49 | 배송 17/50 | 미활동 0 | 2홉+ 0.66 | 도달  972 | 차단 2522
Ep 1852 | Step 1000 | R   417.75 | 배송 32/50 | 미활동 0 | 2홉+ 0.67 | 도달  963 | 차단 1617
Ep 1853 | Step 1000 | R   304.22 | 배송 25/50 | 미활동 0 | 2홉+ 0.65 | 도달  970 | 차단 2003
Ep 1854 | Step 1000 | R   184.36 | 배송 19/50 | 미활동 0 | 2홉+ 0.53 | 도달  703 | 차단 1305
Ep 1855 | Step 1000 | R   253.66 | 배송 22/50 | 미활동 0 | 2홉+ 0.55 | 도달  686 | 차단 1607
Ep 1856 | Step 1000 | R   377.34 | 배송 28/50 | 미활동 0 | 2홉+ 0.67 | 도달  893 | 차단 1643
Ep 1857 | Step 1000 | R   335.92 | 배송 26/50 | 미활동 0 | 2홉+ 0.45 | 도달  806 | 차단 1006
Ep 1858 | Step 1000 | R   169.63 | 배송 18/50 | 미활동 0 | 2홉+ 0.36 | 도달  651 | 차단 1359
Ep 1859 | Step 1000 | R   163.80 | 배송 18/50 | 미활동 0 | 2홉+ 0.51 | 도달  734 | 차단 1750
Ep 1860 | Step 1000 | R   421.05 | 배송 31/50 | 미활동 0 | 2홉+ 0.67 | 도달  988 | 차단 1340
Ep 1861 | Step 1000 | R   332.14 | 배송 27/50 | 미활동 0 | 2홉+ 0.56 | 도달  732 | 차단 1861
Ep 1862 | Step 1000 | R   365.35 | 배송 27/50 | 미활동 0 | 2홉+ 0.65 | 도달  965 | 차단 1161
Ep 1863 | Step 1000 | R   346.35 | 배송 28/50 | 미활동 0 | 2홉+ 0.62 | 도달  831 | 차단 1390
Ep 1864 | Step 1000 | R   380.29 | 배송 28/50 | 미활동 0 | 2홉+ 0.64 | 도달 1001 | 차단 1592
Ep 1865 | Step 1000 | R   381.46 | 배송 30/50 | 미활동 0 | 2홉+ 0.57 | 도달  850 | 차단 1375
Ep 1866 | Step 1000 | R   106.28 | 배송 18/50 | 미활동 0 | 2홉+ 0.66 | 도달  816 | 차단 2801
Ep 1867 | Step 1000 | R   336.50 | 배송 28/50 | 미활동 0 | 2홉+ 0.67 | 도달  784 | 차단 1939
Ep 1868 | Step 1000 | R   215.88 | 배송 21/50 | 미활동 0 | 2홉+ 0.57 | 도달  848 | 차단 2574
Ep 1869 | Step 1000 | R   352.21 | 배송 28/50 | 미활동 0 | 2홉+ 0.52 | 도달  999 | 차단 1058
Ep 1870 | Step 1000 | R   324.76 | 배송 26/50 | 미활동 0 | 2홉+ 0.55 | 도달  957 | 차단 1544
Ep 1871 | Step 1000 | R   325.28 | 배송 24/50 | 미활동 0 | 2홉+ 0.66 | 도달 1010 | 차단 2133
Ep 1872 | Step 1000 | R   311.66 | 배송 24/50 | 미활동 0 | 2홉+ 0.47 | 도달  678 | 차단 1381
Ep 1873 | Step 1000 | R    83.18 | 배송 17/50 | 미활동 0 | 2홉+ 0.53 | 도달  822 | 차단 3031
Ep 1874 | Step 1000 | R   386.74 | 배송 28/50 | 미활동 0 | 2홉+ 0.43 | 도달 1003 | 차단 1032
Ep 1875 | Step 1000 | R   385.41 | 배송 29/50 | 미활동 0 | 2홉+ 0.65 | 도달 1060 | 차단 1768
Ep 1876 | Step 1000 | R   237.34 | 배송 22/50 | 미활동 0 | 2홉+ 0.49 | 도달  827 | 차단 1979
Ep 1877 | Step 1000 | R   247.06 | 배송 22/50 | 미활동 0 | 2홉+ 0.58 | 도달  742 | 차단 2163
Ep 1878 | Step 1000 | R   172.84 | 배송 18/50 | 미활동 0 | 2홉+ 0.67 | 도달  811 | 차단 2750
Ep 1879 | Step 1000 | R   376.98 | 배송 29/50 | 미활동 0 | 2홉+ 0.63 | 도달  878 | 차단 2103
Ep 1880 | Step 1000 | R   285.22 | 배송 25/50 | 미활동 0 | 2홉+ 0.52 | 도달  841 | 차단 1341
Ep 1881 | Step 1000 | R   379.99 | 배송 28/50 | 미활동 0 | 2홉+ 0.59 | 도달  968 | 차단 1443
Ep 1882 | Step 1000 | R   265.35 | 배송 23/50 | 미활동 0 | 2홉+ 0.53 | 도달  867 | 차단 1217
Ep 1883 | Step 1000 | R   322.69 | 배송 22/50 | 미활동 0 | 2홉+ 0.36 | 도달  803 | 차단 1352
Ep 1884 | Step 1000 | R   297.30 | 배송 24/50 | 미활동 0 | 2홉+ 0.37 | 도달  606 | 차단 1495
Ep 1885 | Step 1000 | R   353.89 | 배송 28/50 | 미활동 0 | 2홉+ 0.60 | 도달  984 | 차단 1449
Ep 1886 | Step 1000 | R   249.13 | 배송 24/50 | 미활동 0 | 2홉+ 0.67 | 도달 1074 | 차단 2092
Ep 1887 | Step 1000 | R   328.51 | 배송 28/50 | 미활동 0 | 2홉+ 0.70 | 도달 1017 | 차단 1926
Ep 1888 | Step 1000 | R   254.45 | 배송 22/50 | 미활동 0 | 2홉+ 0.50 | 도달  887 | 차단  983
Ep 1889 | Step 1000 | R   228.54 | 배송 21/50 | 미활동 0 | 2홉+ 0.53 | 도달  625 | 차단 1791
Ep 1890 | Step 1000 | R   310.61 | 배송 25/50 | 미활동 0 | 2홉+ 0.44 | 도달  653 | 차단 1457
Ep 1891 | Step 1000 | R   290.07 | 배송 23/50 | 미활동 0 | 2홉+ 0.62 | 도달 1074 | 차단 1664
Ep 1892 | Step 1000 | R   399.67 | 배송 29/50 | 미활동 0 | 2홉+ 0.48 | 도달  775 | 차단 1337
Ep 1893 | Step 1000 | R   290.08 | 배송 23/50 | 미활동 0 | 2홉+ 0.51 | 도달  742 | 차단 1568
Ep 1894 | Step 1000 | R   336.51 | 배송 27/50 | 미활동 0 | 2홉+ 0.47 | 도달  784 | 차단 1579
Ep 1895 | Step 1000 | R   247.89 | 배송 22/50 | 미활동 0 | 2홉+ 0.49 | 도달  825 | 차단 1806
Ep 1896 | Step 1000 | R   266.76 | 배송 23/50 | 미활동 0 | 2홉+ 0.67 | 도달  884 | 차단 2692
Ep 1897 | Step 1000 | R   367.59 | 배송 31/50 | 미활동 0 | 2홉+ 0.68 | 도달  922 | 차단 2092
Ep 1898 | Step 1000 | R   242.53 | 배송 22/50 | 미활동 0 | 2홉+ 0.58 | 도달  881 | 차단 1716
Ep 1899 | Step 1000 | R   312.21 | 배송 25/50 | 미활동 0 | 2홉+ 0.50 | 도달  752 | 차단 1461
Ep 1900 | Step 1000 | R   320.47 | 배송 26/50 | 미활동 0 | 2홉+ 0.59 | 도달 1030 | 차단 1767
  [홀드아웃] 배송 8.8±3.3 미활동 0.50 2홉+ 0.67 도달 632 | 최고 13.8@ep1200 | 정체 14/15
Ep 1901 | Step 1000 | R   165.96 | 배송 20/50 | 미활동 0 | 2홉+ 0.71 | 도달  903 | 차단 2455
Ep 1902 | Step 1000 | R   352.44 | 배송 29/50 | 미활동 0 | 2홉+ 0.64 | 도달  974 | 차단 1676
Ep 1903 | Step 1000 | R   292.62 | 배송 26/50 | 미활동 0 | 2홉+ 0.57 | 도달  729 | 차단 1437
Ep 1904 | Step 1000 | R   259.32 | 배송 24/50 | 미활동 0 | 2홉+ 0.55 | 도달  878 | 차단 1738
Ep 1905 | Step 1000 | R   345.64 | 배송 29/50 | 미활동 0 | 2홉+ 0.66 | 도달  853 | 차단 1944
Ep 1906 | Step 1000 | R   267.83 | 배송 22/50 | 미활동 0 | 2홉+ 0.57 | 도달  729 | 차단 1906
Ep 1907 | Step 1000 | R    51.99 | 배송 13/50 | 미활동 0 | 2홉+ 0.73 | 도달  922 | 차단 3016
Ep 1908 | Step 1000 | R   216.44 | 배송 22/50 | 미활동 0 | 2홉+ 0.65 | 도달  656 | 차단 1506
Ep 1909 | Step 1000 | R   266.92 | 배송 22/50 | 미활동 0 | 2홉+ 0.64 | 도달  894 | 차단 2294
Ep 1910 | Step 1000 | R   306.59 | 배송 24/50 | 미활동 0 | 2홉+ 0.64 | 도달  781 | 차단 2632
Ep 1911 | Step 1000 | R   233.78 | 배송 21/50 | 미활동 0 | 2홉+ 0.49 | 도달  646 | 차단 1655
Ep 1912 | Step 1000 | R   214.40 | 배송 20/50 | 미활동 0 | 2홉+ 0.53 | 도달  705 | 차단 2184
Ep 1913 | Step 1000 | R   287.44 | 배송 22/50 | 미활동 0 | 2홉+ 0.63 | 도달  867 | 차단 1471
Ep 1914 | Step 1000 | R   276.96 | 배송 24/50 | 미활동 0 | 2홉+ 0.65 | 도달  688 | 차단 1389
Ep 1915 | Step 1000 | R   282.12 | 배송 26/50 | 미활동 0 | 2홉+ 0.65 | 도달  785 | 차단 1890
Ep 1916 | Step 1000 | R   304.93 | 배송 26/50 | 미활동 0 | 2홉+ 0.61 | 도달  853 | 차단 1166
Ep 1917 | Step 1000 | R   295.57 | 배송 25/50 | 미활동 0 | 2홉+ 0.65 | 도달  931 | 차단 2395
Ep 1918 | Step 1000 | R   286.91 | 배송 22/50 | 미활동 0 | 2홉+ 0.41 | 도달  669 | 차단 1310
Ep 1919 | Step 1000 | R   327.22 | 배송 29/50 | 미활동 0 | 2홉+ 0.62 | 도달  895 | 차단 1197
Ep 1920 | Step 1000 | R   291.13 | 배송 23/50 | 미활동 0 | 2홉+ 0.65 | 도달  972 | 차단 1682
Ep 1921 | Step 1000 | R   203.42 | 배송 20/50 | 미활동 0 | 2홉+ 0.57 | 도달  728 | 차단 1381
Ep 1922 | Step 1000 | R   484.21 | 배송 34/50 | 미활동 0 | 2홉+ 0.67 | 도달 1022 | 차단 1448
Ep 1923 | Step 1000 | R   328.40 | 배송 27/50 | 미활동 0 | 2홉+ 0.67 | 도달 1031 | 차단 2010
Ep 1924 | Step 1000 | R   376.63 | 배송 30/50 | 미활동 0 | 2홉+ 0.58 | 도달  903 | 차단  991
Ep 1925 | Step 1000 | R   412.11 | 배송 30/50 | 미활동 0 | 2홉+ 0.61 | 도달  900 | 차단  909
Ep 1926 | Step 1000 | R   321.30 | 배송 25/50 | 미활동 0 | 2홉+ 0.50 | 도달 1021 | 차단 1537
Ep 1927 | Step 1000 | R   328.90 | 배송 24/50 | 미활동 0 | 2홉+ 0.66 | 도달 1050 | 차단 2145
Ep 1928 | Step 1000 | R   350.02 | 배송 26/50 | 미활동 0 | 2홉+ 0.63 | 도달  810 | 차단 1961
Ep 1929 | Step 1000 | R   163.04 | 배송 18/50 | 미활동 0 | 2홉+ 0.48 | 도달  735 | 차단 1218
Ep 1930 | Step 1000 | R   455.39 | 배송 33/50 | 미활동 0 | 2홉+ 0.59 | 도달  840 | 차단  861
Ep 1931 | Step 1000 | R   375.88 | 배송 28/50 | 미활동 0 | 2홉+ 0.55 | 도달 1047 | 차단 1700
Ep 1932 | Step 1000 | R   339.24 | 배송 25/50 | 미활동 0 | 2홉+ 0.65 | 도달 1062 | 차단 1988
Ep 1933 | Step 1000 | R   185.05 | 배송 20/50 | 미활동 0 | 2홉+ 0.63 | 도달  836 | 차단 1917
Ep 1934 | Step 1000 | R   368.09 | 배송 28/50 | 미활동 0 | 2홉+ 0.68 | 도달  749 | 차단 1987
Ep 1935 | Step 1000 | R   307.98 | 배송 24/50 | 미활동 0 | 2홉+ 0.48 | 도달  760 | 차단 1314
Ep 1936 | Step 1000 | R   324.97 | 배송 27/50 | 미활동 0 | 2홉+ 0.66 | 도달  965 | 차단 2076
Ep 1937 | Step 1000 | R   406.42 | 배송 30/50 | 미활동 0 | 2홉+ 0.59 | 도달  814 | 차단 1451
Ep 1938 | Step 1000 | R   278.12 | 배송 21/50 | 미활동 0 | 2홉+ 0.57 | 도달  719 | 차단 1187
Ep 1939 | Step 1000 | R   234.10 | 배송 20/50 | 미활동 0 | 2홉+ 0.49 | 도달  711 | 차단 1360
Ep 1940 | Step 1000 | R   180.66 | 배송 19/50 | 미활동 0 | 2홉+ 0.54 | 도달  694 | 차단 1262
Ep 1941 | Step 1000 | R   254.58 | 배송 22/50 | 미활동 0 | 2홉+ 0.65 | 도달  854 | 차단 2592
Ep 1942 | Step 1000 | R   409.17 | 배송 30/50 | 미활동 0 | 2홉+ 0.64 | 도달  978 | 차단 1598
Ep 1943 | Step 1000 | R   264.32 | 배송 22/50 | 미활동 0 | 2홉+ 0.64 | 도달  842 | 차단 2378
Ep 1944 | Step 1000 | R   353.42 | 배송 26/50 | 미활동 0 | 2홉+ 0.58 | 도달  996 | 차단 1811
Ep 1945 | Step 1000 | R   305.13 | 배송 23/50 | 미활동 0 | 2홉+ 0.52 | 도달  997 | 차단 1088
Ep 1946 | Step 1000 | R   218.77 | 배송 21/50 | 미활동 0 | 2홉+ 0.66 | 도달  855 | 차단 2142
Ep 1947 | Step 1000 | R   187.41 | 배송 20/50 | 미활동 0 | 2홉+ 0.53 | 도달  830 | 차단 2124
Ep 1948 | Step 1000 | R   306.81 | 배송 24/50 | 미활동 0 | 2홉+ 0.54 | 도달 1032 | 차단 1331
Ep 1949 | Step 1000 | R   216.41 | 배송 20/50 | 미활동 0 | 2홉+ 0.70 | 도달  767 | 차단 1893
Ep 1950 | Step 1000 | R   418.54 | 배송 31/50 | 미활동 0 | 2홉+ 0.55 | 도달  801 | 차단 1357
  [홀드아웃] 배송 12.7±7.7 미활동 0.33 2홉+ 0.65 도달 847 | 최고 13.8@ep1200 | 정체 15/15

조기 종료: 15회 연속 개선 없음. 최고 정책은 ep1200 (홀드아웃 배송 13.8/50), /home/kopt/drone/weights/v2_26_08_25_14_c300v_base/best_actor.pth
Training finished. best=13.8 @ ep1200
