episode,n_drones,n_dests,steps,team_reward,delivered,makespan,reloads,hop2plus,max_reach,stall_ratio,max_stall_run,term_reason,relay_frac,wall_sec
1,8,57,756,719.52,57,756,7,0.5311,798.7,0.1472,3,complete,0.1409,2.4
2,3,50,1000,520.0,37,,6,0.484,740.7,0.3313,37,step_limit,0.1746,3.8
3,7,72,1000,940.0,68,,11,0.5859,810.3,0.1764,4,step_limit,0.1429,6.3
4,3,46,1000,620.0,44,,7,0.3003,543.4,0.1263,19,step_limit,0.1443,9.1
5,5,58,1000,180.0,20,,1,0.1038,601.4,0.0992,3,step_limit,0.0088,34.9
6,3,61,1000,370.0,28,,4,0.393,559.0,0.5084,336,step_limit,0.08,62.3
7,3,30,1000,250.0,22,,2,0.314,628.9,0.2913,82,step_limit,0.1784,87.9
8,3,69,1000,530.0,38,,6,0.338,588.9,0.4038,220,step_limit,0.0853,115.3
9,5,66,1000,830.0,61,,9,0.6132,981.7,0.4123,26,step_limit,0.1732,143.1
10,4,26,735,350.6,26,735,4,0.5503,815.1,0.3431,46,complete,0.1098,163.8
11,8,32,171,306.32,32,171,0,0.5497,699.8,0.086,1,complete,0.0143,168.6
12,5,35,921,423.95,35,921,4,0.5281,701.6,0.6281,80,complete,0.1235,192.3
13,5,23,258,247.1,23,258,1,0.5481,820.4,0.1509,7,complete,0.0857,200.5
14,4,61,1000,700.0,50,,8,0.4993,769.3,0.4538,78,step_limit,0.1019,226.5
15,7,78,491,1105.63,78,491,12,0.4836,758.6,0.1226,2,complete,0.0616,241.7
16,7,46,320,617.6,46,320,6,0.5089,884.3,0.1349,3,complete,0.0632,250.5
17,6,74,695,1088.3,74,695,13,0.4578,762.4,0.341,10,complete,0.1126,271.4
18,5,24,213,229.35,24,213,0,0.6066,759.6,0.1102,7,complete,0.0452,277.1
19,6,24,278,253.32,24,278,1,0.7098,840.3,0.2465,6,complete,0.0381,284.4
20,5,66,473,936.35,66,473,10,0.4258,621.6,0.2402,10,complete,0.086,299.2
21,5,43,360,592.0,43,360,6,0.435,622.8,0.1908,11,complete,0.0897,309.1
22,5,43,879,596.05,43,879,7,0.5069,488.2,0.7198,343,complete,0.0702,333.7
23,3,22,582,292.54,22,582,3,0.5928,784.9,0.3748,96,complete,0.2242,348.7
24,5,35,487,445.65,35,487,4,0.538,779.7,0.3797,16,complete,0.1062,361.8
25,7,25,186,236.98,25,186,0,0.6482,894.5,0.1624,0,complete,0.0714,368.5
26,4,79,953,661.88,49,,7,0.4244,493.8,0.7286,499,no_progress,0.0931,393.5
27,7,63,720,819.6,63,720,8,0.706,1122.9,0.4858,31,complete,0.1169,414.3
28,4,77,1000,1020.0,70,,12,0.4973,882.2,0.4165,100,step_limit,0.1444,442.6
29,5,34,449,437.55,34,449,4,0.6027,877.7,0.449,13,complete,0.1167,454.8
30,5,25,541,312.95,25,541,3,0.7213,892.3,0.3806,11,complete,0.1789,470.7
31,7,68,409,921.37,68,409,9,0.5424,788.3,0.1536,3,complete,0.1052,482.3
32,5,79,1000,1100.0,76,,13,0.5896,829.4,0.341,19,step_limit,0.2112,511.0
33,5,62,1000,850.0,60,,10,0.6282,884.9,0.2508,10,step_limit,0.2321,539.4
34,5,33,327,433.65,33,327,4,0.4581,649.2,0.3373,10,complete,0.0936,548.1
35,5,26,293,275.35,26,293,1,0.587,678.8,0.3251,20,complete,0.0976,556.0
36,5,57,784,240.8,25,,1,0.7105,585.3,0.8623,239,no_progress,0.2123,578.0
37,5,29,363,391.85,29,363,4,0.6171,967.6,0.1395,10,complete,0.1962,587.7
38,6,63,526,868.44,63,526,9,0.6128,859.9,0.2758,17,complete,0.1141,602.1
39,6,44,647,521.18,44,647,4,0.6273,885.5,0.4389,61,complete,0.1027,620.5
40,8,56,320,744.4,56,320,7,0.6145,848.1,0.1656,3,complete,0.0387,629.8
41,8,21,180,195.6,21,180,0,0.6931,938.7,0.2774,2,complete,0.0134,634.9
42,3,24,895,223.15,19,,2,0.5933,699.0,0.7422,512,no_progress,0.2063,659.5
43,5,52,1000,650.0,46,,8,0.6686,776.7,0.7041,275,step_limit,0.11,687.3
44,5,72,562,1021.9,72,562,11,0.4278,747.7,0.1318,9,complete,0.049,702.9
45,4,52,1000,590.0,45,,6,0.6455,871.2,0.5156,95,step_limit,0.1763,730.5
46,8,72,400,988.0,72,400,10,0.495,640.6,0.0601,1,complete,0.0742,743.5
47,5,69,737,983.15,69,737,11,0.5056,720.3,0.418,60,complete,0.1047,761.1
48,4,56,1000,750.0,52,,9,0.569,727.1,0.508,62,step_limit,0.1163,786.9
49,8,78,442,1104.64,78,442,12,0.5848,871.2,0.1593,3,complete,0.1089,799.7
50,7,40,791,434.63,40,791,3,0.7791,1175.7,0.6026,147,complete,0.2317,822.0
51,8,51,443,654.56,51,443,6,0.5293,732.3,0.4344,5,complete,0.0974,863.2
52,3,42,1000,540.0,39,,6,0.4797,636.0,0.5259,112,step_limit,0.1498,890.9
53,8,60,344,812.48,60,344,8,0.4982,623.5,0.0967,3,complete,0.0732,900.8
54,4,49,634,734.64,49,634,9,0.472,628.1,0.2048,20,complete,0.1067,919.2
55,5,40,403,589.85,40,403,7,0.4397,694.5,0.0873,6,complete,0.1882,930.1
56,6,61,499,880.06,61,499,10,0.5625,833.1,0.1247,8,complete,0.1454,945.5
57,3,53,1000,630.0,45,,7,0.5517,777.3,0.4646,58,step_limit,0.1881,971.7
58,8,57,393,778.56,57,393,8,0.6081,929.8,0.1226,3,complete,0.1535,984.4
59,3,50,1000,670.0,46,,8,0.4157,765.4,0.2762,39,step_limit,0.2326,1012.2
60,5,21,338,253.1,21,338,2,0.5917,752.2,0.1859,5,complete,0.2465,1021.6
61,7,26,193,246.49,26,193,0,0.6691,858.5,0.1304,0,complete,0.1868,1026.8
62,7,55,682,742.26,55,682,8,0.7095,888.3,0.2769,2,complete,0.2158,1047.0
63,7,68,849,920.57,68,849,10,0.7054,947.6,0.4369,15,complete,0.1817,1069.6
64,3,41,750,207.5,17,,2,0.3147,541.9,0.7291,383,no_progress,0.2654,1091.0
65,6,68,546,1007.24,68,546,12,0.4197,655.5,0.205,7,complete,0.0948,1105.7
66,3,61,1000,740.0,50,,9,0.351,560.3,0.5262,219,step_limit,0.1111,1133.9
67,3,53,1000,550.0,40,,6,0.5447,693.5,0.4915,77,step_limit,0.1756,1161.7
68,4,44,479,630.84,44,479,7,0.4661,677.8,0.2057,25,complete,0.1289,1174.6
69,5,34,587,430.65,34,587,4,0.5635,731.5,0.397,30,complete,0.146,1191.8
70,5,31,643,367.85,31,643,3,0.6908,1023.0,0.4958,16,complete,0.127,1206.9
71,7,71,487,975.91,71,487,10,0.4456,588.1,0.322,4,complete,0.0927,1218.8
72,3,53,1000,450.0,33,,5,0.56,668.8,0.5763,141,step_limit,0.2088,1240.8
73,4,21,1000,190.0,17,,2,0.6967,1052.4,0.4957,56,step_limit,0.2218,1268.4
74,7,45,427,630.11,45,427,7,0.5855,857.8,0.2787,10,complete,0.0967,1279.9
75,6,40,628,512.32,40,628,5,0.5111,787.3,0.4145,24,complete,0.1324,1298.1
76,5,75,1000,1020.0,71,,12,0.6404,960.7,0.438,30,step_limit,0.169,1326.3
77,6,24,223,226.62,24,223,0,0.6973,911.9,0.3096,7,complete,0.0714,1332.1
78,5,64,1000,770.0,55,,9,0.6348,763.6,0.6213,58,step_limit,0.1526,1360.1
79,3,41,1000,570.0,39,,7,0.5853,720.0,0.477,95,step_limit,0.1461,1388.1
80,3,69,1000,940.0,61,,12,0.4067,616.2,0.3423,53,step_limit,0.1034,1414.4
81,7,47,393,592.49,47,393,5,0.5405,835.4,0.3193,3,complete,0.1153,1426.7
82,8,69,497,950.24,69,497,10,0.6509,905.4,0.2768,6,complete,0.0893,1440.2
83,6,31,355,378.7,31,355,3,0.6531,914.3,0.2583,4,complete,0.1159,1449.8
84,4,33,626,424.96,33,626,4,0.5515,816.4,0.4335,30,complete,0.1269,1468.0
85,5,38,551,532.45,38,551,6,0.3869,550.1,0.3009,11,complete,0.0543,1482.9
86,8,24,232,251.44,24,232,1,0.7726,824.0,0.1684,1,complete,0.0257,1490.7
87,3,30,908,422.76,30,908,5,0.4471,728.8,0.4744,75,complete,0.1245,1514.7
88,5,38,793,490.35,38,793,5,0.6472,936.9,0.3252,17,complete,0.1012,1537.2
89,4,57,1000,700.0,50,,8,0.637,895.6,0.4753,53,step_limit,0.113,1565.2
90,7,21,217,194.81,21,217,0,0.707,987.0,0.2191,5,complete,0.0153,1571.1
91,8,77,476,1181.92,77,476,15,0.6111,904.0,0.0926,4,complete,0.0502,1584.7
92,5,69,1000,920.0,64,,11,0.612,852.7,0.4808,18,step_limit,0.1085,1612.0
93,8,60,576,853.92,60,576,10,0.5145,744.1,0.0965,2,complete,0.0276,1627.1
94,7,45,422,630.46,45,422,7,0.5332,762.2,0.2845,15,complete,0.0411,1637.6
95,5,71,959,1052.05,71,959,13,0.5074,675.2,0.2856,14,complete,0.0529,1665.1
96,3,74,1000,830.0,56,,10,0.4917,763.5,0.4812,186,step_limit,0.1111,1693.2
97,8,47,262,659.04,47,262,7,0.5372,797.9,0.0751,1,complete,0.0259,1700.6
98,8,50,589,662.88,50,589,7,0.7419,971.1,0.259,3,complete,0.0593,1716.6
99,7,35,403,411.79,35,403,3,0.6831,798.8,0.2538,5,complete,0.0659,1728.6
100,4,40,563,557.48,40,563,6,0.5311,731.3,0.2242,13,complete,0.041,1743.6
101,3,23,1000,270.0,21,,3,0.481,713.2,0.4661,72,step_limit,0.0329,1800.2
102,3,21,724,278.28,21,724,3,0.5456,775.6,0.3677,108,complete,0.1012,1819.1
103,8,72,408,987.36,72,408,10,0.5561,713.9,0.1803,2,complete,0.0375,1832.1
104,3,27,1000,270.0,21,,3,0.5777,797.6,0.7113,431,step_limit,0.1598,1858.2
105,5,63,837,918.15,63,837,11,0.4151,799.0,0.1493,7,complete,0.0685,1882.2
106,6,58,400,796.0,58,400,8,0.5596,733.4,0.132,4,complete,0.0422,1893.2
107,7,75,694,1061.42,75,694,12,0.6923,1071.4,0.3488,5,complete,0.0812,1913.8
108,5,55,972,771.4,55,972,9,0.63,923.6,0.3788,91,complete,0.099,1941.0
109,6,64,785,922.9,64,785,11,0.6669,933.9,0.3256,7,complete,0.1234,1963.7
110,5,55,517,794.15,55,517,9,0.5985,854.9,0.2143,7,complete,0.037,1977.6
111,6,67,1000,920.0,65,,11,0.6682,956.7,0.3946,14,step_limit,0.1195,2005.1
112,4,46,1000,570.0,43,,6,0.5575,920.6,0.5452,74,step_limit,0.108,2031.8
113,6,43,543,607.42,43,543,7,0.4754,655.3,0.2902,20,complete,0.0513,2046.0
114,4,80,1000,870.0,58,,11,0.5008,720.9,0.5308,57,step_limit,0.0588,2073.8
115,7,78,860,1109.8,78,860,13,0.5477,717.4,0.3088,3,complete,0.0476,2098.5
116,7,72,468,1017.24,72,468,11,0.5678,865.8,0.1242,6,complete,0.0452,2111.6
117,4,54,966,771.36,54,966,9,0.5694,701.8,0.3977,58,complete,0.0866,2138.3
118,3,63,1000,660.0,45,,8,0.5353,735.4,0.5851,320,step_limit,0.1156,2166.5
119,7,66,897,927.21,66,897,11,0.6458,794.4,0.3996,19,complete,0.0518,2190.6
120,7,70,636,985.48,70,636,11,0.6292,884.0,0.3153,5,complete,0.0443,2209.9
121,7,45,477,626.61,45,477,7,0.6774,804.5,0.2531,4,complete,0.0336,2222.8
122,6,26,341,299.54,26,341,2,0.7209,1027.8,0.3114,4,complete,0.0635,2231.9
123,8,30,253,369.76,30,253,3,0.7006,832.1,0.1731,2,complete,0.0169,2240.5
124,3,80,1000,710.0,50,,8,0.4527,770.6,0.5279,91,step_limit,0.1134,2268.6
125,8,41,319,594.48,41,319,7,0.6148,737.2,0.1657,2,complete,0.0237,2277.5
126,5,50,782,730.9,50,782,9,0.6923,1000.0,0.3709,27,complete,0.0935,2298.1
127,5,37,1000,480.0,35,,6,0.6508,855.3,0.4554,27,step_limit,0.0831,2325.8
128,3,42,1000,400.0,31,,4,0.523,716.0,0.6736,177,step_limit,0.0877,2352.9
129,7,52,567,750.31,52,567,9,0.5367,844.8,0.269,4,complete,0.0401,2368.3
130,3,40,1000,410.0,32,,4,0.5897,758.5,0.5275,85,step_limit,0.1473,2396.3
131,5,39,534,543.3,39,534,6,0.5109,643.0,0.1906,34,complete,0.0246,2412.2
132,8,63,535,917.2,63,535,11,0.4853,709.2,0.1541,10,complete,0.0149,2426.5
133,5,61,808,869.6,61,808,10,0.5928,760.9,0.3308,33,complete,0.0753,2449.8
134,6,22,294,232.36,22,294,1,0.4512,691.4,0.204,7,complete,0.0049,2457.7
135,3,20,1000,220.0,16,,3,0.5997,707.7,0.5615,139,step_limit,0.1925,2485.4
136,8,57,399,748.08,57,399,7,0.6632,835.8,0.2424,3,complete,0.0243,2496.2
137,4,24,603,275.88,24,603,2,0.5672,712.1,0.2914,30,complete,0.0472,2513.4
138,6,35,313,451.22,35,313,4,0.5091,596.5,0.2629,6,complete,0.0347,2521.7
139,5,29,378,391.1,29,378,4,0.6889,827.7,0.1758,5,complete,0.017,2531.7
140,3,32,1000,350.0,26,,4,0.5553,765.8,0.4735,62,step_limit,0.1899,2556.3
141,4,54,974,771.04,54,974,9,0.5067,617.5,0.4083,57,complete,0.0923,2581.3
142,3,42,1000,580.0,40,,7,0.468,662.4,0.2629,37,step_limit,0.1212,2601.4
143,4,23,679,292.84,23,679,3,0.6281,820.2,0.4365,51,complete,0.1207,2618.7
144,5,61,1000,870.0,59,,11,0.568,795.6,0.3304,21,step_limit,0.0973,2646.6
145,5,64,577,941.15,64,577,11,0.5563,736.3,0.2203,11,complete,0.0211,2662.6
146,3,71,1000,660.0,45,,8,0.309,560.4,0.567,121,step_limit,0.0722,2690.3
147,4,48,1000,660.0,46,,8,0.4795,700.2,0.3742,95,step_limit,0.0703,2718.1
148,6,36,668,469.92,36,668,5,0.7146,1022.7,0.3853,17,complete,0.1024,2735.6
149,7,40,422,550.46,40,422,6,0.5095,846.5,0.2145,5,complete,0.0271,2748.5
150,5,26,1000,280.0,24,,3,0.6424,802.7,0.3846,39,step_limit,0.1128,2774.5
151,6,70,511,999.34,70,511,11,0.5877,847.4,0.1499,9,complete,0.0169,2818.6
152,8,48,349,662.08,48,349,7,0.6665,817.1,0.1057,2,complete,0.0143,2828.4
153,8,57,346,752.32,57,346,7,0.6163,942.6,0.0717,1,complete,0.0173,2838.3
154,8,34,240,350.8,34,240,1,0.6068,723.6,0.0536,1,complete,0.003,2846.4
155,8,80,463,1152.96,80,463,13,0.6633,912.0,0.1285,2,complete,0.0098,2859.4
156,7,59,444,798.92,59,444,8,0.6634,909.6,0.1642,2,complete,0.0169,2871.8
157,4,42,1000,520.0,38,,6,0.5343,766.1,0.483,64,step_limit,0.0682,2899.1
158,6,76,879,1097.26,76,879,13,0.4831,602.1,0.2958,19,complete,0.0307,2924.5
159,8,47,348,622.16,47,348,6,0.597,858.9,0.2416,3,complete,0.0096,2934.3
160,3,62,1000,690.0,48,,8,0.533,683.3,0.4415,70,step_limit,0.1313,2962.9
161,4,31,1000,340.0,26,,4,0.4928,670.0,0.4086,55,step_limit,0.0329,2990.9
162,5,26,666,316.7,26,666,3,0.7201,958.6,0.2951,19,complete,0.0667,3008.3
163,7,21,340,216.2,21,340,1,0.7504,1066.3,0.3997,14,complete,0.0317,3019.2
164,8,79,611,1161.12,79,611,14,0.6854,980.0,0.2069,7,complete,0.0222,3035.8
165,8,47,462,643.04,47,462,7,0.5346,799.0,0.1326,1,complete,0.0224,3048.3
166,5,77,736,1123.2,77,736,13,0.509,890.5,0.247,13,complete,0.0438,3069.6
167,6,77,1000,950.0,68,,11,0.717,1037.2,0.4987,20,step_limit,0.1062,3098.5
168,8,29,317,324.64,29,317,2,0.735,797.6,0.1552,2,complete,0.0179,3107.1
169,8,59,613,810.96,59,613,9,0.7219,933.3,0.2315,5,complete,0.0247,3124.9
170,4,74,1000,870.0,58,,11,0.5897,826.2,0.4872,63,step_limit,0.094,3152.9
171,6,34,355,438.7,34,355,4,0.5657,607.4,0.1102,4,complete,0.0064,3163.0
172,3,43,1000,540.0,39,,6,0.5277,738.7,0.4056,56,step_limit,0.0861,3191.1
173,5,35,737,433.15,35,737,4,0.6445,937.3,0.4678,12,complete,0.107,3210.5
174,8,43,333,583.36,43,333,6,0.5154,780.9,0.2143,3,complete,0.0129,3221.5
175,8,30,392,358.64,30,392,3,0.7774,1058.1,0.2874,6,complete,0.0286,3232.0
176,8,29,374,380.08,29,374,4,0.6604,967.6,0.1482,2,complete,0.0106,3242.0
177,3,45,1000,450.0,33,,5,0.5983,768.7,0.5945,241,step_limit,0.175,3269.6
178,4,20,1000,110.0,15,,0,0.7183,956.1,0.4848,37,step_limit,0.1418,3296.7
179,8,66,598,852.16,66,598,8,0.7538,992.9,0.2076,2,complete,0.0417,3313.2
180,7,22,268,201.24,22,268,0,0.4547,666.6,0.1591,2,complete,0.0042,3322.1
181,8,77,437,1095.04,77,437,12,0.665,920.8,0.1402,5,complete,0.0388,3334.6
182,5,74,1000,980.0,70,,11,0.5802,825.4,0.5079,36,step_limit,0.0975,3362.9
183,7,40,280,530.4,40,280,5,0.4224,638.6,0.0994,3,complete,0.0152,3370.8
184,5,77,801,1119.95,77,801,13,0.5798,842.9,0.333,55,complete,0.0274,3393.9
185,6,72,701,1037.94,72,701,12,0.6486,891.3,0.2547,15,complete,0.0261,3412.8
186,6,74,684,1058.96,74,684,12,0.5916,770.8,0.3428,10,complete,0.0264,3431.2
187,3,65,1000,780.0,54,,9,0.4857,692.1,0.4863,75,step_limit,0.1193,3459.9
188,3,80,1000,620.0,44,,7,0.447,743.8,0.4869,45,step_limit,0.1474,3485.0
189,7,55,492,755.56,55,492,8,0.6463,886.6,0.2345,11,complete,0.0429,3496.8
190,5,36,616,509.2,36,616,6,0.6799,938.7,0.3828,17,complete,0.0788,3514.7
191,3,28,1000,260.0,20,,3,0.5583,750.7,0.6494,99,step_limit,0.1818,3542.5
192,7,74,561,1060.73,74,561,12,0.605,828.6,0.1215,3,complete,0.0057,3558.1
193,5,61,1000,780.0,56,,9,0.6646,889.3,0.4971,28,step_limit,0.1058,3586.3
194,8,73,439,994.88,73,439,10,0.5934,772.7,0.2857,10,complete,0.0185,3598.7
195,6,69,667,979.98,69,667,11,0.6449,983.5,0.2712,7,complete,0.0264,3618.1
196,5,47,598,620.1,47,598,6,0.4766,701.4,0.2911,24,complete,0.0145,3634.0
197,6,27,386,306.84,27,386,2,0.6248,867.3,0.2038,3,complete,0.0194,3646.2
198,4,56,1000,780.0,55,,9,0.4475,659.0,0.2557,19,step_limit,0.0457,3672.5
199,4,57,1000,750.0,52,,9,0.6318,903.6,0.4557,40,step_limit,0.1075,3700.6
200,8,64,455,933.6,64,455,11,0.6239,972.2,0.1699,3,complete,0.0164,3715.1
201,7,38,590,458.7,38,590,4,0.785,1086.8,0.4039,13,complete,0.0798,3758.6
202,3,32,710,448.7,32,710,5,0.5756,785.8,0.3657,75,complete,0.1143,3777.5
203,5,23,308,304.6,23,308,3,0.4903,656.1,0.1023,3,complete,0.0,3787.4
204,5,38,422,538.9,38,422,6,0.5223,774.9,0.1863,9,complete,0.0107,3798.5
205,5,27,486,305.7,27,486,2,0.4407,688.4,0.2559,7,complete,0.0245,3811.4
206,3,58,1000,500.0,35,,6,0.5243,659.1,0.7266,314,step_limit,0.0275,3839.4
207,5,52,1000,700.0,51,,8,0.6582,1031.1,0.4699,70,step_limit,0.112,3867.1
208,5,60,1000,680.0,52,,7,0.7194,1103.6,0.5763,131,step_limit,0.1748,3894.9
209,3,72,1000,530.0,38,,6,0.5383,639.2,0.6429,143,step_limit,0.1685,3922.4
210,8,39,405,507.6,39,405,5,0.5765,701.6,0.2326,4,complete,0.0335,3933.3
211,4,55,1000,800.0,54,,10,0.6285,944.2,0.3871,23,step_limit,0.0958,3959.4
212,5,62,744,912.8,62,744,11,0.5148,742.3,0.2371,17,complete,0.0304,3977.0
213,6,77,568,1095.92,77,568,12,0.4604,623.9,0.2472,5,complete,0.0094,3991.7
214,5,44,787,640.65,44,787,8,0.4546,665.4,0.3796,17,complete,0.0198,4011.2
215,3,49,1000,520.0,37,,6,0.549,690.3,0.5941,167,step_limit,0.1222,4038.9
216,7,29,414,351.02,29,414,3,0.7474,959.1,0.2612,5,complete,0.0274,4051.3
217,6,36,445,513.3,36,445,6,0.5142,650.5,0.1624,5,complete,0.0252,4063.2
218,7,55,382,733.26,55,382,7,0.5924,711.5,0.1003,2,complete,0.0149,4073.9
219,4,35,1000,450.0,34,,5,0.6475,894.5,0.4546,47,step_limit,0.1506,4101.7
220,8,73,510,1049.2,73,510,12,0.6502,828.6,0.1407,3,complete,0.016,4116.3
221,7,25,169,238.17,25,169,0,0.6095,833.3,0.225,1,complete,0.0286,4122.6
222,4,30,995,380.2,30,995,4,0.6611,802.3,0.4589,54,complete,0.0701,4148.8
223,4,45,1000,590.0,42,,7,0.6155,925.0,0.391,30,step_limit,0.1521,4176.3
224,6,76,992,1090.48,76,992,13,0.707,1058.7,0.3506,15,complete,0.0762,4205.0
225,6,70,899,1006.06,70,899,12,0.6105,761.9,0.2627,7,complete,0.055,4230.6
226,7,73,557,1021.01,73,557,11,0.4111,714.4,0.23,5,complete,0.0154,4245.9
227,8,56,545,756.4,56,545,8,0.5677,808.9,0.1488,2,complete,0.0172,4262.2
228,7,24,290,249.7,24,290,1,0.6768,849.1,0.1799,1,complete,0.049,4269.8
229,3,32,1000,360.0,27,,4,0.5933,747.0,0.4307,97,step_limit,0.1708,4297.5
230,3,62,1000,800.0,53,,10,0.477,734.9,0.3954,103,step_limit,0.0779,4325.4
231,4,27,671,363.16,27,671,4,0.6192,892.9,0.389,39,complete,0.0675,4342.6
232,8,27,317,274.64,27,317,1,0.7961,961.8,0.4271,6,complete,0.0329,4350.7
233,7,58,454,788.22,58,454,8,0.6249,890.1,0.255,5,complete,0.0274,4362.3
234,5,56,986,810.7,56,986,10,0.5245,696.6,0.3896,34,complete,0.0547,4385.8
235,5,49,607,669.65,49,607,7,0.6224,851.9,0.2535,17,complete,0.026,4403.8
236,8,71,418,976.56,71,418,10,0.6103,922.4,0.0927,2,complete,0.034,4415.5
237,7,77,651,1114.43,77,651,13,0.5111,665.2,0.1573,3,complete,0.0247,4434.2
238,8,27,344,272.48,27,344,1,0.5276,761.5,0.1563,2,complete,0.0058,4442.9
239,6,37,784,502.96,37,784,6,0.7602,952.1,0.2726,25,complete,0.0502,4465.2
240,8,70,574,984.08,70,574,11,0.4305,687.4,0.204,3,complete,0.0114,4480.5
241,3,46,1000,580.0,40,,7,0.4763,754.3,0.3676,67,step_limit,0.0906,4508.4
242,7,65,547,881.71,65,547,9,0.4429,660.5,0.122,3,complete,0.0159,4523.5
243,6,39,635,501.9,39,635,5,0.6016,908.6,0.2947,10,complete,0.0703,4541.8
244,5,51,841,737.95,51,841,9,0.63,835.6,0.2456,10,complete,0.0457,4566.0
245,3,52,1000,480.0,33,,6,0.5603,778.4,0.454,80,step_limit,0.2161,4592.0
246,6,54,398,756.12,54,398,8,0.5498,688.9,0.09,3,complete,0.0124,4604.6
247,8,69,611,1001.12,69,611,12,0.7077,975.1,0.1348,2,complete,0.0077,4621.1
248,4,77,1000,800.0,54,,10,0.5008,810.9,0.458,55,step_limit,0.1034,4648.8
249,6,70,675,1019.5,70,675,12,0.5138,734.7,0.187,7,complete,0.016,4668.9
250,4,51,1000,620.0,45,,7,0.6567,1032.1,0.396,48,step_limit,0.1835,4694.8
251,8,33,290,366.8,33,290,2,0.6612,772.8,0.2338,2,complete,0.0056,4733.0
252,4,25,827,336.92,25,827,4,0.6566,996.1,0.3861,38,complete,0.1179,4754.6
253,6,49,551,696.94,49,551,8,0.6597,957.0,0.2447,14,complete,0.0776,4770.9
254,7,26,229,303.97,26,229,2,0.5159,717.3,0.03,0,complete,0.0173,4777.1
255,5,38,563,531.85,38,563,6,0.6444,940.5,0.2903,12,complete,0.0754,4792.2
256,5,27,688,325.6,27,688,3,0.7047,892.5,0.4524,22,complete,0.1015,4811.7
257,3,44,1000,590.0,41,,7,0.5003,781.6,0.3325,53,step_limit,0.1398,4839.6
258,6,73,900,1036.0,73,900,12,0.6156,807.9,0.3292,43,complete,0.0342,4864.1
259,7,65,830,891.9,65,830,10,0.4871,815.6,0.2943,4,complete,0.0472,4887.9
260,7,49,386,642.98,49,386,6,0.6306,884.6,0.156,6,complete,0.0253,4898.8
261,8,21,194,194.48,21,194,0,0.7268,1073.4,0.1627,2,complete,0.0268,4905.7
262,3,69,1000,960.0,63,,12,0.38,689.4,0.292,43,step_limit,0.0632,4932.0
263,5,40,830,538.5,40,830,6,0.7104,1023.8,0.4228,31,complete,0.1671,4955.4
264,6,35,471,471.74,35,471,5,0.4812,807.8,0.1328,4,complete,0.0179,4967.9
265,8,52,486,691.12,52,486,7,0.4046,560.6,0.182,4,complete,0.012,4982.8
266,4,33,475,431.0,33,475,4,0.2584,645.1,0.0558,7,complete,0.0189,4995.5
267,8,32,292,356.64,32,292,2,0.6854,893.6,0.1801,2,complete,0.0446,5004.9
268,5,39,676,566.2,39,676,7,0.595,888.2,0.2322,20,complete,0.0883,5022.8
269,6,71,610,1033.4,71,610,12,0.5959,779.2,0.1887,5,complete,0.0112,5040.8
270,4,56,1000,720.0,49,,9,0.6258,913.9,0.3072,49,step_limit,0.1486,5067.3
271,6,66,495,960.3,66,495,11,0.5993,870.1,0.1624,5,complete,0.0238,5082.3
272,5,33,496,425.2,33,496,4,0.3774,593.3,0.1024,13,complete,0.0151,5095.7
273,7,75,631,1065.83,75,631,12,0.6611,898.3,0.2738,8,complete,0.0486,5114.2
274,4,63,921,923.16,63,921,11,0.5144,713.9,0.2939,31,complete,0.0642,5140.4
275,3,46,1000,580.0,40,,7,0.539,791.4,0.3292,96,step_limit,0.2079,5166.9
276,6,62,786,872.84,62,786,10,0.7034,1020.8,0.2994,26,complete,0.0904,5189.4
277,8,35,326,443.92,35,326,4,0.7496,833.4,0.1329,1,complete,0.0186,5198.2
278,5,79,1000,1090.0,78,,12,0.4726,734.9,0.2715,44,step_limit,0.0269,5226.3
279,3,50,1000,570.0,39,,7,0.461,607.8,0.3912,64,step_limit,0.1056,5254.2
280,3,71,1000,690.0,48,,8,0.4933,716.8,0.4031,114,step_limit,0.1314,5282.1
281,6,52,706,747.64,52,706,9,0.6048,836.7,0.3167,19,complete,0.0915,5301.0
282,4,55,780,818.8,55,780,10,0.5888,746.4,0.1956,15,complete,0.05,5321.7
283,5,44,488,625.6,44,488,7,0.432,649.2,0.1232,6,complete,0.0294,5333.2
284,8,61,396,818.32,61,396,8,0.6316,804.2,0.0804,2,complete,0.0101,5343.4
285,8,61,339,792.88,61,339,7,0.5586,803.1,0.0962,1,complete,0.0339,5350.3
286,8,35,259,389.28,35,259,2,0.6028,708.3,0.1688,2,complete,0.0063,5355.3
287,7,42,360,514.8,42,360,4,0.6548,922.0,0.1473,3,complete,0.0185,5362.9
288,4,26,714,351.44,26,714,4,0.6506,1030.5,0.2553,20,complete,0.1538,5383.0
289,6,71,917,1014.98,71,917,12,0.5736,794.3,0.2654,20,complete,0.0474,5407.3
290,4,34,835,486.6,34,835,6,0.5392,866.5,0.2631,17,complete,0.0926,5430.4
291,7,70,503,994.79,70,503,11,0.595,804.9,0.1205,4,complete,0.0225,5445.8
292,7,25,358,284.94,25,358,2,0.4138,687.5,0.085,2,complete,0.015,5455.5
293,6,78,751,1124.94,78,751,13,0.676,918.7,0.3067,8,complete,0.0286,5475.9
294,5,63,693,925.35,63,693,11,0.5368,787.6,0.2355,10,complete,0.0349,5496.1
295,3,40,1000,510.0,36,,6,0.5577,799.0,0.435,57,step_limit,0.1333,5524.3
296,3,78,1000,700.0,49,,8,0.483,680.1,0.4304,60,step_limit,0.098,5552.2
297,4,76,1000,1080.0,73,,13,0.4768,678.8,0.3025,15,step_limit,0.0467,5578.5
298,7,42,459,537.87,42,459,5,0.4908,760.6,0.113,2,complete,0.0266,5592.6
299,7,34,410,461.3,34,410,5,0.7495,1058.6,0.2834,13,complete,0.0512,5603.6
300,8,73,660,1067.2,73,660,13,0.6905,957.3,0.2609,11,complete,0.0371,5623.0
301,6,74,594,1094.36,74,594,13,0.4663,735.7,0.1953,13,complete,0.026,5667.8
302,3,56,1000,750.0,51,,9,0.477,762.3,0.3776,54,step_limit,0.1155,5695.7
303,7,24,273,250.89,24,273,1,0.6729,816.0,0.1831,2,complete,0.0119,5702.7
304,7,67,613,957.09,67,613,11,0.6882,983.0,0.238,4,complete,0.0361,5721.2
305,5,69,918,1004.1,69,918,12,0.5961,854.5,0.2462,24,complete,0.0739,5745.5
306,5,30,457,367.15,30,457,3,0.5711,840.9,0.3527,24,complete,0.0455,5759.5
307,8,46,369,640.48,46,369,7,0.5091,640.6,0.1201,3,complete,0.0143,5770.0
308,4,45,912,623.52,45,912,7,0.4866,783.6,0.3349,18,complete,0.0787,5795.4
309,8,80,590,1172.8,80,590,14,0.6496,979.2,0.1989,6,complete,0.0432,5812.0
310,5,26,664,316.8,26,664,3,0.4015,753.2,0.1714,18,complete,0.0508,5830.6
311,3,52,1000,660.0,45,,8,0.3877,600.2,0.3439,111,step_limit,0.0858,5858.6
312,4,42,972,591.12,42,972,7,0.6083,905.8,0.4138,22,complete,0.1376,5884.6
313,3,60,1000,720.0,48,,9,0.4567,713.7,0.3333,55,step_limit,0.1579,5913.2
314,4,78,1000,830.0,57,,10,0.6212,858.5,0.3307,32,step_limit,0.146,5941.7
315,7,51,500,715.0,51,500,8,0.6906,993.3,0.2144,3,complete,0.0526,5956.9
316,6,58,577,785.38,58,577,8,0.6228,839.9,0.2372,3,complete,0.0081,5972.6
317,6,75,1000,1070.0,74,,13,0.5752,952.7,0.3705,19,step_limit,0.0591,6001.5
318,8,56,515,758.8,56,515,8,0.6903,953.7,0.243,4,complete,0.0256,6015.6
319,5,69,794,1010.3,69,794,12,0.5957,882.5,0.261,14,complete,0.0822,6038.8
320,7,45,488,655.84,45,488,8,0.5992,861.5,0.1824,10,complete,0.0448,6052.2
321,7,28,208,295.44,28,208,1,0.7342,910.7,0.1018,0,complete,0.0,6059.5
322,7,59,420,860.6,59,420,10,0.4061,602.3,0.1509,3,complete,0.021,6070.9
323,4,44,1000,520.0,38,,6,0.6538,1031.1,0.4875,76,step_limit,0.1,6099.1
324,4,25,372,325.12,25,372,3,0.4402,576.9,0.1609,16,complete,0.0625,6109.2
325,8,65,450,914.0,65,450,10,0.5978,765.7,0.1836,4,complete,0.0164,6121.8
326,5,31,438,408.1,31,438,4,0.6393,965.5,0.2995,19,complete,0.102,6135.1
327,7,67,521,933.53,67,521,10,0.6573,866.1,0.2279,7,complete,0.0222,6149.6
328,4,65,949,972.04,65,949,12,0.5032,727.0,0.2869,36,complete,0.0625,6176.3
329,7,33,695,401.35,33,695,4,0.5484,857.4,0.3216,9,complete,0.0505,6196.2
330,7,76,501,1114.93,76,501,13,0.5763,837.2,0.115,3,complete,0.0061,6210.2
331,5,76,988,1130.6,76,988,14,0.597,885.4,0.2422,14,complete,0.055,6238.1
332,7,75,716,1059.88,75,716,12,0.4771,803.8,0.2448,5,complete,0.0753,6258.0
333,5,26,515,324.25,26,515,3,0.5126,779.6,0.2397,8,complete,0.016,6273.8
334,3,63,1000,620.0,44,,7,0.3363,615.0,0.4055,74,step_limit,0.0922,6302.1
335,6,28,391,376.54,28,391,4,0.5499,850.1,0.1454,9,complete,0.017,6311.8
336,3,54,1000,720.0,48,,9,0.462,739.0,0.3137,48,step_limit,0.1007,6336.1
337,5,65,1000,730.0,54,,8,0.6908,986.0,0.4044,21,step_limit,0.1464,6362.6
338,5,68,969,991.55,68,969,12,0.6142,809.0,0.331,17,complete,0.0954,6390.1
339,7,47,408,651.44,47,408,7,0.4643,649.9,0.1629,2,complete,0.0258,6402.9
340,4,73,1000,860.0,57,,11,0.6158,799.2,0.3863,47,step_limit,0.1227,6429.3
341,4,64,1000,720.0,52,,8,0.6328,868.6,0.365,40,step_limit,0.1906,6457.5
342,5,26,332,333.4,26,332,3,0.45,707.2,0.1,5,complete,0.0143,6468.0
343,8,58,406,727.52,58,406,6,0.6706,831.5,0.2044,4,complete,0.026,6479.4
344,6,23,256,244.64,23,256,1,0.3626,661.5,0.0628,2,complete,0.0172,6486.2
345,7,53,504,734.72,53,504,8,0.68,1014.4,0.238,4,complete,0.0313,6501.4
346,4,21,534,278.64,21,534,3,0.5646,698.3,0.276,20,complete,0.0326,6515.5
347,7,39,286,519.98,39,286,5,0.6089,772.6,0.1151,3,complete,0.0304,6523.3
348,7,46,307,648.51,46,307,7,0.5496,614.0,0.0728,2,complete,0.013,6531.7
349,6,37,491,520.54,37,491,6,0.6086,861.5,0.2989,7,complete,0.1,6546.5
350,4,42,1000,540.0,40,,6,0.6282,959.7,0.4166,40,step_limit,0.1359,6574.0
351,7,54,474,746.82,54,474,8,0.538,927.2,0.1112,6,complete,0.0353,6615.4
352,6,69,868,967.92,69,868,11,0.5449,944.7,0.1786,17,complete,0.0472,6639.9
353,3,44,1000,600.0,42,,7,0.4553,711.5,0.292,36,step_limit,0.1158,6666.2
354,4,49,1000,660.0,46,,8,0.5653,838.6,0.4211,53,step_limit,0.0718,6692.1
355,3,28,655,410.35,28,655,5,0.5298,687.1,0.294,24,complete,0.0995,6707.4
356,3,79,1000,870.0,60,,10,0.3747,572.6,0.4056,110,step_limit,0.0409,6729.8
357,6,71,634,1061.96,71,634,13,0.4319,598.1,0.1617,8,complete,0.0175,6748.6
358,3,30,1000,410.0,29,,5,0.5757,778.3,0.5006,153,step_limit,0.1406,6776.2
359,5,74,914,1084.3,74,914,13,0.4748,657.4,0.2219,19,complete,0.0303,6799.9
360,7,47,515,613.95,47,515,6,0.5398,848.7,0.1267,3,complete,0.0391,6815.4
361,5,43,661,606.95,43,661,7,0.574,873.8,0.2999,45,complete,0.0667,6833.0
362,8,78,626,1119.92,78,626,13,0.5441,753.1,0.1829,5,complete,0.0288,6851.7
363,6,70,476,1061.44,70,476,13,0.465,710.3,0.1044,3,complete,0.0078,6865.2
364,4,64,1000,920.0,63,,11,0.557,890.6,0.2933,55,step_limit,0.0965,6893.4
365,3,63,1000,750.0,51,,9,0.511,760.1,0.2562,43,step_limit,0.1896,6921.4
366,5,44,689,645.55,44,689,8,0.6435,973.5,0.1932,4,complete,0.0935,6939.4
367,6,38,346,509.24,38,346,5,0.618,934.3,0.1509,3,complete,0.0283,6950.3
368,4,37,531,498.76,37,531,5,0.3818,534.8,0.1658,16,complete,0.0397,6964.3
369,3,42,1000,540.0,36,,7,0.4053,663.7,0.3482,42,step_limit,0.051,6991.6
370,5,70,1000,1000.0,69,,12,0.6626,955.8,0.3322,62,step_limit,0.1081,7019.6
371,5,40,666,576.7,40,666,7,0.6141,824.1,0.2729,13,complete,0.0759,7037.2
372,6,29,288,392.72,29,288,4,0.4815,564.4,0.108,1,complete,0.0194,7046.8
373,3,79,1000,820.0,55,,10,0.3987,662.2,0.4421,110,step_limit,0.0758,7073.1
374,5,40,696,545.2,40,696,6,0.6598,921.6,0.3591,30,complete,0.072,7093.0
375,4,28,669,373.24,28,669,4,0.4873,852.5,0.2185,12,complete,0.0726,7111.0
376,5,40,694,575.3,40,694,7,0.7184,959.7,0.3799,21,complete,0.1105,7130.4
377,4,72,1000,880.0,59,,11,0.549,959.9,0.2908,20,step_limit,0.1607,7158.4
378,8,61,438,844.96,61,438,9,0.5271,850.2,0.1348,2,complete,0.0417,7170.6
379,6,68,787,962.78,68,787,11,0.5911,936.0,0.2942,11,complete,0.0994,7193.8
380,4,24,593,306.28,24,593,3,0.6366,874.0,0.2183,17,complete,0.0721,7209.6
381,5,52,1000,690.0,50,,8,0.6952,990.9,0.4579,47,step_limit,0.0949,7237.8
382,6,35,626,432.44,35,626,4,0.5064,840.0,0.3396,10,complete,0.0667,7255.9
383,3,47,1000,500.0,35,,6,0.4843,744.7,0.3778,81,step_limit,0.1087,7282.9
384,5,28,439,408.05,28,439,5,0.518,835.8,0.2411,8,complete,0.0449,7293.8
385,7,70,543,1021.99,70,543,12,0.6335,803.2,0.1521,4,complete,0.023,7308.0
386,6,71,863,988.22,71,863,11,0.4423,789.1,0.2788,15,complete,0.0388,7332.8
387,4,49,955,691.8,49,955,8,0.3081,629.8,0.2413,53,complete,0.0605,7358.9
388,5,21,472,246.4,21,472,2,0.7055,1008.5,0.3145,33,complete,0.1136,7371.3
389,7,60,452,808.36,60,452,8,0.4494,598.2,0.0835,2,complete,0.0074,7385.7
390,6,30,402,395.88,30,402,4,0.5929,828.4,0.1729,4,complete,0.0288,7396.7
391,3,51,1000,690.0,48,,8,0.38,564.6,0.3407,81,step_limit,0.0532,7424.5
392,4,39,989,530.44,39,989,6,0.6502,902.4,0.4148,52,complete,0.0959,7450.2
393,8,73,618,1010.56,73,618,11,0.3924,594.7,0.1407,2,complete,0.0085,7468.5
394,3,32,1000,420.0,30,,5,0.5457,796.7,0.4415,54,step_limit,0.1165,7496.0
395,7,70,490,995.7,70,490,11,0.5286,731.9,0.0559,2,complete,0.0032,7509.7
396,8,28,176,295.92,28,176,1,0.6286,676.8,0.0882,2,complete,0.0076,7514.7
397,3,39,1000,500.0,35,,6,0.5067,786.8,0.3498,66,step_limit,0.0976,7542.2
398,5,40,710,544.5,40,710,6,0.6752,929.7,0.3472,17,complete,0.0684,7562.7
399,3,51,1000,590.0,41,,7,0.4847,734.3,0.397,107,step_limit,0.1161,7590.5
400,3,79,1000,750.0,51,,9,0.487,672.8,0.3214,72,step_limit,0.0897,7617.1
401,3,63,1000,650.0,44,,8,0.4433,608.2,0.4573,83,step_limit,0.0593,7671.7
402,4,32,438,422.48,32,438,4,0.5143,869.8,0.2033,11,complete,0.0288,7683.4
403,5,76,1000,1030.0,72,,12,0.5642,773.9,0.2844,18,step_limit,0.0529,7711.8
404,6,23,173,219.62,23,173,0,0.6127,711.9,0.1638,2,complete,0.0179,7716.5
405,5,67,916,984.2,67,916,12,0.5843,974.6,0.2225,12,complete,0.0796,7742.3
406,5,48,436,638.2,48,436,6,0.5151,745.3,0.1564,10,complete,0.0242,7754.3
407,4,72,1000,960.0,67,,11,0.5725,873.7,0.3097,52,step_limit,0.0717,7782.3
408,8,79,463,1112.96,79,463,12,0.6431,943.4,0.1032,2,complete,0.0497,7797.0
409,7,28,230,323.9,28,230,2,0.4534,511.1,0.0515,0,complete,0.0041,7803.1
410,7,46,603,597.79,46,603,6,0.5522,846.1,0.2075,3,complete,0.0521,7818.7
411,8,69,466,892.72,69,466,8,0.7183,1058.1,0.22,2,complete,0.0147,7833.5
412,3,47,1000,620.0,44,,7,0.4853,770.7,0.3969,60,step_limit,0.0532,7861.5
413,6,45,471,601.74,45,471,6,0.5927,805.6,0.1754,3,complete,0.0199,7874.5
414,4,76,1000,950.0,66,,11,0.5965,790.1,0.4225,39,step_limit,0.045,7903.1
415,5,79,1000,1140.0,77,,14,0.6054,881.2,0.3526,54,step_limit,0.0678,7931.6
416,4,20,673,233.08,20,673,2,0.4684,759.6,0.2575,13,complete,0.033,7949.0
417,3,45,1000,640.0,43,,8,0.488,760.6,0.3289,57,step_limit,0.08,7976.9
418,5,75,862,1096.9,75,862,13,0.5473,730.2,0.2009,15,complete,0.0455,8001.4
419,8,78,512,1099.04,78,512,12,0.676,948.0,0.1388,2,complete,0.0223,8015.9
420,7,33,348,395.64,33,348,3,0.4491,862.6,0.0503,1,complete,0.0061,8025.1
421,5,62,946,902.7,62,946,11,0.6355,966.3,0.3066,28,complete,0.066,8049.4
422,7,51,480,686.4,51,480,7,0.6914,1131.2,0.2117,5,complete,0.0509,8061.3
423,5,44,654,617.3,44,654,7,0.5798,850.2,0.3259,24,complete,0.0938,8080.3
424,5,33,783,440.85,33,783,5,0.6968,978.1,0.3487,17,complete,0.137,8100.7
425,3,33,1000,430.0,31,,5,0.2713,505.1,0.2212,96,step_limit,0.0691,8124.2
426,6,24,291,282.54,24,291,2,0.421,786.6,0.1176,4,complete,0.0139,8133.6
427,5,64,822,928.9,64,822,11,0.6564,920.6,0.2965,16,complete,0.1374,8155.2
428,8,53,459,673.28,53,459,6,0.7249,1132.8,0.2257,2,complete,0.0214,8169.4
429,5,36,587,480.65,36,587,5,0.5755,723.0,0.2372,15,complete,0.0339,8184.9
430,8,48,533,647.36,48,533,7,0.7298,872.1,0.2078,3,complete,0.024,8201.3
431,3,56,1000,670.0,46,,8,0.4687,793.1,0.3231,62,step_limit,0.1526,8227.7
432,5,45,637,628.15,45,637,7,0.4879,730.6,0.1099,6,complete,0.0347,8245.9
433,6,25,323,350.62,25,323,4,0.597,871.5,0.1894,6,complete,0.0458,8254.3
434,4,58,1000,830.0,57,,10,0.5998,918.5,0.3214,22,step_limit,0.085,8282.2
435,5,72,1000,850.0,60,,10,0.6712,1089.2,0.2673,10,step_limit,0.1528,8310.4
436,3,71,1000,780.0,54,,9,0.312,554.9,0.2371,32,step_limit,0.0458,8335.7
437,4,53,1000,690.0,49,,8,0.5935,845.5,0.3009,21,step_limit,0.0924,8360.7
438,8,31,217,322.64,31,217,1,0.6382,918.9,0.1283,1,complete,0.0236,8367.2
439,8,77,470,1092.4,77,470,12,0.5221,849.2,0.0461,2,complete,0.0125,8381.9
440,5,73,996,1100.2,73,996,14,0.6657,973.6,0.2937,19,complete,0.08,8410.2
441,7,27,285,340.05,27,285,3,0.403,582.5,0.1131,2,complete,0.0077,8417.6
442,5,20,452,207.4,20,452,1,0.7018,902.3,0.2738,14,complete,0.0537,8429.4
443,6,73,633,1082.02,73,633,13,0.4405,648.2,0.094,5,complete,0.0185,8448.5
444,3,56,1000,800.0,53,,10,0.4123,642.3,0.3278,41,step_limit,0.0392,8476.7
445,7,20,263,211.59,20,263,1,0.7387,910.4,0.1883,6,complete,0.023,8483.7
446,3,26,888,353.36,26,888,4,0.5053,718.1,0.2949,26,complete,0.0966,8508.2
447,5,41,450,597.5,41,450,7,0.4213,652.7,0.114,6,complete,0.0233,8520.5
448,7,73,546,1051.78,73,546,12,0.5861,826.3,0.1182,2,complete,0.0169,8535.7
449,5,56,1000,790.0,54,,10,0.4676,766.3,0.2838,14,step_limit,0.071,8564.1
450,5,35,599,500.05,35,599,6,0.6417,911.6,0.2397,13,complete,0.0719,8581.4
451,6,77,714,1147.16,77,714,14,0.3957,624.1,0.1989,8,complete,0.0247,8628.4
452,4,22,626,284.96,22,626,3,0.5339,797.1,0.2556,17,complete,0.0556,8646.0
453,8,47,332,623.44,47,332,6,0.5508,758.8,0.0505,1,complete,0.0041,8655.2
454,6,72,740,1035.6,72,740,12,0.5937,859.3,0.2064,6,complete,0.0448,8676.9
455,7,63,529,892.97,63,529,10,0.6473,960.5,0.1404,3,complete,0.0538,8691.8
456,4,73,1000,990.0,67,,12,0.537,884.0,0.296,18,step_limit,0.1021,8720.0
457,7,36,573,469.89,36,573,5,0.6156,907.2,0.2755,15,complete,0.0848,8735.0
458,7,78,547,1131.71,78,547,13,0.5727,753.4,0.1259,4,complete,0.0089,8751.7
459,7,45,485,626.05,45,485,7,0.699,1019.5,0.1743,2,complete,0.0368,8764.7
460,5,70,1000,930.0,65,,11,0.665,983.6,0.3758,13,step_limit,0.1172,8792.8
461,3,39,1000,540.0,36,,7,0.512,708.0,0.2817,39,step_limit,0.1199,8820.4
462,6,62,471,921.74,62,471,11,0.6249,810.5,0.1274,3,complete,0.0148,8833.3
463,5,67,1000,950.0,64,,12,0.6338,887.1,0.3167,29,step_limit,0.081,8861.5
464,4,33,503,459.88,33,503,5,0.4369,602.3,0.1614,12,complete,0.0517,8875.3
465,6,80,1000,1080.0,75,,13,0.6035,1078.0,0.323,13,step_limit,0.1014,8903.4
466,7,42,368,604.24,42,368,7,0.5307,748.0,0.1178,1,complete,0.0077,8914.9
467,4,63,987,920.52,63,987,11,0.4721,785.7,0.1544,20,complete,0.0573,8940.9
468,4,78,1000,920.0,63,,11,0.563,778.2,0.2824,13,step_limit,0.1261,8969.3
469,7,48,482,656.26,48,482,7,0.5685,687.6,0.1327,2,complete,0.0143,8983.9
470,6,70,801,981.94,70,801,11,0.6167,945.6,0.203,8,complete,0.0503,9005.6
471,4,24,389,344.44,24,389,4,0.4621,765.2,0.0863,7,complete,0.0407,9017.4
472,8,62,550,876.0,62,550,10,0.563,770.3,0.1848,3,complete,0.0241,9032.9
473,5,30,460,367.0,30,460,3,0.677,917.7,0.2778,13,complete,0.0706,9044.6
474,5,37,515,494.25,37,515,5,0.6085,796.0,0.2753,14,complete,0.0516,9059.5
475,3,71,1000,890.0,59,,11,0.475,733.4,0.2914,38,step_limit,0.0921,9087.2
476,3,29,826,415.22,29,826,5,0.431,722.4,0.258,56,complete,0.0594,9108.8
477,5,36,932,493.4,36,932,6,0.6292,837.4,0.3137,10,complete,0.0857,9133.6
478,4,52,1000,670.0,47,,8,0.5425,867.8,0.3008,40,step_limit,0.0907,9161.1
479,6,75,1000,1060.0,73,,13,0.6828,873.4,0.3082,10,step_limit,0.0602,9189.6
480,7,64,600,898.0,64,600,10,0.6393,866.2,0.1646,2,complete,0.0118,9206.2
481,5,70,1000,1000.0,69,,12,0.629,1064.0,0.2772,34,step_limit,0.0672,9235.0
482,8,39,412,507.04,39,412,5,0.4721,804.6,0.0478,2,complete,0.0132,9246.2
483,6,51,713,737.22,51,713,9,0.6844,839.9,0.1833,6,complete,0.0268,9266.6
484,6,43,525,578.5,43,525,6,0.5648,913.5,0.2121,4,complete,0.0405,9280.5
485,5,36,406,489.7,36,406,5,0.6291,825.9,0.162,7,complete,0.0222,9292.8
486,4,53,1000,590.0,42,,7,0.3875,666.0,0.3808,17,step_limit,0.0532,9320.6
487,8,34,337,403.04,34,337,3,0.5059,807.2,0.1734,2,complete,0.0204,9329.9
488,4,73,1000,920.0,63,,11,0.5347,846.5,0.2526,30,step_limit,0.0676,9358.2
489,7,52,641,715.13,52,641,8,0.4299,822.6,0.1373,3,complete,0.0314,9372.9
490,7,40,349,525.57,40,349,5,0.6193,840.9,0.1023,2,complete,0.0153,9379.7
491,3,47,1000,670.0,46,,8,0.3923,583.2,0.2132,25,step_limit,0.0572,9404.2
492,4,71,1000,920.0,63,,11,0.4813,818.5,0.23,17,step_limit,0.1009,9432.4
493,5,46,864,626.8,46,864,7,0.6132,833.8,0.2016,6,complete,0.0505,9453.0
494,3,47,1000,660.0,45,,8,0.5307,762.8,0.3494,61,step_limit,0.0707,9479.3
495,5,45,707,624.65,45,707,7,0.5318,874.5,0.3015,13,complete,0.0775,9500.1
496,7,65,444,918.92,65,444,10,0.5351,657.3,0.0354,2,complete,0.009,9512.2
497,3,35,1000,460.0,31,,6,0.4133,649.7,0.2395,33,step_limit,0.1407,9539.9
498,6,39,737,525.78,39,737,6,0.7512,1011.2,0.3769,16,complete,0.0844,9561.2
499,6,28,274,353.56,28,274,3,0.5845,879.0,0.1606,5,complete,0.0203,9568.5
500,5,49,699,695.05,49,699,8,0.6501,923.0,0.2324,22,complete,0.1036,9586.8
501,6,26,314,331.16,26,314,3,0.6497,880.0,0.1066,1,complete,0.0194,9624.5
502,8,69,493,980.56,69,493,11,0.6004,711.7,0.1116,3,complete,0.0085,9640.0
503,8,44,382,619.44,44,382,7,0.6201,845.5,0.1033,1,complete,0.0115,9650.8
504,8,34,389,338.88,34,389,1,0.7269,901.3,0.2677,2,complete,0.0074,9663.1
505,7,77,1000,1040.0,75,,12,0.7721,1161.7,0.3236,15,step_limit,0.1279,9689.7
506,8,55,407,727.44,55,407,7,0.4816,663.3,0.0964,6,complete,0.0147,9702.2
507,3,61,1000,860.0,56,,11,0.3417,549.3,0.2083,36,step_limit,0.0498,9730.3
508,5,24,678,266.1,24,678,2,0.4732,731.2,0.2374,8,complete,0.0481,9747.2
509,3,48,1000,570.0,39,,7,0.516,790.0,0.2777,98,step_limit,0.189,9775.7
510,7,71,698,1021.14,71,698,12,0.5915,880.3,0.2384,4,complete,0.0622,9794.8
511,7,39,348,515.64,39,348,5,0.6642,890.1,0.1465,2,complete,0.0182,9805.7
512,6,29,239,335.66,29,239,2,0.4756,626.0,0.149,4,complete,0.0044,9812.2
513,7,46,544,601.92,46,544,6,0.6389,825.1,0.2782,2,complete,0.0443,9827.0
514,3,49,1000,510.0,36,,6,0.5213,768.5,0.3858,72,step_limit,0.0775,9854.6
515,3,70,1000,890.0,59,,11,0.4853,733.5,0.3443,54,step_limit,0.0673,9882.4
516,6,63,925,874.5,63,925,10,0.6798,1087.6,0.3536,55,complete,0.0818,9908.7
517,6,44,493,590.42,44,493,6,0.645,891.3,0.2152,10,complete,0.0385,9922.1
518,3,57,1000,580.0,40,,7,0.5857,780.8,0.4198,58,step_limit,0.1124,9949.8
519,8,34,229,411.68,34,229,3,0.6883,835.4,0.0979,1,complete,0.0,9956.2
520,5,68,980,991.0,68,980,12,0.3986,713.7,0.2266,19,complete,0.0386,9983.9
521,6,71,931,1044.14,71,931,13,0.659,1008.6,0.2796,12,complete,0.0424,10010.0
522,5,72,835,1038.25,72,835,12,0.5842,909.1,0.157,6,complete,0.037,10034.0
523,5,27,481,335.95,27,481,3,0.6532,823.9,0.217,4,complete,0.032,10046.9
524,4,37,1000,470.0,33,,6,0.645,973.1,0.3886,50,step_limit,0.1726,10074.7
525,4,79,1000,960.0,64,,12,0.5005,722.8,0.2923,20,step_limit,0.1018,10102.9
526,4,39,1000,470.0,33,,6,0.626,952.5,0.366,32,step_limit,0.1647,10129.3
527,5,42,628,598.6,42,628,7,0.6175,880.0,0.2587,8,complete,0.0676,10147.5
528,4,51,845,746.2,51,845,9,0.4571,693.7,0.1753,10,complete,0.0553,10171.6
529,5,21,267,256.65,21,267,2,0.6824,943.3,0.2484,6,complete,0.0171,10178.7
530,6,34,422,464.68,34,422,5,0.6019,821.6,0.0483,4,complete,0.0,10189.9
531,8,64,560,895.2,64,560,10,0.6375,914.8,0.1643,3,complete,0.0274,10207.2
532,8,78,737,1141.04,78,737,14,0.4067,594.4,0.1512,3,complete,0.0145,10227.5
533,6,68,600,1004.0,68,600,12,0.6506,930.8,0.1938,5,complete,0.0199,10245.7
534,4,25,1000,300.0,22,,4,0.627,850.0,0.4007,81,step_limit,0.1625,10273.5
535,4,25,583,346.68,25,583,4,0.5206,870.1,0.2705,19,complete,0.05,10288.6
536,8,71,504,999.68,71,504,11,0.588,841.0,0.2098,3,complete,0.0233,10302.8
537,7,31,332,406.76,31,332,4,0.7031,876.1,0.2319,8,complete,0.0299,10313.1
538,6,55,807,801.58,55,807,10,0.5566,963.8,0.2286,7,complete,0.0903,10334.7
539,4,46,967,631.32,46,967,7,0.5695,894.7,0.3187,20,complete,0.044,10361.1
540,6,50,481,681.14,50,481,7,0.5104,609.1,0.1668,7,complete,0.0314,10373.8
541,6,25,276,323.44,25,276,3,0.4801,687.9,0.1082,2,complete,0.019,10380.2
542,6,65,729,966.26,65,729,12,0.6104,867.2,0.1215,6,complete,0.026,10399.8
543,4,32,556,447.76,32,556,5,0.3835,607.0,0.1234,7,complete,0.0328,10416.1
544,7,60,426,780.18,60,426,7,0.6459,902.4,0.1826,7,complete,0.0041,10428.0
545,4,74,1000,920.0,63,,11,0.5723,953.2,0.345,47,step_limit,0.08,10456.2
546,4,45,1000,520.0,38,,6,0.6095,880.4,0.4875,36,step_limit,0.1351,10484.0
547,5,37,399,530.05,37,399,6,0.5454,614.0,0.0815,4,complete,0.0,10494.8
548,5,63,689,925.55,63,689,11,0.5071,704.9,0.1447,19,complete,0.0478,10514.9
549,8,55,432,785.44,55,432,9,0.5298,787.4,0.1274,3,complete,0.0176,10526.6
550,6,30,530,388.2,30,530,4,0.7035,922.6,0.3642,10,complete,0.0417,10540.5
551,7,33,243,402.99,33,243,3,0.4979,547.4,0.0869,2,complete,0.0293,10576.5
552,8,71,450,1004.0,71,450,11,0.5842,731.7,0.1108,5,complete,0.0074,10589.0
553,8,68,632,959.44,68,632,11,0.642,905.4,0.2292,11,complete,0.0285,10606.2
554,4,74,1000,970.0,65,,12,0.4895,742.5,0.3019,25,step_limit,0.1092,10634.6
555,6,59,684,878.96,59,684,11,0.6908,1032.3,0.251,11,complete,0.0978,10654.8
556,6,41,472,561.68,41,472,6,0.679,1069.8,0.2416,6,complete,0.0423,10667.1
557,5,71,761,1031.95,71,761,12,0.544,718.7,0.188,10,complete,0.0214,10689.7
558,7,50,444,708.92,50,444,8,0.5573,712.0,0.2256,3,complete,0.0223,10701.7
559,6,57,716,827.04,57,716,10,0.6245,1028.0,0.1799,3,complete,0.037,10721.3
560,6,42,536,597.84,42,536,7,0.3501,610.1,0.1473,11,complete,0.0185,10733.7
561,6,27,553,326.82,27,553,3,0.676,953.9,0.2989,14,complete,0.0432,10749.7
562,8,47,409,647.28,47,409,7,0.7164,1024.7,0.2713,8,complete,0.0348,10760.6
563,4,78,1000,1030.0,68,,13,0.5088,716.7,0.2314,18,step_limit,0.0676,10787.8
564,7,30,289,369.77,30,289,3,0.5274,844.2,0.0863,2,complete,0.0244,10794.6
565,8,22,144,208.48,22,144,0,0.6545,704.8,0.0541,1,complete,0.025,10798.2
566,5,49,580,731.0,49,580,9,0.6166,839.8,0.1742,8,complete,0.0244,10812.2
567,5,78,1000,1070.0,73,,13,0.6522,939.2,0.3595,24,step_limit,0.1127,10840.5
568,6,67,1000,920.0,65,,11,0.6988,1079.9,0.2697,10,step_limit,0.0986,10869.4
569,8,70,426,1025.92,70,426,12,0.6086,812.4,0.1144,1,complete,0.0351,10881.3
570,4,72,952,1071.92,72,952,13,0.5465,728.3,0.1897,24,complete,0.0381,10908.2
571,8,49,393,668.56,49,393,7,0.6104,833.7,0.0937,2,complete,0.0075,10920.9
572,8,75,580,1093.6,75,580,13,0.6662,1012.0,0.1326,3,complete,0.0145,10937.1
573,6,66,619,952.86,66,619,11,0.6018,867.4,0.1845,8,complete,0.0174,10955.6
574,7,44,499,615.07,44,499,7,0.6376,896.8,0.1443,5,complete,0.0238,10969.3
575,8,78,683,1145.36,78,683,14,0.6354,838.8,0.1581,2,complete,0.0275,10989.7
576,4,69,1000,760.0,53,,9,0.6425,892.7,0.4366,95,step_limit,0.0995,11015.8
577,6,24,254,314.76,24,254,3,0.5052,734.2,0.1297,3,complete,0.0049,11024.1
578,6,32,363,418.22,32,363,4,0.6354,690.3,0.2005,8,complete,0.0224,11033.8
579,8,26,200,304.0,26,200,2,0.4569,675.1,0.1075,1,complete,0.0038,11039.1
580,6,60,634,891.96,60,634,11,0.5718,830.7,0.2068,8,complete,0.051,11057.5
581,5,47,829,668.55,47,829,8,0.634,907.5,0.2594,11,complete,0.0465,11079.4
582,3,36,1000,480.0,33,,6,0.432,727.8,0.3459,78,step_limit,0.1125,11106.8
583,8,65,498,910.16,65,498,10,0.6215,889.0,0.2226,4,complete,0.0152,11122.1
584,5,54,1000,680.0,49,,8,0.6272,958.6,0.3727,91,step_limit,0.104,11148.6
585,7,72,816,1052.88,72,816,13,0.6775,966.6,0.2752,27,complete,0.0829,11172.3
586,8,37,367,490.64,37,367,5,0.6703,821.7,0.1227,1,complete,0.0205,11182.3
587,3,49,1000,580.0,40,,7,0.52,753.1,0.4364,191,step_limit,0.0871,11210.4
588,5,57,1000,790.0,54,,10,0.6062,865.5,0.2763,41,step_limit,0.0963,11238.4
589,4,50,1000,680.0,48,,8,0.5078,693.4,0.2721,35,step_limit,0.0902,11266.5
590,5,47,699,645.05,47,699,7,0.6258,895.5,0.3155,35,complete,0.0312,11284.9
591,8,64,628,889.76,64,628,10,0.7438,1034.0,0.2706,5,complete,0.0253,11303.7
592,6,22,432,224.08,22,432,1,0.5131,844.9,0.2302,14,complete,0.0375,11314.9
593,6,51,677,709.38,51,677,8,0.6376,820.9,0.26,8,complete,0.0527,11335.1
594,3,40,1000,510.0,36,,6,0.501,727.5,0.362,57,step_limit,0.0787,11362.4
595,6,26,540,317.6,26,540,3,0.5284,861.2,0.3015,16,complete,0.0686,11373.4
596,8,26,206,243.52,26,206,0,0.3865,687.1,0.0836,1,complete,0.0117,11378.2
597,5,21,331,253.45,21,331,2,0.4924,823.8,0.0718,7,complete,0.0632,11385.6
598,5,23,225,278.75,23,225,2,0.4196,783.7,0.0904,7,complete,0.0125,11391.5
599,5,77,980,1141.0,77,980,14,0.6451,1020.5,0.2507,16,complete,0.0585,11419.3
600,6,68,1000,800.0,59,,9,0.7253,1170.9,0.3682,16,step_limit,0.1262,11446.6
601,5,20,348,242.6,20,348,2,0.6098,889.9,0.186,14,complete,0.0167,11483.2
602,6,72,614,1043.16,72,614,12,0.5356,817.7,0.2074,9,complete,0.0306,11501.6
603,8,60,524,828.08,60,524,9,0.5408,772.6,0.2261,3,complete,0.0152,11515.9
604,7,68,593,968.49,68,593,11,0.4252,603.5,0.1124,4,complete,0.0146,11533.6
605,5,73,1000,1000.0,69,,12,0.6648,1001.0,0.3334,14,step_limit,0.0569,11560.3
606,6,51,946,693.24,51,946,8,0.6906,933.8,0.3462,11,complete,0.0394,11587.3
607,3,48,1000,650.0,44,,8,0.4767,758.4,0.2918,35,step_limit,0.0807,11615.4
608,6,67,693,958.42,67,693,11,0.3802,623.1,0.1733,11,complete,0.0361,11635.9
609,5,51,799,710.05,51,799,8,0.6073,935.9,0.2647,15,complete,0.0864,11656.7
610,5,72,710,1014.5,72,710,11,0.3907,663.1,0.1271,10,complete,0.0162,11677.2
611,5,77,986,1110.7,77,986,13,0.657,999.4,0.2707,10,complete,0.0955,11705.4
612,3,42,1000,430.0,31,,5,0.438,781.3,0.2846,73,step_limit,0.1688,11731.0
613,5,40,497,555.15,40,497,6,0.4555,655.5,0.1189,4,complete,0.0484,11745.6
614,4,42,961,591.56,42,961,7,0.6246,865.5,0.3855,42,complete,0.0814,11772.8
615,5,80,871,1176.45,80,871,14,0.4423,733.5,0.2057,17,complete,0.0492,11796.2
616,6,26,364,328.16,26,364,3,0.6529,804.9,0.1494,11,complete,0.0543,11807.8
617,7,75,723,1089.39,75,723,13,0.6319,918.4,0.2212,16,complete,0.0485,11827.5
618,5,50,744,702.8,50,744,8,0.6892,971.1,0.2997,12,complete,0.0614,11848.7
619,6,71,902,1045.88,71,902,13,0.5896,776.2,0.3459,9,complete,0.0348,11874.4
620,8,55,374,730.08,55,374,7,0.5725,902.3,0.23,7,complete,0.0202,11884.6
621,5,79,1000,1060.0,72,,13,0.651,958.9,0.3349,33,step_limit,0.0446,11912.8
622,7,56,499,795.07,56,499,9,0.6516,1073.7,0.2163,7,complete,0.0659,11926.5
623,3,33,1000,440.0,32,,5,0.48,703.2,0.3211,41,step_limit,0.1137,11954.3
624,4,72,1000,1040.0,69,,13,0.5955,952.4,0.2743,29,step_limit,0.072,11982.9
625,7,47,536,642.48,47,536,7,0.6612,974.8,0.1993,4,complete,0.0528,11997.1
626,4,52,912,753.52,52,912,9,0.4224,700.3,0.1969,16,complete,0.0612,12023.3
627,6,66,872,937.68,66,872,11,0.6988,1019.2,0.3038,4,complete,0.0444,12048.7
628,5,42,940,583.0,42,940,7,0.4636,699.9,0.3334,16,complete,0.0764,12075.3
629,3,31,1000,390.0,27,,5,0.5907,781.3,0.4764,102,step_limit,0.0844,12098.5
630,5,65,1000,940.0,63,,12,0.5352,853.5,0.2267,12,step_limit,0.0649,12124.9
631,3,20,1000,210.0,18,,2,0.4163,709.9,0.2464,52,step_limit,0.0859,12152.1
632,4,38,1000,500.0,36,,6,0.5763,924.7,0.3205,57,step_limit,0.1361,12177.6
633,8,67,367,910.64,67,367,9,0.5504,699.8,0.0612,1,complete,0.0048,12187.6
634,8,47,335,683.2,47,335,8,0.541,683.6,0.0519,1,complete,0.0108,12196.8
635,7,30,331,336.83,30,331,2,0.3863,556.8,0.1916,5,complete,0.013,12206.1
636,5,29,677,406.15,29,677,5,0.6871,998.1,0.2318,12,complete,0.0844,12225.3
637,4,71,1000,980.0,66,,12,0.591,865.8,0.2878,31,step_limit,0.0659,12253.5
638,8,73,489,1050.88,73,489,12,0.4663,739.8,0.092,2,complete,0.0095,12267.3
639,7,79,695,1161.35,79,695,14,0.6845,1157.6,0.1528,9,complete,0.0606,12287.9
640,3,22,800,286.0,22,800,3,0.5058,759.9,0.268,36,complete,0.1579,12308.9
641,6,77,813,1141.22,77,813,14,0.6419,854.9,0.2575,32,complete,0.0448,12332.9
642,7,26,182,277.26,26,182,1,0.635,733.0,0.1647,6,complete,0.0179,12338.0
643,8,30,243,370.56,30,243,3,0.4676,667.0,0.0893,2,complete,0.016,12344.7
644,5,77,919,1114.05,77,919,13,0.5073,863.8,0.1977,21,complete,0.0356,12370.9
645,4,34,562,467.52,34,562,5,0.391,576.2,0.1922,22,complete,0.041,12387.4
646,6,34,330,470.2,34,330,5,0.4414,633.4,0.0888,3,complete,0.03,12396.4
647,4,37,668,523.28,37,668,6,0.5262,750.4,0.2353,10,complete,0.0458,12413.8
648,4,55,971,811.16,55,971,10,0.4153,701.9,0.268,24,complete,0.0775,12441.4
649,4,20,492,270.32,20,492,3,0.6159,833.0,0.331,16,complete,0.1611,12456.0
650,6,37,566,516.04,37,566,6,0.4517,742.5,0.1792,4,complete,0.0429,12469.1
651,3,77,1000,820.0,55,,10,0.4797,687.5,0.3387,65,step_limit,0.0826,12524.2
652,8,57,370,810.4,57,370,9,0.6206,867.7,0.1362,2,complete,0.0037,12534.4
653,7,38,351,505.43,38,351,5,0.536,752.9,0.1001,2,complete,0.0168,12543.8
654,8,45,379,569.68,45,379,5,0.4815,779.3,0.074,2,complete,0.0108,12555.4
655,3,40,999,550.03,40,999,6,0.4902,794.3,0.3582,54,complete,0.1057,12581.5
656,6,31,381,437.14,31,381,5,0.6111,756.1,0.124,4,complete,0.0442,12593.3
657,7,26,224,244.32,26,224,0,0.6869,989.4,0.1571,2,complete,0.0294,12599.5
658,4,39,845,536.2,39,845,6,0.5973,856.0,0.2752,47,complete,0.0791,12623.7
659,4,51,975,741.0,51,975,9,0.5262,819.8,0.2185,12,complete,0.0825,12650.0
660,5,51,992,730.4,51,992,9,0.6887,984.4,0.3416,25,complete,0.0804,12677.4
661,3,38,1000,510.0,36,,6,0.5353,754.3,0.4417,99,step_limit,0.1,12705.0
662,6,43,376,617.44,43,376,7,0.5168,792.4,0.0357,0,complete,0.0439,12715.1
663,7,57,619,796.67,57,619,9,0.6538,840.4,0.1472,3,complete,0.0282,12733.4
664,5,27,455,367.25,27,455,4,0.6048,776.8,0.2209,7,complete,0.0816,12745.4
665,8,59,432,825.44,59,432,9,0.5014,672.3,0.0639,3,complete,0.0018,12758.8
666,4,72,1000,920.0,63,,11,0.488,810.2,0.2488,19,step_limit,0.0896,12785.3
667,6,45,385,606.9,45,385,6,0.5658,781.6,0.1117,7,complete,0.0167,12797.5
668,3,65,1000,780.0,51,,10,0.4123,746.3,0.2593,47,step_limit,0.0686,12826.1
669,5,66,993,970.35,66,993,12,0.5057,614.2,0.2508,13,complete,0.0519,12852.2
670,7,77,754,1107.22,77,754,13,0.7207,993.7,0.201,6,complete,0.0418,12874.6
671,6,58,617,842.98,58,617,10,0.6337,948.2,0.215,17,complete,0.0449,12893.1
672,3,43,965,611.05,43,965,7,0.3886,619.5,0.2919,38,complete,0.0466,12918.7
673,8,68,492,940.64,68,492,10,0.6273,829.7,0.2284,3,complete,0.0213,12934.0
674,4,52,770,759.2,52,770,9,0.4994,871.8,0.251,30,complete,0.0598,12954.9
675,5,42,680,596.0,42,680,7,0.6441,904.6,0.2467,11,complete,0.0789,12974.5
676,3,45,1000,620.0,44,,7,0.3563,672.5,0.3202,82,step_limit,0.068,13002.7
677,3,41,1000,540.0,39,,6,0.4217,719.9,0.3621,146,step_limit,0.053,13029.9
678,8,79,788,1146.96,79,788,14,0.6881,903.5,0.2476,16,complete,0.0343,13051.7
679,4,24,660,303.6,24,660,3,0.6799,925.5,0.3899,22,complete,0.058,13070.8
680,5,52,860,747.0,52,860,9,0.6928,991.4,0.2676,14,complete,0.0587,13093.4
681,7,77,647,1114.71,77,647,13,0.6357,962.7,0.2508,4,complete,0.0398,13113.1
682,4,49,564,707.44,49,564,8,0.4623,602.7,0.1232,10,complete,0.0514,13130.2
683,6,63,546,867.24,63,546,9,0.656,901.6,0.1886,5,complete,0.0386,13144.8
684,5,37,423,498.85,37,423,5,0.6709,845.3,0.1906,3,complete,0.0333,13156.3
685,8,56,453,763.76,56,453,8,0.6358,859.1,0.1299,2,complete,0.0308,13170.8
686,3,28,824,405.28,28,824,5,0.4146,700.6,0.2335,29,complete,0.1441,13191.9
687,7,77,663,1113.59,77,663,13,0.4738,704.1,0.1867,6,complete,0.0378,13211.6
688,5,45,694,625.3,45,694,7,0.5614,812.5,0.1818,11,complete,0.0641,13229.9
689,6,70,913,1005.22,70,913,12,0.6614,872.4,0.2984,31,complete,0.0446,13256.5
690,7,62,462,887.66,62,462,10,0.6119,892.2,0.2176,8,complete,0.0518,13271.2
691,3,31,1000,400.0,28,,5,0.4727,711.4,0.3646,58,step_limit,0.123,13297.2
692,7,61,591,868.63,61,591,10,0.6012,902.0,0.149,2,complete,0.0357,13315.0
693,7,60,561,860.73,60,561,10,0.7041,956.5,0.1656,4,complete,0.0454,13330.1
694,4,33,596,456.16,33,596,5,0.6309,891.6,0.291,16,complete,0.0754,13347.4
695,5,29,633,378.35,29,633,4,0.7027,987.4,0.3575,12,complete,0.0881,13364.0
696,8,28,295,286.4,28,295,1,0.5648,848.0,0.1473,3,complete,0.0353,13373.8
697,8,35,376,439.92,35,376,4,0.6569,817.4,0.1914,4,complete,0.0156,13383.5
698,5,32,509,444.55,32,509,5,0.6861,1021.8,0.2989,10,complete,0.0441,13397.0
699,3,62,1000,750.0,51,,9,0.435,653.2,0.3107,43,step_limit,0.1036,13425.2
700,5,61,819,869.05,61,819,10,0.6398,864.8,0.3946,59,complete,0.0379,13446.9
701,8,72,459,1043.28,72,459,12,0.6147,795.8,0.101,2,complete,0.0089,13485.2
702,7,34,604,417.72,34,604,4,0.6738,1046.1,0.3103,5,complete,0.0412,13501.0
703,7,32,405,441.65,32,405,5,0.5958,913.0,0.2016,7,complete,0.045,13511.0
704,6,74,730,1086.2,74,730,13,0.603,934.6,0.302,19,complete,0.0354,13525.8
705,4,38,679,532.84,38,679,6,0.5412,799.6,0.2292,12,complete,0.0643,13545.0
706,8,30,191,314.72,30,191,1,0.5072,693.2,0.0942,2,complete,0.0135,13550.2
707,6,31,420,404.8,31,420,4,0.6345,839.7,0.1567,3,complete,0.0667,13561.5
708,4,63,1000,870.0,58,,11,0.5855,782.0,0.3511,50,step_limit,0.0671,13589.7
709,5,20,305,274.75,20,305,3,0.6118,850.8,0.2574,8,complete,0.0333,13598.0
710,7,78,637,1155.41,78,637,14,0.566,714.7,0.1621,4,complete,0.0197,13617.2
711,8,58,541,806.72,58,541,9,0.7317,1097.5,0.2121,4,complete,0.0587,13632.2
712,3,75,1000,880.0,58,,11,0.522,727.6,0.3228,74,step_limit,0.081,13660.7
713,3,69,1000,920.0,62,,11,0.3243,565.7,0.2014,29,step_limit,0.071,13688.6
714,4,36,789,508.44,36,789,6,0.6385,1018.0,0.3776,58,complete,0.0642,13709.0
715,3,65,1000,820.0,55,,10,0.4523,762.1,0.3579,55,step_limit,0.0971,13734.9
716,7,36,458,507.94,36,458,6,0.5898,717.8,0.1756,2,complete,0.0238,13748.9
717,8,56,548,786.16,56,548,9,0.6934,1010.3,0.2124,3,complete,0.0375,13763.9
718,4,69,1000,980.0,66,,12,0.4985,727.0,0.2367,23,step_limit,0.0641,13792.3
719,4,21,386,254.56,21,386,2,0.4165,628.2,0.1337,8,complete,0.0385,13802.4
720,7,45,360,604.8,45,360,6,0.5671,832.3,0.1332,3,complete,0.0246,13813.9
721,3,30,538,433.86,30,538,5,0.474,601.3,0.1995,51,complete,0.0747,13828.3
722,8,47,337,653.04,47,337,7,0.4907,735.4,0.182,1,complete,0.0159,13837.8
723,4,51,1000,720.0,49,,9,0.4805,758.8,0.3184,32,step_limit,0.0625,13866.1
724,6,57,600,804.0,57,600,9,0.6272,857.3,0.1418,6,complete,0.0542,13883.8
725,6,29,573,375.62,29,573,4,0.6638,1002.3,0.2976,7,complete,0.0546,13899.0
726,8,69,583,1033.36,69,583,13,0.682,941.9,0.1819,11,complete,0.0199,13916.6
727,6,36,680,499.2,36,680,6,0.661,966.3,0.3283,19,complete,0.0733,13934.3
728,5,74,1000,1070.0,73,,13,0.6366,951.7,0.243,19,step_limit,0.0867,13962.6
729,8,64,513,898.96,64,513,10,0.6235,916.5,0.1651,2,complete,0.0437,13976.7
730,5,70,1000,930.0,65,,11,0.567,750.8,0.3626,58,step_limit,0.0495,14004.6
731,3,48,1000,640.0,43,,8,0.4783,665.1,0.3274,36,step_limit,0.1088,14032.3
732,6,37,401,495.94,37,401,5,0.6883,1017.7,0.1824,3,complete,0.016,14041.5
733,6,67,802,951.88,67,802,11,0.5247,728.9,0.2752,10,complete,0.055,14062.0
734,8,54,498,710.16,54,498,7,0.7008,1075.1,0.1522,4,complete,0.0709,14073.6
735,7,57,679,792.47,57,679,9,0.7248,1087.3,0.1856,4,complete,0.0394,14091.0
736,7,39,269,521.17,39,269,5,0.5502,724.7,0.0452,2,complete,0.02,14097.3
737,5,29,359,392.05,29,359,4,0.5276,775.1,0.0719,1,complete,0.0233,14105.5
738,7,68,516,973.88,68,516,11,0.5504,721.2,0.1392,3,complete,0.0187,14119.2
739,5,20,663,226.85,20,663,2,0.7454,1194.3,0.41,20,complete,0.128,14134.1
740,3,69,1000,680.0,47,,8,0.5603,760.5,0.3681,57,step_limit,0.1429,14158.1
741,8,41,339,562.88,41,339,6,0.6106,848.3,0.0422,1,complete,0.0495,14166.0
742,4,78,1000,950.0,66,,11,0.545,746.7,0.3672,32,step_limit,0.0664,14190.2
743,4,39,1000,510.0,37,,6,0.6308,1038.5,0.3749,48,step_limit,0.1235,14212.8
744,5,57,778,831.1,57,778,10,0.547,881.7,0.1663,12,complete,0.0553,14232.5
745,4,76,1000,1000.0,68,,12,0.4065,621.4,0.3542,22,step_limit,0.0773,14256.9
746,5,69,1000,970.0,66,,12,0.627,967.2,0.3184,32,step_limit,0.0947,14279.8
747,4,33,736,480.56,33,736,6,0.5768,763.1,0.2953,15,complete,0.1007,14298.1
748,4,30,517,399.32,30,517,4,0.5633,795.1,0.1819,13,complete,0.0893,14310.0
749,6,32,396,446.24,32,396,5,0.6671,886.1,0.2535,5,complete,0.0288,14320.8
750,6,61,523,908.62,61,523,11,0.6157,826.3,0.166,4,complete,0.0142,14333.0
751,6,34,444,463.36,34,444,5,0.6179,870.0,0.2194,7,complete,0.0394,14367.2
752,7,69,627,1006.11,69,627,12,0.656,1059.4,0.1852,4,complete,0.035,14382.1
753,5,80,909,1174.55,80,909,14,0.6205,899.4,0.3175,34,complete,0.0487,14404.7
754,5,29,389,390.55,29,389,4,0.3661,591.7,0.0784,3,complete,0.0346,14413.9
755,3,43,1000,550.0,37,,7,0.405,564.7,0.4187,117,step_limit,0.0891,14438.3
756,8,30,241,310.72,30,241,1,0.5975,853.2,0.1032,1,complete,0.0174,14443.8
757,7,37,341,496.13,37,341,5,0.654,790.4,0.129,1,complete,0.0238,14451.7
758,5,51,816,739.2,51,816,9,0.5049,835.9,0.1872,6,complete,0.0886,14471.9
759,6,23,242,245.48,23,242,1,0.5324,804.8,0.1768,10,complete,0.0392,14476.7
760,6,60,934,843.96,60,934,10,0.7082,1066.9,0.2182,13,complete,0.0255,14497.4
761,3,77,1000,820.0,55,,10,0.553,782.0,0.3553,58,step_limit,0.055,14519.4
762,6,26,419,354.86,26,419,4,0.6905,922.4,0.237,7,complete,0.0682,14531.0
763,6,70,663,990.22,70,663,11,0.4663,714.7,0.1964,6,complete,0.0367,14545.9
764,7,32,473,376.89,32,473,3,0.7726,1142.4,0.2932,13,complete,0.0674,14558.8
765,7,23,261,271.73,23,261,2,0.5194,827.3,0.0945,1,complete,0.0873,14564.9
766,7,51,489,715.77,51,489,8,0.6071,879.6,0.1611,2,complete,0.0176,14576.2
767,4,49,974,721.04,49,974,9,0.5826,889.3,0.2471,39,complete,0.0954,14599.8
768,3,72,1000,910.0,61,,11,0.5003,718.2,0.3659,52,step_limit,0.0667,14623.3
769,8,22,195,204.4,22,195,0,0.6641,685.2,0.2237,2,complete,0.0259,14629.4
770,8,53,305,745.6,53,305,8,0.532,592.8,0.0537,2,complete,0.017,14636.7
771,7,38,366,534.38,38,366,6,0.6105,888.6,0.1149,3,complete,0.0442,14645.5
772,5,36,704,504.8,36,704,6,0.6057,812.6,0.2897,32,complete,0.0459,14663.1
773,8,21,136,199.12,21,136,0,0.7068,944.8,0.1948,2,complete,0.0,14666.5
774,7,46,366,644.38,46,366,7,0.5948,860.1,0.1401,2,complete,0.0097,14674.8
775,8,41,387,589.04,41,387,7,0.6812,866.7,0.1514,7,complete,0.0169,14683.7
776,6,48,339,639.66,48,339,6,0.5556,938.5,0.096,1,complete,0.0141,14691.1
777,5,20,280,246.0,20,280,2,0.6193,802.3,0.2,9,complete,0.0516,14698.1
778,6,57,677,799.38,57,677,9,0.6979,1008.7,0.1943,6,complete,0.0322,14711.7
779,7,79,853,1120.29,79,853,13,0.7089,1066.9,0.2632,6,complete,0.0547,14733.4
780,4,68,1000,910.0,62,,11,0.5563,862.4,0.3817,47,step_limit,0.081,14753.4
781,6,50,498,680.12,50,498,7,0.5773,812.2,0.1652,3,complete,0.0394,14766.9
782,7,45,518,593.74,45,518,6,0.6167,1022.2,0.1651,4,complete,0.0311,14780.7
783,3,28,626,411.22,28,626,5,0.5495,774.9,0.267,38,complete,0.0601,14798.7
784,8,58,492,810.64,58,492,9,0.6753,931.0,0.1335,2,complete,0.03,14812.3
785,5,49,544,702.8,49,544,8,0.5574,852.1,0.2681,10,complete,0.04,14826.9
786,4,53,1000,710.0,48,,9,0.5978,926.8,0.3041,59,step_limit,0.1122,14854.5
787,4,47,782,678.72,47,782,8,0.6272,822.1,0.3033,32,complete,0.0595,14876.8
788,8,75,551,1065.92,75,551,12,0.6767,973.6,0.1739,2,complete,0.0183,14891.7
789,4,79,1000,1090.0,74,,13,0.5397,852.4,0.3419,76,step_limit,0.0329,14919.6
790,3,65,1000,800.0,53,,10,0.5067,694.2,0.4358,54,step_limit,0.055,14947.5
791,4,21,483,280.68,21,483,3,0.6475,927.5,0.2838,15,complete,0.0957,14960.6
792,5,50,641,737.95,50,641,9,0.4365,661.0,0.2249,16,complete,0.0699,14979.4
793,7,27,291,279.63,27,291,1,0.6647,771.1,0.3132,8,complete,0.0188,14987.4
794,4,74,1000,1000.0,68,,12,0.5487,866.2,0.3399,26,step_limit,0.062,15015.6
795,3,58,1000,790.0,52,,10,0.4517,715.4,0.2824,48,step_limit,0.0707,15043.8
796,4,23,642,324.32,23,642,4,0.6659,895.5,0.4094,38,complete,0.0958,15060.6
797,7,34,291,439.63,34,291,4,0.5886,625.9,0.0552,0,complete,0.0159,15070.2
798,4,60,1000,890.0,60,1000,11,0.424,750.2,0.211,31,complete,0.0556,15096.7
799,3,33,1000,430.0,31,,5,0.4603,729.3,0.2861,50,step_limit,0.1299,15124.4
800,7,50,377,683.61,50,377,7,0.5055,776.9,0.1785,7,complete,0.0476,15136.6
801,6,57,612,803.28,57,612,9,0.5904,952.5,0.1861,7,complete,0.075,15181.0
802,5,68,837,998.15,68,837,12,0.4404,778.5,0.2591,13,complete,0.0679,15205.1
803,5,80,1000,1170.0,77,,15,0.5186,795.3,0.2066,10,step_limit,0.0763,15232.0
804,8,65,511,909.12,65,511,10,0.6737,835.0,0.1308,2,complete,0.0174,15247.8
805,7,78,688,1151.84,78,688,14,0.6238,838.9,0.1741,3,complete,0.0249,15266.6
806,8,73,471,1052.32,73,471,12,0.4689,774.9,0.0593,2,complete,0.0211,15281.1
807,8,69,398,958.16,69,398,10,0.5493,839.4,0.0408,1,complete,0.0083,15292.1
808,5,26,307,334.65,26,307,3,0.6547,859.2,0.1753,6,complete,0.0872,15300.5
809,4,70,1000,910.0,62,,11,0.4833,730.3,0.3492,56,step_limit,0.0545,15329.0
810,5,68,733,1003.35,68,733,12,0.5067,692.2,0.2178,21,complete,0.0376,15350.7
811,3,58,1000,800.0,53,,10,0.4363,705.6,0.1768,30,step_limit,0.0752,15378.8
812,4,33,563,457.48,33,563,5,0.552,673.5,0.1754,11,complete,0.0615,15393.6
813,5,41,731,553.45,41,731,6,0.6194,745.2,0.3052,39,complete,0.0293,15414.7
814,5,24,732,323.4,24,732,4,0.7246,1087.6,0.3447,31,complete,0.1048,15434.2
815,4,38,993,520.28,38,993,6,0.4534,746.3,0.1635,16,complete,0.0952,15462.1
816,3,25,781,346.57,25,781,4,0.4563,737.8,0.2409,35,complete,0.1244,15484.1
817,4,53,837,766.52,53,837,9,0.3757,580.5,0.2754,27,complete,0.0543,15504.6
818,7,28,192,266.56,28,192,0,0.718,764.4,0.1071,2,complete,0.0099,15510.7
819,8,23,188,214.96,23,188,0,0.6064,917.1,0.1097,1,complete,0.0345,15515.1
820,4,74,1000,1030.0,68,,13,0.5647,998.2,0.2749,37,step_limit,0.0642,15542.3
821,4,79,1000,1000.0,68,,12,0.5098,837.8,0.2962,64,step_limit,0.1009,15569.2
822,4,20,515,269.4,20,515,3,0.583,710.3,0.3571,27,complete,0.1389,15584.3
823,6,61,712,867.28,61,712,10,0.65,920.8,0.1837,6,complete,0.0663,15603.5
824,3,25,828,315.16,25,828,3,0.5447,795.7,0.2942,33,complete,0.1692,15626.4
825,4,41,961,581.56,41,961,7,0.6543,916.0,0.3016,23,complete,0.0694,15653.3
826,3,53,1000,510.0,36,,6,0.5133,784.5,0.3953,81,step_limit,0.1282,15680.8
827,5,44,707,644.65,44,707,8,0.63,1047.0,0.2606,12,complete,0.0952,15699.5
828,4,24,462,311.52,24,462,3,0.5173,825.7,0.2358,21,complete,0.0938,15713.5
829,8,53,399,738.08,53,399,8,0.6638,998.7,0.0718,1,complete,0.0173,15724.2
830,8,66,450,954.0,66,450,11,0.6367,978.0,0.0739,2,complete,0.0256,15736.8
831,6,69,839,969.66,69,839,11,0.4966,751.9,0.2015,6,complete,0.0453,15761.2
832,6,69,592,984.48,69,592,11,0.6436,839.9,0.1944,5,complete,0.0281,15777.6
833,8,72,605,971.6,72,605,10,0.6762,966.2,0.2669,8,complete,0.0417,15795.6
834,4,71,1000,900.0,61,,11,0.6142,953.2,0.2715,21,step_limit,0.117,15824.0
835,3,56,1000,770.0,53,,9,0.4033,714.7,0.2152,25,step_limit,0.0633,15851.9
836,8,30,311,335.12,30,311,2,0.6021,841.0,0.135,3,complete,0.0361,15860.2
837,3,73,1000,760.0,52,,9,0.4533,691.1,0.2725,24,step_limit,0.1036,15888.5
838,6,56,637,791.78,56,637,9,0.4197,665.5,0.1943,4,complete,0.0373,15903.3
839,5,20,356,242.2,20,356,2,0.7101,882.7,0.3433,12,complete,0.0824,15912.2
840,3,33,898,483.06,33,898,6,0.3541,701.0,0.1816,18,complete,0.0897,15937.3
841,5,31,648,427.6,31,648,5,0.6904,928.1,0.2163,17,complete,0.0646,15955.9
842,3,68,1000,740.0,50,,9,0.483,675.3,0.2415,27,step_limit,0.1,15982.0
843,7,51,607,677.51,51,607,7,0.7152,1055.9,0.2408,8,complete,0.0648,15999.9
844,4,37,1000,500.0,36,,6,0.507,730.5,0.2551,17,step_limit,0.093,16027.5
845,8,74,470,1032.4,74,470,11,0.4053,589.6,0.0575,2,complete,0.0158,16040.8
846,3,32,765,477.05,32,765,6,0.3582,593.1,0.1707,40,complete,0.0779,16060.4
847,7,25,203,265.79,25,203,1,0.6087,737.9,0.1768,2,complete,0.0415,16065.0
848,4,44,1000,610.0,41,,8,0.5433,854.6,0.2814,67,step_limit,0.112,16091.1
849,6,28,437,343.78,28,437,3,0.6568,909.9,0.1374,6,complete,0.0556,16101.6
850,3,47,807,685.79,47,807,8,0.4197,592.0,0.1765,19,complete,0.0576,16123.2
851,3,39,1000,540.0,36,,7,0.4713,775.6,0.3054,55,step_limit,0.1149,16177.1
852,4,68,1000,840.0,58,,10,0.6492,997.8,0.3738,52,step_limit,0.125,16205.0
853,4,65,1000,930.0,64,,11,0.61,946.0,0.2963,34,step_limit,0.0907,16233.0
854,7,61,620,866.6,61,620,10,0.7152,975.2,0.1511,2,complete,0.0534,16249.6
855,6,22,237,235.78,22,237,1,0.5169,777.8,0.1156,5,complete,0.0611,16257.6
856,6,59,647,821.18,59,647,9,0.4724,725.2,0.2231,4,complete,0.0513,16275.4
857,3,69,1000,810.0,54,,10,0.4773,762.9,0.3124,39,step_limit,0.0817,16303.3
858,8,35,266,418.72,35,266,3,0.4779,590.3,0.1059,1,complete,0.0556,16310.5
859,3,20,684,269.48,20,684,3,0.5575,754.8,0.2802,32,complete,0.1333,16330.1
860,6,42,598,594.12,42,598,7,0.6795,924.7,0.1886,11,complete,0.0995,16346.1
861,4,58,1000,830.0,57,,10,0.4868,682.0,0.3393,43,step_limit,0.0472,16374.0
862,3,39,1000,490.0,34,,6,0.5167,678.5,0.3423,38,step_limit,0.1245,16402.1
863,6,77,775,1113.5,77,775,13,0.6133,945.6,0.2234,8,complete,0.0627,16422.8
864,8,37,496,450.32,37,496,4,0.7939,1134.8,0.1931,3,complete,0.057,16438.4
865,5,33,575,451.25,33,575,5,0.6063,829.9,0.252,19,complete,0.059,16453.5
866,6,40,470,551.8,40,470,6,0.4667,704.9,0.2257,14,complete,0.0424,16468.2
867,8,34,253,349.76,34,253,1,0.6255,721.2,0.0804,1,complete,0.0213,16475.2
868,3,34,999,490.03,34,999,6,0.4688,731.7,0.2731,39,complete,0.0853,16503.1
869,3,76,1000,1000.0,67,,12,0.357,580.6,0.2937,63,step_limit,0.0526,16525.8
870,5,42,678,596.1,42,678,7,0.536,884.1,0.1977,24,complete,0.0861,16545.2
871,3,47,1000,570.0,39,,7,0.453,747.4,0.3868,117,step_limit,0.1023,16573.2
872,7,22,179,207.47,22,179,0,0.6728,782.5,0.0602,0,complete,0.0296,16578.0
873,6,60,741,855.54,60,741,10,0.6824,1094.8,0.2394,9,complete,0.0434,16599.4
874,8,45,482,651.44,45,482,8,0.6626,847.6,0.1142,3,complete,0.0504,16611.8
875,7,32,298,389.14,32,298,3,0.6208,914.5,0.1282,4,complete,0.0516,16619.3
876,3,49,955,731.35,49,955,9,0.3564,592.9,0.1651,29,complete,0.0928,16646.4
877,8,77,591,1112.72,77,591,13,0.6578,1056.4,0.1837,4,complete,0.014,16663.0
878,6,44,779,603.26,44,779,7,0.6795,1094.7,0.2717,13,complete,0.1016,16684.9
879,3,79,1000,860.0,59,,10,0.4523,777.7,0.3065,34,step_limit,0.1046,16712.8
880,7,32,346,445.78,32,346,5,0.5202,729.1,0.0853,1,complete,0.0243,16721.9
881,8,74,798,1066.16,74,798,13,0.7157,1047.7,0.2978,5,complete,0.0389,16745.1
882,5,76,1000,1080.0,74,,13,0.5548,853.6,0.2197,15,step_limit,0.0655,16773.5
883,8,50,484,701.28,50,484,8,0.6981,1098.6,0.1744,3,complete,0.0317,16786.5
884,8,56,465,732.8,56,465,7,0.5949,864.0,0.0874,2,complete,0.04,16799.8
885,3,44,1000,600.0,42,,7,0.451,719.8,0.2602,45,step_limit,0.0741,16827.2
886,8,76,565,1104.8,76,565,13,0.5644,739.8,0.2519,5,complete,0.0412,16844.9
887,5,67,1000,920.0,64,,11,0.6574,933.7,0.3384,19,step_limit,0.0731,16872.9
888,3,71,1000,760.0,52,,9,0.5,732.5,0.2822,41,step_limit,0.0906,16899.3
889,3,32,689,479.33,32,689,6,0.4828,764.9,0.2671,32,complete,0.087,16918.9
890,6,62,702,907.88,62,702,11,0.4259,805.6,0.183,14,complete,0.0648,16939.7
891,4,78,1000,1060.0,71,,13,0.4602,722.5,0.3022,29,step_limit,0.0674,16966.3
892,5,39,506,514.7,39,506,5,0.451,672.5,0.1652,6,complete,0.0667,16981.8
893,5,65,840,938.0,65,840,11,0.6036,828.0,0.2142,14,complete,0.0514,17004.4
894,8,47,444,674.48,47,444,8,0.4459,706.1,0.1134,2,complete,0.0272,17018.3
895,8,64,377,849.84,64,377,8,0.6429,798.0,0.1356,7,complete,0.0168,17028.6
896,6,41,550,587.0,41,550,7,0.6703,957.4,0.1914,4,complete,0.0459,17045.3
897,8,77,754,1129.68,77,754,14,0.369,613.0,0.1316,5,complete,0.0301,17065.7
898,4,29,826,406.96,29,826,5,0.5778,930.1,0.2311,36,complete,0.1023,17088.8
899,4,31,1000,400.0,29,,5,0.6125,962.4,0.3757,36,step_limit,0.1548,17116.5
900,3,69,1000,930.0,60,,12,0.402,642.4,0.2293,38,step_limit,0.0641,17142.7
901,8,26,189,244.88,26,189,0,0.7315,881.2,0.1418,1,complete,0.0455,17175.9
902,8,58,665,766.8,58,665,8,0.6336,929.5,0.3244,4,complete,0.0198,17195.1
903,3,41,1000,450.0,33,,5,0.5537,784.2,0.5456,353,step_limit,0.1111,17223.0
904,8,47,405,647.6,47,405,7,0.4753,692.8,0.0815,1,complete,0.0317,17234.1
905,3,63,1000,680.0,47,,8,0.5003,780.4,0.3728,57,step_limit,0.1133,17262.0
906,7,64,577,899.61,64,577,10,0.6851,1021.3,0.2109,3,complete,0.0401,17278.5
907,3,80,1000,920.0,62,,11,0.3817,632.9,0.3868,83,step_limit,0.0535,17306.9
908,8,49,407,667.44,49,407,7,0.6232,787.0,0.1626,2,complete,0.0469,17319.5
909,3,68,1000,820.0,55,,10,0.4793,728.1,0.3443,81,step_limit,0.0779,17346.7
910,8,69,537,977.04,69,537,11,0.7027,974.4,0.2125,3,complete,0.0208,17362.2
911,3,22,496,265.12,22,496,2,0.5363,639.8,0.1677,14,complete,0.1156,17375.5
912,5,71,1000,930.0,65,,11,0.7038,1031.8,0.363,24,step_limit,0.0755,17404.5
913,4,48,638,694.48,48,638,8,0.4561,572.7,0.2159,20,complete,0.0348,17418.7
914,3,64,1000,700.0,49,,8,0.507,745.6,0.3465,32,step_limit,0.0967,17441.3
915,8,58,469,842.48,58,469,10,0.6887,971.1,0.11,2,complete,0.0099,17456.7
916,4,21,335,286.6,21,335,3,0.5142,707.1,0.1387,10,complete,0.0197,17465.6
917,6,75,1000,1090.0,73,,14,0.7152,1137.3,0.2677,13,step_limit,0.0546,17492.2
918,8,22,224,202.08,22,224,0,0.7757,975.4,0.2364,2,complete,0.0726,17497.3
919,6,73,742,1075.48,73,742,13,0.5703,894.9,0.2029,6,complete,0.0566,17516.7
920,4,79,1000,800.0,54,,10,0.619,814.6,0.335,60,step_limit,0.1058,17543.3
921,4,27,453,341.88,27,453,3,0.457,628.1,0.2327,10,complete,0.051,17557.0
922,5,20,330,213.5,20,330,1,0.4327,806.6,0.1594,3,complete,0.08,17565.7
923,6,51,581,745.14,51,581,9,0.6013,982.7,0.1512,4,complete,0.0309,17582.9
924,8,68,434,945.28,68,434,10,0.5314,708.8,0.0893,3,complete,0.0154,17595.2
925,8,30,261,369.12,30,261,3,0.6782,950.8,0.1929,2,complete,0.0536,17602.4
926,7,31,197,356.21,31,197,2,0.6613,769.3,0.0881,1,complete,0.0437,17607.9
927,3,62,1000,700.0,49,,8,0.3683,627.4,0.2794,64,step_limit,0.0957,17635.9
928,3,51,1000,560.0,38,,7,0.4563,749.7,0.2678,46,step_limit,0.1245,17663.5
929,7,34,360,464.8,34,360,5,0.3345,669.2,0.0559,3,complete,0.0175,17673.5
930,5,57,689,805.55,57,689,9,0.4911,659.8,0.1302,7,complete,0.0419,17693.7
931,5,52,637,728.15,52,637,8,0.5331,803.7,0.1665,8,complete,0.0494,17710.9
932,8,27,259,309.28,27,259,2,0.6096,788.2,0.1127,1,complete,0.0286,17719.1
933,8,71,530,1027.6,71,530,12,0.667,973.7,0.1497,3,complete,0.0305,17733.7
934,8,65,546,876.32,65,546,9,0.731,1070.9,0.1355,2,complete,0.0086,17748.9
935,5,29,661,406.95,29,661,5,0.6324,849.2,0.2824,15,complete,0.1097,17767.4
936,3,44,1000,580.0,40,,7,0.4953,769.5,0.3946,67,step_limit,0.1004,17793.7
937,4,22,693,282.28,22,693,3,0.6086,795.9,0.4154,118,complete,0.0667,17809.5
938,5,44,708,584.6,44,708,6,0.6726,862.0,0.2511,10,complete,0.0667,17827.0
939,6,68,1000,900.0,66,,10,0.704,1161.1,0.3265,19,step_limit,0.0926,17849.7
940,7,43,723,559.39,43,723,6,0.7475,1047.5,0.3333,11,complete,0.0753,17867.5
941,6,73,902,1065.88,73,902,13,0.6637,992.9,0.3128,13,complete,0.0551,17889.9
942,8,26,216,242.72,26,216,0,0.6169,753.7,0.2136,4,complete,0.0234,17894.7
943,6,28,352,348.88,28,352,3,0.6809,948.3,0.2378,3,complete,0.0704,17902.9
944,3,79,1000,980.0,65,,12,0.3607,566.7,0.1857,39,step_limit,0.0612,17927.1
945,4,61,1000,820.0,56,,10,0.544,833.0,0.3186,12,step_limit,0.0505,17949.9
946,5,50,913,694.35,50,913,8,0.6379,911.2,0.1905,13,complete,0.1055,17971.8
947,8,25,253,259.76,25,253,1,0.6225,733.2,0.1033,1,complete,0.0395,17978.0
948,8,58,492,810.64,58,492,9,0.6199,881.7,0.1639,3,complete,0.0317,17991.1
949,7,52,482,696.26,52,482,7,0.6108,897.0,0.2562,4,complete,0.0309,18002.3
950,8,43,334,613.28,43,334,7,0.5419,722.2,0.0637,1,complete,0.0194,18010.1
951,6,30,534,387.96,30,534,4,0.6701,907.2,0.1875,5,complete,0.0565,18045.8
952,3,51,1000,650.0,44,,8,0.5217,781.1,0.3029,50,step_limit,0.1287,18070.0
953,8,43,397,608.24,43,397,7,0.614,890.4,0.0473,1,complete,0.0285,18079.4
954,7,80,609,1117.37,80,609,12,0.6697,1045.3,0.2081,8,complete,0.0186,18094.8
955,8,46,436,665.12,46,436,8,0.613,863.7,0.1062,2,complete,0.0336,18105.5
956,6,37,346,499.24,37,346,5,0.6339,932.3,0.1122,10,complete,0.0294,18113.0
957,3,52,1000,740.0,50,,9,0.4077,559.2,0.2454,66,step_limit,0.0774,18135.0
958,8,46,543,626.56,46,543,7,0.7631,1158.4,0.2139,4,complete,0.0417,18148.7
959,5,46,761,631.95,46,761,7,0.5577,863.1,0.2486,12,complete,0.0977,18168.0
960,8,66,431,865.52,66,431,8,0.4492,679.3,0.0817,1,complete,0.0114,18178.2
961,4,76,1000,890.0,63,,10,0.6108,871.5,0.2628,38,step_limit,0.0849,18202.0
962,5,52,835,748.25,52,835,9,0.6649,995.2,0.3273,36,complete,0.0857,18222.4
963,3,56,1000,610.0,43,,7,0.5377,792.5,0.3136,60,step_limit,0.1439,18245.3
964,4,54,832,776.72,54,832,9,0.46,631.1,0.2404,15,complete,0.0389,18265.8
965,5,34,440,468.0,34,440,5,0.6586,877.3,0.2231,7,complete,0.0667,18276.0
966,7,77,515,1153.95,77,515,14,0.4327,688.3,0.1227,8,complete,0.0136,18288.1
967,8,38,307,505.44,38,307,5,0.612,676.5,0.0545,1,complete,0.0072,18296.8
968,8,37,477,481.84,37,477,5,0.7233,959.9,0.2096,3,complete,0.0729,18307.9
969,5,54,896,765.2,54,896,9,0.6163,845.5,0.2256,11,complete,0.0701,18329.5
970,7,80,663,1173.59,80,663,14,0.6462,836.1,0.107,4,complete,0.0132,18345.1
971,6,26,310,331.4,26,310,3,0.4613,646.8,0.1823,3,complete,0.025,18351.6
972,8,27,339,302.88,27,339,2,0.6121,827.8,0.0958,3,complete,0.05,18359.4
973,4,36,1000,450.0,34,,5,0.5895,904.0,0.2288,18,step_limit,0.0923,18380.1
974,4,80,1000,1150.0,77,,14,0.4688,741.5,0.2234,21,step_limit,0.0426,18403.6
975,7,80,750,1137.5,80,750,13,0.6339,1019.9,0.1508,5,complete,0.0323,18421.0
976,4,48,1000,620.0,45,,7,0.6455,1055.4,0.5103,294,step_limit,0.1102,18445.1
977,7,48,595,648.35,48,595,7,0.5001,650.6,0.1786,17,complete,0.0347,18460.0
978,6,69,673,979.62,69,673,11,0.6221,817.2,0.1533,4,complete,0.0208,18476.0
979,8,58,528,807.76,58,528,9,0.4785,717.7,0.1019,2,complete,0.0181,18488.6
980,7,73,749,1037.57,73,749,12,0.7274,1023.0,0.2855,12,complete,0.082,18507.2
981,5,62,717,914.15,62,717,11,0.5897,834.9,0.2168,10,complete,0.0213,18523.6
982,8,66,531,947.52,66,531,11,0.6259,880.4,0.0983,2,complete,0.0357,18537.5
983,5,22,458,287.1,22,458,3,0.6061,802.1,0.1879,9,complete,0.0857,18547.6
984,3,53,1000,650.0,44,,8,0.5413,767.2,0.3956,57,step_limit,0.0833,18571.0
985,7,65,518,913.74,65,518,10,0.5146,687.7,0.0643,1,complete,0.022,18583.6
986,7,35,348,505.64,35,348,6,0.5714,848.9,0.1289,2,complete,0.0497,18593.0
987,6,47,450,683.0,47,450,8,0.5856,767.0,0.1343,3,complete,0.0538,18603.1
988,5,24,438,278.1,24,438,2,0.5553,692.8,0.2198,11,complete,0.0683,18611.4
989,3,64,1000,770.0,53,,9,0.4797,786.2,0.4096,98,step_limit,0.1023,18631.5
990,5,26,434,358.3,26,434,4,0.5401,887.1,0.1729,6,complete,0.076,18641.4
991,3,30,782,426.54,30,782,5,0.4676,766.5,0.322,52,complete,0.1164,18659.9
992,5,59,806,849.7,59,806,10,0.5779,817.9,0.2185,11,complete,0.0611,18678.2
993,3,46,1000,610.0,43,,7,0.5297,788.2,0.3135,40,step_limit,0.1123,18701.8
994,7,71,591,1028.63,71,591,12,0.5782,734.1,0.1035,9,complete,0.0254,18715.9
995,3,61,1000,700.0,49,,8,0.4203,725.2,0.3383,60,step_limit,0.0486,18740.0
996,4,61,885,904.6,61,885,11,0.4387,657.1,0.244,32,complete,0.0588,18761.4
997,3,59,1000,730.0,49,,9,0.5317,777.6,0.4229,72,step_limit,0.0891,18784.0
998,8,70,600,982.0,70,600,11,0.6744,1022.4,0.2444,6,complete,0.0807,18799.7
999,4,49,985,690.6,49,985,8,0.4716,862.5,0.2294,23,complete,0.0865,18822.1
1000,6,63,764,914.16,63,764,11,0.5565,895.7,0.1424,5,complete,0.0549,18841.0
1001,7,43,440,579.2,43,440,6,0.4955,748.7,0.1923,3,complete,0.019,18874.9
1002,5,78,1000,1130.0,76,,14,0.5984,954.9,0.2731,22,step_limit,0.0624,18899.2
1003,5,74,1000,940.0,63,,12,0.6306,958.9,0.3758,34,step_limit,0.0743,18921.9
1004,8,61,500,870.0,61,500,10,0.6697,918.7,0.1655,1,complete,0.0296,18935.5
1005,7,62,503,914.79,62,503,11,0.6095,852.3,0.1267,3,complete,0.0238,18946.9
1006,4,22,552,287.92,22,552,3,0.4941,682.8,0.1987,38,complete,0.095,18959.2
1007,7,79,759,1156.87,79,759,14,0.6772,962.7,0.1527,14,complete,0.0654,18978.5
1008,4,28,937,362.52,28,937,4,0.5598,837.5,0.2772,19,complete,0.1721,19001.3
1009,5,65,724,943.8,65,724,11,0.6254,810.7,0.2059,7,complete,0.0315,19017.7
1010,6,22,473,251.62,22,473,2,0.5877,804.8,0.2298,5,complete,0.0957,19028.7
1011,6,52,559,726.46,52,559,8,0.4016,584.3,0.1266,4,complete,0.0293,19043.0
1012,8,47,410,647.2,47,410,7,0.6744,796.5,0.1274,1,complete,0.0208,19052.8
1013,8,66,528,917.76,66,528,10,0.4337,682.3,0.2168,4,complete,0.0132,19066.8
1014,4,69,1000,880.0,59,,11,0.5198,835.3,0.2956,20,step_limit,0.094,19089.4
1015,5,77,771,1181.45,77,771,15,0.5375,769.9,0.1793,8,complete,0.0862,19108.5
1016,5,80,1000,1090.0,75,,13,0.6082,934.0,0.2314,18,step_limit,0.0698,19128.6
1017,7,51,454,718.22,51,454,8,0.6032,742.1,0.1363,3,complete,0.0231,19139.8
1018,7,21,240,223.2,21,240,1,0.497,781.7,0.1279,2,complete,0.0296,19145.1
1019,5,58,767,841.65,58,767,10,0.4978,877.1,0.1715,14,complete,0.0688,19162.8
1020,5,74,1000,1020.0,71,,12,0.6266,1011.1,0.2707,40,step_limit,0.0707,19187.5
1021,3,48,1000,650.0,44,,8,0.4347,775.5,0.2614,44,step_limit,0.0912,19211.4
1022,7,27,420,330.6,27,420,3,0.3626,551.4,0.1776,7,complete,0.0497,19221.0
1023,7,46,475,636.75,46,475,7,0.5353,734.0,0.0784,2,complete,0.0294,19232.2
1024,3,70,1000,610.0,43,,7,0.469,774.1,0.2507,51,step_limit,0.1285,19256.1
1025,6,41,440,533.6,41,440,5,0.7,927.3,0.1826,4,complete,0.0528,19266.5
1026,7,76,757,1067.01,76,757,12,0.6733,964.4,0.2608,9,complete,0.0388,19285.2
1027,5,51,795,710.25,51,795,8,0.6126,779.3,0.2651,30,complete,0.0455,19304.7
1028,4,27,722,331.12,27,722,3,0.4401,742.5,0.2901,21,complete,0.0547,19321.3
1029,4,37,837,516.52,37,837,6,0.5433,733.7,0.3528,61,complete,0.0357,19342.1
1030,4,46,1000,510.0,37,,6,0.6635,876.2,0.5974,339,step_limit,0.1101,19364.8
1031,8,20,296,206.32,20,296,1,0.4721,654.2,0.1259,2,complete,0.0333,19373.3
1032,4,27,580,366.8,27,580,4,0.2974,519.2,0.1808,15,complete,0.0519,19386.7
1033,6,38,398,536.12,38,398,6,0.4824,721.9,0.1508,4,complete,0.0583,19395.7
1034,5,66,813,979.35,66,813,12,0.5887,881.7,0.2231,11,complete,0.0654,19416.3
1035,8,64,468,842.56,64,468,8,0.6779,1019.8,0.1737,2,complete,0.0348,19427.5
1036,4,59,1000,750.0,52,,9,0.4963,713.2,0.3663,33,step_limit,0.0778,19451.7
1037,3,49,1000,640.0,43,,8,0.4523,648.5,0.3853,98,step_limit,0.0891,19475.3
1038,8,57,545,796.4,57,545,9,0.6959,1118.4,0.1841,4,complete,0.0565,19487.9
1039,4,73,1000,1060.0,71,,13,0.6002,766.8,0.2755,25,step_limit,0.0675,19513.0
1040,3,44,1000,430.0,31,,5,0.4877,753.8,0.2527,48,step_limit,0.1301,19535.3
1041,7,65,634,905.62,65,634,10,0.6629,1000.1,0.2104,2,complete,0.0282,19551.5
1042,3,37,1000,530.0,35,,7,0.5827,761.8,0.299,40,step_limit,0.1667,19575.5
1043,6,52,551,726.94,52,551,8,0.5269,717.6,0.1971,11,complete,0.0245,19588.1
1044,5,36,627,508.65,36,627,6,0.614,1007.0,0.2588,9,complete,0.1188,19602.3
1045,5,52,773,721.35,52,773,8,0.4124,641.4,0.1268,9,complete,0.0467,19622.0
1046,6,43,457,612.58,43,457,7,0.6353,787.5,0.2251,6,complete,0.046,19632.3
1047,3,52,1000,660.0,45,,8,0.522,762.1,0.3575,70,step_limit,0.0936,19656.3
1048,3,51,1000,650.0,44,,8,0.5223,785.4,0.3208,46,step_limit,0.1282,19681.0
1049,5,72,1000,890.0,61,,11,0.6788,974.7,0.4092,23,step_limit,0.0919,19703.7
1050,6,76,1000,1060.0,73,,13,0.6902,1032.9,0.2626,10,step_limit,0.0956,19728.3
1051,5,79,1000,1070.0,73,,13,0.6394,1033.3,0.3414,15,step_limit,0.0752,19770.9
1052,7,45,556,621.08,45,556,7,0.6231,909.7,0.1821,5,complete,0.0536,19783.8
1053,8,49,459,663.28,49,459,7,0.7462,1013.3,0.116,2,complete,0.0192,19793.9
1054,7,61,424,820.32,61,424,8,0.5051,627.1,0.2067,4,complete,0.0159,19803.9
1055,6,41,506,559.64,41,506,6,0.7026,966.7,0.1863,11,complete,0.0344,19817.0
1056,7,54,526,743.18,54,526,8,0.6505,864.8,0.0933,10,complete,0.0367,19829.5
1057,7,64,548,901.64,64,548,10,0.6056,805.3,0.1227,8,complete,0.0464,19842.7
1058,7,66,634,945.62,66,634,11,0.6613,930.0,0.2405,8,complete,0.0683,19859.2
1059,4,51,795,748.2,51,795,9,0.4082,667.9,0.112,17,complete,0.0682,19876.9
1060,8,52,506,689.52,52,506,7,0.7362,894.2,0.1956,3,complete,0.0232,19890.3
1061,6,37,552,486.88,37,552,5,0.6682,840.9,0.2484,10,complete,0.0323,19902.9
1062,6,24,331,280.14,24,331,2,0.4924,665.4,0.0945,5,complete,0.0256,19910.3
1063,6,73,695,1048.3,73,695,12,0.6245,912.2,0.2253,7,complete,0.0474,19928.2
1064,6,39,390,486.6,39,390,4,0.6731,973.3,0.2333,12,complete,0.0506,19937.3
1065,5,24,561,331.95,24,561,4,0.6759,973.9,0.3053,17,complete,0.0962,19951.3
1066,3,75,1000,970.0,64,,12,0.3987,663.6,0.2819,35,step_limit,0.0506,19974.0
1067,7,50,468,677.24,50,468,7,0.6386,820.4,0.2001,4,complete,0.0455,19986.4
1068,5,45,538,603.1,45,538,6,0.4286,718.5,0.1942,13,complete,0.0597,19998.7
1069,6,20,212,247.28,20,212,2,0.5385,876.6,0.1733,3,complete,0.0632,20003.6
1070,3,79,1000,980.0,65,,12,0.439,663.5,0.2503,35,step_limit,0.0603,20027.3
1071,5,32,469,446.55,32,469,5,0.4375,660.0,0.1108,6,complete,0.0473,20037.5
1072,4,56,869,825.24,56,869,10,0.6108,950.5,0.2399,15,complete,0.0556,20055.3
1073,8,25,264,288.88,25,264,2,0.5559,827.9,0.0556,1,complete,0.0607,20060.7
1074,4,34,856,455.76,34,856,5,0.6367,831.7,0.2261,11,complete,0.1481,20079.7
1075,8,40,521,508.32,40,521,5,0.6823,749.9,0.1737,7,complete,0.0143,20093.3
1076,4,73,1000,1030.0,68,,13,0.5353,875.4,0.2108,18,step_limit,0.0813,20115.2
1077,6,50,635,701.9,50,635,8,0.7024,898.0,0.2043,4,complete,0.0422,20131.7
1078,6,62,802,871.88,62,802,10,0.7068,949.4,0.2652,19,complete,0.0678,20149.8
1079,4,25,543,348.28,25,543,4,0.5087,805.7,0.1692,11,complete,0.0918,20163.3
1080,4,51,1000,680.0,48,,8,0.512,724.5,0.301,66,step_limit,0.0878,20187.6
1081,7,46,570,600.1,46,570,6,0.7168,1079.9,0.2554,5,complete,0.0787,20200.8
1082,8,51,409,687.28,51,409,7,0.4869,779.1,0.0321,1,complete,0.0106,20210.4
1083,4,64,1000,740.0,51,,9,0.588,941.8,0.3364,30,step_limit,0.1542,20235.4
1084,5,48,729,683.55,48,729,8,0.6604,885.6,0.2685,16,complete,0.0747,20252.2
1085,5,60,1000,830.0,58,,10,0.6572,988.9,0.2618,9,step_limit,0.0877,20276.3
1086,6,27,328,340.32,27,328,3,0.6408,813.0,0.1037,4,complete,0.0488,20284.2
1087,7,66,694,941.42,66,694,11,0.7225,1049.6,0.1989,8,complete,0.0729,20302.8
1088,7,48,454,688.22,48,454,8,0.5035,702.9,0.0918,4,complete,0.0331,20313.4
1089,5,63,670,926.5,63,670,11,0.5,701.9,0.1546,13,complete,0.037,20330.6
1090,7,78,659,1123.87,78,659,13,0.6672,1076.7,0.2036,10,complete,0.0432,20346.3
1091,5,66,917,974.15,66,917,12,0.6377,988.3,0.229,10,complete,0.0981,20369.0
1092,3,77,1000,820.0,55,,10,0.5107,666.3,0.3163,43,step_limit,0.0975,20393.6
1093,4,72,1000,970.0,65,,12,0.5645,855.0,0.2416,27,step_limit,0.0664,20416.5
1094,7,45,393,632.49,45,393,7,0.618,768.3,0.1103,3,complete,0.0476,20427.2
1095,6,21,230,226.2,21,230,1,0.6101,751.3,0.0801,1,complete,0.0108,20432.5
1096,8,77,547,1116.24,77,547,13,0.5425,776.0,0.1312,3,complete,0.0146,20445.7
1097,3,44,1000,590.0,41,,7,0.48,754.5,0.3317,70,step_limit,0.0709,20470.3
1098,3,59,1000,610.0,43,,7,0.5087,746.7,0.3455,36,step_limit,0.0982,20494.4
1099,5,75,959,1092.05,75,959,13,0.5737,910.4,0.2996,30,complete,0.0442,20516.3
1100,3,54,1000,650.0,44,,8,0.5223,756.6,0.369,63,step_limit,0.0769,20540.4
1101,4,78,1000,840.0,58,,10,0.439,571.2,0.4322,63,step_limit,0.06,20586.7
1102,7,36,398,482.14,36,398,5,0.524,766.7,0.1199,3,complete,0.0323,20597.6
1103,5,32,760,432.0,32,760,5,0.6761,999.7,0.2879,28,complete,0.0735,20614.8
1104,8,37,443,484.56,37,443,5,0.7037,970.9,0.1605,4,complete,0.0446,20625.1
1105,7,63,586,888.98,63,586,10,0.5675,844.1,0.1174,2,complete,0.0179,20640.2
1106,6,46,544,607.36,46,544,6,0.644,942.1,0.2255,5,complete,0.0483,20652.8
1107,7,21,204,195.72,21,204,0,0.7479,955.1,0.1694,1,complete,0.0582,20657.6
1108,3,41,1000,500.0,35,,6,0.557,764.4,0.3436,82,step_limit,0.1167,20681.7
1109,7,21,146,199.78,21,146,0,0.5068,783.3,0.0594,0,complete,0.0124,20685.3
1110,3,55,1000,710.0,47,,9,0.5563,763.3,0.3685,50,step_limit,0.09,20709.3
1111,7,49,368,704.24,49,368,8,0.4305,597.5,0.085,3,complete,0.0211,20717.8
1112,4,27,451,371.96,27,451,4,0.6109,767.6,0.2154,12,complete,0.03,20727.7
1113,8,70,489,960.88,70,489,10,0.5018,628.8,0.1585,3,complete,0.0119,20741.0
1114,7,50,480,676.4,50,480,7,0.6768,816.0,0.1289,2,complete,0.0063,20751.9
1115,8,73,913,1016.96,73,913,12,0.7852,1107.8,0.2391,2,complete,0.0583,20774.5
1116,5,54,1000,730.0,51,,9,0.6684,985.6,0.2862,14,step_limit,0.1104,20799.4
1117,6,74,668,1059.92,74,668,12,0.5374,785.1,0.1992,8,complete,0.0421,20814.1
1118,7,52,629,685.97,52,629,7,0.7254,1124.2,0.2048,3,complete,0.085,20829.4
1119,8,22,240,200.8,22,240,0,0.699,927.2,0.0848,1,complete,0.0391,20836.6
1120,7,40,458,517.94,40,458,5,0.5356,937.6,0.105,2,complete,0.0123,20846.6
1121,7,26,351,295.43,26,351,2,0.6549,1170.5,0.2582,4,complete,0.0714,20854.5
1122,8,55,366,730.72,55,366,7,0.4173,663.5,0.106,8,complete,0.0129,20862.9
1123,8,54,412,747.04,54,412,8,0.5385,750.8,0.1582,5,complete,0.013,20873.6
1124,6,79,863,1158.22,79,863,14,0.4714,685.0,0.1841,15,complete,0.0361,20892.2
1125,8,53,384,709.28,53,384,7,0.6745,1010.2,0.1855,4,complete,0.017,20902.0
1126,7,21,165,198.45,21,165,0,0.6234,897.7,0.0775,0,complete,0.0385,20905.6
1127,5,66,1000,920.0,64,,11,0.6576,1052.5,0.2885,18,step_limit,0.081,20925.8
1128,6,70,1000,1010.0,68,,13,0.647,906.2,0.2289,9,step_limit,0.0756,20947.8
1129,8,28,414,306.88,28,414,2,0.5661,931.6,0.1393,1,complete,0.0601,20956.9
1130,6,45,537,627.78,45,537,7,0.6493,791.4,0.1983,7,complete,0.0221,20970.8
1131,5,55,977,771.15,55,977,9,0.6487,986.4,0.2699,23,complete,0.1159,20992.6
1132,7,59,609,847.37,59,609,10,0.6287,884.4,0.1368,4,complete,0.0286,21008.9
1133,7,69,708,970.44,69,708,11,0.5067,785.6,0.1265,5,complete,0.0165,21024.8
1134,8,28,204,263.68,28,204,0,0.6734,937.5,0.1163,2,complete,0.0214,21029.7
1135,4,68,1000,750.0,55,,8,0.5675,932.6,0.4251,67,step_limit,0.0958,21054.0
1136,8,76,984,1041.28,76,984,12,0.7251,1085.5,0.3542,8,complete,0.124,21078.5
1137,6,30,351,398.94,30,351,4,0.5138,698.0,0.093,3,complete,0.0317,21086.2
1138,5,48,551,692.45,48,551,8,0.4508,773.3,0.0978,10,complete,0.0135,21098.5
1139,8,39,279,517.68,39,279,5,0.6617,827.0,0.0549,2,complete,0.015,21107.1
1140,4,80,1000,1110.0,76,,13,0.409,696.5,0.2383,25,step_limit,0.0582,21129.3
1141,5,28,507,374.65,28,507,4,0.4477,740.9,0.1371,4,complete,0.0327,21142.8
1142,8,47,326,683.92,47,326,8,0.5759,714.7,0.0511,1,complete,0.0205,21150.4
1143,5,44,591,620.45,44,591,7,0.5367,939.5,0.1939,9,complete,0.0638,21163.7
1144,4,28,1000,380.0,27,,5,0.6703,977.1,0.3686,39,step_limit,0.1071,21187.4
1145,7,21,321,247.53,21,321,2,0.664,883.6,0.195,5,complete,0.026,21194.5
1146,4,72,1000,900.0,64,,10,0.529,828.5,0.3604,26,step_limit,0.0405,21218.6
1147,4,77,1000,1040.0,69,,13,0.3975,615.9,0.3218,19,step_limit,0.0664,21240.9
1148,8,45,554,645.68,45,554,8,0.6241,908.8,0.0449,1,complete,0.0226,21254.8
1149,4,80,1000,1100.0,75,,13,0.489,668.2,0.3083,87,step_limit,0.0366,21279.6
1150,4,73,1000,980.0,66,,12,0.4592,732.6,0.2918,19,step_limit,0.0769,21302.4
1151,4,40,861,545.56,40,861,6,0.5706,923.0,0.2492,23,complete,0.0976,21346.6
1152,5,61,732,903.4,61,732,11,0.4757,713.1,0.1307,12,complete,0.0258,21362.9
1153,7,24,379,273.47,24,379,2,0.6623,1003.1,0.21,5,complete,0.1094,21371.4
1154,5,24,493,275.35,24,493,2,0.6941,917.3,0.3206,31,complete,0.0333,21384.7
1155,4,31,634,434.64,31,634,5,0.6242,949.6,0.3431,19,complete,0.1311,21398.7
1156,5,20,334,243.3,20,334,2,0.3671,749.0,0.0932,8,complete,0.0667,21405.7
1157,8,23,226,241.92,23,226,1,0.3606,669.3,0.0564,1,complete,0.0172,21411.0
1158,6,41,586,554.84,41,586,6,0.7375,995.8,0.2786,12,complete,0.0787,21426.2
1159,6,64,748,925.12,64,748,11,0.5031,809.7,0.1249,8,complete,0.0385,21442.7
1160,4,47,889,674.44,47,889,8,0.6353,858.5,0.2309,32,complete,0.0852,21464.7
1161,6,70,768,1013.92,70,768,12,0.5384,673.4,0.2757,18,complete,0.0202,21484.1
1162,7,77,841,1101.13,77,841,13,0.4607,765.3,0.1822,5,complete,0.0201,21503.4
1163,5,43,839,598.05,43,839,7,0.6629,1027.6,0.2615,22,complete,0.1224,21524.5
1164,3,40,1000,510.0,36,,6,0.5197,752.0,0.2967,76,step_limit,0.0909,21547.0
1165,8,67,508,899.36,67,508,9,0.5413,810.4,0.0754,2,complete,0.0301,21560.5
1166,6,65,565,946.1,65,565,11,0.4864,722.3,0.1434,9,complete,0.0337,21574.4
1167,3,24,951,331.47,24,951,4,0.5184,776.7,0.3348,115,complete,0.1272,21597.3
1168,8,67,631,949.52,67,631,11,0.7197,1086.3,0.2069,2,complete,0.0265,21611.8
1169,5,37,750,482.5,37,750,5,0.3379,651.5,0.1488,11,complete,0.0486,21630.3
1170,3,35,1000,490.0,34,,6,0.4623,732.8,0.3085,71,step_limit,0.0853,21654.8
1171,7,70,809,1033.37,70,809,13,0.6671,890.0,0.1919,3,complete,0.0374,21673.7
1172,6,56,759,754.46,56,759,8,0.7194,1074.7,0.3596,10,complete,0.0476,21692.7
1173,3,39,1000,440.0,32,,5,0.4753,767.2,0.3511,36,step_limit,0.0833,21715.1
1174,7,53,633,695.69,53,633,7,0.7044,901.6,0.2124,4,complete,0.0214,21731.1
1175,8,44,462,613.04,44,462,7,0.6794,927.3,0.1996,3,complete,0.0403,21740.5
1176,8,44,309,625.28,44,309,7,0.6343,854.4,0.1878,6,complete,0.0,21747.2
1177,8,33,408,387.36,33,408,3,0.6256,833.6,0.1115,1,complete,0.03,21758.6
1178,3,61,1000,750.0,51,,9,0.5393,757.1,0.3004,29,step_limit,0.0767,21781.2
1179,6,71,823,1020.62,71,823,12,0.3631,643.7,0.1731,7,complete,0.0318,21802.3
1180,6,62,661,880.34,62,661,10,0.6523,936.0,0.2267,6,complete,0.0526,21818.0
1181,6,50,690,668.6,50,690,7,0.6667,891.3,0.2378,10,complete,0.0795,21835.4
1182,3,79,1000,910.0,61,,11,0.3527,558.9,0.3298,110,step_limit,0.0751,21860.1
1183,6,51,613,713.22,51,613,8,0.5356,693.6,0.2336,9,complete,0.0386,21874.1
1184,6,30,335,369.9,30,335,3,0.5692,1074.2,0.0929,2,complete,0.037,21881.8
1185,3,77,1000,840.0,57,,10,0.4447,683.5,0.4269,185,step_limit,0.0567,21906.1
1186,8,42,303,575.76,42,303,6,0.4447,620.4,0.1437,2,complete,0.0165,21913.2
1187,7,20,252,242.36,20,252,2,0.3486,568.2,0.0841,1,complete,0.0381,21919.0
1188,5,74,1000,990.0,68,,12,0.639,868.8,0.4156,67,step_limit,0.0421,21943.1
1189,6,60,533,868.02,60,533,10,0.4006,639.7,0.0717,3,complete,0.0216,21955.3
1190,3,26,734,357.98,26,734,4,0.5027,767.5,0.2626,24,complete,0.0645,21972.8
1191,7,27,255,312.15,27,255,2,0.5255,930.1,0.1475,6,complete,0.0147,21978.6
1192,6,78,783,1153.02,78,783,14,0.5964,788.3,0.1592,15,complete,0.0413,21998.9
1193,3,42,1000,550.0,40,,6,0.483,758.1,0.3285,44,step_limit,0.0764,22021.4
1194,5,75,873,1126.35,75,873,14,0.6005,809.6,0.26,13,complete,0.075,22043.1
1195,7,56,530,792.9,56,530,9,0.4509,599.5,0.069,3,complete,0.0101,22055.1
1196,8,66,488,950.96,66,488,11,0.6788,1007.5,0.1209,6,complete,0.0369,22066.8
1197,6,59,688,848.72,59,688,10,0.626,811.6,0.1462,7,complete,0.023,22079.9
1198,4,47,852,675.92,47,852,8,0.5323,676.3,0.2009,19,complete,0.071,22100.3
1199,5,65,786,940.7,65,786,11,0.458,613.7,0.2116,22,complete,0.0271,22115.6
1200,8,48,473,622.16,48,473,6,0.5354,841.9,0.2366,3,complete,0.0304,22126.9
1201,7,22,235,233.55,22,235,1,0.7489,892.1,0.1189,0,complete,0.0323,22155.6
1202,5,68,640,1008.0,68,640,12,0.5222,651.7,0.1232,10,complete,0.0151,22171.7
1203,3,36,949,511.53,36,949,6,0.5441,739.3,0.3603,80,complete,0.0952,22192.4
1204,5,23,415,269.25,23,415,2,0.5417,861.9,0.1978,6,complete,0.06,22203.7
1205,4,32,700,442.0,32,700,5,0.6029,801.6,0.2611,19,complete,0.0808,22219.0
1206,4,76,1000,1040.0,72,,12,0.57,860.1,0.257,21,step_limit,0.0691,22243.8
1207,8,45,388,628.96,45,388,7,0.6131,719.9,0.0925,2,complete,0.0146,22252.7
1208,7,40,337,526.41,40,337,5,0.3985,627.9,0.0208,0,complete,0.0055,22260.5
1209,3,49,1000,660.0,45,,8,0.415,671.6,0.2499,32,step_limit,0.0603,22284.5
1210,4,60,1000,760.0,53,,9,0.6208,903.3,0.3364,66,step_limit,0.104,22307.7
1211,4,66,1000,880.0,62,,10,0.509,928.5,0.2838,23,step_limit,0.0714,22332.4
1212,6,66,716,947.04,66,716,11,0.5859,779.9,0.1443,10,complete,0.0195,22350.4
1213,8,56,478,791.76,56,478,9,0.5683,864.2,0.1146,3,complete,0.0053,22361.3
1214,3,49,1000,530.0,38,,6,0.4677,734.2,0.3047,59,step_limit,0.1111,22385.6
1215,3,21,460,286.2,21,460,3,0.5188,778.6,0.3565,40,complete,0.1111,22396.3
1216,5,38,598,560.1,38,598,7,0.6659,1013.7,0.2691,10,complete,0.0831,22410.4
1217,5,22,432,258.4,22,432,2,0.6963,911.9,0.1777,12,complete,0.0512,22421.4
1218,4,61,949,872.04,61,949,10,0.5393,911.5,0.2834,29,complete,0.0655,22443.2
1219,7,66,503,954.79,66,503,11,0.6436,1026.4,0.1478,6,complete,0.0303,22456.8
1220,3,38,1000,490.0,34,,6,0.555,772.2,0.3735,66,step_limit,0.1023,22479.1
1221,3,62,1000,700.0,49,,8,0.529,705.0,0.4249,253,step_limit,0.1146,22503.1
1222,7,34,390,462.7,34,390,5,0.6747,975.6,0.1128,2,complete,0.0467,22512.2
1223,6,35,636,491.84,35,636,6,0.6947,938.7,0.1847,9,complete,0.0417,22527.9
1224,7,33,495,415.35,33,495,4,0.6892,966.0,0.1771,2,complete,0.0423,22539.6
1225,5,70,744,1022.8,70,744,12,0.4142,621.1,0.12,10,complete,0.0198,22558.2
1226,8,32,305,355.6,32,305,2,0.4512,612.3,0.036,2,complete,0.0238,22565.0
1227,3,77,1000,880.0,58,,11,0.4363,749.6,0.2078,27,step_limit,0.109,22586.4
1228,3,35,1000,460.0,31,,6,0.5037,767.9,0.3378,42,step_limit,0.144,22608.6
1229,6,25,401,285.94,25,401,2,0.49,718.7,0.0946,2,complete,0.0317,22619.2
1230,4,50,1000,690.0,49,,8,0.557,871.6,0.2983,12,step_limit,0.0851,22641.9
1231,8,65,398,888.16,65,398,9,0.5754,800.5,0.139,6,complete,0.0158,22652.9
1232,4,79,1000,940.0,65,,11,0.6065,931.7,0.3985,123,step_limit,0.0487,22676.0
1233,3,30,1000,370.0,28,,4,0.5757,787.8,0.3677,34,step_limit,0.1325,22700.0
1234,7,57,579,799.47,57,579,9,0.6151,886.3,0.164,3,complete,0.0416,22713.7
1235,3,49,1000,600.0,42,,7,0.5143,772.8,0.3288,63,step_limit,0.1348,22737.3
1236,5,72,669,1076.55,72,669,13,0.5408,735.7,0.1019,8,complete,0.0227,22754.0
1237,5,57,700,835.0,57,700,10,0.6114,956.2,0.1927,9,complete,0.0523,22770.4
1238,7,73,697,1071.21,73,697,13,0.7151,938.3,0.1606,3,complete,0.03,22788.0
1239,5,40,490,555.5,40,490,6,0.6118,849.9,0.192,10,complete,0.0386,22799.2
1240,6,21,219,226.86,21,219,1,0.6324,871.1,0.1277,2,complete,0.05,22804.2
1241,8,58,373,790.16,58,373,8,0.6491,723.7,0.1291,1,complete,0.0039,22813.2
1242,6,71,718,1026.92,71,718,12,0.6165,889.6,0.2153,15,complete,0.0393,22830.8
1243,7,54,559,740.87,54,559,8,0.6657,987.6,0.2419,6,complete,0.0536,22843.9
1244,6,23,271,303.74,23,271,3,0.5855,823.2,0.1244,3,complete,0.0263,22849.9
1245,3,31,992,430.24,31,992,5,0.462,779.8,0.2344,33,complete,0.1098,22873.7
1246,6,37,398,526.12,37,398,6,0.6072,850.9,0.1448,4,complete,0.0208,22882.8
1247,3,20,1000,200.0,17,,2,0.4203,680.1,0.2766,57,step_limit,0.1511,22906.6
1248,8,79,627,1129.84,79,627,13,0.6872,984.1,0.1754,2,complete,0.0266,22923.1
1249,4,22,396,294.16,22,396,3,0.4956,654.5,0.1689,18,complete,0.0563,22932.1
1250,3,27,914,392.58,27,914,5,0.4785,778.8,0.3188,38,complete,0.0988,22952.7
1251,5,20,349,212.55,20,349,1,0.6734,771.1,0.2058,6,complete,0.0595,22984.9
1252,7,48,457,628.01,48,457,6,0.5686,957.9,0.3061,4,complete,0.0505,22996.7
1253,4,64,1000,830.0,57,,10,0.5952,946.9,0.3105,53,step_limit,0.0833,23019.2
1254,7,44,611,607.23,44,611,7,0.7325,947.0,0.2081,7,complete,0.0313,23034.9
1255,7,39,290,549.7,39,290,6,0.5133,690.5,0.0628,3,complete,0.0132,23041.9
1256,5,32,574,411.3,32,574,4,0.6268,836.4,0.283,17,complete,0.0964,23056.6
1257,4,71,1000,980.0,66,,12,0.443,604.3,0.2162,19,step_limit,0.0482,23080.0
1258,3,40,1000,430.0,31,,5,0.5213,735.6,0.4001,83,step_limit,0.0803,23104.0
1259,5,80,1000,1150.0,78,,14,0.414,668.2,0.1235,7,step_limit,0.0293,23128.2
1260,7,60,759,816.87,60,759,9,0.6951,987.7,0.1865,5,complete,0.0461,23145.8
1261,7,26,291,329.63,26,291,3,0.5484,817.6,0.1577,7,complete,0.0286,23152.6
1262,8,68,596,992.32,68,596,12,0.5315,698.2,0.2333,5,complete,0.0179,23168.4
1263,6,61,578,845.32,61,578,9,0.5043,736.8,0.2179,7,complete,0.0517,23181.6
1264,5,55,896,775.2,55,896,9,0.6942,969.1,0.3559,19,complete,0.0412,23201.0
1265,6,73,743,1045.42,73,743,12,0.6016,1007.7,0.221,12,complete,0.0901,23217.4
1266,7,72,578,1039.54,72,578,12,0.5606,835.7,0.1452,3,complete,0.0202,23232.3
1267,3,46,1000,430.0,31,,5,0.5073,719.2,0.3552,61,step_limit,0.1358,23254.1
1268,3,58,1000,650.0,44,,8,0.5597,782.1,0.434,50,step_limit,0.0978,23275.5
1269,8,74,554,1085.68,74,554,13,0.6848,985.2,0.1125,4,complete,0.0161,23288.5
1270,5,30,378,431.1,30,378,5,0.4873,644.9,0.0645,7,complete,0.0085,23298.6
1271,5,37,472,496.4,37,472,5,0.4394,662.9,0.1862,15,complete,0.0145,23309.6
1272,4,22,558,287.68,22,558,3,0.5623,784.1,0.2784,10,complete,0.1106,23322.1
1273,3,43,1000,560.0,38,,7,0.526,752.2,0.3353,30,step_limit,0.1059,23345.8
1274,4,66,1000,870.0,58,,11,0.5347,704.3,0.3361,71,step_limit,0.0613,23369.7
1275,8,63,498,860.16,63,498,9,0.6632,863.1,0.0592,1,complete,0.0193,23381.6
1276,3,47,1000,590.0,41,,7,0.4577,788.2,0.262,37,step_limit,0.0842,23405.4
1277,7,30,423,390.39,30,423,4,0.4326,816.3,0.0426,1,complete,0.0595,23415.1
1278,7,62,528,913.04,62,528,11,0.4383,624.5,0.0165,1,complete,0.0084,23429.2
1279,4,28,785,368.6,28,785,4,0.4866,742.0,0.255,26,complete,0.0797,23446.6
1280,6,47,589,644.66,47,589,7,0.4669,711.5,0.1724,4,complete,0.0274,23461.6
1281,5,66,1000,920.0,64,,11,0.5926,985.5,0.4092,59,step_limit,0.0648,23483.5
1282,3,74,1000,820.0,55,,10,0.4223,654.7,0.3387,58,step_limit,0.044,23505.4
1283,4,80,1000,1050.0,70,,13,0.4983,761.4,0.2858,42,step_limit,0.0491,23530.2
1284,7,57,525,773.25,57,525,8,0.6392,838.9,0.1427,3,complete,0.0035,23542.8
1285,3,40,1000,570.0,39,,7,0.5457,772.2,0.3348,60,step_limit,0.1037,23567.0
1286,6,50,995,710.3,50,995,9,0.7072,1046.4,0.2731,14,complete,0.065,23589.3
1287,7,36,416,480.88,36,416,5,0.6123,746.9,0.1111,2,complete,0.011,23601.5
1288,3,32,1000,400.0,28,,5,0.5167,763.4,0.3692,138,step_limit,0.1083,23623.2
1289,4,51,1000,700.0,50,,8,0.5302,748.3,0.2719,28,step_limit,0.0404,23647.4
1290,3,56,1000,610.0,43,,7,0.5593,669.8,0.3695,67,step_limit,0.1193,23671.5
1291,3,33,907,452.79,33,907,5,0.5472,717.2,0.2782,45,complete,0.08,23692.0
1292,5,48,828,678.6,48,828,8,0.658,868.9,0.339,34,complete,0.0524,23712.2
1293,4,27,999,350.04,27,999,4,0.6326,844.1,0.3006,17,complete,0.1591,23736.1
1294,7,72,822,1022.46,72,822,12,0.6877,841.5,0.2082,3,complete,0.0603,23754.9
1295,6,38,516,499.04,38,516,5,0.5149,824.3,0.2096,7,complete,0.0311,23768.0
1296,5,47,585,650.75,47,585,7,0.5706,876.5,0.1403,7,complete,0.0582,23781.3
1297,4,44,635,624.6,44,635,7,0.4421,643.1,0.1632,16,complete,0.0445,23795.7
1298,5,29,519,414.05,29,519,5,0.5291,830.4,0.1408,6,complete,0.0509,23808.8
1299,7,55,465,757.45,55,465,8,0.6516,1049.7,0.1343,2,complete,0.0229,23819.8
1300,6,49,1000,570.0,42,,7,0.7018,897.8,0.5029,23,step_limit,0.0574,23843.4
1301,7,22,204,205.72,22,204,0,0.5273,702.9,0.0757,1,complete,0.0265,23871.7
1302,6,46,503,669.82,46,503,8,0.3194,606.0,0.0413,2,complete,0.0196,23883.4
1303,7,51,568,740.24,51,568,9,0.3617,580.5,0.1064,3,complete,0.0278,23896.5
1304,7,41,410,561.3,41,410,6,0.4101,590.1,0.0855,2,complete,0.0204,23907.4
1305,7,56,683,782.19,56,683,9,0.5775,836.2,0.2718,5,complete,0.0399,23923.2
1306,6,51,734,735.96,51,734,9,0.5802,767.5,0.1796,3,complete,0.0292,23941.5
1307,3,52,1000,520.0,37,,6,0.537,728.5,0.2899,57,step_limit,0.1216,23963.8
1308,6,44,522,588.68,44,522,6,0.5418,812.0,0.1749,7,complete,0.0097,23976.9
1309,7,65,552,911.36,65,552,10,0.5864,765.5,0.2148,3,complete,0.0197,23989.5
1310,5,20,208,189.6,20,208,0,0.625,785.0,0.0988,2,complete,0.0214,23994.4
1311,8,70,659,1007.28,70,659,12,0.7375,1148.9,0.2066,5,complete,0.0266,24011.6
1312,5,38,562,531.9,38,562,6,0.527,701.1,0.2036,9,complete,0.0585,24024.3
1313,3,39,879,573.63,39,879,7,0.347,564.3,0.1646,29,complete,0.0803,24045.1
1314,3,59,1000,810.0,54,,10,0.403,594.8,0.2559,32,step_limit,0.0619,24067.3
1315,7,65,679,902.47,65,679,10,0.6808,961.8,0.2106,5,complete,0.0323,24084.4
1316,8,67,507,959.44,67,507,11,0.5353,814.5,0.1375,2,complete,0.0162,24096.0
1317,4,73,1000,970.0,65,,12,0.5302,816.7,0.3146,43,step_limit,0.0659,24120.8
1318,5,24,535,333.25,24,535,4,0.5634,794.6,0.1622,9,complete,0.0481,24132.4
1319,5,31,520,404.0,31,520,4,0.5996,839.0,0.2065,9,complete,0.0517,24145.7
1320,7,47,464,647.52,47,464,7,0.4298,770.9,0.074,1,complete,0.029,24156.0
1321,5,75,755,1102.25,75,755,13,0.5282,674.2,0.1519,13,complete,0.0376,24173.4
1322,5,49,672,696.4,49,672,8,0.5676,854.9,0.2412,8,complete,0.025,24190.2
1323,6,75,874,1087.56,75,874,13,0.6564,919.9,0.2023,4,complete,0.0367,24212.1
1324,3,46,1000,650.0,44,,8,0.498,779.6,0.2855,47,step_limit,0.1395,24234.4
1325,3,59,1000,770.0,53,,9,0.4557,757.6,0.2685,39,step_limit,0.0842,24258.8
1326,3,44,1000,540.0,39,,6,0.518,791.6,0.3707,48,step_limit,0.0637,24283.2
1327,6,32,369,417.86,32,369,4,0.3107,619.1,0.0499,1,complete,0.0139,24291.5
1328,8,45,429,595.68,45,429,6,0.7037,995.7,0.1395,3,complete,0.0329,24301.3
1329,5,41,634,558.3,41,634,6,0.6618,928.0,0.2919,17,complete,0.0845,24317.8
1330,6,65,920,954.8,65,920,12,0.6183,986.4,0.2108,7,complete,0.0759,24338.6
1331,8,74,528,1057.76,74,528,12,0.6816,1027.5,0.1313,5,complete,0.0245,24351.3
1332,3,35,837,474.89,35,837,5,0.3505,621.6,0.192,39,complete,0.0721,24365.8
1333,3,77,1000,800.0,53,,10,0.463,695.8,0.3709,78,step_limit,0.1023,24388.7
1334,4,64,1000,920.0,63,,11,0.567,795.4,0.313,39,step_limit,0.0773,24411.4
1335,7,58,503,814.79,58,503,9,0.6688,933.5,0.1464,3,complete,0.0183,24424.5
1336,4,56,1000,800.0,54,,10,0.582,979.1,0.2744,20,step_limit,0.0495,24444.7
1337,6,58,756,774.64,58,756,8,0.7176,1073.9,0.3179,11,complete,0.0698,24463.4
1338,8,52,427,695.84,52,427,7,0.6022,807.1,0.1506,3,complete,0.0091,24473.6
1339,5,66,745,952.75,66,745,11,0.451,715.8,0.1501,12,complete,0.0463,24492.6
1340,6,72,775,1033.5,72,775,12,0.5045,809.8,0.2239,9,complete,0.0413,24510.5
1341,6,37,398,496.12,37,398,5,0.6771,982.7,0.1481,7,complete,0.0272,24520.8
1342,7,72,708,1030.44,72,708,12,0.4621,599.7,0.1379,5,complete,0.02,24537.2
1343,3,73,1000,840.0,57,,10,0.445,747.8,0.2789,39,step_limit,0.0809,24561.4
1344,6,34,475,491.5,34,475,6,0.6814,1012.8,0.1813,4,complete,0.0819,24572.3
1345,8,41,477,521.84,41,477,5,0.3884,666.2,0.0912,1,complete,0.0127,24583.2
1346,7,33,423,450.39,33,423,5,0.5741,769.9,0.1347,8,complete,0.0467,24594.4
1347,3,42,1000,570.0,39,,7,0.4793,743.0,0.2777,34,step_limit,0.0807,24617.1
1348,3,65,1000,800.0,53,,10,0.3687,560.1,0.3675,100,step_limit,0.066,24641.4
1349,3,21,450,286.5,21,450,3,0.42,616.2,0.1411,20,complete,0.0714,24651.6
1350,8,56,437,765.04,56,437,8,0.4831,755.5,0.1267,2,complete,0.0139,24663.4
