episode,steps,reward,delivered,completion_rate,makespan,idle_drones,deliv_min,deliv_max,deliv_std,reloads,blocked,hop2plus,max_reach,t_last_deliv,comm_loss,alpha,loss_critic,loss_actor,env_steps,wall_sec
1,1000,40.1139,9,0.18,,1,0,5,1.9203,0,45,0.2028,590.7,844,0,0.1,nan,nan,1000,2.3
2,1000,46.8253,9,0.18,,1,0,5,1.9203,0,55,0.2863,794.6,805,0,0.1,nan,nan,2000,4.4
3,1000,17.1256,8,0.16,,2,0,5,2.1213,0,12,0.2823,649.3,906,0,0.1,nan,nan,3000,6.7
4,1000,40.293,10,0.2,,1,0,5,2.0616,0,354,0.2953,892.7,867,0,0.1,nan,nan,4000,9.0
5,1000,65.808,10,0.2,,1,0,5,2.0616,0,131,0.2818,661.4,841,0,0.1,nan,nan,5000,11.5
6,1000,-51.1747,0,0.0,,4,0,0,0.0,0,4,0.0895,514.1,0,0,0.08683,2.739403,-1.708826,6000,24.9
7,1000,78.5368,11,0.22,,1,0,4,1.6394,0,58,0.1842,706.6,963,0,0.079676,1.581777,-3.053472,7000,38.6
8,1000,126.0213,16,0.32,,0,2,5,1.2247,0,175,0.378,797.4,984,0,0.076764,1.709458,-5.238647,8000,52.2
9,1000,101.5316,12,0.24,,0,1,5,1.4142,0,189,0.3262,802.7,983,0,0.075841,0.497396,-5.915875,9000,66.3
10,1000,192.0837,20,0.4,,0,5,5,0.0,0,157,0.461,807.3,767,0,0.074113,1.576956,-6.416368,10000,80.2
11,1000,119.1576,15,0.3,,0,3,5,0.8292,0,887,0.5445,994.9,979,0,0.071084,2.365152,-7.252272,11000,93.6
12,1000,149.154,17,0.34,,0,3,5,0.8292,0,301,0.5025,960.4,833,0,0.06783,1.579036,-8.50626,12000,107.5
13,1000,159.8967,20,0.4,,0,5,5,0.0,0,573,0.4843,821.6,504,0,0.067441,3.020556,-8.461618,13000,121.3
14,1000,137.3852,17,0.34,,0,3,5,0.8292,0,550,0.5138,1040.2,608,0,0.067929,1.892266,-8.647534,14000,135.0
15,1000,129.7746,17,0.34,,0,2,5,1.299,0,464,0.5693,768.4,710,0,0.065876,3.288239,-8.790735,15000,148.2
16,1000,138.5306,17,0.34,,0,2,5,1.299,0,974,0.5837,951.4,743,0,0.060943,2.043705,-8.36587,16000,162.1
17,1000,110.3345,15,0.3,,0,1,5,1.6394,0,580,0.5653,1067.4,968,0,0.058793,5.120001,-9.728133,17000,175.6
18,1000,58.4028,10,0.2,,0,1,4,1.118,0,2032,0.4385,884.0,868,0,0.059135,3.11162,-9.584981,18000,189.3
19,1000,141.7873,16,0.32,,0,1,5,1.7321,0,263,0.331,800.0,961,0,0.058867,2.074735,-8.963741,19000,202.6
20,1000,38.5494,7,0.14,,2,0,5,2.0463,0,938,0.4512,624.1,828,0,0.058618,2.369454,-8.89305,20000,216.3
21,1000,112.3687,14,0.28,,0,2,5,1.118,0,1052,0.3663,1073.5,894,0,0.059123,7.193434,-8.853409,21000,230.1
22,1000,75.6553,11,0.22,,0,1,5,1.479,0,1047,0.434,1073.5,659,0,0.059543,4.799611,-9.649739,22000,244.0
23,1000,95.7574,13,0.26,,0,2,4,0.8292,0,1251,0.345,776.1,997,0,0.058723,3.081188,-9.985952,23000,257.5
24,1000,129.1302,16,0.32,,0,2,5,1.2247,0,773,0.3827,1034.2,968,0,0.05846,3.47304,-10.022617,24000,270.6
25,1000,122.3035,16,0.32,,0,3,5,1.0,0,1242,0.596,743.5,976,0,0.057379,2.431749,-10.538301,25000,284.0
26,1000,150.3473,18,0.36,,0,4,5,0.5,0,326,0.3905,1040.8,593,0,0.059907,5.891843,-10.850882,26000,297.4
27,1000,88.4836,12,0.24,,1,0,5,1.8708,0,669,0.4903,847.4,831,0,0.05965,4.35919,-10.870198,27000,311.1
28,1000,115.8348,14,0.28,,0,1,5,1.6583,0,279,0.3907,990.8,739,0,0.057457,2.909651,-11.883142,28000,325.5
29,1000,161.0113,19,0.38,,0,4,5,0.433,0,830,0.5793,1073.5,888,0,0.057228,3.210427,-11.450375,29000,338.8
30,1000,129.2934,15,0.3,,0,2,5,1.299,0,408,0.3255,916.4,974,0,0.063269,3.716316,-11.443083,30000,352.6
31,1000,134.6293,16,0.32,,0,2,5,1.2247,0,1075,0.3698,692.7,473,0,0.062059,4.837148,-13.96794,31000,366.8
32,1000,142.9045,17,0.34,,0,2,5,1.299,0,471,0.52,1018.2,882,0,0.056955,3.041291,-11.774311,32000,380.7
33,1000,123.3867,15,0.3,,0,3,5,0.8292,0,367,0.239,760.5,988,0,0.054217,6.741705,-14.045612,33000,395.1
34,1000,125.762,15,0.3,,0,2,5,1.299,0,1053,0.388,945.2,392,0,0.05402,3.696292,-13.399824,34000,408.9
35,1000,68.6751,12,0.24,,0,1,5,1.5811,0,1795,0.6118,902.3,868,0,0.053482,4.508873,-13.363916,35000,422.4
36,1000,153.3931,18,0.36,,0,3,5,0.866,0,406,0.4365,962.2,726,0,0.053848,2.905879,-14.881172,36000,435.5
37,1000,125.5168,15,0.3,,0,2,5,1.299,0,442,0.5383,1016.3,870,0,0.052513,4.668297,-14.366829,37000,448.8
38,1000,142.2047,13,0.26,,0,1,5,1.7854,1,545,0.3797,841.9,488,0,0.049893,6.313028,-14.145973,38000,462.2
39,1000,191.4117,18,0.36,,0,2,9,2.6926,1,465,0.4047,812.2,855,0,0.048856,4.769436,-14.326447,39000,476.5
40,1000,138.5301,17,0.34,,0,3,5,0.8292,0,570,0.439,974.7,693,0,0.048955,2.66225,-14.540529,40000,490.0
41,1000,148.4149,17,0.34,,0,3,5,0.8292,0,199,0.5,978.1,425,0,0.047598,4.307922,-15.420338,41000,503.8
42,1000,106.3431,14,0.28,,0,1,5,1.6583,0,332,0.3782,877.2,729,0,0.047696,3.50011,-14.966497,42000,517.5
43,1000,136.7622,16,0.32,,0,2,5,1.2247,0,160,0.3892,895.6,389,0,0.047499,1.938391,-15.102812,43000,531.6
44,1000,155.1362,17,0.34,,0,3,5,0.8292,0,409,0.4055,830.9,595,0,0.047194,1.632417,-13.272192,44000,545.1
45,1000,165.4129,19,0.38,,0,4,5,0.433,0,390,0.5583,1073.5,684,0,0.047269,3.738578,-15.98636,45000,559.6
46,1000,134.4019,16,0.32,,0,3,5,1.0,0,309,0.5855,858.6,968,0,0.048639,1.742517,-14.300867,46000,574.1
47,1000,133.4512,15,0.3,,1,0,5,2.1651,0,345,0.4055,767.7,674,0,0.050132,2.330062,-15.728633,47000,588.1
48,1000,120.3286,15,0.3,,0,2,5,1.299,0,742,0.519,988.2,654,0,0.048982,4.123262,-17.127773,48000,601.9
49,1000,149.5503,17,0.34,,0,2,5,1.299,0,391,0.4243,1073.5,977,0,0.04924,5.969873,-16.931335,49000,615.0
50,1000,51.0828,8,0.16,,1,0,4,1.4142,0,1219,0.452,1021.1,348,0,0.049689,3.571694,-17.372177,50000,627.2
51,1000,160.2828,19,0.38,,0,4,5,0.433,0,202,0.5757,958.3,974,0,0.050721,2.675257,-19.360048,51000,655.6
52,1000,82.2503,12,0.24,,1,0,5,1.8708,0,1511,0.4713,1029.1,371,0,0.051414,2.082744,-19.360882,52000,669.6
53,1000,113.3622,14,0.28,,0,1,5,1.6583,0,290,0.2812,749.2,827,0,0.050697,1.601612,-17.428823,53000,683.1
54,1000,123.8876,15,0.3,,0,1,5,1.6394,0,819,0.4632,992.6,389,0,0.049099,1.367573,-18.363762,54000,696.6
55,1000,98.0432,12,0.24,,0,1,5,1.5811,0,261,0.454,984.2,731,0,0.049541,5.19677,-19.367359,55000,709.9
56,1000,46.4561,9,0.18,,1,0,5,1.9203,0,1471,0.428,924.3,534,0,0.048813,2.263956,-17.919302,56000,723.4
57,1000,141.876,18,0.36,,0,3,5,0.866,0,357,0.5723,1035.1,675,0,0.04873,2.21573,-20.23695,57000,736.9
58,1000,127.9662,16,0.32,,0,3,5,1.0,0,654,0.4338,1073.5,962,0,0.047204,2.126535,-18.121933,58000,750.4
59,1000,139.3993,18,0.36,,0,3,5,0.866,0,277,0.4385,827.8,529,0,0.046237,1.435856,-20.680065,59000,763.9
60,1000,116.1385,16,0.32,,0,1,5,1.7321,0,928,0.5803,1007.3,747,0,0.047066,2.39078,-19.677076,60000,777.1
61,1000,101.4638,13,0.26,,0,1,5,1.479,0,478,0.4735,1073.5,525,0,0.045977,9.763969,-20.378777,61000,790.3
62,1000,58.8514,9,0.18,,1,0,4,1.7854,0,1052,0.389,1073.5,938,0,0.046204,6.786469,-20.159775,62000,803.5
63,1000,131.6231,16,0.32,,0,1,5,1.7321,0,489,0.3653,1041.4,431,0,0.045848,2.091677,-18.720354,63000,816.8
64,1000,137.8071,16,0.32,,0,1,5,1.7321,0,266,0.4213,1025.5,904,0,0.045042,3.541016,-20.10894,64000,829.8
65,1000,118.6089,15,0.3,,1,0,5,2.1651,0,1140,0.4512,1073.5,953,0,0.042853,4.483481,-20.787258,65000,842.9
66,1000,139.5682,16,0.32,,0,1,5,1.7321,0,337,0.4682,1068.3,949,0,0.043134,1.808938,-20.427135,66000,856.7
67,1000,116.3178,15,0.3,,0,2,5,1.299,0,9,0.2485,738.7,757,0,0.042333,2.158698,-20.251202,67000,870.4
68,1000,134.0123,17,0.34,,0,3,5,0.8292,0,409,0.248,796.8,657,0,0.041042,6.310695,-19.59758,68000,884.7
69,1000,113.9027,15,0.3,,1,0,5,2.1651,0,269,0.3187,998.0,517,0,0.0407,3.428033,-20.384731,69000,898.8
70,1000,105.58,14,0.28,,1,0,5,2.0616,0,402,0.216,675.1,820,0,0.042627,3.013061,-21.348076,70000,912.4
71,1000,102.8827,15,0.3,,0,1,5,1.6394,0,275,0.2205,677.5,873,0,0.041349,4.720269,-20.894848,71000,926.1
72,1000,82.0768,13,0.26,,0,1,5,1.7854,0,1401,0.315,767.1,970,0,0.041156,1.437845,-19.175247,72000,940.0
73,1000,116.0876,15,0.3,,0,2,5,1.299,0,1231,0.3345,976.8,855,0,0.04124,2.767895,-20.77018,73000,953.9
74,1000,96.0218,13,0.26,,0,2,5,1.0897,0,88,0.1082,732.3,805,0,0.041044,2.714661,-17.85153,74000,968.0
75,1000,113.4006,15,0.3,,0,1,5,1.6394,0,810,0.3755,995.8,467,0,0.040717,7.239895,-21.321518,75000,982.6
76,1000,149.2326,18,0.36,,0,3,5,0.866,0,378,0.355,782.5,903,0,0.041,3.52632,-20.633163,76000,996.3
77,1000,137.0923,16,0.32,,0,1,5,1.7321,0,153,0.4185,960.3,784,0,0.040373,1.555832,-19.924723,77000,1010.0
78,1000,77.7369,11,0.22,,0,2,5,1.299,0,916,0.2555,964.1,849,0,0.039051,1.631465,-20.746826,78000,1023.9
79,1000,47.4065,12,0.24,,0,1,5,2.0,0,1064,0.4963,827.1,320,0,0.03874,1.845136,-20.213026,79000,1037.3
80,1000,117.8854,15,0.3,,0,2,5,1.0897,0,345,0.283,864.3,830,0,0.038383,5.130713,-20.48667,80000,1050.8
81,1000,113.7908,13,0.26,,0,1,5,1.7854,0,98,0.2082,726.6,314,0,0.03873,7.599092,-20.447628,81000,1064.1
82,1000,121.8129,15,0.3,,1,0,5,2.1651,0,550,0.4445,896.1,738,0,0.037968,3.328911,-20.798347,82000,1077.7
83,1000,133.8369,15,0.3,,1,0,5,2.1651,0,527,0.3498,732.3,743,0,0.036882,3.926037,-20.07769,83000,1091.3
84,1000,92.085,12,0.24,,0,1,5,1.5811,0,1374,0.2662,919.9,442,0,0.03673,8.06407,-21.128386,84000,1104.8
85,1000,133.0083,16,0.32,,0,1,5,1.7321,0,603,0.5242,977.8,660,0,0.035585,7.230758,-21.773979,85000,1118.6
86,1000,141.3365,16,0.32,,0,1,5,1.7321,0,626,0.3073,968.3,613,0,0.035813,4.515935,-21.480045,86000,1132.7
87,1000,149.9653,17,0.34,,0,2,5,1.299,0,444,0.3698,1034.0,879,0,0.035759,2.125226,-18.928379,87000,1146.5
88,1000,126.5744,15,0.3,,0,3,5,0.8292,0,732,0.452,1052.5,871,0,0.036293,1.741904,-19.500071,88000,1160.2
89,1000,116.7921,14,0.28,,0,1,5,1.6583,0,337,0.3638,1073.5,870,0,0.036073,2.636233,-20.160675,89000,1173.8
90,1000,113.8819,14,0.28,,0,2,5,1.5,0,466,0.4318,853.3,946,0,0.035873,4.052291,-22.228258,90000,1187.1
91,1000,121.4007,15,0.3,,0,1,5,1.6394,0,245,0.335,802.6,403,0,0.035335,1.307919,-20.751492,91000,1200.5
92,1000,156.7879,18,0.36,,0,3,5,0.866,0,143,0.4642,729.7,822,0,0.034805,1.83867,-20.331657,92000,1213.8
93,1000,129.8645,16,0.32,,0,1,5,1.7321,0,473,0.5583,971.1,968,0,0.035609,7.838931,-23.106647,93000,1226.8
94,1000,81.378,12,0.24,,1,0,5,2.1213,0,302,0.158,609.0,460,0,0.034649,2.671898,-20.769047,94000,1239.9
95,1000,127.557,15,0.3,,1,0,5,2.1651,0,348,0.4788,896.6,889,0,0.033315,2.365978,-21.507544,95000,1253.1
96,1000,97.7844,12,0.24,,1,0,5,2.1213,0,181,0.504,941.2,341,0,0.033304,4.388666,-21.067295,96000,1266.4
97,1000,148.1008,16,0.32,,0,1,5,1.7321,0,269,0.2597,714.4,749,0,0.03323,12.995924,-20.235094,97000,1279.6
98,1000,104.9447,15,0.3,,0,1,5,1.6394,0,729,0.3792,888.2,480,0,0.033003,1.920676,-19.928486,98000,1293.5
99,1000,91.7291,12,0.24,,1,0,5,2.1213,0,1029,0.2838,952.0,353,0,0.032685,3.361881,-21.956039,99000,1306.5
100,1000,63.6684,9,0.18,,0,1,4,1.299,0,800,0.3247,950.8,965,0,0.033656,7.699724,-24.390429,100000,1320.3
101,1000,137.3696,14,0.28,,1,0,5,2.0616,0,53,0.242,886.2,621,0,0.033788,25.392834,-23.962822,101000,1348.5
102,1000,134.2575,16,0.32,,0,1,5,1.7321,0,559,0.4915,904.6,968,0,0.033696,3.219926,-23.114931,102000,1361.6
103,1000,126.1525,14,0.28,,1,0,5,2.0616,0,202,0.5585,1053.2,578,0,0.033377,6.909035,-24.053898,103000,1374.9
104,1000,130.3708,15,0.3,,0,1,5,1.6394,0,959,0.3565,948.3,720,0,0.032681,2.826512,-22.350861,104000,1388.6
105,1000,61.6697,8,0.16,,1,0,5,1.8708,0,288,0.2355,966.6,587,0,0.032105,1.733616,-23.749508,105000,1402.3
106,1000,179.6408,19,0.38,,0,4,5,0.433,0,408,0.4057,811.5,891,0,0.031588,4.841009,-19.805616,106000,1415.5
107,1000,94.3802,13,0.26,,0,1,5,1.7854,0,981,0.393,996.4,571,0,0.03157,1.638287,-23.734585,107000,1429.2
108,1000,109.7,13,0.26,,1,0,5,2.0463,0,465,0.5238,922.9,979,0,0.031452,1.637251,-23.165222,108000,1443.0
109,1000,74.5764,10,0.2,,1,0,5,2.0616,0,593,0.3735,981.5,982,0,0.031374,7.23781,-23.396637,109000,1456.8
110,1000,107.9903,13,0.26,,1,0,5,2.0463,0,118,0.328,1073.5,962,0,0.03136,1.831484,-23.06073,110000,1470.5
111,1000,147.4428,17,0.34,,0,3,5,0.8292,0,238,0.5972,1048.4,717,0,0.030911,5.338054,-23.315102,111000,1484.2
112,1000,90.8762,12,0.24,,1,0,5,1.8708,0,937,0.26,934.7,952,0,0.031355,14.669223,-23.17635,112000,1498.0
113,1000,111.0475,14,0.28,,0,3,5,0.866,0,541,0.3925,972.3,594,0,0.031198,1.131863,-23.089336,113000,1512.1
114,1000,61.9627,9,0.18,,1,0,5,1.7854,0,419,0.2557,979.6,744,0,0.031146,2.701434,-23.313309,114000,1526.1
115,1000,132.4079,16,0.32,,0,1,5,1.7321,0,133,0.194,738.9,854,0,0.030624,1.796689,-19.803001,115000,1540.0
116,1000,101.8422,12,0.24,,0,1,5,1.4142,0,206,0.3132,978.4,510,0,0.030868,5.338863,-20.739685,116000,1553.4
117,1000,59.9499,8,0.16,,1,0,5,1.8708,0,27,0.4412,810.8,521,0,0.031439,4.35043,-24.67535,117000,1567.3
118,1000,101.5566,12,0.24,,0,2,4,0.7071,0,297,0.4338,1046.1,895,0,0.031593,2.392196,-22.428215,118000,1581.2
119,1000,146.6123,16,0.32,,0,1,5,1.7321,0,136,0.3083,801.9,633,0,0.031741,1.613685,-23.050789,119000,1594.8
120,1000,128.8656,15,0.3,,0,2,5,1.0897,0,567,0.3802,999.5,818,0,0.031925,5.660203,-19.894871,120000,1608.3
121,1000,9.068,4,0.08,,1,0,2,0.7071,0,517,0.3013,844.2,732,0,0.031462,1.159702,-25.188202,121000,1621.8
122,1000,71.7756,11,0.22,,1,0,5,1.9203,0,998,0.2672,1000.9,931,0,0.031892,3.284678,-22.828484,122000,1635.3
123,1000,100.8491,12,0.24,,1,0,5,2.1213,0,17,0.2427,782.7,613,0,0.031815,2.0155,-23.347729,123000,1648.7
124,1000,130.8273,15,0.3,,0,1,5,1.6394,0,114,0.1338,769.0,924,0,0.031235,2.05232,-23.518433,124000,1662.2
125,1000,109.6006,13,0.26,,0,2,4,0.8292,0,530,0.373,1069.0,992,0,0.031154,6.803593,-23.470596,125000,1675.6
126,1000,53.1753,9,0.18,,1,0,3,1.299,0,976,0.3885,964.9,967,0,0.031037,4.143205,-23.530266,126000,1689.8
127,1000,102.3622,13,0.26,,1,0,5,2.0463,0,684,0.2617,910.4,406,0,0.030725,3.612145,-22.545567,127000,1703.6
128,1000,106.7411,13,0.26,,0,1,5,1.7854,0,210,0.2005,684.5,931,0,0.030166,3.434462,-21.801455,128000,1717.3
129,1000,144.751,17,0.34,,0,2,5,1.299,0,304,0.516,878.0,903,0,0.029924,1.843223,-24.971216,129000,1731.0
130,1000,91.5598,11,0.22,,1,0,5,2.2776,0,420,0.242,928.7,610,0,0.029179,1.675257,-23.260139,130000,1744.7
131,1000,100.397,12,0.24,,1,0,5,2.1213,0,88,0.3895,993.0,750,0,0.029122,1.691498,-23.462973,131000,1758.1
132,1000,99.3255,12,0.24,,1,0,5,1.8708,0,189,0.234,748.5,881,0,0.028979,1.298904,-23.126997,132000,1771.7
133,1000,107.6433,12,0.24,,1,0,5,1.8708,0,234,0.3132,988.4,937,0,0.028804,2.11994,-22.765659,133000,1785.6
134,1000,42.6678,6,0.12,,1,0,3,1.118,0,299,0.3703,856.2,450,0,0.029635,4.45238,-23.7871,134000,1799.1
135,1000,110.4972,14,0.28,,1,0,5,2.0616,0,756,0.3048,951.1,865,0,0.029374,1.461653,-26.662971,135000,1813.2
136,1000,51.994,8,0.16,,0,1,5,1.7321,0,483,0.214,713.6,761,0,0.029732,2.839916,-23.873066,136000,1826.9
137,1000,75.2272,11,0.22,,1,0,5,1.9203,0,501,0.0685,521.6,857,0,0.029923,9.282156,-24.981503,137000,1840.4
138,1000,100.5857,12,0.24,,1,0,5,2.1213,0,75,0.1042,645.8,757,0,0.029778,2.470986,-22.276154,138000,1854.1
139,1000,61.7484,10,0.2,,0,1,4,1.118,0,766,0.2375,878.6,745,0,0.029354,1.148903,-22.806816,139000,1867.5
140,1000,98.2569,12,0.24,,1,0,5,2.1213,0,276,0.2065,760.3,991,0,0.028894,2.363464,-25.265358,140000,1880.7
141,1000,117.6282,14,0.28,,0,1,5,1.5,0,230,0.2532,765.2,1000,0,0.029067,1.291787,-23.167248,141000,1894.5
142,1000,102.7176,12,0.24,,1,0,5,2.1213,0,231,0.386,881.5,602,0,0.02846,4.871024,-23.069653,142000,1908.2
143,1000,71.9365,10,0.2,,1,0,5,2.0616,0,610,0.2037,668.1,205,0,0.028412,1.354756,-21.966591,143000,1921.5
144,1000,88.4988,12,0.24,,1,0,5,1.8708,0,287,0.2385,923.1,970,0,0.028705,1.322299,-23.962578,144000,1934.7
145,1000,100.4337,12,0.24,,1,0,5,2.1213,0,732,0.308,817.8,998,0,0.028426,1.516008,-24.078358,145000,1948.3
146,1000,46.2775,7,0.14,,2,0,5,2.0463,0,267,0.2667,716.0,767,0,0.028115,1.62328,-23.856461,146000,1961.5
147,1000,66.134,9,0.18,,1,0,5,1.9203,0,457,0.2865,751.0,888,0,0.027882,1.647038,-23.668438,147000,1975.0
148,1000,70.1195,10,0.2,,1,0,4,1.6583,0,1540,0.3877,812.9,821,0,0.027507,1.066972,-22.815792,148000,1988.2
149,1000,79.7034,10,0.2,,1,0,5,2.0616,0,255,0.338,856.9,473,0,0.027076,1.047357,-22.953249,149000,2001.4
150,1000,84.3792,11,0.22,,0,1,5,1.479,0,187,0.3155,1051.4,579,0,0.027728,3.634351,-24.800575,150000,2014.2
151,1000,88.3059,12,0.24,,0,1,5,2.0,0,1297,0.4963,850.1,878,0,0.027335,2.64909,-23.9342,151000,2042.8
152,1000,77.1602,10,0.2,,1,0,5,2.0616,0,737,0.2752,778.1,912,0,0.026948,2.337812,-24.879238,152000,2056.7
153,1000,90.8883,13,0.26,,0,1,5,1.7854,0,440,0.279,921.6,957,0,0.026773,6.782936,-24.436214,153000,2070.8
154,1000,103.1202,12,0.24,,1,0,5,1.8708,0,252,0.3593,941.5,629,0,0.026413,1.694082,-25.724981,154000,2084.4
155,1000,42.6019,7,0.14,,1,0,5,1.9203,0,302,0.2283,928.9,520,0,0.025728,1.517303,-26.247467,155000,2097.8
156,1000,72.6205,11,0.22,,0,2,3,0.433,0,786,0.225,763.5,687,0,0.025734,1.508122,-25.227161,156000,2111.4
157,1000,100.4455,12,0.24,,0,1,5,2.0,0,630,0.3088,804.3,865,0,0.02569,1.917013,-24.231955,157000,2125.0
158,1000,95.3988,11,0.22,,0,1,5,1.479,0,211,0.3827,888.2,964,0,0.025262,1.276643,-26.1614,158000,2138.6
159,1000,57.4563,9,0.18,,1,0,5,1.7854,0,1249,0.2562,789.0,868,0,0.024839,2.173188,-25.400959,159000,2152.3
160,1000,6.3466,5,0.1,,1,0,2,0.8292,0,1905,0.3945,781.7,464,0,0.024771,1.367835,-23.769924,160000,2166.2
161,1000,123.012,15,0.3,,1,0,5,2.1651,0,170,0.3157,885.9,594,0,0.02468,1.147271,-23.810692,161000,2180.3
162,1000,108.2605,13,0.26,,0,2,5,1.0897,0,518,0.3937,950.6,937,0,0.024287,1.611238,-22.890545,162000,2195.1
163,1000,71.3029,10,0.2,,1,0,4,1.5,0,905,0.375,800.7,620,0,0.024192,1.195403,-23.284752,163000,2209.6
164,1000,52.5624,7,0.14,,2,0,5,2.0463,0,496,0.3187,663.6,588,0,0.024101,1.029717,-23.63586,164000,2222.8
165,1000,110.8775,13,0.26,,1,0,5,2.0463,0,348,0.2983,935.2,802,0,0.023711,1.203288,-23.72369,165000,2236.5
166,1000,103.5585,13,0.26,,1,0,5,2.0463,0,280,0.4198,976.2,749,0,0.023316,1.7276,-24.824539,166000,2249.7
167,1000,76.4324,11,0.22,,0,2,3,0.433,0,1098,0.4168,911.3,968,0,0.023492,1.913504,-23.04146,167000,2263.1
168,1000,217.9864,19,0.38,,1,0,10,3.562,1,119,0.1765,866.7,825,0,0.023427,1.337286,-22.849003,168000,2277.5
169,1000,104.5453,12,0.24,,0,1,5,2.0,0,236,0.3135,729.7,911,0,0.023755,5.724204,-23.820715,169000,2291.2
170,1000,108.6048,12,0.24,,0,1,5,1.5811,0,134,0.282,849.9,733,0,0.0235,1.30125,-24.528912,170000,2304.4
171,1000,59.8733,9,0.18,,1,0,5,1.9203,0,5,0.0725,724.5,915,0,0.023739,1.815508,-23.296238,171000,2317.8
172,1000,57.2023,9,0.18,,2,0,5,2.2776,0,317,0.3043,862.0,707,0,0.023343,4.857549,-23.976021,172000,2331.8
173,1000,85.0602,11,0.22,,1,0,5,1.9203,0,22,0.1867,900.0,521,0,0.022928,4.046927,-23.21073,173000,2346.0
174,1000,94.0903,12,0.24,,1,0,5,2.1213,0,387,0.4637,1073.5,837,0,0.023183,1.566768,-23.635052,174000,2360.5
175,1000,124.4932,14,0.28,,1,0,5,2.0616,0,85,0.3332,875.1,896,0,0.022841,3.555982,-22.920029,175000,2374.4
176,1000,74.8355,11,0.22,,1,0,5,2.2776,0,369,0.2825,884.1,909,0,0.022444,1.268908,-23.061262,176000,2388.1
177,1000,82.4543,10,0.2,,1,0,5,2.0616,0,180,0.3605,793.2,654,0,0.02289,1.443132,-23.990707,177000,2401.8
178,1000,92.0397,12,0.24,,1,0,5,1.8708,0,355,0.3292,1055.1,402,0,0.023065,1.046795,-23.130102,178000,2415.3
179,1000,78.0063,11,0.22,,1,0,5,1.9203,0,4,0.177,686.4,537,0,0.022994,0.956843,-23.206154,179000,2429.4
180,1000,132.9202,15,0.3,,0,1,5,1.6394,0,67,0.2157,699.3,939,0,0.023232,0.861633,-21.954834,180000,2442.8
181,1000,110.799,13,0.26,,0,1,5,1.479,0,217,0.2325,793.4,969,0,0.023363,0.576739,-22.817352,181000,2456.3
182,1000,86.7827,10,0.2,,2,0,5,2.5,0,40,0.2288,796.1,354,0,0.023863,1.045164,-24.706436,182000,2469.6
183,1000,84.149,11,0.22,,0,1,5,1.479,0,171,0.2422,809.4,698,0,0.023123,1.346943,-23.512312,183000,2483.4
184,1000,133.2724,15,0.3,,1,0,5,2.1651,0,164,0.344,884.6,773,0,0.022541,1.183238,-20.885883,184000,2496.8
185,1000,97.355,12,0.24,,1,0,5,1.8708,0,311,0.2675,982.8,925,0,0.022478,1.041491,-22.998795,185000,2510.6
186,1000,130.0756,12,0.24,,1,0,5,1.8708,1,378,0.3063,786.0,1000,0,0.022302,3.659114,-21.125526,186000,2524.5
187,1000,76.895,10,0.2,,0,1,5,1.5,0,433,0.1683,797.2,995,0,0.021746,0.894718,-22.03867,187000,2538.3
188,1000,130.4157,15,0.3,,1,0,5,2.1651,0,615,0.3718,895.9,648,0,0.021801,0.938713,-23.595613,188000,2552.2
189,1000,67.1806,8,0.16,,2,0,5,2.1213,0,0,0.3508,771.9,310,0,0.021949,1.056397,-20.518154,189000,2565.7
190,1000,86.6676,11,0.22,,1,0,5,2.2776,0,350,0.4133,904.4,905,0,0.022203,1.447096,-20.659674,190000,2579.5
191,1000,136.6921,15,0.3,,0,1,5,1.6394,0,177,0.1968,668.1,995,0,0.022042,1.229685,-22.677151,191000,2592.7
192,1000,76.6748,11,0.22,,1,0,5,2.2776,0,362,0.3397,997.0,752,0,0.021891,1.059952,-21.867886,192000,2606.1
193,1000,86.9583,10,0.2,,0,1,4,1.118,0,52,0.3835,795.9,915,0,0.0217,2.49402,-22.181189,193000,2620.0
194,1000,101.0331,12,0.24,,1,0,5,1.8708,0,198,0.2145,807.9,1000,0,0.021341,1.242207,-20.738991,194000,2633.4
195,1000,59.5469,8,0.16,,2,0,5,2.1213,0,189,0.2258,795.1,671,0,0.021417,0.886288,-23.112999,195000,2646.5
196,1000,112.6685,14,0.28,,0,1,5,1.6583,0,450,0.493,850.8,928,0,0.021818,1.474384,-21.76911,196000,2659.0
197,1000,97.9727,13,0.26,,0,1,5,1.7854,0,388,0.3162,1073.5,864,0,0.022112,1.830048,-21.804853,197000,2672.6
198,1000,76.2313,10,0.2,,0,1,5,1.5,0,15,0.0698,648.1,984,0,0.022111,0.832732,-20.950455,198000,2686.4
199,1000,61.4381,8,0.16,,1,0,5,1.8708,0,252,0.3325,953.5,522,0,0.021791,0.939258,-21.645918,199000,2700.3
200,1000,54.0054,8,0.16,,1,0,5,1.8708,0,169,0.3595,959.3,569,0,0.021849,1.547703,-20.837017,200000,2712.8
201,1000,117.7573,13,0.26,,1,0,5,1.9203,0,252,0.23,766.2,531,0,0.021428,1.053606,-20.288548,201000,2741.0
202,1000,63.8519,10,0.2,,0,1,4,1.118,0,309,0.1013,569.4,685,0,0.021053,0.933987,-21.726944,202000,2754.4
203,1000,93.9967,12,0.24,,1,0,5,2.1213,0,229,0.1482,891.6,989,0,0.021141,0.743142,-21.559494,203000,2767.9
204,1000,96.2592,11,0.22,,1,0,5,1.9203,0,92,0.3608,793.1,916,0,0.020504,1.141215,-20.463139,204000,2781.3
205,1000,94.1819,12,0.24,,0,1,5,1.4142,0,0,0.192,743.8,997,0,0.020307,1.38653,-20.255177,205000,2794.7
206,1000,69.4498,12,0.24,,0,1,4,1.2247,0,0,0.0788,668.2,925,0,0.020356,0.751352,-20.808701,206000,2809.2
207,1000,-22.0577,5,0.1,,2,0,4,1.6394,0,29,0.1777,530.8,289,0,0.019982,4.776063,-20.145679,207000,2823.0
208,1000,71.3625,10,0.2,,1,0,5,2.0616,0,40,0.214,609.8,996,0,0.019587,0.709578,-20.712099,208000,2836.8
209,1000,37.4659,6,0.12,,0,1,2,0.5,0,0,0.156,577.7,710,0,0.019853,0.721929,-20.704021,209000,2850.0
210,1000,114.5556,13,0.26,,1,0,8,3.1125,1,0,0.0365,604.3,830,0,0.019539,0.977387,-19.364964,210000,2863.9
211,1000,88.8866,12,0.24,,0,1,5,2.0,0,249,0.3465,811.0,849,0,0.01934,1.167247,-19.78363,211000,2877.1
212,1000,45.5188,8,0.16,,2,0,5,2.1213,0,84,0.1128,728.1,559,0,0.018963,0.929013,-18.521544,212000,2890.2
213,1000,129.7408,12,0.24,,0,2,5,1.2247,1,46,0.1928,793.0,925,0,0.018687,0.916408,-20.535954,213000,2903.5
214,1000,83.3762,11,0.22,,1,0,5,2.2776,0,111,0.1618,777.7,983,0,0.018697,1.564757,-20.047943,214000,2918.2
215,1000,25.1232,6,0.12,,0,1,2,0.5,0,81,0.1752,555.3,723,0,0.018537,0.847344,-18.357294,215000,2932.4
216,1000,47.7399,8,0.16,,1,0,4,1.5811,0,200,0.1578,633.7,979,0,0.018238,0.578452,-18.992355,216000,2946.0
217,1000,69.1959,9,0.18,,2,0,5,2.2776,0,0,0.1633,736.6,876,0,0.018481,2.685508,-19.502031,217000,2959.6
218,1000,22.3848,6,0.12,,1,0,4,1.5,0,45,0.0138,516.2,594,0,0.017724,0.862537,-19.423046,218000,2973.1
219,1000,54.3792,8,0.16,,1,0,4,1.4142,0,77,0.0912,570.6,795,0,0.017614,0.526006,-20.295296,219000,2987.3
220,1000,15.6686,5,0.1,,1,0,2,0.8292,0,345,0.1795,557.2,774,0,0.017199,1.062049,-19.216013,220000,3001.3
221,1000,71.8495,10,0.2,,1,0,5,1.8028,0,4,0.195,679.4,517,0,0.017471,1.203996,-18.751369,221000,3014.8
222,1000,79.1703,11,0.22,,1,0,5,1.9203,0,365,0.3123,680.6,656,0,0.017287,0.941522,-17.666807,222000,3027.9
223,1000,103.4947,13,0.26,,0,1,5,1.479,0,229,0.42,862.7,950,0,0.017165,0.611932,-19.639668,223000,3041.3
224,1000,124.3472,15,0.3,,1,0,5,2.1651,0,196,0.3705,917.6,935,0,0.016834,0.9357,-18.096355,224000,3056.2
225,1000,106.8384,10,0.2,,1,0,5,1.8028,1,292,0.234,689.6,785,0,0.01663,1.701945,-18.652767,225000,3070.3
226,1000,119.7588,12,0.24,,1,0,6,2.5495,1,286,0.1988,566.1,989,0,0.01649,0.547448,-18.279119,226000,3083.9
227,1000,76.1292,11,0.22,,0,1,5,1.479,0,446,0.2325,948.4,961,0,0.015374,0.735807,-18.092962,227000,3098.0
228,1000,94.8658,12,0.24,,0,2,4,0.7071,0,140,0.181,631.6,906,0,0.015025,0.406674,-16.780834,228000,3111.7
229,1000,11.6078,4,0.08,,2,0,3,1.2247,0,589,0.2542,587.4,544,0,0.015125,1.145487,-18.317791,229000,3125.7
230,1000,34.6846,7,0.14,,1,0,3,1.0897,0,888,0.178,695.2,970,0,0.014946,0.532024,-19.291702,230000,3139.4
231,1000,150.9886,14,0.28,,0,1,9,3.2016,1,355,0.2278,697.1,975,0,0.015052,0.757256,-17.829548,231000,3153.4
232,1000,64.2373,9,0.18,,1,0,5,1.7854,0,612,0.3772,1073.5,891,0,0.015064,0.737012,-17.933064,232000,3167.5
233,1000,80.8625,11,0.22,,1,0,5,2.2776,0,566,0.272,936.9,766,0,0.015196,0.408939,-18.519648,233000,3181.0
234,1000,90.7248,10,0.2,,1,0,5,1.8028,0,24,0.1963,740.8,762,0,0.015201,0.608367,-17.973854,234000,3195.0
235,1000,109.9131,12,0.24,,1,0,5,1.8708,0,36,0.2298,749.1,822,0,0.014926,0.701164,-17.180733,235000,3208.5
236,1000,54.8,8,0.16,,2,0,5,2.1213,0,724,0.4035,1073.5,745,0,0.0149,0.447254,-16.426245,236000,3222.3
237,1000,88.0238,10,0.2,,0,1,5,1.6583,0,39,0.1603,665.2,908,0,0.014803,0.647818,-17.535786,237000,3235.7
238,1000,84.8727,10,0.2,,1,0,5,2.0616,0,281,0.2607,692.8,764,0,0.014529,2.095572,-19.003242,238000,3249.3
239,1000,104.6713,12,0.24,,1,0,5,1.8708,0,88,0.1925,640.6,481,0,0.014365,0.486437,-17.117838,239000,3262.8
240,1000,133.1766,11,0.22,,1,0,9,3.6315,1,103,0.1562,633.3,744,0,0.014493,1.562414,-16.787378,240000,3276.8
241,1000,95.6541,12,0.24,,0,1,5,2.0,0,181,0.1123,709.1,898,0,0.014517,1.001082,-17.259987,241000,3290.0
242,1000,80.9595,11,0.22,,0,1,5,1.7854,0,506,0.2555,713.7,968,0,0.014348,0.717101,-15.980707,242000,3304.0
243,1000,101.7733,12,0.24,,1,0,5,2.1213,0,94,0.2303,676.3,867,0,0.014438,0.390245,-17.000793,243000,3317.7
244,1000,72.8041,10,0.2,,1,0,5,1.8028,0,527,0.2467,770.5,719,0,0.014806,0.396264,-16.441814,244000,3331.1
245,1000,75.9797,9,0.18,,1,0,5,1.9203,0,175,0.2218,727.3,609,0,0.014663,0.643815,-16.676517,245000,3343.3
246,1000,130.2026,14,0.28,,1,0,5,2.0616,0,0,0.176,800.2,631,0,0.014551,0.597915,-16.503281,246000,3356.5
247,1000,154.1051,14,0.28,,1,0,8,3.2016,1,175,0.1693,605.4,534,0,0.014524,0.978244,-15.489578,247000,3370.2
248,1000,83.0011,10,0.2,,1,0,5,2.0616,0,402,0.361,673.9,620,0,0.014412,0.632143,-15.669394,248000,3383.8
249,1000,59.1377,8,0.16,,1,0,5,1.8708,0,97,0.073,594.3,932,0,0.014484,0.511301,-14.492827,249000,3397.3
250,1000,19.1768,4,0.08,,1,0,2,0.7071,0,168,0.176,674.7,774,0,0.014141,0.559368,-16.709896,250000,3409.7
251,1000,77.7653,10,0.2,,1,0,5,2.0616,0,71,0.1237,580.7,394,0,0.014163,0.900888,-15.970289,251000,3439.2
252,1000,122.9339,14,0.28,,1,0,5,2.0616,0,323,0.396,874.7,832,0,0.014172,0.733555,-15.360474,252000,3452.9
253,1000,143.0034,16,0.32,,0,2,5,1.2247,0,54,0.1537,753.7,969,0,0.014155,0.733938,-16.162653,253000,3466.6
254,1000,114.5554,14,0.28,,1,0,5,2.0616,0,226,0.1722,706.9,989,0,0.0142,0.330164,-16.419327,254000,3480.1
255,1000,82.275,10,0.2,,1,0,5,1.8028,0,151,0.183,670.3,878,0,0.01394,0.670919,-16.156059,255000,3493.2
256,1000,89.3981,11,0.22,,1,0,5,1.7854,0,167,0.1115,666.0,835,0,0.014024,0.698837,-16.395084,256000,3506.7
257,1000,93.4653,12,0.24,,0,1,5,2.0,0,529,0.263,872.8,748,0,0.014114,1.036614,-15.086246,257000,3520.1
258,1000,112.344,14,0.28,,1,0,5,2.0616,0,70,0.056,833.1,843,0,0.014059,0.81122,-15.368244,258000,3533.5
259,1000,54.3615,9,0.18,,0,1,5,1.6394,0,647,0.1313,679.7,963,0,0.014075,0.613094,-14.284283,259000,3546.6
260,1000,166.7053,15,0.3,,1,0,5,2.1651,1,36,0.1417,832.5,608,0,0.014364,0.44189,-14.369417,260000,3559.7
261,1000,123.0195,11,0.22,,1,0,6,2.1651,1,13,0.1298,642.7,718,0,0.014309,0.55321,-14.764568,261000,3573.4
262,1000,93.3894,12,0.24,,1,0,5,1.8708,0,0,0.0742,581.0,931,0,0.014239,0.616278,-13.22403,262000,3587.2
263,1000,69.762,9,0.18,,1,0,5,1.7854,0,1,0.0112,541.0,564,0,0.013851,0.403845,-15.983217,263000,3600.8
264,1000,86.3699,10,0.2,,0,1,5,1.6583,0,56,0.2482,774.6,830,0,0.013661,0.646088,-15.019801,264000,3614.2
265,1000,105.7575,12,0.24,,0,1,5,2.0,0,72,0.1165,675.5,986,0,0.013844,0.903708,-14.683342,265000,3628.1
266,1000,155.6417,14,0.28,,0,1,5,1.6583,1,189,0.1507,719.5,770,0,0.013858,0.863254,-15.366339,266000,3641.9
267,1000,124.4127,15,0.3,,1,0,5,2.1651,0,88,0.1258,689.9,640,0,0.013524,0.73107,-12.847219,267000,3655.2
268,1000,66.586,9,0.18,,2,0,5,2.2776,0,243,0.244,738.4,728,0,0.013418,0.736816,-14.657534,268000,3668.8
269,1000,81.4267,11,0.22,,1,0,5,2.2776,0,356,0.2338,806.5,677,0,0.013072,0.431364,-13.68249,269000,3682.7
270,1000,89.2091,11,0.22,,1,0,5,1.9203,0,365,0.1913,761.6,578,0,0.013356,0.667316,-13.420329,270000,3696.5
271,1000,133.5051,15,0.3,,1,0,5,2.1651,0,45,0.1883,743.1,940,0,0.013559,0.491597,-14.371611,271000,3709.9
272,1000,69.4199,9,0.18,,1,0,5,1.9203,0,127,0.1148,570.1,567,0,0.0137,0.903345,-13.901496,272000,3723.5
273,1000,114.8425,13,0.26,,1,0,5,2.0463,0,456,0.391,831.4,890,0,0.013758,0.93654,-13.481788,273000,3736.9
274,1000,74.9733,10,0.2,,1,0,5,1.8028,0,71,0.0828,709.6,910,0,0.013723,0.751065,-12.877451,274000,3751.2
275,1000,77.7671,10,0.2,,0,1,5,1.5,0,0,0.0595,548.0,647,0,0.013802,0.479579,-12.069998,275000,3766.4
276,1000,72.6988,9,0.18,,1,0,5,1.9203,0,3,0.2067,567.0,817,0,0.013673,0.759213,-13.644611,276000,3780.0
277,1000,93.3955,13,0.26,,1,0,5,2.0463,0,589,0.2792,998.0,509,0,0.013756,0.694578,-13.263292,277000,3793.3
278,1000,86.3131,11,0.22,,1,0,5,2.2776,0,0,0.0978,616.9,742,0,0.013536,0.794928,-12.141621,278000,3806.4
279,1000,58.4945,10,0.2,,1,0,5,2.0616,0,1208,0.2215,898.0,456,0,0.013699,1.065448,-12.105513,279000,3819.6
280,1000,81.2174,11,0.22,,1,0,5,2.2776,0,135,0.2328,955.4,885,0,0.013966,1.066754,-12.378304,280000,3833.3
281,1000,77.854,11,0.22,,1,0,5,2.2776,0,4,0.1875,733.6,950,0,0.013868,0.664519,-12.094653,281000,3847.3
282,1000,89.8592,11,0.22,,1,0,5,1.7854,0,47,0.0508,732.4,894,0,0.0135,0.418226,-12.679241,282000,3860.7
283,1000,57.4396,9,0.18,,1,0,5,1.9203,0,808,0.1928,832.9,430,0,0.013789,0.403317,-13.118887,283000,3874.3
284,1000,34.1456,6,0.12,,1,0,3,1.118,0,152,0.2305,533.1,417,0,0.013682,0.500737,-11.034126,284000,3888.3
285,1000,87.2425,12,0.24,,1,0,5,2.1213,0,65,0.0267,548.9,724,0,0.013757,0.594599,-12.003151,285000,3902.2
286,1000,85.9724,11,0.22,,1,0,5,1.9203,0,284,0.2667,612.3,956,0,0.013565,0.498206,-12.837895,286000,3915.7
287,1000,65.6506,8,0.16,,2,0,5,2.1213,0,123,0.173,655.0,537,0,0.013424,0.494568,-11.792902,287000,3929.0
288,1000,95.1689,12,0.24,,0,1,5,1.5811,0,641,0.3078,799.1,305,0,0.013512,0.360055,-12.001795,288000,3942.5
289,1000,67.6953,9,0.18,,1,0,5,1.7854,0,0,0.1835,707.7,957,0,0.013466,0.377718,-10.26833,289000,3955.8
290,1000,96.9361,12,0.24,,0,1,5,2.0,0,434,0.1735,638.4,828,0,0.013324,0.595941,-11.536213,290000,3969.5
291,1000,98.8791,12,0.24,,1,0,5,2.1213,0,465,0.2487,773.9,747,0,0.013191,0.865073,-10.815263,291000,3983.0
292,1000,67.3402,9,0.18,,1,0,4,1.7854,0,33,0.1227,547.1,991,0,0.013354,0.597907,-10.995674,292000,3996.4
293,1000,109.5638,13,0.26,,1,0,5,2.0463,0,207,0.3317,750.2,892,0,0.013368,0.363979,-10.97716,293000,4009.7
294,1000,95.8092,11,0.22,,0,1,5,1.479,0,43,0.2482,708.8,908,0,0.013651,0.256827,-10.007086,294000,4022.6
295,1000,33.4299,7,0.14,,2,0,5,2.0463,0,1027,0.1872,982.5,256,0,0.013716,0.688403,-10.193128,295000,4035.1
296,1000,67.6513,9,0.18,,1,0,5,1.7854,0,395,0.1923,788.0,944,0,0.013727,0.99479,-11.347073,296000,4048.6
297,1000,69.2977,9,0.18,,1,0,5,1.7854,0,735,0.3402,828.4,452,0,0.013761,0.390303,-9.584842,297000,4062.8
298,1000,69.8412,9,0.18,,0,1,5,1.6394,0,148,0.2462,815.6,814,0,0.014041,0.682372,-10.429178,298000,4076.1
299,1000,63.1561,9,0.18,,1,0,5,1.7854,0,442,0.1618,568.0,872,0,0.013797,0.454209,-12.474322,299000,4090.0
300,1000,112.1267,13,0.26,,0,1,5,1.7854,0,0,0.1695,577.4,894,0,0.013845,1.267715,-10.818148,300000,4102.7
301,1000,89.788,11,0.22,,1,0,5,2.2776,0,367,0.1585,592.7,860,0,0.013716,1.020337,-11.435114,301000,4131.4
302,1000,58.3132,9,0.18,,1,0,5,1.7854,0,182,0.3513,816.9,765,0,0.013941,0.837259,-10.371344,302000,4145.7
303,1000,100.9589,12,0.24,,0,1,5,1.5811,0,248,0.164,660.2,999,0,0.013858,1.113062,-10.416031,303000,4159.4
304,1000,88.3385,11,0.22,,1,0,5,2.2776,0,107,0.2285,819.9,233,0,0.013844,0.847155,-11.224572,304000,4173.0
305,1000,36.2143,6,0.12,,2,0,3,1.5,0,372,0.1242,608.2,668,0,0.013759,0.54582,-11.099898,305000,4186.4
306,1000,81.3995,11,0.22,,1,0,5,2.2776,0,491,0.1447,731.9,805,0,0.013814,0.410085,-10.538358,306000,4199.7
307,1000,82.0909,10,0.2,,2,0,5,2.5,0,173,0.222,671.6,406,0,0.01408,0.701526,-11.189379,307000,4212.7
308,1000,51.4156,7,0.14,,2,0,5,2.0463,0,266,0.0343,587.6,336,0,0.013964,0.753117,-9.53846,308000,4226.4
309,1000,93.8265,12,0.24,,1,0,5,1.8708,0,171,0.1532,753.5,692,0,0.013735,0.850971,-10.190761,309000,4240.9
310,1000,72.5302,11,0.22,,1,0,5,1.9203,0,495,0.3927,729.5,791,0,0.01346,0.714555,-10.528242,310000,4255.9
311,1000,63.5163,9,0.18,,1,0,5,1.7854,0,1099,0.3767,814.9,749,0,0.013319,0.500223,-10.425007,311000,4269.3
312,1000,96.7974,12,0.24,,1,0,5,2.1213,0,26,0.2485,649.3,991,0,0.013135,1.011859,-9.978684,312000,4283.5
313,1000,72.744,10,0.2,,0,1,5,1.6583,0,63,0.107,611.5,556,0,0.012998,0.616099,-9.748501,313000,4296.7
314,1000,60.1495,9,0.18,,0,1,5,1.6394,0,635,0.3598,809.5,553,0,0.013198,0.402693,-8.6502,314000,4310.5
315,1000,84.5922,12,0.24,,1,0,5,2.1213,0,82,0.3638,1000.6,872,0,0.013106,0.395695,-9.943607,315000,4324.0
316,1000,85.5587,12,0.24,,1,0,5,2.1213,0,697,0.1575,874.5,905,0,0.013024,0.380799,-9.161791,316000,4337.9
317,1000,71.3765,11,0.22,,1,0,5,1.9203,0,140,0.104,568.7,950,0,0.013261,0.366061,-7.519751,317000,4352.4
318,1000,81.315,11,0.22,,1,0,5,2.2776,0,50,0.115,656.1,909,0,0.013333,0.711966,-8.707084,318000,4365.7
319,1000,89.3338,12,0.24,,1,0,5,2.1213,0,422,0.2323,756.2,863,0,0.013206,1.0359,-8.543664,319000,4379.0
320,1000,70.5572,10,0.2,,2,0,5,2.5,0,1078,0.2482,738.4,549,0,0.013182,1.308391,-9.178934,320000,4392.4
321,1000,76.8348,10,0.2,,1,0,5,1.8028,0,381,0.2065,783.4,713,0,0.01312,0.284128,-7.89417,321000,4405.4
322,1000,69.575,12,0.24,,0,1,5,2.0,0,63,0.1305,667.0,273,0,0.013542,0.743189,-8.124146,322000,4419.0
323,1000,78.5486,11,0.22,,1,0,5,1.9203,0,359,0.2667,842.3,967,0,0.013596,0.668404,-10.232553,323000,4432.3
324,1000,113.1269,15,0.3,,1,0,5,2.1651,0,582,0.4407,1073.5,665,0,0.013415,0.402194,-8.858482,324000,4445.8
325,1000,130.95,17,0.34,,0,2,5,1.299,0,771,0.514,1073.5,713,0,0.013498,0.799471,-7.987757,325000,4459.5
326,1000,70.4281,10,0.2,,2,0,5,2.5,0,923,0.329,996.3,949,0,0.013544,0.68766,-8.603189,326000,4473.2
327,1000,75.5738,12,0.24,,0,1,5,1.5811,0,934,0.2692,730.9,975,0,0.013351,0.420971,-7.76436,327000,4487.4
328,1000,66.736,11,0.22,,1,0,5,1.9203,0,994,0.316,977.5,630,0,0.013487,0.81229,-8.011777,328000,4501.0
329,1000,69.7868,10,0.2,,1,0,5,1.8028,0,404,0.2485,775.7,515,0,0.013398,0.958718,-7.925847,329000,4515.3
330,1000,71.0332,10,0.2,,1,0,5,1.8028,0,0,0.025,519.7,227,0,0.013402,0.946098,-8.14514,330000,4528.4
331,1000,14.9469,6,0.12,,1,0,3,1.118,0,1360,0.1988,733.2,106,0,0.013356,0.415522,-7.456275,331000,4542.3
332,1000,82.7748,11,0.22,,1,0,5,2.2776,0,82,0.241,912.4,594,0,0.01312,0.516533,-7.309551,332000,4556.1
333,1000,93.9672,12,0.24,,1,0,5,1.8708,0,805,0.2933,607.7,750,0,0.01336,0.612147,-6.821178,333000,4569.4
334,1000,93.0621,12,0.24,,0,1,5,2.0,0,268,0.2522,1007.0,980,0,0.013488,0.701687,-8.674252,334000,4582.9
335,1000,83.7937,12,0.24,,1,0,5,2.1213,0,0,0.1718,542.8,491,0,0.013631,0.508698,-7.94462,335000,4596.6
336,1000,89.2879,12,0.24,,1,0,5,2.1213,0,146,0.23,953.9,766,0,0.013626,0.507087,-7.401528,336000,4610.1
337,1000,96.6813,13,0.26,,0,1,5,1.7854,0,440,0.3957,1021.2,566,0,0.013604,0.654226,-6.35712,337000,4624.4
338,1000,83.1685,11,0.22,,1,0,5,1.7854,0,557,0.205,786.4,249,0,0.013464,0.275201,-7.67323,338000,4638.2
339,1000,52.3528,9,0.18,,2,0,5,2.2776,0,866,0.2945,951.1,770,0,0.013539,0.631493,-7.62632,339000,4652.1
340,1000,64.7133,11,0.22,,1,0,5,2.2776,0,745,0.453,1018.6,559,0,0.013553,0.442578,-8.710564,340000,4665.5
341,1000,59.6114,10,0.2,,1,0,5,2.0616,0,1259,0.2233,773.8,979,0,0.013552,0.406974,-6.711513,341000,4679.1
342,1000,62.3025,11,0.22,,1,0,5,2.2776,0,531,0.2855,1037.6,718,0,0.013837,0.455718,-7.033987,342000,4692.4
343,1000,86.137,12,0.24,,1,0,5,2.1213,0,29,0.1123,593.7,331,0,0.013891,0.347267,-7.082705,343000,4704.8
344,1000,56.0272,10,0.2,,2,0,5,2.5,0,927,0.4873,1073.5,244,0,0.014008,0.581629,-7.010674,344000,4717.7
345,1000,96.1031,15,0.3,,0,2,5,1.299,0,430,0.3558,1007.6,910,0,0.013696,0.256984,-7.129771,345000,4731.8
346,1000,75.3585,11,0.22,,1,0,5,1.9203,0,733,0.418,1027.4,703,0,0.013707,0.506365,-7.377023,346000,4745.3
347,1000,67.8519,10,0.2,,1,0,5,1.8028,0,967,0.4313,1044.5,961,0,0.013955,0.59767,-7.189769,347000,4758.8
348,1000,111.3256,13,0.26,,0,1,5,1.7854,0,4,0.187,778.4,854,0,0.013916,0.585288,-6.492214,348000,4772.4
349,1000,119.5068,14,0.28,,1,0,5,2.0616,0,137,0.2375,667.1,473,0,0.013901,0.395259,-6.806649,349000,4786.0
350,1000,136.1267,16,0.32,,0,2,5,1.2247,0,589,0.4,1052.6,761,0,0.013833,0.545159,-7.018154,350000,4799.5
351,1000,111.1123,13,0.26,,1,0,5,2.0463,0,607,0.4537,992.7,452,0,0.013628,0.30533,-6.630234,351000,4828.6
352,1000,143.6122,13,0.26,,2,0,9,3.6997,1,99,0.2895,761.7,954,0,0.013676,0.624364,-6.448295,352000,4841.8
353,1000,63.1846,9,0.18,,1,0,4,1.7854,0,198,0.5192,1073.5,823,0,0.013674,0.602303,-6.990579,353000,4855.2
354,1000,53.2817,9,0.18,,2,0,5,2.2776,0,748,0.4345,889.5,576,0,0.013604,0.532052,-6.974323,354000,4869.3
355,1000,84.704,12,0.24,,0,1,5,2.0,0,182,0.2087,859.1,957,0,0.01373,0.720197,-7.092247,355000,4882.8
356,1000,95.1715,13,0.26,,0,1,5,1.7854,0,926,0.433,1055.0,662,0,0.013908,0.57768,-7.01408,356000,4896.2
357,1000,99.2449,13,0.26,,1,0,5,2.0463,0,956,0.3852,1072.7,837,0,0.013854,0.259707,-5.309145,357000,4909.7
358,1000,98.5008,14,0.28,,0,1,5,1.6583,0,1279,0.3955,988.2,400,0,0.013827,0.405114,-6.658437,358000,4923.5
359,1000,102.6549,14,0.28,,0,1,5,1.6583,0,1064,0.3683,961.6,663,0,0.013524,0.463884,-6.786381,359000,4937.0
360,1000,97.046,14,0.28,,0,2,5,1.5,0,811,0.429,958.0,414,0,0.013565,0.506256,-6.211219,360000,4951.2
361,1000,96.9464,13,0.26,,1,0,5,2.0463,0,427,0.368,921.5,699,0,0.01325,0.792976,-6.240777,361000,4965.2
362,1000,175.1423,17,0.34,,0,1,7,2.1651,1,579,0.2338,792.9,862,0,0.013423,0.590858,-7.270448,362000,4979.4
363,1000,92.1007,13,0.26,,1,0,5,2.0463,0,1665,0.5975,1049.5,379,0,0.013385,0.264194,-6.8377,363000,4993.2
364,1000,89.1255,12,0.24,,1,0,5,2.1213,0,497,0.4457,865.6,682,0,0.013323,0.978929,-5.941551,364000,5007.2
365,1000,64.7095,10,0.2,,1,0,5,1.8028,0,568,0.298,779.6,395,0,0.013421,1.001025,-8.004366,365000,5020.5
366,1000,119.598,15,0.3,,1,0,5,2.1651,0,674,0.4452,985.9,977,0,0.01347,0.449706,-6.280674,366000,5034.0
367,1000,103.6289,14,0.28,,1,0,5,2.0616,0,620,0.4863,1009.5,454,0,0.013378,0.324912,-6.423792,367000,5047.8
368,1000,95.8368,14,0.28,,0,2,5,1.5,0,1221,0.484,1073.5,960,0,0.013298,0.981136,-8.331621,368000,5061.5
369,1000,112.3669,15,0.3,,1,0,5,2.1651,0,525,0.2848,1069.0,697,0,0.012797,0.518584,-6.732077,369000,5075.3
370,1000,113.2385,14,0.28,,0,1,5,1.5,0,662,0.5687,1073.5,840,0,0.012709,0.368352,-6.892097,370000,5089.2
371,1000,121.4208,16,0.32,,0,2,5,1.2247,0,1253,0.4098,997.8,882,0,0.012531,0.40849,-6.956926,371000,5103.3
372,1000,121.4879,15,0.3,,0,1,5,1.6394,0,607,0.5573,1073.5,779,0,0.012288,0.47438,-7.287253,372000,5116.7
373,1000,72.6128,11,0.22,,0,1,5,1.7854,0,1394,0.455,1020.0,687,0,0.012338,0.621473,-8.060442,373000,5130.4
374,1000,75.3064,11,0.22,,0,1,5,1.479,0,1424,0.6615,1073.5,759,0,0.01237,1.509756,-8.599058,374000,5144.1
375,1000,98.2515,15,0.3,,1,0,5,2.1651,0,1905,0.475,1073.5,956,0,0.012377,0.304749,-7.99572,375000,5157.6
376,1000,111.3147,16,0.32,,0,2,5,1.2247,0,1673,0.4612,993.2,999,0,0.012355,0.987852,-7.537265,376000,5171.1
377,1000,112.8502,15,0.3,,0,2,5,1.299,0,775,0.5245,1073.5,817,0,0.012226,0.4946,-7.737464,377000,5184.9
378,1000,140.4867,17,0.34,,0,2,5,1.299,0,766,0.568,1073.5,784,0,0.012336,0.318349,-7.740608,378000,5198.6
379,1000,150.8747,17,0.34,,0,2,5,1.299,0,317,0.3713,1073.5,867,0,0.012697,0.385176,-7.831323,379000,5212.6
380,1000,121.9458,17,0.34,,0,3,5,0.8292,0,1702,0.6558,1073.5,661,0,0.012637,0.304072,-8.493983,380000,5226.5
381,1000,92.5907,13,0.26,,0,1,5,1.479,0,1356,0.455,1042.8,231,0,0.012402,0.613499,-8.877174,381000,5240.1
382,1000,127.176,16,0.32,,0,2,5,1.2247,0,944,0.5238,1057.7,882,0,0.012309,0.508504,-8.631395,382000,5253.6
383,1000,70.6042,13,0.26,,1,0,5,2.0463,0,1724,0.6643,1073.5,613,0,0.012566,0.649549,-9.186126,383000,5267.2
384,1000,54.4058,12,0.24,,1,0,5,2.1213,0,2592,0.534,891.1,942,0,0.012847,0.406446,-8.326004,384000,5280.8
385,1000,131.1921,15,0.3,,1,0,5,2.1651,0,497,0.288,961.0,457,0,0.012818,0.258794,-8.690508,385000,5293.8
386,1000,105.8062,14,0.28,,0,1,5,1.6583,0,769,0.4545,1073.5,436,0,0.012789,0.66376,-9.43595,386000,5307.2
387,1000,104.4192,12,0.24,,0,1,5,1.4142,0,361,0.5355,1029.6,952,0,0.012514,0.264201,-9.778625,387000,5321.1
388,1000,113.2045,15,0.3,,0,2,5,1.299,0,943,0.5515,1073.5,640,0,0.012723,0.400755,-8.415575,388000,5334.4
389,1000,125.5586,16,0.32,,0,1,5,1.7321,0,885,0.458,1073.5,516,0,0.012821,0.381018,-10.134392,389000,5348.2
390,1000,120.4862,16,0.32,,0,2,5,1.2247,0,1029,0.5737,1010.3,859,0,0.012767,0.701739,-9.753608,390000,5361.6
391,1000,156.5002,18,0.36,,0,3,5,0.866,0,1088,0.517,1073.5,708,0,0.012944,0.648007,-9.766844,391000,5375.5
392,1000,90.7747,13,0.26,,0,2,5,1.0897,0,1327,0.699,1073.5,509,0,0.012675,0.473354,-8.737783,392000,5389.0
393,1000,139.0168,18,0.36,,0,3,5,0.866,0,1063,0.6587,1073.5,592,0,0.012751,0.516104,-9.458284,393000,5401.8
394,1000,86.1146,14,0.28,,0,2,5,1.118,0,2120,0.6933,959.4,934,0,0.012729,0.767855,-9.235406,394000,5415.4
395,1000,113.0354,16,0.32,,0,1,5,1.7321,0,1446,0.6673,1073.5,620,0,0.012418,0.41439,-10.586,395000,5428.9
396,1000,102.1937,13,0.26,,0,1,5,1.7854,0,682,0.521,1046.6,923,0,0.012624,0.423311,-9.599099,396000,5442.9
397,1000,113.9322,14,0.28,,0,1,5,1.6583,0,808,0.6308,1073.5,623,0,0.012554,1.018742,-10.348139,397000,5456.4
398,1000,104.9808,13,0.26,,0,1,5,1.7854,0,681,0.6495,1073.5,856,0,0.012463,0.452902,-10.331332,398000,5469.9
399,1000,156.1431,19,0.38,,0,4,5,0.433,0,940,0.6468,1073.5,451,0,0.012413,0.506819,-10.182076,399000,5483.3
400,1000,131.3678,16,0.32,,0,2,5,1.2247,0,1196,0.4758,957.0,876,0,0.01247,0.294192,-10.243896,400000,5496.1
401,1000,105.949,13,0.26,,0,1,5,1.7854,0,723,0.6805,1073.5,587,0,0.01257,0.653787,-10.355298,401000,5527.2
402,1000,155.9777,18,0.36,,0,3,5,0.866,0,822,0.582,1047.9,943,0,0.012528,0.431397,-11.335381,402000,5541.0
403,1000,119.2626,15,0.3,,0,2,5,1.0897,0,1020,0.5255,1073.5,599,0,0.012489,0.328335,-10.6418,403000,5554.3
404,1000,117.906,14,0.28,,0,2,5,1.118,0,344,0.696,1052.1,352,0,0.012382,0.529753,-9.619292,404000,5567.7
405,1000,109.3222,15,0.3,,0,1,5,1.6394,0,1566,0.504,1073.5,393,0,0.012279,0.382439,-11.378267,405000,5581.0
406,1000,132.8228,17,0.34,,0,3,5,0.8292,0,470,0.7025,1073.5,231,0,0.01247,0.451663,-10.378956,406000,5594.8
407,1000,134.8954,15,0.3,,0,3,4,0.433,0,136,0.6843,1073.5,481,0,0.01243,0.306744,-10.328485,407000,5608.7
408,1000,113.8467,16,0.32,,0,1,5,1.7321,0,979,0.678,1073.5,318,0,0.012617,0.452936,-10.537111,408000,5622.3
409,1000,160.0996,19,0.38,,0,4,5,0.433,0,311,0.6915,1073.5,669,0,0.012638,0.482914,-11.971287,409000,5635.6
410,1000,99.1035,14,0.28,,0,1,5,1.5,0,1204,0.6408,1073.5,781,0,0.012652,0.662145,-10.412761,410000,5649.1
411,1000,138.7116,18,0.36,,0,3,5,0.866,0,1588,0.6895,1073.5,681,0,0.012419,0.828893,-10.135049,411000,5662.7
412,1000,147.1022,17,0.34,,0,3,5,0.8292,0,236,0.6763,1073.5,799,0,0.012227,0.197542,-11.136321,412000,5675.5
413,1000,158.884,19,0.38,,0,4,5,0.433,0,1387,0.375,933.9,859,0,0.012401,0.780019,-11.688842,413000,5688.7
414,1000,162.8887,19,0.38,,0,4,5,0.433,0,785,0.5745,1073.5,448,0,0.012399,0.354995,-11.545882,414000,5702.1
415,1000,108.9412,14,0.28,,0,1,5,1.6583,0,1493,0.5333,1026.2,599,0,0.012561,0.531228,-10.91481,415000,5715.7
416,1000,145.7034,19,0.38,,0,4,5,0.433,0,1601,0.626,1029.6,648,0,0.012799,0.500971,-10.473328,416000,5729.5
417,1000,53.7333,11,0.22,,0,1,5,1.479,0,1310,0.7015,1073.5,218,0,0.012693,0.386428,-11.364911,417000,5742.9
418,1000,139.9767,16,0.32,,0,1,5,1.7321,0,240,0.686,1006.5,836,0,0.012566,0.453069,-9.745803,418000,5756.5
419,1000,171.1328,17,0.34,,0,3,5,0.8292,1,396,0.534,976.6,962,0,0.012549,0.458128,-11.497,419000,5770.0
420,1000,89.3428,13,0.26,,1,0,5,2.0463,0,1026,0.6318,1073.5,385,0,0.012399,0.434746,-11.644783,420000,5784.0
421,1000,129.6882,17,0.34,,0,2,5,1.299,0,795,0.668,1047.2,458,0,0.012172,0.311976,-11.725538,421000,5798.8
422,1000,135.3897,15,0.3,,0,2,5,1.299,0,194,0.6927,1073.5,559,0,0.011985,0.519135,-12.23217,422000,5812.6
423,1000,144.5511,15,0.3,,0,1,5,1.6394,0,31,0.4348,928.0,834,0,0.012236,0.325556,-11.551317,423000,5825.7
424,1000,119.7886,16,0.32,,0,2,5,1.2247,0,465,0.6805,1073.5,383,0,0.012193,0.281059,-11.135348,424000,5839.2
425,1000,142.3787,17,0.34,,0,3,5,0.8292,0,365,0.677,1048.6,773,0,0.012089,0.689416,-10.20323,425000,5852.6
426,1000,153.1255,18,0.36,,0,4,5,0.5,0,10,0.7025,1072.7,893,0,0.012127,0.263913,-11.750912,426000,5866.4
427,1000,132.763,16,0.32,,0,3,5,0.7071,0,1028,0.673,1070.6,923,0,0.011982,0.30414,-11.870375,427000,5879.5
428,1000,93.8439,13,0.26,,0,1,5,1.7854,0,1504,0.6747,1053.2,945,0,0.012157,0.7743,-12.426909,428000,5893.2
429,1000,171.0096,19,0.38,,0,4,5,0.433,0,804,0.662,1073.5,634,0,0.012106,0.570537,-12.401499,429000,5906.9
430,1000,117.3768,15,0.3,,1,0,5,2.1651,0,932,0.5095,1002.7,287,0,0.012207,0.310214,-11.640336,430000,5920.6
431,1000,136.6642,16,0.32,,0,1,5,1.7321,0,994,0.4283,967.6,916,0,0.012154,0.41841,-11.997611,431000,5934.8
432,1000,130.5626,16,0.32,,0,1,5,1.7321,0,443,0.602,1017.0,403,0,0.012165,0.417859,-12.478134,432000,5948.5
433,1000,138.8107,16,0.32,,0,3,5,1.0,0,382,0.6617,1073.5,695,0,0.012247,0.704437,-11.560184,433000,5962.2
434,1000,146.3605,16,0.32,,0,1,5,1.7321,0,444,0.4355,940.8,576,0,0.012575,0.522783,-11.234471,434000,5975.7
435,1000,133.2058,16,0.32,,0,2,5,1.2247,0,403,0.6485,1073.5,704,0,0.0126,0.286017,-11.672014,435000,5989.2
436,1000,119.0304,15,0.3,,1,0,5,2.1651,0,664,0.5583,930.8,836,0,0.012521,0.344606,-11.828964,436000,6003.1
437,1000,141.4922,17,0.34,,0,2,5,1.299,0,445,0.5503,1073.5,600,0,0.012907,0.988633,-12.112425,437000,6016.6
438,1000,147.8963,19,0.38,,0,4,5,0.433,0,486,0.6452,1073.5,963,0,0.012946,0.524615,-11.626444,438000,6029.8
439,1000,132.5042,17,0.34,,0,2,5,1.299,0,534,0.457,864.7,740,0,0.013188,0.952001,-10.926411,439000,6043.5
440,1000,96.2703,15,0.3,,1,0,5,2.1651,0,1192,0.647,1073.5,449,0,0.012796,0.290933,-10.242373,440000,6057.0
441,1000,64.2222,10,0.2,,1,0,5,1.8028,0,1037,0.6465,1062.2,617,0,0.012655,0.561442,-11.15762,441000,6070.0
442,1000,131.4058,17,0.34,,0,2,5,1.299,0,469,0.6525,1073.5,377,0,0.012446,0.61876,-11.845848,442000,6082.0
443,1000,143.245,18,0.36,,0,3,5,0.866,0,491,0.6855,1073.5,757,0,0.012499,0.481379,-10.369469,443000,6094.9
444,1000,103.3061,15,0.3,,1,0,5,2.1651,0,2112,0.6405,1073.5,177,0,0.012661,0.491923,-12.093399,444000,6108.1
445,1000,134.2273,17,0.34,,0,2,5,1.299,0,398,0.6597,1073.5,830,0,0.012667,0.275125,-10.788723,445000,6121.7
446,1000,102.5278,15,0.3,,0,2,5,1.299,0,405,0.6887,1073.5,534,0,0.01265,0.261596,-10.639854,446000,6135.0
447,1000,127.5727,15,0.3,,0,3,5,0.8292,0,818,0.581,952.7,840,0,0.012685,0.820476,-11.801718,447000,6148.3
448,1000,75.4782,12,0.24,,0,1,5,1.5811,0,1232,0.5018,1073.5,901,0,0.01275,0.384055,-10.16918,448000,6162.3
449,1000,106.3766,14,0.28,,0,2,5,1.5,0,774,0.5795,1048.7,760,0,0.012672,0.586133,-11.812273,449000,6176.1
450,1000,136.088,15,0.3,,0,2,5,1.299,0,129,0.4667,914.8,489,0,0.012478,0.822697,-11.56301,450000,6188.8
451,1000,150.6215,17,0.34,,0,4,5,0.433,0,333,0.6713,1039.5,770,0,0.013043,0.361189,-11.906036,451000,6217.8
452,1000,163.3917,18,0.36,,0,3,5,0.866,0,8,0.292,877.0,200,0,0.012972,0.348845,-11.606334,452000,6230.8
453,1000,142.619,17,0.34,,0,4,5,0.433,0,592,0.6128,1028.1,715,0,0.012791,0.677934,-10.997643,453000,6244.6
454,1000,164.0133,18,0.36,,0,3,5,0.866,0,174,0.5767,1017.9,784,0,0.012754,0.392778,-10.331856,454000,6258.6
455,1000,149.5311,17,0.34,,0,2,5,1.299,0,689,0.543,990.8,405,0,0.012902,0.374952,-10.802718,455000,6272.2
456,1000,178.3387,19,0.38,,0,4,5,0.433,0,184,0.5575,1073.5,953,0,0.013028,0.946297,-10.219624,456000,6285.6
457,1000,142.6392,16,0.32,,0,1,5,1.7321,0,321,0.4567,966.7,360,0,0.013204,0.398606,-10.111536,457000,6299.0
458,1000,130.7567,16,0.32,,0,2,5,1.2247,0,1068,0.4845,1073.5,620,0,0.012932,0.285104,-10.552259,458000,6312.6
459,1000,81.0134,13,0.26,,0,1,5,1.7854,0,1341,0.6847,1073.5,738,0,0.012851,0.629875,-10.148643,459000,6326.3
460,1000,114.7492,14,0.28,,0,2,5,1.5,0,708,0.4885,1073.5,854,0,0.013168,0.55857,-10.605576,460000,6340.0
461,1000,129.8205,18,0.36,,0,3,5,0.866,0,304,0.5403,1073.5,634,0,0.0129,0.590425,-9.26808,461000,6353.6
462,1000,136.1241,17,0.34,,0,2,5,1.299,0,706,0.3663,877.0,626,0,0.012992,0.232281,-10.715552,462000,6367.3
463,1000,191.8012,17,0.34,,0,2,5,1.299,1,189,0.376,934.4,562,0,0.012855,0.310923,-10.50572,463000,6380.9
464,1000,173.7751,20,0.4,,0,5,5,0.0,0,515,0.524,1001.1,787,0,0.012846,0.566795,-9.864905,464000,6394.4
465,1000,140.2944,16,0.32,,0,2,5,1.2247,0,187,0.6495,885.0,838,0,0.013143,0.295515,-10.6844,465000,6408.6
466,1000,129.339,16,0.32,,0,1,5,1.7321,0,500,0.3377,725.5,342,0,0.013028,0.667875,-10.608355,466000,6422.0
467,1000,153.8296,19,0.38,,0,4,5,0.433,0,245,0.6295,1026.8,696,0,0.013228,0.91718,-10.108316,467000,6435.5
468,1000,146.7199,17,0.34,,0,2,5,1.299,0,663,0.5383,1041.6,937,0,0.013131,0.398063,-9.547196,468000,6448.9
469,1000,126.6611,14,0.28,,0,1,5,1.6583,0,303,0.2657,661.9,618,0,0.013232,0.515674,-8.864631,469000,6461.9
470,1000,292.1854,20,0.4,,0,2,8,2.1213,3,1,0.3212,776.7,633,0,0.013401,0.402459,-8.749666,470000,6475.5
471,1000,151.052,18,0.36,,0,3,5,0.866,0,496,0.5048,1041.6,538,0,0.013794,0.397837,-8.573225,471000,6488.9
472,1000,159.1249,18,0.36,,0,3,5,0.866,0,195,0.5978,1000.0,904,0,0.013758,0.561676,-8.722395,472000,6502.3
473,1000,133.0956,16,0.32,,0,3,5,1.0,0,161,0.6745,1073.5,585,0,0.013795,0.776144,-8.906567,473000,6516.3
474,1000,156.0947,18,0.36,,0,3,5,0.866,0,44,0.1802,732.7,698,0,0.013442,0.256647,-8.615536,474000,6529.7
475,1000,154.1538,17,0.34,,0,2,5,1.299,0,345,0.401,905.1,592,0,0.013625,0.436557,-8.151537,475000,6543.1
476,1000,82.6373,11,0.22,,0,1,5,1.479,0,170,0.6827,1073.5,852,0,0.013455,0.589363,-8.454012,476000,6556.9
477,1000,135.8808,16,0.32,,0,3,5,0.7071,0,465,0.6492,1069.3,820,0,0.013852,0.622033,-9.321785,477000,6570.5
478,1000,152.844,17,0.34,,0,2,5,1.299,0,291,0.3715,896.6,457,0,0.013711,0.336158,-7.317,478000,6585.1
479,1000,136.3779,16,0.32,,0,3,5,1.0,0,48,0.6528,1068.0,496,0,0.013957,0.406644,-10.039743,479000,6599.8
480,1000,152.5515,18,0.36,,0,3,5,0.866,0,255,0.579,1005.9,691,0,0.013763,0.400794,-9.685695,480000,6613.2
481,1000,160.3047,17,0.34,,0,2,5,1.299,0,94,0.3902,851.8,734,0,0.014249,0.457554,-9.973834,481000,6626.7
482,1000,196.0019,18,0.36,,0,2,6,1.5,1,323,0.2812,997.8,970,0,0.014263,0.313218,-8.332184,482000,6640.3
483,1000,130.6925,17,0.34,,0,3,5,0.8292,0,313,0.624,1050.8,954,0,0.014402,0.532526,-8.640593,483000,6653.7
484,1000,249.2519,20,0.4,,0,5,5,0.0,2,453,0.3668,892.8,837,0,0.014262,0.609714,-7.208563,484000,6668.3
485,1000,153.1232,17,0.34,,0,2,5,1.299,0,295,0.3175,884.3,642,0,0.01411,0.387421,-7.336789,485000,6682.7
486,1000,192.4892,18,0.36,,0,3,5,0.866,1,16,0.423,909.3,714,0,0.014523,0.432981,-7.532884,486000,6696.2
487,1000,144.9644,16,0.32,,0,1,5,1.7321,0,741,0.5108,918.4,476,0,0.014235,0.504414,-7.256392,487000,6710.0
488,1000,198.3471,19,0.38,,0,2,7,1.7854,1,250,0.3877,811.4,723,0,0.014227,0.762763,-7.529564,488000,6723.7
489,1000,198.4449,18,0.36,,0,2,6,1.5,1,340,0.2612,721.6,702,0,0.014724,0.947014,-8.027581,489000,6737.0
490,1000,148.9999,16,0.32,,0,1,5,1.7321,0,31,0.1735,936.4,364,0,0.014724,0.545803,-7.333561,490000,6750.6
491,1000,261.1001,21,0.42,,0,5,6,0.433,2,233,0.1943,795.3,914,0,0.014861,0.641376,-7.730546,491000,6763.6
492,1000,153.426,18,0.36,,0,3,5,0.866,0,154,0.5357,927.6,671,0,0.014728,0.416082,-7.153381,492000,6777.4
493,1000,161.3852,18,0.36,,0,3,5,0.866,0,260,0.4148,853.5,419,0,0.014622,0.376255,-5.936099,493000,6791.0
494,1000,138.3578,17,0.34,,0,2,5,1.299,0,6,0.6565,977.3,352,0,0.014561,0.43892,-6.599964,494000,6804.8
495,1000,149.0876,18,0.36,,0,3,5,0.866,0,6,0.571,1067.9,725,0,0.014758,0.437214,-6.50822,495000,6818.0
496,1000,266.4234,22,0.44,,0,1,10,3.2016,2,553,0.3445,873.2,922,0,0.014674,0.335258,-5.526258,496000,6831.1
497,1000,296.2284,21,0.42,,0,3,7,1.479,3,358,0.286,973.6,942,0,0.014801,0.539781,-6.094643,497000,6844.8
498,1000,322.5422,26,0.52,,0,3,10,2.6926,2,83,0.3782,868.6,996,0,0.014965,0.538438,-5.129057,498000,6859.5
499,1000,290.6933,23,0.46,,0,5,7,0.8292,2,163,0.2675,1058.8,911,0,0.01517,0.546364,-5.546495,499000,6872.6
500,1000,231.8254,19,0.38,,0,4,5,0.433,2,82,0.3275,979.4,594,0,0.015454,0.400275,-4.968971,500000,6885.6
501,1000,260.1937,21,0.42,,0,5,6,0.433,2,302,0.422,920.3,884,0,0.015493,0.754974,-4.468715,501000,6913.9
502,1000,232.03,23,0.46,,0,5,8,1.299,1,98,0.574,1029.2,667,0,0.015674,0.840055,-5.300148,502000,6927.7
503,1000,174.1646,19,0.38,,0,4,5,0.433,0,229,0.5605,973.6,955,0,0.015765,0.695005,-4.849654,503000,6941.5
504,1000,217.2357,20,0.4,,0,5,5,0.0,1,203,0.1747,736.7,716,0,0.015694,0.845859,-6.685987,504000,6955.1
505,1000,138.3747,17,0.34,,0,2,5,1.299,0,385,0.616,972.2,896,0,0.015929,0.566622,-5.155417,505000,6968.6
506,1000,322.8968,23,0.46,,0,5,8,1.299,3,91,0.3232,916.4,779,0,0.015894,0.754988,-5.708147,506000,6981.9
507,1000,194.498,18,0.36,,0,3,5,0.866,1,350,0.4005,967.4,453,0,0.015801,1.046525,-6.239312,507000,6996.1
508,1000,214.4547,20,0.4,,0,5,5,0.0,1,215,0.4145,993.3,970,0,0.015593,0.638042,-5.684504,508000,7009.7
509,1000,229.4365,21,0.42,,0,1,10,3.1918,1,269,0.258,822.5,941,0,0.016008,1.020433,-4.011088,509000,7023.2
510,1000,149.3383,18,0.36,,0,3,5,0.866,0,904,0.4865,796.5,162,0,0.015744,0.652032,-4.243141,510000,7036.7
511,1000,145.685,17,0.34,,0,3,5,0.8292,0,782,0.6342,994.6,744,0,0.0161,0.820687,-5.649192,511000,7050.7
512,1000,203.1625,19,0.38,,0,4,5,0.433,1,0,0.1755,601.0,402,0,0.016305,0.396709,-4.879317,512000,7064.6
513,1000,289.0275,25,0.5,,0,5,10,2.1651,2,45,0.2835,760.1,855,0,0.016455,1.053433,-4.847467,513000,7078.0
514,1000,225.7685,18,0.36,,0,2,6,1.5,2,148,0.1375,591.9,695,0,0.016306,0.881282,-3.488457,514000,7092.0
515,1000,89.9527,13,0.26,,0,3,4,0.433,0,505,0.6887,1062.8,664,0,0.016561,1.048282,-3.966592,515000,7106.1
516,1000,155.6329,18,0.36,,0,3,5,0.866,0,294,0.3252,960.9,388,0,0.016893,1.149569,-5.488336,516000,7119.9
517,1000,186.3096,17,0.34,,0,2,5,1.299,1,886,0.3165,996.5,979,0,0.017027,0.884037,-4.645351,517000,7133.6
518,1000,161.4445,19,0.38,,0,4,5,0.433,0,1122,0.558,850.5,680,0,0.017061,0.295501,-3.666189,518000,7147.0
519,1000,229.3007,18,0.36,,0,1,7,2.1794,2,314,0.3377,821.3,824,0,0.017282,0.915897,-4.809116,519000,7160.3
520,1000,138.064,15,0.3,,0,2,5,1.299,0,0,0.2732,656.5,896,0,0.017449,1.512391,-3.926894,520000,7173.6
521,1000,191.2708,20,0.4,,0,5,5,0.0,0,166,0.3488,916.6,991,0,0.017508,0.326672,-3.72842,521000,7187.4
522,1000,222.1527,20,0.4,,0,5,5,0.0,1,34,0.1495,716.5,992,0,0.017256,0.414019,-3.879874,522000,7200.6
523,1000,320.7886,23,0.46,,0,5,6,0.433,3,286,0.3785,915.6,996,0,0.017366,0.891016,-4.063724,523000,7214.6
524,1000,203.1608,18,0.36,,0,3,5,0.866,1,362,0.3035,808.1,388,0,0.01779,0.324299,-2.872643,524000,7228.9
525,1000,153.4092,18,0.36,,0,3,5,0.866,0,226,0.5142,992.0,634,0,0.01766,0.264021,-3.099163,525000,7242.6
526,1000,183.6823,17,0.34,,0,2,5,1.299,1,106,0.3618,881.2,574,0,0.01754,0.310158,-2.756209,526000,7256.6
527,1000,275.3823,22,0.44,,0,4,7,1.118,2,200,0.2472,695.6,836,0,0.017909,0.36467,-3.626593,527000,7270.3
528,1000,176.9935,20,0.4,,0,5,5,0.0,0,114,0.2497,794.3,912,0,0.01749,0.847811,-4.368439,528000,7284.6
529,1000,278.5523,24,0.48,,0,4,10,2.3452,2,126,0.435,994.2,857,0,0.017739,1.131988,-3.561455,529000,7298.7
530,1000,290.403,24,0.48,,0,4,10,2.3452,2,221,0.3045,1005.8,999,0,0.017107,2.566524,-3.245616,530000,7313.0
531,1000,240.6035,19,0.38,,0,4,5,0.433,2,213,0.3713,816.9,537,0,0.017139,0.602091,-3.545887,531000,7326.9
532,1000,167.7846,17,0.34,,0,3,5,0.8292,1,490,0.553,838.2,876,0,0.017233,0.53392,-3.432271,532000,7340.7
533,1000,298.5274,21,0.42,,0,4,7,1.0897,3,38,0.2097,790.9,882,0,0.017745,0.8284,-2.775979,533000,7354.7
534,1000,173.435,15,0.3,,0,1,5,1.6394,1,20,0.25,704.1,290,0,0.017574,0.366643,-3.640272,534000,7368.3
535,1000,270.7542,22,0.44,,0,5,7,0.866,2,38,0.228,809.5,803,0,0.017321,0.868487,-2.146709,535000,7382.2
536,1000,217.1128,17,0.34,,0,2,5,1.299,2,77,0.2707,802.3,555,0,0.017301,0.703011,-3.933126,536000,7395.7
537,1000,150.0288,16,0.32,,0,3,5,1.0,0,13,0.3235,836.7,260,0,0.016995,0.48342,-3.765524,537000,7409.6
538,1000,289.4398,20,0.4,,0,5,5,0.0,3,147,0.262,859.3,920,0,0.017074,0.515394,-2.998487,538000,7423.2
539,1000,179.4681,17,0.34,,0,3,5,0.8292,1,332,0.3678,756.4,968,0,0.017224,0.717777,-3.222564,539000,7436.2
540,1000,258.3596,19,0.38,,0,1,8,2.4875,3,18,0.1172,645.5,898,0,0.017363,1.11039,-2.939479,540000,7448.7
541,1000,223.683,20,0.4,,0,4,6,0.7071,1,11,0.2707,717.3,925,0,0.01742,0.957127,-3.067913,541000,7461.5
542,1000,210.039,20,0.4,,0,5,5,0.0,1,187,0.5292,826.3,742,0,0.017496,0.512524,-3.892791,542000,7475.0
543,1000,215.5986,17,0.34,,0,1,6,1.9203,2,101,0.1945,723.6,966,0,0.017595,1.41442,-4.090137,543000,7488.5
544,1000,255.0253,20,0.4,,0,5,5,0.0,2,39,0.132,660.6,707,0,0.017686,0.659919,-3.407464,544000,7501.8
545,1000,200.6291,18,0.36,,0,2,6,1.5,1,264,0.2572,799.3,942,0,0.017674,0.699737,-3.625496,545000,7515.0
546,1000,291.0852,24,0.48,,0,5,9,1.7321,2,211,0.2028,869.3,1000,0,0.017864,1.108517,-4.170688,546000,7528.1
547,1000,167.9333,19,0.38,,0,4,5,0.433,0,80,0.457,893.6,415,0,0.017751,0.815276,-2.89743,547000,7541.2
548,1000,176.8471,19,0.38,,0,4,5,0.433,0,175,0.3225,760.3,761,0,0.018039,0.774078,-2.728013,548000,7554.6
549,1000,111.1726,14,0.28,,0,2,5,1.118,0,743,0.3033,911.8,911,0,0.017726,0.335559,-4.098455,549000,7568.0
550,1000,155.7603,18,0.36,,0,3,5,0.866,0,691,0.312,976.6,994,0,0.017502,0.525982,-3.062556,550000,7581.3
551,1000,180.3777,20,0.4,,0,5,5,0.0,0,426,0.587,985.1,977,0,0.017904,0.365692,-2.892089,551000,7610.0
552,1000,193.4792,18,0.36,,0,3,5,0.866,1,242,0.3045,828.2,703,0,0.018096,0.630952,-3.048562,552000,7623.9
553,1000,161.1908,16,0.32,,0,1,5,1.7321,1,785,0.3543,873.5,981,0,0.017959,0.540953,-3.123588,553000,7637.4
554,1000,241.8243,23,0.46,,0,5,8,1.299,1,108,0.216,788.1,939,0,0.018078,0.632467,-4.666033,554000,7651.3
555,1000,220.6484,20,0.4,,0,4,6,0.7071,1,0,0.2067,793.6,710,0,0.018198,1.037076,-3.470177,555000,7665.4
556,1000,209.0917,20,0.4,,0,5,5,0.0,1,516,0.4495,972.0,541,0,0.018194,0.428395,-3.576865,556000,7678.8
557,1000,285.8026,21,0.42,,0,5,6,0.433,3,399,0.2517,1073.5,859,0,0.018406,0.735436,-3.103559,557000,7692.5
558,1000,169.1521,18,0.36,,0,3,5,0.866,0,320,0.4763,960.3,882,0,0.018591,0.602017,-4.645119,558000,7706.7
559,1000,116.7595,14,0.28,,1,0,5,2.0616,0,420,0.2293,696.5,880,0,0.018808,0.448824,-2.922004,559000,7720.3
560,1000,250.3866,22,0.44,,0,3,9,2.1794,2,318,0.308,711.3,854,0,0.018966,0.533355,-2.150043,560000,7734.6
561,1000,158.7803,18,0.36,,0,4,5,0.5,0,80,0.2545,878.9,832,0,0.018848,0.801288,-3.036557,561000,7748.0
562,1000,212.2559,20,0.4,,0,5,5,0.0,1,170,0.4052,804.0,693,0,0.018613,0.465423,-3.853182,562000,7761.4
563,1000,224.5727,20,0.4,,0,5,5,0.0,1,212,0.466,887.4,569,0,0.01837,0.746422,-3.966558,563000,7775.1
564,1000,187.7734,17,0.34,,0,2,6,1.479,1,145,0.3658,771.0,722,0,0.018272,0.71839,-3.483221,564000,7788.8
565,1000,236.8904,19,0.38,,0,4,5,0.433,2,114,0.3855,707.0,629,0,0.018466,0.449142,-3.131091,565000,7802.1
566,1000,224.6331,18,0.36,,0,3,6,1.118,2,219,0.332,701.2,802,0,0.018359,0.746163,-4.825942,566000,7816.3
567,1000,208.7849,20,0.4,,0,5,5,0.0,1,435,0.5667,1050.6,884,0,0.018164,0.776332,-3.93409,567000,7829.9
568,1000,215.2678,20,0.4,,0,5,5,0.0,1,245,0.4268,987.4,448,0,0.018066,1.060234,-3.664082,568000,7842.9
569,1000,230.8484,22,0.44,,0,2,10,2.8723,1,469,0.2278,933.3,993,0,0.018011,0.92375,-3.844503,569000,7856.6
570,1000,192.7214,20,0.4,,0,5,5,0.0,0,198,0.5887,961.6,676,0,0.018133,0.444222,-4.49807,570000,7869.9
571,1000,127.4395,16,0.32,,0,3,5,0.7071,0,442,0.394,739.5,314,0,0.018043,0.446176,-3.69264,571000,7883.2
572,1000,205.07,16,0.32,,0,1,5,1.7321,2,228,0.212,653.1,690,0,0.018074,0.640092,-4.283384,572000,7896.8
573,1000,196.3682,18,0.36,,0,4,5,0.5,1,25,0.1643,732.8,886,0,0.017866,1.86355,-3.35871,573000,7910.2
574,1000,187.0157,20,0.4,,0,5,5,0.0,0,761,0.4462,1019.2,754,0,0.017554,0.575283,-3.84949,574000,7923.7
575,1000,223.9447,20,0.4,,0,4,6,0.7071,1,343,0.254,712.5,781,0,0.017471,0.996031,-4.579482,575000,7937.4
576,1000,216.8459,20,0.4,,0,5,5,0.0,1,0,0.1588,696.3,453,0,0.017413,0.551701,-3.512998,576000,7951.3
577,1000,226.5396,21,0.42,,0,4,7,1.0897,1,72,0.42,1000.2,953,0,0.017721,1.064287,-4.711528,577000,7965.0
578,1000,222.9528,22,0.44,,0,5,7,0.866,1,36,0.2062,746.3,913,0,0.017617,0.479493,-4.031863,578000,7978.0
579,1000,205.569,20,0.4,,0,4,6,0.7071,1,93,0.0887,617.0,570,0,0.017619,1.012708,-3.404351,579000,7991.3
580,1000,198.5241,19,0.38,,0,4,7,1.299,1,35,0.3145,808.5,977,0,0.017657,0.616299,-4.477855,580000,8005.0
581,1000,210.8597,20,0.4,,0,5,5,0.0,1,210,0.3043,827.6,198,0,0.017518,0.855893,-4.837422,581000,8018.8
582,1000,252.8163,20,0.4,,0,5,5,0.0,2,247,0.348,1072.2,539,0,0.017444,0.735858,-3.991217,582000,8033.4
583,1000,301.5739,22,0.44,,0,5,7,0.866,3,164,0.2973,952.8,779,0,0.017108,0.469833,-3.424178,583000,8046.9
584,1000,240.6714,22,0.44,,0,5,7,0.866,1,31,0.253,722.5,599,0,0.017017,0.655705,-3.859288,584000,8060.3
585,1000,312.5523,23,0.46,,0,5,7,0.8292,3,144,0.2878,779.5,920,0,0.017397,0.693641,-3.703346,585000,8073.9
586,1000,228.1986,21,0.42,,0,5,6,0.433,1,213,0.2305,905.2,677,0,0.016937,0.417538,-3.808904,586000,8087.7
587,1000,349.7471,27,0.54,,0,5,8,1.0897,3,542,0.3515,891.7,815,0,0.017434,0.682026,-4.396948,587000,8101.1
588,1000,235.6914,18,0.36,,1,0,7,2.6926,2,107,0.2692,766.2,915,0,0.017497,1.135678,-3.978103,588000,8114.7
589,1000,218.4665,20,0.4,,0,5,5,0.0,1,88,0.3093,889.0,500,0,0.017903,0.601284,-3.516035,589000,8127.4
590,1000,221.2267,21,0.42,,0,5,6,0.433,1,300,0.305,868.2,694,0,0.01751,0.835691,-5.415544,590000,8140.4
591,1000,125.4001,16,0.32,,0,3,5,1.0,0,1514,0.5425,1006.6,319,0,0.017264,0.458591,-3.716364,591000,8153.9
592,1000,150.3789,17,0.34,,0,2,5,1.299,0,320,0.609,1008.6,666,0,0.016986,0.724203,-5.408947,592000,8167.8
593,1000,178.7955,19,0.38,,0,4,5,0.433,0,148,0.4477,1051.7,688,0,0.017391,0.566222,-3.746522,593000,8182.0
594,1000,189.412,18,0.36,,0,3,5,0.866,1,170,0.422,697.5,724,0,0.017842,1.062777,-4.911386,594000,8195.9
595,1000,138.5716,19,0.38,,0,4,5,0.433,0,544,0.6205,1073.5,758,0,0.01787,0.689848,-6.422251,595000,8209.4
596,1000,205.5396,20,0.4,,0,5,5,0.0,1,315,0.4335,989.8,974,0,0.017608,0.654483,-4.882392,596000,8223.1
597,1000,77.3646,13,0.26,,0,1,5,1.7854,0,1810,0.69,1022.1,923,0,0.017595,0.905202,-5.525166,597000,8237.2
598,1000,174.7918,19,0.38,,0,4,5,0.433,0,406,0.282,1004.5,500,0,0.017304,0.458375,-5.148829,598000,8251.0
599,1000,197.796,19,0.38,,0,4,5,0.433,1,464,0.4118,765.6,855,0,0.016773,0.710442,-5.534119,599000,8264.9
600,1000,154.4065,20,0.4,,0,5,5,0.0,0,205,0.3795,1042.8,655,0,0.016915,0.772716,-5.643324,600000,8278.4
601,1000,212.5507,20,0.4,,0,5,5,0.0,1,124,0.2737,761.8,724,0,0.017298,0.415075,-4.90578,601000,8307.1
602,1000,165.2726,20,0.4,,0,5,5,0.0,0,455,0.5697,915.5,697,0,0.01746,0.506568,-5.667446,602000,8321.4
603,1000,247.8711,22,0.44,,0,5,7,0.866,1,205,0.4017,840.3,978,0,0.017474,0.650622,-4.974629,603000,8335.0
604,1000,145.9336,16,0.32,,0,2,5,1.2247,0,295,0.4093,765.1,181,0,0.017303,0.604606,-5.271141,604000,8350.4
605,1000,112.346,13,0.26,,0,2,5,1.299,0,177,0.4487,1073.5,945,0,0.017232,0.788867,-4.733596,605000,8365.1
606,1000,140.1297,15,0.3,,1,0,5,2.1651,0,46,0.317,733.2,406,0,0.017425,0.36084,-5.390969,606000,8379.0
607,1000,176.047,20,0.4,,0,5,5,0.0,0,41,0.3628,899.9,799,0,0.017398,0.361869,-5.53645,607000,8393.1
608,1000,236.5445,21,0.42,,0,5,6,0.433,1,171,0.4088,898.4,893,0,0.0175,0.726849,-5.223787,608000,8407.3
609,1000,153.6136,18,0.36,,0,3,5,0.866,0,1312,0.5705,855.5,382,0,0.017118,0.524015,-5.087307,609000,8421.1
610,1000,210.032,21,0.42,,0,4,7,1.0897,1,71,0.2705,752.3,942,0,0.017087,0.512802,-5.271646,610000,8434.0
611,1000,214.3955,20,0.4,,0,5,5,0.0,1,98,0.1605,942.4,786,0,0.017009,0.571684,-5.417097,611000,8447.4
612,1000,197.1748,19,0.38,,0,4,5,0.433,1,135,0.1005,841.7,590,0,0.017129,0.786331,-6.336463,612000,8461.2
613,1000,111.8635,14,0.28,,0,2,5,1.118,0,15,0.211,647.9,101,0,0.016962,0.51504,-5.77787,613000,8474.7
614,1000,198.2611,20,0.4,,0,5,5,0.0,0,333,0.3588,928.3,676,0,0.016732,0.519232,-4.775988,614000,8488.1
615,1000,278.8107,24,0.48,,0,5,8,1.2247,2,25,0.3855,879.6,932,0,0.016857,0.421691,-4.330226,615000,8501.5
616,1000,221.7336,20,0.4,,0,4,6,0.7071,1,121,0.4783,1073.5,938,0,0.016927,0.734306,-5.163918,616000,8515.0
617,1000,129.0282,16,0.32,,0,3,5,0.7071,0,583,0.5102,756.0,390,0,0.017412,0.873867,-4.839476,617000,8528.3
618,1000,186.7899,20,0.4,,0,5,5,0.0,0,43,0.1802,817.7,880,0,0.017509,0.698298,-5.412627,618000,8542.2
619,1000,183.1346,20,0.4,,0,5,5,0.0,0,210,0.4768,830.3,689,0,0.017633,1.05807,-5.280928,619000,8555.9
620,1000,172.4648,19,0.38,,0,4,5,0.433,0,304,0.405,864.6,529,0,0.017682,0.297313,-5.503689,620000,8570.2
621,1000,345.6643,26,0.52,,0,5,9,1.6583,3,184,0.2635,830.8,574,0,0.01774,0.613283,-4.997379,621000,8583.7
622,1000,185.6312,20,0.4,,0,5,5,0.0,0,13,0.1273,769.2,896,0,0.018435,0.962425,-6.181387,622000,8598.1
623,1000,216.1187,20,0.4,,0,5,5,0.0,1,173,0.231,715.0,451,0,0.017929,1.594909,-5.852746,623000,8612.4
624,1000,221.6262,21,0.42,,0,5,6,0.433,1,63,0.3912,903.0,944,0,0.017529,0.72037,-6.766971,624000,8625.8
625,1000,140.0964,16,0.32,,0,3,5,0.7071,0,97,0.2405,791.8,641,0,0.017428,1.030806,-6.558757,625000,8639.5
626,1000,182.4683,17,0.34,,0,2,5,1.299,1,76,0.1878,742.6,432,0,0.017595,0.690007,-5.085771,626000,8653.5
627,1000,185.386,18,0.36,,0,3,5,0.866,1,346,0.3673,714.7,695,0,0.017136,0.445042,-4.484673,627000,8667.4
628,1000,157.1687,19,0.38,,0,4,5,0.433,0,580,0.502,1073.5,947,0,0.017305,0.537254,-4.740481,628000,8681.8
629,1000,222.2347,21,0.42,,0,5,6,0.433,1,384,0.306,881.0,614,0,0.017008,0.746287,-4.833145,629000,8695.7
630,1000,203.0878,19,0.38,,0,4,5,0.433,1,32,0.2615,748.3,676,0,0.017028,0.668104,-5.760791,630000,8709.4
631,1000,216.8075,19,0.38,,0,4,5,0.433,2,162,0.2015,794.1,792,0,0.017105,0.797455,-6.487571,631000,8722.8
632,1000,230.4314,21,0.42,,0,3,8,1.7854,1,17,0.3302,822.8,924,0,0.016991,0.866439,-4.651194,632000,8736.4
633,1000,215.9018,20,0.4,,0,5,5,0.0,1,24,0.554,1068.5,677,0,0.017005,0.680452,-5.036153,633000,8750.1
634,1000,253.8293,20,0.4,,0,4,6,0.7071,2,6,0.2605,917.2,465,0,0.017327,1.075383,-6.016107,634000,8763.1
635,1000,134.4263,16,0.32,,0,2,5,1.2247,0,779,0.4368,967.3,461,0,0.017321,0.822223,-6.148281,635000,8776.6
636,1000,158.7295,15,0.3,,0,3,5,0.8292,1,354,0.5337,985.2,852,0,0.017239,1.062472,-5.014676,636000,8790.2
637,1000,196.2354,17,0.34,,0,2,6,1.479,1,29,0.2915,818.0,998,0,0.017427,0.342165,-5.725973,637000,8803.3
638,1000,218.7387,17,0.34,,0,2,6,1.479,2,8,0.261,763.4,499,0,0.017352,0.345399,-5.580012,638000,8816.3
639,1000,99.9789,13,0.26,,0,2,5,1.0897,0,385,0.5032,1073.5,659,0,0.017492,1.088912,-5.991393,639000,8829.5
640,1000,243.3253,19,0.38,,0,3,6,1.0897,2,54,0.243,879.4,775,0,0.017591,0.722298,-6.223818,640000,8843.1
641,1000,243.478,20,0.4,,0,5,5,0.0,2,9,0.2032,735.5,377,0,0.017646,0.798902,-5.415448,641000,8856.9
642,1000,320.1,24,0.48,,0,5,9,1.7321,3,157,0.2347,731.6,758,0,0.017716,0.560145,-4.83823,642000,8870.6
643,1000,182.9849,18,0.36,,0,3,5,0.866,1,846,0.3985,1002.4,669,0,0.017488,1.226776,-5.756317,643000,8883.9
644,1000,246.649,19,0.38,,0,2,7,1.7854,2,363,0.2918,910.3,873,0,0.017441,0.369108,-5.693501,644000,8897.6
645,1000,178.6026,18,0.36,,0,3,5,0.866,1,644,0.5367,938.6,636,0,0.017885,0.501193,-5.567279,645000,8910.8
646,1000,223.4256,20,0.4,,0,5,5,0.0,1,0,0.31,686.4,500,0,0.017827,0.488694,-5.675482,646000,8924.1
647,1000,289.0607,25,0.5,,0,5,8,1.299,2,36,0.1735,801.6,836,0,0.017732,0.648915,-5.722409,647000,8937.2
648,1000,149.691,19,0.38,,0,4,5,0.433,0,617,0.2757,860.2,448,0,0.017446,0.548684,-6.261937,648000,8950.2
649,1000,266.0995,22,0.44,,0,5,7,0.866,2,232,0.514,814.0,858,0,0.016873,0.564123,-5.538414,649000,8963.3
650,1000,237.0146,19,0.38,,0,3,6,1.0897,2,221,0.3185,768.4,890,0,0.017142,0.46837,-5.244705,650000,8977.3
651,1000,199.5239,19,0.38,,0,4,5,0.433,1,580,0.378,749.1,298,0,0.016792,0.509747,-4.648889,651000,9006.6
652,1000,165.0326,18,0.36,,0,3,5,0.866,0,176,0.5112,1073.5,745,0,0.016992,0.528,-6.081234,652000,9019.7
653,1000,200.1733,18,0.36,,0,3,5,0.866,1,108,0.2092,751.5,941,0,0.017016,0.79487,-5.892876,653000,9033.5
654,1000,273.2104,20,0.4,,0,5,5,0.0,3,92,0.216,765.0,734,0,0.01683,0.782698,-6.389887,654000,9046.5
655,1000,250.3306,20,0.4,,0,4,6,0.7071,2,219,0.2392,780.9,955,0,0.016705,0.39845,-5.541709,655000,9060.2
656,1000,179.2101,20,0.4,,0,5,5,0.0,0,906,0.525,1067.1,628,0,0.016238,0.727591,-6.806002,656000,9073.7
657,1000,171.7922,19,0.38,,0,4,5,0.433,0,129,0.286,849.5,572,0,0.015918,1.132321,-5.29603,657000,9087.0
658,1000,207.4728,19,0.38,,0,3,6,1.0897,1,219,0.3575,864.3,938,0,0.015488,0.605223,-4.959007,658000,9101.0
659,1000,172.9855,19,0.38,,0,4,5,0.433,0,311,0.426,1069.5,509,0,0.015537,0.714095,-5.537993,659000,9114.3
660,1000,288.1492,20,0.4,,0,5,5,0.0,3,348,0.3515,703.0,356,0,0.015527,0.67092,-5.267555,660000,9127.4
661,1000,238.3389,22,0.44,,0,5,7,0.866,1,110,0.3287,879.6,663,0,0.015426,0.552198,-5.064978,661000,9140.9
662,1000,263.3905,20,0.4,,0,4,6,0.7071,2,111,0.236,852.6,919,0,0.015443,0.296271,-5.758541,662000,9154.5
663,1000,261.6952,21,0.42,,0,4,7,1.0897,2,334,0.2685,715.4,689,0,0.015508,0.720543,-5.865652,663000,9168.2
664,1000,200.5253,20,0.4,,0,5,5,0.0,1,39,0.2948,788.7,352,0,0.01533,0.612501,-5.276369,664000,9181.2
665,1000,241.495,21,0.42,,0,5,6,0.433,2,438,0.4685,1063.8,831,0,0.015575,0.64225,-5.376404,665000,9194.3
666,1000,189.5222,18,0.36,,0,3,5,0.866,1,420,0.275,901.2,887,0,0.015216,0.369656,-5.51516,666000,9207.6
667,1000,194.5136,18,0.36,,0,4,5,0.5,1,4,0.16,724.6,659,0,0.015244,0.760392,-5.28841,667000,9220.7
668,1000,319.1897,23,0.46,,0,5,8,1.299,3,155,0.272,905.5,940,0,0.015741,0.428995,-6.187799,668000,9234.2
669,1000,164.8226,19,0.38,,0,4,5,0.433,0,11,0.1125,608.7,779,0,0.015446,0.560084,-6.664699,669000,9247.4
670,1000,279.6205,25,0.5,,0,5,10,2.1651,1,122,0.3033,804.6,935,0,0.015567,0.902778,-4.877323,670000,9261.5
671,1000,242.644,20,0.4,,0,5,5,0.0,2,300,0.3065,883.2,667,0,0.015816,0.678826,-5.171968,671000,9274.7
672,1000,298.4789,21,0.42,,0,4,7,1.0897,3,289,0.4265,802.8,855,0,0.015994,0.47502,-5.732229,672000,9288.6
673,1000,120.8178,15,0.3,,0,2,5,1.299,0,536,0.3782,994.5,253,0,0.016237,1.204179,-5.277848,673000,9302.2
674,1000,221.4124,19,0.38,,0,4,5,0.433,1,44,0.341,852.4,785,0,0.016328,0.820116,-5.786675,674000,9315.5
675,1000,204.2185,19,0.38,,0,4,5,0.433,1,117,0.3307,990.1,996,0,0.016117,0.319804,-5.191847,675000,9329.0
676,1000,262.1805,19,0.38,,0,4,5,0.433,3,54,0.37,782.8,537,0,0.016195,0.767815,-4.805968,676000,9342.6
677,1000,250.6609,23,0.46,,0,4,9,1.9203,1,11,0.1973,664.2,839,0,0.016424,0.794068,-6.054564,677000,9356.0
678,1000,244.6949,22,0.44,,0,5,7,0.866,1,0,0.298,850.8,870,0,0.01603,0.891171,-5.30535,678000,9369.6
679,1000,203.011,19,0.38,,0,4,5,0.433,1,44,0.1985,702.5,877,0,0.016387,0.71149,-5.96282,679000,9383.0
680,1000,243.813,23,0.46,,0,4,9,1.9203,1,723,0.4477,974.7,926,0,0.016103,0.42223,-5.287353,680000,9396.7
681,1000,164.4895,18,0.36,,0,4,5,0.5,0,92,0.2777,825.5,494,0,0.015986,0.499837,-5.322941,681000,9410.1
682,1000,131.6353,15,0.3,,0,1,5,1.6394,0,55,0.3355,748.8,714,0,0.015927,0.367803,-5.650576,682000,9423.7
683,1000,239.6848,20,0.4,,0,5,5,0.0,2,0,0.1415,679.0,425,0,0.015916,0.896639,-5.88053,683000,9437.1
684,1000,242.8395,19,0.38,,0,2,8,2.1651,2,20,0.2107,762.2,745,0,0.015813,0.590068,-5.755348,684000,9450.2
685,1000,232.8812,21,0.42,,0,5,6,0.433,1,119,0.274,702.3,528,0,0.016006,0.674197,-6.028682,685000,9463.7
686,1000,241.9847,19,0.38,,0,3,6,1.0897,2,80,0.3162,971.0,909,0,0.015778,0.948432,-6.078072,686000,9477.4
687,1000,224.6774,18,0.36,,0,4,5,0.5,2,40,0.1827,642.6,497,0,0.015664,0.870458,-5.061047,687000,9490.7
688,1000,189.9315,17,0.34,,0,3,5,0.8292,1,28,0.1217,744.9,291,0,0.015727,0.845523,-5.894352,688000,9503.8
689,1000,215.8161,19,0.38,,0,4,5,0.433,1,111,0.2512,817.1,568,0,0.015518,0.477905,-6.05938,689000,9516.9
690,1000,147.2208,17,0.34,,0,3,5,0.8292,0,136,0.2233,826.5,351,0,0.015386,0.620684,-5.430275,690000,9530.6
691,1000,217.5415,21,0.42,,0,3,9,2.2776,1,239,0.247,700.3,836,0,0.015224,1.243716,-6.206088,691000,9544.2
692,1000,228.3258,21,0.42,,0,1,10,3.1918,1,247,0.5252,909.7,975,0,0.015142,0.777224,-5.067602,692000,9557.6
693,1000,201.2755,19,0.38,,0,3,7,1.479,1,17,0.249,767.6,957,0,0.015188,1.094172,-5.869905,693000,9572.4
694,1000,138.531,17,0.34,,0,3,5,0.8292,0,1059,0.5447,1073.5,558,0,0.015522,0.683815,-5.883971,694000,9586.2
695,1000,184.8915,19,0.38,,0,4,5,0.433,1,278,0.2008,721.3,295,0,0.015248,0.43195,-6.692904,695000,9599.1
696,1000,232.9847,21,0.42,,0,5,6,0.433,1,20,0.1275,716.0,930,0,0.015547,0.682731,-5.858169,696000,9612.2
697,1000,232.7337,19,0.38,,0,3,6,1.0897,2,117,0.2505,835.1,983,0,0.015055,0.715244,-4.826182,697000,9626.0
698,1000,241.1732,19,0.38,,0,4,5,0.433,2,61,0.1467,793.9,279,0,0.014861,0.412477,-5.621313,698000,9640.2
699,1000,166.7448,19,0.38,,0,4,5,0.433,0,217,0.3653,964.7,424,0,0.014881,0.488962,-5.172882,699000,9653.9
700,1000,132.3066,16,0.32,,0,2,5,1.2247,0,968,0.4923,1073.5,710,0,0.014922,0.817208,-5.973236,700000,9667.3
701,1000,201.3602,19,0.38,,0,4,5,0.433,1,613,0.5122,1073.5,830,0,0.014865,0.371189,-5.902406,701000,9695.7
702,1000,193.8505,19,0.38,,0,4,5,0.433,1,787,0.5597,1012.3,934,0,0.015073,0.638291,-6.092916,702000,9709.2
703,1000,203.6311,19,0.38,,0,4,5,0.433,1,28,0.177,631.2,391,0,0.014964,0.490645,-6.354352,703000,9722.7
704,1000,199.9217,19,0.38,,0,4,5,0.433,1,442,0.268,762.2,472,0,0.014978,0.636559,-4.994693,704000,9737.0
705,1000,281.1519,23,0.46,,0,5,8,1.299,2,73,0.161,799.6,925,0,0.014776,0.335961,-5.357689,705000,9750.4
706,1000,248.0193,20,0.4,,0,4,6,0.7071,2,488,0.2687,793.2,909,0,0.014614,0.440575,-5.537871,706000,9764.0
707,1000,222.0933,21,0.42,,0,4,7,1.0897,1,348,0.4955,943.9,920,0,0.014452,0.298066,-5.161917,707000,9777.2
708,1000,188.3573,18,0.36,,0,3,5,0.866,1,286,0.255,910.3,489,0,0.014398,0.341687,-4.211041,708000,9790.7
709,1000,271.7356,23,0.46,,0,5,8,1.299,2,78,0.1108,671.3,934,0,0.014413,0.318795,-4.789889,709000,9804.1
710,1000,211.9487,21,0.42,,0,4,7,1.0897,1,879,0.5092,1022.9,986,0,0.014534,0.371442,-5.537681,710000,9818.2
711,1000,224.7537,20,0.4,,0,5,5,0.0,1,80,0.2908,783.2,440,0,0.014568,0.847086,-5.988798,711000,9831.8
712,1000,156.0815,17,0.34,,0,2,5,1.299,0,327,0.376,744.8,598,0,0.014905,1.079737,-6.281821,712000,9845.5
713,1000,163.885,18,0.36,,0,3,5,0.866,0,179,0.2755,898.3,222,0,0.014746,0.427142,-5.420077,713000,9858.7
714,1000,215.1536,20,0.4,,0,4,7,1.2247,1,17,0.1427,686.1,955,0,0.015001,0.865167,-5.504764,714000,9872.1
715,1000,307.344,23,0.46,,0,5,7,0.8292,3,16,0.113,752.3,944,0,0.01501,0.529674,-5.887189,715000,9885.3
716,1000,216.9189,20,0.4,,0,5,5,0.0,1,17,0.185,730.5,811,0,0.015082,0.830423,-5.288564,716000,9898.5
717,1000,206.4924,17,0.34,,0,3,5,0.8292,2,271,0.4808,923.8,247,0,0.014879,0.44692,-5.934177,717000,9911.8
718,1000,126.0724,17,0.34,,0,4,5,0.433,0,43,0.14,786.9,408,0,0.014812,0.474925,-5.600122,718000,9925.4
719,1000,251.8161,20,0.4,,0,5,5,0.0,2,2,0.2802,697.4,598,0,0.014685,0.471131,-5.175322,719000,9938.9
720,1000,173.5716,19,0.38,,0,4,5,0.433,0,221,0.2775,878.5,410,0,0.014622,0.728658,-5.140813,720000,9951.9
721,1000,368.1281,29,0.58,,0,4,10,2.3848,3,9,0.34,961.0,877,0,0.014141,0.563392,-5.535797,721000,9965.4
722,1000,376.6666,26,0.52,,0,5,9,1.6583,4,59,0.3302,795.8,921,0,0.013998,1.468512,-5.95113,722000,9979.3
723,1000,169.8108,19,0.38,,0,4,5,0.433,0,384,0.2823,783.8,600,0,0.013901,0.434535,-5.628181,723000,9993.3
724,1000,125.4714,14,0.28,,0,1,5,1.6583,0,0,0.1202,640.1,234,0,0.01437,0.511376,-5.199579,724000,10007.5
725,1000,126.575,16,0.32,,0,3,5,1.0,0,1239,0.5587,854.6,922,0,0.014147,0.735587,-5.242824,725000,10021.5
726,1000,181.269,18,0.36,,0,3,9,2.5981,1,531,0.2182,695.1,766,0,0.014381,0.943508,-6.57507,726000,10036.3
727,1000,261.7314,22,0.44,,0,3,9,2.1794,2,334,0.1725,747.2,763,0,0.014215,0.650283,-5.445864,727000,10050.3
728,1000,248.0084,20,0.4,,0,3,8,1.8708,2,461,0.466,974.4,674,0,0.01388,1.047699,-5.448779,728000,10064.3
729,1000,264.9546,22,0.44,,0,2,9,2.5,2,1,0.13,642.0,989,0,0.014169,0.567184,-5.739029,729000,10078.6
730,1000,147.8746,18,0.36,,0,3,5,0.866,0,275,0.305,839.2,730,0,0.014385,0.422267,-4.285661,730000,10092.5
731,1000,188.7369,18,0.36,,0,3,5,0.866,1,183,0.3852,933.6,845,0,0.014192,0.431308,-6.316916,731000,10107.6
732,1000,152.6618,17,0.34,,0,3,5,0.8292,0,162,0.2868,712.6,921,0,0.014303,0.419569,-5.656048,732000,10121.1
733,1000,280.3069,23,0.46,,0,4,8,1.479,2,200,0.2535,838.6,893,0,0.013973,0.59608,-4.60429,733000,10134.3
734,1000,192.1513,17,0.34,,0,2,5,1.299,1,0,0.2008,590.7,254,0,0.013682,0.697265,-4.640932,734000,10147.8
735,1000,229.8936,22,0.44,,0,5,7,0.866,1,276,0.2215,921.8,994,0,0.013619,0.979883,-5.022816,735000,10161.8
736,1000,169.0095,18,0.36,,0,4,6,0.866,1,961,0.2402,669.6,990,0,0.01371,0.661247,-5.329273,736000,10175.3
737,1000,110.0165,14,0.28,,0,3,4,0.5,0,118,0.171,579.3,122,0,0.013459,0.518059,-5.350934,737000,10187.9
738,1000,93.1123,12,0.24,,0,1,5,1.4142,0,444,0.5195,734.7,140,0,0.013628,0.398843,-4.833998,738000,10201.1
739,1000,229.1144,21,0.42,,0,5,6,0.433,1,159,0.315,611.6,994,0,0.013666,0.751687,-4.758754,739000,10214.7
740,1000,194.6172,18,0.36,,0,4,5,0.5,1,0,0.0948,709.5,581,0,0.013721,0.508349,-5.306904,740000,10228.4
741,1000,57.903,8,0.16,,1,0,4,1.5811,0,113,0.1655,582.0,368,0,0.013851,0.597534,-4.071729,741000,10242.3
742,1000,163.1902,18,0.36,,0,3,5,0.866,0,134,0.2278,781.2,547,0,0.013582,0.27676,-5.014366,742000,10255.7
743,1000,165.5398,15,0.3,,0,2,5,1.299,1,12,0.1148,703.8,193,0,0.013722,0.660445,-5.791469,743000,10269.4
744,1000,298.1086,24,0.48,,0,5,8,1.2247,2,8,0.288,706.1,952,0,0.013802,0.584161,-6.946352,744000,10282.6
745,1000,159.6398,18,0.36,,0,3,5,0.866,0,3,0.2885,698.2,445,0,0.013618,0.462971,-5.700304,745000,10296.3
746,1000,255.6152,21,0.42,,0,2,9,2.4875,2,244,0.3897,917.0,960,0,0.013649,0.561965,-6.551047,746000,10309.8
747,1000,280.4661,23,0.46,,0,4,9,1.9203,2,585,0.3623,976.5,973,0,0.013913,0.401286,-5.357258,747000,10323.0
748,1000,232.7829,19,0.38,,0,4,5,0.433,2,25,0.216,751.9,385,0,0.013879,0.541138,-5.33243,748000,10336.7
749,1000,154.5202,15,0.3,,0,2,5,1.0897,1,184,0.2013,647.0,432,0,0.013876,0.504928,-5.331199,749000,10350.4
750,1000,125.3445,15,0.3,,0,2,5,1.299,0,594,0.2442,885.3,217,0,0.013694,0.44608,-5.095094,750000,10364.0
751,1000,206.6238,19,0.38,,0,4,5,0.433,1,301,0.483,968.3,634,0,0.013879,0.570291,-5.127452,751000,10392.5
752,1000,181.3609,17,0.34,,0,3,5,0.8292,1,0,0.1698,733.7,507,0,0.013916,0.581051,-5.782456,752000,10405.7
753,1000,194.3235,19,0.38,,0,3,8,1.9203,1,361,0.3055,785.0,912,0,0.013994,0.471843,-5.50377,753000,10419.8
754,1000,260.8356,20,0.4,,0,4,6,0.7071,2,158,0.285,731.4,799,0,0.014212,0.618804,-5.172379,754000,10432.9
755,1000,235.6877,19,0.38,,0,4,5,0.433,2,281,0.208,794.9,862,0,0.013976,0.553923,-4.917149,755000,10446.3
756,1000,147.1251,17,0.34,,0,3,5,0.8292,0,53,0.2162,719.5,659,0,0.013935,0.818555,-4.754603,756000,10460.0
757,1000,216.4991,20,0.4,,0,4,6,0.7071,1,78,0.2923,695.0,975,0,0.013908,0.40291,-4.021395,757000,10473.6
758,1000,280.5076,23,0.46,,0,5,8,1.299,2,20,0.2165,797.6,992,0,0.013753,0.349528,-5.44545,758000,10487.6
759,1000,123.0276,14,0.28,,0,2,5,1.118,0,150,0.2662,833.9,845,0,0.014081,0.747909,-5.169169,759000,10501.7
760,1000,156.0426,14,0.28,,0,1,5,1.6583,1,0,0.181,703.2,236,0,0.014193,2.339839,-6.144931,760000,10515.2
761,1000,227.6475,21,0.42,,0,2,9,2.4875,1,362,0.2457,665.8,870,0,0.014166,0.264215,-5.643343,761000,10528.9
762,1000,181.9443,17,0.34,,0,3,5,0.8292,1,540,0.332,765.6,428,0,0.013841,0.664132,-4.753854,762000,10542.5
763,1000,154.8372,18,0.36,,0,4,5,0.5,0,400,0.259,863.0,328,0,0.01423,0.336916,-5.955862,763000,10557.1
764,1000,122.1091,15,0.3,,0,3,4,0.433,0,657,0.385,826.0,774,0,0.014133,0.562668,-5.125247,764000,10572.5
765,1000,172.476,16,0.32,,0,2,5,1.2247,1,175,0.2023,715.0,141,0,0.014377,0.729666,-6.3276,765000,10587.1
766,1000,145.9893,17,0.34,,0,3,5,0.8292,0,414,0.4545,733.7,298,0,0.014407,0.426253,-5.438529,766000,10602.0
767,1000,183.7832,17,0.34,,0,3,6,1.299,1,268,0.3887,772.9,846,0,0.014118,0.592214,-6.124585,767000,10615.3
768,1000,127.1601,16,0.32,,0,3,5,0.7071,0,1363,0.4793,873.5,686,0,0.014042,1.130099,-5.376532,768000,10628.9
769,1000,183.7108,18,0.36,,0,4,5,0.5,1,553,0.5252,1010.8,210,0,0.014262,0.421403,-6.245758,769000,10642.8
770,1000,116.7541,16,0.32,,0,3,5,0.7071,0,819,0.5082,696.8,730,0,0.01398,0.456872,-5.777249,770000,10656.2
771,1000,159.457,16,0.32,,0,3,6,1.2247,1,1152,0.5485,970.8,967,0,0.013901,0.401702,-5.373126,771000,10670.5
772,1000,231.1918,21,0.42,,0,4,7,1.0897,1,388,0.428,883.1,818,0,0.013974,0.328864,-4.836562,772000,10684.3
773,1000,161.0539,14,0.28,,1,0,6,2.2913,1,214,0.2848,794.3,911,0,0.014106,0.484804,-6.139984,773000,10698.2
774,1000,133.2984,15,0.3,,0,1,5,1.6394,0,157,0.1605,678.5,1000,0,0.013949,0.970705,-6.908301,774000,10712.1
775,1000,268.3874,21,0.42,,0,4,7,1.0897,2,0,0.1398,751.6,704,0,0.014052,0.379336,-5.325265,775000,10726.3
776,1000,202.5788,19,0.38,,0,4,5,0.433,1,959,0.5048,1019.0,921,0,0.013581,0.439924,-5.884367,776000,10740.0
777,1000,152.2599,18,0.36,,0,3,5,0.866,0,362,0.3695,842.8,557,0,0.013632,0.354849,-6.026402,777000,10753.5
778,1000,237.0995,22,0.44,,0,4,8,1.5,1,91,0.3222,691.5,810,0,0.013678,0.279525,-5.728448,778000,10767.6
779,1000,181.8448,17,0.34,,0,3,6,1.0897,1,284,0.5533,1073.5,749,0,0.013663,0.465201,-4.825209,779000,10781.4
780,1000,202.2484,20,0.4,,0,4,6,0.7071,1,548,0.5105,938.1,905,0,0.013613,0.351695,-5.341007,780000,10794.6
781,1000,187.6514,17,0.34,,0,3,5,0.8292,1,298,0.1537,768.6,573,0,0.013444,0.569052,-5.880304,781000,10808.0
782,1000,172.6059,20,0.4,,0,5,5,0.0,0,558,0.4537,995.3,399,0,0.013409,0.477986,-5.217026,782000,10821.4
783,1000,166.5355,19,0.38,,0,4,5,0.433,0,116,0.3902,790.7,662,0,0.013035,0.461051,-5.423194,783000,10835.2
784,1000,211.7646,20,0.4,,0,3,7,1.4142,1,146,0.27,708.7,988,0,0.01298,0.29723,-4.905269,784000,10848.4
785,1000,252.3441,23,0.46,,0,4,9,1.9203,1,102,0.2333,756.7,991,0,0.01317,0.494825,-5.235608,785000,10861.8
786,1000,184.7845,17,0.34,,0,3,5,0.8292,1,531,0.4412,1053.6,907,0,0.013295,0.786696,-4.3568,786000,10873.9
787,1000,195.1828,19,0.38,,0,4,6,0.8292,1,289,0.3703,942.6,647,0,0.013262,0.537493,-5.456117,787000,10885.0
788,1000,196.4757,18,0.36,,0,3,5,0.866,1,528,0.5717,1044.5,715,0,0.013137,0.315064,-5.682933,788000,10895.7
789,1000,135.8893,16,0.32,,0,3,5,0.7071,0,17,0.145,640.8,247,0,0.013272,0.703395,-6.710386,789000,10906.7
790,1000,122.5808,15,0.3,,0,2,5,1.0897,0,914,0.3975,1001.2,312,0,0.013441,0.436944,-5.376942,790000,10917.4
791,1000,152.3691,17,0.34,,0,2,5,1.299,0,434,0.3733,884.1,803,0,0.013842,0.46998,-5.78129,791000,10928.2
792,1000,140.3957,16,0.32,,0,3,5,0.7071,0,582,0.5747,886.5,639,0,0.013987,0.856365,-5.323334,792000,10939.6
793,1000,164.6967,17,0.34,,0,3,5,0.8292,1,696,0.3165,878.5,904,0,0.014073,0.819581,-6.085732,793000,10950.5
794,1000,225.8622,21,0.42,,0,4,7,1.0897,1,410,0.3292,959.3,628,0,0.0139,0.452105,-5.553635,794000,10961.8
795,1000,151.4549,18,0.36,,0,4,5,0.5,0,775,0.3345,797.3,964,0,0.013607,0.30839,-6.207037,795000,10973.0
796,1000,97.1598,12,0.24,,0,2,4,0.7071,0,68,0.3,852.5,625,0,0.014254,0.289675,-6.189574,796000,10984.9
797,1000,178.3612,17,0.34,,0,3,5,0.8292,1,386,0.5028,1073.5,916,0,0.014321,0.788971,-5.890523,797000,10996.8
798,1000,167.1605,19,0.38,,0,4,5,0.433,0,548,0.4007,865.7,509,0,0.014083,0.653102,-5.793643,798000,11008.6
799,1000,221.8911,21,0.42,,0,4,8,1.6394,1,493,0.529,1072.7,914,0,0.014119,0.361971,-6.574948,799000,11020.1
800,1000,160.2678,17,0.34,,0,3,5,0.8292,0,43,0.3545,825.4,710,0,0.014243,0.459123,-5.680557,800000,11031.7
801,1000,201.0453,19,0.38,,0,3,6,1.0897,1,260,0.4685,995.2,835,0,0.014185,0.382297,-6.433825,801000,11056.8
802,1000,218.3335,21,0.42,,0,4,7,1.0897,1,183,0.4387,806.9,590,0,0.014097,0.79098,-6.117635,802000,11067.5
803,1000,217.3241,20,0.4,,0,5,5,0.0,1,232,0.4045,959.0,425,0,0.01443,0.576634,-5.626258,803000,11079.6
804,1000,240.7888,22,0.44,,0,5,7,0.866,1,213,0.4303,794.3,942,0,0.014357,0.353109,-5.237913,804000,11091.3
805,1000,130.5354,17,0.34,,0,4,5,0.433,0,155,0.2552,751.8,605,0,0.014421,0.362539,-5.107865,805000,11103.4
806,1000,157.4963,18,0.36,,0,3,5,0.866,0,39,0.2777,733.4,456,0,0.014446,0.427568,-6.51385,806000,11115.2
807,1000,240.9586,20,0.4,,0,5,5,0.0,2,14,0.205,767.4,380,0,0.014756,0.421832,-5.291816,807000,11126.8
808,1000,202.5951,19,0.38,,0,4,5,0.433,1,524,0.3935,886.3,296,0,0.014377,0.759167,-5.628769,808000,11138.9
809,1000,114.134,13,0.26,,1,0,5,1.9203,0,106,0.2008,623.4,903,0,0.014464,0.455279,-6.148427,809000,11150.8
810,1000,180.953,17,0.34,,0,3,5,0.8292,1,98,0.288,713.4,486,0,0.014299,0.485848,-6.511062,810000,11163.0
811,1000,147.111,17,0.34,,0,2,5,1.299,0,192,0.1888,687.8,593,0,0.014109,0.40746,-5.160224,811000,11174.9
812,1000,160.6383,19,0.38,,0,4,5,0.433,0,782,0.4615,976.4,760,0,0.014182,0.752583,-5.480493,812000,11187.4
813,1000,185.0733,17,0.34,,0,2,5,1.299,1,269,0.241,781.6,283,0,0.013949,0.470352,-5.320365,813000,11199.6
814,1000,286.8472,21,0.42,,0,5,6,0.433,3,328,0.2135,901.3,572,0,0.01387,0.482032,-6.288006,814000,11211.1
815,1000,196.6171,20,0.4,,0,5,5,0.0,0,173,0.438,827.8,776,0,0.013735,0.928286,-6.153593,815000,11223.4
816,1000,95.3633,13,0.26,,0,1,4,1.299,0,432,0.2085,668.4,505,0,0.013786,0.397261,-6.475228,816000,11235.9
817,1000,70.695,9,0.18,,1,0,4,1.479,0,96,0.4555,1073.5,933,0,0.014237,0.595011,-6.816766,817000,11247.5
818,1000,220.3415,18,0.36,,0,4,5,0.5,2,54,0.3445,728.3,662,0,0.014176,0.321713,-5.475144,818000,11259.8
819,1000,235.4994,22,0.44,,0,4,8,1.5,1,376,0.463,1073.5,965,0,0.014335,0.406398,-7.181811,819000,11271.9
820,1000,232.8532,19,0.38,,0,4,6,0.8292,2,219,0.198,714.6,895,0,0.014289,0.474343,-6.589333,820000,11284.0
821,1000,201.7324,20,0.4,,0,5,5,0.0,0,105,0.303,921.8,398,0,0.014737,0.756017,-7.247653,821000,11295.9
822,1000,113.7388,15,0.3,,1,0,5,2.1651,0,5,0.116,686.7,747,0,0.014472,0.32954,-7.236048,822000,11308.4
823,1000,226.616,21,0.42,,0,3,8,1.7854,1,234,0.177,696.9,856,0,0.014444,0.787767,-7.026478,823000,11320.8
824,1000,128.6683,16,0.32,,0,2,5,1.2247,0,234,0.2177,720.1,674,0,0.014279,0.310781,-6.971799,824000,11332.4
825,1000,222.4492,22,0.44,,0,4,9,2.0616,1,82,0.316,796.5,595,0,0.014296,0.467221,-6.33912,825000,11344.0
826,1000,135.6793,15,0.3,,1,0,5,2.1651,0,509,0.321,651.6,925,0,0.014429,0.412755,-6.530112,826000,11355.7
827,1000,193.5145,17,0.34,,0,3,5,0.8292,1,0,0.0973,716.0,331,0,0.014814,0.406354,-6.388056,827000,11367.4
828,1000,212.6537,20,0.4,,0,4,7,1.2247,1,128,0.2935,849.7,900,0,0.014836,0.405529,-6.999378,828000,11379.0
829,1000,172.8095,19,0.38,,0,4,5,0.433,0,60,0.4387,1073.5,811,0,0.014771,0.55835,-6.733594,829000,11390.3
830,1000,246.743,20,0.4,,0,4,6,0.7071,2,92,0.2177,768.8,932,0,0.014712,0.750286,-6.207073,830000,11401.8
831,1000,229.0698,20,0.4,,0,5,5,0.0,2,160,0.3523,848.4,859,0,0.014618,0.542994,-6.731519,831000,11413.2
832,1000,297.5731,24,0.48,,0,5,8,1.2247,2,183,0.2313,962.0,903,0,0.014873,0.31208,-6.924,832000,11424.6
833,1000,231.5412,22,0.44,,0,5,7,0.866,1,718,0.4953,988.2,980,0,0.015045,0.845794,-5.872417,833000,11436.6
834,1000,151.312,17,0.34,,0,4,5,0.433,1,0,0.127,585.8,121,0,0.014861,0.315198,-6.200876,834000,11448.1
835,1000,146.7524,18,0.36,,0,3,5,0.866,0,43,0.2742,778.0,760,0,0.014955,0.766143,-6.491939,835000,11459.3
836,1000,239.1099,22,0.44,,0,3,9,2.1794,1,377,0.4278,907.4,874,0,0.015141,0.310272,-6.210838,836000,11470.3
837,1000,139.4281,16,0.32,,0,3,5,1.0,0,276,0.4225,828.1,857,0,0.015069,0.387246,-6.165283,837000,11482.1
838,1000,208.5813,21,0.42,,0,4,7,1.0897,1,587,0.3513,1007.2,946,0,0.014525,1.009569,-6.261599,838000,11493.9
839,1000,168.3463,19,0.38,,0,4,5,0.433,0,346,0.1727,819.3,851,0,0.014279,0.530919,-6.760124,839000,11506.0
840,1000,84.6487,12,0.24,,1,0,5,1.8708,0,851,0.2527,732.8,311,0,0.014319,1.705127,-6.536599,840000,11517.7
841,1000,166.9661,18,0.36,,0,4,5,0.5,0,0,0.2238,750.3,461,0,0.014338,0.492146,-6.944832,841000,11529.1
842,1000,200.6327,19,0.38,,0,4,5,0.433,1,21,0.2137,630.7,713,0,0.014529,0.572093,-5.669668,842000,11540.5
843,1000,189.4789,19,0.38,,0,4,5,0.433,1,200,0.231,652.4,907,0,0.014471,0.39939,-6.310781,843000,11552.3
844,1000,150.5706,18,0.36,,0,4,5,0.5,0,105,0.328,826.6,796,0,0.014559,0.362087,-6.204161,844000,11564.1
845,1000,193.3072,19,0.38,,0,4,5,0.433,1,0,0.1467,812.5,488,0,0.014343,0.463356,-6.950972,845000,11575.8
846,1000,163.4178,15,0.3,,0,2,5,1.299,1,87,0.4037,764.1,458,0,0.014362,0.405304,-5.377504,846000,11587.4
847,1000,222.919,17,0.34,,0,2,5,1.299,2,215,0.3412,892.4,394,0,0.014535,0.469706,-5.292785,847000,11599.1
848,1000,239.6782,20,0.4,,0,3,8,2.1213,2,0,0.166,794.6,974,0,0.014588,0.66946,-5.952286,848000,11610.7
849,1000,213.3019,21,0.42,,0,4,7,1.0897,1,613,0.3103,713.8,734,0,0.014377,0.480235,-5.672629,849000,11622.9
850,1000,203.7485,20,0.4,,0,3,7,1.4142,1,335,0.305,639.4,832,0,0.014613,0.979731,-5.51066,850000,11634.9
851,1000,214.8098,21,0.42,,0,5,6,0.433,1,192,0.2013,733.4,949,0,0.014175,0.51788,-7.148607,851000,11660.7
852,1000,234.9083,22,0.44,,0,3,10,2.6926,1,0,0.1435,732.5,694,0,0.014334,0.41076,-6.334202,852000,11671.3
853,1000,181.3018,17,0.34,,0,3,5,0.8292,1,198,0.3518,764.6,680,0,0.014402,0.695714,-5.53136,853000,11682.5
854,1000,203.9509,19,0.38,,0,4,5,0.433,1,58,0.2107,682.2,581,0,0.014226,1.251305,-6.143542,854000,11694.2
855,1000,281.1542,20,0.4,,0,3,7,1.4142,3,57,0.2607,714.8,695,0,0.013956,0.398196,-5.407766,855000,11706.2
856,1000,209.3588,21,0.42,,0,5,6,0.433,1,548,0.5248,1073.5,586,0,0.014174,0.703599,-5.471048,856000,11718.3
857,1000,127.4939,14,0.28,,0,2,5,1.118,0,10,0.1715,844.7,241,0,0.013944,0.448181,-5.580969,857000,11729.9
858,1000,195.5709,19,0.38,,0,4,5,0.433,1,681,0.3855,1017.1,605,0,0.013959,0.434799,-4.893408,858000,11741.6
859,1000,101.1379,12,0.24,,0,1,5,1.5811,0,58,0.1393,812.4,773,0,0.013813,0.460219,-5.152753,859000,11753.1
860,1000,112.0344,11,0.22,,1,0,5,1.9203,1,120,0.14,758.9,970,0,0.013731,0.908943,-6.961697,860000,11764.4
861,1000,215.5855,17,0.34,,0,2,5,1.299,2,134,0.2692,734.6,352,0,0.013661,0.414835,-6.300376,861000,11775.7
862,1000,114.5698,15,0.3,,0,2,5,1.299,0,41,0.0765,592.4,932,0,0.013547,0.715839,-5.330956,862000,11787.2
863,1000,173.1938,17,0.34,,0,3,5,0.8292,1,391,0.4128,906.4,364,0,0.013428,0.37227,-5.008308,863000,11798.7
864,1000,143.2839,16,0.32,,0,2,5,1.2247,0,10,0.2472,797.6,847,0,0.013394,0.927391,-6.097336,864000,11810.1
865,1000,206.8223,18,0.36,,0,3,5,0.866,1,193,0.305,824.8,984,0,0.013487,0.359694,-5.126162,865000,11821.3
866,1000,205.3557,20,0.4,,0,3,7,1.4142,1,313,0.1432,679.4,660,0,0.013716,0.434503,-5.630209,866000,11832.3
867,1000,180.2077,18,0.36,,0,4,5,0.5,1,509,0.3307,985.9,395,0,0.013346,0.331608,-5.016953,867000,11843.2
868,1000,112.0459,14,0.28,,0,1,5,1.6583,0,709,0.286,908.9,607,0,0.013458,0.263216,-5.695735,868000,11854.7
869,1000,198.9239,19,0.38,,0,4,5,0.433,1,795,0.5727,1055.3,961,0,0.013096,0.53657,-5.895236,869000,11865.9
870,1000,219.5205,20,0.4,,0,3,9,2.4495,1,93,0.23,763.5,972,0,0.013237,0.331273,-5.297699,870000,11877.5
871,1000,174.9578,19,0.38,,0,4,5,0.433,0,576,0.357,817.1,687,0,0.013467,0.523301,-5.339667,871000,11888.6
872,1000,251.5337,20,0.4,,0,4,6,0.7071,2,155,0.3538,854.2,401,0,0.013345,0.41402,-4.848269,872000,11900.2
873,1000,124.1343,15,0.3,,0,3,5,0.8292,0,166,0.4295,757.4,460,0,0.013387,0.374869,-6.910421,873000,11911.9
874,1000,92.1649,13,0.26,,0,2,5,1.299,0,717,0.596,807.4,830,0,0.013516,0.554476,-4.651365,874000,11923.8
875,1000,213.3509,20,0.4,,0,4,6,0.7071,1,90,0.3202,715.4,626,0,0.013424,0.473867,-5.63098,875000,11934.8
876,1000,146.6162,18,0.36,,0,3,5,0.866,0,216,0.2675,739.7,570,0,0.01319,0.342599,-5.107081,876000,11946.2
877,1000,227.9571,19,0.38,,0,1,9,2.8614,2,0,0.3315,645.2,715,0,0.013161,0.494115,-5.526702,877000,11957.5
878,1000,171.9181,17,0.34,,0,1,6,1.9203,1,134,0.4195,968.8,693,0,0.013075,0.485699,-5.937069,878000,11968.5
879,1000,94.2851,13,0.26,,0,1,5,1.7854,0,881,0.3225,803.6,521,0,0.013107,0.612164,-6.361925,879000,11980.2
880,1000,189.033,18,0.36,,0,4,5,0.5,1,307,0.517,867.3,967,0,0.013126,0.37042,-6.469554,880000,11991.6
881,1000,254.6011,20,0.4,,0,5,5,0.0,2,0,0.1353,742.6,441,0,0.012871,0.588025,-6.145048,881000,12003.1
882,1000,140.2587,17,0.34,,0,3,5,0.8292,0,157,0.3175,855.3,669,0,0.013211,1.195331,-6.001836,882000,12014.4
883,1000,237.1487,19,0.38,,1,0,10,3.562,2,23,0.216,799.1,944,0,0.013096,0.613041,-6.037367,883000,12025.3
884,1000,194.605,18,0.36,,0,1,7,2.1794,1,532,0.1883,663.2,698,0,0.012841,0.414526,-4.713474,884000,12036.1
885,1000,220.362,20,0.4,,0,4,6,0.7071,1,138,0.2455,977.9,842,0,0.012563,0.63903,-5.547335,885000,12046.8
886,1000,295.3703,22,0.44,,0,5,7,0.866,3,0,0.112,670.8,955,0,0.012811,0.827559,-5.426771,886000,12057.5
887,1000,150.1677,18,0.36,,0,4,5,0.5,0,149,0.162,601.6,849,0,0.013026,0.363376,-5.951668,887000,12068.8
888,1000,211.1926,21,0.42,,0,2,10,2.9475,1,281,0.553,887.9,904,0,0.012917,0.547195,-5.336743,888000,12080.4
889,1000,123.0107,15,0.3,,0,2,5,1.299,0,8,0.208,803.5,287,0,0.012959,0.258226,-4.42937,889000,12091.8
890,1000,138.7111,14,0.28,,0,1,5,1.6583,1,490,0.2918,872.4,714,0,0.012973,0.447263,-5.475075,890000,12103.0
891,1000,262.9965,21,0.42,,0,5,6,0.433,2,96,0.303,879.2,909,0,0.013084,0.354585,-4.838367,891000,12114.0
892,1000,239.204,20,0.4,,0,4,7,1.2247,2,257,0.1948,945.7,483,0,0.012744,0.385124,-6.546905,892000,12125.3
893,1000,60.9405,12,0.24,,0,1,5,1.5811,0,702,0.3618,587.2,121,0,0.012512,0.491598,-5.466569,893000,12137.0
894,1000,178.8091,17,0.34,,0,3,6,1.299,1,63,0.2617,913.8,958,0,0.01245,0.435789,-5.550001,894000,12148.3
895,1000,141.0228,16,0.32,,0,3,5,0.7071,0,415,0.248,617.2,557,0,0.012477,0.303599,-4.78936,895000,12159.6
896,1000,202.3831,19,0.38,,0,3,7,1.479,1,37,0.2975,672.2,808,0,0.012876,0.625969,-4.396689,896000,12170.6
897,1000,211.8217,20,0.4,,0,4,6,0.7071,1,1,0.168,637.4,991,0,0.012645,0.44153,-5.668029,897000,12182.2
898,1000,130.5929,15,0.3,,0,2,5,1.299,0,36,0.278,752.5,592,0,0.012749,0.94711,-5.872214,898000,12193.2
899,1000,112.1771,14,0.28,,1,0,5,2.0616,0,310,0.2392,738.0,688,0,0.012767,0.5013,-4.841233,899000,12204.8
900,1000,215.3148,19,0.38,,0,4,5,0.433,1,364,0.2527,708.3,353,0,0.012858,0.645242,-5.308114,900000,12215.2
901,1000,162.3921,16,0.32,,0,2,8,2.3452,1,428,0.2465,620.0,955,0,0.012999,0.510512,-4.500567,901000,12238.4
902,1000,177.0081,17,0.34,,0,3,5,0.8292,1,243,0.441,736.7,661,0,0.013079,0.386872,-4.88522,902000,12248.7
903,1000,154.9237,18,0.36,,0,4,5,0.5,0,670,0.351,847.0,816,0,0.013151,0.681974,-5.563509,903000,12258.9
904,1000,230.6929,20,0.4,,0,2,8,2.1213,2,38,0.0725,700.9,966,0,0.013214,0.434958,-4.969967,904000,12268.9
905,1000,188.2114,18,0.36,,0,2,7,1.8028,1,25,0.357,748.4,925,0,0.013089,0.729846,-4.533827,905000,12279.3
906,1000,131.0853,15,0.3,,0,2,5,1.299,0,204,0.4093,690.9,442,0,0.012951,0.305418,-3.810353,906000,12289.4
907,1000,205.0374,19,0.38,,0,3,7,1.479,1,230,0.2615,863.1,676,0,0.012788,0.51118,-5.934379,907000,12299.9
908,1000,155.2125,14,0.28,,0,2,5,1.5,1,289,0.328,802.3,707,0,0.012959,0.691968,-5.150748,908000,12310.8
909,1000,130.3582,15,0.3,,0,2,5,1.0897,0,68,0.3237,760.9,423,0,0.012789,0.447819,-4.219066,909000,12321.2
910,1000,163.4841,19,0.38,,0,4,5,0.433,0,709,0.525,926.6,442,0,0.012783,0.439992,-5.571929,910000,12331.6
911,1000,200.3768,16,0.32,,0,2,5,1.2247,2,747,0.292,702.7,666,0,0.012511,0.480041,-3.934788,911000,12342.2
912,1000,233.0024,21,0.42,,0,4,7,1.0897,2,28,0.3287,690.3,823,0,0.012508,0.298266,-4.790138,912000,12352.4
913,1000,145.3788,16,0.32,,0,1,5,1.7321,0,384,0.3812,738.9,222,0,0.012372,0.445961,-5.880802,913000,12362.8
914,1000,187.8519,18,0.36,,0,4,5,0.5,1,56,0.258,713.4,521,0,0.012645,0.75912,-4.850451,914000,12373.6
915,1000,343.4749,25,0.5,,0,5,10,2.1651,3,20,0.2868,909.9,787,0,0.012712,0.492801,-4.453431,915000,12383.9
916,1000,170.1643,19,0.38,,0,4,5,0.433,0,173,0.4288,910.9,314,0,0.012627,0.500522,-4.697814,916000,12394.3
917,1000,213.7833,18,0.36,,0,2,6,1.6583,2,114,0.2387,997.4,896,0,0.01272,0.580693,-5.103021,917000,12404.6
918,1000,156.9104,15,0.3,,0,2,5,1.299,1,3,0.3392,744.7,177,0,0.012125,0.451162,-5.36654,918000,12415.4
919,1000,174.2113,19,0.38,,0,4,5,0.433,0,65,0.4675,904.8,704,0,0.011826,0.713758,-4.675669,919000,12425.9
920,1000,310.9479,20,0.4,,0,5,5,0.0,4,629,0.2495,805.2,299,0,0.012397,0.385577,-4.291692,920000,12437.0
921,1000,312.5815,20,0.4,,0,5,5,0.0,4,142,0.1613,764.4,802,0,0.01238,0.393611,-4.69247,921000,12447.4
922,1000,181.8337,20,0.4,,0,5,5,0.0,0,775,0.4795,848.5,822,0,0.012338,0.339808,-4.669489,922000,12458.2
923,1000,159.5385,18,0.36,,0,3,5,0.866,0,146,0.2888,702.8,494,0,0.012049,0.423105,-4.369104,923000,12468.8
924,1000,149.5502,15,0.3,,0,2,5,1.299,1,1062,0.562,755.7,967,0,0.012004,0.616004,-5.276912,924000,12479.2
925,1000,210.7745,19,0.38,,0,4,5,0.433,1,112,0.3322,638.0,638,0,0.012228,0.376291,-4.906165,925000,12489.6
926,1000,118.1234,15,0.3,,0,2,5,1.299,0,622,0.28,780.8,469,0,0.012454,0.590579,-5.187246,926000,12500.7
927,1000,258.5843,20,0.4,,0,3,7,1.4142,2,0,0.1555,807.3,687,0,0.012428,0.739147,-4.681532,927000,12511.2
928,1000,198.0293,19,0.38,,0,4,5,0.433,1,544,0.3775,829.4,437,0,0.012758,0.46235,-3.848881,928000,12521.8
929,1000,247.2293,21,0.42,,0,1,10,3.1918,2,51,0.2445,841.9,945,0,0.01278,0.313972,-4.505078,929000,12532.6
930,1000,221.0599,20,0.4,,0,5,5,0.0,1,9,0.1673,762.4,428,0,0.012661,0.314592,-4.841391,930000,12543.1
931,1000,315.6726,24,0.48,,0,3,9,2.2361,3,173,0.2165,793.8,972,0,0.012772,0.325543,-3.990266,931000,12554.0
932,1000,235.3218,20,0.4,,0,5,5,0.0,2,62,0.2127,846.1,605,0,0.012717,0.309052,-3.968845,932000,12564.2
933,1000,209.4138,20,0.4,,0,4,6,0.7071,1,274,0.4228,861.4,947,0,0.012842,0.767611,-4.044551,933000,12575.0
934,1000,202.1623,19,0.38,,0,4,5,0.433,1,58,0.3932,845.4,596,0,0.012775,0.381704,-5.65225,934000,12585.8
935,1000,36.3016,10,0.2,,0,2,4,0.866,0,899,0.4662,810.6,86,0,0.012233,0.341178,-5.016226,935000,12595.9
936,1000,216.1219,20,0.4,,0,4,7,1.2247,1,110,0.3787,770.9,775,0,0.012451,0.27867,-4.537585,936000,12606.8
937,1000,142.4666,15,0.3,,0,3,5,0.8292,1,21,0.3327,905.5,599,0,0.012716,0.243973,-5.596614,937000,12617.2
938,1000,348.3155,24,0.48,,0,2,11,3.2404,4,329,0.158,872.7,992,0,0.012429,0.412693,-4.357027,938000,12627.6
939,1000,148.1629,15,0.3,,0,2,5,1.0897,1,721,0.3997,783.4,753,0,0.012395,0.519169,-4.675665,939000,12638.5
940,1000,180.2489,17,0.34,,0,3,5,0.8292,1,498,0.2602,713.7,421,0,0.01243,0.653889,-4.316125,940000,12648.8
941,1000,206.911,19,0.38,,0,2,7,1.7854,1,84,0.142,630.3,739,0,0.012354,0.469724,-5.0893,941000,12659.8
942,1000,273.5336,22,0.44,,0,4,8,1.5,2,286,0.3335,775.5,729,0,0.01251,0.306701,-4.956548,942000,12670.1
943,1000,186.6525,18,0.36,,0,4,6,0.866,1,274,0.3207,730.1,990,0,0.012747,0.417922,-4.309786,943000,12680.9
944,1000,202.8722,21,0.42,,0,4,7,1.0897,1,1094,0.4198,903.0,647,0,0.013018,0.802935,-5.677145,944000,12691.5
945,1000,166.6574,18,0.36,,0,3,5,0.866,0,76,0.3822,857.4,390,0,0.01326,0.510367,-5.340467,945000,12703.2
946,1000,155.9032,18,0.36,,0,4,5,0.5,0,402,0.3412,765.5,524,0,0.013174,0.703789,-4.645102,946000,12713.9
947,1000,158.368,19,0.38,,0,4,5,0.433,0,0,0.2313,640.8,568,0,0.013054,0.412777,-5.293705,947000,12724.6
948,1000,111.9306,15,0.3,,0,2,5,1.299,0,1325,0.4022,872.7,694,0,0.01337,0.608525,-4.569717,948000,12735.6
949,1000,184.5373,17,0.34,,0,3,5,0.8292,1,401,0.5045,1001.9,826,0,0.01344,0.687001,-4.863167,949000,12746.4
950,1000,133.1362,15,0.3,,0,2,5,1.0897,0,50,0.0698,610.4,560,0,0.013402,0.601492,-5.34356,950000,12756.8
951,1000,155.4661,18,0.36,,0,3,5,0.866,0,46,0.2412,878.2,629,0,0.013575,0.30764,-4.901692,951000,12779.4
952,1000,241.6919,20,0.4,,0,4,6,0.7071,2,53,0.2003,636.8,989,0,0.01365,0.424926,-4.849669,952000,12789.7
953,1000,108.1024,14,0.28,,0,3,5,0.866,0,228,0.327,716.9,890,0,0.013773,0.355389,-4.437324,953000,12799.7
954,1000,130.7109,16,0.32,,0,3,5,1.0,0,103,0.2395,710.8,895,0,0.013698,0.556012,-4.58213,954000,12809.9
955,1000,180.3475,17,0.34,,0,3,5,0.8292,1,240,0.389,898.7,867,0,0.013757,0.504226,-5.472355,955000,12821.2
956,1000,223.4541,18,0.36,,0,4,5,0.5,2,187,0.1678,743.4,708,0,0.01336,0.363472,-5.036516,956000,12831.7
957,1000,259.9717,19,0.38,,0,4,5,0.433,3,124,0.156,749.2,531,0,0.013605,0.583629,-4.670687,957000,12841.9
958,1000,120.3439,16,0.32,,0,4,4,0.0,0,938,0.3073,788.9,969,0,0.013875,0.666623,-5.168288,958000,12852.3
959,1000,176.0367,20,0.4,,0,5,5,0.0,0,363,0.5463,965.0,839,0,0.013352,0.411963,-5.292735,959000,12863.7
960,1000,169.0158,19,0.38,,0,4,5,0.433,0,247,0.4165,1005.7,802,0,0.013368,0.354906,-5.059914,960000,12873.8
961,1000,160.611,18,0.36,,0,3,5,0.866,0,950,0.4017,840.1,936,0,0.013686,0.313319,-5.162057,961000,12884.7
962,1000,196.1945,19,0.38,,0,3,7,1.479,1,0,0.1165,733.3,961,0,0.013535,0.481837,-5.151999,962000,12894.7
963,1000,272.111,22,0.44,,0,2,10,2.958,2,124,0.1562,865.6,799,0,0.013977,0.797124,-4.788157,963000,12905.8
964,1000,156.3444,14,0.28,,0,1,6,1.8028,1,159,0.1145,632.8,999,0,0.013721,0.566416,-5.392175,964000,12916.8
965,1000,212.7619,20,0.4,,0,5,5,0.0,1,0,0.1405,757.1,882,0,0.014135,0.44085,-5.576422,965000,12928.2
966,1000,189.3442,18,0.36,,0,3,5,0.866,1,207,0.14,615.6,594,0,0.014321,0.485153,-4.996279,966000,12938.5
967,1000,211.4562,16,0.32,,0,2,5,1.2247,2,121,0.3137,745.1,340,0,0.014218,0.389587,-5.230789,967000,12949.2
968,1000,144.6556,18,0.36,,0,3,5,0.866,0,0,0.45,787.2,408,0,0.014087,0.273129,-4.059864,968000,12959.6
969,1000,147.2051,17,0.34,,0,4,5,0.433,0,33,0.1825,704.6,560,0,0.014172,0.388654,-5.216257,969000,12970.0
970,1000,184.1174,17,0.34,,0,4,5,0.433,1,58,0.281,645.6,728,0,0.014085,0.787607,-4.613475,970000,12980.2
971,1000,236.2414,20,0.4,,0,4,6,0.7071,2,628,0.3787,718.7,501,0,0.013665,0.875704,-4.850076,971000,12991.4
972,1000,207.1416,19,0.38,,0,2,8,2.1651,1,19,0.1985,866.4,746,0,0.013858,0.618306,-3.872961,972000,13001.8
973,1000,149.4889,17,0.34,,0,3,5,0.8292,0,714,0.5235,691.7,497,0,0.013847,0.529166,-4.550696,973000,13012.5
974,1000,199.4672,19,0.38,,0,4,7,1.299,1,256,0.218,663.5,839,0,0.013909,0.554171,-5.038171,974000,13023.1
975,1000,135.644,17,0.34,,0,3,5,0.8292,0,168,0.2157,694.2,223,0,0.013987,0.373775,-4.400802,975000,13033.9
976,1000,207.4591,16,0.32,,0,2,5,1.2247,2,0,0.184,656.3,186,0,0.013735,0.59817,-4.799898,976000,13044.2
977,1000,135.0951,17,0.34,,0,4,5,0.433,0,60,0.1898,613.9,856,0,0.01379,0.794529,-4.894106,977000,13054.8
978,1000,196.0892,18,0.36,,0,2,6,1.5,1,44,0.0803,546.9,945,0,0.014101,0.726154,-5.428185,978000,13065.3
979,1000,233.1745,22,0.44,,0,4,10,2.5981,1,37,0.1557,818.8,793,0,0.014413,0.538444,-5.441002,979000,13076.0
980,1000,136.5992,15,0.3,,0,2,5,1.0897,0,143,0.0473,582.1,835,0,0.014084,0.62379,-4.899365,980000,13086.4
981,1000,230.7021,21,0.42,,0,4,7,1.0897,1,65,0.2203,646.0,851,0,0.014134,0.662063,-4.695307,981000,13097.2
982,1000,179.2643,18,0.36,,0,3,8,2.0616,1,27,0.1108,620.8,893,0,0.01443,0.424664,-4.441111,982000,13108.1
983,1000,187.037,18,0.36,,0,3,5,0.866,1,76,0.2285,812.6,826,0,0.014333,0.320322,-3.868513,983000,13118.7
984,1000,230.0599,18,0.36,,0,2,7,1.8028,2,26,0.1067,834.4,940,0,0.014177,0.378695,-4.667131,984000,13129.1
985,1000,185.5379,17,0.34,,0,3,5,0.8292,1,1,0.2512,789.0,834,0,0.014046,0.403698,-4.515678,985000,13138.4
986,1000,119.9133,15,0.3,,0,1,5,1.6394,0,13,0.0788,624.9,891,0,0.013927,0.48373,-4.664466,986000,13149.1
987,1000,92.8545,12,0.24,,0,1,5,1.4142,0,114,0.1472,577.7,853,0,0.014166,0.883567,-4.35262,987000,13160.2
988,1000,260.5215,22,0.44,,0,3,8,2.0616,2,254,0.1888,740.8,748,0,0.013822,0.631285,-3.293822,988000,13171.1
989,1000,141.2437,16,0.32,,0,3,5,1.0,0,9,0.259,696.5,336,0,0.013551,0.565388,-4.811617,989000,13182.1
990,1000,116.481,15,0.3,,0,2,5,1.0897,0,93,0.4385,852.4,868,0,0.013614,0.479913,-5.425879,990000,13192.8
991,1000,307.6178,22,0.44,,0,5,6,0.5,3,88,0.213,723.7,971,0,0.01339,0.506303,-4.724861,991000,13203.6
992,1000,114.3708,15,0.3,,0,3,5,0.8292,0,9,0.4017,727.8,792,0,0.013248,0.380829,-4.358375,992000,13214.1
993,1000,166.0201,19,0.38,,0,4,5,0.433,0,18,0.1608,832.4,815,0,0.013546,0.818517,-4.801873,993000,13225.1
994,1000,113.7554,14,0.28,,0,2,5,1.118,0,521,0.2597,716.8,996,0,0.013542,0.563618,-4.131871,994000,13235.9
995,1000,207.1681,21,0.42,,0,3,9,2.2776,1,248,0.3465,851.8,972,0,0.013734,0.46555,-5.209493,995000,13246.6
996,1000,246.8146,20,0.4,,0,3,8,1.8708,2,34,0.2142,743.0,978,0,0.013581,0.428635,-4.88024,996000,13257.6
997,1000,205.222,19,0.38,,0,4,5,0.433,1,105,0.334,704.8,973,0,0.013574,0.377244,-4.911992,997000,13269.0
998,1000,223.3258,21,0.42,,0,4,7,1.0897,1,82,0.1775,696.3,687,0,0.013697,0.540451,-4.075181,998000,13279.9
999,1000,230.7241,20,0.4,,0,4,6,0.7071,2,221,0.2338,881.3,773,0,0.013583,0.791878,-4.983198,999000,13291.5
1000,1000,212.7736,20,0.4,,0,5,5,0.0,1,57,0.3585,834.2,470,0,0.013162,0.444033,-4.962922,1000000,13301.8
1001,1000,235.9873,22,0.44,,0,3,10,2.6926,1,302,0.3412,964.5,727,0,0.01318,1.028216,-4.807745,1001000,13325.0
1002,1000,146.8392,18,0.36,,0,4,5,0.5,0,109,0.3337,710.8,731,0,0.013049,0.361129,-3.348871,1002000,13335.1
1003,1000,197.4827,18,0.36,,0,2,9,2.6926,1,0,0.2245,827.0,984,0,0.01356,0.593668,-5.058248,1003000,13345.9
1004,1000,237.1143,19,0.38,,0,4,5,0.433,2,15,0.1975,704.0,452,0,0.013505,0.38114,-5.69638,1004000,13356.5
1005,1000,182.8311,19,0.38,,0,4,5,0.433,1,30,0.313,701.6,415,0,0.013512,0.593508,-4.783361,1005000,13367.3
1006,1000,158.3984,16,0.32,,0,2,5,1.2247,1,9,0.131,858.2,375,0,0.01324,0.792639,-4.185673,1006000,13378.0
1007,1000,228.4576,19,0.38,,0,4,5,0.433,2,225,0.471,902.9,845,0,0.013562,0.906663,-4.267253,1007000,13388.8
1008,1000,137.7274,16,0.32,,0,2,5,1.2247,0,47,0.2507,633.5,843,0,0.013524,0.588632,-4.576933,1008000,13399.4
1009,1000,153.1217,19,0.38,,0,4,5,0.433,0,714,0.3603,990.0,731,0,0.013523,0.679249,-4.820003,1009000,13411.3
1010,1000,268.1928,22,0.44,,0,4,9,2.0616,2,330,0.2975,648.3,655,0,0.013435,0.483074,-4.811836,1010000,13422.4
1011,1000,156.1358,17,0.34,,0,3,5,0.8292,0,303,0.2562,986.5,804,0,0.013584,0.615462,-5.306235,1011000,13433.9
1012,1000,192.2703,18,0.36,,0,3,7,1.6583,1,152,0.2647,754.5,831,0,0.013362,0.445913,-4.293357,1012000,13444.6
1013,1000,248.5078,24,0.48,,0,4,10,2.3452,1,458,0.4012,989.5,996,0,0.013509,0.717296,-5.116095,1013000,13455.1
1014,1000,198.8345,18,0.36,,0,4,5,0.5,1,80,0.2367,738.1,527,0,0.013275,0.365828,-4.58004,1014000,13465.6
1015,1000,216.2461,20,0.4,,0,5,5,0.0,1,421,0.377,884.5,448,0,0.013219,0.445949,-4.185443,1015000,13475.9
1016,1000,185.4506,18,0.36,,0,4,5,0.5,1,25,0.3685,766.5,691,0,0.013259,0.615795,-4.66808,1016000,13486.6
1017,1000,208.1542,20,0.4,,0,4,6,0.7071,1,220,0.3535,734.1,857,0,0.013188,0.604091,-4.856277,1017000,13497.5
1018,1000,206.0081,19,0.38,,0,4,5,0.433,1,329,0.2495,866.0,584,0,0.013444,0.818241,-4.179705,1018000,13509.0
1019,1000,282.6177,24,0.48,,0,5,9,1.7321,2,223,0.3468,761.4,683,0,0.013205,0.531526,-4.713319,1019000,13520.7
1020,1000,203.863,19,0.38,,0,4,5,0.433,1,94,0.2117,811.4,349,0,0.013498,0.956833,-4.677903,1020000,13531.3
1021,1000,182.6245,20,0.4,,0,5,5,0.0,0,6,0.2742,807.2,321,0,0.013211,0.581658,-4.123803,1021000,13542.7
1022,1000,324.9701,24,0.48,,0,4,10,2.3452,3,73,0.2735,1023.6,729,0,0.012923,1.063204,-5.422802,1022000,13553.9
1023,1000,157.3132,19,0.38,,0,4,5,0.433,0,208,0.459,1073.5,925,0,0.012669,0.355617,-3.785999,1023000,13564.7
1024,1000,161.4052,18,0.36,,0,3,5,0.866,0,46,0.3427,873.5,905,0,0.012804,0.664351,-3.850485,1024000,13574.8
1025,1000,294.3868,24,0.48,,0,4,8,1.5811,2,78,0.1532,821.1,928,0,0.012985,0.644329,-4.360088,1025000,13585.5
1026,1000,159.8781,18,0.36,,0,4,5,0.5,0,364,0.3365,730.2,625,0,0.013059,0.599736,-4.012279,1026000,13595.7
1027,1000,229.6764,21,0.42,,0,5,6,0.433,1,121,0.2958,694.6,888,0,0.013063,0.601014,-4.941051,1027000,13607.1
1028,1000,314.6991,24,0.48,,0,5,8,1.2247,3,171,0.2018,733.7,961,0,0.012901,0.346435,-4.253695,1028000,13617.6
1029,1000,274.9755,22,0.44,,0,5,6,0.5,2,1,0.0998,733.7,978,0,0.012987,0.499293,-4.457013,1029000,13627.9
1030,1000,179.5436,20,0.4,,0,5,5,0.0,0,2,0.2918,793.4,731,0,0.012864,0.582101,-4.36649,1030000,13638.1
1031,1000,257.1059,21,0.42,,0,4,7,1.0897,2,111,0.335,917.1,874,0,0.012935,0.809069,-3.735628,1031000,13648.7
1032,1000,201.0707,19,0.38,,0,4,6,0.8292,1,243,0.3875,801.5,788,0,0.013121,0.302382,-4.482714,1032000,13659.4
1033,1000,123.3209,16,0.32,,0,3,5,1.0,0,123,0.358,657.8,750,0,0.012993,0.299358,-4.882326,1033000,13670.0
1034,1000,160.0973,19,0.38,,0,4,5,0.433,0,95,0.4228,780.4,488,0,0.013066,0.308461,-4.245357,1034000,13679.8
1035,1000,207.6849,19,0.38,,0,4,5,0.433,1,105,0.225,656.7,787,0,0.012862,0.448277,-4.525164,1035000,13690.3
1036,1000,150.7164,17,0.34,,0,3,5,0.8292,0,78,0.3005,723.7,184,0,0.012962,0.268545,-4.710555,1036000,13700.6
1037,1000,187.2896,17,0.34,,0,1,8,2.586,1,84,0.2115,745.4,781,0,0.013151,0.59771,-4.404877,1037000,13711.8
1038,1000,217.5976,21,0.42,,0,2,10,2.9475,1,120,0.314,941.3,960,0,0.013161,0.624486,-4.427491,1038000,13723.2
1039,1000,192.6587,18,0.36,,0,4,5,0.5,1,247,0.1802,635.3,428,0,0.013035,0.382308,-4.887189,1039000,13734.0
1040,1000,168.6352,16,0.32,,1,0,10,3.7417,1,0,0.1718,614.7,852,0,0.012971,0.43255,-5.374484,1040000,13745.6
1041,1000,184.1692,17,0.34,,0,1,10,3.4187,1,67,0.145,708.5,999,0,0.01294,0.478763,-4.572606,1041000,13756.5
1042,1000,151.6565,19,0.38,,0,4,5,0.433,0,497,0.3857,771.0,825,0,0.012938,1.355607,-5.708706,1042000,13767.2
1043,1000,136.7161,16,0.32,,0,3,5,0.7071,0,0,0.0675,559.4,266,0,0.013036,0.507829,-4.998993,1043000,13777.5
1044,1000,190.3687,18,0.36,,0,3,5,0.866,1,609,0.3267,928.8,677,0,0.01301,0.311598,-4.990682,1044000,13788.3
1045,1000,167.901,18,0.36,,0,3,5,0.866,0,208,0.2948,949.9,607,0,0.013555,0.661464,-5.632013,1045000,13799.0
1046,1000,165.8717,17,0.34,,0,3,5,0.8292,1,353,0.2417,642.2,360,0,0.013266,0.981528,-5.12958,1046000,13809.6
1047,1000,180.0483,20,0.4,,0,5,5,0.0,0,171,0.2387,972.7,593,0,0.013252,0.335079,-5.241834,1047000,13819.6
1048,1000,221.9666,20,0.4,,0,5,5,0.0,1,0,0.1273,743.1,337,0,0.013391,0.999916,-5.084275,1048000,13830.1
1049,1000,300.3178,21,0.42,,0,4,6,0.8292,3,0,0.287,854.5,970,0,0.013157,0.446912,-5.283515,1049000,13840.4
1050,1000,152.867,17,0.34,,0,2,5,1.299,0,417,0.352,770.9,153,0,0.013115,0.443315,-5.346931,1050000,13850.7
1051,1000,200.7625,19,0.38,,0,4,5,0.433,1,246,0.3815,947.1,577,0,0.013557,0.461648,-6.054764,1051000,13873.6
1052,1000,150.6545,18,0.36,,0,4,5,0.5,0,9,0.2425,761.4,699,0,0.013279,0.463865,-5.480041,1052000,13883.4
1053,1000,148.8566,18,0.36,,0,4,5,0.5,0,0,0.109,773.3,504,0,0.013263,0.415396,-5.167761,1053000,13893.5
1054,1000,251.5019,22,0.44,,0,5,7,0.866,2,49,0.2233,825.4,847,0,0.013431,0.611172,-5.663157,1054000,13904.1
1055,1000,165.7169,19,0.38,,0,4,5,0.433,0,11,0.319,750.9,363,0,0.013406,0.469172,-5.278065,1055000,13914.6
1056,1000,165.6334,16,0.32,,0,2,6,1.4142,1,85,0.2455,785.6,895,0,0.013237,0.289826,-5.430483,1056000,13925.6
1057,1000,259.8422,21,0.42,,0,5,6,0.433,2,123,0.2622,768.9,900,0,0.013205,0.730759,-5.177792,1057000,13936.1
1058,1000,242.3735,20,0.4,,0,5,5,0.0,2,8,0.1805,752.8,899,0,0.013397,0.431575,-4.352131,1058000,13946.8
1059,1000,288.5218,23,0.46,,0,4,8,1.479,2,246,0.349,920.9,998,0,0.01331,0.647793,-5.7501,1059000,13957.2
1060,1000,169.3423,16,0.32,,0,3,5,0.7071,1,0,0.107,701.6,323,0,0.013281,0.652781,-4.89381,1060000,13967.7
1061,1000,176.1822,17,0.34,,0,3,5,0.8292,1,113,0.2405,828.5,497,0,0.012788,0.55463,-5.592184,1061000,13978.4
1062,1000,230.085,21,0.42,,0,5,6,0.433,1,24,0.2135,747.3,997,0,0.012925,0.384001,-5.644554,1062000,13989.4
1063,1000,159.0326,17,0.34,,0,3,5,0.8292,0,261,0.2198,736.6,867,0,0.012811,0.586045,-4.584552,1063000,13999.9
1064,1000,153.8582,18,0.36,,0,4,5,0.5,0,5,0.196,703.5,730,0,0.012912,0.493812,-5.052206,1064000,14010.7
1065,1000,190.4672,18,0.36,,0,2,6,1.5,1,0,0.186,897.4,994,0,0.013112,0.479317,-5.173923,1065000,14021.1
1066,1000,107.7605,14,0.28,,0,3,4,0.5,0,79,0.0953,573.3,624,0,0.013219,0.347547,-5.05733,1066000,14031.5
1067,1000,233.7852,19,0.38,,0,4,5,0.433,2,91,0.305,719.9,501,0,0.013187,0.365665,-5.248686,1067000,14042.0
1068,1000,112.0888,15,0.3,,0,3,5,0.8292,0,397,0.3495,871.5,180,0,0.012948,0.559835,-4.173618,1068000,14052.5
1069,1000,244.6715,20,0.4,,0,5,5,0.0,2,61,0.1338,988.3,311,0,0.012798,0.463287,-4.263412,1069000,14063.5
1070,1000,199.0238,19,0.38,,0,4,6,0.8292,1,253,0.2412,767.5,669,0,0.012717,0.786355,-4.918012,1070000,14073.9
1071,1000,200.2732,19,0.38,,0,4,5,0.433,1,657,0.3548,910.4,801,0,0.012529,0.513656,-4.530979,1071000,14084.9
1072,1000,246.5056,20,0.4,,0,4,7,1.2247,2,92,0.1735,872.5,832,0,0.012524,0.465729,-4.456149,1072000,14095.3
1073,1000,230.7063,19,0.38,,0,4,6,0.8292,2,162,0.3648,931.6,991,0,0.012837,0.448493,-6.376108,1073000,14105.8
1074,1000,161.2116,16,0.32,,0,3,5,1.0,1,31,0.1295,658.9,380,0,0.012694,0.352296,-4.533259,1074000,14116.5
1075,1000,150.2419,14,0.28,,0,1,6,1.8028,1,68,0.1085,556.7,986,0,0.012477,0.363581,-5.307189,1075000,14127.3
1076,1000,219.3057,18,0.36,,0,4,5,0.5,2,14,0.1472,576.3,566,0,0.01288,0.468201,-4.403131,1076000,14137.9
1077,1000,192.9623,18,0.36,,0,1,9,2.958,2,60,0.1037,728.1,755,0,0.012915,0.477162,-5.543505,1077000,14149.1
1078,1000,304.2613,22,0.44,,0,5,7,0.866,3,112,0.1762,733.5,999,0,0.013244,0.892263,-4.966977,1078000,14160.2
1079,1000,146.8322,17,0.34,,0,3,5,0.8292,0,290,0.237,881.0,625,0,0.012984,0.589067,-4.271774,1079000,14171.5
1080,1000,244.987,20,0.4,,0,4,7,1.2247,2,319,0.2717,878.0,860,0,0.012795,0.306918,-4.954285,1080000,14183.8
1081,1000,192.8049,16,0.32,,0,2,5,1.2247,2,357,0.2087,724.6,268,0,0.012894,0.611234,-4.942653,1081000,14194.4
1082,1000,184.3701,18,0.36,,0,4,5,0.5,1,506,0.3588,953.3,543,0,0.012983,0.600851,-5.207383,1082000,14205.1
1083,1000,137.9662,17,0.34,,0,4,5,0.433,0,221,0.3337,643.5,665,0,0.012829,0.85153,-4.70955,1083000,14215.4
1084,1000,269.2207,23,0.46,,0,3,9,2.1651,2,0,0.1275,634.2,819,0,0.012982,0.734529,-5.405558,1084000,14225.7
1085,1000,156.7131,16,0.32,,0,2,5,1.2247,1,1121,0.363,1073.5,666,0,0.012844,0.35869,-4.240604,1085000,14236.9
1086,1000,232.1871,20,0.4,,0,2,7,1.8708,2,81,0.2415,787.1,956,0,0.013215,0.464569,-5.361328,1086000,14248.3
1087,1000,184.3576,17,0.34,,0,4,5,0.433,1,187,0.2943,809.7,687,0,0.013201,0.64287,-5.516993,1087000,14258.9
1088,1000,134.6024,18,0.36,,0,3,5,0.866,0,355,0.1537,587.0,831,0,0.013067,0.433845,-5.196872,1088000,14269.7
1089,1000,275.5006,21,0.42,,0,3,8,1.7854,3,8,0.1313,655.2,895,0,0.013176,0.586,-4.262367,1089000,14281.0
1090,1000,198.402,18,0.36,,0,4,5,0.5,2,0,0.1027,705.6,382,0,0.013339,0.364286,-4.931578,1090000,14291.8
1091,1000,200.4555,20,0.4,,0,2,10,3.0,1,173,0.1792,957.0,920,0,0.013224,0.695921,-5.489668,1091000,14302.4
1092,1000,154.3691,18,0.36,,0,4,5,0.5,0,83,0.165,752.2,442,0,0.013465,0.604652,-4.135787,1092000,14313.2
1093,1000,245.6799,20,0.4,,0,4,6,0.7071,2,0,0.084,771.6,778,0,0.013406,0.821071,-4.560497,1093000,14324.0
1094,1000,330.7394,22,0.44,,0,5,7,0.866,4,14,0.148,747.5,882,0,0.013575,0.632246,-4.881714,1094000,14334.7
1095,1000,200.3548,19,0.38,,0,3,7,1.479,1,22,0.2175,718.1,806,0,0.013301,0.372996,-4.942322,1095000,14345.1
1096,1000,121.136,17,0.34,,0,3,5,0.8292,0,117,0.3842,706.8,352,0,0.013371,0.31541,-5.309137,1096000,14355.3
1097,1000,269.8545,20,0.4,,0,4,6,0.7071,3,111,0.234,696.6,624,0,0.013333,0.400064,-3.459261,1097000,14365.9
1098,1000,149.7588,18,0.36,,0,3,5,0.866,0,0,0.0998,626.8,744,0,0.013714,0.552117,-4.554377,1098000,14376.1
1099,1000,179.142,19,0.38,,0,4,5,0.433,0,18,0.3187,788.3,529,0,0.013173,0.486295,-4.669024,1099000,14386.5
1100,1000,160.5545,16,0.32,,0,2,8,2.3452,1,214,0.2255,926.7,808,0,0.013301,0.320094,-5.003151,1100000,14397.0
1101,1000,152.2072,16,0.32,,0,3,5,0.7071,1,158,0.1283,687.5,359,0,0.013474,0.536473,-5.022125,1101000,14420.0
1102,1000,117.5867,15,0.3,,0,3,4,0.433,0,120,0.198,597.0,343,0,0.013325,0.503993,-5.11195,1102000,14429.7
1103,1000,240.0676,20,0.4,,0,2,8,2.1213,2,114,0.1775,643.6,829,0,0.01343,0.393986,-4.753628,1103000,14440.6
1104,1000,97.1884,14,0.28,,0,3,4,0.5,0,168,0.1405,568.2,291,0,0.01342,0.415305,-4.578236,1104000,14451.8
1105,1000,215.8599,18,0.36,,0,3,5,0.866,2,170,0.2335,789.3,725,0,0.013491,0.638088,-4.75433,1105000,14462.2
1106,1000,44.8913,11,0.22,,0,1,4,1.0897,0,0,0.268,635.7,335,0,0.013263,0.377204,-4.587476,1106000,14473.3
1107,1000,141.343,15,0.3,,0,2,5,1.299,1,0,0.1412,690.0,166,0,0.012997,0.54475,-4.365539,1107000,14484.8
1108,1000,261.2152,21,0.42,,0,2,9,2.4875,2,117,0.2422,816.9,973,0,0.012698,0.680812,-5.189594,1108000,14495.1
1109,1000,42.9288,14,0.28,,0,3,4,0.5,0,4,0.1507,612.9,313,0,0.01276,0.330642,-4.980896,1109000,14505.5
1110,1000,151.3302,16,0.32,,0,3,7,1.7321,1,530,0.0973,638.1,937,0,0.012723,0.434083,-4.677866,1110000,14516.1
1111,1000,178.118,17,0.34,,0,3,5,0.8292,1,108,0.1847,707.4,797,0,0.01298,0.313876,-4.126929,1111000,14526.6
1112,1000,73.1133,12,0.24,,0,1,5,1.5811,0,636,0.342,782.4,484,0,0.012708,0.447845,-4.04673,1112000,14537.4
1113,1000,92.8758,12,0.24,,0,1,5,1.5811,0,90,0.2432,704.9,884,0,0.01284,0.708309,-3.996562,1113000,14548.4
1114,1000,121.7684,16,0.32,,0,4,4,0.0,0,0,0.1412,640.0,238,0,0.012713,0.439341,-5.185974,1114000,14558.8
1115,1000,197.5613,19,0.38,,0,3,7,1.479,1,373,0.2145,750.7,942,0,0.012471,0.313139,-4.30168,1115000,14569.9
1116,1000,176.1533,18,0.36,,0,4,5,0.5,1,317,0.273,751.5,341,0,0.012418,0.493798,-4.435096,1116000,14580.8
1117,1000,220.3718,18,0.36,,0,3,5,0.866,2,127,0.2223,557.1,491,0,0.012618,0.593963,-4.422575,1117000,14591.3
1118,1000,79.2635,12,0.24,,0,2,4,0.7071,0,30,0.1625,537.1,816,0,0.012414,0.776033,-3.439193,1118000,14602.3
1119,1000,165.2829,16,0.32,,0,3,6,1.2247,1,312,0.2288,777.8,818,0,0.012325,0.554556,-4.187823,1119000,14613.7
1120,1000,148.9097,18,0.36,,0,4,5,0.5,0,0,0.0917,578.7,623,0,0.01225,0.404442,-4.629749,1120000,14624.3
1121,1000,220.9621,21,0.42,,0,4,8,1.6394,1,369,0.26,816.1,665,0,0.012491,0.619159,-4.111511,1121000,14634.7
1122,1000,124.8081,15,0.3,,0,3,5,0.8292,0,67,0.2087,686.3,922,0,0.012498,0.424128,-4.254964,1122000,14645.3
1123,1000,70.6566,10,0.2,,0,1,4,1.118,0,48,0.2008,618.6,504,0,0.012606,0.562524,-4.667848,1123000,14655.7
1124,1000,231.9914,19,0.38,,0,4,5,0.433,2,100,0.1212,867.1,732,0,0.01227,0.464262,-4.625038,1124000,14666.7
1125,1000,138.6598,16,0.32,,0,3,5,1.0,0,0,0.0823,736.7,139,0,0.01244,0.458795,-3.559298,1125000,14677.4
1126,1000,80.0646,12,0.24,,0,2,4,1.0,0,207,0.3088,714.2,622,0,0.012008,0.278924,-3.762705,1126000,14688.3
1127,1000,149.1759,15,0.3,,0,3,5,0.8292,1,0,0.0685,786.4,364,0,0.012338,1.175071,-3.602161,1127000,14698.6
1128,1000,94.1269,12,0.24,,0,1,5,1.4142,0,434,0.1722,724.7,617,0,0.012132,0.285105,-2.944533,1128000,14709.1
1129,1000,177.779,17,0.34,,0,2,6,1.479,1,20,0.1087,837.2,851,0,0.01214,0.309438,-3.989452,1129000,14719.3
1130,1000,177.091,18,0.36,,0,4,5,0.5,1,0,0.0508,649.8,486,0,0.01239,0.698191,-4.785167,1130000,14729.9
1131,1000,54.4446,9,0.18,,0,1,5,1.6394,0,83,0.2542,542.1,857,0,0.012018,0.524287,-3.487056,1131000,14740.1
1132,1000,209.3213,16,0.32,,0,2,6,1.5811,2,129,0.2707,839.8,991,0,0.011952,0.45859,-4.38241,1132000,14750.3
1133,1000,208.0555,20,0.4,,0,4,7,1.2247,1,9,0.2732,699.0,996,0,0.011996,0.374311,-3.790003,1133000,14761.9
1134,1000,166.1368,16,0.32,,0,1,5,1.7321,1,4,0.0685,671.4,442,0,0.01209,0.485062,-4.176415,1134000,14773.2
1135,1000,196.5855,19,0.38,,0,2,10,3.2692,1,108,0.2195,699.9,927,0,0.012068,0.684958,-3.753604,1135000,14783.7
1136,1000,123.1405,15,0.3,,0,2,5,1.0897,0,308,0.3508,709.5,971,0,0.011887,0.282475,-3.426897,1136000,14794.2
1137,1000,153.2008,18,0.36,,0,3,5,0.866,0,0,0.1395,742.6,279,0,0.011994,0.677435,-3.573141,1137000,14804.4
1138,1000,254.3134,22,0.44,,0,3,9,2.1794,2,115,0.4078,981.4,931,0,0.011984,0.862131,-4.230618,1138000,14814.6
1139,1000,135.9535,16,0.32,,0,3,5,0.7071,0,1,0.1963,614.2,292,0,0.011873,0.727161,-4.116478,1139000,14824.7
1140,1000,148.3233,18,0.36,,0,4,5,0.5,0,281,0.397,822.9,445,0,0.011875,0.423994,-3.701595,1140000,14834.9
1141,1000,248.6253,20,0.4,,0,4,6,0.7071,2,390,0.2853,733.5,675,0,0.011627,0.55102,-3.710092,1141000,14845.4
1142,1000,153.0618,18,0.36,,0,3,5,0.866,0,1008,0.3445,963.5,278,0,0.011704,0.304869,-3.192968,1142000,14855.8
1143,1000,373.2473,25,0.5,,0,5,10,2.1651,4,127,0.2627,798.7,719,0,0.011869,0.418451,-3.178033,1143000,14866.3
1144,1000,129.4338,16,0.32,,0,3,5,0.7071,0,424,0.239,697.6,672,0,0.011955,0.743189,-3.874589,1144000,14877.1
1145,1000,120.1572,15,0.3,,0,2,5,1.299,0,703,0.342,800.1,986,0,0.011993,0.479326,-4.163111,1145000,14888.1
1146,1000,176.4932,18,0.36,,0,2,6,1.5,1,0,0.2863,685.4,986,0,0.012058,0.250618,-3.44717,1146000,14899.2
1147,1000,168.8179,16,0.32,,0,2,8,2.3452,1,683,0.231,769.9,981,0,0.011858,0.268491,-3.442696,1147000,14909.8
1148,1000,175.5712,18,0.36,,0,4,6,0.866,1,726,0.215,828.5,690,0,0.011935,0.492993,-4.4445,1148000,14920.8
1149,1000,252.944,21,0.42,,0,4,8,1.6394,2,79,0.1435,701.7,555,0,0.011804,0.412541,-4.196624,1149000,14931.3
1150,1000,134.391,17,0.34,,0,3,5,0.8292,0,475,0.3127,712.2,988,0,0.011749,0.264799,-4.179363,1150000,14942.1
1151,1000,214.4188,20,0.4,,0,3,8,1.8708,1,242,0.1915,735.1,731,0,0.012021,0.371827,-3.920858,1151000,14964.9
1152,1000,149.9821,17,0.34,,0,3,5,0.8292,0,358,0.2662,820.8,425,0,0.012163,0.333124,-3.764688,1152000,14974.5
1153,1000,170.0795,16,0.32,,0,3,5,1.0,1,124,0.201,934.3,424,0,0.012363,0.317594,-3.075516,1153000,14984.3
1154,1000,197.2522,20,0.4,,0,3,8,1.8708,1,197,0.1422,877.2,994,0,0.012201,0.315375,-2.910569,1154000,14995.1
1155,1000,258.0302,20,0.4,,0,3,8,1.8708,2,141,0.213,900.5,838,0,0.011984,0.928886,-3.749826,1155000,15005.7
1156,1000,108.2182,13,0.26,,0,2,5,1.299,0,66,0.1465,814.9,420,0,0.012018,0.497497,-3.638708,1156000,15016.3
1157,1000,161.2063,16,0.32,,0,3,5,0.7071,1,12,0.1062,682.8,265,0,0.011928,0.293605,-3.147543,1157000,15027.9
1158,1000,136.8634,16,0.32,,0,3,5,0.7071,0,181,0.182,785.8,866,0,0.011645,0.463568,-3.416246,1158000,15039.4
1159,1000,235.1823,20,0.4,,0,3,6,1.2247,2,124,0.1802,728.1,820,0,0.011785,0.35453,-3.080156,1159000,15049.8
1160,1000,215.7061,21,0.42,,0,3,10,2.8614,1,164,0.1628,666.7,886,0,0.011586,0.372062,-3.76063,1160000,15060.5
1161,1000,104.9332,16,0.32,,0,3,5,0.7071,0,61,0.3623,719.2,293,0,0.011579,0.240618,-3.603483,1161000,15070.7
1162,1000,176.9303,17,0.34,,0,3,6,1.299,1,8,0.1042,586.5,959,0,0.011905,0.714544,-3.567544,1162000,15081.0
1163,1000,186.0893,18,0.36,,0,2,6,1.5,1,217,0.2023,699.3,664,0,0.011447,0.387066,-2.746009,1163000,15091.5
1164,1000,239.8089,19,0.38,,0,3,7,1.479,2,90,0.243,911.5,733,0,0.011709,0.287261,-3.096275,1164000,15102.6
1165,1000,230.5795,19,0.38,,0,3,8,2.0463,2,298,0.164,648.8,767,0,0.011726,0.383466,-3.261369,1165000,15113.4
1166,1000,116.3732,15,0.3,,0,2,5,1.0897,0,49,0.0473,543.3,541,0,0.011835,0.364112,-3.092786,1166000,15123.7
1167,1000,121.2477,15,0.3,,0,2,5,1.0897,0,1149,0.3917,982.7,774,0,0.011945,0.781383,-3.004149,1167000,15134.1
1168,1000,245.0059,18,0.36,,0,3,5,0.866,3,0,0.144,728.1,459,0,0.01214,0.485622,-4.441751,1168000,15144.3
1169,1000,280.9867,23,0.46,,0,4,9,1.9203,2,78,0.1705,698.7,530,0,0.012218,0.808499,-4.495336,1169000,15154.4
1170,1000,102.9174,13,0.26,,0,1,4,1.299,0,10,0.162,652.4,214,0,0.012109,0.657146,-3.277492,1170000,15164.9
1171,1000,152.046,17,0.34,,0,3,5,0.8292,0,486,0.2095,788.3,657,0,0.01173,0.679631,-3.842472,1171000,15175.2
1172,1000,180.3157,18,0.36,,0,4,5,0.5,1,179,0.1237,636.2,777,0,0.011862,0.330013,-3.849437,1172000,15185.6
1173,1000,200.2936,19,0.38,,0,4,6,0.8292,1,1,0.2193,659.9,750,0,0.011962,0.368517,-3.953278,1173000,15195.8
1174,1000,241.1975,20,0.4,,0,4,6,1.0,2,6,0.0845,601.3,857,0,0.011745,0.399288,-4.225596,1174000,15206.1
1175,1000,87.3059,12,0.24,,0,2,4,0.7071,0,257,0.2495,860.2,575,0,0.011799,0.360596,-3.463215,1175000,15216.4
1176,1000,125.5474,15,0.3,,0,3,5,0.8292,0,284,0.3402,787.2,573,0,0.01207,0.296765,-2.449677,1176000,15226.7
1177,1000,171.8533,17,0.34,,0,3,6,1.299,1,104,0.142,738.6,884,0,0.012154,0.568007,-3.840332,1177000,15237.2
1178,1000,104.8271,14,0.28,,0,2,5,1.118,0,0,0.0278,575.1,138,0,0.011866,0.318964,-2.686452,1178000,15247.4
1179,1000,94.0377,15,0.3,,0,2,5,1.299,0,190,0.2025,805.0,198,0,0.011808,0.516276,-2.716419,1179000,15258.1
1180,1000,144.0547,15,0.3,,0,2,6,1.7854,1,3,0.3733,596.6,354,0,0.011806,0.371038,-2.709746,1180000,15269.4
1181,1000,176.2806,17,0.34,,0,3,5,0.8292,1,125,0.1832,579.5,555,0,0.01194,0.355156,-3.143859,1181000,15280.0
1182,1000,210.8129,20,0.4,,0,4,6,0.7071,2,10,0.1745,665.5,694,0,0.011951,0.263736,-3.048397,1182000,15290.6
1183,1000,203.6573,19,0.38,,0,3,8,2.0463,1,151,0.1072,587.9,741,0,0.01195,0.340422,-3.128027,1183000,15300.9
1184,1000,189.2764,18,0.36,,0,3,7,1.5,1,0,0.091,603.1,807,0,0.011808,0.293195,-2.618639,1184000,15310.5
1185,1000,165.1392,16,0.32,,0,2,7,1.8708,1,54,0.064,715.4,866,0,0.011936,0.317628,-3.038202,1185000,15318.6
1186,1000,231.4063,20,0.4,,0,2,9,2.5495,2,3,0.0825,706.1,810,0,0.011856,0.331028,-3.815666,1186000,15326.7
1187,1000,162.2346,15,0.3,,0,3,5,0.8292,1,43,0.099,756.2,464,0,0.011673,0.54485,-3.886633,1187000,15334.6
1188,1000,219.8895,19,0.38,,0,3,7,1.479,2,49,0.0858,548.8,429,0,0.011378,0.374543,-3.396861,1188000,15342.7
1189,1000,159.4925,15,0.3,,0,3,5,0.8292,1,0,0.2328,618.2,856,0,0.011663,0.586567,-2.573136,1189000,15351.1
1190,1000,145.4978,13,0.26,,0,2,5,1.0897,1,0,0.1067,729.2,363,0,0.011583,0.321821,-2.346936,1190000,15359.3
1191,1000,185.7057,19,0.38,,0,4,5,0.433,0,27,0.1465,872.3,265,0,0.011559,0.570774,-2.890607,1191000,15367.5
1192,1000,183.046,17,0.34,,0,3,8,2.1651,1,13,0.0858,612.8,436,0,0.011809,0.346053,-1.925505,1192000,15375.6
1193,1000,117.6461,14,0.28,,0,3,5,0.866,0,85,0.2755,629.3,807,0,0.011699,0.368002,-3.364046,1193000,15383.3
1194,1000,76.1596,12,0.24,,0,1,4,1.2247,0,98,0.0605,587.7,664,0,0.011805,0.433866,-3.540285,1194000,15391.0
1195,1000,197.7728,19,0.38,,0,1,10,3.2692,1,223,0.2602,698.5,533,0,0.011805,0.41131,-2.18011,1195000,15399.4
1196,1000,124.1626,14,0.28,,0,1,5,1.6583,0,73,0.105,907.4,297,0,0.011767,0.317148,-2.713708,1196000,15407.2
1197,1000,150.751,15,0.3,,0,1,7,2.1651,1,309,0.085,601.5,801,0,0.011947,0.299675,-2.969401,1197000,15415.3
1198,1000,107.5321,11,0.22,,0,1,5,1.479,1,934,0.2072,568.4,144,0,0.01171,0.944753,-2.979112,1198000,15423.7
1199,1000,230.3651,19,0.38,,0,3,8,2.0463,2,0,0.1195,730.1,514,0,0.011669,0.276,-2.115445,1199000,15431.6
1200,1000,149.6602,15,0.3,,0,1,5,1.6394,1,309,0.263,708.9,873,0,0.011589,0.309925,-3.62704,1200000,15439.9
1201,1000,207.4389,17,0.34,,0,2,5,1.299,2,30,0.153,595.5,767,0,0.011241,0.329546,-2.828677,1201000,15457.0
1202,1000,210.4935,16,0.32,,0,3,5,1.0,2,0,0.131,609.9,676,0,0.011319,0.35492,-3.307766,1202000,15465.3
1203,1000,196.0202,19,0.38,,0,4,7,1.299,1,483,0.2707,723.3,952,0,0.011504,0.304297,-2.864173,1203000,15473.0
1204,1000,188.6545,16,0.32,,0,2,7,2.1213,2,186,0.1435,651.6,601,0,0.011687,0.286668,-3.134417,1204000,15480.9
1205,1000,237.4325,19,0.38,,0,4,5,0.433,2,513,0.2417,623.8,321,0,0.011913,0.417023,-2.265447,1205000,15490.0
1206,1000,150.1299,15,0.3,,0,2,7,1.9203,1,319,0.261,760.1,804,0,0.011949,0.789205,-2.693588,1206000,15498.9
1207,1000,181.1676,18,0.36,,0,3,9,2.5981,1,0,0.0717,576.6,538,0,0.012002,0.305814,-2.750511,1207000,15507.5
1208,1000,112.229,14,0.28,,0,1,5,1.5,0,67,0.0645,615.2,486,0,0.011854,0.361125,-2.172576,1208000,15515.7
1209,1000,161.6634,15,0.3,,0,2,7,2.0463,1,88,0.1358,713.2,541,0,0.011656,0.31999,-3.551517,1209000,15524.3
1210,1000,146.1127,16,0.32,,0,2,5,1.2247,0,251,0.1693,702.0,885,0,0.012132,0.518284,-2.950483,1210000,15532.7
1211,1000,167.8197,16,0.32,,0,2,5,1.2247,1,55,0.2767,671.1,550,0,0.012036,0.454189,-2.89432,1211000,15540.7
1212,1000,119.9782,14,0.28,,0,1,5,1.6583,0,29,0.1115,544.7,976,0,0.0118,0.623362,-3.543283,1212000,15548.7
1213,1000,157.7832,17,0.34,,0,3,6,1.0897,1,35,0.2787,892.9,993,0,0.011563,0.538226,-3.110153,1213000,15557.0
1214,1000,239.0394,19,0.38,,0,4,6,0.8292,2,64,0.127,689.5,965,0,0.011485,0.389322,-2.987879,1214000,15565.2
1215,1000,267.9093,22,0.44,,0,4,9,2.0616,2,82,0.1185,694.6,894,0,0.011935,0.36455,-2.596397,1215000,15573.1
1216,1000,114.7672,15,0.3,,0,2,5,1.0897,0,28,0.096,540.2,641,0,0.011969,0.323753,-2.629,1216000,15581.2
1217,1000,134.8052,16,0.32,,0,4,4,0.0,0,110,0.093,791.3,614,0,0.012023,0.317152,-2.483241,1217000,15589.3
1218,1000,109.0223,16,0.32,,0,3,5,0.7071,0,29,0.2372,682.6,690,0,0.011773,0.274398,-2.719359,1218000,15597.4
1219,1000,190.5319,18,0.36,,0,3,7,1.6583,1,238,0.2308,867.5,779,0,0.011859,0.27396,-3.280979,1219000,15605.3
1220,1000,207.9479,16,0.32,,0,3,5,1.0,2,63,0.2567,873.3,431,0,0.011662,0.407709,-2.254466,1220000,15613.2
1221,1000,116.9096,16,0.32,,0,3,5,0.7071,0,0,0.3568,703.1,374,0,0.011595,0.354046,-3.600818,1221000,15621.3
1222,1000,183.3187,19,0.38,,0,3,9,2.4875,1,0,0.1182,764.8,900,0,0.011582,0.467767,-3.009915,1222000,15629.4
1223,1000,189.3059,18,0.36,,0,3,7,1.5,1,33,0.1103,611.3,724,0,0.011562,0.312507,-3.497254,1223000,15637.4
1224,1000,242.4101,21,0.42,,0,3,9,2.2776,2,455,0.2552,688.7,970,0,0.011574,0.456835,-2.448603,1224000,15645.2
1225,1000,93.8526,13,0.26,,0,3,4,0.433,0,955,0.5863,807.7,992,0,0.011982,0.410271,-3.023503,1225000,15653.6
1226,1000,149.9063,15,0.3,,0,2,6,1.479,1,3,0.144,852.5,986,0,0.012189,0.38362,-4.51816,1226000,15661.4
1227,1000,183.6364,18,0.36,,0,4,5,0.5,1,1,0.109,713.0,217,0,0.011874,0.594409,-2.58222,1227000,15669.3
1228,1000,184.1596,18,0.36,,0,2,7,1.8028,1,319,0.1237,750.1,985,0,0.011902,0.401117,-2.490621,1228000,15677.4
1229,1000,136.0184,18,0.36,,0,3,5,0.866,0,341,0.199,957.3,642,0,0.011591,0.476981,-3.364311,1229000,15685.4
1230,1000,147.2668,17,0.34,,0,3,5,0.8292,0,51,0.2235,794.5,423,0,0.011506,0.250336,-2.155262,1230000,15693.7
1231,1000,218.945,20,0.4,,0,3,10,2.9155,1,33,0.1457,684.5,776,0,0.011221,0.617909,-2.622328,1231000,15702.0
1232,1000,164.2789,16,0.32,,0,2,5,1.2247,1,290,0.1767,942.5,322,0,0.011033,0.350175,-2.959362,1232000,15709.7
1233,1000,105.8742,14,0.28,,0,3,4,0.5,0,93,0.1598,745.0,177,0,0.011157,0.342224,-2.45812,1233000,15717.9
1234,1000,147.1072,13,0.26,,0,2,5,1.299,1,74,0.3785,805.4,721,0,0.011184,0.358279,-2.860618,1234000,15725.8
1235,1000,150.254,17,0.34,,0,3,5,0.8292,0,7,0.2065,691.7,379,0,0.010997,0.422907,-4.09097,1235000,15733.8
1236,1000,190.3062,18,0.36,,0,4,5,0.5,1,425,0.3342,801.1,951,0,0.010991,0.497877,-3.072786,1236000,15741.7
1237,1000,304.9472,21,0.42,,0,5,6,0.433,4,232,0.1615,692.9,907,0,0.010878,0.464218,-2.30458,1237000,15749.8
1238,1000,165.0781,17,0.34,,0,3,6,1.0897,1,150,0.1247,713.6,882,0,0.011193,0.621621,-2.478537,1238000,15758.4
1239,1000,102.7536,10,0.2,,0,1,5,1.5,1,324,0.1713,651.8,518,0,0.011293,0.471386,-2.900778,1239000,15767.2
1240,1000,177.5119,17,0.34,,0,3,5,0.8292,1,738,0.204,926.7,172,0,0.011408,0.350512,-3.007866,1240000,15775.9
1241,1000,194.1161,18,0.36,,0,3,5,0.866,1,38,0.2923,704.4,447,0,0.011545,0.539405,-2.411346,1241000,15784.4
1242,1000,251.8661,21,0.42,,0,4,7,1.0897,2,725,0.2725,970.9,986,0,0.011548,0.382219,-3.026185,1242000,15792.6
1243,1000,122.5445,15,0.3,,0,3,5,0.8292,0,257,0.5437,946.5,975,0,0.011555,0.669664,-4.229209,1243000,15801.1
1244,1000,120.7454,15,0.3,,0,3,5,0.8292,0,0,0.4158,717.7,833,0,0.011181,0.3947,-2.727052,1244000,15809.2
1245,1000,206.2837,16,0.32,,0,2,6,1.5811,2,95,0.1462,666.7,926,0,0.011251,0.920489,-2.608618,1245000,15817.1
1246,1000,226.296,19,0.38,,0,3,8,2.0463,2,259,0.1913,809.1,874,0,0.011466,0.309369,-3.159708,1246000,15824.9
1247,1000,121.8663,16,0.32,,0,3,5,0.7071,0,0,0.1358,657.3,231,0,0.011235,0.803149,-2.396691,1247000,15833.6
1248,1000,203.4069,19,0.38,,0,2,8,2.1651,1,0,0.1913,729.6,606,0,0.011445,0.275308,-2.792679,1248000,15842.2
1249,1000,276.2303,23,0.46,,0,4,9,1.9203,2,45,0.3115,936.8,881,0,0.011252,0.416922,-3.660077,1249000,15850.8
1250,1000,173.5443,18,0.36,,0,3,8,2.0616,1,255,0.1197,722.7,718,0,0.011156,0.262676,-1.984772,1250000,15859.7
1251,1000,151.2449,17,0.34,,0,3,5,0.8292,0,129,0.331,1028.7,171,0,0.011285,0.331512,-3.684533,1251000,15876.9
1252,1000,202.0776,19,0.38,,0,2,9,2.586,1,66,0.312,675.6,728,0,0.01157,0.281014,-2.352891,1252000,15884.4
1253,1000,174.6986,16,0.32,,0,3,5,0.7071,1,188,0.2905,716.5,311,0,0.011624,1.138121,-3.335872,1253000,15892.3
1254,1000,72.9444,11,0.22,,0,1,4,1.0897,0,265,0.306,620.0,154,0,0.011526,0.297019,-3.381851,1254000,15900.3
1255,1000,173.8671,18,0.36,,0,4,5,0.5,1,1101,0.2208,745.4,232,0,0.011292,0.326803,-3.636826,1255000,15908.2
1256,1000,128.0053,16,0.32,,0,2,5,1.2247,0,202,0.1525,717.4,413,0,0.011304,0.403535,-3.588292,1256000,15916.2
1257,1000,86.6051,12,0.24,,0,2,4,0.7071,0,522,0.2367,928.7,899,0,0.011397,0.26569,-2.626549,1257000,15924.2
1258,1000,186.2219,18,0.36,,0,3,6,1.118,1,5,0.206,737.2,385,0,0.011768,0.551435,-3.945292,1258000,15932.1
1259,1000,127.7438,15,0.3,,0,2,5,1.0897,0,17,0.1035,721.6,365,0,0.011416,0.195448,-3.121734,1259000,15940.2
1260,1000,171.7016,18,0.36,,0,3,7,1.6583,1,721,0.2112,739.9,775,0,0.011623,0.357211,-2.780324,1260000,15948.0
1261,1000,107.4581,16,0.32,,0,3,5,0.7071,0,39,0.062,821.0,217,0,0.011483,0.326598,-2.49452,1261000,15956.7
1262,1000,103.745,17,0.34,,0,4,5,0.433,0,0,0.1258,749.4,953,0,0.011386,0.233012,-3.631266,1262000,15964.8
1263,1000,128.4463,17,0.34,,0,4,5,0.433,0,541,0.1217,582.1,479,0,0.011233,0.385187,-3.131662,1263000,15972.9
1264,1000,183.1729,17,0.34,,0,3,5,0.8292,1,48,0.2707,731.0,420,0,0.011352,0.400037,-2.98331,1264000,15981.1
1265,1000,132.5791,16,0.32,,0,2,5,1.2247,0,28,0.174,681.7,452,0,0.011391,0.214717,-2.741598,1265000,15989.1
1266,1000,74.3298,13,0.26,,1,0,5,1.9203,0,617,0.166,806.8,625,0,0.011103,0.464049,-3.256641,1266000,15997.4
1267,1000,164.1787,17,0.34,,0,3,6,1.0897,1,0,0.2338,678.8,858,0,0.011081,0.67586,-3.803324,1267000,16005.4
1268,1000,229.6106,18,0.36,,0,1,7,2.1794,2,50,0.184,785.0,963,0,0.010809,0.369526,-3.175984,1268000,16013.2
1269,1000,165.2778,17,0.34,,0,3,5,0.8292,1,3,0.0978,601.6,581,0,0.010995,0.230987,-2.982692,1269000,16021.3
1270,1000,172.0899,18,0.36,,0,3,7,1.6583,1,666,0.183,615.3,924,0,0.011285,0.402852,-3.064779,1270000,16029.7
1271,1000,154.3041,14,0.28,,1,0,7,2.5,1,159,0.208,661.4,643,0,0.011174,0.317078,-3.24452,1271000,16037.9
1272,1000,106.5982,13,0.26,,0,2,5,1.299,0,78,0.0382,573.5,848,0,0.011311,0.345092,-2.773767,1272000,16046.2
1273,1000,180.6728,18,0.36,,0,2,8,2.1794,1,383,0.3372,762.3,881,0,0.011163,0.474683,-2.904362,1273000,16054.5
1274,1000,143.455,17,0.34,,0,3,5,0.8292,0,0,0.2682,771.2,810,0,0.011258,0.322887,-3.49631,1274000,16062.6
1275,1000,162.755,16,0.32,,0,3,5,0.7071,1,57,0.4517,675.7,539,0,0.011286,0.484659,-2.753456,1275000,16070.7
1276,1000,161.3368,17,0.34,,0,4,5,0.433,1,229,0.1245,682.0,250,0,0.011024,0.282423,-2.700101,1276000,16078.9
1277,1000,160.9303,15,0.3,,0,2,5,1.299,1,6,0.2415,723.4,803,0,0.011225,0.477412,-2.435146,1277000,16087.2
1278,1000,128.1902,17,0.34,,0,3,5,0.8292,0,231,0.0678,609.6,468,0,0.01127,0.529549,-3.149633,1278000,16095.2
1279,1000,177.7572,16,0.32,,0,2,7,1.8708,1,91,0.145,732.7,848,0,0.011262,0.274316,-3.42049,1279000,16103.2
1280,1000,186.692,18,0.36,,0,3,7,1.5,1,93,0.3065,780.6,783,0,0.011274,0.281607,-2.813408,1280000,16111.0
1281,1000,223.3203,18,0.36,,0,3,5,0.866,2,385,0.17,644.4,326,0,0.010856,0.214403,-3.990858,1281000,16119.0
1282,1000,89.9386,11,0.22,,1,0,5,1.9203,0,16,0.1767,626.0,640,0,0.01114,0.230716,-2.551659,1282000,16126.8
1283,1000,132.8067,15,0.3,,0,2,5,1.299,0,108,0.242,686.3,912,0,0.011445,0.497009,-2.445172,1283000,16135.0
1284,1000,84.0929,11,0.22,,0,1,5,1.479,0,0,0.0355,574.7,759,0,0.011215,0.26198,-3.209449,1284000,16143.2
1285,1000,159.2303,16,0.32,,0,2,6,1.4142,1,58,0.0875,617.0,674,0,0.011156,0.247753,-3.343534,1285000,16151.7
1286,1000,181.2261,17,0.34,,0,3,5,0.8292,1,10,0.1197,568.4,368,0,0.011101,0.376971,-3.02441,1286000,16159.7
1287,1000,193.8971,16,0.32,,0,1,6,1.8708,2,0,0.2062,658.4,935,0,0.011519,0.635996,-3.134141,1287000,16167.7
1288,1000,142.3965,17,0.34,,0,3,5,0.8292,0,5,0.1772,681.2,396,0,0.011447,0.485183,-3.135356,1288000,16175.6
1289,1000,154.4859,16,0.32,,0,2,6,1.5811,1,48,0.3555,646.2,832,0,0.011275,0.909353,-2.765898,1289000,16183.6
1290,1000,73.9294,11,0.22,,1,0,4,1.6394,0,42,0.0227,550.0,462,0,0.011139,0.43344,-2.859459,1290000,16191.6
1291,1000,119.5122,12,0.24,,1,0,5,1.8708,1,23,0.0882,739.5,915,0,0.011237,0.332571,-2.427488,1291000,16199.9
1292,1000,114.4523,12,0.24,,0,1,7,2.3452,1,822,0.139,695.0,859,0,0.011503,0.475652,-3.508452,1292000,16208.1
1293,1000,113.2228,11,0.22,,1,0,5,1.9203,1,48,0.0752,749.5,722,0,0.01151,0.465235,-2.901147,1293000,16216.5
1294,1000,88.5343,11,0.22,,1,0,5,1.9203,0,9,0.2385,652.5,212,0,0.011362,0.414736,-2.998821,1294000,16224.7
1295,1000,115.9567,16,0.32,,0,3,5,0.7071,0,7,0.3177,715.0,600,0,0.011336,0.82767,-3.087945,1295000,16232.5
1296,1000,173.3358,17,0.34,,0,1,7,2.1651,1,168,0.149,709.8,700,0,0.011424,0.431399,-3.540912,1296000,16240.4
1297,1000,199.9945,17,0.34,,0,1,7,2.1651,2,61,0.147,652.2,566,0,0.011091,0.329393,-2.793293,1297000,16248.1
1298,1000,153.81,17,0.34,,0,3,5,0.8292,0,3,0.1255,697.6,752,0,0.011085,0.394413,-3.138462,1298000,16256.4
1299,1000,107.7524,15,0.3,,0,2,5,1.0897,0,0,0.3295,625.3,562,0,0.011246,0.377673,-2.509045,1299000,16264.3
1300,1000,180.1457,18,0.36,,0,3,5,0.866,1,0,0.146,633.7,989,0,0.011174,0.288932,-1.805192,1300000,16272.3
1301,1000,122.4485,14,0.28,,0,1,5,1.5,0,0,0.1207,796.0,634,0,0.011113,0.360728,-2.425968,1301000,16290.2
1302,1000,245.8375,19,0.38,,0,2,8,2.1651,2,67,0.3518,794.0,973,0,0.011064,0.496613,-3.556409,1302000,16297.6
1303,1000,168.0308,15,0.3,,0,2,5,1.299,1,101,0.3478,793.9,174,0,0.011101,0.775177,-2.762208,1303000,16305.4
1304,1000,194.9431,19,0.38,,0,4,6,0.8292,1,0,0.181,629.1,718,0,0.01102,0.326399,-2.159835,1304000,16313.7
1305,1000,107.851,14,0.28,,1,0,5,2.0616,0,0,0.1515,667.3,481,0,0.011228,0.311205,-2.404696,1305000,16321.3
1306,1000,166.7014,16,0.32,,0,3,5,0.7071,1,277,0.2953,814.1,533,0,0.011134,0.272229,-2.970056,1306000,16330.0
1307,1000,129.723,15,0.3,,0,2,5,1.0897,0,8,0.1827,650.2,421,0,0.011542,0.883617,-2.567638,1307000,16338.3
1308,1000,178.6858,18,0.36,,0,3,5,0.866,1,8,0.3608,641.2,833,0,0.011356,0.595914,-1.935774,1308000,16346.2
1309,1000,95.374,13,0.26,,0,2,5,1.0897,0,188,0.0973,677.0,705,0,0.01168,0.453475,-3.115965,1309000,16354.2
1310,1000,125.702,12,0.24,,0,1,5,1.5811,1,0,0.0673,503.1,723,0,0.011642,0.54317,-2.717557,1310000,16362.4
1311,1000,186.306,18,0.36,,0,3,6,1.118,1,0,0.1895,831.5,927,0,0.011477,0.493076,-2.610909,1311000,16370.3
1312,1000,104.0222,14,0.28,,0,2,4,0.866,0,0,0.2602,747.6,475,0,0.011509,0.367363,-2.578672,1312000,16378.6
1313,1000,155.215,15,0.3,,0,3,5,0.8292,1,123,0.2562,794.4,456,0,0.011759,0.421601,-2.755648,1313000,16386.7
1314,1000,187.5409,19,0.38,,0,3,7,1.479,1,206,0.2152,744.2,935,0,0.011809,0.872009,-2.306883,1314000,16395.0
1315,1000,161.6593,16,0.32,,0,3,5,0.7071,1,0,0.0563,617.4,199,0,0.011672,0.244207,-2.550715,1315000,16403.1
1316,1000,61.4026,11,0.22,,0,2,4,0.8292,0,0,0.372,708.0,114,0,0.011633,0.26816,-3.068296,1316000,16411.0
1317,1000,174.649,19,0.38,,0,4,5,0.433,0,173,0.2577,842.5,748,0,0.012069,0.665131,-3.16411,1317000,16418.9
1318,1000,115.8028,13,0.26,,1,0,5,1.9203,0,124,0.1782,724.2,328,0,0.012231,0.267759,-3.536804,1318000,16426.6
1319,1000,105.8014,15,0.3,,0,2,5,1.299,0,0,0.23,660.5,362,0,0.012316,0.403765,-3.131379,1319000,16434.4
1320,1000,199.1084,19,0.38,,0,3,7,1.479,1,3,0.179,614.5,970,0,0.012188,0.431225,-2.633644,1320000,16442.4
1321,1000,112.1472,14,0.28,,0,2,5,1.118,0,0,0.127,672.9,446,0,0.011967,0.293773,-2.996316,1321000,16450.2
1322,1000,202.3077,18,0.36,,0,3,5,0.866,2,0,0.147,638.8,752,0,0.011971,0.427925,-2.531816,1322000,16458.1
1323,1000,95.3296,13,0.26,,0,3,4,0.433,0,29,0.0912,551.1,231,0,0.011896,0.210689,-2.737134,1323000,16466.1
1324,1000,132.6358,13,0.26,,0,2,5,1.0897,1,0,0.2253,671.2,872,0,0.01196,0.337729,-3.334028,1324000,16473.9
1325,1000,138.5265,16,0.32,,0,2,5,1.2247,0,38,0.2392,770.0,835,0,0.012032,0.426443,-2.414749,1325000,16481.9
1326,1000,74.3287,10,0.2,,0,1,4,1.118,0,110,0.0377,564.9,746,0,0.011853,0.354669,-2.288927,1326000,16490.0
1327,1000,158.8163,15,0.3,,0,2,5,1.0897,1,213,0.272,714.2,651,0,0.011899,0.360578,-3.301723,1327000,16498.1
1328,1000,101.2377,15,0.3,,0,3,5,0.8292,0,17,0.088,676.7,348,0,0.011752,0.527945,-2.796794,1328000,16506.0
1329,1000,174.9759,16,0.32,,0,3,5,1.0,1,172,0.445,840.4,614,0,0.011736,0.230136,-2.320203,1329000,16514.0
1330,1000,134.459,16,0.32,,0,3,5,0.7071,0,104,0.202,660.6,302,0,0.011433,0.238329,-2.640993,1330000,16522.0
1331,1000,132.4262,16,0.32,,0,2,5,1.2247,0,1,0.343,703.6,906,0,0.011457,0.324374,-2.755695,1331000,16530.2
1332,1000,179.7642,18,0.36,,0,4,5,0.5,1,7,0.2697,780.3,344,0,0.011284,0.655451,-2.6859,1332000,16538.3
1333,1000,81.874,15,0.3,,0,3,5,0.8292,0,4,0.4765,719.0,871,0,0.01123,0.242886,-2.799708,1333000,16546.4
1334,1000,116.8281,15,0.3,,0,1,5,1.6394,1,222,0.266,803.0,379,0,0.011463,0.534978,-1.787006,1334000,16554.6
1335,1000,55.0294,11,0.22,,1,0,4,1.6394,0,13,0.1087,528.8,816,0,0.011252,0.26662,-2.157792,1335000,16562.7
1336,1000,176.006,18,0.36,,0,4,6,0.866,1,0,0.1227,569.0,992,0,0.011102,0.312411,-2.755904,1336000,16571.0
1337,1000,116.9532,15,0.3,,0,2,5,1.0897,0,0,0.267,694.5,990,0,0.011135,0.509091,-2.89727,1337000,16579.2
1338,1000,89.358,13,0.26,,1,0,5,2.0463,0,0,0.2102,628.4,235,0,0.011326,0.2497,-2.806057,1338000,16587.1
1339,1000,159.5482,18,0.36,,0,3,5,0.866,0,0,0.2705,771.2,825,0,0.011405,0.342707,-2.500189,1339000,16594.9
1340,1000,88.4448,13,0.26,,0,1,5,1.479,0,440,0.2855,634.4,366,0,0.011503,0.924901,-3.025499,1340000,16602.8
1341,1000,110.9332,14,0.28,,0,1,5,1.5,0,654,0.186,811.6,805,0,0.011411,0.394791,-2.153779,1341000,16611.0
1342,1000,126.1699,15,0.3,,0,2,5,1.0897,0,2,0.2225,652.7,236,0,0.011453,0.428355,-2.259338,1342000,16619.1
1343,1000,44.2714,11,0.22,,1,0,4,1.6394,0,0,0.2572,530.4,347,0,0.011372,0.232762,-2.123349,1343000,16627.0
1344,1000,98.6335,12,0.24,,1,0,5,2.1213,0,146,0.383,701.3,507,0,0.011746,0.348399,-2.188715,1344000,16635.0
1345,1000,162.2325,16,0.32,,0,2,6,1.5811,1,35,0.0922,590.9,990,0,0.011754,0.543585,-2.371424,1345000,16642.9
1346,1000,110.7718,16,0.32,,0,3,5,0.7071,0,0,0.0138,532.2,784,0,0.011589,0.308385,-3.178598,1346000,16651.0
1347,1000,142.5089,13,0.26,,0,1,5,1.479,1,207,0.2375,698.5,532,0,0.011831,0.435699,-2.109097,1347000,16659.1
1348,1000,161.6458,15,0.3,,1,0,7,2.4875,1,0,0.2095,588.8,955,0,0.011688,0.344944,-3.005048,1348000,16667.3
1349,1000,104.4814,14,0.28,,0,2,5,1.118,0,10,0.084,574.0,494,0,0.011622,0.275138,-3.040163,1349000,16675.4
1350,1000,139.9998,13,0.26,,0,1,5,1.479,1,245,0.1525,692.1,935,0,0.011358,0.395983,-1.946334,1350000,16683.6
