episode,n_drones,n_dests,steps,team_reward,delivered,makespan,reloads,hop2plus,max_reach,stall_ratio,max_stall_run,term_reason,relay_frac,wall_sec
1,4,57,1000,630.0,46,,7,0.353,722.6,0.2157,19,step_limit,0.1641,9.3
2,3,50,1000,590.0,41,,7,0.462,750.2,0.2622,24,step_limit,0.1439,10.2
3,4,72,1000,830.0,60,,9,0.499,758.9,0.2682,18,step_limit,0.1466,11.2
4,3,46,1000,540.0,39,,6,0.2847,585.0,0.2034,51,step_limit,0.1236,12.0
5,3,58,1000,600.0,42,,7,0.514,787.2,0.432,135,step_limit,0.3,23.7
6,3,61,1000,810.0,57,,9,0.504,778.7,0.1769,32,step_limit,0.3388,43.3
7,3,30,546,373.62,30,546,3,0.5024,780.4,0.0859,35,complete,0.359,53.7
8,3,69,1000,720.0,48,,9,0.4547,669.3,0.5537,240,step_limit,0.1944,77.3
9,3,66,1000,880.0,58,,11,0.4627,797.4,0.1705,30,step_limit,0.3488,97.0
10,3,26,627,391.19,26,627,5,0.4673,718.1,0.2605,88,complete,0.3333,108.7
11,4,32,323,397.08,32,323,3,0.4257,698.0,0.1785,14,complete,0.2083,117.0
12,3,35,874,503.78,35,874,6,0.5031,699.3,0.4054,84,complete,0.3333,133.9
13,3,23,385,308.45,23,385,3,0.3974,659.8,0.1041,23,complete,0.2517,141.5
14,3,61,1000,790.0,52,,10,0.4607,764.8,0.2263,38,step_limit,0.3,162.3
15,4,78,921,1133.16,78,921,13,0.4533,760.9,0.2256,39,complete,0.2344,181.6
16,4,46,964,631.44,46,964,7,0.555,882.9,0.3407,54,complete,0.281,200.0
17,4,74,870,1095.2,74,870,13,0.454,778.9,0.1671,13,complete,0.2103,219.9
18,3,24,521,314.37,24,521,3,0.4677,756.7,0.1512,18,complete,0.3704,229.4
19,4,24,352,315.92,24,352,3,0.554,832.1,0.0688,9,complete,0.3191,236.1
20,3,66,927,992.19,66,927,12,0.3423,624.8,0.213,37,complete,0.1787,255.5
21,3,43,997,610.09,43,997,7,0.3477,617.9,0.4071,159,complete,0.2394,274.0
22,3,43,728,588.16,43,728,6,0.3658,492.4,0.342,50,complete,0.19,290.6
23,3,22,550,323.5,22,550,4,0.5285,779.8,0.2264,28,complete,0.3457,301.0
24,3,35,664,510.08,35,664,6,0.4528,781.5,0.195,33,complete,0.2972,314.1
25,4,25,527,348.92,25,527,4,0.555,894.5,0.2674,21,complete,0.3707,326.9
26,3,79,1000,990.0,66,,12,0.3993,632.7,0.2742,28,step_limit,0.213,348.4
27,4,63,1000,620.0,48,,6,0.665,937.2,0.4656,77,step_limit,0.3646,368.8
28,3,77,1000,930.0,63,,11,0.4247,746.0,0.2386,80,step_limit,0.2769,390.6
29,3,34,1000,480.0,33,,6,0.5583,778.4,0.4005,91,step_limit,0.3656,409.5
30,3,25,538,323.86,25,538,3,0.5688,795.3,0.0999,16,complete,0.3333,421.8
31,4,68,773,1009.08,68,773,12,0.5204,786.6,0.1819,14,complete,0.276,437.0
32,3,79,1000,750.0,54,,8,0.4687,696.9,0.3377,47,step_limit,0.2861,457.3
33,3,62,1000,810.0,54,,10,0.4747,768.4,0.2537,59,step_limit,0.2745,476.6
34,3,33,646,430.62,33,646,4,0.4169,652.3,0.3668,97,complete,0.2207,491.3
35,3,26,468,335.96,26,468,3,0.4858,686.5,0.271,48,complete,0.2628,500.0
36,3,57,1000,850.0,55,,11,0.4917,788.9,0.2138,33,step_limit,0.3012,518.6
37,3,29,747,357.59,29,747,3,0.5734,763.0,0.3608,70,complete,0.3709,534.4
38,4,63,1000,890.0,63,1000,10,0.5335,856.1,0.35,52,complete,0.3225,554.5
39,4,44,974,641.04,44,974,8,0.5939,892.1,0.3672,40,complete,0.3024,574.9
40,4,56,818,827.28,56,818,10,0.5391,849.8,0.3299,44,complete,0.2565,592.6
41,4,21,726,240.96,21,726,2,0.6216,933.0,0.3187,21,complete,0.4223,606.2
42,3,24,569,312.93,24,569,3,0.5823,793.9,0.2664,71,complete,0.3392,616.6
43,3,52,1000,670.0,49,,7,0.3817,787.4,0.2484,75,step_limit,0.2222,637.9
44,3,72,978,1080.66,72,978,13,0.407,751.6,0.2126,57,complete,0.1564,656.6
45,3,52,1000,680.0,47,,8,0.513,780.0,0.3974,192,step_limit,0.2891,677.1
46,4,72,667,1113.32,72,667,14,0.4247,637.0,0.1322,19,complete,0.1646,690.1
47,3,69,1000,710.0,50,,8,0.374,523.6,0.5603,158,step_limit,0.1416,711.5
48,3,56,1000,740.0,50,,9,0.437,665.4,0.4201,113,step_limit,0.2105,732.3
49,4,78,1000,1020.0,70,,12,0.6048,733.1,0.3968,100,step_limit,0.238,752.0
50,4,40,1000,290.0,21,,4,0.6813,881.9,0.638,356,step_limit,0.3896,772.1
51,4,51,676,752.96,51,676,9,0.4382,738.8,0.3438,28,complete,0.1837,913.5
52,3,42,766,607.02,42,766,7,0.4861,717.1,0.2178,31,complete,0.2551,926.7
53,4,60,626,874.96,60,626,10,0.4569,632.5,0.1553,16,complete,0.2075,940.6
54,3,49,855,734.35,49,855,9,0.4296,636.4,0.1712,24,complete,0.1863,956.7
55,3,40,903,582.91,40,903,7,0.4223,698.2,0.3593,29,complete,0.2456,975.4
56,4,61,714,941.44,61,714,12,0.4667,844.4,0.111,11,complete,0.25,989.0
57,3,53,1000,780.0,51,,10,0.5033,782.8,0.3261,89,step_limit,0.2446,1009.9
58,4,57,770,839.2,57,770,10,0.5643,940.2,0.2478,17,complete,0.2212,1024.6
59,3,50,979,740.63,50,979,9,0.4443,782.8,0.277,40,complete,0.1841,1045.5
60,3,21,804,275.88,21,804,3,0.5058,754.6,0.2398,55,complete,0.3194,1060.7
61,4,26,393,364.28,26,393,4,0.528,855.7,0.1243,13,complete,0.3045,1069.0
62,4,55,936,782.56,55,936,9,0.609,886.2,0.2315,11,complete,0.3096,1091.1
63,4,68,1000,880.0,59,,11,0.5653,961.7,0.3359,72,step_limit,0.2421,1113.2
64,3,41,1000,530.0,38,,6,0.479,784.3,0.4466,73,step_limit,0.2431,1132.3
65,4,68,788,978.48,68,788,11,0.4143,656.0,0.3395,19,complete,0.1282,1150.0
66,3,61,895,913.15,61,895,11,0.3747,605.2,0.2143,28,complete,0.1212,1167.9
67,3,53,1000,740.0,50,,9,0.515,740.7,0.3039,47,step_limit,0.1982,1188.9
68,3,44,629,631.13,44,629,7,0.4054,678.0,0.2547,28,complete,0.2261,1200.9
69,3,34,702,468.94,34,702,5,0.4463,734.6,0.2352,46,complete,0.1905,1216.6
70,3,31,1000,410.0,29,,5,0.5253,790.9,0.3453,55,step_limit,0.2874,1235.3
71,4,71,1000,970.0,68,,11,0.3232,583.0,0.3097,39,step_limit,0.1588,1257.2
72,3,53,1000,620.0,41,,8,0.556,759.7,0.4849,100,step_limit,0.2767,1278.0
73,3,21,637,310.89,21,637,4,0.5128,756.0,0.2897,36,complete,0.3385,1290.2
74,4,45,810,657.6,45,810,8,0.5722,860.9,0.3539,35,complete,0.2079,1306.3
75,4,40,889,544.44,40,889,6,0.4443,793.7,0.2587,22,complete,0.2263,1325.5
76,3,75,1000,940.0,61,,12,0.4917,754.9,0.1936,40,step_limit,0.2557,1346.8
77,4,24,395,344.2,24,395,4,0.5671,908.2,0.1719,10,complete,0.25,1354.9
78,3,64,1000,630.0,45,,7,0.5433,759.6,0.5539,158,step_limit,0.2302,1374.1
79,3,41,939,591.83,41,939,7,0.5318,779.2,0.2805,58,complete,0.3107,1393.0
80,3,69,1000,820.0,55,,10,0.4013,607.7,0.4465,93,step_limit,0.1982,1411.2
81,4,47,1000,660.0,46,,8,0.5577,828.8,0.3769,41,step_limit,0.2389,1432.7
82,4,69,1000,950.0,66,,11,0.5625,904.7,0.2285,13,step_limit,0.248,1454.6
83,4,31,696,432.16,31,696,5,0.6164,906.5,0.1713,15,complete,0.3734,1467.3
84,3,33,797,486.09,33,797,6,0.4575,787.8,0.2756,54,complete,0.2857,1485.1
85,3,38,509,574.73,38,509,7,0.4329,543.4,0.1292,19,complete,0.1577,1495.2
86,4,24,603,305.88,24,603,3,0.6012,823.4,0.2637,29,complete,0.2675,1506.8
87,3,30,674,429.78,30,674,5,0.4461,730.6,0.3125,50,complete,0.2255,1520.9
88,3,38,617,511.49,38,617,5,0.4916,715.3,0.2783,40,complete,0.2089,1532.2
89,3,57,1000,650.0,44,,8,0.495,776.8,0.3549,62,step_limit,0.3036,1553.5
90,4,21,797,238.12,21,797,2,0.6747,979.7,0.3475,20,complete,0.325,1568.4
91,4,77,1000,1120.0,74,,14,0.538,870.4,0.19,16,step_limit,0.2694,1590.1
92,3,69,1000,870.0,60,,10,0.472,711.1,0.318,55,step_limit,0.2213,1609.6
93,4,60,648,904.08,60,648,11,0.4946,741.1,0.1995,9,complete,0.149,1623.5
94,4,45,525,639.0,45,525,7,0.4824,767.4,0.1801,11,complete,0.1959,1633.3
95,3,71,1000,870.0,60,,10,0.4427,643.4,0.3923,76,step_limit,0.2459,1654.7
96,3,74,1000,810.0,54,,10,0.4493,792.3,0.3493,50,step_limit,0.2368,1673.3
97,4,47,1000,540.0,40,,6,0.4582,725.2,0.4594,35,step_limit,0.2083,1694.4
98,4,50,1000,680.0,48,,8,0.6225,964.3,0.3199,60,step_limit,0.3153,1715.7
99,4,35,1000,450.0,34,,5,0.5423,799.9,0.4226,56,step_limit,0.2556,1736.7
100,3,40,1000,570.0,39,,7,0.4477,727.3,0.4067,116,step_limit,0.2739,1757.2
101,3,23,508,304.76,23,508,3,0.3392,719.4,0.1021,18,complete,0.2177,1888.6
102,3,21,636,310.92,21,636,4,0.4727,768.0,0.231,18,complete,0.256,1897.8
103,4,72,1000,1020.0,67,,13,0.4552,709.7,0.3548,34,step_limit,0.1673,1907.8
104,3,27,968,360.96,27,968,4,0.5579,789.0,0.3335,54,complete,0.3333,1918.4
105,3,63,1000,750.0,51,,9,0.3477,551.2,0.4013,109,step_limit,0.1424,1930.0
106,4,58,655,823.8,58,655,9,0.4656,726.5,0.2078,13,complete,0.222,1938.1
107,4,75,1000,870.0,61,,10,0.5938,904.0,0.2976,37,step_limit,0.2979,1952.4
108,3,55,952,821.44,55,952,10,0.4629,717.0,0.2154,25,complete,0.1931,1967.6
109,4,64,1000,770.0,54,,9,0.549,809.2,0.3769,32,step_limit,0.2389,1982.6
110,3,55,1000,780.0,54,,9,0.5,779.7,0.3333,90,step_limit,0.2416,2000.2
111,4,67,1000,790.0,53,,10,0.582,832.6,0.3125,34,step_limit,0.263,2016.4
112,3,46,832,705.04,46,832,9,0.4611,757.7,0.3122,42,complete,0.2222,2031.4
113,4,43,913,603.48,43,913,7,0.4088,666.8,0.4378,30,complete,0.1804,2045.0
114,3,80,1000,960.0,66,,11,0.4517,751.2,0.2108,31,step_limit,0.1924,2057.9
115,4,78,952,1161.92,78,952,14,0.4136,723.2,0.2876,19,complete,0.1686,2074.6
116,4,72,871,1045.16,72,871,12,0.5396,868.0,0.2032,24,complete,0.2027,2086.3
117,3,54,1000,730.0,49,,9,0.4563,686.6,0.3633,81,step_limit,0.1883,2101.3
118,3,63,1000,780.0,51,,10,0.4763,779.2,0.4363,218,step_limit,0.247,2115.9
119,4,66,1000,930.0,61,,12,0.4652,792.1,0.2909,19,step_limit,0.2288,2129.3
120,4,70,979,1050.84,70,979,13,0.5299,885.4,0.2478,14,complete,0.2589,2147.3
121,4,45,696,662.16,45,696,8,0.5761,806.5,0.2265,18,complete,0.2388,2158.5
122,4,26,554,327.84,26,554,3,0.6178,1029.0,0.2543,23,complete,0.3289,2169.7
123,4,30,713,391.48,30,713,4,0.636,824.0,0.3959,24,complete,0.284,2180.8
124,3,80,1000,820.0,55,,10,0.441,733.1,0.3201,76,step_limit,0.2312,2197.6
125,4,41,871,555.16,41,871,6,0.5505,739.7,0.3789,38,complete,0.2247,2213.9
126,3,50,1000,660.0,45,,8,0.537,793.9,0.3521,34,step_limit,0.2621,2230.6
127,3,37,927,552.19,37,927,7,0.5099,781.9,0.2486,47,complete,0.2601,2246.8
128,3,42,1000,520.0,37,,6,0.478,784.6,0.3331,48,step_limit,0.2624,2263.2
129,4,52,1000,670.0,50,,7,0.4968,790.3,0.3444,21,step_limit,0.2095,2281.8
130,3,40,1000,530.0,38,,6,0.5497,777.4,0.2858,78,step_limit,0.3369,2298.1
131,3,39,812,575.64,39,812,7,0.3929,646.1,0.1845,19,complete,0.186,2313.1
132,4,63,797,928.12,63,797,11,0.415,719.0,0.2675,17,complete,0.1453,2328.0
133,3,61,1000,810.0,54,,10,0.452,719.7,0.3156,48,step_limit,0.1875,2348.8
134,4,22,267,299.32,22,267,3,0.3642,692.9,0.0884,5,complete,0.1538,2355.0
135,3,20,596,272.12,20,596,3,0.5162,721.1,0.1486,38,complete,0.3519,2366.3
136,4,57,1000,730.0,53,,8,0.613,830.0,0.4885,79,step_limit,0.2544,2387.7
137,3,24,436,316.92,24,436,3,0.4197,722.2,0.1624,26,complete,0.2014,2395.8
138,4,35,488,450.48,35,488,4,0.4703,605.3,0.1419,10,complete,0.1692,2406.8
139,3,29,700,389.0,29,700,4,0.4862,777.7,0.288,42,complete,0.2254,2419.9
140,3,32,787,476.39,32,787,6,0.5231,788.9,0.3774,51,complete,0.2544,2434.9
141,3,54,1000,680.0,47,,8,0.366,557.2,0.3421,39,step_limit,0.1586,2455.5
142,3,42,1000,570.0,39,,7,0.4557,674.9,0.449,254,step_limit,0.2482,2475.5
143,3,23,425,337.25,23,425,4,0.4839,754.5,0.0613,15,complete,0.3137,2483.3
144,3,61,1000,870.0,57,,11,0.4717,791.5,0.2264,30,step_limit,0.2232,2502.8
145,3,64,1000,650.0,44,,8,0.367,568.6,0.3972,79,step_limit,0.1952,2523.3
146,3,71,1000,990.0,66,,12,0.4163,776.2,0.1696,25,step_limit,0.1722,2543.7
147,3,48,824,695.28,48,824,8,0.4361,703.9,0.2929,60,complete,0.1771,2558.4
148,4,36,704,511.84,36,704,6,0.6268,1022.5,0.329,41,complete,0.3333,2573.0
149,4,40,450,562.0,40,450,6,0.4622,847.0,0.1558,25,complete,0.1115,2584.1
150,3,26,825,355.25,26,825,4,0.4279,754.9,0.3677,73,complete,0.2468,2600.5
151,4,70,1000,940.0,65,,11,0.5667,838.1,0.3703,98,step_limit,0.1901,2772.9
152,4,48,606,695.76,48,606,8,0.5693,813.0,0.2267,13,complete,0.2029,2785.2
153,4,57,985,830.6,57,985,10,0.5693,944.3,0.3599,30,complete,0.2279,2800.8
154,4,34,471,471.16,34,471,5,0.4973,731.3,0.139,10,complete,0.197,2808.5
155,4,80,1000,1000.0,68,,12,0.5312,876.8,0.3032,18,step_limit,0.2442,2826.6
156,4,59,790,828.4,59,790,9,0.5896,905.1,0.2361,50,complete,0.2453,2842.4
157,3,42,1000,490.0,34,,6,0.3327,671.6,0.4449,108,step_limit,0.2418,2861.4
158,4,76,921,1113.16,76,921,13,0.4392,601.1,0.2704,24,complete,0.1342,2880.2
159,4,47,540,658.4,47,540,7,0.4366,859.2,0.1853,11,complete,0.1867,2892.7
160,3,62,1000,840.0,60,,9,0.5053,773.9,0.2401,40,step_limit,0.229,2913.6
161,3,31,665,440.05,31,665,5,0.3749,720.9,0.2436,21,complete,0.1963,2928.8
162,3,26,605,361.85,26,605,4,0.5295,737.2,0.2731,34,complete,0.254,2939.8
163,4,21,761,239.56,21,761,2,0.6725,1028.3,0.3506,26,complete,0.4321,2956.9
164,4,79,1000,920.0,63,,11,0.582,786.6,0.3765,42,step_limit,0.242,2976.9
165,4,47,730,650.8,47,730,7,0.3719,797.1,0.2019,11,complete,0.1964,2992.1
166,3,77,1000,1060.0,70,,13,0.3867,737.6,0.2213,27,step_limit,0.164,3011.3
167,4,77,1000,810.0,58,,9,0.6095,887.5,0.3382,39,step_limit,0.2863,3033.0
168,4,29,563,327.48,29,563,2,0.5346,797.1,0.1786,10,complete,0.2738,3044.1
169,4,59,899,854.04,59,899,10,0.5887,947.3,0.2418,21,complete,0.2957,3063.3
170,3,74,1000,790.0,55,,9,0.519,744.7,0.3912,81,step_limit,0.2232,3083.7
171,4,34,428,472.88,34,428,5,0.4725,608.9,0.2148,13,complete,0.1389,3094.0
172,3,43,868,643.96,43,868,8,0.5253,746.0,0.2208,20,complete,0.2674,3110.8
173,3,35,816,505.52,35,816,6,0.5102,765.3,0.3451,82,complete,0.2058,3127.6
174,4,43,571,617.16,43,571,7,0.4672,784.4,0.1698,10,complete,0.1603,3138.7
175,4,30,702,391.92,30,702,4,0.6335,1049.4,0.3131,19,complete,0.3581,3152.4
176,4,29,885,344.6,29,885,3,0.6898,961.3,0.5764,220,complete,0.3689,3168.9
177,3,45,965,661.05,45,965,8,0.5371,787.0,0.2568,28,complete,0.2256,3190.7
178,3,20,512,244.64,20,512,2,0.5547,770.2,0.2685,37,complete,0.2576,3201.8
179,4,66,1000,860.0,60,,10,0.6028,1001.6,0.2468,12,step_limit,0.2903,3224.8
180,4,22,582,286.72,22,582,3,0.5168,667.9,0.3416,19,complete,0.2182,3236.7
181,4,77,979,1090.84,77,979,12,0.584,920.6,0.2051,23,complete,0.2574,3258.6
182,3,74,1000,920.0,62,,11,0.4293,695.6,0.2315,31,step_limit,0.1734,3280.0
183,4,40,676,582.96,40,676,7,0.3813,642.0,0.2714,53,complete,0.1707,3293.0
184,3,77,1000,910.0,64,,10,0.3887,683.4,0.2724,28,step_limit,0.1917,3314.3
185,4,72,1000,920.0,63,,11,0.512,766.7,0.3442,36,step_limit,0.2336,3334.2
186,4,74,829,1096.84,74,829,13,0.4554,765.1,0.2805,21,complete,0.1577,3352.3
187,3,65,1000,890.0,62,,10,0.4743,753.5,0.243,43,step_limit,0.2304,3371.1
188,3,80,1000,830.0,56,,10,0.515,689.7,0.2548,74,step_limit,0.2697,3391.9
189,4,55,743,790.28,55,743,9,0.5855,880.2,0.2333,36,complete,0.2725,3406.4
190,3,36,752,517.44,36,752,6,0.5044,780.5,0.3109,55,complete,0.242,3423.4
191,3,28,581,352.57,28,581,3,0.5347,791.3,0.2821,19,complete,0.224,3434.0
192,4,74,876,1094.96,74,876,13,0.5462,824.4,0.2536,46,complete,0.2024,3452.4
193,3,61,1000,710.0,50,,8,0.538,790.1,0.3435,82,step_limit,0.2421,3470.9
194,4,73,825,1087.0,73,825,13,0.5085,761.5,0.2229,22,complete,0.188,3490.7
195,4,69,1000,940.0,65,,11,0.5425,886.2,0.2665,18,step_limit,0.2661,3510.2
196,3,47,914,682.58,47,914,8,0.4008,701.8,0.3094,96,complete,0.1582,3530.0
197,4,27,484,340.64,27,484,3,0.577,863.9,0.294,9,complete,0.3042,3539.7
198,3,56,956,831.32,56,956,10,0.3679,657.7,0.2613,88,complete,0.1594,3561.0
199,3,57,1000,680.0,47,,8,0.5347,766.0,0.4975,255,step_limit,0.244,3579.2
200,4,64,1000,800.0,57,,9,0.5685,845.7,0.3932,48,step_limit,0.25,3600.7
201,4,38,956,521.76,38,956,6,0.648,1039.9,0.2081,26,complete,0.3699,3772.0
202,3,32,655,450.35,32,655,5,0.5384,792.2,0.2838,37,complete,0.2958,3782.3
203,3,23,453,306.41,23,453,3,0.4106,650.3,0.183,25,complete,0.1407,3789.4
204,3,38,777,536.69,38,777,6,0.3526,768.6,0.3047,39,complete,0.1318,3804.8
205,3,27,531,404.07,27,531,5,0.4614,681.5,0.235,27,complete,0.2143,3813.9
206,3,58,1000,700.0,49,,8,0.5027,784.2,0.3162,63,step_limit,0.2673,3831.3
207,3,52,1000,690.0,45,,9,0.5217,786.4,0.3197,57,step_limit,0.2767,3848.9
208,3,60,1000,660.0,45,,8,0.514,774.7,0.4155,73,step_limit,0.2585,3868.3
209,3,72,1000,810.0,57,,9,0.511,784.3,0.3036,35,step_limit,0.2262,3887.0
210,4,39,632,544.72,39,632,6,0.4917,707.7,0.3177,22,complete,0.1699,3900.2
211,3,55,930,792.1,55,930,9,0.467,761.6,0.2344,51,complete,0.268,3919.1
212,3,62,1000,820.0,55,,10,0.4057,647.2,0.3279,80,step_limit,0.1875,3942.3
213,4,77,886,1184.56,77,886,15,0.3564,619.1,0.1954,15,complete,0.1446,3959.9
214,3,44,830,625.1,44,830,7,0.4394,669.1,0.2316,29,complete,0.2111,3979.5
215,3,49,968,730.96,49,968,9,0.5286,780.2,0.2995,43,complete,0.3019,4000.9
216,4,29,610,355.6,29,610,3,0.6254,974.9,0.2103,13,complete,0.3929,4012.9
217,4,36,482,520.72,36,482,6,0.4212,655.3,0.2635,50,complete,0.163,4022.5
218,4,55,705,791.8,55,705,9,0.5213,712.5,0.2654,18,complete,0.1625,4038.4
219,3,35,1000,500.0,35,1000,6,0.509,792.8,0.3388,94,complete,0.2434,4056.2
220,4,73,984,1080.64,73,984,13,0.5432,838.4,0.3417,18,complete,0.1855,4076.9
221,4,25,550,318.0,25,550,3,0.5995,842.9,0.2481,22,complete,0.3432,4087.0
222,3,30,608,401.76,30,608,4,0.5927,796.3,0.363,49,complete,0.1823,4100.4
223,3,45,1000,540.0,39,,6,0.536,716.8,0.4517,196,step_limit,0.2986,4119.7
224,4,76,1000,910.0,62,,11,0.6318,882.6,0.3915,56,step_limit,0.2907,4140.6
225,4,70,879,1024.84,70,879,12,0.527,768.4,0.243,15,complete,0.2117,4155.7
226,4,73,829,1086.84,73,829,13,0.4388,713.5,0.2458,23,complete,0.1529,4170.9
227,4,56,700,802.0,56,700,9,0.4754,822.6,0.2301,20,complete,0.1576,4182.8
228,4,24,398,284.08,24,398,2,0.5729,858.7,0.1416,7,complete,0.2562,4189.2
229,3,32,682,449.54,32,682,5,0.5494,778.9,0.2248,35,complete,0.2415,4199.5
230,3,62,1000,880.0,61,,10,0.45,729.2,0.2387,34,step_limit,0.1972,4217.4
231,3,27,513,374.61,27,513,4,0.5016,778.1,0.2052,34,complete,0.256,4225.9
232,4,27,828,386.88,27,828,5,0.6528,973.5,0.311,27,complete,0.4337,4241.3
233,4,58,1000,780.0,55,,9,0.547,867.1,0.3163,39,step_limit,0.232,4256.8
234,3,56,1000,580.0,40,,7,0.2463,555.1,0.2893,32,step_limit,0.1353,4275.0
235,3,49,917,702.49,49,917,8,0.4998,778.3,0.2234,26,complete,0.2745,4289.8
236,4,71,1000,1030.0,71,1000,12,0.5353,921.4,0.225,17,complete,0.218,4308.1
237,4,77,899,1154.04,77,899,14,0.4524,663.0,0.2143,14,complete,0.1852,4322.8
238,4,27,434,372.64,27,434,4,0.4176,768.2,0.1903,10,complete,0.1562,4330.6
239,4,37,637,524.52,37,637,6,0.6268,949.8,0.1465,9,complete,0.3344,4342.2
240,4,70,819,1027.24,70,819,12,0.5052,678.4,0.2884,30,complete,0.1832,4353.8
241,3,46,1000,660.0,45,,8,0.4513,767.5,0.2546,89,step_limit,0.2604,4368.3
242,4,65,991,970.36,65,991,12,0.4886,664.5,0.3333,24,complete,0.1641,4383.8
243,4,39,621,515.16,39,621,5,0.5403,908.5,0.1897,19,complete,0.2637,4392.0
244,3,51,910,752.7,51,910,9,0.4747,761.7,0.1822,49,complete,0.2909,4405.1
245,3,52,1000,670.0,46,,8,0.546,787.8,0.2408,32,step_limit,0.3468,4420.2
246,4,54,598,786.08,54,598,9,0.4557,699.7,0.1561,9,complete,0.1978,4428.7
247,4,69,772,989.12,69,772,11,0.5677,973.0,0.16,16,complete,0.222,4438.6
248,3,77,1000,1030.0,67,,13,0.461,775.6,0.1787,27,step_limit,0.2359,4453.8
249,4,70,849,996.04,70,849,11,0.439,732.2,0.2533,25,complete,0.1688,4464.3
250,3,51,1000,690.0,48,,8,0.5507,788.1,0.315,43,step_limit,0.2476,4480.1
251,4,33,545,458.2,33,545,5,0.5028,769.3,0.2142,18,complete,0.2344,4589.8
252,3,25,630,321.1,25,630,3,0.5624,787.8,0.3012,48,complete,0.256,4596.3
253,4,49,987,720.52,49,987,9,0.6107,957.4,0.2095,27,complete,0.3553,4607.3
254,4,26,395,334.2,26,395,3,0.5304,715.6,0.3166,23,complete,0.1971,4615.3
255,3,38,776,536.72,38,776,6,0.5331,791.1,0.359,57,complete,0.2456,4625.6
256,3,27,652,370.44,27,652,4,0.5557,744.8,0.2237,27,complete,0.3333,4633.7
257,3,44,889,653.33,44,889,8,0.4522,796.7,0.3052,57,complete,0.2449,4648.8
258,4,73,877,1084.92,73,877,13,0.5536,795.4,0.2151,12,complete,0.2362,4663.7
259,4,65,745,950.2,65,745,11,0.5161,820.5,0.1462,10,complete,0.1912,4674.9
260,4,49,670,673.2,49,670,7,0.5843,885.7,0.2177,30,complete,0.2601,4686.7
261,4,21,583,276.68,21,583,3,0.6321,813.2,0.3541,45,complete,0.3308,4695.3
262,3,69,1000,950.0,65,,11,0.406,681.2,0.3379,69,step_limit,0.1913,4708.9
263,3,40,1000,410.0,29,,5,0.557,756.7,0.5169,368,step_limit,0.2745,4727.3
264,4,35,524,479.04,35,524,5,0.5639,820.4,0.2493,11,complete,0.2537,4736.0
265,4,52,559,737.64,52,559,8,0.4629,566.0,0.1772,14,complete,0.1458,4745.0
266,3,33,463,496.11,33,463,6,0.3837,644.1,0.1417,24,complete,0.1148,4754.9
267,4,32,605,445.8,32,605,5,0.5612,895.4,0.3074,37,complete,0.3115,4765.0
268,3,39,835,574.95,39,835,7,0.5226,775.3,0.3019,42,complete,0.2529,4780.7
269,4,71,839,1036.44,71,839,12,0.5518,784.7,0.2765,23,complete,0.1954,4796.7
270,3,56,1000,690.0,48,,8,0.5,793.1,0.1929,28,step_limit,0.2876,4815.0
271,4,66,1000,860.0,60,,10,0.524,794.3,0.2405,24,step_limit,0.2198,4836.3
272,3,33,632,491.04,33,632,6,0.403,603.8,0.2784,32,complete,0.1244,4848.1
273,4,75,1000,990.0,70,,11,0.571,899.5,0.258,31,step_limit,0.2156,4870.5
274,3,63,917,932.49,63,917,11,0.4478,703.0,0.0882,18,complete,0.2443,4889.3
275,3,46,985,640.45,46,985,7,0.5651,787.7,0.2648,77,complete,0.3058,4907.8
276,4,62,1000,520.0,38,,6,0.5833,817.7,0.5017,316,step_limit,0.2868,4928.2
277,4,35,561,507.56,35,561,6,0.6029,842.4,0.2942,14,complete,0.2689,4938.3
278,3,79,1000,1040.0,68,,13,0.421,710.8,0.2019,49,step_limit,0.1894,4958.6
279,3,50,958,741.26,50,958,9,0.4652,777.5,0.2095,77,complete,0.2372,4975.9
280,3,71,1000,910.0,61,,11,0.47,759.6,0.2178,29,step_limit,0.2381,4997.0
281,4,52,876,754.96,52,876,9,0.5611,842.1,0.2421,21,complete,0.24,5013.3
282,3,55,1000,720.0,51,,8,0.436,749.9,0.3188,62,step_limit,0.2164,5034.7
283,3,44,910,652.7,44,910,8,0.3275,649.9,0.206,29,complete,0.2065,5051.9
284,4,61,945,902.2,61,945,11,0.5302,800.8,0.2722,18,complete,0.2583,5071.1
285,4,61,1000,840.0,58,,10,0.5172,797.9,0.3555,74,step_limit,0.2217,5090.0
286,4,35,532,478.72,35,532,5,0.4093,718.7,0.2002,12,complete,0.1957,5102.0
287,4,42,809,627.64,42,809,8,0.6032,933.1,0.3446,71,complete,0.2472,5118.2
288,3,26,730,328.1,26,730,3,0.5644,790.7,0.4827,266,complete,0.3545,5137.2
289,4,71,812,1067.52,71,812,13,0.5314,799.3,0.1874,25,complete,0.208,5154.4
290,3,34,843,464.71,34,843,5,0.4883,684.7,0.3308,60,complete,0.2181,5173.1
291,4,70,1000,850.0,59,,10,0.4492,798.5,0.3412,40,step_limit,0.2208,5192.3
292,4,25,319,357.24,25,319,4,0.4585,687.1,0.0565,4,complete,0.1957,5200.4
293,4,78,1000,1120.0,74,,14,0.505,881.6,0.1908,14,step_limit,0.2624,5218.7
294,3,63,1000,750.0,51,,9,0.4593,763.4,0.3709,83,step_limit,0.2147,5240.0
295,3,40,965,551.05,40,965,6,0.4791,799.9,0.3189,30,complete,0.2199,5257.4
296,3,78,1000,910.0,61,,11,0.487,721.0,0.3205,63,step_limit,0.2028,5278.4
297,3,76,1000,1100.0,74,,13,0.3997,682.5,0.2589,38,step_limit,0.119,5298.0
298,4,42,488,580.48,42,488,6,0.4252,760.5,0.2016,12,complete,0.1736,5308.9
299,4,34,883,454.68,34,883,5,0.6503,1065.9,0.4296,56,complete,0.3542,5325.2
300,4,73,1000,880.0,62,,10,0.518,815.2,0.2872,59,step_limit,0.2423,5346.5
301,4,74,957,1121.72,74,957,14,0.4287,736.3,0.2956,24,complete,0.1794,5516.8
302,3,56,867,803.99,56,867,9,0.4933,766.4,0.1999,58,complete,0.2201,5532.9
303,4,24,352,345.92,24,352,4,0.5135,811.4,0.0767,7,complete,0.26,5539.1
304,4,67,907,963.72,67,907,11,0.5838,978.4,0.1552,11,complete,0.3151,5555.9
305,3,69,1000,900.0,60,,11,0.4667,794.7,0.2627,62,step_limit,0.2571,5572.5
306,3,30,523,404.31,30,523,4,0.4194,755.8,0.1205,27,complete,0.2295,5583.1
307,4,46,607,645.72,46,607,7,0.4514,637.5,0.1666,10,complete,0.1786,5593.6
308,3,45,1000,630.0,42,,8,0.4727,756.5,0.4076,97,step_limit,0.1852,5610.7
309,4,80,1000,1060.0,74,,12,0.5755,936.8,0.2535,37,step_limit,0.2713,5627.5
310,3,26,640,360.8,26,640,4,0.5182,756.2,0.2827,38,complete,0.241,5637.2
311,3,52,926,762.22,52,926,9,0.4237,762.9,0.2975,67,complete,0.2071,5653.7
312,3,42,776,606.72,42,776,7,0.5052,768.0,0.1684,26,complete,0.2764,5666.3
313,3,60,1000,790.0,55,,9,0.434,707.9,0.2563,35,step_limit,0.2655,5682.2
314,3,78,1000,870.0,57,,11,0.499,685.0,0.4077,160,step_limit,0.2076,5703.2
315,4,51,993,740.28,51,993,9,0.645,988.7,0.2594,44,complete,0.3794,5722.4
316,4,58,694,852.24,58,694,10,0.4539,843.9,0.1915,14,complete,0.2064,5738.1
317,4,75,1000,1070.0,72,,13,0.5493,954.4,0.2898,19,step_limit,0.2425,5757.2
318,4,56,1000,720.0,52,,8,0.5625,935.9,0.3433,26,step_limit,0.3283,5779.2
319,3,69,1000,550.0,37,,7,0.4663,649.6,0.5412,230,step_limit,0.2115,5799.7
320,4,45,672,633.12,45,672,7,0.5915,864.1,0.224,20,complete,0.3,5812.2
321,4,28,399,384.04,28,399,4,0.6009,903.0,0.1199,6,complete,0.2452,5819.7
322,4,59,743,830.28,59,743,9,0.4199,596.8,0.258,13,complete,0.1529,5835.9
323,3,44,1000,580.0,40,,7,0.5573,799.1,0.2796,32,step_limit,0.3107,5854.8
324,3,25,464,326.08,25,464,3,0.4095,574.1,0.1649,31,complete,0.1634,5863.9
325,4,65,916,973.36,65,916,12,0.5136,756.9,0.2374,16,complete,0.2227,5883.2
326,3,31,1000,420.0,30,,5,0.5863,767.6,0.5898,454,step_limit,0.3455,5903.6
327,4,67,1000,910.0,65,,10,0.5347,857.8,0.3211,38,step_limit,0.2207,5923.2
328,3,65,1000,890.0,59,,11,0.42,732.9,0.2821,46,step_limit,0.1709,5946.1
329,4,33,987,470.52,33,987,6,0.5887,864.2,0.4206,136,complete,0.3544,5965.2
330,4,76,940,1142.4,76,940,14,0.5287,843.0,0.2202,31,complete,0.2371,5983.1
331,3,76,1000,950.0,65,,11,0.464,741.1,0.1769,27,step_limit,0.2825,6004.9
332,4,75,900,1104.0,75,900,13,0.5181,810.5,0.242,11,complete,0.2246,6026.2
333,3,26,942,351.74,26,942,4,0.5117,787.9,0.533,211,complete,0.3169,6044.4
334,3,63,1000,790.0,52,,10,0.3593,656.5,0.3887,70,step_limit,0.1743,6065.3
335,4,28,466,381.36,28,466,4,0.5628,847.5,0.2505,18,complete,0.2716,6073.8
336,3,54,1000,740.0,50,,9,0.4307,768.5,0.243,21,step_limit,0.2132,6094.6
337,3,65,1000,830.0,59,,9,0.514,760.3,0.2249,34,step_limit,0.3164,6114.3
338,3,68,1000,800.0,53,,10,0.4843,740.7,0.3511,84,step_limit,0.2667,6135.9
339,4,47,690,652.4,47,690,7,0.4007,661.1,0.2382,14,complete,0.1694,6149.3
340,3,73,1000,930.0,60,,12,0.4973,766.1,0.2606,74,step_limit,0.2941,6170.8
341,3,64,1000,790.0,55,,9,0.5277,775.4,0.2207,24,step_limit,0.3056,6191.0
342,3,26,482,365.54,26,482,4,0.3534,702.2,0.1247,25,complete,0.1726,6200.3
343,4,58,1000,700.0,47,,9,0.5665,827.5,0.502,138,step_limit,0.287,6218.7
344,4,23,356,305.76,23,356,3,0.3736,655.5,0.1512,21,complete,0.1453,6226.8
345,4,53,909,733.64,53,909,8,0.6034,1024.2,0.3199,22,complete,0.3042,6245.2
346,3,21,477,285.69,21,477,3,0.4955,716.6,0.2217,44,complete,0.2917,6255.5
347,4,39,515,549.4,39,515,6,0.568,767.5,0.2297,17,complete,0.226,6265.8
348,4,46,569,677.24,46,569,8,0.4363,618.0,0.2192,15,complete,0.179,6277.5
349,4,37,525,529.0,37,525,6,0.5195,862.2,0.1551,10,complete,0.277,6289.1
350,3,42,1000,580.0,40,,7,0.4993,798.7,0.3163,63,step_limit,0.3067,6307.9
351,4,54,821,807.16,54,821,10,0.5308,917.6,0.3111,27,complete,0.2313,6473.7
352,4,69,1000,1020.0,67,,13,0.5447,844.9,0.2449,35,step_limit,0.2868,6491.6
353,3,44,765,657.05,44,765,8,0.4688,703.3,0.195,33,complete,0.2143,6504.4
354,3,49,994,700.18,49,994,8,0.4373,769.5,0.2986,40,complete,0.2767,6520.9
355,3,28,443,356.71,28,443,3,0.5515,699.4,0.1868,22,complete,0.2484,6530.2
356,3,79,1000,1100.0,74,,13,0.4083,670.9,0.1929,47,step_limit,0.1738,6547.0
357,4,71,827,1036.92,71,827,12,0.4435,594.2,0.3139,21,complete,0.1382,6563.0
358,3,30,555,403.35,30,555,4,0.4901,779.2,0.1539,36,complete,0.2994,6571.6
359,3,74,1000,750.0,51,,9,0.2993,531.0,0.3499,57,step_limit,0.1386,6588.5
360,4,47,716,711.36,47,716,9,0.5269,858.0,0.2293,13,complete,0.2528,6602.4
361,3,43,666,620.02,43,666,7,0.451,786.0,0.1248,19,complete,0.2417,6612.9
362,4,78,1000,1130.0,75,,14,0.509,751.3,0.2858,26,step_limit,0.2197,6636.3
363,4,70,763,1029.48,70,763,12,0.4309,710.6,0.2062,15,complete,0.1483,6652.4
364,3,64,1000,870.0,60,,10,0.5153,784.1,0.212,37,step_limit,0.2694,6675.9
365,3,63,1000,820.0,55,,10,0.49,794.1,0.1337,24,step_limit,0.3192,6695.8
366,3,44,977,620.69,44,977,7,0.5162,778.8,0.2919,37,complete,0.3265,6710.7
367,4,38,614,535.44,38,614,6,0.5863,935.7,0.3018,17,complete,0.289,6720.4
368,3,37,795,526.15,37,795,6,0.3484,538.6,0.3757,92,complete,0.1746,6734.6
369,3,42,954,601.38,42,954,7,0.435,669.4,0.3633,120,complete,0.2596,6754.6
370,3,70,1000,910.0,61,,11,0.451,765.9,0.2123,28,step_limit,0.2251,6771.5
371,3,40,927,552.19,40,927,6,0.3952,744.8,0.3049,34,complete,0.2737,6787.8
372,4,29,389,394.44,29,389,4,0.4492,565.3,0.2281,10,complete,0.1765,6795.5
373,3,79,1000,980.0,65,,12,0.3873,709.5,0.2556,56,step_limit,0.2049,6812.5
374,3,40,783,556.51,40,783,6,0.5521,765.7,0.1559,31,complete,0.345,6830.0
375,3,28,491,415.27,28,491,5,0.4134,680.8,0.1337,21,complete,0.2061,6838.0
376,3,40,1000,570.0,39,,7,0.532,789.1,0.1814,53,step_limit,0.3918,6855.7
377,3,72,1000,870.0,60,,10,0.5073,805.8,0.2397,41,step_limit,0.3089,6871.3
378,4,61,841,876.36,61,841,10,0.4658,846.7,0.2222,13,complete,0.2252,6885.1
379,4,68,1000,970.0,65,,12,0.5823,839.2,0.3114,14,step_limit,0.2958,6900.6
380,3,24,567,342.99,24,567,4,0.4345,743.9,0.2848,31,complete,0.3167,6908.5
381,3,52,1000,700.0,49,,8,0.4553,783.7,0.2037,25,step_limit,0.3068,6923.4
382,4,35,585,476.6,35,585,5,0.4889,839.0,0.1756,11,complete,0.25,6934.0
383,3,47,973,680.81,47,973,8,0.4824,791.3,0.1291,13,complete,0.3403,6947.7
384,3,28,449,416.53,28,449,5,0.3593,737.7,0.0887,24,complete,0.2407,6954.6
385,4,70,1000,1050.0,70,1000,13,0.5503,802.7,0.2479,17,complete,0.2724,6971.7
386,4,71,906,1033.76,71,906,12,0.4081,781.8,0.28,24,complete,0.2004,6985.3
387,3,49,876,733.72,49,876,9,0.3516,638.0,0.2934,60,complete,0.1909,6998.4
388,3,21,730,248.1,21,730,2,0.5283,765.7,0.42,57,complete,0.3107,7008.8
389,4,60,852,895.92,60,852,11,0.3771,596.8,0.3523,34,complete,0.1504,7019.3
390,4,30,518,399.28,30,518,4,0.5912,836.5,0.3381,56,complete,0.308,7027.4
391,3,51,927,752.19,51,927,9,0.3452,647.0,0.3902,161,complete,0.15,7042.7
392,3,39,927,572.19,39,927,7,0.493,746.6,0.2848,47,complete,0.3258,7056.7
393,4,73,767,1059.32,73,767,12,0.3833,606.6,0.203,15,complete,0.1303,7069.2
394,3,32,863,444.11,32,863,5,0.4276,800.9,0.1234,23,complete,0.3586,7082.3
395,4,70,818,1027.28,70,818,12,0.4667,734.2,0.2365,25,complete,0.1601,7094.2
396,4,28,360,385.6,28,360,4,0.4514,668.7,0.2121,16,complete,0.1615,7101.1
397,3,39,790,576.3,39,790,7,0.5329,799.0,0.2883,54,complete,0.2764,7112.7
398,3,40,751,587.47,40,751,7,0.5135,677.0,0.1888,28,complete,0.2597,7123.1
399,3,51,966,751.02,51,966,9,0.4817,796.9,0.1458,27,complete,0.2928,7140.5
400,3,79,1000,940.0,61,,12,0.479,738.3,0.1618,42,step_limit,0.2857,7156.5
401,3,63,1000,850.0,58,,10,0.444,734.9,0.2297,59,step_limit,0.2792,7293.6
402,3,32,678,479.66,32,678,6,0.4489,756.3,0.2398,39,complete,0.2441,7304.7
403,3,76,1000,950.0,65,,11,0.3583,666.2,0.1991,42,step_limit,0.2053,7322.8
404,4,23,336,336.56,23,336,4,0.4993,724.7,0.1765,12,complete,0.1845,7329.9
405,3,67,1000,770.0,50,,10,0.4373,733.7,0.284,78,step_limit,0.2966,7347.8
406,3,48,701,698.97,48,701,8,0.4028,747.5,0.1656,15,complete,0.2355,7359.9
407,3,72,1000,980.0,65,,12,0.4843,794.7,0.1478,33,step_limit,0.2698,7379.1
408,4,79,1000,1120.0,74,,14,0.5507,827.2,0.2092,26,step_limit,0.2671,7398.5
409,4,28,385,384.6,28,385,4,0.4234,517.8,0.2367,19,complete,0.1226,7406.6
410,4,46,854,665.84,46,854,8,0.5208,846.5,0.2183,13,complete,0.2822,7422.2
411,4,69,1000,940.0,65,,11,0.5955,1032.9,0.2002,10,step_limit,0.354,7444.5
412,3,47,937,681.89,47,937,8,0.4447,781.5,0.2398,82,complete,0.2533,7462.9
413,4,45,649,664.04,45,649,8,0.4973,812.1,0.1878,11,complete,0.2781,7479.0
414,3,76,1000,920.0,62,,11,0.3907,625.1,0.2188,37,step_limit,0.2333,7498.7
415,3,79,1000,1030.0,70,,12,0.463,731.9,0.1651,46,step_limit,0.2527,7519.4
416,3,20,575,272.75,20,575,3,0.4696,751.6,0.1935,26,complete,0.2061,7529.1
417,3,45,813,665.61,45,813,8,0.403,757.3,0.3196,70,complete,0.2138,7547.2
418,3,75,1000,1020.0,69,,12,0.4313,741.8,0.1383,37,step_limit,0.2543,7565.6
419,4,78,1000,1020.0,70,,12,0.545,908.9,0.2721,13,step_limit,0.3315,7588.0
420,4,33,515,459.4,33,515,5,0.4738,871.2,0.2374,12,complete,0.2319,7598.3
421,3,62,1000,870.0,60,,10,0.4907,759.5,0.1731,57,step_limit,0.3156,7619.6
422,4,51,1000,690.0,49,,8,0.584,959.9,0.2403,20,step_limit,0.3542,7639.0
423,3,44,824,655.28,44,824,8,0.4486,792.0,0.2074,50,complete,0.3187,7656.3
424,3,33,644,460.68,33,644,5,0.5274,789.9,0.17,36,complete,0.3426,7668.8
425,3,33,1000,440.0,32,,5,0.3387,496.6,0.4117,182,step_limit,0.1591,7690.7
426,4,24,423,343.08,24,423,4,0.4439,786.9,0.159,15,complete,0.1719,7698.1
427,3,64,1000,830.0,56,,10,0.497,761.3,0.2194,43,step_limit,0.3188,7720.3
428,4,53,889,704.44,53,889,7,0.6226,1029.8,0.2111,30,complete,0.33,7738.2
429,3,36,1000,420.0,30,,5,0.4633,720.6,0.5682,215,step_limit,0.314,7759.4
430,4,48,997,710.12,48,997,9,0.5757,879.4,0.3068,31,complete,0.3214,7780.2
431,3,56,1000,620.0,44,,7,0.495,794.5,0.3293,44,step_limit,0.3333,7798.9
432,3,45,672,639.84,45,672,7,0.4157,735.9,0.1834,23,complete,0.2196,7814.7
433,4,25,733,340.68,25,733,4,0.5737,865.8,0.2859,21,complete,0.3566,7828.6
434,3,58,1000,870.0,57,,11,0.47,715.7,0.1192,30,step_limit,0.3077,7850.3
435,3,72,1000,740.0,50,,9,0.4983,793.1,0.2498,32,step_limit,0.324,7870.0
436,3,71,1000,910.0,61,,11,0.3603,567.5,0.2572,48,step_limit,0.1799,7891.9
437,3,53,966,801.02,53,966,10,0.4807,800.3,0.1971,29,complete,0.3,7911.7
438,4,31,819,427.24,31,819,5,0.5971,914.6,0.3237,29,complete,0.3322,7929.0
439,4,77,1000,1080.0,73,,13,0.519,839.6,0.2437,33,step_limit,0.2276,7950.0
440,3,73,1000,910.0,61,,11,0.4413,772.4,0.2141,28,step_limit,0.276,7969.6
441,4,27,322,377.12,27,322,4,0.4425,579.1,0.1582,17,complete,0.145,7976.2
442,3,20,486,275.42,20,486,3,0.5041,775.9,0.2294,25,complete,0.2391,7987.6
443,4,73,831,1056.76,73,831,12,0.3616,646.8,0.1678,20,complete,0.1402,8005.2
444,3,56,782,836.54,56,782,10,0.3968,756.4,0.1574,26,complete,0.2027,8023.1
445,4,20,327,246.92,20,327,2,0.6361,910.8,0.216,8,complete,0.2628,8030.0
446,3,26,700,359.0,26,700,4,0.4219,728.3,0.3201,76,complete,0.2154,8044.1
447,3,41,636,600.92,41,636,7,0.3763,650.0,0.1351,16,complete,0.1561,8058.1
448,4,73,809,1087.64,73,809,13,0.4981,837.8,0.1941,14,complete,0.2205,8073.3
449,3,56,1000,810.0,54,,10,0.438,766.6,0.3439,64,step_limit,0.2602,8094.2
450,3,35,688,479.36,35,688,5,0.5266,799.0,0.2051,35,complete,0.3067,8107.5
451,4,77,855,1155.8,77,855,14,0.3424,619.9,0.2262,14,complete,0.1308,8269.8
452,3,22,577,322.69,22,577,4,0.4188,716.5,0.2777,42,complete,0.2692,8280.0
453,4,47,654,713.84,47,654,9,0.4018,761.5,0.1961,23,complete,0.1882,8292.8
454,4,72,983,1040.68,72,983,12,0.5582,861.3,0.238,39,complete,0.2799,8309.8
455,4,63,923,893.08,63,923,10,0.6203,974.3,0.2574,59,complete,0.3056,8326.3
456,3,73,1000,930.0,63,,11,0.4183,657.8,0.3192,37,step_limit,0.2,8343.3
457,4,36,705,541.8,36,705,7,0.572,907.5,0.2415,15,complete,0.3291,8354.7
458,4,78,988,1190.48,78,988,15,0.4302,746.1,0.2956,28,complete,0.2115,8373.6
459,4,45,854,625.84,45,854,7,0.6104,1015.0,0.2433,16,complete,0.3469,8390.0
460,3,70,1000,910.0,61,,11,0.493,748.2,0.188,23,step_limit,0.2917,8413.0
461,3,39,614,551.58,39,614,6,0.4625,789.3,0.1437,25,complete,0.2477,8424.8
462,4,62,864,915.44,62,864,11,0.5582,812.1,0.1769,16,complete,0.2585,8443.0
463,3,67,1000,990.0,66,,12,0.467,784.3,0.1479,25,step_limit,0.2598,8464.3
464,3,33,844,454.68,33,844,5,0.3393,600.9,0.3458,78,complete,0.1958,8480.4
465,4,80,1000,1070.0,72,,13,0.5815,993.3,0.1873,16,step_limit,0.3084,8501.8
466,4,42,524,579.04,42,524,6,0.4914,757.9,0.212,13,complete,0.1959,8511.3
467,3,63,1000,890.0,59,,11,0.3993,787.3,0.2352,34,step_limit,0.2336,8531.3
468,3,78,1000,970.0,64,,12,0.4497,714.0,0.2474,47,step_limit,0.2613,8549.9
469,4,48,592,726.32,48,592,9,0.4312,687.4,0.1483,18,complete,0.1628,8561.0
470,4,70,814,997.44,70,814,11,0.5574,947.5,0.1822,11,complete,0.2628,8578.3
471,3,24,487,345.39,24,487,4,0.4654,767.1,0.2733,32,complete,0.2024,8587.3
472,4,62,1000,900.0,61,,11,0.4928,764.0,0.4291,174,step_limit,0.1969,8608.7
473,3,30,503,404.91,30,503,4,0.5348,785.9,0.1976,20,complete,0.2407,8617.8
474,3,37,817,525.49,37,817,6,0.4749,789.1,0.1999,35,complete,0.2619,8637.1
475,3,71,1000,950.0,65,,11,0.4717,722.4,0.2005,25,step_limit,0.2596,8656.7
476,3,29,468,395.96,29,468,4,0.4095,714.8,0.1227,27,complete,0.2373,8667.5
477,3,36,654,520.38,36,654,6,0.4715,786.6,0.1876,28,complete,0.3153,8679.8
478,3,52,1000,670.0,46,,8,0.472,790.5,0.3112,44,step_limit,0.2925,8700.4
479,4,75,1000,1070.0,72,,13,0.5533,827.9,0.2473,12,step_limit,0.3028,8721.3
480,4,64,802,967.92,64,802,12,0.5028,867.0,0.2049,36,complete,0.1996,8739.3
481,3,70,1000,940.0,61,,12,0.4843,761.2,0.1707,36,step_limit,0.293,8759.0
482,4,39,708,571.68,39,708,7,0.4919,812.2,0.2482,10,complete,0.2443,8774.6
483,4,51,1000,730.0,50,,9,0.6175,830.7,0.5453,331,step_limit,0.3148,8794.5
484,4,43,816,637.36,43,816,8,0.5843,924.9,0.2953,37,complete,0.2846,8810.7
485,3,36,1000,530.0,35,,7,0.522,784.6,0.4334,99,step_limit,0.323,8833.2
486,3,53,740,747.8,53,740,8,0.4797,741.9,0.0902,20,complete,0.2245,8848.1
487,4,34,468,441.28,34,468,4,0.5486,814.7,0.1684,26,complete,0.2576,8858.8
488,3,73,1000,940.0,61,,12,0.4627,793.9,0.1333,21,step_limit,0.2698,8877.9
489,4,52,818,727.28,52,818,8,0.4068,821.4,0.2586,23,complete,0.2308,8895.9
490,4,40,509,529.64,40,509,5,0.5747,842.6,0.2038,16,complete,0.2153,8906.9
491,3,47,879,683.63,47,879,8,0.3641,588.6,0.2401,38,complete,0.1754,8925.5
492,3,71,1000,800.0,56,,9,0.4257,793.7,0.3093,40,step_limit,0.2521,8944.5
493,3,46,743,647.71,46,743,7,0.4563,767.7,0.1992,28,complete,0.2344,8959.4
494,3,47,931,682.07,47,931,8,0.4945,784.3,0.2186,43,complete,0.3045,8978.7
495,3,45,937,631.89,45,937,7,0.4956,786.5,0.3118,38,complete,0.3204,8996.4
496,4,65,732,950.72,65,732,11,0.4467,657.0,0.1878,15,complete,0.2208,9012.5
497,3,35,618,511.46,35,618,6,0.3161,703.2,0.13,10,complete,0.1618,9024.1
498,4,39,928,532.88,39,928,6,0.6263,1010.4,0.245,30,complete,0.3954,9042.7
499,4,28,411,353.56,28,411,3,0.5827,881.4,0.1692,13,complete,0.2406,9050.4
500,3,49,1000,610.0,43,,7,0.4863,791.2,0.3049,63,step_limit,0.3333,9071.8
501,4,26,634,354.64,26,634,4,0.5737,882.6,0.2098,11,complete,0.3083,9221.4
502,4,69,1000,960.0,64,,12,0.4325,637.5,0.3915,60,step_limit,0.158,9236.7
503,4,44,713,651.48,44,713,8,0.4583,847.7,0.2363,35,complete,0.2275,9248.8
504,4,34,693,462.28,34,693,5,0.5765,902.6,0.2296,18,complete,0.3116,9258.7
505,4,77,1000,750.0,52,,9,0.6142,1024.1,0.2936,20,step_limit,0.3782,9274.4
506,4,55,612,795.52,55,612,9,0.4257,678.4,0.2506,18,complete,0.1456,9285.8
507,3,61,886,913.42,61,886,11,0.3567,595.0,0.2026,28,complete,0.1609,9299.3
508,3,24,514,314.58,24,514,3,0.487,732.6,0.2523,45,complete,0.1961,9308.1
509,3,48,1000,670.0,46,,8,0.4963,797.4,0.2391,34,step_limit,0.3396,9328.6
510,4,71,1000,910.0,62,,11,0.578,864.9,0.2814,31,step_limit,0.2683,9347.3
511,4,39,768,569.28,39,768,7,0.5244,894.8,0.2366,14,complete,0.325,9359.2
512,4,29,399,394.04,29,399,4,0.334,629.6,0.1144,11,complete,0.1682,9364.4
513,4,46,736,670.56,46,736,8,0.5173,833.1,0.1959,10,complete,0.2634,9374.0
514,3,49,1000,680.0,47,,8,0.5293,773.3,0.2485,35,step_limit,0.3093,9388.1
515,3,70,1000,800.0,53,,10,0.3713,732.9,0.3131,42,step_limit,0.2398,9400.5
516,4,63,1000,870.0,61,,10,0.6112,985.9,0.2564,29,step_limit,0.3574,9416.8
517,4,44,740,650.4,44,740,8,0.5747,895.0,0.1183,14,complete,0.3174,9426.8
518,3,57,1000,750.0,51,,9,0.549,775.1,0.164,43,step_limit,0.3621,9439.6
519,4,34,513,499.48,34,513,6,0.5609,830.7,0.2071,13,complete,0.2654,9448.3
520,3,68,1000,930.0,63,,11,0.3633,603.2,0.1717,23,step_limit,0.1901,9461.1
521,4,71,1000,970.0,68,,11,0.602,996.7,0.2491,32,step_limit,0.3091,9474.7
522,3,72,1000,950.0,65,,11,0.4547,754.8,0.1912,33,step_limit,0.2583,9490.1
523,3,27,577,402.69,27,577,5,0.4743,726.6,0.2678,70,complete,0.2258,9497.7
524,3,37,812,525.64,37,812,6,0.5591,794.4,0.1156,19,complete,0.4024,9508.8
525,3,79,1000,990.0,66,,12,0.4607,717.7,0.2125,54,step_limit,0.263,9526.5
526,3,39,902,512.94,39,902,5,0.5606,774.6,0.3007,50,complete,0.3296,9538.7
527,3,42,775,606.75,42,775,7,0.508,786.1,0.1887,32,complete,0.3258,9551.3
528,3,51,1000,710.0,50,,8,0.4857,696.3,0.3193,57,step_limit,0.2336,9565.2
529,3,21,458,256.26,21,458,2,0.4789,784.9,0.3148,105,complete,0.2174,9571.5
530,4,34,481,470.76,34,481,5,0.5301,835.7,0.1057,5,complete,0.2538,9579.1
531,4,64,968,901.28,64,968,10,0.5266,916.5,0.2144,11,complete,0.2731,9595.8
532,4,78,888,1134.48,78,888,13,0.4699,595.0,0.2648,17,complete,0.1393,9608.3
533,4,68,1000,960.0,64,,12,0.5575,946.5,0.2814,57,step_limit,0.2637,9624.6
534,3,25,457,326.29,25,457,3,0.5164,786.4,0.2525,27,complete,0.2609,9630.3
535,3,25,1000,330.0,24,,4,0.513,728.6,0.4105,258,step_limit,0.3295,9644.2
536,4,71,1000,1050.0,70,,13,0.4843,814.4,0.2373,13,step_limit,0.2374,9659.0
537,4,31,489,410.44,31,489,4,0.6232,878.5,0.1562,11,complete,0.2974,9666.8
538,4,55,826,816.96,55,826,10,0.5669,970.7,0.2008,17,complete,0.2824,9681.0
539,3,46,821,675.37,46,821,8,0.4718,722.3,0.2034,46,complete,0.2411,9696.4
540,4,50,562,717.52,50,562,8,0.4359,614.0,0.2343,47,complete,0.1712,9705.7
541,4,25,377,324.92,25,377,3,0.4489,691.6,0.1573,11,complete,0.1649,9712.8
542,4,65,791,948.36,65,791,11,0.5673,865.2,0.1983,19,complete,0.2069,9728.8
543,3,32,524,454.28,32,524,5,0.3677,609.2,0.1997,23,complete,0.164,9736.9
544,4,60,902,893.92,60,902,11,0.5322,908.7,0.3133,36,complete,0.1959,9751.6
545,3,74,1000,930.0,63,,11,0.4733,794.8,0.2385,50,step_limit,0.2547,9770.1
546,3,45,941,631.77,45,941,7,0.4725,795.8,0.247,34,complete,0.3058,9786.2
547,3,37,675,529.75,37,675,6,0.4237,605.6,0.2735,60,complete,0.1461,9799.5
548,3,63,999,960.03,63,999,12,0.4191,714.7,0.2172,54,complete,0.2342,9816.0
549,4,55,712,791.52,55,712,9,0.4747,779.5,0.1407,11,complete,0.2217,9829.8
550,4,30,514,369.44,30,514,3,0.5686,933.3,0.3316,13,complete,0.2542,9837.9
551,4,33,356,435.76,33,356,4,0.3638,536.8,0.1383,12,complete,0.1085,9995.7
552,4,71,869,1035.24,71,869,12,0.4151,730.3,0.2749,18,complete,0.1716,10015.2
553,4,68,827,976.92,68,827,11,0.5296,920.3,0.1358,13,complete,0.2331,10033.9
554,3,74,1000,950.0,65,,11,0.4467,741.8,0.1845,97,step_limit,0.2412,10053.3
555,4,59,994,820.24,59,994,9,0.618,1028.4,0.2286,22,complete,0.3729,10072.5
556,4,41,744,590.24,41,744,7,0.5988,963.2,0.2456,16,complete,0.321,10084.6
557,3,71,1000,950.0,65,,11,0.3723,631.1,0.325,52,step_limit,0.189,10104.5
558,4,50,674,713.04,50,674,8,0.523,712.4,0.2369,17,complete,0.1456,10115.7
559,4,57,748,840.08,57,748,10,0.5221,1016.4,0.1665,17,complete,0.25,10129.0
560,4,42,683,572.68,42,683,6,0.3701,618.1,0.2616,39,complete,0.1529,10143.6
561,4,27,536,368.56,27,536,4,0.6068,960.7,0.3031,26,complete,0.2864,10151.5
562,4,47,794,648.24,47,794,7,0.6071,1034.2,0.2344,18,complete,0.3138,10163.4
563,3,78,1000,950.0,65,,11,0.4277,788.3,0.2422,110,step_limit,0.2527,10181.2
564,4,30,525,399.0,30,525,4,0.4795,850.1,0.2092,33,complete,0.1949,10189.8
565,4,22,415,323.4,22,415,4,0.4783,695.8,0.2701,10,complete,0.1902,10197.0
566,3,49,802,735.94,49,802,9,0.4821,786.9,0.17,20,complete,0.2482,10213.5
567,3,78,1000,900.0,60,,11,0.5133,776.7,0.2281,87,step_limit,0.2885,10232.8
568,4,67,1000,920.0,60,,12,0.605,910.4,0.2003,13,step_limit,0.3563,10253.9
569,4,70,891,1054.36,70,891,13,0.5126,801.4,0.2556,26,complete,0.2263,10273.3
570,3,72,1000,870.0,60,,10,0.3997,742.2,0.2914,58,step_limit,0.1795,10293.2
571,4,49,631,734.76,49,631,9,0.5317,829.0,0.2076,20,complete,0.1989,10306.9
572,4,75,1000,1070.0,72,,13,0.5735,886.3,0.2949,28,step_limit,0.2212,10325.3
573,4,66,880,954.8,66,880,11,0.5557,874.7,0.2157,30,complete,0.1992,10344.1
574,4,44,483,600.68,44,483,6,0.515,893.4,0.1736,19,complete,0.2465,10353.4
575,4,78,881,1134.76,78,881,13,0.456,846.5,0.1904,11,complete,0.1927,10372.2
576,3,69,1000,860.0,56,,11,0.4977,718.6,0.1883,40,step_limit,0.2758,10390.9
577,4,24,429,282.84,24,429,2,0.4994,743.7,0.3844,41,complete,0.224,10399.6
578,4,32,698,442.08,32,698,5,0.3951,690.5,0.314,28,complete,0.1678,10415.1
579,4,26,320,367.2,26,320,4,0.4156,671.2,0.1503,8,complete,0.1534,10421.1
580,4,60,768,869.28,60,768,10,0.4984,824.3,0.151,10,complete,0.2143,10436.1
581,3,47,984,710.48,47,984,9,0.4973,782.8,0.1711,39,complete,0.3237,10456.4
582,3,36,650,490.5,36,650,5,0.4385,735.3,0.2242,33,complete,0.2613,10469.7
583,4,65,895,974.2,65,895,12,0.5263,900.6,0.1705,17,complete,0.2459,10489.9
584,3,54,1000,710.0,50,,8,0.4467,743.1,0.2848,60,step_limit,0.2966,10512.5
585,4,72,1000,1000.0,71,,11,0.577,957.5,0.2418,11,step_limit,0.3217,10531.7
586,4,37,551,497.96,37,551,5,0.5867,829.0,0.2251,13,complete,0.3,10544.3
587,3,49,1000,690.0,48,,8,0.4767,763.9,0.1827,51,step_limit,0.2997,10563.6
588,3,57,1000,780.0,54,,9,0.4607,742.9,0.2456,24,step_limit,0.2787,10584.7
589,3,50,982,710.54,50,982,8,0.3646,703.0,0.2535,50,complete,0.1968,10603.5
590,3,47,1000,640.0,43,,8,0.4607,786.2,0.4789,250,step_limit,0.2646,10625.0
591,4,64,1000,800.0,57,,9,0.6458,987.3,0.3173,44,step_limit,0.3438,10645.8
592,4,22,634,284.64,22,634,3,0.513,850.7,0.2845,18,complete,0.2542,10658.5
593,4,51,792,748.32,51,792,9,0.5155,817.8,0.266,41,complete,0.2327,10674.2
594,3,40,735,557.95,40,735,6,0.4889,773.5,0.1755,40,complete,0.2833,10690.1
595,4,26,653,353.88,26,653,4,0.5505,856.0,0.231,11,complete,0.3188,10701.9
596,4,26,322,337.12,26,322,3,0.389,690.4,0.1326,14,complete,0.175,10707.9
597,3,21,436,256.92,21,436,2,0.5092,732.6,0.1397,30,complete,0.363,10717.4
598,3,23,520,334.4,23,520,4,0.3462,789.1,0.1178,18,complete,0.2876,10726.7
599,3,77,1000,910.0,61,,11,0.4617,759.7,0.2351,42,step_limit,0.2845,10748.9
600,4,68,1000,840.0,55,,11,0.6122,944.4,0.2405,14,step_limit,0.3634,10769.0
601,3,20,443,276.71,20,443,3,0.4372,783.2,0.1335,38,complete,0.2963,10920.9
602,4,72,856,1105.76,72,856,14,0.4597,820.1,0.1932,24,complete,0.189,10938.2
603,4,60,699,902.04,60,699,11,0.4818,760.0,0.133,12,complete,0.1796,10954.3
604,4,68,939,972.44,68,939,11,0.4257,609.0,0.3125,36,complete,0.1448,10973.1
605,3,73,1000,870.0,60,,10,0.4927,790.9,0.2682,46,step_limit,0.2745,10993.4
606,4,51,914,773.44,51,914,10,0.5676,941.3,0.3117,46,complete,0.3096,11008.2
607,3,48,857,694.29,48,857,8,0.459,764.2,0.1158,19,complete,0.2737,11024.5
608,4,67,678,1002.88,67,678,12,0.417,621.4,0.1223,19,complete,0.1523,11035.1
609,3,51,985,750.45,51,985,9,0.5032,786.0,0.1985,36,complete,0.3303,11050.4
610,3,72,1000,1070.0,71,,13,0.3883,667.2,0.2941,82,step_limit,0.1328,11069.0
611,3,77,1000,960.0,66,,11,0.47,773.7,0.2591,43,step_limit,0.2222,11084.5
612,3,42,953,631.41,42,953,8,0.5079,805.0,0.2159,38,complete,0.3535,11100.8
613,3,40,729,558.13,40,729,6,0.407,659.4,0.3161,74,complete,0.2018,11111.7
614,3,42,1000,550.0,40,,6,0.461,757.9,0.3032,106,step_limit,0.3067,11132.3
615,3,80,1000,1060.0,70,,13,0.343,667.0,0.2531,65,step_limit,0.1421,11151.1
616,4,26,416,363.36,26,416,4,0.5727,804.7,0.1379,8,complete,0.2402,11161.4
617,4,75,1000,1070.0,72,,13,0.5343,923.8,0.1825,10,step_limit,0.2465,11180.0
618,3,50,1000,700.0,49,,8,0.5167,789.5,0.222,33,step_limit,0.3365,11200.7
619,4,71,851,1005.96,71,851,11,0.5247,787.4,0.2302,22,complete,0.2329,11216.8
620,4,55,897,784.12,55,897,9,0.5895,909.9,0.2969,20,complete,0.2706,11236.4
621,3,79,1000,920.0,65,,10,0.4843,746.2,0.2142,69,step_limit,0.2213,11255.8
622,4,56,1000,730.0,53,,8,0.6022,952.0,0.2785,38,step_limit,0.3086,11277.8
623,3,33,716,488.52,33,716,6,0.4707,701.1,0.2489,36,complete,0.2658,11291.1
624,3,72,1000,870.0,60,,10,0.483,793.0,0.2945,37,step_limit,0.2648,11311.9
625,4,47,756,649.76,47,756,7,0.5688,975.6,0.1793,15,complete,0.2889,11326.2
626,3,52,899,763.03,52,899,9,0.373,698.0,0.218,29,complete,0.2,11345.2
627,4,66,1000,870.0,61,,10,0.6092,1006.2,0.1787,14,step_limit,0.3004,11366.7
628,3,42,712,638.64,42,712,8,0.4611,692.0,0.2073,44,complete,0.1687,11379.7
629,3,31,645,440.65,31,645,5,0.4946,800.0,0.1502,33,complete,0.3184,11391.9
630,3,65,1000,750.0,51,,9,0.4327,659.8,0.3872,239,step_limit,0.2321,11413.5
631,3,20,412,277.64,20,412,3,0.4458,700.2,0.1575,24,complete,0.2333,11420.7
632,3,38,778,506.66,38,778,5,0.4961,799.5,0.1302,24,complete,0.3537,11438.9
633,4,67,853,995.88,67,853,12,0.42,689.2,0.2271,20,complete,0.1618,11455.3
634,4,47,768,679.28,47,768,8,0.4958,691.2,0.2992,35,complete,0.203,11472.5
635,4,30,385,434.6,30,385,5,0.3701,545.5,0.1182,10,complete,0.1205,11479.9
636,3,29,650,420.5,29,650,5,0.4738,768.9,0.2568,64,complete,0.2843,11493.0
637,3,71,1000,830.0,56,,10,0.457,760.8,0.2726,68,step_limit,0.2632,11513.8
638,4,73,985,1050.6,73,985,12,0.4799,742.3,0.3277,43,complete,0.1875,11531.9
639,4,79,1000,960.0,67,,11,0.5683,966.3,0.1915,13,step_limit,0.3327,11553.8
640,3,22,630,291.1,22,630,3,0.5339,767.6,0.2479,38,complete,0.2917,11565.5
641,4,77,1000,1020.0,70,,12,0.4495,800.2,0.3305,30,step_limit,0.219,11588.3
642,4,26,308,367.68,26,308,4,0.5049,740.3,0.1106,9,complete,0.1862,11594.1
643,4,30,379,404.84,30,379,4,0.4453,657.8,0.1097,11,complete,0.1489,11601.6
644,3,77,1000,990.0,69,,11,0.394,680.3,0.2591,40,step_limit,0.1667,11619.5
645,3,34,645,500.65,34,645,6,0.3664,585.8,0.2161,36,complete,0.1778,11630.0
646,4,34,553,437.88,34,553,4,0.4354,631.8,0.2325,16,complete,0.1719,11640.1
647,3,37,747,527.59,37,747,6,0.5158,756.0,0.2589,54,complete,0.2447,11652.1
648,3,55,905,792.85,55,905,9,0.3573,693.1,0.1929,29,complete,0.1928,11666.2
649,3,20,608,211.76,20,608,1,0.5641,760.0,0.299,36,complete,0.4074,11677.7
650,4,37,549,498.04,37,549,5,0.4271,747.7,0.2655,13,complete,0.1679,11686.9
651,3,77,1000,940.0,64,,11,0.459,776.7,0.1346,35,step_limit,0.2946,11826.3
652,4,57,837,836.52,57,837,10,0.5508,866.6,0.1957,17,complete,0.2548,11840.2
653,4,38,660,533.6,38,660,6,0.4966,760.6,0.2798,51,complete,0.2126,11852.4
654,4,45,505,639.8,45,505,7,0.4748,780.0,0.1175,10,complete,0.1747,11860.6
655,3,40,831,585.07,40,831,7,0.4749,793.1,0.2321,77,complete,0.279,11874.2
656,4,31,410,413.6,31,410,4,0.5189,752.4,0.1332,3,complete,0.2119,11881.6
657,4,26,597,386.12,26,597,5,0.6097,998.1,0.177,21,complete,0.3657,11890.7
658,3,39,696,579.12,39,696,7,0.4808,789.9,0.2741,29,complete,0.2152,11897.7
659,3,51,1000,720.0,48,,9,0.4363,745.1,0.2283,40,step_limit,0.2773,11907.6
660,3,51,1000,710.0,47,,9,0.5097,784.9,0.2741,38,step_limit,0.318,11922.0
661,3,38,756,537.32,38,756,6,0.5243,770.7,0.2597,40,complete,0.241,11929.9
662,4,43,689,642.44,43,689,8,0.5192,787.8,0.2913,11,complete,0.2292,11937.6
663,4,57,836,836.56,57,836,10,0.5203,839.2,0.2324,23,complete,0.2356,11950.6
664,3,27,539,343.83,27,539,3,0.4638,780.7,0.2247,37,complete,0.2573,11958.2
665,4,59,703,861.88,59,703,10,0.4555,685.3,0.2818,19,complete,0.1495,11966.2
666,3,72,1000,960.0,66,,11,0.4337,708.0,0.1718,27,step_limit,0.2434,11981.1
667,4,45,609,635.64,45,609,7,0.4967,770.4,0.2236,21,complete,0.2108,11987.4
668,3,65,1000,800.0,56,,9,0.461,720.1,0.226,24,step_limit,0.245,12000.2
669,3,66,923,992.31,66,923,12,0.4171,613.6,0.1381,31,complete,0.2029,12015.6
670,4,77,1000,1010.0,72,,11,0.5825,880.2,0.2203,13,step_limit,0.271,12030.4
671,4,58,1000,750.0,52,,9,0.5833,951.0,0.2555,29,step_limit,0.3205,12043.9
672,3,43,974,610.78,43,974,7,0.3392,612.7,0.4097,71,complete,0.1597,12061.9
673,4,68,881,974.76,68,881,11,0.5772,832.3,0.1711,9,complete,0.2626,12075.8
674,3,52,959,761.23,52,959,9,0.4574,785.9,0.2953,41,complete,0.2508,12092.6
675,3,42,926,602.22,42,926,7,0.5277,784.2,0.2389,28,complete,0.3333,12108.7
676,3,45,854,664.38,45,854,8,0.3845,676.3,0.2555,36,complete,0.1915,12125.6
677,3,41,845,594.65,41,845,7,0.413,726.7,0.2712,63,complete,0.2713,12139.2
678,4,79,1000,1090.0,74,,13,0.5447,902.0,0.2058,27,step_limit,0.2611,12158.2
679,3,24,561,313.17,24,561,3,0.5074,791.1,0.2171,25,complete,0.2749,12167.7
680,3,52,1000,740.0,50,,9,0.5053,786.9,0.187,35,step_limit,0.3596,12183.2
681,4,77,942,1152.32,77,942,14,0.5422,959.4,0.1431,13,complete,0.25,12201.1
682,3,49,816,705.52,49,816,8,0.4179,609.8,0.2195,37,complete,0.1987,12214.2
683,4,63,907,923.72,63,907,11,0.5758,899.2,0.1594,11,complete,0.3069,12230.7
684,3,37,760,527.2,37,760,6,0.5004,760.7,0.2677,57,complete,0.3026,12243.0
685,4,56,844,826.24,56,844,10,0.5388,860.7,0.28,12,complete,0.275,12258.5
686,3,28,551,383.47,28,551,4,0.4186,701.2,0.2442,20,complete,0.2701,12267.1
687,4,77,868,1125.28,77,868,13,0.4064,701.4,0.2618,19,complete,0.1391,12282.2
688,3,45,1000,600.0,42,,7,0.433,770.3,0.2601,47,step_limit,0.3129,12301.3
689,4,70,1000,970.0,68,,11,0.6078,857.7,0.3308,21,step_limit,0.244,12318.6
690,4,62,953,911.88,62,953,11,0.5399,887.4,0.3037,15,complete,0.252,12336.2
691,3,31,877,433.69,31,877,5,0.4447,787.5,0.4388,57,complete,0.3182,12352.0
692,4,61,863,905.48,61,863,11,0.5559,894.5,0.1671,12,complete,0.275,12371.4
693,4,60,913,833.48,60,913,9,0.5936,942.2,0.2706,28,complete,0.3281,12388.3
694,3,33,609,461.73,33,609,5,0.5129,799.5,0.1031,18,complete,0.3151,12401.5
695,3,29,507,424.79,29,507,5,0.5148,796.0,0.1276,13,complete,0.2573,12410.6
696,4,28,446,412.16,28,446,5,0.5701,849.7,0.2432,9,complete,0.2321,12418.9
697,4,35,539,508.44,35,539,6,0.5283,810.3,0.251,19,complete,0.2121,12431.2
698,3,32,809,445.73,32,809,5,0.5056,782.3,0.2646,42,complete,0.3502,12446.2
699,3,62,962,921.14,62,962,11,0.455,693.8,0.2066,46,complete,0.1852,12467.5
700,3,61,1000,870.0,60,,10,0.4453,790.6,0.1849,32,step_limit,0.265,12486.4
701,4,72,986,1070.56,72,986,13,0.5428,800.0,0.2814,27,complete,0.1936,12655.1
702,4,34,679,432.84,34,679,4,0.6175,1037.8,0.1881,13,complete,0.3971,12670.0
703,4,32,443,422.28,32,443,4,0.5395,925.8,0.1738,15,complete,0.2839,12679.6
704,4,74,999,1120.04,74,999,14,0.5213,934.7,0.2559,19,complete,0.2292,12700.4
705,3,38,608,511.76,38,608,5,0.4419,755.4,0.2345,22,complete,0.1944,12713.2
706,4,30,301,377.96,30,301,3,0.3787,702.9,0.0646,9,complete,0.2,12719.6
707,4,31,672,433.12,31,672,5,0.5223,848.6,0.2006,35,complete,0.3204,12734.7
708,3,63,1000,880.0,61,,10,0.4317,783.9,0.2032,36,step_limit,0.265,12754.3
709,3,20,388,248.36,20,388,2,0.512,778.4,0.063,12,complete,0.3659,12761.8
710,4,78,1000,1010.0,72,,11,0.4017,718.3,0.4136,55,step_limit,0.1786,12781.3
711,4,58,1000,720.0,49,,9,0.617,873.0,0.3803,131,step_limit,0.3283,12796.9
712,3,75,1000,960.0,66,,11,0.4823,766.1,0.2619,91,step_limit,0.2493,12814.8
713,3,69,1000,980.0,68,,11,0.3303,565.4,0.3013,64,step_limit,0.128,12830.1
714,3,36,895,513.15,36,895,6,0.5251,785.7,0.1895,29,complete,0.3295,12847.0
715,3,65,1000,870.0,60,,10,0.48,782.0,0.2236,48,step_limit,0.2902,12862.5
716,4,36,582,486.72,36,582,5,0.5241,719.4,0.3063,39,complete,0.2014,12873.7
717,4,56,1000,750.0,55,,8,0.619,1003.3,0.3073,22,step_limit,0.3429,12889.9
718,3,69,1000,950.0,65,,11,0.4243,687.5,0.1733,23,step_limit,0.2083,12909.1
719,3,21,452,256.44,21,452,2,0.4152,628.4,0.3001,69,complete,0.234,12916.4
720,4,45,605,665.8,45,605,8,0.5248,844.7,0.1932,11,complete,0.2019,12927.8
721,3,30,626,431.22,30,626,5,0.4414,599.9,0.285,59,complete,0.219,12941.8
722,4,47,614,655.44,47,614,7,0.4638,739.0,0.2123,16,complete,0.1815,12954.1
723,3,51,905,752.85,51,905,9,0.4707,757.9,0.3285,53,complete,0.2121,12971.1
724,4,57,979,860.84,57,979,11,0.5526,857.9,0.1922,11,complete,0.3391,12991.2
725,4,29,523,389.08,29,523,4,0.6123,1005.9,0.2247,35,complete,0.332,13001.5
726,4,69,1000,1000.0,65,,13,0.5457,912.9,0.2525,41,step_limit,0.256,13023.1
727,4,36,865,475.4,36,865,5,0.6286,965.8,0.3022,16,complete,0.4059,13040.3
728,3,74,1000,890.0,59,,11,0.4493,746.5,0.245,35,step_limit,0.2768,13060.6
729,4,64,1000,910.0,62,,11,0.5447,844.4,0.2727,28,step_limit,0.2461,13082.9
730,3,70,1000,960.0,63,,12,0.4477,734.5,0.2003,58,step_limit,0.2312,13101.9
731,3,48,910,722.7,48,910,9,0.4491,732.1,0.2456,48,complete,0.2155,13122.1
732,4,37,855,515.8,37,855,6,0.6412,1016.7,0.2775,28,complete,0.3333,13138.2
733,4,67,748,970.08,67,748,11,0.5344,727.7,0.2148,13,complete,0.2106,13154.2
734,4,54,1000,670.0,50,,7,0.6252,933.4,0.2524,14,step_limit,0.4062,13174.2
735,4,57,917,833.32,57,917,10,0.593,1016.4,0.2446,21,complete,0.3239,13193.9
736,4,39,527,548.92,39,527,6,0.4862,738.1,0.162,24,complete,0.1918,13204.9
737,3,29,582,392.54,29,582,4,0.4748,769.1,0.2119,34,complete,0.2678,13217.4
738,4,68,881,1004.76,68,881,12,0.4776,713.9,0.2552,11,complete,0.1687,13234.4
739,3,20,492,275.24,20,492,3,0.5108,788.1,0.2193,25,complete,0.3133,13243.3
740,3,69,1000,740.0,50,,9,0.5197,773.1,0.2697,63,step_limit,0.3271,13264.7
741,4,41,617,595.32,41,617,7,0.4935,843.6,0.0963,9,complete,0.2591,13277.2
742,3,78,1000,1020.0,66,,13,0.4443,734.6,0.204,38,step_limit,0.2214,13297.9
743,3,39,720,548.4,39,720,6,0.5403,756.6,0.1955,50,complete,0.3423,13312.2
744,3,57,1000,630.0,42,,8,0.4573,681.6,0.4625,221,step_limit,0.309,13333.1
745,3,76,1000,890.0,62,,10,0.3503,638.7,0.2651,29,step_limit,0.1725,13354.8
746,3,69,1000,900.0,60,,11,0.4463,798.7,0.2498,50,step_limit,0.2398,13374.6
747,3,33,714,488.58,33,714,6,0.4365,768.7,0.2043,28,complete,0.2763,13390.8
748,3,30,628,401.16,30,628,4,0.4995,792.9,0.3239,55,complete,0.2374,13403.6
749,4,32,542,448.32,32,542,5,0.613,885.3,0.205,18,complete,0.3371,13413.9
750,4,61,760,879.6,61,760,10,0.5355,834.5,0.2125,14,complete,0.2188,13430.7
751,4,34,524,439.04,34,524,4,0.5115,872.4,0.1729,8,complete,0.2424,13588.6
752,4,69,942,982.32,69,942,11,0.599,1054.5,0.1594,14,complete,0.286,13608.6
753,3,80,1000,980.0,65,,12,0.4537,723.3,0.238,42,step_limit,0.2177,13630.4
754,3,29,733,418.01,29,733,5,0.4193,594.4,0.3571,133,complete,0.1937,13644.2
755,3,43,815,615.55,43,815,7,0.362,641.9,0.2709,60,complete,0.1941,13662.1
756,4,30,559,397.64,30,559,4,0.5148,858.5,0.3011,56,complete,0.2339,13672.8
757,4,37,564,527.44,37,564,6,0.57,793.6,0.1325,13,complete,0.2433,13682.9
758,3,51,794,756.18,51,794,9,0.4047,759.5,0.1441,34,complete,0.2323,13699.9
759,4,23,464,301.44,23,464,3,0.5404,807.2,0.2308,10,complete,0.2824,13708.0
760,4,60,859,895.64,60,859,11,0.5908,1008.2,0.1383,13,complete,0.2983,13723.6
761,3,77,1000,870.0,60,,10,0.5153,793.4,0.1352,26,step_limit,0.2934,13742.5
762,4,26,477,330.92,26,477,3,0.5618,926.5,0.238,20,complete,0.2551,13749.8
763,4,70,845,1056.2,70,845,13,0.4429,704.6,0.2557,31,complete,0.1694,13765.0
764,4,32,638,414.48,32,638,4,0.636,997.7,0.2773,18,complete,0.3636,13774.3
765,4,23,351,305.96,23,351,3,0.5199,833.8,0.15,10,complete,0.2778,13780.5
766,4,51,692,752.32,51,692,9,0.4541,880.9,0.2089,14,complete,0.1896,13791.3
767,3,49,808,705.76,49,808,8,0.4728,753.8,0.242,32,complete,0.2355,13806.5
768,3,72,1000,920.0,65,,10,0.498,776.8,0.1486,25,step_limit,0.2529,13823.4
769,4,22,425,293.0,22,425,3,0.5053,670.7,0.2161,18,complete,0.2,13832.7
770,4,53,524,749.04,53,524,8,0.4337,598.6,0.1834,27,complete,0.125,13841.1
771,4,38,754,499.84,38,754,5,0.559,892.0,0.1947,12,complete,0.3182,13854.4
772,3,36,597,552.09,36,597,7,0.4668,780.1,0.111,25,complete,0.3059,13867.4
773,4,21,343,226.28,21,343,1,0.6633,942.5,0.2433,10,complete,0.3245,13874.8
774,4,46,735,670.6,46,735,8,0.5367,851.2,0.2178,31,complete,0.2028,13888.7
775,4,41,627,594.92,41,627,7,0.5722,855.9,0.179,25,complete,0.2741,13903.1
776,4,48,751,689.96,48,751,8,0.524,930.8,0.3123,32,complete,0.2117,13917.8
777,3,20,593,272.21,20,593,3,0.4992,785.7,0.3549,56,complete,0.3274,13929.2
778,4,57,1000,780.0,55,,9,0.5867,930.6,0.2578,32,step_limit,0.3361,13951.4
779,4,79,1000,960.0,67,,11,0.5917,1016.9,0.253,55,step_limit,0.2832,13973.4
780,3,68,1000,930.0,63,,11,0.442,783.2,0.2473,66,step_limit,0.2011,13991.6
781,4,50,509,689.64,50,509,7,0.4892,806.7,0.1954,19,complete,0.1637,14000.0
782,4,45,995,650.2,45,995,8,0.6216,1036.4,0.2535,22,complete,0.3695,14020.0
783,3,28,631,411.07,28,631,5,0.4559,768.5,0.2907,45,complete,0.2289,14030.4
784,4,58,841,846.36,58,841,10,0.5378,927.8,0.2336,18,complete,0.2546,14047.4
785,3,49,1000,680.0,47,,8,0.442,789.0,0.3778,96,step_limit,0.2593,14063.3
786,3,53,1000,760.0,52,,9,0.4703,805.4,0.1911,28,step_limit,0.3125,14080.8
787,3,47,1000,660.0,45,,8,0.5263,783.4,0.2317,33,step_limit,0.3069,14097.1
788,4,75,1000,1010.0,69,,12,0.5463,804.8,0.3147,24,step_limit,0.2408,14116.3
789,3,79,1000,1090.0,70,,14,0.424,790.2,0.1584,35,step_limit,0.1969,14133.2
790,3,65,1000,820.0,58,,9,0.4543,717.9,0.225,59,step_limit,0.245,14150.8
791,3,21,314,290.58,21,314,3,0.4395,699.6,0.0379,14,complete,0.2564,14156.5
792,3,50,916,742.52,50,916,9,0.3686,661.7,0.269,51,complete,0.2033,14170.7
793,4,27,419,373.24,27,419,4,0.5549,773.7,0.1648,16,complete,0.23,14179.6
794,3,74,1000,980.0,65,,12,0.4557,728.5,0.2481,34,step_limit,0.2119,14195.6
795,3,58,894,853.18,58,894,10,0.3934,751.0,0.1766,17,complete,0.1914,14212.0
796,3,23,506,304.82,23,506,3,0.5935,786.1,0.25,82,complete,0.3067,14220.8
797,4,34,363,445.48,34,363,4,0.4346,631.9,0.154,10,complete,0.1422,14226.6
798,3,60,958,871.26,60,958,10,0.3897,758.9,0.3243,63,complete,0.1782,14241.5
799,3,33,734,487.98,33,734,6,0.4464,719.0,0.2577,52,complete,0.2325,14255.6
800,4,50,612,715.52,50,612,8,0.4477,784.7,0.2379,22,complete,0.1833,14265.3
801,4,57,1000,850.0,56,,11,0.556,766.0,0.2631,35,step_limit,0.2872,14386.3
802,3,68,1000,920.0,62,,11,0.3813,777.2,0.2048,31,step_limit,0.225,14399.4
803,3,80,1000,990.0,66,,12,0.367,742.9,0.2553,46,step_limit,0.2231,14413.2
804,4,65,873,975.08,65,873,12,0.5733,828.8,0.1826,16,complete,0.2782,14426.4
805,4,78,1000,1000.0,68,,12,0.4818,796.9,0.3265,27,step_limit,0.2107,14441.2
806,4,73,784,1118.64,73,784,14,0.464,788.6,0.1452,11,complete,0.1534,14457.8
807,4,69,857,985.72,69,857,11,0.5347,843.2,0.2551,24,complete,0.1954,14472.2
808,3,26,749,357.53,26,749,4,0.4588,770.4,0.2388,40,complete,0.3235,14487.1
809,3,70,1000,1020.0,69,,12,0.454,757.2,0.1406,22,step_limit,0.2,14503.0
810,3,68,1000,890.0,59,,11,0.2633,693.1,0.2984,37,step_limit,0.158,14520.7
811,3,58,900,883.0,58,900,11,0.3978,744.7,0.2046,62,complete,0.1802,14535.6
812,3,33,699,459.03,33,699,5,0.4583,678.1,0.3048,67,complete,0.2207,14545.5
813,3,41,841,624.77,41,841,8,0.4867,733.3,0.2959,55,complete,0.2434,14559.4
814,3,24,572,342.84,24,572,4,0.5087,792.3,0.2725,36,complete,0.2606,14568.9
815,3,38,941,561.77,38,941,7,0.4276,740.8,0.265,48,complete,0.2401,14581.3
816,3,25,648,320.56,25,648,3,0.4712,741.0,0.2683,47,complete,0.2833,14592.9
817,3,53,945,771.65,53,945,9,0.3432,586.6,0.3091,43,complete,0.1495,14607.6
818,4,28,461,411.56,28,461,5,0.5857,776.4,0.2739,17,complete,0.25,14613.5
819,4,23,361,305.56,23,361,3,0.4758,914.8,0.1227,7,complete,0.2889,14618.4
820,3,74,1000,860.0,56,,11,0.441,726.2,0.2527,32,step_limit,0.2586,14634.9
821,3,79,1000,980.0,65,,12,0.427,704.5,0.2471,71,step_limit,0.2232,14648.7
822,3,20,387,248.39,20,387,2,0.4324,709.3,0.1253,18,complete,0.3101,14653.3
823,4,61,909,933.64,61,909,12,0.5946,934.7,0.2173,30,complete,0.2799,14668.7
824,3,25,554,353.38,25,554,4,0.5391,786.3,0.189,22,complete,0.2542,14678.0
825,3,41,937,591.89,41,937,7,0.5212,789.2,0.2451,43,complete,0.3056,14695.1
826,3,53,1000,710.0,47,,9,0.508,793.7,0.3111,49,step_limit,0.2756,14711.9
827,3,44,803,625.91,44,803,7,0.4981,790.3,0.1781,48,complete,0.279,14727.1
828,3,24,436,316.92,24,436,3,0.4893,753.9,0.261,50,complete,0.2245,14735.0
829,4,53,832,766.72,53,832,9,0.564,998.4,0.3482,37,complete,0.2574,14751.0
830,4,66,1000,970.0,65,,12,0.569,975.9,0.1856,21,step_limit,0.2866,14771.7
831,4,69,864,1015.44,69,864,12,0.4696,744.1,0.1152,22,complete,0.2109,14789.0
832,4,69,854,1015.84,69,854,12,0.5026,833.6,0.1946,17,complete,0.2319,14808.4
833,4,72,1000,690.0,49,,8,0.6132,819.6,0.5553,396,step_limit,0.2913,14831.0
834,3,71,1000,910.0,61,,11,0.5063,779.5,0.1619,56,step_limit,0.3091,14850.5
835,3,56,818,805.46,56,818,9,0.4108,713.8,0.1816,39,complete,0.1618,14867.3
836,4,30,566,397.36,30,566,4,0.587,840.3,0.154,9,complete,0.3188,14877.5
837,3,73,1000,890.0,59,,11,0.392,649.0,0.1804,42,step_limit,0.2456,14898.1
838,4,56,684,832.64,56,684,10,0.3538,657.8,0.2296,17,complete,0.1557,14911.0
839,3,20,462,246.14,20,462,2,0.5772,787.1,0.1403,28,complete,0.4,14919.4
840,3,33,429,497.13,33,429,6,0.3644,704.2,0.086,10,complete,0.1356,14927.4
841,3,31,610,441.7,31,610,5,0.5186,762.3,0.2392,39,complete,0.2535,14941.2
842,3,68,1000,870.0,60,,10,0.4557,768.9,0.2582,63,step_limit,0.2261,14960.8
843,4,51,855,715.8,51,855,8,0.6175,1060.1,0.1487,18,complete,0.3325,14979.7
844,3,37,790,526.3,37,790,6,0.4688,737.6,0.147,22,complete,0.3016,14993.7
845,4,74,824,1097.04,74,824,13,0.3544,591.9,0.2579,21,complete,0.0897,15011.1
846,3,32,661,450.17,32,661,5,0.3873,601.6,0.2693,100,complete,0.1528,15024.3
847,4,25,473,321.08,25,473,3,0.4408,723.8,0.2856,12,complete,0.19,15035.1
848,3,44,979,650.63,44,979,8,0.5009,780.1,0.2924,74,complete,0.3439,15054.3
849,4,28,681,402.76,28,681,5,0.5701,910.3,0.2525,32,complete,0.3523,15069.0
850,3,47,823,685.31,47,823,8,0.3625,593.7,0.2304,48,complete,0.1418,15084.2
851,3,39,790,576.3,39,790,7,0.465,786.0,0.3097,55,complete,0.1789,15247.2
852,3,68,1000,850.0,58,,10,0.5023,788.6,0.2525,74,step_limit,0.2321,15269.0
853,3,65,1000,860.0,59,,10,0.4883,752.2,0.2185,38,step_limit,0.2411,15291.8
854,4,61,928,872.88,61,928,10,0.5805,983.6,0.2106,10,complete,0.2608,15313.3
855,4,22,361,265.56,22,361,2,0.4391,771.2,0.1942,6,complete,0.2056,15320.3
856,4,59,969,851.24,59,969,10,0.4412,723.0,0.271,59,complete,0.1645,15342.5
857,3,69,1000,900.0,60,,11,0.4603,792.4,0.1186,32,step_limit,0.3046,15362.3
858,4,35,397,484.12,35,397,5,0.3293,596.1,0.097,15,complete,0.114,15370.2
859,3,20,549,273.53,20,549,3,0.5294,753.4,0.1823,28,complete,0.3636,15383.0
860,4,42,883,594.68,42,883,7,0.6014,924.2,0.3169,36,complete,0.3447,15399.2
861,3,58,1000,840.0,57,,10,0.3383,675.9,0.2173,42,step_limit,0.1976,15421.5
862,3,39,776,576.72,39,776,7,0.4601,684.1,0.2222,35,complete,0.2659,15435.9
863,4,77,1000,1100.0,75,,13,0.5535,939.6,0.2415,24,step_limit,0.2624,15453.9
864,4,37,903,513.88,37,903,6,0.6379,1016.5,0.2811,19,complete,0.3397,15469.0
865,3,33,783,456.51,33,783,5,0.5977,790.5,0.3765,117,complete,0.3333,15484.5
866,4,40,546,588.16,40,546,7,0.4702,706.0,0.2334,32,complete,0.1741,15493.1
867,4,34,396,444.16,34,396,4,0.4987,717.7,0.1036,7,complete,0.1833,15499.1
868,3,34,588,472.36,34,588,5,0.4887,735.1,0.1729,36,complete,0.1857,15508.1
869,3,76,1000,1010.0,68,,12,0.3193,605.4,0.2595,48,step_limit,0.1214,15527.6
870,3,42,1000,570.0,39,,7,0.4287,765.5,0.3298,148,step_limit,0.3072,15545.3
871,3,47,962,681.14,47,962,8,0.5007,780.3,0.3521,79,complete,0.2536,15563.2
872,4,22,280,298.8,22,280,3,0.5571,776.6,0.1209,13,complete,0.1597,15569.0
873,4,60,909,863.64,60,909,10,0.5842,1029.1,0.2335,26,complete,0.2835,15588.6
874,4,45,863,655.48,45,863,8,0.487,860.1,0.2139,27,complete,0.2934,15605.7
875,4,32,516,449.36,32,516,5,0.5325,922.8,0.1811,18,complete,0.2346,15617.8
876,3,49,716,708.52,49,716,8,0.3785,595.6,0.1645,48,complete,0.178,15632.0
877,4,77,1000,1060.0,71,,13,0.5375,861.9,0.1896,20,step_limit,0.3081,15653.6
878,4,44,942,612.32,44,942,7,0.6197,1043.8,0.2746,60,complete,0.3625,15670.5
879,3,79,1000,960.0,63,,12,0.4397,741.2,0.2621,34,step_limit,0.226,15691.8
880,4,32,392,394.32,32,392,3,0.4821,749.2,0.2018,10,complete,0.1767,15699.9
881,4,74,1000,850.0,56,,11,0.5975,822.0,0.3473,73,step_limit,0.2476,15721.7
882,3,76,1000,790.0,52,,10,0.4247,652.0,0.4538,160,step_limit,0.1855,15741.6
883,4,50,807,737.72,50,807,9,0.5455,1015.1,0.2297,37,complete,0.2525,15759.7
884,4,56,1000,810.0,55,,10,0.5258,858.9,0.3737,33,step_limit,0.2295,15779.0
885,3,44,930,622.1,44,930,7,0.4025,717.1,0.2672,42,complete,0.2013,15801.3
886,4,76,1000,1020.0,70,,12,0.5105,744.1,0.4317,229,step_limit,0.1969,15820.5
887,3,67,1000,820.0,58,,9,0.466,769.8,0.1988,38,step_limit,0.2606,15842.4
888,3,71,1000,790.0,55,,9,0.4317,731.4,0.2938,45,step_limit,0.2153,15863.9
889,3,32,672,479.84,32,672,6,0.4504,767.8,0.2745,40,complete,0.2533,15876.8
890,4,62,878,884.88,62,878,10,0.4815,813.4,0.2572,31,complete,0.2212,15896.2
891,3,78,1000,970.0,64,,12,0.392,686.1,0.2636,34,step_limit,0.2066,15915.5
892,3,39,633,581.01,39,633,7,0.3791,675.7,0.1215,25,complete,0.2105,15929.5
893,3,65,1000,910.0,61,,11,0.472,764.2,0.1296,26,step_limit,0.2577,15948.8
894,4,47,553,687.88,47,553,8,0.4543,709.5,0.2202,32,complete,0.1747,15961.9
895,4,64,837,936.52,64,837,11,0.523,799.9,0.173,12,complete,0.1969,15977.6
896,4,41,853,585.88,41,853,7,0.6073,969.9,0.2953,36,complete,0.2974,15996.3
897,4,77,945,1182.2,77,945,15,0.3958,625.6,0.3161,44,complete,0.1359,16014.9
898,3,29,505,424.85,29,505,5,0.4983,768.1,0.1738,18,complete,0.2069,16025.3
899,3,31,631,411.07,31,631,4,0.523,776.2,0.2151,43,complete,0.254,16038.3
900,3,69,990,1020.3,69,990,12,0.3865,721.7,0.1671,23,complete,0.2037,16056.4
901,4,26,566,357.36,26,566,4,0.6082,888.2,0.2504,38,complete,0.3393,16221.2
902,4,58,836,786.56,58,836,8,0.541,926.0,0.2397,28,complete,0.2642,16239.8
903,3,41,952,591.44,41,952,7,0.5518,795.7,0.2767,38,complete,0.3368,16257.2
904,4,47,497,690.12,47,497,8,0.3758,684.1,0.133,11,complete,0.1282,16267.1
905,3,63,1000,830.0,56,,10,0.4903,784.6,0.2016,19,step_limit,0.244,16288.7
906,4,64,1000,900.0,61,,11,0.5933,868.1,0.2784,44,step_limit,0.262,16309.3
907,3,80,1000,990.0,66,,12,0.338,672.4,0.1942,21,step_limit,0.1525,16323.8
908,4,49,713,701.48,49,713,8,0.5284,796.2,0.2187,20,complete,0.2586,16335.5
909,3,68,1000,860.0,56,,11,0.4413,725.5,0.2303,41,step_limit,0.2465,16352.1
910,4,69,1000,990.0,67,,12,0.5547,982.3,0.2777,16,step_limit,0.2694,16367.6
911,3,22,486,325.42,22,486,4,0.439,651.9,0.2353,51,complete,0.2564,16376.3
912,3,71,1000,840.0,57,,10,0.5293,748.8,0.1877,26,step_limit,0.2829,16389.3
913,3,48,665,700.05,48,665,8,0.4366,576.8,0.255,32,complete,0.1553,16399.1
914,3,64,1000,920.0,62,,11,0.495,784.5,0.1414,25,step_limit,0.2893,16418.3
915,4,58,1000,780.0,52,,10,0.581,842.6,0.2932,29,step_limit,0.2593,16436.5
916,3,21,510,284.7,21,510,3,0.4314,710.2,0.1686,23,complete,0.2876,16446.8
917,4,75,1000,830.0,60,,9,0.6372,895.1,0.2737,38,step_limit,0.3226,16464.0
918,4,22,568,257.28,22,568,2,0.6576,980.6,0.2619,23,complete,0.3596,16473.6
919,4,73,981,1080.76,73,981,13,0.5122,899.1,0.2374,18,complete,0.2302,16491.2
920,3,79,1000,740.0,50,,9,0.4787,707.0,0.313,47,step_limit,0.2355,16510.9
921,3,27,633,371.01,27,633,4,0.4213,636.2,0.2821,40,complete,0.1667,16522.6
922,3,20,356,279.32,20,356,3,0.4251,644.2,0.1085,16,complete,0.2368,16528.7
923,4,51,826,716.96,51,826,8,0.5642,979.0,0.2931,25,complete,0.2604,16544.6
924,4,68,993,1000.28,68,993,12,0.433,706.5,0.2694,31,complete,0.19,16560.7
925,4,30,550,398.0,30,550,4,0.6218,963.1,0.2099,9,complete,0.2857,16569.9
926,4,31,497,440.12,31,497,5,0.5553,781.4,0.2,14,complete,0.2341,16579.3
927,3,62,1000,820.0,55,,10,0.472,679.1,0.2682,38,step_limit,0.2076,16595.3
928,3,51,959,751.23,51,959,9,0.4943,797.9,0.2768,26,complete,0.3117,16613.3
929,4,34,400,504.0,34,400,6,0.3994,664.8,0.0553,5,complete,0.1553,16620.4
930,3,57,1000,690.0,48,,8,0.3283,608.9,0.4331,97,step_limit,0.146,16637.1
931,3,52,1000,700.0,49,,8,0.3863,793.7,0.3003,58,step_limit,0.2274,16655.2
932,4,27,541,368.36,27,541,4,0.5268,793.2,0.341,20,complete,0.225,16663.1
933,4,71,1000,1030.0,68,,13,0.5875,861.8,0.2469,17,step_limit,0.254,16678.8
934,4,65,1000,920.0,63,,11,0.6205,1043.2,0.2428,17,step_limit,0.3037,16695.0
935,3,29,826,345.22,25,,4,0.5884,712.9,0.654,433,no_progress,0.2222,16706.8
936,3,44,898,653.06,44,898,8,0.4079,782.2,0.2391,36,complete,0.2482,16719.8
937,3,22,832,315.04,22,832,4,0.502,788.4,0.4325,148,complete,0.2836,16733.6
938,3,44,951,621.47,44,951,7,0.5345,798.8,0.2034,34,complete,0.3434,16752.1
939,4,68,1000,860.0,60,,10,0.5685,1002.4,0.2079,14,step_limit,0.314,16769.5
940,4,43,1000,630.0,43,1000,8,0.6125,1043.1,0.1668,11,complete,0.3561,16787.2
941,4,73,1000,950.0,66,,11,0.5877,923.1,0.25,25,step_limit,0.2829,16804.2
942,4,26,376,334.96,26,376,3,0.5153,749.3,0.1399,10,complete,0.2021,16810.2
943,4,28,656,343.76,28,656,3,0.5827,951.7,0.2657,27,complete,0.3152,16823.6
944,3,79,1000,800.0,53,,10,0.2807,478.8,0.5328,339,step_limit,0.1523,16840.7
945,3,61,1000,800.0,53,,10,0.4487,753.5,0.255,46,step_limit,0.2286,16859.6
946,3,50,930,712.1,50,930,8,0.5226,785.3,0.2304,34,complete,0.2794,16874.4
947,4,25,481,350.76,25,481,4,0.4678,740.3,0.2413,16,complete,0.2368,16882.9
948,4,58,819,847.24,58,819,10,0.5556,876.5,0.235,28,complete,0.2325,16898.7
949,4,52,701,731.96,52,701,8,0.5474,895.8,0.2188,18,complete,0.2275,16910.2
950,4,43,735,580.6,43,735,6,0.4289,716.3,0.2594,60,complete,0.1841,16924.4
951,4,30,492,370.32,30,492,3,0.5859,904.7,0.0866,6,complete,0.3135,17060.1
952,3,51,939,751.83,51,939,9,0.5311,773.4,0.1843,20,complete,0.2853,17076.1
953,4,43,698,612.08,43,698,7,0.5355,897.9,0.188,31,complete,0.25,17087.6
954,4,80,1000,950.0,66,,11,0.5962,827.3,0.2689,18,step_limit,0.254,17105.6
955,4,46,755,669.8,46,755,8,0.5315,865.6,0.2171,20,complete,0.2527,17119.2
956,4,37,614,495.44,37,614,5,0.5973,933.0,0.184,17,complete,0.2743,17132.4
957,3,52,1000,740.0,50,,9,0.3497,551.8,0.4037,75,step_limit,0.1589,17148.8
958,4,46,1000,540.0,40,,6,0.6292,1015.3,0.361,18,step_limit,0.3709,17165.5
959,3,46,780,676.6,46,780,8,0.4658,786.7,0.1801,23,complete,0.2074,17177.8
960,4,66,876,984.96,66,876,12,0.5103,680.5,0.2927,58,complete,0.2126,17191.8
961,3,76,1000,760.0,52,,9,0.4827,771.5,0.3268,50,step_limit,0.2623,17211.2
962,3,52,899,793.03,52,899,10,0.4976,787.8,0.161,31,complete,0.2642,17231.1
963,3,56,1000,500.0,35,,6,0.4527,713.4,0.5079,353,step_limit,0.2386,17249.7
964,3,54,699,789.03,54,699,9,0.4416,631.0,0.198,56,complete,0.1629,17262.9
965,3,34,690,499.3,34,690,6,0.4681,791.9,0.1994,70,complete,0.2315,17277.4
966,4,77,719,1161.24,77,719,14,0.4092,686.6,0.1188,26,complete,0.1345,17290.9
967,4,38,615,535.4,38,615,6,0.3935,672.6,0.2547,27,complete,0.1594,17304.9
968,4,37,645,524.2,37,645,6,0.6109,967.2,0.1791,20,complete,0.2744,17317.9
969,3,54,1000,710.0,50,,8,0.4433,740.1,0.2465,34,step_limit,0.25,17339.2
970,4,80,1000,1100.0,75,,13,0.5705,782.3,0.2532,12,step_limit,0.2387,17358.2
971,4,26,399,334.04,26,399,3,0.453,650.8,0.2087,22,complete,0.1635,17365.6
972,4,27,613,365.48,27,613,4,0.5746,829.3,0.2468,35,complete,0.2705,17379.3
973,3,36,1000,500.0,35,,6,0.5407,786.7,0.4019,199,step_limit,0.2809,17397.4
974,3,80,1000,1030.0,67,,13,0.4173,709.1,0.2915,59,step_limit,0.194,17418.9
975,4,80,1000,1080.0,73,,13,0.5717,806.9,0.2343,26,step_limit,0.2404,17439.9
976,3,48,850,694.5,48,850,8,0.5008,786.3,0.1585,28,complete,0.3027,17456.2
977,4,48,656,663.76,48,656,7,0.4604,661.3,0.2531,23,complete,0.1742,17468.6
978,4,69,1000,1010.0,66,,13,0.4775,773.7,0.3044,23,step_limit,0.2539,17489.2
979,4,58,717,851.32,58,717,10,0.4341,706.7,0.2123,21,complete,0.1799,17502.7
980,4,73,1000,900.0,61,,11,0.5755,1018.4,0.201,10,step_limit,0.3165,17523.4
981,3,62,1000,870.0,60,,10,0.453,751.3,0.13,15,step_limit,0.2655,17544.5
982,4,66,1000,920.0,63,,11,0.586,884.8,0.2353,13,step_limit,0.3083,17562.9
983,3,22,469,265.93,22,469,2,0.3433,661.9,0.284,21,complete,0.1348,17572.6
984,3,53,1000,660.0,45,,8,0.525,771.1,0.239,54,step_limit,0.297,17594.9
985,4,65,828,976.88,65,828,12,0.4918,694.3,0.2135,15,complete,0.2044,17613.3
986,4,35,498,450.08,35,498,4,0.6019,847.1,0.2043,14,complete,0.2336,17622.5
987,4,47,697,682.12,47,697,8,0.5427,768.9,0.2639,20,complete,0.1923,17635.4
988,3,24,649,340.53,24,649,4,0.4813,681.0,0.3506,84,complete,0.2486,17650.3
989,3,64,1000,850.0,55,,11,0.419,609.6,0.3313,159,step_limit,0.2294,17668.9
990,3,26,559,363.23,26,559,4,0.511,794.5,0.168,15,complete,0.2531,17681.9
991,3,30,676,429.72,30,676,5,0.4635,756.8,0.2332,28,complete,0.2864,17694.6
992,3,59,1000,710.0,50,,8,0.4303,761.5,0.3182,54,step_limit,0.2051,17715.3
993,3,46,1000,690.0,45,,9,0.472,782.7,0.2608,89,step_limit,0.2648,17733.7
994,4,71,1000,1040.0,69,,13,0.4845,747.4,0.3416,54,step_limit,0.1614,17755.1
995,3,61,1000,820.0,55,,10,0.4653,779.4,0.2202,37,step_limit,0.265,17774.1
996,3,61,990,910.3,61,990,11,0.3832,659.3,0.2508,56,complete,0.1709,17795.9
997,3,59,1000,830.0,56,,10,0.4933,799.2,0.1891,36,step_limit,0.2697,17817.4
998,4,70,1000,840.0,58,,10,0.602,953.2,0.3127,36,step_limit,0.2964,17836.3
999,3,49,875,703.75,49,875,8,0.4865,788.1,0.1473,25,complete,0.2421,17854.5
1000,4,63,922,953.12,63,922,12,0.5399,899.9,0.2591,18,complete,0.2436,17872.5
1001,4,43,643,614.28,43,643,7,0.4448,746.7,0.2516,15,complete,0.2029,18018.4
1002,3,78,1000,840.0,57,,10,0.458,654.4,0.3109,95,step_limit,0.2282,18036.2
1003,3,74,1000,810.0,54,,10,0.4913,741.4,0.2606,37,step_limit,0.2485,18053.2
1004,4,61,788,908.48,61,788,11,0.5289,915.6,0.1458,9,complete,0.25,18065.4
1005,4,62,1000,930.0,61,,12,0.5108,858.0,0.2603,20,step_limit,0.2636,18081.2
1006,3,22,667,289.99,22,667,3,0.4193,686.2,0.215,60,complete,0.2611,18093.7
1007,4,79,1000,1080.0,73,,13,0.5487,875.3,0.2036,17,step_limit,0.2883,18114.5
1008,3,28,747,407.59,28,747,5,0.407,752.7,0.3113,54,complete,0.2432,18131.4
1009,3,65,1000,860.0,56,,11,0.4357,787.2,0.1982,30,step_limit,0.2625,18150.8
1010,4,22,416,233.36,22,416,1,0.5805,808.2,0.2216,16,complete,0.2788,18161.0
1011,4,52,647,764.12,52,647,9,0.4026,586.2,0.3127,20,complete,0.14,18173.5
1012,4,47,683,712.68,47,683,9,0.5249,787.7,0.161,12,complete,0.2444,18189.0
1013,4,66,709,961.64,66,709,11,0.4193,683.2,0.2355,10,complete,0.1319,18203.1
1014,3,69,1000,950.0,65,,11,0.4747,776.1,0.1954,26,step_limit,0.2178,18224.6
1015,3,77,1000,1030.0,70,,12,0.41,705.3,0.2341,54,step_limit,0.1587,18244.2
1016,3,80,1000,950.0,62,,12,0.474,738.9,0.2359,37,step_limit,0.2279,18266.1
1017,4,51,623,755.08,51,623,9,0.4679,747.8,0.1808,12,complete,0.1861,18278.3
1018,4,21,342,316.32,21,342,4,0.4503,777.1,0.1412,11,complete,0.1833,18284.8
1019,3,58,1000,790.0,55,,9,0.5047,746.7,0.2969,45,step_limit,0.2523,18304.8
1020,3,74,1000,950.0,62,,12,0.4553,758.0,0.1951,18,step_limit,0.2829,18325.2
1021,3,48,910,722.7,48,910,9,0.3985,782.0,0.1502,27,complete,0.2165,18342.1
1022,4,27,453,401.88,27,453,5,0.4051,559.8,0.214,15,complete,0.1562,18350.6
1023,4,46,597,646.12,46,597,7,0.3765,737.6,0.2085,32,complete,0.1531,18364.8
1024,3,70,1000,730.0,52,,8,0.521,769.1,0.2733,63,step_limit,0.3302,18384.7
1025,4,41,923,583.08,41,923,7,0.6035,922.5,0.3191,26,complete,0.3325,18405.7
1026,4,76,1000,1110.0,73,,14,0.5377,911.3,0.1829,14,step_limit,0.2946,18428.7
1027,3,51,965,781.05,51,965,10,0.4829,782.6,0.2271,33,complete,0.2857,18448.7
1028,3,27,542,373.74,27,542,4,0.3838,740.9,0.2349,52,complete,0.1611,18461.6
1029,3,37,789,526.33,37,789,6,0.4795,743.1,0.3325,50,complete,0.2154,18478.4
1030,3,46,1000,650.0,44,,8,0.5297,781.0,0.2553,38,step_limit,0.3203,18501.0
1031,4,20,583,266.68,20,583,3,0.4846,669.9,0.2894,15,complete,0.2176,18512.9
1032,3,27,345,349.65,27,345,3,0.3942,523.1,0.1467,20,complete,0.1528,18520.4
1033,4,38,424,543.04,38,424,6,0.4487,726.8,0.1727,10,complete,0.1758,18530.9
1034,3,66,1000,840.0,57,,10,0.417,790.1,0.2286,44,step_limit,0.2222,18551.0
1035,4,64,867,935.32,64,867,11,0.5502,1011.6,0.2203,18,complete,0.2712,18570.0
1036,3,59,1000,830.0,56,,10,0.4673,725.3,0.271,44,step_limit,0.2373,18588.8
1037,3,49,1000,670.0,46,,8,0.3673,638.5,0.3417,148,step_limit,0.1321,18610.6
1038,4,57,1000,500.0,36,,6,0.5627,854.9,0.4778,173,step_limit,0.2763,18632.3
1039,3,73,1000,910.0,61,,11,0.491,779.8,0.3039,73,step_limit,0.1855,18651.3
1040,3,44,781,626.57,44,781,7,0.4763,791.7,0.1482,19,complete,0.3146,18668.2
1041,4,65,1000,900.0,61,,11,0.5895,1001.8,0.2659,15,step_limit,0.2604,18688.6
1042,3,37,997,520.09,37,997,6,0.553,777.8,0.3475,94,complete,0.3298,18710.7
1043,4,52,746,760.16,52,746,9,0.5204,719.3,0.3592,23,complete,0.1413,18725.1
1044,3,36,714,488.58,36,714,5,0.5135,798.4,0.4168,125,complete,0.213,18740.0
1045,3,52,789,766.33,52,789,9,0.4322,639.7,0.1819,39,complete,0.1522,18753.1
1046,4,43,744,580.24,43,744,6,0.6257,785.9,0.3025,54,complete,0.2358,18764.4
1047,3,52,1000,690.0,48,,8,0.5077,745.2,0.2522,41,step_limit,0.3273,18782.6
1048,3,51,941,781.77,51,941,10,0.4786,786.7,0.2615,55,complete,0.25,18797.8
1049,3,72,1000,820.0,55,,10,0.479,766.7,0.2938,44,step_limit,0.2471,18815.7
1050,4,76,1000,970.0,65,,12,0.5705,781.3,0.2429,39,step_limit,0.2559,18832.3
1051,3,79,1000,780.0,51,,10,0.4483,667.1,0.3471,42,step_limit,0.2355,18961.2
1052,4,45,676,662.96,45,676,8,0.5263,914.5,0.148,10,complete,0.25,18969.5
1053,4,49,845,696.2,49,845,8,0.5763,1015.9,0.2231,26,complete,0.3058,18983.6
1054,4,61,712,911.52,61,712,11,0.3581,634.3,0.2313,20,complete,0.1187,18993.3
1055,4,41,700,592.0,41,700,7,0.5579,977.4,0.2671,16,complete,0.2853,19006.1
1056,4,54,998,800.08,54,998,10,0.5544,858.4,0.2911,23,complete,0.2897,19024.3
1057,4,64,1000,920.0,60,,12,0.5212,794.0,0.3632,34,step_limit,0.2128,19043.9
1058,4,66,1000,930.0,64,,11,0.577,899.2,0.2209,23,step_limit,0.3228,19059.8
1059,3,51,818,755.46,51,818,9,0.4108,672.2,0.243,53,complete,0.1389,19072.6
1060,4,52,950,752.0,52,950,9,0.6061,904.2,0.1922,15,complete,0.3378,19092.0
1061,4,37,694,492.24,37,694,5,0.5202,843.6,0.2731,11,complete,0.2287,19106.4
1062,4,24,306,317.76,24,306,3,0.5302,659.0,0.1748,11,complete,0.25,19114.3
1063,4,73,1000,1100.0,72,,14,0.5245,899.3,0.2334,21,step_limit,0.2245,19132.6
1064,4,39,824,537.04,39,824,6,0.618,971.7,0.2393,39,complete,0.3457,19146.0
1065,3,24,454,346.38,24,454,4,0.4626,794.2,0.1914,18,complete,0.2244,19152.9
1066,3,75,1000,1030.0,70,,12,0.401,775.6,0.2365,41,step_limit,0.1894,19169.6
1067,4,50,577,716.92,50,577,8,0.4684,811.3,0.159,15,complete,0.2139,19180.9
1068,3,45,710,668.7,45,710,8,0.3653,708.3,0.2287,20,complete,0.1707,19192.9
1069,4,20,344,276.24,20,344,3,0.4906,878.8,0.1445,9,complete,0.2439,19198.7
1070,3,79,1000,990.0,66,,12,0.403,728.6,0.3237,109,step_limit,0.1917,19216.6
1071,3,32,573,452.81,32,573,5,0.3985,672.1,0.2054,31,complete,0.2103,19226.7
1072,3,56,1000,750.0,51,,9,0.5127,779.4,0.2577,44,step_limit,0.2673,19244.2
1073,4,25,509,349.64,25,509,4,0.5103,838.8,0.3139,15,complete,0.2719,19255.1
1074,3,34,949,491.53,34,949,6,0.4858,773.5,0.2991,127,complete,0.3142,19271.6
1075,4,40,585,586.6,40,585,7,0.5145,750.8,0.2415,69,complete,0.1987,19282.7
1076,3,73,1000,950.0,65,,11,0.4813,719.1,0.2282,36,step_limit,0.1972,19301.2
1077,4,50,723,711.08,50,723,8,0.5643,903.9,0.2057,12,complete,0.2578,19314.5
1078,4,62,1000,860.0,57,,11,0.587,850.0,0.2903,17,step_limit,0.2967,19332.9
1079,3,25,422,327.34,25,422,3,0.4408,738.7,0.2169,32,complete,0.1944,19341.0
1080,3,51,1000,710.0,50,,8,0.458,709.7,0.2531,35,step_limit,0.2492,19360.6
1081,4,46,784,638.64,46,784,7,0.5861,1005.3,0.1363,13,complete,0.3533,19374.9
1082,4,51,616,725.36,51,616,8,0.485,795.3,0.151,11,complete,0.1853,19387.2
1083,3,64,1000,800.0,53,,10,0.4617,763.6,0.1296,20,step_limit,0.3333,19405.4
1084,3,48,978,720.66,48,978,9,0.5174,790.8,0.2917,51,complete,0.2736,19425.1
1085,3,60,1000,790.0,52,,10,0.508,796.1,0.2912,120,step_limit,0.25,19443.9
1086,4,27,614,395.44,27,614,5,0.5794,802.7,0.2667,10,complete,0.3156,19456.2
1087,4,66,1000,810.0,55,,10,0.6138,906.8,0.2964,56,step_limit,0.359,19475.2
1088,4,48,740,690.4,48,740,8,0.5101,695.6,0.2436,16,complete,0.1875,19489.1
1089,3,63,1000,870.0,60,,10,0.4227,704.3,0.2249,35,step_limit,0.2336,19506.1
1090,4,78,1000,870.0,58,,11,0.585,797.7,0.4129,87,step_limit,0.222,19524.2
1091,3,66,1000,900.0,60,,11,0.4857,784.1,0.1732,31,step_limit,0.2829,19542.4
1092,3,77,1000,770.0,53,,9,0.4917,676.5,0.3003,78,step_limit,0.2251,19561.4
1093,3,72,1000,870.0,60,,10,0.449,689.6,0.2546,30,step_limit,0.2515,19579.7
1094,4,45,594,606.24,45,594,6,0.5518,772.2,0.1486,12,complete,0.2469,19593.8
1095,4,21,391,284.36,21,391,3,0.5256,752.9,0.16,8,complete,0.2065,19601.2
1096,4,77,835,1156.6,77,835,14,0.4979,770.5,0.1931,14,complete,0.1694,19617.3
1097,3,44,949,651.53,44,949,8,0.3941,787.4,0.2748,50,complete,0.2326,19636.6
1098,3,59,1000,750.0,51,,9,0.5213,770.3,0.3285,77,step_limit,0.303,19655.3
1099,3,75,1000,800.0,56,,9,0.4403,732.2,0.3252,78,step_limit,0.2042,19676.8
1100,3,54,1000,750.0,51,,9,0.4923,753.3,0.1901,25,step_limit,0.2685,19696.9
1101,3,78,1000,930.0,63,,11,0.3007,632.2,0.2857,44,step_limit,0.192,19844.2
1102,4,36,475,491.0,36,475,5,0.4616,763.4,0.2638,14,complete,0.1855,19853.2
1103,3,32,719,448.43,32,719,5,0.5183,778.6,0.2418,36,complete,0.3241,19869.4
1104,4,37,637,554.52,37,637,7,0.6103,973.4,0.1921,15,complete,0.2975,19882.2
1105,4,63,804,957.84,63,804,12,0.477,845.3,0.2093,22,complete,0.1762,19900.7
1106,4,46,737,640.52,46,737,7,0.5078,940.6,0.3022,25,complete,0.2527,19914.2
1107,4,21,391,284.36,21,391,3,0.587,965.4,0.1708,5,complete,0.3617,19921.3
1108,3,41,769,236.93,17,,3,0.593,630.2,0.7582,499,no_progress,0.4138,19939.1
1109,4,21,278,288.88,21,278,3,0.3696,787.5,0.1591,14,complete,0.0921,19944.1
1110,3,55,1000,740.0,50,,9,0.5213,791.7,0.2442,26,step_limit,0.3156,19962.8
1111,4,49,594,676.24,49,594,7,0.4402,611.4,0.2492,17,complete,0.1118,19976.1
1112,3,27,744,397.68,27,744,5,0.4547,768.2,0.2516,49,complete,0.2995,19990.3
1113,4,70,862,1025.52,70,862,12,0.4527,622.0,0.2202,56,complete,0.13,20008.9
1114,4,50,750,740.0,50,750,9,0.5473,820.2,0.1722,12,complete,0.232,20024.0
1115,4,73,1000,800.0,57,,9,0.604,872.3,0.3152,33,step_limit,0.287,20045.2
1116,3,54,1000,730.0,49,,9,0.4893,797.4,0.2661,44,step_limit,0.3176,20064.4
1117,4,74,828,1096.88,74,828,13,0.5459,786.7,0.2466,24,complete,0.1734,20082.3
1118,4,52,1000,780.0,52,1000,10,0.6175,1034.2,0.1553,24,complete,0.3982,20101.3
1119,4,22,428,262.88,22,428,2,0.5678,931.0,0.1642,17,complete,0.3152,20111.2
1120,4,40,605,555.8,40,605,6,0.512,945.5,0.1214,12,complete,0.2329,20123.1
1121,4,26,853,345.88,26,853,4,0.626,1061.1,0.3357,201,complete,0.4221,20139.2
1122,4,55,512,799.52,55,512,9,0.4238,662.9,0.1357,10,complete,0.0881,20151.2
1123,4,54,672,813.12,54,672,10,0.4993,744.4,0.1665,10,complete,0.1954,20164.6
1124,4,79,1000,1100.0,75,,13,0.4093,677.8,0.3688,34,step_limit,0.1667,20187.1
1125,4,53,1000,720.0,52,,8,0.6112,1012.8,0.2976,19,step_limit,0.3326,20210.6
1126,4,21,355,285.8,21,355,3,0.543,896.5,0.1606,11,complete,0.2561,20217.0
1127,3,66,1000,720.0,51,,8,0.4987,792.9,0.3016,53,step_limit,0.3243,20236.2
1128,4,70,1000,1040.0,69,,13,0.5705,795.0,0.2398,58,step_limit,0.256,20257.2
1129,4,28,814,397.44,28,814,5,0.5857,935.6,0.3254,33,complete,0.3818,20271.9
1130,4,45,646,634.16,45,646,7,0.5294,795.3,0.2325,14,complete,0.2292,20285.7
1131,3,55,1000,740.0,50,,9,0.4723,721.3,0.2655,30,step_limit,0.2538,20304.3
1132,4,59,966,881.36,59,966,11,0.5981,880.7,0.2843,25,complete,0.2869,20324.8
1133,4,69,909,1013.64,69,909,12,0.4015,790.7,0.2201,16,complete,0.1621,20342.7
1134,4,28,452,381.92,28,452,4,0.5586,927.2,0.1378,9,complete,0.3029,20353.2
1135,3,68,1000,840.0,57,,10,0.4967,727.2,0.2151,30,step_limit,0.3419,20372.4
1136,4,76,1000,920.0,63,,11,0.5988,1040.7,0.234,12,step_limit,0.3458,20393.4
1137,4,30,309,377.64,30,309,3,0.39,694.4,0.0564,7,complete,0.1739,20399.4
1138,3,48,1000,710.0,47,,9,0.4563,760.5,0.3644,42,step_limit,0.2416,20420.9
1139,4,39,586,546.56,39,586,6,0.5269,830.7,0.2679,26,complete,0.2246,20432.4
1140,3,80,1000,1040.0,68,,13,0.3333,528.5,0.2474,44,step_limit,0.146,20453.6
1141,3,28,521,414.37,28,521,5,0.4012,742.3,0.1118,24,complete,0.1556,20463.2
1142,4,47,789,678.44,47,789,8,0.4537,702.9,0.318,22,complete,0.1789,20477.6
1143,3,44,1000,580.0,40,,7,0.489,759.3,0.4187,137,step_limit,0.2838,20500.5
1144,3,28,644,410.68,28,644,5,0.5497,784.2,0.2762,26,complete,0.2769,20512.9
1145,4,21,457,311.72,21,457,4,0.5832,886.6,0.2399,11,complete,0.2788,20525.0
1146,3,72,1000,1000.0,67,,12,0.4327,726.9,0.2327,32,step_limit,0.194,20543.8
1147,3,77,1000,980.0,68,,11,0.3253,694.5,0.3087,48,step_limit,0.1861,20565.3
1148,4,45,691,632.36,45,691,7,0.5872,900.7,0.1535,18,complete,0.3023,20578.0
1149,3,80,1000,960.0,66,,11,0.3973,643.0,0.2494,66,step_limit,0.1961,20599.2
1150,3,73,1000,840.0,57,,10,0.3763,713.2,0.2853,64,step_limit,0.1742,20618.7
1151,3,40,962,551.14,40,962,6,0.5249,770.4,0.3181,55,complete,0.3333,20763.8
1152,3,61,1000,780.0,51,,10,0.3597,660.2,0.3148,52,step_limit,0.1859,20782.5
1153,4,24,701,331.96,24,701,4,0.6016,1004.9,0.2713,13,complete,0.3321,20797.1
1154,3,24,670,309.9,24,670,3,0.5697,784.5,0.4631,226,complete,0.2768,20810.0
1155,3,31,778,436.66,31,778,5,0.4794,777.3,0.2592,41,complete,0.2906,20824.3
1156,3,20,328,280.16,20,328,3,0.3496,744.0,0.0434,12,complete,0.1917,20832.5
1157,4,23,420,273.2,23,420,2,0.4815,672.7,0.2797,11,complete,0.2021,20840.6
1158,4,41,1000,510.0,37,,6,0.6,976.3,0.2767,37,step_limit,0.3568,20860.1
1159,4,64,1000,830.0,57,,10,0.4938,786.7,0.4433,57,step_limit,0.1786,20881.9
1160,3,47,1000,670.0,46,,8,0.459,757.1,0.2276,46,step_limit,0.2599,20902.6
1161,4,70,927,1022.92,70,927,12,0.418,674.8,0.3826,44,complete,0.158,20920.5
1162,4,77,1000,1140.0,76,,14,0.4283,775.7,0.2649,23,step_limit,0.1625,20943.8
1163,3,43,979,610.63,43,979,7,0.5233,762.6,0.2524,124,complete,0.3771,20961.7
1164,3,40,829,555.13,40,829,6,0.4511,771.7,0.251,36,complete,0.2759,20977.2
1165,4,67,840,996.4,67,840,12,0.5354,809.5,0.2127,13,complete,0.1816,20996.1
1166,4,65,881,944.76,65,881,11,0.4381,715.4,0.3225,22,complete,0.1681,21012.8
1167,3,24,760,307.2,24,760,3,0.5048,774.0,0.3695,79,complete,0.2637,21028.0
1168,4,67,1000,910.0,62,,11,0.57,976.8,0.2126,16,step_limit,0.3062,21046.8
1169,3,37,674,529.78,37,674,6,0.3759,642.4,0.2146,47,complete,0.1818,21061.2
1170,3,35,858,504.26,35,858,6,0.4165,730.4,0.2911,51,complete,0.2196,21077.1
1171,4,70,987,1050.52,70,987,13,0.5578,896.1,0.1527,10,complete,0.2868,21096.1
1172,4,56,893,824.28,56,893,10,0.598,970.6,0.1903,12,complete,0.3056,21111.0
1173,3,39,828,575.16,39,828,7,0.5451,764.5,0.3314,112,complete,0.2759,21126.2
1174,4,53,766,769.36,53,766,9,0.5424,907.5,0.2121,10,complete,0.2624,21139.2
1175,4,44,843,616.28,44,843,7,0.6112,929.0,0.2556,16,complete,0.3385,21153.7
1176,4,44,719,621.24,44,719,7,0.5887,857.4,0.2492,20,complete,0.2701,21165.8
1177,4,33,462,431.52,33,462,4,0.5189,842.7,0.1607,22,complete,0.1917,21172.9
1178,3,61,1000,790.0,55,,9,0.5377,760.8,0.3205,44,step_limit,0.2809,21190.1
1179,4,71,997,1060.12,71,997,13,0.34,649.5,0.2511,37,complete,0.1164,21206.9
1180,4,62,957,941.72,62,957,12,0.5703,933.2,0.127,10,complete,0.3161,21224.5
1181,4,50,825,737.0,50,825,9,0.5758,902.0,0.2325,13,complete,0.3203,21237.7
1182,3,79,1000,1050.0,72,,12,0.417,710.7,0.2554,39,step_limit,0.1395,21256.9
1183,4,51,693,752.28,51,693,9,0.4751,700.9,0.142,18,complete,0.212,21267.8
1184,4,30,492,430.32,30,492,5,0.5732,851.6,0.3448,47,complete,0.2417,21276.1
1185,3,77,1000,930.0,63,,11,0.3703,711.5,0.2577,31,step_limit,0.1897,21294.5
1186,4,42,627,604.92,42,627,7,0.427,629.5,0.2343,45,complete,0.1882,21305.9
1187,4,20,437,242.52,20,437,2,0.3781,562.0,0.5215,39,complete,0.1131,21312.9
1188,3,74,1000,810.0,57,,9,0.4793,783.4,0.2518,35,step_limit,0.2479,21333.0
1189,4,60,651,873.96,60,651,10,0.427,645.9,0.1906,12,complete,0.1211,21344.1
1190,3,26,540,363.8,26,540,4,0.4796,773.8,0.1573,38,complete,0.2398,21352.6
1191,4,27,524,369.04,27,524,4,0.5463,929.6,0.2204,12,complete,0.2625,21363.9
1192,4,78,879,1164.84,78,879,14,0.5054,783.9,0.2078,18,complete,0.2093,21378.0
1193,3,42,1000,580.0,40,,7,0.5247,661.5,0.4899,327,step_limit,0.2943,21397.8
1194,3,75,1000,920.0,62,,11,0.3873,648.4,0.2788,48,step_limit,0.1877,21414.8
1195,4,56,569,837.24,56,569,10,0.435,605.0,0.0795,15,complete,0.142,21423.2
1196,4,66,1000,870.0,58,,11,0.561,928.2,0.2184,10,step_limit,0.3013,21440.8
1197,4,59,790,858.4,59,790,10,0.4968,815.6,0.1785,10,complete,0.2341,21452.6
1198,3,47,1000,700.0,46,,9,0.4123,681.4,0.2533,70,step_limit,0.3234,21470.2
1199,3,65,927,982.19,65,927,12,0.397,619.1,0.1962,23,complete,0.1036,21481.6
1200,4,48,916,683.36,48,916,8,0.5278,840.1,0.3274,39,complete,0.25,21493.1
1201,4,22,493,290.28,22,493,3,0.5355,896.1,0.2293,12,complete,0.3039,21596.2
1202,3,68,891,1013.27,68,891,12,0.4097,660.6,0.1708,46,complete,0.1725,21611.7
1203,3,36,796,516.12,36,796,6,0.5272,750.0,0.2731,48,complete,0.3625,21624.6
1204,3,23,601,331.97,23,601,4,0.4398,768.4,0.3442,39,complete,0.226,21638.1
1205,3,32,676,479.72,32,676,6,0.4522,775.5,0.1276,23,complete,0.2895,21650.3
1206,3,76,1000,950.0,65,,11,0.4867,736.9,0.1983,34,step_limit,0.1978,21669.1
1207,4,45,551,637.96,45,551,7,0.4714,730.7,0.1667,11,complete,0.1474,21678.5
1208,4,40,488,560.48,40,488,6,0.3811,631.6,0.2107,25,complete,0.1176,21686.7
1209,3,49,759,707.23,49,759,8,0.386,711.7,0.2306,47,complete,0.2083,21699.1
1210,3,60,1000,760.0,52,,9,0.5257,769.5,0.2323,88,step_limit,0.3517,21718.1
1211,3,66,1000,840.0,57,,10,0.4677,737.1,0.331,44,step_limit,0.2153,21734.2
1212,4,66,864,985.44,66,864,12,0.5324,786.4,0.2397,28,complete,0.208,21751.7
1213,4,56,633,804.68,56,633,9,0.5237,873.5,0.1413,12,complete,0.1929,21762.1
1214,3,49,981,730.57,49,981,9,0.4828,797.5,0.1202,19,complete,0.3364,21779.8
1215,3,21,397,288.09,21,397,3,0.5055,777.2,0.2123,19,complete,0.2195,21785.9
1216,3,38,858,534.26,38,858,6,0.5253,759.2,0.1269,22,complete,0.3409,21800.0
1217,3,22,534,323.98,22,534,4,0.49,702.8,0.3425,48,complete,0.2199,21807.9
1218,3,61,898,913.06,61,898,11,0.4503,699.8,0.1548,49,complete,0.2555,21826.4
1219,4,66,1000,900.0,61,,11,0.6022,920.5,0.1882,17,step_limit,0.2983,21843.0
1220,3,38,795,566.15,38,795,7,0.4981,773.6,0.2222,58,complete,0.2792,21860.1
1221,3,62,1000,870.0,57,,11,0.4817,793.3,0.2706,36,step_limit,0.2297,21880.0
1222,4,34,795,488.2,34,795,6,0.623,976.1,0.2351,19,complete,0.3227,21897.4
1223,4,35,705,501.8,35,705,6,0.5883,940.1,0.3482,13,complete,0.2792,21911.2
1224,4,33,635,454.6,33,635,5,0.6071,969.8,0.1722,15,complete,0.3116,21923.3
1225,3,70,1000,880.0,61,,10,0.3543,633.8,0.3978,85,step_limit,0.1488,21943.9
1226,4,32,374,425.04,32,374,4,0.3924,613.7,0.1108,10,complete,0.1415,21950.7
1227,3,77,1000,870.0,60,,10,0.4523,777.2,0.1834,43,step_limit,0.2432,21971.4
1228,3,35,888,473.36,35,888,5,0.4932,773.6,0.2621,36,complete,0.3254,21988.4
1229,4,25,554,347.84,25,554,4,0.4986,729.7,0.2495,16,complete,0.2119,22000.8
1230,3,50,1000,620.0,44,,7,0.5287,798.6,0.3341,77,step_limit,0.2789,22020.0
1231,4,65,769,979.24,65,769,12,0.4984,801.8,0.1708,11,complete,0.1875,22037.0
1232,3,79,1000,940.0,61,,12,0.483,709.8,0.2548,62,step_limit,0.2417,22056.3
1233,3,30,769,396.93,30,769,4,0.4733,803.8,0.2718,66,complete,0.2723,22072.6
1234,4,57,821,837.16,57,821,10,0.5487,880.9,0.1871,21,complete,0.211,22087.7
1235,3,49,1000,660.0,45,,8,0.498,789.4,0.2601,39,step_limit,0.2929,22109.1
1236,3,72,1000,950.0,65,,11,0.4127,673.3,0.1971,26,step_limit,0.2388,22128.8
1237,3,57,1000,820.0,55,,10,0.5047,778.2,0.2082,36,step_limit,0.2895,22150.6
1238,4,73,1000,960.0,64,,12,0.4995,928.1,0.1923,16,step_limit,0.278,22172.7
1239,3,40,1000,560.0,38,,7,0.4417,794.6,0.3302,43,step_limit,0.3267,22191.4
1240,4,21,530,278.8,21,530,3,0.5939,876.9,0.3015,18,complete,0.3173,22203.4
1241,4,58,759,849.64,58,759,10,0.4644,733.1,0.2204,15,complete,0.165,22217.3
1242,4,71,807,1067.72,71,807,13,0.504,896.9,0.1778,13,complete,0.2026,22236.2
1243,4,54,1000,600.0,43,,7,0.5365,782.0,0.4118,31,step_limit,0.2056,22256.7
1244,4,23,369,305.24,23,369,3,0.5813,817.4,0.1918,10,complete,0.2386,22264.1
1245,3,31,541,443.77,31,541,5,0.4917,788.6,0.1447,15,complete,0.2448,22277.0
1246,4,37,610,525.6,37,610,6,0.5762,855.6,0.1558,12,complete,0.2532,22288.5
1247,3,20,650,270.5,20,650,3,0.3544,750.9,0.3279,55,complete,0.2667,22301.4
1248,4,79,1000,1060.0,74,,12,0.5565,976.4,0.2314,26,step_limit,0.2901,22322.5
1249,3,22,685,319.45,22,685,4,0.5012,659.4,0.5061,274,complete,0.2462,22335.8
1250,3,27,662,370.14,27,662,4,0.4809,779.1,0.2807,58,complete,0.2598,22350.4
1251,3,20,503,274.91,20,503,3,0.5076,762.9,0.2314,33,complete,0.2847,22494.4
1252,4,48,787,718.52,48,787,9,0.5273,963.8,0.249,22,complete,0.2895,22507.4
1253,3,64,1000,830.0,56,,10,0.4727,741.2,0.2545,58,step_limit,0.2696,22524.5
1254,4,44,951,641.96,44,951,8,0.5662,946.7,0.2653,21,complete,0.325,22541.2
1255,4,39,481,550.76,39,481,6,0.473,695.5,0.1857,9,complete,0.1714,22552.3
1256,3,32,549,453.53,32,549,5,0.4803,755.2,0.1166,20,complete,0.2473,22563.8
1257,3,71,1000,1010.0,68,,12,0.387,596.9,0.2541,65,step_limit,0.128,22584.3
1258,3,40,893,553.21,40,893,6,0.4502,766.4,0.1646,22,complete,0.3371,22601.5
1259,3,80,1000,1160.0,77,,14,0.3957,730.2,0.1288,14,step_limit,0.1567,22622.8
1260,4,60,1000,720.0,52,,8,0.5557,881.8,0.4289,167,step_limit,0.2662,22643.6
1261,4,26,384,334.64,26,384,3,0.5404,828.5,0.2211,16,complete,0.2353,22653.0
1262,4,68,736,1010.56,68,736,12,0.5014,703.2,0.1511,17,complete,0.1734,22667.8
1263,4,61,772,879.12,61,772,10,0.5236,742.4,0.2249,23,complete,0.1898,22684.5
1264,3,55,1000,750.0,51,,9,0.4913,776.2,0.2139,37,step_limit,0.2727,22703.1
1265,4,73,1000,890.0,60,,11,0.5653,964.8,0.2891,21,step_limit,0.3051,22723.7
1266,4,72,760,1079.6,72,760,13,0.4727,832.2,0.168,11,complete,0.1746,22738.4
1267,3,46,1000,660.0,45,,8,0.5053,781.9,0.2135,36,step_limit,0.3072,22759.5
1268,3,58,1000,770.0,53,,9,0.528,775.7,0.2634,88,step_limit,0.3205,22778.9
1269,4,74,1000,1050.0,70,,13,0.5883,893.1,0.1586,10,step_limit,0.2849,22800.3
1270,3,30,457,436.29,30,457,5,0.4457,640.4,0.1117,13,complete,0.1839,22808.3
1271,3,37,675,559.75,37,675,7,0.3714,671.9,0.2633,65,complete,0.2037,22822.9
1272,3,22,511,294.67,22,511,3,0.5147,792.5,0.2173,46,complete,0.3067,22832.3
1273,3,43,1000,590.0,41,,7,0.5267,765.9,0.3372,80,step_limit,0.2842,22853.8
1274,3,66,1000,860.0,59,,10,0.43,712.7,0.3446,48,step_limit,0.2143,22872.6
1275,4,63,1000,890.0,60,,11,0.5938,862.8,0.2393,54,step_limit,0.2817,22894.9
1276,3,47,904,682.88,47,904,8,0.4484,788.2,0.2254,36,complete,0.2442,22911.6
1277,4,30,472,431.12,30,472,5,0.4947,814.6,0.2032,10,complete,0.2411,22922.4
1278,4,62,919,913.24,62,919,11,0.5188,628.8,0.3005,39,complete,0.1667,22942.4
1279,3,28,511,384.67,28,511,4,0.4318,737.8,0.1563,17,complete,0.2131,22952.0
1280,4,47,644,684.24,47,644,8,0.467,718.6,0.2844,23,complete,0.1694,22965.9
1281,3,66,1000,800.0,53,,10,0.4253,747.5,0.3736,39,step_limit,0.1905,22984.8
1282,3,74,1000,1030.0,70,,12,0.4503,711.7,0.2048,29,step_limit,0.1769,23006.0
1283,3,80,1000,980.0,65,,12,0.4093,593.9,0.3275,148,step_limit,0.1463,23027.6
1284,4,57,786,808.56,57,786,9,0.521,835.2,0.2264,10,complete,0.1659,23043.0
1285,3,40,741,557.77,40,741,6,0.5236,768.0,0.2228,26,complete,0.25,23059.4
1286,4,50,782,738.72,50,782,9,0.5914,1051.1,0.1671,13,complete,0.29,23074.4
1287,4,36,442,492.32,36,442,5,0.4423,748.2,0.2538,20,complete,0.1553,23083.4
1288,3,32,680,449.6,32,680,5,0.4828,786.0,0.2239,30,complete,0.3438,23099.0
1289,3,51,866,754.02,51,866,9,0.4349,742.2,0.2589,49,complete,0.2427,23116.0
1290,3,56,1000,760.0,52,,9,0.4593,754.6,0.194,36,step_limit,0.2758,23136.4
1291,3,33,584,462.48,33,584,5,0.4926,722.5,0.1761,17,complete,0.2304,23148.2
1292,3,48,929,692.13,48,929,8,0.4959,788.3,0.208,29,complete,0.2702,23168.5
1293,3,27,508,374.76,27,508,4,0.4738,753.8,0.1332,17,complete,0.2756,23177.6
1294,4,72,919,1043.24,72,919,12,0.5628,834.7,0.1133,10,complete,0.2683,23197.9
1295,4,38,710,531.6,38,710,6,0.5852,826.9,0.3541,98,complete,0.2798,23211.2
1296,3,47,823,715.31,47,823,9,0.4852,758.5,0.2374,34,complete,0.2381,23227.0
1297,3,44,901,652.97,44,901,8,0.3822,653.2,0.3037,73,complete,0.17,23246.6
1298,3,29,512,424.64,29,512,5,0.3906,603.7,0.186,13,complete,0.1913,23257.7
1299,4,55,892,814.32,55,892,10,0.5821,1054.1,0.1631,14,complete,0.2835,23276.7
1300,4,49,948,722.08,49,948,9,0.6313,1037.1,0.2063,13,complete,0.3568,23294.3
1301,4,22,480,260.8,22,480,2,0.4188,694.6,0.2226,11,complete,0.162,23435.3
1302,4,46,521,619.16,46,521,6,0.4189,603.1,0.2659,14,complete,0.1219,23445.5
1303,4,51,634,694.64,51,634,7,0.4132,573.7,0.2117,11,complete,0.069,23454.1
1304,4,41,570,537.2,41,570,5,0.4452,589.9,0.263,13,complete,0.125,23461.5
1305,4,56,846,856.16,56,846,11,0.5103,835.0,0.2462,22,complete,0.2358,23476.8
1306,4,51,1000,650.0,48,,7,0.4998,771.3,0.3621,38,step_limit,0.2365,23492.9
1307,3,52,1000,710.0,50,,8,0.5263,777.6,0.1597,45,step_limit,0.3547,23511.3
1308,4,44,489,660.44,44,489,8,0.4775,807.2,0.0987,10,complete,0.163,23519.7
1309,4,65,1000,930.0,64,,11,0.5025,759.8,0.3633,42,step_limit,0.1598,23535.5
1310,3,20,504,274.88,20,504,3,0.5152,798.6,0.2384,35,complete,0.2313,23546.8
1311,4,70,1000,850.0,56,,11,0.5942,833.7,0.3684,20,step_limit,0.2683,23564.2
1312,3,38,752,567.44,38,752,7,0.4441,698.5,0.2613,44,complete,0.2169,23578.5
1313,3,39,1000,470.0,32,,6,0.292,527.8,0.4305,137,step_limit,0.0899,23595.5
1314,3,59,814,865.58,59,814,10,0.4525,668.8,0.1538,20,complete,0.1732,23611.6
1315,4,65,1000,960.0,64,,12,0.5923,813.8,0.3403,124,step_limit,0.2937,23627.9
1316,4,67,1000,950.0,63,,12,0.4665,756.3,0.3,27,step_limit,0.2118,23647.0
1317,3,73,1000,790.0,52,,10,0.4487,654.8,0.3768,53,step_limit,0.2448,23663.3
1318,3,24,590,342.3,24,590,4,0.4537,742.2,0.2135,23,complete,0.226,23672.7
1319,3,31,584,442.48,31,584,5,0.4304,647.0,0.3291,34,complete,0.1967,23684.7
1320,4,47,600,656.0,47,600,7,0.4683,752.9,0.1735,13,complete,0.1747,23694.8
1321,3,75,1000,990.0,66,,12,0.3643,659.7,0.1571,32,step_limit,0.189,23714.5
1322,3,49,770,706.9,49,770,8,0.3866,737.6,0.1023,13,complete,0.2381,23727.4
1323,4,75,1000,1080.0,73,,13,0.5125,859.2,0.2965,35,step_limit,0.2124,23744.6
1324,3,46,930,672.1,46,930,8,0.4989,790.5,0.2146,59,complete,0.3302,23759.0
1325,3,59,1000,680.0,47,,8,0.35,602.6,0.3987,54,step_limit,0.2032,23772.6
1326,3,44,850,624.5,44,850,7,0.5149,797.0,0.2284,27,complete,0.279,23787.2
1327,4,32,310,427.6,32,310,4,0.4774,620.1,0.058,8,complete,0.11,23791.5
1328,4,45,702,631.92,45,702,7,0.609,1003.7,0.2521,29,complete,0.2912,23802.0
1329,3,41,982,590.54,41,982,7,0.5037,787.7,0.2596,52,complete,0.3229,23817.1
1330,4,65,1000,810.0,55,,10,0.5817,981.2,0.2915,40,step_limit,0.3141,23830.9
1331,4,74,1000,940.0,65,,11,0.5643,879.1,0.2514,23,step_limit,0.3185,23852.2
1332,3,35,618,511.46,35,618,6,0.4035,621.1,0.204,47,complete,0.181,23863.7
1333,3,77,1000,950.0,65,,11,0.4607,753.0,0.2527,74,step_limit,0.2306,23880.6
1334,3,64,1000,790.0,55,,9,0.454,709.1,0.2618,32,step_limit,0.2492,23896.5
1335,4,58,946,842.16,58,946,10,0.5994,933.4,0.3122,56,complete,0.2544,23910.6
1336,3,56,1000,750.0,51,,9,0.4827,786.2,0.3766,70,step_limit,0.2276,23928.0
1337,4,58,1000,780.0,55,,9,0.6328,995.6,0.242,18,step_limit,0.3644,23944.8
1338,4,52,590,736.4,52,590,8,0.5322,798.4,0.1911,19,complete,0.2011,23957.4
1339,3,66,1000,880.0,58,,11,0.3297,701.4,0.424,145,step_limit,0.1867,23975.7
1340,4,72,812,1077.52,72,812,13,0.5305,800.3,0.1765,23,complete,0.1944,23991.2
1341,4,37,753,519.88,37,753,6,0.5548,986.0,0.2715,24,complete,0.2941,24002.3
1342,4,72,713,1051.48,72,713,12,0.4288,607.1,0.1929,12,complete,0.1155,24013.8
1343,3,73,1000,870.0,60,,10,0.4987,737.0,0.244,106,step_limit,0.2365,24031.8
1344,4,34,705,461.8,34,705,5,0.5876,1016.6,0.1619,27,complete,0.3214,24042.2
1345,4,41,471,601.16,41,471,7,0.4209,670.6,0.1551,16,complete,0.1541,24049.7
1346,4,33,592,486.32,33,592,6,0.5511,772.9,0.187,16,complete,0.223,24061.1
1347,3,42,907,602.79,42,907,7,0.4326,757.4,0.2535,28,complete,0.2564,24075.9
1348,3,65,973,950.81,65,973,11,0.4121,738.7,0.2205,33,complete,0.1861,24094.6
1349,3,21,553,283.41,21,553,3,0.2809,614.3,0.3114,41,complete,0.1839,24103.8
1350,4,56,813,827.48,56,813,10,0.4139,760.0,0.24,11,complete,0.217,24117.0
1351,4,56,552,807.92,56,552,9,0.4719,675.6,0.0964,13,complete,0.1408,24254.6
1352,4,20,298,278.08,20,298,3,0.4706,787.8,0.1041,10,complete,0.2171,24259.3
1353,3,25,459,356.23,25,459,4,0.4038,697.5,0.3063,54,complete,0.1569,24269.2
1354,3,58,1000,830.0,56,,10,0.359,641.8,0.2748,39,step_limit,0.1754,24287.2
1355,4,79,941,1202.36,79,941,15,0.4936,866.9,0.179,19,complete,0.2393,24307.6
1356,4,38,778,528.88,38,778,6,0.6163,1057.7,0.1843,12,complete,0.3676,24322.1
1357,4,63,810,927.6,63,810,11,0.5546,924.0,0.1677,17,complete,0.2652,24339.5
1358,4,28,540,378.4,28,540,4,0.6208,949.2,0.2596,17,complete,0.3214,24350.2
1359,4,39,550,548.0,39,550,6,0.4036,685.0,0.2347,10,complete,0.1429,24361.4
1360,4,43,613,645.48,43,613,8,0.5559,893.1,0.1826,22,complete,0.2024,24376.3
1361,3,44,783,656.51,44,783,8,0.4981,771.7,0.23,45,complete,0.2209,24391.3
1362,3,35,574,482.78,35,574,5,0.4512,767.5,0.1773,25,complete,0.2273,24404.7
1363,4,40,717,551.32,40,717,6,0.5411,794.5,0.1971,17,complete,0.269,24418.9
1364,4,38,1000,540.0,37,,7,0.6355,955.5,0.416,172,step_limit,0.3366,24440.0
1365,4,73,1000,1060.0,71,,13,0.5717,823.8,0.2357,24,step_limit,0.2266,24459.2
1366,3,38,1000,480.0,33,,6,0.4917,786.8,0.3292,109,step_limit,0.3633,24479.8
1367,3,73,1000,950.0,65,,11,0.4843,775.2,0.1388,26,step_limit,0.2755,24498.3
1368,4,30,547,428.12,30,547,5,0.5238,874.6,0.2131,17,complete,0.2576,24510.2
1369,3,47,910,682.7,47,910,8,0.5392,790.8,0.2717,57,complete,0.2624,24527.8
1370,4,24,402,283.92,24,402,2,0.3856,707.0,0.1899,15,complete,0.2143,24537.7
1371,3,27,743,367.71,27,743,4,0.3544,582.0,0.2279,47,complete,0.2113,24552.6
1372,4,58,1000,870.0,58,1000,11,0.6128,994.6,0.2077,17,complete,0.3238,24574.5
1373,4,62,1000,820.0,56,,10,0.5978,946.9,0.2711,40,step_limit,0.3053,24593.3
1374,3,38,902,562.94,38,902,7,0.5011,796.9,0.2473,78,complete,0.2589,24612.5
1375,3,21,429,287.13,21,429,3,0.4608,771.5,0.1477,14,complete,0.2444,24620.7
1376,4,61,1000,820.0,56,,10,0.5813,1001.7,0.1877,10,step_limit,0.3243,24639.3
1377,4,41,810,587.6,41,810,7,0.5608,869.1,0.2363,22,complete,0.3191,24656.8
1378,4,55,783,818.68,55,783,10,0.5501,920.5,0.3152,29,complete,0.223,24672.4
1379,4,27,393,344.28,27,393,3,0.5051,695.4,0.178,11,complete,0.185,24680.9
1380,4,22,479,290.84,22,479,3,0.608,865.3,0.184,13,complete,0.3333,24692.5
1381,4,42,832,626.72,42,832,8,0.561,939.3,0.2416,11,complete,0.2753,24709.4
1382,3,57,1000,780.0,51,,10,0.4397,779.5,0.3128,33,step_limit,0.2402,24730.5
1383,4,22,417,263.32,22,417,2,0.6229,831.6,0.1933,9,complete,0.2727,24738.6
1384,4,66,844,956.24,66,844,11,0.4452,768.3,0.2813,15,complete,0.1703,24754.2
1385,3,70,1000,930.0,63,,11,0.4433,761.9,0.196,26,step_limit,0.2073,24777.5
1386,4,25,412,353.52,25,412,4,0.5613,685.9,0.23,18,complete,0.1971,24785.5
1387,3,74,1000,930.0,63,,11,0.4307,785.3,0.2833,44,step_limit,0.2429,24804.6
1388,4,21,531,278.76,21,531,3,0.5617,862.5,0.287,30,complete,0.2602,24816.2
1389,4,63,808,927.68,63,808,11,0.5161,847.0,0.1908,10,complete,0.1966,24831.9
1390,4,26,556,357.76,26,556,4,0.6169,857.1,0.2074,13,complete,0.3292,24844.5
1391,3,78,1000,1090.0,73,,13,0.398,662.7,0.2087,74,step_limit,0.1787,24865.8
1392,3,49,890,733.3,49,890,9,0.4978,778.8,0.2002,24,complete,0.268,24888.5
1393,4,68,1000,750.0,55,,8,0.639,991.9,0.2883,50,step_limit,0.3565,24914.8
1394,4,22,398,294.08,22,398,3,0.5634,939.1,0.1659,10,complete,0.2717,24923.1
1395,3,61,1000,790.0,52,,10,0.3237,590.5,0.3657,87,step_limit,0.1351,24943.8
1396,4,43,804,637.84,43,804,8,0.5805,910.5,0.264,19,complete,0.2938,24960.8
1397,4,71,1000,870.0,61,,10,0.4133,749.7,0.2936,15,step_limit,0.178,24982.1
1398,3,47,1000,630.0,45,,7,0.5493,774.2,0.3643,185,step_limit,0.2371,25001.5
1399,4,40,588,556.48,40,588,6,0.4838,763.8,0.2615,27,complete,0.1944,25015.9
1400,4,23,384,304.64,23,384,3,0.6087,901.1,0.1851,5,complete,0.2812,25023.6
1401,4,27,543,368.28,27,543,4,0.5847,989.1,0.1247,27,complete,0.2958,25171.5
1402,4,78,857,1195.72,78,857,15,0.4641,776.1,0.1613,36,complete,0.181,25187.5
1403,4,51,685,752.6,51,685,9,0.5139,713.1,0.2211,18,complete,0.1855,25198.2
1404,3,29,584,422.48,29,584,5,0.5285,767.1,0.1639,25,complete,0.2473,25207.5
1405,4,28,823,367.08,28,823,4,0.6346,1062.4,0.2355,16,complete,0.4135,25222.1
1406,3,57,1000,610.0,40,,8,0.452,771.4,0.4067,150,step_limit,0.2894,25239.2
1407,4,34,484,470.64,34,484,5,0.5067,767.2,0.1905,10,complete,0.1836,25248.5
1408,3,68,1000,820.0,55,,10,0.388,610.5,0.3428,61,step_limit,0.181,25271.1
1409,4,23,323,337.08,23,323,4,0.4799,788.3,0.0512,2,complete,0.1686,25277.8
1410,4,62,1000,800.0,57,,9,0.5753,914.4,0.2015,19,step_limit,0.3333,25299.3
1411,3,48,1000,660.0,45,,8,0.4363,754.2,0.269,53,step_limit,0.2013,25318.4
1412,4,20,254,279.84,20,254,3,0.44,555.4,0.1522,10,complete,0.0809,25325.0
1413,3,60,1000,760.0,52,,9,0.4987,775.5,0.2972,79,step_limit,0.2733,25345.3
1414,4,53,700,772.0,53,700,9,0.4386,737.4,0.3094,75,complete,0.1658,25362.0
1415,3,56,1000,810.0,54,,10,0.491,782.3,0.2139,63,step_limit,0.2989,25381.6
1416,3,40,798,556.06,40,798,6,0.5334,767.6,0.2591,38,complete,0.2579,25399.1
1417,4,48,620,725.2,48,620,9,0.496,733.0,0.1734,11,complete,0.1821,25410.4
1418,3,54,1000,740.0,50,,9,0.4573,782.3,0.3163,77,step_limit,0.2282,25431.3
1419,3,45,1000,500.0,35,,6,0.5467,772.6,0.4575,136,step_limit,0.2986,25450.4
1420,3,56,963,831.11,56,963,10,0.4649,752.0,0.2627,54,complete,0.2398,25470.7
1421,3,28,525,384.25,28,525,4,0.407,644.4,0.2025,45,complete,0.1548,25480.7
1422,4,56,1000,800.0,54,,10,0.608,972.2,0.3599,17,step_limit,0.3043,25501.9
1423,3,42,852,634.44,42,852,8,0.4785,788.7,0.2152,35,complete,0.2632,25517.5
1424,4,22,442,262.32,22,442,2,0.5062,615.8,0.2577,16,complete,0.205,25526.8
1425,3,29,737,417.89,29,737,5,0.5305,782.7,0.3083,140,complete,0.2603,25543.0
1426,3,41,1000,480.0,33,,6,0.4873,749.5,0.3972,105,step_limit,0.2464,25560.8
1427,3,20,418,277.46,20,418,3,0.3365,606.9,0.2603,35,complete,0.1508,25570.8
1428,4,77,1000,1010.0,66,,13,0.5865,873.1,0.2014,27,step_limit,0.2815,25590.5
1429,3,27,783,396.51,27,783,5,0.5726,793.9,0.3175,47,complete,0.2905,25607.6
1430,4,79,1000,1100.0,72,,14,0.4158,733.8,0.3358,14,step_limit,0.1786,25626.9
1431,3,49,1000,670.0,46,,8,0.485,789.2,0.2654,32,step_limit,0.3056,25647.5
1432,4,57,1000,750.0,52,,9,0.5735,877.7,0.2842,39,step_limit,0.2748,25669.1
1433,3,68,1000,910.0,61,,11,0.4373,746.3,0.2095,35,step_limit,0.2361,25688.9
1434,4,45,681,632.76,45,681,7,0.5455,791.0,0.2709,39,complete,0.2155,25705.3
1435,3,73,1000,960.0,63,,12,0.4737,786.8,0.1666,26,step_limit,0.2678,25724.3
1436,4,30,539,398.44,30,539,4,0.5612,786.2,0.3079,44,complete,0.2069,25737.5
1437,4,64,792,938.32,64,792,11,0.3693,643.6,0.2046,17,complete,0.1848,25752.7
1438,3,36,876,483.72,36,876,5,0.5567,802.2,0.2802,84,complete,0.3295,25771.6
1439,3,50,832,715.04,50,832,8,0.4042,572.9,0.256,54,complete,0.1582,25787.1
1440,4,33,666,453.36,33,666,5,0.6164,968.7,0.2618,22,complete,0.3107,25799.1
1441,4,72,1000,970.0,65,,12,0.5835,965.8,0.1812,13,step_limit,0.3172,25819.4
1442,3,54,812,815.64,54,812,10,0.4122,735.6,0.0915,16,complete,0.2372,25835.2
1443,4,38,417,513.32,38,417,5,0.4365,683.5,0.1348,10,complete,0.1164,25845.3
1444,3,56,1000,820.0,55,,10,0.53,731.3,0.3386,177,step_limit,0.2714,25864.1
1445,4,70,827,1026.92,70,827,12,0.4299,662.7,0.2289,15,complete,0.1066,25882.9
1446,4,62,739,890.44,62,739,10,0.5291,741.4,0.225,15,complete,0.1903,25897.5
1447,4,41,546,568.16,41,546,6,0.5224,794.3,0.1883,13,complete,0.2179,25909.5
1448,4,39,689,572.44,39,689,7,0.578,965.1,0.179,12,complete,0.314,25922.3
1449,3,27,656,370.32,27,656,4,0.5396,790.5,0.2478,33,complete,0.3333,25934.1
1450,3,77,1000,1010.0,68,,12,0.4987,782.1,0.2233,42,step_limit,0.225,25952.4
1451,3,40,880,553.6,40,880,6,0.5095,787.9,0.2522,54,complete,0.3333,26082.7
1452,4,30,957,331.72,25,,4,0.6599,909.0,0.5095,137,no_progress,0.3969,26098.0
1453,4,49,939,692.44,49,939,8,0.5551,1032.8,0.129,13,complete,0.3394,26111.4
1454,4,33,675,483.0,33,675,6,0.57,945.8,0.348,37,complete,0.3014,26121.6
1455,4,25,308,327.68,25,308,3,0.375,682.4,0.1125,14,complete,0.1307,26124.9
1456,4,50,824,677.04,50,824,7,0.6147,1009.5,0.2142,11,complete,0.3379,26135.1
1457,4,29,417,393.32,29,417,4,0.5114,644.4,0.1504,14,complete,0.1636,26139.7
1458,4,38,497,570.12,38,497,7,0.4095,737.6,0.1538,14,complete,0.1739,26148.0
1459,4,32,375,425.0,32,375,4,0.4473,631.2,0.1349,8,complete,0.1538,26153.4
1460,4,80,1000,1130.0,75,,14,0.486,889.4,0.2755,53,step_limit,0.2358,26168.2
1461,4,27,345,376.2,27,345,4,0.3087,619.8,0.0065,0,complete,0.1146,26173.0
1462,4,36,824,507.04,36,824,6,0.5862,1008.3,0.3424,26,complete,0.3077,26186.0
1463,4,60,824,867.04,60,824,10,0.5033,792.5,0.2347,14,complete,0.2207,26199.2
1464,4,58,649,884.04,58,649,11,0.4877,791.8,0.1711,11,complete,0.1837,26209.2
1465,4,37,725,521.0,37,725,6,0.6217,1012.8,0.2523,12,complete,0.314,26221.2
1466,4,47,724,711.04,47,724,9,0.5477,921.6,0.2533,25,complete,0.2159,26230.4
1467,4,71,1000,1030.0,68,,13,0.4592,708.8,0.3859,69,step_limit,0.1815,26243.4
1468,3,45,1000,580.0,40,,7,0.4743,723.3,0.3629,80,step_limit,0.2458,26258.8
1469,3,41,783,596.51,41,783,7,0.3734,691.6,0.1778,19,complete,0.1992,26273.2
1470,3,56,1000,700.0,49,,8,0.4503,778.8,0.267,25,step_limit,0.2747,26292.2
1471,3,22,471,265.87,22,471,2,0.4395,547.4,0.1998,25,complete,0.2353,26301.3
1472,4,80,1000,1160.0,78,,14,0.4718,751.3,0.2708,30,step_limit,0.2086,26322.0
1473,3,28,601,381.97,28,601,4,0.5352,749.6,0.3074,30,complete,0.2576,26333.9
1474,3,61,1000,830.0,56,,10,0.4817,780.9,0.1781,23,step_limit,0.2661,26351.2
1475,3,45,790,636.3,45,790,7,0.4591,742.6,0.2587,52,complete,0.1963,26365.8
1476,3,31,783,436.51,31,783,5,0.5147,784.4,0.2265,36,complete,0.2692,26378.9
1477,4,26,436,302.56,26,436,2,0.5487,834.7,0.2349,12,complete,0.2404,26387.7
1478,4,23,347,306.12,23,347,3,0.5216,718.7,0.0844,3,complete,0.25,26393.1
1479,4,70,1000,840.0,58,,10,0.5637,853.1,0.2685,16,step_limit,0.318,26409.2
1480,4,41,529,568.84,41,529,6,0.5383,834.8,0.1941,15,complete,0.2273,26418.7
1481,4,28,477,410.92,28,477,5,0.4224,660.0,0.291,19,complete,0.1455,26429.8
1482,4,47,635,654.6,47,635,7,0.4713,667.4,0.2143,30,complete,0.1676,26439.9
1483,4,26,371,335.16,26,371,3,0.6058,895.4,0.1299,6,complete,0.2296,26445.8
1484,4,39,625,575.0,39,625,7,0.5064,904.3,0.1353,10,complete,0.25,26458.9
1485,4,75,678,1112.88,75,678,13,0.4521,597.7,0.1024,12,complete,0.1325,26470.1
1486,4,80,1000,1190.0,78,,15,0.4995,818.4,0.252,22,step_limit,0.2343,26486.1
1487,4,54,1000,710.0,51,,8,0.6138,1005.6,0.3393,46,step_limit,0.3341,26505.6
1488,4,72,1000,920.0,63,,11,0.5923,961.7,0.2511,77,step_limit,0.2703,26522.5
1489,3,64,1000,710.0,50,,8,0.5093,741.6,0.3645,67,step_limit,0.2362,26541.7
1490,3,49,889,733.33,49,889,9,0.381,616.5,0.3583,67,complete,0.1509,26557.4
1491,3,68,1000,820.0,55,,10,0.5133,707.8,0.2908,47,step_limit,0.2364,26576.3
1492,4,75,870,1135.2,75,870,14,0.4425,738.3,0.2076,17,complete,0.1635,26597.2
1493,3,28,576,382.72,28,576,4,0.5122,788.6,0.2352,22,complete,0.2424,26607.4
1494,4,60,763,869.48,60,763,10,0.5092,822.1,0.1875,10,complete,0.2083,26622.6
1495,4,56,631,834.76,56,631,10,0.3312,587.6,0.2218,20,complete,0.1028,26638.4
1496,4,62,801,887.96,62,801,10,0.5156,891.4,0.1979,12,complete,0.2033,26654.7
1497,3,76,1000,910.0,64,,10,0.5,746.9,0.2403,37,step_limit,0.2087,26676.8
1498,3,55,887,793.39,55,887,9,0.4333,630.4,0.3227,70,complete,0.156,26697.6
1499,3,28,646,380.62,28,646,4,0.4463,739.5,0.2271,44,complete,0.2154,26711.1
1500,4,24,439,312.44,24,439,3,0.4613,760.7,0.1565,10,complete,0.2065,26720.6
