episode,steps,reward,delivered,completion_rate,makespan,idle_drones,deliv_min,deliv_max,deliv_std,reloads,blocked,hop2plus,max_reach,t_last_deliv,comm_loss,alpha,loss_critic,loss_actor,env_steps,wall_sec
1,1000,19.8832,5,0.1,,2,0,3,1.299,0,193,0.649,653.3,901,0,0.1,nan,nan,1000,2.8
2,1000,27.1666,5,0.1,,3,0,5,2.1651,0,156,0.6162,622.8,443,0,0.1,nan,nan,2000,4.7
3,1000,-5.3295,3,0.06,,3,0,3,1.299,0,605,0.642,828.8,341,0,0.1,nan,nan,3000,6.7
4,1000,-42.2176,1,0.02,,3,0,1,0.433,0,349,0.6335,744.3,625,0,0.1,nan,nan,4000,8.6
5,1000,-8.3646,2,0.04,,2,0,1,0.5,0,480,0.6625,760.5,170,0,0.1,nan,nan,5000,10.5
6,1000,-45.3294,0,0.0,,4,0,0,0.0,0,20,0.269,502.8,0,0,0.086084,0.353101,-1.448609,6000,22.3
7,1000,81.9874,11,0.22,,1,0,4,1.6394,0,197,0.4163,1006.6,979,0,0.074411,0.593649,-1.604348,7000,33.0
8,1000,93.1439,11,0.22,,1,0,5,2.2776,0,354,0.387,673.5,787,0,0.06827,0.561723,-2.344388,8000,43.7
9,1000,28.7968,7,0.14,,1,0,4,1.479,0,1607,0.442,838.2,678,0,0.064897,0.295445,-3.573787,9000,55.4
10,1000,115.3905,14,0.28,,0,1,5,1.6583,0,895,0.5242,848.1,907,0,0.062625,0.454542,-3.49722,10000,65.8
11,1000,96.3704,12,0.24,,0,1,5,2.0,0,611,0.3387,600.6,993,0,0.057846,1.550112,-3.812212,11000,76.0
12,1000,60.4749,10,0.2,,1,0,5,2.0616,0,1537,0.4402,876.5,482,0,0.052787,1.17604,-3.737584,12000,87.2
13,1000,16.7184,4,0.08,,2,0,3,1.2247,0,687,0.4075,591.9,357,0,0.048776,0.614356,-4.985942,13000,98.6
14,1000,48.4886,9,0.18,,1,0,5,1.9203,0,1809,0.4913,592.2,692,0,0.047887,0.371621,-5.058588,14000,109.2
15,1000,62.082,9,0.18,,1,0,5,1.9203,0,1465,0.4135,815.7,895,0,0.04922,2.159729,-5.825816,15000,120.1
16,1000,60.4085,8,0.16,,1,0,3,1.2247,0,628,0.4735,642.5,619,0,0.051786,1.084414,-5.667791,16000,131.3
17,1000,98.2744,12,0.24,,1,0,5,1.8708,0,1092,0.4612,540.3,974,0,0.051835,2.31277,-6.562458,17000,142.1
18,1000,114.4484,14,0.28,,0,1,5,1.5,0,1179,0.6462,597.3,877,0,0.052186,0.717848,-6.030103,18000,153.8
19,1000,101.757,10,0.2,,1,0,5,1.8028,1,533,0.6235,593.9,618,0,0.052442,1.756427,-6.94142,19000,164.5
20,1000,77.3042,10,0.2,,1,0,5,2.0616,0,702,0.6348,692.2,870,0,0.053282,1.655427,-6.736448,20000,174.9
21,1000,71.9401,11,0.22,,1,0,5,2.2776,0,1291,0.7045,585.7,460,0,0.052464,0.806186,-6.100464,21000,186.1
22,1000,88.8686,11,0.22,,0,1,5,1.479,0,692,0.437,548.2,827,0,0.050996,0.778755,-7.54695,22000,196.7
23,1000,115.0705,14,0.28,,0,1,5,1.6583,0,934,0.679,752.0,914,0,0.049926,2.129563,-7.371427,23000,207.3
24,1000,121.0733,12,0.24,,1,0,5,2.1213,1,1480,0.5835,626.3,647,0,0.048219,1.710115,-7.799665,24000,218.3
25,1000,120.5976,16,0.32,,0,2,5,1.2247,0,1640,0.7067,742.3,314,0,0.045638,1.900335,-7.244938,25000,230.1
26,1000,145.3367,18,0.36,,0,4,5,0.5,0,1142,0.6843,876.8,885,0,0.043639,1.120041,-8.322829,26000,241.3
27,1000,89.4203,14,0.28,,0,2,5,1.5,0,2387,0.6757,839.1,661,0,0.044258,2.296666,-8.388217,27000,252.1
28,1000,87.8108,12,0.24,,1,0,5,2.1213,0,1577,0.6687,799.5,464,0,0.043152,1.219231,-8.291591,28000,262.9
29,1000,102.0482,14,0.28,,0,1,5,1.6583,0,1548,0.6945,803.8,764,0,0.042272,2.123409,-8.235776,29000,273.8
30,1000,110.9505,14,0.28,,0,2,5,1.118,0,1402,0.6555,967.8,974,0,0.042727,2.463293,-9.778009,30000,285.2
31,1000,119.3034,15,0.3,,0,2,5,1.299,0,1000,0.6075,940.1,779,0,0.043311,1.515572,-9.746155,31000,299.5
32,1000,104.6563,15,0.3,,0,2,5,1.299,0,1872,0.6923,978.0,665,0,0.043118,6.466836,-11.10054,32000,315.4
33,1000,126.5693,16,0.32,,0,2,5,1.2247,0,1577,0.648,682.6,676,0,0.04278,2.759472,-10.244986,33000,331.8
34,1000,117.2286,14,0.28,,1,0,5,2.0616,0,1220,0.6953,785.1,778,0,0.043104,1.186531,-10.64523,34000,348.5
35,1000,61.496,10,0.2,,1,0,4,1.5,0,2388,0.6933,708.4,237,0,0.043317,3.230627,-11.485811,35000,364.8
36,1000,113.3746,15,0.3,,1,0,5,2.1651,0,1718,0.6783,1072.0,474,0,0.043754,3.167372,-12.201013,36000,381.2
37,1000,105.5253,15,0.3,,1,0,5,2.1651,0,1916,0.6945,1048.0,225,0,0.044634,1.570891,-11.524707,37000,397.6
38,1000,72.4646,11,0.22,,0,1,5,1.7854,0,1652,0.6727,963.6,897,0,0.044939,1.637836,-12.65877,38000,413.9
39,1000,120.3417,15,0.3,,1,0,5,2.1651,0,1259,0.7045,1022.6,924,0,0.044663,1.09944,-11.874065,39000,430.4
40,1000,137.0627,17,0.34,,0,2,5,1.299,0,1617,0.7033,971.6,938,0,0.043581,2.977703,-13.520805,40000,447.7
41,1000,116.2909,16,0.32,,0,2,5,1.2247,0,1553,0.6975,919.4,727,0,0.043477,1.409228,-13.930182,41000,465.3
42,1000,99.6005,14,0.28,,1,0,5,2.0616,0,1494,0.709,894.7,458,0,0.042734,1.820172,-14.133915,42000,481.9
43,1000,115.1952,15,0.3,,0,3,5,0.8292,0,1759,0.5062,874.2,319,0,0.041579,0.718857,-12.855684,43000,498.5
44,1000,129.3082,17,0.34,,0,2,5,1.299,0,2209,0.7113,890.1,992,0,0.041069,1.21295,-14.553755,44000,515.4
45,1000,108.547,15,0.3,,1,0,5,2.1651,0,1491,0.7133,1064.4,838,0,0.040315,2.587126,-15.086809,45000,532.1
46,1000,155.3537,19,0.38,,0,4,5,0.433,0,1160,0.7137,1012.0,814,0,0.039468,1.034466,-15.229222,46000,548.4
47,1000,108.91,15,0.3,,0,2,5,1.299,0,1852,0.6755,1001.2,236,0,0.039384,2.967049,-14.94117,47000,564.8
48,1000,105.5714,14,0.28,,0,2,5,1.118,0,1448,0.6895,1028.2,614,0,0.03965,1.407713,-14.080127,48000,581.3
49,1000,76.8324,12,0.24,,1,0,5,2.1213,0,1841,0.7043,1073.5,818,0,0.040018,2.066065,-16.190605,49000,597.6
50,1000,79.7626,13,0.26,,0,2,5,1.299,0,2621,0.6318,833.5,946,0,0.039925,1.229966,-15.954928,50000,613.8
51,1000,92.0189,12,0.24,,0,1,4,1.2247,0,1740,0.6925,784.2,687,0,0.040317,0.658291,-16.453178,51000,647.8
52,1000,115.1043,15,0.3,,0,3,5,0.8292,0,2019,0.7143,957.7,587,0,0.039974,1.217297,-17.442822,52000,664.6
53,1000,132.8239,17,0.34,,0,2,5,1.299,0,1574,0.7017,1046.0,673,0,0.039998,3.06387,-16.702446,53000,680.7
54,1000,129.5092,16,0.32,,0,1,5,1.7321,0,1961,0.712,951.2,977,0,0.039965,0.73496,-17.10186,54000,697.4
55,1000,70.9079,11,0.22,,0,1,4,1.0897,0,1589,0.6172,863.4,626,0,0.039595,1.042695,-17.867849,55000,714.3
56,1000,103.3759,14,0.28,,0,1,5,1.6583,0,1363,0.6012,970.1,839,0,0.038391,1.837199,-17.249491,56000,730.6
57,1000,137.3576,18,0.36,,0,4,5,0.5,0,1362,0.7103,960.2,573,0,0.038664,0.673593,-16.308783,57000,747.4
58,1000,98.59,12,0.24,,0,1,5,1.4142,0,580,0.685,810.4,274,0,0.038105,1.391701,-18.230175,58000,763.3
59,1000,40.0045,8,0.16,,1,0,3,1.2247,0,2353,0.6893,878.7,555,0,0.03749,1.287321,-17.452135,59000,780.5
60,1000,85.5267,12,0.24,,1,0,5,1.8708,0,1176,0.68,1055.7,591,0,0.037647,1.33786,-18.146759,60000,796.9
61,1000,150.0677,19,0.38,,0,4,5,0.433,0,1478,0.7137,1037.7,673,0,0.036232,1.782596,-17.625267,61000,813.1
62,1000,115.0268,14,0.28,,0,2,5,1.118,0,1544,0.7063,960.5,432,0,0.033676,1.302641,-17.952579,62000,829.3
63,1000,100.3451,14,0.28,,0,2,5,1.118,0,1848,0.7087,1040.4,597,0,0.034191,1.289442,-17.936241,63000,845.4
64,1000,119.9645,16,0.32,,0,1,5,1.7321,0,2147,0.7115,1026.9,255,0,0.034864,1.366822,-18.547726,64000,861.5
65,1000,131.3274,17,0.34,,0,3,5,0.8292,0,2056,0.717,970.6,335,0,0.035047,2.025525,-16.522411,65000,878.6
66,1000,134.5675,17,0.34,,0,3,5,0.8292,0,1876,0.719,1028.3,392,0,0.033846,1.505229,-17.732422,66000,894.8
67,1000,49.3996,11,0.22,,0,2,5,1.299,0,2274,0.7143,1063.1,603,0,0.033443,2.09299,-18.370045,67000,911.2
68,1000,133.0408,16,0.32,,0,1,5,1.7321,0,1163,0.7163,956.5,709,0,0.033118,2.228377,-18.987717,68000,927.2
69,1000,49.8291,11,0.22,,1,0,5,2.2776,0,2254,0.7105,1073.5,196,0,0.033203,1.24262,-18.984303,69000,943.7
70,1000,79.9129,12,0.24,,0,1,5,2.0,0,1928,0.705,892.6,334,0,0.033042,1.841962,-19.091202,70000,960.1
71,1000,141.7402,17,0.34,,0,3,5,0.8292,0,1108,0.7147,1073.5,992,0,0.032246,2.705319,-18.932762,71000,976.9
72,1000,158.0684,18,0.36,,0,4,5,0.5,0,981,0.718,1073.5,997,0,0.032091,0.946104,-19.79961,72000,993.3
73,1000,110.044,16,0.32,,0,2,5,1.2247,0,1911,0.7143,1000.3,665,0,0.031228,0.58444,-19.698765,73000,1009.4
74,1000,134.5807,17,0.34,,0,2,5,1.299,0,1106,0.7045,1073.5,502,0,0.031366,1.675947,-18.700706,74000,1025.6
75,1000,118.4196,16,0.32,,0,1,5,1.7321,0,2019,0.7167,873.5,333,0,0.031078,2.279395,-18.497147,75000,1042.3
76,1000,112.0188,16,0.32,,0,2,5,1.2247,0,2050,0.706,1073.5,989,0,0.031869,0.772812,-18.565926,76000,1058.4
77,1000,151.0013,18,0.36,,0,3,5,0.866,0,1269,0.6695,847.7,979,0,0.031095,1.388099,-18.606382,77000,1073.5
78,1000,122.4975,16,0.32,,0,1,5,1.7321,0,1438,0.7007,881.7,693,0,0.030892,1.465029,-20.422018,78000,1090.2
79,1000,60.128,11,0.22,,0,1,5,1.479,0,2510,0.71,1024.9,154,0,0.03046,0.999156,-19.295406,79000,1106.9
80,1000,106.9219,15,0.3,,1,0,5,2.1651,0,2024,0.7047,911.7,625,0,0.030403,1.724588,-17.468258,80000,1123.1
81,1000,84.1696,12,0.24,,1,0,5,2.1213,0,1973,0.4723,817.1,266,0,0.030034,0.992266,-20.317795,81000,1139.8
82,1000,69.3072,11,0.22,,1,0,5,1.9203,0,1994,0.6907,876.9,349,0,0.030111,0.837106,-19.859785,82000,1156.6
83,1000,91.0541,12,0.24,,1,0,5,2.1213,0,1229,0.5268,812.6,214,0,0.03015,0.902232,-19.758747,83000,1172.9
84,1000,59.8099,11,0.22,,1,0,5,1.9203,0,1751,0.7037,952.0,872,0,0.0303,1.205814,-17.92284,84000,1189.6
85,1000,145.3015,18,0.36,,0,4,5,0.5,0,1139,0.6755,971.9,777,0,0.029819,0.969826,-18.342924,85000,1206.1
86,1000,100.428,14,0.28,,0,1,5,1.6583,0,2016,0.4778,841.5,759,0,0.029359,0.830909,-19.312109,86000,1222.6
87,1000,120.7369,16,0.32,,0,1,5,1.7321,0,1485,0.5952,991.9,913,0,0.028938,0.850654,-18.576405,87000,1239.5
88,1000,128.7947,16,0.32,,0,1,5,1.7321,0,1004,0.6567,910.7,506,0,0.028519,1.034547,-17.706501,88000,1256.1
89,1000,106.4612,14,0.28,,1,0,5,2.0616,0,1625,0.7085,964.4,855,0,0.02778,0.89179,-18.826637,89000,1272.7
90,1000,145.9451,17,0.34,,0,2,5,1.299,0,747,0.711,872.6,289,0,0.027902,1.177263,-18.889093,90000,1288.8
91,1000,66.4765,12,0.24,,0,1,5,1.5811,0,2342,0.7153,894.6,404,0,0.027601,1.103842,-18.313187,91000,1305.3
92,1000,79.5617,13,0.26,,0,1,5,1.479,0,2410,0.686,770.3,695,0,0.027555,1.060397,-18.427223,92000,1321.5
93,1000,89.686,13,0.26,,1,0,5,1.9203,0,1627,0.7117,1025.7,917,0,0.02707,1.216702,-18.969755,93000,1338.2
94,1000,108.2665,15,0.3,,0,1,5,1.6394,0,1387,0.6552,654.6,349,0,0.026789,1.530961,-18.431009,94000,1354.8
95,1000,125.4686,16,0.32,,0,1,5,1.7321,0,1211,0.6655,864.2,751,0,0.026715,0.972709,-16.912479,95000,1371.4
96,1000,92.8627,13,0.26,,1,0,5,2.0463,0,1761,0.7045,969.0,576,0,0.026007,1.099663,-18.111191,96000,1387.8
97,1000,98.4843,13,0.26,,0,1,5,1.479,0,1549,0.5185,787.9,888,0,0.026023,1.158939,-18.957439,97000,1404.5
98,1000,34.1707,7,0.14,,1,0,3,1.299,0,1623,0.7065,967.2,522,0,0.025492,0.57574,-18.63382,98000,1420.8
99,1000,124.8884,13,0.26,,1,0,5,2.0463,1,2072,0.4595,757.7,828,0,0.025755,1.11958,-18.07012,99000,1437.7
100,1000,113.318,15,0.3,,0,2,5,1.299,0,916,0.703,777.7,705,0,0.025599,0.548581,-19.256304,100000,1453.8
101,1000,57.8507,10,0.2,,1,0,5,1.8028,0,1891,0.48,842.6,318,0,0.025546,0.728194,-18.53068,101000,1487.9
102,1000,98.1624,14,0.28,,0,2,5,1.5,0,1632,0.623,975.8,835,0,0.024987,1.054684,-18.595959,102000,1504.6
103,1000,41.3422,7,0.14,,0,1,2,0.433,0,1621,0.4758,502.5,220,0,0.025037,0.5962,-19.564901,103000,1521.5
104,1000,115.0693,16,0.32,,0,1,5,1.7321,0,1999,0.708,877.3,403,0,0.024582,0.554539,-18.871469,104000,1538.1
105,1000,90.3538,13,0.26,,0,1,5,1.479,0,1688,0.7123,979.3,700,0,0.024104,0.693623,-18.006025,105000,1554.8
106,1000,127.0908,16,0.32,,0,3,5,1.0,0,1303,0.628,976.1,843,0,0.023826,0.653226,-17.671349,106000,1571.2
107,1000,90.8594,14,0.28,,1,0,5,2.0616,0,1795,0.7117,993.4,976,0,0.023519,0.963214,-18.913609,107000,1587.9
108,1000,104.1495,15,0.3,,0,2,5,1.299,0,1934,0.7093,957.1,476,0,0.023406,0.879058,-17.724705,108000,1604.8
109,1000,84.6783,14,0.28,,0,1,5,1.5,0,2228,0.5948,699.0,576,0,0.02306,0.919588,-17.492481,109000,1621.6
110,1000,54.8564,11,0.22,,0,2,5,1.299,0,2872,0.712,836.5,118,0,0.023014,0.704189,-19.749828,110000,1638.1
111,1000,90.7719,13,0.26,,0,1,5,1.7854,0,1658,0.7137,790.1,674,0,0.023083,0.355883,-17.076477,111000,1654.8
112,1000,118.7691,15,0.3,,1,0,5,2.1651,0,1457,0.7105,806.6,980,0,0.022486,0.851463,-18.501013,112000,1671.1
113,1000,78.5717,11,0.22,,0,1,5,1.479,0,1503,0.714,967.2,236,0,0.022459,0.509585,-17.900026,113000,1687.7
114,1000,105.8445,15,0.3,,0,1,5,1.6394,0,2137,0.7123,889.5,627,0,0.022211,0.767141,-18.843328,114000,1704.2
115,1000,111.2021,14,0.28,,0,1,5,1.6583,0,899,0.5335,570.2,500,0,0.021854,1.163369,-18.853445,115000,1720.9
116,1000,134.113,17,0.34,,0,3,5,0.8292,0,2000,0.7065,828.5,751,0,0.021791,1.240299,-18.43119,116000,1737.7
117,1000,75.4967,12,0.24,,0,1,5,1.4142,0,2193,0.681,786.3,240,0,0.02153,1.496003,-18.991306,117000,1754.2
118,1000,110.9555,14,0.28,,0,1,5,1.6583,0,1010,0.7185,975.6,659,0,0.021508,0.501476,-18.975481,118000,1770.9
119,1000,62.3339,10,0.2,,0,2,3,0.5,0,2450,0.7173,637.1,183,0,0.022002,1.41592,-18.843592,119000,1787.6
120,1000,76.1204,12,0.24,,1,0,5,2.1213,0,1401,0.7225,959.8,949,0,0.022125,0.55415,-18.026167,120000,1804.0
121,1000,84.7126,13,0.26,,0,2,4,0.8292,0,1883,0.7053,963.8,522,0,0.021976,1.017313,-17.91493,121000,1820.9
122,1000,46.3219,9,0.18,,1,0,5,1.9203,0,2452,0.7015,708.0,235,0,0.021422,0.912347,-18.604628,122000,1837.3
123,1000,20.7054,7,0.14,,1,0,3,1.299,0,2135,0.7225,951.6,408,0,0.021505,1.039263,-18.057625,123000,1854.2
124,1000,109.3506,15,0.3,,0,2,5,1.299,0,1219,0.5052,879.5,355,0,0.021449,1.561595,-18.483196,124000,1870.2
125,1000,88.1525,13,0.26,,1,0,5,1.9203,0,1872,0.7117,932.6,869,0,0.021053,1.070043,-18.232452,125000,1887.4
126,1000,84.7642,12,0.24,,0,1,4,1.2247,0,1786,0.7173,860.6,894,0,0.02085,0.795953,-18.20433,126000,1905.2
127,1000,31.9454,8,0.16,,0,1,4,1.2247,0,2709,0.7218,730.9,931,0,0.020595,0.769086,-18.433252,127000,1922.7
128,1000,104.6536,15,0.3,,0,2,5,1.299,0,1652,0.703,779.9,211,0,0.020547,0.287994,-17.779411,128000,1939.4
129,1000,105.5239,14,0.28,,0,1,5,1.6583,0,1343,0.703,924.7,335,0,0.020699,0.938393,-18.32229,129000,1956.0
130,1000,97.2627,13,0.26,,1,0,5,2.0463,0,1019,0.6927,945.5,286,0,0.020876,0.240867,-18.280092,130000,1972.3
131,1000,123.828,16,0.32,,0,2,5,1.2247,0,2054,0.66,631.1,339,0,0.02116,0.687279,-18.313896,131000,1989.0
132,1000,111.9082,15,0.3,,0,1,5,1.6394,0,1234,0.7125,997.3,447,0,0.021179,0.511986,-17.864952,132000,2005.5
133,1000,137.2265,16,0.32,,0,1,5,1.7321,0,813,0.7188,905.0,762,0,0.020818,0.243843,-17.756733,133000,2021.9
134,1000,128.1362,16,0.32,,0,3,5,1.0,0,1067,0.7103,954.6,968,0,0.01988,0.952817,-17.920595,134000,2038.4
135,1000,104.2882,14,0.28,,0,2,5,1.118,0,1682,0.6482,783.1,488,0,0.019485,0.916278,-18.175249,135000,2054.9
136,1000,90.2072,13,0.26,,0,1,5,1.479,0,1509,0.7205,857.5,551,0,0.019637,0.580118,-16.638233,136000,2071.3
137,1000,158.3311,19,0.38,,0,4,5,0.433,0,1509,0.6625,736.8,731,0,0.01985,0.269715,-16.928059,137000,2087.6
138,1000,116.1032,15,0.3,,1,0,5,2.1651,0,763,0.6903,857.7,471,0,0.019471,0.821876,-16.565983,138000,2104.4
139,1000,117.8624,16,0.32,,0,1,5,1.7321,0,1907,0.7125,920.5,368,0,0.019632,0.788117,-17.519091,139000,2121.0
140,1000,145.6459,17,0.34,,0,2,5,1.299,0,918,0.7085,950.6,253,0,0.019409,0.403753,-16.491629,140000,2137.7
141,1000,78.1962,12,0.24,,1,0,5,1.8708,0,1841,0.695,852.1,840,0,0.01933,0.681807,-16.737474,141000,2154.4
142,1000,176.3179,17,0.34,,0,2,5,1.299,1,751,0.6805,813.7,341,0,0.0188,0.520148,-16.772285,142000,2170.9
143,1000,97.4535,14,0.28,,0,2,5,1.118,0,1619,0.7085,898.3,384,0,0.01887,0.899156,-15.36147,143000,2187.3
144,1000,157.2891,18,0.36,,0,3,5,0.866,0,623,0.7077,884.1,589,0,0.018745,0.702801,-17.089195,144000,2203.9
145,1000,144.8359,17,0.34,,0,3,5,0.8292,0,1239,0.586,888.7,765,0,0.018777,0.388591,-16.21995,145000,2220.1
146,1000,111.0543,14,0.28,,0,2,5,1.5,0,1235,0.6977,697.4,450,0,0.018916,1.128402,-16.448589,146000,2236.4
147,1000,115.1364,15,0.3,,0,3,5,0.8292,0,1248,0.6895,696.5,589,0,0.018944,0.559557,-16.367447,147000,2253.1
148,1000,137.0731,17,0.34,,0,2,5,1.299,0,1577,0.6803,777.2,326,0,0.019043,0.278964,-15.054278,148000,2269.7
149,1000,167.8177,19,0.38,,0,4,5,0.433,0,1221,0.3935,644.6,992,0,0.019272,0.842911,-15.260004,149000,2286.3
150,1000,152.3338,18,0.36,,0,4,5,0.5,0,832,0.6975,771.8,971,0,0.018962,0.281733,-13.749893,150000,2302.5
151,1000,131.0848,17,0.34,,0,2,5,1.299,0,1580,0.702,893.5,841,0,0.018427,0.238026,-13.429596,151000,2336.1
152,1000,137.8637,17,0.34,,0,3,5,0.8292,0,1019,0.6633,740.9,736,0,0.018325,0.706455,-12.672876,152000,2352.5
153,1000,83.0294,12,0.24,,0,2,5,1.2247,0,1586,0.6018,886.1,659,0,0.018257,0.500543,-13.682454,153000,2368.9
154,1000,130.1432,16,0.32,,0,2,5,1.2247,0,1144,0.7123,975.0,743,0,0.018411,0.671622,-12.880751,154000,2385.0
155,1000,180.4797,17,0.34,,0,3,5,0.8292,1,924,0.5675,745.7,781,0,0.018569,0.355726,-13.168789,155000,2401.4
156,1000,131.1856,17,0.34,,0,3,5,0.8292,0,1206,0.6795,1052.8,722,0,0.018313,0.524426,-13.790304,156000,2417.9
157,1000,119.0852,15,0.3,,0,1,5,1.6394,0,1271,0.7065,994.7,678,0,0.018516,0.508466,-13.505258,157000,2434.6
158,1000,127.9545,16,0.32,,0,3,5,0.7071,0,1192,0.5775,801.9,794,0,0.018716,0.763495,-14.143412,158000,2451.0
159,1000,118.3633,12,0.24,,0,1,5,1.5811,1,636,0.613,657.0,869,0,0.018714,0.357643,-13.153198,159000,2467.4
160,1000,108.6209,15,0.3,,0,2,5,1.299,0,783,0.6515,817.5,716,0,0.018144,0.562692,-13.478147,160000,2483.7
161,1000,89.2961,11,0.22,,1,0,5,1.9203,0,482,0.705,685.3,707,0,0.017979,0.749901,-13.61569,161000,2499.7
162,1000,146.6498,17,0.34,,0,2,5,1.299,0,833,0.711,892.2,631,0,0.017598,0.540214,-13.013245,162000,2515.7
163,1000,149.5053,17,0.34,,0,2,5,1.299,0,461,0.421,602.4,741,0,0.017692,0.71204,-12.847284,163000,2531.8
164,1000,160.4578,19,0.38,,0,4,5,0.433,0,888,0.699,858.8,990,0,0.017372,0.517537,-11.639523,164000,2548.0
165,1000,96.2816,12,0.24,,0,1,5,1.4142,0,1630,0.5282,645.1,476,0,0.017595,1.130995,-11.007082,165000,2564.1
166,1000,139.4761,18,0.36,,0,3,5,0.866,0,577,0.7185,956.5,432,0,0.017421,0.268172,-11.966035,166000,2580.2
167,1000,109.0839,15,0.3,,0,2,5,1.299,0,1688,0.72,802.6,509,0,0.017877,0.513045,-12.026388,167000,2596.5
168,1000,47.576,9,0.18,,1,0,4,1.479,0,1845,0.4878,587.0,456,0,0.017437,0.510707,-11.036516,168000,2612.9
169,1000,151.8414,18,0.36,,0,3,5,0.866,0,738,0.702,874.3,787,0,0.017186,0.523659,-10.818436,169000,2628.8
170,1000,114.3544,15,0.3,,0,2,5,1.299,0,1434,0.7192,741.3,682,0,0.017127,0.346276,-12.278122,170000,2645.1
171,1000,140.2108,16,0.32,,0,3,5,1.0,0,701,0.5958,798.7,619,0,0.017039,0.600116,-11.093107,171000,2661.3
172,1000,127.9382,15,0.3,,0,3,5,0.8292,0,913,0.7005,901.8,674,0,0.016908,0.662946,-11.589502,172000,2678.3
173,1000,141.8107,16,0.32,,0,2,5,1.2247,0,1078,0.6445,754.8,988,0,0.016442,0.889785,-11.258553,173000,2695.1
174,1000,129.5217,16,0.32,,0,2,5,1.2247,0,585,0.6827,841.8,458,0,0.016533,0.564075,-11.338011,174000,2711.7
175,1000,121.0577,16,0.32,,0,2,5,1.2247,0,1350,0.7147,820.1,901,0,0.016363,0.653062,-10.424881,175000,2728.3
176,1000,110.8051,14,0.28,,0,1,5,1.6583,0,1001,0.6472,746.5,836,0,0.016512,1.057618,-10.556197,176000,2744.5
177,1000,129.3672,16,0.32,,0,3,5,0.7071,0,1220,0.7107,692.1,802,0,0.016186,0.351454,-10.393047,177000,2760.3
178,1000,131.417,16,0.32,,0,3,5,0.7071,0,1158,0.6785,858.8,500,0,0.016345,0.987622,-11.406706,178000,2775.8
179,1000,62.5127,10,0.2,,0,1,5,1.5,0,1667,0.4918,607.3,428,0,0.016154,0.535175,-11.525492,179000,2791.6
180,1000,173.0877,19,0.38,,0,4,5,0.433,0,685,0.7117,854.7,920,0,0.015979,0.959126,-10.645703,180000,2807.8
181,1000,160.8822,18,0.36,,0,3,5,0.866,0,531,0.6877,734.5,762,0,0.016042,0.5165,-10.674067,181000,2824.5
182,1000,67.9914,11,0.22,,1,0,5,1.7854,0,1979,0.714,726.1,974,0,0.015823,0.58617,-10.806694,182000,2842.0
183,1000,111.3258,14,0.28,,0,2,5,1.118,0,888,0.601,700.1,856,0,0.015452,0.553197,-10.012747,183000,2858.4
184,1000,115.3969,14,0.28,,0,2,5,1.5,0,1304,0.575,706.9,733,0,0.015573,0.83303,-11.292971,184000,2874.6
185,1000,112.9122,14,0.28,,0,1,5,1.6583,0,1568,0.653,684.2,776,0,0.01551,0.287278,-10.275751,185000,2890.8
186,1000,176.1855,19,0.38,,0,4,5,0.433,0,520,0.6875,649.9,651,0,0.01537,0.307922,-9.997453,186000,2906.7
187,1000,149.67,18,0.36,,0,3,5,0.866,0,682,0.7103,796.7,853,0,0.015746,0.648591,-8.266132,187000,2923.1
188,1000,124.6576,15,0.3,,0,1,5,1.6394,0,522,0.6518,778.6,849,0,0.015639,0.567758,-10.116404,188000,2939.1
189,1000,131.4192,16,0.32,,0,3,5,0.7071,0,598,0.6402,826.2,432,0,0.015385,0.770733,-10.777647,189000,2955.6
190,1000,151.3364,18,0.36,,0,3,5,0.866,0,850,0.639,642.0,870,0,0.015132,0.393349,-9.491678,190000,2972.4
191,1000,151.7215,18,0.36,,0,4,5,0.5,0,1091,0.4785,730.7,671,0,0.015171,0.571065,-9.201601,191000,2988.7
192,1000,137.861,17,0.34,,0,2,5,1.299,0,612,0.7125,772.3,506,0,0.014739,0.690814,-9.599728,192000,3005.3
193,1000,135.2133,16,0.32,,0,3,5,1.0,0,861,0.572,754.4,723,0,0.014722,0.453175,-9.313293,193000,3022.0
194,1000,123.8565,15,0.3,,0,2,5,1.0897,0,1061,0.479,565.5,921,0,0.014532,0.775678,-10.025702,194000,3038.1
195,1000,182.597,20,0.4,,0,5,5,0.0,0,1012,0.6048,894.3,771,0,0.014539,0.553032,-8.558317,195000,3054.7
196,1000,92.0798,13,0.26,,0,2,5,1.0897,0,1891,0.6833,642.7,432,0,0.014383,0.675359,-10.347914,196000,3071.1
197,1000,175.2764,17,0.34,,0,3,5,0.8292,1,958,0.702,669.0,815,0,0.01437,0.291654,-8.238884,197000,3088.5
198,1000,119.156,15,0.3,,0,2,5,1.0897,0,1229,0.6515,608.4,593,0,0.014144,0.777447,-8.512378,198000,3105.0
199,1000,103.0319,13,0.26,,0,1,4,1.299,0,1301,0.692,686.4,977,0,0.013695,1.411248,-9.103262,199000,3121.7
200,1000,130.0579,15,0.3,,0,2,5,1.0897,0,847,0.4088,554.5,393,0,0.01377,0.26146,-9.686449,200000,3137.3
201,1000,131.3036,16,0.32,,0,3,5,0.7071,0,1122,0.6655,781.2,717,0,0.013936,0.453061,-8.097783,201000,3171.6
202,1000,86.6123,11,0.22,,0,1,4,1.0897,0,800,0.4908,570.2,919,0,0.013963,1.004415,-9.5329,202000,3187.7
203,1000,184.6814,17,0.34,,0,2,5,1.299,1,448,0.4745,673.4,794,0,0.01392,0.516563,-7.153881,203000,3204.0
204,1000,155.5814,17,0.34,,0,3,5,0.8292,0,359,0.67,656.5,615,0,0.014038,0.362091,-8.065807,204000,3220.5
205,1000,141.5323,17,0.34,,0,3,5,0.8292,0,778,0.5657,621.4,825,0,0.013641,0.191535,-6.790989,205000,3236.4
206,1000,132.9445,16,0.32,,0,3,5,1.0,0,1190,0.7202,805.3,838,0,0.013929,0.417624,-7.787461,206000,3253.3
207,1000,163.0004,17,0.34,,0,3,5,0.8292,1,1178,0.5988,721.5,503,0,0.013863,0.350037,-8.420101,207000,3269.7
208,1000,152.0872,17,0.34,,0,3,5,0.8292,0,599,0.5675,702.6,903,0,0.013748,0.385249,-6.108338,208000,3286.3
209,1000,146.2973,17,0.34,,0,3,5,0.8292,0,673,0.646,751.6,780,0,0.013842,0.804998,-7.14886,209000,3302.6
210,1000,112.079,14,0.28,,0,1,5,1.6583,0,990,0.5102,548.6,277,0,0.014162,0.447162,-8.246496,210000,3319.4
211,1000,139.9237,16,0.32,,0,2,5,1.2247,0,572,0.6587,708.2,753,0,0.01409,0.35457,-8.280909,211000,3335.5
212,1000,186.175,17,0.34,,0,2,6,1.479,1,615,0.4305,646.7,999,0,0.014455,0.724624,-7.284523,212000,3352.1
213,1000,119.8261,15,0.3,,0,2,5,1.299,0,906,0.5737,649.7,967,0,0.014399,0.500758,-7.024734,213000,3368.5
214,1000,172.768,19,0.38,,0,4,5,0.433,0,800,0.6128,838.0,872,0,0.014361,0.786124,-6.200743,214000,3385.1
215,1000,165.9021,17,0.34,,0,3,5,0.8292,0,228,0.5643,839.4,609,0,0.014297,0.393919,-5.95421,215000,3401.3
216,1000,132.627,16,0.32,,0,3,5,0.7071,0,974,0.6917,929.0,728,0,0.014347,0.695221,-6.542903,216000,3418.5
217,1000,114.9012,14,0.28,,0,3,5,0.866,0,279,0.2928,613.1,953,0,0.014229,0.432114,-5.814749,217000,3434.6
218,1000,152.746,17,0.34,,0,2,5,1.299,0,530,0.5693,712.2,293,0,0.013591,0.559296,-5.746613,218000,3451.0
219,1000,119.7085,14,0.28,,0,2,5,1.5,0,521,0.5105,558.3,390,0,0.013687,0.544072,-5.415693,219000,3467.6
220,1000,151.0689,17,0.34,,0,3,5,0.8292,0,443,0.627,846.5,970,0,0.013683,0.942147,-5.736042,220000,3483.9
221,1000,117.1171,14,0.28,,0,1,5,1.6583,0,673,0.7107,755.9,357,0,0.013978,0.261224,-5.567924,221000,3500.1
222,1000,178.0721,17,0.34,,0,3,5,0.8292,1,703,0.5962,614.2,846,0,0.014069,0.478092,-5.640163,222000,3516.5
223,1000,113.1468,14,0.28,,0,1,5,1.5,0,1258,0.6947,702.8,656,0,0.014167,1.163908,-5.659341,223000,3533.4
224,1000,163.7177,19,0.38,,0,4,5,0.433,0,756,0.5138,735.7,844,0,0.014328,0.577835,-5.569395,224000,3550.7
225,1000,108.3158,14,0.28,,0,3,5,0.866,0,1024,0.7175,680.5,823,0,0.014227,0.757365,-5.656508,225000,3567.3
226,1000,121.5501,15,0.3,,0,3,5,0.8292,0,742,0.6078,671.5,989,0,0.01393,0.437882,-5.36167,226000,3584.0
227,1000,105.3735,13,0.26,,0,1,5,1.479,0,681,0.6957,635.8,627,0,0.014067,0.243802,-5.276926,227000,3601.1
228,1000,91.9689,13,0.26,,1,0,5,2.0463,0,1800,0.689,773.4,502,0,0.014146,0.550698,-6.025366,228000,3616.9
229,1000,141.0173,16,0.32,,0,2,5,1.2247,0,238,0.562,588.1,397,0,0.014503,0.828373,-5.060777,229000,3633.1
230,1000,75.0929,11,0.22,,0,1,4,1.0897,0,1123,0.4253,566.3,997,0,0.014538,0.547446,-5.639914,230000,3649.4
231,1000,145.5027,16,0.32,,0,3,5,1.0,0,307,0.6727,665.4,770,0,0.014708,0.495173,-6.055424,231000,3665.5
232,1000,86.1077,11,0.22,,0,1,4,1.0897,0,653,0.4935,576.8,741,0,0.014648,0.881142,-6.08007,232000,3681.8
233,1000,120.7994,14,0.28,,0,1,5,1.6583,0,321,0.5205,606.8,456,0,0.014582,0.689367,-4.772287,233000,3698.4
234,1000,161.1031,15,0.3,,0,2,5,1.299,1,312,0.5162,773.9,401,0,0.014777,0.721341,-5.569242,234000,3714.8
235,1000,105.6133,13,0.26,,0,1,5,1.7854,0,800,0.6645,729.7,313,0,0.014615,0.630645,-5.624805,235000,3731.1
236,1000,153.5548,17,0.34,,0,2,5,1.299,0,644,0.6492,650.3,697,0,0.01492,0.585585,-6.800137,236000,3747.5
237,1000,173.5901,16,0.32,,0,2,6,1.5811,1,747,0.5867,790.9,971,0,0.014946,0.366736,-5.406591,237000,3763.9
238,1000,138.3553,17,0.34,,0,2,5,1.299,0,967,0.7013,807.5,822,0,0.014621,0.811443,-5.294254,238000,3780.4
239,1000,125.8466,16,0.32,,0,2,5,1.2247,0,1023,0.71,693.9,798,0,0.014461,0.925954,-6.14487,239000,3797.1
240,1000,198.518,18,0.36,,0,2,7,1.8028,1,532,0.4017,602.1,996,0,0.014386,1.027769,-5.437891,240000,3813.3
241,1000,160.5615,18,0.36,,0,3,5,0.866,0,429,0.649,646.7,432,0,0.014185,0.529278,-5.99813,241000,3829.5
242,1000,144.2606,17,0.34,,0,4,5,0.433,0,511,0.5785,573.7,570,0,0.013953,0.220242,-6.500387,242000,3845.7
243,1000,78.3522,13,0.26,,1,0,5,2.0463,0,1486,0.6975,762.6,360,0,0.014111,0.761588,-4.81319,243000,3862.3
244,1000,139.0497,16,0.32,,0,3,5,0.7071,0,323,0.5968,659.7,703,0,0.014299,0.375075,-6.001559,244000,3879.0
245,1000,119.7877,13,0.26,,0,2,6,1.6394,1,1826,0.6322,702.3,975,0,0.014257,0.348247,-5.015731,245000,3895.8
246,1000,122.2058,14,0.28,,0,2,5,1.118,0,502,0.569,592.9,443,0,0.014589,1.355719,-5.595741,246000,3912.1
247,1000,157.5366,17,0.34,,0,2,5,1.299,0,1055,0.6655,772.4,499,0,0.014465,0.547296,-6.619731,247000,3928.7
248,1000,114.6359,14,0.28,,0,2,5,1.118,0,620,0.6405,744.1,225,0,0.014266,0.380134,-5.218241,248000,3945.0
249,1000,131.3196,15,0.3,,0,2,5,1.299,0,463,0.521,580.2,838,0,0.014523,0.422167,-6.221922,249000,3961.0
250,1000,168.6941,15,0.3,,0,1,5,1.6394,1,576,0.5955,587.7,588,0,0.0144,0.739036,-5.041775,250000,3975.9
251,1000,139.8751,17,0.34,,0,2,5,1.299,0,1088,0.7188,877.4,621,0,0.013995,0.493811,-6.467508,251000,4010.7
252,1000,110.4178,15,0.3,,0,2,5,1.299,0,1400,0.5343,624.1,468,0,0.014162,0.457191,-6.359059,252000,4026.9
253,1000,129.2996,15,0.3,,1,0,5,2.1651,0,528,0.7123,721.8,913,0,0.014437,0.595368,-6.288369,253000,4043.4
254,1000,148.0135,17,0.34,,0,2,5,1.299,0,376,0.4248,678.9,853,0,0.014114,0.51259,-5.672526,254000,4059.8
255,1000,135.9258,16,0.32,,0,1,5,1.7321,0,1013,0.439,598.7,953,0,0.013915,0.968084,-5.36314,255000,4076.0
256,1000,107.1679,15,0.3,,0,1,5,1.6394,0,641,0.6847,605.0,648,0,0.014121,0.867096,-6.817301,256000,4092.8
257,1000,181.0375,17,0.34,,0,1,6,1.9203,1,561,0.5523,623.3,881,0,0.014016,0.378854,-5.304075,257000,4109.3
258,1000,125.8398,16,0.32,,0,2,5,1.2247,0,394,0.6162,615.7,340,0,0.013935,1.112067,-6.684727,258000,4125.8
259,1000,106.7331,14,0.28,,0,1,5,1.5,0,1245,0.557,633.5,761,0,0.013579,0.62892,-4.185976,259000,4142.4
260,1000,131.6426,16,0.32,,0,1,5,1.7321,0,1059,0.5443,667.3,875,0,0.013817,0.535141,-5.417826,260000,4158.7
261,1000,173.5989,16,0.32,,0,2,5,1.2247,1,613,0.6285,585.1,796,0,0.014021,0.590762,-5.733374,261000,4175.4
262,1000,147.9432,16,0.32,,0,1,5,1.7321,0,544,0.4447,789.7,759,0,0.013802,0.57459,-5.155862,262000,4192.1
263,1000,131.926,15,0.3,,0,1,5,1.6394,0,605,0.5443,772.6,595,0,0.013927,0.307459,-5.041478,263000,4208.9
264,1000,136.3844,15,0.3,,1,0,5,2.1651,0,272,0.453,712.3,699,0,0.013647,0.300193,-4.509583,264000,4225.3
265,1000,149.1343,16,0.32,,0,1,5,1.7321,0,207,0.6995,791.4,978,0,0.013694,0.226394,-4.549865,265000,4241.5
266,1000,115.6936,14,0.28,,1,0,5,2.0616,0,842,0.497,617.1,790,0,0.013648,0.467172,-5.970655,266000,4258.2
267,1000,180.4524,16,0.32,,0,1,5,1.7321,1,644,0.6605,743.1,869,0,0.013716,0.232654,-4.50237,267000,4274.4
268,1000,162.5923,15,0.3,,0,1,5,1.6394,1,1055,0.3463,572.8,884,0,0.013782,0.336096,-5.30827,268000,4290.8
269,1000,103.1469,14,0.28,,0,1,5,1.6583,0,1567,0.715,874.7,444,0,0.013668,0.811244,-6.060894,269000,4307.3
270,1000,97.4889,14,0.28,,1,0,5,2.0616,0,1576,0.711,961.9,247,0,0.013304,0.233557,-5.054901,270000,4323.9
271,1000,181.6746,16,0.32,,0,1,5,1.7321,1,408,0.633,815.2,775,0,0.013293,0.569045,-5.439113,271000,4340.0
272,1000,140.8686,16,0.32,,0,2,5,1.2247,0,586,0.6502,862.3,453,0,0.013304,0.504883,-4.499419,272000,4356.7
273,1000,111.491,15,0.3,,0,2,5,1.0897,0,1546,0.6302,687.5,772,0,0.01314,0.494199,-4.82161,273000,4373.4
274,1000,138.3146,16,0.32,,0,1,5,1.7321,0,555,0.543,711.7,289,0,0.013545,0.476408,-6.539951,274000,4389.8
275,1000,94.6353,14,0.28,,1,0,5,2.0616,0,1646,0.692,845.1,535,0,0.013354,0.696023,-4.778636,275000,4406.7
276,1000,93.0291,13,0.26,,0,1,5,1.479,0,1154,0.6707,815.7,990,0,0.013171,0.557259,-5.93201,276000,4423.3
277,1000,178.3362,17,0.34,,0,2,5,1.299,1,1098,0.5887,649.0,559,0,0.013044,0.435068,-5.35099,277000,4439.7
278,1000,117.1087,14,0.28,,0,1,5,1.5,0,688,0.4923,779.3,840,0,0.01318,0.739542,-5.111449,278000,4455.8
279,1000,107.9901,13,0.26,,0,1,5,1.479,0,601,0.502,610.1,391,0,0.013056,0.372203,-5.037991,279000,4471.9
280,1000,170.4128,16,0.32,,0,1,5,1.7321,1,342,0.4632,688.2,781,0,0.013229,0.386532,-4.165676,280000,4488.2
281,1000,124.1234,14,0.28,,1,0,5,2.0616,0,561,0.6188,714.3,747,0,0.013036,0.336378,-5.752538,281000,4504.3
282,1000,129.6955,15,0.3,,0,1,5,1.6394,0,737,0.5298,672.3,868,0,0.013014,0.259011,-6.156111,282000,4520.2
283,1000,137.0219,16,0.32,,0,1,5,1.7321,0,655,0.533,732.0,669,0,0.013061,0.52549,-5.703412,283000,4536.5
284,1000,127.717,15,0.3,,1,0,5,2.1651,0,871,0.601,642.9,631,0,0.013041,0.369272,-5.293817,284000,4553.1
285,1000,132.8663,15,0.3,,0,1,5,1.6394,0,571,0.5867,706.9,421,0,0.012942,0.459369,-5.223793,285000,4569.4
286,1000,57.3242,11,0.22,,0,1,5,1.7854,0,1961,0.5453,606.8,149,0,0.013066,0.546955,-5.149649,286000,4586.2
287,1000,145.3845,17,0.34,,0,3,5,0.8292,0,550,0.716,748.7,863,0,0.013137,0.358054,-4.435579,287000,4602.7
288,1000,128.5768,16,0.32,,0,1,5,1.7321,0,876,0.6745,881.9,520,0,0.013142,0.539255,-6.253873,288000,4619.1
289,1000,132.123,15,0.3,,1,0,5,2.1651,0,1147,0.4585,692.5,870,0,0.013083,0.568682,-6.199494,289000,4635.7
290,1000,140.5215,14,0.28,,0,2,5,1.118,1,337,0.6255,550.9,218,0,0.01266,0.331754,-5.133797,290000,4652.2
291,1000,86.4908,12,0.24,,1,0,5,1.8708,0,1610,0.7077,690.4,891,0,0.012692,0.66773,-5.780589,291000,4669.2
292,1000,132.7034,15,0.3,,1,0,5,2.1651,0,667,0.613,694.8,479,0,0.01265,0.256854,-4.9204,292000,4685.4
293,1000,121.8725,15,0.3,,0,1,5,1.6394,0,909,0.5343,719.3,726,0,0.012655,0.43421,-5.686569,293000,4702.2
294,1000,215.6899,20,0.4,,0,3,8,1.8708,1,568,0.4153,604.6,911,0,0.012415,0.548947,-4.943994,294000,4718.6
295,1000,95.5144,13,0.26,,1,0,5,2.0463,0,861,0.5427,655.7,161,0,0.012341,0.447764,-5.577079,295000,4734.9
296,1000,104.246,13,0.26,,1,0,5,2.0463,0,709,0.4188,520.9,324,0,0.012323,0.26026,-4.78884,296000,4751.7
297,1000,243.0386,22,0.44,,0,3,9,2.1794,1,479,0.6683,818.9,967,0,0.012291,0.296043,-5.40845,297000,4768.1
298,1000,166.2869,15,0.3,,0,1,5,1.6394,1,963,0.5235,645.2,609,0,0.012467,1.341685,-5.049198,298000,4784.5
299,1000,88.7317,12,0.24,,0,1,5,1.5811,0,1466,0.4582,582.3,731,0,0.01216,0.614705,-5.16097,299000,4800.7
300,1000,112.4616,14,0.28,,1,0,5,2.0616,0,915,0.4622,783.0,725,0,0.01224,0.751962,-5.576004,300000,4816.4
301,1000,122.5449,14,0.28,,1,0,5,2.0616,0,688,0.4073,622.5,335,0,0.012181,0.348347,-5.076855,301000,4851.2
302,1000,127.7296,16,0.32,,0,1,5,1.7321,0,1567,0.7097,787.2,335,0,0.012077,0.330816,-4.696683,302000,4869.5
303,1000,155.9625,18,0.36,,0,3,5,0.866,0,339,0.5072,636.7,433,0,0.012225,0.752477,-5.327996,303000,4887.0
304,1000,126.1366,14,0.28,,1,0,5,2.0616,0,797,0.5515,613.5,647,0,0.012119,0.90141,-5.385427,304000,4904.1
305,1000,140.0798,16,0.32,,0,1,5,1.7321,0,876,0.527,753.2,885,0,0.011903,0.201527,-3.905315,305000,4920.2
306,1000,184.6476,18,0.36,,0,2,6,1.5,1,927,0.639,743.0,974,0,0.011834,0.840566,-5.056397,306000,4937.4
307,1000,108.7214,13,0.26,,0,1,5,1.7854,0,797,0.4657,667.3,123,0,0.011768,0.321017,-6.474726,307000,4953.8
308,1000,119.7199,15,0.3,,1,0,5,2.1651,0,832,0.4093,758.9,597,0,0.011812,0.320229,-4.717289,308000,4970.1
309,1000,139.827,16,0.32,,0,1,5,1.7321,0,873,0.6485,778.7,909,0,0.011831,0.249085,-5.335739,309000,4986.1
310,1000,154.7997,17,0.34,,0,2,5,1.299,0,254,0.4123,772.6,445,0,0.011903,0.549093,-5.279552,310000,5002.8
311,1000,142.0563,16,0.32,,0,1,5,1.7321,0,52,0.3435,557.7,636,0,0.011579,0.451387,-5.224676,311000,5020.0
312,1000,232.7217,18,0.36,,0,3,5,0.866,2,130,0.3443,577.2,596,0,0.011665,0.380165,-4.419174,312000,5036.6
313,1000,137.513,15,0.3,,0,1,5,1.6394,0,623,0.5068,665.3,495,0,0.011782,0.699289,-5.657094,313000,5053.1
314,1000,148.7416,17,0.34,,0,2,5,1.299,0,969,0.5357,677.2,711,0,0.012068,0.629045,-4.963498,314000,5069.5
315,1000,90.2046,13,0.26,,0,1,5,1.479,0,1409,0.6405,777.7,924,0,0.012021,0.49027,-5.356291,315000,5085.5
316,1000,199.8027,18,0.36,,0,3,5,0.866,1,234,0.478,711.7,815,0,0.011928,0.642382,-4.150846,316000,5102.2
317,1000,224.3056,17,0.34,,0,1,6,1.9203,2,543,0.3748,694.6,645,0,0.011899,0.68714,-4.563136,317000,5118.7
318,1000,106.4701,14,0.28,,0,1,5,1.6583,0,1930,0.517,688.9,938,0,0.012168,0.370729,-4.831939,318000,5135.0
319,1000,249.6623,19,0.38,,0,1,7,2.2776,2,245,0.3635,697.6,897,0,0.012247,0.403568,-5.06015,319000,5151.3
320,1000,148.3291,17,0.34,,0,2,5,1.299,0,1001,0.6418,759.0,466,0,0.012048,0.426185,-5.245741,320000,5168.0
321,1000,125.9856,15,0.3,,0,1,5,1.6394,0,565,0.3857,640.3,706,0,0.01237,0.530891,-5.490788,321000,5184.1
322,1000,220.265,17,0.34,,1,0,6,2.4875,2,711,0.4437,746.4,766,0,0.012654,0.704748,-4.221106,322000,5200.5
323,1000,166.4451,15,0.3,,0,2,7,1.9203,1,619,0.5875,751.2,875,0,0.012127,0.326303,-4.828679,323000,5216.5
324,1000,175.7265,16,0.32,,0,1,6,1.8708,1,743,0.5272,736.8,895,0,0.01183,0.338852,-5.589556,324000,5233.1
325,1000,235.0903,19,0.38,,0,2,6,1.6394,2,1140,0.4622,710.5,804,0,0.011739,0.297598,-6.031571,325000,5249.1
326,1000,205.1504,19,0.38,,0,1,9,2.8614,1,593,0.4017,607.6,930,0,0.011526,0.785156,-5.257597,326000,5265.2
327,1000,170.1832,16,0.32,,0,1,5,1.7321,1,1063,0.4828,679.6,269,0,0.011733,0.500403,-5.254808,327000,5281.3
328,1000,175.8684,16,0.32,,0,2,5,1.2247,1,649,0.5785,730.7,789,0,0.011566,0.590589,-4.856771,328000,5297.7
329,1000,150.4094,16,0.32,,0,2,5,1.2247,0,350,0.6468,704.1,940,0,0.011551,1.375424,-5.978719,329000,5314.0
330,1000,189.06,17,0.34,,1,0,7,2.586,1,459,0.4512,716.3,970,0,0.011642,0.317276,-5.071888,330000,5330.3
331,1000,88.7226,12,0.24,,1,0,5,1.8708,0,1342,0.4735,628.5,747,0,0.011584,0.423625,-5.51945,331000,5346.7
332,1000,153.9739,17,0.34,,0,2,5,1.299,0,360,0.511,719.9,636,0,0.011386,0.608514,-4.43374,332000,5362.8
333,1000,133.5809,15,0.3,,1,0,5,2.1651,0,466,0.4377,648.9,592,0,0.011292,0.733719,-5.021546,333000,5378.7
334,1000,193.8714,19,0.38,,0,1,9,2.8614,1,678,0.5557,855.9,731,0,0.011265,0.361149,-5.433019,334000,5395.4
335,1000,129.3009,15,0.3,,0,2,5,1.299,0,687,0.5735,705.8,317,0,0.011608,0.286677,-5.653452,335000,5411.5
336,1000,206.8898,16,0.32,,0,1,5,1.7321,2,889,0.482,594.2,895,0,0.011379,0.561848,-4.749993,336000,5428.2
337,1000,176.894,16,0.32,,0,1,5,1.7321,1,619,0.4835,699.0,592,0,0.011241,1.027452,-6.293152,337000,5444.3
338,1000,132.4358,15,0.3,,0,1,5,1.6394,0,600,0.4703,728.1,457,0,0.011507,0.589222,-5.988316,338000,5460.6
339,1000,181.0899,17,0.34,,1,0,7,2.586,1,918,0.5028,750.8,934,0,0.011404,0.262933,-4.272298,339000,5477.1
340,1000,196.0003,18,0.36,,0,1,7,2.1794,1,709,0.5595,707.8,752,0,0.011461,0.494702,-6.13481,340000,5493.9
341,1000,140.2432,13,0.26,,1,0,5,1.9203,1,1179,0.4612,688.0,722,0,0.011318,1.022365,-4.638391,341000,5510.3
342,1000,120.9761,14,0.28,,1,0,5,2.0616,0,791,0.592,866.1,272,0,0.011249,0.533111,-5.631041,342000,5526.5
343,1000,135.815,15,0.3,,1,0,5,2.1651,0,312,0.5,698.2,961,0,0.011142,0.503315,-5.722386,343000,5542.7
344,1000,80.4686,13,0.26,,0,1,5,1.479,0,2072,0.6925,690.7,730,0,0.011117,0.265887,-4.955427,344000,5559.2
345,1000,161.2408,15,0.3,,0,1,5,1.6394,1,754,0.4567,668.0,436,0,0.011023,0.530155,-5.21166,345000,5575.4
346,1000,226.9593,15,0.3,,1,0,5,2.1651,3,376,0.2577,567.4,222,0,0.010912,0.61212,-4.935126,346000,5591.9
347,1000,153.1815,14,0.28,,1,0,5,2.0616,1,561,0.4143,582.0,414,0,0.011101,0.306929,-6.205794,347000,5608.6
348,1000,182.9544,16,0.32,,0,1,5,1.7321,1,237,0.4853,689.9,423,0,0.011066,1.006288,-4.825424,348000,5624.8
349,1000,230.7063,18,0.36,,0,2,6,1.5,2,776,0.4567,802.7,938,0,0.011162,0.745981,-5.478353,349000,5640.5
350,1000,188.3228,18,0.36,,0,3,5,0.866,1,1065,0.616,769.5,987,0,0.011235,0.297957,-5.76618,350000,5656.8
351,1000,173.0603,16,0.32,,0,1,6,1.8708,1,889,0.4052,802.8,619,0,0.011445,0.370614,-5.590916,351000,5691.6
352,1000,135.2766,16,0.32,,0,2,5,1.2247,0,1269,0.6555,801.2,969,0,0.011345,0.398908,-5.85645,352000,5707.4
353,1000,81.1658,12,0.24,,1,0,5,1.8708,0,1582,0.5952,868.1,548,0,0.011521,0.570339,-6.541848,353000,5723.8
354,1000,206.4288,17,0.34,,0,2,5,1.299,2,933,0.484,764.5,433,0,0.011607,0.313564,-5.916159,354000,5740.1
355,1000,60.4441,10,0.2,,1,0,5,1.8028,0,1525,0.5405,820.5,252,0,0.011838,0.675358,-6.535519,355000,5756.9
356,1000,243.2429,16,0.32,,0,1,5,1.7321,3,444,0.5753,940.2,628,0,0.011733,0.645512,-5.783192,356000,5773.2
357,1000,78.1705,12,0.24,,1,0,5,1.8708,0,2011,0.4845,703.4,116,0,0.011696,0.45367,-6.31737,357000,5789.8
358,1000,64.8964,12,0.24,,0,1,5,1.5811,0,2762,0.6927,600.7,694,0,0.011808,0.439811,-7.300834,358000,5806.7
359,1000,67.7474,11,0.22,,1,0,4,1.6394,0,2151,0.486,800.0,945,0,0.011881,0.508633,-6.600743,359000,5823.5
360,1000,224.1822,19,0.38,,0,1,9,2.8614,2,657,0.459,707.9,910,0,0.011808,0.421155,-5.92932,360000,5839.9
361,1000,201.3544,16,0.32,,1,0,6,2.3452,2,749,0.4183,690.5,957,0,0.011777,0.293333,-6.32799,361000,5856.4
362,1000,196.3429,16,0.32,,1,0,8,3.1623,2,1252,0.393,774.4,748,0,0.011675,0.589975,-6.721021,362000,5873.1
363,1000,210.9408,20,0.4,,0,1,9,2.8284,1,891,0.5647,693.0,774,0,0.01169,0.487954,-7.398869,363000,5889.4
364,1000,108.2155,14,0.28,,1,0,5,2.0616,0,1533,0.7007,866.3,568,0,0.011722,0.447587,-6.603353,364000,5906.1
365,1000,131.8063,16,0.32,,0,2,5,1.2247,0,1312,0.6498,833.0,920,0,0.011854,0.306286,-5.742423,365000,5922.5
366,1000,155.1172,17,0.34,,0,2,5,1.299,0,912,0.6025,622.1,914,0,0.011875,0.776305,-5.947682,366000,5939.4
367,1000,91.2655,12,0.24,,1,0,5,2.1213,0,1560,0.5138,552.9,173,0,0.011963,0.530297,-6.446091,367000,5956.1
368,1000,143.2189,16,0.32,,0,1,5,1.7321,0,794,0.4365,760.5,531,0,0.011956,0.485893,-7.141135,368000,5972.6
369,1000,105.9853,13,0.26,,1,0,5,1.9203,0,519,0.4793,659.7,863,0,0.011954,0.45504,-7.16637,369000,5988.8
370,1000,120.9177,14,0.28,,1,0,5,2.0616,0,423,0.4928,620.8,387,0,0.011854,0.748606,-6.623151,370000,6004.9
371,1000,139.2555,15,0.3,,0,1,5,1.6394,0,465,0.5205,827.5,869,0,0.01199,0.354856,-6.291376,371000,6021.3
372,1000,132.244,15,0.3,,1,0,5,2.1651,0,722,0.5723,663.3,197,0,0.011923,0.366067,-6.990695,372000,6037.8
373,1000,192.3152,17,0.34,,1,0,7,2.586,1,548,0.5222,737.5,942,0,0.012166,0.623742,-6.25671,373000,6054.3
374,1000,111.4635,14,0.28,,1,0,5,2.0616,0,1159,0.5025,763.4,874,0,0.012046,0.403529,-7.549738,374000,6071.1
375,1000,216.6401,16,0.32,,1,0,6,2.3452,2,224,0.3125,737.4,805,0,0.01222,0.466754,-6.033023,375000,6087.6
376,1000,175.3239,16,0.32,,1,0,6,2.3452,1,281,0.3895,524.2,876,0,0.012005,0.592722,-6.387444,376000,6104.1
377,1000,134.3,15,0.3,,1,0,5,2.1651,0,744,0.4607,678.1,959,0,0.011999,0.450745,-6.471913,377000,6120.3
378,1000,99.1044,12,0.24,,1,0,5,2.1213,0,925,0.4535,541.4,406,0,0.011797,0.733294,-7.168421,378000,6136.9
379,1000,128.3163,12,0.24,,1,0,5,2.1213,1,863,0.423,612.3,741,0,0.011878,0.433829,-7.096914,379000,6153.2
380,1000,109.9966,13,0.26,,1,0,5,2.0463,0,312,0.523,694.1,392,0,0.011751,0.675805,-6.959055,380000,6169.4
381,1000,168.3692,15,0.3,,1,0,7,2.586,1,698,0.4355,666.9,714,0,0.011658,1.374826,-7.214945,381000,6185.4
382,1000,179.8685,17,0.34,,1,0,8,2.8614,1,733,0.4565,805.9,648,0,0.011555,0.506397,-7.191484,382000,6201.9
383,1000,220.6239,18,0.36,,1,0,8,2.8723,2,765,0.3695,757.3,939,0,0.011353,0.704819,-6.386687,383000,6218.2
384,1000,107.9034,13,0.26,,1,0,5,1.9203,0,737,0.3912,549.5,571,0,0.011448,0.387393,-5.846859,384000,6234.0
385,1000,104.5849,13,0.26,,1,0,5,2.0463,0,1078,0.3832,636.4,173,0,0.011413,0.488411,-5.753233,385000,6250.3
386,1000,143.0826,14,0.28,,1,0,6,2.1794,1,1503,0.4863,589.8,715,0,0.011507,0.39184,-5.561094,386000,6267.1
387,1000,79.8019,11,0.22,,1,0,5,1.7854,0,1727,0.5092,656.6,134,0,0.01154,0.627497,-6.595149,387000,6283.8
388,1000,216.6511,17,0.34,,1,0,7,2.586,2,853,0.3982,724.8,802,0,0.011856,0.46669,-7.270325,388000,6300.3
389,1000,96.1826,11,0.22,,1,0,5,2.2776,0,627,0.3498,548.8,206,0,0.011611,0.366124,-7.242279,389000,6316.8
390,1000,136.3865,15,0.3,,1,0,5,2.1651,0,436,0.3605,710.5,871,0,0.011828,0.413837,-6.058849,390000,6333.2
391,1000,159.5977,11,0.22,,2,0,6,2.7726,2,446,0.316,574.2,904,0,0.01156,0.458528,-6.142001,391000,6349.3
392,1000,26.2739,6,0.12,,2,0,5,2.0616,0,1504,0.653,600.0,148,0,0.011736,0.717887,-6.443009,392000,6365.7
393,1000,95.3409,12,0.24,,1,0,5,1.8708,0,1283,0.6138,720.8,649,0,0.01161,0.504053,-7.589378,393000,6382.1
394,1000,100.8911,12,0.24,,1,0,5,2.1213,0,978,0.4173,607.7,221,0,0.011549,0.413588,-6.935288,394000,6398.9
395,1000,130.1895,11,0.22,,1,0,5,2.2776,1,737,0.4575,693.6,333,0,0.01177,0.481195,-5.96757,395000,6415.3
396,1000,135.459,12,0.24,,1,0,5,2.1213,1,911,0.444,611.7,262,0,0.011896,0.68607,-7.299874,396000,6431.7
397,1000,152.6608,15,0.3,,1,0,5,2.1651,1,1297,0.3292,586.6,413,0,0.011915,0.539987,-7.29941,397000,6448.2
398,1000,180.7274,16,0.32,,1,0,6,2.3452,1,150,0.2323,687.0,661,0,0.011959,0.290865,-6.2957,398000,6465.1
399,1000,75.1452,11,0.22,,1,0,5,1.7854,0,1958,0.452,549.8,747,0,0.011797,0.554283,-9.116676,399000,6480.8
400,1000,160.9772,14,0.28,,0,1,5,1.6583,1,419,0.4595,579.9,696,0,0.011877,0.330974,-6.106736,400000,6497.0
401,1000,92.5042,13,0.26,,0,1,5,1.7854,0,1146,0.4248,550.3,739,0,0.012048,0.461734,-7.483811,401000,6532.2
402,1000,137.8319,13,0.26,,1,0,6,2.3848,1,976,0.4547,614.0,536,0,0.011976,1.017305,-6.165221,402000,6547.7
403,1000,112.9886,14,0.28,,1,0,5,2.0616,0,747,0.2777,736.0,369,0,0.011804,0.452921,-6.996351,403000,6564.4
404,1000,134.9973,15,0.3,,1,0,5,2.1651,0,915,0.4765,680.5,759,0,0.011833,0.375983,-6.697054,404000,6580.7
405,1000,42.0457,8,0.16,,1,0,5,1.8708,0,2197,0.4308,560.9,462,0,0.01208,0.29276,-7.593165,405000,6597.1
406,1000,170.5208,16,0.32,,0,2,5,1.2247,1,731,0.5405,764.0,416,0,0.012089,0.325048,-7.096698,406000,6613.7
407,1000,125.3143,14,0.28,,1,0,5,2.0616,0,588,0.4052,692.3,780,0,0.012062,0.539303,-6.078786,407000,6630.2
408,1000,134.8651,12,0.24,,1,0,5,2.1213,1,268,0.297,597.8,262,0,0.011945,0.509628,-7.29176,408000,6646.3
409,1000,125.8689,14,0.28,,1,0,5,2.0616,0,423,0.4125,654.8,858,0,0.011837,0.394597,-7.438078,409000,6662.8
410,1000,103.7201,12,0.24,,1,0,5,1.8708,0,427,0.5897,671.7,651,0,0.012038,0.610986,-7.054807,410000,6679.1
411,1000,121.9304,13,0.26,,1,0,5,2.0463,0,289,0.444,693.3,646,0,0.012185,0.311895,-6.811276,411000,6695.3
412,1000,143.759,13,0.26,,1,0,5,2.0463,1,687,0.451,605.7,627,0,0.011842,0.48628,-7.642519,412000,6711.7
413,1000,107.8774,14,0.28,,1,0,5,2.0616,0,1115,0.6345,850.6,668,0,0.011834,0.226988,-8.216953,413000,6728.3
414,1000,164.7993,15,0.3,,1,0,6,2.2776,1,224,0.348,654.2,942,0,0.011748,0.748039,-7.571471,414000,6744.5
415,1000,76.6841,12,0.24,,1,0,5,1.8708,0,1696,0.6332,647.4,804,0,0.011724,0.399237,-7.795102,415000,6761.2
416,1000,182.1486,16,0.32,,1,0,6,2.3452,1,526,0.3822,625.7,816,0,0.01168,0.393396,-6.765184,416000,6777.5
417,1000,160.5931,15,0.3,,1,0,5,2.1651,1,514,0.574,648.2,847,0,0.011568,0.367876,-6.963259,417000,6794.2
418,1000,149.5654,14,0.28,,1,0,5,2.0616,1,882,0.4455,726.3,929,0,0.011584,0.20557,-7.185638,418000,6810.6
419,1000,75.6288,11,0.22,,1,0,5,1.9203,0,1129,0.5677,676.4,335,0,0.011511,0.571834,-7.272633,419000,6827.1
420,1000,90.231,12,0.24,,0,1,5,1.5811,0,1379,0.6258,561.1,937,0,0.011418,0.761104,-7.797611,420000,6843.5
421,1000,70.3886,10,0.2,,1,0,5,1.8028,0,2082,0.5775,618.6,962,0,0.011377,0.636587,-7.72014,421000,6859.9
422,1000,199.0411,16,0.32,,1,0,6,2.3452,2,877,0.4,658.7,935,0,0.01122,0.551099,-7.796494,422000,6876.1
423,1000,160.8372,14,0.28,,1,0,5,2.0616,1,323,0.4587,674.4,951,0,0.011389,0.31381,-7.572159,423000,6892.9
424,1000,151.3501,13,0.26,,1,0,5,2.0463,1,157,0.3023,645.9,195,0,0.011469,0.284328,-8.080292,424000,6909.2
425,1000,100.1531,12,0.24,,1,0,5,2.1213,0,652,0.5825,797.9,831,0,0.01133,0.430355,-6.795941,425000,6925.6
426,1000,93.6447,12,0.24,,0,1,5,2.0,0,1373,0.5367,829.8,900,0,0.011462,0.697465,-8.516413,426000,6941.9
427,1000,107.443,13,0.26,,1,0,5,1.9203,0,725,0.3912,658.3,715,0,0.011499,0.878662,-8.567995,427000,6958.5
428,1000,77.7817,11,0.22,,1,0,5,1.7854,0,1430,0.5523,694.8,998,0,0.011019,0.547044,-6.919002,428000,6974.9
429,1000,190.5031,17,0.34,,0,1,6,1.9203,1,1481,0.452,662.1,750,0,0.010933,0.338234,-6.728652,429000,6991.1
430,1000,178.3222,14,0.28,,0,1,5,1.6583,2,760,0.448,731.6,759,0,0.011135,0.622431,-8.04368,430000,7007.5
431,1000,192.7145,18,0.36,,0,1,9,2.8723,1,727,0.3855,684.6,937,0,0.010973,0.515372,-7.360262,431000,7023.4
432,1000,138.893,13,0.26,,1,0,5,1.9203,1,808,0.5082,737.5,626,0,0.010919,0.44449,-7.146017,432000,7039.2
433,1000,198.8131,15,0.3,,1,0,5,2.1651,2,216,0.4017,618.6,476,0,0.010936,0.348417,-8.696102,433000,7055.8
434,1000,132.3909,15,0.3,,1,0,5,2.1651,0,652,0.5433,696.0,752,0,0.011079,0.399839,-7.236544,434000,7071.8
435,1000,94.0254,12,0.24,,1,0,5,1.8708,0,798,0.4718,722.4,313,0,0.010992,0.637619,-7.523024,435000,7087.3
436,1000,182.9929,17,0.34,,1,0,7,2.586,1,895,0.4115,789.7,683,0,0.010995,0.592549,-8.730799,436000,7103.5
437,1000,180.3191,17,0.34,,0,1,6,1.9203,1,925,0.6148,719.0,717,0,0.011168,0.767542,-6.803627,437000,7119.8
438,1000,126.6685,15,0.3,,1,0,5,2.1651,0,728,0.7222,883.3,833,0,0.011282,0.253306,-7.157891,438000,7136.1
439,1000,138.7719,16,0.32,,0,2,5,1.2247,0,681,0.601,722.6,826,0,0.011035,0.399177,-7.288425,439000,7152.6
440,1000,84.6223,11,0.22,,1,0,5,1.9203,0,748,0.4198,518.1,281,0,0.011182,0.450254,-7.705207,440000,7169.0
441,1000,90.6311,12,0.24,,1,0,5,1.8708,0,1164,0.4755,683.9,619,0,0.011061,0.688731,-8.197466,441000,7185.7
442,1000,172.4767,14,0.28,,0,1,5,1.6583,2,728,0.4798,731.7,637,0,0.010846,0.673674,-7.699458,442000,7202.4
443,1000,188.9208,17,0.34,,1,0,7,2.586,1,858,0.4425,749.6,944,0,0.010999,0.231002,-7.414786,443000,7218.6
444,1000,137.5444,15,0.3,,1,0,5,2.1651,0,638,0.6068,770.9,626,0,0.010768,0.578293,-6.881547,444000,7235.0
445,1000,131.1077,15,0.3,,0,1,5,1.6394,0,819,0.559,636.3,851,0,0.010628,0.653936,-8.124034,445000,7251.7
446,1000,112.4906,15,0.3,,0,2,5,1.299,0,1589,0.7053,763.0,931,0,0.010916,0.250508,-7.750051,446000,7268.2
447,1000,104.2454,14,0.28,,1,0,5,2.0616,0,1415,0.72,722.3,528,0,0.010764,0.596235,-7.753376,447000,7284.8
448,1000,118.8394,14,0.28,,1,0,5,2.0616,0,1460,0.4685,706.5,883,0,0.01074,0.91653,-6.874863,448000,7301.1
449,1000,115.2261,14,0.28,,0,1,5,1.6583,0,886,0.6967,834.8,787,0,0.010784,0.431691,-8.188417,449000,7316.8
450,1000,81.9532,11,0.22,,1,0,4,1.6394,0,1867,0.5012,787.5,273,0,0.010871,0.344505,-6.901375,450000,7332.6
451,1000,62.861,11,0.22,,1,0,5,1.7854,0,2534,0.6917,877.0,906,0,0.010905,0.307979,-7.139998,451000,7368.6
452,1000,153.7076,14,0.28,,1,0,5,2.0616,1,566,0.394,717.0,865,0,0.010692,0.322025,-6.84606,452000,7384.0
453,1000,145.0713,13,0.26,,1,0,5,2.0463,1,605,0.3295,590.2,848,0,0.010873,0.361895,-6.954745,453000,7400.5
454,1000,161.228,14,0.28,,1,0,5,2.0616,1,149,0.3678,616.9,633,0,0.010791,0.33613,-7.804105,454000,7417.2
455,1000,196.3765,16,0.32,,1,0,7,2.5495,2,703,0.4793,697.9,914,0,0.010743,0.61772,-7.663784,455000,7433.9
456,1000,174.7487,15,0.3,,1,0,5,2.1651,1,369,0.281,629.6,286,0,0.010673,0.729723,-7.900831,456000,7450.4
457,1000,160.297,15,0.3,,1,0,5,2.1651,1,209,0.433,684.0,460,0,0.01076,0.509755,-7.486157,457000,7466.8
458,1000,196.0982,17,0.34,,1,0,7,2.586,1,284,0.3678,717.3,847,0,0.011012,0.954241,-7.420443,458000,7483.1
459,1000,117.4784,13,0.26,,1,0,5,2.0463,0,426,0.504,598.4,220,0,0.010697,0.422799,-7.409699,459000,7499.1
460,1000,201.7175,15,0.3,,1,0,5,2.1651,2,770,0.3282,612.8,395,0,0.010721,0.312674,-7.627105,460000,7515.3
461,1000,93.268,14,0.28,,0,1,5,1.5,0,2267,0.7157,882.0,842,0,0.0107,0.635711,-7.921158,461000,7531.6
462,1000,147.6561,13,0.26,,1,0,5,2.0463,1,257,0.3757,650.6,866,0,0.010687,0.753569,-7.926819,462000,7548.1
463,1000,220.5075,17,0.34,,1,0,7,2.586,2,695,0.2885,644.7,719,0,0.010748,0.319988,-7.086404,463000,7564.1
464,1000,180.7833,14,0.28,,1,0,6,2.2913,2,927,0.4203,683.0,979,0,0.01068,0.205641,-7.77264,464000,7580.3
465,1000,99.4064,13,0.26,,1,0,5,1.9203,0,822,0.373,670.7,314,0,0.010611,0.579277,-7.484401,465000,7596.6
466,1000,129.4318,15,0.3,,1,0,5,2.1651,0,914,0.4007,767.9,738,0,0.010614,0.617801,-7.793238,466000,7612.8
467,1000,217.3846,17,0.34,,1,0,7,2.681,2,504,0.3417,643.2,979,0,0.010496,0.530584,-7.199364,467000,7628.7
468,1000,155.1406,15,0.3,,1,0,6,2.2776,1,1044,0.4285,696.9,989,0,0.010233,0.303198,-7.292535,468000,7645.0
469,1000,179.8117,16,0.32,,1,0,8,2.9155,1,391,0.3777,649.3,928,0,0.009965,0.581398,-7.094676,469000,7661.2
470,1000,164.7248,15,0.3,,1,0,5,2.1651,1,1332,0.5797,700.6,699,0,0.009932,0.63719,-6.839085,470000,7677.6
471,1000,190.0272,17,0.34,,1,0,7,2.586,1,457,0.5288,651.4,827,0,0.009908,0.509797,-6.861157,471000,7694.1
472,1000,99.1388,12,0.24,,1,0,5,1.8708,0,1361,0.5655,825.7,876,0,0.009906,0.466247,-7.980885,472000,7710.7
473,1000,92.3541,12,0.24,,1,0,5,1.8708,0,1161,0.3665,692.6,390,0,0.009895,0.411457,-8.03456,473000,7727.3
474,1000,114.7176,13,0.26,,1,0,5,2.0463,0,360,0.4873,675.2,331,0,0.00956,0.612127,-6.981963,474000,7743.5
475,1000,180.0382,14,0.28,,1,0,6,2.2913,2,708,0.3563,651.8,923,0,0.009887,0.360366,-6.66099,475000,7759.9
476,1000,174.4863,16,0.32,,1,0,7,2.5495,1,727,0.4032,737.7,865,0,0.009901,0.510639,-7.396683,476000,7776.5
477,1000,75.7752,10,0.2,,1,0,4,1.5,0,1192,0.4597,665.2,415,0,0.009967,0.432564,-6.503067,477000,7792.9
478,1000,197.7782,15,0.3,,1,0,5,2.1651,2,759,0.3525,794.2,830,0,0.010099,0.655978,-7.102921,478000,7809.4
479,1000,161.1205,15,0.3,,1,0,6,2.2776,1,475,0.5627,738.6,961,0,0.009797,0.462202,-7.670875,479000,7825.9
480,1000,231.4794,19,0.38,,0,1,8,2.4875,2,1272,0.5038,739.3,676,0,0.010029,0.608952,-6.909128,480000,7842.6
481,1000,99.4233,13,0.26,,1,0,5,1.9203,0,939,0.3078,523.0,589,0,0.009804,0.257164,-6.908213,481000,7859.3
482,1000,81.0928,12,0.24,,1,0,5,2.1213,0,2083,0.5747,656.1,211,0,0.010036,0.791202,-7.481298,482000,7875.2
483,1000,84.5036,12,0.24,,1,0,5,2.1213,0,1602,0.6068,877.1,587,0,0.010314,0.301616,-6.773965,483000,7891.5
484,1000,230.9988,18,0.36,,1,0,8,2.8723,2,631,0.524,744.9,906,0,0.010138,0.609581,-6.872194,484000,7907.8
485,1000,101.3653,13,0.26,,1,0,5,1.9203,0,1087,0.5192,658.6,445,0,0.010273,0.475534,-6.124689,485000,7924.1
486,1000,97.5316,13,0.26,,0,1,5,1.7854,0,1347,0.6777,899.6,966,0,0.010499,0.34833,-6.871271,486000,7940.2
487,1000,171.4218,15,0.3,,0,1,5,1.6394,1,540,0.5343,782.6,682,0,0.01027,0.37803,-8.412318,487000,7956.0
488,1000,96.9,12,0.24,,1,0,5,1.8708,0,974,0.4605,601.6,677,0,0.010103,1.087937,-7.93054,488000,7972.5
489,1000,183.3241,17,0.34,,1,0,9,3.2692,1,637,0.4108,603.1,959,0,0.009941,0.497722,-7.424028,489000,7989.0
490,1000,157.1875,15,0.3,,1,0,5,2.1651,1,479,0.4915,811.3,453,0,0.010033,0.665533,-6.651237,490000,8005.6
491,1000,100.6377,13,0.26,,1,0,5,1.9203,0,1175,0.4813,583.4,917,0,0.01018,0.951251,-7.558208,491000,8021.9
492,1000,265.3827,18,0.36,,0,1,7,2.1794,3,377,0.3215,722.5,959,0,0.009988,0.370188,-6.642484,492000,8038.1
493,1000,-6.3002,4,0.08,,1,0,2,0.7071,0,1614,0.4785,763.1,488,0,0.009893,0.333298,-7.505375,493000,8055.2
494,1000,123.1953,15,0.3,,1,0,5,2.1651,0,1260,0.3792,639.3,963,0,0.01001,0.711208,-7.44185,494000,8071.7
495,1000,159.5135,14,0.28,,1,0,5,2.0616,1,727,0.4062,779.9,880,0,0.010205,0.447896,-6.839712,495000,8088.1
496,1000,139.3144,15,0.3,,1,0,5,2.1651,0,324,0.4698,704.2,968,0,0.010374,0.332353,-7.437907,496000,8104.9
497,1000,224.0724,17,0.34,,1,0,7,2.586,2,146,0.2592,562.4,728,0,0.010451,0.236736,-7.436152,497000,8122.1
498,1000,69.959,10,0.2,,1,0,4,1.6583,0,1548,0.6957,571.2,762,0,0.010454,0.727228,-8.236856,498000,8138.6
499,1000,114.4297,13,0.26,,1,0,5,2.0463,0,2120,0.4788,694.5,281,0,0.010367,0.269555,-6.82875,499000,8154.1
500,1000,119.7569,13,0.26,,1,0,5,2.0463,0,690,0.6633,771.7,744,0,0.010099,0.432668,-7.218558,500000,8170.4
501,1000,191.124,17,0.34,,1,0,7,2.586,1,220,0.3743,661.8,857,0,0.010338,0.423353,-8.13214,501000,8205.8
502,1000,137.1221,13,0.26,,1,0,5,2.0463,1,760,0.6478,727.1,640,0,0.010269,0.497149,-7.607981,502000,8221.8
503,1000,123.0063,14,0.28,,1,0,5,2.0616,0,622,0.5168,744.9,394,0,0.010195,0.358337,-7.22925,503000,8237.6
504,1000,86.1256,12,0.24,,1,0,5,1.8708,0,1382,0.615,928.9,888,0,0.010382,0.31914,-6.789145,504000,8253.6
505,1000,123.2573,15,0.3,,1,0,5,2.1651,0,748,0.4783,624.5,820,0,0.010269,0.543863,-7.108894,505000,8270.1
506,1000,107.6598,13,0.26,,1,0,5,2.0463,0,360,0.2732,563.6,976,0,0.009963,0.390803,-7.889809,506000,8286.6
507,1000,197.3473,15,0.3,,1,0,5,2.1651,2,569,0.536,670.5,878,0,0.010047,0.5187,-7.791591,507000,8303.1
508,1000,220.289,16,0.32,,1,0,6,2.3452,2,243,0.3718,728.9,939,0,0.010092,0.267181,-7.080228,508000,8319.5
509,1000,168.4466,15,0.3,,1,0,6,2.2776,1,160,0.3045,775.0,952,0,0.010301,1.115305,-6.147356,509000,8336.0
510,1000,130.2411,13,0.26,,1,0,5,1.9203,1,59,0.204,539.2,670,0,0.010458,0.38075,-6.826054,510000,8353.4
511,1000,185.8369,14,0.28,,1,0,5,2.0616,2,546,0.2968,672.9,674,0,0.010376,0.425041,-7.893765,511000,8370.0
512,1000,135.0233,15,0.3,,1,0,5,2.1651,0,340,0.4223,738.1,728,0,0.010444,0.451372,-6.758237,512000,8386.4
513,1000,166.7107,15,0.3,,1,0,6,2.2776,1,426,0.298,674.3,546,0,0.010616,0.2134,-7.192748,513000,8402.8
514,1000,152.7799,14,0.28,,1,0,5,2.0616,1,45,0.2612,609.4,481,0,0.0106,0.420083,-6.862062,514000,8419.1
515,1000,150.0185,14,0.28,,0,1,6,1.8028,1,931,0.4068,633.9,485,0,0.010553,0.453515,-7.785254,515000,8435.5
516,1000,182.6719,17,0.34,,1,0,7,2.586,1,820,0.528,627.9,804,0,0.010462,0.378436,-6.196065,516000,8452.2
517,1000,146.514,14,0.28,,1,0,5,2.0616,1,109,0.224,565.0,460,0,0.010854,0.595821,-6.572297,517000,8468.6
518,1000,129.1307,15,0.3,,1,0,5,2.1651,0,524,0.333,558.6,839,0,0.010793,0.228578,-6.6414,518000,8485.3
519,1000,194.3785,17,0.34,,1,0,7,2.586,1,240,0.2943,791.7,929,0,0.01081,0.380434,-5.589943,519000,8501.6
520,1000,74.7478,12,0.24,,1,0,5,1.8708,0,2087,0.539,894.5,336,0,0.010752,0.348317,-6.323504,520000,8518.2
521,1000,125.9761,14,0.28,,1,0,5,2.0616,0,706,0.4542,789.1,568,0,0.010575,0.327006,-7.973968,521000,8534.3
522,1000,174.6978,15,0.3,,1,0,5,2.1651,1,373,0.4422,651.9,769,0,0.010543,0.344021,-6.576655,522000,8550.9
523,1000,157.3645,14,0.28,,1,0,5,2.0616,1,732,0.3673,699.7,693,0,0.010608,0.413869,-6.997691,523000,8567.3
524,1000,124.7531,12,0.24,,1,0,5,1.8708,1,490,0.364,584.7,664,0,0.010698,0.52464,-6.452564,524000,8583.8
525,1000,193.4379,15,0.3,,1,0,5,2.1651,2,814,0.3237,640.9,449,0,0.010523,0.599956,-6.817684,525000,8600.2
526,1000,138.6351,16,0.32,,0,1,5,1.7321,0,623,0.619,782.9,863,0,0.010487,0.336667,-7.123677,526000,8617.0
527,1000,168.7435,15,0.3,,1,0,5,2.1651,1,625,0.278,718.5,687,0,0.010363,0.356458,-7.441185,527000,8633.4
528,1000,72.1391,11,0.22,,1,0,5,1.9203,0,1532,0.4115,604.1,818,0,0.010334,0.52905,-7.059405,528000,8650.2
529,1000,110.5271,13,0.26,,1,0,5,2.0463,0,621,0.441,555.3,740,0,0.010196,0.321176,-6.303602,529000,8666.8
530,1000,181.8996,16,0.32,,0,1,5,1.7321,1,381,0.346,673.8,568,0,0.010341,0.381218,-7.890863,530000,8683.2
531,1000,167.1171,15,0.3,,1,0,6,2.2776,1,106,0.4215,562.8,944,0,0.010101,0.669309,-7.337843,531000,8699.2
532,1000,191.9199,14,0.28,,1,0,5,2.0616,2,589,0.2858,529.3,915,0,0.009984,0.322678,-7.928959,532000,8715.7
533,1000,196.8983,15,0.3,,1,0,6,2.2776,2,323,0.4178,559.9,884,0,0.009868,0.35912,-6.825201,533000,8731.9
534,1000,149.8574,14,0.28,,0,1,5,1.5,1,208,0.5102,653.5,584,0,0.010086,0.360768,-6.858913,534000,8748.2
535,1000,145.1162,13,0.26,,1,0,5,2.0463,1,655,0.353,533.4,324,0,0.010196,0.232212,-6.000045,535000,8764.6
536,1000,196.4709,14,0.28,,1,0,5,2.0616,2,129,0.4012,606.8,443,0,0.010249,0.429201,-6.045066,536000,8781.3
537,1000,169.6753,15,0.3,,1,0,5,2.1651,1,557,0.3882,539.0,689,0,0.010256,0.32274,-7.335043,537000,8797.6
538,1000,188.6479,14,0.28,,1,0,5,2.0616,2,376,0.2953,555.1,909,0,0.010244,0.41799,-6.487248,538000,8814.1
539,1000,194.0734,15,0.3,,1,0,5,2.1651,2,432,0.3615,567.4,672,0,0.01011,0.556818,-6.251458,539000,8830.6
540,1000,137.6457,13,0.26,,1,0,6,2.1651,1,214,0.5757,638.5,755,0,0.010026,0.358486,-6.585532,540000,8847.1
541,1000,106.3227,13,0.26,,1,0,5,2.0463,0,527,0.2998,645.1,351,0,0.009632,0.398345,-6.075668,541000,8863.6
542,1000,116.0597,12,0.24,,1,0,5,1.8708,1,1120,0.3907,590.0,709,0,0.009645,0.333379,-6.195186,542000,8880.5
543,1000,108.9655,13,0.26,,1,0,5,1.9203,0,636,0.5395,587.9,594,0,0.009825,0.246045,-6.471906,543000,8896.9
544,1000,138.8424,14,0.28,,1,0,5,2.0616,1,959,0.4412,592.0,760,0,0.009946,0.429496,-6.903183,544000,8913.3
545,1000,108.3736,13,0.26,,1,0,5,1.9203,0,691,0.6593,703.5,799,0,0.010062,0.26941,-6.277362,545000,8929.8
546,1000,210.0752,16,0.32,,0,1,6,1.8708,2,506,0.5058,597.0,839,0,0.010222,0.915139,-6.745814,546000,8946.2
547,1000,137.2577,13,0.26,,1,0,5,1.9203,1,747,0.4575,555.3,425,0,0.010124,0.629568,-5.876842,547000,8963.1
548,1000,184.3969,17,0.34,,0,1,8,2.586,1,575,0.3997,655.5,887,0,0.010227,0.226402,-5.971193,548000,8979.3
549,1000,152.773,14,0.28,,1,0,6,2.1794,1,437,0.3523,574.5,619,0,0.010177,0.630725,-6.357838,549000,8994.4
550,1000,92.5767,12,0.24,,1,0,4,1.7321,0,1194,0.6747,616.6,815,0,0.010304,0.522382,-6.323073,550000,9010.3
551,1000,63.7039,10,0.2,,2,0,5,2.5,0,1304,0.5182,780.1,706,0,0.00991,0.644602,-6.826436,551000,9045.4
552,1000,207.3556,16,0.32,,1,0,6,2.4495,2,324,0.467,618.2,973,0,0.010135,0.699024,-6.708627,552000,9061.9
553,1000,206.5978,16,0.32,,1,0,6,2.3452,2,617,0.4248,675.3,917,0,0.010096,1.194878,-6.878003,553000,9077.5
554,1000,174.7605,16,0.32,,1,0,7,2.5495,1,491,0.5535,595.1,841,0,0.01017,0.531233,-6.061637,554000,9093.9
555,1000,152.7177,14,0.28,,1,0,5,2.0616,1,569,0.504,663.1,948,0,0.010051,0.54245,-6.392091,555000,9110.3
556,1000,103.2257,12,0.24,,1,0,5,1.8708,0,619,0.4442,569.8,759,0,0.01003,0.659183,-6.771275,556000,9127.1
557,1000,63.2021,9,0.18,,1,0,5,1.7854,0,811,0.4485,711.6,909,0,0.010148,0.324522,-6.799934,557000,9143.5
558,1000,197.3644,15,0.3,,1,0,6,2.2776,2,640,0.3503,642.6,969,0,0.009889,0.249035,-6.828695,558000,9160.1
559,1000,202.3357,15,0.3,,1,0,7,2.586,2,423,0.3443,587.2,806,0,0.009904,0.461563,-6.248367,559000,9176.4
560,1000,117.4956,13,0.26,,1,0,5,2.0463,0,289,0.4783,666.4,518,0,0.010163,0.771732,-7.084477,560000,9192.5
561,1000,197.7751,15,0.3,,1,0,6,2.2776,2,174,0.3247,609.3,844,0,0.01002,0.490418,-7.54334,561000,9208.7
562,1000,221.4423,17,0.34,,1,0,9,3.2692,2,169,0.5268,578.0,759,0,0.009873,0.731467,-6.889396,562000,9225.2
563,1000,161.1257,14,0.28,,1,0,5,2.0616,1,230,0.512,661.2,759,0,0.010012,0.480651,-7.930681,563000,9241.4
564,1000,94.1468,12,0.24,,1,0,4,1.7321,0,232,0.587,668.6,547,0,0.009979,0.759507,-7.728326,564000,9257.4
565,1000,111.0339,13,0.26,,1,0,5,2.0463,0,951,0.5457,577.2,572,0,0.010182,0.729537,-7.260575,565000,9273.8
566,1000,95.2845,12,0.24,,1,0,4,1.7321,0,667,0.599,645.2,287,0,0.010271,0.302099,-6.165792,566000,9290.4
567,1000,143.8889,13,0.26,,1,0,5,1.9203,1,79,0.5515,546.7,212,0,0.010282,0.379569,-6.592529,567000,9306.8
568,1000,103.2503,13,0.26,,1,0,5,1.9203,0,1043,0.464,665.9,668,0,0.01031,0.276981,-6.566524,568000,9323.5
569,1000,157.4147,15,0.3,,1,0,7,2.4875,1,655,0.3197,539.9,754,0,0.010316,0.275053,-7.267662,569000,9340.1
570,1000,127.9781,12,0.24,,1,0,5,1.8708,1,916,0.5152,841.0,721,0,0.010363,0.271567,-6.656642,570000,9356.6
571,1000,96.1497,12,0.24,,1,0,5,1.8708,0,903,0.533,523.8,837,0,0.010318,0.668035,-5.678612,571000,9373.2
572,1000,68.2035,10,0.2,,1,0,4,1.5,0,555,0.2627,553.7,367,0,0.01047,0.590242,-6.87283,572000,9390.3
573,1000,185.6061,17,0.34,,1,0,7,2.586,1,899,0.6105,618.5,914,0,0.010522,0.49749,-6.384248,573000,9406.4
574,1000,213.4284,17,0.34,,1,0,6,2.4875,2,1088,0.457,678.7,897,0,0.01057,0.398007,-6.223992,574000,9423.1
575,1000,118.7314,12,0.24,,1,0,5,1.8708,1,1091,0.3595,529.8,229,0,0.010524,0.692755,-7.090474,575000,9439.3
576,1000,170.864,13,0.26,,1,0,5,2.0463,2,698,0.483,634.7,799,0,0.010284,0.495884,-7.294508,576000,9456.2
577,1000,152.7549,14,0.28,,1,0,5,2.0616,1,968,0.5972,662.2,806,0,0.010463,0.426197,-6.169547,577000,9472.5
578,1000,283.5766,20,0.4,,1,0,10,3.5355,3,493,0.5058,597.1,963,0,0.010287,0.299124,-6.26462,578000,9489.1
579,1000,33.7912,7,0.14,,1,0,5,1.9203,0,803,0.4412,518.8,741,0,0.010311,0.442353,-6.298637,579000,9505.6
580,1000,182.6342,13,0.26,,1,0,5,2.0463,2,735,0.4228,673.4,599,0,0.010309,0.39188,-6.684885,580000,9522.1
581,1000,148.4709,14,0.28,,1,0,5,2.0616,1,976,0.4507,592.5,834,0,0.01033,0.333981,-5.733824,581000,9538.4
582,1000,102.4047,12,0.24,,1,0,4,1.7321,0,105,0.2747,593.1,693,0,0.010194,0.292584,-5.874069,582000,9555.2
583,1000,159.9811,14,0.28,,1,0,5,2.0616,1,515,0.3738,563.1,410,0,0.010406,0.433782,-6.117528,583000,9571.0
584,1000,260.4074,17,0.34,,1,0,6,2.4875,3,352,0.3578,565.1,872,0,0.010361,0.231818,-6.081586,584000,9586.2
585,1000,99.7874,12,0.24,,1,0,5,1.8708,0,264,0.321,502.5,997,0,0.010306,1.064464,-6.316813,585000,9602.8
586,1000,207.2152,16,0.32,,1,0,6,2.3452,2,237,0.3197,582.9,685,0,0.010462,0.499618,-6.277534,586000,9619.5
587,1000,144.931,14,0.28,,1,0,5,2.0616,1,965,0.422,652.1,896,0,0.010205,0.239558,-5.874111,587000,9635.9
588,1000,148.9664,14,0.28,,1,0,5,2.0616,1,853,0.5155,739.0,328,0,0.010183,0.482721,-6.205252,588000,9651.5
589,1000,51.6666,10,0.2,,1,0,4,1.5,0,2382,0.6737,562.0,667,0,0.010019,0.274556,-6.270702,589000,9667.7
590,1000,131.0127,15,0.3,,1,0,5,2.1651,0,717,0.6232,668.8,926,0,0.010056,0.613407,-5.770824,590000,9684.4
591,1000,91.9235,12,0.24,,1,0,5,1.8708,0,1236,0.6365,697.4,830,0,0.01031,0.461246,-6.586358,591000,9700.8
592,1000,162.8846,15,0.3,,1,0,6,2.2776,1,338,0.5753,579.1,972,0,0.010031,0.498481,-5.842528,592000,9717.7
593,1000,195.1109,14,0.28,,1,0,5,2.0616,2,68,0.3638,602.5,477,0,0.010061,0.434427,-6.231755,593000,9734.1
594,1000,141.0676,14,0.28,,1,0,5,2.0616,1,1311,0.469,592.1,951,0,0.010085,0.262422,-6.294892,594000,9750.6
595,1000,154.1073,14,0.28,,1,0,5,2.0616,1,450,0.484,616.7,842,0,0.010098,0.258468,-5.840634,595000,9766.9
596,1000,108.7058,13,0.26,,1,0,5,1.9203,0,584,0.3977,558.9,645,0,0.009892,0.362051,-6.421851,596000,9783.4
597,1000,178.7919,15,0.3,,1,0,6,2.2776,2,1606,0.447,578.0,729,0,0.010038,0.36665,-7.037842,597000,9799.4
598,1000,125.2902,12,0.24,,1,0,5,1.8708,1,721,0.3857,558.1,329,0,0.009931,0.694747,-5.760927,598000,9816.2
599,1000,192.4679,15,0.3,,1,0,6,2.2776,2,895,0.4798,608.1,750,0,0.009703,0.200904,-4.873789,599000,9832.2
600,1000,98.3282,12,0.24,,1,0,5,2.1213,0,862,0.5433,757.6,431,0,0.009704,0.195744,-6.775928,600000,9848.6
601,1000,100.1588,13,0.26,,1,0,5,2.0463,0,1541,0.5132,628.3,980,0,0.009652,0.501685,-6.343416,601000,9883.8
602,1000,170.7874,13,0.26,,1,0,5,2.0463,2,527,0.3685,577.2,427,0,0.009727,0.254081,-6.934636,602000,9900.2
603,1000,89.7605,13,0.26,,1,0,5,2.0463,0,1920,0.6813,669.7,285,0,0.009615,0.185664,-5.711741,603000,9916.2
604,1000,103.5066,12,0.24,,1,0,5,1.8708,0,686,0.3422,523.5,271,0,0.009392,0.338731,-5.833103,604000,9932.2
605,1000,196.4899,18,0.36,,1,0,8,2.8723,1,817,0.5045,708.5,914,0,0.009465,0.839274,-6.044911,605000,9948.5
606,1000,176.9947,13,0.26,,1,0,5,2.0463,2,1021,0.4908,638.8,376,0,0.009582,0.481441,-5.09562,606000,9964.7
607,1000,84.6265,12,0.24,,1,0,5,2.1213,0,1381,0.51,558.4,944,0,0.009821,0.472765,-5.726203,607000,9981.4
608,1000,153.4876,14,0.28,,1,0,5,2.0616,1,983,0.6288,598.1,629,0,0.009783,0.396692,-6.68324,608000,9997.9
609,1000,198.0901,15,0.3,,1,0,5,2.1651,2,669,0.4,580.3,536,0,0.009854,0.409036,-5.105996,609000,10014.0
610,1000,193.5609,15,0.3,,1,0,5,2.1651,2,1244,0.3997,589.0,526,0,0.009918,0.519906,-6.026078,610000,10030.4
611,1000,107.683,13,0.26,,1,0,5,1.9203,0,605,0.3952,751.0,392,0,0.010004,0.340791,-5.739005,611000,10046.6
612,1000,136.0661,14,0.28,,1,0,5,2.0616,1,1440,0.503,659.2,980,0,0.009903,0.63928,-5.765255,612000,10063.1
613,1000,122.8797,15,0.3,,1,0,5,2.1651,0,1185,0.591,686.4,635,0,0.009734,0.449531,-5.972796,613000,10079.7
614,1000,200.9186,16,0.32,,1,0,6,2.3452,2,884,0.5968,713.5,997,0,0.009624,0.606221,-5.681054,614000,10096.1
615,1000,174.7555,14,0.28,,1,0,5,2.0616,2,1095,0.4703,611.8,643,0,0.009617,0.410697,-5.445181,615000,10112.5
616,1000,143.5532,14,0.28,,1,0,6,2.2913,1,468,0.578,744.5,959,0,0.009677,0.177301,-5.613979,616000,10129.3
617,1000,210.291,16,0.32,,1,0,6,2.3452,2,314,0.4432,672.7,864,0,0.009912,0.32238,-5.81643,617000,10145.7
618,1000,75.9775,10,0.2,,1,0,4,1.5,0,629,0.259,556.1,408,0,0.009729,0.290705,-5.132847,618000,10162.0
619,1000,104.6864,13,0.26,,1,0,5,2.0463,0,679,0.6282,713.5,674,0,0.009624,0.316825,-5.263947,619000,10178.3
620,1000,146.8526,13,0.26,,1,0,5,2.0463,1,215,0.4,542.9,572,0,0.009749,0.294274,-5.495828,620000,10194.6
621,1000,197.0252,16,0.32,,1,0,7,2.7386,2,756,0.349,694.3,767,0,0.009618,0.304887,-5.555341,621000,10211.2
622,1000,96.7194,13,0.26,,1,0,5,2.0463,0,2092,0.516,570.1,203,0,0.009601,0.349999,-5.148466,622000,10227.5
623,1000,161.1388,15,0.3,,1,0,5,2.1651,1,807,0.3593,583.9,506,0,0.009573,0.539651,-5.377902,623000,10243.8
624,1000,113.1363,14,0.28,,1,0,5,2.0616,0,890,0.4355,602.5,410,0,0.009681,0.526087,-4.965242,624000,10260.2
625,1000,192.591,14,0.28,,1,0,5,2.0616,2,462,0.3212,626.6,864,0,0.009641,0.263317,-5.452637,625000,10276.5
626,1000,73.0265,10,0.2,,1,0,5,2.0616,0,968,0.2908,527.6,428,0,0.009658,0.383003,-5.497869,626000,10293.1
627,1000,125.1474,11,0.22,,1,0,6,2.1651,1,521,0.5877,560.0,893,0,0.009742,1.05892,-4.844249,627000,10309.9
628,1000,91.1717,12,0.24,,0,1,5,1.5811,0,1471,0.6723,759.6,557,0,0.009792,0.236905,-6.041456,628000,10327.0
629,1000,175.0543,16,0.32,,1,0,8,2.9155,1,1033,0.3613,652.7,797,0,0.009867,0.537629,-5.622615,629000,10343.4
630,1000,159.8663,14,0.28,,1,0,5,2.0616,1,574,0.4012,599.4,530,0,0.009957,0.240941,-4.664319,630000,10360.2
631,1000,120.2359,14,0.28,,1,0,5,2.0616,0,566,0.4303,609.3,785,0,0.009852,0.525743,-5.608522,631000,10376.5
632,1000,163.084,15,0.3,,1,0,6,2.2776,1,1020,0.5467,712.0,957,0,0.009688,0.566661,-6.442645,632000,10393.4
633,1000,104.0081,13,0.26,,1,0,5,1.9203,0,1567,0.4828,731.8,234,0,0.009699,0.657024,-5.516426,633000,10410.1
634,1000,102.6838,12,0.24,,1,0,5,1.8708,0,642,0.6502,615.3,395,0,0.009692,0.309314,-5.937114,634000,10426.6
635,1000,192.9932,15,0.3,,1,0,6,2.2776,2,742,0.429,756.6,694,0,0.00976,0.250817,-5.219009,635000,10442.6
636,1000,127.3653,14,0.28,,1,0,5,2.0616,0,559,0.5105,665.6,688,0,0.009866,0.250965,-5.008632,636000,10459.2
637,1000,235.7229,19,0.38,,1,0,9,3.1918,2,699,0.5847,727.0,850,0,0.009671,0.458389,-6.198415,637000,10475.9
638,1000,101.7329,13,0.26,,1,0,5,2.0463,0,1018,0.685,887.7,609,0,0.009719,0.535068,-5.636322,638000,10492.1
639,1000,118.4248,15,0.3,,1,0,5,2.1651,0,1613,0.658,708.3,249,0,0.009977,0.425176,-5.312587,639000,10508.5
640,1000,143.597,14,0.28,,1,0,5,2.0616,1,619,0.3483,558.3,577,0,0.009792,0.985368,-4.961332,640000,10524.9
641,1000,233.7384,18,0.36,,1,0,10,3.6401,2,476,0.4405,587.6,881,0,0.009702,0.790889,-5.688541,641000,10541.3
642,1000,96.0337,13,0.26,,1,0,5,2.0463,0,1956,0.514,743.8,287,0,0.009748,0.260001,-5.725656,642000,10557.5
643,1000,139.9094,16,0.32,,0,1,5,1.7321,0,1045,0.4365,821.8,459,0,0.009655,0.247162,-5.269713,643000,10573.7
644,1000,183.9737,14,0.28,,1,0,6,2.2913,2,596,0.4915,533.2,609,0,0.009884,0.259168,-5.50104,644000,10590.3
645,1000,112.0926,14,0.28,,1,0,5,2.0616,0,1278,0.4755,730.8,905,0,0.009783,0.851389,-5.038218,645000,10606.9
646,1000,78.4946,13,0.26,,1,0,5,2.0463,0,2298,0.6432,757.9,937,0,0.01,0.308484,-5.831707,646000,10623.5
647,1000,90.5886,12,0.24,,1,0,5,1.8708,0,1145,0.5465,526.4,230,0,0.009929,0.294559,-6.196923,647000,10639.9
648,1000,116.4473,14,0.28,,1,0,5,2.0616,0,937,0.4105,597.7,676,0,0.009889,0.212698,-5.179339,648000,10656.3
649,1000,141.0866,14,0.28,,1,0,5,2.0616,1,1046,0.439,596.1,944,0,0.009982,0.260519,-6.447569,649000,10671.7
650,1000,106.2311,13,0.26,,1,0,5,2.0463,0,1304,0.4873,751.1,895,0,0.009822,0.487531,-5.453363,650000,10687.8
651,1000,96.1004,12,0.24,,1,0,5,2.1213,0,1454,0.4755,654.6,915,0,0.009875,0.235688,-5.854455,651000,10723.7
652,1000,136.6853,15,0.3,,1,0,5,2.1651,0,373,0.5457,570.6,974,0,0.010106,0.274925,-5.481767,652000,10740.2
653,1000,153.317,14,0.28,,1,0,5,2.0616,1,513,0.4582,719.9,255,0,0.010161,0.262132,-5.690365,653000,10756.0
654,1000,183.0156,14,0.28,,1,0,5,2.0616,2,468,0.5158,814.3,271,0,0.010286,0.196242,-5.548786,654000,10773.0
655,1000,168.2316,16,0.32,,1,0,7,2.5495,1,689,0.5577,759.7,552,0,0.010206,0.367702,-5.284459,655000,10789.7
656,1000,165.2422,16,0.32,,1,0,7,2.5495,1,1251,0.6335,670.3,747,0,0.010158,0.251426,-5.661815,656000,10806.4
657,1000,74.4156,12,0.24,,1,0,5,2.1213,0,2387,0.7125,808.5,349,0,0.010111,0.372682,-5.559204,657000,10823.1
658,1000,135.6973,14,0.28,,1,0,5,2.0616,1,772,0.454,629.0,609,0,0.010064,0.526005,-5.480583,658000,10839.5
659,1000,121.5918,14,0.28,,1,0,5,2.0616,0,346,0.4547,643.5,507,0,0.010177,0.267326,-5.447168,659000,10855.7
660,1000,153.6158,14,0.28,,1,0,5,2.0616,1,1098,0.5797,754.5,671,0,0.010013,0.19913,-5.657155,660000,10872.5
661,1000,97.0254,13,0.26,,1,0,5,1.9203,0,1659,0.6977,853.9,968,0,0.009851,0.23908,-5.732376,661000,10889.5
662,1000,107.1748,14,0.28,,1,0,5,2.0616,0,1134,0.7083,744.5,540,0,0.009981,0.188011,-6.473835,662000,10905.7
663,1000,167.0999,15,0.3,,1,0,5,2.1651,1,1146,0.6352,778.5,508,0,0.010262,0.270283,-5.26101,663000,10922.2
664,1000,149.3825,14,0.28,,1,0,6,2.2913,1,611,0.4512,630.9,961,0,0.01001,0.475871,-6.06394,664000,10938.7
665,1000,222.6194,17,0.34,,1,0,7,2.681,2,661,0.4012,589.5,983,0,0.010131,0.275851,-5.185267,665000,10955.3
666,1000,140.8626,15,0.3,,0,1,5,1.6394,0,538,0.52,630.7,736,0,0.010097,0.229922,-5.111446,666000,10971.8
667,1000,243.0871,19,0.38,,1,0,7,2.8614,2,600,0.387,592.9,780,0,0.010246,0.554268,-4.972463,667000,10988.5
668,1000,160.7875,15,0.3,,1,0,6,2.2776,1,1078,0.6092,697.9,976,0,0.01038,0.214383,-5.887575,668000,11005.2
669,1000,211.1179,17,0.34,,1,0,8,2.8614,2,1027,0.5205,717.0,697,0,0.01026,0.935187,-6.302355,669000,11021.9
670,1000,142.8049,14,0.28,,1,0,5,2.0616,1,1001,0.4055,692.6,715,0,0.010318,0.384915,-5.791365,670000,11038.3
671,1000,148.0108,13,0.26,,1,0,5,2.0463,1,664,0.4455,701.4,277,0,0.010233,0.597244,-5.641448,671000,11054.8
672,1000,63.8786,11,0.22,,1,0,5,2.2776,0,1881,0.4665,854.8,172,0,0.010349,0.463301,-6.63381,672000,11071.4
673,1000,141.1302,15,0.3,,1,0,5,2.1651,0,957,0.488,739.8,881,0,0.010374,0.274455,-6.066732,673000,11088.0
674,1000,87.7588,13,0.26,,1,0,5,2.0463,0,1938,0.5885,903.2,816,0,0.0104,0.194032,-6.325526,674000,11104.4
675,1000,157.192,14,0.28,,1,0,7,2.5,1,613,0.528,629.4,737,0,0.010482,0.486764,-6.420268,675000,11120.7
676,1000,145.8271,14,0.28,,1,0,5,2.0616,1,1153,0.6345,700.6,1000,0,0.010066,0.348906,-6.104948,676000,11137.6
677,1000,156.6548,15,0.3,,1,0,6,2.2776,1,494,0.32,572.3,578,0,0.009984,0.350635,-6.138765,677000,11154.5
678,1000,262.712,18,0.36,,1,0,7,2.6926,3,749,0.4105,743.1,890,0,0.010001,0.714088,-6.032691,678000,11170.6
679,1000,160.0298,14,0.28,,1,0,5,2.0616,1,546,0.5245,886.8,819,0,0.00998,0.2806,-6.713674,679000,11187.0
680,1000,216.32,17,0.34,,1,0,7,2.681,2,403,0.378,564.3,810,0,0.010126,0.372728,-6.412881,680000,11203.7
681,1000,162.2962,14,0.28,,1,0,5,2.0616,1,187,0.412,585.4,907,0,0.010058,0.210787,-5.610792,681000,11220.1
682,1000,153.467,13,0.26,,1,0,5,2.0463,1,103,0.346,579.9,584,0,0.010134,0.404866,-5.889698,682000,11236.3
683,1000,160.7584,15,0.3,,1,0,6,2.2776,1,368,0.3603,693.5,936,0,0.010237,0.543121,-6.617672,683000,11252.7
684,1000,135.191,15,0.3,,1,0,5,2.1651,0,880,0.3802,624.3,825,0,0.010194,0.34988,-5.187028,684000,11269.1
685,1000,97.9679,12,0.24,,1,0,5,2.1213,0,941,0.3643,664.5,741,0,0.010456,0.447342,-5.342827,685000,11285.3
686,1000,119.3014,14,0.28,,1,0,5,2.0616,0,806,0.6192,749.0,698,0,0.010258,0.426158,-6.895915,686000,11301.5
687,1000,124.8273,12,0.24,,1,0,5,1.8708,1,816,0.3362,690.1,170,0,0.010036,0.786508,-5.344894,687000,11318.0
688,1000,112.143,13,0.26,,1,0,5,1.9203,0,636,0.5383,590.0,802,0,0.010158,0.204411,-5.11502,688000,11334.4
689,1000,159.004,14,0.28,,1,0,6,2.2913,1,595,0.5335,706.8,624,0,0.010416,0.490265,-5.795958,689000,11351.0
690,1000,107.0211,13,0.26,,1,0,5,1.9203,0,909,0.6055,651.7,441,0,0.010344,0.441398,-6.413255,690000,11366.9
691,1000,231.2816,15,0.3,,1,0,5,2.1651,3,638,0.4457,721.6,413,0,0.010132,0.206455,-5.935475,691000,11383.5
692,1000,140.8173,13,0.26,,1,0,5,2.0463,1,1014,0.3945,555.6,648,0,0.010198,0.563686,-5.61268,692000,11399.9
693,1000,95.2282,12,0.24,,1,0,5,1.8708,0,501,0.3683,678.6,391,0,0.010419,0.488474,-5.086941,693000,11416.4
694,1000,134.9818,13,0.26,,1,0,5,1.9203,1,655,0.4263,620.1,564,0,0.010407,0.281259,-6.367273,694000,11432.7
695,1000,145.705,13,0.26,,1,0,6,2.3848,1,311,0.3177,562.8,938,0,0.010475,0.42794,-5.889778,695000,11449.1
696,1000,143.2123,13,0.26,,1,0,7,2.586,1,349,0.3162,488.0,925,0,0.010447,0.326712,-6.000926,696000,11466.4
697,1000,190.7994,14,0.28,,1,0,5,2.0616,2,497,0.3435,655.1,431,0,0.010024,0.401621,-6.110981,697000,11482.8
698,1000,95.6065,11,0.22,,1,0,4,1.6394,0,540,0.4552,536.3,917,0,0.010385,0.447409,-5.862307,698000,11499.0
699,1000,155.1342,14,0.28,,1,0,6,2.1794,1,251,0.4562,626.5,960,0,0.010034,0.316263,-5.687397,699000,11514.9
700,1000,128.6671,12,0.24,,1,0,5,2.1213,1,696,0.3832,614.1,479,0,0.010299,0.228623,-5.635565,700000,11531.6
701,1000,199.7711,15,0.3,,1,0,6,2.2776,2,775,0.2782,692.9,602,0,0.010615,0.287704,-5.183147,701000,11568.3
702,1000,165.6172,15,0.3,,1,0,5,2.1651,1,684,0.559,658.5,541,0,0.010528,0.285124,-6.233589,702000,11584.6
703,1000,104.3514,14,0.28,,1,0,5,2.0616,0,1688,0.5115,740.6,357,0,0.010499,0.391432,-6.426159,703000,11600.3
704,1000,202.8099,15,0.3,,1,0,5,2.1651,2,716,0.5337,667.8,857,0,0.010704,0.591938,-5.545044,704000,11617.4
705,1000,195.5035,15,0.3,,1,0,5,2.1651,2,395,0.5152,597.8,672,0,0.010671,0.454262,-5.47044,705000,11634.8
706,1000,88.9457,12,0.24,,1,0,5,2.1213,0,1405,0.4565,589.6,198,0,0.010589,0.706962,-5.39589,706000,11651.0
707,1000,174.6827,14,0.28,,1,0,5,2.0616,2,653,0.5288,650.0,449,0,0.010826,0.476271,-6.224881,707000,11667.9
708,1000,91.9195,12,0.24,,1,0,5,1.8708,0,417,0.3757,582.3,928,0,0.01074,0.388993,-5.284094,708000,11684.2
709,1000,180.336,16,0.32,,1,0,6,2.3452,1,253,0.3098,594.2,957,0,0.010681,0.206489,-4.974586,709000,11701.3
710,1000,53.9861,10,0.2,,1,0,5,1.8028,0,2512,0.4843,674.1,952,0,0.010965,0.485502,-5.180207,710000,11717.7
711,1000,114.3387,14,0.28,,0,1,5,1.5,0,1073,0.6603,709.4,895,0,0.011168,0.21296,-5.537431,711000,11734.3
712,1000,119.7389,15,0.3,,0,1,5,1.6394,0,1492,0.626,788.5,967,0,0.011222,0.251496,-5.334304,712000,11750.7
713,1000,142.176,13,0.26,,1,0,5,1.9203,1,497,0.5172,720.7,322,0,0.011333,1.073921,-6.23038,713000,11767.6
714,1000,130.6822,12,0.24,,1,0,5,1.8708,1,983,0.6062,668.6,756,0,0.010975,0.295338,-5.575574,714000,11784.4
715,1000,130.5775,12,0.24,,1,0,5,1.8708,1,425,0.3227,654.3,330,0,0.011046,0.475488,-5.446819,715000,11800.9
716,1000,150.3638,14,0.28,,1,0,5,2.0616,1,602,0.5125,661.2,228,0,0.010859,0.432776,-6.228961,716000,11817.0
717,1000,275.3085,19,0.38,,1,0,8,2.9475,3,290,0.3295,767.0,949,0,0.01093,0.825672,-5.744162,717000,11833.5
718,1000,230.8067,18,0.36,,1,0,9,3.2016,2,485,0.419,617.0,965,0,0.010797,0.412922,-5.820947,718000,11849.8
719,1000,107.6372,14,0.28,,1,0,5,2.0616,0,1575,0.6927,699.8,882,0,0.010959,0.49839,-5.88026,719000,11866.2
720,1000,161.0799,15,0.3,,1,0,5,2.1651,1,900,0.6212,598.0,694,0,0.010953,0.465087,-5.14095,720000,11882.3
721,1000,131.7187,15,0.3,,1,0,5,2.1651,0,776,0.4163,575.8,482,0,0.010814,0.281399,-5.718656,721000,11899.0
722,1000,69.1882,9,0.18,,1,0,4,1.479,0,432,0.3733,576.7,96,0,0.010643,0.225598,-5.418839,722000,11915.3
723,1000,161.2797,14,0.28,,1,0,5,2.0616,1,423,0.4918,616.0,645,0,0.01077,0.245787,-5.778395,723000,11932.4
724,1000,138.4915,14,0.28,,1,0,6,2.2913,1,19,0.4138,556.9,585,0,0.01057,0.242452,-4.784007,724000,11948.7
725,1000,231.7978,18,0.36,,1,0,7,2.8723,2,232,0.424,561.3,976,0,0.010476,0.229059,-5.494513,725000,11965.4
726,1000,163.5609,15,0.3,,1,0,8,3.0311,1,748,0.6202,762.7,866,0,0.010413,0.202298,-4.568793,726000,11982.2
727,1000,219.2447,17,0.34,,1,0,8,3.0311,2,625,0.5567,582.5,692,0,0.010544,0.351515,-5.634147,727000,11998.5
728,1000,98.0816,11,0.22,,1,0,4,1.6394,0,87,0.5108,628.9,378,0,0.010408,0.680973,-5.820703,728000,12014.7
729,1000,202.9428,15,0.3,,1,0,5,2.1651,2,641,0.5677,578.1,358,0,0.010373,0.503408,-4.808747,729000,12030.9
730,1000,95.4661,12,0.24,,1,0,5,1.8708,0,898,0.7015,725.7,939,0,0.010195,0.230807,-4.964532,730000,12047.1
731,1000,97.3145,12,0.24,,1,0,5,1.8708,0,586,0.6683,596.3,703,0,0.010079,0.561078,-5.907734,731000,12063.3
732,1000,130.1248,12,0.24,,1,0,5,1.8708,1,676,0.4657,618.1,615,0,0.010243,0.287008,-4.823231,732000,12080.1
733,1000,192.6495,14,0.28,,1,0,5,2.0616,2,390,0.4635,583.5,337,0,0.010421,0.331247,-5.091092,733000,12096.8
734,1000,142.5243,13,0.26,,1,0,6,2.3848,1,807,0.6915,652.2,908,0,0.010335,0.51717,-5.6238,734000,12115.3
735,1000,153.65,14,0.28,,1,0,6,2.1794,1,613,0.465,586.9,876,0,0.010447,0.30673,-6.077229,735000,12131.2
736,1000,135.0346,12,0.24,,1,0,5,1.8708,1,439,0.3455,544.8,410,0,0.010473,0.283497,-5.168661,736000,12146.7
737,1000,125.8222,13,0.26,,1,0,7,2.586,1,874,0.5867,552.4,809,0,0.010472,0.521636,-4.518807,737000,12163.4
738,1000,135.3098,13,0.26,,1,0,5,1.9203,1,98,0.3115,548.4,183,0,0.010479,0.229633,-5.255124,738000,12179.6
739,1000,172.3989,16,0.32,,1,0,8,2.8284,1,184,0.401,631.5,458,0,0.010373,0.576762,-5.879796,739000,12195.5
740,1000,191.3601,14,0.28,,1,0,5,2.0616,2,425,0.455,580.8,298,0,0.010482,0.382198,-5.754969,740000,12211.9
741,1000,97.6967,12,0.24,,1,0,5,1.8708,0,619,0.3453,530.3,416,0,0.010421,0.33946,-4.78053,741000,12227.7
742,1000,87.6956,11,0.22,,1,0,4,1.6394,0,253,0.4032,502.5,259,0,0.010197,0.395712,-5.037415,742000,12243.9
743,1000,134.517,13,0.26,,1,0,5,2.0463,1,621,0.5135,598.8,581,0,0.01022,0.42316,-4.679411,743000,12260.5
744,1000,149.7904,13,0.26,,1,0,5,2.0463,1,691,0.5108,570.4,264,0,0.010281,0.809153,-4.821243,744000,12276.9
745,1000,157.5558,14,0.28,,1,0,5,2.0616,1,517,0.468,574.7,405,0,0.010257,0.287897,-5.053985,745000,12293.4
746,1000,183.5478,14,0.28,,1,0,6,2.2913,2,325,0.5727,575.0,711,0,0.010315,0.478603,-5.252531,746000,12309.9
747,1000,149.1879,13,0.26,,1,0,5,2.0463,1,79,0.161,534.7,754,0,0.010566,0.235831,-4.281658,747000,12326.3
748,1000,53.4164,8,0.16,,1,0,4,1.5811,0,942,0.3847,568.7,971,0,0.010169,0.311867,-4.66797,748000,12342.3
749,1000,103.1685,12,0.24,,1,0,4,1.7321,0,384,0.549,502.5,607,0,0.009989,0.242591,-4.774358,749000,12358.7
750,1000,67.5457,9,0.18,,1,0,4,1.7854,0,371,0.2323,526.4,614,0,0.009868,0.351388,-5.221086,750000,12375.2
751,1000,103.3022,13,0.26,,1,0,5,1.9203,0,1219,0.4928,524.5,423,0,0.009807,0.271288,-5.652706,751000,12411.0
752,1000,89.883,11,0.22,,1,0,5,1.9203,0,581,0.6132,735.0,395,0,0.009792,0.3647,-5.54024,752000,12427.1
753,1000,185.5825,14,0.28,,1,0,5,2.0616,2,683,0.5038,555.6,378,0,0.009624,0.2258,-5.169312,753000,12443.4
754,1000,162.2031,14,0.28,,1,0,5,2.0616,1,910,0.451,722.8,621,0,0.0097,0.468215,-4.612869,754000,12459.4
755,1000,135.4004,13,0.26,,1,0,5,1.9203,1,1105,0.547,536.9,342,0,0.009851,0.490104,-4.632452,755000,12476.0
756,1000,83.6682,11,0.22,,1,0,4,1.6394,0,864,0.559,617.2,378,0,0.01016,0.323764,-4.887589,756000,12492.4
757,1000,119.4066,11,0.22,,1,0,5,2.2776,1,391,0.639,623.0,276,0,0.010107,0.343784,-5.276939,757000,12509.2
758,1000,102.2217,13,0.26,,1,0,5,2.0463,0,849,0.496,527.0,312,0,0.010277,0.555692,-4.667542,758000,12525.8
759,1000,155.7637,15,0.3,,1,0,8,2.8614,1,652,0.5777,558.1,979,0,0.010367,0.603945,-5.540335,759000,12542.3
760,1000,166.156,14,0.28,,1,0,5,2.0616,1,159,0.4612,554.7,722,0,0.010422,0.3769,-5.237988,760000,12558.8
761,1000,92.4935,12,0.24,,1,0,5,1.8708,0,860,0.387,548.6,824,0,0.010705,0.510047,-4.372819,761000,12575.8
762,1000,180.4955,16,0.32,,1,0,7,2.5495,1,463,0.5308,640.0,913,0,0.010589,0.355995,-4.904755,762000,12592.1
763,1000,43.3544,8,0.16,,1,0,4,1.4142,0,1150,0.4355,523.9,136,0,0.01057,0.400501,-4.98143,763000,12608.7
764,1000,65.7187,9,0.18,,1,0,4,1.479,0,779,0.3435,472.2,593,0,0.010802,0.505661,-4.259302,764000,12625.0
765,1000,96.1106,13,0.26,,1,0,5,2.0463,0,832,0.309,547.7,991,0,0.010822,0.346772,-4.59377,765000,12641.1
766,1000,63.8449,8,0.16,,1,0,4,1.5811,0,307,0.3588,442.1,208,0,0.010732,0.280366,-4.931602,766000,12657.9
767,1000,142.6855,13,0.26,,1,0,5,1.9203,1,629,0.453,616.5,372,0,0.0108,0.220029,-4.554661,767000,12674.5
768,1000,60.0134,9,0.18,,1,0,4,1.479,0,1777,0.4728,524.0,367,0,0.010686,0.317746,-4.709995,768000,12690.8
769,1000,116.2538,14,0.28,,1,0,5,2.0616,0,1437,0.515,609.7,765,0,0.011157,0.151893,-4.407993,769000,12707.6
770,1000,69.0227,10,0.2,,1,0,5,2.0616,0,1381,0.6637,584.8,170,0,0.011002,0.2432,-5.529685,770000,12724.1
771,1000,65.2885,9,0.18,,1,0,4,1.479,0,1101,0.6265,564.3,699,0,0.010816,0.338684,-4.050032,771000,12740.8
772,1000,108.4199,13,0.26,,1,0,5,2.0463,0,682,0.403,551.4,891,0,0.01071,0.419943,-5.104572,772000,12757.2
773,1000,90.749,11,0.22,,1,0,4,1.6394,0,699,0.4705,479.5,972,0,0.010781,0.212361,-4.713604,773000,12773.7
774,1000,58.2888,9,0.18,,1,0,4,1.479,0,1069,0.2785,500.4,701,0,0.010548,0.309828,-4.382939,774000,12790.7
775,1000,176.155,16,0.32,,1,0,7,2.5495,1,1164,0.5387,562.3,483,0,0.010713,0.357949,-3.784967,775000,12807.1
776,1000,168.677,16,0.32,,1,0,8,2.8284,1,378,0.668,585.1,961,0,0.010375,0.224744,-4.387592,776000,12823.7
777,1000,85.0562,11,0.22,,1,0,5,1.7854,0,1265,0.7083,645.2,358,0,0.010353,0.305839,-3.774239,777000,12840.4
778,1000,194.1457,15,0.3,,1,0,6,2.2776,2,945,0.4785,569.4,887,0,0.010342,0.378005,-4.045369,778000,12857.1
779,1000,96.7662,12,0.24,,1,0,5,1.8708,0,948,0.5675,662.7,207,0,0.010448,0.233081,-4.293486,779000,12873.8
780,1000,125.5008,11,0.22,,1,0,5,1.9203,1,502,0.5078,554.2,637,0,0.010264,0.218823,-4.701228,780000,12890.6
781,1000,80.4115,11,0.22,,1,0,4,1.6394,0,1343,0.5972,499.8,300,0,0.009968,0.483622,-4.581797,781000,12907.5
782,1000,99.5876,13,0.26,,1,0,5,1.9203,0,1397,0.4963,528.6,786,0,0.01019,0.208699,-4.053857,782000,12924.3
783,1000,191.5149,17,0.34,,1,0,8,2.8614,1,357,0.4662,552.3,856,0,0.010072,0.28209,-3.883317,783000,12940.7
784,1000,87.6476,11,0.22,,1,0,4,1.6394,0,928,0.401,518.0,996,0,0.01018,0.176275,-3.674375,784000,12957.5
785,1000,132.9156,11,0.22,,1,0,5,1.7854,1,200,0.423,526.7,385,0,0.009847,0.228178,-4.281884,785000,12974.2
786,1000,76.2833,10,0.2,,1,0,4,1.5,0,500,0.5128,557.4,428,0,0.009954,0.440003,-3.660101,786000,12989.8
787,1000,82.6044,11,0.22,,1,0,5,1.7854,0,658,0.6358,530.1,382,0,0.009976,0.322267,-3.776012,787000,13006.0
788,1000,95.0502,12,0.24,,1,0,5,1.8708,0,1158,0.4447,585.4,107,0,0.010063,0.586297,-3.723412,788000,13022.6
789,1000,75.7138,11,0.22,,1,0,5,1.7854,0,1708,0.5397,669.9,178,0,0.009901,0.364801,-4.796343,789000,13039.5
790,1000,185.115,14,0.28,,1,0,5,2.0616,2,509,0.551,611.9,572,0,0.009899,0.259652,-4.27511,790000,13056.3
791,1000,181.028,13,0.26,,1,0,6,2.3848,2,463,0.5853,565.6,732,0,0.009752,0.191658,-4.08794,791000,13073.3
792,1000,74.1254,11,0.22,,1,0,4,1.6394,0,533,0.6408,522.2,193,0,0.009828,0.290879,-4.302717,792000,13089.2
793,1000,144.7133,13,0.26,,1,0,6,2.1651,1,327,0.6693,738.1,348,0,0.009924,0.394562,-3.783836,793000,13105.8
794,1000,105.7923,14,0.28,,1,0,5,2.0616,0,1379,0.6378,758.4,989,0,0.009904,0.328896,-4.446913,794000,13122.6
795,1000,142.0081,14,0.28,,1,0,5,2.0616,1,1152,0.5262,615.4,779,0,0.009756,0.3001,-4.191282,795000,13138.7
796,1000,86.6307,11,0.22,,1,0,5,2.2776,0,880,0.6345,737.6,239,0,0.009885,0.210676,-4.105062,796000,13154.9
797,1000,141.1506,13,0.26,,1,0,5,2.0463,1,376,0.55,525.9,674,0,0.010008,0.411781,-3.75701,797000,13171.5
798,1000,95.3813,13,0.26,,1,0,5,1.9203,0,1564,0.493,539.7,745,0,0.010219,0.344824,-4.07938,798000,13187.1
799,1000,93.1274,12,0.24,,1,0,5,1.8708,0,983,0.6285,824.2,451,0,0.010146,0.80731,-4.276937,799000,13203.9
800,1000,172.054,15,0.3,,1,0,5,2.1651,1,490,0.4258,764.0,623,0,0.009939,0.28272,-4.146923,800000,13220.2
801,1000,139.5275,13,0.26,,1,0,5,1.9203,1,493,0.6048,644.6,720,0,0.009859,0.209492,-2.810451,801000,13255.5
802,1000,139.6999,12,0.24,,1,0,5,1.8708,1,423,0.4923,784.1,302,0,0.009837,0.93447,-4.17081,802000,13271.9
803,1000,96.3248,12,0.24,,1,0,5,2.1213,0,1087,0.3535,591.0,441,0,0.010024,0.199534,-4.271264,803000,13287.5
804,1000,228.0965,17,0.34,,1,0,7,2.586,2,177,0.3585,721.2,781,0,0.010159,0.37905,-2.914755,804000,13303.2
805,1000,213.0365,16,0.32,,1,0,6,2.4495,2,425,0.4587,621.9,957,0,0.010019,0.305126,-4.201635,805000,13320.3
806,1000,109.323,14,0.28,,1,0,5,2.0616,0,1096,0.51,648.1,673,0,0.010003,0.246137,-4.404577,806000,13337.3
807,1000,110.8587,13,0.26,,1,0,5,1.9203,0,150,0.4085,528.4,446,0,0.009767,0.315378,-3.332536,807000,13353.8
808,1000,154.4749,14,0.28,,1,0,5,2.0616,1,696,0.4642,617.8,449,0,0.009763,0.386855,-3.501959,808000,13370.4
809,1000,102.4978,13,0.26,,1,0,5,2.0463,0,1296,0.482,631.4,176,0,0.009865,0.208178,-3.758454,809000,13387.3
810,1000,168.0521,15,0.3,,1,0,5,2.1651,1,171,0.5308,556.6,803,0,0.009857,0.201044,-3.835343,810000,13403.6
811,1000,191.1546,14,0.28,,1,0,5,2.0616,2,479,0.2955,538.0,441,0,0.009803,0.225661,-3.08706,811000,13420.1
812,1000,125.9171,11,0.22,,1,0,5,1.7854,1,505,0.5363,544.8,144,0,0.009871,0.419038,-3.571297,812000,13437.1
813,1000,152.5862,14,0.28,,1,0,5,2.0616,1,1119,0.3782,654.7,554,0,0.009467,0.533465,-3.61391,813000,13453.3
814,1000,29.0219,7,0.14,,1,0,3,1.0897,0,1675,0.6095,738.6,584,0,0.00971,0.412928,-4.313637,814000,13470.1
815,1000,97.494,12,0.24,,1,0,5,1.8708,0,1030,0.6115,657.2,581,0,0.009309,0.276359,-3.105484,815000,13486.9
816,1000,121.9235,12,0.24,,1,0,5,1.8708,1,538,0.5577,519.8,324,0,0.009457,0.318741,-3.73437,816000,13503.0
817,1000,181.648,17,0.34,,1,0,9,3.1918,1,512,0.5182,661.4,957,0,0.009394,0.234186,-3.584564,817000,13519.6
818,1000,142.6429,13,0.26,,1,0,5,1.9203,1,579,0.3518,528.2,751,0,0.009315,0.413121,-3.02244,818000,13536.2
819,1000,132.0202,14,0.28,,1,0,5,2.0616,0,775,0.6392,655.9,446,0,0.009374,0.151615,-3.683485,819000,13552.5
820,1000,84.5617,11,0.22,,1,0,4,1.6394,0,774,0.458,681.0,920,0,0.009321,0.17767,-4.301927,820000,13569.0
821,1000,139.4618,14,0.28,,1,0,5,2.0616,1,1733,0.5138,648.7,362,0,0.009152,0.262634,-4.034328,821000,13586.6
822,1000,123.5782,14,0.28,,1,0,5,2.0616,0,500,0.461,600.9,634,0,0.009191,0.154199,-3.327934,822000,13604.2
823,1000,149.2126,14,0.28,,1,0,6,2.1794,1,886,0.5072,660.0,919,0,0.009006,0.378556,-3.977834,823000,13622.0
824,1000,161.4786,15,0.3,,1,0,6,2.2776,1,736,0.5032,598.7,593,0,0.009057,0.230426,-2.710059,824000,13638.8
825,1000,105.5082,12,0.24,,1,0,5,1.8708,0,266,0.477,560.0,889,0,0.009045,0.318222,-3.705384,825000,13655.4
826,1000,167.3699,16,0.32,,1,0,8,2.9155,1,724,0.5747,691.8,806,0,0.009417,0.623956,-2.93314,826000,13671.9
827,1000,193.8386,18,0.36,,0,1,9,2.958,1,944,0.5555,820.9,984,0,0.009372,0.157758,-2.675457,827000,13688.5
828,1000,131.536,13,0.26,,1,0,5,1.9203,1,1336,0.5705,662.1,610,0,0.009147,0.459383,-3.197552,828000,13704.8
829,1000,136.6497,13,0.26,,1,0,6,2.1651,1,558,0.4973,623.1,854,0,0.009217,0.211311,-3.129235,829000,13721.3
830,1000,158.4121,14,0.28,,1,0,7,2.6926,1,698,0.4928,626.0,735,0,0.009551,0.32756,-3.882146,830000,13737.7
831,1000,98.5366,12,0.24,,1,0,5,1.8708,0,892,0.515,696.6,596,0,0.009523,0.21557,-2.950529,831000,13754.0
832,1000,222.9626,17,0.34,,1,0,6,2.4875,2,323,0.5345,595.0,815,0,0.009445,0.338391,-3.842319,832000,13770.3
833,1000,98.5077,14,0.28,,1,0,5,2.0616,0,1758,0.4032,584.3,987,0,0.009629,0.208407,-4.103577,833000,13787.2
834,1000,68.3369,10,0.2,,1,0,5,2.0616,0,397,0.2665,471.1,269,0,0.009717,0.290639,-3.301739,834000,13803.7
835,1000,144.5618,13,0.26,,1,0,5,1.9203,1,420,0.544,659.8,488,0,0.009566,0.198848,-3.177694,835000,13820.4
836,1000,161.5541,14,0.28,,1,0,5,2.0616,1,230,0.5915,667.1,697,0,0.009635,0.30576,-3.778625,836000,13837.0
837,1000,110.7877,13,0.26,,1,0,5,1.9203,0,574,0.4395,653.5,472,0,0.009625,0.494757,-4.231167,837000,13853.2
838,1000,116.4005,14,0.28,,1,0,5,2.0616,0,640,0.614,571.5,932,0,0.009871,0.63305,-3.401867,838000,13869.5
839,1000,102.3458,12,0.24,,1,0,5,1.8708,0,532,0.4223,550.6,448,0,0.009819,0.569948,-3.825307,839000,13886.1
840,1000,172.9882,15,0.3,,1,0,5,2.1651,1,358,0.45,690.8,709,0,0.009773,0.219364,-2.815089,840000,13902.6
841,1000,178.589,15,0.3,,1,0,5,2.1651,1,145,0.4665,663.8,299,0,0.009536,0.425475,-3.527154,841000,13918.6
842,1000,224.167,17,0.34,,1,0,6,2.4875,2,618,0.3835,543.3,953,0,0.00993,0.431172,-2.875156,842000,13934.7
843,1000,184.5869,16,0.32,,1,0,6,2.3452,1,427,0.3887,592.8,870,0,0.009667,0.302173,-3.783231,843000,13950.2
844,1000,168.7877,15,0.3,,1,0,7,2.4875,1,369,0.4555,541.4,901,0,0.009661,0.324717,-3.241537,844000,13966.6
845,1000,114.8254,13,0.26,,1,0,5,2.0463,0,502,0.4475,670.9,135,0,0.009882,0.38594,-3.138574,845000,13983.2
846,1000,129.9233,14,0.28,,1,0,5,2.0616,0,501,0.5288,602.6,621,0,0.009595,0.335034,-4.013885,846000,13999.9
847,1000,103.8585,13,0.26,,1,0,5,2.0463,0,1465,0.7083,692.5,764,0,0.009825,0.245988,-3.822816,847000,14016.0
848,1000,107.4041,14,0.28,,1,0,5,2.0616,0,1414,0.672,822.3,487,0,0.009982,0.468666,-3.859326,848000,14031.5
849,1000,167.6101,15,0.3,,1,0,6,2.2776,1,569,0.537,691.3,946,0,0.009991,0.202218,-3.941295,849000,14047.7
850,1000,92.3769,12,0.24,,1,0,5,2.1213,0,1494,0.4682,823.2,687,0,0.010087,0.255815,-3.685938,850000,14064.1
851,1000,143.652,13,0.26,,1,0,5,1.9203,1,315,0.44,557.2,213,0,0.009923,0.948525,-4.094495,851000,14099.7
852,1000,113.7368,13,0.26,,1,0,5,2.0463,0,669,0.3643,522.1,961,0,0.009957,0.32406,-3.733321,852000,14116.3
853,1000,127.2419,15,0.3,,1,0,5,2.1651,0,936,0.5457,643.3,929,0,0.009928,0.215011,-3.587935,853000,14132.1
854,1000,128.9269,14,0.28,,1,0,5,2.0616,0,245,0.636,660.0,707,0,0.010005,0.191196,-3.808051,854000,14147.9
855,1000,187.7082,14,0.28,,1,0,5,2.0616,2,242,0.5757,581.7,389,0,0.009899,0.507329,-2.900852,855000,14164.4
856,1000,167.0573,15,0.3,,1,0,5,2.1651,1,338,0.344,526.1,689,0,0.010023,0.410192,-3.542259,856000,14181.1
857,1000,236.0868,18,0.36,,1,0,8,2.8723,2,456,0.426,711.2,993,0,0.010092,0.426936,-3.902997,857000,14197.6
858,1000,153.153,14,0.28,,1,0,5,2.0616,1,1134,0.521,551.3,217,0,0.00995,0.297648,-2.960523,858000,14214.6
859,1000,165.0038,15,0.3,,1,0,5,2.1651,1,625,0.5687,587.4,989,0,0.009767,0.421114,-3.70488,859000,14231.5
860,1000,173.2599,15,0.3,,1,0,5,2.1651,1,493,0.595,618.6,387,0,0.009679,0.196576,-2.971648,860000,14247.6
861,1000,168.9666,15,0.3,,1,0,5,2.1651,1,641,0.632,685.6,612,0,0.009635,0.272694,-3.100512,861000,14264.2
862,1000,183.9326,16,0.32,,1,0,6,2.3452,1,812,0.5815,735.4,729,0,0.009519,0.271539,-4.04512,862000,14280.7
863,1000,102.1239,14,0.28,,0,2,5,1.118,0,1597,0.5958,732.8,545,0,0.009621,0.264967,-3.472842,863000,14297.1
864,1000,113.2112,14,0.28,,1,0,5,2.0616,0,1355,0.6663,705.6,836,0,0.009379,0.205961,-4.11331,864000,14313.7
865,1000,148.1567,14,0.28,,1,0,5,2.0616,1,527,0.5637,636.5,272,0,0.009225,0.190619,-3.460022,865000,14329.9
866,1000,180.9684,17,0.34,,1,0,8,2.8614,1,740,0.5955,689.9,683,0,0.009105,0.320202,-3.503716,866000,14346.0
867,1000,69.7671,9,0.18,,1,0,5,1.7854,0,1286,0.6847,641.9,646,0,0.009054,0.362296,-3.362101,867000,14362.2
868,1000,139.9859,15,0.3,,1,0,5,2.1651,0,470,0.6825,693.8,712,0,0.009117,0.179155,-3.448613,868000,14378.6
869,1000,121.5255,14,0.28,,1,0,5,2.0616,0,915,0.4632,625.4,582,0,0.009126,0.357309,-4.560628,869000,14395.1
870,1000,141.6925,13,0.26,,1,0,5,1.9203,1,691,0.3565,648.8,280,0,0.008989,0.290602,-3.696513,870000,14411.7
871,1000,154.3244,14,0.28,,1,0,5,2.0616,1,881,0.4215,597.3,431,0,0.00916,0.272396,-3.615755,871000,14427.5
872,1000,144.04,14,0.28,,1,0,5,2.0616,1,1563,0.522,633.9,331,0,0.009151,0.208128,-3.465615,872000,14445.0
873,1000,164.9829,14,0.28,,1,0,5,2.0616,1,332,0.5135,658.5,677,0,0.009081,0.243893,-3.370389,873000,14461.7
874,1000,113.1676,13,0.26,,1,0,5,1.9203,0,639,0.542,666.0,588,0,0.009048,0.303298,-3.359724,874000,14478.0
875,1000,163.889,14,0.28,,1,0,5,2.0616,1,234,0.3997,703.8,367,0,0.009143,0.609167,-3.768697,875000,14494.1
876,1000,83.9178,11,0.22,,1,0,5,1.9203,0,1063,0.3957,621.5,868,0,0.009214,0.308454,-4.624279,876000,14510.4
877,1000,104.4927,13,0.26,,1,0,5,2.0463,0,979,0.7063,754.5,908,0,0.009036,0.352471,-5.012782,877000,14527.1
878,1000,122.637,14,0.28,,1,0,5,2.0616,0,850,0.3285,545.5,513,0,0.009028,0.227866,-3.623103,878000,14543.7
879,1000,110.0177,12,0.24,,1,0,5,2.1213,0,724,0.5018,727.6,267,0,0.009027,0.202434,-3.672634,879000,14560.4
880,1000,167.1154,15,0.3,,1,0,5,2.1651,1,496,0.555,641.3,513,0,0.009006,0.203033,-3.549646,880000,14576.6
881,1000,176.3281,14,0.28,,1,0,5,2.0616,2,715,0.2953,647.9,723,0,0.008989,0.344608,-4.549532,881000,14593.3
882,1000,179.7172,16,0.32,,1,0,6,2.3452,1,472,0.4672,653.3,970,0,0.008735,0.341911,-4.550315,882000,14609.8
883,1000,210.3623,20,0.4,,0,1,9,2.8284,1,736,0.4507,647.6,918,0,0.008714,0.719895,-3.614255,883000,14626.1
884,1000,158.2592,14,0.28,,1,0,5,2.0616,1,788,0.454,582.5,649,0,0.008781,0.352165,-4.196558,884000,14642.3
885,1000,170.9245,15,0.3,,1,0,5,2.1651,1,523,0.4113,579.4,684,0,0.008999,0.162954,-4.994931,885000,14659.1
886,1000,127.4693,14,0.28,,1,0,5,2.0616,0,585,0.4645,608.7,876,0,0.009002,0.225411,-4.440764,886000,14675.4
887,1000,164.2548,15,0.3,,1,0,5,2.1651,1,943,0.474,603.6,367,0,0.008817,0.251145,-3.524876,887000,14692.1
888,1000,173.9117,16,0.32,,1,0,6,2.3452,1,1073,0.4382,576.7,607,0,0.00909,0.208483,-3.387071,888000,14708.3
889,1000,100.525,12,0.24,,1,0,4,1.7321,0,1111,0.3638,533.5,271,0,0.009012,0.210752,-4.121166,889000,14725.2
890,1000,215.1653,17,0.34,,1,0,7,2.681,2,598,0.3227,601.8,800,0,0.009128,0.256036,-4.464384,890000,14741.6
891,1000,88.2643,12,0.24,,1,0,5,1.8708,0,2007,0.4235,607.9,609,0,0.00893,0.315427,-4.682484,891000,14758.8
892,1000,171.8882,16,0.32,,1,0,9,3.3912,1,454,0.608,572.0,696,0,0.009147,0.57873,-4.034855,892000,14775.0
893,1000,135.0143,13,0.26,,1,0,5,2.0463,1,204,0.2425,632.6,374,0,0.009023,0.179654,-4.232802,893000,14792.0
894,1000,82.8201,12,0.24,,1,0,5,1.8708,0,1479,0.4795,735.5,937,0,0.008965,0.250723,-4.921736,894000,14807.8
895,1000,180.6866,16,0.32,,1,0,6,2.3452,1,133,0.356,572.6,936,0,0.008823,0.189302,-4.883473,895000,14824.0
896,1000,108.7939,13,0.26,,1,0,5,2.0463,0,852,0.4235,537.2,555,0,0.009224,0.25886,-3.874447,896000,14840.1
897,1000,147.336,14,0.28,,1,0,5,2.0616,1,586,0.5102,587.3,246,0,0.009078,0.245331,-4.399285,897000,14856.1
898,1000,114.6494,13,0.26,,1,0,5,2.0463,0,768,0.4365,543.4,205,0,0.009323,0.148732,-4.616457,898000,14872.1
899,1000,170.9557,16,0.32,,1,0,7,2.5495,1,909,0.3762,616.9,758,0,0.009215,0.226097,-3.660149,899000,14888.7
900,1000,142.5126,13,0.26,,1,0,5,1.9203,1,374,0.4185,680.0,321,0,0.009368,0.33201,-3.864995,900000,14905.1
901,1000,84.3837,11,0.22,,1,0,4,1.6394,0,372,0.292,484.0,524,0,0.009533,0.423226,-4.962832,901000,14940.9
902,1000,78.503,11,0.22,,1,0,5,1.9203,0,1016,0.3985,563.6,778,0,0.009447,0.272509,-4.358317,902000,14957.5
903,1000,127.5777,14,0.28,,1,0,5,2.0616,0,423,0.5335,597.5,551,0,0.009336,0.45814,-4.399631,903000,14973.3
904,1000,144.1488,14,0.28,,1,0,5,2.0616,1,1103,0.5485,763.8,761,0,0.009525,0.327298,-4.890011,904000,14989.8
905,1000,214.4121,17,0.34,,1,0,8,2.8614,2,549,0.45,718.5,825,0,0.009236,0.175092,-4.687494,905000,15006.1
906,1000,209.6868,16,0.32,,1,0,7,2.7386,2,516,0.347,594.9,877,0,0.009481,0.457779,-4.776262,906000,15022.0
907,1000,170.0229,15,0.3,,1,0,5,2.1651,1,541,0.499,614.9,951,0,0.009357,0.188058,-5.116566,907000,15038.5
908,1000,136.2942,15,0.3,,1,0,5,2.1651,0,194,0.3038,681.7,304,0,0.009295,0.186065,-4.499499,908000,15055.1
909,1000,121.236,14,0.28,,1,0,5,2.0616,0,352,0.4898,595.0,565,0,0.009405,0.191635,-4.331989,909000,15071.7
910,1000,75.6659,10,0.2,,1,0,5,2.0616,0,643,0.4793,539.2,369,0,0.00938,0.242997,-4.892303,910000,15088.1
911,1000,143.4714,14,0.28,,1,0,5,2.0616,1,441,0.367,571.1,426,0,0.009331,0.273914,-5.221656,911000,15104.7
912,1000,126.3865,12,0.24,,1,0,5,1.8708,1,537,0.386,660.4,664,0,0.009382,0.334151,-4.353113,912000,15121.0
913,1000,127.241,14,0.28,,1,0,5,2.0616,0,488,0.5005,554.2,584,0,0.009468,0.359347,-4.607569,913000,15137.5
914,1000,118.3239,14,0.28,,1,0,5,2.0616,0,882,0.6078,634.9,762,0,0.009723,0.324726,-4.755559,914000,15154.5
915,1000,147.1662,14,0.28,,1,0,5,2.0616,1,780,0.3937,598.9,251,0,0.009778,0.33987,-4.41727,915000,15171.0
916,1000,147.6027,14,0.28,,1,0,5,2.0616,1,1051,0.3603,561.3,326,0,0.009675,0.693421,-4.130924,916000,15187.3
917,1000,125.7614,15,0.3,,1,0,5,2.1651,0,1082,0.6653,611.6,710,0,0.009475,0.223337,-4.260512,917000,15203.5
918,1000,168.554,16,0.32,,1,0,7,2.5495,1,992,0.5537,652.0,998,0,0.009389,0.46833,-4.168951,918000,15219.9
919,1000,141.9656,14,0.28,,1,0,5,2.0616,1,1175,0.6072,681.1,637,0,0.009303,0.458986,-4.323305,919000,15236.7
920,1000,5.7941,4,0.08,,1,0,2,0.7071,0,1222,0.4818,598.8,76,0,0.009459,0.266595,-5.470885,920000,15253.2
921,1000,103.7957,12,0.24,,1,0,4,1.7321,0,371,0.3272,612.2,211,0,0.009759,0.207283,-5.269461,921000,15269.8
922,1000,92.4664,12,0.24,,1,0,5,1.8708,0,1046,0.4158,601.4,768,0,0.009489,0.203515,-4.881868,922000,15286.2
923,1000,124.3693,14,0.28,,1,0,5,2.0616,0,480,0.3227,566.8,792,0,0.009644,0.356261,-4.101113,923000,15303.6
924,1000,131.9713,15,0.3,,1,0,5,2.1651,0,393,0.4103,608.9,699,0,0.00943,0.611351,-4.876696,924000,15320.5
925,1000,178.8826,15,0.3,,1,0,5,2.1651,1,240,0.2612,532.1,391,0,0.009394,0.27566,-5.437971,925000,15337.1
926,1000,75.3927,11,0.22,,1,0,5,1.7854,0,1687,0.5887,552.1,829,0,0.009399,0.436129,-4.848127,926000,15354.1
927,1000,110.1807,13,0.26,,1,0,5,1.9203,0,322,0.452,642.5,346,0,0.009604,0.19797,-4.82915,927000,15371.0
928,1000,127.4478,15,0.3,,1,0,5,2.1651,0,806,0.5635,656.5,700,0,0.009305,0.277248,-4.857794,928000,15387.1
929,1000,221.6552,17,0.34,,1,0,7,2.586,2,594,0.4938,688.3,824,0,0.009376,0.615615,-5.222365,929000,15404.0
930,1000,86.4053,12,0.24,,1,0,5,1.8708,0,1225,0.453,587.6,426,0,0.009302,0.362299,-5.163712,930000,15420.5
931,1000,188.7235,15,0.3,,1,0,6,2.4875,2,944,0.507,675.5,875,0,0.009515,0.295239,-4.483538,931000,15436.7
932,1000,141.6062,14,0.28,,1,0,6,2.1794,1,329,0.4015,566.9,875,0,0.009416,0.303126,-5.024335,932000,15453.0
933,1000,128.4817,14,0.28,,1,0,5,2.0616,0,135,0.421,648.5,495,0,0.009573,0.193308,-4.673683,933000,15470.0
934,1000,227.9503,18,0.36,,1,0,8,2.8723,2,663,0.4415,642.1,949,0,0.00928,0.200448,-4.778409,934000,15486.1
935,1000,151.2253,14,0.28,,1,0,5,2.0616,1,912,0.4395,559.7,579,0,0.009451,0.215035,-5.334258,935000,15502.7
936,1000,96.5935,12,0.24,,1,0,5,1.8708,0,930,0.6428,568.9,507,0,0.009434,1.288599,-5.155924,936000,15519.3
937,1000,87.2356,11,0.22,,1,0,4,1.6394,0,817,0.5323,672.8,454,0,0.009649,0.671771,-4.955951,937000,15535.5
938,1000,175.6913,15,0.3,,1,0,6,2.2776,1,391,0.5917,654.5,756,0,0.009559,0.301649,-4.694816,938000,15550.5
939,1000,86.4296,12,0.24,,1,0,5,2.1213,0,601,0.2772,534.0,306,0,0.009367,0.173922,-3.951665,939000,15566.8
940,1000,122.367,15,0.3,,1,0,5,2.1651,0,882,0.601,640.9,978,0,0.009158,0.760212,-4.548479,940000,15583.5
941,1000,119.8193,12,0.24,,1,0,5,2.1213,1,1414,0.5703,623.0,633,0,0.009161,0.542717,-4.792008,941000,15600.1
942,1000,192.6692,15,0.3,,1,0,6,2.2776,2,799,0.3817,570.1,763,0,0.009142,0.590809,-4.505213,942000,15616.2
943,1000,136.8306,13,0.26,,1,0,5,1.9203,1,1023,0.3332,529.4,611,0,0.009449,0.436302,-4.657817,943000,15632.8
944,1000,149.0124,16,0.32,,0,2,5,1.2247,0,433,0.3635,606.3,961,0,0.0094,0.251908,-5.153101,944000,15648.7
945,1000,94.1952,12,0.24,,1,0,4,1.7321,0,703,0.6452,526.4,654,0,0.009528,0.353365,-4.110953,945000,15664.6
946,1000,85.4847,12,0.24,,1,0,5,1.8708,0,946,0.339,540.0,562,0,0.009754,0.330666,-4.576676,946000,15681.2
947,1000,181.9951,14,0.28,,1,0,5,2.0616,2,437,0.2745,679.4,655,0,0.009514,0.249561,-3.754959,947000,15697.1
948,1000,95.4361,13,0.26,,1,0,5,2.0463,0,1551,0.5228,778.3,804,0,0.009672,0.235415,-3.788874,948000,15713.4
949,1000,72.0048,10,0.2,,1,0,5,2.0616,0,1642,0.428,533.6,359,0,0.009671,0.435416,-4.459733,949000,15730.3
950,1000,40.8892,7,0.14,,2,0,4,1.7854,0,1133,0.523,560.3,507,0,0.009692,0.497794,-3.745677,950000,15747.1
951,1000,93.4817,12,0.24,,1,0,5,1.8708,0,994,0.5717,645.9,371,0,0.009769,0.233334,-5.13005,951000,15782.5
952,1000,206.9338,16,0.32,,1,0,6,2.3452,2,1531,0.4778,722.0,563,0,0.009775,0.737048,-3.579454,952000,15799.5
953,1000,122.367,14,0.28,,1,0,5,2.0616,0,527,0.4407,593.2,651,0,0.009753,0.293892,-4.104738,953000,15815.4
954,1000,238.6335,16,0.32,,1,0,6,2.3452,3,909,0.474,550.3,864,0,0.009932,0.356686,-4.86024,954000,15830.9
955,1000,207.7983,15,0.3,,1,0,5,2.1651,2,735,0.4153,704.2,714,0,0.010074,0.454699,-4.331734,955000,15844.1
956,1000,109.8778,13,0.26,,1,0,5,2.0463,0,759,0.483,654.7,323,0,0.009935,0.297558,-4.157524,956000,15857.2
957,1000,157.304,14,0.28,,1,0,5,2.0616,1,499,0.4427,568.8,287,0,0.010169,0.522036,-4.430363,957000,15870.6
958,1000,236.4706,15,0.3,,1,0,5,2.1651,3,397,0.4665,698.5,541,0,0.010124,0.347249,-5.406117,958000,15883.7
959,1000,133.4803,15,0.3,,1,0,5,2.1651,0,440,0.291,606.8,770,0,0.010013,0.459338,-4.148294,959000,15896.8
960,1000,139.917,15,0.3,,1,0,5,2.1651,0,829,0.5128,665.2,234,0,0.010112,0.260112,-4.965669,960000,15909.9
961,1000,115.7681,13,0.26,,1,0,5,1.9203,0,433,0.437,638.9,289,0,0.010072,0.345456,-4.382454,961000,15923.4
962,1000,101.7222,14,0.28,,1,0,5,2.0616,0,1825,0.3992,596.7,961,0,0.010305,0.251461,-4.322845,962000,15937.2
963,1000,54.705,9,0.18,,1,0,5,1.9203,0,1817,0.4632,629.4,201,0,0.009904,0.259948,-4.745214,963000,15950.6
964,1000,111.8181,13,0.26,,1,0,5,1.9203,0,694,0.4858,554.9,397,0,0.009944,0.236694,-4.690231,964000,15964.0
965,1000,100.5456,12,0.24,,1,0,5,2.1213,0,995,0.5917,590.6,459,0,0.009897,0.324592,-4.74865,965000,15977.5
966,1000,124.2151,14,0.28,,1,0,5,2.0616,0,675,0.3865,697.3,412,0,0.009853,0.597109,-4.330014,966000,15991.0
967,1000,117.8939,12,0.24,,1,0,5,2.1213,1,176,0.312,583.2,510,0,0.010039,0.507918,-5.019162,967000,16004.1
968,1000,183.848,16,0.32,,1,0,6,2.3452,1,367,0.3653,574.8,763,0,0.010053,0.304791,-5.092524,968000,16017.5
969,1000,107.4873,13,0.26,,1,0,5,1.9203,0,199,0.6028,606.7,353,0,0.009992,0.623506,-3.854723,969000,16030.7
970,1000,141.7977,14,0.28,,1,0,5,2.0616,1,1257,0.4923,589.6,838,0,0.010327,0.387452,-3.101541,970000,16043.9
971,1000,92.3656,12,0.24,,1,0,5,1.8708,0,767,0.5753,653.2,576,0,0.010542,0.379343,-4.588219,971000,16057.5
972,1000,178.2329,15,0.3,,1,0,5,2.1651,1,226,0.3003,575.6,881,0,0.010384,1.473309,-5.305254,972000,16070.1
973,1000,153.0674,13,0.26,,1,0,5,2.0463,1,308,0.6715,583.8,555,0,0.010654,0.393605,-4.954525,973000,16083.7
974,1000,187.8653,14,0.28,,1,0,5,2.0616,2,236,0.536,640.5,333,0,0.010488,0.473742,-4.143009,974000,16096.6
975,1000,205.1255,16,0.32,,1,0,6,2.4495,2,522,0.2635,549.1,761,0,0.010717,0.281825,-4.897936,975000,16109.9
976,1000,113.323,14,0.28,,1,0,5,2.0616,0,1416,0.6645,690.0,635,0,0.010816,0.60349,-5.115514,976000,16123.9
977,1000,175.4191,13,0.26,,1,0,5,2.0463,2,654,0.2923,557.0,408,0,0.010876,0.34037,-5.361882,977000,16137.3
978,1000,109.4031,13,0.26,,1,0,5,2.0463,0,427,0.493,617.0,437,0,0.010508,0.545832,-4.344247,978000,16150.8
979,1000,144.8539,13,0.26,,1,0,5,2.0463,1,1271,0.226,587.7,237,0,0.010486,0.744974,-4.419664,979000,16164.5
980,1000,124.3408,14,0.28,,1,0,5,2.0616,0,258,0.4108,558.3,845,0,0.010453,0.30296,-4.323567,980000,16177.9
981,1000,211.5148,16,0.32,,1,0,8,2.9155,2,697,0.4968,611.0,945,0,0.010695,0.416059,-5.312323,981000,16191.5
982,1000,176.0677,15,0.3,,1,0,5,2.1651,1,244,0.3,576.8,434,0,0.010527,0.261586,-4.446925,982000,16205.0
983,1000,92.3509,12,0.24,,1,0,5,1.8708,0,200,0.4928,646.7,368,0,0.010432,0.279474,-3.995444,983000,16218.4
984,1000,131.3739,14,0.28,,1,0,5,2.0616,0,116,0.4758,602.3,844,0,0.010734,0.433249,-3.954317,984000,16232.1
985,1000,104.9716,13,0.26,,1,0,5,1.9203,0,902,0.3852,549.5,671,0,0.010526,1.033273,-4.145358,985000,16245.9
986,1000,132.1957,15,0.3,,1,0,5,2.1651,0,956,0.4115,595.8,946,0,0.010478,0.832472,-4.176164,986000,16259.1
987,1000,147.5963,13,0.26,,1,0,5,2.0463,1,571,0.5132,564.9,328,0,0.010585,0.454944,-3.905906,987000,16271.8
988,1000,70.8368,11,0.22,,1,0,5,1.9203,0,2839,0.4758,554.6,504,0,0.01049,0.459175,-4.547467,988000,16285.0
989,1000,191.4861,18,0.36,,1,0,9,3.2016,1,971,0.4205,588.5,998,0,0.010354,0.338906,-3.443698,989000,16297.5
990,1000,168.6416,15,0.3,,1,0,5,2.1651,1,557,0.475,754.2,633,0,0.010251,0.481173,-3.729267,990000,16310.6
991,1000,126.8601,14,0.28,,1,0,5,2.0616,0,338,0.3987,587.0,619,0,0.010216,0.452169,-4.812811,991000,16324.2
992,1000,132.6915,13,0.26,,1,0,5,1.9203,1,1389,0.348,555.5,626,0,0.010511,0.322313,-5.220094,992000,16337.9
993,1000,73.4648,11,0.22,,1,0,5,1.9203,0,1413,0.6445,529.2,518,0,0.010452,0.496727,-4.022655,993000,16351.6
994,1000,111.8152,13,0.26,,1,0,5,1.9203,0,287,0.6667,655.9,535,0,0.010299,0.632008,-3.882536,994000,16364.9
995,1000,109.301,13,0.26,,1,0,5,2.0463,0,515,0.5713,747.3,499,0,0.010431,0.279828,-4.116474,995000,16378.3
996,1000,159.6194,14,0.28,,1,0,5,2.0616,1,155,0.401,584.9,295,0,0.010203,0.216618,-3.639289,996000,16390.9
997,1000,156.8439,14,0.28,,1,0,5,2.0616,1,404,0.4052,563.8,482,0,0.01044,0.457388,-4.205856,997000,16403.5
998,1000,92.5598,12,0.24,,1,0,5,2.1213,0,1432,0.4562,833.6,347,0,0.010378,0.283852,-3.373886,998000,16415.5
999,1000,111.9342,11,0.22,,1,0,5,1.9203,1,546,0.4045,576.4,622,0,0.010352,0.370304,-4.123884,999000,16425.8
1000,1000,98.53,12,0.24,,1,0,5,1.8708,0,655,0.3785,564.3,287,0,0.010487,0.388108,-4.788363,1000000,16436.2
1001,1000,116.6822,14,0.28,,1,0,5,2.0616,0,761,0.485,560.4,913,0,0.010536,0.382014,-4.796829,1001000,16459.3
1002,1000,138.3512,14,0.28,,1,0,7,2.6926,1,1087,0.2805,630.8,891,0,0.010519,0.455541,-4.298386,1002000,16469.9
1003,1000,128.5534,15,0.3,,1,0,5,2.1651,0,956,0.567,605.9,749,0,0.010427,0.340356,-4.208358,1003000,16480.4
1004,1000,103.5792,12,0.24,,1,0,5,2.1213,0,968,0.4507,639.2,182,0,0.010692,0.559105,-4.322264,1004000,16491.0
1005,1000,92.8264,11,0.22,,1,0,4,1.6394,0,489,0.4373,601.8,730,0,0.01051,0.211492,-3.758009,1005000,16501.8
1006,1000,101.7683,13,0.26,,1,0,5,1.9203,0,972,0.4022,748.9,862,0,0.010434,0.341146,-3.53448,1006000,16512.6
1007,1000,177.7937,15,0.3,,1,0,7,2.586,1,40,0.2973,555.4,707,0,0.010408,0.433324,-4.29714,1007000,16523.1
1008,1000,163.175,15,0.3,,1,0,5,2.1651,1,1310,0.3765,583.8,322,0,0.01048,0.257549,-4.388888,1008000,16533.2
1009,1000,115.6141,14,0.28,,1,0,5,2.0616,0,652,0.263,531.8,471,0,0.010702,0.267623,-3.923313,1009000,16543.0
1010,1000,117.458,14,0.28,,1,0,5,2.0616,0,648,0.4165,570.7,388,0,0.010691,0.206296,-3.810578,1010000,16554.2
1011,1000,149.3216,15,0.3,,1,0,6,2.2776,1,1134,0.3435,567.9,717,0,0.010571,0.357453,-3.533177,1011000,16565.0
1012,1000,152.6804,14,0.28,,1,0,5,2.0616,1,738,0.4295,629.5,271,0,0.010485,0.497813,-4.382254,1012000,16575.8
1013,1000,177.3341,16,0.32,,1,0,6,2.3452,1,693,0.4627,562.5,656,0,0.010526,0.430449,-3.520107,1013000,16586.4
1014,1000,80.0188,11,0.22,,1,0,5,1.9203,0,413,0.6155,657.1,800,0,0.010886,0.326948,-4.213724,1014000,16597.3
1015,1000,95.5064,12,0.24,,1,0,5,1.8708,0,905,0.3475,537.7,522,0,0.010397,0.438702,-4.419881,1015000,16607.9
1016,1000,95.0235,12,0.24,,1,0,4,1.7321,0,521,0.261,530.5,744,0,0.010329,0.518357,-4.550871,1016000,16618.4
1017,1000,117.0558,13,0.26,,1,0,5,1.9203,0,158,0.3663,577.4,259,0,0.010115,0.369803,-4.1307,1017000,16628.6
1018,1000,-5.4802,4,0.08,,2,0,2,1.0,0,1623,0.462,523.3,801,0,0.010137,0.451621,-4.777437,1018000,16639.8
1019,1000,113.3231,13,0.26,,1,0,5,2.0463,0,438,0.2707,641.1,904,0,0.009989,0.21027,-4.405662,1019000,16650.1
1020,1000,93.9452,12,0.24,,1,0,5,1.8708,0,938,0.4745,605.7,116,0,0.010077,0.333384,-3.511246,1020000,16660.3
1021,1000,186.7852,14,0.28,,1,0,5,2.0616,2,362,0.3802,650.7,492,0,0.010274,0.383896,-4.357675,1021000,16670.8
1022,1000,231.2854,16,0.32,,1,0,6,2.3452,3,802,0.307,547.1,851,0,0.010204,0.3183,-4.157322,1022000,16681.9
1023,1000,120.7939,13,0.26,,1,0,8,2.9475,1,545,0.1998,570.7,978,0,0.010034,0.319275,-3.685028,1023000,16692.4
1024,1000,102.1255,14,0.28,,1,0,5,2.0616,0,2219,0.5058,610.4,953,0,0.010079,0.222823,-4.227679,1024000,16703.6
1025,1000,90.8926,12,0.24,,1,0,5,2.1213,0,760,0.5393,558.4,676,0,0.01004,0.242572,-3.992989,1025000,16714.0
1026,1000,126.9591,12,0.24,,1,0,5,2.1213,1,538,0.289,539.3,249,0,0.009986,0.459152,-5.013982,1026000,16724.5
1027,1000,169.6242,15,0.3,,1,0,6,2.2776,1,382,0.534,585.7,994,0,0.010023,0.244954,-3.337242,1027000,16734.6
1028,1000,126.5214,15,0.3,,1,0,5,2.1651,0,1190,0.584,712.8,764,0,0.009885,0.197097,-4.671173,1028000,16745.0
1029,1000,199.2612,15,0.3,,1,0,7,2.586,2,667,0.4062,587.9,964,0,0.009821,0.19729,-3.704228,1029000,16756.4
1030,1000,84.2792,11,0.22,,1,0,5,1.9203,0,500,0.3855,603.7,196,0,0.01006,0.513368,-3.662346,1030000,16767.0
1031,1000,100.2781,13,0.26,,1,0,5,2.0463,0,1008,0.4395,579.5,816,0,0.010068,0.348441,-3.907939,1031000,16778.0
1032,1000,94.6505,12,0.24,,1,0,5,1.8708,0,1106,0.6408,644.9,676,0,0.010191,0.347799,-3.497137,1032000,16789.0
1033,1000,161.0405,15,0.3,,1,0,5,2.1651,1,1104,0.4607,720.0,580,0,0.010077,0.188728,-4.916033,1033000,16799.8
1034,1000,179.6569,13,0.26,,1,0,5,2.0463,2,456,0.2155,526.4,376,0,0.010152,0.267595,-3.3248,1034000,16810.2
1035,1000,57.2967,11,0.22,,1,0,5,1.9203,0,2430,0.6405,559.9,646,0,0.010406,0.18679,-4.338668,1035000,16820.6
1036,1000,114.1079,14,0.28,,1,0,5,2.0616,0,435,0.6897,694.5,832,0,0.010224,0.264033,-5.547558,1036000,16830.7
1037,1000,164.6062,15,0.3,,1,0,5,2.1651,1,598,0.5055,766.5,524,0,0.010178,0.187312,-4.328945,1037000,16841.1
1038,1000,130.4268,14,0.28,,1,0,5,2.0616,0,306,0.4562,565.1,497,0,0.010067,0.259308,-5.009894,1038000,16851.6
1039,1000,111.1545,14,0.28,,1,0,5,2.0616,0,451,0.5048,581.0,361,0,0.010078,0.249187,-4.33098,1039000,16862.0
1040,1000,161.3362,14,0.28,,1,0,5,2.0616,1,572,0.4178,571.9,496,0,0.009999,0.300185,-5.075047,1040000,16871.9
1041,1000,174.1083,15,0.3,,1,0,5,2.1651,1,271,0.4968,554.6,428,0,0.010201,0.340548,-4.183225,1041000,16882.3
1042,1000,105.9071,12,0.24,,1,0,5,1.8708,0,350,0.489,534.4,552,0,0.00997,0.301996,-4.13399,1042000,16892.6
1043,1000,134.3368,15,0.3,,1,0,5,2.1651,0,573,0.6225,678.3,254,0,0.009855,0.283211,-5.007374,1043000,16903.1
1044,1000,168.3092,15,0.3,,1,0,5,2.1651,1,441,0.5415,579.2,252,0,0.010008,0.351417,-3.377181,1044000,16913.5
1045,1000,136.8127,15,0.3,,1,0,5,2.1651,0,472,0.4358,568.1,218,0,0.010005,0.203353,-3.549905,1045000,16923.7
1046,1000,118.5024,14,0.28,,1,0,5,2.0616,0,787,0.5258,550.8,488,0,0.009986,0.354625,-3.388026,1046000,16934.3
1047,1000,58.7468,10,0.2,,1,0,5,1.8028,0,1093,0.4567,539.0,987,0,0.010034,0.423819,-4.80161,1047000,16946.0
1048,1000,107.8191,13,0.26,,1,0,5,2.0463,0,540,0.5813,583.9,286,0,0.010237,0.355637,-4.232781,1048000,16955.8
1049,1000,156.6314,14,0.28,,1,0,5,2.0616,1,652,0.5467,650.6,249,0,0.009999,0.198257,-4.372581,1049000,16964.2
1050,1000,137.9482,13,0.26,,1,0,5,2.0463,1,654,0.4435,544.5,807,0,0.00998,0.539814,-3.58171,1050000,16972.7
