episode,steps,team_reward,worker_reward,delivered,makespan,t_last_deliv,idle_drones,reloads,arrivals,blocked,hop2plus,max_reach,stall_ratio,max_stall_run,term_reason,comm_loss,env_steps,wall_sec
1,1000,509.35,34.785,37,,973,0,6,31,1463,0.5773,915.8,0.3804,75,step_limit,0,1000,1.9
2,1000,499.45,27.194,39,,994,0,5,31,1613,0.6743,886.7,0.4189,31,step_limit,0,2000,3.5
3,1000,519.55,34.255,41,,985,0,5,35,1428,0.6458,939.2,0.3813,20,step_limit,0,3000,5.1
4,1000,499.3,52.26,36,,979,0,6,43,1225,0.5763,813.2,0.3151,36,step_limit,0,4000,6.6
5,1000,459.25,21.319,35,,865,0,5,27,1661,0.5775,882.5,0.4339,38,step_limit,0,5000,8.2
6,1000,569.5,40.43,40,,889,0,7,66,1470,0.5978,966.1,0.3897,24,step_limit,0,6000,13.2
7,1000,589.6,69.555,42,,925,0,7,245,1699,0.599,884.9,0.4614,75,step_limit,0,7000,27.2
8,1000,489.25,1.815,35,,924,0,6,90,2214,0.63,801.4,0.6048,276,step_limit,0,8000,45.5
9,1000,579.7,87.676,44,,869,0,6,267,1390,0.5942,971.8,0.3751,65,step_limit,0,9000,62.4
10,1000,569.5,74.26,40,,977,0,7,206,1436,0.5777,864.2,0.3834,100,step_limit,0,10000,81.1
11,1000,469.3,52.162,36,,922,0,5,178,1692,0.5917,916.2,0.4503,66,step_limit,0,11000,98.1
12,1000,268.6,616.177,22,,447,0,3,2370,262,0.1583,665.1,0.0662,13,step_limit,0,12000,116.1
13,1000,328.9,1.75,28,,627,0,3,134,2475,0.6285,777.5,0.6603,338,step_limit,0,13000,134.5
14,1000,469.3,99.223,36,,991,0,5,320,1456,0.5643,899.2,0.3884,74,step_limit,0,14000,151.6
15,1000,178.45,738.906,19,,239,0,1,2885,98,0.1165,657.3,0.0226,7,step_limit,0,15000,169.5
16,1000,499.45,108.038,39,,986,0,5,275,1151,0.515,861.3,0.2948,39,step_limit,0,16000,185.9
17,1000,399.1,288.301,32,,904,0,4,1112,1475,0.421,786.3,0.3887,17,step_limit,0,17000,204.4
18,1000,439.3,10.74,36,,975,0,4,36,1904,0.6252,859.5,0.504,94,step_limit,0,18000,221.2
19,1000,509.5,4.138,40,,994,0,5,55,2084,0.5547,914.2,0.5565,197,step_limit,0,19000,239.4
20,1000,459.25,-8.648,35,,933,0,5,40,2266,0.6405,907.3,0.6068,99,step_limit,0,20000,256.3
21,1000,599.5,44.519,40,,854,0,8,90,1468,0.6032,889.6,0.3867,56,step_limit,0,21000,272.5
22,1000,449.2,29.158,34,,948,0,5,41,1631,0.6225,870.1,0.4245,57,step_limit,0,22000,291.2
23,1000,338.95,-24.462,29,,802,0,3,26,2531,0.658,789.8,0.6651,116,step_limit,0,23000,308.0
24,1000,619.75,53.658,45,,977,0,7,104,1321,0.6258,885.7,0.3584,30,step_limit,0,24000,326.1
25,1000,519.4,55.42,38,,963,0,6,116,1403,0.58,830.2,0.3661,136,step_limit,0,25000,343.2
26,1000,579.7,28.047,44,,958,0,6,43,1583,0.6285,910.1,0.4245,42,step_limit,0,26000,361.5
27,1000,549.55,28.495,41,,976,0,6,41,1559,0.6072,866.4,0.4189,73,step_limit,0,27000,378.1
28,1000,559.6,42.551,42,,933,0,6,76,1474,0.6052,965.8,0.3886,54,step_limit,0,28000,398.0
29,1000,469.3,11.591,36,,819,0,5,73,2062,0.648,888.2,0.5465,315,step_limit,0,29000,414.7
30,1000,489.4,25.024,38,,969,0,5,88,1854,0.6202,866.1,0.4958,49,step_limit,0,30000,432.1
31,1000,509.5,23.924,40,,889,0,5,37,1650,0.6058,806.3,0.4361,40,step_limit,0,31000,450.8
32,1000,599.65,30.42,43,,917,0,7,51,1589,0.644,913.9,0.4278,27,step_limit,0,32000,467.4
33,1000,349.0,-19.044,30,,982,0,3,26,2393,0.6535,796.1,0.6355,122,step_limit,0,33000,486.0
34,1000,529.45,34.055,39,,859,0,6,49,1491,0.6042,966.8,0.3944,23,step_limit,0,34000,504.5
35,1000,619.75,26.098,45,,872,0,7,50,1616,0.6495,886.9,0.4277,42,step_limit,0,35000,523.7
36,1000,529.45,19.666,39,,996,0,6,44,1786,0.6452,962.9,0.4714,41,step_limit,0,36000,541.5
37,1000,479.35,1.358,37,,978,0,5,30,2067,0.6585,876.7,0.5529,105,step_limit,0,37000,560.4
38,1000,519.55,26.712,41,,991,0,5,39,1541,0.6382,903.3,0.4076,50,step_limit,0,38000,578.3
39,1000,569.65,43.281,43,,947,0,6,40,1319,0.661,966.8,0.3479,30,step_limit,0,39000,597.3
40,1000,449.2,29.094,34,,909,0,5,62,1703,0.606,968.4,0.4424,31,step_limit,0,40000,614.4
41,1000,499.45,18.748,39,,886,0,5,53,1761,0.6552,916.4,0.472,114,step_limit,0,41000,633.1
42,1000,499.3,23.165,36,,1000,0,6,34,1681,0.609,910.7,0.4383,38,step_limit,0,42000,651.9
43,1000,389.05,-0.207,31,,983,0,4,81,2317,0.5867,899.1,0.6152,122,step_limit,0,43000,669.6
44,1000,649.75,47.047,45,,869,0,8,49,1250,0.5965,898.2,0.3223,18,step_limit,0,44000,687.7
45,1000,479.2,12.993,34,,725,0,6,34,1852,0.5787,782.8,0.4957,210,step_limit,0,45000,705.4
46,1000,419.2,8.227,34,,721,0,4,31,1903,0.6272,874.6,0.5105,37,step_limit,0,46000,723.7
47,1000,529.45,24.573,39,,970,0,6,34,1605,0.6665,940.5,0.4297,44,step_limit,0,47000,741.1
48,1000,559.6,13.451,42,,982,0,6,39,1797,0.6338,905.8,0.4891,43,step_limit,0,48000,759.6
49,1000,499.45,7.793,39,,943,0,5,38,1936,0.6532,908.4,0.5108,65,step_limit,0,49000,777.5
50,1000,579.7,22.477,44,,893,0,6,33,1561,0.6142,977.0,0.4289,33,step_limit,0,50000,796.0
51,1000,569.65,27.602,43,,993,0,6,41,1531,0.594,905.5,0.4162,49,step_limit,0,51000,823.3
52,1000,659.8,50.991,46,,970,0,8,47,1203,0.6385,965.6,0.3178,36,step_limit,0,52000,839.4
53,1000,479.35,19.115,37,,921,0,5,33,1745,0.6603,788.7,0.463,32,step_limit,0,53000,858.6
54,1000,479.35,39.023,37,,912,0,5,33,1425,0.6252,895.4,0.3579,26,step_limit,0,54000,875.0
55,1000,268.6,-29.552,22,,955,0,3,18,2585,0.6432,781.5,0.674,165,step_limit,0,55000,893.6
56,1000,379.0,20.218,30,,833,0,4,31,1746,0.6268,758.9,0.4542,79,step_limit,0,56000,909.9
57,1000,419.2,-1.746,34,,996,0,4,31,2136,0.5887,798.0,0.569,192,step_limit,0,57000,929.2
58,1000,389.05,1.938,31,,903,0,4,27,2012,0.6005,759.0,0.5353,59,step_limit,0,58000,946.8
59,1000,559.6,42.579,42,,896,0,6,79,1490,0.618,899.1,0.3937,28,step_limit,0,59000,965.8
60,1000,399.1,7.466,32,,905,0,4,29,1951,0.6647,874.7,0.5088,39,step_limit,0,60000,982.4
61,1000,509.35,30.843,37,,993,0,6,34,1505,0.6152,871.0,0.3857,39,step_limit,0,61000,1001.1
62,1000,499.3,2.424,36,,646,0,6,31,2014,0.6385,829.1,0.5493,220,step_limit,0,62000,1018.6
63,1000,449.2,-0.974,34,,950,0,5,30,2100,0.6548,803.7,0.5536,167,step_limit,0,63000,1037.0
64,1000,599.65,26.506,43,,960,0,7,40,1600,0.6105,965.8,0.4305,46,step_limit,0,64000,1056.1
65,1000,479.35,13.828,37,,804,0,5,36,1787,0.581,869.4,0.4808,47,step_limit,0,65000,1072.5
66,1000,569.5,32.93,40,,925,0,7,50,1517,0.611,883.4,0.415,43,step_limit,0,66000,1090.8
67,1000,419.2,24.778,34,,951,0,4,63,1797,0.6518,872.1,0.4636,60,step_limit,0,67000,1107.7
68,1000,539.5,19.028,40,,949,0,6,35,1715,0.6328,882.1,0.4544,54,step_limit,0,68000,1127.1
69,1000,489.4,16.982,38,,962,0,5,40,1773,0.6115,879.0,0.4712,70,step_limit,0,69000,1144.8
70,1000,539.5,50.611,40,,888,0,6,68,1310,0.629,892.1,0.3445,20,step_limit,0,70000,1162.7
71,1000,489.4,22.553,38,,966,0,5,34,1688,0.6345,972.1,0.4398,38,step_limit,0,71000,1179.5
72,1000,509.5,29.606,40,,885,0,5,45,1533,0.6418,868.4,0.4142,55,step_limit,0,72000,1198.1
73,1000,389.05,-2.189,31,,915,0,4,27,2132,0.6875,788.1,0.5607,94,step_limit,0,73000,1215.7
74,1000,569.65,42.736,43,,944,0,6,55,1369,0.6482,882.9,0.3592,39,step_limit,0,74000,1234.4
75,1000,499.3,32.166,36,,897,0,6,30,1506,0.6737,812.9,0.3856,97,step_limit,0,75000,1253.7
76,1000,539.35,23.624,37,,928,0,7,39,1680,0.6687,875.7,0.4457,134,step_limit,0,76000,1272.3
77,1000,399.1,40.105,32,,920,0,4,122,1771,0.5717,795.5,0.4574,91,step_limit,0,77000,1289.2
78,1000,519.55,29.735,41,,981,0,5,35,1502,0.6785,953.0,0.3939,55,step_limit,0,78000,1307.5
79,1000,469.15,11.32,33,,565,0,6,29,1806,0.6472,826.4,0.4864,51,step_limit,0,79000,1325.4
80,1000,609.7,41.294,44,,986,0,7,41,1337,0.6138,914.3,0.3552,51,step_limit,0,80000,1342.7
81,1000,459.25,5.419,35,,947,0,5,35,1999,0.6005,830.9,0.5288,76,step_limit,0,81000,1361.5
82,1000,469.3,20.091,36,,993,0,5,31,1713,0.6445,898.3,0.4454,44,step_limit,0,82000,1378.5
83,1000,399.1,34.014,32,,927,0,4,55,1592,0.6392,793.8,0.4225,37,step_limit,0,83000,1397.2
84,1000,489.4,27.132,38,,975,0,5,43,1617,0.6587,890.9,0.4219,73,step_limit,0,84000,1415.1
85,1000,509.35,13.677,37,,996,0,6,31,1855,0.621,869.4,0.493,52,step_limit,0,85000,1433.4
86,1000,499.45,11.952,39,,862,0,5,34,1873,0.6352,865.0,0.4954,96,step_limit,0,86000,1450.5
87,1000,539.5,21.833,40,,982,0,6,36,1644,0.652,903.7,0.4379,56,step_limit,0,87000,1468.4
88,1000,609.7,25.748,44,,967,0,7,41,1649,0.618,972.1,0.4327,35,step_limit,0,88000,1485.3
89,1000,539.5,40.189,40,,996,0,6,39,1400,0.6478,861.0,0.3632,39,step_limit,0,89000,1503.2
90,1000,449.2,-0.385,34,,965,0,5,33,2110,0.669,889.8,0.5499,112,step_limit,0,90000,1520.6
91,1000,539.5,21.797,40,,978,0,6,36,1722,0.6202,907.8,0.4624,58,step_limit,0,91000,1539.0
92,1000,549.4,30.82,38,,952,0,7,57,1589,0.5817,855.3,0.4193,39,step_limit,0,92000,1556.0
93,1000,529.45,28.722,39,,992,0,6,34,1534,0.6278,879.3,0.3974,52,step_limit,0,93000,1575.0
94,1000,529.45,13.353,39,,952,0,6,37,1847,0.648,874.4,0.4849,58,step_limit,0,94000,1592.0
95,1000,499.45,13.853,39,,966,0,5,33,1853,0.6478,965.7,0.4859,47,step_limit,0,95000,1610.1
96,1000,499.3,23.79,36,,922,0,6,39,1736,0.6522,873.3,0.4459,68,step_limit,0,96000,1626.9
97,1000,419.2,8.306,34,,940,0,4,30,1905,0.6522,888.1,0.5086,61,step_limit,0,97000,1645.4
98,1000,519.55,27.534,41,,997,0,5,65,1719,0.6142,905.1,0.4647,54,step_limit,0,98000,1664.4
99,1000,619.75,23.316,45,,974,0,7,46,1643,0.6438,914.8,0.4524,99,step_limit,0,99000,1681.0
100,1000,389.05,-13.542,31,,952,0,4,27,2315,0.6365,877.9,0.6134,57,step_limit,0,100000,1699.8
101,1000,589.6,39.898,42,,991,0,7,41,1364,0.6065,867.2,0.3561,24,step_limit,0,101000,1724.9
102,1000,579.55,42.597,41,,1000,0,7,40,1306,0.644,869.5,0.3409,28,step_limit,0,102000,1742.0
103,1000,529.45,13.913,39,,1000,0,6,47,1899,0.6485,912.2,0.5097,31,step_limit,0,103000,1758.5
104,1000,589.6,34.273,42,,927,0,7,66,1569,0.606,909.1,0.4291,78,step_limit,0,104000,1776.5
105,1000,469.3,19.087,36,,938,0,5,33,1693,0.6295,947.4,0.4526,131,step_limit,0,105000,1792.9
106,1000,489.4,8.232,38,,997,0,5,34,1907,0.6415,901.0,0.513,55,step_limit,0,106000,1810.9
107,1000,328.9,-23.464,28,,934,0,3,21,2525,0.6558,819.3,0.6593,84,step_limit,0,107000,1828.2
108,1000,338.8,-31.094,26,,954,0,4,20,2613,0.6485,774.3,0.6887,86,step_limit,0,108000,1848.1
109,1000,519.55,33.957,41,,911,0,5,56,1577,0.6255,881.8,0.4161,49,step_limit,0,109000,1867.2
110,1000,459.25,-1.605,35,,877,0,5,31,2115,0.6595,805.6,0.5566,73,step_limit,0,110000,1885.6
111,1000,599.65,59.468,43,,975,0,7,67,1090,0.605,963.4,0.2856,63,step_limit,0,111000,1905.2
112,1000,429.25,-8.629,35,,820,0,4,31,2208,0.6482,846.1,0.599,113,step_limit,0,112000,1924.6
113,1000,469.3,21.889,36,,935,0,5,67,1825,0.5767,908.5,0.4858,53,step_limit,0,113000,1942.6
114,1000,449.35,1.788,37,,974,0,4,31,2020,0.6495,915.1,0.5395,28,step_limit,0,114000,1960.3
115,1000,579.55,23.223,41,,999,0,7,38,1645,0.651,869.6,0.4428,38,step_limit,0,115000,1978.7
116,1000,489.25,16.188,35,,984,0,6,65,1912,0.5797,795.8,0.5146,116,step_limit,0,116000,1995.9
117,1000,439.15,9.297,33,,945,0,5,52,2004,0.5673,893.6,0.5299,39,step_limit,0,117000,2014.6
118,1000,419.2,1.834,34,,959,0,4,31,2029,0.6743,892.2,0.5394,233,step_limit,0,118000,2032.2
119,1000,439.3,7.852,36,,915,0,4,35,1944,0.6562,864.8,0.5218,90,step_limit,0,119000,2050.4
120,1000,469.3,19.052,36,,925,0,5,29,1735,0.6498,910.0,0.4514,51,step_limit,0,120000,2067.8
121,1000,519.55,40.273,41,,983,0,5,58,1440,0.614,885.0,0.3847,36,step_limit,0,121000,2086.7
122,1000,599.65,47.365,43,,976,0,7,42,1215,0.6448,905.5,0.3147,19,step_limit,0,122000,2105.1
123,1000,639.85,56.413,47,,993,0,7,43,1067,0.6332,958.9,0.284,13,step_limit,0,123000,2122.2
124,1000,549.55,27.649,41,,933,0,6,37,1580,0.664,887.3,0.4152,32,step_limit,0,124000,2139.1
125,1000,368.95,-18.115,29,,982,0,4,29,2437,0.6125,811.9,0.6421,174,step_limit,0,125000,2156.4
126,1000,539.5,14.225,40,,997,0,6,33,1858,0.6663,891.0,0.4951,74,step_limit,0,126000,2174.3
127,1000,519.4,22.876,38,,819,0,6,44,1658,0.6295,867.2,0.4406,38,step_limit,0,127000,2193.3
128,1000,459.25,0.241,35,,844,0,5,34,2078,0.5893,877.7,0.5558,95,step_limit,0,128000,2211.9
129,1000,609.7,45.545,44,,960,0,7,46,1308,0.6402,970.7,0.3444,14,step_limit,0,129000,2228.7
130,1000,429.1,0.028,32,,913,0,5,32,2092,0.6222,805.1,0.5531,67,step_limit,0,130000,2247.8
131,1000,549.55,23.458,41,,979,0,6,49,1726,0.6048,911.4,0.4602,53,step_limit,0,131000,2265.1
132,1000,569.5,27.384,40,,725,0,7,37,1561,0.6258,858.4,0.4084,83,step_limit,0,132000,2283.2
133,1000,499.3,-0.134,36,,704,0,6,35,2085,0.6535,888.7,0.5582,252,step_limit,0,133000,2300.7
134,1000,589.6,35.281,42,,900,0,7,38,1455,0.654,895.2,0.383,20,step_limit,0,134000,2318.6
135,1000,599.65,40.139,43,,988,0,7,41,1341,0.6392,901.6,0.3549,48,step_limit,0,135000,2335.8
136,1000,459.25,-2.173,35,,972,0,5,33,2130,0.6278,817.4,0.5639,117,step_limit,0,136000,2353.9
137,1000,549.55,13.126,41,,935,0,6,37,1846,0.664,910.5,0.5011,110,step_limit,0,137000,2371.2
138,1000,529.45,45.118,39,,989,0,6,38,1312,0.657,905.7,0.3416,62,step_limit,0,138000,2389.9
139,1000,499.45,24.494,39,,997,0,5,37,1672,0.6623,864.4,0.4405,62,step_limit,0,139000,2407.0
140,1000,539.5,21.48,40,,999,0,6,39,1725,0.6362,908.9,0.4614,59,step_limit,0,140000,2424.9
141,1000,539.5,15.661,40,,922,0,6,31,1777,0.6395,840.2,0.4696,63,step_limit,0,141000,2441.8
142,1000,479.2,7.21,34,,957,0,6,30,1942,0.616,875.9,0.5101,96,step_limit,0,142000,2459.4
143,1000,549.55,44.896,41,,983,0,6,35,1241,0.6222,970.4,0.3237,32,step_limit,0,143000,2478.1
144,1000,489.4,-0.553,38,,996,0,5,35,2077,0.6528,854.2,0.5516,56,step_limit,0,144000,2495.0
145,1000,489.4,-2.39,38,,868,0,5,32,2090,0.6365,916.1,0.5643,59,step_limit,0,145000,2513.8
146,1000,469.15,9.746,33,,792,0,6,50,2006,0.594,803.5,0.5226,89,step_limit,0,146000,2531.3
147,1000,489.4,24.203,38,,984,0,5,33,1667,0.65,896.3,0.4357,77,step_limit,0,147000,2549.9
148,1000,569.65,32.109,43,,1000,0,6,40,1504,0.5958,899.8,0.3918,43,step_limit,0,148000,2566.5
149,1000,489.4,9.617,38,,975,0,5,32,1879,0.6575,887.7,0.5013,73,step_limit,0,149000,2585.8
150,1000,559.6,13.758,42,,998,0,6,39,1867,0.618,909.0,0.4982,43,step_limit,0,150000,2603.9
151,1000,449.35,5.711,37,,944,0,4,35,2022,0.6777,892.2,0.5272,45,step_limit,0,151000,2630.9
152,1000,459.25,16.19,35,,963,0,5,37,1758,0.6252,872.3,0.4612,127,step_limit,0,152000,2648.1
153,1000,609.7,38.797,44,,962,0,7,42,1387,0.6345,884.7,0.37,40,step_limit,0,153000,2665.4
154,1000,579.55,17.638,41,,853,0,7,39,1728,0.605,866.5,0.4619,73,step_limit,0,154000,2683.9
155,1000,549.55,8.143,41,,974,0,6,34,1876,0.6428,874.5,0.5103,51,step_limit,0,155000,2701.4
156,1000,379.0,-17.084,30,,997,0,4,28,2395,0.601,755.6,0.64,135,step_limit,0,156000,2719.3
157,1000,579.7,39.506,44,,989,0,6,41,1357,0.659,965.9,0.361,38,step_limit,0,157000,2736.0
158,1000,429.1,-15.079,32,,991,0,5,32,2358,0.6765,845.2,0.6347,118,step_limit,0,158000,2754.5
159,1000,519.4,27.961,38,,921,0,6,44,1611,0.6132,874.8,0.4332,47,step_limit,0,159000,2772.4
160,1000,509.5,22.868,40,,988,0,5,37,1644,0.6198,892.9,0.4461,86,step_limit,0,160000,2790.2
161,1000,519.4,13.034,38,,1000,0,6,39,1821,0.6055,879.0,0.492,38,step_limit,0,161000,2806.8
162,1000,539.5,30.161,40,,886,0,6,39,1509,0.6188,913.8,0.4044,37,step_limit,0,162000,2825.9
163,1000,599.65,24.331,43,,937,0,7,36,1633,0.66,891.0,0.4421,61,step_limit,0,163000,2844.3
164,1000,509.35,-6.422,37,,978,0,6,34,2175,0.5972,889.3,0.597,176,step_limit,0,164000,2862.8
165,1000,599.65,30.038,43,,935,0,7,42,1525,0.6278,877.7,0.4084,28,step_limit,0,165000,2880.0
166,1000,379.0,2.628,30,,999,0,4,32,2073,0.6757,739.6,0.5383,190,step_limit,0,166000,2897.3
167,1000,579.55,23.382,41,,929,0,7,39,1648,0.6495,882.5,0.4391,96,step_limit,0,167000,2914.6
168,1000,519.4,21.556,38,,999,0,6,36,1690,0.6235,875.5,0.4436,39,step_limit,0,168000,2933.3
169,1000,539.5,25.351,40,,992,0,6,39,1637,0.6145,865.2,0.4235,64,step_limit,0,169000,2951.4
170,1000,429.25,2.535,35,,990,0,4,48,2108,0.5875,889.7,0.563,75,step_limit,0,170000,2969.2
171,1000,539.5,13.923,40,,794,0,6,41,1787,0.644,971.5,0.4956,89,step_limit,0,171000,2986.3
172,1000,559.6,25.765,42,,910,0,6,39,1624,0.664,892.8,0.4349,87,step_limit,0,172000,3005.1
173,1000,298.75,-32.009,25,,788,0,3,27,2609,0.6697,865.6,0.6861,174,step_limit,0,173000,3023.2
174,1000,439.3,2.794,36,,996,0,4,33,2038,0.6318,881.1,0.5324,74,step_limit,0,174000,3040.1
175,1000,328.75,-28.004,25,,495,0,4,25,2588,0.639,748.6,0.6766,272,step_limit,0,175000,3058.5
176,1000,549.7,36.099,44,,983,0,5,36,1418,0.6465,916.3,0.366,30,step_limit,0,176000,3075.7
177,1000,489.4,12.533,38,,992,0,5,31,1831,0.6078,967.5,0.4783,85,step_limit,0,177000,3094.2
178,1000,459.1,-2.279,32,,842,0,6,30,2105,0.6562,765.7,0.5601,51,step_limit,0,178000,3111.4
179,1000,549.55,19.811,41,,961,0,6,43,1731,0.6312,914.5,0.4743,33,step_limit,0,179000,3129.6
180,1000,469.3,10.656,36,,958,0,5,37,1898,0.6178,913.0,0.5008,80,step_limit,0,180000,3146.8
181,1000,529.45,24.091,39,,876,0,6,38,1633,0.645,890.7,0.4267,27,step_limit,0,181000,3165.5
182,1000,589.6,38.845,42,,994,0,7,77,1526,0.5955,875.8,0.4066,42,step_limit,0,182000,3183.1
183,1000,479.35,10.885,37,,977,0,5,52,1948,0.624,874.0,0.52,39,step_limit,0,183000,3200.9
184,1000,479.2,18.959,34,,828,0,6,33,1745,0.6305,837.1,0.4508,59,step_limit,0,184000,3217.9
185,1000,549.55,17.749,41,,969,0,6,37,1772,0.6202,894.0,0.4655,53,step_limit,0,185000,3236.5
186,1000,519.4,44.775,38,,996,0,6,49,1363,0.6615,878.6,0.3531,15,step_limit,0,186000,3253.9
187,1000,419.2,-18.476,34,,947,0,4,19,2376,0.6595,868.3,0.6306,133,step_limit,0,187000,3272.4
188,1000,449.2,3.75,34,,899,0,5,31,2019,0.6558,806.4,0.5341,68,step_limit,0,188000,3292.0
189,1000,519.4,19.881,38,,868,0,6,37,1712,0.6318,818.7,0.4494,69,step_limit,0,189000,3310.2
190,1000,499.3,5.695,36,,829,0,6,31,1969,0.6285,813.4,0.5208,96,step_limit,0,190000,3329.3
191,1000,379.0,-17.758,30,,952,0,4,31,2392,0.676,801.4,0.6297,134,step_limit,0,191000,3346.1
192,1000,549.55,24.644,41,,904,0,6,35,1614,0.615,969.5,0.4301,43,step_limit,0,192000,3364.6
193,1000,439.15,14.633,33,,859,0,5,30,1798,0.6395,871.6,0.469,55,step_limit,0,193000,3382.3
194,1000,439.15,7.18,33,,931,0,5,33,1945,0.5952,807.3,0.5174,134,step_limit,0,194000,3401.4
195,1000,499.45,23.936,39,,956,0,5,34,1662,0.6613,903.6,0.435,36,step_limit,0,195000,3420.2
196,1000,509.5,27.482,40,,990,0,5,33,1520,0.6425,905.2,0.4074,58,step_limit,0,196000,3438.4
197,1000,559.45,18.504,39,,830,0,7,38,1706,0.6112,871.7,0.4593,87,step_limit,0,197000,3455.9
198,1000,539.5,29.939,40,,947,0,6,39,1512,0.5905,868.6,0.402,41,step_limit,0,198000,3473.7
199,1000,599.65,42.341,43,,961,0,7,40,1330,0.6338,931.1,0.3446,25,step_limit,0,199000,3491.7
200,1000,539.35,24.69,37,,930,0,7,37,1658,0.627,857.9,0.4405,34,step_limit,0,200000,3508.9
201,1000,469.3,5.323,36,,917,0,5,34,1984,0.6012,846.3,0.5321,32,step_limit,0,201000,3537.8
202,1000,599.65,27.656,43,,896,0,7,44,1611,0.649,908.8,0.4256,19,step_limit,0,202000,3554.9
203,1000,389.05,-11.967,31,,992,0,4,26,2294,0.6205,884.6,0.5932,98,step_limit,0,203000,3570.5
204,1000,449.2,4.431,34,,851,0,5,36,2018,0.6265,813.3,0.5343,149,step_limit,0,204000,3589.3
205,1000,409.15,4.115,33,,878,0,4,32,2009,0.6577,906.6,0.5252,41,step_limit,0,205000,3609.1
206,1000,539.5,22.598,40,,906,0,6,44,1663,0.6125,912.6,0.446,61,step_limit,0,206000,3628.3
207,1000,469.3,-0.452,36,,931,0,5,33,2045,0.6058,870.7,0.5506,63,step_limit,0,207000,3645.1
208,1000,569.5,22.958,40,,952,0,7,37,1686,0.6488,941.0,0.4438,104,step_limit,0,208000,3662.6
209,1000,549.55,27.609,41,,906,0,6,36,1621,0.6412,895.0,0.4255,36,step_limit,0,209000,3679.1
210,1000,529.45,37.682,39,,917,0,6,49,1437,0.6102,870.6,0.3881,40,step_limit,0,210000,3700.1
211,1000,479.35,-1.953,37,,914,0,5,35,2106,0.6603,963.3,0.565,146,step_limit,0,211000,3717.4
212,1000,358.9,-33.205,28,,712,0,4,25,2660,0.665,726.7,0.6999,224,step_limit,0,212000,3736.0
213,1000,499.45,18.308,39,,995,0,5,36,1746,0.6542,829.1,0.4705,64,step_limit,0,213000,3752.8
214,1000,609.55,32.309,41,,999,0,8,42,1486,0.62,889.7,0.3945,32,step_limit,0,214000,3771.2
215,1000,529.45,32.244,39,,917,0,6,35,1487,0.624,879.7,0.3897,41,step_limit,0,215000,3788.4
216,1000,439.3,-1.092,36,,857,0,4,36,2146,0.662,866.1,0.5661,38,step_limit,0,216000,3807.0
217,1000,519.55,22.222,41,,990,0,5,38,1660,0.662,970.6,0.434,33,step_limit,0,217000,3826.6
218,1000,469.3,9.059,36,,935,0,5,29,1903,0.655,856.8,0.5028,62,step_limit,0,218000,3844.1
219,1000,609.7,34.24,44,,980,0,7,46,1521,0.6542,870.2,0.3983,58,step_limit,0,219000,3862.7
220,1000,609.7,30.741,44,,987,0,7,48,1524,0.6105,913.2,0.4113,48,step_limit,0,220000,3879.2
221,1000,499.3,7.177,36,,890,0,6,36,1953,0.6132,895.4,0.5211,69,step_limit,0,221000,3898.2
222,1000,489.4,24.8,38,,940,0,5,40,1727,0.65,886.2,0.449,34,step_limit,0,222000,3915.3
223,1000,519.4,10.102,38,,998,0,6,33,1854,0.549,867.8,0.4996,152,step_limit,0,223000,3933.6
224,1000,549.55,25.557,41,,980,0,6,37,1667,0.6302,898.4,0.4385,43,step_limit,0,224000,3951.0
225,1000,399.1,1.616,32,,988,0,4,40,2117,0.6102,860.1,0.5487,127,step_limit,0,225000,3970.4
226,1000,499.3,20.084,36,,846,0,6,37,1783,0.6593,867.0,0.4656,31,step_limit,0,226000,3987.3
227,1000,519.4,17.489,38,,889,0,6,40,1772,0.646,858.3,0.4722,42,step_limit,0,227000,4005.7
228,1000,469.45,12.155,39,,976,0,4,34,1807,0.647,881.7,0.4787,94,step_limit,0,228000,4023.1
229,1000,439.3,1.779,36,,981,0,4,31,2052,0.662,887.8,0.5396,76,step_limit,0,229000,4041.9
230,1000,569.5,44.196,40,,996,0,7,43,1339,0.6205,874.8,0.35,73,step_limit,0,230000,4060.2
231,1000,509.5,-5.632,40,,938,0,5,32,2156,0.668,972.4,0.5855,138,step_limit,0,231000,4077.2
232,1000,479.35,22.203,37,,966,0,5,33,1667,0.6325,905.0,0.4383,47,step_limit,0,232000,4096.3
233,1000,509.35,9.537,37,,769,0,6,30,1905,0.657,916.1,0.5052,138,step_limit,0,233000,4113.7
234,1000,539.5,32.867,40,,975,0,6,42,1510,0.6805,916.3,0.3957,65,step_limit,0,234000,4132.2
235,1000,629.65,41.752,43,,999,0,8,44,1316,0.6262,910.3,0.353,28,step_limit,0,235000,4148.5
236,1000,479.35,16.11,37,,992,0,5,39,1813,0.598,886.0,0.4823,65,step_limit,0,236000,4167.5
237,1000,479.35,-2.337,37,,957,0,5,33,2128,0.6318,938.2,0.5668,38,step_limit,0,237000,4185.0
238,1000,519.4,32.541,38,,900,0,6,36,1522,0.6428,812.3,0.3971,47,step_limit,0,238000,4203.4
239,1000,459.25,3.522,35,,992,0,5,32,1978,0.6218,801.6,0.5282,57,step_limit,0,239000,4220.1
240,1000,389.05,-8.969,31,,950,0,4,28,2257,0.637,716.6,0.5926,92,step_limit,0,240000,4239.4
241,1000,579.7,37.501,44,,937,0,6,45,1416,0.684,888.9,0.3709,40,step_limit,0,241000,4256.1
242,1000,419.2,-0.94,34,,862,0,4,31,1998,0.6462,911.5,0.5256,59,step_limit,0,242000,4274.0
243,1000,509.35,14.929,37,,999,0,6,30,1779,0.6515,908.9,0.4673,70,step_limit,0,243000,4292.0
244,1000,539.5,20.036,40,,931,0,6,38,1709,0.6318,866.7,0.4617,61,step_limit,0,244000,4309.9
245,1000,409.15,-5.554,33,,995,0,4,30,2176,0.682,902.8,0.5786,66,step_limit,0,245000,4326.9
246,1000,559.6,15.058,42,,982,0,6,36,1777,0.661,911.4,0.475,33,step_limit,0,246000,4345.4
247,1000,579.55,23.557,41,,969,0,7,40,1708,0.6488,882.9,0.4523,75,step_limit,0,247000,4363.9
248,1000,469.3,15.552,36,,919,0,5,33,1733,0.6508,860.4,0.4548,50,step_limit,0,248000,4381.0
249,1000,539.35,20.918,37,,934,0,7,34,1674,0.606,848.5,0.4504,66,step_limit,0,249000,4399.0
250,1000,539.5,27.924,40,,970,0,6,36,1639,0.6268,908.6,0.4169,84,step_limit,0,250000,4415.4
251,1000,469.3,14.42,36,,928,0,5,37,1857,0.6472,890.8,0.4896,83,step_limit,0,251000,4441.4
252,1000,368.95,-21.133,29,,672,0,4,26,2418,0.641,762.1,0.6436,140,step_limit,0,252000,4458.8
253,1000,579.55,23.684,41,,979,0,7,42,1662,0.642,962.2,0.4388,156,step_limit,0,253000,4475.7
254,1000,509.5,5.707,40,,867,0,5,38,1970,0.656,870.0,0.5256,72,step_limit,0,254000,4489.1
255,1000,529.45,33.348,39,,989,0,6,33,1450,0.6235,880.9,0.3871,53,step_limit,0,255000,4507.6
256,1000,439.3,12.124,36,,898,0,4,34,1828,0.6075,854.3,0.481,47,step_limit,0,256000,4524.9
257,1000,519.4,23.745,38,,901,0,6,36,1674,0.6502,854.6,0.4324,47,step_limit,0,257000,4543.0
258,1000,549.55,32.101,41,,974,0,6,39,1480,0.6332,894.9,0.396,98,step_limit,0,258000,4560.6
259,1000,358.9,-14.592,28,,661,0,4,27,2292,0.6335,798.1,0.6097,100,step_limit,0,259000,4579.3
260,1000,549.55,22.358,41,,958,0,6,37,1634,0.6663,864.7,0.4405,91,step_limit,0,260000,4598.2
261,1000,579.55,29.857,41,,957,0,7,42,1537,0.6525,917.3,0.409,36,step_limit,0,261000,4615.5
262,1000,609.7,57.69,44,,902,0,7,43,1050,0.6518,883.0,0.2756,18,step_limit,0,262000,4634.2
263,1000,589.6,19.999,42,,998,0,7,39,1718,0.671,907.3,0.4644,63,step_limit,0,263000,4651.4
264,1000,459.25,12.712,35,,839,0,5,35,1838,0.6743,882.5,0.4857,48,step_limit,0,264000,4671.4
265,1000,479.35,11.583,37,,973,0,5,32,1848,0.6502,885.9,0.4859,69,step_limit,0,265000,4689.1
266,1000,529.45,17.031,39,,972,0,6,39,1810,0.6863,853.4,0.4766,62,step_limit,0,266000,4707.4
267,1000,338.8,-27.937,26,,873,0,4,23,2518,0.642,785.9,0.6644,62,step_limit,0,267000,4724.5
268,1000,489.4,25.149,38,,791,0,5,36,1577,0.6438,970.1,0.4176,60,step_limit,0,268000,4742.8
269,1000,409.15,-9.421,33,,951,0,4,34,2228,0.649,822.8,0.5925,116,step_limit,0,269000,4759.3
270,1000,559.45,38.134,39,,928,0,7,38,1370,0.622,867.4,0.3576,85,step_limit,0,270000,4778.0
271,1000,419.2,-6.257,34,,982,0,4,28,2179,0.6555,891.1,0.5808,77,step_limit,0,271000,4795.0
272,1000,479.35,-1.351,37,,993,0,5,30,2100,0.6295,871.4,0.5626,98,step_limit,0,272000,4813.4
273,1000,449.35,7.976,37,,979,0,4,32,1805,0.6358,913.4,0.4831,66,step_limit,0,273000,4830.5
274,1000,569.65,17.402,43,,995,0,6,43,1772,0.6382,888.7,0.4721,53,step_limit,0,274000,4849.6
275,1000,519.4,22.817,38,,995,0,6,35,1618,0.6155,902.9,0.437,35,step_limit,0,275000,4868.3
276,1000,509.35,19.686,37,,918,0,6,36,1716,0.6032,895.4,0.4547,79,step_limit,0,276000,4885.6
277,1000,469.3,40.085,36,,766,0,5,110,1611,0.5535,876.6,0.4314,48,step_limit,0,277000,4904.2
278,1000,569.65,28.048,43,,999,0,6,40,1568,0.6442,913.9,0.424,56,step_limit,0,278000,4921.0
279,1000,469.3,9.751,36,,998,0,5,35,1883,0.6505,872.9,0.4996,52,step_limit,0,279000,4940.9
280,1000,449.05,-12.012,31,,850,0,6,31,2277,0.628,869.6,0.6071,117,step_limit,0,280000,4959.4
281,1000,529.45,33.825,39,,981,0,6,39,1513,0.6332,968.1,0.4021,42,step_limit,0,281000,4978.4
282,1000,489.25,18.471,35,,764,0,6,31,1679,0.6398,883.4,0.4525,85,step_limit,0,282000,4997.4
283,1000,479.35,15.651,37,,977,0,5,33,1814,0.6288,901.1,0.4807,117,step_limit,0,283000,5016.0
284,1000,489.4,14.192,38,,898,0,5,44,1849,0.6348,877.5,0.4875,82,step_limit,0,284000,5035.1
285,1000,449.2,1.27,34,,994,0,5,33,2111,0.6495,789.1,0.5507,191,step_limit,0,285000,5051.1
286,1000,449.2,1.171,34,,949,0,5,35,2074,0.6562,856.5,0.5443,58,step_limit,0,286000,5069.2
287,1000,499.45,7.008,39,,886,0,5,33,1959,0.6455,914.2,0.5205,79,step_limit,0,287000,5086.3
288,1000,569.5,26.371,40,,966,0,7,36,1609,0.6385,908.6,0.4208,35,step_limit,0,288000,5105.2
289,1000,549.7,14.016,44,,975,0,5,32,1793,0.6545,880.3,0.4743,42,step_limit,0,289000,5122.3
290,1000,509.5,3.682,40,,969,0,5,32,1953,0.6593,917.0,0.5292,47,step_limit,0,290000,5141.2
291,1000,479.35,20.366,37,,931,0,5,38,1761,0.6635,900.5,0.4601,75,step_limit,0,291000,5159.0
292,1000,409.0,-26.747,30,,593,0,5,30,2539,0.6753,812.9,0.677,119,step_limit,0,292000,5177.5
293,1000,439.15,7.26,33,,839,0,5,38,2009,0.6647,884.1,0.5336,133,step_limit,0,293000,5195.4
294,1000,599.65,32.4,43,,875,0,7,39,1482,0.661,968.0,0.4001,58,step_limit,0,294000,5214.8
295,1000,479.35,6.878,37,,960,0,5,34,1949,0.623,858.5,0.5205,59,step_limit,0,295000,5232.7
296,1000,409.15,12.921,33,,915,0,4,35,1886,0.6525,866.1,0.4823,61,step_limit,0,296000,5248.4
297,1000,539.65,33.043,43,,878,0,5,40,1538,0.651,873.1,0.4009,31,step_limit,0,297000,5266.7
298,1000,449.35,9.051,37,,996,0,4,47,2010,0.6138,818.8,0.5292,124,step_limit,0,298000,5283.9
299,1000,519.4,12.704,38,,985,0,6,33,1805,0.5988,857.0,0.4836,71,step_limit,0,299000,5302.7
300,1000,539.5,30.008,40,,953,0,6,37,1582,0.6212,878.0,0.4133,41,step_limit,0,300000,5320.5
301,1000,549.55,43.173,41,,974,0,6,39,1277,0.6318,896.0,0.33,24,step_limit,0,301000,5347.5
302,1000,479.35,6.099,37,,979,0,5,30,1930,0.6515,970.7,0.5134,49,step_limit,0,302000,5364.0
303,1000,569.5,32.076,40,,996,0,7,34,1415,0.617,864.8,0.3749,17,step_limit,0,303000,5381.7
304,1000,459.25,-0.006,35,,919,0,5,33,2053,0.6707,791.6,0.551,97,step_limit,0,304000,5396.7
305,1000,308.8,-32.417,26,,670,0,3,22,2647,0.6148,708.4,0.6989,249,step_limit,0,305000,5413.4
306,1000,539.5,29.957,40,,996,0,6,40,1507,0.6095,864.1,0.3843,42,step_limit,0,306000,5430.6
307,1000,509.35,17.688,37,,917,0,6,33,1747,0.65,895.4,0.4595,129,step_limit,0,307000,5449.4
308,1000,549.55,33.65,41,,942,0,6,38,1455,0.6242,896.5,0.391,37,step_limit,0,308000,5467.5
309,1000,619.75,35.918,45,,987,0,7,41,1452,0.638,968.5,0.3784,21,step_limit,0,309000,5487.3
310,1000,579.55,33.13,41,,853,0,7,31,1376,0.6262,902.4,0.3668,54,step_limit,0,310000,5505.5
311,1000,529.45,17.34,39,,961,0,6,37,1758,0.6613,914.5,0.4604,52,step_limit,0,311000,5524.1
312,1000,559.6,34.158,42,,975,0,6,39,1428,0.6465,868.2,0.3889,48,step_limit,0,312000,5542.1
313,1000,619.75,32.702,45,,948,0,7,38,1435,0.626,961.5,0.3773,62,step_limit,0,313000,5559.1
314,1000,529.3,10.71,36,,989,0,7,36,1873,0.6302,878.1,0.4962,76,step_limit,0,314000,5577.3
315,1000,559.45,20.356,39,,936,0,7,40,1698,0.633,903.8,0.4564,42,step_limit,0,315000,5595.8
316,1000,459.25,5.061,35,,947,0,5,39,2009,0.6225,802.3,0.5328,53,step_limit,0,316000,5613.9
317,1000,469.3,-13.796,36,,1000,0,5,30,2276,0.6515,802.3,0.6244,155,step_limit,0,317000,5633.0
318,1000,459.25,2.39,35,,967,0,5,29,1991,0.6252,807.5,0.5271,39,step_limit,0,318000,5650.9
319,1000,449.2,10.739,34,,965,0,5,32,1923,0.6635,814.0,0.4992,63,step_limit,0,319000,5669.1
320,1000,479.35,-1.273,37,,953,0,5,33,2071,0.6505,895.9,0.558,68,step_limit,0,320000,5687.0
321,1000,308.8,-30.756,26,,804,0,3,27,2635,0.689,696.2,0.6919,139,step_limit,0,321000,5705.3
322,1000,519.55,10.876,41,,930,0,5,40,1869,0.6285,887.5,0.5021,32,step_limit,0,322000,5723.5
323,1000,469.3,10.274,36,,958,0,5,39,1867,0.659,891.4,0.4923,54,step_limit,0,323000,5742.2
324,1000,509.35,27.662,37,,989,0,6,38,1579,0.636,825.2,0.4169,34,step_limit,0,324000,5759.2
325,1000,529.45,19.1,39,,995,0,6,38,1750,0.6302,876.6,0.4611,80,step_limit,0,325000,5777.2
326,1000,599.65,26.919,43,,991,0,7,39,1573,0.649,914.8,0.4279,163,step_limit,0,326000,5794.0
327,1000,399.1,-12.05,32,,850,0,4,27,2286,0.643,766.6,0.6056,120,step_limit,0,327000,5811.7
328,1000,599.65,30.802,43,,977,0,7,44,1532,0.6198,962.8,0.4135,39,step_limit,0,328000,5828.1
329,1000,609.7,38.868,44,,990,0,7,45,1370,0.6185,886.8,0.3666,26,step_limit,0,329000,5846.8
330,1000,529.45,23.115,39,,977,0,6,37,1676,0.662,871.9,0.4422,27,step_limit,0,330000,5867.5
331,1000,509.35,4.725,37,,906,0,6,32,1980,0.6355,880.9,0.5268,59,step_limit,0,331000,5886.2
332,1000,569.65,28.589,43,,978,0,6,41,1543,0.6555,964.4,0.4183,23,step_limit,0,332000,5904.1
333,1000,499.45,15.585,39,,980,0,5,31,1721,0.6125,867.3,0.4535,100,step_limit,0,333000,5921.6
334,1000,449.35,11.726,37,,992,0,4,27,1830,0.6162,917.1,0.4915,49,step_limit,0,334000,5940.4
335,1000,659.8,35.868,46,,995,0,8,47,1443,0.6382,885.2,0.3817,30,step_limit,0,335000,5958.6
336,1000,599.65,51.03,43,,971,0,7,46,1209,0.6192,895.4,0.3229,19,step_limit,0,336000,5977.0
337,1000,519.4,21.352,38,,919,0,6,37,1687,0.6315,906.1,0.4411,59,step_limit,0,337000,5997.1
338,1000,338.95,-22.984,29,,713,0,3,29,2464,0.6522,814.9,0.6459,86,step_limit,0,338000,6015.4
339,1000,479.2,16.095,34,,937,0,6,33,1723,0.6595,859.4,0.4649,49,step_limit,0,339000,6033.1
340,1000,629.8,37.713,46,,912,0,7,48,1442,0.6525,902.2,0.3837,26,step_limit,0,340000,6051.2
341,1000,529.45,16.146,39,,1000,0,6,39,1787,0.622,873.8,0.4636,46,step_limit,0,341000,6069.4
342,1000,499.3,7.144,36,,872,0,6,37,1930,0.6478,780.6,0.5095,131,step_limit,0,342000,6087.3
343,1000,569.5,23.315,40,,984,0,7,38,1621,0.6468,888.4,0.4314,37,step_limit,0,343000,6106.4
344,1000,539.5,19.911,40,,986,0,6,38,1724,0.6425,918.3,0.4577,24,step_limit,0,344000,6123.3
345,1000,579.7,35.511,44,,879,0,6,41,1320,0.6518,951.7,0.3513,41,step_limit,0,345000,6142.1
346,1000,449.2,1.872,34,,953,0,5,31,2018,0.5755,806.2,0.5401,124,step_limit,0,346000,6159.3
347,1000,599.65,21.414,43,,952,0,7,39,1599,0.6422,908.7,0.4381,60,step_limit,0,347000,6177.2
348,1000,619.75,31.616,45,,920,0,7,39,1466,0.6538,909.5,0.385,66,step_limit,0,348000,6195.3
349,1000,328.9,-5.052,28,,999,0,3,40,2209,0.6365,771.4,0.5678,52,step_limit,0,349000,6214.0
350,1000,649.75,33.609,45,,980,0,8,45,1448,0.6132,923.9,0.3908,53,step_limit,0,350000,6233.3
351,1000,489.4,6.63,38,,993,0,5,31,1891,0.639,861.5,0.513,54,step_limit,0,351000,6257.6
352,1000,519.4,24.505,38,,689,0,6,41,1683,0.6707,887.7,0.4395,31,step_limit,0,352000,6277.0
353,1000,559.6,16.006,42,,987,0,6,36,1728,0.6488,894.8,0.4637,120,step_limit,0,353000,6293.9
354,1000,268.6,-45.571,22,,989,0,3,20,2859,0.584,745.0,0.7535,95,step_limit,0,354000,6312.2
355,1000,579.55,37.779,41,,954,0,7,42,1391,0.6242,892.8,0.3621,34,step_limit,0,355000,6327.5
356,1000,459.25,12.741,35,,818,0,5,31,1823,0.629,875.7,0.4715,44,step_limit,0,356000,6346.1
357,1000,679.9,43.022,48,,995,0,8,45,1267,0.622,970.1,0.3472,33,step_limit,0,357000,6363.1
358,1000,378.85,-17.371,27,,945,0,5,33,2449,0.6685,763.6,0.6428,137,step_limit,0,358000,6382.0
359,1000,389.05,-12.45,31,,991,0,4,31,2326,0.6552,791.8,0.6145,111,step_limit,0,359000,6401.6
360,1000,599.65,32.676,43,,965,0,7,39,1445,0.6518,875.7,0.3844,34,step_limit,0,360000,6418.5
361,1000,589.6,36.187,42,,805,0,7,40,1431,0.657,920.5,0.3691,16,step_limit,0,361000,6436.7
362,1000,589.75,32.573,45,,890,0,6,41,1407,0.657,889.1,0.3853,59,step_limit,0,362000,6453.9
363,1000,549.55,14.459,41,,965,0,6,40,1869,0.6412,903.4,0.4974,74,step_limit,0,363000,6473.7
364,1000,519.4,17.262,38,,914,0,6,35,1691,0.6242,865.6,0.4555,79,step_limit,0,364000,6490.7
365,1000,499.45,12.677,39,,971,0,5,37,1870,0.6552,892.8,0.4972,65,step_limit,0,365000,6508.9
366,1000,569.65,21.108,43,,939,0,6,34,1746,0.6607,910.0,0.4561,62,step_limit,0,366000,6526.1
367,1000,579.55,27.587,41,,983,0,7,41,1540,0.632,868.2,0.4146,33,step_limit,0,367000,6544.4
368,1000,449.2,3.207,34,,950,0,5,31,2024,0.6298,876.4,0.5279,93,step_limit,0,368000,6561.9
369,1000,499.45,28.275,39,,1000,0,5,51,1660,0.6015,854.7,0.4297,35,step_limit,0,369000,6580.0
370,1000,549.55,32.678,41,,968,0,6,41,1488,0.6435,921.2,0.3992,60,step_limit,0,370000,6597.3
371,1000,619.6,37.14,42,,986,0,8,44,1387,0.649,882.1,0.3797,157,step_limit,0,371000,6615.1
372,1000,569.5,20.95,40,,788,0,7,39,1692,0.6332,876.6,0.456,79,step_limit,0,372000,6632.6
373,1000,499.3,21.597,36,,905,0,6,37,1682,0.6208,857.0,0.4455,39,step_limit,0,373000,6650.1
374,1000,539.65,12.141,43,,987,0,5,39,1870,0.671,883.1,0.5064,47,step_limit,0,374000,6668.4
375,1000,379.0,-6.197,30,,977,0,4,30,2191,0.5965,792.6,0.5792,58,step_limit,0,375000,6686.3
376,1000,569.65,40.35,43,,985,0,6,65,1467,0.671,962.9,0.383,20,step_limit,0,376000,6704.4
377,1000,499.3,14.549,36,,1000,0,6,34,1813,0.5935,880.5,0.4734,60,step_limit,0,377000,6722.0
378,1000,539.5,15.626,40,,895,0,6,43,1851,0.6478,888.4,0.4898,67,step_limit,0,378000,6740.5
379,1000,368.95,-23.081,29,,998,0,4,28,2466,0.6468,715.6,0.66,104,step_limit,0,379000,6757.7
380,1000,589.6,24.163,42,,910,0,7,40,1612,0.6338,876.7,0.4362,59,step_limit,0,380000,6776.4
381,1000,519.4,25.389,38,,772,0,6,45,1639,0.6165,853.9,0.4233,39,step_limit,0,381000,6793.6
382,1000,459.25,6.504,35,,989,0,5,33,1939,0.6573,852.8,0.5156,118,step_limit,0,382000,6812.8
383,1000,569.65,30.314,43,,980,0,6,44,1530,0.6478,964.2,0.4094,56,step_limit,0,383000,6831.2
384,1000,579.55,28.244,41,,768,0,7,37,1473,0.648,879.0,0.3968,20,step_limit,0,384000,6849.9
385,1000,569.65,28.997,43,,989,0,6,39,1502,0.6595,949.0,0.4057,69,step_limit,0,385000,6869.2
386,1000,419.2,-15.293,34,,972,0,4,31,2292,0.6035,779.6,0.6175,56,step_limit,0,386000,6886.4
387,1000,599.65,23.559,43,,793,0,7,42,1612,0.6552,872.5,0.4409,99,step_limit,0,387000,6903.7
388,1000,579.55,28.923,41,,938,0,7,42,1546,0.6285,875.5,0.4109,38,step_limit,0,388000,6922.7
389,1000,599.5,24.242,40,,785,0,8,40,1561,0.6032,879.1,0.4236,29,step_limit,0,389000,6940.5
390,1000,509.35,15.557,37,,973,0,6,34,1794,0.6098,854.5,0.4844,80,step_limit,0,390000,6958.9
391,1000,579.55,20.827,41,,802,0,7,44,1701,0.618,955.1,0.4641,76,step_limit,0,391000,6976.8
392,1000,559.6,26.457,42,,893,0,6,37,1577,0.6428,976.0,0.4261,49,step_limit,0,392000,6995.6
393,1000,469.3,16.719,36,,992,0,5,42,1861,0.644,888.1,0.4841,172,step_limit,0,393000,7012.7
394,1000,539.5,18.158,40,,967,0,6,37,1735,0.5813,883.8,0.4656,94,step_limit,0,394000,7032.7
395,1000,409.0,-4.579,30,,946,0,5,31,2153,0.644,780.3,0.5679,209,step_limit,0,395000,7050.9
396,1000,489.25,22.372,35,,991,0,6,37,1701,0.639,867.8,0.442,55,step_limit,0,396000,7069.7
397,1000,549.55,38.315,41,,902,0,6,39,1396,0.666,905.8,0.366,33,step_limit,0,397000,7087.5
398,1000,419.2,12.03,34,,873,0,4,31,1885,0.65,900.1,0.4885,31,step_limit,0,398000,7105.1
399,1000,469.3,11.716,36,,970,0,5,33,1898,0.6637,883.9,0.4965,81,step_limit,0,399000,7123.2
400,1000,629.65,28.966,43,,882,0,8,44,1574,0.6265,899.4,0.4153,30,step_limit,0,400000,7141.0
401,1000,439.3,7.569,36,,998,0,4,34,1947,0.6325,864.3,0.5161,69,step_limit,0,401000,7167.9
402,1000,579.55,17.019,41,,893,0,7,42,1737,0.5883,904.6,0.4743,75,step_limit,0,402000,7185.7
403,1000,529.45,19.753,39,,961,0,6,38,1698,0.6542,970.3,0.4439,36,step_limit,0,403000,7204.6
404,1000,569.5,36.148,40,,991,0,7,37,1392,0.6342,882.1,0.3677,39,step_limit,0,404000,7220.5
405,1000,559.45,26.11,39,,975,0,7,41,1643,0.6545,878.9,0.4296,43,step_limit,0,405000,7237.3
406,1000,469.3,-0.166,36,,976,0,5,37,2094,0.6535,879.1,0.557,91,step_limit,0,406000,7256.1
407,1000,539.5,23.354,40,,999,0,6,36,1687,0.6142,902.3,0.4418,38,step_limit,0,407000,7273.1
408,1000,479.35,29.216,37,,979,0,5,37,1573,0.6345,854.1,0.4103,32,step_limit,0,408000,7291.9
409,1000,529.45,30.025,39,,963,0,6,39,1521,0.6655,879.7,0.4016,37,step_limit,0,409000,7308.4
410,1000,489.4,-8.324,38,,629,0,5,34,2173,0.6255,837.1,0.5889,95,step_limit,0,410000,7326.5
411,1000,649.75,36.464,45,,976,0,8,47,1420,0.6498,912.8,0.3833,66,step_limit,0,411000,7343.5
412,1000,509.35,15.191,37,,994,0,6,38,1833,0.61,860.9,0.4804,62,step_limit,0,412000,7362.0
413,1000,529.45,13.437,39,,907,0,6,42,1863,0.6265,885.2,0.5024,81,step_limit,0,413000,7379.3
414,1000,499.3,16.554,36,,774,0,6,34,1810,0.662,862.3,0.4722,76,step_limit,0,414000,7398.6
415,1000,569.5,31.546,40,,957,0,7,38,1459,0.5897,969.8,0.3898,21,step_limit,0,415000,7415.3
416,1000,449.2,0.13,34,,989,0,5,34,2121,0.643,853.4,0.5541,147,step_limit,0,416000,7434.5
417,1000,539.5,31.156,40,,879,0,6,49,1555,0.634,893.0,0.4058,33,step_limit,0,417000,7452.6
418,1000,489.25,29.175,35,,990,0,6,50,1645,0.5587,869.7,0.4296,37,step_limit,0,418000,7469.1
419,1000,569.5,32.519,40,,986,0,7,35,1536,0.6425,902.8,0.4025,49,step_limit,0,419000,7487.0
420,1000,629.8,46.081,46,,945,0,7,48,1214,0.6475,924.3,0.3257,20,step_limit,0,420000,7504.3
421,1000,579.55,39.538,41,,960,0,7,44,1428,0.6235,888.6,0.3693,63,step_limit,0,421000,7523.7
422,1000,549.55,21.241,41,,974,0,6,38,1635,0.6365,907.5,0.4344,32,step_limit,0,422000,7540.6
423,1000,509.35,19.714,37,,994,0,6,38,1735,0.6613,914.6,0.4524,44,step_limit,0,423000,7559.2
424,1000,549.55,31.789,41,,939,0,6,41,1475,0.6345,926.6,0.4004,96,step_limit,0,424000,7576.6
425,1000,589.6,33.036,42,,956,0,7,37,1506,0.6355,922.1,0.3934,33,step_limit,0,425000,7595.5
426,1000,569.5,18.533,40,,872,0,7,38,1697,0.6505,886.2,0.4543,25,step_limit,0,426000,7613.0
427,1000,539.5,33.64,40,,988,0,6,32,1408,0.626,970.5,0.3752,56,step_limit,0,427000,7631.7
428,1000,519.4,22.207,38,,994,0,6,36,1689,0.6222,878.7,0.4465,134,step_limit,0,428000,7649.2
429,1000,449.35,16.606,37,,967,0,4,41,1861,0.636,872.1,0.4854,135,step_limit,0,429000,7668.1
430,1000,549.55,22.224,41,,913,0,6,39,1668,0.6372,904.5,0.4532,78,step_limit,0,430000,7684.9
431,1000,439.15,12.191,33,,969,0,5,30,1797,0.6388,808.4,0.4656,39,step_limit,0,431000,7703.2
432,1000,519.4,26.001,38,,828,0,6,42,1615,0.6145,971.3,0.4262,63,step_limit,0,432000,7721.9
433,1000,559.6,26.158,42,,956,0,6,42,1621,0.6438,901.1,0.4373,31,step_limit,0,433000,7739.1
434,1000,539.5,30.133,40,,978,0,6,39,1530,0.587,876.9,0.3983,48,step_limit,0,434000,7758.2
435,1000,439.15,9.165,33,,562,0,5,51,2013,0.614,821.6,0.524,119,step_limit,0,435000,7775.7
436,1000,419.2,15.529,34,,998,0,4,37,1811,0.6295,798.6,0.4818,58,step_limit,0,436000,7794.2
437,1000,599.65,21.85,43,,957,0,7,37,1632,0.6472,951.3,0.4421,62,step_limit,0,437000,7811.7
438,1000,539.5,15.379,40,,992,0,6,35,1769,0.622,826.1,0.4721,123,step_limit,0,438000,7830.7
439,1000,559.6,19.549,42,,978,0,6,42,1704,0.647,915.7,0.4562,39,step_limit,0,439000,7847.6
440,1000,539.5,20.69,40,,960,0,6,43,1786,0.6695,898.7,0.4673,108,step_limit,0,440000,7866.2
441,1000,479.2,19.164,34,,889,0,6,35,1700,0.6555,879.1,0.4456,42,step_limit,0,441000,7883.6
442,1000,609.7,33.128,44,,957,0,7,43,1500,0.6555,919.7,0.4038,85,step_limit,0,442000,7902.0
443,1000,529.45,30.049,39,,992,0,6,39,1556,0.6637,903.2,0.4048,66,step_limit,0,443000,7918.9
444,1000,629.8,45.295,46,,911,0,7,47,1265,0.6448,962.1,0.3378,23,step_limit,0,444000,7937.4
445,1000,519.4,20.321,38,,949,0,6,42,1752,0.6733,849.6,0.466,41,step_limit,0,445000,7956.0
446,1000,489.25,7.16,35,,978,0,6,32,1924,0.627,889.6,0.5159,60,step_limit,0,446000,7972.5
447,1000,499.45,25.564,39,,852,0,5,34,1558,0.681,870.5,0.4117,34,step_limit,0,447000,7990.2
448,1000,519.4,20.353,38,,958,0,6,36,1745,0.6577,875.5,0.4584,47,step_limit,0,448000,8006.6
449,1000,459.25,8.634,35,,982,0,5,35,1970,0.667,868.8,0.5121,37,step_limit,0,449000,8026.1
450,1000,499.45,14.64,39,,951,0,5,38,1878,0.637,962.7,0.4802,43,step_limit,0,450000,8043.1
451,1000,469.45,15.317,39,,977,0,4,47,1792,0.6165,890.1,0.4826,74,step_limit,0,451000,8070.2
452,1000,529.45,18.585,39,,865,0,6,37,1751,0.6585,907.6,0.4722,75,step_limit,0,452000,8086.4
453,1000,459.25,1.014,35,,988,0,5,32,2044,0.6488,834.9,0.5421,46,step_limit,0,453000,8107.6
454,1000,549.4,9.763,38,,642,0,7,39,1901,0.6282,872.4,0.5096,129,step_limit,0,454000,8127.9
455,1000,589.6,31.897,42,,947,0,7,39,1508,0.646,910.2,0.4039,50,step_limit,0,455000,8142.0
456,1000,509.5,14.74,40,,999,0,5,32,1778,0.6673,874.8,0.4797,101,step_limit,0,456000,8159.5
457,1000,459.25,19.856,35,,940,0,5,36,1704,0.6468,861.7,0.4525,107,step_limit,0,457000,8175.9
458,1000,469.3,5.035,36,,988,0,5,38,2042,0.6532,865.1,0.5384,104,step_limit,0,458000,8193.7
459,1000,529.45,46.713,39,,940,0,6,58,1255,0.6132,860.5,0.3343,33,step_limit,0,459000,8213.9
460,1000,469.3,15.33,36,,984,0,5,49,1840,0.643,795.4,0.4862,121,step_limit,0,460000,8230.2
461,1000,559.6,28.42,42,,999,0,6,41,1562,0.6577,880.8,0.4113,38,step_limit,0,461000,8248.5
462,1000,579.55,37.018,41,,794,0,7,38,1343,0.6462,872.3,0.3577,28,step_limit,0,462000,8265.6
463,1000,559.6,32.094,42,,966,0,6,39,1482,0.6388,886.5,0.396,19,step_limit,0,463000,8284.3
464,1000,559.6,28.953,42,,934,0,6,39,1605,0.673,903.1,0.4146,53,step_limit,0,464000,8301.7
465,1000,539.5,39.015,40,,972,0,6,38,1364,0.6512,932.7,0.3529,18,step_limit,0,465000,8320.4
466,1000,549.55,22.415,41,,1000,0,6,37,1602,0.6188,972.7,0.4329,35,step_limit,0,466000,8338.2
467,1000,449.2,4.822,34,,992,0,5,74,2153,0.613,870.4,0.5797,137,step_limit,0,467000,8357.0
468,1000,519.4,10.673,38,,629,0,6,34,1893,0.6675,880.0,0.5077,74,step_limit,0,468000,8374.7
469,1000,519.4,24.243,38,,814,0,6,32,1626,0.6282,867.6,0.4278,78,step_limit,0,469000,8391.8
470,1000,639.85,51.841,47,,981,0,7,43,1095,0.6405,914.5,0.2943,19,step_limit,0,470000,8410.3
471,1000,529.45,26.465,39,,978,0,6,36,1574,0.6617,861.2,0.4235,34,step_limit,0,471000,8427.4
472,1000,459.25,24.57,35,,970,0,5,36,1607,0.6485,866.8,0.4213,41,step_limit,0,472000,8445.8
473,1000,549.55,18.412,41,,904,0,6,34,1719,0.6577,897.3,0.4594,26,step_limit,0,473000,8462.9
474,1000,479.2,-2.696,34,,923,0,6,33,2035,0.651,836.4,0.5437,89,step_limit,0,474000,8480.5
475,1000,499.45,34.828,39,,935,0,5,36,1429,0.6395,901.0,0.3768,31,step_limit,0,475000,8497.2
476,1000,439.3,8.204,36,,997,0,4,32,1894,0.6375,877.7,0.5122,59,step_limit,0,476000,8515.3
477,1000,479.35,29.069,37,,964,0,5,56,1645,0.6165,884.4,0.4333,61,step_limit,0,477000,8533.4
478,1000,519.4,33.22,38,,998,0,6,31,1519,0.6342,870.4,0.3847,94,step_limit,0,478000,8551.3
479,1000,479.35,7.783,37,,725,0,5,29,1890,0.6545,836.9,0.5071,138,step_limit,0,479000,8568.4
480,1000,539.5,27.854,40,,981,0,6,83,1795,0.6228,826.6,0.4791,58,step_limit,0,480000,8586.7
481,1000,519.4,21.08,38,,946,0,6,36,1697,0.6522,869.2,0.4534,42,step_limit,0,481000,8604.2
482,1000,539.5,27.255,40,,957,0,6,32,1501,0.6182,872.9,0.3995,55,step_limit,0,482000,8622.5
483,1000,619.6,32.733,42,,881,0,8,43,1505,0.648,961.9,0.3983,131,step_limit,0,483000,8640.0
484,1000,449.35,23.765,37,,989,0,4,33,1646,0.6198,867.3,0.4234,27,step_limit,0,484000,8657.6
485,1000,529.45,7.66,39,,951,0,6,31,1914,0.6532,886.7,0.5135,114,step_limit,0,485000,8676.7
486,1000,549.55,29.034,41,,887,0,6,37,1550,0.664,883.0,0.4096,92,step_limit,0,486000,8694.5
487,1000,449.2,37.832,34,,946,0,5,40,1439,0.5827,798.1,0.3745,74,step_limit,0,487000,8712.8
488,1000,619.75,42.573,45,,998,0,7,47,1292,0.6448,967.2,0.3473,40,step_limit,0,488000,8729.8
489,1000,469.3,19.723,36,,965,0,5,37,1713,0.6242,823.4,0.4524,39,step_limit,0,489000,8748.3
490,1000,529.45,5.229,39,,980,0,6,38,1992,0.6222,862.9,0.5443,70,step_limit,0,490000,8765.7
491,1000,499.3,3.649,36,,786,0,6,31,2057,0.6565,886.5,0.538,65,step_limit,0,491000,8784.1
492,1000,469.3,46.478,36,,952,0,5,51,1331,0.5783,913.9,0.3324,68,step_limit,0,492000,8801.8
493,1000,479.2,21.215,34,,989,0,6,38,1681,0.6442,878.8,0.4518,77,step_limit,0,493000,8819.8
494,1000,589.6,24.464,42,,998,0,7,41,1648,0.6425,899.4,0.4351,82,step_limit,0,494000,8837.8
495,1000,499.45,24.549,39,,936,0,5,31,1582,0.67,967.0,0.4117,35,step_limit,0,495000,8856.9
496,1000,509.35,29.084,37,,978,0,6,35,1595,0.656,863.3,0.418,57,step_limit,0,496000,8875.4
497,1000,469.3,29.251,36,,851,0,5,38,1582,0.6295,937.0,0.415,59,step_limit,0,497000,8893.0
498,1000,469.15,13.238,33,,866,0,6,30,1854,0.669,758.7,0.4823,198,step_limit,0,498000,8912.2
499,1000,579.55,51.54,41,,853,0,7,39,1165,0.6412,866.5,0.306,14,step_limit,0,499000,8929.4
500,1000,529.45,63.712,39,,876,0,6,152,1379,0.5747,862.6,0.3612,32,step_limit,0,500000,8948.3
501,1000,529.45,33.68,39,,966,0,6,40,1509,0.621,970.9,0.3873,40,step_limit,0,501000,8976.2
502,1000,499.3,35.842,36,,989,0,6,52,1473,0.6282,887.5,0.3917,41,step_limit,0,502000,8992.3
503,1000,459.25,45.887,35,,956,0,5,96,1481,0.6025,885.8,0.3925,53,step_limit,0,503000,9013.1
504,1000,449.2,10.529,34,,833,0,5,32,1874,0.6342,809.6,0.4979,63,step_limit,0,504000,9030.5
505,1000,569.65,45.325,43,,939,0,6,54,1286,0.6637,916.2,0.3299,69,step_limit,0,505000,9047.6
506,1000,529.45,32.456,39,,859,0,6,42,1551,0.6258,931.0,0.4055,80,step_limit,0,506000,9063.2
507,1000,509.5,41.046,40,,966,0,5,37,1292,0.65,954.9,0.3376,33,step_limit,0,507000,9080.6
508,1000,499.45,22.843,39,,989,0,5,40,1708,0.6827,960.1,0.4557,50,step_limit,0,508000,9097.7
509,1000,519.4,24.895,38,,860,0,6,40,1649,0.6298,893.9,0.4309,40,step_limit,0,509000,9116.0
510,1000,559.45,38.334,39,,962,0,7,37,1373,0.59,873.5,0.3618,66,step_limit,0,510000,9133.0
511,1000,509.5,35.523,40,,985,0,5,36,1406,0.6515,896.4,0.3693,22,step_limit,0,511000,9150.9
512,1000,519.4,19.917,38,,987,0,6,37,1667,0.6278,905.5,0.4526,73,step_limit,0,512000,9169.6
513,1000,489.4,-3.198,38,,721,0,5,33,2049,0.6723,852.3,0.5555,275,step_limit,0,513000,9188.3
514,1000,589.6,36.16,42,,854,0,7,41,1367,0.6478,874.3,0.3637,36,step_limit,0,514000,9205.2
515,1000,549.4,30.394,38,,896,0,7,45,1569,0.645,886.9,0.4136,65,step_limit,0,515000,9223.1
516,1000,479.35,25.728,37,,966,0,5,37,1696,0.6548,894.7,0.4338,62,step_limit,0,516000,9239.9
517,1000,549.55,60.209,41,,987,0,6,46,1067,0.6462,899.9,0.2714,20,step_limit,0,517000,9258.0
518,1000,589.6,49.848,42,,1000,0,7,45,1209,0.6305,965.9,0.3233,33,step_limit,0,518000,9276.0
519,1000,539.5,38.252,40,,918,0,6,39,1364,0.6535,892.0,0.359,40,step_limit,0,519000,9292.8
520,1000,579.7,32.595,44,,951,0,6,42,1469,0.6215,884.1,0.3978,26,step_limit,0,520000,9310.8
521,1000,589.6,40.125,42,,959,0,7,38,1327,0.6075,858.1,0.3567,39,step_limit,0,521000,9328.0
522,1000,529.3,46.531,36,,740,0,7,35,1258,0.6445,810.7,0.3286,39,step_limit,0,522000,9346.5
523,1000,519.4,30.699,38,,896,0,6,40,1514,0.6302,936.4,0.4029,49,step_limit,0,523000,9366.7
524,1000,529.45,23.503,39,,745,0,6,34,1630,0.6593,897.0,0.4372,89,step_limit,0,524000,9386.6
525,1000,409.15,-6.217,33,,987,0,4,29,2158,0.6515,847.1,0.575,74,step_limit,0,525000,9405.1
526,1000,499.45,26.879,39,,986,0,5,37,1536,0.6442,891.5,0.4048,69,step_limit,0,526000,9424.0
527,1000,549.55,57.511,41,,940,0,6,44,1056,0.5827,861.0,0.2731,34,step_limit,0,527000,9443.1
528,1000,549.55,48.527,41,,975,0,6,39,1191,0.6285,868.0,0.3123,37,step_limit,0,528000,9460.5
529,1000,609.7,25.07,44,,821,0,7,40,1550,0.6205,899.8,0.414,42,step_limit,0,529000,9479.0
530,1000,529.45,34.466,39,,897,0,6,40,1470,0.6255,851.9,0.3933,81,step_limit,0,530000,9495.8
531,1000,629.65,41.359,43,,846,0,8,37,1303,0.628,880.7,0.3394,37,step_limit,0,531000,9513.4
532,1000,509.35,40.552,37,,997,0,6,51,1395,0.6358,866.9,0.3613,37,step_limit,0,532000,9529.8
533,1000,579.55,44.184,41,,859,0,7,41,1315,0.6185,875.2,0.3397,21,step_limit,0,533000,9547.1
534,1000,559.6,18.49,42,,986,0,6,40,1726,0.6545,892.9,0.4646,51,step_limit,0,534000,9563.8
535,1000,549.4,46.031,38,,815,0,7,58,1320,0.636,821.8,0.3517,74,step_limit,0,535000,9582.5
536,1000,499.3,15.726,36,,853,0,6,35,1796,0.5905,880.1,0.4724,97,step_limit,0,536000,9599.5
537,1000,499.45,34.23,39,,970,0,5,37,1381,0.6428,841.4,0.3687,55,step_limit,0,537000,9618.0
538,1000,559.45,35.721,39,,911,0,7,37,1385,0.6365,911.5,0.367,59,step_limit,0,538000,9637.1
539,1000,639.7,50.929,44,,996,0,8,43,1186,0.6295,929.2,0.3177,22,step_limit,0,539000,9655.8
540,1000,489.4,25.51,38,,960,0,5,40,1612,0.6232,852.8,0.4268,44,step_limit,0,540000,9673.5
541,1000,579.7,51.535,44,,988,0,6,47,1181,0.654,918.1,0.2976,37,step_limit,0,541000,9691.5
542,1000,579.7,36.772,44,,973,0,6,42,1362,0.6505,898.8,0.3596,19,step_limit,0,542000,9708.7
543,1000,449.2,27.935,34,,893,0,5,60,1653,0.6328,895.0,0.4339,89,step_limit,0,543000,9728.1
544,1000,589.6,43.228,42,,968,0,7,40,1207,0.6442,886.9,0.3251,27,step_limit,0,544000,9748.6
545,1000,489.25,44.82,35,,890,0,6,92,1512,0.5998,884.9,0.3949,51,step_limit,0,545000,9767.5
546,1000,539.5,41.792,40,,902,0,6,44,1314,0.6465,963.2,0.3287,46,step_limit,0,546000,9787.6
547,1000,579.7,42.19,44,,996,0,6,42,1355,0.6362,909.5,0.3498,32,step_limit,0,547000,9804.4
548,1000,489.25,31.206,35,,945,0,6,35,1484,0.634,916.4,0.3964,51,step_limit,0,548000,9823.7
549,1000,459.25,20.059,35,,991,0,5,34,1706,0.6172,808.5,0.4504,28,step_limit,0,549000,9840.9
550,1000,489.4,27.353,38,,879,0,5,38,1584,0.6375,885.5,0.4229,51,step_limit,0,550000,9860.0
551,1000,539.5,39.796,40,,880,0,6,45,1378,0.5945,884.9,0.3696,51,step_limit,0,551000,9888.4
552,1000,569.65,43.523,43,,978,0,6,41,1290,0.6378,904.4,0.3383,17,step_limit,0,552000,9904.6
553,1000,599.65,42.607,43,,925,0,7,44,1311,0.6585,885.6,0.3357,39,step_limit,0,553000,9923.7
554,1000,509.35,13.839,37,,878,0,6,36,1791,0.608,858.0,0.4664,51,step_limit,0,554000,9940.0
555,1000,599.65,37.689,43,,940,0,7,44,1360,0.6418,953.4,0.3742,47,step_limit,0,555000,9956.4
556,1000,409.0,-11.208,30,,963,0,5,30,2278,0.6455,790.1,0.6099,99,step_limit,0,556000,9973.6
557,1000,529.45,10.628,39,,988,0,6,36,1920,0.629,876.7,0.5065,50,step_limit,0,557000,9990.5
558,1000,489.25,18.384,35,,986,0,6,35,1696,0.6362,870.3,0.4513,82,step_limit,0,558000,10006.8
559,1000,539.5,36.991,40,,853,0,6,44,1378,0.64,870.7,0.3614,77,step_limit,0,559000,10025.4
560,1000,549.55,40.201,41,,993,0,6,66,1414,0.608,913.9,0.3775,67,step_limit,0,560000,10042.3
561,1000,519.4,14.396,38,,978,0,6,45,1885,0.631,856.8,0.5008,29,step_limit,0,561000,10061.7
562,1000,579.7,37.91,44,,1000,0,6,43,1334,0.615,911.0,0.3584,57,step_limit,0,562000,10080.3
563,1000,559.6,47.592,42,,923,0,6,45,1218,0.6285,908.6,0.3209,30,step_limit,0,563000,10098.4
564,1000,579.7,41.023,44,,985,0,6,47,1396,0.6308,882.1,0.3731,32,step_limit,0,564000,10117.5
565,1000,589.6,19.997,42,,990,0,7,40,1714,0.6613,861.9,0.4634,71,step_limit,0,565000,10134.3
566,1000,469.3,18.664,36,,886,0,5,33,1759,0.6092,893.2,0.4652,67,step_limit,0,566000,10152.9
567,1000,519.4,15.09,38,,947,0,6,34,1782,0.6022,882.4,0.4811,38,step_limit,0,567000,10170.5
568,1000,579.55,42.75,41,,976,0,7,43,1270,0.5925,964.7,0.3269,50,step_limit,0,568000,10189.0
569,1000,589.6,44.024,42,,976,0,7,43,1303,0.6488,890.8,0.3458,12,step_limit,0,569000,10206.4
570,1000,569.5,34.977,40,,972,0,7,35,1460,0.6535,900.5,0.3785,40,step_limit,0,570000,10225.4
571,1000,539.5,35.299,40,,982,0,6,37,1380,0.6338,870.8,0.3616,55,step_limit,0,571000,10242.9
572,1000,579.55,56.486,41,,987,0,7,38,1078,0.6368,883.9,0.2743,21,step_limit,0,572000,10262.0
573,1000,599.65,41.372,43,,893,0,7,39,1308,0.6288,917.0,0.3419,39,step_limit,0,573000,10278.8
574,1000,338.95,2.271,29,,956,0,3,39,2132,0.621,714.0,0.5491,71,step_limit,0,574000,10297.1
575,1000,489.4,41.281,38,,952,0,5,50,1350,0.613,882.5,0.357,39,step_limit,0,575000,10315.2
576,1000,469.3,3.822,36,,990,0,5,33,1916,0.6382,836.0,0.5169,73,step_limit,0,576000,10334.4
577,1000,539.5,29.42,40,,840,0,6,37,1534,0.6435,877.4,0.4079,29,step_limit,0,577000,10354.0
578,1000,539.5,26.439,40,,935,0,6,40,1583,0.653,907.7,0.4224,33,step_limit,0,578000,10371.0
579,1000,549.55,18.081,41,,991,0,6,34,1648,0.6338,864.2,0.4522,137,step_limit,0,579000,10389.4
580,1000,509.35,35.575,37,,955,0,6,39,1498,0.6548,883.9,0.3898,47,step_limit,0,580000,10406.2
581,1000,529.45,41.256,39,,915,0,6,37,1299,0.6062,885.6,0.3486,27,step_limit,0,581000,10424.6
582,1000,549.55,30.922,41,,895,0,6,36,1492,0.668,899.5,0.3926,51,step_limit,0,582000,10442.1
583,1000,519.4,30.156,38,,1000,0,6,40,1584,0.6192,906.9,0.4119,51,step_limit,0,583000,10461.2
584,1000,539.5,43.17,40,,980,0,6,49,1305,0.584,906.0,0.3519,26,step_limit,0,584000,10477.6
585,1000,479.35,29.64,37,,998,0,5,44,1600,0.6332,875.5,0.4177,37,step_limit,0,585000,10496.0
586,1000,409.15,11.517,33,,983,0,4,31,1907,0.6567,914.6,0.4981,51,step_limit,0,586000,10512.4
587,1000,489.4,39.355,38,,931,0,5,58,1490,0.5777,791.2,0.3819,36,step_limit,0,587000,10531.7
588,1000,539.5,28.43,40,,998,0,6,38,1527,0.6465,854.3,0.4038,54,step_limit,0,588000,10548.5
589,1000,509.35,36.807,37,,987,0,6,34,1324,0.6168,874.0,0.3417,27,step_limit,0,589000,10568.1
590,1000,439.15,30.31,33,,993,0,5,31,1508,0.6195,819.9,0.3883,31,step_limit,0,590000,10585.0
591,1000,499.45,56.977,39,,874,0,5,65,1150,0.6573,971.8,0.3008,19,step_limit,0,591000,10603.6
592,1000,499.3,29.345,36,,786,0,6,36,1536,0.63,868.5,0.4041,40,step_limit,0,592000,10623.2
593,1000,589.75,46.637,45,,986,0,6,42,1228,0.6525,892.6,0.3206,100,step_limit,0,593000,10639.4
594,1000,599.65,61.327,43,,896,0,7,64,1039,0.6148,971.9,0.277,18,step_limit,0,594000,10656.0
595,1000,439.15,-1.496,33,,997,0,5,30,2074,0.614,782.7,0.5567,238,step_limit,0,595000,10672.4
596,1000,519.4,19.596,38,,911,0,6,39,1734,0.606,848.1,0.465,45,step_limit,0,596000,10690.0
597,1000,509.35,43.918,37,,928,0,6,35,1242,0.6565,870.5,0.3222,28,step_limit,0,597000,10710.0
598,1000,429.1,23.729,32,,897,0,5,34,1694,0.6583,753.2,0.4388,36,step_limit,0,598000,10728.0
599,1000,479.35,22.441,37,,979,0,5,35,1676,0.6288,904.4,0.4355,54,step_limit,0,599000,10744.6
600,1000,489.25,26.52,35,,894,0,6,37,1647,0.6105,869.3,0.4283,89,step_limit,0,600000,10762.5
601,1000,399.1,0.174,32,,990,0,4,33,2051,0.6045,872.8,0.5442,57,step_limit,0,601000,10788.7
602,1000,529.45,35.804,39,,936,0,6,39,1426,0.6663,865.5,0.38,56,step_limit,0,602000,10806.6
603,1000,529.45,33.924,39,,998,0,6,32,1478,0.6322,861.2,0.3834,39,step_limit,0,603000,10823.1
604,1000,519.4,21.956,38,,956,0,6,35,1647,0.6155,775.8,0.4365,40,step_limit,0,604000,10841.1
605,1000,479.35,31.511,37,,862,0,5,38,1565,0.6408,806.7,0.4012,29,step_limit,0,605000,10856.9
606,1000,549.55,39.598,41,,945,0,6,35,1311,0.6505,881.6,0.3501,40,step_limit,0,606000,10873.6
607,1000,539.65,56.98,43,,975,0,5,38,1036,0.6362,960.8,0.2489,15,step_limit,0,607000,10890.0
608,1000,499.45,40.935,39,,965,0,5,41,1345,0.6272,889.6,0.3609,27,step_limit,0,608000,10906.0
609,1000,569.65,23.017,43,,997,0,6,36,1632,0.653,874.7,0.436,94,step_limit,0,609000,10921.6
610,1000,589.6,43.353,42,,996,0,7,45,1280,0.6255,909.5,0.3312,85,step_limit,0,610000,10939.5
611,1000,589.6,48.112,42,,895,0,7,40,1212,0.656,882.7,0.3062,23,step_limit,0,611000,10957.3
612,1000,529.45,29.344,39,,980,0,6,39,1563,0.6647,918.9,0.4124,23,step_limit,0,612000,10975.9
613,1000,539.5,32.544,40,,941,0,6,32,1459,0.6522,878.6,0.3853,31,step_limit,0,613000,10997.3
614,1000,589.6,64.47,42,,897,0,7,39,831,0.5975,888.1,0.2089,19,step_limit,0,614000,11017.2
615,1000,509.35,34.233,37,,918,0,6,40,1483,0.6607,876.2,0.3769,52,step_limit,0,615000,11037.3
616,1000,469.3,27.066,36,,931,0,5,39,1617,0.6148,855.1,0.4215,52,step_limit,0,616000,11055.4
617,1000,599.65,58.135,43,,1000,0,7,37,1001,0.654,960.1,0.2546,16,step_limit,0,617000,11073.8
618,1000,579.55,37.794,41,,875,0,7,43,1427,0.6018,892.0,0.3773,25,step_limit,0,618000,11091.0
619,1000,549.55,64.97,41,,825,0,6,109,1168,0.6048,873.6,0.3092,42,step_limit,0,619000,11110.5
620,1000,609.55,39.078,41,,963,0,8,38,1349,0.6395,873.9,0.353,37,step_limit,0,620000,11127.5
621,1000,619.75,54.012,45,,978,0,7,41,1002,0.6022,971.8,0.2711,38,step_limit,0,621000,11146.1
622,1000,509.5,56.66,40,,998,0,5,40,1092,0.6275,883.9,0.2849,12,step_limit,0,622000,11162.9
623,1000,429.25,30.102,35,,994,0,4,36,1546,0.6285,843.9,0.3981,41,step_limit,0,623000,11181.6
624,1000,579.55,25.098,41,,781,0,7,40,1628,0.618,860.0,0.4328,48,step_limit,0,624000,11200.0
625,1000,459.25,32.318,35,,927,0,5,31,1482,0.6075,810.3,0.3875,23,step_limit,0,625000,11217.3
626,1000,539.5,45.902,40,,998,0,6,40,1272,0.6508,907.3,0.3352,40,step_limit,0,626000,11236.3
627,1000,539.5,40.074,40,,889,0,6,43,1365,0.6315,890.3,0.3659,39,step_limit,0,627000,11254.1
628,1000,499.3,42.871,36,,970,0,6,39,1299,0.6215,971.5,0.3423,23,step_limit,0,628000,11273.7
629,1000,549.4,36.947,38,,905,0,7,39,1458,0.6385,819.8,0.3803,27,step_limit,0,629000,11290.1
630,1000,509.5,24.18,40,,917,0,5,33,1608,0.6442,866.6,0.4249,45,step_limit,0,630000,11308.8
631,1000,529.45,55.594,39,,958,0,6,50,1097,0.6275,916.7,0.2858,36,step_limit,0,631000,11326.9
632,1000,539.5,38.353,40,,766,0,6,67,1448,0.634,965.2,0.3931,82,step_limit,0,632000,11345.6
633,1000,579.55,46.289,41,,979,0,7,48,1246,0.6587,894.6,0.3196,38,step_limit,0,633000,11362.5
634,1000,549.55,32.742,41,,979,0,6,40,1477,0.6175,863.5,0.3906,71,step_limit,0,634000,11381.1
635,1000,499.3,35.587,36,,922,0,6,41,1415,0.6028,913.0,0.3821,63,step_limit,0,635000,11398.9
636,1000,539.5,38.135,40,,998,0,6,43,1470,0.6442,885.3,0.3769,50,step_limit,0,636000,11418.6
637,1000,569.5,44.156,40,,931,0,7,40,1280,0.632,867.3,0.3249,27,step_limit,0,637000,11436.7
638,1000,559.45,51.606,39,,857,0,7,40,1076,0.5823,968.4,0.2817,26,step_limit,0,638000,11453.3
639,1000,489.4,36.535,38,,878,0,5,49,1458,0.6375,967.5,0.3748,30,step_limit,0,639000,11472.1
640,1000,489.25,46.471,35,,954,0,6,51,1370,0.5965,964.5,0.3501,35,step_limit,0,640000,11489.5
641,1000,459.25,22.644,35,,981,0,5,44,1696,0.5933,820.0,0.4479,48,step_limit,0,641000,11508.0
642,1000,549.55,49.611,41,,902,0,6,53,1151,0.6402,943.1,0.3065,19,step_limit,0,642000,11524.7
643,1000,549.55,29.406,41,,993,0,6,38,1564,0.6562,907.2,0.4082,59,step_limit,0,643000,11543.0
644,1000,529.45,53.785,39,,874,0,6,87,1293,0.6215,868.6,0.3351,29,step_limit,0,644000,11560.0
645,1000,569.5,29.013,40,,986,0,7,45,1594,0.6402,823.7,0.4129,39,step_limit,0,645000,11578.8
646,1000,649.75,55.494,45,,994,0,8,39,1055,0.6105,910.5,0.2734,33,step_limit,0,646000,11595.6
647,1000,539.5,30.128,40,,893,0,6,39,1515,0.5988,896.8,0.404,58,step_limit,0,647000,11613.1
648,1000,579.7,50.982,44,,985,0,6,46,1075,0.6613,918.8,0.2874,16,step_limit,0,648000,11629.5
649,1000,489.4,18.149,38,,982,0,5,39,1778,0.6458,874.0,0.4683,71,step_limit,0,649000,11648.0
650,1000,459.25,28.359,35,,959,0,5,35,1643,0.6248,803.5,0.4154,35,step_limit,0,650000,11664.7
651,1000,599.65,36.163,43,,1000,0,7,39,1402,0.6042,894.6,0.3674,50,step_limit,0,651000,11692.1
652,1000,549.55,51.436,41,,971,0,6,42,1066,0.6092,886.3,0.2838,55,step_limit,0,652000,11711.5
653,1000,509.35,40.329,37,,991,0,6,32,1329,0.5972,959.1,0.3407,24,step_limit,0,653000,11726.8
654,1000,549.4,52.282,38,,869,0,7,37,1026,0.59,973.0,0.2658,18,step_limit,0,654000,11745.7
655,1000,549.4,74.943,38,,860,0,7,59,782,0.5972,846.6,0.1973,13,step_limit,0,655000,11762.6
656,1000,529.3,32.992,36,,993,0,7,62,1519,0.5673,797.0,0.4071,82,step_limit,0,656000,11780.1
657,1000,539.5,35.587,40,,919,0,6,37,1419,0.6607,911.5,0.3698,18,step_limit,0,657000,11797.8
658,1000,569.5,49.937,40,,950,0,7,58,1183,0.646,913.7,0.3128,17,step_limit,0,658000,11817.3
659,1000,519.4,48.081,38,,870,0,6,59,1350,0.6132,865.8,0.3482,29,step_limit,0,659000,11832.5
660,1000,539.5,55.942,40,,832,0,6,90,1314,0.6155,865.2,0.3338,54,step_limit,0,660000,11851.5
661,1000,489.25,35.705,35,,950,0,6,35,1400,0.6482,869.6,0.3682,29,step_limit,0,661000,11869.8
662,1000,599.65,32.212,43,,889,0,7,39,1440,0.6452,894.2,0.3901,20,step_limit,0,662000,11888.9
663,1000,509.35,35.294,37,,866,0,6,42,1407,0.6118,911.8,0.3726,19,step_limit,0,663000,11907.6
664,1000,579.55,47.916,41,,899,0,7,58,1217,0.603,886.1,0.3303,38,step_limit,0,664000,11924.2
665,1000,529.45,28.188,39,,987,0,6,41,1598,0.6335,858.4,0.4153,52,step_limit,0,665000,11942.2
666,1000,559.6,37.78,42,,944,0,6,52,1461,0.608,872.7,0.3965,42,step_limit,0,666000,11959.3
667,1000,529.45,38.326,39,,979,0,6,47,1443,0.5933,967.6,0.3706,29,step_limit,0,667000,11978.5
668,1000,459.25,30.282,35,,958,0,5,35,1525,0.6603,845.0,0.4037,74,step_limit,0,668000,11995.5
669,1000,559.45,38.339,39,,921,0,7,58,1531,0.6,852.1,0.395,32,step_limit,0,669000,12014.3
670,1000,519.4,27.832,38,,912,0,6,34,1570,0.6573,889.5,0.4065,39,step_limit,0,670000,12031.4
671,1000,529.45,49.514,39,,959,0,6,67,1237,0.6032,908.8,0.3268,29,step_limit,0,671000,12051.3
672,1000,539.5,63.748,40,,940,0,6,94,1173,0.5777,912.8,0.304,61,step_limit,0,672000,12068.3
673,1000,489.4,45.535,38,,975,0,5,39,1292,0.6528,911.6,0.3369,24,step_limit,0,673000,12086.3
674,1000,529.45,60.216,39,,945,0,6,105,1246,0.5865,818.7,0.3305,45,step_limit,0,674000,12103.4
675,1000,559.6,38.859,42,,980,0,6,42,1371,0.6422,872.0,0.3655,26,step_limit,0,675000,12121.6
676,1000,549.55,40.191,41,,962,0,6,47,1396,0.6382,883.4,0.3713,25,step_limit,0,676000,12140.1
677,1000,569.65,53.027,43,,967,0,6,50,1150,0.6012,914.0,0.2953,26,step_limit,0,677000,12158.6
678,1000,579.55,40.858,41,,873,0,7,45,1270,0.626,885.7,0.3406,19,step_limit,0,678000,12178.1
679,1000,499.3,20.607,36,,945,0,6,36,1705,0.6495,820.3,0.4568,55,step_limit,0,679000,12195.5
680,1000,549.55,31.091,41,,980,0,6,37,1482,0.644,857.7,0.3991,61,step_limit,0,680000,12215.1
681,1000,539.5,18.534,40,,958,0,6,38,1677,0.6475,879.3,0.4483,38,step_limit,0,681000,12232.7
682,1000,539.5,62.153,40,,877,0,6,126,1275,0.6068,886.1,0.343,20,step_limit,0,682000,12251.5
683,1000,549.55,57.104,41,,986,0,6,41,1050,0.6295,856.2,0.2719,12,step_limit,0,683000,12269.5
684,1000,509.35,38.72,37,,963,0,6,63,1410,0.616,891.8,0.3708,40,step_limit,0,684000,12287.9
685,1000,559.45,43.303,39,,967,0,7,54,1307,0.6375,889.0,0.3446,19,step_limit,0,685000,12305.4
686,1000,499.3,18.666,36,,961,0,6,53,1799,0.5773,811.0,0.477,83,step_limit,0,686000,12323.7
687,1000,629.65,49.378,43,,931,0,8,45,1202,0.6208,887.1,0.3078,19,step_limit,0,687000,12341.3
688,1000,429.25,20.64,35,,969,0,4,39,1694,0.654,857.4,0.4498,30,step_limit,0,688000,12359.8
689,1000,669.85,55.052,47,,959,0,8,53,1091,0.6635,880.8,0.2801,19,step_limit,0,689000,12378.2
690,1000,559.45,36.249,39,,933,0,7,33,1340,0.599,835.0,0.3539,53,step_limit,0,690000,12395.5
691,1000,549.55,49.053,41,,973,0,6,42,1195,0.6583,869.2,0.3091,39,step_limit,0,691000,12414.5
692,1000,449.2,19.942,34,,972,0,5,43,1784,0.6262,801.6,0.4701,31,step_limit,0,692000,12432.1
693,1000,509.35,44.185,37,,869,0,6,36,1238,0.644,876.6,0.3255,26,step_limit,0,693000,12450.8
694,1000,589.6,55.529,42,,1000,0,7,41,1115,0.6002,878.4,0.2784,22,step_limit,0,694000,12467.4
695,1000,519.4,53.622,38,,936,0,6,43,1165,0.5735,862.7,0.3,31,step_limit,0,695000,12486.0
696,1000,539.5,47.526,40,,962,0,6,61,1305,0.62,904.4,0.3297,44,step_limit,0,696000,12503.1
697,1000,539.5,58.423,40,,972,0,6,40,960,0.632,903.9,0.2424,21,step_limit,0,697000,12521.3
698,1000,529.45,25.529,39,,959,0,6,40,1578,0.5985,881.6,0.4273,99,step_limit,0,698000,12538.5
699,1000,379.0,-2.276,30,,939,0,4,31,2127,0.604,777.0,0.5677,74,step_limit,0,699000,12555.8
700,1000,549.55,37.72,41,,997,0,6,41,1284,0.6432,871.6,0.3387,25,step_limit,0,700000,12572.5
701,1000,569.5,32.858,40,,950,0,7,39,1484,0.6555,887.7,0.4014,61,step_limit,0,701000,12600.2
702,1000,489.4,47.472,38,,984,0,5,35,1192,0.6278,808.2,0.3135,14,step_limit,0,702000,12618.3
703,1000,519.4,48.619,38,,954,0,6,39,1224,0.6558,874.8,0.3176,26,step_limit,0,703000,12634.3
704,1000,529.45,37.021,39,,998,0,6,47,1484,0.6595,918.0,0.3787,37,step_limit,0,704000,12652.3
705,1000,449.2,32.759,34,,919,0,5,32,1471,0.664,849.9,0.3783,46,step_limit,0,705000,12669.4
706,1000,529.45,56.292,39,,992,0,6,56,1146,0.6335,848.4,0.2949,20,step_limit,0,706000,12689.1
707,1000,459.25,29.671,35,,893,0,5,56,1627,0.6058,813.2,0.4304,22,step_limit,0,707000,12706.8
708,1000,569.5,52.979,40,,850,0,7,56,1176,0.6272,904.2,0.2993,31,step_limit,0,708000,12725.5
709,1000,559.45,70.206,39,,970,0,7,90,971,0.6032,815.8,0.2518,30,step_limit,0,709000,12742.4
710,1000,569.65,42.699,43,,994,0,6,38,1298,0.6723,955.1,0.3388,19,step_limit,0,710000,12761.6
711,1000,559.6,42.461,42,,993,0,6,42,1280,0.6452,915.9,0.3331,57,step_limit,0,711000,12778.7
712,1000,499.3,26.712,36,,894,0,6,42,1632,0.6258,849.2,0.4308,89,step_limit,0,712000,12796.9
713,1000,549.55,37.742,41,,920,0,6,38,1350,0.6518,880.8,0.3598,106,step_limit,0,713000,12815.2
714,1000,629.8,57.42,46,,969,0,7,44,1002,0.6362,895.3,0.2608,11,step_limit,0,714000,12833.1
715,1000,519.4,45.293,38,,922,0,6,67,1322,0.6222,803.2,0.3508,40,step_limit,0,715000,12852.0
716,1000,459.25,42.776,35,,979,0,5,54,1389,0.581,973.1,0.3686,58,step_limit,0,716000,12869.2
717,1000,449.2,58.611,34,,912,0,5,161,1618,0.5968,764.1,0.4167,55,step_limit,0,717000,12887.5
718,1000,579.7,43.906,44,,964,0,6,42,1282,0.6475,905.9,0.3341,22,step_limit,0,718000,12904.0
719,1000,559.6,40.112,42,,871,0,6,43,1346,0.6312,888.3,0.3592,50,step_limit,0,719000,12923.2
720,1000,589.6,56.922,42,,921,0,7,67,1130,0.606,960.5,0.3004,20,step_limit,0,720000,12939.7
721,1000,469.3,43.884,36,,995,0,5,58,1368,0.615,851.6,0.3616,22,step_limit,0,721000,12959.0
722,1000,379.0,65.921,30,,996,0,4,91,1217,0.617,733.2,0.3021,35,step_limit,0,722000,12975.5
723,1000,479.35,34.079,37,,904,0,5,57,1634,0.599,772.6,0.4212,25,step_limit,0,723000,12994.0
724,1000,489.4,54.409,38,,919,0,5,44,1118,0.606,797.5,0.2879,22,step_limit,0,724000,13011.1
725,1000,459.25,44.172,35,,963,0,5,54,1398,0.606,851.1,0.3564,24,step_limit,0,725000,13030.0
726,1000,559.6,77.272,42,,854,0,6,71,781,0.5975,892.4,0.2055,13,step_limit,0,726000,13046.8
727,1000,589.6,82.845,42,,980,0,7,145,957,0.5873,876.4,0.2549,16,step_limit,0,727000,13065.8
728,1000,409.15,16.963,33,,967,0,4,32,1692,0.5555,889.9,0.4565,201,step_limit,0,728000,13084.5
729,1000,519.4,52.919,38,,899,0,6,37,1070,0.6135,920.6,0.2838,17,step_limit,0,729000,13102.3
730,1000,469.3,37.438,36,,850,0,5,50,1483,0.6172,824.5,0.3877,54,step_limit,0,730000,13121.1
731,1000,549.4,70.09,38,,898,0,7,134,1170,0.5793,794.2,0.3042,39,step_limit,0,731000,13138.9
732,1000,479.35,44.46,37,,901,0,5,37,1299,0.6142,876.2,0.338,30,step_limit,0,732000,13157.7
733,1000,549.4,29.618,38,,908,0,7,38,1517,0.662,867.7,0.4001,75,step_limit,0,733000,13175.6
734,1000,519.4,53.319,38,,953,0,6,75,1212,0.5885,866.3,0.3186,34,step_limit,0,734000,13196.3
735,1000,609.55,46.252,41,,853,0,8,43,1247,0.6158,909.5,0.3284,32,step_limit,0,735000,13215.1
736,1000,589.6,102.789,42,,828,0,7,191,822,0.574,872.9,0.2187,16,step_limit,0,736000,13234.7
737,1000,479.35,65.917,37,,986,0,5,106,1154,0.6225,898.2,0.3052,28,step_limit,0,737000,13255.3
738,1000,579.55,57.439,41,,968,0,7,45,1051,0.6398,959.5,0.2665,61,step_limit,0,738000,13274.5
739,1000,569.65,50.928,43,,972,0,6,49,1239,0.6365,888.4,0.318,15,step_limit,0,739000,13293.4
740,1000,619.75,63.229,45,,978,0,7,54,952,0.6242,913.2,0.2455,33,step_limit,0,740000,13310.3
741,1000,549.55,53.771,41,,849,0,6,39,1042,0.6132,875.0,0.2641,16,step_limit,0,741000,13329.4
742,1000,469.3,89.208,36,,998,0,5,125,869,0.562,851.0,0.2173,29,step_limit,0,742000,13347.1
743,1000,509.5,40.631,40,,958,0,5,41,1308,0.6008,962.9,0.3445,25,step_limit,0,743000,13366.7
744,1000,589.6,52.161,42,,997,0,7,41,1115,0.6268,877.6,0.283,21,step_limit,0,744000,13384.3
745,1000,579.7,53.201,44,,962,0,6,50,1090,0.649,885.0,0.2786,13,step_limit,0,745000,13402.9
746,1000,549.55,51.903,41,,950,0,6,38,1126,0.6663,886.0,0.2862,22,step_limit,0,746000,13422.0
747,1000,499.3,24.764,36,,911,0,6,34,1613,0.6128,886.6,0.4287,34,step_limit,0,747000,13439.3
748,1000,449.2,3.446,34,,993,0,5,34,2034,0.6595,773.6,0.5444,318,step_limit,0,748000,13457.9
749,1000,529.45,47.224,39,,968,0,6,38,1163,0.6312,887.6,0.3145,17,step_limit,0,749000,13474.3
750,1000,539.5,58.73,40,,959,0,6,97,1215,0.6455,835.2,0.3292,22,step_limit,0,750000,13493.3
751,1000,489.4,21.779,38,,913,0,5,37,1679,0.6585,856.0,0.4415,61,step_limit,0,751000,13520.2
752,1000,539.5,72.357,40,,837,0,6,93,987,0.6175,883.2,0.2552,14,step_limit,0,752000,13537.0
753,1000,549.55,64.055,41,,996,0,6,62,909,0.568,855.5,0.2421,16,step_limit,0,753000,13555.5
754,1000,439.15,39.338,33,,972,0,5,46,1441,0.64,764.2,0.3767,38,step_limit,0,754000,13572.5
755,1000,599.65,46.343,43,,980,0,7,41,1224,0.6597,892.6,0.3192,16,step_limit,0,755000,13591.2
756,1000,639.7,58.912,44,,963,0,8,41,921,0.6305,888.6,0.249,21,step_limit,0,756000,13606.9
757,1000,459.25,22.069,35,,962,0,5,35,1653,0.6552,800.3,0.4417,70,step_limit,0,757000,13625.8
758,1000,559.45,52.26,39,,939,0,7,41,1136,0.6272,895.5,0.2901,18,step_limit,0,758000,13642.6
759,1000,529.45,69.375,39,,999,0,6,76,977,0.6232,875.2,0.2534,33,step_limit,0,759000,13659.8
760,1000,499.45,47.277,39,,965,0,5,41,1275,0.613,961.2,0.323,39,step_limit,0,760000,13677.4
761,1000,529.45,49.475,39,,959,0,6,56,1273,0.6262,864.9,0.3233,20,step_limit,0,761000,13696.2
762,1000,479.35,45.912,37,,974,0,5,64,1387,0.6218,803.6,0.3556,25,step_limit,0,762000,13712.6
763,1000,549.55,54.308,41,,974,0,6,39,1050,0.633,914.7,0.2817,17,step_limit,0,763000,13731.0
764,1000,449.2,47.061,34,,994,0,5,33,1275,0.5783,803.0,0.3187,36,step_limit,0,764000,13748.0
765,1000,429.25,51.595,35,,836,0,4,45,1235,0.6252,836.5,0.306,17,step_limit,0,765000,13766.4
766,1000,579.55,53.805,41,,977,0,7,67,1265,0.6285,908.5,0.3328,44,step_limit,0,766000,13783.2
767,1000,589.6,47.819,42,,945,0,7,45,1177,0.6565,866.2,0.3133,22,step_limit,0,767000,13802.7
768,1000,539.5,58.781,40,,929,0,6,64,1107,0.6152,886.3,0.288,17,step_limit,0,768000,13820.2
769,1000,559.45,52.228,39,,929,0,7,67,1189,0.582,852.7,0.3122,35,step_limit,0,769000,13838.9
770,1000,489.4,36.063,38,,931,0,5,39,1390,0.618,882.0,0.3639,57,step_limit,0,770000,13857.7
771,1000,509.35,72.271,37,,897,0,6,35,660,0.6108,966.7,0.1651,17,step_limit,0,771000,13877.5
772,1000,489.4,49.198,38,,989,0,5,69,1302,0.6228,807.7,0.3384,42,step_limit,0,772000,13896.6
773,1000,509.5,53.21,40,,995,0,5,40,1171,0.6472,883.1,0.3006,32,step_limit,0,773000,13913.7
774,1000,459.25,44.963,35,,878,0,5,59,1381,0.5955,844.6,0.3602,28,step_limit,0,774000,13932.6
775,1000,489.4,69.781,38,,973,0,5,86,977,0.6,908.2,0.253,26,step_limit,0,775000,13950.6
776,1000,449.2,83.986,34,,937,0,5,99,814,0.6078,900.8,0.2071,11,step_limit,0,776000,13968.9
777,1000,539.5,45.624,40,,992,0,6,47,1256,0.6248,886.0,0.3405,40,step_limit,0,777000,13985.5
778,1000,569.65,45.338,43,,999,0,6,40,1193,0.642,875.9,0.316,15,step_limit,0,778000,14005.4
779,1000,459.25,26.531,35,,987,0,5,59,1651,0.618,874.7,0.4407,37,step_limit,0,779000,14022.1
780,1000,449.2,17.706,34,,996,0,5,32,1751,0.6308,903.6,0.4569,73,step_limit,0,780000,14041.0
781,1000,509.35,31.317,37,,911,0,6,41,1473,0.6322,867.9,0.382,33,step_limit,0,781000,14057.7
782,1000,419.2,86.551,34,,966,0,4,190,1107,0.5272,848.3,0.2882,22,step_limit,0,782000,14076.2
783,1000,589.6,71.611,42,,865,0,7,115,1050,0.6005,870.4,0.2807,21,step_limit,0,783000,14095.2
784,1000,419.05,45.254,31,,937,0,5,89,1509,0.5843,765.9,0.3905,26,step_limit,0,784000,14112.2
785,1000,469.3,43.722,36,,998,0,5,61,1422,0.5403,887.4,0.3742,34,step_limit,0,785000,14131.4
786,1000,539.35,30.992,37,,936,0,7,40,1495,0.5995,904.5,0.3977,50,step_limit,0,786000,14148.7
787,1000,539.5,59.552,40,,796,0,6,45,1010,0.6208,883.6,0.2578,33,step_limit,0,787000,14167.4
788,1000,519.4,19.378,38,,898,0,6,40,1722,0.6202,870.0,0.4615,125,step_limit,0,788000,14184.3
789,1000,579.55,66.811,41,,911,0,7,62,963,0.59,874.2,0.2475,12,step_limit,0,789000,14203.5
790,1000,539.5,63.2,40,,956,0,6,105,1178,0.5747,901.8,0.3028,34,step_limit,0,790000,14223.1
791,1000,449.2,7.395,34,,986,0,5,35,1932,0.6488,881.9,0.5171,79,step_limit,0,791000,14240.8
792,1000,559.45,45.835,39,,977,0,7,42,1175,0.619,947.7,0.3144,37,step_limit,0,792000,14258.5
793,1000,499.3,67.544,36,,830,0,6,89,1037,0.594,802.3,0.2604,30,step_limit,0,793000,14277.9
794,1000,579.55,61.984,41,,976,0,7,41,962,0.5895,913.8,0.2501,34,step_limit,0,794000,14296.7
795,1000,519.4,85.344,38,,996,0,6,107,857,0.5723,850.4,0.2164,35,step_limit,0,795000,14313.9
796,1000,559.6,69.42,42,,1000,0,6,59,887,0.6172,887.9,0.2278,17,step_limit,0,796000,14333.8
797,1000,499.3,43.581,36,,970,0,6,59,1354,0.5815,887.5,0.3527,37,step_limit,0,797000,14353.0
798,1000,519.4,56.472,38,,971,0,6,72,1166,0.5497,798.8,0.3073,23,step_limit,0,798000,14372.6
799,1000,569.5,46.945,40,,854,0,7,39,1167,0.6575,896.4,0.3156,77,step_limit,0,799000,14390.9
800,1000,549.55,57.361,41,,964,0,6,39,950,0.636,874.4,0.2472,19,step_limit,0,800000,14411.1
801,1000,419.05,44.237,31,,929,0,5,65,1432,0.5433,715.9,0.3661,38,step_limit,0,801000,14440.0
802,1000,479.2,32.944,34,,951,0,6,59,1604,0.6,858.5,0.4179,67,step_limit,0,802000,14455.8
803,1000,499.45,44.461,39,,947,0,5,36,1245,0.6422,913.6,0.3116,17,step_limit,0,803000,14473.6
804,1000,318.85,-0.082,27,,993,0,3,56,2169,0.57,787.4,0.5688,160,step_limit,0,804000,14490.8
805,1000,579.55,67.161,41,,820,0,7,40,818,0.6448,874.4,0.2092,17,step_limit,0,805000,14508.8
806,1000,469.3,81.258,36,,915,0,5,143,994,0.5525,774.1,0.2629,36,step_limit,0,806000,14526.5
807,1000,449.2,30.863,34,,907,0,5,31,1555,0.612,863.0,0.4017,47,step_limit,0,807000,14545.0
808,1000,539.35,50.039,37,,859,0,7,59,1298,0.6172,915.1,0.3381,44,step_limit,0,808000,14559.5
809,1000,489.4,41.912,38,,977,0,5,34,1316,0.6178,873.2,0.3391,18,step_limit,0,809000,14578.3
810,1000,499.3,28.921,36,,854,0,6,33,1515,0.6597,889.8,0.4075,26,step_limit,0,810000,14595.6
811,1000,509.5,79.487,40,,961,0,5,81,800,0.5723,965.5,0.1978,19,step_limit,0,811000,14614.2
812,1000,529.45,73.293,39,,999,0,6,92,1005,0.6032,891.5,0.2551,14,step_limit,0,812000,14632.9
813,1000,469.3,66.688,36,,949,0,5,66,985,0.59,776.1,0.2461,46,step_limit,0,813000,14650.5
814,1000,619.6,48.295,42,,913,0,8,44,1180,0.6112,884.1,0.3117,24,step_limit,0,814000,14669.3
815,1000,539.5,55.756,40,,991,0,6,63,1231,0.5923,969.4,0.324,22,step_limit,0,815000,14686.5
816,1000,599.65,72.326,43,,967,0,7,63,851,0.6075,858.3,0.2161,22,step_limit,0,816000,14705.0
817,1000,519.4,51.866,38,,940,0,6,46,1177,0.6062,876.3,0.302,39,step_limit,0,817000,14722.2
818,1000,489.4,64.716,38,,845,0,5,64,1030,0.6205,799.6,0.2655,81,step_limit,0,818000,14740.4
819,1000,479.35,38.284,37,,964,0,5,60,1487,0.5723,845.4,0.3942,30,step_limit,0,819000,14756.8
820,1000,559.45,41.531,39,,991,0,7,42,1344,0.6125,857.4,0.355,77,step_limit,0,820000,14775.3
821,1000,509.35,21.665,37,,877,0,6,38,1731,0.6355,881.4,0.4474,59,step_limit,0,821000,14792.2
822,1000,539.5,45.504,40,,845,0,6,40,1217,0.6495,932.1,0.3194,19,step_limit,0,822000,14810.7
823,1000,529.45,47.122,39,,871,0,6,41,1182,0.6168,846.3,0.3098,40,step_limit,0,823000,14827.8
824,1000,499.3,38.344,36,,989,0,6,36,1353,0.649,937.3,0.356,103,step_limit,0,824000,14845.7
825,1000,579.7,50.933,44,,1000,0,6,47,1121,0.6028,881.8,0.2973,20,step_limit,0,825000,14863.1
826,1000,429.25,50.996,35,,816,0,4,66,1317,0.6108,791.5,0.3337,42,step_limit,0,826000,14881.8
827,1000,379.0,52.245,30,,925,0,4,52,1287,0.582,823.7,0.3272,46,step_limit,0,827000,14899.8
828,1000,479.35,57.265,37,,978,0,5,80,1243,0.5942,849.9,0.313,36,step_limit,0,828000,14919.1
829,1000,609.7,45.481,44,,994,0,7,36,1146,0.6345,963.1,0.3027,21,step_limit,0,829000,14938.0
830,1000,569.5,57.796,40,,977,0,7,41,1004,0.6328,892.3,0.2592,19,step_limit,0,830000,14955.3
831,1000,409.15,42.498,33,,986,0,4,54,1413,0.5917,758.4,0.3658,39,step_limit,0,831000,14974.5
832,1000,539.5,63.743,40,,977,0,6,83,1117,0.6138,913.2,0.2852,33,step_limit,0,832000,14991.9
833,1000,499.3,75.215,36,,934,0,6,119,1067,0.5385,806.5,0.2776,14,step_limit,0,833000,15011.7
834,1000,569.5,64.39,40,,982,0,7,75,1052,0.5995,882.6,0.2687,37,step_limit,0,834000,15028.4
835,1000,519.55,63.018,41,,920,0,5,89,1061,0.584,905.4,0.2785,25,step_limit,0,835000,15047.8
836,1000,519.4,63.383,38,,978,0,6,42,935,0.6168,886.6,0.2402,28,step_limit,0,836000,15064.4
837,1000,479.2,63.345,34,,911,0,6,104,1282,0.5575,795.1,0.3169,30,step_limit,0,837000,15082.9
838,1000,589.6,58.17,42,,997,0,7,41,1002,0.609,890.7,0.2532,35,step_limit,0,838000,15100.3
839,1000,459.25,31.264,35,,912,0,5,46,1605,0.6552,845.2,0.4185,39,step_limit,0,839000,15118.9
840,1000,509.35,71.221,37,,959,0,6,60,913,0.6198,806.1,0.2313,18,step_limit,0,840000,15136.8
841,1000,529.45,48.756,39,,995,0,6,52,1283,0.6145,974.4,0.3254,36,step_limit,0,841000,15155.7
842,1000,489.25,56.183,35,,898,0,6,58,1128,0.6042,844.5,0.2977,21,step_limit,0,842000,15174.6
843,1000,469.15,37.188,33,,691,0,6,44,1394,0.6175,746.7,0.3703,54,step_limit,0,843000,15193.5
844,1000,469.3,78.907,36,,972,0,5,174,1195,0.5252,861.5,0.3124,56,step_limit,0,844000,15211.2
845,1000,499.3,44.927,36,,734,0,6,56,1363,0.6415,836.7,0.3564,28,step_limit,0,845000,15228.5
846,1000,449.2,46.196,34,,997,0,5,58,1374,0.5663,761.4,0.3414,39,step_limit,0,846000,15246.9
847,1000,569.5,41.737,40,,972,0,7,46,1316,0.6055,881.3,0.3514,32,step_limit,0,847000,15264.6
848,1000,529.45,52.64,39,,944,0,6,66,1240,0.5945,868.8,0.332,40,step_limit,0,848000,15282.9
849,1000,519.4,57.574,38,,983,0,6,67,1146,0.5765,861.7,0.2924,20,step_limit,0,849000,15299.7
850,1000,549.55,69.791,41,,969,0,6,52,815,0.6002,869.6,0.213,12,step_limit,0,850000,15317.2
851,1000,449.2,54.547,34,,918,0,5,58,1182,0.6008,785.8,0.3105,38,step_limit,0,851000,15345.2
852,1000,509.35,65.667,37,,945,0,6,109,1127,0.5693,931.8,0.2947,74,step_limit,0,852000,15361.4
853,1000,609.7,65.445,44,,999,0,7,58,807,0.5795,911.2,0.2089,17,step_limit,0,853000,15380.0
854,1000,559.45,54.96,39,,908,0,7,50,1137,0.5737,812.6,0.2966,22,step_limit,0,854000,15398.2
855,1000,489.25,84.483,35,,905,0,6,156,1098,0.562,857.6,0.2836,23,step_limit,0,855000,15416.4
856,1000,429.1,73.012,32,,923,0,5,123,1063,0.555,866.2,0.2753,17,step_limit,0,856000,15435.6
857,1000,449.2,74.79,34,,971,0,5,70,860,0.5617,830.1,0.2248,16,step_limit,0,857000,15455.3
858,1000,499.45,46.163,39,,994,0,5,60,1356,0.618,911.3,0.3503,37,step_limit,0,858000,15471.5
859,1000,499.3,55.814,36,,845,0,6,55,1140,0.6048,869.8,0.2911,24,step_limit,0,859000,15488.3
860,1000,439.15,58.813,33,,809,0,5,36,1024,0.6218,901.4,0.2634,41,step_limit,0,860000,15504.8
861,1000,549.55,71.53,41,,972,0,6,86,890,0.5988,897.2,0.2271,27,step_limit,0,861000,15522.5
862,1000,529.45,58.675,39,,910,0,6,36,1015,0.6222,865.9,0.2602,32,step_limit,0,862000,15539.0
863,1000,489.4,55.913,38,,1000,0,5,71,1189,0.5955,892.9,0.3094,37,step_limit,0,863000,15556.8
864,1000,509.35,77.381,37,,973,0,6,171,1186,0.5793,874.3,0.3065,38,step_limit,0,864000,15573.7
865,1000,469.3,67.62,36,,983,0,5,63,980,0.5825,859.2,0.2491,11,step_limit,0,865000,15592.8
866,1000,409.15,77.466,33,,811,0,4,132,1113,0.6242,769.5,0.2714,22,step_limit,0,866000,15611.5
867,1000,509.35,48.85,37,,982,0,6,37,1205,0.6475,870.8,0.3113,35,step_limit,0,867000,15627.9
868,1000,539.5,90.214,40,,952,0,6,148,836,0.5505,913.4,0.2195,12,step_limit,0,868000,15645.6
869,1000,499.45,57.679,39,,993,0,5,89,1272,0.622,856.2,0.3327,22,step_limit,0,869000,15662.4
870,1000,489.4,37.257,38,,977,0,5,38,1445,0.6535,885.6,0.3695,55,step_limit,0,870000,15680.7
871,1000,539.35,67.831,37,,870,0,7,82,991,0.5653,861.3,0.253,20,step_limit,0,871000,15698.2
872,1000,529.45,61.825,39,,996,0,6,60,1076,0.604,884.4,0.2828,41,step_limit,0,872000,15717.1
873,1000,338.95,30.619,29,,965,0,3,50,1574,0.603,796.6,0.4113,55,step_limit,0,873000,15734.7
874,1000,509.5,55.005,40,,950,0,5,63,1176,0.6355,906.4,0.2967,19,step_limit,0,874000,15753.3
875,1000,489.4,54.132,38,,972,0,5,67,1158,0.6088,938.2,0.3044,25,step_limit,0,875000,15770.8
876,1000,549.4,86.482,38,,892,0,7,70,600,0.548,816.7,0.1489,15,step_limit,0,876000,15789.7
877,1000,499.3,51.592,36,,996,0,6,35,1149,0.6278,805.8,0.2941,17,step_limit,0,877000,15806.6
878,1000,499.45,61.076,39,,945,0,5,38,1010,0.6268,812.9,0.2535,18,step_limit,0,878000,15825.4
879,1000,529.45,61.644,39,,977,0,6,67,1047,0.6205,869.9,0.2638,32,step_limit,0,879000,15843.0
880,1000,549.55,57.469,41,,991,0,6,65,1010,0.6328,957.4,0.2646,31,step_limit,0,880000,15861.5
881,1000,419.05,52.884,31,,832,0,5,51,1207,0.5945,859.0,0.3064,18,step_limit,0,881000,15880.9
882,1000,529.45,49.073,39,,959,0,6,57,1285,0.619,860.0,0.3351,23,step_limit,0,882000,15898.4
883,1000,489.25,68.018,35,,873,0,6,123,1203,0.5693,792.7,0.3095,15,step_limit,0,883000,15916.7
884,1000,489.4,78.653,38,,993,0,5,100,876,0.567,883.9,0.2253,10,step_limit,0,884000,15933.8
885,1000,539.5,43.361,40,,897,0,6,39,1241,0.6142,897.6,0.328,34,step_limit,0,885000,15953.2
886,1000,509.35,52.746,37,,941,0,6,46,1160,0.6028,819.9,0.3012,13,step_limit,0,886000,15969.6
887,1000,529.45,19.241,39,,989,0,6,38,1691,0.5968,811.8,0.4487,57,step_limit,0,887000,15987.5
888,1000,399.1,22.56,32,,970,0,4,50,1748,0.6172,867.1,0.4605,106,step_limit,0,888000,16005.1
889,1000,539.5,46.178,40,,885,0,6,46,1274,0.6178,892.1,0.3318,18,step_limit,0,889000,16023.3
890,1000,489.25,34.654,35,,992,0,6,37,1531,0.6468,856.7,0.3878,50,step_limit,0,890000,16040.6
891,1000,439.3,89.4,36,,969,0,4,112,796,0.602,812.7,0.1968,19,step_limit,0,891000,16058.2
892,1000,439.15,56.146,33,,899,0,5,55,1176,0.57,835.2,0.302,19,step_limit,0,892000,16075.5
893,1000,449.2,56.885,34,,955,0,5,104,1309,0.5837,869.4,0.3406,31,step_limit,0,893000,16092.8
894,1000,509.5,74.142,40,,940,0,5,77,895,0.6042,874.2,0.2325,31,step_limit,0,894000,16110.5
895,1000,459.25,57.298,35,,931,0,5,69,1230,0.5855,877.5,0.3215,22,step_limit,0,895000,16130.1
896,1000,479.35,61.027,37,,932,0,5,85,1214,0.6425,861.6,0.3075,35,step_limit,0,896000,16149.5
897,1000,539.5,38.08,40,,992,0,6,45,1393,0.6132,869.8,0.3762,71,step_limit,0,897000,16166.4
898,1000,499.3,71.554,36,,878,0,6,86,962,0.555,852.6,0.2539,40,step_limit,0,898000,16185.0
899,1000,469.3,84.758,36,,960,0,5,143,1048,0.566,884.8,0.2653,33,step_limit,0,899000,16203.7
900,1000,519.4,55.842,38,,821,0,6,62,1182,0.5958,887.3,0.3008,38,step_limit,0,900000,16221.8
901,1000,499.3,81.645,36,,938,0,6,187,1205,0.5933,789.1,0.3148,19,step_limit,0,901000,16249.7
902,1000,449.35,47.847,37,,982,0,4,56,1252,0.5972,807.3,0.3297,31,step_limit,0,902000,16266.6
903,1000,479.35,60.243,37,,953,0,5,106,1268,0.604,812.7,0.331,72,step_limit,0,903000,16282.6
904,1000,459.25,52.622,35,,943,0,5,67,1275,0.6078,913.4,0.3241,37,step_limit,0,904000,16302.4
905,1000,499.45,56.36,39,,840,0,5,45,1107,0.6025,860.8,0.2794,20,step_limit,0,905000,16319.3
906,1000,479.2,53.183,34,,966,0,6,48,1188,0.5803,862.9,0.3099,21,step_limit,0,906000,16335.7
907,1000,449.2,51.589,34,,979,0,5,60,1352,0.6015,843.7,0.3388,27,step_limit,0,907000,16354.0
908,1000,579.7,44.812,44,,999,0,6,44,1256,0.6285,967.4,0.3315,32,step_limit,0,908000,16371.7
909,1000,539.5,46.561,40,,986,0,6,42,1136,0.6305,883.0,0.3009,41,step_limit,0,909000,16389.6
910,1000,429.1,51.689,32,,893,0,5,65,1271,0.5567,782.0,0.3263,48,step_limit,0,910000,16405.9
911,1000,519.4,74.173,38,,867,0,6,65,901,0.5965,861.6,0.2184,23,step_limit,0,911000,16423.2
912,1000,529.45,73.141,39,,978,0,6,47,784,0.5855,868.6,0.1986,16,step_limit,0,912000,16441.0
913,1000,499.3,56.646,36,,977,0,6,47,1135,0.6292,858.5,0.2947,29,step_limit,0,913000,16458.2
914,1000,479.35,71.271,37,,994,0,5,69,887,0.5743,868.8,0.2269,16,step_limit,0,914000,16476.0
915,1000,549.55,57.349,41,,956,0,6,37,977,0.6355,933.4,0.2567,19,step_limit,0,915000,16493.2
916,1000,509.35,41.723,37,,971,0,6,43,1289,0.603,853.9,0.3339,34,step_limit,0,916000,16511.8
917,1000,479.35,39.281,37,,874,0,5,47,1418,0.6068,852.6,0.3694,25,step_limit,0,917000,16528.8
918,1000,449.2,57.285,34,,926,0,5,72,1184,0.5897,869.0,0.2998,25,step_limit,0,918000,16548.0
919,1000,499.45,47.93,39,,978,0,5,71,1281,0.5757,873.8,0.3386,35,step_limit,0,919000,16565.4
920,1000,499.45,45.478,39,,974,0,5,48,1289,0.6502,887.9,0.338,20,step_limit,0,920000,16585.2
921,1000,599.65,47.287,43,,997,0,7,46,1151,0.6412,903.2,0.3104,24,step_limit,0,921000,16603.8
922,1000,539.5,46.463,40,,985,0,6,33,1198,0.6202,857.0,0.3045,27,step_limit,0,922000,16622.6
923,1000,479.35,56.642,37,,967,0,5,60,1186,0.5893,884.6,0.2999,19,step_limit,0,923000,16641.0
924,1000,489.4,79.7,38,,962,0,5,163,1149,0.6022,797.1,0.2946,13,step_limit,0,924000,16658.1
925,1000,509.35,35.94,37,,845,0,6,43,1452,0.6028,916.5,0.3819,49,step_limit,0,925000,16676.3
926,1000,479.35,66.524,37,,889,0,5,81,1089,0.584,870.6,0.2714,11,step_limit,0,926000,16693.3
927,1000,499.3,46.161,36,,914,0,6,37,1224,0.6262,812.9,0.323,33,step_limit,0,927000,16711.4
928,1000,479.35,69.294,37,,972,0,5,72,949,0.5667,784.9,0.2448,15,step_limit,0,928000,16729.0
929,1000,429.1,49.844,32,,934,0,5,44,1262,0.5707,752.3,0.3267,40,step_limit,0,929000,16747.1
930,1000,409.15,75.344,33,,965,0,4,103,995,0.5803,841.9,0.2533,30,step_limit,0,930000,16764.1
931,1000,529.45,55.878,39,,881,0,6,125,1413,0.5855,855.5,0.3787,21,step_limit,0,931000,16782.3
932,1000,459.25,95.553,35,,975,0,5,134,748,0.556,789.7,0.1871,16,step_limit,0,932000,16798.9
933,1000,429.25,55.416,35,,946,0,4,42,1175,0.6195,876.7,0.2902,24,step_limit,0,933000,16818.0
934,1000,559.6,54.25,42,,984,0,6,49,1071,0.599,971.4,0.2798,14,step_limit,0,934000,16834.9
935,1000,539.5,61.186,40,,921,0,6,85,1110,0.6312,841.9,0.2931,53,step_limit,0,935000,16853.5
936,1000,499.3,50.448,36,,834,0,6,37,1114,0.624,883.9,0.2944,23,step_limit,0,936000,16872.8
937,1000,449.2,126.223,34,,998,0,5,332,994,0.527,829.2,0.2562,20,step_limit,0,937000,16889.9
938,1000,519.4,34.313,38,,986,0,6,46,1420,0.6258,876.7,0.3796,29,step_limit,0,938000,16908.3
939,1000,479.35,40.231,37,,955,0,5,32,1390,0.6488,869.3,0.3696,29,step_limit,0,939000,16925.6
940,1000,499.45,30.718,39,,951,0,5,33,1485,0.6532,865.5,0.3937,39,step_limit,0,940000,16943.5
941,1000,469.3,28.362,36,,980,0,5,49,1679,0.5785,797.1,0.4325,97,step_limit,0,941000,16960.5
942,1000,459.25,100.131,35,,995,0,5,189,823,0.5232,787.1,0.2143,11,step_limit,0,942000,16978.7
943,1000,479.35,75.869,37,,974,0,5,81,868,0.55,801.0,0.2165,15,step_limit,0,943000,16996.0
944,1000,519.4,46.788,38,,850,0,6,42,1229,0.6255,862.5,0.3161,37,step_limit,0,944000,17014.0
945,1000,539.5,54.122,40,,965,0,6,53,1080,0.6135,885.1,0.2809,25,step_limit,0,945000,17031.5
946,1000,439.15,64.577,33,,623,0,5,146,1317,0.5465,846.1,0.3494,19,step_limit,0,946000,17050.3
947,1000,399.1,66.769,32,,995,0,4,73,1055,0.5593,755.9,0.2678,43,step_limit,0,947000,17066.9
948,1000,529.45,49.841,39,,874,0,6,37,1110,0.623,801.7,0.2954,73,step_limit,0,948000,17083.8
949,1000,529.45,68.982,39,,938,0,6,89,1038,0.5992,968.1,0.2699,29,step_limit,0,949000,17102.2
950,1000,509.35,35.959,37,,837,0,6,34,1417,0.624,852.0,0.3742,40,step_limit,0,950000,17119.4
951,1000,389.05,85.069,31,,830,0,4,127,910,0.5443,730.9,0.237,59,step_limit,0,951000,17146.0
952,1000,459.25,56.699,35,,988,0,5,47,1126,0.5315,808.9,0.288,27,step_limit,0,952000,17163.4
953,1000,459.25,55.588,35,,826,0,5,82,1282,0.583,879.1,0.3365,23,step_limit,0,953000,17179.9
954,1000,529.45,66.621,39,,888,0,6,69,969,0.6082,889.9,0.2482,20,step_limit,0,954000,17198.4
955,1000,379.15,95.205,33,,980,0,3,207,1107,0.5345,808.0,0.2724,11,step_limit,0,955000,17215.4
956,1000,469.3,22.684,36,,979,0,5,39,1680,0.5945,863.6,0.4509,99,step_limit,0,956000,17234.0
957,1000,589.6,65.423,42,,982,0,7,41,845,0.6288,869.8,0.2199,13,step_limit,0,957000,17249.9
958,1000,489.4,93.797,38,,995,0,5,136,740,0.557,877.9,0.1957,19,step_limit,0,958000,17268.0
959,1000,569.5,55.411,40,,973,0,7,39,1095,0.5958,861.4,0.276,14,step_limit,0,959000,17287.1
960,1000,569.65,68.835,43,,968,0,6,43,845,0.649,868.5,0.2235,21,step_limit,0,960000,17305.2
961,1000,539.5,74.265,40,,972,0,6,88,837,0.5807,858.5,0.2198,13,step_limit,0,961000,17325.3
962,1000,549.55,78.619,41,,986,0,6,111,959,0.6182,850.3,0.2398,17,step_limit,0,962000,17343.2
963,1000,569.5,63.19,40,,969,0,7,62,991,0.6005,914.5,0.2585,19,step_limit,0,963000,17360.6
964,1000,529.45,84.151,39,,963,0,6,104,879,0.5783,807.3,0.2237,12,step_limit,0,964000,17378.4
965,1000,569.5,41.626,40,,979,0,7,39,1337,0.625,884.9,0.3481,24,step_limit,0,965000,17397.3
966,1000,469.3,17.738,36,,987,0,5,37,1720,0.5877,816.7,0.458,34,step_limit,0,966000,17414.3
967,1000,609.55,57.884,41,,866,0,8,52,911,0.6125,961.3,0.2392,29,step_limit,0,967000,17431.6
968,1000,469.3,84.169,36,,928,0,5,104,780,0.5655,809.2,0.2008,14,step_limit,0,968000,17449.3
969,1000,499.3,31.523,36,,925,0,6,36,1532,0.6395,790.3,0.4068,83,step_limit,0,969000,17468.3
970,1000,419.2,93.796,34,,951,0,4,182,892,0.5347,797.8,0.2382,28,step_limit,0,970000,17487.0
971,1000,519.4,79.103,38,,914,0,6,124,1029,0.5733,914.4,0.2714,30,step_limit,0,971000,17504.4
972,1000,529.45,84.631,39,,983,0,6,99,820,0.5713,863.7,0.2051,19,step_limit,0,972000,17522.8
973,1000,549.55,66.418,41,,988,0,6,56,848,0.5938,883.4,0.2127,14,step_limit,0,973000,17540.1
974,1000,519.4,107.628,38,,992,0,6,201,824,0.5707,769.9,0.211,39,step_limit,0,974000,17557.2
975,1000,338.95,97.983,29,,908,0,3,239,1175,0.5245,799.0,0.2952,22,step_limit,0,975000,17573.3
976,1000,479.35,49.218,37,,970,0,5,43,1098,0.5667,866.6,0.2886,17,step_limit,0,976000,17592.7
977,1000,529.45,66.233,39,,857,0,6,73,1011,0.5843,889.7,0.2662,37,step_limit,0,977000,17609.6
978,1000,469.3,68.181,36,,1000,0,5,83,1020,0.5575,864.2,0.2598,19,step_limit,0,978000,17628.6
979,1000,399.1,84.591,32,,813,0,4,202,1255,0.5312,791.1,0.3211,28,step_limit,0,979000,17646.4
980,1000,549.55,76.845,41,,989,0,6,93,955,0.5945,859.0,0.2334,19,step_limit,0,980000,17664.5
981,1000,519.55,78.828,41,,998,0,5,81,676,0.6055,968.1,0.1771,12,step_limit,0,981000,17681.7
982,1000,489.4,53.111,38,,944,0,5,50,1208,0.5905,805.4,0.3031,18,step_limit,0,982000,17700.3
983,1000,479.35,65.987,37,,927,0,5,52,974,0.5917,916.0,0.234,16,step_limit,0,983000,17717.7
984,1000,459.25,62.289,35,,889,0,5,69,1097,0.5683,871.7,0.2844,32,step_limit,0,984000,17736.0
985,1000,499.45,59.0,39,,944,0,5,53,1088,0.6488,967.9,0.2862,18,step_limit,0,985000,17754.9
986,1000,589.6,65.51,42,,997,0,7,80,931,0.6088,908.0,0.2442,19,step_limit,0,986000,17772.0
987,1000,489.25,60.627,35,,838,0,6,52,1041,0.5783,885.8,0.2585,22,step_limit,0,987000,17790.4
988,1000,459.25,33.936,35,,937,0,5,41,1500,0.5897,880.9,0.3902,35,step_limit,0,988000,17808.2
989,1000,529.45,49.877,39,,763,0,6,66,1187,0.586,914.1,0.3184,51,step_limit,0,989000,17826.6
990,1000,539.5,76.491,40,,988,0,6,95,876,0.6075,863.8,0.2217,12,step_limit,0,990000,17843.7
991,1000,469.3,94.209,36,,957,0,5,155,943,0.5807,792.3,0.2261,28,step_limit,0,991000,17861.6
992,1000,449.2,87.211,34,,896,0,5,192,1117,0.51,834.0,0.29,18,step_limit,0,992000,17879.0
993,1000,559.6,46.941,42,,973,0,6,40,1247,0.6335,881.9,0.3196,29,step_limit,0,993000,17896.3
994,1000,469.3,48.052,36,,971,0,5,62,1328,0.6162,784.7,0.3478,38,step_limit,0,994000,17913.7
995,1000,589.6,72.403,42,,993,0,7,62,772,0.5972,892.8,0.2001,17,step_limit,0,995000,17931.6
996,1000,489.4,36.335,38,,995,0,5,36,1364,0.6315,843.1,0.3672,64,step_limit,0,996000,17948.8
997,1000,569.5,73.625,40,,964,0,7,105,1068,0.558,882.5,0.2712,14,step_limit,0,997000,17966.3
998,1000,479.35,77.696,37,,925,0,5,161,1240,0.5208,839.0,0.3134,37,step_limit,0,998000,17984.1
999,1000,489.4,63.805,38,,978,0,5,116,1278,0.58,884.5,0.3245,20,step_limit,0,999000,18001.7
1000,1000,539.5,72.099,40,,954,0,6,90,983,0.6022,865.6,0.2578,81,step_limit,0,1000000,18019.3
1001,1000,469.3,75.45,36,,889,0,5,89,900,0.5685,809.2,0.2277,20,step_limit,0,1001000,18045.5
1002,1000,439.15,90.201,33,,920,0,5,136,858,0.5375,803.0,0.217,37,step_limit,0,1002000,18064.8
1003,1000,479.35,85.569,37,,1000,0,5,127,854,0.5958,836.2,0.212,14,step_limit,0,1003000,18080.2
1004,1000,459.25,114.123,35,,992,0,5,244,892,0.4933,842.2,0.2266,13,step_limit,0,1004000,18098.5
1005,1000,559.6,70.801,42,,977,0,6,58,827,0.5952,865.6,0.2146,12,step_limit,0,1005000,18116.0
1006,1000,509.5,34.986,40,,956,0,5,36,1455,0.6188,883.2,0.3842,48,step_limit,0,1006000,18134.3
1007,1000,489.25,58.598,35,,971,0,6,78,1143,0.567,850.1,0.303,22,step_limit,0,1007000,18151.7
1008,1000,519.4,62.148,38,,857,0,6,35,922,0.627,779.4,0.2418,29,step_limit,0,1008000,18169.4
1009,1000,519.4,86.395,38,,955,0,6,107,863,0.606,814.5,0.2109,36,step_limit,0,1009000,18185.8
1010,1000,459.25,81.966,35,,937,0,5,96,863,0.5793,764.4,0.2167,15,step_limit,0,1010000,18203.7
1011,1000,509.35,87.044,37,,996,0,6,151,912,0.5807,875.6,0.2369,22,step_limit,0,1011000,18223.1
1012,1000,429.25,57.48,35,,984,0,4,70,1175,0.5693,857.1,0.3064,25,step_limit,0,1012000,18240.0
1013,1000,439.15,97.878,33,,913,0,5,142,780,0.5653,766.3,0.1976,40,step_limit,0,1013000,18255.0
1014,1000,368.95,174.006,29,,715,0,4,424,533,0.46,735.4,0.1325,11,step_limit,0,1014000,18272.7
1015,1000,399.1,53.21,32,,982,0,4,110,1445,0.5603,773.0,0.3788,29,step_limit,0,1015000,18290.7
1016,1000,529.45,80.361,39,,838,0,6,139,955,0.5942,867.0,0.2572,15,step_limit,0,1016000,18309.6
1017,1000,509.35,116.328,37,,991,0,6,199,680,0.5062,904.7,0.1724,10,step_limit,0,1017000,18326.2
1018,1000,579.55,49.102,41,,916,0,7,48,1213,0.6485,911.9,0.3182,27,step_limit,0,1018000,18343.9
1019,1000,459.25,47.974,35,,989,0,5,31,1154,0.6012,882.8,0.2874,40,step_limit,0,1019000,18360.6
1020,1000,519.4,51.12,38,,991,0,6,40,1150,0.6245,857.6,0.2979,37,step_limit,0,1020000,18379.0
1021,1000,499.45,40.804,39,,976,0,5,36,1241,0.6245,860.2,0.3259,44,step_limit,0,1021000,18395.6
1022,1000,459.25,66.082,35,,976,0,5,75,1107,0.5992,893.3,0.2805,15,step_limit,0,1022000,18413.8
1023,1000,429.1,81.746,32,,965,0,5,137,1048,0.5535,772.3,0.2693,16,step_limit,0,1023000,18430.1
1024,1000,429.1,110.888,32,,928,0,5,236,898,0.4795,761.2,0.2203,19,step_limit,0,1024000,18449.4
1025,1000,539.5,66.532,40,,964,0,6,85,1092,0.5757,907.7,0.2858,18,step_limit,0,1025000,18469.6
1026,1000,459.25,83.677,35,,857,0,5,169,1154,0.572,887.9,0.2908,21,step_limit,0,1026000,18487.7
1027,1000,479.35,60.122,37,,925,0,5,37,960,0.6198,890.7,0.2515,23,step_limit,0,1027000,18504.5
1028,1000,549.55,51.048,41,,926,0,6,49,1168,0.5883,884.6,0.3145,21,step_limit,0,1028000,18523.5
1029,1000,459.25,71.512,35,,905,0,5,121,1067,0.5697,845.6,0.2781,13,step_limit,0,1029000,18542.1
1030,1000,509.35,67.469,37,,980,0,6,140,1227,0.5128,849.1,0.3278,46,step_limit,0,1030000,18558.9
1031,1000,469.3,61.379,36,,998,0,5,57,1066,0.6422,754.8,0.2651,26,step_limit,0,1031000,18577.5
1032,1000,469.3,58.75,36,,988,0,5,63,1172,0.5437,810.4,0.2975,18,step_limit,0,1032000,18593.4
1033,1000,399.1,49.887,32,,980,0,4,80,1388,0.5232,880.6,0.3651,28,step_limit,0,1033000,18612.2
1034,1000,459.25,71.47,35,,991,0,5,40,878,0.586,842.4,0.2155,14,step_limit,0,1034000,18628.5
1035,1000,489.25,69.419,35,,935,0,6,46,883,0.5585,818.9,0.2247,20,step_limit,0,1035000,18646.7
1036,1000,529.45,50.851,39,,985,0,6,40,1148,0.6252,902.6,0.3002,15,step_limit,0,1036000,18665.0
1037,1000,589.6,95.837,42,,964,0,7,131,700,0.5553,886.8,0.1715,19,step_limit,0,1037000,18683.7
1038,1000,519.4,92.479,38,,837,0,6,147,933,0.5717,808.3,0.2275,17,step_limit,0,1038000,18700.3
1039,1000,519.4,80.059,38,,817,0,6,109,910,0.5857,797.6,0.2409,21,step_limit,0,1039000,18719.2
1040,1000,439.3,56.16,36,,970,0,4,40,1040,0.6458,870.0,0.2684,14,step_limit,0,1040000,18735.4
1041,1000,449.2,64.309,34,,976,0,5,38,944,0.5763,804.3,0.2328,28,step_limit,0,1041000,18753.1
1042,1000,459.25,37.492,35,,995,0,5,45,1490,0.6218,764.7,0.3801,44,step_limit,0,1042000,18769.4
1043,1000,579.55,61.538,41,,944,0,7,51,982,0.6245,881.9,0.2543,17,step_limit,0,1043000,18788.0
1044,1000,559.45,78.01,39,,955,0,7,110,920,0.593,851.8,0.2318,10,step_limit,0,1044000,18805.1
1045,1000,449.2,83.69,34,,939,0,5,117,889,0.5655,795.2,0.2307,20,step_limit,0,1045000,18824.6
1046,1000,549.55,50.882,41,,989,0,6,36,1101,0.655,852.7,0.2702,20,step_limit,0,1046000,18843.6
1047,1000,479.35,70.917,37,,998,0,5,34,776,0.6115,873.2,0.1949,22,step_limit,0,1047000,18859.8
1048,1000,559.6,65.755,42,,894,0,6,47,852,0.6128,894.7,0.2275,15,step_limit,0,1048000,18878.2
1049,1000,379.0,57.759,30,,838,0,4,78,1207,0.5385,763.2,0.3057,29,step_limit,0,1049000,18895.7
1050,1000,429.1,38.762,32,,966,0,5,34,1383,0.6,888.8,0.3571,59,step_limit,0,1050000,18914.3
1051,1000,479.2,45.449,34,,995,0,6,39,1250,0.5785,792.7,0.3258,36,step_limit,0,1051000,18940.0
1052,1000,429.25,67.527,35,,869,0,4,81,1035,0.5952,806.1,0.2506,12,step_limit,0,1052000,18958.0
1053,1000,489.4,70.292,38,,942,0,5,67,859,0.595,806.6,0.2226,19,step_limit,0,1053000,18975.3
1054,1000,519.4,70.077,38,,989,0,6,117,1088,0.5733,959.4,0.2828,32,step_limit,0,1054000,18992.7
1055,1000,559.45,52.738,39,,972,0,7,49,1134,0.6208,872.0,0.3016,25,step_limit,0,1055000,19009.8
1056,1000,459.25,37.969,35,,919,0,5,71,1484,0.6015,814.2,0.3954,61,step_limit,0,1056000,19029.1
1057,1000,459.25,61.521,35,,966,0,5,95,1261,0.5895,795.0,0.3238,34,step_limit,0,1057000,19047.8
1058,1000,499.3,88.894,36,,917,0,6,106,775,0.5915,783.3,0.196,22,step_limit,0,1058000,19065.0
1059,1000,449.2,31.218,34,,734,0,5,53,1550,0.5645,780.0,0.4153,73,step_limit,0,1059000,19082.1
1060,1000,569.5,69.355,40,,981,0,7,67,949,0.6118,882.2,0.2487,23,step_limit,0,1060000,19099.5
1061,1000,559.6,67.846,42,,957,0,6,58,909,0.6238,970.0,0.2338,35,step_limit,0,1061000,19118.6
1062,1000,519.4,82.645,38,,992,0,6,150,1007,0.5713,816.8,0.2561,37,step_limit,0,1062000,19135.9
1063,1000,499.45,58.841,39,,936,0,5,69,1075,0.5775,905.5,0.2807,17,step_limit,0,1063000,19154.2
1064,1000,449.2,39.37,34,,849,0,5,37,1423,0.6312,873.0,0.3575,21,step_limit,0,1064000,19170.8
1065,1000,469.3,60.057,36,,878,0,5,88,1257,0.5737,818.6,0.328,49,step_limit,0,1065000,19188.4
1066,1000,589.6,61.25,42,,980,0,7,52,937,0.5865,905.2,0.24,19,step_limit,0,1066000,19204.9
1067,1000,499.3,77.679,36,,975,0,6,90,824,0.5425,882.9,0.2144,39,step_limit,0,1067000,19223.2
1068,1000,589.75,65.245,45,,968,0,6,66,957,0.5955,914.1,0.2501,14,step_limit,0,1068000,19239.5
1069,1000,499.45,75.596,39,,856,0,5,136,1067,0.6048,868.0,0.2792,25,step_limit,0,1069000,19257.5
1070,1000,519.4,70.577,38,,968,0,6,94,992,0.573,879.8,0.2633,19,step_limit,0,1070000,19274.4
1071,1000,499.3,55.78,36,,977,0,6,62,1187,0.6002,856.3,0.2989,18,step_limit,0,1071000,19295.1
1072,1000,429.1,52.889,32,,941,0,5,139,1587,0.5437,839.2,0.4198,33,step_limit,0,1072000,19313.1
1073,1000,629.65,69.772,43,,958,0,8,73,944,0.5845,969.3,0.2446,16,step_limit,0,1073000,19331.7
1074,1000,479.35,26.318,37,,975,0,5,44,1678,0.6245,853.1,0.4389,64,step_limit,0,1074000,19350.4
1075,1000,479.2,106.693,34,,955,0,6,169,664,0.5128,845.3,0.1691,16,step_limit,0,1075000,19367.6
1076,1000,499.3,82.454,36,,991,0,6,102,872,0.5473,816.9,0.2173,18,step_limit,0,1076000,19386.1
1077,1000,429.25,49.95,35,,988,0,4,94,1411,0.5875,923.1,0.3672,75,step_limit,0,1077000,19403.6
1078,1000,419.05,8.428,31,,875,0,5,31,1944,0.6645,743.6,0.5046,78,step_limit,0,1078000,19422.6
1079,1000,529.45,73.083,39,,991,0,6,72,903,0.5907,879.1,0.2297,25,step_limit,0,1079000,19439.5
1080,1000,439.15,86.805,33,,970,0,5,99,835,0.5637,788.8,0.2098,15,step_limit,0,1080000,19457.9
1081,1000,459.25,109.505,35,,948,0,5,228,895,0.482,899.0,0.23,20,step_limit,0,1081000,19475.6
1082,1000,449.2,89.055,34,,969,0,5,139,898,0.535,857.4,0.2329,24,step_limit,0,1082000,19493.4
1083,1000,439.15,127.817,33,,906,0,5,282,789,0.47,879.2,0.2002,11,step_limit,0,1083000,19510.3
1084,1000,459.25,69.439,35,,956,0,5,42,819,0.6015,860.7,0.2142,18,step_limit,0,1084000,19528.1
1085,1000,469.3,71.476,36,,999,0,5,111,1071,0.5525,864.8,0.2803,19,step_limit,0,1085000,19547.4
1086,1000,469.3,63.52,36,,943,0,5,50,1018,0.6038,828.9,0.251,16,step_limit,0,1086000,19564.8
1087,1000,459.25,29.498,35,,975,0,5,49,1611,0.5687,883.1,0.4095,48,step_limit,0,1087000,19582.8
1088,1000,509.35,83.766,37,,968,0,6,151,1054,0.523,862.5,0.2776,12,step_limit,0,1088000,19600.7
1089,1000,559.6,77.764,42,,898,0,6,82,831,0.6222,873.6,0.207,19,step_limit,0,1089000,19617.6
1090,1000,469.3,79.385,36,,998,0,5,109,971,0.5905,864.8,0.2433,35,step_limit,0,1090000,19636.8
1091,1000,399.1,34.211,32,,997,0,4,63,1642,0.614,775.1,0.4306,59,step_limit,0,1091000,19655.8
1092,1000,519.4,64.71,38,,983,0,6,71,1002,0.6202,845.2,0.2657,27,step_limit,0,1092000,19672.0
1093,1000,469.3,67.447,36,,993,0,5,79,1035,0.5747,751.2,0.2633,18,step_limit,0,1093000,19688.3
1094,1000,479.35,92.469,37,,994,0,5,169,880,0.4958,844.7,0.2312,17,step_limit,0,1094000,19706.6
1095,1000,379.15,113.26,33,,973,0,3,251,948,0.5128,755.5,0.2369,11,step_limit,0,1095000,19723.8
1096,1000,449.2,81.902,34,,856,0,5,60,673,0.5745,765.9,0.1675,10,step_limit,0,1096000,19742.2
1097,1000,439.15,76.989,33,,925,0,5,110,1015,0.507,794.7,0.2612,40,step_limit,0,1097000,19759.6
1098,1000,549.55,48.602,41,,980,0,6,38,1215,0.6525,900.0,0.3129,41,step_limit,0,1098000,19777.9
1099,1000,459.25,77.637,35,,959,0,5,171,1301,0.573,807.8,0.3268,45,step_limit,0,1099000,19797.8
1100,1000,389.05,70.471,31,,969,0,4,87,1048,0.5843,751.5,0.2694,45,step_limit,0,1100000,19814.3
1101,1000,549.55,57.556,41,,976,0,6,58,1094,0.635,896.3,0.2871,20,step_limit,0,1101000,19840.9
1102,1000,509.5,60.907,40,,964,0,5,71,1109,0.6072,919.7,0.294,19,step_limit,0,1102000,19859.1
1103,1000,509.35,60.588,37,,993,0,6,49,1056,0.6205,968.7,0.2639,41,step_limit,0,1103000,19877.6
1104,1000,529.45,56.474,39,,815,0,6,44,1076,0.6155,884.9,0.283,19,step_limit,0,1104000,19895.1
1105,1000,459.25,52.532,35,,969,0,5,45,1127,0.6085,892.4,0.283,17,step_limit,0,1105000,19912.5
1106,1000,559.6,52.545,42,,943,0,6,42,1146,0.64,888.9,0.2929,19,step_limit,0,1106000,19931.5
1107,1000,469.3,59.191,36,,934,0,5,58,1010,0.5755,765.1,0.2584,19,step_limit,0,1107000,19948.8
1108,1000,489.25,93.314,35,,994,0,6,175,942,0.505,847.6,0.2458,70,step_limit,0,1108000,19967.6
1109,1000,399.1,61.348,32,,996,0,4,54,1111,0.589,873.0,0.2819,34,step_limit,0,1109000,19984.1
1110,1000,549.4,74.819,38,,978,0,7,113,1043,0.5238,882.6,0.2612,44,step_limit,0,1110000,20000.4
1111,1000,469.3,52.052,36,,952,0,5,47,1190,0.593,877.4,0.3006,51,step_limit,0,1111000,20019.1
1112,1000,389.05,102.662,31,,922,0,4,156,776,0.4968,739.6,0.1938,17,step_limit,0,1112000,20037.3
1113,1000,519.4,91.0,38,,931,0,6,152,860,0.5435,778.5,0.2261,15,step_limit,0,1113000,20054.9
1114,1000,509.5,76.327,40,,970,0,5,63,783,0.5627,867.9,0.2032,11,step_limit,0,1114000,20072.6
1115,1000,399.1,94.979,32,,980,0,4,178,965,0.531,856.7,0.2389,15,step_limit,0,1115000,20089.6
1116,1000,479.35,89.48,37,,957,0,5,165,986,0.5805,861.2,0.2452,14,step_limit,0,1116000,20106.8
1117,1000,459.25,53.505,35,,984,0,5,57,1186,0.6392,827.8,0.3022,40,step_limit,0,1117000,20124.4
1118,1000,509.5,75.472,40,,915,0,5,57,786,0.5625,891.6,0.1965,17,step_limit,0,1118000,20143.3
1119,1000,499.3,98.359,36,,916,0,6,236,1063,0.5347,928.0,0.2738,19,step_limit,0,1119000,20161.7
1120,1000,439.15,86.567,33,,986,0,5,100,825,0.5325,781.7,0.2017,20,step_limit,0,1120000,20179.2
1121,1000,539.5,66.538,40,,891,0,6,71,962,0.5815,917.3,0.2459,12,step_limit,0,1121000,20196.9
1122,1000,539.5,60.515,40,,974,0,6,54,972,0.5697,888.4,0.245,17,step_limit,0,1122000,20216.1
1123,1000,529.45,71.264,39,,875,0,6,89,962,0.6185,866.5,0.2492,19,step_limit,0,1123000,20232.5
1124,1000,469.3,69.025,36,,957,0,5,93,1109,0.6295,868.1,0.2825,24,step_limit,0,1124000,20251.1
1125,1000,469.3,66.248,36,,997,0,5,116,1207,0.5208,886.3,0.3148,38,step_limit,0,1125000,20267.9
1126,1000,509.35,61.926,37,,994,0,6,108,1258,0.5507,781.2,0.3308,93,step_limit,0,1126000,20286.6
1127,1000,509.35,67.744,37,,979,0,6,94,1054,0.5773,818.7,0.2802,41,step_limit,0,1127000,20304.7
1128,1000,499.45,47.297,39,,964,0,5,57,1320,0.588,876.5,0.3355,38,step_limit,0,1128000,20322.9
1129,1000,449.2,95.028,34,,996,0,5,99,628,0.5373,790.0,0.1596,17,step_limit,0,1129000,20340.0
1130,1000,519.4,62.38,38,,996,0,6,72,1081,0.565,883.2,0.2769,17,step_limit,0,1130000,20358.3
1131,1000,529.45,71.903,39,,997,0,6,61,753,0.5647,971.7,0.1984,15,step_limit,0,1131000,20376.8
1132,1000,419.2,89.75,34,,992,0,4,121,800,0.5377,766.9,0.1937,10,step_limit,0,1132000,20393.9
1133,1000,459.25,58.071,35,,979,0,5,46,1054,0.6172,845.9,0.2714,21,step_limit,0,1133000,20412.2
1134,1000,368.95,49.37,29,,976,0,4,61,1350,0.5827,739.1,0.3366,35,step_limit,0,1134000,20429.0
1135,1000,439.15,52.957,33,,851,0,5,69,1269,0.5325,734.9,0.3338,20,step_limit,0,1135000,20447.3
1136,1000,499.3,68.744,36,,857,0,6,75,1005,0.5635,869.7,0.2523,37,step_limit,0,1136000,20467.1
1137,1000,499.45,60.343,39,,966,0,5,58,1062,0.5968,893.7,0.2816,49,step_limit,0,1137000,20487.2
1138,1000,419.2,80.105,34,,984,0,4,131,1039,0.4943,765.4,0.2722,18,step_limit,0,1138000,20504.8
1139,1000,519.55,23.644,41,,938,0,5,41,1612,0.6298,904.8,0.436,80,step_limit,0,1139000,20523.7
1140,1000,449.2,147.792,34,,807,0,5,366,781,0.4845,760.8,0.1832,20,step_limit,0,1140000,20540.7
1141,1000,459.25,81.222,35,,992,0,5,149,1096,0.5272,814.1,0.2841,18,step_limit,0,1141000,20558.6
1142,1000,529.45,84.319,39,,973,0,6,130,853,0.5633,876.3,0.2156,13,step_limit,0,1142000,20576.5
1143,1000,529.45,50.834,39,,807,0,6,39,1134,0.6018,838.4,0.2921,26,step_limit,0,1143000,20593.9
1144,1000,519.4,85.419,38,,971,0,6,93,745,0.5713,794.9,0.1924,12,step_limit,0,1144000,20612.9
1145,1000,489.4,85.983,38,,974,0,5,140,908,0.517,788.0,0.2376,13,step_limit,0,1145000,20629.8
1146,1000,499.45,79.268,39,,949,0,5,70,786,0.5855,884.0,0.1878,13,step_limit,0,1146000,20648.0
1147,1000,419.2,88.913,34,,984,0,4,93,696,0.5923,808.1,0.1759,11,step_limit,0,1147000,20665.0
1148,1000,499.45,64.112,39,,997,0,5,73,1052,0.6198,853.9,0.2779,19,step_limit,0,1148000,20683.6
1149,1000,539.5,66.852,40,,906,0,6,44,875,0.6335,880.5,0.2235,16,step_limit,0,1149000,20701.3
1150,1000,399.1,74.811,32,,956,0,4,87,985,0.5647,759.4,0.2486,29,step_limit,0,1150000,20719.5
1151,1000,529.45,69.432,39,,978,0,6,74,899,0.593,890.8,0.2349,10,step_limit,0,1151000,20747.4
1152,1000,569.5,56.639,40,,964,0,7,48,1032,0.6198,912.6,0.2715,40,step_limit,0,1152000,20764.3
1153,1000,499.3,80.721,36,,956,0,6,115,911,0.5717,782.4,0.2366,37,step_limit,0,1153000,20782.4
1154,1000,429.1,64.243,32,,953,0,5,79,1075,0.5537,768.1,0.2801,18,step_limit,0,1154000,20796.9
1155,1000,459.25,89.697,35,,912,0,5,112,827,0.556,861.5,0.2057,23,step_limit,0,1155000,20811.5
1156,1000,429.1,91.54,32,,910,0,5,189,1061,0.5148,753.6,0.2718,12,step_limit,0,1156000,20825.3
1157,1000,399.1,73.554,32,,928,0,4,130,1135,0.561,757.5,0.2964,94,step_limit,0,1157000,20840.2
1158,1000,449.2,67.169,34,,981,0,5,106,1181,0.586,909.9,0.299,37,step_limit,0,1158000,20855.4
1159,1000,469.3,77.119,36,,840,0,5,126,1072,0.546,859.8,0.2772,25,step_limit,0,1159000,20869.2
1160,1000,469.3,72.525,36,,933,0,5,148,1249,0.536,827.4,0.3198,12,step_limit,0,1160000,20884.3
1161,1000,499.45,71.74,39,,877,0,5,101,974,0.5887,885.2,0.258,15,step_limit,0,1161000,20898.0
1162,1000,549.55,61.69,41,,938,0,6,53,950,0.6162,913.7,0.2488,13,step_limit,0,1162000,20912.4
1163,1000,539.5,46.249,40,,939,0,6,40,1250,0.631,963.5,0.3302,46,step_limit,0,1163000,20926.4
1164,1000,439.3,86.177,36,,994,0,4,130,879,0.546,821.6,0.2263,20,step_limit,0,1164000,20939.6
1165,1000,469.3,65.33,36,,842,0,5,94,1151,0.5885,783.6,0.2938,36,step_limit,0,1165000,20954.0
1166,1000,399.1,82.875,32,,918,0,4,135,963,0.5272,820.4,0.2486,18,step_limit,0,1166000,20966.5
1167,1000,459.25,97.657,35,,951,0,5,167,876,0.4908,829.1,0.2256,13,step_limit,0,1167000,20980.0
1168,1000,529.45,79.134,39,,934,0,6,71,707,0.606,845.3,0.1799,20,step_limit,0,1168000,20993.7
1169,1000,429.25,71.142,35,,919,0,4,40,870,0.5975,899.4,0.2107,27,step_limit,0,1169000,21006.7
1170,1000,459.25,75.624,35,,998,0,5,61,824,0.5737,758.1,0.21,28,step_limit,0,1170000,21021.6
1171,1000,459.25,89.307,35,,884,0,5,124,839,0.584,906.2,0.2103,19,step_limit,0,1171000,21035.6
1172,1000,509.35,78.691,37,,949,0,6,68,795,0.5735,760.2,0.2029,17,step_limit,0,1172000,21051.3
1173,1000,439.15,47.144,33,,969,0,5,33,1252,0.5942,751.8,0.3152,35,step_limit,0,1173000,21064.8
1174,1000,499.45,69.071,39,,991,0,5,113,1101,0.5377,884.0,0.2968,17,step_limit,0,1174000,21079.6
1175,1000,489.4,68.99,38,,888,0,5,119,1166,0.591,787.3,0.3012,16,step_limit,0,1175000,21094.2
1176,1000,529.6,71.144,42,,998,0,5,85,922,0.6038,885.1,0.2404,34,step_limit,0,1176000,21110.4
1177,1000,469.3,59.518,36,,944,0,5,86,1260,0.5383,907.5,0.3286,41,step_limit,0,1177000,21124.8
1178,1000,318.85,115.84,27,,985,0,3,233,883,0.4735,742.9,0.2255,17,step_limit,0,1178000,21138.2
1179,1000,509.35,39.686,37,,966,0,6,47,1432,0.598,867.9,0.3692,29,step_limit,0,1179000,21152.9
1180,1000,499.3,59.992,36,,909,0,6,68,1099,0.5623,796.2,0.2816,22,step_limit,0,1180000,21166.2
1181,1000,479.35,55.887,37,,937,0,5,63,1148,0.6178,868.0,0.2921,17,step_limit,0,1181000,21180.7
1182,1000,449.2,54.871,34,,960,0,5,72,1201,0.5597,791.1,0.3167,59,step_limit,0,1182000,21193.8
1183,1000,489.25,78.152,35,,936,0,6,90,808,0.523,814.2,0.2136,24,step_limit,0,1183000,21207.0
1184,1000,559.6,59.834,42,,857,0,6,60,1069,0.6005,905.9,0.2739,39,step_limit,0,1184000,21221.5
1185,1000,529.45,64.733,39,,874,0,6,48,938,0.5895,890.9,0.2461,21,step_limit,0,1185000,21235.4
1186,1000,419.2,68.071,34,,945,0,4,91,1148,0.5487,832.6,0.2897,18,step_limit,0,1186000,21250.4
1187,1000,479.35,85.377,37,,986,0,5,83,689,0.582,774.0,0.1696,13,step_limit,0,1187000,21264.3
1188,1000,509.35,60.781,37,,912,0,6,42,979,0.5905,797.4,0.2552,14,step_limit,0,1188000,21278.5
1189,1000,479.35,42.193,37,,787,0,5,49,1393,0.6235,800.5,0.3586,30,step_limit,0,1189000,21292.3
1190,1000,419.2,70.177,34,,951,0,4,102,1079,0.5767,772.9,0.2704,15,step_limit,0,1190000,21306.2
1191,1000,569.65,60.2,43,,935,0,6,43,932,0.5915,900.9,0.2472,15,step_limit,0,1191000,21321.4
1192,1000,409.0,84.142,30,,991,0,5,154,1083,0.48,735.9,0.2777,19,step_limit,0,1192000,21335.0
1193,1000,529.45,80.805,39,,966,0,6,141,958,0.5425,860.1,0.2501,56,step_limit,0,1193000,21349.8
1194,1000,409.15,48.685,33,,963,0,4,52,1305,0.593,866.8,0.335,37,step_limit,0,1194000,21363.3
1195,1000,499.45,67.082,39,,995,0,5,82,1039,0.6145,905.1,0.2709,16,step_limit,0,1195000,21377.4
1196,1000,439.15,76.136,33,,954,0,5,105,1031,0.5655,882.6,0.2626,16,step_limit,0,1196000,21391.3
1197,1000,529.45,74.94,39,,964,0,6,123,1013,0.5617,893.5,0.2601,12,step_limit,0,1197000,21404.6
1198,1000,429.25,62.529,35,,995,0,4,97,1151,0.5713,752.1,0.3031,55,step_limit,0,1198000,21419.2
1199,1000,489.4,80.872,38,,999,0,5,68,702,0.581,881.6,0.1767,14,step_limit,0,1199000,21432.2
1200,1000,469.3,83.653,36,,957,0,5,109,850,0.5938,953.3,0.2141,17,step_limit,0,1200000,21446.3
1201,1000,469.3,47.518,36,,886,0,5,50,1264,0.6158,818.5,0.3258,18,step_limit,0,1201000,21468.1
1202,1000,398.95,93.566,29,,846,0,5,133,866,0.5015,754.0,0.2074,22,step_limit,0,1202000,21483.8
1203,1000,409.15,100.838,33,,960,0,4,180,963,0.475,798.4,0.2407,17,step_limit,0,1203000,21497.3
1204,1000,579.55,78.727,41,,987,0,7,98,881,0.5907,969.5,0.2243,33,step_limit,0,1204000,21513.1
1205,1000,439.15,72.775,33,,940,0,5,124,1121,0.5835,814.6,0.2742,20,step_limit,0,1205000,21526.9
1206,1000,469.3,66.858,36,,855,0,5,101,1120,0.6092,806.4,0.2973,30,step_limit,0,1206000,21541.2
1207,1000,529.45,69.377,39,,938,0,6,88,972,0.538,965.9,0.2622,19,step_limit,0,1207000,21555.7
1208,1000,449.2,97.473,34,,978,0,5,140,787,0.531,787.1,0.1866,20,step_limit,0,1208000,21569.6
1209,1000,529.45,68.935,39,,971,0,6,55,849,0.5807,865.1,0.2294,21,step_limit,0,1209000,21585.2
1210,1000,409.15,77.024,33,,982,0,4,135,1161,0.513,798.6,0.293,79,step_limit,0,1210000,21599.2
1211,1000,509.5,95.015,40,,962,0,5,159,881,0.5783,872.5,0.2192,43,step_limit,0,1211000,21614.3
1212,1000,469.3,40.705,36,,926,0,5,50,1363,0.6398,890.4,0.3588,21,step_limit,0,1212000,21626.5
1213,1000,409.15,51.333,33,,714,0,4,64,1289,0.5877,885.6,0.336,76,step_limit,0,1213000,21638.5
1214,1000,509.35,67.624,37,,938,0,6,61,947,0.6165,859.2,0.2404,19,step_limit,0,1214000,21650.8
1215,1000,579.7,56.165,44,,957,0,6,44,1055,0.6445,881.6,0.2617,41,step_limit,0,1215000,21661.8
1216,1000,489.25,70.699,35,,931,0,6,113,1040,0.5633,859.4,0.2697,18,step_limit,0,1216000,21673.0
1217,1000,469.3,106.008,36,,1000,0,5,147,625,0.5295,836.2,0.1568,14,step_limit,0,1217000,21685.4
1218,1000,449.2,49.108,34,,967,0,5,60,1316,0.5663,897.5,0.3356,17,step_limit,0,1218000,21694.9
1219,1000,519.4,63.677,38,,992,0,6,82,1108,0.5942,847.1,0.2916,19,step_limit,0,1219000,21704.7
1220,1000,459.25,61.515,35,,778,0,5,48,1030,0.6102,847.3,0.2549,21,step_limit,0,1220000,21717.0
1221,1000,579.55,49.045,41,,877,0,7,56,1236,0.6268,964.2,0.3242,21,step_limit,0,1221000,21728.1
1222,1000,439.15,74.417,33,,876,0,5,91,1010,0.5565,786.0,0.2541,15,step_limit,0,1222000,21739.5
1223,1000,469.3,47.813,36,,979,0,5,42,1253,0.5723,817.7,0.331,37,step_limit,0,1223000,21751.8
1224,1000,509.35,49.551,37,,854,0,6,42,1201,0.6022,908.7,0.3067,20,step_limit,0,1224000,21762.8
1225,1000,479.35,60.518,37,,977,0,5,92,1200,0.6015,818.3,0.3039,20,step_limit,0,1225000,21774.2
1226,1000,419.05,49.668,31,,752,0,5,85,1396,0.557,847.8,0.3659,92,step_limit,0,1226000,21787.0
1227,1000,469.15,54.338,33,,995,0,6,92,1390,0.536,799.7,0.3474,57,step_limit,0,1227000,21797.8
1228,1000,519.4,81.804,38,,997,0,6,87,789,0.57,898.5,0.2021,13,step_limit,0,1228000,21808.5
1229,1000,489.25,37.89,35,,824,0,6,51,1463,0.5843,771.5,0.3916,161,step_limit,0,1229000,21820.7
1230,1000,389.05,67.384,31,,955,0,4,120,1253,0.587,804.5,0.3213,14,step_limit,0,1230000,21831.3
1231,1000,439.3,70.872,36,,928,0,4,80,1013,0.5915,867.9,0.2634,40,step_limit,0,1231000,21842.1
1232,1000,479.2,68.947,34,,792,0,6,65,992,0.621,754.7,0.2448,24,step_limit,0,1232000,21854.5
1233,1000,489.25,91.472,35,,989,0,6,126,804,0.5312,856.8,0.1969,12,step_limit,0,1233000,21865.5
1234,1000,479.35,97.457,37,,970,0,5,172,932,0.5525,826.0,0.2293,18,step_limit,0,1234000,21876.6
1235,1000,429.25,71.663,35,,994,0,4,118,1184,0.549,784.8,0.299,21,step_limit,0,1235000,21888.7
1236,1000,529.45,62.991,39,,989,0,6,54,1008,0.6072,910.8,0.2518,20,step_limit,0,1236000,21899.5
1237,1000,539.5,62.346,40,,914,0,6,43,924,0.6265,973.8,0.2278,10,step_limit,0,1237000,21910.6
1238,1000,409.15,58.959,33,,929,0,4,135,1445,0.532,738.2,0.3783,29,step_limit,0,1238000,21922.3
1239,1000,469.3,74.992,36,,1000,0,5,116,1099,0.56,802.8,0.2862,23,step_limit,0,1239000,21933.3
1240,1000,539.5,70.141,40,,974,0,6,66,898,0.5573,894.8,0.2296,26,step_limit,0,1240000,21944.1
1241,1000,519.4,94.228,38,,886,0,6,285,1366,0.603,868.9,0.3617,97,step_limit,0,1241000,21956.6
1242,1000,489.25,77.315,35,,978,0,6,76,850,0.5335,892.5,0.2108,11,step_limit,0,1242000,21967.7
1243,1000,469.3,57.874,36,,911,0,5,47,1066,0.5797,792.8,0.274,37,step_limit,0,1243000,21978.7
1244,1000,429.1,99.682,32,,909,0,5,180,917,0.5132,769.4,0.2308,18,step_limit,0,1244000,21990.9
1245,1000,529.45,75.271,39,,981,0,6,109,979,0.5657,871.1,0.2492,35,step_limit,0,1245000,22001.9
1246,1000,399.1,80.712,32,,976,0,4,114,1026,0.5102,789.3,0.2516,15,step_limit,0,1246000,22013.0
1247,1000,549.55,76.638,41,,992,0,6,112,990,0.609,895.5,0.2584,20,step_limit,0,1247000,22025.3
1248,1000,519.4,70.247,38,,974,0,6,61,945,0.616,862.1,0.2323,10,step_limit,0,1248000,22036.0
1249,1000,599.65,48.567,43,,998,0,7,53,1251,0.622,888.9,0.3238,44,step_limit,0,1249000,22047.1
1250,1000,489.4,104.755,38,,998,0,5,235,997,0.571,867.5,0.2488,20,step_limit,0,1250000,22059.2
1251,1000,459.25,48.284,35,,917,0,5,45,1256,0.6372,858.1,0.3314,68,step_limit,0,1251000,22078.3
1252,1000,519.4,57.078,38,,837,0,6,45,1084,0.6262,896.1,0.277,15,step_limit,0,1252000,22090.1
1253,1000,389.05,65.419,31,,735,0,4,107,1245,0.5565,767.7,0.316,37,step_limit,0,1253000,22101.3
1254,1000,529.45,87.842,39,,975,0,6,92,706,0.5747,960.1,0.175,15,step_limit,0,1254000,22112.3
1255,1000,539.5,71.813,40,,987,0,6,59,840,0.5917,878.5,0.2145,28,step_limit,0,1255000,22124.4
1256,1000,439.15,71.371,33,,994,0,5,70,979,0.552,762.2,0.2504,16,step_limit,0,1256000,22135.6
1257,1000,529.45,63.133,39,,974,0,6,48,955,0.627,864.3,0.2439,19,step_limit,0,1257000,22146.2
1258,1000,419.2,49.34,34,,936,0,4,56,1263,0.587,884.2,0.3282,50,step_limit,0,1258000,22158.4
1259,1000,479.35,52.307,37,,935,0,5,69,1221,0.5637,928.7,0.3206,36,step_limit,0,1259000,22169.5
1260,1000,379.0,98.562,30,,896,0,4,186,1013,0.5477,716.8,0.2605,35,step_limit,0,1260000,22180.7
1261,1000,469.3,59.295,36,,898,0,5,86,1257,0.6225,872.5,0.3252,19,step_limit,0,1261000,22192.9
1262,1000,509.35,62.703,37,,992,0,6,57,1021,0.6128,860.1,0.2692,43,step_limit,0,1262000,22203.8
1263,1000,549.55,57.417,41,,979,0,6,45,1007,0.621,894.1,0.2589,19,step_limit,0,1263000,22214.6
1264,1000,439.15,92.123,33,,952,0,5,216,1117,0.5457,751.0,0.2903,24,step_limit,0,1264000,22227.0
1265,1000,459.25,40.516,35,,883,0,5,61,1449,0.6252,772.5,0.3819,32,step_limit,0,1265000,22238.4
1266,1000,539.35,88.815,37,,994,0,7,169,1017,0.511,914.6,0.2592,19,step_limit,0,1266000,22250.4
1267,1000,399.1,53.441,32,,964,0,4,46,1201,0.5573,781.5,0.3073,42,step_limit,0,1267000,22261.2
1268,1000,499.45,59.087,39,,975,0,5,79,1151,0.6278,851.6,0.3039,18,step_limit,0,1268000,22272.1
1269,1000,509.35,99.816,37,,939,0,6,201,951,0.559,877.1,0.2447,17,step_limit,0,1269000,22283.8
1270,1000,529.45,69.172,39,,992,0,6,51,847,0.612,875.3,0.2189,18,step_limit,0,1270000,22292.4
1271,1000,449.2,85.424,34,,934,0,5,162,1061,0.5188,768.9,0.276,39,step_limit,0,1271000,22303.2
1272,1000,499.3,73.47,36,,990,0,6,94,902,0.5553,869.6,0.2335,15,step_limit,0,1272000,22314.4
1273,1000,509.35,56.199,37,,987,0,6,38,1077,0.5933,867.6,0.2759,12,step_limit,0,1273000,22326.6
1274,1000,499.45,62.106,39,,975,0,5,59,1007,0.6228,881.2,0.2564,14,step_limit,0,1274000,22338.1
1275,1000,469.3,101.448,36,,993,0,5,188,919,0.5385,857.1,0.2327,19,step_limit,0,1275000,22349.1
1276,1000,509.35,62.313,37,,968,0,6,92,1178,0.5785,855.9,0.3026,22,step_limit,0,1276000,22361.0
1277,1000,489.4,80.267,38,,991,0,5,115,970,0.543,874.1,0.2508,12,step_limit,0,1277000,22372.1
1278,1000,519.55,65.45,41,,970,0,5,74,948,0.6165,969.5,0.2387,10,step_limit,0,1278000,22384.8
1279,1000,459.25,47.736,35,,976,0,5,78,1435,0.6075,835.5,0.3799,37,step_limit,0,1279000,22396.1
1280,1000,519.4,54.714,38,,969,0,6,93,1280,0.6045,944.1,0.34,33,step_limit,0,1280000,22407.1
1281,1000,579.55,53.208,41,,944,0,7,45,1086,0.5978,868.6,0.2871,48,step_limit,0,1281000,22419.1
1282,1000,479.35,68.289,37,,960,0,5,37,821,0.6308,790.1,0.2004,12,step_limit,0,1282000,22429.7
1283,1000,409.15,98.11,33,,980,0,4,197,1045,0.5563,802.8,0.2537,23,step_limit,0,1283000,22441.1
1284,1000,459.25,56.712,35,,905,0,5,74,1268,0.5595,856.0,0.3317,23,step_limit,0,1284000,22453.7
1285,1000,529.45,68.917,39,,983,0,6,90,1044,0.5787,879.4,0.2706,16,step_limit,0,1285000,22464.9
1286,1000,469.15,42.212,33,,872,0,6,50,1393,0.62,883.1,0.3608,94,step_limit,0,1286000,22475.7
1287,1000,489.25,54.312,35,,983,0,6,135,1497,0.5385,837.6,0.3921,53,step_limit,0,1287000,22488.5
1288,1000,519.4,62.24,38,,990,0,6,45,982,0.5915,860.9,0.2556,16,step_limit,0,1288000,22499.4
1289,1000,479.2,46.238,34,,939,0,6,32,1295,0.6028,888.1,0.3258,23,step_limit,0,1289000,22510.0
1290,1000,529.3,47.667,36,,758,0,7,38,1158,0.5992,820.7,0.3083,63,step_limit,0,1290000,22522.2
1291,1000,399.1,85.622,32,,895,0,4,68,665,0.5905,725.7,0.1561,13,step_limit,0,1291000,22532.8
1292,1000,489.4,82.977,38,,976,0,5,75,738,0.577,875.9,0.1815,19,step_limit,0,1292000,22543.4
1293,1000,499.3,78.892,36,,945,0,6,58,753,0.6178,780.6,0.1864,15,step_limit,0,1293000,22555.7
1294,1000,449.2,45.264,34,,871,0,5,54,1322,0.5955,838.4,0.3467,16,step_limit,0,1294000,22566.8
1295,1000,479.35,94.1,37,,992,0,5,182,970,0.5775,843.9,0.2518,16,step_limit,0,1295000,22577.3
1296,1000,519.4,62.165,38,,917,0,6,43,975,0.6162,812.3,0.2508,18,step_limit,0,1296000,22589.7
1297,1000,499.3,114.685,36,,966,0,6,205,641,0.5325,890.0,0.1644,11,step_limit,0,1297000,22600.6
1298,1000,559.6,64.042,42,,977,0,6,54,946,0.5903,967.2,0.2421,15,step_limit,0,1298000,22611.7
1299,1000,479.35,52.196,37,,959,0,5,47,1143,0.6168,894.7,0.2962,39,step_limit,0,1299000,22623.9
1300,1000,449.35,94.155,37,,937,0,4,117,668,0.5677,919.8,0.1672,15,step_limit,0,1300000,22635.2
1301,1000,469.3,59.053,36,,995,0,5,94,1298,0.5387,788.6,0.3318,19,step_limit,0,1301000,22655.0
1302,1000,549.55,59.177,41,,970,0,6,42,1012,0.6288,855.7,0.257,15,step_limit,0,1302000,22665.8
1303,1000,509.35,65.062,37,,926,0,6,82,1115,0.5815,846.7,0.2908,13,step_limit,0,1303000,22676.8
1304,1000,489.25,76.89,35,,988,0,6,46,743,0.5765,782.5,0.1848,17,step_limit,0,1304000,22688.8
1305,1000,459.25,78.526,35,,995,0,5,85,765,0.5847,855.3,0.2038,11,step_limit,0,1305000,22699.8
1306,1000,399.1,93.082,32,,991,0,4,184,1030,0.5058,808.0,0.2622,39,step_limit,0,1306000,22710.8
1307,1000,399.1,66.716,32,,975,0,4,85,1068,0.5823,788.8,0.274,22,step_limit,0,1307000,22723.1
1308,1000,539.5,50.281,40,,960,0,6,61,1253,0.6205,905.8,0.3326,36,step_limit,0,1308000,22733.9
1309,1000,328.9,64.14,28,,903,0,3,136,1396,0.61,747.7,0.3571,113,step_limit,0,1309000,22744.5
1310,1000,469.3,81.69,36,,981,0,5,100,871,0.567,803.0,0.2223,17,step_limit,0,1310000,22756.2
1311,1000,479.35,67.003,37,,974,0,5,80,1055,0.5823,761.1,0.2644,22,step_limit,0,1311000,22766.9
1312,1000,459.25,85.249,35,,853,0,5,96,896,0.6138,761.0,0.2102,20,step_limit,0,1312000,22778.5
1313,1000,449.2,53.352,34,,966,0,5,44,1181,0.569,890.2,0.2925,13,step_limit,0,1313000,22790.9
1314,1000,399.1,65.52,32,,949,0,4,154,1396,0.529,842.5,0.369,24,step_limit,0,1314000,22802.1
1315,1000,589.6,58.298,42,,967,0,7,43,1005,0.6368,888.8,0.2589,26,step_limit,0,1315000,22812.9
1316,1000,469.3,73.499,36,,808,0,5,55,788,0.5577,868.8,0.2006,17,step_limit,0,1316000,22824.9
1317,1000,399.1,28.387,32,,984,0,4,44,1651,0.572,762.1,0.4245,33,step_limit,0,1317000,22835.8
1318,1000,489.4,77.186,38,,978,0,5,129,1085,0.5667,869.2,0.2733,18,step_limit,0,1318000,22846.6
1319,1000,499.45,56.536,39,,997,0,5,40,1047,0.6022,904.7,0.2683,19,step_limit,0,1319000,22858.8
1320,1000,399.1,89.035,32,,987,0,4,108,788,0.5192,756.2,0.198,39,step_limit,0,1320000,22869.8
1321,1000,439.15,35.695,33,,932,0,5,42,1506,0.5667,833.5,0.3924,41,step_limit,0,1321000,22880.6
1322,1000,439.15,71.123,33,,849,0,5,79,1014,0.5593,789.1,0.2503,23,step_limit,0,1322000,22890.4
1323,1000,479.35,83.441,37,,877,0,5,84,745,0.5775,796.9,0.1823,16,step_limit,0,1323000,22898.6
1324,1000,559.6,53.632,42,,951,0,6,48,1094,0.6385,886.0,0.2873,19,step_limit,0,1324000,22907.0
1325,1000,619.6,49.917,42,,811,0,8,45,1087,0.6035,879.1,0.2927,111,step_limit,0,1325000,22915.5
1326,1000,459.25,45.999,35,,966,0,5,48,1220,0.608,909.6,0.3224,89,step_limit,0,1326000,22925.2
1327,1000,509.35,48.447,37,,974,0,6,36,1219,0.632,798.1,0.3115,35,step_limit,0,1327000,22933.6
1328,1000,499.45,56.774,39,,996,0,5,111,1335,0.6018,912.3,0.3561,40,step_limit,0,1328000,22941.9
1329,1000,529.45,123.288,39,,992,0,6,263,720,0.5185,910.9,0.1905,18,step_limit,0,1329000,22950.4
1330,1000,539.5,73.861,40,,988,0,6,90,952,0.5655,810.5,0.248,15,step_limit,0,1330000,22960.2
1331,1000,439.3,89.802,36,,943,0,4,125,835,0.5443,876.6,0.2076,26,step_limit,0,1331000,22968.6
1332,1000,549.55,58.411,41,,988,0,6,39,947,0.6378,938.7,0.2419,11,step_limit,0,1332000,22977.1
1333,1000,439.15,77.526,33,,854,0,5,123,1066,0.566,871.1,0.2693,22,step_limit,0,1333000,22985.6
1334,1000,439.15,45.801,33,,814,0,5,66,1420,0.5625,850.7,0.3597,27,step_limit,0,1334000,22995.6
1335,1000,519.4,47.455,38,,991,0,6,66,1298,0.5883,855.3,0.3441,11,step_limit,0,1335000,23004.0
1336,1000,479.35,106.854,37,,980,0,5,153,569,0.5413,870.5,0.1453,16,step_limit,0,1336000,23012.3
1337,1000,549.4,74.915,38,,877,0,7,75,832,0.5952,899.3,0.2102,16,step_limit,0,1337000,23020.8
1338,1000,469.3,88.785,36,,977,0,5,153,1015,0.584,773.7,0.2589,21,step_limit,0,1338000,23030.5
1339,1000,509.35,60.251,37,,934,0,6,73,1129,0.5785,932.8,0.2789,18,step_limit,0,1339000,23038.8
1340,1000,559.6,56.124,42,,969,0,6,42,1063,0.636,905.1,0.2712,32,step_limit,0,1340000,23047.2
1341,1000,579.55,60.625,41,,874,0,7,62,1028,0.5885,901.5,0.2649,14,step_limit,0,1341000,23055.7
1342,1000,358.9,51.667,28,,958,0,4,72,1335,0.483,739.7,0.3394,25,step_limit,0,1342000,23065.4
1343,1000,429.1,51.251,32,,943,0,5,81,1334,0.5535,788.7,0.3479,57,step_limit,0,1343000,23073.8
1344,1000,449.2,93.197,34,,958,0,5,153,793,0.5225,766.4,0.2065,11,step_limit,0,1344000,23082.1
1345,1000,499.45,49.255,39,,928,0,5,35,1108,0.6312,911.3,0.2958,15,step_limit,0,1345000,23091.9
1346,1000,489.4,53.964,38,,986,0,5,96,1345,0.5797,889.2,0.3595,41,step_limit,0,1346000,23100.3
1347,1000,549.55,40.095,41,,1000,0,6,37,1350,0.6148,829.9,0.3534,20,step_limit,0,1347000,23108.6
1348,1000,419.2,88.094,34,,997,0,4,192,1129,0.5098,864.2,0.2876,41,step_limit,0,1348000,23117.0
1349,1000,429.1,64.475,32,,942,0,5,114,1276,0.5515,883.7,0.3161,16,step_limit,0,1349000,23127.0
1350,1000,509.35,57.364,37,,990,0,6,108,1353,0.6112,914.8,0.359,37,step_limit,0,1350000,23135.5
1351,1000,449.2,83.976,34,,922,0,5,132,988,0.5958,761.6,0.2519,15,step_limit,0,1351000,23151.0
1352,1000,529.3,39.131,36,,751,0,7,37,1299,0.6175,903.0,0.3392,35,step_limit,0,1352000,23160.9
1353,1000,469.3,90.988,36,,860,0,5,130,815,0.5645,887.8,0.207,8,step_limit,0,1353000,23169.2
1354,1000,489.4,64.404,38,,996,0,5,94,1084,0.549,912.1,0.2839,28,step_limit,0,1354000,23177.3
1355,1000,509.35,81.867,37,,998,0,6,105,878,0.5268,827.0,0.2233,33,step_limit,0,1355000,23185.5
1356,1000,509.5,46.516,40,,993,0,5,68,1340,0.573,910.6,0.3519,39,step_limit,0,1356000,23195.5
1357,1000,499.45,59.039,39,,999,0,5,42,1051,0.6178,869.0,0.2687,20,step_limit,0,1357000,23204.0
1358,1000,539.5,68.852,40,,834,0,6,112,1102,0.5985,899.6,0.2869,48,step_limit,0,1358000,23212.1
1359,1000,499.3,97.317,36,,856,0,6,161,831,0.5475,783.9,0.2155,25,step_limit,0,1359000,23220.3
1360,1000,459.25,41.986,35,,993,0,5,35,1288,0.6352,790.9,0.3398,32,step_limit,0,1360000,23230.3
1361,1000,539.5,66.294,40,,933,0,6,62,962,0.629,871.5,0.2479,18,step_limit,0,1361000,23238.5
1362,1000,529.45,51.668,39,,995,0,6,54,1122,0.611,921.3,0.3004,45,step_limit,0,1362000,23246.8
1363,1000,489.4,57.82,38,,895,0,5,65,1148,0.6102,896.5,0.2984,38,step_limit,0,1363000,23255.2
1364,1000,479.2,57.159,34,,879,0,6,135,1425,0.572,870.7,0.3745,17,step_limit,0,1364000,23265.4
1365,1000,399.1,62.653,32,,947,0,4,107,1222,0.528,763.7,0.3221,16,step_limit,0,1365000,23273.7
1366,1000,459.25,75.681,35,,991,0,5,71,802,0.564,824.5,0.2018,15,step_limit,0,1366000,23281.8
1367,1000,479.35,50.664,37,,931,0,5,55,1159,0.6165,819.4,0.3027,18,step_limit,0,1367000,23290.3
1368,1000,379.0,98.316,30,,676,0,4,188,941,0.528,784.6,0.2284,21,step_limit,0,1368000,23300.2
1369,1000,479.35,52.646,37,,974,0,5,79,1337,0.5897,867.6,0.3444,76,step_limit,0,1369000,23308.4
1370,1000,469.3,34.144,36,,902,0,5,42,1515,0.6212,830.4,0.3985,42,step_limit,0,1370000,23316.8
1371,1000,429.1,18.02,32,,977,0,5,30,1734,0.6048,808.1,0.4486,79,step_limit,0,1371000,23325.3
1372,1000,479.35,78.129,37,,967,0,5,104,921,0.5455,834.5,0.2412,15,step_limit,0,1372000,23335.0
1373,1000,449.2,55.283,34,,971,0,5,126,1503,0.584,814.9,0.3884,74,step_limit,0,1373000,23343.4
1374,1000,449.2,91.169,34,,899,0,5,128,799,0.5168,786.6,0.2033,20,step_limit,0,1374000,23351.7
1375,1000,529.45,40.78,39,,949,0,6,35,1285,0.614,880.4,0.343,26,step_limit,0,1375000,23361.2
1376,1000,539.5,74.618,40,,952,0,6,61,780,0.5555,869.8,0.1993,12,step_limit,0,1376000,23369.5
1377,1000,579.55,41.466,41,,765,0,7,43,1286,0.6458,914.3,0.3516,77,step_limit,0,1377000,23377.8
1378,1000,579.55,46.87,41,,852,0,7,41,1270,0.6262,884.8,0.3192,27,step_limit,0,1378000,23386.2
1379,1000,419.2,104.639,34,,757,0,4,253,1141,0.531,765.7,0.2845,18,step_limit,0,1379000,23396.0
1380,1000,399.1,100.057,32,,997,0,4,153,751,0.533,867.2,0.1889,25,step_limit,0,1380000,23404.3
1381,1000,479.35,70.272,37,,934,0,5,49,813,0.5503,854.0,0.2105,21,step_limit,0,1381000,23412.5
1382,1000,509.35,57.227,37,,997,0,6,39,999,0.5713,879.0,0.2609,17,step_limit,0,1382000,23420.8
1383,1000,489.25,49.617,35,,971,0,6,61,1268,0.6005,868.4,0.3322,22,step_limit,0,1383000,23430.6
1384,1000,559.45,81.046,39,,1000,0,7,131,976,0.5557,906.1,0.2532,22,step_limit,0,1384000,23438.9
1385,1000,459.25,71.818,35,,927,0,5,90,1039,0.5743,876.3,0.2541,34,step_limit,0,1385000,23447.3
1386,1000,529.45,58.824,39,,997,0,6,41,1032,0.6258,903.8,0.2714,27,step_limit,0,1386000,23455.6
1387,1000,479.35,63.48,37,,904,0,5,64,1031,0.6012,857.8,0.2654,14,step_limit,0,1387000,23465.2
1388,1000,529.45,45.233,39,,968,0,6,43,1185,0.6112,816.5,0.3201,65,step_limit,0,1388000,23473.5
1389,1000,529.45,57.231,39,,967,0,6,44,1034,0.5985,886.9,0.2705,14,step_limit,0,1389000,23481.8
1390,1000,529.45,58.062,39,,979,0,6,43,983,0.6252,880.5,0.2614,19,step_limit,0,1390000,23490.1
1391,1000,539.5,71.506,40,,1000,0,6,84,973,0.6268,915.7,0.2464,29,step_limit,0,1391000,23499.7
1392,1000,439.15,52.697,33,,861,0,5,65,1336,0.6095,804.8,0.338,23,step_limit,0,1392000,23508.1
1393,1000,529.45,55.677,39,,994,0,6,89,1238,0.5938,882.1,0.3124,20,step_limit,0,1393000,23516.5
1394,1000,499.45,52.488,39,,983,0,5,46,1113,0.611,857.8,0.2912,60,step_limit,0,1394000,23524.8
1395,1000,469.3,67.023,36,,960,0,5,67,956,0.578,856.7,0.2433,31,step_limit,0,1395000,23534.4
1396,1000,459.25,82.012,35,,995,0,5,112,963,0.5687,812.5,0.2381,16,step_limit,0,1396000,23542.6
1397,1000,509.35,63.71,37,,939,0,6,76,1037,0.5843,877.6,0.2755,15,step_limit,0,1397000,23551.0
1398,1000,479.35,80.429,37,,1000,0,5,121,983,0.5182,827.9,0.253,17,step_limit,0,1398000,23559.3
1399,1000,599.65,68.408,43,,940,0,7,61,841,0.583,891.3,0.2143,13,step_limit,0,1399000,23568.9
1400,1000,449.2,58.54,34,,902,0,5,106,1365,0.5613,843.2,0.3562,24,step_limit,0,1400000,23577.3
1401,1000,409.15,131.018,33,,961,0,4,295,820,0.5005,762.6,0.206,25,step_limit,0,1401000,23593.2
1402,1000,459.25,62.08,35,,909,0,5,70,1089,0.6108,913.9,0.2892,55,step_limit,0,1402000,23602.7
1403,1000,469.3,65.82,36,,981,0,5,83,1104,0.5627,817.3,0.2892,18,step_limit,0,1403000,23611.0
1404,1000,429.1,36.657,32,,980,0,5,73,1591,0.604,834.4,0.4044,81,step_limit,0,1404000,23619.4
1405,1000,459.25,63.354,35,,933,0,5,51,997,0.631,858.4,0.2547,22,step_limit,0,1405000,23627.8
1406,1000,559.6,50.067,42,,996,0,6,56,1191,0.6335,968.7,0.3134,57,step_limit,0,1406000,23637.7
1407,1000,429.1,96.205,32,,986,0,5,241,1158,0.5295,790.8,0.2958,139,step_limit,0,1407000,23646.1
1408,1000,469.3,67.061,36,,996,0,5,61,954,0.6002,854.7,0.2355,20,step_limit,0,1408000,23654.5
1409,1000,519.4,51.982,38,,980,0,6,82,1352,0.6095,891.9,0.3561,40,step_limit,0,1409000,23664.2
1410,1000,579.55,72.492,41,,963,0,7,55,785,0.6082,893.8,0.2011,13,step_limit,0,1410000,23672.4
1411,1000,399.1,56.191,32,,728,0,4,30,974,0.6342,821.4,0.2486,22,step_limit,0,1411000,23680.7
1412,1000,499.45,71.994,39,,975,0,5,61,813,0.607,890.6,0.2064,33,step_limit,0,1412000,23689.0
1413,1000,539.5,61.695,40,,991,0,6,42,930,0.6152,886.7,0.24,20,step_limit,0,1413000,23698.6
1414,1000,489.4,66.467,38,,946,0,5,77,978,0.6302,896.7,0.2501,25,step_limit,0,1414000,23707.0
1415,1000,348.85,97.585,27,,994,0,4,218,1103,0.449,709.1,0.2796,22,step_limit,0,1415000,23715.3
1416,1000,338.95,82.403,29,,845,0,3,120,934,0.5105,787.0,0.2353,23,step_limit,0,1416000,23723.6
1417,1000,539.5,65.398,40,,957,0,6,45,894,0.6262,876.8,0.233,34,step_limit,0,1417000,23733.1
1418,1000,409.15,67.761,33,,997,0,4,52,983,0.5863,787.9,0.247,12,step_limit,0,1418000,23741.4
1419,1000,519.4,64.403,38,,998,0,6,65,1047,0.598,915.0,0.2592,12,step_limit,0,1419000,23749.7
1420,1000,579.7,54.748,44,,985,0,6,38,947,0.639,940.2,0.2466,20,step_limit,0,1420000,23757.9
1421,1000,479.35,42.51,37,,976,0,5,45,1312,0.6288,907.3,0.328,37,step_limit,0,1421000,23767.6
1422,1000,509.35,80.406,37,,998,0,6,87,855,0.5655,887.8,0.2142,23,step_limit,0,1422000,23775.8
1423,1000,469.3,86.588,36,,781,0,5,157,1005,0.587,882.8,0.2656,18,step_limit,0,1423000,23784.0
1424,1000,539.5,51.512,40,,973,0,6,65,1237,0.6108,874.8,0.3279,20,step_limit,0,1424000,23792.4
1425,1000,439.3,75.94,36,,998,0,4,145,1224,0.5533,759.5,0.3094,15,step_limit,0,1425000,23802.1
1426,1000,549.55,79.221,41,,939,0,6,93,782,0.6095,914.3,0.1965,15,step_limit,0,1426000,23810.4
1427,1000,439.15,62.613,33,,993,0,5,77,1153,0.5547,865.8,0.2951,35,step_limit,0,1427000,23818.5
1428,1000,499.3,91.417,36,,919,0,6,214,1162,0.5687,857.5,0.3038,18,step_limit,0,1428000,23826.8
1429,1000,429.1,48.979,32,,966,0,5,45,1273,0.5982,836.1,0.3211,45,step_limit,0,1429000,23836.5
1430,1000,469.3,89.587,36,,950,0,5,120,790,0.5302,890.5,0.2019,13,step_limit,0,1430000,23844.8
1431,1000,449.2,94.529,34,,834,0,5,195,982,0.5653,832.2,0.2512,18,step_limit,0,1431000,23852.9
1432,1000,439.15,108.997,33,,903,0,5,181,753,0.491,753.3,0.1822,10,step_limit,0,1432000,23861.1
1433,1000,439.15,64.984,33,,892,0,5,106,1166,0.5795,795.1,0.3037,19,step_limit,0,1433000,23871.1
1434,1000,449.2,64.358,34,,990,0,5,91,1179,0.5587,765.7,0.3074,56,step_limit,0,1434000,23879.4
1435,1000,469.3,78.718,36,,997,0,5,166,1138,0.5673,859.3,0.2937,22,step_limit,0,1435000,23887.7
1436,1000,549.55,65.741,41,,960,0,6,81,1014,0.5923,872.2,0.2624,46,step_limit,0,1436000,23896.1
1437,1000,579.7,88.97,44,,996,0,6,96,656,0.6092,889.1,0.1636,16,step_limit,0,1437000,23905.6
1438,1000,489.4,55.317,38,,954,0,5,44,1101,0.5797,862.7,0.2733,31,step_limit,0,1438000,23914.0
1439,1000,449.2,77.778,34,,872,0,5,103,967,0.5757,782.0,0.2414,18,step_limit,0,1439000,23922.3
1440,1000,549.4,42.247,38,,854,0,7,39,1304,0.6352,912.7,0.3436,24,step_limit,0,1440000,23930.7
1441,1000,529.45,74.053,39,,965,0,6,39,722,0.613,887.1,0.1835,14,step_limit,0,1441000,23940.5
1442,1000,379.0,46.189,30,,977,0,4,38,1323,0.575,763.1,0.3268,28,step_limit,0,1442000,23948.7
1443,1000,549.55,50.559,41,,973,0,6,62,1243,0.616,857.0,0.3306,38,step_limit,0,1443000,23956.9
1444,1000,489.25,108.164,35,,999,0,6,178,650,0.548,823.0,0.1642,10,step_limit,0,1444000,23965.2
1445,1000,539.5,55.629,40,,954,0,6,99,1272,0.595,891.6,0.3433,57,step_limit,0,1445000,23975.1
1446,1000,519.4,43.887,38,,958,0,6,37,1300,0.6032,880.7,0.3395,43,step_limit,0,1446000,23983.4
1447,1000,459.25,116.507,35,,996,0,5,218,750,0.486,811.2,0.1848,10,step_limit,0,1447000,23991.7
1448,1000,499.3,70.227,36,,978,0,6,66,940,0.5867,873.8,0.2435,20,step_limit,0,1448000,24001.4
1449,1000,479.2,55.833,34,,996,0,6,73,1188,0.571,861.6,0.3095,40,step_limit,0,1449000,24009.8
1450,1000,389.05,91.829,31,,954,0,4,178,1080,0.506,723.7,0.2693,12,step_limit,0,1450000,24018.0
1451,1000,519.4,63.077,38,,950,0,6,62,1012,0.61,841.5,0.2614,18,step_limit,0,1451000,24035.3
1452,1000,509.35,86.19,37,,883,0,6,161,980,0.572,894.1,0.2503,10,step_limit,0,1452000,24043.6
1453,1000,399.1,37.555,32,,987,0,4,39,1397,0.565,734.4,0.366,80,step_limit,0,1453000,24051.7
1454,1000,479.35,66.547,37,,862,0,5,96,1117,0.613,776.4,0.291,31,step_limit,0,1454000,24060.0
1455,1000,519.4,70.371,38,,911,0,6,55,864,0.589,893.8,0.2196,16,step_limit,0,1455000,24070.0
1456,1000,519.4,73.543,38,,983,0,6,74,911,0.587,854.8,0.2335,35,step_limit,0,1456000,24078.4
1457,1000,489.25,68.795,35,,940,0,6,88,1081,0.6082,848.3,0.2746,39,step_limit,0,1457000,24086.6
1458,1000,429.25,96.79,35,,955,0,4,188,927,0.5673,854.9,0.2423,17,step_limit,0,1458000,24094.8
1459,1000,449.2,44.823,34,,993,0,5,68,1437,0.628,875.1,0.3733,26,step_limit,0,1459000,24104.8
1460,1000,499.45,86.102,39,,997,0,5,92,775,0.6072,844.2,0.2017,16,step_limit,0,1460000,24113.1
1461,1000,559.6,79.945,42,,993,0,6,87,741,0.5893,877.4,0.1882,13,step_limit,0,1461000,24121.1
1462,1000,559.45,62.026,39,,844,0,7,49,946,0.5968,868.7,0.2526,19,step_limit,0,1462000,24129.3
1463,1000,449.2,61.205,34,,820,0,5,73,1103,0.604,892.3,0.2807,15,step_limit,0,1463000,24139.1
1464,1000,459.25,81.805,35,,924,0,5,164,1141,0.5767,795.8,0.2911,25,step_limit,0,1464000,24147.2
1465,1000,429.25,78.654,35,,978,0,4,61,726,0.5695,754.8,0.1856,17,step_limit,0,1465000,24155.3
1466,1000,479.35,74.082,37,,958,0,5,128,1100,0.5687,859.2,0.2863,35,step_limit,0,1466000,24163.5
1467,1000,519.4,67.752,38,,968,0,6,52,887,0.5835,886.7,0.2275,21,step_limit,0,1467000,24173.4
1468,1000,489.4,82.797,38,,996,0,5,84,793,0.5725,842.5,0.2016,20,step_limit,0,1468000,24181.7
1469,1000,469.3,114.155,36,,968,0,5,281,1038,0.5503,875.4,0.2633,22,step_limit,0,1469000,24189.9
1470,1000,489.4,45.179,38,,942,0,5,54,1269,0.6002,885.6,0.3441,57,step_limit,0,1470000,24198.3
1471,1000,469.3,98.885,36,,998,0,5,188,890,0.538,889.5,0.2364,11,step_limit,0,1471000,24208.0
1472,1000,519.4,76.551,38,,902,0,6,107,903,0.608,882.8,0.2379,17,step_limit,0,1472000,24216.3
1473,1000,419.2,59.052,34,,980,0,4,67,1198,0.5825,831.9,0.294,24,step_limit,0,1473000,24224.5
1474,1000,529.45,71.972,39,,971,0,6,79,950,0.584,879.9,0.2436,25,step_limit,0,1474000,24232.7
1475,1000,449.2,66.274,34,,979,0,5,106,1119,0.552,800.9,0.2767,25,step_limit,0,1475000,24242.4
1476,1000,449.2,65.153,34,,916,0,5,66,1030,0.5775,781.7,0.2671,19,step_limit,0,1476000,24250.7
1477,1000,549.55,69.373,41,,957,0,6,75,958,0.6112,880.3,0.2439,13,step_limit,0,1477000,24259.0
1478,1000,469.3,60.054,36,,987,0,5,94,1244,0.5885,868.4,0.3233,68,step_limit,0,1478000,24267.3
1479,1000,449.35,80.104,37,,985,0,4,125,1044,0.6078,965.4,0.2656,20,step_limit,0,1479000,24277.2
1480,1000,549.55,39.868,41,,940,0,6,33,1262,0.6148,898.5,0.3319,15,step_limit,0,1480000,24285.7
1481,1000,469.3,62.75,36,,998,0,5,81,1137,0.5813,783.7,0.286,23,step_limit,0,1481000,24294.0
1482,1000,419.05,67.459,31,,990,0,5,99,1099,0.5585,880.8,0.2835,16,step_limit,0,1482000,24302.3
1483,1000,519.55,80.383,41,,995,0,5,88,808,0.5913,889.2,0.1967,10,step_limit,0,1483000,24311.9
1484,1000,499.3,67.02,36,,989,0,6,52,927,0.5863,890.1,0.2396,17,step_limit,0,1484000,24320.2
1485,1000,449.2,77.734,34,,979,0,5,85,850,0.5677,824.4,0.2178,9,step_limit,0,1485000,24328.4
1486,1000,459.25,71.023,35,,952,0,5,73,994,0.5515,813.3,0.253,18,step_limit,0,1486000,24336.7
1487,1000,449.2,54.695,34,,991,0,5,35,1090,0.5627,863.2,0.2699,12,step_limit,0,1487000,24346.5
1488,1000,509.35,75.082,37,,918,0,6,65,870,0.5625,773.9,0.216,34,step_limit,0,1488000,24354.8
1489,1000,479.35,73.639,37,,987,0,5,43,707,0.6265,869.1,0.175,8,step_limit,0,1489000,24363.1
1490,1000,509.35,73.65,37,,989,0,6,58,841,0.5725,931.5,0.2098,19,step_limit,0,1490000,24371.4
1491,1000,519.4,58.958,38,,917,0,6,52,1051,0.6158,893.7,0.2727,15,step_limit,0,1491000,24381.1
1492,1000,479.35,97.575,37,,945,0,5,156,785,0.519,870.7,0.1994,15,step_limit,0,1492000,24389.3
1493,1000,479.35,96.243,37,,950,0,5,143,761,0.5773,791.4,0.1924,17,step_limit,0,1493000,24397.5
1494,1000,469.3,74.051,36,,935,0,5,182,1282,0.5685,964.3,0.3393,34,step_limit,0,1494000,24407.3
1495,1000,479.35,90.025,37,,820,0,5,180,1075,0.561,790.9,0.273,25,step_limit,0,1495000,24415.6
1496,1000,479.35,68.587,37,,957,0,5,71,996,0.5695,873.9,0.2581,25,step_limit,0,1496000,24423.9
1497,1000,539.5,77.222,40,,987,0,6,105,960,0.5703,896.0,0.2426,36,step_limit,0,1497000,24432.4
1498,1000,449.2,67.072,34,,990,0,5,78,1053,0.5797,893.6,0.2666,18,step_limit,0,1498000,24442.1
1499,1000,469.3,40.624,36,,859,0,5,31,1320,0.6068,887.4,0.3428,19,step_limit,0,1499000,24450.4
1500,1000,479.35,47.762,37,,966,0,5,47,1220,0.5982,835.9,0.316,36,step_limit,0,1500000,24458.8
