episode,steps,reward,delivered,completion_rate,makespan,idle_drones,deliv_min,deliv_max,deliv_std,reloads,blocked,hop2plus,max_reach,t_last_deliv,comm_loss,alpha,loss_critic,loss_actor,env_steps,wall_sec
1,1000,-43.524,1,0.02,,3,0,1,0.433,0,723,0.7117,583.4,588,0,0.1,nan,nan,1000,1.7
2,1000,2.4476,4,0.08,,2,0,3,1.2247,0,414,0.6905,614.9,119,0,0.1,nan,nan,2000,3.1
3,1000,-23.8989,1,0.02,,3,0,1,0.433,0,790,0.7115,753.6,72,0,0.1,nan,nan,3000,5.1
4,1000,-27.7067,2,0.04,,3,0,2,0.866,0,606,0.7083,631.9,756,0,0.1,nan,nan,4000,6.6
5,1000,-42.0698,1,0.02,,3,0,1,0.433,0,785,0.6985,597.6,583,0,0.1,nan,nan,5000,8.0
6,1000,173.3003,15,0.3,,0,1,6,1.9203,2,1062,0.5847,740.1,940,0,0.086129,0.051956,-1.240462,6000,14.8
7,1000,49.1539,9,0.18,,1,0,5,1.7854,0,1634,0.5463,788.8,608,0,0.075156,0.480106,-1.754973,7000,21.5
8,1000,114.0727,12,0.24,,0,1,5,1.5811,1,1487,0.3465,578.8,827,0,0.068259,1.277658,-2.723087,8000,29.3
9,1000,73.4611,12,0.24,,0,2,4,0.7071,0,1438,0.6322,622.1,834,0,0.064273,0.946718,-3.321599,9000,38.5
10,1000,118.4127,15,0.3,,0,3,5,0.8292,0,1495,0.5725,842.9,947,0,0.066194,1.104834,-3.954656,10000,49.0
11,1000,41.2695,9,0.18,,0,1,3,0.8292,0,2046,0.4343,549.6,928,0,0.069652,1.634761,-4.818941,11000,60.8
12,1000,26.4998,6,0.12,,2,0,5,2.0616,0,1572,0.4085,533.4,625,0,0.075278,1.738754,-7.425712,12000,73.4
13,1000,54.7687,10,0.2,,0,1,4,1.5,0,1719,0.4507,624.6,526,0,0.081685,1.508466,-6.818097,13000,85.0
14,1000,88.2336,13,0.26,,0,2,5,1.0897,0,1796,0.4595,669.4,997,0,0.085451,2.243699,-7.727279,14000,96.4
15,1000,65.7372,12,0.24,,0,1,5,2.0,0,1981,0.412,585.3,924,0,0.088313,1.360611,-9.171267,15000,108.5
16,1000,123.9659,16,0.32,,0,2,5,1.2247,0,1344,0.586,938.1,794,0,0.087172,2.577728,-11.466104,16000,120.0
17,1000,69.8639,13,0.26,,0,2,5,1.0897,0,2222,0.6827,1049.1,784,0,0.083744,4.747757,-11.438617,17000,131.4
18,1000,127.4424,16,0.32,,0,1,5,1.7321,0,1324,0.6428,708.8,978,0,0.082092,2.750225,-11.150261,18000,143.1
19,1000,28.7062,7,0.14,,1,0,4,1.479,0,1564,0.41,641.7,465,0,0.0813,4.607882,-12.457757,19000,155.3
20,1000,77.381,12,0.24,,1,0,5,1.8708,0,1299,0.4353,575.4,677,0,0.078439,3.19612,-12.514322,20000,166.3
21,1000,86.0394,14,0.28,,0,1,5,1.5,0,1725,0.4037,710.2,965,0,0.070387,4.062973,-14.28973,21000,177.8
22,1000,-1.9185,9,0.18,,0,1,4,1.0897,0,3541,0.7115,625.5,961,0,0.07159,2.658187,-14.053236,22000,190.2
23,1000,60.4262,14,0.28,,0,1,5,1.6583,0,3224,0.7085,937.2,625,0,0.076347,1.586308,-14.748501,23000,201.8
24,1000,91.588,16,0.32,,0,1,5,1.7321,0,2723,0.6943,828.4,575,0,0.070237,2.737717,-16.75943,24000,213.5
25,1000,26.8673,10,0.2,,0,1,4,1.118,0,2958,0.7195,1040.0,740,0,0.071872,6.619562,-15.363321,25000,225.5
26,1000,-7.9432,6,0.12,,2,0,4,1.6583,0,2881,0.6997,716.7,515,0,0.077493,2.654135,-17.001053,26000,237.5
27,1000,47.8692,10,0.2,,0,1,5,1.6583,0,2393,0.6215,1005.0,629,0,0.082807,2.415636,-20.322254,27000,249.1
28,1000,18.4407,8,0.16,,1,0,5,1.8708,0,2581,0.706,731.6,800,0,0.083796,5.898382,-21.124336,28000,260.5
29,1000,95.2151,16,0.32,,0,1,5,1.7321,0,2201,0.71,1073.5,611,0,0.085648,2.669489,-22.237186,29000,271.9
30,1000,137.1832,17,0.34,,0,2,5,1.299,0,1030,0.7175,807.5,421,0,0.084549,2.554205,-22.855129,30000,283.6
31,1000,126.7747,18,0.36,,0,4,5,0.5,0,2445,0.7017,826.7,701,0,0.083759,3.204924,-23.321232,31000,295.1
32,1000,111.5118,17,0.34,,0,2,5,1.299,0,2221,0.6315,1073.5,813,0,0.084776,5.014848,-24.341869,32000,306.8
33,1000,63.1753,12,0.24,,0,1,5,1.4142,0,2241,0.7033,831.5,937,0,0.082111,3.417839,-25.949669,33000,318.5
34,1000,94.3628,16,0.32,,0,1,5,1.7321,0,2249,0.717,958.5,645,0,0.082415,2.494538,-27.116234,34000,329.9
35,1000,60.7048,14,0.28,,0,1,5,1.6583,0,2878,0.7053,1021.7,456,0,0.083027,3.070555,-29.481411,35000,341.7
36,1000,66.781,13,0.26,,0,2,5,1.0897,0,2191,0.6983,1025.0,494,0,0.08311,4.000823,-27.589951,36000,353.3
37,1000,88.0067,16,0.32,,0,2,5,1.2247,0,2443,0.7053,1008.9,905,0,0.079104,3.51224,-28.950661,37000,364.9
38,1000,84.7795,15,0.3,,0,2,5,1.299,0,2264,0.7023,887.8,919,0,0.079787,8.090364,-32.498604,38000,376.8
39,1000,120.864,17,0.34,,0,2,5,1.299,0,1979,0.7163,973.8,597,0,0.080986,1.990232,-31.211222,39000,388.4
40,1000,79.2206,13,0.26,,0,1,5,1.7854,0,1304,0.7185,1004.8,215,0,0.077601,5.940513,-29.489927,40000,400.0
41,1000,69.1694,13,0.26,,1,0,5,2.0463,0,2572,0.7033,953.6,565,0,0.076671,3.435165,-31.367199,41000,411.8
42,1000,123.2209,17,0.34,,0,2,5,1.299,0,1877,0.6983,1033.6,658,0,0.075754,2.195581,-28.604202,42000,423.0
43,1000,125.092,17,0.34,,0,3,5,0.8292,0,1587,0.7103,977.6,994,0,0.073243,4.948071,-28.278452,43000,434.2
44,1000,104.8001,15,0.3,,0,3,5,0.8292,0,1916,0.7065,1000.7,928,0,0.071901,4.385262,-31.102177,44000,446.3
45,1000,70.2077,13,0.26,,0,1,5,1.479,0,2331,0.7095,1058.9,439,0,0.070261,2.381217,-31.076614,45000,457.9
46,1000,131.5147,18,0.36,,0,4,5,0.5,0,1891,0.7147,959.9,726,0,0.06723,2.543962,-32.449131,46000,469.8
47,1000,101.861,16,0.32,,0,2,5,1.2247,0,2483,0.7202,932.2,898,0,0.065998,4.24974,-33.072269,47000,481.6
48,1000,99.0439,16,0.32,,0,2,5,1.2247,0,2087,0.7025,1073.5,791,0,0.064891,1.945683,-34.324554,48000,493.0
49,1000,99.8679,15,0.3,,0,2,5,1.299,0,2152,0.7093,1010.0,992,0,0.065924,3.811638,-33.855606,49000,504.4
50,1000,71.3885,14,0.28,,0,2,5,1.118,0,2670,0.7087,819.8,396,0,0.066966,8.183771,-34.333305,50000,516.2
51,1000,83.0078,15,0.3,,1,0,5,2.1651,0,2517,0.7163,1040.6,854,0,0.068252,2.647753,-31.445549,51000,544.6
52,1000,110.378,17,0.34,,0,2,5,1.299,0,2123,0.6973,1073.5,746,0,0.068488,2.060299,-33.580654,52000,555.9
53,1000,79.5997,13,0.26,,0,1,5,1.479,0,1574,0.7145,1007.6,722,0,0.06986,4.377655,-35.647404,53000,566.5
54,1000,112.6328,16,0.32,,0,1,5,1.7321,0,1734,0.7175,1068.9,818,0,0.06983,6.269402,-35.485287,54000,578.0
55,1000,110.5041,15,0.3,,0,1,5,1.6394,0,1510,0.6983,876.2,679,0,0.069665,2.326498,-34.93512,55000,589.2
56,1000,107.2597,14,0.28,,0,1,5,1.6583,0,1004,0.699,1073.5,319,0,0.069621,3.145526,-36.752884,56000,599.5
57,1000,61.2337,12,0.24,,1,0,5,1.8708,0,2398,0.7075,1073.5,181,0,0.070098,4.212449,-36.14296,57000,611.9
58,1000,52.2226,12,0.24,,0,1,5,1.5811,0,2271,0.5637,963.5,695,0,0.067214,9.536722,-36.260632,58000,623.5
59,1000,105.478,17,0.34,,0,2,5,1.299,0,2475,0.7137,1044.0,850,0,0.065263,2.211765,-36.775543,59000,635.7
60,1000,97.8574,15,0.3,,0,1,5,1.6394,0,2017,0.7175,935.5,382,0,0.063457,1.90536,-40.79945,60000,647.1
61,1000,83.649,15,0.3,,0,2,5,1.299,0,2356,0.7125,1050.3,181,0,0.061365,3.097178,-35.979488,61000,658.8
62,1000,108.3132,17,0.34,,0,3,5,0.8292,0,2566,0.7225,1073.5,847,0,0.061015,2.023888,-38.463776,62000,670.5
63,1000,16.2165,9,0.18,,1,0,5,1.9203,0,3279,0.7252,1048.0,522,0,0.062154,2.978878,-39.215782,63000,681.9
64,1000,77.6194,14,0.28,,1,0,5,2.0616,0,2572,0.6845,826.3,726,0,0.063544,2.138659,-41.6287,64000,694.0
65,1000,78.9821,15,0.3,,0,2,5,1.0897,0,2707,0.7047,1008.7,700,0,0.064599,2.456257,-40.858116,65000,705.7
66,1000,-30.5972,6,0.12,,0,1,3,0.866,0,3480,0.4873,790.3,444,0,0.063308,3.096852,-43.180412,66000,717.1
67,1000,-36.3322,5,0.1,,1,0,2,0.8292,0,3547,0.487,703.9,155,0,0.06088,1.392775,-47.148125,67000,728.8
68,1000,1.153,9,0.18,,0,1,5,1.6394,0,3434,0.487,772.0,416,0,0.059935,3.332666,-47.335884,68000,741.2
69,1000,-18.4503,6,0.12,,2,0,5,2.0616,0,2807,0.4883,876.2,250,0,0.059374,2.073303,-49.304962,69000,752.5
70,1000,-31.4831,6,0.12,,2,0,3,1.5,0,3531,0.486,722.4,122,0,0.059708,3.752856,-47.728966,70000,764.3
71,1000,-35.35,6,0.12,,1,0,3,1.118,0,3620,0.486,770.7,672,0,0.058177,1.114925,-47.221016,71000,776.1
72,1000,-3.4873,7,0.14,,1,0,4,1.479,0,2900,0.4885,893.9,494,0,0.058554,1.688787,-45.832977,72000,787.8
73,1000,14.975,9,0.18,,1,0,5,1.7854,0,2911,0.585,865.4,604,0,0.057507,2.956961,-49.793613,73000,799.8
74,1000,-4.5376,7,0.14,,1,0,3,1.299,0,2715,0.5357,853.8,871,0,0.055933,2.002815,-50.575447,74000,811.4
75,1000,-5.3154,6,0.12,,2,0,4,1.6583,0,2732,0.4873,862.3,749,0,0.054639,4.154978,-51.579559,75000,823.7
76,1000,24.5625,8,0.16,,0,1,5,1.7321,0,2479,0.623,891.7,638,0,0.053017,1.474231,-51.043083,76000,835.2
77,1000,58.8432,13,0.26,,0,2,5,1.0897,0,2969,0.6472,778.4,681,0,0.053469,2.108828,-50.669098,77000,847.1
78,1000,138.1396,18,0.36,,0,4,5,0.5,0,1683,0.7295,860.1,860,0,0.053832,2.735153,-51.823502,78000,859.1
79,1000,31.5286,11,0.22,,0,1,5,1.479,0,3173,0.71,955.2,198,0,0.053461,1.411287,-51.63752,79000,870.8
80,1000,121.9325,14,0.28,,0,2,5,1.5,1,2320,0.5312,880.1,710,0,0.054608,2.75115,-53.790668,80000,883.3
81,1000,61.5687,13,0.26,,0,1,5,1.479,0,2668,0.7023,950.6,962,0,0.053558,2.171621,-51.222271,81000,895.4
82,1000,60.3728,13,0.26,,0,2,5,1.0897,0,2853,0.5443,753.6,990,0,0.053307,2.42835,-52.855202,82000,906.6
83,1000,7.9826,8,0.16,,1,0,4,1.5811,0,3055,0.7085,573.6,969,0,0.05371,9.538771,-52.994205,83000,917.8
84,1000,-31.9556,6,0.12,,0,1,2,0.5,0,3644,0.7192,535.4,98,0,0.052486,3.096915,-56.385319,84000,929.9
85,1000,101.497,15,0.3,,1,0,5,2.1651,0,1900,0.4893,773.5,962,0,0.050625,2.118794,-51.041771,85000,940.8
86,1000,-4.8581,8,0.16,,1,0,4,1.4142,0,2664,0.485,711.8,970,0,0.050029,1.439418,-51.508312,86000,952.2
87,1000,47.2595,12,0.24,,1,0,5,1.8708,0,2832,0.5275,897.2,587,0,0.050251,1.720744,-52.460915,87000,964.6
88,1000,-10.5274,6,0.12,,0,1,2,0.5,0,2683,0.487,800.0,966,0,0.048835,1.342466,-55.788673,88000,976.2
89,1000,41.2925,11,0.22,,1,0,5,2.2776,0,2610,0.713,939.3,529,0,0.04861,1.015056,-53.472828,89000,987.5
90,1000,22.3322,10,0.2,,0,1,5,1.5,0,3059,0.5893,777.7,800,0,0.047274,1.862583,-54.428181,90000,999.3
91,1000,40.2133,11,0.22,,0,2,4,0.8292,0,2832,0.7037,922.9,270,0,0.046504,3.399978,-57.747345,91000,1010.7
92,1000,56.4195,13,0.26,,0,2,5,1.299,0,2989,0.6388,890.6,705,0,0.046713,4.181909,-52.846115,92000,1022.6
93,1000,-4.1281,7,0.14,,1,0,4,1.479,0,2851,0.6552,686.6,205,0,0.046912,2.720758,-55.793587,93000,1033.9
94,1000,47.3597,10,0.2,,0,1,5,1.5,0,2365,0.7167,986.4,785,0,0.046864,2.253566,-56.351089,94000,1045.3
95,1000,22.763,9,0.18,,1,0,5,1.9203,0,2943,0.729,958.0,378,0,0.046705,1.591828,-56.12542,95000,1057.8
96,1000,8.7125,9,0.18,,0,1,4,1.299,0,3220,0.5725,840.3,712,0,0.046166,3.100312,-55.503868,96000,1069.4
97,1000,6.932,9,0.18,,0,2,3,0.433,0,3344,0.7265,686.0,353,0,0.045154,1.525828,-54.435684,97000,1081.5
98,1000,14.4029,8,0.16,,2,0,5,2.1213,0,2610,0.4858,847.3,620,0,0.044391,1.118341,-56.099533,98000,1093.3
99,1000,13.1914,9,0.18,,0,1,4,1.0897,0,2973,0.6325,872.2,530,0,0.043915,2.313051,-53.129349,99000,1105.6
100,1000,-18.8247,5,0.1,,2,0,3,1.299,0,2973,0.4858,759.1,389,0,0.043475,2.133251,-51.655964,100000,1117.6
101,1000,4.0587,9,0.18,,1,0,5,1.7854,0,3289,0.6727,993.3,379,0,0.043269,1.377352,-53.492668,101000,1146.7
102,1000,8.9623,7,0.14,,2,0,5,2.0463,0,2940,0.495,722.1,714,0,0.043655,0.948386,-55.575737,102000,1158.4
103,1000,123.5622,15,0.3,,0,2,5,1.299,1,2374,0.5925,923.9,880,0,0.042874,2.92139,-53.047974,103000,1168.2
104,1000,-35.6085,3,0.06,,2,0,2,0.8292,0,2807,0.4885,732.1,353,0,0.043116,11.05612,-56.086082,104000,1179.1
105,1000,40.583,8,0.16,,2,0,5,2.1213,0,1617,0.471,801.0,704,0,0.042669,0.687669,-57.070282,105000,1191.1
106,1000,19.4046,9,0.18,,1,0,5,1.9203,0,3105,0.4853,815.7,986,0,0.042582,2.895871,-50.857491,106000,1202.4
107,1000,38.8447,9,0.18,,0,1,4,1.0897,0,2252,0.725,982.2,771,0,0.042431,3.134452,-52.372963,107000,1213.7
108,1000,1.2352,8,0.16,,0,1,3,0.7071,0,3187,0.7315,996.9,316,0,0.042645,1.147263,-51.243576,108000,1225.9
109,1000,48.845,11,0.22,,1,0,5,1.7854,0,2468,0.7282,768.4,919,0,0.041616,2.106079,-53.867352,109000,1237.7
110,1000,32.0041,10,0.2,,1,0,5,2.0616,0,2719,0.7278,1045.2,627,0,0.041068,1.093336,-53.810181,110000,1249.5
111,1000,138.1054,20,0.4,,0,5,5,0.0,0,2076,0.6155,984.4,528,0,0.039975,1.262349,-53.915024,111000,1261.9
112,1000,42.5112,11,0.22,,0,1,4,1.0897,0,2782,0.7288,847.1,880,0,0.038727,3.196371,-52.410362,112000,1273.8
113,1000,111.9737,17,0.34,,0,4,5,0.433,0,2338,0.727,955.5,938,0,0.037835,1.449355,-51.934189,113000,1285.9
114,1000,24.6666,10,0.2,,0,2,3,0.5,0,2999,0.5992,830.6,780,0,0.036461,1.715065,-52.474854,114000,1297.6
115,1000,12.3534,7,0.14,,0,1,3,0.8292,0,2376,0.7255,992.2,673,0,0.036371,1.783897,-50.766857,115000,1309.1
116,1000,98.683,14,0.28,,1,0,5,2.0616,0,2050,0.6703,822.7,865,0,0.036158,2.229882,-53.627705,116000,1320.9
117,1000,51.2127,13,0.26,,0,1,5,1.479,0,3114,0.693,800.1,998,0,0.035936,0.82151,-50.335197,117000,1332.3
118,1000,55.5137,12,0.24,,0,2,5,1.2247,0,2723,0.7045,829.5,736,0,0.034496,0.580715,-51.484795,118000,1343.7
119,1000,50.8118,12,0.24,,0,1,5,1.5811,0,2835,0.6418,835.8,917,0,0.033576,1.752744,-51.928596,119000,1355.8
120,1000,62.7082,13,0.26,,0,2,5,1.299,0,2687,0.7218,877.9,680,0,0.033213,1.831007,-51.320702,120000,1367.7
121,1000,-8.4028,7,0.14,,1,0,4,1.479,0,3231,0.379,599.2,846,0,0.032619,0.766216,-50.713634,121000,1379.9
122,1000,62.0377,12,0.24,,0,2,5,1.2247,0,2004,0.7035,1013.7,924,0,0.031777,0.689367,-50.822212,122000,1391.7
123,1000,25.844,7,0.14,,1,0,4,1.479,0,1924,0.6955,966.9,979,0,0.031363,2.638176,-51.224678,123000,1403.8
124,1000,107.7071,16,0.32,,0,3,5,0.7071,0,2239,0.6843,999.6,977,0,0.031633,0.733002,-49.746864,124000,1415.9
125,1000,124.2494,17,0.34,,0,3,5,0.8292,0,1992,0.7163,987.0,677,0,0.031164,0.967199,-50.420868,125000,1428.4
126,1000,5.0711,7,0.14,,2,0,5,2.0463,0,2834,0.726,965.8,999,0,0.029863,0.840379,-51.116547,126000,1440.7
127,1000,108.9334,17,0.34,,0,2,5,1.299,0,2133,0.6637,848.1,487,0,0.029703,3.269603,-48.729195,127000,1453.7
128,1000,108.3509,15,0.3,,0,1,5,1.6394,0,1835,0.6925,955.2,966,0,0.029949,1.966189,-52.154343,128000,1465.5
129,1000,27.7364,10,0.2,,0,2,3,0.5,0,2770,0.7057,999.1,862,0,0.02994,0.436723,-49.663498,129000,1477.2
130,1000,161.422,20,0.4,,0,5,5,0.0,0,1850,0.684,880.1,893,0,0.029685,0.536203,-48.506023,130000,1489.4
131,1000,-5.3731,8,0.16,,0,1,3,1.0,0,3312,0.4833,599.6,814,0,0.02929,0.452519,-47.558975,131000,1501.7
132,1000,77.1667,14,0.28,,0,2,5,1.118,0,2512,0.7145,1014.4,915,0,0.028886,0.728139,-48.215134,132000,1513.4
133,1000,108.6892,17,0.34,,0,2,5,1.299,0,2491,0.7105,927.5,967,0,0.028796,0.915565,-48.009186,133000,1525.4
134,1000,112.8933,16,0.32,,0,2,5,1.2247,0,1797,0.575,810.9,857,0,0.028855,0.807662,-49.80653,134000,1536.7
135,1000,64.5047,11,0.22,,0,2,5,1.299,0,1769,0.5537,675.0,892,0,0.028444,1.019407,-46.398201,135000,1549.6
136,1000,60.4153,13,0.26,,0,1,5,1.479,0,2818,0.6058,721.0,882,0,0.028174,1.331867,-48.493866,136000,1561.8
137,1000,86.6651,14,0.28,,0,3,5,0.866,0,2245,0.5687,846.9,989,0,0.027466,2.277566,-47.452156,137000,1573.2
138,1000,122.8637,16,0.32,,0,2,5,1.2247,0,1620,0.5,670.3,896,0,0.027825,2.486043,-46.263268,138000,1585.3
139,1000,136.5749,18,0.36,,0,3,5,0.866,0,1892,0.6002,769.0,999,0,0.027606,0.838963,-46.908066,139000,1596.9
140,1000,103.1392,17,0.34,,0,3,5,0.8292,0,2837,0.7027,958.2,737,0,0.027396,0.412979,-46.339893,140000,1609.2
141,1000,53.4863,13,0.26,,0,1,5,1.7854,0,3120,0.6647,855.4,974,0,0.026291,0.544587,-45.962364,141000,1621.8
142,1000,193.5723,19,0.38,,0,4,5,0.433,1,1620,0.6967,905.1,736,0,0.025462,0.473025,-47.019817,142000,1633.2
143,1000,138.4832,17,0.34,,0,2,5,1.299,0,1663,0.6445,809.0,299,0,0.025524,0.561454,-45.650131,143000,1644.4
144,1000,158.0759,18,0.36,,0,4,5,0.5,1,2368,0.609,732.3,905,0,0.026123,0.621258,-42.950951,144000,1656.3
145,1000,139.5453,18,0.36,,0,3,5,0.866,0,1879,0.7075,881.7,922,0,0.025558,1.007066,-43.649902,145000,1667.5
146,1000,162.0333,17,0.34,,0,2,5,1.299,1,1726,0.4602,706.9,763,0,0.025133,1.042549,-45.693024,146000,1680.2
147,1000,150.5047,19,0.38,,0,4,5,0.433,0,1747,0.7155,814.5,904,0,0.024381,1.052723,-44.431412,147000,1692.0
148,1000,228.0008,23,0.46,,0,3,10,2.586,1,1440,0.646,772.6,997,0,0.023754,0.661114,-44.780296,148000,1703.2
149,1000,121.2825,18,0.36,,0,3,5,0.866,0,2395,0.6192,990.9,680,0,0.024127,0.473879,-45.50861,149000,1714.9
150,1000,189.5869,19,0.38,,0,4,5,0.433,1,1604,0.705,933.1,983,0,0.023404,2.428478,-44.755081,150000,1726.0
151,1000,330.9759,26,0.52,,0,5,9,1.6583,3,1296,0.6495,793.0,955,0,0.022369,0.636451,-43.408562,151000,1755.2
152,1000,200.4147,20,0.4,,0,5,5,0.0,1,1388,0.6178,823.7,920,0,0.02197,0.622973,-41.189159,152000,1766.8
153,1000,163.9005,20,0.4,,0,5,5,0.0,0,1784,0.7115,940.1,552,0,0.021483,1.685403,-42.415993,153000,1777.6
154,1000,318.7985,24,0.48,,0,5,9,1.7321,3,1180,0.6105,821.2,770,0,0.020929,0.744566,-43.173576,154000,1789.2
155,1000,120.9645,18,0.36,,0,4,5,0.5,0,2709,0.6895,829.5,585,0,0.021128,0.851704,-40.736057,155000,1800.6
156,1000,203.1682,20,0.4,,0,5,5,0.0,1,1386,0.5807,851.8,939,0,0.021778,0.848652,-39.968521,156000,1810.4
157,1000,108.9927,16,0.32,,0,2,5,1.2247,0,1915,0.594,868.3,991,0,0.021788,1.014933,-40.061317,157000,1821.6
158,1000,287.0335,22,0.44,,0,5,7,0.866,3,1448,0.6218,897.7,880,0,0.021968,1.708714,-38.491631,158000,1833.3
159,1000,26.2344,9,0.18,,0,1,5,1.6394,0,2849,0.5132,605.2,106,0,0.022034,1.053847,-38.564598,159000,1845.3
160,1000,269.8603,20,0.4,,0,4,6,0.7071,3,1634,0.6232,787.6,862,0,0.021932,1.619121,-38.813435,160000,1856.5
161,1000,54.0894,12,0.24,,0,2,5,1.2247,0,2499,0.6867,591.1,994,0,0.021603,0.642992,-39.67107,161000,1867.9
162,1000,68.1656,14,0.28,,1,0,5,2.0616,0,3115,0.716,812.2,924,0,0.021871,0.566664,-40.042915,162000,1879.7
163,1000,98.9981,17,0.34,,0,2,5,1.299,0,2711,0.7252,966.5,714,0,0.021784,0.781841,-40.90995,163000,1891.5
164,1000,9.9544,7,0.14,,1,0,3,1.0897,0,2274,0.4868,794.0,990,0,0.021893,0.808284,-38.25462,164000,1903.4
165,1000,131.164,19,0.38,,0,4,5,0.433,0,2345,0.6903,880.7,645,0,0.022258,0.500636,-37.934364,165000,1915.7
166,1000,128.5458,20,0.4,,0,5,5,0.0,0,2166,0.6997,1018.1,944,0,0.022151,0.879286,-37.536861,166000,1927.4
167,1000,140.2205,15,0.3,,0,1,5,1.6394,1,2078,0.532,850.9,721,0,0.021831,0.570379,-38.544678,167000,1939.6
168,1000,180.7499,19,0.38,,0,4,5,0.433,1,2029,0.6045,955.1,339,0,0.022207,0.636728,-36.843395,168000,1952.0
169,1000,102.7629,16,0.32,,0,2,5,1.2247,0,1938,0.71,958.6,320,0,0.022253,0.42496,-35.957664,169000,1963.8
170,1000,241.5658,20,0.4,,0,5,5,0.0,2,1327,0.5333,865.8,700,0,0.022711,1.044311,-35.258415,170000,1975.0
171,1000,270.5403,22,0.44,,0,5,6,0.5,2,1078,0.6275,779.0,923,0,0.022382,1.274837,-35.531105,171000,1987.6
172,1000,169.1228,18,0.36,,0,1,7,2.1794,1,2058,0.4715,724.8,790,0,0.022446,0.830074,-35.414085,172000,1999.1
173,1000,157.295,19,0.38,,0,4,5,0.433,0,1794,0.654,1058.2,964,0,0.022795,0.869686,-34.788494,173000,2010.8
174,1000,110.9119,14,0.28,,0,1,6,1.8028,1,2549,0.6585,686.6,802,0,0.02305,0.465621,-35.684425,174000,2022.5
175,1000,292.2752,22,0.44,,0,5,7,0.866,3,1207,0.5423,784.2,857,0,0.023064,2.132429,-33.855129,175000,2034.6
176,1000,85.4981,14,0.28,,0,2,5,1.5,0,2392,0.564,737.8,623,0,0.023229,0.689371,-33.645302,176000,2047.0
177,1000,151.7632,17,0.34,,0,2,5,1.299,1,2126,0.7077,925.4,258,0,0.023484,0.589175,-33.022282,177000,2058.6
178,1000,128.4772,15,0.3,,0,2,5,1.299,1,2307,0.661,854.5,863,0,0.023406,0.743048,-32.36137,178000,2070.0
179,1000,306.6033,23,0.46,,0,5,8,1.299,3,1369,0.5945,873.0,971,0,0.023577,0.632446,-33.432812,179000,2081.4
180,1000,264.1459,23,0.46,,0,5,7,0.8292,2,1533,0.6185,907.7,955,0,0.023512,0.585352,-32.283844,180000,2092.6
181,1000,260.3762,22,0.44,,0,4,8,1.5,2,1452,0.5288,833.3,655,0,0.023089,0.792136,-31.96369,181000,2103.8
182,1000,242.0572,20,0.4,,0,5,5,0.0,2,1001,0.5707,833.7,718,0,0.022933,1.137605,-31.519857,182000,2115.1
183,1000,352.4057,29,0.58,,0,4,10,2.7726,3,1607,0.6362,892.9,992,0,0.023355,0.748957,-32.049538,183000,2126.8
184,1000,108.6524,16,0.32,,0,3,5,1.0,0,2069,0.7087,807.4,878,0,0.024284,0.438491,-31.172432,184000,2138.4
185,1000,181.2578,19,0.38,,0,1,9,2.8614,1,1625,0.5857,779.9,603,0,0.024231,0.807237,-29.794907,185000,2150.4
186,1000,357.4379,24,0.48,,0,5,7,0.7071,4,1002,0.463,874.1,786,0,0.024283,0.422279,-29.361309,186000,2161.4
187,1000,270.23,20,0.4,,0,5,5,0.0,3,1527,0.6028,758.4,816,0,0.024375,1.772077,-28.215324,187000,2173.1
188,1000,339.9492,23,0.46,,0,5,6,0.433,4,910,0.5447,871.4,1000,0,0.024448,1.104691,-27.847164,188000,2184.8
189,1000,316.0065,25,0.5,,0,5,8,1.299,3,1510,0.6573,817.6,898,0,0.024433,0.600356,-28.409668,189000,2196.6
190,1000,93.343,15,0.3,,0,2,5,1.0897,0,2282,0.7105,1004.9,796,0,0.024003,0.717263,-29.427563,190000,2209.2
191,1000,310.5412,23,0.46,,0,5,8,1.299,3,941,0.5655,696.2,644,0,0.024807,0.493453,-29.81031,191000,2220.5
192,1000,257.8109,21,0.42,,0,5,6,0.433,2,1149,0.6262,762.2,932,0,0.024574,0.678944,-27.441662,192000,2231.8
193,1000,134.9944,17,0.34,,0,3,5,0.8292,0,1538,0.6995,947.1,655,0,0.024548,0.667403,-26.757809,193000,2244.2
194,1000,244.5075,22,0.44,,0,4,8,1.5,2,2144,0.688,940.3,634,0,0.024577,0.905727,-27.412291,194000,2255.8
195,1000,231.1527,21,0.42,,0,3,7,1.479,2,2125,0.6505,977.4,435,0,0.023656,0.943666,-26.186026,195000,2267.8
196,1000,298.6842,22,0.44,,0,5,7,0.866,3,1172,0.561,656.5,744,0,0.023097,1.363627,-25.812811,196000,2279.8
197,1000,259.4861,22,0.44,,0,4,8,1.5,2,983,0.6637,854.4,882,0,0.023265,0.603876,-26.72747,197000,2291.5
198,1000,359.4627,25,0.5,,0,5,10,2.1651,4,1500,0.5327,860.6,904,0,0.02394,0.564434,-25.609898,198000,2303.2
199,1000,316.2169,24,0.48,,0,5,7,0.7071,3,1456,0.613,896.4,834,0,0.023859,0.698484,-25.892311,199000,2315.1
200,1000,120.4552,18,0.36,,0,4,5,0.5,0,2501,0.7235,942.7,963,0,0.023604,0.703731,-26.893703,200000,2327.8
201,1000,276.4413,20,0.4,,0,5,5,0.0,3,912,0.3663,653.8,711,0,0.024009,0.93736,-24.987221,201000,2355.9
202,1000,280.0748,20,0.4,,0,5,5,0.0,3,741,0.51,925.6,846,0,0.024418,1.35358,-25.756748,202000,2366.2
203,1000,104.3469,17,0.34,,0,3,5,0.8292,0,2729,0.717,958.6,951,0,0.02488,1.886523,-25.212833,203000,2377.1
204,1000,68.7136,13,0.26,,0,1,5,1.7854,0,2395,0.7228,1066.4,441,0,0.024591,0.970187,-25.532883,204000,2388.6
205,1000,276.3967,24,0.48,,0,5,8,1.2247,2,1721,0.6085,913.9,871,0,0.024829,0.889672,-24.189571,205000,2399.5
206,1000,50.4509,12,0.24,,0,1,5,1.5811,0,2379,0.7235,1072.0,348,0,0.02513,0.684658,-24.665611,206000,2410.0
207,1000,62.1172,14,0.28,,0,2,5,1.118,0,2810,0.7222,1061.0,357,0,0.024614,1.021286,-23.690214,207000,2421.3
208,1000,116.311,17,0.34,,0,3,5,0.8292,0,2341,0.6418,871.9,671,0,0.023762,0.697824,-24.054806,208000,2433.2
209,1000,276.8956,22,0.44,,0,3,9,2.1794,3,1866,0.6713,810.0,912,0,0.023684,1.32367,-23.744221,209000,2445.5
210,1000,218.5329,19,0.38,,0,4,5,0.433,2,2118,0.6112,885.6,422,0,0.023431,1.220511,-23.577965,210000,2457.5
211,1000,313.4561,25,0.5,,0,5,8,1.299,3,1781,0.5952,1052.0,945,0,0.023029,1.101716,-24.312843,211000,2469.4
212,1000,177.1174,19,0.38,,0,4,5,0.433,1,2071,0.5235,786.5,699,0,0.022762,1.171623,-23.328167,212000,2481.5
213,1000,232.9651,19,0.38,,0,4,6,0.8292,2,844,0.42,719.2,937,0,0.022677,1.9559,-24.672901,213000,2493.2
214,1000,386.7337,27,0.54,,0,5,9,1.479,4,1025,0.5938,883.0,981,0,0.022657,0.679357,-22.9575,214000,2505.6
215,1000,218.2648,18,0.36,,0,3,5,0.866,3,2235,0.643,972.6,480,0,0.022309,0.864797,-23.331367,215000,2518.7
216,1000,281.7522,24,0.48,,0,2,9,2.7386,2,958,0.5008,748.1,702,0,0.022845,1.109534,-23.218079,216000,2530.6
217,1000,109.7699,16,0.32,,0,3,5,1.0,0,1853,0.5873,698.3,537,0,0.022866,0.529119,-23.93569,217000,2543.0
218,1000,139.266,15,0.3,,0,1,5,1.6394,1,1954,0.5513,793.4,935,0,0.022556,0.635638,-23.77161,218000,2555.1
219,1000,172.5187,19,0.38,,0,2,7,1.7854,1,2299,0.658,658.9,924,0,0.023383,0.547091,-21.865,219000,2566.5
220,1000,343.9148,27,0.54,,0,4,9,2.2776,3,1170,0.499,926.0,931,0,0.023397,0.427845,-22.269102,220000,2578.3
221,1000,232.5121,20,0.4,,0,4,6,0.7071,2,1198,0.4998,898.3,610,0,0.023077,0.890875,-22.611809,221000,2589.9
222,1000,123.5218,16,0.32,,0,3,5,1.0,1,2805,0.6385,743.0,977,0,0.023483,0.956984,-23.997147,222000,2601.5
223,1000,272.853,24,0.48,,0,4,10,2.3452,2,1578,0.5385,806.3,904,0,0.023012,1.289007,-22.720711,223000,2613.8
224,1000,320.1771,25,0.5,,0,5,8,1.299,3,1512,0.5807,996.7,906,0,0.022659,1.833531,-21.788338,224000,2626.5
225,1000,380.2193,28,0.56,,0,5,10,1.8708,4,2025,0.6035,864.0,821,0,0.022748,0.823042,-21.345222,225000,2638.5
226,1000,93.2247,16,0.32,,0,1,5,1.7321,0,2731,0.685,729.7,997,0,0.022876,0.772598,-20.960049,226000,2649.9
227,1000,297.2617,23,0.46,,0,4,9,1.9203,3,1839,0.6195,975.8,976,0,0.022765,0.625808,-21.728783,227000,2661.1
228,1000,279.7976,22,0.44,,0,5,7,0.866,3,1827,0.5302,675.2,666,0,0.022688,0.939654,-20.74419,228000,2673.4
229,1000,422.8483,31,0.62,,0,5,10,1.9203,4,1163,0.5483,882.8,832,0,0.022005,0.71916,-21.871346,229000,2684.9
230,1000,384.3082,28,0.56,,0,5,10,1.8708,4,1675,0.6148,896.9,988,0,0.02188,0.910282,-21.660923,230000,2696.3
231,1000,216.4015,20,0.4,,0,5,5,0.0,2,2219,0.6238,952.5,756,0,0.021433,0.845401,-19.770622,231000,2708.4
232,1000,256.334,23,0.46,,0,5,7,0.8292,2,1687,0.687,895.7,798,0,0.021234,1.091647,-21.004345,232000,2720.1
233,1000,389.0179,28,0.56,,0,5,10,2.1213,4,1408,0.5627,869.9,802,0,0.021328,0.708693,-19.575523,233000,2731.6
234,1000,262.3069,21,0.42,,0,5,6,0.433,3,2161,0.6342,874.0,968,0,0.020915,0.687491,-21.487318,234000,2743.5
235,1000,21.5491,10,0.2,,0,1,4,1.118,0,3172,0.725,1064.8,134,0,0.020516,0.68403,-20.085587,235000,2755.1
236,1000,309.4201,24,0.48,,0,5,7,0.7071,3,1357,0.5907,891.1,945,0,0.020904,0.499089,-21.019184,236000,2766.6
237,1000,277.1426,20,0.4,,0,5,5,0.0,3,1334,0.588,907.1,679,0,0.020545,0.79056,-21.390625,237000,2778.5
238,1000,65.1327,14,0.28,,0,2,5,1.118,0,2757,0.7265,998.4,914,0,0.020666,0.990316,-20.556252,238000,2789.8
239,1000,393.8494,30,0.6,,0,5,10,2.0616,4,1514,0.6663,963.1,905,0,0.020518,0.716153,-20.172312,239000,2801.1
240,1000,328.6155,26,0.52,,0,5,10,2.0616,3,1672,0.589,931.5,794,0,0.02043,0.490356,-20.213596,240000,2813.3
241,1000,240.9677,22,0.44,,0,5,7,0.866,2,1593,0.6735,920.6,948,0,0.020884,0.527919,-21.007446,241000,2825.1
242,1000,302.3302,25,0.5,,0,4,8,1.479,3,1901,0.5158,871.2,937,0,0.020541,1.001761,-20.180771,242000,2837.6
243,1000,383.1469,27,0.54,,0,5,10,2.0463,4,887,0.5827,820.7,956,0,0.020356,0.64415,-19.553997,243000,2848.8
244,1000,335.7032,25,0.5,,0,5,8,1.0897,3,750,0.565,770.7,850,0,0.020131,0.595222,-19.810682,244000,2860.2
245,1000,282.0543,22,0.44,,0,5,6,0.5,3,1667,0.625,1008.8,729,0,0.019424,0.764725,-21.096001,245000,2872.3
246,1000,336.5492,27,0.54,,0,5,9,1.7854,3,1558,0.6445,935.0,914,0,0.019403,0.920336,-19.866045,246000,2884.0
247,1000,350.7835,27,0.54,,0,4,9,2.2776,3,908,0.5883,802.5,832,0,0.019411,0.663196,-20.532974,247000,2895.4
248,1000,267.2808,20,0.4,,0,5,5,0.0,3,1677,0.582,879.2,720,0,0.019323,1.649823,-20.014473,248000,2907.2
249,1000,280.3037,23,0.46,,0,2,10,2.8614,2,556,0.3992,664.7,964,0,0.019218,0.598302,-18.786716,249000,2918.3
250,1000,339.1795,24,0.48,,0,4,10,2.3452,4,1711,0.5555,912.9,552,0,0.019133,1.361297,-19.86215,250000,2930.0
251,1000,410.8753,29,0.58,,0,4,10,2.1651,4,734,0.5447,861.6,974,0,0.01905,0.292246,-19.626579,251000,2958.3
252,1000,192.7841,18,0.36,,0,3,6,1.118,2,2216,0.6405,931.9,813,0,0.018705,0.502824,-19.465876,252000,2970.5
253,1000,358.1459,27,0.54,,0,4,9,1.9203,3,525,0.628,954.7,993,0,0.019167,0.950512,-19.365437,253000,2981.3
254,1000,371.3281,26,0.52,,0,5,10,2.0616,4,1301,0.5962,957.6,952,0,0.018412,0.985613,-18.573055,254000,2991.6
255,1000,233.9667,21,0.42,,0,5,6,0.433,2,2030,0.52,716.9,406,0,0.018479,1.042756,-20.87817,255000,3003.6
256,1000,312.6632,25,0.5,,0,5,8,1.299,3,1795,0.6655,1073.5,739,0,0.018562,0.657374,-19.760836,256000,3014.1
257,1000,374.6801,30,0.6,,0,4,10,2.2913,3,1499,0.6312,991.2,997,0,0.018298,1.154896,-19.880999,257000,3026.1
258,1000,271.8133,24,0.48,,0,5,9,1.7321,2,1464,0.5597,858.2,534,0,0.018374,0.466595,-20.123144,258000,3038.5
259,1000,301.4922,24,0.48,,0,5,7,0.7071,3,1829,0.6348,1036.4,705,0,0.018239,0.499648,-19.889479,259000,3050.2
260,1000,240.6449,22,0.44,,0,4,8,1.5,2,1935,0.6175,848.4,950,0,0.01817,1.416284,-17.742741,260000,3061.5
261,1000,229.8347,20,0.4,,0,4,6,0.7071,2,1260,0.5657,778.7,827,0,0.018085,0.967387,-18.457958,261000,3073.6
262,1000,267.1554,23,0.46,,0,5,8,1.299,2,1468,0.535,788.0,764,0,0.017576,0.447678,-18.766693,262000,3084.9
263,1000,356.5306,29,0.58,,0,4,9,2.0463,3,1775,0.5525,928.9,976,0,0.017338,0.485966,-19.333515,263000,3096.8
264,1000,388.451,31,0.62,,0,5,10,1.9203,3,1358,0.6498,928.4,881,0,0.017103,0.49415,-18.921341,264000,3108.8
265,1000,329.5732,22,0.44,,0,5,7,0.866,4,1397,0.574,971.0,826,0,0.016834,1.076777,-18.617197,265000,3120.3
266,1000,226.7129,21,0.42,,0,4,7,1.0897,2,2123,0.4935,773.3,982,0,0.017183,0.93534,-19.104435,266000,3132.1
267,1000,336.1164,26,0.52,,0,5,8,1.5,3,1051,0.5365,784.5,609,0,0.016867,0.8041,-18.275774,267000,3144.0
268,1000,237.8631,20,0.4,,0,4,6,0.7071,2,1610,0.422,706.7,579,0,0.016817,0.979142,-18.275537,268000,3155.2
269,1000,296.0827,23,0.46,,0,5,8,1.299,3,1913,0.5635,807.1,935,0,0.017148,0.600531,-18.898033,269000,3166.8
270,1000,424.5161,31,0.62,,0,4,11,2.4875,4,1168,0.5265,885.9,981,0,0.017222,0.834266,-18.183123,270000,3178.4
271,1000,281.6703,22,0.44,,0,3,7,1.6583,3,1807,0.67,939.9,582,0,0.017024,0.556546,-18.425705,271000,3189.8
272,1000,266.7252,25,0.5,,0,3,10,2.8614,2,2267,0.6725,843.9,450,0,0.017032,0.506362,-17.880283,272000,3202.1
273,1000,361.6468,29,0.58,,0,4,9,2.0463,3,1243,0.6012,879.2,994,0,0.016912,0.949562,-17.628517,273000,3213.7
274,1000,326.1519,26,0.52,,0,4,9,2.0616,3,1385,0.5575,888.7,724,0,0.016959,0.912293,-17.321684,274000,3224.9
275,1000,207.0949,21,0.42,,0,4,8,1.6394,1,1475,0.48,851.9,960,0,0.016527,0.69959,-17.672056,275000,3236.8
276,1000,290.3004,23,0.46,,0,4,7,1.299,3,1933,0.6308,826.5,679,0,0.016492,0.744899,-19.053787,276000,3248.2
277,1000,326.9768,25,0.5,,0,2,9,2.586,3,1012,0.5927,846.8,881,0,0.016622,0.940587,-18.598946,277000,3259.1
278,1000,193.9202,20,0.4,,0,4,6,0.7071,1,1307,0.5225,847.5,729,0,0.016247,0.94913,-18.29826,278000,3271.3
279,1000,214.3251,20,0.4,,0,5,5,0.0,2,2372,0.5875,885.4,969,0,0.015887,0.60725,-17.439926,279000,3283.1
280,1000,327.0549,26,0.52,,0,5,9,1.6583,3,1434,0.567,714.4,965,0,0.01598,1.120238,-17.654154,280000,3295.3
281,1000,239.0536,23,0.46,,0,4,9,1.9203,1,349,0.3608,801.6,710,0,0.016121,0.635249,-17.954292,281000,3307.3
282,1000,160.4098,19,0.38,,0,4,6,0.8292,1,2370,0.5288,637.5,564,0,0.016221,0.794695,-17.199532,282000,3319.0
283,1000,378.7438,28,0.56,,0,5,10,2.1213,4,1659,0.6108,811.2,956,0,0.016122,0.933331,-17.824533,283000,3330.8
284,1000,350.5796,28,0.56,,0,4,9,1.8708,3,1493,0.6673,905.9,656,0,0.015858,0.620477,-16.171597,284000,3342.6
285,1000,359.2202,28,0.56,,0,4,10,2.1213,3,1235,0.6703,993.0,901,0,0.016006,0.748722,-17.763454,285000,3354.2
286,1000,296.6525,27,0.54,,0,4,10,2.3848,2,1658,0.61,839.9,815,0,0.016434,0.971044,-17.033493,286000,3366.4
287,1000,164.6177,18,0.36,,0,3,6,1.118,1,1980,0.5975,688.9,907,0,0.016264,0.552556,-17.357491,287000,3377.7
288,1000,413.2395,30,0.6,,0,5,10,1.8028,4,925,0.56,885.4,941,0,0.016652,0.583574,-18.492317,288000,3388.7
289,1000,253.5495,21,0.42,,0,4,7,1.0897,2,1054,0.5515,754.5,990,0,0.016278,0.672151,-16.813759,289000,3400.4
290,1000,278.027,21,0.42,,0,4,6,0.8292,3,1792,0.5075,864.9,994,0,0.016017,0.99257,-16.857763,290000,3412.1
291,1000,284.1829,23,0.46,,0,4,9,1.9203,3,2196,0.6565,876.7,629,0,0.016057,1.352946,-17.081463,291000,3423.8
292,1000,283.5086,24,0.48,,0,3,10,2.7386,2,918,0.45,755.9,906,0,0.016177,0.684195,-18.015802,292000,3435.4
293,1000,282.6825,23,0.46,,0,5,8,1.299,3,1965,0.4803,696.0,969,0,0.016057,1.02746,-17.294661,293000,3446.8
294,1000,383.811,28,0.56,,0,4,10,2.2361,4,1399,0.614,1015.5,992,0,0.015867,0.880015,-16.373089,294000,3458.6
295,1000,255.0836,22,0.44,,0,3,8,1.8028,2,1370,0.558,762.6,970,0,0.016333,1.282107,-16.486046,295000,3470.6
296,1000,287.0058,25,0.5,,0,4,9,1.9203,2,1189,0.591,734.9,824,0,0.01608,0.639962,-16.463158,296000,3482.2
297,1000,171.6912,19,0.38,,0,4,5,0.433,1,2048,0.582,841.4,711,0,0.016048,0.772766,-16.798279,297000,3493.6
298,1000,402.2212,29,0.58,,0,5,10,2.2776,4,1160,0.6152,887.9,939,0,0.016151,0.749858,-17.799747,298000,3505.1
299,1000,181.8243,17,0.34,,0,3,5,0.8292,2,2037,0.5158,738.3,424,0,0.015938,0.70188,-17.3841,299000,3516.4
300,1000,292.7009,24,0.48,,0,5,8,1.2247,3,1907,0.6475,776.9,984,0,0.01587,0.692143,-17.165888,300000,3528.0
301,1000,183.3711,21,0.42,,0,4,7,1.0897,1,2403,0.63,819.6,641,0,0.015877,0.595087,-17.43755,301000,3556.2
302,1000,211.1869,20,0.4,,0,5,5,0.0,2,2433,0.512,708.1,418,0,0.016096,1.035347,-17.135485,302000,3568.2
303,1000,285.6834,26,0.52,,0,4,9,2.0616,2,1600,0.6535,1009.8,953,0,0.0157,1.234824,-17.39459,303000,3579.7
304,1000,274.7908,22,0.44,,0,5,7,0.866,3,1886,0.6015,766.1,624,0,0.01585,0.449347,-16.772863,304000,3590.4
305,1000,332.0261,26,0.52,,0,4,8,1.5,3,1388,0.5605,796.3,794,0,0.015611,0.5592,-17.987635,305000,3602.3
306,1000,257.831,23,0.46,,0,3,9,2.3848,2,1621,0.6002,746.9,974,0,0.015341,0.593359,-16.925371,306000,3612.4
307,1000,248.0255,22,0.44,,0,2,9,2.6926,2,1589,0.532,741.2,868,0,0.015479,0.915838,-17.761478,307000,3623.5
308,1000,187.6011,16,0.32,,0,2,5,1.2247,2,1167,0.5305,715.3,611,0,0.015438,0.774912,-17.970114,308000,3636.0
309,1000,253.5092,23,0.46,,0,4,7,1.299,2,1899,0.651,972.9,876,0,0.015531,0.729079,-17.673393,309000,3647.5
310,1000,201.6933,20,0.4,,0,4,7,1.2247,1,988,0.402,790.3,972,0,0.015635,1.007545,-17.699776,310000,3659.0
311,1000,296.9035,23,0.46,,0,4,10,2.4875,3,1631,0.566,868.0,804,0,0.015413,0.45939,-16.919888,311000,3671.0
312,1000,294.8872,25,0.5,,0,3,9,2.3848,2,1025,0.449,787.7,924,0,0.015381,0.482311,-17.906618,312000,3682.3
313,1000,340.6843,27,0.54,,0,4,10,2.3848,3,1264,0.6255,921.2,956,0,0.015428,0.952999,-17.667286,313000,3693.7
314,1000,171.5716,17,0.34,,0,3,6,1.0897,1,1073,0.4748,551.7,729,0,0.015464,0.34002,-16.319508,314000,3705.8
315,1000,187.7651,19,0.38,,0,4,6,0.8292,1,1287,0.4848,592.7,355,0,0.015296,1.136616,-17.269039,315000,3717.4
316,1000,309.7996,24,0.48,,0,4,10,2.3452,3,1128,0.585,780.1,951,0,0.015208,0.640833,-17.843735,316000,3729.9
317,1000,266.9072,23,0.46,,0,4,9,1.9203,2,984,0.5288,686.1,977,0,0.01553,0.530638,-17.778507,317000,3741.1
318,1000,277.1401,20,0.4,,0,5,5,0.0,3,1214,0.3907,776.8,755,0,0.015615,1.106623,-15.984326,318000,3752.4
319,1000,213.3058,19,0.38,,0,4,6,0.8292,2,1437,0.5242,740.6,530,0,0.015666,1.770214,-16.3354,319000,3764.3
320,1000,193.8729,18,0.36,,0,4,5,0.5,1,665,0.2943,574.7,163,0,0.015588,0.466348,-17.334892,320000,3775.9
321,1000,213.8718,19,0.38,,0,3,6,1.0897,2,1757,0.478,674.8,566,0,0.015346,0.58104,-17.400101,321000,3787.5
322,1000,104.391,16,0.32,,0,2,5,1.2247,0,2112,0.718,957.3,928,0,0.015542,0.430558,-18.253599,322000,3799.8
323,1000,303.1153,23,0.46,,0,4,8,1.479,3,835,0.4032,822.5,940,0,0.015674,0.757384,-16.897503,323000,3811.2
324,1000,311.6729,24,0.48,,0,5,8,1.2247,3,1517,0.6605,819.2,837,0,0.015696,0.70444,-16.199085,324000,3822.8
325,1000,281.0596,25,0.5,,0,5,9,1.6394,2,1720,0.6903,783.4,967,0,0.015414,0.606864,-17.036814,325000,3835.1
326,1000,189.1173,19,0.38,,0,4,6,0.8292,1,1293,0.4343,669.0,626,0,0.015737,1.288716,-17.589035,326000,3846.4
327,1000,278.7881,22,0.44,,0,5,7,0.866,3,1773,0.6308,808.6,837,0,0.015799,0.420005,-17.336327,327000,3857.8
328,1000,283.6173,22,0.44,,0,3,8,1.8028,3,1385,0.5018,831.2,1000,0,0.01565,1.112319,-16.798855,328000,3870.1
329,1000,386.1529,28,0.56,,0,5,9,1.5811,4,1276,0.6125,837.2,927,0,0.015511,0.450264,-16.772842,329000,3881.1
330,1000,213.6686,20,0.4,,0,4,6,0.7071,2,2194,0.665,682.1,440,0,0.015154,0.711622,-17.01479,330000,3893.4
331,1000,308.165,24,0.48,,0,3,9,2.2361,3,1378,0.59,791.8,995,0,0.01517,1.022305,-17.495483,331000,3904.6
332,1000,368.0216,26,0.52,,0,5,8,1.118,4,1380,0.6565,834.5,673,0,0.015198,0.575032,-16.617577,332000,3915.9
333,1000,268.6587,22,0.44,,0,5,7,0.866,2,587,0.4905,753.0,912,0,0.015183,0.983724,-16.967384,333000,3927.5
334,1000,375.6779,27,0.54,,0,4,10,2.3848,4,1498,0.5583,779.7,958,0,0.014982,1.219584,-16.885876,334000,3938.9
335,1000,200.2465,22,0.44,,0,4,8,1.5,1,2361,0.6973,1069.6,914,0,0.014849,0.635607,-17.233189,335000,3951.4
336,1000,250.6173,22,0.44,,0,4,7,1.118,2,1521,0.6328,712.0,962,0,0.014819,0.520948,-16.218182,336000,3963.7
337,1000,265.3685,24,0.48,,0,4,10,2.4495,2,1573,0.5565,927.2,822,0,0.014782,0.572879,-15.974074,337000,3975.2
338,1000,298.7646,23,0.46,,0,4,7,1.299,3,1367,0.617,732.2,986,0,0.01427,0.525197,-17.804178,338000,3986.4
339,1000,252.3178,22,0.44,,0,5,7,0.866,2,2101,0.637,802.9,882,0,0.014521,0.641762,-16.959497,339000,3998.3
340,1000,303.7541,24,0.48,,0,4,10,2.4495,3,1739,0.628,826.8,844,0,0.014586,0.878875,-17.686211,340000,4009.7
341,1000,188.4946,21,0.42,,0,4,7,1.0897,1,2303,0.6132,837.6,983,0,0.014624,0.763419,-15.64307,341000,4021.1
342,1000,248.3588,24,0.48,,0,5,9,1.7321,1,1135,0.4905,905.7,935,0,0.014411,0.487945,-16.1017,342000,4033.1
343,1000,260.3725,23,0.46,,0,5,7,0.8292,2,1705,0.6125,921.0,905,0,0.014572,1.060991,-16.286432,343000,4045.1
344,1000,265.1772,21,0.42,,0,5,6,0.433,3,2286,0.6777,770.4,553,0,0.014548,0.464939,-16.061003,344000,4056.7
345,1000,389.111,28,0.56,,0,4,10,2.5495,4,1523,0.5563,797.2,817,0,0.014668,0.704518,-15.386048,345000,4068.5
346,1000,264.3343,21,0.42,,0,4,7,1.0897,3,1989,0.6482,804.0,702,0,0.014755,0.842797,-16.222029,346000,4079.7
347,1000,225.1903,21,0.42,,0,3,8,1.7854,2,2187,0.705,951.0,517,0,0.014971,0.523727,-17.330193,347000,4091.8
348,1000,134.5554,16,0.32,,0,2,5,1.2247,1,2161,0.6305,782.7,344,0,0.014637,0.335095,-16.564842,348000,4103.3
349,1000,324.9174,23,0.46,,0,5,7,0.8292,4,1706,0.6633,976.1,942,0,0.014325,0.397252,-15.018425,349000,4115.0
350,1000,391.3487,28,0.56,,0,4,10,2.2361,4,1314,0.54,775.7,963,0,0.014538,0.781113,-15.09501,350000,4126.8
351,1000,259.3055,24,0.48,,0,4,8,1.5811,2,1881,0.6542,795.0,904,0,0.014446,0.473827,-17.416512,351000,4153.4
352,1000,283.5316,24,0.48,,0,5,7,1.0,3,2357,0.6597,903.7,940,0,0.014493,0.516024,-15.143679,352000,4165.6
353,1000,326.7588,25,0.5,,0,5,8,1.299,3,1398,0.4765,778.5,986,0,0.014687,0.557854,-15.876502,353000,4176.8
354,1000,253.9001,23,0.46,,0,4,8,1.479,2,2034,0.6442,923.8,969,0,0.014464,0.723149,-16.473639,354000,4187.4
355,1000,317.5524,23,0.46,,0,5,7,0.8292,4,1874,0.67,847.0,958,0,0.014282,0.996062,-16.384911,355000,4198.8
356,1000,352.2258,28,0.56,,0,4,10,2.2361,3,1116,0.5172,1025.7,962,0,0.014341,0.281504,-15.846674,356000,4208.8
357,1000,340.2826,26,0.52,,0,5,10,2.0616,3,1230,0.4725,723.6,746,0,0.014035,1.00891,-16.257717,357000,4219.9
358,1000,176.0858,18,0.36,,0,4,5,0.5,1,1587,0.5282,742.0,549,0,0.013993,0.682439,-16.623993,358000,4231.8
359,1000,298.8879,24,0.48,,0,4,10,2.3452,2,717,0.4547,785.7,931,0,0.013985,0.342272,-15.605421,359000,4243.2
360,1000,332.5267,25,0.5,,0,4,10,2.2776,3,966,0.6025,874.4,963,0,0.01374,0.513107,-16.240013,360000,4254.4
361,1000,298.8627,24,0.48,,0,5,7,1.0,3,2026,0.5312,747.5,996,0,0.013858,0.230273,-16.131332,361000,4266.4
362,1000,142.0126,16,0.32,,0,3,5,0.7071,1,1591,0.4422,749.8,189,0,0.013818,0.754282,-15.567237,362000,4278.3
363,1000,394.7925,28,0.56,,0,5,10,2.1213,4,994,0.593,810.6,790,0,0.013544,0.540442,-15.492283,363000,4290.2
364,1000,334.8051,26,0.52,,0,4,9,2.0616,3,816,0.6382,861.0,787,0,0.013509,0.393701,-15.064748,364000,4301.3
365,1000,205.7394,21,0.42,,0,4,9,2.1651,1,1292,0.4007,812.1,985,0,0.013064,0.64941,-14.885273,365000,4313.0
366,1000,112.2038,18,0.36,,0,4,5,0.5,0,2579,0.514,668.3,485,0,0.012769,0.467844,-15.435369,366000,4325.3
367,1000,333.5602,26,0.52,,0,4,10,2.2913,3,1281,0.5567,767.3,995,0,0.012914,0.458671,-15.278267,367000,4336.2
368,1000,311.6672,22,0.44,,0,5,6,0.5,4,1952,0.6545,944.1,825,0,0.012897,0.611563,-14.779238,368000,4348.1
369,1000,350.4016,25,0.5,,0,5,7,0.8292,4,1331,0.625,828.8,619,0,0.012612,0.44653,-16.377132,369000,4360.0
370,1000,234.5862,22,0.44,,0,4,8,1.5,2,2013,0.6298,987.0,623,0,0.012689,0.550354,-15.895417,370000,4371.1
371,1000,284.8386,22,0.44,,0,5,7,0.866,3,1907,0.5385,811.2,442,0,0.012656,0.277935,-14.846416,371000,4382.5
372,1000,414.0807,30,0.6,,0,4,14,3.9051,4,1209,0.5825,932.1,977,0,0.012608,0.472949,-15.945559,372000,4394.8
373,1000,172.1764,20,0.4,,0,3,7,1.4142,1,2488,0.567,650.9,858,0,0.012554,0.539603,-15.023636,373000,4406.4
374,1000,300.6556,24,0.48,,0,4,9,1.8708,3,1555,0.5487,766.9,868,0,0.012562,0.547215,-15.662446,374000,4417.9
375,1000,337.9914,24,0.48,,0,5,8,1.2247,4,1666,0.5105,824.7,957,0,0.012457,0.538302,-14.788403,375000,4429.5
376,1000,224.5974,20,0.4,,0,3,7,1.4142,2,1983,0.6462,755.7,969,0,0.012622,0.381656,-15.647051,376000,4441.4
377,1000,347.0883,28,0.56,,0,3,10,3.0822,3,1683,0.606,847.7,877,0,0.013053,0.799827,-16.560474,377000,4452.5
378,1000,234.9791,22,0.44,,0,5,7,0.866,2,2169,0.691,866.9,945,0,0.013075,0.348439,-15.593547,378000,4464.5
379,1000,202.3552,22,0.44,,0,5,7,0.866,1,2236,0.5875,951.9,932,0,0.013119,0.499141,-15.784313,379000,4476.0
380,1000,319.2659,28,0.56,,0,4,10,2.5495,2,1478,0.4938,886.4,988,0,0.013138,0.504189,-16.382864,380000,4488.0
381,1000,235.8842,21,0.42,,0,5,6,0.433,2,2008,0.4943,714.7,757,0,0.012824,0.953493,-16.955181,381000,4499.8
382,1000,191.1752,18,0.36,,0,3,6,1.118,1,962,0.54,698.9,592,0,0.012988,0.917836,-16.246365,382000,4511.7
383,1000,193.293,18,0.36,,0,4,5,0.5,2,2006,0.4612,815.6,356,0,0.013062,0.711993,-15.249329,383000,4523.7
384,1000,258.1858,22,0.44,,0,4,7,1.5,2,1268,0.5443,813.9,648,0,0.012943,0.543203,-16.536785,384000,4535.4
385,1000,343.43,27,0.54,,0,5,8,1.0897,3,1214,0.5713,853.1,930,0,0.012527,0.360106,-15.642755,385000,4546.6
386,1000,194.8643,21,0.42,,0,4,7,1.0897,1,2097,0.5693,820.1,466,0,0.012435,0.369419,-16.026329,386000,4558.8
387,1000,260.8193,22,0.44,,0,5,7,0.866,2,1187,0.5483,825.5,706,0,0.012422,2.176138,-16.09927,387000,4569.8
388,1000,330.4235,26,0.52,,0,4,8,1.6583,3,1234,0.6875,942.6,913,0,0.012233,0.427116,-16.010597,388000,4581.5
389,1000,276.4759,23,0.46,,0,4,7,1.299,2,954,0.4865,777.0,842,0,0.012291,0.551121,-15.012642,389000,4594.0
390,1000,333.4561,26,0.52,,0,5,9,1.6583,3,1157,0.4875,799.3,854,0,0.012313,0.464797,-15.346724,390000,4605.5
391,1000,302.4357,25,0.5,,0,5,8,1.299,3,2242,0.663,899.6,629,0,0.012466,0.391512,-15.626497,391000,4617.4
392,1000,251.7293,21,0.42,,0,4,6,0.8292,2,1169,0.5202,737.6,448,0,0.012339,0.614147,-15.217874,392000,4629.6
393,1000,372.6525,28,0.56,,0,5,10,2.1213,4,1732,0.6022,971.6,630,0,0.012306,0.490549,-16.225624,393000,4641.0
394,1000,192.0028,19,0.38,,0,4,6,0.8292,1,1419,0.4522,633.1,730,0,0.012277,0.30814,-15.499808,394000,4652.9
395,1000,324.8336,25,0.5,,0,4,10,2.2776,3,1508,0.6128,896.7,990,0,0.012539,0.652956,-15.664679,395000,4663.9
396,1000,316.5059,25,0.5,,0,4,7,1.299,3,1231,0.483,798.7,857,0,0.012671,0.394262,-15.99049,396000,4674.9
397,1000,439.6033,30,0.6,,0,5,10,2.5,5,1598,0.569,801.0,997,0,0.012713,0.678231,-16.747696,397000,4686.5
398,1000,179.9857,19,0.38,,0,3,7,1.479,1,1830,0.6048,998.9,677,0,0.01284,0.345033,-15.873006,398000,4697.4
399,1000,182.4183,18,0.36,,0,4,5,0.5,2,2415,0.6663,889.5,423,0,0.012439,0.348366,-14.081678,399000,4708.6
400,1000,136.3898,17,0.34,,0,3,5,0.8292,1,2765,0.534,870.0,204,0,0.012449,0.440583,-14.551331,400000,4720.6
401,1000,286.6155,25,0.5,,0,4,10,2.2776,2,1318,0.515,730.5,845,0,0.012367,0.816233,-15.48233,401000,4749.0
402,1000,289.044,24,0.48,,0,4,8,1.5811,3,2044,0.6038,962.5,786,0,0.012833,0.25019,-16.042688,402000,4761.2
403,1000,186.4843,19,0.38,,0,3,6,1.0897,1,1741,0.3503,706.1,302,0,0.012702,0.406996,-16.536705,403000,4772.6
404,1000,214.3199,18,0.36,,0,3,5,0.866,2,1520,0.4442,694.7,818,0,0.012803,0.556992,-15.718121,404000,4784.4
405,1000,160.6544,18,0.36,,0,3,5,0.866,1,2027,0.542,752.5,725,0,0.012883,0.738672,-15.794875,405000,4795.7
406,1000,266.1564,24,0.48,,0,4,8,1.5811,2,1787,0.5115,752.3,942,0,0.012612,0.608407,-15.760876,406000,4806.6
407,1000,255.177,21,0.42,,0,4,8,1.6394,2,552,0.399,673.1,748,0,0.012529,0.601113,-17.102947,407000,4818.3
408,1000,175.303,19,0.38,,0,4,6,0.8292,1,1860,0.5437,839.5,860,0,0.012627,0.35095,-15.268673,408000,4829.7
409,1000,329.535,26,0.52,,0,4,10,2.2913,3,1346,0.4542,872.7,987,0,0.012429,0.451879,-15.698332,409000,4841.8
410,1000,309.0874,24,0.48,,0,5,9,1.7321,3,1220,0.4452,780.3,824,0,0.012522,0.519719,-15.899578,410000,4853.6
411,1000,268.5061,24,0.48,,0,4,9,2.1213,2,1384,0.4595,735.4,955,0,0.012586,0.383251,-15.640686,411000,4864.8
412,1000,267.9493,24,0.48,,0,5,9,1.7321,2,1629,0.4725,713.2,975,0,0.012865,0.297649,-15.977514,412000,4876.2
413,1000,250.8961,21,0.42,,0,4,7,1.0897,2,1171,0.4978,817.2,996,0,0.012842,0.508948,-16.604719,413000,4888.5
414,1000,221.6855,23,0.46,,0,4,9,1.9203,1,1842,0.4943,729.8,918,0,0.012872,0.474842,-16.31283,414000,4899.6
415,1000,219.0071,21,0.42,,0,4,8,1.6394,1,718,0.5563,680.1,988,0,0.012572,0.476999,-16.900982,415000,4910.6
416,1000,365.4394,29,0.58,,0,4,10,2.1651,3,1182,0.6268,854.8,909,0,0.01252,0.54089,-15.908989,416000,4922.2
417,1000,292.3577,24,0.48,,0,4,12,3.4641,2,693,0.4335,814.3,962,0,0.012471,0.215849,-15.40554,417000,4933.2
418,1000,227.1395,21,0.42,,0,2,9,2.4875,1,732,0.3625,596.6,664,0,0.012524,0.503352,-15.630151,418000,4944.3
419,1000,267.3687,23,0.46,,0,4,9,1.9203,2,1256,0.5753,727.8,720,0,0.01253,0.598976,-16.539715,419000,4955.5
420,1000,274.6844,23,0.46,,0,5,7,0.8292,2,1154,0.4928,840.3,987,0,0.012411,0.423306,-16.709244,420000,4967.7
421,1000,233.8436,20,0.4,,0,3,7,1.5811,2,973,0.3917,821.7,972,0,0.012686,0.381992,-16.069498,421000,4979.1
422,1000,297.6281,24,0.48,,0,4,10,2.4495,3,1809,0.6478,862.8,986,0,0.012676,0.519811,-16.005829,422000,4990.9
423,1000,252.1187,22,0.44,,0,3,8,1.8028,2,1512,0.581,899.5,847,0,0.013001,0.571827,-15.741171,423000,5002.4
424,1000,264.4,24,0.48,,0,4,8,1.5811,2,1896,0.598,688.7,767,0,0.012728,1.030566,-16.248093,424000,5013.9
425,1000,278.0502,23,0.46,,0,4,9,1.9203,2,716,0.485,798.2,948,0,0.01281,1.052572,-16.308722,425000,5025.2
426,1000,308.1365,25,0.5,,0,5,8,1.299,3,2185,0.661,734.2,931,0,0.01267,0.709456,-15.943154,426000,5037.2
427,1000,151.5744,17,0.34,,0,2,5,1.299,1,2011,0.3573,652.7,648,0,0.012621,0.501223,-15.54039,427000,5049.0
428,1000,190.5008,19,0.38,,0,4,5,0.433,1,1596,0.3555,682.0,336,0,0.012686,0.750725,-16.089268,428000,5060.4
429,1000,327.3152,25,0.5,,0,4,8,1.479,3,994,0.5773,871.4,979,0,0.012881,0.898927,-16.19953,429000,5072.3
430,1000,298.0877,22,0.44,,0,5,7,0.866,3,1121,0.4993,693.4,624,0,0.012953,0.362899,-16.155857,430000,5083.9
431,1000,304.4411,24,0.48,,0,3,9,2.1213,3,1465,0.6305,834.4,849,0,0.012923,0.611294,-15.57689,431000,5095.5
432,1000,196.2766,20,0.4,,0,4,7,1.2247,1,1505,0.465,668.1,859,0,0.013064,0.510222,-16.194099,432000,5107.1
433,1000,331.7143,27,0.54,,0,3,9,2.2776,3,1712,0.6538,978.6,851,0,0.01343,0.582269,-15.421619,433000,5118.6
434,1000,408.7492,30,0.6,,0,6,10,1.5,4,1802,0.6595,857.7,929,0,0.013303,0.312082,-15.368738,434000,5130.1
435,1000,407.7069,30,0.6,,0,5,10,2.5,4,1448,0.669,857.0,989,0,0.013595,0.51352,-15.177863,435000,5141.6
436,1000,153.1241,17,0.34,,0,3,5,0.8292,1,1883,0.4835,866.8,328,0,0.01307,0.454524,-14.810314,436000,5153.5
437,1000,192.2684,20,0.4,,0,2,8,2.1213,1,1993,0.5787,756.5,817,0,0.013124,0.273556,-14.257271,437000,5166.1
438,1000,294.3249,22,0.44,,0,5,7,0.866,3,1533,0.5807,777.0,364,0,0.013198,0.340595,-15.816797,438000,5178.5
439,1000,249.5367,22,0.44,,0,4,7,1.118,2,1555,0.6342,933.0,712,0,0.013529,0.348425,-14.747692,439000,5190.5
440,1000,334.3699,24,0.48,,0,5,8,1.2247,4,1936,0.6415,925.5,972,0,0.013198,0.641862,-15.351931,440000,5202.4
441,1000,229.0137,20,0.4,,0,5,5,0.0,2,1934,0.5683,914.4,680,0,0.013251,0.336273,-15.910162,441000,5213.9
442,1000,251.0614,22,0.44,,0,4,8,1.5,2,1144,0.4688,709.4,995,0,0.013545,0.250584,-15.277943,442000,5224.9
443,1000,213.1376,21,0.42,,0,5,6,0.433,1,1775,0.5095,660.9,1000,0,0.013751,0.560015,-16.159618,443000,5236.9
444,1000,383.6795,27,0.54,,0,4,10,2.3848,4,940,0.4665,749.9,953,0,0.013647,0.879988,-15.273035,444000,5248.2
445,1000,195.415,18,0.36,,0,2,6,1.5,2,2288,0.6265,744.4,789,0,0.013771,0.482325,-16.249226,445000,5259.8
446,1000,204.1271,18,0.36,,0,3,6,1.118,2,1749,0.5992,911.1,819,0,0.013708,0.649649,-15.833592,446000,5271.4
447,1000,321.2566,24,0.48,,0,4,9,1.8708,3,855,0.5517,657.7,732,0,0.013768,0.367316,-14.45861,447000,5282.5
448,1000,325.0745,26,0.52,,0,5,8,1.118,3,1900,0.623,895.2,954,0,0.01384,0.640674,-15.342432,448000,5294.4
449,1000,342.2354,28,0.56,,0,4,10,2.1213,3,1596,0.5323,829.1,991,0,0.013661,0.488135,-15.484252,449000,5305.6
450,1000,304.6916,27,0.54,,0,4,10,2.3848,2,1501,0.6697,964.5,987,0,0.013533,0.735599,-15.712954,450000,5317.5
451,1000,341.1494,27,0.54,,0,5,9,1.479,3,1617,0.6683,919.3,900,0,0.013483,0.438418,-15.165025,451000,5345.6
452,1000,349.5462,28,0.56,,0,4,10,3.0,3,1801,0.5323,868.3,688,0,0.013528,0.328921,-15.506773,452000,5357.0
453,1000,403.6399,29,0.58,,0,3,10,2.9475,4,1180,0.576,830.3,990,0,0.01361,0.781966,-16.100313,453000,5368.3
454,1000,375.4442,26,0.52,,0,5,9,1.5,4,1429,0.672,1006.4,930,0,0.013761,0.387266,-15.200321,454000,5379.7
455,1000,154.2878,18,0.36,,0,3,5,0.866,1,2728,0.6723,962.8,997,0,0.013489,0.484797,-14.991405,455000,5391.5
456,1000,189.5889,21,0.42,,0,4,7,1.0897,1,2139,0.5477,833.0,897,0,0.013483,0.313151,-15.742831,456000,5403.3
457,1000,388.6716,28,0.56,,0,5,10,2.1213,4,1471,0.5857,826.5,555,0,0.013291,0.552436,-14.887231,457000,5412.3
458,1000,187.674,21,0.42,,0,4,7,1.0897,1,2345,0.6567,746.3,759,0,0.013409,0.401287,-15.065718,458000,5423.8
459,1000,200.3627,20,0.4,,0,3,7,1.4142,1,1547,0.485,747.9,722,0,0.013413,0.727169,-15.362471,459000,5435.5
460,1000,337.4535,27,0.54,,0,5,10,2.0463,3,1991,0.576,949.2,794,0,0.01379,0.429018,-15.284764,460000,5446.9
461,1000,204.2109,21,0.42,,0,4,7,1.0897,1,2076,0.6158,770.8,865,0,0.013479,0.341779,-15.531298,461000,5458.4
462,1000,144.663,18,0.36,,0,4,5,0.5,0,1563,0.5495,719.0,888,0,0.013572,0.353066,-15.427091,462000,5470.0
463,1000,335.9069,24,0.48,,0,5,7,1.0,4,1861,0.5955,871.8,969,0,0.014081,0.343196,-15.650507,463000,5481.5
464,1000,331.6985,26,0.52,,0,4,9,2.0616,3,1212,0.5455,713.4,914,0,0.013978,0.336877,-15.395164,464000,5493.6
465,1000,203.6095,20,0.4,,0,5,5,0.0,1,1492,0.4823,818.4,754,0,0.013868,0.626782,-15.843449,465000,5504.9
466,1000,406.8741,30,0.6,,0,5,9,1.5,4,1168,0.6725,930.3,714,0,0.013986,0.292582,-15.379902,466000,5516.6
467,1000,366.0162,29,0.58,,0,4,10,2.3848,3,1185,0.5667,993.4,946,0,0.013814,0.598005,-15.849265,467000,5529.6
468,1000,330.1491,27,0.54,,0,5,9,1.7854,3,1766,0.6505,906.0,702,0,0.013797,0.841433,-14.950998,468000,5541.9
469,1000,70.7919,14,0.28,,0,1,5,1.6583,0,3031,0.636,854.7,320,0,0.013628,0.290115,-15.349833,469000,5555.4
470,1000,284.96,25,0.5,,0,4,8,1.7854,2,1301,0.52,751.0,981,0,0.013317,0.406682,-14.755553,470000,5566.9
471,1000,305.7445,26,0.52,,0,4,9,2.0616,2,503,0.4377,749.0,554,0,0.0135,0.555931,-15.272768,471000,5578.3
472,1000,268.2736,24,0.48,,0,3,8,2.1213,2,1330,0.64,826.1,727,0,0.013641,0.792846,-15.273571,472000,5590.3
473,1000,297.4201,23,0.46,,0,4,10,2.4875,3,1260,0.4718,699.7,882,0,0.013674,0.472723,-14.573247,473000,5602.4
474,1000,377.0811,28,0.56,,0,5,10,2.1213,4,1659,0.6933,827.4,960,0,0.013837,0.551073,-15.382942,474000,5614.3
475,1000,354.439,28,0.56,,0,5,10,2.1213,3,1525,0.6885,898.4,919,0,0.013551,0.869173,-15.781325,475000,5626.3
476,1000,323.0309,26,0.52,,0,4,8,1.6583,3,1621,0.5192,811.5,997,0,0.013501,0.456488,-13.975533,476000,5638.1
477,1000,298.4744,26,0.52,,0,3,9,2.5981,2,1417,0.3932,780.2,989,0,0.01354,0.336627,-14.940152,477000,5649.5
478,1000,331.7091,29,0.58,,0,4,10,2.7726,2,1460,0.632,848.2,957,0,0.013447,0.470464,-14.359733,478000,5660.6
479,1000,391.0447,29,0.58,,0,5,9,1.7854,4,1628,0.6485,795.5,977,0,0.013663,0.336996,-15.779715,479000,5671.9
480,1000,237.7412,22,0.44,,0,3,8,2.0616,2,1762,0.608,787.0,846,0,0.013537,0.39437,-14.516519,480000,5684.2
481,1000,162.0639,18,0.36,,0,4,5,0.5,1,1727,0.4218,830.7,479,0,0.013568,1.155294,-14.406327,481000,5695.5
482,1000,394.1307,31,0.62,,0,4,10,2.4875,3,868,0.4675,907.1,859,0,0.013689,0.488503,-15.187044,482000,5706.9
483,1000,347.5061,27,0.54,,0,4,10,2.7726,3,698,0.4915,811.4,567,0,0.013932,0.305023,-14.696683,483000,5718.8
484,1000,327.2003,26,0.52,,0,3,11,3.5707,3,1494,0.5653,939.3,859,0,0.014087,0.496125,-15.329385,484000,5730.3
485,1000,344.475,27,0.54,,0,4,9,2.2776,3,1108,0.5915,969.0,875,0,0.013819,0.551304,-14.074211,485000,5741.7
486,1000,370.4594,30,0.6,,0,3,10,2.6926,3,1169,0.6012,911.0,865,0,0.013831,0.742267,-14.100914,486000,5753.6
487,1000,287.4061,25,0.5,,0,4,8,1.7854,2,1390,0.66,933.5,891,0,0.01387,0.386605,-14.510258,487000,5764.8
488,1000,390.5008,27,0.54,,0,4,10,2.3848,4,771,0.4708,868.8,876,0,0.013745,0.369117,-14.327079,488000,5776.1
489,1000,337.4067,27,0.54,,0,4,10,2.3848,3,1546,0.5585,705.9,979,0,0.01375,0.472608,-14.2274,489000,5788.0
490,1000,382.0675,30,0.6,,0,5,10,1.8028,4,2215,0.648,844.1,991,0,0.013835,0.259059,-14.201609,490000,5799.8
491,1000,252.4389,22,0.44,,0,3,8,2.0616,2,1119,0.6577,923.4,640,0,0.014056,1.067448,-14.445656,491000,5811.4
492,1000,217.5889,19,0.38,,0,4,5,0.433,2,1820,0.5312,687.3,801,0,0.014366,0.440513,-13.523237,492000,5823.4
493,1000,257.4367,21,0.42,,0,5,6,0.433,3,2343,0.6465,932.5,553,0,0.014157,0.54009,-14.189535,493000,5835.0
494,1000,299.5663,26,0.52,,0,4,9,2.0616,2,1235,0.4758,760.4,961,0,0.014129,0.748152,-14.511629,494000,5847.3
495,1000,239.4462,21,0.42,,0,5,6,0.433,2,1502,0.668,902.6,998,0,0.014079,0.365176,-14.887665,495000,5858.5
496,1000,230.7505,23,0.46,,0,4,9,1.9203,1,1070,0.62,797.4,795,0,0.014014,0.466061,-13.437734,496000,5870.1
497,1000,224.2078,20,0.4,,0,4,7,1.2247,2,1562,0.477,592.0,915,0,0.013823,0.411202,-15.234589,497000,5882.1
498,1000,132.9347,18,0.36,,0,3,5,0.866,0,2205,0.4978,746.0,977,0,0.013945,0.593621,-14.702465,498000,5893.5
499,1000,328.7788,25,0.5,,0,5,10,2.1651,3,1490,0.5875,920.9,792,0,0.013762,0.354476,-14.779445,499000,5905.2
500,1000,173.79,18,0.36,,0,2,7,1.8028,1,1509,0.5212,779.6,646,0,0.013666,0.494804,-14.341964,500000,5916.6
501,1000,296.467,23,0.46,,0,3,10,2.586,3,1455,0.4933,834.0,733,0,0.013908,0.266966,-15.255987,501000,5942.7
502,1000,231.7982,23,0.46,,0,5,8,1.299,1,1416,0.4477,884.9,626,0,0.01353,0.4898,-15.264692,502000,5954.5
503,1000,220.5482,19,0.38,,0,4,6,0.8292,2,1316,0.5835,672.5,994,0,0.013558,0.524257,-15.019818,503000,5965.8
504,1000,181.502,19,0.38,,0,4,6,0.8292,1,1380,0.3448,576.8,848,0,0.013705,0.46234,-15.552492,504000,5977.2
505,1000,320.307,25,0.5,,0,3,10,2.586,3,1063,0.473,647.9,1000,0,0.01374,0.669329,-14.939215,505000,5989.1
506,1000,230.5511,22,0.44,,0,5,7,0.866,2,2289,0.696,742.3,964,0,0.013656,0.640404,-15.626406,506000,6000.3
507,1000,193.7466,20,0.4,,0,3,7,1.4142,1,1749,0.6082,785.4,920,0,0.013882,0.729635,-14.900941,507000,6010.0
508,1000,251.5406,22,0.44,,0,3,9,2.1794,2,1499,0.4353,745.0,954,0,0.01403,0.397026,-15.764901,508000,6020.7
509,1000,310.4525,24,0.48,,0,3,9,2.2361,3,1268,0.578,951.1,990,0,0.014196,0.394437,-14.792324,509000,6031.9
510,1000,309.857,25,0.5,,0,4,8,1.7854,3,1505,0.5857,872.3,843,0,0.013951,0.779691,-14.820227,510000,6043.0
511,1000,299.8533,25,0.5,,0,4,9,1.7854,3,2091,0.6232,999.5,640,0,0.013861,0.329183,-15.419169,511000,6055.5
512,1000,107.5039,16,0.32,,0,3,5,0.7071,0,1693,0.54,612.1,794,0,0.013823,0.606453,-15.95781,512000,6067.3
513,1000,156.3553,17,0.34,,0,3,6,1.0897,1,1840,0.4755,705.8,973,0,0.014491,0.323724,-15.573401,513000,6080.1
514,1000,199.9646,16,0.32,,0,1,5,1.7321,3,2326,0.614,869.4,908,0,0.014339,0.395118,-15.38435,514000,6092.0
515,1000,165.6199,17,0.34,,0,3,6,1.0897,1,1391,0.5845,646.1,997,0,0.014385,0.491264,-14.936016,515000,6103.7
516,1000,240.8291,21,0.42,,0,4,8,1.6394,2,1493,0.533,841.1,509,0,0.014304,0.261661,-14.889626,516000,6116.6
517,1000,355.5717,29,0.58,,0,4,10,2.3848,3,1732,0.6613,960.9,785,0,0.014388,0.421627,-15.503069,517000,6128.3
518,1000,304.3559,25,0.5,,0,3,10,2.4875,3,2005,0.6502,747.4,838,0,0.014554,0.354946,-15.579968,518000,6140.2
519,1000,152.2138,15,0.3,,0,1,5,1.6394,2,2330,0.5285,638.9,369,0,0.014411,0.994461,-16.216339,519000,6153.2
520,1000,333.2363,26,0.52,,0,3,9,2.1794,3,980,0.5403,646.2,921,0,0.014401,0.479559,-16.821951,520000,6165.7
521,1000,239.9582,21,0.42,,0,4,6,0.8292,2,1738,0.622,813.6,689,0,0.014164,0.955552,-14.726468,521000,6178.8
522,1000,222.6469,20,0.4,,0,4,6,0.7071,2,1999,0.4632,787.0,558,0,0.014176,0.504268,-15.307023,522000,6190.1
523,1000,64.0811,14,0.28,,0,2,5,1.118,0,3012,0.7208,940.2,844,0,0.014333,0.384496,-14.015979,523000,6201.9
524,1000,204.5029,19,0.38,,0,4,5,0.433,2,1911,0.6603,812.0,553,0,0.014376,0.618871,-15.621576,524000,6214.0
525,1000,221.6628,21,0.42,,0,4,7,1.0897,2,1912,0.59,753.7,972,0,0.014683,0.391054,-14.813317,525000,6225.7
526,1000,220.4649,19,0.38,,0,4,5,0.433,2,1767,0.5317,810.4,772,0,0.014727,0.444965,-15.256208,526000,6237.3
527,1000,234.4277,21,0.42,,0,4,7,1.0897,2,1589,0.6138,782.3,867,0,0.014478,0.654096,-14.952375,527000,6249.3
528,1000,294.8463,23,0.46,,0,5,7,0.8292,3,1807,0.5995,825.2,853,0,0.014515,0.578065,-15.072354,528000,6260.3
529,1000,269.6063,23,0.46,,0,4,9,2.0463,2,938,0.4358,783.5,962,0,0.014375,0.235943,-16.772282,529000,6272.0
530,1000,107.8204,17,0.34,,0,4,5,0.433,0,2386,0.5865,673.8,179,0,0.014455,0.452298,-16.030804,530000,6284.4
531,1000,176.3435,18,0.36,,0,4,5,0.5,1,1116,0.5092,733.1,537,0,0.014499,0.428728,-15.386589,531000,6295.8
532,1000,178.5735,20,0.4,,0,5,5,0.0,0,795,0.6765,656.9,604,0,0.014446,0.291597,-15.678645,532000,6307.3
533,1000,265.0369,23,0.46,,0,5,7,0.8292,2,1664,0.5218,767.1,946,0,0.014362,0.56433,-16.293804,533000,6319.4
534,1000,174.4309,19,0.38,,0,4,5,0.433,1,2104,0.542,863.2,795,0,0.014503,0.66587,-16.8815,534000,6331.5
535,1000,347.7211,29,0.58,,0,5,8,1.299,3,1857,0.6395,866.8,833,0,0.014443,0.322171,-16.856205,535000,6343.3
536,1000,212.6691,19,0.38,,0,3,7,1.479,2,1867,0.598,818.9,934,0,0.014912,0.522387,-15.939701,536000,6355.0
537,1000,242.0209,23,0.46,,0,4,7,1.299,2,2169,0.535,827.7,880,0,0.015039,0.564844,-15.790121,537000,6366.5
538,1000,300.5379,25,0.5,,0,4,8,1.479,3,1965,0.6285,953.4,717,0,0.015387,0.508359,-15.643586,538000,6378.5
539,1000,152.7337,18,0.36,,0,4,5,0.5,1,2413,0.556,746.5,721,0,0.014796,0.447036,-15.424571,539000,6390.5
540,1000,182.1602,19,0.38,,0,3,6,1.0897,1,1874,0.4815,647.4,637,0,0.014487,0.461661,-15.868676,540000,6403.2
541,1000,288.1339,24,0.48,,0,5,8,1.2247,3,2247,0.6567,795.4,609,0,0.014842,0.514224,-15.99807,541000,6416.6
542,1000,316.9097,26,0.52,,0,5,9,1.6583,3,1807,0.6677,903.8,873,0,0.014686,0.588595,-16.543125,542000,6428.5
543,1000,179.7478,20,0.4,,0,4,7,1.2247,1,2060,0.6165,612.9,834,0,0.01482,0.407282,-15.965183,543000,6440.8
544,1000,237.7536,22,0.44,,0,3,10,2.6926,2,1935,0.5423,792.4,829,0,0.014787,0.47536,-15.698311,544000,6452.2
545,1000,318.4747,25,0.5,,0,5,7,0.8292,3,1555,0.5633,838.6,921,0,0.014732,0.866871,-14.973774,545000,6463.2
546,1000,248.8505,21,0.42,,0,4,8,1.6394,2,1040,0.5787,709.7,790,0,0.014815,0.443853,-15.818157,546000,6474.9
547,1000,104.873,17,0.34,,0,4,5,0.433,0,2603,0.7295,932.5,738,0,0.01478,0.536582,-15.723693,547000,6486.4
548,1000,158.4668,17,0.34,,0,2,6,1.479,1,1661,0.5952,847.4,906,0,0.014842,0.47401,-15.698244,548000,6498.2
549,1000,245.0213,21,0.42,,0,3,10,2.7726,2,859,0.5427,710.8,514,0,0.015176,0.378135,-14.908124,549000,6510.3
550,1000,307.4356,26,0.52,,0,5,8,1.118,3,1856,0.6122,779.7,897,0,0.015116,0.316832,-15.102246,550000,6521.7
551,1000,215.3082,20,0.4,,0,4,7,1.2247,2,2040,0.6125,738.7,547,0,0.015149,0.351845,-14.457907,551000,6550.0
552,1000,185.8177,18,0.36,,0,2,6,1.5,1,1254,0.636,703.3,885,0,0.015016,0.438,-15.652029,552000,6561.8
553,1000,152.5897,17,0.34,,0,4,5,0.433,1,1903,0.5152,584.8,370,0,0.014719,0.365495,-15.294243,553000,6574.0
554,1000,91.666,15,0.3,,0,2,5,1.0897,0,2201,0.6232,749.1,539,0,0.014483,0.731205,-16.110905,554000,6585.4
555,1000,162.7571,18,0.36,,0,1,7,2.1794,1,1977,0.495,727.1,982,0,0.014265,0.489584,-15.113684,555000,6596.8
556,1000,185.3199,19,0.38,,0,4,5,0.433,1,1623,0.554,679.0,851,0,0.014339,0.304635,-15.221687,556000,6608.2
557,1000,152.9881,18,0.36,,0,4,5,0.5,1,2575,0.5205,728.6,229,0,0.014328,0.502935,-15.1959,557000,6618.2
558,1000,134.3243,17,0.34,,0,4,5,0.433,0,1342,0.6165,630.4,650,0,0.014101,0.9758,-15.43692,558000,6629.9
559,1000,242.822,22,0.44,,0,4,8,1.6583,2,1550,0.6368,801.2,783,0,0.014144,0.627438,-15.710852,559000,6642.4
560,1000,305.3973,23,0.46,,0,2,9,2.586,3,1304,0.5697,904.1,947,0,0.013765,0.317958,-14.709532,560000,6653.8
561,1000,185.9824,19,0.38,,0,4,6,0.8292,1,1684,0.4328,749.7,523,0,0.013553,0.363098,-15.608051,561000,6664.9
562,1000,258.0232,22,0.44,,0,4,8,1.5,2,1238,0.5152,827.6,919,0,0.013464,0.644999,-15.52117,562000,6677.1
563,1000,158.5061,18,0.36,,0,4,6,0.866,1,1971,0.556,762.7,976,0,0.013467,0.377566,-16.365938,563000,6688.3
564,1000,268.0176,24,0.48,,0,4,10,2.3452,2,1790,0.5413,827.4,783,0,0.013341,0.508236,-14.952375,564000,6699.5
565,1000,295.9188,26,0.52,,0,4,10,2.2913,2,1517,0.625,973.8,940,0,0.013335,0.240977,-15.478746,565000,6711.3
566,1000,217.2494,21,0.42,,0,3,9,2.2776,1,729,0.478,640.8,812,0,0.013266,0.683118,-15.767046,566000,6722.1
567,1000,329.2217,27,0.54,,0,5,8,1.0897,3,1761,0.6242,754.4,919,0,0.013205,0.306001,-14.647729,567000,6733.6
568,1000,310.5311,25,0.5,,0,5,8,1.299,3,1848,0.5975,1051.4,881,0,0.013091,0.442275,-14.851418,568000,6745.6
569,1000,243.6463,22,0.44,,0,3,8,2.0616,2,1508,0.5115,768.7,826,0,0.013049,0.430016,-14.433249,569000,6757.2
570,1000,255.9019,21,0.42,,0,4,8,1.6394,2,401,0.4462,650.8,660,0,0.0132,0.687176,-14.900482,570000,6768.1
571,1000,102.8803,13,0.26,,0,1,5,1.7854,1,2404,0.317,605.2,830,0,0.013225,0.906147,-15.362972,571000,6779.6
572,1000,127.0788,15,0.3,,0,2,5,1.0897,1,2183,0.4542,652.6,677,0,0.013207,0.358418,-15.096874,572000,6791.7
573,1000,197.0375,20,0.4,,0,3,10,2.9155,1,1545,0.548,671.9,797,0,0.013433,1.095604,-14.783636,573000,6803.2
574,1000,234.8033,22,0.44,,0,3,9,2.2913,2,2105,0.5827,686.3,611,0,0.013356,0.347508,-15.867319,574000,6815.0
575,1000,198.2216,17,0.34,,0,3,5,0.8292,2,1290,0.4022,695.6,764,0,0.013035,0.389968,-14.686525,575000,6827.0
576,1000,132.4009,15,0.3,,0,2,5,1.299,1,2140,0.4432,674.1,204,0,0.013094,0.571782,-16.001621,576000,6838.5
577,1000,243.9553,21,0.42,,0,3,7,1.479,2,1348,0.6355,661.9,794,0,0.012961,0.401064,-15.235281,577000,6850.2
578,1000,252.1388,22,0.44,,0,2,10,3.2016,2,1554,0.5425,727.9,959,0,0.012852,0.337174,-15.591051,578000,6862.0
579,1000,282.6666,25,0.5,,0,4,10,2.4875,2,1481,0.605,825.6,971,0,0.012593,0.296711,-14.575466,579000,6873.6
580,1000,91.2453,16,0.32,,0,4,4,0.0,0,2669,0.7165,852.7,969,0,0.012497,0.375788,-15.042902,580000,6887.2
581,1000,169.6021,17,0.34,,0,3,5,0.8292,1,1298,0.4682,663.5,562,0,0.012379,0.472772,-16.305965,581000,6898.6
582,1000,249.362,22,0.44,,0,4,8,1.5,2,1420,0.499,636.7,584,0,0.012085,0.318343,-15.841947,582000,6910.4
583,1000,140.7312,17,0.34,,0,4,5,0.433,0,1185,0.4343,617.2,348,0,0.01224,0.549599,-15.128342,583000,6922.5
584,1000,130.9928,16,0.32,,0,3,5,0.7071,0,487,0.322,634.1,742,0,0.01206,0.440789,-14.597166,584000,6933.5
585,1000,115.6609,16,0.32,,0,4,4,0.0,0,941,0.3738,629.5,252,0,0.012112,0.403137,-14.976905,585000,6944.6
586,1000,221.1783,19,0.38,,0,4,6,0.8292,2,1159,0.4845,747.5,896,0,0.011925,0.352193,-15.219496,586000,6956.9
587,1000,293.092,23,0.46,,0,4,9,1.9203,3,1566,0.5717,953.1,842,0,0.011978,0.480443,-15.202496,587000,6968.4
588,1000,194.6793,20,0.4,,0,4,8,1.7321,1,1380,0.5978,706.5,571,0,0.012007,0.574763,-14.799419,588000,6979.8
589,1000,216.9268,18,0.36,,0,3,5,0.866,2,1174,0.5567,655.7,980,0,0.011682,0.397371,-15.456256,589000,6991.9
590,1000,152.3866,16,0.32,,0,3,5,1.0,1,1451,0.4318,641.8,438,0,0.011569,0.625019,-15.506374,590000,7003.4
591,1000,119.1415,16,0.32,,0,2,6,1.5811,1,3022,0.6777,727.1,964,0,0.011744,0.204653,-14.977625,591000,7015.4
592,1000,438.6353,28,0.56,,0,5,10,1.8708,5,867,0.5417,905.9,799,0,0.011544,0.35653,-14.519437,592000,7027.4
593,1000,253.5575,23,0.46,,0,3,10,2.681,2,1630,0.6048,804.9,843,0,0.011654,0.319831,-15.253544,593000,7038.7
594,1000,91.3774,14,0.28,,0,1,5,1.5,0,2181,0.6055,771.8,372,0,0.011453,0.312365,-15.639788,594000,7051.0
595,1000,250.4318,22,0.44,,0,4,8,1.6583,2,1476,0.5603,726.4,560,0,0.011445,0.629052,-14.531981,595000,7062.1
596,1000,142.9631,18,0.36,,0,3,5,0.866,0,1741,0.4978,924.7,642,0,0.011617,0.426569,-15.473711,596000,7073.5
597,1000,242.93,21,0.42,,0,4,8,1.6394,2,538,0.4012,595.2,640,0,0.011477,0.391602,-14.122006,597000,7085.2
598,1000,121.1746,16,0.32,,0,3,5,0.7071,0,450,0.3605,602.4,704,0,0.011318,0.400528,-14.834002,598000,7096.4
599,1000,256.6776,23,0.46,,0,3,10,2.681,2,1654,0.6617,701.2,978,0,0.01129,0.511748,-14.032902,599000,7107.6
600,1000,217.0345,19,0.38,,0,4,6,0.8292,2,1761,0.5262,720.8,970,0,0.011339,0.778587,-14.66219,600000,7119.6
601,1000,164.7715,18,0.36,,0,4,6,0.866,1,2034,0.4545,583.0,945,0,0.011368,0.452315,-14.197435,601000,7148.5
602,1000,253.5631,23,0.46,,0,3,8,1.9203,2,1800,0.6795,741.4,970,0,0.011044,0.319108,-15.047808,602000,7160.5
603,1000,216.9434,20,0.4,,0,4,6,0.7071,2,2024,0.5235,708.7,384,0,0.010935,0.284436,-14.997035,603000,7172.1
604,1000,264.2511,22,0.44,,0,3,10,2.6926,2,886,0.4677,757.0,999,0,0.010907,0.548378,-14.601472,604000,7183.6
605,1000,110.0284,16,0.32,,0,3,5,0.7071,0,1871,0.5513,861.3,803,0,0.011122,0.352189,-14.812739,605000,7195.1
606,1000,225.4948,20,0.4,,0,4,6,0.7071,2,1501,0.4535,806.5,991,0,0.011087,0.456786,-14.675764,606000,7205.5
607,1000,274.123,21,0.42,,0,5,6,0.433,3,1899,0.5292,708.2,940,0,0.01096,0.503322,-15.437174,607000,7216.5
608,1000,299.6319,26,0.52,,0,5,8,1.5,2,1173,0.4918,839.5,993,0,0.010914,0.51176,-14.612667,608000,7228.6
609,1000,177.8813,19,0.38,,0,4,7,1.299,1,1207,0.3448,644.8,805,0,0.010836,0.331115,-14.543414,609000,7240.2
610,1000,274.1429,20,0.4,,0,5,5,0.0,3,1110,0.665,870.6,960,0,0.010985,0.300375,-14.433988,610000,7252.5
611,1000,177.1443,17,0.34,,0,3,5,0.8292,1,480,0.3643,694.6,206,0,0.010917,0.39925,-14.052351,611000,7263.9
612,1000,177.6246,19,0.38,,0,3,7,1.479,1,1828,0.5,777.4,922,0,0.011132,0.328012,-14.625564,612000,7275.7
613,1000,251.2785,21,0.42,,0,3,8,1.7854,2,938,0.353,681.1,854,0,0.01133,0.582895,-14.176571,613000,7288.2
614,1000,160.9736,17,0.34,,0,4,5,0.433,1,1723,0.512,693.0,391,0,0.011136,0.384076,-13.927445,614000,7299.8
615,1000,174.851,18,0.36,,0,3,5,0.866,1,1618,0.5268,782.2,563,0,0.011195,0.379111,-14.946356,615000,7311.8
616,1000,314.5611,24,0.48,,0,4,8,1.5811,3,1330,0.5557,1020.7,867,0,0.011101,0.277532,-14.45591,616000,7323.7
617,1000,134.9639,16,0.32,,0,3,5,0.7071,1,2126,0.4542,783.5,260,0,0.011077,0.252104,-14.675922,617000,7335.1
618,1000,311.3255,27,0.54,,0,4,10,2.3848,2,1415,0.6088,739.3,993,0,0.011122,0.245065,-13.868355,618000,7346.4
619,1000,161.4334,16,0.32,,0,3,5,0.7071,1,875,0.4218,600.7,539,0,0.011367,0.222179,-14.81509,619000,7358.3
620,1000,174.45,18,0.36,,0,3,6,1.118,1,1506,0.3525,703.6,815,0,0.011409,0.484967,-13.639808,620000,7369.5
621,1000,295.9975,24,0.48,,0,4,10,2.3452,3,1715,0.4985,860.2,843,0,0.011613,0.223608,-13.64183,621000,7381.8
622,1000,125.8497,16,0.32,,0,3,5,1.0,0,914,0.3625,578.1,598,0,0.01139,0.399271,-13.491172,622000,7393.8
623,1000,277.1114,24,0.48,,0,3,8,2.1213,2,1463,0.6593,972.5,979,0,0.01152,0.30208,-13.430822,623000,7406.2
624,1000,353.4607,28,0.56,,0,4,11,2.7386,3,1240,0.5687,906.3,916,0,0.011342,0.349151,-14.146172,624000,7418.0
625,1000,208.9651,19,0.38,,0,4,6,0.8292,2,1847,0.5753,739.6,793,0,0.011284,0.508254,-14.051507,625000,7429.3
626,1000,225.9675,22,0.44,,0,3,10,2.6926,1,1314,0.5533,711.6,774,0,0.010987,0.261166,-13.543041,626000,7440.6
627,1000,128.7851,16,0.32,,0,3,5,0.7071,1,2462,0.4803,635.9,223,0,0.010989,0.226846,-13.895293,627000,7452.7
628,1000,237.8825,21,0.42,,0,3,10,2.8614,2,1455,0.4885,793.1,958,0,0.011212,0.273495,-13.684722,628000,7464.0
629,1000,205.1858,19,0.38,,0,3,6,1.299,2,2180,0.583,868.4,457,0,0.011295,0.319559,-14.007557,629000,7475.9
630,1000,243.4845,21,0.42,,0,4,6,0.8292,2,1407,0.4577,653.1,993,0,0.011282,0.2227,-13.848866,630000,7488.4
631,1000,152.1846,18,0.36,,0,3,7,1.5,1,2393,0.5302,773.6,804,0,0.011293,0.594112,-13.843563,631000,7500.5
632,1000,117.0247,15,0.3,,0,3,4,0.433,0,748,0.449,562.5,313,0,0.011093,0.335108,-13.611385,632000,7511.7
633,1000,191.2019,20,0.4,,0,3,8,1.8708,1,1841,0.51,713.9,973,0,0.011038,0.284664,-14.458025,633000,7523.8
634,1000,206.7956,21,0.42,,0,3,8,1.7854,1,1438,0.3688,620.7,887,0,0.011031,0.277032,-13.420347,634000,7535.3
635,1000,277.849,23,0.46,,0,3,9,2.1651,3,1690,0.6583,827.0,868,0,0.010757,0.359757,-13.688257,635000,7547.4
636,1000,132.4455,16,0.32,,0,2,7,2.1213,1,2546,0.617,645.1,604,0,0.010571,0.436713,-13.85088,636000,7558.9
637,1000,174.5166,19,0.38,,0,4,6,0.8292,1,1790,0.5942,755.6,849,0,0.010648,0.534997,-13.421474,637000,7570.9
638,1000,258.1322,23,0.46,,0,3,10,2.9475,2,1580,0.5547,789.6,893,0,0.010724,0.361958,-13.351254,638000,7582.9
639,1000,134.6102,15,0.3,,0,2,6,1.479,1,1822,0.6362,678.6,595,0,0.010753,0.247275,-13.827024,639000,7594.3
640,1000,164.2936,17,0.34,,0,3,6,1.299,1,1545,0.6338,773.8,963,0,0.010913,0.687041,-13.654667,640000,7605.8
641,1000,280.47,23,0.46,,0,4,9,1.9203,3,2131,0.594,890.6,369,0,0.010654,0.359885,-13.561132,641000,7617.8
642,1000,243.4711,21,0.42,,0,2,10,2.9475,2,1173,0.5915,692.7,937,0,0.010765,0.370925,-13.863702,642000,7629.2
643,1000,281.9142,22,0.44,,0,3,9,2.1794,3,1681,0.6218,1073.5,810,0,0.010776,0.461774,-13.867628,643000,7640.3
644,1000,239.7776,23,0.46,,0,4,9,1.9203,1,1360,0.3837,640.0,999,0,0.010598,0.501688,-13.823209,644000,7652.1
645,1000,331.483,27,0.54,,0,4,9,2.2776,3,1717,0.5735,958.6,976,0,0.010502,0.380534,-13.489799,645000,7664.2
646,1000,277.5119,23,0.46,,0,4,7,1.0897,3,2172,0.5925,961.4,750,0,0.010509,0.540702,-13.921183,646000,7676.4
647,1000,232.2895,21,0.42,,0,2,10,2.9475,2,1636,0.6733,710.1,740,0,0.010491,0.24804,-13.68152,647000,7688.2
648,1000,228.013,21,0.42,,0,4,7,1.0897,2,1990,0.5817,1027.8,716,0,0.010517,0.417386,-13.209408,648000,7699.5
649,1000,222.8564,20,0.4,,0,2,9,2.5495,2,1778,0.6805,861.1,964,0,0.010739,0.248516,-13.032393,649000,7711.5
650,1000,279.6899,24,0.48,,0,4,9,1.8708,2,1202,0.534,705.8,992,0,0.010785,0.413518,-13.593468,650000,7723.1
651,1000,219.0079,20,0.4,,0,4,7,1.2247,2,1958,0.6615,889.0,619,0,0.010586,0.316086,-12.424316,651000,7752.5
652,1000,339.4014,27,0.54,,0,4,9,2.2776,3,1415,0.5128,818.3,990,0,0.010751,0.216389,-13.151752,652000,7765.5
653,1000,242.6976,19,0.38,,0,3,6,1.0897,3,2114,0.612,692.1,890,0,0.01062,0.31816,-14.080347,653000,7778.1
654,1000,242.378,21,0.42,,0,5,6,0.433,2,1685,0.4615,808.2,952,0,0.010395,0.40282,-13.101567,654000,7789.7
655,1000,228.8736,21,0.42,,0,3,8,1.7854,2,1900,0.6538,822.6,950,0,0.010382,0.20809,-13.881682,655000,7800.3
656,1000,120.2651,17,0.34,,0,3,5,0.8292,0,2137,0.3495,595.3,161,0,0.010623,0.278848,-13.568595,656000,7812.0
657,1000,251.7306,22,0.44,,0,3,8,1.8028,2,1361,0.5623,982.9,969,0,0.010862,0.48859,-13.890121,657000,7824.4
658,1000,117.044,18,0.36,,0,4,5,0.5,0,2691,0.7205,891.9,1000,0,0.010645,0.372692,-13.666616,658000,7835.4
659,1000,309.5538,24,0.48,,0,5,7,1.0,3,1704,0.6687,760.2,942,0,0.01061,0.338672,-13.435188,659000,7847.3
660,1000,147.9304,16,0.32,,0,2,5,1.2247,1,2098,0.5723,798.6,798,0,0.01065,0.368976,-13.319651,660000,7858.9
661,1000,163.6154,18,0.36,,0,3,5,0.866,1,2308,0.559,790.8,671,0,0.010509,0.490895,-13.243363,661000,7870.4
662,1000,108.6763,17,0.34,,0,4,5,0.433,0,2527,0.6863,1044.3,670,0,0.010481,0.253743,-13.97646,662000,7882.4
663,1000,234.8105,22,0.44,,0,4,7,1.118,2,2139,0.518,853.6,723,0,0.010553,0.241974,-13.363734,663000,7893.6
664,1000,152.1029,19,0.38,,0,4,5,0.433,0,1316,0.5457,872.4,964,0,0.010552,0.618944,-14.319914,664000,7904.7
665,1000,243.339,22,0.44,,0,3,9,2.1794,2,1821,0.5895,725.3,983,0,0.010412,0.276729,-13.241222,665000,7916.7
666,1000,121.7157,18,0.36,,0,4,5,0.5,0,2120,0.5098,571.2,526,0,0.010285,0.817014,-13.946178,666000,7928.1
667,1000,183.3773,19,0.38,,0,4,6,0.8292,1,1238,0.313,727.9,808,0,0.010212,0.286233,-13.38271,667000,7939.7
668,1000,263.8489,22,0.44,,0,4,7,1.118,3,2311,0.653,986.8,979,0,0.010126,0.500649,-13.059743,668000,7951.9
669,1000,225.5714,18,0.36,,0,3,5,0.866,2,959,0.4915,606.5,161,0,0.010178,0.233356,-13.232277,669000,7963.5
670,1000,263.2827,23,0.46,,0,4,8,1.7854,2,1305,0.4108,784.4,963,0,0.010172,0.282457,-13.93051,670000,7974.6
671,1000,300.1685,26,0.52,,0,4,9,2.0616,2,1041,0.6405,781.9,694,0,0.010359,0.352162,-13.157198,671000,7986.5
672,1000,177.3499,19,0.38,,0,4,6,0.8292,1,2018,0.5683,644.6,812,0,0.010267,0.201819,-13.597686,672000,7998.1
673,1000,228.9142,21,0.42,,0,5,6,0.433,2,2218,0.5747,856.4,966,0,0.009943,0.381009,-13.559201,673000,8010.3
674,1000,104.9624,16,0.32,,0,3,5,0.7071,0,2178,0.6875,927.8,749,0,0.010187,0.346475,-14.039219,674000,8022.0
675,1000,217.0382,22,0.44,,0,4,9,2.0616,1,1389,0.5395,706.2,821,0,0.010184,0.307581,-13.274083,675000,8033.3
676,1000,159.4035,18,0.36,,0,4,5,0.5,0,1099,0.5205,665.4,469,0,0.01012,0.270476,-13.284997,676000,8045.1
677,1000,248.347,21,0.42,,0,4,8,1.6394,2,898,0.4913,659.7,664,0,0.010016,0.284772,-13.590537,677000,8056.6
678,1000,298.1931,23,0.46,,0,4,8,1.479,3,1592,0.559,716.0,856,0,0.010107,0.3992,-12.962561,678000,8068.4
679,1000,253.0614,23,0.46,,0,3,10,2.681,2,2101,0.6515,754.2,812,0,0.010056,0.381318,-13.066511,679000,8080.7
680,1000,167.3654,18,0.36,,0,4,5,0.5,1,1704,0.346,749.8,264,0,0.010027,0.315492,-12.581469,680000,8091.8
681,1000,294.331,23,0.46,,0,3,8,1.9203,3,1213,0.6162,720.7,928,0,0.010294,0.346598,-13.204282,681000,8102.8
682,1000,273.9857,23,0.46,,0,4,9,1.9203,2,991,0.493,771.8,580,0,0.01019,0.256068,-13.057039,682000,8114.9
683,1000,284.755,22,0.44,,0,4,8,1.5,3,1697,0.5005,1002.1,945,0,0.010366,0.214489,-13.604591,683000,8126.4
684,1000,185.1731,20,0.4,,0,4,6,0.7071,1,2184,0.4923,741.3,374,0,0.010123,0.356977,-13.559274,684000,8137.9
685,1000,252.9637,22,0.44,,0,4,9,2.0616,2,1502,0.4815,847.1,761,0,0.010479,0.334864,-12.830846,685000,8149.9
686,1000,76.1981,16,0.32,,0,3,5,1.0,0,3185,0.7298,922.1,985,0,0.010328,0.506564,-13.512762,686000,8161.9
687,1000,318.1522,23,0.46,,0,5,7,0.8292,3,622,0.3172,733.0,953,0,0.010238,0.324955,-13.71656,687000,8174.1
688,1000,273.8818,24,0.48,,0,4,10,2.3452,2,1438,0.5467,802.7,850,0,0.010536,0.255644,-13.544174,688000,8185.2
689,1000,226.8832,22,0.44,,0,3,10,2.6926,2,2186,0.682,911.1,550,0,0.010334,0.217246,-13.246105,689000,8197.2
690,1000,318.7857,26,0.52,,0,4,8,1.6583,3,2033,0.6877,1066.0,857,0,0.010483,0.327892,-13.363124,690000,8209.9
691,1000,187.4138,20,0.4,,0,5,5,0.0,1,2053,0.6002,1073.5,724,0,0.010556,0.232226,-14.083582,691000,8221.3
692,1000,271.48,22,0.44,,0,4,8,1.5,3,1988,0.7,780.4,763,0,0.010625,0.506632,-13.300321,692000,8232.6
693,1000,93.2416,17,0.34,,0,3,5,0.8292,0,3120,0.7292,953.0,987,0,0.010463,0.209821,-13.390729,693000,8245.3
694,1000,194.6305,20,0.4,,0,5,5,0.0,1,2010,0.4017,659.7,487,0,0.010647,0.428653,-12.604216,694000,8256.4
695,1000,169.4475,18,0.36,,0,4,5,0.5,1,1621,0.4635,761.6,590,0,0.01038,0.391464,-12.680023,695000,8267.3
696,1000,68.5046,14,0.28,,0,2,4,0.866,0,2842,0.6813,757.2,450,0,0.010324,0.430161,-13.403821,696000,8279.7
697,1000,269.9676,24,0.48,,0,3,9,2.5495,2,1636,0.6833,1026.3,468,0,0.01039,0.255992,-13.578568,697000,8291.3
698,1000,337.3428,27,0.54,,0,4,10,2.1651,3,1711,0.623,971.0,848,0,0.010553,0.298623,-13.875957,698000,8302.6
699,1000,362.8004,29,0.58,,0,4,10,2.7726,3,1425,0.545,862.5,916,0,0.010488,0.256476,-12.640207,699000,8314.5
700,1000,154.0698,17,0.34,,0,3,6,1.0897,1,1827,0.5797,699.9,996,0,0.010409,0.19679,-13.571911,700000,8325.9
701,1000,253.1802,20,0.4,,0,3,6,1.2247,3,2148,0.6092,916.7,977,0,0.010283,0.450136,-14.108746,701000,8354.5
702,1000,315.4345,25,0.5,,0,3,9,2.1651,3,1307,0.5265,924.6,955,0,0.010491,0.2283,-13.151493,702000,8365.6
703,1000,248.7106,23,0.46,,0,3,9,2.1651,2,2266,0.6593,889.8,999,0,0.010495,0.287476,-12.951579,703000,8378.0
704,1000,239.5341,24,0.48,,0,4,10,2.3452,1,1856,0.5235,878.8,959,0,0.010533,0.43898,-13.56854,704000,8389.0
705,1000,187.723,18,0.36,,0,3,5,0.866,1,1425,0.667,682.3,921,0,0.010501,0.328001,-12.552673,705000,8399.3
706,1000,234.8064,21,0.42,,0,4,7,1.0897,2,1967,0.552,698.5,917,0,0.010621,0.350732,-13.84727,706000,8409.5
707,1000,147.9996,18,0.36,,0,4,5,0.5,0,1192,0.3618,711.9,560,0,0.010472,0.259143,-13.626728,707000,8420.5
708,1000,288.1819,23,0.46,,0,4,7,1.299,3,1836,0.62,869.7,860,0,0.010628,0.328214,-12.942146,708000,8432.0
709,1000,174.1316,18,0.36,,0,3,7,1.5,1,1463,0.5405,699.4,568,0,0.010406,0.471918,-13.257769,709000,8444.4
710,1000,244.8695,21,0.42,,0,3,7,1.479,2,1494,0.5853,743.6,886,0,0.010611,0.180115,-12.914852,710000,8456.6
711,1000,215.7754,19,0.38,,0,4,5,0.433,2,1835,0.6627,964.9,922,0,0.010701,0.160811,-13.678644,711000,8468.0
712,1000,329.6837,26,0.52,,0,4,10,2.2913,3,1709,0.591,780.0,967,0,0.010791,0.316431,-12.872219,712000,8479.8
713,1000,229.3703,20,0.4,,0,4,6,0.7071,2,1363,0.4258,809.1,765,0,0.010594,0.366523,-13.540524,713000,8490.8
714,1000,296.0998,22,0.44,,0,4,7,1.118,3,1086,0.4815,831.5,996,0,0.01074,0.337122,-13.460643,714000,8501.9
715,1000,178.273,17,0.34,,0,3,5,0.8292,1,974,0.4995,703.8,353,0,0.010585,0.361083,-13.13788,715000,8513.7
716,1000,241.2282,22,0.44,,0,4,7,1.118,2,1792,0.4838,778.1,999,0,0.010358,0.273721,-13.884521,716000,8525.1
717,1000,249.2322,22,0.44,,0,3,9,2.1794,2,1745,0.5202,967.9,746,0,0.010487,0.277205,-13.040598,717000,8536.8
718,1000,234.407,21,0.42,,0,4,6,0.8292,2,2006,0.661,906.1,601,0,0.010365,0.443003,-13.399397,718000,8549.2
719,1000,203.5968,20,0.4,,0,2,8,2.1213,1,1449,0.4248,701.5,601,0,0.010441,0.249632,-12.757007,719000,8560.5
720,1000,286.1859,22,0.44,,0,3,7,1.6583,3,1505,0.524,801.6,871,0,0.010478,0.530032,-14.237333,720000,8572.2
721,1000,245.3941,21,0.42,,0,4,8,1.6394,2,1140,0.468,641.4,835,0,0.010581,0.462309,-13.336273,721000,8583.2
722,1000,209.1573,20,0.4,,0,2,7,2.1213,2,2222,0.6667,922.5,997,0,0.010626,0.258388,-13.224478,722000,8594.4
723,1000,252.8868,23,0.46,,0,4,8,1.479,2,1672,0.583,789.6,940,0,0.010823,0.221797,-13.381027,723000,8606.3
724,1000,253.1375,22,0.44,,0,3,10,2.8723,2,1249,0.5407,694.6,994,0,0.010969,0.389034,-12.986522,724000,8617.3
725,1000,222.5431,20,0.4,,0,3,7,1.4142,2,1923,0.6673,838.5,683,0,0.011292,0.396701,-12.633976,725000,8628.6
726,1000,167.1532,18,0.36,,0,2,6,1.5,1,1886,0.5895,853.1,941,0,0.011151,0.280249,-13.710133,726000,8640.5
727,1000,282.8929,22,0.44,,0,5,6,0.5,3,1245,0.4425,727.1,967,0,0.011093,0.351361,-13.796241,727000,8651.8
728,1000,336.656,25,0.5,,0,5,7,0.8292,4,1827,0.6468,860.0,947,0,0.010816,0.302039,-13.438851,728000,8663.4
729,1000,177.2206,18,0.36,,0,4,5,0.5,1,1672,0.4973,732.4,776,0,0.011108,0.170932,-13.076393,729000,8675.1
730,1000,61.9808,14,0.28,,0,2,5,1.118,0,3083,0.7262,960.3,119,0,0.01107,0.484714,-12.847464,730000,8686.7
731,1000,208.7953,18,0.36,,0,1,7,2.1794,2,1739,0.4745,760.6,985,0,0.011095,0.493616,-13.252618,731000,8698.2
732,1000,231.5775,21,0.42,,0,4,8,1.6394,2,1768,0.7057,809.1,676,0,0.011072,0.435597,-14.853941,732000,8710.0
733,1000,287.2696,23,0.46,,0,5,7,0.8292,3,2034,0.6408,673.3,846,0,0.011188,0.400054,-13.680716,733000,8721.5
734,1000,252.8141,23,0.46,,0,4,10,2.4875,2,1900,0.5607,790.4,751,0,0.011022,0.23709,-13.524544,734000,8733.0
735,1000,258.6717,22,0.44,,0,3,9,2.1794,2,1203,0.614,716.7,938,0,0.011178,0.468231,-12.905231,735000,8744.6
736,1000,346.401,25,0.5,,0,5,8,1.0897,4,1579,0.5417,1039.7,912,0,0.011042,0.66469,-12.743569,736000,8756.1
737,1000,183.1384,19,0.38,,0,3,6,1.0897,1,1924,0.583,707.4,433,0,0.011094,0.195668,-14.350534,737000,8767.2
738,1000,39.9649,12,0.24,,0,2,5,1.2247,0,3007,0.7272,1054.2,457,0,0.0111,0.410942,-13.040606,738000,8779.2
739,1000,273.0175,24,0.48,,0,4,8,1.5811,2,1504,0.5,755.8,658,0,0.010984,0.264328,-13.090889,739000,8790.1
740,1000,274.3384,23,0.46,,0,4,10,2.4875,2,659,0.3285,796.3,997,0,0.010918,0.407675,-13.338193,740000,8801.1
741,1000,254.2745,22,0.44,,0,3,8,2.0616,2,1063,0.4552,700.6,982,0,0.011114,0.363929,-14.369546,741000,8813.1
742,1000,314.4827,28,0.56,,0,4,10,3.0,2,1422,0.5962,790.1,771,0,0.011331,0.348498,-13.544653,742000,8824.2
743,1000,204.5469,18,0.36,,0,4,5,0.5,2,1220,0.668,606.0,220,0,0.011025,0.784766,-13.951019,743000,8836.2
744,1000,265.7524,23,0.46,,0,3,10,2.586,2,1171,0.6585,764.1,870,0,0.010993,0.281537,-12.60808,744000,8847.9
745,1000,258.386,24,0.48,,0,4,8,1.5811,2,2086,0.6927,957.8,948,0,0.011153,0.302558,-13.762516,745000,8860.1
746,1000,258.6149,22,0.44,,0,4,9,2.0616,2,874,0.4845,841.5,888,0,0.010882,0.762247,-13.774052,746000,8872.2
747,1000,198.4565,20,0.4,,0,4,7,1.2247,1,869,0.5737,689.6,993,0,0.010851,0.505865,-13.203264,747000,8883.4
748,1000,246.9301,22,0.44,,0,4,7,1.118,2,1747,0.5887,889.5,766,0,0.010878,0.378144,-13.50407,748000,8895.1
749,1000,211.3376,18,0.36,,0,4,5,0.5,2,1104,0.3715,685.4,457,0,0.010882,0.316052,-13.545391,749000,8906.8
750,1000,324.516,26,0.52,,0,4,10,2.2913,3,1517,0.56,942.4,952,0,0.01069,0.396076,-13.491549,750000,8918.4
751,1000,213.0057,19,0.38,,0,4,5,0.433,2,1716,0.4273,587.1,914,0,0.010673,0.22492,-13.724697,751000,8946.3
752,1000,296.0654,24,0.48,,0,4,9,1.8708,3,1640,0.6438,814.4,535,0,0.010509,0.301797,-13.491583,752000,8957.3
753,1000,315.6982,26,0.52,,0,4,10,2.1794,3,1965,0.6552,982.5,973,0,0.010666,0.555272,-13.648441,753000,8969.1
754,1000,279.0962,23,0.46,,0,5,7,0.8292,2,761,0.3935,812.8,836,0,0.011036,0.469535,-13.139962,754000,8980.4
755,1000,246.0438,22,0.44,,0,4,8,1.6583,2,1840,0.6627,865.4,904,0,0.010725,0.17609,-13.034192,755000,8992.0
756,1000,227.5396,20,0.4,,0,2,8,2.1213,2,1673,0.6092,706.3,471,0,0.01048,0.386234,-13.680239,756000,9003.0
757,1000,235.2376,20,0.4,,0,3,8,1.8708,2,1008,0.4225,649.9,854,0,0.01062,0.351826,-13.603374,757000,9013.4
758,1000,248.462,23,0.46,,0,4,9,2.0463,2,1858,0.6485,681.7,694,0,0.01075,0.394584,-13.445524,758000,9025.1
759,1000,116.8773,16,0.32,,0,3,5,0.7071,0,1730,0.4995,610.3,871,0,0.010987,0.352565,-13.52017,759000,9036.2
760,1000,244.5502,23,0.46,,0,3,8,1.9203,2,2210,0.7077,954.2,831,0,0.010948,0.484577,-13.366652,760000,9047.0
761,1000,282.3534,23,0.46,,0,3,10,2.681,2,799,0.542,708.5,659,0,0.010908,0.355087,-13.66235,761000,9058.6
762,1000,242.8055,22,0.44,,0,4,8,1.6583,2,1880,0.6697,946.1,685,0,0.011054,0.33341,-12.671045,762000,9070.8
763,1000,123.4332,15,0.3,,0,3,4,0.433,0,431,0.2933,543.0,224,0,0.010897,0.384837,-12.659777,763000,9082.3
764,1000,231.4408,21,0.42,,0,3,8,1.9203,2,1777,0.652,769.2,838,0,0.011139,0.336625,-13.296808,764000,9094.2
765,1000,203.1538,19,0.38,,0,4,5,0.433,1,720,0.5883,702.7,436,0,0.011048,0.232063,-13.977158,765000,9107.3
766,1000,71.1135,15,0.3,,0,3,4,0.433,0,2981,0.725,733.3,947,0,0.011011,0.212024,-13.564795,766000,9119.8
767,1000,239.0102,21,0.42,,0,5,6,0.433,2,1389,0.4088,618.4,890,0,0.011228,0.336579,-12.862833,767000,9131.4
768,1000,275.3541,25,0.5,,0,3,9,2.3848,2,1645,0.5022,731.2,953,0,0.011009,0.375528,-14.227751,768000,9143.0
769,1000,246.1649,23,0.46,,0,3,10,2.586,2,2277,0.7095,915.3,999,0,0.011194,0.225127,-12.613784,769000,9154.4
770,1000,167.6862,18,0.36,,0,4,5,0.5,1,1685,0.6285,873.2,720,0,0.01103,0.395473,-12.583114,770000,9166.3
771,1000,287.8809,22,0.44,,0,3,9,2.1794,3,1366,0.5345,617.9,799,0,0.01108,0.197649,-13.023907,771000,9177.9
772,1000,171.6823,17,0.34,,0,3,5,0.8292,1,1172,0.4115,584.1,302,0,0.011103,0.379329,-13.122256,772000,9189.6
773,1000,248.769,19,0.38,,0,4,6,0.8292,2,377,0.47,746.3,914,0,0.010943,0.333128,-13.708087,773000,9201.4
774,1000,284.2155,25,0.5,,0,3,10,2.8614,2,1477,0.5962,746.1,798,0,0.010782,0.4826,-13.593214,774000,9212.7
775,1000,249.2568,22,0.44,,0,3,8,2.0616,2,1623,0.6145,1073.5,937,0,0.010894,0.257568,-13.112835,775000,9223.8
776,1000,131.1832,16,0.32,,0,3,5,0.7071,0,1012,0.3892,578.6,142,0,0.010953,0.373907,-13.09207,776000,9235.6
777,1000,121.0503,14,0.28,,0,1,6,1.8028,1,2141,0.6665,985.2,976,0,0.011002,0.31491,-13.284903,777000,9247.0
778,1000,265.2274,24,0.48,,0,4,8,2.0,2,1690,0.5803,803.3,714,0,0.010781,0.419518,-12.680827,778000,9258.8
779,1000,274.0533,25,0.5,,0,3,10,2.586,2,1974,0.6288,795.8,853,0,0.010926,0.399164,-13.472677,779000,9270.9
780,1000,245.7383,23,0.46,,0,3,8,1.9203,2,2242,0.6757,1013.3,390,0,0.010783,0.271974,-12.558994,780000,9283.0
781,1000,187.0005,18,0.36,,0,2,7,1.8028,2,2414,0.7003,644.6,926,0,0.010889,0.339809,-12.777884,781000,9294.8
782,1000,243.0614,21,0.42,,0,4,7,1.0897,2,1362,0.4883,713.2,990,0,0.010952,0.186728,-12.482734,782000,9307.4
783,1000,253.4379,22,0.44,,0,3,10,2.6926,2,1559,0.4502,655.3,406,0,0.010893,0.244166,-13.567614,783000,9318.9
784,1000,293.3254,25,0.5,,0,3,10,2.8614,2,1125,0.5897,832.3,967,0,0.011005,0.275802,-13.075331,784000,9331.5
785,1000,244.8222,24,0.48,,0,4,8,1.5811,2,2440,0.686,865.3,957,0,0.011161,0.610195,-12.777617,785000,9343.3
786,1000,200.7834,20,0.4,,0,3,9,2.3452,1,792,0.4823,695.2,896,0,0.011248,0.53195,-13.323694,786000,9355.0
787,1000,113.8215,15,0.3,,0,2,5,1.0897,1,2744,0.545,738.0,364,0,0.011192,0.228804,-12.87126,787000,9367.5
788,1000,311.5799,27,0.54,,0,3,10,2.8614,2,1737,0.5185,917.4,903,0,0.011057,0.544878,-13.204351,788000,9379.0
789,1000,187.7311,18,0.36,,0,1,8,2.6926,2,2464,0.6548,640.3,886,0,0.011105,0.36624,-12.86199,789000,9390.9
790,1000,270.7193,23,0.46,,0,3,9,2.3848,2,828,0.449,667.1,969,0,0.011075,0.554756,-12.344036,790000,9403.0
791,1000,205.849,20,0.4,,0,3,10,2.9155,1,1253,0.4245,723.9,503,0,0.011088,0.372699,-11.656011,791000,9414.7
792,1000,246.5817,24,0.48,,0,4,8,1.5811,2,2393,0.654,931.9,699,0,0.011164,0.289623,-13.278025,792000,9425.8
793,1000,270.5279,23,0.46,,0,3,11,3.1125,2,1289,0.5205,677.3,828,0,0.011021,0.189103,-13.048081,793000,9438.0
794,1000,205.7918,20,0.4,,0,3,7,1.4142,1,1364,0.5285,781.9,995,0,0.010958,0.403009,-13.029325,794000,9449.5
795,1000,357.5698,28,0.56,,0,5,10,1.8708,3,1569,0.5753,896.6,938,0,0.010836,0.302519,-12.605997,795000,9460.8
796,1000,205.1489,21,0.42,,0,3,9,2.2776,1,1363,0.459,703.7,501,0,0.010849,0.351406,-13.532015,796000,9472.9
797,1000,70.6046,14,0.28,,0,1,5,1.6583,0,2321,0.5393,863.6,481,0,0.01127,0.399022,-13.528566,797000,9484.3
798,1000,202.0444,20,0.4,,0,3,10,2.9155,1,956,0.5212,867.2,828,0,0.011016,0.217695,-12.344595,798000,9495.3
799,1000,165.2885,17,0.34,,0,3,5,0.8292,1,1380,0.3595,644.6,733,0,0.010792,0.287158,-12.765067,799000,9507.2
800,1000,206.0685,20,0.4,,0,4,6,0.7071,1,1188,0.4405,730.0,905,0,0.010821,0.419951,-12.010513,800000,9518.3
801,1000,193.276,19,0.38,,0,3,8,2.0463,1,1264,0.4497,609.6,725,0,0.010753,0.291388,-13.175593,801000,9546.3
802,1000,258.4238,23,0.46,,0,4,10,2.4875,2,1405,0.6068,718.9,796,0,0.010719,0.173296,-12.189418,802000,9557.9
803,1000,222.3705,19,0.38,,0,3,7,1.479,2,1130,0.386,693.0,977,0,0.010673,0.313142,-12.340368,803000,9570.3
804,1000,266.3932,24,0.48,,0,4,10,2.4495,2,1683,0.6562,724.9,838,0,0.010661,0.385224,-12.327908,804000,9581.8
805,1000,268.0375,22,0.44,,0,5,6,0.5,3,2199,0.6185,879.6,598,0,0.010665,0.373659,-12.224335,805000,9592.9
806,1000,241.8425,22,0.44,,0,4,8,1.5,2,1837,0.6058,654.2,902,0,0.010672,0.39893,-12.371838,806000,9604.7
807,1000,165.5396,18,0.36,,0,4,5,0.5,1,1904,0.5617,661.0,641,0,0.010578,0.596947,-12.616011,807000,9616.1
808,1000,323.9051,25,0.5,,0,4,9,1.9203,3,926,0.6667,744.6,479,0,0.010377,0.279468,-13.118958,808000,9627.1
809,1000,201.0354,19,0.38,,0,3,7,1.7854,2,2420,0.687,723.7,313,0,0.010365,0.457869,-11.382684,809000,9637.7
810,1000,265.3937,23,0.46,,0,5,7,0.8292,2,1414,0.4933,706.5,892,0,0.010421,0.292138,-11.920605,810000,9648.6
811,1000,330.1463,27,0.54,,0,5,9,1.7854,3,1987,0.69,1073.5,912,0,0.010425,0.2204,-12.440847,811000,9660.6
812,1000,242.9391,21,0.42,,0,4,6,0.8292,2,1394,0.4635,728.0,999,0,0.010304,0.26008,-12.435798,812000,9672.5
813,1000,224.5126,21,0.42,,0,4,8,1.6394,2,2265,0.636,746.0,827,0,0.010338,0.251293,-11.345665,813000,9684.0
814,1000,205.7568,20,0.4,,0,4,6,0.7071,1,1247,0.4672,648.9,722,0,0.010144,0.207801,-11.913394,814000,9695.9
815,1000,173.7469,18,0.36,,0,2,6,1.5,1,1732,0.4983,712.8,436,0,0.01013,0.234724,-12.877781,815000,9706.8
816,1000,311.1866,25,0.5,,0,5,8,1.0897,3,1827,0.648,869.3,988,0,0.010169,0.360883,-12.348848,816000,9718.2
817,1000,266.1674,22,0.44,,0,4,7,1.118,2,685,0.4855,865.6,742,0,0.010142,0.186647,-11.602072,817000,9729.7
818,1000,232.5835,20,0.4,,0,3,8,1.8708,2,1084,0.3493,622.4,799,0,0.01012,0.44131,-12.710484,818000,9741.0
819,1000,330.0179,26,0.52,,0,3,12,3.5,3,1318,0.6508,938.5,934,0,0.010124,0.385752,-12.04196,819000,9752.3
820,1000,129.3835,16,0.32,,0,2,5,1.2247,1,2675,0.521,706.9,187,0,0.010094,0.32156,-11.564878,820000,9764.5
821,1000,256.6532,23,0.46,,0,5,7,0.8292,2,1863,0.6705,891.1,806,0,0.010073,0.260405,-12.857414,821000,9776.3
822,1000,258.4905,24,0.48,,0,4,10,2.3452,2,2420,0.6482,889.2,818,0,0.010358,0.338654,-11.94778,822000,9788.0
823,1000,338.7683,27,0.54,,0,4,10,2.3848,3,1235,0.6442,867.0,774,0,0.010348,0.711376,-12.179291,823000,9799.9
824,1000,222.5294,19,0.38,,0,4,6,0.8292,2,1268,0.4765,685.6,616,0,0.010283,0.301565,-11.56217,824000,9811.2
825,1000,184.9352,20,0.4,,0,3,7,1.4142,1,2250,0.6985,981.5,694,0,0.01039,0.221427,-12.637312,825000,9822.9
826,1000,278.0137,21,0.42,,0,4,6,0.8292,3,1295,0.502,577.5,987,0,0.01024,0.396945,-12.807089,826000,9834.9
827,1000,234.9212,22,0.44,,0,4,8,1.5,2,2047,0.6412,909.0,964,0,0.010211,0.294193,-12.486631,827000,9846.3
828,1000,203.8898,21,0.42,,0,4,9,2.1651,1,1367,0.507,650.1,703,0,0.010169,0.255762,-11.972797,828000,9857.6
829,1000,150.513,17,0.34,,0,3,5,0.8292,1,1997,0.5617,831.2,736,0,0.010211,0.19275,-11.776711,829000,9869.7
830,1000,271.8073,21,0.42,,0,5,6,0.433,3,1988,0.471,703.7,970,0,0.010241,0.67017,-11.413464,830000,9880.9
831,1000,339.0666,24,0.48,,0,5,7,1.0,4,1558,0.618,871.8,525,0,0.010315,0.308547,-12.012123,831000,9891.9
832,1000,197.6903,21,0.42,,0,4,7,1.0897,1,2158,0.593,875.1,982,0,0.010098,0.21776,-11.626484,832000,9903.6
833,1000,387.6757,28,0.56,,0,5,10,2.1213,4,1479,0.6325,891.3,687,0,0.010192,0.24804,-11.979933,833000,9914.8
834,1000,223.4668,22,0.44,,0,3,9,2.1794,1,1069,0.5212,796.8,834,0,0.010426,0.258721,-11.930313,834000,9926.5
835,1000,221.6862,20,0.4,,0,2,8,2.2361,2,1606,0.6185,814.7,713,0,0.01031,0.371876,-11.635284,835000,9938.3
836,1000,217.6799,20,0.4,,0,2,8,2.1213,2,2173,0.6548,900.1,878,0,0.010398,0.25385,-11.13859,836000,9950.0
837,1000,365.9587,26,0.52,,0,4,11,2.6926,4,1358,0.5575,797.7,938,0,0.01026,0.242216,-11.653168,837000,9962.5
838,1000,308.131,24,0.48,,0,4,10,2.3452,3,1446,0.5555,685.7,813,0,0.010182,0.237135,-11.609763,838000,9974.0
839,1000,285.4267,21,0.42,,0,5,6,0.433,3,946,0.4735,688.5,947,0,0.010329,0.367298,-12.398139,839000,9985.2
840,1000,250.7694,22,0.44,,0,5,6,0.5,2,1774,0.5132,818.1,989,0,0.010214,0.369816,-10.960412,840000,9997.6
841,1000,165.0671,20,0.4,,0,5,5,0.0,0,1335,0.401,809.4,490,0,0.00999,0.557863,-11.987158,841000,10009.1
842,1000,329.0287,26,0.52,,0,5,8,1.5,3,1707,0.5913,952.7,917,0,0.010273,0.155201,-12.043472,842000,10020.7
843,1000,294.5562,23,0.46,,0,4,9,1.9203,3,1495,0.6525,819.8,420,0,0.010261,0.320307,-11.671721,843000,10032.7
844,1000,258.3374,22,0.44,,0,5,6,0.5,2,1615,0.5597,811.4,832,0,0.01036,0.67025,-12.080563,844000,10044.3
845,1000,263.9927,23,0.46,,0,5,8,1.299,2,1794,0.5745,687.3,920,0,0.010358,0.189074,-12.075658,845000,10055.3
846,1000,297.242,26,0.52,,0,4,9,2.0616,2,1313,0.5942,722.0,863,0,0.010134,0.226243,-11.781286,846000,10066.9
847,1000,225.29,22,0.44,,0,4,8,1.5,1,1269,0.575,824.3,781,0,0.010194,0.397848,-11.594299,847000,10077.8
848,1000,251.857,22,0.44,,0,4,8,1.5,2,1723,0.6142,837.4,937,0,0.010268,0.658867,-11.804792,848000,10089.1
849,1000,322.6283,25,0.5,,0,4,10,2.2776,3,1621,0.6472,823.8,704,0,0.010404,0.255974,-10.746402,849000,10101.0
850,1000,281.3147,21,0.42,,0,4,6,0.8292,3,1243,0.5102,714.5,785,0,0.01013,0.431953,-11.849751,850000,10112.1
851,1000,291.4733,23,0.46,,0,5,7,0.8292,3,2095,0.6727,878.5,925,0,0.010175,0.275622,-11.353042,851000,10139.9
852,1000,232.4106,21,0.42,,0,5,6,0.433,2,2380,0.6813,832.9,976,0,0.010282,0.236819,-11.127531,852000,10151.3
853,1000,309.4507,25,0.5,,0,4,8,1.479,3,1904,0.675,816.6,828,0,0.010309,0.278332,-11.150849,853000,10163.5
854,1000,244.0485,21,0.42,,0,4,7,1.0897,2,1423,0.4735,706.4,444,0,0.010145,0.367409,-11.273973,854000,10174.9
855,1000,322.4555,23,0.46,,0,3,10,2.586,4,1443,0.6683,847.9,844,0,0.010081,0.229445,-12.059412,855000,10186.5
856,1000,247.1846,21,0.42,,0,4,7,1.0897,2,1494,0.615,722.6,828,0,0.010069,0.456831,-11.638033,856000,10197.3
857,1000,195.4325,20,0.4,,0,4,6,0.7071,1,1896,0.5205,713.4,608,0,0.010187,0.458625,-10.462116,857000,10208.8
858,1000,250.2807,22,0.44,,0,4,8,1.6583,2,1398,0.5675,812.0,597,0,0.009912,0.210523,-11.52307,858000,10220.2
859,1000,251.4039,21,0.42,,0,3,9,2.2776,2,1295,0.501,633.1,867,0,0.010012,0.216923,-11.624292,859000,10232.2
860,1000,366.8312,30,0.6,,0,5,9,1.6583,3,1722,0.6472,1073.5,684,0,0.00999,0.204023,-10.755363,860000,10243.5
861,1000,48.7434,14,0.28,,0,2,5,1.5,0,3379,0.7288,807.4,105,0,0.009973,0.528543,-11.743362,861000,10254.3
862,1000,360.3629,28,0.56,,0,5,8,1.2247,3,1309,0.6282,928.2,930,0,0.010071,0.305342,-11.04693,862000,10266.0
863,1000,254.3631,24,0.48,,0,3,10,2.5495,2,2074,0.6705,898.7,859,0,0.010204,0.431999,-11.492321,863000,10277.3
864,1000,344.6477,27,0.54,,0,4,9,1.9203,3,1362,0.594,841.9,915,0,0.010047,0.514856,-11.054224,864000,10288.5
865,1000,180.6683,19,0.38,,0,4,5,0.433,1,1931,0.4818,768.3,241,0,0.010168,0.227433,-11.170362,865000,10300.5
866,1000,271.3681,23,0.46,,0,4,9,1.9203,2,788,0.4848,724.7,872,0,0.010121,0.306172,-11.373352,866000,10311.7
867,1000,335.6595,25,0.5,,0,5,9,1.6394,4,2010,0.656,992.8,879,0,0.009897,0.347416,-10.556814,867000,10323.6
868,1000,222.8967,20,0.4,,0,4,7,1.2247,2,1624,0.5923,954.7,882,0,0.00989,0.513493,-11.040498,868000,10334.9
869,1000,264.0658,22,0.44,,0,5,7,0.866,2,1314,0.5152,724.3,620,0,0.009959,0.476735,-10.729647,869000,10346.1
870,1000,177.8572,17,0.34,,0,1,7,2.3848,2,2327,0.63,597.8,618,0,0.0101,0.342467,-11.675398,870000,10358.2
871,1000,183.511,20,0.4,,0,4,6,0.7071,1,1958,0.403,635.5,456,0,0.009758,0.504182,-10.64566,871000,10369.5
872,1000,150.8443,18,0.36,,0,4,5,0.5,0,1441,0.4243,697.5,468,0,0.009806,0.286338,-12.033872,872000,10381.4
873,1000,304.5773,24,0.48,,0,4,9,1.8708,3,1527,0.6118,797.3,786,0,0.009767,0.21582,-11.873238,873000,10393.7
874,1000,244.5766,22,0.44,,0,4,9,2.0616,2,1212,0.535,729.6,744,0,0.00945,0.298329,-11.87275,874000,10405.1
875,1000,267.1216,20,0.4,,0,3,7,1.4142,3,1269,0.459,832.6,881,0,0.009672,0.214865,-11.373056,875000,10416.3
876,1000,206.2339,20,0.4,,0,3,7,1.4142,2,2275,0.669,817.2,676,0,0.009631,0.370572,-11.042583,876000,10428.4
877,1000,166.8785,18,0.36,,0,4,5,0.5,0,335,0.3842,774.0,371,0,0.009954,0.283094,-11.409457,877000,10440.0
878,1000,251.1756,23,0.46,,0,4,8,1.479,2,1869,0.567,901.1,449,0,0.009988,0.748998,-11.325026,878000,10452.0
879,1000,201.0283,19,0.38,,0,3,6,1.0897,2,1943,0.4788,776.5,583,0,0.00985,0.196868,-11.142551,879000,10464.1
880,1000,212.6658,21,0.42,,0,3,10,2.7726,1,1442,0.5875,772.0,846,0,0.009704,0.32853,-11.142074,880000,10475.9
881,1000,249.6348,23,0.46,,0,5,8,1.299,2,2327,0.6855,867.8,992,0,0.0097,0.39623,-11.72838,881000,10487.8
882,1000,369.8464,26,0.52,,0,5,7,0.866,4,933,0.5195,902.8,978,0,0.009635,0.332504,-11.635179,882000,10499.7
883,1000,251.8722,21,0.42,,0,2,9,2.4875,2,1176,0.2973,575.8,727,0,0.009719,0.52999,-11.846073,883000,10511.3
884,1000,185.4504,18,0.36,,0,4,5,0.5,1,905,0.412,638.1,365,0,0.009896,0.309513,-11.177461,884000,10523.3
885,1000,198.4271,21,0.42,,0,5,6,0.433,1,2297,0.51,685.7,626,0,0.009714,0.593165,-11.282741,885000,10535.4
886,1000,280.6609,23,0.46,,0,4,9,1.9203,3,1962,0.6577,851.2,971,0,0.009699,0.437117,-11.398376,886000,10547.5
887,1000,268.6654,25,0.5,,0,4,10,2.4875,2,2162,0.68,999.1,927,0,0.009805,0.222033,-11.733139,887000,10559.8
888,1000,173.7095,19,0.38,,0,4,7,1.299,1,1732,0.5152,824.9,970,0,0.009761,0.352078,-11.376022,888000,10572.4
889,1000,291.8289,25,0.5,,0,5,8,1.299,2,1487,0.6755,978.7,1000,0,0.009974,0.410289,-12.186353,889000,10583.6
890,1000,245.4178,22,0.44,,0,2,10,2.8723,2,1867,0.6258,897.9,842,0,0.009868,0.454186,-11.322864,890000,10595.5
891,1000,146.4546,17,0.34,,0,2,5,1.299,1,2642,0.6135,697.7,857,0,0.009835,0.180008,-11.173985,891000,10606.8
892,1000,303.601,25,0.5,,0,5,8,1.299,3,2221,0.6715,1073.5,935,0,0.009807,0.222823,-11.056532,892000,10618.2
893,1000,436.0943,29,0.58,,0,6,10,1.6394,5,1507,0.6152,888.9,997,0,0.009706,0.41411,-10.67627,893000,10630.3
894,1000,240.9532,21,0.42,,0,5,6,0.433,2,1651,0.599,1073.5,856,0,0.009826,0.374083,-11.961556,894000,10641.7
895,1000,264.1722,23,0.46,,0,3,10,2.586,2,1484,0.5413,736.5,684,0,0.010068,0.321065,-11.657396,895000,10653.0
896,1000,262.9834,23,0.46,,0,4,8,1.479,2,1029,0.4118,743.0,896,0,0.010108,0.478696,-11.466208,896000,10664.8
897,1000,235.2443,22,0.44,,0,3,10,2.6926,2,2374,0.6785,860.5,931,0,0.009912,0.642235,-11.760074,897000,10676.4
898,1000,206.0087,18,0.36,,0,3,6,1.118,2,1393,0.5665,643.4,821,0,0.009824,0.317148,-11.673113,898000,10688.1
899,1000,160.6559,18,0.36,,0,2,7,1.8028,1,2203,0.6305,704.6,531,0,0.009708,0.7259,-11.247389,899000,10699.5
900,1000,174.3862,18,0.36,,0,1,7,2.1794,1,1752,0.499,564.4,953,0,0.00988,0.318194,-11.151817,900000,10711.2
901,1000,315.3662,25,0.5,,0,3,9,2.3848,3,1394,0.636,1033.3,696,0,0.010184,0.204589,-10.981146,901000,10739.9
902,1000,278.8283,25,0.5,,0,2,10,3.0311,2,1816,0.6615,793.7,993,0,0.01001,0.433608,-11.207053,902000,10751.4
903,1000,177.5362,19,0.38,,0,4,5,0.433,1,1920,0.6155,885.8,439,0,0.009991,0.416247,-11.498313,903000,10763.2
904,1000,233.6438,21,0.42,,0,2,10,2.9475,2,1507,0.6683,782.0,830,0,0.009877,0.388042,-11.502246,904000,10774.4
905,1000,335.5184,24,0.48,,0,2,10,2.9155,4,2066,0.56,919.4,870,0,0.010279,0.239501,-11.332794,905000,10786.1
906,1000,310.8469,25,0.5,,0,4,8,1.7854,3,1809,0.6627,848.1,977,0,0.010504,0.346392,-11.452188,906000,10796.2
907,1000,274.5459,23,0.46,,0,3,10,2.681,2,1187,0.4607,707.0,961,0,0.010474,0.221556,-12.39018,907000,10807.0
908,1000,274.9471,22,0.44,,0,3,7,1.5,3,1991,0.6028,784.9,864,0,0.010432,0.278336,-11.622265,908000,10818.3
909,1000,286.7793,26,0.52,,0,5,10,2.0616,2,2011,0.6352,1021.8,859,0,0.010519,0.188295,-11.361305,909000,10830.1
910,1000,218.9475,19,0.38,,0,2,7,1.7854,2,1881,0.5268,644.7,957,0,0.010843,0.462161,-12.078983,910000,10841.9
911,1000,353.7763,25,0.5,,0,2,10,2.8614,4,1407,0.5657,895.8,889,0,0.010967,0.191863,-10.716169,911000,10853.4
912,1000,248.5465,22,0.44,,0,3,10,2.6926,2,1643,0.5553,737.1,727,0,0.010548,0.335731,-11.168863,912000,10864.8
913,1000,319.5769,26,0.52,,0,2,10,3.2016,3,1838,0.6048,955.3,707,0,0.010628,0.268561,-11.324951,913000,10876.4
914,1000,243.9499,22,0.44,,0,4,9,2.0616,2,1638,0.4808,831.4,977,0,0.010607,0.327828,-11.295423,914000,10888.7
915,1000,324.0252,26,0.52,,0,2,10,2.958,3,1682,0.6468,867.4,923,0,0.010832,0.238104,-11.193403,915000,10900.0
916,1000,338.2543,27,0.54,,0,5,9,1.479,3,1585,0.4512,838.2,912,0,0.010542,0.383315,-11.406187,916000,10911.6
917,1000,234.5269,21,0.42,,0,4,6,0.8292,2,1937,0.586,752.2,971,0,0.010832,0.452322,-11.911646,917000,10923.8
918,1000,294.3156,23,0.46,,0,5,7,0.8292,3,2069,0.5777,932.8,685,0,0.010672,0.234212,-10.743189,918000,10935.2
919,1000,337.1503,24,0.48,,0,3,10,2.5495,4,1688,0.508,747.0,651,0,0.010746,0.515872,-11.789236,919000,10946.8
920,1000,361.659,29,0.58,,0,5,10,1.9203,3,1605,0.655,881.7,980,0,0.010896,0.31384,-12.638987,920000,10958.8
921,1000,389.1469,28,0.56,,0,5,10,1.8708,4,1746,0.59,857.4,775,0,0.010725,0.51015,-11.928413,921000,10970.1
922,1000,171.9479,19,0.38,,0,4,5,0.433,1,2597,0.7025,782.9,988,0,0.010579,0.279565,-11.202942,922000,10981.5
923,1000,149.028,18,0.36,,0,4,5,0.5,1,2464,0.6865,901.6,841,0,0.010425,0.291932,-11.66633,923000,10993.6
924,1000,268.7835,22,0.44,,0,4,7,1.5,2,676,0.617,715.6,966,0,0.010752,0.283496,-11.017792,924000,11004.6
925,1000,288.7714,25,0.5,,0,4,10,2.2776,2,1449,0.572,832.5,911,0,0.010762,0.379632,-11.80654,925000,11016.1
926,1000,244.8943,22,0.44,,0,4,9,2.0616,2,1424,0.5813,861.9,538,0,0.010499,0.377667,-11.925343,926000,11027.9
927,1000,98.773,17,0.34,,0,3,5,0.8292,0,2710,0.5927,882.5,545,0,0.010657,0.34424,-12.569254,927000,11039.9
928,1000,113.5722,17,0.34,,0,2,5,1.299,0,2665,0.515,646.5,180,0,0.010788,0.262189,-12.130466,928000,11052.2
929,1000,203.5652,21,0.42,,0,4,8,1.6394,1,1684,0.4587,806.1,525,0,0.010701,0.383422,-12.435488,929000,11064.1
930,1000,148.9067,17,0.34,,0,2,5,1.299,1,2278,0.6763,805.6,510,0,0.010641,0.287122,-11.78549,930000,11075.6
931,1000,273.3783,22,0.44,,0,5,6,0.5,3,2162,0.604,814.1,975,0,0.010555,0.245614,-12.483783,931000,11088.0
932,1000,243.351,23,0.46,,0,3,10,2.586,1,1494,0.6745,832.0,937,0,0.010503,0.177892,-12.279697,932000,11099.3
933,1000,257.7448,24,0.48,,0,4,9,1.8708,2,2063,0.646,872.0,857,0,0.0104,0.265927,-12.070156,933000,11110.5
934,1000,391.0221,28,0.56,,0,4,10,3.0,4,1417,0.5773,809.0,782,0,0.010363,0.73335,-11.980253,934000,11122.3
935,1000,260.0593,24,0.48,,0,5,9,1.7321,2,2174,0.6837,1025.7,631,0,0.0104,0.263426,-12.505527,935000,11133.8
936,1000,281.4806,24,0.48,,0,5,8,1.2247,2,1605,0.593,804.9,862,0,0.01035,0.21853,-10.809328,936000,11144.9
937,1000,259.8806,19,0.38,,0,4,5,0.433,3,1493,0.4908,685.0,743,0,0.010591,0.254114,-11.539122,937000,11156.8
938,1000,329.5258,25,0.5,,0,5,9,1.6394,3,1529,0.5915,931.7,910,0,0.010486,0.212441,-12.16154,938000,11168.5
939,1000,82.2016,16,0.32,,0,3,5,1.0,0,3059,0.7245,866.5,954,0,0.010497,0.311232,-12.879173,939000,11180.0
940,1000,342.938,27,0.54,,0,4,10,2.3848,3,1378,0.6128,707.8,842,0,0.010598,0.281317,-12.022078,940000,11192.4
941,1000,307.4355,25,0.5,,0,5,9,1.6394,3,2007,0.6705,978.1,563,0,0.010626,0.218561,-11.939972,941000,11204.2
942,1000,176.5744,19,0.38,,0,4,6,0.8292,1,2078,0.5635,783.6,847,0,0.010496,0.429501,-11.783863,942000,11216.3
943,1000,99.5765,19,0.38,,0,4,5,0.433,0,2772,0.6555,632.5,755,0,0.010455,0.299746,-12.031319,943000,11227.8
944,1000,240.2765,19,0.38,,0,4,5,0.433,3,2220,0.6338,732.0,805,0,0.010796,0.254901,-12.275358,944000,11239.3
945,1000,293.1244,24,0.48,,0,4,8,1.5811,2,642,0.5445,776.0,991,0,0.010762,0.273345,-12.019618,945000,11251.3
946,1000,285.7699,22,0.44,,0,3,8,1.8028,3,1414,0.4353,752.8,945,0,0.010845,0.326211,-11.682021,946000,11262.6
947,1000,164.9427,18,0.36,,0,3,5,0.866,1,2358,0.3955,578.9,330,0,0.010683,0.275734,-11.378929,947000,11274.4
948,1000,379.5974,27,0.54,,0,5,10,1.9203,4,1224,0.4738,864.6,947,0,0.010546,0.211007,-12.700907,948000,11286.9
949,1000,301.0423,27,0.54,,0,4,10,2.3848,2,1631,0.5835,840.8,805,0,0.010771,0.591298,-12.342998,949000,11298.5
950,1000,221.8811,18,0.36,,0,2,6,1.5,2,1211,0.4168,669.5,773,0,0.010627,0.309836,-12.69376,950000,11310.1
951,1000,274.7842,24,0.48,,0,4,9,1.8708,2,1674,0.6015,774.8,922,0,0.010933,0.215615,-12.55712,951000,11338.5
952,1000,228.9714,20,0.4,,0,4,6,0.7071,2,2069,0.6322,725.5,703,0,0.010725,0.620666,-11.797352,952000,11350.3
953,1000,280.8741,25,0.5,,0,2,10,3.0311,2,1787,0.6975,1008.3,627,0,0.010598,0.193059,-11.863451,953000,11362.1
954,1000,198.0512,19,0.38,,0,4,5,0.433,1,1141,0.4065,663.3,756,0,0.011162,0.265177,-11.790417,954000,11373.5
955,1000,367.013,30,0.6,,0,4,9,2.0616,3,1693,0.6807,898.8,964,0,0.010835,0.38648,-11.773831,955000,11385.6
956,1000,46.4219,12,0.24,,0,2,5,1.2247,0,3052,0.5585,830.0,951,0,0.010813,0.587961,-11.616316,956000,11396.6
957,1000,144.2235,18,0.36,,0,3,5,0.866,1,2876,0.5042,638.6,356,0,0.010819,0.417778,-11.499896,957000,11408.4
958,1000,355.4996,26,0.52,,0,5,10,2.0616,4,1893,0.654,970.1,680,0,0.011252,0.536387,-11.335398,958000,11420.7
959,1000,202.5376,22,0.44,,0,5,7,0.866,1,2528,0.6777,792.1,871,0,0.010895,0.430389,-12.25377,959000,11432.0
960,1000,347.5907,27,0.54,,0,5,10,2.0463,3,1610,0.6775,921.0,941,0,0.010871,0.349149,-12.233517,960000,11442.8
961,1000,227.4269,21,0.42,,0,3,8,1.7854,2,2393,0.6492,884.0,734,0,0.011045,0.456262,-11.859816,961000,11454.4
962,1000,293.0944,25,0.5,,0,5,8,1.299,2,1799,0.6567,921.3,976,0,0.010955,0.566619,-11.335751,962000,11466.0
963,1000,260.3123,21,0.42,,0,3,8,1.7854,3,2203,0.6935,874.0,986,0,0.010996,0.315422,-12.394504,963000,11477.4
964,1000,236.7311,21,0.42,,0,5,6,0.433,2,2103,0.567,818.3,889,0,0.01109,0.226035,-12.63925,964000,11489.3
965,1000,332.746,26,0.52,,0,4,9,1.8028,3,1454,0.6402,754.0,974,0,0.010953,0.360716,-12.047926,965000,11500.5
966,1000,439.8566,29,0.58,,0,4,10,2.7726,5,1099,0.5525,824.6,839,0,0.011145,0.373978,-11.916762,966000,11512.4
967,1000,249.8518,20,0.4,,0,3,7,1.4142,3,2241,0.6863,975.8,378,0,0.010832,0.262473,-12.166323,967000,11524.6
968,1000,273.5635,24,0.48,,0,5,8,1.2247,2,1698,0.667,953.2,847,0,0.011127,0.201024,-12.370966,968000,11535.9
969,1000,264.6185,24,0.48,,0,4,9,1.8708,2,1706,0.45,740.3,950,0,0.011456,0.219184,-11.802334,969000,11547.9
970,1000,182.643,21,0.42,,0,4,9,2.1651,1,2030,0.547,782.1,850,0,0.011316,0.210409,-11.665716,970000,11559.5
971,1000,245.7969,20,0.4,,0,5,5,0.0,3,2364,0.6548,887.3,968,0,0.011131,0.34621,-12.497837,971000,11571.0
972,1000,246.4221,21,0.42,,0,5,6,0.433,2,1330,0.4485,823.5,941,0,0.011228,0.332645,-11.884605,972000,11582.8
973,1000,192.1017,20,0.4,,0,5,5,0.0,1,2141,0.6095,981.6,928,0,0.011129,0.250866,-12.133764,973000,11594.4
974,1000,227.0793,20,0.4,,0,4,6,0.7071,2,1567,0.6883,805.3,923,0,0.011404,0.550043,-12.248295,974000,11606.1
975,1000,351.8034,26,0.52,,0,5,8,1.118,4,2018,0.684,942.9,685,0,0.011259,0.274965,-11.750107,975000,11618.2
976,1000,315.878,25,0.5,,0,5,9,1.6394,3,1699,0.6308,901.0,1000,0,0.011341,0.544572,-12.043818,976000,11629.8
977,1000,273.4957,22,0.44,,0,4,7,1.118,3,2215,0.596,807.4,993,0,0.011137,0.230038,-12.137672,977000,11641.4
978,1000,340.1468,26,0.52,,0,3,10,2.5,3,1198,0.4685,728.3,999,0,0.011251,0.365454,-12.435415,978000,11653.9
979,1000,324.8458,26,0.52,,0,4,9,2.0616,3,1566,0.6138,830.1,926,0,0.011254,0.40858,-11.59737,979000,11665.3
980,1000,157.6486,18,0.36,,0,4,5,0.5,1,2187,0.5795,711.9,948,0,0.011176,0.243676,-12.045197,980000,11677.0
981,1000,211.674,19,0.38,,0,3,6,1.0897,2,1865,0.5385,825.5,991,0,0.011566,0.493236,-11.405602,981000,11689.3
982,1000,324.5258,24,0.48,,0,4,8,1.5811,3,837,0.5255,738.7,982,0,0.011434,0.318142,-12.127217,982000,11700.5
983,1000,229.0,22,0.44,,0,3,8,1.8028,2,2479,0.6737,878.6,574,0,0.011303,0.352886,-13.0854,983000,11712.7
984,1000,259.1778,24,0.48,,0,5,8,1.2247,2,2230,0.7167,883.6,916,0,0.01101,0.363077,-11.643637,984000,11724.4
985,1000,272.343,24,0.48,,0,4,8,2.0,2,1379,0.4265,836.6,925,0,0.011029,0.307649,-11.764849,985000,11735.8
986,1000,244.2304,21,0.42,,0,3,8,1.7854,2,1729,0.5005,755.4,963,0,0.011012,0.21103,-12.453131,986000,11747.9
987,1000,224.6391,21,0.42,,0,4,7,1.299,2,2295,0.6717,778.6,572,0,0.010939,0.263071,-11.625864,987000,11759.9
988,1000,232.9508,21,0.42,,0,5,6,0.433,2,2224,0.5275,814.5,975,0,0.010905,0.489239,-11.910803,988000,11771.3
989,1000,276.1071,23,0.46,,0,4,8,1.479,3,2448,0.641,912.8,705,0,0.010787,0.365292,-11.65196,989000,11783.3
990,1000,268.3324,22,0.44,,0,3,10,2.6926,2,841,0.5035,728.8,883,0,0.011108,0.35738,-11.891918,990000,11794.3
991,1000,338.9894,27,0.54,,0,5,9,1.7854,3,1598,0.5895,791.0,945,0,0.01094,0.52292,-12.096476,991000,11805.9
992,1000,180.174,18,0.36,,0,2,7,1.8028,1,1153,0.503,651.0,809,0,0.011522,1.093977,-12.136113,992000,11818.1
993,1000,411.9279,27,0.54,,0,5,10,2.0463,5,1627,0.5645,739.4,640,0,0.01118,0.301961,-11.024955,993000,11829.5
994,1000,279.4251,24,0.48,,0,5,9,1.7321,2,1894,0.4835,798.0,982,0,0.011266,0.533472,-12.665737,994000,11840.7
995,1000,384.158,27,0.54,,0,5,10,1.9203,4,1450,0.6645,717.5,736,0,0.011456,0.476344,-12.187524,995000,11852.9
996,1000,181.3825,18,0.36,,0,4,5,0.5,1,836,0.6288,660.6,291,0,0.011338,0.328085,-10.563433,996000,11863.8
997,1000,311.8001,25,0.5,,0,4,9,1.9203,3,1681,0.5435,805.5,791,0,0.011386,0.329241,-11.972182,997000,11876.2
998,1000,160.764,19,0.38,,0,4,5,0.433,1,2737,0.6667,883.8,839,0,0.011344,0.307839,-11.406735,998000,11888.9
999,1000,424.2016,30,0.6,,0,5,10,2.5,4,1189,0.5885,979.1,876,0,0.011322,0.305267,-12.074932,999000,11900.1
1000,1000,214.1125,20,0.4,,0,5,5,0.0,2,2243,0.619,857.5,445,0,0.011567,0.315394,-11.078403,1000000,11912.5
